array('d', [-47.4265625, 22.40625, 53.868359375000004, -0.18671875000000002])
array('d', [-43.785546875, 25.720507812500003, 52.8880859375, -1.400390625])
array('d', [-43.785546875, 25.720507812500003, 53.168164062500004, -1.7271484375000001])
array('d', [-41.544921875, 28.8947265625, 53.168164062500004, -2.80078125])
array('d', [-35.28984375, 33.702734375, 50.600781250000004, -2.80078125])
array('d', [-32.2556640625, 37.9505859375, 48.2201171875, -4.29453125])
array('d', [-29.734960937500002, 40.8447265625, 47.800000000000004, -4.014453125])
array('d', [-29.734960937500002, 40.8447265625, 44.719140625, -5.9750000000000005])
array('d', [-29.734960937500002, 40.8447265625, 44.719140625, -5.9750000000000005])
array('d', [-29.734960937500002, 40.8447265625, 44.719140625, -5.9750000000000005])
array('d', [-21.005859375, 50.320703125, 43.272070312500006, -4.5746093750000005])
array('d', [-16.0111328125, 54.055078125, 39.4443359375, -6.628515625])
array('d', [-16.0111328125, 59.096484375, 36.690234375, -9.6626953125])
array('d', [-16.0111328125, 59.096484375, 36.690234375, -9.6626953125])
array('d', [-8.215625000000001, 60.1234375, 32.30234375, -7.655468750000001])
array('d', [-8.215625000000001, 60.1234375, 30.7619140625, -11.5298828125])
array('d', [-4.7146484375, 64.6513671875, 30.7619140625, -11.5298828125])
array('d', [-0.6068359375, 66.751953125, 28.287890625000003, -13.8638671875])
array('d', [-0.7001953125, 69.0392578125, 23.666601562500002, -15.6376953125])
array('d', [1.8671875, 70.5796875, 20.865820312500002, -19.325390625])
array('d', [1.8671875, 70.5796875, 20.865820312500002, -25.20703125])
array('d', [4.201171875, 72.4001953125, 16.8046875, -25.20703125])
array('d', [6.955273437500001, 72.353515625, 13.210351562500001, -26.8408203125])
array('d', [8.869140625, 73.42714843750001, 9.429296875, -30.388476562500003])
array('d', [8.869140625, 73.42714843750001, 4.1544921875, -35.28984375])
array('d', [9.4759765625, 76.22792968750001, 4.1544921875, -35.28984375])
array('d', [12.3701171875, 76.7880859375, -0.2333984375, -37.5771484375])
array('d', [12.3701171875, 76.7880859375, -0.2333984375, -37.5771484375])
array('d', [12.3701171875, 76.7880859375, -0.2333984375, -37.5771484375])
array('d', [12.3701171875, 76.7880859375, -2.0539062500000003, -43.5521484375])
array('d', [15.8244140625, 77.8150390625, -9.4759765625, -45.74609375])
array('d', [14.8908203125, 77.5349609375, -9.4759765625, -45.74609375])
array('d', [15.544335937500001, 80.84921875, -11.5298828125, -49.1537109375])
array('d', [18.8119140625, 78.79531250000001, -15.591015625, -51.1609375])
array('d', [18.8119140625, 78.79531250000001, -17.4115234375, -53.96171875])
array('d', [19.2787109375, 80.47578125, -17.4115234375, -53.96171875])
array('d', [21.1458984375, 83.3232421875, -21.332617187500002, -56.1556640625])
array('d', [23.9466796875, 86.96425781250001, -25.860546875, -56.295703125])
array('d', [23.9466796875, 86.96425781250001, -27.914453125, -57.742773437500006])
array('d', [26.467382812500002, 84.2568359375, -27.914453125, -57.742773437500006])
array('d', [27.727734375, 82.903125, -32.115625, -58.349609375])
array('d', [29.3615234375, 88.64472656250001, -33.516015625, -58.3962890625])
array('d', [29.3615234375, 89.9517578125, -38.090625, -59.18984375])
array('d', [32.9091796875, 89.9517578125, -38.090625, -59.18984375])
array('d', [32.9091796875, 89.9517578125, -38.090625, -59.18984375])
array('d', [32.9091796875, 89.9517578125, -38.090625, -59.18984375])
array('d', [32.9091796875, 94.386328125, -38.4173828125, -58.442968750000006])
array('d', [35.0564453125, 94.386328125, -43.0853515625, -59.003125000000004])
array('d', [36.2234375, 95.17988281250001, -43.0853515625, -59.003125000000004])
array('d', [36.2234375, 95.17988281250001, -43.0853515625, -59.003125000000004])
array('d', [36.2234375, 95.17988281250001, -43.0853515625, -59.003125000000004])
array('d', [36.2234375, 95.17988281250001, -43.0853515625, -59.003125000000004])
array('d', [36.2234375, 95.17988281250001, -43.0853515625, -59.003125000000004])
array('d', [36.2234375, 95.17988281250001, -43.0853515625, -59.003125000000004])
array('d', [41.544921875, 102.228515625, -51.72109375, -23.059765625])
array('d', [41.544921875, 102.228515625, -59.4232421875, -27.354296875000003])
array('d', [44.8591796875, 104.51582031250001, -59.4232421875, -27.354296875000003])
array('d', [43.9255859375, 107.8767578125, -61.710546875000006, -32.8158203125])
array('d', [45.232617187500004, 106.33632812500001, -65.3048828125, -35.0564453125])
array('d', [45.232617187500004, 109.2771484375, -67.685546875, -37.8572265625])
array('d', [50.7875, 109.2771484375, -67.685546875, -37.8572265625])
array('d', [50.7875, 109.2771484375, -67.685546875, -37.8572265625])
array('d', [47.61328125, 108.71699218750001, -73.100390625, -42.01171875])
array('d', [43.225390625, 111.09765625, -74.87421875, -43.412109375])
array('d', [43.225390625, 111.09765625, -77.581640625, -43.9255859375])
array('d', [43.225390625, 111.09765625, -77.581640625, -43.9255859375])
array('d', [49.433789062500004, 113.10488281250001, -79.96230468750001, -45.279296875])
array('d', [49.433789062500004, 113.10488281250001, -79.96230468750001, -44.439062500000006])
array('d', [49.29375, 114.97207031250001, -83.50996093750001, -44.439062500000006])
array('d', [48.033398437500004, 113.991796875, -83.69667968750001, -44.719140625])
array('d', [51.534375000000004, 119.92011718750001, -86.170703125, -43.272070312500006])
array('d', [51.534375000000004, 121.6005859375, -88.4580078125, -42.338476562500006])
array('d', [48.873632812500006, 121.6005859375, -88.4580078125, -42.338476562500006])
array('d', [55.922265625, 121.6939453125, -92.2857421875, -43.738867187500006])
array('d', [57.1826171875, 124.8681640625, -94.6197265625, -46.11953125])
array('d', [57.1826171875, 124.8681640625, -97.28046875000001, -47.3798828125])
array('d', [57.1826171875, 124.8681640625, -97.28046875000001, -47.3798828125])
array('d', [57.1826171875, 124.8681640625, -97.28046875000001, -47.3798828125])
array('d', [57.1826171875, 124.8681640625, -97.28046875000001, -47.3798828125])
array('d', [56.94921875, 129.302734375, -97.93398437500001, -46.3529296875])
array('d', [52.934765625000004, 129.302734375, -97.93398437500001, -46.3529296875])
array('d', [48.826953125, 135.9779296875, -100.174609375, -45.466015625000004])
array('d', [46.11953125, 133.08378906250002, -99.987890625, -43.598828125000004])
array('d', [47.800000000000004, 132.94375, -102.2751953125, -39.8177734375])
array('d', [47.800000000000004, 132.94375, -102.2751953125, -36.690234375])
array('d', [43.31875, 134.4375, -104.1890625, -36.690234375])
array('d', [35.943359375, 133.1771484375, -105.589453125, -36.5501953125])
array('d', [36.830273437500004, 135.7912109375, -107.9234375, -35.756640625])
array('d', [38.5107421875, 134.95097656250002, -108.48359375000001, -34.2162109375])
array('d', [38.5107421875, 134.95097656250002, -108.48359375000001, -34.2162109375])
array('d', [43.272070312500006, 133.410546875, -108.71699218750001, -34.54296875])
array('d', [36.5501953125, 134.48417968750002, -109.83730468750001, -35.85])
array('d', [36.5501953125, 134.48417968750002, -109.83730468750001, -35.85])
array('d', [46.072851562500006, 134.5775390625, -111.1443359375, -35.663281250000004])
array('d', [45.9794921875, 134.01738281250002, -112.87148437500001, -33.562695312500004])
array('d', [44.905859375000006, 132.94375, -111.8912109375, -33.562695312500004])
array('d', [44.905859375000006, 132.94375, -111.8912109375, -33.562695312500004])
array('d', [50.880859375, 134.530859375, -113.991796875, -32.769140625])
array('d', [50.880859375, 134.1107421875, -114.6919921875, -30.901953125000002])
array('d', [45.652734375, 134.1107421875, -114.6919921875, -30.901953125000002])
array('d', [46.959765625, 134.1107421875, -115.5322265625, -31.9755859375])
array('d', [49.947265625, 133.690625, -116.13906250000001, -33.4693359375])
array('d', [49.947265625, 133.690625, -116.13906250000001, -32.5357421875])
array('d', [46.212890625, 134.25078125000002, -118.75312500000001, -32.5357421875])
array('d', [42.5251953125, 134.3908203125, -118.05292968750001, -35.5232421875])
array('d', [43.87890625, 133.31718750000002, -118.846484375, -35.1498046875])
array('d', [41.544921875, 134.5775390625, -119.17324218750001, -37.063671875000004])
array('d', [41.544921875, 134.5775390625, -119.17324218750001, -38.090625])
array('d', [45.559375, 133.6439453125, -121.32050781250001, -38.090625])
array('d', [47.146484375, 133.223828125, -120.900390625, -40.6580078125])
array('d', [49.947265625, 133.597265625, -120.85371093750001, -38.65078125])
array('d', [49.947265625, 133.597265625, -120.85371093750001, -38.65078125])
array('d', [51.4876953125, 133.597265625, -123.5611328125, -39.8177734375])
array('d', [51.4876953125, 133.597265625, -123.5611328125, -41.031445312500004])
array('d', [44.158984375, 133.2705078125, -123.0009765625, -41.031445312500004])
array('d', [44.158984375, 133.2705078125, -123.0009765625, -41.031445312500004])
array('d', [44.158984375, 133.2705078125, -123.0009765625, -41.031445312500004])
array('d', [44.158984375, 133.2705078125, -123.0009765625, -41.031445312500004])
array('d', [44.158984375, 133.2705078125, -123.0009765625, -41.031445312500004])
array('d', [44.158984375, 133.2705078125, -123.0009765625, -41.031445312500004])
array('d', [44.672460937500006, 134.62421875, -125.568359375, -39.7244140625])
array('d', [44.345703125, 134.8576171875, -125.568359375, -39.7244140625])
array('d', [45.372656250000006, 133.13046875, -122.67421875000001, -40.51796875])
array('d', [45.372656250000006, 133.9240234375, -124.54140625000001, -40.097851562500004])
array('d', [47.099804687500004, 133.9240234375, -124.54140625000001, -40.097851562500004])
array('d', [49.433789062500004, 134.530859375, -124.82148437500001, -39.7244140625])
array('d', [46.49296875, 134.157421875, -123.4677734375, -39.397656250000004])
array('d', [46.49296875, 134.157421875, -123.4677734375, -39.397656250000004])
array('d', [49.013671875, 134.344140625, -124.12128906250001, -38.9775390625])
array('d', [49.013671875, 134.344140625, -124.12128906250001, -37.810546875])
array('d', [47.333203125000004, 134.01738281250002, -124.9615234375, -37.810546875])
array('d', [51.254296875, 133.970703125, -124.4947265625, -39.864453125000004])
array('d', [47.98671875, 134.25078125000002, -124.30800781250001, -40.798046875000004])
array('d', [47.98671875, 134.25078125000002, -124.30800781250001, -40.798046875000004])
array('d', [50.5541015625, 133.50390625, -124.261328125, -41.078125])
array('d', [50.274023437500006, 133.597265625, -124.07460937500001, -41.078125])
array('d', [49.48046875, 133.6439453125, -124.261328125, -40.7513671875])
array('d', [49.48046875, 133.6439453125, -123.98125, -41.2181640625])
array('d', [51.72109375, 133.037109375, -123.98125, -41.2181640625])
array('d', [48.6869140625, 133.08378906250002, -124.07460937500001, -40.051171875])
array('d', [49.29375, 133.410546875, -122.90761718750001, -39.584375])
array('d', [49.29375, 133.410546875, -122.90761718750001, -38.8841796875])
array('d', [48.546875, 134.1107421875, -123.37441406250001, -38.8841796875])
array('d', [43.038671875000006, 134.3908203125, -122.72089843750001, -37.063671875000004])
array('d', [43.038671875000006, 133.597265625, -122.767578125, -36.830273437500004])
array('d', [47.099804687500004, 133.597265625, -122.767578125, -36.830273437500004])
array('d', [48.546875, 133.7373046875, -122.3474609375, -37.7171875])
array('d', [49.387109375, 133.50390625, -121.55390625000001, -38.557421875])
array('d', [50.974218750000006, 134.2974609375, -122.394140625, -38.7908203125])
array('d', [50.974218750000006, 134.2974609375, -122.394140625, -38.7908203125])
array('d', [51.534375000000004, 133.31718750000002, -123.327734375, -39.677734375])
array('d', [51.534375000000004, 133.87734375, -122.3474609375, -38.930859375000004])
array('d', [56.7158203125, 133.87734375, -122.3474609375, -38.930859375000004])
array('d', [56.295703125, 133.87734375, -122.3474609375, -40.1912109375])
array('d', [56.295703125, 134.99765625, -123.14101562500001, -41.3115234375])
array('d', [50.22734375, 134.0640625, -124.07460937500001, -41.3115234375])
array('d', [52.141210937500006, 135.0443359375, -124.6814453125, -40.9380859375])
array('d', [52.141210937500006, 135.0443359375, -124.6814453125, -40.9380859375])
array('d', [52.141210937500006, 135.0443359375, -124.6814453125, -40.9380859375])
array('d', [49.48046875, 133.55058593750002, -123.5611328125, -39.8177734375])
array('d', [49.48046875, 133.55058593750002, -124.07460937500001, -39.304296875])
array('d', [45.74609375, 134.2041015625, -124.07460937500001, -39.304296875])
array('d', [44.8125, 133.4572265625, -124.07460937500001, -40.7513671875])
array('d', [43.272070312500006, 133.4572265625, -122.8609375, -39.2109375])
array('d', [43.272070312500006, 133.4572265625, -122.8609375, -39.677734375])
array('d', [43.5521484375, 133.78398437500002, -122.5341796875, -39.677734375])
array('d', [45.092578125, 134.5775390625, -123.14101562500001, -7.7021484375])
array('d', [45.092578125, 134.5775390625, -122.6275390625, -4.2478515625])
array('d', [44.9525390625, 133.6439453125, -122.6275390625, -4.2478515625])
array('d', [44.5791015625, 132.663671875, -124.16796875, -5.9283203125])
array('d', [44.5791015625, 132.663671875, -124.16796875, -5.9283203125])
array('d', [44.5791015625, 132.663671875, -124.16796875, -5.9283203125])
array('d', [44.5791015625, 132.663671875, -124.16796875, -5.9283203125])
array('d', [44.5791015625, 132.663671875, -124.16796875, -5.9283203125])
array('d', [47.333203125000004, 134.344140625, -125.3349609375, -4.7146484375])
array('d', [47.333203125000004, 134.344140625, -125.3349609375, -5.321484375000001])
array('d', [42.338476562500006, 133.31718750000002, -125.3349609375, -5.321484375000001])
array('d', [42.338476562500006, 133.31718750000002, -125.3349609375, -5.321484375000001])
array('d', [50.4140625, 133.31718750000002, -126.5953125, -8.8224609375])
array('d', [53.9150390625, 133.87734375, -127.4822265625, -8.8224609375])
array('d', [46.9130859375, 134.01738281250002, -126.5953125, -9.1958984375])
array('d', [46.9130859375, 134.01738281250002, -126.5953125, -9.1958984375])
array('d', [46.9130859375, 134.01738281250002, -126.5953125, -9.1958984375])
array('d', [46.586328125, 134.344140625, -126.5486328125, -10.549609375000001])
array('d', [47.800000000000004, 133.597265625, -126.96875, -11.109765625000001])
array('d', [51.9544921875, 134.01738281250002, -126.8287109375, -10.362890625])
array('d', [51.1142578125, 132.94375, -127.15546875000001, -10.316210937500001])
array('d', [51.1142578125, 132.94375, -126.96875, -10.6896484375])
array('d', [45.4193359375, 133.3638671875, -126.96875, -10.6896484375])
array('d', [45.4193359375, 133.3638671875, -126.96875, -10.6896484375])
array('d', [45.4193359375, 133.3638671875, -126.96875, -10.6896484375])
array('d', [41.7783203125, 133.8306640625, -128.64921875000002, -11.950000000000001])
array('d', [42.38515625, 132.9904296875, -129.209375, -12.650195312500001])
array('d', [43.598828125000004, 133.6439453125, -128.64921875000002, -12.9302734375])
array('d', [43.598828125000004, 133.6439453125, -128.64921875000002, -12.9302734375])
array('d', [43.598828125000004, 133.6439453125, -128.64921875000002, -12.9302734375])
array('d', [43.598828125000004, 133.6439453125, -128.64921875000002, -12.9302734375])
array('d', [40.984765625, 133.970703125, -128.0890625, -12.13671875])
array('d', [38.744140625, 133.223828125, -128.929296875, -13.25703125])
array('d', [41.3115234375, 133.31718750000002, -129.9095703125, -13.63046875])
array('d', [41.3115234375, 133.31718750000002, -129.9095703125, -14.00390625])
array('d', [45.699414062500004, 133.50390625, -129.5361328125, -14.00390625])
array('d', [48.033398437500004, 134.1107421875, -130.51640625000002, -14.750781250000001])
array('d', [48.033398437500004, 133.9240234375, -131.4966796875, -15.8244140625])
array('d', [46.959765625, 133.9240234375, -131.4966796875, -15.8244140625])
array('d', [50.507421875000006, 134.3908203125, -132.85039062500002, -16.9447265625])
array('d', [44.25234375, 133.7373046875, -133.6439453125, -18.3451171875])
array('d', [44.25234375, 133.7373046875, -133.6439453125, -18.3451171875])
array('d', [44.25234375, 133.7373046875, -133.6439453125, -18.3451171875])
array('d', [44.25234375, 133.7373046875, -133.6439453125, -18.3451171875])
array('d', [42.665234375000004, 132.9904296875, -134.01738281250002, -17.9716796875])
array('d', [42.665234375000004, 134.2041015625, -133.55058593750002, -18.9052734375])
array('d', [44.9525390625, 134.2041015625, -133.55058593750002, -19.41875])
array('d', [45.092578125, 133.597265625, -133.7373046875, -19.41875])
array('d', [44.905859375000006, 133.223828125, -133.55058593750002, -19.8388671875])
array('d', [44.905859375000006, 133.410546875, -133.410546875, -19.3720703125])
array('d', [47.7533203125, 134.4375, -133.2705078125, -19.3720703125])
array('d', [42.805273437500006, 134.4375, -133.2705078125, -19.512109375])
array('d', [50.5541015625, 133.4572265625, -133.08378906250002, -19.138671875])
array('d', [50.133984375000004, 133.7373046875, -133.55058593750002, -19.6521484375])
array('d', [50.133984375000004, 133.7373046875, -133.55058593750002, -20.5390625])
array('d', [49.107031250000006, 133.9240234375, -133.7373046875, -20.5390625])
array('d', [53.028125, 132.9904296875, -134.0640625, -22.1728515625])
array('d', [52.28125, 133.2705078125, -134.62421875, -21.799414062500002])
array('d', [52.28125, 133.2705078125, -134.8576171875, -20.865820312500002])
array('d', [50.367382812500004, 133.2705078125, -134.8576171875, -20.865820312500002])
array('d', [52.9814453125, 133.6439453125, -134.2041015625, -21.052539062500003])
array('d', [48.546875, 133.3638671875, -133.08378906250002, -20.445703125])
array('d', [47.61328125, 133.223828125, -134.25078125000002, -21.332617187500002])
array('d', [47.800000000000004, 133.55058593750002, -133.037109375, -21.659375])
array('d', [47.800000000000004, 133.55058593750002, -133.037109375, -21.659375])
array('d', [47.800000000000004, 133.55058593750002, -133.037109375, -21.659375])
array('d', [47.800000000000004, 133.55058593750002, -133.037109375, -3.6876953125000003])
array('d', [48.3134765625, 134.1107421875, -132.476953125, -3.6876953125000003])
array('d', [49.48046875, 133.1771484375, -133.13046875, -1.213671875])
array('d', [50.694140625, 133.223828125, -133.1771484375, -2.333984375])
array('d', [50.694140625, 133.223828125, -133.1771484375, -2.5673828125])
array('d', [51.4876953125, 134.2041015625, -132.476953125, -2.5673828125])
array('d', [56.1556640625, 133.690625, -133.9240234375, -3.17421875])
array('d', [56.1556640625, 133.4572265625, -133.597265625, -3.9677734375])
array('d', [58.442968750000006, 133.4572265625, -133.597265625, -3.9677734375])
array('d', [59.9833984375, 133.13046875, -134.71757812500002, -5.788281250000001])
array('d', [52.0478515625, 133.55058593750002, -133.9240234375, -5.228125])
array('d', [52.0478515625, 133.13046875, -133.9240234375, -2.1939453125])
array('d', [56.2490234375, 133.13046875, -133.9240234375, -2.1939453125])
array('d', [54.428515625, 134.71757812500002, -132.4302734375, -3.0341796875])
array('d', [51.72109375, 135.3244140625, -131.4966796875, -3.0341796875])
array('d', [51.72109375, 135.3244140625, -131.4966796875, -3.9210937500000003])
array('d', [53.681640625, 134.1107421875, -131.169921875, -3.9210937500000003])
array('d', [53.401562500000004, 133.55058593750002, -131.169921875, -4.014453125])
array('d', [53.401562500000004, 134.99765625, -129.0693359375, -4.1078125000000005])
array('d', [46.4462890625, 134.99765625, -129.0693359375, -4.1078125000000005])
array('d', [54.055078125, 133.7373046875, -130.423046875, -4.1078125000000005])
array('d', [49.107031250000006, 134.2041015625, -132.2435546875, -2.707421875])
array('d', [49.2470703125, 134.0640625, -131.8701171875, -2.707421875])
array('d', [49.2470703125, 132.5703125, -130.796484375, -2.8941406250000004])
array('d', [48.546875, 133.970703125, -129.0693359375, -1.6804687500000002])
array('d', [50.367382812500004, 134.25078125000002, -131.5900390625, -2.9408203125])
array('d', [50.367382812500004, 133.78398437500002, -132.5703125, -3.4542968750000003])
array('d', [53.58828125, 133.78398437500002, -132.5703125, -3.4542968750000003])
array('d', [52.701367187500004, 133.13046875, -132.8037109375, -4.201171875])
array('d', [51.34765625, 133.970703125, -132.94375, -7.46875])
array('d', [45.559375, 134.62421875, -131.730078125, -7.9822265625])
array('d', [45.559375, 133.3638671875, -129.209375, -7.7021484375])
array('d', [43.832226562500004, 133.3638671875, -129.209375, -7.7021484375])
array('d', [46.3529296875, 132.75703125, -132.15019531250002, -9.3359375])
array('d', [49.807226562500006, 133.223828125, -133.87734375, -9.0091796875])
array('d', [49.807226562500006, 133.223828125, -133.87734375, -9.1958984375])
array('d', [46.866406250000004, 134.25078125000002, -133.597265625, -9.1958984375])
array('d', [43.0853515625, 133.9240234375, -132.8037109375, -11.016406250000001])
array('d', [41.871679687500006, 132.5236328125, -132.8037109375, -9.6626953125])
array('d', [41.498242187500004, 134.530859375, -132.8037109375, -10.316210937500001])
array('d', [41.498242187500004, 134.530859375, -132.8037109375, -10.642968750000001])
array('d', [45.0458984375, 133.8306640625, -132.94375, -10.642968750000001])
array('d', [44.999218750000004, 134.530859375, -133.690625, -10.923046875])
array('d', [46.586328125, 133.3638671875, -133.78398437500002, -13.443750000000001])
array('d', [46.586328125, 134.6708984375, -132.663671875, -13.8638671875])
array('d', [41.918359375, 134.6708984375, -132.663671875, -13.8638671875])
array('d', [40.1912109375, 133.7373046875, -130.3296875, -14.283984375000001])
array('d', [50.1806640625, 133.6439453125, -133.78398437500002, -14.4240234375])
array('d', [50.1806640625, 133.6439453125, -133.78398437500002, -14.4240234375])
array('d', [50.1806640625, 133.6439453125, -133.78398437500002, -14.4240234375])
array('d', [50.1806640625, 133.6439453125, -133.78398437500002, -14.4240234375])
array('d', [53.9150390625, 133.87734375, -134.0640625, -15.404296875])
array('d', [47.940039062500006, 133.55058593750002, -133.597265625, -16.197851562500002])
array('d', [43.0853515625, 134.2041015625, -133.87734375, -16.8046875])
array('d', [43.0853515625, 134.2041015625, -133.87734375, -16.8046875])
array('d', [41.871679687500006, 134.1107421875, -130.5630859375, -15.87109375])
array('d', [41.4515625, 134.01738281250002, -132.0568359375, -16.197851562500002])
array('d', [41.4515625, 133.690625, -132.7103515625, -16.0111328125])
array('d', [45.74609375, 132.94375, -132.7103515625, -16.4779296875])
array('d', [45.932812500000004, 132.94375, -132.7103515625, -16.24453125])
array('d', [39.677734375, 134.530859375, -132.5236328125, -16.24453125])
array('d', [39.677734375, 134.530859375, -132.5236328125, -16.24453125])
array('d', [39.677734375, 134.530859375, -132.5236328125, -16.24453125])
array('d', [39.677734375, 134.530859375, -132.5236328125, -16.24453125])
array('d', [40.237890625, 134.25078125000002, -131.356640625, -5.0880859375])
array('d', [42.7119140625, 133.7373046875, -129.39609375, -5.134765625])
array('d', [42.7119140625, 133.970703125, -131.7767578125, -4.3412109375000005])
array('d', [46.866406250000004, 133.970703125, -131.7767578125, -4.3412109375000005])
array('d', [54.008398437500006, 134.1107421875, -131.0298828125, -3.080859375])
array('d', [51.34765625, 134.01738281250002, -130.88984375, -5.4615234375])
array('d', [48.7802734375, 133.4572265625, -131.21660156250002, -3.2208984375000003])
array('d', [48.7802734375, 133.4572265625, -132.0568359375, -2.5673828125])
array('d', [49.200390625000004, 134.0640625, -132.0568359375, -2.5673828125])
array('d', [45.606054687500006, 134.01738281250002, -131.63671875, -2.42734375])
array('d', [44.905859375000006, 134.1107421875, -131.21660156250002, -0.6068359375])
array('d', [44.905859375000006, 134.1107421875, -132.01015625, -3.17421875])
array('d', [45.092578125, 133.87734375, -132.01015625, -3.17421875])
array('d', [45.466015625000004, 132.9904296875, -132.01015625, -3.17421875])
array('d', [45.466015625000004, 132.9904296875, -132.01015625, -3.17421875])
array('d', [47.940039062500006, 133.78398437500002, -130.1896484375, -3.9677734375])
array('d', [44.25234375, 133.13046875, -129.9095703125, -5.3681640625])
array('d', [44.25234375, 133.13046875, -129.9095703125, -5.3681640625])
array('d', [44.25234375, 133.13046875, -129.9095703125, -5.3681640625])
array('d', [44.25234375, 133.13046875, -129.9095703125, -5.3681640625])
array('d', [44.3923828125, 134.71757812500002, -129.02265625, -4.9947265625])
array('d', [48.3134765625, 134.01738281250002, -129.2560546875, -5.0880859375])
array('d', [51.207617187500006, 133.7373046875, -129.4427734375, -4.9013671875])
array('d', [51.207617187500006, 133.7373046875, -129.4427734375, -4.9013671875])
array('d', [51.207617187500006, 133.7373046875, -129.4427734375, -4.9013671875])
array('d', [51.207617187500006, 133.7373046875, -129.4427734375, -4.9013671875])
array('d', [50.22734375, 134.48417968750002, -129.95625, -4.7146484375])
array('d', [48.173437500000006, 135.0443359375, -129.0693359375, -6.7685546875])
array('d', [48.173437500000006, 134.7642578125, -129.02265625, -5.0414062500000005])
array('d', [50.133984375000004, 134.7642578125, -129.02265625, -6.3951171875])
array('d', [43.9255859375, 134.4375, -127.7623046875, -6.3951171875])
array('d', [43.972265625000006, 133.7373046875, -128.3224609375, -5.228125])
array('d', [49.5271484375, 133.50390625, -128.3224609375, -5.228125])
array('d', [49.5271484375, 133.50390625, -128.3224609375, -5.228125])
array('d', [49.5271484375, 133.50390625, -126.68867187500001, -6.3484375])
array('d', [43.6921875, 134.71757812500002, -126.96875, -7.2353515625])
array('d', [43.87890625, 133.31718750000002, -125.98847656250001, -6.5818359375])
array('d', [44.1123046875, 133.410546875, -126.501953125, -6.8619140625])
array('d', [36.7369140625, 133.31718750000002, -125.47500000000001, -8.02890625])
array('d', [42.5251953125, 133.3638671875, -125.8484375, -8.40234375])
array('d', [47.2865234375, 134.01738281250002, -125.568359375, -8.7291015625])
array('d', [49.387109375, 133.9240234375, -125.52167968750001, -10.316210937500001])
array('d', [50.22734375, 132.7103515625, -124.634765625, -10.316210937500001])
array('d', [50.6474609375, 132.94375, -124.0279296875, -9.4759765625])
array('d', [50.6474609375, 133.78398437500002, -125.3349609375, -10.316210937500001])
array('d', [50.6474609375, 133.78398437500002, -125.3349609375, -10.316210937500001])
array('d', [50.320703125, 134.7642578125, -123.327734375, -10.5029296875])
array('d', [47.473242187500006, 132.9904296875, -124.2146484375, -11.6232421875])
array('d', [45.606054687500006, 133.7373046875, -124.2146484375, -11.6232421875])
array('d', [40.051171875, 133.87734375, -121.50722656250001, -9.5693359375])
array('d', [42.1517578125, 133.2705078125, -120.2001953125, -7.5154296875])
array('d', [43.1787109375, 132.2435546875, -118.56640625, -7.2353515625])
array('d', [39.164257812500004, 133.7373046875, -117.4927734375, -7.8421875000000005])
array('d', [42.75859375, 134.8109375, -115.20546875000001, -8.449023437500001])
array('d', [42.75859375, 134.8109375, -114.08515625000001, -8.495703125])
array('d', [41.871679687500006, 132.5703125, -113.058203125, -8.0755859375])
array('d', [42.9919921875, 133.55058593750002, -113.058203125, -8.0755859375])
array('d', [48.3134765625, 134.2041015625, -112.124609375, -7.3753906250000005])
array('d', [48.3134765625, 134.2041015625, -112.124609375, -7.3753906250000005])
array('d', [51.907812500000006, 132.5703125, -110.30410156250001, -5.228125])
array('d', [49.85390625, 133.7373046875, -112.5447265625, -6.8619140625])
array('d', [45.5126953125, 133.13046875, -111.09765625, -5.694921875])
array('d', [45.5126953125, 133.13046875, -111.05097656250001, -6.16171875])
array('d', [45.932812500000004, 133.8306640625, -111.05097656250001, -6.16171875])
array('d', [45.606054687500006, 133.037109375, -109.7439453125, -7.7955078125])
array('d', [44.205664062500006, 133.037109375, -109.7439453125, -7.7955078125])
array('d', [44.205664062500006, 133.50390625, -109.7439453125, -6.628515625])
array('d', [47.706640625000006, 132.85039062500002, -109.7439453125, -6.628515625])
array('d', [46.11953125, 133.1771484375, -108.20351562500001, -5.2748046875000005])
array('d', [46.11953125, 133.1771484375, -108.20351562500001, -5.2748046875000005])
array('d', [43.87890625, 135.6044921875, -107.643359375, -4.5746093750000005])
array('d', [41.498242187500004, 132.15019531250002, -106.9431640625, -5.7416015625000005])
array('d', [41.544921875, 134.4375, -105.8228515625, -6.488476562500001])
array('d', [38.464062500000004, 132.5236328125, -105.776171875, -5.134765625])
array('d', [39.4443359375, 134.157421875, -104.842578125, -7.28203125])
array('d', [41.3115234375, 134.157421875, -104.842578125, -7.28203125])
array('d', [41.3115234375, 134.157421875, -104.842578125, -7.28203125])
array('d', [41.3115234375, 133.50390625, -102.9287109375, -5.9283203125])
array('d', [43.038671875000006, 134.2974609375, -101.9951171875, -6.255078125000001])
array('d', [42.851953125, 134.2974609375, -103.76894531250001, -6.255078125000001])
array('d', [43.1787109375, 134.344140625, -101.94843750000001, -6.3951171875])
array('d', [44.62578125, 131.7767578125, -102.9287109375, -6.721875000000001])
array('d', [44.62578125, 131.7767578125, -102.9287109375, -6.721875000000001])
array('d', [43.9255859375, 134.3908203125, -102.975390625, -6.955273437500001])
array('d', [40.564648437500004, 134.71757812500002, -100.54804687500001, -7.6087890625000005])
array('d', [39.2109375, 135.091015625, -100.54804687500001, -7.6087890625000005])
array('d', [37.5771484375, 132.7103515625, -98.2607421875, -6.16171875])
array('d', [34.8697265625, 132.8037109375, -98.0740234375, -6.4417968750000005])
array('d', [34.636328125, 134.2041015625, -98.2607421875, -4.9013671875])
array('d', [34.1228515625, 133.7373046875, -100.2212890625, -6.9085937500000005])
array('d', [34.1228515625, 133.7373046875, -100.2212890625, -6.9085937500000005])
array('d', [34.1228515625, 133.7373046875, -100.2212890625, -6.9085937500000005])
array('d', [35.5232421875, 134.01738281250002, -99.38105468750001, -7.001953125])
array('d', [35.2431640625, 134.3908203125, -100.921484375, -7.3753906250000005])
array('d', [34.6830078125, 134.2974609375, -100.50136718750001, -7.3753906250000005])
array('d', [35.9900390625, 134.2041015625, -99.7078125, -7.5154296875])
array('d', [36.41015625, 131.7767578125, -100.54804687500001, -7.5154296875])
array('d', [36.876953125, 134.6708984375, -99.89453125, -7.5154296875])
array('d', [37.6705078125, 132.61699218750002, -100.1279296875, -8.8224609375])
array('d', [37.6705078125, 132.61699218750002, -100.96816406250001, -9.3359375])
array('d', [36.5501953125, 132.8037109375, -100.96816406250001, -9.3359375])
array('d', [35.896679687500004, 134.48417968750002, -100.96816406250001, -10.0361328125])
array('d', [35.85, 133.87734375, -100.50136718750001, -11.343164062500001])
array('d', [33.702734375, 133.037109375, -99.52109375, -9.382617187500001])
array('d', [33.702734375, 133.037109375, -99.52109375, -9.382617187500001])
array('d', [33.702734375, 133.037109375, -99.52109375, -9.382617187500001])
array('d', [33.702734375, 133.037109375, -99.52109375, -9.382617187500001])
array('d', [33.6560546875, 131.63671875, -101.90175781250001, -9.382617187500001])
array('d', [33.8427734375, 132.103515625, -100.8748046875, -9.7560546875])
array('d', [33.6560546875, 134.01738281250002, -101.3416015625, -10.316210937500001])
array('d', [33.6560546875, 134.01738281250002, -99.0076171875, -9.89609375])
array('d', [30.668554687500002, 133.08378906250002, -99.9412109375, -10.082812500000001])
array('d', [32.862500000000004, 132.8037109375, -99.9412109375, -10.082812500000001])
array('d', [33.2359375, 132.4302734375, -98.68085937500001, -11.483203125000001])
array('d', [33.609375, 134.2974609375, -99.987890625, -12.043359375000001])
array('d', [34.029492187500004, 135.091015625, -100.26796875000001, -10.8296875])
array('d', [33.702734375, 132.85039062500002, -101.71503906250001, -12.043359375000001])
array('d', [33.702734375, 132.85039062500002, -101.71503906250001, -12.043359375000001])
array('d', [34.35625, 134.0640625, -102.788671875, -11.9033203125])
array('d', [34.262890625000004, 135.1376953125, -101.48164062500001, -11.343164062500001])
array('d', [32.4423828125, 134.157421875, -101.5283203125, -11.249804687500001])
array('d', [32.4423828125, 134.157421875, -101.5283203125, -14.377343750000001])
array('d', [32.30234375, 132.5236328125, -101.8083984375, -13.0703125])
array('d', [34.35625, 134.2974609375, -101.43496093750001, -12.416796875000001])
array('d', [35.429882812500004, 134.25078125000002, -101.43496093750001, -12.416796875000001])
array('d', [34.636328125, 133.13046875, -101.575, -12.3701171875])
array('d', [34.636328125, 133.13046875, -102.7419921875, -12.4634765625])
array('d', [34.2162109375, 132.290234375, -102.7419921875, -12.5568359375])
array('d', [32.67578125, 132.290234375, -101.3416015625, -12.5568359375])
array('d', [31.835546875000002, 132.103515625, -101.48164062500001, -12.5568359375])
array('d', [32.582421875, 133.2705078125, -99.1943359375, -12.743554687500001])
array('d', [32.582421875, 133.2705078125, -100.03457031250001, -12.0900390625])
array('d', [32.162304687500004, 134.48417968750002, -100.03457031250001, -12.0900390625])
array('d', [33.609375, 134.48417968750002, -100.03457031250001, -12.0900390625])
array('d', [33.609375, 134.2974609375, -100.64140625, -12.3234375])
array('d', [34.16953125, 133.4572265625, -101.76171875, -12.696875])
array('d', [33.796093750000004, 134.01738281250002, -99.054296875, -13.7705078125])
array('d', [33.796093750000004, 134.01738281250002, -99.61445312500001, -12.696875])
array('d', [34.823046875, 134.344140625, -99.61445312500001, -12.696875])
array('d', [33.516015625, 133.8306640625, -99.89453125, -12.230078125])
array('d', [34.91640625, 132.85039062500002, -100.54804687500001, -14.657421875])
array('d', [34.91640625, 133.690625, -99.054296875, -12.3701171875])
array('d', [34.496289062500004, 133.690625, -99.4744140625, -11.38984375])
array('d', [33.562695312500004, 134.2041015625, -99.4744140625, -11.38984375])
array('d', [33.562695312500004, 134.2041015625, -99.4744140625, -11.38984375])
array('d', [33.562695312500004, 134.2041015625, -99.4744140625, -11.38984375])
array('d', [31.9755859375, 132.61699218750002, -99.61445312500001, -10.8296875])
array('d', [33.889453125, 133.2705078125, -98.3541015625, -11.016406250000001])
array('d', [34.7763671875, 132.9904296875, -97.09375, -11.249804687500001])
array('d', [34.7763671875, 132.9904296875, -97.09375, -11.249804687500001])
array('d', [32.8158203125, 135.9779296875, -97.23378906250001, -10.2228515625])
array('d', [32.30234375, 132.5703125, -96.30019531250001, -9.989453125])
array('d', [32.115625, 130.9365234375, -94.10625, -9.429296875])
array('d', [32.115625, 130.9365234375, -94.24628906250001, -7.7021484375])
array('d', [31.92890625, 129.6294921875, -94.24628906250001, -7.7021484375])
array('d', [28.7080078125, 126.3619140625, -92.7525390625, -6.721875000000001])
array('d', [28.7080078125, 126.3619140625, -92.7525390625, -6.721875000000001])
array('d', [24.5068359375, 125.194921875, -89.4849609375, -4.014453125])
array('d', [24.8802734375, 123.88789062500001, -87.89785156250001, -1.8671875])
array('d', [24.8802734375, 122.3474609375, -86.170703125, -1.400390625])
array('d', [23.4798828125, 120.900390625, -83.7900390625, 0.42011718750000004])
array('d', [21.659375, 120.900390625, -83.7900390625, 0.42011718750000004])
array('d', [19.325390625, 117.4927734375, -82.10957031250001, 1.30703125])
array('d', [19.325390625, 117.4927734375, -82.10957031250001, 1.30703125])
array('d', [18.531835937500002, 115.25214843750001, -81.6427734375, 1.0736328125])
array('d', [15.450976562500001, 112.0779296875, -81.409375, 2.0072265625])
array('d', [15.450976562500001, 112.0779296875, -81.409375, 1.7271484375000001])
array('d', [15.450976562500001, 112.0779296875, -81.409375, 1.7271484375000001])
array('d', [15.12421875, 107.78339843750001, -78.888671875, 4.8080078125000005])
array('d', [13.583789062500001, 107.1298828125, -78.888671875, 4.8080078125000005])
array('d', [11.0630859375, 106.33632812500001, -78.09511718750001, 4.761328125])
array('d', [11.0630859375, 106.33632812500001, -78.09511718750001, 4.761328125])
array('d', [11.0630859375, 106.33632812500001, -78.09511718750001, 4.761328125])
array('d', [9.52265625, 104.93593750000001, -76.22792968750001, 6.1150390625])
array('d', [7.655468750000001, 100.64140625, -75.5744140625, 7.655468750000001])
array('d', [6.9085937500000005, 99.987890625, -73.00703125, 7.5154296875])
array('d', [6.9085937500000005, 99.987890625, -73.00703125, 7.5154296875])
array('d', [6.9085937500000005, 99.987890625, -73.00703125, 7.5154296875])
array('d', [6.9085937500000005, 99.987890625, -73.00703125, 7.5154296875])
array('d', [4.7146484375, 97.23378906250001, -71.4666015625, 8.02890625])
array('d', [4.7146484375, 95.41328125000001, -69.5994140625, 11.0630859375])
array('d', [3.2208984375000003, 93.1259765625, -68.05898437500001, 11.0630859375])
array('d', [3.2208984375000003, 93.1259765625, -68.05898437500001, 11.0630859375])
array('d', [3.2208984375000003, 93.1259765625, -68.05898437500001, 11.0630859375])
array('d', [2.147265625, 93.1259765625, -66.6119140625, 12.976953125000001])
array('d', [2.42734375, 92.9859375, -66.6119140625, 12.976953125000001])
array('d', [1.0736328125, 89.57832031250001, -65.818359375, 14.657421875])
array('d', [1.0736328125, 89.57832031250001, -65.818359375, 14.657421875])
array('d', [1.0736328125, 89.57832031250001, -65.818359375, 14.657421875])
array('d', [-0.5134765625000001, 88.2712890625, -64.9314453125, 15.544335937500001])
array('d', [-3.2208984375000003, 86.03066406250001, -62.6908203125, 16.524609375])
array('d', [-3.9210937500000003, 84.58359375, -59.18984375, 16.9447265625])
array('d', [-3.9210937500000003, 84.58359375, -58.6296875, 18.4384765625])
array('d', [-6.16171875, 83.04316406250001, -58.6296875, 18.4384765625])
array('d', [-5.4615234375, 81.59609375000001, -57.8828125, 18.85859375])
array('d', [-8.449023437500001, 81.36269531250001, -57.369335937500004, 20.1189453125])
array('d', [-8.449023437500001, 79.02871093750001, -55.362109375, 22.219531250000003])
array('d', [-8.5423828125, 79.02871093750001, -53.58828125, 23.666601562500002])
array('d', [-11.576562500000001, 75.714453125, -53.58828125, 23.666601562500002])
array('d', [-13.0703125, 73.3337890625, -48.873632812500006, 25.533789062500002])
array('d', [-13.0703125, 72.72695312500001, -48.36015625, 26.7474609375])
array('d', [-13.0703125, 72.353515625, -48.546875, 28.2412109375])
array('d', [-13.0703125, 72.353515625, -48.546875, 28.2412109375])
array('d', [-13.0703125, 72.353515625, -48.546875, 28.2412109375])
array('d', [-13.0703125, 72.353515625, -48.546875, 28.2412109375])
array('d', [-14.984179687500001, 68.75917968750001, -44.8591796875, 29.734960937500002])
array('d', [-14.984179687500001, 66.471875, -44.25234375, 30.201757812500002])
array('d', [-17.6916015625, 66.471875, -44.25234375, 30.201757812500002])
array('d', [-17.6916015625, 66.471875, -44.25234375, 30.201757812500002])
array('d', [-19.5587890625, 64.41796875, -40.798046875000004, 31.4154296875])
array('d', [-22.032812500000002, 63.6244140625, -40.237890625, 32.115625])
array('d', [-21.799414062500002, 61.8505859375, -37.997265625000004, 34.3095703125])
array('d', [-21.799414062500002, 61.8505859375, -37.997265625000004, 34.3095703125])
array('d', [-22.873046875, 61.05703125, -37.997265625000004, 36.4568359375])
array('d', [-23.71328125, 59.843359375000006, -36.0833984375, 38.1373046875])
array('d', [-25.066992187500002, 56.7625, -33.9361328125, 37.7171875])
array('d', [-25.066992187500002, 56.7625, -33.9361328125, 37.7171875])
array('d', [-25.066992187500002, 53.494921875, -32.629101562500004, 38.230664062500004])
array('d', [-27.7744140625, 53.494921875, -32.629101562500004, 38.230664062500004])
array('d', [-29.31484375, 51.8611328125, -29.221484375000003, 40.097851562500004])
array('d', [-30.201757812500002, 50.320703125, -29.31484375, 41.4515625])
array('d', [-33.04921875, 49.387109375, -27.0275390625, 43.738867187500006])
array('d', [-32.115625, 47.800000000000004, -26.5140625, 43.412109375])
array('d', [-34.823046875, 45.0458984375, -24.553515625000003, 45.092578125])
array('d', [-36.0833984375, 43.1787109375, -22.126171875, 45.092578125])
array('d', [-40.0044921875, 39.677734375, -20.9125, 49.107031250000006])
array('d', [-40.0044921875, 38.370703125, -19.8388671875, 50.9275390625])
array('d', [-40.331250000000004, 38.370703125, -19.8388671875, 50.9275390625])
array('d', [-41.918359375, 36.2234375, -19.465429687500002, 50.22734375])
array('d', [-41.264843750000004, 33.889453125, -17.831640625000002, 50.22734375])
array('d', [-41.264843750000004, 33.889453125, -16.151171875, 50.6474609375])
array('d', [-41.7783203125, 32.862500000000004, -16.151171875, 50.6474609375])
array('d', [-44.4857421875, 31.322070312500003, -13.537109375, 52.234570312500004])
array('d', [-45.74609375, 28.848046875, -11.9033203125, 53.401562500000004])
array('d', [-45.74609375, 28.848046875, -11.76328125, 54.241796875000006])
array('d', [-48.173437500000006, 28.287890625000003, -11.76328125, 54.241796875000006])
array('d', [-48.266796875000004, 25.533789062500002, -9.7560546875, 54.1951171875])
array('d', [-50.974218750000006, 22.733007812500002, -8.682421875000001, 55.875585937500006])
array('d', [-52.234570312500004, 20.865820312500002, -7.5154296875, 56.855859375])
array('d', [-51.907812500000006, 20.0255859375, -5.228125, 59.0498046875])
array('d', [-54.6619140625, 17.831640625000002, -4.29453125, 57.6494140625])
array('d', [-54.6619140625, 17.831640625000002, -1.6804687500000002, 60.403515625000004])
array('d', [-55.7822265625, 16.0578125, -1.6804687500000002, 60.403515625000004])
array('d', [-55.7822265625, 16.0578125, -1.6804687500000002, 60.403515625000004])
array('d', [-55.7822265625, 16.0578125, -1.6804687500000002, 60.403515625000004])
array('d', [-55.7822265625, 16.0578125, -1.6804687500000002, 60.403515625000004])
array('d', [-55.7822265625, 16.0578125, -1.6804687500000002, 60.403515625000004])
array('d', [-59.0498046875, 14.9375, -1.587109375, 60.776953125000006])
array('d', [-59.843359375000006, 12.416796875000001, 1.1669921875, 62.410742187500006])
array('d', [-58.3962890625, 11.343164062500001, 2.3806640625, 63.904492187500004])
array('d', [-58.3962890625, 11.343164062500001, 2.3806640625, 63.904492187500004])
array('d', [-58.3962890625, 11.343164062500001, 2.3806640625, 63.904492187500004])
array('d', [-58.3962890625, 11.343164062500001, 2.3806640625, 63.904492187500004])
array('d', [-60.496875, 9.2892578125, 2.707421875, 62.410742187500006])
array('d', [-60.496875, 7.422070312500001, 4.8546875, 66.1451171875])
array('d', [-59.656640625, 7.422070312500001, 4.8546875, 66.1451171875])
array('d', [-62.3640625, 6.9085937500000005, 5.6015625, 66.6119140625])
array('d', [-64.55800781250001, 5.321484375000001, 7.8421875000000005, 68.75917968750001])
array('d', [-64.55800781250001, 5.321484375000001, 7.8421875000000005, 69.27265625])
array('d', [-62.970898437500004, 5.3681640625, 8.869140625, 69.27265625])
array('d', [-66.471875, 2.9408203125, 10.9697265625, 70.76640625])
array('d', [-66.471875, 2.9408203125, 10.9697265625, 70.76640625])
array('d', [-68.7125, 1.3537109375, 14.283984375000001, 71.32656250000001])
array('d', [-68.8525390625, 0.466796875, 13.63046875, 73.847265625])
array('d', [-68.8525390625, 0.466796875, 13.63046875, 73.847265625])
array('d', [-68.8525390625, 0.466796875, 13.63046875, 73.847265625])
array('d', [-68.99257812500001, -0.7468750000000001, 15.777734375000001, 75.9478515625])
array('d', [-68.99257812500001, -0.7468750000000001, 15.777734375000001, 74.7341796875])
array('d', [-68.805859375, -1.3537109375, 16.431250000000002, 74.7341796875])
array('d', [-73.2404296875, -1.3537109375, 16.431250000000002, 74.7341796875])
array('d', [-73.2404296875, -1.3537109375, 16.431250000000002, 74.7341796875])
array('d', [-73.2404296875, -1.3537109375, 16.431250000000002, 74.7341796875])
array('d', [-73.2404296875, -4.3412109375000005, 18.4384765625, 75.6677734375])
array('d', [-73.89394531250001, -5.8349609375, 19.885546875, 75.8544921875])
array('d', [-72.446875, -7.188671875000001, 19.932226562500002, 78.8419921875])
array('d', [-72.446875, -7.188671875000001, 21.4259765625, 80.6158203125])
array('d', [-76.1345703125, -7.9822265625, 21.4259765625, 80.6158203125])
array('d', [-74.967578125, -9.429296875, 23.153125000000003, 81.22265625])
array('d', [-74.407421875, -9.4759765625, 25.487109375000003, 81.96953125])
array('d', [-74.407421875, -9.4759765625, 25.487109375000003, 81.96953125])
array('d', [-74.407421875, -9.4759765625, 25.487109375000003, 81.96953125])
array('d', [-74.407421875, -9.4759765625, 26.3740234375, 80.10234375])
array('d', [-77.768359375, -10.26953125, 26.3740234375, 80.10234375])
array('d', [-78.1884765625, -13.677148437500001, 28.287890625000003, 84.91035156250001])
array('d', [-78.1884765625, -15.544335937500001, 27.4943359375, 84.58359375])
array('d', [-80.9892578125, -14.470703125, 28.474609375, 87.47773437500001])
array('d', [-80.9892578125, -14.470703125, 28.474609375, 86.49746093750001])
array('d', [-80.42910156250001, -15.030859375, 29.408203125, 86.49746093750001])
array('d', [-80.42910156250001, -15.030859375, 29.408203125, 86.49746093750001])
array('d', [-81.502734375, -17.084765625, 31.462109375, 88.83144531250001])
array('d', [-81.502734375, -17.9716796875, 32.162304687500004, 90.23183593750001])
array('d', [-83.65, -17.9716796875, 32.162304687500004, 90.23183593750001])
array('d', [-83.65, -17.9716796875, 32.4890625, 91.958984375])
array('d', [-83.69667968750001, -16.9447265625, 35.5232421875, 92.7525390625])
array('d', [-83.69667968750001, -18.531835937500002, 37.530468750000004, 93.07929687500001])
array('d', [-85.983984375, -18.531835937500002, 37.530468750000004, 93.07929687500001])
array('d', [-86.357421875, -21.1458984375, 36.9703125, 92.14570312500001])
array('d', [-86.54414062500001, -22.126171875, 34.729687500000004, 94.5263671875])
array('d', [-86.54414062500001, -22.126171875, 34.6830078125, 94.5263671875])
array('d', [-86.8708984375, -20.9591796875, 34.6830078125, 94.5263671875])
array('d', [-86.357421875, -21.47265625, 37.530468750000004, 96.3935546875])
array('d', [-87.0576171875, -22.126171875, 37.997265625000004, 93.1259765625])
array('d', [-87.0576171875, -22.126171875, 37.997265625000004, 97.28046875000001])
array('d', [-87.0576171875, -22.126171875, 37.997265625000004, 97.28046875000001])
array('d', [-87.0576171875, -22.126171875, 37.997265625000004, 97.28046875000001])
array('d', [-87.0576171875, -22.126171875, 37.997265625000004, 97.28046875000001])
array('d', [-87.89785156250001, -23.433203125000002, 37.997265625000004, 97.28046875000001])
array('d', [-88.4580078125, -24.4134765625, 37.7171875, 97.23378906250001])
array('d', [-86.26406250000001, -24.786914062500003, 38.183984375, 97.373828125])
array('d', [-86.26406250000001, -24.786914062500003, 38.183984375, 97.4205078125])
array('d', [-89.4849609375, -24.180078125, 42.851953125, 97.4205078125])
array('d', [-89.4849609375, -24.180078125, 40.331250000000004, 97.65390625])
array('d', [-89.11152343750001, -25.4404296875, 36.596875000000004, 98.16738281250001])
array('d', [-89.11152343750001, -25.4404296875, 36.596875000000004, 98.16738281250001])
array('d', [-89.81171875000001, -25.300390625000002, 36.130078125000004, 99.7078125])
array('d', [-89.99843750000001, -23.7599609375, 37.8572265625, 98.21406250000001])
array('d', [-89.99843750000001, -23.7599609375, 41.404882812500006, 97.98066406250001])
array('d', [-89.99843750000001, -23.7599609375, 41.404882812500006, 97.98066406250001])
array('d', [-89.57832031250001, -23.0130859375, 41.404882812500006, 96.3935546875])
array('d', [-89.43828125, -22.7796875, 38.7908203125, 96.3935546875])
array('d', [-87.19765625000001, -23.1064453125, 36.4568359375, 97.74726562500001])
array('d', [-87.19765625000001, -23.1064453125, 37.0169921875, 98.44746093750001])
array('d', [-87.104296875, -23.059765625, 37.0169921875, 97.51386718750001])
array('d', [-86.5908203125, -21.2392578125, 39.3509765625, 97.51386718750001])
array('d', [-85.6572265625, -21.099218750000002, 37.997265625000004, 95.7400390625])
array('d', [-85.79726562500001, -20.35234375, 35.4765625, 96.30019531250001])
array('d', [-85.79726562500001, -20.35234375, 34.823046875, 94.89980468750001])
array('d', [-83.74335937500001, -20.35234375, 34.823046875, 94.89980468750001])
array('d', [-80.9892578125, -18.8119140625, 33.7494140625, 94.8064453125])
array('d', [-80.89589843750001, -16.898046875000002, 33.796093750000004, 92.33242187500001])
array('d', [-79.448828125, -16.898046875000002, 32.67578125, 89.99843750000001])
array('d', [-79.448828125, -16.898046875000002, 32.67578125, 89.29824218750001])
array('d', [-79.448828125, -16.898046875000002, 32.67578125, 89.29824218750001])
array('d', [-77.9083984375, -17.131445312500002, 30.855273437500003, 89.29824218750001])
array('d', [-78.2818359375, -16.99140625, 30.2951171875, 88.971484375])
array('d', [-76.9748046875, -14.750781250000001, 28.2412109375, 89.9517578125])
array('d', [-76.9748046875, -14.750781250000001, 29.6416015625, 87.0576171875])
array('d', [-75.06093750000001, -13.25703125, 29.6416015625, 87.0576171875])
array('d', [-75.6677734375, -13.0236328125, 28.661328125, 86.5908203125])
array('d', [-75.6677734375, -13.0236328125, 28.661328125, 86.5908203125])
array('d', [-75.6677734375, -13.0236328125, 28.661328125, 86.5908203125])
array('d', [-73.19375000000001, -12.883593750000001, 26.420703125000003, 85.7505859375])
array('d', [-73.5205078125, -9.429296875, 26.420703125000003, 85.7505859375])
array('d', [-70.9064453125, -10.409570312500001, 23.900000000000002, 83.50996093750001])
array('d', [-70.9064453125, -10.409570312500001, 23.900000000000002, 83.50996093750001])
array('d', [-70.9064453125, -10.409570312500001, 23.900000000000002, 83.50996093750001])
array('d', [-70.85976562500001, -9.1025390625, 22.59296875, 81.316015625])
array('d', [-69.7861328125, -7.7955078125, 22.873046875, 80.84921875])
array('d', [-65.49160156250001, -7.001953125, 19.60546875, 79.02871093750001])
array('d', [-65.49160156250001, -7.001953125, 20.3056640625, 78.2818359375])
array('d', [-66.0517578125, -5.3681640625, 20.3056640625, 78.2818359375])
array('d', [-63.110937500000006, -5.0880859375, 18.951953125, 77.4416015625])
array('d', [-63.904492187500004, -3.7810546875, 17.084765625, 75.434375])
array('d', [-63.904492187500004, -4.387890625, 17.8783203125, 73.3337890625])
array('d', [-63.437695312500004, -4.387890625, 17.8783203125, 73.3337890625])
array('d', [-62.504101562500004, -5.1814453125, 16.61796875, 70.299609375])
array('d', [-62.3640625, -4.48125, 14.750781250000001, 71.419921875])
array('d', [-59.936718750000004, -2.4740234375, 13.4904296875, 70.2529296875])
array('d', [-59.936718750000004, -2.4740234375, 13.4904296875, 70.2529296875])
array('d', [-59.7966796875, -0.2333984375, 14.377343750000001, 70.2529296875])
array('d', [-57.4626953125, -0.7935546875, 13.3037109375, 67.59218750000001])
array('d', [-58.069531250000004, 0.8869140625, 10.6896484375, 65.1181640625])
array('d', [-58.069531250000004, 0.8869140625, 10.6896484375, 63.671093750000004])
array('d', [-58.069531250000004, 0.8869140625, 10.6896484375, 63.671093750000004])
array('d', [-58.069531250000004, 0.8869140625, 10.6896484375, 63.671093750000004])
array('d', [-55.3154296875, 1.3537109375, 9.802734375, 63.671093750000004])
array('d', [-52.608007812500006, 2.333984375, 9.3359375, 64.41796875])
array('d', [-52.7947265625, 5.134765625, 9.52265625, 62.3173828125])
array('d', [-52.7947265625, 5.134765625, 9.52265625, 62.3173828125])
array('d', [-49.667187500000004, 6.3951171875, 8.8224609375, 61.2904296875])
array('d', [-50.22734375, 6.4417968750000005, 6.53515625, 60.076757812500006])
array('d', [-48.733593750000004, 7.7955078125, 6.4417968750000005, 58.302929687500004])
array('d', [-48.733593750000004, 7.7955078125, 4.4345703125, 57.275976562500006])
array('d', [-47.566601562500004, 7.935546875, 4.4345703125, 57.275976562500006])
array('d', [-47.566601562500004, 9.1958984375, 3.5943359375000004, 55.735546875000004])
array('d', [-45.9794921875, 11.0630859375, 2.1939453125, 56.1556640625])
array('d', [-43.225390625, 12.13671875, 1.3537109375, 54.6619140625])
array('d', [-43.225390625, 12.13671875, 1.8205078125, 52.09453125])
array('d', [-43.0853515625, 13.63046875, 1.8205078125, 52.09453125])
array('d', [-41.5916015625, 13.443750000000001, 0.8869140625, 51.4876953125])
array('d', [-40.6580078125, 13.210351562500001, -0.653515625, 48.36015625])
array('d', [-38.8841796875, 16.0578125, -2.7541015625000003, 48.406835937500006])
array('d', [-36.41015625, 17.5515625, -2.147265625, 46.959765625])
array('d', [-36.41015625, 17.5515625, -2.147265625, 44.8591796875])
array('d', [-35.383203125, 17.73828125, -4.014453125, 44.8591796875])
array('d', [-34.262890625000004, 19.465429687500002, -4.014453125, 44.8591796875])
array('d', [-34.262890625000004, 19.465429687500002, -4.014453125, 44.8591796875])
array('d', [-34.262890625000004, 19.465429687500002, -4.014453125, 44.8591796875])
array('d', [-34.262890625000004, 20.632421875000002, -5.788281250000001, 42.805273437500006])
array('d', [-33.4693359375, 20.632421875000002, -5.788281250000001, 43.785546875])
array('d', [-31.788867187500003, 21.285937500000003, -6.955273437500001, 43.785546875])
array('d', [-29.781640625, 21.566015625000002, -8.9625, 37.7171875])
array('d', [-29.221484375000003, 23.33984375, -9.7560546875, 37.9505859375])
array('d', [-29.221484375000003, 23.33984375, -9.7560546875, 37.9505859375])
array('d', [-28.054492187500003, 23.5265625, -10.549609375000001, 36.690234375])
array('d', [-27.44765625, 24.0400390625, -11.856640625, 34.16953125])
array('d', [-26.420703125000003, 26.8408203125, -12.183398437500001, 33.702734375])
array('d', [-26.420703125000003, 26.8408203125, -15.404296875, 33.2359375])
array('d', [-23.853320312500003, 27.3076171875, -15.404296875, 33.2359375])
array('d', [-24.2734375, 26.980859375, -14.470703125, 32.582421875])
array('d', [-21.099218750000002, 28.521289062500003, -15.544335937500001, 30.7619140625])
array('d', [-21.099218750000002, 28.521289062500003, -15.544335937500001, 30.7619140625])
array('d', [-21.099218750000002, 28.521289062500003, -15.544335937500001, 30.7619140625])
array('d', [-21.099218750000002, 28.521289062500003, -15.544335937500001, 30.7619140625])
array('d', [-20.165625000000002, 29.968359375000002, -16.3845703125, 28.19453125])
array('d', [-19.5587890625, 31.4154296875, -17.598242187500002, 27.634375000000002])
array('d', [-17.831640625000002, 33.7494140625, -18.85859375, 24.786914062500003])
array('d', [-17.831640625000002, 33.7494140625, -18.85859375, 24.786914062500003])
array('d', [-16.2912109375, 34.2162109375, -20.9125, 25.533789062500002])
array('d', [-13.3037109375, 34.636328125, -22.1728515625, 24.646875])
array('d', [-13.3037109375, 34.823046875, -22.266210937500002, 23.806640625])
array('d', [-12.230078125, 34.823046875, -22.266210937500002, 23.806640625])
array('d', [-12.043359375000001, 37.34375, -23.619921875000003, 20.865820312500002])
array('d', [-10.5962890625, 39.397656250000004, -25.4404296875, 18.951953125])
array('d', [-10.5962890625, 39.397656250000004, -25.4404296875, 18.951953125])
array('d', [-10.5962890625, 39.397656250000004, -25.4404296875, 18.951953125])
array('d', [-10.5962890625, 39.397656250000004, -25.4404296875, 18.951953125])
array('d', [-10.5962890625, 39.397656250000004, -25.4404296875, 18.951953125])
array('d', [-8.7291015625, 40.14453125, -25.20703125, 19.1853515625])
array('d', [-7.0486328125, 40.611328125, -26.3740234375, 17.7849609375])
array('d', [-7.0486328125, 41.264843750000004, -27.400976562500002, 16.431250000000002])
array('d', [-7.0486328125, 41.264843750000004, -27.400976562500002, 16.431250000000002])
array('d', [-4.8546875, 41.638281250000006, -28.334570312500002, 16.711328125])
array('d', [-4.014453125, 44.999218750000004, -29.8283203125, 14.8908203125])
array('d', [-4.014453125, 44.999218750000004, -29.8283203125, 12.603515625])
array('d', [-4.014453125, 44.999218750000004, -29.8283203125, 12.603515625])
array('d', [-4.014453125, 44.999218750000004, -29.8283203125, 12.603515625])
array('d', [-4.014453125, 44.999218750000004, -29.8283203125, 12.603515625])
array('d', [-4.014453125, 44.999218750000004, -29.8283203125, 12.603515625])
array('d', [-2.6607421875000004, 46.072851562500006, -29.31484375, 11.950000000000001])
array('d', [-1.773828125, 46.399609375000004, -30.715234375, 11.950000000000001])
array('d', [1.3537109375, 47.333203125000004, -31.648828125, 11.483203125000001])
array('d', [1.3537109375, 47.333203125000004, -31.648828125, 11.483203125000001])
array('d', [1.3537109375, 47.333203125000004, -31.648828125, 11.483203125000001])
array('d', [2.333984375, 47.706640625000006, -32.022265625, 10.082812500000001])
array('d', [3.5943359375000004, 49.433789062500004, -33.562695312500004, 8.77578125])
array('d', [3.5943359375000004, 49.433789062500004, -33.562695312500004, 5.9283203125])
array('d', [4.4345703125, 52.4212890625, -35.009765625, 5.9283203125])
array('d', [6.3017578125, 54.241796875000006, -36.4568359375, 5.41484375])
array('d', [6.3017578125, 53.775000000000006, -35.9900390625, 4.8080078125000005])
array('d', [7.3287109375, 53.775000000000006, -35.9900390625, 4.8080078125000005])
array('d', [7.3287109375, 53.775000000000006, -35.9900390625, 4.8080078125000005])
array('d', [7.3287109375, 53.775000000000006, -35.9900390625, 4.8080078125000005])
array('d', [7.3287109375, 53.775000000000006, -35.9900390625, 4.8080078125000005])
array('d', [7.3287109375, 53.775000000000006, -35.9900390625, 4.8080078125000005])
array('d', [10.409570312500001, 55.035351562500004, -36.9703125, 2.9408203125])
array('d', [10.9697265625, 56.575781250000006, -40.6580078125, 2.9408203125])
array('d', [12.13671875, 57.229296875, -37.7171875, 0.93359375])
array('d', [12.13671875, 57.229296875, -37.7171875, 0.93359375])
array('d', [12.13671875, 57.229296875, -37.7171875, 0.93359375])
array('d', [13.116992187500001, 59.469921875000004, -38.8841796875, 1.0269531250000001])
array('d', [15.777734375000001, 60.2634765625, -41.404882812500006, -0.0])
array('d', [15.777734375000001, 60.2634765625, -41.404882812500006, -0.0])
array('d', [17.271484375, 61.8505859375, -41.404882812500006, -0.0])
array('d', [18.7185546875, 63.811132812500006, -43.132031250000004, -2.80078125])
array('d', [18.7185546875, 63.811132812500006, -43.132031250000004, -6.3951171875])
array('d', [19.465429687500002, 65.95839843750001, -43.832226562500004, -6.3951171875])
array('d', [19.465429687500002, 65.95839843750001, -43.832226562500004, -6.3951171875])
array('d', [19.465429687500002, 65.95839843750001, -43.832226562500004, -6.3951171875])
array('d', [19.465429687500002, 65.95839843750001, -43.832226562500004, -6.3951171875])
array('d', [19.465429687500002, 65.95839843750001, -43.832226562500004, -6.3951171875])
array('d', [20.585742187500003, 65.071484375, -42.75859375, -5.881640625])
array('d', [22.873046875, 68.1056640625, -44.672460937500006, -5.881640625])
array('d', [24.180078125, 67.12539062500001, -46.026171875, -6.6751953125000005])
array('d', [24.180078125, 67.12539062500001, -46.026171875, -6.6751953125000005])
array('d', [24.180078125, 67.12539062500001, -46.026171875, -6.6751953125000005])
array('d', [24.180078125, 67.12539062500001, -46.026171875, -6.6751953125000005])
array('d', [25.066992187500002, 67.6388671875, -46.49296875, -8.02890625])
array('d', [25.9072265625, 70.62636718750001, -48.080078125, -9.1958984375])
array('d', [25.9072265625, 70.62636718750001, -48.080078125, -9.6626953125])
array('d', [26.2806640625, 70.62636718750001, -48.453515625, -9.6626953125])
array('d', [29.921679687500003, 72.540234375, -48.966992187500004, -11.4365234375])
array('d', [29.921679687500003, 72.540234375, -50.600781250000004, -12.043359375000001])
array('d', [30.388476562500003, 74.59414062500001, -50.600781250000004, -12.043359375000001])
array('d', [33.0025390625, 74.59414062500001, -51.0208984375, -14.4240234375])
array('d', [33.0025390625, 73.42714843750001, -52.374609375000006, -13.910546875000001])
array('d', [33.04921875, 75.714453125, -52.374609375000006, -13.910546875000001])
array('d', [35.2431640625, 76.3212890625, -52.608007812500006, -16.524609375])
array('d', [35.2431640625, 76.3212890625, -52.608007812500006, -16.524609375])
array('d', [35.2431640625, 76.3212890625, -52.608007812500006, -16.524609375])
array('d', [35.2431640625, 76.3212890625, -52.608007812500006, -16.524609375])
array('d', [35.2431640625, 76.3212890625, -52.608007812500006, -16.524609375])
array('d', [35.009765625, 79.35546875, -53.8216796875, -15.917773437500001])
array('d', [37.297070312500004, 79.1220703125, -54.475195312500006, -17.5048828125])
array('d', [37.297070312500004, 79.1220703125, -54.475195312500006, -17.5048828125])
array('d', [37.530468750000004, 80.66250000000001, -54.8486328125, -18.85859375])
array('d', [38.9775390625, 81.4560546875, -56.342382812500006, -19.2787109375])
array('d', [38.9775390625, 81.4560546875, -56.342382812500006, -18.765234375000002])
array('d', [38.370703125, 81.7361328125, -56.2490234375, -18.765234375000002])
array('d', [41.171484375000006, 83.65, -57.602734375000004, -19.8388671875])
array('d', [41.7783203125, 84.490234375, -58.209570312500006, -21.379296875])
array('d', [41.7783203125, 85.5171875, -59.7966796875, -23.153125000000003])
array('d', [43.0853515625, 85.5171875, -59.7966796875, -23.153125000000003])
array('d', [44.8125, 85.56386718750001, -60.216796875, -23.5732421875])
array('d', [44.8591796875, 86.917578125, -60.590234375, -24.366796875000002])
array('d', [44.8591796875, 86.917578125, -60.590234375, -24.366796875000002])
array('d', [44.8591796875, 86.917578125, -65.071484375, -25.673828125])
array('d', [44.439062500000006, 88.59804687500001, -63.437695312500004, -25.6271484375])
array('d', [44.439062500000006, 88.59804687500001, -63.437695312500004, -26.467382812500002])
array('d', [45.699414062500004, 89.625, -64.1845703125, -26.467382812500002])
array('d', [45.9794921875, 91.772265625, -64.7447265625, -26.420703125000003])
array('d', [45.9794921875, 91.772265625, -64.8380859375, -25.953906250000003])
array('d', [48.733593750000004, 92.09902343750001, -64.8380859375, -25.953906250000003])
array('d', [49.85390625, 93.17265625, -65.631640625, -25.953906250000003])
array('d', [49.85390625, 93.17265625, -65.631640625, -25.953906250000003])
array('d', [49.85390625, 93.17265625, -65.631640625, -25.953906250000003])
array('d', [49.85390625, 93.1259765625, -66.65859375000001, -28.6146484375])
array('d', [49.807226562500006, 93.1259765625, -66.65859375000001, -28.6146484375])
array('d', [47.566601562500004, 95.7400390625, -68.0123046875, -30.4818359375])
array('d', [50.507421875000006, 95.36660156250001, -68.0123046875, -30.4818359375])
array('d', [50.507421875000006, 95.36660156250001, -67.6388671875, -29.221484375000003])
array('d', [52.8880859375, 96.253515625, -69.0392578125, -30.5751953125])
array('d', [52.7947265625, 98.21406250000001, -70.953125, -31.7421875])
array('d', [52.7947265625, 98.21406250000001, -71.3732421875, -32.7224609375])
array('d', [53.681640625, 99.14765625000001, -71.3732421875, -32.7224609375])
array('d', [53.121484375, 100.54804687500001, -73.473828125, -33.04921875])
array('d', [54.988671875, 100.54804687500001, -73.473828125, -33.04921875])
array('d', [54.988671875, 100.54804687500001, -73.473828125, -33.04921875])
array('d', [54.6619140625, 103.06875000000001, -74.9208984375, -33.095898437500004])
array('d', [54.6619140625, 103.06875000000001, -74.9208984375, -34.076171875])
array('d', [52.841406250000006, 103.9556640625, -76.4146484375, -34.076171875])
array('d', [52.841406250000006, 103.9556640625, -76.4146484375, -34.076171875])
array('d', [53.681640625, 103.0220703125, -75.52773437500001, -37.063671875000004])
array('d', [57.275976562500006, 105.3560546875, -78.56191406250001, -35.569921875])
array('d', [56.3890625, 105.68281250000001, -77.62832031250001, -35.5232421875])
array('d', [56.3890625, 105.68281250000001, -77.62832031250001, -35.5232421875])
array('d', [56.3890625, 105.68281250000001, -77.62832031250001, -35.5232421875])
array('d', [56.3890625, 105.68281250000001, -77.62832031250001, -35.5232421875])
array('d', [54.2884765625, 107.456640625, -78.701953125, -36.4568359375])
array('d', [54.3818359375, 108.95039062500001, -77.62832031250001, -35.103125])
array('d', [57.509375000000006, 109.0904296875, -78.0484375, -35.896679687500004])
array('d', [57.509375000000006, 109.0904296875, -78.0484375, -35.896679687500004])
array('d', [57.509375000000006, 109.23046875, -78.0484375, -34.8697265625])
array('d', [58.069531250000004, 109.23046875, -78.98203125, -36.363476562500004])
array('d', [56.9958984375, 110.630859375, -78.98203125, -36.363476562500004])
array('d', [55.3154296875, 112.311328125, -78.0484375, -34.496289062500004])
array('d', [58.162890625, 110.444140625, -78.60859375, -36.2701171875])
array('d', [57.742773437500006, 112.17128906250001, -78.3751953125, -35.569921875])
array('d', [54.568554687500004, 113.525, -78.888671875, -35.429882812500004])
array('d', [54.568554687500004, 113.525, -77.3482421875, -36.2234375])
array('d', [53.9150390625, 115.9990234375, -77.3482421875, -36.2234375])
array('d', [53.9150390625, 115.9990234375, -77.3482421875, -36.2234375])
array('d', [59.236523437500004, 115.5322265625, -79.5888671875, -35.196484375000004])
array('d', [56.2490234375, 118.00625000000001, -80.6158203125, -34.1228515625])
array('d', [54.521875, 118.93984375000001, -79.635546875, -34.029492187500004])
array('d', [54.521875, 118.93984375000001, -79.635546875, -34.029492187500004])
array('d', [54.521875, 118.93984375000001, -79.635546875, -34.16953125])
array('d', [54.6619140625, 118.51972656250001, -80.7091796875, -34.16953125])
array('d', [57.32265625, 117.259375, -81.36269531250001, -34.5896484375])
array('d', [54.941992187500006, 117.77285156250001, -82.2029296875, -34.8697265625])
array('d', [54.941992187500006, 118.099609375, -80.89589843750001, -34.35625])
array('d', [51.067578125000004, 118.099609375, -80.89589843750001, -34.4029296875])
array('d', [53.3548828125, 119.8267578125, -79.8689453125, -34.4029296875])
array('d', [51.8611328125, 118.8931640625, -80.7091796875, -31.602148437500002])
array('d', [51.627734375, 116.60585937500001, -81.6427734375, -33.095898437500004])
array('d', [51.627734375, 119.966796875, -82.29628906250001, -31.835546875000002])
array('d', [51.627734375, 119.966796875, -82.29628906250001, -31.835546875000002])
array('d', [53.074804687500006, 120.0134765625, -83.556640625, -32.67578125])
array('d', [53.074804687500006, 120.0134765625, -83.556640625, -33.4693359375])
array('d', [53.121484375, 118.51972656250001, -83.369921875, -33.4693359375])
array('d', [49.200390625000004, 116.045703125, -84.95703125, -33.702734375])
array('d', [48.640234375000006, 119.45332031250001, -85.61054687500001, -33.329296875000004])
array('d', [48.640234375000006, 119.45332031250001, -83.93007812500001, -34.823046875])
array('d', [49.433789062500004, 120.900390625, -83.93007812500001, -34.823046875])
array('d', [46.539648437500006, 119.5466796875, -85.14375000000001, -32.582421875])
array('d', [47.6599609375, 118.98652343750001, -84.490234375, -32.582421875])
array('d', [47.6599609375, 118.98652343750001, -84.490234375, -32.9091796875])
array('d', [47.6599609375, 118.98652343750001, -84.490234375, -32.9091796875])
array('d', [47.6599609375, 118.98652343750001, -84.490234375, -32.9091796875])
array('d', [48.826953125, 117.8662109375, -85.0037109375, -32.3490234375])
array('d', [48.826953125, 117.8662109375, -85.423828125, -33.8427734375])
array('d', [44.8125, 117.8662109375, -85.423828125, -33.8427734375])
array('d', [44.719140625, 118.19296875, -86.54414062500001, -32.30234375])
array('d', [47.2865234375, 119.92011718750001, -85.1904296875, -30.201757812500002])
array('d', [47.2865234375, 116.9326171875, -84.5369140625, -30.715234375])
array('d', [47.006445312500006, 116.9326171875, -84.5369140625, -30.715234375])
array('d', [47.006445312500006, 116.9326171875, -84.5369140625, -30.715234375])
array('d', [47.006445312500006, 116.9326171875, -84.5369140625, -30.715234375])
array('d', [45.092578125, 118.93984375000001, -85.890625, -32.4423828125])
array('d', [45.3259765625, 121.6005859375, -86.5908203125, -31.0419921875])
array('d', [48.033398437500004, 121.460546875, -85.37714843750001, -31.0419921875])
array('d', [48.033398437500004, 121.460546875, -85.37714843750001, -31.0419921875])
array('d', [48.033398437500004, 121.460546875, -85.37714843750001, -31.0419921875])
array('d', [47.239843750000006, 121.460546875, -84.86367187500001, -30.9953125])
array('d', [47.239843750000006, 120.62031250000001, -85.4705078125, -31.555468750000003])
array('d', [47.61328125, 121.647265625, -85.4705078125, -30.80859375])
array('d', [47.61328125, 121.647265625, -85.4705078125, -30.80859375])
array('d', [44.8591796875, 120.713671875, -84.58359375, -30.80859375])
array('d', [45.4193359375, 123.65449218750001, -84.86367187500001, -28.8947265625])
array('d', [46.7263671875, 117.166015625, -81.59609375000001, -27.541015625])
array('d', [46.7263671875, 117.166015625, -81.59609375000001, -27.541015625])
array('d', [46.7263671875, 117.166015625, -81.59609375000001, -27.541015625])
array('d', [44.299023437500004, 119.64003906250001, -83.65, -27.914453125])
array('d', [43.738867187500006, 119.31328125, -80.89589843750001, -27.400976562500002])
array('d', [43.738867187500006, 119.31328125, -78.9353515625, -27.354296875000003])
array('d', [45.5126953125, 121.04042968750001, -78.9353515625, -27.354296875000003])
array('d', [46.4462890625, 120.85371093750001, -80.2890625, -29.688281250000003])
array('d', [46.7263671875, 119.1265625, -81.4560546875, -27.867773437500002])
array('d', [46.7263671875, 119.1265625, -81.4560546875, -27.167578125000002])
array('d', [41.871679687500006, 120.2935546875, -80.42910156250001, -27.167578125000002])
array('d', [40.89140625, 117.3994140625, -79.2154296875, -25.487109375000003])
array('d', [40.89140625, 116.88593750000001, -79.02871093750001, -24.9736328125])
array('d', [43.038671875000006, 116.88593750000001, -79.16875, -26.140625])
array('d', [41.2181640625, 116.18574218750001, -79.16875, -26.140625])
array('d', [38.230664062500004, 117.0259765625, -78.23515625, -24.2267578125])
array('d', [38.230664062500004, 117.8662109375, -78.4685546875, -23.246484375])
array('d', [39.677734375, 114.6919921875, -77.0681640625, -24.180078125])
array('d', [39.677734375, 113.9451171875, -78.2818359375, -23.199804687500002])
array('d', [39.584375, 113.9451171875, -78.2818359375, -22.873046875])
array('d', [38.0439453125, 113.9451171875, -78.32851562500001, -22.873046875])
array('d', [36.7369140625, 116.41914062500001, -77.581640625, -25.300390625000002])
array('d', [36.7369140625, 116.41914062500001, -77.581640625, -25.300390625000002])
array('d', [37.90390625, 114.365234375, -78.3751953125, -23.71328125])
array('d', [37.297070312500004, 113.1982421875, -76.087890625, -25.953906250000003])
array('d', [37.297070312500004, 113.1982421875, -76.087890625, -25.953906250000003])
array('d', [35.4765625, 112.3580078125, -77.9083984375, -23.806640625])
array('d', [35.2431640625, 112.3580078125, -75.24765625, -23.71328125])
array('d', [35.2431640625, 111.00429687500001, -74.9208984375, -24.46015625])
array('d', [35.2431640625, 111.00429687500001, -74.9208984375, -24.46015625])
array('d', [36.503515625, 111.00429687500001, -74.9208984375, -24.366796875000002])
array('d', [36.503515625, 111.98457031250001, -77.48828125, -24.366796875000002])
array('d', [37.34375, 111.75117187500001, -78.09511718750001, -23.993359375])
array('d', [37.34375, 111.75117187500001, -78.09511718750001, -23.993359375])
array('d', [37.34375, 111.75117187500001, -78.09511718750001, -23.993359375])
array('d', [35.009765625, 113.10488281250001, -78.4685546875, -26.140625])
array('d', [34.636328125, 113.2916015625, -78.421875, -24.926953125])
array('d', [34.636328125, 113.2916015625, -78.2818359375, -24.366796875000002])
array('d', [34.636328125, 113.2916015625, -78.2818359375, -24.366796875000002])
array('d', [37.297070312500004, 110.72421875, -78.60859375, -23.853320312500003])
array('d', [36.5501953125, 110.72421875, -78.60859375, -24.6935546875])
array('d', [35.196484375000004, 112.5447265625, -77.62832031250001, -24.6935546875])
array('d', [35.196484375000004, 112.5447265625, -78.3751953125, -24.6935546875])
array('d', [35.28984375, 114.8787109375, -78.3751953125, -27.6810546875])
array('d', [38.557421875, 114.6919921875, -79.96230468750001, -27.6810546875])
array('d', [40.9380859375, 114.27187500000001, -82.80976562500001, -25.860546875])
array('d', [40.9380859375, 116.37246093750001, -83.93007812500001, -27.2609375])
array('d', [39.8177734375, 116.37246093750001, -81.1759765625, -29.921679687500003])
array('d', [38.697460937500004, 118.8931640625, -81.1759765625, -29.921679687500003])
array('d', [39.304296875, 118.8931640625, -81.1759765625, -29.921679687500003])
array('d', [39.304296875, 118.8931640625, -81.1759765625, -29.921679687500003])
array('d', [39.304296875, 118.8931640625, -81.1759765625, -29.921679687500003])
array('d', [42.9453125, 118.1462890625, -80.942578125, -27.7744140625])
array('d', [44.0189453125, 118.3796875, -82.80976562500001, -28.0078125])
array('d', [42.01171875, 117.77285156250001, -82.10957031250001, -28.0078125])
array('d', [41.358203125, 120.6669921875, -81.409375, -28.7080078125])
array('d', [41.358203125, 120.6669921875, -80.10234375, -29.034765625000002])
array('d', [42.6185546875, 122.20742187500001, -80.10234375, -29.034765625000002])
array('d', [44.9525390625, 123.4677734375, -82.436328125, -28.7080078125])
array('d', [45.4193359375, 122.20742187500001, -82.52968750000001, -28.801367187500002])
array('d', [41.638281250000006, 124.6814453125, -82.3896484375, -28.19453125])
array('d', [43.225390625, 126.3619140625, -82.15625, -28.94140625])
array('d', [44.9525390625, 125.8017578125, -83.65, -28.334570312500002])
array('d', [45.3259765625, 125.8017578125, -83.65, -29.3615234375])
array('d', [46.072851562500006, 123.88789062500001, -83.27656250000001, -26.420703125000003])
array('d', [46.072851562500006, 128.0890625, -83.183203125, -28.661328125])
array('d', [43.365429687500004, 128.0890625, -82.623046875, -28.334570312500002])
array('d', [45.3259765625, 128.2291015625, -83.97675781250001, -28.6146484375])
array('d', [44.25234375, 127.995703125, -82.6697265625, -28.7080078125])
array('d', [44.25234375, 127.995703125, -83.83671875, -28.101171875000002])
array('d', [42.898632812500004, 127.90234375, -83.83671875, -29.0814453125])
array('d', [42.01171875, 128.742578125, -83.556640625, -28.054492187500003])
array('d', [42.38515625, 128.742578125, -83.556640625, -28.054492187500003])
array('d', [43.6455078125, 124.54140625000001, -82.15625, -27.634375000000002])
array('d', [43.6455078125, 126.78203125, -81.82949218750001, -28.474609375])
array('d', [41.7783203125, 126.78203125, -81.82949218750001, -28.661328125])
array('d', [39.677734375, 125.00820312500001, -82.52968750000001, -28.661328125])
array('d', [40.7046875, 122.8609375, -80.66250000000001, -26.794140625])
array('d', [39.864453125000004, 124.8681640625, -81.36269531250001, -26.934179687500002])
array('d', [37.810546875, 124.8681640625, -81.9228515625, -28.101171875000002])
array('d', [37.810546875, 123.88789062500001, -81.7361328125, -27.07421875])
array('d', [35.85, 123.88789062500001, -81.7361328125, -27.587695312500003])
array('d', [36.03671875, 125.24160156250001, -82.29628906250001, -27.587695312500003])
array('d', [39.4443359375, 121.55390625000001, -84.490234375, -28.754687500000003])
array('d', [38.090625, 120.713671875, -83.183203125, -27.2142578125])
array('d', [37.90390625, 121.6005859375, -82.6697265625, -27.7744140625])
array('d', [38.27734375, 124.2146484375, -84.2568359375, -27.634375000000002])
array('d', [37.90390625, 122.0673828125, -82.71640625, -27.634375000000002])
array('d', [37.763867187500004, 122.0673828125, -82.71640625, -28.101171875000002])
array('d', [35.7099609375, 123.37441406250001, -83.74335937500001, -27.07421875])
array('d', [35.28984375, 123.0009765625, -83.74335937500001, -27.4943359375])
array('d', [36.876953125, 118.099609375, -82.6697265625, -28.8947265625])
array('d', [37.0169921875, 118.099609375, -83.1365234375, -26.700781250000002])
array('d', [38.557421875, 120.6669921875, -82.249609375, -26.654101562500003])
array('d', [36.41015625, 122.72089843750001, -80.1490234375, -28.661328125])
array('d', [37.34375, 119.7333984375, -82.15625, -26.5607421875])
array('d', [39.2576171875, 119.780078125, -79.96230468750001, -25.487109375000003])
array('d', [38.8841796875, 121.50722656250001, -80.8025390625, -26.980859375])
array('d', [38.8841796875, 121.74062500000001, -80.66250000000001, -26.2806640625])
array('d', [36.830273437500004, 123.42109375000001, -80.008984375, -26.467382812500002])
array('d', [36.690234375, 119.780078125, -79.635546875, -26.794140625])
array('d', [36.690234375, 119.780078125, -79.635546875, -26.794140625])
array('d', [39.397656250000004, 117.77285156250001, -81.96953125, -28.1478515625])
array('d', [39.304296875, 118.00625000000001, -81.316015625, -24.6935546875])
array('d', [36.690234375, 120.900390625, -80.2423828125, -24.8802734375])
array('d', [37.763867187500004, 120.2935546875, -80.84921875, -25.9072265625])
array('d', [38.6041015625, 120.99375, -79.4021484375, -23.71328125])
array('d', [38.6041015625, 120.99375, -79.4021484375, -25.3470703125])
array('d', [38.6041015625, 120.99375, -79.4021484375, -25.3470703125])
array('d', [34.6830078125, 116.7458984375, -77.955078125, -24.833593750000002])
array('d', [34.6830078125, 118.47304687500001, -77.021484375, -23.1064453125])
array('d', [34.076171875, 118.47304687500001, -77.021484375, -22.59296875])
array('d', [34.076171875, 118.47304687500001, -77.021484375, -22.59296875])
array('d', [35.429882812500004, 117.81953125000001, -74.59414062500001, -22.266210937500002])
array('d', [35.663281250000004, 114.6453125, -74.59414062500001, -21.659375])
array('d', [31.135351562500002, 112.21796875000001, -72.72695312500001, -21.052539062500003])
array('d', [28.988085937500003, 111.8912109375, -71.980078125, -20.3056640625])
array('d', [30.7619140625, 108.90371093750001, -72.49355468750001, -18.531835937500002])
array('d', [30.528515625, 108.296875, -70.9998046875, -17.925])
array('d', [28.6146484375, 106.98984375, -71.233203125, -17.8783203125])
array('d', [26.5140625, 106.98984375, -71.233203125, -17.8783203125])
array('d', [26.32734375, 107.6900390625, -68.1056640625, -18.2517578125])
array('d', [26.5607421875, 105.40273437500001, -68.52578125000001, -16.151171875])
array('d', [26.5607421875, 105.40273437500001, -68.52578125000001, -16.151171875])
array('d', [28.6146484375, 102.9287109375, -69.92617187500001, -15.777734375000001])
array('d', [25.300390625000002, 101.01484375000001, -66.7052734375, -15.310937500000001])
array('d', [25.253710937500003, 101.01484375000001, -66.7052734375, -15.310937500000001])
array('d', [25.253710937500003, 101.01484375000001, -66.7052734375, -15.310937500000001])
array('d', [23.7599609375, 102.228515625, -64.1845703125, -15.544335937500001])
array('d', [22.7796875, 100.4546875, -64.32460937500001, -14.143945312500001])
array('d', [23.246484375, 99.054296875, -65.3048828125, -12.3701171875])
array('d', [23.246484375, 99.054296875, -65.3048828125, -12.3701171875])
array('d', [22.686328125000003, 97.93398437500001, -63.5310546875, -15.030859375])
array('d', [22.686328125000003, 97.93398437500001, -64.09121093750001, -14.7041015625])
array('d', [21.052539062500003, 99.10097656250001, -64.09121093750001, -14.7041015625])
array('d', [21.052539062500003, 99.10097656250001, -64.09121093750001, -14.7041015625])
array('d', [21.052539062500003, 99.10097656250001, -64.09121093750001, -14.7041015625])
array('d', [20.3056640625, 95.88007812500001, -63.29765625, -12.13671875])
array('d', [19.7921875, 93.4060546875, -62.55078125, -12.13671875])
array('d', [19.5587890625, 92.2390625, -61.103710937500004, -11.38984375])
array('d', [19.0919921875, 91.7255859375, -61.337109375000004, -13.163671875])
array('d', [17.271484375, 90.23183593750001, -60.4501953125, -10.26953125])
array('d', [17.271484375, 90.23183593750001, -58.3962890625, -9.709375])
array('d', [17.271484375, 90.23183593750001, -58.3962890625, -9.709375])
array('d', [16.9447265625, 88.87812500000001, -58.909765625000006, -9.0091796875])
array('d', [16.0111328125, 88.784765625, -59.56328125, -8.682421875000001])
array('d', [15.49765625, 87.57109375, -56.809179687500006, -7.422070312500001])
array('d', [14.5640625, 88.64472656250001, -56.108984375000006, -9.242578125])
array('d', [15.077539062500001, 86.31074218750001, -53.541601562500006, -7.5154296875])
array('d', [15.077539062500001, 86.31074218750001, -54.2884765625, -7.0953125])
array('d', [13.63046875, 85.890625, -54.2884765625, -7.0953125])
array('d', [13.63046875, 81.2693359375, -53.074804687500006, -4.948046875])
array('d', [10.316210937500001, 80.942578125, -51.4876953125, -4.2478515625])
array('d', [9.149218750000001, 80.382421875, -51.4876953125, -3.5943359375000004])
array('d', [9.9427734375, 80.10234375, -49.107031250000006, -3.080859375])
array('d', [9.9427734375, 79.075390625, -48.36015625, -4.3412109375000005])
array('d', [9.9427734375, 79.075390625, -48.36015625, -4.3412109375000005])
array('d', [10.5029296875, 77.5349609375, -47.053125, -0.9802734375000001])
array('d', [8.122265625, 77.5349609375, -47.6599609375, -0.8869140625])
array('d', [7.422070312500001, 78.0017578125, -47.6599609375, -0.8869140625])
array('d', [7.422070312500001, 78.0017578125, -47.6599609375, -0.8869140625])
array('d', [7.422070312500001, 78.0017578125, -47.6599609375, -0.8869140625])
array('d', [6.3951171875, 74.407421875, -46.2595703125, -0.18671875000000002])
array('d', [6.3017578125, 74.407421875, -46.773046875000006, 0.18671875000000002])
array('d', [6.3484375, 74.967578125, -44.345703125, -0.18671875000000002])
array('d', [5.0880859375, 71.51328125, -43.505468750000006, 0.7001953125])
array('d', [4.3412109375000005, 69.22597656250001, -41.7783203125, 1.6337890625])
array('d', [2.6607421875000004, 69.27265625, -40.611328125, 3.17421875])
array('d', [2.6607421875000004, 67.6388671875, -41.7783203125, 2.4740234375])
array('d', [1.8671875, 67.6388671875, -41.7783203125, 4.7146484375])
array('d', [0.42011718750000004, 67.12539062500001, -39.677734375, 4.7146484375])
array('d', [1.3537109375, 66.378515625, -38.464062500000004, 4.7146484375])
array('d', [-0.42011718750000004, 66.378515625, -38.464062500000004, 5.554882812500001])
array('d', [-0.8869140625, 64.23125, -36.596875000000004, 5.554882812500001])
array('d', [-3.734375, 61.897265625, -36.130078125000004, 7.655468750000001])
array('d', [-2.240625, 61.43046875, -34.6830078125, 7.655468750000001])
array('d', [-1.9138671875000002, 62.6908203125, -36.1767578125, 7.3753906250000005])
array('d', [-1.9138671875000002, 62.6908203125, -36.1767578125, 7.3753906250000005])
array('d', [-3.641015625, 60.963671875, -36.0833984375, 7.7021484375])
array('d', [-4.201171875, 57.5560546875, -33.889453125, 7.001953125])
array('d', [-5.694921875, 56.7158203125, -32.9091796875, 9.0091796875])
array('d', [-5.694921875, 56.7158203125, -32.9091796875, 9.0091796875])
array('d', [-5.694921875, 56.108984375000006, -30.9486328125, 9.4759765625])
array('d', [-5.7416015625000005, 56.108984375000006, -30.2484375, 11.856640625])
array('d', [-6.955273437500001, 56.902539062500004, -30.2484375, 11.856640625])
array('d', [-7.655468750000001, 54.241796875000006, -30.621875000000003, 11.483203125000001])
array('d', [-8.3556640625, 52.28125, -30.2951171875, 11.9966796875])
array('d', [-8.3556640625, 50.320703125, -28.4279296875, 11.0630859375])
array('d', [-10.409570312500001, 50.320703125, -28.4279296875, 11.0630859375])
array('d', [-10.409570312500001, 50.320703125, -28.4279296875, 11.0630859375])
array('d', [-10.736328125, 50.880859375, -27.3076171875, 14.8908203125])
array('d', [-10.45625, 52.001171875000004, -26.420703125000003, 12.0900390625])
array('d', [-10.45625, 50.7875, -25.9072265625, 13.537109375])
array('d', [-9.055859375, 49.5271484375, -25.767187500000002, 13.910546875000001])
array('d', [-11.483203125000001, 49.5271484375, -25.767187500000002, 13.910546875000001])
array('d', [-12.0900390625, 47.6599609375, -25.860546875, 15.310937500000001])
array('d', [-12.883593750000001, 46.026171875, -23.853320312500003, 16.431250000000002])
array('d', [-12.183398437500001, 46.026171875, -23.5265625, 16.337890625])
array('d', [-11.9033203125, 47.146484375, -21.939453125, 16.898046875000002])
array('d', [-12.650195312500001, 46.11953125, -21.84609375, 17.084765625])
array('d', [-12.976953125000001, 46.11953125, -22.032812500000002, 16.711328125])
array('d', [-13.3970703125, 44.5791015625, -21.379296875, 15.7310546875])
array('d', [-13.3970703125, 43.738867187500006, -20.632421875000002, 17.831640625000002])
array('d', [-14.283984375000001, 43.738867187500006, -20.632421875000002, 17.5515625])
array('d', [-14.5640625, 43.87890625, -20.7724609375, 17.5515625])
array('d', [-12.603515625, 43.87890625, -20.7724609375, 17.5515625])
array('d', [-12.603515625, 43.87890625, -20.7724609375, 17.5515625])
array('d', [-12.603515625, 43.87890625, -20.7724609375, 17.5515625])
array('d', [-12.603515625, 44.8125, -21.659375, 16.24453125])
array('d', [-12.883593750000001, 43.6455078125, -21.659375, 16.24453125])
array('d', [-11.9033203125, 43.87890625, -22.59296875, 16.524609375])
array('d', [-11.9033203125, 43.505468750000006, -21.566015625000002, 14.844140625000001])
array('d', [-13.677148437500001, 44.065625000000004, -20.5390625, 16.7580078125])
array('d', [-12.883593750000001, 42.9453125, -21.099218750000002, 16.0578125])
array('d', [-11.76328125, 42.38515625, -20.165625000000002, 17.0380859375])
array('d', [-11.249804687500001, 42.75859375, -20.165625000000002, 16.1044921875])
array('d', [-13.3970703125, 43.365429687500004, -20.165625000000002, 15.591015625])
array('d', [-12.8369140625, 41.2181640625, -20.6791015625, 16.337890625])
array('d', [-12.8369140625, 41.2181640625, -20.6791015625, 16.337890625])
array('d', [-13.8638671875, 41.031445312500004, -20.3056640625, 16.0111328125])
array('d', [-12.3701171875, 41.825, -18.531835937500002, 17.2248046875])
array('d', [-13.910546875000001, 41.358203125, -17.7849609375, 16.151171875])
array('d', [-13.910546875000001, 41.358203125, -17.7849609375, 16.197851562500002])
array('d', [-11.296484375, 41.031445312500004, -17.7849609375, 16.197851562500002])
array('d', [-12.276757812500001, 40.611328125, -18.205078125, 16.151171875])
array('d', [-12.276757812500001, 40.611328125, -17.925, 15.49765625])
array('d', [-13.677148437500001, 39.864453125000004, -17.925, 15.49765625])
array('d', [-13.677148437500001, 39.864453125000004, -17.925, 15.49765625])
array('d', [-12.9302734375, 39.8177734375, -19.0453125, 16.2912109375])
array('d', [-13.3037109375, 40.7046875, -19.0453125, 16.2912109375])
array('d', [-11.38984375, 40.237890625, -17.831640625000002, 16.4779296875])
array('d', [-12.696875, 40.14453125, -18.3451171875, 14.7974609375])
array('d', [-12.696875, 40.14453125, -16.3845703125, 16.0111328125])
array('d', [-11.483203125000001, 37.997265625000004, -16.3845703125, 14.9375])
array('d', [-13.210351562500001, 39.117578125, -15.6376953125, 14.9375])
array('d', [-11.669921875, 41.544921875, -17.598242187500002, 16.151171875])
array('d', [-11.950000000000001, 41.3115234375, -18.4384765625, 13.9572265625])
array('d', [-11.950000000000001, 40.564648437500004, -17.925, 13.677148437500001])
array('d', [-8.5423828125, 40.564648437500004, -17.925, 13.677148437500001])
array('d', [-7.7955078125, 41.264843750000004, -18.2517578125, 12.183398437500001])
array('d', [-6.3017578125, 42.571875000000006, -19.6521484375, 12.230078125])
array('d', [-5.788281250000001, 44.345703125, -20.72578125, 11.203125])
array('d', [-5.788281250000001, 44.345703125, -20.72578125, 9.849414062500001])
array('d', [-5.9283203125, 44.4857421875, -20.819140625000003, 9.849414062500001])
array('d', [-4.1078125000000005, 46.072851562500006, -22.032812500000002, 10.176171875])
array('d', [-4.1078125000000005, 46.166210937500004, -23.0130859375, 7.0486328125])
array('d', [-3.2208984375000003, 46.166210937500004, -23.0130859375, 7.0486328125])
array('d', [-0.93359375, 47.8466796875, -23.0130859375, 8.77578125])
array('d', [-1.0736328125, 47.8466796875, -23.900000000000002, 6.3951171875])
array('d', [-1.0736328125, 48.733593750000004, -23.5732421875, 5.881640625])
array('d', [0.42011718750000004, 48.733593750000004, -23.5732421875, 5.881640625])
array('d', [0.280078125, 50.320703125, -24.46015625, 5.694921875])
array('d', [0.280078125, 50.320703125, -24.46015625, 5.694921875])
array('d', [0.280078125, 50.320703125, -24.46015625, 5.694921875])
array('d', [0.280078125, 50.320703125, -24.46015625, 5.694921875])
array('d', [0.280078125, 50.320703125, -24.46015625, 5.694921875])
array('d', [0.280078125, 50.320703125, -24.46015625, 5.694921875])
array('d', [0.7468750000000001, 52.0478515625, -25.1603515625, 4.387890625])
array('d', [2.2873046875000003, 52.234570312500004, -26.187304687500003, 4.5746093750000005])
array('d', [2.2873046875000003, 52.234570312500004, -26.934179687500002, 0.9802734375000001])
array('d', [1.9138671875000002, 52.234570312500004, -26.934179687500002, 0.9802734375000001])
array('d', [1.9138671875000002, 52.234570312500004, -26.934179687500002, 0.9802734375000001])
array('d', [1.9138671875000002, 52.234570312500004, -26.934179687500002, 0.9802734375000001])
array('d', [1.9138671875000002, 52.234570312500004, -26.934179687500002, 0.9802734375000001])
array('d', [4.2478515625, 52.234570312500004, -26.5140625, 2.0539062500000003])
array('d', [4.2478515625, 52.234570312500004, -27.9611328125, 2.4740234375])
array('d', [5.5082031250000005, 54.428515625, -27.9611328125, 2.4740234375])
array('d', [5.5082031250000005, 54.428515625, -28.19453125, 1.1203125])
array('d', [6.2083984375000005, 55.1287109375, -28.38125, 1.400390625])
array('d', [7.888867187500001, 55.735546875000004, -28.38125, 1.400390625])
array('d', [8.915820312500001, 55.548828125, -29.968359375000002, -1.773828125])
array('d', [8.915820312500001, 55.548828125, -29.968359375000002, -1.773828125])
array('d', [8.915820312500001, 55.548828125, -29.968359375000002, -1.773828125])
array('d', [8.915820312500001, 55.548828125, -29.968359375000002, -1.773828125])
array('d', [8.40234375, 56.902539062500004, -30.4818359375, -1.6804687500000002])
array('d', [9.429296875, 56.669140625000004, -32.7224609375, -1.8671875])
array('d', [9.429296875, 59.18984375, -31.788867187500003, -4.1544921875])
array('d', [9.7560546875, 59.18984375, -31.788867187500003, -4.1544921875])
array('d', [12.230078125, 58.769726562500004, -34.3095703125, -5.2748046875000005])
array('d', [13.537109375, 59.843359375000006, -34.35625, -6.5818359375])
array('d', [13.537109375, 59.843359375000006, -36.1767578125, -7.7021484375])
array('d', [13.537109375, 59.843359375000006, -36.1767578125, -7.7021484375])
array('d', [13.537109375, 59.843359375000006, -36.1767578125, -7.7021484375])
array('d', [13.537109375, 59.843359375000006, -36.1767578125, -7.7021484375])
array('d', [15.1708984375, 59.75, -36.1767578125, -7.7021484375])
array('d', [14.470703125, 61.243750000000006, -36.5501953125, -8.5423828125])
array('d', [14.470703125, 61.243750000000006, -37.34375, -8.122265625])
array('d', [16.0578125, 63.0642578125, -37.34375, -8.122265625])
array('d', [16.0578125, 63.0642578125, -37.34375, -8.122265625])
array('d', [16.0578125, 63.0642578125, -37.34375, -8.122265625])
array('d', [17.3181640625, 62.7841796875, -36.830273437500004, -9.429296875])
array('d', [19.138671875, 64.04453125, -37.530468750000004, -9.849414062500001])
array('d', [19.138671875, 64.04453125, -37.530468750000004, -11.249804687500001])
array('d', [19.138671875, 64.04453125, -37.530468750000004, -11.249804687500001])
array('d', [19.138671875, 64.04453125, -37.530468750000004, -11.249804687500001])
array('d', [17.598242187500002, 62.830859375, -37.4837890625, -11.716601562500001])
array('d', [19.0919921875, 62.830859375, -37.4837890625, -11.716601562500001])
array('d', [18.578515625, 65.818359375, -39.397656250000004, -11.483203125000001])
array('d', [22.1728515625, 66.0517578125, -39.677734375, -13.116992187500001])
array('d', [22.1728515625, 67.40546875, -40.331250000000004, -14.9375])
array('d', [23.199804687500002, 67.40546875, -40.331250000000004, -14.610742187500001])
array('d', [24.646875, 67.7322265625, -41.498242187500004, -14.610742187500001])
array('d', [23.853320312500003, 67.82558593750001, -41.1248046875, -16.0578125])
array('d', [25.487109375000003, 68.8525390625, -41.5916015625, -15.030859375])
array('d', [25.487109375000003, 68.8525390625, -41.5916015625, -15.964453125])
array('d', [25.487109375000003, 68.8525390625, -44.345703125, -15.964453125])
array('d', [28.521289062500003, 72.02675781250001, -42.9919921875, -17.4115234375])
array('d', [28.521289062500003, 71.6533203125, -43.1787109375, -17.7849609375])
array('d', [29.0814453125, 71.6533203125, -43.1787109375, -17.7849609375])
array('d', [28.8947265625, 70.20625, -42.898632812500004, -17.925])
array('d', [28.334570312500002, 73.2404296875, -44.9525390625, -19.3720703125])
array('d', [28.334570312500002, 73.2404296875, -44.9525390625, -19.3720703125])
array('d', [28.848046875, 71.8400390625, -45.3259765625, -18.391796875])
array('d', [31.788867187500003, 74.407421875, -45.372656250000006, -20.7724609375])
array('d', [33.095898437500004, 73.42714843750001, -47.566601562500004, -21.2392578125])
array('d', [33.095898437500004, 75.434375, -47.473242187500006, -22.032812500000002])
array('d', [33.095898437500004, 75.434375, -47.473242187500006, -22.032812500000002])
array('d', [33.095898437500004, 75.434375, -47.473242187500006, -22.032812500000002])
array('d', [34.3095703125, 75.901171875, -47.8466796875, -25.1603515625])
array('d', [34.3095703125, 75.901171875, -50.600781250000004, -23.900000000000002])
array('d', [33.796093750000004, 75.901171875, -50.600781250000004, -23.900000000000002])
array('d', [33.796093750000004, 75.901171875, -50.600781250000004, -23.900000000000002])
array('d', [33.796093750000004, 75.901171875, -50.600781250000004, -23.900000000000002])
array('d', [36.1767578125, 78.23515625, -52.3279296875, -24.553515625000003])
array('d', [36.130078125000004, 76.6013671875, -52.7947265625, -26.047265625])
array('d', [34.54296875, 77.62832031250001, -52.141210937500006, -25.767187500000002])
array('d', [34.54296875, 77.62832031250001, -52.141210937500006, -25.767187500000002])
array('d', [37.810546875, 79.4021484375, -52.374609375000006, -26.980859375])
array('d', [38.8841796875, 80.2423828125, -54.568554687500004, -27.4943359375])
array('d', [39.164257812500004, 80.8025390625, -54.1951171875, -28.38125])
array('d', [39.164257812500004, 80.8025390625, -54.1951171875, -29.1748046875])
array('d', [39.397656250000004, 81.7828125, -53.775000000000006, -29.1748046875])
array('d', [40.3779296875, 80.8025390625, -53.9150390625, -29.968359375000002])
array('d', [40.8447265625, 83.183203125, -55.502148437500004, -29.034765625000002])
array('d', [44.0189453125, 83.556640625, -56.3890625, -30.2951171875])
array('d', [44.0189453125, 83.556640625, -58.676367187500006, -30.668554687500002])
array('d', [43.6921875, 83.46328125000001, -58.676367187500006, -30.668554687500002])
array('d', [43.598828125000004, 86.6375, -59.096484375, -30.715234375])
array('d', [44.25234375, 88.36464843750001, -57.976171875000006, -32.4423828125])
array('d', [44.25234375, 88.36464843750001, -60.543554687500006, -30.9953125])
array('d', [44.25234375, 89.53164062500001, -60.543554687500006, -30.9953125])
array('d', [46.7263671875, 87.7578125, -60.170117187500004, -31.5087890625])
array('d', [47.519921875, 89.9517578125, -60.030078125, -33.04921875])
array('d', [47.6599609375, 90.93203125000001, -60.030078125, -33.04921875])
array('d', [47.6599609375, 90.93203125000001, -60.030078125, -33.04921875])
array('d', [47.6599609375, 90.93203125000001, -61.8505859375, -33.9828125])
array('d', [46.49296875, 90.6052734375, -61.570507812500004, -32.67578125])
array('d', [48.826953125, 91.025390625, -59.8900390625, -32.7224609375])
array('d', [48.826953125, 93.03261718750001, -61.897265625, -33.702734375])
array('d', [49.6205078125, 93.03261718750001, -61.897265625, -33.142578125])
array('d', [49.6205078125, 93.2193359375, -62.270703125000004, -33.142578125])
array('d', [49.5271484375, 93.73281250000001, -62.270703125000004, -33.142578125])
array('d', [49.013671875, 93.8728515625, -62.3173828125, -33.329296875000004])
array('d', [49.013671875, 93.8728515625, -62.270703125000004, -33.2359375])
array('d', [50.6474609375, 95.64667968750001, -62.270703125000004, -33.2359375])
array('d', [50.6474609375, 95.506640625, -62.2240234375, -35.28984375])
array('d', [52.187890625, 97.3271484375, -62.877539062500006, -34.3095703125])
array('d', [52.187890625, 97.3271484375, -62.877539062500006, -34.3095703125])
array('d', [49.48046875, 95.506640625, -63.6244140625, -35.2431640625])
array('d', [49.48046875, 95.506640625, -63.6244140625, -35.2431640625])
array('d', [49.387109375, 95.7400390625, -62.6908203125, -32.862500000000004])
array('d', [51.8611328125, 95.4599609375, -63.7177734375, -32.582421875])
array('d', [51.1609375, 96.81367187500001, -65.25820312500001, -33.889453125])
array('d', [51.1609375, 96.81367187500001, -65.071484375, -33.3759765625])
array('d', [50.1806640625, 96.7203125, -65.071484375, -33.3759765625])
array('d', [48.406835937500006, 97.98066406250001, -64.41796875, -33.2359375])
array('d', [49.573828125000006, 96.81367187500001, -65.49160156250001, -33.2359375])
array('d', [49.573828125000006, 96.81367187500001, -65.49160156250001, -33.095898437500004])
array('d', [50.740820312500006, 98.0740234375, -64.884765625, -33.095898437500004])
array('d', [49.48046875, 98.86757812500001, -65.6783203125, -31.92890625])
array('d', [48.080078125, 98.86757812500001, -65.6783203125, -31.92890625])
array('d', [48.080078125, 98.86757812500001, -65.6783203125, -31.92890625])
array('d', [48.080078125, 99.10097656250001, -65.5849609375, -33.329296875000004])
array('d', [46.586328125, 98.63417968750001, -64.3712890625, -33.329296875000004])
array('d', [48.733593750000004, 98.21406250000001, -64.3712890625, -33.329296875000004])
array('d', [48.733593750000004, 98.21406250000001, -63.8578125, -31.8822265625])
array('d', [50.507421875000006, 98.3541015625, -63.8578125, -32.022265625])
array('d', [46.166210937500004, 97.3271484375, -64.41796875, -32.022265625])
array('d', [46.166210937500004, 97.3271484375, -64.41796875, -32.022265625])
array('d', [46.166210937500004, 97.3271484375, -64.41796875, -32.022265625])
array('d', [44.765820312500004, 96.58027343750001, -61.6171875, -31.602148437500002])
array('d', [47.473242187500006, 95.83339843750001, -62.3173828125, -32.629101562500004])
array('d', [47.473242187500006, 95.83339843750001, -62.3173828125, -32.629101562500004])
array('d', [47.473242187500006, 95.83339843750001, -62.3173828125, -32.629101562500004])
array('d', [46.166210937500004, 96.11347656250001, -62.55078125, -30.9486328125])
array('d', [44.299023437500004, 97.74726562500001, -63.9978515625, -31.5087890625])
array('d', [44.765820312500004, 96.3935546875, -63.391015625, -31.9755859375])
array('d', [44.765820312500004, 96.3935546875, -63.391015625, -31.9755859375])
array('d', [44.8591796875, 96.4869140625, -64.698046875, -30.855273437500003])
array('d', [44.8591796875, 95.5533203125, -63.6244140625, -30.4818359375])
array('d', [47.3798828125, 95.5533203125, -63.6244140625, -30.4818359375])
array('d', [43.832226562500004, 94.19960937500001, -62.644140625000006, -30.435156250000002])
array('d', [39.677734375, 94.759765625, -63.391015625, -29.454882812500003])
array('d', [39.677734375, 94.759765625, -64.23125, -28.567968750000002])
array('d', [40.7513671875, 93.91953125, -64.23125, -28.567968750000002])
array('d', [40.7513671875, 93.91953125, -64.23125, -28.567968750000002])
array('d', [40.7513671875, 93.91953125, -64.23125, -28.567968750000002])
array('d', [42.38515625, 93.826171875, -61.477148437500006, -27.9611328125])
array('d', [44.25234375, 94.89980468750001, -61.477148437500006, -28.567968750000002])
array('d', [44.25234375, 95.9734375, -62.6908203125, -29.8283203125])
array('d', [41.731640625000004, 95.9734375, -62.6908203125, -29.8283203125])
array('d', [42.665234375000004, 93.4060546875, -60.8236328125, -29.128125])
array('d', [41.5916015625, 94.9931640625, -61.6171875, -28.801367187500002])
array('d', [45.279296875, 94.19960937500001, -62.3173828125, -30.155078125000003])
array('d', [45.279296875, 92.519140625, -62.457421875, -29.408203125])
array('d', [42.105078125000006, 92.519140625, -62.457421875, -29.408203125])
array('d', [40.984765625, 94.0595703125, -63.0642578125, -30.201757812500002])
array('d', [39.8177734375, 94.1529296875, -61.6171875, -29.221484375000003])
array('d', [39.8177734375, 94.1529296875, -61.6171875, -27.541015625])
array('d', [40.798046875000004, 93.639453125, -61.6171875, -27.541015625])
array('d', [41.078125, 91.86562500000001, -60.9169921875, -27.400976562500002])
array('d', [39.491015625, 92.05234375, -57.6494140625, -27.44765625])
array('d', [39.491015625, 92.05234375, -57.6494140625, -27.354296875000003])
array('d', [40.611328125, 92.37910156250001, -60.9169921875, -27.354296875000003])
array('d', [38.7908203125, 93.07929687500001, -61.150390625, -28.1478515625])
array('d', [39.9111328125, 92.6591796875, -59.609960937500006, -26.5607421875])
array('d', [39.9111328125, 92.6591796875, -59.609960937500006, -24.740234375])
array('d', [39.491015625, 91.11875, -58.3962890625, -24.740234375])
array('d', [39.9578125, 89.34492187500001, -56.9958984375, -26.8408203125])
array('d', [38.464062500000004, 89.43828125, -55.875585937500006, -25.066992187500002])
array('d', [38.464062500000004, 89.43828125, -55.875585937500006, -22.919726562500003])
array('d', [36.41015625, 89.43828125, -53.868359375000004, -22.919726562500003])
array('d', [35.196484375000004, 88.13125000000001, -53.96171875, -22.686328125000003])
array('d', [35.196484375000004, 88.13125000000001, -53.2615234375, -20.865820312500002])
array('d', [35.1498046875, 86.49746093750001, -53.2615234375, -20.865820312500002])
array('d', [35.1498046875, 86.49746093750001, -53.2615234375, -20.865820312500002])
array('d', [35.1498046875, 86.49746093750001, -53.2615234375, -20.865820312500002])
array('d', [34.262890625000004, 86.1240234375, -53.494921875, -21.2392578125])
array('d', [31.9755859375, 83.7900390625, -52.7947265625, -20.9591796875])
array('d', [31.9755859375, 84.0234375, -52.561328125, -19.8388671875])
array('d', [31.555468750000003, 84.0234375, -52.561328125, -19.8388671875])
array('d', [31.18203125, 84.7703125, -51.1142578125, -21.052539062500003])
array('d', [31.135351562500002, 83.22988281250001, -51.0208984375, -19.138671875])
array('d', [31.135351562500002, 81.0826171875, -51.627734375, -19.6521484375])
array('d', [30.388476562500003, 81.0826171875, -51.627734375, -19.6521484375])
array('d', [30.388476562500003, 80.42910156250001, -51.34765625, -18.998632812500002])
array('d', [26.5140625, 79.8689453125, -51.9544921875, -18.065039062500002])
array('d', [27.6810546875, 77.7216796875, -49.107031250000006, -18.065039062500002])
array('d', [27.6810546875, 77.7216796875, -49.107031250000006, -18.065039062500002])
array('d', [27.6810546875, 77.7216796875, -49.107031250000006, -17.925])
array('d', [25.487109375000003, 75.6677734375, -48.966992187500004, -15.591015625])
array('d', [24.2267578125, 76.36796875, -46.633007812500004, -15.917773437500001])
array('d', [24.2267578125, 73.1470703125, -46.166210937500004, -14.610742187500001])
array('d', [24.2734375, 73.1470703125, -46.166210937500004, -14.610742187500001])
array('d', [22.3595703125, 73.940625, -44.999218750000004, -15.684375000000001])
array('d', [21.519335937500003, 73.00703125, -45.7927734375, -15.684375000000001])
array('d', [21.519335937500003, 73.00703125, -45.7927734375, -15.684375000000001])
array('d', [22.499609375000002, 72.5869140625, -46.399609375000004, -14.097265625])
array('d', [22.499609375000002, 72.5869140625, -46.399609375000004, -13.910546875000001])
array('d', [21.285937500000003, 70.15957031250001, -44.5791015625, -13.910546875000001])
array('d', [21.285937500000003, 70.15957031250001, -44.5791015625, -13.910546875000001])
array('d', [20.35234375, 69.45937500000001, -45.139257812500006, -11.9966796875])
array('d', [17.5515625, 68.3390625, -42.198437500000004, -12.3701171875])
array('d', [18.205078125, 67.77890625, -41.5916015625, -10.2228515625])
array('d', [18.205078125, 67.77890625, -41.5916015625, -10.2228515625])
array('d', [17.271484375, 66.5185546875, -40.798046875000004, -10.923046875])
array('d', [16.898046875000002, 64.3712890625, -41.171484375000006, -10.549609375000001])
array('d', [16.898046875000002, 64.137890625, -39.8177734375, -8.7291015625])
array('d', [16.898046875000002, 64.137890625, -39.8177734375, -8.7291015625])
array('d', [16.898046875000002, 64.137890625, -39.8177734375, -8.7291015625])
array('d', [16.898046875000002, 64.137890625, -39.8177734375, -8.7291015625])
array('d', [14.4240234375, 64.137890625, -39.8177734375, -8.7291015625])
array('d', [16.4779296875, 63.9978515625, -37.8572265625, -9.055859375])
array('d', [14.517382812500001, 63.577734375000006, -37.0169921875, -7.3753906250000005])
array('d', [14.517382812500001, 63.577734375000006, -37.0169921875, -7.3753906250000005])
array('d', [14.00390625, 63.0642578125, -34.16953125, -6.53515625])
array('d', [15.12421875, 61.803906250000004, -34.2162109375, -4.48125])
array('d', [15.12421875, 61.803906250000004, -35.009765625, -5.4615234375])
array('d', [12.976953125000001, 61.990625, -35.009765625, -5.4615234375])
array('d', [12.883593750000001, 60.216796875, -32.4423828125, -3.5009765625])
array('d', [11.669921875, 59.003125000000004, -32.7224609375, -3.8744140625])
array('d', [11.669921875, 59.003125000000004, -32.4423828125, -2.3806640625])
array('d', [12.603515625, 60.1234375, -32.4423828125, -2.3806640625])
array('d', [10.923046875, 57.0892578125, -30.435156250000002, -1.400390625])
array('d', [10.923046875, 56.6224609375, -30.201757812500002, -1.2603515625000001])
array('d', [12.0900390625, 56.6224609375, -30.201757812500002, -1.2603515625000001])
array('d', [12.0900390625, 56.6224609375, -30.201757812500002, -1.2603515625000001])
array('d', [12.0900390625, 56.6224609375, -30.201757812500002, -1.2603515625000001])
array('d', [9.429296875, 57.836132812500004, -30.901953125000002, -0.046679687500000004])
array('d', [8.1689453125, 55.1287109375, -29.594921875, -0.93359375])
array('d', [8.2623046875, 55.408789062500006, -28.1478515625, 1.9605468750000001])
array('d', [8.2623046875, 55.408789062500006, -28.1478515625, 1.9605468750000001])
array('d', [8.8224609375, 54.335156250000004, -26.7474609375, -0.1400390625])
array('d', [8.8224609375, 54.3818359375, -26.000585937500002, 2.4740234375])
array('d', [8.8224609375, 54.3818359375, -26.000585937500002, 1.0269531250000001])
array('d', [8.8224609375, 54.3818359375, -26.000585937500002, 1.0269531250000001])
array('d', [8.8224609375, 54.3818359375, -26.000585937500002, 1.0269531250000001])
array('d', [7.3287109375, 53.8216796875, -25.767187500000002, 1.0269531250000001])
array('d', [7.7021484375, 51.627734375, -26.467382812500002, 2.147265625])
array('d', [5.2748046875000005, 51.767773437500004, -24.926953125, 2.707421875])
array('d', [5.2748046875000005, 49.947265625, -24.553515625000003, 1.9605468750000001])
array('d', [5.41484375, 49.947265625, -24.553515625000003, 1.9605468750000001])
array('d', [4.3412109375000005, 49.807226562500006, -23.246484375, 3.0341796875])
array('d', [4.201171875, 49.2470703125, -22.0794921875, 3.267578125])
array('d', [3.3142578125, 46.773046875000006, -22.873046875, 5.41484375])
array('d', [3.3142578125, 46.773046875000006, -22.873046875, 5.41484375])
array('d', [1.1203125, 46.026171875, -23.386523437500003, 5.0414062500000005])
array('d', [1.1203125, 46.026171875, -23.386523437500003, 5.0414062500000005])
array('d', [1.1203125, 46.026171875, -23.386523437500003, 5.0414062500000005])
array('d', [0.7468750000000001, 45.606054687500006, -22.3595703125, 4.66796875])
array('d', [-0.8869140625, 44.765820312500004, -21.659375, 5.1814453125])
array('d', [-0.1400390625, 44.205664062500006, -19.1853515625, 6.021679687500001])
array('d', [-1.773828125, 43.038671875000006, -18.531835937500002, 5.9283203125])
array('d', [-1.773828125, 43.038671875000006, -18.531835937500002, 5.9283203125])
array('d', [-0.3267578125, 40.6580078125, -18.765234375000002, 7.7021484375])
array('d', [-3.1275390625000004, 42.01171875, -17.7849609375, 6.4417968750000005])
array('d', [-3.1275390625000004, 42.01171875, -17.7849609375, 6.4417968750000005])
array('d', [-3.1275390625000004, 42.01171875, -17.7849609375, 6.4417968750000005])
array('d', [-3.1275390625000004, 42.01171875, -17.178125, 8.7291015625])
array('d', [-1.5404296875, 39.304296875, -17.178125, 8.7291015625])
array('d', [-4.0611328125, 37.7171875, -17.084765625, 5.9750000000000005])
array('d', [-3.2208984375000003, 38.8841796875, -16.24453125, 8.77578125])
array('d', [-3.2208984375000003, 38.8841796875, -16.24453125, 8.77578125])
array('d', [-6.628515625, 36.596875000000004, -14.470703125, 8.8224609375])
array('d', [-5.6015625, 35.943359375, -15.87109375, 9.709375])
array('d', [-5.6015625, 35.569921875, -13.723828125, 10.176171875])
array('d', [-5.2748046875000005, 35.569921875, -13.723828125, 10.176171875])
array('d', [-6.3951171875, 36.1767578125, -13.3970703125, 10.5962890625])
array('d', [-6.3951171875, 35.0564453125, -13.3037109375, 10.45625])
array('d', [-8.915820312500001, 33.095898437500004, -12.043359375000001, 11.249804687500001])
array('d', [-7.888867187500001, 32.5357421875, -11.016406250000001, 12.883593750000001])
array('d', [-9.3359375, 30.80859375, -10.316210937500001, 13.0703125])
array('d', [-9.3359375, 30.80859375, -9.989453125, 15.077539062500001])
array('d', [-9.989453125, 30.2484375, -9.989453125, 15.077539062500001])
array('d', [-11.576562500000001, 28.661328125, -8.40234375, 15.030859375])
array('d', [-11.576562500000001, 28.661328125, -8.40234375, 15.030859375])
array('d', [-11.576562500000001, 28.661328125, -8.40234375, 15.030859375])
array('d', [-13.910546875000001, 30.528515625, -7.6087890625000005, 15.7310546875])
array('d', [-12.790234375, 28.287890625000003, -6.3951171875, 14.8908203125])
array('d', [-12.790234375, 25.113671875, -5.4615234375, 18.065039062500002])
array('d', [-14.190625, 25.113671875, -5.4615234375, 18.065039062500002])
array('d', [-13.63046875, 24.740234375, -6.8619140625, 17.3181640625])
array('d', [-15.544335937500001, 23.5265625, -6.255078125000001, 17.364843750000002])
array('d', [-15.544335937500001, 23.853320312500003, -4.5279296875, 18.765234375000002])
array('d', [-15.964453125, 23.853320312500003, -4.5279296875, 18.765234375000002])
array('d', [-17.084765625, 21.8927734375, -4.6212890625, 17.6916015625])
array('d', [-18.205078125, 21.099218750000002, -1.6804687500000002, 18.531835937500002])
array('d', [-18.205078125, 21.099218750000002, -1.6804687500000002, 19.1853515625])
array('d', [-19.8388671875, 19.7455078125, -2.9408203125, 19.1853515625])
array('d', [-19.2787109375, 19.0453125, -2.6607421875000004, 20.6791015625])
array('d', [-19.7921875, 16.99140625, -0.1400390625, 21.6126953125])
array('d', [-19.7921875, 16.99140625, -0.1400390625, 21.6126953125])
array('d', [-19.7921875, 16.99140625, -0.1400390625, 21.6126953125])
array('d', [-21.519335937500003, 17.271484375, 0.3267578125, 21.799414062500002])
array('d', [-21.519335937500003, 17.271484375, 1.1669921875, 23.993359375])
array('d', [-21.005859375, 16.7580078125, 1.1669921875, 23.993359375])
array('d', [-24.133398437500002, 14.4240234375, 2.240625, 23.5265625])
array('d', [-23.4798828125, 15.6376953125, 2.2873046875000003, 25.300390625000002])
array('d', [-24.553515625000003, 12.9302734375, 3.6876953125000003, 24.0400390625])
array('d', [-24.553515625000003, 12.9302734375, 3.6876953125000003, 24.0400390625])
array('d', [-24.553515625000003, 12.9302734375, 3.6876953125000003, 24.0400390625])
array('d', [-24.553515625000003, 12.9302734375, 3.6876953125000003, 24.0400390625])
array('d', [-24.553515625000003, 12.9302734375, 3.6876953125000003, 24.0400390625])
array('d', [-23.666601562500002, 11.343164062500001, 4.5279296875, 26.700781250000002])
array('d', [-24.833593750000002, 10.9697265625, 5.2748046875000005, 27.727734375])
array('d', [-25.4404296875, 11.4365234375, 7.3287109375, 28.334570312500002])
array('d', [-25.4404296875, 11.4365234375, 7.3287109375, 28.334570312500002])
array('d', [-25.4404296875, 11.4365234375, 7.3287109375, 28.334570312500002])
array('d', [-26.000585937500002, 9.3359375, 8.308984375, 29.501562500000002])
array('d', [-27.07421875, 7.7021484375, 9.89609375, 31.088671875000003])
array('d', [-27.07421875, 7.7021484375, 9.89609375, 31.088671875000003])
array('d', [-27.07421875, 7.7021484375, 9.89609375, 31.088671875000003])
array('d', [-27.07421875, 7.7021484375, 9.89609375, 31.088671875000003])
array('d', [-28.94140625, 7.655468750000001, 9.709375, 32.395703125000004])
array('d', [-28.19453125, 6.9085937500000005, 11.9966796875, 33.889453125])
array('d', [-29.968359375000002, 6.2083984375000005, 13.910546875000001, 34.076171875])
array('d', [-29.968359375000002, 6.2083984375000005, 13.910546875000001, 35.1498046875])
array('d', [-30.715234375, 5.134765625, 15.077539062500001, 35.1498046875])
array('d', [-31.275390625, 4.6212890625, 14.7974609375, 38.930859375000004])
array('d', [-29.921679687500003, 4.29453125, 15.49765625, 36.1767578125])
array('d', [-29.921679687500003, 4.29453125, 15.49765625, 38.65078125])
array('d', [-31.788867187500003, 3.5943359375000004, 16.61796875, 38.65078125])
array('d', [-33.42265625, 2.4740234375, 18.065039062500002, 38.370703125])
array('d', [-33.42265625, 2.4740234375, 18.998632812500002, 38.8375])
array('d', [-33.609375, 1.4470703125000002, 18.998632812500002, 38.8375])
array('d', [-35.6166015625, 0.7935546875, 18.8119140625, 40.424609375])
array('d', [-35.4765625, -0.8869140625, 19.5587890625, 41.638281250000006])
array('d', [-35.4765625, -0.8869140625, 19.5587890625, 41.638281250000006])
array('d', [-35.4765625, -0.8869140625, 19.5587890625, 41.638281250000006])
array('d', [-34.1228515625, -1.30703125, 20.819140625000003, 41.358203125])
array('d', [-36.41015625, -1.7271484375000001, 21.192578125, 40.51796875])
array('d', [-36.41015625, -3.2208984375000003, 22.126171875, 42.105078125000006])
array('d', [-36.41015625, -3.2208984375000003, 22.126171875, 42.105078125000006])
array('d', [-36.41015625, -3.2208984375000003, 22.126171875, 42.105078125000006])
array('d', [-36.41015625, -3.2208984375000003, 22.126171875, 42.105078125000006])
array('d', [-38.4173828125, -3.9210937500000003, 21.8927734375, 41.6849609375])
array('d', [-38.4173828125, -3.9210937500000003, 22.126171875, 42.75859375])
array('d', [-38.9775390625, -4.948046875, 22.126171875, 42.75859375])
array('d', [-38.9775390625, -4.948046875, 22.126171875, 42.75859375])
array('d', [-38.9775390625, -4.948046875, 22.126171875, 42.75859375])
array('d', [-38.744140625, -6.3951171875, 23.7599609375, 45.839453125000006])
array('d', [-40.798046875000004, -6.5818359375, 25.6271484375, 43.365429687500004])
array('d', [-40.9380859375, -7.422070312500001, 25.860546875, 44.532421875000004])
array('d', [-43.505468750000006, -6.815234375, 26.467382812500002, 44.25234375])
array('d', [-43.738867187500006, -8.215625000000001, 25.58046875, 46.539648437500006])
array('d', [-43.738867187500006, -8.215625000000001, 25.58046875, 46.586328125])
array('d', [-43.272070312500006, -8.215625000000001, 25.58046875, 46.586328125])
array('d', [-43.272070312500006, -8.215625000000001, 25.58046875, 46.586328125])
array('d', [-44.439062500000006, -11.343164062500001, 28.101171875000002, 47.61328125])
array('d', [-44.439062500000006, -11.343164062500001, 27.821093750000003, 47.7533203125])
array('d', [-43.87890625, -11.76328125, 27.821093750000003, 47.7533203125])
array('d', [-43.87890625, -11.76328125, 27.821093750000003, 47.7533203125])
array('d', [-43.87890625, -11.76328125, 27.821093750000003, 47.7533203125])
array('d', [-43.832226562500004, -10.876367187500001, 27.867773437500002, 47.1931640625])
array('d', [-43.0853515625, -9.7560546875, 27.3076171875, 47.61328125])
array('d', [-40.89140625, -9.242578125, 27.3076171875, 47.61328125])
array('d', [-42.805273437500006, -9.1025390625, 26.794140625, 45.932812500000004])
array('d', [-41.871679687500006, -10.642968750000001, 26.467382812500002, 45.839453125000006])
array('d', [-40.6580078125, -10.1294921875, 26.607421875, 44.9525390625])
array('d', [-40.6580078125, -10.1294921875, 26.5607421875, 44.25234375])
array('d', [-41.638281250000006, -9.149218750000001, 26.5607421875, 44.25234375])
array('d', [-40.14453125, -7.748828125, 25.767187500000002, 44.065625000000004])
array('d', [-38.8841796875, -5.4615234375, 25.767187500000002, 44.065625000000004])
array('d', [-38.8841796875, -5.4615234375, 25.767187500000002, 44.065625000000004])
array('d', [-38.8841796875, -5.4615234375, 25.767187500000002, 44.065625000000004])
array('d', [-38.8841796875, -5.4615234375, 25.767187500000002, 44.065625000000004])
array('d', [-38.8841796875, -5.4615234375, 23.199804687500002, 42.9919921875])
array('d', [-37.0169921875, -6.021679687500001, 22.966406250000002, 40.984765625])
array('d', [-37.437109375, -5.9283203125, 22.266210937500002, 40.3779296875])
array('d', [-36.5501953125, -5.228125, 21.7060546875, 38.930859375000004])
array('d', [-36.5501953125, -5.228125, 20.35234375, 37.623828125])
array('d', [-36.316796875, -4.6212890625, 20.35234375, 37.623828125])
array('d', [-33.889453125, -4.0611328125, 19.465429687500002, 38.090625])
array('d', [-32.3490234375, -2.4740234375, 17.7849609375, 36.6435546875])
array('d', [-32.3490234375, -2.4740234375, 18.9052734375, 36.9236328125])
array('d', [-32.208984375, -2.4740234375, 18.9052734375, 36.9236328125])
array('d', [-32.208984375, -2.4740234375, 18.9052734375, 36.9236328125])
array('d', [-31.555468750000003, -0.8869140625, 19.0919921875, 35.6166015625])
array('d', [-30.4818359375, 0.1400390625, 17.644921875, 32.7224609375])
array('d', [-29.034765625000002, 1.400390625, 16.1044921875, 32.629101562500004])
array('d', [-29.034765625000002, 1.400390625, 16.1044921875, 32.629101562500004])
array('d', [-29.034765625000002, 1.400390625, 16.1044921875, 32.629101562500004])
array('d', [-28.334570312500002, 1.9138671875000002, 15.684375000000001, 32.955859375])
array('d', [-28.474609375, 2.333984375, 15.544335937500001, 34.449609375])
array('d', [-28.474609375, 2.333984375, 14.517382812500001, 32.955859375])
array('d', [-26.887500000000003, 2.240625, 14.517382812500001, 32.955859375])
array('d', [-26.654101562500003, 3.5943359375000004, 13.910546875000001, 31.322070312500003])
array('d', [-23.993359375, 5.7416015625000005, 12.3234375, 31.18203125])
array('d', [-23.993359375, 5.7416015625000005, 12.3234375, 27.867773437500002])
array('d', [-24.086718750000003, 6.7685546875, 11.5298828125, 28.801367187500002])
array('d', [-22.266210937500002, 7.0953125, 11.4365234375, 26.654101562500003])
array('d', [-22.499609375000002, 8.77578125, 10.082812500000001, 27.354296875000003])
array('d', [-20.72578125, 8.77578125, 9.0091796875, 25.1603515625])
array('d', [-19.7455078125, 8.869140625, 9.0091796875, 25.1603515625])
array('d', [-19.7455078125, 8.869140625, 8.02890625, 25.533789062500002])
array('d', [-16.8046875, 10.9697265625, 8.02890625, 23.993359375])
array('d', [-16.8046875, 12.13671875, 6.7685546875, 23.386523437500003])
array('d', [-16.8046875, 11.576562500000001, 5.881640625, 22.966406250000002])
array('d', [-16.8046875, 11.576562500000001, 5.881640625, 22.966406250000002])
array('d', [-15.3576171875, 11.576562500000001, 4.66796875, 22.266210937500002])
array('d', [-15.49765625, 11.669921875, 4.66796875, 20.7724609375])
array('d', [-15.8244140625, 12.790234375, 6.16171875, 20.7724609375])
array('d', [-15.8244140625, 12.790234375, 6.16171875, 20.7724609375])
array('d', [-12.650195312500001, 14.7974609375, 3.3142578125, 18.671875])
array('d', [-12.13671875, 17.3181640625, 1.8205078125, 18.531835937500002])
array('d', [-11.249804687500001, 17.5048828125, 2.1939453125, 16.5712890625])
array('d', [-8.1689453125, 18.3451171875, 1.773828125, 16.0578125])
array('d', [-7.188671875000001, 19.512109375, 1.30703125, 14.657421875])
array('d', [-7.3753906250000005, 21.6126953125, -1.2603515625000001, 12.650195312500001])
array('d', [-7.3753906250000005, 20.9591796875, -3.3142578125, 11.950000000000001])
array('d', [-6.4417968750000005, 20.9591796875, -3.3142578125, 11.483203125000001])
array('d', [-5.1814453125, 22.5462890625, -3.267578125, 11.483203125000001])
array('d', [-2.9408203125, 23.853320312500003, -4.4345703125, 9.9427734375])
array('d', [-2.0072265625, 24.180078125, -5.8349609375, 7.28203125])
array('d', [-0.5134765625000001, 25.066992187500002, -7.28203125, 6.6751953125000005])
array('d', [0.0, 26.887500000000003, -8.5890625, 4.7146484375])
array('d', [0.0, 26.887500000000003, -10.923046875, 3.9677734375])
array('d', [1.8205078125, 28.38125, -10.642968750000001, 2.3806640625])
array('d', [1.213671875, 28.38125, -10.642968750000001, 2.3806640625])
array('d', [1.213671875, 28.38125, -10.642968750000001, 2.3806640625])
array('d', [4.1078125000000005, 28.754687500000003, -10.409570312500001, 2.5207031250000003])
array('d', [4.7146484375, 29.594921875, -11.203125, 1.5404296875])
array('d', [4.7146484375, 29.594921875, -11.203125, 1.5404296875])
array('d', [4.7146484375, 32.022265625, -12.650195312500001, 2.1939453125])
array('d', [8.308984375, 34.029492187500004, -15.6376953125, -2.333984375])
array('d', [10.2228515625, 34.5896484375, -16.0111328125, -1.3537109375])
array('d', [11.203125, 36.363476562500004, -17.644921875, -3.9677734375])
array('d', [11.4365234375, 37.4837890625, -17.9716796875, -5.3681640625])
array('d', [13.3970703125, 39.397656250000004, -19.232031250000002, -5.6482421875])
array('d', [14.7974609375, 41.264843750000004, -20.258984375, -6.6751953125000005])
array('d', [15.077539062500001, 41.7783203125, -21.192578125, -8.8224609375])
array('d', [17.5515625, 42.0583984375, -22.499609375000002, -8.8224609375])
array('d', [18.298437500000002, 42.9919921875, -22.3595703125, -9.709375])
array('d', [18.1583984375, 43.4587890625, -24.4134765625, -9.709375])
array('d', [20.819140625000003, 45.4193359375, -25.020312500000003, -12.4634765625])
array('d', [20.819140625000003, 45.4193359375, -25.720507812500003, -11.016406250000001])
array('d', [22.919726562500003, 47.146484375, -24.926953125, -12.3234375])
array('d', [24.6935546875, 47.800000000000004, -26.654101562500003, -12.183398437500001])
array('d', [23.4798828125, 48.173437500000006, -28.1478515625, -13.817187500000001])
array('d', [25.1603515625, 49.48046875, -29.734960937500002, -16.898046875000002])
array('d', [26.467382812500002, 51.3943359375, -29.268164062500002, -15.917773437500001])
array('d', [27.7744140625, 51.72109375, -29.31484375, -17.644921875])
array('d', [27.7744140625, 51.4876953125, -28.287890625000003, -16.197851562500002])
array('d', [29.31484375, 51.674414062500006, -30.668554687500002, -15.2642578125])
array('d', [29.31484375, 51.674414062500006, -30.668554687500002, -16.0111328125])
array('d', [26.654101562500003, 51.0208984375, -29.6416015625, -16.0111328125])
array('d', [26.654101562500003, 51.0208984375, -29.6416015625, -16.0111328125])
array('d', [27.4943359375, 49.900585937500004, -28.4279296875, -15.6376953125])
array('d', [26.420703125000003, 50.040625000000006, -26.794140625, -15.2642578125])
array('d', [26.420703125000003, 50.600781250000004, -25.39375, -13.723828125])
array('d', [26.420703125000003, 50.600781250000004, -25.39375, -13.723828125])
array('d', [26.420703125000003, 50.600781250000004, -25.39375, -13.723828125])
array('d', [26.887500000000003, 48.5935546875, -27.0275390625, -13.4904296875])
array('d', [26.887500000000003, 48.5935546875, -27.0275390625, -13.4904296875])
array('d', [24.926953125, 48.453515625, -26.140625, -13.0236328125])
array('d', [22.6396484375, 47.566601562500004, -23.619921875000003, -12.5568359375])
array('d', [22.032812500000002, 47.4265625, -24.133398437500002, -12.276757812500001])
array('d', [22.032812500000002, 45.4193359375, -22.6396484375, -9.989453125])
array('d', [25.113671875, 45.4193359375, -22.6396484375, -10.45625])
array('d', [23.853320312500003, 44.719140625, -21.84609375, -10.45625])
array('d', [22.686328125000003, 43.505468750000006, -19.885546875, -8.8224609375])
array('d', [19.5587890625, 41.264843750000004, -19.8388671875, -7.28203125])
array('d', [19.6521484375, 42.5251953125, -17.8783203125, -7.3287109375])
array('d', [19.0453125, 40.564648437500004, -18.391796875, -4.201171875])
array('d', [19.0453125, 40.564648437500004, -18.391796875, -7.655468750000001])
array('d', [19.0453125, 40.564648437500004, -18.391796875, -7.655468750000001])
array('d', [17.5515625, 40.424609375, -17.598242187500002, -7.655468750000001])
array('d', [15.450976562500001, 38.1373046875, -15.404296875, -3.54765625])
array('d', [15.964453125, 37.15703125, -14.377343750000001, -3.2208984375000003])
array('d', [14.7974609375, 37.34375, -14.657421875, -4.2478515625])
array('d', [13.350390625000001, 37.2037109375, -14.750781250000001, -4.014453125])
array('d', [12.9302734375, 35.943359375, -12.976953125000001, -3.080859375])
array('d', [12.9302734375, 35.943359375, -12.976953125000001, -3.080859375])
array('d', [11.856640625, 34.029492187500004, -12.416796875000001, -1.773828125])
array('d', [11.249804687500001, 33.1892578125, -11.109765625000001, -0.93359375])
array('d', [11.249804687500001, 30.528515625, -12.4634765625, 0.3267578125])
array('d', [11.249804687500001, 30.528515625, -12.4634765625, 0.3267578125])
array('d', [11.016406250000001, 30.528515625, -10.5029296875, 0.653515625])
array('d', [9.849414062500001, 31.18203125, -10.5029296875, 2.147265625])
array('d', [7.562109375, 29.0814453125, -9.149218750000001, 2.147265625])
array('d', [7.562109375, 29.0814453125, -9.149218750000001, 2.147265625])
array('d', [6.255078125000001, 28.474609375, -7.2353515625, 2.9408203125])
array('d', [5.3681640625, 27.0275390625, -7.6087890625000005, 2.9408203125])
array('d', [4.1544921875, 24.5068359375, -6.9085937500000005, 4.761328125])
array('d', [2.9875000000000003, 23.0130859375, -6.9085937500000005, 4.8546875])
array('d', [2.8941406250000004, 22.126171875, -5.5082031250000005, 4.8546875])
array('d', [1.6337890625, 21.285937500000003, -4.48125, 5.8349609375])
array('d', [0.6068359375, 19.932226562500002, -3.641015625, 6.255078125000001])
array('d', [-1.400390625, 20.819140625000003, -2.9408203125, 7.2353515625])
array('d', [-1.400390625, 20.819140625000003, -2.9408203125, 7.7021484375])
array('d', [-2.8941406250000004, 17.364843750000002, -2.3806640625, 7.7021484375])
array('d', [-4.48125, 15.917773437500001, -1.0736328125, 9.055859375])
array('d', [-4.48125, 15.030859375, -0.1400390625, 10.5029296875])
array('d', [-3.734375, 15.030859375, -0.1400390625, 10.5029296875])
array('d', [-5.228125, 13.817187500000001, 1.0269531250000001, 11.950000000000001])
array('d', [-5.228125, 13.817187500000001, 1.0269531250000001, 10.26953125])
array('d', [-5.6015625, 14.7041015625, 1.3537109375, 10.26953125])
array('d', [-5.6015625, 14.7041015625, 1.3537109375, 10.26953125])
array('d', [-5.6015625, 14.7041015625, 1.3537109375, 10.26953125])
array('d', [-5.881640625, 13.7705078125, 1.8205078125, 10.876367187500001])
array('d', [-6.255078125000001, 13.350390625000001, 1.8205078125, 10.876367187500001])
array('d', [-4.1078125000000005, 14.143945312500001, 1.4937500000000001, 11.249804687500001])
array('d', [-4.5746093750000005, 15.030859375, 1.8205078125, 10.876367187500001])
array('d', [-2.8941406250000004, 14.657421875, 1.6804687500000002, 11.483203125000001])
array('d', [-2.8941406250000004, 14.657421875, 0.6068359375, 9.5693359375])
array('d', [-2.8941406250000004, 14.657421875, 0.6068359375, 9.5693359375])
array('d', [-2.8941406250000004, 14.657421875, 0.6068359375, 9.5693359375])
array('d', [-2.8941406250000004, 14.657421875, 0.6068359375, 9.5693359375])
array('d', [0.1400390625, 18.391796875, 0.42011718750000004, 10.362890625])
array('d', [0.1400390625, 17.925, -1.587109375, 8.7291015625])
array('d', [0.280078125, 17.925, -1.400390625, 8.122265625])
array('d', [0.7468750000000001, 19.138671875, -1.400390625, 8.122265625])
array('d', [1.4470703125000002, 21.332617187500002, -3.5009765625, 6.1150390625])
array('d', [2.1939453125, 22.919726562500003, -4.48125, 3.9210937500000003])
array('d', [2.1939453125, 22.919726562500003, -4.48125, 3.9210937500000003])
array('d', [2.1939453125, 22.919726562500003, -4.48125, 3.9210937500000003])
array('d', [4.014453125, 25.20703125, -5.41484375, 2.5207031250000003])
array('d', [6.721875000000001, 24.320117187500003, -8.0755859375, 2.1939453125])
array('d', [7.6087890625000005, 27.2609375, -7.655468750000001, 0.56015625])
array('d', [7.6087890625000005, 27.6810546875, -9.6626953125, 0.93359375])
array('d', [9.1958984375, 27.6810546875, -9.6626953125, 0.93359375])
array('d', [9.849414062500001, 29.1748046875, -10.362890625, -1.4470703125000002])
array('d', [10.5029296875, 30.201757812500002, -10.9697265625, -2.6607421875000004])
array('d', [12.230078125, 30.0150390625, -12.510156250000001, -3.6876953125000003])
array('d', [13.723828125, 31.555468750000003, -13.4904296875, -4.2478515625])
array('d', [13.723828125, 31.555468750000003, -13.4904296875, -4.2478515625])
array('d', [13.723828125, 31.555468750000003, -13.4904296875, -4.2478515625])
array('d', [14.844140625000001, 30.855273437500003, -14.3306640625, -5.6015625])
array('d', [14.984179687500001, 32.67578125, -14.470703125, -6.1150390625])
array('d', [14.984179687500001, 32.769140625, -15.1708984375, -7.2353515625])
array('d', [14.984179687500001, 32.5357421875, -15.6376953125, -8.1689453125])
array('d', [13.0703125, 31.368750000000002, -15.684375000000001, -9.149218750000001])
array('d', [11.343164062500001, 29.5482421875, -18.6251953125, -9.802734375])
array('d', [10.736328125, 28.567968750000002, -19.8388671875, -8.8224609375])
array('d', [10.549609375000001, 27.6810546875, -18.48515625, -10.2228515625])
array('d', [10.549609375000001, 27.6810546875, -18.48515625, -10.2228515625])
array('d', [10.549609375000001, 27.6810546875, -18.48515625, -10.2228515625])
array('d', [10.549609375000001, 27.6810546875, -18.48515625, -10.2228515625])
array('d', [9.1958984375, 28.661328125, -18.671875, -11.809960937500001])
array('d', [8.9625, 25.953906250000003, -19.2787109375, -11.296484375])
array('d', [6.3484375, 25.300390625000002, -19.698828125000002, -12.13671875])
array('d', [6.3484375, 25.300390625000002, -19.698828125000002, -12.13671875])
array('d', [6.3484375, 25.300390625000002, -19.698828125000002, -12.13671875])
array('d', [6.3484375, 25.300390625000002, -19.698828125000002, -12.13671875])
array('d', [6.255078125000001, 23.619921875000003, -19.325390625, -10.6896484375])
array('d', [6.255078125000001, 23.619921875000003, -19.325390625, -10.6896484375])
array('d', [5.9750000000000005, 22.499609375000002, -20.1189453125, -11.716601562500001])
array('d', [5.134765625, 22.499609375000002, -20.1189453125, -11.716601562500001])
array('d', [5.134765625, 22.499609375000002, -20.1189453125, -11.716601562500001])
array('d', [5.134765625, 21.752734375000003, -21.099218750000002, -14.3306640625])
array('d', [5.9750000000000005, 21.799414062500002, -21.099218750000002, -14.3306640625])
array('d', [5.6015625, 22.873046875, -20.585742187500003, -12.510156250000001])
array('d', [3.4076171875, 21.47265625, -21.4259765625, -13.210351562500001])
array('d', [6.16171875, 21.659375, -21.192578125, -12.603515625])
array('d', [5.6482421875, 22.266210937500002, -22.126171875, -13.910546875000001])
array('d', [5.6015625, 22.452929687500003, -21.8927734375, -12.790234375])
array('d', [5.3681640625, 21.519335937500003, -21.659375, -12.3234375])
array('d', [5.3681640625, 22.733007812500002, -21.332617187500002, -12.3234375])
array('d', [5.3681640625, 22.733007812500002, -21.332617187500002, -12.3234375])
array('d', [5.6015625, 22.733007812500002, -21.332617187500002, -12.183398437500001])
array('d', [5.694921875, 22.499609375000002, -20.585742187500003, -12.183398437500001])
array('d', [6.021679687500001, 4.3412109375000005, -19.8388671875, -0.3267578125])
array('d', [6.021679687500001, 0.9802734375000001, -20.632421875000002, 0.8402343750000001])
array('d', [9.849414062500001, 3.2208984375000003, -19.885546875, 0.2333984375])
array('d', [9.849414062500001, 3.2208984375000003, -19.232031250000002, -0.18671875000000002])
array('d', [9.849414062500001, 3.2208984375000003, -19.232031250000002, -0.18671875000000002])
array('d', [10.1294921875, 1.0269531250000001, -17.458203125, 3.17421875])
array('d', [10.1294921875, 1.0269531250000001, -17.458203125, 1.8671875])
array('d', [11.016406250000001, 1.6337890625, -16.431250000000002, 1.8671875])
array('d', [11.016406250000001, 1.587109375, -15.544335937500001, 2.333984375])
array('d', [11.249804687500001, 1.1669921875, -15.8244140625, 1.4937500000000001])
array('d', [11.249804687500001, 0.93359375, -15.450976562500001, 1.5404296875])
array('d', [11.6232421875, 0.93359375, -15.450976562500001, 1.5404296875])
array('d', [11.856640625, 1.6337890625, -15.8244140625, 0.466796875])
array('d', [11.716601562500001, 1.213671875, -16.61796875, 1.773828125])
array('d', [11.716601562500001, 1.213671875, -15.404296875, 0.6068359375])
array('d', [11.950000000000001, 1.2603515625000001, -15.404296875, 0.6068359375])
array('d', [10.876367187500001, 1.4937500000000001, -15.8244140625, 1.2603515625000001])
array('d', [11.9966796875, 0.5134765625000001, -15.591015625, 1.6337890625])
array('d', [13.537109375, 0.42011718750000004, -16.24453125, 1.6337890625])
array('d', [13.537109375, 0.42011718750000004, -16.24453125, 1.6337890625])
array('d', [13.537109375, 0.42011718750000004, -16.24453125, 1.6337890625])
array('d', [13.537109375, 0.42011718750000004, -16.24453125, 1.6337890625])
array('d', [13.537109375, 0.42011718750000004, -16.24453125, 1.213671875])
array('d', [12.696875, -0.466796875, -14.9375, 0.2333984375])
array('d', [12.696875, 1.1669921875, -15.3576171875, -0.09335937500000001])
array('d', [12.4634765625, 1.1669921875, -15.3576171875, -0.5134765625000001])
array('d', [12.883593750000001, 0.1400390625, -16.337890625, -0.5134765625000001])
array('d', [11.9966796875, 0.37343750000000003, -15.7310546875, 0.2333984375])
array('d', [11.809960937500001, -0.280078125, -15.030859375, 0.2333984375])
array('d', [11.809960937500001, -0.280078125, -15.030859375, 0.2333984375])
array('d', [11.809960937500001, -0.280078125, -15.030859375, 0.2333984375])
array('d', [12.043359375000001, -0.653515625, -15.49765625, -0.5134765625000001])
array('d', [11.6232421875, 0.37343750000000003, -16.337890625, -0.6068359375])
array('d', [11.6232421875, 0.1400390625, -15.917773437500001, -0.6068359375])
array('d', [11.6232421875, 0.1400390625, -15.917773437500001, -0.09335937500000001])
array('d', [12.043359375000001, -0.8402343750000001, -15.2642578125, -0.09335937500000001])
array('d', [12.043359375000001, -0.466796875, -15.12421875, -1.2603515625000001])
array('d', [12.043359375000001, -0.466796875, -15.12421875, -1.2603515625000001])
array('d', [12.043359375000001, -0.466796875, -15.12421875, -1.2603515625000001])
array('d', [12.043359375000001, -0.466796875, -15.12421875, -1.2603515625000001])
array('d', [10.783007812500001, -0.7001953125, -15.917773437500001, -0.09335937500000001])
array('d', [11.809960937500001, 0.5134765625000001, -15.917773437500001, 0.2333984375])
array('d', [12.043359375000001, 0.1400390625, -15.3576171875, 0.1400390625])
array('d', [12.043359375000001, 0.1400390625, -15.3576171875, 0.1400390625])
array('d', [12.043359375000001, 0.1400390625, -15.3576171875, 0.1400390625])
array('d', [10.9697265625, -0.7468750000000001, -15.030859375, 0.2333984375])
array('d', [10.9697265625, -0.7468750000000001, -15.12421875, -0.5134765625000001])
array('d', [12.043359375000001, -0.7468750000000001, -15.12421875, 1.587109375])
array('d', [12.043359375000001, -0.280078125, -15.777734375000001, 1.587109375])
array('d', [12.4634765625, 0.42011718750000004, -15.917773437500001, 0.2333984375])
array('d', [12.230078125, -0.046679687500000004, -14.8908203125, 0.56015625])
array('d', [12.230078125, -0.046679687500000004, -14.8908203125, 0.56015625])
array('d', [12.230078125, 0.1400390625, -15.2642578125, -0.18671875000000002])
array('d', [10.9697265625, -0.046679687500000004, -14.8908203125, -0.18671875000000002])
array('d', [10.9697265625, -0.280078125, -16.3845703125, 0.653515625])
array('d', [12.5568359375, -0.280078125, -16.3845703125, 0.653515625])
array('d', [12.4634765625, -0.7468750000000001, -15.49765625, -0.18671875000000002])
array('d', [11.856640625, 0.8402343750000001, -15.49765625, 0.653515625])
array('d', [11.856640625, 0.8402343750000001, -15.49765625, 2.0072265625])
array('d', [12.230078125, -0.466796875, -15.49765625, 2.0072265625])
array('d', [11.669921875, -0.09335937500000001, -15.917773437500001, 1.2603515625000001])
array('d', [12.043359375000001, 0.56015625, -15.2642578125, -0.18671875000000002])
array('d', [12.043359375000001, 0.56015625, -15.2642578125, -0.18671875000000002])
array('d', [12.043359375000001, 0.56015625, -15.2642578125, -0.18671875000000002])
array('d', [12.043359375000001, 0.56015625, -15.2642578125, -0.18671875000000002])
array('d', [12.4634765625, -1.0736328125, -15.2642578125, 0.653515625])
array('d', [11.38984375, -1.1203125, -15.2642578125, 0.2333984375])
array('d', [11.38984375, -1.1203125, -15.2642578125, -0.09335937500000001])
array('d', [11.856640625, 0.1400390625, -15.49765625, -0.09335937500000001])
array('d', [12.043359375000001, -0.280078125, -15.2642578125, 0.1400390625])
array('d', [12.276757812500001, -0.046679687500000004, -15.2642578125, 0.9802734375000001])
array('d', [12.276757812500001, -0.046679687500000004, -15.2642578125, -0.5134765625000001])
array('d', [13.3037109375, 0.37343750000000003, -15.964453125, -0.5134765625000001])
array('d', [12.043359375000001, 0.7935546875, -15.12421875, -0.18671875000000002])
array('d', [12.043359375000001, 0.1400390625, -15.030859375, -0.18671875000000002])
array('d', [12.4634765625, 0.1400390625, -15.030859375, -0.18671875000000002])
array('d', [12.4634765625, 0.1400390625, -15.030859375, -0.18671875000000002])
array('d', [12.4634765625, 0.1400390625, -15.030859375, -0.18671875000000002])
array('d', [11.6232421875, 0.8402343750000001, -15.12421875, -0.09335937500000001])
array('d', [11.6232421875, -0.280078125, -15.7310546875, -0.18671875000000002])
array('d', [11.856640625, -0.280078125, -15.7310546875, -0.18671875000000002])
array('d', [12.4634765625, 1.587109375, -15.12421875, -0.18671875000000002])
array('d', [12.4634765625, 1.587109375, -15.12421875, -0.18671875000000002])
array('d', [12.043359375000001, 0.1400390625, -14.4240234375, -1.30703125])
array('d', [12.043359375000001, 0.1400390625, -15.49765625, 0.2333984375])
array('d', [11.38984375, 0.56015625, -15.49765625, 0.2333984375])
array('d', [10.9697265625, -0.8869140625, -15.12421875, -0.6068359375])
array('d', [12.4634765625, -0.5134765625000001, -14.470703125, -0.93359375])
array('d', [12.4634765625, -0.5134765625000001, -14.470703125, 0.9802734375000001])
array('d', [12.043359375000001, 0.1400390625, -15.49765625, 0.9802734375000001])
array('d', [12.043359375000001, 0.1400390625, -15.49765625, 0.9802734375000001])
array('d', [11.203125, -0.046679687500000004, -15.030859375, -0.93359375])
array('d', [11.203125, 0.42011718750000004, -15.917773437500001, 0.2333984375])
array('d', [12.9302734375, 0.42011718750000004, -15.917773437500001, 0.2333984375])
array('d', [12.276757812500001, 0.9802734375000001, -14.8908203125, -1.2603515625000001])
array('d', [12.230078125, 0.9802734375000001, -14.470703125, 0.280078125])
array('d', [12.4634765625, 0.7935546875, -15.777734375000001, 0.56015625])
array('d', [12.4634765625, 0.7935546875, -15.777734375000001, 0.56015625])
array('d', [10.736328125, 0.7935546875, -15.49765625, 0.653515625])
array('d', [11.4365234375, -0.280078125, -15.030859375, 0.653515625])
array('d', [11.4365234375, -0.280078125, -15.030859375, 0.653515625])
array('d', [11.38984375, -0.280078125, -14.7974609375, -0.09335937500000001])
array('d', [11.856640625, -0.046679687500000004, -15.12421875, -0.8402343750000001])
array('d', [12.650195312500001, -0.280078125, -15.12421875, 0.8402343750000001])
array('d', [12.650195312500001, -0.42011718750000004, -15.12421875, 0.8402343750000001])
array('d', [11.856640625, -0.7001953125, -15.12421875, 0.56015625])
array('d', [11.809960937500001, -0.8869140625, -17.0380859375, 0.2333984375])
array('d', [12.4634765625, -0.7468750000000001, -15.8244140625, -0.5134765625000001])
array('d', [12.9302734375, -0.2333984375, -15.49765625, -1.30703125])
array('d', [11.203125, 0.42011718750000004, -16.151171875, -1.30703125])
array('d', [11.856640625, 0.9802734375000001, -15.7310546875, -1.30703125])
array('d', [11.856640625, 0.9802734375000001, -15.7310546875, -1.30703125])
array('d', [11.856640625, 0.9802734375000001, -15.7310546875, -1.30703125])
array('d', [11.856640625, 0.9802734375000001, -15.7310546875, 0.2333984375])
array('d', [11.203125, 0.1400390625, -15.12421875, 0.2333984375])
array('d', [11.6232421875, 0.1400390625, -14.7041015625, -0.7001953125])
array('d', [12.043359375000001, 0.1400390625, -15.7310546875, -1.9605468750000001])
array('d', [13.0703125, -0.2333984375, -15.2642578125, 0.56015625])
array('d', [13.0703125, -0.2333984375, -15.2642578125, -0.5134765625000001])
array('d', [12.230078125, -0.7001953125, -15.450976562500001, -0.5134765625000001])
array('d', [10.9697265625, 0.42011718750000004, -15.450976562500001, -0.42011718750000004])
array('d', [11.249804687500001, -0.046679687500000004, -16.151171875, -0.0])
array('d', [11.249804687500001, -0.046679687500000004, -15.917773437500001, -0.8402343750000001])
array('d', [11.669921875, -0.046679687500000004, -15.917773437500001, -0.8402343750000001])
array('d', [11.809960937500001, -0.280078125, -15.49765625, 0.466796875])
array('d', [11.809960937500001, -0.280078125, -17.4115234375, 1.9138671875000002])
array('d', [11.809960937500001, -0.280078125, -14.8908203125, -1.2603515625000001])
array('d', [11.856640625, -0.466796875, -14.8908203125, -1.2603515625000001])
array('d', [12.230078125, 0.42011718750000004, -15.917773437500001, 0.56015625])
array('d', [12.043359375000001, -0.466796875, -16.3845703125, 0.56015625])
array('d', [12.043359375000001, -0.466796875, -16.3845703125, -0.18671875000000002])
array('d', [12.276757812500001, -0.046679687500000004, -15.030859375, -0.18671875000000002])
array('d', [11.6232421875, -0.7001953125, -15.7310546875, 0.9802734375000001])
array('d', [13.0703125, -0.466796875, -15.49765625, 0.2333984375])
array('d', [13.0703125, -0.466796875, -16.151171875, -0.6068359375])
array('d', [13.3037109375, -0.280078125, -16.151171875, -0.6068359375])
array('d', [11.38984375, 0.1400390625, -15.2642578125, -0.93359375])
array('d', [12.883593750000001, 0.42011718750000004, -15.2642578125, -0.5134765625000001])
array('d', [11.856640625, 0.37343750000000003, -14.8908203125, -0.18671875000000002])
array('d', [11.856640625, 0.37343750000000003, -14.8908203125, -0.09335937500000001])
array('d', [11.203125, -0.046679687500000004, -15.7310546875, -0.09335937500000001])
array('d', [12.230078125, -0.466796875, -14.8908203125, -0.5134765625000001])
array('d', [12.4634765625, -0.466796875, -15.12421875, 0.2333984375])
array('d', [12.4634765625, -0.466796875, -15.49765625, -0.7468750000000001])
array('d', [12.4634765625, -0.466796875, -15.49765625, -0.7468750000000001])
array('d', [12.883593750000001, -0.7001953125, -15.49765625, -0.7468750000000001])
array('d', [12.043359375000001, -0.280078125, -15.2642578125, -0.8402343750000001])
array('d', [12.043359375000001, 0.1400390625, -16.99140625, -0.18671875000000002])
array('d', [12.650195312500001, -0.046679687500000004, -14.7974609375, 0.1400390625])
array('d', [11.249804687500001, -0.2333984375, -15.7310546875, 0.7001953125])
array('d', [12.043359375000001, -0.280078125, -15.7310546875, -0.09335937500000001])
array('d', [12.043359375000001, -0.280078125, -15.7310546875, -0.09335937500000001])
array('d', [12.043359375000001, 0.9802734375000001, -15.49765625, 0.9802734375000001])
array('d', [12.4634765625, 1.213671875, -14.657421875, 0.9802734375000001])
array('d', [12.043359375000001, 0.37343750000000003, -16.151171875, 0.56015625])
array('d', [11.249804687500001, -0.046679687500000004, -15.2642578125, -0.5134765625000001])
array('d', [11.6232421875, -0.09335937500000001, -15.2642578125, 0.2333984375])
array('d', [11.6232421875, -0.09335937500000001, -15.2642578125, 0.9802734375000001])
array('d', [11.6232421875, -0.09335937500000001, -15.2642578125, 0.9802734375000001])
array('d', [11.6232421875, -0.09335937500000001, -15.2642578125, 0.9802734375000001])
array('d', [12.230078125, 0.9802734375000001, -15.917773437500001, 2.5207031250000003])
array('d', [12.230078125, 0.9802734375000001, -15.917773437500001, 2.5207031250000003])
array('d', [11.6232421875, 0.1400390625, -14.657421875, -0.18671875000000002])
array('d', [11.6232421875, 0.1400390625, -14.657421875, -0.18671875000000002])
array('d', [11.6232421875, 0.1400390625, -14.657421875, -0.18671875000000002])
array('d', [11.6232421875, 0.1400390625, -14.657421875, -0.18671875000000002])
array('d', [11.249804687500001, 0.1400390625, -15.030859375, -0.09335937500000001])
array('d', [11.856640625, -1.30703125, -16.337890625, 0.56015625])
array('d', [11.856640625, -0.046679687500000004, -15.450976562500001, -0.18671875000000002])
array('d', [11.856640625, -0.046679687500000004, -15.450976562500001, -0.18671875000000002])
array('d', [12.650195312500001, -0.466796875, -14.00390625, -0.18671875000000002])
array('d', [12.650195312500001, -0.466796875, -14.00390625, -0.5134765625000001])
array('d', [12.043359375000001, 0.7935546875, -14.190625, -0.5134765625000001])
array('d', [12.276757812500001, 0.7935546875, -14.190625, -0.5134765625000001])
array('d', [12.276757812500001, 0.7935546875, -14.190625, -0.5134765625000001])
array('d', [12.276757812500001, 0.7935546875, -14.190625, -0.5134765625000001])
array('d', [12.276757812500001, 0.1400390625, -15.030859375, -0.56015625])
array('d', [10.9697265625, -0.7001953125, -14.4240234375, 0.2333984375])
array('d', [12.043359375000001, -0.466796875, -15.450976562500001, -0.09335937500000001])
array('d', [12.043359375000001, -0.466796875, -15.450976562500001, -0.09335937500000001])
array('d', [10.9697265625, -0.466796875, -15.2642578125, 0.9802734375000001])
array('d', [11.38984375, -0.046679687500000004, -15.7310546875, -0.280078125])
array('d', [11.38984375, -0.046679687500000004, -15.2642578125, -0.18671875000000002])
array('d', [11.38984375, -0.046679687500000004, -15.2642578125, -0.18671875000000002])
array('d', [11.38984375, -0.046679687500000004, -15.2642578125, -0.18671875000000002])
array('d', [11.38984375, -0.046679687500000004, -15.2642578125, -0.18671875000000002])
array('d', [13.677148437500001, 0.9802734375000001, -15.030859375, 0.653515625])
array('d', [13.677148437500001, -0.09335937500000001, -15.7310546875, 0.1400390625])
array('d', [11.6232421875, -0.09335937500000001, -15.7310546875, 0.1400390625])
array('d', [12.043359375000001, -0.466796875, -15.7310546875, -0.93359375])
array('d', [12.4634765625, 0.7935546875, -14.5640625, 0.2333984375])
array('d', [11.38984375, -0.466796875, -17.2248046875, -0.5134765625000001])
array('d', [11.38984375, -0.466796875, -17.2248046875, -0.5134765625000001])
array('d', [11.38984375, -0.466796875, -17.2248046875, -0.5134765625000001])
array('d', [12.4634765625, 0.42011718750000004, -14.7974609375, -0.09335937500000001])
array('d', [12.4634765625, 0.37343750000000003, -15.7310546875, -0.5134765625000001])
array('d', [11.203125, 0.37343750000000003, -15.7310546875, -0.5134765625000001])
array('d', [11.249804687500001, -0.2333984375, -14.4240234375, -0.5134765625000001])
array('d', [12.4634765625, -0.046679687500000004, -15.7310546875, 0.2333984375])
array('d', [12.4634765625, -0.280078125, -16.151171875, -0.56015625])
array('d', [11.38984375, -0.280078125, -16.151171875, -0.56015625])
array('d', [12.4634765625, 1.213671875, -15.030859375, 0.56015625])
array('d', [11.249804687500001, -1.1203125, -15.450976562500001, -0.42011718750000004])
array('d', [11.249804687500001, -1.1203125, -16.151171875, -0.18671875000000002])
array('d', [11.203125, 0.1400390625, -16.151171875, -0.18671875000000002])
array('d', [12.883593750000001, 0.1400390625, -15.450976562500001, -0.5134765625000001])
array('d', [12.4634765625, -0.046679687500000004, -15.87109375, 0.1400390625])
array('d', [12.4634765625, -0.046679687500000004, -15.87109375, 0.1400390625])
array('d', [11.809960937500001, 1.213671875, -15.7310546875, 0.9802734375000001])
array('d', [11.38984375, 0.56015625, -15.2642578125, 0.280078125])
array('d', [11.38984375, 0.56015625, -15.2642578125, 0.280078125])
array('d', [12.043359375000001, -0.7001953125, -16.337890625, -0.5134765625000001])
array('d', [11.38984375, -0.2333984375, -17.9716796875, 0.280078125])
array('d', [11.38984375, -0.2333984375, -15.917773437500001, 0.653515625])
array('d', [11.38984375, -0.466796875, -15.917773437500001, 0.653515625])
array('d', [11.38984375, 0.56015625, -15.917773437500001, -0.5134765625000001])
array('d', [12.650195312500001, 0.7935546875, -16.151171875, -0.18671875000000002])
array('d', [12.650195312500001, 0.7935546875, -15.7310546875, -0.42011718750000004])
array('d', [11.203125, 1.8205078125, -15.7310546875, -0.42011718750000004])
array('d', [12.043359375000001, -1.1203125, -15.217578125000001, 0.2333984375])
array('d', [11.38984375, -0.466796875, -14.4240234375, 0.2333984375])
array('d', [11.38984375, -0.466796875, -14.4240234375, 0.653515625])
array('d', [12.043359375000001, -0.466796875, -15.917773437500001, 0.653515625])
array('d', [12.043359375000001, -0.466796875, -15.917773437500001, 0.653515625])
array('d', [11.38984375, 1.4470703125000002, -15.077539062500001, 0.56015625])
array('d', [12.043359375000001, -0.7001953125, -15.917773437500001, 0.56015625])
array('d', [12.043359375000001, -0.7001953125, -15.077539062500001, -0.18671875000000002])
array('d', [12.043359375000001, -0.280078125, -15.077539062500001, -0.18671875000000002])
array('d', [12.883593750000001, 0.1400390625, -14.7974609375, 0.1400390625])
array('d', [12.883593750000001, -0.8869140625, -15.49765625, -0.18671875000000002])
array('d', [11.6232421875, -0.8869140625, -15.49765625, -0.18671875000000002])
array('d', [11.6232421875, -0.8869140625, -15.49765625, -0.18671875000000002])
array('d', [11.6232421875, -0.8869140625, -15.49765625, -0.18671875000000002])
array('d', [11.6232421875, -0.8869140625, -15.49765625, -0.18671875000000002])
array('d', [11.6232421875, -0.8869140625, -15.49765625, -0.18671875000000002])
array('d', [11.6232421875, -0.8869140625, -15.49765625, -0.18671875000000002])
array('d', [11.6232421875, -0.8869140625, -15.7310546875, -0.56015625])
array('d', [12.696875, 0.1400390625, -14.7974609375, 1.2603515625000001])
array('d', [11.6232421875, -0.7001953125, -15.7310546875, -0.18671875000000002])
array('d', [11.6232421875, -0.7001953125, -15.7310546875, -0.18671875000000002])
array('d', [11.6232421875, -0.7001953125, -15.7310546875, -0.18671875000000002])
array('d', [11.6232421875, -0.7001953125, -15.7310546875, -0.18671875000000002])
array('d', [11.6232421875, -0.7001953125, -15.7310546875, 0.56015625])
array('d', [12.230078125, 0.9802734375000001, -15.077539062500001, 0.56015625])
array('d', [12.650195312500001, 0.42011718750000004, -15.7310546875, -1.2603515625000001])
array('d', [12.043359375000001, -0.046679687500000004, -15.077539062500001, -0.18671875000000002])
array('d', [12.043359375000001, -0.046679687500000004, -14.4240234375, 0.2333984375])
array('d', [11.38984375, -0.2333984375, -14.4240234375, 0.2333984375])
array('d', [12.4634765625, 0.1400390625, -14.2373046875, -1.30703125])
array('d', [11.856640625, -0.7001953125, -15.49765625, -0.09335937500000001])
array('d', [11.856640625, -0.7001953125, -15.49765625, 0.9802734375000001])
array('d', [10.549609375000001, -0.046679687500000004, -15.2642578125, 0.9802734375000001])
array('d', [11.6232421875, -0.7001953125, -15.684375000000001, -0.5134765625000001])
array('d', [11.6232421875, -0.7001953125, -15.684375000000001, -0.5134765625000001])
array('d', [10.9697265625, 0.56015625, -15.49765625, 0.653515625])
array('d', [12.043359375000001, 0.9802734375000001, -15.49765625, 0.9802734375000001])
array('d', [12.043359375000001, 0.9802734375000001, -15.49765625, -0.93359375])
array('d', [12.043359375000001, -0.046679687500000004, -15.49765625, -0.93359375])
array('d', [11.38984375, -0.466796875, -16.337890625, -0.18671875000000002])
array('d', [12.650195312500001, 0.7935546875, -14.7041015625, -1.2603515625000001])
array('d', [12.650195312500001, 0.7935546875, -15.917773437500001, 0.280078125])
array('d', [12.650195312500001, 0.7935546875, -15.917773437500001, 0.280078125])
array('d', [12.650195312500001, 0.7935546875, -15.917773437500001, 0.280078125])
array('d', [12.650195312500001, 0.7935546875, -15.917773437500001, 0.280078125])
array('d', [12.883593750000001, -1.1203125, -15.917773437500001, -0.18671875000000002])
array('d', [12.9302734375, 0.42011718750000004, -15.49765625, -0.18671875000000002])
array('d', [11.809960937500001, 0.42011718750000004, -15.917773437500001, -0.5134765625000001])
array('d', [11.809960937500001, 0.42011718750000004, -15.917773437500001, -0.5134765625000001])
array('d', [11.809960937500001, 0.42011718750000004, -15.917773437500001, -0.5134765625000001])
array('d', [10.9697265625, -0.046679687500000004, -14.8908203125, 0.653515625])
array('d', [13.0703125, 0.1400390625, -16.5712890625, 0.280078125])
array('d', [13.0703125, 0.1400390625, -16.5712890625, -0.93359375])
array('d', [12.883593750000001, -0.046679687500000004, -18.3451171875, -0.93359375])
array('d', [11.809960937500001, 0.9802734375000001, -15.7310546875, 0.9802734375000001])
array('d', [12.043359375000001, 0.1400390625, -15.49765625, 0.2333984375])
array('d', [12.043359375000001, 0.1400390625, -15.684375000000001, 0.2333984375])
array('d', [12.043359375000001, 0.1400390625, -15.684375000000001, 0.2333984375])
array('d', [12.043359375000001, 0.1400390625, -15.684375000000001, 0.2333984375])
array('d', [13.3037109375, 0.37343750000000003, -15.684375000000001, 0.2333984375])
array('d', [11.249804687500001, -0.280078125, -16.8046875, -0.42011718750000004])
array('d', [11.38984375, -0.2333984375, -15.49765625, -0.5134765625000001])
array('d', [11.38984375, -0.2333984375, -15.49765625, -0.5134765625000001])
array('d', [11.38984375, -0.2333984375, -15.49765625, -0.5134765625000001])
array('d', [12.4634765625, 0.37343750000000003, -15.684375000000001, 0.2333984375])
array('d', [11.38984375, -0.280078125, -15.49765625, 0.9802734375000001])
array('d', [11.38984375, -0.280078125, -15.49765625, 0.9802734375000001])
array('d', [11.38984375, -0.280078125, -15.49765625, 0.9802734375000001])
array('d', [11.38984375, -0.280078125, -15.49765625, 0.9802734375000001])
array('d', [11.38984375, -0.280078125, -15.49765625, 0.9802734375000001])
array('d', [10.8296875, 0.37343750000000003, -15.077539062500001, 0.2333984375])
array('d', [12.4634765625, -0.7001953125, -15.917773437500001, 0.2333984375])
array('d', [11.38984375, 0.37343750000000003, -14.4240234375, 0.2333984375])
array('d', [11.38984375, 0.37343750000000003, -14.00390625, 0.2333984375])
array('d', [11.856640625, 0.56015625, -15.917773437500001, -0.09335937500000001])
array('d', [12.9302734375, -0.09335937500000001, -15.917773437500001, -1.1669921875])
array('d', [11.856640625, 0.7935546875, -15.7310546875, -0.5134765625000001])
array('d', [11.856640625, 0.7935546875, -15.7310546875, 0.56015625])
array('d', [11.856640625, -0.466796875, -15.077539062500001, 0.56015625])
array('d', [10.8296875, -0.046679687500000004, -15.917773437500001, 0.2333984375])
array('d', [13.0703125, -0.046679687500000004, -15.684375000000001, -0.09335937500000001])
array('d', [13.0703125, -0.046679687500000004, -15.217578125000001, 0.2333984375])
array('d', [12.416796875000001, -0.046679687500000004, -15.217578125000001, 0.2333984375])
array('d', [12.4634765625, -0.046679687500000004, -15.917773437500001, 0.2333984375])
array('d', [12.4634765625, -0.046679687500000004, -15.917773437500001, 0.2333984375])
array('d', [12.4634765625, -0.046679687500000004, -15.917773437500001, 0.2333984375])
array('d', [12.4634765625, -0.046679687500000004, -15.917773437500001, 0.2333984375])
array('d', [12.4634765625, -0.046679687500000004, -15.917773437500001, 0.2333984375])
array('d', [12.4634765625, -0.046679687500000004, -15.917773437500001, 0.2333984375])
array('d', [10.8296875, -0.466796875, -16.337890625, -0.5134765625000001])
array('d', [12.043359375000001, -0.5134765625000001, -15.7310546875, 0.2333984375])
array('d', [11.809960937500001, 0.37343750000000003, -15.7310546875, 0.280078125])
array('d', [11.809960937500001, 0.37343750000000003, -15.7310546875, 0.280078125])
array('d', [12.043359375000001, 0.1400390625, -15.917773437500001, -0.93359375])
array('d', [12.276757812500001, 0.7935546875, -14.7974609375, 0.2333984375])
array('d', [12.043359375000001, -0.7001953125, -15.2642578125, 0.2333984375])
array('d', [12.043359375000001, -0.7001953125, -15.2642578125, 0.2333984375])
array('d', [12.043359375000001, -0.7001953125, -15.2642578125, -0.18671875000000002])
array('d', [12.650195312500001, 0.7935546875, -15.12421875, -0.42011718750000004])
array('d', [12.043359375000001, 0.56015625, -15.2642578125, -2.0539062500000003])
array('d', [12.043359375000001, 0.56015625, -15.917773437500001, 0.8402343750000001])
array('d', [13.0703125, 0.42011718750000004, -15.917773437500001, 0.8402343750000001])
array('d', [12.4634765625, 0.37343750000000003, -15.917773437500001, -0.5134765625000001])
array('d', [12.4634765625, 0.56015625, -16.337890625, 0.046679687500000004])
array('d', [12.4634765625, 0.7935546875, -15.49765625, 0.653515625])
array('d', [12.650195312500001, 0.7935546875, -15.49765625, -0.5134765625000001])
array('d', [11.38984375, -0.466796875, -15.077539062500001, -0.5134765625000001])
array('d', [12.276757812500001, -0.466796875, -15.217578125000001, -0.09335937500000001])
array('d', [12.043359375000001, 0.42011718750000004, -16.5712890625, 0.280078125])
array('d', [12.043359375000001, 0.42011718750000004, -16.5712890625, -0.5134765625000001])
array('d', [13.0703125, -0.046679687500000004, -15.450976562500001, -0.5134765625000001])
array('d', [13.0703125, -0.046679687500000004, -15.450976562500001, -0.5134765625000001])
array('d', [13.0703125, -0.046679687500000004, -15.450976562500001, -0.5134765625000001])
array('d', [12.230078125, 0.9802734375000001, -15.7310546875, -0.09335937500000001])
array('d', [10.9697265625, -0.8869140625, -15.917773437500001, -2.0539062500000003])
array('d', [11.38984375, 0.1400390625, -14.7974609375, -0.5134765625000001])
array('d', [11.38984375, 0.1400390625, -14.7974609375, -0.5134765625000001])
array('d', [11.6232421875, -0.466796875, -15.917773437500001, -0.09335937500000001])
array('d', [12.4634765625, 0.1400390625, -15.217578125000001, 0.1400390625])
array('d', [12.4634765625, 0.1400390625, -15.217578125000001, -0.8402343750000001])
array('d', [12.4634765625, 0.1400390625, -15.217578125000001, -0.8402343750000001])
array('d', [12.883593750000001, -0.046679687500000004, -14.7974609375, 0.56015625])
array('d', [12.650195312500001, 0.56015625, -14.4240234375, 0.56015625])
array('d', [11.38984375, 0.37343750000000003, -14.7974609375, 0.9802734375000001])
array('d', [11.38984375, 0.37343750000000003, -14.7974609375, 0.9802734375000001])
array('d', [12.4634765625, 0.7935546875, -16.151171875, -0.18671875000000002])
array('d', [12.4634765625, 0.56015625, -15.917773437500001, 0.2333984375])
array('d', [12.4634765625, 0.56015625, -15.917773437500001, 0.2333984375])
array('d', [11.38984375, -0.7468750000000001, -15.917773437500001, 0.2333984375])
array('d', [12.9302734375, -1.1203125, -16.151171875, -0.56015625])
array('d', [12.9302734375, 0.9802734375000001, -15.217578125000001, -0.09335937500000001])
array('d', [12.416796875000001, 0.9802734375000001, -15.217578125000001, -0.09335937500000001])
array('d', [12.416796875000001, 0.9802734375000001, -15.217578125000001, -0.09335937500000001])
array('d', [11.38984375, 0.56015625, -15.684375000000001, -0.8402343750000001])
array('d', [11.809960937500001, 1.8205078125, -15.077539062500001, -0.18671875000000002])
array('d', [11.856640625, 0.7935546875, -13.7705078125, 0.653515625])
array('d', [11.856640625, 0.1400390625, -15.684375000000001, 0.280078125])
array('d', [11.6232421875, 0.1400390625, -15.684375000000001, 0.280078125])
array('d', [11.6232421875, 0.7935546875, -15.917773437500001, 0.280078125])
array('d', [11.6232421875, 0.7935546875, -15.7310546875, -1.1669921875])
array('d', [11.6232421875, 0.7935546875, -15.7310546875, -0.5134765625000001])
array('d', [11.6232421875, -1.30703125, -15.7310546875, -0.5134765625000001])
array('d', [11.856640625, -0.466796875, -16.151171875, 0.653515625])
array('d', [11.38984375, -0.280078125, -15.49765625, -1.2603515625000001])
array('d', [11.6232421875, 0.42011718750000004, -15.030859375, 0.56015625])
array('d', [13.3037109375, 0.18671875000000002, -14.190625, -0.5134765625000001])
array('d', [13.3037109375, 0.18671875000000002, -14.190625, -0.5134765625000001])
array('d', [13.3037109375, 0.18671875000000002, -14.190625, -0.5134765625000001])
array('d', [13.3037109375, 0.18671875000000002, -14.190625, -0.5134765625000001])
array('d', [13.3037109375, 0.18671875000000002, -14.190625, -0.5134765625000001])
array('d', [13.3037109375, 0.18671875000000002, -14.190625, -0.5134765625000001])
array('d', [11.38984375, 0.1400390625, -14.7974609375, -1.2603515625000001])
array('d', [10.9697265625, -0.5134765625000001, -14.190625, 1.213671875])
array('d', [12.4634765625, -0.2333984375, -15.7310546875, 0.2333984375])
array('d', [12.4634765625, -0.2333984375, -15.7310546875, 0.2333984375])
array('d', [12.4634765625, -0.2333984375, -15.7310546875, 0.2333984375])
array('d', [12.4634765625, -0.2333984375, -15.7310546875, 0.2333984375])
array('d', [12.4634765625, -0.2333984375, -15.7310546875, 0.2333984375])
array('d', [12.4634765625, -0.09335937500000001, -15.7310546875, 0.2333984375])
array('d', [12.883593750000001, -0.09335937500000001, -15.7310546875, 0.2333984375])
array('d', [11.6232421875, -0.7001953125, -15.077539062500001, 0.2333984375])
array('d', [11.6232421875, -0.7001953125, -15.077539062500001, 0.2333984375])
array('d', [11.6232421875, -0.7001953125, -15.077539062500001, 0.2333984375])
array('d', [11.6232421875, -0.7001953125, -15.077539062500001, 0.2333984375])
array('d', [11.6232421875, -0.7001953125, -15.077539062500001, 0.2333984375])
array('d', [12.230078125, -1.1669921875, -15.684375000000001, -0.09335937500000001])
array('d', [12.043359375000001, -0.7468750000000001, -15.077539062500001, -0.09335937500000001])
array('d', [12.043359375000001, -0.5134765625000001, -16.151171875, 0.1400390625])
array('d', [11.38984375, -0.5134765625000001, -16.151171875, 0.1400390625])
array('d', [11.38984375, -0.5134765625000001, -16.151171875, 0.1400390625])
array('d', [11.38984375, -0.5134765625000001, -16.151171875, 0.1400390625])
array('d', [11.38984375, -0.5134765625000001, -16.151171875, 0.1400390625])
array('d', [11.9966796875, 0.56015625, -15.49765625, -0.8402343750000001])
array('d', [11.249804687500001, 0.1400390625, -15.217578125000001, 0.56015625])
array('d', [11.249804687500001, 0.1400390625, -15.217578125000001, 0.56015625])
array('d', [12.043359375000001, -0.046679687500000004, -15.217578125000001, 0.9802734375000001])
array('d', [12.043359375000001, -0.5134765625000001, -15.217578125000001, -1.30703125])
array('d', [11.6232421875, -0.7468750000000001, -15.077539062500001, -1.6337890625])
array('d', [11.6232421875, -0.7468750000000001, -15.684375000000001, -1.6337890625])
array('d', [13.4904296875, 0.8402343750000001, -15.684375000000001, -0.09335937500000001])
array('d', [11.38984375, -1.1669921875, -15.49765625, 0.56015625])
array('d', [11.38984375, -1.1669921875, -16.5712890625, -0.5134765625000001])
array('d', [12.230078125, 0.18671875000000002, -16.5712890625, -0.5134765625000001])
array('d', [11.856640625, 0.37343750000000003, -15.49765625, 1.6804687500000002])
array('d', [11.809960937500001, -0.09335937500000001, -14.377343750000001, -0.5134765625000001])
array('d', [11.809960937500001, 1.0269531250000001, -14.377343750000001, -0.93359375])
array('d', [11.809960937500001, 1.0269531250000001, -14.377343750000001, -0.93359375])
array('d', [11.809960937500001, 1.0269531250000001, -14.377343750000001, -0.93359375])
array('d', [11.809960937500001, 1.0269531250000001, -14.377343750000001, -0.93359375])
array('d', [12.230078125, 1.0269531250000001, -15.917773437500001, -1.1669921875])
array('d', [12.043359375000001, -0.5134765625000001, -14.190625, -1.1669921875])
array('d', [11.6232421875, 0.7935546875, -14.4240234375, -0.5134765625000001])
array('d', [11.6232421875, 0.7935546875, -14.4240234375, -0.5134765625000001])
array('d', [12.4634765625, 0.37343750000000003, -15.49765625, 0.56015625])
array('d', [12.650195312500001, -0.09335937500000001, -16.151171875, -0.09335937500000001])
array('d', [12.043359375000001, -0.046679687500000004, -16.337890625, 0.280078125])
array('d', [12.043359375000001, -0.046679687500000004, -16.337890625, 0.280078125])
array('d', [12.043359375000001, -0.046679687500000004, -16.337890625, 0.280078125])
array('d', [12.043359375000001, 0.7935546875, -14.7974609375, -0.09335937500000001])
array('d', [11.38984375, 0.7935546875, -14.7974609375, -0.09335937500000001])
array('d', [12.043359375000001, 0.56015625, -14.190625, -0.8402343750000001])
array('d', [12.4634765625, -0.8869140625, -15.917773437500001, -0.93359375])
array('d', [12.4634765625, -0.8869140625, -16.337890625, -0.09335937500000001])
array('d', [11.6232421875, -0.5134765625000001, -16.337890625, -0.09335937500000001])
array('d', [11.4365234375, -0.7468750000000001, -15.077539062500001, 0.653515625])
array('d', [11.4365234375, -0.7468750000000001, -15.7310546875, -0.09335937500000001])
array('d', [11.856640625, 0.1400390625, -15.7310546875, -0.09335937500000001])
array('d', [11.6232421875, 0.42011718750000004, -15.917773437500001, -0.18671875000000002])
array('d', [12.230078125, 0.1400390625, -15.917773437500001, -0.09335937500000001])
array('d', [12.230078125, 0.1400390625, -15.917773437500001, -0.09335937500000001])
array('d', [12.230078125, 0.1400390625, -15.917773437500001, -0.09335937500000001])
array('d', [13.443750000000001, -1.30703125, -15.077539062500001, -0.5134765625000001])
array('d', [11.809960937500001, 0.6068359375, -16.337890625, -0.5134765625000001])
array('d', [11.809960937500001, 0.6068359375, -16.337890625, -0.5134765625000001])
array('d', [11.809960937500001, 0.6068359375, -16.337890625, -0.5134765625000001])
array('d', [11.809960937500001, 0.6068359375, -16.337890625, -0.5134765625000001])
array('d', [11.809960937500001, 0.18671875000000002, -16.1044921875, 0.2333984375])
array('d', [11.38984375, 0.37343750000000003, -15.077539062500001, -0.93359375])
array('d', [12.883593750000001, -0.93359375, -14.4240234375, 0.1400390625])
array('d', [12.883593750000001, -0.93359375, -14.5640625, 0.8402343750000001])
array('d', [11.38984375, 0.18671875000000002, -14.5640625, 0.8402343750000001])
array('d', [11.6232421875, -0.7468750000000001, -15.49765625, -2.0072265625])
array('d', [12.883593750000001, 0.6068359375, -15.49765625, -0.93359375])
array('d', [12.883593750000001, 0.37343750000000003, -16.151171875, -0.09335937500000001])
array('d', [12.883593750000001, -0.7468750000000001, -15.077539062500001, 1.0269531250000001])
array('d', [12.043359375000001, -0.7468750000000001, -15.077539062500001, 0.2333984375])
array('d', [12.4634765625, -0.5134765625000001, -15.2642578125, 0.2333984375])
array('d', [12.276757812500001, -0.5134765625000001, -15.030859375, 0.2333984375])
array('d', [12.4634765625, -0.7468750000000001, -15.49765625, -2.0539062500000003])
array('d', [12.230078125, -0.09335937500000001, -15.077539062500001, -0.56015625])
array('d', [11.6232421875, 0.6068359375, -15.077539062500001, 0.2333984375])
array('d', [11.6232421875, 0.6068359375, -15.077539062500001, -0.5134765625000001])
array('d', [12.043359375000001, -0.5134765625000001, -14.7974609375, -0.5134765625000001])
array('d', [12.4634765625, 0.18671875000000002, -15.7310546875, 0.56015625])
array('d', [12.4634765625, -0.5134765625000001, -14.5640625, -0.0])
array('d', [13.0703125, -0.5134765625000001, -14.5640625, -0.5134765625000001])
array('d', [12.883593750000001, -0.2333984375, -14.5640625, -0.5134765625000001])
array('d', [11.6232421875, 0.6068359375, -15.077539062500001, -0.42011718750000004])
array('d', [12.043359375000001, -0.7468750000000001, -15.217578125000001, -0.09335937500000001])
array('d', [11.9966796875, -0.280078125, -15.917773437500001, 0.9802734375000001])
array('d', [11.809960937500001, -0.93359375, -14.4240234375, -0.5134765625000001])
array('d', [11.809960937500001, -0.2333984375, -15.49765625, -0.8402343750000001])
array('d', [11.809960937500001, -0.2333984375, -15.49765625, -0.8402343750000001])
array('d', [11.6232421875, 0.8402343750000001, -14.5640625, 0.1400390625])
array('d', [11.6232421875, -0.7468750000000001, -16.151171875, 0.9802734375000001])
array('d', [12.650195312500001, -0.7468750000000001, -16.151171875, 0.9802734375000001])
array('d', [12.043359375000001, 0.42011718750000004, -14.7974609375, 1.2603515625000001])
array('d', [12.276757812500001, 0.1400390625, -14.7974609375, -0.5134765625000001])
array('d', [11.6232421875, -0.2333984375, -15.49765625, -0.5134765625000001])
array('d', [11.6232421875, -0.2333984375, -15.49765625, -0.5134765625000001])
array('d', [11.6232421875, -0.2333984375, -15.49765625, -0.5134765625000001])
array('d', [11.38984375, 0.18671875000000002, -14.4240234375, -0.93359375])
array('d', [11.38984375, -0.466796875, -15.7310546875, 0.280078125])
array('d', [10.549609375000001, -0.466796875, -15.7310546875, 0.280078125])
array('d', [13.910546875000001, -0.280078125, -14.7974609375, 0.56015625])
array('d', [10.736328125, -0.09335937500000001, -14.4240234375, 0.9802734375000001])
array('d', [11.38984375, -0.2333984375, -14.610742187500001, 0.2333984375])
array('d', [11.38984375, -0.2333984375, -14.610742187500001, 0.2333984375])
array('d', [11.38984375, -0.2333984375, -14.610742187500001, 0.2333984375])
array('d', [12.650195312500001, 0.8402343750000001, -15.684375000000001, -1.30703125])
array('d', [11.38984375, -0.09335937500000001, -15.2642578125, -0.8402343750000001])
array('d', [11.809960937500001, -0.93359375, -14.844140625000001, -0.5134765625000001])
array('d', [11.809960937500001, -0.93359375, -14.844140625000001, -0.5134765625000001])
array('d', [11.809960937500001, -0.93359375, -14.844140625000001, -0.5134765625000001])
array('d', [10.362890625, 1.2603515625000001, -15.49765625, -0.5134765625000001])
array('d', [10.362890625, 1.2603515625000001, -16.2912109375, -0.42011718750000004])
array('d', [12.043359375000001, -0.2333984375, -16.2912109375, 0.2333984375])
array('d', [12.416796875000001, 0.6068359375, -15.49765625, 0.2333984375])
array('d', [12.230078125, -0.280078125, -15.7310546875, -1.30703125])
array('d', [12.230078125, -0.280078125, -15.450976562500001, 0.2333984375])
array('d', [11.343164062500001, 0.18671875000000002, -15.450976562500001, 0.2333984375])
array('d', [11.6232421875, 0.1400390625, -14.610742187500001, -1.2603515625000001])
array('d', [11.203125, -1.1669921875, -15.2642578125, 0.56015625])
array('d', [12.4634765625, 0.18671875000000002, -16.1044921875, 0.9802734375000001])
array('d', [12.4634765625, 0.18671875000000002, -16.1044921875, 0.9802734375000001])
array('d', [10.9697265625, -0.046679687500000004, -15.450976562500001, 0.2333984375])
array('d', [10.9697265625, -0.046679687500000004, -15.7310546875, -0.0])
array('d', [12.043359375000001, -0.09335937500000001, -15.87109375, 0.56015625])
array('d', [11.38984375, -0.09335937500000001, -15.2642578125, -0.93359375])
array('d', [12.276757812500001, 0.18671875000000002, -15.2642578125, -0.93359375])
array('d', [12.650195312500001, -0.5134765625000001, -15.077539062500001, -0.56015625])
array('d', [12.043359375000001, 0.42011718750000004, -14.844140625000001, -0.18671875000000002])
array('d', [11.6232421875, -0.7001953125, -15.87109375, 0.9802734375000001])
array('d', [11.6232421875, 0.18671875000000002, -15.87109375, 0.653515625])
array('d', [11.6232421875, 0.18671875000000002, -15.87109375, 0.653515625])
array('d', [11.809960937500001, 0.1400390625, -15.7310546875, -0.5134765625000001])
array('d', [11.6232421875, 1.2603515625000001, -14.4240234375, 0.7001953125])
array('d', [12.4634765625, -0.2333984375, -15.87109375, -0.5134765625000001])
array('d', [12.4634765625, -0.2333984375, -15.7310546875, -0.56015625])
array('d', [12.230078125, -0.5134765625000001, -15.7310546875, -0.56015625])
array('d', [12.043359375000001, 0.18671875000000002, -15.450976562500001, 0.653515625])
array('d', [12.4634765625, 0.6068359375, -15.450976562500001, 0.280078125])
array('d', [12.4634765625, -0.93359375, -15.450976562500001, -0.5134765625000001])
array('d', [11.809960937500001, -0.93359375, -15.450976562500001, -0.5134765625000001])
array('d', [11.576562500000001, -0.5134765625000001, -14.844140625000001, 0.653515625])
array('d', [11.856640625, -0.5134765625000001, -15.030859375, 0.2333984375])
array('d', [11.4365234375, 0.18671875000000002, -15.49765625, -0.8402343750000001])
array('d', [12.043359375000001, -0.466796875, -15.450976562500001, 2.8474609375])
array('d', [12.043359375000001, -0.466796875, -15.450976562500001, -0.5134765625000001])
array('d', [12.4634765625, -0.5134765625000001, -15.2642578125, -0.5134765625000001])
array('d', [12.230078125, 0.6068359375, -14.050585937500001, -0.93359375])
array('d', [12.230078125, -0.09335937500000001, -15.077539062500001, -1.0269531250000001])
array('d', [12.4634765625, -0.09335937500000001, -16.5712890625, 2.1005859375])
array('d', [12.4634765625, -0.93359375, -16.5712890625, 2.1005859375])
array('d', [11.809960937500001, 0.6068359375, -14.844140625000001, -0.93359375])
array('d', [11.6232421875, -0.2333984375, -15.87109375, 0.2333984375])
array('d', [12.416796875000001, -0.2333984375, -15.49765625, -0.8402343750000001])
array('d', [12.416796875000001, -0.2333984375, -15.2642578125, 1.2603515625000001])
array('d', [12.4634765625, -0.5134765625000001, -15.2642578125, 1.2603515625000001])
array('d', [11.856640625, -0.93359375, -15.49765625, -0.09335937500000001])
array('d', [12.276757812500001, -0.7001953125, -14.610742187500001, 0.56015625])
array('d', [12.276757812500001, -0.2333984375, -15.7310546875, 0.2333984375])
array('d', [12.650195312500001, -0.2333984375, -15.7310546875, 0.2333984375])
array('d', [10.923046875, 0.6068359375, -15.2642578125, 0.9802734375000001])
array('d', [12.9302734375, 0.42011718750000004, -15.7310546875, 0.9802734375000001])
array('d', [12.9302734375, 0.42011718750000004, -15.7310546875, 0.9802734375000001])
array('d', [12.9302734375, 0.42011718750000004, -15.7310546875, 0.9802734375000001])
array('d', [12.9302734375, 0.18671875000000002, -15.87109375, -1.587109375])
array('d', [12.883593750000001, 0.18671875000000002, -15.87109375, 0.56015625])
array('d', [12.043359375000001, -0.2333984375, -15.2642578125, 0.56015625])
array('d', [12.043359375000001, -0.2333984375, -15.2642578125, 0.56015625])
array('d', [11.203125, -0.2333984375, -15.49765625, 0.653515625])
array('d', [11.856640625, 0.37343750000000003, -15.2642578125, 0.56015625])
array('d', [12.230078125, -0.2333984375, -16.151171875, -0.5134765625000001])
array('d', [12.230078125, -0.2333984375, -16.151171875, -0.5134765625000001])
array('d', [12.650195312500001, -0.7468750000000001, -14.657421875, 0.653515625])
array('d', [12.043359375000001, -1.1669921875, -14.844140625000001, -0.5134765625000001])
array('d', [12.416796875000001, 0.6068359375, -15.2642578125, -0.93359375])
array('d', [12.416796875000001, 0.6068359375, -15.2642578125, -0.93359375])
array('d', [12.416796875000001, 0.6068359375, -15.2642578125, -0.93359375])
array('d', [12.416796875000001, 0.6068359375, -15.2642578125, -0.93359375])
array('d', [12.416796875000001, 0.6068359375, -15.2642578125, -0.93359375])
array('d', [12.416796875000001, 0.6068359375, -15.2642578125, -0.93359375])
array('d', [12.416796875000001, 0.6068359375, -15.2642578125, -0.93359375])
array('d', [12.276757812500001, -0.5134765625000001, -14.844140625000001, -0.5134765625000001])
array('d', [12.230078125, 0.18671875000000002, -15.87109375, -0.7468750000000001])
array('d', [12.230078125, 0.18671875000000002, -15.87109375, -0.7468750000000001])
array('d', [12.230078125, 0.18671875000000002, -15.87109375, -0.7468750000000001])
array('d', [12.043359375000001, -0.93359375, -15.7310546875, -1.2603515625000001])
array('d', [12.230078125, -0.280078125, -15.49765625, 0.2333984375])
array('d', [11.38984375, -0.2333984375, -15.87109375, -0.8402343750000001])
array('d', [11.38984375, -0.2333984375, -15.7310546875, 0.9802734375000001])
array('d', [11.38984375, 0.42011718750000004, -15.7310546875, 0.9802734375000001])
array('d', [12.043359375000001, -0.09335937500000001, -15.49765625, -0.5134765625000001])
array('d', [12.650195312500001, -0.93359375, -15.49765625, -0.09335937500000001])
array('d', [12.043359375000001, 0.6068359375, -15.7310546875, -0.5134765625000001])
array('d', [12.230078125, 0.42011718750000004, -15.49765625, -0.5134765625000001])
array('d', [12.230078125, 0.42011718750000004, -15.49765625, 0.280078125])
array('d', [12.230078125, 0.42011718750000004, -15.49765625, 0.280078125])
array('d', [12.230078125, 0.42011718750000004, -15.49765625, 0.280078125])
array('d', [12.230078125, 0.42011718750000004, -15.49765625, 0.280078125])
array('d', [11.6232421875, -0.5134765625000001, -15.2642578125, 0.280078125])
array('d', [11.6232421875, 1.2603515625000001, -14.190625, -0.18671875000000002])
array('d', [12.043359375000001, -0.93359375, -15.87109375, -0.18671875000000002])
array('d', [12.043359375000001, -0.93359375, -14.610742187500001, -1.1669921875])
array('d', [11.6232421875, -0.93359375, -14.610742187500001, -1.1669921875])
array('d', [12.4634765625, -0.7468750000000001, -14.844140625000001, 0.1400390625])
array('d', [11.249804687500001, 0.18671875000000002, -15.030859375, -0.09335937500000001])
array('d', [11.249804687500001, -0.2333984375, -14.844140625000001, 0.1400390625])
array('d', [12.650195312500001, -0.2333984375, -14.844140625000001, 0.1400390625])
array('d', [11.669921875, 0.6068359375, -15.2642578125, -0.5134765625000001])
array('d', [11.856640625, -0.2333984375, -14.844140625000001, -0.18671875000000002])
array('d', [11.856640625, -0.2333984375, -14.2373046875, -1.0269531250000001])
array('d', [11.809960937500001, 0.42011718750000004, -14.2373046875, -1.0269531250000001])
array('d', [11.856640625, -0.2333984375, -15.450976562500001, 1.3537109375])
array('d', [12.043359375000001, -3.0341796875, -14.4240234375, -0.18671875000000002])
array('d', [12.043359375000001, -3.0341796875, -15.077539062500001, 0.280078125])
array('d', [11.669921875, 0.18671875000000002, -15.077539062500001, 0.280078125])
array('d', [11.809960937500001, 0.18671875000000002, -15.2642578125, 0.280078125])
array('d', [11.809960937500001, 0.18671875000000002, -15.2642578125, 0.280078125])
array('d', [11.6232421875, -0.7001953125, -15.7310546875, 0.2333984375])
array('d', [11.6232421875, -0.7001953125, -14.2373046875, 0.466796875])
array('d', [12.4634765625, 0.8402343750000001, -14.2373046875, 0.466796875])
array('d', [13.3037109375, -0.2333984375, -15.917773437500001, -0.18671875000000002])
array('d', [11.856640625, 0.18671875000000002, -15.7310546875, -0.56015625])
array('d', [11.856640625, -0.93359375, -15.2642578125, 0.56015625])
array('d', [11.6232421875, -0.93359375, -15.2642578125, 0.56015625])
array('d', [11.38984375, -0.2333984375, -14.844140625000001, 0.466796875])
array('d', [11.809960937500001, -1.1669921875, -15.077539062500001, -0.5134765625000001])
array('d', [12.4634765625, 0.42011718750000004, -15.2642578125, -0.0])
array('d', [12.4634765625, 0.42011718750000004, -15.2642578125, -0.0])
array('d', [13.0703125, -0.5134765625000001, -15.87109375, 0.9802734375000001])
array('d', [11.856640625, 0.42011718750000004, -15.2642578125, -0.18671875000000002])
array('d', [11.856640625, 0.42011718750000004, -15.2642578125, -0.09335937500000001])
array('d', [12.043359375000001, -0.5134765625000001, -15.030859375, -0.18671875000000002])
array('d', [13.677148437500001, -0.5134765625000001, -15.450976562500001, -0.18671875000000002])
array('d', [11.6232421875, -0.5134765625000001, -15.077539062500001, 0.9802734375000001])
array('d', [12.230078125, 0.8402343750000001, -15.2642578125, -0.5134765625000001])
array('d', [12.230078125, 0.8402343750000001, -15.2642578125, -0.18671875000000002])
array('d', [12.4634765625, -0.7468750000000001, -15.2642578125, -0.18671875000000002])
array('d', [11.38984375, 0.1400390625, -15.450976562500001, -0.18671875000000002])
array('d', [11.38984375, 0.1400390625, -15.450976562500001, -0.18671875000000002])
array('d', [11.38984375, 0.1400390625, -15.450976562500001, -0.18671875000000002])
array('d', [11.6232421875, -0.2333984375, -15.077539062500001, -0.09335937500000001])
array('d', [11.6232421875, -0.2333984375, -15.077539062500001, 0.56015625])
array('d', [12.4634765625, -0.09335937500000001, -15.077539062500001, 0.56015625])
array('d', [11.9966796875, -0.5134765625000001, -16.2912109375, 0.56015625])
array('d', [13.25703125, 0.8402343750000001, -14.4240234375, 0.56015625])
array('d', [12.230078125, 0.8402343750000001, -16.2912109375, -0.09335937500000001])
array('d', [12.230078125, 0.8402343750000001, -16.2912109375, -0.8402343750000001])
array('d', [11.856640625, 1.2603515625000001, -15.87109375, -0.8402343750000001])
array('d', [11.38984375, 1.0269531250000001, -15.2642578125, -0.18671875000000002])
array('d', [12.883593750000001, -0.09335937500000001, -16.2912109375, -0.18671875000000002])
array('d', [12.883593750000001, 0.18671875000000002, -15.450976562500001, 0.9802734375000001])
array('d', [12.9302734375, 0.18671875000000002, -15.450976562500001, 0.9802734375000001])
array('d', [11.6232421875, -0.2333984375, -15.7310546875, 0.466796875])
array('d', [12.043359375000001, -0.2333984375, -15.7310546875, 0.466796875])
array('d', [12.043359375000001, -0.2333984375, -15.7310546875, 0.466796875])
array('d', [12.4634765625, -0.09335937500000001, -15.2642578125, -0.18671875000000002])
array('d', [12.4634765625, -1.3537109375, -16.2912109375, -0.18671875000000002])
array('d', [12.883593750000001, -1.3537109375, -14.844140625000001, 0.7001953125])
array('d', [12.883593750000001, -1.3537109375, -14.844140625000001, 0.7001953125])
array('d', [10.9697265625, -0.5134765625000001, -14.844140625000001, 0.7001953125])
array('d', [13.0703125, 0.42011718750000004, -15.2642578125, -0.5134765625000001])
array('d', [11.249804687500001, -0.2333984375, -15.2642578125, 0.2333984375])
array('d', [13.0703125, -0.5134765625000001, -14.4240234375, -1.2603515625000001])
array('d', [13.0703125, -0.5134765625000001, -14.4240234375, 0.9802734375000001])
array('d', [12.230078125, -0.09335937500000001, -14.7974609375, 0.9802734375000001])
array('d', [11.809960937500001, -0.09335937500000001, -15.030859375, 1.773828125])
array('d', [11.809960937500001, -0.09335937500000001, -15.030859375, 0.2333984375])
array('d', [12.416796875000001, -0.7468750000000001, -16.1044921875, 0.2333984375])
array('d', [12.883593750000001, -0.09335937500000001, -15.077539062500001, -0.18671875000000002])
array('d', [13.443750000000001, 1.0269531250000001, -15.077539062500001, 1.0269531250000001])
array('d', [11.809960937500001, -0.2333984375, -15.077539062500001, -0.5134765625000001])
array('d', [11.809960937500001, -0.2333984375, -15.49765625, -0.09335937500000001])
array('d', [11.669921875, -0.2333984375, -15.49765625, -0.09335937500000001])
array('d', [12.230078125, -0.2333984375, -14.7974609375, 0.653515625])
array('d', [12.650195312500001, -0.7001953125, -15.450976562500001, 0.2333984375])
array('d', [12.650195312500001, 0.37343750000000003, -16.2912109375, 0.280078125])
array('d', [12.696875, 0.37343750000000003, -16.2912109375, 0.280078125])
array('d', [12.043359375000001, -0.5134765625000001, -15.684375000000001, 0.56015625])
array('d', [12.043359375000001, -1.587109375, -15.684375000000001, -0.5134765625000001])
array('d', [12.043359375000001, 0.37343750000000003, -15.684375000000001, -0.5134765625000001])
array('d', [12.230078125, 0.37343750000000003, -15.684375000000001, -0.5134765625000001])
array('d', [12.043359375000001, -0.046679687500000004, -15.450976562500001, 0.1400390625])
array('d', [12.230078125, 0.18671875000000002, -15.077539062500001, 0.653515625])
array('d', [12.230078125, 0.18671875000000002, -15.077539062500001, 0.653515625])
array('d', [12.230078125, 0.18671875000000002, -15.077539062500001, 0.653515625])
array('d', [12.230078125, -0.2333984375, -15.684375000000001, -0.09335937500000001])
array('d', [13.0703125, 0.42011718750000004, -15.450976562500001, 0.9802734375000001])
array('d', [13.0703125, 0.42011718750000004, -15.450976562500001, -0.18671875000000002])
array('d', [13.0703125, 0.42011718750000004, -15.450976562500001, -0.18671875000000002])
array('d', [13.0703125, 0.42011718750000004, -15.450976562500001, -0.18671875000000002])
array('d', [12.696875, -0.09335937500000001, -15.49765625, 0.56015625])
array('d', [11.6232421875, -0.09335937500000001, -15.49765625, 0.56015625])
array('d', [13.3037109375, 0.6068359375, -15.217578125000001, -0.93359375])
array('d', [13.3037109375, 0.6068359375, -15.217578125000001, -0.93359375])
array('d', [11.9966796875, 0.6068359375, -14.7974609375, 0.653515625])
array('d', [11.249804687500001, -0.7468750000000001, -15.684375000000001, 0.9802734375000001])
array('d', [12.0900390625, -0.2333984375, -14.844140625000001, -0.09335937500000001])
array('d', [12.0900390625, -0.2333984375, -14.844140625000001, -0.09335937500000001])
array('d', [12.230078125, 0.8402343750000001, -15.49765625, -0.09335937500000001])
array('d', [12.9302734375, 0.37343750000000003, -15.077539062500001, -0.09335937500000001])
array('d', [12.9302734375, -1.3537109375, -14.610742187500001, -0.5134765625000001])
array('d', [12.9302734375, -1.3537109375, -14.610742187500001, -0.5134765625000001])
array('d', [12.4634765625, -1.3537109375, -14.610742187500001, -0.5134765625000001])
array('d', [12.4634765625, -0.2333984375, -16.9447265625, 0.653515625])
array('d', [12.883593750000001, -0.466796875, -14.4240234375, -0.56015625])
array('d', [12.883593750000001, -0.466796875, -15.077539062500001, -0.93359375])
array('d', [10.5962890625, -0.466796875, -15.077539062500001, -0.93359375])
array('d', [11.203125, 0.6068359375, -16.524609375, 0.56015625])
array('d', [12.230078125, 0.42011718750000004, -14.844140625000001, -0.280078125])
array('d', [12.230078125, 0.42011718750000004, -14.844140625000001, -0.280078125])
array('d', [12.230078125, 0.42011718750000004, -14.844140625000001, -0.280078125])
array('d', [12.230078125, 0.42011718750000004, -14.844140625000001, -0.280078125])
array('d', [11.38984375, 0.18671875000000002, -15.217578125000001, -0.18671875000000002])
array('d', [11.38984375, 0.18671875000000002, -15.217578125000001, -0.5134765625000001])
array('d', [12.650195312500001, 0.18671875000000002, -14.844140625000001, -0.5134765625000001])
array('d', [12.650195312500001, 0.18671875000000002, -14.844140625000001, -0.5134765625000001])
array('d', [12.650195312500001, 0.18671875000000002, -14.844140625000001, -0.5134765625000001])
array('d', [12.650195312500001, 0.18671875000000002, -14.844140625000001, -0.5134765625000001])
array('d', [10.1294921875, 1.0269531250000001, -15.684375000000001, -0.466796875])
array('d', [12.043359375000001, -0.93359375, -14.190625, -0.18671875000000002])
array('d', [12.883593750000001, -0.7468750000000001, -16.524609375, -0.56015625])
array('d', [12.883593750000001, -0.7468750000000001, -15.684375000000001, -1.30703125])
array('d', [12.043359375000001, -0.93359375, -15.684375000000001, -1.30703125])
array('d', [12.650195312500001, 0.37343750000000003, -14.844140625000001, -0.93359375])
array('d', [13.0703125, -0.09335937500000001, -14.844140625000001, 0.9802734375000001])
array('d', [13.0703125, -0.09335937500000001, -14.844140625000001, 0.9802734375000001])
array('d', [13.0703125, -0.09335937500000001, -16.1044921875, -0.8402343750000001])
array('d', [12.650195312500001, -0.09335937500000001, -16.1044921875, -0.8402343750000001])
array('d', [12.043359375000001, -0.5134765625000001, -16.1044921875, 0.280078125])
array('d', [12.230078125, 0.18671875000000002, -15.2642578125, -0.93359375])
array('d', [12.230078125, 0.18671875000000002, -15.2642578125, -0.18671875000000002])
array('d', [12.276757812500001, -0.09335937500000001, -15.450976562500001, -0.18671875000000002])
array('d', [11.856640625, 1.2603515625000001, -15.077539062500001, -0.09335937500000001])
array('d', [11.856640625, 1.2603515625000001, -14.4240234375, -0.18671875000000002])
array('d', [12.883593750000001, -0.2333984375, -14.4240234375, -0.18671875000000002])
array('d', [12.276757812500001, -0.09335937500000001, -16.1044921875, 0.56015625])
array('d', [12.650195312500001, -0.7468750000000001, -16.1044921875, 0.56015625])
array('d', [12.650195312500001, -0.7468750000000001, -15.217578125000001, -0.18671875000000002])
array('d', [12.883593750000001, 0.18671875000000002, -15.077539062500001, 0.37343750000000003])
array('d', [12.416796875000001, -0.09335937500000001, -15.030859375, -0.56015625])
array('d', [11.6232421875, 0.42011718750000004, -15.450976562500001, -0.5134765625000001])
array('d', [11.6232421875, 0.42011718750000004, -15.450976562500001, 0.56015625])
array('d', [11.9966796875, -1.587109375, -15.49765625, 0.56015625])
array('d', [12.230078125, -0.280078125, -15.49765625, 0.56015625])
array('d', [11.6232421875, 0.18671875000000002, -15.49765625, 1.30703125])
array('d', [12.230078125, 0.18671875000000002, -14.4240234375, 0.56015625])
array('d', [12.230078125, 0.1400390625, -16.7580078125, -0.18671875000000002])
array('d', [12.230078125, 0.1400390625, -16.7580078125, -0.18671875000000002])
array('d', [11.38984375, 0.1400390625, -16.7580078125, -0.09335937500000001])
array('d', [12.4634765625, 0.18671875000000002, -15.684375000000001, -0.09335937500000001])
array('d', [11.203125, 0.18671875000000002, -14.844140625000001, -0.5134765625000001])
array('d', [11.669921875, -0.046679687500000004, -16.1044921875, -0.09335937500000001])
array('d', [11.669921875, -0.046679687500000004, -16.1044921875, -0.93359375])
array('d', [11.38984375, 0.18671875000000002, -15.077539062500001, -0.93359375])
array('d', [12.276757812500001, -0.2333984375, -15.217578125000001, -0.93359375])
array('d', [11.9966796875, 0.18671875000000002, -15.684375000000001, 0.9802734375000001])
array('d', [12.230078125, -0.09335937500000001, -15.684375000000001, -0.09335937500000001])
array('d', [12.230078125, -1.3537109375, -15.49765625, 0.2333984375])
array('d', [11.809960937500001, -0.2333984375, -15.684375000000001, 0.56015625])
array('d', [12.276757812500001, -0.2333984375, -15.49765625, 0.56015625])
array('d', [11.6232421875, -0.466796875, -15.49765625, 0.56015625])
array('d', [12.4634765625, 0.18671875000000002, -14.844140625000001, -0.93359375])
array('d', [10.549609375000001, 1.2603515625000001, -14.844140625000001, -0.09335937500000001])
array('d', [12.230078125, 0.8402343750000001, -16.1044921875, 0.9802734375000001])
array('d', [12.230078125, 0.8402343750000001, -16.1044921875, 0.9802734375000001])
array('d', [12.696875, 0.18671875000000002, -16.2912109375, -0.5134765625000001])
array('d', [12.230078125, -0.046679687500000004, -15.49765625, -0.18671875000000002])
array('d', [12.4634765625, 0.8402343750000001, -14.844140625000001, -0.5134765625000001])
array('d', [12.4634765625, 0.8402343750000001, -14.844140625000001, -0.5134765625000001])
array('d', [11.6232421875, -0.93359375, -15.49765625, 1.0269531250000001])
array('d', [12.416796875000001, 1.2603515625000001, -14.610742187500001, 0.653515625])
array('d', [12.696875, -0.2333984375, -14.610742187500001, 0.653515625])
array('d', [12.696875, -0.2333984375, -14.610742187500001, 0.653515625])
array('d', [12.696875, -0.2333984375, -14.610742187500001, 0.653515625])
array('d', [12.696875, -0.2333984375, -15.917773437500001, 0.653515625])
array('d', [11.9966796875, -0.09335937500000001, -15.077539062500001, -0.5134765625000001])
array('d', [11.6232421875, -0.5134765625000001, -15.87109375, 0.56015625])
array('d', [11.6232421875, -0.09335937500000001, -15.684375000000001, 1.6337890625])
array('d', [11.9966796875, -0.09335937500000001, -15.49765625, -0.93359375])
array('d', [12.650195312500001, 1.2603515625000001, -15.49765625, -0.93359375])
array('d', [12.043359375000001, 0.6068359375, -15.077539062500001, -0.18671875000000002])
array('d', [12.4634765625, -0.046679687500000004, -15.684375000000001, -0.09335937500000001])
array('d', [12.4634765625, -0.046679687500000004, -15.49765625, -0.09335937500000001])
array('d', [12.276757812500001, -0.09335937500000001, -15.49765625, -0.09335937500000001])
array('d', [11.6232421875, 0.42011718750000004, -15.49765625, 0.2333984375])
array('d', [11.6232421875, 0.18671875000000002, -15.450976562500001, -0.5134765625000001])
array('d', [11.6232421875, 0.8402343750000001, -15.2642578125, 0.18671875000000002])
array('d', [11.38984375, 0.8402343750000001, -15.2642578125, 0.18671875000000002])
array('d', [12.043359375000001, -0.7001953125, -14.050585937500001, 0.653515625])
array('d', [12.276757812500001, -0.09335937500000001, -15.49765625, -0.653515625])
array('d', [12.276757812500001, -0.09335937500000001, -15.49765625, -0.2333984375])
array('d', [12.416796875000001, -0.09335937500000001, -15.49765625, -0.2333984375])
array('d', [12.416796875000001, -0.09335937500000001, -15.49765625, -0.2333984375])
array('d', [11.6232421875, 0.42011718750000004, -16.524609375, -0.93359375])
array('d', [11.6232421875, -0.2333984375, -15.2642578125, -0.09335937500000001])
array('d', [11.6232421875, -0.2333984375, -15.2642578125, -0.09335937500000001])
array('d', [12.043359375000001, 0.6068359375, -14.610742187500001, -0.5134765625000001])
array('d', [11.669921875, -0.7468750000000001, -14.610742187500001, 0.2333984375])
array('d', [12.9302734375, 0.18671875000000002, -15.7310546875, -0.18671875000000002])
array('d', [12.416796875000001, -0.93359375, -16.524609375, -0.18671875000000002])
array('d', [12.650195312500001, 0.6068359375, -14.844140625000001, 0.9802734375000001])
array('d', [11.38984375, 0.18671875000000002, -15.49765625, -0.18671875000000002])
array('d', [11.38984375, 0.18671875000000002, -15.49765625, 0.56015625])
array('d', [11.203125, 0.8402343750000001, -15.7310546875, 0.56015625])
array('d', [12.276757812500001, -0.09335937500000001, -15.077539062500001, -0.8402343750000001])
array('d', [12.230078125, 0.8402343750000001, -14.610742187500001, -0.5134765625000001])
array('d', [12.230078125, 0.8402343750000001, -14.610742187500001, -0.5134765625000001])
array('d', [12.043359375000001, 1.0269531250000001, -15.217578125000001, 1.773828125])
array('d', [12.230078125, -1.1669921875, -15.87109375, -0.09335937500000001])
array('d', [11.249804687500001, -1.1669921875, -15.87109375, -0.09335937500000001])
array('d', [12.043359375000001, 0.42011718750000004, -14.4240234375, -0.09335937500000001])
array('d', [12.043359375000001, 0.42011718750000004, -14.4240234375, -0.09335937500000001])
array('d', [12.043359375000001, 0.42011718750000004, -14.4240234375, -0.09335937500000001])
array('d', [12.696875, -0.09335937500000001, -15.49765625, -0.56015625])
array('d', [11.38984375, -0.09335937500000001, -15.49765625, -0.8402343750000001])
array('d', [12.043359375000001, 0.18671875000000002, -15.49765625, -0.8402343750000001])
array('d', [11.38984375, -1.1669921875, -14.610742187500001, -1.2603515625000001])
array('d', [11.38984375, -0.046679687500000004, -14.050585937500001, -0.8402343750000001])
array('d', [11.38984375, -0.046679687500000004, -15.87109375, -0.5134765625000001])
array('d', [11.249804687500001, 0.37343750000000003, -15.87109375, -0.5134765625000001])
array('d', [11.249804687500001, -0.5134765625000001, -14.7974609375, 0.653515625])
array('d', [11.249804687500001, -0.5134765625000001, -15.917773437500001, -0.09335937500000001])
array('d', [12.043359375000001, 0.6068359375, -14.7974609375, -0.8402343750000001])
array('d', [12.043359375000001, 0.6068359375, -14.7974609375, -0.8402343750000001])
array('d', [11.856640625, 0.18671875000000002, -16.1044921875, -0.93359375])
array('d', [12.230078125, 0.42011718750000004, -16.1044921875, -0.93359375])
array('d', [11.856640625, -0.09335937500000001, -14.4240234375, 0.2333984375])
array('d', [11.856640625, -0.09335937500000001, -14.4240234375, 0.2333984375])
array('d', [11.856640625, -0.09335937500000001, -14.4240234375, 0.2333984375])
array('d', [11.856640625, -0.2333984375, -13.63046875, -0.09335937500000001])
array('d', [12.043359375000001, -0.2333984375, -13.63046875, -0.09335937500000001])
array('d', [11.669921875, -0.2333984375, -15.49765625, -0.5134765625000001])
array('d', [10.8296875, 0.8402343750000001, -14.844140625000001, -0.18671875000000002])
array('d', [10.8296875, 0.1400390625, -14.610742187500001, -0.09335937500000001])
array('d', [10.9697265625, 0.1400390625, -14.610742187500001, -0.09335937500000001])
array('d', [13.3037109375, -0.93359375, -15.217578125000001, -0.18671875000000002])
array('d', [11.856640625, -0.5134765625000001, -15.217578125000001, -0.18671875000000002])
array('d', [11.856640625, -0.5134765625000001, -15.217578125000001, -0.18671875000000002])
array('d', [11.856640625, -0.5134765625000001, -15.49765625, 0.18671875000000002])
array('d', [12.4634765625, -0.5134765625000001, -15.077539062500001, 0.18671875000000002])
array('d', [12.230078125, -0.09335937500000001, -15.077539062500001, -0.8402343750000001])
array('d', [12.230078125, -0.09335937500000001, -14.610742187500001, -0.18671875000000002])
array('d', [11.669921875, 1.0269531250000001, -14.610742187500001, -0.18671875000000002])
array('d', [10.362890625, -0.280078125, -15.217578125000001, -0.09335937500000001])
array('d', [10.362890625, -0.7468750000000001, -16.1044921875, 0.653515625])
array('d', [10.362890625, -0.7468750000000001, -16.1044921875, 0.653515625])
array('d', [10.362890625, -0.7468750000000001, -16.1044921875, 0.653515625])
array('d', [11.4365234375, -0.09335937500000001, -16.337890625, -0.18671875000000002])
array('d', [11.4365234375, -0.09335937500000001, -15.077539062500001, 0.2333984375])
array('d', [12.043359375000001, -0.5134765625000001, -15.077539062500001, 0.2333984375])
array('d', [12.043359375000001, -0.5134765625000001, -15.077539062500001, 0.2333984375])
array('d', [12.043359375000001, -0.5134765625000001, -15.077539062500001, 0.2333984375])
array('d', [11.856640625, 0.7935546875, -14.844140625000001, 0.653515625])
array('d', [12.650195312500001, -0.5134765625000001, -16.1044921875, -1.6337890625])
array('d', [11.016406250000001, -1.1203125, -16.337890625, 0.56015625])
array('d', [11.016406250000001, 0.8402343750000001, -16.1044921875, 0.18671875000000002])
array('d', [12.276757812500001, 0.8402343750000001, -16.1044921875, -0.5134765625000001])
array('d', [11.1564453125, 0.6068359375, -14.050585937500001, 2.8474609375])
array('d', [12.650195312500001, -1.587109375, -14.050585937500001, 2.8474609375])
array('d', [12.650195312500001, -0.5134765625000001, -14.844140625000001, 0.8869140625])
array('d', [11.249804687500001, 1.0736328125, -14.190625, -1.2603515625000001])
array('d', [11.249804687500001, -0.5134765625000001, -16.1044921875, -1.2603515625000001])
array('d', [11.4365234375, -0.5134765625000001, -15.684375000000001, -0.5134765625000001])
array('d', [11.38984375, 0.8402343750000001, -15.684375000000001, -0.5134765625000001])
array('d', [12.276757812500001, -0.5134765625000001, -15.2642578125, 1.0269531250000001])
array('d', [12.230078125, 0.42011718750000004, -15.450976562500001, 0.2333984375])
array('d', [11.38984375, 0.6068359375, -14.4240234375, -0.18671875000000002])
array('d', [11.38984375, 0.6068359375, -14.4240234375, -0.18671875000000002])
array('d', [12.9302734375, 0.18671875000000002, -14.610742187500001, 0.280078125])
array('d', [12.276757812500001, 0.6068359375, -15.030859375, 1.3537109375])
array('d', [12.883593750000001, 1.400390625, -15.917773437500001, 0.2333984375])
array('d', [12.883593750000001, 1.400390625, -15.917773437500001, -2.333984375])
array('d', [12.883593750000001, 0.42011718750000004, -15.077539062500001, -2.333984375])
array('d', [12.276757812500001, 1.2603515625000001, -14.610742187500001, -0.09335937500000001])
array('d', [12.276757812500001, 1.2603515625000001, -16.1044921875, -0.93359375])
array('d', [10.736328125, 0.18671875000000002, -16.1044921875, -0.93359375])
array('d', [12.276757812500001, -1.1669921875, -14.610742187500001, -0.5134765625000001])
array('d', [12.276757812500001, 0.18671875000000002, -14.844140625000001, 0.653515625])
array('d', [13.3037109375, 0.18671875000000002, -14.844140625000001, 0.653515625])
array('d', [11.38984375, -0.466796875, -14.610742187500001, 0.653515625])
array('d', [11.38984375, -0.466796875, -14.610742187500001, 0.653515625])
array('d', [11.38984375, -0.466796875, -14.610742187500001, 0.653515625])
array('d', [11.809960937500001, -0.7468750000000001, -15.49765625, -0.09335937500000001])
array('d', [12.9302734375, -1.1203125, -15.077539062500001, 0.2333984375])
array('d', [12.9302734375, -1.1203125, -14.4240234375, 0.2333984375])
array('d', [11.9966796875, 0.8402343750000001, -16.524609375, -0.93359375])
array('d', [11.809960937500001, 0.18671875000000002, -16.524609375, -0.93359375])
array('d', [11.856640625, -0.5134765625000001, -16.1044921875, -0.5134765625000001])
array('d', [11.856640625, -0.5134765625000001, -16.1044921875, -0.5134765625000001])
array('d', [11.856640625, -0.5134765625000001, -16.1044921875, -0.5134765625000001])
array('d', [11.856640625, -0.5134765625000001, -16.1044921875, -0.5134765625000001])
array('d', [12.883593750000001, -0.466796875, -15.217578125000001, 0.2333984375])
array('d', [12.883593750000001, -0.7468750000000001, -16.9447265625, 0.653515625])
array('d', [12.4634765625, -0.7468750000000001, -16.1044921875, 0.280078125])
array('d', [12.4634765625, -0.7468750000000001, -16.1044921875, 0.280078125])
array('d', [11.249804687500001, -0.09335937500000001, -15.684375000000001, -0.09335937500000001])
array('d', [11.576562500000001, 0.6068359375, -14.610742187500001, 0.56015625])
array('d', [12.230078125, -0.2333984375, -14.844140625000001, -0.18671875000000002])
array('d', [12.230078125, -0.2333984375, -15.917773437500001, -0.09335937500000001])
array('d', [11.249804687500001, 0.8402343750000001, -15.87109375, -1.2603515625000001])
array('d', [11.6232421875, 0.18671875000000002, -15.87109375, -1.2603515625000001])
array('d', [12.276757812500001, -0.5134765625000001, -15.030859375, -0.5134765625000001])
array('d', [13.677148437500001, 0.18671875000000002, -15.49765625, 0.653515625])
array('d', [13.677148437500001, -0.046679687500000004, -15.077539062500001, 0.56015625])
array('d', [13.677148437500001, -0.046679687500000004, -15.077539062500001, 0.56015625])
array('d', [13.677148437500001, -0.046679687500000004, -15.077539062500001, 0.56015625])
array('d', [13.677148437500001, -0.046679687500000004, -15.077539062500001, 0.56015625])
array('d', [12.416796875000001, 0.42011718750000004, -15.49765625, 0.56015625])
array('d', [12.416796875000001, -0.5134765625000001, -15.077539062500001, 1.30703125])
array('d', [12.883593750000001, -0.5134765625000001, -15.077539062500001, -0.09335937500000001])
array('d', [12.883593750000001, -0.5134765625000001, -15.077539062500001, -0.09335937500000001])
array('d', [12.883593750000001, -0.5134765625000001, -15.077539062500001, -0.09335937500000001])
array('d', [12.883593750000001, -0.5134765625000001, -15.077539062500001, -0.09335937500000001])
array('d', [11.576562500000001, -0.09335937500000001, -14.844140625000001, -0.09335937500000001])
array('d', [11.249804687500001, 0.653515625, -15.49765625, 0.653515625])
array('d', [12.883593750000001, -0.09335937500000001, -15.49765625, -0.5134765625000001])
array('d', [12.883593750000001, -0.09335937500000001, -15.49765625, -0.5134765625000001])
array('d', [12.883593750000001, -0.09335937500000001, -15.49765625, -0.5134765625000001])
array('d', [12.883593750000001, -0.09335937500000001, -15.49765625, -0.5134765625000001])
array('d', [13.443750000000001, -0.2333984375, -15.7310546875, -0.8402343750000001])
array('d', [11.856640625, 1.2603515625000001, -14.7974609375, -0.2333984375])
array('d', [11.856640625, 1.2603515625000001, -13.910546875000001, -0.18671875000000002])
array('d', [12.4634765625, -1.1669921875, -13.910546875000001, -1.6337890625])
array('d', [11.809960937500001, 0.42011718750000004, -15.87109375, -1.6337890625])
array('d', [12.230078125, 0.42011718750000004, -14.610742187500001, -0.5134765625000001])
array('d', [11.856640625, -0.7001953125, -15.684375000000001, -0.93359375])
array('d', [11.856640625, -0.7001953125, -15.684375000000001, -0.93359375])
array('d', [11.856640625, -0.7001953125, -15.684375000000001, -0.93359375])
array('d', [11.856640625, -0.93359375, -15.077539062500001, 0.56015625])
array('d', [11.669921875, -0.93359375, -15.077539062500001, 0.56015625])
array('d', [12.883593750000001, -0.2333984375, -16.1044921875, 1.7271484375000001])
array('d', [12.883593750000001, -0.2333984375, -16.1044921875, 1.7271484375000001])
array('d', [12.883593750000001, -0.2333984375, -16.1044921875, 1.7271484375000001])
array('d', [12.230078125, -0.09335937500000001, -16.524609375, -0.93359375])
array('d', [13.0703125, 0.6068359375, -15.077539062500001, -0.18671875000000002])
array('d', [11.576562500000001, -0.5134765625000001, -14.844140625000001, 1.30703125])
array('d', [11.9966796875, 0.37343750000000003, -15.217578125000001, -0.09335937500000001])
array('d', [12.4634765625, 0.18671875000000002, -14.470703125, 0.9802734375000001])
array('d', [12.4634765625, 0.18671875000000002, -15.077539062500001, 0.56015625])
array('d', [11.809960937500001, 0.18671875000000002, -15.077539062500001, 0.56015625])
array('d', [12.276757812500001, 1.0736328125, -16.337890625, 0.280078125])
array('d', [12.4634765625, -0.046679687500000004, -14.844140625000001, -0.93359375])
array('d', [12.4634765625, -0.046679687500000004, -14.844140625000001, -0.93359375])
array('d', [12.4634765625, -0.046679687500000004, -14.844140625000001, -0.93359375])
array('d', [12.4634765625, -0.046679687500000004, -14.844140625000001, -0.93359375])
array('d', [12.4634765625, -0.046679687500000004, -14.844140625000001, -0.93359375])
array('d', [12.4634765625, -0.046679687500000004, -14.844140625000001, -0.93359375])
array('d', [12.043359375000001, -0.5134765625000001, -16.337890625, -0.653515625])
array('d', [12.650195312500001, -0.046679687500000004, -15.917773437500001, -0.09335937500000001])
array('d', [11.576562500000001, -0.09335937500000001, -14.610742187500001, -1.2603515625000001])
array('d', [11.576562500000001, -0.09335937500000001, -14.610742187500001, -1.2603515625000001])
array('d', [11.576562500000001, -0.09335937500000001, -14.610742187500001, -1.2603515625000001])
array('d', [11.576562500000001, -0.09335937500000001, -14.610742187500001, -1.2603515625000001])
array('d', [12.650195312500001, 0.42011718750000004, -15.217578125000001, 3.5943359375000004])
array('d', [12.650195312500001, 0.42011718750000004, -15.077539062500001, -0.5134765625000001])
array('d', [11.6232421875, -0.5134765625000001, -15.077539062500001, -0.5134765625000001])
array('d', [12.883593750000001, 0.42011718750000004, -15.077539062500001, 0.653515625])
array('d', [11.856640625, -0.5134765625000001, -14.050585937500001, -0.09335937500000001])
array('d', [11.856640625, -0.5134765625000001, -14.050585937500001, -0.466796875])
array('d', [13.0703125, -0.280078125, -14.610742187500001, -0.466796875])
array('d', [13.0703125, -0.280078125, -14.610742187500001, -0.466796875])
array('d', [13.0703125, -0.280078125, -14.610742187500001, -0.466796875])
array('d', [13.0703125, -0.280078125, -14.610742187500001, -0.466796875])
array('d', [13.0703125, -0.280078125, -14.610742187500001, -0.466796875])
array('d', [10.8296875, 0.18671875000000002, -15.2642578125, -0.56015625])
array('d', [11.856640625, 0.8402343750000001, -14.470703125, -0.18671875000000002])
array('d', [11.856640625, 0.8402343750000001, -15.2642578125, 0.18671875000000002])
array('d', [11.856640625, 0.8402343750000001, -15.2642578125, 0.18671875000000002])
array('d', [12.416796875000001, 0.18671875000000002, -14.2373046875, 0.2333984375])
array('d', [12.416796875000001, 0.18671875000000002, -14.2373046875, -0.09335937500000001])
array('d', [12.0900390625, 0.42011718750000004, -14.610742187500001, -0.09335937500000001])
array('d', [12.650195312500001, 0.42011718750000004, -14.610742187500001, -0.09335937500000001])
array('d', [12.650195312500001, 1.2603515625000001, -14.4240234375, -0.8402343750000001])
array('d', [12.043359375000001, -0.7001953125, -15.917773437500001, -0.5134765625000001])
array('d', [12.043359375000001, -0.09335937500000001, -14.844140625000001, -0.5134765625000001])
array('d', [11.576562500000001, 0.8402343750000001, -15.684375000000001, -0.56015625])
array('d', [11.576562500000001, 0.8402343750000001, -15.7310546875, -1.2603515625000001])
array('d', [12.0900390625, -0.5134765625000001, -15.7310546875, -1.2603515625000001])
array('d', [10.549609375000001, 0.42011718750000004, -15.7310546875, -1.2603515625000001])
array('d', [10.549609375000001, 0.42011718750000004, -15.7310546875, -1.2603515625000001])
array('d', [10.549609375000001, 0.42011718750000004, -15.7310546875, -1.2603515625000001])
array('d', [10.549609375000001, 0.42011718750000004, -14.844140625000001, -0.8402343750000001])
array('d', [10.8296875, -0.09335937500000001, -14.844140625000001, -0.8402343750000001])
array('d', [12.416796875000001, 0.8402343750000001, -15.49765625, -0.8402343750000001])
array('d', [13.0703125, 0.18671875000000002, -15.917773437500001, 0.2333984375])
array('d', [13.0703125, 0.18671875000000002, -16.524609375, -0.09335937500000001])
array('d', [11.856640625, -0.2333984375, -16.524609375, -0.09335937500000001])
array('d', [11.856640625, 0.37343750000000003, -14.844140625000001, -0.18671875000000002])
array('d', [11.38984375, -0.5134765625000001, -15.2642578125, -1.30703125])
array('d', [11.38984375, -0.5134765625000001, -14.470703125, -0.5134765625000001])
array('d', [11.9966796875, -0.5134765625000001, -14.844140625000001, -0.93359375])
array('d', [11.9966796875, -0.2333984375, -16.1044921875, -0.8402343750000001])
array('d', [11.9966796875, -0.2333984375, -15.7310546875, 0.280078125])
array('d', [12.043359375000001, 0.18671875000000002, -15.7310546875, 0.280078125])
array('d', [11.9966796875, -1.587109375, -15.077539062500001, -0.09335937500000001])
array('d', [11.9966796875, 0.6068359375, -15.684375000000001, 0.5134765625000001])
array('d', [11.9966796875, 0.6068359375, -15.2642578125, -0.09335937500000001])
array('d', [12.230078125, -1.1669921875, -15.2642578125, -0.09335937500000001])
array('d', [11.9966796875, -0.2333984375, -14.190625, 0.9802734375000001])
array('d', [12.276757812500001, -0.09335937500000001, -15.684375000000001, 0.280078125])
array('d', [12.276757812500001, -0.09335937500000001, -16.524609375, -0.5134765625000001])
array('d', [12.276757812500001, -0.09335937500000001, -16.524609375, -0.5134765625000001])
array('d', [12.276757812500001, -0.09335937500000001, -16.524609375, -0.5134765625000001])
array('d', [12.4634765625, -0.5134765625000001, -13.817187500000001, -0.5134765625000001])
array('d', [11.203125, 0.8402343750000001, -13.817187500000001, -0.5134765625000001])
array('d', [11.856640625, 0.37343750000000003, -16.1044921875, -0.93359375])
array('d', [11.856640625, 1.2603515625000001, -15.077539062500001, -0.09335937500000001])
array('d', [11.809960937500001, -0.09335937500000001, -15.684375000000001, -0.09335937500000001])
array('d', [12.0900390625, -0.2333984375, -14.7974609375, 0.2333984375])
array('d', [12.0900390625, -0.2333984375, -14.7974609375, 0.2333984375])
array('d', [12.0900390625, -0.2333984375, -14.7974609375, 0.2333984375])
array('d', [11.856640625, 1.0736328125, -14.050585937500001, -0.56015625])
array('d', [12.9302734375, 0.42011718750000004, -14.7974609375, -0.18671875000000002])
array('d', [12.043359375000001, -0.09335937500000001, -15.2642578125, 0.56015625])
array('d', [12.043359375000001, -0.09335937500000001, -15.2642578125, 0.56015625])
array('d', [12.043359375000001, -0.09335937500000001, -15.2642578125, 0.56015625])
array('d', [12.043359375000001, -0.09335937500000001, -15.2642578125, 0.56015625])
array('d', [12.416796875000001, -0.09335937500000001, -15.684375000000001, 0.653515625])
array('d', [12.416796875000001, -0.09335937500000001, -15.684375000000001, -0.09335937500000001])
array('d', [12.230078125, -0.2333984375, -15.917773437500001, -0.09335937500000001])
array('d', [10.9697265625, -0.2333984375, -13.817187500000001, -0.09335937500000001])
array('d', [10.9697265625, -0.93359375, -14.610742187500001, 0.2333984375])
array('d', [10.9697265625, -0.93359375, -15.217578125000001, 0.2333984375])
array('d', [12.230078125, -0.2333984375, -15.217578125000001, 0.2333984375])
array('d', [11.6232421875, -0.5134765625000001, -14.844140625000001, 0.2333984375])
array('d', [11.6232421875, -1.400390625, -14.4240234375, 0.280078125])
array('d', [11.6232421875, -1.400390625, -15.077539062500001, -0.5134765625000001])
array('d', [11.6232421875, -0.7468750000000001, -15.077539062500001, -0.5134765625000001])
array('d', [11.38984375, 0.18671875000000002, -15.7310546875, 0.7001953125])
array('d', [12.043359375000001, -0.2333984375, -15.49765625, 0.56015625])
array('d', [12.043359375000001, -0.2333984375, -15.49765625, -1.2603515625000001])
array('d', [12.043359375000001, -0.2333984375, -15.49765625, -1.2603515625000001])
array('d', [11.809960937500001, -0.09335937500000001, -15.684375000000001, -0.18671875000000002])
array('d', [12.4634765625, 0.7935546875, -14.610742187500001, 0.56015625])
array('d', [11.38984375, 0.18671875000000002, -15.49765625, 0.9802734375000001])
array('d', [11.38984375, 0.18671875000000002, -15.49765625, 0.9802734375000001])
array('d', [11.38984375, 0.18671875000000002, -15.917773437500001, 0.2333984375])
array('d', [10.9697265625, -0.5134765625000001, -15.917773437500001, 0.2333984375])
array('d', [11.38984375, -0.2333984375, -15.077539062500001, 0.280078125])
array('d', [11.9966796875, 0.42011718750000004, -15.077539062500001, 0.280078125])
array('d', [11.9966796875, 0.42011718750000004, -15.2642578125, 0.9802734375000001])
array('d', [11.809960937500001, 0.8402343750000001, -15.917773437500001, -0.5134765625000001])
array('d', [12.043359375000001, 0.8402343750000001, -13.817187500000001, 0.56015625])
array('d', [12.043359375000001, 0.8402343750000001, -15.077539062500001, -0.18671875000000002])
array('d', [12.230078125, 0.8402343750000001, -15.077539062500001, -0.18671875000000002])
array('d', [12.4634765625, 0.6068359375, -15.077539062500001, -0.93359375])
array('d', [11.6232421875, -0.046679687500000004, -15.077539062500001, -0.466796875])
array('d', [11.6232421875, -0.046679687500000004, -15.077539062500001, -0.09335937500000001])
array('d', [12.043359375000001, -0.7468750000000001, -15.077539062500001, -0.09335937500000001])
array('d', [13.3037109375, 0.42011718750000004, -14.610742187500001, -0.5134765625000001])
array('d', [13.3037109375, 0.42011718750000004, -14.610742187500001, -0.5134765625000001])
array('d', [13.3037109375, 0.42011718750000004, -14.610742187500001, -0.5134765625000001])
array('d', [11.809960937500001, 0.18671875000000002, -14.050585937500001, 0.280078125])
array('d', [13.910546875000001, 0.18671875000000002, -14.610742187500001, 0.653515625])
array('d', [11.809960937500001, -0.046679687500000004, -15.684375000000001, 0.2333984375])
array('d', [11.809960937500001, -0.046679687500000004, -15.684375000000001, 0.2333984375])
array('d', [11.249804687500001, -0.2333984375, -15.49765625, 0.56015625])
array('d', [11.6232421875, -0.2333984375, -15.49765625, 1.3537109375])
array('d', [11.38984375, -0.2333984375, -14.4240234375, -1.2603515625000001])
array('d', [11.38984375, -0.2333984375, -14.4240234375, -1.2603515625000001])
array('d', [11.38984375, -0.2333984375, -16.151171875, 0.653515625])
array('d', [11.6232421875, 0.18671875000000002, -16.151171875, 0.653515625])
array('d', [11.856640625, -0.9802734375000001, -16.151171875, -0.09335937500000001])
array('d', [11.856640625, -0.9802734375000001, -16.151171875, -0.09335937500000001])
array('d', [11.809960937500001, 0.7935546875, -15.49765625, -0.5134765625000001])
array('d', [11.6232421875, 0.18671875000000002, -16.524609375, 1.3537109375])
array('d', [11.6232421875, 0.18671875000000002, -16.524609375, 0.9802734375000001])
array('d', [11.343164062500001, -0.046679687500000004, -14.844140625000001, 0.9802734375000001])
array('d', [10.5962890625, 0.8402343750000001, -14.610742187500001, -0.93359375])
array('d', [12.4634765625, 0.42011718750000004, -15.077539062500001, 0.9802734375000001])
array('d', [12.4634765625, 0.42011718750000004, -15.077539062500001, 0.653515625])
array('d', [11.6232421875, -0.09335937500000001, -15.7310546875, 0.653515625])
array('d', [11.249804687500001, 0.6068359375, -14.050585937500001, -0.18671875000000002])
array('d', [14.517382812500001, 0.42011718750000004, -15.49765625, 0.9802734375000001])
array('d', [14.517382812500001, 0.42011718750000004, -15.49765625, 0.9802734375000001])
array('d', [12.043359375000001, 0.18671875000000002, -15.077539062500001, 0.56015625])
array('d', [13.4904296875, -0.09335937500000001, -15.077539062500001, 0.9802734375000001])
array('d', [11.856640625, -1.1669921875, -14.610742187500001, -0.18671875000000002])
array('d', [12.883593750000001, -0.7001953125, -15.077539062500001, -0.18671875000000002])
array('d', [11.856640625, -0.7468750000000001, -14.844140625000001, 0.2333984375])
array('d', [11.856640625, 0.6068359375, -15.2642578125, 0.2333984375])
array('d', [12.230078125, 0.42011718750000004, -15.49765625, 0.2333984375])
array('d', [12.230078125, 0.42011718750000004, -15.49765625, 0.2333984375])
array('d', [11.249804687500001, -0.2333984375, -15.2642578125, -1.5404296875])
array('d', [11.6232421875, -0.2333984375, -15.077539062500001, 1.7271484375000001])
array('d', [11.249804687500001, -0.046679687500000004, -15.2642578125, 0.9802734375000001])
array('d', [12.4634765625, -0.09335937500000001, -14.4240234375, 0.2333984375])
array('d', [12.4634765625, -0.09335937500000001, -14.4240234375, 0.2333984375])
array('d', [11.38984375, -0.7468750000000001, -15.217578125000001, -0.5134765625000001])
array('d', [12.043359375000001, 0.42011718750000004, -15.49765625, 0.18671875000000002])
array('d', [12.043359375000001, 0.18671875000000002, -14.610742187500001, 0.2333984375])
array('d', [12.043359375000001, 0.42011718750000004, -15.49765625, 0.18671875000000002])
array('d', [11.38984375, 0.42011718750000004, -15.49765625, 0.18671875000000002])
array('d', [12.650195312500001, 0.18671875000000002, -14.610742187500001, 0.2333984375])
array('d', [12.650195312500001, 0.18671875000000002, -14.610742187500001, 0.2333984375])
array('d', [12.230078125, -0.09335937500000001, -16.1044921875, 0.56015625])
array('d', [11.809960937500001, -0.5134765625000001, -15.49765625, -0.5134765625000001])
array('d', [11.809960937500001, 0.42011718750000004, -15.7310546875, -0.18671875000000002])
array('d', [11.809960937500001, 0.42011718750000004, -15.7310546875, -0.18671875000000002])
array('d', [12.230078125, 0.42011718750000004, -15.49765625, 0.18671875000000002])
array('d', [11.38984375, 0.6068359375, -15.077539062500001, 0.18671875000000002])
array('d', [11.38984375, -0.7468750000000001, -15.7310546875, 1.30703125])
array('d', [11.576562500000001, -0.7468750000000001, -15.7310546875, 0.56015625])
array('d', [11.249804687500001, -0.93359375, -15.077539062500001, 0.56015625])
array('d', [12.416796875000001, -0.09335937500000001, -15.077539062500001, -0.2333984375])
array('d', [12.416796875000001, -0.09335937500000001, -15.077539062500001, -0.2333984375])
array('d', [12.416796875000001, -0.09335937500000001, -15.077539062500001, -0.2333984375])
array('d', [12.883593750000001, 0.42011718750000004, -14.610742187500001, -0.2333984375])
array('d', [12.043359375000001, -0.7001953125, -15.49765625, -0.5134765625000001])
array('d', [13.677148437500001, 0.42011718750000004, -14.2373046875, 2.0539062500000003])
array('d', [11.856640625, -0.2333984375, -15.2642578125, -0.18671875000000002])
array('d', [11.856640625, -0.466796875, -15.49765625, 0.56015625])
array('d', [11.856640625, -0.466796875, -15.49765625, 0.56015625])
array('d', [12.883593750000001, 0.37343750000000003, -14.610742187500001, -0.5134765625000001])
array('d', [12.043359375000001, 0.8402343750000001, -15.49765625, -0.5134765625000001])
array('d', [12.230078125, -0.09335937500000001, -16.524609375, 0.56015625])
array('d', [12.230078125, -0.09335937500000001, -16.524609375, 0.56015625])
array('d', [12.230078125, -0.09335937500000001, -16.524609375, 0.56015625])
array('d', [11.809960937500001, 0.18671875000000002, -16.2912109375, 1.0269531250000001])
array('d', [11.6232421875, -0.09335937500000001, -14.610742187500001, 0.9802734375000001])
array('d', [12.416796875000001, 0.653515625, -15.077539062500001, 0.9802734375000001])
array('d', [10.9697265625, -0.7468750000000001, -15.217578125000001, 0.653515625])
array('d', [11.203125, -0.09335937500000001, -16.524609375, -0.466796875])
array('d', [11.856640625, -0.7001953125, -15.49765625, 3.4076171875])
array('d', [11.856640625, -0.5134765625000001, -15.917773437500001, -0.5134765625000001])
array('d', [11.856640625, -0.280078125, -15.684375000000001, 1.30703125])
array('d', [12.883593750000001, -0.280078125, -15.684375000000001, 1.30703125])
array('d', [12.043359375000001, -0.5134765625000001, -15.2642578125, -0.18671875000000002])
array('d', [13.0703125, 0.8402343750000001, -15.077539062500001, -0.466796875])
array('d', [11.669921875, 0.6068359375, -15.077539062500001, -1.2603515625000001])
array('d', [11.576562500000001, 0.6068359375, -14.050585937500001, 0.2333984375])
array('d', [11.576562500000001, 0.6068359375, -14.050585937500001, -0.09335937500000001])
array('d', [11.856640625, -0.09335937500000001, -14.844140625000001, -0.09335937500000001])
array('d', [12.650195312500001, 1.0269531250000001, -14.4240234375, -0.09335937500000001])
array('d', [12.043359375000001, -0.280078125, -15.684375000000001, -0.56015625])
array('d', [12.883593750000001, -0.466796875, -15.077539062500001, -0.09335937500000001])
array('d', [11.9966796875, 0.18671875000000002, -14.844140625000001, 0.653515625])
array('d', [11.9966796875, 0.18671875000000002, -16.1044921875, -1.30703125])
array('d', [11.6232421875, -0.09335937500000001, -16.1044921875, -1.30703125])
array('d', [11.6232421875, 1.0736328125, -16.151171875, -0.18671875000000002])
array('d', [12.4634765625, 0.7935546875, -15.917773437500001, 0.653515625])
array('d', [11.6232421875, 0.6068359375, -15.49765625, 0.9802734375000001])
array('d', [11.6232421875, 0.6068359375, -15.49765625, 0.9802734375000001])
array('d', [12.4634765625, 0.18671875000000002, -15.7310546875, 0.56015625])
array('d', [11.809960937500001, 1.2603515625000001, -15.077539062500001, 0.56015625])
array('d', [12.276757812500001, -0.2333984375, -15.49765625, 1.3537109375])
array('d', [12.276757812500001, -0.2333984375, -15.684375000000001, -0.466796875])
array('d', [11.6232421875, -0.7468750000000001, -15.684375000000001, -0.18671875000000002])
array('d', [12.230078125, -0.09335937500000001, -14.844140625000001, -0.18671875000000002])
array('d', [12.230078125, -0.09335937500000001, -14.844140625000001, -0.18671875000000002])
array('d', [11.9966796875, -1.8671875, -15.49765625, -0.56015625])
array('d', [12.416796875000001, -0.2333984375, -15.917773437500001, 0.2333984375])
array('d', [11.576562500000001, 0.18671875000000002, -15.49765625, -1.6337890625])
array('d', [11.576562500000001, 0.18671875000000002, -15.49765625, 0.2333984375])
array('d', [12.043359375000001, -0.5134765625000001, -14.844140625000001, 0.2333984375])
array('d', [11.856640625, 0.8402343750000001, -15.7310546875, 0.2333984375])
array('d', [12.276757812500001, 0.18671875000000002, -15.7310546875, 0.2333984375])
array('d', [12.276757812500001, 0.18671875000000002, -15.7310546875, 0.2333984375])
array('d', [12.4634765625, 0.42011718750000004, -15.2642578125, -0.93359375])
array('d', [12.4634765625, 0.42011718750000004, -16.524609375, -0.5134765625000001])
array('d', [10.9697265625, 1.0736328125, -16.524609375, -0.5134765625000001])
array('d', [10.9697265625, -0.280078125, -15.917773437500001, -0.56015625])
array('d', [11.249804687500001, -0.5134765625000001, -15.684375000000001, -1.7271484375000001])
array('d', [11.249804687500001, -0.5134765625000001, -15.684375000000001, 0.18671875000000002])
array('d', [11.576562500000001, -0.09335937500000001, -14.8908203125, 0.18671875000000002])
array('d', [12.9302734375, -0.5134765625000001, -15.2642578125, -0.8402343750000001])
array('d', [12.276757812500001, 0.6068359375, -14.844140625000001, 0.280078125])
array('d', [12.276757812500001, 0.6068359375, -16.7580078125, -0.18671875000000002])
array('d', [11.38984375, -0.7468750000000001, -16.7580078125, -0.18671875000000002])
array('d', [12.650195312500001, -0.280078125, -14.2373046875, 0.653515625])
array('d', [12.043359375000001, -0.93359375, -14.657421875, 0.2333984375])
array('d', [12.043359375000001, -0.93359375, -14.657421875, -1.2603515625000001])
array('d', [12.043359375000001, -0.93359375, -14.657421875, -1.2603515625000001])
array('d', [12.043359375000001, -0.93359375, -14.657421875, -1.2603515625000001])
array('d', [12.043359375000001, -0.93359375, -14.657421875, -1.2603515625000001])
array('d', [11.6232421875, 0.8402343750000001, -15.12421875, -1.2603515625000001])
array('d', [12.230078125, 0.37343750000000003, -15.2642578125, -2.0072265625])
array('d', [12.4634765625, -0.046679687500000004, -15.2642578125, -2.0072265625])
array('d', [11.249804687500001, -0.2333984375, -15.917773437500001, -0.18671875000000002])
array('d', [11.249804687500001, -0.2333984375, -14.8908203125, 0.653515625])
array('d', [11.6232421875, -0.046679687500000004, -14.8908203125, 0.653515625])
array('d', [11.9966796875, -0.93359375, -15.7310546875, 0.56015625])
array('d', [11.38984375, 0.6068359375, -15.49765625, 0.653515625])
array('d', [11.38984375, 0.6068359375, -14.657421875, -0.09335937500000001])
array('d', [12.9302734375, -0.09335937500000001, -14.657421875, -0.09335937500000001])
array('d', [11.856640625, 0.37343750000000003, -15.12421875, 0.18671875000000002])
array('d', [11.9966796875, 1.0269531250000001, -14.657421875, 0.8869140625])
array('d', [11.9966796875, 1.0269531250000001, -15.2642578125, 0.653515625])
array('d', [12.416796875000001, 0.42011718750000004, -15.2642578125, 0.653515625])
array('d', [11.38984375, -2.0072265625, -15.49765625, 0.653515625])
array('d', [11.38984375, -0.2333984375, -15.49765625, 0.2333984375])
array('d', [11.6232421875, -0.2333984375, -15.49765625, -0.09335937500000001])
array('d', [11.249804687500001, 0.18671875000000002, -16.337890625, -0.09335937500000001])
array('d', [10.8296875, 0.42011718750000004, -16.1044921875, 0.56015625])
array('d', [12.9302734375, 0.42011718750000004, -14.844140625000001, 0.9802734375000001])
array('d', [12.9302734375, 0.42011718750000004, -14.844140625000001, 0.9802734375000001])
array('d', [12.9302734375, 0.42011718750000004, -14.844140625000001, 0.9802734375000001])
array('d', [12.043359375000001, -0.466796875, -14.2373046875, -0.466796875])
array('d', [12.650195312500001, -0.5134765625000001, -15.917773437500001, -0.2333984375])
array('d', [12.650195312500001, -0.5134765625000001, -15.917773437500001, -1.6337890625])
array('d', [13.25703125, 0.8402343750000001, -15.917773437500001, -1.6337890625])
array('d', [12.650195312500001, 0.18671875000000002, -14.470703125, 0.2333984375])
array('d', [12.650195312500001, 0.18671875000000002, -15.7310546875, -0.5134765625000001])
array('d', [11.856640625, 0.42011718750000004, -15.7310546875, -0.5134765625000001])
array('d', [11.856640625, 0.18671875000000002, -15.077539062500001, 1.30703125])
array('d', [12.650195312500001, 0.6068359375, -16.337890625, 0.653515625])
array('d', [12.650195312500001, -0.7001953125, -14.2373046875, -0.09335937500000001])
array('d', [12.883593750000001, -0.7001953125, -14.2373046875, -0.09335937500000001])
array('d', [12.696875, -0.2333984375, -14.050585937500001, -1.2603515625000001])
array('d', [12.416796875000001, -0.09335937500000001, -15.12421875, 0.9802734375000001])
array('d', [11.669921875, -0.93359375, -15.49765625, -0.09335937500000001])
array('d', [11.669921875, -0.93359375, -15.49765625, -0.09335937500000001])
array('d', [11.669921875, -0.93359375, -15.49765625, -0.09335937500000001])
array('d', [11.669921875, -0.93359375, -15.49765625, -0.09335937500000001])
array('d', [11.9966796875, 0.6068359375, -15.917773437500001, -0.2333984375])
array('d', [11.9966796875, 0.6068359375, -15.917773437500001, -0.18671875000000002])
array('d', [12.416796875000001, 0.42011718750000004, -15.2642578125, -0.18671875000000002])
array('d', [12.416796875000001, 0.42011718750000004, -15.2642578125, -0.18671875000000002])
array('d', [11.576562500000001, -0.5134765625000001, -14.844140625000001, 1.3537109375])
array('d', [12.276757812500001, -0.2333984375, -14.657421875, -1.2603515625000001])
array('d', [12.416796875000001, 0.6068359375, -14.657421875, -1.2603515625000001])
array('d', [12.416796875000001, 0.6068359375, -14.657421875, -1.2603515625000001])
array('d', [12.416796875000001, 0.6068359375, -14.657421875, -1.2603515625000001])
array('d', [12.416796875000001, 0.6068359375, -14.657421875, -1.2603515625000001])
array('d', [11.38984375, 0.42011718750000004, -15.2642578125, -0.93359375])
array('d', [11.856640625, -0.2333984375, -13.8638671875, 0.9802734375000001])
array('d', [11.576562500000001, -0.93359375, -14.283984375000001, 0.9802734375000001])
array('d', [11.38984375, 0.18671875000000002, -15.49765625, -0.09335937500000001])
array('d', [11.38984375, 0.18671875000000002, -15.49765625, -0.09335937500000001])
array('d', [11.9966796875, 0.6068359375, -14.657421875, -0.09335937500000001])
array('d', [13.0703125, 0.6068359375, -14.657421875, -0.09335937500000001])
array('d', [13.0703125, -0.2333984375, -14.844140625000001, 0.09335937500000001])
array('d', [11.576562500000001, 1.0269531250000001, -15.7310546875, 0.2333984375])
array('d', [12.230078125, -0.7468750000000001, -15.49765625, 0.9802734375000001])
array('d', [12.230078125, -0.5134765625000001, -16.524609375, -0.93359375])
array('d', [11.9966796875, -0.5134765625000001, -16.524609375, -0.93359375])
array('d', [12.043359375000001, 0.18671875000000002, -16.524609375, -0.09335937500000001])
array('d', [12.416796875000001, 0.6068359375, -15.49765625, 2.80078125])
array('d', [12.276757812500001, -0.5134765625000001, -14.610742187500001, 0.18671875000000002])
array('d', [12.276757812500001, -0.5134765625000001, -16.151171875, -0.5134765625000001])
array('d', [12.230078125, -0.09335937500000001, -16.151171875, -0.5134765625000001])
array('d', [11.203125, -0.09335937500000001, -16.151171875, -0.5134765625000001])
array('d', [11.203125, 0.42011718750000004, -15.684375000000001, 0.8869140625])
array('d', [11.38984375, 0.18671875000000002, -15.544335937500001, 0.8869140625])
array('d', [12.4634765625, -0.09335937500000001, -14.610742187500001, 0.56015625])
array('d', [12.4634765625, -0.09335937500000001, -15.49765625, -0.93359375])
array('d', [12.043359375000001, -0.09335937500000001, -15.49765625, -0.93359375])
array('d', [10.9697265625, -0.5134765625000001, -15.544335937500001, -0.8402343750000001])
array('d', [11.576562500000001, 0.8402343750000001, -15.49765625, 0.56015625])
array('d', [11.576562500000001, 0.8402343750000001, -14.7041015625, 1.3537109375])
array('d', [12.230078125, -0.046679687500000004, -14.7041015625, 1.3537109375])
array('d', [12.043359375000001, -0.5134765625000001, -15.49765625, 0.56015625])
array('d', [12.230078125, 0.6068359375, -15.12421875, 0.56015625])
array('d', [13.0703125, 0.18671875000000002, -16.524609375, 0.56015625])
array('d', [10.9697265625, 0.6068359375, -16.524609375, 0.56015625])
array('d', [10.8296875, 1.9138671875000002, -15.310937500000001, 0.2333984375])
array('d', [12.416796875000001, -0.2333984375, -16.337890625, 0.2333984375])
array('d', [12.416796875000001, -0.5134765625000001, -16.524609375, 0.18671875000000002])
array('d', [10.8296875, -0.09335937500000001, -14.2373046875, -0.09335937500000001])
array('d', [13.0703125, -0.09335937500000001, -15.2642578125, -0.09335937500000001])
array('d', [10.5962890625, -1.1203125, -15.49765625, 0.56015625])
array('d', [11.249804687500001, -0.09335937500000001, -15.12421875, -0.93359375])
array('d', [11.576562500000001, 0.42011718750000004, -14.657421875, 0.653515625])
array('d', [11.576562500000001, -0.93359375, -14.844140625000001, 0.2333984375])
array('d', [10.8296875, -0.93359375, -14.844140625000001, 0.2333984375])
array('d', [11.9966796875, 0.6068359375, -14.844140625000001, -0.18671875000000002])
array('d', [12.230078125, 0.8402343750000001, -15.49765625, -0.18671875000000002])
array('d', [12.230078125, 0.8402343750000001, -15.49765625, -0.18671875000000002])
array('d', [12.230078125, 0.8402343750000001, -15.49765625, -0.18671875000000002])
array('d', [12.230078125, 0.8402343750000001, -15.49765625, -0.18671875000000002])
array('d', [12.230078125, -0.2333984375, -15.077539062500001, 0.9802734375000001])
array('d', [11.1564453125, 0.6068359375, -15.2642578125, -0.5134765625000001])
array('d', [11.1564453125, 0.6068359375, -15.2642578125, -0.5134765625000001])
array('d', [11.4365234375, 0.6068359375, -15.2642578125, -0.5134765625000001])
array('d', [11.4365234375, 0.6068359375, -15.2642578125, -0.5134765625000001])
array('d', [11.4365234375, 0.6068359375, -15.2642578125, -0.5134765625000001])
array('d', [11.856640625, -0.2333984375, -14.4240234375, -1.587109375])
array('d', [11.38984375, 0.37343750000000003, -15.6376953125, -0.56015625])
array('d', [11.38984375, 0.37343750000000003, -15.6376953125, -0.18671875000000002])
array('d', [11.669921875, 0.6068359375, -14.657421875, -0.18671875000000002])
array('d', [12.043359375000001, -0.5134765625000001, -15.12421875, -0.93359375])
array('d', [12.043359375000001, -0.5134765625000001, -14.4240234375, -0.5134765625000001])
array('d', [12.650195312500001, -0.3267578125, -14.4240234375, -0.5134765625000001])
array('d', [13.3037109375, -0.7468750000000001, -15.49765625, -0.466796875])
array('d', [10.5962890625, -0.2333984375, -15.12421875, 0.2333984375])
array('d', [10.5962890625, -0.2333984375, -14.844140625000001, 0.280078125])
array('d', [12.276757812500001, -0.2333984375, -14.844140625000001, 0.280078125])
array('d', [11.38984375, 0.18671875000000002, -15.49765625, -0.09335937500000001])
array('d', [11.6232421875, 0.42011718750000004, -15.12421875, 0.9802734375000001])
array('d', [11.6232421875, 0.42011718750000004, -16.1044921875, 0.653515625])
array('d', [11.856640625, -0.5134765625000001, -16.1044921875, 0.653515625])
array('d', [12.043359375000001, -0.3267578125, -13.8638671875, -0.18671875000000002])
array('d', [12.4634765625, -0.09335937500000001, -15.917773437500001, 0.8869140625])
array('d', [12.4634765625, -0.09335937500000001, -15.917773437500001, 0.8869140625])
array('d', [12.883593750000001, 0.8402343750000001, -16.337890625, -0.2333984375])
array('d', [12.883593750000001, 0.18671875000000002, -14.610742187500001, 0.56015625])
array('d', [12.276757812500001, 0.18671875000000002, -14.610742187500001, 0.56015625])
array('d', [12.043359375000001, -0.09335937500000001, -14.8908203125, 0.7001953125])
array('d', [11.856640625, 0.18671875000000002, -16.337890625, -1.1669921875])
array('d', [11.856640625, 0.18671875000000002, -16.337890625, -0.466796875])
array('d', [11.856640625, -0.2333984375, -14.657421875, -0.466796875])
array('d', [12.230078125, -0.2333984375, -14.657421875, -0.466796875])
array('d', [12.230078125, -0.2333984375, -14.657421875, -0.466796875])
array('d', [12.230078125, 0.18671875000000002, -15.7310546875, 1.4470703125000002])
array('d', [12.230078125, -0.2333984375, -15.7310546875, 1.4470703125000002])
array('d', [11.249804687500001, -0.5134765625000001, -15.12421875, -0.2333984375])
array('d', [13.0703125, 1.2603515625000001, -15.077539062500001, -0.18671875000000002])
array('d', [13.0703125, 1.2603515625000001, -15.077539062500001, -0.18671875000000002])
array('d', [11.809960937500001, 0.18671875000000002, -15.917773437500001, 0.9802734375000001])
array('d', [11.249804687500001, -0.93359375, -16.1044921875, 0.8869140625])
array('d', [11.249804687500001, -0.93359375, -15.49765625, 0.18671875000000002])
array('d', [10.8296875, 0.18671875000000002, -15.49765625, -0.09335937500000001])
array('d', [11.856640625, -0.3267578125, -14.050585937500001, -0.09335937500000001])
array('d', [12.276757812500001, -0.3267578125, -14.050585937500001, -0.09335937500000001])
array('d', [12.276757812500001, -0.5134765625000001, -15.49765625, -1.2603515625000001])
array('d', [11.38984375, -0.5134765625000001, -15.49765625, -1.2603515625000001])
array('d', [10.8296875, -0.046679687500000004, -15.2642578125, -0.93359375])
array('d', [10.8296875, -0.09335937500000001, -15.544335937500001, 1.2603515625000001])
array('d', [12.043359375000001, -0.09335937500000001, -14.844140625000001, 0.280078125])
array('d', [10.9697265625, -0.2333984375, -14.844140625000001, 0.280078125])
array('d', [10.9697265625, -0.93359375, -16.524609375, -0.18671875000000002])
array('d', [11.6232421875, -0.09335937500000001, -15.2642578125, -0.5134765625000001])
array('d', [11.6232421875, 0.653515625, -15.2642578125, -0.18671875000000002])
array('d', [11.6232421875, 0.653515625, -15.2642578125, -0.5134765625000001])
array('d', [11.38984375, 0.653515625, -15.2642578125, -0.5134765625000001])
array('d', [11.38984375, 0.653515625, -15.2642578125, -0.5134765625000001])
array('d', [12.4634765625, 0.18671875000000002, -16.524609375, 0.56015625])
array('d', [12.4634765625, -0.09335937500000001, -14.657421875, -0.18671875000000002])
array('d', [11.856640625, -0.09335937500000001, -14.657421875, 1.6337890625])
array('d', [11.856640625, -0.09335937500000001, -14.657421875, 1.6337890625])
array('d', [11.856640625, -0.09335937500000001, -14.657421875, 1.6337890625])
array('d', [11.6232421875, -0.046679687500000004, -15.964453125, 1.6337890625])
array('d', [12.4634765625, -1.400390625, -14.7041015625, -0.56015625])
array('d', [12.230078125, 1.2603515625000001, -15.450976562500001, 0.2333984375])
array('d', [12.230078125, 1.2603515625000001, -15.450976562500001, 0.2333984375])
array('d', [12.230078125, 1.2603515625000001, -15.450976562500001, 0.2333984375])
array('d', [12.230078125, 1.2603515625000001, -15.450976562500001, 0.2333984375])
array('d', [12.230078125, -0.466796875, -15.49765625, -0.09335937500000001])
array('d', [11.38984375, 0.8402343750000001, -14.2373046875, 0.2333984375])
array('d', [11.38984375, 0.8402343750000001, -14.2373046875, -2.0072265625])
array('d', [12.043359375000001, -0.09335937500000001, -15.7310546875, -2.0072265625])
array('d', [13.3037109375, 0.6068359375, -15.12421875, -0.18671875000000002])
array('d', [13.3037109375, 0.6068359375, -15.2642578125, -1.2603515625000001])
array('d', [11.6232421875, -0.09335937500000001, -15.2642578125, -1.2603515625000001])
array('d', [11.6232421875, -0.09335937500000001, -15.2642578125, -1.2603515625000001])
array('d', [11.6232421875, -0.09335937500000001, -15.2642578125, -1.2603515625000001])
array('d', [12.4634765625, -0.09335937500000001, -14.8908203125, 0.653515625])
array('d', [12.043359375000001, 0.18671875000000002, -15.12421875, -0.18671875000000002])
array('d', [11.6232421875, 0.18671875000000002, -15.7310546875, 0.2333984375])
array('d', [11.6232421875, 1.0736328125, -14.050585937500001, -0.466796875])
array('d', [11.6232421875, 1.0736328125, -15.7310546875, -0.2333984375])
array('d', [12.9302734375, -0.5134765625000001, -15.7310546875, -0.2333984375])
array('d', [11.856640625, -0.5134765625000001, -15.7310546875, -0.2333984375])
array('d', [11.856640625, -0.9802734375000001, -15.544335937500001, 0.653515625])
array('d', [11.9966796875, 0.18671875000000002, -15.7310546875, -0.5134765625000001])
array('d', [12.4634765625, -0.7001953125, -14.050585937500001, 0.2333984375])
array('d', [12.4634765625, -0.7001953125, -14.050585937500001, 0.2333984375])
array('d', [12.4634765625, -0.7001953125, -14.050585937500001, 0.2333984375])
array('d', [12.230078125, 0.42011718750000004, -15.544335937500001, -0.09335937500000001])
array('d', [11.203125, 0.42011718750000004, -16.5712890625, 0.2333984375])
array('d', [11.203125, 0.42011718750000004, -16.5712890625, 0.2333984375])
array('d', [12.4634765625, 0.6068359375, -16.5712890625, 0.2333984375])
array('d', [12.4634765625, -0.5134765625000001, -14.050585937500001, 0.653515625])
array('d', [12.4634765625, -0.5134765625000001, -14.050585937500001, -0.18671875000000002])
array('d', [11.6232421875, -0.2333984375, -16.524609375, -0.18671875000000002])
array('d', [12.230078125, -0.2333984375, -16.524609375, -0.18671875000000002])
array('d', [12.230078125, -1.400390625, -16.151171875, -1.9138671875000002])
array('d', [11.6232421875, -0.046679687500000004, -15.87109375, 0.2333984375])
array('d', [12.4634765625, 0.18671875000000002, -15.12421875, 0.18671875000000002])
array('d', [12.4634765625, 0.18671875000000002, -15.12421875, -4.29453125])
array('d', [12.416796875000001, 0.6068359375, -15.544335937500001, -4.29453125])
array('d', [12.043359375000001, -0.5134765625000001, -15.450976562500001, 0.8869140625])
array('d', [12.416796875000001, 0.6068359375, -15.12421875, 0.8869140625])
array('d', [11.38984375, 0.18671875000000002, -15.544335937500001, 0.653515625])
array('d', [11.38984375, 0.18671875000000002, -15.2642578125, -0.56015625])
array('d', [12.230078125, 0.18671875000000002, -15.2642578125, -0.56015625])
array('d', [11.856640625, 1.7271484375000001, -16.151171875, 0.56015625])
array('d', [12.043359375000001, 0.8402343750000001, -15.2642578125, 0.9802734375000001])
array('d', [12.043359375000001, 0.8402343750000001, -15.450976562500001, 0.18671875000000002])
array('d', [12.230078125, -0.93359375, -15.450976562500001, 0.18671875000000002])
array('d', [11.6232421875, -0.93359375, -15.544335937500001, -1.2603515625000001])
array('d', [11.809960937500001, 0.8402343750000001, -14.8908203125, 0.18671875000000002])
array('d', [11.809960937500001, 1.5404296875, -15.2642578125, 0.56015625])
array('d', [12.4634765625, 1.5404296875, -15.2642578125, 0.56015625])
array('d', [12.416796875000001, 0.6068359375, -15.7310546875, -0.5134765625000001])
array('d', [10.736328125, 0.42011718750000004, -15.12421875, -0.9802734375000001])
array('d', [12.043359375000001, 0.42011718750000004, -15.12421875, -0.9802734375000001])
array('d', [12.043359375000001, 0.42011718750000004, -15.12421875, -0.9802734375000001])
array('d', [12.043359375000001, 0.6068359375, -15.2642578125, -0.5134765625000001])
array('d', [12.696875, -0.8402343750000001, -15.2642578125, -0.5134765625000001])
array('d', [12.043359375000001, 0.8402343750000001, -15.12421875, -0.5134765625000001])
array('d', [12.043359375000001, 0.8402343750000001, -15.12421875, -0.5134765625000001])
array('d', [12.043359375000001, 0.42011718750000004, -15.87109375, 0.2333984375])
array('d', [12.883593750000001, 0.18671875000000002, -16.151171875, -0.93359375])
array('d', [11.38984375, -0.3267578125, -14.844140625000001, -0.09335937500000001])
array('d', [11.38984375, -0.3267578125, -14.844140625000001, -0.09335937500000001])
array('d', [11.38984375, -0.09335937500000001, -16.151171875, 0.18671875000000002])
array('d', [12.4634765625, 0.6068359375, -15.12421875, 1.30703125])
array('d', [12.4634765625, 0.6068359375, -15.12421875, -1.1669921875])
array('d', [12.4634765625, 0.6068359375, -15.12421875, -1.1669921875])
array('d', [10.9697265625, -0.046679687500000004, -15.12421875, -1.1669921875])
array('d', [12.043359375000001, -0.5134765625000001, -15.450976562500001, 0.9802734375000001])
array('d', [13.3037109375, 0.653515625, -14.470703125, -0.18671875000000002])
array('d', [13.3037109375, 0.653515625, -14.470703125, -0.18671875000000002])
array('d', [13.3037109375, 0.653515625, -14.470703125, -0.18671875000000002])
array('d', [12.650195312500001, -0.93359375, -15.964453125, 0.280078125])
array('d', [12.650195312500001, -0.2333984375, -14.8908203125, -0.5134765625000001])
array('d', [12.650195312500001, -0.2333984375, -14.8908203125, -0.09335937500000001])
array('d', [11.6232421875, -0.2333984375, -14.8908203125, -0.09335937500000001])
array('d', [11.6232421875, -0.2333984375, -14.8908203125, -0.09335937500000001])
array('d', [11.6232421875, -0.2333984375, -14.8908203125, -0.09335937500000001])
array('d', [11.38984375, 1.5404296875, -15.2642578125, 0.2333984375])
array('d', [11.38984375, 1.5404296875, -15.2642578125, 0.2333984375])
array('d', [11.343164062500001, -0.7001953125, -14.844140625000001, -0.09335937500000001])
array('d', [11.6232421875, -0.5134765625000001, -14.844140625000001, -0.09335937500000001])
array('d', [11.6232421875, -0.5134765625000001, -14.844140625000001, -0.09335937500000001])
array('d', [11.6232421875, -0.5134765625000001, -14.8908203125, -0.5134765625000001])
array('d', [11.6232421875, 0.18671875000000002, -15.12421875, -0.5134765625000001])
array('d', [11.856640625, 1.2603515625000001, -13.443750000000001, -0.5134765625000001])
array('d', [12.043359375000001, 1.5404296875, -15.12421875, -0.09335937500000001])
array('d', [12.043359375000001, 1.5404296875, -15.12421875, 0.56015625])
array('d', [11.249804687500001, 0.6068359375, -15.12421875, 0.56015625])
array('d', [12.650195312500001, -0.3267578125, -14.657421875, 0.56015625])
array('d', [12.650195312500001, -0.3267578125, -16.7580078125, -0.09335937500000001])
array('d', [11.6232421875, -0.2333984375, -16.7580078125, -0.09335937500000001])
array('d', [12.043359375000001, 1.5404296875, -15.7310546875, -0.09335937500000001])
array('d', [11.809960937500001, 0.2333984375, -15.310937500000001, -0.56015625])
array('d', [11.809960937500001, 0.2333984375, -15.310937500000001, -0.5134765625000001])
array('d', [12.883593750000001, -0.2333984375, -15.544335937500001, -0.5134765625000001])
array('d', [12.4634765625, 0.37343750000000003, -15.12421875, 0.2333984375])
array('d', [11.249804687500001, 0.6068359375, -15.87109375, -0.18671875000000002])
array('d', [11.249804687500001, 0.6068359375, -15.2642578125, -0.09335937500000001])
array('d', [13.0703125, -0.09335937500000001, -15.2642578125, -0.09335937500000001])
array('d', [12.043359375000001, 0.37343750000000003, -15.2642578125, -0.09335937500000001])
array('d', [12.043359375000001, 0.37343750000000003, -15.2642578125, -0.09335937500000001])
array('d', [12.043359375000001, -0.09335937500000001, -15.544335937500001, -0.8402343750000001])
array('d', [10.9697265625, -0.09335937500000001, -15.544335937500001, -0.8402343750000001])
array('d', [12.043359375000001, 0.37343750000000003, -16.3845703125, -0.09335937500000001])
array('d', [10.8296875, 0.6068359375, -15.2642578125, -0.09335937500000001])
array('d', [10.6896484375, -0.046679687500000004, -15.12421875, -0.466796875])
array('d', [10.6896484375, 0.37343750000000003, -15.12421875, -0.8402343750000001])
array('d', [11.6232421875, 0.37343750000000003, -15.12421875, -0.8402343750000001])
array('d', [11.6232421875, 0.37343750000000003, -15.12421875, -0.8402343750000001])
array('d', [11.6232421875, 0.37343750000000003, -15.12421875, -0.8402343750000001])
array('d', [11.6232421875, 0.37343750000000003, -15.12421875, -0.8402343750000001])
array('d', [11.6232421875, 1.2603515625000001, -15.7310546875, -0.5134765625000001])
array('d', [11.6232421875, -0.5134765625000001, -15.7310546875, 2.80078125])
array('d', [11.6232421875, -0.5134765625000001, -15.7310546875, 2.80078125])
array('d', [11.6232421875, -0.2333984375, -15.7310546875, -0.5134765625000001])
array('d', [13.677148437500001, -0.2333984375, -15.12421875, 0.9802734375000001])
array('d', [13.677148437500001, -0.2333984375, -14.844140625000001, -1.6337890625])
array('d', [13.3037109375, 0.8402343750000001, -14.844140625000001, -1.6337890625])
array('d', [13.3037109375, 0.8402343750000001, -14.844140625000001, -1.6337890625])
array('d', [13.3037109375, 0.8402343750000001, -14.844140625000001, -1.6337890625])
array('d', [12.043359375000001, -0.7468750000000001, -13.63046875, -0.5134765625000001])
array('d', [12.3234375, -0.2333984375, -15.544335937500001, 1.3537109375])
array('d', [12.043359375000001, 0.42011718750000004, -15.544335937500001, 0.9802734375000001])
array('d', [12.043359375000001, 0.42011718750000004, -15.544335937500001, 0.9802734375000001])
array('d', [12.043359375000001, 0.42011718750000004, -15.544335937500001, 0.9802734375000001])
array('d', [12.043359375000001, 0.42011718750000004, -15.544335937500001, 0.9802734375000001])
array('d', [12.230078125, -0.046679687500000004, -14.8908203125, 0.56015625])
array('d', [12.230078125, -0.046679687500000004, -14.844140625000001, -0.5134765625000001])
array('d', [12.043359375000001, 0.18671875000000002, -14.844140625000001, -0.5134765625000001])
array('d', [11.9966796875, -0.09335937500000001, -15.684375000000001, -0.9802734375000001])
array('d', [12.9302734375, -0.2333984375, -14.283984375000001, -0.5134765625000001])
array('d', [12.9302734375, -0.2333984375, -14.8908203125, -0.18671875000000002])
array('d', [11.249804687500001, -0.93359375, -14.8908203125, -0.18671875000000002])
array('d', [11.343164062500001, 0.6068359375, -14.470703125, 0.2333984375])
array('d', [11.38984375, -0.09335937500000001, -15.544335937500001, 1.30703125])
array('d', [11.38984375, -0.09335937500000001, -15.544335937500001, 0.2333984375])
array('d', [12.650195312500001, -0.5134765625000001, -15.12421875, 0.2333984375])
array('d', [12.043359375000001, -0.046679687500000004, -14.844140625000001, -0.09335937500000001])
array('d', [12.230078125, 0.42011718750000004, -15.964453125, -0.5134765625000001])
array('d', [11.809960937500001, -0.2333984375, -15.12421875, -1.2603515625000001])
array('d', [11.809960937500001, -0.2333984375, -15.12421875, -0.93359375])
array('d', [11.856640625, 0.6068359375, -15.030859375, -0.93359375])
array('d', [12.043359375000001, -0.2333984375, -15.7310546875, -0.37343750000000003])
array('d', [12.043359375000001, -0.09335937500000001, -15.310937500000001, -1.2603515625000001])
array('d', [12.4634765625, -0.09335937500000001, -15.310937500000001, -1.2603515625000001])
array('d', [12.883593750000001, 0.18671875000000002, -14.844140625000001, 0.56015625])
array('d', [11.38984375, -0.2333984375, -16.9447265625, 0.56015625])
array('d', [11.38984375, 0.6068359375, -14.470703125, -0.5134765625000001])
array('d', [11.576562500000001, 0.6068359375, -14.470703125, -0.09335937500000001])
array('d', [10.8296875, -0.09335937500000001, -14.8908203125, -0.09335937500000001])
array('d', [12.416796875000001, -1.1203125, -15.030859375, 0.2333984375])
array('d', [12.043359375000001, 0.09335937500000001, -15.310937500000001, -0.046679687500000004])
array('d', [12.043359375000001, 0.09335937500000001, -15.310937500000001, -0.5134765625000001])
array('d', [11.6232421875, -0.9802734375000001, -16.3845703125, -0.5134765625000001])
array('d', [13.4904296875, 2.2873046875000003, -18.2517578125, 0.56015625])
array('d', [15.684375000000001, 4.2478515625, -19.138671875, -3.8744140625])
array('d', [15.684375000000001, 4.2478515625, -19.138671875, -3.5009765625])
array('d', [14.844140625000001, 3.3142578125, -19.138671875, -3.5009765625])
array('d', [17.3181640625, 5.9750000000000005, -20.0255859375, -3.54765625])
array('d', [18.6251953125, 4.6212890625, -19.7921875, -3.641015625])
array('d', [18.6251953125, 4.6212890625, -20.72578125, -4.948046875])
array('d', [17.8783203125, 7.0486328125, -20.72578125, -4.948046875])
array('d', [19.1853515625, 6.5818359375, -21.1458984375, -5.6015625])
array('d', [20.399023437500002, 8.77578125, -21.939453125, -5.41484375])
array('d', [20.399023437500002, 8.77578125, -21.939453125, -6.255078125000001])
array('d', [20.399023437500002, 8.77578125, -21.939453125, -6.255078125000001])
array('d', [21.47265625, 8.122265625, -23.386523437500003, -6.255078125000001])
array('d', [21.7060546875, 7.888867187500001, -23.900000000000002, -7.0953125])
array('d', [22.40625, 9.802734375, -24.133398437500002, -8.7291015625])
array('d', [22.40625, 9.802734375, -24.133398437500002, -8.7291015625])
array('d', [22.40625, 9.802734375, -24.133398437500002, -8.7291015625])
array('d', [22.40625, 9.802734375, -24.133398437500002, -8.7291015625])
array('d', [23.059765625, 11.4365234375, -24.133398437500002, -9.242578125])
array('d', [23.666601562500002, 12.976953125000001, -24.6935546875, -8.40234375])
array('d', [24.320117187500003, 13.817187500000001, -25.4404296875, -9.89609375])
array('d', [24.320117187500003, 13.817187500000001, -25.4404296875, -9.89609375])
array('d', [26.233984375000002, 12.3701171875, -25.720507812500003, -10.362890625])
array('d', [26.047265625, 15.12421875, -26.607421875, -10.642968750000001])
array('d', [26.980859375, 13.677148437500001, -27.3076171875, -11.296484375])
array('d', [26.980859375, 13.677148437500001, -27.3076171875, -11.296484375])
array('d', [26.980859375, 14.517382812500001, -27.9611328125, -11.9966796875])
array('d', [29.0814453125, 15.404296875, -27.914453125, -12.790234375])
array('d', [29.0814453125, 15.404296875, -28.521289062500003, -13.0703125])
array('d', [28.054492187500003, 16.61796875, -28.521289062500003, -13.0703125])
array('d', [30.201757812500002, 17.5048828125, -29.781640625, -13.583789062500001])
array('d', [30.528515625, 18.298437500000002, -30.155078125000003, -13.537109375])
array('d', [30.528515625, 18.298437500000002, -31.322070312500003, -14.517382812500001])
array('d', [33.1892578125, 18.671875, -31.6955078125, -15.591015625])
array('d', [32.208984375, 18.671875, -31.6955078125, -15.591015625])
array('d', [32.208984375, 19.512109375, -32.208984375, -16.24453125])
array('d', [32.395703125000004, 20.72578125, -32.208984375, -16.24453125])
array('d', [33.2826171875, 22.126171875, -34.496289062500004, -17.6916015625])
array('d', [34.636328125, 22.686328125000003, -33.562695312500004, -17.9716796875])
array('d', [35.009765625, 23.433203125000002, -34.3095703125, -20.5390625])
array('d', [36.830273437500004, 23.2931640625, -34.91640625, -19.5587890625])
array('d', [36.830273437500004, 24.6935546875, -35.663281250000004, -18.11171875])
array('d', [36.78359375, 24.6935546875, -35.663281250000004, -19.41875])
array('d', [37.2037109375, 25.487109375000003, -35.85, -19.41875])
array('d', [37.8572265625, 25.20703125, -35.85, -21.379296875])
array('d', [40.424609375, 27.0275390625, -37.810546875, -22.1728515625])
array('d', [38.9775390625, 26.3740234375, -37.437109375, -21.659375])
array('d', [38.9775390625, 26.3740234375, -37.437109375, -21.332617187500002])
array('d', [38.9775390625, 26.3740234375, -37.437109375, -21.332617187500002])
array('d', [38.9775390625, 26.3740234375, -37.437109375, -21.332617187500002])
array('d', [39.677734375, 27.914453125, -38.7908203125, -23.619921875000003])
array('d', [41.5916015625, 27.821093750000003, -38.7908203125, -23.619921875000003])
array('d', [41.078125, 28.988085937500003, -39.677734375, -23.2931640625])
array('d', [41.078125, 28.988085937500003, -39.677734375, -23.2931640625])
array('d', [40.51796875, 29.875, -40.424609375, -25.58046875])
array('d', [42.38515625, 30.80859375, -40.611328125, -26.3740234375])
array('d', [43.505468750000006, 31.6955078125, -42.38515625, -26.3740234375])
array('d', [44.158984375, 31.92890625, -43.038671875000006, -27.44765625])
array('d', [44.25234375, 32.3490234375, -43.1787109375, -27.400976562500002])
array('d', [44.25234375, 33.2826171875, -43.4587890625, -27.400976562500002])
array('d', [44.25234375, 33.2826171875, -43.4587890625, -27.400976562500002])
array('d', [44.905859375000006, 33.2826171875, -43.4587890625, -27.167578125000002])
array('d', [45.279296875, 33.702734375, -44.4857421875, -28.988085937500003])
array('d', [45.8861328125, 34.1228515625, -45.232617187500004, -30.341796875])
array('d', [46.212890625, 34.262890625000004, -45.652734375, -28.6146484375])
array('d', [47.239843750000006, 35.5232421875, -46.586328125, -30.4818359375])
array('d', [47.6599609375, 35.9900390625, -46.586328125, -31.322070312500003])
array('d', [49.013671875, 36.363476562500004, -47.706640625000006, -33.796093750000004])
array('d', [49.013671875, 36.363476562500004, -47.706640625000006, -33.796093750000004])
array('d', [48.6869140625, 36.830273437500004, -48.9203125, -33.2359375])
array('d', [48.6869140625, 36.830273437500004, -48.9203125, -33.2359375])
array('d', [48.6869140625, 36.830273437500004, -48.9203125, -33.2359375])
array('d', [49.807226562500006, 36.9703125, -49.1537109375, -33.516015625])
array('d', [50.4140625, 38.090625, -49.5271484375, -33.095898437500004])
array('d', [49.433789062500004, 39.2109375, -49.667187500000004, -33.796093750000004])
array('d', [49.433789062500004, 39.2109375, -49.900585937500004, -34.823046875])
array('d', [51.0208984375, 39.491015625, -49.900585937500004, -34.823046875])
array('d', [50.7875, 39.9578125, -50.6474609375, -34.91640625])
array('d', [51.441015625000006, 40.564648437500004, -50.6474609375, -35.569921875])
array('d', [51.441015625000006, 42.01171875, -52.141210937500006, -36.41015625])
array('d', [52.7947265625, 42.01171875, -52.141210937500006, -36.41015625])
array('d', [53.8216796875, 41.871679687500006, -53.21484375, -36.876953125])
array('d', [54.335156250000004, 44.065625000000004, -54.801953125000004, -37.3904296875])
array('d', [54.335156250000004, 43.972265625000006, -54.055078125, -37.15703125])
array('d', [56.0623046875, 43.972265625000006, -54.055078125, -37.15703125])
array('d', [56.3890625, 45.232617187500004, -53.8216796875, -38.65078125])
array('d', [56.3890625, 45.232617187500004, -53.8216796875, -38.65078125])
array('d', [56.3890625, 45.232617187500004, -53.8216796875, -38.65078125])
array('d', [56.3890625, 45.232617187500004, -53.8216796875, -38.65078125])
array('d', [54.1951171875, 6.255078125000001, -51.674414062500006, -39.584375])
array('d', [55.362109375, 1.4470703125000002, -50.974218750000006, -5.0880859375])
array('d', [55.362109375, 1.4470703125000002, -50.974218750000006, -5.0880859375])
array('d', [55.5955078125, 1.4470703125000002, -50.974218750000006, -1.2603515625000001])
array('d', [55.035351562500004, 0.653515625, -52.09453125, -0.653515625])
array('d', [55.035351562500004, 0.653515625, -52.09453125, -0.1400390625])
array('d', [55.408789062500006, 0.18671875000000002, -52.09453125, -0.1400390625])
array('d', [55.408789062500006, 0.18671875000000002, -52.09453125, -0.1400390625])
array('d', [55.1287109375, 0.18671875000000002, -50.6474609375, 1.2603515625000001])
array('d', [55.08203125, -0.046679687500000004, -50.9275390625, 0.7935546875])
array('d', [55.08203125, 0.42011718750000004, -51.300976562500004, -0.1400390625])
array('d', [55.08203125, 0.42011718750000004, -51.300976562500004, -0.1400390625])
array('d', [55.548828125, 0.18671875000000002, -51.300976562500004, -0.1400390625])
array('d', [54.008398437500006, 1.6804687500000002, -52.608007812500006, 0.6068359375])
array('d', [55.035351562500004, 0.18671875000000002, -52.608007812500006, 0.6068359375])
array('d', [55.035351562500004, 0.18671875000000002, -52.608007812500006, 0.6068359375])
array('d', [55.035351562500004, -0.046679687500000004, -53.3548828125, -0.42011718750000004])
array('d', [54.335156250000004, -0.046679687500000004, -53.3548828125, -0.42011718750000004])
array('d', [54.8953125, -0.7001953125, -51.254296875, -0.1400390625])
array('d', [55.1287109375, 0.42011718750000004, -51.1609375, 0.046679687500000004])
array('d', [55.735546875000004, -0.8869140625, -50.740820312500006, 0.42011718750000004])
array('d', [55.735546875000004, -0.8869140625, -50.740820312500006, -0.56015625])
array('d', [54.101757812500004, -0.653515625, -51.534375000000004, -0.56015625])
array('d', [54.615234375, -0.653515625, -50.740820312500006, 0.046679687500000004])
array('d', [54.8953125, 0.8402343750000001, -51.8611328125, -0.9802734375000001])
array('d', [54.615234375, -1.30703125, -52.28125, 0.7468750000000001])
array('d', [54.335156250000004, 0.653515625, -52.28125, -0.7468750000000001])
array('d', [55.45546875, -0.466796875, -52.187890625, 0.046679687500000004])
array('d', [54.521875, -1.30703125, -54.008398437500006, 0.046679687500000004])
array('d', [54.521875, -1.1203125, -53.3548828125, -0.56015625])
array('d', [55.1287109375, -0.466796875, -51.1609375, -0.56015625])
array('d', [54.521875, 0.0, -51.0208984375, -0.9802734375000001])
array('d', [54.521875, 0.0, -51.0208984375, 0.1400390625])
array('d', [55.035351562500004, 0.8402343750000001, -52.09453125, 0.1400390625])
array('d', [54.708593750000006, -0.466796875, -50.4140625, -0.1400390625])
array('d', [54.708593750000006, -0.2333984375, -52.187890625, 0.7468750000000001])
array('d', [54.615234375, -0.2333984375, -52.09453125, 1.4470703125000002])
array('d', [54.3818359375, 0.0, -52.8880859375, 1.4470703125000002])
array('d', [54.3818359375, 0.0, -52.8880859375, 1.4470703125000002])
array('d', [54.8953125, 0.0, -52.8880859375, -0.1400390625])
array('d', [55.035351562500004, 0.18671875000000002, -51.300976562500004, -0.1400390625])
array('d', [55.1287109375, 0.653515625, -51.34765625, -0.56015625])
array('d', [53.681640625, 0.18671875000000002, -51.674414062500006, 0.466796875])
array('d', [53.681640625, 0.18671875000000002, -50.974218750000006, -0.3267578125])
array('d', [54.8486328125, 0.0, -50.974218750000006, -0.3267578125])
array('d', [53.681640625, -0.2333984375, -51.674414062500006, -0.2333984375])
array('d', [53.681640625, 0.653515625, -51.674414062500006, -1.6804687500000002])
array('d', [53.681640625, 0.653515625, -51.4876953125, -0.56015625])
array('d', [54.101757812500004, 0.653515625, -51.4876953125, -0.56015625])
array('d', [54.101757812500004, 0.653515625, -51.4876953125, -0.56015625])
array('d', [54.101757812500004, 0.653515625, -51.4876953125, -0.56015625])
array('d', [54.615234375, 0.653515625, -51.907812500000006, -1.1669921875])
array('d', [55.035351562500004, 0.18671875000000002, -50.974218750000006, 0.466796875])
array('d', [55.548828125, -1.1203125, -51.34765625, -0.1400390625])
array('d', [54.521875, 0.653515625, -51.34765625, -0.42011718750000004])
array('d', [54.521875, 0.653515625, -52.4212890625, 0.37343750000000003])
array('d', [54.8953125, 0.0, -52.4212890625, 0.37343750000000003])
array('d', [55.1287109375, 0.0, -52.4212890625, 0.37343750000000003])
array('d', [53.681640625, 0.0, -51.4876953125, 0.466796875])
array('d', [53.681640625, 0.0, -51.4876953125, 0.046679687500000004])
array('d', [54.428515625, 0.18671875000000002, -51.814453125, 0.046679687500000004])
array('d', [54.708593750000006, 0.37343750000000003, -52.5146484375, -0.56015625])
array('d', [55.035351562500004, -0.466796875, -52.934765625000004, 0.280078125])
array('d', [53.96171875, 0.18671875000000002, -51.1142578125, -0.3267578125])
array('d', [55.1287109375, 0.653515625, -52.4212890625, -0.8869140625])
array('d', [55.1287109375, -0.653515625, -52.5146484375, -0.56015625])
array('d', [54.8953125, -0.653515625, -52.5146484375, -0.3267578125])
array('d', [53.541601562500006, 0.42011718750000004, -50.974218750000006, -0.3267578125])
array('d', [54.8486328125, -0.653515625, -52.001171875000004, 0.280078125])
array('d', [54.1951171875, 0.42011718750000004, -51.1609375, -0.1400390625])
array('d', [54.615234375, 0.0, -52.09453125, 0.280078125])
array('d', [54.615234375, 0.0, -52.5146484375, 0.466796875])
array('d', [55.968945312500004, 0.6068359375, -52.5146484375, -0.1400390625])
array('d', [55.035351562500004, 1.0269531250000001, -51.4876953125, 0.280078125])
array('d', [54.1951171875, 0.8402343750000001, -53.21484375, -0.3267578125])
array('d', [54.1951171875, 0.18671875000000002, -51.814453125, -0.42011718750000004])
array('d', [55.268750000000004, -0.466796875, -52.234570312500004, -0.56015625])
array('d', [55.268750000000004, -0.466796875, -52.234570312500004, -0.56015625])
array('d', [55.268750000000004, -0.466796875, -52.234570312500004, -0.56015625])
array('d', [54.008398437500006, 0.37343750000000003, -50.367382812500004, 0.466796875])
array('d', [54.008398437500006, 0.8402343750000001, -50.974218750000006, 0.8869140625])
array('d', [55.268750000000004, -0.2333984375, -51.814453125, 0.046679687500000004])
array('d', [55.362109375, 0.18671875000000002, -51.814453125, 0.466796875])
array('d', [54.428515625, -0.2333984375, -50.834179687500004, -0.1400390625])
array('d', [54.1951171875, -0.8869140625, -51.674414062500006, 0.046679687500000004])
array('d', [53.775000000000006, -0.2333984375, -50.7875, 0.653515625])
array('d', [53.775000000000006, 0.42011718750000004, -52.09453125, -1.400390625])
array('d', [54.1951171875, 0.42011718750000004, -52.09453125, -1.400390625])
array('d', [55.268750000000004, -1.1203125, -50.133984375000004, 0.1400390625])
array('d', [55.922265625, 0.18671875000000002, -54.101757812500004, -0.3267578125])
array('d', [55.268750000000004, 0.18671875000000002, -51.674414062500006, -0.56015625])
array('d', [55.268750000000004, 0.18671875000000002, -52.5146484375, -0.1400390625])
array('d', [54.8486328125, 0.18671875000000002, -52.5146484375, -0.1400390625])
array('d', [54.8486328125, -0.466796875, -50.6474609375, 0.280078125])
array('d', [54.8486328125, -0.466796875, -51.34765625, 0.280078125])
array('d', [54.568554687500004, 0.0, -51.1142578125, 0.280078125])
array('d', [55.362109375, -0.2333984375, -52.234570312500004, 0.1400390625])
array('d', [55.362109375, -0.2333984375, -52.234570312500004, 0.1400390625])
array('d', [55.362109375, -0.2333984375, -52.234570312500004, 0.1400390625])
array('d', [54.615234375, -1.1203125, -51.1142578125, 0.1400390625])
array('d', [54.988671875, 0.6068359375, -52.09453125, -0.3267578125])
array('d', [54.8486328125, -0.2333984375, -52.09453125, 0.280078125])
array('d', [54.8486328125, -0.2333984375, -51.814453125, 0.046679687500000004])
array('d', [54.428515625, 0.8402343750000001, -51.814453125, 0.046679687500000004])
array('d', [55.7822265625, -0.466796875, -51.627734375, 0.8869140625])
array('d', [54.1951171875, 0.0, -51.907812500000006, 0.8869140625])
array('d', [54.1951171875, 0.0, -51.34765625, -0.3267578125])
array('d', [53.775000000000006, 0.6068359375, -51.34765625, -0.3267578125])
array('d', [53.9150390625, 0.6068359375, -50.7875, -0.3267578125])
array('d', [53.9150390625, 0.6068359375, -50.7875, 0.1400390625])
array('d', [53.9150390625, -0.466796875, -51.4876953125, 0.1400390625])
array('d', [55.362109375, -1.9605468750000001, -52.09453125, 0.466796875])
array('d', [54.988671875, 0.37343750000000003, -50.5541015625, -0.56015625])
array('d', [54.988671875, 0.37343750000000003, -50.5541015625, -0.1400390625])
array('d', [54.988671875, 0.0, -51.34765625, -0.1400390625])
array('d', [55.268750000000004, -1.30703125, -51.814453125, -0.1400390625])
array('d', [53.9150390625, -1.30703125, -51.814453125, -0.1400390625])
array('d', [53.9150390625, -0.653515625, -52.5146484375, -0.3267578125])
array('d', [55.502148437500004, -0.653515625, -51.4876953125, -0.3267578125])
array('d', [55.502148437500004, -0.653515625, -51.4876953125, -0.3267578125])
array('d', [55.362109375, -0.8869140625, -51.4876953125, -0.7468750000000001])
array('d', [55.1287109375, -0.466796875, -52.234570312500004, 0.280078125])
array('d', [55.268750000000004, -0.2333984375, -51.674414062500006, 0.7468750000000001])
array('d', [55.268750000000004, -0.2333984375, -52.09453125, 0.1400390625])
array('d', [55.3154296875, 0.18671875000000002, -52.09453125, 0.1400390625])
array('d', [55.3154296875, 0.18671875000000002, -52.09453125, -0.9802734375000001])
array('d', [54.101757812500004, -0.653515625, -51.814453125, -0.7468750000000001])
array('d', [53.96171875, 0.6068359375, -51.34765625, 2.5207031250000003])
array('d', [54.008398437500006, -0.653515625, -53.541601562500006, -0.56015625])
array('d', [54.008398437500006, -0.653515625, -53.541601562500006, -0.56015625])
array('d', [55.922265625, 0.0, -51.4876953125, -0.7468750000000001])
array('d', [55.642187500000006, -0.466796875, -51.1142578125, -0.42011718750000004])
array('d', [54.241796875000006, 1.2603515625000001, -51.814453125, -0.7468750000000001])
array('d', [54.428515625, 1.0269531250000001, -51.907812500000006, -0.7468750000000001])
array('d', [54.6619140625, -0.653515625, -52.09453125, 0.18671875000000002])
array('d', [55.3154296875, 0.18671875000000002, -52.09453125, 0.18671875000000002])
array('d', [55.3154296875, 0.18671875000000002, -52.09453125, 0.18671875000000002])
array('d', [55.08203125, 0.6068359375, -50.5541015625, -0.1400390625])
array('d', [55.08203125, 0.6068359375, -51.34765625, -0.1400390625])
array('d', [55.2220703125, -0.8869140625, -51.34765625, -0.3267578125])
array('d', [55.362109375, 0.6068359375, -52.09453125, -0.7468750000000001])
array('d', [54.101757812500004, -0.653515625, -52.7947265625, -0.1400390625])
array('d', [54.101757812500004, -0.653515625, -52.7947265625, 0.046679687500000004])
array('d', [54.6619140625, 0.18671875000000002, -51.814453125, 0.046679687500000004])
array('d', [54.6619140625, 0.18671875000000002, -51.814453125, 0.046679687500000004])
array('d', [54.6619140625, 0.18671875000000002, -51.814453125, 0.046679687500000004])
array('d', [54.6619140625, 0.18671875000000002, -51.814453125, 0.046679687500000004])
array('d', [54.568554687500004, -0.2333984375, -52.234570312500004, -0.42011718750000004])
array('d', [54.6619140625, 0.6068359375, -51.814453125, 0.56015625])
array('d', [54.6619140625, 0.6068359375, -52.5146484375, -0.1400390625])
array('d', [55.08203125, 0.6068359375, -52.5146484375, -0.1400390625])
array('d', [55.08203125, 0.6068359375, -52.5146484375, -0.1400390625])
array('d', [55.08203125, 0.6068359375, -52.5146484375, -0.1400390625])
array('d', [54.568554687500004, 0.0, -50.9275390625, 0.8869140625])
array('d', [54.6619140625, 0.8402343750000001, -51.627734375, 0.046679687500000004])
array('d', [54.6619140625, 0.8402343750000001, -51.627734375, 0.046679687500000004])
array('d', [53.58828125, -0.2333984375, -50.7875, -0.1400390625])
array('d', [54.8953125, -0.653515625, -51.627734375, -0.7468750000000001])
array('d', [55.2220703125, -0.466796875, -51.627734375, -0.3267578125])
array('d', [55.2220703125, -0.466796875, -51.627734375, -0.3267578125])
array('d', [54.801953125000004, 0.8402343750000001, -50.040625000000006, 0.1400390625])
array('d', [54.3818359375, -1.30703125, -52.5146484375, -0.7468750000000001])
array('d', [53.7283203125, 0.42011718750000004, -51.4876953125, -1.773828125])
array('d', [53.7283203125, 0.42011718750000004, -51.4876953125, -1.773828125])
array('d', [53.7283203125, -0.466796875, -51.1609375, 0.046679687500000004])
array('d', [55.45546875, -0.466796875, -51.72109375, 0.466796875])
array('d', [54.801953125000004, -0.466796875, -51.72109375, 0.466796875])
array('d', [54.801953125000004, -0.466796875, -51.72109375, 0.466796875])
array('d', [54.801953125000004, -0.466796875, -51.72109375, 0.466796875])
array('d', [55.2220703125, 0.0, -51.627734375, -0.7468750000000001])
array('d', [54.801953125000004, -0.2333984375, -51.627734375, -0.7468750000000001])
array('d', [54.521875, 0.8402343750000001, -51.907812500000006, 0.280078125])
array('d', [54.521875, 0.18671875000000002, -52.3279296875, 0.09335937500000001])
array('d', [54.521875, 0.18671875000000002, -52.748046875, -2.147265625])
array('d', [53.96171875, -0.466796875, -52.3279296875, 0.046679687500000004])
array('d', [53.96171875, -0.466796875, -52.3279296875, 0.046679687500000004])
array('d', [55.642187500000006, -0.2333984375, -51.1609375, 0.046679687500000004])
array('d', [55.642187500000006, -0.2333984375, -51.1609375, 0.280078125])
array('d', [55.175390625000006, 0.18671875000000002, -52.3279296875, 0.280078125])
array('d', [55.2220703125, 0.6068359375, -52.608007812500006, -0.3267578125])
array('d', [54.941992187500006, 0.0, -51.627734375, 0.8869140625])
array('d', [54.941992187500006, 0.0, -50.4607421875, 0.280078125])
array('d', [54.521875, 0.0, -50.4607421875, 0.280078125])
array('d', [54.1951171875, -1.1203125, -52.608007812500006, -0.7468750000000001])
array('d', [54.801953125000004, -0.8869140625, -52.3279296875, 0.046679687500000004])
array('d', [54.801953125000004, -0.8869140625, -52.3279296875, -0.1400390625])
array('d', [55.2220703125, -0.8869140625, -52.3279296875, -0.1400390625])
array('d', [55.5955078125, 0.18671875000000002, -52.467968750000004, 0.466796875])
array('d', [55.5955078125, 0.18671875000000002, -52.467968750000004, -0.8869140625])
array('d', [55.45546875, 0.6068359375, -52.3279296875, -0.8869140625])
array('d', [54.521875, 0.37343750000000003, -51.907812500000006, 0.8869140625])
array('d', [55.175390625000006, -1.4937500000000001, -51.4876953125, -0.8402343750000001])
array('d', [55.175390625000006, -1.4937500000000001, -51.907812500000006, 0.466796875])
array('d', [54.941992187500006, 0.0, -51.907812500000006, 0.466796875])
array('d', [54.801953125000004, 0.42011718750000004, -50.040625000000006, -0.3267578125])
array('d', [54.801953125000004, 0.37343750000000003, -51.4876953125, -0.56015625])
array('d', [53.96171875, 0.18671875000000002, -51.814453125, -0.56015625])
array('d', [53.96171875, 0.18671875000000002, -51.814453125, -0.56015625])
array('d', [55.035351562500004, 0.18671875000000002, -51.907812500000006, -0.3267578125])
array('d', [54.941992187500006, 0.6068359375, -49.760546875, 0.466796875])
array('d', [54.941992187500006, 0.18671875000000002, -51.4876953125, -0.7468750000000001])
array('d', [54.941992187500006, 0.18671875000000002, -51.4876953125, -0.56015625])
array('d', [54.615234375, 0.6068359375, -51.814453125, -0.56015625])
array('d', [55.735546875000004, 0.0, -52.3279296875, -0.1400390625])
array('d', [53.9150390625, -0.466796875, -51.907812500000006, 0.09335937500000001])
array('d', [53.9150390625, -0.466796875, -51.907812500000006, 0.09335937500000001])
array('d', [54.335156250000004, 0.6068359375, -50.600781250000004, 0.280078125])
array('d', [55.3154296875, 0.18671875000000002, -52.234570312500004, -0.3267578125])
array('d', [55.3154296875, 0.18671875000000002, -52.234570312500004, -0.3267578125])
array('d', [55.3154296875, 0.18671875000000002, -52.234570312500004, -0.3267578125])
array('d', [54.615234375, 0.18671875000000002, -50.9275390625, -0.1400390625])
array('d', [54.1951171875, -0.653515625, -52.467968750000004, -0.1400390625])
array('d', [54.1951171875, -0.653515625, -51.1609375, -0.1400390625])
array('d', [55.3154296875, 0.0, -51.1609375, -0.1400390625])
array('d', [54.475195312500006, 0.6068359375, -51.0208984375, 0.466796875])
array('d', [54.475195312500006, -0.466796875, -52.0478515625, 0.280078125])
array('d', [55.035351562500004, -0.466796875, -52.0478515625, 0.280078125])
array('d', [54.1951171875, 0.18671875000000002, -52.234570312500004, 0.046679687500000004])
array('d', [54.7552734375, 0.37343750000000003, -50.4607421875, 0.7468750000000001])
array('d', [54.7552734375, 0.37343750000000003, -50.4607421875, 0.09335937500000001])
array('d', [55.035351562500004, 1.0269531250000001, -51.627734375, 0.09335937500000001])
array('d', [54.941992187500006, 0.6068359375, -52.0478515625, 0.09335937500000001])
array('d', [54.335156250000004, -0.466796875, -51.907812500000006, 1.0736328125])
array('d', [54.335156250000004, -0.466796875, -51.1609375, -0.9802734375000001])
array('d', [54.335156250000004, -0.466796875, -51.1609375, -0.9802734375000001])
array('d', [54.1951171875, -1.4937500000000001, -52.0478515625, 0.466796875])
array('d', [55.035351562500004, 0.37343750000000003, -52.0478515625, 0.466796875])
array('d', [56.295703125, 0.8402343750000001, -51.907812500000006, 0.046679687500000004])
array('d', [54.055078125, 0.8402343750000001, -53.028125, -0.56015625])
array('d', [54.475195312500006, -0.8869140625, -51.627734375, -0.56015625])
array('d', [54.475195312500006, -0.466796875, -51.34765625, -0.37343750000000003])
array('d', [55.035351562500004, -0.466796875, -51.34765625, -0.37343750000000003])
array('d', [55.035351562500004, 0.18671875000000002, -51.300976562500004, 0.5134765625000001])
array('d', [54.335156250000004, -0.653515625, -51.627734375, 0.046679687500000004])
array('d', [54.335156250000004, -0.653515625, -51.907812500000006, 2.0072265625])
array('d', [55.035351562500004, -1.30703125, -51.907812500000006, 2.0072265625])
array('d', [54.615234375, 1.0269531250000001, -50.7875, -0.7935546875])
array('d', [54.7552734375, 0.8402343750000001, -52.234570312500004, -0.7935546875])
array('d', [54.7552734375, 0.8402343750000001, -52.234570312500004, -0.09335937500000001])
array('d', [54.7552734375, 0.8402343750000001, -52.234570312500004, -0.09335937500000001])
array('d', [54.7552734375, 0.8402343750000001, -52.234570312500004, -0.09335937500000001])
array('d', [54.7552734375, 0.8402343750000001, -52.234570312500004, -0.09335937500000001])
array('d', [54.7552734375, 0.8402343750000001, -52.234570312500004, -0.09335937500000001])
array('d', [54.7552734375, -0.653515625, -52.3279296875, -0.5134765625000001])
array('d', [54.475195312500006, -0.653515625, -51.907812500000006, -0.5134765625000001])
array('d', [55.175390625000006, -0.2333984375, -51.627734375, 0.280078125])
array('d', [55.175390625000006, 0.18671875000000002, -51.627734375, 0.7001953125])
array('d', [55.035351562500004, 0.18671875000000002, -51.627734375, 1.0736328125])
array('d', [54.008398437500006, -1.0736328125, -51.4876953125, 1.0736328125])
array('d', [54.615234375, 1.0269531250000001, -51.627734375, 0.466796875])
array('d', [54.615234375, 1.0269531250000001, -51.907812500000006, 1.2603515625000001])
array('d', [54.615234375, -0.466796875, -51.907812500000006, 1.2603515625000001])
array('d', [56.9958984375, 0.0, -51.907812500000006, -0.9802734375000001])
array('d', [55.735546875000004, 0.0, -52.3279296875, -0.9802734375000001])
array('d', [55.735546875000004, 0.0, -52.3279296875, 0.280078125])
array('d', [54.8953125, -0.466796875, -51.627734375, 0.280078125])
array('d', [57.5560546875, 2.5207031250000003, -52.608007812500006, -1.4470703125000002])
array('d', [57.5560546875, 2.5207031250000003, -52.608007812500006, -1.4470703125000002])
array('d', [57.4626953125, 3.4076171875, -53.96171875, -1.5404296875])
array('d', [57.4626953125, 3.17421875, -53.868359375000004, -2.707421875])
array('d', [57.69609375, 3.17421875, -53.868359375000004, -3.734375])
array('d', [57.742773437500006, 4.66796875, -55.45546875, -3.734375])
array('d', [58.9564453125, 4.5279296875, -56.1556640625, -4.2478515625])
array('d', [58.9564453125, 4.66796875, -57.509375000000006, -4.8080078125000005])
array('d', [59.609960937500006, 4.66796875, -57.509375000000006, -4.8080078125000005])
array('d', [60.310156250000006, 5.6482421875, -57.742773437500006, -4.5746093750000005])
array('d', [60.403515625000004, 6.3484375, -58.442968750000006, -5.6482421875])
array('d', [60.403515625000004, 6.3484375, -58.442968750000006, -6.3951171875])
array('d', [61.43046875, 6.16171875, -59.0498046875, -6.3951171875])
array('d', [62.3173828125, 7.888867187500001, -58.5830078125, -6.3951171875])
array('d', [62.3173828125, 8.449023437500001, -60.170117187500004, -7.888867187500001])
array('d', [64.1845703125, 8.869140625, -60.496875, -7.188671875000001])
array('d', [64.1845703125, 8.869140625, -60.496875, -7.188671875000001])
array('d', [65.2115234375, 9.1958984375, -60.310156250000006, -8.2623046875])
array('d', [64.698046875, 8.8224609375, -61.3837890625, -9.1025390625])
array('d', [64.698046875, 8.8224609375, -61.990625, -9.149218750000001])
array('d', [64.698046875, 8.8224609375, -61.990625, -9.149218750000001])
array('d', [64.698046875, 8.8224609375, -61.990625, -9.149218750000001])
array('d', [65.6783203125, 11.016406250000001, -61.990625, -9.149218750000001])
array('d', [65.72500000000001, 11.0630859375, -62.2240234375, -9.709375])
array('d', [66.28515625, 9.52265625, -61.523828125, -10.0361328125])
array('d', [66.28515625, 9.52265625, -62.644140625000006, -10.5962890625])
array('d', [67.0787109375, 11.76328125, -62.644140625000006, -10.5962890625])
array('d', [67.82558593750001, 12.5568359375, -62.877539062500006, -11.0630859375])
array('d', [68.3857421875, 13.3037109375, -63.484375, -11.669921875])
array('d', [68.3857421875, 13.3037109375, -63.484375, -11.669921875])
array('d', [68.3857421875, 13.3037109375, -63.484375, -11.669921875])
array('d', [68.3857421875, 13.3037109375, -63.484375, -11.669921875])
array('d', [68.619140625, 13.9572265625, -63.904492187500004, -12.4634765625])
array('d', [69.22597656250001, 15.077539062500001, -64.1845703125, -12.0900390625])
array('d', [69.22597656250001, 16.5712890625, -64.3712890625, -12.696875])
array('d', [70.0662109375, 16.5712890625, -65.444921875, -14.097265625])
array('d', [71.13984375, 15.450976562500001, -65.444921875, -14.097265625])
array('d', [71.2798828125, 16.5712890625, -65.631640625, -13.8638671875])
array('d', [71.2798828125, 16.5712890625, -65.631640625, -13.8638671875])
array('d', [71.2798828125, 16.5712890625, -65.631640625, -13.8638671875])
array('d', [71.2798828125, 16.5712890625, -65.631640625, -13.8638671875])
array('d', [71.2798828125, 16.5712890625, -65.631640625, -13.8638671875])
array('d', [71.7466796875, 16.9447265625, -65.95839843750001, -13.723828125])
array('d', [72.5869140625, 18.065039062500002, -66.6119140625, -15.217578125000001])
array('d', [72.5869140625, 18.065039062500002, -66.6119140625, -14.7974609375])
array('d', [73.100390625, 18.765234375000002, -67.1720703125, -14.7974609375])
array('d', [73.5205078125, 19.465429687500002, -68.245703125, -16.197851562500002])
array('d', [73.75390625, 20.165625000000002, -66.42519531250001, -16.4779296875])
array('d', [73.75390625, 20.165625000000002, -66.42519531250001, -16.4779296875])
array('d', [73.89394531250001, 19.0919921875, -70.673046875, -16.898046875000002])
array('d', [73.6138671875, 20.9591796875, -70.112890625, -16.99140625])
array('d', [77.11484375, 21.285937500000003, -70.15957031250001, -17.8783203125])
array('d', [77.11484375, 21.285937500000003, -70.953125, -18.11171875])
array('d', [76.22792968750001, 22.7796875, -70.953125, -18.11171875])
array('d', [76.274609375, 22.8263671875, -69.69277343750001, -18.765234375000002])
array('d', [76.36796875, 22.452929687500003, -70.3462890625, -20.2123046875])
array('d', [76.36796875, 22.452929687500003, -70.3462890625, -20.2123046875])
array('d', [77.16152343750001, 24.740234375, -71.51328125, -20.3056640625])
array('d', [77.16152343750001, 24.740234375, -71.4666015625, -18.6251953125])
array('d', [76.22792968750001, 24.180078125, -71.4666015625, -18.6251953125])
array('d', [76.22792968750001, 24.180078125, -71.4666015625, -18.6251953125])
array('d', [76.22792968750001, 24.180078125, -71.4666015625, -18.6251953125])
array('d', [77.48828125, 20.445703125, -72.63359375, -22.686328125000003])
array('d', [77.48828125, 24.180078125, -72.0734375, -22.686328125000003])
array('d', [77.675, 26.8408203125, -73.19375000000001, -21.986132812500003])
array('d', [77.675, 26.8408203125, -75.2009765625, -22.919726562500003])
array('d', [77.4416015625, 26.140625, -75.2009765625, -22.919726562500003])
array('d', [77.768359375, 26.047265625, -73.1470703125, -23.5732421875])
array('d', [79.02871093750001, 26.700781250000002, -75.5744140625, -23.5265625])
array('d', [79.02871093750001, 26.700781250000002, -75.5744140625, -23.5265625])
array('d', [78.7486328125, 27.3076171875, -75.154296875, -24.553515625000003])
array('d', [78.7486328125, 27.3076171875, -75.24765625, -24.2734375])
array('d', [78.515234375, 27.120898437500003, -75.24765625, -24.2734375])
array('d', [79.915625, 27.44765625, -75.714453125, -25.720507812500003])
array('d', [79.915625, 29.034765625000002, -76.9748046875, -24.926953125])
array('d', [80.3357421875, 29.3615234375, -77.021484375, -25.9072265625])
array('d', [80.3357421875, 29.3615234375, -77.021484375, -25.9072265625])
array('d', [80.47578125, 30.855273437500003, -77.021484375, -26.2806640625])
array('d', [80.9892578125, 31.18203125, -77.3015625, -27.400976562500002])
array('d', [81.502734375, 31.555468750000003, -77.675, -26.700781250000002])
array('d', [81.502734375, 31.555468750000003, -77.675, -26.700781250000002])
array('d', [81.9228515625, 32.3490234375, -78.141796875, -26.934179687500002])
array('d', [81.9228515625, 33.095898437500004, -78.56191406250001, -27.3076171875])
array('d', [82.0162109375, 33.095898437500004, -78.56191406250001, -27.3076171875])
array('d', [82.34296875000001, 34.2162109375, -78.8419921875, -27.634375000000002])
array('d', [81.82949218750001, 34.16953125, -77.9083984375, -27.0275390625])
array('d', [81.82949218750001, 34.16953125, -77.62832031250001, -27.727734375])
array('d', [81.0359375, 34.5896484375, -77.62832031250001, -27.727734375])
array('d', [81.22265625, 35.28984375, -79.16875, -29.454882812500003])
array('d', [81.689453125, 36.41015625, -79.2154296875, -28.754687500000003])
array('d', [81.689453125, 36.41015625, -79.3087890625, -29.968359375000002])
array('d', [81.689453125, 36.41015625, -79.3087890625, -29.968359375000002])
array('d', [81.689453125, 36.41015625, -79.3087890625, -29.968359375000002])
array('d', [81.9228515625, 37.15703125, -80.2890625, -29.688281250000003])
array('d', [83.50996093750001, 37.15703125, -80.2890625, -29.688281250000003])
array('d', [83.22988281250001, 37.90390625, -81.1759765625, -30.901953125000002])
array('d', [83.22988281250001, 37.90390625, -81.1759765625, -30.901953125000002])
array('d', [83.22988281250001, 37.90390625, -81.1759765625, -30.901953125000002])
array('d', [83.22988281250001, 37.90390625, -81.1759765625, -30.901953125000002])
array('d', [81.316015625, 5.3681640625, -78.98203125, -2.8941406250000004])
array('d', [82.80976562500001, -0.466796875, -78.98203125, 0.3267578125])
array('d', [82.80976562500001, -0.466796875, -78.60859375, -1.1669921875])
array('d', [82.80976562500001, 2.2873046875000003, -78.60859375, -1.1669921875])
array('d', [81.0826171875, -0.3267578125, -79.72890625000001, 0.56015625])
array('d', [81.12929687500001, 0.1400390625, -79.02871093750001, 1.8205078125])
array('d', [82.2029296875, -0.1400390625, -78.6552734375, 0.7001953125])
array('d', [82.2029296875, -0.1400390625, -78.6552734375, 0.7001953125])
array('d', [82.2029296875, -0.1400390625, -78.515234375, 0.3267578125])
array('d', [81.12929687500001, 0.6068359375, -78.515234375, 0.3267578125])
array('d', [81.36269531250001, -0.280078125, -79.02871093750001, -0.5134765625000001])
array('d', [81.36269531250001, -0.046679687500000004, -79.02871093750001, -0.0])
array('d', [81.36269531250001, 0.7468750000000001, -79.2154296875, -0.09335937500000001])
array('d', [81.36269531250001, 0.7468750000000001, -79.2154296875, 0.42011718750000004])
array('d', [82.436328125, 0.56015625, -79.2154296875, 0.42011718750000004])
array('d', [80.942578125, 0.1400390625, -78.9353515625, 0.3267578125])
array('d', [80.942578125, -0.466796875, -78.9353515625, -0.09335937500000001])
array('d', [81.36269531250001, -0.466796875, -78.9353515625, -0.09335937500000001])
array('d', [81.36269531250001, -0.466796875, -78.9353515625, -0.09335937500000001])
array('d', [81.36269531250001, -0.466796875, -78.9353515625, -0.09335937500000001])
array('d', [81.36269531250001, -0.466796875, -78.9353515625, -0.09335937500000001])
array('d', [81.36269531250001, -0.466796875, -78.9353515625, -0.09335937500000001])
array('d', [81.7828125, -0.280078125, -78.32851562500001, 0.3267578125])
array('d', [80.942578125, 0.56015625, -78.8419921875, 0.3267578125])
array('d', [82.2029296875, 0.1400390625, -79.02871093750001, 0.3267578125])
array('d', [82.2029296875, 0.1400390625, -79.02871093750001, 0.3267578125])
array('d', [81.59609375000001, 1.3537109375, -78.98203125, 0.3267578125])
array('d', [81.59609375000001, 0.56015625, -78.7486328125, -0.653515625])
array('d', [80.7091796875, 0.56015625, -78.98203125, -0.09335937500000001])
array('d', [80.7091796875, 0.56015625, -78.98203125, -0.09335937500000001])
array('d', [80.7091796875, 0.56015625, -78.98203125, -0.09335937500000001])
array('d', [80.7091796875, 0.1400390625, -78.98203125, -0.2333984375])
array('d', [80.7091796875, 0.653515625, -79.1220703125, 0.93359375])
array('d', [81.82949218750001, 0.653515625, -79.1220703125, 0.93359375])
array('d', [81.82949218750001, 0.653515625, -79.1220703125, 0.93359375])
array('d', [82.2029296875, 0.56015625, -78.8419921875, 0.42011718750000004])
array('d', [81.409375, 0.1400390625, -78.56191406250001, 0.42011718750000004])
array('d', [82.80976562500001, 0.2333984375, -78.2818359375, -0.0])
array('d', [82.80976562500001, 0.0, -78.701953125, 0.18671875000000002])
array('d', [80.9892578125, 0.0, -78.701953125, 0.18671875000000002])
array('d', [80.755859375, -0.18671875000000002, -78.701953125, -0.653515625])
array('d', [81.1759765625, 1.0269531250000001, -78.515234375, -0.653515625])
array('d', [81.1759765625, 1.0269531250000001, -78.515234375, -0.653515625])
array('d', [81.1759765625, 1.0269531250000001, -78.515234375, -0.653515625])
array('d', [81.1759765625, -0.280078125, -78.56191406250001, 0.3267578125])
array('d', [80.8025390625, -0.280078125, -78.56191406250001, 0.42011718750000004])
array('d', [80.66250000000001, 0.7935546875, -78.421875, 0.42011718750000004])
array('d', [81.0359375, 0.0, -78.701953125, -0.09335937500000001])
array('d', [81.7828125, 0.09335937500000001, -78.3751953125, 0.3267578125])
array('d', [81.7828125, 0.09335937500000001, -78.3751953125, -0.42011718750000004])
array('d', [81.22265625, 0.466796875, -79.4021484375, -0.42011718750000004])
array('d', [81.6427734375, -0.3267578125, -78.421875, -0.56015625])
array('d', [81.6427734375, 0.56015625, -78.79531250000001, 0.5134765625000001])
array('d', [82.29628906250001, 0.56015625, -78.79531250000001, 0.5134765625000001])
array('d', [81.876171875, 0.56015625, -78.2818359375, -0.0])
array('d', [81.12929687500001, -0.653515625, -78.141796875, 1.2603515625000001])
array('d', [81.12929687500001, -0.653515625, -78.141796875, 0.42011718750000004])
array('d', [82.34296875000001, -0.3267578125, -78.32851562500001, 0.42011718750000004])
array('d', [81.9228515625, -0.3267578125, -78.6552734375, -0.42011718750000004])
array('d', [81.9228515625, -0.3267578125, -78.6552734375, -0.42011718750000004])
array('d', [81.1759765625, -0.37343750000000003, -78.888671875, 0.18671875000000002])
array('d', [82.57636718750001, 0.653515625, -79.2154296875, -0.09335937500000001])
array('d', [82.57636718750001, 0.653515625, -79.2154296875, -0.09335937500000001])
array('d', [81.7828125, 0.466796875, -79.2154296875, -0.0])
array('d', [81.82949218750001, 0.7468750000000001, -78.56191406250001, -0.0])
array('d', [81.82949218750001, 0.7468750000000001, -78.4685546875, 0.8402343750000001])
array('d', [81.82949218750001, 0.7468750000000001, -78.4685546875, 0.8402343750000001])
array('d', [81.82949218750001, 0.7468750000000001, -78.4685546875, 0.8402343750000001])
array('d', [81.0826171875, -0.7468750000000001, -78.4685546875, 0.8402343750000001])
array('d', [81.0826171875, -0.3267578125, -78.7486328125, 0.18671875000000002])
array('d', [81.7828125, 0.1400390625, -78.421875, 0.18671875000000002])
array('d', [81.7828125, 0.1400390625, -78.421875, 0.5134765625000001])
array('d', [80.942578125, 0.56015625, -78.421875, 0.5134765625000001])
array('d', [81.5494140625, 0.280078125, -78.421875, 0.3267578125])
array('d', [81.316015625, 0.6068359375, -78.60859375, -0.653515625])
array('d', [81.316015625, -0.3267578125, -78.79531250000001, -0.653515625])
array('d', [80.89589843750001, -0.3267578125, -78.79531250000001, -0.653515625])
array('d', [81.2693359375, 0.1400390625, -78.32851562500001, -1.400390625])
array('d', [81.1759765625, 0.1400390625, -78.23515625, -0.653515625])
array('d', [81.1759765625, 0.18671875000000002, -78.2818359375, 0.42011718750000004])
array('d', [82.15625, 0.18671875000000002, -78.2818359375, 0.42011718750000004])
array('d', [82.15625, -0.8402343750000001, -78.4685546875, 0.7001953125])
array('d', [80.8025390625, 0.0, -78.60859375, 0.1400390625])
array('d', [80.8025390625, 0.0, -78.421875, -0.2333984375])
array('d', [81.22265625, -0.7001953125, -78.421875, -0.2333984375])
array('d', [81.82949218750001, -0.3267578125, -78.421875, -0.1400390625])
array('d', [80.9892578125, -0.3267578125, -78.515234375, 0.18671875000000002])
array('d', [80.9892578125, -0.3267578125, -78.6552734375, -0.0])
array('d', [82.34296875000001, -0.280078125, -78.6552734375, -0.0])
array('d', [80.8025390625, 0.466796875, -78.23515625, 0.9802734375000001])
array('d', [80.8025390625, 0.9802734375000001, -78.515234375, 0.3267578125])
array('d', [81.409375, 0.9802734375000001, -78.515234375, 0.3267578125])
array('d', [81.5494140625, 1.0736328125, -78.701953125, -0.0])
array('d', [81.502734375, -0.3267578125, -78.701953125, -0.42011718750000004])
array('d', [81.502734375, -0.3267578125, -78.0484375, 0.9802734375000001])
array('d', [81.409375, -0.3267578125, -78.0484375, 0.9802734375000001])
array('d', [81.5494140625, 0.09335937500000001, -78.515234375, 0.9802734375000001])
array('d', [81.5494140625, 0.09335937500000001, -78.515234375, 0.9802734375000001])
array('d', [81.5494140625, 0.09335937500000001, -78.515234375, 0.9802734375000001])
array('d', [80.9892578125, 2.6140625, -78.23515625, -0.1400390625])
array('d', [80.9892578125, 0.09335937500000001, -78.23515625, 0.3267578125])
array('d', [81.409375, 0.09335937500000001, -78.23515625, 0.3267578125])
array('d', [81.12929687500001, 0.09335937500000001, -78.9353515625, 1.1203125])
array('d', [81.59609375000001, 0.1400390625, -78.421875, -0.2333984375])
array('d', [81.59609375000001, 0.1400390625, -78.4685546875, -0.0])
array('d', [82.6697265625, 0.0, -78.4685546875, -0.0])
array('d', [82.249609375, 0.18671875000000002, -78.6552734375, 1.5404296875])
array('d', [81.12929687500001, 0.1400390625, -78.23515625, -0.0])
array('d', [81.12929687500001, 0.1400390625, -78.23515625, -0.56015625])
array('d', [82.06289062500001, 0.56015625, -78.701953125, -0.56015625])
array('d', [80.9892578125, 0.653515625, -78.23515625, 0.1400390625])
array('d', [81.316015625, 0.653515625, -78.4685546875, 0.42011718750000004])
array('d', [81.316015625, 0.653515625, -78.4685546875, 0.42011718750000004])
array('d', [81.316015625, -0.37343750000000003, -78.6552734375, 0.42011718750000004])
array('d', [82.15625, 1.0269531250000001, -78.23515625, 0.42011718750000004])
array('d', [80.942578125, 0.1400390625, -78.701953125, 0.7001953125])
array('d', [80.84921875, -0.280078125, -78.701953125, 0.42011718750000004])
array('d', [80.84921875, 0.2333984375, -78.4685546875, 0.8869140625])
array('d', [81.1759765625, 0.2333984375, -78.4685546875, 0.8869140625])
array('d', [81.7361328125, 0.2333984375, -78.4685546875, 0.8869140625])
array('d', [81.7361328125, -0.18671875000000002, -78.56191406250001, -0.42011718750000004])
array('d', [80.755859375, -0.18671875000000002, -78.56191406250001, -0.42011718750000004])
array('d', [81.82949218750001, 0.18671875000000002, -78.60859375, -0.0])
array('d', [81.2693359375, -0.7001953125, -77.86171875000001, 1.0269531250000001])
array('d', [81.2693359375, 0.56015625, -78.56191406250001, -0.0])
array('d', [81.502734375, 0.56015625, -78.56191406250001, -0.0])
array('d', [80.47578125, 0.09335937500000001, -78.0017578125, -0.7001953125])
array('d', [80.47578125, 0.09335937500000001, -78.0017578125, -0.7001953125])
array('d', [80.47578125, 0.09335937500000001, -78.0017578125, -0.7001953125])
array('d', [80.47578125, 0.09335937500000001, -78.0017578125, -0.7001953125])
array('d', [80.8025390625, 0.1400390625, -77.86171875000001, 1.4470703125000002])
array('d', [80.8025390625, 0.5134765625000001, -78.3751953125, 0.466796875])
array('d', [80.8025390625, 0.5134765625000001, -78.3751953125, 0.466796875])
array('d', [80.8025390625, 0.5134765625000001, -78.3751953125, 0.466796875])
array('d', [80.8025390625, 0.5134765625000001, -78.3751953125, 0.466796875])
array('d', [80.8025390625, 0.5134765625000001, -78.3751953125, 0.466796875])
array('d', [80.7091796875, -0.56015625, -78.3751953125, 1.4470703125000002])
array('d', [81.409375, -0.7001953125, -78.4685546875, 1.4470703125000002])
array('d', [81.7828125, 0.5134765625000001, -78.09511718750001, 0.7468750000000001])
array('d', [81.7828125, -0.280078125, -78.56191406250001, 0.466796875])
array('d', [82.34296875000001, -0.280078125, -78.56191406250001, 0.466796875])
array('d', [80.42910156250001, 0.1400390625, -78.1884765625, -1.587109375])
array('d', [80.8025390625, 0.09335937500000001, -78.1884765625, -0.56015625])
array('d', [80.8025390625, 0.09335937500000001, -78.1884765625, -0.56015625])
array('d', [81.7828125, 0.1400390625, -78.4685546875, -0.7468750000000001])
array('d', [81.7828125, 0.1400390625, -78.4685546875, -0.37343750000000003])
array('d', [82.0162109375, 0.09335937500000001, -78.4685546875, -0.37343750000000003])
array('d', [81.6427734375, -0.2333984375, -78.09511718750001, -0.7468750000000001])
array('d', [80.755859375, 1.30703125, -78.23515625, -0.7468750000000001])
array('d', [80.755859375, 1.30703125, -78.23515625, 0.046679687500000004])
array('d', [80.942578125, -0.280078125, -78.6552734375, 0.046679687500000004])
array('d', [80.942578125, -0.280078125, -78.6552734375, 0.046679687500000004])
array('d', [80.942578125, -0.280078125, -78.6552734375, 0.046679687500000004])
array('d', [80.84921875, -0.280078125, -78.23515625, -0.56015625])
array('d', [81.0359375, 0.18671875000000002, -78.32851562500001, -0.7468750000000001])
array('d', [80.42910156250001, -1.0736328125, -78.1884765625, -0.280078125])
array('d', [80.42910156250001, -1.0736328125, -78.1884765625, -0.280078125])
array('d', [80.42910156250001, -1.0736328125, -78.1884765625, -0.280078125])
array('d', [80.42910156250001, -1.0736328125, -78.1884765625, -0.280078125])
array('d', [80.42910156250001, -1.0736328125, -78.1884765625, -0.280078125])
array('d', [81.59609375000001, 0.5134765625000001, -78.0484375, 0.280078125])
array('d', [81.59609375000001, 0.5134765625000001, -78.0484375, 0.280078125])
array('d', [80.9892578125, 0.09335937500000001, -78.0484375, 0.466796875])
array('d', [81.409375, 0.046679687500000004, -78.0484375, 0.466796875])
array('d', [81.409375, 0.046679687500000004, -78.0484375, 0.466796875])
array('d', [81.409375, 0.046679687500000004, -78.32851562500001, 0.09335937500000001])
array('d', [81.2693359375, 0.09335937500000001, -78.0484375, 0.466796875])
array('d', [81.6427734375, 0.466796875, -78.0484375, 0.466796875])
array('d', [81.6427734375, 0.466796875, -78.0484375, 0.466796875])
array('d', [80.84921875, 0.09335937500000001, -78.515234375, 0.2333984375])
array('d', [80.84921875, -0.3267578125, -78.0484375, -0.37343750000000003])
array('d', [80.84921875, -0.3267578125, -78.0484375, 0.653515625])
array('d', [80.66250000000001, -0.3267578125, -78.0484375, 0.653515625])
array('d', [80.66250000000001, -0.3267578125, -78.0484375, 0.653515625])
array('d', [80.66250000000001, -0.3267578125, -78.0484375, 0.653515625])
array('d', [80.66250000000001, -0.3267578125, -78.0484375, 0.653515625])
array('d', [80.84921875, 0.1400390625, -78.0017578125, -0.1400390625])
array('d', [80.84921875, 0.1400390625, -78.0017578125, 0.466796875])
array('d', [82.15625, -0.280078125, -78.09511718750001, 0.466796875])
array('d', [80.66250000000001, 0.5134765625000001, -77.7216796875, 0.280078125])
array('d', [80.66250000000001, 0.466796875, -77.62832031250001, -0.5134765625000001])
array('d', [81.6427734375, 0.466796875, -77.62832031250001, -0.5134765625000001])
array('d', [80.755859375, 0.1400390625, -78.3751953125, 0.046679687500000004])
array('d', [80.755859375, 0.1400390625, -78.3751953125, 0.046679687500000004])
array('d', [80.755859375, 0.1400390625, -78.3751953125, 0.046679687500000004])
array('d', [80.755859375, 0.1400390625, -78.3751953125, 0.046679687500000004])
array('d', [80.84921875, -0.280078125, -77.768359375, 0.653515625])
array('d', [81.1759765625, -0.280078125, -78.2818359375, -0.5134765625000001])
array('d', [81.1759765625, -0.280078125, -78.2818359375, -0.5134765625000001])
array('d', [81.1759765625, -0.280078125, -78.2818359375, -0.5134765625000001])
array('d', [81.1759765625, -0.280078125, -78.2818359375, -0.5134765625000001])
array('d', [81.36269531250001, -0.2333984375, -78.32851562500001, 0.7001953125])
array('d', [81.0359375, -0.280078125, -78.515234375, -0.7935546875])
array('d', [81.876171875, 0.5134765625000001, -77.3015625, 0.09335937500000001])
array('d', [81.876171875, -0.280078125, -77.48828125, -0.56015625])
array('d', [81.5494140625, -0.280078125, -77.48828125, 1.1203125])
array('d', [80.6158203125, 0.1400390625, -77.62832031250001, 1.1203125])
array('d', [80.89589843750001, 0.1400390625, -78.0017578125, 0.280078125])
array('d', [81.502734375, 0.466796875, -77.9083984375, 0.046679687500000004])
array('d', [81.502734375, 0.466796875, -77.9083984375, 0.280078125])
array('d', [81.12929687500001, 0.5134765625000001, -77.9083984375, 0.046679687500000004])
array('d', [81.96953125, 0.8402343750000001, -77.9083984375, 0.046679687500000004])
array('d', [81.12929687500001, 0.1400390625, -77.39492187500001, 0.7001953125])
array('d', [81.409375, 0.1400390625, -77.3015625, 0.5134765625000001])
array('d', [81.409375, 0.1400390625, -77.3015625, -1.0269531250000001])
array('d', [81.0359375, 1.4470703125000002, -77.5349609375, -0.3267578125])
array('d', [81.502734375, 0.09335937500000001, -78.56191406250001, -0.3267578125])
array('d', [80.942578125, -0.2333984375, -77.8150390625, 0.046679687500000004])
array('d', [81.82949218750001, -0.6068359375, -78.4685546875, 0.046679687500000004])
array('d', [81.82949218750001, -0.6068359375, -78.4685546875, 0.046679687500000004])
array('d', [81.82949218750001, 0.09335937500000001, -77.021484375, 0.5134765625000001])
array('d', [81.82949218750001, -0.2333984375, -76.92812500000001, 0.5134765625000001])
array('d', [81.0359375, -0.2333984375, -76.92812500000001, 0.5134765625000001])
array('d', [81.0359375, -0.2333984375, -76.92812500000001, 0.5134765625000001])
array('d', [81.0359375, -0.2333984375, -76.92812500000001, 0.5134765625000001])
array('d', [81.0359375, -0.2333984375, -76.92812500000001, 0.5134765625000001])
array('d', [81.876171875, 0.1400390625, -77.3015625, -0.1400390625])
array('d', [81.502734375, -0.93359375, -77.675, -0.6068359375])
array('d', [81.502734375, -0.93359375, -77.7216796875, 0.37343750000000003])
array('d', [81.502734375, -0.93359375, -77.7216796875, 0.37343750000000003])
array('d', [81.502734375, -0.93359375, -77.7216796875, 0.37343750000000003])
array('d', [81.502734375, -0.93359375, -77.7216796875, 0.37343750000000003])
array('d', [81.409375, -0.56015625, -76.9748046875, 0.5134765625000001])
array('d', [81.409375, -0.56015625, -77.4416015625, -0.6068359375])
array('d', [81.409375, -0.6068359375, -77.4416015625, -0.6068359375])
array('d', [81.409375, 0.8869140625, -77.955078125, 0.09335937500000001])
array('d', [81.36269531250001, -0.18671875000000002, -76.8814453125, 0.09335937500000001])
array('d', [81.36269531250001, -0.18671875000000002, -76.8814453125, 0.09335937500000001])
array('d', [80.66250000000001, 0.37343750000000003, -77.62832031250001, -0.6068359375])
array('d', [81.502734375, -0.2333984375, -77.955078125, 0.280078125])
array('d', [80.942578125, -0.5134765625000001, -76.648046875, 0.37343750000000003])
array('d', [81.689453125, -0.18671875000000002, -76.7880859375, 1.1203125])
array('d', [81.689453125, -0.18671875000000002, -76.7880859375, 1.1203125])
array('d', [81.82949218750001, 0.280078125, -77.3482421875, -0.8869140625])
array('d', [81.6427734375, -0.2333984375, -77.0681640625, -0.42011718750000004])
array('d', [81.36269531250001, 0.42011718750000004, -77.16152343750001, -0.42011718750000004])
array('d', [81.36269531250001, 0.42011718750000004, -77.16152343750001, -0.42011718750000004])
array('d', [81.36269531250001, 0.42011718750000004, -77.16152343750001, -0.42011718750000004])
array('d', [81.36269531250001, 0.42011718750000004, -77.16152343750001, -1.1203125])
array('d', [80.942578125, -0.7468750000000001, -77.4416015625, -0.18671875000000002])
array('d', [81.7828125, -0.18671875000000002, -78.3751953125, -0.046679687500000004])
array('d', [81.7828125, -0.18671875000000002, -78.3751953125, -0.046679687500000004])
array('d', [81.7828125, -0.18671875000000002, -78.3751953125, -0.046679687500000004])
array('d', [81.7828125, -0.18671875000000002, -78.3751953125, -0.046679687500000004])
array('d', [81.7828125, -0.18671875000000002, -78.3751953125, -0.046679687500000004])
array('d', [81.689453125, 0.0, -77.021484375, 0.7935546875])
array('d', [80.89589843750001, -0.2333984375, -77.581640625, 0.5134765625000001])
array('d', [80.89589843750001, -0.2333984375, -77.581640625, 0.5134765625000001])
array('d', [81.2693359375, 0.09335937500000001, -77.581640625, 0.5134765625000001])
array('d', [81.2693359375, 0.09335937500000001, -77.581640625, 0.5134765625000001])
array('d', [81.2693359375, 0.09335937500000001, -77.581640625, 0.5134765625000001])
array('d', [81.689453125, -0.37343750000000003, -77.3482421875, 0.09335937500000001])
array('d', [81.689453125, -0.37343750000000003, -77.3482421875, 0.09335937500000001])
array('d', [81.5494140625, -0.2333984375, -77.7216796875, -1.587109375])
array('d', [82.15625, -0.2333984375, -77.2548828125, 0.09335937500000001])
array('d', [82.15625, -0.37343750000000003, -77.2548828125, 0.56015625])
array('d', [81.36269531250001, 0.280078125, -76.834765625, 0.56015625])
array('d', [80.47578125, -0.9802734375000001, -77.2548828125, 1.0736328125])
array('d', [80.47578125, 0.18671875000000002, -76.22792968750001, 0.5134765625000001])
array('d', [81.2693359375, 0.18671875000000002, -76.22792968750001, 0.5134765625000001])
array('d', [81.22265625, -0.046679687500000004, -77.768359375, -0.18671875000000002])
array('d', [81.7828125, -0.2333984375, -77.021484375, 0.09335937500000001])
array('d', [81.7828125, -0.2333984375, -77.021484375, 0.09335937500000001])
array('d', [81.7828125, -0.2333984375, -77.021484375, 0.09335937500000001])
array('d', [81.7828125, -0.2333984375, -77.021484375, 0.09335937500000001])
array('d', [82.9498046875, 0.8869140625, -78.32851562500001, 0.09335937500000001])
array('d', [82.9498046875, 0.8869140625, -78.32851562500001, -2.147265625])
array('d', [83.3232421875, 1.8671875, -79.35546875, -2.147265625])
array('d', [83.3232421875, 1.8671875, -79.35546875, -2.147265625])
array('d', [83.3232421875, 1.8671875, -79.35546875, -2.147265625])
array('d', [83.3232421875, 1.8671875, -79.35546875, -2.147265625])
array('d', [84.86367187500001, 3.54765625, -79.8689453125, -2.5207031250000003])
array('d', [84.86367187500001, 3.267578125, -81.12929687500001, -2.4740234375])
array('d', [84.5369140625, 4.2478515625, -81.22265625, -3.8744140625])
array('d', [84.5369140625, 4.2478515625, -81.22265625, -3.8744140625])
array('d', [85.56386718750001, 4.5746093750000005, -80.89589843750001, -3.2208984375000003])
array('d', [85.983984375, 4.2478515625, -81.689453125, -3.9210937500000003])
array('d', [85.983984375, 4.2478515625, -81.689453125, -3.9210937500000003])
array('d', [85.983984375, 4.2478515625, -81.689453125, -3.9210937500000003])
array('d', [85.983984375, 4.2478515625, -81.689453125, -3.9210937500000003])
array('d', [86.07734375000001, 5.41484375, -83.22988281250001, -4.5746093750000005])
array('d', [86.6375, 5.9750000000000005, -83.22988281250001, -4.5746093750000005])
array('d', [86.6375, 6.3951171875, -82.71640625, -4.7146484375])
array('d', [86.6375, 6.3951171875, -83.6033203125, -5.694921875])
array('d', [86.6375, 7.1419921875000005, -83.6033203125, -5.694921875])
array('d', [87.3376953125, 6.815234375, -83.46328125000001, -7.562109375])
array('d', [86.82421875, 6.8619140625, -85.09707031250001, -7.562109375])
array('d', [86.82421875, 6.8619140625, -85.0037109375, -7.562109375])
array('d', [88.224609375, 7.935546875, -85.0037109375, -7.562109375])
array('d', [87.66445312500001, 8.2623046875, -85.61054687500001, -7.935546875])
array('d', [88.17792968750001, 8.77578125, -86.73085937500001, -8.308984375])
array('d', [88.17792968750001, 8.308984375, -87.01093750000001, -10.642968750000001])
array('d', [89.2048828125, 8.308984375, -87.01093750000001, -9.1025390625])
array('d', [87.47773437500001, 10.2228515625, -87.1509765625, -9.1025390625])
array('d', [88.59804687500001, 10.26953125, -87.8044921875, -9.802734375])
array('d', [88.59804687500001, 10.26953125, -88.784765625, -10.26953125])
array('d', [88.64472656250001, 10.26953125, -88.784765625, -10.26953125])
array('d', [88.5513671875, 11.716601562500001, -87.47773437500001, -9.849414062500001])
array('d', [88.31796875, 11.109765625000001, -87.7578125, -10.2228515625])
array('d', [88.31796875, 11.109765625000001, -89.53164062500001, -11.76328125])
array('d', [89.4849609375, 11.950000000000001, -89.53164062500001, -11.76328125])
array('d', [89.4849609375, 11.950000000000001, -89.53164062500001, -11.76328125])
array('d', [89.4849609375, 11.950000000000001, -89.53164062500001, -11.76328125])
array('d', [88.17792968750001, 13.443750000000001, -88.36464843750001, -11.109765625000001])
array('d', [88.224609375, 12.13671875, -89.2515625, -11.9033203125])
array('d', [87.3376953125, 14.283984375000001, -88.41132812500001, -12.603515625])
array('d', [87.3376953125, 14.283984375000001, -88.41132812500001, -12.603515625])
array('d', [87.3376953125, 14.283984375000001, -88.41132812500001, -12.603515625])
array('d', [87.3376953125, 14.283984375000001, -88.41132812500001, -12.603515625])
array('d', [88.5513671875, 13.677148437500001, -89.43828125, -11.5298828125])
array('d', [86.8708984375, 14.9375, -89.43828125, -12.696875])
array('d', [86.8708984375, 14.9375, -89.905078125, -13.3037109375])
array('d', [87.851171875, 14.750781250000001, -89.905078125, -13.3037109375])
array('d', [87.66445312500001, 17.084765625, -90.46523437500001, -13.163671875])
array('d', [87.9912109375, 15.8244140625, -90.23183593750001, -13.4904296875])
array('d', [87.9912109375, 17.3181640625, -89.8583984375, -13.817187500000001])
array('d', [87.104296875, 17.3181640625, -89.8583984375, -14.00390625])
array('d', [87.1509765625, 17.3181640625, -90.04511718750001, -14.00390625])
array('d', [86.917578125, 18.1583984375, -89.6716796875, -14.4240234375])
array('d', [86.917578125, 18.8119140625, -90.46523437500001, -15.077539062500001])
array('d', [85.890625, 18.8119140625, -90.46523437500001, -15.077539062500001])
array('d', [85.33046875000001, 19.698828125000002, -92.37910156250001, -14.984179687500001])
array('d', [86.45078125, 19.2787109375, -91.67890625000001, -15.8244140625])
array('d', [85.423828125, 19.2787109375, -91.585546875, -16.524609375])
array('d', [85.423828125, 19.2787109375, -91.585546875, -16.711328125])
array('d', [86.2173828125, 20.35234375, -91.4921875, -16.711328125])
array('d', [86.2173828125, 20.35234375, -91.4921875, -16.711328125])
array('d', [86.2173828125, 20.35234375, -91.4921875, -16.711328125])
array('d', [86.2173828125, 20.35234375, -91.4921875, -16.711328125])
array('d', [86.03066406250001, 20.585742187500003, -92.14570312500001, -17.178125])
array('d', [85.423828125, 22.266210937500002, -91.585546875, -17.6916015625])
array('d', [86.31074218750001, 21.84609375, -91.585546875, -17.6916015625])
array('d', [86.03066406250001, 22.032812500000002, -92.56582031250001, -18.6251953125])
array('d', [87.01093750000001, 22.452929687500003, -94.573046875, -17.598242187500002])
array('d', [87.89785156250001, 23.1064453125, -95.506640625, -20.0255859375])
array('d', [87.5244140625, 22.919726562500003, -94.8064453125, -21.005859375])
array('d', [87.5244140625, 23.5732421875, -95.4599609375, -18.951953125])
array('d', [88.69140625, 23.5732421875, -95.4599609375, -20.632421875000002])
array('d', [87.8044921875, 25.39375, -95.506640625, -20.632421875000002])
array('d', [89.11152343750001, 25.020312500000003, -96.4869140625, -20.9591796875])
array('d', [88.64472656250001, 24.833593750000002, -95.9267578125, -21.4259765625])
array('d', [89.34492187500001, 26.700781250000002, -96.8603515625, -21.2392578125])
array('d', [89.34492187500001, 26.047265625, -96.2068359375, -21.1458984375])
array('d', [89.43828125, 26.047265625, -96.2068359375, -21.47265625])
array('d', [90.1384765625, 28.0078125, -96.81367187500001, -22.3595703125])
array('d', [89.0181640625, 28.4279296875, -96.53359375000001, -23.0130859375])
array('d', [85.9373046875, 29.734960937500002, -96.7203125, -23.2931640625])
array('d', [85.9373046875, 29.734960937500002, -96.7203125, -23.2931640625])
array('d', [84.86367187500001, 30.155078125000003, -96.34687500000001, -22.686328125000003])
array('d', [85.7505859375, 31.0419921875, -97.70058593750001, -22.0794921875])
array('d', [85.7505859375, 31.0419921875, -98.0740234375, -22.0794921875])
array('d', [85.7505859375, 31.0419921875, -98.0740234375, -22.0794921875])
array('d', [84.8169921875, 31.2287109375, -98.0740234375, -22.266210937500002])
array('d', [83.50996093750001, 32.115625, -96.9537109375, -21.566015625000002])
array('d', [84.2568359375, 31.648828125, -97.1404296875, -23.386523437500003])
array('d', [84.2568359375, 31.648828125, -97.1404296875, -24.366796875000002])
array('d', [86.6375, 31.8822265625, -98.44746093750001, -24.366796875000002])
array('d', [84.86367187500001, 4.761328125, -98.307421875, -25.487109375000003])
array('d', [85.37714843750001, 2.147265625, -98.307421875, -25.487109375000003])
array('d', [85.37714843750001, 2.147265625, -98.307421875, -25.487109375000003])
array('d', [85.37714843750001, 2.147265625, -96.53359375000001, 0.37343750000000003])
array('d', [86.26406250000001, 3.5943359375000004, -96.53359375000001, 0.37343750000000003])
array('d', [86.917578125, 0.56015625, -95.4599609375, 0.046679687500000004])
array('d', [86.917578125, 0.56015625, -95.4599609375, 0.046679687500000004])
array('d', [86.917578125, 0.56015625, -95.4599609375, 0.046679687500000004])
array('d', [85.050390625, 0.8869140625, -93.31269531250001, 0.653515625])
array('d', [84.3501953125, 2.0539062500000003, -91.5388671875, 1.1669921875])
array('d', [85.1904296875, 1.587109375, -93.03261718750001, 0.280078125])
array('d', [85.1904296875, 1.587109375, -93.03261718750001, 0.280078125])
array('d', [85.4705078125, 0.56015625, -95.13320312500001, 1.3537109375])
array('d', [85.1904296875, 1.3537109375, -94.8064453125, 0.2333984375])
array('d', [85.4705078125, 1.2603515625000001, -94.10625, 0.1400390625])
array('d', [85.4705078125, 1.2603515625000001, -94.10625, 0.1400390625])
array('d', [85.4705078125, 1.2603515625000001, -94.10625, 0.1400390625])
array('d', [86.07734375000001, 0.7935546875, -94.0595703125, -0.2333984375])
array('d', [85.1904296875, 0.7001953125, -94.10625, -0.6068359375])
array('d', [85.1904296875, -0.56015625, -94.0595703125, -0.56015625])
array('d', [84.86367187500001, -0.56015625, -93.49941406250001, 0.18671875000000002])
array('d', [85.09707031250001, 0.1400390625, -94.01289062500001, -0.93359375])
array('d', [86.07734375000001, -0.1400390625, -93.6861328125, -0.56015625])
array('d', [86.07734375000001, 0.42011718750000004, -93.77949218750001, 0.56015625])
array('d', [84.21015625000001, 0.0, -93.77949218750001, 1.30703125])
array('d', [84.21015625000001, 0.0, -93.8728515625, -0.1400390625])
array('d', [85.237109375, -0.280078125, -93.8728515625, -0.1400390625])
array('d', [84.86367187500001, -0.42011718750000004, -94.6197265625, 0.18671875000000002])
array('d', [85.237109375, 0.0, -92.9392578125, -0.18671875000000002])
array('d', [84.86367187500001, -0.5134765625000001, -94.01289062500001, -0.18671875000000002])
array('d', [85.33046875000001, -0.18671875000000002, -92.519140625, -0.18671875000000002])
array('d', [84.5369140625, -0.1400390625, -93.5927734375, 0.56015625])
array('d', [85.79726562500001, -0.3267578125, -93.826171875, 0.18671875000000002])
array('d', [84.5369140625, -0.3267578125, -94.573046875, -0.1400390625])
array('d', [85.1904296875, 0.280078125, -93.6861328125, -0.18671875000000002])
array('d', [85.7505859375, 0.280078125, -93.77949218750001, -0.09335937500000001])
array('d', [85.6572265625, -0.046679687500000004, -93.77949218750001, -0.09335937500000001])
array('d', [85.6572265625, -0.046679687500000004, -93.77949218750001, -0.09335937500000001])
array('d', [85.6572265625, -0.046679687500000004, -93.77949218750001, -0.09335937500000001])
array('d', [85.6572265625, 0.18671875000000002, -94.6197265625, -1.213671875])
array('d', [85.6572265625, 0.18671875000000002, -92.79921875000001, -0.280078125])
array('d', [84.21015625000001, 0.1400390625, -92.79921875000001, -0.280078125])
array('d', [85.33046875000001, 0.37343750000000003, -92.84589843750001, 0.8869140625])
array('d', [85.5171875, -0.280078125, -94.3396484375, 0.2333984375])
array('d', [85.5171875, -0.280078125, -94.3396484375, 0.2333984375])
array('d', [80.42910156250001, 0.046679687500000004, -92.42578125, 1.587109375])
array('d', [86.31074218750001, -0.653515625, -93.639453125, -0.18671875000000002])
array('d', [85.4705078125, -0.3267578125, -93.639453125, -0.18671875000000002])
array('d', [85.4705078125, -0.3267578125, -92.42578125, 0.1400390625])
array('d', [84.490234375, 0.466796875, -92.84589843750001, 0.93359375])
array('d', [84.63027343750001, 0.046679687500000004, -92.84589843750001, 0.93359375])
array('d', [84.63027343750001, 0.046679687500000004, -92.84589843750001, 0.93359375])
array('d', [84.21015625000001, -0.280078125, -91.958984375, -1.0269531250000001])
array('d', [85.4705078125, -0.3267578125, -92.892578125, -0.8869140625])
array('d', [84.86367187500001, -0.2333984375, -92.6591796875, 0.5134765625000001])
array('d', [84.86367187500001, -0.2333984375, -92.6591796875, 0.5134765625000001])
array('d', [86.03066406250001, 0.0, -92.705859375, 0.2333984375])
array('d', [84.3501953125, -0.42011718750000004, -93.07929687500001, 0.2333984375])
array('d', [84.3501953125, -0.42011718750000004, -93.54609375000001, 0.7935546875])
array('d', [85.33046875000001, -0.37343750000000003, -93.54609375000001, 0.7935546875])
array('d', [85.33046875000001, 0.466796875, -92.84589843750001, -0.0])
array('d', [85.70390625, 0.09335937500000001, -92.519140625, -0.18671875000000002])
array('d', [85.61054687500001, 0.6068359375, -92.892578125, 0.2333984375])
array('d', [85.61054687500001, 0.09335937500000001, -92.4724609375, 0.2333984375])
array('d', [83.7900390625, 0.09335937500000001, -92.4724609375, 0.2333984375])
array('d', [84.58359375, 0.09335937500000001, -93.03261718750001, -0.6068359375])
array('d', [85.33046875000001, 0.09335937500000001, -92.14570312500001, 0.5134765625000001])
array('d', [84.490234375, -0.280078125, -92.9859375, 0.046679687500000004])
array('d', [84.490234375, -0.280078125, -92.9859375, -1.0269531250000001])
array('d', [84.490234375, -0.280078125, -92.9859375, -1.0269531250000001])
array('d', [85.1904296875, 1.0269531250000001, -92.79921875000001, -0.18671875000000002])
array('d', [85.61054687500001, 1.0269531250000001, -92.79921875000001, -0.18671875000000002])
array('d', [85.84394531250001, 1.0736328125, -92.705859375, 0.280078125])
array('d', [85.1904296875, 0.5134765625000001, -92.61250000000001, 1.1203125])
array('d', [85.4705078125, 0.0, -92.705859375, 1.1203125])
array('d', [85.4705078125, 0.56015625, -92.7525390625, 2.1939453125])
array('d', [85.4705078125, 0.56015625, -92.7525390625, 2.1939453125])
array('d', [85.56386718750001, -0.56015625, -92.1923828125, -0.1400390625])
array('d', [84.3501953125, 0.8402343750000001, -93.07929687500001, -0.37343750000000003])
array('d', [84.3501953125, 0.1400390625, -92.2390625, 0.280078125])
array('d', [84.3501953125, 0.1400390625, -92.2390625, 0.280078125])
array('d', [84.3501953125, 0.1400390625, -92.2390625, 0.280078125])
array('d', [85.050390625, 0.1400390625, -92.2390625, -0.8869140625])
array('d', [85.050390625, -0.3267578125, -92.705859375, -0.8869140625])
array('d', [85.33046875000001, -0.466796875, -91.772265625, -0.56015625])
array('d', [85.56386718750001, 0.8869140625, -91.86562500000001, 0.6068359375])
array('d', [85.56386718750001, 0.8869140625, -92.56582031250001, 1.0269531250000001])
array('d', [86.1240234375, -0.046679687500000004, -92.0056640625, -0.0])
array('d', [84.7703125, -0.046679687500000004, -93.07929687500001, 0.18671875000000002])
array('d', [85.70390625, 0.1400390625, -93.07929687500001, 0.18671875000000002])
array('d', [85.84394531250001, 0.37343750000000003, -92.33242187500001, 0.09335937500000001])
array('d', [84.91035156250001, 1.213671875, -91.63222656250001, -0.37343750000000003])
array('d', [84.91035156250001, -0.2333984375, -92.79921875000001, -0.1400390625])
array('d', [85.050390625, -0.2333984375, -92.519140625, -0.2333984375])
array('d', [85.9373046875, -0.280078125, -92.519140625, -0.2333984375])
array('d', [84.21015625000001, 0.9802734375000001, -92.9859375, -0.2333984375])
array('d', [85.4705078125, 0.42011718750000004, -92.2390625, -0.2333984375])
array('d', [84.8169921875, -0.046679687500000004, -92.7525390625, 0.37343750000000003])
array('d', [85.237109375, 0.42011718750000004, -91.8189453125, 0.280078125])
array('d', [84.44355468750001, -0.280078125, -92.42578125, 0.280078125])
array('d', [84.44355468750001, -0.280078125, -92.42578125, 0.280078125])
array('d', [84.44355468750001, -0.280078125, -92.42578125, 0.280078125])
array('d', [84.44355468750001, -0.280078125, -92.42578125, 0.280078125])
array('d', [84.44355468750001, -0.280078125, -92.42578125, 0.280078125])
array('d', [84.44355468750001, -0.280078125, -92.42578125, 0.280078125])
array('d', [84.44355468750001, -0.280078125, -92.42578125, 0.280078125])
array('d', [85.050390625, -0.2333984375, -91.585546875, -0.5134765625000001])
array('d', [86.1240234375, 0.8402343750000001, -92.42578125, -0.5134765625000001])
array('d', [85.237109375, 0.42011718750000004, -92.09902343750001, -0.56015625])
array('d', [85.2837890625, -0.09335937500000001, -92.1923828125, -0.046679687500000004])
array('d', [85.2837890625, -0.09335937500000001, -92.1923828125, -0.466796875])
array('d', [84.91035156250001, -0.2333984375, -92.4724609375, -0.466796875])
array('d', [86.357421875, -0.7001953125, -91.7255859375, 0.7001953125])
array('d', [86.357421875, -0.7001953125, -91.7255859375, 0.7001953125])
array('d', [86.357421875, -0.7001953125, -91.7255859375, 0.7001953125])
array('d', [86.357421875, -0.09335937500000001, -92.14570312500001, 0.280078125])
array('d', [84.44355468750001, -0.09335937500000001, -92.14570312500001, 0.280078125])
array('d', [84.67695312500001, -0.5134765625000001, -91.958984375, -0.09335937500000001])
array('d', [85.237109375, -0.5134765625000001, -91.958984375, -0.09335937500000001])
array('d', [85.237109375, -0.5134765625000001, -91.958984375, -0.09335937500000001])
array('d', [85.237109375, -0.5134765625000001, -91.958984375, -0.09335937500000001])
array('d', [85.237109375, -1.1203125, -92.1923828125, 0.3267578125])
array('d', [84.8169921875, 1.30703125, -91.30546875, 0.3267578125])
array('d', [85.237109375, 1.6337890625, -91.585546875, 0.653515625])
array('d', [85.237109375, 1.6337890625, -91.585546875, 0.653515625])
array('d', [85.237109375, 1.6337890625, -91.585546875, 0.653515625])
array('d', [85.237109375, 1.6337890625, -91.585546875, 0.653515625])
array('d', [84.39687500000001, 0.6068359375, -91.30546875, -0.280078125])
array('d', [85.423828125, -1.400390625, -90.69863281250001, -0.0])
array('d', [85.423828125, 0.0, -91.30546875, 0.18671875000000002])
array('d', [85.79726562500001, 0.0, -91.30546875, 0.18671875000000002])
array('d', [84.8169921875, 0.18671875000000002, -91.8189453125, -0.046679687500000004])
array('d', [84.39687500000001, 0.6068359375, -91.16542968750001, -0.046679687500000004])
array('d', [85.9373046875, 0.18671875000000002, -91.16542968750001, -0.046679687500000004])
array('d', [85.9373046875, 0.18671875000000002, -91.16542968750001, -0.046679687500000004])
array('d', [85.9373046875, 0.18671875000000002, -91.16542968750001, -0.046679687500000004])
array('d', [85.9373046875, 0.18671875000000002, -91.16542968750001, -0.046679687500000004])
array('d', [85.9373046875, 0.18671875000000002, -91.16542968750001, -0.046679687500000004])
array('d', [85.9373046875, 0.18671875000000002, -91.16542968750001, -0.046679687500000004])
array('d', [85.9373046875, 0.18671875000000002, -90.97871093750001, 0.6068359375])
array('d', [84.8169921875, 0.9802734375000001, -91.5388671875, 0.09335937500000001])
array('d', [84.58359375, 0.6068359375, -91.16542968750001, -0.046679687500000004])
array('d', [84.58359375, 0.6068359375, -91.16542968750001, -0.046679687500000004])
array('d', [84.8169921875, 0.93359375, -91.30546875, -0.0])
array('d', [84.5369140625, -0.466796875, -91.0720703125, 0.42011718750000004])
array('d', [84.5369140625, -0.466796875, -91.0720703125, 0.09335937500000001])
array('d', [84.39687500000001, -0.1400390625, -91.025390625, 0.09335937500000001])
array('d', [84.8169921875, -0.18671875000000002, -91.2587890625, -0.0])
array('d', [85.70390625, 1.6804687500000002, -91.63222656250001, 0.653515625])
array('d', [85.237109375, 0.56015625, -90.46523437500001, -0.2333984375])
array('d', [85.237109375, 0.56015625, -91.21210937500001, -0.0])
array('d', [85.5171875, 0.56015625, -91.21210937500001, -0.0])
array('d', [86.357421875, -1.30703125, -90.93203125000001, -0.280078125])
array('d', [85.09707031250001, 0.6068359375, -91.11875, -0.1400390625])
array('d', [85.09707031250001, 1.30703125, -91.39882812500001, -0.1400390625])
array('d', [84.7236328125, 1.30703125, -91.39882812500001, 0.466796875])
array('d', [84.39687500000001, -0.1400390625, -89.9517578125, 0.466796875])
array('d', [85.9373046875, -0.93359375, -89.8583984375, -0.09335937500000001])
array('d', [85.9373046875, -0.1400390625, -90.51191406250001, -0.653515625])
array('d', [85.79726562500001, -0.1400390625, -90.51191406250001, 0.18671875000000002])
array('d', [84.67695312500001, -0.56015625, -90.651953125, 0.18671875000000002])
array('d', [84.67695312500001, -0.5134765625000001, -91.025390625, 0.046679687500000004])
array('d', [84.67695312500001, -0.5134765625000001, -89.99843750000001, 0.18671875000000002])
array('d', [84.67695312500001, 0.18671875000000002, -89.99843750000001, -0.0])
array('d', [85.79726562500001, 0.5134765625000001, -90.1384765625, -0.466796875])
array('d', [85.33046875000001, -1.2603515625000001, -90.1384765625, 0.3267578125])
array('d', [85.9373046875, -0.8402343750000001, -90.18515625, 0.3267578125])
array('d', [85.5171875, -0.09335937500000001, -90.18515625, -0.6068359375])
array('d', [85.79726562500001, -1.2603515625000001, -90.3251953125, -0.466796875])
array('d', [86.2173828125, -0.5134765625000001, -90.3251953125, -0.466796875])
array('d', [85.79726562500001, -0.5134765625000001, -89.9517578125, 0.37343750000000003])
array('d', [85.9373046875, -0.09335937500000001, -90.51191406250001, -0.6068359375])
array('d', [85.9373046875, -0.09335937500000001, -90.51191406250001, -0.18671875000000002])
array('d', [85.9373046875, -0.09335937500000001, -90.51191406250001, -0.18671875000000002])
array('d', [85.9373046875, -0.09335937500000001, -90.51191406250001, -0.18671875000000002])
array('d', [84.8169921875, -0.7935546875, -90.97871093750001, -0.18671875000000002])
array('d', [85.237109375, 0.18671875000000002, -89.905078125, -0.6068359375])
array('d', [85.09707031250001, 0.09335937500000001, -90.4185546875, 0.09335937500000001])
array('d', [85.09707031250001, 0.09335937500000001, -90.4185546875, 0.09335937500000001])
array('d', [85.09707031250001, 0.09335937500000001, -90.4185546875, 0.09335937500000001])
array('d', [85.09707031250001, 0.09335937500000001, -90.4185546875, 0.09335937500000001])
array('d', [86.03066406250001, 0.3267578125, -90.93203125000001, -0.56015625])
array('d', [86.03066406250001, 0.3267578125, -90.93203125000001, 0.7468750000000001])
array('d', [85.70390625, -0.2333984375, -90.23183593750001, 0.7468750000000001])
array('d', [84.8169921875, 0.653515625, -90.18515625, 0.1400390625])
array('d', [85.5171875, -0.37343750000000003, -90.3251953125, -0.2333984375])
array('d', [85.5171875, -0.37343750000000003, -90.3251953125, -0.6068359375])
array('d', [85.237109375, 1.1669921875, -90.23183593750001, -0.6068359375])
array('d', [85.70390625, 0.466796875, -89.57832031250001, -0.280078125])
array('d', [85.70390625, 0.046679687500000004, -90.838671875, -0.2333984375])
array('d', [85.09707031250001, 0.046679687500000004, -90.838671875, -0.2333984375])
array('d', [85.5171875, -0.046679687500000004, -90.18515625, 1.213671875])
array('d', [85.5171875, -0.046679687500000004, -90.18515625, 1.213671875])
array('d', [85.5171875, -0.046679687500000004, -90.18515625, 1.213671875])
array('d', [85.09707031250001, 0.1400390625, -89.718359375, -0.2333984375])
array('d', [85.79726562500001, -0.466796875, -89.905078125, 0.09335937500000001])
array('d', [85.79726562500001, -0.466796875, -89.905078125, -0.280078125])
array('d', [84.8169921875, 0.653515625, -90.55859375, -0.280078125])
array('d', [84.8169921875, -0.42011718750000004, -90.3251953125, 0.1400390625])
array('d', [85.0037109375, -0.2333984375, -90.51191406250001, 0.5134765625000001])
array('d', [84.91035156250001, 0.8402343750000001, -89.4849609375, 0.5134765625000001])
array('d', [85.70390625, 0.653515625, -91.025390625, -0.280078125])
array('d', [84.490234375, 0.8402343750000001, -89.9517578125, 0.09335937500000001])
array('d', [85.84394531250001, -0.653515625, -89.57832031250001, -0.3267578125])
array('d', [85.84394531250001, -0.653515625, -89.57832031250001, -0.3267578125])
array('d', [85.61054687500001, -0.466796875, -89.625, -0.280078125])
array('d', [84.0234375, -0.466796875, -89.6716796875, 0.466796875])
array('d', [84.0234375, -0.466796875, -90.1384765625, -0.3267578125])
array('d', [84.7236328125, -1.0736328125, -90.1384765625, 0.56015625])
array('d', [84.58359375, -0.466796875, -90.18515625, 0.56015625])
array('d', [84.58359375, 0.8402343750000001, -89.905078125, -0.3267578125])
array('d', [85.14375000000001, 0.8402343750000001, -89.8583984375, -0.0])
array('d', [85.0037109375, -0.2333984375, -88.971484375, 0.6068359375])
array('d', [85.61054687500001, -0.2333984375, -88.971484375, 0.6068359375])
array('d', [84.490234375, 0.0, -90.55859375, 0.2333984375])
array('d', [85.4705078125, -0.653515625, -89.4849609375, -0.37343750000000003])
array('d', [85.4705078125, -0.653515625, -89.4849609375, -0.280078125])
array('d', [85.4705078125, -0.653515625, -89.4849609375, -0.280078125])
array('d', [85.4705078125, -0.653515625, -89.4849609375, -0.280078125])
array('d', [85.4705078125, -0.653515625, -89.4849609375, -0.280078125])
array('d', [87.291015625, 1.9605468750000001, -90.04511718750001, -0.42011718750000004])
array('d', [85.37714843750001, 1.9605468750000001, -90.04511718750001, -0.42011718750000004])
array('d', [84.63027343750001, -0.2333984375, -89.11152343750001, 0.8869140625])
array('d', [85.2837890625, 0.8402343750000001, -90.3251953125, 0.653515625])
array('d', [85.983984375, -1.6337890625, -90.23183593750001, 0.09335937500000001])
array('d', [86.1240234375, 0.37343750000000003, -89.81171875000001, -0.280078125])
array('d', [86.1240234375, 0.37343750000000003, -89.81171875000001, -0.280078125])
array('d', [86.1240234375, 0.37343750000000003, -89.81171875000001, -0.280078125])
array('d', [85.237109375, 1.400390625, -90.3251953125, 0.046679687500000004])
array('d', [85.237109375, 0.42011718750000004, -89.2048828125, 0.1400390625])
array('d', [85.37714843750001, 0.42011718750000004, -89.2048828125, 0.1400390625])
array('d', [85.2837890625, -0.046679687500000004, -90.1384765625, -0.37343750000000003])
array('d', [84.63027343750001, 0.0, -89.43828125, 0.653515625])
array('d', [84.63027343750001, 0.0, -89.6716796875, -0.1400390625])
array('d', [85.983984375, -0.2333984375, -89.6716796875, -0.1400390625])
array('d', [85.14375000000001, 0.3267578125, -90.8853515625, -0.7935546875])
array('d', [85.14375000000001, 0.3267578125, -90.74531250000001, 0.8869140625])
array('d', [84.5369140625, 0.3267578125, -90.74531250000001, 0.8869140625])
array('d', [85.09707031250001, 0.6068359375, -89.53164062500001, -0.37343750000000003])
array('d', [85.09707031250001, 0.6068359375, -89.53164062500001, -0.37343750000000003])
array('d', [83.93007812500001, 0.7468750000000001, -90.4185546875, 0.37343750000000003])
array('d', [83.93007812500001, 0.7468750000000001, -89.625, 0.56015625])
array('d', [85.79726562500001, -0.42011718750000004, -89.625, 0.56015625])
array('d', [85.79726562500001, -0.42011718750000004, -89.625, 0.56015625])
array('d', [85.79726562500001, -0.42011718750000004, -89.625, 0.56015625])
array('d', [84.7236328125, 0.6068359375, -90.18515625, 0.1400390625])
array('d', [84.95703125, 0.280078125, -89.905078125, 0.37343750000000003])
array('d', [84.39687500000001, -0.653515625, -87.7578125, 0.046679687500000004])
array('d', [84.39687500000001, -0.653515625, -87.7578125, 0.046679687500000004])
array('d', [84.39687500000001, -0.653515625, -87.7578125, 0.046679687500000004])
array('d', [84.21015625000001, 0.3267578125, -90.46523437500001, 2.1939453125])
array('d', [84.16347656250001, 0.046679687500000004, -89.905078125, 0.18671875000000002])
array('d', [84.58359375, 0.6068359375, -89.905078125, 0.18671875000000002])
array('d', [84.91035156250001, 0.466796875, -89.34492187500001, -0.466796875])
array('d', [84.91035156250001, 0.7468750000000001, -89.81171875000001, 0.280078125])
array('d', [85.33046875000001, 0.7468750000000001, -89.81171875000001, -0.0])
array('d', [84.7236328125, -0.8402343750000001, -89.11152343750001, -0.0])
array('d', [84.67695312500001, -0.5134765625000001, -90.091796875, -0.5134765625000001])
array('d', [84.490234375, 0.280078125, -89.718359375, 0.7001953125])
array('d', [84.490234375, 0.280078125, -89.718359375, 0.7001953125])
array('d', [84.490234375, 0.280078125, -89.718359375, 0.7001953125])
array('d', [84.490234375, 0.280078125, -89.718359375, 0.7001953125])
array('d', [84.5369140625, -0.37343750000000003, -88.83144531250001, 0.046679687500000004])
array('d', [84.95703125, 0.7468750000000001, -90.97871093750001, 0.8869140625])
array('d', [84.7703125, 0.466796875, -90.97871093750001, 0.18671875000000002])
array('d', [84.7703125, 0.466796875, -90.97871093750001, 0.18671875000000002])
array('d', [84.7703125, 0.466796875, -90.97871093750001, 0.18671875000000002])
array('d', [84.7703125, 0.466796875, -90.97871093750001, 0.18671875000000002])
array('d', [84.7703125, -0.280078125, -87.66445312500001, 0.7468750000000001])
array('d', [84.95703125, -0.37343750000000003, -89.625, 0.046679687500000004])
array('d', [84.95703125, -0.7935546875, -90.55859375, -0.5134765625000001])
array('d', [84.7703125, -0.7935546875, -90.55859375, -0.5134765625000001])
array('d', [84.95703125, 0.18671875000000002, -88.9248046875, 0.466796875])
array('d', [85.1904296875, -0.280078125, -89.43828125, 0.046679687500000004])
array('d', [85.1904296875, -0.280078125, -89.43828125, 0.046679687500000004])
array('d', [85.1904296875, -0.280078125, -89.43828125, 0.046679687500000004])
array('d', [84.7703125, -0.280078125, -88.59804687500001, -0.653515625])
array('d', [84.39687500000001, -1.213671875, -90.55859375, 0.7468750000000001])
array('d', [84.39687500000001, -1.213671875, -90.55859375, -0.93359375])
array('d', [86.917578125, 2.1005859375, -91.025390625, -0.93359375])
array('d', [86.8708984375, 2.3806640625, -93.2193359375, -1.30703125])
array('d', [87.384375, 3.080859375, -91.772265625, -2.42734375])
array('d', [87.9912109375, 2.80078125, -92.61250000000001, -2.8941406250000004])
array('d', [87.9912109375, 2.80078125, -92.61250000000001, -2.8941406250000004])
array('d', [88.2712890625, 3.9210937500000003, -92.519140625, -4.014453125])
array('d', [88.784765625, 4.48125, -93.5927734375, -4.014453125])
array('d', [88.784765625, 4.48125, -93.5927734375, -4.014453125])
array('d', [88.784765625, 4.48125, -93.5927734375, -4.014453125])
array('d', [88.784765625, 4.48125, -93.5927734375, -4.014453125])
array('d', [88.784765625, 4.48125, -93.5927734375, -4.014453125])
array('d', [88.784765625, 4.48125, -93.5927734375, -4.014453125])
array('d', [88.64472656250001, 5.5082031250000005, -92.84589843750001, -4.387890625])
array('d', [89.3916015625, 5.6482421875, -93.1259765625, -3.5943359375000004])
array('d', [89.3916015625, 5.6482421875, -93.49941406250001, -4.6212890625])
array('d', [90.091796875, 5.6482421875, -93.49941406250001, -4.6212890625])
array('d', [90.091796875, 5.6482421875, -93.49941406250001, -4.6212890625])
array('d', [90.74531250000001, 6.628515625, -93.77949218750001, -4.6212890625])
array('d', [90.74531250000001, 6.628515625, -93.77949218750001, -5.788281250000001])
array('d', [90.93203125000001, 7.0486328125, -95.41328125000001, -5.788281250000001])
array('d', [90.93203125000001, 7.0486328125, -95.9267578125, -5.5082031250000005])
array('d', [91.0720703125, 8.02890625, -96.81367187500001, -7.28203125])
array('d', [91.0720703125, 8.02890625, -96.81367187500001, -7.7021484375])
array('d', [90.651953125, 9.0091796875, -96.440234375, -7.7021484375])
array('d', [90.651953125, 9.0091796875, -96.440234375, -7.7021484375])
array('d', [89.57832031250001, 9.242578125, -97.187109375, -6.9085937500000005])
array('d', [88.5513671875, 9.616015625000001, -97.840625, -7.3753906250000005])
array('d', [88.5513671875, 9.616015625000001, -98.16738281250001, -7.7955078125])
array('d', [88.5513671875, 9.616015625000001, -98.16738281250001, -7.7955078125])
array('d', [88.5513671875, 9.616015625000001, -98.16738281250001, -7.7955078125])
array('d', [88.5513671875, 10.45625, -98.120703125, -7.888867187500001])
array('d', [88.5513671875, 10.642968750000001, -98.7275390625, -8.5890625])
array('d', [87.94453125000001, 10.642968750000001, -98.40078125000001, -10.26953125])
array('d', [87.94453125000001, 10.642968750000001, -98.40078125000001, -10.26953125])
array('d', [87.7578125, 11.296484375, -98.40078125000001, -8.9625])
array('d', [87.291015625, 12.8369140625, -98.9609375, -8.9625])
array('d', [87.1509765625, 12.8369140625, -98.9609375, -8.9625])
array('d', [87.1509765625, 12.8369140625, -98.9609375, -8.9625])
array('d', [88.7380859375, 13.4904296875, -98.86757812500001, -9.5693359375])
array('d', [88.0845703125, 13.443750000000001, -99.2876953125, -9.382617187500001])
array('d', [87.9912109375, 14.517382812500001, -98.86757812500001, -9.6626953125])
array('d', [87.9912109375, 14.517382812500001, -98.86757812500001, -9.6626953125])
array('d', [87.9912109375, 14.517382812500001, -98.86757812500001, -9.6626953125])
array('d', [87.9912109375, 14.517382812500001, -98.86757812500001, -9.6626953125])
array('d', [86.82421875, 14.9375, -99.1943359375, -9.849414062500001])
array('d', [86.82421875, 14.9375, -99.1943359375, -9.7560546875])
array('d', [85.2837890625, 15.404296875, -100.2212890625, -9.7560546875])
array('d', [85.2837890625, 16.1044921875, -100.174609375, -10.082812500000001])
array('d', [83.69667968750001, 16.3845703125, -99.14765625000001, -10.5962890625])
array('d', [83.69667968750001, 16.3845703125, -99.14765625000001, -10.6896484375])
array('d', [83.183203125, 17.271484375, -101.1548828125, -10.6896484375])
array('d', [83.4166015625, 18.531835937500002, -99.9412109375, -11.5298828125])
array('d', [83.4166015625, 18.531835937500002, -99.9412109375, -11.0630859375])
array('d', [83.3232421875, 17.9716796875, -100.361328125, -11.0630859375])
array('d', [83.556640625, 18.8119140625, -101.76171875, -12.043359375000001])
array('d', [82.99648437500001, 19.512109375, -101.3416015625, -13.116992187500001])
array('d', [82.99648437500001, 19.512109375, -101.3416015625, -13.116992187500001])
array('d', [84.58359375, 20.632421875000002, -100.73476562500001, -13.8638671875])
array('d', [84.58359375, 20.632421875000002, -100.73476562500001, -13.8638671875])
array('d', [84.58359375, 20.632421875000002, -100.73476562500001, -13.8638671875])
array('d', [83.556640625, 20.072265625, -101.5283203125, -13.63046875])
array('d', [83.27656250000001, 20.9125, -101.94843750000001, -13.7705078125])
array('d', [83.04316406250001, 20.072265625, -102.041796875, -13.7705078125])
array('d', [82.15625, 21.6126953125, -101.43496093750001, -13.677148437500001])
array('d', [81.9228515625, 22.219531250000003, -101.71503906250001, -14.3306640625])
array('d', [82.06289062500001, 22.966406250000002, -102.83535156250001, -14.5640625])
array('d', [81.7361328125, 22.59296875, -103.81562500000001, -13.7705078125])
array('d', [81.0826171875, 24.2267578125, -103.53554687500001, -14.470703125])
array('d', [80.569140625, 25.253710937500003, -102.6953125, -14.470703125])
array('d', [80.569140625, 25.253710937500003, -102.6953125, -14.470703125])
array('d', [80.569140625, 24.833593750000002, -102.36855468750001, -15.544335937500001])
array('d', [79.5888671875, 24.833593750000002, -102.36855468750001, -15.544335937500001])
array('d', [80.2423828125, 25.1603515625, -103.30214843750001, -15.544335937500001])
array('d', [80.2423828125, 25.1603515625, -103.30214843750001, -15.544335937500001])
array('d', [80.755859375, 25.4404296875, -104.1423828125, -15.6376953125])
array('d', [81.316015625, 27.6810546875, -103.53554687500001, -15.2642578125])
array('d', [82.9498046875, 26.420703125000003, -103.53554687500001, -15.2642578125])
array('d', [82.76308593750001, 27.6810546875, -104.37578125, -16.99140625])
array('d', [81.6427734375, 28.2412109375, -104.7958984375, -17.644921875])
array('d', [81.6427734375, 27.6810546875, -104.7958984375, -18.4384765625])
array('d', [81.6427734375, 27.6810546875, -104.7958984375, -18.4384765625])
array('d', [80.008984375, 28.8947265625, -104.74921875000001, -19.232031250000002])
array('d', [77.4416015625, 30.06171875, -105.589453125, -18.48515625])
array('d', [76.46132812500001, 30.2951171875, -105.589453125, -18.48515625])
array('d', [76.46132812500001, 30.2951171875, -105.91621093750001, -19.41875])
array('d', [76.8814453125, 32.115625, -106.80312500000001, -19.5587890625])
array('d', [77.62832031250001, 31.0419921875, -105.5427734375, -19.5587890625])
array('d', [77.62832031250001, 31.0419921875, -105.5427734375, -19.5587890625])
array('d', [75.3876953125, 31.835546875000002, -107.03652343750001, -20.0255859375])
array('d', [77.48828125, 32.67578125, -108.01679687500001, -20.0255859375])
array('d', [78.2818359375, 32.582421875, -108.67031250000001, -20.0255859375])
array('d', [79.075390625, 33.329296875000004, -108.01679687500001, -20.9125])
array('d', [79.075390625, 33.329296875000004, -108.67031250000001, -20.72578125])
array('d', [78.4685546875, 33.2359375, -108.67031250000001, -20.632421875000002])
array('d', [77.581640625, 6.488476562500001, -109.23046875, -20.632421875000002])
array('d', [78.60859375, 0.653515625, -105.8228515625, -3.54765625])
array('d', [80.3357421875, 3.5009765625, -106.38300781250001, 0.280078125])
array('d', [80.3357421875, 3.5009765625, -106.38300781250001, 0.280078125])
array('d', [79.5421875, 1.3537109375, -104.655859375, 0.6068359375])
array('d', [78.2818359375, 1.30703125, -103.30214843750001, 0.93359375])
array('d', [79.3087890625, 2.240625, -101.76171875, 1.0269531250000001])
array('d', [78.79531250000001, 0.8402343750000001, -102.321875, 1.4937500000000001])
array('d', [79.1220703125, 1.0736328125, -101.9951171875, 2.3806640625])
array('d', [78.421875, 0.37343750000000003, -101.9951171875, 2.3806640625])
array('d', [78.421875, 0.37343750000000003, -101.9951171875, 2.3806640625])
array('d', [78.421875, 0.37343750000000003, -100.03457031250001, 2.1005859375])
array('d', [79.448828125, 1.6804687500000002, -101.38828125, 2.1005859375])
array('d', [77.7216796875, 2.333984375, -101.3416015625, 2.707421875])
array('d', [77.7216796875, 2.333984375, -100.5947265625, 2.4740234375])
array('d', [77.7216796875, 0.9802734375000001, -100.5947265625, 2.4740234375])
array('d', [79.1220703125, 0.7468750000000001, -100.1279296875, 1.6804687500000002])
array('d', [78.32851562500001, -0.3267578125, -100.5947265625, 1.30703125])
array('d', [78.32851562500001, -0.3267578125, -100.26796875000001, 0.7935546875])
array('d', [77.955078125, 0.466796875, -100.26796875000001, 0.7935546875])
array('d', [78.1884765625, -0.18671875000000002, -99.10097656250001, -0.0])
array('d', [78.701953125, 0.8402343750000001, -99.2876953125, -0.0])
array('d', [78.701953125, 0.8402343750000001, -99.2876953125, -0.8869140625])
array('d', [77.86171875000001, 0.7001953125, -99.054296875, 1.3537109375])
array('d', [78.701953125, 0.3267578125, -99.61445312500001, 0.93359375])
array('d', [78.701953125, 0.3267578125, -99.61445312500001, 0.93359375])
array('d', [78.2818359375, 0.3267578125, -99.4744140625, 0.2333984375])
array('d', [78.2818359375, 0.653515625, -99.1943359375, 0.7468750000000001])
array('d', [79.2154296875, 0.653515625, -99.1943359375, 0.7468750000000001])
array('d', [78.701953125, 0.2333984375, -99.33437500000001, -0.1400390625])
array('d', [77.86171875000001, 0.0, -99.61445312500001, 1.0736328125])
array('d', [77.86171875000001, 0.2333984375, -99.241015625, 0.42011718750000004])
array('d', [78.888671875, 0.2333984375, -98.494140625, 0.42011718750000004])
array('d', [79.1220703125, 0.56015625, -98.494140625, -0.653515625])
array('d', [78.888671875, 0.0, -98.2607421875, 0.7935546875])
array('d', [77.86171875000001, -0.3267578125, -98.40078125000001, -0.2333984375])
array('d', [77.86171875000001, -0.3267578125, -98.40078125000001, -0.2333984375])
array('d', [78.701953125, -0.3267578125, -98.91425781250001, -0.1400390625])
array('d', [79.448828125, 0.2333984375, -99.14765625000001, 0.7468750000000001])
array('d', [79.448828125, 0.2333984375, -98.307421875, -0.5134765625000001])
array('d', [78.701953125, -0.046679687500000004, -98.307421875, -0.5134765625000001])
array('d', [78.701953125, 0.09335937500000001, -99.56777343750001, -0.09335937500000001])
array('d', [78.60859375, 0.5134765625000001, -99.2876953125, 0.280078125])
array('d', [78.60859375, 0.3267578125, -100.08125000000001, 0.280078125])
array('d', [78.141796875, 0.3267578125, -100.08125000000001, 0.280078125])
array('d', [78.701953125, 0.2333984375, -98.307421875, -0.09335937500000001])
array('d', [78.60859375, -0.1400390625, -98.120703125, 0.5134765625000001])
array('d', [78.60859375, -0.1400390625, -98.120703125, -0.046679687500000004])
array('d', [78.2818359375, 0.280078125, -98.3541015625, -0.046679687500000004])
array('d', [78.2818359375, 0.3267578125, -96.8603515625, 0.2333984375])
array('d', [79.2154296875, -0.09335937500000001, -98.16738281250001, 0.2333984375])
array('d', [79.2154296875, -0.09335937500000001, -98.16738281250001, 0.2333984375])
array('d', [79.2154296875, -0.09335937500000001, -98.16738281250001, 0.2333984375])
array('d', [78.2818359375, 1.1203125, -98.68085937500001, 0.466796875])
array('d', [78.2818359375, 0.37343750000000003, -98.5875, 0.280078125])
array('d', [78.2818359375, 0.37343750000000003, -98.5875, 0.280078125])
array('d', [77.955078125, 0.2333984375, -98.5408203125, 0.2333984375])
array('d', [78.421875, -0.5134765625000001, -98.77421875, -0.280078125])
array('d', [78.56191406250001, -0.1400390625, -97.3271484375, 0.046679687500000004])
array('d', [78.56191406250001, -0.18671875000000002, -98.5408203125, 0.18671875000000002])
array('d', [78.2818359375, -0.18671875000000002, -98.5408203125, 0.046679687500000004])
array('d', [78.2818359375, 0.56015625, -97.840625, 0.046679687500000004])
array('d', [78.0017578125, 0.7001953125, -98.63417968750001, 0.046679687500000004])
array('d', [78.888671875, -0.37343750000000003, -97.51386718750001, 0.7001953125])
array('d', [78.888671875, -0.37343750000000003, -96.9537109375, 0.37343750000000003])
array('d', [77.86171875000001, 0.7001953125, -96.9537109375, 0.37343750000000003])
array('d', [77.86171875000001, 0.7001953125, -96.9537109375, 0.37343750000000003])
array('d', [77.86171875000001, 0.7001953125, -96.9537109375, 0.37343750000000003])
array('d', [79.3087890625, 0.0, -97.46718750000001, 0.09335937500000001])
array('d', [78.141796875, 0.046679687500000004, -97.46718750000001, 0.09335937500000001])
array('d', [78.701953125, 0.7001953125, -98.02734375, 0.5134765625000001])
array('d', [78.701953125, 0.7001953125, -98.02734375, 0.5134765625000001])
array('d', [78.701953125, 0.7001953125, -98.02734375, 0.5134765625000001])
array('d', [78.141796875, 0.8402343750000001, -97.6072265625, 0.09335937500000001])
array('d', [78.32851562500001, 0.8869140625, -97.74726562500001, 0.8402343750000001])
array('d', [78.32851562500001, 0.046679687500000004, -97.04707031250001, -1.3537109375])
array('d', [77.86171875000001, 0.046679687500000004, -97.04707031250001, -1.3537109375])
array('d', [77.7216796875, 1.587109375, -96.2068359375, 0.09335937500000001])
array('d', [78.421875, 0.466796875, -97.09375, -0.280078125])
array('d', [78.421875, 0.7935546875, -98.77421875, 0.046679687500000004])
array('d', [78.701953125, 0.7935546875, -98.77421875, 0.046679687500000004])
array('d', [78.2818359375, 0.3267578125, -97.00039062500001, 0.56015625])
array('d', [78.0017578125, 0.466796875, -97.93398437500001, 0.09335937500000001])
array('d', [78.0017578125, 0.466796875, -97.93398437500001, 0.09335937500000001])
array('d', [79.635546875, 0.5134765625000001, -97.09375, 0.09335937500000001])
array('d', [78.421875, 0.5134765625000001, -96.53359375000001, 0.1400390625])
array('d', [78.421875, 0.5134765625000001, -96.53359375000001, 0.56015625])
array('d', [77.7216796875, -0.653515625, -96.253515625, 0.56015625])
array('d', [78.421875, -0.2333984375, -97.46718750000001, 0.9802734375000001])
array('d', [78.2818359375, 0.09335937500000001, -96.6736328125, 0.18671875000000002])
array('d', [78.888671875, 0.42011718750000004, -97.373828125, 0.280078125])
array('d', [78.888671875, 0.42011718750000004, -97.373828125, 0.7468750000000001])
array('d', [78.141796875, 0.1400390625, -97.00039062500001, 0.7468750000000001])
array('d', [79.2154296875, -1.400390625, -97.6072265625, -0.2333984375])
array('d', [79.2154296875, -1.400390625, -97.6072265625, -0.2333984375])
array('d', [78.888671875, -0.653515625, -96.626953125, 0.3267578125])
array('d', [78.888671875, -0.653515625, -97.28046875000001, 0.6068359375])
array('d', [78.2818359375, -0.653515625, -97.28046875000001, 0.6068359375])
array('d', [78.2818359375, -0.653515625, -96.81367187500001, 0.7935546875])
array('d', [79.3087890625, 0.1400390625, -95.2265625, -0.2333984375])
array('d', [79.915625, 0.1400390625, -95.2265625, 0.7001953125])
array('d', [78.421875, 0.09335937500000001, -96.626953125, 0.7001953125])
array('d', [78.421875, 0.09335937500000001, -96.626953125, 0.7001953125])
array('d', [78.421875, 0.09335937500000001, -96.626953125, 0.7001953125])
array('d', [78.421875, -0.9802734375000001, -97.04707031250001, 0.6068359375])
array('d', [78.421875, -0.2333984375, -96.6736328125, -0.6068359375])
array('d', [78.56191406250001, -0.2333984375, -96.6736328125, -0.6068359375])
array('d', [78.2818359375, 0.2333984375, -96.58027343750001, -0.6068359375])
array('d', [79.02871093750001, 0.046679687500000004, -96.8603515625, -0.653515625])
array('d', [79.02871093750001, -0.3267578125, -97.187109375, -0.2333984375])
array('d', [78.56191406250001, -0.3267578125, -97.187109375, -0.2333984375])
array('d', [77.86171875000001, 0.466796875, -96.626953125, -0.466796875])
array('d', [78.2818359375, 0.18671875000000002, -96.2068359375, 0.653515625])
array('d', [78.2818359375, 0.18671875000000002, -96.2068359375, 0.37343750000000003])
array('d', [79.448828125, 0.8869140625, -95.17988281250001, 0.37343750000000003])
array('d', [79.448828125, 0.8869140625, -95.17988281250001, 0.37343750000000003])
array('d', [79.448828125, 0.8869140625, -95.17988281250001, 0.37343750000000003])
array('d', [79.448828125, 0.8869140625, -95.17988281250001, 0.37343750000000003])
array('d', [77.86171875000001, 0.18671875000000002, -97.46718750000001, 0.653515625])
array('d', [79.02871093750001, 0.7935546875, -97.1404296875, 0.2333984375])
array('d', [79.02871093750001, 0.7935546875, -96.2068359375, -0.7001953125])
array('d', [78.0017578125, -0.7001953125, -96.2068359375, -0.7001953125])
array('d', [78.421875, -0.7001953125, -95.9267578125, 0.42011718750000004])
array('d', [78.421875, 0.7935546875, -96.4869140625, 0.42011718750000004])
array('d', [78.56191406250001, 0.7935546875, -96.4869140625, 0.42011718750000004])
array('d', [78.56191406250001, 0.7935546875, -96.4869140625, 0.42011718750000004])
array('d', [78.56191406250001, 0.7935546875, -96.4869140625, 0.42011718750000004])
array('d', [78.421875, -0.56015625, -96.90703125, 0.466796875])
array('d', [78.09511718750001, 0.8869140625, -97.1404296875, -0.7001953125])
array('d', [77.8150390625, 0.046679687500000004, -95.7400390625, 0.7001953125])
array('d', [77.8150390625, 0.046679687500000004, -95.7400390625, 0.7001953125])
array('d', [77.8150390625, 0.046679687500000004, -95.7400390625, 0.7001953125])
array('d', [77.8150390625, 0.046679687500000004, -95.7400390625, 0.7001953125])
array('d', [79.02871093750001, -0.7001953125, -96.6736328125, -2.1005859375])
array('d', [79.02871093750001, 0.466796875, -96.626953125, -0.466796875])
array('d', [78.6552734375, -0.2333984375, -96.0201171875, -1.1669921875])
array('d', [78.6552734375, -0.2333984375, -96.0201171875, -1.1669921875])
array('d', [78.9353515625, -0.2333984375, -96.0201171875, -0.466796875])
array('d', [79.1220703125, 0.0, -95.88007812500001, -0.466796875])
array('d', [79.4021484375, 0.466796875, -96.253515625, -0.466796875])
array('d', [79.1220703125, 0.0, -97.23378906250001, -0.466796875])
array('d', [79.1220703125, 0.9802734375000001, -95.88007812500001, -0.466796875])
array('d', [78.6552734375, 0.9802734375000001, -95.88007812500001, -0.466796875])
array('d', [79.1220703125, 0.7001953125, -96.58027343750001, -0.2333984375])
array('d', [78.515234375, -0.09335937500000001, -96.76699218750001, 0.93359375])
array('d', [78.141796875, -0.5134765625000001, -96.3935546875, -0.5134765625000001])
array('d', [78.141796875, -0.5134765625000001, -96.3935546875, -0.93359375])
array('d', [80.1490234375, -0.7935546875, -95.7400390625, -0.93359375])
array('d', [78.56191406250001, -0.2333984375, -96.253515625, -0.37343750000000003])
array('d', [78.56191406250001, -0.2333984375, -95.60000000000001, -0.2333984375])
array('d', [77.8150390625, -0.2333984375, -95.60000000000001, -0.2333984375])
array('d', [78.56191406250001, 1.30703125, -95.5533203125, 0.2333984375])
array('d', [77.8150390625, -0.09335937500000001, -96.2068359375, -0.2333984375])
array('d', [77.8150390625, 0.37343750000000003, -95.9267578125, 0.653515625])
array('d', [79.02871093750001, 0.37343750000000003, -95.9267578125, 0.653515625])
array('d', [79.02871093750001, 0.37343750000000003, -95.9267578125, 0.653515625])
array('d', [79.02871093750001, -0.2333984375, -95.17988281250001, 0.653515625])
array('d', [79.02871093750001, -0.2333984375, -95.17988281250001, 0.653515625])
array('d', [79.02871093750001, 1.30703125, -95.2732421875, 0.1400390625])
array('d', [78.141796875, -0.2333984375, -95.4599609375, 0.1400390625])
array('d', [78.141796875, -0.2333984375, -95.4599609375, 0.1400390625])
array('d', [78.141796875, -0.2333984375, -95.4599609375, 1.0269531250000001])
array('d', [80.008984375, -0.7001953125, -95.36660156250001, 1.0269531250000001])
array('d', [78.8419921875, 0.18671875000000002, -95.60000000000001, 0.9802734375000001])
array('d', [78.9353515625, -0.42011718750000004, -95.2732421875, -0.18671875000000002])
array('d', [78.9353515625, -0.42011718750000004, -95.2732421875, -0.5134765625000001])
array('d', [79.02871093750001, 0.18671875000000002, -95.2732421875, -0.5134765625000001])
array('d', [79.02871093750001, -0.8402343750000001, -95.13320312500001, 0.2333984375])
array('d', [79.02871093750001, -0.2333984375, -94.9931640625, -0.18671875000000002])
array('d', [78.56191406250001, -0.2333984375, -94.9931640625, -0.18671875000000002])
array('d', [79.1220703125, 0.7935546875, -94.9931640625, -0.5134765625000001])
array('d', [77.8150390625, 0.7935546875, -94.9931640625, -0.5134765625000001])
array('d', [77.8150390625, 0.7935546875, -94.9931640625, -0.5134765625000001])
array('d', [77.8150390625, 0.7935546875, -94.9931640625, -0.5134765625000001])
array('d', [77.8150390625, 0.5134765625000001, -94.9931640625, -0.1400390625])
array('d', [78.8419921875, 0.5134765625000001, -94.9931640625, -0.18671875000000002])
array('d', [78.421875, 0.046679687500000004, -95.03984375, 0.2333984375])
array('d', [78.421875, 0.046679687500000004, -95.03984375, 0.2333984375])
array('d', [78.421875, 0.046679687500000004, -95.03984375, 0.2333984375])
array('d', [77.8150390625, -0.2333984375, -95.4599609375, 0.93359375])
array('d', [77.8150390625, -1.0736328125, -94.8064453125, -0.8869140625])
array('d', [77.8150390625, -1.0736328125, -94.8064453125, -0.8869140625])
array('d', [79.26210937500001, 1.3537109375, -95.4599609375, 0.2333984375])
array('d', [78.8419921875, 0.5134765625000001, -95.319921875, -0.1400390625])
array('d', [78.8419921875, -0.653515625, -94.71308593750001, -0.5134765625000001])
array('d', [78.8419921875, -0.653515625, -94.71308593750001, 0.2333984375])
array('d', [77.8150390625, -0.7935546875, -94.573046875, 0.2333984375])
array('d', [79.02871093750001, -0.2333984375, -94.386328125, -0.5134765625000001])
array('d', [79.02871093750001, 0.2333984375, -94.853125, -0.1400390625])
array('d', [79.02871093750001, 0.2333984375, -94.853125, -0.1400390625])
array('d', [79.02871093750001, 0.2333984375, -94.853125, -0.1400390625])
array('d', [78.141796875, -0.3267578125, -94.9931640625, 0.653515625])
array('d', [77.955078125, 0.3267578125, -94.5263671875, 0.9802734375000001])
array('d', [77.955078125, 0.3267578125, -94.386328125, -0.8869140625])
array('d', [78.56191406250001, -0.09335937500000001, -93.639453125, 1.30703125])
array('d', [78.09511718750001, 0.3267578125, -94.01289062500001, -1.30703125])
array('d', [78.09511718750001, 0.3267578125, -94.47968750000001, -1.30703125])
array('d', [78.09511718750001, 0.3267578125, -94.47968750000001, -1.30703125])
array('d', [78.09511718750001, 0.3267578125, -94.47968750000001, -1.30703125])
array('d', [78.09511718750001, 0.3267578125, -94.47968750000001, -1.30703125])
array('d', [78.0017578125, 0.5134765625000001, -94.47968750000001, 0.280078125])
array('d', [77.8150390625, 0.2333984375, -94.66640625000001, 0.6068359375])
array('d', [78.09511718750001, -0.09335937500000001, -93.17265625, 0.6068359375])
array('d', [78.09511718750001, -0.09335937500000001, -93.17265625, 0.3267578125])
array('d', [78.9353515625, -0.37343750000000003, -94.10625, 0.3267578125])
array('d', [77.8150390625, -0.1400390625, -94.01289062500001, -0.1400390625])
array('d', [79.35546875, 0.280078125, -94.0595703125, -1.5404296875])
array('d', [79.35546875, 0.280078125, -94.0595703125, -1.5404296875])
array('d', [79.35546875, 0.280078125, -94.0595703125, -1.5404296875])
array('d', [79.35546875, 0.280078125, -94.0595703125, -1.5404296875])
array('d', [79.35546875, 0.280078125, -94.0595703125, -1.5404296875])
array('d', [79.35546875, 0.280078125, -94.0595703125, -1.5404296875])
array('d', [79.35546875, 0.280078125, -94.0595703125, -1.5404296875])
array('d', [79.35546875, 0.280078125, -94.0595703125, -1.5404296875])
array('d', [78.56191406250001, 0.2333984375, -95.5533203125, -0.5134765625000001])
array('d', [78.6552734375, 0.1400390625, -94.01289062500001, 0.9802734375000001])
array('d', [78.6552734375, 0.1400390625, -94.01289062500001, 0.9802734375000001])
array('d', [78.09511718750001, 0.280078125, -93.639453125, -0.5134765625000001])
array('d', [78.421875, 1.0736328125, -94.10625, -0.09335937500000001])
array('d', [79.5421875, 0.1400390625, -94.24628906250001, -0.5134765625000001])
array('d', [79.5421875, 0.1400390625, -94.24628906250001, -0.18671875000000002])
array('d', [78.9353515625, -0.2333984375, -94.47968750000001, -0.18671875000000002])
array('d', [78.421875, -1.0269531250000001, -94.01289062500001, 0.2333984375])
array('d', [78.2818359375, -0.18671875000000002, -94.386328125, -0.18671875000000002])
array('d', [78.421875, 1.0269531250000001, -94.573046875, -0.18671875000000002])
array('d', [78.421875, -0.6068359375, -94.01289062500001, -0.5134765625000001])
array('d', [78.23515625, -0.6068359375, -94.01289062500001, -0.09335937500000001])
array('d', [78.9353515625, 0.280078125, -93.54609375000001, -0.09335937500000001])
array('d', [78.8419921875, 0.6068359375, -94.24628906250001, 0.2333984375])
array('d', [78.421875, -0.18671875000000002, -93.6861328125, -0.18671875000000002])
array('d', [78.421875, -0.18671875000000002, -93.6861328125, -0.18671875000000002])
array('d', [79.3087890625, 0.6068359375, -94.573046875, -0.3267578125])
array('d', [78.421875, 0.2333984375, -94.29296875, -0.09335937500000001])
array('d', [78.421875, 0.2333984375, -94.29296875, 0.653515625])
array('d', [78.8419921875, -0.18671875000000002, -94.9931640625, 0.653515625])
array('d', [78.701953125, 0.2333984375, -94.3396484375, -0.466796875])
array('d', [78.98203125, -0.5134765625000001, -94.43300781250001, 0.046679687500000004])
array('d', [78.98203125, -0.5134765625000001, -94.43300781250001, 0.046679687500000004])
array('d', [77.7216796875, 0.6068359375, -93.54609375000001, 0.653515625])
array('d', [78.8419921875, 0.56015625, -94.3396484375, 0.93359375])
array('d', [79.1220703125, -1.213671875, -94.47968750000001, 0.2333984375])
array('d', [79.1220703125, -1.213671875, -94.47968750000001, 0.2333984375])
array('d', [77.86171875000001, -0.1400390625, -94.0595703125, -0.653515625])
array('d', [78.421875, -0.5134765625000001, -94.24628906250001, 1.1669921875])
array('d', [78.8419921875, 0.5134765625000001, -93.17265625, -0.046679687500000004])
array('d', [78.141796875, 0.18671875000000002, -93.17265625, -0.046679687500000004])
array('d', [78.56191406250001, -0.5134765625000001, -93.77949218750001, -0.18671875000000002])
array('d', [78.56191406250001, -0.5134765625000001, -93.77949218750001, -0.18671875000000002])
array('d', [78.56191406250001, -0.5134765625000001, -93.826171875, 0.42011718750000004])
array('d', [78.56191406250001, 0.18671875000000002, -93.1259765625, 0.466796875])
array('d', [78.56191406250001, -0.1400390625, -93.1259765625, 0.466796875])
array('d', [78.98203125, -0.1400390625, -93.77949218750001, -0.466796875])
array('d', [78.701953125, -0.18671875000000002, -93.54609375000001, 0.2333984375])
array('d', [78.56191406250001, 0.5134765625000001, -94.853125, -0.8869140625])
array('d', [78.56191406250001, 0.5134765625000001, -93.5927734375, -0.8869140625])
array('d', [78.56191406250001, 0.5134765625000001, -93.5927734375, -0.8869140625])
array('d', [78.56191406250001, 0.5134765625000001, -93.5927734375, -0.8869140625])
array('d', [78.8419921875, -0.5134765625000001, -95.0865234375, 0.466796875])
array('d', [78.8419921875, -0.5134765625000001, -92.9392578125, -1.1203125])
array('d', [78.421875, 0.56015625, -94.0595703125, -1.1203125])
array('d', [79.5421875, 0.8402343750000001, -94.0595703125, -0.7001953125])
array('d', [78.2818359375, -0.18671875000000002, -93.452734375, -1.1203125])
array('d', [78.2818359375, 0.18671875000000002, -93.8728515625, 0.2333984375])
array('d', [78.421875, -0.18671875000000002, -94.1529296875, -0.2333984375])
array('d', [78.141796875, -0.09335937500000001, -94.3396484375, 0.653515625])
array('d', [77.768359375, 0.1400390625, -94.71308593750001, -0.18671875000000002])
array('d', [77.768359375, 0.1400390625, -94.71308593750001, -0.18671875000000002])
array('d', [78.32851562500001, 0.1400390625, -93.452734375, 0.2333984375])
array('d', [78.32851562500001, -0.466796875, -93.5927734375, 1.5404296875])
array('d', [78.7486328125, -0.466796875, -93.5927734375, 1.5404296875])
array('d', [78.32851562500001, -0.56015625, -93.5927734375, -0.42011718750000004])
array('d', [78.141796875, 0.1400390625, -93.54609375000001, 0.6068359375])
array('d', [78.141796875, 0.1400390625, -93.359375, -0.0])
array('d', [77.62832031250001, 0.18671875000000002, -93.359375, -0.0])
array('d', [77.62832031250001, 0.18671875000000002, -93.359375, -0.0])
array('d', [77.62832031250001, 0.18671875000000002, -93.359375, -0.0])
array('d', [79.02871093750001, -0.1400390625, -92.9859375, -0.2333984375])
array('d', [79.3087890625, -0.42011718750000004, -95.13320312500001, 0.8402343750000001])
array('d', [78.888671875, -0.1400390625, -93.91953125, 0.8402343750000001])
array('d', [78.515234375, 0.0, -93.452734375, -0.0])
array('d', [78.515234375, 0.0, -93.96621093750001, 0.42011718750000004])
array('d', [79.02871093750001, 0.18671875000000002, -93.96621093750001, 0.42011718750000004])
array('d', [79.02871093750001, 0.18671875000000002, -93.96621093750001, 0.42011718750000004])
array('d', [79.02871093750001, 0.18671875000000002, -93.96621093750001, 0.42011718750000004])
array('d', [79.02871093750001, 0.18671875000000002, -93.96621093750001, 0.42011718750000004])
array('d', [78.0017578125, -0.1400390625, -93.54609375000001, -0.42011718750000004])
array('d', [77.16152343750001, 0.7935546875, -93.54609375000001, -0.42011718750000004])
array('d', [78.2818359375, -0.1400390625, -93.2193359375, 0.18671875000000002])
array('d', [78.515234375, -0.1400390625, -93.54609375000001, 0.9802734375000001])
array('d', [78.515234375, -0.1400390625, -93.54609375000001, -0.0])
array('d', [78.141796875, -0.18671875000000002, -92.6591796875, -0.0])
array('d', [79.2154296875, -0.37343750000000003, -93.4060546875, 0.18671875000000002])
array('d', [79.4021484375, 0.046679687500000004, -94.43300781250001, 0.8869140625])
array('d', [79.4021484375, 0.046679687500000004, -94.43300781250001, -0.7935546875])
array('d', [78.2818359375, -0.046679687500000004, -94.01289062500001, -0.7935546875])
array('d', [78.515234375, -0.046679687500000004, -94.759765625, 0.37343750000000003])
array('d', [78.515234375, -0.42011718750000004, -92.9859375, 0.046679687500000004])
array('d', [78.421875, -0.42011718750000004, -92.9859375, 0.7468750000000001])
array('d', [78.0017578125, 0.5134765625000001, -94.47968750000001, 0.7468750000000001])
array('d', [78.0017578125, 0.5134765625000001, -94.47968750000001, 0.7468750000000001])
array('d', [78.141796875, -0.3267578125, -94.1529296875, -0.7935546875])
array('d', [78.141796875, 0.18671875000000002, -93.4060546875, -0.466796875])
array('d', [78.141796875, 0.18671875000000002, -93.4060546875, -0.466796875])
array('d', [78.8419921875, -0.6068359375, -93.77949218750001, -0.42011718750000004])
array('d', [78.515234375, 0.37343750000000003, -93.26601562500001, 0.93359375])
array('d', [78.515234375, 0.046679687500000004, -93.6861328125, 0.1400390625])
array('d', [78.8419921875, 0.046679687500000004, -93.6861328125, 0.1400390625])
array('d', [77.581640625, 0.2333984375, -92.705859375, 1.3537109375])
array('d', [78.9353515625, 0.18671875000000002, -93.8728515625, 0.5134765625000001])
array('d', [78.9353515625, 0.18671875000000002, -93.26601562500001, 0.1400390625])
array('d', [78.9353515625, -0.2333984375, -93.26601562500001, 0.1400390625])
array('d', [79.3087890625, -0.3267578125, -92.84589843750001, -0.2333984375])
array('d', [78.515234375, 0.466796875, -92.79921875000001, 0.8869140625])
array('d', [78.515234375, -0.09335937500000001, -94.1529296875, -0.2333984375])
array('d', [77.16152343750001, -0.09335937500000001, -93.03261718750001, 0.7001953125])
array('d', [78.515234375, 0.6068359375, -93.03261718750001, 0.7001953125])
array('d', [77.021484375, 0.37343750000000003, -93.6861328125, 0.5134765625000001])
array('d', [78.421875, 0.280078125, -93.26601562500001, -0.2333984375])
array('d', [78.421875, 0.280078125, -93.26601562500001, -0.2333984375])
array('d', [78.0017578125, -0.3267578125, -93.1259765625, -0.09335937500000001])
array('d', [78.515234375, 0.1400390625, -91.86562500000001, -0.0])
array('d', [77.16152343750001, 0.42011718750000004, -92.519140625, 0.37343750000000003])
array('d', [79.2154296875, 0.1400390625, -93.5927734375, 0.37343750000000003])
array('d', [79.2154296875, 0.1400390625, -93.5927734375, 0.18671875000000002])
array('d', [79.3087890625, 0.42011718750000004, -93.5927734375, 0.18671875000000002])
array('d', [79.3087890625, 0.42011718750000004, -93.5927734375, 0.18671875000000002])
array('d', [78.9353515625, 0.1400390625, -94.0595703125, 0.046679687500000004])
array('d', [78.9353515625, 0.1400390625, -93.452734375, -0.18671875000000002])
array('d', [77.7216796875, 0.6068359375, -93.452734375, -0.18671875000000002])
array('d', [78.3751953125, -0.046679687500000004, -94.0595703125, 0.42011718750000004])
array('d', [79.075390625, -0.280078125, -93.54609375000001, 0.56015625])
array('d', [78.0017578125, 0.1400390625, -92.705859375, -0.0])
array('d', [78.2818359375, -0.046679687500000004, -92.705859375, -0.0])
array('d', [78.2818359375, -0.046679687500000004, -92.37910156250001, -0.0])
array('d', [78.2818359375, 0.0, -92.61250000000001, 0.280078125])
array('d', [78.6552734375, 0.0, -92.1923828125, 0.466796875])
array('d', [78.6552734375, 0.0, -92.1923828125, 0.280078125])
array('d', [77.8150390625, 0.3267578125, -93.826171875, 0.280078125])
array('d', [77.581640625, 0.42011718750000004, -93.4060546875, 0.046679687500000004])
array('d', [78.8419921875, -0.56015625, -93.4060546875, 0.046679687500000004])
array('d', [78.8419921875, -0.56015625, -93.4060546875, 0.046679687500000004])
array('d', [78.8419921875, -0.56015625, -92.05234375, -0.2333984375])
array('d', [79.2154296875, 0.42011718750000004, -92.9392578125, -0.2333984375])
array('d', [77.7216796875, 0.280078125, -91.8189453125, 0.09335937500000001])
array('d', [77.7216796875, 0.280078125, -91.8189453125, 0.09335937500000001])
array('d', [77.7216796875, 0.280078125, -91.8189453125, 0.09335937500000001])
array('d', [77.7216796875, 0.280078125, -91.8189453125, 0.09335937500000001])
array('d', [78.421875, 0.56015625, -94.24628906250001, 0.5134765625000001])
array('d', [78.421875, 0.56015625, -92.14570312500001, 0.09335937500000001])
array('d', [78.515234375, -0.18671875000000002, -92.14570312500001, -0.0])
array('d', [77.5349609375, 0.18671875000000002, -92.705859375, -0.0])
array('d', [77.7216796875, 0.280078125, -93.2193359375, -0.1400390625])
array('d', [78.141796875, 0.0, -92.56582031250001, 0.2333984375])
array('d', [78.421875, 0.0, -92.42578125, 0.18671875000000002])
array('d', [78.421875, -0.1400390625, -92.9392578125, -0.1400390625])
array('d', [77.7216796875, 0.09335937500000001, -91.91230468750001, -0.3267578125])
array('d', [78.6552734375, 0.09335937500000001, -92.705859375, -0.7468750000000001])
array('d', [78.515234375, -0.653515625, -91.86562500000001, -0.09335937500000001])
array('d', [77.7216796875, -0.653515625, -91.585546875, -0.046679687500000004])
array('d', [78.421875, -0.37343750000000003, -91.585546875, -0.046679687500000004])
array('d', [78.421875, -0.37343750000000003, -91.585546875, -0.046679687500000004])
array('d', [78.421875, -0.37343750000000003, -91.585546875, -0.046679687500000004])
array('d', [78.515234375, -0.653515625, -91.4921875, 0.280078125])
array('d', [78.6552734375, 0.0, -91.21210937500001, -0.9802734375000001])
array('d', [78.6552734375, -0.2333984375, -94.19960937500001, 0.9802734375000001])
array('d', [78.6552734375, -0.2333984375, -94.19960937500001, 0.9802734375000001])
array('d', [78.515234375, 0.280078125, -91.5388671875, -0.046679687500000004])
array('d', [76.7880859375, 0.09335937500000001, -92.56582031250001, -0.046679687500000004])
array('d', [76.7880859375, 0.09335937500000001, -92.61250000000001, 0.3267578125])
array('d', [78.515234375, 0.7001953125, -93.07929687500001, 0.653515625])
array('d', [79.075390625, 0.466796875, -92.1923828125, 0.653515625])
array('d', [79.075390625, 0.466796875, -92.1923828125, 0.653515625])
array('d', [77.2548828125, 0.046679687500000004, -92.519140625, 0.9802734375000001])
array('d', [78.515234375, 0.466796875, -92.14570312500001, 0.466796875])
array('d', [78.6552734375, 0.466796875, -92.14570312500001, -0.7468750000000001])
array('d', [78.0017578125, 0.466796875, -91.3521484375, -0.7468750000000001])
array('d', [77.4416015625, 0.09335937500000001, -93.07929687500001, -0.7468750000000001])
array('d', [78.2818359375, 0.046679687500000004, -93.07929687500001, 0.8869140625])
array('d', [78.2818359375, 0.5134765625000001, -93.07929687500001, 0.280078125])
array('d', [78.141796875, -0.37343750000000003, -91.772265625, 0.466796875])
array('d', [78.141796875, -0.37343750000000003, -91.91230468750001, 0.466796875])
array('d', [78.141796875, -0.37343750000000003, -91.91230468750001, 0.466796875])
array('d', [78.9353515625, -0.3267578125, -91.91230468750001, 1.4937500000000001])
array('d', [78.0017578125, 0.8869140625, -92.7525390625, 0.466796875])
array('d', [78.3751953125, 0.046679687500000004, -91.44550781250001, -0.3267578125])
array('d', [78.2818359375, -0.280078125, -92.84589843750001, 0.93359375])
array('d', [78.141796875, 0.56015625, -92.42578125, 0.466796875])
array('d', [78.141796875, 0.8869140625, -91.86562500000001, 0.5134765625000001])
array('d', [78.2818359375, 0.8869140625, -91.86562500000001, 0.5134765625000001])
array('d', [78.6552734375, 0.8869140625, -93.03261718750001, -1.213671875])
array('d', [78.421875, 0.18671875000000002, -91.8189453125, 0.046679687500000004])
array('d', [78.421875, 0.09335937500000001, -91.8189453125, 0.046679687500000004])
array('d', [77.2548828125, 0.09335937500000001, -91.86562500000001, 0.93359375])
array('d', [78.421875, 0.09335937500000001, -91.63222656250001, -0.6068359375])
array('d', [78.6552734375, 0.0, -91.21210937500001, 1.1203125])
array('d', [78.6552734375, 0.0, -91.21210937500001, 1.1203125])
array('d', [78.888671875, 0.5134765625000001, -92.56582031250001, -0.8402343750000001])
array('d', [78.141796875, 0.280078125, -92.14570312500001, 0.09335937500000001])
array('d', [78.141796875, 0.280078125, -91.2587890625, -0.8402343750000001])
array('d', [78.141796875, 0.280078125, -91.2587890625, -0.8402343750000001])
array('d', [78.141796875, 0.280078125, -91.2587890625, -0.8402343750000001])
array('d', [78.141796875, 0.280078125, -91.2587890625, -0.8402343750000001])
array('d', [78.141796875, 0.93359375, -91.8189453125, 0.7468750000000001])
array('d', [79.075390625, -0.280078125, -91.8189453125, 0.7468750000000001])
array('d', [78.6552734375, -0.5134765625000001, -91.86562500000001, 0.7001953125])
array('d', [78.6552734375, -0.280078125, -91.8189453125, -0.1400390625])
array('d', [79.448828125, -0.280078125, -91.8189453125, -0.1400390625])
array('d', [77.7216796875, -0.5134765625000001, -91.7255859375, -0.1400390625])
array('d', [78.515234375, 0.1400390625, -91.8189453125, -0.3267578125])
array('d', [78.515234375, 0.1400390625, -92.42578125, -0.6068359375])
array('d', [77.4416015625, -1.0269531250000001, -92.42578125, -0.6068359375])
array('d', [79.075390625, -0.42011718750000004, -90.74531250000001, 0.5134765625000001])
array('d', [78.141796875, -0.42011718750000004, -90.74531250000001, 0.5134765625000001])
array('d', [78.9353515625, 0.0, -91.958984375, 0.09335937500000001])
array('d', [79.4021484375, 1.0736328125, -92.56582031250001, 0.09335937500000001])
array('d', [79.4021484375, 1.0736328125, -92.56582031250001, 0.09335937500000001])
array('d', [78.8419921875, 0.280078125, -91.0720703125, -0.09335937500000001])
array('d', [78.2818359375, 0.0, -91.44550781250001, -0.6068359375])
array('d', [78.515234375, 0.7001953125, -90.51191406250001, 0.280078125])
array('d', [78.515234375, 0.7001953125, -90.51191406250001, 0.280078125])
array('d', [78.421875, -0.1400390625, -91.67890625000001, -1.0736328125])
array('d', [78.2818359375, 0.1400390625, -91.16542968750001, 0.5134765625000001])
array('d', [78.2818359375, 1.1203125, -91.8189453125, 0.5134765625000001])
array('d', [78.2818359375, 1.1203125, -91.8189453125, 0.5134765625000001])
array('d', [78.2818359375, 1.1203125, -91.8189453125, 0.5134765625000001])
array('d', [78.2818359375, 1.1203125, -91.8189453125, 0.5134765625000001])
array('d', [78.421875, 1.1203125, -91.8189453125, 0.09335937500000001])
array('d', [79.075390625, 0.1400390625, -90.97871093750001, 0.09335937500000001])
array('d', [77.581640625, 0.9802734375000001, -91.63222656250001, -0.18671875000000002])
array('d', [77.581640625, 0.9802734375000001, -91.30546875, 0.7001953125])
array('d', [78.6552734375, -0.1400390625, -91.30546875, 0.7001953125])
array('d', [78.421875, -0.1400390625, -91.3521484375, 0.280078125])
array('d', [78.421875, -0.1400390625, -91.3521484375, 0.280078125])
array('d', [77.7216796875, 0.3267578125, -90.69863281250001, -0.6068359375])
array('d', [78.515234375, 0.3267578125, -90.69863281250001, -0.6068359375])
array('d', [78.6552734375, 0.56015625, -91.44550781250001, 0.42011718750000004])
array('d', [78.6552734375, 0.56015625, -91.44550781250001, 0.42011718750000004])
array('d', [78.0017578125, 0.93359375, -91.958984375, 0.42011718750000004])
array('d', [78.515234375, 0.7935546875, -91.3521484375, -0.18671875000000002])
array('d', [79.075390625, 0.7935546875, -90.8853515625, 0.09335937500000001])
array('d', [79.075390625, -0.466796875, -90.838671875, -1.0269531250000001])
array('d', [78.6552734375, -0.466796875, -90.838671875, -1.0269531250000001])
array('d', [77.7216796875, 1.213671875, -91.30546875, -0.6068359375])
array('d', [79.2154296875, -0.466796875, -91.21210937500001, 0.7935546875])
array('d', [78.6552734375, -0.280078125, -90.7919921875, -0.18671875000000002])
array('d', [78.6552734375, -0.280078125, -90.7919921875, 0.09335937500000001])
array('d', [78.515234375, 0.8402343750000001, -90.6052734375, 0.09335937500000001])
array('d', [78.2818359375, -0.2333984375, -90.74531250000001, 0.37343750000000003])
array('d', [78.2818359375, -0.2333984375, -90.371875, -0.280078125])
array('d', [78.7486328125, 1.0269531250000001, -90.371875, -0.280078125])
array('d', [77.2548828125, -0.7468750000000001, -90.8853515625, -0.6068359375])
array('d', [78.141796875, -0.09335937500000001, -90.74531250000001, -0.6068359375])
array('d', [78.141796875, -0.09335937500000001, -90.74531250000001, -0.18671875000000002])
array('d', [77.16152343750001, -0.5134765625000001, -90.69863281250001, -0.18671875000000002])
array('d', [78.6552734375, 0.6068359375, -90.69863281250001, -0.18671875000000002])
array('d', [78.6552734375, 0.6068359375, -90.371875, 0.8402343750000001])
array('d', [78.515234375, 1.1203125, -90.97871093750001, 0.8402343750000001])
array('d', [78.515234375, -0.5134765625000001, -90.8853515625, 0.56015625])
array('d', [78.515234375, 1.30703125, -90.51191406250001, -1.30703125])
array('d', [78.515234375, 1.30703125, -90.51191406250001, -1.30703125])
array('d', [78.515234375, 0.0, -90.55859375, -0.6068359375])
array('d', [79.4021484375, 0.466796875, -90.74531250000001, -0.18671875000000002])
array('d', [79.4021484375, 0.466796875, -90.74531250000001, -0.18671875000000002])
array('d', [78.0017578125, 0.6068359375, -90.6052734375, -0.18671875000000002])
array('d', [77.16152343750001, 0.18671875000000002, -90.651953125, 0.2333984375])
array('d', [77.16152343750001, 0.18671875000000002, -90.651953125, -0.2333984375])
array('d', [78.141796875, -0.93359375, -90.74531250000001, 0.56015625])
array('d', [78.515234375, 1.1669921875, -90.74531250000001, 0.56015625])
array('d', [78.6552734375, 0.5134765625000001, -90.69863281250001, 0.8869140625])
array('d', [79.635546875, 0.5134765625000001, -89.99843750000001, 1.30703125])
array('d', [79.635546875, 0.6068359375, -90.69863281250001, 0.56015625])
array('d', [78.515234375, 0.6068359375, -90.69863281250001, -0.8402343750000001])
array('d', [78.6552734375, 0.6068359375, -90.4185546875, -0.8402343750000001])
array('d', [78.6552734375, 1.1669921875, -90.371875, -0.93359375])
array('d', [78.9353515625, 0.046679687500000004, -90.46523437500001, -0.5134765625000001])
array('d', [78.421875, 0.93359375, -90.838671875, -0.5134765625000001])
array('d', [78.6552734375, 1.30703125, -90.1384765625, 0.09335937500000001])
array('d', [78.515234375, -0.1400390625, -89.99843750000001, 0.8869140625])
array('d', [78.515234375, -0.1400390625, -90.18515625, -0.9802734375000001])
array('d', [78.421875, -0.8869140625, -90.1384765625, -0.5134765625000001])
array('d', [78.421875, -0.8869140625, -90.23183593750001, 0.1400390625])
array('d', [78.421875, 0.6068359375, -90.23183593750001, 0.1400390625])
array('d', [78.421875, 0.6068359375, -90.23183593750001, 0.1400390625])
array('d', [78.3751953125, 0.09335937500000001, -89.99843750000001, 0.1400390625])
array('d', [78.2818359375, 0.93359375, -90.371875, 1.6804687500000002])
array('d', [78.2818359375, -0.56015625, -89.9517578125, -0.18671875000000002])
array('d', [79.075390625, -0.56015625, -89.9517578125, -0.18671875000000002])
array('d', [78.141796875, -0.18671875000000002, -90.51191406250001, -0.18671875000000002])
array('d', [78.7486328125, -1.2603515625000001, -90.74531250000001, 0.1400390625])
array('d', [78.6552734375, -0.1400390625, -90.651953125, 0.56015625])
array('d', [78.9353515625, -0.56015625, -90.4185546875, -0.6068359375])
array('d', [78.9353515625, -0.56015625, -90.18515625, -0.18671875000000002])
array('d', [77.581640625, 0.280078125, -90.18515625, -0.18671875000000002])
array('d', [78.421875, -0.1400390625, -90.6052734375, -0.18671875000000002])
array('d', [78.515234375, -0.1400390625, -90.651953125, 0.56015625])
array('d', [78.515234375, 0.6068359375, -90.8853515625, 0.2333984375])
array('d', [78.7486328125, 0.6068359375, -90.8853515625, 0.2333984375])
array('d', [78.0017578125, 0.280078125, -90.371875, 0.56015625])
array('d', [78.141796875, -0.18671875000000002, -89.81171875000001, -0.18671875000000002])
array('d', [78.141796875, 0.6068359375, -90.651953125, -0.18671875000000002])
array('d', [78.141796875, 0.6068359375, -90.651953125, -0.18671875000000002])
array('d', [78.0017578125, -0.93359375, -89.76503906250001, -0.18671875000000002])
array('d', [79.075390625, -0.8869140625, -90.4185546875, 0.56015625])
array('d', [79.075390625, -0.1400390625, -90.4185546875, 0.56015625])
array('d', [77.581640625, -0.1400390625, -89.99843750000001, -0.18671875000000002])
array('d', [78.8419921875, -0.1400390625, -90.6052734375, -0.8869140625])
array('d', [78.8419921875, -0.1400390625, -90.18515625, 0.56015625])
array('d', [78.8419921875, -0.1400390625, -90.18515625, 0.56015625])
array('d', [78.515234375, 0.56015625, -90.4185546875, -0.18671875000000002])
array('d', [78.515234375, 0.56015625, -90.4185546875, 0.93359375])
array('d', [78.515234375, -0.18671875000000002, -89.6716796875, 0.93359375])
array('d', [78.515234375, -0.18671875000000002, -90.371875, 0.93359375])
array('d', [78.7486328125, 0.1400390625, -89.57832031250001, 0.18671875000000002])
array('d', [78.6552734375, 0.93359375, -90.371875, -0.18671875000000002])
array('d', [78.6552734375, 0.93359375, -89.2048828125, -0.18671875000000002])
array('d', [78.515234375, 0.56015625, -89.2048828125, 0.6068359375])
array('d', [78.141796875, -0.56015625, -90.4185546875, 0.2333984375])
array('d', [78.0017578125, 1.30703125, -90.04511718750001, 0.56015625])
array('d', [78.0017578125, 1.30703125, -90.04511718750001, 0.56015625])
array('d', [78.141796875, -0.18671875000000002, -90.18515625, -0.6068359375])
array('d', [78.0017578125, 0.18671875000000002, -89.06484375000001, -0.18671875000000002])
array('d', [78.6552734375, 1.3537109375, -89.43828125, -0.1400390625])
array('d', [78.6552734375, 1.3537109375, -89.43828125, -0.1400390625])
array('d', [78.6552734375, 1.3537109375, -89.43828125, -0.1400390625])
array('d', [78.515234375, 0.2333984375, -90.091796875, 0.56015625])
array('d', [77.7216796875, -0.1400390625, -90.651953125, -0.2333984375])
array('d', [77.7216796875, -0.1400390625, -90.651953125, -0.93359375])
array('d', [78.7486328125, -0.5134765625000001, -89.4849609375, -0.93359375])
array('d', [78.141796875, -0.56015625, -89.53164062500001, -0.1400390625])
array('d', [78.515234375, 0.56015625, -90.091796875, -0.18671875000000002])
array('d', [78.515234375, -0.8869140625, -90.3251953125, -1.30703125])
array('d', [78.515234375, -0.8869140625, -90.3251953125, 0.18671875000000002])
array('d', [78.9353515625, 0.18671875000000002, -89.57832031250001, 0.18671875000000002])
array('d', [78.3751953125, 0.18671875000000002, -89.76503906250001, 0.18671875000000002])
array('d', [78.3751953125, 0.18671875000000002, -89.53164062500001, -1.6804687500000002])
array('d', [78.141796875, 0.56015625, -89.53164062500001, -1.6804687500000002])
array('d', [77.9083984375, 0.18671875000000002, -89.06484375000001, 0.653515625])
array('d', [79.26210937500001, 0.6068359375, -89.625, -1.2603515625000001])
array('d', [79.26210937500001, 0.6068359375, -89.625, 0.56015625])
array('d', [78.141796875, 0.56015625, -89.57832031250001, 0.56015625])
array('d', [78.2818359375, -0.8869140625, -89.43828125, 0.18671875000000002])
array('d', [78.9353515625, -0.56015625, -89.53164062500001, -0.5134765625000001])
array('d', [78.9353515625, -0.56015625, -89.53164062500001, -0.5134765625000001])
array('d', [78.6552734375, -0.18671875000000002, -89.158203125, 0.93359375])
array('d', [77.7216796875, 0.8869140625, -89.158203125, 0.93359375])
array('d', [77.7216796875, 0.8869140625, -89.2515625, -0.280078125])
array('d', [78.515234375, 0.6068359375, -89.99843750000001, -0.280078125])
array('d', [78.6552734375, -0.1400390625, -89.8583984375, 0.56015625])
array('d', [78.6552734375, -0.1400390625, -88.41132812500001, 0.2333984375])
array('d', [78.6552734375, -0.1400390625, -88.41132812500001, 0.2333984375])
array('d', [77.7216796875, -0.8402343750000001, -89.625, -0.5134765625000001])
array('d', [78.6552734375, 0.8869140625, -90.091796875, 0.2333984375])
array('d', [78.6552734375, 0.8869140625, -90.091796875, 0.2333984375])
array('d', [78.6552734375, 0.8869140625, -90.091796875, 0.2333984375])
array('d', [78.6552734375, 0.8869140625, -90.091796875, 0.2333984375])
array('d', [78.6552734375, -0.56015625, -89.53164062500001, 0.466796875])
array('d', [78.6552734375, -0.56015625, -89.53164062500001, 1.587109375])
array('d', [79.915625, -0.56015625, -88.41132812500001, 1.587109375])
array('d', [79.915625, -0.56015625, -88.41132812500001, 1.587109375])
array('d', [79.915625, -0.56015625, -88.41132812500001, 1.587109375])
array('d', [78.9353515625, -0.56015625, -88.64472656250001, -0.18671875000000002])
array('d', [78.515234375, 0.18671875000000002, -88.784765625, -0.5134765625000001])
array('d', [77.581640625, -0.18671875000000002, -88.87812500000001, 0.56015625])
array('d', [77.581640625, -0.18671875000000002, -88.87812500000001, 0.56015625])
array('d', [77.581640625, -0.18671875000000002, -88.87812500000001, 0.56015625])
array('d', [79.075390625, 0.56015625, -89.43828125, -0.5134765625000001])
array('d', [79.075390625, -0.5134765625000001, -89.11152343750001, -0.7935546875])
array('d', [78.6552734375, -0.5134765625000001, -89.625, 0.7001953125])
array('d', [78.6552734375, -0.8869140625, -89.625, 0.7001953125])
array('d', [78.32851562500001, 0.6068359375, -90.1384765625, 1.2603515625000001])
array('d', [78.7486328125, 0.6068359375, -88.13125000000001, 0.56015625])
array('d', [78.7486328125, 1.2603515625000001, -88.784765625, 1.2603515625000001])
array('d', [78.9353515625, 1.2603515625000001, -88.784765625, 0.1400390625])
array('d', [78.9353515625, -1.6337890625, -89.34492187500001, 0.1400390625])
array('d', [79.075390625, -0.5134765625000001, -88.5046875, -0.466796875])
array('d', [79.075390625, -0.280078125, -88.9248046875, 1.3537109375])
array('d', [78.6552734375, -0.280078125, -88.9248046875, -0.6068359375])
array('d', [78.2818359375, -0.18671875000000002, -88.4580078125, -0.6068359375])
array('d', [78.2818359375, -0.18671875000000002, -88.4580078125, -0.6068359375])
array('d', [78.2818359375, -0.18671875000000002, -88.4580078125, -0.6068359375])
array('d', [78.2818359375, -0.18671875000000002, -88.4580078125, -0.6068359375])
array('d', [78.2818359375, 0.280078125, -88.87812500000001, -0.18671875000000002])
array('d', [78.421875, -0.6068359375, -89.11152343750001, -0.8869140625])
array('d', [77.955078125, 0.18671875000000002, -88.69140625, -0.466796875])
array('d', [77.955078125, 0.18671875000000002, -88.69140625, -0.466796875])
array('d', [78.8419921875, 0.1400390625, -88.9248046875, 0.5134765625000001])
array('d', [79.448828125, 0.280078125, -89.6716796875, 0.5134765625000001])
array('d', [78.141796875, -0.2333984375, -89.29824218750001, 0.2333984375])
array('d', [78.421875, 0.1400390625, -89.53164062500001, 0.09335937500000001])
array('d', [78.421875, 0.0, -89.76503906250001, -0.18671875000000002])
array('d', [78.421875, 0.0, -89.76503906250001, -0.18671875000000002])
array('d', [78.421875, 0.0, -89.76503906250001, -0.18671875000000002])
array('d', [78.421875, 0.0, -89.76503906250001, -0.18671875000000002])
array('d', [78.421875, 0.0, -89.76503906250001, -0.18671875000000002])
array('d', [79.075390625, 1.0269531250000001, -89.99843750000001, 0.5134765625000001])
array('d', [78.0017578125, -0.09335937500000001, -88.9248046875, 0.7935546875])
array('d', [78.32851562500001, -0.2333984375, -88.9248046875, 0.7468750000000001])
array('d', [78.32851562500001, -0.93359375, -89.3916015625, -0.18671875000000002])
array('d', [78.32851562500001, 0.18671875000000002, -88.971484375, 0.5134765625000001])
array('d', [77.62832031250001, 0.18671875000000002, -88.971484375, 0.5134765625000001])
array('d', [78.1884765625, 0.5134765625000001, -88.971484375, 0.5134765625000001])
array('d', [78.1884765625, 0.5134765625000001, -88.971484375, 0.5134765625000001])
array('d', [78.1884765625, 0.5134765625000001, -88.971484375, 0.5134765625000001])
array('d', [78.1884765625, 0.5134765625000001, -88.971484375, 0.5134765625000001])
array('d', [78.1884765625, 0.5134765625000001, -88.971484375, 0.5134765625000001])
array('d', [81.0359375, 1.5404296875, -87.66445312500001, -0.37343750000000003])
array('d', [81.409375, 2.147265625, -86.5908203125, 0.653515625])
array('d', [81.409375, 2.147265625, -86.5908203125, 2.3806640625])
array('d', [82.10957031250001, 4.0611328125, -84.86367187500001, 2.3806640625])
array('d', [83.46328125000001, 5.5082031250000005, -82.52968750000001, 4.761328125])
array('d', [83.46328125000001, 5.5082031250000005, -82.52968750000001, 4.9013671875])
array('d', [84.8169921875, 5.4615234375, -81.876171875, 4.9013671875])
array('d', [85.050390625, 6.8619140625, -80.755859375, 6.8619140625])
array('d', [85.79726562500001, 7.3753906250000005, -80.382421875, 6.53515625])
array('d', [86.1240234375, 9.4759765625, -79.6822265625, 7.422070312500001])
array('d', [86.1240234375, 9.4759765625, -79.6822265625, 7.422070312500001])
array('d', [85.1904296875, 9.3359375, -78.6552734375, 8.40234375])
array('d', [85.84394531250001, 9.1025390625, -76.92812500000001, 8.6357421875])
array('d', [85.84394531250001, 9.1025390625, -76.92812500000001, 9.429296875])
array('d', [86.1240234375, 9.709375, -76.0412109375, 9.429296875])
array('d', [86.73085937500001, 10.642968750000001, -76.087890625, 10.5029296875])
array('d', [87.1509765625, 11.249804687500001, -75.714453125, 10.736328125])
array('d', [87.1509765625, 11.249804687500001, -75.714453125, 10.736328125])
array('d', [87.1509765625, 11.249804687500001, -75.714453125, 10.736328125])
array('d', [87.3376953125, 12.510156250000001, -75.8078125, 10.9697265625])
array('d', [86.49746093750001, 11.856640625, -74.967578125, 11.296484375])
array('d', [86.357421875, 13.0703125, -75.0142578125, 10.26953125])
array('d', [86.357421875, 13.0703125, -75.0142578125, 10.26953125])
array('d', [86.77753906250001, 13.3970703125, -74.780859375, 10.409570312500001])
array('d', [87.94453125000001, 13.3037109375, -73.100390625, 11.716601562500001])
array('d', [87.94453125000001, 13.3037109375, -74.033984375, 12.510156250000001])
array('d', [86.1240234375, 12.743554687500001, -74.033984375, 12.510156250000001])
array('d', [86.03066406250001, 13.0236328125, -73.473828125, 13.0703125])
array('d', [85.6572265625, 12.3701171875, -74.2673828125, 12.650195312500001])
array('d', [86.5908203125, 12.3701171875, -74.2673828125, 12.650195312500001])
array('d', [86.5908203125, 13.0236328125, -74.033984375, 12.13671875])
array('d', [85.2837890625, 13.583789062500001, -74.3140625, 12.883593750000001])
array('d', [85.2837890625, 12.416796875000001, -74.2673828125, 12.5568359375])
array('d', [84.303515625, 12.416796875000001, -74.2673828125, 12.5568359375])
array('d', [84.0234375, 13.537109375, -73.89394531250001, 12.3701171875])
array('d', [85.14375000000001, 13.116992187500001, -73.287109375, 13.350390625000001])
array('d', [84.3501953125, 14.050585937500001, -72.4001953125, 12.13671875])
array('d', [84.3501953125, 14.050585937500001, -72.4001953125, 12.13671875])
array('d', [84.3501953125, 14.050585937500001, -73.00703125, 12.8369140625])
array('d', [83.556640625, 13.8638671875, -73.00703125, 12.8369140625])
array('d', [83.08984375, 12.883593750000001, -73.473828125, 13.210351562500001])
array('d', [83.08984375, 13.3970703125, -73.0537109375, 14.050585937500001])
array('d', [82.10957031250001, 13.3970703125, -73.0537109375, 14.050585937500001])
array('d', [80.8025390625, 12.883593750000001, -72.3068359375, 13.8638671875])
array('d', [82.0162109375, 13.910546875000001, -72.0734375, 13.4904296875])
array('d', [82.0162109375, 13.910546875000001, -72.0734375, 13.4904296875])
array('d', [83.369921875, 12.3234375, -72.6802734375, 14.050585937500001])
array('d', [83.369921875, 12.3234375, -73.6138671875, 14.750781250000001])
array('d', [81.7361328125, 13.63046875, -73.6138671875, 14.750781250000001])
array('d', [82.15625, 13.677148437500001, -71.046484375, 14.283984375000001])
array('d', [81.7828125, 13.163671875, -71.13984375, 14.050585937500001])
array('d', [81.7828125, 13.63046875, -70.4396484375, 14.097265625])
array('d', [81.36269531250001, 13.63046875, -70.4396484375, 14.097265625])
array('d', [80.9892578125, 14.097265625, -70.01953125, 14.377343750000001])
array('d', [80.7091796875, 14.097265625, -70.299609375, 13.677148437500001])
array('d', [81.6427734375, 13.9572265625, -71.046484375, 15.1708984375])
array('d', [81.6427734375, 13.9572265625, -71.046484375, 15.1708984375])
array('d', [81.6427734375, 13.9572265625, -71.046484375, 15.1708984375])
array('d', [80.7091796875, 14.00390625, -69.27265625, 15.2642578125])
array('d', [80.7091796875, 14.00390625, -70.4396484375, 15.404296875])
array('d', [80.42910156250001, 13.350390625000001, -70.4396484375, 15.404296875])
array('d', [79.16875, 14.8908203125, -70.112890625, 15.310937500000001])
array('d', [79.8689453125, 14.143945312500001, -69.366015625, 16.1044921875])
array('d', [79.8689453125, 14.143945312500001, -69.366015625, 14.610742187500001])
array('d', [78.60859375, 14.143945312500001, -69.366015625, 14.610742187500001])
array('d', [78.60859375, 14.143945312500001, -69.366015625, 14.610742187500001])
array('d', [78.60859375, 14.143945312500001, -69.366015625, 14.610742187500001])
array('d', [78.60859375, 14.143945312500001, -69.366015625, 14.610742187500001])
array('d', [78.1884765625, 14.2373046875, -69.27265625, 16.337890625])
array('d', [78.6552734375, 14.5640625, -69.3193359375, 15.404296875])
array('d', [79.3087890625, 14.470703125, -68.29238281250001, 14.984179687500001])
array('d', [79.3087890625, 14.470703125, -68.29238281250001, 14.984179687500001])
array('d', [78.23515625, 14.3306640625, -68.245703125, 14.5640625])
array('d', [77.021484375, 14.2373046875, -68.3857421875, 15.6376953125])
array('d', [76.7880859375, 14.190625, -68.3857421875, 15.6376953125])
array('d', [76.7880859375, 14.190625, -67.77890625, 16.3845703125])
array('d', [75.9478515625, 14.377343750000001, -66.6119140625, 15.777734375000001])
array('d', [75.9478515625, 14.377343750000001, -67.872265625, 16.664648437500002])
array('d', [76.74140625, 14.377343750000001, -67.872265625, 16.664648437500002])
array('d', [76.74140625, 14.377343750000001, -67.872265625, 16.664648437500002])
array('d', [77.208203125, 14.3306640625, -67.03203125, 16.61796875])
array('d', [76.5546875, 14.470703125, -66.19179687500001, 15.404296875])
array('d', [76.5546875, 14.610742187500001, -66.42519531250001, 18.065039062500002])
array('d', [76.5546875, 14.610742187500001, -66.42519531250001, 18.065039062500002])
array('d', [76.5546875, 14.610742187500001, -66.42519531250001, 18.065039062500002])
array('d', [76.74140625, 15.7310546875, -66.3318359375, 17.0380859375])
array('d', [76.18125, 15.7310546875, -66.3318359375, 17.0380859375])
array('d', [75.6677734375, 15.684375000000001, -64.79140625000001, 16.61796875])
array('d', [76.087890625, 15.87109375, -65.3515625, 17.644921875])
array('d', [76.274609375, 15.217578125000001, -65.72500000000001, 16.664648437500002])
array('d', [75.6677734375, 15.49765625, -64.9314453125, 18.298437500000002])
array('d', [75.6677734375, 15.49765625, -65.25820312500001, 16.7580078125])
array('d', [76.46132812500001, 15.777734375000001, -65.25820312500001, 16.7580078125])
array('d', [75.4810546875, 14.750781250000001, -64.884765625, 17.2248046875])
array('d', [75.4810546875, 15.544335937500001, -64.511328125, 17.271484375])
array('d', [74.967578125, 15.544335937500001, -64.511328125, 17.271484375])
array('d', [74.5474609375, 15.030859375, -64.698046875, 16.898046875000002])
array('d', [74.5474609375, 15.030859375, -62.970898437500004, 17.3181640625])
array('d', [75.8544921875, 16.197851562500002, -62.970898437500004, 17.3181640625])
array('d', [75.8544921875, 16.197851562500002, -62.970898437500004, 17.3181640625])
array('d', [75.8544921875, 16.197851562500002, -62.970898437500004, 17.3181640625])
array('d', [75.8544921875, 16.197851562500002, -62.970898437500004, 17.3181640625])
array('d', [74.1740234375, 14.984179687500001, -64.2779296875, 17.364843750000002])
array('d', [72.63359375, 15.87109375, -63.437695312500004, 18.065039062500002])
array('d', [73.5205078125, 15.450976562500001, -64.7447265625, 18.578515625])
array('d', [73.5205078125, 15.450976562500001, -64.7447265625, 17.73828125])
array('d', [73.940625, 14.8908203125, -63.017578125, 17.73828125])
array('d', [72.913671875, 16.0111328125, -62.5974609375, 17.9716796875])
array('d', [72.913671875, 16.0578125, -63.017578125, 18.7185546875])
array('d', [72.913671875, 16.0578125, -63.017578125, 18.7185546875])
array('d', [72.913671875, 16.0578125, -63.017578125, 18.7185546875])
array('d', [72.913671875, 16.0578125, -63.017578125, 18.7185546875])
array('d', [72.8203125, 16.0578125, -62.92421875, 18.11171875])
array('d', [71.980078125, 15.2642578125, -62.92421875, 18.11171875])
array('d', [72.49355468750001, 15.12421875, -63.484375, 18.6251953125])
array('d', [71.6533203125, 15.12421875, -63.484375, 18.6251953125])
array('d', [71.6533203125, 14.844140625000001, -63.017578125, 18.8119140625])
array('d', [70.953125, 16.0578125, -62.877539062500006, 18.065039062500002])
array('d', [70.953125, 15.544335937500001, -62.5974609375, 19.97890625])
array('d', [72.3068359375, 15.544335937500001, -62.5974609375, 19.97890625])
array('d', [72.540234375, 15.450976562500001, -62.270703125000004, 18.85859375])
array('d', [72.49355468750001, 16.5712890625, -62.083984375, 19.512109375])
array('d', [72.49355468750001, 16.5712890625, -62.083984375, 18.6251953125])
array('d', [72.49355468750001, 16.5712890625, -62.083984375, 18.6251953125])
array('d', [71.8400390625, 15.8244140625, -61.150390625, 19.465429687500002])
array('d', [71.8400390625, 15.8244140625, -61.150390625, 19.465429687500002])
array('d', [72.1201171875, 15.6376953125, -62.083984375, 19.698828125000002])
array('d', [72.1201171875, 15.6376953125, -62.083984375, 19.698828125000002])
array('d', [72.1201171875, 15.6376953125, -62.083984375, 19.698828125000002])
array('d', [71.32656250000001, 16.0578125, -60.496875, 19.932226562500002])
array('d', [71.3732421875, 15.404296875, -61.6171875, 20.585742187500003])
array('d', [69.5994140625, 15.6376953125, -61.6171875, 20.585742187500003])
array('d', [69.5994140625, 15.6376953125, -61.6171875, 20.585742187500003])
array('d', [70.299609375, 16.8046875, -60.590234375, 19.2787109375])
array('d', [69.45937500000001, 16.5712890625, -63.204296875000004, 19.932226562500002])
array('d', [69.45937500000001, 16.5712890625, -63.204296875000004, 18.998632812500002])
array('d', [68.4791015625, 15.217578125000001, -60.636914062500004, 18.998632812500002])
array('d', [69.179296875, 15.217578125000001, -60.7302734375, 19.1853515625])
array('d', [68.5724609375, 16.3845703125, -60.776953125000006, 18.8119140625])
array('d', [68.5724609375, 16.3845703125, -61.010351562500006, 18.8119140625])
array('d', [66.5185546875, 14.190625, -61.010351562500006, 19.1853515625])
array('d', [68.4791015625, 14.050585937500001, -61.243750000000006, 19.41875])
array('d', [68.1990234375, 15.3576171875, -60.3568359375, 18.8119140625])
array('d', [68.1990234375, 15.3576171875, -60.3568359375, 18.8119140625])
array('d', [68.1990234375, 15.3576171875, -60.3568359375, 18.8119140625])
array('d', [67.4521484375, 14.8908203125, -60.590234375, 19.1853515625])
array('d', [65.7716796875, 14.750781250000001, -62.1306640625, 19.932226562500002])
array('d', [65.7716796875, 14.750781250000001, -62.1306640625, 19.232031250000002])
array('d', [67.5455078125, 14.097265625, -62.877539062500006, 19.232031250000002])
array('d', [66.7052734375, 14.750781250000001, -60.030078125, 18.7185546875])
array('d', [66.42519531250001, 14.3306640625, -60.076757812500006, 18.391796875])
array('d', [66.42519531250001, 14.3306640625, -60.076757812500006, 18.391796875])
array('d', [66.89199218750001, 14.283984375000001, -62.3173828125, 19.6521484375])
array('d', [65.6783203125, 13.9572265625, -60.870312500000004, 19.97890625])
array('d', [65.6783203125, 13.9572265625, -60.870312500000004, 19.41875])
array('d', [66.8453125, 13.9572265625, -60.870312500000004, 19.41875])
array('d', [66.8453125, 13.9572265625, -60.870312500000004, 19.41875])
array('d', [65.16484375, 14.143945312500001, -59.843359375000006, 18.48515625])
array('d', [65.16484375, 14.143945312500001, -59.843359375000006, 18.48515625])
array('d', [65.02480468750001, 13.583789062500001, -60.3568359375, 19.465429687500002])
array('d', [65.1181640625, 13.583789062500001, -60.3568359375, 19.465429687500002])
array('d', [65.1181640625, 14.7041015625, -60.1234375, 20.072265625])
array('d', [65.3515625, 14.610742187500001, -61.150390625, 20.072265625])
array('d', [64.41796875, 15.544335937500001, -59.656640625, 20.399023437500002])
array('d', [65.3982421875, 15.450976562500001, -59.656640625, 18.3451171875])
array('d', [65.3982421875, 14.3306640625, -59.283203125, 19.232031250000002])
array('d', [65.25820312500001, 14.3306640625, -59.283203125, 19.232031250000002])
array('d', [64.6513671875, 14.3306640625, -59.283203125, 19.232031250000002])
array('d', [64.6513671875, 14.3306640625, -59.283203125, 19.232031250000002])
array('d', [64.6513671875, 14.3306640625, -59.283203125, 19.232031250000002])
array('d', [64.55800781250001, 14.750781250000001, -59.843359375000006, 19.97890625])
array('d', [64.55800781250001, 14.750781250000001, -59.843359375000006, 19.7921875])
array('d', [63.904492187500004, 15.450976562500001, -56.435742187500004, 19.7921875])
array('d', [63.904492187500004, 15.450976562500001, -56.435742187500004, 19.7921875])
array('d', [63.904492187500004, 15.450976562500001, -56.435742187500004, 19.7921875])
array('d', [63.904492187500004, 15.450976562500001, -56.435742187500004, 19.7921875])
array('d', [63.904492187500004, 15.450976562500001, -56.435742187500004, 19.7921875])
array('d', [64.32460937500001, 14.377343750000001, -58.909765625000006, 20.632421875000002])
array('d', [63.671093750000004, 14.657421875, -58.1162109375, 21.6126953125])
array('d', [63.437695312500004, 14.7974609375, -58.209570312500006, 20.3056640625])
array('d', [63.344335937500006, 14.143945312500001, -58.4896484375, 20.9125])
array('d', [62.7841796875, 14.7041015625, -57.509375000000006, 19.885546875])
array('d', [62.7841796875, 13.910546875000001, -57.0892578125, 19.41875])
array('d', [62.7841796875, 13.910546875000001, -57.0892578125, 19.41875])
array('d', [62.737500000000004, 13.910546875000001, -59.609960937500006, 18.578515625])
array('d', [61.477148437500006, 14.2373046875, -59.609960937500006, 18.578515625])
array('d', [63.2509765625, 13.163671875, -57.789453125, 19.7455078125])
array('d', [62.083984375, 13.443750000000001, -57.509375000000006, 19.325390625])
array('d', [62.083984375, 13.443750000000001, -57.509375000000006, 18.85859375])
array('d', [61.6638671875, 14.143945312500001, -57.5560546875, 18.85859375])
array('d', [62.830859375, 12.183398437500001, -57.275976562500006, 19.512109375])
array('d', [62.830859375, 12.183398437500001, -57.275976562500006, 19.512109375])
array('d', [62.830859375, 12.183398437500001, -57.275976562500006, 19.512109375])
array('d', [62.830859375, 12.183398437500001, -57.275976562500006, 19.512109375])
array('d', [63.344335937500006, 12.510156250000001, -58.069531250000004, 19.5587890625])
array('d', [63.344335937500006, 12.510156250000001, -57.602734375000004, 18.8119140625])
array('d', [61.150390625, 12.183398437500001, -57.602734375000004, 18.8119140625])
array('d', [59.283203125, 12.650195312500001, -57.5560546875, 18.018359375])
array('d', [59.843359375000006, 12.3234375, -58.8630859375, 17.364843750000002])
array('d', [61.570507812500004, 12.183398437500001, -57.369335937500004, 19.7921875])
array('d', [61.570507812500004, 12.183398437500001, -57.369335937500004, 19.0919921875])
array('d', [59.8900390625, 12.883593750000001, -56.2490234375, 19.0919921875])
array('d', [59.609960937500006, 12.416796875000001, -56.295703125, 18.85859375])
array('d', [60.2634765625, 11.6232421875, -56.015625, 18.065039062500002])
array('d', [60.2634765625, 12.790234375, -57.6494140625, 18.6251953125])
array('d', [59.3298828125, 12.790234375, -57.6494140625, 18.6251953125])
array('d', [57.8828125, 12.650195312500001, -56.669140625000004, 19.932226562500002])
array('d', [58.442968750000006, 13.0703125, -56.1556640625, 18.578515625])
array('d', [58.6296875, 13.0703125, -55.3154296875, 19.232031250000002])
array('d', [58.6296875, 12.4634765625, -56.342382812500006, 18.205078125])
array('d', [59.003125000000004, 12.4634765625, -56.342382812500006, 18.205078125])
array('d', [58.5830078125, 13.0236328125, -57.275976562500006, 20.399023437500002])
array('d', [58.81640625, 12.4634765625, -55.968945312500004, 18.671875])
array('d', [59.843359375000006, 13.0703125, -56.295703125, 19.512109375])
array('d', [58.209570312500006, 12.743554687500001, -54.568554687500004, 19.465429687500002])
array('d', [58.209570312500006, 12.743554687500001, -55.45546875, 20.2123046875])
array('d', [57.742773437500006, 12.743554687500001, -55.45546875, 20.2123046875])
array('d', [59.096484375, 12.603515625, -55.3154296875, 19.60546875])
array('d', [59.3298828125, 10.783007812500001, -55.45546875, 20.0255859375])
array('d', [58.069531250000004, 12.276757812500001, -54.3818359375, 18.531835937500002])
array('d', [58.069531250000004, 12.276757812500001, -54.3818359375, 18.531835937500002])
array('d', [58.069531250000004, 12.276757812500001, -54.3818359375, 18.531835937500002])
array('d', [58.349609375, 12.183398437500001, -53.8216796875, 20.165625000000002])
array('d', [58.3962890625, 12.276757812500001, -54.988671875, 18.85859375])
array('d', [58.3962890625, 12.276757812500001, -54.8953125, 19.7921875])
array('d', [58.5830078125, 12.276757812500001, -54.8953125, 19.7921875])
array('d', [56.809179687500006, 12.183398437500001, -53.96171875, 18.998632812500002])
array('d', [56.0623046875, 12.416796875000001, -53.3548828125, 20.1189453125])
array('d', [56.0623046875, 12.416796875000001, -53.3548828125, 20.1189453125])
array('d', [56.0623046875, 11.0630859375, -54.8953125, 18.951953125])
array('d', [55.735546875000004, 10.5962890625, -55.1287109375, 19.3720703125])
array('d', [55.175390625000006, 11.576562500000001, -55.08203125, 18.85859375])
array('d', [55.175390625000006, 11.576562500000001, -55.08203125, 18.85859375])
array('d', [55.968945312500004, 10.923046875, -54.708593750000006, 18.7185546875])
array('d', [56.108984375000006, 10.409570312500001, -56.1556640625, 16.99140625])
array('d', [55.6888671875, 11.016406250000001, -54.1484375, 18.9052734375])
array('d', [55.6888671875, 11.016406250000001, -54.1484375, 18.9052734375])
array('d', [54.801953125000004, 11.203125, -55.6888671875, 19.0453125])
array('d', [54.801953125000004, 10.362890625, -54.241796875000006, 18.671875])
array('d', [53.868359375000004, 10.362890625, -54.241796875000006, 19.41875])
array('d', [55.875585937500006, 10.8296875, -53.7283203125, 20.445703125])
array('d', [54.475195312500006, 9.989453125, -53.401562500000004, 20.0255859375])
array('d', [54.101757812500004, 10.9697265625, -53.401562500000004, 20.0255859375])
array('d', [54.101757812500004, 10.9697265625, -53.401562500000004, 20.0255859375])
array('d', [54.101757812500004, 10.9697265625, -53.401562500000004, 20.0255859375])
array('d', [54.101757812500004, 10.9697265625, -53.401562500000004, 20.0255859375])
array('d', [54.988671875, 10.876367187500001, -54.1951171875, 19.932226562500002])
array('d', [55.7822265625, 10.783007812500001, -53.58828125, 19.138671875])
array('d', [55.45546875, 11.343164062500001, -52.7947265625, 19.232031250000002])
array('d', [55.45546875, 11.38984375, -52.841406250000006, 19.1853515625])
array('d', [54.801953125000004, 11.38984375, -52.841406250000006, 20.35234375])
array('d', [55.3154296875, 12.276757812500001, -52.9814453125, 19.465429687500002])
array('d', [55.3154296875, 12.276757812500001, -52.9814453125, 19.465429687500002])
array('d', [55.408789062500006, 11.6232421875, -52.187890625, 19.698828125000002])
array('d', [54.615234375, 11.5298828125, -52.561328125, 20.4923828125])
array('d', [54.008398437500006, 11.856640625, -51.067578125000004, 18.578515625])
array('d', [54.055078125, 10.8296875, -52.234570312500004, 20.445703125])
array('d', [54.988671875, 11.576562500000001, -52.187890625, 20.0255859375])
array('d', [54.988671875, 11.296484375, -51.814453125, 19.41875])
array('d', [54.7552734375, 12.0900390625, -51.627734375, 16.24453125])
array('d', [54.521875, 11.669921875, -51.8611328125, 18.4384765625])
array('d', [54.521875, 11.669921875, -51.8611328125, 18.4384765625])
array('d', [54.521875, 11.669921875, -51.8611328125, 18.4384765625])
array('d', [53.7283203125, 11.203125, -50.9275390625, 19.7921875])
array('d', [52.8880859375, 11.343164062500001, -51.1142578125, 20.3056640625])
array('d', [52.8880859375, 11.343164062500001, -51.1142578125, 19.698828125000002])
array('d', [52.8880859375, 11.343164062500001, -51.1142578125, 19.698828125000002])
array('d', [52.9814453125, 11.4365234375, -51.627734375, 19.7921875])
array('d', [52.608007812500006, 11.483203125000001, -51.627734375, 19.7921875])
array('d', [52.9814453125, 11.4365234375, -51.067578125000004, 20.4923828125])
array('d', [52.9814453125, 11.4365234375, -51.067578125000004, 20.4923828125])
array('d', [52.5146484375, 11.0630859375, -51.0208984375, 19.1853515625])
array('d', [53.168164062500004, 11.716601562500001, -49.387109375, 19.138671875])
array('d', [53.168164062500004, 10.5029296875, -49.947265625, 19.8388671875])
array('d', [51.72109375, 10.5029296875, -49.947265625, 20.258984375])
array('d', [52.374609375000006, 11.203125, -50.6474609375, 20.258984375])
array('d', [52.9814453125, 11.0630859375, -50.694140625, 20.585742187500003])
array('d', [52.8880859375, 11.0630859375, -50.694140625, 20.585742187500003])
array('d', [52.8880859375, 11.0630859375, -50.694140625, 20.585742187500003])
array('d', [52.8880859375, 11.1564453125, -51.067578125000004, 19.932226562500002])
array('d', [52.608007812500006, 10.409570312500001, -49.9939453125, 19.8388671875])
array('d', [51.534375000000004, 11.76328125, -50.133984375000004, 20.165625000000002])
array('d', [52.5146484375, 11.343164062500001, -49.6205078125, 19.6521484375])
array('d', [52.467968750000004, 11.4365234375, -49.9939453125, 21.47265625])
array('d', [52.234570312500004, 10.549609375000001, -49.667187500000004, 20.0255859375])
array('d', [52.234570312500004, 10.549609375000001, -49.667187500000004, 19.7455078125])
array('d', [51.34765625, 11.109765625000001, -49.573828125000006, 19.7455078125])
array('d', [52.9814453125, 11.76328125, -47.893359375, 19.6521484375])
array('d', [51.534375000000004, 12.883593750000001, -49.107031250000006, 19.2787109375])
array('d', [51.534375000000004, 12.883593750000001, -50.040625000000006, 20.632421875000002])
array('d', [51.0208984375, 11.203125, -50.040625000000006, 20.632421875000002])
array('d', [52.6546875, 11.249804687500001, -48.546875, 19.7455078125])
array('d', [52.6546875, 11.249804687500001, -48.546875, 19.7455078125])
array('d', [52.6546875, 11.249804687500001, -48.546875, 19.7455078125])
array('d', [53.074804687500006, 11.343164062500001, -48.1267578125, 19.7455078125])
array('d', [51.0208984375, 11.716601562500001, -48.080078125, 21.005859375])
array('d', [50.880859375, 10.5962890625, -48.5935546875, 20.1189453125])
array('d', [50.880859375, 10.5962890625, -48.5935546875, 20.1189453125])
array('d', [50.740820312500006, 10.5029296875, -49.107031250000006, 20.35234375])
array('d', [51.441015625000006, 10.6896484375, -46.6796875, 19.138671875])
array('d', [51.441015625000006, 10.5962890625, -48.733593750000004, 19.698828125000002])
array('d', [51.441015625000006, 10.5962890625, -48.733593750000004, 19.698828125000002])
array('d', [51.441015625000006, 10.5962890625, -48.733593750000004, 19.698828125000002])
array('d', [51.441015625000006, 10.5962890625, -48.733593750000004, 19.698828125000002])
array('d', [50.0873046875, 10.5962890625, -48.733593750000004, 19.698828125000002])
array('d', [49.6205078125, 10.6896484375, -47.473242187500006, 19.232031250000002])
array('d', [50.22734375, 10.642968750000001, -48.640234375000006, 21.052539062500003])
array('d', [50.22734375, 10.642968750000001, -48.640234375000006, 21.052539062500003])
array('d', [52.0478515625, 10.26953125, -48.6869140625, 20.165625000000002])
array('d', [49.760546875, 9.849414062500001, -47.566601562500004, 20.1189453125])
array('d', [49.760546875, 10.0361328125, -47.940039062500006, 20.258984375])
array('d', [49.6205078125, 10.0361328125, -47.940039062500006, 20.258984375])
array('d', [49.6205078125, 10.0361328125, -47.940039062500006, 20.258984375])
array('d', [48.640234375000006, 10.082812500000001, -49.1537109375, 20.865820312500002])
array('d', [48.640234375000006, 10.6896484375, -47.7533203125, 19.5587890625])
array('d', [49.387109375, 10.6896484375, -47.7533203125, 19.5587890625])
array('d', [49.107031250000006, 10.876367187500001, -47.98671875, 20.585742187500003])
array('d', [49.48046875, 10.736328125, -48.173437500000006, 18.951953125])
array('d', [49.7138671875, 10.0361328125, -48.5935546875, 20.258984375])
array('d', [49.107031250000006, 9.52265625, -48.5935546875, 20.585742187500003])
array('d', [49.107031250000006, 9.52265625, -47.566601562500004, 20.585742187500003])
array('d', [49.2470703125, 9.7560546875, -47.893359375, 19.232031250000002])
array('d', [48.873632812500006, 9.5693359375, -48.080078125, 18.85859375])
array('d', [48.873632812500006, 9.5693359375, -48.080078125, 18.85859375])
array('d', [48.36015625, 9.849414062500001, -47.6599609375, 20.6791015625])
array('d', [49.900585937500004, 9.5693359375, -48.3134765625, 19.932226562500002])
array('d', [49.900585937500004, 9.5693359375, -47.2865234375, 19.512109375])
array('d', [47.800000000000004, 10.316210937500001, -47.2865234375, 19.512109375])
array('d', [48.453515625, 9.4759765625, -47.3798828125, 19.2787109375])
array('d', [47.333203125000004, 10.362890625, -48.5935546875, 18.8119140625])
array('d', [47.566601562500004, 8.915820312500001, -46.3529296875, 19.698828125000002])
array('d', [48.453515625, 9.7560546875, -47.519921875, 19.8388671875])
array('d', [48.453515625, 9.7560546875, -47.519921875, 18.8119140625])
array('d', [47.893359375, 9.89609375, -47.473242187500006, 18.8119140625])
array('d', [46.2595703125, 9.0091796875, -47.1931640625, 18.998632812500002])
array('d', [48.5935546875, 9.3359375, -46.6796875, 17.831640625000002])
array('d', [47.3798828125, 8.449023437500001, -48.546875, 19.7921875])
array('d', [47.3798828125, 8.449023437500001, -48.546875, 18.951953125])
array('d', [46.633007812500004, 9.616015625000001, -47.146484375, 18.951953125])
array('d', [46.4462890625, 10.923046875, -46.959765625, 18.951953125])
array('d', [47.473242187500006, 8.1689453125, -46.773046875000006, 20.2123046875])
array('d', [47.473242187500006, 8.1689453125, -45.652734375, 19.0919921875])
array('d', [46.6796875, 9.0091796875, -45.652734375, 19.0919921875])
array('d', [46.4462890625, 9.7560546875, -45.932812500000004, 19.0919921875])
array('d', [46.7263671875, 10.6896484375, -46.306250000000006, 19.512109375])
array('d', [47.006445312500006, 9.2892578125, -45.139257812500006, 19.7455078125])
array('d', [47.006445312500006, 9.2892578125, -45.74609375, 20.258984375])
array('d', [46.3529296875, 8.9625, -45.74609375, 20.258984375])
array('d', [46.399609375000004, 8.9625, -45.606054687500006, 20.258984375])
array('d', [46.399609375000004, 8.9625, -44.1123046875, 20.2123046875])
array('d', [47.006445312500006, 8.449023437500001, -44.1123046875, 20.2123046875])
array('d', [46.6796875, 9.802734375, -45.559375, 18.671875])
array('d', [47.800000000000004, 9.52265625, -43.9255859375, 19.138671875])
array('d', [47.800000000000004, 9.52265625, -43.9255859375, 18.85859375])
array('d', [45.9794921875, 10.2228515625, -45.466015625000004, 18.85859375])
array('d', [46.072851562500006, 9.0091796875, -45.699414062500004, 19.97890625])
array('d', [46.072851562500006, 9.0091796875, -45.699414062500004, 19.0919921875])
array('d', [45.372656250000006, 10.176171875, -44.5791015625, 19.0919921875])
array('d', [45.699414062500004, 9.0091796875, -45.606054687500006, 20.35234375])
array('d', [45.699414062500004, 9.3359375, -44.065625000000004, 19.2787109375])
array('d', [45.372656250000006, 9.3359375, -44.065625000000004, 20.0255859375])
array('d', [45.3259765625, 8.9625, -45.092578125, 20.0255859375])
array('d', [46.7263671875, 9.382617187500001, -44.439062500000006, 19.232031250000002])
array('d', [46.166210937500004, 9.4759765625, -43.365429687500004, 19.138671875])
array('d', [46.166210937500004, 9.4759765625, -43.365429687500004, 18.951953125])
array('d', [45.139257812500006, 9.709375, -44.439062500000006, 18.951953125])
array('d', [45.139257812500006, 9.709375, -44.439062500000006, 18.951953125])
array('d', [45.5126953125, 9.616015625000001, -44.345703125, 20.1189453125])
array('d', [44.905859375000006, 9.0091796875, -44.532421875000004, 19.138671875])
array('d', [44.905859375000006, 9.0091796875, -44.672460937500006, 19.512109375])
array('d', [45.3259765625, 9.0091796875, -44.672460937500006, 19.512109375])
array('d', [43.832226562500004, 8.5423828125, -43.412109375, 18.4384765625])
array('d', [44.1123046875, 9.3359375, -44.3923828125, 18.765234375000002])
array('d', [44.1123046875, 9.3359375, -44.299023437500004, 18.3451171875])
array('d', [44.1123046875, 9.3359375, -44.299023437500004, 18.3451171875])
array('d', [45.372656250000006, 8.5423828125, -44.299023437500004, 18.3451171875])
array('d', [45.372656250000006, 8.122265625, -43.785546875, 19.1853515625])
array('d', [45.372656250000006, 9.89609375, -43.505468750000006, 19.1853515625])
array('d', [44.8591796875, 9.89609375, -43.505468750000006, 19.1853515625])
array('d', [44.205664062500006, 10.1294921875, -43.505468750000006, 19.138671875])
array('d', [44.3923828125, 9.1025390625, -43.0853515625, 19.6521484375])
array('d', [44.3923828125, 9.1025390625, -43.225390625, 19.3720703125])
array('d', [45.74609375, 8.5890625, -43.225390625, 19.3720703125])
array('d', [44.8591796875, 9.055859375, -43.412109375, 19.5587890625])
array('d', [44.8591796875, 9.2892578125, -43.5521484375, 19.60546875])
array('d', [44.0189453125, 9.2892578125, -43.5521484375, 19.60546875])
array('d', [43.6455078125, 8.682421875000001, -43.5521484375, 19.6521484375])
array('d', [44.299023437500004, 8.3556640625, -43.6455078125, 19.885546875])
array('d', [44.299023437500004, 8.3556640625, -42.478515625, 19.41875])
array('d', [44.299023437500004, 8.77578125, -42.478515625, 19.41875])
array('d', [44.299023437500004, 8.77578125, -42.478515625, 19.41875])
array('d', [44.299023437500004, 8.77578125, -42.478515625, 19.41875])
array('d', [44.299023437500004, 8.77578125, -42.478515625, 19.41875])
array('d', [44.299023437500004, 8.77578125, -42.478515625, 19.41875])
array('d', [44.0189453125, 8.1689453125, -43.0853515625, 19.138671875])
array('d', [43.738867187500006, 9.382617187500001, -43.9255859375, 18.9052734375])
array('d', [43.738867187500006, 9.382617187500001, -43.9255859375, 21.005859375])
array('d', [43.6921875, 8.122265625, -43.31875, 21.005859375])
array('d', [44.0189453125, 8.6357421875, -43.0853515625, 19.512109375])
array('d', [44.0189453125, 8.8224609375, -43.0853515625, 18.8119140625])
array('d', [41.871679687500006, 8.8224609375, -43.0853515625, 18.8119140625])
array('d', [43.1787109375, 8.308984375, -43.87890625, 19.3720703125])
array('d', [43.9255859375, 8.449023437500001, -43.0853515625, 17.6916015625])
array('d', [43.9255859375, 7.655468750000001, -42.571875000000006, 18.671875])
array('d', [43.832226562500004, 7.655468750000001, -42.571875000000006, 18.671875])
array('d', [43.832226562500004, 7.655468750000001, -42.571875000000006, 18.671875])
array('d', [43.6921875, 8.3556640625, -43.365429687500004, 19.0919921875])
array('d', [43.1787109375, 8.77578125, -43.0853515625, 18.6251953125])
array('d', [43.1787109375, 8.1689453125, -44.158984375, 18.531835937500002])
array('d', [42.9919921875, 8.1689453125, -44.158984375, 18.531835937500002])
array('d', [43.132031250000004, 8.8224609375, -42.198437500000004, 18.065039062500002])
array('d', [42.1517578125, 8.5890625, -43.5521484375, 19.0453125])
array('d', [42.1517578125, 8.5890625, -43.5521484375, 18.8119140625])
array('d', [42.7119140625, 9.429296875, -42.6185546875, 18.8119140625])
array('d', [43.365429687500004, 9.4759765625, -41.965039062500004, 19.232031250000002])
array('d', [43.505468750000006, 8.9625, -43.0853515625, 18.9052734375])
array('d', [43.505468750000006, 8.9625, -43.0853515625, 19.932226562500002])
array('d', [43.832226562500004, 9.709375, -41.871679687500006, 19.932226562500002])
array('d', [43.365429687500004, 8.869140625, -42.0583984375, 19.7921875])
array('d', [43.365429687500004, 10.26953125, -40.2845703125, 19.7921875])
array('d', [43.365429687500004, 10.26953125, -40.2845703125, 19.7921875])
array('d', [43.785546875, 10.26953125, -40.2845703125, 19.7921875])
array('d', [43.0853515625, 8.6357421875, -41.3115234375, 19.7921875])
array('d', [43.6921875, 9.1025390625, -41.171484375000006, 18.85859375])
array('d', [43.6921875, 9.1025390625, -41.171484375000006, 18.85859375])
array('d', [43.6921875, 9.1025390625, -41.171484375000006, 18.85859375])
array('d', [43.9255859375, 9.0091796875, -40.611328125, 20.72578125])
array('d', [42.9453125, 9.709375, -40.2845703125, 20.72578125])
array('d', [42.9453125, 8.869140625, -40.6580078125, 20.1189453125])
array('d', [43.132031250000004, 8.869140625, -40.6580078125, 20.1189453125])
array('d', [44.158984375, 9.52265625, -39.5376953125, 19.5587890625])
array('d', [43.132031250000004, 9.3359375, -40.51796875, 20.072265625])
array('d', [43.132031250000004, 9.3359375, -40.51796875, 20.072265625])
array('d', [43.272070312500006, 8.5423828125, -40.424609375, 20.165625000000002])
array('d', [42.1517578125, 9.1958984375, -39.8177734375, 20.72578125])
array('d', [42.1517578125, 9.1958984375, -39.164257812500004, 19.3720703125])
array('d', [41.7783203125, 8.495703125, -39.164257812500004, 19.3720703125])
array('d', [42.665234375000004, 8.0755859375, -39.304296875, 18.11171875])
array('d', [42.665234375000004, 7.935546875, -39.9578125, 19.5587890625])
array('d', [41.171484375000006, 7.935546875, -39.9578125, 19.5587890625])
array('d', [41.3115234375, 8.77578125, -40.611328125, 20.35234375])
array('d', [41.171484375000006, 9.849414062500001, -40.51796875, 19.8388671875])
array('d', [41.171484375000006, 9.849414062500001, -39.9578125, 19.698828125000002])
array('d', [41.498242187500004, 7.7021484375, -39.9578125, 19.698828125000002])
array('d', [41.965039062500004, 8.8224609375, -38.7908203125, 20.4923828125])
array('d', [41.498242187500004, 8.40234375, -39.164257812500004, 19.5587890625])
array('d', [41.498242187500004, 8.40234375, -39.164257812500004, 20.3056640625])
array('d', [41.1248046875, 8.682421875000001, -38.930859375000004, 20.3056640625])
array('d', [42.105078125000006, 8.40234375, -38.744140625, 19.7455078125])
array('d', [40.2845703125, 8.122265625, -42.898632812500004, 19.325390625])
array('d', [40.2845703125, 8.122265625, -42.898632812500004, 19.325390625])
array('d', [41.2181640625, 9.1958984375, -42.898632812500004, 19.325390625])
array('d', [41.2181640625, 9.1958984375, -42.898632812500004, 19.325390625])
array('d', [41.2181640625, 9.1958984375, -42.898632812500004, 19.325390625])
array('d', [39.77109375, 7.935546875, -39.3509765625, 18.578515625])
array('d', [39.77109375, 7.935546875, -40.051171875, 19.885546875])
array('d', [41.2181640625, 7.655468750000001, -40.051171875, 19.885546875])
array('d', [41.2181640625, 7.655468750000001, -40.051171875, 19.885546875])
array('d', [41.2181640625, 7.655468750000001, -40.051171875, 19.885546875])
array('d', [39.9578125, 7.5154296875, -38.230664062500004, 19.60546875])
array('d', [40.6580078125, 8.2623046875, -39.584375, 20.1189453125])
array('d', [40.097851562500004, 8.1689453125, -39.304296875, 19.465429687500002])
array('d', [40.097851562500004, 8.1689453125, -39.304296875, 19.465429687500002])
array('d', [40.097851562500004, 8.1689453125, -39.304296875, 19.465429687500002])
array('d', [41.5916015625, 9.1025390625, -39.0708984375, 20.0255859375])
array('d', [40.798046875000004, 7.2353515625, -39.0708984375, 19.5587890625])
array('d', [40.798046875000004, 7.2353515625, -39.0708984375, 19.0919921875])
array('d', [39.677734375, 7.7021484375, -38.5107421875, 19.0919921875])
array('d', [39.491015625, 7.9822265625, -38.3240234375, 18.951953125])
array('d', [40.51796875, 8.6357421875, -37.6705078125, 19.885546875])
array('d', [40.51796875, 8.6357421875, -37.6705078125, 19.512109375])
array('d', [40.51796875, 8.6357421875, -37.6705078125, 19.512109375])
array('d', [40.2845703125, 6.7685546875, -38.6041015625, 19.512109375])
array('d', [40.051171875, 8.215625000000001, -38.697460937500004, 19.6521484375])
array('d', [39.5376953125, 8.215625000000001, -38.6041015625, 19.60546875])
array('d', [39.5376953125, 8.215625000000001, -39.2109375, 18.531835937500002])
array('d', [39.164257812500004, 8.915820312500001, -39.2109375, 18.531835937500002])
array('d', [39.7244140625, 6.9085937500000005, -38.370703125, 19.6521484375])
array('d', [39.4443359375, 7.3287109375, -38.0439453125, 18.7185546875])
array('d', [39.4443359375, 7.3287109375, -38.0439453125, 18.7185546875])
array('d', [39.4443359375, 7.3287109375, -38.0439453125, 18.7185546875])
array('d', [39.4443359375, 7.3287109375, -38.0439453125, 18.7185546875])
array('d', [39.0708984375, 8.0755859375, -38.6041015625, 17.458203125])
array('d', [40.237890625, 7.1419921875000005, -38.9775390625, 19.7455078125])
array('d', [39.0708984375, 8.869140625, -38.557421875, 19.7921875])
array('d', [39.0708984375, 8.869140625, -38.557421875, 18.765234375000002])
array('d', [40.7046875, 7.7021484375, -38.557421875, 18.765234375000002])
array('d', [39.491015625, 8.215625000000001, -38.230664062500004, 18.951953125])
array('d', [38.930859375000004, 8.495703125, -37.7171875, 19.60546875])
array('d', [38.930859375000004, 7.5154296875, -37.297070312500004, 19.1853515625])
array('d', [39.2109375, 8.0755859375, -37.5771484375, 19.1853515625])
array('d', [39.2109375, 8.40234375, -37.250390625, 18.391796875])
array('d', [38.8375, 8.449023437500001, -37.5771484375, 19.2787109375])
array('d', [39.7244140625, 8.449023437500001, -37.5771484375, 19.2787109375])
array('d', [39.7244140625, 8.449023437500001, -37.5771484375, 19.2787109375])
array('d', [39.7244140625, 8.449023437500001, -37.5771484375, 19.2787109375])
array('d', [39.304296875, 7.9822265625, -38.65078125, 18.578515625])
array('d', [39.631054687500004, 8.122265625, -37.7171875, 19.60546875])
array('d', [38.7908203125, 7.9822265625, -37.15703125, 18.1583984375])
array('d', [38.4173828125, 7.7021484375, -37.15703125, 19.1853515625])
array('d', [38.4173828125, 7.7021484375, -37.063671875000004, 18.8119140625])
array('d', [38.557421875, 7.7021484375, -37.063671875000004, 18.8119140625])
array('d', [37.810546875, 7.7021484375, -37.2037109375, 19.0453125])
array('d', [38.230664062500004, 8.122265625, -36.5501953125, 20.2123046875])
array('d', [38.230664062500004, 8.122265625, -37.4837890625, 19.5587890625])
array('d', [38.557421875, 7.3287109375, -37.4837890625, 18.85859375])
array('d', [39.0708984375, 8.77578125, -35.8033203125, 18.85859375])
array('d', [38.557421875, 7.0486328125, -36.503515625, 19.1853515625])
array('d', [38.1373046875, 7.7021484375, -36.503515625, 19.1853515625])
array('d', [37.5771484375, 7.9822265625, -34.6830078125, 18.998632812500002])
array('d', [37.5771484375, 8.215625000000001, -35.28984375, 19.7921875])
array('d', [38.5107421875, 8.215625000000001, -35.28984375, 19.7921875])
array('d', [38.5107421875, 7.28203125, -35.3365234375, 19.7921875])
array('d', [37.5771484375, 6.9085937500000005, -35.6166015625, 19.325390625])
array('d', [37.5771484375, 6.9085937500000005, -35.6166015625, 20.585742187500003])
array('d', [37.997265625000004, 7.001953125, -35.896679687500004, 20.585742187500003])
array('d', [37.997265625000004, 7.001953125, -35.896679687500004, 20.585742187500003])
array('d', [37.997265625000004, 7.001953125, -35.896679687500004, 20.585742187500003])
array('d', [37.997265625000004, 7.001953125, -35.896679687500004, 20.585742187500003])
array('d', [38.0439453125, 8.3556640625, -35.103125, 20.4923828125])
array('d', [38.230664062500004, 7.188671875000001, -35.383203125, 19.512109375])
array('d', [38.230664062500004, 7.188671875000001, -35.383203125, 19.512109375])
array('d', [39.397656250000004, 7.3753906250000005, -35.663281250000004, 19.0453125])
array('d', [37.5771484375, 9.242578125, -36.4568359375, 19.41875])
array('d', [36.876953125, 8.5423828125, -35.9900390625, 19.8388671875])
array('d', [36.876953125, 8.5423828125, -35.9900390625, 19.0919921875])
array('d', [37.250390625, 7.7021484375, -36.1767578125, 19.0919921875])
array('d', [37.437109375, 6.7685546875, -34.449609375, 18.7185546875])
array('d', [37.437109375, 6.7685546875, -35.663281250000004, 19.97890625])
array('d', [37.437109375, 7.0953125, -35.663281250000004, 19.97890625])
array('d', [37.437109375, 7.0953125, -35.663281250000004, 19.97890625])
array('d', [36.03671875, 5.7416015625000005, -35.85, 19.6521484375])
array('d', [36.03671875, 6.5818359375, -35.663281250000004, 18.4384765625])
array('d', [36.4568359375, 6.8619140625, -34.963085937500004, 16.7580078125])
array('d', [36.4568359375, 6.8619140625, -34.963085937500004, 16.7580078125])
array('d', [36.830273437500004, 5.9283203125, -35.8033203125, 18.298437500000002])
array('d', [35.85, 6.8619140625, -35.7099609375, 19.7921875])
array('d', [35.663281250000004, 6.3951171875, -34.91640625, 19.7921875])
array('d', [35.663281250000004, 6.3951171875, -34.91640625, 17.364843750000002])
array('d', [34.636328125, 6.3017578125, -35.569921875, 17.364843750000002])
array('d', [35.3365234375, 5.4615234375, -34.6830078125, 19.932226562500002])
array('d', [35.009765625, 6.8619140625, -35.9900390625, 19.1853515625])
array('d', [35.009765625, 6.8619140625, -35.9900390625, 18.8119140625])
array('d', [35.4765625, 6.721875000000001, -35.1498046875, 18.8119140625])
array('d', [37.437109375, 7.28203125, -34.6830078125, 18.8119140625])
array('d', [37.437109375, 7.28203125, -34.6830078125, 18.8119140625])
array('d', [37.437109375, 7.28203125, -34.6830078125, 18.8119140625])
array('d', [37.5771484375, 6.628515625, -33.9361328125, 17.8783203125])
array('d', [37.5771484375, 6.7685546875, -35.0564453125, 18.065039062500002])
array('d', [36.363476562500004, 6.7685546875, -35.0564453125, 18.065039062500002])
array('d', [36.363476562500004, 6.7685546875, -35.0564453125, 18.065039062500002])
array('d', [36.363476562500004, 6.7685546875, -35.0564453125, 18.065039062500002])
array('d', [35.5232421875, 6.5818359375, -34.4029296875, 19.0453125])
array('d', [35.4765625, 6.53515625, -34.076171875, 19.2787109375])
array('d', [37.1103515625, 7.748828125, -33.609375, 19.2787109375])
array('d', [37.1103515625, 7.748828125, -33.609375, 18.48515625])
array('d', [35.429882812500004, 7.188671875000001, -34.5896484375, 18.48515625])
array('d', [36.130078125000004, 7.7955078125, -33.1892578125, 19.885546875])
array('d', [35.943359375, 6.16171875, -33.8427734375, 20.1189453125])
array('d', [35.943359375, 6.16171875, -33.8427734375, 20.1189453125])
array('d', [35.943359375, 6.16171875, -33.8427734375, 20.1189453125])
array('d', [35.943359375, 7.3287109375, -33.2826171875, 19.0453125])
array('d', [36.0833984375, 7.3287109375, -33.2826171875, 19.41875])
array('d', [36.1767578125, 7.422070312500001, -33.702734375, 19.41875])
array('d', [36.1767578125, 7.422070312500001, -33.702734375, 19.41875])
array('d', [36.1767578125, 7.422070312500001, -33.702734375, 19.41875])
array('d', [36.03671875, 6.3017578125, -34.1228515625, 18.298437500000002])
array('d', [35.3365234375, 8.308984375, -34.1228515625, 18.998632812500002])
array('d', [35.28984375, 7.6087890625000005, -33.142578125, 19.41875])
array('d', [35.28984375, 7.6087890625000005, -33.6560546875, 19.3720703125])
array('d', [35.569921875, 6.4417968750000005, -33.6560546875, 19.3720703125])
array('d', [35.2431640625, 6.488476562500001, -35.0564453125, 18.391796875])
array('d', [34.636328125, 7.3753906250000005, -34.5896484375, 18.018359375])
array('d', [34.636328125, 7.3753906250000005, -34.5896484375, 18.018359375])
array('d', [34.3095703125, 7.562109375, -32.955859375, 18.1583984375])
array('d', [35.569921875, 6.16171875, -33.516015625, 18.765234375000002])
array('d', [35.569921875, 6.16171875, -33.516015625, 18.2517578125])
array('d', [35.0564453125, 6.3951171875, -33.9828125, 18.2517578125])
array('d', [34.7763671875, 5.5082031250000005, -33.7494140625, 18.578515625])
array('d', [34.262890625000004, 6.255078125000001, -33.6560546875, 18.671875])
array('d', [34.262890625000004, 6.255078125000001, -33.6560546875, 19.138671875])
array('d', [34.35625, 5.9750000000000005, -33.1892578125, 19.138671875])
array('d', [34.1228515625, 6.3484375, -33.516015625, 18.3451171875])
array('d', [33.796093750000004, 6.815234375, -32.67578125, 19.932226562500002])
array('d', [33.796093750000004, 6.815234375, -32.67578125, 19.932226562500002])
array('d', [33.142578125, 6.4417968750000005, -34.1228515625, 18.4384765625])
array('d', [35.569921875, 7.001953125, -31.0419921875, 19.2787109375])
array('d', [35.569921875, 7.001953125, -31.0419921875, 19.2787109375])
array('d', [35.569921875, 7.001953125, -31.0419921875, 19.2787109375])
array('d', [35.569921875, 7.001953125, -31.0419921875, 19.2787109375])
array('d', [34.029492187500004, 6.5818359375, -31.18203125, 19.0453125])
array('d', [34.35625, 7.3753906250000005, -32.4890625, 19.512109375])
array('d', [34.35625, 7.188671875000001, -32.022265625, 18.018359375])
array('d', [34.35625, 7.188671875000001, -32.022265625, 18.018359375])
array('d', [34.35625, 7.188671875000001, -32.022265625, 18.018359375])
array('d', [33.9828125, 7.3287109375, -32.629101562500004, 18.998632812500002])
array('d', [35.103125, 6.3484375, -31.18203125, 19.885546875])
array('d', [35.103125, 6.3484375, -31.18203125, 19.138671875])
array('d', [34.3095703125, 6.815234375, -31.368750000000002, 19.138671875])
array('d', [33.9361328125, 7.748828125, -31.18203125, 20.399023437500002])
array('d', [33.9361328125, 7.748828125, -31.2287109375, 18.9052734375])
array('d', [34.823046875, 6.53515625, -31.2287109375, 18.9052734375])
array('d', [34.823046875, 6.53515625, -31.2287109375, 18.9052734375])
array('d', [33.0025390625, 6.9085937500000005, -32.4423828125, 19.138671875])
array('d', [33.7494140625, 6.068359375, -31.602148437500002, 19.232031250000002])
array('d', [33.7494140625, 6.068359375, -31.602148437500002, 18.9052734375])
array('d', [34.16953125, 6.068359375, -30.2951171875, 18.9052734375])
array('d', [33.796093750000004, 6.53515625, -31.7421875, 19.5587890625])
array('d', [33.796093750000004, 5.9283203125, -32.022265625, 19.5587890625])
array('d', [34.6830078125, 5.3681640625, -32.629101562500004, 19.7921875])
array('d', [34.6830078125, 7.1419921875000005, -32.629101562500004, 18.765234375000002])
array('d', [33.2359375, 7.1419921875000005, -32.208984375, 18.765234375000002])
array('d', [33.1892578125, 6.3951171875, -31.088671875000003, 18.4384765625])
array('d', [33.1892578125, 6.3951171875, -31.088671875000003, 18.4384765625])
array('d', [33.1892578125, 6.3951171875, -31.088671875000003, 18.4384765625])
array('d', [33.142578125, 5.3681640625, -32.208984375, 17.925])
array('d', [33.7494140625, 4.387890625, -32.022265625, 19.60546875])
array('d', [33.7494140625, 5.134765625, -31.0419921875, 18.6251953125])
array('d', [32.629101562500004, 5.134765625, -31.0419921875, 18.6251953125])
array('d', [32.2556640625, 5.554882812500001, -30.528515625, 18.531835937500002])
array('d', [33.0025390625, 6.068359375, -30.855273437500003, 18.4384765625])
array('d', [33.0025390625, 4.6212890625, -31.088671875000003, 18.951953125])
array('d', [33.0025390625, 4.6212890625, -31.088671875000003, 18.951953125])
array('d', [32.769140625, 4.6212890625, -31.088671875000003, 18.85859375])
array('d', [32.3490234375, 6.4417968750000005, -31.4154296875, 18.85859375])
array('d', [32.769140625, 6.3017578125, -31.4154296875, 19.3720703125])
array('d', [33.04921875, 6.16171875, -30.9486328125, 17.73828125])
array('d', [33.04921875, 6.16171875, -32.022265625, 18.765234375000002])
array('d', [32.2556640625, 6.6751953125000005, -32.022265625, 18.765234375000002])
array('d', [33.0025390625, 6.8619140625, -29.688281250000003, 20.3056640625])
array('d', [33.0025390625, 6.8619140625, -29.688281250000003, 20.3056640625])
array('d', [33.0025390625, 6.8619140625, -29.688281250000003, 20.3056640625])
array('d', [33.42265625, 6.53515625, -30.341796875, 20.35234375])
array('d', [33.0025390625, 6.068359375, -29.5482421875, 19.325390625])
array('d', [33.0025390625, 6.068359375, -29.734960937500002, 18.998632812500002])
array('d', [33.0025390625, 6.068359375, -29.734960937500002, 18.998632812500002])
array('d', [33.0025390625, 6.068359375, -29.734960937500002, 18.998632812500002])
array('d', [32.67578125, 7.0953125, -29.734960937500002, 19.8388671875])
array('d', [33.04921875, 6.8619140625, -28.94140625, 19.8388671875])
array('d', [33.1892578125, 6.1150390625, -29.034765625000002, 19.6521484375])
array('d', [33.609375, 6.5818359375, -30.341796875, 20.165625000000002])
array('d', [33.095898437500004, 7.2353515625, -30.0150390625, 19.3720703125])
array('d', [33.095898437500004, 7.2353515625, -30.668554687500002, 20.35234375])
array('d', [33.562695312500004, 6.16171875, -30.668554687500002, 20.35234375])
array('d', [33.329296875000004, 5.554882812500001, -29.3615234375, 17.644921875])
array('d', [33.2826171875, 6.955273437500001, -29.875, 20.2123046875])
array('d', [32.5357421875, 6.53515625, -29.875, 20.2123046875])
array('d', [32.30234375, 6.068359375, -29.8283203125, 18.3451171875])
array('d', [31.275390625, 4.761328125, -30.155078125000003, 16.8513671875])
array('d', [32.115625, 5.41484375, -29.781640625, 18.578515625])
array('d', [32.115625, 6.4417968750000005, -30.4818359375, 18.998632812500002])
array('d', [31.92890625, 6.4417968750000005, -30.4818359375, 18.298437500000002])
array('d', [31.555468750000003, 5.788281250000001, -30.1083984375, 18.298437500000002])
array('d', [32.582421875, 4.29453125, -30.201757812500002, 17.925])
array('d', [31.18203125, 5.41484375, -29.8283203125, 18.4384765625])
array('d', [31.135351562500002, 6.16171875, -29.5482421875, 19.325390625])
array('d', [31.135351562500002, 6.16171875, -29.5482421875, 19.325390625])
array('d', [31.135351562500002, 6.16171875, -29.5482421875, 19.325390625])
array('d', [32.208984375, 5.8349609375, -29.734960937500002, 18.9052734375])
array('d', [31.602148437500002, 5.881640625, -29.0814453125, 17.925])
array('d', [31.602148437500002, 5.881640625, -29.0814453125, 18.48515625])
array('d', [31.368750000000002, 6.488476562500001, -28.2412109375, 18.48515625])
array('d', [31.462109375, 5.0880859375, -29.5482421875, 18.2517578125])
array('d', [32.162304687500004, 5.9750000000000005, -28.7080078125, 19.138671875])
array('d', [32.162304687500004, 5.9750000000000005, -28.7080078125, 19.138671875])
array('d', [32.162304687500004, 5.9750000000000005, -28.7080078125, 19.138671875])
array('d', [30.9486328125, 5.2748046875000005, -29.31484375, 18.2517578125])
array('d', [30.9486328125, 6.021679687500001, -28.988085937500003, 19.512109375])
array('d', [31.5087890625, 6.488476562500001, -29.034765625000002, 18.065039062500002])
array('d', [31.5087890625, 6.488476562500001, -29.034765625000002, 18.065039062500002])
array('d', [31.5087890625, 6.488476562500001, -29.034765625000002, 20.3056640625])
array('d', [31.555468750000003, 6.8619140625, -27.120898437500003, 18.4384765625])
array('d', [31.4154296875, 6.3484375, -28.8947265625, 19.3720703125])
array('d', [33.0025390625, 5.7416015625000005, -28.8947265625, 18.6251953125])
array('d', [31.322070312500003, 6.4417968750000005, -28.661328125, 19.7455078125])
array('d', [31.648828125, 6.4417968750000005, -28.661328125, 19.7455078125])
array('d', [31.788867187500003, 5.228125, -28.988085937500003, 19.232031250000002])
array('d', [32.629101562500004, 5.554882812500001, -28.801367187500002, 19.325390625])
array('d', [31.788867187500003, 5.554882812500001, -28.801367187500002, 19.325390625])
array('d', [30.855273437500003, 6.16171875, -28.521289062500003, 18.578515625])
array('d', [30.855273437500003, 6.16171875, -28.521289062500003, 19.3720703125])
array('d', [30.7619140625, 5.6015625, -28.19453125, 19.3720703125])
array('d', [30.388476562500003, 5.881640625, -28.567968750000002, 19.698828125000002])
array('d', [32.629101562500004, 5.3681640625, -27.867773437500002, 19.41875])
array('d', [32.629101562500004, 5.3681640625, -28.0078125, 18.4384765625])
array('d', [31.4154296875, 5.9750000000000005, -28.0078125, 18.4384765625])
array('d', [31.368750000000002, 5.0880859375, -28.19453125, 18.765234375000002])
array('d', [30.2484375, 5.134765625, -26.887500000000003, 20.9125])
array('d', [30.2484375, 5.134765625, -28.0078125, 18.671875])
array('d', [30.2484375, 5.134765625, -28.0078125, 18.671875])
array('d', [30.2484375, 5.134765625, -28.0078125, 18.671875])
array('d', [31.0419921875, 5.134765625, -25.860546875, 19.60546875])
array('d', [33.6560546875, 5.134765625, -25.860546875, 19.8388671875])
array('d', [31.088671875000003, 6.5818359375, -27.400976562500002, 19.8388671875])
array('d', [31.18203125, 5.6015625, -27.400976562500002, 21.6126953125])
array('d', [30.855273437500003, 6.53515625, -27.167578125000002, 21.6126953125])
array('d', [31.322070312500003, 6.6751953125000005, -25.20703125, 19.41875])
array('d', [32.8158203125, 6.488476562500001, -25.1603515625, 20.1189453125])
array('d', [32.8158203125, 6.488476562500001, -25.4404296875, 18.4384765625])
array('d', [31.835546875000002, 7.28203125, -25.4404296875, 18.4384765625])
array('d', [32.208984375, 7.3753906250000005, -26.233984375000002, 21.939453125])
array('d', [31.322070312500003, 7.422070312500001, -25.20703125, 20.399023437500002])
array('d', [32.2556640625, 7.001953125, -24.2267578125, 20.3056640625])
array('d', [32.2556640625, 7.001953125, -24.46015625, 20.6791015625])
array('d', [32.2556640625, 7.001953125, -24.46015625, 20.6791015625])
array('d', [32.2556640625, 7.001953125, -24.46015625, 20.6791015625])
array('d', [32.2556640625, 7.001953125, -24.46015625, 20.6791015625])
array('d', [32.30234375, 6.8619140625, -24.46015625, 19.325390625])
array('d', [32.208984375, 7.655468750000001, -25.39375, 19.325390625])
array('d', [31.275390625, 5.554882812500001, -25.3470703125, 19.885546875])
array('d', [31.648828125, 8.215625000000001, -25.673828125, 19.7921875])
array('d', [31.648828125, 8.215625000000001, -25.673828125, 20.4923828125])
array('d', [32.4890625, 6.8619140625, -24.9736328125, 20.4923828125])
array('d', [32.0689453125, 6.53515625, -25.300390625000002, 19.512109375])
array('d', [32.0689453125, 6.53515625, -25.487109375000003, 19.512109375])
array('d', [31.8822265625, 7.001953125, -26.140625, 19.512109375])
array('d', [31.835546875000002, 6.628515625, -24.740234375, 19.138671875])
array('d', [33.095898437500004, 6.628515625, -25.487109375000003, 19.885546875])
array('d', [31.322070312500003, 5.788281250000001, -25.487109375000003, 19.885546875])
array('d', [30.388476562500003, 6.3017578125, -26.187304687500003, 20.445703125])
array('d', [30.388476562500003, 6.3017578125, -26.187304687500003, 20.445703125])
array('d', [30.388476562500003, 6.3017578125, -26.187304687500003, 20.445703125])
array('d', [30.621875000000003, 5.8349609375, -26.140625, 20.0255859375])
array('d', [30.80859375, 5.6015625, -26.187304687500003, 18.8119140625])
array('d', [30.7619140625, 5.2748046875000005, -24.320117187500003, 18.671875])
array('d', [30.7619140625, 5.2748046875000005, -24.320117187500003, 18.671875])
array('d', [29.688281250000003, 5.9283203125, -26.140625, 17.131445312500002])
array('d', [29.688281250000003, 5.9283203125, -26.0939453125, 18.6251953125])
array('d', [30.1083984375, 5.5082031250000005, -26.0939453125, 18.6251953125])
array('d', [30.1083984375, 5.5082031250000005, -26.0939453125, 18.6251953125])
array('d', [30.1083984375, 5.5082031250000005, -26.0939453125, 18.6251953125])
array('d', [29.781640625, 5.3681640625, -26.000585937500002, 18.765234375000002])
array('d', [29.921679687500003, 5.4615234375, -26.794140625, 18.765234375000002])
array('d', [29.408203125, 6.1150390625, -27.167578125000002, 18.531835937500002])
array('d', [29.408203125, 6.1150390625, -27.167578125000002, 18.531835937500002])
array('d', [29.408203125, 6.1150390625, -27.167578125000002, 18.531835937500002])
array('d', [29.734960937500002, 4.4345703125, -25.487109375000003, 18.018359375])
array('d', [30.80859375, 5.0880859375, -25.300390625000002, 19.0919921875])
array('d', [30.80859375, 5.0880859375, -25.300390625000002, 18.998632812500002])
array('d', [29.0814453125, 5.788281250000001, -25.300390625000002, 18.998632812500002])
array('d', [29.8283203125, 5.6482421875, -25.9072265625, 17.73828125])
array('d', [29.8283203125, 5.6482421875, -24.926953125, 17.271484375])
array('d', [30.4818359375, 5.7416015625000005, -24.926953125, 17.271484375])
array('d', [30.4818359375, 5.7416015625000005, -24.926953125, 17.271484375])
array('d', [30.4818359375, 5.7416015625000005, -24.926953125, 17.271484375])
array('d', [30.4818359375, 5.7416015625000005, -24.926953125, 17.271484375])
array('d', [29.1748046875, 5.9283203125, -25.673828125, 18.671875])
array('d', [30.388476562500003, 5.8349609375, -25.673828125, 18.671875])
array('d', [30.0150390625, 5.0880859375, -24.46015625, 18.48515625])
array('d', [30.0150390625, 5.0880859375, -24.46015625, 18.48515625])
array('d', [30.0150390625, 5.0880859375, -24.46015625, 18.48515625])
array('d', [29.31484375, 5.2748046875000005, -25.953906250000003, 18.578515625])
array('d', [29.6416015625, 5.694921875, -25.020312500000003, 18.6251953125])
array('d', [29.6416015625, 5.694921875, -24.2267578125, 18.48515625])
array('d', [29.034765625000002, 5.4615234375, -24.2267578125, 18.48515625])
array('d', [30.341796875, 5.3681640625, -24.926953125, 18.2517578125])
array('d', [29.968359375000002, 5.321484375000001, -24.2267578125, 18.578515625])
array('d', [29.968359375000002, 5.321484375000001, -24.2267578125, 18.578515625])
array('d', [29.8283203125, 4.2478515625, -24.0400390625, 17.6916015625])
array('d', [29.408203125, 5.4615234375, -24.4134765625, 19.7921875])
array('d', [29.408203125, 5.788281250000001, -24.180078125, 18.85859375])
array('d', [29.968359375000002, 5.788281250000001, -24.180078125, 18.85859375])
array('d', [29.594921875, 5.41484375, -25.1603515625, 18.578515625])
array('d', [28.38125, 5.2748046875000005, -24.833593750000002, 18.065039062500002])
array('d', [29.268164062500002, 5.2748046875000005, -24.833593750000002, 18.065039062500002])
array('d', [29.268164062500002, 4.5746093750000005, -23.153125000000003, 19.41875])
array('d', [29.734960937500002, 5.0880859375, -23.993359375, 19.232031250000002])
array('d', [28.848046875, 5.2748046875000005, -25.1603515625, 18.1583984375])
array('d', [29.0814453125, 5.788281250000001, -23.993359375, 18.3451171875])
array('d', [29.128125, 6.16171875, -24.8802734375, 17.6916015625])
array('d', [29.128125, 5.4615234375, -23.5732421875, 17.5515625])
array('d', [29.3615234375, 5.4615234375, -23.5732421875, 17.5515625])
array('d', [29.3615234375, 5.4615234375, -23.5732421875, 17.5515625])
array('d', [29.3615234375, 5.4615234375, -23.5732421875, 17.5515625])
array('d', [30.1083984375, 5.788281250000001, -24.320117187500003, 19.0919921875])
array('d', [30.341796875, 5.6482421875, -23.71328125, 18.48515625])
array('d', [30.341796875, 5.788281250000001, -24.086718750000003, 19.41875])
array('d', [30.341796875, 5.788281250000001, -24.086718750000003, 19.41875])
array('d', [28.6146484375, 5.321484375000001, -23.4798828125, 18.48515625])
array('d', [28.6146484375, 5.321484375000001, -23.5732421875, 19.97890625])
array('d', [29.454882812500003, 5.228125, -23.5732421875, 19.97890625])
array('d', [29.454882812500003, 5.228125, -23.5732421875, 19.97890625])
array('d', [29.454882812500003, 5.228125, -23.5732421875, 19.97890625])
array('d', [29.454882812500003, 5.228125, -23.5732421875, 19.97890625])
array('d', [29.688281250000003, 5.0880859375, -23.0130859375, 18.671875])
array('d', [29.454882812500003, 6.4417968750000005, -23.1064453125, 18.671875])
array('d', [28.334570312500002, 6.068359375, -23.806640625, 17.271484375])
array('d', [28.334570312500002, 6.068359375, -23.806640625, 17.271484375])
array('d', [28.801367187500002, 5.9283203125, -24.2734375, 18.8119140625])
array('d', [29.688281250000003, 6.021679687500001, -22.59296875, 18.531835937500002])
array('d', [28.801367187500002, 5.321484375000001, -23.4798828125, 17.8783203125])
array('d', [28.801367187500002, 5.321484375000001, -23.246484375, 18.7185546875])
array('d', [28.4279296875, 5.1814453125, -23.246484375, 18.7185546875])
array('d', [28.848046875, 6.1150390625, -23.4798828125, 17.458203125])
array('d', [28.848046875, 4.6212890625, -24.786914062500003, 18.85859375])
array('d', [29.454882812500003, 4.948046875, -23.0130859375, 18.065039062500002])
array('d', [29.0814453125, 4.948046875, -23.0130859375, 17.644921875])
array('d', [28.7080078125, 5.788281250000001, -24.086718750000003, 17.644921875])
array('d', [27.541015625, 5.5082031250000005, -23.619921875000003, 17.6916015625])
array('d', [27.867773437500002, 4.201171875, -23.853320312500003, 15.3576171875])
array('d', [27.867773437500002, 4.201171875, -24.366796875000002, 17.644921875])
array('d', [28.521289062500003, 4.201171875, -24.366796875000002, 17.644921875])
array('d', [28.521289062500003, 4.201171875, -24.366796875000002, 17.644921875])
array('d', [27.821093750000003, 5.788281250000001, -22.40625, 17.9716796875])
array('d', [27.400976562500002, 5.6015625, -23.1064453125, 18.3451171875])
array('d', [27.400976562500002, 5.6015625, -23.1064453125, 18.3451171875])
array('d', [27.400976562500002, 5.321484375000001, -23.9466796875, 18.48515625])
array('d', [28.474609375, 4.29453125, -23.7599609375, 20.3056640625])
array('d', [27.541015625, 5.5082031250000005, -24.086718750000003, 17.7849609375])
array('d', [27.541015625, 5.5082031250000005, -24.086718750000003, 17.7849609375])
array('d', [28.334570312500002, 4.9013671875, -22.3595703125, 19.0453125])
array('d', [26.3740234375, 5.228125, -23.059765625, 17.3181640625])
array('d', [28.7080078125, 4.8080078125000005, -24.2734375, 19.138671875])
array('d', [28.7080078125, 4.8080078125000005, -24.2734375, 19.138671875])
array('d', [28.19453125, 5.6482421875, -23.2931640625, 18.298437500000002])
array('d', [27.3076171875, 5.9750000000000005, -21.8927734375, 17.4115234375])
array('d', [28.19453125, 4.9013671875, -22.0794921875, 17.8783203125])
array('d', [27.7744140625, 4.6212890625, -23.5732421875, 18.85859375])
array('d', [27.7744140625, 4.6212890625, -23.5732421875, 18.1583984375])
array('d', [27.07421875, 3.9677734375, -23.5732421875, 17.458203125])
array('d', [27.07421875, 3.9677734375, -23.5732421875, 17.458203125])
array('d', [27.07421875, 3.9677734375, -23.5732421875, 17.458203125])
array('d', [27.07421875, 3.9677734375, -23.5732421875, 17.458203125])
array('d', [27.0275390625, 4.7146484375, -22.8263671875, 17.458203125])
array('d', [27.44765625, 4.66796875, -22.266210937500002, 16.5712890625])
array('d', [27.400976562500002, 5.8349609375, -22.8263671875, 16.898046875000002])
array('d', [27.400976562500002, 5.8349609375, -22.8263671875, 16.898046875000002])
array('d', [27.3076171875, 4.8080078125000005, -24.4134765625, 17.5515625])
array('d', [26.794140625, 4.948046875, -23.853320312500003, 17.5515625])
array('d', [27.2609375, 4.761328125, -21.986132812500003, 17.4115234375])
array('d', [26.5607421875, 4.5279296875, -22.7796875, 19.0919921875])
array('d', [27.400976562500002, 3.17421875, -22.312890625, 17.9716796875])
array('d', [26.7474609375, 5.41484375, -23.0130859375, 18.998632812500002])
array('d', [27.3076171875, 5.1814453125, -21.7060546875, 17.644921875])
array('d', [26.32734375, 4.5746093750000005, -22.7796875, 18.7185546875])
array('d', [26.32734375, 4.5746093750000005, -22.7796875, 18.7185546875])
array('d', [26.32734375, 4.5746093750000005, -22.7796875, 18.7185546875])
array('d', [26.700781250000002, 5.554882812500001, -22.919726562500003, 18.205078125])
array('d', [27.354296875000003, 5.6015625, -21.752734375000003, 18.9052734375])
array('d', [27.727734375, 6.5818359375, -21.752734375000003, 18.9052734375])
array('d', [27.727734375, 6.5818359375, -21.752734375000003, 18.9052734375])
array('d', [26.934179687500002, 5.321484375000001, -21.379296875, 18.4384765625])
array('d', [27.120898437500003, 4.66796875, -22.0794921875, 18.671875])
array('d', [27.120898437500003, 4.66796875, -21.285937500000003, 17.131445312500002])
array('d', [27.867773437500002, 4.5279296875, -21.285937500000003, 17.131445312500002])
array('d', [27.354296875000003, 4.29453125, -21.659375, 18.531835937500002])
array('d', [27.541015625, 5.0880859375, -21.519335937500003, 18.205078125])
array('d', [27.541015625, 5.0880859375, -21.519335937500003, 18.205078125])
array('d', [26.5607421875, 4.66796875, -21.752734375000003, 17.178125])
array('d', [26.700781250000002, 4.948046875, -22.873046875, 16.151171875])
array('d', [25.8138671875, 3.8744140625, -22.873046875, 16.151171875])
array('d', [25.8138671875, 3.8744140625, -22.873046875, 16.151171875])
array('d', [25.8138671875, 3.8744140625, -22.873046875, 16.151171875])
array('d', [26.607421875, 4.4345703125, -22.126171875, 19.3720703125])
array('d', [26.233984375000002, 4.9013671875, -22.59296875, 16.9447265625])
array('d', [26.187304687500003, 4.387890625, -22.126171875, 17.4115234375])
array('d', [27.3076171875, 5.1814453125, -21.7060546875, 16.8046875])
array('d', [25.953906250000003, 4.3412109375000005, -22.219531250000003, 17.9716796875])
array('d', [25.953906250000003, 4.3412109375000005, -22.219531250000003, 16.24453125])
array('d', [25.953906250000003, 4.3412109375000005, -22.219531250000003, 16.24453125])
array('d', [25.3470703125, 4.761328125, -22.266210937500002, 16.5712890625])
array('d', [26.3740234375, 3.4076171875, -23.199804687500002, 16.5712890625])
array('d', [26.794140625, 3.267578125, -23.1064453125, 17.0380859375])
array('d', [26.794140625, 3.267578125, -23.1064453125, 17.0380859375])
array('d', [26.794140625, 3.267578125, -23.1064453125, 17.0380859375])
array('d', [25.720507812500003, 4.8546875, -22.40625, 17.131445312500002])
array('d', [25.4404296875, 4.9013671875, -22.733007812500002, 17.598242187500002])
array('d', [25.20703125, 4.948046875, -21.47265625, 16.99140625])
array('d', [26.2806640625, 3.267578125, -20.399023437500002, 17.73828125])
array('d', [25.860546875, 4.201171875, -20.9125, 17.2248046875])
array('d', [26.0939453125, 5.3681640625, -20.6791015625, 17.458203125])
array('d', [26.0939453125, 5.3681640625, -20.6791015625, 17.4115234375])
array('d', [24.9736328125, 4.761328125, -21.332617187500002, 17.4115234375])
array('d', [26.5140625, 4.201171875, -20.445703125, 16.9447265625])
array('d', [25.9072265625, 5.134765625, -19.3720703125, 16.7580078125])
array('d', [25.9072265625, 5.0880859375, -21.47265625, 17.4115234375])
array('d', [24.833593750000002, 5.0880859375, -21.47265625, 17.4115234375])
array('d', [25.4404296875, 4.9947265625, -21.2392578125, 17.8783203125])
array('d', [24.366796875000002, 5.321484375000001, -20.72578125, 17.178125])
array('d', [24.366796875000002, 3.9210937500000003, -21.939453125, 18.018359375])
array('d', [25.6271484375, 3.9210937500000003, -21.939453125, 18.018359375])
array('d', [25.6271484375, 3.9210937500000003, -21.939453125, 18.018359375])
array('d', [25.4404296875, 5.788281250000001, -21.6126953125, 18.11171875])
array('d', [24.9736328125, 4.9947265625, -20.2123046875, 18.11171875])
array('d', [26.140625, 5.3681640625, -21.099218750000002, 16.337890625])
array('d', [26.140625, 3.3609375000000004, -21.799414062500002, 16.337890625])
array('d', [25.6271484375, 3.3609375000000004, -21.799414062500002, 17.2248046875])
array('d', [24.6935546875, 4.948046875, -21.099218750000002, 16.0111328125])
array('d', [24.2267578125, 3.7810546875, -21.2392578125, 16.524609375])
array('d', [24.646875, 3.7810546875, -21.005859375, 16.4779296875])
array('d', [24.646875, 3.0341796875, -21.8927734375, 16.664648437500002])
array('d', [25.953906250000003, 3.0341796875, -21.8927734375, 16.664648437500002])
array('d', [25.953906250000003, 3.0341796875, -21.8927734375, 16.2912109375])
array('d', [25.953906250000003, 3.0341796875, -21.8927734375, 16.2912109375])
array('d', [24.086718750000003, 3.6876953125000003, -21.752734375000003, 15.077539062500001])
array('d', [24.086718750000003, 3.6876953125000003, -21.752734375000003, 16.898046875000002])
array('d', [24.8802734375, 3.2208984375000003, -21.1458984375, 15.450976562500001])
array('d', [25.487109375000003, 3.1275390625000004, -21.566015625000002, 15.450976562500001])
array('d', [24.9736328125, 3.2208984375000003, -21.4259765625, 16.3845703125])
array('d', [23.7599609375, 4.6212890625, -21.052539062500003, 15.310937500000001])
array('d', [23.7599609375, 4.6212890625, -21.052539062500003, 15.310937500000001])
array('d', [23.900000000000002, 4.014453125, -20.7724609375, 17.831640625000002])
array('d', [24.086718750000003, 4.4345703125, -20.4923828125, 16.99140625])
array('d', [24.786914062500003, 4.5279296875, -20.4923828125, 17.4115234375])
array('d', [25.6271484375, 3.8744140625, -19.7455078125, 16.337890625])
array('d', [25.6271484375, 3.8744140625, -19.97890625, 17.6916015625])
array('d', [24.553515625000003, 5.321484375000001, -19.97890625, 18.11171875])
array('d', [24.600195312500002, 4.948046875, -18.578515625, 18.11171875])
array('d', [24.133398437500002, 5.0414062500000005, -21.052539062500003, 16.9447265625])
array('d', [25.39375, 4.66796875, -19.232031250000002, 17.925])
array('d', [25.720507812500003, 4.6212890625, -19.2787109375, 17.925])
array('d', [25.720507812500003, 4.6212890625, -19.2787109375, 17.925])
array('d', [25.720507812500003, 4.6212890625, -19.6521484375, 18.2517578125])
array('d', [25.39375, 5.321484375000001, -19.6521484375, 18.2517578125])
array('d', [24.833593750000002, 5.0880859375, -19.885546875, 18.065039062500002])
array('d', [24.833593750000002, 5.0880859375, -19.885546875, 18.065039062500002])
array('d', [25.673828125, 5.2748046875000005, -19.698828125000002, 18.2517578125])
array('d', [25.953906250000003, 4.7146484375, -19.1853515625, 17.4115234375])
array('d', [24.926953125, 4.9013671875, -19.1853515625, 17.5048828125])
array('d', [24.926953125, 4.9013671875, -19.2787109375, 17.598242187500002])
array('d', [24.740234375, 4.201171875, -19.2787109375, 17.598242187500002])
array('d', [24.0400390625, 4.948046875, -20.0255859375, 17.4115234375])
array('d', [25.860546875, 4.9947265625, -18.9052734375, 15.917773437500001])
array('d', [25.860546875, 4.9013671875, -18.7185546875, 16.2912109375])
array('d', [26.3740234375, 4.9013671875, -18.7185546875, 16.8513671875])
array('d', [25.1603515625, 4.9947265625, -20.1189453125, 16.8513671875])
array('d', [23.900000000000002, 4.8080078125000005, -19.465429687500002, 18.2517578125])
array('d', [23.900000000000002, 4.8080078125000005, -19.465429687500002, 16.2912109375])
array('d', [25.39375, 5.2748046875000005, -18.671875, 16.2912109375])
array('d', [25.39375, 5.2748046875000005, -18.671875, 16.2912109375])
array('d', [24.46015625, 4.7146484375, -19.232031250000002, 15.917773437500001])
array('d', [24.600195312500002, 4.7146484375, -19.232031250000002, 17.831640625000002])
array('d', [24.926953125, 4.6212890625, -19.138671875, 17.831640625000002])
array('d', [25.020312500000003, 3.4542968750000003, -18.671875, 16.3845703125])
array('d', [25.020312500000003, 4.9013671875, -19.0919921875, 16.99140625])
array('d', [24.926953125, 4.9013671875, -19.0919921875, 16.664648437500002])
array('d', [25.20703125, 5.321484375000001, -17.73828125, 16.664648437500002])
array('d', [24.2734375, 5.9750000000000005, -18.1583984375, 17.084765625])
array('d', [24.553515625000003, 4.9947265625, -18.951953125, 17.925])
array('d', [24.553515625000003, 4.9947265625, -18.3451171875, 17.9716796875])
array('d', [24.553515625000003, 4.9947265625, -18.3451171875, 17.9716796875])
array('d', [24.553515625000003, 4.9947265625, -18.3451171875, 17.9716796875])
array('d', [24.553515625000003, 4.9947265625, -18.3451171875, 17.9716796875])
array('d', [24.786914062500003, 4.6212890625, -18.018359375, 17.9716796875])
array('d', [24.786914062500003, 4.6212890625, -18.018359375, 17.9716796875])
array('d', [24.646875, 4.761328125, -17.7849609375, 17.73828125])
array('d', [25.533789062500002, 5.554882812500001, -17.644921875, 18.018359375])
array('d', [25.6271484375, 4.5746093750000005, -17.8783203125, 17.4115234375])
array('d', [25.6271484375, 4.5746093750000005, -17.8783203125, 18.205078125])
array('d', [24.646875, 4.7146484375, -17.9716796875, 18.205078125])
array('d', [24.646875, 4.7146484375, -17.9716796875, 18.205078125])
array('d', [24.646875, 4.7146484375, -17.9716796875, 18.205078125])
array('d', [24.646875, 4.7146484375, -17.9716796875, 18.205078125])
array('d', [24.9736328125, 4.948046875, -18.3451171875, 17.5048828125])
array('d', [24.086718750000003, 4.761328125, -17.8783203125, 16.5712890625])
array('d', [24.086718750000003, 4.761328125, -18.531835937500002, 17.131445312500002])
array('d', [24.086718750000003, 4.761328125, -18.531835937500002, 17.131445312500002])
array('d', [24.086718750000003, 4.761328125, -18.531835937500002, 17.131445312500002])
array('d', [24.086718750000003, 4.761328125, -18.531835937500002, 17.131445312500002])
array('d', [23.433203125000002, 4.9947265625, -18.2517578125, 17.5515625])
array('d', [24.646875, 4.7146484375, -18.2517578125, 17.5515625])
array('d', [24.8802734375, 4.014453125, -19.465429687500002, 16.151171875])
array('d', [23.199804687500002, 3.734375, -19.0453125, 16.8513671875])
array('d', [23.199804687500002, 3.734375, -19.0453125, 16.711328125])
array('d', [23.153125000000003, 3.8744140625, -18.7185546875, 16.711328125])
array('d', [22.966406250000002, 3.6876953125000003, -19.6521484375, 16.2912109375])
array('d', [22.966406250000002, 3.6876953125000003, -19.6521484375, 16.2912109375])
array('d', [22.966406250000002, 3.6876953125000003, -19.6521484375, 16.2912109375])
array('d', [22.966406250000002, 3.6876953125000003, -19.6521484375, 16.2912109375])
array('d', [23.059765625, 3.6876953125000003, -19.97890625, 15.3576171875])
array('d', [23.059765625, 3.6876953125000003, -20.3056640625, 15.591015625])
array('d', [23.153125000000003, 4.8546875, -20.3056640625, 15.591015625])
array('d', [22.499609375000002, 3.8744140625, -19.8388671875, 16.524609375])
array('d', [22.3595703125, 3.4542968750000003, -19.7455078125, 15.684375000000001])
array('d', [22.3595703125, 3.4542968750000003, -19.7455078125, 16.337890625])
array('d', [22.919726562500003, 2.9408203125, -18.2517578125, 16.337890625])
array('d', [21.799414062500002, 2.333984375, -18.4384765625, 16.2912109375])
array('d', [22.686328125000003, 3.4542968750000003, -18.7185546875, 16.1044921875])
array('d', [22.686328125000003, 3.4542968750000003, -18.7185546875, 16.664648437500002])
array('d', [22.452929687500003, 3.641015625, -18.765234375000002, 16.664648437500002])
array('d', [23.666601562500002, 3.9210937500000003, -19.2787109375, 16.24453125])
array('d', [24.180078125, 4.0611328125, -18.298437500000002, 15.7310546875])
array('d', [23.666601562500002, 4.948046875, -19.1853515625, 15.7310546875])
array('d', [23.666601562500002, 4.948046875, -19.1853515625, 17.0380859375])
array('d', [23.386523437500003, 3.54765625, -17.3181640625, 17.0380859375])
array('d', [23.5265625, 4.48125, -17.644921875, 18.3451171875])
array('d', [23.386523437500003, 2.6140625, -18.765234375000002, 16.151171875])
array('d', [23.386523437500003, 2.6140625, -18.578515625, 15.12421875])
array('d', [22.40625, 2.5207031250000003, -18.578515625, 15.12421875])
array('d', [19.3720703125, -0.653515625, -20.5390625, 14.844140625000001])
array('d', [19.465429687500002, -1.7271484375000001, -21.332617187500002, 1.0269531250000001])
array('d', [19.465429687500002, -1.7271484375000001, -19.0919921875, -0.466796875])
array('d', [20.165625000000002, 0.046679687500000004, -19.0919921875, -0.466796875])
array('d', [20.165625000000002, 0.046679687500000004, -19.0919921875, -0.466796875])
array('d', [19.232031250000002, -0.2333984375, -19.8388671875, 0.280078125])
array('d', [19.60546875, 0.0, -19.465429687500002, 0.280078125])
array('d', [20.9591796875, 0.046679687500000004, -19.465429687500002, 0.6068359375])
array('d', [20.9591796875, 0.046679687500000004, -19.465429687500002, 0.6068359375])
array('d', [20.9591796875, 0.046679687500000004, -19.465429687500002, 0.6068359375])
array('d', [21.005859375, -1.0736328125, -18.9052734375, -0.046679687500000004])
array('d', [21.84609375, -0.466796875, -18.578515625, 0.37343750000000003])
array('d', [21.84609375, -0.466796875, -19.512109375, 0.42011718750000004])
array('d', [21.84609375, -0.466796875, -19.512109375, 0.42011718750000004])
array('d', [21.84609375, -0.466796875, -19.512109375, 0.42011718750000004])
array('d', [21.519335937500003, -0.6068359375, -18.578515625, 0.466796875])
array('d', [21.099218750000002, -0.6068359375, -18.578515625, 0.466796875])
array('d', [20.72578125, -0.9802734375000001, -18.671875, 0.2333984375])
array('d', [20.865820312500002, -0.5134765625000001, -17.644921875, 0.466796875])
array('d', [20.865820312500002, -0.5134765625000001, -19.5587890625, -0.2333984375])
array('d', [21.099218750000002, -0.6068359375, -19.5587890625, -0.2333984375])
array('d', [20.9125, 0.2333984375, -19.325390625, -0.046679687500000004])
array('d', [20.9125, 0.2333984375, -19.325390625, -0.046679687500000004])
array('d', [20.9125, 0.2333984375, -19.325390625, -0.046679687500000004])
array('d', [20.9125, 0.2333984375, -19.325390625, -0.046679687500000004])
array('d', [21.332617187500002, 0.1400390625, -18.48515625, -0.0])
array('d', [21.332617187500002, -0.046679687500000004, -19.325390625, -0.8869140625])
array('d', [21.332617187500002, -0.046679687500000004, -19.325390625, -0.0])
array('d', [20.4923828125, 0.046679687500000004, -19.7455078125, -0.0])
array('d', [21.285937500000003, -0.280078125, -19.325390625, -0.2333984375])
array('d', [21.285937500000003, -0.280078125, -19.138671875, 0.466796875])
array('d', [20.9125, -0.653515625, -19.138671875, 0.466796875])
array('d', [21.1458984375, 0.1400390625, -19.138671875, 0.18671875000000002])
array('d', [21.099218750000002, -0.7468750000000001, -19.138671875, 0.09335937500000001])
array('d', [21.099218750000002, -0.6068359375, -18.018359375, 0.18671875000000002])
array('d', [21.379296875, -0.6068359375, -18.018359375, 0.466796875])
array('d', [21.1458984375, 0.046679687500000004, -18.9052734375, 0.466796875])
array('d', [20.4923828125, -0.18671875000000002, -19.138671875, 0.280078125])
array('d', [21.099218750000002, 0.6068359375, -19.138671875, 0.280078125])
array('d', [21.099218750000002, 0.6068359375, -20.2123046875, -0.18671875000000002])
array('d', [20.6791015625, -0.653515625, -19.5587890625, -0.18671875000000002])
array('d', [20.258984375, -0.653515625, -19.5587890625, -0.18671875000000002])
array('d', [20.72578125, -0.280078125, -19.138671875, 0.18671875000000002])
array('d', [21.1458984375, 0.7001953125, -19.138671875, 0.046679687500000004])
array('d', [21.005859375, 0.1400390625, -19.7455078125, -0.42011718750000004])
array('d', [21.005859375, 0.1400390625, -18.671875, -0.046679687500000004])
array('d', [20.6791015625, 0.3267578125, -18.671875, -0.046679687500000004])
array('d', [20.865820312500002, -0.653515625, -19.325390625, -0.046679687500000004])
array('d', [21.1458984375, -0.653515625, -19.325390625, -0.046679687500000004])
array('d', [21.1458984375, -0.653515625, -19.325390625, -0.046679687500000004])
array('d', [21.1458984375, -0.7468750000000001, -18.018359375, -0.046679687500000004])
array('d', [21.519335937500003, 0.7001953125, -18.48515625, 0.466796875])
array('d', [20.6791015625, -0.1400390625, -18.2517578125, 0.046679687500000004])
array('d', [21.099218750000002, -0.653515625, -19.97890625, 0.5134765625000001])
array('d', [21.099218750000002, -0.653515625, -18.9052734375, -0.280078125])
array('d', [21.332617187500002, 0.2333984375, -18.9052734375, -0.280078125])
array('d', [20.9125, -0.653515625, -18.671875, -0.42011718750000004])
array('d', [21.285937500000003, 0.046679687500000004, -18.671875, 0.18671875000000002])
array('d', [21.285937500000003, 0.046679687500000004, -18.671875, 0.18671875000000002])
array('d', [21.1458984375, 0.42011718750000004, -17.831640625000002, 0.046679687500000004])
array('d', [21.099218750000002, -0.280078125, -17.831640625000002, 0.046679687500000004])
array('d', [21.099218750000002, -0.280078125, -18.2517578125, -0.466796875])
array('d', [21.099218750000002, 0.2333984375, -19.325390625, -0.466796875])
array('d', [20.72578125, -0.18671875000000002, -19.138671875, 0.046679687500000004])
array('d', [20.72578125, -0.18671875000000002, -19.138671875, 0.046679687500000004])
array('d', [20.72578125, -0.18671875000000002, -19.138671875, 0.046679687500000004])
array('d', [21.099218750000002, -0.1400390625, -19.325390625, -0.1400390625])
array('d', [21.1458984375, 0.2333984375, -18.9052734375, -0.18671875000000002])
array('d', [21.1458984375, -0.18671875000000002, -17.598242187500002, 0.046679687500000004])
array('d', [20.9125, -0.18671875000000002, -17.598242187500002, 0.046679687500000004])
array('d', [20.9591796875, -0.6068359375, -19.97890625, -0.1400390625])
array('d', [20.9591796875, -0.1400390625, -19.5587890625, 0.046679687500000004])
array('d', [20.9591796875, -0.1400390625, -19.5587890625, 0.046679687500000004])
array('d', [20.9591796875, -0.1400390625, -19.5587890625, 0.046679687500000004])
array('d', [20.9591796875, -0.1400390625, -19.5587890625, 0.046679687500000004])
array('d', [20.9591796875, -0.1400390625, -19.5587890625, 0.046679687500000004])
array('d', [21.379296875, 0.56015625, -18.48515625, -0.42011718750000004])
array('d', [20.4923828125, -0.18671875000000002, -18.671875, -0.42011718750000004])
array('d', [20.4923828125, -0.18671875000000002, -18.671875, -0.42011718750000004])
array('d', [21.099218750000002, 0.7001953125, -18.9052734375, 0.046679687500000004])
array('d', [20.9125, -0.18671875000000002, -19.138671875, -0.5134765625000001])
array('d', [21.099218750000002, 0.7001953125, -19.325390625, 0.18671875000000002])
array('d', [21.332617187500002, -0.1400390625, -19.138671875, -0.5134765625000001])
array('d', [21.332617187500002, -0.1400390625, -19.97890625, -0.1400390625])
array('d', [21.285937500000003, -0.6068359375, -19.97890625, -0.1400390625])
array('d', [20.9591796875, 0.56015625, -19.138671875, 0.046679687500000004])
array('d', [21.099218750000002, -0.046679687500000004, -19.325390625, -0.1400390625])
array('d', [21.1458984375, -0.653515625, -18.018359375, 0.046679687500000004])
array('d', [21.1458984375, -0.653515625, -18.018359375, 0.046679687500000004])
array('d', [21.1458984375, -0.653515625, -18.018359375, 0.046679687500000004])
array('d', [21.332617187500002, 0.280078125, -18.671875, 0.18671875000000002])
array('d', [20.72578125, -0.653515625, -18.9052734375, -0.18671875000000002])
array('d', [21.6126953125, -0.046679687500000004, -18.018359375, -0.046679687500000004])
array('d', [20.865820312500002, 0.7001953125, -18.671875, 0.046679687500000004])
array('d', [20.865820312500002, -0.7468750000000001, -19.138671875, -0.280078125])
array('d', [20.865820312500002, -0.7468750000000001, -19.97890625, -0.09335937500000001])
array('d', [20.865820312500002, -0.7468750000000001, -19.97890625, -0.09335937500000001])
array('d', [20.9125, 0.280078125, -19.97890625, -0.1400390625])
array('d', [21.1458984375, 0.7001953125, -18.48515625, -0.1400390625])
array('d', [21.332617187500002, -0.18671875000000002, -19.5587890625, -0.466796875])
array('d', [20.72578125, 1.0269531250000001, -18.9052734375, 0.09335937500000001])
array('d', [21.285937500000003, 0.7001953125, -18.9052734375, 0.18671875000000002])
array('d', [21.285937500000003, 0.7001953125, -18.9052734375, -0.280078125])
array('d', [21.1458984375, 0.7001953125, -18.9052734375, -0.280078125])
array('d', [20.6791015625, 1.1669921875, -18.671875, -0.1400390625])
array('d', [20.6791015625, 0.7001953125, -18.48515625, 0.046679687500000004])
array('d', [20.6791015625, 0.7001953125, -18.48515625, 0.046679687500000004])
array('d', [20.6791015625, 0.7001953125, -18.48515625, -0.18671875000000002])
array('d', [20.6791015625, 0.280078125, -20.2123046875, 0.09335937500000001])
array('d', [21.1458984375, 0.1400390625, -19.325390625, 0.09335937500000001])
array('d', [21.285937500000003, 0.280078125, -19.7455078125, -0.18671875000000002])
array('d', [21.566015625000002, 0.6068359375, -18.671875, 0.09335937500000001])
array('d', [20.9125, 0.2333984375, -18.018359375, 0.046679687500000004])
array('d', [20.9125, -0.653515625, -18.671875, 0.3267578125])
array('d', [20.9125, -0.7468750000000001, -18.9052734375, 0.046679687500000004])
array('d', [21.052539062500003, -0.7468750000000001, -18.9052734375, 0.046679687500000004])
array('d', [21.2392578125, 0.1400390625, -17.598242187500002, 0.18671875000000002])
array('d', [21.379296875, 0.37343750000000003, -18.9052734375, 0.046679687500000004])
array('d', [21.379296875, 0.37343750000000003, -18.9052734375, 0.046679687500000004])
array('d', [20.865820312500002, -0.18671875000000002, -19.97890625, 0.280078125])
array('d', [20.9125, 0.280078125, -19.138671875, -0.42011718750000004])
array('d', [20.9125, 0.280078125, -19.5587890625, -0.046679687500000004])
array('d', [20.9125, 0.280078125, -19.5587890625, -0.046679687500000004])
array('d', [20.865820312500002, 0.7468750000000001, -19.5587890625, -0.046679687500000004])
array('d', [21.1458984375, -0.1400390625, -19.325390625, 0.09335937500000001])
array('d', [20.9591796875, 0.1400390625, -19.97890625, 0.42011718750000004])
array('d', [20.9591796875, 0.1400390625, -19.97890625, 0.42011718750000004])
array('d', [21.379296875, 0.2333984375, -18.48515625, -0.046679687500000004])
array('d', [20.6791015625, 0.6068359375, -18.671875, -0.280078125])
array('d', [20.6791015625, 0.6068359375, -19.5587890625, 0.046679687500000004])
array('d', [20.9125, -0.653515625, -19.5587890625, 0.046679687500000004])
array('d', [21.519335937500003, 0.37343750000000003, -18.48515625, -0.09335937500000001])
array('d', [21.566015625000002, 1.0736328125, -19.138671875, 0.1400390625])
array('d', [21.566015625000002, 1.0736328125, -19.138671875, 0.046679687500000004])
array('d', [21.566015625000002, 1.0736328125, -19.138671875, 0.046679687500000004])
array('d', [21.566015625000002, 1.0736328125, -19.138671875, 0.046679687500000004])
array('d', [21.566015625000002, 1.0736328125, -19.138671875, 0.046679687500000004])
array('d', [21.566015625000002, 1.0736328125, -19.138671875, 0.046679687500000004])
array('d', [21.1458984375, -0.18671875000000002, -18.671875, 0.046679687500000004])
array('d', [20.9125, -0.1400390625, -18.671875, 0.42011718750000004])
array('d', [20.6791015625, -0.18671875000000002, -19.138671875, 0.046679687500000004])
array('d', [20.6791015625, -0.18671875000000002, -19.138671875, 0.046679687500000004])
array('d', [20.258984375, -0.280078125, -19.7455078125, 0.3267578125])
array('d', [21.099218750000002, -0.18671875000000002, -18.9052734375, -0.18671875000000002])
array('d', [21.099218750000002, 0.6068359375, -18.2517578125, -0.1400390625])
array('d', [21.099218750000002, 0.6068359375, -18.2517578125, -0.1400390625])
array('d', [21.099218750000002, 0.6068359375, -18.2517578125, -0.1400390625])
array('d', [21.099218750000002, 0.6068359375, -19.97890625, 0.18671875000000002])
array('d', [21.285937500000003, 0.7468750000000001, -19.97890625, 0.18671875000000002])
array('d', [21.379296875, 0.37343750000000003, -19.325390625, 0.046679687500000004])
array('d', [21.379296875, 0.37343750000000003, -19.325390625, 0.046679687500000004])
array('d', [21.379296875, 0.37343750000000003, -19.325390625, 0.046679687500000004])
array('d', [21.379296875, 0.37343750000000003, -19.325390625, 0.046679687500000004])
array('d', [21.052539062500003, -0.18671875000000002, -19.325390625, 0.09335937500000001])
array('d', [21.332617187500002, 1.1669921875, -18.48515625, -0.42011718750000004])
array('d', [21.332617187500002, -0.5134765625000001, -19.7455078125, -0.046679687500000004])
array('d', [21.099218750000002, -0.5134765625000001, -19.7455078125, -0.046679687500000004])
array('d', [21.099218750000002, 0.2333984375, -19.325390625, 0.42011718750000004])
array('d', [20.9125, 0.2333984375, -19.138671875, 0.09335937500000001])
array('d', [21.332617187500002, -0.18671875000000002, -17.831640625000002, 0.09335937500000001])
array('d', [21.332617187500002, -0.18671875000000002, -17.831640625000002, -0.18671875000000002])
array('d', [20.4923828125, -0.280078125, -19.7455078125, -0.18671875000000002])
array('d', [20.865820312500002, -0.18671875000000002, -19.138671875, -0.1400390625])
array('d', [20.865820312500002, -0.18671875000000002, -19.138671875, -0.1400390625])
array('d', [20.865820312500002, -0.18671875000000002, -19.138671875, -0.1400390625])
array('d', [20.865820312500002, -0.18671875000000002, -19.138671875, -0.1400390625])
array('d', [21.1458984375, -0.280078125, -18.671875, -0.09335937500000001])
array('d', [21.1458984375, -0.280078125, -19.138671875, 0.1400390625])
array('d', [21.1458984375, -0.280078125, -19.138671875, 0.1400390625])
array('d', [20.9125, -0.7468750000000001, -19.138671875, 0.1400390625])
array('d', [20.9125, -0.7468750000000001, -19.138671875, 0.1400390625])
array('d', [21.519335937500003, 0.7001953125, -19.325390625, 0.09335937500000001])
array('d', [21.519335937500003, 0.7001953125, -17.598242187500002, -0.466796875])
array('d', [21.519335937500003, 0.2333984375, -17.598242187500002, -0.466796875])
array('d', [20.865820312500002, 0.2333984375, -18.9052734375, 0.046679687500000004])
array('d', [21.1458984375, 0.280078125, -19.325390625, -0.09335937500000001])
array('d', [21.1458984375, -0.280078125, -19.138671875, -0.046679687500000004])
array('d', [20.9125, -0.280078125, -19.138671875, -0.046679687500000004])
array('d', [20.9125, -0.466796875, -18.671875, -0.046679687500000004])
array('d', [20.9591796875, 0.7001953125, -18.9052734375, -0.653515625])
array('d', [20.9591796875, 0.7001953125, -18.9052734375, -0.653515625])
array('d', [20.9125, -0.280078125, -18.671875, 0.046679687500000004])
array('d', [21.566015625000002, 0.8402343750000001, -19.138671875, -0.3267578125])
array('d', [20.865820312500002, 0.7001953125, -19.325390625, 0.466796875])
array('d', [20.865820312500002, 0.7001953125, -19.325390625, 0.7001953125])
array('d', [21.332617187500002, -0.280078125, -19.138671875, 0.7001953125])
array('d', [20.6791015625, -0.3267578125, -19.7455078125, 0.18671875000000002])
array('d', [21.1458984375, -0.653515625, -18.9052734375, 0.18671875000000002])
array('d', [21.1458984375, -0.653515625, -18.9052734375, 0.18671875000000002])
array('d', [21.1458984375, -0.653515625, -18.9052734375, 0.18671875000000002])
array('d', [21.1458984375, -0.653515625, -18.9052734375, 0.18671875000000002])
array('d', [21.052539062500003, 0.37343750000000003, -20.399023437500002, -0.42011718750000004])
array('d', [20.6791015625, 0.280078125, -18.48515625, 0.5134765625000001])
array('d', [20.6791015625, 0.1400390625, -18.671875, -0.3267578125])
array('d', [20.6791015625, 0.1400390625, -18.671875, -0.3267578125])
array('d', [20.6791015625, 0.2333984375, -19.325390625, -0.09335937500000001])
array('d', [20.6791015625, 0.2333984375, -18.018359375, -0.1400390625])
array('d', [20.9125, 0.37343750000000003, -18.018359375, -0.1400390625])
array('d', [20.9125, 0.37343750000000003, -18.018359375, -0.1400390625])
array('d', [20.9125, 0.37343750000000003, -18.018359375, -0.1400390625])
array('d', [20.9125, 0.37343750000000003, -18.018359375, -0.1400390625])
array('d', [20.6791015625, -0.18671875000000002, -18.48515625, -0.046679687500000004])
array('d', [20.72578125, 0.37343750000000003, -18.48515625, 0.466796875])
array('d', [21.332617187500002, -0.5134765625000001, -19.325390625, -0.18671875000000002])
array('d', [21.332617187500002, -0.5134765625000001, -19.325390625, -0.18671875000000002])
array('d', [21.332617187500002, 0.280078125, -19.325390625, 0.3267578125])
array('d', [20.6791015625, -0.280078125, -18.671875, 0.18671875000000002])
array('d', [20.6791015625, 0.280078125, -18.2517578125, -0.6068359375])
array('d', [20.6791015625, 0.280078125, -18.2517578125, -0.6068359375])
array('d', [20.6791015625, 0.280078125, -18.2517578125, -0.6068359375])
array('d', [20.4923828125, -0.653515625, -18.018359375, 0.18671875000000002])
array('d', [20.4923828125, -0.653515625, -18.018359375, 0.18671875000000002])
array('d', [21.099218750000002, -0.18671875000000002, -19.5587890625, -0.18671875000000002])
array('d', [21.099218750000002, -0.18671875000000002, -19.5587890625, -0.18671875000000002])
array('d', [21.099218750000002, -0.18671875000000002, -19.5587890625, -0.18671875000000002])
array('d', [21.099218750000002, -0.18671875000000002, -19.5587890625, -0.18671875000000002])
array('d', [21.099218750000002, -0.18671875000000002, -19.5587890625, -0.18671875000000002])
array('d', [21.099218750000002, 0.046679687500000004, -19.7455078125, -0.1400390625])
array('d', [20.4923828125, 0.6068359375, -18.671875, -0.280078125])
array('d', [20.865820312500002, -0.18671875000000002, -17.598242187500002, -0.18671875000000002])
array('d', [20.865820312500002, 0.2333984375, -19.138671875, 0.09335937500000001])
array('d', [20.9125, 0.2333984375, -19.138671875, 0.09335937500000001])
array('d', [21.099218750000002, -0.046679687500000004, -18.9052734375, -0.280078125])
array('d', [20.9125, 0.280078125, -18.48515625, 0.046679687500000004])
array('d', [20.9125, 0.280078125, -18.48515625, 0.18671875000000002])
array('d', [20.72578125, -0.046679687500000004, -18.9052734375, 0.18671875000000002])
array('d', [21.1458984375, -0.6068359375, -17.4115234375, 0.1400390625])
array('d', [21.1458984375, 0.280078125, -17.4115234375, 0.1400390625])
array('d', [21.1458984375, 0.280078125, -17.4115234375, 0.1400390625])
array('d', [21.1458984375, 0.280078125, -17.4115234375, 0.1400390625])
array('d', [21.052539062500003, 0.280078125, -19.138671875, 0.42011718750000004])
array('d', [20.9125, -0.1400390625, -18.671875, 0.09335937500000001])
array('d', [20.9125, -0.18671875000000002, -19.97890625, 0.18671875000000002])
array('d', [21.052539062500003, -0.18671875000000002, -19.97890625, 0.18671875000000002])
array('d', [21.052539062500003, -0.18671875000000002, -19.97890625, 0.18671875000000002])
array('d', [21.332617187500002, 0.6068359375, -19.5587890625, -0.18671875000000002])
array('d', [21.332617187500002, 0.6068359375, -19.7455078125, 0.09335937500000001])
array('d', [20.4923828125, 0.2333984375, -19.7455078125, 0.09335937500000001])
array('d', [21.1458984375, 0.1400390625, -18.2517578125, 0.3267578125])
array('d', [21.099218750000002, -0.18671875000000002, -18.2517578125, -0.18671875000000002])
array('d', [21.099218750000002, -0.18671875000000002, -18.2517578125, 0.046679687500000004])
array('d', [20.6791015625, 0.1400390625, -18.9052734375, 0.046679687500000004])
array('d', [20.6791015625, 0.1400390625, -18.9052734375, 0.046679687500000004])
array('d', [20.6791015625, 0.1400390625, -18.9052734375, 0.046679687500000004])
array('d', [21.099218750000002, -0.6068359375, -18.48515625, -0.18671875000000002])
array('d', [21.379296875, 0.280078125, -19.7455078125, -0.42011718750000004])
array('d', [21.379296875, 0.280078125, -18.9052734375, -0.046679687500000004])
array('d', [21.379296875, 0.280078125, -18.9052734375, -0.046679687500000004])
array('d', [21.379296875, 0.280078125, -18.9052734375, -0.046679687500000004])
array('d', [21.566015625000002, 0.7001953125, -17.831640625000002, -0.466796875])
array('d', [21.566015625000002, 0.7001953125, -17.831640625000002, 0.1400390625])
array('d', [20.9125, -1.1669921875, -18.9052734375, 0.1400390625])
array('d', [20.865820312500002, -1.1669921875, -18.9052734375, 0.046679687500000004])
array('d', [20.865820312500002, -0.18671875000000002, -19.325390625, 0.18671875000000002])
array('d', [21.285937500000003, 0.6068359375, -19.7455078125, 0.18671875000000002])
array('d', [20.865820312500002, 0.280078125, -19.97890625, 0.280078125])
array('d', [20.865820312500002, 0.280078125, -19.97890625, 0.280078125])
array('d', [20.865820312500002, 0.280078125, -19.97890625, 0.280078125])
array('d', [21.099218750000002, -0.18671875000000002, -18.48515625, -0.18671875000000002])
array('d', [20.9125, -0.18671875000000002, -18.2517578125, 0.1400390625])
array('d', [21.566015625000002, 0.7468750000000001, -19.325390625, -0.3267578125])
array('d', [21.566015625000002, 0.7468750000000001, -18.018359375, 0.046679687500000004])
array('d', [20.6791015625, -0.6068359375, -18.018359375, 0.046679687500000004])
array('d', [20.865820312500002, 0.2333984375, -20.2123046875, -0.1400390625])
array('d', [20.865820312500002, 0.2333984375, -20.2123046875, -0.1400390625])
array('d', [20.6791015625, -1.0736328125, -18.671875, -0.1400390625])
array('d', [20.6791015625, -1.0736328125, -18.671875, 0.280078125])
array('d', [21.379296875, 0.280078125, -18.018359375, 0.280078125])
array('d', [20.9125, -0.5134765625000001, -19.7455078125, -0.18671875000000002])
array('d', [20.9125, -0.6068359375, -18.2517578125, -0.6068359375])
array('d', [21.099218750000002, -0.1400390625, -19.325390625, 0.046679687500000004])
array('d', [21.099218750000002, -0.1400390625, -19.325390625, 0.046679687500000004])
array('d', [21.099218750000002, 0.280078125, -18.018359375, 0.046679687500000004])
array('d', [21.332617187500002, 0.280078125, -18.018359375, 0.046679687500000004])
array('d', [21.099218750000002, -1.0736328125, -18.671875, 0.42011718750000004])
array('d', [20.9125, 0.6068359375, -18.671875, 0.09335937500000001])
array('d', [20.445703125, 0.56015625, -17.831640625000002, -0.18671875000000002])
array('d', [20.445703125, 0.56015625, -17.831640625000002, -0.18671875000000002])
array('d', [21.099218750000002, 1.0269531250000001, -17.598242187500002, 0.046679687500000004])
array('d', [20.6791015625, -0.280078125, -19.5587890625, 0.09335937500000001])
array('d', [21.1458984375, 0.7468750000000001, -19.5587890625, 0.09335937500000001])
array('d', [20.9125, -0.5134765625000001, -18.2517578125, 0.18671875000000002])
array('d', [20.9125, -0.5134765625000001, -18.2517578125, 0.18671875000000002])
array('d', [21.099218750000002, 0.7468750000000001, -19.7455078125, 0.046679687500000004])
array('d', [20.9125, 0.8402343750000001, -19.5587890625, -0.18671875000000002])
array('d', [20.9125, 0.2333984375, -19.5587890625, 0.18671875000000002])
array('d', [20.9125, 0.2333984375, -19.5587890625, 0.18671875000000002])
array('d', [20.9125, 0.2333984375, -19.5587890625, 0.18671875000000002])
array('d', [20.9125, 0.2333984375, -19.5587890625, 0.18671875000000002])
array('d', [20.865820312500002, -0.18671875000000002, -18.9052734375, 0.18671875000000002])
array('d', [20.865820312500002, -0.18671875000000002, -18.671875, -0.046679687500000004])
array('d', [21.332617187500002, 0.2333984375, -19.5587890625, -0.046679687500000004])
array('d', [20.6791015625, 0.2333984375, -19.5587890625, -0.046679687500000004])
array('d', [21.285937500000003, 0.280078125, -18.9052734375, 0.1400390625])
array('d', [21.332617187500002, -0.280078125, -19.7455078125, -0.5134765625000001])
array('d', [21.332617187500002, -0.280078125, -19.7455078125, 0.3267578125])
array('d', [20.4923828125, 0.2333984375, -19.7455078125, 0.3267578125])
array('d', [20.6791015625, -0.6068359375, -19.138671875, 0.046679687500000004])
array('d', [21.332617187500002, 0.280078125, -19.97890625, -0.046679687500000004])
array('d', [21.332617187500002, 0.280078125, -19.97890625, -0.046679687500000004])
array('d', [21.332617187500002, 0.280078125, -19.97890625, -0.046679687500000004])
array('d', [21.332617187500002, 0.280078125, -18.48515625, 0.09335937500000001])
array('d', [21.099218750000002, -0.280078125, -18.48515625, 0.09335937500000001])
array('d', [21.332617187500002, -1.0736328125, -19.5587890625, -0.046679687500000004])
array('d', [20.72578125, 0.7001953125, -19.5587890625, -0.046679687500000004])
array('d', [20.72578125, 0.7001953125, -19.5587890625, -0.046679687500000004])
array('d', [20.72578125, 0.7001953125, -18.48515625, 0.466796875])
array('d', [21.099218750000002, 0.7935546875, -20.399023437500002, -0.18671875000000002])
array('d', [20.6791015625, 0.2333984375, -19.325390625, 0.046679687500000004])
array('d', [20.6791015625, 0.2333984375, -19.325390625, 0.046679687500000004])
array('d', [20.445703125, -0.280078125, -19.325390625, -0.42011718750000004])
array('d', [20.865820312500002, -0.7001953125, -19.5587890625, -0.42011718750000004])
array('d', [20.865820312500002, -0.7001953125, -19.138671875, -0.046679687500000004])
array('d', [20.865820312500002, -0.7001953125, -19.138671875, -0.046679687500000004])
array('d', [20.865820312500002, -0.7001953125, -19.138671875, -0.046679687500000004])
array('d', [20.865820312500002, -0.7001953125, -19.138671875, -0.046679687500000004])
array('d', [21.099218750000002, 0.7001953125, -18.9052734375, 0.046679687500000004])
array('d', [20.6791015625, 0.7001953125, -18.9052734375, 0.42011718750000004])
array('d', [20.9125, -0.280078125, -20.399023437500002, 0.42011718750000004])
array('d', [20.9125, -0.280078125, -20.399023437500002, 0.42011718750000004])
array('d', [20.9125, -0.280078125, -20.399023437500002, 0.42011718750000004])
array('d', [20.6791015625, 0.2333984375, -19.5587890625, 0.280078125])
array('d', [20.865820312500002, 0.56015625, -18.9052734375, 0.1400390625])
array('d', [21.099218750000002, -0.93359375, -19.138671875, 0.046679687500000004])
array('d', [21.099218750000002, -0.93359375, -19.138671875, 0.046679687500000004])
array('d', [21.099218750000002, -0.93359375, -19.138671875, 0.046679687500000004])
array('d', [20.9125, -0.653515625, -18.018359375, -0.42011718750000004])
array('d', [20.9125, -0.653515625, -18.018359375, 0.280078125])
array('d', [21.1458984375, 0.280078125, -19.138671875, 0.280078125])
array('d', [21.1458984375, 0.280078125, -19.138671875, 0.280078125])
array('d', [21.1458984375, 0.280078125, -19.138671875, 0.280078125])
array('d', [20.865820312500002, 0.2333984375, -18.9052734375, -0.1400390625])
array('d', [20.6791015625, 0.2333984375, -18.9052734375, -0.1400390625])
array('d', [20.9125, -0.18671875000000002, -18.671875, 0.466796875])
array('d', [20.865820312500002, -0.5134765625000001, -19.325390625, -0.280078125])
array('d', [20.865820312500002, -0.5134765625000001, -18.2517578125, -0.42011718750000004])
array('d', [21.332617187500002, 0.2333984375, -18.2517578125, -0.42011718750000004])
array('d', [20.6791015625, 0.2333984375, -17.598242187500002, 0.1400390625])
array('d', [21.099218750000002, -0.280078125, -19.5587890625, 0.3267578125])
array('d', [20.6791015625, -0.6068359375, -19.5587890625, -0.09335937500000001])
array('d', [20.6791015625, -0.6068359375, -19.5587890625, 0.280078125])
array('d', [21.099218750000002, -0.280078125, -18.9052734375, 0.280078125])
array('d', [20.9125, -1.1669921875, -17.831640625000002, 0.3267578125])
array('d', [21.099218750000002, -0.280078125, -18.018359375, 0.18671875000000002])
array('d', [21.099218750000002, -0.280078125, -18.018359375, 0.18671875000000002])
array('d', [21.099218750000002, -0.1400390625, -18.671875, 0.280078125])
array('d', [20.9125, -0.280078125, -18.9052734375, 0.046679687500000004])
array('d', [20.9125, 0.6068359375, -19.5587890625, -0.6068359375])
array('d', [21.099218750000002, 0.6068359375, -19.5587890625, -0.6068359375])
array('d', [20.865820312500002, -0.1400390625, -18.48515625, 0.046679687500000004])
array('d', [20.865820312500002, -0.5134765625000001, -19.325390625, 0.466796875])
array('d', [20.865820312500002, -0.5134765625000001, -19.325390625, -0.046679687500000004])
array('d', [20.865820312500002, -0.18671875000000002, -19.325390625, -0.046679687500000004])
array('d', [21.332617187500002, -0.18671875000000002, -18.9052734375, -0.6068359375])
array('d', [21.099218750000002, -0.5134765625000001, -19.5587890625, 0.280078125])
array('d', [21.099218750000002, -0.7001953125, -19.325390625, -0.09335937500000001])
array('d', [20.9125, -0.7001953125, -19.325390625, -0.09335937500000001])
array('d', [20.9125, -1.0736328125, -19.325390625, -0.046679687500000004])
array('d', [20.865820312500002, -0.18671875000000002, -18.48515625, 0.18671875000000002])
array('d', [20.865820312500002, -0.18671875000000002, -18.48515625, 0.18671875000000002])
array('d', [21.099218750000002, 0.8402343750000001, -19.5587890625, 0.046679687500000004])
array('d', [21.099218750000002, 0.2333984375, -19.7455078125, 0.09335937500000001])
array('d', [20.4923828125, -0.280078125, -19.138671875, -0.18671875000000002])
array('d', [20.4923828125, -0.280078125, -19.138671875, -0.18671875000000002])
array('d', [20.4923828125, -0.280078125, -19.138671875, 0.466796875])
array('d', [20.9125, -1.5404296875, -19.138671875, 0.466796875])
array('d', [21.1458984375, -0.6068359375, -18.9052734375, 0.280078125])
array('d', [21.1458984375, -0.6068359375, -18.9052734375, 0.280078125])
array('d', [21.1458984375, -0.6068359375, -18.9052734375, 0.280078125])
array('d', [21.099218750000002, -0.7001953125, -18.9052734375, 0.046679687500000004])
array('d', [21.099218750000002, -0.1400390625, -19.7455078125, 0.09335937500000001])
array('d', [21.099218750000002, -0.1400390625, -19.7455078125, -0.42011718750000004])
array('d', [21.099218750000002, 0.2333984375, -19.7455078125, -0.42011718750000004])
array('d', [21.099218750000002, 0.2333984375, -19.7455078125, -0.42011718750000004])
array('d', [21.099218750000002, -0.280078125, -19.138671875, -0.42011718750000004])
array('d', [20.865820312500002, 1.1669921875, -18.9052734375, 0.046679687500000004])
array('d', [21.099218750000002, 0.1400390625, -17.831640625000002, 0.1400390625])
array('d', [21.099218750000002, -0.280078125, -18.9052734375, -0.3267578125])
array('d', [21.332617187500002, 0.280078125, -19.138671875, 0.046679687500000004])
array('d', [21.332617187500002, 0.280078125, -19.138671875, 0.046679687500000004])
array('d', [21.332617187500002, 0.280078125, -19.138671875, 0.046679687500000004])
array('d', [21.332617187500002, 0.280078125, -19.138671875, 0.046679687500000004])
array('d', [21.1458984375, 0.8402343750000001, -19.325390625, -0.5134765625000001])
array('d', [21.099218750000002, 0.1400390625, -18.2517578125, -0.466796875])
array('d', [21.1458984375, 0.7001953125, -18.2517578125, -0.046679687500000004])
array('d', [20.865820312500002, -0.6068359375, -19.325390625, 0.18671875000000002])
array('d', [21.285937500000003, 0.7935546875, -19.7455078125, -0.18671875000000002])
array('d', [21.099218750000002, -0.046679687500000004, -19.7455078125, -0.18671875000000002])
array('d', [21.099218750000002, -0.046679687500000004, -19.7455078125, -0.18671875000000002])
array('d', [21.099218750000002, -0.046679687500000004, -19.7455078125, -0.3267578125])
array('d', [21.099218750000002, -0.280078125, -18.018359375, -0.1400390625])
array('d', [21.099218750000002, -0.5134765625000001, -18.48515625, -0.42011718750000004])
array('d', [21.099218750000002, -0.5134765625000001, -18.48515625, -0.42011718750000004])
array('d', [21.099218750000002, -0.5134765625000001, -18.48515625, -0.42011718750000004])
array('d', [21.332617187500002, -0.18671875000000002, -19.325390625, -0.18671875000000002])
array('d', [20.6791015625, 0.1400390625, -19.7455078125, 0.046679687500000004])
array('d', [21.379296875, 0.7001953125, -19.5587890625, -0.3267578125])
array('d', [20.4923828125, 0.280078125, -18.018359375, 0.09335937500000001])
array('d', [20.4923828125, -0.046679687500000004, -19.138671875, -0.7001953125])
array('d', [21.332617187500002, -0.046679687500000004, -19.138671875, 0.1400390625])
array('d', [20.9125, -0.1400390625, -19.7455078125, 0.1400390625])
array('d', [20.865820312500002, -0.7001953125, -19.7455078125, 0.046679687500000004])
array('d', [21.285937500000003, -0.18671875000000002, -19.325390625, 0.046679687500000004])
array('d', [21.285937500000003, -0.18671875000000002, -19.325390625, 0.046679687500000004])
array('d', [21.285937500000003, -0.18671875000000002, -19.325390625, 0.046679687500000004])
array('d', [21.285937500000003, -0.18671875000000002, -19.325390625, 0.046679687500000004])
array('d', [20.6791015625, 0.1400390625, -19.138671875, 0.653515625])
array('d', [20.6791015625, 0.1400390625, -19.5587890625, -0.18671875000000002])
array('d', [20.9125, 0.2333984375, -19.5587890625, -0.18671875000000002])
array('d', [21.099218750000002, 0.37343750000000003, -18.671875, -0.18671875000000002])
array('d', [20.9125, 0.1400390625, -18.671875, -0.42011718750000004])
array('d', [20.9125, 0.1400390625, -18.671875, 0.1400390625])
array('d', [21.285937500000003, 0.37343750000000003, -18.9052734375, 0.1400390625])
array('d', [21.332617187500002, 0.37343750000000003, -19.5587890625, -0.18671875000000002])
array('d', [21.332617187500002, 0.37343750000000003, -18.9052734375, -0.046679687500000004])
array('d', [20.6791015625, 0.7935546875, -18.9052734375, -0.046679687500000004])
array('d', [21.47265625, 0.280078125, -19.325390625, -0.046679687500000004])
array('d', [21.47265625, 0.280078125, -19.325390625, -0.046679687500000004])
array('d', [21.47265625, 0.280078125, -19.325390625, -0.046679687500000004])
array('d', [21.332617187500002, -0.6068359375, -19.5587890625, -0.42011718750000004])
array('d', [21.332617187500002, 0.7935546875, -20.2123046875, -0.280078125])
array('d', [20.865820312500002, 0.7935546875, -20.2123046875, -0.280078125])
array('d', [21.332617187500002, 1.2603515625000001, -18.671875, -0.280078125])
array('d', [21.332617187500002, 1.2603515625000001, -18.671875, -0.280078125])
array('d', [21.332617187500002, 1.2603515625000001, -18.671875, -0.280078125])
array('d', [21.332617187500002, 1.2603515625000001, -18.671875, -0.280078125])
array('d', [21.099218750000002, 0.7001953125, -18.9052734375, 0.09335937500000001])
array('d', [21.099218750000002, 0.7001953125, -18.018359375, 0.046679687500000004])
array('d', [21.099218750000002, 0.8402343750000001, -18.018359375, 0.046679687500000004])
array('d', [21.285937500000003, 0.2333984375, -18.018359375, 0.09335937500000001])
array('d', [21.285937500000003, -0.18671875000000002, -18.48515625, -0.466796875])
array('d', [21.285937500000003, -0.18671875000000002, -18.48515625, -0.1400390625])
array('d', [21.332617187500002, -0.7468750000000001, -19.138671875, -0.1400390625])
array('d', [21.332617187500002, -0.7468750000000001, -19.138671875, -0.1400390625])
array('d', [21.099218750000002, -0.1400390625, -19.138671875, -0.046679687500000004])
array('d', [20.865820312500002, 0.37343750000000003, -18.671875, 0.18671875000000002])
array('d', [20.6791015625, 0.280078125, -20.2123046875, -0.1400390625])
array('d', [20.6791015625, 0.280078125, -20.2123046875, -0.1400390625])
array('d', [20.6791015625, 0.280078125, -20.2123046875, -0.1400390625])
array('d', [20.6791015625, 0.37343750000000003, -18.018359375, 0.466796875])
array('d', [21.1458984375, -0.7468750000000001, -19.5587890625, -0.046679687500000004])
array('d', [21.1458984375, -0.7468750000000001, -18.9052734375, 0.280078125])
array('d', [21.1458984375, -0.7468750000000001, -18.9052734375, 0.280078125])
array('d', [21.1458984375, -0.7468750000000001, -18.9052734375, 0.280078125])
array('d', [20.72578125, 0.6068359375, -19.97890625, -0.046679687500000004])
array('d', [20.72578125, 0.6068359375, -19.97890625, 0.280078125])
array('d', [20.9125, -0.653515625, -20.2123046875, 0.280078125])
array('d', [20.9125, -0.653515625, -20.2123046875, 0.09335937500000001])
array('d', [21.519335937500003, -0.6068359375, -18.018359375, 0.09335937500000001])
array('d', [20.9125, -0.18671875000000002, -19.325390625, -0.046679687500000004])
array('d', [20.9125, -0.18671875000000002, -19.325390625, -0.046679687500000004])
array('d', [20.865820312500002, 0.280078125, -18.9052734375, -0.280078125])
array('d', [20.72578125, -0.8402343750000001, -18.9052734375, -0.09335937500000001])
array('d', [20.72578125, -0.8402343750000001, -18.9052734375, -0.09335937500000001])
array('d', [21.099218750000002, 0.2333984375, -19.325390625, -0.18671875000000002])
array('d', [21.285937500000003, 0.2333984375, -19.138671875, 0.046679687500000004])
array('d', [21.1458984375, 0.280078125, -18.671875, -0.1400390625])
array('d', [21.332617187500002, -0.653515625, -18.671875, -0.09335937500000001])
array('d', [20.865820312500002, 0.37343750000000003, -18.48515625, 0.18671875000000002])
array('d', [20.865820312500002, 0.7001953125, -18.671875, 0.280078125])
array('d', [21.099218750000002, 0.7001953125, -18.671875, 0.280078125])
array('d', [20.9125, -0.1400390625, -19.325390625, 0.280078125])
array('d', [20.865820312500002, -0.18671875000000002, -18.671875, 0.466796875])
array('d', [20.865820312500002, 0.37343750000000003, -19.325390625, -0.1400390625])
array('d', [20.865820312500002, 0.37343750000000003, -18.018359375, -0.42011718750000004])
array('d', [20.4923828125, 0.2333984375, -18.018359375, 0.046679687500000004])
array('d', [21.285937500000003, 0.2333984375, -18.018359375, 0.046679687500000004])
array('d', [21.285937500000003, 0.2333984375, -18.018359375, 0.046679687500000004])
array('d', [20.72578125, 0.56015625, -18.671875, -0.18671875000000002])
array('d', [20.72578125, 0.2333984375, -19.325390625, -0.09335937500000001])
array('d', [21.799414062500002, 0.2333984375, -19.325390625, 0.3267578125])
array('d', [21.47265625, 0.8402343750000001, -19.325390625, 0.046679687500000004])
array('d', [21.332617187500002, -0.5134765625000001, -18.018359375, -0.09335937500000001])
array('d', [21.099218750000002, -0.7001953125, -19.325390625, -0.09335937500000001])
array('d', [20.72578125, -0.6068359375, -19.5587890625, 0.09335937500000001])
array('d', [21.285937500000003, -0.1400390625, -19.7455078125, 0.046679687500000004])
array('d', [21.332617187500002, 0.280078125, -19.7455078125, 0.046679687500000004])
array('d', [21.332617187500002, 0.280078125, -19.7455078125, 0.046679687500000004])
array('d', [21.332617187500002, -1.0269531250000001, -19.97890625, 0.046679687500000004])
array('d', [21.332617187500002, 0.2333984375, -18.48515625, -0.3267578125])
array('d', [21.566015625000002, 0.2333984375, -18.48515625, 0.1400390625])
array('d', [21.566015625000002, 0.2333984375, -18.48515625, 0.1400390625])
array('d', [21.332617187500002, -0.7468750000000001, -18.671875, 0.466796875])
array('d', [20.865820312500002, -0.7468750000000001, -18.671875, 0.466796875])
array('d', [20.9125, 0.7001953125, -19.7455078125, -0.046679687500000004])
array('d', [20.9125, 0.7001953125, -19.7455078125, -0.046679687500000004])
array('d', [21.285937500000003, 0.2333984375, -19.325390625, -0.09335937500000001])
array('d', [21.519335937500003, -0.5134765625000001, -19.325390625, -0.42011718750000004])
array('d', [21.099218750000002, 0.2333984375, -19.325390625, 0.18671875000000002])
array('d', [21.332617187500002, 0.7001953125, -19.138671875, -0.046679687500000004])
array('d', [20.6791015625, 0.6068359375, -18.48515625, -0.1400390625])
array('d', [21.379296875, 1.1203125, -19.138671875, 0.280078125])
array('d', [21.099218750000002, 0.6068359375, -19.325390625, 0.046679687500000004])
array('d', [21.099218750000002, 0.6068359375, -19.7455078125, -0.046679687500000004])
array('d', [21.285937500000003, -0.280078125, -19.7455078125, -0.046679687500000004])
array('d', [20.865820312500002, -0.18671875000000002, -18.48515625, 0.046679687500000004])
array('d', [20.6791015625, -0.1400390625, -17.4115234375, -0.42011718750000004])
array('d', [20.9125, 0.2333984375, -19.138671875, 0.046679687500000004])
array('d', [20.6791015625, 0.2333984375, -19.138671875, -0.046679687500000004])
array('d', [20.6791015625, -0.6068359375, -18.9052734375, -0.09335937500000001])
array('d', [20.6791015625, -0.6068359375, -18.9052734375, 0.09335937500000001])
array('d', [21.285937500000003, -0.18671875000000002, -18.2517578125, -0.1400390625])
array('d', [20.9125, 0.280078125, -19.97890625, -0.046679687500000004])
array('d', [20.6791015625, 0.37343750000000003, -18.018359375, -0.42011718750000004])
array('d', [21.099218750000002, 0.37343750000000003, -19.138671875, -0.7001953125])
array('d', [21.099218750000002, 0.2333984375, -19.138671875, -0.18671875000000002])
array('d', [20.6791015625, 0.7001953125, -19.138671875, -0.18671875000000002])
array('d', [20.865820312500002, 0.1400390625, -19.5587890625, -0.046679687500000004])
array('d', [21.566015625000002, -0.6068359375, -19.5587890625, 0.1400390625])
array('d', [21.566015625000002, -0.280078125, -19.138671875, -0.046679687500000004])
array('d', [21.519335937500003, -0.280078125, -19.138671875, 0.1400390625])
array('d', [20.6791015625, 0.37343750000000003, -19.5587890625, -0.1400390625])
array('d', [20.4923828125, 0.046679687500000004, -19.138671875, 0.18671875000000002])
array('d', [20.4923828125, 0.046679687500000004, -19.138671875, -0.1400390625])
array('d', [20.9125, 0.6068359375, -19.138671875, -0.1400390625])
array('d', [20.865820312500002, 0.2333984375, -18.48515625, 0.466796875])
array('d', [21.285937500000003, 0.2333984375, -18.48515625, 0.653515625])
array('d', [20.3056640625, -0.7001953125, -18.9052734375, 0.653515625])
array('d', [20.3056640625, -0.7001953125, -18.9052734375, 0.653515625])
array('d', [20.3056640625, -0.7001953125, -18.9052734375, 0.653515625])
array('d', [21.099218750000002, -0.1400390625, -18.9052734375, 0.466796875])
array('d', [21.099218750000002, -0.1400390625, -18.48515625, -0.046679687500000004])
array('d', [21.285937500000003, 0.8402343750000001, -18.48515625, -0.046679687500000004])
array('d', [21.285937500000003, 0.280078125, -19.7455078125, -0.42011718750000004])
array('d', [20.865820312500002, -0.18671875000000002, -19.7455078125, 0.466796875])
array('d', [20.6791015625, -1.1669921875, -19.138671875, 0.466796875])
array('d', [20.6791015625, -1.1669921875, -19.138671875, 0.466796875])
array('d', [21.099218750000002, -1.0736328125, -19.7455078125, 0.046679687500000004])
array('d', [21.285937500000003, 0.7001953125, -19.325390625, 0.1400390625])
array('d', [20.9125, -1.1669921875, -18.671875, -0.42011718750000004])
array('d', [20.9125, -1.1669921875, -18.671875, -0.42011718750000004])
array('d', [20.9125, -1.1669921875, -18.671875, -0.42011718750000004])
array('d', [20.9125, 0.7935546875, -18.018359375, 0.18671875000000002])
array('d', [21.099218750000002, 0.7935546875, -18.018359375, 0.18671875000000002])
array('d', [21.1458984375, -0.7001953125, -19.5587890625, 0.56015625])
array('d', [20.865820312500002, -0.1400390625, -19.138671875, -0.046679687500000004])
array('d', [20.865820312500002, 0.280078125, -19.5587890625, 0.09335937500000001])
array('d', [21.285937500000003, 0.280078125, -19.5587890625, 0.09335937500000001])
array('d', [20.72578125, 0.280078125, -18.2517578125, 0.046679687500000004])
array('d', [20.72578125, 0.280078125, -18.2517578125, 0.046679687500000004])
array('d', [20.72578125, 0.280078125, -18.2517578125, 0.046679687500000004])
array('d', [21.1458984375, 0.7001953125, -19.138671875, 0.046679687500000004])
array('d', [20.72578125, 1.1203125, -18.018359375, 0.046679687500000004])
array('d', [21.099218750000002, 0.1400390625, -18.9052734375, 0.56015625])
array('d', [20.9125, -0.280078125, -18.48515625, 0.3267578125])
array('d', [20.9125, -0.280078125, -18.48515625, 0.1400390625])
array('d', [21.332617187500002, 0.1400390625, -18.9052734375, 0.1400390625])
array('d', [21.332617187500002, 0.1400390625, -20.399023437500002, -0.5134765625000001])
array('d', [20.9125, 0.37343750000000003, -19.325390625, -0.5134765625000001])
array('d', [20.865820312500002, -0.18671875000000002, -19.5587890625, 0.18671875000000002])
array('d', [21.566015625000002, -0.18671875000000002, -19.5587890625, 0.18671875000000002])
array('d', [21.566015625000002, -0.18671875000000002, -19.5587890625, 0.18671875000000002])
array('d', [21.566015625000002, -0.18671875000000002, -19.5587890625, 0.18671875000000002])
array('d', [21.566015625000002, -0.5134765625000001, -19.97890625, -0.42011718750000004])
array('d', [20.865820312500002, -0.1400390625, -18.2517578125, 0.046679687500000004])
array('d', [20.865820312500002, -0.3267578125, -19.325390625, 0.046679687500000004])
array('d', [21.099218750000002, -0.3267578125, -19.325390625, 0.046679687500000004])
array('d', [21.1458984375, -0.280078125, -20.2123046875, -0.09335937500000001])
array('d', [21.1458984375, -0.280078125, -19.97890625, -0.42011718750000004])
array('d', [21.379296875, -0.1400390625, -19.97890625, -0.42011718750000004])
array('d', [20.6791015625, -0.7001953125, -19.138671875, -0.280078125])
array('d', [20.865820312500002, -0.18671875000000002, -19.138671875, 0.280078125])
array('d', [20.865820312500002, -0.18671875000000002, -18.671875, 0.3267578125])
array('d', [21.099218750000002, 0.7001953125, -18.671875, 0.3267578125])
array('d', [21.099218750000002, 0.7001953125, -18.671875, 0.3267578125])
array('d', [21.7060546875, 0.6068359375, -18.2517578125, 0.18671875000000002])
array('d', [20.4923828125, 0.2333984375, -18.9052734375, -0.046679687500000004])
array('d', [20.72578125, 0.7001953125, -19.325390625, -0.046679687500000004])
array('d', [20.72578125, 0.7001953125, -19.325390625, -0.046679687500000004])
array('d', [20.72578125, 0.7001953125, -19.325390625, -0.046679687500000004])
array('d', [20.72578125, 0.7001953125, -19.325390625, -0.046679687500000004])
array('d', [20.865820312500002, -0.280078125, -19.325390625, -0.046679687500000004])
array('d', [20.865820312500002, -0.280078125, -19.325390625, 0.18671875000000002])
array('d', [21.285937500000003, 0.7001953125, -19.138671875, 0.18671875000000002])
array('d', [21.1458984375, -0.280078125, -19.138671875, -0.466796875])
array('d', [20.9125, 0.280078125, -18.48515625, -0.18671875000000002])
array('d', [20.9125, 0.280078125, -19.7455078125, -0.3267578125])
array('d', [21.285937500000003, 0.2333984375, -19.7455078125, -0.3267578125])
array('d', [21.285937500000003, 0.8402343750000001, -18.48515625, 0.3267578125])
array('d', [20.9125, -0.6068359375, -18.671875, -0.5134765625000001])
array('d', [20.865820312500002, -0.280078125, -18.48515625, 0.18671875000000002])
array('d', [20.865820312500002, -0.280078125, -18.48515625, 0.18671875000000002])
array('d', [20.865820312500002, 0.1400390625, -19.5587890625, -0.8402343750000001])
array('d', [21.099218750000002, 0.6068359375, -18.9052734375, 0.046679687500000004])
array('d', [21.099218750000002, 0.6068359375, -18.9052734375, 0.046679687500000004])
array('d', [21.099218750000002, 0.7001953125, -18.9052734375, -0.18671875000000002])
array('d', [21.332617187500002, -0.18671875000000002, -18.48515625, 0.046679687500000004])
array('d', [21.332617187500002, -0.18671875000000002, -18.48515625, -0.18671875000000002])
array('d', [21.099218750000002, -0.7468750000000001, -19.7455078125, -0.18671875000000002])
array('d', [21.099218750000002, -0.7468750000000001, -19.7455078125, -0.18671875000000002])
array('d', [21.099218750000002, 0.280078125, -18.671875, 0.18671875000000002])
array('d', [20.865820312500002, -0.1400390625, -18.2517578125, 0.09335937500000001])
array('d', [21.519335937500003, 0.37343750000000003, -18.671875, 0.280078125])
array('d', [21.519335937500003, 0.37343750000000003, -18.671875, 0.280078125])
array('d', [21.519335937500003, 0.37343750000000003, -18.671875, 0.280078125])
array('d', [20.865820312500002, 0.1400390625, -18.671875, -0.09335937500000001])
array('d', [20.4923828125, 0.7001953125, -19.7455078125, -0.3267578125])
array('d', [20.4923828125, 0.7001953125, -19.7455078125, -0.18671875000000002])
array('d', [20.4923828125, 0.7001953125, -19.7455078125, -0.18671875000000002])
array('d', [20.4923828125, 0.7001953125, -19.7455078125, -0.18671875000000002])
array('d', [20.865820312500002, 0.7001953125, -19.7455078125, 0.280078125])
array('d', [21.099218750000002, 0.7001953125, -19.7455078125, 0.280078125])
array('d', [21.285937500000003, -0.6068359375, -19.7455078125, 0.18671875000000002])
array('d', [21.285937500000003, 0.280078125, -18.671875, -0.18671875000000002])
array('d', [20.3056640625, 0.280078125, -18.671875, 0.046679687500000004])
array('d', [21.566015625000002, 1.1203125, -18.9052734375, 0.046679687500000004])
array('d', [21.379296875, -0.6068359375, -20.399023437500002, 0.18671875000000002])
array('d', [21.379296875, 0.466796875, -19.138671875, 0.18671875000000002])
array('d', [20.9125, 0.466796875, -19.138671875, 0.18671875000000002])
array('d', [20.865820312500002, -0.18671875000000002, -18.48515625, 0.18671875000000002])
array('d', [21.1458984375, 0.2333984375, -19.325390625, 0.18671875000000002])
array('d', [21.1458984375, -0.7001953125, -18.018359375, 0.046679687500000004])
array('d', [21.379296875, -0.7001953125, -18.018359375, 0.046679687500000004])
array('d', [21.099218750000002, 0.2333984375, -19.7455078125, 0.046679687500000004])
array('d', [21.099218750000002, 0.2333984375, -19.7455078125, 0.046679687500000004])
array('d', [21.099218750000002, 0.2333984375, -19.7455078125, 0.046679687500000004])
array('d', [20.865820312500002, 1.4470703125000002, -19.325390625, 0.42011718750000004])
array('d', [20.865820312500002, -0.280078125, -18.2517578125, -0.1400390625])
array('d', [21.519335937500003, -0.280078125, -18.2517578125, 0.280078125])
array('d', [21.519335937500003, -0.280078125, -18.2517578125, 0.280078125])
array('d', [21.519335937500003, -0.280078125, -18.2517578125, 0.280078125])
array('d', [21.379296875, -0.6068359375, -19.325390625, -0.42011718750000004])
array('d', [20.9125, 0.280078125, -18.48515625, -0.1400390625])
array('d', [20.865820312500002, -0.280078125, -19.97890625, 0.42011718750000004])
array('d', [20.865820312500002, -1.0269531250000001, -19.325390625, 0.18671875000000002])
array('d', [20.865820312500002, -1.0269531250000001, -19.325390625, 0.18671875000000002])
array('d', [21.332617187500002, 0.1400390625, -18.9052734375, 0.466796875])
array('d', [21.099218750000002, 1.1203125, -19.138671875, 0.046679687500000004])
array('d', [21.1458984375, 0.6068359375, -19.138671875, 0.1400390625])
array('d', [20.4923828125, 0.7935546875, -19.325390625, 0.1400390625])
array('d', [20.4923828125, 0.7935546875, -19.325390625, 0.1400390625])
array('d', [20.4923828125, 0.7935546875, -19.325390625, 0.1400390625])
array('d', [21.099218750000002, 0.280078125, -18.2517578125, -0.280078125])
array('d', [21.099218750000002, 0.280078125, -18.9052734375, 0.09335937500000001])
array('d', [20.9125, 0.1400390625, -18.9052734375, 0.09335937500000001])
array('d', [20.9125, 0.1400390625, -18.9052734375, 0.09335937500000001])
array('d', [20.9125, 0.1400390625, -18.9052734375, 0.09335937500000001])
array('d', [20.9125, -0.7001953125, -18.2517578125, -0.18671875000000002])
array('d', [20.6791015625, 0.046679687500000004, -17.598242187500002, 0.466796875])
array('d', [20.9125, 0.280078125, -18.9052734375, -0.09335937500000001])
array('d', [20.9125, 0.280078125, -19.5587890625, 0.280078125])
array('d', [21.285937500000003, -0.18671875000000002, -19.5587890625, 0.280078125])
array('d', [20.9125, -0.6068359375, -18.018359375, 0.18671875000000002])
array('d', [21.099218750000002, 0.2333984375, -19.97890625, 0.42011718750000004])
array('d', [21.099218750000002, 0.2333984375, -19.138671875, 0.046679687500000004])
array('d', [21.332617187500002, -0.18671875000000002, -19.138671875, 0.046679687500000004])
array('d', [21.099218750000002, 0.6068359375, -19.97890625, -0.1400390625])
array('d', [20.9125, -0.1400390625, -19.97890625, -0.1400390625])
array('d', [20.9125, -0.1400390625, -18.9052734375, 0.09335937500000001])
array('d', [21.285937500000003, -0.046679687500000004, -19.138671875, 0.42011718750000004])
array('d', [21.099218750000002, -1.0269531250000001, -18.9052734375, -0.046679687500000004])
array('d', [21.099218750000002, 0.280078125, -18.2517578125, 0.18671875000000002])
array('d', [21.099218750000002, 0.280078125, -18.2517578125, 0.18671875000000002])
array('d', [20.9125, 0.1400390625, -19.325390625, 0.09335937500000001])
array('d', [21.332617187500002, 0.7935546875, -20.399023437500002, -0.280078125])
array('d', [21.332617187500002, 0.56015625, -19.7455078125, 0.046679687500000004])
array('d', [21.1458984375, 0.56015625, -19.7455078125, 0.046679687500000004])
array('d', [20.258984375, 1.6804687500000002, -19.138671875, 0.09335937500000001])
array('d', [21.1458984375, 0.2333984375, -19.138671875, 0.09335937500000001])
array('d', [21.1458984375, 0.2333984375, -19.5587890625, -0.046679687500000004])
array('d', [21.1458984375, 0.280078125, -18.48515625, 0.046679687500000004])
array('d', [21.285937500000003, 0.280078125, -19.325390625, 0.280078125])
array('d', [21.285937500000003, 0.280078125, -19.325390625, -0.046679687500000004])
array('d', [21.332617187500002, 0.046679687500000004, -19.325390625, -0.046679687500000004])
array('d', [21.099218750000002, -0.1400390625, -18.9052734375, -0.1400390625])
array('d', [20.9125, -0.18671875000000002, -18.9052734375, -0.09335937500000001])
array('d', [20.9125, -0.18671875000000002, -18.9052734375, -0.09335937500000001])
array('d', [20.9125, -0.18671875000000002, -18.9052734375, 0.280078125])
array('d', [21.099218750000002, 0.7935546875, -18.9052734375, 0.280078125])
array('d', [21.332617187500002, 0.1400390625, -18.671875, -0.3267578125])
array('d', [20.865820312500002, -0.6068359375, -18.48515625, -0.18671875000000002])
array('d', [20.865820312500002, -0.6068359375, -18.48515625, 0.3267578125])
array('d', [20.865820312500002, -0.280078125, -18.9052734375, 0.3267578125])
array('d', [21.285937500000003, -0.7468750000000001, -19.5587890625, -2.42734375])
array('d', [21.285937500000003, -0.7468750000000001, -19.5587890625, -0.1400390625])
array('d', [20.9125, 0.1400390625, -19.97890625, -0.1400390625])
array('d', [21.285937500000003, 0.6068359375, -19.325390625, -0.046679687500000004])
array('d', [18.998632812500002, 0.0, -17.598242187500002, 1.30703125])
array('d', [18.998632812500002, 0.0, -17.598242187500002, 2.3806640625])
array('d', [18.765234375000002, -1.6337890625, -15.917773437500001, 2.3806640625])
array('d', [17.6916015625, -2.3806640625, -15.777734375000001, 2.6140625])
array('d', [17.458203125, -1.7271484375000001, -15.49765625, 3.4542968750000003])
array('d', [17.131445312500002, -3.5943359375000004, -15.12421875, 3.641015625])
array('d', [17.131445312500002, -4.8546875, -15.450976562500001, 3.9210937500000003])
array('d', [15.964453125, -4.8546875, -15.450976562500001, 3.9210937500000003])
array('d', [15.964453125, -4.8546875, -15.450976562500001, 3.9210937500000003])
array('d', [15.964453125, -4.8546875, -15.450976562500001, 3.9210937500000003])
array('d', [15.7310546875, -4.2478515625, -13.7705078125, 4.29453125])
array('d', [15.777734375000001, -4.66796875, -13.0703125, 4.8080078125000005])
array('d', [15.777734375000001, -4.66796875, -13.0703125, 5.881640625])
array('d', [15.777734375000001, -4.66796875, -13.0703125, 5.881640625])
array('d', [15.12421875, -5.134765625, -13.723828125, 5.881640625])
array('d', [14.4240234375, -5.134765625, -12.743554687500001, 6.021679687500001])
array('d', [13.9572265625, -5.554882812500001, -11.9033203125, 6.6751953125000005])
array('d', [13.9572265625, -6.815234375, -12.4634765625, 7.3753906250000005])
array('d', [13.8638671875, -6.815234375, -12.4634765625, 7.3753906250000005])
array('d', [12.743554687500001, -6.955273437500001, -11.5298828125, 7.0486328125])
array('d', [12.8369140625, -7.46875, -11.4365234375, 8.1689453125])
array('d', [12.8369140625, -7.46875, -11.4365234375, 8.1689453125])
array('d', [12.696875, -7.7955078125, -11.4365234375, 8.449023437500001])
array('d', [12.416796875000001, -6.955273437500001, -10.6896484375, 8.9625])
array('d', [12.416796875000001, -6.955273437500001, -10.6896484375, 9.9427734375])
array('d', [12.0900390625, -6.955273437500001, -10.2228515625, 9.9427734375])
array('d', [11.249804687500001, -8.8224609375, -9.52265625, 10.876367187500001])
array('d', [10.549609375000001, -9.7560546875, -10.2228515625, 10.5029296875])
array('d', [10.549609375000001, -9.5693359375, -10.2228515625, 10.876367187500001])
array('d', [11.016406250000001, -9.5693359375, -7.3753906250000005, 10.876367187500001])
array('d', [10.5029296875, -10.6896484375, -8.02890625, 11.6232421875])
array('d', [10.0361328125, -10.6896484375, -6.53515625, 12.276757812500001])
array('d', [10.0361328125, -10.6896484375, -6.53515625, 12.3701171875])
array('d', [9.52265625, -11.1564453125, -6.488476562500001, 12.3701171875])
array('d', [8.8224609375, -11.1564453125, -2.333984375, 13.4904296875])
array('d', [7.748828125, -11.6232421875, -4.9947265625, 14.2373046875])
array('d', [7.748828125, -11.6232421875, -4.9947265625, 13.817187500000001])
array('d', [7.28203125, -12.3701171875, -4.9947265625, 13.817187500000001])
array('d', [7.1419921875000005, -12.883593750000001, -4.2478515625, 14.8908203125])
array('d', [6.4417968750000005, -12.883593750000001, -4.2478515625, 14.8908203125])
array('d', [6.4417968750000005, -12.883593750000001, -4.2478515625, 14.8908203125])
array('d', [6.4417968750000005, -12.510156250000001, -4.201171875, 14.9375])
array('d', [6.1150390625, -14.190625, -2.7541015625000003, 15.2642578125])
array('d', [6.1150390625, -14.190625, -2.7541015625000003, 16.2912109375])
array('d', [5.8349609375, -14.190625, -2.7541015625000003, 16.2912109375])
array('d', [5.8349609375, -14.190625, -2.7541015625000003, 16.2912109375])
array('d', [5.8349609375, -14.190625, -2.7541015625000003, 16.2912109375])
array('d', [5.8349609375, -14.190625, -2.7541015625000003, 16.2912109375])
array('d', [5.8349609375, -14.190625, -2.7541015625000003, 16.2912109375])
array('d', [5.8349609375, -14.190625, -2.7541015625000003, 16.2912109375])
array('d', [5.788281250000001, -14.8908203125, -2.0539062500000003, 16.2912109375])
array('d', [5.788281250000001, -14.8908203125, -0.93359375, 16.61796875])
array('d', [5.3681640625, -16.151171875, -0.93359375, 16.61796875])
array('d', [3.734375, -15.917773437500001, -2.42734375, 17.0380859375])
array('d', [4.1078125000000005, -16.337890625, -2.0539062500000003, 18.1583984375])
array('d', [4.1078125000000005, -16.337890625, -1.213671875, 18.6251953125])
array('d', [4.4345703125, -17.178125, -1.213671875, 18.6251953125])
array('d', [3.641015625, -16.8046875, 0.653515625, 18.9052734375])
array('d', [2.8941406250000004, -17.458203125, -0.18671875000000002, 18.998632812500002])
array('d', [2.8941406250000004, -17.458203125, -0.18671875000000002, 19.7455078125])
array('d', [2.5673828125, -17.458203125, -0.18671875000000002, 19.7455078125])
array('d', [1.773828125, -17.2248046875, 1.1203125, 20.258984375])
array('d', [1.773828125, -19.0453125, 1.6337890625, 20.1189453125])
array('d', [0.7001953125, -19.0453125, 1.6337890625, 20.9125])
array('d', [0.653515625, -20.7724609375, 2.1939453125, 20.9125])
array('d', [-0.046679687500000004, -19.512109375, 1.5404296875, 20.399023437500002])
array('d', [-0.046679687500000004, -19.97890625, 2.3806640625, 21.659375])
array('d', [-0.046679687500000004, -19.97890625, 2.3806640625, 21.659375])
array('d', [-0.046679687500000004, -21.005859375, 2.8941406250000004, 21.47265625])
array('d', [-0.466796875, -22.873046875, 3.3142578125, 22.966406250000002])
array('d', [-1.4937500000000001, -22.3595703125, 2.1005859375, 22.40625])
array('d', [-1.4937500000000001, -22.3595703125, 2.1005859375, 22.40625])
array('d', [-1.4937500000000001, -22.3595703125, 2.1005859375, 22.40625])
array('d', [-1.4937500000000001, -22.032812500000002, 2.80078125, 22.499609375000002])
array('d', [-1.1669921875, -22.032812500000002, 2.80078125, 22.499609375000002])
array('d', [-3.6876953125000003, -24.5068359375, 2.2873046875000003, 24.4134765625])
array('d', [-3.6876953125000003, -24.5068359375, 2.2873046875000003, 24.4134765625])
array('d', [-3.0341796875, -21.1458984375, 3.17421875, 24.4134765625])
array('d', [-4.1544921875, -23.993359375, 4.0611328125, 24.4134765625])
array('d', [-3.54765625, -24.320117187500003, 4.48125, 25.39375])
array('d', [-3.54765625, -24.320117187500003, 4.48125, 25.39375])
array('d', [-3.54765625, -24.320117187500003, 4.48125, 25.39375])
array('d', [-3.54765625, -24.320117187500003, 4.48125, 25.39375])
array('d', [-3.54765625, -24.320117187500003, 4.48125, 25.39375])
array('d', [-3.54765625, -24.320117187500003, 4.48125, 25.39375])
array('d', [-4.4345703125, -25.860546875, 4.8546875, 24.833593750000002])
array('d', [-5.554882812500001, -25.8138671875, 4.8546875, 26.187304687500003])
array('d', [-5.554882812500001, -25.8138671875, 4.8546875, 26.5140625])
array('d', [-5.4615234375, -26.140625, 5.4615234375, 26.5140625])
array('d', [-6.53515625, -25.4404296875, 5.881640625, 27.867773437500002])
array('d', [-6.3017578125, -27.3076171875, 6.16171875, 27.6810546875])
array('d', [-6.3017578125, -27.3076171875, 6.16171875, 27.634375000000002])
array('d', [-7.188671875000001, -27.3076171875, 6.815234375, 27.634375000000002])
array('d', [-6.53515625, -28.754687500000003, 6.3484375, 27.3076171875])
array('d', [-7.8421875000000005, -29.128125, 7.46875, 28.38125])
array('d', [-8.308984375, -28.754687500000003, 8.122265625, 28.801367187500002])
array('d', [-8.682421875000001, -29.6416015625, 9.0091796875, 29.454882812500003])
array('d', [-8.682421875000001, -29.6416015625, 8.915820312500001, 29.921679687500003])
array('d', [-8.215625000000001, -29.734960937500002, 8.915820312500001, 29.921679687500003])
array('d', [-8.3556640625, -4.1078125000000005, 8.3556640625, 31.368750000000002])
array('d', [-8.915820312500001, 0.5134765625000001, 7.3287109375, 3.54765625])
array('d', [-8.3556640625, -1.0269531250000001, 8.9625, -0.37343750000000003])
array('d', [-8.3556640625, -1.0269531250000001, 8.9625, -0.046679687500000004])
array('d', [-8.915820312500001, 0.1400390625, 8.308984375, -0.046679687500000004])
array('d', [-7.7955078125, 0.56015625, 7.6087890625000005, -0.93359375])
array('d', [-7.7955078125, 0.56015625, 7.6087890625000005, -0.93359375])
array('d', [-7.7955078125, 0.56015625, 7.6087890625000005, -0.93359375])
array('d', [-7.2353515625, -0.37343750000000003, 7.5154296875, -0.42011718750000004])
array('d', [-7.8421875000000005, 0.280078125, 9.1025390625, 1.2603515625000001])
array('d', [-8.2623046875, -0.653515625, 8.9625, 1.1669921875])
array('d', [-8.449023437500001, -0.7468750000000001, 7.655468750000001, 1.3537109375])
array('d', [-8.449023437500001, -0.7468750000000001, 7.655468750000001, 0.37343750000000003])
array('d', [-8.449023437500001, -0.56015625, 8.495703125, 0.37343750000000003])
array('d', [-7.188671875000001, 0.046679687500000004, 8.122265625, 0.37343750000000003])
array('d', [-6.955273437500001, 0.09335937500000001, 8.7291015625, 0.37343750000000003])
array('d', [-7.3753906250000005, -0.1400390625, 7.2353515625, -0.1400390625])
array('d', [-7.3753906250000005, -0.1400390625, 7.2353515625, -0.5134765625000001])
array('d', [-8.449023437500001, -0.280078125, 8.5423828125, -0.5134765625000001])
array('d', [-7.7955078125, 0.0, 8.2623046875, 0.37343750000000003])
array('d', [-7.7955078125, 0.0, 8.0755859375, 0.37343750000000003])
array('d', [-9.1025390625, 0.7001953125, 7.6087890625000005, -0.5134765625000001])
array('d', [-7.8421875000000005, 0.3267578125, 8.5423828125, 0.280078125])
array('d', [-7.8421875000000005, 0.3267578125, 8.77578125, 0.046679687500000004])
array('d', [-7.8421875000000005, -1.400390625, 8.77578125, 0.046679687500000004])
array('d', [-8.682421875000001, -0.280078125, 8.122265625, -0.3267578125])
array('d', [-8.682421875000001, -0.280078125, 8.0755859375, -0.1400390625])
array('d', [-6.955273437500001, 0.0, 8.0755859375, -0.1400390625])
array('d', [-6.955273437500001, 0.0, 7.8421875000000005, -0.5134765625000001])
array('d', [-7.188671875000001, 0.2333984375, 8.495703125, 0.8869140625])
array('d', [-7.188671875000001, 0.2333984375, 6.7685546875, 0.280078125])
array('d', [-9.1025390625, 0.046679687500000004, 6.7685546875, 0.280078125])
array('d', [-7.1419921875000005, 0.653515625, 8.308984375, -0.2333984375])
array('d', [-7.188671875000001, -0.37343750000000003, 7.46875, -0.2333984375])
array('d', [-7.188671875000001, -0.37343750000000003, 7.46875, -0.2333984375])
array('d', [-7.6087890625000005, -0.37343750000000003, 7.46875, -0.2333984375])
array('d', [-7.6087890625000005, -0.37343750000000003, 7.46875, -0.2333984375])
array('d', [-7.6087890625000005, -0.37343750000000003, 7.46875, -0.2333984375])
array('d', [-7.6087890625000005, -0.280078125, 7.888867187500001, -0.1400390625])
array('d', [-7.6087890625000005, -0.280078125, 7.888867187500001, -0.2333984375])
array('d', [-8.915820312500001, -0.37343750000000003, 8.495703125, -0.2333984375])
array('d', [-8.915820312500001, -0.37343750000000003, 8.495703125, -0.2333984375])
array('d', [-8.0755859375, -0.2333984375, 7.188671875000001, -0.1400390625])
array('d', [-6.955273437500001, 0.2333984375, 7.888867187500001, -1.0269531250000001])
array('d', [-7.188671875000001, -0.280078125, 8.77578125, -0.5134765625000001])
array('d', [-7.188671875000001, -0.280078125, 8.77578125, -0.5134765625000001])
array('d', [-7.188671875000001, -0.280078125, 8.77578125, -0.5134765625000001])
array('d', [-8.449023437500001, 0.7001953125, 8.308984375, -0.1400390625])
array('d', [-8.449023437500001, 0.046679687500000004, 7.6087890625000005, -0.0])
array('d', [-8.449023437500001, 0.046679687500000004, 7.6087890625000005, 0.7001953125])
array('d', [-8.0755859375, 0.046679687500000004, 9.1958984375, 0.7001953125])
array('d', [-8.2623046875, 0.046679687500000004, 7.6087890625000005, -0.653515625])
array('d', [-8.2623046875, 0.37343750000000003, 7.888867187500001, -0.5134765625000001])
array('d', [-8.2623046875, 0.37343750000000003, 7.888867187500001, -0.5134765625000001])
array('d', [-7.6087890625000005, -0.37343750000000003, 8.0755859375, -0.5134765625000001])
array('d', [-7.188671875000001, 0.09335937500000001, 8.308984375, -0.8402343750000001])
array('d', [-8.682421875000001, 0.0, 8.122265625, -0.2333984375])
array('d', [-8.682421875000001, 0.0, 8.122265625, -0.2333984375])
array('d', [-8.682421875000001, 0.0, 8.122265625, -0.2333984375])
array('d', [-6.7685546875, 0.3267578125, 7.422070312500001, 0.56015625])
array('d', [-6.7685546875, 0.3267578125, 7.422070312500001, -0.2333984375])
array('d', [-7.7955078125, 0.046679687500000004, 8.77578125, -0.2333984375])
array('d', [-7.7955078125, 0.046679687500000004, 8.77578125, -0.2333984375])
array('d', [-8.449023437500001, 0.37343750000000003, 6.7685546875, 0.8869140625])
array('d', [-8.02890625, 0.0, 8.0755859375, 0.8869140625])
array('d', [-6.955273437500001, 0.046679687500000004, 8.308984375, 0.2333984375])
array('d', [-7.6087890625000005, -0.653515625, 7.6087890625000005, 0.37343750000000003])
array('d', [-7.6087890625000005, -0.653515625, 7.6087890625000005, -0.2333984375])
array('d', [-8.449023437500001, 0.046679687500000004, 7.6087890625000005, -0.2333984375])
array('d', [-7.3753906250000005, -0.280078125, 7.655468750000001, -0.0])
array('d', [-7.3753906250000005, -0.280078125, 7.655468750000001, -0.0])
array('d', [-8.02890625, 0.046679687500000004, 7.46875, -0.653515625])
array('d', [-8.449023437500001, -0.2333984375, 7.46875, 0.280078125])
array('d', [-8.449023437500001, -0.2333984375, 7.422070312500001, -0.653515625])
array('d', [-8.449023437500001, -0.2333984375, 7.422070312500001, -0.653515625])
array('d', [-7.8421875000000005, -0.18671875000000002, 7.6087890625000005, 0.280078125])
array('d', [-7.1419921875000005, 0.046679687500000004, 7.6087890625000005, 0.280078125])
array('d', [-6.955273437500001, -0.37343750000000003, 7.6087890625000005, 0.18671875000000002])
array('d', [-6.955273437500001, -0.37343750000000003, 7.6087890625000005, 0.18671875000000002])
array('d', [-6.955273437500001, -0.37343750000000003, 7.6087890625000005, 0.18671875000000002])
array('d', [-7.1419921875000005, 0.046679687500000004, 7.888867187500001, 0.18671875000000002])
array('d', [-8.449023437500001, 0.046679687500000004, 6.7685546875, -0.1400390625])
array('d', [-7.7955078125, 0.046679687500000004, 7.422070312500001, 0.18671875000000002])
array('d', [-8.449023437500001, 0.09335937500000001, 7.0486328125, 0.466796875])
array('d', [-8.449023437500001, 0.09335937500000001, 7.6087890625000005, -0.1400390625])
array('d', [-7.6087890625000005, 0.653515625, 7.6087890625000005, -0.1400390625])
array('d', [-8.2623046875, 0.653515625, 7.6087890625000005, 0.7935546875])
array('d', [-8.2623046875, 0.8869140625, 7.422070312500001, -0.653515625])
array('d', [-8.449023437500001, 0.8869140625, 7.46875, -0.280078125])
array('d', [-7.422070312500001, 0.0, 8.0755859375, -2.5673828125])
array('d', [-7.422070312500001, 0.046679687500000004, 8.0755859375, 0.280078125])
array('d', [-8.02890625, 0.046679687500000004, 8.0755859375, 0.280078125])
array('d', [-8.2623046875, -0.2333984375, 7.888867187500001, 0.7935546875])
array('d', [-8.2623046875, -0.2333984375, 7.888867187500001, 0.7935546875])
array('d', [-8.2623046875, -0.2333984375, 7.888867187500001, 0.7935546875])
array('d', [-8.449023437500001, 0.37343750000000003, 8.9625, -0.1400390625])
array('d', [-7.188671875000001, 0.37343750000000003, 7.888867187500001, -1.0269531250000001])
array('d', [-7.188671875000001, 0.37343750000000003, 7.46875, 0.280078125])
array('d', [-7.188671875000001, 0.37343750000000003, 7.46875, 0.280078125])
array('d', [-7.188671875000001, 0.37343750000000003, 7.46875, 0.280078125])
array('d', [-8.682421875000001, 0.046679687500000004, 8.495703125, 0.37343750000000003])
array('d', [-8.2623046875, 0.046679687500000004, 8.495703125, 0.37343750000000003])
array('d', [-8.02890625, 0.7001953125, 8.5423828125, -0.8402343750000001])
array('d', [-8.02890625, 0.7001953125, 8.5423828125, -0.8402343750000001])
array('d', [-8.02890625, 0.7001953125, 8.5423828125, -0.8402343750000001])
array('d', [-8.02890625, 0.7001953125, 8.5423828125, -0.8402343750000001])
array('d', [-7.7955078125, 0.0, 8.77578125, -0.2333984375])
array('d', [-7.6087890625000005, -0.2333984375, 7.888867187500001, -0.1400390625])
array('d', [-8.02890625, -0.280078125, 7.6087890625000005, -0.0])
array('d', [-8.02890625, -0.280078125, 7.6087890625000005, 0.18671875000000002])
array('d', [-7.422070312500001, -0.37343750000000003, 7.655468750000001, 0.18671875000000002])
array('d', [-7.7955078125, -0.2333984375, 8.77578125, -0.653515625])
array('d', [-6.53515625, 0.3267578125, 8.308984375, -0.0])
array('d', [-6.53515625, 0.3267578125, 8.308984375, -0.0])
array('d', [-8.2623046875, 0.0, 8.77578125, -0.42011718750000004])
array('d', [-8.2623046875, 0.37343750000000003, 7.422070312500001, 0.5134765625000001])
array('d', [-7.7955078125, 0.0, 8.5423828125, -0.7001953125])
array('d', [-7.7955078125, 0.0, 8.5423828125, -0.2333984375])
array('d', [-7.188671875000001, 0.046679687500000004, 8.77578125, -0.2333984375])
array('d', [-8.2623046875, -0.280078125, 7.655468750000001, 0.7001953125])
array('d', [-8.2623046875, -0.280078125, 7.655468750000001, 0.280078125])
array('d', [-8.02890625, -0.280078125, 8.77578125, 0.280078125])
array('d', [-7.422070312500001, 0.18671875000000002, 7.188671875000001, -0.5134765625000001])
array('d', [-8.449023437500001, 0.0, 7.188671875000001, -0.5134765625000001])
array('d', [-8.449023437500001, 0.0, 7.188671875000001, -0.5134765625000001])
array('d', [-8.449023437500001, 0.0, 7.188671875000001, -0.653515625])
array('d', [-8.02890625, 0.5134765625000001, 7.188671875000001, 0.37343750000000003])
array('d', [-8.682421875000001, -0.37343750000000003, 7.888867187500001, 0.37343750000000003])
array('d', [-8.682421875000001, -0.37343750000000003, 7.888867187500001, 0.37343750000000003])
array('d', [-7.7955078125, -0.7935546875, 8.9625, 0.466796875])
array('d', [-8.449023437500001, -0.56015625, 8.9625, -0.653515625])
array('d', [-8.449023437500001, -0.56015625, 8.9625, 0.37343750000000003])
array('d', [-8.449023437500001, -0.56015625, 8.9625, 0.37343750000000003])
array('d', [-8.449023437500001, -0.56015625, 8.9625, 0.37343750000000003])
array('d', [-8.2623046875, -0.56015625, 6.53515625, -0.0])
array('d', [-7.422070312500001, 0.0, 6.53515625, -0.0])
array('d', [-9.2892578125, -0.18671875000000002, 8.2623046875, -0.1400390625])
array('d', [-9.2892578125, -0.18671875000000002, 8.2623046875, -0.1400390625])
array('d', [-7.7955078125, 0.0, 8.2623046875, -0.5134765625000001])
array('d', [-9.89609375, 0.18671875000000002, 7.655468750000001, 0.280078125])
array('d', [-9.89609375, 0.18671875000000002, 7.001953125, 0.280078125])
array('d', [-8.449023437500001, 0.18671875000000002, 7.001953125, 0.280078125])
array('d', [-7.8421875000000005, -0.2333984375, 8.2623046875, 0.6068359375])
array('d', [-8.2623046875, -0.56015625, 7.888867187500001, 0.1400390625])
array('d', [-7.6087890625000005, 0.18671875000000002, 7.888867187500001, 0.1400390625])
array('d', [-7.6087890625000005, 0.18671875000000002, 7.188671875000001, -1.2603515625000001])
array('d', [-7.6087890625000005, 0.046679687500000004, 7.6087890625000005, -0.280078125])
array('d', [-7.7955078125, 0.37343750000000003, 8.122265625, -0.2333984375])
array('d', [-7.7955078125, 0.37343750000000003, 8.122265625, 1.1669921875])
array('d', [-8.682421875000001, 0.37343750000000003, 7.8421875000000005, 1.1669921875])
array('d', [-8.495703125, -0.2333984375, 7.655468750000001, 0.466796875])
array('d', [-7.7955078125, -0.5134765625000001, 8.308984375, -0.0])
array('d', [-7.7955078125, -0.5134765625000001, 8.308984375, -0.0])
array('d', [-7.7955078125, -0.56015625, 7.655468750000001, 0.280078125])
array('d', [-7.6087890625000005, -0.280078125, 7.655468750000001, -0.1400390625])
array('d', [-7.6087890625000005, -0.280078125, 7.655468750000001, -1.0269531250000001])
array('d', [-7.6087890625000005, -0.280078125, 7.655468750000001, -1.0269531250000001])
array('d', [-7.6087890625000005, -0.2333984375, 7.8421875000000005, -0.653515625])
array('d', [-7.6087890625000005, -0.2333984375, 7.8421875000000005, -0.653515625])
array('d', [-6.955273437500001, 0.466796875, 7.8421875000000005, 0.7001953125])
array('d', [-8.2623046875, 0.93359375, 8.5423828125, 0.7935546875])
array('d', [-8.2623046875, 0.3267578125, 7.6087890625000005, 0.280078125])
array('d', [-7.7955078125, 0.3267578125, 7.6087890625000005, 0.280078125])
array('d', [-7.7955078125, 0.37343750000000003, 7.6087890625000005, -0.37343750000000003])
array('d', [-8.682421875000001, 0.0, 7.8421875000000005, 0.7001953125])
array('d', [-8.02890625, -0.280078125, 8.77578125, 0.37343750000000003])
array('d', [-6.955273437500001, 0.046679687500000004, 7.655468750000001, -0.1400390625])
array('d', [-6.955273437500001, 0.046679687500000004, 7.655468750000001, -0.1400390625])
array('d', [-6.955273437500001, 0.046679687500000004, 7.655468750000001, -0.1400390625])
array('d', [-8.02890625, -0.56015625, 8.2623046875, -0.1400390625])
array('d', [-8.02890625, 0.3267578125, 8.5423828125, 0.280078125])
array('d', [-6.7685546875, 0.3267578125, 8.7291015625, -0.1400390625])
array('d', [-7.422070312500001, -0.653515625, 8.7291015625, -0.1400390625])
array('d', [-7.6087890625000005, -0.653515625, 7.6087890625000005, -1.1203125])
array('d', [-7.188671875000001, 0.09335937500000001, 8.77578125, 0.37343750000000003])
array('d', [-7.188671875000001, 0.09335937500000001, 8.122265625, -0.1400390625])
array('d', [-6.955273437500001, 0.3267578125, 8.122265625, -0.1400390625])
array('d', [-8.449023437500001, 0.046679687500000004, 7.6087890625000005, -0.653515625])
array('d', [-8.449023437500001, 0.046679687500000004, 7.6087890625000005, -0.653515625])
array('d', [-8.449023437500001, 0.046679687500000004, 7.6087890625000005, -0.653515625])
array('d', [-7.422070312500001, -0.18671875000000002, 7.655468750000001, -0.1400390625])
array('d', [-7.422070312500001, -0.18671875000000002, 7.655468750000001, 0.2333984375])
array('d', [-7.6087890625000005, 0.09335937500000001, 9.0091796875, 0.2333984375])
array('d', [-7.6087890625000005, 0.09335937500000001, 9.0091796875, 0.2333984375])
array('d', [-7.6087890625000005, 0.09335937500000001, 9.0091796875, 0.2333984375])
array('d', [-7.6087890625000005, 0.09335937500000001, 9.0091796875, 0.2333984375])
array('d', [-6.955273437500001, -0.18671875000000002, 7.188671875000001, -0.1400390625])
array('d', [-6.7685546875, 0.046679687500000004, 7.8421875000000005, -0.1400390625])
array('d', [-7.7955078125, 0.046679687500000004, 8.9625, 0.280078125])
array('d', [-7.7955078125, 0.046679687500000004, 8.308984375, -0.0])
array('d', [-8.2623046875, 0.046679687500000004, 8.308984375, -0.0])
array('d', [-7.7955078125, -0.5134765625000001, 8.5423828125, -0.1400390625])
array('d', [-8.682421875000001, -0.2333984375, 8.5423828125, 0.280078125])
array('d', [-8.682421875000001, -0.2333984375, 8.5423828125, 0.280078125])
array('d', [-8.215625000000001, -0.2333984375, 8.77578125, -0.0])
array('d', [-7.422070312500001, 0.0, 8.5423828125, -0.1400390625])
array('d', [-8.2623046875, -0.2333984375, 7.655468750000001, -0.1400390625])
array('d', [-8.2623046875, -0.2333984375, 7.655468750000001, -0.2333984375])
array('d', [-7.7955078125, -0.046679687500000004, 8.122265625, 0.280078125])
array('d', [-7.188671875000001, 0.046679687500000004, 7.8421875000000005, 0.37343750000000003])
array('d', [-7.188671875000001, 0.046679687500000004, 7.8421875000000005, 0.37343750000000003])
array('d', [-7.001953125, -0.2333984375, 7.6087890625000005, 0.280078125])
array('d', [-7.7955078125, 0.6068359375, 7.655468750000001, 0.280078125])
array('d', [-7.7955078125, 0.6068359375, 7.655468750000001, 0.280078125])
array('d', [-7.7955078125, 0.6068359375, 7.655468750000001, 0.280078125])
array('d', [-7.6087890625000005, -0.280078125, 7.422070312500001, 0.466796875])
array('d', [-7.6087890625000005, -0.280078125, 7.188671875000001, -0.466796875])
array('d', [-7.7955078125, 0.466796875, 7.188671875000001, -0.466796875])
array('d', [-7.422070312500001, -0.280078125, 7.8421875000000005, -0.6068359375])
array('d', [-7.422070312500001, -1.0269531250000001, 8.5423828125, -0.6068359375])
array('d', [-8.0755859375, -1.0269531250000001, 8.5423828125, -0.6068359375])
array('d', [-7.6087890625000005, -0.2333984375, 9.429296875, -0.2333984375])
array('d', [-7.7955078125, -0.56015625, 8.77578125, 0.2333984375])
array('d', [-8.449023437500001, -0.653515625, 7.2353515625, 0.280078125])
array('d', [-8.2623046875, 0.466796875, 8.2623046875, -0.1400390625])
array('d', [-8.2623046875, 0.466796875, 8.77578125, -0.1400390625])
array('d', [-7.7955078125, -0.8869140625, 8.77578125, -0.1400390625])
array('d', [-8.682421875000001, -0.42011718750000004, 8.122265625, 0.280078125])
array('d', [-7.3753906250000005, -0.18671875000000002, 9.1958984375, 0.2333984375])
array('d', [-7.3753906250000005, -0.18671875000000002, 9.1958984375, 0.37343750000000003])
array('d', [-7.422070312500001, 0.7935546875, 8.122265625, 0.37343750000000003])
array('d', [-7.6087890625000005, 0.046679687500000004, 7.422070312500001, -0.0])
array('d', [-7.7955078125, 0.046679687500000004, 7.422070312500001, -0.0])
array('d', [-7.7955078125, 0.046679687500000004, 7.422070312500001, -0.0])
array('d', [-7.7955078125, 0.046679687500000004, 7.422070312500001, -0.0])
array('d', [-7.7955078125, 0.466796875, 7.8421875000000005, -0.93359375])
array('d', [-8.2623046875, 0.37343750000000003, 7.2353515625, -0.2333984375])
array('d', [-8.2623046875, 0.37343750000000003, 7.2353515625, 0.37343750000000003])
array('d', [-7.6087890625000005, 0.7001953125, 7.188671875000001, 0.37343750000000003])
array('d', [-8.495703125, -0.653515625, 8.77578125, 0.37343750000000003])
array('d', [-7.001953125, 0.046679687500000004, 8.77578125, -0.1400390625])
array('d', [-7.001953125, 0.046679687500000004, 8.77578125, -0.1400390625])
array('d', [-7.6087890625000005, 0.0, 7.2353515625, 0.37343750000000003])
array('d', [-9.242578125, 0.18671875000000002, 7.8421875000000005, -0.7001953125])
array('d', [-9.242578125, 0.18671875000000002, 8.77578125, 0.8869140625])
array('d', [-7.6087890625000005, -0.8869140625, 8.77578125, 0.8869140625])
array('d', [-7.6087890625000005, -0.8869140625, 8.77578125, 0.8869140625])
array('d', [-8.2623046875, 0.6068359375, 7.8421875000000005, 0.466796875])
array('d', [-6.7685546875, 0.046679687500000004, 7.655468750000001, -0.2333984375])
array('d', [-8.2623046875, -0.5134765625000001, 9.0091796875, 0.37343750000000003])
array('d', [-8.2623046875, -0.5134765625000001, 9.0091796875, -0.6068359375])
array('d', [-6.5818359375, -0.09335937500000001, 8.122265625, -0.6068359375])
array('d', [-8.0755859375, -0.09335937500000001, 8.5423828125, -1.0269531250000001])
array('d', [-8.0755859375, -0.280078125, 8.308984375, -1.400390625])
array('d', [-8.449023437500001, -0.280078125, 8.308984375, 0.37343750000000003])
array('d', [-7.6087890625000005, 0.09335937500000001, 8.2623046875, 0.37343750000000003])
array('d', [-7.3753906250000005, 0.18671875000000002, 8.9625, 0.2333984375])
array('d', [-7.3753906250000005, 0.18671875000000002, 8.2623046875, 0.046679687500000004])
array('d', [-7.3753906250000005, 0.466796875, 7.422070312500001, 0.280078125])
array('d', [-8.449023437500001, 0.466796875, 7.422070312500001, 0.280078125])
array('d', [-8.2623046875, 0.7001953125, 7.422070312500001, 0.37343750000000003])
array('d', [-8.2623046875, -0.18671875000000002, 8.2623046875, 0.7935546875])
array('d', [-8.2623046875, -2.3806640625, 9.382617187500001, 0.8402343750000001])
array('d', [-8.682421875000001, -2.3806640625, 9.382617187500001, 0.8402343750000001])
array('d', [-9.1958984375, -2.3806640625, 9.382617187500001, 0.8402343750000001])
array('d', [-9.1958984375, -2.3806640625, 9.382617187500001, 0.8402343750000001])
array('d', [-9.1958984375, -2.6140625, 11.109765625000001, 2.6607421875000004])
array('d', [-10.923046875, -2.6140625, 11.109765625000001, 2.6607421875000004])
array('d', [-9.89609375, -3.267578125, 11.6232421875, 3.080859375])
array('d', [-11.76328125, -3.267578125, 12.3234375, 3.54765625])
array('d', [-11.76328125, -4.387890625, 12.3234375, 3.54765625])
array('d', [-12.603515625, -4.014453125, 12.0900390625, 4.9013671875])
array('d', [-13.3970703125, -4.387890625, 12.650195312500001, 5.0414062500000005])
array('d', [-13.0236328125, -4.761328125, 13.350390625000001, 6.068359375])
array('d', [-13.0236328125, -4.761328125, 13.7705078125, 5.6482421875])
array('d', [-13.3970703125, -5.134765625, 13.7705078125, 5.6482421875])
array('d', [-14.377343750000001, -5.134765625, 13.7705078125, 5.6482421875])
array('d', [-14.377343750000001, -5.134765625, 13.7705078125, 5.6482421875])
array('d', [-14.377343750000001, -6.021679687500001, 13.723828125, 6.721875000000001])
array('d', [-13.4904296875, -7.0953125, 13.723828125, 6.721875000000001])
array('d', [-14.610742187500001, -7.562109375, 16.197851562500002, 6.6751953125000005])
array('d', [-14.610742187500001, -7.562109375, 16.197851562500002, 6.6751953125000005])
array('d', [-14.610742187500001, -7.562109375, 16.197851562500002, 6.6751953125000005])
array('d', [-14.984179687500001, -7.748828125, 15.030859375, 7.5154296875])
array('d', [-15.310937500000001, -7.3287109375, 15.777734375000001, 8.682421875000001])
array('d', [-15.7310546875, -7.3753906250000005, 16.151171875, 7.562109375])
array('d', [-15.7310546875, -7.3753906250000005, 16.151171875, 8.3556640625])
array('d', [-16.8513671875, -8.495703125, 14.750781250000001, 8.3556640625])
array('d', [-16.8046875, -9.709375, 17.084765625, 8.40234375])
array('d', [-16.8046875, -9.9427734375, 17.084765625, 8.40234375])
array('d', [-16.8046875, -9.9427734375, 17.084765625, 8.40234375])
array('d', [-16.8046875, -9.9427734375, 17.598242187500002, 9.709375])
array('d', [-18.298437500000002, -10.1294921875, 17.2248046875, 9.709375])
array('d', [-18.578515625, -10.5029296875, 17.598242187500002, 11.109765625000001])
array('d', [-19.1853515625, -10.8296875, 18.298437500000002, 11.38984375])
array('d', [-19.2787109375, -13.3970703125, 19.3720703125, 11.016406250000001])
array('d', [-19.2787109375, -12.13671875, 19.5587890625, 12.0900390625])
array('d', [-19.3720703125, -12.13671875, 19.5587890625, 11.716601562500001])
array('d', [-19.932226562500002, -12.416796875000001, 19.7455078125, 11.716601562500001])
array('d', [-20.165625000000002, -13.7705078125, 20.165625000000002, 14.3306640625])
array('d', [-21.005859375, -13.817187500000001, 21.285937500000003, 13.9572265625])
array('d', [-21.005859375, -13.3970703125, 21.939453125, 14.00390625])
array('d', [-20.9591796875, -14.517382812500001, 21.659375, 14.750781250000001])
array('d', [-21.6126953125, -14.517382812500001, 21.659375, 14.750781250000001])
array('d', [-22.126171875, -15.310937500000001, 22.59296875, 13.677148437500001])
array('d', [-22.59296875, -15.450976562500001, 23.7599609375, 14.097265625])
array('d', [-22.59296875, -16.431250000000002, 23.199804687500002, 15.591015625])
array('d', [-23.0130859375, -16.431250000000002, 23.199804687500002, 15.591015625])
array('d', [-22.6396484375, -16.431250000000002, 22.919726562500003, 16.3845703125])
array('d', [-23.246484375, -16.24453125, 24.2734375, 16.3845703125])
array('d', [-23.246484375, -16.4779296875, 24.6935546875, 17.131445312500002])
array('d', [-24.2734375, -16.8513671875, 26.467382812500002, 17.131445312500002])
array('d', [-24.600195312500002, -16.9447265625, 26.140625, 18.2517578125])
array('d', [-25.113671875, -17.9716796875, 25.860546875, 19.6521484375])
array('d', [-25.113671875, -17.9716796875, 26.607421875, 20.072265625])
array('d', [-26.0939453125, -18.6251953125, 26.607421875, 20.072265625])
array('d', [-26.8408203125, -18.6251953125, 27.44765625, 20.865820312500002])
array('d', [-26.654101562500003, -18.951953125, 28.521289062500003, 23.153125000000003])
array('d', [-26.654101562500003, -18.951953125, 28.2412109375, 22.0794921875])
array('d', [-26.794140625, -20.0255859375, 28.2412109375, 22.0794921875])
array('d', [-27.821093750000003, -21.285937500000003, 28.6146484375, 21.379296875])
array('d', [-26.8408203125, -21.285937500000003, 29.968359375000002, 22.3595703125])
array('d', [-28.334570312500002, -20.9125, 28.7080078125, 23.619921875000003])
array('d', [-28.334570312500002, -20.9125, 29.5482421875, 21.8927734375])
array('d', [-28.334570312500002, -22.032812500000002, 30.621875000000003, 22.966406250000002])
array('d', [-29.501562500000002, -21.84609375, 30.621875000000003, 22.966406250000002])
array('d', [-30.155078125000003, -22.733007812500002, 30.4818359375, 23.33984375])
array('d', [-30.155078125000003, -22.733007812500002, 30.4818359375, 23.33984375])
array('d', [-30.155078125000003, -22.733007812500002, 30.4818359375, 23.33984375])
array('d', [-30.155078125000003, -22.733007812500002, 30.4818359375, 23.33984375])
array('d', [-30.155078125000003, -22.733007812500002, 30.4818359375, 23.33984375])
array('d', [-30.715234375, -23.1064453125, 31.088671875000003, 24.086718750000003])
array('d', [-30.715234375, -24.646875, 30.5751953125, 24.926953125])
array('d', [-30.715234375, -24.646875, 30.5751953125, 24.46015625])
array('d', [-29.688281250000003, -24.926953125, 31.135351562500002, 24.46015625])
array('d', [-32.30234375, -23.9466796875, 31.275390625, 24.46015625])
array('d', [-32.67578125, -24.8802734375, 32.022265625, 25.533789062500002])
array('d', [-32.67578125, -24.8802734375, 32.30234375, 26.140625])
array('d', [-33.796093750000004, -25.953906250000003, 33.42265625, 26.654101562500003])
array('d', [-33.796093750000004, -27.07421875, 33.1892578125, 26.420703125000003])
array('d', [-34.54296875, -27.867773437500002, 33.7494140625, 26.8408203125])
array('d', [-34.54296875, -27.867773437500002, 33.7494140625, 27.4943359375])
array('d', [-36.03671875, -27.727734375, 33.6560546875, 27.4943359375])
array('d', [-36.78359375, -27.587695312500003, 34.449609375, 27.541015625])
array('d', [-36.4568359375, -29.1748046875, 36.363476562500004, 28.1478515625])
array('d', [-36.4568359375, -29.128125, 35.429882812500004, 28.94140625])
array('d', [-35.756640625, -29.128125, 35.429882812500004, 28.567968750000002])
array('d', [-36.5501953125, -29.31484375, 35.429882812500004, 28.567968750000002])
array('d', [-37.4837890625, -28.801367187500002, 36.6435546875, 29.0814453125])
array('d', [-37.4837890625, -3.8744140625, 35.663281250000004, 4.8546875])
array('d', [-35.663281250000004, -3.8744140625, 35.663281250000004, 1.2603515625000001])
array('d', [-35.663281250000004, -3.8744140625, 35.663281250000004, 1.2603515625000001])
array('d', [-36.0833984375, -0.93359375, 36.316796875, 1.3537109375])
array('d', [-36.78359375, -0.93359375, 35.28984375, 1.3537109375])
array('d', [-36.4568359375, 0.6068359375, 35.756640625, 0.56015625])
array('d', [-35.663281250000004, -0.7935546875, 35.9900390625, 0.18671875000000002])
array('d', [-35.663281250000004, 0.6068359375, 34.636328125, -0.6068359375])
array('d', [-35.5232421875, 0.6068359375, 34.636328125, 0.2333984375])
array('d', [-36.78359375, -1.0269531250000001, 36.363476562500004, 0.2333984375])
array('d', [-36.78359375, -1.0269531250000001, 36.363476562500004, 0.2333984375])
array('d', [-36.78359375, -1.0269531250000001, 36.363476562500004, 0.2333984375])
array('d', [-36.78359375, -1.0269531250000001, 36.363476562500004, 0.2333984375])
array('d', [-36.78359375, -1.0269531250000001, 36.363476562500004, 0.2333984375])
array('d', [-36.78359375, -1.0269531250000001, 36.363476562500004, 0.2333984375])
array('d', [-32.115625, 0.0, 35.3365234375, -0.18671875000000002])
array('d', [-35.5232421875, 0.18671875000000002, 35.943359375, 1.6804687500000002])
array('d', [-35.5232421875, 0.37343750000000003, 34.91640625, 0.93359375])
array('d', [-34.449609375, 0.37343750000000003, 34.91640625, 0.93359375])
array('d', [-34.029492187500004, -0.7001953125, 34.6830078125, 0.56015625])
array('d', [-35.943359375, 0.653515625, 35.0564453125, -0.5134765625000001])
array('d', [-35.5232421875, 0.37343750000000003, 34.449609375, -0.5134765625000001])
array('d', [-35.5232421875, 0.37343750000000003, 34.029492187500004, 0.2333984375])
array('d', [-35.8033203125, 1.0269531250000001, 34.029492187500004, 0.18671875000000002])
array('d', [-35.85, -0.2333984375, 35.0564453125, 0.18671875000000002])
array('d', [-35.85, -0.2333984375, 35.0564453125, 0.18671875000000002])
array('d', [-35.4765625, 0.466796875, 35.28984375, -0.18671875000000002])
array('d', [-35.2431640625, 0.18671875000000002, 34.16953125, 1.30703125])
array('d', [-35.2431640625, 0.18671875000000002, 34.16953125, 0.56015625])
array('d', [-35.2431640625, 0.18671875000000002, 34.16953125, 0.56015625])
array('d', [-35.2431640625, 0.18671875000000002, 34.16953125, 0.56015625])
array('d', [-35.569921875, -0.09335937500000001, 34.636328125, 0.56015625])
array('d', [-34.823046875, -0.09335937500000001, 34.636328125, 0.56015625])
array('d', [-36.9236328125, -0.2333984375, 36.130078125000004, -0.5134765625000001])
array('d', [-35.2431640625, 0.09335937500000001, 35.0564453125, -0.18671875000000002])
array('d', [-35.2431640625, 0.09335937500000001, 35.0564453125, -1.6337890625])
array('d', [-34.1228515625, 0.5134765625000001, 35.0564453125, -1.6337890625])
array('d', [-35.569921875, -0.7935546875, 35.0564453125, -0.6068359375])
array('d', [-35.196484375000004, 0.0, 35.896679687500004, 0.56015625])
array('d', [-35.196484375000004, 0.0, 34.2162109375, -1.30703125])
array('d', [-35.943359375, -0.5134765625000001, 34.2162109375, -1.30703125])
array('d', [-36.2701171875, -0.09335937500000001, 36.363476562500004, -1.30703125])
array('d', [-36.2701171875, -0.09335937500000001, 36.363476562500004, -1.30703125])
array('d', [-36.2701171875, 1.30703125, 35.28984375, 0.56015625])
array('d', [-34.7763671875, 1.30703125, 35.28984375, -0.6068359375])
array('d', [-35.569921875, 0.6068359375, 35.756640625, -0.6068359375])
array('d', [-35.569921875, 0.6068359375, 35.756640625, -0.6068359375])
array('d', [-35.569921875, 0.6068359375, 35.756640625, -0.6068359375])
array('d', [-36.316796875, 0.18671875000000002, 35.896679687500004, 1.2603515625000001])
array('d', [-37.0169921875, -0.7935546875, 35.896679687500004, 1.2603515625000001])
array('d', [-37.063671875000004, -0.09335937500000001, 35.28984375, 0.9802734375000001])
array('d', [-37.063671875000004, -0.09335937500000001, 35.28984375, 0.9802734375000001])
array('d', [-37.063671875000004, -0.09335937500000001, 35.28984375, 0.9802734375000001])
array('d', [-35.103125, 0.6068359375, 35.4765625, 0.2333984375])
array('d', [-34.1228515625, -0.5134765625000001, 36.363476562500004, -0.18671875000000002])
array('d', [-34.1228515625, -0.5134765625000001, 34.4029296875, 0.2333984375])
array('d', [-35.2431640625, -0.5134765625000001, 34.4029296875, -0.5134765625000001])
array('d', [-35.943359375, -0.93359375, 34.4029296875, -0.5134765625000001])
array('d', [-35.569921875, -0.3267578125, 35.0564453125, -0.93359375])
array('d', [-35.6166015625, -0.3267578125, 35.28984375, -0.18671875000000002])
array('d', [-35.6166015625, 0.37343750000000003, 34.4029296875, -0.5134765625000001])
array('d', [-35.85, -0.5134765625000001, 34.823046875, -3.1275390625000004])
array('d', [-35.85, -0.5134765625000001, 34.823046875, -3.1275390625000004])
array('d', [-36.6435546875, -0.09335937500000001, 35.896679687500004, 0.2333984375])
array('d', [-35.6166015625, 0.18671875000000002, 34.16953125, 1.6804687500000002])
array('d', [-35.9900390625, 1.1203125, 35.7099609375, -0.18671875000000002])
array('d', [-35.5232421875, 0.0, 35.009765625, -0.18671875000000002])
array('d', [-36.316796875, -0.5134765625000001, 36.0833984375, 0.93359375])
array('d', [-34.7763671875, 0.18671875000000002, 35.4765625, 0.9802734375000001])
array('d', [-34.7763671875, 0.18671875000000002, 36.316796875, 0.93359375])
array('d', [-35.196484375000004, -1.213671875, 36.316796875, 0.93359375])
array('d', [-35.9900390625, 0.18671875000000002, 34.823046875, -0.18671875000000002])
array('d', [-35.9900390625, 0.18671875000000002, 34.823046875, -0.18671875000000002])
array('d', [-35.9900390625, 0.18671875000000002, 34.823046875, -0.18671875000000002])
array('d', [-35.9900390625, 0.18671875000000002, 34.823046875, -0.18671875000000002])
array('d', [-35.2431640625, 0.6068359375, 35.28984375, 0.56015625])
array('d', [-35.196484375000004, 0.6068359375, 34.16953125, 0.2333984375])
array('d', [-35.196484375000004, -0.5134765625000001, 35.7099609375, 0.18671875000000002])
array('d', [-35.196484375000004, -0.5134765625000001, 35.7099609375, 0.18671875000000002])
array('d', [-35.196484375000004, -0.5134765625000001, 35.7099609375, 0.18671875000000002])
array('d', [-35.196484375000004, -0.5134765625000001, 35.7099609375, 0.18671875000000002])
array('d', [-35.196484375000004, -0.5134765625000001, 35.7099609375, 0.18671875000000002])
array('d', [-35.663281250000004, 0.7001953125, 35.896679687500004, 0.56015625])
array('d', [-35.663281250000004, 0.7001953125, 35.4765625, 0.9802734375000001])
array('d', [-36.363476562500004, -1.213671875, 35.4765625, 0.9802734375000001])
array('d', [-35.28984375, 0.8869140625, 35.85, -0.5134765625000001])
array('d', [-36.363476562500004, 0.18671875000000002, 35.4765625, 0.9802734375000001])
array('d', [-36.363476562500004, 0.18671875000000002, 35.4765625, -0.8869140625])
array('d', [-35.2431640625, -0.2333984375, 34.823046875, -0.8869140625])
array('d', [-35.2431640625, -0.2333984375, 34.823046875, -0.8869140625])
array('d', [-35.2431640625, -0.2333984375, 34.823046875, -0.8869140625])
array('d', [-35.9900390625, -0.2333984375, 35.28984375, -0.5134765625000001])
array('d', [-36.7369140625, -0.7935546875, 34.823046875, 0.2333984375])
array('d', [-36.7369140625, -0.7935546875, 34.636328125, -0.6068359375])
array('d', [-37.437109375, -0.93359375, 34.636328125, -2.0539062500000003])
array('d', [-35.2431640625, 0.18671875000000002, 35.0564453125, -2.0539062500000003])
array('d', [-34.449609375, 0.8869140625, 34.823046875, 0.18671875000000002])
array('d', [-35.196484375000004, -0.6068359375, 34.823046875, -0.18671875000000002])
array('d', [-35.28984375, 0.466796875, 35.28984375, 1.2603515625000001])
array('d', [-35.28984375, 0.466796875, 35.28984375, 0.18671875000000002])
array('d', [-35.663281250000004, 0.6068359375, 35.0564453125, 0.18671875000000002])
array('d', [-37.530468750000004, 0.466796875, 35.7099609375, 1.6804687500000002])
array('d', [-35.2431640625, 0.466796875, 36.316796875, -0.18671875000000002])
array('d', [-35.2431640625, 0.8869140625, 35.85, 0.18671875000000002])
array('d', [-35.2431640625, 0.8869140625, 35.85, 0.18671875000000002])
array('d', [-34.496289062500004, 0.09335937500000001, 35.28984375, -0.18671875000000002])
array('d', [-36.7369140625, 0.466796875, 35.85, -0.18671875000000002])
array('d', [-36.03671875, 0.466796875, 35.85, -0.18671875000000002])
array('d', [-36.03671875, 0.466796875, 35.85, -0.18671875000000002])
array('d', [-36.03671875, 0.466796875, 35.85, -0.18671875000000002])
array('d', [-36.03671875, 0.7001953125, 33.562695312500004, 0.56015625])
array('d', [-34.5896484375, 0.7001953125, 33.562695312500004, 0.56015625])
array('d', [-34.5896484375, 0.466796875, 34.4029296875, 0.2333984375])
array('d', [-35.28984375, 0.37343750000000003, 35.429882812500004, -0.5134765625000001])
array('d', [-35.28984375, 0.37343750000000003, 35.2431640625, -0.6068359375])
array('d', [-35.383203125, 0.18671875000000002, 35.2431640625, -0.6068359375])
array('d', [-34.963085937500004, -0.09335937500000001, 36.316796875, -0.6068359375])
array('d', [-34.963085937500004, -0.09335937500000001, 36.316796875, -0.6068359375])
array('d', [-34.963085937500004, -0.09335937500000001, 36.316796875, -0.6068359375])
array('d', [-35.0564453125, 0.18671875000000002, 35.429882812500004, -0.18671875000000002])
array('d', [-35.0564453125, 0.6068359375, 34.1228515625, 0.93359375])
array('d', [-36.363476562500004, 0.6068359375, 36.316796875, 0.9802734375000001])
array('d', [-36.363476562500004, 0.6068359375, 36.316796875, 0.9802734375000001])
array('d', [-36.363476562500004, 0.6068359375, 36.316796875, 0.9802734375000001])
array('d', [-36.363476562500004, 0.6068359375, 36.316796875, 0.9802734375000001])
array('d', [-35.756640625, -1.6337890625, 36.316796875, 0.9802734375000001])
array('d', [-35.756640625, -0.5134765625000001, 35.7099609375, -0.5134765625000001])
array('d', [-36.130078125000004, -0.7935546875, 34.4029296875, 1.6804687500000002])
array('d', [-36.130078125000004, -0.7935546875, 34.4029296875, 1.6804687500000002])
array('d', [-36.130078125000004, -0.7935546875, 34.4029296875, 1.6804687500000002])
array('d', [-34.91640625, -0.5134765625000001, 35.28984375, 0.18671875000000002])
array('d', [-35.6166015625, -0.93359375, 34.4029296875, 0.18671875000000002])
array('d', [-35.6166015625, -0.5134765625000001, 35.0564453125, -0.18671875000000002])
array('d', [-35.6166015625, -0.5134765625000001, 35.2431640625, -0.93359375])
array('d', [-35.7099609375, 0.18671875000000002, 35.2431640625, -0.93359375])
array('d', [-36.03671875, -0.3267578125, 35.663281250000004, -0.6068359375])
array('d', [-35.6166015625, -0.09335937500000001, 35.663281250000004, -0.6068359375])
array('d', [-35.6166015625, -0.09335937500000001, 35.663281250000004, -0.6068359375])
array('d', [-35.6166015625, -0.09335937500000001, 36.0833984375, 1.6804687500000002])
array('d', [-34.91640625, 0.18671875000000002, 34.35625, 1.6804687500000002])
array('d', [-36.363476562500004, 0.18671875000000002, 36.316796875, 0.56015625])
array('d', [-36.363476562500004, 0.18671875000000002, 36.316796875, 0.56015625])
array('d', [-35.6166015625, 0.18671875000000002, 33.9361328125, -0.93359375])
array('d', [-35.383203125, -0.5134765625000001, 35.663281250000004, -0.18671875000000002])
array('d', [-35.383203125, -0.5134765625000001, 35.663281250000004, -0.18671875000000002])
array('d', [-36.130078125000004, -0.5134765625000001, 35.663281250000004, -0.18671875000000002])
array('d', [-36.130078125000004, -0.5134765625000001, 35.663281250000004, -0.18671875000000002])
array('d', [-36.130078125000004, -0.5134765625000001, 35.663281250000004, -0.18671875000000002])
array('d', [-36.363476562500004, -0.5134765625000001, 35.2431640625, 0.1400390625])
array('d', [-36.363476562500004, -0.5134765625000001, 35.2431640625, -0.6068359375])
array('d', [-35.756640625, 0.37343750000000003, 35.429882812500004, -0.6068359375])
array('d', [-35.756640625, 0.18671875000000002, 36.0833984375, -0.18671875000000002])
array('d', [-34.2162109375, -0.7001953125, 35.009765625, -0.18671875000000002])
array('d', [-34.2162109375, -0.7001953125, 35.009765625, -0.93359375])
array('d', [-34.963085937500004, 0.37343750000000003, 35.2431640625, -0.93359375])
array('d', [-34.5896484375, 0.18671875000000002, 34.1228515625, -0.18671875000000002])
array('d', [-36.596875000000004, -0.7935546875, 34.5896484375, -0.18671875000000002])
array('d', [-36.1767578125, -0.5134765625000001, 34.35625, 0.56015625])
array('d', [-36.1767578125, -0.5134765625000001, 34.35625, -0.18671875000000002])
array('d', [-35.756640625, 0.18671875000000002, 33.516015625, -0.18671875000000002])
array('d', [-34.2162109375, -0.5134765625000001, 34.823046875, 0.1400390625])
array('d', [-35.383203125, -0.5134765625000001, 34.823046875, 0.1400390625])
array('d', [-35.383203125, -0.5134765625000001, 35.4765625, -0.18671875000000002])
array('d', [-35.429882812500004, -0.09335937500000001, 34.7763671875, -0.18671875000000002])
array('d', [-34.963085937500004, 0.280078125, 34.35625, -0.93359375])
array('d', [-34.3095703125, 0.8869140625, 34.823046875, -0.18671875000000002])
array('d', [-35.756640625, 0.18671875000000002, 35.4765625, -1.2603515625000001])
array('d', [-34.6830078125, -0.7001953125, 35.0564453125, 0.56015625])
array('d', [-34.6830078125, -0.7001953125, 35.0564453125, 0.56015625])
array('d', [-36.1767578125, 1.1203125, 35.7099609375, 0.2333984375])
array('d', [-35.7099609375, -0.5134765625000001, 33.9361328125, -0.5134765625000001])
array('d', [-35.7099609375, 0.466796875, 34.636328125, -0.93359375])
array('d', [-35.7099609375, 0.466796875, 34.636328125, -0.93359375])
array('d', [-35.7099609375, 0.466796875, 34.636328125, -0.93359375])
array('d', [-34.636328125, 0.466796875, 34.636328125, 0.56015625])
array('d', [-35.756640625, -0.2333984375, 35.4765625, 0.56015625])
array('d', [-35.7099609375, 0.6068359375, 35.0564453125, 1.2603515625000001])
array('d', [-35.7099609375, 0.6068359375, 35.0564453125, 1.2603515625000001])
array('d', [-34.6830078125, 0.466796875, 35.7099609375, 0.56015625])
array('d', [-36.41015625, -0.2333984375, 35.896679687500004, -1.30703125])
array('d', [-36.1767578125, -0.93359375, 36.130078125000004, 0.18671875000000002])
array('d', [-36.1767578125, -0.93359375, 36.130078125000004, 0.18671875000000002])
array('d', [-36.1767578125, -0.93359375, 36.130078125000004, 0.18671875000000002])
array('d', [-36.1767578125, -0.93359375, 36.130078125000004, 0.18671875000000002])
array('d', [-36.503515625, 0.466796875, 35.28984375, 0.2333984375])
array('d', [-36.503515625, 0.466796875, 35.28984375, 0.18671875000000002])
array('d', [-35.28984375, -0.5134765625000001, 35.0564453125, 0.18671875000000002])
array('d', [-35.429882812500004, -0.42011718750000004, 35.28984375, 0.18671875000000002])
array('d', [-34.636328125, -0.5134765625000001, 35.0564453125, -0.93359375])
array('d', [-36.41015625, 0.6068359375, 35.7099609375, -2.0539062500000003])
array('d', [-36.41015625, 0.6068359375, 35.7099609375, -2.0539062500000003])
array('d', [-34.6830078125, 0.18671875000000002, 35.0564453125, 0.56015625])
array('d', [-35.0564453125, -0.3267578125, 34.823046875, -0.5134765625000001])
array('d', [-36.503515625, 0.6068359375, 35.28984375, 0.56015625])
array('d', [-34.963085937500004, 0.37343750000000003, 35.28984375, 0.93359375])
array('d', [-34.963085937500004, 0.18671875000000002, 36.1767578125, -0.18671875000000002])
array('d', [-36.1767578125, 0.18671875000000002, 36.1767578125, -0.18671875000000002])
array('d', [-35.429882812500004, 0.18671875000000002, 36.1767578125, -0.18671875000000002])
array('d', [-35.429882812500004, -1.213671875, 35.7099609375, -0.6068359375])
array('d', [-36.9236328125, 0.7935546875, 35.7099609375, -0.6068359375])
array('d', [-36.503515625, -0.5134765625000001, 35.0564453125, -0.18671875000000002])
array('d', [-35.756640625, 0.18671875000000002, 35.7099609375, 0.18671875000000002])
array('d', [-35.756640625, -1.4470703125000002, 34.636328125, -0.5134765625000001])
array('d', [-34.076171875, -1.4470703125000002, 34.636328125, -0.6068359375])
array('d', [-35.0564453125, -1.6337890625, 35.28984375, -0.6068359375])
array('d', [-34.6830078125, 0.466796875, 33.9828125, -0.18671875000000002])
array('d', [-36.1767578125, 0.6068359375, 34.823046875, 0.9802734375000001])
array('d', [-35.85, 0.6068359375, 35.0564453125, -0.6068359375])
array('d', [-35.85, 0.6068359375, 35.0564453125, -0.6068359375])
array('d', [-35.85, 0.466796875, 35.103125, 0.56015625])
array('d', [-35.85, 0.37343750000000003, 34.636328125, 0.56015625])
array('d', [-35.85, 0.18671875000000002, 35.28984375, -0.93359375])
array('d', [-34.6830078125, 0.18671875000000002, 35.28984375, -0.93359375])
array('d', [-34.636328125, -0.3267578125, 35.28984375, -0.93359375])
array('d', [-36.1767578125, 0.7001953125, 35.28984375, 0.2333984375])
array('d', [-35.429882812500004, 0.8869140625, 35.28984375, 0.56015625])
array('d', [-34.636328125, 0.0, 34.2162109375, -1.30703125])
array('d', [-34.636328125, 0.0, 34.2162109375, 0.56015625])
array('d', [-34.636328125, 0.0, 34.2162109375, 0.56015625])
array('d', [-34.636328125, 0.0, 34.2162109375, 0.56015625])
array('d', [-35.85, 0.18671875000000002, 35.5232421875, 0.18671875000000002])
array('d', [-36.1767578125, -0.5134765625000001, 33.9828125, 0.18671875000000002])
array('d', [-35.756640625, -0.09335937500000001, 34.4029296875, -0.93359375])
array('d', [-36.596875000000004, -0.2333984375, 35.943359375, -0.93359375])
array('d', [-36.596875000000004, -0.2333984375, 35.943359375, 0.56015625])
array('d', [-35.85, 1.1669921875, 35.103125, 0.56015625])
array('d', [-35.429882812500004, -0.09335937500000001, 35.7099609375, 0.93359375])
array('d', [-35.429882812500004, -0.09335937500000001, 35.7099609375, 0.93359375])
array('d', [-35.429882812500004, -0.09335937500000001, 35.7099609375, 0.93359375])
array('d', [-35.429882812500004, -0.09335937500000001, 35.7099609375, 0.93359375])
array('d', [-35.429882812500004, -0.09335937500000001, 35.7099609375, 0.93359375])
array('d', [-36.596875000000004, -0.5134765625000001, 35.28984375, 0.56015625])
array('d', [-35.85, 0.8869140625, 34.636328125, -0.18671875000000002])
array('d', [-35.85, 0.18671875000000002, 34.4029296875, -0.18671875000000002])
array('d', [-35.85, 0.18671875000000002, 34.4029296875, -0.18671875000000002])
array('d', [-35.85, 0.18671875000000002, 34.4029296875, -0.18671875000000002])
array('d', [-35.896679687500004, 0.18671875000000002, 34.4029296875, -1.3537109375])
array('d', [-36.316796875, -0.7001953125, 35.9900390625, -0.18671875000000002])
array('d', [-36.316796875, -0.7001953125, 33.9828125, 0.18671875000000002])
array('d', [-35.196484375000004, 0.18671875000000002, 33.9828125, 0.18671875000000002])
array('d', [-35.196484375000004, 0.18671875000000002, 33.9828125, 0.18671875000000002])
array('d', [-36.2234375, 0.8869140625, 34.823046875, -0.18671875000000002])
array('d', [-35.5232421875, 0.6068359375, 34.4029296875, -0.93359375])
array('d', [-35.5232421875, 0.6068359375, 34.4029296875, -0.6068359375])
array('d', [-35.6166015625, -0.7935546875, 34.4029296875, -0.6068359375])
array('d', [-36.2234375, 1.0269531250000001, 34.636328125, -0.5134765625000001])
array('d', [-36.2234375, 1.0269531250000001, 34.6830078125, -0.5134765625000001])
array('d', [-36.2234375, -0.5134765625000001, 34.6830078125, 0.56015625])
array('d', [-35.196484375000004, -0.2333984375, 34.823046875, 0.56015625])
array('d', [-34.91640625, 0.18671875000000002, 35.28984375, 0.18671875000000002])
array('d', [-34.91640625, 0.8869140625, 34.636328125, 0.18671875000000002])
array('d', [-36.6435546875, 0.8869140625, 34.636328125, 0.18671875000000002])
array('d', [-36.6435546875, 0.8869140625, 34.636328125, 0.18671875000000002])
array('d', [-34.91640625, -0.7935546875, 35.943359375, 0.18671875000000002])
array('d', [-34.823046875, -0.5134765625000001, 34.16953125, -0.93359375])
array('d', [-34.823046875, -0.5134765625000001, 35.5232421875, 0.56015625])
array('d', [-34.823046875, -0.5134765625000001, 35.5232421875, 0.56015625])
array('d', [-34.823046875, -0.5134765625000001, 35.5232421875, 0.56015625])
array('d', [-34.91640625, -0.7935546875, 35.28984375, 0.2333984375])
array('d', [-34.91640625, -0.7935546875, 35.3365234375, -0.18671875000000002])
array('d', [-36.1767578125, 0.8869140625, 35.3365234375, -0.18671875000000002])
array('d', [-36.1767578125, 0.8869140625, 35.3365234375, -0.18671875000000002])
array('d', [-34.4029296875, -0.09335937500000001, 34.2162109375, 0.2333984375])
array('d', [-35.896679687500004, -1.213671875, 36.130078125000004, -0.93359375])
array('d', [-36.6435546875, 0.18671875000000002, 36.4568359375, -0.18671875000000002])
array('d', [-36.03671875, 0.466796875, 35.103125, 0.56015625])
array('d', [-36.03671875, 0.466796875, 35.103125, 0.56015625])
array('d', [-36.6435546875, -0.2333984375, 34.729687500000004, 0.56015625])
array('d', [-35.85, 1.0269531250000001, 35.569921875, 1.30703125])
array('d', [-35.896679687500004, 0.466796875, 34.16953125, -0.18671875000000002])
array('d', [-35.6166015625, -0.5134765625000001, 34.2162109375, 0.2333984375])
array('d', [-35.6166015625, -0.5134765625000001, 34.2162109375, 0.93359375])
array('d', [-35.6166015625, -0.5134765625000001, 34.2162109375, 0.93359375])
array('d', [-35.6166015625, -0.5134765625000001, 34.2162109375, 0.93359375])
array('d', [-36.2234375, 0.8869140625, 34.8697265625, 0.93359375])
array('d', [-35.6166015625, 0.18671875000000002, 33.9828125, 0.93359375])
array('d', [-37.15703125, 0.0, 35.3365234375, -0.18671875000000002])
array('d', [-37.15703125, 0.0, 35.3365234375, -0.18671875000000002])
array('d', [-37.15703125, 0.0, 35.3365234375, -0.18671875000000002])
array('d', [-37.15703125, 0.0, 35.3365234375, -0.18671875000000002])
array('d', [-35.85, 0.6068359375, 35.9900390625, -0.18671875000000002])
array('d', [-34.91640625, 0.046679687500000004, 35.383203125, -0.5134765625000001])
array('d', [-34.91640625, 0.046679687500000004, 35.383203125, 1.6804687500000002])
array('d', [-34.91640625, 0.046679687500000004, 35.383203125, 1.6804687500000002])
array('d', [-34.91640625, 0.046679687500000004, 35.383203125, 1.6804687500000002])
array('d', [-35.6166015625, -0.09335937500000001, 35.756640625, 0.1400390625])
array('d', [-37.3904296875, -1.6804687500000002, 35.756640625, 0.1400390625])
array('d', [-38.090625, -3.641015625, 37.34375, 1.3537109375])
array('d', [-37.4837890625, -2.4740234375, 38.230664062500004, 2.8474609375])
array('d', [-38.65078125, -3.54765625, 38.8841796875, 3.2208984375000003])
array('d', [-39.3509765625, -2.1939453125, 38.697460937500004, 2.8474609375])
array('d', [-39.3509765625, -2.1939453125, 39.5376953125, 4.8080078125000005])
array('d', [-40.051171875, -5.8349609375, 39.5376953125, 4.8080078125000005])
array('d', [-39.77109375, -5.0880859375, 39.864453125000004, 5.9283203125])
array('d', [-39.8177734375, -5.4615234375, 38.5107421875, 4.9013671875])
array('d', [-41.498242187500004, -5.4615234375, 41.2181640625, 4.3412109375000005])
array('d', [-42.6185546875, -5.8349609375, 41.078125, 6.4417968750000005])
array('d', [-42.9453125, -6.2083984375000005, 41.031445312500004, 1.773828125])
array('d', [-42.9919921875, -7.28203125, 42.1517578125, 7.1419921875000005])
array('d', [-42.9919921875, -7.28203125, 42.198437500000004, 8.2623046875])
array('d', [-43.6921875, -8.7291015625, 42.198437500000004, 7.7955078125])
array('d', [-43.6921875, -7.28203125, 44.065625000000004, 8.449023437500001])
array('d', [-44.9525390625, -7.28203125, 44.065625000000004, 9.055859375])
array('d', [-45.139257812500006, -9.52265625, 41.404882812500006, 9.055859375])
array('d', [-45.1859375, -9.89609375, 45.932812500000004, 9.709375])
array('d', [-45.699414062500004, -10.5962890625, 44.62578125, 8.7291015625])
array('d', [-46.306250000000006, -11.38984375, 44.62578125, 10.176171875])
array('d', [-47.239843750000006, -10.736328125, 45.7927734375, 11.0630859375])
array('d', [-47.239843750000006, -11.76328125, 45.606054687500006, 11.0630859375])
array('d', [-47.2865234375, -11.5298828125, 47.4265625, 11.249804687500001])
array('d', [-47.2865234375, -11.5298828125, 47.4265625, 11.249804687500001])
array('d', [-47.2865234375, -11.5298828125, 47.4265625, 11.249804687500001])
array('d', [-47.519921875, -11.5298828125, 47.4265625, 12.230078125])
array('d', [-47.239843750000006, -12.5568359375, 46.399609375000004, 14.2373046875])
array('d', [-48.5935546875, -13.3037109375, 46.399609375000004, 14.2373046875])
array('d', [-48.5935546875, -13.0236328125, 48.5935546875, 13.3037109375])
array('d', [-48.5935546875, -13.817187500000001, 46.959765625, 14.283984375000001])
array('d', [-48.9203125, -13.817187500000001, 49.85390625, 14.984179687500001])
array('d', [-49.6205078125, -14.00390625, 49.85390625, 14.984179687500001])
array('d', [-49.7138671875, -14.190625, 50.133984375000004, 14.097265625])
array('d', [-49.7138671875, -16.0578125, 48.966992187500004, 15.964453125])
array('d', [-50.040625000000006, -16.0578125, 50.4140625, 15.544335937500001])
array('d', [-50.040625000000006, -16.0578125, 50.4140625, 15.544335937500001])
array('d', [-50.040625000000006, -16.0578125, 50.4140625, 15.544335937500001])
array('d', [-50.040625000000006, -16.0578125, 50.4140625, 15.544335937500001])
array('d', [-50.4140625, -14.8908203125, 50.4140625, 16.0111328125])
array('d', [-51.207617187500006, -15.404296875, 50.4140625, 16.0111328125])
array('d', [-51.5810546875, -15.8244140625, 51.72109375, 16.1044921875])
array('d', [-51.5810546875, -15.8244140625, 51.72109375, 16.1044921875])
array('d', [-51.5810546875, -15.8244140625, 51.72109375, 16.1044921875])
array('d', [-51.5810546875, -15.8244140625, 51.72109375, 16.1044921875])
array('d', [-52.6546875, -16.431250000000002, 50.740820312500006, 17.364843750000002])
array('d', [-52.934765625000004, -16.2912109375, 53.494921875, 17.0380859375])
array('d', [-52.934765625000004, -16.2912109375, 53.494921875, 17.0380859375])
array('d', [-52.7947265625, -16.524609375, 52.0478515625, 18.2517578125])
array('d', [-53.541601562500006, -17.831640625000002, 53.8216796875, 18.1583984375])
array('d', [-53.541601562500006, -18.11171875, 53.775000000000006, 18.8119140625])
array('d', [-53.868359375000004, -18.11171875, 53.2615234375, 18.6251953125])
array('d', [-53.868359375000004, -18.11171875, 53.2615234375, 18.6251953125])
array('d', [-53.868359375000004, -18.8119140625, 53.2615234375, 18.6251953125])
array('d', [-54.708593750000006, -18.9052734375, 53.7283203125, 19.2787109375])
array('d', [-54.941992187500006, -20.6791015625, 53.634960937500004, 20.4923828125])
array('d', [-54.941992187500006, -20.6791015625, 53.634960937500004, 20.4923828125])
array('d', [-54.941992187500006, -20.6791015625, 53.634960937500004, 20.4923828125])
array('d', [-55.82890625, -20.399023437500002, 53.96171875, 19.885546875])
array('d', [-56.435742187500004, -21.2392578125, 54.615234375, 20.2123046875])
array('d', [-56.6224609375, -21.659375, 55.08203125, 20.2123046875])
array('d', [-56.6224609375, -21.659375, 55.08203125, 20.2123046875])
array('d', [-56.108984375000006, -21.799414062500002, 55.7822265625, 21.2392578125])
array('d', [-57.789453125, -21.47265625, 55.7822265625, 21.799414062500002])
array('d', [-57.836132812500004, -22.266210937500002, 56.855859375, 22.5462890625])
array('d', [-57.836132812500004, -22.266210937500002, 56.5291015625, 22.966406250000002])
array('d', [-58.1162109375, -23.386523437500003, 56.5291015625, 22.966406250000002])
array('d', [-58.5830078125, -22.966406250000002, 56.7158203125, 23.5265625])
array('d', [-58.5830078125, -22.966406250000002, 56.7158203125, 23.5265625])
array('d', [-58.5830078125, -22.966406250000002, 56.7158203125, 23.5265625])
array('d', [-58.3962890625, -23.199804687500002, 57.229296875, 23.900000000000002])
array('d', [-57.9294921875, -23.993359375, 57.602734375000004, 24.086718750000003])
array('d', [-58.769726562500004, -23.806640625, 57.229296875, 24.646875])
array('d', [-58.769726562500004, -24.6935546875, 58.0228515625, 25.3470703125])
array('d', [-59.236523437500004, -25.3470703125, 58.349609375, 25.720507812500003])
array('d', [-59.236523437500004, -25.3470703125, 58.349609375, 26.467382812500002])
array('d', [-59.236523437500004, -25.3470703125, 58.349609375, 26.467382812500002])
array('d', [-59.236523437500004, -25.3470703125, 58.349609375, 26.467382812500002])
array('d', [-60.7302734375, -25.4404296875, 59.4232421875, 26.887500000000003])
array('d', [-60.7302734375, -25.4404296875, 59.7966796875, 27.0275390625])
array('d', [-61.6171875, -26.7474609375, 59.7966796875, 27.0275390625])
array('d', [-63.5310546875, -27.914453125, 59.703320312500004, 27.400976562500002])
array('d', [-62.55078125, -27.6810546875, 60.1234375, 26.0939453125])
array('d', [-62.55078125, -28.4279296875, 59.56328125, 29.128125])
array('d', [-62.3640625, -28.4279296875, 59.56328125, 29.128125])
array('d', [-63.1576171875, -28.101171875000002, 61.2904296875, 28.38125])
array('d', [-65.25820312500001, -28.8947265625, 61.150390625, 29.501562500000002])
array('d', [-65.25820312500001, -29.594921875, 61.05703125, 28.1478515625])
array('d', [-65.25820312500001, -29.594921875, 61.05703125, 28.1478515625])
array('d', [-64.511328125, -29.594921875, 61.05703125, 29.5482421875])
array('d', [-62.92421875, -29.594921875, 62.177343750000006, 29.5482421875])
array('d', [-63.904492187500004, -4.0611328125, 60.403515625000004, 1.9138671875000002])
array('d', [-63.671093750000004, -0.6068359375, 59.7966796875, -0.9802734375000001])
array('d', [-63.671093750000004, -0.6068359375, 59.7966796875, 2.0539062500000003])
array('d', [-62.504101562500004, -0.93359375, 60.7302734375, 2.0539062500000003])
array('d', [-63.1576171875, -0.8402343750000001, 59.936718750000004, -0.18671875000000002])
array('d', [-63.1576171875, -0.8402343750000001, 59.936718750000004, -0.18671875000000002])
array('d', [-63.1576171875, -0.8402343750000001, 59.936718750000004, -0.18671875000000002])
array('d', [-63.110937500000006, 0.37343750000000003, 60.3568359375, -0.280078125])
array('d', [-63.110937500000006, -0.18671875000000002, 59.843359375000006, 0.046679687500000004])
array('d', [-63.0642578125, 0.7935546875, 59.9833984375, 0.046679687500000004])
array('d', [-63.110937500000006, 0.7935546875, 59.9833984375, 0.046679687500000004])
array('d', [-63.484375, -0.8869140625, 59.843359375000006, -0.653515625])
array('d', [-64.23125, 0.0, 60.543554687500006, 0.1400390625])
array('d', [-64.23125, 0.0, 60.543554687500006, 0.1400390625])
array('d', [-64.23125, 0.0, 60.543554687500006, 0.1400390625])
array('d', [-64.23125, 0.0, 60.543554687500006, 0.1400390625])
array('d', [-64.23125, 0.0, 60.543554687500006, 0.1400390625])
array('d', [-63.5310546875, 0.37343750000000003, 59.609960937500006, -0.466796875])
array('d', [-63.484375, 0.42011718750000004, 60.543554687500006, 0.280078125])
array('d', [-63.437695312500004, 0.0, 59.18984375, 0.046679687500000004])
array('d', [-63.437695312500004, 0.0, 60.543554687500006, 0.1400390625])
array('d', [-63.484375, -1.0736328125, 60.543554687500006, 0.1400390625])
array('d', [-64.23125, 0.37343750000000003, 60.2634765625, -0.466796875])
array('d', [-62.3173828125, -0.6068359375, 60.2634765625, 0.2333984375])
array('d', [-62.3173828125, -0.6068359375, 60.2634765625, 0.2333984375])
array('d', [-62.3173828125, -0.6068359375, 60.2634765625, 0.2333984375])
array('d', [-62.3173828125, -0.6068359375, 60.2634765625, 0.2333984375])
array('d', [-62.3640625, -1.30703125, 60.636914062500004, -0.18671875000000002])
array('d', [-62.3173828125, 0.0, 60.216796875, -0.09335937500000001])
array('d', [-62.3173828125, 0.0, 60.216796875, -0.09335937500000001])
array('d', [-62.3640625, 0.37343750000000003, 59.9833984375, -0.466796875])
array('d', [-64.55800781250001, 0.18671875000000002, 60.590234375, -0.466796875])
array('d', [-64.55800781250001, 0.18671875000000002, 60.590234375, 0.18671875000000002])
array('d', [-62.3640625, 0.2333984375, 61.803906250000004, 0.18671875000000002])
array('d', [-62.3640625, 0.0, 60.216796875, 0.280078125])
array('d', [-61.943945312500006, 0.0, 60.7302734375, 0.046679687500000004])
array('d', [-61.943945312500006, 0.0, 60.7302734375, 0.280078125])
array('d', [-61.943945312500006, 0.0, 60.7302734375, 0.280078125])
array('d', [-61.943945312500006, 0.0, 60.7302734375, 0.280078125])
array('d', [-62.3173828125, -0.653515625, 60.543554687500006, -0.046679687500000004])
array('d', [-64.1845703125, -0.42011718750000004, 61.010351562500006, -0.046679687500000004])
array('d', [-62.3173828125, 0.18671875000000002, 60.636914062500004, 0.3267578125])
array('d', [-64.55800781250001, 0.37343750000000003, 60.076757812500006, -0.0])
array('d', [-64.55800781250001, 0.37343750000000003, 60.076757812500006, 0.2333984375])
array('d', [-62.6908203125, -0.2333984375, 60.3568359375, 0.2333984375])
array('d', [-63.811132812500006, -0.2333984375, 60.403515625000004, -0.18671875000000002])
array('d', [-63.484375, 0.6068359375, 60.3568359375, -0.18671875000000002])
array('d', [-63.484375, 0.6068359375, 60.3568359375, -0.18671875000000002])
array('d', [-65.3048828125, 0.0, 60.1234375, -0.466796875])
array('d', [-63.0642578125, -0.2333984375, 60.543554687500006, 0.5134765625000001])
array('d', [-64.1845703125, -0.8869140625, 60.1234375, 0.046679687500000004])
array('d', [-64.1845703125, -0.8869140625, 60.1234375, 0.5134765625000001])
array('d', [-63.437695312500004, 0.0, 60.1234375, 0.5134765625000001])
array('d', [-63.0642578125, 0.8402343750000001, 60.1234375, -0.18671875000000002])
array('d', [-64.1845703125, 0.18671875000000002, 60.543554687500006, -0.18671875000000002])
array('d', [-63.0642578125, 1.0269531250000001, 59.5166015625, -0.0])
array('d', [-63.0642578125, 1.0269531250000001, 59.5166015625, -0.0])
array('d', [-63.0642578125, 1.0269531250000001, 59.5166015625, -0.0])
array('d', [-63.0642578125, -0.046679687500000004, 60.7302734375, -0.18671875000000002])
array('d', [-63.0642578125, 0.37343750000000003, 60.543554687500006, 0.046679687500000004])
array('d', [-63.0642578125, 0.37343750000000003, 60.543554687500006, 0.046679687500000004])
array('d', [-63.0642578125, 0.37343750000000003, 60.543554687500006, 0.046679687500000004])
array('d', [-63.0642578125, 0.37343750000000003, 60.543554687500006, 0.046679687500000004])
array('d', [-62.3173828125, 0.0, 60.870312500000004, 0.5134765625000001])
array('d', [-63.811132812500006, -0.653515625, 60.4501953125, -0.0])
array('d', [-61.943945312500006, 1.2603515625000001, 60.216796875, 0.1400390625])
array('d', [-63.811132812500006, 0.18671875000000002, 60.68359375, 0.18671875000000002])
array('d', [-63.811132812500006, 0.18671875000000002, 60.68359375, -0.37343750000000003])
array('d', [-63.437695312500004, -0.2333984375, 60.68359375, -0.37343750000000003])
array('d', [-63.0642578125, -0.8869140625, 60.030078125, 0.046679687500000004])
array('d', [-63.0642578125, -0.8869140625, 60.030078125, 0.046679687500000004])
array('d', [-63.811132812500006, -0.2333984375, 60.403515625000004, 0.56015625])
array('d', [-63.811132812500006, -0.2333984375, 60.403515625000004, -0.2333984375])
array('d', [-63.0642578125, 0.18671875000000002, 59.843359375000006, -0.2333984375])
array('d', [-64.55800781250001, 0.18671875000000002, 60.1234375, -0.56015625])
array('d', [-62.6908203125, -0.2333984375, 60.403515625000004, -0.0])
array('d', [-62.3173828125, -0.046679687500000004, 60.310156250000006, -0.0])
array('d', [-64.1845703125, -0.046679687500000004, 60.310156250000006, -0.0])
array('d', [-64.1845703125, 0.42011718750000004, 60.310156250000006, 0.09335937500000001])
array('d', [-64.1845703125, -0.2333984375, 60.403515625000004, -0.18671875000000002])
array('d', [-63.437695312500004, 0.18671875000000002, 60.496875, 0.18671875000000002])
array('d', [-63.437695312500004, 0.18671875000000002, 60.496875, 0.18671875000000002])
array('d', [-62.3173828125, 0.18671875000000002, 60.496875, -0.18671875000000002])
array('d', [-62.3173828125, -0.466796875, 60.216796875, -0.2333984375])
array('d', [-63.811132812500006, 0.0, 60.1234375, 0.046679687500000004])
array('d', [-63.811132812500006, 0.0, 60.1234375, 0.046679687500000004])
array('d', [-63.0642578125, 0.0, 60.543554687500006, 0.280078125])
array('d', [-63.811132812500006, 0.0, 60.310156250000006, -0.1400390625])
array('d', [-62.6908203125, 0.0, 60.310156250000006, -0.1400390625])
array('d', [-63.437695312500004, -0.653515625, 60.1234375, 0.42011718750000004])
array('d', [-63.811132812500006, 0.56015625, 60.4501953125, -0.1400390625])
array('d', [-62.3173828125, -0.653515625, 59.9833984375, 0.2333984375])
array('d', [-61.943945312500006, -0.2333984375, 60.1234375, -0.2333984375])
array('d', [-61.943945312500006, -0.2333984375, 60.4501953125, -0.2333984375])
array('d', [-63.0642578125, 0.18671875000000002, 60.4501953125, -0.2333984375])
array('d', [-63.0642578125, -0.2333984375, 60.216796875, 0.18671875000000002])
array('d', [-63.0642578125, 0.6068359375, 60.310156250000006, 0.046679687500000004])
array('d', [-63.0642578125, 0.6068359375, 60.403515625000004, 0.046679687500000004])
array('d', [-64.1845703125, 0.18671875000000002, 60.7302734375, -0.18671875000000002])
array('d', [-64.1845703125, 0.18671875000000002, 59.9833984375, -0.18671875000000002])
array('d', [-64.55800781250001, 0.42011718750000004, 59.9833984375, -0.18671875000000002])
array('d', [-63.437695312500004, -0.8869140625, 59.703320312500004, 0.046679687500000004])
array('d', [-63.437695312500004, -0.8869140625, 59.703320312500004, 0.046679687500000004])
array('d', [-63.811132812500006, 0.18671875000000002, 60.216796875, -0.046679687500000004])
array('d', [-62.737500000000004, 0.37343750000000003, 59.843359375000006, -0.2333984375])
array('d', [-63.110937500000006, -1.4937500000000001, 60.870312500000004, -0.0])
array('d', [-63.110937500000006, -1.4937500000000001, 60.870312500000004, -0.0])
array('d', [-63.110937500000006, -0.466796875, 60.4501953125, 0.046679687500000004])
array('d', [-62.737500000000004, 0.1400390625, 60.076757812500006, -0.0])
array('d', [-63.110937500000006, 0.0, 60.170117187500004, 0.3267578125])
array('d', [-63.110937500000006, 0.0, 60.170117187500004, 0.3267578125])
array('d', [-63.110937500000006, 0.0, 60.030078125, -0.1400390625])
array('d', [-62.737500000000004, -0.2333984375, 60.030078125, -0.1400390625])
array('d', [-63.437695312500004, -0.653515625, 59.609960937500006, 0.5134765625000001])
array('d', [-62.737500000000004, 0.6068359375, 59.703320312500004, -0.0])
array('d', [-62.737500000000004, 0.6068359375, 59.703320312500004, -0.18671875000000002])
array('d', [-62.037304687500004, -0.046679687500000004, 60.030078125, -0.18671875000000002])
array('d', [-63.484375, 0.0, 60.1234375, -0.466796875])
array('d', [-63.5310546875, 0.37343750000000003, 59.7966796875, -0.0])
array('d', [-63.5310546875, 0.37343750000000003, 59.7966796875, -0.0])
array('d', [-63.1576171875, 0.18671875000000002, 60.7302734375, -0.0])
array('d', [-62.410742187500006, 1.0269531250000001, 59.8900390625, 0.280078125])
array('d', [-64.2779296875, 1.4470703125000002, 59.703320312500004, 0.2333984375])
array('d', [-64.2779296875, -0.2333984375, 60.7302734375, 0.09335937500000001])
array('d', [-63.1576171875, -0.2333984375, 60.7302734375, 0.09335937500000001])
array('d', [-61.990625, -0.046679687500000004, 60.030078125, -0.6068359375])
array('d', [-64.2779296875, -0.466796875, 60.4501953125, 0.09335937500000001])
array('d', [-63.904492187500004, 0.6068359375, 59.703320312500004, -0.1400390625])
array('d', [-63.904492187500004, -0.653515625, 60.3568359375, -0.466796875])
array('d', [-62.410742187500006, -0.653515625, 60.3568359375, -0.0])
array('d', [-62.410742187500006, -0.2333984375, 59.5166015625, -0.0])
array('d', [-62.083984375, -0.2333984375, 59.5166015625, -0.0])
array('d', [-62.083984375, -0.2333984375, 59.5166015625, -0.0])
array('d', [-62.083984375, -0.2333984375, 59.936718750000004, 0.2333984375])
array('d', [-62.457421875, 0.0, 60.030078125, 0.2333984375])
array('d', [-62.457421875, 0.6068359375, 60.216796875, -0.18671875000000002])
array('d', [-62.830859375, 0.6068359375, 60.216796875, -0.18671875000000002])
array('d', [-62.830859375, -0.653515625, 60.216796875, -0.18671875000000002])
array('d', [-62.7841796875, -0.466796875, 60.636914062500004, -0.0])
array('d', [-64.2779296875, 0.18671875000000002, 59.75, -0.046679687500000004])
array('d', [-64.2779296875, 0.18671875000000002, 59.75, -0.046679687500000004])
array('d', [-63.204296875000004, 0.0, 59.376562500000006, -0.37343750000000003])
array('d', [-63.1576171875, -0.653515625, 60.2634765625, 0.5134765625000001])
array('d', [-63.1576171875, -0.2333984375, 59.5166015625, -0.1400390625])
array('d', [-63.1576171875, -0.2333984375, 59.5166015625, -0.1400390625])
array('d', [-62.457421875, -0.2333984375, 59.5166015625, 0.046679687500000004])
array('d', [-62.7841796875, -0.466796875, 60.1234375, 0.046679687500000004])
array('d', [-62.7841796875, -0.466796875, 59.936718750000004, -0.37343750000000003])
array('d', [-62.7841796875, -0.466796875, 60.3568359375, 0.5134765625000001])
array('d', [-63.204296875000004, 0.42011718750000004, 60.3568359375, 0.5134765625000001])
array('d', [-63.204296875000004, -0.2333984375, 60.1234375, -0.6068359375])
array('d', [-63.204296875000004, -0.2333984375, 60.310156250000006, 0.2333984375])
array('d', [-63.204296875000004, -0.2333984375, 60.310156250000006, 0.2333984375])
array('d', [-62.457421875, 0.18671875000000002, 59.75, 0.2333984375])
array('d', [-62.457421875, 0.18671875000000002, 59.75, 0.2333984375])
array('d', [-63.5310546875, -0.2333984375, 60.543554687500006, 0.046679687500000004])
array('d', [-63.5310546875, -0.2333984375, 60.543554687500006, 0.046679687500000004])
array('d', [-63.5310546875, -0.2333984375, 60.543554687500006, 0.046679687500000004])
array('d', [-62.457421875, 1.6337890625, 59.8900390625, -0.0])
array('d', [-62.7841796875, -0.466796875, 60.030078125, 0.18671875000000002])
array('d', [-63.204296875000004, 0.18671875000000002, 59.283203125, -0.37343750000000003])
array('d', [-63.204296875000004, 0.18671875000000002, 59.283203125, -0.37343750000000003])
array('d', [-63.951171875, -0.466796875, 60.310156250000006, -0.0])
array('d', [-63.951171875, 0.18671875000000002, 60.310156250000006, -0.1400390625])
array('d', [-63.951171875, -0.8869140625, 60.636914062500004, -0.18671875000000002])
array('d', [-64.698046875, -0.8869140625, 60.636914062500004, -0.18671875000000002])
array('d', [-63.204296875000004, 0.18671875000000002, 60.310156250000006, -0.466796875])
array('d', [-63.951171875, 0.6068359375, 59.56328125, 0.09335937500000001])
array('d', [-63.951171875, 0.6068359375, 59.56328125, 0.09335937500000001])
array('d', [-62.083984375, 0.37343750000000003, 60.170117187500004, 0.42011718750000004])
array('d', [-62.083984375, 0.37343750000000003, 60.170117187500004, 0.42011718750000004])
array('d', [-62.083984375, 0.37343750000000003, 60.030078125, 0.046679687500000004])
array('d', [-62.830859375, 0.18671875000000002, 60.310156250000006, -0.3267578125])
array('d', [-62.830859375, 0.18671875000000002, 59.9833984375, -0.1400390625])
array('d', [-62.830859375, 0.0, 59.9833984375, -0.1400390625])
array('d', [-63.204296875000004, 0.18671875000000002, 59.843359375000006, 0.046679687500000004])
array('d', [-63.6244140625, -1.1203125, 59.843359375000006, -0.1400390625])
array('d', [-62.083984375, -0.466796875, 60.2634765625, 0.5134765625000001])
array('d', [-62.083984375, -0.466796875, 60.2634765625, -0.18671875000000002])
array('d', [-61.710546875000006, -0.046679687500000004, 60.2634765625, -0.18671875000000002])
array('d', [-63.5310546875, 0.18671875000000002, 60.310156250000006, -0.18671875000000002])
array('d', [-63.5310546875, 0.18671875000000002, 60.310156250000006, -0.18671875000000002])
array('d', [-63.5310546875, 0.18671875000000002, 60.310156250000006, -0.18671875000000002])
array('d', [-62.083984375, 1.0269531250000001, 59.9833984375, 0.2333984375])
array('d', [-61.710546875000006, 0.6068359375, 59.4232421875, 0.2333984375])
array('d', [-61.710546875000006, 0.6068359375, 59.703320312500004, 0.2333984375])
array('d', [-61.710546875000006, 0.6068359375, 59.703320312500004, 0.2333984375])
array('d', [-61.710546875000006, 0.6068359375, 59.703320312500004, 0.2333984375])
array('d', [-61.710546875000006, 0.6068359375, 59.703320312500004, 0.2333984375])
array('d', [-63.204296875000004, -0.2333984375, 59.703320312500004, -0.18671875000000002])
array('d', [-63.204296875000004, -0.2333984375, 60.2634765625, -0.09335937500000001])
array('d', [-63.204296875000004, -0.466796875, 60.2634765625, -0.09335937500000001])
array('d', [-63.204296875000004, -0.466796875, 60.2634765625, -0.09335937500000001])
array('d', [-63.204296875000004, -0.466796875, 60.2634765625, -0.09335937500000001])
array('d', [-63.204296875000004, -0.466796875, 60.2634765625, -0.09335937500000001])
array('d', [-64.3712890625, 0.8402343750000001, 59.843359375000006, -0.09335937500000001])
array('d', [-62.504101562500004, -0.2333984375, 59.4232421875, -0.0])
array('d', [-63.204296875000004, 0.6068359375, 60.1234375, -0.18671875000000002])
array('d', [-63.2509765625, -1.4937500000000001, 59.843359375000006, -0.466796875])
array('d', [-63.2509765625, -1.4937500000000001, 60.2634765625, -0.0])
array('d', [-62.457421875, 0.18671875000000002, 60.2634765625, -0.0])
array('d', [-61.7572265625, 0.18671875000000002, 60.2634765625, -0.0])
array('d', [-61.7572265625, 0.18671875000000002, 60.2634765625, -0.0])
array('d', [-61.7572265625, -1.0736328125, 59.9833984375, -0.37343750000000003])
array('d', [-63.2509765625, -1.0736328125, 59.9833984375, -0.37343750000000003])
array('d', [-63.6244140625, 0.0, 59.9833984375, 0.3267578125])
array('d', [-63.951171875, 0.0, 59.703320312500004, -0.0])
array('d', [-63.6244140625, 0.0, 60.2634765625, 0.2333984375])
array('d', [-63.6244140625, 0.0, 60.2634765625, 0.2333984375])
array('d', [-62.504101562500004, -0.2333984375, 60.2634765625, -0.18671875000000002])
array('d', [-62.504101562500004, 0.42011718750000004, 59.9833984375, -0.1400390625])
array('d', [-62.877539062500006, 0.6068359375, 60.68359375, 0.37343750000000003])
array('d', [-63.6244140625, 0.18671875000000002, 59.703320312500004, -0.466796875])
array('d', [-62.92421875, 0.0, 60.543554687500006, 0.280078125])
array('d', [-62.92421875, -0.2333984375, 60.170117187500004, 0.2333984375])
array('d', [-63.6244140625, -0.2333984375, 60.170117187500004, 0.2333984375])
array('d', [-63.6244140625, -0.2333984375, 60.170117187500004, 0.2333984375])
array('d', [-63.6244140625, -0.2333984375, 60.170117187500004, 0.2333984375])
array('d', [-63.6244140625, -0.2333984375, 60.170117187500004, 0.2333984375])
array('d', [-62.877539062500006, 1.0269531250000001, 59.283203125, -0.1400390625])
array('d', [-62.877539062500006, -0.8869140625, 60.2634765625, -0.0])
array('d', [-63.9978515625, -0.653515625, 59.469921875000004, -0.1400390625])
array('d', [-63.9978515625, -0.653515625, 59.469921875000004, -0.1400390625])
array('d', [-63.9978515625, -0.653515625, 59.469921875000004, -0.1400390625])
array('d', [-62.177343750000006, -0.8869140625, 60.403515625000004, -0.18671875000000002])
array('d', [-62.177343750000006, -0.8869140625, 60.403515625000004, -0.18671875000000002])
array('d', [-62.504101562500004, 0.37343750000000003, 59.9833984375, -0.18671875000000002])
array('d', [-62.177343750000006, -0.8869140625, 60.170117187500004, -0.18671875000000002])
array('d', [-62.177343750000006, -0.8869140625, 60.170117187500004, -0.18671875000000002])
array('d', [-63.6244140625, -0.466796875, 60.030078125, -0.18671875000000002])
array('d', [-63.6244140625, -1.0736328125, 60.030078125, 0.5134765625000001])
array('d', [-63.6244140625, -1.0736328125, 60.170117187500004, -0.1400390625])
array('d', [-63.6244140625, -1.0736328125, 60.170117187500004, -0.1400390625])
array('d', [-62.92421875, -0.466796875, 60.170117187500004, -0.1400390625])
array('d', [-63.2509765625, -0.653515625, 60.170117187500004, 0.046679687500000004])
array('d', [-63.2509765625, -0.2333984375, 59.8900390625, -0.18671875000000002])
array('d', [-62.92421875, 0.0, 60.403515625000004, 0.2333984375])
array('d', [-62.92421875, 0.0, 60.403515625000004, 0.2333984375])
array('d', [-64.698046875, 0.18671875000000002, 60.4501953125, 0.2333984375])
array('d', [-63.29765625, -1.30703125, 60.170117187500004, 0.18671875000000002])
array('d', [-63.29765625, -1.30703125, 59.7966796875, 0.3267578125])
array('d', [-63.671093750000004, 0.18671875000000002, 59.7966796875, 0.3267578125])
array('d', [-63.671093750000004, 0.18671875000000002, 59.609960937500006, 0.09335937500000001])
array('d', [-62.5974609375, -1.4937500000000001, 59.609960937500006, 0.09335937500000001])
array('d', [-62.5974609375, -1.4937500000000001, 59.609960937500006, 0.09335937500000001])
array('d', [-62.5974609375, -1.4937500000000001, 59.609960937500006, 0.09335937500000001])
array('d', [-62.5974609375, -1.4937500000000001, 60.310156250000006, -0.37343750000000003])
array('d', [-63.2509765625, -0.2333984375, 59.843359375000006, -0.37343750000000003])
array('d', [-63.671093750000004, -0.8869140625, 60.030078125, 0.046679687500000004])
array('d', [-61.8505859375, -0.2333984375, 59.8900390625, 0.280078125])
array('d', [-63.2509765625, 0.18671875000000002, 59.703320312500004, -0.2333984375])
array('d', [-62.92421875, -0.8869140625, 60.030078125, -0.2333984375])
array('d', [-62.92421875, -0.8869140625, 60.030078125, -0.2333984375])
array('d', [-63.6244140625, 0.0, 60.030078125, -0.18671875000000002])
array('d', [-63.6244140625, 0.0, 60.030078125, -0.18671875000000002])
array('d', [-63.344335937500006, 0.18671875000000002, 60.310156250000006, -0.18671875000000002])
array('d', [-63.671093750000004, 0.6068359375, 60.496875, -0.18671875000000002])
array('d', [-63.671093750000004, 0.8402343750000001, 59.9833984375, 0.2333984375])
array('d', [-62.55078125, 0.8402343750000001, 59.75, 0.5134765625000001])
array('d', [-62.55078125, 0.8402343750000001, 59.75, 0.5134765625000001])
array('d', [-62.55078125, 0.8402343750000001, 59.75, 0.5134765625000001])
array('d', [-62.55078125, 0.8402343750000001, 59.75, 0.5134765625000001])
array('d', [-62.2240234375, -0.466796875, 60.310156250000006, -0.37343750000000003])
array('d', [-63.344335937500006, -0.2333984375, 60.030078125, -0.2333984375])
array('d', [-63.344335937500006, -0.2333984375, 60.030078125, 0.18671875000000002])
array('d', [-63.344335937500006, -0.2333984375, 60.030078125, 0.18671875000000002])
array('d', [-63.344335937500006, -0.2333984375, 60.030078125, 0.18671875000000002])
array('d', [-63.344335937500006, -0.2333984375, 60.030078125, 0.18671875000000002])
array('d', [-63.344335937500006, -0.2333984375, 60.030078125, 0.18671875000000002])
array('d', [-63.671093750000004, 0.0, 60.030078125, -0.046679687500000004])
array('d', [-62.6908203125, 0.8402343750000001, 59.703320312500004, -0.046679687500000004])
array('d', [-61.897265625, -0.466796875, 59.56328125, -0.18671875000000002])
array('d', [-61.897265625, -0.466796875, 59.56328125, -0.18671875000000002])
array('d', [-61.897265625, -0.466796875, 59.56328125, -0.18671875000000002])
array('d', [-61.897265625, -0.466796875, 59.56328125, -0.18671875000000002])
array('d', [-63.017578125, -0.466796875, 59.843359375000006, 0.09335937500000001])
array('d', [-61.8505859375, 1.0269531250000001, 60.4501953125, -0.18671875000000002])
array('d', [-61.8505859375, 1.0269531250000001, 60.4501953125, 0.280078125])
array('d', [-61.8505859375, 1.0269531250000001, 60.4501953125, 0.280078125])
array('d', [-61.8505859375, 1.0269531250000001, 60.4501953125, 0.280078125])
array('d', [-61.8505859375, 1.0269531250000001, 60.4501953125, 0.280078125])
array('d', [-64.09121093750001, 0.37343750000000003, 60.076757812500006, 0.42011718750000004])
array('d', [-65.3515625, 0.37343750000000003, 59.703320312500004, 0.046679687500000004])
array('d', [-63.437695312500004, -0.466796875, 60.2634765625, 0.2333984375])
array('d', [-64.09121093750001, 0.0, 60.543554687500006, 0.046679687500000004])
array('d', [-64.09121093750001, 0.18671875000000002, 59.4232421875, 0.56015625])
array('d', [-64.09121093750001, 0.18671875000000002, 59.4232421875, 0.56015625])
array('d', [-63.484375, 1.2603515625000001, 59.843359375000006, 0.5134765625000001])
array('d', [-62.3640625, 0.18671875000000002, 59.843359375000006, 0.280078125])
array('d', [-62.3640625, -0.2333984375, 59.56328125, -0.2333984375])
array('d', [-63.484375, 0.0, 60.076757812500006, -0.56015625])
array('d', [-63.484375, -1.1203125, 59.9833984375, 0.1400390625])
array('d', [-63.484375, -0.653515625, 59.9833984375, 0.1400390625])
array('d', [-63.484375, -0.653515625, 59.9833984375, 0.1400390625])
array('d', [-63.484375, -0.653515625, 59.9833984375, 0.1400390625])
array('d', [-62.3640625, -0.653515625, 59.703320312500004, -0.0])
array('d', [-63.110937500000006, 0.42011718750000004, 59.936718750000004, -0.0])
array('d', [-63.110937500000006, 0.42011718750000004, 59.75, -0.466796875])
array('d', [-62.270703125000004, -0.466796875, 59.75, -0.466796875])
array('d', [-63.110937500000006, 0.6068359375, 59.703320312500004, -0.18671875000000002])
array('d', [-63.110937500000006, 0.6068359375, 59.703320312500004, 0.046679687500000004])
array('d', [-63.437695312500004, 0.0, 59.936718750000004, 0.046679687500000004])
array('d', [-63.110937500000006, 0.18671875000000002, 59.936718750000004, 0.046679687500000004])
array('d', [-63.110937500000006, 0.18671875000000002, 59.936718750000004, 0.046679687500000004])
array('d', [-61.523828125, -0.2333984375, 59.56328125, 0.09335937500000001])
array('d', [-62.6908203125, 0.6068359375, 60.076757812500006, 0.5134765625000001])
array('d', [-63.577734375000006, 0.6068359375, 59.469921875000004, 0.280078125])
array('d', [-63.577734375000006, 0.37343750000000003, 59.843359375000006, -0.18671875000000002])
array('d', [-62.877539062500006, 0.37343750000000003, 59.703320312500004, -0.18671875000000002])
array('d', [-62.037304687500004, 0.18671875000000002, 59.8900390625, -0.18671875000000002])
array('d', [-63.5310546875, -0.466796875, 59.8900390625, -0.466796875])
array('d', [-62.410742187500006, -0.466796875, 60.076757812500006, -0.18671875000000002])
array('d', [-62.410742187500006, -0.466796875, 60.076757812500006, -0.18671875000000002])
array('d', [-62.410742187500006, -0.466796875, 60.076757812500006, -0.18671875000000002])
array('d', [-62.7841796875, 0.0, 59.703320312500004, -0.37343750000000003])
array('d', [-62.7841796875, 1.2603515625000001, 59.703320312500004, 0.2333984375])
array('d', [-62.410742187500006, 0.8402343750000001, 60.4501953125, 0.280078125])
array('d', [-62.410742187500006, 0.8402343750000001, 60.4501953125, 0.280078125])
array('d', [-64.23125, 0.8402343750000001, 60.4501953125, 0.280078125])
array('d', [-62.037304687500004, 0.42011718750000004, 59.8900390625, 0.09335937500000001])
array('d', [-63.1576171875, 0.6068359375, 59.656640625, 0.2333984375])
array('d', [-63.1576171875, 0.6068359375, 59.656640625, 0.2333984375])
array('d', [-63.1576171875, 0.6068359375, 59.656640625, 0.2333984375])
array('d', [-63.1576171875, 0.6068359375, 59.656640625, 0.2333984375])
array('d', [-62.410742187500006, 0.0, 59.469921875000004, -0.1400390625])
array('d', [-62.3640625, 0.18671875000000002, 59.56328125, 0.046679687500000004])
array('d', [-63.577734375000006, 0.0, 60.076757812500006, 0.046679687500000004])
array('d', [-63.577734375000006, -0.2333984375, 59.8900390625, 0.5134765625000001])
array('d', [-63.904492187500004, -0.2333984375, 60.4501953125, -0.1400390625])
array('d', [-63.2509765625, -0.2333984375, 60.4501953125, -0.1400390625])
array('d', [-63.904492187500004, -0.2333984375, 60.170117187500004, -0.1400390625])
array('d', [-63.110937500000006, 0.8402343750000001, 59.3298828125, 0.09335937500000001])
array('d', [-63.1576171875, 1.213671875, 59.8900390625, 0.09335937500000001])
array('d', [-62.083984375, 0.18671875000000002, 60.030078125, -0.0])
array('d', [-62.7841796875, -0.8869140625, 59.656640625, -0.466796875])
array('d', [-64.32460937500001, -0.2333984375, 60.076757812500006, -0.37343750000000003])
array('d', [-64.32460937500001, -0.2333984375, 60.076757812500006, -0.37343750000000003])
array('d', [-64.32460937500001, -0.2333984375, 60.076757812500006, -0.37343750000000003])
array('d', [-63.5310546875, 0.18671875000000002, 59.8900390625, 0.280078125])
array('d', [-62.92421875, 0.0, 59.8900390625, 0.2333984375])
array('d', [-63.29765625, -1.4937500000000001, 59.7966796875, 0.42011718750000004])
array('d', [-62.877539062500006, -0.466796875, 59.56328125, -0.37343750000000003])
array('d', [-62.504101562500004, -0.653515625, 59.656640625, -0.18671875000000002])
array('d', [-62.083984375, -0.2333984375, 59.8900390625, 0.1400390625])
array('d', [-62.083984375, -0.2333984375, 59.7966796875, 0.2333984375])
array('d', [-62.2240234375, 0.42011718750000004, 59.7966796875, -0.18671875000000002])
array('d', [-63.6244140625, 1.4937500000000001, 59.609960937500006, -0.18671875000000002])
array('d', [-63.6244140625, 1.4937500000000001, 59.609960937500006, -0.18671875000000002])
array('d', [-62.92421875, 0.0, 59.7966796875, -0.18671875000000002])
array('d', [-62.92421875, 0.0, 59.7966796875, 0.280078125])
array('d', [-62.877539062500006, -1.30703125, 60.216796875, 0.280078125])
array('d', [-63.671093750000004, -1.30703125, 60.216796875, 0.280078125])
array('d', [-63.671093750000004, -0.466796875, 59.75, -0.0])
array('d', [-62.2240234375, -0.2333984375, 59.56328125, -0.2333984375])
array('d', [-63.6244140625, 0.18671875000000002, 59.75, -0.18671875000000002])
array('d', [-63.6244140625, 0.18671875000000002, 59.75, -0.18671875000000002])
array('d', [-62.877539062500006, -0.653515625, 60.2634765625, 0.046679687500000004])
array('d', [-62.830859375, 0.37343750000000003, 59.56328125, -0.18671875000000002])
array('d', [-62.830859375, 0.37343750000000003, 59.56328125, -0.0])
array('d', [-62.92421875, 0.18671875000000002, 59.56328125, -0.0])
array('d', [-62.177343750000006, 0.0, 59.5166015625, -0.2333984375])
array('d', [-62.177343750000006, 0.18671875000000002, 59.703320312500004, -0.0])
array('d', [-62.504101562500004, 0.18671875000000002, 59.703320312500004, -0.18671875000000002])
array('d', [-62.504101562500004, 0.18671875000000002, 59.703320312500004, -0.18671875000000002])
array('d', [-62.504101562500004, 0.18671875000000002, 59.703320312500004, -0.18671875000000002])
array('d', [-62.504101562500004, 0.18671875000000002, 59.703320312500004, -0.18671875000000002])
array('d', [-63.671093750000004, 0.8402343750000001, 59.9833984375, 0.1400390625])
array('d', [-62.877539062500006, 0.42011718750000004, 59.75, 0.1400390625])
array('d', [-65.16484375, 0.18671875000000002, 59.703320312500004, -0.0])
array('d', [-62.55078125, -0.653515625, 60.030078125, -0.09335937500000001])
array('d', [-62.2240234375, 0.18671875000000002, 59.656640625, -0.0])
array('d', [-62.2240234375, 0.18671875000000002, 59.656640625, 0.1400390625])
array('d', [-62.504101562500004, 0.0, 59.656640625, 0.1400390625])
array('d', [-62.504101562500004, 0.0, 59.656640625, 0.1400390625])
array('d', [-63.29765625, 0.18671875000000002, 59.5166015625, 0.046679687500000004])
array('d', [-63.29765625, 0.18671875000000002, 59.936718750000004, 0.280078125])
array('d', [-62.083984375, -0.2333984375, 59.936718750000004, 0.280078125])
array('d', [-63.2509765625, 0.0, 59.75, -0.18671875000000002])
array('d', [-62.830859375, 0.37343750000000003, 60.216796875, 0.1400390625])
array('d', [-63.344335937500006, 0.18671875000000002, 59.703320312500004, 0.9802734375000001])
array('d', [-63.344335937500006, 0.18671875000000002, 59.703320312500004, -0.0])
array('d', [-62.55078125, -0.653515625, 59.936718750000004, -0.0])
array('d', [-62.877539062500006, 0.0, 60.030078125, -0.18671875000000002])
array('d', [-62.644140625000006, -1.1203125, 59.9833984375, -0.1400390625])
array('d', [-62.644140625000006, -1.1203125, 59.9833984375, -0.37343750000000003])
array('d', [-63.9978515625, -0.466796875, 59.469921875000004, 0.046679687500000004])
array('d', [-63.577734375000006, 0.6068359375, 59.5166015625, -0.18671875000000002])
array('d', [-63.6244140625, 0.6068359375, 59.703320312500004, -0.0])
array('d', [-61.8505859375, -0.8869140625, 59.703320312500004, 0.1400390625])
array('d', [-63.2509765625, -0.466796875, 59.703320312500004, 0.1400390625])
array('d', [-63.29765625, 0.18671875000000002, 59.5166015625, -0.3267578125])
array('d', [-62.830859375, 1.0736328125, 59.5166015625, -0.2333984375])
array('d', [-64.3712890625, 0.0, 59.8900390625, -0.6068359375])
array('d', [-64.3712890625, 0.0, 59.703320312500004, -0.37343750000000003])
array('d', [-63.2509765625, -0.2333984375, 59.5166015625, -0.18671875000000002])
array('d', [-62.877539062500006, 0.653515625, 59.5166015625, -0.18671875000000002])
array('d', [-63.2509765625, 0.37343750000000003, 59.5166015625, -0.466796875])
array('d', [-63.29765625, 0.6068359375, 59.936718750000004, -0.18671875000000002])
array('d', [-62.92421875, 0.8402343750000001, 59.5166015625, -0.18671875000000002])
array('d', [-62.92421875, 0.8402343750000001, 59.5166015625, -0.3267578125])
array('d', [-62.92421875, 0.653515625, 59.5166015625, -0.3267578125])
array('d', [-63.344335937500006, 0.8402343750000001, 59.4232421875, 0.2333984375])
array('d', [-62.3640625, -1.1203125, 59.703320312500004, -0.18671875000000002])
array('d', [-62.3640625, -1.1203125, 59.703320312500004, -0.18671875000000002])
array('d', [-62.3640625, -1.1203125, 59.703320312500004, -0.18671875000000002])
array('d', [-63.017578125, 0.37343750000000003, 60.1234375, 0.046679687500000004])
array('d', [-63.437695312500004, 0.0, 59.8900390625, -0.18671875000000002])
array('d', [-63.8578125, 1.2603515625000001, 59.936718750000004, -0.046679687500000004])
array('d', [-62.3173828125, 0.0, 59.656640625, 0.046679687500000004])
array('d', [-62.92421875, -0.2333984375, 59.8900390625, 0.046679687500000004])
array('d', [-62.92421875, 0.42011718750000004, 59.469921875000004, -0.7468750000000001])
array('d', [-62.1306640625, -0.466796875, 60.1234375, 0.2333984375])
array('d', [-63.437695312500004, 0.653515625, 60.170117187500004, 0.1400390625])
array('d', [-63.110937500000006, 0.0, 60.1234375, -0.1400390625])
array('d', [-62.644140625000006, -0.8869140625, 60.3568359375, 0.046679687500000004])
array('d', [-62.6908203125, 0.653515625, 59.469921875000004, 0.046679687500000004])
array('d', [-62.3173828125, -0.653515625, 59.236523437500004, 0.1400390625])
array('d', [-62.3173828125, -0.2333984375, 60.1234375, 0.5134765625000001])
array('d', [-63.017578125, -0.2333984375, 60.1234375, 0.280078125])
array('d', [-61.943945312500006, -0.653515625, 59.703320312500004, 0.280078125])
array('d', [-60.870312500000004, 0.18671875000000002, 59.469921875000004, -0.0])
array('d', [-62.644140625000006, -0.653515625, 59.703320312500004, -0.18671875000000002])
array('d', [-62.644140625000006, -0.653515625, 59.703320312500004, -0.18671875000000002])
array('d', [-63.7177734375, 0.42011718750000004, 59.656640625, -0.0])
array('d', [-62.644140625000006, 0.8402343750000001, 60.310156250000006, -0.0])
array('d', [-62.410742187500006, -0.466796875, 59.656640625, -0.2333984375])
array('d', [-62.410742187500006, -0.466796875, 59.8900390625, -0.7001953125])
array('d', [-63.577734375000006, 1.0269531250000001, 59.8900390625, -0.7001953125])
array('d', [-63.8578125, 1.2603515625000001, 59.656640625, -0.18671875000000002])
array('d', [-63.1576171875, -1.773828125, 59.4232421875, 0.1400390625])
array('d', [-63.1576171875, -1.773828125, 59.4232421875, 0.42011718750000004])
array('d', [-63.484375, 0.42011718750000004, 59.8900390625, -0.0])
array('d', [-62.037304687500004, -0.653515625, 60.2634765625, -0.0])
array('d', [-62.037304687500004, -0.2333984375, 59.656640625, 0.2333984375])
array('d', [-64.32460937500001, 0.0, 59.8900390625, 0.046679687500000004])
array('d', [-64.32460937500001, -0.8869140625, 59.656640625, 0.046679687500000004])
array('d', [-62.7841796875, -0.8869140625, 59.656640625, -0.18671875000000002])
array('d', [-62.410742187500006, 0.37343750000000003, 59.843359375000006, -0.18671875000000002])
array('d', [-61.6638671875, -0.2333984375, 59.656640625, 0.046679687500000004])
array('d', [-63.2509765625, 0.18671875000000002, 59.656640625, 0.046679687500000004])
array('d', [-63.2509765625, 0.18671875000000002, 60.2634765625, 0.280078125])
array('d', [-63.110937500000006, -0.466796875, 60.2634765625, 0.280078125])
array('d', [-62.410742187500006, -0.2333984375, 59.236523437500004, -0.0])
array('d', [-62.7841796875, 0.0, 59.4232421875, -0.09335937500000001])
array('d', [-62.7841796875, 0.0, 59.4232421875, -0.09335937500000001])
array('d', [-63.1576171875, -0.466796875, 59.4232421875, -0.0])
array('d', [-63.1576171875, -0.466796875, 59.4232421875, -0.0])
array('d', [-62.410742187500006, -0.653515625, 60.076757812500006, 0.1400390625])
array('d', [-62.6908203125, 0.18671875000000002, 59.8900390625, 0.1400390625])
array('d', [-62.830859375, -0.466796875, 60.2634765625, -0.5134765625000001])
array('d', [-62.830859375, -0.466796875, 60.2634765625, -0.5134765625000001])
array('d', [-62.037304687500004, 0.0, 60.076757812500006, 0.7468750000000001])
array('d', [-62.037304687500004, 0.0, 59.236523437500004, -0.18671875000000002])
array('d', [-62.7841796875, -0.2333984375, 59.236523437500004, -0.18671875000000002])
array('d', [-62.3640625, -0.8869140625, 59.236523437500004, -0.18671875000000002])
array('d', [-62.6908203125, 0.42011718750000004, 59.843359375000006, 0.42011718750000004])
array('d', [-63.1576171875, -0.466796875, 59.843359375000006, -0.18671875000000002])
array('d', [-63.1576171875, -0.466796875, 59.4232421875, 0.280078125])
array('d', [-62.3640625, -0.653515625, 59.4232421875, 0.280078125])
array('d', [-63.577734375000006, -1.30703125, 59.656640625, -0.37343750000000003])
array('d', [-62.083984375, 0.18671875000000002, 59.843359375000006, 0.280078125])
array('d', [-62.083984375, 0.18671875000000002, 59.843359375000006, 0.280078125])
array('d', [-62.7841796875, -0.2333984375, 59.469921875000004, -0.09335937500000001])
array('d', [-62.7841796875, -0.7001953125, 59.843359375000006, 0.1400390625])
array('d', [-62.7841796875, -0.7001953125, 59.4232421875, -0.18671875000000002])
array('d', [-62.083984375, 0.6068359375, 59.4232421875, -0.18671875000000002])
array('d', [-63.1576171875, -1.1203125, 59.469921875000004, -0.18671875000000002])
array('d', [-63.1576171875, -0.466796875, 59.4232421875, 0.2333984375])
array('d', [-61.6638671875, -0.466796875, 59.4232421875, 0.2333984375])
array('d', [-61.6638671875, 1.0736328125, 59.236523437500004, -0.1400390625])
array('d', [-63.017578125, 1.2603515625000001, 59.656640625, 0.1400390625])
array('d', [-63.577734375000006, -1.1203125, 59.236523437500004, 0.046679687500000004])
array('d', [-63.577734375000006, -1.1203125, 59.236523437500004, 0.046679687500000004])
array('d', [-63.577734375000006, -1.1203125, 59.236523437500004, 0.046679687500000004])
array('d', [-62.270703125000004, 0.18671875000000002, 59.236523437500004, 0.18671875000000002])
array('d', [-62.083984375, 0.653515625, 59.8900390625, -0.466796875])
array('d', [-62.083984375, 0.653515625, 59.8900390625, -0.466796875])
array('d', [-62.083984375, 0.653515625, 59.8900390625, -0.466796875])
array('d', [-62.083984375, 0.653515625, 59.8900390625, -0.466796875])
array('d', [-62.083984375, 0.653515625, 59.8900390625, -0.466796875])
array('d', [-62.177343750000006, 0.653515625, 59.469921875000004, 0.280078125])
array('d', [-63.1576171875, 0.37343750000000003, 59.469921875000004, 0.280078125])
array('d', [-64.79140625000001, 0.0, 59.236523437500004, -0.18671875000000002])
array('d', [-62.92421875, 1.0736328125, 59.8900390625, -0.18671875000000002])
array('d', [-62.92421875, -0.466796875, 59.656640625, -0.3267578125])
array('d', [-62.92421875, -0.466796875, 59.656640625, -0.3267578125])
array('d', [-62.504101562500004, 0.18671875000000002, 59.469921875000004, 0.1400390625])
array('d', [-61.8505859375, 0.0, 59.703320312500004, 0.2333984375])
array('d', [-61.8505859375, -0.280078125, 59.703320312500004, 0.046679687500000004])
array('d', [-62.5974609375, -0.280078125, 59.703320312500004, 0.046679687500000004])
array('d', [-62.5974609375, -0.280078125, 59.703320312500004, 0.046679687500000004])
array('d', [-62.5974609375, -0.280078125, 59.703320312500004, 0.046679687500000004])
array('d', [-62.5974609375, -0.280078125, 59.703320312500004, 0.046679687500000004])
array('d', [-61.570507812500004, 0.0, 59.656640625, -0.1400390625])
array('d', [-63.29765625, -0.046679687500000004, 59.8900390625, -0.1400390625])
array('d', [-63.7177734375, 0.653515625, 59.469921875000004, -0.09335937500000001])
array('d', [-63.7177734375, -0.2333984375, 59.469921875000004, 0.046679687500000004])
array('d', [-62.177343750000006, 0.42011718750000004, 59.656640625, 0.2333984375])
array('d', [-62.177343750000006, 0.42011718750000004, 59.656640625, 0.1400390625])
array('d', [-64.04453125, 0.42011718750000004, 59.656640625, 0.1400390625])
array('d', [-61.477148437500006, -0.280078125, 59.003125000000004, 0.5134765625000001])
array('d', [-61.477148437500006, -0.280078125, 59.003125000000004, 0.046679687500000004])
array('d', [-62.92421875, -0.466796875, 59.469921875000004, 0.046679687500000004])
array('d', [-62.92421875, -0.466796875, 59.469921875000004, 0.046679687500000004])
array('d', [-62.92421875, -0.466796875, 59.469921875000004, 0.046679687500000004])
array('d', [-62.5974609375, -0.8869140625, 59.609960937500006, -0.18671875000000002])
array('d', [-62.504101562500004, -1.1203125, 59.8900390625, -0.0])
array('d', [-62.083984375, 0.42011718750000004, 59.703320312500004, -0.0])
array('d', [-62.083984375, 0.42011718750000004, 59.703320312500004, -0.0])
array('d', [-62.083984375, 0.42011718750000004, 59.703320312500004, -0.0])
array('d', [-62.083984375, 0.42011718750000004, 59.703320312500004, -0.0])
array('d', [-62.270703125000004, 0.0, 59.703320312500004, 0.2333984375])
array('d', [-62.177343750000006, 0.653515625, 59.5166015625, -0.18671875000000002])
array('d', [-62.177343750000006, 0.653515625, 59.5166015625, -0.0])
array('d', [-62.083984375, -0.280078125, 59.656640625, -0.0])
array('d', [-63.391015625, -0.653515625, 59.56328125, 0.1400390625])
array('d', [-63.391015625, 0.18671875000000002, 59.283203125, 0.046679687500000004])
array('d', [-63.0642578125, 0.18671875000000002, 59.283203125, 0.046679687500000004])
array('d', [-62.644140625000006, -1.1203125, 59.656640625, 0.1400390625])
array('d', [-62.644140625000006, -0.2333984375, 59.469921875000004, 0.56015625])
array('d', [-63.7177734375, -0.2333984375, 59.469921875000004, 0.56015625])
array('d', [-61.8505859375, 0.0, 60.170117187500004, -0.280078125])
array('d', [-61.8505859375, 0.0, 60.170117187500004, -0.280078125])
array('d', [-61.8505859375, 0.0, 60.170117187500004, -0.280078125])
array('d', [-64.8380859375, -0.466796875, 60.170117187500004, 0.280078125])
array('d', [-64.8380859375, -0.466796875, 59.75, -0.280078125])
array('d', [-62.270703125000004, 0.653515625, 59.75, -0.280078125])
array('d', [-62.644140625000006, 0.42011718750000004, 59.9833984375, 0.1400390625])
array('d', [-63.8578125, 0.18671875000000002, 59.75, -0.0])
array('d', [-63.8578125, 0.18671875000000002, 59.656640625, -0.046679687500000004])
array('d', [-63.391015625, 0.18671875000000002, 59.656640625, 0.1400390625])
array('d', [-63.391015625, 0.18671875000000002, 59.656640625, 0.1400390625])
array('d', [-63.391015625, 0.18671875000000002, 59.656640625, 0.1400390625])
array('d', [-64.137890625, -1.1203125, 59.3298828125, 0.1400390625])
array('d', [-64.137890625, -0.2333984375, 59.75, 0.7468750000000001])
array('d', [-61.943945312500006, 0.0, 59.5166015625, 0.2333984375])
array('d', [-61.943945312500006, 0.0, 59.283203125, -2.4740234375])
array('d', [-63.017578125, 0.18671875000000002, 59.283203125, -2.4740234375])
array('d', [-61.943945312500006, 0.18671875000000002, 60.1234375, -0.18671875000000002])
array('d', [-61.523828125, 0.18671875000000002, 59.143164062500006, 0.2333984375])
array('d', [-61.523828125, 0.42011718750000004, 59.75, 0.2333984375])
array('d', [-62.737500000000004, 0.42011718750000004, 59.75, 0.2333984375])
array('d', [-63.29765625, -0.466796875, 59.56328125, 0.046679687500000004])
array('d', [-63.29765625, -0.466796875, 59.56328125, 0.046679687500000004])
array('d', [-63.29765625, -0.466796875, 59.56328125, 0.046679687500000004])
array('d', [-63.0642578125, 0.18671875000000002, 59.5166015625, 0.046679687500000004])
array('d', [-63.391015625, -0.466796875, 59.9833984375, -0.0])
array('d', [-62.644140625000006, 0.0, 59.283203125, -0.42011718750000004])
array('d', [-62.644140625000006, 0.0, 59.376562500000006, -0.09335937500000001])
array('d', [-62.270703125000004, -0.8869140625, 59.376562500000006, -0.09335937500000001])
array('d', [-62.737500000000004, -0.7001953125, 59.143164062500006, -0.37343750000000003])
array('d', [-62.737500000000004, 0.653515625, 59.936718750000004, 0.1400390625])
array('d', [-62.737500000000004, 0.653515625, 59.936718750000004, 0.1400390625])
array('d', [-62.3173828125, 0.653515625, 59.936718750000004, 0.280078125])
array('d', [-63.017578125, -0.2333984375, 59.703320312500004, 0.280078125])
array('d', [-63.391015625, -0.7001953125, 59.376562500000006, -0.0])
array('d', [-63.7177734375, -0.8869140625, 59.096484375, -0.37343750000000003])
array('d', [-62.3173828125, 0.18671875000000002, 59.7966796875, 0.2333984375])
array('d', [-63.017578125, -0.2333984375, 59.3298828125, 0.1400390625])
array('d', [-63.7177734375, 1.0269531250000001, 59.7966796875, -0.280078125])
array('d', [-63.484375, -1.5404296875, 59.609960937500006, -0.37343750000000003])
array('d', [-61.1970703125, 0.653515625, 59.609960937500006, -0.18671875000000002])
array('d', [-61.1970703125, 0.653515625, 59.609960937500006, -0.18671875000000002])
array('d', [-61.1970703125, 0.18671875000000002, 59.8900390625, 0.046679687500000004])
array('d', [-62.5974609375, 0.18671875000000002, 59.8900390625, 0.046679687500000004])
array('d', [-63.391015625, 0.42011718750000004, 59.5166015625, -0.0])
array('d', [-63.29765625, -0.466796875, 59.56328125, 0.3267578125])
array('d', [-62.644140625000006, 0.18671875000000002, 59.609960937500006, -0.466796875])
array('d', [-62.644140625000006, -1.1203125, 59.75, -0.09335937500000001])
array('d', [-62.644140625000006, -1.1203125, 59.75, -0.09335937500000001])
array('d', [-63.0642578125, -0.466796875, 59.376562500000006, 0.1400390625])
array('d', [-64.55800781250001, -1.1203125, 59.56328125, 0.5134765625000001])
array('d', [-63.2509765625, -0.280078125, 59.56328125, 0.5134765625000001])
array('d', [-63.2509765625, -0.280078125, 59.56328125, 0.5134765625000001])
array('d', [-63.2509765625, -0.280078125, 59.56328125, 0.5134765625000001])
array('d', [-63.2509765625, -0.280078125, 59.7966796875, -0.37343750000000003])
array('d', [-62.830859375, -0.280078125, 59.7966796875, -0.37343750000000003])
array('d', [-62.504101562500004, -0.653515625, 59.236523437500004, -0.18671875000000002])
array('d', [-62.504101562500004, -0.653515625, 59.236523437500004, -0.18671875000000002])
array('d', [-62.083984375, 1.0736328125, 60.216796875, -0.18671875000000002])
array('d', [-62.083984375, -0.2333984375, 60.216796875, -0.18671875000000002])
array('d', [-63.484375, 0.653515625, 59.8900390625, -0.18671875000000002])
array('d', [-63.484375, 0.653515625, 59.8900390625, -0.18671875000000002])
array('d', [-62.410742187500006, -1.1203125, 59.18984375, -0.37343750000000003])
array('d', [-61.43046875, 0.18671875000000002, 59.5166015625, -0.18671875000000002])
array('d', [-61.43046875, 0.653515625, 59.236523437500004, 0.1400390625])
array('d', [-61.43046875, 0.653515625, 59.236523437500004, 0.1400390625])
array('d', [-61.43046875, 0.653515625, 59.236523437500004, 0.1400390625])
array('d', [-61.990625, 0.653515625, 59.5166015625, -0.09335937500000001])
array('d', [-62.083984375, -1.1203125, 59.5166015625, -0.09335937500000001])
array('d', [-62.410742187500006, 0.0, 59.609960937500006, 0.280078125])
array('d', [-62.083984375, 0.0, 59.609960937500006, 0.280078125])
array('d', [-62.083984375, 0.0, 59.609960937500006, 0.280078125])
array('d', [-62.083984375, 0.6068359375, 59.609960937500006, 0.2333984375])
array('d', [-63.110937500000006, 1.0269531250000001, 60.030078125, 0.046679687500000004])
array('d', [-63.110937500000006, 0.42011718750000004, 59.8900390625, 0.2333984375])
array('d', [-63.484375, 0.42011718750000004, 59.8900390625, 0.2333984375])
array('d', [-63.110937500000006, 0.18671875000000002, 59.609960937500006, -0.0])
array('d', [-62.083984375, 0.0, 59.56328125, -0.18671875000000002])
array('d', [-63.110937500000006, -0.2333984375, 59.4232421875, 0.6068359375])
array('d', [-63.110937500000006, -0.2333984375, 59.4232421875, 0.6068359375])
array('d', [-63.2509765625, -0.7001953125, 59.4232421875, 0.5134765625000001])
array('d', [-65.16484375, 0.653515625, 59.7966796875, -0.0])
array('d', [-65.16484375, 0.653515625, 59.376562500000006, -0.280078125])
array('d', [-65.16484375, 0.653515625, 59.376562500000006, -0.280078125])
array('d', [-65.16484375, 0.653515625, 59.376562500000006, -0.280078125])
array('d', [-62.410742187500006, 0.37343750000000003, 59.4232421875, 0.046679687500000004])
array('d', [-62.504101562500004, -0.8869140625, 59.656640625, 0.2333984375])
array('d', [-62.504101562500004, 0.42011718750000004, 59.656640625, 0.280078125])
array('d', [-62.410742187500006, 0.653515625, 59.56328125, -0.0])
array('d', [-62.92421875, -1.1669921875, 59.9833984375, -0.280078125])
array('d', [-63.110937500000006, 0.653515625, 60.076757812500006, -0.09335937500000001])
array('d', [-63.8578125, -0.280078125, 59.8900390625, 0.046679687500000004])
array('d', [-63.8578125, 0.653515625, 59.609960937500006, 0.1400390625])
array('d', [-63.8578125, 0.653515625, 59.609960937500006, 0.1400390625])
array('d', [-63.8578125, 0.653515625, 59.609960937500006, 0.1400390625])
array('d', [-62.083984375, -0.7001953125, 59.7966796875, 0.280078125])
array('d', [-62.410742187500006, -0.466796875, 59.8900390625, 0.2333984375])
array('d', [-62.410742187500006, -1.1203125, 59.8900390625, 0.2333984375])
array('d', [-62.410742187500006, -1.1203125, 59.8900390625, 0.2333984375])
array('d', [-63.2509765625, -1.1203125, 59.609960937500006, -0.0])
array('d', [-63.2509765625, -0.466796875, 59.609960937500006, -0.18671875000000002])
array('d', [-64.2779296875, -0.2333984375, 59.4232421875, -0.18671875000000002])
array('d', [-62.410742187500006, -0.2333984375, 59.3298828125, 0.1400390625])
array('d', [-63.110937500000006, 0.18671875000000002, 59.609960937500006, -0.0])
array('d', [-62.830859375, -0.046679687500000004, 59.283203125, -0.09335937500000001])
array('d', [-62.830859375, -0.046679687500000004, 59.283203125, -0.0])
array('d', [-63.9978515625, 0.18671875000000002, 59.8900390625, -0.0])
array('d', [-62.92421875, -0.2333984375, 59.5166015625, 0.18671875000000002])
array('d', [-62.970898437500004, 0.37343750000000003, 59.8900390625, 0.280078125])
array('d', [-62.970898437500004, 0.37343750000000003, 59.8900390625, 0.280078125])
array('d', [-62.970898437500004, -0.466796875, 59.8900390625, 0.280078125])
array('d', [-62.083984375, 0.42011718750000004, 59.609960937500006, 0.2333984375])
array('d', [-63.29765625, 0.42011718750000004, 59.609960937500006, 0.2333984375])
array('d', [-63.29765625, 0.0, 59.9833984375, -0.37343750000000003])
array('d', [-62.970898437500004, 0.0, 59.283203125, -0.0])
array('d', [-62.970898437500004, -0.653515625, 59.703320312500004, -0.0])
array('d', [-62.970898437500004, -0.653515625, 59.283203125, 0.2333984375])
array('d', [-61.943945312500006, -0.8869140625, 59.283203125, 0.2333984375])
array('d', [-62.970898437500004, 0.0, 59.283203125, 0.56015625])
array('d', [-61.150390625, -0.466796875, 59.56328125, 0.56015625])
array('d', [-61.150390625, -0.466796875, 59.7966796875, 0.046679687500000004])
array('d', [-62.6908203125, 0.18671875000000002, 59.7966796875, 0.046679687500000004])
array('d', [-62.92421875, 0.0, 59.609960937500006, 0.42011718750000004])
array('d', [-62.92421875, 0.0, 59.609960937500006, 0.42011718750000004])
array('d', [-62.92421875, 0.0, 59.609960937500006, 0.42011718750000004])
array('d', [-62.92421875, 0.0, 59.609960937500006, 0.42011718750000004])
array('d', [-62.970898437500004, -1.1203125, 59.56328125, -0.5134765625000001])
array('d', [-62.6908203125, 0.37343750000000003, 60.076757812500006, -0.466796875])
array('d', [-65.53828125, -0.046679687500000004, 59.703320312500004, -0.18671875000000002])
array('d', [-65.53828125, 0.18671875000000002, 59.9833984375, 0.046679687500000004])
array('d', [-62.970898437500004, 0.18671875000000002, 59.9833984375, 0.046679687500000004])
array('d', [-62.177343750000006, 0.18671875000000002, 59.703320312500004, 0.1400390625])
array('d', [-62.970898437500004, 0.18671875000000002, 59.703320312500004, 0.1400390625])
array('d', [-62.970898437500004, 0.18671875000000002, 59.4232421875, -0.0])
array('d', [-62.55078125, -1.1203125, 59.4232421875, -0.0])
array('d', [-62.55078125, -0.2333984375, 59.9833984375, 0.2333984375])
array('d', [-63.110937500000006, 0.37343750000000003, 59.7966796875, -0.37343750000000003])
array('d', [-62.6908203125, 0.653515625, 59.703320312500004, -0.37343750000000003])
array('d', [-62.3173828125, 0.0, 59.703320312500004, -0.37343750000000003])
array('d', [-62.6908203125, -0.8869140625, 59.7966796875, -0.0])
array('d', [-62.6908203125, -0.8869140625, 59.56328125, -0.18671875000000002])
array('d', [-60.963671875, 0.42011718750000004, 59.56328125, -0.18671875000000002])
array('d', [-60.963671875, 0.42011718750000004, 59.56328125, -0.18671875000000002])
array('d', [-60.963671875, 0.42011718750000004, 59.56328125, -0.18671875000000002])
array('d', [-63.110937500000006, 0.18671875000000002, 59.376562500000006, -0.0])
array('d', [-62.3640625, 0.37343750000000003, 59.376562500000006, -0.0])
array('d', [-62.6908203125, 1.4937500000000001, 60.170117187500004, -0.18671875000000002])
array('d', [-62.037304687500004, 0.0, 59.56328125, 0.7468750000000001])
array('d', [-62.037304687500004, 0.0, 59.56328125, 0.046679687500000004])
array('d', [-62.037304687500004, -0.280078125, 59.56328125, 0.046679687500000004])
array('d', [-63.811132812500006, 0.0, 59.9833984375, -0.09335937500000001])
array('d', [-63.811132812500006, -1.30703125, 59.3298828125, 0.1400390625])
array('d', [-62.3173828125, -1.30703125, 59.3298828125, 0.1400390625])
array('d', [-62.6908203125, 0.18671875000000002, 59.3298828125, 0.1400390625])
array('d', [-62.6908203125, -0.5134765625000001, 59.0498046875, -0.37343750000000003])
array('d', [-62.6908203125, 0.0, 59.56328125, 0.046679687500000004])
array('d', [-62.3640625, -0.046679687500000004, 59.609960937500006, -0.09335937500000001])
array('d', [-62.3640625, -0.046679687500000004, 59.609960937500006, -0.09335937500000001])
array('d', [-62.3640625, -0.046679687500000004, 59.609960937500006, -0.09335937500000001])
array('d', [-62.6908203125, -0.2333984375, 59.376562500000006, 0.1400390625])
array('d', [-62.3173828125, 0.18671875000000002, 61.05703125, -0.0])
array('d', [-64.1845703125, 0.0, 59.5166015625, -0.0])
array('d', [-64.1845703125, 0.0, 59.5166015625, -0.0])
array('d', [-64.1845703125, 0.0, 59.5166015625, -0.0])
array('d', [-64.1845703125, 0.0, 59.609960937500006, 0.046679687500000004])
array('d', [-62.3640625, 0.0, 59.609960937500006, 0.280078125])
array('d', [-61.943945312500006, -0.2333984375, 59.703320312500004, 0.280078125])
array('d', [-63.110937500000006, 0.8402343750000001, 59.703320312500004, 0.2333984375])
array('d', [-63.7177734375, 0.18671875000000002, 59.3298828125, -0.18671875000000002])
array('d', [-63.7177734375, 0.18671875000000002, 59.7966796875, -0.0])
array('d', [-61.943945312500006, 0.18671875000000002, 59.7966796875, -0.0])
array('d', [-62.6908203125, 0.8402343750000001, 59.143164062500006, 0.2333984375])
array('d', [-62.6908203125, 0.8402343750000001, 59.8900390625, 0.42011718750000004])
array('d', [-62.7841796875, 0.8402343750000001, 59.8900390625, 0.42011718750000004])
array('d', [-62.270703125000004, 0.18671875000000002, 59.609960937500006, -0.0])
array('d', [-62.3640625, -0.653515625, 59.376562500000006, -0.09335937500000001])
array('d', [-62.3640625, -0.653515625, 59.236523437500004, -0.0])
array('d', [-63.110937500000006, 0.2333984375, 59.236523437500004, -0.0])
array('d', [-62.037304687500004, 0.2333984375, 59.609960937500006, 0.42011718750000004])
array('d', [-63.017578125, 0.18671875000000002, 59.376562500000006, 0.2333984375])
array('d', [-63.017578125, 0.18671875000000002, 59.469921875000004, -0.466796875])
array('d', [-63.110937500000006, -1.5404296875, 59.469921875000004, -0.466796875])
array('d', [-62.037304687500004, -0.2333984375, 59.703320312500004, 0.2333984375])
array('d', [-62.6908203125, 0.0, 59.376562500000006, 0.280078125])
array('d', [-62.6908203125, 0.0, 59.376562500000006, 0.280078125])
array('d', [-63.437695312500004, 0.8402343750000001, 59.609960937500006, 0.046679687500000004])
array('d', [-62.037304687500004, -0.280078125, 59.703320312500004, 0.046679687500000004])
array('d', [-62.037304687500004, 0.18671875000000002, 59.9833984375, -0.09335937500000001])
array('d', [-63.437695312500004, 0.18671875000000002, 59.609960937500006, -0.466796875])
array('d', [-63.437695312500004, 0.18671875000000002, 59.609960937500006, -0.466796875])
array('d', [-62.3640625, 0.18671875000000002, 59.703320312500004, -0.18671875000000002])
array('d', [-63.7177734375, 0.18671875000000002, 59.703320312500004, -0.18671875000000002])
array('d', [-62.3640625, -0.653515625, 59.283203125, -0.18671875000000002])
array('d', [-63.017578125, 0.18671875000000002, 59.283203125, -0.0])
array('d', [-63.017578125, -0.466796875, 59.469921875000004, 0.2333984375])
array('d', [-62.6908203125, -0.466796875, 59.469921875000004, 0.2333984375])
array('d', [-60.170117187500004, -0.7001953125, 59.703320312500004, -0.0])
array('d', [-60.170117187500004, -0.7001953125, 59.703320312500004, -0.0])
array('d', [-60.170117187500004, -0.7001953125, 59.703320312500004, -0.0])
array('d', [-60.170117187500004, -0.7001953125, 59.703320312500004, -0.0])
array('d', [-62.7841796875, 0.18671875000000002, 59.56328125, -0.18671875000000002])
array('d', [-63.110937500000006, 0.8402343750000001, 59.9833984375, -0.280078125])
array('d', [-63.110937500000006, -0.046679687500000004, 59.703320312500004, 0.56015625])
array('d', [-63.017578125, 0.37343750000000003, 59.003125000000004, 0.1400390625])
array('d', [-62.3173828125, 0.42011718750000004, 59.376562500000006, -0.3267578125])
array('d', [-62.3173828125, -0.8869140625, 59.75, 0.2333984375])
array('d', [-61.6171875, -0.8869140625, 59.75, 0.2333984375])
array('d', [-62.6908203125, 0.42011718750000004, 59.376562500000006, 0.1400390625])
array('d', [-63.110937500000006, 0.42011718750000004, 59.609960937500006, 0.046679687500000004])
array('d', [-63.110937500000006, 0.42011718750000004, 59.609960937500006, 0.046679687500000004])
array('d', [-63.437695312500004, 0.653515625, 59.843359375000006, 0.1400390625])
array('d', [-63.110937500000006, -0.2333984375, 59.56328125, -0.18671875000000002])
array('d', [-63.110937500000006, -0.653515625, 59.469921875000004, 0.1400390625])
array('d', [-63.110937500000006, -0.653515625, 59.469921875000004, 0.1400390625])
array('d', [-64.23125, 0.653515625, 59.236523437500004, -0.0])
array('d', [-62.457421875, -1.3537109375, 59.843359375000006, -0.466796875])
array('d', [-62.270703125000004, 0.0, 59.283203125, -0.37343750000000003])
array('d', [-62.270703125000004, 0.0, 59.376562500000006, -0.37343750000000003])
array('d', [-63.484375, 0.653515625, 59.376562500000006, -0.37343750000000003])
array('d', [-62.177343750000006, -0.466796875, 59.0498046875, 0.5134765625000001])
array('d', [-63.6244140625, 2.2873046875000003, 59.236523437500004, 0.1400390625])
array('d', [-63.6244140625, -1.30703125, 59.656640625, -0.18671875000000002])
array('d', [-62.7841796875, -1.30703125, 59.656640625, -0.18671875000000002])
array('d', [-63.7177734375, -0.2333984375, 59.469921875000004, -0.0])
array('d', [-63.7177734375, -0.7001953125, 59.143164062500006, -0.046679687500000004])
array('d', [-62.457421875, -0.7001953125, 59.143164062500006, -0.046679687500000004])
array('d', [-62.877539062500006, 0.8402343750000001, 59.8900390625, 0.1400390625])
array('d', [-63.9978515625, -0.046679687500000004, 59.003125000000004, 0.046679687500000004])
array('d', [-63.9978515625, -0.046679687500000004, 59.003125000000004, 0.046679687500000004])
array('d', [-63.9978515625, -0.046679687500000004, 59.003125000000004, 0.046679687500000004])
array('d', [-63.9978515625, -0.046679687500000004, 59.003125000000004, 0.046679687500000004])
array('d', [-63.9978515625, -0.046679687500000004, 59.003125000000004, 0.046679687500000004])
array('d', [-63.204296875000004, 0.0, 59.609960937500006, -0.09335937500000001])
array('d', [-63.204296875000004, 0.0, 59.4232421875, -0.09335937500000001])
array('d', [-62.037304687500004, -0.466796875, 59.4232421875, -0.09335937500000001])
array('d', [-62.877539062500006, -0.466796875, 59.8900390625, 0.046679687500000004])
array('d', [-62.877539062500006, -0.2333984375, 59.283203125, -0.2333984375])
array('d', [-63.204296875000004, -0.8869140625, 59.469921875000004, -0.466796875])
array('d', [-62.037304687500004, -0.653515625, 59.283203125, 0.1400390625])
array('d', [-62.037304687500004, -0.653515625, 59.283203125, -0.280078125])
array('d', [-64.32460937500001, -0.046679687500000004, 59.283203125, -0.280078125])
array('d', [-63.204296875000004, -0.7001953125, 59.5166015625, 0.046679687500000004])
array('d', [-63.204296875000004, -0.7001953125, 59.5166015625, 0.046679687500000004])
array('d', [-61.43046875, 0.18671875000000002, 59.703320312500004, -0.18671875000000002])
array('d', [-62.7841796875, 0.18671875000000002, 59.283203125, -0.37343750000000003])
array('d', [-62.877539062500006, 0.18671875000000002, 59.283203125, -0.37343750000000003])
array('d', [-63.110937500000006, -0.046679687500000004, 59.4232421875, 0.046679687500000004])
array('d', [-63.110937500000006, -0.046679687500000004, 59.4232421875, 0.2333984375])
array('d', [-62.55078125, -1.30703125, 59.703320312500004, 0.2333984375])
array('d', [-62.55078125, -1.30703125, 59.703320312500004, 0.2333984375])
array('d', [-62.55078125, -1.30703125, 59.703320312500004, 0.2333984375])
array('d', [-62.55078125, -1.30703125, 59.703320312500004, 0.2333984375])
array('d', [-62.55078125, 0.37343750000000003, 59.703320312500004, -0.18671875000000002])
array('d', [-63.204296875000004, 0.37343750000000003, 59.003125000000004, -0.280078125])
array('d', [-64.32460937500001, 0.0, 59.4232421875, -0.280078125])
array('d', [-63.484375, 0.18671875000000002, 59.469921875000004, -0.37343750000000003])
array('d', [-63.110937500000006, 0.42011718750000004, 59.936718750000004, 0.1400390625])
array('d', [-63.110937500000006, 0.42011718750000004, 59.936718750000004, 0.280078125])
array('d', [-63.110937500000006, 0.42011718750000004, 59.936718750000004, 0.280078125])
array('d', [-63.110937500000006, 0.42011718750000004, 59.936718750000004, 0.280078125])
array('d', [-63.6244140625, 1.0269531250000001, 59.703320312500004, -0.09335937500000001])
array('d', [-63.204296875000004, 1.0269531250000001, 59.703320312500004, 0.3267578125])
array('d', [-63.204296875000004, 0.8402343750000001, 59.843359375000006, 0.3267578125])
array('d', [-63.29765625, 0.653515625, 59.75, -0.37343750000000003])
array('d', [-62.7841796875, 1.0736328125, 59.8900390625, 0.1400390625])
array('d', [-62.7841796875, 1.0736328125, 60.2634765625, -0.280078125])
array('d', [-63.951171875, 0.18671875000000002, 60.2634765625, -0.280078125])
array('d', [-64.23125, 0.8402343750000001, 59.936718750000004, -0.18671875000000002])
array('d', [-62.877539062500006, 0.18671875000000002, 59.7966796875, 0.1400390625])
array('d', [-63.6244140625, 0.18671875000000002, 59.376562500000006, -0.18671875000000002])
array('d', [-63.6244140625, 0.18671875000000002, 59.376562500000006, -0.18671875000000002])
array('d', [-63.6244140625, 0.18671875000000002, 59.18984375, -0.18671875000000002])
array('d', [-63.110937500000006, 0.37343750000000003, 59.18984375, -0.18671875000000002])
array('d', [-63.484375, 0.18671875000000002, 59.096484375, -0.280078125])
array('d', [-62.177343750000006, 0.18671875000000002, 59.376562500000006, -0.09335937500000001])
array('d', [-62.177343750000006, -0.466796875, 60.216796875, -0.09335937500000001])
array('d', [-62.7841796875, 0.653515625, 60.216796875, -0.09335937500000001])
array('d', [-62.037304687500004, 0.18671875000000002, 59.236523437500004, -0.280078125])
array('d', [-62.877539062500006, 0.653515625, 59.5166015625, 0.046679687500000004])
array('d', [-62.877539062500006, 0.653515625, 59.5166015625, 0.046679687500000004])
array('d', [-63.484375, -0.046679687500000004, 59.656640625, 0.046679687500000004])
array('d', [-62.3640625, 1.0736328125, 59.936718750000004, 0.046679687500000004])
array('d', [-62.3640625, 0.42011718750000004, 59.376562500000006, 0.37343750000000003])
array('d', [-62.457421875, 0.37343750000000003, 59.003125000000004, -0.5134765625000001])
array('d', [-62.457421875, 0.37343750000000003, 59.003125000000004, -0.18671875000000002])
array('d', [-62.55078125, 0.18671875000000002, 59.236523437500004, -0.18671875000000002])
array('d', [-62.3640625, 0.18671875000000002, 59.143164062500006, -0.0])
array('d', [-63.6244140625, 0.42011718750000004, 59.003125000000004, 0.046679687500000004])
array('d', [-62.55078125, 0.18671875000000002, 59.5166015625, -0.280078125])
array('d', [-62.457421875, -0.466796875, 59.936718750000004, -0.3267578125])
array('d', [-63.484375, -0.7001953125, 59.376562500000006, -0.3267578125])
array('d', [-63.484375, -0.7001953125, 59.376562500000006, -0.3267578125])
array('d', [-63.484375, -0.8869140625, 60.076757812500006, 0.2333984375])
array('d', [-62.877539062500006, -0.8869140625, 60.076757812500006, -0.280078125])
array('d', [-62.877539062500006, -1.773828125, 59.469921875000004, -0.280078125])
array('d', [-62.270703125000004, -0.8869140625, 59.096484375, 0.2333984375])
array('d', [-63.0642578125, -0.7001953125, 59.936718750000004, 0.1400390625])
array('d', [-63.0642578125, -0.8869140625, 58.8630859375, -0.0])
array('d', [-62.3640625, -0.8869140625, 58.8630859375, -0.0])
array('d', [-63.391015625, 0.0, 59.843359375000006, -0.0])
array('d', [-61.523828125, 0.42011718750000004, 59.5166015625, -0.09335937500000001])
array('d', [-62.970898437500004, -0.2333984375, 59.703320312500004, -0.09335937500000001])
array('d', [-62.970898437500004, -0.2333984375, 59.703320312500004, -0.09335937500000001])
array('d', [-62.970898437500004, -0.2333984375, 59.703320312500004, -0.046679687500000004])
array('d', [-62.6908203125, -0.8869140625, 59.376562500000006, -0.046679687500000004])
array('d', [-62.6908203125, 0.0, 59.096484375, -0.37343750000000003])
array('d', [-63.811132812500006, 0.18671875000000002, 59.7966796875, -0.466796875])
array('d', [-62.270703125000004, 1.2603515625000001, 59.656640625, -0.18671875000000002])
array('d', [-62.270703125000004, 1.2603515625000001, 59.656640625, -0.18671875000000002])
array('d', [-62.6908203125, 0.18671875000000002, 59.376562500000006, -0.18671875000000002])
array('d', [-62.3640625, -1.5404296875, 59.096484375, 0.046679687500000004])
array('d', [-64.137890625, 1.0269531250000001, 59.8900390625, -0.09335937500000001])
array('d', [-63.484375, 0.18671875000000002, 59.5166015625, -0.09335937500000001])
array('d', [-63.484375, 0.18671875000000002, 59.096484375, 0.280078125])
array('d', [-62.3640625, 0.0, 59.096484375, 0.280078125])
array('d', [-62.6908203125, -0.2333984375, 59.7966796875, 0.046679687500000004])
array('d', [-61.243750000000006, 0.8402343750000001, 60.3568359375, -0.09335937500000001])
array('d', [-62.55078125, 0.18671875000000002, 59.18984375, -0.09335937500000001])
array('d', [-62.1306640625, -1.1203125, 59.656640625, 0.046679687500000004])
array('d', [-62.1306640625, -1.1203125, 59.656640625, 0.046679687500000004])
array('d', [-62.1306640625, -1.1203125, 59.656640625, 0.046679687500000004])
array('d', [-61.943945312500006, 0.37343750000000003, 59.5166015625, -0.18671875000000002])
array('d', [-61.943945312500006, 1.4937500000000001, 59.936718750000004, 0.2333984375])
array('d', [-61.943945312500006, -0.8869140625, 59.376562500000006, -0.37343750000000003])
array('d', [-63.391015625, -0.8869140625, 59.376562500000006, -0.37343750000000003])
array('d', [-62.3640625, -0.280078125, 60.076757812500006, -0.0])
array('d', [-62.3640625, -0.8869140625, 59.5166015625, 0.2333984375])
array('d', [-62.3640625, 0.18671875000000002, 59.7966796875, -2.0539062500000003])
array('d', [-61.523828125, 0.18671875000000002, 59.7966796875, -2.0539062500000003])
array('d', [-62.6908203125, 0.0, 59.656640625, 0.2333984375])
array('d', [-63.7177734375, 0.6068359375, 59.096484375, -0.6068359375])
array('d', [-63.7177734375, 0.6068359375, 59.096484375, -0.6068359375])
array('d', [-63.7177734375, 0.6068359375, 59.096484375, -0.6068359375])
array('d', [-62.6908203125, -0.466796875, 59.18984375, 0.3267578125])
array('d', [-63.391015625, 0.0, 59.096484375, -0.046679687500000004])
array('d', [-62.270703125000004, -0.2333984375, 59.703320312500004, -0.18671875000000002])
array('d', [-62.7841796875, -0.653515625, 59.3298828125, 0.2333984375])
array('d', [-62.6908203125, -0.280078125, 59.609960937500006, -0.18671875000000002])
array('d', [-62.504101562500004, 0.18671875000000002, 59.656640625, 0.56015625])
array('d', [-62.970898437500004, 0.18671875000000002, 59.656640625, 0.1400390625])
array('d', [-63.391015625, 0.8402343750000001, 59.096484375, -0.09335937500000001])
array('d', [-63.391015625, 0.8402343750000001, 59.096484375, -0.09335937500000001])
array('d', [-62.6908203125, -0.466796875, 59.469921875000004, -0.09335937500000001])
array('d', [-62.3640625, -0.2333984375, 59.656640625, 0.5134765625000001])
array('d', [-62.970898437500004, 0.8402343750000001, 58.536328125000004, 0.3267578125])
array('d', [-62.970898437500004, 0.8402343750000001, 58.536328125000004, 0.3267578125])
array('d', [-62.970898437500004, 0.8402343750000001, 58.536328125000004, 0.3267578125])
array('d', [-62.970898437500004, 0.8402343750000001, 58.536328125000004, 0.3267578125])
array('d', [-63.204296875000004, 0.18671875000000002, 59.376562500000006, -0.466796875])
array('d', [-63.204296875000004, 0.18671875000000002, 59.936718750000004, -0.046679687500000004])
array('d', [-61.523828125, 0.8402343750000001, 59.936718750000004, -0.046679687500000004])
array('d', [-61.523828125, 0.8402343750000001, 59.936718750000004, -0.046679687500000004])
array('d', [-61.523828125, 0.8402343750000001, 59.936718750000004, -0.046679687500000004])
array('d', [-62.1306640625, -0.2333984375, 59.656640625, -0.18671875000000002])
array('d', [-63.29765625, -0.466796875, 59.18984375, -0.18671875000000002])
array('d', [-63.7177734375, 0.0, 58.9564453125, 0.5134765625000001])
array('d', [-63.7177734375, 0.0, 58.9564453125, 0.5134765625000001])
array('d', [-62.270703125000004, 0.0, 59.656640625, 0.2333984375])
array('d', [-63.811132812500006, 1.2603515625000001, 58.9564453125, -0.466796875])
array('d', [-63.811132812500006, 0.42011718750000004, 59.7966796875, -0.046679687500000004])
array('d', [-63.811132812500006, 0.42011718750000004, 59.7966796875, -0.046679687500000004])
array('d', [-62.6908203125, 0.18671875000000002, 59.3298828125, 0.1400390625])
array('d', [-62.6908203125, 0.18671875000000002, 59.3298828125, 0.3267578125])
array('d', [-63.484375, 0.8402343750000001, 59.936718750000004, 0.3267578125])
array('d', [-63.484375, 0.8402343750000001, 59.936718750000004, 0.3267578125])
array('d', [-63.484375, 0.8402343750000001, 59.936718750000004, 0.3267578125])
array('d', [-63.484375, 0.8402343750000001, 59.936718750000004, 0.3267578125])
array('d', [-62.55078125, 0.8402343750000001, 59.656640625, -0.18671875000000002])
array('d', [-63.0642578125, -0.466796875, 59.5166015625, 0.2333984375])
array('d', [-62.6908203125, 0.0, 59.3298828125, -0.09335937500000001])
array('d', [-62.6908203125, 0.0, 59.3298828125, -0.09335937500000001])
array('d', [-62.6908203125, 0.0, 59.3298828125, -0.09335937500000001])
array('d', [-62.6908203125, -0.2333984375, 59.8900390625, 0.1400390625])
array('d', [-62.6908203125, -0.2333984375, 59.936718750000004, 0.37343750000000003])
array('d', [-63.29765625, 0.6068359375, 59.936718750000004, 0.37343750000000003])
array('d', [-63.391015625, -0.466796875, 59.236523437500004, -0.09335937500000001])
array('d', [-61.943945312500006, -0.466796875, 59.75, 0.42011718750000004])
array('d', [-61.943945312500006, -0.466796875, 59.656640625, -0.37343750000000003])
array('d', [-62.270703125000004, 1.0736328125, 59.656640625, -0.37343750000000003])
array('d', [-61.6638671875, 0.18671875000000002, 59.376562500000006, 0.3267578125])
array('d', [-62.970898437500004, -0.2333984375, 59.0498046875, -0.046679687500000004])
array('d', [-62.970898437500004, -0.2333984375, 59.0498046875, 0.2333984375])
array('d', [-62.270703125000004, 0.8402343750000001, 59.236523437500004, 0.2333984375])
array('d', [-62.270703125000004, -0.7001953125, 59.75, -0.09335937500000001])
array('d', [-62.270703125000004, 0.0, 59.3298828125, 0.2333984375])
array('d', [-62.270703125000004, 0.0, 59.236523437500004, -0.280078125])
array('d', [-62.270703125000004, 0.0, 59.236523437500004, -0.280078125])
array('d', [-62.270703125000004, 0.0, 59.236523437500004, -0.280078125])
array('d', [-62.270703125000004, 0.653515625, 59.18984375, -0.56015625])
array('d', [-62.270703125000004, 0.653515625, 59.469921875000004, 0.046679687500000004])
array('d', [-63.204296875000004, -0.2333984375, 59.469921875000004, 0.1400390625])
array('d', [-63.204296875000004, -0.2333984375, 59.469921875000004, 0.1400390625])
array('d', [-63.0642578125, 0.653515625, 59.18984375, 0.1400390625])
array('d', [-62.3640625, 0.42011718750000004, 59.7966796875, -0.09335937500000001])
array('d', [-62.970898437500004, 0.653515625, 59.3298828125, -0.046679687500000004])
array('d', [-62.970898437500004, 0.653515625, 59.3298828125, -0.046679687500000004])
array('d', [-62.970898437500004, 0.653515625, 59.3298828125, -0.046679687500000004])
array('d', [-62.970898437500004, 0.653515625, 59.3298828125, -0.046679687500000004])
array('d', [-63.204296875000004, -0.7001953125, 59.3298828125, 0.046679687500000004])
array('d', [-62.970898437500004, 0.18671875000000002, 59.7966796875, 0.37343750000000003])
array('d', [-63.7177734375, -0.280078125, 59.469921875000004, 0.09335937500000001])
array('d', [-63.0642578125, -0.8869140625, 58.4896484375, 0.42011718750000004])
array('d', [-64.137890625, -0.8869140625, 60.076757812500006, -0.046679687500000004])
array('d', [-63.391015625, -0.8869140625, 59.5166015625, -0.046679687500000004])
array('d', [-64.41796875, 0.6068359375, 59.75, -0.37343750000000003])
array('d', [-63.0642578125, -0.2333984375, 59.75, -0.7935546875])
array('d', [-63.0642578125, -0.2333984375, 59.75, -0.7935546875])
array('d', [-63.0642578125, -0.2333984375, 59.75, -0.7935546875])
array('d', [-63.0642578125, -0.2333984375, 59.75, -0.7935546875])
array('d', [-62.970898437500004, 0.42011718750000004, 59.376562500000006, -0.280078125])
array('d', [-63.391015625, 0.42011718750000004, 59.5166015625, 0.1400390625])
array('d', [-63.391015625, 0.42011718750000004, 59.656640625, -0.37343750000000003])
array('d', [-63.391015625, 0.42011718750000004, 59.656640625, -0.37343750000000003])
array('d', [-63.391015625, 0.42011718750000004, 59.656640625, -0.37343750000000003])
array('d', [-61.6638671875, 0.18671875000000002, 59.096484375, -0.280078125])
array('d', [-61.523828125, 0.8402343750000001, 59.376562500000006, 0.42011718750000004])
array('d', [-61.710546875000006, 0.8402343750000001, 59.936718750000004, 0.046679687500000004])
array('d', [-61.710546875000006, 0.8402343750000001, 59.936718750000004, 0.046679687500000004])
array('d', [-61.710546875000006, 0.8402343750000001, 59.936718750000004, 0.046679687500000004])
array('d', [-62.970898437500004, -0.7001953125, 59.936718750000004, 0.046679687500000004])
array('d', [-62.877539062500006, -0.2333984375, 59.656640625, 0.8869140625])
array('d', [-64.41796875, 0.653515625, 59.18984375, -0.18671875000000002])
array('d', [-64.41796875, 0.653515625, 59.18984375, -0.18671875000000002])
array('d', [-64.41796875, 0.653515625, 59.18984375, -0.18671875000000002])
array('d', [-64.41796875, 0.653515625, 59.18984375, -0.18671875000000002])
array('d', [-61.3837890625, -1.30703125, 59.75, -0.280078125])
array('d', [-63.7177734375, 0.18671875000000002, 59.096484375, -0.37343750000000003])
array('d', [-63.7177734375, 0.18671875000000002, 59.936718750000004, 0.1400390625])
array('d', [-62.177343750000006, -0.046679687500000004, 59.936718750000004, 0.1400390625])
array('d', [-62.6908203125, 0.8402343750000001, 59.469921875000004, 0.7468750000000001])
array('d', [-62.1306640625, 0.0, 59.376562500000006, 0.046679687500000004])
array('d', [-62.1306640625, 0.0, 59.376562500000006, -0.09335937500000001])
array('d', [-62.7841796875, 0.18671875000000002, 59.5166015625, -0.09335937500000001])
array('d', [-63.204296875000004, 0.18671875000000002, 59.656640625, 0.2333984375])
array('d', [-61.7572265625, -0.466796875, 58.909765625000006, -0.046679687500000004])
array('d', [-61.7572265625, -0.466796875, 58.909765625000006, -0.046679687500000004])
array('d', [-61.7572265625, -0.466796875, 58.909765625000006, -0.046679687500000004])
array('d', [-61.7572265625, -0.466796875, 58.909765625000006, -0.046679687500000004])
array('d', [-62.1306640625, 0.18671875000000002, 59.3298828125, -0.37343750000000003])
array('d', [-62.1306640625, 0.18671875000000002, 59.656640625, -0.046679687500000004])
array('d', [-63.204296875000004, 0.42011718750000004, 59.936718750000004, -0.37343750000000003])
array('d', [-63.204296875000004, 0.42011718750000004, 59.936718750000004, -0.37343750000000003])
array('d', [-63.204296875000004, 0.42011718750000004, 59.936718750000004, -0.37343750000000003])
array('d', [-63.577734375000006, 0.42011718750000004, 59.936718750000004, 0.2333984375])
array('d', [-63.577734375000006, -0.7001953125, 59.376562500000006, 0.2333984375])
array('d', [-62.504101562500004, 0.653515625, 59.18984375, 0.5134765625000001])
array('d', [-62.504101562500004, 0.653515625, 59.18984375, 0.5134765625000001])
array('d', [-63.577734375000006, 0.653515625, 59.236523437500004, 0.2333984375])
array('d', [-62.7841796875, -0.7001953125, 59.75, 0.5134765625000001])
array('d', [-62.7841796875, -0.7001953125, 59.75, 0.5134765625000001])
array('d', [-63.204296875000004, -0.466796875, 59.75, 0.1400390625])
array('d', [-63.577734375000006, 0.42011718750000004, 59.656640625, 0.56015625])
array('d', [-63.577734375000006, 0.42011718750000004, 59.656640625, 0.1400390625])
array('d', [-62.504101562500004, -0.8869140625, 59.5166015625, 0.1400390625])
array('d', [-62.92421875, -0.8869140625, 59.5166015625, 0.1400390625])
array('d', [-62.92421875, -0.8869140625, 59.5166015625, 0.1400390625])
array('d', [-62.92421875, -0.8869140625, 59.5166015625, 0.1400390625])
array('d', [-62.92421875, -0.466796875, 59.4232421875, 0.653515625])
array('d', [-62.7841796875, -1.1203125, 59.096484375, -0.046679687500000004])
array('d', [-63.204296875000004, 0.18671875000000002, 59.096484375, -0.046679687500000004])
array('d', [-63.204296875000004, 0.18671875000000002, 59.096484375, -0.046679687500000004])
array('d', [-63.204296875000004, 0.18671875000000002, 59.096484375, -0.046679687500000004])
array('d', [-63.204296875000004, 0.18671875000000002, 59.096484375, -0.046679687500000004])
array('d', [-61.477148437500006, -0.466796875, 58.9564453125, -0.18671875000000002])
array('d', [-62.3640625, 1.0736328125, 59.096484375, 0.046679687500000004])
array('d', [-62.3640625, 1.0736328125, 59.096484375, 0.3267578125])
array('d', [-62.92421875, 0.0, 59.376562500000006, 0.3267578125])
array('d', [-63.904492187500004, -0.046679687500000004, 59.56328125, 0.5134765625000001])
array('d', [-61.3837890625, 0.653515625, 59.376562500000006, -0.5134765625000001])
array('d', [-61.3837890625, 0.18671875000000002, 59.376562500000006, -0.56015625])
array('d', [-61.3837890625, 0.18671875000000002, 59.376562500000006, -0.56015625])
array('d', [-63.577734375000006, 0.18671875000000002, 59.376562500000006, -0.56015625])
array('d', [-62.3640625, 0.8402343750000001, 59.5166015625, 0.1400390625])
array('d', [-62.92421875, -0.280078125, 59.469921875000004, 0.046679687500000004])
array('d', [-62.92421875, -0.280078125, 59.469921875000004, -0.09335937500000001])
array('d', [-61.897265625, -0.466796875, 59.376562500000006, -0.09335937500000001])
array('d', [-64.32460937500001, 1.0736328125, 59.096484375, 0.1400390625])
array('d', [-63.204296875000004, -0.466796875, 59.5166015625, -0.09335937500000001])
array('d', [-63.204296875000004, -0.466796875, 59.609960937500006, 0.2333984375])
array('d', [-62.92421875, -0.8869140625, 59.609960937500006, 0.2333984375])
array('d', [-62.7841796875, -0.046679687500000004, 59.56328125, -0.280078125])
array('d', [-62.1306640625, 0.653515625, 59.656640625, -0.18671875000000002])
array('d', [-62.644140625000006, -0.2333984375, 59.376562500000006, 0.046679687500000004])
array('d', [-62.644140625000006, -0.2333984375, 59.376562500000006, -0.37343750000000003])
array('d', [-63.577734375000006, 0.653515625, 59.376562500000006, -0.37343750000000003])
array('d', [-63.577734375000006, 0.653515625, 59.376562500000006, -0.37343750000000003])
array('d', [-62.504101562500004, -0.466796875, 58.769726562500004, -0.37343750000000003])
array('d', [-62.7841796875, -0.2333984375, 59.096484375, 0.3267578125])
array('d', [-62.7841796875, -0.2333984375, 59.096484375, -0.18671875000000002])
array('d', [-62.92421875, -0.2333984375, 59.0498046875, -0.046679687500000004])
array('d', [-62.2240234375, -0.653515625, 59.376562500000006, -0.046679687500000004])
array('d', [-62.92421875, 0.0, 59.56328125, -0.18671875000000002])
array('d', [-62.504101562500004, 0.18671875000000002, 59.18984375, -0.56015625])
array('d', [-62.504101562500004, 0.18671875000000002, 59.4232421875, -0.37343750000000003])
array('d', [-63.484375, 0.18671875000000002, 59.4232421875, -0.37343750000000003])
array('d', [-62.92421875, -0.8869140625, 59.143164062500006, -0.37343750000000003])
array('d', [-62.92421875, -0.8869140625, 59.143164062500006, -0.37343750000000003])
array('d', [-62.92421875, -0.8869140625, 59.143164062500006, -0.37343750000000003])
array('d', [-62.92421875, -0.8869140625, 59.143164062500006, -0.37343750000000003])
array('d', [-61.7572265625, 0.18671875000000002, 58.9564453125, -0.37343750000000003])
array('d', [-64.23125, 0.18671875000000002, 59.283203125, 0.3267578125])
array('d', [-64.23125, 0.18671875000000002, 59.283203125, -0.280078125])
array('d', [-63.904492187500004, 0.18671875000000002, 59.5166015625, -0.280078125])
array('d', [-63.204296875000004, -0.2333984375, 59.376562500000006, -0.37343750000000003])
array('d', [-63.204296875000004, 0.18671875000000002, 58.81640625, 0.5134765625000001])
array('d', [-62.1306640625, 0.18671875000000002, 58.81640625, 0.5134765625000001])
array('d', [-62.1306640625, 0.18671875000000002, 58.81640625, 0.5134765625000001])
array('d', [-62.1306640625, 0.18671875000000002, 58.81640625, 0.5134765625000001])
array('d', [-62.1306640625, 0.18671875000000002, 58.81640625, 0.5134765625000001])
array('d', [-62.1306640625, 0.18671875000000002, 58.81640625, 0.5134765625000001])
array('d', [-62.1306640625, 0.18671875000000002, 58.81640625, 0.5134765625000001])
array('d', [-63.904492187500004, 0.18671875000000002, 60.030078125, -0.466796875])
array('d', [-63.577734375000006, 0.0, 59.283203125, -0.466796875])
array('d', [-62.92421875, 0.0, 59.376562500000006, -0.280078125])
array('d', [-63.8578125, 0.18671875000000002, 59.56328125, 0.5134765625000001])
array('d', [-63.8578125, 0.18671875000000002, 59.56328125, -0.37343750000000003])
array('d', [-62.457421875, 1.0269531250000001, 59.283203125, -0.37343750000000003])
array('d', [-61.710546875000006, 1.2603515625000001, 59.5166015625, -0.046679687500000004])
array('d', [-61.43046875, 0.18671875000000002, 59.656640625, -0.09335937500000001])
array('d', [-61.43046875, 0.653515625, 59.656640625, 0.42011718750000004])
array('d', [-62.830859375, -0.466796875, 59.096484375, 0.2333984375])
array('d', [-62.830859375, -0.466796875, 59.096484375, 0.2333984375])
array('d', [-62.830859375, -0.466796875, 59.096484375, 0.2333984375])
array('d', [-63.437695312500004, -0.466796875, 59.096484375, 0.3267578125])
array('d', [-62.737500000000004, -1.1203125, 59.56328125, 0.3267578125])
array('d', [-61.990625, -0.466796875, 59.843359375000006, 0.3267578125])
array('d', [-61.990625, -1.1203125, 59.18984375, -0.466796875])
array('d', [-63.1576171875, -1.1203125, 59.18984375, -0.466796875])
array('d', [-62.737500000000004, -0.7001953125, 59.656640625, -0.046679687500000004])
array('d', [-62.830859375, 0.0, 58.9564453125, -0.046679687500000004])
array('d', [-62.830859375, 0.0, 59.143164062500006, 0.42011718750000004])
array('d', [-62.830859375, 0.18671875000000002, 59.143164062500006, 0.046679687500000004])
array('d', [-62.830859375, 0.18671875000000002, 59.283203125, 0.046679687500000004])
array('d', [-62.830859375, 0.18671875000000002, 59.283203125, 0.046679687500000004])
array('d', [-61.803906250000004, 0.653515625, 60.170117187500004, 0.1400390625])
array('d', [-62.830859375, -1.8205078125, 59.56328125, 0.1400390625])
array('d', [-62.830859375, -0.466796875, 59.18984375, -0.280078125])
array('d', [-62.830859375, -0.466796875, 59.18984375, -0.280078125])
array('d', [-62.830859375, -0.466796875, 59.18984375, -0.280078125])
array('d', [-62.830859375, -0.466796875, 59.18984375, -0.280078125])
array('d', [-62.830859375, -0.466796875, 59.18984375, -0.280078125])
array('d', [-63.577734375000006, 0.42011718750000004, 59.609960937500006, 0.046679687500000004])
array('d', [-62.1306640625, 0.0, 58.81640625, -0.046679687500000004])
array('d', [-61.710546875000006, -0.653515625, 59.7966796875, 0.046679687500000004])
array('d', [-61.710546875000006, -0.653515625, 59.7966796875, 0.046679687500000004])
array('d', [-61.523828125, 0.42011718750000004, 60.030078125, -0.046679687500000004])
array('d', [-62.1306640625, 0.18671875000000002, 59.283203125, -0.046679687500000004])
array('d', [-62.830859375, -0.8869140625, 58.723046875, 0.046679687500000004])
array('d', [-62.830859375, -0.8869140625, 59.7966796875, 0.3267578125])
array('d', [-62.830859375, -0.8869140625, 59.7966796875, 0.3267578125])
array('d', [-63.1576171875, -0.7001953125, 59.4232421875, -0.18671875000000002])
array('d', [-63.1576171875, -0.7001953125, 59.4232421875, -0.18671875000000002])
array('d', [-62.1306640625, 0.8402343750000001, 59.283203125, 0.3267578125])
array('d', [-62.457421875, 0.18671875000000002, 59.283203125, -0.09335937500000001])
array('d', [-62.457421875, 0.18671875000000002, 59.4232421875, 0.56015625])
array('d', [-62.457421875, 0.0, 59.4232421875, 0.56015625])
array('d', [-62.830859375, -0.466796875, 58.909765625000006, -0.280078125])
array('d', [-62.830859375, 0.18671875000000002, 59.283203125, -0.280078125])
array('d', [-62.830859375, 0.0, 59.9833984375, -0.18671875000000002])
array('d', [-63.437695312500004, -0.466796875, 59.283203125, 0.42011718750000004])
array('d', [-62.1306640625, 0.6068359375, 59.283203125, 0.046679687500000004])
array('d', [-62.457421875, 0.18671875000000002, 59.56328125, -0.09335937500000001])
array('d', [-62.830859375, -0.466796875, 58.723046875, -0.18671875000000002])
array('d', [-62.830859375, 0.18671875000000002, 59.376562500000006, -0.046679687500000004])
array('d', [-61.710546875000006, 0.18671875000000002, 59.656640625, -0.09335937500000001])
array('d', [-60.543554687500006, -0.466796875, 59.18984375, 0.1400390625])
array('d', [-63.577734375000006, -0.2333984375, 59.609960937500006, 0.5134765625000001])
array('d', [-63.577734375000006, -0.2333984375, 59.609960937500006, 0.5134765625000001])
array('d', [-63.577734375000006, -0.2333984375, 59.609960937500006, 0.5134765625000001])
array('d', [-63.1576171875, 0.8402343750000001, 59.5166015625, 0.046679687500000004])
array('d', [-62.830859375, 0.18671875000000002, 59.376562500000006, -0.2333984375])
array('d', [-62.830859375, -0.466796875, 58.723046875, 0.56015625])
array('d', [-63.9978515625, 0.37343750000000003, 59.283203125, 0.653515625])
array('d', [-62.830859375, -0.653515625, 58.81640625, 0.3267578125])
array('d', [-62.830859375, -0.653515625, 58.81640625, -0.046679687500000004])
array('d', [-62.1306640625, -0.42011718750000004, 59.5166015625, -0.046679687500000004])
array('d', [-62.457421875, -0.466796875, 58.81640625, 0.56015625])
array('d', [-62.970898437500004, -1.1203125, 59.003125000000004, -0.37343750000000003])
array('d', [-63.577734375000006, 0.0, 59.843359375000006, 0.2333984375])
array('d', [-62.457421875, 0.42011718750000004, 59.096484375, 0.046679687500000004])
array('d', [-64.2779296875, 0.18671875000000002, 59.656640625, 0.37343750000000003])
array('d', [-64.2779296875, 0.18671875000000002, 59.7966796875, -0.046679687500000004])
array('d', [-63.577734375000006, 0.18671875000000002, 59.283203125, 0.1400390625])
array('d', [-62.457421875, 0.18671875000000002, 59.283203125, 0.1400390625])
array('d', [-62.830859375, 0.18671875000000002, 58.8630859375, -0.2333984375])
array('d', [-63.437695312500004, -0.046679687500000004, 59.4232421875, 0.1400390625])
array('d', [-63.437695312500004, 1.4937500000000001, 58.909765625000006, -0.046679687500000004])
array('d', [-62.830859375, 1.4937500000000001, 58.909765625000006, -0.046679687500000004])
array('d', [-62.830859375, 1.4937500000000001, 58.909765625000006, -0.046679687500000004])
array('d', [-64.511328125, -1.30703125, 61.05703125, 0.653515625])
array('d', [-64.511328125, -1.30703125, 61.990625, 2.0539062500000003])
array('d', [-64.04453125, -2.5673828125, 61.990625, 2.0539062500000003])
array('d', [-66.1451171875, -1.213671875, 62.037304687500004, 2.4740234375])
array('d', [-66.0984375, -2.6607421875000004, 61.803906250000004, 2.9875000000000003])
array('d', [-65.72500000000001, -3.267578125, 62.644140625000006, 3.1275390625000004])
array('d', [-67.498828125, -3.54765625, 63.344335937500006, 3.1275390625000004])
array('d', [-68.619140625, -5.0414062500000005, 63.2509765625, 4.201171875])
array('d', [-68.75917968750001, -4.948046875, 63.344335937500006, 3.8744140625])
array('d', [-68.3390625, -5.3681640625, 64.4646484375, 5.0414062500000005])
array('d', [-68.3390625, -5.3681640625, 63.764453125, 4.9013671875])
array('d', [-69.179296875, -4.9013671875, 63.764453125, 4.9013671875])
array('d', [-69.92617187500001, -4.9013671875, 63.764453125, 4.9013671875])
array('d', [-69.92617187500001, -4.9013671875, 63.764453125, 4.9013671875])
array('d', [-68.9458984375, -7.1419921875000005, 65.25820312500001, 6.16171875])
array('d', [-68.9458984375, -7.46875, 65.5849609375, 7.0953125])
array('d', [-69.7861328125, -7.46875, 65.5849609375, 6.3951171875])
array('d', [-69.7861328125, -7.46875, 65.5849609375, 6.3951171875])
array('d', [-70.76640625, -7.3753906250000005, 67.03203125, 6.3951171875])
array('d', [-71.7466796875, -8.5890625, 68.5724609375, 7.5154296875])
array('d', [-71.046484375, -8.495703125, 67.40546875, 7.0486328125])
array('d', [-71.046484375, -9.9427734375, 67.40546875, 8.915820312500001])
array('d', [-72.166796875, -9.9427734375, 67.40546875, 8.215625000000001])
array('d', [-72.166796875, -10.736328125, 67.35878906250001, 8.215625000000001])
array('d', [-74.6408203125, -10.549609375000001, 67.82558593750001, 8.215625000000001])
array('d', [-73.8005859375, -11.76328125, 69.64609375, 9.6626953125])
array('d', [-73.8005859375, -11.76328125, 70.299609375, 9.429296875])
array('d', [-74.12734375000001, -10.736328125, 70.299609375, 10.316210937500001])
array('d', [-74.12734375000001, -10.736328125, 70.299609375, 10.316210937500001])
array('d', [-74.2673828125, -12.743554687500001, 69.179296875, 10.316210937500001])
array('d', [-75.24765625, -13.0236328125, 69.64609375, 11.109765625000001])
array('d', [-76.18125, -13.3970703125, 70.2529296875, 11.343164062500001])
array('d', [-77.3015625, -14.050585937500001, 71.1865234375, 13.210351562500001])
array('d', [-77.39492187500001, -14.050585937500001, 71.2798828125, 12.0900390625])
array('d', [-77.8150390625, -14.00390625, 71.8400390625, 13.210351562500001])
array('d', [-77.8150390625, -14.00390625, 72.7736328125, 14.283984375000001])
array('d', [-76.74140625, -14.7974609375, 72.7736328125, 14.283984375000001])
array('d', [-77.39492187500001, -14.190625, 71.79335937500001, 14.283984375000001])
array('d', [-77.39492187500001, -14.190625, 71.79335937500001, 14.283984375000001])
array('d', [-77.39492187500001, -14.190625, 71.79335937500001, 14.283984375000001])
array('d', [-77.768359375, -14.9375, 72.8669921875, 14.283984375000001])
array('d', [-77.955078125, -15.217578125000001, 72.02675781250001, 15.404296875])
array('d', [-78.8419921875, -14.750781250000001, 73.89394531250001, 16.5712890625])
array('d', [-78.8419921875, -15.917773437500001, 73.7072265625, 16.197851562500002])
array('d', [-78.421875, -15.917773437500001, 73.7072265625, 15.8244140625])
array('d', [-78.98203125, -16.2912109375, 74.0806640625, 16.5712890625])
array('d', [-79.26210937500001, -16.4779296875, 74.6408203125, 16.5712890625])
array('d', [-79.49550781250001, -17.598242187500002, 74.3140625, 17.644921875])
array('d', [-79.8689453125, -17.4115234375, 73.6138671875, 17.644921875])
array('d', [-80.47578125, -17.831640625000002, 74.6875, 17.644921875])
array('d', [-80.47578125, -17.831640625000002, 74.12734375000001, 19.232031250000002])
array('d', [-81.1759765625, -18.11171875, 74.12734375000001, 19.232031250000002])
array('d', [-80.755859375, -18.391796875, 74.220703125, 20.072265625])
array('d', [-80.755859375, -18.391796875, 74.220703125, 20.072265625])
array('d', [-80.755859375, -18.391796875, 74.220703125, 20.072265625])
array('d', [-80.8025390625, -19.2787109375, 76.46132812500001, 20.072265625])
array('d', [-81.1759765625, -19.1853515625, 74.36074218750001, 21.285937500000003])
array('d', [-82.4830078125, -19.0453125, 76.4146484375, 21.332617187500002])
array('d', [-82.4830078125, -19.0453125, 76.4146484375, 21.332617187500002])
array('d', [-82.249609375, -20.2123046875, 77.16152343750001, 22.266210937500002])
array('d', [-82.249609375, -20.632421875000002, 74.1740234375, 21.4259765625])
array('d', [-82.623046875, -20.632421875000002, 74.1740234375, 21.4259765625])
array('d', [-82.623046875, -20.632421875000002, 74.1740234375, 21.4259765625])
array('d', [-82.623046875, -20.632421875000002, 74.1740234375, 21.4259765625])
array('d', [-82.623046875, -20.632421875000002, 74.1740234375, 21.4259765625])
array('d', [-82.99648437500001, -21.4259765625, 76.36796875, 22.032812500000002])
array('d', [-83.93007812500001, -19.885546875, 77.16152343750001, 22.032812500000002])
array('d', [-83.6033203125, -21.005859375, 76.5080078125, 23.2931640625])
array('d', [-83.6033203125, -21.005859375, 76.5080078125, 23.2931640625])
array('d', [-85.050390625, -23.33984375, 77.2548828125, 23.666601562500002])
array('d', [-85.1904296875, -23.153125000000003, 77.11484375, 23.1064453125])
array('d', [-84.3501953125, -23.5265625, 76.36796875, 24.133398437500002])
array('d', [-84.3501953125, -23.5265625, 76.36796875, 24.133398437500002])
array('d', [-85.1904296875, -22.0794921875, 76.4146484375, 24.646875])
array('d', [-85.1904296875, -22.0794921875, 76.4146484375, 25.113671875])
array('d', [-86.73085937500001, -23.666601562500002, 76.74140625, 25.113671875])
array('d', [-86.917578125, -23.666601562500002, 76.74140625, 25.113671875])
array('d', [-86.917578125, -23.666601562500002, 76.74140625, 25.113671875])
array('d', [-87.01093750000001, -24.0400390625, 76.18125, 26.3740234375])
array('d', [-87.7578125, -25.4404296875, 76.4146484375, 26.420703125000003])
array('d', [-87.7578125, -25.4404296875, 77.3482421875, 27.2609375])
array('d', [-87.9912109375, -25.113671875, 77.3482421875, 27.2609375])
array('d', [-88.784765625, -26.000585937500002, 77.9083984375, 27.587695312500003])
array('d', [-88.31796875, -26.467382812500002, 78.2818359375, 28.287890625000003])
array('d', [-88.31796875, -26.467382812500002, 78.79531250000001, 29.454882812500003])
array('d', [-88.037890625, -26.887500000000003, 78.79531250000001, 29.454882812500003])
array('d', [-89.06484375000001, -26.5140625, 78.23515625, 28.661328125])
array('d', [-89.06484375000001, -26.5140625, 78.23515625, 28.661328125])
array('d', [-89.06484375000001, -26.5140625, 78.23515625, 28.661328125])
array('d', [-89.11152343750001, -27.07421875, 76.0412109375, 3.54765625])
array('d', [-87.104296875, -3.641015625, 76.0412109375, 3.54765625])
array('d', [-88.64472656250001, 0.046679687500000004, 78.1884765625, -0.1400390625])
array('d', [-87.94453125000001, 0.046679687500000004, 78.1884765625, 1.1669921875])
array('d', [-87.94453125000001, -0.2333984375, 77.3015625, 0.2333984375])
array('d', [-87.71113281250001, -0.56015625, 77.0681640625, 0.2333984375])
array('d', [-87.3376953125, -0.56015625, 77.0681640625, 0.2333984375])
array('d', [-87.24433593750001, 0.8869140625, 77.2548828125, -0.18671875000000002])
array('d', [-87.7578125, -0.2333984375, 76.9748046875, -1.30703125])
array('d', [-87.7578125, -0.56015625, 76.9748046875, 0.2333984375])
array('d', [-88.13125000000001, -0.9802734375000001, 77.3015625, -0.466796875])
array('d', [-87.5244140625, -0.8402343750000001, 77.11484375, 0.653515625])
array('d', [-87.5244140625, -0.8402343750000001, 77.11484375, 0.046679687500000004])
array('d', [-87.8044921875, -0.1400390625, 77.39492187500001, 0.046679687500000004])
array('d', [-87.6177734375, -0.9802734375000001, 77.021484375, -0.466796875])
array('d', [-87.19765625000001, -0.2333984375, 77.021484375, -0.18671875000000002])
array('d', [-87.19765625000001, -0.2333984375, 77.11484375, 0.046679687500000004])
array('d', [-87.19765625000001, -0.7001953125, 77.11484375, 0.046679687500000004])
array('d', [-87.89785156250001, 0.8869140625, 77.0681640625, -0.466796875])
array('d', [-87.47773437500001, -1.2603515625000001, 76.22792968750001, -0.8869140625])
array('d', [-87.8044921875, 0.7468750000000001, 76.8814453125, -0.046679687500000004])
array('d', [-87.8044921875, 0.7468750000000001, 76.8814453125, -0.3267578125])
array('d', [-87.8044921875, -0.2333984375, 76.46132812500001, -0.3267578125])
array('d', [-87.8044921875, -0.2333984375, 76.46132812500001, -0.3267578125])
array('d', [-87.8044921875, -0.2333984375, 76.46132812500001, -0.3267578125])
array('d', [-87.47773437500001, -0.1400390625, 76.5546875, -0.653515625])
array('d', [-87.71113281250001, 0.466796875, 76.69472656250001, 0.2333984375])
array('d', [-86.96425781250001, -0.9802734375000001, 77.48828125, -0.18671875000000002])
array('d', [-87.0576171875, -0.42011718750000004, 76.8814453125, -0.466796875])
array('d', [-87.0576171875, -0.42011718750000004, 76.8814453125, 1.1669921875])
array('d', [-87.24433593750001, -0.56015625, 76.5080078125, 1.1669921875])
array('d', [-87.24433593750001, -0.7001953125, 77.0681640625, 1.1669921875])
array('d', [-87.24433593750001, -0.7001953125, 77.0681640625, -1.1669921875])
array('d', [-87.1509765625, -0.2333984375, 77.11484375, 0.93359375])
array('d', [-87.66445312500001, -0.2333984375, 76.92812500000001, -0.046679687500000004])
array('d', [-87.6177734375, 0.466796875, 76.3212890625, -0.046679687500000004])
array('d', [-87.6177734375, 0.466796875, 76.3212890625, -0.18671875000000002])
array('d', [-87.6177734375, 1.7271484375000001, 76.648046875, -0.18671875000000002])
array('d', [-87.57109375, -0.1400390625, 75.901171875, -0.466796875])
array('d', [-87.57109375, 0.18671875000000002, 76.087890625, 0.7468750000000001])
array('d', [-87.19765625000001, 0.18671875000000002, 76.087890625, 0.7468750000000001])
array('d', [-86.917578125, 0.046679687500000004, 77.11484375, 0.93359375])
array('d', [-87.1509765625, -0.7001953125, 77.11484375, 0.93359375])
array('d', [-87.1509765625, -0.2333984375, 76.6013671875, -0.280078125])
array('d', [-88.17792968750001, -0.2333984375, 76.6013671875, -0.280078125])
array('d', [-87.57109375, 0.37343750000000003, 76.5080078125, 1.0736328125])
array('d', [-87.57109375, 0.37343750000000003, 76.5080078125, 0.653515625])
array('d', [-87.57109375, -1.1203125, 76.5080078125, -0.18671875000000002])
array('d', [-87.104296875, 1.4470703125000002, 76.1345703125, -0.18671875000000002])
array('d', [-87.71113281250001, -0.5134765625000001, 76.1345703125, -0.466796875])
array('d', [-87.71113281250001, -0.5134765625000001, 76.1345703125, -0.466796875])
array('d', [-87.5244140625, 0.046679687500000004, 77.021484375, -0.8869140625])
array('d', [-87.47773437500001, -1.3537109375, 75.62109375, -0.466796875])
array('d', [-87.47773437500001, -0.1400390625, 76.22792968750001, 0.5134765625000001])
array('d', [-87.47773437500001, -0.1400390625, 76.22792968750001, 0.5134765625000001])
array('d', [-87.47773437500001, -0.1400390625, 76.22792968750001, 0.5134765625000001])
array('d', [-87.47773437500001, -0.9802734375000001, 76.648046875, -0.466796875])
array('d', [-87.3376953125, -0.9802734375000001, 76.648046875, -0.466796875])
array('d', [-86.357421875, 0.8869140625, 75.06093750000001, 0.37343750000000003])
array('d', [-86.917578125, 0.8869140625, 75.06093750000001, 0.37343750000000003])
array('d', [-86.917578125, 0.8869140625, 75.06093750000001, 0.37343750000000003])
array('d', [-86.917578125, 0.8869140625, 75.06093750000001, 0.37343750000000003])
array('d', [-86.917578125, -0.9802734375000001, 76.0412109375, 1.1669921875])
array('d', [-87.6177734375, -1.6804687500000002, 75.9478515625, 0.37343750000000003])
array('d', [-87.24433593750001, -1.3537109375, 76.274609375, 0.7468750000000001])
array('d', [-87.24433593750001, -1.3537109375, 76.274609375, 0.7468750000000001])
array('d', [-87.24433593750001, -1.3537109375, 76.274609375, 0.7468750000000001])
array('d', [-87.24433593750001, 0.466796875, 75.3876953125, -0.8869140625])
array('d', [-87.57109375, 0.466796875, 76.18125, 0.5134765625000001])
array('d', [-87.57109375, -0.56015625, 75.99453125000001, 0.2333984375])
array('d', [-87.57109375, -0.56015625, 75.99453125000001, 0.2333984375])
array('d', [-87.57109375, -0.56015625, 75.99453125000001, 0.2333984375])
array('d', [-87.57109375, -0.56015625, 75.99453125000001, 0.2333984375])
array('d', [-86.917578125, -0.1400390625, 76.5080078125, 0.046679687500000004])
array('d', [-86.917578125, -0.1400390625, 76.9748046875, -0.18671875000000002])
array('d', [-86.77753906250001, -0.2333984375, 76.9748046875, -0.18671875000000002])
array('d', [-86.73085937500001, -1.2603515625000001, 76.648046875, -0.046679687500000004])
array('d', [-87.104296875, 0.18671875000000002, 76.22792968750001, -0.046679687500000004])
array('d', [-87.8044921875, -0.5134765625000001, 75.8078125, -0.8869140625])
array('d', [-87.8044921875, -0.5134765625000001, 75.8078125, -0.8869140625])
array('d', [-87.8044921875, -0.2333984375, 76.9748046875, -0.046679687500000004])
array('d', [-87.43105468750001, 0.280078125, 75.341015625, 3.0341796875])
array('d', [-87.43105468750001, 0.280078125, 75.341015625, 0.37343750000000003])
array('d', [-87.0576171875, 0.18671875000000002, 75.1076171875, 0.37343750000000003])
array('d', [-86.73085937500001, -0.7001953125, 75.2009765625, -0.3267578125])
array('d', [-87.104296875, -0.9802734375000001, 75.1076171875, 0.653515625])
array('d', [-87.1509765625, -0.2333984375, 77.11484375, 0.37343750000000003])
array('d', [-86.77753906250001, 0.18671875000000002, 75.3876953125, 0.2333984375])
array('d', [-86.77753906250001, 0.56015625, 75.62109375, 0.2333984375])
array('d', [-86.77753906250001, 0.56015625, 75.62109375, 0.2333984375])
array('d', [-87.24433593750001, 0.3267578125, 75.8544921875, 1.0736328125])
array('d', [-86.917578125, -0.2333984375, 76.22792968750001, 1.0736328125])
array('d', [-86.5908203125, -0.1400390625, 75.714453125, 0.5134765625000001])
array('d', [-86.5908203125, 1.1669921875, 76.648046875, -0.18671875000000002])
array('d', [-86.77753906250001, 1.1669921875, 76.648046875, -0.18671875000000002])
array('d', [-87.1509765625, 0.046679687500000004, 75.5744140625, -1.1669921875])
array('d', [-87.24433593750001, 0.046679687500000004, 75.3876953125, -1.1669921875])
array('d', [-87.24433593750001, -0.2333984375, 75.341015625, 0.42011718750000004])
array('d', [-86.54414062500001, 0.56015625, 75.52773437500001, -0.046679687500000004])
array('d', [-86.54414062500001, 0.56015625, 75.52773437500001, -0.466796875])
array('d', [-86.54414062500001, 0.56015625, 75.52773437500001, -0.466796875])
array('d', [-86.54414062500001, 0.56015625, 75.52773437500001, -0.466796875])
array('d', [-87.0576171875, 0.3267578125, 73.9873046875, -0.466796875])
array('d', [-87.5244140625, -0.2333984375, 75.341015625, -1.1669921875])
array('d', [-87.0576171875, -0.9802734375000001, 76.18125, -0.8869140625])
array('d', [-87.0576171875, -0.9802734375000001, 76.18125, -0.8869140625])
array('d', [-87.0576171875, -0.9802734375000001, 76.18125, -0.8869140625])
array('d', [-86.31074218750001, -0.37343750000000003, 75.62109375, 0.046679687500000004])
array('d', [-86.77753906250001, -0.2333984375, 74.50078125, -0.8869140625])
array('d', [-86.77753906250001, -0.2333984375, 75.0142578125, -0.466796875])
array('d', [-86.77753906250001, -0.2333984375, 75.0142578125, -0.466796875])
array('d', [-86.77753906250001, -0.2333984375, 75.0142578125, -0.466796875])
array('d', [-86.77753906250001, -0.2333984375, 75.0142578125, -0.466796875])
array('d', [-87.3376953125, 0.466796875, 74.6408203125, -1.1669921875])
array('d', [-87.3376953125, 0.466796875, 74.6408203125, -0.280078125])
array('d', [-86.49746093750001, 0.6068359375, 74.1740234375, -0.280078125])
array('d', [-86.49746093750001, 0.6068359375, 74.1740234375, -0.280078125])
array('d', [-86.49746093750001, 0.6068359375, 74.1740234375, -0.280078125])
array('d', [-86.49746093750001, 0.6068359375, 74.1740234375, -0.280078125])
array('d', [-87.01093750000001, -0.37343750000000003, 74.9208984375, 0.2333984375])
array('d', [-86.917578125, 0.18671875000000002, 76.22792968750001, 0.2333984375])
array('d', [-87.8044921875, -0.9802734375000001, 75.3876953125, -0.18671875000000002])
array('d', [-87.8044921875, -0.9802734375000001, 75.3876953125, -0.18671875000000002])
array('d', [-87.57109375, -1.2603515625000001, 75.06093750000001, -2.9875000000000003])
array('d', [-87.47773437500001, 0.466796875, 76.0412109375, 0.2333984375])
array('d', [-87.3376953125, 0.046679687500000004, 75.714453125, -0.18671875000000002])
array('d', [-87.3376953125, 0.046679687500000004, 75.714453125, -0.18671875000000002])
array('d', [-87.3376953125, 0.046679687500000004, 75.714453125, -0.18671875000000002])
array('d', [-87.3376953125, 0.466796875, 76.22792968750001, -1.30703125])
array('d', [-87.0576171875, 1.30703125, 74.967578125, -0.7468750000000001])
array('d', [-87.0576171875, 1.30703125, 75.8078125, -0.7468750000000001])
array('d', [-87.0576171875, 1.30703125, 75.8078125, -0.7468750000000001])
array('d', [-86.6375, -0.2333984375, 75.341015625, 0.5134765625000001])
array('d', [-86.4041015625, 0.18671875000000002, 75.1076171875, -0.046679687500000004])
array('d', [-86.4041015625, 0.18671875000000002, 75.1076171875, -0.046679687500000004])
array('d', [-87.104296875, 0.046679687500000004, 75.76113281250001, -0.18671875000000002])
array('d', [-86.73085937500001, 0.37343750000000003, 74.7341796875, -0.466796875])
array('d', [-86.73085937500001, 0.7468750000000001, 75.99453125000001, 1.0736328125])
array('d', [-86.73085937500001, 0.7468750000000001, 75.99453125000001, 1.0736328125])
array('d', [-86.73085937500001, 0.7468750000000001, 75.99453125000001, 1.0736328125])
array('d', [-86.170703125, 1.1669921875, 75.2009765625, 0.93359375])
array('d', [-87.384375, -0.5134765625000001, 75.99453125000001, -0.653515625])
array('d', [-87.384375, -0.5134765625000001, 75.99453125000001, -0.653515625])
array('d', [-87.384375, -0.5134765625000001, 75.99453125000001, -0.653515625])
array('d', [-86.49746093750001, -0.7001953125, 75.341015625, 0.2333984375])
array('d', [-87.0576171875, 1.0269531250000001, 76.834765625, 1.3537109375])
array('d', [-88.0845703125, -0.56015625, 74.82753906250001, 0.5134765625000001])
array('d', [-85.9373046875, -0.7001953125, 74.407421875, -0.18671875000000002])
array('d', [-85.9373046875, -0.7001953125, 74.967578125, 0.7468750000000001])
array('d', [-86.45078125, 0.18671875000000002, 74.967578125, 0.7468750000000001])
array('d', [-87.19765625000001, 0.046679687500000004, 75.4810546875, 0.2333984375])
array('d', [-87.104296875, 0.466796875, 76.1345703125, -1.400390625])
array('d', [-87.104296875, 0.466796875, 75.4810546875, 0.2333984375])
array('d', [-86.357421875, 0.046679687500000004, 75.4810546875, 0.2333984375])
array('d', [-86.357421875, 0.046679687500000004, 75.4810546875, 0.2333984375])
array('d', [-86.357421875, 0.18671875000000002, 75.341015625, 0.2333984375])
array('d', [-86.6841796875, 0.046679687500000004, 75.5744140625, -0.18671875000000002])
array('d', [-86.45078125, 0.8869140625, 75.0142578125, -0.466796875])
array('d', [-86.45078125, -1.6804687500000002, 73.6138671875, -0.7468750000000001])
array('d', [-86.6841796875, -1.6804687500000002, 73.6138671875, -0.7468750000000001])
array('d', [-86.8708984375, 0.046679687500000004, 75.154296875, 0.93359375])
array('d', [-87.24433593750001, -0.1400390625, 76.3212890625, -0.7468750000000001])
array('d', [-86.73085937500001, 0.18671875000000002, 74.5474609375, 1.0736328125])
array('d', [-86.73085937500001, 0.8869140625, 74.6408203125, 0.2333984375])
array('d', [-87.384375, 0.8869140625, 74.5474609375, -0.8869140625])
array('d', [-86.54414062500001, -0.2333984375, 76.18125, 0.5134765625000001])
array('d', [-87.7578125, 0.046679687500000004, 76.18125, -0.046679687500000004])
array('d', [-87.47773437500001, 0.18671875000000002, 75.2009765625, 2.0072265625])
array('d', [-87.3376953125, -1.3537109375, 75.52773437500001, -0.046679687500000004])
array('d', [-87.851171875, 0.18671875000000002, 75.2009765625, -0.18671875000000002])
array('d', [-86.73085937500001, 0.466796875, 74.6408203125, 0.466796875])
array('d', [-85.7505859375, 0.18671875000000002, 75.06093750000001, 0.2333984375])
array('d', [-87.43105468750001, -0.37343750000000003, 75.06093750000001, -0.18671875000000002])
array('d', [-87.0576171875, 0.046679687500000004, 75.06093750000001, -0.18671875000000002])
array('d', [-87.0576171875, 0.046679687500000004, 75.29433593750001, -0.466796875])
array('d', [-86.03066406250001, 0.18671875000000002, 75.29433593750001, -0.046679687500000004])
array('d', [-86.45078125, 0.046679687500000004, 75.0142578125, -0.18671875000000002])
array('d', [-86.45078125, 0.046679687500000004, 75.0142578125, -0.18671875000000002])
array('d', [-87.01093750000001, -0.2333984375, 75.1076171875, -0.466796875])
array('d', [-87.291015625, 0.0, 74.9208984375, -0.0])
array('d', [-85.70390625, -0.2333984375, 75.341015625, 0.2333984375])
array('d', [-85.70390625, -0.2333984375, 75.341015625, 0.2333984375])
array('d', [-85.70390625, -0.37343750000000003, 74.3140625, -0.046679687500000004])
array('d', [-85.890625, -0.37343750000000003, 75.4810546875, 0.2333984375])
array('d', [-86.45078125, 0.8869140625, 75.4810546875, 0.2333984375])
array('d', [-86.31074218750001, 0.8869140625, 75.4810546875, 0.8869140625])
array('d', [-86.8708984375, 0.6068359375, 74.7341796875, 0.466796875])
array('d', [-87.3376953125, 0.8869140625, 75.8078125, 1.1203125])
array('d', [-87.3376953125, 0.8869140625, 75.8078125, 1.1203125])
array('d', [-87.3376953125, 0.8869140625, 75.8078125, 1.1203125])
array('d', [-86.31074218750001, 1.0269531250000001, 73.473828125, 0.653515625])
array('d', [-86.31074218750001, -0.9802734375000001, 75.52773437500001, -0.466796875])
array('d', [-86.31074218750001, -0.2333984375, 75.2009765625, -0.18671875000000002])
array('d', [-86.31074218750001, -0.2333984375, 75.2009765625, -0.18671875000000002])
array('d', [-86.31074218750001, -0.2333984375, 75.2009765625, -0.18671875000000002])
array('d', [-87.384375, -0.2333984375, 75.2009765625, -0.8869140625])
array('d', [-85.6572265625, -0.09335937500000001, 75.8078125, -0.8869140625])
array('d', [-86.1240234375, -0.5134765625000001, 74.7341796875, -0.046679687500000004])
array('d', [-86.1240234375, -0.7935546875, 75.8078125, -0.8869140625])
array('d', [-85.9373046875, -0.09335937500000001, 73.847265625, -0.8869140625])
array('d', [-87.19765625000001, -0.7001953125, 74.220703125, -0.466796875])
array('d', [-87.19765625000001, -0.7001953125, 74.220703125, -0.466796875])
array('d', [-87.19765625000001, -0.7001953125, 74.220703125, -0.466796875])
array('d', [-87.0576171875, -0.37343750000000003, 74.5474609375, 1.587109375])
array('d', [-86.73085937500001, 0.18671875000000002, 75.5744140625, -0.7468750000000001])
array('d', [-86.1240234375, -0.7935546875, 73.6138671875, -0.046679687500000004])
array('d', [-86.8708984375, -0.5134765625000001, 75.52773437500001, 0.8402343750000001])
array('d', [-86.49746093750001, -0.2333984375, 75.4810546875, 0.8869140625])
array('d', [-85.9373046875, -0.2333984375, 74.7341796875, -0.046679687500000004])
array('d', [-86.03066406250001, -1.0736328125, 73.9873046875, 0.2333984375])
array('d', [-86.03066406250001, 0.466796875, 75.4810546875, 0.2333984375])
array('d', [-86.77753906250001, 0.466796875, 76.6013671875, -0.18671875000000002])
array('d', [-86.170703125, 1.30703125, 76.648046875, -1.0736328125])
array('d', [-86.5908203125, 0.9802734375000001, 74.36074218750001, -0.8869140625])
array('d', [-86.5908203125, 0.9802734375000001, 75.8544921875, -0.8869140625])
array('d', [-86.5908203125, 1.1669921875, 74.4541015625, 0.280078125])
array('d', [-87.1509765625, -0.9802734375000001, 74.4541015625, 0.280078125])
array('d', [-86.5908203125, -0.7001953125, 74.82753906250001, 0.280078125])
array('d', [-86.49746093750001, 0.0, 74.4541015625, -0.7468750000000001])
array('d', [-87.104296875, 0.18671875000000002, 75.2009765625, -0.18671875000000002])
array('d', [-86.07734375000001, -0.09335937500000001, 75.2009765625, -0.18671875000000002])
array('d', [-86.07734375000001, -0.09335937500000001, 75.2009765625, -0.18671875000000002])
array('d', [-86.07734375000001, -0.09335937500000001, 74.4541015625, -0.466796875])
array('d', [-85.9373046875, 0.6068359375, 74.50078125, -0.18671875000000002])
array('d', [-86.07734375000001, -0.9802734375000001, 75.62109375, -0.18671875000000002])
array('d', [-86.07734375000001, -1.213671875, 75.62109375, -0.18671875000000002])
array('d', [-86.2173828125, -0.09335937500000001, 75.99453125000001, -0.466796875])
array('d', [-86.82421875, -0.7001953125, 75.6677734375, -1.587109375])
array('d', [-86.82421875, -0.7001953125, 75.6677734375, -1.587109375])
array('d', [-86.82421875, -0.2333984375, 74.967578125, -0.8869140625])
array('d', [-86.82421875, -0.9802734375000001, 76.087890625, 0.2333984375])
array('d', [-86.82421875, 0.8869140625, 74.6408203125, 0.2333984375])
array('d', [-86.82421875, 0.8869140625, 73.2404296875, -0.8869140625])
array('d', [-85.70390625, -0.2333984375, 73.2404296875, -0.466796875])
array('d', [-85.70390625, -0.2333984375, 73.2404296875, -0.466796875])
array('d', [-86.917578125, -0.7935546875, 75.2009765625, 1.0736328125])
array('d', [-86.917578125, 0.8869140625, 74.407421875, 0.1400390625])
array('d', [-86.917578125, 0.8869140625, 74.407421875, 0.1400390625])
array('d', [-86.917578125, 0.8869140625, 74.407421875, 0.1400390625])
array('d', [-86.54414062500001, 1.4470703125000002, 74.9208984375, -0.18671875000000002])
array('d', [-86.73085937500001, 0.0, 74.6408203125, 1.30703125])
array('d', [-85.890625, -0.9802734375000001, 73.5205078125, -1.3537109375])
array('d', [-85.890625, -0.9802734375000001, 73.5205078125, -1.3537109375])
array('d', [-85.890625, -0.9802734375000001, 74.6875, -0.280078125])
array('d', [-86.917578125, 0.6068359375, 74.6875, 1.1203125])
array('d', [-86.31074218750001, -0.7001953125, 73.89394531250001, 1.1203125])
array('d', [-86.31074218750001, -0.7001953125, 73.89394531250001, 1.1203125])
array('d', [-86.31074218750001, -0.7001953125, 73.89394531250001, 1.1203125])
array('d', [-86.917578125, 0.18671875000000002, 75.154296875, -0.466796875])
array('d', [-86.26406250000001, 0.8869140625, 73.9873046875, 0.466796875])
array('d', [-85.84394531250001, 0.8869140625, 74.4541015625, 0.42011718750000004])
array('d', [-85.84394531250001, 0.8869140625, 74.4541015625, 0.42011718750000004])
array('d', [-86.82421875, -0.37343750000000003, 74.12734375000001, -1.587109375])
array('d', [-85.84394531250001, -0.7001953125, 75.2009765625, 0.56015625])
array('d', [-85.84394531250001, -0.2333984375, 74.2673828125, -0.046679687500000004])
array('d', [-85.84394531250001, -0.2333984375, 74.2673828125, -0.046679687500000004])
array('d', [-85.84394531250001, -0.2333984375, 74.2673828125, -0.046679687500000004])
array('d', [-85.84394531250001, -0.2333984375, 74.2673828125, -0.046679687500000004])
array('d', [-85.423828125, -0.2333984375, 73.100390625, -0.0])
array('d', [-86.357421875, 0.18671875000000002, 73.100390625, -0.0])
array('d', [-87.24433593750001, 1.1669921875, 74.6408203125, -1.8205078125])
array('d', [-85.33046875000001, 0.6068359375, 75.0142578125, -0.046679687500000004])
array('d', [-85.33046875000001, 0.6068359375, 75.0142578125, 0.653515625])
array('d', [-87.47773437500001, 0.18671875000000002, 75.3876953125, 0.653515625])
array('d', [-88.037890625, -1.3537109375, 76.69472656250001, 2.333984375])
array('d', [-88.64472656250001, -2.333984375, 76.274609375, 2.6140625])
array('d', [-89.81171875000001, -2.8474609375, 77.581640625, 2.7541015625000003])
array('d', [-90.4185546875, -2.707421875, 76.1345703125, 2.7541015625000003])
array('d', [-90.4185546875, -2.707421875, 77.4416015625, 3.734375])
array('d', [-90.6052734375, -4.29453125, 79.2154296875, 3.8744140625])
array('d', [-91.11875, -4.29453125, 79.2154296875, 3.8744140625])
array('d', [-91.39882812500001, -4.2478515625, 79.26210937500001, 5.6482421875])
array('d', [-91.11875, -5.4615234375, 79.1220703125, 6.3951171875])
array('d', [-92.14570312500001, -4.948046875, 79.72890625000001, 6.3951171875])
array('d', [-92.42578125, -6.1150390625, 80.6158203125, 7.7955078125])
array('d', [-92.79921875000001, -5.7416015625000005, 81.82949218750001, 7.7955078125])
array('d', [-93.359375, -6.815234375, 83.1365234375, 7.935546875])
array('d', [-93.359375, -6.815234375, 83.1365234375, 7.935546875])
array('d', [-92.61250000000001, -7.1419921875000005, 81.502734375, 8.1689453125])
array('d', [-95.03984375, -7.0953125, 82.9498046875, 8.1689453125])
array('d', [-95.03984375, -7.0953125, 82.9498046875, 8.8224609375])
array('d', [-94.9931640625, -7.28203125, 81.96953125, 8.8224609375])
array('d', [-94.1529296875, -8.2623046875, 82.6697265625, 10.0361328125])
array('d', [-94.1529296875, -9.1958984375, 82.71640625, 8.449023437500001])
array('d', [-96.90703125, -9.1958984375, 82.71640625, 8.449023437500001])
array('d', [-96.16015625, -9.3359375, 82.249609375, 10.316210937500001])
array('d', [-96.81367187500001, -9.7560546875, 82.4830078125, 10.5962890625])
array('d', [-96.81367187500001, -9.7560546875, 82.6697265625, 11.669921875])
array('d', [-98.2607421875, -10.362890625, 82.6697265625, 11.669921875])
array('d', [-98.2607421875, -10.362890625, 82.6697265625, 11.669921875])
array('d', [-98.2607421875, -10.362890625, 82.6697265625, 11.669921875])
array('d', [-97.93398437500001, -10.736328125, 82.3896484375, 12.8369140625])
array('d', [-97.840625, -11.6232421875, 81.82949218750001, 11.38984375])
array('d', [-97.840625, -11.6232421875, 81.82949218750001, 12.9302734375])
array('d', [-98.0740234375, -11.576562500000001, 83.46328125000001, 12.9302734375])
array('d', [-99.14765625000001, -11.716601562500001, 83.50996093750001, 11.950000000000001])
array('d', [-99.33437500000001, -12.3701171875, 84.116796875, 14.610742187500001])
array('d', [-99.33437500000001, -13.0703125, 82.76308593750001, 14.8908203125])
array('d', [-99.33437500000001, -13.0703125, 82.76308593750001, 14.8908203125])
array('d', [-99.33437500000001, -13.0703125, 82.76308593750001, 14.8908203125])
array('d', [-99.0076171875, -13.0703125, 82.76308593750001, 15.310937500000001])
array('d', [-100.4080078125, -12.883593750000001, 83.46328125000001, 15.310937500000001])
array('d', [-99.56777343750001, -13.350390625000001, 84.303515625, 15.7310546875])
array('d', [-99.56777343750001, -13.350390625000001, 84.303515625, 15.7310546875])
array('d', [-100.6880859375, -13.3037109375, 82.623046875, 15.217578125000001])
array('d', [-100.4080078125, -13.677148437500001, 81.1759765625, 15.49765625])
array('d', [-100.4080078125, -13.723828125, 81.5494140625, 16.337890625])
array('d', [-100.4080078125, -13.723828125, 81.5494140625, 16.337890625])
array('d', [-99.7078125, -13.3970703125, 82.249609375, 17.458203125])
array('d', [-99.7078125, -13.3970703125, 81.1759765625, 17.7849609375])
array('d', [-99.241015625, -14.190625, 81.1759765625, 17.7849609375])
array('d', [-99.427734375, -13.443750000000001, 80.5224609375, 19.465429687500002])
array('d', [-100.828125, -14.283984375000001, 79.6822265625, 21.6126953125])
array('d', [-100.828125, -14.283984375000001, 80.47578125, 20.72578125])
array('d', [-99.33437500000001, -14.4240234375, 80.47578125, 19.885546875])
array('d', [-101.108203125, -14.470703125, 79.4021484375, 19.885546875])
array('d', [-100.2212890625, -14.657421875, 79.26210937500001, 20.258984375])
array('d', [-100.921484375, -15.49765625, 79.5888671875, 22.8263671875])
array('d', [-100.921484375, -15.49765625, 79.5888671875, 22.8263671875])
array('d', [-102.18183593750001, -15.591015625, 80.2423828125, 22.0794921875])
array('d', [-102.18183593750001, -15.591015625, 80.2423828125, 23.199804687500002])
array('d', [-101.6216796875, -17.0380859375, 79.7755859375, 23.199804687500002])
array('d', [-101.6216796875, -17.0380859375, 79.7755859375, 23.199804687500002])
array('d', [-102.6953125, -17.2248046875, 80.19570312500001, 24.6935546875])
array('d', [-102.41523437500001, -17.5048828125, 80.19570312500001, 23.9466796875])
array('d', [-103.11542968750001, -17.5048828125, 80.19570312500001, 23.9466796875])
array('d', [-103.11542968750001, -17.5048828125, 80.19570312500001, 23.9466796875])
array('d', [-104.1890625, -17.7849609375, 79.8689453125, 21.379296875])
array('d', [-103.34882812500001, -17.8783203125, 80.66250000000001, 23.199804687500002])
array('d', [-103.34882812500001, -17.8783203125, 81.36269531250001, 25.487109375000003])
array('d', [-103.34882812500001, -17.8783203125, 81.36269531250001, 25.487109375000003])
array('d', [-103.34882812500001, -17.8783203125, 81.36269531250001, 25.487109375000003])
array('d', [-103.722265625, -18.4384765625, 80.66250000000001, 26.934179687500002])
array('d', [-104.51582031250001, -19.0453125, 80.2890625, 26.187304687500003])
array('d', [-104.51582031250001, -19.1853515625, 81.59609375000001, 26.187304687500003])
array('d', [-104.1423828125, -19.1853515625, 81.59609375000001, 25.8138671875])
array('d', [-104.04902343750001, -20.1189453125, 81.689453125, 28.4279296875])
array('d', [-105.5427734375, -19.7455078125, 80.84921875, 27.3076171875])
array('d', [-105.5427734375, -19.7455078125, 80.84921875, 27.3076171875])
array('d', [-105.5427734375, -19.7455078125, 80.84921875, 27.3076171875])
array('d', [-105.5427734375, -19.7455078125, 80.84921875, 27.3076171875])
array('d', [-104.98261718750001, -19.7921875, 80.42910156250001, 28.4279296875])
array('d', [-104.98261718750001, -19.7921875, 80.19570312500001, 29.1748046875])
array('d', [-104.98261718750001, -18.85859375, 80.19570312500001, 29.1748046875])
array('d', [-104.98261718750001, -18.85859375, 80.1490234375, 29.1748046875])
array('d', [-105.40273437500001, -21.052539062500003, 80.1490234375, 29.5482421875])
array('d', [-106.6630859375, -21.099218750000002, 79.5888671875, 29.5482421875])
array('d', [-106.4763671875, -21.099218750000002, 79.35546875, 29.968359375000002])
array('d', [-106.4763671875, -21.099218750000002, 79.35546875, 29.968359375000002])
array('d', [-107.55000000000001, -21.4259765625, 79.7755859375, 29.875])
array('d', [-107.1298828125, -22.266210937500002, 80.008984375, 31.368750000000002])
array('d', [-107.1298828125, -22.266210937500002, 79.5421875, 33.2359375])
array('d', [-106.56972656250001, -22.266210937500002, 79.5421875, 33.2359375])
array('d', [-107.8767578125, -23.4798828125, 79.72890625000001, 33.9828125])
array('d', [-105.2626953125, -2.9408203125, 77.16152343750001, 4.387890625])
array('d', [-106.1962890625, -0.2333984375, 79.5888671875, 1.1203125])
array('d', [-106.14960937500001, -1.8671875, 79.5421875, 2.8474609375])
array('d', [-106.14960937500001, -0.8869140625, 79.96230468750001, 0.653515625])
array('d', [-105.5427734375, -0.8869140625, 79.96230468750001, 0.653515625])
array('d', [-103.4888671875, 0.2333984375, 78.79531250000001, 1.4470703125000002])
array('d', [-103.62890625, 0.0, 79.075390625, 1.4470703125000002])
array('d', [-103.908984375, 0.653515625, 79.26210937500001, 0.653515625])
array('d', [-103.62890625, 0.5134765625000001, 78.7486328125, 1.4470703125000002])
array('d', [-103.30214843750001, 1.2603515625000001, 78.6552734375, 0.7001953125])
array('d', [-102.6953125, 0.466796875, 78.8419921875, 0.9802734375000001])
array('d', [-102.6953125, 0.466796875, 80.42910156250001, 1.30703125])
array('d', [-102.2751953125, 0.6068359375, 80.42910156250001, 1.30703125])
array('d', [-102.13515625000001, 0.6068359375, 79.448828125, 0.42011718750000004])
array('d', [-101.294921875, 0.56015625, 79.5421875, 0.5134765625000001])
array('d', [-101.294921875, 0.93359375, 79.448828125, 0.8869140625])
array('d', [-102.36855468750001, 0.93359375, 79.448828125, 1.213671875])
array('d', [-103.0220703125, 0.5134765625000001, 78.6552734375, 1.213671875])
array('d', [-103.0220703125, 0.5134765625000001, 78.6552734375, 1.213671875])
array('d', [-103.0220703125, 0.5134765625000001, 78.6552734375, 1.213671875])
array('d', [-103.2087890625, -0.09335937500000001, 79.02871093750001, 1.0736328125])
array('d', [-102.041796875, 0.6068359375, 79.5421875, 1.0269531250000001])
array('d', [-102.13515625000001, 0.653515625, 78.32851562500001, -0.09335937500000001])
array('d', [-102.13515625000001, 0.653515625, 78.32851562500001, -0.09335937500000001])
array('d', [-102.788671875, 0.37343750000000003, 78.9353515625, -0.09335937500000001])
array('d', [-102.228515625, 0.1400390625, 79.1220703125, -0.046679687500000004])
array('d', [-102.228515625, 0.1400390625, 79.2154296875, -0.3267578125])
array('d', [-102.228515625, 0.1400390625, 79.2154296875, -0.3267578125])
array('d', [-102.228515625, 0.1400390625, 79.2154296875, -0.3267578125])
array('d', [-102.228515625, 0.1400390625, 79.2154296875, -0.3267578125])
array('d', [-101.38828125, -0.280078125, 79.2154296875, -0.0])
array('d', [-102.41523437500001, -0.466796875, 78.9353515625, -0.0])
array('d', [-102.41523437500001, 0.37343750000000003, 78.98203125, -0.6068359375])
array('d', [-102.41523437500001, 0.37343750000000003, 78.98203125, -0.6068359375])
array('d', [-102.41523437500001, 0.37343750000000003, 78.98203125, -0.6068359375])
array('d', [-103.11542968750001, 0.1400390625, 79.2154296875, -0.046679687500000004])
array('d', [-102.18183593750001, 0.7935546875, 79.075390625, 0.280078125])
array('d', [-102.18183593750001, 0.7935546875, 79.448828125, 0.046679687500000004])
array('d', [-102.18183593750001, 0.7935546875, 79.448828125, 0.046679687500000004])
array('d', [-102.18183593750001, 0.7935546875, 79.448828125, 0.046679687500000004])
array('d', [-101.20156250000001, -0.09335937500000001, 79.49550781250001, 0.466796875])
array('d', [-102.41523437500001, -0.09335937500000001, 79.49550781250001, 0.466796875])
array('d', [-102.975390625, 0.1400390625, 79.2154296875, 0.046679687500000004])
array('d', [-102.975390625, 0.18671875000000002, 78.701953125, -0.046679687500000004])
array('d', [-102.788671875, 0.18671875000000002, 78.888671875, 0.1400390625])
array('d', [-103.0220703125, 0.1400390625, 78.888671875, 0.1400390625])
array('d', [-102.60195312500001, 0.37343750000000003, 79.1220703125, 0.1400390625])
array('d', [-101.43496093750001, -0.046679687500000004, 79.02871093750001, 0.1400390625])
array('d', [-101.43496093750001, -0.046679687500000004, 79.02871093750001, 0.2333984375])
array('d', [-101.8083984375, -0.09335937500000001, 78.421875, 0.2333984375])
array('d', [-105.40273437500001, -0.046679687500000004, 78.421875, 0.2333984375])
array('d', [-105.40273437500001, -0.046679687500000004, 78.421875, 0.2333984375])
array('d', [-102.228515625, 0.1400390625, 78.4685546875, 0.2333984375])
array('d', [-102.228515625, 0.42011718750000004, 77.581640625, 0.1400390625])
array('d', [-102.321875, 0.42011718750000004, 77.581640625, 0.1400390625])
array('d', [-102.321875, 0.42011718750000004, 77.581640625, 0.1400390625])
array('d', [-102.321875, 0.42011718750000004, 77.581640625, 0.1400390625])
array('d', [-102.9287109375, 0.5134765625000001, 80.0556640625, 0.1400390625])
array('d', [-102.788671875, 0.1400390625, 78.32851562500001, 0.2333984375])
array('d', [-102.64863281250001, -0.1400390625, 78.98203125, 0.1400390625])
array('d', [-102.64863281250001, -0.1400390625, 78.2818359375, -0.046679687500000004])
array('d', [-101.855078125, -0.1400390625, 78.2818359375, -0.046679687500000004])
array('d', [-103.0220703125, 0.56015625, 77.48828125, -0.1400390625])
array('d', [-102.6953125, 0.1400390625, 77.9083984375, -0.1400390625])
array('d', [-102.6953125, 0.1400390625, 78.98203125, -0.280078125])
array('d', [-102.6953125, 0.5134765625000001, 78.98203125, -0.280078125])
array('d', [-101.575, 0.280078125, 77.955078125, 0.5134765625000001])
array('d', [-101.575, 0.280078125, 77.955078125, -0.280078125])
array('d', [-103.722265625, -0.1400390625, 78.6552734375, -0.280078125])
array('d', [-102.36855468750001, 0.280078125, 79.35546875, 0.046679687500000004])
array('d', [-102.36855468750001, 0.42011718750000004, 78.701953125, 0.09335937500000001])
array('d', [-101.48164062500001, 0.42011718750000004, 78.701953125, 0.09335937500000001])
array('d', [-101.66835937500001, 0.0, 78.701953125, -0.0])
array('d', [-102.321875, 0.1400390625, 77.3015625, -0.1400390625])
array('d', [-102.321875, 0.1400390625, 77.3015625, 0.56015625])
array('d', [-102.321875, 0.1400390625, 77.3015625, 0.56015625])
array('d', [-102.321875, 0.1400390625, 77.3015625, 0.56015625])
array('d', [-102.321875, 0.1400390625, 77.3015625, 0.56015625])
array('d', [-103.3955078125, -0.046679687500000004, 78.09511718750001, 0.5134765625000001])
array('d', [-101.66835937500001, 0.18671875000000002, 78.09511718750001, 0.5134765625000001])
array('d', [-101.108203125, -0.18671875000000002, 78.8419921875, 0.09335937500000001])
array('d', [-101.108203125, -0.18671875000000002, 78.8419921875, 0.09335937500000001])
array('d', [-102.788671875, -0.18671875000000002, 78.8419921875, 0.09335937500000001])
array('d', [-101.1548828125, -0.09335937500000001, 78.23515625, -0.280078125])
array('d', [-103.11542968750001, 0.466796875, 79.26210937500001, 0.653515625])
array('d', [-103.11542968750001, 0.0, 78.141796875, 0.5134765625000001])
array('d', [-102.2751953125, 0.0, 78.141796875, 0.1400390625])
array('d', [-102.60195312500001, -0.280078125, 78.421875, 0.1400390625])
array('d', [-102.6953125, -0.6068359375, 78.6552734375, 0.1400390625])
array('d', [-102.6953125, -0.6068359375, 78.6552734375, -0.18671875000000002])
array('d', [-100.96816406250001, 0.09335937500000001, 80.2423828125, -0.18671875000000002])
array('d', [-101.575, -0.7001953125, 79.1220703125, 0.42011718750000004])
array('d', [-102.321875, 0.0, 77.4416015625, -0.046679687500000004])
array('d', [-101.6216796875, 0.3267578125, 78.0017578125, -0.046679687500000004])
array('d', [-101.6216796875, 0.3267578125, 78.0017578125, -0.046679687500000004])
array('d', [-101.575, 0.09335937500000001, 79.6822265625, 0.42011718750000004])
array('d', [-101.575, 0.09335937500000001, 79.6822265625, 0.42011718750000004])
array('d', [-101.575, 0.09335937500000001, 79.6822265625, 0.42011718750000004])
array('d', [-101.6216796875, -0.280078125, 79.2154296875, -0.1400390625])
array('d', [-101.6216796875, 0.3267578125, 77.581640625, -0.2333984375])
array('d', [-102.18183593750001, 0.3267578125, 77.581640625, -0.2333984375])
array('d', [-101.48164062500001, 0.3267578125, 79.075390625, 0.046679687500000004])
array('d', [-101.76171875, -0.046679687500000004, 77.3482421875, -0.18671875000000002])
array('d', [-101.76171875, -0.046679687500000004, 77.3482421875, -0.18671875000000002])
array('d', [-101.9951171875, 0.09335937500000001, 80.5224609375, -0.18671875000000002])
array('d', [-101.24824218750001, 0.09335937500000001, 80.5224609375, -0.18671875000000002])
array('d', [-101.24824218750001, 0.09335937500000001, 80.5224609375, -0.18671875000000002])
array('d', [-101.24824218750001, 0.37343750000000003, 78.4685546875, 0.2333984375])
array('d', [-102.321875, -0.046679687500000004, 79.4021484375, -0.18671875000000002])
array('d', [-101.76171875, -0.280078125, 77.955078125, -0.2333984375])
array('d', [-101.76171875, -0.280078125, 77.955078125, -0.2333984375])
array('d', [-101.76171875, -0.280078125, 77.955078125, -0.2333984375])
array('d', [-101.76171875, -0.280078125, 77.955078125, -0.2333984375])
array('d', [-101.8083984375, -0.5134765625000001, 78.0484375, 0.2333984375])
array('d', [-101.8083984375, 0.0, 77.675, -0.0])
array('d', [-100.54804687500001, 0.0, 77.675, 0.2333984375])
array('d', [-100.54804687500001, 0.0, 77.675, 0.2333984375])
array('d', [-101.01484375000001, 0.18671875000000002, 78.0017578125, 0.466796875])
array('d', [-101.38828125, -0.7001953125, 78.0017578125, 0.466796875])
array('d', [-100.828125, 0.046679687500000004, 78.23515625, 0.466796875])
array('d', [-100.828125, 0.046679687500000004, 79.26210937500001, 0.1400390625])
array('d', [-101.20156250000001, 0.37343750000000003, 79.26210937500001, 0.1400390625])
array('d', [-101.43496093750001, -0.280078125, 77.62832031250001, 0.18671875000000002])
array('d', [-100.4546875, -0.280078125, 77.955078125, 0.466796875])
array('d', [-100.4546875, 0.466796875, 78.8419921875, -0.2333984375])
array('d', [-100.8748046875, 0.466796875, 78.8419921875, -0.2333984375])
array('d', [-100.64140625, -0.3267578125, 77.768359375, 0.3267578125])
array('d', [-100.64140625, -0.3267578125, 77.768359375, 0.3267578125])
array('d', [-101.01484375000001, -0.3267578125, 77.7216796875, 0.3267578125])
array('d', [-101.108203125, -0.280078125, 78.4685546875, 0.56015625])
array('d', [-101.5283203125, 0.09335937500000001, 78.4685546875, -0.1400390625])
array('d', [-101.5283203125, 0.8402343750000001, 78.0017578125, 0.280078125])
array('d', [-101.108203125, 0.8402343750000001, 78.0017578125, -0.046679687500000004])
array('d', [-100.361328125, 0.09335937500000001, 78.60859375, 0.7935546875])
array('d', [-100.4080078125, 0.09335937500000001, 78.60859375, 0.7935546875])
array('d', [-100.4080078125, 0.09335937500000001, 78.60859375, 0.7935546875])
array('d', [-101.20156250000001, 0.466796875, 78.23515625, -0.466796875])
array('d', [-101.20156250000001, 0.466796875, 79.635546875, -0.18671875000000002])
array('d', [-100.73476562500001, 0.56015625, 79.635546875, 0.3267578125])
array('d', [-100.73476562500001, 0.56015625, 79.635546875, 0.3267578125])
array('d', [-100.73476562500001, 0.56015625, 79.635546875, 0.3267578125])
array('d', [-101.01484375000001, 0.466796875, 77.768359375, -0.18671875000000002])
array('d', [-100.6880859375, 0.5134765625000001, 79.2154296875, 0.7001953125])
array('d', [-100.6880859375, 0.5134765625000001, 79.2154296875, 0.7001953125])
array('d', [-100.6880859375, 0.5134765625000001, 79.2154296875, 0.7001953125])
array('d', [-100.6880859375, 0.5134765625000001, 79.2154296875, 0.7001953125])
array('d', [-100.73476562500001, 0.09335937500000001, 79.2154296875, -0.18671875000000002])
array('d', [-100.921484375, 0.0, 78.09511718750001, -0.2333984375])
array('d', [-101.0615234375, 0.466796875, 78.3751953125, 0.1400390625])
array('d', [-101.0615234375, 0.466796875, 78.3751953125, 0.1400390625])
array('d', [-101.24824218750001, -0.5134765625000001, 77.9083984375, -0.2333984375])
array('d', [-100.64140625, 0.6068359375, 78.0017578125, 0.1400390625])
array('d', [-100.64140625, 0.6068359375, 78.0017578125, -0.2333984375])
array('d', [-100.64140625, 0.653515625, 78.9353515625, -0.2333984375])
array('d', [-100.54804687500001, -0.5134765625000001, 78.9353515625, -0.280078125])
array('d', [-100.921484375, 0.2333984375, 77.8150390625, 0.09335937500000001])
array('d', [-100.921484375, 0.2333984375, 79.635546875, 0.09335937500000001])
array('d', [-100.4546875, 0.0, 79.635546875, 0.466796875])
array('d', [-100.31464843750001, 0.1400390625, 77.8150390625, 0.8869140625])
array('d', [-100.73476562500001, 0.42011718750000004, 78.09511718750001, 0.5134765625000001])
array('d', [-100.73476562500001, 0.42011718750000004, 78.09511718750001, 0.5134765625000001])
array('d', [-100.50136718750001, 0.1400390625, 78.4685546875, 0.5134765625000001])
array('d', [-100.4080078125, -0.8402343750000001, 78.3751953125, 0.1400390625])
array('d', [-100.828125, -0.8402343750000001, 78.7486328125, 0.18671875000000002])
array('d', [-100.64140625, 0.1400390625, 79.2154296875, -0.280078125])
array('d', [-100.64140625, 0.1400390625, 78.3751953125, -0.280078125])
array('d', [-100.174609375, 0.56015625, 78.3751953125, -0.280078125])
array('d', [-100.174609375, 0.56015625, 78.3751953125, -0.280078125])
array('d', [-100.78144531250001, 0.3267578125, 78.3751953125, 0.09335937500000001])
array('d', [-100.54804687500001, 0.42011718750000004, 78.7486328125, 0.6068359375])
array('d', [-100.174609375, 0.1400390625, 77.9083984375, -0.3267578125])
array('d', [-100.174609375, 0.1400390625, 77.9083984375, -0.3267578125])
array('d', [-100.2212890625, 0.56015625, 78.6552734375, 0.56015625])
array('d', [-100.64140625, 0.2333984375, 77.16152343750001, 0.37343750000000003])
array('d', [-100.64140625, 0.56015625, 78.6552734375, -0.046679687500000004])
array('d', [-100.64140625, 0.56015625, 78.6552734375, -0.046679687500000004])
array('d', [-100.64140625, 0.56015625, 78.6552734375, -0.046679687500000004])
array('d', [-100.64140625, 0.56015625, 78.6552734375, -0.18671875000000002])
array('d', [-100.03457031250001, 1.213671875, 78.3751953125, -0.18671875000000002])
array('d', [-100.64140625, 0.9802734375000001, 78.98203125, -0.653515625])
array('d', [-100.4080078125, -0.280078125, 78.98203125, 0.18671875000000002])
array('d', [-100.4080078125, -0.280078125, 78.98203125, 0.18671875000000002])
array('d', [-100.03457031250001, -0.046679687500000004, 77.4416015625, 0.18671875000000002])
array('d', [-99.56777343750001, -0.09335937500000001, 78.60859375, -1.0736328125])
array('d', [-99.56777343750001, -0.09335937500000001, 78.60859375, -1.0736328125])
array('d', [-99.56777343750001, -0.09335937500000001, 78.60859375, -1.0736328125])
array('d', [-99.56777343750001, -0.09335937500000001, 78.60859375, -1.0736328125])
array('d', [-99.52109375, -0.2333984375, 77.768359375, -0.653515625])
array('d', [-99.52109375, -0.2333984375, 77.768359375, -0.653515625])
array('d', [-100.50136718750001, -0.5134765625000001, 77.9083984375, 0.653515625])
array('d', [-100.03457031250001, -0.09335937500000001, 78.141796875, -0.0])
array('d', [-100.03457031250001, -0.09335937500000001, 78.141796875, 0.42011718750000004])
array('d', [-100.03457031250001, -0.5134765625000001, 77.4416015625, 0.42011718750000004])
array('d', [-99.80117187500001, 0.18671875000000002, 78.60859375, 0.18671875000000002])
array('d', [-99.80117187500001, 0.18671875000000002, 78.60859375, 0.18671875000000002])
array('d', [-99.80117187500001, 0.18671875000000002, 78.60859375, 0.18671875000000002])
array('d', [-99.80117187500001, 0.18671875000000002, 78.60859375, 0.18671875000000002])
array('d', [-99.38105468750001, 0.93359375, 78.515234375, 0.18671875000000002])
array('d', [-99.33437500000001, -0.5134765625000001, 80.47578125, -0.2333984375])
array('d', [-99.33437500000001, -0.5134765625000001, 80.47578125, -0.280078125])
array('d', [-99.33437500000001, -0.5134765625000001, 80.47578125, -0.280078125])
array('d', [-99.054296875, 0.18671875000000002, 77.5349609375, -0.466796875])
array('d', [-99.9412109375, 0.18671875000000002, 78.98203125, 0.2333984375])
array('d', [-99.0076171875, 0.6068359375, 78.98203125, 0.2333984375])
array('d', [-99.0076171875, -0.18671875000000002, 79.35546875, -0.046679687500000004])
array('d', [-99.14765625000001, -0.18671875000000002, 77.8150390625, -0.5134765625000001])
array('d', [-98.68085937500001, -0.18671875000000002, 77.8150390625, -0.5134765625000001])
array('d', [-98.68085937500001, -0.18671875000000002, 77.8150390625, -0.5134765625000001])
array('d', [-98.68085937500001, -0.18671875000000002, 77.8150390625, -0.5134765625000001])
array('d', [-99.2876953125, 2.0539062500000003, 77.768359375, 0.2333984375])
array('d', [-99.61445312500001, -0.1400390625, 80.382421875, 0.5134765625000001])
array('d', [-99.61445312500001, -0.09335937500000001, 77.8150390625, -0.5134765625000001])
array('d', [-98.86757812500001, -0.09335937500000001, 77.8150390625, -0.5134765625000001])
array('d', [-98.86757812500001, -0.09335937500000001, 77.8150390625, -0.5134765625000001])
array('d', [-97.93398437500001, 0.1400390625, 78.1884765625, 0.5134765625000001])
array('d', [-97.93398437500001, 0.1400390625, 78.1884765625, 0.09335937500000001])
array('d', [-99.38105468750001, 0.18671875000000002, 79.635546875, 0.5134765625000001])
array('d', [-98.63417968750001, -0.2333984375, 78.60859375, 0.5134765625000001])
array('d', [-99.10097656250001, 0.653515625, 78.888671875, -0.09335937500000001])
array('d', [-98.5875, 0.93359375, 78.8419921875, -0.09335937500000001])
array('d', [-98.5875, 0.93359375, 78.8419921875, -0.09335937500000001])
array('d', [-98.5875, 0.93359375, 78.8419921875, -0.09335937500000001])
array('d', [-98.5875, 0.93359375, 78.8419921875, -0.09335937500000001])
array('d', [-99.6611328125, -2.0072265625, 77.7216796875, -0.18671875000000002])
array('d', [-98.8208984375, 0.18671875000000002, 77.021484375, -0.42011718750000004])
array('d', [-98.8208984375, 0.18671875000000002, 78.8419921875, 0.56015625])
array('d', [-98.8208984375, 0.18671875000000002, 78.8419921875, 0.56015625])
array('d', [-98.8208984375, 0.18671875000000002, 78.8419921875, 0.56015625])
array('d', [-99.80117187500001, -0.93359375, 79.02871093750001, 0.2333984375])
array('d', [-99.80117187500001, -0.93359375, 77.2548828125, 0.280078125])
array('d', [-99.38105468750001, -0.5134765625000001, 77.2548828125, 0.280078125])
array('d', [-98.307421875, 0.653515625, 77.2548828125, -0.5134765625000001])
array('d', [-99.38105468750001, -0.7935546875, 77.16152343750001, -0.56015625])
array('d', [-99.38105468750001, -0.7935546875, 77.4416015625, 0.9802734375000001])
array('d', [-99.38105468750001, 0.09335937500000001, 77.4416015625, 0.9802734375000001])
array('d', [-99.38105468750001, 0.09335937500000001, 77.4416015625, 0.9802734375000001])
array('d', [-98.91425781250001, 1.0269531250000001, 77.48828125, 1.0269531250000001])
array('d', [-98.5408203125, 0.653515625, 78.23515625, 0.56015625])
array('d', [-98.5408203125, 0.653515625, 78.1884765625, -0.8402343750000001])
array('d', [-98.7275390625, 0.93359375, 78.1884765625, -0.8402343750000001])
array('d', [-99.0076171875, -0.2333984375, 77.768359375, 0.653515625])
array('d', [-97.93398437500001, -0.2333984375, 76.6013671875, -0.5134765625000001])
array('d', [-97.93398437500001, -0.2333984375, 78.515234375, -0.5134765625000001])
array('d', [-97.93398437500001, -0.2333984375, 78.515234375, -0.5134765625000001])
array('d', [-98.3541015625, -0.2333984375, 78.515234375, -0.18671875000000002])
array('d', [-99.054296875, -0.046679687500000004, 79.2154296875, 0.2333984375])
array('d', [-99.054296875, 0.8869140625, 76.9748046875, -0.8402343750000001])
array('d', [-98.91425781250001, 0.8869140625, 76.9748046875, -0.8402343750000001])
array('d', [-98.8208984375, 0.653515625, 78.09511718750001, 0.280078125])
array('d', [-97.840625, -0.7468750000000001, 77.768359375, -0.09335937500000001])
array('d', [-98.8208984375, 0.18671875000000002, 77.768359375, -0.09335937500000001])
array('d', [-98.8208984375, 0.18671875000000002, 77.768359375, -0.09335937500000001])
array('d', [-98.8208984375, 0.18671875000000002, 77.768359375, -0.09335937500000001])
array('d', [-98.8208984375, 0.18671875000000002, 77.768359375, -0.09335937500000001])
array('d', [-99.0076171875, 0.046679687500000004, 77.4416015625, 0.280078125])
array('d', [-99.0076171875, 0.046679687500000004, 77.4416015625, 0.9802734375000001])
array('d', [-100.31464843750001, -1.4470703125000002, 78.2818359375, 0.9802734375000001])
array('d', [-100.31464843750001, -1.4470703125000002, 78.2818359375, 0.9802734375000001])
array('d', [-100.31464843750001, -1.4470703125000002, 78.2818359375, 0.9802734375000001])
array('d', [-100.31464843750001, -1.4470703125000002, 78.2818359375, 0.9802734375000001])
array('d', [-100.31464843750001, -1.4470703125000002, 78.2818359375, 0.9802734375000001])
array('d', [-98.7275390625, 0.18671875000000002, 77.9083984375, 0.280078125])
array('d', [-98.7275390625, -0.5134765625000001, 78.0484375, 0.280078125])
array('d', [-99.52109375, 0.653515625, 77.3482421875, -0.93359375])
array('d', [-99.52109375, 0.653515625, 77.3482421875, -0.93359375])
array('d', [-99.52109375, 0.653515625, 77.3482421875, -0.93359375])
array('d', [-98.5408203125, -0.2333984375, 77.39492187500001, 0.2333984375])
array('d', [-98.21406250000001, -0.046679687500000004, 78.3751953125, -0.5134765625000001])
array('d', [-98.21406250000001, -0.046679687500000004, 78.3751953125, -0.5134765625000001])
array('d', [-98.21406250000001, -0.046679687500000004, 78.3751953125, -0.5134765625000001])
array('d', [-98.21406250000001, -0.046679687500000004, 78.3751953125, -0.5134765625000001])
array('d', [-99.427734375, 0.653515625, 77.3015625, -0.93359375])
array('d', [-99.427734375, 0.653515625, 76.8814453125, -0.18671875000000002])
array('d', [-98.91425781250001, 0.653515625, 76.8814453125, -0.18671875000000002])
array('d', [-98.91425781250001, 0.653515625, 76.8814453125, -0.18671875000000002])
array('d', [-98.91425781250001, 0.653515625, 76.8814453125, -0.18671875000000002])
array('d', [-99.33437500000001, -0.2333984375, 76.274609375, 0.56015625])
array('d', [-97.70058593750001, 0.466796875, 77.9083984375, 0.18671875000000002])
array('d', [-97.70058593750001, 0.466796875, 77.9083984375, -0.18671875000000002])
array('d', [-99.9412109375, 0.18671875000000002, 77.2548828125, -0.18671875000000002])
array('d', [-99.10097656250001, -0.93359375, 78.421875, -0.18671875000000002])
array('d', [-99.2876953125, 0.653515625, 76.36796875, -0.09335937500000001])
array('d', [-99.2876953125, 1.30703125, 78.0017578125, -0.8402343750000001])
array('d', [-99.2876953125, 1.30703125, 78.0017578125, -0.8402343750000001])
array('d', [-99.2876953125, 1.30703125, 78.0017578125, -0.8402343750000001])
array('d', [-99.10097656250001, -0.7468750000000001, 77.675, 0.653515625])
array('d', [-99.10097656250001, -0.7468750000000001, 77.675, 0.653515625])
array('d', [-98.307421875, 0.046679687500000004, 77.3015625, -1.2603515625000001])
array('d', [-98.307421875, 0.046679687500000004, 77.3015625, -1.2603515625000001])
array('d', [-97.98066406250001, -0.2333984375, 78.09511718750001, -0.09335937500000001])
array('d', [-100.08125000000001, 0.653515625, 77.11484375, -0.09335937500000001])
array('d', [-98.40078125000001, -0.2333984375, 76.648046875, 0.18671875000000002])
array('d', [-98.40078125000001, -0.2333984375, 76.648046875, 0.18671875000000002])
array('d', [-98.40078125000001, -0.2333984375, 76.648046875, 0.18671875000000002])
array('d', [-98.9609375, 0.466796875, 77.5349609375, 0.9802734375000001])
array('d', [-98.5408203125, -0.046679687500000004, 77.208203125, 0.653515625])
array('d', [-98.5408203125, -0.046679687500000004, 77.208203125, 0.56015625])
array('d', [-99.38105468750001, -0.046679687500000004, 77.208203125, 0.56015625])
array('d', [-99.38105468750001, -0.046679687500000004, 77.208203125, 0.56015625])
array('d', [-99.38105468750001, -0.046679687500000004, 77.208203125, 0.56015625])
array('d', [-98.68085937500001, -0.046679687500000004, 77.62832031250001, -1.2603515625000001])
array('d', [-98.68085937500001, -0.046679687500000004, 77.62832031250001, -1.2603515625000001])
array('d', [-99.9412109375, -0.42011718750000004, 77.62832031250001, 0.56015625])
array('d', [-99.241015625, -0.93359375, 77.675, -0.18671875000000002])
