  backend grafico: TkAgg
>>> SIM ADAPTER: conectando a rosbridge ws://localhost:8765 ...
  esperando /odom (hasta 30s; el mundo del lab tarda en cargar)... ok
  /odom OK pose=(+0.99,+0.57) | /scan: OK
  escenario LAB: mapa/waypoints/puerta REALES (lab.world solo-paredes, frame G1)

>>> GOTO 'B' -> (-4.73,+3.04). Mando en mano (L2+B). Ctrl+C aborta.
    ENTORNO: SIM (id: lab_v1_ab_prof)  — esta run se registra como SIMULACION, no cuenta como run de robot
  Esperando pose localizada y primera nube... ok.
  FRAME-CHECK start=(+0.99,+0.57) wp_mas_cercano=A(+0.99,+0.57) offset=0.00m  -> frame OK (pose y waypoints alineados)
  [spill] payload de agua simulado (semilla=20260708_130438_ours_B.json)
  META2 ACTIVO (techo por analogia): Meta-Reasoner 2.0, analogia inicial Cautious_Nav

  !!!!!!!!!!!!!!!!!!!!!!!!!!!!!!!!!!!!!!!!!!!!!!!!!!!!!!!!!!!!!!!!!!!!!!!!!!
  !!  VISION OFF (G1_PERC sin definir) pero G1_NOVIS=1: navego SIN vision bajo tu responsabilidad.
  !!  La MESA invisible al LiDAR no se vera.
  !!!!!!!!!!!!!!!!!!!!!!!!!!!!!!!!!!!!!!!!!!!!!!!!!!!!!!!!!!!!!!!!!!!!!!!!!!

  mapa de referencia: 961 celdas | muebles estaticos (nav_map): 0 celdas | plan global: static
  t=  0.0 DWA-F pos=(+0.99,+0.57) yaw=-120.3 d=6.23 goal_err=-83 carrot_err= -62 c0=2.25 clear=1.00 prog=0.00 rel=1.00 bal=+0.19 obs=108 hard=108 obsc=108 yr=  0  nz=0.00 flt=0.19 dmap=+108/-0 shz=0.0 plan=34 cmd=(lx=+0.00,ly=+0.40,rx=+0.45)
  t=  0.4 DWA-F pos=(+0.97,+0.53) yaw=-125.1 d=6.22 goal_err=-79 carrot_err= -60 c0=2.21 clear=1.00 prog=0.05 rel=0.96 bal=+0.28 obs=111 hard=111 obsc=111 yr= 15G nz=0.04 flt=0.10 dmap=+0/-0 shz=3.1 plan=34 cmd=(lx=+0.00,ly=+0.40,rx=+0.45)
  t=  0.9 DWA-F pos=(+0.93,+0.48) yaw=-131.6 d=6.21 goal_err=-73 carrot_err= -57 c0=2.21 clear=1.00 prog=0.08 rel=0.96 bal=+0.40 obs=111 hard=111 obsc=111 yr= 15G nz=0.04 flt=0.02 dmap=+0/-0 shz=4.0 plan=34 cmd=(lx=+0.00,ly=+0.40,rx=+0.45)
  t=  1.3 DWA-F pos=(+0.88,+0.43) yaw=-139.6 d=6.18 goal_err=-65 carrot_err= -38 c0=2.50 clear=1.00 prog=0.12 rel=0.96 bal=+0.41 obs=111 hard=111 obsc=111 yr= 15G nz=0.04 flt=0.02 dmap=+0/-0 shz=3.9 plan=34 cmd=(lx=+0.00,ly=+0.40,rx=+0.45)
  t=  1.7 DWA-F pos=(+0.83,+0.39) yaw=-144.4 d=6.16 goal_err=-61 carrot_err= -36 c0=2.50 clear=1.00 prog=0.14 rel=0.79 bal=+0.42 obs=129 hard=129 obsc=151 yr=  0  nz=0.20 flt=0.14 dmap=+0/-0 shz=3.7 plan=33 cmd=(lx=+0.00,ly=+0.40,rx=+0.00)
  t=  2.2 DWA-F pos=(+0.78,+0.36) yaw=-147.6 d=6.13 goal_err=-58 carrot_err= -35 c0=2.50 clear=1.00 prog=0.17 rel=0.81 bal=+0.42 obs=143 hard=134 obsc=157 yr= 15G nz=0.20 flt=0.01 dmap=+0/-0 shz=3.9 plan=33 cmd=(lx=+0.00,ly=+0.40,rx=+0.00)
  t=  2.6 DWA-F pos=(+0.74,+0.34) yaw=-149.2 d=6.11 goal_err=-57 carrot_err= -36 c0=2.50 clear=1.00 prog=0.19 rel=0.85 bal=+0.43 obs=161 hard=140 obsc=168 yr=  0  nz=0.15 flt=0.00 dmap=+9/-0 shz=3.9 plan=33 cmd=(lx=+0.00,ly=+0.40,rx=+0.00)
  t=  3.0 DWA-F pos=(+0.70,+0.31) yaw=-152.4 d=6.08 goal_err=-54 carrot_err= -35 c0=2.50 clear=1.00 prog=0.21 rel=0.99 bal=+0.43 obs=161 hard=140 obsc=168 yr= 15G nz=0.01 flt=0.01 dmap=+0/-0 shz=4.0 plan=33 cmd=(lx=+0.00,ly=+0.40,rx=+0.00)
  t=  3.5 DWA-F pos=(+0.66,+0.29) yaw=-154.0 d=6.05 goal_err=-53 carrot_err= -33 c0=2.50 clear=1.00 prog=0.20 rel=0.99 bal=+0.44 obs=161 hard=142 obsc=170 yr=  0  nz=0.01 flt=0.00 dmap=+0/-0 shz=3.9 plan=33 cmd=(lx=+0.00,ly=+0.40,rx=+0.00)
  t=  3.9 DWA-F pos=(+0.62,+0.27) yaw=-154.0 d=6.03 goal_err=-53 carrot_err= -35 c0=2.50 clear=1.00 prog=0.20 rel=0.99 bal=+0.36 obs=162 hard=156 obsc=168 yr=  0  nz=0.01 flt=0.00 dmap=+0/-0 shz=3.9 plan=33 cmd=(lx=+0.00,ly=+0.40,rx=+0.00)
  t=  4.3 DWA-F pos=(+0.58,+0.25) yaw=-154.0 d=6.00 goal_err=-54 carrot_err= -37 c0=2.50 clear=1.00 prog=0.20 rel=0.99 bal=+0.37 obs=163 hard=161 obsc=170 yr=  0  nz=0.01 flt=0.01 dmap=+1/-1 shz=3.9 plan=33 cmd=(lx=+0.00,ly=+0.40,rx=+0.00)
  t=  4.8 DWA-F pos=(+0.53,+0.23) yaw=-157.2 d=5.97 goal_err=-51 carrot_err= -20 c0=2.50 clear=1.00 prog=0.22 rel=0.98 bal=+0.38 obs=163 hard=161 obsc=170 yr= 15  nz=0.01 flt=0.00 dmap=+0/-0 shz=4.0 plan=32 cmd=(lx=+0.00,ly=+0.40,rx=+0.00)
  t=  5.2 DWA-F pos=(+0.49,+0.21) yaw=-157.2 d=5.94 goal_err=-51 carrot_err= -22 c0=2.50 clear=1.00 prog=0.22 rel=0.98 bal=+0.40 obs=164 hard=164 obsc=172 yr=  0  nz=0.02 flt=0.00 dmap=+0/-0 shz=3.9 plan=32 cmd=(lx=+0.00,ly=+0.40,rx=+0.00)
  t=  5.6 DWA-F pos=(+0.45,+0.20) yaw=-157.2 d=5.91 goal_err=-52 carrot_err= -23 c0=2.50 clear=1.00 prog=0.22 rel=0.98 bal=+0.41 obs=164 hard=164 obsc=172 yr=  0  nz=0.02 flt=0.00 dmap=+0/-0 shz=3.9 plan=32 cmd=(lx=+0.00,ly=+0.40,rx=+0.00)
  t=  6.1 DWA-F pos=(+0.41,+0.18) yaw=-157.2 d=5.88 goal_err=-52 carrot_err= -24 c0=2.50 clear=1.00 prog=0.22 rel=0.98 bal=+0.42 obs=165 hard=165 obsc=173 yr=  0  nz=0.02 flt=0.00 dmap=+0/-0 shz=4.0 plan=31 cmd=(lx=+0.00,ly=+0.40,rx=+0.00)
  t=  6.5 DWA-F pos=(+0.37,+0.16) yaw=-157.2 d=5.86 goal_err=-52 carrot_err= -26 c0=2.50 clear=1.00 prog=0.22 rel=0.98 bal=+0.43 obs=166 hard=166 obsc=174 yr=  0  nz=0.01 flt=0.00 dmap=+0/-0 shz=3.9 plan=31 cmd=(lx=+0.00,ly=+0.40,rx=+0.00)
  t=  6.9 DWA-F pos=(+0.32,+0.14) yaw=-157.2 d=5.82 goal_err=-53 carrot_err= -28 c0=2.50 clear=1.00 prog=0.22 rel=0.99 bal=+0.44 obs=168 hard=168 obsc=175 yr=  0  nz=0.01 flt=0.01 dmap=+0/-0 shz=4.0 plan=31 cmd=(lx=+0.00,ly=+0.40,rx=+0.00)
  t=  7.4 DWA-F pos=(+0.28,+0.12) yaw=-157.2 d=5.79 goal_err=-53 carrot_err= -15 c0=2.50 clear=1.00 prog=0.22 rel=0.99 bal=+0.45 obs=168 hard=167 obsc=175 yr=  0  nz=0.01 flt=0.00 dmap=+0/-0 shz=3.9 plan=31 cmd=(lx=+0.00,ly=+0.40,rx=+0.00)
  t=  7.8 DWA-F pos=(+0.24,+0.11) yaw=-157.2 d=5.77 goal_err=-53 carrot_err= -16 c0=2.50 clear=1.00 prog=0.22 rel=0.98 bal=+0.45 obs=167 hard=168 obsc=175 yr=  0  nz=0.01 flt=0.00 dmap=+0/-0 shz=4.0 plan=30 cmd=(lx=+0.00,ly=+0.40,rx=+0.00)
  t=  8.2 DWA-F pos=(+0.19,+0.09) yaw=-157.2 d=5.74 goal_err=-54 carrot_err= -16 c0=2.50 clear=1.00 prog=0.22 rel=0.98 bal=+0.46 obs=169 hard=171 obsc=177 yr=  0  nz=0.01 flt=0.00 dmap=+0/-0 shz=3.9 plan=30 cmd=(lx=+0.00,ly=+0.40,rx=+0.00)
  t=  8.6 DWA-F pos=(+0.15,+0.07) yaw=-157.2 d=5.72 goal_err=-54 carrot_err= -17 c0=2.50 clear=1.00 prog=0.22 rel=0.98 bal=+0.39 obs=171 hard=170 obsc=177 yr=  0  nz=0.01 flt=0.00 dmap=+2/-0 shz=3.9 plan=30 cmd=(lx=+0.00,ly=+0.40,rx=+0.00)
  t=  9.1 DWA-F pos=(+0.11,+0.05) yaw=-157.2 d=5.69 goal_err=-54 carrot_err= -18 c0=2.46 clear=1.00 prog=0.20 rel=0.98 bal=+0.40 obs=171 hard=171 obsc=177 yr=  0  nz=0.02 flt=0.00 dmap=+1/-0 shz=4.0 plan=30 cmd=(lx=+0.00,ly=+0.40,rx=+0.00)
  t=  9.5 DWA-F pos=(+0.06,+0.03) yaw=-157.2 d=5.66 goal_err=-55 carrot_err= -21 c0=2.40 clear=1.00 prog=0.21 rel=0.94 bal=+0.40 obs=172 hard=172 obsc=178 yr=  0  nz=0.06 flt=0.00 dmap=+0/-0 shz=3.9 plan=30 cmd=(lx=+0.00,ly=+0.40,rx=+0.00)
  t=  9.9 DWA-F pos=(+0.02,+0.02) yaw=-157.2 d=5.63 goal_err=-55 carrot_err= -22 c0=2.36 clear=1.00 prog=0.21 rel=0.92 bal=+0.41 obs=173 hard=174 obsc=179 yr=  0  nz=0.08 flt=0.01 dmap=+0/-0 shz=4.0 plan=30 cmd=(lx=+0.00,ly=+0.40,rx=+0.00)
  t= 10.4 DWA-F pos=(-0.02,-0.00) yaw=-157.2 d=5.61 goal_err=-56 carrot_err= -23 c0=2.31 clear=1.00 prog=0.21 rel=0.91 bal=+0.42 obs=174 hard=175 obsc=181 yr=  0  nz=0.09 flt=0.00 dmap=+1/-0 shz=4.0 plan=30 cmd=(lx=+0.00,ly=+0.40,rx=+0.00)
  t= 10.8 DWA-F pos=(-0.06,-0.02) yaw=-157.2 d=5.58 goal_err=-56 carrot_err= -24 c0=2.27 clear=1.00 prog=0.21 rel=0.91 bal=+0.43 obs=175 hard=176 obsc=183 yr=  0  nz=0.09 flt=0.00 dmap=+0/-0 shz=4.0 plan=29 cmd=(lx=+0.00,ly=+0.40,rx=+0.00)
  t= 11.2 DWA-F pos=(-0.10,-0.04) yaw=-157.2 d=5.56 goal_err=-56 carrot_err= -25 c0=2.23 clear=1.00 prog=0.20 rel=0.91 bal=+0.45 obs=176 hard=177 obsc=184 yr=  0  nz=0.09 flt=0.01 dmap=+0/-0 shz=4.0 plan=29 cmd=(lx=+0.00,ly=+0.40,rx=+0.00)
  t= 11.6 DWA-F pos=(-0.15,-0.06) yaw=-157.2 d=5.53 goal_err=-57 carrot_err= -27 c0=2.17 clear=1.00 prog=0.20 rel=0.91 bal=+0.47 obs=178 hard=176 obsc=183 yr=  0  nz=0.09 flt=0.01 dmap=+1/-0 shz=4.0 plan=29 cmd=(lx=+0.00,ly=+0.40,rx=+0.00)
  t= 12.1 DWA-F pos=(-0.19,-0.07) yaw=-157.2 d=5.50 goal_err=-57 carrot_err= -28 c0=2.13 clear=1.00 prog=0.20 rel=0.91 bal=+0.49 obs=178 hard=176 obsc=184 yr=  0  nz=0.09 flt=0.04 dmap=+1/-1 shz=4.0 plan=29 cmd=(lx=+0.00,ly=+0.40,rx=+0.00)
  t= 12.5 DWA-F pos=(-0.24,-0.09) yaw=-157.2 d=5.48 goal_err=-58 carrot_err= -30 c0=2.08 clear=1.00 prog=0.20 rel=0.92 bal=+0.50 obs=178 hard=177 obsc=184 yr=  0  nz=0.08 flt=0.00 dmap=+0/-0 shz=4.0 plan=28 cmd=(lx=+0.00,ly=+0.40,rx=+0.00)
  t= 12.9 DWA-F pos=(-0.28,-0.11) yaw=-157.2 d=5.45 goal_err=-58 carrot_err= -31 c0=2.04 clear=1.00 prog=0.20 rel=0.93 bal=+0.51 obs=179 hard=177 obsc=185 yr=  0  nz=0.07 flt=0.00 dmap=+0/-0 shz=4.0 plan=28 cmd=(lx=+0.00,ly=+0.40,rx=+0.00)
  t= 13.4 DWA-F pos=(-0.32,-0.13) yaw=-157.2 d=5.43 goal_err=-58 carrot_err= -31 c0=2.00 clear=1.00 prog=0.20 rel=0.93 bal=+0.52 obs=179 hard=177 obsc=184 yr=  0  nz=0.07 flt=0.01 dmap=+1/-0 shz=4.0 plan=28 cmd=(lx=+0.00,ly=+0.40,rx=+0.00)
  t= 13.8 DWA-F pos=(-0.37,-0.15) yaw=-157.2 d=5.40 goal_err=-59 carrot_err= -33 c0=1.94 clear=1.00 prog=0.19 rel=0.92 bal=+0.53 obs=179 hard=179 obsc=184 yr=  0  nz=0.08 flt=0.00 dmap=+0/-0 shz=4.0 plan=27 cmd=(lx=+0.00,ly=+0.40,rx=+0.00)
  t= 14.2 DWA-F pos=(-0.41,-0.16) yaw=-157.2 d=5.38 goal_err=-59 carrot_err= -35 c0=1.90 clear=1.00 prog=0.19 rel=0.91 bal=+0.54 obs=179 hard=179 obsc=186 yr=  0  nz=0.09 flt=0.00 dmap=+0/-0 shz=4.0 plan=27 cmd=(lx=+0.00,ly=+0.40,rx=+0.00)
  t= 14.7 DWA-F pos=(-0.45,-0.18) yaw=-157.2 d=5.36 goal_err=-60 carrot_err= -36 c0=1.85 clear=1.00 prog=0.19 rel=0.91 bal=+0.54 obs=181 hard=180 obsc=187 yr=  0  nz=0.09 flt=0.00 dmap=+1/-0 shz=4.0 plan=27 cmd=(lx=+0.00,ly=+0.40,rx=+0.00)
  t= 15.1 DWA-F pos=(-0.49,-0.20) yaw=-160.4 d=5.33 goal_err=-57 carrot_err= -35 c0=1.81 clear=1.00 prog=0.19 rel=0.92 bal=+0.55 obs=189 hard=186 obsc=195 yr= 15  nz=0.09 flt=0.13 dmap=+8/-0 shz=4.0 plan=27 cmd=(lx=+0.00,ly=+0.40,rx=+0.00)
  t= 15.5 DWA-F pos=(-0.53,-0.21) yaw=-163.6 d=5.31 goal_err=-54 carrot_err= -42 c0=1.77 clear=1.00 prog=0.18 rel=0.92 bal=+0.55 obs=189 hard=186 obsc=195 yr= 15G nz=0.08 flt=0.04 dmap=+0/-0 shz=4.0 plan=26 cmd=(lx=+0.00,ly=+0.40,rx=+0.45)
  t= 16.0 DWA-F pos=(-0.59,-0.23) yaw=-170.1 d=5.28 goal_err=-48 carrot_err= -38 c0=1.72 clear=1.00 prog=0.20 rel=0.92 bal=+0.56 obs=195 hard=190 obsc=210 yr=  0  nz=0.08 flt=0.03 dmap=+0/-0 shz=4.0 plan=26 cmd=(lx=+0.00,ly=+0.40,rx=+0.00)
  t= 16.4 DWA-F pos=(-0.63,-0.23) yaw=-170.1 d=5.25 goal_err=-49 carrot_err= -39 c0=1.84 clear=1.00 prog=0.21 rel=0.91 bal=+0.56 obs=198 hard=193 obsc=212 yr=  0G nz=0.09 flt=0.00 dmap=+0/-0 shz=4.0 plan=26 cmd=(lx=+0.00,ly=+0.40,rx=+0.45)
  t= 16.8 DWA-F pos=(-0.67,-0.24) yaw=-173.3 d=5.22 goal_err=-46 carrot_err= -38 c0=1.89 clear=1.00 prog=0.22 rel=0.88 bal=+0.52 obs=201 hard=197 obsc=214 yr=  0  nz=0.12 flt=0.01 dmap=+0/-0 shz=4.0 plan=26 cmd=(lx=+0.00,ly=+0.40,rx=+0.00)
  t= 17.3 DWA-F pos=(-0.72,-0.24) yaw=-176.5 d=5.18 goal_err=-43 carrot_err= -37 c0=1.84 clear=1.00 prog=0.24 rel=0.86 bal=+0.53 obs=200 hard=197 obsc=214 yr= 15  nz=0.14 flt=0.13 dmap=+0/-0 shz=4.0 plan=26 cmd=(lx=+0.00,ly=+0.40,rx=+0.00)
  t= 17.7 DWA-F pos=(-0.76,-0.25) yaw=-176.5 d=5.15 goal_err=-43 carrot_err= -39 c0=1.80 clear=1.00 prog=0.24 rel=0.88 bal=+0.54 obs=197 hard=198 obsc=214 yr=  0G nz=0.12 flt=0.00 dmap=+0/-0 shz=4.0 plan=26 cmd=(lx=+0.00,ly=+0.40,rx=+0.45)
  t= 18.1 DWA-F pos=(-0.82,-0.25) yaw=+178.7 d=5.11 goal_err=-39 carrot_err= -36 c0=1.93 clear=1.00 prog=0.26 rel=0.91 bal=+0.55 obs=198 hard=196 obsc=211 yr=  0  nz=0.09 flt=0.00 dmap=+0/-0 shz=4.0 plan=26 cmd=(lx=+0.00,ly=+0.40,rx=+0.00)
  t= 18.6 DWA-F pos=(-0.86,-0.25) yaw=+178.7 d=5.08 goal_err=-39 carrot_err= -30 c0=1.89 clear=1.00 prog=0.26 rel=0.89 bal=+0.55 obs=197 hard=195 obsc=210 yr=  0  nz=0.11 flt=0.01 dmap=+0/-0 shz=4.0 plan=25 cmd=(lx=+0.00,ly=+0.40,rx=+0.00)
  t= 19.0 DWA-F pos=(-0.91,-0.25) yaw=+178.7 d=5.04 goal_err=-39 carrot_err= -32 c0=1.89 clear=1.00 prog=0.27 rel=0.90 bal=+0.53 obs=196 hard=194 obsc=209 yr=  0  nz=0.10 flt=0.01 dmap=+0/-0 shz=4.0 plan=25 cmd=(lx=+0.00,ly=+0.40,rx=+0.00)
  t= 19.4 DWA-F pos=(-0.95,-0.25) yaw=+178.7 d=5.01 goal_err=-40 carrot_err= -33 c0=1.85 clear=1.00 prog=0.27 rel=0.92 bal=+0.51 obs=196 hard=193 obsc=208 yr=  0  nz=0.08 flt=0.00 dmap=+0/-0 shz=4.0 plan=25 cmd=(lx=+0.00,ly=+0.40,rx=+0.00)
  t= 19.9 DWA-F pos=(-1.01,-0.24) yaw=+178.7 d=4.96 goal_err=-40 carrot_err= -38 c0=1.79 clear=1.00 prog=0.28 rel=0.94 bal=+0.34 obs=197 hard=195 obsc=210 yr=  0  nz=0.06 flt=0.01 dmap=+2/-1 shz=4.0 plan=24 cmd=(lx=+0.00,ly=+0.40,rx=+0.00)
  t= 20.3 DWA-F pos=(-1.05,-0.24) yaw=+175.5 d=4.93 goal_err=-37 carrot_err= -36 c0=1.75 clear=1.00 prog=0.28 rel=0.91 bal=+0.33 obs=197 hard=195 obsc=210 yr= 15  nz=0.09 flt=0.11 dmap=+0/-0 shz=4.0 plan=24 cmd=(lx=+0.00,ly=+0.40,rx=+0.00)
  t= 20.8 DWA-F pos=(-1.10,-0.24) yaw=+175.5 d=4.90 goal_err=-38 carrot_err= -38 c0=1.70 clear=1.00 prog=0.28 rel=0.91 bal=+0.31 obs=197 hard=195 obsc=209 yr=  0G nz=0.09 flt=0.01 dmap=+0/-0 shz=4.0 plan=24 cmd=(lx=+0.00,ly=+0.40,rx=+0.45)
  t= 21.2 DWA-F pos=(-1.14,-0.24) yaw=+172.3 d=4.86 goal_err=-35 carrot_err= -36 c0=1.66 clear=1.00 prog=0.28 rel=0.92 bal=+0.30 obs=205 hard=203 obsc=218 yr=  0  nz=0.08 flt=0.00 dmap=+0/-1 shz=4.0 plan=24 cmd=(lx=+0.00,ly=+0.40,rx=+0.00)
  t= 21.6 DWA-F pos=(-1.18,-0.23) yaw=+172.3 d=4.82 goal_err=-35 carrot_err= -30 c0=1.62 clear=1.00 prog=0.27 rel=0.93 bal=+0.29 obs=204 hard=202 obsc=217 yr=  0  nz=0.07 flt=0.02 dmap=+0/-0 shz=4.0 plan=23 cmd=(lx=+0.00,ly=+0.40,rx=+0.00)
  t= 22.1 DWA-F pos=(-1.24,-0.22) yaw=+172.3 d=4.78 goal_err=-35 carrot_err= -32 c0=1.56 clear=1.00 prog=0.29 rel=0.92 bal=+0.27 obs=203 hard=200 obsc=216 yr=  0  nz=0.09 flt=0.00 dmap=+0/-0 shz=4.0 plan=23 cmd=(lx=+0.00,ly=+0.40,rx=+0.00)
  t= 22.5 DWA-F pos=(-1.28,-0.22) yaw=+172.3 d=4.74 goal_err=-36 carrot_err= -33 c0=1.52 clear=1.00 prog=0.29 rel=0.92 bal=+0.26 obs=200 hard=195 obsc=212 yr=  0  nz=0.08 flt=0.02 dmap=+0/-0 shz=4.0 plan=23 cmd=(lx=+0.00,ly=+0.40,rx=+0.00)
  t= 22.9 DWA-F pos=(-1.33,-0.21) yaw=+172.3 d=4.71 goal_err=-36 carrot_err= -17 c0=1.47 clear=0.98 prog=0.29 rel=0.92 bal=+0.26 obs=199 hard=194 obsc=211 yr=  0  nz=0.08 flt=0.01 dmap=+2/-0 shz=4.0 plan=22 cmd=(lx=+0.00,ly=+0.40,rx=+0.00)
  t= 23.4 DWA-F pos=(-1.37,-0.20) yaw=+172.3 d=4.67 goal_err=-36 carrot_err= -18 c0=1.43 clear=0.95 prog=0.29 rel=0.92 bal=+0.25 obs=198 hard=196 obsc=211 yr=  0  nz=0.08 flt=0.01 dmap=+0/-0 shz=4.0 plan=22 cmd=(lx=+0.00,ly=+0.40,rx=+0.00)
  t= 23.8 DWA-F pos=(-1.41,-0.20) yaw=+172.3 d=4.63 goal_err=-37 carrot_err= -19 c0=1.39 clear=0.92 prog=0.28 rel=0.93 bal=+0.24 obs=200 hard=198 obsc=213 yr=  0  nz=0.07 flt=0.01 dmap=+0/-0 shz=4.0 plan=22 cmd=(lx=+0.00,ly=+0.40,rx=+0.00)
  t= 24.2 DWA-F pos=(-1.47,-0.19) yaw=+172.3 d=4.59 goal_err=-37 carrot_err= -20 c0=1.33 clear=0.89 prog=0.29 rel=0.92 bal=+0.09 obs=199 hard=196 obsc=212 yr=  0  nz=0.08 flt=0.01 dmap=+0/-1 shz=4.0 plan=22 cmd=(lx=+0.00,ly=+0.40,rx=+0.00)
  t= 24.7 DWA-F pos=(-1.51,-0.18) yaw=+172.3 d=4.55 goal_err=-37 carrot_err= -22 c0=1.29 clear=0.86 prog=0.29 rel=0.92 bal=+0.09 obs=200 hard=198 obsc=213 yr=  0  nz=0.09 flt=0.02 dmap=+0/-0 shz=4.0 plan=22 cmd=(lx=+0.00,ly=+0.40,rx=+0.00)
  t= 25.1 DWA-F pos=(-1.56,-0.18) yaw=+172.3 d=4.52 goal_err=-38 carrot_err= -23 c0=1.24 clear=0.83 prog=0.29 rel=0.91 bal=+0.09 obs=200 hard=198 obsc=213 yr=  0  nz=0.09 flt=0.00 dmap=+0/-0 shz=4.0 plan=22 cmd=(lx=+0.00,ly=+0.40,rx=+0.00)
  t= 25.5 DWA-F pos=(-1.60,-0.17) yaw=+172.3 d=4.48 goal_err=-38 carrot_err= -28 c0=1.20 clear=0.80 prog=0.29 rel=0.92 bal=+0.09 obs=201 hard=199 obsc=213 yr=  0  nz=0.08 flt=0.01 dmap=+2/-0 shz=4.0 plan=22 cmd=(lx=+0.00,ly=+0.40,rx=+0.00)
  t= 25.9 DWA-F pos=(-1.65,-0.17) yaw=+172.3 d=4.45 goal_err=-38 carrot_err= -29 c0=1.15 clear=0.77 prog=0.29 rel=0.92 bal=+0.08 obs=200 hard=198 obsc=212 yr=  0  nz=0.08 flt=0.00 dmap=+0/-0 shz=4.0 plan=21 cmd=(lx=+0.00,ly=+0.40,rx=+0.00)
  t= 26.4 DWA-F pos=(-1.69,-0.16) yaw=+172.3 d=4.41 goal_err=-39 carrot_err= -31 c0=1.11 clear=0.74 prog=0.27 rel=0.92 bal=+0.08 obs=200 hard=199 obsc=213 yr=  0  nz=0.08 flt=0.00 dmap=+0/-0 shz=4.0 plan=21 cmd=(lx=+0.00,ly=+0.40,rx=+0.00)
  t= 26.8 DWA-F pos=(-1.73,-0.15) yaw=+172.3 d=4.38 goal_err=-39 carrot_err= -32 c0=1.07 clear=0.71 prog=0.27 rel=0.92 bal=+0.08 obs=200 hard=199 obsc=212 yr=  0  nz=0.08 flt=0.01 dmap=+0/-0 shz=4.0 plan=21 cmd=(lx=+0.00,ly=+0.40,rx=+0.00)
  t= 27.2 DWA-F pos=(-1.78,-0.15) yaw=+169.1 d=4.35 goal_err=-36 carrot_err= -31 c0=1.02 clear=0.68 prog=0.27 rel=0.92 bal=+0.07 obs=201 hard=200 obsc=213 yr= 15  nz=0.08 flt=0.01 dmap=+1/-0 shz=4.0 plan=21 cmd=(lx=+0.00,ly=+0.40,rx=+0.00)
  t= 27.7 DWA-F pos=(-1.83,-0.14) yaw=+167.5 d=4.30 goal_err=-35 carrot_err= -22 c0=0.97 clear=0.65 prog=0.29 rel=0.92 bal=+0.06 obs=201 hard=201 obsc=215 yr=  0  nz=0.08 flt=0.01 dmap=+0/-0 shz=4.0 plan=20 cmd=(lx=+0.00,ly=+0.40,rx=+0.00)
  t= 28.1 DWA-F pos=(-1.88,-0.13) yaw=+167.5 d=4.26 goal_err=-35 carrot_err= -24 c0=0.93 clear=0.62 prog=0.29 rel=0.92 bal=+0.06 obs=202 hard=199 obsc=213 yr=  0  nz=0.08 flt=0.01 dmap=+0/-0 shz=4.0 plan=20 cmd=(lx=+0.00,ly=+0.40,rx=+0.00)
  t= 28.5 DWA-F pos=(-1.92,-0.12) yaw=+167.5 d=4.23 goal_err=-36 carrot_err= -27 c0=0.89 clear=0.59 prog=0.29 rel=0.92 bal=+0.06 obs=203 hard=200 obsc=215 yr=  0  nz=0.08 flt=0.02 dmap=+1/-0 shz=4.0 plan=20 cmd=(lx=+0.00,ly=+0.40,rx=+0.00)
  t= 29.0 DWA-F pos=(-1.96,-0.11) yaw=+167.5 d=4.19 goal_err=-36 carrot_err= -19 c0=0.84 clear=0.56 prog=0.29 rel=0.91 bal=+0.06 obs=203 hard=201 obsc=215 yr=  0  nz=0.09 flt=0.00 dmap=+0/-0 shz=4.0 plan=19 cmd=(lx=+0.00,ly=+0.40,rx=+0.00)
  t= 29.4 DWA-F pos=(-2.01,-0.10) yaw=+167.5 d=4.16 goal_err=-37 carrot_err= -20 c0=0.80 clear=0.53 prog=0.28 rel=0.91 bal=+0.06 obs=205 hard=205 obsc=217 yr=  0  nz=0.09 flt=0.00 dmap=+0/-0 shz=4.0 plan=19 cmd=(lx=+0.00,ly=+0.40,rx=+0.00)
  t= 29.8 DWA-F pos=(-2.06,-0.09) yaw=+167.5 d=4.11 goal_err=-37 carrot_err= -21 c0=0.75 clear=0.50 prog=0.29 rel=0.92 bal=-0.06 obs=205 hard=203 obsc=217 yr=  0  nz=0.08 flt=0.02 dmap=+1/-1 shz=4.0 plan=19 cmd=(lx=+0.00,ly=+0.40,rx=+0.00)
  t= 30.3 DWA-F pos=(-2.10,-0.08) yaw=+167.5 d=4.08 goal_err=-37 carrot_err= -25 c0=0.71 clear=0.47 prog=0.29 rel=0.91 bal=-0.08 obs=207 hard=206 obsc=219 yr=  0  nz=0.09 flt=0.02 dmap=+3/-1 shz=4.0 plan=19 cmd=(lx=+0.00,ly=+0.40,rx=+0.00)
  t= 30.7 DWA-F pos=(-2.15,-0.07) yaw=+167.5 d=4.04 goal_err=-38 carrot_err= -25 c0=0.67 clear=0.45 prog=0.29 rel=0.91 bal=-0.36 obs=207 hard=205 obsc=219 yr=  0  nz=0.09 flt=0.02 dmap=+0/-0 shz=4.0 plan=18 cmd=(lx=+0.00,ly=+0.40,rx=+0.00)
  t= 31.1 DWA-F pos=(-2.19,-0.06) yaw=+167.5 d=4.01 goal_err=-38 carrot_err= -27 c0=0.82 clear=0.55 prog=0.29 rel=0.89 bal=-0.53 obs=208 hard=205 obsc=219 yr=  0  nz=0.11 flt=0.01 dmap=+0/-0 shz=4.0 plan=18 cmd=(lx=+0.00,ly=+0.40,rx=+0.00)
  t= 31.5 DWA-F pos=(-2.23,-0.05) yaw=+167.5 d=3.97 goal_err=-39 carrot_err= -28 c0=0.78 clear=0.52 prog=0.27 rel=0.88 bal=-0.53 obs=209 hard=205 obsc=220 yr=  0  nz=0.12 flt=0.01 dmap=+0/-0 shz=4.0 plan=18 cmd=(lx=+0.00,ly=+0.40,rx=+0.00)
  t= 32.0 DWA-F pos=(-2.29,-0.04) yaw=+167.5 d=3.93 goal_err=-39 carrot_err= -29 c0=0.91 clear=0.61 prog=0.28 rel=0.89 bal=-0.53 obs=210 hard=207 obsc=222 yr=  0  nz=0.11 flt=0.02 dmap=+0/-0 shz=4.0 plan=18 cmd=(lx=+0.00,ly=+0.40,rx=+0.00)
  t= 32.4 DWA-F pos=(-2.33,-0.03) yaw=+167.5 d=3.89 goal_err=-39 carrot_err= -31 c0=0.87 clear=0.58 prog=0.28 rel=0.91 bal=-0.53 obs=212 hard=207 obsc=223 yr=  0  nz=0.09 flt=0.00 dmap=+0/-0 shz=4.0 plan=18 cmd=(lx=+0.00,ly=+0.40,rx=+0.45)
  t= 32.8 DWA-F pos=(-2.37,-0.02) yaw=+164.3 d=3.86 goal_err=-37 carrot_err= -29 c0=0.83 clear=0.55 prog=0.28 rel=0.91 bal=-0.53 obs=210 hard=208 obsc=224 yr=  0  nz=0.09 flt=0.00 dmap=+1/-3 shz=4.0 plan=18 cmd=(lx=+0.00,ly=+0.40,rx=+0.45)
  t= 33.3 DWA-F pos=(-2.42,-0.00) yaw=+161.1 d=3.82 goal_err=-34 carrot_err= -27 c0=0.78 clear=0.52 prog=0.28 rel=0.92 bal=-0.52 obs=210 hard=207 obsc=222 yr=  0  nz=0.08 flt=0.03 dmap=+1/-1 shz=4.0 plan=18 cmd=(lx=+0.00,ly=+0.40,rx=+0.00)
  t= 33.7 DWA-F pos=(-2.46,+0.01) yaw=+161.1 d=3.79 goal_err=-34 carrot_err= -28 c0=0.74 clear=0.49 prog=0.29 rel=0.93 bal=-0.51 obs=210 hard=205 obsc=222 yr=  0  nz=0.07 flt=0.01 dmap=+0/-0 shz=4.0 plan=17 cmd=(lx=+0.00,ly=+0.40,rx=+0.45)
  t= 34.1 DWA-F pos=(-2.51,+0.03) yaw=+157.9 d=3.74 goal_err=-31 carrot_err= -27 c0=0.69 clear=0.46 prog=0.29 rel=0.92 bal=-0.50 obs=215 hard=211 obsc=228 yr=  0  nz=0.08 flt=0.13 dmap=+0/-0 shz=4.0 plan=17 cmd=(lx=+0.00,ly=+0.40,rx=+0.00)
  t= 34.6 DWA-F pos=(-2.55,+0.05) yaw=+157.9 d=3.70 goal_err=-32 carrot_err= -29 c0=1.05 clear=0.70 prog=0.30 rel=0.90 bal=-0.48 obs=216 hard=211 obsc=228 yr=  0G nz=0.10 flt=0.01 dmap=+0/-0 shz=4.0 plan=17 cmd=(lx=+0.00,ly=+0.40,rx=+0.45)
  t= 35.0 ENG-F pos=(-2.59,+0.06) yaw=+154.7 d=3.67 goal_err=-29 carrot_err= -25 c0=1.02 clear=0.68 prog=0.30 rel=0.77 bal=-0.48 obs=214 hard=211 obsc=230 yr=  0  nz=0.23 flt=0.02 dmap=+0/-0 shz=4.0 plan=17 cmd=(lx=+0.00,ly=+0.28,rx=+0.00)
  t= 35.4 ENG-F pos=(-2.62,+0.08) yaw=+154.7 d=3.64 goal_err=-29 carrot_err= -26 c0=0.99 clear=0.66 prog=0.29 rel=0.77 bal=-0.36 obs=218 hard=213 obsc=231 yr=  0  nz=0.23 flt=0.00 dmap=+0/-0 shz=4.0 plan=17 cmd=(lx=+0.00,ly=+0.28,rx=+0.00)
  t= 35.8 ENG-F pos=(-2.65,+0.09) yaw=+154.7 d=3.60 goal_err=-29 carrot_err= -27 c0=0.95 clear=0.64 prog=0.27 rel=0.81 bal=-0.40 obs=218 hard=213 obsc=230 yr=  0  nz=0.19 flt=0.01 dmap=+2/-1 shz=3.9 plan=17 cmd=(lx=+0.00,ly=+0.28,rx=+0.00)
  t= 36.3 ENG-F pos=(-2.69,+0.11) yaw=+154.7 d=3.56 goal_err=-30 carrot_err= -19 c0=0.91 clear=0.61 prog=0.27 rel=0.92 bal=-0.41 obs=218 hard=212 obsc=229 yr=  0  nz=0.08 flt=0.01 dmap=+0/-0 shz=4.0 plan=17 cmd=(lx=+0.00,ly=+0.28,rx=+0.00)
  t= 36.7 ENG-F pos=(-2.73,+0.13) yaw=+154.7 d=3.53 goal_err=-30 carrot_err= -20 c0=0.88 clear=0.58 prog=0.26 rel=0.92 bal=-0.35 obs=217 hard=213 obsc=228 yr=  0  nz=0.08 flt=0.01 dmap=+0/-0 shz=4.0 plan=16 cmd=(lx=+0.00,ly=+0.28,rx=+0.00)
  t= 37.1 ENG-F pos=(-2.76,+0.14) yaw=+154.7 d=3.50 goal_err=-30 carrot_err= -20 c0=0.84 clear=0.56 prog=0.26 rel=0.92 bal=-0.35 obs=219 hard=215 obsc=230 yr=  0  nz=0.08 flt=0.02 dmap=+2/-0 shz=4.0 plan=16 cmd=(lx=+0.00,ly=+0.28,rx=+0.00)
  t= 37.5 ENG-F pos=(-2.79,+0.16) yaw=+154.7 d=3.47 goal_err=-31 carrot_err= -21 c0=0.81 clear=0.54 prog=0.26 rel=0.92 bal=-0.29 obs=218 hard=216 obsc=230 yr=  0  nz=0.08 flt=0.02 dmap=+0/-0 shz=4.0 plan=16 cmd=(lx=+0.00,ly=+0.28,rx=+0.00)
  t= 38.0 ENG-F pos=(-2.82,+0.18) yaw=+154.7 d=3.44 goal_err=-31 carrot_err= -22 c0=0.78 clear=0.52 prog=0.26 rel=0.92 bal=-0.29 obs=218 hard=213 obsc=228 yr=  0  nz=0.08 flt=0.01 dmap=+0/-0 shz=4.0 plan=16 cmd=(lx=+0.00,ly=+0.28,rx=+0.00)
  t= 38.4 ENG-F pos=(-2.86,+0.19) yaw=+154.7 d=3.41 goal_err=-31 carrot_err= -23 c0=0.74 clear=0.50 prog=0.24 rel=0.92 bal=-0.30 obs=220 hard=217 obsc=231 yr=  0  nz=0.08 flt=0.00 dmap=+3/-0 shz=4.0 plan=16 cmd=(lx=+0.00,ly=+0.28,rx=+0.00)
  t= 38.8 ENG-F pos=(-2.89,+0.21) yaw=+154.7 d=3.38 goal_err=-32 carrot_err= -24 c0=0.74 clear=0.49 prog=0.24 rel=0.92 bal=-0.30 obs=222 hard=218 obsc=232 yr=  0  nz=0.08 flt=0.01 dmap=+0/-0 shz=4.0 plan=16 cmd=(lx=+0.00,ly=+0.28,rx=+0.00)
  t= 39.2 ENG-F pos=(-2.92,+0.22) yaw=+154.7 d=3.35 goal_err=-32 carrot_err= -25 c0=0.70 clear=0.47 prog=0.24 rel=0.94 bal=-0.18 obs=220 hard=219 obsc=232 yr=  0  nz=0.06 flt=0.01 dmap=+0/-0 shz=4.0 plan=16 cmd=(lx=+0.00,ly=+0.28,rx=+0.00)
  t= 39.7 ENG-T pos=(-2.96,+0.24) yaw=+154.7 d=3.31 goal_err=-32 carrot_err= -25 c0=0.66 clear=0.44 prog=0.25 rel=0.94 bal=-0.19 obs=219 hard=218 obsc=230 yr=  0  nz=0.06 flt=0.02 dmap=+0/-1 shz=3.9 plan=16 cmd=(lx=+0.00,ly=+0.00,rx=+0.45)
  t= 40.1 ENG-F pos=(-2.98,+0.25) yaw=+151.4 d=3.30 goal_err=-29 carrot_err= -24 c0=0.64 clear=0.43 prog=0.23 rel=0.93 bal=-0.19 obs=224 hard=220 obsc=237 yr=  0  nz=0.07 flt=0.09 dmap=+5/-0 shz=4.0 plan=16 cmd=(lx=+0.00,ly=+0.28,rx=+0.00)
  t= 40.5 ENG-F pos=(-3.01,+0.27) yaw=+151.4 d=3.26 goal_err=-30 carrot_err= -25 c0=0.60 clear=0.40 prog=0.23 rel=0.93 bal=-0.19 obs=224 hard=220 obsc=237 yr=  0  nz=0.07 flt=0.06 dmap=+0/-0 shz=3.9 plan=16 cmd=(lx=+0.00,ly=+0.28,rx=+0.00)
  t= 40.9 ENG-F pos=(-3.03,+0.28) yaw=+149.8 d=3.24 goal_err=-28 carrot_err= -25 c0=0.58 clear=0.39 prog=0.21 rel=0.93 bal=-0.23 obs=224 hard=219 obsc=237 yr= 15G nz=0.07 flt=0.16 dmap=+0/-0 shz=3.9 plan=16 cmd=(lx=+0.00,ly=+0.28,rx=+0.00)
  t= 41.4 ENG-F pos=(-3.06,+0.29) yaw=+148.2 d=3.22 goal_err=-27 carrot_err= -24 c0=0.55 clear=0.37 prog=0.19 rel=0.94 bal=-0.24 obs=230 hard=219 obsc=240 yr=  0  nz=0.07 flt=0.06 dmap=+1/-0 shz=4.0 plan=16 cmd=(lx=+0.00,ly=+0.28,rx=+0.00)
  t= 41.8 ENG-T pos=(-3.09,+0.31) yaw=+148.2 d=3.18 goal_err=-27 carrot_err= -26 c0=0.52 clear=0.35 prog=0.21 rel=0.94 bal=-0.24 obs=229 hard=220 obsc=240 yr=  0G nz=0.06 flt=0.00 dmap=+0/-0 shz=4.0 plan=16 cmd=(lx=+0.00,ly=+0.00,rx=+0.45)
  t= 42.2 ENG-F pos=(-3.10,+0.32) yaw=+145.0 d=3.17 goal_err=-24 carrot_err= -19 c0=0.57 clear=0.38 prog=0.19 rel=0.95 bal=-0.19 obs=226 hard=220 obsc=240 yr=  0  nz=0.05 flt=0.02 dmap=+1/-0 shz=4.0 plan=16 cmd=(lx=+0.00,ly=+0.28,rx=+0.00)
  t= 42.6 ENG-T pos=(-3.13,+0.34) yaw=+145.0 d=3.14 goal_err=-24 carrot_err= -19 c0=0.54 clear=0.36 prog=0.19 rel=0.95 bal=-0.19 obs=226 hard=220 obsc=237 yr=  0G nz=0.05 flt=0.02 dmap=+1/-0 shz=4.0 plan=16 cmd=(lx=+0.00,ly=+0.00,rx=+0.45)
  t= 43.1 ENG-F pos=(-3.14,+0.35) yaw=+138.6 d=3.13 goal_err=-18 carrot_err= -13 c0=0.53 clear=0.35 prog=0.18 rel=0.95 bal=-0.18 obs=226 hard=220 obsc=237 yr= 15  nz=0.04 flt=0.26 dmap=+0/-0 shz=4.0 plan=15 cmd=(lx=+0.00,ly=+0.28,rx=+0.00)
  t= 43.5 ENG-F pos=(-3.16,+0.37) yaw=+138.6 d=3.10 goal_err=-18 carrot_err= -14 c0=0.68 clear=0.45 prog=0.18 rel=0.90 bal=-0.17 obs=229 hard=220 obsc=242 yr=  0  nz=0.10 flt=0.07 dmap=+0/-0 shz=4.0 plan=15 cmd=(lx=+0.00,ly=+0.28,rx=+0.00)
  t= 43.9 ENG-F pos=(-3.18,+0.39) yaw=+138.6 d=3.07 goal_err=-18 carrot_err= -14 c0=0.65 clear=0.43 prog=0.20 rel=0.88 bal=+0.46 obs=230 hard=219 obsc=241 yr=  0  nz=0.12 flt=0.02 dmap=+1/-0 shz=4.0 plan=15 cmd=(lx=+0.00,ly=+0.28,rx=+0.00)
  t= 44.3 ENG-F pos=(-3.19,+0.40) yaw=+135.4 d=3.06 goal_err=-15 carrot_err= -11 c0=1.08 clear=0.72 prog=0.17 rel=0.88 bal=+0.47 obs=230 hard=219 obsc=241 yr= 15  nz=0.12 flt=0.01 dmap=+0/-0 shz=4.0 plan=15 cmd=(lx=+0.00,ly=+0.28,rx=+0.00)
  t= 44.8 ENG-T pos=(-3.21,+0.42) yaw=+135.4 d=3.03 goal_err=-15 carrot_err= -12 c0=0.87 clear=0.58 prog=0.17 rel=0.79 bal=+0.48 obs=235 hard=226 obsc=247 yr=  0  nz=0.21 flt=0.00 dmap=+0/-0 shz=4.0 plan=15 cmd=(lx=+0.00,ly=+0.00,rx=+0.45)
  t= 45.2 ENG-F pos=(-3.22,+0.43) yaw=+130.6 d=3.01 goal_err=-11 carrot_err=  -7 c0=0.86 clear=0.57 prog=0.17 rel=0.82 bal=+0.48 obs=235 hard=226 obsc=247 yr= 30G nz=0.18 flt=0.28 dmap=+0/-0 shz=4.0 plan=15 cmd=(lx=+0.00,ly=+0.28,rx=+0.00)
  t= 45.6 ENG-AL. pos=(-3.24,+0.44) yaw=+129.0 d=2.99 goal_err=-9 carrot_err=  -6 c0=1.39 clear=0.92 prog=0.16 rel=0.63 bal=-0.12 obs=235 hard=224 obsc=247 yr=  0  nz=0.37 flt=0.05 dmap=+0/-0 shz=4.0 plan=15 cmd=(lx=+0.00,ly=+0.00,rx=+0.00)
  t= 46.0 ENG-GO pos=(-3.25,+0.46) yaw=+129.0 d=2.97 goal_err=-9 carrot_err=  -6 c0=1.37 clear=0.91 prog=0.14 rel=0.60 bal=-0.12 obs=233 hard=223 obsc=245 yr=  0  nz=0.40 flt=0.01 dmap=+0/-0 shz=4.0 plan=15 cmd=(lx=+0.00,ly=+0.28,rx=+0.00)
  t= 46.5 ENG-GO pos=(-3.27,+0.48) yaw=+129.0 d=2.94 goal_err=-9 carrot_err=  -6 c0=1.34 clear=0.89 prog=0.17 rel=0.60 bal=+0.52 obs=233 hard=226 obsc=246 yr=  0  nz=0.40 flt=0.01 dmap=+0/-1 shz=4.0 plan=15 cmd=(lx=+0.00,ly=+0.28,rx=+0.00)
  t= 46.9 ENG-GO pos=(-3.29,+0.51) yaw=+129.0 d=2.91 goal_err=-9 carrot_err=  -3 c0=1.31 clear=0.87 prog=0.17 rel=0.72 bal=+0.53 obs=232 hard=225 obsc=245 yr=  0  nz=0.28 flt=0.01 dmap=+0/-0 shz=4.0 plan=15 cmd=(lx=+0.00,ly=+0.28,rx=+0.00)
  t= 47.3 ENG-GO pos=(-3.31,+0.53) yaw=+129.0 d=2.88 goal_err=-9 carrot_err=  -3 c0=1.28 clear=0.85 prog=0.22 rel=0.94 bal=+0.55 obs=233 hard=222 obsc=244 yr=  0  nz=0.06 flt=0.00 dmap=+0/-0 shz=4.0 plan=15 cmd=(lx=+0.00,ly=+0.28,rx=+0.00)
  t= 47.7 ENG-GO pos=(-3.34,+0.57) yaw=+129.0 d=2.84 goal_err=-10 carrot_err=  -0 c0=1.24 clear=0.82 prog=0.26 rel=0.94 bal=+0.16 obs=231 hard=222 obsc=243 yr=  0  nz=0.06 flt=0.01 dmap=+0/-1 shz=3.9 plan=13 cmd=(lx=+0.00,ly=+0.28,rx=+0.00)
  t= 48.2 ENG-GO pos=(-3.36,+0.60) yaw=+129.0 d=2.80 goal_err=-10 carrot_err=  -1 c0=1.20 clear=0.80 prog=0.27 rel=0.93 bal=+0.02 obs=231 hard=224 obsc=243 yr=  0  nz=0.07 flt=0.02 dmap=+1/-1 shz=4.0 plan=13 cmd=(lx=+0.00,ly=+0.28,rx=+0.00)
  t= 48.6 ENG-GO pos=(-3.38,+0.62) yaw=+129.0 d=2.77 goal_err=-10 carrot_err=  -1 c0=1.17 clear=0.78 prog=0.28 rel=0.92 bal=+0.03 obs=232 hard=221 obsc=244 yr=  0  nz=0.08 flt=0.01 dmap=+0/-0 shz=3.9 plan=13 cmd=(lx=+0.00,ly=+0.28,rx=+0.00)
  t= 49.0 ENG-GO pos=(-3.41,+0.65) yaw=+129.0 d=2.73 goal_err=-10 carrot_err=  -1 c0=1.14 clear=0.76 prog=0.29 rel=0.92 bal=+0.03 obs=233 hard=222 obsc=244 yr=  0  nz=0.08 flt=0.01 dmap=+1/-0 shz=3.9 plan=13 cmd=(lx=+0.00,ly=+0.28,rx=+0.00)
  t= 49.4 ENG-GO pos=(-3.43,+0.68) yaw=+129.0 d=2.70 goal_err=-10 carrot_err=  -1 c0=1.10 clear=0.73 prog=0.29 rel=0.93 bal=+0.01 obs=232 hard=225 obsc=247 yr=  0  nz=0.07 flt=0.01 dmap=+2/-4 shz=4.0 plan=13 cmd=(lx=+0.00,ly=+0.28,rx=+0.00)
  t= 49.9 ENG-GO pos=(-3.45,+0.71) yaw=+129.0 d=2.66 goal_err=-10 carrot_err=  -1 c0=1.07 clear=0.71 prog=0.28 rel=0.94 bal=-0.07 obs=232 hard=223 obsc=243 yr=  0  nz=0.06 flt=0.01 dmap=+0/-0 shz=4.0 plan=13 cmd=(lx=+0.00,ly=+0.28,rx=+0.00)
  t= 50.3 ENG-GO pos=(-3.47,+0.74) yaw=+129.0 d=2.62 goal_err=-10 carrot_err=  -1 c0=1.04 clear=0.69 prog=0.28 rel=0.91 bal=+0.04 obs=229 hard=219 obsc=240 yr=  0  nz=0.09 flt=0.00 dmap=+0/-0 shz=4.0 plan=13 cmd=(lx=+0.00,ly=+0.28,rx=+0.00)
  t= 50.7 ENG-GO pos=(-3.50,+0.76) yaw=+129.0 d=2.59 goal_err=-11 carrot_err=  -1 c0=1.08 clear=0.72 prog=0.28 rel=0.91 bal=+0.04 obs=229 hard=220 obsc=239 yr=  0  nz=0.09 flt=0.01 dmap=+0/-0 shz=4.0 plan=13 cmd=(lx=+0.00,ly=+0.28,rx=+0.00)
  t= 51.1 ENG-GO pos=(-3.52,+0.79) yaw=+129.0 d=2.55 goal_err=-11 carrot_err=  +1 c0=1.05 clear=0.70 prog=0.28 rel=0.95 bal=+0.04 obs=229 hard=220 obsc=239 yr=  0  nz=0.05 flt=0.01 dmap=+0/-0 shz=4.0 plan=12 cmd=(lx=+0.00,ly=+0.28,rx=+0.00)
  t= 51.6 ENG-GO pos=(-3.55,+0.83) yaw=+129.0 d=2.51 goal_err=-11 carrot_err=  +1 c0=1.01 clear=0.67 prog=0.29 rel=0.95 bal=+0.04 obs=229 hard=221 obsc=240 yr=  0  nz=0.04 flt=0.00 dmap=+0/-0 shz=4.0 plan=12 cmd=(lx=+0.00,ly=+0.28,rx=+0.00)
  t= 52.0 ENG-GO pos=(-3.57,+0.85) yaw=+129.0 d=2.47 goal_err=-11 carrot_err=  +1 c0=0.99 clear=0.66 prog=0.29 rel=0.95 bal=+0.04 obs=229 hard=219 obsc=240 yr=  0  nz=0.05 flt=0.00 dmap=+0/-0 shz=4.0 plan=12 cmd=(lx=+0.00,ly=+0.28,rx=+0.00)
  t= 52.4 ENG-GO pos=(-3.59,+0.88) yaw=+129.0 d=2.44 goal_err=-11 carrot_err=  +1 c0=0.96 clear=0.64 prog=0.29 rel=0.94 bal=+0.04 obs=229 hard=219 obsc=240 yr=  0  nz=0.06 flt=0.00 dmap=+0/-0 shz=4.0 plan=12 cmd=(lx=+0.00,ly=+0.28,rx=+0.00)
  t= 52.8 ENG-GO pos=(-3.62,+0.91) yaw=+129.0 d=2.40 goal_err=-11 carrot_err=  +1 c0=0.92 clear=0.62 prog=0.29 rel=0.94 bal=-0.08 obs=227 hard=218 obsc=238 yr=  0  nz=0.06 flt=0.01 dmap=+0/-0 shz=4.0 plan=12 cmd=(lx=+0.00,ly=+0.28,rx=+0.00)
  t= 53.2 ENG-GO pos=(-3.64,+0.94) yaw=+129.0 d=2.37 goal_err=-12 carrot_err=  +1 c0=0.89 clear=0.59 prog=0.28 rel=0.94 bal=-0.08 obs=227 hard=220 obsc=239 yr=  0  nz=0.06 flt=0.01 dmap=+1/-2 shz=4.0 plan=12 cmd=(lx=+0.00,ly=+0.28,rx=+0.00)
  t= 53.7 ENG-GO pos=(-3.66,+0.97) yaw=+129.0 d=2.33 goal_err=-12 carrot_err=  +1 c0=0.86 clear=0.57 prog=0.28 rel=0.92 bal=-0.08 obs=228 hard=219 obsc=238 yr=  0  nz=0.08 flt=0.00 dmap=+0/-0 shz=4.0 plan=12 cmd=(lx=+0.00,ly=+0.28,rx=+0.00)
  t= 54.1 ENG-GO pos=(-3.68,+0.99) yaw=+129.0 d=2.30 goal_err=-12 carrot_err=  +1 c0=0.82 clear=0.55 prog=0.28 rel=0.93 bal=+0.03 obs=227 hard=219 obsc=238 yr=  0  nz=0.07 flt=0.00 dmap=+1/-0 shz=4.0 plan=11 cmd=(lx=+0.00,ly=+0.28,rx=+0.00)
  t= 54.5 ENG-GO pos=(-3.71,+1.03) yaw=+129.0 d=2.25 goal_err=-12 carrot_err=  +2 c0=0.78 clear=0.52 prog=0.29 rel=0.93 bal=+0.03 obs=225 hard=217 obsc=235 yr=  0  nz=0.07 flt=0.01 dmap=+0/-0 shz=4.0 plan=11 cmd=(lx=+0.00,ly=+0.28,rx=+0.00)
  t= 55.0 ENG-GO pos=(-3.73,+1.06) yaw=+129.0 d=2.22 goal_err=-12 carrot_err=  +2 c0=0.75 clear=0.50 prog=0.29 rel=0.92 bal=+0.02 obs=225 hard=217 obsc=235 yr=  0  nz=0.08 flt=0.00 dmap=+0/-0 shz=4.0 plan=11 cmd=(lx=+0.00,ly=+0.28,rx=+0.00)
  t= 55.4 ENG-GO pos=(-3.76,+1.09) yaw=+129.0 d=2.18 goal_err=-13 carrot_err=  +3 c0=0.72 clear=0.48 prog=0.29 rel=0.92 bal=+0.01 obs=224 hard=217 obsc=234 yr=  0  nz=0.08 flt=0.00 dmap=+0/-0 shz=4.0 plan=11 cmd=(lx=+0.00,ly=+0.28,rx=+0.00)
  t= 55.8 ENG-GO pos=(-3.78,+1.11) yaw=+129.0 d=2.15 goal_err=-13 carrot_err=  +3 c0=0.95 clear=0.64 prog=0.29 rel=0.89 bal=+0.01 obs=225 hard=217 obsc=235 yr=  0  nz=0.11 flt=0.00 dmap=+1/-0 shz=4.0 plan=10 cmd=(lx=+0.00,ly=+0.28,rx=+0.00)
  t= 56.2 ENG-GO pos=(-3.80,+1.14) yaw=+129.0 d=2.11 goal_err=-13 carrot_err=  +3 c0=0.92 clear=0.61 prog=0.29 rel=0.84 bal=-0.01 obs=226 hard=219 obsc=237 yr=  0  nz=0.16 flt=0.00 dmap=+0/-1 shz=4.0 plan=10 cmd=(lx=+0.00,ly=+0.28,rx=+0.00)
  t= 56.7 ENG-GO pos=(-3.82,+1.17) yaw=+129.0 d=2.08 goal_err=-13 carrot_err=  +3 c0=0.89 clear=0.59 prog=0.28 rel=0.86 bal=-0.02 obs=227 hard=220 obsc=238 yr=  0  nz=0.14 flt=0.01 dmap=+0/-0 shz=4.0 plan=10 cmd=(lx=+0.00,ly=+0.28,rx=+0.00)
  t= 57.1 ENG-GO pos=(-3.85,+1.20) yaw=+129.0 d=2.04 goal_err=-13 carrot_err=  +4 c0=0.85 clear=0.57 prog=0.28 rel=0.88 bal=-0.03 obs=230 hard=221 obsc=240 yr=  0  nz=0.12 flt=0.00 dmap=+1/-0 shz=4.0 plan=10 cmd=(lx=+0.00,ly=+0.28,rx=+0.00)
  t= 57.5 ENG-GO pos=(-3.87,+1.23) yaw=+129.0 d=2.01 goal_err=-14 carrot_err=  +4 c0=0.82 clear=0.55 prog=0.28 rel=0.92 bal=-0.00 obs=227 hard=220 obsc=239 yr=  0  nz=0.08 flt=0.01 dmap=+0/-2 shz=4.0 plan=10 cmd=(lx=+0.00,ly=+0.28,rx=+0.00)
  t= 57.9 ENG-GO pos=(-3.90,+1.26) yaw=+129.0 d=1.96 goal_err=-14 carrot_err=  +4 c0=1.61 clear=1.00 prog=0.29 rel=0.93 bal=-0.02 obs=224 hard=220 obsc=239 yr=  0  nz=0.07 flt=0.01 dmap=+0/-0 shz=4.0 plan=10 cmd=(lx=+0.00,ly=+0.28,rx=+0.00)
  t= 58.4 ENG-GO pos=(-3.92,+1.29) yaw=+129.0 d=1.93 goal_err=-14 carrot_err= -11 c0=1.57 clear=1.00 prog=0.29 rel=0.47 bal=+0.06 obs=222 hard=215 obsc=233 yr=  0  nz=0.53 flt=0.01 dmap=+0/-0 shz=4.0 plan=10 cmd=(lx=+0.00,ly=+0.28,rx=+0.00)
  t= 58.8 ENG-GO pos=(-3.94,+1.32) yaw=+129.0 d=1.89 goal_err=-14 carrot_err= -12 c0=1.54 clear=1.00 prog=0.29 rel=0.43 bal=+0.05 obs=225 hard=216 obsc=235 yr=  0  nz=0.57 flt=0.01 dmap=+1/-0 shz=4.0 plan=10 cmd=(lx=+0.00,ly=+0.28,rx=+0.00)
  t= 59.2 ENG-GO pos=(-3.97,+1.34) yaw=+129.0 d=1.86 goal_err=-15 carrot_err= -12 c0=1.50 clear=1.00 prog=0.29 rel=0.56 bal=+0.03 obs=222 hard=216 obsc=235 yr=  0  nz=0.44 flt=0.00 dmap=+0/-0 shz=4.0 plan=9 cmd=(lx=+0.00,ly=+0.28,rx=+0.00)
  t= 59.6 ENG-GO pos=(-3.99,+1.37) yaw=+129.0 d=1.83 goal_err=-15 carrot_err= -13 c0=1.47 clear=0.98 prog=0.28 rel=0.93 bal=-0.01 obs=222 hard=217 obsc=235 yr=  0  nz=0.07 flt=0.00 dmap=+0/-0 shz=4.0 plan=9 cmd=(lx=+0.00,ly=+0.28,rx=+0.00)
  t= 60.0 ENG-GO pos=(-4.01,+1.40) yaw=+129.0 d=1.79 goal_err=-15 carrot_err= -13 c0=1.43 clear=0.95 prog=0.27 rel=0.94 bal=-0.01 obs=222 hard=216 obsc=232 yr=  0  nz=0.06 flt=0.02 dmap=+2/-2 shz=4.0 plan=9 cmd=(lx=+0.00,ly=+0.28,rx=+0.00)
  t= 60.5 ENG-GO pos=(-4.04,+1.44) yaw=+129.0 d=1.75 goal_err=-16 carrot_err= -14 c0=1.39 clear=0.93 prog=0.29 rel=0.93 bal=-0.00 obs=222 hard=217 obsc=233 yr=  0  nz=0.07 flt=0.01 dmap=+0/-0 shz=4.0 plan=9 cmd=(lx=+0.00,ly=+0.28,rx=+0.00)
  t= 60.9 ENG-GO pos=(-4.06,+1.46) yaw=+129.0 d=1.71 goal_err=-16 carrot_err= -14 c0=1.36 clear=0.90 prog=0.29 rel=0.92 bal=+0.01 obs=222 hard=216 obsc=233 yr=  0  nz=0.08 flt=0.00 dmap=+0/-0 shz=4.0 plan=9 cmd=(lx=+0.00,ly=+0.28,rx=+0.00)
  t= 61.3 ENG-GO pos=(-4.09,+1.49) yaw=+129.0 d=1.68 goal_err=-16 carrot_err= -15 c0=1.32 clear=0.88 prog=0.29 rel=0.93 bal=-0.04 obs=224 hard=217 obsc=234 yr=  0  nz=0.07 flt=0.00 dmap=+0/-0 shz=4.0 plan=9 cmd=(lx=+0.00,ly=+0.28,rx=+0.00)
  t= 61.7 ENG-GO pos=(-4.11,+1.52) yaw=+129.0 d=1.64 goal_err=-17 carrot_err= -10 c0=1.29 clear=0.86 prog=0.29 rel=0.92 bal=+0.08 obs=223 hard=218 obsc=235 yr=  0  nz=0.08 flt=0.00 dmap=+0/-0 shz=4.0 plan=9 cmd=(lx=+0.00,ly=+0.28,rx=+0.00)
  t= 62.2 ENG-GO pos=(-4.13,+1.55) yaw=+129.0 d=1.61 goal_err=-17 carrot_err= -10 c0=1.25 clear=0.83 prog=0.29 rel=0.93 bal=-0.55 obs=219 hard=214 obsc=230 yr=  0  nz=0.07 flt=0.03 dmap=+0/-0 shz=4.0 plan=8 cmd=(lx=+0.00,ly=+0.28,rx=+0.00)
  t= 62.6 ENG-GO pos=(-4.15,+1.58) yaw=+129.0 d=1.57 goal_err=-17 carrot_err= -11 c0=1.22 clear=0.81 prog=0.27 rel=0.93 bal=-0.57 obs=224 hard=215 obsc=233 yr=  0  nz=0.07 flt=0.00 dmap=+2/-0 shz=4.0 plan=8 cmd=(lx=+0.00,ly=+0.28,rx=+0.00)
  t= 63.0 ENG-GO pos=(-4.18,+1.60) yaw=+129.0 d=1.54 goal_err=-18 carrot_err= -11 c0=1.19 clear=0.79 prog=0.27 rel=0.92 bal=-0.58 obs=225 hard=215 obsc=233 yr=  0  nz=0.08 flt=0.00 dmap=+0/-0 shz=4.0 plan=8 cmd=(lx=+0.00,ly=+0.28,rx=+0.00)
  t= 63.4 ENG-GO pos=(-4.20,+1.64) yaw=+129.0 d=1.50 goal_err=-18 carrot_err= -12 c0=1.14 clear=0.76 prog=0.28 rel=0.92 bal=-0.60 obs=227 hard=218 obsc=236 yr=  0  nz=0.08 flt=0.00 dmap=+0/-0 shz=4.0 plan=8 cmd=(lx=+0.00,ly=+0.28,rx=+0.00)
  t= 63.9 ENG-GO pos=(-4.23,+1.67) yaw=+129.0 d=1.46 goal_err=-19 carrot_err= -12 c0=1.11 clear=0.74 prog=0.28 rel=0.92 bal=-0.37 obs=229 hard=222 obsc=240 yr=  0  nz=0.08 flt=0.00 dmap=+1/-2 shz=4.0 plan=8 cmd=(lx=+0.00,ly=+0.28,rx=+0.00)
  t= 64.3 ENG-GO pos=(-4.25,+1.69) yaw=+129.0 d=1.43 goal_err=-19 carrot_err= -13 c0=1.08 clear=0.72 prog=0.28 rel=0.92 bal=-0.37 obs=229 hard=221 obsc=238 yr=  0  nz=0.08 flt=0.01 dmap=+0/-0 shz=4.0 plan=8 cmd=(lx=+0.00,ly=+0.28,rx=+0.00)
  t= 64.7 ENG-GO pos=(-4.27,+1.72) yaw=+129.0 d=1.40 goal_err=-20 carrot_err= -13 c0=1.04 clear=0.70 prog=0.28 rel=0.92 bal=-0.15 obs=230 hard=223 obsc=240 yr=  0  nz=0.08 flt=0.00 dmap=+0/-0 shz=4.0 plan=8 cmd=(lx=+0.00,ly=+0.28,rx=+0.00)
  t= 65.1 ENG-GO pos=(-4.29,+1.75) yaw=+129.0 d=1.36 goal_err=-20 carrot_err= -19 c0=1.01 clear=0.67 prog=0.28 rel=0.92 bal=-0.26 obs=229 hard=219 obsc=238 yr=  0  nz=0.08 flt=0.00 dmap=+1/-2 shz=4.0 plan=8 cmd=(lx=+0.00,ly=+0.28,rx=+0.00)
  t= 65.6 ENG-GO pos=(-4.32,+1.78) yaw=+129.0 d=1.33 goal_err=-21 carrot_err= -20 c0=1.08 clear=0.72 prog=0.27 rel=0.93 bal=-0.27 obs=231 hard=220 obsc=240 yr=  0  nz=0.07 flt=0.00 dmap=+1/-0 shz=4.0 plan=7 cmd=(lx=+0.00,ly=+0.28,rx=+0.00)
  t= 66.0 ENG-GO pos=(-4.34,+1.81) yaw=+129.0 d=1.29 goal_err=-21 carrot_err= -21 c0=1.05 clear=0.70 prog=0.27 rel=0.94 bal=-0.28 obs=230 hard=220 obsc=241 yr=  0  nz=0.06 flt=0.00 dmap=+0/-0 shz=4.0 plan=7 cmd=(lx=+0.00,ly=+0.28,rx=+0.00)
  t= 66.4 ENG-GO pos=(-4.36,+1.83) yaw=+129.0 d=1.26 goal_err=-22 carrot_err= -22 c0=1.01 clear=0.67 prog=0.26 rel=0.94 bal=-0.30 obs=228 hard=221 obsc=239 yr=  0  nz=0.06 flt=0.00 dmap=+0/-2 shz=4.0 plan=7 cmd=(lx=+0.00,ly=+0.28,rx=+0.00)
  t= 66.8 DWA-F pos=(-4.39,+1.87) yaw=+129.0 d=1.22 goal_err=-23 carrot_err= -23 c0=0.96 clear=0.64 prog=0.28 rel=0.93 bal=-0.41 obs=229 hard=220 obsc=239 yr=  0  nz=0.07 flt=0.01 dmap=+0/-0 shz=4.0 plan=7 cmd=(lx=+0.00,ly=+0.40,rx=+0.00)
  t= 67.3 DWA-F pos=(-4.42,+1.91) yaw=+129.0 d=1.17 goal_err=-24 carrot_err= -16 c0=0.92 clear=0.61 prog=0.30 rel=0.92 bal=-0.42 obs=230 hard=220 obsc=240 yr=  0  nz=0.08 flt=0.01 dmap=+0/-0 shz=4.0 plan=7 cmd=(lx=+0.00,ly=+0.40,rx=+0.00)
  t= 67.7 DWA-F pos=(-4.45,+1.94) yaw=+129.0 d=1.13 goal_err=-25 carrot_err= -17 c0=0.88 clear=0.59 prog=0.31 rel=0.91 bal=-0.43 obs=230 hard=221 obsc=240 yr=  0  nz=0.09 flt=0.01 dmap=+0/-0 shz=4.0 plan=7 cmd=(lx=+0.00,ly=+0.40,rx=+0.00)
  t= 68.1 DWA-F pos=(-4.48,+1.98) yaw=+129.0 d=1.09 goal_err=-26 carrot_err= -18 c0=0.84 clear=0.56 prog=0.32 rel=0.91 bal=-0.47 obs=228 hard=220 obsc=238 yr=  0  nz=0.09 flt=0.00 dmap=+0/-1 shz=4.0 plan=7 cmd=(lx=+0.00,ly=+0.40,rx=+0.00)
  t= 68.6 DWA-F pos=(-4.51,+2.01) yaw=+129.0 d=1.05 goal_err=-27 carrot_err= -19 c0=0.80 clear=0.53 prog=0.31 rel=0.93 bal=-0.47 obs=232 hard=225 obsc=241 yr=  0  nz=0.07 flt=0.00 dmap=+0/-0 shz=4.0 plan=6 cmd=(lx=+0.00,ly=+0.40,rx=+0.00)
  t= 69.0 DWA-F pos=(-4.54,+2.05) yaw=+129.0 d=1.00 goal_err=-28 carrot_err= -20 c0=0.75 clear=0.50 prog=0.33 rel=0.92 bal=-0.48 obs=230 hard=221 obsc=239 yr=  0  nz=0.08 flt=0.01 dmap=+0/-0 shz=4.0 plan=6 cmd=(lx=+0.00,ly=+0.40,rx=+0.00)
  t= 69.4 DWA-F pos=(-4.57,+2.09) yaw=+129.0 d=0.97 goal_err=-29 carrot_err= -21 c0=0.70 clear=0.47 prog=0.33 rel=0.92 bal=-0.48 obs=228 hard=218 obsc=237 yr=  0  nz=0.08 flt=0.00 dmap=+0/-0 shz=3.9 plan=6 cmd=(lx=+0.00,ly=+0.40,rx=+0.00)
  t= 69.9 DWA-F pos=(-4.60,+2.12) yaw=+129.0 d=0.93 goal_err=-31 carrot_err= -26 c0=0.94 clear=0.62 prog=0.32 rel=0.86 bal=-0.49 obs=231 hard=222 obsc=240 yr=  0  nz=0.14 flt=0.00 dmap=+0/-0 shz=4.0 plan=5 cmd=(lx=+0.00,ly=+0.40,rx=+0.00)
  t= 70.3 DWA-F pos=(-4.62,+2.16) yaw=+129.0 d=0.89 goal_err=-32 carrot_err= -27 c0=0.89 clear=0.60 prog=0.32 rel=0.84 bal=-0.49 obs=231 hard=222 obsc=240 yr=  0  nz=0.16 flt=0.01 dmap=+0/-0 shz=4.0 plan=5 cmd=(lx=+0.00,ly=+0.40,rx=+0.00)
  t= 70.7 DWA-F pos=(-4.65,+2.19) yaw=+129.0 d=0.85 goal_err=-34 carrot_err= -29 c0=0.85 clear=0.57 prog=0.31 rel=0.84 bal=-0.49 obs=231 hard=223 obsc=241 yr=  0  nz=0.16 flt=0.01 dmap=+0/-0 shz=3.9 plan=5 cmd=(lx=+0.00,ly=+0.40,rx=+0.00)
  t= 71.1 DWA-F pos=(-4.68,+2.23) yaw=+129.0 d=0.82 goal_err=-35 carrot_err= -30 c0=0.81 clear=0.54 prog=0.29 rel=0.92 bal=-0.50 obs=233 hard=225 obsc=243 yr=  0G nz=0.08 flt=0.01 dmap=+0/-0 shz=4.0 plan=5 cmd=(lx=+0.00,ly=+0.40,rx=+0.45)
  t= 71.6 DWA-F pos=(-4.71,+2.27) yaw=+124.2 d=0.77 goal_err=-33 carrot_err= -27 c0=1.15 clear=0.77 prog=0.30 rel=0.81 bal=-0.49 obs=238 hard=230 obsc=248 yr=  0  nz=0.19 flt=0.07 dmap=+0/-0 shz=3.9 plan=5 cmd=(lx=+0.00,ly=+0.40,rx=+0.00)
  t= 72.0 DWA-F pos=(-4.74,+2.31) yaw=+124.2 d=0.73 goal_err=-35 carrot_err= -29 c0=1.11 clear=0.74 prog=0.30 rel=0.74 bal=-0.37 obs=237 hard=229 obsc=248 yr=  0G nz=0.26 flt=0.00 dmap=+0/-0 shz=4.0 plan=5 cmd=(lx=+0.00,ly=+0.40,rx=+0.45)
  t= 72.4 DWA-F pos=(-4.76,+2.35) yaw=+119.4 d=0.70 goal_err=-32 carrot_err= -26 c0=1.06 clear=0.71 prog=0.30 rel=0.76 bal=-0.37 obs=236 hard=228 obsc=246 yr=  0  nz=0.24 flt=0.04 dmap=+0/-1 shz=4.0 plan=5 cmd=(lx=+0.00,ly=+0.40,rx=+0.00)
  t= 72.9 DWA-F pos=(-4.78,+2.38) yaw=+119.4 d=0.66 goal_err=-34 carrot_err= -28 c0=1.02 clear=0.68 prog=0.30 rel=0.92 bal=-0.37 obs=237 hard=230 obsc=246 yr=  0  nz=0.08 flt=0.01 dmap=+0/-0 shz=4.0 plan=4 cmd=(lx=+0.00,ly=+0.40,rx=+0.45)
  t= 73.3 DWA-F pos=(-4.80,+2.42) yaw=+114.5 d=0.62 goal_err=-31 carrot_err= -25 c0=0.98 clear=0.65 prog=0.29 rel=0.91 bal=-0.37 obs=237 hard=229 obsc=246 yr= 15  nz=0.09 flt=0.03 dmap=+0/-0 shz=4.0 plan=4 cmd=(lx=+0.00,ly=+0.40,rx=+0.00)
  t= 73.7 DWA-F pos=(-4.83,+2.47) yaw=+114.5 d=0.57 goal_err=-34 carrot_err= -27 c0=0.93 clear=0.62 prog=0.30 rel=0.91 bal=-0.36 obs=235 hard=229 obsc=247 yr=  0G nz=0.09 flt=0.00 dmap=+0/-0 shz=4.0 plan=4 cmd=(lx=+0.00,ly=+0.40,rx=+0.45)
  t= 74.2 DWA-F pos=(-4.84,+2.51) yaw=+109.7 d=0.54 goal_err=-32 carrot_err= -25 c0=0.88 clear=0.59 prog=0.30 rel=0.90 bal=-0.35 obs=237 hard=228 obsc=246 yr=  0  nz=0.10 flt=0.01 dmap=+3/-1 shz=4.0 plan=4 cmd=(lx=+0.00,ly=+0.40,rx=+0.00)
  t= 74.6 DWA-F pos=(-4.86,+2.56) yaw=+106.5 d=0.50 goal_err=-31 carrot_err= -24 c0=0.84 clear=0.56 prog=0.30 rel=0.91 bal=-0.35 obs=237 hard=228 obsc=246 yr= 15G nz=0.09 flt=0.01 dmap=+0/-0 shz=4.0 plan=3 cmd=(lx=+0.00,ly=+0.40,rx=+0.00)
  t= 75.0 DWA-T pos=(-4.87,+2.60) yaw=+103.3 d=0.47 goal_err=-31 carrot_err= -23 c0=0.96 clear=0.64 prog=0.30 rel=0.91 bal=-0.34 obs=239 hard=231 obsc=251 yr= 15G nz=0.10 flt=0.05 dmap=+0/-0 shz=4.0 plan=3 cmd=(lx=+0.00,ly=+0.00,rx=+0.00)
  t= 75.5 DWA-T pos=(-4.87,+2.61) yaw=+100.1 d=0.45 goal_err=-29 carrot_err= -21 c0=0.95 clear=0.63 prog=0.24 rel=0.90 bal=-0.34 obs=238 hard=230 obsc=250 yr=  0  nz=0.10 flt=0.00 dmap=+0/-0 shz=4.0 plan=3 cmd=(lx=+0.00,ly=+0.00,rx=+0.00)
  t= 75.9 DWA-T pos=(-4.87,+2.61) yaw=+100.1 d=0.45 goal_err=-29 carrot_err= -21 c0=0.95 clear=0.63 prog=0.18 rel=0.90 bal=-0.34 obs=238 hard=230 obsc=250 yr=  0  nz=0.10 flt=0.00 dmap=+0/-0 shz=4.0 plan=3 cmd=(lx=+0.00,ly=+0.00,rx=+0.00)
  t= 76.3 DWA-T pos=(-4.87,+2.61) yaw=+100.1 d=0.45 goal_err=-29 carrot_err= -21 c0=0.95 clear=0.63 prog=0.12 rel=0.90 bal=-0.34 obs=238 hard=230 obsc=250 yr=  0  nz=0.10 flt=0.00 dmap=+0/-0 shz=4.0 plan=0 cmd=(lx=+0.00,ly=+0.00,rx=+0.00)
  t= 76.7 BRK-BK pos=(-4.87,+2.59) yaw=+100.1 d=0.47 goal_err=-27 carrot_err= -20 c0=0.97 clear=0.65 prog=0.02 rel=0.90 bal=-0.35 obs=235 hard=228 obsc=240 yr=  0  nz=0.10 flt=0.01 dmap=+0/-3 shz=3.7 plan=0 cmd=(lx=+0.00,ly=-0.35,rx=+0.00)
  t= 77.1 BRK-TR pos=(-4.86,+2.56) yaw= +96.9 d=0.49 goal_err=-23 carrot_err= -15 c0=1.17 clear=0.78 prog=0.00 rel=0.97 bal=-0.35 obs=235 hard=228 obsc=240 yr= 16G nz=0.03 flt=0.03 dmap=+0/-0 shz=3.7 plan=0 cmd=(lx=+0.00,ly=+0.00,rx=+0.45)
  t= 77.6 BRK-TR pos=(-4.86,+2.56) yaw= +90.5 d=0.49 goal_err=-16 carrot_err=  -9 c0=1.09 clear=0.73 prog=0.00 rel=0.87 bal=-0.16 obs=236 hard=230 obsc=241 yr= 15G nz=0.13 flt=0.03 dmap=+0/-0 shz=3.7 plan=0 cmd=(lx=+0.00,ly=+0.00,rx=+0.45)
  t= 78.0 BRK-TR pos=(-4.86,+2.56) yaw= +84.1 d=0.49 goal_err=-10 carrot_err=  -2 c0=1.09 clear=0.73 prog=0.00 rel=0.88 bal=-0.25 obs=236 hard=230 obsc=241 yr= 15G nz=0.12 flt=0.01 dmap=+0/-0 shz=3.7 plan=0 cmd=(lx=+0.00,ly=+0.00,rx=+0.45)
  t= 78.4 BRK-TR pos=(-4.86,+2.56) yaw= +77.8 d=0.49 goal_err=-3 carrot_err=  +4 c0=1.14 clear=0.76 prog=0.00 rel=0.88 bal=-0.29 obs=236 hard=230 obsc=241 yr= 14G nz=0.12 flt=0.00 dmap=+0/-0 shz=3.7 plan=0 cmd=(lx=+0.00,ly=+0.00,rx=+0.45)
  t= 78.9 BRK-TR pos=(-4.86,+2.56) yaw= +70.3 d=0.49 goal_err=+4 carrot_err= +11 c0=1.07 clear=0.71 prog=0.00 rel=0.93 bal=-0.29 obs=236 hard=230 obsc=241 yr= 14G nz=0.07 flt=0.00 dmap=+0/-0 shz=3.7 plan=0 cmd=(lx=+0.00,ly=+0.00,rx=+0.45)
  t= 79.3 DWA-F pos=(-4.86,+2.56) yaw= +64.4 d=0.49 goal_err=+10 carrot_err= +17 c0=1.07 clear=0.71 prog=0.00 rel=0.94 bal=-0.19 obs=236 hard=230 obsc=241 yr= 14G nz=0.06 flt=0.12 dmap=+0/-0 shz=3.7 plan=3 cmd=(lx=+0.00,ly=+0.40,rx=+0.00)
  t= 79.7 DWA-T pos=(-4.86,+2.58) yaw= +62.9 d=0.48 goal_err=+12 carrot_err= +19 c0=1.05 clear=0.70 prog=0.02 rel=0.94 bal=-0.20 obs=231 hard=225 obsc=234 yr=  0  nz=0.06 flt=0.04 dmap=+0/-0 shz=3.7 plan=3 cmd=(lx=+0.00,ly=+0.00,rx=+0.00)
  t= 80.1 DWA-T pos=(-4.86,+2.58) yaw= +62.9 d=0.48 goal_err=+12 carrot_err= +19 c0=1.05 clear=0.70 prog=0.02 rel=0.97 bal=-0.20 obs=231 hard=225 obsc=234 yr=  0  nz=0.03 flt=0.04 dmap=+0/-0 shz=3.7 plan=3 cmd=(lx=+0.00,ly=+0.00,rx=+0.00)
  t= 80.6 DWA-T pos=(-4.86,+2.58) yaw= +62.9 d=0.48 goal_err=+12 carrot_err= +19 c0=1.05 clear=0.70 prog=0.02 rel=0.97 bal=-0.20 obs=231 hard=225 obsc=234 yr=  0  nz=0.03 flt=0.04 dmap=+0/-0 shz=3.7 plan=3 cmd=(lx=+0.00,ly=+0.00,rx=+0.00)
  t= 81.0 BRK-BK pos=(-4.86,+2.58) yaw= +62.9 d=0.48 goal_err=+12 carrot_err= +19 c0=1.05 clear=0.70 prog=0.02 rel=0.97 bal=-0.20 obs=231 hard=225 obsc=234 yr=  0  nz=0.03 flt=0.04 dmap=+0/-0 shz=3.7 plan=0 cmd=(lx=+0.00,ly=-0.35,rx=+0.00)
  t= 81.4 BRK-TR pos=(-4.88,+2.53) yaw= +62.9 d=0.53 goal_err=+11 carrot_err= +17 c0=1.10 clear=0.73 prog=0.00 rel=1.00 bal=-0.19 obs=223 hard=217 obsc=226 yr=  0G nz=0.00 flt=0.01 dmap=+0/-0 shz=3.4 plan=0 cmd=(lx=+0.00,ly=+0.00,rx=+0.45)
  t= 81.9 BRK-TR pos=(-4.88,+2.53) yaw= +56.9 d=0.53 goal_err=+17 carrot_err= +23 c0=1.10 clear=0.73 prog=0.00 rel=0.97 bal=-0.19 obs=223 hard=217 obsc=226 yr= 14G nz=0.03 flt=0.18 dmap=+0/-0 shz=3.4 plan=0 cmd=(lx=+0.00,ly=+0.00,rx=+0.45)
  t= 82.3 BRK-TR pos=(-4.88,+2.53) yaw= +50.9 d=0.53 goal_err=+23 carrot_err= +29 c0=1.10 clear=0.73 prog=0.00 rel=0.97 bal=-0.12 obs=223 hard=217 obsc=226 yr= 14G nz=0.03 flt=0.00 dmap=+0/-0 shz=3.4 plan=0 cmd=(lx=+0.00,ly=+0.00,rx=+0.45)
  t= 82.7 BRK-TR pos=(-4.88,+2.53) yaw= +45.0 d=0.53 goal_err=+29 carrot_err= +35 c0=1.10 clear=0.73 prog=0.00 rel=0.97 bal=-0.12 obs=223 hard=217 obsc=226 yr= 14G nz=0.03 flt=0.01 dmap=+0/-0 shz=3.4 plan=0 cmd=(lx=+0.00,ly=+0.00,rx=+0.45)
  t= 83.1 BRK-TR pos=(-4.88,+2.53) yaw= +39.0 d=0.53 goal_err=+35 carrot_err= +41 c0=1.10 clear=0.73 prog=0.00 rel=0.99 bal=-0.01 obs=223 hard=218 obsc=226 yr= 14G nz=0.01 flt=0.00 dmap=+0/-0 shz=3.4 plan=0 cmd=(lx=+0.00,ly=+0.00,rx=+0.45)
  t= 83.5 BRK-TR pos=(-4.88,+2.53) yaw= +33.1 d=0.53 goal_err=+40 carrot_err= +47 c0=1.10 clear=0.73 prog=0.00 rel=0.99 bal=+0.06 obs=223 hard=218 obsc=226 yr= 14G nz=0.01 flt=0.00 dmap=+0/-0 shz=3.4 plan=0 cmd=(lx=+0.00,ly=+0.00,rx=+0.45)
  t= 84.0 DWA-F pos=(-4.87,+2.53) yaw= +30.1 d=0.53 goal_err=+44 carrot_err= +51 c0=1.10 clear=0.73 prog=0.01 rel=0.99 bal=+0.06 obs=223 hard=218 obsc=226 yr= 14G nz=0.01 flt=0.00 dmap=+0/-0 shz=3.4 plan=3 cmd=(lx=+0.00,ly=+0.28,rx=-0.45)
  t= 84.4 DWA-F pos=(-4.84,+2.55) yaw= +37.5 d=0.50 goal_err=+39 carrot_err= +47 c0=1.06 clear=0.71 prog=0.05 rel=0.97 bal=+0.06 obs=223 hard=218 obsc=226 yr= 14G nz=0.03 flt=0.09 dmap=+0/-0 shz=3.4 plan=3 cmd=(lx=+0.00,ly=+0.28,rx=-0.45)
  t= 84.8 DWA-F pos=(-4.82,+2.57) yaw= +43.5 d=0.48 goal_err=+35 carrot_err= +43 c0=1.04 clear=0.69 prog=0.09 rel=0.96 bal=+0.00 obs=224 hard=219 obsc=227 yr= 14G nz=0.04 flt=0.24 dmap=+1/-0 shz=3.4 plan=3 cmd=(lx=+0.00,ly=+0.28,rx=-0.45)
  t= 85.3 DWA-F pos=(-4.80,+2.59) yaw= +49.5 d=0.45 goal_err=+31 carrot_err= +40 c0=1.01 clear=0.67 prog=0.13 rel=0.89 bal=-0.11 obs=225 hard=220 obsc=228 yr= 14G nz=0.07 flt=0.07 dmap=+0/-0 shz=3.4 plan=3 cmd=(lx=+0.00,ly=+0.28,rx=-0.45)
  t= 85.7 DWA-F pos=(-4.79,+2.61) yaw= +55.4 d=0.43 goal_err=+27 carrot_err= +37 c0=0.98 clear=0.65 prog=0.17 rel=0.93 bal=-0.11 obs=226 hard=221 obsc=229 yr= 14G nz=0.07 flt=0.06 dmap=+0/-0 shz=3.4 plan=3 cmd=(lx=+0.00,ly=+0.28,rx=-0.45)
  t= 86.1 DWA-T pos=(-4.76,+2.65) yaw= +63.3 d=0.39 goal_err=+22 carrot_err= +33 c0=0.94 clear=0.62 prog=0.21 rel=0.93 bal=-0.10 obs=227 hard=222 obsc=230 yr= 30G nz=0.07 flt=0.05 dmap=+0/-0 shz=3.4 plan=3 cmd=(lx=+0.00,ly=+0.00,rx=+0.00)

  >>> MODO AGRESIVO ON (12s sin acercarse a B): reduzco inflado y holgura (min seguridad 0.24m) para cruzar la puerta.
  t= 86.6 AGR-DWA-T pos=(-4.76,+2.66) yaw= +64.9 d=0.38 goal_err=+21 carrot_err= +32 c0=0.93 clear=0.62 prog=0.18 rel=0.94 bal=-0.10 obs=221 hard=212 obsc=226 yr=  0  nz=0.06 flt=0.02 dmap=+0/-0 shz=3.4 plan=3 cmd=(lx=+0.00,ly=+0.00,rx=+0.00)
  t= 87.0 AGR-DWA-T pos=(-4.76,+2.66) yaw= +64.9 d=0.38 goal_err=+21 carrot_err= +32 c0=0.93 clear=0.62 prog=0.14 rel=0.94 bal=-0.10 obs=221 hard=212 obsc=226 yr=  0  nz=0.06 flt=0.02 dmap=+0/-0 shz=3.4 plan=3 cmd=(lx=+0.00,ly=+0.00,rx=+0.00)
  t= 87.4 AGR-DWA-T pos=(-4.76,+2.66) yaw= +64.9 d=0.38 goal_err=+21 carrot_err= +32 c0=0.93 clear=0.62 prog=0.10 rel=0.94 bal=-0.10 obs=221 hard=212 obsc=226 yr=  0  nz=0.06 flt=0.02 dmap=+0/-0 shz=3.4 plan=0 cmd=(lx=+0.00,ly=+0.00,rx=+0.00)
  t= 87.8 AGR-BRK-BK pos=(-4.77,+2.64) yaw= +64.9 d=0.41 goal_err=+19 carrot_err= +30 c0=0.95 clear=0.64 prog=0.02 rel=0.94 bal=-0.10 obs=220 hard=210 obsc=223 yr=  0  nz=0.06 flt=0.00 dmap=+2/-3 shz=3.2 plan=0 cmd=(lx=+0.00,ly=-0.35,rx=+0.00)
  t= 88.3 AGR-BRK-TR pos=(-4.78,+2.61) yaw= +61.7 d=0.43 goal_err=+21 carrot_err= +31 c0=0.98 clear=0.65 prog=0.00 rel=0.98 bal=-0.10 obs=220 hard=210 obsc=223 yr= 15G nz=0.02 flt=0.02 dmap=+0/-0 shz=3.2 plan=0 cmd=(lx=+0.00,ly=+0.00,rx=+0.45)
  t= 88.7 AGR-BRK-TR pos=(-4.78,+2.61) yaw= +53.7 d=0.43 goal_err=+29 carrot_err= +39 c0=0.98 clear=0.65 prog=0.00 rel=0.97 bal=-0.10 obs=222 hard=212 obsc=225 yr= 15G nz=0.03 flt=0.01 dmap=+0/-0 shz=3.2 plan=0 cmd=(lx=+0.00,ly=+0.00,rx=+0.45)
  t= 89.1 AGR-BRK-TR pos=(-4.78,+2.61) yaw= +47.3 d=0.43 goal_err=+36 carrot_err= +45 c0=0.98 clear=0.65 prog=0.00 rel=0.97 bal=-0.00 obs=222 hard=212 obsc=225 yr= 15G nz=0.03 flt=0.05 dmap=+0/-0 shz=3.2 plan=0 cmd=(lx=+0.00,ly=+0.00,rx=+0.45)
  t= 89.5 AGR-BRK-TR pos=(-4.78,+2.61) yaw= +40.9 d=0.43 goal_err=+42 carrot_err= +52 c0=0.98 clear=0.65 prog=0.00 rel=0.97 bal=+0.05 obs=223 hard=214 obsc=226 yr= 15G nz=0.03 flt=0.10 dmap=+0/-0 shz=3.2 plan=0 cmd=(lx=+0.00,ly=+0.00,rx=+0.45)
  t= 90.0 AGR-BRK-TR pos=(-4.78,+2.61) yaw= +34.9 d=0.43 goal_err=+48 carrot_err= +58 c0=0.98 clear=0.65 prog=0.00 rel=0.98 bal=+0.05 obs=223 hard=214 obsc=226 yr= 14G nz=0.02 flt=0.01 dmap=+0/-0 shz=3.2 plan=0 cmd=(lx=+0.00,ly=+0.00,rx=+0.45)
  t= 90.4 AGR-DWA-F pos=(-4.78,+2.61) yaw= +28.9 d=0.43 goal_err=+54 carrot_err= +64 c0=0.98 clear=0.65 prog=0.00 rel=0.98 bal=+0.04 obs=223 hard=214 obsc=226 yr= 14G nz=0.02 flt=0.00 dmap=+0/-0 shz=3.2 plan=3 cmd=(lx=+0.00,ly=+0.28,rx=-0.45)
  t= 90.8 AGR-DWA-F pos=(-4.76,+2.62) yaw= +31.9 d=0.42 goal_err=+54 carrot_err= +64 c0=0.96 clear=0.64 prog=0.02 rel=0.98 bal=+0.04 obs=223 hard=214 obsc=226 yr= 14G nz=0.02 flt=0.02 dmap=+0/-0 shz=3.2 plan=3 cmd=(lx=+0.00,ly=+0.28,rx=-0.45)
  t= 91.3 AGR-DWA-F pos=(-4.74,+2.64) yaw= +37.9 d=0.40 goal_err=+51 carrot_err= +62 c0=0.93 clear=0.62 prog=0.05 rel=0.98 bal=+0.06 obs=223 hard=214 obsc=226 yr= 14G nz=0.02 flt=0.01 dmap=+0/-0 shz=3.2 plan=3 cmd=(lx=+0.00,ly=+0.28,rx=-0.45)
  t= 91.7 AGR-DWA-F pos=(-4.71,+2.66) yaw= +45.3 d=0.38 goal_err=+47 carrot_err= +59 c0=0.90 clear=0.60 prog=0.09 rel=0.92 bal=+0.07 obs=224 hard=216 obsc=227 yr= 14G nz=0.06 flt=0.02 dmap=+0/-0 shz=3.2 plan=3 cmd=(lx=+0.00,ly=+0.28,rx=-0.45)
  t= 92.1 AGR-DWA-F pos=(-4.69,+2.68) yaw= +51.3 d=0.36 goal_err=+44 carrot_err= +57 c0=0.87 clear=0.58 prog=0.12 rel=0.93 bal=+0.05 obs=225 hard=217 obsc=228 yr= 14G nz=0.07 flt=0.00 dmap=+1/-0 shz=3.2 plan=3 cmd=(lx=+0.00,ly=+0.28,rx=-0.45)

  LLEGADO a 'B' (-4.73,+3.04); error=0.35 m, colisiones=0.
  [spill] derrames=0 E[N]=0.00 eta_max=0.99 riesgo=1.4%
  [dataset] travesia guardada -> /Users/adrianlendinezibanez/Claude/Projects/G1 ROBOT/dataset/20260708_130438_ours_B.json
  [stats] fila anadida -> /Users/adrianlendinezibanez/Claude/Projects/G1 ROBOT/dataset/runs_stats.csv

Fin goto.
  [META2-L2] estado guardado (meta2_state_abprof.json): Pl={'Efficient_Nav': 1.0, 'Cautious_Nav': 1.0} derrames_run=0
  backend grafico: TkAgg
>>> SIM ADAPTER: conectando a rosbridge ws://localhost:8765 ...
  esperando /odom (hasta 30s; el mundo del lab tarda en cargar)... ok
  /odom OK pose=(+0.99,+0.57) | /scan: OK
  escenario LAB: mapa/waypoints/puerta REALES (lab.world solo-paredes, frame G1)

>>> GOTO 'B' -> (-4.73,+3.04). Mando en mano (L2+B). Ctrl+C aborta.
    ENTORNO: SIM (id: lab_v1_ab_prof)  — esta run se registra como SIMULACION, no cuenta como run de robot
  Esperando pose localizada y primera nube... ok.
  FRAME-CHECK start=(+0.99,+0.57) wp_mas_cercano=A(+0.99,+0.57) offset=0.00m  -> frame OK (pose y waypoints alineados)
  [spill] payload de agua simulado (semilla=20260708_131143_ours_B.json)
  META2 ACTIVO (techo por analogia): Meta-Reasoner 2.0, analogia inicial Cautious_Nav

  !!!!!!!!!!!!!!!!!!!!!!!!!!!!!!!!!!!!!!!!!!!!!!!!!!!!!!!!!!!!!!!!!!!!!!!!!!
  !!  VISION OFF (G1_PERC sin definir) pero G1_NOVIS=1: navego SIN vision bajo tu responsabilidad.
  !!  La MESA invisible al LiDAR no se vera.
  !!!!!!!!!!!!!!!!!!!!!!!!!!!!!!!!!!!!!!!!!!!!!!!!!!!!!!!!!!!!!!!!!!!!!!!!!!

  mapa de referencia: 961 celdas | muebles estaticos (nav_map): 0 celdas | plan global: static
  t=  0.0 DWA-F pos=(+0.99,+0.57) yaw=-120.3 d=6.23 goal_err=-83 carrot_err= -62 c0=2.25 clear=1.00 prog=0.00 rel=1.00 bal=+0.19 obs=108 hard=108 obsc=108 yr=  0  nz=0.00 flt=0.19 dmap=+108/-0 shz=0.0 plan=34 cmd=(lx=+0.00,ly=+0.40,rx=+0.45)
  t=  0.4 DWA-F pos=(+0.97,+0.53) yaw=-125.1 d=6.22 goal_err=-79 carrot_err= -60 c0=2.21 clear=1.00 prog=0.05 rel=0.97 bal=+0.28 obs=111 hard=111 obsc=111 yr= 15G nz=0.03 flt=0.10 dmap=+0/-0 shz=3.1 plan=34 cmd=(lx=+0.00,ly=+0.40,rx=+0.45)
  t=  0.9 DWA-F pos=(+0.93,+0.48) yaw=-131.6 d=6.21 goal_err=-73 carrot_err= -57 c0=2.21 clear=1.00 prog=0.08 rel=0.94 bal=+0.40 obs=111 hard=111 obsc=111 yr= 15G nz=0.05 flt=0.01 dmap=+0/-0 shz=3.5 plan=34 cmd=(lx=+0.00,ly=+0.40,rx=+0.45)
  t=  1.3 DWA-F pos=(+0.89,+0.44) yaw=-138.0 d=6.19 goal_err=-67 carrot_err= -39 c0=2.23 clear=1.00 prog=0.10 rel=0.95 bal=+0.41 obs=111 hard=111 obsc=111 yr= 15G nz=0.05 flt=0.09 dmap=+0/-0 shz=3.7 plan=34 cmd=(lx=+0.00,ly=+0.40,rx=+0.45)
  t=  1.7 DWA-F pos=(+0.83,+0.39) yaw=-146.0 d=6.16 goal_err=-59 carrot_err= -34 c0=2.50 clear=1.00 prog=0.14 rel=0.79 bal=+0.42 obs=111 hard=111 obsc=111 yr= 15  nz=0.21 flt=0.14 dmap=+0/-0 shz=3.7 plan=33 cmd=(lx=+0.00,ly=+0.40,rx=+0.00)
  t=  2.2 DWA-F pos=(+0.78,+0.36) yaw=-146.0 d=6.13 goal_err=-60 carrot_err= -37 c0=2.50 clear=1.00 prog=0.17 rel=0.78 bal=+0.42 obs=125 hard=125 obsc=156 yr=  0G nz=0.22 flt=0.02 dmap=+0/-0 shz=3.7 plan=33 cmd=(lx=+0.00,ly=+0.40,rx=+0.45)
  t=  2.6 DWA-F pos=(+0.74,+0.34) yaw=-150.8 d=6.10 goal_err=-55 carrot_err= -34 c0=2.50 clear=1.00 prog=0.19 rel=0.85 bal=+0.43 obs=144 hard=130 obsc=161 yr=  0  nz=0.15 flt=0.02 dmap=+19/-0 shz=3.8 plan=33 cmd=(lx=+0.00,ly=+0.40,rx=+0.00)
  t=  3.0 DWA-F pos=(+0.71,+0.32) yaw=-150.8 d=6.08 goal_err=-56 carrot_err= -36 c0=2.50 clear=1.00 prog=0.20 rel=0.99 bal=+0.43 obs=150 hard=132 obsc=165 yr=  0  nz=0.01 flt=0.01 dmap=+0/-0 shz=3.8 plan=33 cmd=(lx=+0.00,ly=+0.40,rx=+0.45)
  t=  3.5 DWA-F pos=(+0.67,+0.30) yaw=-152.4 d=6.06 goal_err=-55 carrot_err= -34 c0=2.50 clear=1.00 prog=0.21 rel=0.98 bal=+0.44 obs=154 hard=134 obsc=167 yr=  0  nz=0.01 flt=0.01 dmap=+0/-0 shz=3.9 plan=33 cmd=(lx=+0.00,ly=+0.40,rx=+0.00)
  t=  3.9 DWA-F pos=(+0.62,+0.27) yaw=-152.4 d=6.02 goal_err=-55 carrot_err= -36 c0=2.50 clear=1.00 prog=0.20 rel=0.99 bal=+0.36 obs=155 hard=147 obsc=166 yr=  0  nz=0.01 flt=0.00 dmap=+1/-0 shz=3.8 plan=33 cmd=(lx=+0.00,ly=+0.40,rx=+0.00)
  t=  4.3 DWA-F pos=(+0.58,+0.25) yaw=-155.6 d=6.00 goal_err=-52 carrot_err= -35 c0=2.50 clear=1.00 prog=0.20 rel=0.98 bal=+0.37 obs=155 hard=147 obsc=166 yr= 15  nz=0.02 flt=0.01 dmap=+0/-0 shz=3.9 plan=33 cmd=(lx=+0.00,ly=+0.40,rx=+0.00)
  t=  4.8 DWA-F pos=(+0.54,+0.23) yaw=-155.6 d=5.97 goal_err=-52 carrot_err= -22 c0=2.50 clear=1.00 prog=0.21 rel=0.99 bal=+0.38 obs=160 hard=157 obsc=171 yr=  0  nz=0.01 flt=0.00 dmap=+0/-0 shz=3.9 plan=32 cmd=(lx=+0.00,ly=+0.40,rx=+0.00)
  t=  5.2 DWA-F pos=(+0.50,+0.21) yaw=-155.6 d=5.94 goal_err=-53 carrot_err= -23 c0=2.50 clear=1.00 prog=0.21 rel=0.99 bal=+0.39 obs=160 hard=158 obsc=171 yr=  0  nz=0.01 flt=0.00 dmap=+0/-0 shz=3.9 plan=32 cmd=(lx=+0.00,ly=+0.40,rx=+0.00)
  t=  5.6 DWA-F pos=(+0.45,+0.19) yaw=-155.6 d=5.91 goal_err=-53 carrot_err= -25 c0=2.50 clear=1.00 prog=0.23 rel=0.99 bal=+0.41 obs=162 hard=160 obsc=173 yr=  0  nz=0.01 flt=0.01 dmap=+0/-0 shz=3.9 plan=32 cmd=(lx=+0.00,ly=+0.40,rx=+0.00)
  t=  6.1 DWA-F pos=(+0.41,+0.17) yaw=-155.6 d=5.88 goal_err=-54 carrot_err= -26 c0=2.50 clear=1.00 prog=0.22 rel=0.98 bal=+0.42 obs=163 hard=161 obsc=175 yr=  0  nz=0.02 flt=0.00 dmap=+0/-0 shz=3.9 plan=31 cmd=(lx=+0.00,ly=+0.40,rx=+0.00)
  t=  6.5 DWA-F pos=(+0.37,+0.16) yaw=-155.6 d=5.86 goal_err=-54 carrot_err= -28 c0=2.50 clear=1.00 prog=0.22 rel=0.98 bal=+0.43 obs=167 hard=163 obsc=178 yr=  0  nz=0.02 flt=0.00 dmap=+0/-0 shz=3.9 plan=31 cmd=(lx=+0.00,ly=+0.40,rx=+0.00)
  t=  6.9 DWA-F pos=(+0.33,+0.14) yaw=-155.6 d=5.83 goal_err=-54 carrot_err= -29 c0=2.50 clear=1.00 prog=0.21 rel=0.98 bal=+0.43 obs=166 hard=162 obsc=177 yr=  0  nz=0.02 flt=0.00 dmap=+0/-0 shz=3.9 plan=31 cmd=(lx=+0.00,ly=+0.40,rx=+0.00)
  t=  7.4 DWA-F pos=(+0.28,+0.11) yaw=-155.6 d=5.80 goal_err=-55 carrot_err= -17 c0=2.50 clear=1.00 prog=0.21 rel=0.98 bal=+0.44 obs=165 hard=163 obsc=176 yr=  0  nz=0.02 flt=0.01 dmap=+0/-0 shz=3.9 plan=31 cmd=(lx=+0.00,ly=+0.40,rx=+0.00)
  t=  7.8 DWA-F pos=(+0.24,+0.10) yaw=-155.6 d=5.77 goal_err=-55 carrot_err= -18 c0=2.50 clear=1.00 prog=0.21 rel=0.98 bal=+0.45 obs=165 hard=163 obsc=176 yr=  0  nz=0.02 flt=0.00 dmap=+0/-0 shz=3.9 plan=30 cmd=(lx=+0.00,ly=+0.40,rx=+0.00)
  t=  8.2 DWA-F pos=(+0.20,+0.08) yaw=-155.6 d=5.75 goal_err=-55 carrot_err= -19 c0=2.50 clear=1.00 prog=0.21 rel=0.98 bal=+0.38 obs=167 hard=165 obsc=178 yr=  0  nz=0.02 flt=0.00 dmap=+0/-0 shz=3.9 plan=30 cmd=(lx=+0.00,ly=+0.40,rx=+0.00)
  t=  8.7 DWA-F pos=(+0.16,+0.06) yaw=-155.6 d=5.72 goal_err=-56 carrot_err= -20 c0=2.50 clear=1.00 prog=0.21 rel=0.99 bal=+0.38 obs=169 hard=166 obsc=179 yr=  0  nz=0.01 flt=0.00 dmap=+1/-0 shz=3.9 plan=30 cmd=(lx=+0.00,ly=+0.40,rx=+0.00)
  t=  9.1 DWA-F pos=(+0.11,+0.04) yaw=-155.6 d=5.69 goal_err=-56 carrot_err= -21 c0=2.44 clear=1.00 prog=0.21 rel=0.98 bal=+0.39 obs=169 hard=166 obsc=179 yr=  0  nz=0.02 flt=0.01 dmap=+0/-0 shz=3.9 plan=30 cmd=(lx=+0.00,ly=+0.40,rx=+0.00)
  t=  9.5 DWA-F pos=(+0.07,+0.02) yaw=-155.6 d=5.67 goal_err=-57 carrot_err= -23 c0=2.40 clear=1.00 prog=0.20 rel=0.94 bal=+0.39 obs=169 hard=166 obsc=181 yr=  0  nz=0.06 flt=0.00 dmap=+0/-0 shz=3.9 plan=30 cmd=(lx=+0.00,ly=+0.40,rx=+0.00)
  t= 10.0 DWA-F pos=(+0.03,-0.00) yaw=-155.6 d=5.64 goal_err=-57 carrot_err= -24 c0=2.35 clear=1.00 prog=0.20 rel=0.92 bal=+0.39 obs=171 hard=170 obsc=182 yr=  0  nz=0.08 flt=0.00 dmap=+0/-0 shz=3.9 plan=30 cmd=(lx=+0.00,ly=+0.40,rx=+0.00)
  t= 10.4 DWA-F pos=(-0.02,-0.02) yaw=-155.6 d=5.62 goal_err=-57 carrot_err= -26 c0=2.31 clear=1.00 prog=0.20 rel=0.92 bal=+0.41 obs=174 hard=172 obsc=184 yr=  0  nz=0.08 flt=0.02 dmap=+3/-0 shz=3.9 plan=30 cmd=(lx=+0.00,ly=+0.40,rx=+0.00)
  t= 10.8 DWA-F pos=(-0.07,-0.04) yaw=-155.6 d=5.59 goal_err=-58 carrot_err= -28 c0=2.25 clear=1.00 prog=0.21 rel=0.92 bal=+0.43 obs=175 hard=173 obsc=186 yr=  0  nz=0.08 flt=0.01 dmap=+0/-0 shz=3.9 plan=29 cmd=(lx=+0.00,ly=+0.40,rx=+0.00)
  t= 11.3 DWA-F pos=(-0.11,-0.06) yaw=-155.6 d=5.57 goal_err=-58 carrot_err= -28 c0=2.21 clear=1.00 prog=0.20 rel=0.92 bal=+0.44 obs=176 hard=173 obsc=185 yr=  0  nz=0.08 flt=0.01 dmap=+0/-0 shz=3.9 plan=29 cmd=(lx=+0.00,ly=+0.40,rx=+0.00)
  t= 11.7 DWA-F pos=(-0.15,-0.08) yaw=-155.6 d=5.54 goal_err=-59 carrot_err= -30 c0=2.17 clear=1.00 prog=0.19 rel=0.92 bal=+0.46 obs=177 hard=174 obsc=186 yr=  0  nz=0.08 flt=0.00 dmap=+1/-0 shz=3.9 plan=29 cmd=(lx=+0.00,ly=+0.40,rx=+0.00)
  t= 12.1 DWA-F pos=(-0.19,-0.10) yaw=-155.6 d=5.52 goal_err=-59 carrot_err= -31 c0=2.12 clear=1.00 prog=0.19 rel=0.92 bal=+0.47 obs=178 hard=174 obsc=186 yr=  0  nz=0.08 flt=0.01 dmap=+0/-0 shz=3.9 plan=28 cmd=(lx=+0.00,ly=+0.40,rx=+0.00)
  t= 12.6 DWA-F pos=(-0.23,-0.11) yaw=-155.6 d=5.50 goal_err=-59 carrot_err= -33 c0=2.08 clear=1.00 prog=0.19 rel=0.92 bal=+0.49 obs=179 hard=175 obsc=187 yr=  0  nz=0.08 flt=0.02 dmap=+0/-0 shz=3.9 plan=28 cmd=(lx=+0.00,ly=+0.40,rx=+0.00)
  t= 13.0 DWA-F pos=(-0.28,-0.14) yaw=-155.6 d=5.47 goal_err=-60 carrot_err= -35 c0=2.02 clear=1.00 prog=0.19 rel=0.92 bal=+0.49 obs=179 hard=176 obsc=187 yr=  0  nz=0.08 flt=0.00 dmap=+0/-0 shz=3.9 plan=28 cmd=(lx=+0.00,ly=+0.40,rx=+0.00)
  t= 13.4 DWA-F pos=(-0.32,-0.16) yaw=-155.6 d=5.45 goal_err=-60 carrot_err= -34 c0=1.98 clear=1.00 prog=0.18 rel=0.91 bal=+0.50 obs=179 hard=176 obsc=187 yr=  0  nz=0.09 flt=0.01 dmap=+1/-0 shz=3.9 plan=28 cmd=(lx=+0.00,ly=+0.40,rx=+0.00)
  t= 13.9 DWA-F pos=(-0.36,-0.17) yaw=-155.6 d=5.43 goal_err=-61 carrot_err= -36 c0=1.94 clear=1.00 prog=0.18 rel=0.92 bal=+0.50 obs=179 hard=178 obsc=187 yr=  0  nz=0.08 flt=0.01 dmap=+0/-0 shz=3.9 plan=27 cmd=(lx=+0.00,ly=+0.40,rx=+0.00)
  t= 14.3 DWA-F pos=(-0.40,-0.19) yaw=-155.6 d=5.40 goal_err=-61 carrot_err= -38 c0=1.89 clear=1.00 prog=0.18 rel=0.92 bal=+0.50 obs=179 hard=178 obsc=189 yr=  0  nz=0.08 flt=0.00 dmap=+0/-0 shz=3.9 plan=27 cmd=(lx=+0.00,ly=+0.40,rx=+0.45)
  t= 14.7 DWA-F pos=(-0.45,-0.21) yaw=-160.4 d=5.38 goal_err=-57 carrot_err= -36 c0=1.84 clear=1.00 prog=0.18 rel=0.92 bal=+0.53 obs=192 hard=184 obsc=207 yr= 15  nz=0.08 flt=0.02 dmap=+13/-0 shz=3.9 plan=27 cmd=(lx=+0.00,ly=+0.40,rx=+0.00)
  t= 15.2 DWA-F pos=(-0.49,-0.23) yaw=-160.4 d=5.35 goal_err=-57 carrot_err= -37 c0=1.79 clear=1.00 prog=0.18 rel=0.91 bal=+0.53 obs=193 hard=186 obsc=207 yr=  0G nz=0.09 flt=0.04 dmap=+0/-0 shz=3.9 plan=27 cmd=(lx=+0.00,ly=+0.40,rx=+0.45)
  t= 15.6 DWA-F pos=(-0.53,-0.24) yaw=-163.6 d=5.33 goal_err=-54 carrot_err= -36 c0=1.75 clear=1.00 prog=0.19 rel=0.91 bal=+0.54 obs=196 hard=186 obsc=207 yr=  0  nz=0.09 flt=0.01 dmap=+0/-0 shz=3.9 plan=27 cmd=(lx=+0.00,ly=+0.40,rx=+0.45)
  t= 16.0 DWA-F pos=(-0.58,-0.25) yaw=-166.8 d=5.30 goal_err=-52 carrot_err= -35 c0=1.71 clear=1.00 prog=0.20 rel=0.91 bal=+0.54 obs=199 hard=188 obsc=210 yr=  0  nz=0.09 flt=0.12 dmap=+3/-0 shz=3.9 plan=27 cmd=(lx=+0.00,ly=+0.40,rx=+0.00)
  t= 16.5 DWA-F pos=(-0.62,-0.26) yaw=-168.4 d=5.27 goal_err=-50 carrot_err= -36 c0=1.67 clear=1.00 prog=0.21 rel=0.92 bal=+0.49 obs=199 hard=190 obsc=211 yr= 15G nz=0.08 flt=0.01 dmap=+0/-0 shz=4.0 plan=27 cmd=(lx=+0.00,ly=+0.40,rx=+0.45)
  t= 16.9 DWA-F pos=(-0.68,-0.27) yaw=-174.9 d=5.24 goal_err=-44 carrot_err= -38 c0=1.87 clear=1.00 prog=0.22 rel=0.92 bal=+0.54 obs=199 hard=190 obsc=211 yr= 15G nz=0.08 flt=0.12 dmap=+0/-0 shz=4.0 plan=26 cmd=(lx=+0.00,ly=+0.40,rx=+0.00)
  t= 17.3 DWA-F pos=(-0.72,-0.28) yaw=-176.5 d=5.20 goal_err=-43 carrot_err= -38 c0=1.83 clear=1.00 prog=0.23 rel=0.87 bal=+0.51 obs=218 hard=203 obsc=227 yr=  0  nz=0.13 flt=0.04 dmap=+0/-0 shz=4.0 plan=26 cmd=(lx=+0.00,ly=+0.40,rx=+0.45)
  t= 17.8 DWA-F pos=(-0.76,-0.28) yaw=-179.7 d=5.17 goal_err=-40 carrot_err= -37 c0=1.79 clear=1.00 prog=0.24 rel=0.87 bal=+0.52 obs=219 hard=202 obsc=226 yr=  0  nz=0.13 flt=0.01 dmap=+1/-0 shz=4.0 plan=26 cmd=(lx=+0.00,ly=+0.40,rx=+0.00)
  t= 18.2 DWA-F pos=(-0.81,-0.28) yaw=+178.7 d=5.14 goal_err=-39 carrot_err= -30 c0=1.93 clear=1.00 prog=0.26 rel=0.93 bal=+0.53 obs=217 hard=204 obsc=226 yr= 15G nz=0.07 flt=0.01 dmap=+0/-0 shz=4.0 plan=25 cmd=(lx=+0.00,ly=+0.40,rx=+0.00)
  t= 18.6 DWA-F pos=(-0.85,-0.28) yaw=+177.1 d=5.10 goal_err=-38 carrot_err= -30 c0=1.95 clear=1.00 prog=0.27 rel=0.87 bal=+0.52 obs=218 hard=205 obsc=225 yr=  0  nz=0.13 flt=0.02 dmap=+0/-0 shz=4.0 plan=25 cmd=(lx=+0.00,ly=+0.40,rx=+0.00)
  t= 19.1 DWA-F pos=(-0.91,-0.27) yaw=+177.1 d=5.06 goal_err=-38 carrot_err= -31 c0=1.89 clear=1.00 prog=0.28 rel=0.87 bal=+0.50 obs=217 hard=206 obsc=225 yr=  0  nz=0.13 flt=0.02 dmap=+0/-1 shz=4.0 plan=25 cmd=(lx=+0.00,ly=+0.40,rx=+0.00)
  t= 19.5 DWA-F pos=(-0.95,-0.27) yaw=+177.1 d=5.02 goal_err=-38 carrot_err= -33 c0=1.85 clear=1.00 prog=0.28 rel=0.89 bal=+0.49 obs=210 hard=202 obsc=222 yr=  0  nz=0.11 flt=0.01 dmap=+0/-5 shz=4.0 plan=25 cmd=(lx=+0.00,ly=+0.40,rx=+0.00)
  t= 19.9 DWA-F pos=(-1.00,-0.27) yaw=+177.1 d=4.99 goal_err=-39 carrot_err= -37 c0=1.80 clear=1.00 prog=0.28 rel=0.92 bal=+0.32 obs=211 hard=198 obsc=218 yr=  0  nz=0.08 flt=0.01 dmap=+0/-0 shz=4.0 plan=24 cmd=(lx=+0.00,ly=+0.40,rx=+0.00)
  t= 20.4 DWA-F pos=(-1.04,-0.27) yaw=+177.1 d=4.95 goal_err=-39 carrot_err= -38 c0=1.76 clear=1.00 prog=0.28 rel=0.93 bal=+0.31 obs=212 hard=198 obsc=218 yr=  0G nz=0.07 flt=0.02 dmap=+0/-0 shz=4.0 plan=24 cmd=(lx=+0.00,ly=+0.40,rx=+0.45)
  t= 20.8 DWA-F pos=(-1.09,-0.26) yaw=+173.9 d=4.92 goal_err=-36 carrot_err= -37 c0=1.72 clear=1.00 prog=0.28 rel=0.93 bal=+0.29 obs=218 hard=204 obsc=224 yr=  0  nz=0.07 flt=0.00 dmap=+0/-0 shz=4.0 plan=24 cmd=(lx=+0.00,ly=+0.40,rx=+0.00)
  t= 21.2 DWA-F pos=(-1.14,-0.26) yaw=+172.3 d=4.87 goal_err=-35 carrot_err= -30 c0=1.66 clear=1.00 prog=0.29 rel=0.93 bal=+0.28 obs=217 hard=204 obsc=224 yr= 15G nz=0.07 flt=0.00 dmap=+0/-0 shz=4.0 plan=23 cmd=(lx=+0.00,ly=+0.40,rx=+0.00)
  t= 21.7 DWA-F pos=(-1.18,-0.25) yaw=+170.7 d=4.84 goal_err=-34 carrot_err= -29 c0=1.62 clear=1.00 prog=0.29 rel=0.91 bal=+0.27 obs=216 hard=201 obsc=222 yr=  0  nz=0.09 flt=0.00 dmap=+0/-0 shz=4.0 plan=23 cmd=(lx=+0.00,ly=+0.40,rx=+0.00)
  t= 22.1 DWA-F pos=(-1.23,-0.24) yaw=+170.7 d=4.80 goal_err=-34 carrot_err= -30 c0=1.57 clear=1.00 prog=0.29 rel=0.92 bal=+0.26 obs=216 hard=203 obsc=222 yr=  0  nz=0.08 flt=0.01 dmap=+0/-0 shz=4.0 plan=23 cmd=(lx=+0.00,ly=+0.40,rx=+0.00)
  t= 22.5 DWA-F pos=(-1.27,-0.24) yaw=+170.7 d=4.76 goal_err=-34 carrot_err= -32 c0=1.53 clear=1.00 prog=0.30 rel=0.92 bal=+0.24 obs=214 hard=206 obsc=223 yr=  0  nz=0.08 flt=0.01 dmap=+1/-3 shz=4.0 plan=23 cmd=(lx=+0.00,ly=+0.40,rx=+0.00)
  t= 23.0 DWA-F pos=(-1.33,-0.23) yaw=+170.7 d=4.72 goal_err=-35 carrot_err= -34 c0=1.47 clear=0.98 prog=0.31 rel=0.92 bal=+0.24 obs=212 hard=206 obsc=223 yr=  0  nz=0.08 flt=0.01 dmap=+0/-0 shz=4.0 plan=23 cmd=(lx=+0.00,ly=+0.40,rx=+0.00)
  t= 23.4 DWA-F pos=(-1.37,-0.22) yaw=+170.7 d=4.68 goal_err=-35 carrot_err= -35 c0=1.43 clear=0.95 prog=0.30 rel=0.92 bal=+0.23 obs=213 hard=200 obsc=219 yr=  0  nz=0.08 flt=0.01 dmap=+0/-0 shz=4.0 plan=23 cmd=(lx=+0.00,ly=+0.40,rx=+0.00)
  t= 23.8 DWA-F pos=(-1.41,-0.21) yaw=+170.7 d=4.64 goal_err=-35 carrot_err= -29 c0=1.39 clear=0.92 prog=0.30 rel=0.91 bal=+0.22 obs=215 hard=201 obsc=220 yr=  0  nz=0.09 flt=0.00 dmap=+2/-0 shz=4.0 plan=23 cmd=(lx=+0.00,ly=+0.40,rx=+0.00)
  t= 24.3 DWA-F pos=(-1.46,-0.20) yaw=+170.7 d=4.61 goal_err=-35 carrot_err= -19 c0=1.34 clear=0.89 prog=0.30 rel=0.92 bal=+0.22 obs=215 hard=203 obsc=220 yr=  0  nz=0.09 flt=0.02 dmap=+0/-0 shz=4.0 plan=22 cmd=(lx=+0.00,ly=+0.40,rx=+0.00)
  t= 24.7 DWA-F pos=(-1.51,-0.20) yaw=+170.7 d=4.56 goal_err=-36 carrot_err= -21 c0=1.29 clear=0.86 prog=0.31 rel=0.91 bal=+0.08 obs=214 hard=202 obsc=220 yr=  0  nz=0.09 flt=0.02 dmap=+0/-0 shz=4.0 plan=22 cmd=(lx=+0.00,ly=+0.40,rx=+0.00)
  t= 25.1 DWA-F pos=(-1.56,-0.19) yaw=+170.7 d=4.53 goal_err=-36 carrot_err= -22 c0=1.24 clear=0.83 prog=0.29 rel=0.91 bal=+0.08 obs=214 hard=202 obsc=219 yr=  0  nz=0.09 flt=0.02 dmap=+0/-0 shz=4.0 plan=22 cmd=(lx=+0.00,ly=+0.40,rx=+0.00)
  t= 25.6 DWA-F pos=(-1.60,-0.18) yaw=+170.7 d=4.49 goal_err=-37 carrot_err= -27 c0=1.20 clear=0.80 prog=0.29 rel=0.91 bal=+0.08 obs=217 hard=205 obsc=223 yr=  0  nz=0.09 flt=0.01 dmap=+3/-1 shz=4.0 plan=22 cmd=(lx=+0.00,ly=+0.40,rx=+0.00)
  t= 26.0 DWA-F pos=(-1.64,-0.17) yaw=+170.7 d=4.46 goal_err=-37 carrot_err= -28 c0=1.16 clear=0.77 prog=0.29 rel=0.92 bal=+0.07 obs=213 hard=204 obsc=222 yr=  0  nz=0.08 flt=0.01 dmap=+0/-0 shz=4.0 plan=21 cmd=(lx=+0.00,ly=+0.40,rx=+0.00)
  t= 26.4 DWA-F pos=(-1.70,-0.17) yaw=+170.7 d=4.41 goal_err=-37 carrot_err= -30 c0=1.10 clear=0.73 prog=0.30 rel=0.93 bal=+0.07 obs=213 hard=202 obsc=219 yr=  0  nz=0.07 flt=0.01 dmap=+0/-0 shz=4.0 plan=21 cmd=(lx=+0.00,ly=+0.40,rx=+0.00)
  t= 26.9 DWA-F pos=(-1.74,-0.16) yaw=+170.7 d=4.38 goal_err=-38 carrot_err= -31 c0=1.06 clear=0.70 prog=0.29 rel=0.92 bal=+0.07 obs=214 hard=203 obsc=219 yr=  0  nz=0.08 flt=0.00 dmap=+0/-0 shz=4.0 plan=21 cmd=(lx=+0.00,ly=+0.40,rx=+0.00)
  t= 27.3 DWA-F pos=(-1.79,-0.15) yaw=+170.7 d=4.34 goal_err=-38 carrot_err= -25 c0=1.01 clear=0.68 prog=0.29 rel=0.92 bal=+0.06 obs=214 hard=203 obsc=219 yr=  0  nz=0.08 flt=0.01 dmap=+0/-0 shz=4.0 plan=20 cmd=(lx=+0.00,ly=+0.40,rx=+0.00)
  t= 27.7 DWA-F pos=(-1.83,-0.14) yaw=+170.7 d=4.31 goal_err=-38 carrot_err= -26 c0=0.97 clear=0.65 prog=0.28 rel=0.92 bal=+0.06 obs=215 hard=204 obsc=221 yr=  0  nz=0.08 flt=0.00 dmap=+0/-0 shz=4.0 plan=20 cmd=(lx=+0.00,ly=+0.40,rx=+0.00)
  t= 28.2 DWA-F pos=(-1.89,-0.13) yaw=+170.7 d=4.26 goal_err=-39 carrot_err= -28 c0=0.92 clear=0.61 prog=0.30 rel=0.93 bal=+0.04 obs=214 hard=201 obsc=219 yr=  0  nz=0.07 flt=0.03 dmap=+0/-1 shz=4.0 plan=20 cmd=(lx=+0.00,ly=+0.40,rx=+0.00)
  t= 28.6 DWA-F pos=(-1.93,-0.13) yaw=+170.7 d=4.23 goal_err=-39 carrot_err= -31 c0=0.87 clear=0.58 prog=0.28 rel=0.91 bal=+0.04 obs=215 hard=201 obsc=219 yr=  0  nz=0.09 flt=0.02 dmap=+0/-0 shz=4.0 plan=20 cmd=(lx=+0.00,ly=+0.40,rx=+0.00)
  t= 29.0 DWA-F pos=(-1.97,-0.12) yaw=+170.7 d=4.19 goal_err=-40 carrot_err= -23 c0=0.83 clear=0.55 prog=0.28 rel=0.91 bal=+0.04 obs=217 hard=201 obsc=221 yr=  0  nz=0.09 flt=0.00 dmap=+0/-0 shz=4.0 plan=19 cmd=(lx=+0.00,ly=+0.40,rx=+0.00)
  t= 29.5 DWA-F pos=(-2.02,-0.11) yaw=+170.7 d=4.16 goal_err=-40 carrot_err= -24 c0=0.79 clear=0.53 prog=0.28 rel=0.92 bal=+0.04 obs=217 hard=205 obsc=222 yr=  0  nz=0.08 flt=0.02 dmap=+0/-0 shz=4.0 plan=19 cmd=(lx=+0.00,ly=+0.40,rx=+0.00)
  t= 29.9 DWA-F pos=(-2.06,-0.11) yaw=+170.7 d=4.13 goal_err=-40 carrot_err= -25 c0=0.75 clear=0.50 prog=0.28 rel=0.92 bal=+0.03 obs=217 hard=204 obsc=221 yr=  0  nz=0.08 flt=0.01 dmap=+0/-0 shz=4.0 plan=19 cmd=(lx=+0.00,ly=+0.40,rx=+0.00)
  t= 30.3 DWA-F pos=(-2.10,-0.10) yaw=+167.5 d=4.09 goal_err=-38 carrot_err= -25 c0=0.70 clear=0.47 prog=0.26 rel=0.92 bal=-0.10 obs=217 hard=204 obsc=221 yr= 15  nz=0.08 flt=0.00 dmap=+0/-0 shz=4.0 plan=18 cmd=(lx=+0.00,ly=+0.40,rx=+0.00)
  t= 30.8 DWA-F pos=(-2.16,-0.09) yaw=+165.9 d=4.05 goal_err=-36 carrot_err= -25 c0=0.65 clear=0.43 prog=0.28 rel=0.91 bal=-0.25 obs=225 hard=212 obsc=229 yr=  0  nz=0.09 flt=0.02 dmap=+0/-0 shz=4.0 plan=18 cmd=(lx=+0.00,ly=+0.40,rx=+0.00)
  t= 31.2 DWA-F pos=(-2.20,-0.07) yaw=+165.9 d=4.01 goal_err=-37 carrot_err= -26 c0=0.81 clear=0.54 prog=0.28 rel=0.92 bal=-0.41 obs=225 hard=212 obsc=229 yr=  0  nz=0.08 flt=0.01 dmap=+1/-0 shz=4.0 plan=18 cmd=(lx=+0.00,ly=+0.40,rx=+0.00)
  t= 31.6 DWA-F pos=(-2.24,-0.06) yaw=+165.9 d=3.98 goal_err=-37 carrot_err= -27 c0=0.77 clear=0.51 prog=0.28 rel=0.89 bal=-0.55 obs=224 hard=213 obsc=231 yr=  0  nz=0.11 flt=0.03 dmap=+1/-2 shz=4.0 plan=18 cmd=(lx=+0.00,ly=+0.40,rx=+0.00)
  t= 32.1 DWA-F pos=(-2.29,-0.05) yaw=+165.9 d=3.94 goal_err=-38 carrot_err= -28 c0=0.91 clear=0.61 prog=0.29 rel=0.84 bal=-0.55 obs=224 hard=212 obsc=231 yr=  0  nz=0.15 flt=0.02 dmap=+0/-0 shz=4.0 plan=18 cmd=(lx=+0.00,ly=+0.40,rx=+0.00)
  t= 32.5 DWA-F pos=(-2.34,-0.04) yaw=+165.9 d=3.90 goal_err=-38 carrot_err= -30 c0=0.86 clear=0.57 prog=0.29 rel=0.90 bal=-0.55 obs=224 hard=209 obsc=230 yr=  0G nz=0.10 flt=0.01 dmap=+0/-0 shz=4.0 plan=18 cmd=(lx=+0.00,ly=+0.40,rx=+0.45)
  t= 32.9 DWA-F pos=(-2.38,-0.03) yaw=+162.7 d=3.86 goal_err=-35 carrot_err= -28 c0=0.82 clear=0.54 prog=0.29 rel=0.90 bal=-0.54 obs=224 hard=213 obsc=230 yr=  0  nz=0.10 flt=0.00 dmap=+2/-2 shz=4.0 plan=18 cmd=(lx=+0.00,ly=+0.40,rx=+0.00)
  t= 33.4 DWA-F pos=(-2.43,-0.01) yaw=+159.5 d=3.82 goal_err=-32 carrot_err= -26 c0=0.77 clear=0.52 prog=0.29 rel=0.92 bal=-0.54 obs=224 hard=209 obsc=229 yr= 15  nz=0.08 flt=0.16 dmap=+0/-0 shz=4.0 plan=17 cmd=(lx=+0.00,ly=+0.40,rx=+0.00)
  t= 33.8 DWA-F pos=(-2.47,+0.00) yaw=+159.5 d=3.79 goal_err=-33 carrot_err= -28 c0=0.73 clear=0.49 prog=0.29 rel=0.91 bal=-0.53 obs=224 hard=211 obsc=230 yr=  0  nz=0.09 flt=0.01 dmap=+0/-0 shz=4.0 plan=17 cmd=(lx=+0.00,ly=+0.40,rx=+0.00)
  t= 34.2 DWA-F pos=(-2.52,+0.02) yaw=+157.9 d=3.74 goal_err=-32 carrot_err= -28 c0=0.68 clear=0.45 prog=0.30 rel=0.91 bal=-0.50 obs=225 hard=212 obsc=231 yr= 15G nz=0.09 flt=0.00 dmap=+0/-0 shz=4.0 plan=17 cmd=(lx=+0.00,ly=+0.40,rx=+0.00)
  t= 34.6 DWA-F pos=(-2.56,+0.04) yaw=+156.3 d=3.70 goal_err=-30 carrot_err= -26 c0=1.05 clear=0.70 prog=0.30 rel=0.79 bal=-0.49 obs=228 hard=214 obsc=235 yr=  0  nz=0.21 flt=0.02 dmap=+2/-1 shz=4.0 plan=17 cmd=(lx=+0.00,ly=+0.40,rx=+0.00)
  t= 35.1 ENG-F pos=(-2.60,+0.06) yaw=+156.3 d=3.67 goal_err=-31 carrot_err= -27 c0=1.01 clear=0.68 prog=0.30 rel=0.73 bal=-0.37 obs=227 hard=214 obsc=235 yr=  0  nz=0.27 flt=0.02 dmap=+0/-0 shz=4.0 plan=17 cmd=(lx=+0.00,ly=+0.28,rx=+0.00)
  t= 35.5 ENG-F pos=(-2.63,+0.07) yaw=+156.3 d=3.64 goal_err=-31 carrot_err= -28 c0=0.98 clear=0.65 prog=0.29 rel=0.79 bal=-0.37 obs=228 hard=213 obsc=234 yr=  0  nz=0.21 flt=0.02 dmap=+0/-0 shz=4.0 plan=17 cmd=(lx=+0.00,ly=+0.28,rx=+0.00)
  t= 35.9 ENG-F pos=(-2.66,+0.08) yaw=+156.3 d=3.61 goal_err=-31 carrot_err= -29 c0=0.94 clear=0.63 prog=0.26 rel=0.93 bal=-0.37 obs=229 hard=213 obsc=234 yr=  0  nz=0.07 flt=0.03 dmap=+1/-1 shz=4.0 plan=17 cmd=(lx=+0.00,ly=+0.28,rx=+0.00)
  t= 36.4 ENG-F pos=(-2.70,+0.10) yaw=+156.3 d=3.57 goal_err=-32 carrot_err= -21 c0=0.90 clear=0.60 prog=0.27 rel=0.92 bal=-0.37 obs=229 hard=213 obsc=234 yr=  0  nz=0.08 flt=0.03 dmap=+0/-0 shz=4.0 plan=17 cmd=(lx=+0.00,ly=+0.28,rx=+0.00)
  t= 36.8 ENG-F pos=(-2.74,+0.12) yaw=+156.3 d=3.54 goal_err=-32 carrot_err= -22 c0=0.87 clear=0.58 prog=0.25 rel=0.92 bal=-0.37 obs=230 hard=215 obsc=234 yr=  0  nz=0.08 flt=0.00 dmap=+0/-0 shz=4.0 plan=16 cmd=(lx=+0.00,ly=+0.28,rx=+0.00)
  t= 37.2 ENG-F pos=(-2.77,+0.13) yaw=+156.3 d=3.51 goal_err=-32 carrot_err= -23 c0=0.83 clear=0.56 prog=0.25 rel=0.92 bal=-0.30 obs=229 hard=216 obsc=234 yr=  0  nz=0.08 flt=0.02 dmap=+0/-1 shz=4.0 plan=16 cmd=(lx=+0.00,ly=+0.28,rx=+0.00)
  t= 37.6 ENG-F pos=(-2.80,+0.15) yaw=+156.3 d=3.48 goal_err=-33 carrot_err= -24 c0=0.80 clear=0.53 prog=0.25 rel=0.93 bal=-0.31 obs=228 hard=215 obsc=232 yr=  0  nz=0.07 flt=0.01 dmap=+0/-0 shz=4.0 plan=16 cmd=(lx=+0.00,ly=+0.28,rx=+0.00)
  t= 38.1 ENG-F pos=(-2.84,+0.16) yaw=+156.3 d=3.45 goal_err=-33 carrot_err= -25 c0=0.76 clear=0.51 prog=0.24 rel=0.93 bal=-0.31 obs=227 hard=215 obsc=233 yr=  0  nz=0.07 flt=0.02 dmap=+0/-0 shz=4.0 plan=16 cmd=(lx=+0.00,ly=+0.28,rx=+0.00)
  t= 38.5 ENG-F pos=(-2.87,+0.18) yaw=+156.3 d=3.42 goal_err=-33 carrot_err= -26 c0=0.73 clear=0.49 prog=0.24 rel=0.93 bal=-0.32 obs=231 hard=218 obsc=236 yr=  0  nz=0.07 flt=0.01 dmap=+0/-0 shz=4.0 plan=16 cmd=(lx=+0.00,ly=+0.28,rx=+0.00)
  t= 38.9 ENG-F pos=(-2.90,+0.19) yaw=+154.7 d=3.39 goal_err=-32 carrot_err= -25 c0=0.70 clear=0.47 prog=0.24 rel=0.93 bal=-0.32 obs=232 hard=218 obsc=236 yr= 16G nz=0.07 flt=0.16 dmap=+0/-0 shz=4.0 plan=16 cmd=(lx=+0.00,ly=+0.28,rx=+0.00)
  t= 39.3 ENG-F pos=(-2.93,+0.20) yaw=+153.0 d=3.36 goal_err=-31 carrot_err= -25 c0=0.70 clear=0.47 prog=0.22 rel=0.95 bal=-0.20 obs=231 hard=219 obsc=237 yr=  0  nz=0.05 flt=0.02 dmap=+0/-0 shz=3.9 plan=16 cmd=(lx=+0.00,ly=+0.28,rx=+0.00)
  t= 39.8 ENG-F pos=(-2.96,+0.22) yaw=+153.0 d=3.33 goal_err=-31 carrot_err= -26 c0=0.67 clear=0.44 prog=0.22 rel=0.95 bal=-0.20 obs=230 hard=219 obsc=235 yr=  0  nz=0.05 flt=0.00 dmap=+0/-0 shz=4.0 plan=16 cmd=(lx=+0.00,ly=+0.28,rx=+0.00)
  t= 40.2 ENG-F pos=(-2.97,+0.23) yaw=+149.8 d=3.32 goal_err=-28 carrot_err= -23 c0=0.65 clear=0.43 prog=0.20 rel=0.96 bal=-0.21 obs=240 hard=225 obsc=244 yr= 15  nz=0.04 flt=0.32 dmap=+10/-0 shz=4.0 plan=16 cmd=(lx=+0.00,ly=+0.28,rx=+0.00)
  t= 40.6 ENG-F pos=(-3.01,+0.24) yaw=+149.8 d=3.28 goal_err=-28 carrot_err= -24 c0=0.61 clear=0.41 prog=0.19 rel=0.94 bal=-0.21 obs=240 hard=229 obsc=244 yr=  0  nz=0.06 flt=0.00 dmap=+0/-0 shz=4.0 plan=16 cmd=(lx=+0.00,ly=+0.28,rx=+0.00)
  t= 41.0 ENG-T pos=(-3.04,+0.26) yaw=+149.8 d=3.25 goal_err=-28 carrot_err= -26 c0=0.58 clear=0.39 prog=0.22 rel=0.93 bal=-0.25 obs=241 hard=228 obsc=245 yr=  0G nz=0.07 flt=0.00 dmap=+0/-0 shz=4.0 plan=16 cmd=(lx=+0.00,ly=+0.00,rx=+0.45)
  t= 41.5 ENG-F pos=(-3.05,+0.27) yaw=+145.0 d=3.24 goal_err=-24 carrot_err= -22 c0=0.56 clear=0.38 prog=0.19 rel=0.93 bal=-0.25 obs=240 hard=228 obsc=246 yr=  0  nz=0.06 flt=0.01 dmap=+0/-1 shz=4.0 plan=16 cmd=(lx=+0.00,ly=+0.28,rx=+0.00)
  t= 41.9 ENG-F pos=(-3.08,+0.29) yaw=+145.0 d=3.20 goal_err=-24 carrot_err= -23 c0=0.53 clear=0.35 prog=0.20 rel=0.93 bal=-0.21 obs=240 hard=227 obsc=246 yr=  0  nz=0.07 flt=0.01 dmap=+0/-0 shz=4.0 plan=16 cmd=(lx=+0.00,ly=+0.28,rx=+0.00)
  t= 42.3 ENG-T pos=(-3.11,+0.31) yaw=+145.0 d=3.17 goal_err=-24 carrot_err= -19 c0=0.57 clear=0.38 prog=0.23 rel=0.96 bal=-0.21 obs=237 hard=225 obsc=243 yr=  0G nz=0.04 flt=0.01 dmap=+0/-0 shz=4.0 plan=16 cmd=(lx=+0.00,ly=+0.00,rx=+0.45)
  t= 42.7 ENG-F pos=(-3.12,+0.32) yaw=+141.8 d=3.16 goal_err=-21 carrot_err= -17 c0=0.55 clear=0.37 prog=0.20 rel=0.96 bal=-0.20 obs=239 hard=226 obsc=243 yr=  0  nz=0.04 flt=0.01 dmap=+0/-0 shz=4.0 plan=16 cmd=(lx=+0.00,ly=+0.28,rx=+0.00)
  t= 43.2 ENG-T pos=(-3.15,+0.34) yaw=+141.8 d=3.13 goal_err=-21 carrot_err= -17 c0=0.70 clear=0.47 prog=0.22 rel=0.91 bal=+0.43 obs=236 hard=226 obsc=244 yr=  0  nz=0.10 flt=0.00 dmap=+0/-0 shz=4.0 plan=15 cmd=(lx=+0.00,ly=+0.00,rx=+0.45)
  t= 43.6 ENG-F pos=(-3.16,+0.35) yaw=+138.6 d=3.11 goal_err=-18 carrot_err= -14 c0=0.69 clear=0.46 prog=0.19 rel=0.89 bal=+0.43 obs=236 hard=226 obsc=244 yr= 15G nz=0.11 flt=0.02 dmap=+0/-0 shz=4.0 plan=15 cmd=(lx=+0.00,ly=+0.28,rx=+0.00)
  t= 44.0 ENG-F pos=(-3.18,+0.37) yaw=+135.4 d=3.09 goal_err=-15 carrot_err= -12 c0=0.66 clear=0.44 prog=0.17 rel=0.89 bal=+0.45 obs=239 hard=225 obsc=243 yr=  0  nz=0.11 flt=0.00 dmap=+2/-0 shz=4.0 plan=15 cmd=(lx=+0.00,ly=+0.28,rx=+0.00)
  t= 44.5 ENG-F pos=(-3.20,+0.39) yaw=+135.4 d=3.06 goal_err=-15 carrot_err= -12 c0=1.35 clear=0.90 prog=0.19 rel=0.91 bal=+0.46 obs=237 hard=227 obsc=244 yr=  0  nz=0.09 flt=0.00 dmap=+0/-0 shz=4.0 plan=15 cmd=(lx=+0.00,ly=+0.28,rx=+0.00)
  t= 44.9 ENG-F pos=(-3.21,+0.41) yaw=+133.8 d=3.04 goal_err=-14 carrot_err= -11 c0=1.06 clear=0.71 prog=0.17 rel=0.61 bal=+0.47 obs=238 hard=226 obsc=243 yr= 15G nz=0.39 flt=0.00 dmap=+0/-0 shz=4.0 plan=15 cmd=(lx=+0.00,ly=+0.28,rx=+0.00)
  t= 45.3 ENG-F pos=(-3.23,+0.42) yaw=+132.2 d=3.02 goal_err=-12 carrot_err=  -9 c0=1.31 clear=0.87 prog=0.16 rel=0.53 bal=+0.48 obs=241 hard=228 obsc=245 yr=  0  nz=0.47 flt=0.02 dmap=+1/-0 shz=3.9 plan=15 cmd=(lx=+0.00,ly=+0.28,rx=+0.00)
  t= 45.7 ENG-GO pos=(-3.24,+0.44) yaw=+130.6 d=3.00 goal_err=-11 carrot_err=  -8 c0=0.84 clear=0.56 prog=0.20 rel=0.59 bal=+0.49 obs=241 hard=229 obsc=246 yr= 15  nz=0.41 flt=0.03 dmap=+0/-1 shz=4.0 plan=15 cmd=(lx=+0.00,ly=+0.28,rx=+0.00)
  t= 46.2 ENG-GO pos=(-3.26,+0.46) yaw=+129.0 d=2.97 goal_err=-9 carrot_err=  -7 c0=1.36 clear=0.91 prog=0.17 rel=0.66 bal=-0.12 obs=241 hard=227 obsc=245 yr=  0  nz=0.34 flt=0.00 dmap=+0/-0 shz=4.0 plan=15 cmd=(lx=+0.00,ly=+0.28,rx=+0.00)
  t= 46.6 ENG-GO pos=(-3.28,+0.48) yaw=+129.0 d=2.94 goal_err=-9 carrot_err=  -7 c0=1.33 clear=0.89 prog=0.18 rel=0.65 bal=+0.52 obs=237 hard=228 obsc=244 yr=  0  nz=0.35 flt=0.03 dmap=+0/-0 shz=4.0 plan=15 cmd=(lx=+0.00,ly=+0.28,rx=+0.00)
  t= 47.0 ENG-GO pos=(-3.30,+0.51) yaw=+129.0 d=2.91 goal_err=-10 carrot_err=  -3 c0=1.30 clear=0.87 prog=0.22 rel=0.65 bal=+0.53 obs=239 hard=224 obsc=243 yr=  0  nz=0.35 flt=0.00 dmap=+2/-0 shz=4.0 plan=15 cmd=(lx=+0.00,ly=+0.28,rx=+0.00)
  t= 47.4 ENG-GO pos=(-3.32,+0.54) yaw=+129.0 d=2.87 goal_err=-10 carrot_err=  -3 c0=1.27 clear=0.84 prog=0.23 rel=0.94 bal=+0.55 obs=240 hard=225 obsc=244 yr=  0  nz=0.06 flt=0.00 dmap=+1/-0 shz=4.0 plan=15 cmd=(lx=+0.00,ly=+0.28,rx=+0.00)
  t= 47.9 ENG-GO pos=(-3.34,+0.56) yaw=+129.0 d=2.84 goal_err=-10 carrot_err=  -1 c0=1.23 clear=0.82 prog=0.26 rel=0.93 bal=+0.16 obs=236 hard=225 obsc=243 yr=  0  nz=0.07 flt=0.01 dmap=+0/-0 shz=4.0 plan=13 cmd=(lx=+0.00,ly=+0.28,rx=+0.00)
  t= 48.3 ENG-GO pos=(-3.37,+0.59) yaw=+129.0 d=2.80 goal_err=-10 carrot_err=  -1 c0=1.20 clear=0.80 prog=0.27 rel=0.94 bal=+0.17 obs=239 hard=227 obsc=244 yr=  0  nz=0.07 flt=0.01 dmap=+1/-0 shz=4.0 plan=13 cmd=(lx=+0.00,ly=+0.28,rx=+0.00)
  t= 48.7 ENG-GO pos=(-3.40,+0.63) yaw=+129.0 d=2.76 goal_err=-10 carrot_err=  -1 c0=1.16 clear=0.77 prog=0.29 rel=0.92 bal=+0.02 obs=242 hard=229 obsc=246 yr=  0  nz=0.08 flt=0.00 dmap=+0/-0 shz=4.0 plan=13 cmd=(lx=+0.00,ly=+0.28,rx=+0.00)
  t= 49.1 ENG-GO pos=(-3.42,+0.65) yaw=+129.0 d=2.72 goal_err=-10 carrot_err=  -1 c0=1.12 clear=0.75 prog=0.29 rel=0.92 bal=+0.03 obs=241 hard=229 obsc=246 yr=  0  nz=0.08 flt=0.00 dmap=+0/-0 shz=4.0 plan=13 cmd=(lx=+0.00,ly=+0.28,rx=+0.00)
  t= 49.6 ENG-GO pos=(-3.44,+0.68) yaw=+129.0 d=2.69 goal_err=-10 carrot_err=  -1 c0=1.09 clear=0.73 prog=0.29 rel=0.93 bal=-0.00 obs=239 hard=229 obsc=246 yr=  0  nz=0.07 flt=0.00 dmap=+0/-2 shz=4.0 plan=13 cmd=(lx=+0.00,ly=+0.28,rx=+0.00)
  t= 50.0 ENG-GO pos=(-3.46,+0.71) yaw=+129.0 d=2.65 goal_err=-10 carrot_err=  -1 c0=1.06 clear=0.70 prog=0.29 rel=0.92 bal=-0.09 obs=236 hard=225 obsc=241 yr=  0  nz=0.08 flt=0.01 dmap=+0/-1 shz=4.0 plan=13 cmd=(lx=+0.00,ly=+0.28,rx=+0.00)
  t= 50.4 ENG-GO pos=(-3.49,+0.74) yaw=+129.0 d=2.62 goal_err=-11 carrot_err=  -1 c0=1.02 clear=0.68 prog=0.28 rel=0.92 bal=+0.03 obs=236 hard=225 obsc=241 yr=  0  nz=0.08 flt=0.00 dmap=+0/-0 shz=4.0 plan=13 cmd=(lx=+0.00,ly=+0.28,rx=+0.00)
  t= 50.9 ENG-GO pos=(-3.50,+0.76) yaw=+129.0 d=2.59 goal_err=-11 carrot_err=  +1 c0=1.00 clear=0.67 prog=0.26 rel=0.92 bal=+0.03 obs=234 hard=223 obsc=239 yr=  0  nz=0.08 flt=0.01 dmap=+0/-1 shz=3.9 plan=12 cmd=(lx=+0.00,ly=+0.28,rx=+0.00)
  t= 51.3 ENG-GO pos=(-3.51,+0.77) yaw=+129.0 d=2.57 goal_err=-11 carrot_err=  +1 c0=1.07 clear=0.71 prog=0.23 rel=0.95 bal=+0.03 obs=234 hard=223 obsc=238 yr=  0  nz=0.05 flt=0.02 dmap=+0/-0 shz=3.9 plan=12 cmd=(lx=+0.00,ly=+0.28,rx=+0.00)
  t= 51.7 ENG-GO pos=(-3.53,+0.79) yaw=+129.0 d=2.55 goal_err=-11 carrot_err=  +1 c0=1.04 clear=0.69 prog=0.21 rel=0.95 bal=+0.03 obs=235 hard=223 obsc=240 yr=  0  nz=0.05 flt=0.00 dmap=+2/-1 shz=3.9 plan=12 cmd=(lx=+0.00,ly=+0.28,rx=+0.00)
  t= 52.2 ENG-GO pos=(-3.55,+0.82) yaw=+129.0 d=2.51 goal_err=-11 carrot_err=  +1 c0=1.01 clear=0.67 prog=0.21 rel=0.95 bal=+0.03 obs=235 hard=222 obsc=240 yr=  0  nz=0.05 flt=0.00 dmap=+0/-1 shz=3.9 plan=12 cmd=(lx=+0.00,ly=+0.28,rx=+0.00)
  t= 52.6 ENG-GO pos=(-3.58,+0.85) yaw=+129.0 d=2.47 goal_err=-11 carrot_err=  +1 c0=0.99 clear=0.66 prog=0.21 rel=0.94 bal=+0.03 obs=235 hard=221 obsc=239 yr=  0  nz=0.06 flt=0.00 dmap=+0/-0 shz=3.9 plan=12 cmd=(lx=+0.00,ly=+0.28,rx=+0.00)
  t= 53.0 ENG-GO pos=(-3.59,+0.87) yaw=+129.0 d=2.45 goal_err=-11 carrot_err=  +1 c0=0.96 clear=0.64 prog=0.24 rel=0.95 bal=+0.03 obs=231 hard=220 obsc=237 yr=  0  nz=0.05 flt=0.00 dmap=+0/-0 shz=3.9 plan=12 cmd=(lx=+0.00,ly=+0.28,rx=+0.00)
  t= 53.5 ENG-GO pos=(-3.62,+0.90) yaw=+129.0 d=2.41 goal_err=-11 carrot_err=  +1 c0=0.93 clear=0.62 prog=0.24 rel=0.95 bal=-0.09 obs=232 hard=221 obsc=236 yr=  0  nz=0.05 flt=0.00 dmap=+1/-0 shz=3.9 plan=12 cmd=(lx=+0.00,ly=+0.28,rx=+0.00)
  t= 53.9 ENG-GO pos=(-3.63,+0.92) yaw=+129.0 d=2.39 goal_err=-12 carrot_err=  +1 c0=0.90 clear=0.60 prog=0.24 rel=0.95 bal=-0.09 obs=232 hard=222 obsc=237 yr=  0  nz=0.05 flt=0.01 dmap=+0/-0 shz=3.9 plan=11 cmd=(lx=+0.00,ly=+0.28,rx=+0.00)
  t= 54.4 ENG-GO pos=(-3.66,+0.95) yaw=+129.0 d=2.35 goal_err=-12 carrot_err=  +1 c0=0.87 clear=0.58 prog=0.24 rel=0.94 bal=-0.09 obs=232 hard=220 obsc=236 yr=  0  nz=0.06 flt=0.00 dmap=+0/-0 shz=3.9 plan=11 cmd=(lx=+0.00,ly=+0.28,rx=+0.00)
  t= 54.8 ENG-GO pos=(-3.67,+0.97) yaw=+129.0 d=2.32 goal_err=-12 carrot_err=  +1 c0=0.85 clear=0.56 prog=0.24 rel=0.94 bal=+0.03 obs=232 hard=220 obsc=236 yr=  0  nz=0.06 flt=0.00 dmap=+0/-0 shz=3.9 plan=11 cmd=(lx=+0.00,ly=+0.28,rx=+0.00)
  t= 55.3 ENG-GO pos=(-3.70,+1.00) yaw=+129.0 d=2.29 goal_err=-12 carrot_err=  +1 c0=0.81 clear=0.54 prog=0.23 rel=0.95 bal=+0.02 obs=231 hard=221 obsc=236 yr=  0  nz=0.05 flt=0.01 dmap=+1/-1 shz=3.9 plan=11 cmd=(lx=+0.00,ly=+0.28,rx=+0.00)
  t= 55.7 ENG-GO pos=(-3.72,+1.03) yaw=+129.0 d=2.25 goal_err=-12 carrot_err=  +2 c0=0.78 clear=0.52 prog=0.25 rel=0.94 bal=+0.02 obs=229 hard=219 obsc=234 yr=  0  nz=0.06 flt=0.01 dmap=+0/-1 shz=3.9 plan=11 cmd=(lx=+0.00,ly=+0.28,rx=+0.00)
  t= 56.1 ENG-GO pos=(-3.74,+1.05) yaw=+129.0 d=2.23 goal_err=-12 carrot_err=  +2 c0=0.75 clear=0.50 prog=0.23 rel=0.94 bal=+0.01 obs=230 hard=219 obsc=234 yr=  0  nz=0.06 flt=0.00 dmap=+0/-0 shz=3.9 plan=11 cmd=(lx=+0.00,ly=+0.28,rx=+0.00)
  t= 56.6 ENG-GO pos=(-3.76,+1.07) yaw=+129.0 d=2.19 goal_err=-13 carrot_err=  +3 c0=0.72 clear=0.48 prog=0.23 rel=0.93 bal=+0.01 obs=229 hard=219 obsc=234 yr=  0  nz=0.07 flt=0.01 dmap=+0/-0 shz=3.9 plan=11 cmd=(lx=+0.00,ly=+0.28,rx=+0.00)
  t= 57.0 ENG-GO pos=(-3.77,+1.10) yaw=+129.0 d=2.17 goal_err=-13 carrot_err=  +3 c0=0.97 clear=0.65 prog=0.24 rel=0.94 bal=+0.00 obs=230 hard=218 obsc=234 yr=  0  nz=0.06 flt=0.00 dmap=+1/-0 shz=3.9 plan=11 cmd=(lx=+0.00,ly=+0.28,rx=+0.00)
  t= 57.5 ENG-GO pos=(-3.80,+1.12) yaw=+129.0 d=2.13 goal_err=-13 carrot_err=  +3 c0=0.93 clear=0.62 prog=0.24 rel=0.83 bal=-0.01 obs=231 hard=220 obsc=236 yr=  0  nz=0.17 flt=0.00 dmap=+1/-0 shz=3.9 plan=11 cmd=(lx=+0.00,ly=+0.28,rx=+0.00)
  t= 57.9 ENG-GO pos=(-3.82,+1.15) yaw=+129.0 d=2.10 goal_err=-13 carrot_err=  +3 c0=0.90 clear=0.60 prog=0.24 rel=0.83 bal=-0.02 obs=233 hard=221 obsc=237 yr=  0  nz=0.17 flt=0.01 dmap=+0/-0 shz=3.9 plan=11 cmd=(lx=+0.00,ly=+0.28,rx=+0.00)
  t= 58.3 ENG-GO pos=(-3.84,+1.17) yaw=+129.0 d=2.07 goal_err=-13 carrot_err=  -5 c0=0.87 clear=0.58 prog=0.24 rel=0.86 bal=-0.03 obs=234 hard=221 obsc=238 yr=  0  nz=0.14 flt=0.00 dmap=+1/-0 shz=3.9 plan=11 cmd=(lx=+0.00,ly=+0.28,rx=+0.00)
  t= 58.8 ENG-GO pos=(-3.86,+1.20) yaw=+129.0 d=2.04 goal_err=-14 carrot_err=  +3 c0=0.84 clear=0.56 prog=0.24 rel=0.94 bal=-0.02 obs=234 hard=223 obsc=240 yr=  0  nz=0.06 flt=0.00 dmap=+2/-2 shz=3.9 plan=10 cmd=(lx=+0.00,ly=+0.28,rx=+0.00)
  t= 59.2 ENG-GO pos=(-3.88,+1.22) yaw=+129.0 d=2.01 goal_err=-14 carrot_err=  +3 c0=0.82 clear=0.54 prog=0.24 rel=0.94 bal=+0.11 obs=231 hard=221 obsc=238 yr=  0  nz=0.06 flt=0.03 dmap=+0/-0 shz=3.9 plan=10 cmd=(lx=+0.00,ly=+0.28,rx=+0.00)
  t= 59.7 ENG-GO pos=(-3.90,+1.25) yaw=+129.0 d=1.97 goal_err=-14 carrot_err=  +3 c0=0.78 clear=0.52 prog=0.24 rel=0.95 bal=+0.10 obs=230 hard=221 obsc=236 yr=  0  nz=0.05 flt=0.00 dmap=+0/-0 shz=3.9 plan=10 cmd=(lx=+0.00,ly=+0.28,rx=+0.00)
  t= 60.1 ENG-GO pos=(-3.92,+1.27) yaw=+129.0 d=1.95 goal_err=-14 carrot_err=  -5 c0=1.59 clear=1.00 prog=0.24 rel=0.94 bal=+0.05 obs=227 hard=217 obsc=233 yr=  0  nz=0.06 flt=0.00 dmap=+1/-2 shz=3.9 plan=10 cmd=(lx=+0.00,ly=+0.28,rx=+0.00)
  t= 60.5 ENG-GO pos=(-3.94,+1.30) yaw=+129.0 d=1.91 goal_err=-15 carrot_err=  -6 c0=1.55 clear=1.00 prog=0.23 rel=0.43 bal=+0.04 obs=228 hard=215 obsc=232 yr=  0  nz=0.56 flt=0.00 dmap=+0/-0 shz=3.9 plan=10 cmd=(lx=+0.00,ly=+0.28,rx=+0.00)
  t= 61.0 ENG-GO pos=(-3.96,+1.33) yaw=+129.0 d=1.88 goal_err=-15 carrot_err= -12 c0=1.52 clear=1.00 prog=0.23 rel=0.44 bal=+0.03 obs=226 hard=215 obsc=232 yr=  0  nz=0.56 flt=0.00 dmap=+0/-0 shz=3.9 plan=10 cmd=(lx=+0.00,ly=+0.28,rx=+0.00)
  t= 61.4 ENG-GO pos=(-3.98,+1.35) yaw=+129.0 d=1.84 goal_err=-15 carrot_err= -13 c0=1.48 clear=0.99 prog=0.25 rel=0.59 bal=+0.02 obs=226 hard=215 obsc=231 yr=  0  nz=0.41 flt=0.01 dmap=+1/-0 shz=3.9 plan=10 cmd=(lx=+0.00,ly=+0.28,rx=+0.00)
  t= 61.9 ENG-GO pos=(-4.01,+1.38) yaw=+129.0 d=1.81 goal_err=-15 carrot_err= -13 c0=1.45 clear=0.96 prog=0.25 rel=0.93 bal=-0.02 obs=226 hard=217 obsc=230 yr=  0  nz=0.07 flt=0.01 dmap=+0/-4 shz=3.9 plan=9 cmd=(lx=+0.00,ly=+0.28,rx=+0.00)
  t= 62.3 ENG-GO pos=(-4.02,+1.40) yaw=+129.0 d=1.78 goal_err=-16 carrot_err= -14 c0=1.42 clear=0.95 prog=0.25 rel=0.93 bal=-0.01 obs=228 hard=217 obsc=230 yr=  0  nz=0.07 flt=0.01 dmap=+0/-0 shz=3.9 plan=9 cmd=(lx=+0.00,ly=+0.28,rx=+0.00)
  t= 62.8 ENG-GO pos=(-4.05,+1.43) yaw=+129.0 d=1.75 goal_err=-16 carrot_err= -14 c0=1.39 clear=0.92 prog=0.25 rel=0.94 bal=-0.01 obs=228 hard=216 obsc=230 yr=  0  nz=0.06 flt=0.00 dmap=+0/-0 shz=3.9 plan=9 cmd=(lx=+0.00,ly=+0.28,rx=+0.00)
  t= 63.2 ENG-GO pos=(-4.07,+1.46) yaw=+129.0 d=1.71 goal_err=-16 carrot_err= -15 c0=1.35 clear=0.90 prog=0.25 rel=0.93 bal=+0.00 obs=227 hard=215 obsc=229 yr=  0  nz=0.07 flt=0.03 dmap=+0/-0 shz=3.9 plan=9 cmd=(lx=+0.00,ly=+0.28,rx=+0.00)
  t= 63.6 ENG-GO pos=(-4.09,+1.48) yaw=+129.0 d=1.69 goal_err=-17 carrot_err= -15 c0=1.33 clear=0.88 prog=0.23 rel=0.94 bal=+0.09 obs=228 hard=217 obsc=231 yr=  0  nz=0.06 flt=0.00 dmap=+0/-1 shz=3.9 plan=9 cmd=(lx=+0.00,ly=+0.28,rx=+0.00)
  t= 64.1 ENG-GO pos=(-4.11,+1.51) yaw=+129.0 d=1.65 goal_err=-17 carrot_err= -10 c0=1.29 clear=0.86 prog=0.23 rel=0.94 bal=+0.08 obs=228 hard=217 obsc=230 yr=  0  nz=0.06 flt=0.01 dmap=+1/-1 shz=3.9 plan=9 cmd=(lx=+0.00,ly=+0.28,rx=+0.00)
  t= 64.5 ENG-GO pos=(-4.13,+1.53) yaw=+129.0 d=1.63 goal_err=-17 carrot_err= -10 c0=1.27 clear=0.84 prog=0.23 rel=0.94 bal=-0.55 obs=227 hard=217 obsc=231 yr=  0  nz=0.06 flt=0.01 dmap=+0/-0 shz=3.9 plan=9 cmd=(lx=+0.00,ly=+0.28,rx=+0.00)
  t= 65.0 ENG-GO pos=(-4.15,+1.56) yaw=+129.0 d=1.59 goal_err=-18 carrot_err= -11 c0=1.23 clear=0.82 prog=0.23 rel=0.94 bal=-0.56 obs=230 hard=216 obsc=232 yr=  0  nz=0.06 flt=0.00 dmap=+0/-0 shz=3.9 plan=8 cmd=(lx=+0.00,ly=+0.28,rx=+0.00)
  t= 65.4 ENG-GO pos=(-4.17,+1.58) yaw=+129.0 d=1.56 goal_err=-18 carrot_err= -11 c0=1.20 clear=0.80 prog=0.23 rel=0.94 bal=-0.58 obs=232 hard=218 obsc=234 yr=  0  nz=0.06 flt=0.00 dmap=+1/-0 shz=3.9 plan=8 cmd=(lx=+0.00,ly=+0.28,rx=+0.00)
  t= 65.8 ENG-GO pos=(-4.19,+1.61) yaw=+129.0 d=1.52 goal_err=-18 carrot_err= -12 c0=1.17 clear=0.78 prog=0.25 rel=0.94 bal=-0.60 obs=232 hard=220 obsc=235 yr=  0  nz=0.06 flt=0.01 dmap=+0/-0 shz=3.9 plan=8 cmd=(lx=+0.00,ly=+0.28,rx=+0.00)
  t= 66.3 ENG-GO pos=(-4.21,+1.63) yaw=+129.0 d=1.50 goal_err=-19 carrot_err= -12 c0=1.14 clear=0.76 prog=0.23 rel=0.93 bal=-0.61 obs=233 hard=222 obsc=236 yr=  0  nz=0.07 flt=0.01 dmap=+0/-0 shz=3.9 plan=8 cmd=(lx=+0.00,ly=+0.28,rx=+0.00)
  t= 66.7 ENG-GO pos=(-4.23,+1.66) yaw=+129.0 d=1.46 goal_err=-19 carrot_err= -13 c0=1.11 clear=0.74 prog=0.24 rel=0.94 bal=-0.37 obs=235 hard=221 obsc=237 yr=  0  nz=0.07 flt=0.01 dmap=+2/-0 shz=3.9 plan=8 cmd=(lx=+0.00,ly=+0.28,rx=+0.00)
  t= 67.2 ENG-GO pos=(-4.25,+1.68) yaw=+129.0 d=1.44 goal_err=-20 carrot_err= -13 c0=1.08 clear=0.72 prog=0.23 rel=0.94 bal=-0.14 obs=233 hard=220 obsc=237 yr=  0  nz=0.06 flt=0.00 dmap=+1/-2 shz=3.9 plan=8 cmd=(lx=+0.00,ly=+0.28,rx=+0.00)
  t= 67.6 ENG-GO pos=(-4.27,+1.71) yaw=+129.0 d=1.41 goal_err=-20 carrot_err= -14 c0=1.05 clear=0.70 prog=0.23 rel=0.94 bal=-0.15 obs=236 hard=221 obsc=238 yr=  0  nz=0.06 flt=0.00 dmap=+0/-0 shz=3.9 plan=8 cmd=(lx=+0.00,ly=+0.28,rx=+0.00)
  t= 68.1 ENG-GO pos=(-4.30,+1.74) yaw=+129.0 d=1.37 goal_err=-21 carrot_err= -20 c0=1.02 clear=0.68 prog=0.24 rel=0.95 bal=-0.27 obs=236 hard=223 obsc=238 yr=  0  nz=0.05 flt=0.01 dmap=+0/-0 shz=3.9 plan=7 cmd=(lx=+0.00,ly=+0.28,rx=+0.00)
  t= 68.5 ENG-GO pos=(-4.32,+1.77) yaw=+129.0 d=1.34 goal_err=-21 carrot_err= -20 c0=0.98 clear=0.66 prog=0.24 rel=0.93 bal=-0.28 obs=238 hard=225 obsc=241 yr=  0  nz=0.07 flt=0.00 dmap=+0/-0 shz=4.0 plan=7 cmd=(lx=+0.00,ly=+0.28,rx=+0.00)
  t= 68.9 ENG-GO pos=(-4.34,+1.79) yaw=+129.0 d=1.30 goal_err=-22 carrot_err= -21 c0=1.05 clear=0.70 prog=0.24 rel=0.94 bal=-0.29 obs=239 hard=225 obsc=241 yr=  0  nz=0.06 flt=0.00 dmap=+2/-0 shz=3.9 plan=7 cmd=(lx=+0.00,ly=+0.28,rx=+0.00)
  t= 69.4 ENG-GO pos=(-4.36,+1.82) yaw=+129.0 d=1.27 goal_err=-22 carrot_err= -22 c0=1.02 clear=0.68 prog=0.25 rel=0.94 bal=-0.30 obs=239 hard=227 obsc=242 yr=  0  nz=0.06 flt=0.00 dmap=+0/-0 shz=4.0 plan=7 cmd=(lx=+0.00,ly=+0.28,rx=+0.00)
  t= 69.8 DWA-F pos=(-4.39,+1.85) yaw=+129.0 d=1.24 goal_err=-23 carrot_err= -23 c0=0.98 clear=0.65 prog=0.26 rel=0.94 bal=-0.41 obs=237 hard=227 obsc=241 yr=  0  nz=0.06 flt=0.01 dmap=+0/-0 shz=3.9 plan=7 cmd=(lx=+0.00,ly=+0.40,rx=+0.00)
  t= 70.3 DWA-F pos=(-4.42,+1.89) yaw=+129.0 d=1.20 goal_err=-24 carrot_err= -24 c0=0.94 clear=0.62 prog=0.27 rel=0.93 bal=-0.42 obs=238 hard=226 obsc=240 yr=  0  nz=0.07 flt=0.01 dmap=+0/-0 shz=3.9 plan=7 cmd=(lx=+0.00,ly=+0.40,rx=+0.00)
  t= 70.7 DWA-F pos=(-4.44,+1.92) yaw=+129.0 d=1.15 goal_err=-25 carrot_err= -17 c0=0.90 clear=0.60 prog=0.28 rel=0.92 bal=-0.43 obs=239 hard=227 obsc=241 yr=  0  nz=0.08 flt=0.00 dmap=+0/-0 shz=3.9 plan=7 cmd=(lx=+0.00,ly=+0.40,rx=+0.00)
  t= 71.2 DWA-F pos=(-4.47,+1.96) yaw=+129.0 d=1.11 goal_err=-26 carrot_err= -18 c0=0.85 clear=0.57 prog=0.29 rel=0.91 bal=-0.44 obs=239 hard=226 obsc=241 yr=  0  nz=0.09 flt=0.00 dmap=+0/-0 shz=4.0 plan=6 cmd=(lx=+0.00,ly=+0.40,rx=+0.00)
  t= 71.6 DWA-F pos=(-4.50,+1.99) yaw=+129.0 d=1.07 goal_err=-27 carrot_err= -19 c0=0.81 clear=0.54 prog=0.30 rel=0.92 bal=-0.48 obs=235 hard=223 obsc=238 yr=  0  nz=0.08 flt=0.00 dmap=+0/-0 shz=3.9 plan=6 cmd=(lx=+0.00,ly=+0.40,rx=+0.00)
  t= 72.0 DWA-F pos=(-4.52,+2.02) yaw=+129.0 d=1.04 goal_err=-27 carrot_err= -19 c0=0.78 clear=0.52 prog=0.28 rel=0.91 bal=-0.48 obs=236 hard=224 obsc=240 yr=  0  nz=0.09 flt=0.00 dmap=+0/-1 shz=3.9 plan=6 cmd=(lx=+0.00,ly=+0.40,rx=+0.00)
  t= 72.5 DWA-F pos=(-4.55,+2.05) yaw=+129.0 d=1.01 goal_err=-29 carrot_err= -20 c0=0.74 clear=0.49 prog=0.28 rel=0.93 bal=-0.48 obs=238 hard=225 obsc=240 yr=  0  nz=0.07 flt=0.02 dmap=+2/-0 shz=3.9 plan=6 cmd=(lx=+0.00,ly=+0.40,rx=+0.00)
  t= 73.0 DWA-F pos=(-4.58,+2.09) yaw=+129.0 d=0.97 goal_err=-30 carrot_err= -22 c0=0.70 clear=0.47 prog=0.27 rel=0.93 bal=-0.49 obs=240 hard=226 obsc=242 yr=  0  nz=0.07 flt=0.01 dmap=+1/-0 shz=4.0 plan=6 cmd=(lx=+0.00,ly=+0.40,rx=+0.00)
  t= 73.4 DWA-F pos=(-4.60,+2.11) yaw=+129.0 d=0.94 goal_err=-31 carrot_err= -26 c0=0.94 clear=0.63 prog=0.25 rel=0.87 bal=-0.49 obs=241 hard=227 obsc=243 yr=  0  nz=0.13 flt=0.01 dmap=+0/-0 shz=3.9 plan=6 cmd=(lx=+0.00,ly=+0.40,rx=+0.00)
  t= 73.9 DWA-F pos=(-4.62,+2.15) yaw=+129.0 d=0.90 goal_err=-32 carrot_err= -27 c0=0.90 clear=0.60 prog=0.27 rel=0.84 bal=-0.50 obs=239 hard=227 obsc=243 yr=  0  nz=0.16 flt=0.00 dmap=+0/-0 shz=3.9 plan=6 cmd=(lx=+0.00,ly=+0.40,rx=+0.00)
  t= 74.3 DWA-F pos=(-4.65,+2.18) yaw=+129.0 d=0.86 goal_err=-34 carrot_err= -29 c0=0.86 clear=0.57 prog=0.27 rel=0.84 bal=-0.50 obs=238 hard=226 obsc=240 yr=  0  nz=0.16 flt=0.00 dmap=+1/-0 shz=3.9 plan=5 cmd=(lx=+0.00,ly=+0.40,rx=+0.00)
  t= 74.8 DWA-F pos=(-4.67,+2.21) yaw=+127.4 d=0.84 goal_err=-34 carrot_err= -28 c0=0.83 clear=0.55 prog=0.25 rel=0.93 bal=-0.51 obs=241 hard=230 obsc=244 yr=  0  nz=0.07 flt=0.01 dmap=+2/-1 shz=3.9 plan=5 cmd=(lx=+0.00,ly=+0.40,rx=+0.00)
  t= 75.2 DWA-F pos=(-4.70,+2.24) yaw=+125.8 d=0.80 goal_err=-34 carrot_err= -28 c0=1.18 clear=0.78 prog=0.24 rel=0.79 bal=-0.49 obs=241 hard=231 obsc=244 yr=  0  nz=0.21 flt=0.00 dmap=+0/-0 shz=3.9 plan=5 cmd=(lx=+0.00,ly=+0.40,rx=+0.00)
  t= 75.7 DWA-F pos=(-4.73,+2.28) yaw=+125.8 d=0.76 goal_err=-35 carrot_err= -30 c0=1.13 clear=0.76 prog=0.26 rel=0.74 bal=-0.37 obs=239 hard=231 obsc=243 yr=  0G nz=0.26 flt=0.00 dmap=+0/-0 shz=3.9 plan=5 cmd=(lx=+0.00,ly=+0.40,rx=+0.45)
  t= 76.1 DWA-F pos=(-4.75,+2.32) yaw=+121.0 d=0.73 goal_err=-33 carrot_err= -27 c0=1.09 clear=0.73 prog=0.26 rel=0.74 bal=-0.37 obs=242 hard=233 obsc=248 yr=  0  nz=0.26 flt=0.00 dmap=+5/-2 shz=3.9 plan=5 cmd=(lx=+0.00,ly=+0.40,rx=+0.00)
  t= 76.6 DWA-F pos=(-4.77,+2.34) yaw=+121.0 d=0.70 goal_err=-34 carrot_err= -28 c0=1.06 clear=0.71 prog=0.24 rel=0.93 bal=-0.38 obs=241 hard=231 obsc=246 yr=  0  nz=0.07 flt=0.01 dmap=+0/-0 shz=3.9 plan=5 cmd=(lx=+0.00,ly=+0.40,rx=+0.45)
  t= 77.0 DWA-F pos=(-4.79,+2.38) yaw=+117.8 d=0.66 goal_err=-33 carrot_err= -27 c0=1.02 clear=0.68 prog=0.25 rel=0.92 bal=-0.38 obs=234 hard=233 obsc=238 yr=  0  nz=0.08 flt=0.01 dmap=+0/-8 shz=4.0 plan=5 cmd=(lx=+0.00,ly=+0.40,rx=+0.00)
  t= 77.5 DWA-F pos=(-4.81,+2.42) yaw=+116.1 d=0.62 goal_err=-34 carrot_err= -27 c0=0.98 clear=0.65 prog=0.25 rel=0.93 bal=-0.38 obs=234 hard=233 obsc=238 yr= 14G nz=0.07 flt=0.00 dmap=+0/-0 shz=3.9 plan=4 cmd=(lx=+0.00,ly=+0.40,rx=+0.00)
  t= 77.9 DWA-F pos=(-4.82,+2.45) yaw=+114.5 d=0.60 goal_err=-34 carrot_err= -27 c0=0.94 clear=0.63 prog=0.24 rel=0.91 bal=-0.37 obs=242 hard=240 obsc=244 yr=  0  nz=0.10 flt=0.02 dmap=+0/-0 shz=4.0 plan=4 cmd=(lx=+0.00,ly=+0.40,rx=+0.45)
  t= 78.4 DWA-F pos=(-4.84,+2.49) yaw=+109.7 d=0.56 goal_err=-31 carrot_err= -24 c0=0.90 clear=0.60 prog=0.26 rel=0.92 bal=-0.36 obs=247 hard=241 obsc=249 yr= 14  nz=0.08 flt=0.05 dmap=+6/-1 shz=3.9 plan=4 cmd=(lx=+0.00,ly=+0.40,rx=+0.00)
  t= 78.8 DWA-F pos=(-4.86,+2.53) yaw=+109.7 d=0.52 goal_err=-34 carrot_err= -27 c0=0.86 clear=0.57 prog=0.26 rel=0.92 bal=-0.36 obs=246 hard=243 obsc=248 yr=  0G nz=0.08 flt=0.00 dmap=+0/-0 shz=3.9 plan=3 cmd=(lx=+0.00,ly=+0.40,rx=+0.45)
  t= 79.3 DWA-F pos=(-4.87,+2.56) yaw=+104.9 d=0.50 goal_err=-31 carrot_err= -24 c0=0.99 clear=0.66 prog=0.24 rel=0.91 bal=-0.36 obs=247 hard=244 obsc=249 yr= 14G nz=0.09 flt=0.10 dmap=+0/-0 shz=3.9 plan=3 cmd=(lx=+0.00,ly=+0.40,rx=+0.00)
  t= 79.7 DWA-T pos=(-4.88,+2.60) yaw=+101.7 d=0.46 goal_err=-30 carrot_err= -23 c0=0.95 clear=0.64 prog=0.25 rel=0.90 bal=-0.35 obs=246 hard=245 obsc=250 yr= 14  nz=0.10 flt=0.01 dmap=+0/-0 shz=3.9 plan=3 cmd=(lx=+0.00,ly=+0.00,rx=+0.00)
  t= 80.2 DWA-T pos=(-4.88,+2.60) yaw=+101.7 d=0.46 goal_err=-30 carrot_err= -23 c0=0.95 clear=0.64 prog=0.19 rel=0.89 bal=-0.35 obs=247 hard=243 obsc=248 yr=  0  nz=0.11 flt=0.04 dmap=+0/-0 shz=3.9 plan=3 cmd=(lx=+0.00,ly=+0.00,rx=+0.00)
  t= 80.6 DWA-T pos=(-4.88,+2.60) yaw=+101.7 d=0.46 goal_err=-30 carrot_err= -23 c0=0.95 clear=0.64 prog=0.12 rel=0.89 bal=-0.35 obs=247 hard=243 obsc=248 yr=  0  nz=0.11 flt=0.04 dmap=+0/-0 shz=3.9 plan=3 cmd=(lx=+0.00,ly=+0.00,rx=+0.00)
  t= 81.1 BRK-BK pos=(-4.88,+2.60) yaw=+101.7 d=0.46 goal_err=-30 carrot_err= -23 c0=0.95 clear=0.64 prog=0.07 rel=0.89 bal=-0.35 obs=247 hard=243 obsc=248 yr=  0  nz=0.11 flt=0.04 dmap=+0/-0 shz=3.9 plan=0 cmd=(lx=+0.00,ly=-0.35,rx=+0.00)
  t= 81.5 BRK-TR pos=(-4.87,+2.57) yaw=+101.7 d=0.49 goal_err=-28 carrot_err= -21 c0=0.99 clear=0.66 prog=0.00 rel=1.00 bal=-0.15 obs=238 hard=238 obsc=243 yr=  0  nz=0.00 flt=0.00 dmap=+0/-0 shz=3.6 plan=0 cmd=(lx=+0.00,ly=+0.00,rx=+0.45)
  t= 82.0 BRK-TR pos=(-4.87,+2.55) yaw= +96.9 d=0.50 goal_err=-23 carrot_err= -15 c0=1.17 clear=0.78 prog=0.00 rel=0.98 bal=-0.15 obs=238 hard=238 obsc=243 yr= 14G nz=0.02 flt=0.04 dmap=+0/-0 shz=3.7 plan=0 cmd=(lx=+0.00,ly=+0.00,rx=+0.45)
  t= 82.4 BRK-TR pos=(-4.87,+2.55) yaw= +92.1 d=0.50 goal_err=-18 carrot_err= -11 c0=1.17 clear=0.78 prog=0.00 rel=0.88 bal=-0.16 obs=238 hard=238 obsc=243 yr= 15G nz=0.12 flt=0.01 dmap=+0/-0 shz=3.7 plan=0 cmd=(lx=+0.00,ly=+0.00,rx=+0.45)
  t= 82.8 BRK-TR pos=(-4.87,+2.55) yaw= +85.7 d=0.50 goal_err=-11 carrot_err=  -4 c0=1.15 clear=0.76 prog=0.00 rel=0.86 bal=-0.25 obs=238 hard=238 obsc=243 yr= 15G nz=0.14 flt=0.01 dmap=+0/-0 shz=3.7 plan=0 cmd=(lx=+0.00,ly=+0.00,rx=+0.45)
  t= 83.3 BRK-TR pos=(-4.87,+2.55) yaw= +81.1 d=0.50 goal_err=-7 carrot_err=  +0 c0=1.15 clear=0.76 prog=0.00 rel=0.90 bal=-0.25 obs=238 hard=238 obsc=243 yr= 14G nz=0.10 flt=0.03 dmap=+0/-0 shz=3.7 plan=0 cmd=(lx=+0.00,ly=+0.00,rx=+0.45)
  t= 83.7 BRK-TR pos=(-4.87,+2.55) yaw= +75.1 d=0.50 goal_err=-1 carrot_err=  +6 c0=1.08 clear=0.72 prog=0.00 rel=0.94 bal=-0.29 obs=238 hard=238 obsc=243 yr= 13G nz=0.06 flt=0.00 dmap=+0/-0 shz=3.7 plan=0 cmd=(lx=+0.00,ly=+0.00,rx=+0.45)
  t= 84.1 DWA-F pos=(-4.87,+2.55) yaw= +70.7 d=0.50 goal_err=+4 carrot_err= +11 c0=1.08 clear=0.72 prog=0.00 rel=0.94 bal=-0.29 obs=232 hard=232 obsc=236 yr= 13  nz=0.06 flt=0.00 dmap=+0/-6 shz=3.7 plan=3 cmd=(lx=+0.00,ly=+0.40,rx=+0.00)
  t= 84.6 DWA-T pos=(-4.86,+2.58) yaw= +70.7 d=0.48 goal_err=+4 carrot_err= +12 c0=1.05 clear=0.70 prog=0.05 rel=0.94 bal=-0.29 obs=231 hard=230 obsc=234 yr=  0  nz=0.06 flt=0.05 dmap=+0/-0 shz=3.7 plan=3 cmd=(lx=+0.00,ly=+0.00,rx=+0.00)
  t= 85.0 DWA-T pos=(-4.85,+2.59) yaw= +70.7 d=0.47 goal_err=+4 carrot_err= +12 c0=1.04 clear=0.70 prog=0.06 rel=0.97 bal=-0.29 obs=231 hard=228 obsc=233 yr=  0  nz=0.03 flt=0.00 dmap=+0/-0 shz=3.7 plan=3 cmd=(lx=+0.00,ly=+0.00,rx=+0.00)
  t= 85.5 DWA-T pos=(-4.85,+2.59) yaw= +70.7 d=0.47 goal_err=+4 carrot_err= +12 c0=1.04 clear=0.70 prog=0.06 rel=0.97 bal=-0.29 obs=231 hard=228 obsc=233 yr=  0  nz=0.03 flt=0.00 dmap=+0/-0 shz=3.7 plan=3 cmd=(lx=+0.00,ly=+0.00,rx=+0.00)
  t= 85.9 DWA-T pos=(-4.85,+2.59) yaw= +70.7 d=0.47 goal_err=+4 carrot_err= +12 c0=1.04 clear=0.70 prog=0.06 rel=0.97 bal=-0.29 obs=231 hard=228 obsc=233 yr=  0  nz=0.03 flt=0.00 dmap=+0/-0 shz=3.7 plan=0 cmd=(lx=+0.00,ly=+0.00,rx=+0.00)
  t= 86.4 BRK-BK pos=(-4.86,+2.56) yaw= +70.7 d=0.49 goal_err=+4 carrot_err= +11 c0=1.07 clear=0.71 prog=0.00 rel=0.97 bal=-0.29 obs=228 hard=224 obsc=230 yr=  0  nz=0.03 flt=0.00 dmap=+0/-3 shz=3.4 plan=0 cmd=(lx=+0.00,ly=-0.35,rx=+0.00)
  t= 86.8 BRK-TR pos=(-4.87,+2.54) yaw= +69.2 d=0.52 goal_err=+5 carrot_err= +12 c0=1.09 clear=0.73 prog=0.00 rel=0.97 bal=-0.28 obs=228 hard=224 obsc=230 yr= 13G nz=0.03 flt=0.00 dmap=+0/-0 shz=3.4 plan=0 cmd=(lx=+0.00,ly=+0.00,rx=+0.45)
  t= 87.3 BRK-TR pos=(-4.87,+2.54) yaw= +63.2 d=0.52 goal_err=+11 carrot_err= +18 c0=1.09 clear=0.73 prog=0.00 rel=0.98 bal=-0.19 obs=228 hard=225 obsc=230 yr= 13G nz=0.02 flt=0.01 dmap=+0/-0 shz=3.4 plan=0 cmd=(lx=+0.00,ly=+0.00,rx=+0.45)
  t= 87.7 BRK-TR pos=(-4.87,+2.54) yaw= +57.2 d=0.52 goal_err=+17 carrot_err= +24 c0=1.09 clear=0.73 prog=0.00 rel=0.98 bal=-0.19 obs=228 hard=225 obsc=230 yr= 14G nz=0.02 flt=0.04 dmap=+0/-0 shz=3.4 plan=0 cmd=(lx=+0.00,ly=+0.00,rx=+0.45)
  t= 88.1 BRK-TR pos=(-4.87,+2.54) yaw= +52.8 d=0.52 goal_err=+21 carrot_err= +28 c0=1.09 clear=0.73 prog=0.00 rel=0.99 bal=-0.12 obs=228 hard=225 obsc=230 yr= 14G nz=0.01 flt=0.04 dmap=+0/-0 shz=3.4 plan=0 cmd=(lx=+0.00,ly=+0.00,rx=+0.45)
  t= 88.6 BRK-TR pos=(-4.87,+2.54) yaw= +46.8 d=0.52 goal_err=+27 carrot_err= +34 c0=1.09 clear=0.73 prog=0.00 rel=0.99 bal=-0.12 obs=228 hard=225 obsc=230 yr= 13G nz=0.01 flt=0.00 dmap=+0/-0 shz=3.4 plan=0 cmd=(lx=+0.00,ly=+0.00,rx=+0.45)
  t= 89.0 DWA-F pos=(-4.87,+2.54) yaw= +40.9 d=0.52 goal_err=+33 carrot_err= +40 c0=1.09 clear=0.73 prog=0.00 rel=0.99 bal=-0.01 obs=228 hard=225 obsc=230 yr= 13G nz=0.01 flt=0.00 dmap=+0/-0 shz=3.4 plan=3 cmd=(lx=+0.00,ly=+0.28,rx=-0.45)
  t= 89.5 DWA-F pos=(-4.86,+2.55) yaw= +45.3 d=0.50 goal_err=+30 carrot_err= +38 c0=1.07 clear=0.71 prog=0.03 rel=0.99 bal=-0.12 obs=228 hard=225 obsc=230 yr= 14G nz=0.01 flt=0.11 dmap=+0/-0 shz=3.4 plan=3 cmd=(lx=+0.00,ly=+0.28,rx=-0.45)
  t= 89.9 DWA-F pos=(-4.84,+2.57) yaw= +51.3 d=0.48 goal_err=+26 carrot_err= +34 c0=1.04 clear=0.69 prog=0.07 rel=0.97 bal=-0.17 obs=228 hard=225 obsc=230 yr= 13G nz=0.03 flt=0.03 dmap=+0/-0 shz=3.4 plan=3 cmd=(lx=+0.00,ly=+0.28,rx=-0.45)
  t= 90.4 DWA-F pos=(-4.82,+2.60) yaw= +57.2 d=0.45 goal_err=+21 carrot_err= +30 c0=1.01 clear=0.68 prog=0.12 rel=0.95 bal=-0.17 obs=229 hard=226 obsc=231 yr= 13G nz=0.05 flt=0.03 dmap=+0/-0 shz=3.4 plan=3 cmd=(lx=+0.00,ly=+0.28,rx=-0.45)

  >>> MODO AGRESIVO ON (12s sin acercarse a B): reduzco inflado y holgura (min seguridad 0.24m) para cruzar la puerta.
  t= 90.8 AGR-DWA-T pos=(-4.81,+2.61) yaw= +60.2 d=0.44 goal_err=+19 carrot_err= +28 c0=1.00 clear=0.67 prog=0.14 rel=0.94 bal=-0.17 obs=218 hard=216 obsc=231 yr=  0  nz=0.06 flt=0.00 dmap=+0/-0 shz=3.4 plan=3 cmd=(lx=+0.00,ly=+0.00,rx=+0.00)
  t= 91.3 AGR-DWA-T pos=(-4.81,+2.61) yaw= +60.2 d=0.44 goal_err=+19 carrot_err= +28 c0=1.00 clear=0.67 prog=0.12 rel=0.94 bal=-0.17 obs=217 hard=212 obsc=227 yr=  0  nz=0.06 flt=0.04 dmap=+0/-0 shz=3.4 plan=3 cmd=(lx=+0.00,ly=+0.00,rx=+0.00)
  t= 91.7 AGR-DWA-T pos=(-4.81,+2.61) yaw= +60.2 d=0.44 goal_err=+19 carrot_err= +28 c0=1.00 clear=0.67 prog=0.08 rel=0.94 bal=-0.17 obs=217 hard=212 obsc=227 yr=  0  nz=0.06 flt=0.04 dmap=+0/-0 shz=3.4 plan=3 cmd=(lx=+0.00,ly=+0.00,rx=+0.00)
  t= 92.2 AGR-BRK-BK pos=(-4.82,+2.60) yaw= +60.2 d=0.45 goal_err=+18 carrot_err= +27 c0=1.01 clear=0.68 prog=0.02 rel=0.94 bal=-0.17 obs=217 hard=212 obsc=227 yr=  0  nz=0.06 flt=0.04 dmap=+0/-0 shz=3.4 plan=0 cmd=(lx=+0.00,ly=-0.35,rx=+0.00)
  t= 92.6 AGR-BRK-TR pos=(-4.83,+2.58) yaw= +58.7 d=0.47 goal_err=+19 carrot_err= +27 c0=1.04 clear=0.69 prog=0.00 rel=0.95 bal=-0.17 obs=215 hard=211 obsc=225 yr= 14G nz=0.05 flt=0.03 dmap=+0/-0 shz=3.2 plan=0 cmd=(lx=+0.00,ly=+0.00,rx=+0.45)
  t= 93.0 AGR-BRK-TR pos=(-4.83,+2.58) yaw= +52.8 d=0.47 goal_err=+25 carrot_err= +33 c0=1.04 clear=0.69 prog=0.00 rel=0.95 bal=-0.17 obs=215 hard=211 obsc=225 yr= 14G nz=0.04 flt=0.00 dmap=+0/-0 shz=3.2 plan=0 cmd=(lx=+0.00,ly=+0.00,rx=+0.45)
  t= 93.5 AGR-BRK-TR pos=(-4.83,+2.58) yaw= +48.3 d=0.47 goal_err=+29 carrot_err= +37 c0=1.04 clear=0.69 prog=0.00 rel=0.96 bal=-0.11 obs=215 hard=211 obsc=225 yr=  0G nz=0.04 flt=0.01 dmap=+0/-0 shz=3.2 plan=0 cmd=(lx=+0.00,ly=+0.00,rx=+0.45)
  t= 93.9 AGR-BRK-TR pos=(-4.83,+2.58) yaw= +42.4 d=0.47 goal_err=+35 carrot_err= +43 c0=1.04 clear=0.69 prog=0.00 rel=0.96 bal=-0.01 obs=215 hard=211 obsc=225 yr= 14G nz=0.04 flt=0.00 dmap=+0/-0 shz=3.2 plan=0 cmd=(lx=+0.00,ly=+0.00,rx=+0.45)
  t= 94.4 AGR-BRK-TR pos=(-4.83,+2.58) yaw= +36.4 d=0.47 goal_err=+41 carrot_err= +49 c0=1.04 clear=0.69 prog=0.00 rel=0.99 bal=+0.11 obs=215 hard=211 obsc=225 yr= 13G nz=0.01 flt=0.00 dmap=+0/-0 shz=3.2 plan=0 cmd=(lx=+0.00,ly=+0.00,rx=+0.45)
  t= 94.8 AGR-DWA-F pos=(-4.83,+2.58) yaw= +31.9 d=0.47 goal_err=+46 carrot_err= +54 c0=1.04 clear=0.69 prog=0.00 rel=0.99 bal=+0.07 obs=215 hard=211 obsc=225 yr= 14G nz=0.01 flt=0.05 dmap=+0/-0 shz=3.3 plan=3 cmd=(lx=+0.00,ly=+0.28,rx=-0.45)
  t= 95.2 AGR-DWA-F pos=(-4.81,+2.59) yaw= +34.9 d=0.46 goal_err=+45 carrot_err= +53 c0=1.02 clear=0.68 prog=0.02 rel=0.98 bal=+0.15 obs=215 hard=211 obsc=225 yr= 14G nz=0.02 flt=0.03 dmap=+0/-0 shz=3.2 plan=3 cmd=(lx=+0.00,ly=+0.28,rx=-0.45)
  t= 95.7 AGR-DWA-F pos=(-4.79,+2.60) yaw= +40.9 d=0.44 goal_err=+41 carrot_err= +50 c0=0.99 clear=0.66 prog=0.06 rel=0.97 bal=+0.11 obs=216 hard=212 obsc=226 yr= 13G nz=0.03 flt=0.04 dmap=+0/-0 shz=3.3 plan=3 cmd=(lx=+0.00,ly=+0.28,rx=-0.45)

  COLISION #1 [odom] en (-4.79,+2.60) -> marco y recupero.
  t= 96.2 AGR-R-BACK pos=(-4.79,+2.61) yaw= +43.8 d=0.44 goal_err=+38 carrot_err= +48 c0=0.27 clear=0.18 prog=0.06 rel=0.56 bal=+0.01 obs=217 hard=208 obsc=220 yr=  0  nz=0.44 flt=0.01 dmap=+0/-0 shz=3.2 plan=0 cmd=(lx=+0.00,ly=-0.35,rx=+0.00)
  t= 96.6 AGR-R-TURN pos=(-4.82,+2.58) yaw= +45.3 d=0.47 goal_err=+34 carrot_err= +42 c0=0.31 clear=0.21 prog=0.01 rel=0.45 bal=+0.00 obs=216 hard=209 obsc=219 yr= 14G nz=0.55 flt=0.00 dmap=+0/-0 shz=3.2 plan=0 cmd=(lx=+0.00,ly=+0.00,rx=-0.45)
  t= 97.0 AGR-R-TURN pos=(-4.82,+2.58) yaw= +51.3 d=0.47 goal_err=+28 carrot_err= +36 c0=0.31 clear=0.21 prog=0.00 rel=0.47 bal=-0.12 obs=217 hard=210 obsc=220 yr= 13G nz=0.52 flt=0.02 dmap=+1/-0 shz=3.2 plan=0 cmd=(lx=+0.00,ly=+0.00,rx=-0.45)
  t= 97.5 AGR-R-TURN pos=(-4.82,+2.58) yaw= +55.8 d=0.47 goal_err=+24 carrot_err= +32 c0=0.31 clear=0.21 prog=0.00 rel=0.94 bal=-0.12 obs=217 hard=210 obsc=220 yr= 13G nz=0.06 flt=0.01 dmap=+0/-0 shz=3.3 plan=0 cmd=(lx=+0.00,ly=+0.00,rx=-0.45)
  t= 97.9 AGR-DWA-T pos=(-4.82,+2.58) yaw= +60.2 d=0.47 goal_err=+19 carrot_err= +28 c0=0.31 clear=0.21 prog=0.00 rel=0.94 bal=-0.12 obs=218 hard=207 obsc=220 yr=  0  nz=0.03 flt=0.21 dmap=+0/-0 shz=3.2 plan=3 cmd=(lx=+0.00,ly=+0.00,rx=+0.00)
  t= 98.4 AGR-DWA-T pos=(-4.82,+2.58) yaw= +60.2 d=0.47 goal_err=+19 carrot_err= +28 c0=0.31 clear=0.21 prog=0.00 rel=0.97 bal=-0.12 obs=219 hard=209 obsc=221 yr=  0  nz=0.03 flt=0.08 dmap=+0/-0 shz=3.2 plan=3 cmd=(lx=+0.00,ly=+0.00,rx=+0.00)
  t= 98.8 AGR-DWA-T pos=(-4.82,+2.58) yaw= +60.2 d=0.47 goal_err=+19 carrot_err= +28 c0=0.31 clear=0.21 prog=0.00 rel=0.97 bal=-0.12 obs=219 hard=209 obsc=221 yr=  0  nz=0.03 flt=0.08 dmap=+0/-0 shz=3.2 plan=3 cmd=(lx=+0.00,ly=+0.00,rx=+0.00)
  t= 99.2 AGR-BRK-BK pos=(-4.82,+2.58) yaw= +60.2 d=0.47 goal_err=+19 carrot_err= +28 c0=0.31 clear=0.21 prog=0.00 rel=0.97 bal=-0.12 obs=219 hard=209 obsc=221 yr=  0  nz=0.03 flt=0.08 dmap=+0/-0 shz=3.2 plan=0 cmd=(lx=+0.00,ly=-0.35,rx=+0.00)
  t= 99.7 AGR-BRK-TR pos=(-4.84,+2.55) yaw= +60.2 d=0.50 goal_err=+18 carrot_err= +25 c0=0.35 clear=0.23 prog=0.00 rel=1.00 bal=-0.12 obs=211 hard=204 obsc=216 yr=  0G nz=0.00 flt=0.01 dmap=+0/-0 shz=3.0 plan=0 cmd=(lx=+0.00,ly=+0.00,rx=-0.45)
  t=100.1 AGR-BRK-TR pos=(-4.84,+2.55) yaw= +66.2 d=0.50 goal_err=+12 carrot_err= +19 c0=0.35 clear=0.23 prog=0.00 rel=0.98 bal=+0.24 obs=211 hard=204 obsc=216 yr= 13G nz=0.02 flt=0.00 dmap=+0/-0 shz=3.1 plan=0 cmd=(lx=+0.00,ly=+0.00,rx=-0.45)
  t=100.6 AGR-BRK-TR pos=(-4.84,+2.55) yaw= +70.7 d=0.50 goal_err=+7 carrot_err= +15 c0=0.35 clear=0.23 prog=0.00 rel=0.98 bal=+0.24 obs=211 hard=204 obsc=216 yr= 13G nz=0.01 flt=0.00 dmap=+0/-0 shz=3.0 plan=0 cmd=(lx=+0.00,ly=+0.00,rx=-0.45)
  t=101.0 AGR-BRK-TR pos=(-4.84,+2.55) yaw= +76.6 d=0.50 goal_err=+1 carrot_err=  +9 c0=0.51 clear=0.34 prog=0.00 rel=0.90 bal=+0.24 obs=211 hard=204 obsc=216 yr= 13G nz=0.10 flt=0.00 dmap=+0/-0 shz=3.2 plan=0 cmd=(lx=+0.00,ly=+0.00,rx=-0.45)
  t=101.5 AGR-BRK-TR pos=(-4.84,+2.55) yaw= +81.1 d=0.50 goal_err=-3 carrot_err=  +4 c0=0.51 clear=0.34 prog=0.00 rel=0.84 bal=+0.24 obs=211 hard=204 obsc=216 yr=  0G nz=0.14 flt=0.18 dmap=+0/-0 shz=3.2 plan=0 cmd=(lx=+0.00,ly=+0.00,rx=-0.45)
  t=101.9 AGR-BRK-TR pos=(-4.84,+2.55) yaw= +87.0 d=0.50 goal_err=-9 carrot_err=  -1 c0=0.51 clear=0.34 prog=0.00 rel=0.87 bal=+0.35 obs=211 hard=204 obsc=216 yr= 13G nz=0.13 flt=0.01 dmap=+0/-0 shz=3.3 plan=0 cmd=(lx=+0.00,ly=+0.00,rx=-0.45)
  t=102.3 AGR-DWA-T pos=(-4.84,+2.55) yaw= +90.0 d=0.50 goal_err=-12 carrot_err=  -4 c0=1.14 clear=0.76 prog=0.00 rel=0.61 bal=+0.35 obs=202 hard=195 obsc=207 yr=  0  nz=0.37 flt=0.05 dmap=+0/-3 shz=3.2 plan=3 cmd=(lx=+0.00,ly=+0.00,rx=+0.00)
  t=102.8 AGR-DWA-T pos=(-4.84,+2.55) yaw= +90.0 d=0.50 goal_err=-12 carrot_err=  -4 c0=1.14 clear=0.76 prog=0.00 rel=0.53 bal=+0.35 obs=202 hard=195 obsc=207 yr=  0  nz=0.47 flt=0.05 dmap=+0/-0 shz=3.2 plan=3 cmd=(lx=+0.00,ly=+0.00,rx=+0.00)
  t=103.2 AGR-DWA-T pos=(-4.84,+2.55) yaw= +90.0 d=0.50 goal_err=-12 carrot_err=  -4 c0=1.14 clear=0.76 prog=0.00 rel=0.53 bal=+0.35 obs=202 hard=195 obsc=207 yr=  0  nz=0.47 flt=0.05 dmap=+0/-0 shz=3.2 plan=3 cmd=(lx=+0.00,ly=+0.00,rx=+0.00)
  t=103.7 AGR-BRK-BK pos=(-4.84,+2.55) yaw= +90.0 d=0.50 goal_err=-12 carrot_err=  -4 c0=1.14 clear=0.76 prog=0.00 rel=0.53 bal=+0.35 obs=202 hard=195 obsc=207 yr=  0  nz=0.47 flt=0.05 dmap=+0/-0 shz=3.2 plan=0 cmd=(lx=+0.00,ly=-0.35,rx=+0.00)
  t=104.1 AGR-BRK-TR pos=(-4.84,+2.51) yaw= +91.5 d=0.54 goal_err=-13 carrot_err=  -6 c0=1.17 clear=0.78 prog=0.00 rel=1.00 bal=+0.35 obs=198 hard=190 obsc=201 yr= 13G nz=0.00 flt=0.11 dmap=+0/-0 shz=3.0 plan=0 cmd=(lx=+0.00,ly=+0.00,rx=-0.45)
  t=104.6 AGR-BRK-TR pos=(-4.84,+2.51) yaw= +97.5 d=0.54 goal_err=-19 carrot_err= -12 c0=1.05 clear=0.70 prog=0.00 rel=0.89 bal=+0.36 obs=200 hard=192 obsc=203 yr= 13G nz=0.07 flt=0.00 dmap=+2/-0 shz=3.0 plan=0 cmd=(lx=+0.00,ly=+0.00,rx=-0.45)
  t=105.0 AGR-BRK-TR pos=(-4.84,+2.51) yaw=+101.9 d=0.54 goal_err=-23 carrot_err= -16 c0=1.05 clear=0.70 prog=0.00 rel=0.84 bal=+0.36 obs=200 hard=192 obsc=203 yr= 13G nz=0.13 flt=0.01 dmap=+0/-0 shz=3.0 plan=0 cmd=(lx=+0.00,ly=+0.00,rx=-0.45)
  t=105.5 AGR-BRK-TR pos=(-4.84,+2.51) yaw=+107.9 d=0.54 goal_err=-29 carrot_err= -22 c0=0.89 clear=0.59 prog=0.00 rel=0.82 bal=+0.13 obs=200 hard=192 obsc=203 yr= 14G nz=0.18 flt=0.05 dmap=+0/-0 shz=3.1 plan=0 cmd=(lx=+0.00,ly=+0.00,rx=-0.45)
  t=105.9 AGR-BRK-TR pos=(-4.84,+2.51) yaw=+112.4 d=0.54 goal_err=-34 carrot_err= -26 c0=0.89 clear=0.59 prog=0.00 rel=0.80 bal=+0.13 obs=200 hard=192 obsc=203 yr=  0G nz=0.20 flt=0.00 dmap=+0/-0 shz=3.2 plan=0 cmd=(lx=+0.00,ly=+0.00,rx=-0.45)
  t=106.3 AGR-DWA-F pos=(-4.84,+2.51) yaw=+118.3 d=0.54 goal_err=-40 carrot_err= -32 c0=0.89 clear=0.59 prog=0.00 rel=0.88 bal=+0.13 obs=200 hard=192 obsc=203 yr= 13G nz=0.12 flt=0.00 dmap=+0/-0 shz=3.2 plan=3 cmd=(lx=+0.00,ly=+0.40,rx=+0.00)
  t=106.8 AGR-DWA-F pos=(-4.85,+2.53) yaw=+119.8 d=0.53 goal_err=-43 carrot_err= -35 c0=0.87 clear=0.58 prog=0.03 rel=0.98 bal=+0.39 obs=185 hard=176 obsc=189 yr=  0  nz=0.02 flt=0.03 dmap=+0/-0 shz=3.2 plan=3 cmd=(lx=+0.00,ly=+0.40,rx=+0.00)
  t=107.2 AGR-DWA-T pos=(-4.86,+2.55) yaw=+119.8 d=0.51 goal_err=-45 carrot_err= -37 c0=0.84 clear=0.56 prog=0.06 rel=0.97 bal=+0.41 obs=177 hard=176 obsc=187 yr=  0  nz=0.03 flt=0.00 dmap=+0/-0 shz=3.2 plan=3 cmd=(lx=+0.00,ly=+0.00,rx=+0.00)
  t=107.7 AGR-DWA-T pos=(-4.86,+2.56) yaw=+119.8 d=0.50 goal_err=-45 carrot_err= -38 c0=0.84 clear=0.56 prog=0.07 rel=0.96 bal=+0.41 obs=174 hard=166 obsc=178 yr=  0  nz=0.04 flt=0.00 dmap=+1/-3 shz=3.2 plan=3 cmd=(lx=+0.00,ly=+0.00,rx=+0.00)
  t=108.1 AGR-DWA-T pos=(-4.86,+2.56) yaw=+119.8 d=0.50 goal_err=-45 carrot_err= -38 c0=0.84 clear=0.56 prog=0.07 rel=0.96 bal=+0.41 obs=174 hard=166 obsc=178 yr=  0  nz=0.04 flt=0.00 dmap=+0/-0 shz=3.2 plan=3 cmd=(lx=+0.00,ly=+0.00,rx=+0.00)
  t=108.5 AGR-DWA-T pos=(-4.86,+2.56) yaw=+119.8 d=0.50 goal_err=-45 carrot_err= -38 c0=0.84 clear=0.56 prog=0.05 rel=0.96 bal=+0.41 obs=174 hard=166 obsc=178 yr=  0  nz=0.04 flt=0.00 dmap=+0/-0 shz=3.2 plan=0 cmd=(lx=+0.00,ly=+0.00,rx=+0.00)
  t=109.0 AGR-BRK-BK pos=(-4.85,+2.54) yaw=+119.8 d=0.52 goal_err=-43 carrot_err= -36 c0=0.86 clear=0.57 prog=0.00 rel=0.99 bal=+0.41 obs=170 hard=163 obsc=173 yr=  0  nz=0.01 flt=0.00 dmap=+0/-0 shz=3.1 plan=0 cmd=(lx=+0.00,ly=-0.35,rx=+0.00)
  t=109.4 AGR-BRK-TR pos=(-4.84,+2.51) yaw=+121.3 d=0.54 goal_err=-43 carrot_err= -36 c0=0.89 clear=0.59 prog=0.00 rel=0.97 bal=+0.42 obs=170 hard=163 obsc=173 yr=  0G nz=0.03 flt=0.01 dmap=+0/-0 shz=3.1 plan=0 cmd=(lx=+0.00,ly=+0.00,rx=-0.45)
  t=109.9 AGR-BRK-TR pos=(-4.84,+2.51) yaw=+127.3 d=0.54 goal_err=-49 carrot_err= -42 c0=0.89 clear=0.59 prog=0.00 rel=0.97 bal=+0.42 obs=170 hard=163 obsc=173 yr= 13G nz=0.03 flt=0.00 dmap=+0/-0 shz=3.1 plan=0 cmd=(lx=+0.00,ly=+0.00,rx=-0.45)
  t=110.3 AGR-BRK-TR pos=(-4.84,+2.51) yaw=+133.2 d=0.54 goal_err=-55 carrot_err= -48 c0=0.89 clear=0.59 prog=0.00 rel=0.97 bal=+0.75 obs=170 hard=163 obsc=173 yr= 14G nz=0.03 flt=0.00 dmap=+0/-0 shz=3.1 plan=0 cmd=(lx=+0.00,ly=+0.00,rx=-0.45)
  t=110.7 AGR-BRK-TR pos=(-4.84,+2.51) yaw=+137.7 d=0.54 goal_err=-59 carrot_err= -52 c0=0.89 clear=0.59 prog=0.00 rel=0.99 bal=+0.15 obs=170 hard=163 obsc=173 yr= 13G nz=0.01 flt=0.01 dmap=+0/-0 shz=3.1 plan=0 cmd=(lx=+0.00,ly=+0.00,rx=-0.45)
  t=111.2 AGR-BRK-TR pos=(-4.84,+2.51) yaw=+143.7 d=0.54 goal_err=-65 carrot_err= -58 c0=0.89 clear=0.59 prog=0.00 rel=0.98 bal=+0.15 obs=170 hard=163 obsc=173 yr= 13G nz=0.02 flt=0.00 dmap=+0/-0 shz=3.1 plan=0 cmd=(lx=+0.00,ly=+0.00,rx=-0.45)
  t=111.6 AGR-DWA-F pos=(-4.84,+2.51) yaw=+149.6 d=0.54 goal_err=-71 carrot_err= -64 c0=0.89 clear=0.59 prog=0.00 rel=0.99 bal=-0.27 obs=170 hard=163 obsc=173 yr= 14G nz=0.01 flt=0.00 dmap=+0/-0 shz=3.1 plan=3 cmd=(lx=+0.00,ly=+0.40,rx=+0.45)
  t=112.1 AGR-DWA-F pos=(-4.86,+2.53) yaw=+143.7 d=0.53 goal_err=-68 carrot_err= -61 c0=0.86 clear=0.57 prog=0.02 rel=0.98 bal=+0.14 obs=171 hard=164 obsc=174 yr= 13G nz=0.02 flt=0.08 dmap=+0/-0 shz=3.2 plan=3 cmd=(lx=+0.00,ly=+0.40,rx=+0.45)
  t=112.5 AGR-DWA-F pos=(-4.88,+2.55) yaw=+137.7 d=0.52 goal_err=-65 carrot_err= -58 c0=0.83 clear=0.56 prog=0.03 rel=0.96 bal=+0.64 obs=171 hard=164 obsc=174 yr= 13G nz=0.04 flt=0.06 dmap=+0/-0 shz=3.2 plan=3 cmd=(lx=+0.00,ly=+0.28,rx=+0.45)
  t=113.0 AGR-DWA-T pos=(-4.90,+2.56) yaw=+131.7 d=0.51 goal_err=-61 carrot_err= -54 c0=0.81 clear=0.54 prog=0.05 rel=0.94 bal=+0.65 obs=171 hard=164 obsc=174 yr= 14G nz=0.07 flt=0.00 dmap=+0/-0 shz=3.2 plan=3 cmd=(lx=+0.00,ly=+0.00,rx=+0.45)
  t=113.4 AGR-DWA-T pos=(-4.90,+2.56) yaw=+125.8 d=0.51 goal_err=-55 carrot_err= -48 c0=0.81 clear=0.54 prog=0.05 rel=0.94 bal=+0.27 obs=171 hard=164 obsc=174 yr= 14  nz=0.07 flt=0.00 dmap=+0/-0 shz=3.2 plan=3 cmd=(lx=+0.00,ly=+0.00,rx=+0.00)
  t=113.8 AGR-DWA-T pos=(-4.90,+2.56) yaw=+125.8 d=0.51 goal_err=-55 carrot_err= -48 c0=0.81 clear=0.54 prog=0.04 rel=0.97 bal=+0.27 obs=160 hard=152 obsc=162 yr=  0  nz=0.03 flt=0.03 dmap=+0/-0 shz=3.2 plan=3 cmd=(lx=+0.00,ly=+0.00,rx=+0.00)
  t=114.3 AGR-DWA-T pos=(-4.90,+2.56) yaw=+125.8 d=0.51 goal_err=-55 carrot_err= -48 c0=0.81 clear=0.54 prog=0.02 rel=0.97 bal=+0.27 obs=160 hard=152 obsc=162 yr=  0  nz=0.03 flt=0.03 dmap=+0/-0 shz=3.2 plan=3 cmd=(lx=+0.00,ly=+0.00,rx=+0.00)
  t=114.7 AGR-BRK-BK pos=(-4.90,+2.56) yaw=+125.8 d=0.51 goal_err=-55 carrot_err= -48 c0=0.81 clear=0.54 prog=0.00 rel=0.97 bal=+0.27 obs=160 hard=152 obsc=162 yr=  0  nz=0.03 flt=0.03 dmap=+0/-0 shz=3.2 plan=0 cmd=(lx=+0.00,ly=-0.35,rx=+0.00)
  t=115.2 AGR-BRK-TR pos=(-4.88,+2.53) yaw=+125.8 d=0.53 goal_err=-52 carrot_err= -45 c0=0.85 clear=0.57 prog=0.00 rel=0.99 bal=+0.38 obs=160 hard=153 obsc=162 yr=  0  nz=0.01 flt=0.00 dmap=+0/-0 shz=3.1 plan=0 cmd=(lx=+0.00,ly=+0.00,rx=-0.45)
  t=115.6 AGR-BRK-TR pos=(-4.87,+2.52) yaw=+130.2 d=0.54 goal_err=-55 carrot_err= -49 c0=0.86 clear=0.57 prog=0.00 rel=0.92 bal=+0.74 obs=160 hard=153 obsc=162 yr= 14G nz=0.05 flt=0.24 dmap=+0/-0 shz=3.1 plan=0 cmd=(lx=+0.00,ly=+0.00,rx=-0.45)
  t=116.1 AGR-BRK-TR pos=(-4.87,+2.52) yaw=+136.2 d=0.54 goal_err=-61 carrot_err= -54 c0=0.86 clear=0.57 prog=0.00 rel=0.95 bal=+0.63 obs=161 hard=154 obsc=163 yr= 13G nz=0.05 flt=0.05 dmap=+0/-0 shz=3.1 plan=0 cmd=(lx=+0.00,ly=+0.00,rx=-0.45)
  t=116.5 AGR-BRK-TR pos=(-4.87,+2.52) yaw=+142.2 d=0.54 goal_err=-67 carrot_err= -60 c0=0.86 clear=0.57 prog=0.00 rel=0.95 bal=+0.13 obs=161 hard=154 obsc=163 yr= 13G nz=0.04 flt=0.00 dmap=+0/-0 shz=3.1 plan=0 cmd=(lx=+0.00,ly=+0.00,rx=-0.45)
  t=117.0 AGR-BRK-TR pos=(-4.87,+2.52) yaw=+148.1 d=0.54 goal_err=-73 carrot_err= -66 c0=0.86 clear=0.57 prog=0.00 rel=0.99 bal=-0.25 obs=161 hard=154 obsc=163 yr= 14G nz=0.01 flt=0.01 dmap=+0/-0 shz=3.1 plan=0 cmd=(lx=+0.00,ly=+0.00,rx=-0.45)
  t=117.4 AGR-BRK-TR pos=(-4.87,+2.52) yaw=+154.1 d=0.54 goal_err=-79 carrot_err= -72 c0=0.87 clear=0.58 prog=0.00 rel=0.96 bal=-0.25 obs=161 hard=154 obsc=163 yr= 14G nz=0.01 flt=0.17 dmap=+0/-0 shz=3.1 plan=0 cmd=(lx=+0.00,ly=+0.00,rx=-0.45)
  t=117.9 AGR-DWA-F pos=(-4.88,+2.52) yaw=+157.1 d=0.54 goal_err=-83 carrot_err= -76 c0=0.87 clear=0.58 prog=0.00 rel=0.96 bal=-0.19 obs=163 hard=156 obsc=165 yr= 13G nz=0.01 flt=0.00 dmap=+0/-0 shz=3.1 plan=3 cmd=(lx=+0.00,ly=+0.40,rx=+0.45)
  t=118.3 AGR-DWA-F pos=(-4.90,+2.53) yaw=+152.6 d=0.53 goal_err=-81 carrot_err= -74 c0=0.85 clear=0.56 prog=0.01 rel=0.96 bal=-0.25 obs=163 hard=156 obsc=165 yr=  0G nz=0.04 flt=0.05 dmap=+0/-0 shz=3.1 plan=3 cmd=(lx=+0.00,ly=+0.40,rx=+0.45)
  t=118.7 AGR-DWA-F pos=(-4.92,+2.55) yaw=+146.6 d=0.53 goal_err=-78 carrot_err= -71 c0=0.81 clear=0.54 prog=0.01 rel=0.94 bal=-0.25 obs=163 hard=156 obsc=165 yr= 13G nz=0.06 flt=0.00 dmap=+0/-0 shz=3.3 plan=3 cmd=(lx=+0.00,ly=+0.28,rx=+0.45)
  t=119.2 AGR-DWA-F pos=(-4.94,+2.56) yaw=+140.7 d=0.52 goal_err=-75 carrot_err= -69 c0=0.79 clear=0.52 prog=0.03 rel=0.94 bal=-0.16 obs=163 hard=156 obsc=165 yr= 13G nz=0.06 flt=0.01 dmap=+0/-0 shz=3.3 plan=3 cmd=(lx=+0.00,ly=+0.28,rx=+0.45)
  t=119.6 AGR-DWA-F pos=(-4.96,+2.58) yaw=+134.7 d=0.52 goal_err=-72 carrot_err= -66 c0=0.76 clear=0.51 prog=0.04 rel=0.93 bal=-0.16 obs=163 hard=156 obsc=165 yr= 14G nz=0.07 flt=0.00 dmap=+0/-0 shz=3.3 plan=3 cmd=(lx=+0.00,ly=+0.28,rx=+0.45)
  t=120.1 AGR-DWA-F pos=(-4.98,+2.60) yaw=+128.8 d=0.51 goal_err=-69 carrot_err= -63 c0=0.73 clear=0.49 prog=0.05 rel=0.93 bal=+0.18 obs=163 hard=156 obsc=165 yr= 27G nz=0.07 flt=0.07 dmap=+0/-0 shz=3.3 plan=3 cmd=(lx=+0.00,ly=+0.28,rx=+0.45)
  t=120.5 AGR-DWA-F pos=(-5.00,+2.62) yaw=+122.8 d=0.50 goal_err=-66 carrot_err= -61 c0=0.70 clear=0.47 prog=0.06 rel=0.94 bal=+0.17 obs=163 hard=156 obsc=165 yr= 13G nz=0.06 flt=0.01 dmap=+0/-0 shz=3.3 plan=3 cmd=(lx=+0.00,ly=+0.28,rx=+0.45)
  t=121.0 AGR-DWA-F pos=(-5.01,+2.64) yaw=+118.3 d=0.49 goal_err=-63 carrot_err= -59 c0=0.68 clear=0.45 prog=0.07 rel=0.94 bal=+0.16 obs=163 hard=156 obsc=165 yr= 13G nz=0.06 flt=0.00 dmap=+0/-0 shz=3.3 plan=3 cmd=(lx=+0.00,ly=+0.28,rx=+0.45)
  t=121.4 AGR-DWA-T pos=(-5.02,+2.65) yaw=+112.4 d=0.48 goal_err=-59 carrot_err= -54 c0=0.67 clear=0.45 prog=0.07 rel=0.96 bal=+0.09 obs=163 hard=156 obsc=165 yr= 13G nz=0.04 flt=0.13 dmap=+0/-0 shz=3.3 plan=3 cmd=(lx=+0.00,ly=+0.00,rx=+0.45)
  t=121.9 AGR-DWA-T pos=(-5.02,+2.65) yaw=+106.4 d=0.48 goal_err=-53 carrot_err= -48 c0=0.67 clear=0.45 prog=0.05 rel=0.95 bal=+0.09 obs=154 hard=143 obsc=157 yr= 13  nz=0.05 flt=0.03 dmap=+1/-10 shz=3.5 plan=3 cmd=(lx=+0.00,ly=+0.00,rx=+0.00)

  COLISION #2 [odom] en (-5.02,+2.65) -> marco y recupero.
  t=122.3 AGR-R-BACK pos=(-5.02,+2.65) yaw=+106.4 d=0.48 goal_err=-53 carrot_err= -48 c0=0.35 clear=0.23 prog=0.03 rel=0.98 bal=+0.09 obs=158 hard=147 obsc=157 yr=  0  nz=0.02 flt=0.01 dmap=+0/-0 shz=3.5 plan=0 cmd=(lx=+0.00,ly=-0.35,rx=+0.00)
  t=122.8 AGR-R-TURN pos=(-5.01,+2.62) yaw=+106.4 d=0.50 goal_err=-50 carrot_err= -45 c0=0.38 clear=0.26 prog=0.00 rel=0.81 bal=+0.17 obs=157 hard=148 obsc=158 yr=  0  nz=0.19 flt=0.00 dmap=+0/-0 shz=3.5 plan=0 cmd=(lx=+0.00,ly=+0.00,rx=-0.45)
  t=123.2 AGR-R-TURN pos=(-5.00,+2.61) yaw=+110.9 d=0.51 goal_err=-53 carrot_err= -48 c0=0.39 clear=0.26 prog=0.00 rel=0.78 bal=+0.10 obs=157 hard=148 obsc=158 yr= 13G nz=0.22 flt=0.09 dmap=+0/-0 shz=3.5 plan=0 cmd=(lx=+0.00,ly=+0.00,rx=-0.45)
  t=123.6 AGR-R-TURN pos=(-5.00,+2.61) yaw=+116.8 d=0.51 goal_err=-59 carrot_err= -54 c0=0.44 clear=0.29 prog=0.00 rel=0.79 bal=+0.16 obs=157 hard=148 obsc=158 yr= 14G nz=0.21 flt=0.22 dmap=+0/-0 shz=3.4 plan=0 cmd=(lx=+0.00,ly=+0.00,rx=-0.45)
  t=124.1 AGR-DWA-T pos=(-5.00,+2.61) yaw=+122.8 d=0.51 goal_err=-65 carrot_err= -60 c0=0.44 clear=0.29 prog=0.00 rel=0.88 bal=+0.16 obs=158 hard=150 obsc=159 yr= 14G nz=0.09 flt=0.00 dmap=+0/-0 shz=3.5 plan=3 cmd=(lx=+0.00,ly=+0.00,rx=+0.45)
  t=124.5 AGR-DWA-T pos=(-5.00,+2.61) yaw=+121.3 d=0.51 goal_err=-63 carrot_err= -58 c0=0.44 clear=0.29 prog=0.00 rel=0.92 bal=+0.16 obs=158 hard=150 obsc=159 yr= 13G nz=0.08 flt=0.11 dmap=+0/-0 shz=3.5 plan=3 cmd=(lx=+0.00,ly=+0.00,rx=+0.45)
  t=125.0 AGR-DWA-T pos=(-5.00,+2.61) yaw=+115.3 d=0.51 goal_err=-57 carrot_err= -53 c0=0.44 clear=0.29 prog=0.00 rel=0.96 bal=+0.16 obs=158 hard=150 obsc=159 yr= 14G nz=0.04 flt=0.03 dmap=+0/-0 shz=3.5 plan=3 cmd=(lx=+0.00,ly=+0.00,rx=+0.45)
  t=125.4 AGR-DWA-T pos=(-5.00,+2.61) yaw=+112.4 d=0.51 goal_err=-54 carrot_err= -50 c0=0.39 clear=0.26 prog=0.00 rel=0.94 bal=+0.16 obs=151 hard=137 obsc=150 yr=  0  nz=0.07 flt=0.07 dmap=+2/-9 shz=3.4 plan=3 cmd=(lx=+0.00,ly=+0.00,rx=+0.00)
  t=125.9 AGR-DWA-T pos=(-5.00,+2.61) yaw=+112.4 d=0.51 goal_err=-54 carrot_err= -50 c0=0.39 clear=0.26 prog=0.00 rel=0.95 bal=+0.16 obs=148 hard=139 obsc=149 yr=  0  nz=0.05 flt=0.04 dmap=+0/-0 shz=3.5 plan=3 cmd=(lx=+0.00,ly=+0.00,rx=+0.00)
  t=126.3 AGR-DWA-T pos=(-5.00,+2.61) yaw=+112.4 d=0.51 goal_err=-54 carrot_err= -50 c0=0.39 clear=0.26 prog=0.00 rel=0.95 bal=+0.16 obs=148 hard=139 obsc=149 yr=  0  nz=0.05 flt=0.04 dmap=+0/-0 shz=3.5 plan=3 cmd=(lx=+0.00,ly=+0.00,rx=+0.00)
  t=126.7 AGR-BRK-BK pos=(-5.00,+2.59) yaw=+112.4 d=0.52 goal_err=-53 carrot_err= -48 c0=0.41 clear=0.27 prog=0.00 rel=0.95 bal=+0.16 obs=148 hard=139 obsc=149 yr=  0  nz=0.05 flt=0.04 dmap=+0/-0 shz=3.5 plan=0 cmd=(lx=+0.00,ly=-0.35,rx=+0.00)
  t=127.2 AGR-BRK-TR pos=(-4.99,+2.57) yaw=+113.9 d=0.53 goal_err=-53 carrot_err= -48 c0=0.43 clear=0.29 prog=0.00 rel=0.98 bal=+0.24 obs=146 hard=136 obsc=145 yr= 14G nz=0.02 flt=0.10 dmap=+0/-0 shz=3.4 plan=0 cmd=(lx=+0.00,ly=+0.00,rx=-0.45)
  t=127.6 AGR-BRK-TR pos=(-4.99,+2.57) yaw=+119.8 d=0.53 goal_err=-59 carrot_err= -53 c0=0.48 clear=0.32 prog=0.00 rel=0.94 bal=+0.16 obs=146 hard=136 obsc=145 yr= 13G nz=0.06 flt=0.00 dmap=+0/-0 shz=3.5 plan=0 cmd=(lx=+0.00,ly=+0.00,rx=-0.45)
  t=128.0 AGR-BRK-TR pos=(-4.99,+2.57) yaw=+124.3 d=0.53 goal_err=-63 carrot_err= -58 c0=0.48 clear=0.32 prog=0.00 rel=0.89 bal=+0.16 obs=146 hard=136 obsc=145 yr=  0G nz=0.08 flt=0.20 dmap=+0/-0 shz=3.4 plan=0 cmd=(lx=+0.00,ly=+0.00,rx=-0.45)
  t=128.5 AGR-BRK-TR pos=(-4.99,+2.57) yaw=+130.2 d=0.53 goal_err=-69 carrot_err= -64 c0=0.48 clear=0.32 prog=0.00 rel=0.94 bal=+0.26 obs=146 hard=136 obsc=145 yr= 13G nz=0.06 flt=0.01 dmap=+0/-0 shz=3.5 plan=0 cmd=(lx=+0.00,ly=+0.00,rx=-0.45)
  t=128.9 AGR-BRK-TR pos=(-4.99,+2.57) yaw=+136.2 d=0.53 goal_err=-75 carrot_err= -70 c0=0.48 clear=0.32 prog=0.00 rel=0.94 bal=+0.26 obs=146 hard=136 obsc=145 yr= 14G nz=0.06 flt=0.17 dmap=+0/-0 shz=3.5 plan=0 cmd=(lx=+0.00,ly=+0.00,rx=-0.45)
  t=129.4 AGR-DWA-T pos=(-4.99,+2.57) yaw=+142.2 d=0.53 goal_err=-81 carrot_err= -76 c0=0.75 clear=0.50 prog=0.00 rel=0.93 bal=+0.26 obs=146 hard=138 obsc=145 yr= 14G nz=0.04 flt=0.00 dmap=+0/-0 shz=3.5 plan=3 cmd=(lx=+0.00,ly=+0.00,rx=+0.45)
  t=129.8 AGR-DWA-T pos=(-4.99,+2.57) yaw=+140.7 d=0.53 goal_err=-79 carrot_err= -74 c0=0.48 clear=0.32 prog=0.00 rel=0.77 bal=+0.26 obs=146 hard=138 obsc=145 yr= 13G nz=0.23 flt=0.05 dmap=+0/-0 shz=3.4 plan=3 cmd=(lx=+0.00,ly=+0.00,rx=+0.45)
  t=130.3 AGR-DWA-T pos=(-4.99,+2.57) yaw=+134.7 d=0.53 goal_err=-74 carrot_err= -68 c0=0.48 clear=0.32 prog=0.00 rel=0.78 bal=+0.26 obs=146 hard=138 obsc=145 yr= 13G nz=0.22 flt=0.00 dmap=+0/-0 shz=3.5 plan=3 cmd=(lx=+0.00,ly=+0.00,rx=+0.45)
  t=130.7 AGR-DWA-T pos=(-4.99,+2.57) yaw=+128.8 d=0.53 goal_err=-68 carrot_err= -62 c0=0.48 clear=0.32 prog=0.00 rel=0.79 bal=+0.26 obs=146 hard=138 obsc=145 yr= 13G nz=0.21 flt=0.01 dmap=+0/-0 shz=3.5 plan=3 cmd=(lx=+0.00,ly=+0.00,rx=+0.45)
  t=131.1 AGR-DWA-T pos=(-4.99,+2.57) yaw=+122.8 d=0.53 goal_err=-62 carrot_err= -56 c0=0.48 clear=0.32 prog=0.00 rel=0.84 bal=+0.16 obs=146 hard=138 obsc=145 yr= 13G nz=0.16 flt=0.00 dmap=+0/-0 shz=3.5 plan=3 cmd=(lx=+0.00,ly=+0.00,rx=+0.45)
  t=131.6 AGR-DWA-T pos=(-4.99,+2.57) yaw=+118.3 d=0.53 goal_err=-57 carrot_err= -52 c0=0.48 clear=0.32 prog=0.00 rel=0.99 bal=+0.16 obs=146 hard=138 obsc=145 yr=  0G nz=0.01 flt=0.06 dmap=+0/-0 shz=3.4 plan=3 cmd=(lx=+0.00,ly=+0.00,rx=+0.45)
  t=132.1 AGR-DWA-T pos=(-4.99,+2.57) yaw=+115.3 d=0.53 goal_err=-54 carrot_err= -49 c0=0.43 clear=0.29 prog=0.00 rel=0.96 bal=+0.24 obs=139 hard=129 obsc=137 yr=  0  nz=0.04 flt=0.00 dmap=+0/-0 shz=3.5 plan=3 cmd=(lx=+0.00,ly=+0.00,rx=+0.00)
  t=132.5 AGR-DWA-T pos=(-4.99,+2.57) yaw=+115.3 d=0.53 goal_err=-54 carrot_err= -49 c0=0.43 clear=0.29 prog=0.00 rel=0.96 bal=+0.24 obs=139 hard=129 obsc=137 yr=  0  nz=0.04 flt=0.00 dmap=+0/-0 shz=3.5 plan=3 cmd=(lx=+0.00,ly=+0.00,rx=+0.00)
  t=132.9 AGR-DWA-T pos=(-4.99,+2.57) yaw=+115.3 d=0.53 goal_err=-54 carrot_err= -49 c0=0.43 clear=0.29 prog=0.00 rel=0.96 bal=+0.24 obs=139 hard=129 obsc=137 yr=  0  nz=0.04 flt=0.00 dmap=+0/-0 shz=3.5 plan=3 cmd=(lx=+0.00,ly=+0.00,rx=+0.00)
  t=133.4 AGR-BRK-BK pos=(-4.99,+2.57) yaw=+115.3 d=0.53 goal_err=-54 carrot_err= -49 c0=0.43 clear=0.29 prog=0.00 rel=0.96 bal=+0.24 obs=139 hard=129 obsc=137 yr=  0  nz=0.04 flt=0.00 dmap=+0/-0 shz=3.5 plan=0 cmd=(lx=+0.00,ly=-0.35,rx=+0.00)
  t=133.8 AGR-BRK-TR pos=(-4.97,+2.54) yaw=+116.8 d=0.56 goal_err=-53 carrot_err= -47 c0=0.46 clear=0.31 prog=0.00 rel=0.98 bal=+0.25 obs=137 hard=128 obsc=136 yr= 14G nz=0.02 flt=0.01 dmap=+0/-0 shz=3.4 plan=0 cmd=(lx=+0.00,ly=+0.00,rx=-0.45)
  t=134.3 AGR-BRK-TR pos=(-4.97,+2.54) yaw=+121.3 d=0.56 goal_err=-57 carrot_err= -52 c0=0.52 clear=0.34 prog=0.00 rel=0.98 bal=+0.16 obs=137 hard=128 obsc=136 yr=  0G nz=0.02 flt=0.00 dmap=+0/-0 shz=3.4 plan=0 cmd=(lx=+0.00,ly=+0.00,rx=-0.45)
  t=134.7 AGR-BRK-TR pos=(-4.97,+2.54) yaw=+128.8 d=0.56 goal_err=-64 carrot_err= -59 c0=0.52 clear=0.34 prog=0.00 rel=0.95 bal=+0.24 obs=137 hard=128 obsc=136 yr= 13G nz=0.05 flt=0.03 dmap=+0/-0 shz=3.4 plan=0 cmd=(lx=+0.00,ly=+0.00,rx=-0.45)
  t=135.1 AGR-BRK-TR pos=(-4.97,+2.54) yaw=+133.2 d=0.56 goal_err=-69 carrot_err= -64 c0=0.52 clear=0.34 prog=0.00 rel=0.95 bal=+0.24 obs=137 hard=128 obsc=136 yr= 14G nz=0.05 flt=0.00 dmap=+0/-0 shz=3.4 plan=0 cmd=(lx=+0.00,ly=+0.00,rx=-0.45)
  t=135.6 AGR-BRK-TR pos=(-4.97,+2.54) yaw=+139.2 d=0.56 goal_err=-75 carrot_err= -70 c0=0.52 clear=0.34 prog=0.00 rel=0.99 bal=+0.24 obs=137 hard=128 obsc=136 yr= 14G nz=0.01 flt=0.01 dmap=+0/-0 shz=3.4 plan=0 cmd=(lx=+0.00,ly=+0.00,rx=-0.45)
  t=136.0 AGR-DWA-T pos=(-4.97,+2.54) yaw=+145.1 d=0.56 goal_err=-81 carrot_err= -76 c0=0.78 clear=0.52 prog=0.00 rel=0.80 bal=+0.69 obs=138 hard=130 obsc=137 yr= 13G nz=0.17 flt=0.00 dmap=+1/-0 shz=3.4 plan=3 cmd=(lx=+0.00,ly=+0.00,rx=+0.45)
  t=136.5 AGR-DWA-T pos=(-4.97,+2.54) yaw=+143.7 d=0.56 goal_err=-79 carrot_err= -74 c0=0.78 clear=0.52 prog=0.00 rel=0.77 bal=+0.69 obs=138 hard=130 obsc=137 yr=  0G nz=0.23 flt=0.03 dmap=+0/-0 shz=3.4 plan=3 cmd=(lx=+0.00,ly=+0.00,rx=+0.45)
  t=136.9 AGR-DWA-T pos=(-4.97,+2.54) yaw=+137.7 d=0.56 goal_err=-73 carrot_err= -68 c0=0.52 clear=0.34 prog=0.00 rel=0.78 bal=+0.24 obs=138 hard=130 obsc=137 yr= 13G nz=0.22 flt=0.12 dmap=+0/-0 shz=3.4 plan=3 cmd=(lx=+0.00,ly=+0.00,rx=+0.45)
  t=137.4 AGR-DWA-T pos=(-4.97,+2.54) yaw=+131.7 d=0.56 goal_err=-67 carrot_err= -62 c0=0.52 clear=0.34 prog=0.00 rel=0.77 bal=+0.24 obs=138 hard=130 obsc=137 yr= 14G nz=0.23 flt=0.00 dmap=+0/-0 shz=3.4 plan=3 cmd=(lx=+0.00,ly=+0.00,rx=+0.45)
  t=137.8 AGR-DWA-T pos=(-4.97,+2.54) yaw=+127.3 d=0.56 goal_err=-63 carrot_err= -58 c0=0.52 clear=0.34 prog=0.00 rel=0.80 bal=+0.16 obs=138 hard=130 obsc=137 yr= 13G nz=0.20 flt=0.12 dmap=+0/-0 shz=3.4 plan=3 cmd=(lx=+0.00,ly=+0.00,rx=+0.45)
  t=138.3 AGR-DWA-T pos=(-4.97,+2.54) yaw=+121.3 d=0.56 goal_err=-57 carrot_err= -52 c0=0.52 clear=0.34 prog=0.00 rel=0.99 bal=+0.16 obs=138 hard=130 obsc=137 yr= 13G nz=0.01 flt=0.00 dmap=+0/-0 shz=3.4 plan=3 cmd=(lx=+0.00,ly=+0.00,rx=+0.45)
  t=138.7 AGR-DWA-T pos=(-4.97,+2.54) yaw=+118.3 d=0.56 goal_err=-54 carrot_err= -49 c0=0.46 clear=0.31 prog=0.00 rel=0.96 bal=+0.25 obs=121 hard=111 obsc=118 yr=  0  nz=0.04 flt=0.00 dmap=+0/-0 shz=3.4 plan=3 cmd=(lx=+0.00,ly=+0.00,rx=+0.00)
  t=139.1 AGR-DWA-T pos=(-4.97,+2.54) yaw=+118.3 d=0.56 goal_err=-54 carrot_err= -49 c0=0.46 clear=0.31 prog=0.00 rel=0.96 bal=+0.25 obs=121 hard=111 obsc=118 yr=  0  nz=0.04 flt=0.00 dmap=+0/-0 shz=3.4 plan=3 cmd=(lx=+0.00,ly=+0.00,rx=+0.00)
  t=139.6 AGR-DWA-T pos=(-4.97,+2.54) yaw=+118.3 d=0.56 goal_err=-54 carrot_err= -49 c0=0.46 clear=0.31 prog=0.00 rel=0.96 bal=+0.25 obs=121 hard=111 obsc=118 yr=  0  nz=0.04 flt=0.00 dmap=+0/-0 shz=3.4 plan=3 cmd=(lx=+0.00,ly=+0.00,rx=+0.00)
  t=140.0 AGR-BRK-BK pos=(-4.97,+2.53) yaw=+118.3 d=0.56 goal_err=-53 carrot_err= -48 c0=0.47 clear=0.32 prog=0.00 rel=0.96 bal=+0.25 obs=121 hard=111 obsc=118 yr=  0  nz=0.04 flt=0.00 dmap=+0/-0 shz=3.4 plan=0 cmd=(lx=+0.00,ly=-0.35,rx=+0.00)
  t=140.4 AGR-BRK-TR pos=(-4.95,+2.50) yaw=+119.8 d=0.58 goal_err=-53 carrot_err= -47 c0=0.50 clear=0.33 prog=0.00 rel=0.98 bal=+0.26 obs=121 hard=111 obsc=118 yr= 14G nz=0.02 flt=0.01 dmap=+0/-0 shz=3.2 plan=0 cmd=(lx=+0.00,ly=+0.00,rx=-0.45)
  t=140.9 AGR-BRK-TR pos=(-4.95,+2.50) yaw=+125.8 d=0.58 goal_err=-58 carrot_err= -53 c0=0.55 clear=0.37 prog=0.00 rel=0.94 bal=+0.16 obs=121 hard=111 obsc=118 yr= 13G nz=0.06 flt=0.22 dmap=+0/-0 shz=3.2 plan=0 cmd=(lx=+0.00,ly=+0.00,rx=-0.45)
  t=141.3 AGR-BRK-TR pos=(-4.95,+2.50) yaw=+131.7 d=0.58 goal_err=-64 carrot_err= -59 c0=0.55 clear=0.37 prog=0.00 rel=0.89 bal=+0.24 obs=121 hard=114 obsc=118 yr= 13G nz=0.08 flt=0.02 dmap=+0/-0 shz=3.2 plan=0 cmd=(lx=+0.00,ly=+0.00,rx=-0.45)
  t=141.8 AGR-BRK-TR pos=(-4.95,+2.50) yaw=+136.2 d=0.58 goal_err=-69 carrot_err= -63 c0=0.55 clear=0.37 prog=0.00 rel=0.90 bal=+0.24 obs=121 hard=114 obsc=118 yr=  0G nz=0.08 flt=0.00 dmap=+0/-0 shz=3.2 plan=0 cmd=(lx=+0.00,ly=+0.00,rx=-0.45)
  t=142.2 AGR-BRK-TR pos=(-4.95,+2.50) yaw=+142.2 d=0.58 goal_err=-75 carrot_err= -69 c0=0.81 clear=0.54 prog=0.00 rel=0.97 bal=+0.67 obs=121 hard=114 obsc=118 yr= 14G nz=0.03 flt=0.00 dmap=+0/-0 shz=3.2 plan=0 cmd=(lx=+0.00,ly=+0.00,rx=-0.45)
  t=142.7 AGR-DWA-T pos=(-4.95,+2.50) yaw=+148.1 d=0.58 goal_err=-81 carrot_err= -75 c0=0.81 clear=0.54 prog=0.00 rel=0.83 bal=+0.67 obs=121 hard=114 obsc=118 yr= 14G nz=0.17 flt=0.13 dmap=+0/-0 shz=3.2 plan=3 cmd=(lx=+0.00,ly=+0.00,rx=+0.45)
  t=143.1 AGR-DWA-T pos=(-4.95,+2.50) yaw=+146.6 d=0.58 goal_err=-79 carrot_err= -74 c0=0.81 clear=0.54 prog=0.00 rel=0.78 bal=+0.12 obs=122 hard=115 obsc=119 yr=  0G nz=0.22 flt=0.01 dmap=+1/-0 shz=3.2 plan=3 cmd=(lx=+0.00,ly=+0.00,rx=+0.45)
  t=143.5 AGR-DWA-T pos=(-4.95,+2.50) yaw=+140.7 d=0.58 goal_err=-73 carrot_err= -68 c0=0.55 clear=0.37 prog=0.00 rel=0.84 bal=+0.67 obs=122 hard=115 obsc=119 yr= 13G nz=0.16 flt=0.01 dmap=+0/-0 shz=3.2 plan=3 cmd=(lx=+0.00,ly=+0.00,rx=+0.45)
  t=144.0 AGR-DWA-T pos=(-4.95,+2.50) yaw=+134.7 d=0.58 goal_err=-67 carrot_err= -62 c0=0.55 clear=0.37 prog=0.00 rel=0.81 bal=+0.24 obs=122 hard=115 obsc=119 yr= 13G nz=0.19 flt=0.01 dmap=+0/-0 shz=3.2 plan=3 cmd=(lx=+0.00,ly=+0.00,rx=+0.45)
  t=144.5 AGR-DWA-T pos=(-4.95,+2.50) yaw=+130.2 d=0.58 goal_err=-63 carrot_err= -58 c0=0.55 clear=0.37 prog=0.00 rel=0.80 bal=+0.16 obs=122 hard=115 obsc=119 yr= 10G nz=0.20 flt=0.00 dmap=+0/-0 shz=3.2 plan=3 cmd=(lx=+0.00,ly=+0.00,rx=+0.45)
  t=144.9 AGR-DWA-T pos=(-4.95,+2.50) yaw=+124.3 d=0.58 goal_err=-57 carrot_err= -52 c0=0.55 clear=0.37 prog=0.00 rel=0.85 bal=+0.26 obs=122 hard=115 obsc=119 yr= 14G nz=0.15 flt=0.00 dmap=+0/-0 shz=3.2 plan=3 cmd=(lx=+0.00,ly=+0.00,rx=+0.45)
  t=145.3 AGR-DWA-T pos=(-4.95,+2.50) yaw=+121.3 d=0.58 goal_err=-54 carrot_err= -49 c0=0.55 clear=0.37 prog=0.00 rel=0.99 bal=+0.29 obs=121 hard=113 obsc=120 yr=  0  nz=0.01 flt=0.00 dmap=+0/-0 shz=3.2 plan=3 cmd=(lx=+0.00,ly=+0.00,rx=+0.00)
  t=145.8 AGR-DWA-T pos=(-4.95,+2.50) yaw=+121.3 d=0.58 goal_err=-54 carrot_err= -49 c0=0.55 clear=0.37 prog=0.00 rel=0.99 bal=+0.29 obs=121 hard=112 obsc=118 yr=  0  nz=0.01 flt=0.03 dmap=+0/-0 shz=3.4 plan=3 cmd=(lx=+0.00,ly=+0.00,rx=+0.00)
  t=146.2 AGR-DWA-T pos=(-4.95,+2.50) yaw=+121.3 d=0.58 goal_err=-54 carrot_err= -49 c0=0.55 clear=0.37 prog=0.00 rel=0.99 bal=+0.29 obs=121 hard=112 obsc=118 yr=  0  nz=0.01 flt=0.03 dmap=+0/-0 shz=3.4 plan=3 cmd=(lx=+0.00,ly=+0.00,rx=+0.00)
  t=146.6 AGR-BRK-BK pos=(-4.95,+2.49) yaw=+121.3 d=0.59 goal_err=-53 carrot_err= -48 c0=0.57 clear=0.38 prog=0.00 rel=0.99 bal=+0.30 obs=121 hard=112 obsc=118 yr=  0  nz=0.01 flt=0.03 dmap=+0/-0 shz=3.4 plan=0 cmd=(lx=+0.00,ly=-0.35,rx=+0.00)
  t=147.0 AGR-BRK-TR pos=(-4.93,+2.46) yaw=+122.8 d=0.61 goal_err=-52 carrot_err= -46 c0=0.60 clear=0.40 prog=0.00 rel=0.96 bal=+0.31 obs=121 hard=112 obsc=118 yr= 14G nz=0.04 flt=0.10 dmap=+0/-0 shz=3.2 plan=0 cmd=(lx=+0.00,ly=+0.00,rx=-0.45)
  t=147.5 AGR-BRK-TR pos=(-4.93,+2.46) yaw=+130.2 d=0.61 goal_err=-59 carrot_err= -54 c0=0.60 clear=0.40 prog=0.00 rel=0.89 bal=+0.69 obs=123 hard=117 obsc=120 yr= 14G nz=0.08 flt=0.00 dmap=+1/-0 shz=3.2 plan=0 cmd=(lx=+0.00,ly=+0.00,rx=-0.45)
  t=147.9 AGR-BRK-TR pos=(-4.93,+2.46) yaw=+136.2 d=0.61 goal_err=-65 carrot_err= -60 c0=0.60 clear=0.40 prog=0.00 rel=0.93 bal=+0.64 obs=123 hard=117 obsc=120 yr= 14G nz=0.07 flt=0.09 dmap=+0/-0 shz=3.2 plan=0 cmd=(lx=+0.00,ly=+0.00,rx=-0.45)
  t=148.3 AGR-BRK-TR pos=(-4.93,+2.46) yaw=+142.2 d=0.61 goal_err=-71 carrot_err= -66 c0=0.86 clear=0.57 prog=0.00 rel=0.93 bal=+0.08 obs=123 hard=117 obsc=120 yr= 14G nz=0.07 flt=0.23 dmap=+0/-0 shz=3.2 plan=0 cmd=(lx=+0.00,ly=+0.00,rx=-0.45)
  t=148.7 AGR-BRK-TR pos=(-4.93,+2.46) yaw=+148.1 d=0.61 goal_err=-77 carrot_err= -71 c0=0.86 clear=0.57 prog=0.00 rel=0.77 bal=+0.08 obs=123 hard=117 obsc=120 yr= 14G nz=0.20 flt=0.10 dmap=+0/-0 shz=3.2 plan=0 cmd=(lx=+0.00,ly=+0.00,rx=-0.45)
  t=149.2 AGR-BRK-TR pos=(-4.93,+2.46) yaw=+154.1 d=0.61 goal_err=-83 carrot_err= -77 c0=0.86 clear=0.57 prog=0.00 rel=0.80 bal=+0.08 obs=123 hard=117 obsc=120 yr= 14G nz=0.20 flt=0.06 dmap=+0/-0 shz=3.2 plan=0 cmd=(lx=+0.00,ly=+0.00,rx=-0.45)
  t=149.6 AGR-DWA-T pos=(-4.93,+2.46) yaw=+154.1 d=0.61 goal_err=-83 carrot_err= -77 c0=0.86 clear=0.57 prog=0.00 rel=0.98 bal=+0.08 obs=123 hard=117 obsc=120 yr= 14G nz=0.02 flt=0.06 dmap=+0/-0 shz=3.2 plan=4 cmd=(lx=+0.00,ly=+0.00,rx=+0.45)
  t=150.0 AGR-DWA-T pos=(-4.93,+2.46) yaw=+146.6 d=0.61 goal_err=-76 carrot_err= -70 c0=0.86 clear=0.57 prog=0.00 rel=0.99 bal=+0.08 obs=123 hard=117 obsc=120 yr= 14G nz=0.01 flt=0.00 dmap=+0/-0 shz=3.2 plan=4 cmd=(lx=+0.00,ly=+0.00,rx=+0.45)
  t=150.5 AGR-DWA-T pos=(-4.93,+2.46) yaw=+140.7 d=0.61 goal_err=-70 carrot_err= -64 c0=0.60 clear=0.40 prog=0.00 rel=0.99 bal=+0.08 obs=123 hard=117 obsc=120 yr= 14G nz=0.01 flt=0.08 dmap=+0/-0 shz=3.2 plan=4 cmd=(lx=+0.00,ly=+0.00,rx=+0.45)
  t=150.9 AGR-DWA-T pos=(-4.93,+2.46) yaw=+134.7 d=0.61 goal_err=-64 carrot_err= -58 c0=0.60 clear=0.40 prog=0.00 rel=0.81 bal=+0.64 obs=124 hard=118 obsc=121 yr= 14G nz=0.19 flt=0.00 dmap=+0/-0 shz=3.2 plan=4 cmd=(lx=+0.00,ly=+0.00,rx=+0.45)
  t=151.3 AGR-DWA-T pos=(-4.93,+2.46) yaw=+128.8 d=0.61 goal_err=-58 carrot_err= -52 c0=0.60 clear=0.40 prog=0.00 rel=0.80 bal=+0.69 obs=124 hard=118 obsc=121 yr= 14G nz=0.20 flt=0.00 dmap=+0/-0 shz=3.2 plan=4 cmd=(lx=+0.00,ly=+0.00,rx=+0.45)
  t=151.7 AGR-DWA-T pos=(-4.93,+2.46) yaw=+125.8 d=0.61 goal_err=-55 carrot_err= -49 c0=0.60 clear=0.40 prog=0.00 rel=0.84 bal=+0.69 obs=125 hard=114 obsc=122 yr=  0  nz=0.16 flt=0.00 dmap=+0/-0 shz=3.2 plan=4 cmd=(lx=+0.00,ly=+0.00,rx=+0.00)
  t=152.2 AGR-DWA-T pos=(-4.93,+2.46) yaw=+125.8 d=0.61 goal_err=-55 carrot_err= -49 c0=0.60 clear=0.40 prog=0.00 rel=0.99 bal=+0.69 obs=126 hard=115 obsc=122 yr=  0  nz=0.01 flt=0.03 dmap=+0/-0 shz=3.4 plan=4 cmd=(lx=+0.00,ly=+0.00,rx=+0.00)
  t=152.6 AGR-DWA-T pos=(-4.93,+2.46) yaw=+125.8 d=0.61 goal_err=-55 carrot_err= -49 c0=0.60 clear=0.40 prog=0.00 rel=0.99 bal=+0.69 obs=126 hard=115 obsc=122 yr=  0  nz=0.01 flt=0.03 dmap=+0/-0 shz=3.4 plan=4 cmd=(lx=+0.00,ly=+0.00,rx=+0.00)
  t=153.0 AGR-BRK-BK pos=(-4.92,+2.45) yaw=+125.8 d=0.62 goal_err=-54 carrot_err= -48 c0=0.62 clear=0.41 prog=0.00 rel=0.99 bal=+0.68 obs=126 hard=115 obsc=122 yr=  0  nz=0.01 flt=0.01 dmap=+0/-0 shz=3.3 plan=0 cmd=(lx=+0.00,ly=-0.35,rx=+0.00)
  t=153.5 AGR-BRK-TR pos=(-4.90,+2.42) yaw=+127.3 d=0.64 goal_err=-53 carrot_err= -47 c0=0.65 clear=0.43 prog=0.00 rel=0.96 bal=+0.68 obs=126 hard=115 obsc=122 yr= 14G nz=0.04 flt=0.01 dmap=+0/-0 shz=3.2 plan=0 cmd=(lx=+0.00,ly=+0.00,rx=-0.45)
  t=153.9 AGR-BRK-TR pos=(-4.90,+2.42) yaw=+134.7 d=0.64 goal_err=-60 carrot_err= -54 c0=0.65 clear=0.43 prog=0.00 rel=0.96 bal=+0.68 obs=126 hard=115 obsc=122 yr= 29G nz=0.04 flt=0.33 dmap=+0/-0 shz=3.2 plan=0 cmd=(lx=+0.00,ly=+0.00,rx=-0.45)
  t=154.3 AGR-BRK-TR pos=(-4.90,+2.42) yaw=+140.7 d=0.64 goal_err=-66 carrot_err= -60 c0=0.65 clear=0.43 prog=0.00 rel=0.96 bal=+0.04 obs=126 hard=115 obsc=122 yr= 14G nz=0.04 flt=0.00 dmap=+0/-0 shz=3.3 plan=0 cmd=(lx=+0.00,ly=+0.00,rx=-0.45)
  t=154.7 AGR-BRK-TR pos=(-4.90,+2.42) yaw=+146.6 d=0.64 goal_err=-72 carrot_err= -66 c0=0.91 clear=0.61 prog=0.00 rel=0.81 bal=+0.04 obs=126 hard=115 obsc=122 yr= 14G nz=0.16 flt=0.22 dmap=+0/-0 shz=3.3 plan=0 cmd=(lx=+0.00,ly=+0.00,rx=-0.45)
  t=155.2 AGR-BRK-TR pos=(-4.90,+2.42) yaw=+152.6 d=0.64 goal_err=-78 carrot_err= -72 c0=0.91 clear=0.61 prog=0.00 rel=0.77 bal=+0.04 obs=126 hard=116 obsc=122 yr= 14G nz=0.21 flt=0.00 dmap=+0/-0 shz=3.3 plan=0 cmd=(lx=+0.00,ly=+0.00,rx=-0.45)
  t=155.6 AGR-BRK-TR pos=(-4.90,+2.42) yaw=+158.5 d=0.64 goal_err=-84 carrot_err= -78 c0=0.91 clear=0.61 prog=0.00 rel=0.80 bal=+0.04 obs=126 hard=116 obsc=122 yr= 14G nz=0.20 flt=0.00 dmap=+0/-0 shz=3.3 plan=0 cmd=(lx=+0.00,ly=+0.00,rx=-0.45)
  t=156.0 AGR-DWA-T pos=(-4.90,+2.42) yaw=+158.5 d=0.64 goal_err=-84 carrot_err= -78 c0=0.91 clear=0.61 prog=0.00 rel=0.85 bal=+0.04 obs=126 hard=116 obsc=122 yr= 14G nz=0.15 flt=0.01 dmap=+0/-0 shz=3.3 plan=4 cmd=(lx=+0.00,ly=+0.00,rx=+0.45)
  t=156.4 AGR-DWA-T pos=(-4.90,+2.42) yaw=+152.6 d=0.64 goal_err=-78 carrot_err= -72 c0=0.91 clear=0.61 prog=0.00 rel=0.98 bal=+0.04 obs=126 hard=116 obsc=122 yr= 14G nz=0.02 flt=0.03 dmap=+0/-0 shz=3.3 plan=4 cmd=(lx=+0.00,ly=+0.00,rx=+0.45)
  t=156.9 AGR-DWA-T pos=(-4.90,+2.42) yaw=+145.1 d=0.64 goal_err=-70 carrot_err= -65 c0=0.91 clear=0.61 prog=0.00 rel=0.99 bal=+0.04 obs=126 hard=116 obsc=122 yr= 15G nz=0.01 flt=0.09 dmap=+0/-0 shz=3.3 plan=4 cmd=(lx=+0.00,ly=+0.00,rx=+0.45)
  t=157.3 AGR-DWA-F pos=(-4.91,+2.43) yaw=+139.2 d=0.64 goal_err=-66 carrot_err= -60 c0=0.64 clear=0.43 prog=0.01 rel=0.86 bal=+0.05 obs=126 hard=116 obsc=122 yr= 14G nz=0.14 flt=0.00 dmap=+0/-0 shz=3.3 plan=4 cmd=(lx=+0.00,ly=+0.28,rx=+0.45)
  t=157.7 AGR-DWA-F pos=(-4.93,+2.45) yaw=+133.2 d=0.62 goal_err=-62 carrot_err= -57 c0=0.61 clear=0.41 prog=0.03 rel=0.78 bal=+0.63 obs=126 hard=116 obsc=122 yr= 14G nz=0.22 flt=0.03 dmap=+0/-0 shz=3.3 plan=4 cmd=(lx=+0.00,ly=+0.28,rx=+0.45)
  t=158.2 AGR-DWA-T pos=(-4.95,+2.47) yaw=+127.3 d=0.61 goal_err=-58 carrot_err= -53 c0=0.59 clear=0.39 prog=0.05 rel=0.78 bal=+0.68 obs=126 hard=116 obsc=122 yr= 14G nz=0.22 flt=0.04 dmap=+0/-0 shz=3.5 plan=4 cmd=(lx=+0.00,ly=+0.00,rx=+0.45)
  t=158.6 AGR-DWA-T pos=(-4.95,+2.47) yaw=+122.8 d=0.61 goal_err=-54 carrot_err= -48 c0=0.59 clear=0.39 prog=0.05 rel=0.83 bal=+0.29 obs=126 hard=113 obsc=122 yr=  0  nz=0.17 flt=0.07 dmap=+0/-0 shz=3.5 plan=4 cmd=(lx=+0.00,ly=+0.00,rx=+0.00)
  t=159.0 AGR-DWA-T pos=(-4.95,+2.47) yaw=+122.8 d=0.61 goal_err=-54 carrot_err= -48 c0=0.59 clear=0.39 prog=0.05 rel=0.96 bal=+0.29 obs=126 hard=113 obsc=122 yr=  0  nz=0.04 flt=0.07 dmap=+0/-0 shz=3.5 plan=4 cmd=(lx=+0.00,ly=+0.00,rx=+0.00)
  t=159.4 AGR-DWA-T pos=(-4.95,+2.47) yaw=+122.8 d=0.61 goal_err=-54 carrot_err= -48 c0=0.59 clear=0.39 prog=0.03 rel=0.96 bal=+0.29 obs=126 hard=113 obsc=122 yr=  0  nz=0.04 flt=0.07 dmap=+0/-0 shz=3.5 plan=4 cmd=(lx=+0.00,ly=+0.00,rx=+0.00)
  t=159.9 AGR-BRK-BK pos=(-4.95,+2.47) yaw=+122.8 d=0.61 goal_err=-54 carrot_err= -48 c0=0.59 clear=0.39 prog=0.01 rel=0.96 bal=+0.29 obs=126 hard=113 obsc=122 yr=  0  nz=0.04 flt=0.07 dmap=+0/-0 shz=3.5 plan=0 cmd=(lx=+0.00,ly=-0.35,rx=+0.00)
  t=160.3 AGR-BRK-TR pos=(-4.92,+2.43) yaw=+122.8 d=0.64 goal_err=-50 carrot_err= -45 c0=0.58 clear=0.39 prog=0.00 rel=1.00 bal=+0.67 obs=121 hard=115 obsc=122 yr=  0G nz=0.00 flt=0.01 dmap=+0/-0 shz=3.3 plan=0 cmd=(lx=+0.00,ly=+0.00,rx=-0.45)
  t=160.7 AGR-BRK-TR pos=(-4.92,+2.43) yaw=+128.8 d=0.64 goal_err=-56 carrot_err= -51 c0=0.64 clear=0.42 prog=0.00 rel=0.97 bal=+0.67 obs=121 hard=115 obsc=122 yr= 14G nz=0.03 flt=0.03 dmap=+0/-0 shz=3.3 plan=0 cmd=(lx=+0.00,ly=+0.00,rx=-0.45)
  t=161.1 AGR-BRK-TR pos=(-4.92,+2.43) yaw=+134.7 d=0.64 goal_err=-62 carrot_err= -57 c0=0.64 clear=0.42 prog=0.00 rel=0.97 bal=+0.62 obs=121 hard=115 obsc=122 yr= 14G nz=0.03 flt=0.00 dmap=+0/-0 shz=3.3 plan=0 cmd=(lx=+0.00,ly=+0.00,rx=-0.45)
  t=161.6 AGR-BRK-TR pos=(-4.92,+2.43) yaw=+142.2 d=0.64 goal_err=-70 carrot_err= -64 c0=0.89 clear=0.59 prog=0.00 rel=0.97 bal=+0.04 obs=121 hard=115 obsc=122 yr= 28G nz=0.03 flt=0.01 dmap=+0/-0 shz=3.3 plan=0 cmd=(lx=+0.00,ly=+0.00,rx=-0.45)
  t=162.0 AGR-BRK-TR pos=(-4.92,+2.43) yaw=+148.1 d=0.64 goal_err=-75 carrot_err= -70 c0=0.89 clear=0.59 prog=0.00 rel=0.81 bal=+0.04 obs=122 hard=115 obsc=122 yr= 14G nz=0.19 flt=0.01 dmap=+0/-0 shz=3.3 plan=0 cmd=(lx=+0.00,ly=+0.00,rx=-0.45)
  t=162.4 AGR-BRK-TR pos=(-4.92,+2.43) yaw=+154.1 d=0.64 goal_err=-81 carrot_err= -76 c0=0.89 clear=0.59 prog=0.00 rel=0.80 bal=+0.04 obs=122 hard=115 obsc=122 yr= 14G nz=0.20 flt=0.23 dmap=+0/-0 shz=3.3 plan=0 cmd=(lx=+0.00,ly=+0.00,rx=-0.45)
  t=162.9 AGR-DWA-T pos=(-4.92,+2.43) yaw=+157.1 d=0.64 goal_err=-84 carrot_err= -79 c0=0.89 clear=0.59 prog=0.00 rel=0.78 bal=+0.04 obs=122 hard=116 obsc=122 yr= 14G nz=0.19 flt=0.00 dmap=+0/-0 shz=3.3 plan=4 cmd=(lx=+0.00,ly=+0.00,rx=+0.45)
  t=163.3 AGR-DWA-T pos=(-4.92,+2.43) yaw=+151.1 d=0.64 goal_err=-78 carrot_err= -73 c0=0.89 clear=0.59 prog=0.00 rel=0.98 bal=+0.04 obs=122 hard=116 obsc=122 yr= 14G nz=0.02 flt=0.01 dmap=+0/-0 shz=3.3 plan=4 cmd=(lx=+0.00,ly=+0.00,rx=+0.45)
  t=163.7 AGR-DWA-T pos=(-4.92,+2.43) yaw=+143.7 d=0.64 goal_err=-71 carrot_err= -66 c0=0.89 clear=0.59 prog=0.00 rel=0.98 bal=+0.04 obs=123 hard=117 obsc=123 yr= 14G nz=0.02 flt=0.22 dmap=+1/-0 shz=3.3 plan=4 cmd=(lx=+0.00,ly=+0.00,rx=+0.45)
  t=164.2 AGR-DWA-F pos=(-4.92,+2.43) yaw=+137.7 d=0.64 goal_err=-65 carrot_err= -60 c0=0.64 clear=0.42 prog=0.00 rel=0.85 bal=+0.04 obs=123 hard=117 obsc=123 yr= 14G nz=0.15 flt=0.00 dmap=+0/-0 shz=3.3 plan=4 cmd=(lx=+0.00,ly=+0.28,rx=+0.45)
  t=164.6 AGR-DWA-F pos=(-4.94,+2.45) yaw=+131.7 d=0.63 goal_err=-61 carrot_err= -56 c0=0.61 clear=0.41 prog=0.02 rel=0.78 bal=+0.63 obs=123 hard=117 obsc=123 yr= 14G nz=0.22 flt=0.05 dmap=+0/-0 shz=3.3 plan=4 cmd=(lx=+0.00,ly=+0.28,rx=+0.45)
  t=165.0 AGR-DWA-T pos=(-4.96,+2.47) yaw=+125.8 d=0.61 goal_err=-58 carrot_err= -52 c0=0.58 clear=0.39 prog=0.04 rel=0.83 bal=+0.67 obs=123 hard=117 obsc=123 yr= 14G nz=0.17 flt=0.10 dmap=+0/-0 shz=3.5 plan=4 cmd=(lx=+0.00,ly=+0.00,rx=+0.45)
  t=165.4 AGR-DWA-T pos=(-4.96,+2.47) yaw=+121.3 d=0.61 goal_err=-53 carrot_err= -48 c0=0.58 clear=0.39 prog=0.04 rel=0.95 bal=+0.28 obs=117 hard=115 obsc=113 yr=  0  nz=0.05 flt=0.01 dmap=+1/-0 shz=3.5 plan=4 cmd=(lx=+0.00,ly=+0.00,rx=+0.00)
  t=165.9 AGR-DWA-T pos=(-4.96,+2.47) yaw=+121.3 d=0.61 goal_err=-53 carrot_err= -48 c0=0.58 clear=0.39 prog=0.04 rel=0.95 bal=+0.28 obs=117 hard=115 obsc=113 yr=  0  nz=0.05 flt=0.01 dmap=+0/-0 shz=3.5 plan=4 cmd=(lx=+0.00,ly=+0.00,rx=+0.00)
  t=166.3 AGR-DWA-T pos=(-4.96,+2.47) yaw=+121.3 d=0.61 goal_err=-53 carrot_err= -48 c0=0.58 clear=0.39 prog=0.04 rel=0.95 bal=+0.28 obs=117 hard=115 obsc=113 yr=  0  nz=0.05 flt=0.01 dmap=+0/-0 shz=3.5 plan=4 cmd=(lx=+0.00,ly=+0.00,rx=+0.00)
  t=166.7 AGR-BRK-BK pos=(-4.95,+2.46) yaw=+121.3 d=0.62 goal_err=-52 carrot_err= -47 c0=0.60 clear=0.40 prog=0.00 rel=0.95 bal=+0.28 obs=117 hard=115 obsc=113 yr=  0  nz=0.05 flt=0.01 dmap=+0/-0 shz=3.3 plan=0 cmd=(lx=+0.00,ly=-0.35,rx=+0.00)
  t=167.2 AGR-BRK-TR pos=(-4.93,+2.42) yaw=+121.3 d=0.65 goal_err=-49 carrot_err= -44 c0=0.59 clear=0.39 prog=0.00 rel=0.97 bal=+0.66 obs=118 hard=116 obsc=114 yr=  0G nz=0.03 flt=0.00 dmap=+0/-0 shz=3.3 plan=0 cmd=(lx=+0.00,ly=+0.00,rx=-0.45)
  t=167.6 AGR-BRK-TR pos=(-4.93,+2.42) yaw=+128.8 d=0.65 goal_err=-56 carrot_err= -51 c0=0.64 clear=0.43 prog=0.00 rel=0.91 bal=+0.66 obs=118 hard=116 obsc=114 yr= 14G nz=0.06 flt=0.27 dmap=+0/-0 shz=3.3 plan=0 cmd=(lx=+0.00,ly=+0.00,rx=-0.45)
  t=168.0 AGR-BRK-TR pos=(-4.93,+2.42) yaw=+134.7 d=0.65 goal_err=-62 carrot_err= -57 c0=0.64 clear=0.43 prog=0.00 rel=0.90 bal=+0.61 obs=118 hard=116 obsc=114 yr= 14G nz=0.06 flt=0.09 dmap=+0/-0 shz=3.3 plan=0 cmd=(lx=+0.00,ly=+0.00,rx=-0.45)
  t=168.4 AGR-BRK-TR pos=(-4.93,+2.42) yaw=+140.7 d=0.65 goal_err=-68 carrot_err= -63 c0=0.89 clear=0.59 prog=0.00 rel=0.94 bal=+0.03 obs=118 hard=116 obsc=114 yr= 14G nz=0.06 flt=0.01 dmap=+0/-0 shz=3.3 plan=0 cmd=(lx=+0.00,ly=+0.00,rx=-0.45)
  t=168.9 AGR-BRK-TR pos=(-4.93,+2.42) yaw=+146.6 d=0.65 goal_err=-74 carrot_err= -69 c0=0.89 clear=0.59 prog=0.00 rel=0.79 bal=+0.03 obs=118 hard=116 obsc=114 yr= 14G nz=0.19 flt=0.20 dmap=+0/-0 shz=3.3 plan=0 cmd=(lx=+0.00,ly=+0.00,rx=-0.45)
  t=169.3 AGR-BRK-TR pos=(-4.93,+2.42) yaw=+152.6 d=0.65 goal_err=-80 carrot_err= -75 c0=0.89 clear=0.59 prog=0.00 rel=0.80 bal=+0.03 obs=118 hard=116 obsc=114 yr= 14G nz=0.20 flt=0.00 dmap=+0/-0 shz=3.3 plan=0 cmd=(lx=+0.00,ly=+0.00,rx=-0.45)
  t=169.7 AGR-DWA-T pos=(-4.93,+2.42) yaw=+154.1 d=0.65 goal_err=-82 carrot_err= -76 c0=0.89 clear=0.59 prog=0.00 rel=0.80 bal=+0.03 obs=118 hard=116 obsc=114 yr= 15G nz=0.18 flt=0.10 dmap=+0/-0 shz=3.3 plan=4 cmd=(lx=+0.00,ly=+0.00,rx=+0.45)
  t=170.1 AGR-DWA-T pos=(-4.93,+2.42) yaw=+148.1 d=0.65 goal_err=-76 carrot_err= -70 c0=0.89 clear=0.59 prog=0.00 rel=0.98 bal=+0.03 obs=118 hard=116 obsc=114 yr= 13G nz=0.02 flt=0.05 dmap=+0/-0 shz=3.3 plan=4 cmd=(lx=+0.00,ly=+0.00,rx=+0.45)
  t=170.6 AGR-DWA-T pos=(-4.93,+2.42) yaw=+142.2 d=0.65 goal_err=-70 carrot_err= -64 c0=0.89 clear=0.59 prog=0.00 rel=0.98 bal=+0.03 obs=118 hard=116 obsc=114 yr= 14G nz=0.02 flt=0.01 dmap=+0/-0 shz=3.3 plan=4 cmd=(lx=+0.00,ly=+0.00,rx=+0.45)
  t=171.0 AGR-DWA-F pos=(-4.94,+2.43) yaw=+136.2 d=0.65 goal_err=-65 carrot_err= -60 c0=0.63 clear=0.42 prog=0.01 rel=0.85 bal=+0.61 obs=118 hard=116 obsc=114 yr= 14G nz=0.15 flt=0.03 dmap=+0/-0 shz=3.3 plan=4 cmd=(lx=+0.00,ly=+0.28,rx=+0.45)
  t=171.4 AGR-DWA-F pos=(-4.96,+2.45) yaw=+128.8 d=0.63 goal_err=-60 carrot_err= -55 c0=0.60 clear=0.40 prog=0.04 rel=0.78 bal=+0.67 obs=118 hard=116 obsc=114 yr= 14G nz=0.22 flt=0.01 dmap=+0/-0 shz=3.5 plan=4 cmd=(lx=+0.00,ly=+0.28,rx=+0.45)
  t=171.9 AGR-DWA-T pos=(-4.98,+2.47) yaw=+122.8 d=0.62 goal_err=-56 carrot_err= -51 c0=0.57 clear=0.38 prog=0.06 rel=0.82 bal=+0.26 obs=118 hard=116 obsc=114 yr= 14G nz=0.18 flt=0.01 dmap=+0/-0 shz=3.5 plan=4 cmd=(lx=+0.00,ly=+0.00,rx=+0.45)
  t=172.3 AGR-DWA-T pos=(-4.98,+2.48) yaw=+119.8 d=0.61 goal_err=-54 carrot_err= -49 c0=0.56 clear=0.38 prog=0.07 rel=0.94 bal=+0.25 obs=115 hard=114 obsc=114 yr=  0  nz=0.06 flt=0.09 dmap=+0/-3 shz=3.5 plan=4 cmd=(lx=+0.00,ly=+0.00,rx=+0.00)
  t=172.7 AGR-DWA-T pos=(-4.98,+2.48) yaw=+119.8 d=0.61 goal_err=-54 carrot_err= -49 c0=0.56 clear=0.38 prog=0.07 rel=0.94 bal=+0.25 obs=115 hard=114 obsc=114 yr=  0  nz=0.06 flt=0.09 dmap=+0/-0 shz=3.5 plan=4 cmd=(lx=+0.00,ly=+0.00,rx=+0.00)
  t=173.2 AGR-DWA-T pos=(-4.98,+2.48) yaw=+119.8 d=0.61 goal_err=-54 carrot_err= -49 c0=0.56 clear=0.38 prog=0.05 rel=0.94 bal=+0.25 obs=115 hard=114 obsc=114 yr=  0  nz=0.06 flt=0.09 dmap=+0/-0 shz=3.5 plan=4 cmd=(lx=+0.00,ly=+0.00,rx=+0.00)
  t=173.6 AGR-BRK-BK pos=(-4.98,+2.47) yaw=+119.8 d=0.62 goal_err=-53 carrot_err= -48 c0=0.58 clear=0.39 prog=0.01 rel=0.94 bal=+0.26 obs=111 hard=112 obsc=110 yr=  0  nz=0.06 flt=0.00 dmap=+0/-4 shz=3.3 plan=0 cmd=(lx=+0.00,ly=-0.35,rx=+0.00)
  t=174.0 AGR-BRK-TR pos=(-4.96,+2.44) yaw=+121.3 d=0.65 goal_err=-52 carrot_err= -47 c0=0.61 clear=0.41 prog=0.00 rel=0.97 bal=+0.27 obs=113 hard=112 obsc=109 yr= 14G nz=0.03 flt=0.15 dmap=+0/-0 shz=3.3 plan=0 cmd=(lx=+0.00,ly=+0.00,rx=-0.45)
  t=174.4 AGR-BRK-TR pos=(-4.96,+2.44) yaw=+127.3 d=0.65 goal_err=-58 carrot_err= -53 c0=0.61 clear=0.41 prog=0.00 rel=0.97 bal=+0.66 obs=113 hard=112 obsc=109 yr= 14G nz=0.03 flt=0.06 dmap=+0/-0 shz=3.3 plan=0 cmd=(lx=+0.00,ly=+0.00,rx=-0.45)
  t=174.9 AGR-BRK-TR pos=(-4.96,+2.44) yaw=+133.2 d=0.65 goal_err=-64 carrot_err= -59 c0=0.61 clear=0.41 prog=0.00 rel=0.97 bal=+0.62 obs=113 hard=112 obsc=109 yr= 14G nz=0.03 flt=0.23 dmap=+0/-0 shz=3.3 plan=0 cmd=(lx=+0.00,ly=+0.00,rx=-0.45)
  t=175.3 AGR-BRK-TR pos=(-4.96,+2.44) yaw=+139.2 d=0.65 goal_err=-70 carrot_err= -65 c0=0.86 clear=0.57 prog=0.00 rel=0.92 bal=+0.62 obs=115 hard=114 obsc=111 yr= 14G nz=0.04 flt=0.06 dmap=+0/-0 shz=3.3 plan=0 cmd=(lx=+0.00,ly=+0.00,rx=-0.45)
  t=175.7 AGR-BRK-TR pos=(-4.96,+2.44) yaw=+146.6 d=0.65 goal_err=-77 carrot_err= -72 c0=0.86 clear=0.57 prog=0.00 rel=0.79 bal=+0.04 obs=115 hard=114 obsc=111 yr= 14G nz=0.20 flt=0.04 dmap=+0/-0 shz=3.3 plan=0 cmd=(lx=+0.00,ly=+0.00,rx=-0.45)
  t=176.1 AGR-BRK-TR pos=(-4.96,+2.44) yaw=+152.6 d=0.65 goal_err=-83 carrot_err= -78 c0=0.86 clear=0.57 prog=0.00 rel=0.78 bal=+0.04 obs=116 hard=115 obsc=112 yr= 14G nz=0.20 flt=0.01 dmap=+0/-0 shz=3.3 plan=0 cmd=(lx=+0.00,ly=+0.00,rx=-0.45)
  t=176.6 AGR-DWA-T pos=(-4.96,+2.44) yaw=+152.6 d=0.65 goal_err=-83 carrot_err= -78 c0=0.86 clear=0.57 prog=0.00 rel=0.82 bal=+0.04 obs=116 hard=115 obsc=112 yr= 14G nz=0.18 flt=0.05 dmap=+0/-0 shz=3.3 plan=4 cmd=(lx=+0.00,ly=+0.00,rx=+0.45)
  t=177.0 AGR-DWA-T pos=(-4.96,+2.44) yaw=+146.6 d=0.65 goal_err=-77 carrot_err= -72 c0=0.86 clear=0.57 prog=0.00 rel=0.97 bal=+0.04 obs=116 hard=115 obsc=112 yr= 14G nz=0.03 flt=0.00 dmap=+0/-0 shz=3.3 plan=4 cmd=(lx=+0.00,ly=+0.00,rx=+0.45)
  t=177.4 AGR-DWA-T pos=(-4.96,+2.44) yaw=+140.7 d=0.65 goal_err=-71 carrot_err= -66 c0=0.86 clear=0.57 prog=0.00 rel=0.97 bal=+0.04 obs=116 hard=115 obsc=112 yr= 14G nz=0.03 flt=0.03 dmap=+0/-0 shz=3.3 plan=4 cmd=(lx=+0.00,ly=+0.00,rx=+0.45)
  t=177.8 AGR-DWA-F pos=(-4.96,+2.44) yaw=+133.2 d=0.65 goal_err=-64 carrot_err= -59 c0=0.61 clear=0.41 prog=0.00 rel=0.84 bal=+0.62 obs=116 hard=115 obsc=112 yr= 27G nz=0.16 flt=0.12 dmap=+0/-0 shz=3.3 plan=4 cmd=(lx=+0.00,ly=+0.28,rx=+0.45)
  t=178.3 AGR-DWA-F pos=(-4.97,+2.45) yaw=+127.3 d=0.64 goal_err=-59 carrot_err= -55 c0=0.59 clear=0.40 prog=0.02 rel=0.81 bal=+0.66 obs=116 hard=115 obsc=112 yr= 14G nz=0.20 flt=0.00 dmap=+0/-0 shz=3.5 plan=4 cmd=(lx=+0.00,ly=+0.28,rx=+0.45)
  t=178.7 AGR-DWA-T pos=(-4.99,+2.47) yaw=+121.3 d=0.62 goal_err=-56 carrot_err= -51 c0=0.57 clear=0.38 prog=0.04 rel=0.81 bal=+0.25 obs=116 hard=115 obsc=112 yr= 14G nz=0.19 flt=0.00 dmap=+0/-0 shz=3.5 plan=4 cmd=(lx=+0.00,ly=+0.00,rx=+0.00)
  t=179.1 AGR-DWA-T pos=(-4.99,+2.48) yaw=+119.8 d=0.62 goal_err=-55 carrot_err= -50 c0=0.56 clear=0.37 prog=0.05 rel=0.95 bal=+0.24 obs=117 hard=112 obsc=114 yr=  0  nz=0.05 flt=0.03 dmap=+0/-0 shz=3.5 plan=4 cmd=(lx=+0.00,ly=+0.00,rx=+0.00)
  t=179.6 AGR-DWA-T pos=(-4.99,+2.48) yaw=+119.8 d=0.62 goal_err=-55 carrot_err= -50 c0=0.56 clear=0.37 prog=0.05 rel=0.95 bal=+0.24 obs=117 hard=112 obsc=114 yr=  0  nz=0.05 flt=0.03 dmap=+0/-0 shz=3.5 plan=4 cmd=(lx=+0.00,ly=+0.00,rx=+0.00)
  t=180.0 AGR-DWA-T pos=(-4.99,+2.48) yaw=+119.8 d=0.62 goal_err=-55 carrot_err= -50 c0=0.56 clear=0.37 prog=0.04 rel=0.95 bal=+0.24 obs=117 hard=112 obsc=114 yr=  0  nz=0.05 flt=0.03 dmap=+0/-0 shz=3.5 plan=0 cmd=(lx=+0.00,ly=+0.00,rx=+0.00)
  t=180.4 AGR-BRK-BK pos=(-4.98,+2.46) yaw=+119.8 d=0.63 goal_err=-53 carrot_err= -48 c0=0.58 clear=0.39 prog=0.00 rel=0.99 bal=+0.25 obs=117 hard=113 obsc=113 yr=  0  nz=0.01 flt=0.00 dmap=+0/-0 shz=3.3 plan=0 cmd=(lx=+0.00,ly=-0.35,rx=+0.00)
  t=180.8 AGR-BRK-TR pos=(-4.97,+2.44) yaw=+122.8 d=0.65 goal_err=-54 carrot_err= -49 c0=0.61 clear=0.41 prog=0.00 rel=0.96 bal=+0.66 obs=117 hard=113 obsc=113 yr= 14G nz=0.04 flt=0.13 dmap=+0/-0 shz=3.3 plan=0 cmd=(lx=+0.00,ly=+0.00,rx=-0.45)
  t=181.3 AGR-BRK-TR pos=(-4.97,+2.44) yaw=+128.8 d=0.65 goal_err=-60 carrot_err= -55 c0=0.61 clear=0.41 prog=0.00 rel=0.93 bal=+0.66 obs=117 hard=113 obsc=113 yr= 14G nz=0.04 flt=0.22 dmap=+0/-0 shz=3.3 plan=0 cmd=(lx=+0.00,ly=+0.00,rx=-0.45)
  t=181.7 AGR-BRK-TR pos=(-4.97,+2.44) yaw=+134.7 d=0.65 goal_err=-66 carrot_err= -61 c0=0.61 clear=0.41 prog=0.00 rel=0.96 bal=+0.62 obs=117 hard=115 obsc=113 yr= 14G nz=0.04 flt=0.08 dmap=+0/-0 shz=3.3 plan=0 cmd=(lx=+0.00,ly=+0.00,rx=-0.45)
  t=182.1 AGR-BRK-TR pos=(-4.97,+2.44) yaw=+142.2 d=0.65 goal_err=-73 carrot_err= -69 c0=0.85 clear=0.57 prog=0.00 rel=0.82 bal=+0.04 obs=117 hard=115 obsc=113 yr= 14G nz=0.16 flt=0.00 dmap=+0/-0 shz=3.3 plan=0 cmd=(lx=+0.00,ly=+0.00,rx=-0.45)
  t=182.5 AGR-BRK-TR pos=(-4.97,+2.44) yaw=+148.1 d=0.65 goal_err=-79 carrot_err= -74 c0=0.85 clear=0.57 prog=0.00 rel=0.78 bal=+0.04 obs=117 hard=115 obsc=113 yr= 14G nz=0.20 flt=0.01 dmap=+0/-0 shz=3.3 plan=0 cmd=(lx=+0.00,ly=+0.00,rx=-0.45)
  t=183.0 AGR-DWA-T pos=(-4.97,+2.44) yaw=+154.1 d=0.65 goal_err=-85 carrot_err= -80 c0=0.85 clear=0.57 prog=0.00 rel=0.81 bal=+0.04 obs=117 hard=115 obsc=113 yr= 14G nz=0.19 flt=0.01 dmap=+0/-0 shz=3.3 plan=4 cmd=(lx=+0.00,ly=+0.00,rx=+0.45)
  t=183.4 AGR-DWA-T pos=(-4.97,+2.44) yaw=+151.1 d=0.65 goal_err=-82 carrot_err= -77 c0=0.85 clear=0.57 prog=0.00 rel=0.99 bal=+0.04 obs=117 hard=115 obsc=113 yr= 14G nz=0.01 flt=0.12 dmap=+0/-0 shz=3.3 plan=4 cmd=(lx=+0.00,ly=+0.00,rx=+0.45)
  t=183.8 AGR-DWA-T pos=(-4.97,+2.44) yaw=+145.1 d=0.65 goal_err=-76 carrot_err= -71 c0=0.85 clear=0.57 prog=0.00 rel=0.98 bal=+0.04 obs=117 hard=115 obsc=113 yr= 14G nz=0.02 flt=0.00 dmap=+0/-0 shz=3.3 plan=4 cmd=(lx=+0.00,ly=+0.00,rx=+0.45)
  t=184.3 AGR-DWA-T pos=(-4.97,+2.44) yaw=+137.7 d=0.65 goal_err=-69 carrot_err= -64 c0=0.85 clear=0.57 prog=0.00 rel=0.98 bal=+0.62 obs=117 hard=115 obsc=113 yr= 14G nz=0.02 flt=0.15 dmap=+0/-0 shz=3.3 plan=4 cmd=(lx=+0.00,ly=+0.00,rx=+0.45)
  t=184.7 AGR-DWA-F pos=(-4.97,+2.44) yaw=+131.7 d=0.65 goal_err=-63 carrot_err= -58 c0=0.61 clear=0.41 prog=0.00 rel=0.82 bal=+0.62 obs=118 hard=116 obsc=114 yr= 14G nz=0.17 flt=0.10 dmap=+0/-0 shz=3.5 plan=4 cmd=(lx=+0.00,ly=+0.28,rx=+0.45)
  t=185.1 AGR-DWA-F pos=(-4.98,+2.45) yaw=+125.8 d=0.64 goal_err=-59 carrot_err= -54 c0=0.59 clear=0.39 prog=0.02 rel=0.81 bal=+0.66 obs=118 hard=116 obsc=114 yr= 14G nz=0.19 flt=0.01 dmap=+0/-0 shz=3.5 plan=4 cmd=(lx=+0.00,ly=+0.28,rx=+0.45)
  t=185.6 AGR-DWA-T pos=(-4.99,+2.48) yaw=+119.8 d=0.62 goal_err=-55 carrot_err= -50 c0=0.56 clear=0.38 prog=0.04 rel=0.84 bal=+0.24 obs=118 hard=116 obsc=114 yr= 14G nz=0.16 flt=0.00 dmap=+0/-0 shz=3.5 plan=4 cmd=(lx=+0.00,ly=+0.00,rx=+0.00)
  t=186.0 AGR-DWA-T pos=(-5.00,+2.48) yaw=+116.8 d=0.62 goal_err=-52 carrot_err= -48 c0=0.56 clear=0.37 prog=0.05 rel=0.95 bal=+0.24 obs=115 hard=110 obsc=112 yr=  0  nz=0.05 flt=0.01 dmap=+0/-0 shz=3.5 plan=4 cmd=(lx=+0.00,ly=+0.00,rx=+0.00)
  t=186.4 AGR-DWA-T pos=(-5.00,+2.48) yaw=+116.8 d=0.62 goal_err=-52 carrot_err= -48 c0=0.56 clear=0.37 prog=0.05 rel=0.95 bal=+0.24 obs=115 hard=110 obsc=112 yr=  0  nz=0.05 flt=0.01 dmap=+0/-0 shz=3.5 plan=4 cmd=(lx=+0.00,ly=+0.00,rx=+0.00)
  t=186.8 AGR-DWA-T pos=(-5.00,+2.48) yaw=+116.8 d=0.62 goal_err=-52 carrot_err= -48 c0=0.56 clear=0.37 prog=0.04 rel=0.95 bal=+0.24 obs=115 hard=110 obsc=112 yr=  0  nz=0.05 flt=0.01 dmap=+0/-0 shz=3.5 plan=0 cmd=(lx=+0.00,ly=+0.00,rx=+0.00)
  t=187.3 AGR-BRK-BK pos=(-4.99,+2.46) yaw=+116.8 d=0.63 goal_err=-51 carrot_err= -46 c0=0.58 clear=0.39 prog=0.00 rel=0.98 bal=+0.25 obs=114 hard=110 obsc=111 yr=  0  nz=0.02 flt=0.00 dmap=+0/-0 shz=3.3 plan=0 cmd=(lx=+0.00,ly=-0.35,rx=+0.00)
  t=187.7 AGR-BRK-TR pos=(-4.97,+2.44) yaw=+119.8 d=0.65 goal_err=-52 carrot_err= -47 c0=0.60 clear=0.40 prog=0.00 rel=0.98 bal=+0.25 obs=116 hard=112 obsc=112 yr= 14G nz=0.02 flt=0.28 dmap=+0/-0 shz=3.3 plan=0 cmd=(lx=+0.00,ly=+0.00,rx=-0.45)
  t=188.1 AGR-BRK-TR pos=(-4.97,+2.44) yaw=+127.3 d=0.65 goal_err=-59 carrot_err= -55 c0=0.60 clear=0.40 prog=0.00 rel=0.95 bal=+0.65 obs=116 hard=112 obsc=112 yr= 28G nz=0.05 flt=0.09 dmap=+0/-0 shz=3.3 plan=0 cmd=(lx=+0.00,ly=+0.00,rx=-0.45)
  t=188.5 AGR-BRK-TR pos=(-4.97,+2.44) yaw=+133.2 d=0.65 goal_err=-65 carrot_err= -61 c0=0.60 clear=0.40 prog=0.00 rel=0.93 bal=+0.63 obs=116 hard=112 obsc=112 yr= 14G nz=0.05 flt=0.20 dmap=+0/-0 shz=3.3 plan=0 cmd=(lx=+0.00,ly=+0.00,rx=-0.45)
  t=189.0 AGR-BRK-TR pos=(-4.97,+2.44) yaw=+139.2 d=0.65 goal_err=-71 carrot_err= -66 c0=0.84 clear=0.56 prog=0.00 rel=0.93 bal=+0.63 obs=116 hard=113 obsc=112 yr= 14G nz=0.05 flt=0.09 dmap=+0/-0 shz=3.3 plan=0 cmd=(lx=+0.00,ly=+0.00,rx=-0.45)
  t=189.4 AGR-BRK-TR pos=(-4.97,+2.44) yaw=+145.1 d=0.65 goal_err=-77 carrot_err= -72 c0=0.84 clear=0.56 prog=0.00 rel=0.83 bal=+0.03 obs=116 hard=113 obsc=112 yr= 14G nz=0.17 flt=0.01 dmap=+0/-0 shz=3.3 plan=0 cmd=(lx=+0.00,ly=+0.00,rx=-0.45)
  t=189.8 AGR-DWA-T pos=(-4.97,+2.44) yaw=+151.1 d=0.65 goal_err=-83 carrot_err= -78 c0=0.84 clear=0.56 prog=0.00 rel=0.79 bal=+0.03 obs=116 hard=113 obsc=112 yr= 14G nz=0.19 flt=0.25 dmap=+0/-0 shz=3.3 plan=4 cmd=(lx=+0.00,ly=+0.00,rx=+0.45)
  t=190.3 AGR-DWA-T pos=(-4.97,+2.44) yaw=+149.6 d=0.65 goal_err=-82 carrot_err= -77 c0=0.84 clear=0.56 prog=0.00 rel=0.85 bal=+0.03 obs=116 hard=113 obsc=112 yr= 14G nz=0.14 flt=0.01 dmap=+0/-0 shz=3.3 plan=4 cmd=(lx=+0.00,ly=+0.00,rx=+0.45)
  t=190.7 AGR-DWA-T pos=(-4.97,+2.44) yaw=+143.7 d=0.65 goal_err=-76 carrot_err= -71 c0=0.84 clear=0.56 prog=0.00 rel=0.97 bal=+0.03 obs=116 hard=114 obsc=112 yr= 14G nz=0.03 flt=0.01 dmap=+0/-0 shz=3.3 plan=4 cmd=(lx=+0.00,ly=+0.00,rx=+0.45)
  t=191.1 AGR-DWA-T pos=(-4.97,+2.44) yaw=+137.7 d=0.65 goal_err=-70 carrot_err= -65 c0=0.84 clear=0.56 prog=0.00 rel=0.97 bal=+0.63 obs=116 hard=114 obsc=112 yr= 14G nz=0.03 flt=0.08 dmap=+0/-0 shz=3.3 plan=4 cmd=(lx=+0.00,ly=+0.00,rx=+0.45)
  t=191.6 AGR-DWA-T pos=(-4.97,+2.44) yaw=+131.7 d=0.65 goal_err=-64 carrot_err= -59 c0=0.60 clear=0.40 prog=0.00 rel=0.82 bal=+0.63 obs=116 hard=114 obsc=112 yr= 14G nz=0.18 flt=0.00 dmap=+0/-0 shz=3.5 plan=4 cmd=(lx=+0.00,ly=+0.00,rx=+0.45)
  t=192.0 AGR-DWA-F pos=(-4.98,+2.45) yaw=+124.3 d=0.64 goal_err=-57 carrot_err= -53 c0=0.59 clear=0.39 prog=0.01 rel=0.81 bal=+0.65 obs=118 hard=116 obsc=114 yr= 14G nz=0.19 flt=0.22 dmap=+2/-0 shz=3.5 plan=4 cmd=(lx=+0.00,ly=+0.28,rx=+0.45)
  t=192.4 AGR-DWA-T pos=(-4.99,+2.47) yaw=+119.8 d=0.63 goal_err=-55 carrot_err= -50 c0=0.57 clear=0.38 prog=0.03 rel=0.85 bal=+0.24 obs=117 hard=113 obsc=114 yr=  0  nz=0.15 flt=0.04 dmap=+0/-1 shz=3.5 plan=4 cmd=(lx=+0.00,ly=+0.00,rx=+0.00)
  t=192.8 AGR-DWA-T pos=(-4.99,+2.47) yaw=+119.8 d=0.63 goal_err=-55 carrot_err= -50 c0=0.57 clear=0.38 prog=0.03 rel=0.97 bal=+0.24 obs=117 hard=113 obsc=114 yr=  0  nz=0.03 flt=0.04 dmap=+0/-0 shz=3.5 plan=4 cmd=(lx=+0.00,ly=+0.00,rx=+0.00)
  t=193.3 AGR-DWA-T pos=(-4.99,+2.47) yaw=+119.8 d=0.63 goal_err=-55 carrot_err= -50 c0=0.57 clear=0.38 prog=0.03 rel=0.97 bal=+0.24 obs=117 hard=113 obsc=114 yr=  0  nz=0.03 flt=0.04 dmap=+0/-0 shz=3.5 plan=4 cmd=(lx=+0.00,ly=+0.00,rx=+0.00)
  t=193.7 AGR-BRK-BK pos=(-4.99,+2.47) yaw=+119.8 d=0.63 goal_err=-55 carrot_err= -50 c0=0.57 clear=0.38 prog=0.03 rel=0.97 bal=+0.24 obs=117 hard=113 obsc=114 yr=  0  nz=0.03 flt=0.04 dmap=+0/-0 shz=3.5 plan=0 cmd=(lx=+0.00,ly=-0.35,rx=+0.00)
  t=194.1 AGR-BRK-TR pos=(-4.97,+2.42) yaw=+119.8 d=0.66 goal_err=-51 carrot_err= -46 c0=0.62 clear=0.41 prog=0.00 rel=1.00 bal=+0.26 obs=117 hard=113 obsc=114 yr=  0G nz=0.00 flt=0.00 dmap=+0/-0 shz=3.3 plan=0 cmd=(lx=+0.00,ly=+0.00,rx=-0.45)
  t=194.6 AGR-BRK-TR pos=(-4.97,+2.42) yaw=+125.8 d=0.66 goal_err=-57 carrot_err= -52 c0=0.62 clear=0.41 prog=0.00 rel=0.98 bal=+0.65 obs=117 hard=114 obsc=114 yr= 14G nz=0.02 flt=0.01 dmap=+0/-0 shz=3.3 plan=0 cmd=(lx=+0.00,ly=+0.00,rx=-0.45)
  t=195.0 AGR-BRK-TR pos=(-4.97,+2.42) yaw=+131.7 d=0.66 goal_err=-63 carrot_err= -58 c0=0.62 clear=0.41 prog=0.00 rel=0.94 bal=+0.12 obs=119 hard=117 obsc=116 yr= 14G nz=0.04 flt=0.00 dmap=+2/-0 shz=3.3 plan=0 cmd=(lx=+0.00,ly=+0.00,rx=-0.45)
  t=195.4 AGR-BRK-TR pos=(-4.97,+2.42) yaw=+137.7 d=0.66 goal_err=-69 carrot_err= -64 c0=0.85 clear=0.57 prog=0.00 rel=0.96 bal=+0.12 obs=119 hard=117 obsc=116 yr= 14G nz=0.04 flt=0.09 dmap=+0/-0 shz=3.3 plan=0 cmd=(lx=+0.00,ly=+0.00,rx=-0.45)
  t=195.8 AGR-BRK-TR pos=(-4.97,+2.42) yaw=+143.7 d=0.66 goal_err=-75 carrot_err= -70 c0=0.85 clear=0.57 prog=0.00 rel=0.81 bal=+0.02 obs=119 hard=117 obsc=116 yr= 14G nz=0.19 flt=0.00 dmap=+0/-0 shz=3.3 plan=0 cmd=(lx=+0.00,ly=+0.00,rx=-0.45)
  t=196.2 AGR-BRK-TR pos=(-4.97,+2.42) yaw=+149.6 d=0.66 goal_err=-81 carrot_err= -76 c0=0.85 clear=0.57 prog=0.00 rel=0.77 bal=+0.02 obs=119 hard=117 obsc=116 yr=  0G nz=0.20 flt=0.05 dmap=+0/-0 shz=3.3 plan=0 cmd=(lx=+0.00,ly=+0.00,rx=-0.45)
  t=196.7 AGR-DWA-T pos=(-4.97,+2.42) yaw=+154.1 d=0.66 goal_err=-85 carrot_err= -80 c0=0.85 clear=0.57 prog=0.00 rel=0.82 bal=+0.02 obs=119 hard=117 obsc=116 yr= 14G nz=0.18 flt=0.06 dmap=+0/-0 shz=3.3 plan=4 cmd=(lx=+0.00,ly=+0.00,rx=+0.45)
  t=197.1 AGR-DWA-T pos=(-4.97,+2.42) yaw=+148.1 d=0.66 goal_err=-79 carrot_err= -75 c0=0.85 clear=0.57 prog=0.00 rel=0.96 bal=+0.02 obs=119 hard=117 obsc=116 yr= 14G nz=0.04 flt=0.00 dmap=+0/-0 shz=3.3 plan=4 cmd=(lx=+0.00,ly=+0.00,rx=+0.45)
  t=197.5 AGR-DWA-T pos=(-4.97,+2.42) yaw=+142.2 d=0.66 goal_err=-73 carrot_err= -69 c0=0.85 clear=0.57 prog=0.00 rel=0.96 bal=+0.02 obs=119 hard=117 obsc=116 yr= 14G nz=0.04 flt=0.01 dmap=+0/-0 shz=3.3 plan=4 cmd=(lx=+0.00,ly=+0.00,rx=+0.45)
  t=198.0 AGR-DWA-T pos=(-4.97,+2.42) yaw=+136.2 d=0.66 goal_err=-67 carrot_err= -63 c0=0.62 clear=0.41 prog=0.00 rel=0.97 bal=+0.12 obs=119 hard=117 obsc=116 yr= 14G nz=0.03 flt=0.00 dmap=+0/-0 shz=3.3 plan=4 cmd=(lx=+0.00,ly=+0.00,rx=+0.45)
  t=198.4 AGR-DWA-F pos=(-4.98,+2.43) yaw=+128.8 d=0.65 goal_err=-61 carrot_err= -56 c0=0.61 clear=0.41 prog=0.01 rel=0.81 bal=+0.65 obs=119 hard=117 obsc=116 yr= 14G nz=0.19 flt=0.01 dmap=+0/-0 shz=3.3 plan=4 cmd=(lx=+0.00,ly=+0.28,rx=+0.45)
  t=198.8 AGR-DWA-F pos=(-4.99,+2.46) yaw=+122.8 d=0.64 goal_err=-57 carrot_err= -52 c0=0.58 clear=0.39 prog=0.04 rel=0.82 bal=+0.66 obs=119 hard=117 obsc=116 yr= 14G nz=0.18 flt=0.03 dmap=+0/-0 shz=3.5 plan=4 cmd=(lx=+0.00,ly=+0.28,rx=+0.45)
  t=199.3 AGR-DWA-T pos=(-5.00,+2.48) yaw=+118.3 d=0.63 goal_err=-54 carrot_err= -49 c0=0.56 clear=0.38 prog=0.06 rel=0.85 bal=+0.23 obs=121 hard=114 obsc=118 yr=  0  nz=0.15 flt=0.01 dmap=+2/-0 shz=3.5 plan=4 cmd=(lx=+0.00,ly=+0.00,rx=+0.00)
  t=199.7 AGR-DWA-T pos=(-5.00,+2.48) yaw=+118.3 d=0.63 goal_err=-54 carrot_err= -49 c0=0.56 clear=0.38 prog=0.06 rel=0.95 bal=+0.23 obs=120 hard=113 obsc=117 yr=  0  nz=0.05 flt=0.03 dmap=+0/-0 shz=3.5 plan=4 cmd=(lx=+0.00,ly=+0.00,rx=+0.00)
  t=200.1 AGR-DWA-T pos=(-5.00,+2.48) yaw=+118.3 d=0.63 goal_err=-54 carrot_err= -49 c0=0.56 clear=0.38 prog=0.06 rel=0.95 bal=+0.23 obs=120 hard=113 obsc=117 yr=  0  nz=0.05 flt=0.03 dmap=+0/-0 shz=3.5 plan=4 cmd=(lx=+0.00,ly=+0.00,rx=+0.00)
  t=200.5 AGR-BRK-BK pos=(-5.00,+2.48) yaw=+118.3 d=0.63 goal_err=-54 carrot_err= -49 c0=0.56 clear=0.38 prog=0.04 rel=0.95 bal=+0.23 obs=120 hard=113 obsc=117 yr=  0  nz=0.05 flt=0.03 dmap=+0/-0 shz=3.5 plan=0 cmd=(lx=+0.00,ly=-0.35,rx=+0.00)
  t=201.0 AGR-BRK-TR pos=(-4.97,+2.43) yaw=+118.3 d=0.66 goal_err=-50 carrot_err= -45 c0=0.61 clear=0.41 prog=0.00 rel=0.98 bal=+0.25 obs=118 hard=114 obsc=117 yr=  0G nz=0.02 flt=0.00 dmap=+0/-0 shz=3.3 plan=0 cmd=(lx=+0.00,ly=+0.00,rx=-0.45)
  t=201.4 AGR-BRK-TR pos=(-4.97,+2.43) yaw=+124.3 d=0.66 goal_err=-56 carrot_err= -51 c0=0.61 clear=0.41 prog=0.00 rel=0.93 bal=+0.65 obs=118 hard=114 obsc=117 yr= 14G nz=0.04 flt=0.20 dmap=+0/-0 shz=3.3 plan=0 cmd=(lx=+0.00,ly=+0.00,rx=-0.45)
  t=201.8 AGR-BRK-TR pos=(-4.97,+2.43) yaw=+130.2 d=0.66 goal_err=-62 carrot_err= -57 c0=0.61 clear=0.41 prog=0.00 rel=0.96 bal=+0.62 obs=118 hard=114 obsc=117 yr= 14G nz=0.04 flt=0.08 dmap=+0/-0 shz=3.3 plan=0 cmd=(lx=+0.00,ly=+0.00,rx=-0.45)
  t=202.2 AGR-BRK-TR pos=(-4.97,+2.43) yaw=+136.2 d=0.66 goal_err=-68 carrot_err= -63 c0=0.61 clear=0.41 prog=0.00 rel=0.96 bal=+0.62 obs=118 hard=114 obsc=117 yr= 14G nz=0.04 flt=0.00 dmap=+0/-0 shz=3.3 plan=0 cmd=(lx=+0.00,ly=+0.00,rx=-0.45)
  t=202.7 AGR-BRK-TR pos=(-4.97,+2.43) yaw=+142.2 d=0.66 goal_err=-74 carrot_err= -69 c0=0.85 clear=0.56 prog=0.00 rel=0.82 bal=+0.02 obs=118 hard=114 obsc=117 yr= 14G nz=0.18 flt=0.05 dmap=+0/-0 shz=3.3 plan=0 cmd=(lx=+0.00,ly=+0.00,rx=-0.45)
  t=203.1 AGR-BRK-TR pos=(-4.97,+2.43) yaw=+149.6 d=0.66 goal_err=-81 carrot_err= -77 c0=0.85 clear=0.56 prog=0.00 rel=0.80 bal=+0.02 obs=118 hard=114 obsc=117 yr= 14G nz=0.20 flt=0.26 dmap=+0/-0 shz=3.3 plan=0 cmd=(lx=+0.00,ly=+0.00,rx=-0.45)
  t=203.5 AGR-DWA-T pos=(-4.97,+2.43) yaw=+152.6 d=0.66 goal_err=-84 carrot_err= -80 c0=0.85 clear=0.56 prog=0.00 rel=0.78 bal=+0.02 obs=118 hard=117 obsc=117 yr= 14G nz=0.19 flt=0.00 dmap=+0/-0 shz=3.3 plan=4 cmd=(lx=+0.00,ly=+0.00,rx=+0.45)
  t=204.0 AGR-DWA-T pos=(-4.97,+2.43) yaw=+146.6 d=0.66 goal_err=-79 carrot_err= -74 c0=0.85 clear=0.56 prog=0.00 rel=0.97 bal=+0.02 obs=118 hard=117 obsc=117 yr= 14G nz=0.03 flt=0.00 dmap=+0/-0 shz=3.3 plan=4 cmd=(lx=+0.00,ly=+0.00,rx=+0.45)
  t=204.4 AGR-DWA-T pos=(-4.97,+2.43) yaw=+140.7 d=0.66 goal_err=-73 carrot_err= -68 c0=0.85 clear=0.56 prog=0.00 rel=0.97 bal=+0.02 obs=118 hard=117 obsc=117 yr= 14G nz=0.03 flt=0.00 dmap=+0/-0 shz=3.3 plan=4 cmd=(lx=+0.00,ly=+0.00,rx=+0.45)
  t=204.8 AGR-DWA-T pos=(-4.97,+2.43) yaw=+133.2 d=0.66 goal_err=-65 carrot_err= -60 c0=0.61 clear=0.41 prog=0.00 rel=0.85 bal=+0.62 obs=118 hard=117 obsc=117 yr= 14G nz=0.15 flt=0.00 dmap=+0/-0 shz=3.3 plan=4 cmd=(lx=+0.00,ly=+0.00,rx=+0.45)
  t=205.3 AGR-DWA-F pos=(-4.98,+2.44) yaw=+127.3 d=0.65 goal_err=-60 carrot_err= -55 c0=0.60 clear=0.40 prog=0.01 rel=0.80 bal=+0.65 obs=118 hard=117 obsc=117 yr= 14G nz=0.20 flt=0.09 dmap=+0/-0 shz=3.3 plan=4 cmd=(lx=+0.00,ly=+0.28,rx=+0.45)
  t=205.7 AGR-DWA-F pos=(-4.99,+2.46) yaw=+121.3 d=0.63 goal_err=-56 carrot_err= -51 c0=0.57 clear=0.38 prog=0.04 rel=0.83 bal=+0.24 obs=118 hard=117 obsc=117 yr= 14G nz=0.17 flt=0.10 dmap=+0/-0 shz=3.5 plan=4 cmd=(lx=+0.00,ly=+0.28,rx=+0.45)
  t=206.1 AGR-DWA-T pos=(-5.00,+2.48) yaw=+118.3 d=0.62 goal_err=-54 carrot_err= -49 c0=0.56 clear=0.37 prog=0.06 rel=0.94 bal=+0.23 obs=118 hard=112 obsc=114 yr=  0  nz=0.06 flt=0.00 dmap=+1/-0 shz=3.5 plan=4 cmd=(lx=+0.00,ly=+0.00,rx=+0.00)
  t=206.6 AGR-DWA-T pos=(-5.00,+2.48) yaw=+118.3 d=0.62 goal_err=-54 carrot_err= -49 c0=0.56 clear=0.37 prog=0.06 rel=0.94 bal=+0.23 obs=118 hard=112 obsc=114 yr=  0  nz=0.06 flt=0.00 dmap=+0/-0 shz=3.5 plan=4 cmd=(lx=+0.00,ly=+0.00,rx=+0.00)
  t=207.0 AGR-DWA-T pos=(-5.00,+2.48) yaw=+118.3 d=0.62 goal_err=-54 carrot_err= -49 c0=0.56 clear=0.37 prog=0.06 rel=0.94 bal=+0.23 obs=118 hard=112 obsc=114 yr=  0  nz=0.06 flt=0.00 dmap=+0/-0 shz=3.5 plan=4 cmd=(lx=+0.00,ly=+0.00,rx=+0.00)
  t=207.4 AGR-BRK-BK pos=(-4.99,+2.47) yaw=+118.3 d=0.63 goal_err=-53 carrot_err= -48 c0=0.57 clear=0.38 prog=0.01 rel=0.94 bal=+0.24 obs=118 hard=113 obsc=114 yr=  0  nz=0.06 flt=0.00 dmap=+0/-0 shz=3.3 plan=0 cmd=(lx=+0.00,ly=-0.35,rx=+0.00)
  t=207.8 AGR-BRK-TR pos=(-4.97,+2.43) yaw=+119.8 d=0.65 goal_err=-52 carrot_err= -47 c0=0.61 clear=0.41 prog=0.00 rel=0.98 bal=+0.25 obs=118 hard=114 obsc=114 yr= 14G nz=0.02 flt=0.02 dmap=+0/-0 shz=3.3 plan=0 cmd=(lx=+0.00,ly=+0.00,rx=-0.45)
  t=208.3 AGR-BRK-TR pos=(-4.97,+2.43) yaw=+125.8 d=0.65 goal_err=-58 carrot_err= -53 c0=0.61 clear=0.41 prog=0.00 rel=0.95 bal=+0.65 obs=118 hard=114 obsc=114 yr= 14G nz=0.04 flt=0.14 dmap=+0/-0 shz=3.3 plan=0 cmd=(lx=+0.00,ly=+0.00,rx=-0.45)
  t=208.7 AGR-BRK-TR pos=(-4.97,+2.43) yaw=+133.2 d=0.65 goal_err=-65 carrot_err= -60 c0=0.61 clear=0.41 prog=0.00 rel=0.96 bal=+0.62 obs=118 hard=114 obsc=114 yr= 14G nz=0.04 flt=0.00 dmap=+0/-0 shz=3.3 plan=0 cmd=(lx=+0.00,ly=+0.00,rx=-0.45)
  t=209.1 AGR-BRK-TR pos=(-4.97,+2.43) yaw=+139.2 d=0.65 goal_err=-71 carrot_err= -66 c0=0.84 clear=0.56 prog=0.00 rel=0.96 bal=+0.62 obs=118 hard=114 obsc=114 yr= 14G nz=0.04 flt=0.00 dmap=+0/-0 shz=3.3 plan=0 cmd=(lx=+0.00,ly=+0.00,rx=-0.45)
  t=209.5 AGR-BRK-TR pos=(-4.97,+2.43) yaw=+145.2 d=0.65 goal_err=-77 carrot_err= -72 c0=0.84 clear=0.56 prog=0.00 rel=0.78 bal=+0.03 obs=118 hard=114 obsc=114 yr= 14G nz=0.19 flt=0.24 dmap=+0/-0 shz=3.3 plan=0 cmd=(lx=+0.00,ly=+0.00,rx=-0.45)
  t=210.0 AGR-BRK-TR pos=(-4.97,+2.43) yaw=+151.1 d=0.65 goal_err=-83 carrot_err= -78 c0=0.84 clear=0.56 prog=0.00 rel=0.81 bal=+0.03 obs=118 hard=114 obsc=114 yr= 14G nz=0.20 flt=0.06 dmap=+0/-0 shz=3.3 plan=0 cmd=(lx=+0.00,ly=+0.00,rx=-0.45)
  t=210.4 AGR-DWA-T pos=(-4.97,+2.43) yaw=+151.1 d=0.65 goal_err=-83 carrot_err= -78 c0=0.84 clear=0.56 prog=0.00 rel=0.82 bal=+0.03 obs=118 hard=114 obsc=114 yr= 14G nz=0.18 flt=0.06 dmap=+0/-0 shz=3.3 plan=4 cmd=(lx=+0.00,ly=+0.00,rx=+0.45)
  t=210.8 AGR-DWA-T pos=(-4.97,+2.43) yaw=+143.7 d=0.65 goal_err=-76 carrot_err= -71 c0=0.84 clear=0.56 prog=0.00 rel=0.98 bal=+0.03 obs=118 hard=114 obsc=114 yr= 14G nz=0.02 flt=0.00 dmap=+0/-0 shz=3.3 plan=4 cmd=(lx=+0.00,ly=+0.00,rx=+0.45)
  t=211.3 AGR-DWA-T pos=(-4.97,+2.43) yaw=+137.7 d=0.65 goal_err=-70 carrot_err= -65 c0=0.84 clear=0.56 prog=0.00 rel=0.99 bal=+0.62 obs=118 hard=114 obsc=114 yr= 14G nz=0.01 flt=0.00 dmap=+0/-0 shz=3.3 plan=4 cmd=(lx=+0.00,ly=+0.00,rx=+0.45)
  t=211.7 AGR-DWA-F pos=(-4.97,+2.43) yaw=+131.7 d=0.65 goal_err=-64 carrot_err= -59 c0=0.61 clear=0.41 prog=0.00 rel=0.85 bal=+0.62 obs=119 hard=115 obsc=115 yr= 14G nz=0.15 flt=0.00 dmap=+1/-0 shz=3.3 plan=4 cmd=(lx=+0.00,ly=+0.28,rx=+0.45)
  t=212.1 AGR-DWA-F pos=(-4.98,+2.45) yaw=+125.8 d=0.64 goal_err=-59 carrot_err= -54 c0=0.59 clear=0.40 prog=0.02 rel=0.80 bal=+0.65 obs=119 hard=115 obsc=115 yr= 14G nz=0.20 flt=0.09 dmap=+0/-0 shz=3.5 plan=4 cmd=(lx=+0.00,ly=+0.28,rx=+0.45)
  t=212.6 AGR-DWA-T pos=(-4.99,+2.47) yaw=+119.8 d=0.63 goal_err=-55 carrot_err= -50 c0=0.57 clear=0.38 prog=0.05 rel=0.84 bal=+0.24 obs=119 hard=115 obsc=115 yr= 14G nz=0.16 flt=0.01 dmap=+0/-0 shz=3.5 plan=4 cmd=(lx=+0.00,ly=+0.00,rx=+0.00)
  t=213.0 AGR-DWA-T pos=(-5.00,+2.48) yaw=+116.9 d=0.62 goal_err=-53 carrot_err= -48 c0=0.55 clear=0.37 prog=0.06 rel=0.95 bal=+0.23 obs=122 hard=119 obsc=116 yr=  0  nz=0.05 flt=0.03 dmap=+0/-0 shz=3.5 plan=4 cmd=(lx=+0.00,ly=+0.00,rx=+0.00)
  t=213.4 AGR-DWA-T pos=(-5.00,+2.48) yaw=+116.9 d=0.62 goal_err=-53 carrot_err= -48 c0=0.55 clear=0.37 prog=0.06 rel=0.95 bal=+0.23 obs=122 hard=119 obsc=116 yr=  0  nz=0.05 flt=0.03 dmap=+0/-0 shz=3.5 plan=4 cmd=(lx=+0.00,ly=+0.00,rx=+0.00)
  t=213.9 AGR-DWA-T pos=(-5.00,+2.48) yaw=+116.9 d=0.62 goal_err=-53 carrot_err= -48 c0=0.55 clear=0.37 prog=0.06 rel=0.95 bal=+0.23 obs=122 hard=119 obsc=116 yr=  0  nz=0.05 flt=0.03 dmap=+0/-0 shz=3.5 plan=0 cmd=(lx=+0.00,ly=+0.00,rx=+0.00)
  t=214.3 AGR-BRK-BK pos=(-5.00,+2.47) yaw=+116.9 d=0.63 goal_err=-52 carrot_err= -47 c0=0.56 clear=0.38 prog=0.01 rel=1.00 bal=+0.24 obs=121 hard=119 obsc=116 yr=  0  nz=0.00 flt=0.00 dmap=+0/-0 shz=3.3 plan=0 cmd=(lx=+0.00,ly=-0.35,rx=+0.00)
  t=214.7 AGR-BRK-TR pos=(-4.98,+2.44) yaw=+118.3 d=0.65 goal_err=-51 carrot_err= -46 c0=0.60 clear=0.40 prog=0.00 rel=0.97 bal=+0.25 obs=121 hard=120 obsc=116 yr= 14G nz=0.03 flt=0.14 dmap=+0/-0 shz=3.3 plan=0 cmd=(lx=+0.00,ly=+0.00,rx=-0.45)
  t=215.1 AGR-BRK-TR pos=(-4.98,+2.44) yaw=+125.8 d=0.65 goal_err=-58 carrot_err= -54 c0=0.60 clear=0.40 prog=0.00 rel=0.96 bal=+0.65 obs=121 hard=120 obsc=116 yr= 14G nz=0.04 flt=0.00 dmap=+0/-0 shz=3.3 plan=0 cmd=(lx=+0.00,ly=+0.00,rx=-0.45)
  t=215.6 AGR-BRK-TR pos=(-4.98,+2.44) yaw=+131.7 d=0.65 goal_err=-64 carrot_err= -59 c0=0.60 clear=0.40 prog=0.00 rel=0.96 bal=+0.63 obs=121 hard=120 obsc=116 yr= 14G nz=0.04 flt=0.01 dmap=+0/-0 shz=3.3 plan=0 cmd=(lx=+0.00,ly=+0.00,rx=-0.45)
  t=216.0 AGR-BRK-TR pos=(-4.98,+2.44) yaw=+137.7 d=0.65 goal_err=-70 carrot_err= -65 c0=0.84 clear=0.56 prog=0.00 rel=0.95 bal=+0.63 obs=121 hard=120 obsc=116 yr= 14G nz=0.02 flt=0.06 dmap=+0/-0 shz=3.3 plan=0 cmd=(lx=+0.00,ly=+0.00,rx=-0.45)
  t=216.4 AGR-BRK-TR pos=(-4.98,+2.44) yaw=+143.7 d=0.65 goal_err=-76 carrot_err= -71 c0=0.84 clear=0.56 prog=0.00 rel=0.83 bal=+0.03 obs=121 hard=120 obsc=116 yr= 14G nz=0.17 flt=0.01 dmap=+0/-0 shz=3.3 plan=0 cmd=(lx=+0.00,ly=+0.00,rx=-0.45)
  t=216.8 AGR-DWA-T pos=(-4.98,+2.44) yaw=+149.6 d=0.65 goal_err=-82 carrot_err= -77 c0=0.84 clear=0.56 prog=0.00 rel=0.81 bal=+0.03 obs=121 hard=120 obsc=116 yr= 14G nz=0.19 flt=0.00 dmap=+0/-0 shz=3.3 plan=4 cmd=(lx=+0.00,ly=+0.00,rx=+0.45)
  t=217.3 AGR-DWA-T pos=(-4.98,+2.44) yaw=+149.6 d=0.65 goal_err=-82 carrot_err= -77 c0=0.84 clear=0.56 prog=0.00 rel=0.83 bal=+0.03 obs=121 hard=120 obsc=116 yr= 14G nz=0.17 flt=0.03 dmap=+0/-0 shz=3.3 plan=4 cmd=(lx=+0.00,ly=+0.00,rx=+0.45)
  t=217.7 AGR-DWA-T pos=(-4.98,+2.44) yaw=+142.2 d=0.65 goal_err=-75 carrot_err= -70 c0=0.84 clear=0.56 prog=0.00 rel=0.98 bal=+0.03 obs=121 hard=120 obsc=116 yr= 14G nz=0.02 flt=0.00 dmap=+0/-0 shz=3.3 plan=4 cmd=(lx=+0.00,ly=+0.00,rx=+0.45)
  t=218.1 AGR-DWA-T pos=(-4.98,+2.44) yaw=+136.2 d=0.65 goal_err=-69 carrot_err= -64 c0=0.60 clear=0.40 prog=0.00 rel=0.97 bal=+0.63 obs=121 hard=120 obsc=116 yr= 14G nz=0.03 flt=0.11 dmap=+0/-0 shz=3.3 plan=4 cmd=(lx=+0.00,ly=+0.00,rx=+0.45)
  t=218.6 AGR-DWA-T pos=(-4.98,+2.44) yaw=+130.3 d=0.65 goal_err=-63 carrot_err= -58 c0=0.60 clear=0.40 prog=0.00 rel=0.81 bal=+0.63 obs=121 hard=120 obsc=116 yr= 14G nz=0.19 flt=0.00 dmap=+0/-0 shz=3.3 plan=4 cmd=(lx=+0.00,ly=+0.00,rx=+0.45)
  t=219.0 AGR-DWA-F pos=(-4.98,+2.45) yaw=+124.3 d=0.65 goal_err=-57 carrot_err= -53 c0=0.60 clear=0.40 prog=0.01 rel=0.80 bal=+0.65 obs=121 hard=120 obsc=116 yr= 14G nz=0.20 flt=0.00 dmap=+0/-0 shz=3.5 plan=4 cmd=(lx=+0.00,ly=+0.28,rx=+0.45)
  t=219.4 AGR-DWA-T pos=(-4.99,+2.47) yaw=+118.3 d=0.63 goal_err=-53 carrot_err= -48 c0=0.57 clear=0.38 prog=0.04 rel=0.84 bal=+0.24 obs=121 hard=120 obsc=116 yr=  0  nz=0.16 flt=0.17 dmap=+0/-0 shz=3.5 plan=4 cmd=(lx=+0.00,ly=+0.00,rx=+0.00)
  t=219.9 AGR-DWA-T pos=(-4.99,+2.47) yaw=+118.3 d=0.63 goal_err=-53 carrot_err= -48 c0=0.57 clear=0.38 prog=0.04 rel=0.97 bal=+0.24 obs=121 hard=120 obsc=115 yr=  0  nz=0.03 flt=0.01 dmap=+0/-0 shz=3.5 plan=4 cmd=(lx=+0.00,ly=+0.00,rx=+0.00)
  t=220.3 AGR-DWA-T pos=(-4.99,+2.47) yaw=+118.3 d=0.63 goal_err=-53 carrot_err= -48 c0=0.57 clear=0.38 prog=0.04 rel=0.97 bal=+0.24 obs=121 hard=120 obsc=115 yr=  0  nz=0.03 flt=0.01 dmap=+0/-0 shz=3.5 plan=4 cmd=(lx=+0.00,ly=+0.00,rx=+0.00)
  t=220.7 AGR-BRK-BK pos=(-4.99,+2.47) yaw=+118.3 d=0.63 goal_err=-53 carrot_err= -48 c0=0.57 clear=0.38 prog=0.04 rel=0.97 bal=+0.24 obs=121 hard=120 obsc=115 yr=  0  nz=0.03 flt=0.01 dmap=+0/-0 shz=3.5 plan=0 cmd=(lx=+0.00,ly=-0.35,rx=+0.00)
  t=221.1 AGR-BRK-TR pos=(-4.97,+2.43) yaw=+118.3 d=0.66 goal_err=-50 carrot_err= -45 c0=0.62 clear=0.41 prog=0.00 rel=0.98 bal=+0.26 obs=116 hard=117 obsc=112 yr=  0G nz=0.02 flt=0.01 dmap=+0/-0 shz=3.3 plan=0 cmd=(lx=+0.00,ly=+0.00,rx=-0.45)
  t=221.6 AGR-BRK-TR pos=(-4.97,+2.43) yaw=+124.3 d=0.66 goal_err=-56 carrot_err= -51 c0=0.62 clear=0.41 prog=0.00 rel=0.94 bal=+0.65 obs=116 hard=118 obsc=112 yr= 14G nz=0.06 flt=0.13 dmap=+0/-0 shz=3.3 plan=0 cmd=(lx=+0.00,ly=+0.00,rx=-0.45)
  t=222.0 AGR-BRK-TR pos=(-4.97,+2.43) yaw=+130.3 d=0.66 goal_err=-62 carrot_err= -57 c0=0.62 clear=0.41 prog=0.00 rel=0.95 bal=+0.65 obs=116 hard=118 obsc=112 yr= 14G nz=0.05 flt=0.00 dmap=+0/-0 shz=3.3 plan=0 cmd=(lx=+0.00,ly=+0.00,rx=-0.45)
  t=222.4 AGR-BRK-TR pos=(-4.97,+2.43) yaw=+137.7 d=0.66 goal_err=-69 carrot_err= -64 c0=0.85 clear=0.57 prog=0.00 rel=0.96 bal=+0.62 obs=116 hard=118 obsc=112 yr= 27G nz=0.04 flt=0.06 dmap=+0/-0 shz=3.3 plan=0 cmd=(lx=+0.00,ly=+0.00,rx=-0.45)
  t=222.9 AGR-BRK-TR pos=(-4.97,+2.43) yaw=+143.7 d=0.66 goal_err=-75 carrot_err= -70 c0=0.85 clear=0.57 prog=0.00 rel=0.82 bal=+0.02 obs=116 hard=118 obsc=112 yr= 14G nz=0.18 flt=0.00 dmap=+0/-0 shz=3.3 plan=0 cmd=(lx=+0.00,ly=+0.00,rx=-0.45)
  t=223.3 AGR-BRK-TR pos=(-4.97,+2.43) yaw=+149.6 d=0.66 goal_err=-81 carrot_err= -76 c0=0.85 clear=0.57 prog=0.00 rel=0.78 bal=+0.02 obs=119 hard=121 obsc=115 yr= 14G nz=0.20 flt=0.00 dmap=+3/-0 shz=3.3 plan=0 cmd=(lx=+0.00,ly=+0.00,rx=-0.45)

  >>> META2 EXPERIENCE-ABORT: experiencia mala 94% en 150s con progreso +0.24m. Ninguna analogia es valida aqui: STOP y aborto (pide ayuda/reposiciona). G1_M2_ABORT=0 desactiva.
  [spill] derrames=0 E[N]=0.00 eta_max=0.90 riesgo=1.4%
  [dataset] travesia guardada -> /Users/adrianlendinezibanez/Claude/Projects/G1 ROBOT/dataset/20260708_131143_ours_B.json
  [stats] fila anadida -> /Users/adrianlendinezibanez/Claude/Projects/G1 ROBOT/dataset/runs_stats.csv

Fin goto.
  [META2-L2] estado guardado (meta2_state_abprof.json): Pl={'Efficient_Nav': 1.0, 'Cautious_Nav': 1.0} derrames_run=0
  backend grafico: TkAgg
>>> SIM ADAPTER: conectando a rosbridge ws://localhost:8765 ...
  esperando /odom (hasta 30s; el mundo del lab tarda en cargar)... ok
  /odom OK pose=(+0.99,+0.57) | /scan: OK
  escenario LAB: mapa/waypoints/puerta REALES (lab.world solo-paredes, frame G1)

>>> GOTO 'B' -> (-4.73,+3.04). Mando en mano (L2+B). Ctrl+C aborta.
    ENTORNO: SIM (id: lab_v1_ab_prof)  — esta run se registra como SIMULACION, no cuenta como run de robot
  Esperando pose localizada y primera nube... ok.
  FRAME-CHECK start=(+0.99,+0.57) wp_mas_cercano=A(+0.99,+0.57) offset=0.00m  -> frame OK (pose y waypoints alineados)
  [spill] payload de agua simulado (semilla=20260708_132520_ours_B.json)
  META2 ACTIVO (techo por analogia): Meta-Reasoner 2.0, analogia inicial Cautious_Nav

  !!!!!!!!!!!!!!!!!!!!!!!!!!!!!!!!!!!!!!!!!!!!!!!!!!!!!!!!!!!!!!!!!!!!!!!!!!
  !!  VISION OFF (G1_PERC sin definir) pero G1_NOVIS=1: navego SIN vision bajo tu responsabilidad.
  !!  La MESA invisible al LiDAR no se vera.
  !!!!!!!!!!!!!!!!!!!!!!!!!!!!!!!!!!!!!!!!!!!!!!!!!!!!!!!!!!!!!!!!!!!!!!!!!!

  mapa de referencia: 961 celdas | muebles estaticos (nav_map): 0 celdas | plan global: static
  t=  0.0 DWA-F pos=(+0.99,+0.57) yaw=-120.3 d=6.23 goal_err=-83 carrot_err= -62 c0=2.25 clear=1.00 prog=0.00 rel=1.00 bal=+0.19 obs=108 hard=108 obsc=108 yr=  0  nz=0.00 flt=0.19 dmap=+108/-0 shz=0.0 plan=34 cmd=(lx=+0.00,ly=+0.40,rx=+0.45)
  t=  0.4 DWA-F pos=(+0.97,+0.53) yaw=-125.1 d=6.22 goal_err=-79 carrot_err= -60 c0=2.21 clear=1.00 prog=0.05 rel=0.96 bal=+0.28 obs=111 hard=111 obsc=111 yr= 15G nz=0.04 flt=0.10 dmap=+0/-0 shz=3.2 plan=34 cmd=(lx=+0.00,ly=+0.40,rx=+0.45)
  t=  0.9 DWA-F pos=(+0.93,+0.48) yaw=-131.6 d=6.21 goal_err=-73 carrot_err= -57 c0=2.21 clear=1.00 prog=0.08 rel=0.94 bal=+0.40 obs=111 hard=111 obsc=111 yr= 15G nz=0.06 flt=0.01 dmap=+0/-0 shz=3.5 plan=34 cmd=(lx=+0.00,ly=+0.40,rx=+0.45)
  t=  1.3 DWA-F pos=(+0.89,+0.44) yaw=-138.0 d=6.19 goal_err=-67 carrot_err= -39 c0=2.23 clear=1.00 prog=0.10 rel=0.94 bal=+0.41 obs=111 hard=111 obsc=111 yr= 15G nz=0.06 flt=0.08 dmap=+0/-0 shz=3.7 plan=34 cmd=(lx=+0.00,ly=+0.40,rx=+0.45)
  t=  1.7 DWA-F pos=(+0.83,+0.39) yaw=-146.0 d=6.16 goal_err=-59 carrot_err= -34 c0=2.50 clear=1.00 prog=0.14 rel=0.78 bal=+0.42 obs=111 hard=111 obsc=111 yr= 14  nz=0.21 flt=0.14 dmap=+0/-0 shz=3.7 plan=33 cmd=(lx=+0.00,ly=+0.40,rx=+0.00)
  t=  2.2 DWA-F pos=(+0.78,+0.36) yaw=-146.0 d=6.13 goal_err=-60 carrot_err= -37 c0=2.50 clear=1.00 prog=0.17 rel=0.78 bal=+0.42 obs=125 hard=125 obsc=156 yr=  0G nz=0.23 flt=0.03 dmap=+0/-0 shz=3.7 plan=33 cmd=(lx=+0.00,ly=+0.40,rx=+0.45)
  t=  2.6 DWA-F pos=(+0.74,+0.34) yaw=-150.8 d=6.10 goal_err=-55 carrot_err= -34 c0=2.50 clear=1.00 prog=0.19 rel=0.86 bal=+0.43 obs=143 hard=130 obsc=161 yr=  0  nz=0.14 flt=0.02 dmap=+18/-0 shz=3.9 plan=33 cmd=(lx=+0.00,ly=+0.40,rx=+0.00)
  t=  3.0 DWA-F pos=(+0.71,+0.32) yaw=-150.8 d=6.08 goal_err=-56 carrot_err= -36 c0=2.50 clear=1.00 prog=0.20 rel=0.99 bal=+0.43 obs=151 hard=133 obsc=166 yr=  0  nz=0.01 flt=0.01 dmap=+0/-0 shz=3.9 plan=33 cmd=(lx=+0.00,ly=+0.40,rx=+0.45)
  t=  3.5 DWA-F pos=(+0.66,+0.29) yaw=-152.4 d=6.05 goal_err=-55 carrot_err= -35 c0=2.50 clear=1.00 prog=0.22 rel=0.99 bal=+0.44 obs=153 hard=133 obsc=166 yr=  0  nz=0.01 flt=0.01 dmap=+0/-0 shz=3.9 plan=32 cmd=(lx=+0.00,ly=+0.40,rx=+0.00)
  t=  3.9 DWA-F pos=(+0.62,+0.27) yaw=-152.4 d=6.02 goal_err=-55 carrot_err= -36 c0=2.50 clear=1.00 prog=0.20 rel=0.99 bal=+0.36 obs=154 hard=145 obsc=165 yr=  0  nz=0.01 flt=0.00 dmap=+1/-0 shz=3.9 plan=32 cmd=(lx=+0.00,ly=+0.40,rx=+0.00)
  t=  4.3 DWA-F pos=(+0.58,+0.25) yaw=-155.6 d=6.00 goal_err=-52 carrot_err= -35 c0=2.50 clear=1.00 prog=0.20 rel=0.99 bal=+0.37 obs=156 hard=154 obsc=169 yr= 15  nz=0.01 flt=0.00 dmap=+3/-1 shz=3.9 plan=32 cmd=(lx=+0.00,ly=+0.40,rx=+0.00)
  t=  4.8 DWA-F pos=(+0.54,+0.23) yaw=-155.6 d=5.97 goal_err=-52 carrot_err= -22 c0=2.50 clear=1.00 prog=0.21 rel=0.99 bal=+0.38 obs=160 hard=157 obsc=171 yr=  0  nz=0.01 flt=0.00 dmap=+0/-0 shz=3.9 plan=32 cmd=(lx=+0.00,ly=+0.40,rx=+0.00)
  t=  5.2 DWA-F pos=(+0.50,+0.21) yaw=-155.6 d=5.94 goal_err=-53 carrot_err= -23 c0=2.50 clear=1.00 prog=0.21 rel=0.99 bal=+0.39 obs=160 hard=158 obsc=171 yr=  0  nz=0.01 flt=0.00 dmap=+0/-0 shz=3.9 plan=32 cmd=(lx=+0.00,ly=+0.40,rx=+0.00)
  t=  5.6 DWA-F pos=(+0.45,+0.19) yaw=-155.6 d=5.91 goal_err=-53 carrot_err= -25 c0=2.50 clear=1.00 prog=0.22 rel=0.99 bal=+0.41 obs=162 hard=160 obsc=173 yr=  0  nz=0.01 flt=0.01 dmap=+0/-0 shz=3.9 plan=32 cmd=(lx=+0.00,ly=+0.40,rx=+0.00)
  t=  6.1 DWA-F pos=(+0.41,+0.17) yaw=-155.6 d=5.88 goal_err=-54 carrot_err= -26 c0=2.50 clear=1.00 prog=0.22 rel=0.98 bal=+0.42 obs=163 hard=161 obsc=175 yr=  0  nz=0.02 flt=0.00 dmap=+0/-0 shz=3.9 plan=32 cmd=(lx=+0.00,ly=+0.40,rx=+0.00)
  t=  6.5 DWA-F pos=(+0.37,+0.16) yaw=-155.6 d=5.86 goal_err=-54 carrot_err= -28 c0=2.50 clear=1.00 prog=0.21 rel=0.98 bal=+0.43 obs=166 hard=163 obsc=178 yr=  0  nz=0.02 flt=0.00 dmap=+0/-0 shz=3.9 plan=31 cmd=(lx=+0.00,ly=+0.40,rx=+0.00)
  t=  6.9 DWA-F pos=(+0.33,+0.14) yaw=-155.6 d=5.83 goal_err=-54 carrot_err= -29 c0=2.50 clear=1.00 prog=0.21 rel=0.98 bal=+0.43 obs=166 hard=162 obsc=177 yr=  0  nz=0.02 flt=0.00 dmap=+0/-0 shz=3.9 plan=31 cmd=(lx=+0.00,ly=+0.40,rx=+0.00)
  t=  7.4 DWA-F pos=(+0.28,+0.11) yaw=-155.6 d=5.80 goal_err=-55 carrot_err= -17 c0=2.50 clear=1.00 prog=0.21 rel=0.98 bal=+0.44 obs=165 hard=162 obsc=176 yr=  0  nz=0.02 flt=0.01 dmap=+0/-0 shz=3.9 plan=31 cmd=(lx=+0.00,ly=+0.40,rx=+0.00)
  t=  7.8 DWA-F pos=(+0.24,+0.10) yaw=-155.6 d=5.77 goal_err=-55 carrot_err= -18 c0=2.50 clear=1.00 prog=0.21 rel=0.98 bal=+0.45 obs=165 hard=163 obsc=176 yr=  0  nz=0.02 flt=0.00 dmap=+0/-0 shz=3.9 plan=30 cmd=(lx=+0.00,ly=+0.40,rx=+0.00)
  t=  8.2 DWA-F pos=(+0.20,+0.08) yaw=-155.6 d=5.75 goal_err=-55 carrot_err= -19 c0=2.50 clear=1.00 prog=0.21 rel=0.98 bal=+0.38 obs=166 hard=164 obsc=177 yr=  0  nz=0.02 flt=0.00 dmap=+0/-0 shz=3.9 plan=30 cmd=(lx=+0.00,ly=+0.40,rx=+0.00)
  t=  8.7 DWA-F pos=(+0.16,+0.06) yaw=-155.6 d=5.72 goal_err=-56 carrot_err= -20 c0=2.50 clear=1.00 prog=0.21 rel=0.99 bal=+0.38 obs=168 hard=165 obsc=178 yr=  0  nz=0.01 flt=0.00 dmap=+1/-0 shz=3.9 plan=30 cmd=(lx=+0.00,ly=+0.40,rx=+0.00)
  t=  9.1 DWA-F pos=(+0.12,+0.04) yaw=-155.6 d=5.70 goal_err=-56 carrot_err= -21 c0=2.45 clear=1.00 prog=0.20 rel=0.97 bal=+0.39 obs=169 hard=166 obsc=179 yr=  0  nz=0.03 flt=0.01 dmap=+0/-0 shz=3.9 plan=30 cmd=(lx=+0.00,ly=+0.40,rx=+0.00)
  t=  9.5 DWA-F pos=(+0.07,+0.02) yaw=-155.6 d=5.67 goal_err=-57 carrot_err= -23 c0=2.40 clear=1.00 prog=0.20 rel=0.94 bal=+0.39 obs=169 hard=166 obsc=181 yr=  0  nz=0.06 flt=0.00 dmap=+0/-0 shz=3.9 plan=29 cmd=(lx=+0.00,ly=+0.40,rx=+0.00)
  t= 10.0 DWA-F pos=(+0.03,-0.00) yaw=-155.6 d=5.64 goal_err=-57 carrot_err= -24 c0=2.35 clear=1.00 prog=0.20 rel=0.92 bal=+0.39 obs=171 hard=170 obsc=182 yr=  0  nz=0.08 flt=0.00 dmap=+0/-0 shz=3.9 plan=29 cmd=(lx=+0.00,ly=+0.40,rx=+0.00)
  t= 10.4 DWA-F pos=(-0.02,-0.02) yaw=-155.6 d=5.62 goal_err=-57 carrot_err= -26 c0=2.31 clear=1.00 prog=0.20 rel=0.92 bal=+0.41 obs=174 hard=172 obsc=184 yr=  0  nz=0.08 flt=0.02 dmap=+3/-0 shz=3.9 plan=29 cmd=(lx=+0.00,ly=+0.40,rx=+0.00)
  t= 10.8 DWA-F pos=(-0.06,-0.04) yaw=-155.6 d=5.60 goal_err=-58 carrot_err= -27 c0=2.27 clear=1.00 prog=0.20 rel=0.92 bal=+0.42 obs=174 hard=172 obsc=184 yr=  0  nz=0.08 flt=0.00 dmap=+0/-0 shz=3.9 plan=29 cmd=(lx=+0.00,ly=+0.40,rx=+0.00)
  t= 11.3 DWA-F pos=(-0.11,-0.06) yaw=-155.6 d=5.57 goal_err=-58 carrot_err= -28 c0=2.21 clear=1.00 prog=0.19 rel=0.92 bal=+0.44 obs=175 hard=173 obsc=185 yr=  0  nz=0.08 flt=0.01 dmap=+0/-0 shz=3.9 plan=29 cmd=(lx=+0.00,ly=+0.40,rx=+0.00)
  t= 11.7 DWA-F pos=(-0.15,-0.08) yaw=-155.6 d=5.54 goal_err=-59 carrot_err= -30 c0=2.17 clear=1.00 prog=0.19 rel=0.91 bal=+0.46 obs=177 hard=174 obsc=186 yr=  0  nz=0.09 flt=0.00 dmap=+1/-0 shz=3.9 plan=29 cmd=(lx=+0.00,ly=+0.40,rx=+0.00)
  t= 12.1 DWA-F pos=(-0.19,-0.10) yaw=-155.6 d=5.52 goal_err=-59 carrot_err= -31 c0=2.12 clear=1.00 prog=0.19 rel=0.92 bal=+0.47 obs=178 hard=174 obsc=186 yr=  0  nz=0.09 flt=0.01 dmap=+0/-0 shz=3.9 plan=29 cmd=(lx=+0.00,ly=+0.40,rx=+0.00)
  t= 12.6 DWA-F pos=(-0.23,-0.11) yaw=-155.6 d=5.50 goal_err=-59 carrot_err= -33 c0=2.08 clear=1.00 prog=0.19 rel=0.92 bal=+0.49 obs=179 hard=174 obsc=187 yr=  0  nz=0.08 flt=0.02 dmap=+0/-0 shz=3.9 plan=28 cmd=(lx=+0.00,ly=+0.40,rx=+0.00)
  t= 13.0 DWA-F pos=(-0.28,-0.14) yaw=-155.6 d=5.47 goal_err=-60 carrot_err= -35 c0=2.02 clear=1.00 prog=0.18 rel=0.92 bal=+0.49 obs=179 hard=176 obsc=187 yr=  0  nz=0.08 flt=0.00 dmap=+0/-0 shz=3.9 plan=28 cmd=(lx=+0.00,ly=+0.40,rx=+0.00)
  t= 13.4 DWA-F pos=(-0.32,-0.16) yaw=-155.6 d=5.45 goal_err=-60 carrot_err= -37 c0=1.98 clear=1.00 prog=0.18 rel=0.91 bal=+0.50 obs=179 hard=176 obsc=187 yr=  0  nz=0.09 flt=0.01 dmap=+1/-0 shz=3.9 plan=28 cmd=(lx=+0.00,ly=+0.40,rx=+0.45)
  t= 13.9 DWA-F pos=(-0.36,-0.17) yaw=-160.4 d=5.43 goal_err=-56 carrot_err= -31 c0=1.94 clear=1.00 prog=0.18 rel=0.91 bal=+0.50 obs=180 hard=177 obsc=188 yr= 14  nz=0.09 flt=0.24 dmap=+0/-0 shz=3.9 plan=27 cmd=(lx=+0.00,ly=+0.40,rx=+0.00)
  t= 14.3 DWA-F pos=(-0.41,-0.19) yaw=-160.4 d=5.39 goal_err=-56 carrot_err= -33 c0=1.88 clear=1.00 prog=0.20 rel=0.91 bal=+0.53 obs=179 hard=177 obsc=189 yr=  0  nz=0.09 flt=0.02 dmap=+0/-0 shz=3.9 plan=27 cmd=(lx=+0.00,ly=+0.40,rx=+0.00)
  t= 14.7 DWA-F pos=(-0.45,-0.21) yaw=-160.4 d=5.37 goal_err=-57 carrot_err= -35 c0=1.84 clear=1.00 prog=0.19 rel=0.91 bal=+0.53 obs=183 hard=178 obsc=191 yr=  0  nz=0.09 flt=0.00 dmap=+2/-0 shz=3.9 plan=27 cmd=(lx=+0.00,ly=+0.40,rx=+0.00)
  t= 15.2 DWA-F pos=(-0.50,-0.22) yaw=-160.4 d=5.35 goal_err=-57 carrot_err= -37 c0=1.79 clear=1.00 prog=0.19 rel=0.91 bal=+0.54 obs=183 hard=179 obsc=193 yr=  0  nz=0.09 flt=0.01 dmap=+0/-0 shz=3.9 plan=27 cmd=(lx=+0.00,ly=+0.40,rx=+0.45)
  t= 15.6 DWA-F pos=(-0.54,-0.24) yaw=-165.2 d=5.32 goal_err=-53 carrot_err= -42 c0=1.75 clear=1.00 prog=0.20 rel=0.91 bal=+0.54 obs=183 hard=179 obsc=193 yr= 14G nz=0.09 flt=0.12 dmap=+0/-0 shz=3.9 plan=26 cmd=(lx=+0.00,ly=+0.40,rx=+0.45)
  t= 16.0 DWA-F pos=(-0.58,-0.25) yaw=-171.7 d=5.29 goal_err=-47 carrot_err= -37 c0=1.88 clear=1.00 prog=0.20 rel=0.92 bal=+0.55 obs=198 hard=188 obsc=214 yr= 15  nz=0.08 flt=0.15 dmap=+16/-1 shz=3.9 plan=26 cmd=(lx=+0.00,ly=+0.40,rx=+0.00)
  t= 16.5 DWA-F pos=(-0.64,-0.25) yaw=-173.3 d=5.25 goal_err=-46 carrot_err= -37 c0=1.83 clear=1.00 prog=0.22 rel=0.90 bal=+0.55 obs=200 hard=192 obsc=214 yr=  0  nz=0.10 flt=0.01 dmap=+0/-0 shz=4.0 plan=26 cmd=(lx=+0.00,ly=+0.40,rx=+0.00)
  t= 16.9 DWA-F pos=(-0.68,-0.26) yaw=-173.3 d=5.22 goal_err=-46 carrot_err= -39 c0=1.87 clear=1.00 prog=0.23 rel=0.91 bal=+0.51 obs=202 hard=194 obsc=214 yr=  0G nz=0.09 flt=0.00 dmap=+0/-0 shz=4.0 plan=26 cmd=(lx=+0.00,ly=+0.40,rx=+0.45)
  t= 17.4 DWA-F pos=(-0.72,-0.26) yaw=-176.5 d=5.19 goal_err=-43 carrot_err= -38 c0=1.83 clear=1.00 prog=0.24 rel=0.94 bal=+0.52 obs=203 hard=198 obsc=216 yr=  0  nz=0.06 flt=0.00 dmap=+0/-0 shz=4.0 plan=26 cmd=(lx=+0.00,ly=+0.40,rx=+0.00)
  t= 17.8 DWA-F pos=(-0.77,-0.26) yaw=-179.7 d=5.16 goal_err=-40 carrot_err= -37 c0=1.79 clear=1.00 prog=0.25 rel=0.94 bal=+0.53 obs=200 hard=193 obsc=213 yr= 15  nz=0.06 flt=0.13 dmap=+3/-1 shz=3.9 plan=26 cmd=(lx=+0.00,ly=+0.40,rx=+0.00)
  t= 18.2 DWA-F pos=(-0.82,-0.26) yaw=+178.7 d=5.12 goal_err=-39 carrot_err= -37 c0=1.92 clear=1.00 prog=0.26 rel=0.90 bal=+0.54 obs=199 hard=194 obsc=212 yr=  0  nz=0.10 flt=0.00 dmap=+0/-1 shz=4.0 plan=26 cmd=(lx=+0.00,ly=+0.40,rx=+0.45)
  t= 18.7 DWA-F pos=(-0.87,-0.26) yaw=+177.1 d=5.08 goal_err=-38 carrot_err= -29 c0=1.93 clear=1.00 prog=0.27 rel=0.89 bal=+0.53 obs=198 hard=193 obsc=210 yr=  0  nz=0.11 flt=0.00 dmap=+0/-0 shz=3.9 plan=25 cmd=(lx=+0.00,ly=+0.40,rx=+0.00)
  t= 19.1 DWA-F pos=(-0.91,-0.26) yaw=+177.1 d=5.05 goal_err=-38 carrot_err= -31 c0=1.89 clear=1.00 prog=0.28 rel=0.91 bal=+0.52 obs=197 hard=192 obsc=209 yr=  0  nz=0.09 flt=0.01 dmap=+0/-0 shz=4.0 plan=25 cmd=(lx=+0.00,ly=+0.40,rx=+0.00)
  t= 19.5 DWA-F pos=(-0.96,-0.26) yaw=+177.1 d=5.01 goal_err=-38 carrot_err= -32 c0=1.84 clear=1.00 prog=0.28 rel=0.95 bal=+0.50 obs=198 hard=192 obsc=209 yr=  0  nz=0.05 flt=0.00 dmap=+1/-0 shz=3.9 plan=25 cmd=(lx=+0.00,ly=+0.40,rx=+0.00)
  t= 20.0 DWA-F pos=(-1.01,-0.25) yaw=+177.1 d=4.97 goal_err=-39 carrot_err= -37 c0=1.79 clear=1.00 prog=0.28 rel=0.92 bal=+0.33 obs=199 hard=192 obsc=210 yr=  0  nz=0.08 flt=0.00 dmap=+0/-0 shz=4.0 plan=24 cmd=(lx=+0.00,ly=+0.40,rx=+0.00)
  t= 20.4 DWA-F pos=(-1.06,-0.25) yaw=+177.1 d=4.93 goal_err=-39 carrot_err= -38 c0=1.74 clear=1.00 prog=0.28 rel=0.91 bal=+0.32 obs=199 hard=191 obsc=210 yr=  0G nz=0.09 flt=0.00 dmap=+0/-0 shz=3.9 plan=24 cmd=(lx=+0.00,ly=+0.40,rx=+0.45)
  t= 20.8 DWA-F pos=(-1.10,-0.25) yaw=+173.9 d=4.90 goal_err=-36 carrot_err= -37 c0=1.70 clear=1.00 prog=0.28 rel=0.91 bal=+0.30 obs=199 hard=194 obsc=211 yr=  0  nz=0.09 flt=0.00 dmap=+1/-1 shz=3.9 plan=24 cmd=(lx=+0.00,ly=+0.40,rx=+0.00)
  t= 21.3 DWA-F pos=(-1.14,-0.24) yaw=+170.7 d=4.86 goal_err=-33 carrot_err= -35 c0=1.66 clear=1.00 prog=0.28 rel=0.92 bal=+0.29 obs=201 hard=191 obsc=212 yr= 15  nz=0.08 flt=0.11 dmap=+2/-0 shz=4.0 plan=24 cmd=(lx=+0.00,ly=+0.40,rx=+0.00)
  t= 21.7 DWA-F pos=(-1.20,-0.23) yaw=+170.7 d=4.81 goal_err=-34 carrot_err= -29 c0=1.60 clear=1.00 prog=0.29 rel=0.92 bal=+0.28 obs=201 hard=195 obsc=212 yr=  0  nz=0.09 flt=0.01 dmap=+0/-0 shz=3.9 plan=23 cmd=(lx=+0.00,ly=+0.40,rx=+0.00)
  t= 22.1 DWA-F pos=(-1.24,-0.23) yaw=+170.7 d=4.78 goal_err=-34 carrot_err= -30 c0=1.56 clear=1.00 prog=0.29 rel=0.92 bal=+0.27 obs=200 hard=195 obsc=212 yr=  0  nz=0.08 flt=0.01 dmap=+0/-0 shz=4.0 plan=23 cmd=(lx=+0.00,ly=+0.40,rx=+0.00)
  t= 22.6 DWA-F pos=(-1.29,-0.22) yaw=+170.7 d=4.74 goal_err=-34 carrot_err= -32 c0=1.51 clear=1.00 prog=0.29 rel=0.91 bal=+0.26 obs=197 hard=193 obsc=210 yr=  0  nz=0.09 flt=0.01 dmap=+0/-2 shz=3.9 plan=23 cmd=(lx=+0.00,ly=+0.40,rx=+0.00)
  t= 23.0 DWA-F pos=(-1.33,-0.21) yaw=+170.7 d=4.70 goal_err=-34 carrot_err= -16 c0=1.47 clear=0.98 prog=0.29 rel=0.92 bal=+0.25 obs=199 hard=192 obsc=210 yr=  0  nz=0.08 flt=0.01 dmap=+0/-0 shz=4.0 plan=22 cmd=(lx=+0.00,ly=+0.40,rx=+0.00)
  t= 23.5 DWA-F pos=(-1.39,-0.20) yaw=+170.7 d=4.66 goal_err=-35 carrot_err= -17 c0=1.41 clear=0.94 prog=0.30 rel=0.92 bal=+0.24 obs=199 hard=192 obsc=210 yr=  0  nz=0.08 flt=0.01 dmap=+0/-0 shz=3.9 plan=22 cmd=(lx=+0.00,ly=+0.40,rx=+0.00)
  t= 23.9 DWA-F pos=(-1.43,-0.20) yaw=+170.7 d=4.62 goal_err=-35 carrot_err= -18 c0=1.37 clear=0.91 prog=0.30 rel=0.90 bal=+0.24 obs=200 hard=196 obsc=211 yr=  0  nz=0.10 flt=0.02 dmap=+0/-0 shz=4.0 plan=22 cmd=(lx=+0.00,ly=+0.40,rx=+0.00)
  t= 24.3 DWA-F pos=(-1.47,-0.19) yaw=+170.7 d=4.59 goal_err=-35 carrot_err= -19 c0=1.33 clear=0.88 prog=0.29 rel=0.91 bal=+0.10 obs=199 hard=194 obsc=209 yr=  0  nz=0.09 flt=0.00 dmap=+0/-0 shz=4.0 plan=22 cmd=(lx=+0.00,ly=+0.40,rx=+0.00)
  t= 24.8 DWA-F pos=(-1.52,-0.18) yaw=+170.7 d=4.55 goal_err=-36 carrot_err= -20 c0=1.28 clear=0.85 prog=0.29 rel=0.91 bal=+0.09 obs=199 hard=194 obsc=209 yr=  0  nz=0.09 flt=0.01 dmap=+0/-0 shz=3.9 plan=22 cmd=(lx=+0.00,ly=+0.40,rx=+0.00)
  t= 25.2 DWA-F pos=(-1.57,-0.17) yaw=+170.7 d=4.50 goal_err=-36 carrot_err= -21 c0=1.23 clear=0.82 prog=0.31 rel=0.91 bal=+0.09 obs=201 hard=196 obsc=212 yr=  0  nz=0.09 flt=0.00 dmap=+0/-0 shz=4.0 plan=22 cmd=(lx=+0.00,ly=+0.40,rx=+0.00)
  t= 25.6 DWA-F pos=(-1.62,-0.17) yaw=+170.7 d=4.47 goal_err=-37 carrot_err= -27 c0=1.18 clear=0.79 prog=0.29 rel=0.92 bal=+0.09 obs=202 hard=195 obsc=212 yr=  0  nz=0.08 flt=0.01 dmap=+2/-0 shz=3.9 plan=22 cmd=(lx=+0.00,ly=+0.40,rx=+0.00)
  t= 26.1 DWA-F pos=(-1.66,-0.16) yaw=+170.7 d=4.43 goal_err=-37 carrot_err= -28 c0=1.14 clear=0.76 prog=0.29 rel=0.92 bal=+0.09 obs=201 hard=195 obsc=211 yr=  0  nz=0.08 flt=0.02 dmap=+0/-0 shz=4.0 plan=21 cmd=(lx=+0.00,ly=+0.40,rx=+0.00)
  t= 26.5 DWA-F pos=(-1.70,-0.15) yaw=+170.7 d=4.40 goal_err=-37 carrot_err= -29 c0=1.10 clear=0.73 prog=0.29 rel=0.92 bal=+0.09 obs=202 hard=198 obsc=212 yr=  0  nz=0.08 flt=0.00 dmap=+0/-0 shz=3.9 plan=21 cmd=(lx=+0.00,ly=+0.40,rx=+0.00)
  t= 26.9 DWA-F pos=(-1.75,-0.14) yaw=+170.7 d=4.36 goal_err=-38 carrot_err= -32 c0=1.05 clear=0.70 prog=0.29 rel=0.93 bal=+0.09 obs=198 hard=195 obsc=210 yr=  0  nz=0.07 flt=0.00 dmap=+0/-0 shz=4.0 plan=21 cmd=(lx=+0.00,ly=+0.40,rx=+0.00)
  t= 27.4 DWA-F pos=(-1.80,-0.14) yaw=+170.7 d=4.32 goal_err=-38 carrot_err= -33 c0=1.00 clear=0.67 prog=0.29 rel=0.93 bal=+0.08 obs=200 hard=195 obsc=211 yr=  0  nz=0.07 flt=0.01 dmap=+1/-0 shz=4.0 plan=21 cmd=(lx=+0.00,ly=+0.40,rx=+0.45)
  t= 27.8 DWA-F pos=(-1.85,-0.13) yaw=+169.1 d=4.28 goal_err=-37 carrot_err= -24 c0=0.96 clear=0.64 prog=0.29 rel=0.93 bal=+0.07 obs=204 hard=196 obsc=214 yr=  0  nz=0.07 flt=0.13 dmap=+0/-0 shz=4.0 plan=20 cmd=(lx=+0.00,ly=+0.40,rx=+0.00)
  t= 28.2 DWA-F pos=(-1.89,-0.12) yaw=+169.1 d=4.25 goal_err=-37 carrot_err= -25 c0=0.91 clear=0.61 prog=0.29 rel=0.92 bal=+0.06 obs=205 hard=197 obsc=215 yr=  0  nz=0.08 flt=0.01 dmap=+0/-0 shz=4.0 plan=20 cmd=(lx=+0.00,ly=+0.40,rx=+0.00)
  t= 28.6 DWA-F pos=(-1.93,-0.11) yaw=+169.1 d=4.21 goal_err=-37 carrot_err= -28 c0=0.87 clear=0.58 prog=0.29 rel=0.93 bal=+0.06 obs=206 hard=200 obsc=217 yr=  0  nz=0.07 flt=0.00 dmap=+2/-1 shz=3.9 plan=20 cmd=(lx=+0.00,ly=+0.40,rx=+0.00)
  t= 29.1 DWA-F pos=(-1.99,-0.10) yaw=+169.1 d=4.17 goal_err=-38 carrot_err= -21 c0=0.82 clear=0.55 prog=0.29 rel=0.92 bal=+0.06 obs=207 hard=200 obsc=217 yr=  0  nz=0.08 flt=0.02 dmap=+1/-0 shz=4.0 plan=19 cmd=(lx=+0.00,ly=+0.40,rx=+0.00)
  t= 29.5 DWA-F pos=(-2.03,-0.09) yaw=+169.1 d=4.13 goal_err=-38 carrot_err= -22 c0=0.78 clear=0.52 prog=0.29 rel=0.91 bal=+0.06 obs=205 hard=201 obsc=218 yr=  0  nz=0.09 flt=0.01 dmap=+0/-0 shz=3.9 plan=19 cmd=(lx=+0.00,ly=+0.40,rx=+0.00)
  t= 29.9 DWA-F pos=(-2.07,-0.08) yaw=+169.1 d=4.10 goal_err=-39 carrot_err= -23 c0=0.73 clear=0.49 prog=0.29 rel=0.92 bal=+0.06 obs=207 hard=200 obsc=217 yr=  0  nz=0.08 flt=0.01 dmap=+0/-0 shz=4.0 plan=19 cmd=(lx=+0.00,ly=+0.40,rx=+0.00)
  t= 30.4 DWA-F pos=(-2.12,-0.07) yaw=+169.1 d=4.06 goal_err=-39 carrot_err= -27 c0=0.69 clear=0.46 prog=0.28 rel=0.92 bal=-0.50 obs=207 hard=201 obsc=219 yr=  0  nz=0.08 flt=0.02 dmap=+0/-1 shz=4.0 plan=19 cmd=(lx=+0.00,ly=+0.40,rx=+0.00)
  t= 30.8 DWA-F pos=(-2.16,-0.07) yaw=+169.1 d=4.03 goal_err=-40 carrot_err= -28 c0=0.65 clear=0.43 prog=0.28 rel=0.92 bal=-0.52 obs=209 hard=202 obsc=219 yr=  0  nz=0.08 flt=0.00 dmap=+0/-0 shz=4.0 plan=18 cmd=(lx=+0.00,ly=+0.40,rx=+0.00)
  t= 31.2 DWA-F pos=(-2.22,-0.06) yaw=+169.1 d=3.99 goal_err=-40 carrot_err= -29 c0=0.60 clear=0.40 prog=0.28 rel=0.91 bal=-0.54 obs=210 hard=202 obsc=220 yr=  0  nz=0.09 flt=0.01 dmap=+0/-0 shz=4.0 plan=18 cmd=(lx=+0.00,ly=+0.40,rx=+0.00)
  t= 31.7 DWA-F pos=(-2.26,-0.05) yaw=+169.1 d=3.95 goal_err=-40 carrot_err= -30 c0=0.76 clear=0.50 prog=0.28 rel=0.90 bal=-0.54 obs=211 hard=204 obsc=221 yr=  0G nz=0.10 flt=0.01 dmap=+0/-0 shz=3.9 plan=18 cmd=(lx=+0.00,ly=+0.40,rx=+0.45)
  t= 32.1 DWA-F pos=(-2.30,-0.04) yaw=+165.9 d=3.92 goal_err=-38 carrot_err= -28 c0=0.90 clear=0.60 prog=0.28 rel=0.84 bal=-0.54 obs=213 hard=206 obsc=224 yr=  0  nz=0.16 flt=0.01 dmap=+1/-1 shz=4.0 plan=18 cmd=(lx=+0.00,ly=+0.40,rx=+0.00)
  t= 32.5 DWA-F pos=(-2.35,-0.03) yaw=+165.9 d=3.88 goal_err=-38 carrot_err= -30 c0=0.85 clear=0.57 prog=0.28 rel=0.83 bal=-0.60 obs=214 hard=204 obsc=225 yr=  0  nz=0.17 flt=0.01 dmap=+0/-0 shz=3.9 plan=18 cmd=(lx=+0.00,ly=+0.40,rx=+0.00)
  t= 33.0 DWA-F pos=(-2.40,-0.01) yaw=+161.1 d=3.84 goal_err=-34 carrot_err= -27 c0=0.80 clear=0.53 prog=0.30 rel=0.90 bal=-0.53 obs=213 hard=207 obsc=226 yr= 30G nz=0.10 flt=0.01 dmap=+0/-0 shz=4.0 plan=18 cmd=(lx=+0.00,ly=+0.40,rx=+0.00)
  t= 33.4 DWA-F pos=(-2.44,+0.00) yaw=+159.5 d=3.80 goal_err=-32 carrot_err= -26 c0=0.76 clear=0.51 prog=0.29 rel=0.92 bal=-0.52 obs=214 hard=206 obsc=225 yr=  0  nz=0.09 flt=0.01 dmap=+1/-1 shz=4.0 plan=18 cmd=(lx=+0.00,ly=+0.40,rx=+0.00)
  t= 33.8 DWA-F pos=(-2.48,+0.02) yaw=+159.5 d=3.77 goal_err=-33 carrot_err= -28 c0=0.72 clear=0.48 prog=0.29 rel=0.91 bal=-0.49 obs=212 hard=204 obsc=225 yr=  0  nz=0.09 flt=0.03 dmap=+0/-0 shz=4.0 plan=17 cmd=(lx=+0.00,ly=+0.40,rx=+0.00)
  t= 34.3 DWA-F pos=(-2.52,+0.03) yaw=+156.3 d=3.73 goal_err=-30 carrot_err= -26 c0=1.09 clear=0.72 prog=0.30 rel=0.92 bal=-0.49 obs=213 hard=206 obsc=225 yr= 16  nz=0.08 flt=0.13 dmap=+0/-0 shz=4.0 plan=17 cmd=(lx=+0.00,ly=+0.40,rx=+0.00)
  t= 34.7 ENG-F pos=(-2.57,+0.05) yaw=+156.3 d=3.69 goal_err=-30 carrot_err= -26 c0=1.05 clear=0.70 prog=0.31 rel=0.79 bal=-0.36 obs=213 hard=206 obsc=226 yr=  0  nz=0.21 flt=0.00 dmap=+2/-2 shz=4.0 plan=17 cmd=(lx=+0.00,ly=+0.28,rx=+0.00)
  t= 35.1 ENG-F pos=(-2.60,+0.07) yaw=+156.3 d=3.66 goal_err=-31 carrot_err= -27 c0=1.01 clear=0.67 prog=0.28 rel=0.74 bal=-0.36 obs=213 hard=207 obsc=226 yr=  0  nz=0.26 flt=0.02 dmap=+0/-0 shz=4.0 plan=17 cmd=(lx=+0.00,ly=+0.28,rx=+0.00)
  t= 35.5 ENG-F pos=(-2.63,+0.08) yaw=+156.3 d=3.63 goal_err=-31 carrot_err= -28 c0=0.97 clear=0.65 prog=0.27 rel=0.76 bal=-0.36 obs=218 hard=208 obsc=229 yr=  0  nz=0.24 flt=0.01 dmap=+0/-0 shz=4.0 plan=17 cmd=(lx=+0.00,ly=+0.28,rx=+0.00)
  t= 36.0 ENG-F pos=(-2.67,+0.10) yaw=+156.3 d=3.59 goal_err=-31 carrot_err= -29 c0=0.93 clear=0.62 prog=0.28 rel=0.81 bal=-0.36 obs=217 hard=208 obsc=228 yr=  0  nz=0.19 flt=0.02 dmap=+0/-0 shz=4.0 plan=17 cmd=(lx=+0.00,ly=+0.28,rx=+0.00)
  t= 36.4 ENG-F pos=(-2.71,+0.11) yaw=+156.3 d=3.56 goal_err=-32 carrot_err= -21 c0=0.90 clear=0.60 prog=0.26 rel=0.92 bal=-0.36 obs=215 hard=208 obsc=228 yr=  0  nz=0.08 flt=0.00 dmap=+0/-0 shz=4.0 plan=17 cmd=(lx=+0.00,ly=+0.28,rx=+0.00)
  t= 36.8 ENG-F pos=(-2.74,+0.13) yaw=+156.3 d=3.53 goal_err=-32 carrot_err= -22 c0=0.86 clear=0.57 prog=0.25 rel=0.92 bal=-0.36 obs=216 hard=208 obsc=228 yr=  0  nz=0.08 flt=0.00 dmap=+0/-0 shz=4.0 plan=16 cmd=(lx=+0.00,ly=+0.28,rx=+0.00)
  t= 37.3 ENG-F pos=(-2.77,+0.14) yaw=+156.3 d=3.50 goal_err=-32 carrot_err= -23 c0=0.83 clear=0.55 prog=0.25 rel=0.92 bal=-0.29 obs=216 hard=210 obsc=228 yr=  0  nz=0.08 flt=0.03 dmap=+0/-1 shz=3.9 plan=16 cmd=(lx=+0.00,ly=+0.28,rx=+0.00)
  t= 37.7 ENG-F pos=(-2.81,+0.16) yaw=+156.3 d=3.46 goal_err=-33 carrot_err= -23 c0=0.79 clear=0.53 prog=0.25 rel=0.93 bal=-0.30 obs=216 hard=211 obsc=229 yr=  0  nz=0.07 flt=0.00 dmap=+0/-1 shz=4.0 plan=16 cmd=(lx=+0.00,ly=+0.28,rx=+0.00)
  t= 38.1 ENG-F pos=(-2.84,+0.17) yaw=+156.3 d=3.43 goal_err=-33 carrot_err= -24 c0=0.76 clear=0.51 prog=0.24 rel=0.93 bal=-0.30 obs=218 hard=213 obsc=230 yr=  0  nz=0.07 flt=0.01 dmap=+0/-0 shz=3.9 plan=16 cmd=(lx=+0.00,ly=+0.28,rx=+0.00)
  t= 38.5 ENG-F pos=(-2.88,+0.19) yaw=+156.3 d=3.40 goal_err=-33 carrot_err= -26 c0=0.72 clear=0.48 prog=0.25 rel=0.93 bal=-0.31 obs=220 hard=213 obsc=231 yr=  0  nz=0.07 flt=0.01 dmap=+1/-0 shz=3.9 plan=16 cmd=(lx=+0.00,ly=+0.28,rx=+0.00)
  t= 39.0 ENG-T pos=(-2.91,+0.21) yaw=+156.3 d=3.37 goal_err=-34 carrot_err= -27 c0=0.69 clear=0.46 prog=0.25 rel=0.92 bal=-0.19 obs=220 hard=214 obsc=232 yr=  0  nz=0.08 flt=0.01 dmap=+1/-1 shz=4.0 plan=16 cmd=(lx=+0.00,ly=+0.00,rx=+0.45)
  t= 39.4 ENG-F pos=(-2.93,+0.21) yaw=+153.0 d=3.35 goal_err=-31 carrot_err= -24 c0=0.70 clear=0.46 prog=0.22 rel=0.94 bal=-0.19 obs=221 hard=215 obsc=233 yr=  0  nz=0.06 flt=0.12 dmap=+0/-0 shz=4.0 plan=16 cmd=(lx=+0.00,ly=+0.28,rx=+0.00)
  t= 39.8 ENG-F pos=(-2.96,+0.23) yaw=+153.0 d=3.32 goal_err=-31 carrot_err= -26 c0=0.66 clear=0.44 prog=0.22 rel=0.95 bal=-0.20 obs=222 hard=215 obsc=233 yr=  0  nz=0.05 flt=0.01 dmap=+0/-0 shz=4.0 plan=16 cmd=(lx=+0.00,ly=+0.28,rx=+0.00)
  t= 40.2 ENG-F pos=(-2.99,+0.24) yaw=+151.4 d=3.30 goal_err=-30 carrot_err= -25 c0=0.63 clear=0.42 prog=0.21 rel=0.96 bal=-0.20 obs=222 hard=215 obsc=233 yr= 15G nz=0.04 flt=0.01 dmap=+0/-0 shz=4.0 plan=16 cmd=(lx=+0.00,ly=+0.28,rx=+0.00)
  t= 40.7 ENG-F pos=(-3.00,+0.25) yaw=+148.2 d=3.28 goal_err=-26 carrot_err= -22 c0=0.62 clear=0.41 prog=0.17 rel=0.95 bal=-0.23 obs=222 hard=216 obsc=233 yr=  0  nz=0.05 flt=0.00 dmap=+0/-0 shz=4.0 plan=16 cmd=(lx=+0.00,ly=+0.28,rx=+0.00)
  t= 41.1 ENG-F pos=(-3.04,+0.27) yaw=+148.2 d=3.24 goal_err=-27 carrot_err= -24 c0=0.57 clear=0.38 prog=0.20 rel=0.94 bal=-0.24 obs=220 hard=212 obsc=232 yr=  0  nz=0.06 flt=0.00 dmap=+0/-0 shz=4.0 plan=16 cmd=(lx=+0.00,ly=+0.28,rx=+0.00)
  t= 41.5 ENG-T pos=(-3.07,+0.29) yaw=+148.2 d=3.21 goal_err=-27 carrot_err= -25 c0=0.54 clear=0.36 prog=0.22 rel=0.93 bal=-0.25 obs=220 hard=215 obsc=234 yr=  0  nz=0.07 flt=0.01 dmap=+1/-1 shz=4.0 plan=16 cmd=(lx=+0.00,ly=+0.00,rx=+0.45)
  t= 42.0 ENG-F pos=(-3.08,+0.30) yaw=+145.0 d=3.19 goal_err=-24 carrot_err= -23 c0=0.52 clear=0.35 prog=0.19 rel=0.92 bal=-0.25 obs=220 hard=215 obsc=234 yr=  0  nz=0.08 flt=0.12 dmap=+0/-0 shz=4.0 plan=16 cmd=(lx=+0.00,ly=+0.28,rx=+0.00)
  t= 42.4 ENG-T pos=(-3.11,+0.32) yaw=+145.0 d=3.16 goal_err=-24 carrot_err= -19 c0=0.56 clear=0.37 prog=0.23 rel=0.95 bal=-0.20 obs=219 hard=213 obsc=233 yr=  0  nz=0.05 flt=0.00 dmap=+0/-0 shz=4.0 plan=16 cmd=(lx=+0.00,ly=+0.00,rx=+0.45)
  t= 42.8 ENG-F pos=(-3.13,+0.33) yaw=+141.8 d=3.15 goal_err=-21 carrot_err= -16 c0=0.54 clear=0.36 prog=0.19 rel=0.96 bal=-0.19 obs=218 hard=213 obsc=231 yr=  0  nz=0.04 flt=0.00 dmap=+0/-1 shz=3.9 plan=16 cmd=(lx=+0.00,ly=+0.28,rx=+0.00)
  t= 43.2 ENG-T pos=(-3.16,+0.36) yaw=+141.8 d=3.11 goal_err=-21 carrot_err= -17 c0=0.69 clear=0.46 prog=0.20 rel=0.96 bal=+0.44 obs=218 hard=214 obsc=232 yr=  0  nz=0.04 flt=0.00 dmap=+1/-3 shz=4.0 plan=15 cmd=(lx=+0.00,ly=+0.00,rx=+0.45)
  t= 43.7 ENG-F pos=(-3.17,+0.37) yaw=+138.6 d=3.09 goal_err=-18 carrot_err= -14 c0=0.67 clear=0.45 prog=0.18 rel=0.89 bal=+0.44 obs=226 hard=217 obsc=237 yr=  0  nz=0.11 flt=0.13 dmap=+0/-0 shz=3.9 plan=15 cmd=(lx=+0.00,ly=+0.28,rx=+0.00)
  t= 44.1 ENG-F pos=(-3.19,+0.38) yaw=+137.0 d=3.07 goal_err=-17 carrot_err= -13 c0=0.65 clear=0.43 prog=0.18 rel=0.89 bal=+0.45 obs=226 hard=220 obsc=238 yr= 15G nz=0.11 flt=0.01 dmap=+0/-0 shz=4.0 plan=15 cmd=(lx=+0.00,ly=+0.28,rx=+0.00)
  t= 44.5 ENG-F pos=(-3.20,+0.40) yaw=+135.4 d=3.05 goal_err=-15 carrot_err= -12 c0=1.08 clear=0.72 prog=0.18 rel=0.72 bal=+0.47 obs=225 hard=221 obsc=237 yr=  0  nz=0.28 flt=0.01 dmap=+0/-1 shz=4.0 plan=15 cmd=(lx=+0.00,ly=+0.28,rx=+0.00)
  t= 45.0 ENG-F pos=(-3.22,+0.41) yaw=+133.8 d=3.03 goal_err=-14 carrot_err= -11 c0=1.06 clear=0.70 prog=0.17 rel=0.68 bal=+0.48 obs=226 hard=222 obsc=238 yr= 15G nz=0.32 flt=0.00 dmap=+0/-0 shz=3.9 plan=15 cmd=(lx=+0.00,ly=+0.28,rx=+0.00)
  t= 45.4 ENG-T pos=(-3.23,+0.43) yaw=+132.2 d=3.01 goal_err=-12 carrot_err=  -9 c0=1.30 clear=0.87 prog=0.16 rel=0.61 bal=+0.49 obs=227 hard=221 obsc=239 yr=  0  nz=0.39 flt=0.02 dmap=+0/-0 shz=4.0 plan=15 cmd=(lx=+0.00,ly=+0.00,rx=+0.45)
  t= 45.8 ENG-GO pos=(-3.24,+0.44) yaw=+129.0 d=3.00 goal_err=-9 carrot_err=  -6 c0=1.39 clear=0.92 prog=0.15 rel=0.73 bal=-0.12 obs=228 hard=222 obsc=239 yr=  0  nz=0.27 flt=0.00 dmap=+0/-0 shz=3.9 plan=15 cmd=(lx=+0.00,ly=+0.28,rx=+0.00)
  t= 46.2 ENG-GO pos=(-3.26,+0.46) yaw=+129.0 d=2.96 goal_err=-9 carrot_err=  -7 c0=1.35 clear=0.90 prog=0.18 rel=0.70 bal=-0.12 obs=227 hard=222 obsc=239 yr=  0  nz=0.30 flt=0.01 dmap=+0/-0 shz=4.0 plan=15 cmd=(lx=+0.00,ly=+0.28,rx=+0.00)
  t= 46.7 ENG-GO pos=(-3.28,+0.49) yaw=+129.0 d=2.93 goal_err=-9 carrot_err=  -7 c0=1.32 clear=0.88 prog=0.19 rel=0.72 bal=+0.52 obs=225 hard=220 obsc=239 yr=  0  nz=0.28 flt=0.01 dmap=+0/-0 shz=3.9 plan=15 cmd=(lx=+0.00,ly=+0.28,rx=+0.00)
  t= 47.1 ENG-GO pos=(-3.31,+0.52) yaw=+129.0 d=2.90 goal_err=-10 carrot_err=  -3 c0=1.29 clear=0.86 prog=0.22 rel=0.72 bal=+0.54 obs=225 hard=218 obsc=238 yr=  0  nz=0.28 flt=0.00 dmap=+0/-1 shz=3.9 plan=15 cmd=(lx=+0.00,ly=+0.28,rx=+0.00)
  t= 47.5 ENG-GO pos=(-3.33,+0.55) yaw=+129.0 d=2.86 goal_err=-10 carrot_err=  -3 c0=1.25 clear=0.84 prog=0.24 rel=0.93 bal=+0.56 obs=225 hard=218 obsc=237 yr=  0  nz=0.07 flt=0.01 dmap=+0/-1 shz=4.0 plan=15 cmd=(lx=+0.00,ly=+0.28,rx=+0.00)
  t= 47.9 ENG-GO pos=(-3.35,+0.58) yaw=+129.0 d=2.82 goal_err=-10 carrot_err=  -1 c0=1.22 clear=0.81 prog=0.27 rel=0.93 bal=+0.16 obs=223 hard=218 obsc=237 yr=  0  nz=0.07 flt=0.01 dmap=+0/-0 shz=4.0 plan=13 cmd=(lx=+0.00,ly=+0.28,rx=+0.00)
  t= 48.4 ENG-GO pos=(-3.38,+0.61) yaw=+129.0 d=2.78 goal_err=-10 carrot_err=  -1 c0=1.18 clear=0.79 prog=0.29 rel=0.92 bal=+0.02 obs=228 hard=221 obsc=241 yr=  0  nz=0.08 flt=0.00 dmap=+3/-1 shz=4.0 plan=13 cmd=(lx=+0.00,ly=+0.28,rx=+0.00)
  t= 48.8 ENG-GO pos=(-3.40,+0.64) yaw=+129.0 d=2.74 goal_err=-10 carrot_err=  -1 c0=1.14 clear=0.76 prog=0.29 rel=0.91 bal=+0.02 obs=228 hard=220 obsc=240 yr=  0  nz=0.09 flt=0.01 dmap=+2/-1 shz=4.0 plan=13 cmd=(lx=+0.00,ly=+0.28,rx=+0.00)
  t= 49.2 ENG-GO pos=(-3.42,+0.67) yaw=+129.0 d=2.71 goal_err=-10 carrot_err=  -1 c0=1.11 clear=0.74 prog=0.29 rel=0.93 bal=+0.03 obs=228 hard=221 obsc=240 yr=  0  nz=0.07 flt=0.01 dmap=+0/-0 shz=4.0 plan=13 cmd=(lx=+0.00,ly=+0.28,rx=+0.00)
  t= 49.6 ENG-GO pos=(-3.45,+0.69) yaw=+129.0 d=2.67 goal_err=-10 carrot_err=  -1 c0=1.08 clear=0.72 prog=0.29 rel=0.92 bal=-0.00 obs=225 hard=219 obsc=238 yr=  0  nz=0.08 flt=0.00 dmap=+0/-0 shz=4.0 plan=13 cmd=(lx=+0.00,ly=+0.28,rx=+0.00)
  t= 50.1 ENG-GO pos=(-3.47,+0.72) yaw=+129.0 d=2.64 goal_err=-10 carrot_err=  -1 c0=1.05 clear=0.70 prog=0.29 rel=0.93 bal=+0.04 obs=222 hard=217 obsc=234 yr=  0  nz=0.07 flt=0.01 dmap=+0/-1 shz=4.0 plan=13 cmd=(lx=+0.00,ly=+0.28,rx=+0.00)
  t= 50.5 ENG-GO pos=(-3.49,+0.75) yaw=+129.0 d=2.60 goal_err=-11 carrot_err=  -1 c0=1.01 clear=0.68 prog=0.28 rel=0.93 bal=+0.04 obs=223 hard=217 obsc=234 yr=  0  nz=0.07 flt=0.01 dmap=+0/-0 shz=4.0 plan=13 cmd=(lx=+0.00,ly=+0.28,rx=+0.00)
  t= 50.9 ENG-GO pos=(-3.52,+0.78) yaw=+129.0 d=2.57 goal_err=-11 carrot_err=  -1 c0=1.06 clear=0.71 prog=0.28 rel=0.94 bal=+0.04 obs=221 hard=218 obsc=234 yr=  0  nz=0.06 flt=0.01 dmap=+0/-0 shz=4.0 plan=13 cmd=(lx=+0.00,ly=+0.28,rx=+0.00)
  t= 51.3 ENG-GO pos=(-3.54,+0.81) yaw=+129.0 d=2.52 goal_err=-11 carrot_err=  +1 c0=1.02 clear=0.68 prog=0.29 rel=0.96 bal=+0.03 obs=224 hard=218 obsc=235 yr=  0  nz=0.04 flt=0.00 dmap=+1/-0 shz=4.0 plan=12 cmd=(lx=+0.00,ly=+0.28,rx=+0.00)
  t= 51.8 ENG-GO pos=(-3.57,+0.84) yaw=+129.0 d=2.49 goal_err=-11 carrot_err=  +1 c0=1.00 clear=0.67 prog=0.29 rel=0.95 bal=+0.03 obs=223 hard=217 obsc=235 yr=  0  nz=0.05 flt=0.00 dmap=+0/-0 shz=4.0 plan=12 cmd=(lx=+0.00,ly=+0.28,rx=+0.00)
  t= 52.2 ENG-GO pos=(-3.59,+0.87) yaw=+129.0 d=2.45 goal_err=-11 carrot_err=  +1 c0=0.97 clear=0.65 prog=0.29 rel=0.94 bal=+0.03 obs=221 hard=216 obsc=235 yr=  0  nz=0.06 flt=0.00 dmap=+0/-0 shz=4.0 plan=12 cmd=(lx=+0.00,ly=+0.28,rx=+0.00)
  t= 52.6 ENG-GO pos=(-3.61,+0.90) yaw=+129.0 d=2.42 goal_err=-11 carrot_err=  +1 c0=0.93 clear=0.62 prog=0.29 rel=0.93 bal=-0.09 obs=221 hard=216 obsc=234 yr=  0  nz=0.07 flt=0.00 dmap=+0/-2 shz=4.0 plan=12 cmd=(lx=+0.00,ly=+0.28,rx=+0.00)
  t= 53.1 ENG-GO pos=(-3.64,+0.93) yaw=+129.0 d=2.37 goal_err=-12 carrot_err=  +1 c0=0.89 clear=0.59 prog=0.29 rel=0.94 bal=-0.09 obs=222 hard=217 obsc=234 yr=  0  nz=0.06 flt=0.00 dmap=+1/-1 shz=4.0 plan=11 cmd=(lx=+0.00,ly=+0.28,rx=+0.00)
  t= 53.5 ENG-GO pos=(-3.66,+0.96) yaw=+129.0 d=2.34 goal_err=-12 carrot_err=  +1 c0=0.86 clear=0.57 prog=0.29 rel=0.92 bal=-0.09 obs=221 hard=216 obsc=233 yr=  0  nz=0.08 flt=0.01 dmap=+0/-0 shz=4.0 plan=11 cmd=(lx=+0.00,ly=+0.28,rx=+0.00)
  t= 53.9 ENG-GO pos=(-3.69,+0.99) yaw=+129.0 d=2.30 goal_err=-12 carrot_err=  +1 c0=0.82 clear=0.55 prog=0.29 rel=0.92 bal=+0.03 obs=221 hard=215 obsc=232 yr=  0  nz=0.08 flt=0.00 dmap=+0/-0 shz=4.0 plan=11 cmd=(lx=+0.00,ly=+0.28,rx=+0.00)
  t= 54.3 ENG-GO pos=(-3.71,+1.02) yaw=+129.0 d=2.27 goal_err=-12 carrot_err=  +2 c0=0.79 clear=0.53 prog=0.29 rel=0.92 bal=+0.02 obs=220 hard=216 obsc=233 yr=  0  nz=0.08 flt=0.02 dmap=+0/-2 shz=4.0 plan=11 cmd=(lx=+0.00,ly=+0.28,rx=+0.00)
  t= 54.8 ENG-GO pos=(-3.73,+1.04) yaw=+129.0 d=2.23 goal_err=-12 carrot_err=  +3 c0=0.76 clear=0.51 prog=0.29 rel=0.93 bal=+0.02 obs=219 hard=215 obsc=231 yr=  0  nz=0.07 flt=0.00 dmap=+0/-0 shz=4.0 plan=11 cmd=(lx=+0.00,ly=+0.28,rx=+0.00)
  t= 55.2 ENG-GO pos=(-3.75,+1.07) yaw=+129.0 d=2.20 goal_err=-13 carrot_err=  +3 c0=0.73 clear=0.48 prog=0.27 rel=0.93 bal=+0.01 obs=219 hard=214 obsc=230 yr=  0  nz=0.07 flt=0.01 dmap=+0/-0 shz=4.0 plan=11 cmd=(lx=+0.00,ly=+0.28,rx=+0.00)
  t= 55.6 ENG-GO pos=(-3.78,+1.11) yaw=+129.0 d=2.15 goal_err=-13 carrot_err=  +3 c0=0.96 clear=0.64 prog=0.29 rel=0.94 bal=+0.00 obs=219 hard=213 obsc=230 yr=  0  nz=0.06 flt=0.00 dmap=+1/-0 shz=4.0 plan=11 cmd=(lx=+0.00,ly=+0.28,rx=+0.00)
  t= 56.0 ENG-GO pos=(-3.80,+1.14) yaw=+129.0 d=2.12 goal_err=-13 carrot_err=  +3 c0=0.92 clear=0.61 prog=0.29 rel=0.85 bal=-0.01 obs=222 hard=216 obsc=233 yr=  0  nz=0.15 flt=0.00 dmap=+0/-0 shz=4.0 plan=10 cmd=(lx=+0.00,ly=+0.28,rx=+0.00)
  t= 56.5 ENG-GO pos=(-3.83,+1.16) yaw=+129.0 d=2.08 goal_err=-13 carrot_err=  +3 c0=0.89 clear=0.59 prog=0.29 rel=0.84 bal=-0.02 obs=223 hard=217 obsc=235 yr=  0  nz=0.16 flt=0.01 dmap=+1/-0 shz=4.0 plan=10 cmd=(lx=+0.00,ly=+0.28,rx=+0.00)
  t= 56.9 ENG-GO pos=(-3.85,+1.19) yaw=+129.0 d=2.05 goal_err=-14 carrot_err=  +3 c0=0.85 clear=0.57 prog=0.29 rel=0.84 bal=-0.04 obs=225 hard=218 obsc=236 yr=  0  nz=0.15 flt=0.00 dmap=+1/-0 shz=4.0 plan=10 cmd=(lx=+0.00,ly=+0.28,rx=+0.00)
  t= 57.3 ENG-GO pos=(-3.87,+1.22) yaw=+129.0 d=2.01 goal_err=-14 carrot_err=  +3 c0=0.82 clear=0.55 prog=0.29 rel=0.92 bal=-0.01 obs=224 hard=219 obsc=237 yr=  0  nz=0.08 flt=0.00 dmap=+0/-0 shz=4.0 plan=10 cmd=(lx=+0.00,ly=+0.28,rx=+0.00)
  t= 57.8 ENG-GO pos=(-3.90,+1.25) yaw=+129.0 d=1.97 goal_err=-14 carrot_err=  +3 c0=0.78 clear=0.52 prog=0.29 rel=0.91 bal=+0.11 obs=218 hard=217 obsc=234 yr=  0  nz=0.10 flt=0.03 dmap=+0/-0 shz=4.0 plan=10 cmd=(lx=+0.00,ly=+0.28,rx=+0.00)
  t= 58.2 ENG-GO pos=(-3.92,+1.28) yaw=+129.0 d=1.93 goal_err=-14 carrot_err= -12 c0=1.57 clear=1.00 prog=0.29 rel=0.91 bal=+0.05 obs=217 hard=212 obsc=230 yr=  0  nz=0.10 flt=0.00 dmap=+1/-1 shz=4.0 plan=10 cmd=(lx=+0.00,ly=+0.28,rx=+0.00)
  t= 58.6 ENG-GO pos=(-3.95,+1.31) yaw=+129.0 d=1.90 goal_err=-15 carrot_err= -12 c0=1.54 clear=1.00 prog=0.29 rel=0.47 bal=+0.04 obs=219 hard=212 obsc=230 yr=  0  nz=0.53 flt=0.03 dmap=+0/-0 shz=4.0 plan=10 cmd=(lx=+0.00,ly=+0.28,rx=+0.00)
  t= 59.0 ENG-GO pos=(-3.97,+1.34) yaw=+129.0 d=1.86 goal_err=-15 carrot_err= -12 c0=1.50 clear=1.00 prog=0.29 rel=0.42 bal=+0.03 obs=218 hard=212 obsc=230 yr=  0  nz=0.57 flt=0.00 dmap=+0/-0 shz=4.0 plan=10 cmd=(lx=+0.00,ly=+0.28,rx=+0.00)
  t= 59.5 ENG-GO pos=(-3.99,+1.37) yaw=+129.0 d=1.83 goal_err=-15 carrot_err= -13 c0=1.47 clear=0.98 prog=0.29 rel=0.59 bal=+0.02 obs=218 hard=215 obsc=232 yr=  0  nz=0.41 flt=0.00 dmap=+1/-0 shz=4.0 plan=9 cmd=(lx=+0.00,ly=+0.28,rx=+0.00)
  t= 59.9 ENG-GO pos=(-4.02,+1.40) yaw=+129.0 d=1.79 goal_err=-16 carrot_err= -14 c0=1.43 clear=0.95 prog=0.29 rel=0.93 bal=-0.01 obs=219 hard=214 obsc=230 yr=  0  nz=0.07 flt=0.00 dmap=+1/-0 shz=4.0 plan=9 cmd=(lx=+0.00,ly=+0.28,rx=+0.00)
  t= 60.3 ENG-GO pos=(-4.04,+1.43) yaw=+129.0 d=1.75 goal_err=-16 carrot_err= -14 c0=1.39 clear=0.93 prog=0.29 rel=0.93 bal=-0.01 obs=219 hard=213 obsc=230 yr=  0  nz=0.07 flt=0.01 dmap=+0/-0 shz=4.0 plan=9 cmd=(lx=+0.00,ly=+0.28,rx=+0.00)
  t= 60.7 ENG-GO pos=(-4.06,+1.46) yaw=+129.0 d=1.72 goal_err=-16 carrot_err= -15 c0=1.36 clear=0.91 prog=0.29 rel=0.92 bal=+0.00 obs=220 hard=215 obsc=232 yr=  0  nz=0.08 flt=0.04 dmap=+0/-0 shz=4.0 plan=9 cmd=(lx=+0.00,ly=+0.28,rx=+0.00)
  t= 61.2 ENG-GO pos=(-4.09,+1.48) yaw=+129.0 d=1.68 goal_err=-17 carrot_err= -15 c0=1.32 clear=0.88 prog=0.29 rel=0.93 bal=+0.09 obs=222 hard=217 obsc=234 yr=  0  nz=0.07 flt=0.00 dmap=+2/-1 shz=4.0 plan=9 cmd=(lx=+0.00,ly=+0.28,rx=+0.00)
  t= 61.6 ENG-GO pos=(-4.11,+1.51) yaw=+129.0 d=1.65 goal_err=-17 carrot_err= -10 c0=1.29 clear=0.86 prog=0.29 rel=0.94 bal=+0.08 obs=221 hard=217 obsc=233 yr=  0  nz=0.06 flt=0.00 dmap=+0/-0 shz=4.0 plan=9 cmd=(lx=+0.00,ly=+0.28,rx=+0.00)
  t= 62.0 ENG-GO pos=(-4.13,+1.54) yaw=+129.0 d=1.61 goal_err=-17 carrot_err= -10 c0=1.25 clear=0.84 prog=0.27 rel=0.93 bal=-0.55 obs=219 hard=214 obsc=229 yr=  0  nz=0.07 flt=0.00 dmap=+1/-0 shz=4.0 plan=9 cmd=(lx=+0.00,ly=+0.28,rx=+0.00)
  t= 62.4 ENG-GO pos=(-4.16,+1.58) yaw=+129.0 d=1.57 goal_err=-18 carrot_err= -11 c0=1.21 clear=0.81 prog=0.28 rel=0.93 bal=-0.57 obs=222 hard=215 obsc=230 yr=  0  nz=0.07 flt=0.00 dmap=+0/-0 shz=4.0 plan=8 cmd=(lx=+0.00,ly=+0.28,rx=+0.00)
  t= 62.9 ENG-GO pos=(-4.18,+1.60) yaw=+129.0 d=1.54 goal_err=-18 carrot_err= -11 c0=1.18 clear=0.79 prog=0.28 rel=0.92 bal=-0.59 obs=223 hard=215 obsc=230 yr=  0  nz=0.09 flt=0.01 dmap=+0/-0 shz=4.0 plan=8 cmd=(lx=+0.00,ly=+0.28,rx=+0.00)
  t= 63.3 ENG-GO pos=(-4.21,+1.63) yaw=+129.0 d=1.50 goal_err=-19 carrot_err= -12 c0=1.14 clear=0.76 prog=0.28 rel=0.91 bal=-0.60 obs=224 hard=217 obsc=231 yr=  0  nz=0.09 flt=0.00 dmap=+0/-0 shz=4.0 plan=8 cmd=(lx=+0.00,ly=+0.28,rx=+0.00)
  t= 63.7 ENG-GO pos=(-4.23,+1.66) yaw=+129.0 d=1.47 goal_err=-19 carrot_err= -12 c0=1.11 clear=0.74 prog=0.28 rel=0.92 bal=-0.37 obs=225 hard=221 obsc=235 yr=  0  nz=0.08 flt=0.01 dmap=+2/-2 shz=4.0 plan=8 cmd=(lx=+0.00,ly=+0.28,rx=+0.00)
  t= 64.1 ENG-GO pos=(-4.25,+1.69) yaw=+129.0 d=1.43 goal_err=-19 carrot_err= -13 c0=1.08 clear=0.72 prog=0.27 rel=0.92 bal=-0.38 obs=225 hard=218 obsc=232 yr=  0  nz=0.08 flt=0.01 dmap=+0/-0 shz=4.0 plan=8 cmd=(lx=+0.00,ly=+0.28,rx=+0.00)
  t= 64.6 ENG-GO pos=(-4.28,+1.72) yaw=+129.0 d=1.39 goal_err=-20 carrot_err= -19 c0=1.04 clear=0.69 prog=0.28 rel=0.93 bal=-0.16 obs=227 hard=219 obsc=235 yr=  0  nz=0.07 flt=0.00 dmap=+0/-0 shz=4.0 plan=8 cmd=(lx=+0.00,ly=+0.28,rx=+0.00)
  t= 65.0 ENG-GO pos=(-4.30,+1.75) yaw=+129.0 d=1.36 goal_err=-21 carrot_err= -20 c0=1.00 clear=0.67 prog=0.28 rel=0.93 bal=-0.27 obs=227 hard=219 obsc=234 yr=  0  nz=0.07 flt=0.00 dmap=+0/-2 shz=4.0 plan=8 cmd=(lx=+0.00,ly=+0.28,rx=+0.00)
  t= 65.4 ENG-GO pos=(-4.33,+1.78) yaw=+129.0 d=1.32 goal_err=-21 carrot_err= -20 c0=1.07 clear=0.71 prog=0.28 rel=0.93 bal=-0.28 obs=225 hard=219 obsc=234 yr=  0  nz=0.07 flt=0.01 dmap=+0/-0 shz=4.0 plan=8 cmd=(lx=+0.00,ly=+0.28,rx=+0.00)
  t= 65.9 ENG-GO pos=(-4.35,+1.81) yaw=+129.0 d=1.29 goal_err=-22 carrot_err= -21 c0=1.04 clear=0.69 prog=0.28 rel=0.94 bal=-0.29 obs=228 hard=220 obsc=235 yr=  0  nz=0.06 flt=0.00 dmap=+0/-0 shz=4.0 plan=7 cmd=(lx=+0.00,ly=+0.28,rx=+0.00)
  t= 66.3 ENG-GO pos=(-4.37,+1.83) yaw=+129.0 d=1.26 goal_err=-22 carrot_err= -22 c0=1.00 clear=0.67 prog=0.26 rel=0.95 bal=-0.30 obs=228 hard=220 obsc=235 yr=  0  nz=0.05 flt=0.00 dmap=+0/-1 shz=3.9 plan=7 cmd=(lx=+0.00,ly=+0.28,rx=+0.00)
  t= 66.7 DWA-F pos=(-4.40,+1.87) yaw=+129.0 d=1.21 goal_err=-23 carrot_err= -24 c0=0.96 clear=0.64 prog=0.28 rel=0.95 bal=-0.41 obs=228 hard=222 obsc=236 yr=  0  nz=0.05 flt=0.00 dmap=+1/-0 shz=4.0 plan=7 cmd=(lx=+0.00,ly=+0.40,rx=+0.00)
  t= 67.1 DWA-F pos=(-4.43,+1.91) yaw=+129.0 d=1.17 goal_err=-24 carrot_err= -16 c0=0.91 clear=0.61 prog=0.29 rel=0.92 bal=-0.43 obs=228 hard=222 obsc=235 yr=  0  nz=0.08 flt=0.00 dmap=+0/-0 shz=4.0 plan=6 cmd=(lx=+0.00,ly=+0.40,rx=+0.00)
  t= 67.6 DWA-F pos=(-4.46,+1.94) yaw=+129.0 d=1.13 goal_err=-25 carrot_err= -17 c0=0.87 clear=0.58 prog=0.31 rel=0.92 bal=-0.43 obs=228 hard=222 obsc=235 yr=  0  nz=0.08 flt=0.00 dmap=+0/-0 shz=4.0 plan=6 cmd=(lx=+0.00,ly=+0.40,rx=+0.00)
  t= 68.0 DWA-F pos=(-4.49,+1.98) yaw=+129.0 d=1.09 goal_err=-26 carrot_err= -18 c0=0.83 clear=0.55 prog=0.32 rel=0.93 bal=-0.48 obs=227 hard=223 obsc=236 yr=  0  nz=0.07 flt=0.00 dmap=+2/-2 shz=4.0 plan=6 cmd=(lx=+0.00,ly=+0.40,rx=+0.00)
  t= 68.4 DWA-F pos=(-4.52,+2.02) yaw=+129.0 d=1.04 goal_err=-27 carrot_err= -19 c0=0.78 clear=0.52 prog=0.33 rel=0.93 bal=-0.48 obs=229 hard=223 obsc=236 yr=  0  nz=0.07 flt=0.01 dmap=+0/-0 shz=4.0 plan=6 cmd=(lx=+0.00,ly=+0.40,rx=+0.00)
  t= 68.9 DWA-F pos=(-4.55,+2.05) yaw=+129.0 d=1.00 goal_err=-29 carrot_err= -20 c0=0.74 clear=0.49 prog=0.33 rel=0.92 bal=-0.48 obs=228 hard=222 obsc=236 yr=  0  nz=0.08 flt=0.01 dmap=+0/-0 shz=4.0 plan=6 cmd=(lx=+0.00,ly=+0.40,rx=+0.00)
  t= 69.3 DWA-F pos=(-4.58,+2.09) yaw=+129.0 d=0.96 goal_err=-30 carrot_err= -22 c0=0.70 clear=0.47 prog=0.32 rel=0.92 bal=-0.49 obs=229 hard=223 obsc=236 yr=  0  nz=0.08 flt=0.01 dmap=+2/-0 shz=4.0 plan=6 cmd=(lx=+0.00,ly=+0.40,rx=+0.00)
  t= 69.7 DWA-F pos=(-4.60,+2.12) yaw=+129.0 d=0.93 goal_err=-31 carrot_err= -26 c0=0.93 clear=0.62 prog=0.32 rel=0.86 bal=-0.49 obs=229 hard=221 obsc=237 yr=  0  nz=0.14 flt=0.00 dmap=+0/-0 shz=4.0 plan=6 cmd=(lx=+0.00,ly=+0.40,rx=+0.00)
  t= 70.2 DWA-F pos=(-4.64,+2.17) yaw=+129.0 d=0.88 goal_err=-33 carrot_err= -28 c0=0.88 clear=0.58 prog=0.33 rel=0.84 bal=-0.50 obs=229 hard=223 obsc=237 yr=  0  nz=0.16 flt=0.00 dmap=+0/-0 shz=4.0 plan=5 cmd=(lx=+0.00,ly=+0.40,rx=+0.00)
  t= 70.6 DWA-F pos=(-4.67,+2.20) yaw=+129.0 d=0.84 goal_err=-35 carrot_err= -30 c0=0.83 clear=0.56 prog=0.31 rel=0.84 bal=-0.50 obs=232 hard=224 obsc=239 yr=  0G nz=0.16 flt=0.01 dmap=+1/-0 shz=4.0 plan=5 cmd=(lx=+0.00,ly=+0.40,rx=+0.45)
  t= 71.0 DWA-F pos=(-4.69,+2.24) yaw=+125.8 d=0.80 goal_err=-33 carrot_err= -28 c0=1.19 clear=0.79 prog=0.31 rel=0.80 bal=-0.49 obs=246 hard=240 obsc=255 yr=  0  nz=0.20 flt=0.01 dmap=+3/-1 shz=4.0 plan=5 cmd=(lx=+0.00,ly=+0.40,rx=+0.00)
  t= 71.5 DWA-F pos=(-4.72,+2.27) yaw=+125.8 d=0.77 goal_err=-35 carrot_err= -29 c0=1.14 clear=0.76 prog=0.30 rel=0.74 bal=-0.50 obs=247 hard=240 obsc=254 yr=  0  nz=0.26 flt=0.00 dmap=+0/-0 shz=4.0 plan=5 cmd=(lx=+0.00,ly=+0.40,rx=+0.00)
  t= 71.9 DWA-F pos=(-4.75,+2.31) yaw=+122.6 d=0.73 goal_err=-34 carrot_err= -28 c0=1.10 clear=0.73 prog=0.30 rel=0.80 bal=-0.37 obs=244 hard=238 obsc=254 yr= 15G nz=0.20 flt=0.04 dmap=+0/-0 shz=4.0 plan=5 cmd=(lx=+0.00,ly=+0.40,rx=+0.45)
  t= 72.3 DWA-F pos=(-4.77,+2.36) yaw=+117.8 d=0.68 goal_err=-31 carrot_err= -25 c0=1.05 clear=0.70 prog=0.30 rel=0.92 bal=-0.37 obs=246 hard=238 obsc=257 yr=  0  nz=0.08 flt=0.06 dmap=+2/-1 shz=3.9 plan=5 cmd=(lx=+0.00,ly=+0.40,rx=+0.00)
  t= 72.8 DWA-F pos=(-4.79,+2.40) yaw=+117.8 d=0.65 goal_err=-33 carrot_err= -27 c0=1.01 clear=0.67 prog=0.30 rel=0.91 bal=-0.37 obs=246 hard=239 obsc=256 yr=  0  nz=0.09 flt=0.01 dmap=+0/-0 shz=3.9 plan=5 cmd=(lx=+0.00,ly=+0.40,rx=+0.00)
  t= 73.2 DWA-F pos=(-4.81,+2.44) yaw=+114.5 d=0.61 goal_err=-32 carrot_err= -26 c0=0.96 clear=0.64 prog=0.30 rel=0.91 bal=-0.37 obs=246 hard=239 obsc=257 yr= 15  nz=0.09 flt=0.00 dmap=+0/-0 shz=3.9 plan=4 cmd=(lx=+0.00,ly=+0.40,rx=+0.00)
  t= 73.6 DWA-F pos=(-4.83,+2.48) yaw=+114.5 d=0.57 goal_err=-35 carrot_err= -28 c0=0.92 clear=0.61 prog=0.30 rel=0.92 bal=-0.36 obs=247 hard=239 obsc=256 yr=  0G nz=0.08 flt=0.00 dmap=+0/-0 shz=3.9 plan=4 cmd=(lx=+0.00,ly=+0.40,rx=+0.45)
  t= 74.0 DWA-F pos=(-4.85,+2.53) yaw=+108.1 d=0.53 goal_err=-32 carrot_err= -24 c0=0.87 clear=0.58 prog=0.30 rel=0.91 bal=-0.36 obs=249 hard=240 obsc=258 yr=  0  nz=0.09 flt=0.01 dmap=+3/-2 shz=4.0 plan=4 cmd=(lx=+0.00,ly=+0.40,rx=+0.00)
  t= 74.5 DWA-F pos=(-4.87,+2.57) yaw=+106.5 d=0.49 goal_err=-33 carrot_err= -25 c0=0.83 clear=0.55 prog=0.30 rel=0.91 bal=-0.35 obs=249 hard=240 obsc=258 yr= 15G nz=0.09 flt=0.05 dmap=+0/-0 shz=3.9 plan=4 cmd=(lx=+0.00,ly=+0.28,rx=+0.45)
  t= 74.9 DWA-T pos=(-4.87,+2.59) yaw=+101.7 d=0.47 goal_err=-29 carrot_err= -22 c0=0.96 clear=0.64 prog=0.27 rel=0.91 bal=-0.35 obs=248 hard=238 obsc=257 yr=  0  nz=0.09 flt=0.00 dmap=+0/-0 shz=4.0 plan=3 cmd=(lx=+0.00,ly=+0.00,rx=+0.00)
  t= 75.3 DWA-T pos=(-4.87,+2.59) yaw=+101.7 d=0.47 goal_err=-29 carrot_err= -22 c0=0.96 clear=0.64 prog=0.21 rel=0.91 bal=-0.35 obs=245 hard=238 obsc=256 yr=  0  nz=0.09 flt=0.05 dmap=+0/-0 shz=3.9 plan=3 cmd=(lx=+0.00,ly=+0.00,rx=+0.00)
  t= 75.8 DWA-T pos=(-4.87,+2.59) yaw=+101.7 d=0.47 goal_err=-29 carrot_err= -22 c0=0.96 clear=0.64 prog=0.13 rel=0.91 bal=-0.35 obs=245 hard=238 obsc=256 yr=  0  nz=0.09 flt=0.05 dmap=+0/-0 shz=3.9 plan=3 cmd=(lx=+0.00,ly=+0.00,rx=+0.00)
  t= 76.2 BRK-BK pos=(-4.87,+2.59) yaw=+101.7 d=0.47 goal_err=-29 carrot_err= -22 c0=0.96 clear=0.64 prog=0.07 rel=0.91 bal=-0.35 obs=245 hard=238 obsc=256 yr=  0  nz=0.09 flt=0.05 dmap=+0/-0 shz=3.9 plan=0 cmd=(lx=+0.00,ly=-0.35,rx=+0.00)
  t= 76.6 BRK-TR pos=(-4.86,+2.54) yaw=+101.7 d=0.51 goal_err=-27 carrot_err= -19 c0=1.01 clear=0.67 prog=0.00 rel=0.99 bal=-0.36 obs=237 hard=234 obsc=241 yr=  0G nz=0.01 flt=0.01 dmap=+0/-0 shz=3.7 plan=0 cmd=(lx=+0.00,ly=+0.00,rx=+0.45)
  t= 77.1 BRK-TR pos=(-4.86,+2.54) yaw= +95.3 d=0.51 goal_err=-20 carrot_err= -13 c0=1.18 clear=0.79 prog=0.00 rel=0.97 bal=-0.36 obs=237 hard=234 obsc=241 yr= 15G nz=0.03 flt=0.06 dmap=+0/-0 shz=3.7 plan=0 cmd=(lx=+0.00,ly=+0.00,rx=+0.45)
  t= 77.5 BRK-TR pos=(-4.86,+2.54) yaw= +88.9 d=0.51 goal_err=-14 carrot_err=  -7 c0=1.15 clear=0.77 prog=0.00 rel=0.86 bal=-0.16 obs=237 hard=234 obsc=241 yr= 15G nz=0.14 flt=0.03 dmap=+0/-0 shz=3.7 plan=0 cmd=(lx=+0.00,ly=+0.00,rx=+0.45)
  t= 77.9 BRK-TR pos=(-4.86,+2.54) yaw= +82.5 d=0.51 goal_err=-7 carrot_err=  -0 c0=1.15 clear=0.77 prog=0.00 rel=0.86 bal=-0.24 obs=237 hard=234 obsc=241 yr= 15G nz=0.14 flt=0.08 dmap=+0/-0 shz=3.7 plan=0 cmd=(lx=+0.00,ly=+0.00,rx=+0.45)
  t= 78.3 BRK-TR pos=(-4.86,+2.54) yaw= +76.2 d=0.51 goal_err=-1 carrot_err=  +6 c0=1.08 clear=0.72 prog=0.00 rel=0.89 bal=-0.28 obs=237 hard=234 obsc=241 yr= 14G nz=0.11 flt=0.00 dmap=+0/-0 shz=3.7 plan=0 cmd=(lx=+0.00,ly=+0.00,rx=+0.45)
  t= 78.8 BRK-TR pos=(-4.86,+2.54) yaw= +68.7 d=0.51 goal_err=+6 carrot_err= +14 c0=1.08 clear=0.72 prog=0.00 rel=0.93 bal=-0.28 obs=237 hard=234 obsc=241 yr= 28G nz=0.07 flt=0.03 dmap=+0/-0 shz=3.7 plan=0 cmd=(lx=+0.00,ly=+0.00,rx=+0.45)
  t= 79.2 DWA-F pos=(-4.86,+2.55) yaw= +64.2 d=0.51 goal_err=+11 carrot_err= +18 c0=1.07 clear=0.72 prog=0.01 rel=0.94 bal=-0.18 obs=233 hard=230 obsc=238 yr=  0  nz=0.06 flt=0.00 dmap=+1/-5 shz=3.7 plan=3 cmd=(lx=+0.00,ly=+0.40,rx=+0.00)
  t= 79.6 DWA-T pos=(-4.85,+2.58) yaw= +64.2 d=0.48 goal_err=+12 carrot_err= +19 c0=1.05 clear=0.70 prog=0.06 rel=0.94 bal=-0.19 obs=231 hard=227 obsc=234 yr=  0  nz=0.06 flt=0.00 dmap=+0/-2 shz=3.7 plan=3 cmd=(lx=+0.00,ly=+0.00,rx=+0.00)
  t= 80.0 DWA-T pos=(-4.85,+2.58) yaw= +64.2 d=0.48 goal_err=+12 carrot_err= +19 c0=1.05 clear=0.70 prog=0.06 rel=0.95 bal=-0.19 obs=231 hard=227 obsc=234 yr=  0  nz=0.05 flt=0.00 dmap=+0/-0 shz=3.7 plan=3 cmd=(lx=+0.00,ly=+0.00,rx=+0.00)
  t= 80.5 DWA-T pos=(-4.85,+2.58) yaw= +64.2 d=0.48 goal_err=+12 carrot_err= +19 c0=1.05 clear=0.70 prog=0.06 rel=0.95 bal=-0.19 obs=231 hard=227 obsc=234 yr=  0  nz=0.05 flt=0.00 dmap=+0/-0 shz=3.7 plan=3 cmd=(lx=+0.00,ly=+0.00,rx=+0.00)
  t= 80.9 BRK-BK pos=(-4.85,+2.58) yaw= +64.2 d=0.48 goal_err=+12 carrot_err= +19 c0=1.05 clear=0.70 prog=0.06 rel=0.95 bal=-0.19 obs=231 hard=227 obsc=234 yr=  0  nz=0.05 flt=0.00 dmap=+0/-0 shz=3.7 plan=0 cmd=(lx=+0.00,ly=-0.35,rx=+0.00)
  t= 81.3 BRK-TR pos=(-4.87,+2.53) yaw= +64.2 d=0.53 goal_err=+11 carrot_err= +17 c0=1.10 clear=0.73 prog=0.00 rel=1.00 bal=-0.18 obs=229 hard=225 obsc=230 yr=  0G nz=0.00 flt=0.00 dmap=+0/-0 shz=3.5 plan=0 cmd=(lx=+0.00,ly=+0.00,rx=+0.45)
  t= 81.7 BRK-TR pos=(-4.87,+2.53) yaw= +58.3 d=0.53 goal_err=+16 carrot_err= +23 c0=1.10 clear=0.73 prog=0.00 rel=0.99 bal=-0.18 obs=229 hard=225 obsc=230 yr= 14G nz=0.01 flt=0.01 dmap=+0/-0 shz=3.5 plan=0 cmd=(lx=+0.00,ly=+0.00,rx=+0.45)
  t= 82.2 BRK-TR pos=(-4.87,+2.53) yaw= +52.3 d=0.53 goal_err=+22 carrot_err= +29 c0=1.10 clear=0.73 prog=0.00 rel=0.98 bal=-0.11 obs=229 hard=225 obsc=230 yr= 14G nz=0.01 flt=0.01 dmap=+0/-0 shz=3.5 plan=0 cmd=(lx=+0.00,ly=+0.00,rx=+0.45)
  t= 82.6 BRK-TR pos=(-4.87,+2.53) yaw= +46.4 d=0.53 goal_err=+28 carrot_err= +35 c0=1.10 clear=0.73 prog=0.00 rel=0.98 bal=-0.11 obs=229 hard=225 obsc=230 yr= 14G nz=0.02 flt=0.14 dmap=+0/-0 shz=3.5 plan=0 cmd=(lx=+0.00,ly=+0.00,rx=+0.45)
  t= 83.0 BRK-TR pos=(-4.87,+2.53) yaw= +40.4 d=0.53 goal_err=+34 carrot_err= +41 c0=1.10 clear=0.73 prog=0.00 rel=0.99 bal=+0.00 obs=229 hard=225 obsc=230 yr= 14G nz=0.01 flt=0.00 dmap=+0/-0 shz=3.5 plan=0 cmd=(lx=+0.00,ly=+0.00,rx=+0.45)
  t= 83.4 BRK-TR pos=(-4.87,+2.53) yaw= +34.4 d=0.53 goal_err=+40 carrot_err= +47 c0=1.10 clear=0.73 prog=0.00 rel=0.99 bal=+0.12 obs=229 hard=225 obsc=230 yr= 14G nz=0.01 flt=0.00 dmap=+0/-0 shz=3.5 plan=0 cmd=(lx=+0.00,ly=+0.00,rx=+0.45)
  t= 83.9 DWA-F pos=(-4.86,+2.53) yaw= +30.0 d=0.52 goal_err=+45 carrot_err= +52 c0=1.09 clear=0.73 prog=0.01 rel=0.99 bal=+0.10 obs=229 hard=225 obsc=230 yr= 14G nz=0.01 flt=0.06 dmap=+0/-0 shz=3.5 plan=3 cmd=(lx=+0.00,ly=+0.28,rx=-0.45)
  t= 84.3 DWA-F pos=(-4.84,+2.55) yaw= +35.9 d=0.50 goal_err=+42 carrot_err= +49 c0=1.06 clear=0.71 prog=0.04 rel=0.97 bal=+0.13 obs=229 hard=225 obsc=230 yr= 14G nz=0.03 flt=0.01 dmap=+0/-0 shz=3.5 plan=3 cmd=(lx=+0.00,ly=+0.28,rx=-0.45)
  t= 84.7 DWA-F pos=(-4.82,+2.57) yaw= +41.9 d=0.48 goal_err=+38 carrot_err= +46 c0=1.04 clear=0.69 prog=0.08 rel=0.96 bal=+0.02 obs=230 hard=226 obsc=231 yr= 14G nz=0.04 flt=0.01 dmap=+0/-0 shz=3.5 plan=3 cmd=(lx=+0.00,ly=+0.28,rx=-0.45)
  t= 85.2 DWA-F pos=(-4.80,+2.59) yaw= +47.9 d=0.46 goal_err=+34 carrot_err= +43 c0=1.01 clear=0.67 prog=0.12 rel=0.95 bal=+0.02 obs=231 hard=227 obsc=232 yr= 14G nz=0.05 flt=0.02 dmap=+1/-0 shz=3.5 plan=3 cmd=(lx=+0.00,ly=+0.28,rx=-0.45)
  t= 85.6 DWA-F pos=(-4.78,+2.61) yaw= +53.8 d=0.43 goal_err=+30 carrot_err= +39 c0=0.98 clear=0.65 prog=0.16 rel=0.94 bal=-0.13 obs=232 hard=228 obsc=233 yr= 14G nz=0.06 flt=0.08 dmap=+0/-0 shz=3.4 plan=3 cmd=(lx=+0.00,ly=+0.28,rx=-0.45)
  t= 86.0 DWA-T pos=(-4.76,+2.64) yaw= +62.7 d=0.40 goal_err=+23 carrot_err= +34 c0=0.94 clear=0.63 prog=0.20 rel=0.94 bal=-0.20 obs=233 hard=229 obsc=234 yr= 14G nz=0.06 flt=0.04 dmap=+0/-0 shz=3.5 plan=3 cmd=(lx=+0.00,ly=+0.00,rx=+0.00)
  t= 86.5 DWA-T pos=(-4.75,+2.65) yaw= +64.2 d=0.39 goal_err=+22 carrot_err= +33 c0=0.93 clear=0.62 prog=0.17 rel=0.93 bal=-0.20 obs=230 hard=224 obsc=238 yr=  0  nz=0.07 flt=0.02 dmap=+2/-1 shz=3.4 plan=3 cmd=(lx=+0.00,ly=+0.00,rx=+0.00)
  t= 86.9 DWA-T pos=(-4.75,+2.65) yaw= +64.2 d=0.39 goal_err=+22 carrot_err= +33 c0=0.93 clear=0.62 prog=0.14 rel=0.94 bal=-0.20 obs=230 hard=224 obsc=238 yr=  0  nz=0.06 flt=0.02 dmap=+0/-0 shz=3.4 plan=3 cmd=(lx=+0.00,ly=+0.00,rx=+0.00)
  t= 87.3 DWA-T pos=(-4.75,+2.65) yaw= +64.2 d=0.39 goal_err=+22 carrot_err= +33 c0=0.93 clear=0.62 prog=0.10 rel=0.94 bal=-0.20 obs=230 hard=224 obsc=238 yr=  0  nz=0.06 flt=0.02 dmap=+0/-0 shz=3.4 plan=0 cmd=(lx=+0.00,ly=+0.00,rx=+0.00)
  t= 87.8 BRK-BK pos=(-4.76,+2.64) yaw= +64.2 d=0.40 goal_err=+22 carrot_err= +32 c0=0.94 clear=0.63 prog=0.01 rel=0.94 bal=-0.20 obs=227 hard=219 obsc=233 yr=  0  nz=0.06 flt=0.00 dmap=+2/-5 shz=3.3 plan=0 cmd=(lx=+0.00,ly=-0.35,rx=+0.00)
  t= 88.2 BRK-TR pos=(-4.77,+2.60) yaw= +61.3 d=0.44 goal_err=+23 carrot_err= +32 c0=0.98 clear=0.65 prog=0.00 rel=0.95 bal=-0.13 obs=227 hard=219 obsc=233 yr= 14G nz=0.05 flt=0.04 dmap=+0/-0 shz=3.3 plan=0 cmd=(lx=+0.00,ly=+0.00,rx=+0.45)
  t= 88.6 BRK-TR pos=(-4.77,+2.60) yaw= +55.3 d=0.44 goal_err=+29 carrot_err= +38 c0=0.98 clear=0.65 prog=0.00 rel=0.95 bal=-0.13 obs=227 hard=219 obsc=233 yr= 14G nz=0.05 flt=0.08 dmap=+0/-0 shz=3.3 plan=0 cmd=(lx=+0.00,ly=+0.00,rx=+0.45)
  t= 89.0 BRK-TR pos=(-4.77,+2.60) yaw= +49.3 d=0.44 goal_err=+35 carrot_err= +44 c0=0.98 clear=0.65 prog=0.00 rel=0.96 bal=-0.03 obs=229 hard=221 obsc=235 yr= 14G nz=0.04 flt=0.05 dmap=+0/-0 shz=3.3 plan=0 cmd=(lx=+0.00,ly=+0.00,rx=+0.45)
  t= 89.5 BRK-TR pos=(-4.77,+2.60) yaw= +43.4 d=0.44 goal_err=+41 carrot_err= +50 c0=0.98 clear=0.65 prog=0.00 rel=0.96 bal=+0.02 obs=229 hard=221 obsc=235 yr= 14G nz=0.04 flt=0.00 dmap=+0/-0 shz=3.3 plan=0 cmd=(lx=+0.00,ly=+0.00,rx=+0.45)
  t= 89.9 BRK-TR pos=(-4.77,+2.60) yaw= +37.4 d=0.44 goal_err=+47 carrot_err= +56 c0=0.98 clear=0.65 prog=0.00 rel=1.00 bal=+0.07 obs=229 hard=221 obsc=235 yr= 14G nz=0.00 flt=0.08 dmap=+0/-0 shz=3.3 plan=0 cmd=(lx=+0.00,ly=+0.00,rx=+0.45)
  t= 90.3 DWA-F pos=(-4.77,+2.60) yaw= +31.5 d=0.44 goal_err=+53 carrot_err= +62 c0=0.98 clear=0.65 prog=0.00 rel=0.98 bal=+0.05 obs=229 hard=221 obsc=235 yr= 14G nz=0.02 flt=0.00 dmap=+0/-0 shz=3.3 plan=3 cmd=(lx=+0.00,ly=+0.28,rx=-0.45)
  t= 90.7 DWA-F pos=(-4.76,+2.61) yaw= +33.0 d=0.43 goal_err=+53 carrot_err= +63 c0=0.96 clear=0.64 prog=0.02 rel=0.98 bal=+0.05 obs=229 hard=221 obsc=235 yr= 14G nz=0.02 flt=0.24 dmap=+0/-0 shz=3.3 plan=3 cmd=(lx=+0.00,ly=+0.28,rx=-0.45)
  t= 91.2 DWA-F pos=(-4.73,+2.63) yaw= +38.9 d=0.41 goal_err=+51 carrot_err= +61 c0=0.94 clear=0.62 prog=0.05 rel=0.94 bal=+0.07 obs=229 hard=221 obsc=235 yr= 14G nz=0.06 flt=0.02 dmap=+0/-0 shz=3.3 plan=3 cmd=(lx=+0.00,ly=+0.28,rx=-0.45)
  t= 91.6 DWA-F pos=(-4.71,+2.65) yaw= +44.9 d=0.39 goal_err=+48 carrot_err= +59 c0=0.91 clear=0.61 prog=0.08 rel=0.93 bal=+0.03 obs=229 hard=221 obsc=235 yr= 14G nz=0.07 flt=0.01 dmap=+0/-0 shz=3.3 plan=3 cmd=(lx=+0.00,ly=+0.28,rx=-0.45)
  t= 92.0 DWA-F pos=(-4.69,+2.67) yaw= +50.8 d=0.37 goal_err=+45 carrot_err= +57 c0=0.88 clear=0.59 prog=0.11 rel=0.91 bal=+0.00 obs=230 hard=222 obsc=236 yr= 14G nz=0.08 flt=0.01 dmap=+0/-0 shz=3.3 plan=3 cmd=(lx=+0.00,ly=+0.28,rx=-0.45)

  LLEGADO a 'B' (-4.73,+3.04); error=0.35 m, colisiones=0.
  [spill] derrames=0 E[N]=0.00 eta_max=0.86 riesgo=0.6%
  [dataset] travesia guardada -> /Users/adrianlendinezibanez/Claude/Projects/G1 ROBOT/dataset/20260708_132520_ours_B.json
  [stats] fila anadida -> /Users/adrianlendinezibanez/Claude/Projects/G1 ROBOT/dataset/runs_stats.csv

Fin goto.
  [META2-L2] estado guardado (meta2_state_abprof.json): Pl={'Efficient_Nav': 1.0, 'Cautious_Nav': 1.0} derrames_run=0
  backend grafico: TkAgg
>>> SIM ADAPTER: conectando a rosbridge ws://localhost:8765 ...
  esperando /odom (hasta 30s; el mundo del lab tarda en cargar)... ok
  /odom OK pose=(+0.99,+0.57) | /scan: OK
  escenario LAB: mapa/waypoints/puerta REALES (lab.world solo-paredes, frame G1)

>>> GOTO 'B' -> (-4.73,+3.04). Mando en mano (L2+B). Ctrl+C aborta.
    ENTORNO: SIM (id: lab_v1_ab_prof)  — esta run se registra como SIMULACION, no cuenta como run de robot
  Esperando pose localizada y primera nube... ok.
  FRAME-CHECK start=(+0.99,+0.57) wp_mas_cercano=A(+0.99,+0.57) offset=0.00m  -> frame OK (pose y waypoints alineados)
  [spill] payload de agua simulado (semilla=20260708_133444_ours_B.json)
  META2 ACTIVO (techo por analogia): Meta-Reasoner 2.0, analogia inicial Cautious_Nav

  !!!!!!!!!!!!!!!!!!!!!!!!!!!!!!!!!!!!!!!!!!!!!!!!!!!!!!!!!!!!!!!!!!!!!!!!!!
  !!  VISION OFF (G1_PERC sin definir) pero G1_NOVIS=1: navego SIN vision bajo tu responsabilidad.
  !!  La MESA invisible al LiDAR no se vera.
  !!!!!!!!!!!!!!!!!!!!!!!!!!!!!!!!!!!!!!!!!!!!!!!!!!!!!!!!!!!!!!!!!!!!!!!!!!

  mapa de referencia: 961 celdas | muebles estaticos (nav_map): 0 celdas | plan global: static
  t=  0.0 DWA-F pos=(+0.99,+0.57) yaw=-120.3 d=6.23 goal_err=-83 carrot_err= -62 c0=2.25 clear=1.00 prog=0.00 rel=1.00 bal=+0.19 obs=108 hard=108 obsc=108 yr=  0  nz=0.00 flt=0.19 dmap=+108/-0 shz=0.0 plan=34 cmd=(lx=+0.00,ly=+0.40,rx=+0.45)
  t=  0.4 DWA-F pos=(+0.97,+0.53) yaw=-125.1 d=6.22 goal_err=-79 carrot_err= -60 c0=2.21 clear=1.00 prog=0.05 rel=1.00 bal=+0.28 obs=111 hard=111 obsc=111 yr= 16G nz=0.00 flt=0.13 dmap=+0/-0 shz=4.7 plan=34 cmd=(lx=+0.00,ly=+0.40,rx=+0.45)
  t=  0.9 DWA-F pos=(+0.93,+0.48) yaw=-131.6 d=6.21 goal_err=-73 carrot_err= -57 c0=2.21 clear=1.00 prog=0.08 rel=0.94 bal=+0.40 obs=111 hard=111 obsc=111 yr= 15G nz=0.06 flt=0.01 dmap=+0/-0 shz=4.7 plan=34 cmd=(lx=+0.00,ly=+0.40,rx=+0.45)
  t=  1.3 DWA-F pos=(+0.88,+0.43) yaw=-139.6 d=6.18 goal_err=-65 carrot_err= -38 c0=2.50 clear=1.00 prog=0.12 rel=0.94 bal=+0.41 obs=111 hard=111 obsc=111 yr= 15G nz=0.06 flt=0.02 dmap=+0/-0 shz=4.3 plan=34 cmd=(lx=+0.00,ly=+0.40,rx=+0.45)
  t=  1.7 DWA-F pos=(+0.83,+0.39) yaw=-144.4 d=6.16 goal_err=-61 carrot_err= -36 c0=2.50 clear=1.00 prog=0.14 rel=0.83 bal=+0.42 obs=125 hard=125 obsc=152 yr=  0  nz=0.17 flt=0.04 dmap=+14/-0 shz=4.1 plan=33 cmd=(lx=+0.00,ly=+0.40,rx=+0.00)
  t=  2.1 DWA-F pos=(+0.78,+0.36) yaw=-147.6 d=6.13 goal_err=-58 carrot_err= -35 c0=2.50 clear=1.00 prog=0.17 rel=0.77 bal=+0.42 obs=125 hard=125 obsc=152 yr= 15G nz=0.23 flt=0.02 dmap=+0/-0 shz=4.2 plan=33 cmd=(lx=+0.00,ly=+0.40,rx=+0.00)
  t=  2.6 DWA-F pos=(+0.74,+0.33) yaw=-149.2 d=6.10 goal_err=-57 carrot_err= -36 c0=2.50 clear=1.00 prog=0.20 rel=0.79 bal=+0.43 obs=143 hard=131 obsc=162 yr=  0  nz=0.21 flt=0.00 dmap=+0/-0 shz=4.1 plan=33 cmd=(lx=+0.00,ly=+0.40,rx=+0.45)
  t=  3.0 DWA-F pos=(+0.68,+0.30) yaw=-154.4 d=6.07 goal_err=-52 carrot_err= -32 c0=2.50 clear=1.00 prog=0.22 rel=0.99 bal=+0.44 obs=149 hard=135 obsc=166 yr= 19  nz=0.01 flt=0.11 dmap=+0/-0 shz=4.2 plan=33 cmd=(lx=+0.00,ly=+0.40,rx=+0.00)
  t=  3.4 DWA-F pos=(+0.64,+0.28) yaw=-154.4 d=6.04 goal_err=-53 carrot_err= -20 c0=2.50 clear=1.00 prog=0.23 rel=0.99 bal=+0.44 obs=157 hard=138 obsc=168 yr=  0  nz=0.01 flt=0.00 dmap=+4/-2 shz=4.1 plan=32 cmd=(lx=+0.00,ly=+0.40,rx=+0.00)
  t=  3.8 DWA-F pos=(+0.58,+0.25) yaw=-154.4 d=5.99 goal_err=-53 carrot_err= -22 c0=2.50 clear=1.00 prog=0.26 rel=0.99 bal=+0.37 obs=158 hard=147 obsc=167 yr=  0  nz=0.01 flt=0.00 dmap=+0/-0 shz=4.1 plan=32 cmd=(lx=+0.00,ly=+0.40,rx=+0.00)
  t=  4.3 DWA-F pos=(+0.52,+0.23) yaw=-154.4 d=5.96 goal_err=-54 carrot_err= -23 c0=2.50 clear=1.00 prog=0.27 rel=0.99 bal=+0.39 obs=161 hard=157 obsc=170 yr=  0  nz=0.01 flt=0.00 dmap=+0/-0 shz=4.1 plan=32 cmd=(lx=+0.00,ly=+0.40,rx=+0.00)
  t=  4.7 DWA-F pos=(+0.47,+0.20) yaw=-154.4 d=5.92 goal_err=-54 carrot_err= -26 c0=2.50 clear=1.00 prog=0.29 rel=0.99 bal=+0.40 obs=163 hard=161 obsc=172 yr=  0  nz=0.01 flt=0.01 dmap=+1/-0 shz=4.1 plan=32 cmd=(lx=+0.00,ly=+0.40,rx=+0.00)
  t=  5.1 DWA-F pos=(+0.41,+0.17) yaw=-154.4 d=5.89 goal_err=-55 carrot_err= -27 c0=2.50 clear=1.00 prog=0.28 rel=0.99 bal=+0.42 obs=163 hard=161 obsc=172 yr=  0  nz=0.01 flt=0.01 dmap=+0/-0 shz=4.1 plan=31 cmd=(lx=+0.00,ly=+0.40,rx=+0.00)
  t=  5.5 DWA-F pos=(+0.36,+0.15) yaw=-154.4 d=5.85 goal_err=-55 carrot_err= -29 c0=2.50 clear=1.00 prog=0.28 rel=0.99 bal=+0.43 obs=165 hard=164 obsc=174 yr=  0  nz=0.01 flt=0.01 dmap=+0/-0 shz=4.1 plan=31 cmd=(lx=+0.00,ly=+0.40,rx=+0.00)
  t=  6.0 DWA-F pos=(+0.29,+0.12) yaw=-154.4 d=5.81 goal_err=-56 carrot_err= -18 c0=2.50 clear=1.00 prog=0.29 rel=0.99 bal=+0.44 obs=165 hard=164 obsc=175 yr=  0  nz=0.01 flt=0.00 dmap=+0/-1 shz=4.0 plan=31 cmd=(lx=+0.00,ly=+0.40,rx=+0.00)
  t=  6.4 DWA-F pos=(+0.25,+0.10) yaw=-154.4 d=5.79 goal_err=-56 carrot_err= -19 c0=2.50 clear=1.00 prog=0.27 rel=0.98 bal=+0.44 obs=164 hard=164 obsc=175 yr=  0  nz=0.02 flt=0.00 dmap=+0/-0 shz=4.1 plan=30 cmd=(lx=+0.00,ly=+0.40,rx=+0.00)
  t=  6.8 DWA-F pos=(+0.21,+0.08) yaw=-154.4 d=5.76 goal_err=-57 carrot_err= -20 c0=2.47 clear=1.00 prog=0.25 rel=0.97 bal=+0.37 obs=166 hard=166 obsc=176 yr=  0  nz=0.03 flt=0.01 dmap=+0/-0 shz=4.0 plan=30 cmd=(lx=+0.00,ly=+0.40,rx=+0.00)
  t=  7.2 DWA-F pos=(+0.17,+0.06) yaw=-154.4 d=5.74 goal_err=-57 carrot_err= -21 c0=2.43 clear=1.00 prog=0.23 rel=0.96 bal=+0.38 obs=166 hard=166 obsc=176 yr=  0  nz=0.04 flt=0.00 dmap=+2/-2 shz=4.0 plan=30 cmd=(lx=+0.00,ly=+0.40,rx=+0.00)
  t=  7.6 DWA-F pos=(+0.13,+0.04) yaw=-154.4 d=5.71 goal_err=-57 carrot_err= -22 c0=2.39 clear=1.00 prog=0.22 rel=0.94 bal=+0.38 obs=166 hard=166 obsc=174 yr=  0  nz=0.06 flt=0.01 dmap=+0/-0 shz=4.0 plan=30 cmd=(lx=+0.00,ly=+0.40,rx=+0.00)
  t=  8.1 DWA-F pos=(+0.09,+0.02) yaw=-154.4 d=5.69 goal_err=-58 carrot_err= -24 c0=2.42 clear=1.00 prog=0.19 rel=0.92 bal=+0.39 obs=168 hard=169 obsc=178 yr=  0  nz=0.08 flt=0.00 dmap=+0/-0 shz=4.0 plan=30 cmd=(lx=+0.00,ly=+0.40,rx=+0.00)
  t=  8.5 DWA-F pos=(+0.04,-0.00) yaw=-154.4 d=5.66 goal_err=-58 carrot_err= -26 c0=2.37 clear=1.00 prog=0.20 rel=0.93 bal=+0.38 obs=170 hard=171 obsc=180 yr=  0  nz=0.07 flt=0.01 dmap=+1/-1 shz=4.0 plan=30 cmd=(lx=+0.00,ly=+0.40,rx=+0.00)
  t=  8.9 DWA-F pos=(+0.00,-0.02) yaw=-154.4 d=5.64 goal_err=-59 carrot_err= -27 c0=2.32 clear=1.00 prog=0.20 rel=0.94 bal=+0.40 obs=171 hard=170 obsc=179 yr=  0  nz=0.06 flt=0.01 dmap=+0/-0 shz=4.0 plan=30 cmd=(lx=+0.00,ly=+0.40,rx=+0.00)
  t=  9.3 DWA-F pos=(-0.04,-0.04) yaw=-154.4 d=5.61 goal_err=-59 carrot_err= -29 c0=2.28 clear=1.00 prog=0.20 rel=0.93 bal=+0.41 obs=172 hard=170 obsc=180 yr=  0  nz=0.07 flt=0.02 dmap=+0/-0 shz=4.0 plan=30 cmd=(lx=+0.00,ly=+0.40,rx=+0.00)
  t=  9.8 DWA-F pos=(-0.08,-0.06) yaw=-154.4 d=5.59 goal_err=-59 carrot_err= -30 c0=2.23 clear=1.00 prog=0.19 rel=0.91 bal=+0.43 obs=175 hard=173 obsc=183 yr=  0  nz=0.09 flt=0.00 dmap=+0/-0 shz=4.0 plan=29 cmd=(lx=+0.00,ly=+0.40,rx=+0.00)
  t= 10.2 DWA-F pos=(-0.12,-0.08) yaw=-154.4 d=5.57 goal_err=-60 carrot_err= -31 c0=2.19 clear=1.00 prog=0.19 rel=0.91 bal=+0.44 obs=175 hard=173 obsc=182 yr=  0  nz=0.09 flt=0.01 dmap=+0/-0 shz=4.0 plan=29 cmd=(lx=+0.00,ly=+0.40,rx=+0.00)
  t= 10.6 DWA-F pos=(-0.16,-0.10) yaw=-154.4 d=5.55 goal_err=-60 carrot_err= -32 c0=2.14 clear=1.00 prog=0.18 rel=0.92 bal=+0.46 obs=176 hard=174 obsc=183 yr=  0  nz=0.08 flt=0.00 dmap=+0/-0 shz=4.0 plan=29 cmd=(lx=+0.00,ly=+0.40,rx=+0.00)
  t= 11.0 DWA-F pos=(-0.21,-0.12) yaw=-154.4 d=5.52 goal_err=-61 carrot_err= -34 c0=2.09 clear=1.00 prog=0.19 rel=0.90 bal=+0.47 obs=175 hard=173 obsc=183 yr=  0  nz=0.10 flt=0.00 dmap=+0/-0 shz=4.0 plan=29 cmd=(lx=+0.00,ly=+0.40,rx=+0.00)
  t= 11.5 DWA-F pos=(-0.25,-0.14) yaw=-154.4 d=5.50 goal_err=-61 carrot_err= -36 c0=2.05 clear=1.00 prog=0.18 rel=0.91 bal=+0.47 obs=178 hard=174 obsc=184 yr=  0  nz=0.09 flt=0.00 dmap=+2/-0 shz=4.0 plan=28 cmd=(lx=+0.00,ly=+0.40,rx=+0.00)
  t= 11.9 DWA-F pos=(-0.29,-0.16) yaw=-154.4 d=5.47 goal_err=-61 carrot_err= -38 c0=2.00 clear=1.00 prog=0.18 rel=0.90 bal=+0.47 obs=179 hard=177 obsc=185 yr=  0G nz=0.10 flt=0.02 dmap=+0/-0 shz=4.0 plan=28 cmd=(lx=+0.00,ly=+0.40,rx=+0.45)
  t= 12.3 DWA-F pos=(-0.33,-0.18) yaw=-159.2 d=5.45 goal_err=-57 carrot_err= -36 c0=1.96 clear=1.00 prog=0.18 rel=0.91 bal=+0.48 obs=190 hard=182 obsc=207 yr=  0  nz=0.10 flt=0.02 dmap=+0/-0 shz=4.0 plan=28 cmd=(lx=+0.00,ly=+0.40,rx=+0.00)
  t= 12.7 DWA-F pos=(-0.37,-0.19) yaw=-159.2 d=5.43 goal_err=-57 carrot_err= -34 c0=1.91 clear=1.00 prog=0.19 rel=0.92 bal=+0.48 obs=190 hard=183 obsc=203 yr=  0G nz=0.08 flt=0.01 dmap=+0/-0 shz=4.0 plan=27 cmd=(lx=+0.00,ly=+0.40,rx=+0.00)
  t= 13.1 DWA-F pos=(-0.41,-0.21) yaw=-162.4 d=5.40 goal_err=-55 carrot_err= -32 c0=1.87 clear=1.00 prog=0.18 rel=0.91 bal=+0.52 obs=190 hard=184 obsc=206 yr=  0  nz=0.10 flt=0.00 dmap=+0/-0 shz=4.0 plan=27 cmd=(lx=+0.00,ly=+0.40,rx=+0.00)
  t= 13.6 DWA-F pos=(-0.47,-0.23) yaw=-162.4 d=5.37 goal_err=-55 carrot_err= -35 c0=1.82 clear=1.00 prog=0.20 rel=0.90 bal=+0.53 obs=190 hard=184 obsc=204 yr=  0  nz=0.10 flt=0.00 dmap=+0/-0 shz=4.0 plan=27 cmd=(lx=+0.00,ly=+0.40,rx=+0.00)
  t= 14.0 DWA-F pos=(-0.51,-0.24) yaw=-162.4 d=5.35 goal_err=-55 carrot_err= -37 c0=1.77 clear=1.00 prog=0.21 rel=0.90 bal=+0.53 obs=189 hard=183 obsc=203 yr=  0  nz=0.10 flt=0.00 dmap=+0/-1 shz=4.0 plan=27 cmd=(lx=+0.00,ly=+0.40,rx=+0.45)
  t= 14.4 DWA-F pos=(-0.55,-0.25) yaw=-165.6 d=5.32 goal_err=-53 carrot_err= -42 c0=1.73 clear=1.00 prog=0.21 rel=0.90 bal=+0.53 obs=189 hard=183 obsc=203 yr=  0G nz=0.10 flt=0.12 dmap=+0/-0 shz=4.0 plan=26 cmd=(lx=+0.00,ly=+0.40,rx=+0.45)
  t= 14.8 DWA-F pos=(-0.59,-0.26) yaw=-172.1 d=5.29 goal_err=-47 carrot_err= -38 c0=1.86 clear=1.00 prog=0.22 rel=0.90 bal=+0.54 obs=189 hard=183 obsc=203 yr= 15  nz=0.10 flt=0.07 dmap=+0/-0 shz=4.0 plan=26 cmd=(lx=+0.00,ly=+0.40,rx=+0.00)
  t= 15.3 DWA-F pos=(-0.64,-0.27) yaw=-172.1 d=5.26 goal_err=-47 carrot_err= -39 c0=1.82 clear=1.00 prog=0.21 rel=0.91 bal=+0.54 obs=192 hard=187 obsc=205 yr=  0G nz=0.09 flt=0.01 dmap=+0/-0 shz=4.0 plan=26 cmd=(lx=+0.00,ly=+0.40,rx=+0.45)
  t= 15.7 DWA-F pos=(-0.69,-0.27) yaw=-178.5 d=5.22 goal_err=-41 carrot_err= -35 c0=1.85 clear=1.00 prog=0.24 rel=0.91 bal=+0.55 obs=194 hard=189 obsc=207 yr= 15  nz=0.09 flt=0.00 dmap=+2/-0 shz=4.0 plan=26 cmd=(lx=+0.00,ly=+0.40,rx=+0.00)
  t= 16.1 DWA-F pos=(-0.74,-0.27) yaw=-178.5 d=5.19 goal_err=-41 carrot_err= -30 c0=1.81 clear=1.00 prog=0.25 rel=0.90 bal=+0.52 obs=195 hard=190 obsc=208 yr=  0  nz=0.10 flt=0.01 dmap=+0/-0 shz=4.0 plan=25 cmd=(lx=+0.00,ly=+0.40,rx=+0.00)
  t= 16.6 DWA-F pos=(-0.78,-0.28) yaw=-178.5 d=5.15 goal_err=-42 carrot_err= -32 c0=1.77 clear=1.00 prog=0.26 rel=0.95 bal=+0.53 obs=194 hard=190 obsc=208 yr=  0  nz=0.05 flt=0.01 dmap=+0/-0 shz=4.0 plan=25 cmd=(lx=+0.00,ly=+0.40,rx=+0.00)
  t= 17.0 DWA-F pos=(-0.83,-0.28) yaw=-178.5 d=5.12 goal_err=-42 carrot_err= -33 c0=1.73 clear=1.00 prog=0.27 rel=0.93 bal=+0.53 obs=194 hard=190 obsc=207 yr=  0  nz=0.07 flt=0.01 dmap=+1/-0 shz=4.0 plan=25 cmd=(lx=+0.00,ly=+0.40,rx=+0.00)
  t= 17.4 DWA-F pos=(-0.88,-0.28) yaw=-178.5 d=5.08 goal_err=-42 carrot_err= -35 c0=1.68 clear=1.00 prog=0.28 rel=0.92 bal=+0.51 obs=193 hard=190 obsc=207 yr=  0  nz=0.08 flt=0.01 dmap=+0/-0 shz=4.0 plan=25 cmd=(lx=+0.00,ly=+0.40,rx=+0.00)
  t= 17.9 DWA-F pos=(-0.93,-0.28) yaw=-178.5 d=5.05 goal_err=-43 carrot_err= -37 c0=1.64 clear=1.00 prog=0.27 rel=0.92 bal=+0.33 obs=194 hard=190 obsc=207 yr=  0  nz=0.08 flt=0.01 dmap=+0/-0 shz=4.0 plan=25 cmd=(lx=+0.00,ly=+0.40,rx=+0.45)
  t= 18.3 DWA-F pos=(-0.97,-0.28) yaw=+178.3 d=5.01 goal_err=-40 carrot_err= -36 c0=1.83 clear=1.00 prog=0.27 rel=0.92 bal=+0.31 obs=194 hard=188 obsc=207 yr=  0  nz=0.08 flt=0.00 dmap=+0/-0 shz=4.0 plan=25 cmd=(lx=+0.00,ly=+0.40,rx=+0.00)
  t= 18.7 DWA-F pos=(-1.02,-0.28) yaw=+178.3 d=4.98 goal_err=-40 carrot_err= -38 c0=1.79 clear=1.00 prog=0.27 rel=0.88 bal=+0.30 obs=194 hard=190 obsc=207 yr=  0G nz=0.12 flt=0.09 dmap=+0/-0 shz=4.0 plan=25 cmd=(lx=+0.00,ly=+0.40,rx=+0.45)
  t= 19.1 DWA-F pos=(-1.06,-0.27) yaw=+171.9 d=4.95 goal_err=-34 carrot_err= -34 c0=1.74 clear=1.00 prog=0.26 rel=0.87 bal=+0.29 obs=194 hard=190 obsc=207 yr= 15  nz=0.13 flt=0.00 dmap=+0/-0 shz=4.0 plan=24 cmd=(lx=+0.00,ly=+0.40,rx=+0.00)
  t= 19.6 DWA-F pos=(-1.11,-0.27) yaw=+171.9 d=4.90 goal_err=-34 carrot_err= -36 c0=1.69 clear=1.00 prog=0.29 rel=0.88 bal=+0.28 obs=195 hard=187 obsc=208 yr=  0  nz=0.12 flt=0.00 dmap=+0/-0 shz=4.0 plan=24 cmd=(lx=+0.00,ly=+0.40,rx=+0.00)
  t= 20.0 DWA-F pos=(-1.16,-0.26) yaw=+171.9 d=4.86 goal_err=-35 carrot_err= -38 c0=1.64 clear=1.00 prog=0.29 rel=0.90 bal=+0.27 obs=196 hard=191 obsc=209 yr=  0G nz=0.10 flt=0.00 dmap=+0/-0 shz=4.0 plan=24 cmd=(lx=+0.00,ly=+0.40,rx=+0.45)
  t= 20.4 DWA-F pos=(-1.20,-0.25) yaw=+167.1 d=4.83 goal_err=-30 carrot_err= -35 c0=1.60 clear=1.00 prog=0.30 rel=0.91 bal=+0.26 obs=196 hard=189 obsc=211 yr=  0  nz=0.09 flt=0.10 dmap=+0/-0 shz=4.0 plan=24 cmd=(lx=+0.00,ly=+0.40,rx=+0.00)
  t= 20.8 DWA-F pos=(-1.25,-0.24) yaw=+167.1 d=4.79 goal_err=-30 carrot_err= -28 c0=1.55 clear=1.00 prog=0.30 rel=0.92 bal=+0.25 obs=197 hard=192 obsc=210 yr=  0  nz=0.08 flt=0.02 dmap=+0/-0 shz=4.0 plan=23 cmd=(lx=+0.00,ly=+0.40,rx=+0.00)
  t= 21.3 DWA-F pos=(-1.30,-0.23) yaw=+167.1 d=4.74 goal_err=-31 carrot_err= -29 c0=1.50 clear=1.00 prog=0.31 rel=0.91 bal=+0.24 obs=196 hard=192 obsc=210 yr=  0  nz=0.10 flt=0.02 dmap=+0/-1 shz=4.0 plan=23 cmd=(lx=+0.00,ly=+0.40,rx=+0.00)
  t= 21.7 DWA-F pos=(-1.34,-0.22) yaw=+167.1 d=4.70 goal_err=-31 carrot_err= -30 c0=1.46 clear=0.97 prog=0.31 rel=0.93 bal=+0.24 obs=194 hard=192 obsc=210 yr=  0  nz=0.07 flt=0.00 dmap=+0/-0 shz=4.0 plan=23 cmd=(lx=+0.00,ly=+0.40,rx=+0.00)
  t= 22.1 DWA-F pos=(-1.39,-0.21) yaw=+167.1 d=4.66 goal_err=-31 carrot_err= -32 c0=1.41 clear=0.94 prog=0.31 rel=0.91 bal=+0.24 obs=196 hard=191 obsc=209 yr=  0  nz=0.09 flt=0.00 dmap=+0/-0 shz=4.0 plan=23 cmd=(lx=+0.00,ly=+0.40,rx=+0.00)
  t= 22.6 DWA-F pos=(-1.43,-0.20) yaw=+167.1 d=4.63 goal_err=-32 carrot_err= -15 c0=1.37 clear=0.91 prog=0.31 rel=0.91 bal=+0.23 obs=195 hard=190 obsc=207 yr=  0  nz=0.09 flt=0.00 dmap=+0/-0 shz=4.0 plan=22 cmd=(lx=+0.00,ly=+0.40,rx=+0.00)
  t= 23.0 DWA-F pos=(-1.48,-0.19) yaw=+167.1 d=4.58 goal_err=-32 carrot_err= -16 c0=1.32 clear=0.88 prog=0.33 rel=0.92 bal=+0.23 obs=194 hard=193 obsc=208 yr=  0  nz=0.08 flt=0.00 dmap=+1/-2 shz=4.0 plan=22 cmd=(lx=+0.00,ly=+0.40,rx=+0.00)
  t= 23.4 DWA-F pos=(-1.53,-0.18) yaw=+167.1 d=4.54 goal_err=-32 carrot_err= -16 c0=1.27 clear=0.85 prog=0.31 rel=0.92 bal=+0.10 obs=194 hard=191 obsc=206 yr=  0  nz=0.08 flt=0.02 dmap=+0/-0 shz=4.0 plan=22 cmd=(lx=+0.00,ly=+0.40,rx=+0.00)
  t= 23.8 DWA-F pos=(-1.57,-0.17) yaw=+167.1 d=4.50 goal_err=-33 carrot_err= -22 c0=1.23 clear=0.82 prog=0.31 rel=0.92 bal=+0.10 obs=195 hard=191 obsc=208 yr=  0  nz=0.08 flt=0.02 dmap=+0/-0 shz=4.0 plan=21 cmd=(lx=+0.00,ly=+0.40,rx=+0.00)
  t= 24.3 DWA-F pos=(-1.61,-0.16) yaw=+167.1 d=4.47 goal_err=-33 carrot_err= -22 c0=1.19 clear=0.79 prog=0.31 rel=0.91 bal=+0.10 obs=196 hard=192 obsc=208 yr=  0  nz=0.09 flt=0.01 dmap=+1/-0 shz=4.0 plan=21 cmd=(lx=+0.00,ly=+0.40,rx=+0.00)
  t= 24.7 DWA-F pos=(-1.66,-0.15) yaw=+167.1 d=4.43 goal_err=-33 carrot_err= -24 c0=1.14 clear=0.76 prog=0.31 rel=0.92 bal=+0.10 obs=196 hard=193 obsc=209 yr=  0  nz=0.08 flt=0.01 dmap=+0/-0 shz=4.0 plan=21 cmd=(lx=+0.00,ly=+0.40,rx=+0.00)
  t= 25.1 DWA-F pos=(-1.71,-0.14) yaw=+167.1 d=4.38 goal_err=-34 carrot_err= -25 c0=1.09 clear=0.73 prog=0.31 rel=0.91 bal=+0.11 obs=194 hard=193 obsc=207 yr=  0  nz=0.09 flt=0.01 dmap=+0/-0 shz=4.0 plan=21 cmd=(lx=+0.00,ly=+0.40,rx=+0.00)
  t= 25.5 DWA-F pos=(-1.75,-0.13) yaw=+167.1 d=4.35 goal_err=-34 carrot_err= -19 c0=1.05 clear=0.70 prog=0.31 rel=0.92 bal=+0.11 obs=196 hard=193 obsc=208 yr=  0  nz=0.08 flt=0.02 dmap=+1/-0 shz=4.0 plan=20 cmd=(lx=+0.00,ly=+0.40,rx=+0.00)
  t= 26.0 DWA-F pos=(-1.80,-0.12) yaw=+167.1 d=4.31 goal_err=-34 carrot_err= -20 c0=1.01 clear=0.67 prog=0.31 rel=0.91 bal=+0.10 obs=196 hard=193 obsc=208 yr=  0  nz=0.09 flt=0.01 dmap=+0/-0 shz=4.0 plan=20 cmd=(lx=+0.00,ly=+0.40,rx=+0.00)
  t= 26.4 DWA-F pos=(-1.84,-0.11) yaw=+167.1 d=4.27 goal_err=-35 carrot_err= -21 c0=0.96 clear=0.64 prog=0.30 rel=0.93 bal=+0.10 obs=198 hard=194 obsc=210 yr=  0  nz=0.07 flt=0.02 dmap=+0/-0 shz=4.0 plan=20 cmd=(lx=+0.00,ly=+0.40,rx=+0.00)
  t= 26.8 DWA-F pos=(-1.89,-0.09) yaw=+167.1 d=4.23 goal_err=-35 carrot_err= -32 c0=0.91 clear=0.61 prog=0.32 rel=0.93 bal=+0.09 obs=197 hard=192 obsc=209 yr=  0  nz=0.07 flt=0.00 dmap=+0/-1 shz=4.0 plan=20 cmd=(lx=+0.00,ly=+0.40,rx=+0.00)
  t= 27.3 DWA-F pos=(-1.94,-0.08) yaw=+167.1 d=4.19 goal_err=-35 carrot_err= -33 c0=0.87 clear=0.58 prog=0.30 rel=0.91 bal=+0.09 obs=198 hard=194 obsc=209 yr=  0G nz=0.09 flt=0.01 dmap=+0/-0 shz=4.0 plan=20 cmd=(lx=+0.00,ly=+0.40,rx=+0.45)
  t= 27.7 DWA-F pos=(-1.98,-0.07) yaw=+162.3 d=4.15 goal_err=-31 carrot_err= -30 c0=1.03 clear=0.68 prog=0.30 rel=0.92 bal=+0.01 obs=198 hard=194 obsc=209 yr= 15  nz=0.08 flt=0.14 dmap=+0/-0 shz=4.0 plan=20 cmd=(lx=+0.00,ly=+0.40,rx=+0.00)
  t= 28.1 DWA-F pos=(-2.02,-0.06) yaw=+160.7 d=4.11 goal_err=-30 carrot_err= -29 c0=1.18 clear=0.79 prog=0.30 rel=0.75 bal=-0.01 obs=209 hard=197 obsc=218 yr=  0  nz=0.25 flt=0.06 dmap=+0/-0 shz=4.0 plan=20 cmd=(lx=+0.00,ly=+0.40,rx=+0.00)
  t= 28.6 DWA-F pos=(-2.08,-0.04) yaw=+160.7 d=4.07 goal_err=-30 carrot_err= -22 c0=1.13 clear=0.75 prog=0.32 rel=0.74 bal=-0.02 obs=208 hard=198 obsc=218 yr=  0  nz=0.26 flt=0.02 dmap=+1/-1 shz=4.0 plan=19 cmd=(lx=+0.00,ly=+0.40,rx=+0.00)
  t= 29.0 DWA-F pos=(-2.12,-0.03) yaw=+160.7 d=4.03 goal_err=-30 carrot_err= -23 c0=1.08 clear=0.72 prog=0.31 rel=0.79 bal=-0.04 obs=207 hard=200 obsc=218 yr=  0  nz=0.21 flt=0.02 dmap=+1/-2 shz=4.0 plan=19 cmd=(lx=+0.00,ly=+0.40,rx=+0.00)
  t= 29.4 DWA-F pos=(-2.16,-0.01) yaw=+160.7 d=3.99 goal_err=-31 carrot_err= -24 c0=1.04 clear=0.69 prog=0.31 rel=0.92 bal=-0.11 obs=207 hard=197 obsc=216 yr=  0  nz=0.08 flt=0.02 dmap=+0/-0 shz=4.0 plan=19 cmd=(lx=+0.00,ly=+0.40,rx=+0.00)
  t= 29.9 DWA-F pos=(-2.20,+0.00) yaw=+160.7 d=3.95 goal_err=-31 carrot_err= -17 c0=1.00 clear=0.67 prog=0.31 rel=0.93 bal=-0.13 obs=211 hard=199 obsc=219 yr=  0  nz=0.07 flt=0.01 dmap=+2/-0 shz=4.0 plan=18 cmd=(lx=+0.00,ly=+0.40,rx=+0.00)
  t= 30.3 DWA-F pos=(-2.25,+0.02) yaw=+160.7 d=3.90 goal_err=-31 carrot_err= -18 c0=0.95 clear=0.63 prog=0.31 rel=0.92 bal=-0.41 obs=212 hard=200 obsc=220 yr=  0  nz=0.08 flt=0.00 dmap=+1/-0 shz=4.0 plan=18 cmd=(lx=+0.00,ly=+0.40,rx=+0.00)
  t= 30.7 DWA-F pos=(-2.30,+0.04) yaw=+160.7 d=3.87 goal_err=-32 carrot_err= -19 c0=0.91 clear=0.60 prog=0.31 rel=0.92 bal=-0.43 obs=212 hard=203 obsc=221 yr=  0  nz=0.08 flt=0.02 dmap=+0/-0 shz=4.0 plan=18 cmd=(lx=+0.00,ly=+0.40,rx=+0.00)
  t= 31.1 DWA-F pos=(-2.34,+0.05) yaw=+160.7 d=3.83 goal_err=-32 carrot_err= -20 c0=0.86 clear=0.58 prog=0.31 rel=0.90 bal=-0.53 obs=211 hard=201 obsc=221 yr=  0  nz=0.10 flt=0.02 dmap=+0/-0 shz=4.0 plan=18 cmd=(lx=+0.00,ly=+0.40,rx=+0.00)
  t= 31.6 DWA-F pos=(-2.39,+0.07) yaw=+160.7 d=3.78 goal_err=-32 carrot_err= -22 c0=0.81 clear=0.54 prog=0.32 rel=0.92 bal=-0.44 obs=212 hard=200 obsc=220 yr=  0  nz=0.09 flt=0.02 dmap=+1/-0 shz=4.0 plan=17 cmd=(lx=+0.00,ly=+0.40,rx=+0.00)
  t= 32.0 DWA-F pos=(-2.43,+0.08) yaw=+160.7 d=3.74 goal_err=-33 carrot_err= -23 c0=0.97 clear=0.65 prog=0.31 rel=0.92 bal=-0.43 obs=212 hard=201 obsc=221 yr=  0  nz=0.08 flt=0.00 dmap=+0/-0 shz=4.0 plan=17 cmd=(lx=+0.00,ly=+0.40,rx=+0.00)
  t= 32.5 DWA-F pos=(-2.47,+0.10) yaw=+160.7 d=3.71 goal_err=-33 carrot_err= -24 c0=1.13 clear=0.75 prog=0.30 rel=0.81 bal=-0.42 obs=213 hard=203 obsc=223 yr=  0  nz=0.19 flt=0.00 dmap=+0/-0 shz=4.0 plan=17 cmd=(lx=+0.00,ly=+0.40,rx=+0.00)
  t= 32.9 ENG-F pos=(-2.53,+0.12) yaw=+160.7 d=3.66 goal_err=-34 carrot_err= -26 c0=1.08 clear=0.72 prog=0.32 rel=0.78 bal=-0.41 obs=214 hard=202 obsc=224 yr=  0  nz=0.22 flt=0.01 dmap=+0/-0 shz=4.0 plan=16 cmd=(lx=+0.00,ly=+0.28,rx=+0.00)
  t= 33.3 ENG-F pos=(-2.57,+0.13) yaw=+160.7 d=3.62 goal_err=-34 carrot_err= -27 c0=1.03 clear=0.69 prog=0.32 rel=0.81 bal=-0.40 obs=217 hard=205 obsc=228 yr=  0  nz=0.19 flt=0.00 dmap=+3/-3 shz=4.0 plan=16 cmd=(lx=+0.00,ly=+0.28,rx=+0.00)
  t= 33.7 ENG-F pos=(-2.60,+0.14) yaw=+160.7 d=3.59 goal_err=-34 carrot_err= -28 c0=1.00 clear=0.67 prog=0.29 rel=0.90 bal=-0.29 obs=218 hard=205 obsc=228 yr=  0  nz=0.10 flt=0.02 dmap=+0/-0 shz=4.0 plan=16 cmd=(lx=+0.00,ly=+0.28,rx=+0.00)
  t= 34.1 ENG-F pos=(-2.64,+0.16) yaw=+160.7 d=3.56 goal_err=-35 carrot_err= -29 c0=0.96 clear=0.64 prog=0.28 rel=0.92 bal=-0.29 obs=218 hard=205 obsc=226 yr=  0  nz=0.08 flt=0.02 dmap=+0/-0 shz=4.0 plan=16 cmd=(lx=+0.00,ly=+0.28,rx=+0.00)
  t= 34.6 ENG-F pos=(-2.67,+0.17) yaw=+160.7 d=3.53 goal_err=-35 carrot_err= -31 c0=0.93 clear=0.62 prog=0.26 rel=0.93 bal=-0.35 obs=218 hard=206 obsc=228 yr=  0  nz=0.07 flt=0.00 dmap=+1/-1 shz=4.0 plan=16 cmd=(lx=+0.00,ly=+0.28,rx=+0.00)
  t= 35.0 ENG-F pos=(-2.70,+0.18) yaw=+160.7 d=3.50 goal_err=-35 carrot_err= -32 c0=0.90 clear=0.60 prog=0.25 rel=0.94 bal=-0.36 obs=219 hard=205 obsc=227 yr=  0  nz=0.06 flt=0.02 dmap=+0/-0 shz=4.0 plan=16 cmd=(lx=+0.00,ly=+0.28,rx=+0.00)
  t= 35.4 ENG-F pos=(-2.74,+0.19) yaw=+160.7 d=3.48 goal_err=-36 carrot_err= -33 c0=0.86 clear=0.57 prog=0.23 rel=0.92 bal=-0.29 obs=221 hard=209 obsc=230 yr=  0  nz=0.08 flt=0.03 dmap=+0/-0 shz=4.0 plan=16 cmd=(lx=+0.00,ly=+0.28,rx=+0.00)
  t= 35.8 ENG-F pos=(-2.77,+0.20) yaw=+160.7 d=3.45 goal_err=-36 carrot_err= -35 c0=0.83 clear=0.55 prog=0.23 rel=0.93 bal=-0.29 obs=222 hard=210 obsc=229 yr=  0  nz=0.07 flt=0.01 dmap=+0/-0 shz=4.0 plan=16 cmd=(lx=+0.00,ly=+0.28,rx=+0.00)
  t= 36.2 ENG-F pos=(-2.81,+0.22) yaw=+160.7 d=3.42 goal_err=-36 carrot_err= -25 c0=0.79 clear=0.53 prog=0.23 rel=0.93 bal=-0.29 obs=222 hard=209 obsc=229 yr=  0  nz=0.07 flt=0.02 dmap=+0/-0 shz=4.0 plan=16 cmd=(lx=+0.00,ly=+0.28,rx=+0.00)
  t= 36.7 ENG-F pos=(-2.85,+0.23) yaw=+160.7 d=3.38 goal_err=-37 carrot_err= -27 c0=0.75 clear=0.50 prog=0.24 rel=0.92 bal=-0.26 obs=222 hard=211 obsc=231 yr=  0  nz=0.08 flt=0.01 dmap=+0/-0 shz=4.0 plan=16 cmd=(lx=+0.00,ly=+0.28,rx=+0.00)
  t= 37.1 ENG-F pos=(-2.88,+0.24) yaw=+160.7 d=3.35 goal_err=-37 carrot_err= -28 c0=0.72 clear=0.48 prog=0.24 rel=0.93 bal=-0.26 obs=223 hard=209 obsc=230 yr=  0  nz=0.07 flt=0.00 dmap=+1/-0 shz=4.0 plan=16 cmd=(lx=+0.00,ly=+0.28,rx=+0.00)
  t= 37.5 ENG-F pos=(-2.90,+0.25) yaw=+157.5 d=3.34 goal_err=-34 carrot_err= -25 c0=0.72 clear=0.48 prog=0.21 rel=0.93 bal=-0.27 obs=223 hard=209 obsc=230 yr= 15  nz=0.07 flt=0.02 dmap=+0/-0 shz=4.0 plan=16 cmd=(lx=+0.00,ly=+0.28,rx=+0.00)
  t= 37.9 ENG-F pos=(-2.93,+0.26) yaw=+157.5 d=3.31 goal_err=-35 carrot_err= -26 c0=0.68 clear=0.45 prog=0.21 rel=0.94 bal=-0.27 obs=223 hard=210 obsc=230 yr=  0  nz=0.06 flt=0.01 dmap=+0/-0 shz=4.0 plan=16 cmd=(lx=+0.00,ly=+0.28,rx=+0.00)
  t= 38.4 ENG-T pos=(-2.97,+0.28) yaw=+157.5 d=3.28 goal_err=-35 carrot_err= -28 c0=0.65 clear=0.43 prog=0.20 rel=0.94 bal=-0.16 obs=221 hard=211 obsc=230 yr=  0G nz=0.06 flt=0.00 dmap=+0/-0 shz=4.0 plan=16 cmd=(lx=+0.00,ly=+0.00,rx=+0.45)
  t= 38.8 ENG-F pos=(-2.98,+0.28) yaw=+152.6 d=3.26 goal_err=-30 carrot_err= -24 c0=0.63 clear=0.42 prog=0.18 rel=0.94 bal=-0.20 obs=222 hard=210 obsc=229 yr=  0  nz=0.06 flt=0.00 dmap=+1/-0 shz=4.0 plan=16 cmd=(lx=+0.00,ly=+0.28,rx=+0.00)
  t= 39.2 ENG-F pos=(-3.01,+0.30) yaw=+152.6 d=3.23 goal_err=-31 carrot_err= -23 c0=0.59 clear=0.40 prog=0.18 rel=0.94 bal=-0.20 obs=221 hard=210 obsc=229 yr=  0  nz=0.06 flt=0.00 dmap=+0/-0 shz=4.0 plan=15 cmd=(lx=+0.00,ly=+0.28,rx=+0.00)
  t= 39.6 ENG-T pos=(-3.05,+0.32) yaw=+152.6 d=3.20 goal_err=-31 carrot_err= -24 c0=0.56 clear=0.37 prog=0.21 rel=0.94 bal=-0.21 obs=221 hard=208 obsc=228 yr=  0  nz=0.06 flt=0.00 dmap=+0/-0 shz=4.0 plan=15 cmd=(lx=+0.00,ly=+0.00,rx=+0.45)
  t= 40.1 ENG-F pos=(-3.05,+0.32) yaw=+147.8 d=3.19 goal_err=-26 carrot_err= -19 c0=0.55 clear=0.37 prog=0.17 rel=0.93 bal=-0.21 obs=229 hard=214 obsc=244 yr= 15  nz=0.07 flt=0.06 dmap=+8/-0 shz=4.0 plan=15 cmd=(lx=+0.00,ly=+0.28,rx=+0.00)
  t= 40.5 ENG-F pos=(-3.08,+0.34) yaw=+147.8 d=3.16 goal_err=-26 carrot_err= -20 c0=0.58 clear=0.39 prog=0.19 rel=0.96 bal=-0.22 obs=231 hard=215 obsc=244 yr=  0  nz=0.04 flt=0.05 dmap=+0/-0 shz=4.0 plan=15 cmd=(lx=+0.00,ly=+0.28,rx=+0.00)
  t= 40.9 ENG-T pos=(-3.12,+0.36) yaw=+147.8 d=3.12 goal_err=-27 carrot_err= -21 c0=0.53 clear=0.35 prog=0.22 rel=0.96 bal=-0.16 obs=228 hard=214 obsc=241 yr=  0G nz=0.04 flt=0.01 dmap=+0/-0 shz=4.0 plan=15 cmd=(lx=+0.00,ly=+0.00,rx=+0.45)
  t= 41.3 ENG-F pos=(-3.14,+0.37) yaw=+144.6 d=3.11 goal_err=-24 carrot_err= -18 c0=0.70 clear=0.47 prog=0.19 rel=0.95 bal=-0.16 obs=238 hard=226 obsc=253 yr=  0  nz=0.04 flt=0.02 dmap=+1/-3 shz=4.0 plan=15 cmd=(lx=+0.00,ly=+0.28,rx=+0.00)
  t= 41.8 ENG-F pos=(-3.16,+0.39) yaw=+143.0 d=3.08 goal_err=-22 carrot_err= -17 c0=0.68 clear=0.45 prog=0.20 rel=0.89 bal=-0.15 obs=239 hard=227 obsc=254 yr= 15G nz=0.11 flt=0.00 dmap=+0/-0 shz=4.0 plan=15 cmd=(lx=+0.00,ly=+0.28,rx=+0.00)
  t= 42.2 ENG-F pos=(-3.17,+0.40) yaw=+139.8 d=3.07 goal_err=-19 carrot_err= -14 c0=0.66 clear=0.44 prog=0.19 rel=0.89 bal=-0.14 obs=241 hard=227 obsc=254 yr=  0  nz=0.11 flt=0.02 dmap=+1/-0 shz=4.0 plan=15 cmd=(lx=+0.00,ly=+0.28,rx=+0.00)
  t= 42.6 ENG-T pos=(-3.20,+0.42) yaw=+139.8 d=3.04 goal_err=-19 carrot_err= -15 c0=0.63 clear=0.42 prog=0.19 rel=0.91 bal=+0.48 obs=241 hard=228 obsc=255 yr=  0  nz=0.09 flt=0.00 dmap=+1/-2 shz=4.0 plan=15 cmd=(lx=+0.00,ly=+0.00,rx=+0.45)
  t= 43.0 ENG-F pos=(-3.21,+0.43) yaw=+135.0 d=3.02 goal_err=-15 carrot_err= -10 c0=0.87 clear=0.58 prog=0.17 rel=0.88 bal=+0.49 obs=241 hard=228 obsc=255 yr= 15  nz=0.12 flt=0.12 dmap=+0/-0 shz=4.0 plan=15 cmd=(lx=+0.00,ly=+0.28,rx=+0.00)
  t= 43.5 ENG-GO pos=(-3.23,+0.45) yaw=+135.0 d=2.99 goal_err=-15 carrot_err= -11 c0=0.85 clear=0.56 prog=0.17 rel=0.83 bal=+0.50 obs=245 hard=226 obsc=254 yr=  0  nz=0.17 flt=0.04 dmap=+0/-0 shz=4.0 plan=15 cmd=(lx=+0.00,ly=+0.28,rx=+0.00)
  t= 43.9 ENG-GO pos=(-3.24,+0.47) yaw=+135.0 d=2.97 goal_err=-15 carrot_err= -11 c0=0.82 clear=0.55 prog=0.20 rel=0.83 bal=+0.51 obs=244 hard=227 obsc=253 yr=  0  nz=0.17 flt=0.02 dmap=+0/-1 shz=4.0 plan=15 cmd=(lx=+0.00,ly=+0.28,rx=+0.00)
  t= 44.3 ENG-GO pos=(-3.27,+0.49) yaw=+135.0 d=2.94 goal_err=-15 carrot_err= -12 c0=0.80 clear=0.53 prog=0.19 rel=0.87 bal=+0.52 obs=244 hard=228 obsc=252 yr=  0  nz=0.13 flt=0.00 dmap=+0/-0 shz=4.0 plan=15 cmd=(lx=+0.00,ly=+0.28,rx=+0.00)
  t= 44.7 ENG-GO pos=(-3.29,+0.51) yaw=+135.0 d=2.91 goal_err=-15 carrot_err=  -8 c0=0.77 clear=0.51 prog=0.19 rel=0.94 bal=+0.54 obs=243 hard=224 obsc=251 yr=  0  nz=0.06 flt=0.00 dmap=+0/-0 shz=4.0 plan=15 cmd=(lx=+0.00,ly=+0.28,rx=+0.00)
  t= 45.2 ENG-GO pos=(-3.31,+0.54) yaw=+135.0 d=2.87 goal_err=-16 carrot_err=  -9 c0=0.73 clear=0.49 prog=0.23 rel=0.94 bal=+0.55 obs=244 hard=225 obsc=252 yr=  0  nz=0.06 flt=0.00 dmap=+0/-0 shz=4.0 plan=15 cmd=(lx=+0.00,ly=+0.28,rx=+0.00)
  t= 45.6 ENG-GO pos=(-3.34,+0.56) yaw=+135.0 d=2.85 goal_err=-16 carrot_err=  -7 c0=1.15 clear=0.77 prog=0.24 rel=0.94 bal=+0.57 obs=241 hard=225 obsc=251 yr=  0  nz=0.06 flt=0.02 dmap=+1/-2 shz=4.0 plan=13 cmd=(lx=+0.00,ly=+0.28,rx=+0.00)
  t= 46.0 ENG-GO pos=(-3.36,+0.58) yaw=+135.0 d=2.81 goal_err=-16 carrot_err=  -7 c0=1.12 clear=0.75 prog=0.25 rel=0.73 bal=+0.59 obs=241 hard=225 obsc=250 yr=  0  nz=0.27 flt=0.00 dmap=+1/-0 shz=4.0 plan=13 cmd=(lx=+0.00,ly=+0.28,rx=+0.00)
  t= 46.4 ENG-GO pos=(-3.38,+0.60) yaw=+135.0 d=2.78 goal_err=-16 carrot_err=  -7 c0=1.09 clear=0.73 prog=0.25 rel=0.70 bal=+0.02 obs=245 hard=227 obsc=253 yr=  0  nz=0.30 flt=0.00 dmap=+1/-0 shz=4.0 plan=13 cmd=(lx=+0.00,ly=+0.28,rx=+0.00)
  t= 46.9 ENG-GO pos=(-3.40,+0.63) yaw=+135.0 d=2.75 goal_err=-16 carrot_err=  -7 c0=1.06 clear=0.71 prog=0.25 rel=0.72 bal=+0.02 obs=245 hard=228 obsc=254 yr=  0  nz=0.28 flt=0.00 dmap=+0/-1 shz=4.0 plan=13 cmd=(lx=+0.00,ly=+0.28,rx=+0.00)
  t= 47.3 ENG-GO pos=(-3.43,+0.66) yaw=+135.0 d=2.71 goal_err=-16 carrot_err=  -8 c0=1.11 clear=0.74 prog=0.25 rel=0.96 bal=+0.02 obs=245 hard=226 obsc=253 yr=  0  nz=0.04 flt=0.03 dmap=+0/-0 shz=4.0 plan=13 cmd=(lx=+0.00,ly=+0.28,rx=+0.00)
  t= 47.7 ENG-GO pos=(-3.46,+0.68) yaw=+135.0 d=2.68 goal_err=-17 carrot_err=  -8 c0=1.08 clear=0.72 prog=0.26 rel=0.96 bal=-0.02 obs=244 hard=228 obsc=255 yr=  0  nz=0.04 flt=0.02 dmap=+0/-0 shz=4.0 plan=13 cmd=(lx=+0.00,ly=+0.28,rx=+0.00)
  t= 48.1 ENG-GO pos=(-3.48,+0.71) yaw=+135.0 d=2.65 goal_err=-17 carrot_err=  -8 c0=1.04 clear=0.69 prog=0.27 rel=0.96 bal=+0.02 obs=239 hard=224 obsc=249 yr=  0  nz=0.04 flt=0.01 dmap=+0/-3 shz=4.0 plan=13 cmd=(lx=+0.00,ly=+0.28,rx=+0.00)
  t= 48.6 ENG-GO pos=(-3.51,+0.73) yaw=+135.0 d=2.61 goal_err=-17 carrot_err=  -9 c0=1.01 clear=0.67 prog=0.27 rel=0.94 bal=+0.01 obs=239 hard=222 obsc=246 yr=  0  nz=0.06 flt=0.00 dmap=+0/-0 shz=4.0 plan=13 cmd=(lx=+0.00,ly=+0.28,rx=+0.00)
  t= 49.0 ENG-GO pos=(-3.53,+0.76) yaw=+135.0 d=2.58 goal_err=-17 carrot_err=  -7 c0=0.97 clear=0.65 prog=0.27 rel=0.92 bal=+0.01 obs=240 hard=223 obsc=248 yr=  0  nz=0.08 flt=0.00 dmap=+0/-0 shz=4.0 plan=12 cmd=(lx=+0.00,ly=+0.28,rx=+0.00)
  t= 49.4 ENG-GO pos=(-3.57,+0.79) yaw=+135.0 d=2.54 goal_err=-18 carrot_err=  -7 c0=0.93 clear=0.62 prog=0.29 rel=0.93 bal=+0.00 obs=240 hard=222 obsc=247 yr=  0  nz=0.07 flt=0.00 dmap=+0/-0 shz=4.0 plan=12 cmd=(lx=+0.00,ly=+0.28,rx=+0.00)
  t= 49.8 ENG-GO pos=(-3.59,+0.81) yaw=+135.0 d=2.50 goal_err=-18 carrot_err=  -7 c0=0.90 clear=0.60 prog=0.29 rel=0.92 bal=-0.00 obs=242 hard=224 obsc=249 yr=  0  nz=0.08 flt=0.02 dmap=+0/-0 shz=4.0 plan=12 cmd=(lx=+0.00,ly=+0.28,rx=+0.00)
  t= 50.3 ENG-GO pos=(-3.62,+0.84) yaw=+135.0 d=2.47 goal_err=-18 carrot_err=  -7 c0=0.86 clear=0.57 prog=0.29 rel=0.92 bal=-0.01 obs=242 hard=225 obsc=249 yr=  0  nz=0.08 flt=0.00 dmap=+0/-0 shz=4.0 plan=12 cmd=(lx=+0.00,ly=+0.28,rx=+0.00)
  t= 50.7 ENG-GO pos=(-3.64,+0.86) yaw=+135.0 d=2.43 goal_err=-18 carrot_err=  -8 c0=0.83 clear=0.55 prog=0.28 rel=0.91 bal=-0.02 obs=239 hard=224 obsc=248 yr=  0  nz=0.09 flt=0.02 dmap=+1/-2 shz=4.0 plan=12 cmd=(lx=+0.00,ly=+0.28,rx=+0.00)
  t= 51.1 ENG-GO pos=(-3.67,+0.89) yaw=+135.0 d=2.40 goal_err=-19 carrot_err=  -8 c0=0.80 clear=0.53 prog=0.28 rel=0.92 bal=-0.02 obs=240 hard=223 obsc=248 yr=  0  nz=0.08 flt=0.00 dmap=+0/-0 shz=4.0 plan=12 cmd=(lx=+0.00,ly=+0.28,rx=+0.00)
  t= 51.5 ENG-GO pos=(-3.70,+0.92) yaw=+135.0 d=2.36 goal_err=-19 carrot_err=  -9 c0=0.75 clear=0.50 prog=0.28 rel=0.92 bal=-0.02 obs=237 hard=221 obsc=247 yr=  0  nz=0.08 flt=0.00 dmap=+0/-0 shz=4.0 plan=12 cmd=(lx=+0.00,ly=+0.28,rx=+0.00)
  t= 52.0 ENG-GO pos=(-3.72,+0.95) yaw=+135.0 d=2.32 goal_err=-19 carrot_err=  -7 c0=0.72 clear=0.48 prog=0.28 rel=0.93 bal=-0.03 obs=235 hard=219 obsc=243 yr=  0  nz=0.07 flt=0.01 dmap=+0/-1 shz=4.0 plan=11 cmd=(lx=+0.00,ly=+0.28,rx=+0.00)
  t= 52.4 ENG-GO pos=(-3.75,+0.97) yaw=+135.0 d=2.29 goal_err=-20 carrot_err=  -7 c0=0.78 clear=0.52 prog=0.28 rel=0.93 bal=-0.04 obs=236 hard=219 obsc=243 yr=  0  nz=0.07 flt=0.00 dmap=+1/-0 shz=4.0 plan=11 cmd=(lx=+0.00,ly=+0.28,rx=+0.00)
  t= 52.8 ENG-GO pos=(-3.78,+1.00) yaw=+135.0 d=2.25 goal_err=-20 carrot_err=  -7 c0=0.74 clear=0.49 prog=0.28 rel=0.95 bal=-0.06 obs=239 hard=222 obsc=246 yr=  0  nz=0.05 flt=0.01 dmap=+0/-0 shz=4.0 plan=11 cmd=(lx=+0.00,ly=+0.28,rx=+0.00)
  t= 53.2 ENG-GO pos=(-3.80,+1.02) yaw=+135.0 d=2.22 goal_err=-20 carrot_err=  -7 c0=0.71 clear=0.47 prog=0.28 rel=0.95 bal=-0.07 obs=238 hard=221 obsc=246 yr=  0  nz=0.04 flt=0.00 dmap=+0/-0 shz=4.0 plan=11 cmd=(lx=+0.00,ly=+0.28,rx=+0.00)
  t= 53.6 ENG-GO pos=(-3.83,+1.05) yaw=+135.0 d=2.19 goal_err=-21 carrot_err=  -8 c0=0.67 clear=0.45 prog=0.27 rel=0.94 bal=-0.08 obs=238 hard=221 obsc=246 yr=  0  nz=0.06 flt=0.00 dmap=+0/-1 shz=4.0 plan=11 cmd=(lx=+0.00,ly=+0.28,rx=+0.00)
  t= 54.1 ENG-GO pos=(-3.86,+1.08) yaw=+135.0 d=2.14 goal_err=-21 carrot_err=  -8 c0=0.63 clear=0.42 prog=0.28 rel=0.93 bal=-0.12 obs=238 hard=220 obsc=245 yr=  0  nz=0.07 flt=0.00 dmap=+0/-0 shz=4.0 plan=11 cmd=(lx=+0.00,ly=+0.28,rx=+0.00)
  t= 54.5 ENG-GO pos=(-3.88,+1.11) yaw=+135.0 d=2.11 goal_err=-21 carrot_err=  -8 c0=0.59 clear=0.40 prog=0.28 rel=0.92 bal=-0.07 obs=238 hard=222 obsc=245 yr=  0  nz=0.09 flt=0.00 dmap=+1/-0 shz=4.0 plan=11 cmd=(lx=+0.00,ly=+0.28,rx=+0.00)
  t= 54.9 ENG-GO pos=(-3.91,+1.13) yaw=+135.0 d=2.08 goal_err=-22 carrot_err= -15 c0=0.56 clear=0.37 prog=0.28 rel=0.91 bal=-0.06 obs=237 hard=222 obsc=244 yr=  0  nz=0.09 flt=0.03 dmap=+0/-0 shz=4.0 plan=11 cmd=(lx=+0.00,ly=+0.28,rx=+0.00)
  t= 55.3 ENG-GO pos=(-3.93,+1.16) yaw=+135.0 d=2.04 goal_err=-22 carrot_err= -16 c0=0.53 clear=0.35 prog=0.28 rel=0.93 bal=-0.05 obs=237 hard=223 obsc=246 yr=  0  nz=0.07 flt=0.02 dmap=+0/-0 shz=4.0 plan=10 cmd=(lx=+0.00,ly=+0.28,rx=+0.00)
  t= 55.7 ENG-GO pos=(-3.96,+1.18) yaw=+135.0 d=2.01 goal_err=-22 carrot_err= -17 c0=0.77 clear=0.51 prog=0.26 rel=0.86 bal=+0.02 obs=237 hard=222 obsc=245 yr=  0  nz=0.14 flt=0.00 dmap=+2/-1 shz=4.0 plan=10 cmd=(lx=+0.00,ly=+0.28,rx=+0.00)
  t= 56.2 ENG-GO pos=(-3.98,+1.21) yaw=+135.0 d=1.98 goal_err=-23 carrot_err= -17 c0=0.73 clear=0.49 prog=0.26 rel=0.83 bal=+0.02 obs=239 hard=223 obsc=246 yr=  0  nz=0.17 flt=0.00 dmap=+1/-0 shz=4.0 plan=10 cmd=(lx=+0.00,ly=+0.28,rx=+0.00)
  t= 56.6 ENG-GO pos=(-4.01,+1.24) yaw=+135.0 d=1.94 goal_err=-23 carrot_err= -18 c0=0.69 clear=0.46 prog=0.27 rel=0.85 bal=+0.02 obs=240 hard=224 obsc=247 yr=  0  nz=0.15 flt=0.00 dmap=+0/-0 shz=4.0 plan=10 cmd=(lx=+0.00,ly=+0.28,rx=+0.00)
  t= 57.0 ENG-GO pos=(-4.03,+1.26) yaw=+135.0 d=1.91 goal_err=-24 carrot_err= -19 c0=0.66 clear=0.44 prog=0.26 rel=0.92 bal=+0.02 obs=240 hard=226 obsc=248 yr=  0  nz=0.08 flt=0.00 dmap=+0/-0 shz=4.0 plan=10 cmd=(lx=+0.00,ly=+0.28,rx=+0.00)
  t= 57.4 ENG-GO pos=(-4.06,+1.28) yaw=+135.0 d=1.88 goal_err=-24 carrot_err= -20 c0=0.63 clear=0.42 prog=0.25 rel=0.92 bal=+0.61 obs=238 hard=224 obsc=246 yr=  0  nz=0.08 flt=0.00 dmap=+0/-1 shz=4.0 plan=10 cmd=(lx=+0.00,ly=+0.28,rx=+0.00)
  t= 57.9 ENG-GO pos=(-4.08,+1.30) yaw=+135.0 d=1.86 goal_err=-24 carrot_err= -25 c0=0.60 clear=0.40 prog=0.24 rel=0.94 bal=+0.53 obs=235 hard=224 obsc=245 yr=  0  nz=0.06 flt=0.01 dmap=+0/-0 shz=4.0 plan=10 cmd=(lx=+0.00,ly=+0.28,rx=+0.00)
  t= 58.3 ENG-GO pos=(-4.10,+1.32) yaw=+135.0 d=1.83 goal_err=-25 carrot_err= -26 c0=0.57 clear=0.38 prog=0.23 rel=0.94 bal=+0.54 obs=239 hard=223 obsc=246 yr=  0  nz=0.06 flt=0.00 dmap=+0/-0 shz=4.0 plan=9 cmd=(lx=+0.00,ly=+0.28,rx=+0.00)
  t= 58.7 ENG-GO pos=(-4.12,+1.34) yaw=+135.0 d=1.80 goal_err=-25 carrot_err= -27 c0=0.54 clear=0.36 prog=0.22 rel=0.94 bal=+0.56 obs=239 hard=224 obsc=247 yr=  0  nz=0.06 flt=0.01 dmap=+0/-1 shz=4.0 plan=9 cmd=(lx=+0.00,ly=+0.28,rx=+0.00)
  t= 59.1 ENG-GO pos=(-4.15,+1.37) yaw=+135.0 d=1.77 goal_err=-26 carrot_err= -28 c0=1.34 clear=0.89 prog=0.23 rel=0.58 bal=+0.57 obs=238 hard=224 obsc=247 yr=  0  nz=0.42 flt=0.01 dmap=+0/-0 shz=4.0 plan=9 cmd=(lx=+0.00,ly=+0.28,rx=+0.00)
  t= 59.6 ENG-GO pos=(-4.17,+1.39) yaw=+135.0 d=1.74 goal_err=-26 carrot_err= -29 c0=1.31 clear=0.87 prog=0.22 rel=0.42 bal=+0.58 obs=240 hard=226 obsc=248 yr=  0  nz=0.58 flt=0.01 dmap=+0/-0 shz=4.0 plan=9 cmd=(lx=+0.00,ly=+0.28,rx=+0.00)
  t= 60.0 ENG-GO pos=(-4.19,+1.41) yaw=+135.0 d=1.72 goal_err=-27 carrot_err= -30 c0=1.28 clear=0.85 prog=0.22 rel=0.44 bal=+0.59 obs=244 hard=229 obsc=252 yr=  0  nz=0.56 flt=0.01 dmap=+3/-1 shz=4.0 plan=9 cmd=(lx=+0.00,ly=+0.28,rx=+0.00)
  t= 60.4 ENG-GO pos=(-4.21,+1.43) yaw=+135.0 d=1.69 goal_err=-27 carrot_err= -31 c0=1.25 clear=0.84 prog=0.22 rel=0.59 bal=+0.60 obs=242 hard=227 obsc=250 yr=  0  nz=0.41 flt=0.00 dmap=+0/-0 shz=4.0 plan=9 cmd=(lx=+0.00,ly=+0.28,rx=+0.00)
  t= 60.8 ENG-GO pos=(-4.23,+1.45) yaw=+135.0 d=1.66 goal_err=-28 carrot_err= -32 c0=1.22 clear=0.81 prog=0.21 rel=0.94 bal=+0.61 obs=244 hard=227 obsc=251 yr=  0  nz=0.06 flt=0.00 dmap=+0/-0 shz=4.0 plan=9 cmd=(lx=+0.00,ly=+0.28,rx=+0.00)
  t= 61.2 ENG-GO pos=(-4.26,+1.49) yaw=+135.0 d=1.62 goal_err=-28 carrot_err= -34 c0=1.18 clear=0.79 prog=0.23 rel=0.94 bal=+0.62 obs=245 hard=230 obsc=254 yr=  0  nz=0.06 flt=0.01 dmap=+1/-1 shz=4.0 plan=9 cmd=(lx=+0.00,ly=+0.28,rx=+0.00)
  t= 61.7 ENG-GO pos=(-4.29,+1.51) yaw=+135.0 d=1.59 goal_err=-29 carrot_err= -26 c0=1.14 clear=0.76 prog=0.24 rel=0.92 bal=+0.03 obs=245 hard=231 obsc=254 yr=  0  nz=0.08 flt=0.02 dmap=+1/-2 shz=4.0 plan=9 cmd=(lx=+0.00,ly=+0.28,rx=+0.00)
  t= 62.1 ENG-GO pos=(-4.31,+1.54) yaw=+135.0 d=1.56 goal_err=-30 carrot_err= -27 c0=0.74 clear=0.49 prog=0.25 rel=0.73 bal=+0.15 obs=245 hard=231 obsc=253 yr=  0  nz=0.27 flt=0.00 dmap=+0/-0 shz=4.0 plan=9 cmd=(lx=+0.00,ly=+0.28,rx=+0.00)
  t= 62.5 ENG-GO pos=(-4.34,+1.56) yaw=+135.0 d=1.53 goal_err=-30 carrot_err= -28 c0=1.07 clear=0.71 prog=0.26 rel=0.67 bal=+0.15 obs=244 hard=228 obsc=250 yr=  0  nz=0.33 flt=0.01 dmap=+0/-0 shz=4.0 plan=9 cmd=(lx=+0.00,ly=+0.28,rx=+0.00)
  t= 62.9 ENG-GO pos=(-4.36,+1.59) yaw=+135.0 d=1.50 goal_err=-31 carrot_err= -29 c0=1.04 clear=0.69 prog=0.26 rel=0.71 bal=+0.15 obs=245 hard=229 obsc=250 yr=  0  nz=0.28 flt=0.01 dmap=+2/-3 shz=4.0 plan=9 cmd=(lx=+0.00,ly=+0.28,rx=+0.00)
  t= 63.4 ENG-GO pos=(-4.40,+1.62) yaw=+135.0 d=1.46 goal_err=-32 carrot_err= -30 c0=0.99 clear=0.66 prog=0.26 rel=0.77 bal=-0.44 obs=246 hard=230 obsc=251 yr=  0  nz=0.23 flt=0.00 dmap=+0/-0 shz=4.0 plan=8 cmd=(lx=+0.00,ly=+0.28,rx=+0.00)
  t= 63.8 ENG-GO pos=(-4.42,+1.64) yaw=+135.0 d=1.43 goal_err=-33 carrot_err= -32 c0=0.96 clear=0.64 prog=0.26 rel=0.83 bal=-0.56 obs=246 hard=230 obsc=251 yr=  0  nz=0.17 flt=0.00 dmap=+0/-0 shz=4.0 plan=8 cmd=(lx=+0.00,ly=+0.28,rx=+0.00)
  t= 64.2 ENG-GO pos=(-4.45,+1.67) yaw=+135.0 d=1.40 goal_err=-33 carrot_err= -33 c0=0.92 clear=0.61 prog=0.26 rel=0.92 bal=-0.57 obs=248 hard=231 obsc=253 yr=  0  nz=0.08 flt=0.00 dmap=+0/-0 shz=4.0 plan=8 cmd=(lx=+0.00,ly=+0.28,rx=+0.00)
  t= 64.6 ENG-GO pos=(-4.47,+1.70) yaw=+135.0 d=1.37 goal_err=-34 carrot_err= -35 c0=0.88 clear=0.59 prog=0.25 rel=0.92 bal=-0.45 obs=246 hard=229 obsc=252 yr=  0  nz=0.08 flt=0.00 dmap=+0/-0 shz=4.0 plan=8 cmd=(lx=+0.00,ly=+0.28,rx=+0.00)
  t= 65.1 DWA-F pos=(-4.50,+1.72) yaw=+135.0 d=1.34 goal_err=-35 carrot_err= -38 c0=0.85 clear=0.57 prog=0.25 rel=0.91 bal=-0.46 obs=244 hard=227 obsc=250 yr=  0  nz=0.09 flt=0.01 dmap=+0/-0 shz=4.0 plan=8 cmd=(lx=+0.00,ly=+0.40,rx=+0.45)
  t= 65.5 DWA-F pos=(-4.53,+1.75) yaw=+131.8 d=1.31 goal_err=-33 carrot_err= -37 c0=0.81 clear=0.54 prog=0.24 rel=0.93 bal=-0.48 obs=244 hard=227 obsc=250 yr= 16G nz=0.07 flt=0.01 dmap=+0/-0 shz=4.0 plan=8 cmd=(lx=+0.00,ly=+0.40,rx=+0.45)
  t= 65.9 DWA-F pos=(-4.55,+1.80) yaw=+123.8 d=1.25 goal_err=-26 carrot_err= -31 c0=0.76 clear=0.51 prog=0.28 rel=0.92 bal=-0.40 obs=246 hard=229 obsc=252 yr= 15G nz=0.08 flt=0.07 dmap=+0/-0 shz=4.0 plan=8 cmd=(lx=+0.00,ly=+0.40,rx=+0.45)
  t= 66.3 DWA-F pos=(-4.58,+1.84) yaw=+117.4 d=1.21 goal_err=-20 carrot_err= -26 c0=0.84 clear=0.56 prog=0.30 rel=0.94 bal=-0.41 obs=246 hard=230 obsc=251 yr= 15  nz=0.06 flt=0.00 dmap=+0/-0 shz=4.0 plan=7 cmd=(lx=+0.00,ly=+0.40,rx=+0.00)
  t= 66.8 DWA-F pos=(-4.60,+1.88) yaw=+117.4 d=1.17 goal_err=-21 carrot_err= -27 c0=0.80 clear=0.53 prog=0.32 rel=0.94 bal=-0.42 obs=247 hard=232 obsc=253 yr=  0  nz=0.06 flt=0.01 dmap=+1/-1 shz=4.0 plan=7 cmd=(lx=+0.00,ly=+0.40,rx=+0.00)
  t= 67.2 DWA-F pos=(-4.62,+1.91) yaw=+117.4 d=1.13 goal_err=-22 carrot_err= -16 c0=0.76 clear=0.51 prog=0.33 rel=0.93 bal=-0.42 obs=249 hard=234 obsc=256 yr=  0  nz=0.07 flt=0.01 dmap=+0/-2 shz=4.0 plan=7 cmd=(lx=+0.00,ly=+0.40,rx=+0.00)
  t= 67.6 DWA-F pos=(-4.64,+1.96) yaw=+117.4 d=1.08 goal_err=-23 carrot_err= -17 c0=0.71 clear=0.47 prog=0.34 rel=0.92 bal=-0.50 obs=250 hard=234 obsc=255 yr=  0  nz=0.08 flt=0.01 dmap=+0/-0 shz=4.0 plan=7 cmd=(lx=+0.00,ly=+0.40,rx=+0.00)
  t= 68.1 DWA-F pos=(-4.66,+2.00) yaw=+117.4 d=1.04 goal_err=-24 carrot_err= -18 c0=0.95 clear=0.64 prog=0.33 rel=0.86 bal=-0.50 obs=246 hard=234 obsc=255 yr=  0  nz=0.14 flt=0.01 dmap=+1/-0 shz=4.0 plan=6 cmd=(lx=+0.00,ly=+0.40,rx=+0.00)
  t= 68.5 DWA-F pos=(-4.68,+2.04) yaw=+117.4 d=1.01 goal_err=-25 carrot_err= -19 c0=0.91 clear=0.61 prog=0.32 rel=0.83 bal=-0.52 obs=244 hard=228 obsc=249 yr=  0  nz=0.17 flt=0.02 dmap=+0/-0 shz=4.0 plan=6 cmd=(lx=+0.00,ly=+0.40,rx=+0.00)
  t= 68.9 DWA-F pos=(-4.70,+2.07) yaw=+117.4 d=0.97 goal_err=-26 carrot_err= -20 c0=1.29 clear=0.86 prog=0.32 rel=0.82 bal=-0.41 obs=242 hard=228 obsc=249 yr=  0  nz=0.18 flt=0.00 dmap=+0/-0 shz=4.0 plan=6 cmd=(lx=+0.00,ly=+0.40,rx=+0.00)
  t= 69.3 DWA-F pos=(-4.72,+2.12) yaw=+117.4 d=0.92 goal_err=-27 carrot_err= -22 c0=1.25 clear=0.83 prog=0.31 rel=0.69 bal=-0.47 obs=244 hard=228 obsc=249 yr=  0  nz=0.31 flt=0.01 dmap=+0/-0 shz=4.0 plan=5 cmd=(lx=+0.00,ly=+0.40,rx=+0.00)
  t= 69.8 DWA-F pos=(-4.74,+2.15) yaw=+117.4 d=0.89 goal_err=-28 carrot_err= -23 c0=1.21 clear=0.80 prog=0.31 rel=0.72 bal=-0.47 obs=245 hard=229 obsc=251 yr=  0  nz=0.28 flt=0.00 dmap=+1/-1 shz=4.0 plan=5 cmd=(lx=+0.00,ly=+0.40,rx=+0.00)
  t= 70.2 DWA-F pos=(-4.76,+2.20) yaw=+117.4 d=0.84 goal_err=-30 carrot_err= -25 c0=1.16 clear=0.77 prog=0.32 rel=0.76 bal=-0.46 obs=246 hard=230 obsc=252 yr=  0  nz=0.24 flt=0.03 dmap=+0/-0 shz=4.0 plan=5 cmd=(lx=+0.00,ly=+0.40,rx=+0.00)
  t= 70.6 DWA-F pos=(-4.78,+2.24) yaw=+117.4 d=0.81 goal_err=-31 carrot_err= -26 c0=1.12 clear=0.74 prog=0.32 rel=0.91 bal=-0.46 obs=247 hard=231 obsc=252 yr=  0  nz=0.09 flt=0.00 dmap=+1/-0 shz=4.0 plan=5 cmd=(lx=+0.00,ly=+0.40,rx=+0.00)
  t= 71.0 DWA-F pos=(-4.80,+2.27) yaw=+117.4 d=0.77 goal_err=-33 carrot_err= -28 c0=1.08 clear=0.72 prog=0.32 rel=0.92 bal=-0.45 obs=247 hard=232 obsc=253 yr=  0  nz=0.09 flt=0.02 dmap=+1/-1 shz=4.0 plan=5 cmd=(lx=+0.00,ly=+0.40,rx=+0.00)
  t= 71.5 DWA-F pos=(-4.83,+2.32) yaw=+114.2 d=0.72 goal_err=-32 carrot_err= -27 c0=1.02 clear=0.68 prog=0.32 rel=0.91 bal=-0.45 obs=247 hard=232 obsc=253 yr= 15  nz=0.09 flt=0.04 dmap=+0/-0 shz=4.0 plan=5 cmd=(lx=+0.00,ly=+0.40,rx=+0.00)
  t= 71.9 DWA-F pos=(-4.85,+2.36) yaw=+114.2 d=0.69 goal_err=-34 carrot_err= -29 c0=1.00 clear=0.67 prog=0.32 rel=0.91 bal=-0.45 obs=253 hard=237 obsc=259 yr=  0  nz=0.09 flt=0.00 dmap=+0/-0 shz=4.0 plan=5 cmd=(lx=+0.00,ly=+0.40,rx=+0.45)
  t= 72.3 DWA-F pos=(-4.87,+2.41) yaw=+111.0 d=0.65 goal_err=-33 carrot_err= -27 c0=0.96 clear=0.64 prog=0.31 rel=0.91 bal=-0.44 obs=254 hard=237 obsc=257 yr=  0  nz=0.09 flt=0.00 dmap=+2/-2 shz=4.0 plan=5 cmd=(lx=+0.00,ly=+0.40,rx=+0.00)
  t= 72.7 DWA-F pos=(-4.88,+2.45) yaw=+109.4 d=0.61 goal_err=-34 carrot_err= -28 c0=0.91 clear=0.61 prog=0.31 rel=0.91 bal=-0.43 obs=252 hard=237 obsc=257 yr= 15G nz=0.09 flt=0.05 dmap=+0/-0 shz=4.0 plan=4 cmd=(lx=+0.00,ly=+0.40,rx=+0.45)
  t= 73.2 DWA-F pos=(-4.90,+2.50) yaw=+104.6 d=0.57 goal_err=-32 carrot_err= -26 c0=0.86 clear=0.57 prog=0.31 rel=0.91 bal=-0.42 obs=248 hard=236 obsc=255 yr=  0  nz=0.09 flt=0.01 dmap=+0/-0 shz=4.0 plan=4 cmd=(lx=+0.00,ly=+0.40,rx=+0.00)
  t= 73.6 DWA-F pos=(-4.91,+2.54) yaw=+103.0 d=0.53 goal_err=-33 carrot_err= -26 c0=0.82 clear=0.55 prog=0.30 rel=0.90 bal=-0.41 obs=248 hard=233 obsc=251 yr= 15G nz=0.10 flt=0.00 dmap=+0/-0 shz=4.0 plan=4 cmd=(lx=+0.00,ly=+0.40,rx=+0.45)
  t= 74.0 DWA-T pos=(-4.92,+2.58) yaw= +98.2 d=0.49 goal_err=-30 carrot_err= -24 c0=0.95 clear=0.63 prog=0.30 rel=0.91 bal=-0.19 obs=256 hard=244 obsc=262 yr= 15G nz=0.09 flt=0.01 dmap=+0/-0 shz=4.0 plan=3 cmd=(lx=+0.00,ly=+0.00,rx=+0.00)
  t= 74.4 DWA-T pos=(-4.92,+2.59) yaw= +96.6 d=0.48 goal_err=-29 carrot_err= -23 c0=0.94 clear=0.63 prog=0.25 rel=0.92 bal=-0.19 obs=257 hard=243 obsc=260 yr=  0  nz=0.08 flt=0.01 dmap=+0/-0 shz=4.0 plan=3 cmd=(lx=+0.00,ly=+0.00,rx=+0.00)
  t= 74.9 DWA-T pos=(-4.92,+2.59) yaw= +96.6 d=0.48 goal_err=-29 carrot_err= -23 c0=0.94 clear=0.63 prog=0.19 rel=0.92 bal=-0.19 obs=257 hard=243 obsc=260 yr=  0  nz=0.08 flt=0.01 dmap=+0/-0 shz=4.0 plan=3 cmd=(lx=+0.00,ly=+0.00,rx=+0.00)
  t= 75.3 DWA-T pos=(-4.92,+2.59) yaw= +96.6 d=0.48 goal_err=-29 carrot_err= -23 c0=0.94 clear=0.63 prog=0.11 rel=0.92 bal=-0.19 obs=257 hard=243 obsc=260 yr=  0  nz=0.08 flt=0.01 dmap=+0/-0 shz=4.0 plan=0 cmd=(lx=+0.00,ly=+0.00,rx=+0.00)
  t= 75.7 BRK-BK pos=(-4.91,+2.57) yaw= +96.6 d=0.51 goal_err=-28 carrot_err= -21 c0=0.96 clear=0.64 prog=0.01 rel=0.92 bal=-0.19 obs=256 hard=243 obsc=261 yr=  0  nz=0.08 flt=0.00 dmap=+0/-1 shz=3.7 plan=0 cmd=(lx=+0.00,ly=-0.35,rx=+0.00)
  t= 76.2 BRK-TR pos=(-4.91,+2.53) yaw= +95.0 d=0.54 goal_err=-24 carrot_err= -18 c0=1.00 clear=0.67 prog=0.00 rel=0.96 bal=-0.19 obs=256 hard=243 obsc=261 yr= 15G nz=0.04 flt=0.05 dmap=+0/-0 shz=3.7 plan=0 cmd=(lx=+0.00,ly=+0.00,rx=+0.45)
  t= 76.6 BRK-TR pos=(-4.91,+2.53) yaw= +88.5 d=0.54 goal_err=-18 carrot_err= -12 c0=1.18 clear=0.79 prog=0.00 rel=0.85 bal=-0.20 obs=256 hard=244 obsc=261 yr= 15G nz=0.15 flt=0.06 dmap=+0/-0 shz=3.7 plan=0 cmd=(lx=+0.00,ly=+0.00,rx=+0.45)
  t= 77.0 BRK-TR pos=(-4.91,+2.53) yaw= +82.1 d=0.54 goal_err=-12 carrot_err=  -5 c0=1.18 clear=0.79 prog=0.00 rel=0.84 bal=-0.29 obs=256 hard=244 obsc=261 yr= 15G nz=0.16 flt=0.13 dmap=+0/-0 shz=3.7 plan=0 cmd=(lx=+0.00,ly=+0.00,rx=+0.45)
  t= 77.4 BRK-TR pos=(-4.91,+2.53) yaw= +74.3 d=0.54 goal_err=-4 carrot_err=  +2 c0=1.12 clear=0.75 prog=0.00 rel=0.88 bal=-0.32 obs=256 hard=244 obsc=261 yr= 15G nz=0.12 flt=0.04 dmap=+0/-0 shz=3.7 plan=0 cmd=(lx=+0.00,ly=+0.00,rx=+0.45)
  t= 77.8 BRK-TR pos=(-4.91,+2.53) yaw= +68.4 d=0.54 goal_err=+2 carrot_err=  +8 c0=1.12 clear=0.75 prog=0.00 rel=0.89 bal=-0.22 obs=256 hard=244 obsc=261 yr= 15G nz=0.11 flt=0.08 dmap=+0/-0 shz=3.7 plan=0 cmd=(lx=+0.00,ly=+0.00,rx=+0.45)
  t= 78.3 DWA-F pos=(-4.91,+2.53) yaw= +62.4 d=0.54 goal_err=+8 carrot_err= +14 c0=1.12 clear=0.75 prog=0.00 rel=0.94 bal=-0.22 obs=256 hard=244 obsc=261 yr= 14G nz=0.06 flt=0.00 dmap=+0/-0 shz=3.7 plan=3 cmd=(lx=+0.00,ly=+0.40,rx=+0.00)
  t= 78.7 DWA-F pos=(-4.90,+2.55) yaw= +60.9 d=0.52 goal_err=+10 carrot_err= +17 c0=1.10 clear=0.73 prog=0.04 rel=0.95 bal=-0.22 obs=254 hard=241 obsc=257 yr=  0  nz=0.05 flt=0.03 dmap=+0/-0 shz=3.7 plan=3 cmd=(lx=+0.00,ly=+0.40,rx=+0.00)
  t= 79.1 DWA-T pos=(-4.89,+2.57) yaw= +60.9 d=0.49 goal_err=+10 carrot_err= +18 c0=1.07 clear=0.72 prog=0.09 rel=0.97 bal=-0.23 obs=250 hard=241 obsc=257 yr=  0  nz=0.03 flt=0.01 dmap=+0/-0 shz=3.7 plan=3 cmd=(lx=+0.00,ly=+0.00,rx=+0.00)
  t= 79.5 DWA-T pos=(-4.88,+2.59) yaw= +60.9 d=0.48 goal_err=+11 carrot_err= +18 c0=1.06 clear=0.71 prog=0.11 rel=0.96 bal=-0.23 obs=249 hard=236 obsc=252 yr=  0  nz=0.04 flt=0.00 dmap=+0/-0 shz=3.7 plan=3 cmd=(lx=+0.00,ly=+0.00,rx=+0.00)
  t= 80.0 DWA-T pos=(-4.88,+2.59) yaw= +60.9 d=0.48 goal_err=+11 carrot_err= +18 c0=1.06 clear=0.71 prog=0.11 rel=0.96 bal=-0.23 obs=249 hard=236 obsc=252 yr=  0  nz=0.04 flt=0.00 dmap=+0/-0 shz=3.7 plan=3 cmd=(lx=+0.00,ly=+0.00,rx=+0.00)
  t= 80.4 DWA-T pos=(-4.88,+2.59) yaw= +60.9 d=0.48 goal_err=+11 carrot_err= +18 c0=1.06 clear=0.71 prog=0.10 rel=0.96 bal=-0.23 obs=249 hard=236 obsc=252 yr=  0  nz=0.04 flt=0.00 dmap=+0/-0 shz=3.7 plan=0 cmd=(lx=+0.00,ly=+0.00,rx=+0.00)
  t= 80.8 BRK-BK pos=(-4.89,+2.58) yaw= +60.9 d=0.49 goal_err=+11 carrot_err= +18 c0=1.07 clear=0.71 prog=0.03 rel=0.96 bal=-0.23 obs=248 hard=235 obsc=251 yr=  0  nz=0.04 flt=0.00 dmap=+2/-3 shz=3.4 plan=0 cmd=(lx=+0.00,ly=-0.35,rx=+0.00)
  t= 81.2 BRK-TR pos=(-4.90,+2.54) yaw= +59.4 d=0.53 goal_err=+11 carrot_err= +18 c0=1.11 clear=0.74 prog=0.00 rel=0.96 bal=-0.22 obs=248 hard=235 obsc=251 yr= 14G nz=0.04 flt=0.01 dmap=+0/-0 shz=3.4 plan=0 cmd=(lx=+0.00,ly=+0.00,rx=+0.45)
  t= 81.7 BRK-TR pos=(-4.90,+2.54) yaw= +53.5 d=0.53 goal_err=+17 carrot_err= +24 c0=1.11 clear=0.74 prog=0.00 rel=0.96 bal=-0.15 obs=248 hard=235 obsc=251 yr= 14G nz=0.04 flt=0.00 dmap=+0/-0 shz=3.4 plan=0 cmd=(lx=+0.00,ly=+0.00,rx=+0.45)
  t= 82.1 BRK-TR pos=(-4.90,+2.54) yaw= +47.5 d=0.53 goal_err=+23 carrot_err= +30 c0=1.11 clear=0.74 prog=0.00 rel=0.96 bal=-0.15 obs=248 hard=235 obsc=251 yr= 14G nz=0.04 flt=0.00 dmap=+0/-0 shz=3.4 plan=0 cmd=(lx=+0.00,ly=+0.00,rx=+0.45)
  t= 82.5 BRK-TR pos=(-4.90,+2.54) yaw= +40.1 d=0.53 goal_err=+31 carrot_err= +37 c0=1.11 clear=0.74 prog=0.00 rel=0.96 bal=-0.04 obs=248 hard=235 obsc=251 yr= 28G nz=0.04 flt=0.14 dmap=+0/-0 shz=3.4 plan=0 cmd=(lx=+0.00,ly=+0.00,rx=+0.45)
  t= 82.9 BRK-TR pos=(-4.90,+2.54) yaw= +34.1 d=0.53 goal_err=+37 carrot_err= +43 c0=1.11 clear=0.74 prog=0.00 rel=0.99 bal=+0.08 obs=248 hard=235 obsc=251 yr= 14G nz=0.01 flt=0.00 dmap=+0/-0 shz=3.4 plan=0 cmd=(lx=+0.00,ly=+0.00,rx=+0.45)
  t= 83.3 DWA-F pos=(-4.90,+2.54) yaw= +28.2 d=0.53 goal_err=+43 carrot_err= +49 c0=1.11 clear=0.74 prog=0.00 rel=0.99 bal=+0.08 obs=248 hard=235 obsc=251 yr= 14G nz=0.01 flt=0.08 dmap=+0/-0 shz=3.4 plan=3 cmd=(lx=+0.00,ly=+0.28,rx=-0.45)
  t= 83.8 DWA-F pos=(-4.89,+2.55) yaw= +28.2 d=0.52 goal_err=+44 carrot_err= +50 c0=1.10 clear=0.73 prog=0.02 rel=0.91 bal=+0.08 obs=248 hard=235 obsc=251 yr= 14G nz=0.09 flt=0.00 dmap=+0/-0 shz=3.4 plan=3 cmd=(lx=+0.00,ly=+0.28,rx=-0.45)
  t= 84.2 DWA-F pos=(-4.87,+2.56) yaw= +34.1 d=0.50 goal_err=+40 carrot_err= +47 c0=1.07 clear=0.71 prog=0.05 rel=0.90 bal=+0.09 obs=248 hard=235 obsc=251 yr= 14G nz=0.10 flt=0.11 dmap=+0/-0 shz=3.4 plan=3 cmd=(lx=+0.00,ly=+0.28,rx=-0.45)
  t= 84.6 DWA-F pos=(-4.84,+2.58) yaw= +40.1 d=0.47 goal_err=+36 carrot_err= +44 c0=1.04 clear=0.70 prog=0.09 rel=0.89 bal=-0.02 obs=248 hard=235 obsc=251 yr= 14G nz=0.11 flt=0.03 dmap=+0/-0 shz=3.4 plan=3 cmd=(lx=+0.00,ly=+0.28,rx=-0.45)
  t= 85.1 DWA-F pos=(-4.82,+2.60) yaw= +47.5 d=0.45 goal_err=+31 carrot_err= +40 c0=1.01 clear=0.67 prog=0.14 rel=0.88 bal=-0.02 obs=249 hard=236 obsc=252 yr= 14G nz=0.12 flt=0.00 dmap=+0/-0 shz=3.4 plan=3 cmd=(lx=+0.00,ly=+0.28,rx=-0.45)
  t= 85.5 DWA-F pos=(-4.80,+2.62) yaw= +53.5 d=0.42 goal_err=+27 carrot_err= +36 c0=0.98 clear=0.65 prog=0.18 rel=0.94 bal=-0.17 obs=249 hard=236 obsc=252 yr= 14G nz=0.06 flt=0.01 dmap=+0/-0 shz=3.4 plan=3 cmd=(lx=+0.00,ly=+0.28,rx=-0.45)

  >>> MODO AGRESIVO ON (12s sin acercarse a B): reduzco inflado y holgura (min seguridad 0.24m) para cruzar la puerta.
  t= 85.9 AGR-DWA-T pos=(-4.79,+2.65) yaw= +59.4 d=0.40 goal_err=+23 carrot_err= +33 c0=0.95 clear=0.64 prog=0.19 rel=0.93 bal=-0.17 obs=251 hard=238 obsc=254 yr= 14  nz=0.07 flt=0.00 dmap=+0/-0 shz=3.4 plan=3 cmd=(lx=+0.00,ly=+0.00,rx=+0.00)
  t= 86.3 AGR-DWA-T pos=(-4.78,+2.65) yaw= +60.9 d=0.39 goal_err=+21 carrot_err= +32 c0=0.95 clear=0.63 prog=0.17 rel=0.94 bal=-0.24 obs=243 hard=229 obsc=247 yr=  0  nz=0.06 flt=0.02 dmap=+0/-0 shz=3.4 plan=3 cmd=(lx=+0.00,ly=+0.00,rx=+0.00)
  t= 86.8 AGR-DWA-T pos=(-4.78,+2.65) yaw= +60.9 d=0.39 goal_err=+21 carrot_err= +32 c0=0.95 clear=0.63 prog=0.12 rel=0.94 bal=-0.24 obs=243 hard=229 obsc=247 yr=  0  nz=0.06 flt=0.02 dmap=+0/-0 shz=3.4 plan=3 cmd=(lx=+0.00,ly=+0.00,rx=+0.00)
  t= 87.2 AGR-BRK-BK pos=(-4.78,+2.65) yaw= +60.9 d=0.39 goal_err=+21 carrot_err= +32 c0=0.95 clear=0.63 prog=0.08 rel=0.94 bal=-0.24 obs=243 hard=229 obsc=247 yr=  0  nz=0.06 flt=0.02 dmap=+0/-0 shz=3.4 plan=0 cmd=(lx=+0.00,ly=-0.35,rx=+0.00)
  t= 87.6 AGR-BRK-TR pos=(-4.79,+2.63) yaw= +60.9 d=0.41 goal_err=+20 carrot_err= +30 c0=0.97 clear=0.65 prog=0.00 rel=0.94 bal=-0.17 obs=240 hard=226 obsc=243 yr=  0  nz=0.06 flt=0.01 dmap=+1/-4 shz=3.2 plan=0 cmd=(lx=+0.00,ly=+0.00,rx=+0.45)
  t= 88.0 AGR-BRK-TR pos=(-4.81,+2.61) yaw= +58.0 d=0.44 goal_err=+22 carrot_err= +31 c0=1.00 clear=0.66 prog=0.00 rel=0.97 bal=-0.17 obs=240 hard=226 obsc=243 yr= 14G nz=0.03 flt=0.01 dmap=+0/-0 shz=3.2 plan=0 cmd=(lx=+0.00,ly=+0.00,rx=+0.45)
  t= 88.5 AGR-BRK-TR pos=(-4.81,+2.61) yaw= +52.0 d=0.44 goal_err=+28 carrot_err= +37 c0=1.00 clear=0.66 prog=0.00 rel=0.98 bal=-0.17 obs=240 hard=226 obsc=243 yr= 14G nz=0.02 flt=0.00 dmap=+0/-0 shz=3.2 plan=0 cmd=(lx=+0.00,ly=+0.00,rx=+0.45)
  t= 88.9 AGR-BRK-TR pos=(-4.81,+2.61) yaw= +45.6 d=0.44 goal_err=+34 carrot_err= +44 c0=1.00 clear=0.66 prog=0.00 rel=0.98 bal=-0.02 obs=240 hard=226 obsc=243 yr= 15G nz=0.02 flt=0.05 dmap=+0/-0 shz=3.2 plan=0 cmd=(lx=+0.00,ly=+0.00,rx=+0.45)
  t= 89.3 AGR-BRK-TR pos=(-4.81,+2.61) yaw= +37.6 d=0.44 goal_err=+42 carrot_err= +52 c0=1.00 clear=0.66 prog=0.00 rel=0.98 bal=+0.10 obs=240 hard=226 obsc=243 yr= 30G nz=0.02 flt=0.08 dmap=+0/-0 shz=3.2 plan=0 cmd=(lx=+0.00,ly=+0.00,rx=+0.45)
  t= 89.7 AGR-BRK-TR pos=(-4.81,+2.61) yaw= +31.5 d=0.44 goal_err=+48 carrot_err= +58 c0=1.00 clear=0.66 prog=0.00 rel=0.98 bal=+0.04 obs=240 hard=226 obsc=243 yr= 14G nz=0.02 flt=0.05 dmap=+0/-0 shz=3.2 plan=0 cmd=(lx=+0.00,ly=+0.00,rx=+0.45)
  t= 90.2 AGR-DWA-F pos=(-4.81,+2.61) yaw= +25.5 d=0.44 goal_err=+54 carrot_err= +64 c0=1.13 clear=0.75 prog=0.00 rel=0.91 bal=+0.04 obs=240 hard=226 obsc=243 yr= 14G nz=0.09 flt=0.00 dmap=+0/-0 shz=3.2 plan=3 cmd=(lx=+0.00,ly=+0.28,rx=-0.45)
  t= 90.6 AGR-DWA-F pos=(-4.78,+2.62) yaw= +31.5 d=0.42 goal_err=+51 carrot_err= +61 c0=0.97 clear=0.65 prog=0.03 rel=0.91 bal=+0.03 obs=240 hard=226 obsc=243 yr= 14G nz=0.09 flt=0.04 dmap=+0/-0 shz=3.2 plan=3 cmd=(lx=+0.00,ly=+0.28,rx=-0.45)
  t= 91.0 AGR-DWA-F pos=(-4.76,+2.64) yaw= +37.4 d=0.40 goal_err=+49 carrot_err= +59 c0=0.94 clear=0.63 prog=0.06 rel=0.91 bal=+0.12 obs=240 hard=226 obsc=243 yr= 14G nz=0.09 flt=0.03 dmap=+0/-0 shz=3.2 plan=3 cmd=(lx=+0.00,ly=+0.28,rx=-0.45)
  t= 91.4 AGR-DWA-F pos=(-4.73,+2.66) yaw= +44.9 d=0.38 goal_err=+45 carrot_err= +57 c0=0.91 clear=0.61 prog=0.10 rel=0.89 bal=+0.07 obs=240 hard=226 obsc=243 yr= 14G nz=0.11 flt=0.01 dmap=+0/-0 shz=3.2 plan=3 cmd=(lx=+0.00,ly=+0.28,rx=-0.45)
  t= 91.9 AGR-DWA-F pos=(-4.71,+2.68) yaw= +50.8 d=0.36 goal_err=+42 carrot_err= +55 c0=0.88 clear=0.59 prog=0.14 rel=0.94 bal=-0.03 obs=241 hard=227 obsc=244 yr= 14G nz=0.06 flt=0.15 dmap=+1/-0 shz=3.2 plan=3 cmd=(lx=+0.00,ly=+0.28,rx=-0.45)

  LLEGADO a 'B' (-4.73,+3.04); error=0.35 m, colisiones=0.
  [spill] derrames=0 E[N]=0.00 eta_max=0.90 riesgo=0.1%
  [dataset] travesia guardada -> /Users/adrianlendinezibanez/Claude/Projects/G1 ROBOT/dataset/20260708_133444_ours_B.json
  [stats] fila anadida -> /Users/adrianlendinezibanez/Claude/Projects/G1 ROBOT/dataset/runs_stats.csv

Fin goto.
  [META2-L2] estado guardado (meta2_state_abprof.json): Pl={'Efficient_Nav': 1.0, 'Cautious_Nav': 1.0} derrames_run=0
  backend grafico: TkAgg
>>> SIM ADAPTER: conectando a rosbridge ws://localhost:8765 ...
  esperando /odom (hasta 30s; el mundo del lab tarda en cargar)... ok
  /odom OK pose=(+0.99,+0.57) | /scan: OK
  escenario LAB: mapa/waypoints/puerta REALES (lab.world solo-paredes, frame G1)

>>> GOTO 'B' -> (-4.73,+3.04). Mando en mano (L2+B). Ctrl+C aborta.
    ENTORNO: SIM (id: lab_v1_ab_prof)  — esta run se registra como SIMULACION, no cuenta como run de robot
  Esperando pose localizada y primera nube... ok.
  FRAME-CHECK start=(+0.99,+0.57) wp_mas_cercano=A(+0.99,+0.57) offset=0.00m  -> frame OK (pose y waypoints alineados)
  [spill] payload de agua simulado (semilla=20260708_134150_ours_B.json)
  META2 ACTIVO (techo por analogia): Meta-Reasoner 2.0, analogia inicial Cautious_Nav

  !!!!!!!!!!!!!!!!!!!!!!!!!!!!!!!!!!!!!!!!!!!!!!!!!!!!!!!!!!!!!!!!!!!!!!!!!!
  !!  VISION OFF (G1_PERC sin definir) pero G1_NOVIS=1: navego SIN vision bajo tu responsabilidad.
  !!  La MESA invisible al LiDAR no se vera.
  !!!!!!!!!!!!!!!!!!!!!!!!!!!!!!!!!!!!!!!!!!!!!!!!!!!!!!!!!!!!!!!!!!!!!!!!!!

  mapa de referencia: 961 celdas | muebles estaticos (nav_map): 0 celdas | plan global: static
  t=  0.0 DWA-F pos=(+0.99,+0.57) yaw=-120.3 d=6.23 goal_err=-83 carrot_err= -62 c0=2.25 clear=1.00 prog=0.00 rel=1.00 bal=+0.19 obs=108 hard=108 obsc=108 yr=  0  nz=0.00 flt=0.19 dmap=+108/-0 shz=0.0 plan=34 cmd=(lx=+0.00,ly=+0.40,rx=+0.45)
  t=  0.4 DWA-F pos=(+0.97,+0.53) yaw=-125.1 d=6.22 goal_err=-79 carrot_err= -60 c0=2.21 clear=1.00 prog=0.05 rel=1.00 bal=+0.28 obs=111 hard=111 obsc=111 yr= 15G nz=0.00 flt=0.12 dmap=+0/-0 shz=4.7 plan=34 cmd=(lx=+0.00,ly=+0.40,rx=+0.45)
  t=  0.8 DWA-F pos=(+0.92,+0.47) yaw=-133.2 d=6.21 goal_err=-71 carrot_err= -57 c0=2.19 clear=1.00 prog=0.10 rel=0.96 bal=+0.41 obs=111 hard=111 obsc=111 yr= 16G nz=0.04 flt=0.02 dmap=+0/-0 shz=4.7 plan=34 cmd=(lx=+0.00,ly=+0.40,rx=+0.45)
  t=  1.3 DWA-F pos=(+0.88,+0.43) yaw=-139.6 d=6.18 goal_err=-65 carrot_err= -38 c0=2.50 clear=1.00 prog=0.12 rel=0.95 bal=+0.41 obs=111 hard=111 obsc=111 yr= 15G nz=0.05 flt=0.06 dmap=+0/-0 shz=4.3 plan=34 cmd=(lx=+0.00,ly=+0.40,rx=+0.45)
  t=  1.7 DWA-F pos=(+0.83,+0.39) yaw=-144.4 d=6.16 goal_err=-61 carrot_err= -36 c0=2.50 clear=1.00 prog=0.14 rel=0.84 bal=+0.42 obs=125 hard=125 obsc=152 yr=  0  nz=0.16 flt=0.03 dmap=+14/-0 shz=4.1 plan=33 cmd=(lx=+0.00,ly=+0.40,rx=+0.00)
  t=  2.1 DWA-F pos=(+0.78,+0.36) yaw=-147.6 d=6.13 goal_err=-58 carrot_err= -35 c0=2.50 clear=1.00 prog=0.17 rel=0.77 bal=+0.42 obs=125 hard=125 obsc=152 yr= 15G nz=0.23 flt=0.01 dmap=+0/-0 shz=4.2 plan=33 cmd=(lx=+0.00,ly=+0.40,rx=+0.00)
  t=  2.6 DWA-F pos=(+0.74,+0.33) yaw=-150.8 d=6.10 goal_err=-56 carrot_err= -34 c0=2.50 clear=1.00 prog=0.20 rel=0.84 bal=+0.43 obs=143 hard=130 obsc=160 yr=  0  nz=0.16 flt=0.00 dmap=+0/-0 shz=4.1 plan=33 cmd=(lx=+0.00,ly=+0.40,rx=+0.00)
  t=  3.0 DWA-F pos=(+0.70,+0.31) yaw=-150.8 d=6.07 goal_err=-56 carrot_err= -35 c0=2.50 clear=1.00 prog=0.21 rel=0.85 bal=+0.43 obs=151 hard=132 obsc=162 yr=  0G nz=0.15 flt=0.00 dmap=+0/-0 shz=4.0 plan=33 cmd=(lx=+0.00,ly=+0.40,rx=+0.00)
  t=  3.4 DWA-F pos=(+0.66,+0.29) yaw=-152.4 d=6.05 goal_err=-55 carrot_err= -35 c0=2.50 clear=1.00 prog=0.21 rel=0.99 bal=+0.44 obs=155 hard=137 obsc=166 yr=  0  nz=0.01 flt=0.01 dmap=+4/-2 shz=4.1 plan=32 cmd=(lx=+0.00,ly=+0.40,rx=+0.00)
  t=  3.8 DWA-F pos=(+0.61,+0.26) yaw=-152.4 d=6.02 goal_err=-55 carrot_err= -37 c0=2.50 clear=1.00 prog=0.22 rel=0.99 bal=+0.36 obs=156 hard=149 obsc=165 yr=  0  nz=0.01 flt=0.00 dmap=+0/-0 shz=4.1 plan=32 cmd=(lx=+0.00,ly=+0.40,rx=+0.45)
  t=  4.3 DWA-F pos=(+0.57,+0.25) yaw=-155.6 d=5.99 goal_err=-52 carrot_err= -36 c0=2.50 clear=1.00 prog=0.21 rel=0.99 bal=+0.37 obs=162 hard=153 obsc=171 yr=  0  nz=0.01 flt=0.25 dmap=+0/-0 shz=4.1 plan=32 cmd=(lx=+0.00,ly=+0.40,rx=+0.00)
  t=  4.7 DWA-F pos=(+0.53,+0.23) yaw=-155.6 d=5.96 goal_err=-53 carrot_err= -22 c0=2.50 clear=1.00 prog=0.20 rel=0.98 bal=+0.38 obs=165 hard=159 obsc=175 yr=  0G nz=0.02 flt=0.00 dmap=+0/-0 shz=4.1 plan=32 cmd=(lx=+0.00,ly=+0.40,rx=+0.00)
  t=  5.1 DWA-F pos=(+0.49,+0.21) yaw=-157.2 d=5.94 goal_err=-51 carrot_err= -22 c0=2.50 clear=1.00 prog=0.22 rel=0.98 bal=+0.40 obs=167 hard=165 obsc=176 yr=  0  nz=0.02 flt=0.00 dmap=+0/-0 shz=4.1 plan=32 cmd=(lx=+0.00,ly=+0.40,rx=+0.00)
  t=  5.6 DWA-F pos=(+0.44,+0.19) yaw=-157.2 d=5.90 goal_err=-52 carrot_err= -24 c0=2.50 clear=1.00 prog=0.23 rel=0.99 bal=+0.41 obs=167 hard=165 obsc=176 yr=  0  nz=0.01 flt=0.01 dmap=+0/-0 shz=4.0 plan=32 cmd=(lx=+0.00,ly=+0.40,rx=+0.00)
  t=  6.0 DWA-F pos=(+0.40,+0.17) yaw=-157.2 d=5.87 goal_err=-52 carrot_err= -25 c0=2.50 clear=1.00 prog=0.22 rel=0.99 bal=+0.42 obs=166 hard=166 obsc=177 yr=  0  nz=0.01 flt=0.00 dmap=+0/-0 shz=4.1 plan=32 cmd=(lx=+0.00,ly=+0.40,rx=+0.00)
  t=  6.4 DWA-F pos=(+0.35,+0.15) yaw=-157.2 d=5.85 goal_err=-52 carrot_err= -26 c0=2.50 clear=1.00 prog=0.22 rel=1.00 bal=+0.43 obs=169 hard=167 obsc=178 yr=  0  nz=0.00 flt=0.00 dmap=+1/-0 shz=4.0 plan=31 cmd=(lx=+0.00,ly=+0.40,rx=+0.00)
  t=  6.9 DWA-F pos=(+0.30,+0.13) yaw=-157.2 d=5.81 goal_err=-53 carrot_err= -28 c0=2.50 clear=1.00 prog=0.23 rel=0.99 bal=+0.44 obs=169 hard=167 obsc=178 yr=  0  nz=0.01 flt=0.00 dmap=+0/-0 shz=4.1 plan=31 cmd=(lx=+0.00,ly=+0.40,rx=+0.00)
  t=  7.3 DWA-F pos=(+0.26,+0.11) yaw=-157.2 d=5.79 goal_err=-53 carrot_err= -15 c0=2.50 clear=1.00 prog=0.22 rel=0.99 bal=+0.45 obs=168 hard=166 obsc=177 yr=  0  nz=0.01 flt=0.00 dmap=+0/-0 shz=4.0 plan=31 cmd=(lx=+0.00,ly=+0.40,rx=+0.00)
  t=  7.7 DWA-F pos=(+0.22,+0.10) yaw=-157.2 d=5.76 goal_err=-54 carrot_err= -16 c0=2.50 clear=1.00 prog=0.22 rel=0.99 bal=+0.45 obs=168 hard=168 obsc=177 yr=  0  nz=0.01 flt=0.00 dmap=+1/-0 shz=4.0 plan=30 cmd=(lx=+0.00,ly=+0.40,rx=+0.00)
  t=  8.2 DWA-F pos=(+0.17,+0.08) yaw=-157.2 d=5.73 goal_err=-54 carrot_err= -17 c0=2.50 clear=1.00 prog=0.23 rel=0.98 bal=+0.39 obs=169 hard=168 obsc=178 yr=  0  nz=0.02 flt=0.00 dmap=+1/-0 shz=4.0 plan=30 cmd=(lx=+0.00,ly=+0.40,rx=+0.00)
  t=  8.6 DWA-F pos=(+0.13,+0.06) yaw=-157.2 d=5.70 goal_err=-54 carrot_err= -18 c0=2.47 clear=1.00 prog=0.23 rel=0.98 bal=+0.39 obs=171 hard=171 obsc=180 yr=  0  nz=0.02 flt=0.01 dmap=+0/-0 shz=4.1 plan=30 cmd=(lx=+0.00,ly=+0.40,rx=+0.00)
  t=  9.0 DWA-F pos=(+0.09,+0.04) yaw=-157.2 d=5.68 goal_err=-55 carrot_err= -20 c0=2.43 clear=1.00 prog=0.21 rel=0.95 bal=+0.40 obs=172 hard=171 obsc=180 yr=  0  nz=0.04 flt=0.01 dmap=+0/-0 shz=4.0 plan=30 cmd=(lx=+0.00,ly=+0.40,rx=+0.00)
  t=  9.5 DWA-F pos=(+0.05,+0.02) yaw=-157.2 d=5.65 goal_err=-55 carrot_err= -21 c0=2.39 clear=1.00 prog=0.21 rel=0.94 bal=+0.40 obs=172 hard=173 obsc=181 yr=  0  nz=0.06 flt=0.01 dmap=+1/-1 shz=4.0 plan=29 cmd=(lx=+0.00,ly=+0.40,rx=+0.00)
  t=  9.9 DWA-F pos=(-0.00,+0.00) yaw=-157.2 d=5.62 goal_err=-56 carrot_err= -23 c0=2.33 clear=1.00 prog=0.22 rel=0.92 bal=+0.41 obs=175 hard=174 obsc=183 yr=  0  nz=0.08 flt=0.00 dmap=+1/-0 shz=4.0 plan=29 cmd=(lx=+0.00,ly=+0.40,rx=+0.00)
  t= 10.3 DWA-F pos=(-0.04,-0.01) yaw=-157.2 d=5.59 goal_err=-56 carrot_err= -24 c0=2.29 clear=1.00 prog=0.21 rel=0.92 bal=+0.43 obs=174 hard=174 obsc=183 yr=  0  nz=0.08 flt=0.01 dmap=+0/-0 shz=4.0 plan=29 cmd=(lx=+0.00,ly=+0.40,rx=+0.00)
  t= 10.8 DWA-F pos=(-0.09,-0.03) yaw=-157.2 d=5.57 goal_err=-56 carrot_err= -25 c0=2.24 clear=1.00 prog=0.20 rel=0.91 bal=+0.44 obs=178 hard=176 obsc=186 yr=  0  nz=0.09 flt=0.01 dmap=+1/-0 shz=4.0 plan=29 cmd=(lx=+0.00,ly=+0.40,rx=+0.00)
  t= 11.2 DWA-F pos=(-0.13,-0.05) yaw=-157.2 d=5.54 goal_err=-57 carrot_err= -26 c0=2.20 clear=1.00 prog=0.20 rel=0.91 bal=+0.46 obs=178 hard=178 obsc=186 yr=  0  nz=0.09 flt=0.01 dmap=+1/-2 shz=4.0 plan=29 cmd=(lx=+0.00,ly=+0.40,rx=+0.00)
  t= 11.6 DWA-F pos=(-0.18,-0.07) yaw=-157.2 d=5.51 goal_err=-57 carrot_err= -28 c0=2.14 clear=1.00 prog=0.20 rel=0.92 bal=+0.48 obs=178 hard=176 obsc=185 yr=  0  nz=0.08 flt=0.01 dmap=+0/-0 shz=4.0 plan=29 cmd=(lx=+0.00,ly=+0.40,rx=+0.00)
  t= 12.1 DWA-F pos=(-0.22,-0.09) yaw=-157.2 d=5.49 goal_err=-58 carrot_err= -29 c0=2.10 clear=1.00 prog=0.20 rel=0.92 bal=+0.49 obs=179 hard=178 obsc=186 yr=  0  nz=0.08 flt=0.01 dmap=+0/-0 shz=4.0 plan=29 cmd=(lx=+0.00,ly=+0.40,rx=+0.00)
  t= 12.5 DWA-F pos=(-0.26,-0.10) yaw=-157.2 d=5.47 goal_err=-58 carrot_err= -31 c0=2.06 clear=1.00 prog=0.20 rel=0.90 bal=+0.51 obs=180 hard=177 obsc=186 yr=  0  nz=0.10 flt=0.00 dmap=+2/-0 shz=4.0 plan=28 cmd=(lx=+0.00,ly=+0.40,rx=+0.00)
  t= 12.9 DWA-F pos=(-0.31,-0.13) yaw=-157.2 d=5.44 goal_err=-58 carrot_err= -31 c0=2.00 clear=1.00 prog=0.20 rel=0.92 bal=+0.52 obs=181 hard=180 obsc=187 yr=  0  nz=0.08 flt=0.02 dmap=+1/-0 shz=4.0 plan=28 cmd=(lx=+0.00,ly=+0.40,rx=+0.00)
  t= 13.4 DWA-F pos=(-0.35,-0.14) yaw=-157.2 d=5.41 goal_err=-59 carrot_err= -32 c0=1.96 clear=1.00 prog=0.19 rel=0.91 bal=+0.53 obs=181 hard=179 obsc=187 yr=  0  nz=0.09 flt=0.00 dmap=+0/-0 shz=4.0 plan=28 cmd=(lx=+0.00,ly=+0.40,rx=+0.00)
  t= 13.8 DWA-F pos=(-0.39,-0.16) yaw=-157.2 d=5.39 goal_err=-59 carrot_err= -34 c0=1.91 clear=1.00 prog=0.19 rel=0.91 bal=+0.53 obs=182 hard=181 obsc=188 yr=  0  nz=0.09 flt=0.01 dmap=+0/-0 shz=4.0 plan=27 cmd=(lx=+0.00,ly=+0.40,rx=+0.00)
  t= 14.2 DWA-F pos=(-0.44,-0.18) yaw=-157.2 d=5.36 goal_err=-60 carrot_err= -36 c0=1.86 clear=1.00 prog=0.20 rel=0.91 bal=+0.54 obs=183 hard=183 obsc=190 yr=  0  nz=0.09 flt=0.01 dmap=+2/-1 shz=4.0 plan=27 cmd=(lx=+0.00,ly=+0.40,rx=+0.00)
  t= 14.7 DWA-F pos=(-0.48,-0.20) yaw=-160.4 d=5.34 goal_err=-57 carrot_err= -35 c0=1.82 clear=1.00 prog=0.19 rel=0.91 bal=+0.55 obs=185 hard=182 obsc=191 yr= 15  nz=0.09 flt=0.01 dmap=+2/-0 shz=4.0 plan=27 cmd=(lx=+0.00,ly=+0.40,rx=+0.00)
  t= 15.1 DWA-F pos=(-0.53,-0.21) yaw=-160.4 d=5.32 goal_err=-57 carrot_err= -37 c0=1.77 clear=1.00 prog=0.19 rel=0.91 bal=+0.48 obs=186 hard=183 obsc=191 yr=  0G nz=0.09 flt=0.01 dmap=+0/-0 shz=4.0 plan=27 cmd=(lx=+0.00,ly=+0.40,rx=+0.45)
  t= 15.5 DWA-F pos=(-0.57,-0.23) yaw=-166.8 d=5.29 goal_err=-51 carrot_err= -40 c0=1.73 clear=1.00 prog=0.19 rel=0.92 bal=+0.55 obs=186 hard=183 obsc=191 yr= 15G nz=0.08 flt=0.13 dmap=+0/-0 shz=4.0 plan=26 cmd=(lx=+0.00,ly=+0.40,rx=+0.45)
  t= 16.0 DWA-F pos=(-0.61,-0.24) yaw=-173.3 d=5.26 goal_err=-45 carrot_err= -36 c0=1.86 clear=1.00 prog=0.20 rel=0.90 bal=+0.56 obs=188 hard=185 obsc=194 yr= 15  nz=0.10 flt=0.01 dmap=+2/-0 shz=4.0 plan=26 cmd=(lx=+0.00,ly=+0.40,rx=+0.00)
  t= 16.4 DWA-F pos=(-0.67,-0.24) yaw=-173.3 d=5.22 goal_err=-46 carrot_err= -38 c0=1.89 clear=1.00 prog=0.23 rel=0.87 bal=+0.52 obs=190 hard=188 obsc=195 yr=  0  nz=0.13 flt=0.01 dmap=+0/-0 shz=4.0 plan=26 cmd=(lx=+0.00,ly=+0.40,rx=+0.00)
  t= 16.8 DWA-F pos=(-0.71,-0.25) yaw=-176.5 d=5.19 goal_err=-43 carrot_err= -37 c0=1.85 clear=1.00 prog=0.24 rel=0.87 bal=+0.53 obs=190 hard=188 obsc=196 yr= 15  nz=0.13 flt=0.15 dmap=+0/-0 shz=4.0 plan=26 cmd=(lx=+0.00,ly=+0.40,rx=+0.00)
  t= 17.2 DWA-F pos=(-0.76,-0.25) yaw=-176.5 d=5.16 goal_err=-43 carrot_err= -32 c0=1.81 clear=1.00 prog=0.25 rel=0.87 bal=+0.54 obs=191 hard=190 obsc=197 yr=  0  nz=0.13 flt=0.00 dmap=+2/-1 shz=4.0 plan=25 cmd=(lx=+0.00,ly=+0.40,rx=+0.00)
  t= 17.6 DWA-F pos=(-0.80,-0.25) yaw=-176.5 d=5.13 goal_err=-43 carrot_err= -33 c0=1.77 clear=1.00 prog=0.26 rel=0.92 bal=+0.55 obs=191 hard=189 obsc=196 yr=  0  nz=0.08 flt=0.00 dmap=+0/-0 shz=4.0 plan=25 cmd=(lx=+0.00,ly=+0.40,rx=+0.00)
  t= 18.1 DWA-F pos=(-0.84,-0.25) yaw=-176.5 d=5.09 goal_err=-44 carrot_err= -35 c0=1.72 clear=1.00 prog=0.25 rel=0.91 bal=+0.55 obs=192 hard=190 obsc=197 yr=  0  nz=0.09 flt=0.01 dmap=+0/-0 shz=4.0 plan=25 cmd=(lx=+0.00,ly=+0.40,rx=+0.00)
  t= 18.5 DWA-F pos=(-0.89,-0.26) yaw=-176.5 d=5.06 goal_err=-44 carrot_err= -36 c0=1.68 clear=1.00 prog=0.27 rel=0.93 bal=+0.53 obs=192 hard=191 obsc=197 yr=  0  nz=0.07 flt=0.01 dmap=+0/-0 shz=4.0 plan=25 cmd=(lx=+0.00,ly=+0.40,rx=+0.00)
  t= 18.9 DWA-F pos=(-0.94,-0.26) yaw=-178.1 d=5.02 goal_err=-43 carrot_err= -37 c0=1.81 clear=1.00 prog=0.27 rel=0.91 bal=+0.34 obs=192 hard=190 obsc=197 yr= 15G nz=0.09 flt=0.00 dmap=+0/-0 shz=4.0 plan=25 cmd=(lx=+0.00,ly=+0.40,rx=+0.45)
  t= 19.3 DWA-F pos=(-0.99,-0.26) yaw=+178.7 d=4.99 goal_err=-40 carrot_err= -36 c0=1.81 clear=1.00 prog=0.27 rel=0.89 bal=+0.33 obs=191 hard=190 obsc=198 yr=  0  nz=0.11 flt=0.01 dmap=+0/-0 shz=4.0 plan=25 cmd=(lx=+0.00,ly=+0.40,rx=+0.00)
  t= 19.8 DWA-F pos=(-1.03,-0.26) yaw=+175.5 d=4.95 goal_err=-37 carrot_err= -35 c0=1.77 clear=1.00 prog=0.27 rel=0.88 bal=+0.32 obs=191 hard=190 obsc=198 yr= 15G nz=0.12 flt=0.23 dmap=+0/-0 shz=4.0 plan=25 cmd=(lx=+0.00,ly=+0.40,rx=+0.00)
  t= 20.2 DWA-F pos=(-1.08,-0.26) yaw=+173.9 d=4.92 goal_err=-36 carrot_err= -36 c0=1.72 clear=1.00 prog=0.28 rel=0.90 bal=+0.30 obs=191 hard=189 obsc=197 yr=  0  nz=0.10 flt=0.02 dmap=+0/-0 shz=4.0 plan=24 cmd=(lx=+0.00,ly=+0.40,rx=+0.00)
  t= 20.6 DWA-F pos=(-1.12,-0.25) yaw=+173.9 d=4.88 goal_err=-36 carrot_err= -38 c0=1.68 clear=1.00 prog=0.27 rel=0.92 bal=+0.29 obs=193 hard=190 obsc=198 yr=  0G nz=0.08 flt=0.00 dmap=+0/-0 shz=4.0 plan=24 cmd=(lx=+0.00,ly=+0.40,rx=+0.45)
  t= 21.0 DWA-F pos=(-1.18,-0.24) yaw=+170.7 d=4.84 goal_err=-33 carrot_err= -37 c0=1.62 clear=1.00 prog=0.29 rel=0.91 bal=+0.28 obs=193 hard=190 obsc=198 yr=  0  nz=0.10 flt=0.02 dmap=+0/-0 shz=4.0 plan=24 cmd=(lx=+0.00,ly=+0.40,rx=+0.00)
  t= 21.5 DWA-F pos=(-1.22,-0.24) yaw=+169.1 d=4.80 goal_err=-32 carrot_err= -37 c0=1.58 clear=1.00 prog=0.30 rel=0.90 bal=+0.27 obs=191 hard=189 obsc=198 yr= 16G nz=0.10 flt=0.10 dmap=+0/-0 shz=4.0 plan=24 cmd=(lx=+0.00,ly=+0.40,rx=+0.00)
  t= 21.9 DWA-F pos=(-1.26,-0.23) yaw=+167.5 d=4.76 goal_err=-31 carrot_err= -28 c0=1.54 clear=1.00 prog=0.30 rel=0.90 bal=+0.26 obs=191 hard=187 obsc=196 yr=  0  nz=0.10 flt=0.00 dmap=+0/-0 shz=4.0 plan=23 cmd=(lx=+0.00,ly=+0.40,rx=+0.00)
  t= 22.3 DWA-F pos=(-1.31,-0.22) yaw=+167.5 d=4.72 goal_err=-31 carrot_err= -29 c0=1.49 clear=0.99 prog=0.31 rel=0.91 bal=+0.25 obs=191 hard=189 obsc=199 yr=  0  nz=0.10 flt=0.00 dmap=+0/-0 shz=4.0 plan=23 cmd=(lx=+0.00,ly=+0.40,rx=+0.00)
  t= 22.8 DWA-F pos=(-1.36,-0.20) yaw=+167.5 d=4.68 goal_err=-31 carrot_err= -31 c0=1.44 clear=0.96 prog=0.31 rel=0.91 bal=+0.25 obs=191 hard=187 obsc=197 yr=  0  nz=0.09 flt=0.00 dmap=+0/-1 shz=4.0 plan=23 cmd=(lx=+0.00,ly=+0.40,rx=+0.00)
  t= 23.2 DWA-F pos=(-1.40,-0.20) yaw=+167.5 d=4.64 goal_err=-32 carrot_err= -14 c0=1.40 clear=0.93 prog=0.31 rel=0.91 bal=+0.25 obs=192 hard=187 obsc=197 yr=  0  nz=0.09 flt=0.01 dmap=+0/-0 shz=4.0 plan=22 cmd=(lx=+0.00,ly=+0.40,rx=+0.00)
  t= 23.6 DWA-F pos=(-1.45,-0.19) yaw=+167.5 d=4.60 goal_err=-32 carrot_err= -15 c0=1.35 clear=0.90 prog=0.31 rel=0.91 bal=+0.25 obs=192 hard=189 obsc=198 yr=  0  nz=0.09 flt=0.01 dmap=+0/-0 shz=4.0 plan=22 cmd=(lx=+0.00,ly=+0.40,rx=+0.00)
  t= 24.1 DWA-F pos=(-1.49,-0.18) yaw=+167.5 d=4.56 goal_err=-32 carrot_err= -15 c0=1.31 clear=0.87 prog=0.31 rel=0.92 bal=+0.24 obs=192 hard=188 obsc=198 yr=  0  nz=0.08 flt=0.00 dmap=+0/-1 shz=4.0 plan=22 cmd=(lx=+0.00,ly=+0.40,rx=+0.00)
  t= 24.5 DWA-F pos=(-1.53,-0.17) yaw=+167.5 d=4.53 goal_err=-33 carrot_err= -16 c0=1.27 clear=0.84 prog=0.31 rel=0.92 bal=+0.11 obs=191 hard=189 obsc=196 yr=  0  nz=0.08 flt=0.00 dmap=+0/-0 shz=4.0 plan=22 cmd=(lx=+0.00,ly=+0.40,rx=+0.00)
  t= 24.9 DWA-F pos=(-1.59,-0.15) yaw=+167.5 d=4.48 goal_err=-33 carrot_err= -22 c0=1.21 clear=0.81 prog=0.31 rel=0.91 bal=+0.11 obs=192 hard=192 obsc=199 yr=  0  nz=0.09 flt=0.01 dmap=+0/-0 shz=4.0 plan=21 cmd=(lx=+0.00,ly=+0.40,rx=+0.00)
  t= 25.3 DWA-F pos=(-1.63,-0.14) yaw=+167.5 d=4.44 goal_err=-33 carrot_err= -23 c0=1.17 clear=0.78 prog=0.31 rel=0.90 bal=+0.11 obs=194 hard=193 obsc=200 yr=  0  nz=0.10 flt=0.02 dmap=+0/-0 shz=4.0 plan=21 cmd=(lx=+0.00,ly=+0.40,rx=+0.00)
  t= 25.8 DWA-F pos=(-1.68,-0.13) yaw=+167.5 d=4.41 goal_err=-34 carrot_err= -24 c0=1.13 clear=0.75 prog=0.31 rel=0.90 bal=+0.13 obs=193 hard=191 obsc=198 yr=  0  nz=0.10 flt=0.01 dmap=+0/-0 shz=4.0 plan=21 cmd=(lx=+0.00,ly=+0.40,rx=+0.00)
  t= 26.2 DWA-F pos=(-1.72,-0.13) yaw=+167.5 d=4.37 goal_err=-34 carrot_err= -25 c0=1.08 clear=0.72 prog=0.30 rel=0.93 bal=+0.12 obs=193 hard=193 obsc=198 yr=  0  nz=0.07 flt=0.01 dmap=+0/-0 shz=4.0 plan=21 cmd=(lx=+0.00,ly=+0.40,rx=+0.00)
  t= 26.6 DWA-F pos=(-1.77,-0.11) yaw=+167.5 d=4.32 goal_err=-34 carrot_err= -19 c0=1.03 clear=0.69 prog=0.30 rel=0.92 bal=+0.11 obs=193 hard=192 obsc=198 yr=  0  nz=0.08 flt=0.01 dmap=+0/-0 shz=4.0 plan=20 cmd=(lx=+0.00,ly=+0.40,rx=+0.00)
  t= 27.0 DWA-F pos=(-1.82,-0.10) yaw=+167.5 d=4.29 goal_err=-35 carrot_err= -20 c0=0.99 clear=0.66 prog=0.30 rel=0.93 bal=+0.11 obs=195 hard=191 obsc=200 yr=  0  nz=0.07 flt=0.03 dmap=+2/-0 shz=4.0 plan=20 cmd=(lx=+0.00,ly=+0.40,rx=+0.00)
  t= 27.5 DWA-F pos=(-1.86,-0.09) yaw=+167.5 d=4.25 goal_err=-35 carrot_err= -21 c0=0.95 clear=0.63 prog=0.30 rel=0.91 bal=+0.11 obs=195 hard=192 obsc=200 yr=  0  nz=0.09 flt=0.01 dmap=+0/-0 shz=4.0 plan=20 cmd=(lx=+0.00,ly=+0.40,rx=+0.00)
  t= 27.9 DWA-F pos=(-1.90,-0.08) yaw=+167.5 d=4.21 goal_err=-35 carrot_err= -25 c0=0.90 clear=0.60 prog=0.30 rel=0.91 bal=+0.10 obs=195 hard=191 obsc=201 yr=  0  nz=0.09 flt=0.00 dmap=+0/-0 shz=4.0 plan=19 cmd=(lx=+0.00,ly=+0.40,rx=+0.00)
  t= 28.3 DWA-F pos=(-1.96,-0.07) yaw=+167.5 d=4.17 goal_err=-36 carrot_err= -26 c0=0.85 clear=0.57 prog=0.30 rel=0.91 bal=+0.10 obs=194 hard=193 obsc=200 yr=  0  nz=0.09 flt=0.00 dmap=+1/-1 shz=4.0 plan=19 cmd=(lx=+0.00,ly=+0.40,rx=+0.00)
  t= 28.8 DWA-F pos=(-2.00,-0.06) yaw=+167.5 d=4.13 goal_err=-36 carrot_err= -27 c0=0.81 clear=0.54 prog=0.30 rel=0.91 bal=+0.00 obs=196 hard=196 obsc=201 yr=  0  nz=0.09 flt=0.01 dmap=+0/-0 shz=4.0 plan=19 cmd=(lx=+0.00,ly=+0.40,rx=+0.00)
  t= 29.2 DWA-F pos=(-2.04,-0.05) yaw=+167.5 d=4.10 goal_err=-37 carrot_err= -28 c0=0.77 clear=0.51 prog=0.29 rel=0.91 bal=-0.02 obs=196 hard=195 obsc=202 yr=  0  nz=0.09 flt=0.01 dmap=+0/-0 shz=4.0 plan=19 cmd=(lx=+0.00,ly=+0.40,rx=+0.00)
  t= 29.6 DWA-F pos=(-2.09,-0.04) yaw=+167.5 d=4.06 goal_err=-37 carrot_err= -30 c0=0.73 clear=0.49 prog=0.29 rel=0.92 bal=-0.03 obs=197 hard=197 obsc=203 yr=  0  nz=0.08 flt=0.02 dmap=+0/-0 shz=4.0 plan=19 cmd=(lx=+0.00,ly=+0.40,rx=+0.00)
  t= 30.0 DWA-F pos=(-2.14,-0.03) yaw=+167.5 d=4.02 goal_err=-37 carrot_err= -31 c0=0.87 clear=0.58 prog=0.31 rel=0.90 bal=-0.32 obs=198 hard=198 obsc=204 yr=  0G nz=0.10 flt=0.00 dmap=+0/-0 shz=4.0 plan=19 cmd=(lx=+0.00,ly=+0.40,rx=+0.45)
  t= 30.5 DWA-F pos=(-2.18,-0.02) yaw=+164.3 d=3.98 goal_err=-35 carrot_err= -30 c0=1.02 clear=0.68 prog=0.29 rel=0.83 bal=-0.21 obs=209 hard=202 obsc=214 yr=  0  nz=0.16 flt=0.25 dmap=+0/-0 shz=4.0 plan=19 cmd=(lx=+0.00,ly=+0.40,rx=+0.00)
  t= 30.9 DWA-F pos=(-2.23,-0.01) yaw=+162.7 d=3.94 goal_err=-33 carrot_err= -29 c0=0.97 clear=0.65 prog=0.29 rel=0.82 bal=-0.42 obs=208 hard=206 obsc=215 yr= 15  nz=0.18 flt=0.02 dmap=+0/-0 shz=4.0 plan=19 cmd=(lx=+0.00,ly=+0.40,rx=+0.00)
  t= 31.3 DWA-F pos=(-2.27,+0.00) yaw=+162.7 d=3.91 goal_err=-34 carrot_err= -22 c0=0.93 clear=0.62 prog=0.30 rel=0.84 bal=-0.55 obs=211 hard=208 obsc=217 yr=  0  nz=0.15 flt=0.00 dmap=+1/-0 shz=4.0 plan=18 cmd=(lx=+0.00,ly=+0.40,rx=+0.00)
  t= 31.7 DWA-F pos=(-2.31,+0.02) yaw=+162.7 d=3.87 goal_err=-34 carrot_err= -23 c0=0.89 clear=0.59 prog=0.30 rel=0.91 bal=-0.56 obs=211 hard=209 obsc=218 yr=  0  nz=0.09 flt=0.02 dmap=+1/-2 shz=4.0 plan=18 cmd=(lx=+0.00,ly=+0.40,rx=+0.00)
  t= 32.2 DWA-F pos=(-2.37,+0.03) yaw=+162.7 d=3.82 goal_err=-34 carrot_err= -24 c0=0.84 clear=0.56 prog=0.30 rel=0.92 bal=-0.47 obs=208 hard=208 obsc=218 yr=  0  nz=0.08 flt=0.00 dmap=+0/-0 shz=4.0 plan=18 cmd=(lx=+0.00,ly=+0.40,rx=+0.00)
  t= 32.6 DWA-F pos=(-2.41,+0.05) yaw=+162.7 d=3.79 goal_err=-35 carrot_err= -26 c0=0.79 clear=0.53 prog=0.31 rel=0.92 bal=-0.47 obs=210 hard=208 obsc=215 yr=  0  nz=0.09 flt=0.03 dmap=+0/-0 shz=4.0 plan=17 cmd=(lx=+0.00,ly=+0.40,rx=+0.00)
  t= 33.0 DWA-F pos=(-2.45,+0.06) yaw=+162.7 d=3.75 goal_err=-35 carrot_err= -27 c0=0.75 clear=0.50 prog=0.30 rel=0.91 bal=-0.46 obs=209 hard=207 obsc=215 yr=  0  nz=0.09 flt=0.03 dmap=+1/-1 shz=4.0 plan=17 cmd=(lx=+0.00,ly=+0.40,rx=+0.00)
  t= 33.4 DWA-F pos=(-2.49,+0.07) yaw=+161.1 d=3.72 goal_err=-34 carrot_err= -27 c0=0.71 clear=0.47 prog=0.30 rel=0.92 bal=-0.45 obs=209 hard=207 obsc=215 yr= 15G nz=0.08 flt=0.00 dmap=+0/-0 shz=4.0 plan=17 cmd=(lx=+0.00,ly=+0.40,rx=+0.00)
  t= 33.9 ENG-F pos=(-2.53,+0.09) yaw=+159.5 d=3.68 goal_err=-33 carrot_err= -26 c0=1.07 clear=0.71 prog=0.30 rel=0.77 bal=-0.44 obs=210 hard=210 obsc=218 yr=  0  nz=0.23 flt=0.01 dmap=+0/-0 shz=4.0 plan=17 cmd=(lx=+0.00,ly=+0.28,rx=+0.00)
  t= 34.3 ENG-F pos=(-2.57,+0.10) yaw=+159.5 d=3.64 goal_err=-33 carrot_err= -27 c0=1.03 clear=0.69 prog=0.28 rel=0.75 bal=-0.43 obs=211 hard=208 obsc=218 yr=  0  nz=0.25 flt=0.03 dmap=+2/-2 shz=4.0 plan=16 cmd=(lx=+0.00,ly=+0.28,rx=+0.00)
  t= 34.7 ENG-F pos=(-2.61,+0.12) yaw=+159.5 d=3.61 goal_err=-34 carrot_err= -29 c0=0.99 clear=0.66 prog=0.28 rel=0.76 bal=-0.32 obs=212 hard=211 obsc=220 yr=  0  nz=0.24 flt=0.01 dmap=+0/-0 shz=4.0 plan=16 cmd=(lx=+0.00,ly=+0.28,rx=+0.00)
  t= 35.1 ENG-F pos=(-2.65,+0.13) yaw=+159.5 d=3.58 goal_err=-34 carrot_err= -30 c0=0.96 clear=0.64 prog=0.27 rel=0.90 bal=-0.32 obs=212 hard=208 obsc=217 yr=  0  nz=0.10 flt=0.02 dmap=+0/-0 shz=4.0 plan=16 cmd=(lx=+0.00,ly=+0.28,rx=+0.00)
  t= 35.6 ENG-F pos=(-2.68,+0.14) yaw=+159.5 d=3.55 goal_err=-34 carrot_err= -31 c0=0.92 clear=0.61 prog=0.26 rel=0.92 bal=-0.38 obs=215 hard=212 obsc=221 yr=  0  nz=0.08 flt=0.01 dmap=+2/-0 shz=4.0 plan=16 cmd=(lx=+0.00,ly=+0.28,rx=+0.00)
  t= 36.0 ENG-F pos=(-2.71,+0.16) yaw=+159.5 d=3.52 goal_err=-35 carrot_err= -32 c0=0.89 clear=0.59 prog=0.25 rel=0.93 bal=-0.32 obs=214 hard=212 obsc=221 yr=  0  nz=0.07 flt=0.00 dmap=+0/-0 shz=4.0 plan=16 cmd=(lx=+0.00,ly=+0.28,rx=+0.00)
  t= 36.4 ENG-F pos=(-2.75,+0.17) yaw=+159.5 d=3.49 goal_err=-35 carrot_err= -34 c0=0.85 clear=0.57 prog=0.23 rel=0.93 bal=-0.32 obs=214 hard=213 obsc=221 yr=  0  nz=0.07 flt=0.00 dmap=+0/-0 shz=4.0 plan=16 cmd=(lx=+0.00,ly=+0.28,rx=+0.00)
  t= 36.8 ENG-F pos=(-2.79,+0.19) yaw=+159.5 d=3.45 goal_err=-35 carrot_err= -36 c0=0.81 clear=0.54 prog=0.25 rel=0.92 bal=-0.32 obs=213 hard=212 obsc=220 yr=  0  nz=0.08 flt=0.05 dmap=+0/-1 shz=4.0 plan=16 cmd=(lx=+0.00,ly=+0.28,rx=+0.00)
  t= 37.3 ENG-F pos=(-2.82,+0.20) yaw=+159.5 d=3.42 goal_err=-36 carrot_err= -25 c0=0.78 clear=0.52 prog=0.25 rel=0.91 bal=-0.27 obs=215 hard=212 obsc=221 yr=  0  nz=0.09 flt=0.02 dmap=+0/-0 shz=4.0 plan=16 cmd=(lx=+0.00,ly=+0.28,rx=+0.00)
  t= 37.7 ENG-F pos=(-2.86,+0.21) yaw=+159.5 d=3.39 goal_err=-36 carrot_err= -27 c0=0.74 clear=0.49 prog=0.24 rel=0.92 bal=-0.28 obs=217 hard=214 obsc=223 yr=  0  nz=0.08 flt=0.00 dmap=+0/-0 shz=4.0 plan=16 cmd=(lx=+0.00,ly=+0.28,rx=+0.00)
  t= 38.1 ENG-T pos=(-2.89,+0.22) yaw=+159.5 d=3.36 goal_err=-36 carrot_err= -28 c0=0.71 clear=0.47 prog=0.24 rel=0.92 bal=-0.28 obs=217 hard=214 obsc=223 yr=  0G nz=0.08 flt=0.02 dmap=+0/-0 shz=4.0 plan=16 cmd=(lx=+0.00,ly=+0.00,rx=+0.45)
  t= 38.5 ENG-F pos=(-2.90,+0.23) yaw=+154.7 d=3.36 goal_err=-32 carrot_err= -24 c0=0.72 clear=0.48 prog=0.19 rel=0.93 bal=-0.29 obs=217 hard=215 obsc=222 yr= 15  nz=0.07 flt=0.04 dmap=+0/-0 shz=4.0 plan=16 cmd=(lx=+0.00,ly=+0.28,rx=+0.00)
  t= 39.0 ENG-F pos=(-2.94,+0.25) yaw=+154.7 d=3.32 goal_err=-32 carrot_err= -25 c0=0.68 clear=0.45 prog=0.21 rel=0.95 bal=-0.29 obs=217 hard=217 obsc=224 yr=  0  nz=0.05 flt=0.02 dmap=+0/-0 shz=4.0 plan=16 cmd=(lx=+0.00,ly=+0.28,rx=+0.00)
  t= 39.4 ENG-F pos=(-2.97,+0.26) yaw=+154.7 d=3.29 goal_err=-32 carrot_err= -26 c0=0.64 clear=0.43 prog=0.21 rel=0.94 bal=-0.17 obs=216 hard=214 obsc=221 yr=  0  nz=0.06 flt=0.00 dmap=+0/-0 shz=4.0 plan=16 cmd=(lx=+0.00,ly=+0.28,rx=+0.00)
  t= 39.8 ENG-F pos=(-2.99,+0.27) yaw=+151.4 d=3.27 goal_err=-29 carrot_err= -24 c0=0.62 clear=0.42 prog=0.18 rel=0.93 bal=-0.21 obs=214 hard=214 obsc=221 yr= 15  nz=0.07 flt=0.01 dmap=+0/-2 shz=4.0 plan=16 cmd=(lx=+0.00,ly=+0.28,rx=+0.00)
  t= 40.2 ENG-F pos=(-3.01,+0.28) yaw=+149.8 d=3.25 goal_err=-28 carrot_err= -23 c0=0.60 clear=0.40 prog=0.19 rel=0.94 bal=-0.22 obs=216 hard=214 obsc=221 yr=  0  nz=0.06 flt=0.03 dmap=+0/-0 shz=4.0 plan=16 cmd=(lx=+0.00,ly=+0.28,rx=+0.00)
  t= 40.7 ENG-F pos=(-3.04,+0.30) yaw=+149.8 d=3.22 goal_err=-28 carrot_err= -24 c0=0.56 clear=0.38 prog=0.22 rel=0.94 bal=-0.22 obs=215 hard=214 obsc=221 yr=  0  nz=0.06 flt=0.01 dmap=+0/-0 shz=4.0 plan=16 cmd=(lx=+0.00,ly=+0.28,rx=+0.00)
  t= 41.1 ENG-F pos=(-3.08,+0.32) yaw=+148.2 d=3.18 goal_err=-27 carrot_err= -24 c0=0.53 clear=0.35 prog=0.20 rel=0.95 bal=-0.23 obs=213 hard=215 obsc=222 yr= 16G nz=0.05 flt=0.16 dmap=+0/-0 shz=4.0 plan=16 cmd=(lx=+0.00,ly=+0.28,rx=+0.00)
  t= 41.5 ENG-F pos=(-3.10,+0.33) yaw=+146.6 d=3.16 goal_err=-26 carrot_err= -20 c0=0.57 clear=0.38 prog=0.19 rel=0.94 bal=-0.18 obs=213 hard=214 obsc=220 yr=  0  nz=0.07 flt=0.05 dmap=+0/-0 shz=4.0 plan=16 cmd=(lx=+0.00,ly=+0.28,rx=+0.00)
  t= 42.0 ENG-T pos=(-3.13,+0.35) yaw=+146.6 d=3.13 goal_err=-26 carrot_err= -20 c0=0.53 clear=0.35 prog=0.23 rel=0.95 bal=-0.17 obs=214 hard=215 obsc=222 yr=  0G nz=0.04 flt=0.00 dmap=+0/-0 shz=4.0 plan=16 cmd=(lx=+0.00,ly=+0.00,rx=+0.45)
  t= 42.4 ENG-F pos=(-3.13,+0.36) yaw=+141.8 d=3.12 goal_err=-21 carrot_err= -16 c0=0.52 clear=0.35 prog=0.19 rel=0.96 bal=-0.17 obs=215 hard=214 obsc=221 yr=  0  nz=0.04 flt=0.00 dmap=+1/-0 shz=4.0 plan=15 cmd=(lx=+0.00,ly=+0.28,rx=+0.00)
  t= 42.8 ENG-F pos=(-3.16,+0.38) yaw=+141.8 d=3.09 goal_err=-21 carrot_err= -16 c0=0.68 clear=0.45 prog=0.18 rel=0.96 bal=-0.16 obs=217 hard=215 obsc=223 yr=  0  nz=0.04 flt=0.03 dmap=+3/-1 shz=4.0 plan=15 cmd=(lx=+0.00,ly=+0.28,rx=+0.00)
  t= 43.2 ENG-F pos=(-3.18,+0.39) yaw=+138.6 d=3.07 goal_err=-18 carrot_err= -14 c0=0.66 clear=0.44 prog=0.19 rel=0.89 bal=-0.15 obs=217 hard=215 obsc=223 yr= 15  nz=0.11 flt=0.11 dmap=+0/-0 shz=4.0 plan=15 cmd=(lx=+0.00,ly=+0.28,rx=+0.00)
  t= 43.6 ENG-T pos=(-3.20,+0.41) yaw=+138.6 d=3.04 goal_err=-18 carrot_err= -14 c0=0.63 clear=0.42 prog=0.18 rel=0.89 bal=+0.48 obs=217 hard=215 obsc=223 yr=  0G nz=0.11 flt=0.03 dmap=+0/-0 shz=4.0 plan=15 cmd=(lx=+0.00,ly=+0.00,rx=+0.45)
  t= 44.1 ENG-F pos=(-3.21,+0.42) yaw=+133.8 d=3.03 goal_err=-14 carrot_err= -10 c0=0.88 clear=0.59 prog=0.17 rel=0.82 bal=+0.48 obs=218 hard=216 obsc=224 yr=  0  nz=0.18 flt=0.00 dmap=+0/-0 shz=4.0 plan=15 cmd=(lx=+0.00,ly=+0.28,rx=+0.00)
  t= 44.5 ENG-F pos=(-3.22,+0.43) yaw=+133.8 d=3.02 goal_err=-14 carrot_err= -10 c0=0.87 clear=0.58 prog=0.15 rel=0.81 bal=+0.49 obs=219 hard=218 obsc=225 yr=  0  nz=0.19 flt=0.01 dmap=+0/-1 shz=3.9 plan=15 cmd=(lx=+0.00,ly=+0.28,rx=+0.00)
  t= 44.9 ENG-GO pos=(-3.24,+0.45) yaw=+133.8 d=2.99 goal_err=-14 carrot_err= -10 c0=0.84 clear=0.56 prog=0.13 rel=0.82 bal=+0.50 obs=217 hard=216 obsc=222 yr=  0  nz=0.18 flt=0.01 dmap=+0/-0 shz=4.0 plan=15 cmd=(lx=+0.00,ly=+0.28,rx=+0.00)
  t= 45.4 ENG-GO pos=(-3.26,+0.47) yaw=+133.8 d=2.96 goal_err=-14 carrot_err= -11 c0=0.81 clear=0.54 prog=0.16 rel=0.96 bal=+0.51 obs=215 hard=216 obsc=222 yr=  0  nz=0.04 flt=0.00 dmap=+0/-0 shz=3.9 plan=15 cmd=(lx=+0.00,ly=+0.28,rx=+0.00)
  t= 45.8 ENG-GO pos=(-3.28,+0.49) yaw=+133.8 d=2.93 goal_err=-14 carrot_err= -11 c0=0.79 clear=0.52 prog=0.18 rel=0.94 bal=+0.53 obs=215 hard=215 obsc=221 yr=  0  nz=0.06 flt=0.00 dmap=+0/-0 shz=4.0 plan=15 cmd=(lx=+0.00,ly=+0.28,rx=+0.00)
  t= 46.2 ENG-GO pos=(-3.30,+0.51) yaw=+133.8 d=2.90 goal_err=-14 carrot_err=  -8 c0=0.76 clear=0.51 prog=0.22 rel=0.94 bal=+0.54 obs=216 hard=214 obsc=222 yr=  0  nz=0.06 flt=0.00 dmap=+1/-1 shz=3.9 plan=15 cmd=(lx=+0.00,ly=+0.28,rx=+0.00)
  t= 46.6 ENG-GO pos=(-3.32,+0.54) yaw=+133.8 d=2.87 goal_err=-14 carrot_err=  -8 c0=1.18 clear=0.78 prog=0.21 rel=0.95 bal=+0.55 obs=218 hard=215 obsc=223 yr=  0  nz=0.05 flt=0.01 dmap=+0/-0 shz=3.9 plan=15 cmd=(lx=+0.00,ly=+0.28,rx=+0.00)
  t= 47.1 ENG-GO pos=(-3.35,+0.56) yaw=+133.8 d=2.84 goal_err=-15 carrot_err=  -6 c0=1.14 clear=0.76 prog=0.24 rel=0.73 bal=+0.57 obs=216 hard=215 obsc=223 yr=  0  nz=0.27 flt=0.01 dmap=+0/-0 shz=3.9 plan=13 cmd=(lx=+0.00,ly=+0.28,rx=+0.00)
  t= 47.5 ENG-GO pos=(-3.37,+0.59) yaw=+133.8 d=2.81 goal_err=-15 carrot_err=  -6 c0=1.11 clear=0.74 prog=0.25 rel=0.70 bal=+0.59 obs=216 hard=216 obsc=222 yr=  0  nz=0.30 flt=0.00 dmap=+0/-1 shz=3.9 plan=13 cmd=(lx=+0.00,ly=+0.28,rx=+0.00)
  t= 47.9 ENG-GO pos=(-3.39,+0.61) yaw=+133.8 d=2.78 goal_err=-15 carrot_err=  -6 c0=1.17 clear=0.78 prog=0.25 rel=0.73 bal=+0.01 obs=218 hard=217 obsc=224 yr=  0  nz=0.27 flt=0.01 dmap=+0/-0 shz=3.9 plan=13 cmd=(lx=+0.00,ly=+0.28,rx=+0.00)
  t= 48.4 ENG-GO pos=(-3.41,+0.63) yaw=+133.8 d=2.74 goal_err=-15 carrot_err=  -6 c0=1.14 clear=0.76 prog=0.25 rel=0.95 bal=+0.01 obs=219 hard=216 obsc=224 yr=  0  nz=0.05 flt=0.01 dmap=+0/-0 shz=3.9 plan=13 cmd=(lx=+0.00,ly=+0.28,rx=+0.00)
  t= 48.8 ENG-GO pos=(-3.44,+0.66) yaw=+133.8 d=2.70 goal_err=-15 carrot_err=  -7 c0=1.10 clear=0.73 prog=0.26 rel=0.96 bal=+0.02 obs=217 hard=216 obsc=223 yr=  0  nz=0.04 flt=0.02 dmap=+0/-1 shz=3.9 plan=13 cmd=(lx=+0.00,ly=+0.28,rx=+0.00)
  t= 49.2 ENG-GO pos=(-3.47,+0.69) yaw=+133.8 d=2.67 goal_err=-16 carrot_err=  -7 c0=1.06 clear=0.71 prog=0.27 rel=0.95 bal=+0.11 obs=217 hard=219 obsc=225 yr=  0  nz=0.05 flt=0.00 dmap=+3/-3 shz=4.0 plan=13 cmd=(lx=+0.00,ly=+0.28,rx=+0.00)
  t= 49.6 ENG-GO pos=(-3.49,+0.72) yaw=+133.8 d=2.63 goal_err=-16 carrot_err=  -7 c0=1.03 clear=0.69 prog=0.27 rel=0.93 bal=+0.02 obs=215 hard=214 obsc=222 yr=  0  nz=0.07 flt=0.00 dmap=+0/-0 shz=3.9 plan=13 cmd=(lx=+0.00,ly=+0.28,rx=+0.00)
  t= 50.1 ENG-GO pos=(-3.52,+0.74) yaw=+133.8 d=2.60 goal_err=-16 carrot_err=  -5 c0=1.00 clear=0.66 prog=0.28 rel=0.93 bal=+0.01 obs=215 hard=213 obsc=220 yr=  0  nz=0.07 flt=0.00 dmap=+0/-0 shz=4.0 plan=12 cmd=(lx=+0.00,ly=+0.28,rx=+0.00)
  t= 50.5 ENG-GO pos=(-3.55,+0.77) yaw=+133.8 d=2.56 goal_err=-16 carrot_err=  -5 c0=0.95 clear=0.64 prog=0.28 rel=0.93 bal=+0.01 obs=215 hard=214 obsc=220 yr=  0  nz=0.07 flt=0.00 dmap=+0/-0 shz=3.9 plan=12 cmd=(lx=+0.00,ly=+0.28,rx=+0.00)
  t= 50.9 ENG-GO pos=(-3.57,+0.80) yaw=+133.8 d=2.52 goal_err=-16 carrot_err=  -6 c0=0.92 clear=0.61 prog=0.28 rel=0.93 bal=+0.00 obs=215 hard=214 obsc=220 yr=  0  nz=0.07 flt=0.01 dmap=+0/-0 shz=4.0 plan=12 cmd=(lx=+0.00,ly=+0.28,rx=+0.00)
  t= 51.4 ENG-GO pos=(-3.60,+0.83) yaw=+133.8 d=2.49 goal_err=-17 carrot_err=  -6 c0=0.89 clear=0.59 prog=0.28 rel=0.93 bal=-0.00 obs=216 hard=215 obsc=221 yr=  0  nz=0.07 flt=0.01 dmap=+0/-0 shz=4.0 plan=12 cmd=(lx=+0.00,ly=+0.28,rx=+0.00)
  t= 51.8 ENG-GO pos=(-3.62,+0.85) yaw=+133.8 d=2.45 goal_err=-17 carrot_err=  -6 c0=0.85 clear=0.57 prog=0.28 rel=0.93 bal=-0.01 obs=214 hard=215 obsc=222 yr=  0  nz=0.07 flt=0.01 dmap=+2/-3 shz=3.9 plan=12 cmd=(lx=+0.00,ly=+0.28,rx=+0.00)
  t= 52.2 ENG-GO pos=(-3.65,+0.89) yaw=+133.8 d=2.41 goal_err=-17 carrot_err=  -6 c0=0.81 clear=0.54 prog=0.30 rel=0.91 bal=-0.01 obs=214 hard=212 obsc=219 yr=  0  nz=0.09 flt=0.00 dmap=+0/-0 shz=4.0 plan=12 cmd=(lx=+0.00,ly=+0.28,rx=+0.00)
  t= 52.6 ENG-GO pos=(-3.67,+0.90) yaw=+133.8 d=2.38 goal_err=-17 carrot_err=  -7 c0=0.79 clear=0.52 prog=0.27 rel=0.90 bal=+0.11 obs=212 hard=214 obsc=221 yr=  0  nz=0.10 flt=0.00 dmap=+0/-0 shz=3.9 plan=12 cmd=(lx=+0.00,ly=+0.28,rx=+0.00)
  t= 53.0 ENG-GO pos=(-3.70,+0.94) yaw=+133.8 d=2.34 goal_err=-18 carrot_err=  -7 c0=0.84 clear=0.56 prog=0.28 rel=0.90 bal=-0.02 obs=210 hard=210 obsc=217 yr=  0  nz=0.10 flt=0.00 dmap=+0/-1 shz=3.9 plan=12 cmd=(lx=+0.00,ly=+0.28,rx=+0.00)
  t= 53.5 ENG-GO pos=(-3.73,+0.96) yaw=+133.8 d=2.31 goal_err=-18 carrot_err=  -5 c0=0.80 clear=0.53 prog=0.29 rel=0.94 bal=-0.03 obs=211 hard=210 obsc=217 yr=  0  nz=0.06 flt=0.01 dmap=+0/-1 shz=4.0 plan=11 cmd=(lx=+0.00,ly=+0.28,rx=+0.00)
  t= 53.9 ENG-GO pos=(-3.75,+0.99) yaw=+133.8 d=2.27 goal_err=-18 carrot_err=  -5 c0=0.77 clear=0.51 prog=0.29 rel=0.96 bal=-0.04 obs=211 hard=210 obsc=217 yr=  0  nz=0.04 flt=0.00 dmap=+0/-0 shz=3.9 plan=11 cmd=(lx=+0.00,ly=+0.28,rx=+0.00)
  t= 54.3 ENG-GO pos=(-3.78,+1.02) yaw=+133.8 d=2.24 goal_err=-19 carrot_err=  -5 c0=0.73 clear=0.49 prog=0.27 rel=0.95 bal=-0.05 obs=213 hard=212 obsc=218 yr=  0  nz=0.05 flt=0.00 dmap=+1/-0 shz=3.9 plan=11 cmd=(lx=+0.00,ly=+0.28,rx=+0.00)
  t= 54.7 ENG-GO pos=(-3.80,+1.04) yaw=+133.8 d=2.20 goal_err=-19 carrot_err=  -6 c0=0.70 clear=0.46 prog=0.27 rel=0.93 bal=-0.06 obs=213 hard=212 obsc=218 yr=  0  nz=0.07 flt=0.01 dmap=+0/-0 shz=4.0 plan=11 cmd=(lx=+0.00,ly=+0.28,rx=+0.00)
  t= 55.2 ENG-GO pos=(-3.83,+1.07) yaw=+133.8 d=2.17 goal_err=-19 carrot_err=  -6 c0=0.66 clear=0.44 prog=0.27 rel=0.94 bal=-0.07 obs=213 hard=212 obsc=220 yr=  0  nz=0.06 flt=0.02 dmap=+0/-0 shz=3.9 plan=11 cmd=(lx=+0.00,ly=+0.28,rx=+0.00)
  t= 55.6 ENG-GO pos=(-3.85,+1.09) yaw=+133.8 d=2.14 goal_err=-20 carrot_err=  -6 c0=0.63 clear=0.42 prog=0.27 rel=0.93 bal=-0.10 obs=214 hard=211 obsc=219 yr=  0  nz=0.07 flt=0.00 dmap=+0/-0 shz=3.9 plan=11 cmd=(lx=+0.00,ly=+0.28,rx=+0.00)
  t= 56.0 ENG-GO pos=(-3.88,+1.13) yaw=+133.8 d=2.09 goal_err=-20 carrot_err= -13 c0=0.58 clear=0.39 prog=0.28 rel=0.92 bal=-0.05 obs=211 hard=211 obsc=218 yr=  0  nz=0.08 flt=0.00 dmap=+0/-2 shz=4.0 plan=11 cmd=(lx=+0.00,ly=+0.28,rx=+0.00)
  t= 56.4 ENG-GO pos=(-3.91,+1.15) yaw=+133.8 d=2.06 goal_err=-20 carrot_err= -14 c0=0.55 clear=0.37 prog=0.28 rel=0.92 bal=-0.04 obs=212 hard=212 obsc=217 yr=  0  nz=0.08 flt=0.03 dmap=+0/-0 shz=3.9 plan=10 cmd=(lx=+0.00,ly=+0.28,rx=+0.00)
  t= 56.8 ENG-GO pos=(-3.93,+1.18) yaw=+133.8 d=2.03 goal_err=-21 carrot_err= -14 c0=0.52 clear=0.34 prog=0.28 rel=0.91 bal=+0.04 obs=211 hard=211 obsc=217 yr=  0  nz=0.09 flt=0.01 dmap=+1/-1 shz=4.0 plan=10 cmd=(lx=+0.00,ly=+0.28,rx=+0.00)
  t= 57.2 ENG-GO pos=(-3.96,+1.20) yaw=+133.8 d=1.99 goal_err=-21 carrot_err= -15 c0=0.75 clear=0.50 prog=0.28 rel=0.86 bal=+0.04 obs=212 hard=211 obsc=217 yr=  0  nz=0.14 flt=0.01 dmap=+2/-0 shz=4.0 plan=10 cmd=(lx=+0.00,ly=+0.28,rx=+0.00)
  t= 57.7 ENG-GO pos=(-3.98,+1.23) yaw=+133.8 d=1.96 goal_err=-21 carrot_err= -15 c0=0.72 clear=0.48 prog=0.26 rel=0.83 bal=+0.04 obs=213 hard=212 obsc=218 yr=  0  nz=0.17 flt=0.00 dmap=+0/-0 shz=4.0 plan=10 cmd=(lx=+0.00,ly=+0.28,rx=+0.00)
  t= 58.1 ENG-GO pos=(-4.00,+1.25) yaw=+133.8 d=1.93 goal_err=-22 carrot_err= -16 c0=0.69 clear=0.46 prog=0.26 rel=0.85 bal=+0.04 obs=215 hard=216 obsc=221 yr=  0  nz=0.15 flt=0.00 dmap=+1/-0 shz=4.0 plan=10 cmd=(lx=+0.00,ly=+0.28,rx=+0.00)
  t= 58.5 ENG-GO pos=(-4.03,+1.28) yaw=+133.8 d=1.89 goal_err=-22 carrot_err= -17 c0=0.65 clear=0.43 prog=0.27 rel=0.87 bal=+0.62 obs=215 hard=215 obsc=220 yr=  0  nz=0.13 flt=0.00 dmap=+1/-0 shz=4.0 plan=10 cmd=(lx=+0.00,ly=+0.28,rx=+0.00)
  t= 58.9 ENG-GO pos=(-4.06,+1.30) yaw=+133.8 d=1.86 goal_err=-23 carrot_err= -23 c0=0.62 clear=0.41 prog=0.26 rel=0.94 bal=-0.10 obs=213 hard=214 obsc=220 yr=  0  nz=0.06 flt=0.00 dmap=+0/-0 shz=3.9 plan=10 cmd=(lx=+0.00,ly=+0.28,rx=+0.00)
  t= 59.3 ENG-GO pos=(-4.08,+1.33) yaw=+133.8 d=1.83 goal_err=-23 carrot_err= -23 c0=0.59 clear=0.39 prog=0.25 rel=0.93 bal=+0.55 obs=212 hard=210 obsc=218 yr=  0  nz=0.07 flt=0.03 dmap=+0/-1 shz=3.9 plan=10 cmd=(lx=+0.00,ly=+0.28,rx=+0.00)
  t= 59.8 ENG-GO pos=(-4.10,+1.35) yaw=+133.8 d=1.80 goal_err=-23 carrot_err= -24 c0=0.56 clear=0.37 prog=0.25 rel=0.94 bal=+0.56 obs=213 hard=210 obsc=218 yr=  0  nz=0.06 flt=0.00 dmap=+1/-0 shz=4.0 plan=9 cmd=(lx=+0.00,ly=+0.28,rx=+0.00)
  t= 60.2 ENG-GO pos=(-4.12,+1.37) yaw=+133.8 d=1.78 goal_err=-24 carrot_err= -25 c0=0.53 clear=0.35 prog=0.24 rel=0.94 bal=+0.57 obs=212 hard=211 obsc=218 yr=  0  nz=0.06 flt=0.01 dmap=+0/-0 shz=4.0 plan=9 cmd=(lx=+0.00,ly=+0.28,rx=+0.00)
  t= 60.6 ENG-GO pos=(-4.14,+1.39) yaw=+133.8 d=1.75 goal_err=-24 carrot_err= -26 c0=1.33 clear=0.89 prog=0.23 rel=0.47 bal=+0.58 obs=212 hard=212 obsc=217 yr=  0  nz=0.54 flt=0.01 dmap=+0/-0 shz=4.0 plan=9 cmd=(lx=+0.00,ly=+0.28,rx=+0.00)
  t= 61.0 ENG-GO pos=(-4.17,+1.42) yaw=+133.8 d=1.72 goal_err=-25 carrot_err= -27 c0=1.30 clear=0.86 prog=0.23 rel=0.42 bal=+0.60 obs=216 hard=215 obsc=221 yr=  0  nz=0.58 flt=0.01 dmap=+1/-0 shz=4.0 plan=9 cmd=(lx=+0.00,ly=+0.28,rx=+0.00)
  t= 61.5 ENG-GO pos=(-4.19,+1.44) yaw=+133.8 d=1.69 goal_err=-25 carrot_err= -28 c0=1.27 clear=0.84 prog=0.23 rel=0.47 bal=+0.61 obs=217 hard=216 obsc=223 yr=  0  nz=0.53 flt=0.00 dmap=+0/-0 shz=4.0 plan=9 cmd=(lx=+0.00,ly=+0.28,rx=+0.00)
  t= 61.9 ENG-GO pos=(-4.21,+1.46) yaw=+133.8 d=1.66 goal_err=-25 carrot_err= -29 c0=1.23 clear=0.82 prog=0.23 rel=0.93 bal=+0.62 obs=219 hard=217 obsc=220 yr=  0  nz=0.07 flt=0.00 dmap=+0/-0 shz=4.0 plan=9 cmd=(lx=+0.00,ly=+0.28,rx=+0.00)
  t= 62.3 ENG-GO pos=(-4.23,+1.49) yaw=+133.8 d=1.63 goal_err=-26 carrot_err= -31 c0=1.20 clear=0.80 prog=0.23 rel=0.94 bal=-0.06 obs=221 hard=220 obsc=223 yr=  0  nz=0.06 flt=0.03 dmap=+2/-1 shz=4.0 plan=9 cmd=(lx=+0.00,ly=+0.28,rx=+0.00)
  t= 62.7 ENG-GO pos=(-4.26,+1.52) yaw=+133.8 d=1.60 goal_err=-27 carrot_err= -23 c0=1.16 clear=0.78 prog=0.24 rel=0.75 bal=-0.63 obs=222 hard=222 obsc=225 yr=  0  nz=0.25 flt=0.01 dmap=+0/-0 shz=4.0 plan=8 cmd=(lx=+0.00,ly=+0.28,rx=+0.00)
  t= 63.2 ENG-GO pos=(-4.28,+1.54) yaw=+133.8 d=1.56 goal_err=-27 carrot_err= -24 c0=1.13 clear=0.75 prog=0.24 rel=0.77 bal=+0.05 obs=221 hard=220 obsc=223 yr=  0  nz=0.23 flt=0.00 dmap=+0/-0 shz=4.0 plan=8 cmd=(lx=+0.00,ly=+0.28,rx=+0.00)
  t= 63.6 ENG-GO pos=(-4.31,+1.57) yaw=+133.8 d=1.52 goal_err=-28 carrot_err= -25 c0=1.08 clear=0.72 prog=0.26 rel=0.78 bal=+0.17 obs=219 hard=216 obsc=219 yr=  0  nz=0.22 flt=0.01 dmap=+0/-0 shz=4.0 plan=8 cmd=(lx=+0.00,ly=+0.28,rx=+0.00)
  t= 64.0 ENG-GO pos=(-4.34,+1.60) yaw=+133.8 d=1.49 goal_err=-29 carrot_err= -26 c0=1.05 clear=0.70 prog=0.27 rel=0.81 bal=+0.17 obs=221 hard=218 obsc=222 yr=  0  nz=0.19 flt=0.00 dmap=+1/-0 shz=4.0 plan=8 cmd=(lx=+0.00,ly=+0.28,rx=+0.00)
  t= 64.4 ENG-GO pos=(-4.36,+1.63) yaw=+133.8 d=1.46 goal_err=-29 carrot_err= -27 c0=1.01 clear=0.68 prog=0.27 rel=0.92 bal=-0.40 obs=214 hard=211 obsc=215 yr=  0  nz=0.08 flt=0.02 dmap=+0/-0 shz=4.0 plan=8 cmd=(lx=+0.00,ly=+0.28,rx=+0.00)
  t= 64.9 ENG-GO pos=(-4.39,+1.65) yaw=+133.8 d=1.43 goal_err=-30 carrot_err= -28 c0=0.98 clear=0.65 prog=0.26 rel=0.92 bal=-0.41 obs=216 hard=212 obsc=216 yr=  0  nz=0.08 flt=0.00 dmap=+0/-0 shz=4.0 plan=8 cmd=(lx=+0.00,ly=+0.28,rx=+0.00)
  t= 65.3 ENG-GO pos=(-4.41,+1.68) yaw=+133.8 d=1.40 goal_err=-31 carrot_err= -29 c0=0.94 clear=0.63 prog=0.26 rel=0.93 bal=-0.53 obs=216 hard=213 obsc=217 yr=  0  nz=0.07 flt=0.01 dmap=+1/-1 shz=4.0 plan=8 cmd=(lx=+0.00,ly=+0.28,rx=+0.00)
  t= 65.7 ENG-GO pos=(-4.44,+1.71) yaw=+133.8 d=1.36 goal_err=-32 carrot_err= -34 c0=0.90 clear=0.60 prog=0.26 rel=0.92 bal=-0.54 obs=217 hard=214 obsc=217 yr=  0  nz=0.08 flt=0.00 dmap=+0/-0 shz=4.0 plan=8 cmd=(lx=+0.00,ly=+0.28,rx=+0.00)
  t= 66.1 ENG-GO pos=(-4.47,+1.74) yaw=+133.8 d=1.33 goal_err=-33 carrot_err= -35 c0=0.86 clear=0.58 prog=0.26 rel=0.92 bal=-0.56 obs=217 hard=215 obsc=217 yr=  0  nz=0.08 flt=0.00 dmap=+0/-0 shz=4.0 plan=7 cmd=(lx=+0.00,ly=+0.28,rx=+0.00)
  t= 66.5 DWA-F pos=(-4.50,+1.77) yaw=+130.6 d=1.30 goal_err=-30 carrot_err= -34 c0=0.83 clear=0.55 prog=0.26 rel=0.92 bal=-0.58 obs=217 hard=215 obsc=217 yr= 15G nz=0.08 flt=0.00 dmap=+0/-0 shz=4.0 plan=7 cmd=(lx=+0.00,ly=+0.40,rx=+0.45)
  t= 67.0 DWA-F pos=(-4.52,+1.80) yaw=+124.2 d=1.26 goal_err=-25 carrot_err= -29 c0=0.90 clear=0.60 prog=0.28 rel=0.93 bal=-0.50 obs=218 hard=216 obsc=218 yr= 15  nz=0.07 flt=0.07 dmap=+0/-0 shz=4.0 plan=7 cmd=(lx=+0.00,ly=+0.40,rx=+0.00)
  t= 67.4 DWA-F pos=(-4.55,+1.84) yaw=+122.6 d=1.22 goal_err=-24 carrot_err= -29 c0=0.86 clear=0.57 prog=0.29 rel=0.93 bal=-0.38 obs=221 hard=219 obsc=227 yr=  0  nz=0.07 flt=0.06 dmap=+0/-0 shz=4.0 plan=7 cmd=(lx=+0.00,ly=+0.40,rx=+0.45)
  t= 67.8 DWA-F pos=(-4.58,+1.89) yaw=+117.8 d=1.16 goal_err=-20 carrot_err= -26 c0=0.81 clear=0.54 prog=0.31 rel=0.94 bal=-0.39 obs=221 hard=219 obsc=227 yr= 30G nz=0.06 flt=0.11 dmap=+0/-0 shz=4.0 plan=7 cmd=(lx=+0.00,ly=+0.40,rx=+0.00)
  t= 68.2 DWA-F pos=(-4.60,+1.92) yaw=+116.1 d=1.12 goal_err=-19 carrot_err= -13 c0=1.05 clear=0.70 prog=0.33 rel=0.93 bal=-0.39 obs=223 hard=220 obsc=229 yr=  0  nz=0.07 flt=0.00 dmap=+1/-0 shz=4.0 plan=7 cmd=(lx=+0.00,ly=+0.40,rx=+0.00)
  t= 68.7 DWA-F pos=(-4.62,+1.96) yaw=+116.1 d=1.08 goal_err=-20 carrot_err= -14 c0=1.01 clear=0.67 prog=0.34 rel=0.84 bal=-0.40 obs=221 hard=220 obsc=229 yr=  0  nz=0.15 flt=0.02 dmap=+1/-0 shz=4.0 plan=7 cmd=(lx=+0.00,ly=+0.40,rx=+0.00)
  t= 69.1 DWA-F pos=(-4.64,+2.00) yaw=+116.1 d=1.04 goal_err=-21 carrot_err= -15 c0=1.39 clear=0.92 prog=0.34 rel=0.66 bal=-0.47 obs=218 hard=218 obsc=227 yr=  0  nz=0.34 flt=0.01 dmap=+2/-3 shz=4.0 plan=6 cmd=(lx=+0.00,ly=+0.40,rx=+0.00)
  t= 69.5 DWA-F pos=(-4.66,+2.04) yaw=+116.1 d=1.00 goal_err=-22 carrot_err= -15 c0=1.34 clear=0.90 prog=0.34 rel=0.61 bal=-0.49 obs=219 hard=218 obsc=226 yr=  0  nz=0.39 flt=0.02 dmap=+0/-0 shz=4.0 plan=6 cmd=(lx=+0.00,ly=+0.40,rx=+0.00)
  t= 69.9 DWA-F pos=(-4.68,+2.08) yaw=+116.1 d=0.96 goal_err=-23 carrot_err= -16 c0=1.30 clear=0.87 prog=0.33 rel=0.76 bal=-0.50 obs=219 hard=218 obsc=226 yr=  0  nz=0.24 flt=0.01 dmap=+0/-0 shz=4.0 plan=6 cmd=(lx=+0.00,ly=+0.40,rx=+0.00)
  t= 70.4 DWA-F pos=(-4.70,+2.13) yaw=+116.1 d=0.91 goal_err=-24 carrot_err= -20 c0=1.25 clear=0.83 prog=0.34 rel=0.92 bal=-0.48 obs=218 hard=218 obsc=227 yr=  0  nz=0.08 flt=0.01 dmap=+2/-1 shz=4.0 plan=6 cmd=(lx=+0.00,ly=+0.40,rx=+0.00)
  t= 70.8 DWA-F pos=(-4.72,+2.17) yaw=+116.1 d=0.87 goal_err=-25 carrot_err= -21 c0=1.21 clear=0.81 prog=0.34 rel=0.91 bal=-0.53 obs=219 hard=217 obsc=225 yr=  0  nz=0.09 flt=0.00 dmap=+0/-0 shz=4.0 plan=5 cmd=(lx=+0.00,ly=+0.40,rx=+0.00)
  t= 71.2 DWA-F pos=(-4.74,+2.21) yaw=+116.1 d=0.83 goal_err=-27 carrot_err= -22 c0=1.17 clear=0.78 prog=0.34 rel=0.91 bal=-0.43 obs=221 hard=219 obsc=228 yr=  0  nz=0.09 flt=0.00 dmap=+0/-0 shz=4.0 plan=5 cmd=(lx=+0.00,ly=+0.40,rx=+0.00)
  t= 71.6 DWA-F pos=(-4.76,+2.25) yaw=+116.1 d=0.79 goal_err=-28 carrot_err= -23 c0=1.13 clear=0.75 prog=0.34 rel=0.91 bal=-0.42 obs=221 hard=219 obsc=227 yr=  0  nz=0.09 flt=0.00 dmap=+1/-1 shz=4.0 plan=5 cmd=(lx=+0.00,ly=+0.40,rx=+0.00)
  t= 72.0 DWA-F pos=(-4.78,+2.29) yaw=+116.1 d=0.75 goal_err=-30 carrot_err= -24 c0=1.08 clear=0.72 prog=0.33 rel=0.91 bal=-0.41 obs=221 hard=219 obsc=227 yr=  0  nz=0.09 flt=0.01 dmap=+0/-0 shz=4.0 plan=5 cmd=(lx=+0.00,ly=+0.40,rx=+0.00)
  t= 72.5 DWA-F pos=(-4.80,+2.33) yaw=+116.1 d=0.71 goal_err=-32 carrot_err= -26 c0=1.04 clear=0.70 prog=0.31 rel=0.91 bal=-0.41 obs=220 hard=219 obsc=226 yr=  0  nz=0.09 flt=0.00 dmap=+0/-0 shz=4.0 plan=4 cmd=(lx=+0.00,ly=+0.40,rx=+0.00)
  t= 72.9 DWA-F pos=(-4.82,+2.38) yaw=+116.1 d=0.66 goal_err=-34 carrot_err= -28 c0=1.00 clear=0.67 prog=0.32 rel=0.91 bal=-0.41 obs=221 hard=219 obsc=227 yr=  0  nz=0.10 flt=0.00 dmap=+1/-0 shz=4.0 plan=4 cmd=(lx=+0.00,ly=+0.40,rx=+0.45)
  t= 73.3 DWA-F pos=(-4.84,+2.42) yaw=+112.9 d=0.63 goal_err=-33 carrot_err= -27 c0=0.96 clear=0.64 prog=0.32 rel=0.90 bal=-0.41 obs=221 hard=219 obsc=227 yr= 15G nz=0.10 flt=0.05 dmap=+0/-0 shz=4.0 plan=4 cmd=(lx=+0.00,ly=+0.40,rx=+0.00)
  t= 73.7 DWA-F pos=(-4.86,+2.46) yaw=+109.7 d=0.59 goal_err=-32 carrot_err= -26 c0=0.91 clear=0.61 prog=0.31 rel=0.91 bal=-0.40 obs=222 hard=219 obsc=227 yr=  0  nz=0.09 flt=0.03 dmap=+0/-0 shz=4.0 plan=4 cmd=(lx=+0.00,ly=+0.40,rx=+0.00)
  t= 74.2 DWA-F pos=(-4.87,+2.51) yaw=+109.7 d=0.55 goal_err=-35 carrot_err= -28 c0=0.87 clear=0.58 prog=0.31 rel=0.91 bal=-0.39 obs=222 hard=219 obsc=227 yr=  0G nz=0.09 flt=0.01 dmap=+0/-0 shz=4.0 plan=4 cmd=(lx=+0.00,ly=+0.40,rx=+0.45)
  t= 74.6 DWA-F pos=(-4.89,+2.56) yaw=+101.7 d=0.51 goal_err=-30 carrot_err= -23 c0=0.98 clear=0.66 prog=0.33 rel=0.91 bal=-0.38 obs=222 hard=219 obsc=227 yr= 31  nz=0.09 flt=0.01 dmap=+0/-0 shz=4.0 plan=4 cmd=(lx=+0.00,ly=+0.40,rx=+0.00)
  t= 75.0 DWA-T pos=(-4.90,+2.61) yaw=+100.1 d=0.46 goal_err=-32 carrot_err= -24 c0=0.93 clear=0.62 prog=0.32 rel=0.90 bal=-0.37 obs=222 hard=219 obsc=227 yr= 15G nz=0.10 flt=0.00 dmap=+0/-0 shz=4.0 plan=4 cmd=(lx=+0.00,ly=+0.00,rx=+0.00)
  t= 75.4 DWA-T pos=(-4.90,+2.62) yaw= +98.5 d=0.45 goal_err=-31 carrot_err= -23 c0=0.93 clear=0.62 prog=0.27 rel=0.90 bal=-0.17 obs=229 hard=230 obsc=238 yr=  0  nz=0.10 flt=0.01 dmap=+0/-0 shz=4.0 plan=3 cmd=(lx=+0.00,ly=+0.00,rx=+0.00)
  t= 75.8 DWA-T pos=(-4.90,+2.62) yaw= +98.5 d=0.45 goal_err=-31 carrot_err= -23 c0=0.93 clear=0.62 prog=0.21 rel=0.90 bal=-0.17 obs=229 hard=230 obsc=238 yr=  0  nz=0.10 flt=0.01 dmap=+0/-0 shz=4.0 plan=3 cmd=(lx=+0.00,ly=+0.00,rx=+0.00)
  t= 76.3 DWA-T pos=(-4.90,+2.62) yaw= +98.5 d=0.45 goal_err=-31 carrot_err= -23 c0=0.93 clear=0.62 prog=0.15 rel=0.90 bal=-0.17 obs=229 hard=230 obsc=238 yr=  0  nz=0.10 flt=0.01 dmap=+0/-0 shz=4.0 plan=0 cmd=(lx=+0.00,ly=+0.00,rx=+0.00)
  t= 76.7 BRK-BK pos=(-4.90,+2.59) yaw= +98.5 d=0.48 goal_err=-29 carrot_err= -22 c0=0.95 clear=0.63 prog=0.04 rel=0.98 bal=-0.17 obs=227 hard=227 obsc=234 yr=  0  nz=0.02 flt=0.00 dmap=+0/-0 shz=3.7 plan=0 cmd=(lx=+0.00,ly=-0.35,rx=+0.00)
  t= 77.1 BRK-TR pos=(-4.89,+2.57) yaw= +95.3 d=0.50 goal_err=-24 carrot_err= -18 c0=1.15 clear=0.77 prog=0.00 rel=0.96 bal=-0.17 obs=227 hard=227 obsc=234 yr= 15G nz=0.04 flt=0.08 dmap=+0/-0 shz=3.7 plan=0 cmd=(lx=+0.00,ly=+0.00,rx=+0.45)
  t= 77.5 BRK-TR pos=(-4.89,+2.57) yaw= +88.9 d=0.50 goal_err=-18 carrot_err= -11 c0=1.14 clear=0.76 prog=0.00 rel=0.78 bal=-0.18 obs=227 hard=228 obsc=234 yr= 16G nz=0.22 flt=0.12 dmap=+0/-0 shz=3.7 plan=0 cmd=(lx=+0.00,ly=+0.00,rx=+0.45)
  t= 77.9 BRK-TR pos=(-4.89,+2.57) yaw= +82.5 d=0.50 goal_err=-12 carrot_err=  -5 c0=1.14 clear=0.76 prog=0.00 rel=0.80 bal=-0.27 obs=227 hard=228 obsc=234 yr= 16G nz=0.20 flt=0.01 dmap=+0/-0 shz=3.7 plan=0 cmd=(lx=+0.00,ly=+0.00,rx=+0.45)
  t= 78.4 BRK-TR pos=(-4.89,+2.57) yaw= +74.4 d=0.50 goal_err=-4 carrot_err=  +3 c0=1.08 clear=0.72 prog=0.00 rel=0.85 bal=-0.32 obs=227 hard=228 obsc=234 yr= 15G nz=0.15 flt=0.13 dmap=+0/-0 shz=3.8 plan=0 cmd=(lx=+0.00,ly=+0.00,rx=+0.45)
  t= 78.8 BRK-TR pos=(-4.89,+2.57) yaw= +68.5 d=0.50 goal_err=+2 carrot_err=  +9 c0=1.08 clear=0.72 prog=0.00 rel=0.89 bal=-0.32 obs=227 hard=228 obsc=234 yr= 14G nz=0.12 flt=0.03 dmap=+0/-0 shz=3.7 plan=0 cmd=(lx=+0.00,ly=+0.00,rx=+0.45)
  t= 79.2 DWA-F pos=(-4.89,+2.57) yaw= +62.5 d=0.50 goal_err=+8 carrot_err= +15 c0=1.08 clear=0.72 prog=0.00 rel=0.93 bal=-0.23 obs=227 hard=228 obsc=234 yr= 14G nz=0.07 flt=0.01 dmap=+0/-0 shz=3.8 plan=3 cmd=(lx=+0.00,ly=+0.40,rx=+0.00)
  t= 79.6 DWA-T pos=(-4.89,+2.58) yaw= +61.0 d=0.48 goal_err=+10 carrot_err= +17 c0=1.07 clear=0.71 prog=0.02 rel=0.95 bal=-0.23 obs=225 hard=223 obsc=230 yr=  0  nz=0.05 flt=0.06 dmap=+1/-0 shz=3.8 plan=3 cmd=(lx=+0.00,ly=+0.00,rx=+0.00)
  t= 80.0 DWA-T pos=(-4.89,+2.58) yaw= +61.0 d=0.48 goal_err=+10 carrot_err= +17 c0=1.07 clear=0.71 prog=0.02 rel=0.95 bal=-0.23 obs=225 hard=223 obsc=230 yr=  0  nz=0.05 flt=0.06 dmap=+0/-0 shz=3.8 plan=3 cmd=(lx=+0.00,ly=+0.00,rx=+0.00)
  t= 80.5 DWA-T pos=(-4.89,+2.58) yaw= +61.0 d=0.48 goal_err=+10 carrot_err= +17 c0=1.07 clear=0.71 prog=0.02 rel=0.95 bal=-0.23 obs=225 hard=223 obsc=230 yr=  0  nz=0.05 flt=0.06 dmap=+0/-0 shz=3.8 plan=3 cmd=(lx=+0.00,ly=+0.00,rx=+0.00)
  t= 80.9 BRK-BK pos=(-4.89,+2.58) yaw= +61.0 d=0.48 goal_err=+10 carrot_err= +17 c0=1.07 clear=0.71 prog=0.02 rel=0.95 bal=-0.23 obs=225 hard=223 obsc=230 yr=  0  nz=0.05 flt=0.06 dmap=+0/-0 shz=3.8 plan=0 cmd=(lx=+0.00,ly=-0.35,rx=+0.00)
  t= 81.3 BRK-TR pos=(-4.91,+2.54) yaw= +61.0 d=0.53 goal_err=+9 carrot_err= +15 c0=1.12 clear=0.74 prog=0.00 rel=1.00 bal=-0.23 obs=224 hard=222 obsc=230 yr=  0G nz=0.00 flt=0.00 dmap=+0/-0 shz=3.5 plan=0 cmd=(lx=+0.00,ly=+0.00,rx=+0.45)
  t= 81.7 BRK-TR pos=(-4.91,+2.54) yaw= +55.1 d=0.53 goal_err=+15 carrot_err= +21 c0=1.12 clear=0.74 prog=0.00 rel=0.99 bal=-0.23 obs=224 hard=223 obsc=230 yr= 14G nz=0.01 flt=0.00 dmap=+0/-0 shz=3.5 plan=0 cmd=(lx=+0.00,ly=+0.00,rx=+0.45)
  t= 82.1 BRK-TR pos=(-4.91,+2.54) yaw= +49.1 d=0.53 goal_err=+21 carrot_err= +27 c0=1.12 clear=0.74 prog=0.00 rel=0.99 bal=-0.16 obs=224 hard=223 obsc=230 yr= 14G nz=0.01 flt=0.00 dmap=+0/-0 shz=3.5 plan=0 cmd=(lx=+0.00,ly=+0.00,rx=+0.45)
  t= 82.6 BRK-TR pos=(-4.91,+2.54) yaw= +43.2 d=0.53 goal_err=+27 carrot_err= +33 c0=1.12 clear=0.74 prog=0.00 rel=0.98 bal=-0.16 obs=224 hard=223 obsc=230 yr= 15G nz=0.02 flt=0.00 dmap=+0/-0 shz=3.5 plan=0 cmd=(lx=+0.00,ly=+0.00,rx=+0.45)
  t= 83.0 BRK-TR pos=(-4.91,+2.54) yaw= +37.2 d=0.53 goal_err=+33 carrot_err= +39 c0=1.12 clear=0.74 prog=0.00 rel=0.99 bal=-0.04 obs=224 hard=223 obsc=230 yr= 14G nz=0.01 flt=0.00 dmap=+0/-0 shz=3.5 plan=0 cmd=(lx=+0.00,ly=+0.00,rx=+0.45)
  t= 83.4 BRK-TR pos=(-4.91,+2.54) yaw= +31.2 d=0.53 goal_err=+39 carrot_err= +45 c0=1.12 clear=0.74 prog=0.00 rel=0.98 bal=+0.07 obs=224 hard=223 obsc=230 yr= 14G nz=0.01 flt=0.01 dmap=+0/-0 shz=3.5 plan=0 cmd=(lx=+0.00,ly=+0.00,rx=+0.45)
  t= 83.8 DWA-F pos=(-4.90,+2.54) yaw= +26.8 d=0.53 goal_err=+44 carrot_err= +50 c0=1.11 clear=0.74 prog=0.01 rel=0.98 bal=+0.08 obs=224 hard=223 obsc=230 yr=  0G nz=0.02 flt=0.15 dmap=+0/-0 shz=3.5 plan=3 cmd=(lx=+0.00,ly=+0.28,rx=-0.45)
  t= 84.3 DWA-F pos=(-4.88,+2.56) yaw= +32.7 d=0.51 goal_err=+40 carrot_err= +47 c0=1.08 clear=0.72 prog=0.04 rel=0.97 bal=+0.08 obs=224 hard=223 obsc=230 yr= 14G nz=0.03 flt=0.01 dmap=+0/-0 shz=3.5 plan=3 cmd=(lx=+0.00,ly=+0.28,rx=-0.45)
  t= 84.7 DWA-F pos=(-4.86,+2.57) yaw= +38.7 d=0.49 goal_err=+36 carrot_err= +44 c0=1.06 clear=0.70 prog=0.08 rel=0.90 bal=-0.03 obs=224 hard=223 obsc=230 yr= 15G nz=0.05 flt=0.03 dmap=+0/-0 shz=3.5 plan=3 cmd=(lx=+0.00,ly=+0.28,rx=-0.45)
  t= 85.1 DWA-F pos=(-4.84,+2.59) yaw= +44.6 d=0.46 goal_err=+32 carrot_err= +40 c0=1.03 clear=0.69 prog=0.12 rel=0.94 bal=-0.02 obs=224 hard=223 obsc=230 yr= 14G nz=0.07 flt=0.00 dmap=+0/-0 shz=3.5 plan=3 cmd=(lx=+0.00,ly=+0.28,rx=-0.45)
  t= 85.5 DWA-F pos=(-4.82,+2.61) yaw= +50.6 d=0.44 goal_err=+28 carrot_err= +37 c0=1.00 clear=0.67 prog=0.17 rel=0.93 bal=-0.18 obs=225 hard=224 obsc=231 yr= 14G nz=0.07 flt=0.05 dmap=+0/-0 shz=3.5 plan=3 cmd=(lx=+0.00,ly=+0.28,rx=-0.45)
  t= 85.9 DWA-F pos=(-4.80,+2.63) yaw= +56.6 d=0.41 goal_err=+24 carrot_err= +33 c0=0.97 clear=0.65 prog=0.18 rel=0.92 bal=-0.18 obs=226 hard=225 obsc=232 yr= 14G nz=0.08 flt=0.01 dmap=+1/-0 shz=3.5 plan=3 cmd=(lx=+0.00,ly=+0.28,rx=-0.45)
  t= 86.4 DWA-T pos=(-4.79,+2.65) yaw= +61.0 d=0.39 goal_err=+20 carrot_err= +31 c0=0.95 clear=0.64 prog=0.18 rel=0.93 bal=-0.24 obs=224 hard=221 obsc=229 yr=  0  nz=0.07 flt=0.00 dmap=+2/-0 shz=3.5 plan=3 cmd=(lx=+0.00,ly=+0.00,rx=+0.00)

  >>> MODO AGRESIVO ON (12s sin acercarse a B): reduzco inflado y holgura (min seguridad 0.24m) para cruzar la puerta.
  t= 86.8 AGR-DWA-T pos=(-4.79,+2.65) yaw= +61.0 d=0.39 goal_err=+20 carrot_err= +31 c0=0.95 clear=0.64 prog=0.14 rel=0.93 bal=-0.24 obs=224 hard=221 obsc=229 yr=  0  nz=0.07 flt=0.00 dmap=+0/-0 shz=3.5 plan=3 cmd=(lx=+0.00,ly=+0.00,rx=+0.00)
  t= 87.2 AGR-DWA-T pos=(-4.79,+2.65) yaw= +61.0 d=0.39 goal_err=+20 carrot_err= +31 c0=0.95 clear=0.64 prog=0.10 rel=0.93 bal=-0.24 obs=224 hard=221 obsc=229 yr=  0  nz=0.07 flt=0.00 dmap=+0/-0 shz=3.5 plan=3 cmd=(lx=+0.00,ly=+0.00,rx=+0.00)
  t= 87.6 AGR-BRK-BK pos=(-4.79,+2.65) yaw= +61.0 d=0.39 goal_err=+20 carrot_err= +31 c0=0.95 clear=0.64 prog=0.06 rel=0.93 bal=-0.24 obs=222 hard=219 obsc=227 yr=  0  nz=0.07 flt=0.00 dmap=+1/-3 shz=3.3 plan=0 cmd=(lx=+0.00,ly=-0.35,rx=+0.00)
  t= 88.0 AGR-BRK-TR pos=(-4.81,+2.62) yaw= +59.4 d=0.43 goal_err=+20 carrot_err= +30 c0=0.99 clear=0.66 prog=0.00 rel=0.96 bal=-0.17 obs=222 hard=219 obsc=227 yr= 15G nz=0.04 flt=0.03 dmap=+0/-0 shz=3.3 plan=0 cmd=(lx=+0.00,ly=+0.00,rx=+0.45)
  t= 88.5 AGR-BRK-TR pos=(-4.81,+2.62) yaw= +53.0 d=0.43 goal_err=+27 carrot_err= +36 c0=0.99 clear=0.66 prog=0.00 rel=0.96 bal=-0.17 obs=222 hard=219 obsc=227 yr= 15G nz=0.04 flt=0.06 dmap=+0/-0 shz=3.3 plan=0 cmd=(lx=+0.00,ly=+0.00,rx=+0.45)
  t= 88.9 AGR-BRK-TR pos=(-4.81,+2.62) yaw= +46.6 d=0.43 goal_err=+33 carrot_err= +42 c0=0.99 clear=0.66 prog=0.00 rel=0.96 bal=-0.02 obs=222 hard=219 obsc=227 yr= 15G nz=0.04 flt=0.01 dmap=+0/-0 shz=3.3 plan=0 cmd=(lx=+0.00,ly=+0.00,rx=+0.45)
  t= 89.3 AGR-BRK-TR pos=(-4.81,+2.62) yaw= +38.6 d=0.43 goal_err=+41 carrot_err= +50 c0=0.99 clear=0.66 prog=0.00 rel=0.99 bal=+0.09 obs=222 hard=219 obsc=227 yr= 16G nz=0.01 flt=0.10 dmap=+0/-0 shz=3.3 plan=0 cmd=(lx=+0.00,ly=+0.00,rx=+0.45)
  t= 89.7 AGR-BRK-TR pos=(-4.81,+2.62) yaw= +32.4 d=0.43 goal_err=+47 carrot_err= +57 c0=0.99 clear=0.66 prog=0.00 rel=1.00 bal=+0.03 obs=222 hard=219 obsc=227 yr= 14G nz=0.00 flt=0.02 dmap=+0/-0 shz=3.3 plan=0 cmd=(lx=+0.00,ly=+0.00,rx=+0.45)
  t= 90.1 AGR-BRK-TR pos=(-4.81,+2.62) yaw= +26.4 d=0.43 goal_err=+53 carrot_err= +63 c0=1.12 clear=0.75 prog=0.00 rel=0.99 bal=+0.03 obs=222 hard=219 obsc=227 yr= 14G nz=0.01 flt=0.01 dmap=+0/-0 shz=3.3 plan=0 cmd=(lx=+0.00,ly=+0.00,rx=+0.45)
  t= 90.6 AGR-DWA-F pos=(-4.80,+2.62) yaw= +23.4 d=0.43 goal_err=+57 carrot_err= +67 c0=1.12 clear=0.74 prog=0.01 rel=0.90 bal=+0.03 obs=222 hard=219 obsc=227 yr= 14G nz=0.10 flt=0.01 dmap=+0/-0 shz=3.3 plan=3 cmd=(lx=+0.00,ly=+0.28,rx=-0.45)
  t= 91.0 AGR-DWA-F pos=(-4.78,+2.63) yaw= +29.4 d=0.41 goal_err=+54 carrot_err= +64 c0=0.96 clear=0.64 prog=0.03 rel=0.89 bal=+0.03 obs=222 hard=219 obsc=227 yr= 14G nz=0.11 flt=0.06 dmap=+0/-0 shz=3.3 plan=3 cmd=(lx=+0.00,ly=+0.28,rx=-0.45)
  t= 91.4 AGR-DWA-F pos=(-4.75,+2.65) yaw= +35.4 d=0.39 goal_err=+52 carrot_err= +62 c0=0.93 clear=0.62 prog=0.06 rel=0.87 bal=+0.11 obs=222 hard=219 obsc=227 yr= 14G nz=0.13 flt=0.01 dmap=+0/-0 shz=3.3 plan=3 cmd=(lx=+0.00,ly=+0.28,rx=-0.45)
  t= 91.8 AGR-DWA-F pos=(-4.72,+2.67) yaw= +42.8 d=0.37 goal_err=+48 carrot_err= +60 c0=0.90 clear=0.60 prog=0.10 rel=0.84 bal=+0.07 obs=222 hard=219 obsc=227 yr= 14G nz=0.16 flt=0.00 dmap=+0/-0 shz=3.3 plan=3 cmd=(lx=+0.00,ly=+0.28,rx=-0.45)

  LLEGADO a 'B' (-4.73,+3.04); error=0.35 m, colisiones=0.
  [spill] derrames=0 E[N]=0.00 eta_max=0.85 riesgo=0.5%
  [dataset] travesia guardada -> /Users/adrianlendinezibanez/Claude/Projects/G1 ROBOT/dataset/20260708_134150_ours_B.json
  [stats] fila anadida -> /Users/adrianlendinezibanez/Claude/Projects/G1 ROBOT/dataset/runs_stats.csv

Fin goto.
  [META2-L2] estado guardado (meta2_state_abprof.json): Pl={'Efficient_Nav': 1.0, 'Cautious_Nav': 1.0} derrames_run=0
  backend grafico: TkAgg
>>> SIM ADAPTER: conectando a rosbridge ws://localhost:8765 ...
  esperando /odom (hasta 30s; el mundo del lab tarda en cargar)... ok
  /odom OK pose=(+0.99,+0.57) | /scan: OK
  escenario LAB: mapa/waypoints/puerta REALES (lab.world solo-paredes, frame G1)

>>> GOTO 'B' -> (-4.73,+3.04). Mando en mano (L2+B). Ctrl+C aborta.
    ENTORNO: SIM (id: lab_v1_ab_prof)  — esta run se registra como SIMULACION, no cuenta como run de robot
  Esperando pose localizada y primera nube... ok.
  FRAME-CHECK start=(+0.99,+0.57) wp_mas_cercano=A(+0.99,+0.57) offset=0.00m  -> frame OK (pose y waypoints alineados)
  [spill] payload de agua simulado (semilla=20260708_135102_ours_B.json)
  META2 ACTIVO (techo por analogia): Meta-Reasoner 2.0, analogia inicial Cautious_Nav

  !!!!!!!!!!!!!!!!!!!!!!!!!!!!!!!!!!!!!!!!!!!!!!!!!!!!!!!!!!!!!!!!!!!!!!!!!!
  !!  VISION OFF (G1_PERC sin definir) pero G1_NOVIS=1: navego SIN vision bajo tu responsabilidad.
  !!  La MESA invisible al LiDAR no se vera.
  !!!!!!!!!!!!!!!!!!!!!!!!!!!!!!!!!!!!!!!!!!!!!!!!!!!!!!!!!!!!!!!!!!!!!!!!!!

  mapa de referencia: 961 celdas | muebles estaticos (nav_map): 0 celdas | plan global: static
  t=  0.0 DWA-F pos=(+0.99,+0.57) yaw=-120.3 d=6.23 goal_err=-83 carrot_err= -62 c0=2.25 clear=1.00 prog=0.00 rel=1.00 bal=+0.19 obs=108 hard=108 obsc=108 yr=  0  nz=0.00 flt=0.19 dmap=+108/-0 shz=0.0 plan=34 cmd=(lx=+0.00,ly=+0.40,rx=+0.45)
  t=  0.4 DWA-F pos=(+0.97,+0.54) yaw=-123.5 d=6.23 goal_err=-80 carrot_err= -61 c0=2.22 clear=1.00 prog=0.03 rel=0.99 bal=+0.28 obs=111 hard=111 obsc=111 yr= 15G nz=0.01 flt=0.01 dmap=+0/-0 shz=3.2 plan=34 cmd=(lx=+0.00,ly=+0.40,rx=+0.45)
  t=  0.9 DWA-F pos=(+0.94,+0.50) yaw=-129.9 d=6.21 goal_err=-74 carrot_err= -58 c0=2.22 clear=1.00 prog=0.07 rel=0.97 bal=+0.40 obs=111 hard=111 obsc=111 yr= 15G nz=0.03 flt=0.11 dmap=+0/-0 shz=3.5 plan=34 cmd=(lx=+0.00,ly=+0.40,rx=+0.45)
  t=  1.3 DWA-F pos=(+0.91,+0.46) yaw=-134.8 d=6.20 goal_err=-70 carrot_err= -56 c0=2.25 clear=1.00 prog=0.08 rel=0.96 bal=+0.41 obs=111 hard=111 obsc=111 yr=  0G nz=0.04 flt=0.05 dmap=+0/-0 shz=3.9 plan=34 cmd=(lx=+0.00,ly=+0.40,rx=+0.45)
  t=  1.7 DWA-F pos=(+0.87,+0.42) yaw=-141.2 d=6.18 goal_err=-64 carrot_err= -37 c0=2.50 clear=1.00 prog=0.10 rel=0.83 bal=+0.41 obs=111 hard=111 obsc=111 yr= 14G nz=0.17 flt=0.02 dmap=+0/-0 shz=3.7 plan=33 cmd=(lx=+0.00,ly=+0.40,rx=+0.45)
  t=  2.2 DWA-F pos=(+0.82,+0.39) yaw=-144.4 d=6.15 goal_err=-61 carrot_err= -37 c0=2.50 clear=1.00 prog=0.14 rel=0.78 bal=+0.42 obs=119 hard=119 obsc=134 yr=  0  nz=0.22 flt=0.04 dmap=+0/-0 shz=3.9 plan=33 cmd=(lx=+0.00,ly=+0.40,rx=+0.45)
  t=  2.6 DWA-F pos=(+0.78,+0.36) yaw=-149.2 d=6.13 goal_err=-57 carrot_err= -34 c0=2.50 clear=1.00 prog=0.16 rel=0.79 bal=+0.42 obs=147 hard=138 obsc=152 yr= 14  nz=0.21 flt=0.24 dmap=+28/-0 shz=3.8 plan=33 cmd=(lx=+0.00,ly=+0.40,rx=+0.00)
  t=  3.1 DWA-F pos=(+0.75,+0.34) yaw=-149.2 d=6.11 goal_err=-57 carrot_err= -35 c0=2.50 clear=1.00 prog=0.16 rel=0.99 bal=+0.43 obs=160 hard=140 obsc=161 yr=  0  nz=0.01 flt=0.00 dmap=+7/-0 shz=3.9 plan=33 cmd=(lx=+0.00,ly=+0.40,rx=+0.00)
  t=  3.5 DWA-F pos=(+0.72,+0.32) yaw=-150.8 d=6.09 goal_err=-56 carrot_err= -35 c0=2.50 clear=1.00 prog=0.17 rel=0.99 bal=+0.43 obs=161 hard=143 obsc=164 yr= 14G nz=0.01 flt=0.01 dmap=+0/-0 shz=4.0 plan=33 cmd=(lx=+0.00,ly=+0.40,rx=+0.00)
  t=  4.0 DWA-F pos=(+0.68,+0.30) yaw=-152.4 d=6.06 goal_err=-54 carrot_err= -34 c0=2.50 clear=1.00 prog=0.17 rel=0.99 bal=+0.44 obs=163 hard=153 obsc=166 yr=  0  nz=0.01 flt=0.00 dmap=+0/-0 shz=3.9 plan=33 cmd=(lx=+0.00,ly=+0.40,rx=+0.00)
  t=  4.4 DWA-F pos=(+0.65,+0.29) yaw=-152.4 d=6.04 goal_err=-55 carrot_err= -35 c0=2.50 clear=1.00 prog=0.16 rel=0.99 bal=+0.36 obs=164 hard=161 obsc=166 yr=  0  nz=0.01 flt=0.01 dmap=+0/-0 shz=4.0 plan=33 cmd=(lx=+0.00,ly=+0.40,rx=+0.00)
  t=  4.8 DWA-F pos=(+0.61,+0.27) yaw=-152.4 d=6.02 goal_err=-55 carrot_err= -23 c0=2.50 clear=1.00 prog=0.17 rel=0.99 bal=+0.36 obs=166 hard=163 obsc=166 yr=  0  nz=0.01 flt=0.01 dmap=+2/-0 shz=3.9 plan=32 cmd=(lx=+0.00,ly=+0.40,rx=+0.00)
  t=  5.3 DWA-F pos=(+0.57,+0.25) yaw=-152.4 d=5.99 goal_err=-55 carrot_err= -24 c0=2.50 clear=1.00 prog=0.18 rel=0.99 bal=+0.37 obs=166 hard=163 obsc=166 yr=  0  nz=0.01 flt=0.00 dmap=+0/-0 shz=3.9 plan=32 cmd=(lx=+0.00,ly=+0.40,rx=+0.00)
  t=  5.7 DWA-F pos=(+0.53,+0.22) yaw=-152.4 d=5.97 goal_err=-56 carrot_err= -26 c0=2.50 clear=1.00 prog=0.18 rel=0.99 bal=+0.38 obs=168 hard=167 obsc=168 yr=  0  nz=0.01 flt=0.00 dmap=+0/-0 shz=3.9 plan=32 cmd=(lx=+0.00,ly=+0.40,rx=+0.00)
  t=  6.2 DWA-F pos=(+0.50,+0.21) yaw=-152.4 d=5.95 goal_err=-56 carrot_err= -27 c0=2.50 clear=1.00 prog=0.18 rel=0.99 bal=+0.39 obs=169 hard=168 obsc=169 yr=  0  nz=0.01 flt=0.00 dmap=+0/-0 shz=4.0 plan=32 cmd=(lx=+0.00,ly=+0.40,rx=+0.00)
  t=  6.6 DWA-F pos=(+0.46,+0.19) yaw=-152.4 d=5.92 goal_err=-56 carrot_err= -28 c0=2.50 clear=1.00 prog=0.18 rel=0.99 bal=+0.40 obs=169 hard=168 obsc=169 yr=  0  nz=0.01 flt=0.01 dmap=+0/-0 shz=3.9 plan=32 cmd=(lx=+0.00,ly=+0.40,rx=+0.00)
  t=  7.1 DWA-F pos=(+0.42,+0.17) yaw=-152.4 d=5.90 goal_err=-57 carrot_err= -30 c0=2.50 clear=1.00 prog=0.17 rel=0.99 bal=+0.41 obs=169 hard=167 obsc=170 yr=  0  nz=0.01 flt=0.00 dmap=+1/-0 shz=4.0 plan=32 cmd=(lx=+0.00,ly=+0.40,rx=+0.00)
  t=  7.5 DWA-F pos=(+0.38,+0.15) yaw=-152.4 d=5.88 goal_err=-57 carrot_err= -31 c0=2.50 clear=1.00 prog=0.17 rel=0.99 bal=+0.42 obs=171 hard=168 obsc=171 yr=  0  nz=0.01 flt=0.00 dmap=+0/-0 shz=3.9 plan=32 cmd=(lx=+0.00,ly=+0.40,rx=+0.00)
  t=  8.0 DWA-F pos=(+0.34,+0.13) yaw=-152.4 d=5.85 goal_err=-57 carrot_err= -33 c0=2.47 clear=1.00 prog=0.17 rel=0.98 bal=+0.42 obs=171 hard=168 obsc=171 yr=  0  nz=0.02 flt=0.01 dmap=+0/-0 shz=3.9 plan=31 cmd=(lx=+0.00,ly=+0.40,rx=+0.00)
  t=  8.4 DWA-F pos=(+0.31,+0.11) yaw=-152.4 d=5.83 goal_err=-58 carrot_err= -35 c0=2.43 clear=1.00 prog=0.18 rel=0.97 bal=+0.43 obs=171 hard=170 obsc=171 yr=  0  nz=0.03 flt=0.00 dmap=+0/-0 shz=3.9 plan=31 cmd=(lx=+0.00,ly=+0.40,rx=+0.00)
  t=  8.9 DWA-F pos=(+0.28,+0.09) yaw=-152.4 d=5.81 goal_err=-58 carrot_err= -22 c0=2.40 clear=1.00 prog=0.17 rel=0.94 bal=+0.43 obs=171 hard=171 obsc=172 yr=  0  nz=0.06 flt=0.00 dmap=+1/-1 shz=4.0 plan=31 cmd=(lx=+0.00,ly=+0.40,rx=+0.00)
  t=  9.3 DWA-F pos=(+0.24,+0.07) yaw=-152.4 d=5.79 goal_err=-58 carrot_err= -23 c0=2.36 clear=1.00 prog=0.17 rel=0.93 bal=+0.35 obs=171 hard=171 obsc=172 yr=  0  nz=0.07 flt=0.01 dmap=+0/-0 shz=4.0 plan=30 cmd=(lx=+0.00,ly=+0.40,rx=+0.00)
  t=  9.7 DWA-F pos=(+0.20,+0.05) yaw=-152.4 d=5.76 goal_err=-59 carrot_err= -24 c0=2.44 clear=1.00 prog=0.17 rel=0.94 bal=+0.36 obs=173 hard=172 obsc=173 yr=  0  nz=0.06 flt=0.01 dmap=+0/-0 shz=3.9 plan=30 cmd=(lx=+0.00,ly=+0.40,rx=+0.00)
  t= 10.2 DWA-F pos=(+0.17,+0.03) yaw=-152.4 d=5.75 goal_err=-59 carrot_err= -25 c0=2.41 clear=1.00 prog=0.16 rel=0.94 bal=+0.36 obs=173 hard=173 obsc=174 yr=  0  nz=0.06 flt=0.01 dmap=+1/-1 shz=3.9 plan=30 cmd=(lx=+0.00,ly=+0.40,rx=+0.00)
  t= 10.6 DWA-F pos=(+0.13,+0.01) yaw=-152.4 d=5.72 goal_err=-60 carrot_err= -27 c0=2.37 clear=1.00 prog=0.15 rel=0.94 bal=+0.37 obs=176 hard=174 obsc=176 yr=  0  nz=0.06 flt=0.00 dmap=+1/-0 shz=4.0 plan=30 cmd=(lx=+0.00,ly=+0.40,rx=+0.00)
  t= 11.1 DWA-F pos=(+0.09,-0.01) yaw=-152.4 d=5.70 goal_err=-60 carrot_err= -28 c0=2.33 clear=1.00 prog=0.16 rel=0.93 bal=+0.35 obs=177 hard=175 obsc=177 yr=  0  nz=0.07 flt=0.00 dmap=+0/-0 shz=4.0 plan=30 cmd=(lx=+0.00,ly=+0.40,rx=+0.00)
  t= 11.5 DWA-F pos=(+0.05,-0.03) yaw=-152.4 d=5.68 goal_err=-60 carrot_err= -29 c0=2.29 clear=1.00 prog=0.16 rel=0.92 bal=+0.37 obs=178 hard=176 obsc=180 yr=  0  nz=0.08 flt=0.00 dmap=+0/-0 shz=3.9 plan=30 cmd=(lx=+0.00,ly=+0.40,rx=+0.00)
  t= 12.0 DWA-F pos=(+0.02,-0.04) yaw=-152.4 d=5.66 goal_err=-61 carrot_err= -31 c0=2.26 clear=1.00 prog=0.16 rel=0.92 bal=+0.38 obs=178 hard=175 obsc=178 yr=  0  nz=0.08 flt=0.00 dmap=+0/-0 shz=4.0 plan=30 cmd=(lx=+0.00,ly=+0.40,rx=+0.00)
  t= 12.4 DWA-F pos=(-0.02,-0.06) yaw=-152.4 d=5.64 goal_err=-61 carrot_err= -32 c0=2.22 clear=1.00 prog=0.16 rel=0.93 bal=+0.39 obs=179 hard=177 obsc=179 yr=  0  nz=0.07 flt=0.01 dmap=+2/-0 shz=4.0 plan=29 cmd=(lx=+0.00,ly=+0.40,rx=+0.00)
  t= 12.9 DWA-F pos=(-0.06,-0.08) yaw=-152.4 d=5.62 goal_err=-61 carrot_err= -34 c0=2.18 clear=1.00 prog=0.15 rel=0.91 bal=+0.41 obs=179 hard=176 obsc=179 yr=  0  nz=0.09 flt=0.01 dmap=+1/-0 shz=4.0 plan=29 cmd=(lx=+0.00,ly=+0.40,rx=+0.00)
  t= 13.3 DWA-F pos=(-0.10,-0.10) yaw=-152.4 d=5.60 goal_err=-62 carrot_err= -36 c0=2.14 clear=1.00 prog=0.15 rel=0.91 bal=+0.42 obs=178 hard=175 obsc=180 yr=  0  nz=0.09 flt=0.00 dmap=+0/-0 shz=3.9 plan=29 cmd=(lx=+0.00,ly=+0.40,rx=+0.00)
  t= 13.8 DWA-F pos=(-0.14,-0.13) yaw=-152.4 d=5.58 goal_err=-62 carrot_err= -36 c0=2.15 clear=1.00 prog=0.15 rel=0.93 bal=+0.42 obs=182 hard=177 obsc=182 yr=  0  nz=0.07 flt=0.02 dmap=+0/-0 shz=4.0 plan=29 cmd=(lx=+0.00,ly=+0.40,rx=+0.00)
  t= 14.2 DWA-F pos=(-0.18,-0.15) yaw=-152.4 d=5.56 goal_err=-63 carrot_err= -38 c0=2.11 clear=1.00 prog=0.16 rel=0.95 bal=+0.42 obs=183 hard=179 obsc=184 yr=  0  nz=0.05 flt=0.00 dmap=+2/-1 shz=3.9 plan=28 cmd=(lx=+0.00,ly=+0.40,rx=+0.00)
  t= 14.6 DWA-F pos=(-0.21,-0.16) yaw=-152.4 d=5.54 goal_err=-63 carrot_err= -39 c0=2.07 clear=1.00 prog=0.15 rel=0.94 bal=+0.42 obs=183 hard=180 obsc=183 yr=  0G nz=0.07 flt=0.01 dmap=+0/-0 shz=4.0 plan=28 cmd=(lx=+0.00,ly=+0.40,rx=+0.45)
  t= 15.1 DWA-F pos=(-0.25,-0.18) yaw=-157.2 d=5.52 goal_err=-58 carrot_err= -36 c0=2.03 clear=1.00 prog=0.15 rel=0.92 bal=+0.43 obs=193 hard=184 obsc=193 yr=  0  nz=0.07 flt=0.24 dmap=+0/-0 shz=3.9 plan=28 cmd=(lx=+0.00,ly=+0.40,rx=+0.00)
  t= 15.5 DWA-F pos=(-0.29,-0.20) yaw=-157.2 d=5.50 goal_err=-59 carrot_err= -38 c0=1.98 clear=1.00 prog=0.15 rel=0.92 bal=+0.43 obs=195 hard=192 obsc=195 yr=  0G nz=0.08 flt=0.01 dmap=+0/-0 shz=4.0 plan=28 cmd=(lx=+0.00,ly=+0.40,rx=+0.45)
  t= 16.0 DWA-F pos=(-0.34,-0.22) yaw=-162.0 d=5.47 goal_err=-55 carrot_err= -36 c0=1.93 clear=1.00 prog=0.17 rel=0.90 bal=+0.49 obs=199 hard=195 obsc=214 yr=  0  nz=0.10 flt=0.02 dmap=+0/-0 shz=4.0 plan=28 cmd=(lx=+0.00,ly=+0.40,rx=+0.00)
  t= 16.4 DWA-F pos=(-0.38,-0.23) yaw=-163.6 d=5.44 goal_err=-53 carrot_err= -37 c0=1.89 clear=1.00 prog=0.18 rel=0.91 bal=+0.50 obs=199 hard=195 obsc=210 yr= 15G nz=0.09 flt=0.03 dmap=+0/-0 shz=4.0 plan=28 cmd=(lx=+0.00,ly=+0.40,rx=+0.45)
  t= 16.9 DWA-F pos=(-0.42,-0.24) yaw=-166.8 d=5.41 goal_err=-50 carrot_err= -36 c0=1.84 clear=1.00 prog=0.20 rel=0.91 bal=+0.50 obs=208 hard=193 obsc=217 yr=  0  nz=0.10 flt=0.14 dmap=+0/-0 shz=4.0 plan=28 cmd=(lx=+0.00,ly=+0.40,rx=+0.00)
  t= 17.3 DWA-F pos=(-0.47,-0.25) yaw=-168.4 d=5.39 goal_err=-49 carrot_err= -30 c0=1.80 clear=1.00 prog=0.21 rel=0.93 bal=+0.51 obs=210 hard=195 obsc=216 yr= 15  nz=0.07 flt=0.01 dmap=+0/-0 shz=4.0 plan=27 cmd=(lx=+0.00,ly=+0.40,rx=+0.00)
  t= 17.8 DWA-F pos=(-0.51,-0.26) yaw=-168.4 d=5.36 goal_err=-50 carrot_err= -32 c0=1.76 clear=1.00 prog=0.21 rel=0.92 bal=+0.52 obs=211 hard=197 obsc=216 yr=  0  nz=0.08 flt=0.00 dmap=+0/-0 shz=4.0 plan=27 cmd=(lx=+0.00,ly=+0.40,rx=+0.00)
  t= 18.2 DWA-F pos=(-0.55,-0.27) yaw=-168.4 d=5.33 goal_err=-50 carrot_err= -34 c0=1.72 clear=1.00 prog=0.21 rel=0.92 bal=+0.52 obs=206 hard=197 obsc=212 yr=  0  nz=0.08 flt=0.00 dmap=+0/-2 shz=4.0 plan=27 cmd=(lx=+0.00,ly=+0.40,rx=+0.00)
  t= 18.7 DWA-F pos=(-0.59,-0.28) yaw=-168.4 d=5.31 goal_err=-50 carrot_err= -42 c0=1.69 clear=1.00 prog=0.20 rel=0.92 bal=+0.53 obs=207 hard=198 obsc=212 yr=  0  nz=0.08 flt=0.01 dmap=+1/-0 shz=4.0 plan=26 cmd=(lx=+0.00,ly=+0.40,rx=+0.45)
  t= 19.1 DWA-F pos=(-0.63,-0.28) yaw=-171.7 d=5.28 goal_err=-47 carrot_err= -41 c0=1.82 clear=1.00 prog=0.21 rel=0.93 bal=+0.53 obs=207 hard=198 obsc=212 yr= 14G nz=0.07 flt=0.11 dmap=+0/-0 shz=4.0 plan=26 cmd=(lx=+0.00,ly=+0.40,rx=+0.45)
  t= 19.6 DWA-F pos=(-0.68,-0.29) yaw=-176.5 d=5.25 goal_err=-43 carrot_err= -38 c0=1.87 clear=1.00 prog=0.20 rel=0.88 bal=+0.53 obs=209 hard=201 obsc=215 yr=  0  nz=0.12 flt=0.01 dmap=+0/-0 shz=4.0 plan=26 cmd=(lx=+0.00,ly=+0.40,rx=+0.00)
  t= 20.0 DWA-F pos=(-0.72,-0.29) yaw=-176.5 d=5.21 goal_err=-43 carrot_err= -39 c0=1.82 clear=1.00 prog=0.21 rel=0.86 bal=+0.50 obs=209 hard=200 obsc=215 yr=  0G nz=0.14 flt=0.00 dmap=+0/-0 shz=4.0 plan=26 cmd=(lx=+0.00,ly=+0.40,rx=+0.45)
  t= 20.4 DWA-F pos=(-0.76,-0.29) yaw=-179.7 d=5.18 goal_err=-40 carrot_err= -31 c0=1.78 clear=1.00 prog=0.22 rel=0.88 bal=+0.51 obs=210 hard=202 obsc=216 yr=  0  nz=0.12 flt=0.01 dmap=+0/-0 shz=4.0 plan=25 cmd=(lx=+0.00,ly=+0.40,rx=+0.00)
  t= 20.9 DWA-F pos=(-0.81,-0.29) yaw=-179.7 d=5.15 goal_err=-41 carrot_err= -32 c0=1.74 clear=1.00 prog=0.24 rel=0.93 bal=+0.52 obs=210 hard=202 obsc=216 yr=  0  nz=0.07 flt=0.00 dmap=+0/-0 shz=4.0 plan=25 cmd=(lx=+0.00,ly=+0.40,rx=+0.00)
  t= 21.3 DWA-F pos=(-0.85,-0.29) yaw=-179.7 d=5.11 goal_err=-41 carrot_err= -34 c0=1.70 clear=1.00 prog=0.25 rel=0.93 bal=+0.50 obs=209 hard=200 obsc=215 yr=  0  nz=0.07 flt=0.00 dmap=+0/-0 shz=4.0 plan=25 cmd=(lx=+0.00,ly=+0.40,rx=+0.00)
  t= 21.8 DWA-F pos=(-0.89,-0.29) yaw=-179.7 d=5.09 goal_err=-41 carrot_err= -35 c0=1.67 clear=1.00 prog=0.24 rel=0.92 bal=+0.49 obs=209 hard=200 obsc=215 yr=  0  nz=0.08 flt=0.00 dmap=+1/-0 shz=4.0 plan=25 cmd=(lx=+0.00,ly=+0.40,rx=+0.00)
  t= 22.2 DWA-F pos=(-0.93,-0.29) yaw=-179.7 d=5.06 goal_err=-42 carrot_err= -37 c0=1.81 clear=1.00 prog=0.24 rel=0.93 bal=+0.47 obs=209 hard=199 obsc=216 yr=  0  nz=0.07 flt=0.00 dmap=+0/-0 shz=4.0 plan=25 cmd=(lx=+0.00,ly=+0.40,rx=+0.00)
  t= 22.7 DWA-F pos=(-0.97,-0.29) yaw=+177.1 d=5.02 goal_err=-39 carrot_err= -35 c0=1.83 clear=1.00 prog=0.24 rel=0.90 bal=+0.30 obs=210 hard=200 obsc=217 yr= 15  nz=0.10 flt=0.02 dmap=+0/-0 shz=4.0 plan=25 cmd=(lx=+0.00,ly=+0.40,rx=+0.00)
  t= 23.1 DWA-F pos=(-1.02,-0.29) yaw=+175.5 d=4.99 goal_err=-37 carrot_err= -36 c0=1.78 clear=1.00 prog=0.24 rel=0.89 bal=+0.28 obs=211 hard=203 obsc=218 yr= 15G nz=0.11 flt=0.00 dmap=+0/-0 shz=4.0 plan=25 cmd=(lx=+0.00,ly=+0.40,rx=+0.00)
  t= 23.6 DWA-F pos=(-1.06,-0.29) yaw=+173.9 d=4.95 goal_err=-36 carrot_err= -37 c0=1.74 clear=1.00 prog=0.26 rel=0.91 bal=+0.27 obs=212 hard=203 obsc=219 yr=  0  nz=0.09 flt=0.01 dmap=+0/-0 shz=4.0 plan=24 cmd=(lx=+0.00,ly=+0.40,rx=+0.00)
  t= 24.0 DWA-F pos=(-1.11,-0.28) yaw=+173.9 d=4.92 goal_err=-36 carrot_err= -39 c0=1.69 clear=1.00 prog=0.26 rel=0.94 bal=+0.26 obs=212 hard=201 obsc=219 yr=  0G nz=0.06 flt=0.01 dmap=+0/-0 shz=4.0 plan=24 cmd=(lx=+0.00,ly=+0.40,rx=+0.45)
  t= 24.5 DWA-F pos=(-1.15,-0.28) yaw=+170.7 d=4.88 goal_err=-34 carrot_err= -37 c0=1.65 clear=1.00 prog=0.26 rel=0.92 bal=+0.25 obs=217 hard=205 obsc=224 yr=  0  nz=0.08 flt=0.01 dmap=+0/-1 shz=4.0 plan=24 cmd=(lx=+0.00,ly=+0.40,rx=+0.00)
  t= 24.9 DWA-F pos=(-1.18,-0.27) yaw=+169.1 d=4.85 goal_err=-32 carrot_err= -29 c0=1.62 clear=1.00 prog=0.25 rel=0.93 bal=+0.24 obs=217 hard=205 obsc=224 yr= 15G nz=0.07 flt=0.02 dmap=+0/-0 shz=4.0 plan=23 cmd=(lx=+0.00,ly=+0.40,rx=+0.00)
  t= 25.4 DWA-F pos=(-1.23,-0.26) yaw=+167.5 d=4.81 goal_err=-31 carrot_err= -28 c0=1.57 clear=1.00 prog=0.26 rel=0.92 bal=+0.23 obs=217 hard=207 obsc=223 yr=  0  nz=0.08 flt=0.00 dmap=+0/-0 shz=4.0 plan=23 cmd=(lx=+0.00,ly=+0.40,rx=+0.00)
  t= 25.8 DWA-F pos=(-1.27,-0.25) yaw=+167.5 d=4.78 goal_err=-31 carrot_err= -29 c0=1.53 clear=1.00 prog=0.26 rel=0.93 bal=+0.23 obs=215 hard=207 obsc=224 yr=  0  nz=0.07 flt=0.00 dmap=+0/-3 shz=3.9 plan=23 cmd=(lx=+0.00,ly=+0.40,rx=+0.00)
  t= 26.3 DWA-F pos=(-1.30,-0.25) yaw=+167.5 d=4.75 goal_err=-31 carrot_err= -30 c0=1.50 clear=1.00 prog=0.25 rel=0.92 bal=+0.22 obs=211 hard=203 obsc=219 yr=  0  nz=0.08 flt=0.02 dmap=+1/-2 shz=4.0 plan=23 cmd=(lx=+0.00,ly=+0.40,rx=+0.00)
  t= 26.7 DWA-F pos=(-1.35,-0.24) yaw=+167.5 d=4.71 goal_err=-32 carrot_err= -15 c0=1.45 clear=0.97 prog=0.26 rel=0.92 bal=+0.22 obs=211 hard=200 obsc=217 yr=  0  nz=0.08 flt=0.00 dmap=+0/-0 shz=4.0 plan=22 cmd=(lx=+0.00,ly=+0.40,rx=+0.00)
  t= 27.2 DWA-F pos=(-1.39,-0.23) yaw=+167.5 d=4.67 goal_err=-32 carrot_err= -15 c0=1.41 clear=0.94 prog=0.27 rel=0.93 bal=+0.22 obs=212 hard=202 obsc=218 yr=  0  nz=0.07 flt=0.00 dmap=+0/-0 shz=4.0 plan=22 cmd=(lx=+0.00,ly=+0.40,rx=+0.00)
  t= 27.6 DWA-F pos=(-1.43,-0.22) yaw=+167.5 d=4.63 goal_err=-32 carrot_err= -16 c0=1.37 clear=0.91 prog=0.26 rel=0.92 bal=+0.21 obs=214 hard=204 obsc=220 yr=  0  nz=0.08 flt=0.00 dmap=+0/-0 shz=4.0 plan=22 cmd=(lx=+0.00,ly=+0.40,rx=+0.00)
  t= 28.1 DWA-F pos=(-1.48,-0.21) yaw=+167.5 d=4.60 goal_err=-32 carrot_err= -17 c0=1.32 clear=0.88 prog=0.26 rel=0.93 bal=+0.21 obs=213 hard=203 obsc=220 yr=  0  nz=0.07 flt=0.02 dmap=+0/-1 shz=4.0 plan=22 cmd=(lx=+0.00,ly=+0.40,rx=+0.00)
  t= 28.5 DWA-F pos=(-1.51,-0.20) yaw=+167.5 d=4.57 goal_err=-33 carrot_err= -18 c0=1.29 clear=0.86 prog=0.27 rel=0.92 bal=+0.07 obs=212 hard=203 obsc=219 yr=  0  nz=0.08 flt=0.03 dmap=+1/-1 shz=4.0 plan=22 cmd=(lx=+0.00,ly=+0.40,rx=+0.00)
  t= 28.9 DWA-F pos=(-1.55,-0.19) yaw=+167.5 d=4.53 goal_err=-33 carrot_err= -19 c0=1.25 clear=0.83 prog=0.26 rel=0.93 bal=+0.08 obs=214 hard=204 obsc=220 yr=  0  nz=0.07 flt=0.03 dmap=+0/-0 shz=3.9 plan=22 cmd=(lx=+0.00,ly=+0.40,rx=+0.00)
  t= 29.4 DWA-F pos=(-1.60,-0.18) yaw=+167.5 d=4.49 goal_err=-33 carrot_err= -23 c0=1.20 clear=0.80 prog=0.26 rel=0.92 bal=+0.08 obs=216 hard=207 obsc=223 yr=  0  nz=0.08 flt=0.00 dmap=+0/-0 shz=4.0 plan=22 cmd=(lx=+0.00,ly=+0.40,rx=+0.00)
  t= 29.8 DWA-F pos=(-1.64,-0.17) yaw=+167.5 d=4.46 goal_err=-34 carrot_err= -24 c0=1.16 clear=0.77 prog=0.26 rel=0.92 bal=+0.08 obs=214 hard=204 obsc=221 yr=  0  nz=0.08 flt=0.00 dmap=+0/-1 shz=3.9 plan=21 cmd=(lx=+0.00,ly=+0.40,rx=+0.00)
  t= 30.3 DWA-F pos=(-1.68,-0.16) yaw=+167.5 d=4.42 goal_err=-34 carrot_err= -26 c0=1.12 clear=0.74 prog=0.26 rel=0.93 bal=+0.09 obs=213 hard=204 obsc=219 yr=  0  nz=0.07 flt=0.01 dmap=+0/-0 shz=4.0 plan=21 cmd=(lx=+0.00,ly=+0.40,rx=+0.00)
  t= 30.7 DWA-F pos=(-1.72,-0.15) yaw=+167.5 d=4.39 goal_err=-34 carrot_err= -26 c0=1.09 clear=0.72 prog=0.26 rel=0.92 bal=+0.09 obs=212 hard=205 obsc=220 yr=  0  nz=0.08 flt=0.02 dmap=+0/-0 shz=4.0 plan=21 cmd=(lx=+0.00,ly=+0.40,rx=+0.00)
  t= 31.2 DWA-F pos=(-1.76,-0.14) yaw=+167.5 d=4.36 goal_err=-34 carrot_err= -20 c0=1.04 clear=0.69 prog=0.26 rel=0.93 bal=+0.08 obs=211 hard=203 obsc=218 yr=  0  nz=0.07 flt=0.01 dmap=+0/-0 shz=4.0 plan=20 cmd=(lx=+0.00,ly=+0.40,rx=+0.00)
  t= 31.6 DWA-F pos=(-1.80,-0.13) yaw=+167.5 d=4.32 goal_err=-35 carrot_err= -21 c0=1.00 clear=0.67 prog=0.26 rel=0.92 bal=+0.08 obs=213 hard=204 obsc=219 yr=  0  nz=0.08 flt=0.02 dmap=+1/-0 shz=3.9 plan=20 cmd=(lx=+0.00,ly=+0.40,rx=+0.00)
  t= 32.1 DWA-F pos=(-1.86,-0.12) yaw=+167.5 d=4.27 goal_err=-35 carrot_err= -23 c0=0.95 clear=0.63 prog=0.27 rel=0.92 bal=+0.07 obs=215 hard=205 obsc=220 yr=  0  nz=0.08 flt=0.00 dmap=+1/-0 shz=4.0 plan=20 cmd=(lx=+0.00,ly=+0.40,rx=+0.00)
  t= 32.5 DWA-F pos=(-1.90,-0.11) yaw=+167.5 d=4.24 goal_err=-36 carrot_err= -24 c0=0.90 clear=0.60 prog=0.27 rel=0.91 bal=+0.07 obs=215 hard=204 obsc=220 yr=  0  nz=0.09 flt=0.02 dmap=+1/-0 shz=4.0 plan=20 cmd=(lx=+0.00,ly=+0.40,rx=+0.00)
  t= 33.0 DWA-F pos=(-1.94,-0.10) yaw=+167.5 d=4.20 goal_err=-36 carrot_err= -18 c0=0.86 clear=0.57 prog=0.29 rel=0.93 bal=+0.07 obs=215 hard=203 obsc=220 yr=  0  nz=0.07 flt=0.02 dmap=+0/-0 shz=4.0 plan=19 cmd=(lx=+0.00,ly=+0.40,rx=+0.00)
  t= 33.4 DWA-F pos=(-1.99,-0.09) yaw=+167.5 d=4.17 goal_err=-36 carrot_err= -19 c0=0.82 clear=0.55 prog=0.28 rel=0.92 bal=+0.07 obs=214 hard=202 obsc=220 yr=  0  nz=0.09 flt=0.01 dmap=+0/-0 shz=4.0 plan=19 cmd=(lx=+0.00,ly=+0.40,rx=+0.00)
  t= 33.8 DWA-F pos=(-2.02,-0.09) yaw=+167.5 d=4.14 goal_err=-37 carrot_err= -19 c0=0.79 clear=0.53 prog=0.25 rel=0.92 bal=+0.07 obs=216 hard=205 obsc=222 yr=  0  nz=0.08 flt=0.00 dmap=+1/-1 shz=4.0 plan=19 cmd=(lx=+0.00,ly=+0.40,rx=+0.00)
  t= 34.3 DWA-F pos=(-2.06,-0.08) yaw=+167.5 d=4.10 goal_err=-37 carrot_err= -30 c0=0.75 clear=0.50 prog=0.25 rel=0.93 bal=-0.05 obs=216 hard=208 obsc=223 yr=  0  nz=0.07 flt=0.01 dmap=+1/-2 shz=4.0 plan=19 cmd=(lx=+0.00,ly=+0.40,rx=+0.00)
  t= 34.7 DWA-F pos=(-2.11,-0.07) yaw=+164.3 d=4.07 goal_err=-34 carrot_err= -28 c0=0.90 clear=0.60 prog=0.25 rel=0.92 bal=-0.07 obs=216 hard=208 obsc=223 yr= 14  nz=0.08 flt=0.02 dmap=+0/-0 shz=4.0 plan=19 cmd=(lx=+0.00,ly=+0.40,rx=+0.00)
  t= 35.2 DWA-F pos=(-2.15,-0.05) yaw=+164.3 d=4.03 goal_err=-34 carrot_err= -29 c0=1.05 clear=0.70 prog=0.25 rel=0.81 bal=-0.09 obs=217 hard=209 obsc=224 yr=  0  nz=0.19 flt=0.00 dmap=+0/-0 shz=4.0 plan=19 cmd=(lx=+0.00,ly=+0.40,rx=+0.00)
  t= 35.6 DWA-F pos=(-2.19,-0.04) yaw=+162.7 d=3.99 goal_err=-33 carrot_err= -29 c0=1.01 clear=0.67 prog=0.27 rel=0.78 bal=-0.24 obs=218 hard=209 obsc=224 yr= 14G nz=0.22 flt=0.00 dmap=+0/-0 shz=4.0 plan=19 cmd=(lx=+0.00,ly=+0.40,rx=+0.00)
  t= 36.1 DWA-F pos=(-2.23,-0.03) yaw=+161.1 d=3.96 goal_err=-32 carrot_err= -20 c0=0.97 clear=0.65 prog=0.27 rel=0.82 bal=-0.31 obs=221 hard=208 obsc=226 yr=  0  nz=0.18 flt=0.02 dmap=+1/-0 shz=4.0 plan=18 cmd=(lx=+0.00,ly=+0.40,rx=+0.00)
  t= 36.5 DWA-F pos=(-2.27,-0.01) yaw=+161.1 d=3.92 goal_err=-32 carrot_err= -21 c0=0.93 clear=0.62 prog=0.28 rel=0.91 bal=-0.46 obs=222 hard=210 obsc=227 yr=  0  nz=0.09 flt=0.02 dmap=+1/-0 shz=4.0 plan=18 cmd=(lx=+0.00,ly=+0.40,rx=+0.00)
  t= 37.0 DWA-F pos=(-2.31,-0.00) yaw=+161.1 d=3.89 goal_err=-33 carrot_err= -22 c0=0.89 clear=0.60 prog=0.26 rel=0.93 bal=-0.57 obs=223 hard=211 obsc=228 yr=  0  nz=0.07 flt=0.01 dmap=+0/-0 shz=4.0 plan=18 cmd=(lx=+0.00,ly=+0.40,rx=+0.00)
  t= 37.4 DWA-F pos=(-2.35,+0.01) yaw=+161.1 d=3.85 goal_err=-33 carrot_err= -23 c0=0.85 clear=0.57 prog=0.26 rel=0.92 bal=-0.50 obs=222 hard=212 obsc=227 yr=  0  nz=0.08 flt=0.01 dmap=+0/-0 shz=4.0 plan=17 cmd=(lx=+0.00,ly=+0.40,rx=+0.00)
  t= 37.9 DWA-F pos=(-2.39,+0.03) yaw=+161.1 d=3.82 goal_err=-33 carrot_err= -24 c0=0.81 clear=0.54 prog=0.26 rel=0.92 bal=-0.49 obs=221 hard=213 obsc=226 yr=  0  nz=0.08 flt=0.01 dmap=+0/-0 shz=4.0 plan=17 cmd=(lx=+0.00,ly=+0.40,rx=+0.00)
  t= 38.3 DWA-F pos=(-2.43,+0.04) yaw=+161.1 d=3.78 goal_err=-34 carrot_err= -26 c0=0.77 clear=0.51 prog=0.26 rel=0.93 bal=-0.48 obs=220 hard=211 obsc=226 yr=  0  nz=0.07 flt=0.03 dmap=+0/-1 shz=4.0 plan=17 cmd=(lx=+0.00,ly=+0.40,rx=+0.00)
  t= 38.8 DWA-F pos=(-2.47,+0.05) yaw=+161.1 d=3.74 goal_err=-34 carrot_err= -27 c0=0.73 clear=0.48 prog=0.26 rel=0.92 bal=-0.47 obs=220 hard=212 obsc=227 yr=  0  nz=0.08 flt=0.02 dmap=+0/-0 shz=4.0 plan=17 cmd=(lx=+0.00,ly=+0.40,rx=+0.00)
  t= 39.2 DWA-F pos=(-2.51,+0.06) yaw=+161.1 d=3.71 goal_err=-34 carrot_err= -28 c0=0.70 clear=0.47 prog=0.26 rel=0.93 bal=-0.45 obs=220 hard=211 obsc=228 yr=  0G nz=0.07 flt=0.02 dmap=+0/-0 shz=4.0 plan=17 cmd=(lx=+0.00,ly=+0.40,rx=+0.45)
  t= 39.7 ENG-F pos=(-2.55,+0.08) yaw=+156.3 d=3.68 goal_err=-30 carrot_err= -24 c0=1.06 clear=0.71 prog=0.26 rel=0.90 bal=-0.45 obs=223 hard=210 obsc=234 yr=  0  nz=0.10 flt=0.07 dmap=+3/-0 shz=4.0 plan=17 cmd=(lx=+0.00,ly=+0.28,rx=+0.00)
  t= 40.1 ENG-F pos=(-2.58,+0.10) yaw=+156.3 d=3.64 goal_err=-30 carrot_err= -25 c0=1.02 clear=0.68 prog=0.26 rel=0.77 bal=-0.33 obs=225 hard=213 obsc=234 yr=  0  nz=0.23 flt=0.01 dmap=+1/-1 shz=4.0 plan=17 cmd=(lx=+0.00,ly=+0.28,rx=+0.00)
  t= 40.5 ENG-F pos=(-2.62,+0.11) yaw=+156.3 d=3.61 goal_err=-30 carrot_err= -26 c0=0.99 clear=0.66 prog=0.25 rel=0.80 bal=-0.33 obs=227 hard=217 obsc=236 yr=  0  nz=0.20 flt=0.03 dmap=+0/-0 shz=4.0 plan=16 cmd=(lx=+0.00,ly=+0.28,rx=+0.00)
  t= 41.0 ENG-F pos=(-2.65,+0.13) yaw=+156.3 d=3.58 goal_err=-31 carrot_err= -27 c0=0.95 clear=0.64 prog=0.24 rel=0.94 bal=-0.38 obs=224 hard=216 obsc=235 yr=  0  nz=0.06 flt=0.01 dmap=+0/-0 shz=4.0 plan=16 cmd=(lx=+0.00,ly=+0.28,rx=+0.00)
  t= 41.4 ENG-F pos=(-2.68,+0.14) yaw=+156.3 d=3.55 goal_err=-31 carrot_err= -28 c0=0.92 clear=0.61 prog=0.24 rel=0.93 bal=-0.38 obs=228 hard=216 obsc=236 yr=  0  nz=0.07 flt=0.01 dmap=+1/-0 shz=4.0 plan=16 cmd=(lx=+0.00,ly=+0.28,rx=+0.00)
  t= 41.8 ENG-F pos=(-2.71,+0.15) yaw=+156.3 d=3.52 goal_err=-31 carrot_err= -29 c0=0.89 clear=0.59 prog=0.24 rel=0.94 bal=-0.32 obs=230 hard=218 obsc=238 yr=  0  nz=0.06 flt=0.00 dmap=+1/-0 shz=4.0 plan=16 cmd=(lx=+0.00,ly=+0.28,rx=+0.00)
  t= 42.3 ENG-F pos=(-2.75,+0.17) yaw=+156.3 d=3.49 goal_err=-32 carrot_err= -20 c0=0.85 clear=0.57 prog=0.23 rel=0.93 bal=-0.32 obs=230 hard=219 obsc=238 yr=  0  nz=0.07 flt=0.01 dmap=+0/-0 shz=4.0 plan=16 cmd=(lx=+0.00,ly=+0.28,rx=+0.00)
  t= 42.7 ENG-F pos=(-2.78,+0.18) yaw=+156.3 d=3.46 goal_err=-32 carrot_err= -21 c0=0.82 clear=0.55 prog=0.23 rel=0.94 bal=-0.31 obs=230 hard=218 obsc=238 yr=  0  nz=0.06 flt=0.03 dmap=+0/-0 shz=4.0 plan=16 cmd=(lx=+0.00,ly=+0.28,rx=+0.00)
  t= 43.2 ENG-F pos=(-2.81,+0.20) yaw=+156.3 d=3.43 goal_err=-32 carrot_err= -22 c0=0.79 clear=0.53 prog=0.23 rel=0.93 bal=-0.27 obs=229 hard=219 obsc=239 yr=  0  nz=0.07 flt=0.01 dmap=+0/-1 shz=4.0 plan=16 cmd=(lx=+0.00,ly=+0.28,rx=+0.00)
  t= 43.6 ENG-F pos=(-2.84,+0.21) yaw=+156.3 d=3.41 goal_err=-32 carrot_err= -23 c0=0.76 clear=0.51 prog=0.22 rel=0.94 bal=-0.27 obs=231 hard=218 obsc=239 yr=  0  nz=0.07 flt=0.00 dmap=+2/-0 shz=4.0 plan=16 cmd=(lx=+0.00,ly=+0.28,rx=+0.00)
  t= 44.0 ENG-F pos=(-2.87,+0.22) yaw=+156.3 d=3.38 goal_err=-33 carrot_err= -24 c0=0.75 clear=0.50 prog=0.22 rel=0.94 bal=-0.27 obs=231 hard=218 obsc=239 yr=  0  nz=0.06 flt=0.00 dmap=+0/-0 shz=4.0 plan=16 cmd=(lx=+0.00,ly=+0.28,rx=+0.00)
  t= 44.5 ENG-F pos=(-2.90,+0.24) yaw=+156.3 d=3.35 goal_err=-33 carrot_err= -25 c0=0.72 clear=0.48 prog=0.22 rel=0.95 bal=-0.28 obs=230 hard=220 obsc=240 yr=  0  nz=0.05 flt=0.02 dmap=+0/-0 shz=4.0 plan=16 cmd=(lx=+0.00,ly=+0.28,rx=+0.00)
  t= 44.9 ENG-F pos=(-2.93,+0.25) yaw=+156.3 d=3.32 goal_err=-33 carrot_err= -26 c0=0.69 clear=0.46 prog=0.21 rel=0.96 bal=-0.16 obs=231 hard=220 obsc=239 yr=  0  nz=0.04 flt=0.00 dmap=+0/-0 shz=4.0 plan=16 cmd=(lx=+0.00,ly=+0.28,rx=+0.00)
  t= 45.3 ENG-T pos=(-2.96,+0.26) yaw=+156.3 d=3.29 goal_err=-34 carrot_err= -27 c0=0.65 clear=0.44 prog=0.21 rel=0.94 bal=-0.16 obs=231 hard=220 obsc=239 yr=  0  nz=0.06 flt=0.02 dmap=+0/-0 shz=4.0 plan=16 cmd=(lx=+0.00,ly=+0.00,rx=+0.45)
  t= 45.8 ENG-F pos=(-2.97,+0.27) yaw=+153.0 d=3.29 goal_err=-31 carrot_err= -24 c0=0.64 clear=0.43 prog=0.18 rel=0.94 bal=-0.17 obs=230 hard=219 obsc=239 yr= 15  nz=0.06 flt=0.02 dmap=+0/-0 shz=4.0 plan=16 cmd=(lx=+0.00,ly=+0.28,rx=+0.00)
  t= 46.2 ENG-F pos=(-3.00,+0.28) yaw=+153.0 d=3.25 goal_err=-31 carrot_err= -25 c0=0.61 clear=0.41 prog=0.18 rel=0.95 bal=-0.17 obs=230 hard=220 obsc=238 yr=  0  nz=0.05 flt=0.01 dmap=+0/-0 shz=4.0 plan=16 cmd=(lx=+0.00,ly=+0.28,rx=+0.00)
  t= 46.6 ENG-T pos=(-3.03,+0.30) yaw=+153.0 d=3.22 goal_err=-31 carrot_err= -27 c0=0.58 clear=0.38 prog=0.20 rel=0.95 bal=-0.22 obs=230 hard=221 obsc=238 yr=  0G nz=0.05 flt=0.02 dmap=+0/-0 shz=4.0 plan=16 cmd=(lx=+0.00,ly=+0.00,rx=+0.45)
  t= 47.1 ENG-F pos=(-3.05,+0.31) yaw=+149.8 d=3.21 goal_err=-28 carrot_err= -24 c0=0.56 clear=0.37 prog=0.17 rel=0.94 bal=-0.22 obs=235 hard=225 obsc=246 yr=  0  nz=0.06 flt=0.14 dmap=+0/-0 shz=4.0 plan=16 cmd=(lx=+0.00,ly=+0.28,rx=+0.00)
  t= 47.5 ENG-T pos=(-3.08,+0.33) yaw=+149.8 d=3.18 goal_err=-29 carrot_err= -22 c0=0.53 clear=0.35 prog=0.19 rel=0.95 bal=-0.23 obs=236 hard=224 obsc=244 yr=  0G nz=0.05 flt=0.00 dmap=+0/-0 shz=4.0 plan=16 cmd=(lx=+0.00,ly=+0.00,rx=+0.45)
  t= 47.9 ENG-F pos=(-3.09,+0.34) yaw=+145.0 d=3.16 goal_err=-24 carrot_err= -18 c0=0.57 clear=0.38 prog=0.19 rel=0.94 bal=-0.17 obs=234 hard=225 obsc=246 yr=  0  nz=0.06 flt=0.01 dmap=+1/-4 shz=4.0 plan=16 cmd=(lx=+0.00,ly=+0.28,rx=+0.00)
  t= 48.4 ENG-F pos=(-3.12,+0.35) yaw=+145.0 d=3.14 goal_err=-24 carrot_err= -18 c0=0.54 clear=0.36 prog=0.17 rel=0.96 bal=-0.17 obs=232 hard=224 obsc=242 yr=  0  nz=0.04 flt=0.02 dmap=+1/-2 shz=4.0 plan=15 cmd=(lx=+0.00,ly=+0.28,rx=+0.00)
  t= 48.8 ENG-T pos=(-3.14,+0.37) yaw=+145.0 d=3.11 goal_err=-24 carrot_err= -19 c0=0.70 clear=0.47 prog=0.20 rel=0.90 bal=-0.16 obs=231 hard=224 obsc=241 yr=  0G nz=0.10 flt=0.01 dmap=+0/-0 shz=4.0 plan=15 cmd=(lx=+0.00,ly=+0.00,rx=+0.45)
  t= 49.3 ENG-F pos=(-3.15,+0.38) yaw=+141.8 d=3.09 goal_err=-21 carrot_err= -16 c0=0.68 clear=0.46 prog=0.17 rel=0.88 bal=-0.16 obs=238 hard=223 obsc=246 yr=  0  nz=0.12 flt=0.06 dmap=+0/-0 shz=4.0 plan=15 cmd=(lx=+0.00,ly=+0.28,rx=+0.00)
  t= 49.7 ENG-T pos=(-3.17,+0.39) yaw=+141.8 d=3.07 goal_err=-21 carrot_err= -17 c0=0.66 clear=0.44 prog=0.18 rel=0.88 bal=+0.46 obs=240 hard=225 obsc=248 yr=  0  nz=0.12 flt=0.01 dmap=+0/-1 shz=4.0 plan=15 cmd=(lx=+0.00,ly=+0.00,rx=+0.45)
  t= 50.1 ENG-F pos=(-3.18,+0.40) yaw=+138.6 d=3.06 goal_err=-18 carrot_err= -14 c0=0.65 clear=0.43 prog=0.16 rel=0.95 bal=+0.47 obs=241 hard=225 obsc=248 yr=  0  nz=0.05 flt=0.01 dmap=+1/-0 shz=4.0 plan=15 cmd=(lx=+0.00,ly=+0.28,rx=+0.00)
  t= 50.6 ENG-T pos=(-3.21,+0.42) yaw=+138.6 d=3.03 goal_err=-18 carrot_err= -14 c0=0.62 clear=0.41 prog=0.16 rel=0.95 bal=+0.48 obs=241 hard=225 obsc=248 yr=  0G nz=0.05 flt=0.01 dmap=+0/-0 shz=4.0 plan=15 cmd=(lx=+0.00,ly=+0.00,rx=+0.45)
  t= 51.0 ENG-F pos=(-3.21,+0.43) yaw=+135.4 d=3.02 goal_err=-15 carrot_err= -11 c0=0.87 clear=0.58 prog=0.14 rel=0.82 bal=+0.49 obs=237 hard=226 obsc=248 yr=  0  nz=0.18 flt=0.00 dmap=+0/-0 shz=4.0 plan=15 cmd=(lx=+0.00,ly=+0.28,rx=+0.00)
  t= 51.4 ENG-GO pos=(-3.23,+0.44) yaw=+133.8 d=3.00 goal_err=-14 carrot_err= -10 c0=0.85 clear=0.57 prog=0.13 rel=0.82 bal=+0.50 obs=239 hard=224 obsc=247 yr= 14  nz=0.18 flt=0.13 dmap=+3/-1 shz=4.0 plan=15 cmd=(lx=+0.00,ly=+0.28,rx=+0.00)
  t= 51.9 ENG-GO pos=(-3.24,+0.46) yaw=+133.8 d=2.98 goal_err=-14 carrot_err= -10 c0=0.83 clear=0.55 prog=0.14 rel=0.85 bal=+0.50 obs=239 hard=226 obsc=246 yr=  0  nz=0.15 flt=0.00 dmap=+0/-0 shz=4.0 plan=15 cmd=(lx=+0.00,ly=+0.28,rx=+0.00)
  t= 52.3 ENG-GO pos=(-3.26,+0.47) yaw=+133.8 d=2.96 goal_err=-14 carrot_err= -11 c0=0.81 clear=0.54 prog=0.14 rel=0.95 bal=+0.51 obs=239 hard=226 obsc=246 yr=  0  nz=0.05 flt=0.01 dmap=+0/-0 shz=4.0 plan=15 cmd=(lx=+0.00,ly=+0.28,rx=+0.00)
  t= 52.7 ENG-GO pos=(-3.28,+0.50) yaw=+133.8 d=2.93 goal_err=-14 carrot_err= -11 c0=0.78 clear=0.52 prog=0.17 rel=0.95 bal=+0.53 obs=237 hard=226 obsc=247 yr=  0  nz=0.05 flt=0.00 dmap=+0/-0 shz=4.0 plan=15 cmd=(lx=+0.00,ly=+0.28,rx=+0.00)
  t= 53.2 ENG-GO pos=(-3.30,+0.52) yaw=+133.8 d=2.90 goal_err=-14 carrot_err=  -7 c0=0.76 clear=0.51 prog=0.18 rel=0.95 bal=+0.54 obs=237 hard=222 obsc=244 yr=  0  nz=0.05 flt=0.00 dmap=+0/-0 shz=4.0 plan=15 cmd=(lx=+0.00,ly=+0.28,rx=+0.00)
  t= 53.6 ENG-GO pos=(-3.32,+0.54) yaw=+133.8 d=2.87 goal_err=-14 carrot_err=  -8 c0=1.18 clear=0.78 prog=0.21 rel=0.95 bal=+0.56 obs=238 hard=223 obsc=245 yr=  0  nz=0.05 flt=0.03 dmap=+0/-0 shz=4.0 plan=15 cmd=(lx=+0.00,ly=+0.28,rx=+0.00)
  t= 54.1 ENG-GO pos=(-3.33,+0.55) yaw=+133.8 d=2.85 goal_err=-14 carrot_err=  -8 c0=1.16 clear=0.77 prog=0.20 rel=0.70 bal=+0.57 obs=237 hard=224 obsc=246 yr=  0  nz=0.30 flt=0.00 dmap=+0/-0 shz=4.0 plan=15 cmd=(lx=+0.00,ly=+0.28,rx=+0.00)
  t= 54.5 ENG-GO pos=(-3.36,+0.58) yaw=+133.8 d=2.82 goal_err=-15 carrot_err=  -6 c0=1.13 clear=0.75 prog=0.21 rel=0.69 bal=+0.01 obs=236 hard=224 obsc=244 yr=  0  nz=0.31 flt=0.00 dmap=+0/-0 shz=4.0 plan=13 cmd=(lx=+0.00,ly=+0.28,rx=+0.00)
  t= 54.9 ENG-GO pos=(-3.38,+0.60) yaw=+133.8 d=2.79 goal_err=-15 carrot_err=  -6 c0=1.10 clear=0.73 prog=0.21 rel=0.76 bal=+0.01 obs=240 hard=227 obsc=247 yr=  0  nz=0.24 flt=0.01 dmap=+2/-0 shz=4.0 plan=13 cmd=(lx=+0.00,ly=+0.28,rx=+0.00)
  t= 55.4 ENG-GO pos=(-3.39,+0.62) yaw=+133.8 d=2.77 goal_err=-15 carrot_err=  -6 c0=1.16 clear=0.77 prog=0.20 rel=0.94 bal=+0.02 obs=239 hard=226 obsc=248 yr=  0  nz=0.06 flt=0.00 dmap=+0/-0 shz=4.0 plan=13 cmd=(lx=+0.00,ly=+0.28,rx=+0.00)
  t= 55.8 ENG-GO pos=(-3.42,+0.64) yaw=+133.8 d=2.73 goal_err=-15 carrot_err=  -6 c0=1.13 clear=0.75 prog=0.21 rel=0.95 bal=+0.02 obs=239 hard=225 obsc=247 yr=  0  nz=0.05 flt=0.02 dmap=+0/-0 shz=4.0 plan=13 cmd=(lx=+0.00,ly=+0.28,rx=+0.00)
  t= 56.3 ENG-GO pos=(-3.44,+0.67) yaw=+133.8 d=2.70 goal_err=-15 carrot_err=  -7 c0=1.09 clear=0.73 prog=0.23 rel=0.96 bal=-0.02 obs=237 hard=224 obsc=246 yr=  0  nz=0.04 flt=0.00 dmap=+1/-1 shz=4.0 plan=13 cmd=(lx=+0.00,ly=+0.28,rx=+0.00)
  t= 56.7 ENG-GO pos=(-3.47,+0.70) yaw=+133.8 d=2.66 goal_err=-16 carrot_err=  -7 c0=1.06 clear=0.71 prog=0.24 rel=0.94 bal=-0.02 obs=235 hard=221 obsc=242 yr=  0  nz=0.06 flt=0.01 dmap=+0/-0 shz=4.0 plan=13 cmd=(lx=+0.00,ly=+0.28,rx=+0.00)
  t= 57.1 ENG-GO pos=(-3.49,+0.72) yaw=+133.8 d=2.63 goal_err=-16 carrot_err=  -7 c0=1.02 clear=0.68 prog=0.26 rel=0.93 bal=+0.02 obs=235 hard=224 obsc=244 yr=  0  nz=0.07 flt=0.01 dmap=+0/-0 shz=4.0 plan=13 cmd=(lx=+0.00,ly=+0.28,rx=+0.00)
  t= 57.6 ENG-GO pos=(-3.52,+0.75) yaw=+133.8 d=2.59 goal_err=-16 carrot_err=  -5 c0=0.99 clear=0.66 prog=0.26 rel=0.94 bal=+0.01 obs=235 hard=223 obsc=243 yr=  0  nz=0.06 flt=0.00 dmap=+0/-0 shz=4.0 plan=12 cmd=(lx=+0.00,ly=+0.28,rx=+0.00)
  t= 58.0 ENG-GO pos=(-3.55,+0.78) yaw=+133.8 d=2.55 goal_err=-16 carrot_err=  -5 c0=0.95 clear=0.63 prog=0.28 rel=0.93 bal=+0.01 obs=234 hard=221 obsc=242 yr=  0  nz=0.07 flt=0.00 dmap=+0/-1 shz=4.0 plan=12 cmd=(lx=+0.00,ly=+0.28,rx=+0.00)
  t= 58.5 ENG-GO pos=(-3.57,+0.80) yaw=+133.8 d=2.52 goal_err=-16 carrot_err=  -6 c0=0.92 clear=0.61 prog=0.26 rel=0.93 bal=+0.01 obs=234 hard=221 obsc=242 yr=  0  nz=0.07 flt=0.01 dmap=+2/-1 shz=4.0 plan=12 cmd=(lx=+0.00,ly=+0.28,rx=+0.00)
  t= 58.9 ENG-GO pos=(-3.59,+0.83) yaw=+133.8 d=2.49 goal_err=-17 carrot_err=  -6 c0=0.89 clear=0.59 prog=0.26 rel=0.93 bal=+0.00 obs=234 hard=221 obsc=242 yr=  0  nz=0.07 flt=0.01 dmap=+0/-0 shz=4.0 plan=12 cmd=(lx=+0.00,ly=+0.28,rx=+0.00)
  t= 59.3 ENG-GO pos=(-3.62,+0.85) yaw=+133.8 d=2.45 goal_err=-17 carrot_err=  -6 c0=0.86 clear=0.57 prog=0.26 rel=0.95 bal=-0.00 obs=233 hard=219 obsc=241 yr=  0  nz=0.05 flt=0.00 dmap=+0/-0 shz=4.0 plan=12 cmd=(lx=+0.00,ly=+0.28,rx=+0.00)
  t= 59.8 ENG-GO pos=(-3.64,+0.88) yaw=+133.8 d=2.42 goal_err=-17 carrot_err=  -6 c0=0.82 clear=0.55 prog=0.26 rel=0.94 bal=-0.01 obs=232 hard=219 obsc=239 yr=  0  nz=0.07 flt=0.01 dmap=+1/-0 shz=4.0 plan=12 cmd=(lx=+0.00,ly=+0.28,rx=+0.00)
  t= 60.2 ENG-GO pos=(-3.66,+0.90) yaw=+133.8 d=2.39 goal_err=-17 carrot_err=  -6 c0=0.80 clear=0.53 prog=0.24 rel=0.92 bal=-0.00 obs=228 hard=218 obsc=238 yr=  0  nz=0.08 flt=0.00 dmap=+1/-3 shz=4.0 plan=12 cmd=(lx=+0.00,ly=+0.28,rx=+0.00)
  t= 60.7 ENG-GO pos=(-3.69,+0.92) yaw=+133.8 d=2.36 goal_err=-18 carrot_err=  -7 c0=0.76 clear=0.51 prog=0.24 rel=0.92 bal=-0.01 obs=228 hard=215 obsc=235 yr=  0  nz=0.08 flt=0.02 dmap=+0/-0 shz=4.0 plan=11 cmd=(lx=+0.00,ly=+0.28,rx=+0.00)
  t= 61.1 ENG-GO pos=(-3.71,+0.95) yaw=+133.8 d=2.33 goal_err=-18 carrot_err=  -7 c0=0.82 clear=0.55 prog=0.24 rel=0.96 bal=-0.02 obs=228 hard=214 obsc=235 yr=  0  nz=0.04 flt=0.00 dmap=+0/-0 shz=4.0 plan=11 cmd=(lx=+0.00,ly=+0.28,rx=+0.00)
  t= 61.6 ENG-GO pos=(-3.73,+0.97) yaw=+133.8 d=2.30 goal_err=-18 carrot_err=  -7 c0=0.80 clear=0.53 prog=0.23 rel=0.96 bal=-0.03 obs=227 hard=214 obsc=235 yr=  0  nz=0.04 flt=0.01 dmap=+1/-1 shz=4.0 plan=11 cmd=(lx=+0.00,ly=+0.28,rx=+0.00)
  t= 62.0 ENG-GO pos=(-3.76,+0.99) yaw=+133.8 d=2.27 goal_err=-18 carrot_err=  -5 c0=0.76 clear=0.51 prog=0.23 rel=0.95 bal=-0.04 obs=228 hard=216 obsc=236 yr=  0  nz=0.05 flt=0.01 dmap=+1/-1 shz=4.0 plan=11 cmd=(lx=+0.00,ly=+0.28,rx=+0.00)
  t= 62.4 ENG-GO pos=(-3.78,+1.02) yaw=+133.8 d=2.23 goal_err=-19 carrot_err=  -5 c0=0.73 clear=0.48 prog=0.25 rel=0.93 bal=-0.05 obs=230 hard=218 obsc=237 yr=  0  nz=0.07 flt=0.00 dmap=+0/-0 shz=4.0 plan=11 cmd=(lx=+0.00,ly=+0.28,rx=+0.00)
  t= 62.9 ENG-GO pos=(-3.81,+1.05) yaw=+133.8 d=2.20 goal_err=-19 carrot_err=  -6 c0=0.69 clear=0.46 prog=0.24 rel=0.94 bal=-0.06 obs=230 hard=219 obsc=237 yr=  0  nz=0.06 flt=0.01 dmap=+0/-0 shz=4.0 plan=11 cmd=(lx=+0.00,ly=+0.28,rx=+0.00)
  t= 63.3 ENG-GO pos=(-3.83,+1.07) yaw=+133.8 d=2.16 goal_err=-19 carrot_err=  -6 c0=0.66 clear=0.44 prog=0.25 rel=0.93 bal=-0.07 obs=229 hard=215 obsc=236 yr=  0  nz=0.07 flt=0.01 dmap=+1/-0 shz=4.0 plan=11 cmd=(lx=+0.00,ly=+0.28,rx=+0.00)
  t= 63.8 ENG-GO pos=(-3.86,+1.10) yaw=+133.8 d=2.13 goal_err=-20 carrot_err=  -6 c0=0.62 clear=0.41 prog=0.26 rel=0.94 bal=-0.10 obs=225 hard=211 obsc=232 yr=  0  nz=0.06 flt=0.00 dmap=+0/-4 shz=4.0 plan=11 cmd=(lx=+0.00,ly=+0.28,rx=+0.00)
  t= 64.2 ENG-GO pos=(-3.88,+1.12) yaw=+133.8 d=2.10 goal_err=-20 carrot_err= -13 c0=0.59 clear=0.39 prog=0.26 rel=0.93 bal=-0.10 obs=224 hard=211 obsc=232 yr=  0  nz=0.07 flt=0.01 dmap=+0/-0 shz=4.0 plan=11 cmd=(lx=+0.00,ly=+0.28,rx=+0.00)
  t= 64.6 ENG-GO pos=(-3.90,+1.14) yaw=+133.8 d=2.07 goal_err=-20 carrot_err= -13 c0=0.56 clear=0.38 prog=0.24 rel=0.93 bal=-0.04 obs=223 hard=212 obsc=231 yr=  0  nz=0.07 flt=0.01 dmap=+0/-0 shz=4.0 plan=11 cmd=(lx=+0.00,ly=+0.28,rx=+0.00)
  t= 65.1 ENG-GO pos=(-3.92,+1.17) yaw=+133.8 d=2.04 goal_err=-20 carrot_err= -14 c0=0.53 clear=0.35 prog=0.24 rel=0.93 bal=-0.03 obs=221 hard=209 obsc=228 yr=  0  nz=0.07 flt=0.01 dmap=+0/-1 shz=4.0 plan=10 cmd=(lx=+0.00,ly=+0.28,rx=+0.00)
  t= 65.5 ENG-GO pos=(-3.95,+1.20) yaw=+133.8 d=2.00 goal_err=-21 carrot_err= -14 c0=0.77 clear=0.51 prog=0.24 rel=0.86 bal=+0.04 obs=218 hard=206 obsc=225 yr=  0  nz=0.14 flt=0.00 dmap=+0/-1 shz=4.0 plan=10 cmd=(lx=+0.00,ly=+0.28,rx=+0.00)
  t= 65.9 ENG-GO pos=(-3.97,+1.21) yaw=+133.8 d=1.98 goal_err=-21 carrot_err= -15 c0=0.74 clear=0.49 prog=0.23 rel=0.83 bal=+0.04 obs=220 hard=209 obsc=227 yr=  0  nz=0.17 flt=0.01 dmap=+0/-0 shz=4.0 plan=10 cmd=(lx=+0.00,ly=+0.28,rx=+0.00)
  t= 66.4 ENG-GO pos=(-3.99,+1.24) yaw=+133.8 d=1.95 goal_err=-21 carrot_err= -15 c0=0.71 clear=0.47 prog=0.22 rel=0.86 bal=+0.04 obs=220 hard=210 obsc=228 yr=  0  nz=0.14 flt=0.00 dmap=+0/-0 shz=4.0 plan=10 cmd=(lx=+0.00,ly=+0.28,rx=+0.00)
  t= 66.8 ENG-GO pos=(-4.01,+1.26) yaw=+133.8 d=1.92 goal_err=-22 carrot_err= -16 c0=0.68 clear=0.45 prog=0.23 rel=0.94 bal=+0.04 obs=221 hard=210 obsc=228 yr=  0  nz=0.06 flt=0.00 dmap=+0/-0 shz=4.0 plan=10 cmd=(lx=+0.00,ly=+0.28,rx=+0.00)
  t= 67.3 ENG-GO pos=(-4.03,+1.28) yaw=+133.8 d=1.89 goal_err=-22 carrot_err= -17 c0=0.65 clear=0.44 prog=0.21 rel=0.94 bal=+0.55 obs=220 hard=212 obsc=230 yr=  0  nz=0.06 flt=0.00 dmap=+1/-3 shz=4.0 plan=10 cmd=(lx=+0.00,ly=+0.28,rx=+0.00)
  t= 67.7 ENG-GO pos=(-4.05,+1.30) yaw=+133.8 d=1.87 goal_err=-22 carrot_err= -23 c0=0.62 clear=0.42 prog=0.22 rel=0.94 bal=-0.09 obs=220 hard=210 obsc=227 yr=  0  nz=0.06 flt=0.00 dmap=+0/-0 shz=4.0 plan=10 cmd=(lx=+0.00,ly=+0.28,rx=+0.00)
  t= 68.1 ENG-GO pos=(-4.07,+1.33) yaw=+133.8 d=1.84 goal_err=-23 carrot_err= -23 c0=0.59 clear=0.40 prog=0.21 rel=0.94 bal=+0.55 obs=218 hard=207 obsc=226 yr=  0  nz=0.06 flt=0.00 dmap=+0/-0 shz=4.0 plan=9 cmd=(lx=+0.00,ly=+0.28,rx=+0.00)
  t= 68.6 ENG-GO pos=(-4.09,+1.34) yaw=+133.8 d=1.81 goal_err=-23 carrot_err= -24 c0=0.57 clear=0.38 prog=0.20 rel=0.94 bal=+0.56 obs=218 hard=205 obsc=225 yr=  0  nz=0.06 flt=0.00 dmap=+1/-1 shz=4.0 plan=9 cmd=(lx=+0.00,ly=+0.28,rx=+0.00)
  t= 69.0 ENG-GO pos=(-4.11,+1.36) yaw=+133.8 d=1.79 goal_err=-24 carrot_err= -25 c0=0.54 clear=0.36 prog=0.21 rel=0.95 bal=+0.57 obs=219 hard=208 obsc=226 yr=  0  nz=0.05 flt=0.00 dmap=+0/-0 shz=4.0 plan=9 cmd=(lx=+0.00,ly=+0.28,rx=+0.00)
  t= 69.4 ENG-GO pos=(-4.13,+1.39) yaw=+133.8 d=1.76 goal_err=-24 carrot_err= -26 c0=1.34 clear=0.90 prog=0.20 rel=0.55 bal=+0.58 obs=217 hard=209 obsc=227 yr=  0  nz=0.45 flt=0.03 dmap=+1/-0 shz=4.0 plan=9 cmd=(lx=+0.00,ly=+0.28,rx=+0.00)
  t= 69.9 ENG-GO pos=(-4.15,+1.40) yaw=+133.8 d=1.74 goal_err=-24 carrot_err= -26 c0=1.32 clear=0.88 prog=0.19 rel=0.42 bal=+0.59 obs=220 hard=210 obsc=228 yr=  0  nz=0.58 flt=0.00 dmap=+1/-0 shz=4.0 plan=9 cmd=(lx=+0.00,ly=+0.28,rx=+0.00)
  t= 70.3 ENG-GO pos=(-4.17,+1.43) yaw=+133.8 d=1.70 goal_err=-25 carrot_err= -27 c0=1.28 clear=0.86 prog=0.20 rel=0.44 bal=+0.60 obs=220 hard=209 obsc=228 yr=  0  nz=0.56 flt=0.00 dmap=+0/-1 shz=4.0 plan=9 cmd=(lx=+0.00,ly=+0.28,rx=+0.00)
  t= 70.8 ENG-GO pos=(-4.19,+1.44) yaw=+133.8 d=1.69 goal_err=-25 carrot_err= -28 c0=1.26 clear=0.84 prog=0.19 rel=0.95 bal=+0.61 obs=224 hard=212 obsc=231 yr=  0  nz=0.05 flt=0.00 dmap=+1/-0 shz=4.0 plan=9 cmd=(lx=+0.00,ly=+0.28,rx=+0.00)
  t= 71.2 ENG-GO pos=(-4.21,+1.47) yaw=+133.8 d=1.66 goal_err=-25 carrot_err= -29 c0=1.23 clear=0.82 prog=0.19 rel=0.95 bal=+0.62 obs=224 hard=213 obsc=231 yr=  0  nz=0.05 flt=0.00 dmap=+0/-0 shz=4.0 plan=9 cmd=(lx=+0.00,ly=+0.28,rx=+0.00)
  t= 71.6 ENG-GO pos=(-4.23,+1.49) yaw=+133.8 d=1.63 goal_err=-26 carrot_err= -30 c0=1.20 clear=0.80 prog=0.21 rel=0.94 bal=-0.06 obs=221 hard=211 obsc=229 yr=  0  nz=0.06 flt=0.01 dmap=+0/-0 shz=4.0 plan=9 cmd=(lx=+0.00,ly=+0.28,rx=+0.00)
  t= 72.1 ENG-GO pos=(-4.25,+1.51) yaw=+133.8 d=1.60 goal_err=-26 carrot_err= -22 c0=1.18 clear=0.78 prog=0.20 rel=0.94 bal=-0.63 obs=225 hard=214 obsc=233 yr=  0  nz=0.06 flt=0.00 dmap=+3/-1 shz=4.0 plan=9 cmd=(lx=+0.00,ly=+0.28,rx=+0.00)
  t= 72.5 ENG-GO pos=(-4.27,+1.54) yaw=+133.8 d=1.57 goal_err=-27 carrot_err= -23 c0=1.14 clear=0.76 prog=0.20 rel=0.95 bal=-0.65 obs=225 hard=213 obsc=232 yr=  0  nz=0.05 flt=0.01 dmap=+0/-0 shz=4.0 plan=9 cmd=(lx=+0.00,ly=+0.28,rx=+0.00)
  t= 73.0 ENG-GO pos=(-4.30,+1.56) yaw=+133.8 d=1.54 goal_err=-28 carrot_err= -24 c0=1.10 clear=0.74 prog=0.22 rel=0.93 bal=+0.17 obs=225 hard=214 obsc=232 yr=  0  nz=0.07 flt=0.01 dmap=+0/-0 shz=4.0 plan=8 cmd=(lx=+0.00,ly=+0.28,rx=+0.00)
  t= 73.4 ENG-GO pos=(-4.32,+1.59) yaw=+133.8 d=1.51 goal_err=-28 carrot_err= -25 c0=1.07 clear=0.71 prog=0.23 rel=0.93 bal=+0.17 obs=226 hard=216 obsc=233 yr=  0  nz=0.07 flt=0.01 dmap=+0/-0 shz=4.0 plan=8 cmd=(lx=+0.00,ly=+0.28,rx=+0.00)
  t= 73.8 ENG-GO pos=(-4.35,+1.61) yaw=+133.8 d=1.48 goal_err=-29 carrot_err= -26 c0=1.03 clear=0.69 prog=0.24 rel=0.93 bal=-0.39 obs=228 hard=218 obsc=237 yr=  0  nz=0.07 flt=0.00 dmap=+1/-2 shz=4.0 plan=8 cmd=(lx=+0.00,ly=+0.28,rx=+0.00)
  t= 74.3 ENG-GO pos=(-4.37,+1.63) yaw=+133.8 d=1.45 goal_err=-29 carrot_err= -27 c0=1.01 clear=0.67 prog=0.23 rel=0.92 bal=-0.40 obs=228 hard=216 obsc=235 yr=  0  nz=0.08 flt=0.01 dmap=+0/-0 shz=4.0 plan=8 cmd=(lx=+0.00,ly=+0.28,rx=+0.00)
  t= 74.7 ENG-GO pos=(-4.39,+1.66) yaw=+133.8 d=1.42 goal_err=-30 carrot_err= -28 c0=0.97 clear=0.65 prog=0.23 rel=0.93 bal=-0.41 obs=229 hard=216 obsc=236 yr=  0  nz=0.07 flt=0.00 dmap=+0/-0 shz=4.0 plan=8 cmd=(lx=+0.00,ly=+0.28,rx=+0.00)
  t= 75.1 ENG-GO pos=(-4.42,+1.68) yaw=+133.8 d=1.39 goal_err=-31 carrot_err= -29 c0=0.94 clear=0.62 prog=0.23 rel=0.93 bal=-0.53 obs=228 hard=217 obsc=235 yr=  0  nz=0.07 flt=0.00 dmap=+0/-0 shz=4.0 plan=8 cmd=(lx=+0.00,ly=+0.28,rx=+0.00)
  t= 75.6 ENG-GO pos=(-4.44,+1.70) yaw=+133.8 d=1.37 goal_err=-31 carrot_err= -33 c0=0.91 clear=0.61 prog=0.21 rel=0.94 bal=-0.54 obs=228 hard=217 obsc=235 yr=  0  nz=0.06 flt=0.00 dmap=+0/-0 shz=4.0 plan=8 cmd=(lx=+0.00,ly=+0.28,rx=+0.00)
  t= 76.0 ENG-GO pos=(-4.46,+1.73) yaw=+133.8 d=1.34 goal_err=-32 carrot_err= -35 c0=0.88 clear=0.58 prog=0.21 rel=0.94 bal=-0.55 obs=228 hard=216 obsc=235 yr=  0  nz=0.06 flt=0.00 dmap=+0/-0 shz=4.0 plan=7 cmd=(lx=+0.00,ly=+0.28,rx=+0.00)
  t= 76.5 DWA-F pos=(-4.49,+1.76) yaw=+132.2 d=1.30 goal_err=-31 carrot_err= -35 c0=0.84 clear=0.56 prog=0.22 rel=0.94 bal=-0.57 obs=228 hard=218 obsc=236 yr= 14G nz=0.06 flt=0.00 dmap=+0/-0 shz=4.0 plan=7 cmd=(lx=+0.00,ly=+0.40,rx=+0.45)
  t= 76.9 DWA-F pos=(-4.52,+1.79) yaw=+125.8 d=1.27 goal_err=-26 carrot_err= -30 c0=0.80 clear=0.53 prog=0.23 rel=0.93 bal=-0.49 obs=231 hard=221 obsc=239 yr= 14G nz=0.07 flt=0.01 dmap=+1/-0 shz=4.0 plan=7 cmd=(lx=+0.00,ly=+0.40,rx=+0.00)
  t= 77.4 DWA-F pos=(-4.53,+1.82) yaw=+124.2 d=1.24 goal_err=-25 carrot_err= -29 c0=0.88 clear=0.59 prog=0.23 rel=0.94 bal=-0.37 obs=226 hard=219 obsc=233 yr=  0G nz=0.06 flt=0.01 dmap=+0/-0 shz=4.0 plan=7 cmd=(lx=+0.00,ly=+0.40,rx=+0.45)
  t= 77.8 DWA-F pos=(-4.56,+1.87) yaw=+119.4 d=1.19 goal_err=-21 carrot_err= -27 c0=0.83 clear=0.55 prog=0.28 rel=0.94 bal=-0.38 obs=234 hard=225 obsc=237 yr=  0  nz=0.06 flt=0.04 dmap=+0/-0 shz=4.0 plan=7 cmd=(lx=+0.00,ly=+0.40,rx=+0.00)
  t= 78.3 DWA-F pos=(-4.59,+1.91) yaw=+119.4 d=1.14 goal_err=-22 carrot_err= -16 c0=0.79 clear=0.53 prog=0.30 rel=0.93 bal=-0.39 obs=234 hard=227 obsc=238 yr=  0G nz=0.07 flt=0.00 dmap=+0/-0 shz=4.0 plan=7 cmd=(lx=+0.00,ly=+0.40,rx=+0.00)
  t= 78.7 DWA-F pos=(-4.60,+1.93) yaw=+117.8 d=1.11 goal_err=-21 carrot_err= -15 c0=0.76 clear=0.51 prog=0.28 rel=0.92 bal=-0.39 obs=231 hard=223 obsc=235 yr=  0  nz=0.08 flt=0.02 dmap=+0/-0 shz=4.0 plan=7 cmd=(lx=+0.00,ly=+0.40,rx=+0.00)
  t= 79.2 DWA-F pos=(-4.62,+1.97) yaw=+117.8 d=1.07 goal_err=-22 carrot_err= -16 c0=1.00 clear=0.67 prog=0.29 rel=0.92 bal=-0.47 obs=232 hard=224 obsc=236 yr=  0  nz=0.08 flt=0.01 dmap=+1/-1 shz=4.0 plan=6 cmd=(lx=+0.00,ly=+0.40,rx=+0.00)
  t= 79.6 DWA-F pos=(-4.64,+2.01) yaw=+117.8 d=1.03 goal_err=-23 carrot_err= -16 c0=0.96 clear=0.64 prog=0.28 rel=0.83 bal=-0.48 obs=234 hard=225 obsc=237 yr=  0  nz=0.17 flt=0.01 dmap=+2/-0 shz=4.0 plan=6 cmd=(lx=+0.00,ly=+0.40,rx=+0.00)
  t= 80.0 DWA-F pos=(-4.66,+2.04) yaw=+117.8 d=1.00 goal_err=-24 carrot_err= -17 c0=1.35 clear=0.90 prog=0.26 rel=0.84 bal=-0.49 obs=233 hard=225 obsc=236 yr=  0  nz=0.16 flt=0.02 dmap=+0/-0 shz=4.0 plan=6 cmd=(lx=+0.00,ly=+0.40,rx=+0.00)
  t= 80.5 DWA-F pos=(-4.68,+2.08) yaw=+117.8 d=0.97 goal_err=-25 carrot_err= -18 c0=1.31 clear=0.87 prog=0.28 rel=0.74 bal=-0.51 obs=232 hard=224 obsc=236 yr=  0  nz=0.26 flt=0.01 dmap=+0/-0 shz=4.0 plan=6 cmd=(lx=+0.00,ly=+0.40,rx=+0.00)
  t= 80.9 DWA-F pos=(-4.70,+2.11) yaw=+117.8 d=0.93 goal_err=-26 carrot_err= -21 c0=1.27 clear=0.84 prog=0.28 rel=0.73 bal=-0.45 obs=228 hard=221 obsc=232 yr=  0  nz=0.27 flt=0.00 dmap=+1/-1 shz=4.0 plan=6 cmd=(lx=+0.00,ly=+0.40,rx=+0.00)
  t= 81.4 DWA-F pos=(-4.72,+2.15) yaw=+117.8 d=0.89 goal_err=-27 carrot_err= -22 c0=1.22 clear=0.82 prog=0.28 rel=0.78 bal=-0.54 obs=228 hard=220 obsc=232 yr=  0  nz=0.22 flt=0.00 dmap=+0/-2 shz=4.0 plan=6 cmd=(lx=+0.00,ly=+0.40,rx=+0.00)
  t= 81.8 DWA-F pos=(-4.74,+2.19) yaw=+117.8 d=0.85 goal_err=-28 carrot_err= -23 c0=1.18 clear=0.79 prog=0.28 rel=0.91 bal=-0.54 obs=230 hard=220 obsc=232 yr=  0  nz=0.09 flt=0.00 dmap=+1/-0 shz=4.0 plan=6 cmd=(lx=+0.00,ly=+0.40,rx=+0.00)
  t= 82.3 DWA-F pos=(-4.75,+2.22) yaw=+117.8 d=0.82 goal_err=-29 carrot_err= -24 c0=1.15 clear=0.77 prog=0.28 rel=0.93 bal=-0.44 obs=230 hard=220 obsc=232 yr=  0  nz=0.07 flt=0.00 dmap=+0/-0 shz=4.0 plan=5 cmd=(lx=+0.00,ly=+0.40,rx=+0.00)
  t= 82.7 DWA-F pos=(-4.77,+2.26) yaw=+117.8 d=0.78 goal_err=-31 carrot_err= -26 c0=1.11 clear=0.74 prog=0.28 rel=0.92 bal=-0.43 obs=233 hard=225 obsc=235 yr=  0  nz=0.08 flt=0.00 dmap=+3/-0 shz=4.0 plan=5 cmd=(lx=+0.00,ly=+0.40,rx=+0.00)
  t= 83.1 DWA-F pos=(-4.79,+2.30) yaw=+117.8 d=0.74 goal_err=-33 carrot_err= -27 c0=1.07 clear=0.71 prog=0.27 rel=0.93 bal=-0.42 obs=233 hard=225 obsc=235 yr=  0  nz=0.07 flt=0.02 dmap=+1/-0 shz=4.0 plan=5 cmd=(lx=+0.00,ly=+0.40,rx=+0.00)
  t= 83.6 DWA-F pos=(-4.81,+2.34) yaw=+117.8 d=0.71 goal_err=-35 carrot_err= -29 c0=1.03 clear=0.69 prog=0.27 rel=0.92 bal=-0.42 obs=232 hard=225 obsc=235 yr=  0G nz=0.08 flt=0.00 dmap=+0/-0 shz=4.0 plan=4 cmd=(lx=+0.00,ly=+0.40,rx=+0.45)
  t= 84.1 DWA-F pos=(-4.83,+2.38) yaw=+114.5 d=0.67 goal_err=-33 carrot_err= -28 c0=1.00 clear=0.67 prog=0.28 rel=0.94 bal=-0.42 obs=231 hard=223 obsc=235 yr=  0  nz=0.06 flt=0.01 dmap=+1/-0 shz=4.0 plan=4 cmd=(lx=+0.00,ly=+0.40,rx=+0.00)
  t= 84.5 DWA-F pos=(-4.85,+2.42) yaw=+111.3 d=0.63 goal_err=-32 carrot_err= -26 c0=0.95 clear=0.64 prog=0.28 rel=0.92 bal=-0.42 obs=232 hard=224 obsc=234 yr= 14  nz=0.08 flt=0.05 dmap=+0/-0 shz=4.0 plan=4 cmd=(lx=+0.00,ly=+0.40,rx=+0.00)
  t= 85.0 DWA-F pos=(-4.87,+2.46) yaw=+109.7 d=0.60 goal_err=-33 carrot_err= -27 c0=0.91 clear=0.61 prog=0.27 rel=0.91 bal=-0.41 obs=225 hard=217 obsc=229 yr= 14G nz=0.09 flt=0.00 dmap=+0/-0 shz=4.0 plan=4 cmd=(lx=+0.00,ly=+0.40,rx=+0.00)
  t= 85.4 DWA-F pos=(-4.88,+2.50) yaw=+108.1 d=0.56 goal_err=-34 carrot_err= -27 c0=0.87 clear=0.58 prog=0.27 rel=0.92 bal=-0.40 obs=232 hard=221 obsc=234 yr=  0G nz=0.08 flt=0.03 dmap=+0/-0 shz=4.0 plan=4 cmd=(lx=+0.00,ly=+0.40,rx=+0.45)
  t= 85.8 DWA-F pos=(-4.89,+2.53) yaw=+103.3 d=0.53 goal_err=-31 carrot_err= -24 c0=0.84 clear=0.56 prog=0.26 rel=0.92 bal=-0.40 obs=232 hard=221 obsc=234 yr= 15  nz=0.08 flt=0.01 dmap=+0/-0 shz=4.0 plan=4 cmd=(lx=+0.00,ly=+0.40,rx=+0.00)
  t= 86.3 DWA-F pos=(-4.90,+2.58) yaw=+101.7 d=0.49 goal_err=-32 carrot_err= -25 c0=0.96 clear=0.64 prog=0.26 rel=0.92 bal=-0.39 obs=228 hard=220 obsc=234 yr= 15G nz=0.08 flt=0.04 dmap=+0/-0 shz=4.0 plan=4 cmd=(lx=+0.00,ly=+0.28,rx=+0.45)
  t= 86.7 DWA-T pos=(-4.91,+2.62) yaw= +98.5 d=0.46 goal_err=-31 carrot_err= -24 c0=0.93 clear=0.62 prog=0.26 rel=0.92 bal=-0.38 obs=227 hard=216 obsc=231 yr=  0  nz=0.08 flt=0.01 dmap=+2/-3 shz=3.9 plan=3 cmd=(lx=+0.00,ly=+0.00,rx=+0.00)
  t= 87.2 DWA-T pos=(-4.91,+2.62) yaw= +98.5 d=0.46 goal_err=-31 carrot_err= -24 c0=0.93 clear=0.62 prog=0.20 rel=0.91 bal=-0.18 obs=225 hard=216 obsc=230 yr=  0  nz=0.10 flt=0.00 dmap=+0/-0 shz=4.0 plan=3 cmd=(lx=+0.00,ly=+0.00,rx=+0.00)
  t= 87.6 DWA-T pos=(-4.91,+2.62) yaw= +98.5 d=0.46 goal_err=-31 carrot_err= -24 c0=0.93 clear=0.62 prog=0.15 rel=0.91 bal=-0.18 obs=225 hard=216 obsc=230 yr=  0  nz=0.10 flt=0.00 dmap=+0/-0 shz=4.0 plan=3 cmd=(lx=+0.00,ly=+0.00,rx=+0.00)
  t= 88.0 BRK-BK pos=(-4.91,+2.62) yaw= +98.5 d=0.46 goal_err=-31 carrot_err= -24 c0=0.93 clear=0.62 prog=0.09 rel=0.91 bal=-0.18 obs=225 hard=216 obsc=230 yr=  0  nz=0.10 flt=0.00 dmap=+0/-0 shz=4.0 plan=0 cmd=(lx=+0.00,ly=-0.35,rx=+0.00)
  t= 88.5 BRK-TR pos=(-4.90,+2.59) yaw= +98.5 d=0.48 goal_err=-30 carrot_err= -23 c0=0.95 clear=0.63 prog=0.00 rel=0.91 bal=-0.18 obs=224 hard=215 obsc=227 yr=  0  nz=0.10 flt=0.00 dmap=+0/-1 shz=3.7 plan=0 cmd=(lx=+0.00,ly=+0.00,rx=+0.45)
  t= 88.9 BRK-TR pos=(-4.90,+2.57) yaw= +95.3 d=0.50 goal_err=-25 carrot_err= -18 c0=1.15 clear=0.77 prog=0.00 rel=0.97 bal=-0.18 obs=224 hard=215 obsc=227 yr= 15G nz=0.03 flt=0.08 dmap=+0/-0 shz=3.7 plan=0 cmd=(lx=+0.00,ly=+0.00,rx=+0.45)
  t= 89.4 BRK-TR pos=(-4.90,+2.57) yaw= +88.9 d=0.50 goal_err=-19 carrot_err= -12 c0=1.15 clear=0.77 prog=0.00 rel=0.79 bal=-0.19 obs=224 hard=216 obsc=227 yr= 14G nz=0.21 flt=0.12 dmap=+0/-0 shz=3.7 plan=0 cmd=(lx=+0.00,ly=+0.00,rx=+0.45)
  t= 89.8 BRK-TR pos=(-4.90,+2.57) yaw= +82.5 d=0.50 goal_err=-12 carrot_err=  -5 c0=1.08 clear=0.72 prog=0.00 rel=0.83 bal=-0.28 obs=225 hard=217 obsc=228 yr= 15G nz=0.17 flt=0.01 dmap=+0/-0 shz=3.7 plan=0 cmd=(lx=+0.00,ly=+0.00,rx=+0.45)
  t= 90.3 BRK-TR pos=(-4.90,+2.57) yaw= +77.6 d=0.50 goal_err=-7 carrot_err=  -1 c0=1.15 clear=0.77 prog=0.00 rel=0.84 bal=-0.33 obs=225 hard=217 obsc=228 yr= 15G nz=0.16 flt=0.06 dmap=+0/-0 shz=3.7 plan=0 cmd=(lx=+0.00,ly=+0.00,rx=+0.45)
  t= 90.7 BRK-TR pos=(-4.90,+2.57) yaw= +71.7 d=0.50 goal_err=-1 carrot_err=  +5 c0=1.09 clear=0.73 prog=0.00 rel=0.88 bal=-0.33 obs=225 hard=217 obsc=228 yr= 14G nz=0.12 flt=0.07 dmap=+0/-0 shz=3.7 plan=0 cmd=(lx=+0.00,ly=+0.00,rx=+0.45)
  t= 91.1 DWA-F pos=(-4.90,+2.57) yaw= +67.2 d=0.50 goal_err=+3 carrot_err= +10 c0=1.08 clear=0.72 prog=0.01 rel=0.95 bal=-0.33 obs=221 hard=209 obsc=223 yr=  0  nz=0.05 flt=0.01 dmap=+0/-0 shz=3.7 plan=3 cmd=(lx=+0.00,ly=+0.40,rx=+0.00)
  t= 91.6 DWA-T pos=(-4.89,+2.59) yaw= +67.2 d=0.48 goal_err=+3 carrot_err= +10 c0=1.06 clear=0.71 prog=0.05 rel=0.94 bal=-0.33 obs=220 hard=208 obsc=221 yr=  0  nz=0.06 flt=0.00 dmap=+0/-0 shz=3.7 plan=3 cmd=(lx=+0.00,ly=+0.00,rx=+0.00)
  t= 92.0 DWA-T pos=(-4.89,+2.60) yaw= +67.2 d=0.47 goal_err=+3 carrot_err= +11 c0=1.06 clear=0.70 prog=0.06 rel=0.96 bal=-0.33 obs=218 hard=206 obsc=219 yr=  0  nz=0.04 flt=0.00 dmap=+0/-0 shz=3.7 plan=3 cmd=(lx=+0.00,ly=+0.00,rx=+0.00)
  t= 92.5 DWA-T pos=(-4.89,+2.60) yaw= +67.2 d=0.47 goal_err=+3 carrot_err= +11 c0=1.06 clear=0.70 prog=0.06 rel=0.96 bal=-0.33 obs=218 hard=206 obsc=219 yr=  0  nz=0.04 flt=0.00 dmap=+0/-0 shz=3.7 plan=3 cmd=(lx=+0.00,ly=+0.00,rx=+0.00)
  t= 92.9 BRK-BK pos=(-4.89,+2.60) yaw= +67.2 d=0.47 goal_err=+3 carrot_err= +11 c0=1.06 clear=0.70 prog=0.06 rel=0.96 bal=-0.33 obs=218 hard=206 obsc=219 yr=  0  nz=0.04 flt=0.00 dmap=+0/-0 shz=3.7 plan=0 cmd=(lx=+0.00,ly=-0.35,rx=+0.00)
  t= 93.3 BRK-TR pos=(-4.90,+2.56) yaw= +67.2 d=0.51 goal_err=+3 carrot_err= +10 c0=1.09 clear=0.73 prog=0.00 rel=0.99 bal=-0.33 obs=213 hard=205 obsc=215 yr=  0  nz=0.01 flt=0.04 dmap=+0/-3 shz=3.4 plan=0 cmd=(lx=+0.00,ly=+0.00,rx=+0.45)
  t= 93.8 BRK-TR pos=(-4.91,+2.55) yaw= +62.7 d=0.52 goal_err=+7 carrot_err= +14 c0=1.10 clear=0.73 prog=0.00 rel=0.95 bal=-0.23 obs=213 hard=205 obsc=215 yr= 14G nz=0.05 flt=0.01 dmap=+0/-0 shz=3.5 plan=0 cmd=(lx=+0.00,ly=+0.00,rx=+0.45)
  t= 94.2 BRK-TR pos=(-4.91,+2.55) yaw= +58.3 d=0.52 goal_err=+12 carrot_err= +18 c0=1.10 clear=0.73 prog=0.00 rel=0.95 bal=-0.23 obs=213 hard=205 obsc=215 yr= 14G nz=0.05 flt=0.00 dmap=+0/-0 shz=3.4 plan=0 cmd=(lx=+0.00,ly=+0.00,rx=+0.45)
  t= 94.7 BRK-TR pos=(-4.91,+2.55) yaw= +52.3 d=0.52 goal_err=+18 carrot_err= +24 c0=1.10 clear=0.73 prog=0.00 rel=0.97 bal=-0.16 obs=213 hard=205 obsc=215 yr= 13G nz=0.03 flt=0.01 dmap=+0/-0 shz=3.5 plan=0 cmd=(lx=+0.00,ly=+0.00,rx=+0.45)
  t= 95.1 BRK-TR pos=(-4.91,+2.55) yaw= +47.9 d=0.52 goal_err=+22 carrot_err= +29 c0=1.10 clear=0.73 prog=0.00 rel=0.99 bal=-0.16 obs=213 hard=205 obsc=215 yr= 14G nz=0.01 flt=0.00 dmap=+0/-0 shz=3.4 plan=0 cmd=(lx=+0.00,ly=+0.00,rx=+0.45)
  t= 95.5 BRK-TR pos=(-4.91,+2.55) yaw= +41.9 d=0.52 goal_err=+28 carrot_err= +35 c0=1.10 clear=0.73 prog=0.00 rel=0.99 bal=-0.05 obs=213 hard=205 obsc=215 yr= 14G nz=0.01 flt=0.00 dmap=+0/-0 shz=3.5 plan=0 cmd=(lx=+0.00,ly=+0.00,rx=+0.45)
  t= 96.0 DWA-F pos=(-4.90,+2.56) yaw= +38.9 d=0.51 goal_err=+32 carrot_err= +38 c0=1.10 clear=0.73 prog=0.01 rel=0.99 bal=-0.05 obs=214 hard=206 obsc=216 yr= 13G nz=0.01 flt=0.00 dmap=+0/-0 shz=3.4 plan=3 cmd=(lx=+0.00,ly=+0.28,rx=-0.45)
  t= 96.4 DWA-F pos=(-4.88,+2.58) yaw= +44.9 d=0.49 goal_err=+27 carrot_err= +35 c0=1.07 clear=0.71 prog=0.05 rel=0.93 bal=-0.16 obs=215 hard=207 obsc=217 yr= 13G nz=0.04 flt=0.01 dmap=+0/-0 shz=3.5 plan=3 cmd=(lx=+0.00,ly=+0.28,rx=-0.45)
  t= 96.8 DWA-T pos=(-4.86,+2.59) yaw= +49.3 d=0.47 goal_err=+24 carrot_err= +32 c0=1.05 clear=0.70 prog=0.08 rel=0.95 bal=-0.16 obs=209 hard=197 obsc=210 yr=  0  nz=0.05 flt=0.04 dmap=+0/-6 shz=3.5 plan=3 cmd=(lx=+0.00,ly=+0.00,rx=+0.00)
  t= 97.3 DWA-T pos=(-4.86,+2.60) yaw= +50.8 d=0.46 goal_err=+23 carrot_err= +31 c0=1.04 clear=0.69 prog=0.09 rel=0.93 bal=-0.18 obs=209 hard=197 obsc=210 yr=  0  nz=0.07 flt=0.00 dmap=+0/-0 shz=3.5 plan=3 cmd=(lx=+0.00,ly=+0.00,rx=+0.00)

  >>> MODO AGRESIVO ON (12s sin acercarse a B): reduzco inflado y holgura (min seguridad 0.24m) para cruzar la puerta.
  t= 97.7 AGR-DWA-T pos=(-4.86,+2.60) yaw= +50.8 d=0.46 goal_err=+23 carrot_err= +31 c0=1.04 clear=0.69 prog=0.09 rel=0.93 bal=-0.18 obs=209 hard=197 obsc=210 yr=  0  nz=0.07 flt=0.00 dmap=+0/-0 shz=3.5 plan=3 cmd=(lx=+0.00,ly=+0.00,rx=+0.00)
  t= 98.2 AGR-BRK-BK pos=(-4.86,+2.60) yaw= +50.8 d=0.46 goal_err=+23 carrot_err= +31 c0=1.04 clear=0.69 prog=0.06 rel=0.93 bal=-0.18 obs=209 hard=197 obsc=210 yr=  0  nz=0.07 flt=0.00 dmap=+0/-0 shz=3.5 plan=0 cmd=(lx=+0.00,ly=-0.35,rx=+0.00)
  t= 98.6 AGR-BRK-TR pos=(-4.88,+2.58) yaw= +50.8 d=0.49 goal_err=+22 carrot_err= +29 c0=1.07 clear=0.71 prog=0.00 rel=0.99 bal=-0.16 obs=207 hard=195 obsc=208 yr=  0  nz=0.01 flt=0.03 dmap=+0/-1 shz=3.3 plan=0 cmd=(lx=+0.00,ly=+0.00,rx=+0.45)
  t= 99.0 AGR-BRK-TR pos=(-4.89,+2.56) yaw= +47.9 d=0.51 goal_err=+24 carrot_err= +30 c0=1.09 clear=0.73 prog=0.00 rel=0.95 bal=-0.15 obs=207 hard=195 obsc=208 yr= 14G nz=0.05 flt=0.01 dmap=+0/-0 shz=3.3 plan=0 cmd=(lx=+0.00,ly=+0.00,rx=+0.45)
  t= 99.5 AGR-BRK-TR pos=(-4.89,+2.56) yaw= +41.9 d=0.51 goal_err=+30 carrot_err= +36 c0=1.09 clear=0.73 prog=0.00 rel=0.96 bal=-0.04 obs=207 hard=196 obsc=208 yr= 13G nz=0.04 flt=0.00 dmap=+0/-0 shz=3.3 plan=0 cmd=(lx=+0.00,ly=+0.00,rx=+0.45)
  t= 99.9 AGR-BRK-TR pos=(-4.89,+2.56) yaw= +37.4 d=0.51 goal_err=+34 carrot_err= +41 c0=1.09 clear=0.73 prog=0.00 rel=0.96 bal=-0.04 obs=207 hard=196 obsc=208 yr= 14G nz=0.04 flt=0.00 dmap=+0/-0 shz=3.3 plan=0 cmd=(lx=+0.00,ly=+0.00,rx=+0.45)
  t=100.4 AGR-BRK-TR pos=(-4.89,+2.56) yaw= +31.5 d=0.51 goal_err=+40 carrot_err= +47 c0=1.09 clear=0.73 prog=0.00 rel=0.99 bal=+0.02 obs=207 hard=196 obsc=208 yr= 13G nz=0.01 flt=0.00 dmap=+0/-0 shz=3.3 plan=0 cmd=(lx=+0.00,ly=+0.00,rx=+0.45)
  t=100.8 AGR-BRK-TR pos=(-4.89,+2.56) yaw= +25.5 d=0.51 goal_err=+46 carrot_err= +53 c0=1.23 clear=0.82 prog=0.00 rel=0.99 bal=+0.02 obs=207 hard=196 obsc=208 yr= 14G nz=0.01 flt=0.03 dmap=+0/-0 shz=3.3 plan=0 cmd=(lx=+0.00,ly=+0.00,rx=+0.45)
  t=101.2 AGR-DWA-F pos=(-4.89,+2.56) yaw= +21.0 d=0.51 goal_err=+50 carrot_err= +57 c0=1.23 clear=0.82 prog=0.00 rel=0.90 bal=+0.07 obs=207 hard=196 obsc=208 yr= 13G nz=0.10 flt=0.01 dmap=+0/-0 shz=3.3 plan=3 cmd=(lx=+0.00,ly=+0.28,rx=-0.45)
  t=101.7 AGR-DWA-F pos=(-4.87,+2.56) yaw= +24.0 d=0.50 goal_err=+49 carrot_err= +57 c0=1.21 clear=0.81 prog=0.02 rel=0.89 bal=+0.03 obs=207 hard=196 obsc=208 yr= 13G nz=0.11 flt=0.12 dmap=+0/-0 shz=3.3 plan=3 cmd=(lx=+0.00,ly=+0.28,rx=-0.45)
  t=102.1 AGR-DWA-F pos=(-4.85,+2.58) yaw= +30.0 d=0.48 goal_err=+46 carrot_err= +54 c0=1.05 clear=0.70 prog=0.05 rel=0.87 bal=+0.04 obs=207 hard=196 obsc=208 yr= 14G nz=0.13 flt=0.03 dmap=+0/-0 shz=3.3 plan=3 cmd=(lx=+0.00,ly=+0.28,rx=-0.45)
  t=102.6 AGR-DWA-F pos=(-4.82,+2.59) yaw= +35.9 d=0.46 goal_err=+42 carrot_err= +51 c0=1.02 clear=0.68 prog=0.09 rel=0.79 bal=+0.04 obs=208 hard=197 obsc=209 yr= 13G nz=0.17 flt=0.20 dmap=+0/-0 shz=3.3 plan=3 cmd=(lx=+0.00,ly=+0.28,rx=-0.45)
  t=103.0 AGR-DWA-F pos=(-4.81,+2.60) yaw= +40.4 d=0.44 goal_err=+40 carrot_err= +49 c0=1.00 clear=0.67 prog=0.11 rel=0.86 bal=+0.04 obs=208 hard=198 obsc=209 yr= 13G nz=0.14 flt=0.08 dmap=+0/-0 shz=3.3 plan=3 cmd=(lx=+0.00,ly=+0.28,rx=-0.45)
  t=103.4 AGR-DWA-F pos=(-4.79,+2.62) yaw= +46.4 d=0.42 goal_err=+36 carrot_err= +46 c0=0.97 clear=0.65 prog=0.14 rel=0.91 bal=-0.01 obs=209 hard=199 obsc=210 yr= 13G nz=0.08 flt=0.04 dmap=+0/-0 shz=3.3 plan=3 cmd=(lx=+0.00,ly=+0.28,rx=-0.45)
  t=103.9 AGR-DWA-F pos=(-4.77,+2.64) yaw= +52.3 d=0.40 goal_err=+32 carrot_err= +43 c0=0.95 clear=0.63 prog=0.15 rel=0.91 bal=+0.07 obs=211 hard=201 obsc=212 yr= 14G nz=0.07 flt=0.06 dmap=+0/-0 shz=3.3 plan=3 cmd=(lx=+0.00,ly=+0.28,rx=-0.45)
  t=104.3 AGR-DWA-T pos=(-4.75,+2.67) yaw= +58.3 d=0.37 goal_err=+28 carrot_err= +40 c0=0.92 clear=0.61 prog=0.16 rel=0.93 bal=-0.10 obs=211 hard=201 obsc=212 yr= 13G nz=0.07 flt=0.04 dmap=+0/-0 shz=3.3 plan=3 cmd=(lx=+0.00,ly=+0.00,rx=+0.00)
  t=104.8 AGR-DWA-T pos=(-4.75,+2.67) yaw= +59.8 d=0.37 goal_err=+27 carrot_err= +39 c0=0.91 clear=0.61 prog=0.14 rel=0.93 bal=-0.10 obs=196 hard=184 obsc=202 yr=  0  nz=0.07 flt=0.02 dmap=+0/-0 shz=3.3 plan=3 cmd=(lx=+0.00,ly=+0.00,rx=+0.00)
  t=105.2 AGR-DWA-T pos=(-4.75,+2.67) yaw= +59.8 d=0.37 goal_err=+27 carrot_err= +39 c0=0.91 clear=0.61 prog=0.10 rel=0.93 bal=-0.10 obs=196 hard=184 obsc=202 yr=  0  nz=0.07 flt=0.02 dmap=+0/-0 shz=3.3 plan=3 cmd=(lx=+0.00,ly=+0.00,rx=+0.00)
  t=105.7 AGR-DWA-T pos=(-4.75,+2.67) yaw= +59.8 d=0.37 goal_err=+27 carrot_err= +39 c0=0.91 clear=0.61 prog=0.06 rel=0.93 bal=-0.10 obs=196 hard=184 obsc=202 yr=  0  nz=0.07 flt=0.02 dmap=+0/-0 shz=3.3 plan=0 cmd=(lx=+0.00,ly=+0.00,rx=+0.00)
  t=106.1 AGR-BRK-BK pos=(-4.76,+2.65) yaw= +59.8 d=0.39 goal_err=+26 carrot_err= +37 c0=0.93 clear=0.62 prog=0.00 rel=0.93 bal=-0.10 obs=196 hard=184 obsc=202 yr=  0  nz=0.07 flt=0.02 dmap=+0/-0 shz=3.3 plan=0 cmd=(lx=+0.00,ly=-0.35,rx=+0.00)
  t=106.6 AGR-BRK-TR pos=(-4.77,+2.63) yaw= +55.8 d=0.41 goal_err=+28 carrot_err= +38 c0=0.96 clear=0.64 prog=0.00 rel=0.98 bal=-0.02 obs=198 hard=186 obsc=204 yr= 36G nz=0.02 flt=0.02 dmap=+0/-0 shz=3.1 plan=0 cmd=(lx=+0.00,ly=+0.00,rx=+0.45)
  t=107.0 AGR-BRK-TR pos=(-4.77,+2.63) yaw= +50.3 d=0.41 goal_err=+34 carrot_err= +44 c0=0.96 clear=0.64 prog=0.00 rel=0.97 bal=+0.07 obs=200 hard=189 obsc=206 yr= 14G nz=0.03 flt=0.02 dmap=+1/-0 shz=3.1 plan=0 cmd=(lx=+0.00,ly=+0.00,rx=+0.45)
  t=107.4 AGR-BRK-TR pos=(-4.77,+2.63) yaw= +44.3 d=0.41 goal_err=+40 carrot_err= +50 c0=0.96 clear=0.64 prog=0.00 rel=0.96 bal=+0.07 obs=200 hard=189 obsc=206 yr= 14G nz=0.04 flt=0.00 dmap=+0/-0 shz=3.1 plan=0 cmd=(lx=+0.00,ly=+0.00,rx=+0.45)
  t=107.9 AGR-BRK-TR pos=(-4.77,+2.63) yaw= +39.8 d=0.41 goal_err=+44 carrot_err= +54 c0=0.96 clear=0.64 prog=0.00 rel=0.97 bal=+0.12 obs=200 hard=189 obsc=206 yr= 13G nz=0.03 flt=0.01 dmap=+0/-0 shz=3.3 plan=0 cmd=(lx=+0.00,ly=+0.00,rx=+0.45)
  t=108.3 AGR-BRK-TR pos=(-4.77,+2.63) yaw= +35.4 d=0.41 goal_err=+49 carrot_err= +59 c0=0.96 clear=0.64 prog=0.00 rel=0.97 bal=+0.12 obs=200 hard=189 obsc=206 yr= 14G nz=0.03 flt=0.06 dmap=+0/-0 shz=3.3 plan=0 cmd=(lx=+0.00,ly=+0.00,rx=+0.45)
  t=108.7 AGR-DWA-F pos=(-4.77,+2.63) yaw= +29.4 d=0.41 goal_err=+55 carrot_err= +65 c0=0.96 clear=0.64 prog=0.00 rel=0.98 bal=+0.10 obs=200 hard=189 obsc=206 yr= 13G nz=0.02 flt=0.05 dmap=+0/-0 shz=3.3 plan=3 cmd=(lx=+0.00,ly=+0.28,rx=-0.45)
  t=109.2 AGR-DWA-F pos=(-4.75,+2.64) yaw= +35.4 d=0.40 goal_err=+52 carrot_err= +63 c0=0.93 clear=0.62 prog=0.03 rel=0.96 bal=+0.12 obs=200 hard=189 obsc=206 yr= 13G nz=0.04 flt=0.01 dmap=+0/-0 shz=3.3 plan=3 cmd=(lx=+0.00,ly=+0.28,rx=-0.45)
  t=109.6 AGR-DWA-F pos=(-4.73,+2.66) yaw= +41.3 d=0.38 goal_err=+49 carrot_err= +61 c0=0.91 clear=0.60 prog=0.06 rel=0.96 bal=+0.13 obs=200 hard=189 obsc=206 yr= 13G nz=0.04 flt=0.07 dmap=+0/-0 shz=3.3 plan=3 cmd=(lx=+0.00,ly=+0.28,rx=-0.45)
  t=110.1 AGR-DWA-F pos=(-4.71,+2.68) yaw= +47.3 d=0.36 goal_err=+46 carrot_err= +59 c0=0.88 clear=0.59 prog=0.09 rel=0.94 bal=+0.13 obs=200 hard=189 obsc=206 yr= 13G nz=0.06 flt=0.01 dmap=+0/-0 shz=3.3 plan=3 cmd=(lx=+0.00,ly=+0.28,rx=-0.45)

  LLEGADO a 'B' (-4.73,+3.04); error=0.35 m, colisiones=0.
  [spill] derrames=0 E[N]=0.00 eta_max=0.92 riesgo=1.5%
  [dataset] travesia guardada -> /Users/adrianlendinezibanez/Claude/Projects/G1 ROBOT/dataset/20260708_135102_ours_B.json
  [stats] fila anadida -> /Users/adrianlendinezibanez/Claude/Projects/G1 ROBOT/dataset/runs_stats.csv

Fin goto.
  [META2-L2] estado guardado (meta2_state_abprof.json): Pl={'Efficient_Nav': 1.0, 'Cautious_Nav': 1.0} derrames_run=0
  backend grafico: TkAgg
>>> SIM ADAPTER: conectando a rosbridge ws://localhost:8765 ...
  esperando /odom (hasta 30s; el mundo del lab tarda en cargar)... ok
  /odom OK pose=(+0.99,+0.57) | /scan: OK
  escenario LAB: mapa/waypoints/puerta REALES (lab.world solo-paredes, frame G1)

>>> GOTO 'B' -> (-4.73,+3.04). Mando en mano (L2+B). Ctrl+C aborta.
    ENTORNO: SIM (id: lab_v1_ab_prof)  — esta run se registra como SIMULACION, no cuenta como run de robot
  Esperando pose localizada y primera nube... ok.
  FRAME-CHECK start=(+0.99,+0.57) wp_mas_cercano=A(+0.99,+0.57) offset=0.00m  -> frame OK (pose y waypoints alineados)
  [spill] payload de agua simulado (semilla=20260708_135832_ours_B.json)
  META2 ACTIVO (techo por analogia): Meta-Reasoner 2.0, analogia inicial Cautious_Nav

  !!!!!!!!!!!!!!!!!!!!!!!!!!!!!!!!!!!!!!!!!!!!!!!!!!!!!!!!!!!!!!!!!!!!!!!!!!
  !!  VISION OFF (G1_PERC sin definir) pero G1_NOVIS=1: navego SIN vision bajo tu responsabilidad.
  !!  La MESA invisible al LiDAR no se vera.
  !!!!!!!!!!!!!!!!!!!!!!!!!!!!!!!!!!!!!!!!!!!!!!!!!!!!!!!!!!!!!!!!!!!!!!!!!!

  mapa de referencia: 961 celdas | muebles estaticos (nav_map): 0 celdas | plan global: static
  t=  0.0 DWA-F pos=(+0.99,+0.57) yaw=-120.3 d=6.23 goal_err=-83 carrot_err= -62 c0=2.25 clear=1.00 prog=0.00 rel=1.00 bal=+0.19 obs=108 hard=108 obsc=108 yr=  0  nz=0.00 flt=0.19 dmap=+108/-0 shz=0.0 plan=34 cmd=(lx=+0.00,ly=+0.40,rx=+0.45)
  t=  0.4 DWA-F pos=(+0.97,+0.53) yaw=-125.1 d=6.22 goal_err=-79 carrot_err= -60 c0=2.21 clear=1.00 prog=0.05 rel=0.98 bal=+0.28 obs=111 hard=111 obsc=111 yr= 15G nz=0.02 flt=0.03 dmap=+0/-0 shz=4.7 plan=34 cmd=(lx=+0.00,ly=+0.40,rx=+0.45)
  t=  0.8 DWA-F pos=(+0.93,+0.48) yaw=-131.6 d=6.21 goal_err=-73 carrot_err= -57 c0=2.21 clear=1.00 prog=0.08 rel=0.97 bal=+0.40 obs=111 hard=111 obsc=111 yr= 16G nz=0.03 flt=0.10 dmap=+0/-0 shz=4.0 plan=34 cmd=(lx=+0.00,ly=+0.40,rx=+0.45)
  t=  1.3 DWA-F pos=(+0.89,+0.44) yaw=-138.0 d=6.19 goal_err=-67 carrot_err= -39 c0=2.23 clear=1.00 prog=0.11 rel=0.96 bal=+0.41 obs=111 hard=111 obsc=111 yr= 15G nz=0.04 flt=0.02 dmap=+0/-0 shz=3.9 plan=34 cmd=(lx=+0.00,ly=+0.40,rx=+0.45)
  t=  1.7 DWA-F pos=(+0.83,+0.39) yaw=-146.0 d=6.16 goal_err=-59 carrot_err= -34 c0=2.50 clear=1.00 prog=0.14 rel=0.84 bal=+0.42 obs=129 hard=129 obsc=154 yr= 14  nz=0.16 flt=0.10 dmap=+18/-0 shz=4.1 plan=33 cmd=(lx=+0.00,ly=+0.40,rx=+0.00)
  t=  2.2 DWA-F pos=(+0.78,+0.36) yaw=-146.0 d=6.13 goal_err=-60 carrot_err= -37 c0=2.50 clear=1.00 prog=0.17 rel=0.77 bal=+0.42 obs=142 hard=134 obsc=161 yr=  0G nz=0.23 flt=0.03 dmap=+0/-0 shz=3.9 plan=33 cmd=(lx=+0.00,ly=+0.40,rx=+0.45)
  t=  2.6 DWA-F pos=(+0.74,+0.34) yaw=-150.8 d=6.10 goal_err=-56 carrot_err= -34 c0=2.50 clear=1.00 prog=0.20 rel=0.83 bal=+0.43 obs=161 hard=138 obsc=170 yr=  0  nz=0.17 flt=0.02 dmap=+0/-0 shz=4.1 plan=33 cmd=(lx=+0.00,ly=+0.40,rx=+0.00)
  t=  3.0 DWA-F pos=(+0.68,+0.30) yaw=-150.8 d=6.06 goal_err=-56 carrot_err= -36 c0=2.50 clear=1.00 prog=0.23 rel=0.84 bal=+0.44 obs=164 hard=140 obsc=169 yr=  0G nz=0.16 flt=0.00 dmap=+0/-0 shz=4.0 plan=33 cmd=(lx=+0.00,ly=+0.40,rx=+0.00)
  t=  3.5 DWA-F pos=(+0.63,+0.27) yaw=-152.8 d=6.03 goal_err=-54 carrot_err= -22 c0=2.50 clear=1.00 prog=0.25 rel=0.99 bal=+0.36 obs=168 hard=149 obsc=173 yr=  0  nz=0.01 flt=0.01 dmap=+4/-0 shz=4.1 plan=32 cmd=(lx=+0.00,ly=+0.40,rx=+0.00)
  t=  3.9 DWA-F pos=(+0.57,+0.25) yaw=-152.8 d=5.99 goal_err=-55 carrot_err= -24 c0=2.50 clear=1.00 prog=0.25 rel=0.99 bal=+0.37 obs=169 hard=155 obsc=174 yr=  0  nz=0.01 flt=0.01 dmap=+0/-0 shz=4.0 plan=32 cmd=(lx=+0.00,ly=+0.40,rx=+0.00)
  t=  4.3 DWA-F pos=(+0.52,+0.22) yaw=-152.8 d=5.96 goal_err=-55 carrot_err= -26 c0=2.50 clear=1.00 prog=0.26 rel=0.99 bal=+0.38 obs=176 hard=162 obsc=180 yr=  0  nz=0.01 flt=0.00 dmap=+0/-0 shz=4.0 plan=32 cmd=(lx=+0.00,ly=+0.40,rx=+0.00)
  t=  4.8 DWA-F pos=(+0.45,+0.19) yaw=-152.8 d=5.92 goal_err=-56 carrot_err= -28 c0=2.50 clear=1.00 prog=0.29 rel=0.99 bal=+0.40 obs=177 hard=166 obsc=180 yr=  0  nz=0.01 flt=0.00 dmap=+1/-0 shz=4.0 plan=31 cmd=(lx=+0.00,ly=+0.40,rx=+0.00)
  t=  5.2 DWA-F pos=(+0.40,+0.16) yaw=-152.8 d=5.88 goal_err=-57 carrot_err= -30 c0=2.50 clear=1.00 prog=0.28 rel=0.99 bal=+0.41 obs=177 hard=164 obsc=181 yr=  0  nz=0.01 flt=0.02 dmap=+0/-0 shz=4.0 plan=31 cmd=(lx=+0.00,ly=+0.40,rx=+0.00)
  t=  5.6 DWA-F pos=(+0.35,+0.13) yaw=-152.8 d=5.85 goal_err=-57 carrot_err= -33 c0=2.47 clear=1.00 prog=0.27 rel=0.98 bal=+0.42 obs=177 hard=168 obsc=183 yr=  0  nz=0.02 flt=0.01 dmap=+0/-0 shz=4.0 plan=31 cmd=(lx=+0.00,ly=+0.40,rx=+0.00)
  t=  6.1 DWA-F pos=(+0.29,+0.10) yaw=-152.8 d=5.82 goal_err=-58 carrot_err= -21 c0=2.42 clear=1.00 prog=0.27 rel=0.96 bal=+0.43 obs=178 hard=168 obsc=182 yr=  0  nz=0.04 flt=0.01 dmap=+0/-1 shz=4.0 plan=31 cmd=(lx=+0.00,ly=+0.40,rx=+0.00)
  t=  6.5 DWA-F pos=(+0.24,+0.08) yaw=-152.8 d=5.79 goal_err=-58 carrot_err= -22 c0=2.49 clear=1.00 prog=0.26 rel=0.93 bal=+0.36 obs=181 hard=173 obsc=185 yr=  0  nz=0.07 flt=0.01 dmap=+2/-1 shz=4.0 plan=30 cmd=(lx=+0.00,ly=+0.40,rx=+0.00)
  t=  6.9 DWA-F pos=(+0.20,+0.06) yaw=-152.8 d=5.76 goal_err=-58 carrot_err= -23 c0=2.45 clear=1.00 prog=0.23 rel=0.94 bal=+0.36 obs=182 hard=174 obsc=185 yr=  0  nz=0.06 flt=0.00 dmap=+0/-0 shz=4.0 plan=30 cmd=(lx=+0.00,ly=+0.40,rx=+0.00)
  t=  7.4 DWA-F pos=(+0.16,+0.04) yaw=-152.8 d=5.74 goal_err=-59 carrot_err= -25 c0=2.41 clear=1.00 prog=0.22 rel=0.94 bal=+0.37 obs=181 hard=174 obsc=186 yr=  0  nz=0.07 flt=0.00 dmap=+0/-0 shz=4.0 plan=30 cmd=(lx=+0.00,ly=+0.40,rx=+0.00)
  t=  7.8 DWA-F pos=(+0.11,+0.01) yaw=-152.8 d=5.71 goal_err=-59 carrot_err= -26 c0=2.36 clear=1.00 prog=0.21 rel=0.93 bal=+0.37 obs=182 hard=174 obsc=186 yr=  0  nz=0.07 flt=0.00 dmap=+1/-0 shz=4.0 plan=30 cmd=(lx=+0.00,ly=+0.40,rx=+0.00)
  t=  8.2 DWA-F pos=(+0.07,-0.01) yaw=-152.8 d=5.69 goal_err=-60 carrot_err= -28 c0=2.32 clear=1.00 prog=0.19 rel=0.92 bal=+0.36 obs=184 hard=178 obsc=189 yr=  0  nz=0.08 flt=0.00 dmap=+3/-1 shz=4.0 plan=30 cmd=(lx=+0.00,ly=+0.40,rx=+0.00)
  t=  8.7 DWA-F pos=(+0.03,-0.03) yaw=-152.8 d=5.67 goal_err=-60 carrot_err= -29 c0=2.28 clear=1.00 prog=0.19 rel=0.92 bal=+0.37 obs=184 hard=177 obsc=188 yr=  0  nz=0.08 flt=0.00 dmap=+0/-0 shz=4.0 plan=30 cmd=(lx=+0.00,ly=+0.40,rx=+0.00)
  t=  9.1 DWA-F pos=(-0.01,-0.05) yaw=-152.8 d=5.65 goal_err=-60 carrot_err= -31 c0=2.24 clear=1.00 prog=0.18 rel=0.93 bal=+0.39 obs=184 hard=178 obsc=189 yr=  0  nz=0.07 flt=0.00 dmap=+0/-0 shz=4.0 plan=30 cmd=(lx=+0.00,ly=+0.40,rx=+0.00)
  t=  9.5 DWA-F pos=(-0.06,-0.08) yaw=-152.8 d=5.62 goal_err=-61 carrot_err= -33 c0=2.19 clear=1.00 prog=0.19 rel=0.92 bal=+0.41 obs=184 hard=175 obsc=187 yr=  0  nz=0.08 flt=0.01 dmap=+0/-0 shz=4.0 plan=29 cmd=(lx=+0.00,ly=+0.40,rx=+0.00)
  t= 10.0 DWA-F pos=(-0.09,-0.10) yaw=-152.8 d=5.60 goal_err=-61 carrot_err= -35 c0=2.20 clear=1.00 prog=0.18 rel=0.94 bal=+0.43 obs=185 hard=176 obsc=187 yr=  0  nz=0.06 flt=0.02 dmap=+0/-0 shz=4.0 plan=29 cmd=(lx=+0.00,ly=+0.40,rx=+0.00)
  t= 10.4 DWA-F pos=(-0.13,-0.12) yaw=-152.8 d=5.58 goal_err=-62 carrot_err= -35 c0=2.16 clear=1.00 prog=0.18 rel=0.94 bal=+0.43 obs=187 hard=176 obsc=189 yr=  0  nz=0.06 flt=0.00 dmap=+0/-0 shz=4.0 plan=29 cmd=(lx=+0.00,ly=+0.40,rx=+0.00)
  t= 10.8 DWA-F pos=(-0.17,-0.14) yaw=-152.8 d=5.55 goal_err=-62 carrot_err= -37 c0=2.11 clear=1.00 prog=0.17 rel=0.94 bal=+0.43 obs=188 hard=178 obsc=192 yr=  0  nz=0.06 flt=0.02 dmap=+0/-1 shz=4.0 plan=28 cmd=(lx=+0.00,ly=+0.40,rx=+0.00)
  t= 11.3 DWA-F pos=(-0.22,-0.16) yaw=-152.8 d=5.53 goal_err=-63 carrot_err= -39 c0=2.06 clear=1.00 prog=0.17 rel=0.91 bal=+0.43 obs=188 hard=178 obsc=192 yr=  0G nz=0.09 flt=0.00 dmap=+0/-0 shz=4.0 plan=28 cmd=(lx=+0.00,ly=+0.40,rx=+0.45)
  t= 11.7 DWA-F pos=(-0.26,-0.18) yaw=-156.0 d=5.51 goal_err=-60 carrot_err= -38 c0=2.01 clear=1.00 prog=0.17 rel=0.91 bal=+0.43 obs=187 hard=179 obsc=191 yr=  0  nz=0.09 flt=0.01 dmap=+0/-0 shz=4.0 plan=28 cmd=(lx=+0.00,ly=+0.40,rx=+0.45)
  t= 12.1 DWA-F pos=(-0.30,-0.20) yaw=-159.2 d=5.48 goal_err=-57 carrot_err= -37 c0=1.97 clear=1.00 prog=0.17 rel=0.92 bal=+0.44 obs=197 hard=187 obsc=200 yr=  0  nz=0.08 flt=0.15 dmap=+0/-0 shz=4.0 plan=28 cmd=(lx=+0.00,ly=+0.40,rx=+0.00)
  t= 12.6 DWA-F pos=(-0.35,-0.21) yaw=-159.2 d=5.46 goal_err=-57 carrot_err= -35 c0=1.93 clear=1.00 prog=0.18 rel=0.92 bal=+0.44 obs=197 hard=192 obsc=201 yr=  0  nz=0.09 flt=0.01 dmap=+2/-1 shz=4.0 plan=27 cmd=(lx=+0.00,ly=+0.40,rx=+0.00)
  t= 13.0 DWA-F pos=(-0.40,-0.23) yaw=-159.2 d=5.43 goal_err=-58 carrot_err= -37 c0=1.87 clear=1.00 prog=0.20 rel=0.93 bal=+0.50 obs=198 hard=191 obsc=200 yr=  0  nz=0.07 flt=0.00 dmap=+0/-0 shz=4.0 plan=27 cmd=(lx=+0.00,ly=+0.40,rx=+0.00)
  t= 13.4 DWA-F pos=(-0.44,-0.25) yaw=-160.8 d=5.41 goal_err=-57 carrot_err= -37 c0=1.83 clear=1.00 prog=0.19 rel=0.92 bal=+0.50 obs=200 hard=191 obsc=202 yr= 14G nz=0.08 flt=0.01 dmap=+0/-0 shz=4.0 plan=27 cmd=(lx=+0.00,ly=+0.40,rx=+0.00)
  t= 13.9 DWA-F pos=(-0.48,-0.26) yaw=-162.4 d=5.38 goal_err=-55 carrot_err= -38 c0=1.78 clear=1.00 prog=0.20 rel=0.91 bal=+0.51 obs=198 hard=191 obsc=202 yr=  0G nz=0.09 flt=0.00 dmap=+0/-0 shz=4.0 plan=27 cmd=(lx=+0.00,ly=+0.40,rx=+0.45)
  t= 14.3 DWA-F pos=(-0.54,-0.28) yaw=-165.6 d=5.35 goal_err=-53 carrot_err= -37 c0=1.73 clear=1.00 prog=0.21 rel=0.92 bal=+0.51 obs=200 hard=194 obsc=202 yr=  0  nz=0.08 flt=0.01 dmap=+0/-0 shz=4.0 plan=27 cmd=(lx=+0.00,ly=+0.40,rx=+0.45)
  t= 14.7 DWA-F pos=(-0.58,-0.29) yaw=-170.5 d=5.32 goal_err=-48 carrot_err= -34 c0=1.69 clear=1.00 prog=0.22 rel=0.91 bal=+0.52 obs=200 hard=194 obsc=202 yr= 15  nz=0.09 flt=0.04 dmap=+0/-0 shz=4.0 plan=27 cmd=(lx=+0.00,ly=+0.40,rx=+0.00)
  t= 15.2 DWA-F pos=(-0.62,-0.30) yaw=-170.5 d=5.29 goal_err=-49 carrot_err= -37 c0=1.65 clear=1.00 prog=0.22 rel=0.92 bal=+0.47 obs=200 hard=195 obsc=204 yr=  0  nz=0.08 flt=0.00 dmap=+0/-0 shz=4.0 plan=27 cmd=(lx=+0.00,ly=+0.40,rx=+0.45)
  t= 15.6 DWA-F pos=(-0.67,-0.30) yaw=-175.3 d=5.26 goal_err=-44 carrot_err= -39 c0=1.87 clear=1.00 prog=0.23 rel=0.93 bal=+0.52 obs=201 hard=196 obsc=205 yr= 15G nz=0.07 flt=0.25 dmap=+1/-0 shz=4.0 plan=26 cmd=(lx=+0.00,ly=+0.40,rx=+0.45)
  t= 16.0 DWA-F pos=(-0.72,-0.30) yaw=+179.9 d=5.22 goal_err=-40 carrot_err= -37 c0=1.82 clear=1.00 prog=0.25 rel=0.86 bal=+0.53 obs=206 hard=197 obsc=215 yr=  0  nz=0.14 flt=0.07 dmap=+1/-0 shz=4.0 plan=26 cmd=(lx=+0.00,ly=+0.40,rx=+0.00)
  t= 16.5 DWA-F pos=(-0.77,-0.30) yaw=+179.9 d=5.19 goal_err=-40 carrot_err= -38 c0=1.78 clear=1.00 prog=0.25 rel=0.85 bal=+0.51 obs=205 hard=196 obsc=216 yr=  0  nz=0.15 flt=0.00 dmap=+0/-0 shz=4.0 plan=26 cmd=(lx=+0.00,ly=+0.40,rx=+0.45)
  t= 16.9 DWA-F pos=(-0.81,-0.30) yaw=+176.7 d=5.15 goal_err=-37 carrot_err= -29 c0=1.92 clear=1.00 prog=0.26 rel=0.90 bal=+0.51 obs=206 hard=198 obsc=215 yr=  0  nz=0.10 flt=0.00 dmap=+0/-0 shz=4.0 plan=25 cmd=(lx=+0.00,ly=+0.40,rx=+0.00)
  t= 17.3 DWA-F pos=(-0.87,-0.30) yaw=+176.7 d=5.11 goal_err=-38 carrot_err= -31 c0=1.94 clear=1.00 prog=0.29 rel=0.90 bal=+0.49 obs=202 hard=198 obsc=214 yr=  0  nz=0.10 flt=0.01 dmap=+0/-3 shz=4.0 plan=25 cmd=(lx=+0.00,ly=+0.40,rx=+0.00)
  t= 17.8 DWA-F pos=(-0.91,-0.30) yaw=+176.7 d=5.07 goal_err=-38 carrot_err= -35 c0=1.89 clear=1.00 prog=0.28 rel=0.89 bal=+0.48 obs=201 hard=196 obsc=211 yr=  0  nz=0.12 flt=0.01 dmap=+0/-1 shz=4.0 plan=25 cmd=(lx=+0.00,ly=+0.40,rx=+0.00)
  t= 18.2 DWA-F pos=(-0.95,-0.29) yaw=+176.7 d=5.04 goal_err=-38 carrot_err= -36 c0=1.85 clear=1.00 prog=0.28 rel=0.95 bal=+0.46 obs=202 hard=196 obsc=212 yr=  0  nz=0.05 flt=0.00 dmap=+0/-0 shz=4.0 plan=25 cmd=(lx=+0.00,ly=+0.40,rx=+0.00)
  t= 18.6 DWA-F pos=(-1.00,-0.29) yaw=+176.7 d=5.00 goal_err=-38 carrot_err= -38 c0=1.80 clear=1.00 prog=0.28 rel=0.93 bal=+0.29 obs=203 hard=196 obsc=212 yr=  0  nz=0.07 flt=0.00 dmap=+0/-0 shz=4.0 plan=24 cmd=(lx=+0.00,ly=+0.40,rx=+0.00)
  t= 19.1 DWA-F pos=(-1.05,-0.29) yaw=+175.1 d=4.96 goal_err=-37 carrot_err= -38 c0=1.75 clear=1.00 prog=0.28 rel=0.91 bal=+0.28 obs=202 hard=196 obsc=212 yr= 15G nz=0.09 flt=0.11 dmap=+0/-0 shz=4.0 plan=24 cmd=(lx=+0.00,ly=+0.40,rx=+0.00)
  t= 19.5 DWA-F pos=(-1.10,-0.28) yaw=+173.5 d=4.92 goal_err=-36 carrot_err= -38 c0=1.70 clear=1.00 prog=0.28 rel=0.90 bal=+0.26 obs=204 hard=197 obsc=214 yr=  0  nz=0.10 flt=0.00 dmap=+0/-0 shz=4.0 plan=24 cmd=(lx=+0.00,ly=+0.40,rx=+0.45)
  t= 19.9 DWA-F pos=(-1.14,-0.28) yaw=+170.3 d=4.89 goal_err=-33 carrot_err= -29 c0=1.66 clear=1.00 prog=0.28 rel=0.91 bal=+0.25 obs=205 hard=198 obsc=214 yr=  0  nz=0.10 flt=0.00 dmap=+0/-0 shz=4.0 plan=23 cmd=(lx=+0.00,ly=+0.40,rx=+0.00)
  t= 20.4 DWA-F pos=(-1.20,-0.27) yaw=+170.3 d=4.84 goal_err=-33 carrot_err= -30 c0=1.60 clear=1.00 prog=0.31 rel=0.91 bal=+0.24 obs=204 hard=198 obsc=214 yr=  0  nz=0.09 flt=0.01 dmap=+0/-1 shz=4.0 plan=23 cmd=(lx=+0.00,ly=+0.40,rx=+0.00)
  t= 20.8 DWA-F pos=(-1.24,-0.26) yaw=+170.3 d=4.80 goal_err=-34 carrot_err= -31 c0=1.56 clear=1.00 prog=0.29 rel=0.91 bal=+0.23 obs=203 hard=196 obsc=212 yr=  0  nz=0.09 flt=0.00 dmap=+0/-0 shz=4.0 plan=23 cmd=(lx=+0.00,ly=+0.40,rx=+0.00)
  t= 21.2 DWA-F pos=(-1.28,-0.25) yaw=+170.3 d=4.77 goal_err=-34 carrot_err= -33 c0=1.52 clear=1.00 prog=0.30 rel=0.91 bal=+0.22 obs=203 hard=196 obsc=212 yr=  0  nz=0.09 flt=0.01 dmap=+0/-0 shz=4.0 plan=23 cmd=(lx=+0.00,ly=+0.40,rx=+0.00)
  t= 21.7 DWA-F pos=(-1.33,-0.25) yaw=+170.3 d=4.73 goal_err=-34 carrot_err= -34 c0=1.47 clear=0.98 prog=0.30 rel=0.92 bal=+0.21 obs=200 hard=196 obsc=212 yr=  0  nz=0.08 flt=0.02 dmap=+0/-0 shz=4.0 plan=23 cmd=(lx=+0.00,ly=+0.40,rx=+0.00)
  t= 22.1 DWA-F pos=(-1.38,-0.24) yaw=+170.3 d=4.68 goal_err=-35 carrot_err= -36 c0=1.42 clear=0.94 prog=0.30 rel=0.92 bal=+0.20 obs=201 hard=195 obsc=210 yr=  0  nz=0.08 flt=0.02 dmap=+2/-0 shz=4.0 plan=23 cmd=(lx=+0.00,ly=+0.40,rx=+0.00)
  t= 22.5 DWA-F pos=(-1.43,-0.23) yaw=+170.3 d=4.65 goal_err=-35 carrot_err= -38 c0=1.37 clear=0.92 prog=0.30 rel=0.92 bal=+0.20 obs=203 hard=196 obsc=212 yr=  0  nz=0.08 flt=0.00 dmap=+0/-0 shz=4.0 plan=23 cmd=(lx=+0.00,ly=+0.40,rx=+0.45)
  t= 23.0 DWA-F pos=(-1.47,-0.22) yaw=+168.7 d=4.61 goal_err=-34 carrot_err= -19 c0=1.33 clear=0.89 prog=0.30 rel=0.91 bal=+0.19 obs=205 hard=196 obsc=214 yr=  0  nz=0.09 flt=0.12 dmap=+0/-0 shz=4.0 plan=22 cmd=(lx=+0.00,ly=+0.40,rx=+0.00)
  t= 23.4 DWA-F pos=(-1.51,-0.21) yaw=+168.7 d=4.57 goal_err=-34 carrot_err= -20 c0=1.29 clear=0.86 prog=0.30 rel=0.91 bal=+0.06 obs=207 hard=200 obsc=215 yr=  0  nz=0.09 flt=0.01 dmap=+0/-0 shz=4.0 plan=22 cmd=(lx=+0.00,ly=+0.40,rx=+0.00)
  t= 23.8 DWA-F pos=(-1.57,-0.20) yaw=+168.7 d=4.53 goal_err=-34 carrot_err= -21 c0=1.23 clear=0.82 prog=0.31 rel=0.92 bal=+0.06 obs=206 hard=201 obsc=217 yr=  0  nz=0.09 flt=0.01 dmap=+1/-1 shz=4.0 plan=22 cmd=(lx=+0.00,ly=+0.40,rx=+0.00)
  t= 24.3 DWA-F pos=(-1.61,-0.19) yaw=+168.7 d=4.49 goal_err=-35 carrot_err= -26 c0=1.19 clear=0.79 prog=0.30 rel=0.90 bal=+0.06 obs=205 hard=202 obsc=218 yr=  0  nz=0.10 flt=0.00 dmap=+0/-0 shz=4.0 plan=22 cmd=(lx=+0.00,ly=+0.40,rx=+0.00)
  t= 24.7 DWA-F pos=(-1.66,-0.18) yaw=+168.7 d=4.46 goal_err=-35 carrot_err= -27 c0=1.14 clear=0.76 prog=0.29 rel=0.92 bal=+0.06 obs=205 hard=199 obsc=215 yr=  0  nz=0.08 flt=0.01 dmap=+0/-0 shz=4.0 plan=21 cmd=(lx=+0.00,ly=+0.40,rx=+0.00)
  t= 25.2 DWA-F pos=(-1.71,-0.17) yaw=+168.7 d=4.41 goal_err=-35 carrot_err= -28 c0=1.09 clear=0.73 prog=0.31 rel=0.91 bal=+0.07 obs=204 hard=197 obsc=213 yr=  0  nz=0.09 flt=0.02 dmap=+0/-0 shz=4.0 plan=21 cmd=(lx=+0.00,ly=+0.40,rx=+0.00)
  t= 25.6 DWA-F pos=(-1.75,-0.16) yaw=+168.7 d=4.37 goal_err=-36 carrot_err= -30 c0=1.05 clear=0.70 prog=0.29 rel=0.92 bal=+0.06 obs=205 hard=200 obsc=214 yr=  0  nz=0.08 flt=0.02 dmap=+0/-0 shz=4.0 plan=21 cmd=(lx=+0.00,ly=+0.40,rx=+0.00)
  t= 26.0 DWA-F pos=(-1.80,-0.16) yaw=+168.7 d=4.34 goal_err=-36 carrot_err= -23 c0=1.00 clear=0.67 prog=0.29 rel=0.91 bal=+0.05 obs=205 hard=200 obsc=214 yr=  0  nz=0.09 flt=0.01 dmap=+0/-0 shz=4.0 plan=20 cmd=(lx=+0.00,ly=+0.40,rx=+0.00)
  t= 26.5 DWA-F pos=(-1.84,-0.15) yaw=+168.7 d=4.30 goal_err=-36 carrot_err= -24 c0=0.96 clear=0.64 prog=0.29 rel=0.92 bal=+0.05 obs=203 hard=200 obsc=216 yr=  0  nz=0.08 flt=0.02 dmap=+0/-0 shz=4.0 plan=20 cmd=(lx=+0.00,ly=+0.40,rx=+0.00)
  t= 26.9 DWA-F pos=(-1.89,-0.14) yaw=+168.7 d=4.26 goal_err=-37 carrot_err= -26 c0=0.91 clear=0.60 prog=0.29 rel=0.93 bal=+0.04 obs=205 hard=198 obsc=214 yr=  0  nz=0.07 flt=0.02 dmap=+0/-1 shz=4.0 plan=20 cmd=(lx=+0.00,ly=+0.40,rx=+0.00)
  t= 27.3 DWA-F pos=(-1.94,-0.13) yaw=+168.7 d=4.22 goal_err=-37 carrot_err= -29 c0=0.86 clear=0.58 prog=0.29 rel=0.91 bal=+0.04 obs=206 hard=201 obsc=214 yr=  0  nz=0.09 flt=0.01 dmap=+1/-0 shz=4.0 plan=20 cmd=(lx=+0.00,ly=+0.40,rx=+0.00)
  t= 27.8 DWA-F pos=(-1.98,-0.12) yaw=+168.7 d=4.19 goal_err=-38 carrot_err= -21 c0=0.82 clear=0.55 prog=0.29 rel=0.92 bal=+0.04 obs=208 hard=203 obsc=216 yr=  0  nz=0.08 flt=0.00 dmap=+0/-0 shz=4.0 plan=19 cmd=(lx=+0.00,ly=+0.40,rx=+0.00)
  t= 28.2 DWA-F pos=(-2.04,-0.11) yaw=+168.7 d=4.14 goal_err=-38 carrot_err= -22 c0=0.77 clear=0.51 prog=0.30 rel=0.92 bal=+0.04 obs=207 hard=200 obsc=216 yr=  0  nz=0.08 flt=0.01 dmap=+0/-0 shz=4.0 plan=19 cmd=(lx=+0.00,ly=+0.40,rx=+0.00)
  t= 28.6 DWA-F pos=(-2.08,-0.10) yaw=+168.7 d=4.11 goal_err=-39 carrot_err= -23 c0=0.73 clear=0.48 prog=0.28 rel=0.91 bal=+0.04 obs=205 hard=200 obsc=216 yr=  0  nz=0.09 flt=0.02 dmap=+1/-2 shz=4.0 plan=19 cmd=(lx=+0.00,ly=+0.40,rx=+0.00)
  t= 29.1 DWA-F pos=(-2.12,-0.09) yaw=+168.7 d=4.07 goal_err=-39 carrot_err= -27 c0=0.69 clear=0.46 prog=0.28 rel=0.92 bal=-0.50 obs=207 hard=200 obsc=215 yr=  0  nz=0.08 flt=0.02 dmap=+0/-0 shz=4.0 plan=18 cmd=(lx=+0.00,ly=+0.40,rx=+0.00)
  t= 29.5 DWA-F pos=(-2.17,-0.08) yaw=+165.5 d=4.04 goal_err=-36 carrot_err= -25 c0=0.84 clear=0.56 prog=0.28 rel=0.92 bal=-0.26 obs=207 hard=201 obsc=216 yr= 15  nz=0.08 flt=0.00 dmap=+0/-0 shz=4.0 plan=18 cmd=(lx=+0.00,ly=+0.40,rx=+0.00)
  t= 29.9 DWA-F pos=(-2.22,-0.07) yaw=+163.9 d=3.99 goal_err=-35 carrot_err= -24 c0=0.98 clear=0.66 prog=0.30 rel=0.91 bal=-0.41 obs=208 hard=202 obsc=216 yr=  0  nz=0.09 flt=0.01 dmap=+0/-0 shz=4.0 plan=18 cmd=(lx=+0.00,ly=+0.40,rx=+0.00)
  t= 30.4 DWA-F pos=(-2.26,-0.05) yaw=+163.9 d=3.96 goal_err=-35 carrot_err= -25 c0=0.94 clear=0.63 prog=0.29 rel=0.79 bal=-0.54 obs=211 hard=204 obsc=219 yr=  0  nz=0.21 flt=0.03 dmap=+3/-0 shz=4.0 plan=18 cmd=(lx=+0.00,ly=+0.40,rx=+0.00)
  t= 30.8 DWA-F pos=(-2.31,-0.04) yaw=+163.9 d=3.92 goal_err=-36 carrot_err= -27 c0=0.90 clear=0.60 prog=0.29 rel=0.80 bal=-0.54 obs=212 hard=206 obsc=221 yr=  0  nz=0.20 flt=0.01 dmap=+0/-0 shz=4.0 plan=18 cmd=(lx=+0.00,ly=+0.40,rx=+0.00)
  t= 31.2 DWA-F pos=(-2.36,-0.03) yaw=+163.9 d=3.88 goal_err=-36 carrot_err= -28 c0=0.84 clear=0.56 prog=0.31 rel=0.92 bal=-0.54 obs=210 hard=206 obsc=220 yr=  0  nz=0.08 flt=0.01 dmap=+0/-0 shz=4.0 plan=18 cmd=(lx=+0.00,ly=+0.40,rx=+0.00)
  t= 31.7 DWA-F pos=(-2.40,-0.01) yaw=+162.3 d=3.84 goal_err=-35 carrot_err= -28 c0=0.80 clear=0.53 prog=0.29 rel=0.91 bal=-0.53 obs=210 hard=206 obsc=219 yr= 15G nz=0.09 flt=0.11 dmap=+0/-0 shz=4.0 plan=18 cmd=(lx=+0.00,ly=+0.40,rx=+0.00)
  t= 32.1 DWA-F pos=(-2.44,+0.00) yaw=+160.7 d=3.80 goal_err=-34 carrot_err= -28 c0=0.76 clear=0.50 prog=0.29 rel=0.91 bal=-0.52 obs=211 hard=204 obsc=220 yr=  0  nz=0.09 flt=0.03 dmap=+1/-0 shz=4.0 plan=17 cmd=(lx=+0.00,ly=+0.40,rx=+0.00)
  t= 32.5 DWA-F pos=(-2.49,+0.01) yaw=+160.7 d=3.77 goal_err=-34 carrot_err= -29 c0=0.71 clear=0.48 prog=0.29 rel=0.92 bal=-0.51 obs=211 hard=204 obsc=220 yr=  0G nz=0.08 flt=0.02 dmap=+0/-0 shz=4.0 plan=17 cmd=(lx=+0.00,ly=+0.40,rx=+0.45)
  t= 33.0 DWA-F pos=(-2.54,+0.04) yaw=+155.9 d=3.72 goal_err=-30 carrot_err= -26 c0=1.08 clear=0.72 prog=0.31 rel=0.79 bal=-0.49 obs=212 hard=206 obsc=223 yr=  0  nz=0.21 flt=0.04 dmap=+0/-0 shz=4.0 plan=17 cmd=(lx=+0.00,ly=+0.40,rx=+0.00)
  t= 33.4 ENG-F pos=(-2.58,+0.05) yaw=+155.9 d=3.68 goal_err=-30 carrot_err= -26 c0=1.03 clear=0.69 prog=0.30 rel=0.74 bal=-0.49 obs=217 hard=210 obsc=226 yr=  0  nz=0.26 flt=0.03 dmap=+4/-1 shz=4.0 plan=17 cmd=(lx=+0.00,ly=+0.28,rx=+0.00)
  t= 33.8 ENG-F pos=(-2.61,+0.07) yaw=+155.9 d=3.65 goal_err=-30 carrot_err= -27 c0=1.00 clear=0.67 prog=0.29 rel=0.75 bal=-0.37 obs=215 hard=209 obsc=228 yr=  0  nz=0.25 flt=0.00 dmap=+0/-0 shz=4.0 plan=17 cmd=(lx=+0.00,ly=+0.28,rx=+0.00)
  t= 34.3 ENG-F pos=(-2.64,+0.08) yaw=+155.9 d=3.62 goal_err=-31 carrot_err= -28 c0=0.96 clear=0.64 prog=0.29 rel=0.93 bal=-0.36 obs=214 hard=209 obsc=226 yr=  0  nz=0.07 flt=0.01 dmap=+0/-0 shz=4.0 plan=17 cmd=(lx=+0.00,ly=+0.28,rx=+0.00)
  t= 34.7 ENG-F pos=(-2.68,+0.10) yaw=+155.9 d=3.58 goal_err=-31 carrot_err= -29 c0=0.92 clear=0.61 prog=0.27 rel=0.93 bal=-0.41 obs=217 hard=208 obsc=225 yr=  0  nz=0.07 flt=0.01 dmap=+1/-0 shz=4.0 plan=17 cmd=(lx=+0.00,ly=+0.28,rx=+0.00)
  t= 35.1 ENG-F pos=(-2.72,+0.12) yaw=+155.9 d=3.55 goal_err=-31 carrot_err= -21 c0=0.89 clear=0.59 prog=0.26 rel=0.91 bal=-0.36 obs=216 hard=208 obsc=224 yr=  0  nz=0.09 flt=0.00 dmap=+0/-0 shz=4.0 plan=16 cmd=(lx=+0.00,ly=+0.28,rx=+0.00)
  t= 35.5 ENG-F pos=(-2.75,+0.13) yaw=+155.9 d=3.52 goal_err=-32 carrot_err= -22 c0=0.85 clear=0.57 prog=0.25 rel=0.92 bal=-0.36 obs=217 hard=209 obsc=225 yr=  0  nz=0.08 flt=0.00 dmap=+0/-0 shz=4.0 plan=16 cmd=(lx=+0.00,ly=+0.28,rx=+0.00)
  t= 36.0 ENG-F pos=(-2.78,+0.15) yaw=+155.9 d=3.49 goal_err=-32 carrot_err= -22 c0=0.82 clear=0.55 prog=0.25 rel=0.92 bal=-0.29 obs=216 hard=208 obsc=224 yr=  0  nz=0.08 flt=0.00 dmap=+0/-0 shz=4.0 plan=16 cmd=(lx=+0.00,ly=+0.28,rx=+0.00)
  t= 36.4 ENG-F pos=(-2.82,+0.16) yaw=+155.9 d=3.46 goal_err=-32 carrot_err= -23 c0=0.79 clear=0.52 prog=0.24 rel=0.92 bal=-0.30 obs=218 hard=212 obsc=227 yr=  0  nz=0.08 flt=0.01 dmap=+1/-0 shz=4.0 plan=16 cmd=(lx=+0.00,ly=+0.28,rx=+0.00)
  t= 36.8 ENG-F pos=(-2.86,+0.18) yaw=+155.9 d=3.42 goal_err=-33 carrot_err= -25 c0=0.74 clear=0.50 prog=0.25 rel=0.92 bal=-0.31 obs=217 hard=210 obsc=227 yr=  0  nz=0.08 flt=0.01 dmap=+0/-0 shz=4.0 plan=16 cmd=(lx=+0.00,ly=+0.28,rx=+0.00)
  t= 37.2 ENG-F pos=(-2.89,+0.19) yaw=+155.9 d=3.39 goal_err=-33 carrot_err= -26 c0=0.71 clear=0.47 prog=0.25 rel=0.92 bal=-0.31 obs=220 hard=213 obsc=228 yr=  0  nz=0.08 flt=0.01 dmap=+1/-0 shz=4.0 plan=16 cmd=(lx=+0.00,ly=+0.28,rx=+0.00)
  t= 37.7 ENG-T pos=(-2.92,+0.21) yaw=+155.9 d=3.36 goal_err=-33 carrot_err= -27 c0=0.68 clear=0.45 prog=0.25 rel=0.92 bal=-0.19 obs=218 hard=214 obsc=228 yr=  0  nz=0.08 flt=0.00 dmap=+0/-2 shz=4.0 plan=16 cmd=(lx=+0.00,ly=+0.00,rx=+0.45)
  t= 38.1 ENG-F pos=(-2.94,+0.22) yaw=+152.6 d=3.34 goal_err=-30 carrot_err= -24 c0=0.69 clear=0.46 prog=0.22 rel=0.93 bal=-0.19 obs=218 hard=214 obsc=228 yr=  0  nz=0.07 flt=0.06 dmap=+0/-0 shz=4.0 plan=16 cmd=(lx=+0.00,ly=+0.28,rx=+0.00)
  t= 38.5 ENG-F pos=(-2.98,+0.24) yaw=+152.6 d=3.31 goal_err=-31 carrot_err= -26 c0=0.64 clear=0.43 prog=0.24 rel=0.95 bal=-0.20 obs=218 hard=214 obsc=227 yr=  0  nz=0.05 flt=0.00 dmap=+0/-0 shz=4.0 plan=16 cmd=(lx=+0.00,ly=+0.28,rx=+0.00)
  t= 38.9 ENG-F pos=(-2.99,+0.25) yaw=+149.4 d=3.29 goal_err=-28 carrot_err= -23 c0=0.63 clear=0.42 prog=0.20 rel=0.95 bal=-0.20 obs=224 hard=218 obsc=233 yr= 15  nz=0.05 flt=0.11 dmap=+6/-1 shz=4.0 plan=16 cmd=(lx=+0.00,ly=+0.28,rx=+0.00)
  t= 39.4 ENG-F pos=(-3.03,+0.26) yaw=+149.4 d=3.26 goal_err=-28 carrot_err= -24 c0=0.59 clear=0.39 prog=0.20 rel=0.94 bal=-0.24 obs=225 hard=219 obsc=233 yr=  0  nz=0.06 flt=0.01 dmap=+0/-0 shz=4.0 plan=16 cmd=(lx=+0.00,ly=+0.28,rx=+0.00)
  t= 39.8 ENG-T pos=(-3.06,+0.28) yaw=+149.4 d=3.23 goal_err=-28 carrot_err= -26 c0=0.56 clear=0.37 prog=0.22 rel=0.94 bal=-0.25 obs=225 hard=219 obsc=233 yr=  0G nz=0.07 flt=0.03 dmap=+0/-0 shz=4.0 plan=16 cmd=(lx=+0.00,ly=+0.00,rx=+0.45)
  t= 40.2 ENG-F pos=(-3.07,+0.29) yaw=+146.2 d=3.21 goal_err=-25 carrot_err= -23 c0=0.54 clear=0.36 prog=0.21 rel=0.94 bal=-0.25 obs=224 hard=220 obsc=235 yr=  0  nz=0.06 flt=0.01 dmap=+0/-0 shz=4.0 plan=16 cmd=(lx=+0.00,ly=+0.28,rx=+0.00)
  t= 40.7 ENG-T pos=(-3.11,+0.32) yaw=+146.2 d=3.17 goal_err=-25 carrot_err= -20 c0=0.50 clear=0.33 prog=0.21 rel=0.94 bal=-0.20 obs=221 hard=221 obsc=234 yr=  0G nz=0.06 flt=0.02 dmap=+1/-0 shz=4.0 plan=16 cmd=(lx=+0.00,ly=+0.00,rx=+0.45)
  t= 41.1 ENG-F pos=(-3.12,+0.33) yaw=+143.0 d=3.15 goal_err=-22 carrot_err= -18 c0=0.55 clear=0.37 prog=0.21 rel=0.95 bal=-0.20 obs=220 hard=216 obsc=230 yr=  0  nz=0.04 flt=0.01 dmap=+0/-0 shz=4.0 plan=16 cmd=(lx=+0.00,ly=+0.28,rx=+0.00)
  t= 41.5 ENG-F pos=(-3.14,+0.34) yaw=+141.4 d=3.13 goal_err=-21 carrot_err= -17 c0=0.53 clear=0.35 prog=0.19 rel=0.96 bal=-0.19 obs=221 hard=216 obsc=230 yr= 15G nz=0.04 flt=0.02 dmap=+0/-0 shz=4.0 plan=15 cmd=(lx=+0.00,ly=+0.28,rx=+0.00)
  t= 41.9 ENG-F pos=(-3.16,+0.36) yaw=+139.8 d=3.11 goal_err=-19 carrot_err= -15 c0=0.68 clear=0.46 prog=0.20 rel=0.96 bal=+0.44 obs=223 hard=219 obsc=234 yr=  0  nz=0.04 flt=0.01 dmap=+2/-3 shz=4.0 plan=15 cmd=(lx=+0.00,ly=+0.28,rx=+0.00)
  t= 42.4 ENG-F pos=(-3.18,+0.37) yaw=+138.2 d=3.09 goal_err=-18 carrot_err= -14 c0=0.66 clear=0.44 prog=0.19 rel=0.89 bal=+0.45 obs=224 hard=217 obsc=232 yr= 15G nz=0.11 flt=0.02 dmap=+0/-0 shz=4.0 plan=15 cmd=(lx=+0.00,ly=+0.28,rx=+0.00)
  t= 42.8 ENG-F pos=(-3.19,+0.39) yaw=+135.0 d=3.06 goal_err=-15 carrot_err= -11 c0=1.35 clear=0.90 prog=0.18 rel=0.58 bal=+0.46 obs=233 hard=227 obsc=242 yr=  0  nz=0.42 flt=0.02 dmap=+0/-0 shz=4.0 plan=15 cmd=(lx=+0.00,ly=+0.28,rx=+0.00)
  t= 43.2 ENG-T pos=(-3.21,+0.41) yaw=+135.0 d=3.04 goal_err=-15 carrot_err= -12 c0=1.06 clear=0.71 prog=0.18 rel=0.55 bal=+0.47 obs=235 hard=229 obsc=243 yr=  0  nz=0.45 flt=0.02 dmap=+0/-0 shz=4.0 plan=15 cmd=(lx=+0.00,ly=+0.00,rx=+0.45)
  t= 43.6 ENG-F pos=(-3.22,+0.42) yaw=+131.8 d=3.02 goal_err=-12 carrot_err=  -9 c0=1.31 clear=0.87 prog=0.17 rel=0.57 bal=+0.48 obs=235 hard=229 obsc=243 yr=  0  nz=0.43 flt=0.02 dmap=+0/-0 shz=4.0 plan=15 cmd=(lx=+0.00,ly=+0.28,rx=+0.00)
  t= 44.1 ENG-F pos=(-3.24,+0.44) yaw=+130.2 d=3.00 goal_err=-10 carrot_err=  -8 c0=0.84 clear=0.56 prog=0.16 rel=0.62 bal=+0.49 obs=236 hard=230 obsc=244 yr= 15G nz=0.38 flt=0.00 dmap=+0/-0 shz=4.0 plan=15 cmd=(lx=+0.00,ly=+0.28,rx=+0.00)
  t= 44.5 ENG-GO pos=(-3.25,+0.45) yaw=+128.6 d=2.98 goal_err=-9 carrot_err=  -6 c0=1.37 clear=0.92 prog=0.17 rel=0.70 bal=-0.12 obs=232 hard=227 obsc=240 yr=  0  nz=0.30 flt=0.00 dmap=+0/-0 shz=4.0 plan=15 cmd=(lx=+0.00,ly=+0.28,rx=+0.00)
  t= 44.9 ENG-GO pos=(-3.27,+0.48) yaw=+128.6 d=2.95 goal_err=-9 carrot_err=  -6 c0=1.34 clear=0.89 prog=0.18 rel=0.70 bal=-0.12 obs=232 hard=227 obsc=240 yr=  0  nz=0.30 flt=0.01 dmap=+1/-0 shz=4.0 plan=15 cmd=(lx=+0.00,ly=+0.28,rx=+0.00)
  t= 45.3 ENG-GO pos=(-3.29,+0.51) yaw=+128.6 d=2.91 goal_err=-9 carrot_err=  -3 c0=1.31 clear=0.87 prog=0.20 rel=0.70 bal=+0.53 obs=232 hard=227 obsc=242 yr=  0  nz=0.30 flt=0.01 dmap=+0/-0 shz=4.0 plan=15 cmd=(lx=+0.00,ly=+0.28,rx=+0.00)
  t= 45.8 ENG-GO pos=(-3.32,+0.53) yaw=+128.6 d=2.88 goal_err=-9 carrot_err=  -3 c0=1.27 clear=0.85 prog=0.23 rel=0.94 bal=+0.55 obs=234 hard=227 obsc=242 yr=  0  nz=0.06 flt=0.01 dmap=+0/-0 shz=4.0 plan=15 cmd=(lx=+0.00,ly=+0.28,rx=+0.00)
  t= 46.2 ENG-GO pos=(-3.34,+0.56) yaw=+128.6 d=2.84 goal_err=-9 carrot_err=  -3 c0=1.24 clear=0.82 prog=0.26 rel=0.94 bal=+0.16 obs=232 hard=227 obsc=242 yr=  0  nz=0.06 flt=0.02 dmap=+0/-2 shz=4.0 plan=15 cmd=(lx=+0.00,ly=+0.28,rx=+0.00)
  t= 46.6 ENG-GO pos=(-3.36,+0.59) yaw=+128.6 d=2.81 goal_err=-9 carrot_err=  -0 c0=1.20 clear=0.80 prog=0.28 rel=0.93 bal=+0.02 obs=233 hard=229 obsc=243 yr=  0  nz=0.07 flt=0.00 dmap=+0/-0 shz=4.0 plan=13 cmd=(lx=+0.00,ly=+0.28,rx=+0.00)
  t= 47.0 ENG-GO pos=(-3.39,+0.63) yaw=+128.6 d=2.76 goal_err=-10 carrot_err=  -0 c0=1.16 clear=0.78 prog=0.29 rel=0.92 bal=+0.02 obs=233 hard=227 obsc=242 yr=  0  nz=0.08 flt=0.01 dmap=+0/-0 shz=4.0 plan=13 cmd=(lx=+0.00,ly=+0.28,rx=+0.00)
  t= 47.5 ENG-GO pos=(-3.41,+0.65) yaw=+128.6 d=2.73 goal_err=-10 carrot_err=  -0 c0=1.13 clear=0.75 prog=0.29 rel=0.92 bal=+0.03 obs=234 hard=227 obsc=242 yr=  0  nz=0.08 flt=0.00 dmap=+0/-0 shz=4.0 plan=13 cmd=(lx=+0.00,ly=+0.28,rx=+0.00)
  t= 47.9 ENG-GO pos=(-3.44,+0.68) yaw=+128.6 d=2.69 goal_err=-10 carrot_err=  -0 c0=1.10 clear=0.73 prog=0.29 rel=0.92 bal=+0.03 obs=235 hard=229 obsc=244 yr=  0  nz=0.08 flt=0.01 dmap=+0/-0 shz=4.0 plan=13 cmd=(lx=+0.00,ly=+0.28,rx=+0.00)
  t= 48.3 ENG-GO pos=(-3.46,+0.71) yaw=+128.6 d=2.66 goal_err=-10 carrot_err=  -0 c0=1.06 clear=0.71 prog=0.29 rel=0.93 bal=-0.00 obs=231 hard=228 obsc=242 yr=  0  nz=0.07 flt=0.01 dmap=+0/-0 shz=4.0 plan=13 cmd=(lx=+0.00,ly=+0.28,rx=+0.00)
  t= 48.7 ENG-GO pos=(-3.48,+0.74) yaw=+128.6 d=2.62 goal_err=-10 carrot_err=  -0 c0=1.03 clear=0.69 prog=0.29 rel=0.93 bal=+0.04 obs=229 hard=224 obsc=238 yr=  0  nz=0.07 flt=0.02 dmap=+1/-1 shz=4.0 plan=13 cmd=(lx=+0.00,ly=+0.28,rx=+0.00)
  t= 49.2 ENG-GO pos=(-3.51,+0.77) yaw=+128.6 d=2.58 goal_err=-10 carrot_err=  -0 c0=1.07 clear=0.71 prog=0.29 rel=0.94 bal=+0.04 obs=230 hard=224 obsc=238 yr=  0  nz=0.06 flt=0.00 dmap=+1/-0 shz=4.0 plan=13 cmd=(lx=+0.00,ly=+0.28,rx=+0.00)
  t= 49.6 ENG-GO pos=(-3.53,+0.80) yaw=+128.6 d=2.54 goal_err=-10 carrot_err=  +1 c0=1.03 clear=0.69 prog=0.29 rel=0.95 bal=+0.04 obs=231 hard=225 obsc=239 yr=  0  nz=0.05 flt=0.00 dmap=+1/-0 shz=4.0 plan=12 cmd=(lx=+0.00,ly=+0.28,rx=+0.00)
  t= 50.0 ENG-GO pos=(-3.55,+0.83) yaw=+128.6 d=2.50 goal_err=-11 carrot_err=  +1 c0=1.00 clear=0.67 prog=0.29 rel=0.94 bal=+0.04 obs=231 hard=225 obsc=240 yr=  0  nz=0.06 flt=0.00 dmap=+0/-0 shz=4.0 plan=12 cmd=(lx=+0.00,ly=+0.28,rx=+0.00)
  t= 50.5 ENG-GO pos=(-3.58,+0.86) yaw=+128.6 d=2.47 goal_err=-11 carrot_err=  +1 c0=0.99 clear=0.66 prog=0.29 rel=0.93 bal=+0.04 obs=231 hard=225 obsc=239 yr=  0  nz=0.07 flt=0.01 dmap=+0/-0 shz=4.0 plan=12 cmd=(lx=+0.00,ly=+0.28,rx=+0.00)
  t= 50.9 ENG-GO pos=(-3.60,+0.89) yaw=+128.6 d=2.43 goal_err=-11 carrot_err=  +2 c0=0.95 clear=0.64 prog=0.29 rel=0.94 bal=+0.04 obs=231 hard=226 obsc=240 yr=  0  nz=0.06 flt=0.00 dmap=+0/-0 shz=4.0 plan=12 cmd=(lx=+0.00,ly=+0.28,rx=+0.00)
  t= 51.3 ENG-GO pos=(-3.63,+0.92) yaw=+128.6 d=2.39 goal_err=-11 carrot_err=  +2 c0=0.91 clear=0.61 prog=0.29 rel=0.93 bal=-0.09 obs=228 hard=224 obsc=236 yr=  0  nz=0.07 flt=0.00 dmap=+0/-0 shz=4.0 plan=11 cmd=(lx=+0.00,ly=+0.28,rx=+0.00)
  t= 51.7 ENG-GO pos=(-3.65,+0.95) yaw=+128.6 d=2.35 goal_err=-11 carrot_err=  +2 c0=0.88 clear=0.58 prog=0.29 rel=0.93 bal=-0.08 obs=229 hard=225 obsc=238 yr=  0  nz=0.07 flt=0.00 dmap=+2/-1 shz=4.0 plan=11 cmd=(lx=+0.00,ly=+0.28,rx=+0.00)
  t= 52.1 ENG-GO pos=(-3.67,+0.98) yaw=+128.6 d=2.32 goal_err=-11 carrot_err=  +2 c0=0.84 clear=0.56 prog=0.29 rel=0.92 bal=-0.08 obs=230 hard=225 obsc=238 yr=  0  nz=0.08 flt=0.01 dmap=+0/-0 shz=4.0 plan=11 cmd=(lx=+0.00,ly=+0.28,rx=+0.00)
  t= 52.6 ENG-GO pos=(-3.69,+1.01) yaw=+128.6 d=2.28 goal_err=-12 carrot_err=  +2 c0=0.81 clear=0.54 prog=0.29 rel=0.93 bal=+0.03 obs=228 hard=224 obsc=237 yr=  0  nz=0.07 flt=0.00 dmap=+0/-0 shz=4.0 plan=11 cmd=(lx=+0.00,ly=+0.28,rx=+0.00)
  t= 53.0 ENG-GO pos=(-3.72,+1.03) yaw=+128.6 d=2.25 goal_err=-12 carrot_err=  +2 c0=0.78 clear=0.52 prog=0.28 rel=0.94 bal=+0.02 obs=229 hard=225 obsc=237 yr=  0  nz=0.06 flt=0.00 dmap=+0/-0 shz=4.0 plan=11 cmd=(lx=+0.00,ly=+0.28,rx=+0.00)
  t= 53.4 ENG-GO pos=(-3.74,+1.07) yaw=+128.6 d=2.20 goal_err=-12 carrot_err=  +3 c0=0.74 clear=0.49 prog=0.29 rel=0.93 bal=+0.02 obs=229 hard=225 obsc=237 yr=  0  nz=0.07 flt=0.00 dmap=+0/-0 shz=4.0 plan=11 cmd=(lx=+0.00,ly=+0.28,rx=+0.00)
  t= 53.8 ENG-GO pos=(-3.77,+1.10) yaw=+128.6 d=2.17 goal_err=-12 carrot_err=  +3 c0=0.93 clear=0.62 prog=0.29 rel=0.88 bal=+0.01 obs=227 hard=222 obsc=235 yr=  0  nz=0.12 flt=0.01 dmap=+0/-0 shz=4.0 plan=11 cmd=(lx=+0.00,ly=+0.28,rx=+0.00)
  t= 54.3 ENG-GO pos=(-3.79,+1.12) yaw=+128.6 d=2.13 goal_err=-12 carrot_err=  +4 c0=0.94 clear=0.63 prog=0.29 rel=0.86 bal=+0.00 obs=227 hard=222 obsc=235 yr=  0  nz=0.14 flt=0.00 dmap=+0/-0 shz=4.0 plan=10 cmd=(lx=+0.00,ly=+0.28,rx=+0.00)
  t= 54.7 ENG-GO pos=(-3.81,+1.15) yaw=+128.6 d=2.10 goal_err=-13 carrot_err=  +4 c0=0.91 clear=0.60 prog=0.29 rel=0.85 bal=-0.01 obs=227 hard=223 obsc=237 yr=  0  nz=0.15 flt=0.00 dmap=+2/-1 shz=4.0 plan=10 cmd=(lx=+0.00,ly=+0.28,rx=+0.00)
  t= 55.1 ENG-GO pos=(-3.83,+1.18) yaw=+128.6 d=2.06 goal_err=-13 carrot_err=  +4 c0=0.87 clear=0.58 prog=0.29 rel=0.88 bal=-0.02 obs=231 hard=225 obsc=239 yr=  0  nz=0.12 flt=0.00 dmap=+1/-0 shz=4.0 plan=10 cmd=(lx=+0.00,ly=+0.28,rx=+0.00)
  t= 55.6 ENG-GO pos=(-3.86,+1.22) yaw=+128.6 d=2.02 goal_err=-13 carrot_err=  +4 c0=0.83 clear=0.56 prog=0.29 rel=0.93 bal=-0.03 obs=230 hard=227 obsc=241 yr=  0  nz=0.07 flt=0.00 dmap=+0/-0 shz=4.0 plan=10 cmd=(lx=+0.00,ly=+0.28,rx=+0.00)
  t= 56.0 ENG-GO pos=(-3.88,+1.24) yaw=+128.6 d=1.98 goal_err=-13 carrot_err=  +4 c0=0.80 clear=0.53 prog=0.29 rel=0.92 bal=+0.11 obs=228 hard=225 obsc=238 yr=  0  nz=0.08 flt=0.01 dmap=+1/-2 shz=4.0 plan=10 cmd=(lx=+0.00,ly=+0.28,rx=+0.00)
  t= 56.4 ENG-GO pos=(-3.91,+1.27) yaw=+128.6 d=1.95 goal_err=-14 carrot_err=  +5 c0=1.59 clear=1.00 prog=0.29 rel=0.56 bal=+0.11 obs=226 hard=224 obsc=236 yr=  0  nz=0.43 flt=0.00 dmap=+0/-0 shz=4.0 plan=10 cmd=(lx=+0.00,ly=+0.28,rx=+0.00)
  t= 56.8 ENG-GO pos=(-3.93,+1.30) yaw=+128.6 d=1.91 goal_err=-14 carrot_err= -11 c0=1.56 clear=1.00 prog=0.29 rel=0.42 bal=+0.05 obs=225 hard=221 obsc=234 yr=  0  nz=0.58 flt=0.03 dmap=+0/-0 shz=4.0 plan=10 cmd=(lx=+0.00,ly=+0.28,rx=+0.00)
  t= 57.2 ENG-GO pos=(-3.95,+1.33) yaw=+128.6 d=1.88 goal_err=-14 carrot_err= -11 c0=1.52 clear=1.00 prog=0.28 rel=0.43 bal=+0.04 obs=226 hard=221 obsc=235 yr=  0  nz=0.57 flt=0.01 dmap=+2/-1 shz=4.0 plan=10 cmd=(lx=+0.00,ly=+0.28,rx=+0.00)
  t= 57.7 ENG-GO pos=(-3.98,+1.36) yaw=+128.6 d=1.84 goal_err=-14 carrot_err= -12 c0=1.48 clear=0.99 prog=0.29 rel=0.58 bal=+0.03 obs=226 hard=222 obsc=236 yr=  0  nz=0.42 flt=0.00 dmap=+1/-0 shz=4.0 plan=9 cmd=(lx=+0.00,ly=+0.28,rx=+0.00)
  t= 58.1 ENG-GO pos=(-4.00,+1.39) yaw=+128.6 d=1.80 goal_err=-15 carrot_err= -12 c0=1.44 clear=0.96 prog=0.29 rel=0.92 bal=-0.01 obs=227 hard=223 obsc=236 yr=  0  nz=0.08 flt=0.00 dmap=+1/-0 shz=4.0 plan=9 cmd=(lx=+0.00,ly=+0.28,rx=+0.00)
  t= 58.5 ENG-GO pos=(-4.02,+1.42) yaw=+128.6 d=1.77 goal_err=-15 carrot_err= -13 c0=1.41 clear=0.94 prog=0.29 rel=0.92 bal=-0.00 obs=228 hard=224 obsc=236 yr=  0  nz=0.08 flt=0.00 dmap=+0/-0 shz=4.0 plan=9 cmd=(lx=+0.00,ly=+0.28,rx=+0.00)
  t= 59.0 ENG-GO pos=(-4.05,+1.45) yaw=+128.6 d=1.73 goal_err=-15 carrot_err= -13 c0=1.38 clear=0.92 prog=0.29 rel=0.94 bal=+0.00 obs=229 hard=224 obsc=237 yr=  0  nz=0.06 flt=0.01 dmap=+1/-0 shz=4.0 plan=9 cmd=(lx=+0.00,ly=+0.28,rx=+0.00)
  t= 59.4 ENG-GO pos=(-4.07,+1.48) yaw=+128.6 d=1.69 goal_err=-16 carrot_err= -14 c0=1.33 clear=0.89 prog=0.29 rel=0.93 bal=+0.01 obs=230 hard=226 obsc=239 yr=  0  nz=0.07 flt=0.00 dmap=+0/-0 shz=4.0 plan=9 cmd=(lx=+0.00,ly=+0.28,rx=+0.00)
  t= 59.8 ENG-GO pos=(-4.10,+1.51) yaw=+128.6 d=1.65 goal_err=-16 carrot_err=  -9 c0=1.30 clear=0.87 prog=0.29 rel=0.92 bal=+0.09 obs=230 hard=226 obsc=239 yr=  0  nz=0.08 flt=0.01 dmap=+0/-0 shz=4.0 plan=9 cmd=(lx=+0.00,ly=+0.28,rx=+0.00)
  t= 60.2 ENG-GO pos=(-4.12,+1.54) yaw=+128.6 d=1.62 goal_err=-16 carrot_err=  -9 c0=1.27 clear=0.84 prog=0.29 rel=0.92 bal=-0.54 obs=230 hard=226 obsc=240 yr=  0  nz=0.08 flt=0.01 dmap=+1/-1 shz=4.0 plan=9 cmd=(lx=+0.00,ly=+0.28,rx=+0.00)
  t= 60.7 ENG-GO pos=(-4.14,+1.57) yaw=+128.6 d=1.59 goal_err=-17 carrot_err= -10 c0=1.23 clear=0.82 prog=0.29 rel=0.94 bal=-0.56 obs=231 hard=225 obsc=240 yr=  0  nz=0.06 flt=0.03 dmap=+0/-0 shz=4.0 plan=8 cmd=(lx=+0.00,ly=+0.28,rx=+0.00)
  t= 61.1 ENG-GO pos=(-4.16,+1.59) yaw=+128.6 d=1.56 goal_err=-17 carrot_err= -10 c0=1.21 clear=0.81 prog=0.26 rel=0.93 bal=-0.57 obs=234 hard=227 obsc=242 yr=  0  nz=0.07 flt=0.03 dmap=+0/-0 shz=4.0 plan=8 cmd=(lx=+0.00,ly=+0.28,rx=+0.00)
  t= 61.5 ENG-GO pos=(-4.18,+1.62) yaw=+128.6 d=1.52 goal_err=-18 carrot_err= -10 c0=1.17 clear=0.78 prog=0.25 rel=0.94 bal=-0.59 obs=235 hard=228 obsc=243 yr=  0  nz=0.06 flt=0.01 dmap=+0/-0 shz=4.0 plan=8 cmd=(lx=+0.00,ly=+0.28,rx=+0.00)
  t= 62.0 ENG-GO pos=(-4.20,+1.64) yaw=+128.6 d=1.50 goal_err=-18 carrot_err= -11 c0=1.15 clear=0.77 prog=0.24 rel=0.94 bal=-0.60 obs=233 hard=229 obsc=244 yr=  0  nz=0.06 flt=0.00 dmap=+0/-0 shz=4.0 plan=8 cmd=(lx=+0.00,ly=+0.28,rx=+0.00)
  t= 62.4 ENG-GO pos=(-4.22,+1.67) yaw=+128.6 d=1.46 goal_err=-18 carrot_err= -11 c0=1.12 clear=0.74 prog=0.23 rel=0.94 bal=-0.36 obs=238 hard=233 obsc=247 yr=  0  nz=0.06 flt=0.01 dmap=+0/-0 shz=4.0 plan=8 cmd=(lx=+0.00,ly=+0.28,rx=+0.00)
  t= 62.8 ENG-GO pos=(-4.24,+1.69) yaw=+128.6 d=1.43 goal_err=-19 carrot_err= -12 c0=1.08 clear=0.72 prog=0.23 rel=0.93 bal=-0.36 obs=232 hard=227 obsc=241 yr=  0  nz=0.07 flt=0.00 dmap=+0/-0 shz=4.0 plan=8 cmd=(lx=+0.00,ly=+0.28,rx=+0.00)
  t= 63.3 ENG-GO pos=(-4.27,+1.72) yaw=+128.6 d=1.40 goal_err=-19 carrot_err= -12 c0=1.05 clear=0.70 prog=0.25 rel=0.94 bal=-0.14 obs=232 hard=228 obsc=242 yr=  0  nz=0.06 flt=0.00 dmap=+2/-2 shz=4.0 plan=8 cmd=(lx=+0.00,ly=+0.28,rx=+0.00)
  t= 63.7 ENG-GO pos=(-4.29,+1.75) yaw=+128.6 d=1.36 goal_err=-20 carrot_err= -18 c0=1.12 clear=0.75 prog=0.25 rel=0.93 bal=-0.25 obs=230 hard=227 obsc=240 yr=  0  nz=0.07 flt=0.00 dmap=+0/-0 shz=4.0 plan=7 cmd=(lx=+0.00,ly=+0.28,rx=+0.00)
  t= 64.2 ENG-GO pos=(-4.31,+1.78) yaw=+128.6 d=1.33 goal_err=-20 carrot_err= -19 c0=1.08 clear=0.72 prog=0.26 rel=0.95 bal=-0.26 obs=231 hard=227 obsc=239 yr=  0  nz=0.05 flt=0.00 dmap=+0/-0 shz=4.0 plan=7 cmd=(lx=+0.00,ly=+0.28,rx=+0.00)
  t= 64.6 ENG-GO pos=(-4.33,+1.80) yaw=+128.6 d=1.30 goal_err=-21 carrot_err= -20 c0=1.06 clear=0.71 prog=0.24 rel=0.95 bal=-0.27 obs=231 hard=227 obsc=239 yr=  0  nz=0.05 flt=0.01 dmap=+1/-0 shz=4.0 plan=7 cmd=(lx=+0.00,ly=+0.28,rx=+0.00)
  t= 65.0 ENG-GO pos=(-4.35,+1.83) yaw=+128.6 d=1.27 goal_err=-21 carrot_err= -21 c0=1.02 clear=0.68 prog=0.24 rel=0.95 bal=-0.28 obs=232 hard=229 obsc=242 yr=  0  nz=0.05 flt=0.00 dmap=+4/-2 shz=4.0 plan=7 cmd=(lx=+0.00,ly=+0.28,rx=+0.00)
  t= 65.5 DWA-F pos=(-4.37,+1.86) yaw=+128.6 d=1.24 goal_err=-22 carrot_err= -22 c0=0.99 clear=0.66 prog=0.24 rel=0.94 bal=-0.29 obs=232 hard=227 obsc=240 yr=  0  nz=0.06 flt=0.00 dmap=+0/-0 shz=4.0 plan=7 cmd=(lx=+0.00,ly=+0.40,rx=+0.00)
  t= 65.9 DWA-F pos=(-4.40,+1.89) yaw=+128.6 d=1.20 goal_err=-23 carrot_err= -23 c0=0.95 clear=0.63 prog=0.25 rel=0.93 bal=-0.40 obs=231 hard=228 obsc=240 yr=  0  nz=0.07 flt=0.00 dmap=+1/-0 shz=4.0 plan=7 cmd=(lx=+0.00,ly=+0.40,rx=+0.00)
  t= 66.4 DWA-F pos=(-4.43,+1.93) yaw=+128.6 d=1.15 goal_err=-23 carrot_err= -16 c0=0.91 clear=0.60 prog=0.28 rel=0.92 bal=-0.41 obs=230 hard=227 obsc=239 yr=  0  nz=0.08 flt=0.01 dmap=+0/-0 shz=4.0 plan=7 cmd=(lx=+0.00,ly=+0.40,rx=+0.00)
  t= 66.8 DWA-F pos=(-4.46,+1.96) yaw=+128.6 d=1.11 goal_err=-24 carrot_err= -16 c0=0.86 clear=0.58 prog=0.29 rel=0.93 bal=-0.42 obs=230 hard=226 obsc=239 yr=  0  nz=0.07 flt=0.00 dmap=+0/-0 shz=4.0 plan=6 cmd=(lx=+0.00,ly=+0.40,rx=+0.00)
  t= 67.3 DWA-F pos=(-4.48,+2.00) yaw=+128.6 d=1.07 goal_err=-25 carrot_err= -17 c0=0.82 clear=0.55 prog=0.30 rel=0.92 bal=-0.46 obs=233 hard=229 obsc=243 yr=  0  nz=0.08 flt=0.01 dmap=+4/-1 shz=4.0 plan=6 cmd=(lx=+0.00,ly=+0.40,rx=+0.00)
  t= 67.7 DWA-F pos=(-4.51,+2.03) yaw=+128.6 d=1.03 goal_err=-26 carrot_err= -18 c0=0.78 clear=0.52 prog=0.30 rel=0.92 bal=-0.46 obs=234 hard=230 obsc=243 yr=  0  nz=0.08 flt=0.01 dmap=+0/-0 shz=4.0 plan=6 cmd=(lx=+0.00,ly=+0.40,rx=+0.00)
  t= 68.2 DWA-F pos=(-4.54,+2.06) yaw=+128.6 d=0.99 goal_err=-27 carrot_err= -19 c0=0.74 clear=0.49 prog=0.30 rel=0.92 bal=-0.47 obs=230 hard=229 obsc=242 yr=  0  nz=0.08 flt=0.00 dmap=+0/-0 shz=4.0 plan=6 cmd=(lx=+0.00,ly=+0.40,rx=+0.00)
  t= 68.6 DWA-F pos=(-4.57,+2.10) yaw=+128.6 d=0.95 goal_err=-29 carrot_err= -20 c0=0.97 clear=0.65 prog=0.30 rel=0.92 bal=-0.47 obs=230 hard=226 obsc=240 yr=  0  nz=0.08 flt=0.00 dmap=+1/-1 shz=4.0 plan=6 cmd=(lx=+0.00,ly=+0.40,rx=+0.00)
  t= 69.0 DWA-F pos=(-4.59,+2.13) yaw=+128.6 d=0.92 goal_err=-30 carrot_err= -25 c0=0.93 clear=0.62 prog=0.30 rel=0.85 bal=-0.48 obs=231 hard=226 obsc=241 yr=  0  nz=0.15 flt=0.00 dmap=+0/-0 shz=4.0 plan=6 cmd=(lx=+0.00,ly=+0.40,rx=+0.00)
  t= 69.5 DWA-F pos=(-4.62,+2.17) yaw=+128.6 d=0.88 goal_err=-31 carrot_err= -26 c0=0.89 clear=0.59 prog=0.29 rel=0.85 bal=-0.48 obs=232 hard=227 obsc=241 yr=  0  nz=0.15 flt=0.01 dmap=+0/-0 shz=4.0 plan=6 cmd=(lx=+0.00,ly=+0.40,rx=+0.00)
  t= 69.9 DWA-F pos=(-4.65,+2.20) yaw=+128.6 d=0.84 goal_err=-33 carrot_err= -28 c0=0.85 clear=0.57 prog=0.29 rel=0.93 bal=-0.48 obs=235 hard=229 obsc=243 yr=  0  nz=0.07 flt=0.01 dmap=+1/-0 shz=4.0 plan=5 cmd=(lx=+0.00,ly=+0.40,rx=+0.00)
  t= 70.4 DWA-F pos=(-4.68,+2.24) yaw=+128.6 d=0.80 goal_err=-35 carrot_err= -29 c0=0.81 clear=0.54 prog=0.28 rel=0.92 bal=-0.35 obs=233 hard=228 obsc=243 yr=  0  nz=0.08 flt=0.00 dmap=+0/-0 shz=4.0 plan=5 cmd=(lx=+0.00,ly=+0.40,rx=+0.45)
  t= 70.8 DWA-F pos=(-4.70,+2.27) yaw=+125.4 d=0.77 goal_err=-33 carrot_err= -28 c0=1.15 clear=0.77 prog=0.28 rel=0.81 bal=-0.48 obs=238 hard=232 obsc=248 yr=  0  nz=0.19 flt=0.02 dmap=+7/-2 shz=4.0 plan=5 cmd=(lx=+0.00,ly=+0.40,rx=+0.00)
  t= 71.3 DWA-F pos=(-4.73,+2.31) yaw=+123.8 d=0.73 goal_err=-34 carrot_err= -28 c0=1.11 clear=0.74 prog=0.27 rel=0.76 bal=-0.36 obs=239 hard=235 obsc=251 yr= 14G nz=0.24 flt=0.06 dmap=+1/-0 shz=4.0 plan=5 cmd=(lx=+0.00,ly=+0.40,rx=+0.45)
  t= 71.7 DWA-F pos=(-4.75,+2.35) yaw=+120.6 d=0.69 goal_err=-32 carrot_err= -26 c0=1.07 clear=0.71 prog=0.27 rel=0.80 bal=-0.36 obs=239 hard=234 obsc=250 yr=  0  nz=0.20 flt=0.01 dmap=+1/-0 shz=4.0 plan=4 cmd=(lx=+0.00,ly=+0.40,rx=+0.00)
  t= 72.2 DWA-F pos=(-4.77,+2.38) yaw=+120.6 d=0.67 goal_err=-34 carrot_err= -28 c0=1.04 clear=0.69 prog=0.26 rel=0.92 bal=-0.36 obs=239 hard=235 obsc=250 yr=  0G nz=0.08 flt=0.02 dmap=+0/-0 shz=4.0 plan=4 cmd=(lx=+0.00,ly=+0.40,rx=+0.45)
  t= 72.6 DWA-F pos=(-4.79,+2.41) yaw=+117.4 d=0.63 goal_err=-33 carrot_err= -27 c0=0.99 clear=0.66 prog=0.26 rel=0.92 bal=-0.36 obs=240 hard=234 obsc=250 yr=  0  nz=0.08 flt=0.00 dmap=+1/-0 shz=4.0 plan=4 cmd=(lx=+0.00,ly=+0.40,rx=+0.00)
  t= 73.1 DWA-F pos=(-4.81,+2.45) yaw=+115.7 d=0.59 goal_err=-34 carrot_err= -27 c0=0.95 clear=0.63 prog=0.26 rel=0.92 bal=-0.36 obs=239 hard=234 obsc=250 yr= 14G nz=0.08 flt=0.03 dmap=+0/-0 shz=4.0 plan=4 cmd=(lx=+0.00,ly=+0.40,rx=+0.45)
  t= 73.5 DWA-F pos=(-4.83,+2.49) yaw=+112.5 d=0.55 goal_err=-33 carrot_err= -26 c0=0.91 clear=0.60 prog=0.26 rel=0.91 bal=-0.35 obs=241 hard=235 obsc=251 yr=  0  nz=0.09 flt=0.00 dmap=+0/-0 shz=4.0 plan=4 cmd=(lx=+0.00,ly=+0.40,rx=+0.45)
  t= 73.9 DWA-F pos=(-4.85,+2.54) yaw=+107.7 d=0.52 goal_err=-31 carrot_err= -23 c0=0.86 clear=0.58 prog=0.26 rel=0.92 bal=-0.35 obs=241 hard=235 obsc=251 yr= 15  nz=0.08 flt=0.08 dmap=+0/-0 shz=4.0 plan=4 cmd=(lx=+0.00,ly=+0.40,rx=+0.00)
  t= 74.4 DWA-F pos=(-4.86,+2.58) yaw=+106.1 d=0.48 goal_err=-32 carrot_err= -24 c0=0.83 clear=0.55 prog=0.28 rel=0.91 bal=-0.34 obs=240 hard=232 obsc=250 yr= 14G nz=0.09 flt=0.01 dmap=+0/-0 shz=4.0 plan=4 cmd=(lx=+0.00,ly=+0.28,rx=+0.45)
  t= 74.8 DWA-T pos=(-4.86,+2.59) yaw=+102.9 d=0.47 goal_err=-30 carrot_err= -22 c0=0.97 clear=0.65 prog=0.24 rel=0.91 bal=-0.34 obs=239 hard=235 obsc=249 yr=  0  nz=0.09 flt=0.04 dmap=+0/-2 shz=4.0 plan=3 cmd=(lx=+0.00,ly=+0.00,rx=+0.00)
  t= 75.3 DWA-T pos=(-4.86,+2.59) yaw=+102.9 d=0.47 goal_err=-30 carrot_err= -22 c0=0.97 clear=0.65 prog=0.17 rel=0.90 bal=-0.34 obs=239 hard=235 obsc=249 yr=  0  nz=0.10 flt=0.04 dmap=+0/-0 shz=4.0 plan=3 cmd=(lx=+0.00,ly=+0.00,rx=+0.00)
  t= 75.7 DWA-T pos=(-4.86,+2.59) yaw=+102.9 d=0.47 goal_err=-30 carrot_err= -22 c0=0.97 clear=0.65 prog=0.11 rel=0.90 bal=-0.34 obs=239 hard=235 obsc=249 yr=  0  nz=0.10 flt=0.04 dmap=+0/-0 shz=4.0 plan=3 cmd=(lx=+0.00,ly=+0.00,rx=+0.00)
  t= 76.2 BRK-BK pos=(-4.86,+2.58) yaw=+102.9 d=0.48 goal_err=-29 carrot_err= -21 c0=0.98 clear=0.65 prog=0.02 rel=0.90 bal=-0.34 obs=239 hard=235 obsc=249 yr=  0  nz=0.10 flt=0.04 dmap=+0/-0 shz=4.0 plan=0 cmd=(lx=+0.00,ly=-0.35,rx=+0.00)
  t= 76.6 BRK-TR pos=(-4.85,+2.55) yaw=+101.3 d=0.51 goal_err=-25 carrot_err= -18 c0=1.02 clear=0.68 prog=0.00 rel=1.00 bal=-0.13 obs=232 hard=231 obsc=236 yr= 14G nz=0.00 flt=0.06 dmap=+0/-0 shz=3.7 plan=0 cmd=(lx=+0.00,ly=+0.00,rx=+0.45)
  t= 77.0 BRK-TR pos=(-4.85,+2.55) yaw= +94.9 d=0.51 goal_err=-19 carrot_err= -11 c0=1.19 clear=0.79 prog=0.00 rel=0.99 bal=-0.13 obs=232 hard=231 obsc=236 yr= 15G nz=0.01 flt=0.08 dmap=+0/-0 shz=3.7 plan=0 cmd=(lx=+0.00,ly=+0.00,rx=+0.45)
  t= 77.5 BRK-TR pos=(-4.85,+2.55) yaw= +88.5 d=0.51 goal_err=-12 carrot_err=  -5 c0=1.15 clear=0.77 prog=0.00 rel=0.88 bal=-0.15 obs=232 hard=231 obsc=236 yr= 14G nz=0.12 flt=0.01 dmap=+0/-0 shz=3.7 plan=0 cmd=(lx=+0.00,ly=+0.00,rx=+0.45)
  t= 77.9 BRK-TR pos=(-4.85,+2.55) yaw= +83.7 d=0.51 goal_err=-8 carrot_err=  -0 c0=1.15 clear=0.77 prog=0.00 rel=0.88 bal=-0.24 obs=232 hard=231 obsc=236 yr=  0G nz=0.12 flt=0.01 dmap=+0/-0 shz=3.7 plan=0 cmd=(lx=+0.00,ly=+0.00,rx=+0.45)
  t= 78.3 BRK-TR pos=(-4.85,+2.55) yaw= +77.5 d=0.51 goal_err=-1 carrot_err=  +6 c0=1.08 clear=0.72 prog=0.00 rel=0.91 bal=-0.27 obs=232 hard=231 obsc=236 yr= 14G nz=0.09 flt=0.00 dmap=+0/-0 shz=3.7 plan=0 cmd=(lx=+0.00,ly=+0.00,rx=+0.45)
  t= 78.8 BRK-TR pos=(-4.85,+2.55) yaw= +71.5 d=0.51 goal_err=+5 carrot_err= +12 c0=1.08 clear=0.72 prog=0.00 rel=0.93 bal=-0.27 obs=232 hard=231 obsc=236 yr= 14G nz=0.07 flt=0.00 dmap=+0/-0 shz=3.7 plan=0 cmd=(lx=+0.00,ly=+0.00,rx=+0.45)
  t= 79.2 DWA-F pos=(-4.85,+2.56) yaw= +68.5 d=0.50 goal_err=+8 carrot_err= +15 c0=1.06 clear=0.71 prog=0.02 rel=0.94 bal=-0.27 obs=228 hard=225 obsc=231 yr=  0  nz=0.06 flt=0.05 dmap=+0/-0 shz=3.7 plan=3 cmd=(lx=+0.00,ly=+0.40,rx=+0.00)
  t= 79.7 DWA-T pos=(-4.84,+2.58) yaw= +68.5 d=0.48 goal_err=+8 carrot_err= +16 c0=1.04 clear=0.69 prog=0.06 rel=0.94 bal=-0.27 obs=226 hard=225 obsc=230 yr=  0  nz=0.06 flt=0.01 dmap=+0/-2 shz=3.7 plan=3 cmd=(lx=+0.00,ly=+0.00,rx=+0.00)
  t= 80.1 DWA-T pos=(-4.84,+2.58) yaw= +68.5 d=0.48 goal_err=+8 carrot_err= +16 c0=1.04 clear=0.69 prog=0.06 rel=0.97 bal=-0.27 obs=226 hard=225 obsc=230 yr=  0  nz=0.03 flt=0.01 dmap=+0/-0 shz=3.7 plan=3 cmd=(lx=+0.00,ly=+0.00,rx=+0.00)
  t= 80.6 DWA-T pos=(-4.84,+2.58) yaw= +68.5 d=0.48 goal_err=+8 carrot_err= +16 c0=1.04 clear=0.69 prog=0.06 rel=0.97 bal=-0.27 obs=226 hard=225 obsc=230 yr=  0  nz=0.03 flt=0.01 dmap=+0/-0 shz=3.7 plan=3 cmd=(lx=+0.00,ly=+0.00,rx=+0.00)
  t= 81.0 BRK-BK pos=(-4.84,+2.58) yaw= +68.5 d=0.48 goal_err=+8 carrot_err= +16 c0=1.04 clear=0.69 prog=0.06 rel=0.97 bal=-0.27 obs=226 hard=225 obsc=230 yr=  0  nz=0.03 flt=0.01 dmap=+0/-0 shz=3.7 plan=0 cmd=(lx=+0.00,ly=-0.35,rx=+0.00)
  t= 81.4 BRK-TR pos=(-4.85,+2.54) yaw= +68.5 d=0.51 goal_err=+8 carrot_err= +15 c0=1.08 clear=0.72 prog=0.00 rel=0.98 bal=-0.27 obs=224 hard=222 obsc=227 yr=  0G nz=0.02 flt=0.00 dmap=+0/-0 shz=3.4 plan=0 cmd=(lx=+0.00,ly=+0.00,rx=+0.45)
  t= 81.9 BRK-TR pos=(-4.86,+2.53) yaw= +64.1 d=0.52 goal_err=+12 carrot_err= +19 c0=1.09 clear=0.73 prog=0.00 rel=0.96 bal=-0.17 obs=224 hard=222 obsc=227 yr= 14G nz=0.04 flt=0.04 dmap=+0/-0 shz=3.4 plan=0 cmd=(lx=+0.00,ly=+0.00,rx=+0.45)
  t= 82.3 BRK-TR pos=(-4.86,+2.53) yaw= +58.1 d=0.52 goal_err=+18 carrot_err= +25 c0=1.09 clear=0.73 prog=0.00 rel=0.96 bal=-0.17 obs=224 hard=222 obsc=227 yr= 14G nz=0.04 flt=0.00 dmap=+0/-0 shz=3.4 plan=0 cmd=(lx=+0.00,ly=+0.00,rx=+0.45)
  t= 82.8 BRK-TR pos=(-4.86,+2.53) yaw= +52.1 d=0.52 goal_err=+24 carrot_err= +31 c0=1.09 clear=0.73 prog=0.00 rel=0.97 bal=-0.10 obs=224 hard=222 obsc=227 yr= 13G nz=0.03 flt=0.01 dmap=+0/-0 shz=3.4 plan=0 cmd=(lx=+0.00,ly=+0.00,rx=+0.45)
  t= 83.2 BRK-TR pos=(-4.86,+2.53) yaw= +46.2 d=0.52 goal_err=+30 carrot_err= +37 c0=1.09 clear=0.73 prog=0.00 rel=0.99 bal=-0.10 obs=224 hard=222 obsc=227 yr= 13G nz=0.01 flt=0.00 dmap=+0/-0 shz=3.4 plan=0 cmd=(lx=+0.00,ly=+0.00,rx=+0.45)
  t= 83.6 BRK-TR pos=(-4.86,+2.53) yaw= +41.7 d=0.52 goal_err=+34 carrot_err= +41 c0=1.09 clear=0.73 prog=0.00 rel=0.99 bal=+0.01 obs=224 hard=222 obsc=227 yr= 14G nz=0.01 flt=0.00 dmap=+0/-0 shz=3.4 plan=0 cmd=(lx=+0.00,ly=+0.00,rx=+0.45)
  t= 84.1 DWA-F pos=(-4.85,+2.54) yaw= +41.7 d=0.51 goal_err=+35 carrot_err= +42 c0=1.08 clear=0.72 prog=0.02 rel=0.99 bal=+0.01 obs=224 hard=222 obsc=227 yr= 14G nz=0.01 flt=0.00 dmap=+0/-0 shz=3.4 plan=3 cmd=(lx=+0.00,ly=+0.28,rx=-0.45)
  t= 84.5 DWA-F pos=(-4.83,+2.56) yaw= +47.7 d=0.49 goal_err=+31 carrot_err= +39 c0=1.05 clear=0.70 prog=0.06 rel=0.92 bal=-0.09 obs=226 hard=223 obsc=228 yr= 13G nz=0.04 flt=0.04 dmap=+0/-0 shz=3.4 plan=3 cmd=(lx=+0.00,ly=+0.28,rx=-0.45)
  t= 85.0 DWA-F pos=(-4.81,+2.58) yaw= +53.6 d=0.47 goal_err=+27 carrot_err= +35 c0=1.02 clear=0.68 prog=0.10 rel=0.94 bal=-0.03 obs=228 hard=225 obsc=230 yr= 13G nz=0.06 flt=0.09 dmap=+0/-0 shz=3.5 plan=3 cmd=(lx=+0.00,ly=+0.28,rx=-0.45)
  t= 85.4 DWA-F pos=(-4.79,+2.60) yaw= +59.6 d=0.44 goal_err=+22 carrot_err= +31 c0=0.99 clear=0.66 prog=0.15 rel=0.93 bal=-0.11 obs=229 hard=226 obsc=231 yr= 13G nz=0.07 flt=0.03 dmap=+0/-0 shz=3.4 plan=3 cmd=(lx=+0.00,ly=+0.28,rx=-0.45)
  t= 85.9 DWA-T pos=(-4.78,+2.62) yaw= +64.1 d=0.42 goal_err=+19 carrot_err= +28 c0=0.97 clear=0.65 prog=0.17 rel=0.93 bal=-0.11 obs=220 hard=214 obsc=224 yr=  0  nz=0.07 flt=0.02 dmap=+1/-10 shz=3.5 plan=3 cmd=(lx=+0.00,ly=+0.00,rx=+0.00)

  >>> MODO AGRESIVO ON (12s sin acercarse a B): reduzco inflado y holgura (min seguridad 0.24m) para cruzar la puerta.
  t= 86.3 AGR-DWA-T pos=(-4.78,+2.62) yaw= +64.1 d=0.42 goal_err=+19 carrot_err= +28 c0=0.97 clear=0.65 prog=0.13 rel=0.94 bal=-0.11 obs=220 hard=214 obsc=224 yr=  0  nz=0.06 flt=0.02 dmap=+0/-0 shz=3.5 plan=3 cmd=(lx=+0.00,ly=+0.00,rx=+0.00)
  t= 86.7 AGR-DWA-T pos=(-4.78,+2.62) yaw= +64.1 d=0.42 goal_err=+19 carrot_err= +28 c0=0.97 clear=0.65 prog=0.09 rel=0.94 bal=-0.11 obs=220 hard=214 obsc=224 yr=  0  nz=0.06 flt=0.02 dmap=+0/-0 shz=3.5 plan=3 cmd=(lx=+0.00,ly=+0.00,rx=+0.00)
  t= 87.2 AGR-BRK-BK pos=(-4.78,+2.62) yaw= +64.1 d=0.42 goal_err=+19 carrot_err= +28 c0=0.97 clear=0.65 prog=0.05 rel=0.94 bal=-0.11 obs=220 hard=214 obsc=224 yr=  0  nz=0.06 flt=0.02 dmap=+0/-0 shz=3.5 plan=0 cmd=(lx=+0.00,ly=-0.35,rx=+0.00)
  t= 87.6 AGR-BRK-TR pos=(-4.81,+2.58) yaw= +64.1 d=0.47 goal_err=+17 carrot_err= +25 c0=1.02 clear=0.68 prog=0.00 rel=1.00 bal=-0.11 obs=218 hard=210 obsc=220 yr=  0G nz=0.00 flt=0.00 dmap=+0/-0 shz=3.2 plan=0 cmd=(lx=+0.00,ly=+0.00,rx=+0.45)
  t= 88.1 AGR-BRK-TR pos=(-4.81,+2.58) yaw= +58.1 d=0.47 goal_err=+23 carrot_err= +31 c0=1.02 clear=0.68 prog=0.00 rel=0.96 bal=-0.02 obs=218 hard=210 obsc=220 yr= 13G nz=0.04 flt=0.00 dmap=+0/-0 shz=3.2 plan=0 cmd=(lx=+0.00,ly=+0.00,rx=+0.45)
  t= 88.5 AGR-BRK-TR pos=(-4.81,+2.58) yaw= +52.1 d=0.47 goal_err=+29 carrot_err= +37 c0=1.02 clear=0.68 prog=0.00 rel=0.97 bal=-0.02 obs=218 hard=210 obsc=220 yr= 13G nz=0.03 flt=0.00 dmap=+0/-0 shz=3.2 plan=0 cmd=(lx=+0.00,ly=+0.00,rx=+0.45)
  t= 89.0 AGR-BRK-TR pos=(-4.81,+2.58) yaw= +46.2 d=0.47 goal_err=+35 carrot_err= +43 c0=1.02 clear=0.68 prog=0.00 rel=0.97 bal=+0.08 obs=218 hard=210 obsc=220 yr= 14G nz=0.03 flt=0.08 dmap=+0/-0 shz=3.2 plan=0 cmd=(lx=+0.00,ly=+0.00,rx=+0.45)
  t= 89.4 AGR-BRK-TR pos=(-4.81,+2.58) yaw= +40.2 d=0.47 goal_err=+41 carrot_err= +49 c0=1.02 clear=0.68 prog=0.00 rel=0.99 bal=+0.14 obs=220 hard=212 obsc=222 yr= 14G nz=0.01 flt=0.00 dmap=+0/-0 shz=3.2 plan=0 cmd=(lx=+0.00,ly=+0.00,rx=+0.45)
  t= 89.8 AGR-BRK-TR pos=(-4.81,+2.58) yaw= +34.3 d=0.47 goal_err=+46 carrot_err= +55 c0=1.02 clear=0.68 prog=0.00 rel=0.99 bal=+0.14 obs=220 hard=212 obsc=222 yr= 13G nz=0.01 flt=0.05 dmap=+0/-0 shz=3.2 plan=0 cmd=(lx=+0.00,ly=+0.00,rx=+0.45)
  t= 90.3 AGR-DWA-F pos=(-4.79,+2.58) yaw= +34.3 d=0.46 goal_err=+48 carrot_err= +57 c0=1.01 clear=0.67 prog=0.01 rel=0.98 bal=+0.14 obs=220 hard=212 obsc=222 yr= 14G nz=0.02 flt=0.12 dmap=+0/-0 shz=3.2 plan=3 cmd=(lx=+0.00,ly=+0.28,rx=-0.45)
  t= 90.7 AGR-DWA-F pos=(-4.77,+2.60) yaw= +40.2 d=0.44 goal_err=+44 carrot_err= +54 c0=0.98 clear=0.65 prog=0.05 rel=0.98 bal=+0.15 obs=220 hard=212 obsc=222 yr= 13G nz=0.02 flt=0.16 dmap=+0/-0 shz=3.2 plan=3 cmd=(lx=+0.00,ly=+0.28,rx=-0.45)
  t= 91.2 AGR-DWA-F pos=(-4.75,+2.62) yaw= +46.2 d=0.42 goal_err=+41 carrot_err= +51 c0=0.95 clear=0.64 prog=0.08 rel=0.93 bal=+0.10 obs=221 hard=214 obsc=223 yr= 13G nz=0.06 flt=0.06 dmap=+0/-0 shz=3.2 plan=3 cmd=(lx=+0.00,ly=+0.28,rx=-0.45)
  t= 91.6 AGR-DWA-F pos=(-4.74,+2.63) yaw= +49.2 d=0.41 goal_err=+39 carrot_err= +50 c0=0.94 clear=0.63 prog=0.10 rel=0.93 bal=+0.10 obs=221 hard=214 obsc=223 yr=  0G nz=0.07 flt=0.07 dmap=+0/-0 shz=3.2 plan=3 cmd=(lx=+0.00,ly=+0.28,rx=-0.45)
  t= 92.1 AGR-DWA-F pos=(-4.73,+2.65) yaw= +53.6 d=0.39 goal_err=+37 carrot_err= +48 c0=0.92 clear=0.61 prog=0.13 rel=0.94 bal=+0.03 obs=221 hard=214 obsc=223 yr= 13G nz=0.06 flt=0.02 dmap=+0/-0 shz=3.2 plan=3 cmd=(lx=+0.00,ly=+0.28,rx=-0.45)
  t= 92.5 AGR-DWA-F pos=(-4.71,+2.67) yaw= +59.6 d=0.37 goal_err=+33 carrot_err= +45 c0=0.89 clear=0.59 prog=0.13 rel=0.94 bal=-0.05 obs=221 hard=214 obsc=223 yr= 13G nz=0.06 flt=0.05 dmap=+0/-0 shz=3.2 plan=3 cmd=(lx=+0.00,ly=+0.28,rx=-0.45)

  LLEGADO a 'B' (-4.73,+3.04); error=0.35 m, colisiones=0.
  [spill] derrames=0 E[N]=0.08 eta_max=1.17 riesgo=2.2%
  [dataset] travesia guardada -> /Users/adrianlendinezibanez/Claude/Projects/G1 ROBOT/dataset/20260708_135832_ours_B.json
  [stats] fila anadida -> /Users/adrianlendinezibanez/Claude/Projects/G1 ROBOT/dataset/runs_stats.csv

Fin goto.
  [META2-L2] estado guardado (meta2_state_abprof.json): Pl={'Efficient_Nav': 1.0, 'Cautious_Nav': 1.0} derrames_run=0
  backend grafico: TkAgg
>>> SIM ADAPTER: conectando a rosbridge ws://localhost:8765 ...
  esperando /odom (hasta 30s; el mundo del lab tarda en cargar)... ok
  /odom OK pose=(+0.99,+0.57) | /scan: OK
  escenario LAB: mapa/waypoints/puerta REALES (lab.world solo-paredes, frame G1)

>>> GOTO 'B' -> (-4.73,+3.04). Mando en mano (L2+B). Ctrl+C aborta.
    ENTORNO: SIM (id: lab_v1_ab_prof)  — esta run se registra como SIMULACION, no cuenta como run de robot
  Esperando pose localizada y primera nube... ok.
  FRAME-CHECK start=(+0.99,+0.57) wp_mas_cercano=A(+0.99,+0.57) offset=0.00m  -> frame OK (pose y waypoints alineados)
  [spill] payload de agua simulado (semilla=20260708_140810_ours_B.json)
  META2 ACTIVO (techo por analogia): Meta-Reasoner 2.0, analogia inicial Cautious_Nav

  !!!!!!!!!!!!!!!!!!!!!!!!!!!!!!!!!!!!!!!!!!!!!!!!!!!!!!!!!!!!!!!!!!!!!!!!!!
  !!  VISION OFF (G1_PERC sin definir) pero G1_NOVIS=1: navego SIN vision bajo tu responsabilidad.
  !!  La MESA invisible al LiDAR no se vera.
  !!!!!!!!!!!!!!!!!!!!!!!!!!!!!!!!!!!!!!!!!!!!!!!!!!!!!!!!!!!!!!!!!!!!!!!!!!

  mapa de referencia: 961 celdas | muebles estaticos (nav_map): 0 celdas | plan global: static
  t=  0.0 DWA-F pos=(+0.99,+0.57) yaw=-120.3 d=6.23 goal_err=-83 carrot_err= -62 c0=2.25 clear=1.00 prog=0.00 rel=1.00 bal=+0.19 obs=108 hard=108 obsc=108 yr=  0  nz=0.00 flt=0.19 dmap=+108/-0 shz=0.0 plan=34 cmd=(lx=+0.00,ly=+0.40,rx=+0.45)
  t=  0.4 DWA-F pos=(+0.97,+0.53) yaw=-125.1 d=6.22 goal_err=-79 carrot_err= -60 c0=2.21 clear=1.00 prog=0.05 rel=0.96 bal=+0.28 obs=111 hard=111 obsc=111 yr= 14G nz=0.04 flt=0.10 dmap=+0/-0 shz=3.0 plan=34 cmd=(lx=+0.00,ly=+0.40,rx=+0.45)
  t=  0.9 DWA-F pos=(+0.94,+0.50) yaw=-129.9 d=6.21 goal_err=-74 carrot_err= -58 c0=2.22 clear=1.00 prog=0.06 rel=0.95 bal=+0.40 obs=111 hard=111 obsc=111 yr=  0G nz=0.05 flt=0.02 dmap=+0/-0 shz=3.4 plan=34 cmd=(lx=+0.00,ly=+0.40,rx=+0.45)
  t=  1.3 DWA-F pos=(+0.90,+0.45) yaw=-136.4 d=6.20 goal_err=-68 carrot_err= -40 c0=2.24 clear=1.00 prog=0.09 rel=0.96 bal=+0.41 obs=111 hard=111 obsc=111 yr= 14G nz=0.04 flt=0.02 dmap=+0/-0 shz=3.7 plan=34 cmd=(lx=+0.00,ly=+0.40,rx=+0.45)
  t=  1.8 DWA-F pos=(+0.85,+0.41) yaw=-142.8 d=6.17 goal_err=-62 carrot_err= -36 c0=2.50 clear=1.00 prog=0.11 rel=0.83 bal=+0.41 obs=111 hard=111 obsc=111 yr= 14G nz=0.17 flt=0.01 dmap=+0/-0 shz=3.8 plan=33 cmd=(lx=+0.00,ly=+0.40,rx=+0.00)
  t=  2.2 DWA-F pos=(+0.81,+0.38) yaw=-144.4 d=6.14 goal_err=-61 carrot_err= -37 c0=2.50 clear=1.00 prog=0.15 rel=0.78 bal=+0.42 obs=143 hard=135 obsc=159 yr=  0G nz=0.22 flt=0.03 dmap=+0/-0 shz=3.8 plan=33 cmd=(lx=+0.00,ly=+0.40,rx=+0.45)
  t=  2.7 DWA-F pos=(+0.76,+0.35) yaw=-149.2 d=6.12 goal_err=-57 carrot_err= -35 c0=2.50 clear=1.00 prog=0.17 rel=0.80 bal=+0.43 obs=153 hard=137 obsc=166 yr=  0  nz=0.20 flt=0.00 dmap=+0/-0 shz=3.9 plan=33 cmd=(lx=+0.00,ly=+0.40,rx=+0.00)
  t=  3.1 DWA-F pos=(+0.73,+0.33) yaw=-149.2 d=6.10 goal_err=-57 carrot_err= -36 c0=2.50 clear=1.00 prog=0.18 rel=0.99 bal=+0.43 obs=159 hard=138 obsc=167 yr=  0G nz=0.01 flt=0.00 dmap=+0/-0 shz=3.8 plan=33 cmd=(lx=+0.00,ly=+0.40,rx=+0.45)
  t=  3.6 DWA-F pos=(+0.70,+0.31) yaw=-152.4 d=6.07 goal_err=-54 carrot_err= -33 c0=2.50 clear=1.00 prog=0.18 rel=0.99 bal=+0.43 obs=161 hard=147 obsc=169 yr=  0  nz=0.01 flt=0.01 dmap=+2/-1 shz=3.9 plan=33 cmd=(lx=+0.00,ly=+0.40,rx=+0.00)
  t=  4.0 DWA-F pos=(+0.67,+0.30) yaw=-152.4 d=6.06 goal_err=-55 carrot_err= -34 c0=2.50 clear=1.00 prog=0.17 rel=0.99 bal=+0.44 obs=162 hard=154 obsc=169 yr=  0  nz=0.01 flt=0.00 dmap=+0/-0 shz=3.9 plan=33 cmd=(lx=+0.00,ly=+0.40,rx=+0.00)
  t=  4.4 DWA-F pos=(+0.63,+0.28) yaw=-152.4 d=6.03 goal_err=-55 carrot_err= -36 c0=2.50 clear=1.00 prog=0.17 rel=0.99 bal=+0.36 obs=163 hard=161 obsc=170 yr=  0  nz=0.01 flt=0.00 dmap=+0/-0 shz=3.9 plan=33 cmd=(lx=+0.00,ly=+0.40,rx=+0.00)
  t=  4.9 DWA-F pos=(+0.59,+0.25) yaw=-152.4 d=6.00 goal_err=-55 carrot_err= -24 c0=2.50 clear=1.00 prog=0.17 rel=0.99 bal=+0.37 obs=164 hard=161 obsc=170 yr=  0  nz=0.01 flt=0.00 dmap=+1/-0 shz=3.9 plan=32 cmd=(lx=+0.00,ly=+0.40,rx=+0.00)
  t=  5.4 DWA-F pos=(+0.55,+0.23) yaw=-152.4 d=5.98 goal_err=-56 carrot_err= -25 c0=2.50 clear=1.00 prog=0.18 rel=0.99 bal=+0.37 obs=166 hard=164 obsc=172 yr=  0  nz=0.01 flt=0.00 dmap=+1/-0 shz=3.9 plan=32 cmd=(lx=+0.00,ly=+0.40,rx=+0.00)
  t=  5.8 DWA-F pos=(+0.51,+0.21) yaw=-152.4 d=5.95 goal_err=-56 carrot_err= -27 c0=2.50 clear=1.00 prog=0.19 rel=0.99 bal=+0.39 obs=167 hard=166 obsc=173 yr=  0  nz=0.01 flt=0.00 dmap=+0/-0 shz=3.9 plan=32 cmd=(lx=+0.00,ly=+0.40,rx=+0.00)
  t=  6.2 DWA-F pos=(+0.47,+0.19) yaw=-152.4 d=5.93 goal_err=-56 carrot_err= -28 c0=2.50 clear=1.00 prog=0.19 rel=0.99 bal=+0.40 obs=167 hard=166 obsc=173 yr=  0  nz=0.01 flt=0.01 dmap=+0/-0 shz=3.9 plan=31 cmd=(lx=+0.00,ly=+0.40,rx=+0.00)
  t=  6.7 DWA-F pos=(+0.43,+0.17) yaw=-152.4 d=5.90 goal_err=-57 carrot_err= -29 c0=2.50 clear=1.00 prog=0.18 rel=0.99 bal=+0.41 obs=168 hard=166 obsc=174 yr=  0  nz=0.01 flt=0.00 dmap=+0/-0 shz=3.9 plan=31 cmd=(lx=+0.00,ly=+0.40,rx=+0.00)
  t=  7.1 DWA-F pos=(+0.39,+0.15) yaw=-152.4 d=5.88 goal_err=-57 carrot_err= -31 c0=2.50 clear=1.00 prog=0.18 rel=0.99 bal=+0.41 obs=169 hard=166 obsc=174 yr=  0  nz=0.01 flt=0.00 dmap=+0/-0 shz=3.9 plan=31 cmd=(lx=+0.00,ly=+0.40,rx=+0.00)
  t=  7.6 DWA-F pos=(+0.34,+0.13) yaw=-152.4 d=5.85 goal_err=-57 carrot_err= -33 c0=2.47 clear=1.00 prog=0.19 rel=0.98 bal=+0.42 obs=169 hard=167 obsc=174 yr=  0  nz=0.02 flt=0.00 dmap=+0/-0 shz=3.9 plan=31 cmd=(lx=+0.00,ly=+0.40,rx=+0.00)
  t=  8.1 DWA-F pos=(+0.30,+0.11) yaw=-152.4 d=5.83 goal_err=-58 carrot_err= -35 c0=2.43 clear=1.00 prog=0.19 rel=0.95 bal=+0.43 obs=169 hard=167 obsc=174 yr=  0  nz=0.05 flt=0.00 dmap=+0/-0 shz=3.9 plan=31 cmd=(lx=+0.00,ly=+0.40,rx=+0.00)
  t=  8.5 DWA-F pos=(+0.26,+0.08) yaw=-152.4 d=5.80 goal_err=-58 carrot_err= -22 c0=2.39 clear=1.00 prog=0.19 rel=0.93 bal=+0.43 obs=169 hard=169 obsc=175 yr=  0  nz=0.07 flt=0.00 dmap=+0/-0 shz=3.9 plan=31 cmd=(lx=+0.00,ly=+0.40,rx=+0.00)
  t=  9.0 DWA-F pos=(+0.22,+0.06) yaw=-152.4 d=5.78 goal_err=-59 carrot_err= -23 c0=2.47 clear=1.00 prog=0.18 rel=0.92 bal=+0.36 obs=171 hard=170 obsc=176 yr=  0  nz=0.08 flt=0.00 dmap=+0/-0 shz=4.0 plan=31 cmd=(lx=+0.00,ly=+0.40,rx=+0.00)
  t=  9.4 DWA-F pos=(+0.20,+0.05) yaw=-152.4 d=5.76 goal_err=-59 carrot_err= -24 c0=2.44 clear=1.00 prog=0.16 rel=0.94 bal=+0.36 obs=174 hard=172 obsc=179 yr=  0  nz=0.06 flt=0.00 dmap=+2/-0 shz=3.9 plan=30 cmd=(lx=+0.00,ly=+0.40,rx=+0.00)
  t=  9.9 DWA-F pos=(+0.16,+0.03) yaw=-152.4 d=5.74 goal_err=-59 carrot_err= -25 c0=2.40 clear=1.00 prog=0.16 rel=0.94 bal=+0.37 obs=173 hard=173 obsc=180 yr=  0  nz=0.06 flt=0.01 dmap=+0/-2 shz=4.0 plan=30 cmd=(lx=+0.00,ly=+0.40,rx=+0.00)
  t= 10.3 DWA-F pos=(+0.12,+0.01) yaw=-152.4 d=5.72 goal_err=-60 carrot_err= -27 c0=2.36 clear=1.00 prog=0.16 rel=0.93 bal=+0.37 obs=174 hard=172 obsc=179 yr=  0  nz=0.07 flt=0.00 dmap=+0/-0 shz=3.9 plan=30 cmd=(lx=+0.00,ly=+0.40,rx=+0.00)
  t= 10.8 DWA-F pos=(+0.08,-0.01) yaw=-152.4 d=5.69 goal_err=-60 carrot_err= -28 c0=2.32 clear=1.00 prog=0.16 rel=0.91 bal=+0.35 obs=177 hard=175 obsc=182 yr=  0  nz=0.09 flt=0.01 dmap=+0/-0 shz=3.9 plan=30 cmd=(lx=+0.00,ly=+0.40,rx=+0.00)
  t= 11.2 DWA-F pos=(+0.04,-0.03) yaw=-152.4 d=5.67 goal_err=-60 carrot_err= -30 c0=2.28 clear=1.00 prog=0.16 rel=0.91 bal=+0.37 obs=177 hard=175 obsc=181 yr=  0  nz=0.09 flt=0.00 dmap=+0/-0 shz=4.0 plan=29 cmd=(lx=+0.00,ly=+0.40,rx=+0.00)
  t= 11.7 DWA-F pos=(-0.00,-0.05) yaw=-152.4 d=5.65 goal_err=-61 carrot_err= -31 c0=2.24 clear=1.00 prog=0.16 rel=0.93 bal=+0.39 obs=176 hard=176 obsc=182 yr=  0  nz=0.07 flt=0.00 dmap=+1/-2 shz=3.9 plan=29 cmd=(lx=+0.00,ly=+0.40,rx=+0.00)
  t= 12.1 DWA-F pos=(-0.04,-0.07) yaw=-152.4 d=5.63 goal_err=-61 carrot_err= -33 c0=2.20 clear=1.00 prog=0.16 rel=0.92 bal=+0.40 obs=177 hard=175 obsc=181 yr=  0  nz=0.08 flt=0.01 dmap=+1/-0 shz=4.0 plan=29 cmd=(lx=+0.00,ly=+0.40,rx=+0.00)
  t= 12.5 DWA-F pos=(-0.08,-0.09) yaw=-152.4 d=5.61 goal_err=-62 carrot_err= -35 c0=2.16 clear=1.00 prog=0.16 rel=0.92 bal=+0.42 obs=178 hard=176 obsc=183 yr=  0  nz=0.08 flt=0.01 dmap=+0/-0 shz=3.9 plan=29 cmd=(lx=+0.00,ly=+0.40,rx=+0.00)
  t= 13.0 DWA-F pos=(-0.12,-0.12) yaw=-152.4 d=5.59 goal_err=-62 carrot_err= -35 c0=2.17 clear=1.00 prog=0.16 rel=0.92 bal=+0.42 obs=181 hard=176 obsc=184 yr=  0  nz=0.08 flt=0.00 dmap=+0/-0 shz=4.0 plan=29 cmd=(lx=+0.00,ly=+0.40,rx=+0.00)
  t= 13.5 DWA-F pos=(-0.15,-0.13) yaw=-152.4 d=5.57 goal_err=-62 carrot_err= -36 c0=2.14 clear=1.00 prog=0.15 rel=0.93 bal=+0.42 obs=182 hard=178 obsc=187 yr=  0  nz=0.07 flt=0.00 dmap=+1/-1 shz=3.9 plan=29 cmd=(lx=+0.00,ly=+0.40,rx=+0.00)
  t= 13.9 DWA-F pos=(-0.19,-0.15) yaw=-152.4 d=5.55 goal_err=-63 carrot_err= -38 c0=2.09 clear=1.00 prog=0.15 rel=0.95 bal=+0.42 obs=181 hard=178 obsc=184 yr=  0  nz=0.05 flt=0.00 dmap=+0/-0 shz=4.0 plan=29 cmd=(lx=+0.00,ly=+0.40,rx=+0.00)
  t= 14.4 DWA-F pos=(-0.23,-0.17) yaw=-155.6 d=5.53 goal_err=-60 carrot_err= -37 c0=2.05 clear=1.00 prog=0.15 rel=0.93 bal=+0.42 obs=191 hard=184 obsc=194 yr= 14  nz=0.07 flt=0.15 dmap=+10/-0 shz=4.0 plan=28 cmd=(lx=+0.00,ly=+0.40,rx=+0.00)
  t= 14.8 DWA-F pos=(-0.27,-0.19) yaw=-157.2 d=5.51 goal_err=-59 carrot_err= -37 c0=2.00 clear=1.00 prog=0.15 rel=0.92 bal=+0.43 obs=191 hard=184 obsc=194 yr= 15G nz=0.08 flt=0.01 dmap=+0/-0 shz=3.9 plan=28 cmd=(lx=+0.00,ly=+0.40,rx=+0.00)
  t= 15.3 DWA-F pos=(-0.31,-0.21) yaw=-158.8 d=5.48 goal_err=-57 carrot_err= -38 c0=1.96 clear=1.00 prog=0.16 rel=0.91 bal=+0.43 obs=198 hard=191 obsc=208 yr=  0  nz=0.09 flt=0.01 dmap=+0/-0 shz=4.0 plan=28 cmd=(lx=+0.00,ly=+0.40,rx=+0.45)
  t= 15.7 DWA-F pos=(-0.35,-0.22) yaw=-163.6 d=5.46 goal_err=-53 carrot_err= -31 c0=1.92 clear=1.00 prog=0.17 rel=0.92 bal=+0.49 obs=208 hard=194 obsc=216 yr= 14  nz=0.08 flt=0.01 dmap=+10/-0 shz=4.0 plan=27 cmd=(lx=+0.00,ly=+0.40,rx=+0.00)
  t= 16.2 DWA-F pos=(-0.39,-0.23) yaw=-163.6 d=5.43 goal_err=-53 carrot_err= -33 c0=1.87 clear=1.00 prog=0.18 rel=0.92 bal=+0.50 obs=209 hard=195 obsc=214 yr=  0  nz=0.08 flt=0.01 dmap=+0/-0 shz=4.0 plan=27 cmd=(lx=+0.00,ly=+0.40,rx=+0.00)
  t= 16.6 DWA-F pos=(-0.44,-0.25) yaw=-163.6 d=5.41 goal_err=-54 carrot_err= -34 c0=1.83 clear=1.00 prog=0.19 rel=0.91 bal=+0.51 obs=206 hard=194 obsc=214 yr=  0  nz=0.09 flt=0.00 dmap=+0/-0 shz=4.0 plan=27 cmd=(lx=+0.00,ly=+0.40,rx=+0.00)
  t= 17.0 DWA-F pos=(-0.48,-0.26) yaw=-163.6 d=5.38 goal_err=-54 carrot_err= -36 c0=1.79 clear=1.00 prog=0.19 rel=0.91 bal=+0.51 obs=206 hard=195 obsc=211 yr=  0  nz=0.09 flt=0.00 dmap=+0/-0 shz=4.0 plan=27 cmd=(lx=+0.00,ly=+0.40,rx=+0.00)
  t= 17.5 DWA-F pos=(-0.52,-0.27) yaw=-165.2 d=5.36 goal_err=-53 carrot_err= -43 c0=1.75 clear=1.00 prog=0.20 rel=0.92 bal=+0.52 obs=206 hard=194 obsc=211 yr= 14G nz=0.08 flt=0.12 dmap=+0/-0 shz=4.0 plan=26 cmd=(lx=+0.00,ly=+0.40,rx=+0.45)
  t= 17.9 DWA-F pos=(-0.55,-0.28) yaw=-170.1 d=5.33 goal_err=-48 carrot_err= -39 c0=1.71 clear=1.00 prog=0.19 rel=0.93 bal=+0.52 obs=206 hard=194 obsc=211 yr= 14G nz=0.07 flt=0.00 dmap=+0/-0 shz=4.0 plan=26 cmd=(lx=+0.00,ly=+0.40,rx=+0.45)
  t= 18.4 DWA-F pos=(-0.60,-0.29) yaw=-173.3 d=5.30 goal_err=-46 carrot_err= -38 c0=1.84 clear=1.00 prog=0.19 rel=0.92 bal=+0.52 obs=208 hard=197 obsc=213 yr=  0  nz=0.08 flt=0.00 dmap=+0/-0 shz=4.0 plan=26 cmd=(lx=+0.00,ly=+0.40,rx=+0.00)
  t= 18.8 DWA-F pos=(-0.64,-0.29) yaw=-173.3 d=5.27 goal_err=-46 carrot_err= -40 c0=1.80 clear=1.00 prog=0.20 rel=0.91 bal=+0.53 obs=209 hard=198 obsc=213 yr=  0G nz=0.09 flt=0.01 dmap=+0/-0 shz=4.0 plan=26 cmd=(lx=+0.00,ly=+0.40,rx=+0.45)
  t= 19.3 DWA-F pos=(-0.69,-0.29) yaw=-176.5 d=5.24 goal_err=-43 carrot_err= -38 c0=1.85 clear=1.00 prog=0.21 rel=0.89 bal=+0.53 obs=211 hard=201 obsc=216 yr=  0  nz=0.11 flt=0.01 dmap=+0/-0 shz=4.0 plan=26 cmd=(lx=+0.00,ly=+0.40,rx=+0.00)
  t= 19.7 DWA-F pos=(-0.73,-0.30) yaw=-179.7 d=5.21 goal_err=-40 carrot_err= -37 c0=1.81 clear=1.00 prog=0.23 rel=0.94 bal=+0.53 obs=221 hard=207 obsc=226 yr= 14  nz=0.06 flt=0.24 dmap=+11/-1 shz=4.0 plan=26 cmd=(lx=+0.00,ly=+0.40,rx=+0.00)
  t= 20.2 DWA-F pos=(-0.76,-0.30) yaw=-179.7 d=5.18 goal_err=-40 carrot_err= -38 c0=1.78 clear=1.00 prog=0.23 rel=0.94 bal=+0.51 obs=221 hard=211 obsc=225 yr=  0G nz=0.06 flt=0.02 dmap=+0/-0 shz=4.0 plan=26 cmd=(lx=+0.00,ly=+0.40,rx=+0.45)
  t= 20.6 DWA-F pos=(-0.81,-0.30) yaw=+175.5 d=5.15 goal_err=-36 carrot_err= -28 c0=1.99 clear=1.00 prog=0.23 rel=0.91 bal=+0.52 obs=220 hard=211 obsc=226 yr= 14  nz=0.09 flt=0.00 dmap=+0/-0 shz=4.0 plan=25 cmd=(lx=+0.00,ly=+0.40,rx=+0.00)
  t= 21.1 DWA-F pos=(-0.85,-0.29) yaw=+175.5 d=5.11 goal_err=-36 carrot_err= -29 c0=1.95 clear=1.00 prog=0.24 rel=0.87 bal=+0.50 obs=220 hard=210 obsc=225 yr=  0  nz=0.13 flt=0.00 dmap=+0/-0 shz=4.0 plan=25 cmd=(lx=+0.00,ly=+0.40,rx=+0.00)
  t= 21.5 DWA-F pos=(-0.90,-0.29) yaw=+175.5 d=5.08 goal_err=-36 carrot_err= -30 c0=1.91 clear=1.00 prog=0.24 rel=0.87 bal=+0.49 obs=213 hard=204 obsc=220 yr=  0  nz=0.13 flt=0.01 dmap=+0/-2 shz=4.0 plan=25 cmd=(lx=+0.00,ly=+0.40,rx=+0.00)
  t= 22.0 DWA-F pos=(-0.94,-0.29) yaw=+175.5 d=5.04 goal_err=-37 carrot_err= -34 c0=1.86 clear=1.00 prog=0.24 rel=0.90 bal=+0.47 obs=213 hard=204 obsc=218 yr=  0  nz=0.10 flt=0.00 dmap=+0/-1 shz=4.0 plan=24 cmd=(lx=+0.00,ly=+0.40,rx=+0.00)
  t= 22.4 DWA-F pos=(-0.99,-0.28) yaw=+175.5 d=5.01 goal_err=-37 carrot_err= -35 c0=1.82 clear=1.00 prog=0.26 rel=0.92 bal=+0.46 obs=213 hard=202 obsc=217 yr=  0  nz=0.08 flt=0.00 dmap=+0/-0 shz=4.0 plan=24 cmd=(lx=+0.00,ly=+0.40,rx=+0.00)
  t= 22.9 DWA-F pos=(-1.03,-0.28) yaw=+175.5 d=4.97 goal_err=-37 carrot_err= -37 c0=1.77 clear=1.00 prog=0.26 rel=0.93 bal=+0.30 obs=214 hard=204 obsc=218 yr=  0  nz=0.07 flt=0.00 dmap=+0/-0 shz=4.0 plan=24 cmd=(lx=+0.00,ly=+0.40,rx=+0.00)
  t= 23.3 DWA-F pos=(-1.09,-0.27) yaw=+173.9 d=4.93 goal_err=-36 carrot_err= -37 c0=1.72 clear=1.00 prog=0.28 rel=0.91 bal=+0.28 obs=214 hard=205 obsc=218 yr= 14G nz=0.09 flt=0.00 dmap=+0/-0 shz=4.0 plan=24 cmd=(lx=+0.00,ly=+0.40,rx=+0.00)
  t= 23.8 DWA-F pos=(-1.13,-0.27) yaw=+172.3 d=4.89 goal_err=-35 carrot_err= -30 c0=1.67 clear=1.00 prog=0.28 rel=0.91 bal=+0.27 obs=218 hard=207 obsc=222 yr=  0  nz=0.09 flt=0.00 dmap=+0/-0 shz=4.0 plan=23 cmd=(lx=+0.00,ly=+0.40,rx=+0.00)
  t= 24.2 DWA-F pos=(-1.17,-0.26) yaw=+172.3 d=4.85 goal_err=-35 carrot_err= -31 c0=1.63 clear=1.00 prog=0.28 rel=0.91 bal=+0.26 obs=217 hard=206 obsc=221 yr=  0  nz=0.09 flt=0.00 dmap=+0/-0 shz=4.0 plan=23 cmd=(lx=+0.00,ly=+0.40,rx=+0.00)
  t= 24.7 DWA-F pos=(-1.22,-0.26) yaw=+172.3 d=4.82 goal_err=-35 carrot_err= -32 c0=1.58 clear=1.00 prog=0.28 rel=0.93 bal=+0.25 obs=218 hard=207 obsc=222 yr=  0  nz=0.07 flt=0.01 dmap=+0/-0 shz=3.9 plan=23 cmd=(lx=+0.00,ly=+0.40,rx=+0.00)
  t= 25.1 DWA-F pos=(-1.26,-0.25) yaw=+172.3 d=4.78 goal_err=-36 carrot_err= -34 c0=1.54 clear=1.00 prog=0.27 rel=0.92 bal=+0.23 obs=215 hard=205 obsc=220 yr=  0  nz=0.08 flt=0.00 dmap=+0/-0 shz=4.0 plan=23 cmd=(lx=+0.00,ly=+0.40,rx=+0.00)
  t= 25.6 DWA-F pos=(-1.31,-0.25) yaw=+172.3 d=4.75 goal_err=-36 carrot_err= -35 c0=1.50 clear=1.00 prog=0.27 rel=0.92 bal=+0.22 obs=213 hard=203 obsc=219 yr=  0  nz=0.08 flt=0.02 dmap=+0/-2 shz=4.0 plan=23 cmd=(lx=+0.00,ly=+0.40,rx=+0.00)
  t= 26.0 DWA-F pos=(-1.35,-0.24) yaw=+172.3 d=4.71 goal_err=-36 carrot_err= -37 c0=1.45 clear=0.97 prog=0.27 rel=0.93 bal=+0.21 obs=215 hard=203 obsc=219 yr=  0  nz=0.07 flt=0.02 dmap=+3/-0 shz=4.0 plan=23 cmd=(lx=+0.00,ly=+0.40,rx=+0.00)
  t= 26.5 DWA-F pos=(-1.39,-0.23) yaw=+170.7 d=4.67 goal_err=-35 carrot_err= -37 c0=1.41 clear=0.94 prog=0.27 rel=0.92 bal=+0.21 obs=215 hard=204 obsc=219 yr= 14G nz=0.08 flt=0.00 dmap=+0/-0 shz=4.0 plan=23 cmd=(lx=+0.00,ly=+0.40,rx=+0.00)
  t= 26.9 DWA-F pos=(-1.44,-0.23) yaw=+169.1 d=4.64 goal_err=-34 carrot_err= -18 c0=1.36 clear=0.91 prog=0.27 rel=0.92 bal=+0.20 obs=217 hard=207 obsc=222 yr=  0  nz=0.09 flt=0.00 dmap=+0/-0 shz=3.9 plan=22 cmd=(lx=+0.00,ly=+0.40,rx=+0.00)
  t= 27.4 DWA-F pos=(-1.48,-0.22) yaw=+169.1 d=4.60 goal_err=-34 carrot_err= -19 c0=1.32 clear=0.88 prog=0.27 rel=0.91 bal=+0.19 obs=217 hard=207 obsc=221 yr=  0  nz=0.09 flt=0.00 dmap=+0/-0 shz=4.0 plan=22 cmd=(lx=+0.00,ly=+0.40,rx=+0.00)
  t= 27.8 DWA-F pos=(-1.51,-0.21) yaw=+169.1 d=4.57 goal_err=-34 carrot_err= -20 c0=1.29 clear=0.86 prog=0.26 rel=0.92 bal=+0.06 obs=213 hard=207 obsc=220 yr=  0  nz=0.08 flt=0.02 dmap=+0/-3 shz=4.0 plan=22 cmd=(lx=+0.00,ly=+0.40,rx=+0.00)
  t= 28.3 DWA-F pos=(-1.56,-0.20) yaw=+169.1 d=4.54 goal_err=-35 carrot_err= -25 c0=1.24 clear=0.83 prog=0.26 rel=0.92 bal=+0.06 obs=214 hard=204 obsc=218 yr=  0  nz=0.08 flt=0.01 dmap=+0/-0 shz=4.0 plan=21 cmd=(lx=+0.00,ly=+0.40,rx=+0.00)
  t= 28.7 DWA-F pos=(-1.60,-0.19) yaw=+169.1 d=4.50 goal_err=-35 carrot_err= -26 c0=1.20 clear=0.80 prog=0.26 rel=0.93 bal=+0.06 obs=217 hard=207 obsc=221 yr=  0  nz=0.07 flt=0.03 dmap=+0/-0 shz=4.0 plan=21 cmd=(lx=+0.00,ly=+0.40,rx=+0.00)
  t= 29.2 DWA-F pos=(-1.65,-0.18) yaw=+169.1 d=4.45 goal_err=-35 carrot_err= -27 c0=1.15 clear=0.76 prog=0.27 rel=0.91 bal=+0.06 obs=215 hard=206 obsc=220 yr=  0  nz=0.09 flt=0.01 dmap=+0/-0 shz=4.0 plan=21 cmd=(lx=+0.00,ly=+0.40,rx=+0.00)
  t= 29.6 DWA-F pos=(-1.70,-0.17) yaw=+169.1 d=4.42 goal_err=-36 carrot_err= -28 c0=1.10 clear=0.73 prog=0.28 rel=0.91 bal=+0.06 obs=214 hard=205 obsc=219 yr=  0  nz=0.09 flt=0.00 dmap=+0/-1 shz=4.0 plan=21 cmd=(lx=+0.00,ly=+0.40,rx=+0.00)
  t= 30.1 DWA-F pos=(-1.74,-0.17) yaw=+169.1 d=4.38 goal_err=-36 carrot_err= -23 c0=1.06 clear=0.71 prog=0.28 rel=0.90 bal=+0.06 obs=213 hard=206 obsc=218 yr=  0  nz=0.10 flt=0.00 dmap=+0/-1 shz=4.0 plan=20 cmd=(lx=+0.00,ly=+0.40,rx=+0.00)
  t= 30.5 DWA-F pos=(-1.79,-0.16) yaw=+169.1 d=4.35 goal_err=-36 carrot_err= -23 c0=1.02 clear=0.68 prog=0.28 rel=0.91 bal=+0.06 obs=213 hard=205 obsc=219 yr=  0  nz=0.09 flt=0.02 dmap=+0/-0 shz=4.0 plan=20 cmd=(lx=+0.00,ly=+0.40,rx=+0.00)
  t= 31.0 DWA-F pos=(-1.83,-0.15) yaw=+169.1 d=4.31 goal_err=-37 carrot_err= -25 c0=0.97 clear=0.65 prog=0.28 rel=0.92 bal=+0.05 obs=214 hard=204 obsc=218 yr=  0  nz=0.08 flt=0.02 dmap=+0/-0 shz=4.0 plan=20 cmd=(lx=+0.00,ly=+0.40,rx=+0.00)
  t= 31.4 DWA-F pos=(-1.86,-0.14) yaw=+169.1 d=4.28 goal_err=-37 carrot_err= -25 c0=0.94 clear=0.63 prog=0.25 rel=0.92 bal=+0.04 obs=213 hard=203 obsc=217 yr=  0  nz=0.08 flt=0.01 dmap=+0/-0 shz=4.0 plan=20 cmd=(lx=+0.00,ly=+0.40,rx=+0.00)
  t= 31.9 DWA-F pos=(-1.91,-0.13) yaw=+169.1 d=4.25 goal_err=-37 carrot_err= -27 c0=0.90 clear=0.60 prog=0.25 rel=0.93 bal=+0.04 obs=215 hard=206 obsc=219 yr=  0  nz=0.07 flt=0.01 dmap=+1/-1 shz=4.0 plan=20 cmd=(lx=+0.00,ly=+0.40,rx=+0.00)
  t= 32.3 DWA-F pos=(-1.95,-0.13) yaw=+169.1 d=4.21 goal_err=-38 carrot_err= -30 c0=0.85 clear=0.57 prog=0.25 rel=0.92 bal=+0.04 obs=215 hard=207 obsc=218 yr=  0  nz=0.08 flt=0.00 dmap=+1/-0 shz=4.0 plan=20 cmd=(lx=+0.00,ly=+0.40,rx=+0.00)
  t= 32.7 DWA-F pos=(-1.99,-0.12) yaw=+169.1 d=4.18 goal_err=-38 carrot_err= -31 c0=0.81 clear=0.54 prog=0.25 rel=0.93 bal=+0.04 obs=218 hard=207 obsc=221 yr=  0  nz=0.07 flt=0.00 dmap=+0/-0 shz=4.0 plan=20 cmd=(lx=+0.00,ly=+0.40,rx=+0.45)
  t= 33.2 DWA-F pos=(-2.03,-0.11) yaw=+165.9 d=4.15 goal_err=-35 carrot_err= -19 c0=0.78 clear=0.52 prog=0.25 rel=0.91 bal=+0.04 obs=223 hard=211 obsc=226 yr=  0  nz=0.09 flt=0.24 dmap=+0/-0 shz=4.0 plan=19 cmd=(lx=+0.00,ly=+0.40,rx=+0.00)
  t= 33.6 DWA-F pos=(-2.07,-0.10) yaw=+165.9 d=4.12 goal_err=-36 carrot_err= -20 c0=0.74 clear=0.49 prog=0.25 rel=0.92 bal=-0.07 obs=224 hard=215 obsc=228 yr=  0  nz=0.08 flt=0.03 dmap=+1/-0 shz=4.0 plan=19 cmd=(lx=+0.00,ly=+0.40,rx=+0.00)
  t= 34.1 DWA-F pos=(-2.11,-0.09) yaw=+165.9 d=4.08 goal_err=-36 carrot_err= -24 c0=0.70 clear=0.47 prog=0.25 rel=0.93 bal=-0.09 obs=224 hard=216 obsc=229 yr=  0  nz=0.07 flt=0.01 dmap=+1/-2 shz=4.0 plan=19 cmd=(lx=+0.00,ly=+0.40,rx=+0.00)
  t= 34.5 DWA-F pos=(-2.15,-0.08) yaw=+165.9 d=4.04 goal_err=-36 carrot_err= -25 c0=0.66 clear=0.44 prog=0.25 rel=0.92 bal=-0.25 obs=221 hard=215 obsc=228 yr=  0  nz=0.08 flt=0.01 dmap=+0/-0 shz=4.0 plan=18 cmd=(lx=+0.00,ly=+0.40,rx=+0.00)
  t= 35.0 DWA-F pos=(-2.20,-0.07) yaw=+165.9 d=4.01 goal_err=-37 carrot_err= -26 c0=0.81 clear=0.54 prog=0.25 rel=0.90 bal=-0.40 obs=222 hard=212 obsc=225 yr=  0  nz=0.10 flt=0.01 dmap=+0/-0 shz=4.0 plan=18 cmd=(lx=+0.00,ly=+0.40,rx=+0.00)
  t= 35.4 DWA-F pos=(-2.24,-0.06) yaw=+165.9 d=3.97 goal_err=-37 carrot_err= -27 c0=0.77 clear=0.52 prog=0.26 rel=0.90 bal=-0.54 obs=223 hard=213 obsc=227 yr=  0  nz=0.10 flt=0.01 dmap=+0/-0 shz=4.0 plan=18 cmd=(lx=+0.00,ly=+0.40,rx=+0.00)
  t= 35.9 DWA-F pos=(-2.28,-0.05) yaw=+165.9 d=3.94 goal_err=-37 carrot_err= -28 c0=0.92 clear=0.61 prog=0.26 rel=0.88 bal=-0.54 obs=224 hard=213 obsc=229 yr=  0  nz=0.12 flt=0.02 dmap=+1/-2 shz=3.9 plan=18 cmd=(lx=+0.00,ly=+0.40,rx=+0.00)
  t= 36.4 DWA-F pos=(-2.33,-0.04) yaw=+165.9 d=3.90 goal_err=-38 carrot_err= -29 c0=0.87 clear=0.58 prog=0.26 rel=0.91 bal=-0.54 obs=223 hard=214 obsc=228 yr=  0  nz=0.09 flt=0.01 dmap=+0/-2 shz=4.0 plan=17 cmd=(lx=+0.00,ly=+0.40,rx=+0.45)
  t= 36.8 DWA-F pos=(-2.37,-0.02) yaw=+162.7 d=3.87 goal_err=-35 carrot_err= -27 c0=0.83 clear=0.55 prog=0.24 rel=0.91 bal=-0.54 obs=223 hard=214 obsc=228 yr=  0  nz=0.09 flt=0.03 dmap=+0/-0 shz=4.0 plan=17 cmd=(lx=+0.00,ly=+0.40,rx=+0.00)
  t= 37.3 DWA-F pos=(-2.41,-0.01) yaw=+162.7 d=3.83 goal_err=-35 carrot_err= -29 c0=0.79 clear=0.53 prog=0.26 rel=0.92 bal=-0.53 obs=225 hard=214 obsc=229 yr=  0G nz=0.09 flt=0.00 dmap=+0/-0 shz=3.9 plan=17 cmd=(lx=+0.00,ly=+0.40,rx=+0.45)
  t= 37.7 DWA-F pos=(-2.45,+0.00) yaw=+159.5 d=3.79 goal_err=-33 carrot_err= -27 c0=0.75 clear=0.50 prog=0.26 rel=0.91 bal=-0.52 obs=224 hard=214 obsc=230 yr=  0  nz=0.09 flt=0.02 dmap=+0/-0 shz=4.0 plan=17 cmd=(lx=+0.00,ly=+0.40,rx=+0.00)
  t= 38.2 DWA-F pos=(-2.50,+0.02) yaw=+159.5 d=3.76 goal_err=-33 carrot_err= -28 c0=0.70 clear=0.47 prog=0.27 rel=0.91 bal=-0.49 obs=225 hard=213 obsc=228 yr=  0  nz=0.09 flt=0.01 dmap=+2/-0 shz=3.9 plan=17 cmd=(lx=+0.00,ly=+0.40,rx=+0.45)
  t= 38.6 DWA-F pos=(-2.54,+0.04) yaw=+156.3 d=3.72 goal_err=-30 carrot_err= -27 c0=1.08 clear=0.72 prog=0.28 rel=0.91 bal=-0.49 obs=225 hard=215 obsc=230 yr=  0  nz=0.09 flt=0.03 dmap=+2/-2 shz=4.0 plan=17 cmd=(lx=+0.00,ly=+0.40,rx=+0.00)
  t= 39.1 ENG-F pos=(-2.58,+0.05) yaw=+156.3 d=3.68 goal_err=-30 carrot_err= -26 c0=1.03 clear=0.69 prog=0.28 rel=0.74 bal=-0.37 obs=224 hard=216 obsc=230 yr=  0  nz=0.26 flt=0.01 dmap=+0/-0 shz=4.0 plan=17 cmd=(lx=+0.00,ly=+0.28,rx=+0.00)
  t= 39.5 ENG-F pos=(-2.61,+0.07) yaw=+156.3 d=3.65 goal_err=-31 carrot_err= -27 c0=1.00 clear=0.67 prog=0.27 rel=0.74 bal=-0.37 obs=225 hard=215 obsc=230 yr=  0  nz=0.26 flt=0.02 dmap=+0/-0 shz=4.0 plan=17 cmd=(lx=+0.00,ly=+0.28,rx=+0.00)
  t= 39.9 ENG-F pos=(-2.64,+0.08) yaw=+156.3 d=3.62 goal_err=-31 carrot_err= -28 c0=0.96 clear=0.64 prog=0.26 rel=0.81 bal=-0.37 obs=228 hard=215 obsc=231 yr=  0  nz=0.20 flt=0.00 dmap=+0/-0 shz=4.0 plan=17 cmd=(lx=+0.00,ly=+0.28,rx=+0.00)
  t= 40.4 ENG-F pos=(-2.67,+0.09) yaw=+156.3 d=3.60 goal_err=-31 carrot_err= -29 c0=0.94 clear=0.62 prog=0.23 rel=0.95 bal=-0.36 obs=228 hard=217 obsc=232 yr=  0  nz=0.05 flt=0.01 dmap=+1/-1 shz=4.0 plan=17 cmd=(lx=+0.00,ly=+0.28,rx=+0.00)
  t= 40.8 ENG-F pos=(-2.70,+0.11) yaw=+156.3 d=3.57 goal_err=-32 carrot_err= -21 c0=0.90 clear=0.60 prog=0.22 rel=0.93 bal=-0.36 obs=227 hard=217 obsc=231 yr=  0  nz=0.07 flt=0.02 dmap=+1/-0 shz=4.0 plan=16 cmd=(lx=+0.00,ly=+0.28,rx=+0.00)
  t= 41.3 ENG-F pos=(-2.73,+0.12) yaw=+156.3 d=3.53 goal_err=-32 carrot_err= -22 c0=0.87 clear=0.58 prog=0.22 rel=0.94 bal=-0.36 obs=229 hard=217 obsc=232 yr=  0  nz=0.06 flt=0.00 dmap=+0/-0 shz=4.0 plan=16 cmd=(lx=+0.00,ly=+0.28,rx=+0.00)
  t= 41.7 ENG-F pos=(-2.77,+0.14) yaw=+156.3 d=3.50 goal_err=-32 carrot_err= -23 c0=0.84 clear=0.56 prog=0.22 rel=0.93 bal=-0.29 obs=227 hard=219 obsc=232 yr=  0  nz=0.07 flt=0.00 dmap=+0/-0 shz=4.0 plan=16 cmd=(lx=+0.00,ly=+0.28,rx=+0.00)
  t= 42.2 ENG-F pos=(-2.79,+0.15) yaw=+156.3 d=3.48 goal_err=-32 carrot_err= -23 c0=0.81 clear=0.54 prog=0.22 rel=0.94 bal=-0.30 obs=229 hard=219 obsc=232 yr=  0  nz=0.06 flt=0.00 dmap=+1/-0 shz=4.0 plan=16 cmd=(lx=+0.00,ly=+0.28,rx=+0.00)
  t= 42.6 ENG-F pos=(-2.82,+0.16) yaw=+156.3 d=3.45 goal_err=-33 carrot_err= -24 c0=0.78 clear=0.52 prog=0.22 rel=0.95 bal=-0.30 obs=229 hard=220 obsc=232 yr=  0  nz=0.05 flt=0.01 dmap=+1/-1 shz=4.0 plan=16 cmd=(lx=+0.00,ly=+0.28,rx=+0.00)
  t= 43.1 ENG-F pos=(-2.86,+0.18) yaw=+156.3 d=3.42 goal_err=-33 carrot_err= -25 c0=0.74 clear=0.49 prog=0.22 rel=0.95 bal=-0.31 obs=229 hard=220 obsc=231 yr=  0  nz=0.05 flt=0.00 dmap=+0/-0 shz=4.0 plan=16 cmd=(lx=+0.00,ly=+0.28,rx=+0.00)
  t= 43.5 ENG-F pos=(-2.89,+0.19) yaw=+156.3 d=3.39 goal_err=-33 carrot_err= -26 c0=0.71 clear=0.47 prog=0.22 rel=0.94 bal=-0.31 obs=230 hard=220 obsc=233 yr=  0  nz=0.06 flt=0.01 dmap=+0/-0 shz=4.0 plan=16 cmd=(lx=+0.00,ly=+0.28,rx=+0.00)
  t= 43.9 ENG-F pos=(-2.92,+0.21) yaw=+154.7 d=3.36 goal_err=-32 carrot_err= -26 c0=0.70 clear=0.47 prog=0.21 rel=0.94 bal=-0.19 obs=231 hard=223 obsc=234 yr= 14G nz=0.06 flt=0.17 dmap=+0/-0 shz=4.0 plan=16 cmd=(lx=+0.00,ly=+0.28,rx=+0.00)
  t= 44.4 ENG-F pos=(-2.95,+0.22) yaw=+153.0 d=3.34 goal_err=-31 carrot_err= -25 c0=0.68 clear=0.45 prog=0.21 rel=0.96 bal=-0.20 obs=229 hard=222 obsc=233 yr=  0  nz=0.04 flt=0.00 dmap=+0/-2 shz=4.0 plan=16 cmd=(lx=+0.00,ly=+0.28,rx=+0.00)
  t= 44.8 ENG-T pos=(-2.98,+0.23) yaw=+153.0 d=3.31 goal_err=-31 carrot_err= -26 c0=0.64 clear=0.43 prog=0.22 rel=0.96 bal=-0.20 obs=230 hard=220 obsc=232 yr=  0  nz=0.04 flt=0.01 dmap=+0/-0 shz=4.0 plan=16 cmd=(lx=+0.00,ly=+0.00,rx=+0.45)
  t= 45.3 ENG-F pos=(-3.00,+0.24) yaw=+149.8 d=3.29 goal_err=-28 carrot_err= -24 c0=0.62 clear=0.42 prog=0.19 rel=0.94 bal=-0.20 obs=241 hard=229 obsc=243 yr=  0  nz=0.06 flt=0.30 dmap=+0/-0 shz=4.0 plan=16 cmd=(lx=+0.00,ly=+0.28,rx=+0.00)
  t= 45.7 ENG-F pos=(-3.03,+0.26) yaw=+149.8 d=3.26 goal_err=-28 carrot_err= -25 c0=0.59 clear=0.39 prog=0.20 rel=0.94 bal=-0.24 obs=242 hard=232 obsc=244 yr=  0  nz=0.06 flt=0.01 dmap=+1/-0 shz=4.0 plan=16 cmd=(lx=+0.00,ly=+0.28,rx=+0.00)
  t= 46.1 ENG-F pos=(-3.04,+0.27) yaw=+146.6 d=3.24 goal_err=-25 carrot_err= -23 c0=0.57 clear=0.38 prog=0.18 rel=0.95 bal=-0.25 obs=241 hard=230 obsc=244 yr= 14  nz=0.05 flt=0.18 dmap=+0/-1 shz=4.0 plan=16 cmd=(lx=+0.00,ly=+0.28,rx=+0.00)
  t= 46.6 ENG-F pos=(-3.07,+0.29) yaw=+146.6 d=3.21 goal_err=-26 carrot_err= -24 c0=0.54 clear=0.36 prog=0.19 rel=0.95 bal=-0.25 obs=242 hard=232 obsc=244 yr=  0  nz=0.05 flt=0.01 dmap=+0/-0 shz=4.0 plan=16 cmd=(lx=+0.00,ly=+0.28,rx=+0.00)
  t= 47.0 ENG-T pos=(-3.09,+0.30) yaw=+146.6 d=3.19 goal_err=-26 carrot_err= -21 c0=0.59 clear=0.39 prog=0.19 rel=0.96 bal=-0.21 obs=238 hard=230 obsc=241 yr=  0G nz=0.04 flt=0.01 dmap=+0/-0 shz=4.0 plan=15 cmd=(lx=+0.00,ly=+0.00,rx=+0.45)
  t= 47.5 ENG-F pos=(-3.11,+0.31) yaw=+143.4 d=3.17 goal_err=-23 carrot_err= -18 c0=0.57 clear=0.38 prog=0.17 rel=0.96 bal=-0.20 obs=240 hard=229 obsc=243 yr=  0  nz=0.04 flt=0.14 dmap=+2/-0 shz=4.0 plan=15 cmd=(lx=+0.00,ly=+0.28,rx=+0.00)
  t= 47.9 ENG-T pos=(-3.13,+0.33) yaw=+143.4 d=3.14 goal_err=-23 carrot_err= -18 c0=0.54 clear=0.36 prog=0.17 rel=0.96 bal=-0.20 obs=241 hard=231 obsc=244 yr=  0G nz=0.04 flt=0.02 dmap=+0/-0 shz=4.0 plan=15 cmd=(lx=+0.00,ly=+0.00,rx=+0.45)
  t= 48.3 ENG-F pos=(-3.15,+0.34) yaw=+140.2 d=3.13 goal_err=-20 carrot_err= -16 c0=0.52 clear=0.35 prog=0.17 rel=0.95 bal=-0.19 obs=239 hard=230 obsc=243 yr=  0  nz=0.04 flt=0.02 dmap=+0/-0 shz=4.0 plan=15 cmd=(lx=+0.00,ly=+0.28,rx=+0.00)
  t= 48.8 ENG-T pos=(-3.17,+0.36) yaw=+140.2 d=3.10 goal_err=-20 carrot_err= -16 c0=0.67 clear=0.45 prog=0.18 rel=0.89 bal=+0.44 obs=238 hard=226 obsc=240 yr=  0G nz=0.11 flt=0.00 dmap=+0/-0 shz=4.0 plan=15 cmd=(lx=+0.00,ly=+0.00,rx=+0.45)
  t= 49.2 ENG-F pos=(-3.18,+0.37) yaw=+137.0 d=3.08 goal_err=-17 carrot_err= -13 c0=0.66 clear=0.44 prog=0.16 rel=0.88 bal=+0.45 obs=237 hard=228 obsc=242 yr=  0  nz=0.12 flt=0.01 dmap=+1/-3 shz=4.0 plan=15 cmd=(lx=+0.00,ly=+0.28,rx=+0.00)
  t= 49.7 ENG-T pos=(-3.20,+0.39) yaw=+137.0 d=3.06 goal_err=-17 carrot_err= -14 c0=0.63 clear=0.42 prog=0.17 rel=0.90 bal=+0.46 obs=236 hard=227 obsc=240 yr=  0G nz=0.10 flt=0.00 dmap=+0/-0 shz=4.0 plan=15 cmd=(lx=+0.00,ly=+0.00,rx=+0.45)
  t= 50.1 ENG-F pos=(-3.21,+0.40) yaw=+133.8 d=3.04 goal_err=-14 carrot_err= -11 c0=1.07 clear=0.71 prog=0.16 rel=0.76 bal=+0.47 obs=241 hard=230 obsc=243 yr=  0  nz=0.24 flt=0.01 dmap=+1/-0 shz=4.0 plan=15 cmd=(lx=+0.00,ly=+0.28,rx=+0.00)
  t= 50.6 ENG-F pos=(-3.23,+0.42) yaw=+132.2 d=3.02 goal_err=-12 carrot_err=  -9 c0=0.86 clear=0.58 prog=0.14 rel=0.75 bal=+0.48 obs=241 hard=232 obsc=244 yr= 14G nz=0.25 flt=0.00 dmap=+0/-0 shz=4.0 plan=15 cmd=(lx=+0.00,ly=+0.28,rx=+0.00)
  t= 51.0 ENG-F pos=(-3.24,+0.43) yaw=+130.6 d=3.00 goal_err=-11 carrot_err=  -8 c0=0.84 clear=0.56 prog=0.16 rel=0.76 bal=+0.49 obs=241 hard=232 obsc=243 yr=  0  nz=0.24 flt=0.01 dmap=+1/-0 shz=4.0 plan=15 cmd=(lx=+0.00,ly=+0.28,rx=+0.00)
  t= 51.5 ENG-GO pos=(-3.25,+0.45) yaw=+130.6 d=2.98 goal_err=-11 carrot_err=  -8 c0=0.82 clear=0.55 prog=0.15 rel=0.86 bal=+0.50 obs=240 hard=232 obsc=243 yr=  0  nz=0.14 flt=0.00 dmap=+0/-1 shz=4.0 plan=15 cmd=(lx=+0.00,ly=+0.28,rx=+0.00)
  t= 51.9 ENG-GO pos=(-3.27,+0.47) yaw=+130.6 d=2.95 goal_err=-11 carrot_err=  -9 c0=1.25 clear=0.83 prog=0.18 rel=0.95 bal=-0.13 obs=240 hard=232 obsc=243 yr=  0  nz=0.05 flt=0.01 dmap=+0/-0 shz=4.0 plan=15 cmd=(lx=+0.00,ly=+0.28,rx=+0.00)
  t= 52.3 ENG-GO pos=(-3.29,+0.50) yaw=+130.6 d=2.92 goal_err=-11 carrot_err=  -9 c0=1.22 clear=0.81 prog=0.18 rel=0.70 bal=+0.53 obs=238 hard=230 obsc=242 yr=  0  nz=0.30 flt=0.00 dmap=+0/-0 shz=4.0 plan=15 cmd=(lx=+0.00,ly=+0.28,rx=+0.00)
  t= 52.8 ENG-GO pos=(-3.31,+0.51) yaw=+130.6 d=2.90 goal_err=-11 carrot_err=  -5 c0=1.29 clear=0.86 prog=0.20 rel=0.68 bal=+0.54 obs=240 hard=229 obsc=242 yr=  0  nz=0.32 flt=0.00 dmap=+0/-0 shz=4.0 plan=15 cmd=(lx=+0.00,ly=+0.28,rx=+0.00)
  t= 53.2 ENG-GO pos=(-3.33,+0.54) yaw=+130.6 d=2.87 goal_err=-11 carrot_err=  -3 c0=1.26 clear=0.84 prog=0.20 rel=0.73 bal=+0.55 obs=238 hard=228 obsc=241 yr=  0  nz=0.27 flt=0.02 dmap=+1/-1 shz=4.0 plan=13 cmd=(lx=+0.00,ly=+0.28,rx=+0.00)
  t= 53.6 ENG-GO pos=(-3.35,+0.56) yaw=+130.6 d=2.84 goal_err=-11 carrot_err=  -3 c0=1.23 clear=0.82 prog=0.22 rel=0.95 bal=+0.57 obs=237 hard=229 obsc=240 yr=  0  nz=0.05 flt=0.00 dmap=+0/-0 shz=4.0 plan=13 cmd=(lx=+0.00,ly=+0.28,rx=+0.00)
  t= 54.1 ENG-GO pos=(-3.37,+0.59) yaw=+130.6 d=2.80 goal_err=-12 carrot_err=  -3 c0=1.19 clear=0.80 prog=0.23 rel=0.94 bal=+0.01 obs=240 hard=230 obsc=242 yr=  0  nz=0.06 flt=0.00 dmap=+0/-0 shz=4.0 plan=13 cmd=(lx=+0.00,ly=+0.28,rx=+0.00)
  t= 54.5 ENG-GO pos=(-3.40,+0.62) yaw=+130.6 d=2.77 goal_err=-12 carrot_err=  -3 c0=1.16 clear=0.77 prog=0.25 rel=0.93 bal=+0.01 obs=243 hard=232 obsc=245 yr=  0  nz=0.07 flt=0.00 dmap=+1/-0 shz=4.0 plan=13 cmd=(lx=+0.00,ly=+0.28,rx=+0.00)
  t= 55.0 ENG-GO pos=(-3.42,+0.65) yaw=+130.6 d=2.73 goal_err=-12 carrot_err=  -3 c0=1.13 clear=0.75 prog=0.26 rel=0.94 bal=+0.02 obs=240 hard=232 obsc=244 yr=  0  nz=0.06 flt=0.00 dmap=+0/-2 shz=4.0 plan=13 cmd=(lx=+0.00,ly=+0.28,rx=+0.00)
  t= 55.4 ENG-GO pos=(-3.44,+0.67) yaw=+130.6 d=2.69 goal_err=-12 carrot_err=  -3 c0=1.09 clear=0.73 prog=0.26 rel=0.93 bal=+0.02 obs=240 hard=230 obsc=242 yr=  0  nz=0.07 flt=0.00 dmap=+0/-0 shz=4.0 plan=13 cmd=(lx=+0.00,ly=+0.28,rx=+0.00)
  t= 55.8 ENG-GO pos=(-3.47,+0.70) yaw=+130.6 d=2.66 goal_err=-12 carrot_err=  -3 c0=1.06 clear=0.71 prog=0.27 rel=0.94 bal=-0.02 obs=238 hard=232 obsc=244 yr=  0  nz=0.06 flt=0.00 dmap=+0/-0 shz=4.0 plan=13 cmd=(lx=+0.00,ly=+0.28,rx=+0.00)
  t= 56.3 ENG-GO pos=(-3.49,+0.73) yaw=+130.6 d=2.62 goal_err=-12 carrot_err=  -3 c0=1.03 clear=0.68 prog=0.27 rel=0.93 bal=+0.02 obs=237 hard=229 obsc=241 yr=  0  nz=0.07 flt=0.00 dmap=+1/-2 shz=4.0 plan=12 cmd=(lx=+0.00,ly=+0.28,rx=+0.00)
  t= 56.7 ENG-GO pos=(-3.51,+0.75) yaw=+130.6 d=2.59 goal_err=-13 carrot_err=  -4 c0=0.99 clear=0.66 prog=0.27 rel=0.94 bal=+0.02 obs=235 hard=227 obsc=239 yr=  0  nz=0.06 flt=0.00 dmap=+0/-2 shz=4.0 plan=12 cmd=(lx=+0.00,ly=+0.28,rx=+0.00)
  t= 57.2 ENG-GO pos=(-3.54,+0.78) yaw=+130.6 d=2.55 goal_err=-13 carrot_err=  -4 c0=0.96 clear=0.64 prog=0.27 rel=0.93 bal=+0.02 obs=235 hard=227 obsc=237 yr=  0  nz=0.07 flt=0.01 dmap=+0/-0 shz=4.0 plan=12 cmd=(lx=+0.00,ly=+0.28,rx=+0.00)
  t= 57.6 ENG-GO pos=(-3.56,+0.81) yaw=+130.6 d=2.52 goal_err=-13 carrot_err=  -4 c0=0.93 clear=0.62 prog=0.27 rel=0.93 bal=+0.02 obs=235 hard=226 obsc=237 yr=  0  nz=0.07 flt=0.03 dmap=+0/-0 shz=4.0 plan=12 cmd=(lx=+0.00,ly=+0.28,rx=+0.00)
  t= 58.0 ENG-GO pos=(-3.58,+0.84) yaw=+130.6 d=2.48 goal_err=-13 carrot_err=  -2 c0=0.99 clear=0.66 prog=0.27 rel=0.93 bal=+0.02 obs=236 hard=226 obsc=239 yr=  0  nz=0.07 flt=0.00 dmap=+1/-1 shz=4.0 plan=12 cmd=(lx=+0.00,ly=+0.28,rx=+0.00)
  t= 58.5 ENG-GO pos=(-3.61,+0.86) yaw=+130.6 d=2.45 goal_err=-13 carrot_err=  -2 c0=0.96 clear=0.64 prog=0.27 rel=0.95 bal=+0.01 obs=234 hard=225 obsc=238 yr=  0  nz=0.05 flt=0.00 dmap=+1/-1 shz=4.0 plan=12 cmd=(lx=+0.00,ly=+0.28,rx=+0.00)
  t= 58.9 ENG-GO pos=(-3.63,+0.89) yaw=+130.6 d=2.41 goal_err=-13 carrot_err=  -2 c0=0.92 clear=0.61 prog=0.26 rel=0.95 bal=+0.01 obs=236 hard=225 obsc=238 yr=  0  nz=0.05 flt=0.00 dmap=+0/-0 shz=4.0 plan=12 cmd=(lx=+0.00,ly=+0.28,rx=+0.00)
  t= 59.4 ENG-GO pos=(-3.65,+0.92) yaw=+130.6 d=2.38 goal_err=-14 carrot_err=  -2 c0=0.89 clear=0.59 prog=0.26 rel=0.93 bal=-0.11 obs=235 hard=228 obsc=238 yr=  0  nz=0.07 flt=0.00 dmap=+0/-0 shz=4.0 plan=11 cmd=(lx=+0.00,ly=+0.28,rx=+0.00)
  t= 59.8 ENG-GO pos=(-3.67,+0.94) yaw=+130.6 d=2.35 goal_err=-14 carrot_err=  -2 c0=0.86 clear=0.57 prog=0.25 rel=0.93 bal=+0.01 obs=234 hard=225 obsc=237 yr=  0  nz=0.07 flt=0.00 dmap=+0/-0 shz=4.0 plan=11 cmd=(lx=+0.00,ly=+0.28,rx=+0.00)
  t= 60.3 ENG-GO pos=(-3.69,+0.97) yaw=+130.6 d=2.32 goal_err=-14 carrot_err=  -2 c0=0.83 clear=0.55 prog=0.25 rel=0.94 bal=+0.00 obs=234 hard=224 obsc=236 yr=  0  nz=0.06 flt=0.00 dmap=+1/-0 shz=4.0 plan=11 cmd=(lx=+0.00,ly=+0.28,rx=+0.00)
  t= 60.7 ENG-GO pos=(-3.72,+0.99) yaw=+130.6 d=2.28 goal_err=-14 carrot_err=  -2 c0=0.79 clear=0.53 prog=0.25 rel=0.93 bal=-0.00 obs=235 hard=226 obsc=238 yr=  0  nz=0.07 flt=0.01 dmap=+1/-0 shz=4.0 plan=11 cmd=(lx=+0.00,ly=+0.28,rx=+0.00)
  t= 61.2 ENG-GO pos=(-3.74,+1.02) yaw=+130.6 d=2.25 goal_err=-15 carrot_err=  -0 c0=0.76 clear=0.51 prog=0.25 rel=0.94 bal=-0.01 obs=235 hard=227 obsc=237 yr=  0  nz=0.06 flt=0.00 dmap=+0/-0 shz=4.0 plan=11 cmd=(lx=+0.00,ly=+0.28,rx=+0.00)
  t= 61.6 ENG-GO pos=(-3.77,+1.05) yaw=+130.6 d=2.21 goal_err=-15 carrot_err=  -0 c0=0.73 clear=0.48 prog=0.26 rel=0.93 bal=-0.02 obs=233 hard=225 obsc=235 yr=  0  nz=0.07 flt=0.00 dmap=+0/-0 shz=4.0 plan=11 cmd=(lx=+0.00,ly=+0.28,rx=+0.00)
  t= 62.0 ENG-GO pos=(-3.79,+1.08) yaw=+130.6 d=2.18 goal_err=-15 carrot_err=  -0 c0=0.69 clear=0.46 prog=0.26 rel=0.94 bal=-0.02 obs=229 hard=221 obsc=230 yr=  0  nz=0.06 flt=0.00 dmap=+1/-4 shz=4.0 plan=11 cmd=(lx=+0.00,ly=+0.28,rx=+0.00)
  t= 62.5 ENG-GO pos=(-3.81,+1.10) yaw=+130.6 d=2.15 goal_err=-15 carrot_err=  -0 c0=0.67 clear=0.45 prog=0.25 rel=0.94 bal=-0.03 obs=229 hard=220 obsc=230 yr=  0  nz=0.06 flt=0.02 dmap=+0/-0 shz=4.0 plan=11 cmd=(lx=+0.00,ly=+0.28,rx=+0.00)
  t= 62.9 ENG-GO pos=(-3.83,+1.12) yaw=+130.6 d=2.12 goal_err=-15 carrot_err=  -0 c0=0.63 clear=0.42 prog=0.25 rel=0.94 bal=-0.04 obs=230 hard=220 obsc=232 yr=  0  nz=0.06 flt=0.00 dmap=+0/-0 shz=4.0 plan=11 cmd=(lx=+0.00,ly=+0.28,rx=+0.00)
  t= 63.4 ENG-GO pos=(-3.85,+1.15) yaw=+130.6 d=2.08 goal_err=-16 carrot_err=  -8 c0=0.60 clear=0.40 prog=0.25 rel=0.93 bal=-0.07 obs=231 hard=221 obsc=233 yr=  0  nz=0.07 flt=0.00 dmap=+1/-0 shz=4.0 plan=11 cmd=(lx=+0.00,ly=+0.28,rx=+0.00)
  t= 63.8 ENG-GO pos=(-3.87,+1.17) yaw=+130.6 d=2.06 goal_err=-16 carrot_err=  -8 c0=0.85 clear=0.56 prog=0.23 rel=0.85 bal=+0.01 obs=226 hard=219 obsc=228 yr=  0  nz=0.15 flt=0.01 dmap=+2/-1 shz=4.0 plan=11 cmd=(lx=+0.00,ly=+0.28,rx=+0.00)
  t= 64.2 ENG-GO pos=(-3.89,+1.20) yaw=+130.6 d=2.02 goal_err=-16 carrot_err=  -1 c0=0.81 clear=0.54 prog=0.25 rel=0.82 bal=+0.08 obs=228 hard=220 obsc=229 yr=  0  nz=0.18 flt=0.01 dmap=+2/-0 shz=4.0 plan=10 cmd=(lx=+0.00,ly=+0.28,rx=+0.00)
  t= 64.7 ENG-GO pos=(-3.92,+1.23) yaw=+130.6 d=1.99 goal_err=-16 carrot_err=  -1 c0=0.78 clear=0.52 prog=0.25 rel=0.86 bal=+0.08 obs=225 hard=219 obsc=229 yr=  0  nz=0.14 flt=0.00 dmap=+0/-0 shz=4.0 plan=10 cmd=(lx=+0.00,ly=+0.28,rx=+0.00)
  t= 65.1 ENG-GO pos=(-3.94,+1.25) yaw=+130.6 d=1.95 goal_err=-17 carrot_err=  -1 c0=0.74 clear=0.50 prog=0.25 rel=0.93 bal=+0.07 obs=221 hard=212 obsc=222 yr=  0  nz=0.07 flt=0.00 dmap=+0/-0 shz=4.0 plan=10 cmd=(lx=+0.00,ly=+0.28,rx=+0.00)
  t= 65.6 ENG-GO pos=(-3.96,+1.28) yaw=+130.6 d=1.92 goal_err=-17 carrot_err=  -9 c0=0.71 clear=0.47 prog=0.26 rel=0.94 bal=+0.01 obs=221 hard=213 obsc=223 yr=  0  nz=0.06 flt=0.00 dmap=+0/-1 shz=4.0 plan=10 cmd=(lx=+0.00,ly=+0.28,rx=+0.00)
  t= 66.0 ENG-GO pos=(-3.98,+1.30) yaw=+130.6 d=1.89 goal_err=-17 carrot_err= -16 c0=0.69 clear=0.46 prog=0.24 rel=0.94 bal=-0.00 obs=220 hard=212 obsc=222 yr=  0  nz=0.06 flt=0.00 dmap=+0/-2 shz=4.0 plan=10 cmd=(lx=+0.00,ly=+0.28,rx=+0.00)
  t= 66.4 ENG-GO pos=(-4.01,+1.33) yaw=+130.6 d=1.86 goal_err=-18 carrot_err= -16 c0=0.65 clear=0.44 prog=0.24 rel=0.94 bal=-0.02 obs=222 hard=213 obsc=223 yr=  0  nz=0.06 flt=0.00 dmap=+0/-0 shz=4.0 plan=10 cmd=(lx=+0.00,ly=+0.28,rx=+0.00)
  t= 66.9 ENG-GO pos=(-4.03,+1.36) yaw=+130.6 d=1.82 goal_err=-18 carrot_err= -17 c0=1.44 clear=0.96 prog=0.24 rel=0.46 bal=-0.03 obs=220 hard=213 obsc=223 yr=  0  nz=0.54 flt=0.00 dmap=+0/-0 shz=4.0 plan=10 cmd=(lx=+0.00,ly=+0.28,rx=+0.00)
  t= 67.3 ENG-GO pos=(-4.05,+1.38) yaw=+130.6 d=1.79 goal_err=-18 carrot_err= -18 c0=1.41 clear=0.94 prog=0.24 rel=0.41 bal=-0.05 obs=222 hard=214 obsc=224 yr=  0  nz=0.58 flt=0.00 dmap=+1/-1 shz=4.0 plan=9 cmd=(lx=+0.00,ly=+0.28,rx=+0.00)
  t= 67.8 ENG-GO pos=(-4.07,+1.41) yaw=+130.6 d=1.76 goal_err=-19 carrot_err= -18 c0=1.37 clear=0.92 prog=0.24 rel=0.56 bal=+0.60 obs=223 hard=214 obsc=224 yr=  0  nz=0.44 flt=0.00 dmap=+1/-0 shz=4.0 plan=9 cmd=(lx=+0.00,ly=+0.28,rx=+0.00)
  t= 68.2 ENG-GO pos=(-4.10,+1.44) yaw=+130.6 d=1.72 goal_err=-19 carrot_err= -19 c0=1.34 clear=0.89 prog=0.25 rel=0.93 bal=+0.10 obs=224 hard=215 obsc=225 yr=  0  nz=0.07 flt=0.00 dmap=+0/-0 shz=4.0 plan=9 cmd=(lx=+0.00,ly=+0.28,rx=+0.00)
  t= 68.7 ENG-GO pos=(-4.12,+1.46) yaw=+130.6 d=1.69 goal_err=-19 carrot_err= -20 c0=1.31 clear=0.87 prog=0.25 rel=0.94 bal=+0.10 obs=224 hard=216 obsc=225 yr=  0  nz=0.06 flt=0.01 dmap=+0/-0 shz=4.0 plan=9 cmd=(lx=+0.00,ly=+0.28,rx=+0.00)
  t= 69.1 ENG-GO pos=(-4.14,+1.49) yaw=+130.6 d=1.66 goal_err=-20 carrot_err= -21 c0=1.27 clear=0.85 prog=0.24 rel=0.93 bal=+0.03 obs=225 hard=216 obsc=226 yr=  0  nz=0.07 flt=0.01 dmap=+2/-0 shz=4.0 plan=9 cmd=(lx=+0.00,ly=+0.28,rx=+0.00)
  t= 69.6 ENG-GO pos=(-4.17,+1.52) yaw=+130.6 d=1.62 goal_err=-20 carrot_err= -14 c0=1.24 clear=0.82 prog=0.25 rel=0.94 bal=+0.02 obs=227 hard=218 obsc=229 yr=  0  nz=0.06 flt=0.00 dmap=+2/-1 shz=4.0 plan=9 cmd=(lx=+0.00,ly=+0.28,rx=+0.00)
  t= 70.0 ENG-GO pos=(-4.19,+1.54) yaw=+130.6 d=1.60 goal_err=-21 carrot_err= -15 c0=1.21 clear=0.81 prog=0.24 rel=0.93 bal=+0.01 obs=226 hard=216 obsc=227 yr=  0  nz=0.07 flt=0.00 dmap=+0/-0 shz=4.0 plan=9 cmd=(lx=+0.00,ly=+0.28,rx=+0.00)
  t= 70.4 ENG-GO pos=(-4.21,+1.57) yaw=+130.6 d=1.56 goal_err=-21 carrot_err= -15 c0=1.18 clear=0.78 prog=0.24 rel=0.94 bal=-0.00 obs=225 hard=215 obsc=226 yr=  0  nz=0.06 flt=0.01 dmap=+0/-0 shz=4.0 plan=8 cmd=(lx=+0.00,ly=+0.28,rx=+0.00)
  t= 70.9 ENG-GO pos=(-4.23,+1.59) yaw=+130.6 d=1.53 goal_err=-22 carrot_err= -16 c0=1.14 clear=0.76 prog=0.24 rel=0.93 bal=-0.62 obs=228 hard=218 obsc=229 yr=  0  nz=0.07 flt=0.00 dmap=+0/-0 shz=4.0 plan=8 cmd=(lx=+0.00,ly=+0.28,rx=+0.00)
  t= 71.3 ENG-GO pos=(-4.26,+1.62) yaw=+130.6 d=1.50 goal_err=-22 carrot_err= -17 c0=1.11 clear=0.74 prog=0.24 rel=0.93 bal=-0.28 obs=227 hard=219 obsc=230 yr=  0  nz=0.07 flt=0.00 dmap=+1/-2 shz=4.0 plan=8 cmd=(lx=+0.00,ly=+0.28,rx=+0.00)
  t= 71.8 ENG-GO pos=(-4.28,+1.65) yaw=+130.6 d=1.46 goal_err=-23 carrot_err= -17 c0=1.07 clear=0.72 prog=0.25 rel=0.92 bal=-0.30 obs=228 hard=220 obsc=230 yr=  0  nz=0.08 flt=0.01 dmap=+0/-0 shz=4.0 plan=8 cmd=(lx=+0.00,ly=+0.28,rx=+0.00)
  t= 72.2 ENG-GO pos=(-4.30,+1.68) yaw=+130.6 d=1.43 goal_err=-23 carrot_err= -18 c0=1.04 clear=0.69 prog=0.25 rel=0.92 bal=-0.21 obs=230 hard=220 obsc=231 yr=  0  nz=0.08 flt=0.01 dmap=+0/-0 shz=4.0 plan=8 cmd=(lx=+0.00,ly=+0.28,rx=+0.00)
  t= 72.6 ENG-GO pos=(-4.32,+1.70) yaw=+130.6 d=1.40 goal_err=-24 carrot_err= -23 c0=1.01 clear=0.68 prog=0.24 rel=0.92 bal=-0.31 obs=233 hard=222 obsc=234 yr=  0  nz=0.08 flt=0.00 dmap=+0/-0 shz=4.0 plan=8 cmd=(lx=+0.00,ly=+0.28,rx=+0.00)
  t= 73.1 ENG-GO pos=(-4.34,+1.72) yaw=+130.6 d=1.37 goal_err=-24 carrot_err= -24 c0=0.98 clear=0.65 prog=0.23 rel=0.94 bal=-0.33 obs=235 hard=225 obsc=236 yr=  0  nz=0.06 flt=0.01 dmap=+4/-0 shz=4.0 plan=8 cmd=(lx=+0.00,ly=+0.28,rx=+0.00)
  t= 73.5 ENG-GO pos=(-4.37,+1.75) yaw=+130.6 d=1.34 goal_err=-25 carrot_err= -25 c0=0.95 clear=0.63 prog=0.23 rel=0.93 bal=-0.34 obs=234 hard=225 obsc=235 yr=  0  nz=0.07 flt=0.00 dmap=+0/-1 shz=4.0 plan=7 cmd=(lx=+0.00,ly=+0.28,rx=+0.00)
  t= 74.0 ENG-GO pos=(-4.38,+1.77) yaw=+130.6 d=1.31 goal_err=-25 carrot_err= -26 c0=0.92 clear=0.61 prog=0.22 rel=0.93 bal=-0.35 obs=235 hard=226 obsc=236 yr=  0  nz=0.07 flt=0.00 dmap=+0/-0 shz=4.0 plan=7 cmd=(lx=+0.00,ly=+0.28,rx=+0.00)
  t= 74.4 ENG-GO pos=(-4.41,+1.80) yaw=+130.6 d=1.28 goal_err=-26 carrot_err= -27 c0=0.89 clear=0.59 prog=0.22 rel=0.93 bal=-0.46 obs=235 hard=226 obsc=236 yr=  0  nz=0.07 flt=0.00 dmap=+0/-0 shz=4.0 plan=7 cmd=(lx=+0.00,ly=+0.28,rx=+0.00)
  t= 74.8 DWA-F pos=(-4.43,+1.83) yaw=+130.6 d=1.25 goal_err=-27 carrot_err= -28 c0=0.85 clear=0.57 prog=0.24 rel=0.93 bal=-0.48 obs=234 hard=225 obsc=236 yr=  0  nz=0.07 flt=0.01 dmap=+0/-1 shz=4.0 plan=7 cmd=(lx=+0.00,ly=+0.40,rx=+0.00)
  t= 75.3 DWA-F pos=(-4.46,+1.86) yaw=+130.6 d=1.21 goal_err=-28 carrot_err= -30 c0=0.81 clear=0.54 prog=0.25 rel=0.93 bal=-0.49 obs=233 hard=221 obsc=234 yr=  0G nz=0.07 flt=0.01 dmap=+0/-0 shz=4.0 plan=7 cmd=(lx=+0.00,ly=+0.40,rx=+0.45)
  t= 75.7 DWA-F pos=(-4.48,+1.89) yaw=+125.8 d=1.18 goal_err=-24 carrot_err= -27 c0=0.88 clear=0.59 prog=0.26 rel=0.94 bal=-0.45 obs=231 hard=222 obsc=233 yr= 14  nz=0.06 flt=0.02 dmap=+0/-0 shz=4.0 plan=7 cmd=(lx=+0.00,ly=+0.40,rx=+0.00)
  t= 76.2 DWA-F pos=(-4.51,+1.92) yaw=+125.8 d=1.14 goal_err=-25 carrot_err= -17 c0=0.84 clear=0.56 prog=0.27 rel=0.95 bal=-0.37 obs=220 hard=221 obsc=221 yr=  0  nz=0.04 flt=0.00 dmap=+0/-0 shz=4.0 plan=7 cmd=(lx=+0.00,ly=+0.40,rx=+0.00)
  t= 76.6 DWA-F pos=(-4.54,+1.96) yaw=+125.8 d=1.10 goal_err=-26 carrot_err= -18 c0=0.80 clear=0.53 prog=0.28 rel=0.95 bal=-0.38 obs=221 hard=222 obsc=223 yr=  0  nz=0.05 flt=0.00 dmap=+1/-2 shz=4.0 plan=6 cmd=(lx=+0.00,ly=+0.40,rx=+0.00)
  t= 77.1 DWA-F pos=(-4.56,+2.00) yaw=+125.8 d=1.06 goal_err=-27 carrot_err= -19 c0=0.75 clear=0.50 prog=0.28 rel=0.93 bal=-0.52 obs=221 hard=220 obsc=221 yr=  0  nz=0.07 flt=0.01 dmap=+0/-0 shz=4.0 plan=6 cmd=(lx=+0.00,ly=+0.40,rx=+0.00)
  t= 77.5 DWA-F pos=(-4.59,+2.03) yaw=+125.8 d=1.02 goal_err=-28 carrot_err= -20 c0=0.71 clear=0.48 prog=0.30 rel=0.92 bal=-0.52 obs=223 hard=220 obsc=223 yr=  0  nz=0.08 flt=0.00 dmap=+0/-0 shz=4.0 plan=6 cmd=(lx=+0.00,ly=+0.40,rx=+0.00)
  t= 78.0 DWA-F pos=(-4.61,+2.06) yaw=+125.8 d=0.99 goal_err=-29 carrot_err= -21 c0=0.68 clear=0.46 prog=0.28 rel=0.94 bal=-0.53 obs=226 hard=223 obsc=226 yr=  0  nz=0.06 flt=0.00 dmap=+0/-0 shz=4.0 plan=6 cmd=(lx=+0.00,ly=+0.40,rx=+0.00)
  t= 78.4 DWA-F pos=(-4.63,+2.10) yaw=+125.8 d=0.95 goal_err=-30 carrot_err= -22 c0=0.92 clear=0.61 prog=0.28 rel=0.93 bal=-0.53 obs=225 hard=224 obsc=227 yr=  0  nz=0.07 flt=0.00 dmap=+0/-1 shz=4.0 plan=6 cmd=(lx=+0.00,ly=+0.40,rx=+0.00)
  t= 78.9 DWA-F pos=(-4.66,+2.13) yaw=+125.8 d=0.91 goal_err=-31 carrot_err= -27 c0=0.88 clear=0.58 prog=0.27 rel=0.84 bal=-0.54 obs=224 hard=223 obsc=225 yr=  0  nz=0.16 flt=0.00 dmap=+0/-2 shz=4.0 plan=6 cmd=(lx=+0.00,ly=+0.40,rx=+0.00)
  t= 79.3 DWA-F pos=(-4.68,+2.17) yaw=+125.8 d=0.87 goal_err=-33 carrot_err= -28 c0=0.84 clear=0.56 prog=0.27 rel=0.84 bal=-0.54 obs=224 hard=223 obsc=224 yr=  0  nz=0.16 flt=0.00 dmap=+0/-0 shz=4.0 plan=6 cmd=(lx=+0.00,ly=+0.40,rx=+0.00)
  t= 79.8 DWA-F pos=(-4.71,+2.20) yaw=+125.8 d=0.84 goal_err=-34 carrot_err= -29 c0=0.80 clear=0.53 prog=0.28 rel=0.93 bal=-0.41 obs=225 hard=224 obsc=226 yr=  0  nz=0.07 flt=0.01 dmap=+2/-0 shz=4.0 plan=5 cmd=(lx=+0.00,ly=+0.40,rx=+0.00)
  t= 80.2 DWA-F pos=(-4.73,+2.23) yaw=+125.8 d=0.81 goal_err=-36 carrot_err= -30 c0=1.17 clear=0.78 prog=0.26 rel=0.92 bal=-0.41 obs=225 hard=224 obsc=226 yr=  0G nz=0.08 flt=0.00 dmap=+0/-0 shz=4.0 plan=5 cmd=(lx=+0.00,ly=+0.40,rx=+0.45)
  t= 80.6 DWA-F pos=(-4.75,+2.26) yaw=+121.0 d=0.78 goal_err=-32 carrot_err= -27 c0=1.13 clear=0.75 prog=0.25 rel=0.79 bal=-0.41 obs=231 hard=229 obsc=231 yr=  0  nz=0.21 flt=0.05 dmap=+1/-0 shz=4.0 plan=5 cmd=(lx=+0.00,ly=+0.40,rx=+0.00)
  t= 81.1 DWA-F pos=(-4.77,+2.30) yaw=+119.4 d=0.75 goal_err=-32 carrot_err= -27 c0=1.09 clear=0.72 prog=0.25 rel=0.75 bal=-0.40 obs=231 hard=229 obsc=231 yr= 15G nz=0.25 flt=0.01 dmap=+0/-0 shz=4.0 plan=5 cmd=(lx=+0.00,ly=+0.40,rx=+0.00)
  t= 81.5 DWA-F pos=(-4.79,+2.33) yaw=+117.8 d=0.71 goal_err=-33 carrot_err= -27 c0=1.05 clear=0.70 prog=0.26 rel=0.79 bal=-0.40 obs=238 hard=239 obsc=241 yr=  0  nz=0.21 flt=0.01 dmap=+0/-0 shz=4.0 plan=5 cmd=(lx=+0.00,ly=+0.40,rx=+0.00)
  t= 82.0 DWA-F pos=(-4.82,+2.38) yaw=+117.8 d=0.67 goal_err=-35 carrot_err= -29 c0=1.00 clear=0.67 prog=0.28 rel=0.91 bal=-0.40 obs=240 hard=239 obsc=241 yr=  0G nz=0.09 flt=0.00 dmap=+1/-0 shz=4.0 plan=5 cmd=(lx=+0.00,ly=+0.40,rx=+0.45)
  t= 82.4 DWA-F pos=(-4.83,+2.42) yaw=+112.9 d=0.63 goal_err=-32 carrot_err= -26 c0=0.97 clear=0.64 prog=0.28 rel=0.91 bal=-0.40 obs=241 hard=238 obsc=243 yr=  0  nz=0.09 flt=0.01 dmap=+1/-0 shz=4.0 plan=5 cmd=(lx=+0.00,ly=+0.40,rx=+0.00)
  t= 82.9 DWA-F pos=(-4.85,+2.46) yaw=+111.3 d=0.59 goal_err=-33 carrot_err= -27 c0=0.92 clear=0.61 prog=0.28 rel=0.90 bal=-0.39 obs=239 hard=238 obsc=243 yr= 14G nz=0.10 flt=0.03 dmap=+0/-0 shz=4.0 plan=4 cmd=(lx=+0.00,ly=+0.40,rx=+0.00)
  t= 83.3 DWA-F pos=(-4.87,+2.50) yaw=+109.7 d=0.56 goal_err=-34 carrot_err= -27 c0=0.88 clear=0.59 prog=0.28 rel=0.90 bal=-0.38 obs=238 hard=237 obsc=241 yr=  0G nz=0.10 flt=0.01 dmap=+0/-0 shz=4.0 plan=4 cmd=(lx=+0.00,ly=+0.40,rx=+0.45)
  t= 83.8 DWA-F pos=(-4.88,+2.53) yaw=+104.9 d=0.53 goal_err=-31 carrot_err= -24 c0=0.85 clear=0.57 prog=0.27 rel=0.91 bal=-0.38 obs=236 hard=236 obsc=240 yr= 14  nz=0.10 flt=0.00 dmap=+0/-0 shz=4.0 plan=4 cmd=(lx=+0.00,ly=+0.40,rx=+0.00)
  t= 84.2 DWA-F pos=(-4.89,+2.57) yaw=+103.3 d=0.49 goal_err=-32 carrot_err= -25 c0=0.97 clear=0.65 prog=0.26 rel=0.91 bal=-0.16 obs=234 hard=235 obsc=238 yr= 14G nz=0.10 flt=0.04 dmap=+0/-0 shz=4.0 plan=3 cmd=(lx=+0.00,ly=+0.28,rx=+0.45)
  t= 84.7 DWA-T pos=(-4.89,+2.61) yaw= +96.9 d=0.46 goal_err=-28 carrot_err= -20 c0=1.11 clear=0.74 prog=0.25 rel=0.90 bal=-0.16 obs=233 hard=232 obsc=237 yr= 14  nz=0.10 flt=0.01 dmap=+2/-3 shz=4.0 plan=3 cmd=(lx=+0.00,ly=+0.00,rx=+0.00)
  t= 85.1 DWA-T pos=(-4.90,+2.62) yaw= +95.3 d=0.45 goal_err=-27 carrot_err= -19 c0=1.10 clear=0.74 prog=0.20 rel=0.82 bal=-0.18 obs=232 hard=232 obsc=235 yr=  0  nz=0.18 flt=0.01 dmap=+0/-0 shz=4.0 plan=3 cmd=(lx=+0.00,ly=+0.00,rx=+0.00)
  t= 85.6 DWA-T pos=(-4.90,+2.62) yaw= +95.3 d=0.45 goal_err=-27 carrot_err= -19 c0=1.10 clear=0.74 prog=0.15 rel=0.82 bal=-0.18 obs=232 hard=232 obsc=235 yr=  0  nz=0.18 flt=0.01 dmap=+0/-0 shz=4.0 plan=3 cmd=(lx=+0.00,ly=+0.00,rx=+0.00)
  t= 86.0 BRK-BK pos=(-4.90,+2.62) yaw= +95.3 d=0.45 goal_err=-27 carrot_err= -19 c0=1.10 clear=0.74 prog=0.08 rel=0.82 bal=-0.18 obs=232 hard=232 obsc=235 yr=  0  nz=0.18 flt=0.01 dmap=+0/-0 shz=4.0 plan=0 cmd=(lx=+0.00,ly=-0.35,rx=+0.00)
  t= 86.4 BRK-TR pos=(-4.89,+2.58) yaw= +95.3 d=0.49 goal_err=-25 carrot_err= -18 c0=1.14 clear=0.76 prog=0.00 rel=0.99 bal=-0.17 obs=231 hard=229 obsc=232 yr=  0  nz=0.01 flt=0.01 dmap=+1/-0 shz=3.7 plan=0 cmd=(lx=+0.00,ly=+0.00,rx=+0.45)
  t= 86.9 BRK-TR pos=(-4.89,+2.57) yaw= +90.5 d=0.50 goal_err=-19 carrot_err= -12 c0=1.27 clear=0.84 prog=0.00 rel=0.97 bal=-0.18 obs=231 hard=229 obsc=232 yr= 15G nz=0.03 flt=0.06 dmap=+0/-0 shz=3.7 plan=0 cmd=(lx=+0.00,ly=+0.00,rx=+0.45)
  t= 87.3 BRK-TR pos=(-4.89,+2.57) yaw= +85.7 d=0.50 goal_err=-14 carrot_err=  -7 c0=1.14 clear=0.76 prog=0.00 rel=0.97 bal=-0.18 obs=231 hard=230 obsc=232 yr= 14G nz=0.03 flt=0.01 dmap=+0/-0 shz=3.7 plan=0 cmd=(lx=+0.00,ly=+0.00,rx=+0.45)
  t= 87.8 BRK-TR pos=(-4.89,+2.57) yaw= +79.3 d=0.50 goal_err=-8 carrot_err=  -1 c0=1.14 clear=0.76 prog=0.00 rel=0.97 bal=-0.27 obs=231 hard=230 obsc=232 yr= 15G nz=0.03 flt=0.15 dmap=+0/-0 shz=3.7 plan=0 cmd=(lx=+0.00,ly=+0.00,rx=+0.45)
  t= 88.2 BRK-TR pos=(-4.89,+2.57) yaw= +72.9 d=0.50 goal_err=-2 carrot_err=  +5 c0=1.08 clear=0.72 prog=0.00 rel=0.98 bal=-0.32 obs=233 hard=232 obsc=234 yr= 14G nz=0.02 flt=0.10 dmap=+0/-0 shz=3.7 plan=0 cmd=(lx=+0.00,ly=+0.00,rx=+0.45)
  t= 88.6 BRK-TR pos=(-4.89,+2.57) yaw= +67.0 d=0.50 goal_err=+4 carrot_err= +11 c0=1.08 clear=0.72 prog=0.00 rel=0.94 bal=-0.32 obs=233 hard=232 obsc=234 yr= 13G nz=0.06 flt=0.00 dmap=+0/-0 shz=3.7 plan=0 cmd=(lx=+0.00,ly=+0.00,rx=+0.45)
  t= 89.1 DWA-F pos=(-4.89,+2.57) yaw= +62.5 d=0.49 goal_err=+9 carrot_err= +16 c0=1.07 clear=0.72 prog=0.01 rel=0.94 bal=-0.23 obs=227 hard=224 obsc=231 yr=  0  nz=0.06 flt=0.00 dmap=+0/-0 shz=3.7 plan=3 cmd=(lx=+0.00,ly=+0.40,rx=+0.00)
  t= 89.5 DWA-T pos=(-4.88,+2.59) yaw= +62.5 d=0.48 goal_err=+9 carrot_err= +16 c0=1.06 clear=0.71 prog=0.04 rel=0.95 bal=-0.23 obs=227 hard=223 obsc=230 yr=  0  nz=0.05 flt=0.04 dmap=+0/-0 shz=3.7 plan=3 cmd=(lx=+0.00,ly=+0.00,rx=+0.00)
  t= 90.0 DWA-T pos=(-4.88,+2.59) yaw= +62.5 d=0.48 goal_err=+9 carrot_err= +16 c0=1.06 clear=0.71 prog=0.04 rel=0.95 bal=-0.23 obs=227 hard=223 obsc=230 yr=  0  nz=0.05 flt=0.04 dmap=+0/-0 shz=3.7 plan=3 cmd=(lx=+0.00,ly=+0.00,rx=+0.00)
  t= 90.4 DWA-T pos=(-4.88,+2.59) yaw= +62.5 d=0.48 goal_err=+9 carrot_err= +16 c0=1.06 clear=0.71 prog=0.04 rel=0.95 bal=-0.23 obs=227 hard=223 obsc=230 yr=  0  nz=0.05 flt=0.04 dmap=+0/-0 shz=3.7 plan=3 cmd=(lx=+0.00,ly=+0.00,rx=+0.00)
  t= 90.9 BRK-BK pos=(-4.89,+2.58) yaw= +62.5 d=0.49 goal_err=+9 carrot_err= +16 c0=1.07 clear=0.71 prog=0.01 rel=0.95 bal=-0.23 obs=227 hard=223 obsc=230 yr=  0  nz=0.05 flt=0.04 dmap=+0/-0 shz=3.7 plan=0 cmd=(lx=+0.00,ly=-0.35,rx=+0.00)
  t= 91.3 BRK-TR pos=(-4.90,+2.54) yaw= +61.0 d=0.53 goal_err=+10 carrot_err= +16 c0=1.11 clear=0.74 prog=0.00 rel=0.96 bal=-0.22 obs=225 hard=221 obsc=227 yr= 14G nz=0.04 flt=0.00 dmap=+0/-0 shz=3.5 plan=0 cmd=(lx=+0.00,ly=+0.00,rx=+0.45)
  t= 91.7 BRK-TR pos=(-4.90,+2.54) yaw= +55.1 d=0.53 goal_err=+16 carrot_err= +22 c0=1.11 clear=0.74 prog=0.00 rel=0.96 bal=-0.22 obs=225 hard=223 obsc=227 yr= 14G nz=0.04 flt=0.00 dmap=+0/-0 shz=3.5 plan=0 cmd=(lx=+0.00,ly=+0.00,rx=+0.45)
  t= 92.2 BRK-TR pos=(-4.90,+2.54) yaw= +49.1 d=0.53 goal_err=+22 carrot_err= +28 c0=1.11 clear=0.74 prog=0.00 rel=0.97 bal=-0.15 obs=225 hard=223 obsc=227 yr= 14G nz=0.03 flt=0.12 dmap=+0/-0 shz=3.5 plan=0 cmd=(lx=+0.00,ly=+0.00,rx=+0.45)
  t= 92.6 BRK-TR pos=(-4.90,+2.54) yaw= +43.2 d=0.53 goal_err=+28 carrot_err= +34 c0=1.11 clear=0.74 prog=0.00 rel=0.99 bal=-0.15 obs=225 hard=223 obsc=227 yr= 13G nz=0.01 flt=0.01 dmap=+0/-0 shz=3.5 plan=0 cmd=(lx=+0.00,ly=+0.00,rx=+0.45)
  t= 93.1 BRK-TR pos=(-4.90,+2.54) yaw= +38.7 d=0.53 goal_err=+32 carrot_err= +39 c0=1.11 clear=0.74 prog=0.00 rel=0.99 bal=-0.10 obs=225 hard=223 obsc=227 yr=  0G nz=0.01 flt=0.00 dmap=+0/-0 shz=3.5 plan=0 cmd=(lx=+0.00,ly=+0.00,rx=+0.45)
  t= 93.5 DWA-F pos=(-4.90,+2.54) yaw= +32.7 d=0.53 goal_err=+38 carrot_err= +44 c0=1.11 clear=0.74 prog=0.00 rel=0.99 bal=-0.10 obs=225 hard=223 obsc=227 yr= 14G nz=0.01 flt=0.01 dmap=+0/-0 shz=3.5 plan=3 cmd=(lx=+0.00,ly=+0.28,rx=-0.45)
  t= 94.0 DWA-F pos=(-4.89,+2.55) yaw= +35.7 d=0.51 goal_err=+36 carrot_err= +43 c0=1.09 clear=0.73 prog=0.03 rel=0.99 bal=-0.09 obs=225 hard=223 obsc=227 yr= 13G nz=0.01 flt=0.03 dmap=+0/-0 shz=3.5 plan=3 cmd=(lx=+0.00,ly=+0.28,rx=-0.45)
  t= 94.4 DWA-F pos=(-4.86,+2.57) yaw= +41.7 d=0.49 goal_err=+32 carrot_err= +40 c0=1.06 clear=0.71 prog=0.07 rel=0.92 bal=-0.09 obs=225 hard=223 obsc=227 yr= 13G nz=0.05 flt=0.21 dmap=+0/-0 shz=3.5 plan=3 cmd=(lx=+0.00,ly=+0.28,rx=-0.45)
  t= 94.9 DWA-F pos=(-4.84,+2.59) yaw= +47.6 d=0.46 goal_err=+28 carrot_err= +36 c0=1.03 clear=0.69 prog=0.11 rel=0.93 bal=-0.07 obs=227 hard=225 obsc=229 yr= 14G nz=0.07 flt=0.08 dmap=+0/-0 shz=3.5 plan=3 cmd=(lx=+0.00,ly=+0.28,rx=-0.45)
  t= 95.3 DWA-F pos=(-4.83,+2.61) yaw= +52.1 d=0.45 goal_err=+25 carrot_err= +34 c0=1.01 clear=0.68 prog=0.14 rel=0.93 bal=-0.07 obs=228 hard=226 obsc=230 yr=  0G nz=0.07 flt=0.03 dmap=+0/-0 shz=3.5 plan=3 cmd=(lx=+0.00,ly=+0.28,rx=-0.45)
  t= 95.7 DWA-T pos=(-4.81,+2.63) yaw= +58.1 d=0.42 goal_err=+20 carrot_err= +30 c0=0.99 clear=0.66 prog=0.17 rel=0.94 bal=-0.15 obs=220 hard=212 obsc=229 yr= 14  nz=0.07 flt=0.01 dmap=+2/-10 shz=3.5 plan=3 cmd=(lx=+0.00,ly=+0.00,rx=+0.00)

  >>> MODO AGRESIVO ON (12s sin acercarse a B): reduzco inflado y holgura (min seguridad 0.24m) para cruzar la puerta.
  t= 96.2 AGR-DWA-T pos=(-4.81,+2.63) yaw= +58.1 d=0.42 goal_err=+20 carrot_err= +30 c0=0.99 clear=0.66 prog=0.13 rel=0.95 bal=-0.15 obs=217 hard=211 obsc=229 yr=  0  nz=0.05 flt=0.03 dmap=+0/-0 shz=3.5 plan=3 cmd=(lx=+0.00,ly=+0.00,rx=+0.00)
  t= 96.7 AGR-DWA-T pos=(-4.81,+2.63) yaw= +58.1 d=0.42 goal_err=+20 carrot_err= +30 c0=0.99 clear=0.66 prog=0.09 rel=0.95 bal=-0.15 obs=217 hard=211 obsc=229 yr=  0  nz=0.05 flt=0.03 dmap=+0/-0 shz=3.5 plan=3 cmd=(lx=+0.00,ly=+0.00,rx=+0.00)
  t= 97.1 AGR-BRK-BK pos=(-4.81,+2.63) yaw= +58.1 d=0.42 goal_err=+20 carrot_err= +30 c0=0.99 clear=0.66 prog=0.04 rel=0.95 bal=-0.15 obs=217 hard=211 obsc=229 yr=  0  nz=0.05 flt=0.03 dmap=+0/-0 shz=3.5 plan=0 cmd=(lx=+0.00,ly=-0.35,rx=+0.00)
  t= 97.5 AGR-BRK-TR pos=(-4.83,+2.61) yaw= +58.1 d=0.44 goal_err=+19 carrot_err= +28 c0=1.01 clear=0.67 prog=0.00 rel=1.00 bal=-0.07 obs=217 hard=208 obsc=226 yr=  0  nz=0.00 flt=0.01 dmap=+0/-0 shz=3.3 plan=0 cmd=(lx=+0.00,ly=+0.00,rx=+0.45)
  t= 98.0 AGR-BRK-TR pos=(-4.83,+2.60) yaw= +53.6 d=0.46 goal_err=+23 carrot_err= +32 c0=1.02 clear=0.68 prog=0.00 rel=0.97 bal=-0.06 obs=217 hard=208 obsc=226 yr= 14G nz=0.03 flt=0.00 dmap=+0/-0 shz=3.3 plan=0 cmd=(lx=+0.00,ly=+0.00,rx=+0.45)
  t= 98.4 AGR-BRK-TR pos=(-4.83,+2.60) yaw= +47.6 d=0.46 goal_err=+29 carrot_err= +38 c0=1.02 clear=0.68 prog=0.00 rel=0.96 bal=-0.03 obs=217 hard=208 obsc=226 yr= 13G nz=0.04 flt=0.04 dmap=+0/-0 shz=3.3 plan=0 cmd=(lx=+0.00,ly=+0.00,rx=+0.45)
  t= 98.8 AGR-BRK-TR pos=(-4.83,+2.60) yaw= +41.7 d=0.46 goal_err=+35 carrot_err= +44 c0=1.02 clear=0.68 prog=0.00 rel=0.96 bal=-0.03 obs=217 hard=208 obsc=226 yr= 14G nz=0.04 flt=0.09 dmap=+0/-0 shz=3.3 plan=0 cmd=(lx=+0.00,ly=+0.00,rx=+0.45)
  t= 99.3 AGR-BRK-TR pos=(-4.83,+2.60) yaw= +37.2 d=0.46 goal_err=+40 carrot_err= +48 c0=1.02 clear=0.68 prog=0.00 rel=0.98 bal=-0.03 obs=218 hard=210 obsc=227 yr= 14G nz=0.02 flt=0.06 dmap=+0/-0 shz=3.3 plan=0 cmd=(lx=+0.00,ly=+0.00,rx=+0.45)
  t= 99.7 AGR-BRK-TR pos=(-4.83,+2.60) yaw= +31.2 d=0.46 goal_err=+46 carrot_err= +54 c0=1.02 clear=0.68 prog=0.00 rel=0.99 bal=-0.03 obs=218 hard=210 obsc=227 yr= 13G nz=0.01 flt=0.00 dmap=+0/-0 shz=3.3 plan=0 cmd=(lx=+0.00,ly=+0.00,rx=+0.45)
  t=100.2 AGR-DWA-F pos=(-4.83,+2.60) yaw= +25.3 d=0.46 goal_err=+52 carrot_err= +60 c0=1.16 clear=0.77 prog=0.00 rel=1.00 bal=+0.10 obs=218 hard=210 obsc=227 yr= 13G nz=0.00 flt=0.00 dmap=+0/-0 shz=3.3 plan=3 cmd=(lx=+0.00,ly=+0.28,rx=-0.45)
  t=100.6 AGR-DWA-F pos=(-4.81,+2.61) yaw= +31.2 d=0.44 goal_err=+48 carrot_err= +57 c0=1.00 clear=0.67 prog=0.03 rel=0.93 bal=+0.11 obs=218 hard=210 obsc=227 yr= 13G nz=0.07 flt=0.15 dmap=+0/-0 shz=3.3 plan=3 cmd=(lx=+0.00,ly=+0.28,rx=-0.45)
  t=101.1 AGR-DWA-F pos=(-4.79,+2.63) yaw= +37.2 d=0.42 goal_err=+45 carrot_err= +55 c0=0.97 clear=0.65 prog=0.07 rel=0.90 bal=-0.01 obs=219 hard=211 obsc=228 yr= 14G nz=0.10 flt=0.03 dmap=+0/-0 shz=3.3 plan=3 cmd=(lx=+0.00,ly=+0.28,rx=-0.45)
  t=101.5 AGR-DWA-F pos=(-4.76,+2.64) yaw= +43.2 d=0.40 goal_err=+42 carrot_err= +53 c0=0.94 clear=0.63 prog=0.10 rel=0.90 bal=-0.01 obs=220 hard=212 obsc=229 yr= 13G nz=0.10 flt=0.02 dmap=+0/-0 shz=3.3 plan=3 cmd=(lx=+0.00,ly=+0.28,rx=-0.45)
  t=102.0 AGR-DWA-F pos=(-4.74,+2.66) yaw= +49.1 d=0.38 goal_err=+39 carrot_err= +50 c0=0.92 clear=0.61 prog=0.14 rel=0.93 bal=-0.01 obs=221 hard=213 obsc=230 yr= 13G nz=0.06 flt=0.15 dmap=+1/-0 shz=3.3 plan=3 cmd=(lx=+0.00,ly=+0.28,rx=-0.45)
  t=102.4 AGR-DWA-T pos=(-4.73,+2.68) yaw= +55.1 d=0.36 goal_err=+35 carrot_err= +48 c0=0.89 clear=0.59 prog=0.15 rel=0.92 bal=-0.07 obs=221 hard=215 obsc=230 yr= 13G nz=0.07 flt=0.01 dmap=+0/-0 shz=3.3 plan=3 cmd=(lx=+0.00,ly=+0.00,rx=+0.00)

  LLEGADO a 'B' (-4.73,+3.04); error=0.35 m, colisiones=0.
  [spill] derrames=0 E[N]=0.00 eta_max=0.99 riesgo=2.4%
  [dataset] travesia guardada -> /Users/adrianlendinezibanez/Claude/Projects/G1 ROBOT/dataset/20260708_140810_ours_B.json
  [stats] fila anadida -> /Users/adrianlendinezibanez/Claude/Projects/G1 ROBOT/dataset/runs_stats.csv

Fin goto.
  [META2-L2] estado guardado (meta2_state_abprof.json): Pl={'Efficient_Nav': 1.0, 'Cautious_Nav': 1.0} derrames_run=0
