  backend grafico: TkAgg
>>> SIM ADAPTER: conectando a rosbridge ws://localhost:8765 ...
  esperando /odom (hasta 30s; el mundo del lab tarda en cargar)... ok
  /odom OK pose=(+0.99,+0.57) | /scan: OK
  escenario LAB: mapa/waypoints/puerta REALES (lab.world solo-paredes, frame G1)

>>> GOTO 'B' -> (-4.73,+3.04). Mando en mano (L2+B). Ctrl+C aborta.
    ENTORNO: SIM (id: lab_v1_ab_full)  — esta run se registra como SIMULACION, no cuenta como run de robot
  Esperando pose localizada y primera nube... ok.
  FRAME-CHECK start=(+0.99,+0.57) wp_mas_cercano=A(+0.99,+0.57) offset=0.00m  -> frame OK (pose y waypoints alineados)
  [spill] payload de agua simulado (semilla=20260708_130810_ours_B.json)
  [META2-DOOR] variante de engagement: Door_Direct (Pl={Door_Direct:1.00, Door_Far:1.00, Door_BiasPlus:1.00})
  META2 ACTIVO (techo por analogia): Meta-Reasoner 2.0, analogia inicial Cautious_Nav

  !!!!!!!!!!!!!!!!!!!!!!!!!!!!!!!!!!!!!!!!!!!!!!!!!!!!!!!!!!!!!!!!!!!!!!!!!!
  !!  VISION OFF (G1_PERC sin definir) pero G1_NOVIS=1: navego SIN vision bajo tu responsabilidad.
  !!  La MESA invisible al LiDAR no se vera.
  !!!!!!!!!!!!!!!!!!!!!!!!!!!!!!!!!!!!!!!!!!!!!!!!!!!!!!!!!!!!!!!!!!!!!!!!!!

  mapa de referencia: 961 celdas | muebles estaticos (nav_map): 0 celdas | plan global: static
  t=  0.0 DWA-F pos=(+0.99,+0.57) yaw=-120.3 d=6.23 goal_err=-83 carrot_err= -62 c0=2.25 clear=1.00 prog=0.00 rel=1.00 bal=+0.19 obs=108 hard=108 obsc=108 yr=  0  nz=0.00 flt=0.19 dmap=+108/-0 shz=0.0 plan=34 cmd=(lx=+0.00,ly=+0.40,rx=+0.45)
  t=  0.4 DWA-F pos=(+0.97,+0.53) yaw=-125.1 d=6.22 goal_err=-79 carrot_err= -60 c0=2.21 clear=1.00 prog=0.05 rel=0.98 bal=+0.28 obs=111 hard=111 obsc=111 yr= 15G nz=0.02 flt=0.11 dmap=+0/-0 shz=4.7 plan=34 cmd=(lx=+0.00,ly=+0.40,rx=+0.45)
  t=  0.9 DWA-F pos=(+0.93,+0.48) yaw=-131.6 d=6.21 goal_err=-73 carrot_err= -57 c0=2.21 clear=1.00 prog=0.08 rel=0.95 bal=+0.40 obs=111 hard=111 obsc=111 yr= 15G nz=0.04 flt=0.02 dmap=+0/-0 shz=4.0 plan=34 cmd=(lx=+0.00,ly=+0.40,rx=+0.45)
  t=  1.3 DWA-F pos=(+0.89,+0.44) yaw=-138.0 d=6.19 goal_err=-67 carrot_err= -39 c0=2.23 clear=1.00 prog=0.11 rel=0.95 bal=+0.41 obs=111 hard=111 obsc=111 yr= 15G nz=0.05 flt=0.02 dmap=+0/-0 shz=3.9 plan=34 cmd=(lx=+0.00,ly=+0.40,rx=+0.45)
  t=  1.7 DWA-F pos=(+0.84,+0.40) yaw=-144.4 d=6.16 goal_err=-61 carrot_err= -35 c0=2.50 clear=1.00 prog=0.13 rel=0.84 bal=+0.42 obs=125 hard=125 obsc=156 yr= 14  nz=0.16 flt=0.02 dmap=+14/-0 shz=4.1 plan=33 cmd=(lx=+0.00,ly=+0.40,rx=+0.00)
  t=  2.1 DWA-F pos=(+0.78,+0.36) yaw=-146.0 d=6.13 goal_err=-60 carrot_err= -37 c0=2.50 clear=1.00 prog=0.18 rel=0.77 bal=+0.42 obs=143 hard=129 obsc=157 yr=  0G nz=0.23 flt=0.03 dmap=+0/-0 shz=3.9 plan=33 cmd=(lx=+0.00,ly=+0.40,rx=+0.45)
  t=  2.6 DWA-F pos=(+0.74,+0.34) yaw=-150.8 d=6.10 goal_err=-55 carrot_err= -34 c0=2.50 clear=1.00 prog=0.20 rel=0.78 bal=+0.43 obs=157 hard=132 obsc=163 yr=  0  nz=0.23 flt=0.02 dmap=+14/-0 shz=3.9 plan=33 cmd=(lx=+0.00,ly=+0.40,rx=+0.00)
  t=  3.0 DWA-F pos=(+0.71,+0.32) yaw=-150.8 d=6.08 goal_err=-56 carrot_err= -36 c0=2.50 clear=1.00 prog=0.20 rel=0.99 bal=+0.43 obs=160 hard=137 obsc=171 yr=  0  nz=0.01 flt=0.00 dmap=+3/-2 shz=4.0 plan=33 cmd=(lx=+0.00,ly=+0.40,rx=+0.45)
  t=  3.4 DWA-F pos=(+0.67,+0.30) yaw=-152.4 d=6.06 goal_err=-55 carrot_err= -34 c0=2.50 clear=1.00 prog=0.21 rel=0.98 bal=+0.44 obs=165 hard=148 obsc=169 yr=  0  nz=0.02 flt=0.01 dmap=+0/-0 shz=3.9 plan=32 cmd=(lx=+0.00,ly=+0.40,rx=+0.00)
  t=  3.9 DWA-F pos=(+0.62,+0.27) yaw=-152.4 d=6.02 goal_err=-55 carrot_err= -36 c0=2.50 clear=1.00 prog=0.20 rel=0.99 bal=+0.36 obs=166 hard=151 obsc=170 yr=  0  nz=0.01 flt=0.01 dmap=+0/-0 shz=4.0 plan=32 cmd=(lx=+0.00,ly=+0.40,rx=+0.00)
  t=  4.3 DWA-F pos=(+0.58,+0.25) yaw=-155.6 d=6.00 goal_err=-52 carrot_err= -35 c0=2.50 clear=1.00 prog=0.20 rel=0.99 bal=+0.37 obs=166 hard=152 obsc=171 yr= 15  nz=0.01 flt=0.14 dmap=+1/-1 shz=4.0 plan=32 cmd=(lx=+0.00,ly=+0.40,rx=+0.00)
  t=  4.7 DWA-F pos=(+0.54,+0.23) yaw=-155.6 d=5.97 goal_err=-52 carrot_err= -22 c0=2.50 clear=1.00 prog=0.21 rel=0.99 bal=+0.38 obs=167 hard=152 obsc=170 yr=  0  nz=0.01 flt=0.00 dmap=+0/-0 shz=4.0 plan=32 cmd=(lx=+0.00,ly=+0.40,rx=+0.00)
  t=  5.1 DWA-F pos=(+0.50,+0.21) yaw=-155.6 d=5.94 goal_err=-53 carrot_err= -23 c0=2.50 clear=1.00 prog=0.21 rel=0.99 bal=+0.39 obs=168 hard=157 obsc=171 yr=  0  nz=0.01 flt=0.00 dmap=+0/-0 shz=4.0 plan=32 cmd=(lx=+0.00,ly=+0.40,rx=+0.00)
  t=  5.6 DWA-F pos=(+0.46,+0.20) yaw=-155.6 d=5.92 goal_err=-53 carrot_err= -25 c0=2.50 clear=1.00 prog=0.22 rel=0.99 bal=+0.40 obs=170 hard=160 obsc=172 yr=  0  nz=0.01 flt=0.01 dmap=+0/-0 shz=3.9 plan=32 cmd=(lx=+0.00,ly=+0.40,rx=+0.00)
  t=  6.0 DWA-F pos=(+0.41,+0.17) yaw=-155.6 d=5.88 goal_err=-54 carrot_err= -26 c0=2.50 clear=1.00 prog=0.22 rel=0.99 bal=+0.42 obs=170 hard=159 obsc=172 yr=  0  nz=0.01 flt=0.00 dmap=+1/-0 shz=4.0 plan=32 cmd=(lx=+0.00,ly=+0.40,rx=+0.00)
  t=  6.5 DWA-F pos=(+0.37,+0.16) yaw=-155.6 d=5.86 goal_err=-54 carrot_err= -28 c0=2.50 clear=1.00 prog=0.22 rel=0.99 bal=+0.43 obs=170 hard=159 obsc=173 yr=  0  nz=0.01 flt=0.00 dmap=+0/-0 shz=3.9 plan=31 cmd=(lx=+0.00,ly=+0.40,rx=+0.00)
  t=  6.9 DWA-F pos=(+0.33,+0.14) yaw=-155.6 d=5.83 goal_err=-54 carrot_err= -29 c0=2.50 clear=1.00 prog=0.21 rel=0.99 bal=+0.43 obs=172 hard=160 obsc=174 yr=  0  nz=0.01 flt=0.00 dmap=+0/-0 shz=4.0 plan=31 cmd=(lx=+0.00,ly=+0.40,rx=+0.00)
  t=  7.3 DWA-F pos=(+0.29,+0.12) yaw=-155.6 d=5.81 goal_err=-55 carrot_err= -17 c0=2.50 clear=1.00 prog=0.21 rel=0.99 bal=+0.44 obs=171 hard=159 obsc=173 yr=  0  nz=0.01 flt=0.00 dmap=+0/-0 shz=4.0 plan=31 cmd=(lx=+0.00,ly=+0.40,rx=+0.00)
  t=  7.7 DWA-F pos=(+0.25,+0.10) yaw=-155.6 d=5.78 goal_err=-55 carrot_err= -18 c0=2.50 clear=1.00 prog=0.21 rel=0.99 bal=+0.45 obs=171 hard=161 obsc=174 yr=  0  nz=0.01 flt=0.01 dmap=+0/-0 shz=4.0 plan=30 cmd=(lx=+0.00,ly=+0.40,rx=+0.00)
  t=  8.2 DWA-F pos=(+0.21,+0.08) yaw=-155.6 d=5.76 goal_err=-55 carrot_err= -19 c0=2.50 clear=1.00 prog=0.20 rel=0.99 bal=+0.45 obs=172 hard=162 obsc=174 yr=  0  nz=0.01 flt=0.00 dmap=+0/-0 shz=4.0 plan=30 cmd=(lx=+0.00,ly=+0.40,rx=+0.00)
  t=  8.6 DWA-F pos=(+0.16,+0.06) yaw=-155.6 d=5.72 goal_err=-56 carrot_err= -20 c0=2.50 clear=1.00 prog=0.21 rel=0.99 bal=+0.38 obs=171 hard=162 obsc=175 yr=  0  nz=0.01 flt=0.00 dmap=+0/-2 shz=3.9 plan=30 cmd=(lx=+0.00,ly=+0.40,rx=+0.00)
  t=  9.0 DWA-F pos=(+0.12,+0.04) yaw=-155.6 d=5.70 goal_err=-56 carrot_err= -21 c0=2.45 clear=1.00 prog=0.21 rel=0.97 bal=+0.39 obs=174 hard=164 obsc=176 yr=  0  nz=0.03 flt=0.01 dmap=+0/-0 shz=4.0 plan=30 cmd=(lx=+0.00,ly=+0.40,rx=+0.00)
  t=  9.5 DWA-F pos=(+0.08,+0.02) yaw=-155.6 d=5.67 goal_err=-57 carrot_err= -23 c0=2.41 clear=1.00 prog=0.20 rel=0.94 bal=+0.39 obs=172 hard=164 obsc=177 yr=  0  nz=0.06 flt=0.00 dmap=+0/-0 shz=3.9 plan=30 cmd=(lx=+0.00,ly=+0.40,rx=+0.00)
  t=  9.9 DWA-F pos=(+0.04,+0.00) yaw=-155.6 d=5.65 goal_err=-57 carrot_err= -24 c0=2.37 clear=1.00 prog=0.20 rel=0.92 bal=+0.38 obs=176 hard=167 obsc=179 yr=  0  nz=0.08 flt=0.01 dmap=+0/-0 shz=4.0 plan=30 cmd=(lx=+0.00,ly=+0.40,rx=+0.00)
  t= 10.3 DWA-F pos=(-0.00,-0.01) yaw=-155.6 d=5.63 goal_err=-57 carrot_err= -25 c0=2.32 clear=1.00 prog=0.20 rel=0.92 bal=+0.40 obs=177 hard=168 obsc=179 yr=  0  nz=0.08 flt=0.01 dmap=+1/-0 shz=4.0 plan=30 cmd=(lx=+0.00,ly=+0.40,rx=+0.00)
  t= 10.8 DWA-F pos=(-0.06,-0.04) yaw=-155.6 d=5.60 goal_err=-58 carrot_err= -27 c0=2.27 clear=1.00 prog=0.20 rel=0.93 bal=+0.42 obs=178 hard=169 obsc=180 yr=  0  nz=0.07 flt=0.01 dmap=+0/-0 shz=4.0 plan=29 cmd=(lx=+0.00,ly=+0.40,rx=+0.00)
  t= 11.2 DWA-F pos=(-0.10,-0.06) yaw=-155.6 d=5.57 goal_err=-58 carrot_err= -29 c0=2.22 clear=1.00 prog=0.20 rel=0.92 bal=+0.44 obs=180 hard=173 obsc=182 yr=  0  nz=0.08 flt=0.01 dmap=+0/-0 shz=4.0 plan=29 cmd=(lx=+0.00,ly=+0.40,rx=+0.00)
  t= 11.7 DWA-F pos=(-0.14,-0.07) yaw=-155.6 d=5.55 goal_err=-59 carrot_err= -29 c0=2.18 clear=1.00 prog=0.19 rel=0.92 bal=+0.46 obs=180 hard=171 obsc=182 yr=  0  nz=0.08 flt=0.01 dmap=+1/-1 shz=3.9 plan=29 cmd=(lx=+0.00,ly=+0.40,rx=+0.00)
  t= 12.1 DWA-F pos=(-0.19,-0.10) yaw=-155.6 d=5.52 goal_err=-59 carrot_err= -31 c0=2.12 clear=1.00 prog=0.20 rel=0.92 bal=+0.47 obs=183 hard=174 obsc=185 yr=  0  nz=0.08 flt=0.01 dmap=+4/-1 shz=4.0 plan=29 cmd=(lx=+0.00,ly=+0.40,rx=+0.00)
  t= 12.5 DWA-F pos=(-0.23,-0.11) yaw=-155.6 d=5.50 goal_err=-59 carrot_err= -33 c0=2.08 clear=1.00 prog=0.20 rel=0.91 bal=+0.49 obs=183 hard=174 obsc=185 yr=  0  nz=0.09 flt=0.02 dmap=+0/-0 shz=3.9 plan=28 cmd=(lx=+0.00,ly=+0.40,rx=+0.00)
  t= 13.0 DWA-F pos=(-0.27,-0.13) yaw=-155.6 d=5.48 goal_err=-60 carrot_err= -35 c0=2.03 clear=1.00 prog=0.18 rel=0.91 bal=+0.49 obs=184 hard=175 obsc=186 yr=  0  nz=0.09 flt=0.02 dmap=+0/-0 shz=4.0 plan=28 cmd=(lx=+0.00,ly=+0.40,rx=+0.00)
  t= 13.4 DWA-F pos=(-0.31,-0.15) yaw=-155.6 d=5.45 goal_err=-60 carrot_err= -37 c0=1.99 clear=1.00 prog=0.18 rel=0.91 bal=+0.49 obs=184 hard=178 obsc=186 yr=  0  nz=0.09 flt=0.01 dmap=+1/-1 shz=4.0 plan=28 cmd=(lx=+0.00,ly=+0.40,rx=+0.00)
  t= 13.8 DWA-F pos=(-0.35,-0.17) yaw=-158.8 d=5.43 goal_err=-57 carrot_err= -32 c0=1.95 clear=1.00 prog=0.18 rel=0.92 bal=+0.50 obs=189 hard=181 obsc=191 yr= 14  nz=0.08 flt=0.15 dmap=+6/-1 shz=4.0 plan=27 cmd=(lx=+0.00,ly=+0.40,rx=+0.00)
  t= 14.3 DWA-F pos=(-0.40,-0.19) yaw=-158.8 d=5.40 goal_err=-58 carrot_err= -35 c0=1.89 clear=1.00 prog=0.18 rel=0.91 bal=+0.50 obs=189 hard=183 obsc=190 yr=  0  nz=0.09 flt=0.01 dmap=+0/-0 shz=4.0 plan=27 cmd=(lx=+0.00,ly=+0.40,rx=+0.00)
  t= 14.7 DWA-F pos=(-0.44,-0.21) yaw=-158.8 d=5.38 goal_err=-58 carrot_err= -36 c0=1.85 clear=1.00 prog=0.19 rel=0.90 bal=+0.53 obs=191 hard=184 obsc=192 yr=  0  nz=0.10 flt=0.01 dmap=+0/-0 shz=4.0 plan=27 cmd=(lx=+0.00,ly=+0.40,rx=+0.00)
  t= 15.1 DWA-F pos=(-0.48,-0.22) yaw=-160.4 d=5.35 goal_err=-57 carrot_err= -37 c0=1.80 clear=1.00 prog=0.19 rel=0.91 bal=+0.53 obs=192 hard=184 obsc=193 yr= 15G nz=0.10 flt=0.12 dmap=+0/-0 shz=4.0 plan=27 cmd=(lx=+0.00,ly=+0.40,rx=+0.45)
  t= 15.6 DWA-F pos=(-0.53,-0.24) yaw=-163.6 d=5.33 goal_err=-54 carrot_err= -36 c0=1.76 clear=1.00 prog=0.19 rel=0.92 bal=+0.54 obs=193 hard=185 obsc=194 yr=  0  nz=0.08 flt=0.02 dmap=+0/-0 shz=4.0 plan=27 cmd=(lx=+0.00,ly=+0.40,rx=+0.00)
  t= 16.0 DWA-F pos=(-0.57,-0.25) yaw=-165.2 d=5.30 goal_err=-53 carrot_err= -36 c0=1.72 clear=1.00 prog=0.19 rel=0.92 bal=+0.48 obs=193 hard=185 obsc=195 yr= 14G nz=0.08 flt=0.00 dmap=+0/-0 shz=4.0 plan=27 cmd=(lx=+0.00,ly=+0.40,rx=+0.45)
  t= 16.4 DWA-F pos=(-0.61,-0.26) yaw=-170.1 d=5.28 goal_err=-49 carrot_err= -34 c0=1.68 clear=1.00 prog=0.19 rel=0.92 bal=+0.54 obs=198 hard=187 obsc=207 yr=  0  nz=0.08 flt=0.02 dmap=+5/-0 shz=4.0 plan=27 cmd=(lx=+0.00,ly=+0.40,rx=+0.00)
  t= 16.9 DWA-F pos=(-0.67,-0.27) yaw=-170.1 d=5.24 goal_err=-49 carrot_err= -42 c0=1.80 clear=1.00 prog=0.22 rel=0.91 bal=+0.50 obs=198 hard=189 obsc=205 yr=  0G nz=0.09 flt=0.01 dmap=+0/-0 shz=4.0 plan=26 cmd=(lx=+0.00,ly=+0.40,rx=+0.45)
  t= 17.3 DWA-F pos=(-0.71,-0.27) yaw=-176.5 d=5.21 goal_err=-43 carrot_err= -38 c0=1.84 clear=1.00 prog=0.23 rel=0.88 bal=+0.51 obs=198 hard=189 obsc=205 yr= 15G nz=0.12 flt=0.24 dmap=+0/-0 shz=4.0 plan=26 cmd=(lx=+0.00,ly=+0.40,rx=+0.00)
  t= 17.7 DWA-F pos=(-0.75,-0.27) yaw=-178.1 d=5.18 goal_err=-42 carrot_err= -38 c0=1.80 clear=1.00 prog=0.24 rel=0.86 bal=+0.52 obs=216 hard=199 obsc=229 yr=  0  nz=0.14 flt=0.10 dmap=+0/-0 shz=4.0 plan=26 cmd=(lx=+0.00,ly=+0.40,rx=+0.45)
  t= 18.2 DWA-F pos=(-0.80,-0.27) yaw=+178.7 d=5.14 goal_err=-39 carrot_err= -37 c0=1.94 clear=1.00 prog=0.25 rel=0.87 bal=+0.53 obs=216 hard=200 obsc=231 yr=  0  nz=0.13 flt=0.00 dmap=+2/-2 shz=4.0 plan=26 cmd=(lx=+0.00,ly=+0.40,rx=+0.00)
  t= 18.6 DWA-F pos=(-0.85,-0.27) yaw=+178.7 d=5.10 goal_err=-39 carrot_err= -31 c0=1.89 clear=1.00 prog=0.26 rel=0.90 bal=+0.52 obs=216 hard=202 obsc=229 yr=  0  nz=0.10 flt=0.00 dmap=+0/-1 shz=4.0 plan=25 cmd=(lx=+0.00,ly=+0.40,rx=+0.00)
  t= 19.0 DWA-F pos=(-0.90,-0.27) yaw=+178.7 d=5.06 goal_err=-40 carrot_err= -33 c0=1.85 clear=1.00 prog=0.27 rel=0.91 bal=+0.51 obs=212 hard=203 obsc=229 yr=  0  nz=0.09 flt=0.01 dmap=+0/-0 shz=4.0 plan=25 cmd=(lx=+0.00,ly=+0.40,rx=+0.00)
  t= 19.5 DWA-F pos=(-0.94,-0.27) yaw=+178.7 d=5.03 goal_err=-40 carrot_err= -34 c0=1.86 clear=1.00 prog=0.28 rel=0.93 bal=+0.49 obs=210 hard=197 obsc=222 yr=  0  nz=0.07 flt=0.00 dmap=+0/-0 shz=4.0 plan=25 cmd=(lx=+0.00,ly=+0.40,rx=+0.00)
  t= 19.9 DWA-F pos=(-0.99,-0.27) yaw=+178.7 d=5.00 goal_err=-40 carrot_err= -38 c0=1.81 clear=1.00 prog=0.28 rel=0.94 bal=+0.32 obs=209 hard=197 obsc=222 yr=  0  nz=0.06 flt=0.00 dmap=+0/-1 shz=4.0 plan=24 cmd=(lx=+0.00,ly=+0.40,rx=+0.00)
  t= 20.3 DWA-F pos=(-1.03,-0.27) yaw=+175.5 d=4.96 goal_err=-37 carrot_err= -37 c0=1.77 clear=1.00 prog=0.26 rel=0.95 bal=+0.30 obs=209 hard=197 obsc=222 yr= 15  nz=0.05 flt=0.01 dmap=+0/-0 shz=4.0 plan=24 cmd=(lx=+0.00,ly=+0.40,rx=+0.00)
  t= 20.8 DWA-F pos=(-1.09,-0.27) yaw=+175.5 d=4.92 goal_err=-38 carrot_err= -39 c0=1.71 clear=1.00 prog=0.28 rel=0.94 bal=+0.29 obs=209 hard=196 obsc=221 yr=  0G nz=0.06 flt=0.00 dmap=+0/-0 shz=4.0 plan=24 cmd=(lx=+0.00,ly=+0.40,rx=+0.45)
  t= 21.2 DWA-F pos=(-1.13,-0.26) yaw=+170.7 d=4.88 goal_err=-33 carrot_err= -35 c0=1.67 clear=1.00 prog=0.28 rel=0.92 bal=+0.28 obs=211 hard=200 obsc=223 yr=  0  nz=0.08 flt=0.00 dmap=+2/-0 shz=3.9 plan=24 cmd=(lx=+0.00,ly=+0.40,rx=+0.00)
  t= 21.7 DWA-F pos=(-1.18,-0.25) yaw=+170.7 d=4.85 goal_err=-34 carrot_err= -29 c0=1.63 clear=1.00 prog=0.28 rel=0.91 bal=+0.27 obs=210 hard=200 obsc=223 yr=  0  nz=0.09 flt=0.00 dmap=+0/-1 shz=4.0 plan=23 cmd=(lx=+0.00,ly=+0.40,rx=+0.00)
  t= 22.1 DWA-F pos=(-1.22,-0.25) yaw=+170.7 d=4.81 goal_err=-34 carrot_err= -30 c0=1.58 clear=1.00 prog=0.29 rel=0.90 bal=+0.26 obs=210 hard=198 obsc=222 yr=  0  nz=0.10 flt=0.01 dmap=+0/-0 shz=4.0 plan=23 cmd=(lx=+0.00,ly=+0.40,rx=+0.00)
  t= 22.5 DWA-F pos=(-1.27,-0.24) yaw=+170.7 d=4.76 goal_err=-34 carrot_err= -32 c0=1.53 clear=1.00 prog=0.31 rel=0.92 bal=+0.24 obs=208 hard=196 obsc=219 yr=  0  nz=0.08 flt=0.02 dmap=+0/-0 shz=4.0 plan=23 cmd=(lx=+0.00,ly=+0.40,rx=+0.00)
  t= 23.0 DWA-F pos=(-1.32,-0.23) yaw=+170.7 d=4.73 goal_err=-34 carrot_err= -17 c0=1.48 clear=0.99 prog=0.30 rel=0.91 bal=+0.24 obs=207 hard=197 obsc=220 yr=  0  nz=0.09 flt=0.01 dmap=+0/-2 shz=4.0 plan=22 cmd=(lx=+0.00,ly=+0.40,rx=+0.00)
  t= 23.4 DWA-F pos=(-1.36,-0.22) yaw=+170.7 d=4.69 goal_err=-35 carrot_err= -17 c0=1.44 clear=0.96 prog=0.30 rel=0.92 bal=+0.23 obs=208 hard=195 obsc=219 yr=  0  nz=0.08 flt=0.02 dmap=+2/-0 shz=4.0 plan=22 cmd=(lx=+0.00,ly=+0.40,rx=+0.00)
  t= 23.8 DWA-F pos=(-1.41,-0.21) yaw=+170.7 d=4.65 goal_err=-35 carrot_err= -18 c0=1.39 clear=0.93 prog=0.30 rel=0.92 bal=+0.22 obs=209 hard=196 obsc=220 yr=  0  nz=0.08 flt=0.00 dmap=+0/-0 shz=4.0 plan=22 cmd=(lx=+0.00,ly=+0.40,rx=+0.00)
  t= 24.3 DWA-F pos=(-1.45,-0.21) yaw=+170.7 d=4.62 goal_err=-35 carrot_err= -19 c0=1.35 clear=0.90 prog=0.29 rel=0.93 bal=+0.22 obs=209 hard=197 obsc=220 yr=  0  nz=0.07 flt=0.01 dmap=+0/-0 shz=4.0 plan=22 cmd=(lx=+0.00,ly=+0.40,rx=+0.00)
  t= 24.7 DWA-F pos=(-1.50,-0.20) yaw=+170.7 d=4.57 goal_err=-36 carrot_err= -20 c0=1.30 clear=0.86 prog=0.29 rel=0.92 bal=+0.08 obs=209 hard=197 obsc=219 yr=  0  nz=0.08 flt=0.02 dmap=+1/-0 shz=4.0 plan=22 cmd=(lx=+0.00,ly=+0.40,rx=+0.00)
  t= 25.1 DWA-F pos=(-1.55,-0.19) yaw=+170.7 d=4.54 goal_err=-36 carrot_err= -22 c0=1.25 clear=0.83 prog=0.29 rel=0.91 bal=+0.07 obs=209 hard=196 obsc=219 yr=  0  nz=0.09 flt=0.00 dmap=+0/-0 shz=4.0 plan=22 cmd=(lx=+0.00,ly=+0.40,rx=+0.00)
  t= 25.6 DWA-F pos=(-1.59,-0.18) yaw=+170.7 d=4.50 goal_err=-36 carrot_err= -27 c0=1.21 clear=0.81 prog=0.29 rel=0.91 bal=+0.07 obs=209 hard=197 obsc=219 yr=  0  nz=0.10 flt=0.01 dmap=+0/-0 shz=4.0 plan=22 cmd=(lx=+0.00,ly=+0.40,rx=+0.00)
  t= 26.0 DWA-F pos=(-1.64,-0.18) yaw=+170.7 d=4.46 goal_err=-37 carrot_err= -28 c0=1.16 clear=0.78 prog=0.29 rel=0.92 bal=+0.07 obs=209 hard=198 obsc=220 yr=  0  nz=0.08 flt=0.01 dmap=+1/-1 shz=4.0 plan=21 cmd=(lx=+0.00,ly=+0.40,rx=+0.00)
  t= 26.4 DWA-F pos=(-1.69,-0.17) yaw=+170.7 d=4.42 goal_err=-37 carrot_err= -29 c0=1.11 clear=0.74 prog=0.29 rel=0.91 bal=+0.07 obs=207 hard=197 obsc=219 yr=  0  nz=0.09 flt=0.02 dmap=+1/-2 shz=4.0 plan=21 cmd=(lx=+0.00,ly=+0.40,rx=+0.00)
  t= 26.9 DWA-F pos=(-1.73,-0.16) yaw=+170.7 d=4.38 goal_err=-38 carrot_err= -31 c0=1.07 clear=0.71 prog=0.29 rel=0.91 bal=+0.07 obs=207 hard=195 obsc=218 yr=  0  nz=0.09 flt=0.01 dmap=+0/-0 shz=4.0 plan=21 cmd=(lx=+0.00,ly=+0.40,rx=+0.00)
  t= 27.3 DWA-F pos=(-1.78,-0.15) yaw=+170.7 d=4.35 goal_err=-38 carrot_err= -33 c0=1.02 clear=0.68 prog=0.28 rel=0.92 bal=+0.06 obs=208 hard=196 obsc=218 yr=  0  nz=0.08 flt=0.01 dmap=+0/-0 shz=4.0 plan=21 cmd=(lx=+0.00,ly=+0.40,rx=+0.00)
  t= 27.8 DWA-F pos=(-1.82,-0.15) yaw=+170.7 d=4.31 goal_err=-38 carrot_err= -26 c0=0.98 clear=0.65 prog=0.28 rel=0.91 bal=+0.06 obs=210 hard=199 obsc=221 yr=  0  nz=0.09 flt=0.01 dmap=+1/-0 shz=4.0 plan=20 cmd=(lx=+0.00,ly=+0.40,rx=+0.00)
  t= 28.2 DWA-F pos=(-1.87,-0.14) yaw=+170.7 d=4.28 goal_err=-39 carrot_err= -27 c0=0.94 clear=0.62 prog=0.27 rel=0.93 bal=+0.05 obs=210 hard=199 obsc=221 yr=  0  nz=0.07 flt=0.01 dmap=+1/-1 shz=4.0 plan=20 cmd=(lx=+0.00,ly=+0.40,rx=+0.00)
  t= 28.6 DWA-F pos=(-1.92,-0.13) yaw=+170.7 d=4.24 goal_err=-39 carrot_err= -29 c0=0.88 clear=0.59 prog=0.28 rel=0.92 bal=+0.04 obs=211 hard=199 obsc=221 yr=  0  nz=0.08 flt=0.02 dmap=+0/-0 shz=4.0 plan=20 cmd=(lx=+0.00,ly=+0.40,rx=+0.00)
  t= 29.1 DWA-F pos=(-1.96,-0.12) yaw=+170.7 d=4.20 goal_err=-40 carrot_err= -23 c0=0.84 clear=0.56 prog=0.28 rel=0.92 bal=+0.04 obs=213 hard=201 obsc=223 yr=  0  nz=0.08 flt=0.01 dmap=+0/-0 shz=4.0 plan=19 cmd=(lx=+0.00,ly=+0.40,rx=+0.00)
  t= 29.5 DWA-F pos=(-2.01,-0.12) yaw=+170.7 d=4.17 goal_err=-40 carrot_err= -24 c0=0.80 clear=0.53 prog=0.28 rel=0.92 bal=+0.03 obs=213 hard=202 obsc=225 yr=  0  nz=0.08 flt=0.01 dmap=+0/-1 shz=4.0 plan=19 cmd=(lx=+0.00,ly=+0.40,rx=+0.00)
  t= 29.9 DWA-F pos=(-2.05,-0.11) yaw=+170.7 d=4.13 goal_err=-40 carrot_err= -25 c0=0.75 clear=0.50 prog=0.28 rel=0.93 bal=+0.03 obs=213 hard=203 obsc=225 yr=  0  nz=0.07 flt=0.00 dmap=+0/-0 shz=4.0 plan=19 cmd=(lx=+0.00,ly=+0.40,rx=+0.00)
  t= 30.4 DWA-F pos=(-2.11,-0.10) yaw=+167.5 d=4.09 goal_err=-38 carrot_err= -26 c0=0.70 clear=0.47 prog=0.28 rel=0.92 bal=-0.10 obs=211 hard=199 obsc=224 yr= 30G nz=0.08 flt=0.02 dmap=+0/-0 shz=4.0 plan=19 cmd=(lx=+0.00,ly=+0.40,rx=+0.00)
  t= 30.8 DWA-F pos=(-2.15,-0.09) yaw=+165.9 d=4.06 goal_err=-36 carrot_err= -25 c0=0.66 clear=0.44 prog=0.28 rel=0.92 bal=-0.25 obs=218 hard=203 obsc=229 yr=  0  nz=0.08 flt=0.02 dmap=+2/-0 shz=4.0 plan=18 cmd=(lx=+0.00,ly=+0.40,rx=+0.00)
  t= 31.2 DWA-F pos=(-2.19,-0.08) yaw=+165.9 d=4.02 goal_err=-37 carrot_err= -26 c0=0.82 clear=0.54 prog=0.28 rel=0.91 bal=-0.40 obs=216 hard=204 obsc=229 yr=  0  nz=0.09 flt=0.01 dmap=+0/-1 shz=4.0 plan=18 cmd=(lx=+0.00,ly=+0.40,rx=+0.00)
  t= 31.7 DWA-F pos=(-2.24,-0.07) yaw=+165.9 d=3.98 goal_err=-37 carrot_err= -27 c0=0.78 clear=0.52 prog=0.28 rel=0.89 bal=-0.55 obs=218 hard=204 obsc=229 yr=  0  nz=0.11 flt=0.00 dmap=+0/-0 shz=4.0 plan=18 cmd=(lx=+0.00,ly=+0.40,rx=+0.00)
  t= 32.1 DWA-F pos=(-2.28,-0.06) yaw=+165.9 d=3.95 goal_err=-38 carrot_err= -28 c0=0.92 clear=0.61 prog=0.28 rel=0.90 bal=-0.55 obs=219 hard=207 obsc=231 yr=  0  nz=0.10 flt=0.00 dmap=+0/-0 shz=4.0 plan=18 cmd=(lx=+0.00,ly=+0.40,rx=+0.00)
  t= 32.5 DWA-F pos=(-2.33,-0.04) yaw=+165.9 d=3.91 goal_err=-38 carrot_err= -30 c0=0.87 clear=0.58 prog=0.29 rel=0.88 bal=-0.55 obs=219 hard=208 obsc=231 yr=  0  nz=0.12 flt=0.02 dmap=+0/-1 shz=4.0 plan=18 cmd=(lx=+0.00,ly=+0.40,rx=+0.45)
  t= 33.0 DWA-F pos=(-2.38,-0.03) yaw=+161.1 d=3.87 goal_err=-34 carrot_err= -26 c0=0.83 clear=0.55 prog=0.29 rel=0.91 bal=-0.55 obs=219 hard=208 obsc=231 yr= 15  nz=0.09 flt=0.13 dmap=+0/-0 shz=4.0 plan=18 cmd=(lx=+0.00,ly=+0.40,rx=+0.00)
  t= 33.4 DWA-F pos=(-2.42,-0.02) yaw=+161.1 d=3.83 goal_err=-34 carrot_err= -27 c0=0.78 clear=0.52 prog=0.29 rel=0.92 bal=-0.54 obs=220 hard=205 obsc=235 yr=  0  nz=0.08 flt=0.05 dmap=+0/-0 shz=4.0 plan=18 cmd=(lx=+0.00,ly=+0.40,rx=+0.00)
  t= 33.8 DWA-F pos=(-2.46,-0.00) yaw=+159.5 d=3.80 goal_err=-33 carrot_err= -28 c0=0.74 clear=0.49 prog=0.29 rel=0.93 bal=-0.53 obs=221 hard=206 obsc=233 yr= 15G nz=0.07 flt=0.14 dmap=+0/-0 shz=3.9 plan=17 cmd=(lx=+0.00,ly=+0.40,rx=+0.00)
  t= 34.3 DWA-F pos=(-2.51,+0.02) yaw=+157.9 d=3.75 goal_err=-32 carrot_err= -28 c0=0.69 clear=0.46 prog=0.30 rel=0.92 bal=-0.50 obs=220 hard=207 obsc=233 yr=  0  nz=0.08 flt=0.04 dmap=+1/-1 shz=4.0 plan=17 cmd=(lx=+0.00,ly=+0.40,rx=+0.00)
  t= 34.7 DWA-F pos=(-2.55,+0.03) yaw=+156.3 d=3.71 goal_err=-30 carrot_err= -28 c0=1.06 clear=0.71 prog=0.30 rel=0.92 bal=-0.50 obs=220 hard=207 obsc=233 yr= 15G nz=0.08 flt=0.04 dmap=+0/-0 shz=3.9 plan=17 cmd=(lx=+0.00,ly=+0.40,rx=+0.00)
  t= 35.1 ENG-F pos=(-2.59,+0.05) yaw=+154.7 d=3.67 goal_err=-29 carrot_err= -25 c0=1.02 clear=0.68 prog=0.30 rel=0.74 bal=-0.49 obs=223 hard=212 obsc=240 yr=  0  nz=0.26 flt=0.02 dmap=+0/-0 shz=4.0 plan=17 cmd=(lx=+0.00,ly=+0.28,rx=+0.00)
  t= 35.5 ENG-F pos=(-2.62,+0.07) yaw=+154.7 d=3.64 goal_err=-29 carrot_err= -26 c0=0.99 clear=0.66 prog=0.30 rel=0.74 bal=-0.37 obs=227 hard=211 obsc=239 yr=  0  nz=0.26 flt=0.02 dmap=+1/-0 shz=4.0 plan=17 cmd=(lx=+0.00,ly=+0.28,rx=+0.00)
  t= 36.0 ENG-F pos=(-2.66,+0.08) yaw=+154.7 d=3.61 goal_err=-30 carrot_err= -27 c0=0.95 clear=0.64 prog=0.29 rel=0.76 bal=-0.37 obs=227 hard=213 obsc=241 yr=  0  nz=0.24 flt=0.02 dmap=+0/-0 shz=4.0 plan=17 cmd=(lx=+0.00,ly=+0.28,rx=+0.00)
  t= 36.4 ENG-F pos=(-2.69,+0.10) yaw=+154.7 d=3.58 goal_err=-30 carrot_err= -29 c0=0.92 clear=0.61 prog=0.26 rel=0.93 bal=-0.37 obs=225 hard=212 obsc=237 yr=  0  nz=0.07 flt=0.00 dmap=+0/-0 shz=4.0 plan=17 cmd=(lx=+0.00,ly=+0.28,rx=+0.00)
  t= 36.8 ENG-F pos=(-2.72,+0.11) yaw=+154.7 d=3.55 goal_err=-30 carrot_err= -20 c0=0.88 clear=0.59 prog=0.25 rel=0.94 bal=-0.37 obs=226 hard=211 obsc=237 yr=  0  nz=0.06 flt=0.01 dmap=+1/-0 shz=4.0 plan=16 cmd=(lx=+0.00,ly=+0.28,rx=+0.00)
  t= 37.2 ENG-F pos=(-2.75,+0.13) yaw=+154.7 d=3.52 goal_err=-30 carrot_err= -21 c0=0.85 clear=0.57 prog=0.24 rel=0.93 bal=-0.36 obs=227 hard=212 obsc=238 yr=  0  nz=0.07 flt=0.01 dmap=+0/-0 shz=4.0 plan=16 cmd=(lx=+0.00,ly=+0.28,rx=+0.00)
  t= 37.7 ENG-F pos=(-2.79,+0.15) yaw=+154.7 d=3.48 goal_err=-31 carrot_err= -22 c0=0.81 clear=0.54 prog=0.26 rel=0.94 bal=-0.30 obs=225 hard=212 obsc=237 yr=  0  nz=0.07 flt=0.00 dmap=+0/-0 shz=4.0 plan=16 cmd=(lx=+0.00,ly=+0.28,rx=+0.00)
  t= 38.1 ENG-F pos=(-2.83,+0.16) yaw=+154.7 d=3.45 goal_err=-31 carrot_err= -23 c0=0.77 clear=0.52 prog=0.26 rel=0.93 bal=-0.30 obs=225 hard=211 obsc=236 yr=  0  nz=0.07 flt=0.01 dmap=+0/-0 shz=4.0 plan=16 cmd=(lx=+0.00,ly=+0.28,rx=+0.00)
  t= 38.5 ENG-F pos=(-2.86,+0.18) yaw=+154.7 d=3.42 goal_err=-31 carrot_err= -24 c0=0.74 clear=0.49 prog=0.25 rel=0.91 bal=-0.31 obs=227 hard=212 obsc=237 yr=  0  nz=0.09 flt=0.03 dmap=+1/-0 shz=4.0 plan=16 cmd=(lx=+0.00,ly=+0.28,rx=+0.00)
  t= 39.0 ENG-F pos=(-2.89,+0.20) yaw=+154.7 d=3.39 goal_err=-32 carrot_err= -25 c0=0.71 clear=0.47 prog=0.25 rel=0.91 bal=-0.31 obs=227 hard=214 obsc=238 yr=  0  nz=0.09 flt=0.00 dmap=+1/-0 shz=4.0 plan=16 cmd=(lx=+0.00,ly=+0.28,rx=+0.00)
  t= 39.4 ENG-F pos=(-2.92,+0.21) yaw=+154.7 d=3.36 goal_err=-32 carrot_err= -26 c0=0.70 clear=0.47 prog=0.25 rel=0.95 bal=-0.19 obs=227 hard=214 obsc=237 yr=  0  nz=0.05 flt=0.01 dmap=+0/-0 shz=4.0 plan=16 cmd=(lx=+0.00,ly=+0.28,rx=+0.00)
  t= 39.8 ENG-T pos=(-2.96,+0.23) yaw=+154.7 d=3.32 goal_err=-33 carrot_err= -27 c0=0.66 clear=0.44 prog=0.25 rel=0.95 bal=-0.20 obs=227 hard=216 obsc=237 yr=  0G nz=0.05 flt=0.01 dmap=+0/-0 shz=4.0 plan=16 cmd=(lx=+0.00,ly=+0.00,rx=+0.45)
  t= 40.2 ENG-F pos=(-2.98,+0.24) yaw=+151.4 d=3.30 goal_err=-29 carrot_err= -25 c0=0.64 clear=0.43 prog=0.23 rel=0.94 bal=-0.20 obs=240 hard=225 obsc=251 yr=  0  nz=0.06 flt=0.26 dmap=+0/-0 shz=4.0 plan=16 cmd=(lx=+0.00,ly=+0.28,rx=+0.00)
  t= 40.7 ENG-T pos=(-3.01,+0.26) yaw=+151.4 d=3.27 goal_err=-30 carrot_err= -26 c0=0.61 clear=0.40 prog=0.23 rel=0.93 bal=-0.20 obs=241 hard=229 obsc=251 yr=  0  nz=0.07 flt=0.01 dmap=+0/-0 shz=4.0 plan=16 cmd=(lx=+0.00,ly=+0.00,rx=+0.45)
  t= 41.1 ENG-F pos=(-3.03,+0.26) yaw=+148.2 d=3.26 goal_err=-27 carrot_err= -23 c0=0.59 clear=0.39 prog=0.20 rel=0.94 bal=-0.24 obs=243 hard=228 obsc=256 yr=  0  nz=0.06 flt=0.06 dmap=+2/-0 shz=4.0 plan=16 cmd=(lx=+0.00,ly=+0.28,rx=+0.00)
  t= 41.5 ENG-F pos=(-3.06,+0.28) yaw=+148.2 d=3.22 goal_err=-27 carrot_err= -25 c0=0.55 clear=0.37 prog=0.20 rel=0.94 bal=-0.25 obs=243 hard=228 obsc=255 yr=  0  nz=0.06 flt=0.06 dmap=+0/-0 shz=4.0 plan=16 cmd=(lx=+0.00,ly=+0.28,rx=+0.00)
  t= 42.0 ENG-F pos=(-3.07,+0.29) yaw=+145.0 d=3.21 goal_err=-24 carrot_err= -22 c0=0.54 clear=0.36 prog=0.19 rel=0.93 bal=-0.25 obs=241 hard=227 obsc=254 yr= 15  nz=0.07 flt=0.12 dmap=+0/-0 shz=4.0 plan=16 cmd=(lx=+0.00,ly=+0.28,rx=+0.00)
  t= 42.4 ENG-F pos=(-3.10,+0.31) yaw=+145.0 d=3.18 goal_err=-24 carrot_err= -19 c0=0.57 clear=0.38 prog=0.19 rel=0.94 bal=-0.20 obs=240 hard=228 obsc=252 yr=  0  nz=0.06 flt=0.00 dmap=+2/-2 shz=4.0 plan=16 cmd=(lx=+0.00,ly=+0.28,rx=+0.00)
  t= 42.8 ENG-F pos=(-3.12,+0.33) yaw=+143.4 d=3.15 goal_err=-23 carrot_err= -18 c0=0.55 clear=0.37 prog=0.19 rel=0.95 bal=-0.20 obs=241 hard=229 obsc=253 yr= 15G nz=0.04 flt=0.00 dmap=+0/-0 shz=4.0 plan=16 cmd=(lx=+0.00,ly=+0.28,rx=+0.00)
  t= 43.2 ENG-F pos=(-3.14,+0.34) yaw=+140.2 d=3.13 goal_err=-20 carrot_err= -15 c0=0.53 clear=0.35 prog=0.19 rel=0.96 bal=-0.19 obs=243 hard=232 obsc=254 yr=  0  nz=0.04 flt=0.01 dmap=+0/-0 shz=4.0 plan=15 cmd=(lx=+0.00,ly=+0.28,rx=+0.00)
  t= 43.7 ENG-T pos=(-3.17,+0.36) yaw=+140.2 d=3.10 goal_err=-20 carrot_err= -16 c0=0.68 clear=0.45 prog=0.19 rel=0.95 bal=+0.44 obs=240 hard=229 obsc=252 yr=  0  nz=0.04 flt=0.00 dmap=+2/-2 shz=4.0 plan=15 cmd=(lx=+0.00,ly=+0.00,rx=+0.45)
  t= 44.1 ENG-F pos=(-3.18,+0.37) yaw=+137.0 d=3.09 goal_err=-17 carrot_err= -13 c0=0.66 clear=0.44 prog=0.18 rel=0.89 bal=+0.45 obs=242 hard=229 obsc=252 yr=  0  nz=0.11 flt=0.01 dmap=+1/-0 shz=4.0 plan=15 cmd=(lx=+0.00,ly=+0.28,rx=+0.00)
  t= 44.5 ENG-T pos=(-3.20,+0.39) yaw=+137.0 d=3.06 goal_err=-17 carrot_err= -13 c0=0.64 clear=0.42 prog=0.18 rel=0.88 bal=+0.46 obs=238 hard=230 obsc=253 yr=  0  nz=0.12 flt=0.01 dmap=+0/-0 shz=4.0 plan=15 cmd=(lx=+0.00,ly=+0.00,rx=+0.45)
  t= 44.9 ENG-F pos=(-3.21,+0.40) yaw=+133.8 d=3.04 goal_err=-14 carrot_err= -11 c0=1.07 clear=0.71 prog=0.17 rel=0.74 bal=+0.47 obs=239 hard=227 obsc=251 yr=  0  nz=0.26 flt=0.02 dmap=+1/-0 shz=4.0 plan=15 cmd=(lx=+0.00,ly=+0.28,rx=+0.00)
  t= 45.4 ENG-T pos=(-3.23,+0.42) yaw=+133.8 d=3.02 goal_err=-14 carrot_err= -11 c0=1.31 clear=0.87 prog=0.17 rel=0.70 bal=+0.48 obs=239 hard=226 obsc=249 yr=  0G nz=0.30 flt=0.00 dmap=+0/-0 shz=4.0 plan=15 cmd=(lx=+0.00,ly=+0.00,rx=+0.45)
  t= 45.8 ENG-F pos=(-3.24,+0.43) yaw=+130.6 d=3.00 goal_err=-11 carrot_err=  -8 c0=1.29 clear=0.86 prog=0.15 rel=0.56 bal=+0.49 obs=240 hard=227 obsc=251 yr=  0  nz=0.44 flt=0.17 dmap=+0/-0 shz=4.0 plan=15 cmd=(lx=+0.00,ly=+0.28,rx=+0.00)
  t= 46.2 ENG-GO pos=(-3.25,+0.45) yaw=+130.6 d=2.98 goal_err=-11 carrot_err=  -8 c0=0.82 clear=0.55 prog=0.17 rel=0.63 bal=+0.50 obs=241 hard=229 obsc=251 yr=  0  nz=0.37 flt=0.00 dmap=+0/-0 shz=4.0 plan=15 cmd=(lx=+0.00,ly=+0.28,rx=+0.00)
  t= 46.6 ENG-GO pos=(-3.27,+0.48) yaw=+130.6 d=2.95 goal_err=-11 carrot_err=  -9 c0=1.24 clear=0.83 prog=0.18 rel=0.66 bal=+0.52 obs=239 hard=230 obsc=251 yr=  0  nz=0.34 flt=0.01 dmap=+1/-2 shz=4.0 plan=15 cmd=(lx=+0.00,ly=+0.28,rx=+0.00)
  t= 47.1 ENG-GO pos=(-3.29,+0.50) yaw=+130.6 d=2.92 goal_err=-11 carrot_err=  -9 c0=1.31 clear=0.87 prog=0.19 rel=0.65 bal=+0.53 obs=238 hard=228 obsc=249 yr=  0  nz=0.35 flt=0.00 dmap=+0/-0 shz=4.0 plan=15 cmd=(lx=+0.00,ly=+0.28,rx=+0.00)
  t= 47.5 ENG-GO pos=(-3.31,+0.52) yaw=+130.6 d=2.89 goal_err=-11 carrot_err=  -5 c0=1.28 clear=0.85 prog=0.23 rel=0.66 bal=+0.54 obs=240 hard=226 obsc=250 yr=  0  nz=0.34 flt=0.01 dmap=+0/-0 shz=4.0 plan=15 cmd=(lx=+0.00,ly=+0.28,rx=+0.00)
  t= 47.9 ENG-GO pos=(-3.34,+0.55) yaw=+130.6 d=2.85 goal_err=-11 carrot_err=  -3 c0=1.25 clear=0.83 prog=0.24 rel=0.72 bal=+0.56 obs=239 hard=226 obsc=250 yr=  0  nz=0.28 flt=0.00 dmap=+0/-1 shz=4.0 plan=13 cmd=(lx=+0.00,ly=+0.28,rx=+0.00)
  t= 48.3 ENG-GO pos=(-3.36,+0.58) yaw=+130.6 d=2.82 goal_err=-11 carrot_err=  -3 c0=1.21 clear=0.81 prog=0.25 rel=0.94 bal=+0.58 obs=237 hard=225 obsc=249 yr=  0  nz=0.06 flt=0.03 dmap=+0/-0 shz=4.0 plan=13 cmd=(lx=+0.00,ly=+0.28,rx=+0.00)
  t= 48.8 ENG-GO pos=(-3.38,+0.60) yaw=+130.6 d=2.78 goal_err=-12 carrot_err=  -3 c0=1.18 clear=0.79 prog=0.26 rel=0.93 bal=+0.01 obs=240 hard=228 obsc=251 yr=  0  nz=0.07 flt=0.00 dmap=+1/-0 shz=4.0 plan=13 cmd=(lx=+0.00,ly=+0.28,rx=+0.00)
  t= 49.2 ENG-GO pos=(-3.41,+0.63) yaw=+130.6 d=2.75 goal_err=-12 carrot_err=  -3 c0=1.15 clear=0.76 prog=0.27 rel=0.94 bal=+0.02 obs=242 hard=228 obsc=252 yr=  0  nz=0.06 flt=0.01 dmap=+0/-0 shz=4.0 plan=13 cmd=(lx=+0.00,ly=+0.28,rx=+0.00)
  t= 49.6 ENG-GO pos=(-3.43,+0.66) yaw=+130.6 d=2.71 goal_err=-12 carrot_err=  -3 c0=1.10 clear=0.74 prog=0.29 rel=0.94 bal=+0.02 obs=241 hard=227 obsc=251 yr=  0  nz=0.06 flt=0.01 dmap=+1/-0 shz=4.0 plan=13 cmd=(lx=+0.00,ly=+0.28,rx=+0.00)
  t= 50.1 ENG-GO pos=(-3.46,+0.69) yaw=+130.6 d=2.67 goal_err=-12 carrot_err=  -3 c0=1.07 clear=0.71 prog=0.29 rel=0.93 bal=-0.01 obs=240 hard=229 obsc=253 yr=  0  nz=0.07 flt=0.01 dmap=+0/-0 shz=4.0 plan=13 cmd=(lx=+0.00,ly=+0.28,rx=+0.00)
  t= 50.5 ENG-GO pos=(-3.48,+0.72) yaw=+130.6 d=2.64 goal_err=-12 carrot_err=  -3 c0=1.04 clear=0.69 prog=0.29 rel=0.93 bal=+0.03 obs=235 hard=224 obsc=247 yr=  0  nz=0.07 flt=0.01 dmap=+0/-2 shz=4.0 plan=13 cmd=(lx=+0.00,ly=+0.28,rx=+0.00)
  t= 50.9 ENG-GO pos=(-3.50,+0.75) yaw=+130.6 d=2.60 goal_err=-12 carrot_err=  -3 c0=1.00 clear=0.67 prog=0.29 rel=0.93 bal=+0.02 obs=235 hard=224 obsc=247 yr=  0  nz=0.07 flt=0.00 dmap=+0/-2 shz=4.0 plan=12 cmd=(lx=+0.00,ly=+0.28,rx=+0.00)
  t= 51.3 ENG-GO pos=(-3.53,+0.77) yaw=+130.6 d=2.56 goal_err=-13 carrot_err=  -4 c0=0.97 clear=0.65 prog=0.28 rel=0.93 bal=+0.02 obs=235 hard=224 obsc=245 yr=  0  nz=0.07 flt=0.02 dmap=+0/-0 shz=4.0 plan=12 cmd=(lx=+0.00,ly=+0.28,rx=+0.00)
  t= 51.8 ENG-GO pos=(-3.55,+0.80) yaw=+130.6 d=2.53 goal_err=-13 carrot_err=  -4 c0=0.94 clear=0.62 prog=0.28 rel=0.92 bal=+0.02 obs=235 hard=223 obsc=245 yr=  0  nz=0.08 flt=0.02 dmap=+0/-0 shz=4.0 plan=12 cmd=(lx=+0.00,ly=+0.28,rx=+0.00)
  t= 52.2 ENG-GO pos=(-3.57,+0.83) yaw=+130.6 d=2.49 goal_err=-13 carrot_err=  -2 c0=1.00 clear=0.67 prog=0.28 rel=0.92 bal=+0.02 obs=234 hard=222 obsc=246 yr=  0  nz=0.08 flt=0.01 dmap=+0/-1 shz=4.0 plan=12 cmd=(lx=+0.00,ly=+0.28,rx=+0.00)
  t= 52.6 ENG-GO pos=(-3.60,+0.86) yaw=+130.6 d=2.46 goal_err=-13 carrot_err=  -2 c0=0.97 clear=0.65 prog=0.28 rel=0.95 bal=+0.02 obs=234 hard=221 obsc=245 yr=  0  nz=0.05 flt=0.01 dmap=+0/-0 shz=4.0 plan=12 cmd=(lx=+0.00,ly=+0.28,rx=+0.00)
  t= 53.0 ENG-GO pos=(-3.63,+0.89) yaw=+130.6 d=2.42 goal_err=-13 carrot_err=  -2 c0=0.93 clear=0.62 prog=0.29 rel=0.95 bal=+0.01 obs=234 hard=221 obsc=245 yr=  0  nz=0.05 flt=0.00 dmap=+0/-0 shz=4.0 plan=12 cmd=(lx=+0.00,ly=+0.28,rx=+0.00)
  t= 53.5 ENG-GO pos=(-3.65,+0.92) yaw=+130.6 d=2.38 goal_err=-14 carrot_err=  -2 c0=0.89 clear=0.59 prog=0.29 rel=0.94 bal=-0.11 obs=235 hard=225 obsc=246 yr=  0  nz=0.06 flt=0.00 dmap=+0/-1 shz=4.0 plan=12 cmd=(lx=+0.00,ly=+0.28,rx=+0.00)
  t= 53.9 ENG-GO pos=(-3.67,+0.94) yaw=+130.6 d=2.35 goal_err=-14 carrot_err=  -2 c0=0.86 clear=0.57 prog=0.29 rel=0.91 bal=+0.01 obs=233 hard=223 obsc=245 yr=  0  nz=0.09 flt=0.01 dmap=+0/-0 shz=4.0 plan=12 cmd=(lx=+0.00,ly=+0.28,rx=+0.00)
  t= 54.3 ENG-GO pos=(-3.70,+0.97) yaw=+130.6 d=2.31 goal_err=-14 carrot_err=  -2 c0=0.82 clear=0.55 prog=0.29 rel=0.91 bal=+0.01 obs=234 hard=222 obsc=245 yr=  0  nz=0.09 flt=0.00 dmap=+0/-0 shz=4.0 plan=11 cmd=(lx=+0.00,ly=+0.28,rx=+0.00)
  t= 54.7 ENG-GO pos=(-3.72,+1.00) yaw=+130.6 d=2.28 goal_err=-14 carrot_err=  -2 c0=0.79 clear=0.53 prog=0.27 rel=0.92 bal=-0.00 obs=231 hard=222 obsc=245 yr=  0  nz=0.08 flt=0.00 dmap=+0/-4 shz=4.0 plan=11 cmd=(lx=+0.00,ly=+0.28,rx=+0.00)
  t= 55.2 ENG-GO pos=(-3.74,+1.03) yaw=+130.6 d=2.24 goal_err=-15 carrot_err=  -2 c0=0.75 clear=0.50 prog=0.27 rel=0.92 bal=-0.01 obs=231 hard=219 obsc=240 yr=  0  nz=0.08 flt=0.02 dmap=+0/-0 shz=4.0 plan=11 cmd=(lx=+0.00,ly=+0.28,rx=+0.00)
  t= 55.6 ENG-GO pos=(-3.77,+1.05) yaw=+130.6 d=2.21 goal_err=-15 carrot_err=  -0 c0=0.72 clear=0.48 prog=0.27 rel=0.93 bal=-0.02 obs=231 hard=220 obsc=240 yr=  0  nz=0.07 flt=0.01 dmap=+0/-0 shz=4.0 plan=11 cmd=(lx=+0.00,ly=+0.28,rx=+0.00)
  t= 56.0 ENG-GO pos=(-3.80,+1.09) yaw=+130.6 d=2.16 goal_err=-15 carrot_err=  -0 c0=0.68 clear=0.45 prog=0.29 rel=0.93 bal=-0.03 obs=234 hard=222 obsc=243 yr=  0  nz=0.07 flt=0.00 dmap=+3/-0 shz=3.9 plan=11 cmd=(lx=+0.00,ly=+0.28,rx=+0.00)
  t= 56.4 ENG-GO pos=(-3.82,+1.12) yaw=+130.6 d=2.13 goal_err=-15 carrot_err=  -0 c0=0.65 clear=0.43 prog=0.29 rel=0.93 bal=-0.04 obs=234 hard=221 obsc=244 yr=  0  nz=0.07 flt=0.00 dmap=+0/-0 shz=4.0 plan=11 cmd=(lx=+0.00,ly=+0.28,rx=+0.00)
  t= 56.9 ENG-GO pos=(-3.84,+1.14) yaw=+130.6 d=2.09 goal_err=-16 carrot_err=  -0 c0=0.61 clear=0.41 prog=0.29 rel=0.92 bal=-0.05 obs=235 hard=221 obsc=244 yr=  0  nz=0.08 flt=0.00 dmap=+0/-0 shz=4.0 plan=11 cmd=(lx=+0.00,ly=+0.28,rx=+0.00)
  t= 57.3 ENG-GO pos=(-3.87,+1.17) yaw=+130.6 d=2.06 goal_err=-16 carrot_err=  -0 c0=0.85 clear=0.57 prog=0.29 rel=0.92 bal=+0.01 obs=234 hard=224 obsc=246 yr=  0  nz=0.08 flt=0.00 dmap=+2/-3 shz=3.9 plan=10 cmd=(lx=+0.00,ly=+0.28,rx=+0.00)
  t= 57.7 ENG-GO pos=(-3.89,+1.20) yaw=+130.6 d=2.02 goal_err=-16 carrot_err=  -0 c0=0.82 clear=0.54 prog=0.27 rel=0.84 bal=+0.08 obs=235 hard=224 obsc=244 yr=  0  nz=0.16 flt=0.00 dmap=+1/-0 shz=4.0 plan=10 cmd=(lx=+0.00,ly=+0.28,rx=+0.00)
  t= 58.1 ENG-GO pos=(-3.91,+1.23) yaw=+130.6 d=1.99 goal_err=-16 carrot_err=  -0 c0=0.78 clear=0.52 prog=0.27 rel=0.84 bal=+0.08 obs=234 hard=225 obsc=245 yr=  0  nz=0.16 flt=0.00 dmap=+0/-0 shz=3.9 plan=10 cmd=(lx=+0.00,ly=+0.28,rx=+0.00)
  t= 58.6 ENG-GO pos=(-3.94,+1.25) yaw=+130.6 d=1.96 goal_err=-17 carrot_err=  -0 c0=0.75 clear=0.50 prog=0.27 rel=0.87 bal=+0.08 obs=232 hard=222 obsc=243 yr=  0  nz=0.13 flt=0.00 dmap=+0/-0 shz=4.0 plan=10 cmd=(lx=+0.00,ly=+0.28,rx=+0.00)
  t= 59.0 ENG-GO pos=(-3.97,+1.29) yaw=+130.6 d=1.91 goal_err=-17 carrot_err=  -9 c0=0.71 clear=0.47 prog=0.29 rel=0.92 bal=+0.01 obs=233 hard=222 obsc=243 yr=  0  nz=0.08 flt=0.01 dmap=+1/-1 shz=4.0 plan=10 cmd=(lx=+0.00,ly=+0.28,rx=+0.00)
  t= 59.4 ENG-GO pos=(-3.99,+1.31) yaw=+130.6 d=1.88 goal_err=-17 carrot_err= -16 c0=0.67 clear=0.45 prog=0.29 rel=0.93 bal=-0.01 obs=232 hard=221 obsc=243 yr=  0  nz=0.07 flt=0.03 dmap=+1/-0 shz=3.9 plan=10 cmd=(lx=+0.00,ly=+0.28,rx=+0.00)
  t= 59.8 ENG-GO pos=(-4.01,+1.34) yaw=+130.6 d=1.84 goal_err=-18 carrot_err= -16 c0=1.46 clear=0.98 prog=0.28 rel=0.58 bal=-0.02 obs=234 hard=223 obsc=243 yr=  0  nz=0.42 flt=0.00 dmap=+0/-0 shz=4.0 plan=10 cmd=(lx=+0.00,ly=+0.28,rx=+0.00)
  t= 60.3 ENG-GO pos=(-4.04,+1.37) yaw=+130.6 d=1.81 goal_err=-18 carrot_err= -17 c0=1.43 clear=0.95 prog=0.28 rel=0.44 bal=-0.05 obs=231 hard=221 obsc=241 yr=  0  nz=0.56 flt=0.00 dmap=+1/-1 shz=4.0 plan=10 cmd=(lx=+0.00,ly=+0.28,rx=+0.00)
  t= 60.7 ENG-GO pos=(-4.06,+1.40) yaw=+130.6 d=1.77 goal_err=-18 carrot_err= -18 c0=1.39 clear=0.93 prog=0.27 rel=0.42 bal=-0.05 obs=230 hard=221 obsc=241 yr=  0  nz=0.58 flt=0.00 dmap=+0/-0 shz=4.0 plan=9 cmd=(lx=+0.00,ly=+0.28,rx=+0.00)
  t= 61.1 ENG-GO pos=(-4.08,+1.42) yaw=+130.6 d=1.74 goal_err=-19 carrot_err= -18 c0=1.36 clear=0.91 prog=0.27 rel=0.59 bal=+0.10 obs=233 hard=222 obsc=242 yr=  0  nz=0.41 flt=0.00 dmap=+0/-0 shz=4.0 plan=9 cmd=(lx=+0.00,ly=+0.28,rx=+0.00)
  t= 61.5 ENG-GO pos=(-4.11,+1.46) yaw=+130.6 d=1.70 goal_err=-19 carrot_err= -19 c0=1.32 clear=0.88 prog=0.28 rel=0.93 bal=+0.10 obs=233 hard=223 obsc=243 yr=  0  nz=0.07 flt=0.00 dmap=+1/-1 shz=3.9 plan=9 cmd=(lx=+0.00,ly=+0.28,rx=+0.00)
  t= 62.0 ENG-GO pos=(-4.14,+1.48) yaw=+130.6 d=1.66 goal_err=-20 carrot_err= -20 c0=1.28 clear=0.85 prog=0.28 rel=0.93 bal=+0.09 obs=232 hard=222 obsc=242 yr=  0  nz=0.07 flt=0.03 dmap=+0/-0 shz=4.0 plan=9 cmd=(lx=+0.00,ly=+0.28,rx=+0.00)
  t= 62.4 ENG-GO pos=(-4.16,+1.51) yaw=+130.6 d=1.63 goal_err=-20 carrot_err= -14 c0=1.25 clear=0.83 prog=0.28 rel=0.92 bal=+0.03 obs=233 hard=222 obsc=244 yr=  0  nz=0.08 flt=0.01 dmap=+0/-0 shz=4.0 plan=9 cmd=(lx=+0.00,ly=+0.28,rx=+0.00)
  t= 62.8 ENG-GO pos=(-4.18,+1.54) yaw=+130.6 d=1.60 goal_err=-21 carrot_err= -15 c0=1.21 clear=0.81 prog=0.28 rel=0.93 bal=+0.01 obs=237 hard=224 obsc=246 yr=  0  nz=0.07 flt=0.00 dmap=+1/-1 shz=3.9 plan=9 cmd=(lx=+0.00,ly=+0.28,rx=+0.00)
  t= 63.3 ENG-GO pos=(-4.21,+1.57) yaw=+130.6 d=1.56 goal_err=-21 carrot_err= -15 c0=1.18 clear=0.79 prog=0.26 rel=0.93 bal=-0.00 obs=237 hard=225 obsc=248 yr=  0  nz=0.07 flt=0.00 dmap=+1/-1 shz=4.0 plan=9 cmd=(lx=+0.00,ly=+0.28,rx=+0.00)
  t= 63.7 ENG-GO pos=(-4.24,+1.60) yaw=+130.6 d=1.52 goal_err=-22 carrot_err= -16 c0=1.13 clear=0.76 prog=0.28 rel=0.93 bal=-0.53 obs=239 hard=229 obsc=250 yr=  0  nz=0.07 flt=0.00 dmap=+0/-0 shz=4.0 plan=8 cmd=(lx=+0.00,ly=+0.28,rx=+0.00)
  t= 64.1 ENG-GO pos=(-4.26,+1.63) yaw=+130.6 d=1.49 goal_err=-22 carrot_err= -17 c0=1.10 clear=0.73 prog=0.28 rel=0.92 bal=-0.42 obs=240 hard=228 obsc=249 yr=  0  nz=0.08 flt=0.00 dmap=+1/-0 shz=3.9 plan=8 cmd=(lx=+0.00,ly=+0.28,rx=+0.00)
  t= 64.5 ENG-GO pos=(-4.28,+1.66) yaw=+130.6 d=1.45 goal_err=-23 carrot_err= -18 c0=1.07 clear=0.71 prog=0.28 rel=0.91 bal=-0.19 obs=239 hard=228 obsc=248 yr=  0  nz=0.09 flt=0.01 dmap=+2/-0 shz=4.0 plan=8 cmd=(lx=+0.00,ly=+0.28,rx=+0.00)
  t= 65.0 ENG-GO pos=(-4.31,+1.68) yaw=+130.6 d=1.42 goal_err=-23 carrot_err= -18 c0=1.03 clear=0.69 prog=0.28 rel=0.94 bal=-0.31 obs=240 hard=230 obsc=249 yr=  0  nz=0.07 flt=0.01 dmap=+0/-0 shz=3.9 plan=8 cmd=(lx=+0.00,ly=+0.28,rx=+0.00)
  t= 65.4 ENG-GO pos=(-4.33,+1.71) yaw=+130.6 d=1.39 goal_err=-24 carrot_err= -24 c0=1.00 clear=0.67 prog=0.27 rel=0.93 bal=-0.32 obs=239 hard=229 obsc=249 yr=  0  nz=0.07 flt=0.01 dmap=+0/-0 shz=4.0 plan=8 cmd=(lx=+0.00,ly=+0.28,rx=+0.00)
  t= 65.8 ENG-GO pos=(-4.35,+1.74) yaw=+130.6 d=1.36 goal_err=-24 carrot_err= -25 c0=0.96 clear=0.64 prog=0.26 rel=0.93 bal=-0.33 obs=240 hard=229 obsc=250 yr=  0  nz=0.07 flt=0.00 dmap=+0/-0 shz=4.0 plan=8 cmd=(lx=+0.00,ly=+0.28,rx=+0.00)
  t= 66.2 ENG-GO pos=(-4.38,+1.77) yaw=+130.6 d=1.32 goal_err=-25 carrot_err= -26 c0=0.93 clear=0.62 prog=0.26 rel=0.94 bal=-0.34 obs=240 hard=229 obsc=250 yr=  0  nz=0.06 flt=0.01 dmap=+0/-0 shz=3.9 plan=8 cmd=(lx=+0.00,ly=+0.28,rx=+0.00)
  t= 66.7 ENG-GO pos=(-4.41,+1.80) yaw=+130.6 d=1.28 goal_err=-26 carrot_err= -27 c0=0.89 clear=0.59 prog=0.27 rel=0.92 bal=-0.46 obs=241 hard=230 obsc=252 yr=  0  nz=0.08 flt=0.00 dmap=+0/-0 shz=4.0 plan=8 cmd=(lx=+0.00,ly=+0.28,rx=+0.00)
  [META2-DOOR] Door_Direct: CRUZADA (cols=0) -> Pl=1.00
  t= 67.1 DWA-F pos=(-4.43,+1.83) yaw=+130.6 d=1.25 goal_err=-27 carrot_err= -28 c0=0.85 clear=0.57 prog=0.28 rel=0.93 bal=-0.47 obs=241 hard=230 obsc=251 yr=  0  nz=0.07 flt=0.02 dmap=+0/-1 shz=4.0 plan=7 cmd=(lx=+0.00,ly=+0.40,rx=+0.00)
  t= 67.5 DWA-F pos=(-4.46,+1.86) yaw=+130.6 d=1.21 goal_err=-28 carrot_err= -30 c0=0.81 clear=0.54 prog=0.28 rel=0.93 bal=-0.49 obs=241 hard=230 obsc=250 yr=  0G nz=0.07 flt=0.00 dmap=+0/-0 shz=4.0 plan=7 cmd=(lx=+0.00,ly=+0.40,rx=+0.45)
  t= 68.0 DWA-F pos=(-4.49,+1.90) yaw=+127.4 d=1.17 goal_err=-25 carrot_err= -28 c0=0.87 clear=0.58 prog=0.30 rel=0.94 bal=-0.45 obs=240 hard=230 obsc=250 yr=  0  nz=0.06 flt=0.00 dmap=+0/-0 shz=4.0 plan=7 cmd=(lx=+0.00,ly=+0.40,rx=+0.45)
  t= 68.4 DWA-F pos=(-4.52,+1.93) yaw=+125.8 d=1.13 goal_err=-25 carrot_err= -18 c0=0.83 clear=0.55 prog=0.29 rel=0.95 bal=-0.38 obs=239 hard=229 obsc=250 yr=  0  nz=0.05 flt=0.05 dmap=+2/-3 shz=4.0 plan=6 cmd=(lx=+0.00,ly=+0.40,rx=+0.00)
  t= 68.8 DWA-F pos=(-4.55,+1.98) yaw=+125.8 d=1.08 goal_err=-26 carrot_err= -19 c0=0.78 clear=0.52 prog=0.33 rel=0.93 bal=-0.39 obs=239 hard=229 obsc=248 yr=  0  nz=0.07 flt=0.01 dmap=+0/-0 shz=4.0 plan=6 cmd=(lx=+0.00,ly=+0.40,rx=+0.00)
  t= 69.3 DWA-F pos=(-4.57,+2.01) yaw=+125.8 d=1.04 goal_err=-27 carrot_err= -20 c0=0.73 clear=0.49 prog=0.33 rel=0.91 bal=-0.52 obs=238 hard=230 obsc=250 yr=  0  nz=0.09 flt=0.00 dmap=+0/-0 shz=4.0 plan=6 cmd=(lx=+0.00,ly=+0.40,rx=+0.00)
  t= 69.7 DWA-F pos=(-4.60,+2.05) yaw=+125.8 d=1.00 goal_err=-28 carrot_err= -21 c0=0.69 clear=0.46 prog=0.33 rel=0.92 bal=-0.53 obs=241 hard=229 obsc=251 yr=  0  nz=0.08 flt=0.01 dmap=+2/-1 shz=3.9 plan=6 cmd=(lx=+0.00,ly=+0.40,rx=+0.00)
  t= 70.1 DWA-F pos=(-4.63,+2.09) yaw=+125.8 d=0.96 goal_err=-30 carrot_err= -22 c0=0.93 clear=0.62 prog=0.32 rel=0.93 bal=-0.53 obs=242 hard=231 obsc=251 yr=  0  nz=0.07 flt=0.00 dmap=+2/-0 shz=4.0 plan=6 cmd=(lx=+0.00,ly=+0.40,rx=+0.00)
  t= 70.5 DWA-F pos=(-4.65,+2.12) yaw=+125.8 d=0.92 goal_err=-31 carrot_err= -26 c0=0.89 clear=0.59 prog=0.30 rel=0.84 bal=-0.53 obs=242 hard=231 obsc=251 yr=  0  nz=0.15 flt=0.02 dmap=+0/-0 shz=3.9 plan=6 cmd=(lx=+0.00,ly=+0.40,rx=+0.00)
  t= 71.0 DWA-F pos=(-4.68,+2.17) yaw=+125.8 d=0.87 goal_err=-33 carrot_err= -28 c0=0.84 clear=0.56 prog=0.32 rel=0.84 bal=-0.54 obs=242 hard=230 obsc=252 yr=  0  nz=0.16 flt=0.00 dmap=+0/-0 shz=4.0 plan=6 cmd=(lx=+0.00,ly=+0.40,rx=+0.00)
  t= 71.4 DWA-F pos=(-4.71,+2.20) yaw=+125.8 d=0.84 goal_err=-34 carrot_err= -29 c0=0.80 clear=0.53 prog=0.31 rel=0.86 bal=-0.41 obs=244 hard=231 obsc=253 yr=  0  nz=0.14 flt=0.01 dmap=+0/-0 shz=4.0 plan=5 cmd=(lx=+0.00,ly=+0.40,rx=+0.00)
  t= 71.8 DWA-F pos=(-4.73,+2.24) yaw=+122.6 d=0.80 goal_err=-33 carrot_err= -28 c0=1.15 clear=0.77 prog=0.30 rel=0.79 bal=-0.52 obs=244 hard=231 obsc=253 yr= 15  nz=0.21 flt=0.00 dmap=+0/-0 shz=4.0 plan=5 cmd=(lx=+0.00,ly=+0.40,rx=+0.00)
  t= 72.3 DWA-F pos=(-4.76,+2.27) yaw=+119.4 d=0.77 goal_err=-31 carrot_err= -26 c0=1.11 clear=0.74 prog=0.30 rel=0.74 bal=-0.41 obs=247 hard=235 obsc=257 yr= 15  nz=0.26 flt=0.04 dmap=+0/-0 shz=4.0 plan=5 cmd=(lx=+0.00,ly=+0.40,rx=+0.00)
  t= 72.7 DWA-F pos=(-4.78,+2.31) yaw=+119.4 d=0.73 goal_err=-33 carrot_err= -28 c0=1.07 clear=0.71 prog=0.28 rel=0.74 bal=-0.40 obs=247 hard=236 obsc=256 yr=  0  nz=0.26 flt=0.00 dmap=+0/-0 shz=4.0 plan=5 cmd=(lx=+0.00,ly=+0.40,rx=+0.00)
  t= 73.1 DWA-F pos=(-4.80,+2.36) yaw=+117.8 d=0.69 goal_err=-34 carrot_err= -28 c0=1.02 clear=0.68 prog=0.29 rel=0.81 bal=-0.40 obs=246 hard=236 obsc=257 yr= 15G nz=0.19 flt=0.06 dmap=+0/-0 shz=4.0 plan=4 cmd=(lx=+0.00,ly=+0.40,rx=+0.45)
  t= 73.5 DWA-F pos=(-4.82,+2.39) yaw=+114.5 d=0.65 goal_err=-33 carrot_err= -27 c0=0.99 clear=0.66 prog=0.29 rel=0.92 bal=-0.40 obs=245 hard=235 obsc=256 yr=  0  nz=0.08 flt=0.02 dmap=+0/-0 shz=4.0 plan=4 cmd=(lx=+0.00,ly=+0.40,rx=+0.00)
  t= 74.0 DWA-F pos=(-4.84,+2.43) yaw=+114.5 d=0.62 goal_err=-35 carrot_err= -29 c0=0.95 clear=0.63 prog=0.29 rel=0.92 bal=-0.40 obs=247 hard=236 obsc=257 yr=  0G nz=0.08 flt=0.01 dmap=+0/-0 shz=4.0 plan=4 cmd=(lx=+0.00,ly=+0.40,rx=+0.45)
  t= 74.4 DWA-F pos=(-4.86,+2.47) yaw=+109.7 d=0.58 goal_err=-32 carrot_err= -26 c0=0.91 clear=0.61 prog=0.29 rel=0.90 bal=-0.39 obs=246 hard=234 obsc=255 yr=  0  nz=0.10 flt=0.03 dmap=+0/-1 shz=4.0 plan=4 cmd=(lx=+0.00,ly=+0.40,rx=+0.00)
  t= 74.8 DWA-F pos=(-4.87,+2.51) yaw=+108.1 d=0.54 goal_err=-33 carrot_err= -26 c0=0.87 clear=0.58 prog=0.28 rel=0.90 bal=-0.38 obs=246 hard=234 obsc=255 yr= 15G nz=0.10 flt=0.00 dmap=+0/-0 shz=3.9 plan=4 cmd=(lx=+0.00,ly=+0.40,rx=+0.45)
  t= 75.3 DWA-F pos=(-4.88,+2.56) yaw=+104.9 d=0.51 goal_err=-32 carrot_err= -25 c0=0.83 clear=0.55 prog=0.28 rel=0.92 bal=-0.38 obs=244 hard=233 obsc=254 yr=  0  nz=0.08 flt=0.01 dmap=+0/-0 shz=4.0 plan=4 cmd=(lx=+0.00,ly=+0.28,rx=+0.45)
  t= 75.7 DWA-T pos=(-4.89,+2.60) yaw=+100.1 d=0.47 goal_err=-31 carrot_err= -24 c0=0.94 clear=0.63 prog=0.29 rel=0.92 bal=-0.37 obs=244 hard=233 obsc=254 yr= 15G nz=0.08 flt=0.01 dmap=+0/-0 shz=3.9 plan=4 cmd=(lx=+0.00,ly=+0.00,rx=+0.00)
  t= 76.1 DWA-T pos=(-4.90,+2.61) yaw= +98.5 d=0.46 goal_err=-30 carrot_err= -22 c0=0.93 clear=0.62 prog=0.24 rel=0.92 bal=-0.36 obs=244 hard=232 obsc=254 yr=  0  nz=0.08 flt=0.01 dmap=+0/-0 shz=4.0 plan=3 cmd=(lx=+0.00,ly=+0.00,rx=+0.00)
  t= 76.6 DWA-T pos=(-4.90,+2.61) yaw= +98.5 d=0.46 goal_err=-30 carrot_err= -22 c0=0.93 clear=0.62 prog=0.18 rel=0.92 bal=-0.36 obs=244 hard=232 obsc=254 yr=  0  nz=0.08 flt=0.01 dmap=+0/-0 shz=4.0 plan=3 cmd=(lx=+0.00,ly=+0.00,rx=+0.00)
  t= 77.0 DWA-T pos=(-4.90,+2.61) yaw= +98.5 d=0.46 goal_err=-30 carrot_err= -22 c0=0.93 clear=0.62 prog=0.12 rel=0.92 bal=-0.36 obs=244 hard=232 obsc=254 yr=  0  nz=0.08 flt=0.01 dmap=+0/-0 shz=4.0 plan=0 cmd=(lx=+0.00,ly=+0.00,rx=+0.00)
  t= 77.4 BRK-BK pos=(-4.89,+2.59) yaw= +98.5 d=0.48 goal_err=-28 carrot_err= -21 c0=0.96 clear=0.64 prog=0.00 rel=0.92 bal=-0.37 obs=236 hard=230 obsc=240 yr=  0  nz=0.08 flt=0.00 dmap=+1/-9 shz=3.7 plan=0 cmd=(lx=+0.00,ly=-0.35,rx=+0.00)
  t= 77.8 BRK-TR pos=(-4.89,+2.55) yaw= +95.3 d=0.51 goal_err=-23 carrot_err= -16 c0=1.17 clear=0.78 prog=0.00 rel=0.97 bal=-0.38 obs=236 hard=230 obsc=240 yr= 15G nz=0.03 flt=0.08 dmap=+0/-0 shz=3.7 plan=0 cmd=(lx=+0.00,ly=+0.00,rx=+0.45)
  t= 78.3 BRK-TR pos=(-4.89,+2.55) yaw= +88.9 d=0.51 goal_err=-17 carrot_err= -10 c0=1.16 clear=0.77 prog=0.00 rel=0.78 bal=-0.18 obs=236 hard=231 obsc=240 yr= 15G nz=0.22 flt=0.01 dmap=+0/-0 shz=3.7 plan=0 cmd=(lx=+0.00,ly=+0.00,rx=+0.45)
  t= 78.7 BRK-TR pos=(-4.89,+2.55) yaw= +82.5 d=0.51 goal_err=-10 carrot_err=  -3 c0=1.09 clear=0.73 prog=0.00 rel=0.80 bal=-0.27 obs=237 hard=232 obsc=241 yr= 15G nz=0.20 flt=0.03 dmap=+1/-0 shz=3.7 plan=0 cmd=(lx=+0.00,ly=+0.00,rx=+0.45)
  t= 79.1 BRK-TR pos=(-4.89,+2.55) yaw= +76.0 d=0.51 goal_err=-4 carrot_err=  +3 c0=1.16 clear=0.77 prog=0.00 rel=0.85 bal=-0.31 obs=237 hard=232 obsc=241 yr= 15G nz=0.15 flt=0.06 dmap=+0/-0 shz=3.7 plan=0 cmd=(lx=+0.00,ly=+0.00,rx=+0.45)
  t= 79.5 BRK-TR pos=(-4.89,+2.55) yaw= +70.1 d=0.51 goal_err=+2 carrot_err=  +9 c0=1.09 clear=0.73 prog=0.00 rel=0.89 bal=-0.31 obs=237 hard=232 obsc=241 yr= 14G nz=0.11 flt=0.00 dmap=+0/-0 shz=3.7 plan=0 cmd=(lx=+0.00,ly=+0.00,rx=+0.45)
  t= 80.0 DWA-F pos=(-4.89,+2.55) yaw= +64.1 d=0.51 goal_err=+8 carrot_err= +15 c0=1.09 clear=0.73 prog=0.00 rel=0.94 bal=-0.21 obs=237 hard=232 obsc=241 yr= 14G nz=0.06 flt=0.05 dmap=+0/-0 shz=3.7 plan=3 cmd=(lx=+0.00,ly=+0.40,rx=+0.00)
  t= 80.4 DWA-T pos=(-4.87,+2.58) yaw= +62.6 d=0.49 goal_err=+10 carrot_err= +17 c0=1.06 clear=0.71 prog=0.05 rel=0.95 bal=-0.21 obs=231 hard=229 obsc=238 yr=  0  nz=0.05 flt=0.03 dmap=+0/-0 shz=3.7 plan=3 cmd=(lx=+0.00,ly=+0.00,rx=+0.00)
  t= 80.8 DWA-T pos=(-4.87,+2.58) yaw= +62.6 d=0.48 goal_err=+10 carrot_err= +18 c0=1.06 clear=0.70 prog=0.06 rel=0.96 bal=-0.22 obs=230 hard=224 obsc=233 yr=  0  nz=0.04 flt=0.00 dmap=+0/-0 shz=3.7 plan=3 cmd=(lx=+0.00,ly=+0.00,rx=+0.00)
  t= 81.3 DWA-T pos=(-4.87,+2.58) yaw= +62.6 d=0.48 goal_err=+10 carrot_err= +18 c0=1.06 clear=0.70 prog=0.06 rel=0.96 bal=-0.22 obs=230 hard=224 obsc=233 yr=  0  nz=0.04 flt=0.00 dmap=+0/-0 shz=3.7 plan=3 cmd=(lx=+0.00,ly=+0.00,rx=+0.00)
  t= 81.7 DWA-T pos=(-4.87,+2.58) yaw= +62.6 d=0.48 goal_err=+10 carrot_err= +18 c0=1.06 clear=0.70 prog=0.06 rel=0.96 bal=-0.22 obs=230 hard=224 obsc=233 yr=  0  nz=0.04 flt=0.00 dmap=+0/-0 shz=3.7 plan=0 cmd=(lx=+0.00,ly=+0.00,rx=+0.00)
  t= 82.1 BRK-BK pos=(-4.88,+2.56) yaw= +62.6 d=0.50 goal_err=+10 carrot_err= +17 c0=1.08 clear=0.72 prog=0.01 rel=0.99 bal=-0.21 obs=230 hard=223 obsc=233 yr=  0  nz=0.01 flt=0.00 dmap=+0/-0 shz=3.5 plan=0 cmd=(lx=+0.00,ly=-0.35,rx=+0.00)
  t= 82.5 BRK-TR pos=(-4.90,+2.53) yaw= +61.1 d=0.54 goal_err=+11 carrot_err= +17 c0=1.12 clear=0.75 prog=0.00 rel=0.98 bal=-0.21 obs=226 hard=223 obsc=232 yr= 14G nz=0.02 flt=0.04 dmap=+0/-0 shz=3.5 plan=0 cmd=(lx=+0.00,ly=+0.00,rx=+0.45)
  t= 83.0 BRK-TR pos=(-4.90,+2.53) yaw= +53.7 d=0.54 goal_err=+18 carrot_err= +24 c0=1.12 clear=0.75 prog=0.00 rel=0.96 bal=-0.14 obs=228 hard=225 obsc=233 yr= 28G nz=0.04 flt=0.00 dmap=+2/-0 shz=3.5 plan=0 cmd=(lx=+0.00,ly=+0.00,rx=+0.45)
  t= 83.4 BRK-TR pos=(-4.90,+2.53) yaw= +47.7 d=0.54 goal_err=+24 carrot_err= +30 c0=1.12 clear=0.75 prog=0.00 rel=0.96 bal=-0.14 obs=228 hard=225 obsc=233 yr= 14G nz=0.04 flt=0.04 dmap=+0/-0 shz=3.5 plan=0 cmd=(lx=+0.00,ly=+0.00,rx=+0.45)
  t= 83.8 BRK-TR pos=(-4.90,+2.53) yaw= +41.8 d=0.54 goal_err=+30 carrot_err= +36 c0=1.12 clear=0.75 prog=0.00 rel=0.96 bal=-0.14 obs=228 hard=225 obsc=233 yr= 14G nz=0.04 flt=0.09 dmap=+0/-0 shz=3.5 plan=0 cmd=(lx=+0.00,ly=+0.00,rx=+0.45)
  t= 84.2 BRK-TR pos=(-4.90,+2.53) yaw= +35.8 d=0.54 goal_err=+36 carrot_err= +42 c0=1.12 clear=0.75 prog=0.00 rel=0.99 bal=-0.08 obs=228 hard=225 obsc=233 yr= 14G nz=0.01 flt=0.00 dmap=+0/-0 shz=3.5 plan=0 cmd=(lx=+0.00,ly=+0.00,rx=+0.45)
  t= 84.7 DWA-F pos=(-4.90,+2.53) yaw= +29.9 d=0.54 goal_err=+42 carrot_err= +48 c0=1.12 clear=0.75 prog=0.00 rel=0.99 bal=-0.08 obs=228 hard=225 obsc=233 yr= 14G nz=0.01 flt=0.05 dmap=+0/-0 shz=3.5 plan=3 cmd=(lx=+0.00,ly=+0.28,rx=-0.45)
  t= 85.1 DWA-F pos=(-4.88,+2.54) yaw= +32.8 d=0.53 goal_err=+40 carrot_err= +47 c0=1.10 clear=0.73 prog=0.03 rel=0.98 bal=-0.07 obs=228 hard=225 obsc=233 yr= 14G nz=0.02 flt=0.15 dmap=+0/-0 shz=3.5 plan=3 cmd=(lx=+0.00,ly=+0.28,rx=-0.45)
  t= 85.5 DWA-F pos=(-4.86,+2.55) yaw= +38.8 d=0.50 goal_err=+36 carrot_err= +44 c0=1.07 clear=0.71 prog=0.06 rel=0.91 bal=-0.07 obs=228 hard=225 obsc=233 yr= 14G nz=0.04 flt=0.02 dmap=+0/-0 shz=3.5 plan=3 cmd=(lx=+0.00,ly=+0.28,rx=-0.45)
  t= 86.0 DWA-F pos=(-4.83,+2.58) yaw= +46.2 d=0.47 goal_err=+31 carrot_err= +39 c0=1.04 clear=0.69 prog=0.11 rel=0.94 bal=-0.07 obs=228 hard=225 obsc=233 yr= 28G nz=0.06 flt=0.00 dmap=+0/-0 shz=3.5 plan=3 cmd=(lx=+0.00,ly=+0.28,rx=-0.45)
  t= 86.4 DWA-F pos=(-4.81,+2.60) yaw= +52.2 d=0.45 goal_err=+27 carrot_err= +36 c0=1.01 clear=0.67 prog=0.15 rel=0.91 bal=-0.04 obs=232 hard=228 obsc=236 yr= 14G nz=0.07 flt=0.03 dmap=+0/-0 shz=3.5 plan=3 cmd=(lx=+0.00,ly=+0.28,rx=-0.45)
  t= 86.8 DWA-F pos=(-4.80,+2.62) yaw= +58.2 d=0.43 goal_err=+23 carrot_err= +32 c0=0.98 clear=0.66 prog=0.19 rel=0.93 bal=-0.12 obs=233 hard=229 obsc=237 yr= 14G nz=0.07 flt=0.03 dmap=+1/-0 shz=3.5 plan=3 cmd=(lx=+0.00,ly=+0.28,rx=-0.45)

  >>> MODO AGRESIVO ON (12s sin acercarse a B): reduzco inflado y holgura (min seguridad 0.24m) para cruzar la puerta.
  t= 87.2 AGR-DWA-T pos=(-4.79,+2.63) yaw= +61.1 d=0.41 goal_err=+20 carrot_err= +30 c0=0.97 clear=0.65 prog=0.18 rel=0.92 bal=-0.12 obs=228 hard=217 obsc=236 yr=  0  nz=0.08 flt=0.02 dmap=+2/-1 shz=3.5 plan=3 cmd=(lx=+0.00,ly=+0.00,rx=+0.00)
  t= 87.7 AGR-DWA-T pos=(-4.79,+2.63) yaw= +61.1 d=0.41 goal_err=+20 carrot_err= +30 c0=0.97 clear=0.65 prog=0.14 rel=0.93 bal=-0.12 obs=228 hard=217 obsc=236 yr=  0  nz=0.07 flt=0.02 dmap=+0/-0 shz=3.5 plan=3 cmd=(lx=+0.00,ly=+0.00,rx=+0.00)
  t= 88.1 AGR-DWA-T pos=(-4.79,+2.63) yaw= +61.1 d=0.41 goal_err=+20 carrot_err= +30 c0=0.97 clear=0.65 prog=0.09 rel=0.93 bal=-0.12 obs=228 hard=217 obsc=236 yr=  0  nz=0.07 flt=0.02 dmap=+0/-0 shz=3.5 plan=3 cmd=(lx=+0.00,ly=+0.00,rx=+0.00)
  t= 88.5 AGR-BRK-BK pos=(-4.80,+2.62) yaw= +61.1 d=0.42 goal_err=+20 carrot_err= +29 c0=0.98 clear=0.65 prog=0.02 rel=0.93 bal=-0.12 obs=227 hard=216 obsc=235 yr=  0  nz=0.07 flt=0.00 dmap=+1/-2 shz=3.3 plan=0 cmd=(lx=+0.00,ly=-0.35,rx=+0.00)
  t= 89.0 AGR-BRK-TR pos=(-4.81,+2.59) yaw= +59.7 d=0.46 goal_err=+20 carrot_err= +28 c0=1.02 clear=0.68 prog=0.00 rel=0.96 bal=-0.12 obs=227 hard=216 obsc=235 yr= 14G nz=0.04 flt=0.04 dmap=+0/-0 shz=3.3 plan=0 cmd=(lx=+0.00,ly=+0.00,rx=+0.45)
  t= 89.4 AGR-BRK-TR pos=(-4.81,+2.59) yaw= +53.7 d=0.46 goal_err=+26 carrot_err= +34 c0=1.02 clear=0.68 prog=0.00 rel=0.96 bal=-0.04 obs=227 hard=216 obsc=235 yr= 14G nz=0.04 flt=0.00 dmap=+0/-0 shz=3.3 plan=0 cmd=(lx=+0.00,ly=+0.00,rx=+0.45)
  t= 89.8 AGR-BRK-TR pos=(-4.81,+2.59) yaw= +47.7 d=0.46 goal_err=+32 carrot_err= +40 c0=1.02 clear=0.68 prog=0.00 rel=0.96 bal=-0.00 obs=228 hard=218 obsc=236 yr= 14G nz=0.04 flt=0.01 dmap=+1/-0 shz=3.3 plan=0 cmd=(lx=+0.00,ly=+0.00,rx=+0.45)
  t= 90.2 AGR-BRK-TR pos=(-4.81,+2.59) yaw= +41.8 d=0.46 goal_err=+38 carrot_err= +46 c0=1.02 clear=0.68 prog=0.00 rel=0.96 bal=-0.00 obs=228 hard=218 obsc=236 yr= 14G nz=0.04 flt=0.05 dmap=+0/-0 shz=3.3 plan=0 cmd=(lx=+0.00,ly=+0.00,rx=+0.45)
  t= 90.7 AGR-BRK-TR pos=(-4.81,+2.59) yaw= +35.8 d=0.46 goal_err=+44 carrot_err= +52 c0=1.02 clear=0.68 prog=0.00 rel=0.99 bal=-0.00 obs=228 hard=218 obsc=236 yr= 14G nz=0.01 flt=0.00 dmap=+0/-0 shz=3.3 plan=0 cmd=(lx=+0.00,ly=+0.00,rx=+0.45)
  t= 91.1 AGR-BRK-TR pos=(-4.81,+2.59) yaw= +28.4 d=0.46 goal_err=+51 carrot_err= +60 c0=1.02 clear=0.68 prog=0.00 rel=0.99 bal=+0.12 obs=228 hard=218 obsc=236 yr= 14G nz=0.01 flt=0.04 dmap=+0/-0 shz=3.3 plan=0 cmd=(lx=+0.00,ly=+0.00,rx=+0.45)
  t= 91.5 AGR-DWA-F pos=(-4.80,+2.59) yaw= +28.4 d=0.45 goal_err=+52 carrot_err= +61 c0=1.01 clear=0.67 prog=0.01 rel=0.92 bal=+0.13 obs=228 hard=218 obsc=236 yr= 14G nz=0.08 flt=0.01 dmap=+0/-0 shz=3.3 plan=3 cmd=(lx=+0.00,ly=+0.28,rx=-0.45)
  t= 92.0 AGR-DWA-F pos=(-4.78,+2.61) yaw= +34.3 d=0.43 goal_err=+49 carrot_err= +59 c0=0.98 clear=0.65 prog=0.04 rel=0.86 bal=+0.01 obs=228 hard=219 obsc=236 yr= 14G nz=0.11 flt=0.03 dmap=+0/-0 shz=3.3 plan=3 cmd=(lx=+0.00,ly=+0.28,rx=-0.45)
  t= 92.4 AGR-DWA-F pos=(-4.76,+2.63) yaw= +40.3 d=0.42 goal_err=+46 carrot_err= +57 c0=0.95 clear=0.64 prog=0.08 rel=0.89 bal=+0.02 obs=229 hard=220 obsc=237 yr= 14G nz=0.11 flt=0.04 dmap=+0/-0 shz=3.3 plan=3 cmd=(lx=+0.00,ly=+0.28,rx=-0.45)
  t= 92.8 AGR-DWA-F pos=(-4.73,+2.64) yaw= +46.2 d=0.40 goal_err=+43 carrot_err= +54 c0=0.93 clear=0.62 prog=0.11 rel=0.87 bal=+0.02 obs=229 hard=220 obsc=237 yr= 14G nz=0.13 flt=0.02 dmap=+0/-0 shz=3.3 plan=3 cmd=(lx=+0.00,ly=+0.28,rx=-0.45)
  t= 93.3 AGR-DWA-F pos=(-4.71,+2.67) yaw= +53.7 d=0.37 goal_err=+39 carrot_err= +51 c0=0.89 clear=0.59 prog=0.15 rel=0.85 bal=-0.05 obs=230 hard=221 obsc=238 yr= 14G nz=0.08 flt=0.32 dmap=+0/-0 shz=3.3 plan=3 cmd=(lx=+0.00,ly=+0.28,rx=-0.45)

  LLEGADO a 'B' (-4.73,+3.04); error=0.35 m, colisiones=0.
  [spill] derrames=0 E[N]=0.00 eta_max=0.74 riesgo=0.2%
  [dataset] travesia guardada -> /Users/adrianlendinezibanez/Claude/Projects/G1 ROBOT/dataset/20260708_130810_ours_B.json
  [stats] fila anadida -> /Users/adrianlendinezibanez/Claude/Projects/G1 ROBOT/dataset/runs_stats.csv

Fin goto.
  [META2-L2] estado guardado (meta2_state_abfull.json): Pl={'Efficient_Nav': 1.0, 'Cautious_Nav': 1.0} derrames_run=0
  backend grafico: TkAgg
>>> SIM ADAPTER: conectando a rosbridge ws://localhost:8765 ...
  esperando /odom (hasta 30s; el mundo del lab tarda en cargar)... ok
  /odom OK pose=(+0.99,+0.57) | /scan: OK
  escenario LAB: mapa/waypoints/puerta REALES (lab.world solo-paredes, frame G1)

>>> GOTO 'B' -> (-4.73,+3.04). Mando en mano (L2+B). Ctrl+C aborta.
    ENTORNO: SIM (id: lab_v1_ab_full)  — esta run se registra como SIMULACION, no cuenta como run de robot
  Esperando pose localizada y primera nube... ok.
  FRAME-CHECK start=(+0.99,+0.57) wp_mas_cercano=A(+0.99,+0.57) offset=0.00m  -> frame OK (pose y waypoints alineados)
  [spill] payload de agua simulado (semilla=20260708_131936_ours_B.json)
  [META2-DOOR] variante de engagement: Door_Direct (Pl={Door_Direct:1.00, Door_Far:1.00, Door_BiasPlus:1.00})
  META2 ACTIVO (techo por analogia): Meta-Reasoner 2.0, analogia inicial Cautious_Nav

  !!!!!!!!!!!!!!!!!!!!!!!!!!!!!!!!!!!!!!!!!!!!!!!!!!!!!!!!!!!!!!!!!!!!!!!!!!
  !!  VISION OFF (G1_PERC sin definir) pero G1_NOVIS=1: navego SIN vision bajo tu responsabilidad.
  !!  La MESA invisible al LiDAR no se vera.
  !!!!!!!!!!!!!!!!!!!!!!!!!!!!!!!!!!!!!!!!!!!!!!!!!!!!!!!!!!!!!!!!!!!!!!!!!!

  mapa de referencia: 961 celdas | muebles estaticos (nav_map): 0 celdas | plan global: static
  t=  0.0 DWA-F pos=(+0.99,+0.57) yaw=-120.3 d=6.23 goal_err=-83 carrot_err= -62 c0=2.25 clear=1.00 prog=0.00 rel=1.00 bal=+0.19 obs=108 hard=108 obsc=108 yr=  0  nz=0.00 flt=0.19 dmap=+108/-0 shz=0.0 plan=34 cmd=(lx=+0.00,ly=+0.40,rx=+0.45)
  t=  0.4 DWA-F pos=(+0.97,+0.53) yaw=-125.1 d=6.22 goal_err=-79 carrot_err= -60 c0=2.21 clear=1.00 prog=0.05 rel=0.97 bal=+0.28 obs=111 hard=111 obsc=111 yr= 15G nz=0.03 flt=0.02 dmap=+0/-0 shz=6.0 plan=34 cmd=(lx=+0.00,ly=+0.40,rx=+0.45)
  t=  0.9 DWA-F pos=(+0.94,+0.50) yaw=-129.9 d=6.21 goal_err=-74 carrot_err= -58 c0=2.22 clear=1.00 prog=0.06 rel=0.95 bal=+0.40 obs=111 hard=111 obsc=111 yr= 14G nz=0.05 flt=0.00 dmap=+0/-0 shz=4.5 plan=34 cmd=(lx=+0.00,ly=+0.40,rx=+0.45)
  t=  1.3 DWA-F pos=(+0.90,+0.45) yaw=-136.4 d=6.20 goal_err=-68 carrot_err= -40 c0=2.24 clear=1.00 prog=0.09 rel=0.96 bal=+0.41 obs=111 hard=111 obsc=111 yr= 15G nz=0.04 flt=0.00 dmap=+0/-0 shz=4.5 plan=34 cmd=(lx=+0.00,ly=+0.40,rx=+0.45)
  t=  1.8 DWA-F pos=(+0.85,+0.41) yaw=-142.8 d=6.17 goal_err=-62 carrot_err= -36 c0=2.50 clear=1.00 prog=0.11 rel=0.83 bal=+0.41 obs=111 hard=111 obsc=111 yr= 14G nz=0.17 flt=0.12 dmap=+0/-0 shz=4.2 plan=33 cmd=(lx=+0.00,ly=+0.40,rx=+0.00)
  t=  2.2 DWA-F pos=(+0.81,+0.38) yaw=-144.4 d=6.14 goal_err=-61 carrot_err= -37 c0=2.50 clear=1.00 prog=0.15 rel=0.78 bal=+0.42 obs=144 hard=130 obsc=156 yr=  0G nz=0.22 flt=0.05 dmap=+0/-0 shz=4.2 plan=33 cmd=(lx=+0.00,ly=+0.40,rx=+0.45)
  t=  2.7 DWA-F pos=(+0.76,+0.35) yaw=-149.2 d=6.12 goal_err=-57 carrot_err= -35 c0=2.50 clear=1.00 prog=0.17 rel=0.78 bal=+0.43 obs=154 hard=131 obsc=164 yr=  0  nz=0.22 flt=0.03 dmap=+10/-0 shz=4.1 plan=33 cmd=(lx=+0.00,ly=+0.40,rx=+0.00)
  t=  3.1 DWA-F pos=(+0.73,+0.33) yaw=-149.2 d=6.10 goal_err=-57 carrot_err= -36 c0=2.50 clear=1.00 prog=0.18 rel=0.99 bal=+0.43 obs=155 hard=132 obsc=160 yr=  0G nz=0.01 flt=0.00 dmap=+0/-0 shz=4.2 plan=33 cmd=(lx=+0.00,ly=+0.40,rx=+0.45)
  t=  3.6 DWA-F pos=(+0.70,+0.31) yaw=-152.4 d=6.07 goal_err=-54 carrot_err= -33 c0=2.50 clear=1.00 prog=0.18 rel=0.99 bal=+0.43 obs=155 hard=134 obsc=167 yr=  0  nz=0.01 flt=0.01 dmap=+0/-0 shz=4.2 plan=33 cmd=(lx=+0.00,ly=+0.40,rx=+0.00)
  t=  4.0 DWA-F pos=(+0.67,+0.30) yaw=-152.4 d=6.06 goal_err=-55 carrot_err= -34 c0=2.50 clear=1.00 prog=0.17 rel=1.00 bal=+0.44 obs=163 hard=148 obsc=167 yr=  0  nz=0.00 flt=0.00 dmap=+0/-0 shz=4.1 plan=33 cmd=(lx=+0.00,ly=+0.40,rx=+0.00)
  t=  4.5 DWA-F pos=(+0.63,+0.28) yaw=-152.4 d=6.03 goal_err=-55 carrot_err= -36 c0=2.50 clear=1.00 prog=0.17 rel=1.00 bal=+0.36 obs=164 hard=152 obsc=169 yr=  0  nz=0.00 flt=0.00 dmap=+1/-1 shz=4.0 plan=33 cmd=(lx=+0.00,ly=+0.40,rx=+0.00)
  t=  4.9 DWA-F pos=(+0.59,+0.25) yaw=-152.4 d=6.00 goal_err=-55 carrot_err= -24 c0=2.50 clear=1.00 prog=0.17 rel=0.99 bal=+0.37 obs=167 hard=158 obsc=172 yr=  0  nz=0.01 flt=0.00 dmap=+1/-0 shz=4.1 plan=32 cmd=(lx=+0.00,ly=+0.40,rx=+0.00)
  t=  5.4 DWA-F pos=(+0.55,+0.23) yaw=-152.4 d=5.98 goal_err=-56 carrot_err= -25 c0=2.50 clear=1.00 prog=0.18 rel=0.99 bal=+0.37 obs=168 hard=159 obsc=172 yr=  0  nz=0.01 flt=0.00 dmap=+0/-0 shz=4.1 plan=32 cmd=(lx=+0.00,ly=+0.40,rx=+0.00)
  t=  5.8 DWA-F pos=(+0.52,+0.22) yaw=-152.4 d=5.96 goal_err=-56 carrot_err= -26 c0=2.50 clear=1.00 prog=0.18 rel=0.99 bal=+0.38 obs=168 hard=159 obsc=172 yr=  0  nz=0.01 flt=0.01 dmap=+0/-0 shz=4.0 plan=32 cmd=(lx=+0.00,ly=+0.40,rx=+0.00)
  t=  6.3 DWA-F pos=(+0.48,+0.20) yaw=-152.4 d=5.94 goal_err=-56 carrot_err= -28 c0=2.50 clear=1.00 prog=0.17 rel=0.99 bal=+0.39 obs=169 hard=161 obsc=173 yr=  0  nz=0.01 flt=0.01 dmap=+0/-0 shz=4.0 plan=31 cmd=(lx=+0.00,ly=+0.40,rx=+0.00)
  t=  6.7 DWA-F pos=(+0.44,+0.18) yaw=-152.4 d=5.91 goal_err=-57 carrot_err= -29 c0=2.50 clear=1.00 prog=0.17 rel=0.99 bal=+0.40 obs=170 hard=162 obsc=175 yr=  0  nz=0.01 flt=0.00 dmap=+0/-0 shz=4.0 plan=31 cmd=(lx=+0.00,ly=+0.40,rx=+0.00)
  t=  7.2 DWA-F pos=(+0.41,+0.16) yaw=-152.4 d=5.89 goal_err=-57 carrot_err= -30 c0=2.50 clear=1.00 prog=0.16 rel=0.99 bal=+0.41 obs=171 hard=162 obsc=176 yr=  0  nz=0.01 flt=0.00 dmap=+0/-0 shz=4.0 plan=31 cmd=(lx=+0.00,ly=+0.40,rx=+0.00)
  t=  7.7 DWA-F pos=(+0.37,+0.14) yaw=-152.4 d=5.87 goal_err=-57 carrot_err= -32 c0=2.50 clear=1.00 prog=0.17 rel=0.98 bal=+0.42 obs=171 hard=162 obsc=176 yr=  0  nz=0.02 flt=0.00 dmap=+0/-0 shz=4.0 plan=31 cmd=(lx=+0.00,ly=+0.40,rx=+0.00)
  t=  8.1 DWA-F pos=(+0.33,+0.12) yaw=-152.4 d=5.84 goal_err=-58 carrot_err= -34 c0=2.46 clear=1.00 prog=0.17 rel=0.97 bal=+0.42 obs=172 hard=163 obsc=176 yr=  0  nz=0.03 flt=0.01 dmap=+0/-0 shz=4.0 plan=31 cmd=(lx=+0.00,ly=+0.40,rx=+0.00)
  t=  8.6 DWA-F pos=(+0.30,+0.11) yaw=-152.4 d=5.83 goal_err=-58 carrot_err= -35 c0=2.43 clear=1.00 prog=0.15 rel=0.95 bal=+0.43 obs=173 hard=164 obsc=177 yr=  0  nz=0.05 flt=0.00 dmap=+0/-0 shz=4.0 plan=31 cmd=(lx=+0.00,ly=+0.40,rx=+0.00)
  t=  9.0 DWA-F pos=(+0.26,+0.08) yaw=-152.4 d=5.80 goal_err=-58 carrot_err= -22 c0=2.39 clear=1.00 prog=0.16 rel=0.94 bal=+0.43 obs=172 hard=163 obsc=176 yr=  0  nz=0.06 flt=0.00 dmap=+0/-0 shz=4.0 plan=31 cmd=(lx=+0.00,ly=+0.40,rx=+0.00)
  t=  9.5 DWA-F pos=(+0.23,+0.07) yaw=-152.4 d=5.79 goal_err=-58 carrot_err= -23 c0=2.36 clear=1.00 prog=0.15 rel=0.92 bal=+0.35 obs=174 hard=168 obsc=180 yr=  0  nz=0.08 flt=0.02 dmap=+3/-2 shz=4.0 plan=30 cmd=(lx=+0.00,ly=+0.40,rx=+0.00)
  t=  9.9 DWA-F pos=(+0.20,+0.05) yaw=-152.4 d=5.76 goal_err=-59 carrot_err= -24 c0=2.44 clear=1.00 prog=0.15 rel=0.94 bal=+0.36 obs=174 hard=165 obsc=179 yr=  0  nz=0.07 flt=0.01 dmap=+0/-0 shz=4.0 plan=30 cmd=(lx=+0.00,ly=+0.40,rx=+0.00)
  t= 10.4 DWA-F pos=(+0.16,+0.03) yaw=-152.4 d=5.74 goal_err=-59 carrot_err= -25 c0=2.40 clear=1.00 prog=0.16 rel=0.94 bal=+0.37 obs=174 hard=166 obsc=180 yr=  0  nz=0.06 flt=0.01 dmap=+0/-0 shz=4.0 plan=30 cmd=(lx=+0.00,ly=+0.40,rx=+0.00)
  t= 10.8 DWA-F pos=(+0.12,+0.01) yaw=-152.4 d=5.72 goal_err=-60 carrot_err= -27 c0=2.36 clear=1.00 prog=0.16 rel=0.94 bal=+0.37 obs=174 hard=167 obsc=180 yr=  0  nz=0.07 flt=0.00 dmap=+0/-0 shz=4.0 plan=30 cmd=(lx=+0.00,ly=+0.40,rx=+0.00)
  t= 11.3 DWA-F pos=(+0.09,-0.01) yaw=-152.4 d=5.70 goal_err=-60 carrot_err= -28 c0=2.33 clear=1.00 prog=0.15 rel=0.93 bal=+0.35 obs=175 hard=168 obsc=181 yr=  0  nz=0.07 flt=0.01 dmap=+0/-1 shz=4.0 plan=29 cmd=(lx=+0.00,ly=+0.40,rx=+0.00)
  t= 11.7 DWA-F pos=(+0.05,-0.03) yaw=-152.4 d=5.68 goal_err=-60 carrot_err= -29 c0=2.29 clear=1.00 prog=0.16 rel=0.92 bal=+0.37 obs=177 hard=169 obsc=181 yr=  0  nz=0.08 flt=0.00 dmap=+0/-0 shz=4.0 plan=29 cmd=(lx=+0.00,ly=+0.40,rx=+0.00)
  t= 12.2 DWA-F pos=(+0.02,-0.04) yaw=-152.4 d=5.66 goal_err=-61 carrot_err= -31 c0=2.26 clear=1.00 prog=0.15 rel=0.93 bal=+0.38 obs=177 hard=170 obsc=182 yr=  0  nz=0.07 flt=0.00 dmap=+0/-0 shz=4.0 plan=29 cmd=(lx=+0.00,ly=+0.40,rx=+0.00)
  t= 12.6 DWA-F pos=(-0.02,-0.06) yaw=-152.4 d=5.64 goal_err=-61 carrot_err= -32 c0=2.22 clear=1.00 prog=0.14 rel=0.93 bal=+0.40 obs=178 hard=170 obsc=183 yr=  0  nz=0.07 flt=0.01 dmap=+1/-0 shz=4.0 plan=29 cmd=(lx=+0.00,ly=+0.40,rx=+0.00)
  t= 13.1 DWA-F pos=(-0.06,-0.08) yaw=-152.4 d=5.62 goal_err=-61 carrot_err= -34 c0=2.18 clear=1.00 prog=0.14 rel=0.93 bal=+0.41 obs=178 hard=171 obsc=184 yr=  0  nz=0.07 flt=0.01 dmap=+0/-1 shz=4.0 plan=29 cmd=(lx=+0.00,ly=+0.40,rx=+0.00)
  t= 13.5 DWA-F pos=(-0.10,-0.11) yaw=-152.4 d=5.60 goal_err=-62 carrot_err= -36 c0=2.14 clear=1.00 prog=0.15 rel=0.92 bal=+0.42 obs=177 hard=170 obsc=184 yr=  0  nz=0.08 flt=0.00 dmap=+0/-0 shz=4.0 plan=29 cmd=(lx=+0.00,ly=+0.40,rx=+0.00)
  t= 14.0 DWA-F pos=(-0.14,-0.13) yaw=-152.4 d=5.58 goal_err=-62 carrot_err= -36 c0=2.15 clear=1.00 prog=0.15 rel=0.96 bal=+0.42 obs=180 hard=171 obsc=184 yr=  0  nz=0.04 flt=0.02 dmap=+0/-0 shz=4.0 plan=29 cmd=(lx=+0.00,ly=+0.40,rx=+0.00)
  t= 14.5 DWA-F pos=(-0.19,-0.15) yaw=-152.4 d=5.55 goal_err=-63 carrot_err= -38 c0=2.09 clear=1.00 prog=0.16 rel=0.95 bal=+0.42 obs=181 hard=173 obsc=186 yr=  0  nz=0.05 flt=0.01 dmap=+0/-0 shz=4.0 plan=28 cmd=(lx=+0.00,ly=+0.40,rx=+0.00)
  t= 14.9 DWA-F pos=(-0.23,-0.17) yaw=-155.6 d=5.53 goal_err=-60 carrot_err= -37 c0=2.05 clear=1.00 prog=0.16 rel=0.94 bal=+0.42 obs=196 hard=184 obsc=201 yr= 14  nz=0.06 flt=0.24 dmap=+15/-1 shz=4.0 plan=28 cmd=(lx=+0.00,ly=+0.40,rx=+0.00)
  t= 15.4 DWA-F pos=(-0.27,-0.19) yaw=-157.2 d=5.51 goal_err=-59 carrot_err= -37 c0=2.00 clear=1.00 prog=0.16 rel=0.90 bal=+0.43 obs=196 hard=188 obsc=199 yr= 14G nz=0.10 flt=0.05 dmap=+0/-0 shz=4.0 plan=28 cmd=(lx=+0.00,ly=+0.40,rx=+0.00)
  t= 15.8 DWA-F pos=(-0.31,-0.21) yaw=-158.8 d=5.48 goal_err=-57 carrot_err= -34 c0=1.96 clear=1.00 prog=0.17 rel=0.91 bal=+0.43 obs=196 hard=190 obsc=200 yr=  0  nz=0.09 flt=0.01 dmap=+0/-0 shz=4.0 plan=27 cmd=(lx=+0.00,ly=+0.40,rx=+0.00)
  t= 16.2 DWA-F pos=(-0.35,-0.22) yaw=-158.8 d=5.46 goal_err=-58 carrot_err= -36 c0=1.92 clear=1.00 prog=0.17 rel=0.92 bal=+0.44 obs=196 hard=190 obsc=201 yr=  0  nz=0.08 flt=0.00 dmap=+0/-0 shz=3.9 plan=27 cmd=(lx=+0.00,ly=+0.40,rx=+0.00)
  t= 16.7 DWA-F pos=(-0.39,-0.24) yaw=-158.8 d=5.44 goal_err=-58 carrot_err= -38 c0=1.87 clear=1.00 prog=0.17 rel=0.91 bal=+0.44 obs=194 hard=187 obsc=198 yr=  0  nz=0.09 flt=0.01 dmap=+0/-0 shz=3.9 plan=27 cmd=(lx=+0.00,ly=+0.40,rx=+0.00)
  t= 17.1 DWA-F pos=(-0.41,-0.25) yaw=-158.8 d=5.43 goal_err=-58 carrot_err= -39 c0=1.85 clear=1.00 prog=0.15 rel=0.93 bal=+0.50 obs=194 hard=187 obsc=198 yr=  0G nz=0.07 flt=0.01 dmap=+0/-0 shz=3.9 plan=27 cmd=(lx=+0.00,ly=+0.40,rx=+0.45)
  t= 17.6 DWA-F pos=(-0.46,-0.26) yaw=-163.6 d=5.40 goal_err=-54 carrot_err= -36 c0=1.81 clear=1.00 prog=0.16 rel=0.93 bal=+0.50 obs=194 hard=187 obsc=198 yr=  0  nz=0.07 flt=0.00 dmap=+0/-0 shz=3.9 plan=27 cmd=(lx=+0.00,ly=+0.40,rx=+0.00)
  t= 18.0 DWA-F pos=(-0.50,-0.27) yaw=-163.6 d=5.38 goal_err=-54 carrot_err= -38 c0=1.77 clear=1.00 prog=0.16 rel=0.93 bal=+0.51 obs=195 hard=187 obsc=198 yr=  0G nz=0.07 flt=0.00 dmap=+0/-0 shz=3.9 plan=27 cmd=(lx=+0.00,ly=+0.40,rx=+0.45)
  t= 18.4 DWA-F pos=(-0.54,-0.28) yaw=-166.8 d=5.35 goal_err=-52 carrot_err= -36 c0=1.72 clear=1.00 prog=0.17 rel=0.94 bal=+0.51 obs=195 hard=188 obsc=198 yr=  0  nz=0.06 flt=0.01 dmap=+0/-0 shz=3.9 plan=27 cmd=(lx=+0.00,ly=+0.40,rx=+0.00)
  t= 18.9 DWA-F pos=(-0.58,-0.29) yaw=-170.1 d=5.32 goal_err=-49 carrot_err= -35 c0=1.68 clear=1.00 prog=0.19 rel=0.93 bal=+0.52 obs=195 hard=188 obsc=198 yr= 15G nz=0.07 flt=0.00 dmap=+0/-0 shz=3.9 plan=27 cmd=(lx=+0.00,ly=+0.40,rx=+0.00)
  t= 19.3 DWA-F pos=(-0.63,-0.30) yaw=-173.3 d=5.29 goal_err=-46 carrot_err= -40 c0=1.81 clear=1.00 prog=0.21 rel=0.92 bal=+0.52 obs=200 hard=190 obsc=203 yr= 16G nz=0.08 flt=0.00 dmap=+0/-0 shz=3.9 plan=26 cmd=(lx=+0.00,ly=+0.40,rx=+0.45)
  t= 19.7 DWA-F pos=(-0.68,-0.30) yaw=-178.1 d=5.25 goal_err=-41 carrot_err= -37 c0=1.85 clear=1.00 prog=0.24 rel=0.91 bal=+0.52 obs=205 hard=192 obsc=216 yr=  0  nz=0.09 flt=0.06 dmap=+6/-1 shz=3.9 plan=26 cmd=(lx=+0.00,ly=+0.40,rx=+0.00)
  t= 20.1 DWA-F pos=(-0.73,-0.31) yaw=-178.1 d=5.22 goal_err=-42 carrot_err= -39 c0=1.81 clear=1.00 prog=0.25 rel=0.86 bal=+0.50 obs=207 hard=197 obsc=216 yr=  0  nz=0.14 flt=0.01 dmap=+0/-0 shz=3.9 plan=26 cmd=(lx=+0.00,ly=+0.40,rx=+0.45)
  t= 20.6 DWA-F pos=(-0.77,-0.31) yaw=+178.7 d=5.18 goal_err=-39 carrot_err= -30 c0=1.77 clear=1.00 prog=0.26 rel=0.87 bal=+0.50 obs=213 hard=201 obsc=222 yr=  0  nz=0.13 flt=0.25 dmap=+0/-0 shz=3.9 plan=25 cmd=(lx=+0.00,ly=+0.40,rx=+0.00)
  t= 21.0 DWA-F pos=(-0.82,-0.31) yaw=+178.7 d=5.15 goal_err=-39 carrot_err= -32 c0=1.73 clear=1.00 prog=0.27 rel=0.92 bal=+0.50 obs=212 hard=203 obsc=222 yr=  0  nz=0.08 flt=0.00 dmap=+0/-0 shz=3.9 plan=25 cmd=(lx=+0.00,ly=+0.40,rx=+0.00)
  t= 21.4 DWA-F pos=(-0.86,-0.30) yaw=+178.7 d=5.11 goal_err=-40 carrot_err= -33 c0=1.87 clear=1.00 prog=0.28 rel=0.90 bal=+0.49 obs=211 hard=203 obsc=220 yr=  0  nz=0.10 flt=0.01 dmap=+1/-1 shz=3.9 plan=25 cmd=(lx=+0.00,ly=+0.40,rx=+0.00)
  t= 21.9 DWA-F pos=(-0.91,-0.30) yaw=+178.7 d=5.08 goal_err=-40 carrot_err= -37 c0=1.83 clear=1.00 prog=0.26 rel=0.89 bal=+0.47 obs=204 hard=203 obsc=220 yr=  0  nz=0.11 flt=0.00 dmap=+0/-0 shz=3.9 plan=25 cmd=(lx=+0.00,ly=+0.40,rx=+0.00)
  t= 22.3 DWA-F pos=(-0.95,-0.30) yaw=+178.7 d=5.05 goal_err=-40 carrot_err= -29 c0=1.79 clear=1.00 prog=0.26 rel=0.91 bal=+0.45 obs=204 hard=196 obsc=213 yr=  0  nz=0.09 flt=0.00 dmap=+0/-0 shz=3.9 plan=24 cmd=(lx=+0.00,ly=+0.40,rx=+0.00)
  t= 22.7 DWA-F pos=(-1.01,-0.30) yaw=+178.7 d=5.00 goal_err=-41 carrot_err= -31 c0=1.74 clear=1.00 prog=0.28 rel=0.92 bal=+0.28 obs=205 hard=196 obsc=214 yr=  0  nz=0.08 flt=0.00 dmap=+0/-0 shz=3.9 plan=24 cmd=(lx=+0.00,ly=+0.40,rx=+0.00)
  t= 23.2 DWA-F pos=(-1.05,-0.30) yaw=+178.7 d=4.97 goal_err=-41 carrot_err= -32 c0=1.75 clear=1.00 prog=0.28 rel=0.93 bal=+0.26 obs=204 hard=197 obsc=214 yr=  0  nz=0.07 flt=0.00 dmap=+1/-1 shz=3.9 plan=24 cmd=(lx=+0.00,ly=+0.40,rx=+0.00)
  t= 23.6 DWA-F pos=(-1.09,-0.30) yaw=+178.7 d=4.94 goal_err=-41 carrot_err= -43 c0=1.71 clear=1.00 prog=0.28 rel=0.95 bal=+0.25 obs=205 hard=197 obsc=214 yr=  0  nz=0.05 flt=0.00 dmap=+0/-0 shz=3.9 plan=24 cmd=(lx=+0.00,ly=+0.40,rx=+0.45)
  t= 24.0 DWA-F pos=(-1.14,-0.30) yaw=+173.9 d=4.90 goal_err=-37 carrot_err= -40 c0=1.66 clear=1.00 prog=0.28 rel=0.94 bal=+0.23 obs=205 hard=197 obsc=214 yr= 15G nz=0.06 flt=0.24 dmap=+0/-0 shz=3.9 plan=24 cmd=(lx=+0.00,ly=+0.40,rx=+0.45)
  t= 24.4 DWA-F pos=(-1.18,-0.29) yaw=+167.5 d=4.87 goal_err=-31 carrot_err= -36 c0=1.62 clear=1.00 prog=0.27 rel=0.93 bal=+0.22 obs=205 hard=197 obsc=214 yr= 15  nz=0.07 flt=0.01 dmap=+0/-0 shz=3.9 plan=24 cmd=(lx=+0.00,ly=+0.40,rx=+0.00)
  t= 24.9 DWA-F pos=(-1.24,-0.28) yaw=+167.5 d=4.82 goal_err=-31 carrot_err= -38 c0=1.57 clear=1.00 prog=0.29 rel=0.93 bal=+0.21 obs=206 hard=197 obsc=214 yr=  0  nz=0.07 flt=0.00 dmap=+0/-0 shz=3.9 plan=24 cmd=(lx=+0.00,ly=+0.40,rx=+0.45)
  t= 25.3 DWA-F pos=(-1.28,-0.27) yaw=+164.3 d=4.78 goal_err=-28 carrot_err= -27 c0=1.52 clear=1.00 prog=0.30 rel=0.91 bal=+0.20 obs=212 hard=199 obsc=221 yr=  0  nz=0.09 flt=0.26 dmap=+0/-0 shz=3.9 plan=23 cmd=(lx=+0.00,ly=+0.40,rx=+0.00)
  t= 25.7 DWA-F pos=(-1.32,-0.26) yaw=+164.3 d=4.74 goal_err=-28 carrot_err= -28 c0=1.48 clear=0.99 prog=0.31 rel=0.91 bal=+0.20 obs=213 hard=204 obsc=221 yr=  0  nz=0.09 flt=0.01 dmap=+0/-0 shz=3.9 plan=23 cmd=(lx=+0.00,ly=+0.40,rx=+0.00)
  t= 26.2 DWA-F pos=(-1.36,-0.24) yaw=+164.3 d=4.70 goal_err=-29 carrot_err= -30 c0=1.44 clear=0.96 prog=0.31 rel=0.92 bal=+0.20 obs=212 hard=204 obsc=221 yr=  0  nz=0.08 flt=0.01 dmap=+0/-0 shz=3.9 plan=23 cmd=(lx=+0.00,ly=+0.40,rx=+0.00)
  t= 26.6 DWA-F pos=(-1.42,-0.23) yaw=+164.3 d=4.65 goal_err=-29 carrot_err= -32 c0=1.38 clear=0.92 prog=0.33 rel=0.92 bal=+0.20 obs=207 hard=200 obsc=219 yr=  0  nz=0.08 flt=0.01 dmap=+0/-0 shz=3.9 plan=23 cmd=(lx=+0.00,ly=+0.40,rx=+0.00)
  t= 27.0 DWA-F pos=(-1.46,-0.22) yaw=+164.3 d=4.61 goal_err=-29 carrot_err= -14 c0=1.34 clear=0.89 prog=0.32 rel=0.93 bal=+0.20 obs=208 hard=197 obsc=216 yr=  0  nz=0.07 flt=0.01 dmap=+1/-0 shz=3.9 plan=22 cmd=(lx=+0.00,ly=+0.40,rx=+0.00)
  t= 27.5 DWA-F pos=(-1.50,-0.21) yaw=+164.3 d=4.58 goal_err=-29 carrot_err= -14 c0=1.30 clear=0.86 prog=0.32 rel=0.91 bal=+0.20 obs=206 hard=199 obsc=217 yr=  0  nz=0.09 flt=0.01 dmap=+1/-3 shz=3.9 plan=22 cmd=(lx=+0.00,ly=+0.40,rx=+0.00)
  t= 27.9 DWA-F pos=(-1.55,-0.19) yaw=+164.3 d=4.54 goal_err=-30 carrot_err= -15 c0=1.25 clear=0.84 prog=0.31 rel=0.92 bal=+0.20 obs=206 hard=196 obsc=214 yr=  0  nz=0.08 flt=0.02 dmap=+0/-0 shz=3.9 plan=22 cmd=(lx=+0.00,ly=+0.40,rx=+0.00)
  t= 28.3 DWA-F pos=(-1.60,-0.18) yaw=+164.3 d=4.49 goal_err=-30 carrot_err= -20 c0=1.20 clear=0.80 prog=0.33 rel=0.92 bal=+0.08 obs=209 hard=200 obsc=218 yr=  0  nz=0.08 flt=0.00 dmap=+0/-0 shz=3.9 plan=21 cmd=(lx=+0.00,ly=+0.40,rx=+0.00)
  t= 28.8 DWA-F pos=(-1.64,-0.17) yaw=+164.3 d=4.45 goal_err=-30 carrot_err= -21 c0=1.16 clear=0.77 prog=0.31 rel=0.91 bal=+0.11 obs=208 hard=199 obsc=217 yr=  0  nz=0.09 flt=0.01 dmap=+0/-1 shz=3.9 plan=21 cmd=(lx=+0.00,ly=+0.40,rx=+0.00)
  t= 29.2 DWA-F pos=(-1.69,-0.15) yaw=+164.3 d=4.41 goal_err=-31 carrot_err= -22 c0=1.12 clear=0.74 prog=0.31 rel=0.92 bal=+0.10 obs=208 hard=200 obsc=216 yr=  0  nz=0.08 flt=0.01 dmap=+0/-0 shz=3.9 plan=21 cmd=(lx=+0.00,ly=+0.40,rx=+0.00)
  t= 29.7 DWA-F pos=(-1.74,-0.14) yaw=+164.3 d=4.37 goal_err=-31 carrot_err= -23 c0=1.06 clear=0.71 prog=0.33 rel=0.92 bal=+0.10 obs=208 hard=201 obsc=217 yr=  0  nz=0.09 flt=0.02 dmap=+0/-0 shz=3.9 plan=21 cmd=(lx=+0.00,ly=+0.40,rx=+0.00)
  t= 30.1 DWA-F pos=(-1.78,-0.13) yaw=+164.3 d=4.33 goal_err=-31 carrot_err= -17 c0=1.02 clear=0.68 prog=0.31 rel=0.91 bal=+0.10 obs=208 hard=201 obsc=216 yr=  0  nz=0.09 flt=0.01 dmap=+0/-0 shz=3.9 plan=20 cmd=(lx=+0.00,ly=+0.40,rx=+0.00)
  t= 30.5 DWA-F pos=(-1.82,-0.12) yaw=+164.3 d=4.29 goal_err=-32 carrot_err= -18 c0=0.98 clear=0.65 prog=0.31 rel=0.92 bal=+0.09 obs=208 hard=201 obsc=218 yr=  0  nz=0.08 flt=0.01 dmap=+2/-2 shz=3.9 plan=20 cmd=(lx=+0.00,ly=+0.40,rx=+0.00)
  t= 31.0 DWA-F pos=(-1.88,-0.10) yaw=+164.3 d=4.24 goal_err=-32 carrot_err= -19 c0=0.93 clear=0.62 prog=0.32 rel=0.92 bal=+0.09 obs=208 hard=198 obsc=216 yr=  0  nz=0.08 flt=0.00 dmap=+0/-0 shz=3.9 plan=20 cmd=(lx=+0.00,ly=+0.40,rx=+0.00)
  t= 31.4 DWA-F pos=(-1.92,-0.09) yaw=+164.3 d=4.20 goal_err=-32 carrot_err= -22 c0=0.89 clear=0.59 prog=0.31 rel=0.91 bal=+0.03 obs=208 hard=196 obsc=215 yr=  0  nz=0.09 flt=0.02 dmap=+0/-0 shz=3.9 plan=19 cmd=(lx=+0.00,ly=+0.40,rx=+0.00)
  t= 31.8 DWA-F pos=(-1.96,-0.08) yaw=+164.3 d=4.17 goal_err=-33 carrot_err= -23 c0=0.85 clear=0.56 prog=0.31 rel=0.92 bal=+0.01 obs=208 hard=199 obsc=216 yr=  0  nz=0.08 flt=0.01 dmap=+0/-1 shz=3.9 plan=19 cmd=(lx=+0.00,ly=+0.40,rx=+0.00)
  t= 32.3 DWA-F pos=(-2.01,-0.06) yaw=+164.3 d=4.13 goal_err=-33 carrot_err= -24 c0=1.00 clear=0.67 prog=0.30 rel=0.92 bal=-0.00 obs=207 hard=200 obsc=217 yr=  0  nz=0.08 flt=0.01 dmap=+0/-2 shz=3.9 plan=19 cmd=(lx=+0.00,ly=+0.40,rx=+0.00)
  t= 32.7 DWA-F pos=(-2.06,-0.05) yaw=+164.3 d=4.08 goal_err=-33 carrot_err= -25 c0=0.95 clear=0.64 prog=0.32 rel=0.90 bal=-0.02 obs=207 hard=202 obsc=217 yr=  0  nz=0.10 flt=0.00 dmap=+0/-0 shz=3.9 plan=19 cmd=(lx=+0.00,ly=+0.40,rx=+0.00)
  t= 33.1 DWA-F pos=(-2.10,-0.04) yaw=+164.3 d=4.05 goal_err=-34 carrot_err= -27 c0=1.10 clear=0.73 prog=0.30 rel=0.82 bal=-0.04 obs=209 hard=202 obsc=217 yr=  0  nz=0.18 flt=0.00 dmap=+0/-0 shz=3.9 plan=19 cmd=(lx=+0.00,ly=+0.40,rx=+0.00)
  t= 33.6 DWA-F pos=(-2.14,-0.02) yaw=+164.3 d=4.01 goal_err=-34 carrot_err= -28 c0=1.06 clear=0.70 prog=0.30 rel=0.84 bal=-0.05 obs=211 hard=205 obsc=220 yr=  0  nz=0.16 flt=0.02 dmap=+1/-1 shz=4.0 plan=19 cmd=(lx=+0.00,ly=+0.40,rx=+0.00)
  t= 34.0 DWA-F pos=(-2.19,-0.01) yaw=+164.3 d=3.97 goal_err=-34 carrot_err= -29 c0=1.01 clear=0.68 prog=0.30 rel=0.90 bal=-0.20 obs=211 hard=203 obsc=219 yr=  0  nz=0.10 flt=0.01 dmap=+0/-0 shz=4.0 plan=19 cmd=(lx=+0.00,ly=+0.40,rx=+0.00)
  t= 34.4 DWA-F pos=(-2.24,+0.00) yaw=+164.3 d=3.93 goal_err=-35 carrot_err= -22 c0=0.96 clear=0.64 prog=0.30 rel=0.92 bal=-0.55 obs=214 hard=205 obsc=222 yr=  0  nz=0.08 flt=0.01 dmap=+0/-0 shz=4.0 plan=18 cmd=(lx=+0.00,ly=+0.40,rx=+0.00)
  t= 34.9 DWA-F pos=(-2.28,+0.01) yaw=+164.3 d=3.89 goal_err=-35 carrot_err= -24 c0=0.92 clear=0.61 prog=0.30 rel=0.93 bal=-0.55 obs=214 hard=205 obsc=223 yr=  0  nz=0.07 flt=0.03 dmap=+1/-0 shz=4.0 plan=18 cmd=(lx=+0.00,ly=+0.40,rx=+0.00)
  t= 35.3 DWA-F pos=(-2.33,+0.03) yaw=+164.3 d=3.85 goal_err=-36 carrot_err= -25 c0=0.87 clear=0.58 prog=0.30 rel=0.92 bal=-0.55 obs=216 hard=206 obsc=225 yr=  0  nz=0.08 flt=0.01 dmap=+1/-1 shz=4.0 plan=18 cmd=(lx=+0.00,ly=+0.40,rx=+0.00)
  t= 35.7 DWA-F pos=(-2.37,+0.04) yaw=+164.3 d=3.82 goal_err=-36 carrot_err= -27 c0=0.83 clear=0.55 prog=0.29 rel=0.92 bal=-0.47 obs=215 hard=204 obsc=224 yr=  0  nz=0.08 flt=0.02 dmap=+0/-0 shz=4.0 plan=18 cmd=(lx=+0.00,ly=+0.40,rx=+0.00)
  t= 36.2 DWA-F pos=(-2.42,+0.05) yaw=+164.3 d=3.77 goal_err=-37 carrot_err= -28 c0=0.78 clear=0.52 prog=0.31 rel=0.92 bal=-0.46 obs=214 hard=205 obsc=222 yr=  0  nz=0.08 flt=0.00 dmap=+0/-0 shz=4.0 plan=17 cmd=(lx=+0.00,ly=+0.40,rx=+0.00)
  t= 36.6 DWA-F pos=(-2.47,+0.07) yaw=+161.1 d=3.74 goal_err=-34 carrot_err= -26 c0=0.74 clear=0.49 prog=0.29 rel=0.91 bal=-0.45 obs=223 hard=211 obsc=231 yr= 15  nz=0.09 flt=0.28 dmap=+9/-0 shz=4.0 plan=17 cmd=(lx=+0.00,ly=+0.40,rx=+0.00)
  t= 37.0 DWA-F pos=(-2.51,+0.08) yaw=+161.1 d=3.70 goal_err=-34 carrot_err= -28 c0=0.90 clear=0.60 prog=0.29 rel=0.91 bal=-0.44 obs=225 hard=215 obsc=234 yr=  0  nz=0.09 flt=0.01 dmap=+0/-0 shz=4.0 plan=17 cmd=(lx=+0.00,ly=+0.40,rx=+0.00)
  t= 37.5 ENG-F pos=(-2.55,+0.09) yaw=+161.1 d=3.67 goal_err=-35 carrot_err= -28 c0=1.06 clear=0.70 prog=0.29 rel=0.89 bal=-0.44 obs=226 hard=215 obsc=236 yr=  0  nz=0.11 flt=0.03 dmap=+0/-0 shz=4.0 plan=17 cmd=(lx=+0.00,ly=+0.28,rx=+0.00)
  t= 37.9 ENG-F pos=(-2.59,+0.11) yaw=+161.1 d=3.63 goal_err=-35 carrot_err= -30 c0=1.01 clear=0.68 prog=0.29 rel=0.82 bal=-0.32 obs=220 hard=217 obsc=236 yr=  0  nz=0.18 flt=0.02 dmap=+2/-7 shz=4.0 plan=17 cmd=(lx=+0.00,ly=+0.28,rx=+0.00)
  t= 38.3 ENG-F pos=(-2.62,+0.12) yaw=+161.1 d=3.60 goal_err=-35 carrot_err= -31 c0=0.98 clear=0.65 prog=0.27 rel=0.82 bal=-0.32 obs=224 hard=213 obsc=232 yr=  0  nz=0.18 flt=0.02 dmap=+0/-0 shz=4.0 plan=17 cmd=(lx=+0.00,ly=+0.28,rx=+0.00)
  t= 38.7 ENG-F pos=(-2.66,+0.13) yaw=+161.1 d=3.57 goal_err=-36 carrot_err= -32 c0=0.94 clear=0.63 prog=0.26 rel=0.90 bal=-0.32 obs=225 hard=212 obsc=233 yr=  0  nz=0.10 flt=0.01 dmap=+0/-0 shz=4.0 plan=17 cmd=(lx=+0.00,ly=+0.28,rx=+0.00)
  t= 39.2 ENG-F pos=(-2.69,+0.14) yaw=+161.1 d=3.54 goal_err=-36 carrot_err= -33 c0=0.91 clear=0.61 prog=0.24 rel=0.91 bal=-0.32 obs=227 hard=216 obsc=235 yr=  0  nz=0.09 flt=0.01 dmap=+1/-0 shz=3.9 plan=16 cmd=(lx=+0.00,ly=+0.28,rx=+0.00)
  t= 39.6 ENG-F pos=(-2.73,+0.16) yaw=+161.1 d=3.51 goal_err=-36 carrot_err= -35 c0=0.88 clear=0.58 prog=0.23 rel=0.93 bal=-0.33 obs=226 hard=216 obsc=234 yr=  0  nz=0.07 flt=0.01 dmap=+1/-0 shz=4.0 plan=16 cmd=(lx=+0.00,ly=+0.28,rx=+0.00)
  t= 40.0 ENG-F pos=(-2.77,+0.17) yaw=+161.1 d=3.48 goal_err=-37 carrot_err= -37 c0=0.83 clear=0.56 prog=0.24 rel=0.94 bal=-0.33 obs=226 hard=216 obsc=234 yr=  0  nz=0.06 flt=0.03 dmap=+0/-0 shz=4.0 plan=16 cmd=(lx=+0.00,ly=+0.28,rx=+0.00)
  t= 40.5 ENG-F pos=(-2.80,+0.18) yaw=+161.1 d=3.45 goal_err=-37 carrot_err= -27 c0=0.80 clear=0.53 prog=0.24 rel=0.94 bal=-0.32 obs=226 hard=216 obsc=234 yr=  0  nz=0.07 flt=0.01 dmap=+0/-0 shz=4.0 plan=16 cmd=(lx=+0.00,ly=+0.28,rx=+0.00)
  t= 40.9 ENG-T pos=(-2.84,+0.19) yaw=+161.1 d=3.42 goal_err=-37 carrot_err= -28 c0=0.76 clear=0.51 prog=0.24 rel=0.93 bal=-0.28 obs=226 hard=216 obsc=234 yr=  0G nz=0.07 flt=0.03 dmap=+0/-0 shz=4.0 plan=16 cmd=(lx=+0.00,ly=+0.00,rx=+0.45)
  t= 41.3 ENG-F pos=(-2.85,+0.20) yaw=+157.9 d=3.40 goal_err=-34 carrot_err= -26 c0=0.75 clear=0.50 prog=0.21 rel=0.93 bal=-0.29 obs=228 hard=217 obsc=235 yr=  0  nz=0.07 flt=0.00 dmap=+1/-0 shz=4.0 plan=16 cmd=(lx=+0.00,ly=+0.28,rx=+0.00)
  t= 41.7 ENG-F pos=(-2.89,+0.21) yaw=+157.9 d=3.37 goal_err=-35 carrot_err= -27 c0=0.71 clear=0.48 prog=0.20 rel=0.93 bal=-0.29 obs=228 hard=219 obsc=235 yr=  0  nz=0.07 flt=0.01 dmap=+0/-0 shz=4.0 plan=16 cmd=(lx=+0.00,ly=+0.28,rx=+0.00)
  t= 42.2 ENG-F pos=(-2.91,+0.22) yaw=+156.3 d=3.35 goal_err=-33 carrot_err= -26 c0=0.71 clear=0.47 prog=0.19 rel=0.94 bal=-0.30 obs=228 hard=221 obsc=235 yr= 15G nz=0.06 flt=0.02 dmap=+0/-0 shz=4.0 plan=16 cmd=(lx=+0.00,ly=+0.28,rx=+0.00)
  t= 42.6 ENG-F pos=(-2.94,+0.24) yaw=+153.0 d=3.33 goal_err=-30 carrot_err= -24 c0=0.68 clear=0.46 prog=0.18 rel=0.95 bal=-0.17 obs=227 hard=221 obsc=236 yr=  0  nz=0.05 flt=0.00 dmap=+0/-0 shz=4.0 plan=16 cmd=(lx=+0.00,ly=+0.28,rx=+0.00)
  t= 43.0 ENG-F pos=(-2.97,+0.25) yaw=+153.0 d=3.30 goal_err=-31 carrot_err= -25 c0=0.65 clear=0.43 prog=0.21 rel=0.96 bal=-0.18 obs=227 hard=218 obsc=234 yr=  0  nz=0.04 flt=0.01 dmap=+0/-0 shz=4.0 plan=16 cmd=(lx=+0.00,ly=+0.28,rx=+0.00)
  t= 43.5 ENG-F pos=(-3.00,+0.27) yaw=+153.0 d=3.27 goal_err=-31 carrot_err= -26 c0=0.61 clear=0.41 prog=0.21 rel=0.95 bal=-0.18 obs=227 hard=219 obsc=234 yr=  0  nz=0.05 flt=0.00 dmap=+0/-0 shz=3.9 plan=16 cmd=(lx=+0.00,ly=+0.28,rx=+0.00)
  t= 43.9 ENG-F pos=(-3.02,+0.28) yaw=+149.8 d=3.25 goal_err=-28 carrot_err= -24 c0=0.60 clear=0.40 prog=0.19 rel=0.94 bal=-0.22 obs=230 hard=221 obsc=238 yr= 16  nz=0.07 flt=0.15 dmap=+3/-0 shz=4.0 plan=16 cmd=(lx=+0.00,ly=+0.28,rx=+0.00)
  t= 44.3 ENG-F pos=(-3.05,+0.29) yaw=+149.8 d=3.22 goal_err=-28 carrot_err= -25 c0=0.56 clear=0.38 prog=0.22 rel=0.94 bal=-0.23 obs=231 hard=220 obsc=238 yr=  0  nz=0.07 flt=0.01 dmap=+0/-0 shz=3.9 plan=16 cmd=(lx=+0.00,ly=+0.28,rx=+0.00)
  t= 44.7 ENG-F pos=(-3.08,+0.31) yaw=+148.2 d=3.19 goal_err=-27 carrot_err= -25 c0=0.53 clear=0.35 prog=0.22 rel=0.93 bal=-0.24 obs=231 hard=221 obsc=238 yr= 15G nz=0.07 flt=0.01 dmap=+0/-0 shz=4.0 plan=16 cmd=(lx=+0.00,ly=+0.28,rx=+0.00)
  t= 45.2 ENG-F pos=(-3.10,+0.33) yaw=+146.6 d=3.16 goal_err=-26 carrot_err= -20 c0=0.57 clear=0.38 prog=0.21 rel=0.94 bal=-0.19 obs=229 hard=221 obsc=239 yr=  0  nz=0.07 flt=0.04 dmap=+2/-3 shz=4.0 plan=15 cmd=(lx=+0.00,ly=+0.28,rx=+0.00)
  t= 45.6 ENG-F pos=(-3.12,+0.34) yaw=+143.4 d=3.15 goal_err=-23 carrot_err= -17 c0=0.55 clear=0.37 prog=0.18 rel=0.96 bal=-0.18 obs=229 hard=221 obsc=239 yr= 15  nz=0.04 flt=0.04 dmap=+0/-0 shz=4.0 plan=15 cmd=(lx=+0.00,ly=+0.28,rx=+0.00)
  t= 46.0 ENG-T pos=(-3.14,+0.36) yaw=+143.4 d=3.12 goal_err=-23 carrot_err= -18 c0=0.52 clear=0.34 prog=0.21 rel=0.96 bal=-0.18 obs=230 hard=220 obsc=237 yr=  0  nz=0.04 flt=0.00 dmap=+0/-0 shz=4.0 plan=15 cmd=(lx=+0.00,ly=+0.00,rx=+0.45)
  t= 46.4 ENG-F pos=(-3.16,+0.37) yaw=+140.2 d=3.10 goal_err=-20 carrot_err= -15 c0=0.68 clear=0.46 prog=0.18 rel=0.95 bal=-0.17 obs=229 hard=221 obsc=238 yr=  0  nz=0.05 flt=0.00 dmap=+1/-2 shz=4.0 plan=15 cmd=(lx=+0.00,ly=+0.28,rx=+0.00)
  t= 46.9 ENG-T pos=(-3.18,+0.39) yaw=+140.2 d=3.07 goal_err=-20 carrot_err= -16 c0=0.66 clear=0.44 prog=0.19 rel=0.89 bal=+0.46 obs=228 hard=222 obsc=239 yr=  0G nz=0.11 flt=0.00 dmap=+0/-0 shz=4.0 plan=15 cmd=(lx=+0.00,ly=+0.00,rx=+0.45)
  t= 47.3 ENG-F pos=(-3.19,+0.40) yaw=+137.0 d=3.06 goal_err=-17 carrot_err= -13 c0=0.64 clear=0.43 prog=0.16 rel=0.88 bal=+0.47 obs=228 hard=220 obsc=236 yr=  0  nz=0.12 flt=0.02 dmap=+0/-0 shz=4.0 plan=15 cmd=(lx=+0.00,ly=+0.28,rx=+0.00)
  t= 47.7 ENG-T pos=(-3.21,+0.42) yaw=+137.0 d=3.03 goal_err=-17 carrot_err= -13 c0=0.88 clear=0.58 prog=0.18 rel=0.72 bal=+0.48 obs=229 hard=221 obsc=238 yr=  0G nz=0.28 flt=0.00 dmap=+1/-0 shz=4.0 plan=15 cmd=(lx=+0.00,ly=+0.00,rx=+0.45)
  t= 48.1 ENG-F pos=(-3.22,+0.42) yaw=+130.6 d=3.02 goal_err=-11 carrot_err=  -7 c0=0.87 clear=0.58 prog=0.15 rel=0.74 bal=+0.48 obs=229 hard=221 obsc=238 yr= 15  nz=0.25 flt=0.29 dmap=+0/-0 shz=3.9 plan=15 cmd=(lx=+0.00,ly=+0.28,rx=+0.00)
  t= 48.5 ENG-AL. pos=(-3.24,+0.44) yaw=+130.6 d=2.99 goal_err=-11 carrot_err=  -7 c0=0.84 clear=0.56 prog=0.16 rel=0.78 bal=+0.50 obs=233 hard=222 obsc=244 yr=  0  nz=0.22 flt=0.08 dmap=+0/-0 shz=4.0 plan=15 cmd=(lx=+0.00,ly=+0.00,rx=+0.00)
  t= 49.0 ENG-GO pos=(-3.25,+0.46) yaw=+130.6 d=2.97 goal_err=-11 carrot_err=  -8 c0=1.27 clear=0.85 prog=0.17 rel=0.87 bal=-0.12 obs=231 hard=224 obsc=244 yr=  0  nz=0.13 flt=0.00 dmap=+0/-2 shz=4.0 plan=15 cmd=(lx=+0.00,ly=+0.28,rx=+0.00)
  t= 49.4 ENG-GO pos=(-3.27,+0.48) yaw=+130.6 d=2.94 goal_err=-11 carrot_err=  -8 c0=1.24 clear=0.83 prog=0.17 rel=0.71 bal=-0.12 obs=231 hard=222 obsc=242 yr=  0  nz=0.28 flt=0.01 dmap=+0/-0 shz=4.0 plan=15 cmd=(lx=+0.00,ly=+0.28,rx=+0.00)
  t= 49.8 ENG-GO pos=(-3.29,+0.51) yaw=+130.6 d=2.91 goal_err=-11 carrot_err=  -4 c0=1.31 clear=0.87 prog=0.19 rel=0.65 bal=+0.53 obs=230 hard=219 obsc=241 yr=  0  nz=0.35 flt=0.01 dmap=+0/-0 shz=4.0 plan=15 cmd=(lx=+0.00,ly=+0.28,rx=+0.00)
  t= 50.2 ENG-GO pos=(-3.32,+0.54) yaw=+130.6 d=2.87 goal_err=-11 carrot_err=  -4 c0=1.27 clear=0.85 prog=0.23 rel=0.67 bal=+0.55 obs=231 hard=220 obsc=242 yr=  0  nz=0.33 flt=0.01 dmap=+0/-0 shz=4.0 plan=14 cmd=(lx=+0.00,ly=+0.28,rx=+0.00)
  t= 50.7 ENG-GO pos=(-3.34,+0.56) yaw=+130.6 d=2.84 goal_err=-11 carrot_err=  -5 c0=1.24 clear=0.82 prog=0.26 rel=0.93 bal=+0.57 obs=228 hard=221 obsc=241 yr=  0  nz=0.07 flt=0.01 dmap=+0/-2 shz=4.0 plan=14 cmd=(lx=+0.00,ly=+0.28,rx=+0.00)
  t= 51.1 ENG-GO pos=(-3.36,+0.59) yaw=+130.6 d=2.80 goal_err=-11 carrot_err=  -5 c0=1.20 clear=0.80 prog=0.27 rel=0.93 bal=+0.17 obs=229 hard=220 obsc=240 yr=  0  nz=0.07 flt=0.00 dmap=+0/-0 shz=4.0 plan=14 cmd=(lx=+0.00,ly=+0.28,rx=+0.00)
  t= 51.5 ENG-GO pos=(-3.39,+0.62) yaw=+130.6 d=2.77 goal_err=-12 carrot_err=  -2 c0=1.17 clear=0.78 prog=0.28 rel=0.93 bal=+0.17 obs=229 hard=221 obsc=241 yr=  0  nz=0.07 flt=0.01 dmap=+0/-1 shz=4.0 plan=13 cmd=(lx=+0.00,ly=+0.28,rx=+0.00)
  t= 52.0 ENG-GO pos=(-3.41,+0.65) yaw=+130.6 d=2.73 goal_err=-12 carrot_err=  -2 c0=1.13 clear=0.76 prog=0.28 rel=0.93 bal=+0.03 obs=231 hard=221 obsc=241 yr=  0  nz=0.07 flt=0.00 dmap=+0/-0 shz=4.0 plan=13 cmd=(lx=+0.00,ly=+0.28,rx=+0.00)
  t= 52.4 ENG-GO pos=(-3.43,+0.67) yaw=+130.6 d=2.70 goal_err=-12 carrot_err=  -3 c0=1.10 clear=0.73 prog=0.28 rel=0.93 bal=+0.03 obs=231 hard=223 obsc=243 yr=  0  nz=0.07 flt=0.00 dmap=+0/-0 shz=4.0 plan=13 cmd=(lx=+0.00,ly=+0.28,rx=+0.00)
  t= 52.8 ENG-GO pos=(-3.46,+0.71) yaw=+130.6 d=2.65 goal_err=-12 carrot_err=  -3 c0=1.06 clear=0.71 prog=0.29 rel=0.93 bal=-0.01 obs=228 hard=222 obsc=240 yr=  0  nz=0.07 flt=0.02 dmap=+0/-0 shz=4.0 plan=13 cmd=(lx=+0.00,ly=+0.28,rx=+0.00)
  t= 53.2 ENG-GO pos=(-3.49,+0.74) yaw=+130.6 d=2.62 goal_err=-12 carrot_err=  -3 c0=1.03 clear=0.68 prog=0.29 rel=0.93 bal=+0.03 obs=227 hard=219 obsc=238 yr=  0  nz=0.07 flt=0.00 dmap=+3/-1 shz=4.0 plan=12 cmd=(lx=+0.00,ly=+0.28,rx=+0.00)
  t= 53.7 ENG-GO pos=(-3.51,+0.76) yaw=+130.6 d=2.58 goal_err=-12 carrot_err=  -3 c0=0.99 clear=0.66 prog=0.29 rel=0.93 bal=+0.03 obs=228 hard=219 obsc=238 yr=  0  nz=0.07 flt=0.01 dmap=+0/-0 shz=4.0 plan=12 cmd=(lx=+0.00,ly=+0.28,rx=+0.00)
  t= 54.1 ENG-GO pos=(-3.53,+0.79) yaw=+130.6 d=2.55 goal_err=-13 carrot_err=  -3 c0=0.96 clear=0.64 prog=0.29 rel=0.91 bal=+0.03 obs=227 hard=217 obsc=237 yr=  0  nz=0.09 flt=0.01 dmap=+0/-0 shz=4.0 plan=12 cmd=(lx=+0.00,ly=+0.28,rx=+0.00)
  t= 54.5 ENG-GO pos=(-3.56,+0.82) yaw=+130.6 d=2.51 goal_err=-13 carrot_err=  -3 c0=1.03 clear=0.68 prog=0.28 rel=0.92 bal=+0.03 obs=225 hard=218 obsc=238 yr=  0  nz=0.08 flt=0.01 dmap=+0/-3 shz=4.0 plan=12 cmd=(lx=+0.00,ly=+0.28,rx=+0.00)
  t= 54.9 ENG-GO pos=(-3.58,+0.84) yaw=+130.6 d=2.48 goal_err=-13 carrot_err=  -1 c0=0.99 clear=0.66 prog=0.27 rel=0.93 bal=+0.03 obs=226 hard=215 obsc=236 yr=  0  nz=0.07 flt=0.01 dmap=+0/-0 shz=4.0 plan=12 cmd=(lx=+0.00,ly=+0.28,rx=+0.00)
  t= 55.4 ENG-GO pos=(-3.61,+0.88) yaw=+130.6 d=2.43 goal_err=-13 carrot_err=  -1 c0=0.95 clear=0.63 prog=0.29 rel=0.95 bal=+0.02 obs=226 hard=215 obsc=236 yr=  0  nz=0.05 flt=0.00 dmap=+0/-0 shz=4.0 plan=12 cmd=(lx=+0.00,ly=+0.28,rx=+0.00)
  t= 55.8 ENG-GO pos=(-3.63,+0.91) yaw=+130.6 d=2.40 goal_err=-13 carrot_err=  -1 c0=0.91 clear=0.61 prog=0.29 rel=0.94 bal=-0.10 obs=225 hard=215 obsc=236 yr=  0  nz=0.06 flt=0.00 dmap=+2/-1 shz=4.0 plan=12 cmd=(lx=+0.00,ly=+0.28,rx=+0.00)
  t= 56.2 ENG-GO pos=(-3.66,+0.93) yaw=+130.6 d=2.36 goal_err=-14 carrot_err=  -1 c0=0.88 clear=0.59 prog=0.29 rel=0.91 bal=-0.10 obs=225 hard=215 obsc=236 yr=  0  nz=0.09 flt=0.01 dmap=+1/-1 shz=4.0 plan=12 cmd=(lx=+0.00,ly=+0.28,rx=+0.00)
  t= 56.6 ENG-GO pos=(-3.68,+0.96) yaw=+130.6 d=2.33 goal_err=-14 carrot_err=  -1 c0=0.84 clear=0.56 prog=0.29 rel=0.92 bal=+0.02 obs=224 hard=215 obsc=236 yr=  0  nz=0.09 flt=0.00 dmap=+0/-0 shz=4.0 plan=11 cmd=(lx=+0.00,ly=+0.28,rx=+0.00)
  t= 57.1 ENG-GO pos=(-3.70,+0.99) yaw=+130.6 d=2.29 goal_err=-14 carrot_err=  -1 c0=0.81 clear=0.54 prog=0.29 rel=0.93 bal=+0.01 obs=223 hard=213 obsc=233 yr=  0  nz=0.07 flt=0.01 dmap=+0/-0 shz=3.9 plan=11 cmd=(lx=+0.00,ly=+0.28,rx=+0.00)
  t= 57.5 ENG-GO pos=(-3.73,+1.02) yaw=+130.6 d=2.26 goal_err=-14 carrot_err=  -1 c0=0.78 clear=0.52 prog=0.27 rel=0.93 bal=+0.00 obs=222 hard=214 obsc=231 yr=  0  nz=0.07 flt=0.00 dmap=+0/-0 shz=4.0 plan=11 cmd=(lx=+0.00,ly=+0.28,rx=+0.00)
  t= 57.9 ENG-GO pos=(-3.75,+1.04) yaw=+130.6 d=2.23 goal_err=-14 carrot_err=  +0 c0=0.74 clear=0.49 prog=0.27 rel=0.94 bal=-0.00 obs=222 hard=214 obsc=231 yr=  0  nz=0.06 flt=0.00 dmap=+0/-0 shz=4.0 plan=11 cmd=(lx=+0.00,ly=+0.28,rx=+0.00)
  t= 58.3 ENG-GO pos=(-3.78,+1.08) yaw=+130.6 d=2.18 goal_err=-15 carrot_err=  +0 c0=0.70 clear=0.47 prog=0.29 rel=0.93 bal=-0.01 obs=221 hard=214 obsc=231 yr=  0  nz=0.07 flt=0.00 dmap=+0/-0 shz=4.0 plan=11 cmd=(lx=+0.00,ly=+0.28,rx=+0.00)
  t= 58.8 ENG-GO pos=(-3.80,+1.10) yaw=+130.6 d=2.15 goal_err=-15 carrot_err=  +0 c0=0.67 clear=0.45 prog=0.29 rel=0.92 bal=-0.02 obs=224 hard=215 obsc=233 yr=  0  nz=0.08 flt=0.00 dmap=+2/-0 shz=4.0 plan=11 cmd=(lx=+0.00,ly=+0.28,rx=+0.00)
  t= 59.2 ENG-GO pos=(-3.82,+1.13) yaw=+130.6 d=2.11 goal_err=-15 carrot_err=  +0 c0=0.63 clear=0.42 prog=0.29 rel=0.92 bal=-0.04 obs=224 hard=215 obsc=235 yr=  0  nz=0.08 flt=0.00 dmap=+0/-0 shz=4.0 plan=11 cmd=(lx=+0.00,ly=+0.28,rx=+0.00)
  t= 59.6 ENG-GO pos=(-3.85,+1.16) yaw=+130.6 d=2.08 goal_err=-15 carrot_err=  +0 c0=0.87 clear=0.58 prog=0.29 rel=0.86 bal=-0.06 obs=225 hard=215 obsc=235 yr=  0  nz=0.14 flt=0.01 dmap=+0/-0 shz=4.0 plan=10 cmd=(lx=+0.00,ly=+0.28,rx=+0.00)
  t= 60.1 ENG-GO pos=(-3.87,+1.19) yaw=+130.6 d=2.04 goal_err=-16 carrot_err=  +0 c0=0.84 clear=0.56 prog=0.27 rel=0.83 bal=+0.09 obs=224 hard=216 obsc=235 yr=  0  nz=0.17 flt=0.00 dmap=+2/-3 shz=4.0 plan=10 cmd=(lx=+0.00,ly=+0.28,rx=+0.00)
  t= 60.5 ENG-GO pos=(-3.90,+1.22) yaw=+130.6 d=2.00 goal_err=-16 carrot_err=  +0 c0=0.80 clear=0.53 prog=0.28 rel=0.83 bal=+0.09 obs=225 hard=218 obsc=235 yr=  0  nz=0.17 flt=0.00 dmap=+0/-0 shz=4.0 plan=10 cmd=(lx=+0.00,ly=+0.28,rx=+0.00)
  t= 60.9 ENG-GO pos=(-3.92,+1.25) yaw=+130.6 d=1.96 goal_err=-16 carrot_err=  +0 c0=0.76 clear=0.51 prog=0.29 rel=0.87 bal=+0.08 obs=222 hard=215 obsc=232 yr=  0  nz=0.13 flt=0.02 dmap=+0/-0 shz=4.0 plan=10 cmd=(lx=+0.00,ly=+0.28,rx=+0.00)
  t= 61.3 ENG-GO pos=(-3.95,+1.28) yaw=+130.6 d=1.93 goal_err=-17 carrot_err=  -9 c0=0.73 clear=0.49 prog=0.29 rel=0.92 bal=+0.02 obs=221 hard=213 obsc=231 yr=  0  nz=0.09 flt=0.00 dmap=+1/-1 shz=4.0 plan=10 cmd=(lx=+0.00,ly=+0.28,rx=+0.00)
  t= 61.8 ENG-GO pos=(-3.97,+1.30) yaw=+130.6 d=1.90 goal_err=-17 carrot_err= -15 c0=0.70 clear=0.46 prog=0.28 rel=0.92 bal=+0.01 obs=221 hard=211 obsc=230 yr=  0  nz=0.08 flt=0.01 dmap=+0/-0 shz=4.0 plan=10 cmd=(lx=+0.00,ly=+0.28,rx=+0.00)
  t= 62.2 ENG-GO pos=(-3.99,+1.33) yaw=+130.6 d=1.86 goal_err=-17 carrot_err= -16 c0=1.49 clear=0.99 prog=0.27 rel=0.55 bal=-0.00 obs=221 hard=212 obsc=230 yr=  0  nz=0.45 flt=0.01 dmap=+0/-0 shz=4.0 plan=10 cmd=(lx=+0.00,ly=+0.28,rx=+0.00)
  t= 62.6 ENG-GO pos=(-4.02,+1.36) yaw=+130.6 d=1.83 goal_err=-18 carrot_err= -16 c0=1.45 clear=0.97 prog=0.27 rel=0.44 bal=-0.02 obs=221 hard=214 obsc=231 yr=  0  nz=0.56 flt=0.01 dmap=+1/-2 shz=3.9 plan=9 cmd=(lx=+0.00,ly=+0.28,rx=+0.00)
  t= 63.1 ENG-GO pos=(-4.05,+1.39) yaw=+130.6 d=1.78 goal_err=-18 carrot_err= -17 c0=1.41 clear=0.94 prog=0.28 rel=0.45 bal=-0.04 obs=221 hard=213 obsc=229 yr=  0  nz=0.56 flt=0.00 dmap=+1/-0 shz=4.0 plan=9 cmd=(lx=+0.00,ly=+0.28,rx=+0.00)
  t= 63.5 ENG-GO pos=(-4.07,+1.42) yaw=+130.6 d=1.75 goal_err=-18 carrot_err= -18 c0=1.37 clear=0.92 prog=0.28 rel=0.58 bal=-0.04 obs=222 hard=214 obsc=230 yr=  0  nz=0.41 flt=0.00 dmap=+0/-0 shz=4.0 plan=9 cmd=(lx=+0.00,ly=+0.28,rx=+0.00)
  t= 63.9 ENG-GO pos=(-4.09,+1.45) yaw=+130.6 d=1.72 goal_err=-19 carrot_err= -19 c0=1.34 clear=0.89 prog=0.28 rel=0.92 bal=+0.11 obs=222 hard=215 obsc=231 yr=  0  nz=0.08 flt=0.03 dmap=+0/-0 shz=4.0 plan=9 cmd=(lx=+0.00,ly=+0.28,rx=+0.00)
  t= 64.3 ENG-GO pos=(-4.12,+1.47) yaw=+130.6 d=1.68 goal_err=-19 carrot_err= -19 c0=1.30 clear=0.87 prog=0.28 rel=0.92 bal=+0.05 obs=221 hard=215 obsc=230 yr=  0  nz=0.08 flt=0.01 dmap=+1/-1 shz=4.0 plan=9 cmd=(lx=+0.00,ly=+0.28,rx=+0.00)
  t= 64.8 ENG-GO pos=(-4.14,+1.50) yaw=+130.6 d=1.65 goal_err=-20 carrot_err= -14 c0=1.27 clear=0.85 prog=0.27 rel=0.92 bal=+0.04 obs=221 hard=214 obsc=230 yr=  0  nz=0.08 flt=0.00 dmap=+0/-0 shz=4.0 plan=9 cmd=(lx=+0.00,ly=+0.28,rx=+0.00)
  t= 65.2 ENG-GO pos=(-4.16,+1.53) yaw=+130.6 d=1.61 goal_err=-20 carrot_err= -14 c0=1.23 clear=0.82 prog=0.27 rel=0.92 bal=+0.03 obs=220 hard=212 obsc=230 yr=  0  nz=0.09 flt=0.00 dmap=+0/-0 shz=4.0 plan=9 cmd=(lx=+0.00,ly=+0.28,rx=+0.00)
  t= 65.6 ENG-GO pos=(-4.19,+1.56) yaw=+130.6 d=1.57 goal_err=-21 carrot_err= -15 c0=1.19 clear=0.79 prog=0.28 rel=0.92 bal=+0.01 obs=223 hard=212 obsc=231 yr=  0  nz=0.08 flt=0.00 dmap=+0/-0 shz=4.0 plan=9 cmd=(lx=+0.00,ly=+0.28,rx=+0.00)
  t= 66.0 ENG-GO pos=(-4.22,+1.59) yaw=+130.6 d=1.54 goal_err=-21 carrot_err= -15 c0=1.16 clear=0.77 prog=0.28 rel=0.92 bal=-0.61 obs=226 hard=217 obsc=234 yr=  0  nz=0.08 flt=0.04 dmap=+0/-0 shz=4.0 plan=8 cmd=(lx=+0.00,ly=+0.28,rx=+0.00)
  t= 66.5 ENG-GO pos=(-4.24,+1.62) yaw=+130.6 d=1.50 goal_err=-22 carrot_err= -16 c0=1.12 clear=0.75 prog=0.28 rel=0.92 bal=-0.52 obs=228 hard=217 obsc=236 yr=  0  nz=0.08 flt=0.00 dmap=+0/-0 shz=4.0 plan=8 cmd=(lx=+0.00,ly=+0.28,rx=+0.00)
  t= 66.9 ENG-GO pos=(-4.26,+1.64) yaw=+130.6 d=1.47 goal_err=-22 carrot_err= -17 c0=1.09 clear=0.73 prog=0.28 rel=0.92 bal=-0.28 obs=225 hard=218 obsc=235 yr=  0  nz=0.08 flt=0.01 dmap=+0/-2 shz=4.0 plan=8 cmd=(lx=+0.00,ly=+0.28,rx=+0.00)
  t= 67.3 ENG-GO pos=(-4.29,+1.67) yaw=+130.6 d=1.44 goal_err=-23 carrot_err= -17 c0=1.05 clear=0.70 prog=0.26 rel=0.92 bal=-0.19 obs=226 hard=218 obsc=236 yr=  0  nz=0.09 flt=0.00 dmap=+0/-0 shz=4.0 plan=8 cmd=(lx=+0.00,ly=+0.28,rx=+0.00)
  t= 67.7 ENG-GO pos=(-4.31,+1.70) yaw=+130.6 d=1.40 goal_err=-23 carrot_err= -23 c0=1.02 clear=0.68 prog=0.26 rel=0.92 bal=-0.30 obs=228 hard=219 obsc=236 yr=  0  nz=0.08 flt=0.00 dmap=+0/-0 shz=4.0 plan=8 cmd=(lx=+0.00,ly=+0.28,rx=+0.00)
  t= 68.1 ENG-GO pos=(-4.34,+1.73) yaw=+130.6 d=1.36 goal_err=-24 carrot_err= -24 c0=0.98 clear=0.65 prog=0.28 rel=0.92 bal=-0.32 obs=231 hard=222 obsc=239 yr=  0  nz=0.08 flt=0.01 dmap=+2/-0 shz=4.0 plan=8 cmd=(lx=+0.00,ly=+0.28,rx=+0.00)
  t= 68.6 ENG-GO pos=(-4.36,+1.76) yaw=+130.6 d=1.33 goal_err=-25 carrot_err= -25 c0=0.94 clear=0.63 prog=0.27 rel=0.93 bal=-0.33 obs=231 hard=222 obsc=239 yr=  0  nz=0.07 flt=0.00 dmap=+0/-1 shz=4.0 plan=8 cmd=(lx=+0.00,ly=+0.28,rx=+0.00)
  t= 69.0 ENG-GO pos=(-4.39,+1.79) yaw=+130.6 d=1.30 goal_err=-25 carrot_err= -26 c0=0.91 clear=0.61 prog=0.27 rel=0.93 bal=-0.35 obs=230 hard=223 obsc=239 yr=  0  nz=0.07 flt=0.00 dmap=+0/-0 shz=4.0 plan=7 cmd=(lx=+0.00,ly=+0.28,rx=+0.00)
  [META2-DOOR] Door_Direct: CRUZADA (cols=0) -> Pl=1.00
  t= 69.4 DWA-F pos=(-4.41,+1.82) yaw=+130.6 d=1.27 goal_err=-26 carrot_err= -27 c0=0.88 clear=0.59 prog=0.27 rel=0.93 bal=-0.46 obs=231 hard=223 obsc=239 yr=  0  nz=0.07 flt=0.00 dmap=+0/-0 shz=3.9 plan=7 cmd=(lx=+0.00,ly=+0.40,rx=+0.00)
  t= 69.9 DWA-F pos=(-4.44,+1.85) yaw=+130.6 d=1.23 goal_err=-27 carrot_err= -29 c0=0.84 clear=0.56 prog=0.27 rel=0.93 bal=-0.47 obs=231 hard=223 obsc=239 yr=  0  nz=0.07 flt=0.00 dmap=+0/-0 shz=4.0 plan=7 cmd=(lx=+0.00,ly=+0.40,rx=+0.00)
  t= 70.3 DWA-F pos=(-4.48,+1.89) yaw=+127.4 d=1.18 goal_err=-25 carrot_err= -27 c0=0.89 clear=0.59 prog=0.29 rel=0.95 bal=-0.49 obs=231 hard=223 obsc=239 yr= 15  nz=0.05 flt=0.10 dmap=+0/-0 shz=4.0 plan=7 cmd=(lx=+0.00,ly=+0.40,rx=+0.00)
  t= 70.7 DWA-F pos=(-4.50,+1.93) yaw=+127.4 d=1.14 goal_err=-26 carrot_err= -19 c0=0.84 clear=0.56 prog=0.31 rel=0.96 bal=-0.36 obs=228 hard=221 obsc=238 yr=  0  nz=0.04 flt=0.00 dmap=+0/-0 shz=4.0 plan=6 cmd=(lx=+0.00,ly=+0.40,rx=+0.00)
  t= 71.2 DWA-F pos=(-4.53,+1.96) yaw=+127.4 d=1.10 goal_err=-27 carrot_err= -19 c0=0.80 clear=0.53 prog=0.32 rel=0.95 bal=-0.52 obs=229 hard=223 obsc=238 yr=  0  nz=0.05 flt=0.00 dmap=+3/-1 shz=4.0 plan=6 cmd=(lx=+0.00,ly=+0.40,rx=+0.00)
  t= 71.6 DWA-F pos=(-4.56,+2.00) yaw=+127.4 d=1.06 goal_err=-28 carrot_err= -20 c0=0.76 clear=0.51 prog=0.32 rel=0.93 bal=-0.52 obs=229 hard=223 obsc=240 yr=  0  nz=0.07 flt=0.00 dmap=+0/-0 shz=4.0 plan=6 cmd=(lx=+0.00,ly=+0.40,rx=+0.00)
  t= 72.0 DWA-F pos=(-4.59,+2.04) yaw=+127.4 d=1.01 goal_err=-29 carrot_err= -22 c0=0.71 clear=0.47 prog=0.32 rel=0.92 bal=-0.52 obs=231 hard=222 obsc=241 yr=  0  nz=0.08 flt=0.01 dmap=+0/-0 shz=4.0 plan=6 cmd=(lx=+0.00,ly=+0.40,rx=+0.00)
  t= 72.5 DWA-F pos=(-4.62,+2.08) yaw=+127.4 d=0.97 goal_err=-31 carrot_err= -23 c0=0.67 clear=0.45 prog=0.32 rel=0.92 bal=-0.53 obs=231 hard=223 obsc=241 yr=  0  nz=0.08 flt=0.02 dmap=+0/-1 shz=4.0 plan=6 cmd=(lx=+0.00,ly=+0.40,rx=+0.00)
  t= 72.9 DWA-F pos=(-4.64,+2.11) yaw=+127.4 d=0.93 goal_err=-32 carrot_err= -27 c0=0.90 clear=0.60 prog=0.32 rel=0.92 bal=-0.53 obs=234 hard=226 obsc=243 yr=  0  nz=0.08 flt=0.00 dmap=+1/-0 shz=4.0 plan=6 cmd=(lx=+0.00,ly=+0.40,rx=+0.00)
  t= 73.3 DWA-F pos=(-4.67,+2.15) yaw=+127.4 d=0.89 goal_err=-34 carrot_err= -29 c0=0.86 clear=0.57 prog=0.31 rel=0.84 bal=-0.54 obs=234 hard=225 obsc=244 yr=  0  nz=0.16 flt=0.00 dmap=+0/-0 shz=4.0 plan=6 cmd=(lx=+0.00,ly=+0.40,rx=+0.00)
  t= 73.8 DWA-F pos=(-4.70,+2.19) yaw=+124.2 d=0.85 goal_err=-32 carrot_err= -27 c0=1.21 clear=0.81 prog=0.32 rel=0.83 bal=-0.41 obs=233 hard=226 obsc=244 yr= 15  nz=0.17 flt=0.05 dmap=+0/-0 shz=4.0 plan=5 cmd=(lx=+0.00,ly=+0.40,rx=+0.00)
  t= 74.2 DWA-F pos=(-4.73,+2.23) yaw=+124.2 d=0.81 goal_err=-34 carrot_err= -29 c0=1.17 clear=0.78 prog=0.30 rel=0.74 bal=-0.52 obs=236 hard=227 obsc=245 yr=  0  nz=0.26 flt=0.01 dmap=+2/-1 shz=4.0 plan=5 cmd=(lx=+0.00,ly=+0.40,rx=+0.00)
  t= 74.6 DWA-F pos=(-4.75,+2.26) yaw=+122.6 d=0.78 goal_err=-34 carrot_err= -29 c0=1.12 clear=0.75 prog=0.30 rel=0.74 bal=-0.41 obs=236 hard=228 obsc=247 yr= 15G nz=0.26 flt=0.01 dmap=+0/-0 shz=4.0 plan=5 cmd=(lx=+0.00,ly=+0.40,rx=+0.45)
  t= 75.0 DWA-F pos=(-4.77,+2.30) yaw=+119.4 d=0.74 goal_err=-33 carrot_err= -27 c0=1.08 clear=0.72 prog=0.29 rel=0.79 bal=-0.41 obs=236 hard=227 obsc=245 yr=  0  nz=0.21 flt=0.00 dmap=+0/-0 shz=3.9 plan=5 cmd=(lx=+0.00,ly=+0.40,rx=+0.00)
  t= 75.5 DWA-F pos=(-4.79,+2.34) yaw=+119.4 d=0.71 goal_err=-35 carrot_err= -29 c0=1.04 clear=0.70 prog=0.28 rel=0.91 bal=-0.41 obs=235 hard=227 obsc=246 yr=  0G nz=0.09 flt=0.01 dmap=+0/-0 shz=4.0 plan=5 cmd=(lx=+0.00,ly=+0.40,rx=+0.45)
  t= 75.9 DWA-F pos=(-4.82,+2.39) yaw=+114.5 d=0.66 goal_err=-32 carrot_err= -26 c0=1.00 clear=0.67 prog=0.29 rel=0.93 bal=-0.40 obs=239 hard=232 obsc=249 yr=  0  nz=0.07 flt=0.02 dmap=+1/-1 shz=4.0 plan=5 cmd=(lx=+0.00,ly=+0.40,rx=+0.00)
  t= 76.3 DWA-F pos=(-4.84,+2.43) yaw=+114.5 d=0.62 goal_err=-34 carrot_err= -28 c0=0.96 clear=0.64 prog=0.30 rel=0.92 bal=-0.40 obs=240 hard=231 obsc=249 yr=  0G nz=0.08 flt=0.04 dmap=+0/-0 shz=3.9 plan=5 cmd=(lx=+0.00,ly=+0.40,rx=+0.45)
  t= 76.8 DWA-F pos=(-4.85,+2.47) yaw=+109.7 d=0.59 goal_err=-32 carrot_err= -26 c0=0.91 clear=0.61 prog=0.30 rel=0.92 bal=-0.39 obs=238 hard=230 obsc=248 yr=  0  nz=0.08 flt=0.03 dmap=+0/-0 shz=4.0 plan=4 cmd=(lx=+0.00,ly=+0.40,rx=+0.00)
  t= 77.2 DWA-F pos=(-4.87,+2.51) yaw=+109.7 d=0.55 goal_err=-34 carrot_err= -28 c0=0.87 clear=0.58 prog=0.30 rel=0.91 bal=-0.38 obs=236 hard=229 obsc=247 yr=  0G nz=0.09 flt=0.00 dmap=+0/-0 shz=4.0 plan=4 cmd=(lx=+0.00,ly=+0.40,rx=+0.45)
  t= 77.6 DWA-F pos=(-4.88,+2.56) yaw=+103.3 d=0.50 goal_err=-31 carrot_err= -24 c0=0.98 clear=0.66 prog=0.30 rel=0.91 bal=-0.38 obs=236 hard=229 obsc=247 yr=  0  nz=0.09 flt=0.07 dmap=+0/-0 shz=4.0 plan=4 cmd=(lx=+0.00,ly=+0.40,rx=+0.00)
  t= 78.1 DWA-T pos=(-4.89,+2.60) yaw=+100.1 d=0.47 goal_err=-31 carrot_err= -23 c0=0.95 clear=0.63 prog=0.30 rel=0.91 bal=-0.37 obs=234 hard=228 obsc=244 yr= 14G nz=0.09 flt=0.01 dmap=+0/-0 shz=4.0 plan=3 cmd=(lx=+0.00,ly=+0.00,rx=+0.00)
  t= 78.5 DWA-T pos=(-4.90,+2.61) yaw= +98.5 d=0.46 goal_err=-30 carrot_err= -22 c0=0.94 clear=0.62 prog=0.25 rel=0.91 bal=-0.16 obs=233 hard=228 obsc=244 yr=  0  nz=0.09 flt=0.01 dmap=+1/-3 shz=4.0 plan=3 cmd=(lx=+0.00,ly=+0.00,rx=+0.00)
  t= 78.9 DWA-T pos=(-4.90,+2.61) yaw= +98.5 d=0.46 goal_err=-30 carrot_err= -22 c0=0.94 clear=0.62 prog=0.18 rel=0.91 bal=-0.16 obs=233 hard=228 obsc=244 yr=  0  nz=0.09 flt=0.01 dmap=+0/-0 shz=4.0 plan=3 cmd=(lx=+0.00,ly=+0.00,rx=+0.00)
  t= 79.3 DWA-T pos=(-4.90,+2.61) yaw= +98.5 d=0.46 goal_err=-30 carrot_err= -22 c0=0.94 clear=0.62 prog=0.10 rel=0.91 bal=-0.16 obs=233 hard=228 obsc=244 yr=  0  nz=0.09 flt=0.01 dmap=+0/-0 shz=4.0 plan=0 cmd=(lx=+0.00,ly=+0.00,rx=+0.00)
  t= 79.8 BRK-BK pos=(-4.89,+2.59) yaw= +98.5 d=0.48 goal_err=-28 carrot_err= -21 c0=0.96 clear=0.64 prog=0.00 rel=0.91 bal=-0.17 obs=229 hard=224 obsc=232 yr=  0  nz=0.09 flt=0.00 dmap=+0/-4 shz=3.7 plan=0 cmd=(lx=+0.00,ly=-0.35,rx=+0.00)
  t= 80.2 BRK-TR pos=(-4.89,+2.56) yaw= +95.3 d=0.51 goal_err=-24 carrot_err= -17 c0=1.16 clear=0.77 prog=0.00 rel=0.96 bal=-0.17 obs=229 hard=225 obsc=232 yr= 16G nz=0.04 flt=0.04 dmap=+0/-0 shz=3.7 plan=0 cmd=(lx=+0.00,ly=+0.00,rx=+0.45)
  t= 80.6 BRK-TR pos=(-4.89,+2.56) yaw= +88.9 d=0.51 goal_err=-17 carrot_err= -10 c0=1.15 clear=0.77 prog=0.00 rel=0.80 bal=-0.18 obs=229 hard=225 obsc=232 yr= 15G nz=0.20 flt=0.13 dmap=+0/-0 shz=3.7 plan=0 cmd=(lx=+0.00,ly=+0.00,rx=+0.45)
  t= 81.0 BRK-TR pos=(-4.89,+2.56) yaw= +82.5 d=0.51 goal_err=-11 carrot_err=  -4 c0=1.15 clear=0.77 prog=0.00 rel=0.81 bal=-0.27 obs=229 hard=225 obsc=232 yr= 15G nz=0.19 flt=0.01 dmap=+0/-0 shz=3.7 plan=0 cmd=(lx=+0.00,ly=+0.00,rx=+0.45)
  t= 81.5 BRK-TR pos=(-4.89,+2.56) yaw= +76.2 d=0.51 goal_err=-4 carrot_err=  +3 c0=1.15 clear=0.77 prog=0.00 rel=0.84 bal=-0.31 obs=229 hard=225 obsc=232 yr= 14G nz=0.16 flt=0.01 dmap=+0/-0 shz=3.7 plan=0 cmd=(lx=+0.00,ly=+0.00,rx=+0.45)
  t= 81.9 BRK-TR pos=(-4.89,+2.56) yaw= +70.2 d=0.51 goal_err=+2 carrot_err=  +8 c0=1.09 clear=0.72 prog=0.00 rel=0.90 bal=-0.31 obs=229 hard=225 obsc=232 yr= 14G nz=0.10 flt=0.09 dmap=+0/-0 shz=3.7 plan=0 cmd=(lx=+0.00,ly=+0.00,rx=+0.45)
  t= 82.3 DWA-F pos=(-4.89,+2.56) yaw= +64.2 d=0.51 goal_err=+8 carrot_err= +14 c0=1.09 clear=0.72 prog=0.00 rel=0.90 bal=-0.22 obs=229 hard=225 obsc=232 yr= 14G nz=0.10 flt=0.00 dmap=+0/-0 shz=3.7 plan=3 cmd=(lx=+0.00,ly=+0.40,rx=+0.00)
  t= 82.7 DWA-T pos=(-4.88,+2.58) yaw= +61.3 d=0.48 goal_err=+11 carrot_err= +18 c0=1.06 clear=0.71 prog=0.04 rel=0.94 bal=-0.22 obs=231 hard=226 obsc=235 yr=  0  nz=0.07 flt=0.03 dmap=+1/-0 shz=3.7 plan=3 cmd=(lx=+0.00,ly=+0.00,rx=+0.00)
  t= 83.2 DWA-T pos=(-4.88,+2.58) yaw= +61.3 d=0.48 goal_err=+11 carrot_err= +18 c0=1.06 clear=0.71 prog=0.04 rel=0.97 bal=-0.22 obs=228 hard=225 obsc=234 yr=  0  nz=0.03 flt=0.00 dmap=+0/-0 shz=3.7 plan=3 cmd=(lx=+0.00,ly=+0.00,rx=+0.00)
  t= 83.6 DWA-T pos=(-4.88,+2.58) yaw= +61.3 d=0.48 goal_err=+11 carrot_err= +18 c0=1.06 clear=0.71 prog=0.04 rel=0.97 bal=-0.22 obs=228 hard=225 obsc=234 yr=  0  nz=0.03 flt=0.00 dmap=+0/-0 shz=3.7 plan=3 cmd=(lx=+0.00,ly=+0.00,rx=+0.00)
  t= 84.0 BRK-BK pos=(-4.88,+2.58) yaw= +61.3 d=0.48 goal_err=+11 carrot_err= +18 c0=1.06 clear=0.71 prog=0.04 rel=0.97 bal=-0.22 obs=228 hard=225 obsc=234 yr=  0  nz=0.03 flt=0.00 dmap=+0/-0 shz=3.7 plan=0 cmd=(lx=+0.00,ly=-0.35,rx=+0.00)
  t= 84.4 BRK-TR pos=(-4.90,+2.55) yaw= +61.3 d=0.52 goal_err=+10 carrot_err= +17 c0=1.10 clear=0.73 prog=0.00 rel=0.98 bal=-0.22 obs=227 hard=223 obsc=231 yr=  0  nz=0.02 flt=0.00 dmap=+0/-0 shz=3.5 plan=0 cmd=(lx=+0.00,ly=+0.00,rx=+0.45)
  t= 84.9 BRK-TR pos=(-4.91,+2.52) yaw= +56.8 d=0.55 goal_err=+14 carrot_err= +20 c0=1.13 clear=0.75 prog=0.00 rel=0.96 bal=-0.21 obs=227 hard=223 obsc=231 yr= 14G nz=0.04 flt=0.13 dmap=+0/-0 shz=3.5 plan=0 cmd=(lx=+0.00,ly=+0.00,rx=+0.45)
  t= 85.3 BRK-TR pos=(-4.91,+2.52) yaw= +50.8 d=0.55 goal_err=+20 carrot_err= +26 c0=1.13 clear=0.75 prog=0.00 rel=0.96 bal=-0.14 obs=227 hard=223 obsc=231 yr= 14G nz=0.04 flt=0.01 dmap=+0/-0 shz=3.5 plan=0 cmd=(lx=+0.00,ly=+0.00,rx=+0.45)
  t= 85.7 BRK-TR pos=(-4.91,+2.52) yaw= +44.9 d=0.55 goal_err=+26 carrot_err= +32 c0=1.13 clear=0.75 prog=0.00 rel=0.96 bal=-0.14 obs=227 hard=223 obsc=231 yr= 14G nz=0.04 flt=0.00 dmap=+0/-0 shz=3.5 plan=0 cmd=(lx=+0.00,ly=+0.00,rx=+0.45)
  t= 86.1 BRK-TR pos=(-4.91,+2.52) yaw= +38.9 d=0.55 goal_err=+32 carrot_err= +38 c0=1.13 clear=0.75 prog=0.00 rel=0.99 bal=-0.03 obs=227 hard=223 obsc=231 yr= 14G nz=0.01 flt=0.05 dmap=+0/-0 shz=3.5 plan=0 cmd=(lx=+0.00,ly=+0.00,rx=+0.45)
  t= 86.6 BRK-TR pos=(-4.91,+2.52) yaw= +33.0 d=0.55 goal_err=+38 carrot_err= +44 c0=1.13 clear=0.75 prog=0.00 rel=0.99 bal=+0.09 obs=227 hard=223 obsc=231 yr= 14G nz=0.01 flt=0.04 dmap=+0/-0 shz=3.5 plan=0 cmd=(lx=+0.00,ly=+0.00,rx=+0.45)
  t= 87.0 DWA-F pos=(-4.91,+2.52) yaw= +25.5 d=0.55 goal_err=+45 carrot_err= +52 c0=1.26 clear=0.84 prog=0.00 rel=0.99 bal=-0.08 obs=229 hard=225 obsc=233 yr= 13G nz=0.01 flt=0.00 dmap=+2/-0 shz=3.5 plan=3 cmd=(lx=+0.00,ly=+0.28,rx=-0.45)
  t= 87.4 DWA-F pos=(-4.88,+2.54) yaw= +31.5 d=0.53 goal_err=+42 carrot_err= +48 c0=1.10 clear=0.73 prog=0.04 rel=0.92 bal=-0.08 obs=229 hard=225 obsc=233 yr= 14G nz=0.08 flt=0.19 dmap=+0/-0 shz=3.5 plan=3 cmd=(lx=+0.00,ly=+0.28,rx=-0.45)
  t= 87.9 DWA-F pos=(-4.86,+2.55) yaw= +37.4 d=0.50 goal_err=+38 carrot_err= +45 c0=1.07 clear=0.72 prog=0.07 rel=0.90 bal=-0.07 obs=229 hard=225 obsc=233 yr= 14G nz=0.10 flt=0.01 dmap=+0/-0 shz=3.5 plan=3 cmd=(lx=+0.00,ly=+0.28,rx=-0.45)
  t= 88.3 DWA-F pos=(-4.84,+2.57) yaw= +43.4 d=0.48 goal_err=+34 carrot_err= +42 c0=1.05 clear=0.70 prog=0.11 rel=0.82 bal=-0.07 obs=229 hard=225 obsc=233 yr= 14G nz=0.13 flt=0.04 dmap=+0/-0 shz=3.5 plan=3 cmd=(lx=+0.00,ly=+0.28,rx=-0.45)
  t= 88.7 DWA-F pos=(-4.81,+2.60) yaw= +50.8 d=0.45 goal_err=+28 carrot_err= +37 c0=1.01 clear=0.68 prog=0.16 rel=0.88 bal=-0.13 obs=231 hard=227 obsc=235 yr= 14G nz=0.07 flt=0.04 dmap=+0/-0 shz=3.5 plan=3 cmd=(lx=+0.00,ly=+0.28,rx=-0.45)
  t= 89.2 DWA-F pos=(-4.80,+2.62) yaw= +56.8 d=0.43 goal_err=+24 carrot_err= +34 c0=0.98 clear=0.66 prog=0.19 rel=0.91 bal=-0.04 obs=233 hard=229 obsc=237 yr= 14G nz=0.08 flt=0.05 dmap=+1/-0 shz=3.5 plan=3 cmd=(lx=+0.00,ly=+0.28,rx=-0.45)
  t= 89.6 DWA-T pos=(-4.79,+2.64) yaw= +61.3 d=0.41 goal_err=+21 carrot_err= +31 c0=0.96 clear=0.64 prog=0.18 rel=0.92 bal=-0.12 obs=221 hard=212 obsc=226 yr=  0  nz=0.08 flt=0.04 dmap=+0/-13 shz=3.5 plan=3 cmd=(lx=+0.00,ly=+0.00,rx=+0.00)

  >>> MODO AGRESIVO ON (12s sin acercarse a B): reduzco inflado y holgura (min seguridad 0.24m) para cruzar la puerta.
  t= 90.0 AGR-DWA-T pos=(-4.79,+2.64) yaw= +61.3 d=0.41 goal_err=+21 carrot_err= +31 c0=0.96 clear=0.64 prog=0.15 rel=0.92 bal=-0.12 obs=221 hard=212 obsc=226 yr=  0  nz=0.08 flt=0.04 dmap=+0/-0 shz=3.5 plan=3 cmd=(lx=+0.00,ly=+0.00,rx=+0.00)
  t= 90.4 AGR-DWA-T pos=(-4.79,+2.64) yaw= +61.3 d=0.41 goal_err=+21 carrot_err= +31 c0=0.96 clear=0.64 prog=0.10 rel=0.92 bal=-0.12 obs=221 hard=212 obsc=226 yr=  0  nz=0.08 flt=0.04 dmap=+0/-0 shz=3.5 plan=3 cmd=(lx=+0.00,ly=+0.00,rx=+0.00)
  t= 90.9 AGR-BRK-BK pos=(-4.79,+2.64) yaw= +61.3 d=0.41 goal_err=+21 carrot_err= +31 c0=0.96 clear=0.64 prog=0.06 rel=0.92 bal=-0.12 obs=221 hard=212 obsc=226 yr=  0  nz=0.08 flt=0.04 dmap=+0/-0 shz=3.5 plan=0 cmd=(lx=+0.00,ly=-0.35,rx=+0.00)
  t= 91.3 AGR-BRK-TR pos=(-4.80,+2.61) yaw= +58.1 d=0.43 goal_err=+23 carrot_err= +32 c0=0.99 clear=0.66 prog=0.00 rel=1.00 bal=-0.12 obs=221 hard=212 obsc=226 yr= 15G nz=0.00 flt=0.11 dmap=+0/-0 shz=3.3 plan=0 cmd=(lx=+0.00,ly=+0.00,rx=+0.45)
  t= 91.7 AGR-BRK-TR pos=(-4.80,+2.61) yaw= +51.6 d=0.43 goal_err=+29 carrot_err= +39 c0=0.99 clear=0.66 prog=0.00 rel=0.99 bal=-0.04 obs=221 hard=212 obsc=226 yr= 15G nz=0.01 flt=0.02 dmap=+0/-0 shz=3.3 plan=0 cmd=(lx=+0.00,ly=+0.00,rx=+0.45)
  t= 92.2 AGR-BRK-TR pos=(-4.80,+2.61) yaw= +45.3 d=0.43 goal_err=+36 carrot_err= +45 c0=0.99 clear=0.66 prog=0.00 rel=0.99 bal=-0.01 obs=221 hard=212 obsc=226 yr= 14G nz=0.01 flt=0.01 dmap=+0/-0 shz=3.3 plan=0 cmd=(lx=+0.00,ly=+0.00,rx=+0.45)
  t= 92.6 AGR-BRK-TR pos=(-4.80,+2.61) yaw= +39.4 d=0.43 goal_err=+41 carrot_err= +51 c0=0.99 clear=0.66 prog=0.00 rel=0.98 bal=-0.01 obs=221 hard=212 obsc=226 yr= 14G nz=0.02 flt=0.04 dmap=+0/-0 shz=3.3 plan=0 cmd=(lx=+0.00,ly=+0.00,rx=+0.45)
  t= 93.0 AGR-BRK-TR pos=(-4.80,+2.61) yaw= +33.4 d=0.43 goal_err=+47 carrot_err= +57 c0=0.99 clear=0.66 prog=0.00 rel=0.97 bal=-0.01 obs=221 hard=212 obsc=226 yr= 14G nz=0.03 flt=0.00 dmap=+0/-0 shz=3.3 plan=0 cmd=(lx=+0.00,ly=+0.00,rx=+0.45)
  t= 93.4 AGR-DWA-F pos=(-4.80,+2.61) yaw= +26.0 d=0.43 goal_err=+55 carrot_err= +64 c0=1.12 clear=0.75 prog=0.00 rel=0.91 bal=+0.11 obs=221 hard=212 obsc=226 yr= 14G nz=0.09 flt=0.06 dmap=+0/-0 shz=3.3 plan=3 cmd=(lx=+0.00,ly=+0.28,rx=-0.45)
  t= 93.9 AGR-DWA-F pos=(-4.78,+2.62) yaw= +28.9 d=0.42 goal_err=+54 carrot_err= +64 c0=0.97 clear=0.65 prog=0.02 rel=0.89 bal=+0.11 obs=221 hard=212 obsc=226 yr= 14G nz=0.11 flt=0.01 dmap=+0/-0 shz=3.3 plan=3 cmd=(lx=+0.00,ly=+0.28,rx=-0.45)
  t= 94.3 AGR-DWA-F pos=(-4.76,+2.64) yaw= +34.9 d=0.40 goal_err=+51 carrot_err= +62 c0=0.94 clear=0.63 prog=0.05 rel=0.89 bal=+0.12 obs=221 hard=212 obsc=226 yr= 14G nz=0.11 flt=0.01 dmap=+0/-0 shz=3.3 plan=3 cmd=(lx=+0.00,ly=+0.28,rx=-0.45)
  t= 94.7 AGR-DWA-F pos=(-4.73,+2.65) yaw= +40.9 d=0.39 goal_err=+49 carrot_err= +60 c0=0.92 clear=0.61 prog=0.08 rel=0.85 bal=+0.01 obs=221 hard=212 obsc=226 yr= 14G nz=0.15 flt=0.01 dmap=+0/-0 shz=3.3 plan=3 cmd=(lx=+0.00,ly=+0.28,rx=-0.45)
  t= 95.2 AGR-DWA-F pos=(-4.71,+2.68) yaw= +48.3 d=0.36 goal_err=+45 carrot_err= +58 c0=0.88 clear=0.59 prog=0.12 rel=0.87 bal=+0.01 obs=222 hard=213 obsc=227 yr= 28G nz=0.13 flt=0.22 dmap=+1/-0 shz=3.3 plan=3 cmd=(lx=+0.00,ly=+0.28,rx=-0.45)

  LLEGADO a 'B' (-4.73,+3.04); error=0.35 m, colisiones=0.
  [spill] derrames=0 E[N]=0.00 eta_max=0.89 riesgo=1.0%
  [dataset] travesia guardada -> /Users/adrianlendinezibanez/Claude/Projects/G1 ROBOT/dataset/20260708_131936_ours_B.json
  [stats] fila anadida -> /Users/adrianlendinezibanez/Claude/Projects/G1 ROBOT/dataset/runs_stats.csv

Fin goto.
  [META2-L2] estado guardado (meta2_state_abfull.json): Pl={'Efficient_Nav': 1.0, 'Cautious_Nav': 1.0} derrames_run=0
  backend grafico: TkAgg
>>> SIM ADAPTER: conectando a rosbridge ws://localhost:8765 ...
  esperando /odom (hasta 30s; el mundo del lab tarda en cargar)... ok
  /odom OK pose=(+0.99,+0.57) | /scan: OK
  escenario LAB: mapa/waypoints/puerta REALES (lab.world solo-paredes, frame G1)

>>> GOTO 'B' -> (-4.73,+3.04). Mando en mano (L2+B). Ctrl+C aborta.
    ENTORNO: SIM (id: lab_v1_ab_full)  — esta run se registra como SIMULACION, no cuenta como run de robot
  Esperando pose localizada y primera nube... ok.
  FRAME-CHECK start=(+0.99,+0.57) wp_mas_cercano=A(+0.99,+0.57) offset=0.00m  -> frame OK (pose y waypoints alineados)
  [spill] payload de agua simulado (semilla=20260708_133112_ours_B.json)
  [META2-DOOR] variante de engagement: Door_Direct (Pl={Door_Direct:1.00, Door_Far:1.00, Door_BiasPlus:1.00})
  META2 ACTIVO (techo por analogia): Meta-Reasoner 2.0, analogia inicial Cautious_Nav

  !!!!!!!!!!!!!!!!!!!!!!!!!!!!!!!!!!!!!!!!!!!!!!!!!!!!!!!!!!!!!!!!!!!!!!!!!!
  !!  VISION OFF (G1_PERC sin definir) pero G1_NOVIS=1: navego SIN vision bajo tu responsabilidad.
  !!  La MESA invisible al LiDAR no se vera.
  !!!!!!!!!!!!!!!!!!!!!!!!!!!!!!!!!!!!!!!!!!!!!!!!!!!!!!!!!!!!!!!!!!!!!!!!!!

  mapa de referencia: 961 celdas | muebles estaticos (nav_map): 0 celdas | plan global: static
  t=  0.0 DWA-F pos=(+0.99,+0.57) yaw=-120.3 d=6.23 goal_err=-83 carrot_err= -62 c0=2.25 clear=1.00 prog=0.00 rel=1.00 bal=+0.19 obs=108 hard=108 obsc=108 yr=  0  nz=0.00 flt=0.19 dmap=+108/-0 shz=0.0 plan=34 cmd=(lx=+0.00,ly=+0.40,rx=+0.45)
  t=  0.4 DWA-F pos=(+0.97,+0.53) yaw=-125.1 d=6.22 goal_err=-79 carrot_err= -60 c0=2.21 clear=1.00 prog=0.05 rel=1.00 bal=+0.28 obs=111 hard=111 obsc=111 yr= 16G nz=0.00 flt=0.13 dmap=+0/-0 shz=4.7 plan=34 cmd=(lx=+0.00,ly=+0.40,rx=+0.45)
  t=  0.8 DWA-F pos=(+0.92,+0.47) yaw=-133.2 d=6.21 goal_err=-71 carrot_err= -57 c0=2.19 clear=1.00 prog=0.10 rel=0.95 bal=+0.41 obs=111 hard=111 obsc=111 yr= 31G nz=0.05 flt=0.10 dmap=+0/-0 shz=4.7 plan=34 cmd=(lx=+0.00,ly=+0.40,rx=+0.45)
  t=  1.3 DWA-F pos=(+0.88,+0.43) yaw=-139.6 d=6.18 goal_err=-65 carrot_err= -38 c0=2.50 clear=1.00 prog=0.12 rel=0.94 bal=+0.41 obs=111 hard=111 obsc=111 yr= 15G nz=0.06 flt=0.02 dmap=+0/-0 shz=4.3 plan=34 cmd=(lx=+0.00,ly=+0.40,rx=+0.45)
  t=  1.7 DWA-F pos=(+0.83,+0.39) yaw=-144.4 d=6.16 goal_err=-61 carrot_err= -36 c0=2.50 clear=1.00 prog=0.14 rel=0.83 bal=+0.42 obs=125 hard=125 obsc=152 yr=  0  nz=0.17 flt=0.04 dmap=+14/-0 shz=4.1 plan=33 cmd=(lx=+0.00,ly=+0.40,rx=+0.00)
  t=  2.1 DWA-F pos=(+0.78,+0.36) yaw=-147.6 d=6.13 goal_err=-58 carrot_err= -35 c0=2.50 clear=1.00 prog=0.17 rel=0.76 bal=+0.42 obs=125 hard=125 obsc=152 yr= 15G nz=0.24 flt=0.02 dmap=+0/-0 shz=4.2 plan=33 cmd=(lx=+0.00,ly=+0.40,rx=+0.00)
  t=  2.6 DWA-F pos=(+0.74,+0.33) yaw=-149.2 d=6.10 goal_err=-57 carrot_err= -36 c0=2.50 clear=1.00 prog=0.20 rel=0.84 bal=+0.43 obs=143 hard=131 obsc=162 yr=  0  nz=0.16 flt=0.00 dmap=+0/-0 shz=4.2 plan=33 cmd=(lx=+0.00,ly=+0.40,rx=+0.45)
  t=  3.0 DWA-F pos=(+0.69,+0.31) yaw=-154.0 d=6.07 goal_err=-53 carrot_err= -32 c0=2.50 clear=1.00 prog=0.21 rel=0.99 bal=+0.43 obs=143 hard=131 obsc=162 yr= 30G nz=0.01 flt=0.15 dmap=+0/-0 shz=4.1 plan=33 cmd=(lx=+0.00,ly=+0.40,rx=+0.00)
  t=  3.4 DWA-F pos=(+0.65,+0.29) yaw=-155.6 d=6.04 goal_err=-51 carrot_err= -32 c0=2.50 clear=1.00 prog=0.22 rel=0.98 bal=+0.44 obs=165 hard=141 obsc=178 yr=  0  nz=0.01 flt=0.03 dmap=+5/-1 shz=4.1 plan=32 cmd=(lx=+0.00,ly=+0.40,rx=+0.00)
  t=  3.9 DWA-F pos=(+0.61,+0.27) yaw=-155.6 d=6.02 goal_err=-52 carrot_err= -34 c0=2.50 clear=1.00 prog=0.22 rel=0.99 bal=+0.37 obs=170 hard=143 obsc=179 yr=  0  nz=0.01 flt=0.01 dmap=+0/-0 shz=4.1 plan=32 cmd=(lx=+0.00,ly=+0.40,rx=+0.00)
  t=  4.3 DWA-F pos=(+0.57,+0.25) yaw=-155.6 d=5.99 goal_err=-52 carrot_err= -35 c0=2.50 clear=1.00 prog=0.22 rel=0.99 bal=+0.37 obs=173 hard=156 obsc=180 yr=  0  nz=0.01 flt=0.01 dmap=+0/-0 shz=4.1 plan=32 cmd=(lx=+0.00,ly=+0.40,rx=+0.00)
  t=  4.7 DWA-F pos=(+0.53,+0.23) yaw=-155.6 d=5.96 goal_err=-52 carrot_err= -22 c0=2.50 clear=1.00 prog=0.22 rel=0.99 bal=+0.38 obs=173 hard=162 obsc=180 yr=  0  nz=0.01 flt=0.00 dmap=+0/-1 shz=4.0 plan=32 cmd=(lx=+0.00,ly=+0.40,rx=+0.00)
  t=  5.2 DWA-F pos=(+0.49,+0.21) yaw=-155.6 d=5.93 goal_err=-53 carrot_err= -23 c0=2.50 clear=1.00 prog=0.21 rel=0.99 bal=+0.40 obs=175 hard=164 obsc=181 yr=  0  nz=0.01 flt=0.00 dmap=+1/-0 shz=4.1 plan=32 cmd=(lx=+0.00,ly=+0.40,rx=+0.00)
  t=  5.6 DWA-F pos=(+0.44,+0.19) yaw=-155.6 d=5.90 goal_err=-53 carrot_err= -25 c0=2.50 clear=1.00 prog=0.22 rel=0.99 bal=+0.41 obs=175 hard=166 obsc=180 yr=  0  nz=0.01 flt=0.00 dmap=+0/-0 shz=4.0 plan=32 cmd=(lx=+0.00,ly=+0.40,rx=+0.00)
  t=  6.0 DWA-F pos=(+0.40,+0.17) yaw=-155.6 d=5.87 goal_err=-54 carrot_err= -26 c0=2.50 clear=1.00 prog=0.22 rel=0.99 bal=+0.42 obs=174 hard=165 obsc=181 yr=  0  nz=0.01 flt=0.01 dmap=+0/-0 shz=4.1 plan=32 cmd=(lx=+0.00,ly=+0.40,rx=+0.00)
  t=  6.5 DWA-F pos=(+0.36,+0.16) yaw=-155.6 d=5.85 goal_err=-54 carrot_err= -28 c0=2.50 clear=1.00 prog=0.21 rel=0.98 bal=+0.43 obs=176 hard=166 obsc=182 yr=  0  nz=0.01 flt=0.00 dmap=+1/-1 shz=4.0 plan=31 cmd=(lx=+0.00,ly=+0.40,rx=+0.00)
  t=  6.9 DWA-F pos=(+0.32,+0.14) yaw=-155.6 d=5.82 goal_err=-54 carrot_err= -29 c0=2.50 clear=1.00 prog=0.21 rel=0.98 bal=+0.44 obs=177 hard=167 obsc=183 yr=  0  nz=0.02 flt=0.00 dmap=+0/-1 shz=4.1 plan=31 cmd=(lx=+0.00,ly=+0.40,rx=+0.00)
  t=  7.3 DWA-F pos=(+0.27,+0.11) yaw=-155.6 d=5.79 goal_err=-55 carrot_err= -17 c0=2.50 clear=1.00 prog=0.21 rel=0.98 bal=+0.45 obs=177 hard=167 obsc=182 yr=  0  nz=0.02 flt=0.00 dmap=+0/-0 shz=4.0 plan=31 cmd=(lx=+0.00,ly=+0.40,rx=+0.00)
  t=  7.8 DWA-F pos=(+0.23,+0.10) yaw=-155.6 d=5.76 goal_err=-55 carrot_err= -18 c0=2.50 clear=1.00 prog=0.21 rel=0.98 bal=+0.45 obs=176 hard=167 obsc=182 yr=  0  nz=0.02 flt=0.00 dmap=+0/-0 shz=4.0 plan=30 cmd=(lx=+0.00,ly=+0.40,rx=+0.00)
  t=  8.2 DWA-F pos=(+0.19,+0.08) yaw=-155.6 d=5.74 goal_err=-55 carrot_err= -19 c0=2.50 clear=1.00 prog=0.21 rel=0.98 bal=+0.38 obs=179 hard=169 obsc=184 yr=  0  nz=0.02 flt=0.01 dmap=+3/-0 shz=4.0 plan=30 cmd=(lx=+0.00,ly=+0.40,rx=+0.00)
  t=  8.6 DWA-F pos=(+0.15,+0.06) yaw=-155.6 d=5.71 goal_err=-56 carrot_err= -20 c0=2.49 clear=1.00 prog=0.21 rel=0.99 bal=+0.39 obs=179 hard=170 obsc=185 yr=  0  nz=0.01 flt=0.00 dmap=+0/-0 shz=4.0 plan=30 cmd=(lx=+0.00,ly=+0.40,rx=+0.00)
  t=  9.1 DWA-F pos=(+0.11,+0.04) yaw=-155.6 d=5.69 goal_err=-56 carrot_err= -21 c0=2.44 clear=1.00 prog=0.21 rel=0.96 bal=+0.39 obs=178 hard=169 obsc=183 yr=  0  nz=0.04 flt=0.01 dmap=+0/-0 shz=4.0 plan=30 cmd=(lx=+0.00,ly=+0.40,rx=+0.00)
  t=  9.5 DWA-F pos=(+0.05,+0.02) yaw=-155.6 d=5.66 goal_err=-57 carrot_err= -23 c0=2.39 clear=1.00 prog=0.20 rel=0.94 bal=+0.40 obs=180 hard=172 obsc=187 yr=  0  nz=0.06 flt=0.00 dmap=+1/-1 shz=4.0 plan=29 cmd=(lx=+0.00,ly=+0.40,rx=+0.00)
  t=  9.9 DWA-F pos=(+0.01,-0.00) yaw=-155.6 d=5.63 goal_err=-57 carrot_err= -24 c0=2.34 clear=1.00 prog=0.20 rel=0.91 bal=+0.40 obs=180 hard=172 obsc=186 yr=  0  nz=0.09 flt=0.01 dmap=+0/-0 shz=4.0 plan=29 cmd=(lx=+0.00,ly=+0.40,rx=+0.00)
  t= 10.4 DWA-F pos=(-0.03,-0.02) yaw=-155.6 d=5.61 goal_err=-57 carrot_err= -26 c0=2.30 clear=1.00 prog=0.20 rel=0.91 bal=+0.41 obs=183 hard=173 obsc=188 yr=  0  nz=0.09 flt=0.02 dmap=+0/-0 shz=4.0 plan=29 cmd=(lx=+0.00,ly=+0.40,rx=+0.00)
  t= 10.8 DWA-F pos=(-0.07,-0.04) yaw=-155.6 d=5.59 goal_err=-58 carrot_err= -27 c0=2.26 clear=1.00 prog=0.20 rel=0.92 bal=+0.43 obs=184 hard=175 obsc=190 yr=  0  nz=0.08 flt=0.00 dmap=+0/-0 shz=4.0 plan=29 cmd=(lx=+0.00,ly=+0.40,rx=+0.00)
  t= 11.2 DWA-F pos=(-0.11,-0.06) yaw=-155.6 d=5.56 goal_err=-58 carrot_err= -28 c0=2.21 clear=1.00 prog=0.18 rel=0.92 bal=+0.45 obs=183 hard=175 obsc=189 yr=  0  nz=0.08 flt=0.01 dmap=+2/-1 shz=4.0 plan=29 cmd=(lx=+0.00,ly=+0.40,rx=+0.00)
  t= 11.7 DWA-F pos=(-0.16,-0.08) yaw=-155.6 d=5.53 goal_err=-59 carrot_err= -30 c0=2.16 clear=1.00 prog=0.19 rel=0.92 bal=+0.47 obs=183 hard=176 obsc=190 yr=  0  nz=0.08 flt=0.02 dmap=+0/-0 shz=4.0 plan=29 cmd=(lx=+0.00,ly=+0.40,rx=+0.00)
  t= 12.1 DWA-F pos=(-0.20,-0.10) yaw=-155.6 d=5.51 goal_err=-59 carrot_err= -31 c0=2.11 clear=1.00 prog=0.19 rel=0.91 bal=+0.48 obs=184 hard=175 obsc=190 yr=  0  nz=0.09 flt=0.00 dmap=+0/-0 shz=4.0 plan=29 cmd=(lx=+0.00,ly=+0.40,rx=+0.00)
  t= 12.5 DWA-F pos=(-0.24,-0.12) yaw=-155.6 d=5.49 goal_err=-59 carrot_err= -33 c0=2.07 clear=1.00 prog=0.19 rel=0.91 bal=+0.49 obs=183 hard=176 obsc=190 yr=  0  nz=0.09 flt=0.00 dmap=+0/-0 shz=4.0 plan=28 cmd=(lx=+0.00,ly=+0.40,rx=+0.00)
  t= 13.0 DWA-F pos=(-0.28,-0.13) yaw=-155.6 d=5.47 goal_err=-60 carrot_err= -35 c0=2.02 clear=1.00 prog=0.19 rel=0.92 bal=+0.50 obs=186 hard=181 obsc=192 yr=  0  nz=0.08 flt=0.01 dmap=+1/-1 shz=4.0 plan=28 cmd=(lx=+0.00,ly=+0.40,rx=+0.00)
  t= 13.4 DWA-F pos=(-0.33,-0.16) yaw=-155.6 d=5.44 goal_err=-60 carrot_err= -38 c0=1.97 clear=1.00 prog=0.18 rel=0.91 bal=+0.50 obs=186 hard=178 obsc=191 yr=  0G nz=0.09 flt=0.00 dmap=+0/-0 shz=4.0 plan=28 cmd=(lx=+0.00,ly=+0.40,rx=+0.45)
  t= 13.9 DWA-F pos=(-0.37,-0.17) yaw=-158.8 d=5.42 goal_err=-58 carrot_err= -33 c0=1.93 clear=1.00 prog=0.18 rel=0.92 bal=+0.51 obs=187 hard=181 obsc=193 yr=  0  nz=0.09 flt=0.01 dmap=+0/-0 shz=4.0 plan=27 cmd=(lx=+0.00,ly=+0.40,rx=+0.00)
  t= 14.3 DWA-F pos=(-0.41,-0.19) yaw=-158.8 d=5.39 goal_err=-58 carrot_err= -35 c0=1.88 clear=1.00 prog=0.18 rel=0.91 bal=+0.53 obs=189 hard=184 obsc=196 yr=  0  nz=0.09 flt=0.01 dmap=+2/-1 shz=4.0 plan=27 cmd=(lx=+0.00,ly=+0.40,rx=+0.00)
  t= 14.7 DWA-F pos=(-0.45,-0.21) yaw=-158.8 d=5.37 goal_err=-58 carrot_err= -37 c0=1.84 clear=1.00 prog=0.18 rel=0.92 bal=+0.54 obs=189 hard=182 obsc=195 yr=  0  nz=0.08 flt=0.00 dmap=+3/-1 shz=4.0 plan=27 cmd=(lx=+0.00,ly=+0.40,rx=+0.00)
  t= 15.2 DWA-F pos=(-0.51,-0.23) yaw=-162.0 d=5.34 goal_err=-56 carrot_err= -36 c0=1.78 clear=1.00 prog=0.20 rel=0.91 bal=+0.54 obs=189 hard=182 obsc=195 yr= 29G nz=0.09 flt=0.00 dmap=+0/-0 shz=4.0 plan=27 cmd=(lx=+0.00,ly=+0.40,rx=+0.00)
  t= 15.6 DWA-F pos=(-0.55,-0.24) yaw=-166.8 d=5.31 goal_err=-51 carrot_err= -40 c0=1.74 clear=1.00 prog=0.19 rel=0.91 bal=+0.54 obs=199 hard=188 obsc=205 yr= 15G nz=0.09 flt=0.01 dmap=+0/-0 shz=4.0 plan=26 cmd=(lx=+0.00,ly=+0.40,rx=+0.45)
  t= 16.0 DWA-F pos=(-0.59,-0.25) yaw=-171.7 d=5.28 goal_err=-47 carrot_err= -37 c0=1.87 clear=1.00 prog=0.20 rel=0.91 bal=+0.55 obs=203 hard=193 obsc=207 yr=  0  nz=0.10 flt=0.07 dmap=+4/-0 shz=4.0 plan=26 cmd=(lx=+0.00,ly=+0.40,rx=+0.00)
  t= 16.5 DWA-F pos=(-0.64,-0.25) yaw=-171.7 d=5.25 goal_err=-47 carrot_err= -39 c0=1.83 clear=1.00 prog=0.21 rel=0.90 bal=+0.55 obs=204 hard=194 obsc=209 yr=  0  nz=0.10 flt=0.01 dmap=+0/-0 shz=4.0 plan=26 cmd=(lx=+0.00,ly=+0.40,rx=+0.45)
  t= 16.9 DWA-F pos=(-0.68,-0.26) yaw=-174.9 d=5.22 goal_err=-44 carrot_err= -38 c0=1.87 clear=1.00 prog=0.23 rel=0.90 bal=+0.55 obs=207 hard=198 obsc=211 yr=  0  nz=0.10 flt=0.01 dmap=+0/-0 shz=4.0 plan=26 cmd=(lx=+0.00,ly=+0.40,rx=+0.00)
  t= 17.3 DWA-F pos=(-0.73,-0.26) yaw=-176.5 d=5.18 goal_err=-43 carrot_err= -38 c0=1.82 clear=1.00 prog=0.24 rel=0.91 bal=+0.52 obs=206 hard=198 obsc=212 yr= 14G nz=0.09 flt=0.13 dmap=+0/-0 shz=3.9 plan=26 cmd=(lx=+0.00,ly=+0.40,rx=+0.45)
  t= 17.8 DWA-F pos=(-0.78,-0.26) yaw=-179.7 d=5.15 goal_err=-40 carrot_err= -37 c0=1.78 clear=1.00 prog=0.25 rel=0.94 bal=+0.53 obs=212 hard=198 obsc=219 yr=  0  nz=0.06 flt=0.07 dmap=+1/-2 shz=4.0 plan=26 cmd=(lx=+0.00,ly=+0.40,rx=+0.00)
  t= 18.2 DWA-F pos=(-0.82,-0.26) yaw=+177.1 d=5.12 goal_err=-37 carrot_err= -36 c0=1.98 clear=1.00 prog=0.26 rel=0.90 bal=+0.54 obs=212 hard=198 obsc=219 yr= 15  nz=0.10 flt=0.03 dmap=+0/-0 shz=3.9 plan=26 cmd=(lx=+0.00,ly=+0.40,rx=+0.00)
  t= 18.6 DWA-F pos=(-0.87,-0.26) yaw=+177.1 d=5.08 goal_err=-38 carrot_err= -29 c0=1.93 clear=1.00 prog=0.27 rel=0.87 bal=+0.53 obs=211 hard=202 obsc=217 yr=  0  nz=0.13 flt=0.01 dmap=+0/-0 shz=4.0 plan=25 cmd=(lx=+0.00,ly=+0.40,rx=+0.00)
  t= 19.1 DWA-F pos=(-0.91,-0.26) yaw=+177.1 d=5.05 goal_err=-38 carrot_err= -31 c0=1.89 clear=1.00 prog=0.28 rel=0.87 bal=+0.52 obs=206 hard=200 obsc=217 yr=  0  nz=0.13 flt=0.01 dmap=+0/-5 shz=3.9 plan=25 cmd=(lx=+0.00,ly=+0.40,rx=+0.00)
  t= 19.5 DWA-F pos=(-0.96,-0.26) yaw=+177.1 d=5.01 goal_err=-38 carrot_err= -33 c0=1.84 clear=1.00 prog=0.27 rel=0.93 bal=+0.50 obs=205 hard=196 obsc=211 yr=  0  nz=0.07 flt=0.00 dmap=+0/-1 shz=4.0 plan=25 cmd=(lx=+0.00,ly=+0.40,rx=+0.00)
  t= 20.0 DWA-F pos=(-1.01,-0.25) yaw=+177.1 d=4.97 goal_err=-39 carrot_err= -37 c0=1.79 clear=1.00 prog=0.28 rel=0.91 bal=+0.33 obs=206 hard=194 obsc=211 yr=  0  nz=0.09 flt=0.00 dmap=+0/-0 shz=4.0 plan=24 cmd=(lx=+0.00,ly=+0.40,rx=+0.00)
  t= 20.4 DWA-F pos=(-1.06,-0.25) yaw=+177.1 d=4.93 goal_err=-39 carrot_err= -38 c0=1.74 clear=1.00 prog=0.28 rel=0.91 bal=+0.32 obs=205 hard=196 obsc=211 yr=  0G nz=0.09 flt=0.01 dmap=+0/-0 shz=4.0 plan=24 cmd=(lx=+0.00,ly=+0.40,rx=+0.45)
  t= 20.8 DWA-F pos=(-1.10,-0.25) yaw=+173.9 d=4.90 goal_err=-36 carrot_err= -37 c0=1.70 clear=1.00 prog=0.28 rel=0.90 bal=+0.30 obs=209 hard=198 obsc=214 yr=  0  nz=0.10 flt=0.01 dmap=+0/-0 shz=4.0 plan=24 cmd=(lx=+0.00,ly=+0.40,rx=+0.00)
  t= 21.3 DWA-F pos=(-1.14,-0.24) yaw=+170.7 d=4.86 goal_err=-33 carrot_err= -35 c0=1.66 clear=1.00 prog=0.28 rel=0.92 bal=+0.29 obs=209 hard=198 obsc=214 yr= 15  nz=0.08 flt=0.00 dmap=+0/-0 shz=4.0 plan=24 cmd=(lx=+0.00,ly=+0.40,rx=+0.00)
  t= 21.7 DWA-F pos=(-1.20,-0.23) yaw=+170.7 d=4.82 goal_err=-34 carrot_err= -29 c0=1.60 clear=1.00 prog=0.29 rel=0.92 bal=+0.28 obs=209 hard=200 obsc=215 yr=  0  nz=0.08 flt=0.01 dmap=+0/-0 shz=4.0 plan=23 cmd=(lx=+0.00,ly=+0.40,rx=+0.00)
  t= 22.1 DWA-F pos=(-1.24,-0.23) yaw=+170.7 d=4.78 goal_err=-34 carrot_err= -30 c0=1.56 clear=1.00 prog=0.29 rel=0.92 bal=+0.27 obs=208 hard=198 obsc=214 yr=  0  nz=0.08 flt=0.01 dmap=+1/-1 shz=4.0 plan=23 cmd=(lx=+0.00,ly=+0.40,rx=+0.00)
  t= 22.6 DWA-F pos=(-1.29,-0.22) yaw=+170.7 d=4.74 goal_err=-34 carrot_err= -32 c0=1.51 clear=1.00 prog=0.30 rel=0.91 bal=+0.26 obs=206 hard=197 obsc=212 yr=  0  nz=0.09 flt=0.00 dmap=+0/-1 shz=4.0 plan=23 cmd=(lx=+0.00,ly=+0.40,rx=+0.00)
  t= 23.0 DWA-F pos=(-1.33,-0.21) yaw=+170.7 d=4.70 goal_err=-34 carrot_err= -16 c0=1.47 clear=0.98 prog=0.30 rel=0.92 bal=+0.25 obs=206 hard=197 obsc=211 yr=  0  nz=0.08 flt=0.01 dmap=+0/-0 shz=3.9 plan=22 cmd=(lx=+0.00,ly=+0.40,rx=+0.00)
  t= 23.4 DWA-F pos=(-1.37,-0.21) yaw=+170.7 d=4.67 goal_err=-35 carrot_err= -17 c0=1.43 clear=0.95 prog=0.28 rel=0.92 bal=+0.25 obs=208 hard=198 obsc=213 yr=  0  nz=0.08 flt=0.00 dmap=+0/-0 shz=4.0 plan=22 cmd=(lx=+0.00,ly=+0.40,rx=+0.00)
  t= 23.9 DWA-F pos=(-1.43,-0.20) yaw=+170.7 d=4.62 goal_err=-35 carrot_err= -18 c0=1.37 clear=0.91 prog=0.29 rel=0.91 bal=+0.24 obs=208 hard=199 obsc=213 yr=  0  nz=0.09 flt=0.03 dmap=+2/-0 shz=4.0 plan=22 cmd=(lx=+0.00,ly=+0.40,rx=+0.00)
  t= 24.3 DWA-F pos=(-1.47,-0.19) yaw=+170.7 d=4.59 goal_err=-35 carrot_err= -19 c0=1.33 clear=0.88 prog=0.29 rel=0.91 bal=+0.10 obs=208 hard=198 obsc=213 yr=  0  nz=0.09 flt=0.00 dmap=+0/-0 shz=4.0 plan=22 cmd=(lx=+0.00,ly=+0.40,rx=+0.00)
  t= 24.7 DWA-F pos=(-1.52,-0.18) yaw=+170.7 d=4.55 goal_err=-36 carrot_err= -20 c0=1.28 clear=0.85 prog=0.29 rel=0.91 bal=+0.09 obs=208 hard=198 obsc=213 yr=  0  nz=0.09 flt=0.01 dmap=+0/-0 shz=4.0 plan=22 cmd=(lx=+0.00,ly=+0.40,rx=+0.00)
  t= 25.2 DWA-F pos=(-1.56,-0.18) yaw=+170.7 d=4.51 goal_err=-36 carrot_err= -21 c0=1.24 clear=0.83 prog=0.29 rel=0.90 bal=+0.09 obs=208 hard=199 obsc=214 yr=  0  nz=0.10 flt=0.00 dmap=+0/-0 shz=4.0 plan=22 cmd=(lx=+0.00,ly=+0.40,rx=+0.00)
  t= 25.6 DWA-F pos=(-1.62,-0.17) yaw=+170.7 d=4.47 goal_err=-37 carrot_err= -27 c0=1.18 clear=0.79 prog=0.29 rel=0.92 bal=+0.09 obs=209 hard=199 obsc=214 yr=  0  nz=0.08 flt=0.01 dmap=+2/-0 shz=4.0 plan=22 cmd=(lx=+0.00,ly=+0.40,rx=+0.00)
  t= 26.0 DWA-F pos=(-1.66,-0.16) yaw=+170.7 d=4.43 goal_err=-37 carrot_err= -28 c0=1.14 clear=0.76 prog=0.29 rel=0.91 bal=+0.09 obs=208 hard=200 obsc=214 yr=  0  nz=0.09 flt=0.01 dmap=+0/-0 shz=3.9 plan=21 cmd=(lx=+0.00,ly=+0.40,rx=+0.00)
  t= 26.5 DWA-F pos=(-1.70,-0.15) yaw=+170.7 d=4.40 goal_err=-37 carrot_err= -29 c0=1.10 clear=0.73 prog=0.29 rel=0.91 bal=+0.09 obs=208 hard=202 obsc=214 yr=  0  nz=0.09 flt=0.00 dmap=+0/-0 shz=4.0 plan=21 cmd=(lx=+0.00,ly=+0.40,rx=+0.00)
  t= 26.9 DWA-F pos=(-1.75,-0.14) yaw=+170.7 d=4.36 goal_err=-38 carrot_err= -32 c0=1.05 clear=0.70 prog=0.29 rel=0.92 bal=+0.09 obs=204 hard=198 obsc=211 yr=  0  nz=0.08 flt=0.00 dmap=+0/-2 shz=4.0 plan=21 cmd=(lx=+0.00,ly=+0.40,rx=+0.00)
  t= 27.3 DWA-F pos=(-1.79,-0.14) yaw=+170.7 d=4.33 goal_err=-38 carrot_err= -33 c0=1.01 clear=0.67 prog=0.29 rel=0.92 bal=+0.08 obs=206 hard=198 obsc=212 yr=  0  nz=0.08 flt=0.00 dmap=+1/-0 shz=4.0 plan=21 cmd=(lx=+0.00,ly=+0.40,rx=+0.00)
  t= 27.8 DWA-F pos=(-1.85,-0.13) yaw=+170.7 d=4.28 goal_err=-38 carrot_err= -26 c0=0.96 clear=0.64 prog=0.28 rel=0.92 bal=+0.07 obs=207 hard=196 obsc=212 yr=  0  nz=0.09 flt=0.02 dmap=+0/-0 shz=4.0 plan=20 cmd=(lx=+0.00,ly=+0.40,rx=+0.00)
  t= 28.2 DWA-F pos=(-1.89,-0.12) yaw=+170.7 d=4.25 goal_err=-39 carrot_err= -27 c0=0.91 clear=0.61 prog=0.28 rel=0.91 bal=+0.06 obs=208 hard=198 obsc=213 yr=  0  nz=0.09 flt=0.02 dmap=+0/-0 shz=4.0 plan=20 cmd=(lx=+0.00,ly=+0.40,rx=+0.00)
  t= 28.6 DWA-F pos=(-1.93,-0.11) yaw=+170.7 d=4.22 goal_err=-39 carrot_err= -30 c0=0.87 clear=0.58 prog=0.28 rel=0.91 bal=+0.06 obs=209 hard=197 obsc=214 yr=  0  nz=0.09 flt=0.00 dmap=+1/-0 shz=4.0 plan=20 cmd=(lx=+0.00,ly=+0.40,rx=+0.00)
  t= 29.1 DWA-F pos=(-1.98,-0.11) yaw=+170.7 d=4.18 goal_err=-40 carrot_err= -22 c0=0.83 clear=0.55 prog=0.28 rel=0.92 bal=+0.05 obs=211 hard=200 obsc=216 yr=  0  nz=0.08 flt=0.00 dmap=+0/-0 shz=4.0 plan=19 cmd=(lx=+0.00,ly=+0.40,rx=+0.00)
  t= 29.5 DWA-F pos=(-2.03,-0.10) yaw=+170.7 d=4.14 goal_err=-40 carrot_err= -24 c0=0.77 clear=0.52 prog=0.28 rel=0.92 bal=+0.05 obs=209 hard=201 obsc=215 yr=  0  nz=0.08 flt=0.01 dmap=+0/-0 shz=4.0 plan=19 cmd=(lx=+0.00,ly=+0.40,rx=+0.00)
  t= 29.9 DWA-F pos=(-2.08,-0.09) yaw=+170.7 d=4.10 goal_err=-40 carrot_err= -25 c0=0.73 clear=0.49 prog=0.28 rel=0.92 bal=-0.09 obs=209 hard=200 obsc=215 yr=  0  nz=0.08 flt=0.02 dmap=+0/-1 shz=3.9 plan=19 cmd=(lx=+0.00,ly=+0.40,rx=+0.00)
  t= 30.4 DWA-F pos=(-2.12,-0.08) yaw=+167.5 d=4.07 goal_err=-38 carrot_err= -25 c0=0.69 clear=0.46 prog=0.28 rel=0.91 bal=-0.23 obs=210 hard=203 obsc=217 yr= 15  nz=0.09 flt=0.00 dmap=+2/-1 shz=4.0 plan=19 cmd=(lx=+0.00,ly=+0.40,rx=+0.00)
  t= 30.8 DWA-F pos=(-2.16,-0.07) yaw=+167.5 d=4.04 goal_err=-38 carrot_err= -26 c0=0.65 clear=0.43 prog=0.28 rel=0.91 bal=-0.38 obs=212 hard=204 obsc=218 yr=  0  nz=0.09 flt=0.02 dmap=+0/-0 shz=3.9 plan=18 cmd=(lx=+0.00,ly=+0.40,rx=+0.00)
  t= 31.2 DWA-F pos=(-2.21,-0.06) yaw=+167.5 d=4.00 goal_err=-38 carrot_err= -27 c0=0.81 clear=0.54 prog=0.28 rel=0.93 bal=-0.54 obs=212 hard=203 obsc=217 yr=  0  nz=0.07 flt=0.02 dmap=+0/-0 shz=4.0 plan=18 cmd=(lx=+0.00,ly=+0.40,rx=+0.00)
  t= 31.7 DWA-F pos=(-2.26,-0.05) yaw=+167.5 d=3.96 goal_err=-39 carrot_err= -29 c0=0.75 clear=0.50 prog=0.28 rel=0.91 bal=-0.54 obs=214 hard=203 obsc=221 yr=  0  nz=0.10 flt=0.00 dmap=+1/-0 shz=4.0 plan=18 cmd=(lx=+0.00,ly=+0.40,rx=+0.00)
  t= 32.1 DWA-F pos=(-2.30,-0.04) yaw=+167.5 d=3.92 goal_err=-39 carrot_err= -30 c0=0.90 clear=0.60 prog=0.28 rel=0.89 bal=-0.54 obs=215 hard=204 obsc=220 yr=  0  nz=0.11 flt=0.00 dmap=+0/-0 shz=4.0 plan=18 cmd=(lx=+0.00,ly=+0.40,rx=+0.45)
  t= 32.6 DWA-F pos=(-2.35,-0.03) yaw=+164.3 d=3.89 goal_err=-36 carrot_err= -28 c0=0.85 clear=0.57 prog=0.28 rel=0.84 bal=-0.61 obs=216 hard=206 obsc=221 yr=  0  nz=0.16 flt=0.02 dmap=+0/-0 shz=4.0 plan=18 cmd=(lx=+0.00,ly=+0.40,rx=+0.00)
  t= 33.0 DWA-F pos=(-2.39,-0.02) yaw=+162.7 d=3.85 goal_err=-35 carrot_err= -28 c0=0.81 clear=0.54 prog=0.28 rel=0.89 bal=-0.54 obs=215 hard=206 obsc=222 yr= 15G nz=0.11 flt=0.11 dmap=+0/-0 shz=3.9 plan=18 cmd=(lx=+0.00,ly=+0.40,rx=+0.00)
  t= 33.4 DWA-F pos=(-2.44,-0.00) yaw=+159.5 d=3.81 goal_err=-33 carrot_err= -26 c0=0.76 clear=0.51 prog=0.29 rel=0.91 bal=-0.53 obs=219 hard=205 obsc=225 yr=  0  nz=0.09 flt=0.06 dmap=+2/-0 shz=4.0 plan=18 cmd=(lx=+0.00,ly=+0.40,rx=+0.00)
  t= 33.9 DWA-F pos=(-2.48,+0.01) yaw=+159.5 d=3.77 goal_err=-33 carrot_err= -28 c0=0.72 clear=0.48 prog=0.29 rel=0.92 bal=-0.49 obs=219 hard=205 obsc=226 yr=  0  nz=0.08 flt=0.01 dmap=+0/-0 shz=3.9 plan=17 cmd=(lx=+0.00,ly=+0.40,rx=+0.00)
  t= 34.3 DWA-F pos=(-2.53,+0.03) yaw=+156.3 d=3.73 goal_err=-30 carrot_err= -26 c0=1.09 clear=0.73 prog=0.30 rel=0.93 bal=-0.49 obs=220 hard=205 obsc=227 yr= 15  nz=0.07 flt=0.14 dmap=+0/-0 shz=4.0 plan=17 cmd=(lx=+0.00,ly=+0.40,rx=+0.00)
  t= 34.7 ENG-F pos=(-2.57,+0.05) yaw=+156.3 d=3.69 goal_err=-30 carrot_err= -26 c0=1.05 clear=0.70 prog=0.30 rel=0.80 bal=-0.37 obs=220 hard=209 obsc=230 yr=  0  nz=0.20 flt=0.02 dmap=+2/-3 shz=3.9 plan=17 cmd=(lx=+0.00,ly=+0.28,rx=+0.00)
  t= 35.2 ENG-F pos=(-2.61,+0.07) yaw=+156.3 d=3.65 goal_err=-31 carrot_err= -27 c0=1.00 clear=0.67 prog=0.30 rel=0.73 bal=-0.37 obs=220 hard=207 obsc=229 yr=  0  nz=0.27 flt=0.02 dmap=+0/-0 shz=4.0 plan=17 cmd=(lx=+0.00,ly=+0.28,rx=+0.00)
  t= 35.6 ENG-F pos=(-2.64,+0.08) yaw=+156.3 d=3.62 goal_err=-31 carrot_err= -28 c0=0.96 clear=0.64 prog=0.29 rel=0.80 bal=-0.37 obs=224 hard=209 obsc=231 yr=  0  nz=0.20 flt=0.01 dmap=+0/-0 shz=3.9 plan=17 cmd=(lx=+0.00,ly=+0.28,rx=+0.00)
  t= 36.0 ENG-F pos=(-2.68,+0.10) yaw=+156.3 d=3.59 goal_err=-31 carrot_err= -30 c0=0.93 clear=0.62 prog=0.28 rel=0.81 bal=-0.37 obs=221 hard=209 obsc=229 yr=  0  nz=0.19 flt=0.03 dmap=+0/-1 shz=4.0 plan=17 cmd=(lx=+0.00,ly=+0.28,rx=+0.00)
  t= 36.4 ENG-F pos=(-2.71,+0.11) yaw=+156.3 d=3.56 goal_err=-32 carrot_err= -21 c0=0.89 clear=0.60 prog=0.27 rel=0.92 bal=-0.36 obs=221 hard=211 obsc=229 yr=  0  nz=0.08 flt=0.00 dmap=+1/-0 shz=4.0 plan=17 cmd=(lx=+0.00,ly=+0.28,rx=+0.00)
  t= 36.9 ENG-F pos=(-2.74,+0.13) yaw=+156.3 d=3.53 goal_err=-32 carrot_err= -22 c0=0.86 clear=0.57 prog=0.24 rel=0.93 bal=-0.36 obs=222 hard=211 obsc=230 yr=  0  nz=0.07 flt=0.02 dmap=+0/-0 shz=4.0 plan=16 cmd=(lx=+0.00,ly=+0.28,rx=+0.00)
  t= 37.3 ENG-F pos=(-2.78,+0.14) yaw=+156.3 d=3.49 goal_err=-32 carrot_err= -23 c0=0.82 clear=0.55 prog=0.25 rel=0.94 bal=-0.30 obs=222 hard=211 obsc=231 yr=  0  nz=0.06 flt=0.02 dmap=+0/-0 shz=4.0 plan=16 cmd=(lx=+0.00,ly=+0.28,rx=+0.00)
  t= 37.7 ENG-F pos=(-2.82,+0.16) yaw=+156.3 d=3.46 goal_err=-33 carrot_err= -24 c0=0.78 clear=0.52 prog=0.25 rel=0.93 bal=-0.30 obs=222 hard=211 obsc=230 yr=  0  nz=0.07 flt=0.01 dmap=+0/-0 shz=4.0 plan=16 cmd=(lx=+0.00,ly=+0.28,rx=+0.00)
  t= 38.1 ENG-F pos=(-2.85,+0.17) yaw=+156.3 d=3.43 goal_err=-33 carrot_err= -25 c0=0.75 clear=0.50 prog=0.25 rel=0.93 bal=-0.31 obs=222 hard=211 obsc=230 yr=  0  nz=0.07 flt=0.01 dmap=+0/-0 shz=4.0 plan=16 cmd=(lx=+0.00,ly=+0.28,rx=+0.00)
  t= 38.6 ENG-F pos=(-2.88,+0.19) yaw=+156.3 d=3.40 goal_err=-33 carrot_err= -26 c0=0.72 clear=0.48 prog=0.25 rel=0.92 bal=-0.31 obs=225 hard=214 obsc=233 yr=  0  nz=0.08 flt=0.01 dmap=+0/-0 shz=4.0 plan=16 cmd=(lx=+0.00,ly=+0.28,rx=+0.00)
  t= 39.0 ENG-T pos=(-2.92,+0.20) yaw=+156.3 d=3.37 goal_err=-34 carrot_err= -27 c0=0.68 clear=0.46 prog=0.25 rel=0.93 bal=-0.32 obs=226 hard=214 obsc=234 yr=  0G nz=0.07 flt=0.03 dmap=+0/-0 shz=4.0 plan=16 cmd=(lx=+0.00,ly=+0.00,rx=+0.45)
  t= 39.4 ENG-F pos=(-2.92,+0.21) yaw=+151.4 d=3.36 goal_err=-29 carrot_err= -23 c0=0.70 clear=0.47 prog=0.20 rel=0.94 bal=-0.19 obs=225 hard=215 obsc=233 yr=  0  nz=0.06 flt=0.00 dmap=+0/-0 shz=4.0 plan=16 cmd=(lx=+0.00,ly=+0.28,rx=+0.00)
  t= 39.8 ENG-F pos=(-2.96,+0.22) yaw=+151.4 d=3.33 goal_err=-29 carrot_err= -24 c0=0.67 clear=0.45 prog=0.20 rel=0.95 bal=-0.20 obs=224 hard=214 obsc=232 yr=  0  nz=0.05 flt=0.01 dmap=+0/-0 shz=4.0 plan=16 cmd=(lx=+0.00,ly=+0.28,rx=+0.00)
  t= 40.3 ENG-F pos=(-2.99,+0.24) yaw=+151.4 d=3.29 goal_err=-30 carrot_err= -25 c0=0.62 clear=0.42 prog=0.22 rel=0.96 bal=-0.20 obs=224 hard=213 obsc=231 yr=  0  nz=0.04 flt=0.01 dmap=+0/-0 shz=4.0 plan=16 cmd=(lx=+0.00,ly=+0.28,rx=+0.00)
  t= 40.7 ENG-F pos=(-3.02,+0.26) yaw=+149.8 d=3.27 goal_err=-28 carrot_err= -25 c0=0.60 clear=0.40 prog=0.21 rel=0.93 bal=-0.24 obs=224 hard=213 obsc=232 yr= 16G nz=0.07 flt=0.00 dmap=+0/-0 shz=4.0 plan=16 cmd=(lx=+0.00,ly=+0.28,rx=+0.00)
  t= 41.1 ENG-F pos=(-3.04,+0.27) yaw=+148.2 d=3.24 goal_err=-27 carrot_err= -24 c0=0.57 clear=0.38 prog=0.21 rel=0.92 bal=-0.24 obs=238 hard=224 obsc=245 yr=  0  nz=0.08 flt=0.00 dmap=+0/-0 shz=4.0 plan=16 cmd=(lx=+0.00,ly=+0.28,rx=+0.00)
  t= 41.5 ENG-T pos=(-3.07,+0.29) yaw=+148.2 d=3.21 goal_err=-27 carrot_err= -25 c0=0.54 clear=0.36 prog=0.24 rel=0.94 bal=-0.25 obs=236 hard=226 obsc=246 yr=  0G nz=0.06 flt=0.02 dmap=+0/-0 shz=4.0 plan=16 cmd=(lx=+0.00,ly=+0.00,rx=+0.45)
  t= 41.9 ENG-F pos=(-3.09,+0.30) yaw=+145.0 d=3.19 goal_err=-24 carrot_err= -23 c0=0.52 clear=0.35 prog=0.21 rel=0.94 bal=-0.21 obs=238 hard=226 obsc=246 yr=  0  nz=0.06 flt=0.12 dmap=+0/-0 shz=4.0 plan=16 cmd=(lx=+0.00,ly=+0.28,rx=+0.00)
  t= 42.4 ENG-T pos=(-3.11,+0.32) yaw=+145.0 d=3.16 goal_err=-24 carrot_err= -19 c0=0.56 clear=0.37 prog=0.19 rel=0.95 bal=-0.20 obs=236 hard=225 obsc=246 yr=  0G nz=0.05 flt=0.01 dmap=+0/-0 shz=4.0 plan=16 cmd=(lx=+0.00,ly=+0.00,rx=+0.45)
  t= 42.8 ENG-F pos=(-3.13,+0.33) yaw=+141.8 d=3.15 goal_err=-21 carrot_err= -17 c0=0.54 clear=0.36 prog=0.19 rel=0.95 bal=+0.42 obs=237 hard=226 obsc=246 yr=  0  nz=0.05 flt=0.02 dmap=+1/-2 shz=4.0 plan=16 cmd=(lx=+0.00,ly=+0.28,rx=+0.00)
  t= 43.2 ENG-T pos=(-3.16,+0.35) yaw=+141.8 d=3.11 goal_err=-21 carrot_err= -17 c0=0.69 clear=0.46 prog=0.20 rel=0.90 bal=+0.44 obs=236 hard=225 obsc=245 yr=  0G nz=0.10 flt=0.01 dmap=+0/-0 shz=4.0 plan=15 cmd=(lx=+0.00,ly=+0.00,rx=+0.45)
  t= 43.6 ENG-F pos=(-3.17,+0.36) yaw=+138.6 d=3.10 goal_err=-18 carrot_err= -14 c0=0.67 clear=0.45 prog=0.20 rel=0.89 bal=+0.44 obs=235 hard=222 obsc=243 yr=  0  nz=0.11 flt=0.00 dmap=+0/-0 shz=4.0 plan=15 cmd=(lx=+0.00,ly=+0.28,rx=+0.00)
  t= 44.1 ENG-F pos=(-3.19,+0.38) yaw=+137.0 d=3.08 goal_err=-17 carrot_err= -13 c0=0.65 clear=0.43 prog=0.18 rel=0.89 bal=+0.45 obs=237 hard=225 obsc=244 yr= 15G nz=0.11 flt=0.13 dmap=+1/-0 shz=3.9 plan=15 cmd=(lx=+0.00,ly=+0.28,rx=+0.00)
  t= 44.5 ENG-F pos=(-3.20,+0.39) yaw=+135.4 d=3.06 goal_err=-15 carrot_err= -12 c0=1.08 clear=0.72 prog=0.19 rel=0.75 bal=+0.46 obs=233 hard=225 obsc=244 yr=  0  nz=0.25 flt=0.02 dmap=+0/-0 shz=4.0 plan=15 cmd=(lx=+0.00,ly=+0.28,rx=+0.00)
  t= 44.9 ENG-F pos=(-3.22,+0.41) yaw=+133.8 d=3.03 goal_err=-14 carrot_err= -11 c0=1.06 clear=0.70 prog=0.17 rel=0.69 bal=+0.47 obs=236 hard=224 obsc=243 yr= 15G nz=0.31 flt=0.00 dmap=+0/-0 shz=3.9 plan=15 cmd=(lx=+0.00,ly=+0.28,rx=+0.00)
  t= 45.3 ENG-T pos=(-3.23,+0.43) yaw=+132.2 d=3.01 goal_err=-12 carrot_err=  -9 c0=1.30 clear=0.87 prog=0.17 rel=0.62 bal=+0.48 obs=239 hard=227 obsc=246 yr=  0  nz=0.38 flt=0.02 dmap=+1/-0 shz=4.0 plan=15 cmd=(lx=+0.00,ly=+0.00,rx=+0.45)
  t= 45.8 ENG-F pos=(-3.24,+0.44) yaw=+127.4 d=3.00 goal_err=-8 carrot_err=  -5 c0=1.39 clear=0.93 prog=0.14 rel=0.65 bal=-0.12 obs=241 hard=226 obsc=252 yr= 15  nz=0.35 flt=0.04 dmap=+2/-1 shz=4.0 plan=15 cmd=(lx=+0.00,ly=+0.28,rx=+0.00)
  t= 46.2 ENG-GO pos=(-3.25,+0.46) yaw=+127.4 d=2.98 goal_err=-8 carrot_err=  -5 c0=1.37 clear=0.91 prog=0.16 rel=0.70 bal=-0.12 obs=241 hard=226 obsc=251 yr=  0  nz=0.30 flt=0.08 dmap=+0/-0 shz=4.0 plan=15 cmd=(lx=+0.00,ly=+0.28,rx=+0.00)
  t= 46.6 ENG-GO pos=(-3.28,+0.48) yaw=+127.4 d=2.94 goal_err=-8 carrot_err=  -5 c0=1.33 clear=0.89 prog=0.17 rel=0.70 bal=+0.52 obs=237 hard=226 obsc=248 yr=  0  nz=0.30 flt=0.02 dmap=+0/-1 shz=4.0 plan=15 cmd=(lx=+0.00,ly=+0.28,rx=+0.00)
  t= 47.1 ENG-GO pos=(-3.30,+0.51) yaw=+127.4 d=2.91 goal_err=-8 carrot_err=  -1 c0=1.30 clear=0.87 prog=0.21 rel=0.70 bal=+0.54 obs=238 hard=226 obsc=250 yr=  0  nz=0.30 flt=0.01 dmap=+1/-1 shz=4.0 plan=15 cmd=(lx=+0.00,ly=+0.28,rx=+0.00)
  t= 47.5 ENG-GO pos=(-3.32,+0.55) yaw=+127.4 d=2.86 goal_err=-8 carrot_err=  -1 c0=1.26 clear=0.84 prog=0.24 rel=0.94 bal=+0.16 obs=240 hard=226 obsc=251 yr=  0  nz=0.06 flt=0.00 dmap=+0/-0 shz=4.0 plan=15 cmd=(lx=+0.00,ly=+0.28,rx=+0.00)
  t= 47.9 ENG-GO pos=(-3.35,+0.58) yaw=+127.4 d=2.83 goal_err=-8 carrot_err=  +1 c0=1.23 clear=0.82 prog=0.27 rel=0.93 bal=+0.16 obs=239 hard=227 obsc=252 yr=  0  nz=0.07 flt=0.01 dmap=+0/-0 shz=4.0 plan=13 cmd=(lx=+0.00,ly=+0.28,rx=+0.00)
  t= 48.3 ENG-GO pos=(-3.37,+0.60) yaw=+127.4 d=2.79 goal_err=-8 carrot_err=  +1 c0=1.19 clear=0.80 prog=0.29 rel=0.93 bal=+0.03 obs=242 hard=229 obsc=252 yr=  0  nz=0.07 flt=0.00 dmap=+1/-0 shz=4.0 plan=13 cmd=(lx=+0.00,ly=+0.28,rx=+0.00)
  t= 48.8 ENG-GO pos=(-3.39,+0.63) yaw=+127.4 d=2.76 goal_err=-8 carrot_err=  +1 c0=1.16 clear=0.77 prog=0.29 rel=0.94 bal=+0.03 obs=243 hard=229 obsc=254 yr=  0  nz=0.06 flt=0.00 dmap=+0/-0 shz=4.0 plan=13 cmd=(lx=+0.00,ly=+0.28,rx=+0.00)
  t= 49.2 ENG-GO pos=(-3.41,+0.66) yaw=+127.4 d=2.72 goal_err=-8 carrot_err=  +1 c0=1.13 clear=0.75 prog=0.29 rel=0.93 bal=+0.03 obs=243 hard=229 obsc=254 yr=  0  nz=0.07 flt=0.00 dmap=+0/-0 shz=4.0 plan=13 cmd=(lx=+0.00,ly=+0.28,rx=+0.00)
  t= 49.6 ENG-GO pos=(-3.43,+0.69) yaw=+127.4 d=2.68 goal_err=-9 carrot_err=  +1 c0=1.09 clear=0.73 prog=0.28 rel=0.94 bal=+0.01 obs=241 hard=228 obsc=252 yr=  0  nz=0.06 flt=0.01 dmap=+0/-1 shz=4.0 plan=13 cmd=(lx=+0.00,ly=+0.28,rx=+0.00)
  t= 50.1 ENG-GO pos=(-3.46,+0.73) yaw=+127.4 d=2.64 goal_err=-9 carrot_err=  +1 c0=1.13 clear=0.75 prog=0.29 rel=0.95 bal=-0.08 obs=238 hard=229 obsc=251 yr=  0  nz=0.05 flt=0.01 dmap=+0/-0 shz=4.0 plan=13 cmd=(lx=+0.00,ly=+0.28,rx=+0.00)
  t= 50.5 ENG-GO pos=(-3.48,+0.75) yaw=+127.4 d=2.60 goal_err=-9 carrot_err=  +1 c0=1.09 clear=0.73 prog=0.29 rel=0.96 bal=+0.04 obs=237 hard=226 obsc=248 yr=  0  nz=0.04 flt=0.02 dmap=+0/-0 shz=4.0 plan=13 cmd=(lx=+0.00,ly=+0.28,rx=+0.00)
  t= 50.9 ENG-GO pos=(-3.50,+0.78) yaw=+127.4 d=2.57 goal_err=-9 carrot_err=  +1 c0=1.06 clear=0.71 prog=0.29 rel=0.96 bal=+0.05 obs=237 hard=224 obsc=248 yr=  0  nz=0.04 flt=0.01 dmap=+1/-1 shz=3.9 plan=12 cmd=(lx=+0.00,ly=+0.28,rx=+0.00)
  t= 51.3 ENG-GO pos=(-3.53,+0.81) yaw=+127.4 d=2.53 goal_err=-9 carrot_err=  +1 c0=1.03 clear=0.68 prog=0.29 rel=0.93 bal=+0.05 obs=238 hard=223 obsc=248 yr=  0  nz=0.07 flt=0.00 dmap=+1/-0 shz=4.0 plan=12 cmd=(lx=+0.00,ly=+0.28,rx=+0.00)
  t= 51.8 ENG-GO pos=(-3.55,+0.84) yaw=+127.4 d=2.50 goal_err=-9 carrot_err=  +1 c0=0.99 clear=0.66 prog=0.28 rel=0.93 bal=+0.05 obs=237 hard=222 obsc=248 yr=  0  nz=0.07 flt=0.00 dmap=+0/-0 shz=3.9 plan=12 cmd=(lx=+0.00,ly=+0.28,rx=+0.00)
  t= 52.2 ENG-GO pos=(-3.58,+0.88) yaw=+127.4 d=2.45 goal_err=-9 carrot_err=  +3 c0=0.95 clear=0.63 prog=0.29 rel=0.93 bal=+0.05 obs=238 hard=224 obsc=248 yr=  0  nz=0.07 flt=0.00 dmap=+0/-0 shz=4.0 plan=12 cmd=(lx=+0.00,ly=+0.28,rx=+0.00)
  t= 52.6 ENG-GO pos=(-3.60,+0.90) yaw=+127.4 d=2.42 goal_err=-9 carrot_err=  +3 c0=0.92 clear=0.61 prog=0.29 rel=0.93 bal=-0.07 obs=235 hard=223 obsc=247 yr=  0  nz=0.07 flt=0.00 dmap=+0/-2 shz=4.0 plan=12 cmd=(lx=+0.00,ly=+0.28,rx=+0.00)
  t= 53.0 ENG-GO pos=(-3.62,+0.93) yaw=+127.4 d=2.38 goal_err=-10 carrot_err=  +4 c0=0.91 clear=0.61 prog=0.29 rel=0.93 bal=-0.07 obs=235 hard=224 obsc=247 yr=  0  nz=0.07 flt=0.01 dmap=+0/-0 shz=4.0 plan=12 cmd=(lx=+0.00,ly=+0.28,rx=+0.00)
  t= 53.5 ENG-GO pos=(-3.64,+0.96) yaw=+127.4 d=2.35 goal_err=-10 carrot_err=  +4 c0=0.88 clear=0.58 prog=0.29 rel=0.94 bal=-0.07 obs=235 hard=222 obsc=245 yr=  0  nz=0.06 flt=0.00 dmap=+0/-0 shz=4.0 plan=12 cmd=(lx=+0.00,ly=+0.28,rx=+0.00)
  t= 53.9 ENG-GO pos=(-3.66,+0.99) yaw=+127.4 d=2.31 goal_err=-10 carrot_err=  +4 c0=0.84 clear=0.56 prog=0.28 rel=0.95 bal=-0.06 obs=235 hard=224 obsc=247 yr=  0  nz=0.05 flt=0.02 dmap=+2/-2 shz=4.0 plan=11 cmd=(lx=+0.00,ly=+0.28,rx=+0.00)
  t= 54.3 ENG-GO pos=(-3.69,+1.03) yaw=+127.4 d=2.27 goal_err=-10 carrot_err=  +4 c0=0.80 clear=0.54 prog=0.29 rel=0.93 bal=+0.04 obs=236 hard=225 obsc=247 yr=  0  nz=0.07 flt=0.00 dmap=+0/-0 shz=4.0 plan=11 cmd=(lx=+0.00,ly=+0.28,rx=+0.00)
  t= 54.7 ENG-GO pos=(-3.71,+1.05) yaw=+127.4 d=2.23 goal_err=-10 carrot_err=  +4 c0=0.99 clear=0.66 prog=0.29 rel=0.88 bal=+0.04 obs=234 hard=224 obsc=246 yr=  0  nz=0.12 flt=0.01 dmap=+0/-0 shz=4.0 plan=11 cmd=(lx=+0.00,ly=+0.28,rx=+0.00)
  t= 55.2 ENG-GO pos=(-3.73,+1.08) yaw=+127.4 d=2.20 goal_err=-10 carrot_err=  +5 c0=0.95 clear=0.64 prog=0.29 rel=0.87 bal=+0.04 obs=233 hard=223 obsc=244 yr=  0  nz=0.13 flt=0.00 dmap=+0/-1 shz=3.9 plan=11 cmd=(lx=+0.00,ly=+0.28,rx=+0.00)
  t= 55.6 ENG-GO pos=(-3.76,+1.11) yaw=+127.4 d=2.16 goal_err=-11 carrot_err=  +6 c0=0.92 clear=0.61 prog=0.29 rel=0.89 bal=+0.03 obs=234 hard=222 obsc=244 yr=  0  nz=0.12 flt=0.02 dmap=+0/-0 shz=4.0 plan=10 cmd=(lx=+0.00,ly=+0.28,rx=+0.00)
  t= 56.0 ENG-GO pos=(-3.78,+1.15) yaw=+127.4 d=2.12 goal_err=-11 carrot_err=  +6 c0=0.88 clear=0.59 prog=0.29 rel=0.93 bal=+0.02 obs=233 hard=221 obsc=243 yr=  0  nz=0.07 flt=0.01 dmap=+0/-0 shz=4.0 plan=10 cmd=(lx=+0.00,ly=+0.28,rx=+0.00)
  t= 56.5 ENG-GO pos=(-3.81,+1.18) yaw=+127.4 d=2.08 goal_err=-11 carrot_err=  +6 c0=0.85 clear=0.56 prog=0.29 rel=0.92 bal=+0.01 obs=234 hard=224 obsc=246 yr=  0  nz=0.08 flt=0.01 dmap=+0/-2 shz=3.9 plan=10 cmd=(lx=+0.00,ly=+0.28,rx=+0.00)
  t= 56.9 ENG-GO pos=(-3.83,+1.20) yaw=+127.4 d=2.05 goal_err=-11 carrot_err=  +7 c0=1.70 clear=1.00 prog=0.29 rel=0.91 bal=-0.02 obs=235 hard=226 obsc=248 yr=  0  nz=0.09 flt=0.01 dmap=+2/-2 shz=4.0 plan=10 cmd=(lx=+0.00,ly=+0.28,rx=+0.00)
  t= 57.3 ENG-GO pos=(-3.85,+1.23) yaw=+127.4 d=2.01 goal_err=-11 carrot_err=  +7 c0=1.66 clear=1.00 prog=0.29 rel=0.43 bal=-0.01 obs=235 hard=225 obsc=247 yr=  0  nz=0.56 flt=0.00 dmap=+0/-0 shz=4.0 plan=10 cmd=(lx=+0.00,ly=+0.28,rx=+0.00)
  t= 57.7 ENG-GO pos=(-3.87,+1.26) yaw=+127.4 d=1.98 goal_err=-12 carrot_err=  +7 c0=1.63 clear=1.00 prog=0.29 rel=0.38 bal=+0.00 obs=233 hard=221 obsc=244 yr=  0  nz=0.62 flt=0.01 dmap=+0/-0 shz=4.0 plan=10 cmd=(lx=+0.00,ly=+0.28,rx=+0.00)
  t= 58.2 ENG-GO pos=(-3.89,+1.29) yaw=+127.4 d=1.94 goal_err=-12 carrot_err=  +7 c0=1.59 clear=1.00 prog=0.28 rel=0.43 bal=-0.00 obs=231 hard=219 obsc=242 yr=  0  nz=0.57 flt=0.01 dmap=+1/-1 shz=4.0 plan=10 cmd=(lx=+0.00,ly=+0.28,rx=+0.00)
  t= 58.6 ENG-GO pos=(-3.91,+1.32) yaw=+127.4 d=1.90 goal_err=-12 carrot_err=  -9 c0=1.56 clear=1.00 prog=0.28 rel=0.93 bal=+0.08 obs=230 hard=218 obsc=241 yr=  0  nz=0.07 flt=0.01 dmap=+0/-0 shz=4.0 plan=10 cmd=(lx=+0.00,ly=+0.28,rx=+0.00)
  t= 59.0 ENG-GO pos=(-3.94,+1.35) yaw=+127.4 d=1.87 goal_err=-12 carrot_err=  -9 c0=1.52 clear=1.00 prog=0.28 rel=0.91 bal=-0.00 obs=229 hard=220 obsc=243 yr=  0  nz=0.09 flt=0.01 dmap=+0/-0 shz=4.0 plan=9 cmd=(lx=+0.00,ly=+0.28,rx=+0.00)
  t= 59.4 ENG-GO pos=(-3.96,+1.38) yaw=+127.4 d=1.83 goal_err=-12 carrot_err=  -9 c0=1.49 clear=0.99 prog=0.28 rel=0.93 bal=-0.00 obs=230 hard=219 obsc=240 yr=  0  nz=0.07 flt=0.00 dmap=+2/-0 shz=4.0 plan=9 cmd=(lx=+0.00,ly=+0.28,rx=+0.00)
  t= 59.9 ENG-GO pos=(-3.98,+1.40) yaw=+127.4 d=1.80 goal_err=-13 carrot_err= -10 c0=1.46 clear=0.97 prog=0.28 rel=0.93 bal=+0.02 obs=232 hard=221 obsc=242 yr=  0  nz=0.07 flt=0.01 dmap=+1/-0 shz=4.0 plan=9 cmd=(lx=+0.00,ly=+0.28,rx=+0.00)
  t= 60.3 ENG-GO pos=(-4.00,+1.43) yaw=+127.4 d=1.76 goal_err=-13 carrot_err= -10 c0=1.42 clear=0.95 prog=0.28 rel=0.93 bal=+0.02 obs=233 hard=223 obsc=243 yr=  0  nz=0.07 flt=0.00 dmap=+1/-0 shz=4.0 plan=9 cmd=(lx=+0.00,ly=+0.28,rx=+0.00)
  t= 60.8 ENG-GO pos=(-4.01,+1.44) yaw=+127.4 d=1.76 goal_err=-13 carrot_err= -10 c0=1.41 clear=0.94 prog=0.22 rel=0.93 bal=+0.02 obs=232 hard=223 obsc=243 yr=  0  nz=0.07 flt=0.00 dmap=+0/-1 shz=3.9 plan=9 cmd=(lx=+0.00,ly=+0.28,rx=+0.00)
  t= 61.2 ENG-GO pos=(-4.02,+1.46) yaw=+127.4 d=1.73 goal_err=-13 carrot_err= -10 c0=1.39 clear=0.93 prog=0.20 rel=0.95 bal=+0.03 obs=233 hard=223 obsc=243 yr=  0  nz=0.05 flt=0.04 dmap=+0/-0 shz=3.9 plan=9 cmd=(lx=+0.00,ly=+0.28,rx=+0.00)
  t= 61.8 ENG-GO pos=(-4.06,+1.50) yaw=+127.4 d=1.68 goal_err=-14 carrot_err= -11 c0=1.34 clear=0.89 prog=0.21 rel=0.95 bal=-0.00 obs=233 hard=222 obsc=243 yr=  0  nz=0.05 flt=0.00 dmap=+2/-2 shz=3.8 plan=9 cmd=(lx=+0.00,ly=+0.28,rx=+0.00)
  t= 62.3 ENG-GO pos=(-4.08,+1.54) yaw=+127.4 d=1.63 goal_err=-14 carrot_err= -12 c0=1.30 clear=0.86 prog=0.24 rel=0.94 bal=-0.65 obs=232 hard=224 obsc=245 yr=  0  nz=0.06 flt=0.03 dmap=+2/-3 shz=3.8 plan=9 cmd=(lx=+0.00,ly=+0.28,rx=+0.00)
  t= 62.8 ENG-GO pos=(-4.11,+1.57) yaw=+127.4 d=1.60 goal_err=-14 carrot_err=  -7 c0=1.26 clear=0.84 prog=0.27 rel=0.93 bal=-0.67 obs=232 hard=221 obsc=242 yr=  0  nz=0.07 flt=0.00 dmap=+0/-0 shz=3.8 plan=9 cmd=(lx=+0.00,ly=+0.28,rx=+0.00)
  t= 63.2 ENG-GO pos=(-4.13,+1.60) yaw=+127.4 d=1.56 goal_err=-15 carrot_err=  -7 c0=1.23 clear=0.82 prog=0.28 rel=0.93 bal=-0.55 obs=232 hard=222 obsc=242 yr=  0  nz=0.07 flt=0.01 dmap=+0/-0 shz=3.8 plan=9 cmd=(lx=+0.00,ly=+0.28,rx=+0.00)
  t= 63.6 ENG-GO pos=(-4.15,+1.63) yaw=+127.4 d=1.53 goal_err=-15 carrot_err=  -7 c0=1.20 clear=0.80 prog=0.28 rel=0.93 bal=-0.57 obs=231 hard=220 obsc=241 yr=  0  nz=0.07 flt=0.00 dmap=+2/-0 shz=3.8 plan=8 cmd=(lx=+0.00,ly=+0.28,rx=+0.00)
  t= 64.0 ENG-GO pos=(-4.17,+1.65) yaw=+127.4 d=1.49 goal_err=-15 carrot_err=  -7 c0=1.16 clear=0.78 prog=0.27 rel=0.93 bal=-0.58 obs=234 hard=223 obsc=245 yr=  0  nz=0.07 flt=0.00 dmap=+3/-0 shz=3.8 plan=8 cmd=(lx=+0.00,ly=+0.28,rx=+0.00)
  t= 64.5 ENG-GO pos=(-4.19,+1.68) yaw=+127.4 d=1.46 goal_err=-16 carrot_err=  -8 c0=1.24 clear=0.82 prog=0.27 rel=0.94 bal=-0.59 obs=233 hard=223 obsc=245 yr=  0  nz=0.06 flt=0.00 dmap=+0/-0 shz=3.8 plan=8 cmd=(lx=+0.00,ly=+0.28,rx=+0.00)
  t= 64.9 ENG-GO pos=(-4.22,+1.71) yaw=+127.4 d=1.42 goal_err=-16 carrot_err= -14 c0=1.20 clear=0.80 prog=0.27 rel=0.93 bal=-0.32 obs=238 hard=228 obsc=249 yr=  0  nz=0.07 flt=0.01 dmap=+0/-0 shz=3.8 plan=7 cmd=(lx=+0.00,ly=+0.28,rx=+0.00)
  t= 65.3 ENG-GO pos=(-4.24,+1.74) yaw=+127.4 d=1.39 goal_err=-17 carrot_err= -14 c0=1.17 clear=0.78 prog=0.27 rel=0.93 bal=-0.22 obs=240 hard=229 obsc=250 yr=  0  nz=0.07 flt=0.00 dmap=+1/-1 shz=3.8 plan=7 cmd=(lx=+0.00,ly=+0.28,rx=+0.00)
  t= 65.8 ENG-GO pos=(-4.26,+1.77) yaw=+127.4 d=1.36 goal_err=-17 carrot_err= -15 c0=1.13 clear=0.76 prog=0.27 rel=0.92 bal=-0.23 obs=236 hard=229 obsc=249 yr=  0  nz=0.08 flt=0.02 dmap=+0/-0 shz=3.8 plan=7 cmd=(lx=+0.00,ly=+0.28,rx=+0.00)
  t= 66.2 ENG-GO pos=(-4.28,+1.80) yaw=+127.4 d=1.32 goal_err=-17 carrot_err= -16 c0=1.10 clear=0.73 prog=0.27 rel=0.92 bal=-0.22 obs=240 hard=231 obsc=252 yr=  0  nz=0.08 flt=0.00 dmap=+0/-0 shz=3.8 plan=7 cmd=(lx=+0.00,ly=+0.28,rx=+0.00)
  t= 66.6 ENG-GO pos=(-4.31,+1.83) yaw=+127.4 d=1.28 goal_err=-18 carrot_err= -17 c0=1.06 clear=0.70 prog=0.28 rel=0.92 bal=-0.23 obs=240 hard=230 obsc=253 yr=  0  nz=0.08 flt=0.01 dmap=+1/-2 shz=3.8 plan=7 cmd=(lx=+0.00,ly=+0.28,rx=+0.00)
  t= 67.1 ENG-GO pos=(-4.33,+1.86) yaw=+127.4 d=1.24 goal_err=-19 carrot_err= -17 c0=1.02 clear=0.68 prog=0.28 rel=0.92 bal=-0.24 obs=239 hard=229 obsc=252 yr=  0  nz=0.08 flt=0.01 dmap=+2/-3 shz=3.8 plan=7 cmd=(lx=+0.00,ly=+0.28,rx=+0.00)
  [META2-DOOR] Door_Direct: CRUZADA (cols=0) -> Pl=1.00
  t= 67.5 DWA-F pos=(-4.35,+1.89) yaw=+127.4 d=1.21 goal_err=-19 carrot_err= -18 c0=0.99 clear=0.66 prog=0.27 rel=0.92 bal=-0.25 obs=239 hard=227 obsc=250 yr=  0  nz=0.08 flt=0.00 dmap=+0/-0 shz=3.8 plan=7 cmd=(lx=+0.00,ly=+0.40,rx=+0.00)
  t= 67.9 DWA-F pos=(-4.38,+1.93) yaw=+127.4 d=1.17 goal_err=-20 carrot_err= -12 c0=0.95 clear=0.63 prog=0.30 rel=0.91 bal=-0.36 obs=238 hard=227 obsc=249 yr=  0  nz=0.09 flt=0.01 dmap=+0/-0 shz=3.8 plan=7 cmd=(lx=+0.00,ly=+0.40,rx=+0.00)
  t= 68.3 DWA-F pos=(-4.41,+1.97) yaw=+127.4 d=1.11 goal_err=-21 carrot_err= -12 c0=0.90 clear=0.60 prog=0.31 rel=0.92 bal=-0.37 obs=240 hard=229 obsc=252 yr=  0  nz=0.08 flt=0.00 dmap=+1/-1 shz=3.8 plan=6 cmd=(lx=+0.00,ly=+0.40,rx=+0.00)
  t= 68.8 DWA-F pos=(-4.44,+2.01) yaw=+127.4 d=1.07 goal_err=-22 carrot_err= -13 c0=1.13 clear=0.75 prog=0.33 rel=0.92 bal=-0.37 obs=242 hard=230 obsc=253 yr=  0  nz=0.08 flt=0.00 dmap=+1/-0 shz=3.8 plan=6 cmd=(lx=+0.00,ly=+0.40,rx=+0.00)
  t= 69.2 DWA-F pos=(-4.47,+2.04) yaw=+127.4 d=1.03 goal_err=-23 carrot_err= -14 c0=1.09 clear=0.72 prog=0.34 rel=0.84 bal=-0.53 obs=243 hard=231 obsc=254 yr=  0  nz=0.16 flt=0.00 dmap=+0/-0 shz=3.8 plan=6 cmd=(lx=+0.00,ly=+0.40,rx=+0.00)
  t= 69.6 DWA-F pos=(-4.49,+2.08) yaw=+127.4 d=0.99 goal_err=-24 carrot_err= -14 c0=1.05 clear=0.70 prog=0.34 rel=0.83 bal=-0.43 obs=241 hard=230 obsc=254 yr=  0  nz=0.17 flt=0.02 dmap=+0/-2 shz=3.8 plan=6 cmd=(lx=+0.00,ly=+0.40,rx=+0.00)
  t= 70.1 DWA-F pos=(-4.53,+2.12) yaw=+127.4 d=0.94 goal_err=-25 carrot_err= -20 c0=0.99 clear=0.66 prog=0.35 rel=0.86 bal=-0.43 obs=240 hard=229 obsc=254 yr=  0  nz=0.14 flt=0.01 dmap=+0/-0 shz=3.8 plan=6 cmd=(lx=+0.00,ly=+0.40,rx=+0.00)
  t= 70.5 DWA-F pos=(-4.56,+2.16) yaw=+127.4 d=0.90 goal_err=-26 carrot_err= -21 c0=0.95 clear=0.64 prog=0.33 rel=0.92 bal=-0.43 obs=243 hard=230 obsc=255 yr=  0  nz=0.08 flt=0.01 dmap=+0/-0 shz=3.8 plan=6 cmd=(lx=+0.00,ly=+0.40,rx=+0.00)
  t= 70.9 DWA-F pos=(-4.58,+2.19) yaw=+127.4 d=0.86 goal_err=-27 carrot_err= -22 c0=1.30 clear=0.86 prog=0.33 rel=0.81 bal=-0.43 obs=242 hard=231 obsc=253 yr=  0  nz=0.20 flt=0.01 dmap=+0/-0 shz=3.7 plan=6 cmd=(lx=+0.00,ly=+0.40,rx=+0.00)
  t= 71.4 DWA-F pos=(-4.61,+2.23) yaw=+127.4 d=0.82 goal_err=-29 carrot_err= -23 c0=1.25 clear=0.84 prog=0.32 rel=0.75 bal=-0.43 obs=242 hard=232 obsc=256 yr=  0  nz=0.25 flt=0.00 dmap=+2/-3 shz=3.8 plan=5 cmd=(lx=+0.00,ly=+0.40,rx=+0.00)
  t= 71.8 DWA-F pos=(-4.64,+2.27) yaw=+127.4 d=0.77 goal_err=-31 carrot_err= -25 c0=1.20 clear=0.80 prog=0.34 rel=0.81 bal=-0.43 obs=243 hard=231 obsc=254 yr=  0  nz=0.19 flt=0.02 dmap=+0/-0 shz=3.8 plan=5 cmd=(lx=+0.00,ly=+0.40,rx=+0.00)
  t= 72.2 DWA-F pos=(-4.67,+2.31) yaw=+127.4 d=0.74 goal_err=-33 carrot_err= -27 c0=1.15 clear=0.77 prog=0.32 rel=0.92 bal=-0.43 obs=244 hard=232 obsc=256 yr=  0  nz=0.08 flt=0.00 dmap=+0/-0 shz=3.8 plan=5 cmd=(lx=+0.00,ly=+0.40,rx=+0.00)
  t= 72.7 DWA-F pos=(-4.70,+2.34) yaw=+127.4 d=0.70 goal_err=-35 carrot_err= -28 c0=1.11 clear=0.74 prog=0.31 rel=0.91 bal=-0.31 obs=242 hard=232 obsc=254 yr=  0  nz=0.09 flt=0.01 dmap=+0/-1 shz=3.8 plan=4 cmd=(lx=+0.00,ly=+0.40,rx=+0.45)
  t= 73.1 DWA-F pos=(-4.73,+2.39) yaw=+121.0 d=0.65 goal_err=-31 carrot_err= -24 c0=1.05 clear=0.70 prog=0.32 rel=0.92 bal=-0.31 obs=260 hard=246 obsc=272 yr= 30  nz=0.08 flt=0.08 dmap=+19/-1 shz=3.8 plan=4 cmd=(lx=+0.00,ly=+0.40,rx=+0.00)
  t= 73.5 DWA-F pos=(-4.75,+2.43) yaw=+121.0 d=0.61 goal_err=-33 carrot_err= -26 c0=1.01 clear=0.67 prog=0.30 rel=0.91 bal=-0.31 obs=260 hard=247 obsc=270 yr=  0  nz=0.09 flt=0.06 dmap=+0/-0 shz=3.8 plan=4 cmd=(lx=+0.00,ly=+0.40,rx=+0.00)
  t= 74.0 DWA-F pos=(-4.77,+2.46) yaw=+119.4 d=0.58 goal_err=-34 carrot_err= -27 c0=0.97 clear=0.64 prog=0.30 rel=0.91 bal=-0.31 obs=260 hard=247 obsc=270 yr= 15G nz=0.09 flt=0.00 dmap=+0/-0 shz=3.8 plan=4 cmd=(lx=+0.00,ly=+0.40,rx=+0.45)
  t= 74.4 DWA-F pos=(-4.79,+2.50) yaw=+116.1 d=0.54 goal_err=-33 carrot_err= -26 c0=0.92 clear=0.61 prog=0.30 rel=0.91 bal=-0.31 obs=258 hard=246 obsc=268 yr=  0  nz=0.09 flt=0.02 dmap=+1/-1 shz=3.8 plan=4 cmd=(lx=+0.00,ly=+0.40,rx=+0.45)
  t= 74.8 DWA-F pos=(-4.81,+2.54) yaw=+111.3 d=0.50 goal_err=-31 carrot_err= -23 c0=0.88 clear=0.59 prog=0.30 rel=0.92 bal=-0.31 obs=258 hard=246 obsc=268 yr= 15  nz=0.08 flt=0.01 dmap=+0/-0 shz=3.8 plan=4 cmd=(lx=+0.00,ly=+0.40,rx=+0.00)
  t= 75.3 DWA-T pos=(-4.83,+2.59) yaw=+108.1 d=0.46 goal_err=-31 carrot_err= -22 c0=0.83 clear=0.56 prog=0.30 rel=0.93 bal=-0.30 obs=257 hard=246 obsc=267 yr= 15G nz=0.07 flt=0.03 dmap=+0/-0 shz=3.8 plan=4 cmd=(lx=+0.00,ly=+0.00,rx=+0.00)
  t= 75.7 DWA-T pos=(-4.83,+2.60) yaw=+106.5 d=0.45 goal_err=-30 carrot_err= -21 c0=0.98 clear=0.65 prog=0.25 rel=0.92 bal=-0.30 obs=258 hard=246 obsc=269 yr=  0  nz=0.08 flt=0.04 dmap=+0/-0 shz=3.8 plan=3 cmd=(lx=+0.00,ly=+0.00,rx=+0.00)
  t= 76.1 DWA-T pos=(-4.83,+2.60) yaw=+106.5 d=0.45 goal_err=-30 carrot_err= -21 c0=0.98 clear=0.65 prog=0.19 rel=0.91 bal=-0.30 obs=258 hard=246 obsc=269 yr=  0  nz=0.09 flt=0.04 dmap=+0/-0 shz=3.8 plan=3 cmd=(lx=+0.00,ly=+0.00,rx=+0.00)
  t= 76.6 DWA-T pos=(-4.83,+2.60) yaw=+106.5 d=0.45 goal_err=-30 carrot_err= -21 c0=0.98 clear=0.65 prog=0.12 rel=0.91 bal=-0.30 obs=258 hard=246 obsc=269 yr=  0  nz=0.09 flt=0.04 dmap=+0/-0 shz=3.8 plan=0 cmd=(lx=+0.00,ly=+0.00,rx=+0.00)
  t= 77.0 BRK-BK pos=(-4.83,+2.58) yaw=+106.5 d=0.47 goal_err=-28 carrot_err= -20 c0=1.00 clear=0.67 prog=0.01 rel=0.99 bal=-0.31 obs=256 hard=247 obsc=270 yr=  0  nz=0.01 flt=0.00 dmap=+0/-0 shz=3.6 plan=0 cmd=(lx=+0.00,ly=-0.35,rx=+0.00)
  t= 77.4 BRK-TR pos=(-4.82,+2.55) yaw=+103.3 d=0.50 goal_err=-24 carrot_err= -16 c0=1.03 clear=0.69 prog=0.00 rel=0.96 bal=-0.31 obs=256 hard=247 obsc=270 yr= 15G nz=0.04 flt=0.14 dmap=+0/-0 shz=3.5 plan=0 cmd=(lx=+0.00,ly=+0.00,rx=+0.45)
  t= 77.8 BRK-TR pos=(-4.82,+2.55) yaw= +96.9 d=0.50 goal_err=-17 carrot_err=  -9 c0=1.20 clear=0.80 prog=0.00 rel=0.95 bal=-0.31 obs=256 hard=247 obsc=270 yr= 15G nz=0.05 flt=0.00 dmap=+0/-0 shz=3.6 plan=0 cmd=(lx=+0.00,ly=+0.00,rx=+0.45)
  t= 78.3 BRK-TR pos=(-4.82,+2.55) yaw= +90.5 d=0.50 goal_err=-11 carrot_err=  -3 c0=1.13 clear=0.75 prog=0.00 rel=0.87 bal=-0.31 obs=256 hard=247 obsc=270 yr= 15G nz=0.13 flt=0.01 dmap=+0/-0 shz=3.6 plan=0 cmd=(lx=+0.00,ly=+0.00,rx=+0.45)
  t= 78.7 BRK-TR pos=(-4.82,+2.55) yaw= +84.1 d=0.50 goal_err=-4 carrot_err=  +3 c0=1.13 clear=0.75 prog=0.00 rel=0.88 bal=-0.21 obs=256 hard=247 obsc=270 yr= 15G nz=0.12 flt=0.01 dmap=+0/-0 shz=3.6 plan=0 cmd=(lx=+0.00,ly=+0.00,rx=+0.45)
  t= 79.1 BRK-TR pos=(-4.82,+2.55) yaw= +76.5 d=0.50 goal_err=+3 carrot_err= +11 c0=1.05 clear=0.70 prog=0.00 rel=0.90 bal=-0.23 obs=256 hard=247 obsc=270 yr= 14G nz=0.10 flt=0.00 dmap=+0/-0 shz=3.7 plan=0 cmd=(lx=+0.00,ly=+0.00,rx=+0.45)
  t= 79.5 DWA-F pos=(-4.82,+2.55) yaw= +70.5 d=0.50 goal_err=+9 carrot_err= +17 c0=1.05 clear=0.70 prog=0.00 rel=0.92 bal=-0.23 obs=257 hard=248 obsc=271 yr= 14G nz=0.08 flt=0.00 dmap=+0/-0 shz=3.7 plan=3 cmd=(lx=+0.00,ly=+0.40,rx=+0.00)
  t= 80.0 DWA-F pos=(-4.81,+2.57) yaw= +69.1 d=0.48 goal_err=+11 carrot_err= +19 c0=1.03 clear=0.69 prog=0.04 rel=0.94 bal=-0.23 obs=250 hard=241 obsc=258 yr=  0  nz=0.06 flt=0.01 dmap=+0/-1 shz=3.7 plan=3 cmd=(lx=+0.00,ly=+0.40,rx=+0.00)
  t= 80.4 DWA-T pos=(-4.80,+2.59) yaw= +69.1 d=0.45 goal_err=+11 carrot_err= +20 c0=1.01 clear=0.67 prog=0.07 rel=0.93 bal=-0.24 obs=245 hard=237 obsc=253 yr=  0  nz=0.07 flt=0.03 dmap=+1/-0 shz=3.8 plan=3 cmd=(lx=+0.00,ly=+0.00,rx=+0.00)
  t= 80.8 DWA-T pos=(-4.80,+2.59) yaw= +69.1 d=0.45 goal_err=+11 carrot_err= +20 c0=1.01 clear=0.67 prog=0.07 rel=0.97 bal=-0.24 obs=245 hard=237 obsc=253 yr=  0  nz=0.03 flt=0.03 dmap=+0/-0 shz=3.8 plan=3 cmd=(lx=+0.00,ly=+0.00,rx=+0.00)
  t= 81.3 DWA-T pos=(-4.80,+2.59) yaw= +69.1 d=0.45 goal_err=+11 carrot_err= +20 c0=1.01 clear=0.67 prog=0.07 rel=0.97 bal=-0.24 obs=245 hard=237 obsc=253 yr=  0  nz=0.03 flt=0.03 dmap=+0/-0 shz=3.8 plan=3 cmd=(lx=+0.00,ly=+0.00,rx=+0.00)
  t= 81.7 BRK-BK pos=(-4.80,+2.59) yaw= +69.1 d=0.45 goal_err=+11 carrot_err= +20 c0=1.01 clear=0.67 prog=0.06 rel=0.97 bal=-0.24 obs=245 hard=237 obsc=253 yr=  0  nz=0.03 flt=0.03 dmap=+0/-0 shz=3.8 plan=0 cmd=(lx=+0.00,ly=-0.35,rx=+0.00)
  t= 82.1 BRK-TR pos=(-4.82,+2.56) yaw= +69.1 d=0.49 goal_err=+11 carrot_err= +19 c0=1.05 clear=0.70 prog=0.00 rel=1.00 bal=-0.23 obs=244 hard=237 obsc=253 yr=  0G nz=0.00 flt=0.00 dmap=+0/-0 shz=3.5 plan=0 cmd=(lx=+0.00,ly=+0.00,rx=+0.45)
  t= 82.6 BRK-TR pos=(-4.82,+2.56) yaw= +63.1 d=0.49 goal_err=+17 carrot_err= +25 c0=1.05 clear=0.70 prog=0.00 rel=0.97 bal=-0.14 obs=244 hard=237 obsc=253 yr= 14G nz=0.03 flt=0.04 dmap=+0/-0 shz=3.5 plan=0 cmd=(lx=+0.00,ly=+0.00,rx=+0.45)
  t= 83.0 BRK-TR pos=(-4.82,+2.56) yaw= +55.6 d=0.49 goal_err=+24 carrot_err= +32 c0=1.05 clear=0.70 prog=0.00 rel=0.98 bal=-0.14 obs=244 hard=237 obsc=253 yr= 14G nz=0.02 flt=0.08 dmap=+0/-0 shz=3.5 plan=0 cmd=(lx=+0.00,ly=+0.00,rx=+0.45)
  t= 83.4 BRK-TR pos=(-4.82,+2.56) yaw= +49.7 d=0.49 goal_err=+30 carrot_err= +38 c0=1.05 clear=0.70 prog=0.00 rel=0.97 bal=-0.08 obs=245 hard=238 obsc=253 yr= 14G nz=0.03 flt=0.09 dmap=+0/-0 shz=3.5 plan=0 cmd=(lx=+0.00,ly=+0.00,rx=+0.45)
  t= 83.8 BRK-TR pos=(-4.82,+2.56) yaw= +43.7 d=0.49 goal_err=+36 carrot_err= +44 c0=1.05 clear=0.70 prog=0.00 rel=0.99 bal=+0.02 obs=245 hard=238 obsc=253 yr= 14G nz=0.01 flt=0.00 dmap=+0/-0 shz=3.5 plan=0 cmd=(lx=+0.00,ly=+0.00,rx=+0.45)
  t= 84.3 BRK-TR pos=(-4.82,+2.56) yaw= +37.8 d=0.49 goal_err=+42 carrot_err= +50 c0=1.05 clear=0.70 prog=0.00 rel=0.99 bal=+0.08 obs=245 hard=238 obsc=253 yr= 14G nz=0.01 flt=0.12 dmap=+0/-0 shz=3.5 plan=0 cmd=(lx=+0.00,ly=+0.00,rx=+0.45)
  t= 84.7 DWA-F pos=(-4.81,+2.56) yaw= +33.3 d=0.49 goal_err=+47 carrot_err= +55 c0=1.04 clear=0.69 prog=0.01 rel=1.00 bal=+0.08 obs=245 hard=238 obsc=253 yr= 14G nz=0.00 flt=0.12 dmap=+0/-0 shz=3.5 plan=3 cmd=(lx=+0.00,ly=+0.28,rx=-0.45)
  t= 85.1 DWA-F pos=(-4.79,+2.58) yaw= +39.3 d=0.47 goal_err=+43 carrot_err= +52 c0=1.01 clear=0.68 prog=0.04 rel=0.94 bal=+0.08 obs=246 hard=239 obsc=254 yr= 14G nz=0.04 flt=0.18 dmap=+0/-0 shz=3.5 plan=3 cmd=(lx=+0.00,ly=+0.28,rx=-0.45)
  t= 85.6 DWA-F pos=(-4.77,+2.59) yaw= +45.2 d=0.45 goal_err=+40 carrot_err= +49 c0=0.99 clear=0.66 prog=0.08 rel=0.94 bal=+0.03 obs=247 hard=240 obsc=255 yr= 14G nz=0.06 flt=0.07 dmap=+0/-0 shz=3.5 plan=3 cmd=(lx=+0.00,ly=+0.28,rx=-0.45)
  t= 86.0 DWA-F pos=(-4.75,+2.62) yaw= +51.2 d=0.42 goal_err=+36 carrot_err= +46 c0=0.96 clear=0.64 prog=0.11 rel=0.94 bal=+0.03 obs=248 hard=241 obsc=256 yr= 14G nz=0.07 flt=0.01 dmap=+0/-0 shz=3.5 plan=3 cmd=(lx=+0.00,ly=+0.28,rx=-0.45)
  t= 86.4 DWA-F pos=(-4.73,+2.64) yaw= +58.6 d=0.40 goal_err=+32 carrot_err= +43 c0=0.92 clear=0.61 prog=0.16 rel=0.92 bal=-0.06 obs=248 hard=241 obsc=256 yr= 14G nz=0.07 flt=0.18 dmap=+0/-0 shz=3.5 plan=3 cmd=(lx=+0.00,ly=+0.28,rx=-0.45)
  t= 86.9 DWA-F pos=(-4.72,+2.67) yaw= +64.6 d=0.37 goal_err=+28 carrot_err= +40 c0=0.89 clear=0.60 prog=0.18 rel=0.91 bal=-0.06 obs=248 hard=241 obsc=256 yr= 13G nz=0.09 flt=0.00 dmap=+0/-0 shz=3.5 plan=3 cmd=(lx=+0.00,ly=+0.28,rx=-0.45)

  >>> MODO AGRESIVO ON (12s sin acercarse a B): reduzco inflado y holgura (min seguridad 0.24m) para cruzar la puerta.
  t= 87.3 AGR-DWA-T pos=(-4.71,+2.68) yaw= +67.6 d=0.36 goal_err=+26 carrot_err= +38 c0=0.88 clear=0.59 prog=0.17 rel=0.91 bal=-0.06 obs=238 hard=229 obsc=248 yr=  0  nz=0.09 flt=0.02 dmap=+0/-0 shz=3.5 plan=3 cmd=(lx=+0.00,ly=+0.00,rx=+0.00)
  t= 87.7 AGR-DWA-T pos=(-4.71,+2.68) yaw= +67.6 d=0.36 goal_err=+26 carrot_err= +38 c0=0.88 clear=0.59 prog=0.13 rel=0.91 bal=-0.06 obs=238 hard=229 obsc=248 yr=  0  nz=0.09 flt=0.02 dmap=+0/-0 shz=3.5 plan=3 cmd=(lx=+0.00,ly=+0.00,rx=+0.00)
  t= 88.2 AGR-DWA-T pos=(-4.71,+2.68) yaw= +67.6 d=0.36 goal_err=+26 carrot_err= +38 c0=0.88 clear=0.59 prog=0.08 rel=0.91 bal=-0.06 obs=238 hard=229 obsc=248 yr=  0  nz=0.09 flt=0.02 dmap=+0/-0 shz=3.5 plan=3 cmd=(lx=+0.00,ly=+0.00,rx=+0.00)
  t= 88.6 AGR-BRK-BK pos=(-4.71,+2.67) yaw= +67.6 d=0.37 goal_err=+25 carrot_err= +37 c0=0.89 clear=0.60 prog=0.02 rel=0.99 bal=-0.06 obs=235 hard=228 obsc=244 yr=  0  nz=0.01 flt=0.00 dmap=+0/-0 shz=3.3 plan=0 cmd=(lx=+0.00,ly=-0.35,rx=+0.00)
  t= 89.0 AGR-BRK-TR pos=(-4.73,+2.63) yaw= +66.1 d=0.41 goal_err=+24 carrot_err= +35 c0=0.93 clear=0.62 prog=0.00 rel=0.96 bal=-0.05 obs=237 hard=229 obsc=245 yr= 14G nz=0.04 flt=0.05 dmap=+0/-0 shz=3.3 plan=0 cmd=(lx=+0.00,ly=+0.00,rx=+0.45)
  t= 89.4 AGR-BRK-TR pos=(-4.73,+2.63) yaw= +58.6 d=0.41 goal_err=+32 carrot_err= +42 c0=0.93 clear=0.62 prog=0.00 rel=0.96 bal=-0.05 obs=237 hard=229 obsc=245 yr= 14G nz=0.04 flt=0.00 dmap=+0/-0 shz=3.3 plan=0 cmd=(lx=+0.00,ly=+0.00,rx=+0.45)
  t= 89.9 AGR-BRK-TR pos=(-4.73,+2.63) yaw= +52.7 d=0.41 goal_err=+38 carrot_err= +48 c0=0.93 clear=0.62 prog=0.00 rel=0.96 bal=+0.04 obs=237 hard=229 obsc=245 yr= 14G nz=0.04 flt=0.00 dmap=+0/-0 shz=3.3 plan=0 cmd=(lx=+0.00,ly=+0.00,rx=+0.45)
  t= 90.3 AGR-BRK-TR pos=(-4.73,+2.63) yaw= +46.7 d=0.41 goal_err=+43 carrot_err= +54 c0=0.93 clear=0.62 prog=0.00 rel=0.96 bal=+0.04 obs=237 hard=229 obsc=245 yr= 14G nz=0.04 flt=0.05 dmap=+0/-0 shz=3.3 plan=0 cmd=(lx=+0.00,ly=+0.00,rx=+0.45)
  t= 90.7 AGR-BRK-TR pos=(-4.73,+2.63) yaw= +40.7 d=0.41 goal_err=+49 carrot_err= +60 c0=0.93 clear=0.62 prog=0.00 rel=0.97 bal=+0.08 obs=237 hard=229 obsc=245 yr= 14G nz=0.03 flt=0.00 dmap=+0/-0 shz=3.3 plan=0 cmd=(lx=+0.00,ly=+0.00,rx=+0.45)
  t= 91.2 AGR-BRK-TR pos=(-4.73,+2.63) yaw= +34.8 d=0.41 goal_err=+55 carrot_err= +66 c0=0.93 clear=0.62 prog=0.00 rel=0.98 bal=+0.04 obs=237 hard=229 obsc=245 yr= 14G nz=0.02 flt=0.04 dmap=+0/-0 shz=3.3 plan=0 cmd=(lx=+0.00,ly=+0.00,rx=+0.45)
  t= 91.6 AGR-DWA-F pos=(-4.72,+2.64) yaw= +33.3 d=0.40 goal_err=+59 carrot_err= +70 c0=0.92 clear=0.61 prog=0.01 rel=0.97 bal=+0.04 obs=237 hard=229 obsc=245 yr= 14G nz=0.03 flt=0.01 dmap=+0/-0 shz=3.3 plan=3 cmd=(lx=+0.00,ly=+0.28,rx=-0.45)
  t= 92.0 AGR-DWA-F pos=(-4.69,+2.66) yaw= +39.3 d=0.38 goal_err=+56 carrot_err= +68 c0=0.89 clear=0.59 prog=0.04 rel=0.97 bal=+0.09 obs=237 hard=229 obsc=245 yr= 14G nz=0.03 flt=0.01 dmap=+0/-0 shz=3.3 plan=3 cmd=(lx=+0.00,ly=+0.28,rx=-0.45)
  t= 92.4 AGR-DWA-F pos=(-4.67,+2.68) yaw= +45.2 d=0.37 goal_err=+54 carrot_err= +66 c0=0.86 clear=0.58 prog=0.07 rel=0.95 bal=+0.10 obs=238 hard=230 obsc=246 yr= 14G nz=0.05 flt=0.00 dmap=+0/-0 shz=3.3 plan=3 cmd=(lx=+0.00,ly=+0.28,rx=-0.45)
  t= 92.9 AGR-DWA-F pos=(-4.65,+2.70) yaw= +51.2 d=0.35 goal_err=+51 carrot_err= +65 c0=0.84 clear=0.56 prog=0.09 rel=0.93 bal=+0.10 obs=240 hard=232 obsc=248 yr= 14G nz=0.07 flt=0.02 dmap=+0/-0 shz=3.3 plan=3 cmd=(lx=+0.00,ly=+0.28,rx=-0.45)

  LLEGADO a 'B' (-4.73,+3.04); error=0.35 m, colisiones=0.
  [spill] derrames=0 E[N]=0.00 eta_max=0.81 riesgo=0.8%
  [dataset] travesia guardada -> /Users/adrianlendinezibanez/Claude/Projects/G1 ROBOT/dataset/20260708_133112_ours_B.json
  [stats] fila anadida -> /Users/adrianlendinezibanez/Claude/Projects/G1 ROBOT/dataset/runs_stats.csv

Fin goto.
  [META2-L2] estado guardado (meta2_state_abfull.json): Pl={'Efficient_Nav': 1.0, 'Cautious_Nav': 1.0} derrames_run=0
  backend grafico: TkAgg
>>> SIM ADAPTER: conectando a rosbridge ws://localhost:8765 ...
  esperando /odom (hasta 30s; el mundo del lab tarda en cargar)... ok
  /odom OK pose=(+0.99,+0.57) | /scan: OK
  escenario LAB: mapa/waypoints/puerta REALES (lab.world solo-paredes, frame G1)

>>> GOTO 'B' -> (-4.73,+3.04). Mando en mano (L2+B). Ctrl+C aborta.
    ENTORNO: SIM (id: lab_v1_ab_full)  — esta run se registra como SIMULACION, no cuenta como run de robot
  Esperando pose localizada y primera nube... ok.
  FRAME-CHECK start=(+0.99,+0.57) wp_mas_cercano=A(+0.99,+0.57) offset=0.00m  -> frame OK (pose y waypoints alineados)
  [spill] payload de agua simulado (semilla=20260708_133816_ours_B.json)
  [META2-DOOR] variante de engagement: Door_Direct (Pl={Door_Direct:1.00, Door_Far:1.00, Door_BiasPlus:1.00})
  META2 ACTIVO (techo por analogia): Meta-Reasoner 2.0, analogia inicial Cautious_Nav

  !!!!!!!!!!!!!!!!!!!!!!!!!!!!!!!!!!!!!!!!!!!!!!!!!!!!!!!!!!!!!!!!!!!!!!!!!!
  !!  VISION OFF (G1_PERC sin definir) pero G1_NOVIS=1: navego SIN vision bajo tu responsabilidad.
  !!  La MESA invisible al LiDAR no se vera.
  !!!!!!!!!!!!!!!!!!!!!!!!!!!!!!!!!!!!!!!!!!!!!!!!!!!!!!!!!!!!!!!!!!!!!!!!!!

  mapa de referencia: 961 celdas | muebles estaticos (nav_map): 0 celdas | plan global: static
  t=  0.0 DWA-F pos=(+0.99,+0.57) yaw=-120.3 d=6.23 goal_err=-83 carrot_err= -62 c0=2.25 clear=1.00 prog=0.00 rel=1.00 bal=+0.19 obs=108 hard=108 obsc=108 yr=  0  nz=0.00 flt=0.19 dmap=+108/-0 shz=0.0 plan=34 cmd=(lx=+0.00,ly=+0.40,rx=+0.45)
  t=  0.4 DWA-F pos=(+0.97,+0.53) yaw=-125.1 d=6.22 goal_err=-79 carrot_err= -60 c0=2.21 clear=1.00 prog=0.05 rel=0.96 bal=+0.28 obs=111 hard=111 obsc=111 yr= 15G nz=0.04 flt=0.10 dmap=+0/-0 shz=3.1 plan=34 cmd=(lx=+0.00,ly=+0.40,rx=+0.45)
  t=  0.9 DWA-F pos=(+0.93,+0.48) yaw=-131.6 d=6.21 goal_err=-73 carrot_err= -57 c0=2.21 clear=1.00 prog=0.08 rel=0.95 bal=+0.40 obs=111 hard=111 obsc=111 yr= 15G nz=0.05 flt=0.12 dmap=+0/-0 shz=3.5 plan=34 cmd=(lx=+0.00,ly=+0.40,rx=+0.45)
  t=  1.3 DWA-F pos=(+0.89,+0.44) yaw=-138.0 d=6.19 goal_err=-67 carrot_err= -39 c0=2.23 clear=1.00 prog=0.10 rel=0.95 bal=+0.41 obs=111 hard=111 obsc=111 yr= 15G nz=0.05 flt=0.01 dmap=+0/-0 shz=3.9 plan=34 cmd=(lx=+0.00,ly=+0.40,rx=+0.45)
  t=  1.7 DWA-F pos=(+0.83,+0.39) yaw=-146.0 d=6.16 goal_err=-59 carrot_err= -34 c0=2.50 clear=1.00 prog=0.14 rel=0.82 bal=+0.42 obs=111 hard=111 obsc=111 yr= 15  nz=0.17 flt=0.23 dmap=+0/-0 shz=3.7 plan=33 cmd=(lx=+0.00,ly=+0.40,rx=+0.00)
  t=  2.2 DWA-F pos=(+0.78,+0.36) yaw=-146.0 d=6.13 goal_err=-60 carrot_err= -37 c0=2.50 clear=1.00 prog=0.17 rel=0.78 bal=+0.42 obs=142 hard=129 obsc=152 yr=  0G nz=0.22 flt=0.04 dmap=+0/-0 shz=3.9 plan=33 cmd=(lx=+0.00,ly=+0.40,rx=+0.45)
  t=  2.6 DWA-F pos=(+0.74,+0.34) yaw=-150.8 d=6.10 goal_err=-55 carrot_err= -34 c0=2.50 clear=1.00 prog=0.20 rel=0.80 bal=+0.43 obs=146 hard=131 obsc=159 yr=  0  nz=0.20 flt=0.01 dmap=+4/-0 shz=3.9 plan=33 cmd=(lx=+0.00,ly=+0.40,rx=+0.00)
  t=  3.0 DWA-F pos=(+0.71,+0.32) yaw=-150.8 d=6.08 goal_err=-56 carrot_err= -36 c0=2.50 clear=1.00 prog=0.20 rel=0.99 bal=+0.43 obs=154 hard=134 obsc=163 yr=  0  nz=0.01 flt=0.01 dmap=+0/-0 shz=3.9 plan=33 cmd=(lx=+0.00,ly=+0.40,rx=+0.45)
  t=  3.5 DWA-F pos=(+0.66,+0.29) yaw=-152.4 d=6.05 goal_err=-55 carrot_err= -35 c0=2.50 clear=1.00 prog=0.22 rel=0.99 bal=+0.44 obs=153 hard=134 obsc=163 yr=  0  nz=0.01 flt=0.01 dmap=+0/-0 shz=3.9 plan=33 cmd=(lx=+0.00,ly=+0.40,rx=+0.00)
  t=  3.9 DWA-F pos=(+0.62,+0.27) yaw=-152.4 d=6.02 goal_err=-55 carrot_err= -36 c0=2.50 clear=1.00 prog=0.20 rel=0.99 bal=+0.36 obs=154 hard=147 obsc=161 yr=  0  nz=0.01 flt=0.00 dmap=+0/-0 shz=3.9 plan=33 cmd=(lx=+0.00,ly=+0.40,rx=+0.00)
  t=  4.3 DWA-F pos=(+0.58,+0.25) yaw=-155.6 d=6.00 goal_err=-52 carrot_err= -35 c0=2.50 clear=1.00 prog=0.20 rel=0.99 bal=+0.37 obs=156 hard=154 obsc=165 yr= 15  nz=0.01 flt=0.00 dmap=+3/-1 shz=3.9 plan=33 cmd=(lx=+0.00,ly=+0.40,rx=+0.00)
  t=  4.8 DWA-F pos=(+0.54,+0.23) yaw=-155.6 d=5.97 goal_err=-52 carrot_err= -22 c0=2.50 clear=1.00 prog=0.21 rel=0.99 bal=+0.38 obs=160 hard=158 obsc=167 yr=  0  nz=0.01 flt=0.00 dmap=+0/-0 shz=3.9 plan=32 cmd=(lx=+0.00,ly=+0.40,rx=+0.00)
  t=  5.2 DWA-F pos=(+0.49,+0.21) yaw=-155.6 d=5.94 goal_err=-53 carrot_err= -24 c0=2.50 clear=1.00 prog=0.22 rel=0.99 bal=+0.39 obs=160 hard=158 obsc=167 yr=  0  nz=0.01 flt=0.00 dmap=+0/-0 shz=3.9 plan=32 cmd=(lx=+0.00,ly=+0.40,rx=+0.00)
  t=  5.6 DWA-F pos=(+0.45,+0.19) yaw=-155.6 d=5.91 goal_err=-53 carrot_err= -25 c0=2.50 clear=1.00 prog=0.22 rel=0.99 bal=+0.41 obs=162 hard=160 obsc=169 yr=  0  nz=0.01 flt=0.02 dmap=+1/-0 shz=3.9 plan=32 cmd=(lx=+0.00,ly=+0.40,rx=+0.00)
  t=  6.0 DWA-F pos=(+0.41,+0.17) yaw=-155.6 d=5.89 goal_err=-54 carrot_err= -26 c0=2.50 clear=1.00 prog=0.22 rel=0.99 bal=+0.42 obs=163 hard=160 obsc=171 yr=  0  nz=0.01 flt=0.00 dmap=+1/-0 shz=4.0 plan=31 cmd=(lx=+0.00,ly=+0.40,rx=+0.00)
  t=  6.5 DWA-F pos=(+0.37,+0.16) yaw=-155.6 d=5.86 goal_err=-54 carrot_err= -28 c0=2.50 clear=1.00 prog=0.22 rel=0.99 bal=+0.43 obs=164 hard=160 obsc=171 yr=  0  nz=0.01 flt=0.00 dmap=+0/-0 shz=3.9 plan=31 cmd=(lx=+0.00,ly=+0.40,rx=+0.00)
  t=  6.9 DWA-F pos=(+0.33,+0.14) yaw=-155.6 d=5.83 goal_err=-54 carrot_err= -29 c0=2.50 clear=1.00 prog=0.21 rel=0.98 bal=+0.43 obs=165 hard=161 obsc=172 yr=  0  nz=0.02 flt=0.00 dmap=+0/-0 shz=4.0 plan=31 cmd=(lx=+0.00,ly=+0.40,rx=+0.00)
  t=  7.3 DWA-F pos=(+0.28,+0.11) yaw=-155.6 d=5.80 goal_err=-55 carrot_err= -17 c0=2.50 clear=1.00 prog=0.21 rel=0.98 bal=+0.44 obs=164 hard=162 obsc=171 yr=  0  nz=0.02 flt=0.00 dmap=+0/-0 shz=4.0 plan=31 cmd=(lx=+0.00,ly=+0.40,rx=+0.00)
  t=  7.8 DWA-F pos=(+0.24,+0.10) yaw=-155.6 d=5.77 goal_err=-55 carrot_err= -18 c0=2.50 clear=1.00 prog=0.21 rel=0.98 bal=+0.45 obs=164 hard=162 obsc=171 yr=  0  nz=0.02 flt=0.00 dmap=+0/-0 shz=4.0 plan=30 cmd=(lx=+0.00,ly=+0.40,rx=+0.00)
  t=  8.2 DWA-F pos=(+0.20,+0.08) yaw=-155.6 d=5.75 goal_err=-55 carrot_err= -19 c0=2.50 clear=1.00 prog=0.21 rel=0.98 bal=+0.37 obs=165 hard=163 obsc=172 yr=  0  nz=0.02 flt=0.00 dmap=+0/-0 shz=4.0 plan=30 cmd=(lx=+0.00,ly=+0.40,rx=+0.00)
  t=  8.6 DWA-F pos=(+0.15,+0.05) yaw=-155.6 d=5.72 goal_err=-56 carrot_err= -20 c0=2.49 clear=1.00 prog=0.22 rel=0.99 bal=+0.38 obs=167 hard=164 obsc=173 yr=  0  nz=0.01 flt=0.00 dmap=+1/-0 shz=3.9 plan=30 cmd=(lx=+0.00,ly=+0.40,rx=+0.00)
  t=  9.1 DWA-F pos=(+0.11,+0.04) yaw=-155.6 d=5.69 goal_err=-56 carrot_err= -21 c0=2.44 clear=1.00 prog=0.20 rel=0.97 bal=+0.39 obs=167 hard=165 obsc=175 yr=  0  nz=0.03 flt=0.00 dmap=+0/-1 shz=4.0 plan=30 cmd=(lx=+0.00,ly=+0.40,rx=+0.00)
  t=  9.5 DWA-F pos=(+0.07,+0.02) yaw=-155.6 d=5.67 goal_err=-57 carrot_err= -23 c0=2.40 clear=1.00 prog=0.20 rel=0.95 bal=+0.39 obs=168 hard=165 obsc=176 yr=  0  nz=0.05 flt=0.00 dmap=+0/-0 shz=3.9 plan=30 cmd=(lx=+0.00,ly=+0.40,rx=+0.00)
  t=  9.9 DWA-F pos=(+0.03,-0.00) yaw=-155.6 d=5.64 goal_err=-57 carrot_err= -24 c0=2.35 clear=1.00 prog=0.20 rel=0.93 bal=+0.39 obs=170 hard=169 obsc=177 yr=  0  nz=0.07 flt=0.00 dmap=+0/-0 shz=4.0 plan=30 cmd=(lx=+0.00,ly=+0.40,rx=+0.00)
  t= 10.4 DWA-F pos=(-0.01,-0.02) yaw=-155.6 d=5.62 goal_err=-57 carrot_err= -26 c0=2.31 clear=1.00 prog=0.20 rel=0.93 bal=+0.41 obs=173 hard=171 obsc=179 yr=  0  nz=0.07 flt=0.01 dmap=+2/-0 shz=4.0 plan=30 cmd=(lx=+0.00,ly=+0.40,rx=+0.00)
  t= 10.8 DWA-F pos=(-0.07,-0.04) yaw=-155.6 d=5.59 goal_err=-58 carrot_err= -28 c0=2.25 clear=1.00 prog=0.20 rel=0.92 bal=+0.43 obs=173 hard=171 obsc=179 yr=  0  nz=0.08 flt=0.01 dmap=+0/-0 shz=4.0 plan=29 cmd=(lx=+0.00,ly=+0.40,rx=+0.00)
  t= 11.2 DWA-F pos=(-0.11,-0.06) yaw=-155.6 d=5.57 goal_err=-58 carrot_err= -28 c0=2.21 clear=1.00 prog=0.19 rel=0.91 bal=+0.44 obs=174 hard=172 obsc=181 yr=  0  nz=0.09 flt=0.01 dmap=+0/-0 shz=4.0 plan=29 cmd=(lx=+0.00,ly=+0.40,rx=+0.00)
  t= 11.7 DWA-F pos=(-0.15,-0.08) yaw=-155.6 d=5.54 goal_err=-59 carrot_err= -30 c0=2.17 clear=1.00 prog=0.19 rel=0.90 bal=+0.46 obs=175 hard=173 obsc=182 yr=  0  nz=0.10 flt=0.00 dmap=+0/-0 shz=4.0 plan=29 cmd=(lx=+0.00,ly=+0.40,rx=+0.00)
  t= 12.1 DWA-F pos=(-0.19,-0.10) yaw=-155.6 d=5.52 goal_err=-59 carrot_err= -31 c0=2.12 clear=1.00 prog=0.19 rel=0.92 bal=+0.47 obs=176 hard=176 obsc=185 yr=  0  nz=0.08 flt=0.01 dmap=+2/-2 shz=4.0 plan=28 cmd=(lx=+0.00,ly=+0.40,rx=+0.00)
  t= 12.5 DWA-F pos=(-0.24,-0.12) yaw=-155.6 d=5.49 goal_err=-60 carrot_err= -33 c0=2.07 clear=1.00 prog=0.19 rel=0.91 bal=+0.49 obs=177 hard=174 obsc=183 yr=  0  nz=0.09 flt=0.02 dmap=+0/-0 shz=4.0 plan=28 cmd=(lx=+0.00,ly=+0.40,rx=+0.00)
  t= 13.0 DWA-F pos=(-0.28,-0.14) yaw=-155.6 d=5.47 goal_err=-60 carrot_err= -35 c0=2.02 clear=1.00 prog=0.19 rel=0.91 bal=+0.49 obs=178 hard=175 obsc=184 yr=  0  nz=0.09 flt=0.01 dmap=+0/-0 shz=4.0 plan=28 cmd=(lx=+0.00,ly=+0.40,rx=+0.00)
  t= 13.4 DWA-F pos=(-0.32,-0.16) yaw=-155.6 d=5.45 goal_err=-60 carrot_err= -34 c0=1.98 clear=1.00 prog=0.18 rel=0.92 bal=+0.49 obs=179 hard=177 obsc=185 yr=  0  nz=0.09 flt=0.01 dmap=+1/-0 shz=4.0 plan=28 cmd=(lx=+0.00,ly=+0.40,rx=+0.00)
  t= 13.8 DWA-F pos=(-0.37,-0.18) yaw=-155.6 d=5.42 goal_err=-61 carrot_err= -37 c0=1.92 clear=1.00 prog=0.19 rel=0.92 bal=+0.50 obs=178 hard=176 obsc=185 yr=  0  nz=0.08 flt=0.00 dmap=+0/-1 shz=4.0 plan=27 cmd=(lx=+0.00,ly=+0.40,rx=+0.00)
  t= 14.3 DWA-F pos=(-0.41,-0.20) yaw=-155.6 d=5.40 goal_err=-61 carrot_err= -38 c0=1.88 clear=1.00 prog=0.18 rel=0.91 bal=+0.50 obs=178 hard=177 obsc=185 yr=  0G nz=0.09 flt=0.01 dmap=+0/-0 shz=4.0 plan=27 cmd=(lx=+0.00,ly=+0.40,rx=+0.45)
  t= 14.7 DWA-F pos=(-0.45,-0.21) yaw=-158.8 d=5.38 goal_err=-58 carrot_err= -37 c0=1.84 clear=1.00 prog=0.18 rel=0.92 bal=+0.53 obs=179 hard=178 obsc=186 yr=  0  nz=0.08 flt=0.01 dmap=+0/-0 shz=4.0 plan=27 cmd=(lx=+0.00,ly=+0.40,rx=+0.45)
  t= 15.1 DWA-F pos=(-0.49,-0.23) yaw=-162.0 d=5.35 goal_err=-56 carrot_err= -36 c0=1.79 clear=1.00 prog=0.18 rel=0.92 bal=+0.53 obs=183 hard=182 obsc=191 yr=  0  nz=0.08 flt=0.00 dmap=+5/-1 shz=4.0 plan=27 cmd=(lx=+0.00,ly=+0.40,rx=+0.00)
  t= 15.6 DWA-F pos=(-0.54,-0.25) yaw=-165.2 d=5.32 goal_err=-53 carrot_err= -35 c0=1.74 clear=1.00 prog=0.20 rel=0.92 bal=+0.54 obs=183 hard=182 obsc=191 yr= 15G nz=0.08 flt=0.00 dmap=+0/-0 shz=4.0 plan=27 cmd=(lx=+0.00,ly=+0.40,rx=+0.00)
  t= 16.0 DWA-F pos=(-0.59,-0.26) yaw=-166.8 d=5.29 goal_err=-52 carrot_err= -36 c0=1.70 clear=1.00 prog=0.20 rel=0.91 bal=+0.48 obs=197 hard=194 obsc=202 yr=  0  nz=0.09 flt=0.01 dmap=+0/-0 shz=4.0 plan=27 cmd=(lx=+0.00,ly=+0.40,rx=+0.00)
  t= 16.5 DWA-F pos=(-0.63,-0.27) yaw=-170.1 d=5.27 goal_err=-49 carrot_err= -35 c0=1.66 clear=1.00 prog=0.21 rel=0.90 bal=+0.49 obs=197 hard=193 obsc=202 yr= 15G nz=0.10 flt=0.01 dmap=+0/-0 shz=4.0 plan=27 cmd=(lx=+0.00,ly=+0.40,rx=+0.00)
  t= 16.9 DWA-F pos=(-0.68,-0.27) yaw=-173.3 d=5.24 goal_err=-46 carrot_err= -40 c0=1.78 clear=1.00 prog=0.22 rel=0.91 bal=+0.50 obs=197 hard=195 obsc=203 yr= 15G nz=0.09 flt=0.13 dmap=+0/-0 shz=4.0 plan=26 cmd=(lx=+0.00,ly=+0.40,rx=+0.45)
  t= 17.3 DWA-F pos=(-0.73,-0.28) yaw=-178.1 d=5.20 goal_err=-42 carrot_err= -37 c0=1.82 clear=1.00 prog=0.24 rel=0.89 bal=+0.51 obs=202 hard=194 obsc=215 yr=  0  nz=0.11 flt=0.16 dmap=+0/-0 shz=4.0 plan=26 cmd=(lx=+0.00,ly=+0.40,rx=+0.00)
  t= 17.8 DWA-F pos=(-0.77,-0.28) yaw=-179.7 d=5.16 goal_err=-40 carrot_err= -38 c0=1.78 clear=1.00 prog=0.25 rel=0.89 bal=+0.52 obs=204 hard=197 obsc=214 yr= 15G nz=0.11 flt=0.00 dmap=+0/-0 shz=4.0 plan=26 cmd=(lx=+0.00,ly=+0.40,rx=+0.00)
  t= 18.2 DWA-F pos=(-0.82,-0.28) yaw=+178.7 d=5.13 goal_err=-39 carrot_err= -30 c0=1.92 clear=1.00 prog=0.26 rel=0.89 bal=+0.53 obs=208 hard=201 obsc=218 yr=  0G nz=0.11 flt=0.00 dmap=+0/-0 shz=4.0 plan=25 cmd=(lx=+0.00,ly=+0.40,rx=+0.00)
  t= 18.6 DWA-F pos=(-0.86,-0.28) yaw=+177.1 d=5.09 goal_err=-38 carrot_err= -30 c0=1.94 clear=1.00 prog=0.27 rel=0.88 bal=+0.52 obs=206 hard=201 obsc=217 yr=  0  nz=0.12 flt=0.01 dmap=+0/-1 shz=4.0 plan=25 cmd=(lx=+0.00,ly=+0.40,rx=+0.00)
  t= 19.1 DWA-F pos=(-0.92,-0.27) yaw=+177.1 d=5.05 goal_err=-38 carrot_err= -32 c0=1.88 clear=1.00 prog=0.28 rel=0.90 bal=+0.50 obs=202 hard=201 obsc=216 yr=  0  nz=0.10 flt=0.01 dmap=+0/-0 shz=4.0 plan=25 cmd=(lx=+0.00,ly=+0.40,rx=+0.00)
  t= 19.5 DWA-F pos=(-0.96,-0.27) yaw=+177.1 d=5.02 goal_err=-38 carrot_err= -34 c0=1.84 clear=1.00 prog=0.28 rel=0.92 bal=+0.48 obs=201 hard=194 obsc=210 yr=  0  nz=0.08 flt=0.00 dmap=+0/-0 shz=4.0 plan=25 cmd=(lx=+0.00,ly=+0.40,rx=+0.00)
  t= 19.9 DWA-F pos=(-1.01,-0.27) yaw=+177.1 d=4.98 goal_err=-39 carrot_err= -37 c0=1.79 clear=1.00 prog=0.28 rel=0.92 bal=+0.31 obs=201 hard=196 obsc=210 yr=  0  nz=0.08 flt=0.00 dmap=+0/-0 shz=4.0 plan=24 cmd=(lx=+0.00,ly=+0.40,rx=+0.00)
  t= 20.3 DWA-F pos=(-1.05,-0.27) yaw=+175.5 d=4.95 goal_err=-37 carrot_err= -37 c0=1.75 clear=1.00 prog=0.28 rel=0.92 bal=+0.30 obs=201 hard=196 obsc=210 yr= 15G nz=0.08 flt=0.02 dmap=+0/-0 shz=4.0 plan=24 cmd=(lx=+0.00,ly=+0.40,rx=+0.00)
  t= 20.8 DWA-F pos=(-1.10,-0.26) yaw=+173.9 d=4.91 goal_err=-36 carrot_err= -37 c0=1.70 clear=1.00 prog=0.29 rel=0.92 bal=+0.29 obs=208 hard=203 obsc=217 yr=  0  nz=0.08 flt=0.00 dmap=+0/-0 shz=4.0 plan=24 cmd=(lx=+0.00,ly=+0.40,rx=+0.00)
  t= 21.2 DWA-F pos=(-1.15,-0.26) yaw=+170.7 d=4.87 goal_err=-33 carrot_err= -28 c0=1.65 clear=1.00 prog=0.29 rel=0.92 bal=+0.27 obs=207 hard=203 obsc=217 yr= 15G nz=0.08 flt=0.25 dmap=+0/-0 shz=4.0 plan=23 cmd=(lx=+0.00,ly=+0.40,rx=+0.00)
  t= 21.6 DWA-F pos=(-1.20,-0.25) yaw=+169.1 d=4.83 goal_err=-32 carrot_err= -28 c0=1.61 clear=1.00 prog=0.29 rel=0.91 bal=+0.27 obs=217 hard=201 obsc=219 yr=  0  nz=0.09 flt=0.08 dmap=+2/-0 shz=4.0 plan=23 cmd=(lx=+0.00,ly=+0.40,rx=+0.00)
  t= 22.1 DWA-F pos=(-1.24,-0.24) yaw=+169.1 d=4.79 goal_err=-32 carrot_err= -29 c0=1.56 clear=1.00 prog=0.30 rel=0.92 bal=+0.26 obs=215 hard=201 obsc=219 yr=  0  nz=0.08 flt=0.02 dmap=+0/-0 shz=4.0 plan=23 cmd=(lx=+0.00,ly=+0.40,rx=+0.00)
  t= 22.5 DWA-F pos=(-1.28,-0.23) yaw=+169.1 d=4.75 goal_err=-33 carrot_err= -30 c0=1.52 clear=1.00 prog=0.30 rel=0.92 bal=+0.25 obs=215 hard=202 obsc=217 yr=  0  nz=0.08 flt=0.00 dmap=+0/-0 shz=4.0 plan=23 cmd=(lx=+0.00,ly=+0.40,rx=+0.00)
  t= 23.0 DWA-F pos=(-1.34,-0.22) yaw=+169.1 d=4.71 goal_err=-33 carrot_err= -15 c0=1.46 clear=0.98 prog=0.30 rel=0.91 bal=+0.24 obs=210 hard=198 obsc=213 yr=  0  nz=0.09 flt=0.01 dmap=+1/-1 shz=4.0 plan=22 cmd=(lx=+0.00,ly=+0.40,rx=+0.00)
  t= 23.4 DWA-F pos=(-1.38,-0.21) yaw=+169.1 d=4.67 goal_err=-33 carrot_err= -16 c0=1.42 clear=0.95 prog=0.30 rel=0.92 bal=+0.24 obs=211 hard=198 obsc=213 yr=  0  nz=0.08 flt=0.01 dmap=+2/-0 shz=4.0 plan=22 cmd=(lx=+0.00,ly=+0.40,rx=+0.00)
  t= 23.8 DWA-F pos=(-1.42,-0.20) yaw=+169.1 d=4.63 goal_err=-34 carrot_err= -17 c0=1.38 clear=0.92 prog=0.30 rel=0.92 bal=+0.23 obs=210 hard=200 obsc=213 yr=  0  nz=0.08 flt=0.00 dmap=+0/-0 shz=4.0 plan=22 cmd=(lx=+0.00,ly=+0.40,rx=+0.00)
  t= 24.2 DWA-F pos=(-1.47,-0.20) yaw=+169.1 d=4.59 goal_err=-34 carrot_err= -17 c0=1.33 clear=0.89 prog=0.30 rel=0.93 bal=+0.23 obs=209 hard=200 obsc=212 yr=  0  nz=0.07 flt=0.00 dmap=+0/-0 shz=4.0 plan=22 cmd=(lx=+0.00,ly=+0.40,rx=+0.00)
  t= 24.7 DWA-F pos=(-1.52,-0.18) yaw=+169.1 d=4.55 goal_err=-34 carrot_err= -19 c0=1.28 clear=0.85 prog=0.30 rel=0.91 bal=+0.09 obs=209 hard=200 obsc=211 yr=  0  nz=0.09 flt=0.00 dmap=+1/-0 shz=4.0 plan=22 cmd=(lx=+0.00,ly=+0.40,rx=+0.00)
  t= 25.1 DWA-F pos=(-1.57,-0.18) yaw=+169.1 d=4.51 goal_err=-35 carrot_err= -20 c0=1.23 clear=0.82 prog=0.30 rel=0.91 bal=+0.09 obs=210 hard=201 obsc=212 yr=  0  nz=0.09 flt=0.02 dmap=+0/-0 shz=4.0 plan=22 cmd=(lx=+0.00,ly=+0.40,rx=+0.00)
  t= 25.5 DWA-F pos=(-1.61,-0.17) yaw=+169.1 d=4.48 goal_err=-35 carrot_err= -25 c0=1.19 clear=0.79 prog=0.30 rel=0.91 bal=+0.09 obs=211 hard=201 obsc=214 yr=  0  nz=0.09 flt=0.00 dmap=+0/-0 shz=4.0 plan=22 cmd=(lx=+0.00,ly=+0.40,rx=+0.00)
  t= 26.0 DWA-F pos=(-1.65,-0.16) yaw=+169.1 d=4.44 goal_err=-35 carrot_err= -26 c0=1.15 clear=0.77 prog=0.30 rel=0.91 bal=+0.09 obs=211 hard=199 obsc=213 yr=  0  nz=0.09 flt=0.03 dmap=+0/-0 shz=4.0 plan=21 cmd=(lx=+0.00,ly=+0.40,rx=+0.00)
  t= 26.4 DWA-F pos=(-1.71,-0.15) yaw=+169.1 d=4.39 goal_err=-36 carrot_err= -28 c0=1.09 clear=0.73 prog=0.30 rel=0.91 bal=+0.10 obs=210 hard=199 obsc=212 yr=  0  nz=0.09 flt=0.00 dmap=+0/-0 shz=4.0 plan=21 cmd=(lx=+0.00,ly=+0.40,rx=+0.00)
  t= 26.8 DWA-F pos=(-1.75,-0.14) yaw=+169.1 d=4.36 goal_err=-36 carrot_err= -30 c0=1.05 clear=0.70 prog=0.29 rel=0.91 bal=+0.09 obs=210 hard=198 obsc=212 yr=  0  nz=0.09 flt=0.02 dmap=+0/-0 shz=4.0 plan=21 cmd=(lx=+0.00,ly=+0.40,rx=+0.00)
  t= 27.3 DWA-F pos=(-1.79,-0.13) yaw=+169.1 d=4.32 goal_err=-36 carrot_err= -23 c0=1.01 clear=0.67 prog=0.29 rel=0.92 bal=+0.08 obs=211 hard=199 obsc=213 yr=  0  nz=0.08 flt=0.02 dmap=+0/-0 shz=4.0 plan=20 cmd=(lx=+0.00,ly=+0.40,rx=+0.00)
  t= 27.7 DWA-F pos=(-1.84,-0.12) yaw=+169.1 d=4.29 goal_err=-37 carrot_err= -24 c0=0.96 clear=0.64 prog=0.29 rel=0.92 bal=+0.08 obs=212 hard=201 obsc=215 yr=  0  nz=0.08 flt=0.00 dmap=+1/-1 shz=4.0 plan=20 cmd=(lx=+0.00,ly=+0.40,rx=+0.00)
  t= 28.1 DWA-F pos=(-1.89,-0.11) yaw=+169.1 d=4.24 goal_err=-37 carrot_err= -25 c0=0.91 clear=0.61 prog=0.29 rel=0.92 bal=+0.07 obs=210 hard=201 obsc=214 yr=  0  nz=0.08 flt=0.02 dmap=+0/-0 shz=4.0 plan=20 cmd=(lx=+0.00,ly=+0.40,rx=+0.00)
  t= 28.6 DWA-F pos=(-1.94,-0.11) yaw=+169.1 d=4.21 goal_err=-37 carrot_err= -28 c0=0.87 clear=0.58 prog=0.29 rel=0.91 bal=+0.07 obs=212 hard=202 obsc=215 yr=  0  nz=0.09 flt=0.00 dmap=+0/-0 shz=4.0 plan=20 cmd=(lx=+0.00,ly=+0.40,rx=+0.00)
  t= 29.0 DWA-F pos=(-1.98,-0.10) yaw=+169.1 d=4.17 goal_err=-38 carrot_err= -20 c0=0.83 clear=0.55 prog=0.29 rel=0.91 bal=+0.07 obs=212 hard=204 obsc=215 yr=  0  nz=0.09 flt=0.01 dmap=+1/-1 shz=4.0 plan=19 cmd=(lx=+0.00,ly=+0.40,rx=+0.00)
  t= 29.4 DWA-F pos=(-2.02,-0.09) yaw=+169.1 d=4.14 goal_err=-38 carrot_err= -21 c0=0.78 clear=0.52 prog=0.29 rel=0.92 bal=+0.07 obs=211 hard=204 obsc=215 yr=  0  nz=0.09 flt=0.02 dmap=+1/-2 shz=4.0 plan=19 cmd=(lx=+0.00,ly=+0.40,rx=+0.00)
  t= 29.9 DWA-F pos=(-2.07,-0.08) yaw=+169.1 d=4.10 goal_err=-39 carrot_err= -22 c0=0.74 clear=0.49 prog=0.29 rel=0.91 bal=+0.06 obs=212 hard=203 obsc=214 yr=  0  nz=0.09 flt=0.00 dmap=+0/-0 shz=4.0 plan=19 cmd=(lx=+0.00,ly=+0.40,rx=+0.00)
  t= 30.3 DWA-F pos=(-2.12,-0.07) yaw=+169.1 d=4.06 goal_err=-39 carrot_err= -26 c0=0.69 clear=0.46 prog=0.29 rel=0.92 bal=-0.35 obs=214 hard=204 obsc=216 yr=  0  nz=0.08 flt=0.01 dmap=+0/-0 shz=4.0 plan=18 cmd=(lx=+0.00,ly=+0.40,rx=+0.00)
  t= 30.7 DWA-F pos=(-2.17,-0.06) yaw=+169.1 d=4.02 goal_err=-39 carrot_err= -27 c0=0.65 clear=0.43 prog=0.28 rel=0.92 bal=-0.52 obs=216 hard=206 obsc=218 yr=  0  nz=0.08 flt=0.00 dmap=+2/-0 shz=4.0 plan=18 cmd=(lx=+0.00,ly=+0.40,rx=+0.00)
  t= 31.2 DWA-F pos=(-2.21,-0.05) yaw=+169.1 d=3.99 goal_err=-40 carrot_err= -29 c0=0.61 clear=0.41 prog=0.28 rel=0.93 bal=-0.53 obs=216 hard=207 obsc=218 yr=  0  nz=0.07 flt=0.02 dmap=+0/-0 shz=4.0 plan=18 cmd=(lx=+0.00,ly=+0.40,rx=+0.00)
  t= 31.6 DWA-F pos=(-2.26,-0.04) yaw=+169.1 d=3.95 goal_err=-40 carrot_err= -30 c0=0.75 clear=0.50 prog=0.29 rel=0.90 bal=-0.53 obs=216 hard=206 obsc=218 yr=  0  nz=0.10 flt=0.03 dmap=+0/-0 shz=4.0 plan=18 cmd=(lx=+0.00,ly=+0.40,rx=+0.45)
  t= 32.0 DWA-F pos=(-2.31,-0.03) yaw=+165.9 d=3.91 goal_err=-38 carrot_err= -28 c0=0.89 clear=0.60 prog=0.28 rel=0.90 bal=-0.53 obs=219 hard=207 obsc=222 yr=  0  nz=0.10 flt=0.11 dmap=+3/-0 shz=4.0 plan=18 cmd=(lx=+0.00,ly=+0.40,rx=+0.00)
  t= 32.4 DWA-F pos=(-2.35,-0.02) yaw=+165.9 d=3.88 goal_err=-38 carrot_err= -30 c0=0.85 clear=0.57 prog=0.28 rel=0.86 bal=-0.53 obs=220 hard=209 obsc=223 yr=  0  nz=0.14 flt=0.02 dmap=+1/-1 shz=4.0 plan=18 cmd=(lx=+0.00,ly=+0.40,rx=+0.45)
  t= 32.9 DWA-F pos=(-2.39,-0.01) yaw=+161.1 d=3.84 goal_err=-34 carrot_err= -26 c0=0.81 clear=0.54 prog=0.28 rel=0.90 bal=-0.53 obs=220 hard=209 obsc=223 yr= 14  nz=0.10 flt=0.11 dmap=+0/-0 shz=4.0 plan=18 cmd=(lx=+0.00,ly=+0.40,rx=+0.00)
  t= 33.3 DWA-F pos=(-2.43,+0.00) yaw=+161.1 d=3.81 goal_err=-34 carrot_err= -28 c0=0.77 clear=0.51 prog=0.29 rel=0.92 bal=-0.52 obs=218 hard=208 obsc=222 yr=  0  nz=0.08 flt=0.04 dmap=+0/-0 shz=4.0 plan=17 cmd=(lx=+0.00,ly=+0.40,rx=+0.00)
  t= 33.7 DWA-F pos=(-2.49,+0.02) yaw=+159.5 d=3.76 goal_err=-33 carrot_err= -28 c0=0.71 clear=0.48 prog=0.29 rel=0.91 bal=-0.51 obs=217 hard=207 obsc=221 yr= 15G nz=0.09 flt=0.19 dmap=+0/-0 shz=4.0 plan=17 cmd=(lx=+0.00,ly=+0.40,rx=+0.00)
  t= 34.2 DWA-F pos=(-2.53,+0.04) yaw=+157.9 d=3.72 goal_err=-32 carrot_err= -28 c0=0.87 clear=0.58 prog=0.30 rel=0.91 bal=-0.48 obs=220 hard=211 obsc=224 yr=  0  nz=0.09 flt=0.03 dmap=+0/-0 shz=4.0 plan=17 cmd=(lx=+0.00,ly=+0.40,rx=+0.00)
  t= 34.6 ENG-F pos=(-2.57,+0.06) yaw=+156.3 d=3.68 goal_err=-30 carrot_err= -26 c0=1.04 clear=0.69 prog=0.30 rel=0.80 bal=-0.48 obs=220 hard=208 obsc=224 yr= 15  nz=0.20 flt=0.01 dmap=+0/-0 shz=4.0 plan=17 cmd=(lx=+0.00,ly=+0.28,rx=+0.00)
  t= 35.0 ENG-F pos=(-2.60,+0.07) yaw=+156.3 d=3.65 goal_err=-31 carrot_err= -27 c0=1.01 clear=0.67 prog=0.29 rel=0.76 bal=-0.36 obs=220 hard=210 obsc=224 yr=  0  nz=0.24 flt=0.02 dmap=+2/-2 shz=4.0 plan=17 cmd=(lx=+0.00,ly=+0.28,rx=+0.00)
  t= 35.5 ENG-F pos=(-2.64,+0.08) yaw=+156.3 d=3.62 goal_err=-31 carrot_err= -28 c0=0.97 clear=0.65 prog=0.27 rel=0.78 bal=-0.36 obs=224 hard=211 obsc=226 yr=  0  nz=0.22 flt=0.02 dmap=+1/-0 shz=4.0 plan=17 cmd=(lx=+0.00,ly=+0.28,rx=+0.00)
  t= 35.9 ENG-F pos=(-2.67,+0.10) yaw=+156.3 d=3.59 goal_err=-31 carrot_err= -29 c0=0.94 clear=0.62 prog=0.26 rel=0.90 bal=-0.36 obs=223 hard=211 obsc=227 yr=  0  nz=0.10 flt=0.00 dmap=+0/-0 shz=4.0 plan=17 cmd=(lx=+0.00,ly=+0.28,rx=+0.00)
  t= 36.3 ENG-F pos=(-2.71,+0.12) yaw=+156.3 d=3.55 goal_err=-32 carrot_err= -21 c0=0.89 clear=0.60 prog=0.26 rel=0.92 bal=-0.36 obs=220 hard=210 obsc=224 yr=  0  nz=0.08 flt=0.05 dmap=+0/-0 shz=4.0 plan=17 cmd=(lx=+0.00,ly=+0.28,rx=+0.00)
  t= 36.7 ENG-F pos=(-2.74,+0.13) yaw=+156.3 d=3.52 goal_err=-32 carrot_err= -22 c0=0.86 clear=0.57 prog=0.25 rel=0.92 bal=-0.36 obs=223 hard=212 obsc=226 yr=  0  nz=0.08 flt=0.00 dmap=+2/-0 shz=4.0 plan=16 cmd=(lx=+0.00,ly=+0.28,rx=+0.00)
  t= 37.2 ENG-F pos=(-2.78,+0.15) yaw=+156.3 d=3.49 goal_err=-32 carrot_err= -23 c0=0.83 clear=0.55 prog=0.25 rel=0.92 bal=-0.35 obs=222 hard=212 obsc=227 yr=  0  nz=0.08 flt=0.01 dmap=+0/-0 shz=4.0 plan=16 cmd=(lx=+0.00,ly=+0.28,rx=+0.00)
  t= 37.6 ENG-F pos=(-2.81,+0.16) yaw=+156.3 d=3.46 goal_err=-33 carrot_err= -23 c0=0.79 clear=0.53 prog=0.25 rel=0.92 bal=-0.30 obs=223 hard=211 obsc=225 yr=  0  nz=0.08 flt=0.00 dmap=+0/-0 shz=4.0 plan=16 cmd=(lx=+0.00,ly=+0.28,rx=+0.00)
  t= 38.0 ENG-F pos=(-2.84,+0.17) yaw=+156.3 d=3.43 goal_err=-33 carrot_err= -24 c0=0.76 clear=0.51 prog=0.25 rel=0.94 bal=-0.30 obs=222 hard=211 obsc=226 yr=  0  nz=0.06 flt=0.00 dmap=+1/-2 shz=4.0 plan=16 cmd=(lx=+0.00,ly=+0.28,rx=+0.00)
  t= 38.4 ENG-F pos=(-2.87,+0.19) yaw=+156.3 d=3.40 goal_err=-33 carrot_err= -26 c0=0.73 clear=0.48 prog=0.24 rel=0.93 bal=-0.31 obs=225 hard=215 obsc=227 yr=  0  nz=0.07 flt=0.02 dmap=+0/-0 shz=4.0 plan=16 cmd=(lx=+0.00,ly=+0.28,rx=+0.00)
  t= 38.9 ENG-T pos=(-2.92,+0.21) yaw=+156.3 d=3.36 goal_err=-34 carrot_err= -27 c0=0.68 clear=0.46 prog=0.25 rel=0.93 bal=-0.19 obs=226 hard=217 obsc=230 yr=  0  nz=0.07 flt=0.02 dmap=+0/-0 shz=4.0 plan=16 cmd=(lx=+0.00,ly=+0.00,rx=+0.45)
  t= 39.3 ENG-F pos=(-2.93,+0.22) yaw=+153.0 d=3.35 goal_err=-31 carrot_err= -24 c0=0.69 clear=0.46 prog=0.22 rel=0.93 bal=-0.19 obs=226 hard=216 obsc=228 yr=  0  nz=0.07 flt=0.01 dmap=+0/-0 shz=4.0 plan=16 cmd=(lx=+0.00,ly=+0.28,rx=+0.00)
  t= 39.7 ENG-F pos=(-2.96,+0.23) yaw=+153.0 d=3.32 goal_err=-31 carrot_err= -26 c0=0.66 clear=0.44 prog=0.22 rel=0.95 bal=-0.19 obs=224 hard=215 obsc=227 yr=  0  nz=0.05 flt=0.01 dmap=+0/-1 shz=4.0 plan=16 cmd=(lx=+0.00,ly=+0.28,rx=+0.00)
  t= 40.2 ENG-F pos=(-2.99,+0.24) yaw=+151.4 d=3.29 goal_err=-30 carrot_err= -25 c0=0.63 clear=0.42 prog=0.21 rel=0.95 bal=-0.20 obs=224 hard=216 obsc=227 yr= 15G nz=0.04 flt=0.00 dmap=+0/-0 shz=4.0 plan=16 cmd=(lx=+0.00,ly=+0.28,rx=+0.00)
  t= 40.6 ENG-F pos=(-3.01,+0.26) yaw=+149.8 d=3.27 goal_err=-28 carrot_err= -24 c0=0.61 clear=0.40 prog=0.20 rel=0.94 bal=-0.23 obs=225 hard=215 obsc=227 yr=  0  nz=0.06 flt=0.01 dmap=+1/-0 shz=4.0 plan=16 cmd=(lx=+0.00,ly=+0.28,rx=+0.00)
  t= 41.0 ENG-T pos=(-3.04,+0.28) yaw=+149.8 d=3.24 goal_err=-28 carrot_err= -26 c0=0.57 clear=0.38 prog=0.20 rel=0.93 bal=-0.24 obs=227 hard=216 obsc=229 yr=  0  nz=0.07 flt=0.01 dmap=+2/-0 shz=4.0 plan=16 cmd=(lx=+0.00,ly=+0.00,rx=+0.45)
  t= 41.4 ENG-F pos=(-3.06,+0.29) yaw=+145.0 d=3.22 goal_err=-24 carrot_err= -21 c0=0.55 clear=0.37 prog=0.19 rel=0.92 bal=-0.24 obs=245 hard=231 obsc=247 yr=  0  nz=0.05 flt=0.39 dmap=+0/-0 shz=4.0 plan=16 cmd=(lx=+0.00,ly=+0.28,rx=+0.00)
  t= 41.9 ENG-F pos=(-3.09,+0.31) yaw=+145.0 d=3.19 goal_err=-24 carrot_err= -23 c0=0.59 clear=0.40 prog=0.19 rel=0.95 bal=-0.20 obs=240 hard=233 obsc=244 yr=  0  nz=0.05 flt=0.00 dmap=+0/-0 shz=4.0 plan=16 cmd=(lx=+0.00,ly=+0.28,rx=+0.00)
  t= 42.3 ENG-T pos=(-3.11,+0.33) yaw=+145.0 d=3.16 goal_err=-24 carrot_err= -19 c0=0.56 clear=0.37 prog=0.22 rel=0.97 bal=-0.20 obs=242 hard=234 obsc=244 yr=  0  nz=0.03 flt=0.02 dmap=+1/-0 shz=4.0 plan=16 cmd=(lx=+0.00,ly=+0.00,rx=+0.45)
  t= 42.7 ENG-F pos=(-3.13,+0.34) yaw=+141.8 d=3.14 goal_err=-21 carrot_err= -16 c0=0.54 clear=0.36 prog=0.19 rel=0.97 bal=-0.19 obs=242 hard=234 obsc=244 yr=  0  nz=0.03 flt=0.03 dmap=+0/-0 shz=4.0 plan=16 cmd=(lx=+0.00,ly=+0.28,rx=+0.00)
  t= 43.1 ENG-T pos=(-3.15,+0.36) yaw=+141.8 d=3.11 goal_err=-21 carrot_err= -17 c0=0.51 clear=0.34 prog=0.20 rel=0.95 bal=-0.18 obs=236 hard=227 obsc=239 yr=  0  nz=0.05 flt=0.00 dmap=+0/-0 shz=4.0 plan=15 cmd=(lx=+0.00,ly=+0.00,rx=+0.45)
  t= 43.6 ENG-F pos=(-3.17,+0.36) yaw=+137.0 d=3.10 goal_err=-17 carrot_err= -13 c0=0.68 clear=0.45 prog=0.19 rel=0.94 bal=+0.44 obs=241 hard=232 obsc=245 yr= 15  nz=0.06 flt=0.14 dmap=+7/-2 shz=4.0 plan=15 cmd=(lx=+0.00,ly=+0.28,rx=+0.00)
  t= 44.0 ENG-F pos=(-3.19,+0.39) yaw=+137.0 d=3.07 goal_err=-17 carrot_err= -13 c0=0.65 clear=0.43 prog=0.18 rel=0.89 bal=+0.46 obs=242 hard=231 obsc=244 yr=  0  nz=0.11 flt=0.03 dmap=+0/-0 shz=4.0 plan=15 cmd=(lx=+0.00,ly=+0.28,rx=+0.00)
  t= 44.4 ENG-F pos=(-3.20,+0.40) yaw=+135.4 d=3.05 goal_err=-15 carrot_err= -12 c0=1.07 clear=0.72 prog=0.18 rel=0.88 bal=+0.47 obs=243 hard=234 obsc=247 yr= 15G nz=0.12 flt=0.00 dmap=+0/-0 shz=4.0 plan=15 cmd=(lx=+0.00,ly=+0.28,rx=+0.00)
  t= 44.8 ENG-F pos=(-3.22,+0.42) yaw=+133.8 d=3.03 goal_err=-14 carrot_err= -11 c0=0.87 clear=0.58 prog=0.17 rel=0.81 bal=+0.48 obs=243 hard=235 obsc=246 yr=  0  nz=0.19 flt=0.01 dmap=+0/-1 shz=4.0 plan=15 cmd=(lx=+0.00,ly=+0.28,rx=+0.00)
  t= 45.3 ENG-F pos=(-3.23,+0.43) yaw=+130.6 d=3.02 goal_err=-11 carrot_err=  -8 c0=0.86 clear=0.57 prog=0.15 rel=0.83 bal=+0.48 obs=242 hard=233 obsc=245 yr= 15  nz=0.17 flt=0.15 dmap=+0/-1 shz=4.0 plan=15 cmd=(lx=+0.00,ly=+0.28,rx=+0.00)
  t= 45.7 ENG-GO pos=(-3.25,+0.45) yaw=+130.6 d=2.99 goal_err=-11 carrot_err=  -8 c0=0.83 clear=0.56 prog=0.17 rel=0.83 bal=+0.50 obs=242 hard=233 obsc=245 yr=  0  nz=0.17 flt=0.01 dmap=+0/-0 shz=4.0 plan=15 cmd=(lx=+0.00,ly=+0.28,rx=+0.00)
  t= 46.1 ENG-GO pos=(-3.26,+0.47) yaw=+130.6 d=2.96 goal_err=-11 carrot_err=  -8 c0=1.25 clear=0.84 prog=0.17 rel=0.95 bal=-0.12 obs=242 hard=233 obsc=245 yr=  0  nz=0.05 flt=0.00 dmap=+0/-0 shz=4.0 plan=15 cmd=(lx=+0.00,ly=+0.28,rx=+0.00)
  t= 46.5 ENG-GO pos=(-3.28,+0.49) yaw=+130.6 d=2.93 goal_err=-11 carrot_err=  -9 c0=1.23 clear=0.82 prog=0.19 rel=0.78 bal=+0.52 obs=240 hard=232 obsc=243 yr=  0  nz=0.22 flt=0.01 dmap=+1/-1 shz=4.0 plan=15 cmd=(lx=+0.00,ly=+0.28,rx=+0.00)
  t= 47.0 ENG-GO pos=(-3.30,+0.51) yaw=+130.6 d=2.90 goal_err=-11 carrot_err=  -5 c0=1.30 clear=0.86 prog=0.19 rel=0.67 bal=+0.54 obs=240 hard=230 obsc=243 yr=  0  nz=0.34 flt=0.00 dmap=+0/-0 shz=4.0 plan=15 cmd=(lx=+0.00,ly=+0.28,rx=+0.00)
  t= 47.4 ENG-GO pos=(-3.32,+0.53) yaw=+130.6 d=2.87 goal_err=-11 carrot_err=  -5 c0=1.27 clear=0.84 prog=0.21 rel=0.68 bal=+0.55 obs=241 hard=231 obsc=243 yr=  0  nz=0.32 flt=0.02 dmap=+0/-0 shz=4.0 plan=15 cmd=(lx=+0.00,ly=+0.28,rx=+0.00)
  t= 47.8 ENG-GO pos=(-3.35,+0.57) yaw=+130.6 d=2.83 goal_err=-11 carrot_err=  -3 c0=1.23 clear=0.82 prog=0.24 rel=0.95 bal=+0.58 obs=239 hard=231 obsc=244 yr=  0  nz=0.05 flt=0.02 dmap=+1/-3 shz=4.0 plan=13 cmd=(lx=+0.00,ly=+0.28,rx=+0.00)
  t= 48.3 ENG-GO pos=(-3.37,+0.59) yaw=+130.6 d=2.80 goal_err=-12 carrot_err=  -3 c0=1.20 clear=0.80 prog=0.25 rel=0.94 bal=+0.01 obs=241 hard=231 obsc=244 yr=  0  nz=0.06 flt=0.00 dmap=+1/-0 shz=4.0 plan=13 cmd=(lx=+0.00,ly=+0.28,rx=+0.00)
  t= 48.7 ENG-GO pos=(-3.39,+0.62) yaw=+130.6 d=2.76 goal_err=-12 carrot_err=  -3 c0=1.16 clear=0.77 prog=0.27 rel=0.94 bal=+0.02 obs=242 hard=232 obsc=245 yr=  0  nz=0.06 flt=0.00 dmap=+0/-0 shz=4.0 plan=13 cmd=(lx=+0.00,ly=+0.28,rx=+0.00)
  t= 49.1 ENG-GO pos=(-3.42,+0.65) yaw=+130.6 d=2.73 goal_err=-12 carrot_err=  -3 c0=1.13 clear=0.75 prog=0.28 rel=0.94 bal=+0.02 obs=242 hard=232 obsc=245 yr=  0  nz=0.06 flt=0.00 dmap=+1/-0 shz=4.0 plan=13 cmd=(lx=+0.00,ly=+0.28,rx=+0.00)
  t= 49.5 ENG-GO pos=(-3.44,+0.67) yaw=+130.6 d=2.69 goal_err=-12 carrot_err=  -3 c0=1.09 clear=0.73 prog=0.27 rel=0.93 bal=-0.01 obs=241 hard=233 obsc=244 yr=  0  nz=0.07 flt=0.02 dmap=+1/-1 shz=4.0 plan=13 cmd=(lx=+0.00,ly=+0.28,rx=+0.00)
  t= 50.0 ENG-GO pos=(-3.47,+0.71) yaw=+130.6 d=2.65 goal_err=-12 carrot_err=  -3 c0=1.05 clear=0.70 prog=0.29 rel=0.94 bal=-0.02 obs=239 hard=232 obsc=244 yr=  0  nz=0.06 flt=0.01 dmap=+0/-0 shz=4.0 plan=13 cmd=(lx=+0.00,ly=+0.28,rx=+0.00)
  t= 50.4 ENG-GO pos=(-3.49,+0.74) yaw=+130.6 d=2.61 goal_err=-12 carrot_err=  -3 c0=1.02 clear=0.68 prog=0.29 rel=0.92 bal=+0.03 obs=239 hard=230 obsc=242 yr=  0  nz=0.08 flt=0.00 dmap=+0/-0 shz=4.0 plan=13 cmd=(lx=+0.00,ly=+0.28,rx=+0.00)
  t= 50.8 ENG-GO pos=(-3.52,+0.76) yaw=+130.6 d=2.58 goal_err=-13 carrot_err=  -1 c0=0.99 clear=0.66 prog=0.29 rel=0.92 bal=+0.02 obs=238 hard=228 obsc=241 yr=  0  nz=0.08 flt=0.02 dmap=+0/-1 shz=4.0 plan=12 cmd=(lx=+0.00,ly=+0.28,rx=+0.00)
  t= 51.2 ENG-GO pos=(-3.54,+0.79) yaw=+130.6 d=2.54 goal_err=-13 carrot_err=  -1 c0=0.95 clear=0.64 prog=0.29 rel=0.92 bal=+0.02 obs=237 hard=228 obsc=240 yr=  0  nz=0.08 flt=0.00 dmap=+0/-0 shz=4.0 plan=12 cmd=(lx=+0.00,ly=+0.28,rx=+0.00)
  t= 51.7 ENG-GO pos=(-3.56,+0.82) yaw=+130.6 d=2.51 goal_err=-13 carrot_err=  -1 c0=0.92 clear=0.61 prog=0.29 rel=0.91 bal=+0.02 obs=237 hard=228 obsc=239 yr=  0  nz=0.09 flt=0.01 dmap=+0/-0 shz=4.0 plan=12 cmd=(lx=+0.00,ly=+0.28,rx=+0.00)
  t= 52.1 ENG-GO pos=(-3.59,+0.85) yaw=+130.6 d=2.47 goal_err=-13 carrot_err=  -2 c0=0.98 clear=0.66 prog=0.28 rel=0.94 bal=+0.02 obs=235 hard=226 obsc=237 yr=  0  nz=0.06 flt=0.02 dmap=+0/-0 shz=4.0 plan=12 cmd=(lx=+0.00,ly=+0.28,rx=+0.00)
  t= 52.5 ENG-GO pos=(-3.61,+0.87) yaw=+130.6 d=2.44 goal_err=-13 carrot_err=  -2 c0=0.95 clear=0.63 prog=0.28 rel=0.95 bal=+0.02 obs=235 hard=227 obsc=240 yr=  0  nz=0.05 flt=0.00 dmap=+0/-0 shz=4.0 plan=12 cmd=(lx=+0.00,ly=+0.28,rx=+0.00)
  t= 52.9 ENG-GO pos=(-3.63,+0.90) yaw=+130.6 d=2.40 goal_err=-13 carrot_err=  -2 c0=0.91 clear=0.61 prog=0.28 rel=0.94 bal=-0.11 obs=238 hard=228 obsc=241 yr=  0  nz=0.06 flt=0.00 dmap=+0/-0 shz=4.0 plan=12 cmd=(lx=+0.00,ly=+0.28,rx=+0.00)
  t= 53.4 ENG-GO pos=(-3.66,+0.93) yaw=+130.6 d=2.36 goal_err=-14 carrot_err=  -2 c0=0.87 clear=0.58 prog=0.29 rel=0.94 bal=+0.02 obs=236 hard=226 obsc=239 yr=  0  nz=0.06 flt=0.00 dmap=+0/-1 shz=4.0 plan=12 cmd=(lx=+0.00,ly=+0.28,rx=+0.00)
  t= 53.8 ENG-GO pos=(-3.69,+0.96) yaw=+130.6 d=2.33 goal_err=-14 carrot_err=  -2 c0=0.84 clear=0.56 prog=0.29 rel=0.92 bal=+0.01 obs=236 hard=226 obsc=238 yr=  0  nz=0.08 flt=0.00 dmap=+0/-0 shz=4.0 plan=12 cmd=(lx=+0.00,ly=+0.28,rx=+0.00)
  t= 54.2 ENG-GO pos=(-3.71,+0.99) yaw=+130.6 d=2.29 goal_err=-14 carrot_err=  -2 c0=0.80 clear=0.54 prog=0.29 rel=0.91 bal=+0.00 obs=235 hard=226 obsc=237 yr=  0  nz=0.09 flt=0.01 dmap=+0/-0 shz=4.0 plan=11 cmd=(lx=+0.00,ly=+0.28,rx=+0.00)
  t= 54.6 ENG-GO pos=(-3.73,+1.02) yaw=+130.6 d=2.26 goal_err=-14 carrot_err=  -2 c0=0.77 clear=0.51 prog=0.29 rel=0.91 bal=-0.00 obs=233 hard=227 obsc=237 yr=  0  nz=0.09 flt=0.01 dmap=+0/-2 shz=4.0 plan=11 cmd=(lx=+0.00,ly=+0.28,rx=+0.00)
  t= 55.0 ENG-GO pos=(-3.76,+1.04) yaw=+130.6 d=2.22 goal_err=-15 carrot_err=  -0 c0=0.74 clear=0.49 prog=0.28 rel=0.92 bal=-0.01 obs=233 hard=225 obsc=235 yr=  0  nz=0.08 flt=0.01 dmap=+0/-0 shz=4.0 plan=11 cmd=(lx=+0.00,ly=+0.28,rx=+0.00)
  t= 55.5 ENG-GO pos=(-3.78,+1.07) yaw=+130.6 d=2.19 goal_err=-15 carrot_err=  -0 c0=0.70 clear=0.47 prog=0.28 rel=0.93 bal=-0.02 obs=232 hard=224 obsc=235 yr=  0  nz=0.07 flt=0.00 dmap=+0/-0 shz=4.0 plan=11 cmd=(lx=+0.00,ly=+0.28,rx=+0.00)
  t= 55.9 ENG-GO pos=(-3.80,+1.10) yaw=+130.6 d=2.15 goal_err=-15 carrot_err=  -0 c0=0.67 clear=0.45 prog=0.28 rel=0.93 bal=-0.03 obs=235 hard=226 obsc=237 yr=  0  nz=0.07 flt=0.00 dmap=+1/-0 shz=4.0 plan=11 cmd=(lx=+0.00,ly=+0.28,rx=+0.00)
  t= 56.3 ENG-GO pos=(-3.83,+1.13) yaw=+130.6 d=2.12 goal_err=-15 carrot_err=  -0 c0=0.63 clear=0.42 prog=0.28 rel=0.93 bal=-0.04 obs=234 hard=225 obsc=238 yr=  0  nz=0.07 flt=0.00 dmap=+1/-2 shz=4.0 plan=11 cmd=(lx=+0.00,ly=+0.28,rx=+0.00)
  t= 56.7 ENG-GO pos=(-3.86,+1.16) yaw=+130.6 d=2.07 goal_err=-16 carrot_err=  -8 c0=0.86 clear=0.58 prog=0.29 rel=0.87 bal=-0.07 obs=236 hard=226 obsc=238 yr=  0  nz=0.13 flt=0.03 dmap=+0/-0 shz=4.0 plan=11 cmd=(lx=+0.00,ly=+0.28,rx=+0.00)
  t= 57.2 ENG-GO pos=(-3.88,+1.19) yaw=+130.6 d=2.04 goal_err=-16 carrot_err=  -0 c0=0.83 clear=0.55 prog=0.29 rel=0.85 bal=+0.08 obs=237 hard=229 obsc=241 yr=  0  nz=0.15 flt=0.01 dmap=+2/-2 shz=4.0 plan=10 cmd=(lx=+0.00,ly=+0.28,rx=+0.00)
  t= 57.6 ENG-GO pos=(-3.90,+1.21) yaw=+130.6 d=2.00 goal_err=-16 carrot_err=  -0 c0=0.80 clear=0.53 prog=0.29 rel=0.84 bal=+0.09 obs=238 hard=230 obsc=240 yr=  0  nz=0.16 flt=0.03 dmap=+0/-0 shz=4.0 plan=10 cmd=(lx=+0.00,ly=+0.28,rx=+0.00)
  t= 58.0 ENG-GO pos=(-3.93,+1.24) yaw=+130.6 d=1.97 goal_err=-17 carrot_err=  -0 c0=0.76 clear=0.51 prog=0.29 rel=0.94 bal=+0.08 obs=236 hard=230 obsc=241 yr=  0  nz=0.06 flt=0.00 dmap=+0/-0 shz=4.0 plan=10 cmd=(lx=+0.00,ly=+0.28,rx=+0.00)
  t= 58.4 ENG-GO pos=(-3.95,+1.27) yaw=+130.6 d=1.94 goal_err=-17 carrot_err= -15 c0=0.73 clear=0.49 prog=0.27 rel=0.93 bal=+0.07 obs=236 hard=229 obsc=240 yr=  0  nz=0.07 flt=0.01 dmap=+0/-0 shz=4.0 plan=10 cmd=(lx=+0.00,ly=+0.28,rx=+0.00)
  t= 58.9 ENG-GO pos=(-3.98,+1.30) yaw=+130.6 d=1.89 goal_err=-17 carrot_err= -15 c0=0.69 clear=0.46 prog=0.28 rel=0.93 bal=+0.00 obs=234 hard=225 obsc=237 yr=  0  nz=0.07 flt=0.01 dmap=+0/-0 shz=4.0 plan=10 cmd=(lx=+0.00,ly=+0.28,rx=+0.00)
  t= 59.3 ENG-GO pos=(-4.00,+1.33) yaw=+130.6 d=1.86 goal_err=-18 carrot_err= -16 c0=1.48 clear=0.99 prog=0.28 rel=0.92 bal=-0.01 obs=235 hard=228 obsc=239 yr=  0  nz=0.08 flt=0.01 dmap=+0/-0 shz=4.0 plan=10 cmd=(lx=+0.00,ly=+0.28,rx=+0.00)
  t= 59.7 ENG-GO pos=(-4.03,+1.36) yaw=+130.6 d=1.82 goal_err=-18 carrot_err= -17 c0=1.44 clear=0.96 prog=0.28 rel=0.47 bal=-0.03 obs=235 hard=229 obsc=240 yr=  0  nz=0.53 flt=0.01 dmap=+0/-0 shz=4.0 plan=10 cmd=(lx=+0.00,ly=+0.28,rx=+0.00)
  t= 60.1 ENG-GO pos=(-4.05,+1.39) yaw=+130.6 d=1.79 goal_err=-18 carrot_err= -17 c0=1.41 clear=0.94 prog=0.28 rel=0.41 bal=-0.04 obs=234 hard=228 obsc=239 yr=  0  nz=0.59 flt=0.00 dmap=+1/-3 shz=4.0 plan=10 cmd=(lx=+0.00,ly=+0.28,rx=+0.00)
  t= 60.6 ENG-GO pos=(-4.07,+1.41) yaw=+130.6 d=1.76 goal_err=-19 carrot_err= -18 c0=1.37 clear=0.92 prog=0.28 rel=0.47 bal=+0.61 obs=235 hard=228 obsc=239 yr=  0  nz=0.53 flt=0.00 dmap=+0/-0 shz=4.0 plan=9 cmd=(lx=+0.00,ly=+0.28,rx=+0.00)
  t= 61.0 ENG-GO pos=(-4.10,+1.45) yaw=+130.6 d=1.71 goal_err=-19 carrot_err= -19 c0=1.33 clear=0.89 prog=0.28 rel=0.92 bal=+0.10 obs=238 hard=230 obsc=241 yr=  0  nz=0.08 flt=0.00 dmap=+0/-0 shz=4.0 plan=9 cmd=(lx=+0.00,ly=+0.28,rx=+0.00)
  t= 61.4 ENG-GO pos=(-4.13,+1.47) yaw=+130.6 d=1.68 goal_err=-19 carrot_err= -20 c0=1.30 clear=0.86 prog=0.28 rel=0.92 bal=+0.10 obs=236 hard=229 obsc=240 yr=  0  nz=0.08 flt=0.01 dmap=+1/-1 shz=4.0 plan=9 cmd=(lx=+0.00,ly=+0.28,rx=+0.00)
  t= 61.8 ENG-GO pos=(-4.15,+1.50) yaw=+130.6 d=1.65 goal_err=-20 carrot_err= -14 c0=1.26 clear=0.84 prog=0.28 rel=0.92 bal=+0.03 obs=237 hard=228 obsc=239 yr=  0  nz=0.08 flt=0.04 dmap=+2/-2 shz=4.0 plan=8 cmd=(lx=+0.00,ly=+0.28,rx=+0.00)
  t= 62.3 ENG-GO pos=(-4.17,+1.53) yaw=+130.6 d=1.61 goal_err=-20 carrot_err= -14 c0=1.23 clear=0.82 prog=0.28 rel=0.92 bal=+0.02 obs=238 hard=229 obsc=241 yr=  0  nz=0.08 flt=0.00 dmap=+0/-0 shz=4.0 plan=8 cmd=(lx=+0.00,ly=+0.28,rx=+0.00)
  t= 62.7 ENG-GO pos=(-4.20,+1.56) yaw=+130.6 d=1.58 goal_err=-21 carrot_err= -15 c0=1.19 clear=0.80 prog=0.27 rel=0.93 bal=+0.01 obs=238 hard=229 obsc=240 yr=  0  nz=0.07 flt=0.00 dmap=+0/-1 shz=4.0 plan=8 cmd=(lx=+0.00,ly=+0.28,rx=+0.00)
  t= 63.1 ENG-GO pos=(-4.22,+1.58) yaw=+130.6 d=1.54 goal_err=-21 carrot_err= -16 c0=1.16 clear=0.77 prog=0.27 rel=0.92 bal=-0.61 obs=241 hard=232 obsc=245 yr=  0  nz=0.08 flt=0.00 dmap=+4/-1 shz=4.0 plan=8 cmd=(lx=+0.00,ly=+0.28,rx=+0.00)
  t= 63.5 ENG-GO pos=(-4.24,+1.61) yaw=+130.6 d=1.51 goal_err=-22 carrot_err= -16 c0=1.12 clear=0.75 prog=0.26 rel=0.93 bal=-0.53 obs=242 hard=233 obsc=245 yr=  0  nz=0.07 flt=0.00 dmap=+0/-0 shz=4.0 plan=8 cmd=(lx=+0.00,ly=+0.28,rx=+0.00)
  t= 64.0 ENG-GO pos=(-4.27,+1.64) yaw=+130.6 d=1.48 goal_err=-22 carrot_err= -17 c0=1.09 clear=0.73 prog=0.26 rel=0.92 bal=-0.29 obs=242 hard=234 obsc=245 yr=  0  nz=0.08 flt=0.01 dmap=+0/-0 shz=4.0 plan=8 cmd=(lx=+0.00,ly=+0.28,rx=+0.00)
  t= 64.4 ENG-GO pos=(-4.30,+1.67) yaw=+130.6 d=1.44 goal_err=-23 carrot_err= -18 c0=1.05 clear=0.70 prog=0.28 rel=0.92 bal=-0.20 obs=240 hard=231 obsc=242 yr=  0  nz=0.08 flt=0.00 dmap=+1/-0 shz=4.0 plan=8 cmd=(lx=+0.00,ly=+0.28,rx=+0.00)
  t= 64.8 ENG-GO pos=(-4.32,+1.70) yaw=+130.6 d=1.40 goal_err=-24 carrot_err= -23 c0=1.01 clear=0.68 prog=0.28 rel=0.92 bal=-0.31 obs=242 hard=233 obsc=244 yr=  0  nz=0.08 flt=0.01 dmap=+1/-0 shz=4.0 plan=8 cmd=(lx=+0.00,ly=+0.28,rx=+0.00)
  t= 65.2 ENG-GO pos=(-4.34,+1.73) yaw=+130.6 d=1.37 goal_err=-24 carrot_err= -24 c0=0.98 clear=0.65 prog=0.28 rel=0.92 bal=-0.32 obs=244 hard=235 obsc=246 yr=  0  nz=0.08 flt=0.00 dmap=+0/-0 shz=4.0 plan=7 cmd=(lx=+0.00,ly=+0.28,rx=+0.00)
  t= 65.7 ENG-GO pos=(-4.37,+1.75) yaw=+130.6 d=1.34 goal_err=-25 carrot_err= -25 c0=0.95 clear=0.63 prog=0.27 rel=0.94 bal=-0.34 obs=244 hard=235 obsc=246 yr=  0  nz=0.07 flt=0.00 dmap=+0/-0 shz=4.0 plan=7 cmd=(lx=+0.00,ly=+0.28,rx=+0.00)
  t= 66.1 ENG-GO pos=(-4.39,+1.78) yaw=+130.6 d=1.30 goal_err=-25 carrot_err= -26 c0=0.91 clear=0.61 prog=0.26 rel=0.92 bal=-0.35 obs=243 hard=235 obsc=246 yr=  0  nz=0.08 flt=0.00 dmap=+0/-0 shz=4.0 plan=7 cmd=(lx=+0.00,ly=+0.28,rx=+0.00)
  [META2-DOOR] Door_Direct: CRUZADA (cols=0) -> Pl=1.00
  t= 66.5 DWA-F pos=(-4.42,+1.82) yaw=+130.6 d=1.26 goal_err=-26 carrot_err= -28 c0=0.87 clear=0.58 prog=0.27 rel=0.92 bal=-0.47 obs=245 hard=237 obsc=248 yr=  0  nz=0.08 flt=0.01 dmap=+0/-0 shz=4.0 plan=7 cmd=(lx=+0.00,ly=+0.40,rx=+0.00)
  t= 66.9 DWA-F pos=(-4.45,+1.85) yaw=+130.6 d=1.22 goal_err=-27 carrot_err= -29 c0=0.83 clear=0.55 prog=0.28 rel=0.92 bal=-0.48 obs=244 hard=234 obsc=246 yr=  0  nz=0.08 flt=0.01 dmap=+0/-0 shz=4.0 plan=7 cmd=(lx=+0.00,ly=+0.40,rx=+0.00)
  t= 67.4 DWA-F pos=(-4.48,+1.88) yaw=+127.4 d=1.18 goal_err=-25 carrot_err= -28 c0=0.89 clear=0.59 prog=0.29 rel=0.93 bal=-0.49 obs=244 hard=234 obsc=246 yr= 16  nz=0.07 flt=0.00 dmap=+0/-0 shz=4.0 plan=7 cmd=(lx=+0.00,ly=+0.40,rx=+0.00)
  t= 67.8 DWA-F pos=(-4.50,+1.92) yaw=+127.4 d=1.14 goal_err=-26 carrot_err= -19 c0=0.85 clear=0.56 prog=0.31 rel=0.95 bal=-0.37 obs=243 hard=236 obsc=247 yr=  0  nz=0.05 flt=0.00 dmap=+0/-0 shz=4.0 plan=7 cmd=(lx=+0.00,ly=+0.40,rx=+0.00)
  t= 68.2 DWA-F pos=(-4.53,+1.95) yaw=+127.4 d=1.10 goal_err=-27 carrot_err= -20 c0=0.81 clear=0.54 prog=0.30 rel=0.95 bal=-0.53 obs=243 hard=234 obsc=245 yr=  0  nz=0.05 flt=0.01 dmap=+1/-0 shz=4.0 plan=6 cmd=(lx=+0.00,ly=+0.40,rx=+0.00)
  t= 68.7 DWA-F pos=(-4.56,+2.00) yaw=+127.4 d=1.06 goal_err=-28 carrot_err= -21 c0=0.75 clear=0.50 prog=0.33 rel=0.93 bal=-0.52 obs=242 hard=235 obsc=246 yr=  0  nz=0.07 flt=0.00 dmap=+1/-2 shz=4.0 plan=6 cmd=(lx=+0.00,ly=+0.40,rx=+0.00)
  t= 69.1 DWA-F pos=(-4.59,+2.03) yaw=+127.4 d=1.02 goal_err=-30 carrot_err= -22 c0=0.71 clear=0.47 prog=0.32 rel=0.92 bal=-0.53 obs=243 hard=234 obsc=245 yr=  0  nz=0.08 flt=0.00 dmap=+0/-0 shz=4.0 plan=6 cmd=(lx=+0.00,ly=+0.40,rx=+0.00)
  t= 69.5 DWA-F pos=(-4.62,+2.07) yaw=+127.4 d=0.98 goal_err=-31 carrot_err= -23 c0=0.67 clear=0.45 prog=0.32 rel=0.93 bal=-0.53 obs=244 hard=235 obsc=247 yr=  0  nz=0.07 flt=0.01 dmap=+0/-0 shz=4.0 plan=6 cmd=(lx=+0.00,ly=+0.40,rx=+0.00)
  t= 69.9 DWA-F pos=(-4.65,+2.11) yaw=+127.4 d=0.93 goal_err=-33 carrot_err= -28 c0=0.62 clear=0.41 prog=0.33 rel=0.92 bal=-0.54 obs=247 hard=238 obsc=249 yr=  0  nz=0.08 flt=0.00 dmap=+1/-0 shz=4.0 plan=6 cmd=(lx=+0.00,ly=+0.40,rx=+0.00)
  t= 70.4 DWA-F pos=(-4.68,+2.15) yaw=+127.4 d=0.89 goal_err=-34 carrot_err= -29 c0=0.85 clear=0.57 prog=0.31 rel=0.88 bal=-0.54 obs=246 hard=238 obsc=250 yr=  0  nz=0.12 flt=0.00 dmap=+0/-0 shz=4.0 plan=6 cmd=(lx=+0.00,ly=+0.40,rx=+0.45)
  t= 70.8 DWA-F pos=(-4.70,+2.18) yaw=+124.2 d=0.86 goal_err=-32 carrot_err= -27 c0=0.81 clear=0.54 prog=0.30 rel=0.84 bal=-0.41 obs=251 hard=242 obsc=254 yr=  0  nz=0.16 flt=0.07 dmap=+0/-0 shz=4.0 plan=6 cmd=(lx=+0.00,ly=+0.40,rx=+0.00)
  t= 71.2 DWA-F pos=(-4.73,+2.22) yaw=+124.2 d=0.82 goal_err=-34 carrot_err= -29 c0=1.17 clear=0.78 prog=0.30 rel=0.71 bal=-0.41 obs=253 hard=244 obsc=257 yr=  0  nz=0.29 flt=0.01 dmap=+1/-2 shz=4.0 plan=5 cmd=(lx=+0.00,ly=+0.40,rx=+0.45)
  t= 71.7 DWA-F pos=(-4.76,+2.26) yaw=+119.4 d=0.78 goal_err=-31 carrot_err= -26 c0=1.12 clear=0.75 prog=0.31 rel=0.74 bal=-0.41 obs=255 hard=244 obsc=257 yr= 15  nz=0.26 flt=0.06 dmap=+3/-2 shz=4.0 plan=5 cmd=(lx=+0.00,ly=+0.40,rx=+0.00)
  t= 72.1 DWA-F pos=(-4.78,+2.30) yaw=+119.4 d=0.74 goal_err=-33 carrot_err= -27 c0=1.08 clear=0.72 prog=0.29 rel=0.79 bal=-0.41 obs=255 hard=246 obsc=257 yr=  0  nz=0.21 flt=0.02 dmap=+0/-0 shz=4.0 plan=5 cmd=(lx=+0.00,ly=+0.40,rx=+0.00)
  t= 72.5 DWA-F pos=(-4.80,+2.33) yaw=+117.8 d=0.71 goal_err=-33 carrot_err= -27 c0=1.04 clear=0.70 prog=0.28 rel=0.92 bal=-0.41 obs=255 hard=247 obsc=257 yr= 15G nz=0.08 flt=0.01 dmap=+0/-0 shz=4.0 plan=5 cmd=(lx=+0.00,ly=+0.40,rx=+0.00)
  t= 73.0 DWA-F pos=(-4.82,+2.37) yaw=+116.1 d=0.68 goal_err=-33 carrot_err= -28 c0=1.02 clear=0.68 prog=0.28 rel=0.93 bal=-0.41 obs=252 hard=246 obsc=256 yr=  0  nz=0.07 flt=0.02 dmap=+0/-2 shz=4.0 plan=4 cmd=(lx=+0.00,ly=+0.40,rx=+0.00)
  t= 73.4 DWA-F pos=(-4.84,+2.42) yaw=+114.5 d=0.63 goal_err=-34 carrot_err= -28 c0=0.96 clear=0.64 prog=0.30 rel=0.92 bal=-0.41 obs=251 hard=244 obsc=256 yr= 15G nz=0.08 flt=0.00 dmap=+0/-0 shz=4.0 plan=4 cmd=(lx=+0.00,ly=+0.40,rx=+0.45)
  t= 73.8 DWA-F pos=(-4.86,+2.46) yaw=+111.3 d=0.60 goal_err=-33 carrot_err= -27 c0=0.92 clear=0.61 prog=0.29 rel=0.92 bal=-0.40 obs=251 hard=241 obsc=253 yr=  0  nz=0.08 flt=0.03 dmap=+0/-0 shz=4.0 plan=4 cmd=(lx=+0.00,ly=+0.40,rx=+0.45)
  t= 74.3 DWA-F pos=(-4.87,+2.50) yaw=+106.5 d=0.56 goal_err=-31 carrot_err= -25 c0=0.88 clear=0.59 prog=0.29 rel=0.91 bal=-0.39 obs=256 hard=245 obsc=259 yr= 14  nz=0.09 flt=0.13 dmap=+7/-2 shz=4.0 plan=4 cmd=(lx=+0.00,ly=+0.40,rx=+0.00)
  t= 74.7 DWA-F pos=(-4.88,+2.54) yaw=+106.5 d=0.52 goal_err=-34 carrot_err= -27 c0=0.84 clear=0.56 prog=0.29 rel=0.91 bal=-0.38 obs=254 hard=246 obsc=258 yr=  0G nz=0.09 flt=0.00 dmap=+0/-0 shz=4.0 plan=4 cmd=(lx=+0.00,ly=+0.28,rx=+0.45)
  t= 75.1 DWA-F pos=(-4.90,+2.59) yaw=+100.1 d=0.48 goal_err=-30 carrot_err= -23 c0=0.95 clear=0.64 prog=0.30 rel=0.91 bal=-0.38 obs=254 hard=246 obsc=258 yr= 15G nz=0.09 flt=0.04 dmap=+0/-0 shz=4.0 plan=4 cmd=(lx=+0.00,ly=+0.40,rx=+0.00)
  t= 75.6 DWA-T pos=(-4.90,+2.62) yaw= +98.5 d=0.45 goal_err=-31 carrot_err= -23 c0=0.93 clear=0.62 prog=0.28 rel=0.91 bal=-0.17 obs=257 hard=251 obsc=264 yr=  0  nz=0.09 flt=0.04 dmap=+0/-0 shz=4.0 plan=4 cmd=(lx=+0.00,ly=+0.00,rx=+0.00)
  t= 76.0 DWA-T pos=(-4.90,+2.62) yaw= +98.5 d=0.45 goal_err=-31 carrot_err= -23 c0=0.93 clear=0.62 prog=0.21 rel=0.91 bal=-0.17 obs=258 hard=248 obsc=263 yr=  0  nz=0.09 flt=0.00 dmap=+0/-0 shz=4.0 plan=3 cmd=(lx=+0.00,ly=+0.00,rx=+0.00)
  t= 76.4 DWA-T pos=(-4.90,+2.62) yaw= +98.5 d=0.45 goal_err=-31 carrot_err= -23 c0=0.93 clear=0.62 prog=0.15 rel=0.91 bal=-0.17 obs=258 hard=248 obsc=263 yr=  0  nz=0.09 flt=0.00 dmap=+0/-0 shz=4.0 plan=3 cmd=(lx=+0.00,ly=+0.00,rx=+0.00)
  t= 76.8 BRK-BK pos=(-4.90,+2.62) yaw= +98.5 d=0.45 goal_err=-31 carrot_err= -23 c0=0.93 clear=0.62 prog=0.07 rel=0.91 bal=-0.17 obs=258 hard=248 obsc=263 yr=  0  nz=0.09 flt=0.00 dmap=+0/-0 shz=4.0 plan=0 cmd=(lx=+0.00,ly=-0.35,rx=+0.00)
  t= 77.3 BRK-TR pos=(-4.89,+2.57) yaw= +98.5 d=0.50 goal_err=-28 carrot_err= -21 c0=0.97 clear=0.65 prog=0.00 rel=0.98 bal=-0.17 obs=254 hard=245 obsc=259 yr=  0G nz=0.02 flt=0.00 dmap=+0/-0 shz=3.7 plan=0 cmd=(lx=+0.00,ly=+0.00,rx=+0.45)
  t= 77.7 BRK-TR pos=(-4.89,+2.57) yaw= +92.1 d=0.50 goal_err=-21 carrot_err= -14 c0=1.15 clear=0.77 prog=0.00 rel=0.84 bal=-0.18 obs=254 hard=246 obsc=259 yr= 15G nz=0.16 flt=0.01 dmap=+0/-0 shz=3.8 plan=0 cmd=(lx=+0.00,ly=+0.00,rx=+0.45)
  t= 78.1 BRK-TR pos=(-4.89,+2.57) yaw= +84.1 d=0.50 goal_err=-13 carrot_err=  -6 c0=1.14 clear=0.76 prog=0.00 rel=0.84 bal=-0.27 obs=254 hard=246 obsc=259 yr= 15G nz=0.16 flt=0.04 dmap=+0/-0 shz=3.7 plan=0 cmd=(lx=+0.00,ly=+0.00,rx=+0.45)
  t= 78.5 BRK-TR pos=(-4.89,+2.57) yaw= +77.8 d=0.50 goal_err=-7 carrot_err=  +0 c0=1.14 clear=0.76 prog=0.00 rel=0.84 bal=-0.32 obs=254 hard=246 obsc=259 yr= 15G nz=0.16 flt=0.08 dmap=+0/-0 shz=3.7 plan=0 cmd=(lx=+0.00,ly=+0.00,rx=+0.45)
  t= 78.9 BRK-TR pos=(-4.89,+2.57) yaw= +71.8 d=0.50 goal_err=-1 carrot_err=  +6 c0=1.08 clear=0.72 prog=0.00 rel=0.89 bal=-0.32 obs=255 hard=247 obsc=260 yr= 14G nz=0.11 flt=0.11 dmap=+0/-0 shz=3.8 plan=0 cmd=(lx=+0.00,ly=+0.00,rx=+0.45)
  t= 79.4 BRK-TR pos=(-4.89,+2.57) yaw= +65.8 d=0.50 goal_err=+5 carrot_err= +12 c0=1.08 clear=0.72 prog=0.00 rel=0.94 bal=-0.23 obs=255 hard=247 obsc=260 yr= 14G nz=0.06 flt=0.01 dmap=+0/-0 shz=3.7 plan=0 cmd=(lx=+0.00,ly=+0.00,rx=+0.45)
  t= 79.8 DWA-T pos=(-4.89,+2.58) yaw= +61.4 d=0.49 goal_err=+10 carrot_err= +17 c0=1.07 clear=0.72 prog=0.01 rel=0.95 bal=-0.23 obs=253 hard=241 obsc=257 yr=  0  nz=0.05 flt=0.01 dmap=+0/-0 shz=3.8 plan=3 cmd=(lx=+0.00,ly=+0.00,rx=+0.00)
  t= 80.2 DWA-T pos=(-4.88,+2.59) yaw= +61.4 d=0.48 goal_err=+10 carrot_err= +17 c0=1.06 clear=0.71 prog=0.04 rel=0.98 bal=-0.23 obs=251 hard=242 obsc=254 yr=  0  nz=0.02 flt=0.03 dmap=+0/-0 shz=3.7 plan=3 cmd=(lx=+0.00,ly=+0.00,rx=+0.00)
  t= 80.7 DWA-T pos=(-4.88,+2.59) yaw= +61.4 d=0.48 goal_err=+10 carrot_err= +17 c0=1.06 clear=0.71 prog=0.04 rel=0.98 bal=-0.23 obs=251 hard=242 obsc=254 yr=  0  nz=0.02 flt=0.03 dmap=+0/-0 shz=3.7 plan=3 cmd=(lx=+0.00,ly=+0.00,rx=+0.00)
  t= 81.1 DWA-T pos=(-4.88,+2.59) yaw= +61.4 d=0.48 goal_err=+10 carrot_err= +17 c0=1.06 clear=0.71 prog=0.04 rel=0.98 bal=-0.23 obs=251 hard=242 obsc=254 yr=  0  nz=0.02 flt=0.03 dmap=+0/-0 shz=3.7 plan=0 cmd=(lx=+0.00,ly=+0.00,rx=+0.00)
  t= 81.5 BRK-BK pos=(-4.89,+2.57) yaw= +61.4 d=0.50 goal_err=+9 carrot_err= +16 c0=1.08 clear=0.72 prog=0.00 rel=0.98 bal=-0.23 obs=238 hard=234 obsc=240 yr=  0  nz=0.02 flt=0.00 dmap=+0/-13 shz=3.5 plan=0 cmd=(lx=+0.00,ly=-0.35,rx=+0.00)
  t= 82.0 BRK-TR pos=(-4.91,+2.53) yaw= +58.4 d=0.54 goal_err=+12 carrot_err= +18 c0=1.12 clear=0.75 prog=0.00 rel=0.98 bal=-0.22 obs=238 hard=235 obsc=240 yr= 28G nz=0.02 flt=0.04 dmap=+0/-0 shz=3.5 plan=0 cmd=(lx=+0.00,ly=+0.00,rx=+0.45)
  t= 82.4 BRK-TR pos=(-4.91,+2.53) yaw= +52.4 d=0.54 goal_err=+18 carrot_err= +24 c0=1.12 clear=0.75 prog=0.00 rel=0.96 bal=-0.16 obs=238 hard=235 obsc=240 yr= 14G nz=0.04 flt=0.00 dmap=+0/-0 shz=3.5 plan=0 cmd=(lx=+0.00,ly=+0.00,rx=+0.45)
  t= 82.8 BRK-TR pos=(-4.91,+2.53) yaw= +46.5 d=0.54 goal_err=+24 carrot_err= +30 c0=1.12 clear=0.75 prog=0.00 rel=0.97 bal=-0.16 obs=238 hard=235 obsc=240 yr= 14G nz=0.03 flt=0.09 dmap=+0/-0 shz=3.5 plan=0 cmd=(lx=+0.00,ly=+0.00,rx=+0.45)
  t= 83.2 BRK-TR pos=(-4.91,+2.53) yaw= +40.5 d=0.54 goal_err=+30 carrot_err= +36 c0=1.12 clear=0.75 prog=0.00 rel=0.97 bal=-0.04 obs=238 hard=235 obsc=240 yr= 14G nz=0.03 flt=0.00 dmap=+0/-0 shz=3.5 plan=0 cmd=(lx=+0.00,ly=+0.00,rx=+0.45)
  t= 83.6 BRK-TR pos=(-4.91,+2.53) yaw= +34.6 d=0.54 goal_err=+36 carrot_err= +42 c0=1.12 clear=0.75 prog=0.00 rel=0.98 bal=-0.04 obs=238 hard=235 obsc=240 yr= 14G nz=0.02 flt=0.05 dmap=+0/-0 shz=3.5 plan=0 cmd=(lx=+0.00,ly=+0.00,rx=+0.45)
  t= 84.1 DWA-F pos=(-4.91,+2.53) yaw= +28.6 d=0.54 goal_err=+42 carrot_err= +48 c0=1.12 clear=0.75 prog=0.00 rel=0.98 bal=+0.03 obs=238 hard=235 obsc=240 yr= 14G nz=0.01 flt=0.12 dmap=+0/-0 shz=3.5 plan=3 cmd=(lx=+0.00,ly=+0.28,rx=-0.45)
  t= 84.5 DWA-F pos=(-4.89,+2.54) yaw= +30.1 d=0.52 goal_err=+42 carrot_err= +48 c0=1.10 clear=0.73 prog=0.03 rel=0.98 bal=+0.04 obs=238 hard=235 obsc=240 yr= 14G nz=0.02 flt=0.03 dmap=+0/-0 shz=3.5 plan=3 cmd=(lx=+0.00,ly=+0.28,rx=-0.45)
  t= 84.9 DWA-F pos=(-4.87,+2.56) yaw= +36.0 d=0.50 goal_err=+38 carrot_err= +45 c0=1.08 clear=0.72 prog=0.06 rel=0.94 bal=+0.04 obs=238 hard=235 obsc=240 yr= 14G nz=0.03 flt=0.19 dmap=+0/-0 shz=3.5 plan=3 cmd=(lx=+0.00,ly=+0.28,rx=-0.45)
  t= 85.4 DWA-F pos=(-4.85,+2.58) yaw= +42.0 d=0.48 goal_err=+34 carrot_err= +41 c0=1.05 clear=0.70 prog=0.10 rel=0.95 bal=-0.02 obs=239 hard=236 obsc=241 yr= 14G nz=0.05 flt=0.10 dmap=+0/-0 shz=3.5 plan=3 cmd=(lx=+0.00,ly=+0.28,rx=-0.45)
  t= 85.8 DWA-F pos=(-4.83,+2.60) yaw= +48.0 d=0.46 goal_err=+30 carrot_err= +38 c0=1.02 clear=0.68 prog=0.14 rel=0.94 bal=-0.02 obs=240 hard=237 obsc=242 yr= 14G nz=0.06 flt=0.03 dmap=+1/-0 shz=3.5 plan=3 cmd=(lx=+0.00,ly=+0.28,rx=-0.45)
  t= 86.2 DWA-F pos=(-4.81,+2.62) yaw= +53.9 d=0.43 goal_err=+25 carrot_err= +34 c0=0.99 clear=0.66 prog=0.18 rel=0.94 bal=-0.14 obs=240 hard=237 obsc=242 yr= 14G nz=0.06 flt=0.01 dmap=+0/-0 shz=3.5 plan=3 cmd=(lx=+0.00,ly=+0.28,rx=-0.45)
  t= 86.6 DWA-T pos=(-4.80,+2.63) yaw= +58.4 d=0.41 goal_err=+22 carrot_err= +32 c0=0.97 clear=0.65 prog=0.17 rel=0.93 bal=-0.13 obs=232 hard=225 obsc=233 yr=  0  nz=0.07 flt=0.02 dmap=+0/-0 shz=3.5 plan=3 cmd=(lx=+0.00,ly=+0.00,rx=+0.00)

  >>> MODO AGRESIVO ON (12s sin acercarse a B): reduzco inflado y holgura (min seguridad 0.24m) para cruzar la puerta.
  t= 87.1 AGR-DWA-T pos=(-4.80,+2.63) yaw= +58.4 d=0.41 goal_err=+22 carrot_err= +32 c0=0.97 clear=0.65 prog=0.14 rel=0.93 bal=-0.13 obs=232 hard=225 obsc=233 yr=  0  nz=0.07 flt=0.02 dmap=+0/-0 shz=3.5 plan=3 cmd=(lx=+0.00,ly=+0.00,rx=+0.00)
  t= 87.5 AGR-DWA-T pos=(-4.80,+2.63) yaw= +58.4 d=0.41 goal_err=+22 carrot_err= +32 c0=0.97 clear=0.65 prog=0.10 rel=0.93 bal=-0.13 obs=232 hard=225 obsc=233 yr=  0  nz=0.07 flt=0.02 dmap=+0/-0 shz=3.5 plan=3 cmd=(lx=+0.00,ly=+0.00,rx=+0.00)
  t= 87.9 AGR-BRK-BK pos=(-4.81,+2.62) yaw= +58.4 d=0.42 goal_err=+21 carrot_err= +31 c0=0.98 clear=0.66 prog=0.04 rel=0.93 bal=-0.13 obs=232 hard=225 obsc=233 yr=  0  nz=0.07 flt=0.02 dmap=+0/-0 shz=3.5 plan=0 cmd=(lx=+0.00,ly=-0.35,rx=+0.00)
  t= 88.3 AGR-BRK-TR pos=(-4.82,+2.59) yaw= +56.9 d=0.46 goal_err=+21 carrot_err= +30 c0=1.02 clear=0.68 prog=0.00 rel=0.98 bal=-0.14 obs=229 hard=224 obsc=232 yr= 14G nz=0.02 flt=0.00 dmap=+0/-0 shz=3.3 plan=0 cmd=(lx=+0.00,ly=+0.00,rx=+0.45)
  t= 88.8 AGR-BRK-TR pos=(-4.82,+2.59) yaw= +49.5 d=0.46 goal_err=+29 carrot_err= +37 c0=1.02 clear=0.68 prog=0.00 rel=0.97 bal=-0.14 obs=229 hard=224 obsc=232 yr= 14G nz=0.03 flt=0.06 dmap=+0/-0 shz=3.3 plan=0 cmd=(lx=+0.00,ly=+0.00,rx=+0.45)
  t= 89.2 AGR-BRK-TR pos=(-4.82,+2.59) yaw= +43.5 d=0.46 goal_err=+35 carrot_err= +43 c0=1.02 clear=0.68 prog=0.00 rel=0.98 bal=-0.02 obs=229 hard=224 obsc=232 yr= 14G nz=0.02 flt=0.09 dmap=+0/-0 shz=3.2 plan=0 cmd=(lx=+0.00,ly=+0.00,rx=+0.45)
  t= 89.6 AGR-BRK-TR pos=(-4.82,+2.59) yaw= +37.5 d=0.46 goal_err=+41 carrot_err= +49 c0=1.02 clear=0.68 prog=0.00 rel=0.97 bal=+0.04 obs=231 hard=226 obsc=233 yr= 14G nz=0.03 flt=0.08 dmap=+0/-0 shz=3.3 plan=0 cmd=(lx=+0.00,ly=+0.00,rx=+0.45)
  t= 90.0 AGR-BRK-TR pos=(-4.82,+2.59) yaw= +31.6 d=0.46 goal_err=+46 carrot_err= +55 c0=1.02 clear=0.68 prog=0.00 rel=0.98 bal=+0.04 obs=231 hard=226 obsc=233 yr= 14G nz=0.01 flt=0.00 dmap=+0/-0 shz=3.3 plan=0 cmd=(lx=+0.00,ly=+0.00,rx=+0.45)
  t= 90.5 AGR-BRK-TR pos=(-4.82,+2.59) yaw= +25.6 d=0.46 goal_err=+52 carrot_err= +61 c0=1.15 clear=0.77 prog=0.00 rel=0.92 bal=+0.04 obs=231 hard=226 obsc=233 yr= 14G nz=0.08 flt=0.05 dmap=+0/-0 shz=3.2 plan=0 cmd=(lx=+0.00,ly=+0.00,rx=+0.45)
  t= 90.9 AGR-DWA-F pos=(-4.81,+2.60) yaw= +25.6 d=0.45 goal_err=+54 carrot_err= +63 c0=1.14 clear=0.76 prog=0.01 rel=0.89 bal=+0.05 obs=231 hard=226 obsc=233 yr= 14G nz=0.11 flt=0.01 dmap=+0/-0 shz=3.3 plan=3 cmd=(lx=+0.00,ly=+0.28,rx=-0.45)
  t= 91.3 AGR-DWA-F pos=(-4.78,+2.61) yaw= +33.1 d=0.43 goal_err=+50 carrot_err= +60 c0=0.98 clear=0.65 prog=0.05 rel=0.89 bal=+0.04 obs=231 hard=226 obsc=233 yr= 28G nz=0.12 flt=0.22 dmap=+0/-0 shz=3.2 plan=3 cmd=(lx=+0.00,ly=+0.28,rx=-0.45)
  t= 91.7 AGR-DWA-F pos=(-4.76,+2.63) yaw= +39.0 d=0.41 goal_err=+47 carrot_err= +57 c0=0.95 clear=0.63 prog=0.08 rel=0.78 bal=+0.05 obs=232 hard=228 obsc=234 yr= 14G nz=0.16 flt=0.17 dmap=+0/-0 shz=3.2 plan=3 cmd=(lx=+0.00,ly=+0.28,rx=-0.45)
  t= 92.1 AGR-DWA-F pos=(-4.74,+2.65) yaw= +45.0 d=0.39 goal_err=+44 carrot_err= +55 c0=0.92 clear=0.62 prog=0.12 rel=0.85 bal=+0.06 obs=232 hard=228 obsc=234 yr= 14G nz=0.15 flt=0.01 dmap=+0/-0 shz=3.3 plan=3 cmd=(lx=+0.00,ly=+0.28,rx=-0.45)
  t= 92.6 AGR-DWA-F pos=(-4.72,+2.67) yaw= +50.9 d=0.37 goal_err=+41 carrot_err= +53 c0=0.90 clear=0.60 prog=0.15 rel=0.91 bal=+0.03 obs=233 hard=229 obsc=235 yr= 14G nz=0.07 flt=0.06 dmap=+0/-0 shz=3.2 plan=3 cmd=(lx=+0.00,ly=+0.28,rx=-0.45)

  LLEGADO a 'B' (-4.73,+3.04); error=0.35 m, colisiones=0.
  [spill] derrames=0 E[N]=0.02 eta_max=1.11 riesgo=1.0%
  [dataset] travesia guardada -> /Users/adrianlendinezibanez/Claude/Projects/G1 ROBOT/dataset/20260708_133816_ours_B.json
  [stats] fila anadida -> /Users/adrianlendinezibanez/Claude/Projects/G1 ROBOT/dataset/runs_stats.csv

Fin goto.
  [META2-L2] estado guardado (meta2_state_abfull.json): Pl={'Efficient_Nav': 1.0, 'Cautious_Nav': 1.0} derrames_run=0
  backend grafico: TkAgg
>>> SIM ADAPTER: conectando a rosbridge ws://localhost:8765 ...
  esperando /odom (hasta 30s; el mundo del lab tarda en cargar)... ok
  /odom OK pose=(+0.99,+0.57) | /scan: OK
  escenario LAB: mapa/waypoints/puerta REALES (lab.world solo-paredes, frame G1)

>>> GOTO 'B' -> (-4.73,+3.04). Mando en mano (L2+B). Ctrl+C aborta.
    ENTORNO: SIM (id: lab_v1_ab_full)  — esta run se registra como SIMULACION, no cuenta como run de robot
  Esperando pose localizada y primera nube... ok.
  FRAME-CHECK start=(+0.99,+0.57) wp_mas_cercano=A(+0.99,+0.57) offset=0.00m  -> frame OK (pose y waypoints alineados)
  [spill] payload de agua simulado (semilla=20260708_134520_ours_B.json)
  [META2-DOOR] variante de engagement: Door_Direct (Pl={Door_Direct:1.00, Door_Far:1.00, Door_BiasPlus:1.00})
  META2 ACTIVO (techo por analogia): Meta-Reasoner 2.0, analogia inicial Cautious_Nav

  !!!!!!!!!!!!!!!!!!!!!!!!!!!!!!!!!!!!!!!!!!!!!!!!!!!!!!!!!!!!!!!!!!!!!!!!!!
  !!  VISION OFF (G1_PERC sin definir) pero G1_NOVIS=1: navego SIN vision bajo tu responsabilidad.
  !!  La MESA invisible al LiDAR no se vera.
  !!!!!!!!!!!!!!!!!!!!!!!!!!!!!!!!!!!!!!!!!!!!!!!!!!!!!!!!!!!!!!!!!!!!!!!!!!

  mapa de referencia: 961 celdas | muebles estaticos (nav_map): 0 celdas | plan global: static
  t=  0.0 DWA-F pos=(+0.99,+0.57) yaw=-120.3 d=6.23 goal_err=-83 carrot_err= -62 c0=2.25 clear=1.00 prog=0.00 rel=1.00 bal=+0.19 obs=108 hard=108 obsc=108 yr=  0  nz=0.00 flt=0.19 dmap=+108/-0 shz=0.0 plan=34 cmd=(lx=+0.00,ly=+0.40,rx=+0.45)
  t=  0.4 DWA-F pos=(+0.97,+0.53) yaw=-125.1 d=6.22 goal_err=-79 carrot_err= -60 c0=2.21 clear=1.00 prog=0.05 rel=0.96 bal=+0.28 obs=111 hard=111 obsc=111 yr= 15G nz=0.04 flt=0.10 dmap=+0/-0 shz=3.2 plan=34 cmd=(lx=+0.00,ly=+0.40,rx=+0.45)
  t=  0.9 DWA-F pos=(+0.93,+0.48) yaw=-131.6 d=6.21 goal_err=-73 carrot_err= -57 c0=2.21 clear=1.00 prog=0.08 rel=0.94 bal=+0.40 obs=111 hard=111 obsc=111 yr= 15G nz=0.06 flt=0.06 dmap=+0/-0 shz=3.5 plan=34 cmd=(lx=+0.00,ly=+0.40,rx=+0.45)
  t=  1.3 DWA-F pos=(+0.89,+0.44) yaw=-138.0 d=6.19 goal_err=-67 carrot_err= -39 c0=2.23 clear=1.00 prog=0.10 rel=0.94 bal=+0.41 obs=111 hard=111 obsc=111 yr= 15G nz=0.06 flt=0.00 dmap=+0/-0 shz=3.8 plan=34 cmd=(lx=+0.00,ly=+0.40,rx=+0.45)
  t=  1.7 DWA-F pos=(+0.84,+0.40) yaw=-144.4 d=6.16 goal_err=-61 carrot_err= -35 c0=2.50 clear=1.00 prog=0.13 rel=0.78 bal=+0.42 obs=111 hard=111 obsc=111 yr= 14  nz=0.22 flt=0.03 dmap=+0/-0 shz=3.8 plan=33 cmd=(lx=+0.00,ly=+0.40,rx=+0.00)
  t=  2.1 DWA-F pos=(+0.78,+0.36) yaw=-146.0 d=6.13 goal_err=-60 carrot_err= -37 c0=2.50 clear=1.00 prog=0.17 rel=0.77 bal=+0.42 obs=119 hard=119 obsc=135 yr=  0G nz=0.23 flt=0.00 dmap=+0/-0 shz=3.7 plan=33 cmd=(lx=+0.00,ly=+0.40,rx=+0.45)
  t=  2.6 DWA-F pos=(+0.74,+0.34) yaw=-150.8 d=6.10 goal_err=-55 carrot_err= -34 c0=2.50 clear=1.00 prog=0.20 rel=0.85 bal=+0.43 obs=136 hard=121 obsc=140 yr=  0  nz=0.15 flt=0.02 dmap=+17/-0 shz=3.9 plan=33 cmd=(lx=+0.00,ly=+0.40,rx=+0.00)
  t=  3.0 DWA-F pos=(+0.71,+0.32) yaw=-150.8 d=6.08 goal_err=-56 carrot_err= -36 c0=2.50 clear=1.00 prog=0.20 rel=0.99 bal=+0.43 obs=141 hard=123 obsc=144 yr=  0  nz=0.01 flt=0.01 dmap=+0/-0 shz=3.8 plan=33 cmd=(lx=+0.00,ly=+0.40,rx=+0.45)
  t=  3.4 DWA-F pos=(+0.67,+0.30) yaw=-152.4 d=6.06 goal_err=-55 carrot_err= -34 c0=2.50 clear=1.00 prog=0.21 rel=0.99 bal=+0.44 obs=145 hard=125 obsc=146 yr=  0  nz=0.01 flt=0.01 dmap=+0/-0 shz=3.9 plan=32 cmd=(lx=+0.00,ly=+0.40,rx=+0.00)
  t=  3.9 DWA-F pos=(+0.62,+0.27) yaw=-152.4 d=6.02 goal_err=-55 carrot_err= -36 c0=2.50 clear=1.00 prog=0.20 rel=0.99 bal=+0.36 obs=145 hard=138 obsc=145 yr=  0  nz=0.01 flt=0.00 dmap=+0/-0 shz=3.9 plan=32 cmd=(lx=+0.00,ly=+0.40,rx=+0.00)
  t=  4.3 DWA-F pos=(+0.58,+0.25) yaw=-155.6 d=6.00 goal_err=-52 carrot_err= -35 c0=2.50 clear=1.00 prog=0.20 rel=0.99 bal=+0.37 obs=145 hard=138 obsc=145 yr= 15  nz=0.01 flt=0.01 dmap=+0/-0 shz=3.9 plan=32 cmd=(lx=+0.00,ly=+0.40,rx=+0.00)
  t=  4.7 DWA-F pos=(+0.54,+0.23) yaw=-155.6 d=5.97 goal_err=-52 carrot_err= -22 c0=2.50 clear=1.00 prog=0.21 rel=0.99 bal=+0.38 obs=151 hard=148 obsc=151 yr=  0  nz=0.01 flt=0.00 dmap=+0/-0 shz=3.9 plan=32 cmd=(lx=+0.00,ly=+0.40,rx=+0.00)
  t=  5.2 DWA-F pos=(+0.50,+0.21) yaw=-155.6 d=5.94 goal_err=-53 carrot_err= -23 c0=2.50 clear=1.00 prog=0.21 rel=0.99 bal=+0.39 obs=152 hard=150 obsc=152 yr=  0  nz=0.01 flt=0.00 dmap=+1/-0 shz=3.9 plan=32 cmd=(lx=+0.00,ly=+0.40,rx=+0.00)
  t=  5.6 DWA-F pos=(+0.45,+0.19) yaw=-155.6 d=5.91 goal_err=-53 carrot_err= -25 c0=2.50 clear=1.00 prog=0.23 rel=0.99 bal=+0.41 obs=153 hard=151 obsc=153 yr=  0  nz=0.01 flt=0.01 dmap=+0/-0 shz=3.9 plan=32 cmd=(lx=+0.00,ly=+0.40,rx=+0.00)
  t=  6.0 DWA-F pos=(+0.41,+0.17) yaw=-155.6 d=5.88 goal_err=-54 carrot_err= -26 c0=2.50 clear=1.00 prog=0.22 rel=0.99 bal=+0.42 obs=154 hard=152 obsc=155 yr=  0  nz=0.01 flt=0.01 dmap=+0/-0 shz=3.9 plan=32 cmd=(lx=+0.00,ly=+0.40,rx=+0.00)
  t=  6.4 DWA-F pos=(+0.37,+0.16) yaw=-155.6 d=5.86 goal_err=-54 carrot_err= -28 c0=2.50 clear=1.00 prog=0.22 rel=0.99 bal=+0.43 obs=157 hard=153 obsc=157 yr=  0  nz=0.01 flt=0.00 dmap=+0/-0 shz=3.9 plan=31 cmd=(lx=+0.00,ly=+0.40,rx=+0.00)
  t=  6.9 DWA-F pos=(+0.33,+0.14) yaw=-155.6 d=5.83 goal_err=-54 carrot_err= -29 c0=2.50 clear=1.00 prog=0.22 rel=0.99 bal=+0.43 obs=156 hard=152 obsc=156 yr=  0  nz=0.01 flt=0.00 dmap=+0/-0 shz=3.9 plan=31 cmd=(lx=+0.00,ly=+0.40,rx=+0.00)
  t=  7.3 DWA-F pos=(+0.28,+0.11) yaw=-155.6 d=5.80 goal_err=-55 carrot_err= -17 c0=2.50 clear=1.00 prog=0.21 rel=0.99 bal=+0.44 obs=156 hard=153 obsc=156 yr=  0  nz=0.01 flt=0.00 dmap=+0/-0 shz=4.0 plan=31 cmd=(lx=+0.00,ly=+0.40,rx=+0.00)
  t=  7.7 DWA-F pos=(+0.24,+0.10) yaw=-155.6 d=5.77 goal_err=-55 carrot_err= -18 c0=2.50 clear=1.00 prog=0.21 rel=0.98 bal=+0.45 obs=156 hard=154 obsc=156 yr=  0  nz=0.02 flt=0.00 dmap=+0/-0 shz=3.9 plan=30 cmd=(lx=+0.00,ly=+0.40,rx=+0.00)
  t=  8.2 DWA-F pos=(+0.20,+0.08) yaw=-155.6 d=5.75 goal_err=-55 carrot_err= -19 c0=2.50 clear=1.00 prog=0.21 rel=0.98 bal=+0.38 obs=157 hard=156 obsc=159 yr=  0  nz=0.02 flt=0.00 dmap=+2/-2 shz=3.9 plan=30 cmd=(lx=+0.00,ly=+0.40,rx=+0.00)
  t=  8.6 DWA-F pos=(+0.16,+0.06) yaw=-155.6 d=5.72 goal_err=-56 carrot_err= -20 c0=2.50 clear=1.00 prog=0.21 rel=0.99 bal=+0.38 obs=159 hard=156 obsc=159 yr=  0  nz=0.01 flt=0.00 dmap=+0/-0 shz=4.0 plan=30 cmd=(lx=+0.00,ly=+0.40,rx=+0.00)
  t=  9.0 DWA-F pos=(+0.11,+0.04) yaw=-155.6 d=5.69 goal_err=-56 carrot_err= -21 c0=2.44 clear=1.00 prog=0.22 rel=0.96 bal=+0.39 obs=159 hard=156 obsc=160 yr=  0  nz=0.04 flt=0.01 dmap=+0/-0 shz=3.9 plan=30 cmd=(lx=+0.00,ly=+0.40,rx=+0.00)
  t=  9.5 DWA-F pos=(+0.07,+0.02) yaw=-155.6 d=5.67 goal_err=-57 carrot_err= -23 c0=2.40 clear=1.00 prog=0.20 rel=0.93 bal=+0.39 obs=161 hard=159 obsc=162 yr=  0  nz=0.07 flt=0.01 dmap=+0/-0 shz=4.0 plan=29 cmd=(lx=+0.00,ly=+0.40,rx=+0.00)
  t=  9.9 DWA-F pos=(+0.03,-0.00) yaw=-155.6 d=5.64 goal_err=-57 carrot_err= -24 c0=2.35 clear=1.00 prog=0.20 rel=0.92 bal=+0.39 obs=162 hard=161 obsc=163 yr=  0  nz=0.08 flt=0.00 dmap=+0/-0 shz=3.9 plan=29 cmd=(lx=+0.00,ly=+0.40,rx=+0.00)
  t= 10.3 DWA-F pos=(-0.02,-0.02) yaw=-155.6 d=5.62 goal_err=-57 carrot_err= -26 c0=2.31 clear=1.00 prog=0.20 rel=0.93 bal=+0.41 obs=164 hard=164 obsc=166 yr=  0  nz=0.07 flt=0.02 dmap=+0/-0 shz=4.0 plan=29 cmd=(lx=+0.00,ly=+0.40,rx=+0.00)
  t= 10.7 DWA-F pos=(-0.07,-0.04) yaw=-155.6 d=5.59 goal_err=-58 carrot_err= -28 c0=2.25 clear=1.00 prog=0.21 rel=0.92 bal=+0.43 obs=167 hard=165 obsc=168 yr=  0  nz=0.08 flt=0.01 dmap=+0/-0 shz=3.9 plan=29 cmd=(lx=+0.00,ly=+0.40,rx=+0.00)
  t= 11.2 DWA-F pos=(-0.11,-0.06) yaw=-155.6 d=5.57 goal_err=-58 carrot_err= -28 c0=2.21 clear=1.00 prog=0.20 rel=0.92 bal=+0.44 obs=169 hard=166 obsc=169 yr=  0  nz=0.08 flt=0.01 dmap=+1/-0 shz=3.9 plan=29 cmd=(lx=+0.00,ly=+0.40,rx=+0.00)
  t= 11.6 DWA-F pos=(-0.15,-0.08) yaw=-155.6 d=5.54 goal_err=-59 carrot_err= -30 c0=2.17 clear=1.00 prog=0.20 rel=0.91 bal=+0.46 obs=171 hard=168 obsc=172 yr=  0  nz=0.09 flt=0.00 dmap=+0/-0 shz=4.0 plan=29 cmd=(lx=+0.00,ly=+0.40,rx=+0.00)
  t= 12.0 DWA-F pos=(-0.19,-0.10) yaw=-155.6 d=5.52 goal_err=-59 carrot_err= -31 c0=2.12 clear=1.00 prog=0.19 rel=0.92 bal=+0.47 obs=172 hard=169 obsc=172 yr=  0  nz=0.09 flt=0.01 dmap=+0/-0 shz=3.9 plan=29 cmd=(lx=+0.00,ly=+0.40,rx=+0.00)
  t= 12.5 DWA-F pos=(-0.24,-0.12) yaw=-155.6 d=5.49 goal_err=-60 carrot_err= -33 c0=2.07 clear=1.00 prog=0.20 rel=0.92 bal=+0.49 obs=171 hard=167 obsc=171 yr=  0  nz=0.08 flt=0.01 dmap=+0/-0 shz=4.0 plan=28 cmd=(lx=+0.00,ly=+0.40,rx=+0.00)
  t= 12.9 DWA-F pos=(-0.28,-0.14) yaw=-155.6 d=5.47 goal_err=-60 carrot_err= -35 c0=2.02 clear=1.00 prog=0.19 rel=0.92 bal=+0.49 obs=172 hard=169 obsc=173 yr=  0  nz=0.08 flt=0.00 dmap=+0/-0 shz=4.0 plan=28 cmd=(lx=+0.00,ly=+0.40,rx=+0.00)
  t= 13.3 DWA-F pos=(-0.32,-0.16) yaw=-155.6 d=5.45 goal_err=-60 carrot_err= -37 c0=1.98 clear=1.00 prog=0.18 rel=0.90 bal=+0.50 obs=174 hard=171 obsc=176 yr=  0  nz=0.10 flt=0.01 dmap=+0/-0 shz=4.0 plan=28 cmd=(lx=+0.00,ly=+0.40,rx=+0.45)
  t= 13.8 DWA-F pos=(-0.36,-0.17) yaw=-158.8 d=5.43 goal_err=-58 carrot_err= -33 c0=1.94 clear=1.00 prog=0.18 rel=0.91 bal=+0.50 obs=174 hard=171 obsc=176 yr= 15G nz=0.09 flt=0.02 dmap=+0/-0 shz=4.0 plan=27 cmd=(lx=+0.00,ly=+0.40,rx=+0.00)
  t= 14.2 DWA-F pos=(-0.41,-0.19) yaw=-162.0 d=5.39 goal_err=-55 carrot_err= -32 c0=1.88 clear=1.00 prog=0.20 rel=0.92 bal=+0.53 obs=175 hard=170 obsc=176 yr=  0  nz=0.09 flt=0.01 dmap=+1/-0 shz=3.9 plan=27 cmd=(lx=+0.00,ly=+0.40,rx=+0.00)
  t= 14.6 DWA-F pos=(-0.45,-0.21) yaw=-162.0 d=5.37 goal_err=-55 carrot_err= -33 c0=1.84 clear=1.00 prog=0.19 rel=0.90 bal=+0.53 obs=175 hard=172 obsc=179 yr=  0  nz=0.10 flt=0.00 dmap=+1/-2 shz=4.0 plan=27 cmd=(lx=+0.00,ly=+0.40,rx=+0.00)
  t= 15.1 DWA-F pos=(-0.50,-0.22) yaw=-162.0 d=5.34 goal_err=-56 carrot_err= -35 c0=1.80 clear=1.00 prog=0.20 rel=0.91 bal=+0.54 obs=178 hard=173 obsc=178 yr=  0  nz=0.09 flt=0.01 dmap=+0/-0 shz=3.9 plan=27 cmd=(lx=+0.00,ly=+0.40,rx=+0.00)
  t= 15.5 DWA-F pos=(-0.54,-0.23) yaw=-162.0 d=5.32 goal_err=-56 carrot_err= -45 c0=1.75 clear=1.00 prog=0.20 rel=0.92 bal=+0.48 obs=178 hard=174 obsc=178 yr=  0G nz=0.08 flt=0.00 dmap=+0/-0 shz=4.0 plan=26 cmd=(lx=+0.00,ly=+0.40,rx=+0.45)
  t= 15.9 DWA-F pos=(-0.59,-0.25) yaw=-170.1 d=5.29 goal_err=-48 carrot_err= -39 c0=1.70 clear=1.00 prog=0.22 rel=0.92 bal=+0.55 obs=178 hard=174 obsc=178 yr= 15G nz=0.08 flt=0.03 dmap=+0/-0 shz=4.0 plan=26 cmd=(lx=+0.00,ly=+0.40,rx=+0.45)
  t= 16.4 DWA-F pos=(-0.64,-0.25) yaw=-174.9 d=5.25 goal_err=-44 carrot_err= -36 c0=1.92 clear=1.00 prog=0.22 rel=0.88 bal=+0.55 obs=197 hard=187 obsc=211 yr=  0  nz=0.12 flt=0.15 dmap=+0/-0 shz=4.0 plan=26 cmd=(lx=+0.00,ly=+0.40,rx=+0.00)
  t= 16.8 DWA-F pos=(-0.68,-0.26) yaw=-174.9 d=5.22 goal_err=-44 carrot_err= -38 c0=1.87 clear=1.00 prog=0.23 rel=0.85 bal=+0.55 obs=199 hard=194 obsc=211 yr=  0  nz=0.15 flt=0.03 dmap=+0/-0 shz=4.0 plan=26 cmd=(lx=+0.00,ly=+0.40,rx=+0.00)
  t= 17.2 DWA-F pos=(-0.72,-0.26) yaw=-174.9 d=5.19 goal_err=-45 carrot_err= -39 c0=1.83 clear=1.00 prog=0.24 rel=0.86 bal=+0.52 obs=200 hard=196 obsc=211 yr=  0G nz=0.14 flt=0.10 dmap=+0/-0 shz=4.0 plan=26 cmd=(lx=+0.00,ly=+0.40,rx=+0.45)
  t= 17.6 DWA-F pos=(-0.78,-0.26) yaw=+178.7 d=5.15 goal_err=-39 carrot_err= -35 c0=1.96 clear=1.00 prog=0.26 rel=0.92 bal=+0.53 obs=195 hard=198 obsc=212 yr=  0  nz=0.08 flt=0.02 dmap=+0/-6 shz=4.0 plan=26 cmd=(lx=+0.00,ly=+0.40,rx=+0.00)
  t= 18.1 DWA-F pos=(-0.82,-0.26) yaw=+178.7 d=5.11 goal_err=-39 carrot_err= -37 c0=1.92 clear=1.00 prog=0.27 rel=0.91 bal=+0.54 obs=195 hard=192 obsc=206 yr=  0  nz=0.09 flt=0.00 dmap=+0/-0 shz=4.0 plan=26 cmd=(lx=+0.00,ly=+0.40,rx=+0.45)
  t= 18.5 DWA-F pos=(-0.87,-0.26) yaw=+175.5 d=5.08 goal_err=-36 carrot_err= -28 c0=1.93 clear=1.00 prog=0.27 rel=0.89 bal=+0.53 obs=201 hard=196 obsc=211 yr= 15  nz=0.11 flt=0.06 dmap=+0/-0 shz=4.0 plan=25 cmd=(lx=+0.00,ly=+0.40,rx=+0.00)
  t= 18.9 DWA-F pos=(-0.93,-0.26) yaw=+175.5 d=5.03 goal_err=-36 carrot_err= -30 c0=1.87 clear=1.00 prog=0.31 rel=0.90 bal=+0.51 obs=199 hard=195 obsc=210 yr=  0  nz=0.10 flt=0.00 dmap=+0/-1 shz=4.0 plan=25 cmd=(lx=+0.00,ly=+0.40,rx=+0.00)
  t= 19.4 DWA-F pos=(-0.98,-0.25) yaw=+175.5 d=4.99 goal_err=-37 carrot_err= -32 c0=1.82 clear=1.00 prog=0.30 rel=0.92 bal=+0.49 obs=199 hard=196 obsc=209 yr=  0  nz=0.08 flt=0.00 dmap=+0/-0 shz=4.0 plan=25 cmd=(lx=+0.00,ly=+0.40,rx=+0.00)
  t= 19.8 DWA-F pos=(-1.02,-0.25) yaw=+175.5 d=4.96 goal_err=-37 carrot_err= -33 c0=1.78 clear=1.00 prog=0.31 rel=0.91 bal=+0.33 obs=199 hard=196 obsc=209 yr=  0  nz=0.09 flt=0.02 dmap=+0/-0 shz=4.0 plan=25 cmd=(lx=+0.00,ly=+0.40,rx=+0.00)
  t= 20.2 DWA-F pos=(-1.07,-0.25) yaw=+175.5 d=4.92 goal_err=-37 carrot_err= -37 c0=1.73 clear=1.00 prog=0.31 rel=0.91 bal=+0.32 obs=199 hard=195 obsc=209 yr=  0  nz=0.09 flt=0.01 dmap=+1/-0 shz=4.0 plan=24 cmd=(lx=+0.00,ly=+0.40,rx=+0.00)
  t= 20.6 DWA-F pos=(-1.11,-0.24) yaw=+172.3 d=4.88 goal_err=-35 carrot_err= -35 c0=1.69 clear=1.00 prog=0.31 rel=0.91 bal=+0.31 obs=199 hard=195 obsc=209 yr= 15  nz=0.09 flt=0.01 dmap=+0/-0 shz=4.0 plan=24 cmd=(lx=+0.00,ly=+0.40,rx=+0.00)
  t= 21.1 DWA-F pos=(-1.17,-0.23) yaw=+170.7 d=4.84 goal_err=-33 carrot_err= -36 c0=1.63 clear=1.00 prog=0.30 rel=0.91 bal=+0.30 obs=203 hard=199 obsc=213 yr=  0  nz=0.09 flt=0.01 dmap=+0/-0 shz=4.0 plan=24 cmd=(lx=+0.00,ly=+0.40,rx=+0.00)
  t= 21.5 DWA-F pos=(-1.21,-0.23) yaw=+170.7 d=4.80 goal_err=-34 carrot_err= -29 c0=1.59 clear=1.00 prog=0.30 rel=0.90 bal=+0.29 obs=203 hard=200 obsc=213 yr=  0  nz=0.10 flt=0.02 dmap=+0/-0 shz=4.0 plan=23 cmd=(lx=+0.00,ly=+0.40,rx=+0.00)
  t= 21.9 DWA-F pos=(-1.25,-0.22) yaw=+170.7 d=4.76 goal_err=-34 carrot_err= -30 c0=1.55 clear=1.00 prog=0.30 rel=0.91 bal=+0.28 obs=202 hard=200 obsc=213 yr=  0  nz=0.09 flt=0.00 dmap=+1/-1 shz=4.0 plan=23 cmd=(lx=+0.00,ly=+0.40,rx=+0.00)
  t= 22.4 DWA-F pos=(-1.30,-0.21) yaw=+170.7 d=4.73 goal_err=-34 carrot_err= -32 c0=1.50 clear=1.00 prog=0.30 rel=0.91 bal=+0.26 obs=202 hard=201 obsc=214 yr=  0  nz=0.10 flt=0.01 dmap=+0/-0 shz=4.0 plan=23 cmd=(lx=+0.00,ly=+0.40,rx=+0.00)
  t= 22.8 DWA-F pos=(-1.35,-0.20) yaw=+170.7 d=4.68 goal_err=-35 carrot_err= -34 c0=1.45 clear=0.96 prog=0.32 rel=0.92 bal=+0.26 obs=201 hard=196 obsc=211 yr=  0  nz=0.08 flt=0.00 dmap=+0/-0 shz=4.0 plan=23 cmd=(lx=+0.00,ly=+0.40,rx=+0.00)
  t= 23.2 DWA-F pos=(-1.40,-0.20) yaw=+170.7 d=4.65 goal_err=-35 carrot_err= -17 c0=1.40 clear=0.94 prog=0.30 rel=0.91 bal=+0.25 obs=202 hard=198 obsc=212 yr=  0  nz=0.09 flt=0.02 dmap=+1/-0 shz=4.0 plan=22 cmd=(lx=+0.00,ly=+0.40,rx=+0.00)
  t= 23.7 DWA-F pos=(-1.44,-0.19) yaw=+170.7 d=4.61 goal_err=-35 carrot_err= -18 c0=1.36 clear=0.91 prog=0.30 rel=0.91 bal=+0.25 obs=203 hard=200 obsc=213 yr=  0  nz=0.09 flt=0.00 dmap=+1/-0 shz=4.0 plan=22 cmd=(lx=+0.00,ly=+0.40,rx=+0.00)
  t= 24.1 DWA-F pos=(-1.50,-0.18) yaw=+170.7 d=4.56 goal_err=-36 carrot_err= -19 c0=1.31 clear=0.87 prog=0.31 rel=0.92 bal=+0.10 obs=203 hard=200 obsc=213 yr=  0  nz=0.08 flt=0.00 dmap=+0/-0 shz=4.0 plan=22 cmd=(lx=+0.00,ly=+0.40,rx=+0.00)
  t= 24.5 DWA-F pos=(-1.54,-0.17) yaw=+170.7 d=4.53 goal_err=-36 carrot_err= -24 c0=1.26 clear=0.84 prog=0.31 rel=0.91 bal=+0.10 obs=200 hard=200 obsc=212 yr=  0  nz=0.10 flt=0.00 dmap=+0/-0 shz=4.0 plan=21 cmd=(lx=+0.00,ly=+0.40,rx=+0.00)
  t= 25.0 DWA-F pos=(-1.58,-0.16) yaw=+170.7 d=4.49 goal_err=-36 carrot_err= -25 c0=1.22 clear=0.81 prog=0.29 rel=0.90 bal=+0.10 obs=200 hard=199 obsc=211 yr=  0  nz=0.10 flt=0.01 dmap=+1/-1 shz=4.0 plan=21 cmd=(lx=+0.00,ly=+0.40,rx=+0.00)
  t= 25.4 DWA-F pos=(-1.63,-0.16) yaw=+170.7 d=4.46 goal_err=-37 carrot_err= -26 c0=1.17 clear=0.78 prog=0.29 rel=0.92 bal=+0.10 obs=201 hard=200 obsc=212 yr=  0  nz=0.08 flt=0.02 dmap=+0/-0 shz=4.0 plan=21 cmd=(lx=+0.00,ly=+0.40,rx=+0.00)
  t= 25.8 DWA-F pos=(-1.67,-0.15) yaw=+170.7 d=4.42 goal_err=-37 carrot_err= -28 c0=1.13 clear=0.75 prog=0.29 rel=0.92 bal=+0.10 obs=201 hard=198 obsc=211 yr=  0  nz=0.08 flt=0.00 dmap=+0/-0 shz=4.0 plan=21 cmd=(lx=+0.00,ly=+0.40,rx=+0.00)
  t= 26.3 DWA-F pos=(-1.73,-0.14) yaw=+170.7 d=4.38 goal_err=-37 carrot_err= -22 c0=1.08 clear=0.72 prog=0.29 rel=0.90 bal=+0.10 obs=202 hard=200 obsc=212 yr=  0  nz=0.10 flt=0.01 dmap=+1/-0 shz=4.0 plan=20 cmd=(lx=+0.00,ly=+0.40,rx=+0.00)
  t= 26.7 DWA-F pos=(-1.77,-0.13) yaw=+170.7 d=4.34 goal_err=-38 carrot_err= -23 c0=1.03 clear=0.69 prog=0.29 rel=0.91 bal=+0.09 obs=202 hard=200 obsc=213 yr=  0  nz=0.09 flt=0.02 dmap=+0/-0 shz=4.0 plan=20 cmd=(lx=+0.00,ly=+0.40,rx=+0.00)
  t= 27.1 DWA-F pos=(-1.81,-0.13) yaw=+170.7 d=4.31 goal_err=-38 carrot_err= -24 c0=0.99 clear=0.66 prog=0.29 rel=0.92 bal=+0.08 obs=204 hard=201 obsc=214 yr=  0  nz=0.08 flt=0.01 dmap=+0/-0 shz=4.0 plan=20 cmd=(lx=+0.00,ly=+0.40,rx=+0.00)
  t= 27.5 DWA-F pos=(-1.87,-0.12) yaw=+170.7 d=4.26 goal_err=-39 carrot_err= -26 c0=0.94 clear=0.62 prog=0.30 rel=0.92 bal=+0.07 obs=204 hard=200 obsc=214 yr=  0  nz=0.08 flt=0.01 dmap=+0/-0 shz=4.0 plan=20 cmd=(lx=+0.00,ly=+0.40,rx=+0.00)
  t= 28.0 DWA-F pos=(-1.91,-0.11) yaw=+170.7 d=4.23 goal_err=-39 carrot_err= -29 c0=0.89 clear=0.59 prog=0.29 rel=0.91 bal=+0.07 obs=205 hard=202 obsc=215 yr=  0  nz=0.09 flt=0.00 dmap=+1/-0 shz=4.0 plan=20 cmd=(lx=+0.00,ly=+0.40,rx=+0.00)
  t= 28.4 DWA-F pos=(-1.96,-0.10) yaw=+170.7 d=4.19 goal_err=-39 carrot_err= -30 c0=0.85 clear=0.57 prog=0.29 rel=0.91 bal=+0.06 obs=204 hard=202 obsc=216 yr=  0  nz=0.09 flt=0.01 dmap=+0/-0 shz=4.0 plan=20 cmd=(lx=+0.00,ly=+0.40,rx=+0.00)
  t= 28.8 DWA-F pos=(-2.00,-0.10) yaw=+170.7 d=4.16 goal_err=-40 carrot_err= -32 c0=0.81 clear=0.54 prog=0.28 rel=0.90 bal=+0.06 obs=206 hard=203 obsc=216 yr=  0G nz=0.10 flt=0.00 dmap=+0/-0 shz=4.0 plan=20 cmd=(lx=+0.00,ly=+0.40,rx=+0.45)
  t= 29.2 DWA-F pos=(-2.04,-0.09) yaw=+165.9 d=4.12 goal_err=-35 carrot_err= -28 c0=0.77 clear=0.51 prog=0.29 rel=0.92 bal=-0.05 obs=208 hard=206 obsc=219 yr=  0  nz=0.08 flt=0.02 dmap=+2/-1 shz=4.0 plan=19 cmd=(lx=+0.00,ly=+0.40,rx=+0.00)
  t= 29.7 DWA-F pos=(-2.10,-0.07) yaw=+165.9 d=4.08 goal_err=-36 carrot_err= -30 c0=0.71 clear=0.48 prog=0.29 rel=0.91 bal=-0.07 obs=207 hard=206 obsc=220 yr=  0  nz=0.09 flt=0.01 dmap=+0/-0 shz=4.0 plan=19 cmd=(lx=+0.00,ly=+0.40,rx=+0.00)
  t= 30.1 DWA-F pos=(-2.14,-0.06) yaw=+165.9 d=4.04 goal_err=-36 carrot_err= -31 c0=0.87 clear=0.58 prog=0.29 rel=0.90 bal=-0.22 obs=209 hard=207 obsc=220 yr=  0G nz=0.10 flt=0.00 dmap=+0/-0 shz=4.0 plan=19 cmd=(lx=+0.00,ly=+0.40,rx=+0.45)
  t= 30.5 DWA-F pos=(-2.18,-0.05) yaw=+161.1 d=4.01 goal_err=-32 carrot_err= -28 c0=1.02 clear=0.68 prog=0.30 rel=0.81 bal=-0.11 obs=209 hard=206 obsc=219 yr=  0  nz=0.19 flt=0.02 dmap=+0/-0 shz=4.0 plan=19 cmd=(lx=+0.00,ly=+0.40,rx=+0.00)
  t= 31.0 DWA-F pos=(-2.22,-0.04) yaw=+161.1 d=3.97 goal_err=-32 carrot_err= -20 c0=0.98 clear=0.65 prog=0.30 rel=0.78 bal=-0.25 obs=209 hard=205 obsc=219 yr=  0  nz=0.23 flt=0.01 dmap=+0/-0 shz=4.0 plan=18 cmd=(lx=+0.00,ly=+0.40,rx=+0.00)
  t= 31.4 DWA-F pos=(-2.29,-0.01) yaw=+161.1 d=3.91 goal_err=-32 carrot_err= -22 c0=0.91 clear=0.61 prog=0.33 rel=0.89 bal=-0.47 obs=210 hard=206 obsc=220 yr=  0  nz=0.11 flt=0.02 dmap=+0/-0 shz=4.0 plan=18 cmd=(lx=+0.00,ly=+0.40,rx=+0.00)
  t= 31.8 DWA-F pos=(-2.33,+0.00) yaw=+161.1 d=3.87 goal_err=-33 carrot_err= -23 c0=0.87 clear=0.58 prog=0.32 rel=0.91 bal=-0.58 obs=212 hard=207 obsc=222 yr=  0  nz=0.09 flt=0.03 dmap=+0/-0 shz=4.0 plan=18 cmd=(lx=+0.00,ly=+0.40,rx=+0.00)
  t= 32.3 DWA-F pos=(-2.37,+0.01) yaw=+161.1 d=3.84 goal_err=-33 carrot_err= -24 c0=0.83 clear=0.55 prog=0.32 rel=0.90 bal=-0.50 obs=211 hard=208 obsc=222 yr=  0  nz=0.10 flt=0.02 dmap=+2/-1 shz=4.0 plan=17 cmd=(lx=+0.00,ly=+0.40,rx=+0.00)
  t= 32.7 DWA-F pos=(-2.41,+0.03) yaw=+161.1 d=3.80 goal_err=-33 carrot_err= -25 c0=0.79 clear=0.53 prog=0.32 rel=0.92 bal=-0.49 obs=210 hard=206 obsc=221 yr=  0  nz=0.08 flt=0.01 dmap=+0/-0 shz=4.0 plan=17 cmd=(lx=+0.00,ly=+0.40,rx=+0.00)
  t= 33.1 DWA-F pos=(-2.47,+0.05) yaw=+161.1 d=3.75 goal_err=-34 carrot_err= -27 c0=0.74 clear=0.49 prog=0.34 rel=0.92 bal=-0.48 obs=209 hard=202 obsc=219 yr=  0  nz=0.09 flt=0.02 dmap=+0/-0 shz=4.0 plan=17 cmd=(lx=+0.00,ly=+0.40,rx=+0.00)
  t= 33.5 DWA-F pos=(-2.51,+0.06) yaw=+161.1 d=3.72 goal_err=-34 carrot_err= -29 c0=0.70 clear=0.46 prog=0.30 rel=0.92 bal=-0.46 obs=209 hard=205 obsc=221 yr=  0G nz=0.08 flt=0.03 dmap=+0/-0 shz=4.0 plan=17 cmd=(lx=+0.00,ly=+0.40,rx=+0.45)
  t= 34.0 ENG-F pos=(-2.55,+0.08) yaw=+157.9 d=3.68 goal_err=-32 carrot_err= -26 c0=1.06 clear=0.71 prog=0.30 rel=0.80 bal=-0.45 obs=217 hard=213 obsc=228 yr=  0  nz=0.20 flt=0.04 dmap=+5/-1 shz=4.0 plan=17 cmd=(lx=+0.00,ly=+0.28,rx=+0.00)
  t= 34.4 ENG-F pos=(-2.58,+0.09) yaw=+157.9 d=3.65 goal_err=-32 carrot_err= -27 c0=1.02 clear=0.68 prog=0.29 rel=0.74 bal=-0.34 obs=216 hard=214 obsc=230 yr=  0  nz=0.26 flt=0.01 dmap=+0/-0 shz=4.0 plan=17 cmd=(lx=+0.00,ly=+0.28,rx=+0.00)
  t= 34.8 ENG-F pos=(-2.62,+0.11) yaw=+157.9 d=3.61 goal_err=-32 carrot_err= -28 c0=0.98 clear=0.65 prog=0.28 rel=0.77 bal=-0.33 obs=218 hard=212 obsc=230 yr=  0  nz=0.23 flt=0.00 dmap=+0/-0 shz=4.0 plan=17 cmd=(lx=+0.00,ly=+0.28,rx=+0.00)
  t= 35.3 ENG-F pos=(-2.66,+0.12) yaw=+157.9 d=3.58 goal_err=-32 carrot_err= -29 c0=0.95 clear=0.63 prog=0.27 rel=0.81 bal=-0.33 obs=218 hard=211 obsc=230 yr=  0  nz=0.19 flt=0.00 dmap=+0/-0 shz=4.0 plan=17 cmd=(lx=+0.00,ly=+0.28,rx=+0.00)
  t= 35.7 ENG-F pos=(-2.69,+0.13) yaw=+157.9 d=3.55 goal_err=-33 carrot_err= -30 c0=0.91 clear=0.61 prog=0.26 rel=0.92 bal=-0.39 obs=220 hard=214 obsc=231 yr=  0  nz=0.08 flt=0.01 dmap=+0/-0 shz=4.0 plan=16 cmd=(lx=+0.00,ly=+0.28,rx=+0.00)
  t= 36.1 ENG-F pos=(-2.72,+0.15) yaw=+157.9 d=3.52 goal_err=-33 carrot_err= -32 c0=0.88 clear=0.58 prog=0.25 rel=0.92 bal=-0.33 obs=218 hard=214 obsc=230 yr=  0  nz=0.08 flt=0.01 dmap=+0/-0 shz=4.0 plan=16 cmd=(lx=+0.00,ly=+0.28,rx=+0.00)
  t= 36.5 ENG-F pos=(-2.77,+0.17) yaw=+157.9 d=3.48 goal_err=-34 carrot_err= -33 c0=0.84 clear=0.56 prog=0.25 rel=0.93 bal=-0.33 obs=219 hard=214 obsc=230 yr=  0  nz=0.07 flt=0.02 dmap=+1/-0 shz=4.0 plan=16 cmd=(lx=+0.00,ly=+0.28,rx=+0.00)
  t= 37.0 ENG-F pos=(-2.80,+0.18) yaw=+157.9 d=3.45 goal_err=-34 carrot_err= -24 c0=0.80 clear=0.53 prog=0.25 rel=0.92 bal=-0.33 obs=219 hard=213 obsc=230 yr=  0  nz=0.08 flt=0.01 dmap=+0/-0 shz=4.0 plan=16 cmd=(lx=+0.00,ly=+0.28,rx=+0.00)
  t= 37.4 ENG-F pos=(-2.83,+0.19) yaw=+157.9 d=3.42 goal_err=-34 carrot_err= -25 c0=0.77 clear=0.51 prog=0.25 rel=0.93 bal=-0.28 obs=218 hard=212 obsc=230 yr=  0  nz=0.07 flt=0.02 dmap=+0/-0 shz=4.0 plan=16 cmd=(lx=+0.00,ly=+0.28,rx=+0.00)
  t= 37.8 ENG-F pos=(-2.87,+0.21) yaw=+157.9 d=3.39 goal_err=-35 carrot_err= -26 c0=0.73 clear=0.49 prog=0.25 rel=0.93 bal=-0.29 obs=221 hard=216 obsc=232 yr=  0  nz=0.07 flt=0.02 dmap=+1/-0 shz=4.0 plan=16 cmd=(lx=+0.00,ly=+0.28,rx=+0.00)
  t= 38.2 ENG-F pos=(-2.90,+0.22) yaw=+157.9 d=3.36 goal_err=-35 carrot_err= -27 c0=0.70 clear=0.47 prog=0.25 rel=0.93 bal=-0.29 obs=220 hard=217 obsc=232 yr=  0  nz=0.07 flt=0.01 dmap=+0/-1 shz=4.0 plan=16 cmd=(lx=+0.00,ly=+0.28,rx=+0.00)
  t= 38.7 ENG-F pos=(-2.92,+0.23) yaw=+153.0 d=3.35 goal_err=-30 carrot_err= -23 c0=0.71 clear=0.47 prog=0.21 rel=0.93 bal=-0.30 obs=220 hard=217 obsc=232 yr= 29  nz=0.07 flt=0.15 dmap=+0/-0 shz=4.0 plan=16 cmd=(lx=+0.00,ly=+0.28,rx=+0.00)
  t= 39.1 ENG-F pos=(-2.95,+0.24) yaw=+153.0 d=3.32 goal_err=-31 carrot_err= -24 c0=0.67 clear=0.45 prog=0.21 rel=0.95 bal=-0.18 obs=220 hard=217 obsc=231 yr=  0  nz=0.05 flt=0.00 dmap=+0/-0 shz=4.0 plan=16 cmd=(lx=+0.00,ly=+0.28,rx=+0.00)
  t= 39.5 ENG-F pos=(-2.98,+0.26) yaw=+153.0 d=3.29 goal_err=-31 carrot_err= -25 c0=0.64 clear=0.42 prog=0.21 rel=0.95 bal=-0.18 obs=219 hard=217 obsc=231 yr=  0  nz=0.05 flt=0.02 dmap=+0/-1 shz=4.0 plan=16 cmd=(lx=+0.00,ly=+0.28,rx=+0.00)
  t= 40.0 ENG-T pos=(-3.01,+0.28) yaw=+153.0 d=3.25 goal_err=-31 carrot_err= -27 c0=0.60 clear=0.40 prog=0.21 rel=0.93 bal=-0.18 obs=220 hard=216 obsc=231 yr=  0G nz=0.07 flt=0.00 dmap=+0/-0 shz=4.0 plan=16 cmd=(lx=+0.00,ly=+0.00,rx=+0.45)
  t= 40.4 ENG-F pos=(-3.03,+0.28) yaw=+149.8 d=3.24 goal_err=-28 carrot_err= -24 c0=0.58 clear=0.39 prog=0.19 rel=0.93 bal=-0.22 obs=220 hard=216 obsc=231 yr=  0  nz=0.07 flt=0.02 dmap=+0/-0 shz=4.0 plan=16 cmd=(lx=+0.00,ly=+0.28,rx=+0.00)
  t= 40.8 ENG-T pos=(-3.06,+0.30) yaw=+149.8 d=3.21 goal_err=-28 carrot_err= -25 c0=0.55 clear=0.37 prog=0.22 rel=0.94 bal=-0.23 obs=221 hard=217 obsc=233 yr=  0  nz=0.06 flt=0.01 dmap=+2/-1 shz=4.0 plan=16 cmd=(lx=+0.00,ly=+0.00,rx=+0.45)
  t= 41.2 ENG-F pos=(-3.07,+0.31) yaw=+146.6 d=3.19 goal_err=-25 carrot_err= -23 c0=0.53 clear=0.36 prog=0.19 rel=0.94 bal=-0.24 obs=221 hard=217 obsc=233 yr=  0  nz=0.06 flt=0.01 dmap=+0/-0 shz=4.0 plan=16 cmd=(lx=+0.00,ly=+0.28,rx=+0.00)
  t= 41.6 ENG-T pos=(-3.11,+0.34) yaw=+146.6 d=3.15 goal_err=-26 carrot_err= -20 c0=0.56 clear=0.37 prog=0.21 rel=0.95 bal=-0.18 obs=218 hard=218 obsc=232 yr=  0G nz=0.05 flt=0.01 dmap=+0/-0 shz=4.0 plan=16 cmd=(lx=+0.00,ly=+0.00,rx=+0.45)
  t= 42.1 ENG-F pos=(-3.12,+0.35) yaw=+143.4 d=3.14 goal_err=-23 carrot_err= -17 c0=0.54 clear=0.36 prog=0.21 rel=0.96 bal=-0.18 obs=220 hard=217 obsc=232 yr=  0  nz=0.04 flt=0.00 dmap=+2/-0 shz=4.0 plan=15 cmd=(lx=+0.00,ly=+0.28,rx=+0.00)
  t= 42.5 ENG-T pos=(-3.15,+0.37) yaw=+143.4 d=3.10 goal_err=-23 carrot_err= -18 c0=0.51 clear=0.34 prog=0.21 rel=0.97 bal=-0.17 obs=221 hard=216 obsc=233 yr=  0G nz=0.03 flt=0.01 dmap=+0/-0 shz=4.0 plan=15 cmd=(lx=+0.00,ly=+0.00,rx=+0.45)
  t= 42.9 ENG-F pos=(-3.16,+0.38) yaw=+140.2 d=3.09 goal_err=-20 carrot_err= -15 c0=0.67 clear=0.45 prog=0.19 rel=0.91 bal=-0.17 obs=220 hard=216 obsc=233 yr=  0  nz=0.09 flt=0.00 dmap=+0/-0 shz=4.0 plan=15 cmd=(lx=+0.00,ly=+0.28,rx=+0.00)
  t= 43.3 ENG-T pos=(-3.19,+0.40) yaw=+140.2 d=3.06 goal_err=-20 carrot_err= -16 c0=0.65 clear=0.43 prog=0.19 rel=0.89 bal=+0.46 obs=221 hard=215 obsc=233 yr=  0G nz=0.11 flt=0.00 dmap=+0/-0 shz=4.0 plan=15 cmd=(lx=+0.00,ly=+0.00,rx=+0.45)
  t= 43.8 ENG-F pos=(-3.20,+0.41) yaw=+135.4 d=3.05 goal_err=-15 carrot_err= -11 c0=0.89 clear=0.60 prog=0.18 rel=0.88 bal=+0.47 obs=227 hard=223 obsc=240 yr=  0  nz=0.12 flt=0.01 dmap=+1/-2 shz=4.0 plan=15 cmd=(lx=+0.00,ly=+0.28,rx=+0.00)
  t= 44.2 ENG-T pos=(-3.22,+0.43) yaw=+135.4 d=3.02 goal_err=-15 carrot_err= -12 c0=0.87 clear=0.58 prog=0.18 rel=0.80 bal=+0.48 obs=227 hard=223 obsc=238 yr=  0  nz=0.20 flt=0.01 dmap=+0/-0 shz=4.0 plan=15 cmd=(lx=+0.00,ly=+0.00,rx=+0.45)
  t= 44.6 ENG-F pos=(-3.23,+0.44) yaw=+132.2 d=3.01 goal_err=-12 carrot_err=  -9 c0=0.85 clear=0.57 prog=0.17 rel=0.83 bal=+0.49 obs=226 hard=223 obsc=238 yr=  0  nz=0.17 flt=0.13 dmap=+0/-0 shz=4.0 plan=15 cmd=(lx=+0.00,ly=+0.28,rx=+0.00)
  t= 45.0 ENG-GO pos=(-3.24,+0.45) yaw=+132.2 d=2.98 goal_err=-12 carrot_err=  -9 c0=0.83 clear=0.56 prog=0.16 rel=0.83 bal=+0.50 obs=223 hard=221 obsc=237 yr=  0  nz=0.17 flt=0.00 dmap=+0/-2 shz=4.0 plan=15 cmd=(lx=+0.00,ly=+0.28,rx=+0.00)
  t= 45.5 ENG-GO pos=(-3.26,+0.47) yaw=+132.2 d=2.96 goal_err=-12 carrot_err=  -9 c0=0.81 clear=0.54 prog=0.18 rel=0.95 bal=+0.51 obs=223 hard=220 obsc=235 yr=  0  nz=0.05 flt=0.02 dmap=+0/-0 shz=4.0 plan=15 cmd=(lx=+0.00,ly=+0.28,rx=+0.00)
  t= 45.9 ENG-GO pos=(-3.29,+0.50) yaw=+132.2 d=2.92 goal_err=-13 carrot_err=  -6 c0=1.22 clear=0.81 prog=0.20 rel=0.95 bal=+0.53 obs=222 hard=220 obsc=235 yr=  0  nz=0.05 flt=0.03 dmap=+0/-0 shz=4.0 plan=15 cmd=(lx=+0.00,ly=+0.28,rx=+0.00)
  t= 46.3 ENG-GO pos=(-3.31,+0.52) yaw=+132.2 d=2.89 goal_err=-13 carrot_err=  -6 c0=1.19 clear=0.80 prog=0.21 rel=0.77 bal=+0.54 obs=225 hard=221 obsc=236 yr=  0  nz=0.23 flt=0.00 dmap=+2/-0 shz=4.0 plan=15 cmd=(lx=+0.00,ly=+0.28,rx=+0.00)
  t= 46.7 ENG-GO pos=(-3.33,+0.55) yaw=+132.2 d=2.86 goal_err=-13 carrot_err=  -4 c0=1.17 clear=0.78 prog=0.23 rel=0.71 bal=+0.56 obs=225 hard=221 obsc=236 yr=  0  nz=0.29 flt=0.01 dmap=+0/-0 shz=4.0 plan=13 cmd=(lx=+0.00,ly=+0.28,rx=+0.00)
  t= 47.2 ENG-GO pos=(-3.35,+0.57) yaw=+132.2 d=2.83 goal_err=-13 carrot_err=  -4 c0=1.23 clear=0.82 prog=0.24 rel=0.70 bal=+0.58 obs=222 hard=220 obsc=235 yr=  0  nz=0.30 flt=0.00 dmap=+0/-0 shz=4.0 plan=13 cmd=(lx=+0.00,ly=+0.28,rx=+0.00)
  t= 47.6 ENG-GO pos=(-3.37,+0.59) yaw=+132.2 d=2.80 goal_err=-13 carrot_err=  -4 c0=1.20 clear=0.80 prog=0.25 rel=0.95 bal=+0.60 obs=224 hard=221 obsc=236 yr=  0  nz=0.05 flt=0.01 dmap=+0/-0 shz=4.0 plan=13 cmd=(lx=+0.00,ly=+0.28,rx=+0.00)
  t= 48.0 ENG-GO pos=(-3.39,+0.62) yaw=+132.2 d=2.77 goal_err=-13 carrot_err=  -4 c0=1.16 clear=0.78 prog=0.25 rel=0.94 bal=+0.02 obs=226 hard=223 obsc=238 yr=  0  nz=0.06 flt=0.00 dmap=+0/-0 shz=4.0 plan=13 cmd=(lx=+0.00,ly=+0.28,rx=+0.00)
  t= 48.4 ENG-GO pos=(-3.42,+0.65) yaw=+132.2 d=2.73 goal_err=-13 carrot_err=  -5 c0=1.13 clear=0.75 prog=0.26 rel=0.93 bal=+0.02 obs=226 hard=222 obsc=238 yr=  0  nz=0.07 flt=0.01 dmap=+0/-0 shz=4.0 plan=13 cmd=(lx=+0.00,ly=+0.28,rx=+0.00)
  t= 48.8 ENG-GO pos=(-3.45,+0.68) yaw=+132.2 d=2.69 goal_err=-14 carrot_err=  -5 c0=1.09 clear=0.72 prog=0.28 rel=0.92 bal=-0.01 obs=225 hard=224 obsc=239 yr=  0  nz=0.08 flt=0.00 dmap=+1/-3 shz=4.0 plan=13 cmd=(lx=+0.00,ly=+0.28,rx=+0.00)
  t= 49.3 ENG-GO pos=(-3.47,+0.71) yaw=+132.2 d=2.65 goal_err=-14 carrot_err=  -5 c0=1.05 clear=0.70 prog=0.29 rel=0.92 bal=-0.02 obs=223 hard=221 obsc=236 yr=  0  nz=0.08 flt=0.00 dmap=+0/-0 shz=4.0 plan=13 cmd=(lx=+0.00,ly=+0.28,rx=+0.00)
  t= 49.7 ENG-GO pos=(-3.50,+0.73) yaw=+132.2 d=2.62 goal_err=-14 carrot_err=  -5 c0=1.02 clear=0.68 prog=0.29 rel=0.92 bal=+0.02 obs=220 hard=218 obsc=232 yr=  0  nz=0.08 flt=0.00 dmap=+0/-0 shz=4.0 plan=12 cmd=(lx=+0.00,ly=+0.28,rx=+0.00)
  t= 50.1 ENG-GO pos=(-3.52,+0.76) yaw=+132.2 d=2.58 goal_err=-14 carrot_err=  -5 c0=0.98 clear=0.66 prog=0.29 rel=0.92 bal=+0.02 obs=220 hard=219 obsc=232 yr=  0  nz=0.08 flt=0.00 dmap=+0/-1 shz=4.0 plan=12 cmd=(lx=+0.00,ly=+0.28,rx=+0.00)
  t= 50.5 ENG-GO pos=(-3.54,+0.79) yaw=+132.2 d=2.55 goal_err=-14 carrot_err=  -6 c0=0.95 clear=0.63 prog=0.29 rel=0.92 bal=+0.02 obs=220 hard=217 obsc=231 yr=  0  nz=0.08 flt=0.00 dmap=+0/-0 shz=4.0 plan=12 cmd=(lx=+0.00,ly=+0.28,rx=+0.00)
  t= 51.0 ENG-GO pos=(-3.57,+0.81) yaw=+132.2 d=2.51 goal_err=-15 carrot_err=  -6 c0=0.92 clear=0.61 prog=0.27 rel=0.92 bal=+0.01 obs=222 hard=219 obsc=233 yr=  0  nz=0.09 flt=0.00 dmap=+0/-0 shz=4.0 plan=12 cmd=(lx=+0.00,ly=+0.28,rx=+0.00)
  t= 51.4 ENG-GO pos=(-3.60,+0.85) yaw=+132.2 d=2.47 goal_err=-15 carrot_err=  -4 c0=0.88 clear=0.58 prog=0.29 rel=0.91 bal=+0.01 obs=221 hard=219 obsc=234 yr=  0  nz=0.09 flt=0.01 dmap=+0/-0 shz=4.0 plan=12 cmd=(lx=+0.00,ly=+0.28,rx=+0.00)
  t= 51.8 ENG-GO pos=(-3.62,+0.87) yaw=+132.2 d=2.43 goal_err=-15 carrot_err=  -4 c0=0.84 clear=0.56 prog=0.29 rel=0.91 bal=+0.01 obs=221 hard=219 obsc=234 yr=  0  nz=0.09 flt=0.01 dmap=+1/-2 shz=4.0 plan=12 cmd=(lx=+0.00,ly=+0.28,rx=+0.00)
  t= 52.2 ENG-GO pos=(-3.65,+0.90) yaw=+132.2 d=2.40 goal_err=-15 carrot_err=  -4 c0=0.90 clear=0.60 prog=0.29 rel=0.94 bal=+0.00 obs=221 hard=218 obsc=233 yr=  0  nz=0.06 flt=0.01 dmap=+0/-0 shz=4.0 plan=12 cmd=(lx=+0.00,ly=+0.28,rx=+0.00)
  t= 52.7 ENG-GO pos=(-3.67,+0.93) yaw=+132.2 d=2.36 goal_err=-16 carrot_err=  -4 c0=0.87 clear=0.58 prog=0.29 rel=0.95 bal=+0.00 obs=217 hard=216 obsc=230 yr=  0  nz=0.05 flt=0.02 dmap=+0/-0 shz=4.0 plan=12 cmd=(lx=+0.00,ly=+0.28,rx=+0.00)
  t= 53.1 ENG-GO pos=(-3.70,+0.95) yaw=+132.2 d=2.33 goal_err=-16 carrot_err=  -4 c0=0.83 clear=0.56 prog=0.27 rel=0.95 bal=-0.00 obs=217 hard=215 obsc=230 yr=  0  nz=0.05 flt=0.00 dmap=+2/-2 shz=4.0 plan=11 cmd=(lx=+0.00,ly=+0.28,rx=+0.00)
  t= 53.5 ENG-GO pos=(-3.72,+0.98) yaw=+132.2 d=2.30 goal_err=-16 carrot_err=  -4 c0=0.80 clear=0.53 prog=0.27 rel=0.94 bal=-0.01 obs=217 hard=213 obsc=228 yr=  0  nz=0.06 flt=0.00 dmap=+0/-0 shz=4.0 plan=11 cmd=(lx=+0.00,ly=+0.28,rx=+0.00)
  t= 53.9 ENG-GO pos=(-3.75,+1.01) yaw=+132.2 d=2.25 goal_err=-16 carrot_err=  -5 c0=0.76 clear=0.51 prog=0.29 rel=0.92 bal=-0.02 obs=217 hard=214 obsc=228 yr=  0  nz=0.08 flt=0.00 dmap=+0/-0 shz=4.0 plan=11 cmd=(lx=+0.00,ly=+0.28,rx=+0.00)
  t= 54.4 ENG-GO pos=(-3.77,+1.04) yaw=+132.2 d=2.22 goal_err=-17 carrot_err=  -3 c0=0.72 clear=0.48 prog=0.29 rel=0.92 bal=-0.03 obs=217 hard=215 obsc=228 yr=  0  nz=0.08 flt=0.02 dmap=+0/-0 shz=4.0 plan=11 cmd=(lx=+0.00,ly=+0.28,rx=+0.00)
  t= 54.8 ENG-GO pos=(-3.80,+1.07) yaw=+132.2 d=2.18 goal_err=-17 carrot_err=  -3 c0=0.69 clear=0.46 prog=0.28 rel=0.91 bal=-0.04 obs=217 hard=214 obsc=228 yr=  0  nz=0.09 flt=0.06 dmap=+0/-0 shz=4.0 plan=11 cmd=(lx=+0.00,ly=+0.28,rx=+0.00)
  t= 55.2 ENG-GO pos=(-3.82,+1.09) yaw=+132.2 d=2.15 goal_err=-17 carrot_err=  -3 c0=0.65 clear=0.44 prog=0.28 rel=0.93 bal=-0.05 obs=218 hard=214 obsc=230 yr=  0  nz=0.07 flt=0.00 dmap=+0/-0 shz=4.0 plan=11 cmd=(lx=+0.00,ly=+0.28,rx=+0.00)
  t= 55.7 ENG-GO pos=(-3.85,+1.12) yaw=+132.2 d=2.11 goal_err=-17 carrot_err=  -3 c0=0.62 clear=0.41 prog=0.27 rel=0.93 bal=-0.08 obs=219 hard=214 obsc=230 yr=  0  nz=0.07 flt=0.00 dmap=+1/-0 shz=4.0 plan=11 cmd=(lx=+0.00,ly=+0.28,rx=+0.00)
  t= 56.1 ENG-GO pos=(-3.88,+1.15) yaw=+132.2 d=2.07 goal_err=-18 carrot_err=  -3 c0=0.58 clear=0.39 prog=0.28 rel=0.92 bal=-0.01 obs=217 hard=215 obsc=230 yr=  0  nz=0.08 flt=0.00 dmap=+0/-2 shz=4.0 plan=10 cmd=(lx=+0.00,ly=+0.28,rx=+0.00)
  t= 56.5 ENG-GO pos=(-3.90,+1.18) yaw=+132.2 d=2.04 goal_err=-18 carrot_err=  -3 c0=0.55 clear=0.36 prog=0.28 rel=0.93 bal=+0.06 obs=218 hard=216 obsc=229 yr=  0  nz=0.07 flt=0.00 dmap=+0/-0 shz=4.0 plan=10 cmd=(lx=+0.00,ly=+0.28,rx=+0.00)
  t= 56.9 ENG-GO pos=(-3.93,+1.21) yaw=+132.2 d=2.00 goal_err=-18 carrot_err=  -4 c0=0.78 clear=0.52 prog=0.28 rel=0.87 bal=+0.07 obs=218 hard=218 obsc=232 yr=  0  nz=0.13 flt=0.00 dmap=+0/-0 shz=4.0 plan=10 cmd=(lx=+0.00,ly=+0.28,rx=+0.00)
  t= 57.4 ENG-GO pos=(-3.95,+1.23) yaw=+132.2 d=1.97 goal_err=-19 carrot_err=  -4 c0=0.75 clear=0.50 prog=0.28 rel=0.85 bal=+0.07 obs=218 hard=216 obsc=230 yr=  0  nz=0.15 flt=0.01 dmap=+0/-1 shz=4.0 plan=10 cmd=(lx=+0.00,ly=+0.28,rx=+0.00)
  t= 57.8 ENG-GO pos=(-3.97,+1.26) yaw=+132.2 d=1.94 goal_err=-19 carrot_err= -12 c0=0.71 clear=0.48 prog=0.28 rel=0.83 bal=+0.05 obs=218 hard=215 obsc=229 yr=  0  nz=0.17 flt=0.00 dmap=+0/-0 shz=4.0 plan=10 cmd=(lx=+0.00,ly=+0.28,rx=+0.00)
  t= 58.2 ENG-GO pos=(-4.00,+1.28) yaw=+132.2 d=1.90 goal_err=-20 carrot_err= -13 c0=0.68 clear=0.45 prog=0.26 rel=0.93 bal=-0.02 obs=222 hard=221 obsc=234 yr=  0  nz=0.07 flt=0.01 dmap=+1/-0 shz=4.0 plan=10 cmd=(lx=+0.00,ly=+0.28,rx=+0.00)
  t= 58.6 ENG-GO pos=(-4.02,+1.32) yaw=+132.2 d=1.86 goal_err=-20 carrot_err= -19 c0=0.64 clear=0.43 prog=0.27 rel=0.93 bal=-0.04 obs=222 hard=219 obsc=233 yr=  0  nz=0.07 flt=0.00 dmap=+0/-0 shz=4.0 plan=10 cmd=(lx=+0.00,ly=+0.28,rx=+0.00)
  t= 59.1 ENG-GO pos=(-4.05,+1.34) yaw=+132.2 d=1.83 goal_err=-20 carrot_err= -20 c0=0.61 clear=0.41 prog=0.27 rel=0.92 bal=-0.07 obs=222 hard=219 obsc=233 yr=  0  nz=0.08 flt=0.00 dmap=+0/-0 shz=4.0 plan=10 cmd=(lx=+0.00,ly=+0.28,rx=+0.00)
  t= 59.5 ENG-GO pos=(-4.07,+1.36) yaw=+132.2 d=1.80 goal_err=-21 carrot_err= -21 c0=0.58 clear=0.39 prog=0.26 rel=0.91 bal=-0.07 obs=216 hard=215 obsc=230 yr=  0  nz=0.09 flt=0.00 dmap=+0/-0 shz=4.0 plan=9 cmd=(lx=+0.00,ly=+0.28,rx=+0.00)
  t= 59.9 ENG-GO pos=(-4.09,+1.39) yaw=+132.2 d=1.77 goal_err=-21 carrot_err= -21 c0=1.38 clear=0.92 prog=0.26 rel=0.93 bal=+0.59 obs=217 hard=213 obsc=228 yr=  0  nz=0.07 flt=0.00 dmap=+1/-0 shz=4.0 plan=9 cmd=(lx=+0.00,ly=+0.28,rx=+0.00)
  t= 60.3 ENG-GO pos=(-4.11,+1.41) yaw=+132.2 d=1.74 goal_err=-21 carrot_err= -22 c0=1.35 clear=0.90 prog=0.25 rel=0.47 bal=+0.60 obs=219 hard=217 obsc=231 yr=  0  nz=0.53 flt=0.00 dmap=+0/-0 shz=4.0 plan=9 cmd=(lx=+0.00,ly=+0.28,rx=+0.00)
  t= 60.8 ENG-GO pos=(-4.13,+1.43) yaw=+132.2 d=1.71 goal_err=-22 carrot_err= -23 c0=1.32 clear=0.88 prog=0.23 rel=0.42 bal=+0.61 obs=218 hard=216 obsc=229 yr=  0  nz=0.58 flt=0.01 dmap=+0/-0 shz=4.0 plan=9 cmd=(lx=+0.00,ly=+0.28,rx=+0.00)
  t= 61.2 ENG-GO pos=(-4.15,+1.46) yaw=+132.2 d=1.69 goal_err=-22 carrot_err= -24 c0=1.29 clear=0.86 prog=0.23 rel=0.47 bal=+0.07 obs=221 hard=218 obsc=232 yr=  0  nz=0.53 flt=0.02 dmap=+2/-0 shz=4.0 plan=9 cmd=(lx=+0.00,ly=+0.28,rx=+0.00)
  t= 61.6 ENG-GO pos=(-4.18,+1.49) yaw=+132.2 d=1.65 goal_err=-23 carrot_err= -25 c0=1.24 clear=0.83 prog=0.25 rel=0.93 bal=-0.01 obs=220 hard=217 obsc=232 yr=  0  nz=0.07 flt=0.00 dmap=+1/-0 shz=4.0 plan=9 cmd=(lx=+0.00,ly=+0.28,rx=+0.00)
  t= 62.0 ENG-GO pos=(-4.20,+1.51) yaw=+132.2 d=1.61 goal_err=-23 carrot_err= -18 c0=1.21 clear=0.81 prog=0.25 rel=0.93 bal=-0.02 obs=222 hard=217 obsc=233 yr=  0  nz=0.07 flt=0.01 dmap=+0/-0 shz=4.0 plan=9 cmd=(lx=+0.00,ly=+0.28,rx=+0.00)
  t= 62.5 ENG-GO pos=(-4.23,+1.54) yaw=+132.2 d=1.58 goal_err=-24 carrot_err= -19 c0=1.17 clear=0.78 prog=0.26 rel=0.93 bal=-0.62 obs=226 hard=221 obsc=237 yr=  0  nz=0.07 flt=0.01 dmap=+3/-0 shz=4.0 plan=8 cmd=(lx=+0.00,ly=+0.28,rx=+0.00)
  t= 62.9 ENG-GO pos=(-4.25,+1.57) yaw=+132.2 d=1.55 goal_err=-24 carrot_err= -20 c0=1.14 clear=0.76 prog=0.27 rel=0.93 bal=-0.56 obs=227 hard=224 obsc=239 yr=  0  nz=0.07 flt=0.00 dmap=+2/-1 shz=4.0 plan=8 cmd=(lx=+0.00,ly=+0.28,rx=+0.00)
  t= 63.3 ENG-GO pos=(-4.28,+1.59) yaw=+132.2 d=1.51 goal_err=-25 carrot_err= -20 c0=1.10 clear=0.74 prog=0.26 rel=0.94 bal=-0.18 obs=227 hard=225 obsc=239 yr=  0  nz=0.06 flt=0.00 dmap=+0/-0 shz=4.0 plan=8 cmd=(lx=+0.00,ly=+0.28,rx=+0.00)
  t= 63.7 ENG-GO pos=(-4.30,+1.62) yaw=+132.2 d=1.48 goal_err=-25 carrot_err= -21 c0=1.07 clear=0.71 prog=0.26 rel=0.93 bal=-0.23 obs=228 hard=226 obsc=240 yr=  0  nz=0.07 flt=0.00 dmap=+0/-0 shz=4.0 plan=8 cmd=(lx=+0.00,ly=+0.28,rx=+0.00)
  t= 64.2 ENG-GO pos=(-4.33,+1.65) yaw=+132.2 d=1.44 goal_err=-26 carrot_err= -22 c0=1.03 clear=0.68 prog=0.27 rel=0.93 bal=-0.35 obs=228 hard=225 obsc=240 yr=  0  nz=0.07 flt=0.00 dmap=+2/-1 shz=4.0 plan=8 cmd=(lx=+0.00,ly=+0.28,rx=+0.00)
  t= 64.6 ENG-GO pos=(-4.36,+1.68) yaw=+132.2 d=1.41 goal_err=-27 carrot_err= -23 c0=0.99 clear=0.66 prog=0.27 rel=0.92 bal=-0.36 obs=228 hard=224 obsc=239 yr=  0  nz=0.08 flt=0.00 dmap=+0/-0 shz=4.0 plan=8 cmd=(lx=+0.00,ly=+0.28,rx=+0.00)
  t= 65.0 ENG-GO pos=(-4.38,+1.71) yaw=+132.2 d=1.38 goal_err=-27 carrot_err= -28 c0=0.96 clear=0.64 prog=0.27 rel=0.92 bal=-0.37 obs=229 hard=224 obsc=240 yr=  0  nz=0.08 flt=0.00 dmap=+0/-0 shz=4.0 plan=8 cmd=(lx=+0.00,ly=+0.28,rx=+0.00)
  t= 65.4 ENG-GO pos=(-4.40,+1.73) yaw=+132.2 d=1.35 goal_err=-28 carrot_err= -29 c0=0.92 clear=0.61 prog=0.27 rel=0.92 bal=-0.49 obs=228 hard=223 obsc=240 yr=  0  nz=0.08 flt=0.00 dmap=+0/-2 shz=4.0 plan=8 cmd=(lx=+0.00,ly=+0.28,rx=+0.00)
  t= 65.9 ENG-GO pos=(-4.43,+1.77) yaw=+132.2 d=1.31 goal_err=-29 carrot_err= -31 c0=0.88 clear=0.59 prog=0.28 rel=0.93 bal=-0.51 obs=228 hard=224 obsc=239 yr=  0  nz=0.07 flt=0.00 dmap=+0/-0 shz=4.0 plan=7 cmd=(lx=+0.00,ly=+0.28,rx=+0.00)
  [META2-DOOR] Door_Direct: CRUZADA (cols=0) -> Pl=1.00
  t= 66.3 DWA-F pos=(-4.46,+1.80) yaw=+129.0 d=1.27 goal_err=-27 carrot_err= -29 c0=0.84 clear=0.56 prog=0.27 rel=0.93 bal=-0.52 obs=228 hard=225 obsc=240 yr= 14G nz=0.07 flt=0.12 dmap=+1/-0 shz=4.0 plan=7 cmd=(lx=+0.00,ly=+0.40,rx=+0.00)
  t= 66.7 DWA-F pos=(-4.49,+1.83) yaw=+127.4 d=1.23 goal_err=-26 carrot_err= -29 c0=0.91 clear=0.61 prog=0.28 rel=0.92 bal=-0.50 obs=240 hard=237 obsc=256 yr=  0  nz=0.07 flt=0.05 dmap=+1/-2 shz=4.0 plan=7 cmd=(lx=+0.00,ly=+0.40,rx=+0.45)
  t= 67.2 DWA-F pos=(-4.51,+1.87) yaw=+124.2 d=1.19 goal_err=-24 carrot_err= -28 c0=0.87 clear=0.58 prog=0.29 rel=0.94 bal=-0.50 obs=239 hard=235 obsc=253 yr=  0  nz=0.06 flt=0.01 dmap=+0/-1 shz=4.0 plan=7 cmd=(lx=+0.00,ly=+0.40,rx=+0.00)
  t= 67.6 DWA-F pos=(-4.55,+1.91) yaw=+122.6 d=1.14 goal_err=-23 carrot_err= -17 c0=0.81 clear=0.54 prog=0.32 rel=0.95 bal=-0.42 obs=237 hard=234 obsc=253 yr= 15G nz=0.05 flt=0.00 dmap=+0/-0 shz=4.0 plan=7 cmd=(lx=+0.00,ly=+0.40,rx=+0.00)
  t= 68.0 DWA-F pos=(-4.57,+1.95) yaw=+121.0 d=1.10 goal_err=-23 carrot_err= -16 c0=0.77 clear=0.52 prog=0.33 rel=0.92 bal=-0.43 obs=237 hard=233 obsc=252 yr=  0  nz=0.08 flt=0.01 dmap=+0/-0 shz=4.0 plan=7 cmd=(lx=+0.00,ly=+0.40,rx=+0.00)
  t= 68.5 DWA-F pos=(-4.59,+1.99) yaw=+121.0 d=1.06 goal_err=-23 carrot_err= -17 c0=1.01 clear=0.68 prog=0.33 rel=0.92 bal=-0.43 obs=238 hard=232 obsc=252 yr=  0  nz=0.08 flt=0.00 dmap=+1/-0 shz=4.0 plan=7 cmd=(lx=+0.00,ly=+0.40,rx=+0.00)
  t= 68.9 DWA-F pos=(-4.61,+2.03) yaw=+121.0 d=1.02 goal_err=-24 carrot_err= -17 c0=0.97 clear=0.65 prog=0.33 rel=0.84 bal=-0.44 obs=239 hard=234 obsc=255 yr=  0  nz=0.16 flt=0.02 dmap=+0/-0 shz=4.0 plan=6 cmd=(lx=+0.00,ly=+0.40,rx=+0.00)
  t= 69.3 DWA-F pos=(-4.64,+2.07) yaw=+121.0 d=0.98 goal_err=-26 carrot_err= -18 c0=0.93 clear=0.62 prog=0.33 rel=0.84 bal=-0.55 obs=236 hard=230 obsc=251 yr=  0  nz=0.16 flt=0.00 dmap=+0/-0 shz=4.0 plan=6 cmd=(lx=+0.00,ly=+0.40,rx=+0.00)
  t= 69.7 DWA-F pos=(-4.67,+2.11) yaw=+121.0 d=0.93 goal_err=-27 carrot_err= -22 c0=1.29 clear=0.86 prog=0.33 rel=0.85 bal=-0.55 obs=236 hard=232 obsc=252 yr=  0  nz=0.15 flt=0.02 dmap=+0/-2 shz=4.0 plan=6 cmd=(lx=+0.00,ly=+0.40,rx=+0.00)
  t= 70.2 DWA-F pos=(-4.69,+2.15) yaw=+121.0 d=0.89 goal_err=-28 carrot_err= -23 c0=1.24 clear=0.83 prog=0.33 rel=0.76 bal=-0.42 obs=235 hard=231 obsc=251 yr=  0  nz=0.24 flt=0.00 dmap=+0/-2 shz=4.0 plan=5 cmd=(lx=+0.00,ly=+0.40,rx=+0.00)
  t= 70.6 DWA-F pos=(-4.71,+2.19) yaw=+121.0 d=0.85 goal_err=-30 carrot_err= -25 c0=1.20 clear=0.80 prog=0.32 rel=0.76 bal=-0.52 obs=238 hard=231 obsc=251 yr=  0  nz=0.24 flt=0.02 dmap=+1/-0 shz=4.0 plan=5 cmd=(lx=+0.00,ly=+0.40,rx=+0.00)
  t= 71.0 DWA-F pos=(-4.73,+2.23) yaw=+121.0 d=0.81 goal_err=-31 carrot_err= -26 c0=1.16 clear=0.77 prog=0.32 rel=0.93 bal=-0.41 obs=240 hard=234 obsc=254 yr=  0  nz=0.07 flt=0.00 dmap=+0/-0 shz=4.0 plan=5 cmd=(lx=+0.00,ly=+0.40,rx=+0.00)
  t= 71.5 DWA-F pos=(-4.76,+2.28) yaw=+121.0 d=0.77 goal_err=-33 carrot_err= -28 c0=1.11 clear=0.74 prog=0.31 rel=0.93 bal=-0.41 obs=237 hard=231 obsc=250 yr=  0  nz=0.07 flt=0.02 dmap=+0/-1 shz=4.0 plan=5 cmd=(lx=+0.00,ly=+0.40,rx=+0.45)
  t= 71.9 DWA-F pos=(-4.78,+2.31) yaw=+117.8 d=0.73 goal_err=-32 carrot_err= -26 c0=1.07 clear=0.71 prog=0.31 rel=0.92 bal=-0.41 obs=238 hard=232 obsc=251 yr=  0  nz=0.08 flt=0.01 dmap=+0/-0 shz=4.0 plan=5 cmd=(lx=+0.00,ly=+0.40,rx=+0.00)
  t= 72.3 DWA-F pos=(-4.81,+2.35) yaw=+117.8 d=0.69 goal_err=-34 carrot_err= -28 c0=1.02 clear=0.68 prog=0.31 rel=0.92 bal=-0.41 obs=236 hard=233 obsc=250 yr=  0  nz=0.08 flt=0.02 dmap=+0/-0 shz=4.0 plan=5 cmd=(lx=+0.00,ly=+0.40,rx=+0.45)
  t= 72.8 DWA-F pos=(-4.83,+2.39) yaw=+114.5 d=0.65 goal_err=-33 carrot_err= -27 c0=0.99 clear=0.66 prog=0.30 rel=0.92 bal=-0.41 obs=237 hard=234 obsc=251 yr= 15G nz=0.08 flt=0.00 dmap=+0/-0 shz=4.0 plan=5 cmd=(lx=+0.00,ly=+0.40,rx=+0.00)
  t= 73.2 DWA-F pos=(-4.85,+2.44) yaw=+111.3 d=0.61 goal_err=-32 carrot_err= -26 c0=0.94 clear=0.62 prog=0.32 rel=0.92 bal=-0.40 obs=237 hard=231 obsc=250 yr=  0  nz=0.08 flt=0.00 dmap=+2/-2 shz=4.0 plan=4 cmd=(lx=+0.00,ly=+0.40,rx=+0.00)
  t= 73.6 DWA-F pos=(-4.86,+2.49) yaw=+109.7 d=0.57 goal_err=-33 carrot_err= -27 c0=0.89 clear=0.60 prog=0.30 rel=0.90 bal=-0.39 obs=237 hard=231 obsc=250 yr= 15G nz=0.10 flt=0.01 dmap=+0/-0 shz=4.0 plan=4 cmd=(lx=+0.00,ly=+0.40,rx=+0.45)
  t= 74.1 DWA-F pos=(-4.88,+2.53) yaw=+106.5 d=0.53 goal_err=-32 carrot_err= -26 c0=0.85 clear=0.57 prog=0.30 rel=0.91 bal=-0.38 obs=236 hard=231 obsc=249 yr=  0  nz=0.09 flt=0.04 dmap=+0/-0 shz=4.0 plan=4 cmd=(lx=+0.00,ly=+0.40,rx=+0.00)
  t= 74.5 DWA-F pos=(-4.89,+2.57) yaw=+103.3 d=0.50 goal_err=-32 carrot_err= -25 c0=0.97 clear=0.65 prog=0.30 rel=0.91 bal=-0.38 obs=236 hard=231 obsc=249 yr= 15G nz=0.09 flt=0.04 dmap=+0/-0 shz=4.0 plan=4 cmd=(lx=+0.00,ly=+0.28,rx=+0.45)
  t= 74.9 DWA-T pos=(-4.90,+2.62) yaw= +98.5 d=0.45 goal_err=-30 carrot_err= -23 c0=0.93 clear=0.62 prog=0.31 rel=0.90 bal=-0.36 obs=241 hard=235 obsc=257 yr=  0  nz=0.10 flt=0.01 dmap=+0/-0 shz=4.0 plan=3 cmd=(lx=+0.00,ly=+0.00,rx=+0.00)
  t= 75.4 DWA-T pos=(-4.90,+2.62) yaw= +98.5 d=0.45 goal_err=-30 carrot_err= -23 c0=0.93 clear=0.62 prog=0.23 rel=0.90 bal=-0.17 obs=237 hard=234 obsc=257 yr=  0  nz=0.10 flt=0.03 dmap=+0/-0 shz=4.0 plan=3 cmd=(lx=+0.00,ly=+0.00,rx=+0.00)
  t= 75.8 DWA-T pos=(-4.90,+2.62) yaw= +98.5 d=0.45 goal_err=-30 carrot_err= -23 c0=0.93 clear=0.62 prog=0.17 rel=0.90 bal=-0.17 obs=237 hard=234 obsc=257 yr=  0  nz=0.10 flt=0.03 dmap=+0/-0 shz=4.0 plan=3 cmd=(lx=+0.00,ly=+0.00,rx=+0.00)
  t= 76.2 BRK-BK pos=(-4.90,+2.62) yaw= +98.5 d=0.45 goal_err=-30 carrot_err= -23 c0=0.93 clear=0.62 prog=0.10 rel=0.90 bal=-0.17 obs=237 hard=234 obsc=257 yr=  0  nz=0.10 flt=0.03 dmap=+0/-0 shz=4.0 plan=0 cmd=(lx=+0.00,ly=-0.35,rx=+0.00)
  t= 76.6 BRK-TR pos=(-4.89,+2.59) yaw= +98.5 d=0.48 goal_err=-29 carrot_err= -21 c0=0.95 clear=0.64 prog=0.01 rel=0.99 bal=-0.17 obs=232 hard=228 obsc=241 yr=  0  nz=0.01 flt=0.00 dmap=+0/-0 shz=3.7 plan=0 cmd=(lx=+0.00,ly=+0.00,rx=+0.45)
  t= 77.1 BRK-TR pos=(-4.89,+2.57) yaw= +93.7 d=0.50 goal_err=-22 carrot_err= -15 c0=1.15 clear=0.77 prog=0.00 rel=0.84 bal=-0.18 obs=232 hard=228 obsc=241 yr= 15G nz=0.16 flt=0.06 dmap=+0/-0 shz=3.7 plan=0 cmd=(lx=+0.00,ly=+0.00,rx=+0.45)
  t= 77.5 BRK-TR pos=(-4.89,+2.57) yaw= +87.3 d=0.50 goal_err=-16 carrot_err=  -9 c0=1.14 clear=0.76 prog=0.00 rel=0.78 bal=-0.18 obs=232 hard=229 obsc=241 yr= 15G nz=0.22 flt=0.00 dmap=+0/-0 shz=3.7 plan=0 cmd=(lx=+0.00,ly=+0.00,rx=+0.45)
  t= 77.9 BRK-TR pos=(-4.89,+2.57) yaw= +80.9 d=0.50 goal_err=-10 carrot_err=  -3 c0=1.14 clear=0.76 prog=0.00 rel=0.81 bal=-0.27 obs=232 hard=229 obsc=241 yr= 15G nz=0.19 flt=0.13 dmap=+0/-0 shz=3.7 plan=0 cmd=(lx=+0.00,ly=+0.00,rx=+0.45)
  t= 78.3 BRK-TR pos=(-4.89,+2.57) yaw= +74.6 d=0.50 goal_err=-3 carrot_err=  +4 c0=1.08 clear=0.72 prog=0.00 rel=0.87 bal=-0.32 obs=232 hard=229 obsc=241 yr= 14G nz=0.13 flt=0.01 dmap=+0/-0 shz=3.7 plan=0 cmd=(lx=+0.00,ly=+0.00,rx=+0.45)
  t= 78.7 BRK-TR pos=(-4.89,+2.57) yaw= +68.6 d=0.50 goal_err=+3 carrot_err= +10 c0=1.08 clear=0.72 prog=0.00 rel=0.91 bal=-0.32 obs=232 hard=229 obsc=241 yr= 14G nz=0.09 flt=0.00 dmap=+0/-0 shz=3.7 plan=0 cmd=(lx=+0.00,ly=+0.00,rx=+0.45)
  t= 79.2 DWA-F pos=(-4.89,+2.57) yaw= +62.6 d=0.50 goal_err=+9 carrot_err= +16 c0=1.08 clear=0.72 prog=0.00 rel=0.94 bal=-0.23 obs=232 hard=229 obsc=241 yr= 13  nz=0.06 flt=0.08 dmap=+0/-0 shz=3.7 plan=3 cmd=(lx=+0.00,ly=+0.40,rx=+0.00)
  t= 79.6 DWA-T pos=(-4.88,+2.58) yaw= +61.1 d=0.48 goal_err=+10 carrot_err= +18 c0=1.07 clear=0.71 prog=0.02 rel=0.94 bal=-0.23 obs=227 hard=224 obsc=234 yr=  0  nz=0.06 flt=0.00 dmap=+0/-0 shz=3.7 plan=3 cmd=(lx=+0.00,ly=+0.00,rx=+0.00)
  t= 80.0 DWA-T pos=(-4.88,+2.58) yaw= +61.1 d=0.48 goal_err=+10 carrot_err= +18 c0=1.07 clear=0.71 prog=0.02 rel=0.94 bal=-0.23 obs=227 hard=224 obsc=234 yr=  0  nz=0.06 flt=0.00 dmap=+0/-0 shz=3.7 plan=3 cmd=(lx=+0.00,ly=+0.00,rx=+0.00)
  t= 80.5 DWA-T pos=(-4.88,+2.58) yaw= +61.1 d=0.48 goal_err=+10 carrot_err= +18 c0=1.07 clear=0.71 prog=0.02 rel=0.94 bal=-0.23 obs=227 hard=224 obsc=234 yr=  0  nz=0.06 flt=0.00 dmap=+0/-0 shz=3.7 plan=3 cmd=(lx=+0.00,ly=+0.00,rx=+0.00)
  t= 80.9 BRK-BK pos=(-4.88,+2.58) yaw= +61.1 d=0.48 goal_err=+10 carrot_err= +18 c0=1.07 clear=0.71 prog=0.02 rel=0.94 bal=-0.23 obs=227 hard=224 obsc=234 yr=  0  nz=0.06 flt=0.00 dmap=+0/-0 shz=3.7 plan=0 cmd=(lx=+0.00,ly=-0.35,rx=+0.00)
  t= 81.3 BRK-TR pos=(-4.91,+2.54) yaw= +61.1 d=0.53 goal_err=+9 carrot_err= +16 c0=1.12 clear=0.74 prog=0.00 rel=0.99 bal=-0.22 obs=223 hard=222 obsc=232 yr=  0G nz=0.01 flt=0.04 dmap=+0/-0 shz=3.4 plan=0 cmd=(lx=+0.00,ly=+0.00,rx=+0.45)
  t= 81.7 BRK-TR pos=(-4.91,+2.54) yaw= +53.7 d=0.53 goal_err=+17 carrot_err= +23 c0=1.12 clear=0.74 prog=0.00 rel=0.97 bal=-0.15 obs=223 hard=222 obsc=232 yr= 14G nz=0.03 flt=0.00 dmap=+0/-0 shz=3.4 plan=0 cmd=(lx=+0.00,ly=+0.00,rx=+0.45)
  t= 82.1 BRK-TR pos=(-4.91,+2.54) yaw= +47.7 d=0.53 goal_err=+23 carrot_err= +29 c0=1.12 clear=0.74 prog=0.00 rel=0.97 bal=-0.15 obs=224 hard=223 obsc=233 yr= 14G nz=0.03 flt=0.00 dmap=+0/-0 shz=3.4 plan=0 cmd=(lx=+0.00,ly=+0.00,rx=+0.45)
  t= 82.6 BRK-TR pos=(-4.91,+2.54) yaw= +41.8 d=0.53 goal_err=+29 carrot_err= +35 c0=1.12 clear=0.74 prog=0.00 rel=0.97 bal=-0.15 obs=224 hard=223 obsc=233 yr= 14G nz=0.03 flt=0.00 dmap=+0/-0 shz=3.4 plan=0 cmd=(lx=+0.00,ly=+0.00,rx=+0.45)
  t= 83.0 BRK-TR pos=(-4.91,+2.54) yaw= +35.8 d=0.53 goal_err=+35 carrot_err= +41 c0=1.12 clear=0.74 prog=0.00 rel=0.99 bal=-0.04 obs=224 hard=223 obsc=233 yr= 14G nz=0.01 flt=0.00 dmap=+0/-0 shz=3.4 plan=0 cmd=(lx=+0.00,ly=+0.00,rx=+0.45)
  t= 83.4 BRK-TR pos=(-4.91,+2.54) yaw= +29.9 d=0.53 goal_err=+41 carrot_err= +47 c0=1.12 clear=0.74 prog=0.00 rel=0.99 bal=+0.03 obs=224 hard=223 obsc=233 yr= 14G nz=0.01 flt=0.05 dmap=+0/-0 shz=3.4 plan=0 cmd=(lx=+0.00,ly=+0.00,rx=+0.45)
  t= 83.8 DWA-F pos=(-4.90,+2.54) yaw= +26.9 d=0.53 goal_err=+44 carrot_err= +51 c0=1.11 clear=0.74 prog=0.01 rel=0.92 bal=+0.03 obs=224 hard=223 obsc=233 yr= 14G nz=0.08 flt=0.00 dmap=+0/-0 shz=3.4 plan=3 cmd=(lx=+0.00,ly=+0.28,rx=-0.45)
  t= 84.3 DWA-F pos=(-4.87,+2.56) yaw= +34.3 d=0.50 goal_err=+39 carrot_err= +47 c0=1.08 clear=0.72 prog=0.05 rel=0.91 bal=+0.04 obs=224 hard=223 obsc=233 yr= 28G nz=0.09 flt=0.16 dmap=+0/-0 shz=3.4 plan=3 cmd=(lx=+0.00,ly=+0.28,rx=-0.45)
  t= 84.7 DWA-F pos=(-4.85,+2.57) yaw= +40.3 d=0.48 goal_err=+35 carrot_err= +43 c0=1.05 clear=0.70 prog=0.09 rel=0.87 bal=-0.02 obs=224 hard=223 obsc=233 yr= 14G nz=0.13 flt=0.05 dmap=+0/-0 shz=3.4 plan=3 cmd=(lx=+0.00,ly=+0.28,rx=-0.45)
  t= 85.1 DWA-F pos=(-4.83,+2.59) yaw= +46.2 d=0.46 goal_err=+31 carrot_err= +40 c0=1.02 clear=0.68 prog=0.13 rel=0.87 bal=-0.02 obs=225 hard=224 obsc=234 yr= 14G nz=0.13 flt=0.01 dmap=+1/-0 shz=3.4 plan=3 cmd=(lx=+0.00,ly=+0.28,rx=-0.45)
  t= 85.6 DWA-F pos=(-4.81,+2.61) yaw= +52.2 d=0.43 goal_err=+27 carrot_err= +36 c0=0.99 clear=0.66 prog=0.17 rel=0.89 bal=-0.17 obs=225 hard=224 obsc=234 yr= 14G nz=0.07 flt=0.01 dmap=+0/-0 shz=3.4 plan=3 cmd=(lx=+0.00,ly=+0.28,rx=-0.45)
  t= 86.0 DWA-T pos=(-4.79,+2.64) yaw= +58.2 d=0.41 goal_err=+23 carrot_err= +33 c0=0.97 clear=0.64 prog=0.19 rel=0.92 bal=-0.17 obs=226 hard=225 obsc=235 yr= 14G nz=0.08 flt=0.01 dmap=+0/-0 shz=3.4 plan=3 cmd=(lx=+0.00,ly=+0.00,rx=+0.00)

  >>> MODO AGRESIVO ON (12s sin acercarse a B): reduzco inflado y holgura (min seguridad 0.24m) para cruzar la puerta.
  t= 86.4 AGR-DWA-T pos=(-4.79,+2.65) yaw= +61.1 d=0.39 goal_err=+21 carrot_err= +31 c0=0.95 clear=0.64 prog=0.17 rel=0.92 bal=-0.24 obs=219 hard=214 obsc=227 yr=  0  nz=0.08 flt=0.01 dmap=+0/-0 shz=3.4 plan=3 cmd=(lx=+0.00,ly=+0.00,rx=+0.00)
  t= 86.8 AGR-DWA-T pos=(-4.79,+2.65) yaw= +61.1 d=0.39 goal_err=+21 carrot_err= +31 c0=0.95 clear=0.64 prog=0.13 rel=0.92 bal=-0.24 obs=219 hard=214 obsc=227 yr=  0  nz=0.08 flt=0.01 dmap=+0/-0 shz=3.4 plan=3 cmd=(lx=+0.00,ly=+0.00,rx=+0.00)
  t= 87.2 AGR-DWA-T pos=(-4.79,+2.65) yaw= +61.1 d=0.39 goal_err=+21 carrot_err= +31 c0=0.95 clear=0.64 prog=0.09 rel=0.92 bal=-0.24 obs=219 hard=214 obsc=227 yr=  0  nz=0.08 flt=0.01 dmap=+0/-0 shz=3.4 plan=0 cmd=(lx=+0.00,ly=+0.00,rx=+0.00)
  t= 87.7 AGR-BRK-TR pos=(-4.80,+2.63) yaw= +61.1 d=0.42 goal_err=+20 carrot_err= +29 c0=0.98 clear=0.65 prog=0.00 rel=0.98 bal=-0.17 obs=218 hard=212 obsc=225 yr=  0G nz=0.02 flt=0.00 dmap=+0/-0 shz=3.3 plan=0 cmd=(lx=+0.00,ly=+0.00,rx=+0.45)
  t= 88.1 AGR-BRK-TR pos=(-4.80,+2.63) yaw= +54.7 d=0.42 goal_err=+26 carrot_err= +36 c0=0.98 clear=0.65 prog=0.00 rel=0.98 bal=-0.17 obs=218 hard=212 obsc=225 yr= 15G nz=0.02 flt=0.05 dmap=+0/-0 shz=3.2 plan=0 cmd=(lx=+0.00,ly=+0.00,rx=+0.45)
  t= 88.5 AGR-BRK-TR pos=(-4.80,+2.63) yaw= +48.3 d=0.42 goal_err=+32 carrot_err= +42 c0=0.98 clear=0.65 prog=0.00 rel=0.98 bal=-0.07 obs=218 hard=212 obsc=225 yr= 15G nz=0.02 flt=0.12 dmap=+0/-0 shz=3.3 plan=0 cmd=(lx=+0.00,ly=+0.00,rx=+0.45)
  t= 88.9 AGR-BRK-TR pos=(-4.80,+2.63) yaw= +41.9 d=0.42 goal_err=+39 carrot_err= +48 c0=0.98 clear=0.65 prog=0.00 rel=0.98 bal=+0.03 obs=218 hard=212 obsc=225 yr= 15G nz=0.02 flt=0.01 dmap=+0/-0 shz=3.2 plan=0 cmd=(lx=+0.00,ly=+0.00,rx=+0.45)
  t= 89.3 AGR-BRK-TR pos=(-4.80,+2.63) yaw= +33.9 d=0.42 goal_err=+47 carrot_err= +56 c0=0.98 clear=0.65 prog=0.00 rel=0.98 bal=+0.03 obs=218 hard=212 obsc=225 yr= 15G nz=0.02 flt=0.08 dmap=+0/-0 shz=3.2 plan=0 cmd=(lx=+0.00,ly=+0.00,rx=+0.45)
  t= 89.8 AGR-BRK-TR pos=(-4.80,+2.63) yaw= +27.9 d=0.42 goal_err=+53 carrot_err= +62 c0=0.98 clear=0.65 prog=0.00 rel=0.98 bal=+0.02 obs=218 hard=212 obsc=225 yr= 14G nz=0.02 flt=0.06 dmap=+0/-0 shz=3.3 plan=0 cmd=(lx=+0.00,ly=+0.00,rx=+0.45)
  t= 90.2 AGR-DWA-F pos=(-4.79,+2.63) yaw= +24.9 d=0.41 goal_err=+57 carrot_err= +66 c0=1.10 clear=0.74 prog=0.01 rel=0.89 bal=+0.02 obs=218 hard=212 obsc=225 yr= 14G nz=0.12 flt=0.00 dmap=+0/-0 shz=3.3 plan=3 cmd=(lx=+0.00,ly=+0.28,rx=-0.45)
  t= 90.6 AGR-DWA-F pos=(-4.77,+2.64) yaw= +30.9 d=0.40 goal_err=+54 carrot_err= +64 c0=0.95 clear=0.63 prog=0.03 rel=0.88 bal=+0.02 obs=218 hard=212 obsc=225 yr= 14G nz=0.12 flt=0.02 dmap=+0/-0 shz=3.3 plan=3 cmd=(lx=+0.00,ly=+0.28,rx=-0.45)
  t= 91.1 AGR-DWA-F pos=(-4.74,+2.66) yaw= +38.3 d=0.38 goal_err=+51 carrot_err= +62 c0=0.91 clear=0.61 prog=0.07 rel=0.87 bal=+0.04 obs=218 hard=212 obsc=225 yr= 28G nz=0.13 flt=0.10 dmap=+0/-0 shz=3.3 plan=3 cmd=(lx=+0.00,ly=+0.28,rx=-0.45)
  t= 91.5 AGR-DWA-F pos=(-4.72,+2.68) yaw= +44.3 d=0.36 goal_err=+48 carrot_err= +60 c0=0.89 clear=0.59 prog=0.10 rel=0.83 bal=+0.00 obs=219 hard=213 obsc=226 yr= 14G nz=0.15 flt=0.17 dmap=+0/-0 shz=3.3 plan=3 cmd=(lx=+0.00,ly=+0.28,rx=-0.45)

  LLEGADO a 'B' (-4.73,+3.04); error=0.35 m, colisiones=0.
  [spill] derrames=0 E[N]=0.00 eta_max=0.91 riesgo=0.8%
  [dataset] travesia guardada -> /Users/adrianlendinezibanez/Claude/Projects/G1 ROBOT/dataset/20260708_134520_ours_B.json
  [stats] fila anadida -> /Users/adrianlendinezibanez/Claude/Projects/G1 ROBOT/dataset/runs_stats.csv

Fin goto.
  [META2-L2] estado guardado (meta2_state_abfull.json): Pl={'Efficient_Nav': 1.0, 'Cautious_Nav': 1.0} derrames_run=0
  backend grafico: TkAgg
>>> SIM ADAPTER: conectando a rosbridge ws://localhost:8765 ...
  esperando /odom (hasta 30s; el mundo del lab tarda en cargar)... ok
  /odom OK pose=(+0.99,+0.57) | /scan: OK
  escenario LAB: mapa/waypoints/puerta REALES (lab.world solo-paredes, frame G1)

>>> GOTO 'B' -> (-4.73,+3.04). Mando en mano (L2+B). Ctrl+C aborta.
    ENTORNO: SIM (id: lab_v1_ab_full)  — esta run se registra como SIMULACION, no cuenta como run de robot
  Esperando pose localizada y primera nube... ok.
  FRAME-CHECK start=(+0.99,+0.57) wp_mas_cercano=A(+0.99,+0.57) offset=0.00m  -> frame OK (pose y waypoints alineados)
  [spill] payload de agua simulado (semilla=20260708_135456_ours_B.json)
  [META2-DOOR] variante de engagement: Door_Direct (Pl={Door_Direct:1.00, Door_Far:1.00, Door_BiasPlus:1.00})
  META2 ACTIVO (techo por analogia): Meta-Reasoner 2.0, analogia inicial Cautious_Nav

  !!!!!!!!!!!!!!!!!!!!!!!!!!!!!!!!!!!!!!!!!!!!!!!!!!!!!!!!!!!!!!!!!!!!!!!!!!
  !!  VISION OFF (G1_PERC sin definir) pero G1_NOVIS=1: navego SIN vision bajo tu responsabilidad.
  !!  La MESA invisible al LiDAR no se vera.
  !!!!!!!!!!!!!!!!!!!!!!!!!!!!!!!!!!!!!!!!!!!!!!!!!!!!!!!!!!!!!!!!!!!!!!!!!!

  mapa de referencia: 961 celdas | muebles estaticos (nav_map): 0 celdas | plan global: static
  t=  0.0 DWA-F pos=(+0.99,+0.57) yaw=-120.3 d=6.23 goal_err=-83 carrot_err= -62 c0=2.25 clear=1.00 prog=0.00 rel=1.00 bal=+0.19 obs=108 hard=108 obsc=108 yr=  0  nz=0.00 flt=0.19 dmap=+108/-0 shz=0.0 plan=34 cmd=(lx=+0.00,ly=+0.40,rx=+0.45)
  t=  0.4 DWA-F pos=(+0.97,+0.53) yaw=-125.1 d=6.22 goal_err=-79 carrot_err= -60 c0=2.21 clear=1.00 prog=0.05 rel=0.96 bal=+0.28 obs=111 hard=111 obsc=111 yr= 15G nz=0.04 flt=0.10 dmap=+0/-0 shz=3.2 plan=34 cmd=(lx=+0.00,ly=+0.40,rx=+0.45)
  t=  0.8 DWA-F pos=(+0.93,+0.48) yaw=-131.6 d=6.21 goal_err=-73 carrot_err= -57 c0=2.21 clear=1.00 prog=0.08 rel=0.95 bal=+0.40 obs=111 hard=111 obsc=111 yr= 15G nz=0.05 flt=0.12 dmap=+0/-0 shz=3.6 plan=34 cmd=(lx=+0.00,ly=+0.40,rx=+0.45)
  t=  1.3 DWA-F pos=(+0.88,+0.43) yaw=-139.6 d=6.18 goal_err=-65 carrot_err= -38 c0=2.50 clear=1.00 prog=0.12 rel=0.95 bal=+0.41 obs=111 hard=111 obsc=111 yr= 15G nz=0.05 flt=0.02 dmap=+0/-0 shz=3.9 plan=34 cmd=(lx=+0.00,ly=+0.40,rx=+0.45)
  t=  1.7 DWA-F pos=(+0.83,+0.39) yaw=-144.4 d=6.16 goal_err=-61 carrot_err= -36 c0=2.50 clear=1.00 prog=0.14 rel=0.79 bal=+0.42 obs=129 hard=129 obsc=151 yr=  0  nz=0.21 flt=0.14 dmap=+0/-0 shz=3.8 plan=33 cmd=(lx=+0.00,ly=+0.40,rx=+0.00)
  t=  2.1 DWA-F pos=(+0.78,+0.36) yaw=-147.6 d=6.13 goal_err=-58 carrot_err= -35 c0=2.50 clear=1.00 prog=0.17 rel=0.80 bal=+0.42 obs=143 hard=134 obsc=157 yr= 15G nz=0.20 flt=0.01 dmap=+0/-0 shz=3.9 plan=33 cmd=(lx=+0.00,ly=+0.40,rx=+0.00)
  t=  2.6 DWA-F pos=(+0.74,+0.34) yaw=-149.2 d=6.11 goal_err=-57 carrot_err= -36 c0=2.50 clear=1.00 prog=0.19 rel=0.85 bal=+0.43 obs=161 hard=140 obsc=168 yr=  0  nz=0.15 flt=0.00 dmap=+9/-0 shz=3.9 plan=33 cmd=(lx=+0.00,ly=+0.40,rx=+0.00)
  t=  3.0 DWA-F pos=(+0.71,+0.32) yaw=-152.4 d=6.08 goal_err=-54 carrot_err= -34 c0=2.50 clear=1.00 prog=0.20 rel=0.99 bal=+0.43 obs=161 hard=140 obsc=168 yr= 15  nz=0.01 flt=0.01 dmap=+0/-0 shz=4.0 plan=33 cmd=(lx=+0.00,ly=+0.40,rx=+0.00)
  t=  3.4 DWA-F pos=(+0.66,+0.29) yaw=-152.4 d=6.05 goal_err=-55 carrot_err= -35 c0=2.50 clear=1.00 prog=0.21 rel=0.99 bal=+0.44 obs=163 hard=149 obsc=171 yr=  0  nz=0.01 flt=0.01 dmap=+0/-0 shz=3.9 plan=33 cmd=(lx=+0.00,ly=+0.40,rx=+0.00)
  t=  3.9 DWA-F pos=(+0.62,+0.27) yaw=-152.4 d=6.03 goal_err=-55 carrot_err= -37 c0=2.50 clear=1.00 prog=0.20 rel=0.99 bal=+0.36 obs=164 hard=158 obsc=171 yr=  0  nz=0.01 flt=0.00 dmap=+0/-1 shz=3.9 plan=33 cmd=(lx=+0.00,ly=+0.40,rx=+0.00)
  t=  4.3 DWA-F pos=(+0.58,+0.25) yaw=-155.6 d=6.00 goal_err=-52 carrot_err= -35 c0=2.50 clear=1.00 prog=0.20 rel=0.99 bal=+0.37 obs=165 hard=163 obsc=172 yr= 15  nz=0.01 flt=0.00 dmap=+2/-1 shz=4.0 plan=33 cmd=(lx=+0.00,ly=+0.40,rx=+0.00)
  t=  4.7 DWA-F pos=(+0.54,+0.23) yaw=-155.6 d=5.97 goal_err=-52 carrot_err= -22 c0=2.50 clear=1.00 prog=0.21 rel=0.99 bal=+0.38 obs=168 hard=166 obsc=175 yr=  0  nz=0.01 flt=0.00 dmap=+0/-0 shz=3.9 plan=32 cmd=(lx=+0.00,ly=+0.40,rx=+0.00)
  t=  5.2 DWA-F pos=(+0.50,+0.21) yaw=-155.6 d=5.95 goal_err=-53 carrot_err= -23 c0=2.50 clear=1.00 prog=0.21 rel=0.99 bal=+0.39 obs=168 hard=168 obsc=175 yr=  0  nz=0.01 flt=0.00 dmap=+0/-0 shz=4.0 plan=32 cmd=(lx=+0.00,ly=+0.40,rx=+0.00)
  t=  5.6 DWA-F pos=(+0.46,+0.20) yaw=-155.6 d=5.92 goal_err=-53 carrot_err= -25 c0=2.50 clear=1.00 prog=0.20 rel=0.99 bal=+0.40 obs=169 hard=169 obsc=175 yr=  0  nz=0.01 flt=0.02 dmap=+0/-0 shz=3.9 plan=32 cmd=(lx=+0.00,ly=+0.40,rx=+0.00)
  t=  6.0 DWA-F pos=(+0.41,+0.17) yaw=-155.6 d=5.89 goal_err=-54 carrot_err= -26 c0=2.50 clear=1.00 prog=0.22 rel=0.99 bal=+0.42 obs=169 hard=169 obsc=176 yr=  0  nz=0.01 flt=0.02 dmap=+0/-0 shz=4.0 plan=32 cmd=(lx=+0.00,ly=+0.40,rx=+0.00)
  t=  6.5 DWA-F pos=(+0.37,+0.15) yaw=-155.6 d=5.86 goal_err=-54 carrot_err= -28 c0=2.50 clear=1.00 prog=0.22 rel=0.99 bal=+0.43 obs=171 hard=169 obsc=177 yr=  0  nz=0.01 flt=0.00 dmap=+0/-0 shz=3.9 plan=31 cmd=(lx=+0.00,ly=+0.40,rx=+0.00)
  t=  6.9 DWA-F pos=(+0.33,+0.14) yaw=-155.6 d=5.83 goal_err=-54 carrot_err= -29 c0=2.50 clear=1.00 prog=0.21 rel=0.98 bal=+0.43 obs=171 hard=169 obsc=177 yr=  0  nz=0.01 flt=0.00 dmap=+0/-0 shz=3.9 plan=31 cmd=(lx=+0.00,ly=+0.40,rx=+0.00)
  t=  7.3 DWA-F pos=(+0.29,+0.12) yaw=-155.6 d=5.81 goal_err=-55 carrot_err= -17 c0=2.50 clear=1.00 prog=0.21 rel=0.98 bal=+0.44 obs=170 hard=170 obsc=176 yr=  0  nz=0.02 flt=0.00 dmap=+0/-0 shz=4.0 plan=31 cmd=(lx=+0.00,ly=+0.40,rx=+0.00)
  t=  7.7 DWA-F pos=(+0.24,+0.09) yaw=-155.6 d=5.78 goal_err=-55 carrot_err= -18 c0=2.50 clear=1.00 prog=0.22 rel=0.98 bal=+0.45 obs=171 hard=171 obsc=177 yr=  0  nz=0.02 flt=0.00 dmap=+0/-0 shz=3.9 plan=30 cmd=(lx=+0.00,ly=+0.40,rx=+0.00)
  t=  8.2 DWA-F pos=(+0.20,+0.08) yaw=-155.6 d=5.75 goal_err=-55 carrot_err= -19 c0=2.50 clear=1.00 prog=0.21 rel=0.98 bal=+0.37 obs=171 hard=172 obsc=178 yr=  0  nz=0.02 flt=0.00 dmap=+0/-0 shz=4.0 plan=30 cmd=(lx=+0.00,ly=+0.40,rx=+0.00)
  t=  8.6 DWA-F pos=(+0.16,+0.06) yaw=-155.6 d=5.73 goal_err=-56 carrot_err= -20 c0=2.50 clear=1.00 prog=0.21 rel=0.99 bal=+0.38 obs=173 hard=173 obsc=178 yr=  0  nz=0.01 flt=0.00 dmap=+0/-0 shz=3.9 plan=30 cmd=(lx=+0.00,ly=+0.40,rx=+0.00)
  t=  9.0 DWA-F pos=(+0.12,+0.04) yaw=-155.6 d=5.70 goal_err=-56 carrot_err= -21 c0=2.45 clear=1.00 prog=0.21 rel=0.97 bal=+0.39 obs=175 hard=174 obsc=180 yr=  0  nz=0.03 flt=0.01 dmap=+0/-0 shz=4.0 plan=30 cmd=(lx=+0.00,ly=+0.40,rx=+0.00)
  t=  9.5 DWA-F pos=(+0.07,+0.02) yaw=-155.6 d=5.67 goal_err=-57 carrot_err= -23 c0=2.40 clear=1.00 prog=0.21 rel=0.94 bal=+0.39 obs=176 hard=174 obsc=182 yr=  0  nz=0.06 flt=0.00 dmap=+0/-0 shz=4.0 plan=30 cmd=(lx=+0.00,ly=+0.40,rx=+0.00)
  t=  9.9 DWA-F pos=(+0.03,-0.00) yaw=-155.6 d=5.65 goal_err=-57 carrot_err= -24 c0=2.35 clear=1.00 prog=0.20 rel=0.92 bal=+0.39 obs=177 hard=177 obsc=184 yr=  0  nz=0.08 flt=0.00 dmap=+2/-1 shz=3.9 plan=30 cmd=(lx=+0.00,ly=+0.40,rx=+0.00)
  t= 10.3 DWA-F pos=(-0.01,-0.02) yaw=-155.6 d=5.62 goal_err=-57 carrot_err= -26 c0=2.31 clear=1.00 prog=0.20 rel=0.90 bal=+0.41 obs=179 hard=178 obsc=184 yr=  0  nz=0.10 flt=0.02 dmap=+2/-0 shz=4.0 plan=30 cmd=(lx=+0.00,ly=+0.40,rx=+0.00)
  t= 10.7 DWA-F pos=(-0.05,-0.04) yaw=-155.6 d=5.60 goal_err=-58 carrot_err= -27 c0=2.27 clear=1.00 prog=0.20 rel=0.91 bal=+0.42 obs=179 hard=178 obsc=184 yr=  0  nz=0.09 flt=0.01 dmap=+0/-0 shz=3.9 plan=29 cmd=(lx=+0.00,ly=+0.40,rx=+0.00)
  t= 11.2 DWA-F pos=(-0.10,-0.06) yaw=-155.6 d=5.57 goal_err=-58 carrot_err= -29 c0=2.22 clear=1.00 prog=0.19 rel=0.91 bal=+0.44 obs=179 hard=178 obsc=185 yr=  0  nz=0.09 flt=0.01 dmap=+0/-0 shz=4.0 plan=29 cmd=(lx=+0.00,ly=+0.40,rx=+0.00)
  t= 11.6 DWA-F pos=(-0.15,-0.08) yaw=-155.6 d=5.54 goal_err=-59 carrot_err= -30 c0=2.17 clear=1.00 prog=0.20 rel=0.92 bal=+0.46 obs=181 hard=180 obsc=187 yr=  0  nz=0.08 flt=0.00 dmap=+2/-1 shz=4.0 plan=29 cmd=(lx=+0.00,ly=+0.40,rx=+0.00)
  t= 12.0 DWA-F pos=(-0.19,-0.10) yaw=-155.6 d=5.52 goal_err=-59 carrot_err= -31 c0=2.12 clear=1.00 prog=0.19 rel=0.91 bal=+0.47 obs=182 hard=180 obsc=187 yr=  0  nz=0.09 flt=0.01 dmap=+0/-0 shz=4.0 plan=29 cmd=(lx=+0.00,ly=+0.40,rx=+0.00)
  t= 12.5 DWA-F pos=(-0.23,-0.12) yaw=-155.6 d=5.50 goal_err=-59 carrot_err= -33 c0=2.08 clear=1.00 prog=0.19 rel=0.91 bal=+0.49 obs=183 hard=180 obsc=188 yr=  0  nz=0.09 flt=0.02 dmap=+0/-0 shz=4.0 plan=28 cmd=(lx=+0.00,ly=+0.40,rx=+0.00)
  t= 12.9 DWA-F pos=(-0.27,-0.13) yaw=-155.6 d=5.48 goal_err=-60 carrot_err= -35 c0=2.03 clear=1.00 prog=0.19 rel=0.92 bal=+0.49 obs=182 hard=181 obsc=188 yr=  0  nz=0.08 flt=0.00 dmap=+0/-1 shz=4.0 plan=28 cmd=(lx=+0.00,ly=+0.40,rx=+0.00)
  t= 13.3 DWA-F pos=(-0.31,-0.15) yaw=-155.6 d=5.45 goal_err=-60 carrot_err= -37 c0=1.99 clear=1.00 prog=0.18 rel=0.92 bal=+0.49 obs=184 hard=183 obsc=189 yr=  0  nz=0.08 flt=0.01 dmap=+1/-0 shz=4.0 plan=28 cmd=(lx=+0.00,ly=+0.40,rx=+0.00)
  t= 13.8 DWA-F pos=(-0.36,-0.18) yaw=-158.8 d=5.43 goal_err=-58 carrot_err= -33 c0=1.94 clear=1.00 prog=0.18 rel=0.91 bal=+0.50 obs=184 hard=183 obsc=189 yr= 15G nz=0.09 flt=0.15 dmap=+0/-0 shz=4.0 plan=27 cmd=(lx=+0.00,ly=+0.40,rx=+0.00)
  t= 14.2 DWA-F pos=(-0.39,-0.19) yaw=-160.4 d=5.41 goal_err=-56 carrot_err= -33 c0=1.90 clear=1.00 prog=0.17 rel=0.91 bal=+0.52 obs=190 hard=185 obsc=202 yr=  0  nz=0.09 flt=0.06 dmap=+0/-0 shz=4.0 plan=27 cmd=(lx=+0.00,ly=+0.40,rx=+0.00)
  t= 14.6 DWA-F pos=(-0.44,-0.21) yaw=-160.4 d=5.38 goal_err=-57 carrot_err= -35 c0=1.85 clear=1.00 prog=0.19 rel=0.91 bal=+0.53 obs=190 hard=189 obsc=204 yr=  0  nz=0.09 flt=0.00 dmap=+0/-1 shz=4.0 plan=27 cmd=(lx=+0.00,ly=+0.40,rx=+0.00)
  t= 15.1 DWA-F pos=(-0.47,-0.22) yaw=-160.4 d=5.36 goal_err=-57 carrot_err= -36 c0=1.82 clear=1.00 prog=0.18 rel=0.90 bal=+0.53 obs=195 hard=191 obsc=206 yr=  0  nz=0.10 flt=0.00 dmap=+0/-0 shz=4.0 plan=27 cmd=(lx=+0.00,ly=+0.40,rx=+0.00)
  t= 15.5 DWA-F pos=(-0.52,-0.23) yaw=-163.6 d=5.34 goal_err=-54 carrot_err= -35 c0=1.77 clear=1.00 prog=0.18 rel=0.92 bal=+0.54 obs=194 hard=191 obsc=206 yr= 15  nz=0.08 flt=0.14 dmap=+0/-0 shz=4.0 plan=27 cmd=(lx=+0.00,ly=+0.40,rx=+0.00)
  t= 15.9 DWA-F pos=(-0.56,-0.24) yaw=-163.6 d=5.31 goal_err=-55 carrot_err= -37 c0=1.73 clear=1.00 prog=0.19 rel=0.93 bal=+0.48 obs=195 hard=192 obsc=206 yr=  0G nz=0.07 flt=0.01 dmap=+0/-0 shz=4.0 plan=27 cmd=(lx=+0.00,ly=+0.40,rx=+0.45)
  t= 16.3 DWA-F pos=(-0.60,-0.26) yaw=-168.4 d=5.28 goal_err=-50 carrot_err= -35 c0=1.69 clear=1.00 prog=0.20 rel=0.93 bal=+0.54 obs=196 hard=193 obsc=207 yr= 15  nz=0.07 flt=0.01 dmap=+1/-0 shz=4.0 plan=27 cmd=(lx=+0.00,ly=+0.40,rx=+0.00)
  t= 16.8 DWA-F pos=(-0.65,-0.27) yaw=-170.1 d=5.25 goal_err=-49 carrot_err= -36 c0=1.64 clear=1.00 prog=0.20 rel=0.91 bal=+0.50 obs=196 hard=193 obsc=207 yr= 15G nz=0.09 flt=0.01 dmap=+0/-0 shz=4.0 plan=27 cmd=(lx=+0.00,ly=+0.40,rx=+0.45)
  t= 17.2 DWA-F pos=(-0.70,-0.27) yaw=-176.5 d=5.22 goal_err=-43 carrot_err= -37 c0=1.85 clear=1.00 prog=0.23 rel=0.88 bal=+0.55 obs=196 hard=193 obsc=207 yr= 15G nz=0.12 flt=0.01 dmap=+0/-0 shz=4.0 plan=26 cmd=(lx=+0.00,ly=+0.40,rx=+0.00)
  t= 17.6 DWA-F pos=(-0.74,-0.27) yaw=-178.1 d=5.18 goal_err=-42 carrot_err= -38 c0=1.81 clear=1.00 prog=0.24 rel=0.87 bal=+0.52 obs=199 hard=198 obsc=210 yr=  0  nz=0.13 flt=0.00 dmap=+0/-0 shz=4.0 plan=26 cmd=(lx=+0.00,ly=+0.40,rx=+0.00)
  t= 18.1 DWA-F pos=(-0.79,-0.27) yaw=+178.7 d=5.15 goal_err=-39 carrot_err= -37 c0=1.95 clear=1.00 prog=0.25 rel=0.88 bal=+0.53 obs=199 hard=198 obsc=210 yr= 15  nz=0.12 flt=0.12 dmap=+0/-0 shz=4.0 plan=26 cmd=(lx=+0.00,ly=+0.40,rx=+0.00)
  t= 18.5 DWA-F pos=(-0.84,-0.27) yaw=+177.1 d=5.11 goal_err=-38 carrot_err= -29 c0=1.96 clear=1.00 prog=0.26 rel=0.89 bal=+0.53 obs=200 hard=200 obsc=212 yr= 14  nz=0.11 flt=0.00 dmap=+0/-0 shz=4.0 plan=25 cmd=(lx=+0.00,ly=+0.40,rx=+0.00)
  t= 18.9 DWA-F pos=(-0.89,-0.27) yaw=+177.1 d=5.07 goal_err=-38 carrot_err= -31 c0=1.91 clear=1.00 prog=0.28 rel=0.88 bal=+0.51 obs=199 hard=196 obsc=209 yr=  0  nz=0.12 flt=0.00 dmap=+0/-0 shz=4.0 plan=25 cmd=(lx=+0.00,ly=+0.40,rx=+0.00)
  t= 19.4 DWA-F pos=(-0.93,-0.27) yaw=+177.1 d=5.04 goal_err=-38 carrot_err= -32 c0=1.87 clear=1.00 prog=0.28 rel=0.89 bal=+0.50 obs=198 hard=199 obsc=210 yr=  0  nz=0.11 flt=0.01 dmap=+1/-2 shz=4.0 plan=25 cmd=(lx=+0.00,ly=+0.40,rx=+0.00)
  t= 19.8 DWA-F pos=(-0.98,-0.27) yaw=+177.1 d=5.00 goal_err=-38 carrot_err= -34 c0=1.83 clear=1.00 prog=0.28 rel=0.93 bal=+0.33 obs=197 hard=195 obsc=208 yr=  0  nz=0.07 flt=0.01 dmap=+0/-0 shz=4.0 plan=25 cmd=(lx=+0.00,ly=+0.40,rx=+0.00)
  t= 20.2 DWA-F pos=(-1.03,-0.26) yaw=+177.1 d=4.96 goal_err=-39 carrot_err= -38 c0=1.77 clear=1.00 prog=0.30 rel=0.92 bal=+0.31 obs=198 hard=197 obsc=208 yr=  0  nz=0.08 flt=0.01 dmap=+0/-0 shz=4.0 plan=24 cmd=(lx=+0.00,ly=+0.40,rx=+0.45)
  t= 20.6 DWA-F pos=(-1.08,-0.26) yaw=+173.9 d=4.92 goal_err=-36 carrot_err= -36 c0=1.73 clear=1.00 prog=0.29 rel=0.91 bal=+0.30 obs=200 hard=199 obsc=210 yr=  0  nz=0.10 flt=0.00 dmap=+2/-0 shz=4.0 plan=24 cmd=(lx=+0.00,ly=+0.40,rx=+0.00)
  t= 21.1 DWA-F pos=(-1.12,-0.26) yaw=+173.9 d=4.89 goal_err=-36 carrot_err= -38 c0=1.68 clear=1.00 prog=0.29 rel=0.90 bal=+0.29 obs=200 hard=196 obsc=210 yr=  0G nz=0.10 flt=0.00 dmap=+0/-0 shz=4.0 plan=24 cmd=(lx=+0.00,ly=+0.40,rx=+0.45)
  t= 21.5 DWA-F pos=(-1.16,-0.25) yaw=+170.7 d=4.85 goal_err=-33 carrot_err= -29 c0=1.64 clear=1.00 prog=0.29 rel=0.91 bal=+0.28 obs=201 hard=198 obsc=211 yr=  0  nz=0.09 flt=0.02 dmap=+0/-0 shz=4.0 plan=23 cmd=(lx=+0.00,ly=+0.40,rx=+0.00)
  t= 22.0 DWA-F pos=(-1.22,-0.24) yaw=+170.7 d=4.81 goal_err=-34 carrot_err= -30 c0=1.58 clear=1.00 prog=0.29 rel=0.91 bal=+0.26 obs=200 hard=197 obsc=210 yr=  0  nz=0.09 flt=0.00 dmap=+1/-0 shz=4.0 plan=23 cmd=(lx=+0.00,ly=+0.40,rx=+0.00)
  t= 22.4 DWA-F pos=(-1.26,-0.23) yaw=+170.7 d=4.77 goal_err=-34 carrot_err= -31 c0=1.54 clear=1.00 prog=0.30 rel=0.91 bal=+0.25 obs=199 hard=198 obsc=210 yr=  0  nz=0.09 flt=0.01 dmap=+0/-1 shz=4.0 plan=23 cmd=(lx=+0.00,ly=+0.40,rx=+0.00)
  t= 22.8 DWA-F pos=(-1.31,-0.23) yaw=+170.7 d=4.73 goal_err=-34 carrot_err= -33 c0=1.49 clear=1.00 prog=0.30 rel=0.92 bal=+0.24 obs=199 hard=196 obsc=209 yr=  0  nz=0.09 flt=0.00 dmap=+0/-0 shz=4.0 plan=23 cmd=(lx=+0.00,ly=+0.40,rx=+0.00)
  t= 23.2 DWA-F pos=(-1.35,-0.22) yaw=+170.7 d=4.70 goal_err=-35 carrot_err= -17 c0=1.45 clear=0.97 prog=0.30 rel=0.92 bal=+0.24 obs=196 hard=196 obsc=207 yr=  0  nz=0.08 flt=0.01 dmap=+0/-0 shz=4.0 plan=22 cmd=(lx=+0.00,ly=+0.40,rx=+0.00)
  t= 23.7 DWA-F pos=(-1.40,-0.21) yaw=+170.7 d=4.65 goal_err=-35 carrot_err= -18 c0=1.40 clear=0.93 prog=0.30 rel=0.91 bal=+0.23 obs=199 hard=195 obsc=209 yr=  0  nz=0.09 flt=0.00 dmap=+3/-0 shz=4.0 plan=22 cmd=(lx=+0.00,ly=+0.40,rx=+0.00)
  t= 24.1 DWA-F pos=(-1.45,-0.20) yaw=+170.7 d=4.61 goal_err=-35 carrot_err= -19 c0=1.35 clear=0.90 prog=0.30 rel=0.91 bal=+0.22 obs=200 hard=198 obsc=210 yr=  0  nz=0.09 flt=0.02 dmap=+0/-0 shz=4.0 plan=22 cmd=(lx=+0.00,ly=+0.40,rx=+0.00)
  t= 24.6 DWA-F pos=(-1.49,-0.20) yaw=+170.7 d=4.58 goal_err=-36 carrot_err= -20 c0=1.31 clear=0.87 prog=0.29 rel=0.91 bal=+0.08 obs=199 hard=197 obsc=210 yr=  0  nz=0.09 flt=0.00 dmap=+0/-0 shz=4.0 plan=22 cmd=(lx=+0.00,ly=+0.40,rx=+0.00)
  t= 25.0 DWA-F pos=(-1.55,-0.19) yaw=+170.7 d=4.53 goal_err=-36 carrot_err= -21 c0=1.25 clear=0.83 prog=0.31 rel=0.91 bal=+0.08 obs=199 hard=197 obsc=210 yr=  0  nz=0.09 flt=0.00 dmap=+0/-0 shz=4.0 plan=22 cmd=(lx=+0.00,ly=+0.40,rx=+0.00)
  t= 25.4 DWA-F pos=(-1.59,-0.18) yaw=+170.7 d=4.50 goal_err=-36 carrot_err= -26 c0=1.21 clear=0.81 prog=0.29 rel=0.91 bal=+0.08 obs=199 hard=197 obsc=210 yr=  0  nz=0.09 flt=0.01 dmap=+1/-1 shz=4.0 plan=22 cmd=(lx=+0.00,ly=+0.40,rx=+0.00)
  t= 25.8 DWA-F pos=(-1.64,-0.17) yaw=+170.7 d=4.46 goal_err=-37 carrot_err= -28 c0=1.17 clear=0.78 prog=0.29 rel=0.91 bal=+0.08 obs=199 hard=197 obsc=211 yr=  0  nz=0.09 flt=0.01 dmap=+0/-0 shz=4.0 plan=22 cmd=(lx=+0.00,ly=+0.40,rx=+0.00)
  t= 26.3 DWA-F pos=(-1.68,-0.17) yaw=+170.7 d=4.43 goal_err=-37 carrot_err= -29 c0=1.12 clear=0.75 prog=0.29 rel=0.91 bal=+0.07 obs=199 hard=196 obsc=209 yr=  0  nz=0.09 flt=0.02 dmap=+0/-0 shz=4.0 plan=21 cmd=(lx=+0.00,ly=+0.40,rx=+0.00)
  t= 26.7 DWA-F pos=(-1.72,-0.16) yaw=+170.7 d=4.39 goal_err=-37 carrot_err= -30 c0=1.08 clear=0.72 prog=0.29 rel=0.92 bal=+0.08 obs=199 hard=196 obsc=209 yr=  0  nz=0.08 flt=0.01 dmap=+0/-0 shz=4.0 plan=21 cmd=(lx=+0.00,ly=+0.40,rx=+0.00)
  t= 27.1 DWA-F pos=(-1.78,-0.15) yaw=+170.7 d=4.35 goal_err=-38 carrot_err= -33 c0=1.02 clear=0.68 prog=0.29 rel=0.92 bal=+0.07 obs=199 hard=196 obsc=209 yr=  0  nz=0.08 flt=0.02 dmap=+0/-0 shz=4.0 plan=21 cmd=(lx=+0.00,ly=+0.40,rx=+0.00)
  t= 27.6 DWA-F pos=(-1.82,-0.14) yaw=+167.5 d=4.31 goal_err=-35 carrot_err= -22 c0=0.98 clear=0.65 prog=0.29 rel=0.92 bal=+0.06 obs=199 hard=196 obsc=209 yr= 14  nz=0.09 flt=0.13 dmap=+0/-0 shz=4.0 plan=20 cmd=(lx=+0.00,ly=+0.40,rx=+0.00)
  t= 28.0 DWA-F pos=(-1.86,-0.13) yaw=+167.5 d=4.27 goal_err=-35 carrot_err= -23 c0=0.94 clear=0.62 prog=0.29 rel=0.93 bal=+0.06 obs=201 hard=197 obsc=211 yr=  0  nz=0.07 flt=0.00 dmap=+0/-0 shz=4.0 plan=20 cmd=(lx=+0.00,ly=+0.40,rx=+0.00)
  t= 28.5 DWA-F pos=(-1.92,-0.12) yaw=+167.5 d=4.23 goal_err=-36 carrot_err= -25 c0=0.88 clear=0.59 prog=0.30 rel=0.93 bal=+0.05 obs=199 hard=196 obsc=211 yr=  0  nz=0.07 flt=0.01 dmap=+1/-3 shz=4.0 plan=20 cmd=(lx=+0.00,ly=+0.40,rx=+0.00)
  t= 28.9 DWA-F pos=(-1.96,-0.11) yaw=+167.5 d=4.19 goal_err=-36 carrot_err= -28 c0=0.84 clear=0.56 prog=0.29 rel=0.93 bal=+0.05 obs=199 hard=194 obsc=208 yr=  0  nz=0.07 flt=0.03 dmap=+0/-0 shz=4.0 plan=20 cmd=(lx=+0.00,ly=+0.40,rx=+0.00)
  t= 29.3 DWA-F pos=(-2.01,-0.10) yaw=+167.5 d=4.16 goal_err=-37 carrot_err= -20 c0=0.80 clear=0.53 prog=0.29 rel=0.92 bal=+0.05 obs=203 hard=199 obsc=212 yr=  0  nz=0.08 flt=0.00 dmap=+0/-0 shz=4.0 plan=19 cmd=(lx=+0.00,ly=+0.40,rx=+0.00)
  t= 29.8 DWA-F pos=(-2.04,-0.09) yaw=+167.5 d=4.13 goal_err=-37 carrot_err= -20 c0=0.77 clear=0.51 prog=0.27 rel=0.93 bal=+0.05 obs=202 hard=201 obsc=213 yr=  0  nz=0.07 flt=0.02 dmap=+2/-2 shz=4.0 plan=19 cmd=(lx=+0.00,ly=+0.40,rx=+0.00)
  t= 30.2 DWA-F pos=(-2.08,-0.08) yaw=+167.5 d=4.10 goal_err=-37 carrot_err= -21 c0=0.73 clear=0.48 prog=0.27 rel=0.94 bal=-0.07 obs=201 hard=200 obsc=211 yr=  0  nz=0.07 flt=0.00 dmap=+0/-0 shz=4.0 plan=19 cmd=(lx=+0.00,ly=+0.40,rx=+0.00)
  t= 30.6 DWA-F pos=(-2.12,-0.07) yaw=+167.5 d=4.06 goal_err=-38 carrot_err= -25 c0=0.69 clear=0.46 prog=0.26 rel=0.93 bal=-0.22 obs=203 hard=201 obsc=212 yr=  0  nz=0.07 flt=0.02 dmap=+0/-0 shz=4.0 plan=18 cmd=(lx=+0.00,ly=+0.40,rx=+0.00)
  t= 31.1 DWA-F pos=(-2.18,-0.06) yaw=+167.5 d=4.02 goal_err=-38 carrot_err= -26 c0=0.64 clear=0.42 prog=0.27 rel=0.92 bal=-0.53 obs=204 hard=200 obsc=213 yr=  0  nz=0.08 flt=0.02 dmap=+0/-0 shz=4.0 plan=18 cmd=(lx=+0.00,ly=+0.40,rx=+0.00)
  t= 31.5 DWA-F pos=(-2.22,-0.05) yaw=+167.5 d=3.98 goal_err=-38 carrot_err= -28 c0=0.79 clear=0.53 prog=0.27 rel=0.91 bal=-0.53 obs=205 hard=200 obsc=214 yr=  0  nz=0.10 flt=0.02 dmap=+2/-0 shz=4.0 plan=18 cmd=(lx=+0.00,ly=+0.40,rx=+0.00)
  t= 31.9 DWA-F pos=(-2.27,-0.04) yaw=+167.5 d=3.95 goal_err=-39 carrot_err= -29 c0=0.75 clear=0.50 prog=0.28 rel=0.90 bal=-0.53 obs=205 hard=202 obsc=215 yr=  0  nz=0.10 flt=0.00 dmap=+0/-0 shz=4.0 plan=18 cmd=(lx=+0.00,ly=+0.40,rx=+0.00)
  t= 32.3 DWA-F pos=(-2.31,-0.03) yaw=+167.5 d=3.91 goal_err=-39 carrot_err= -30 c0=0.89 clear=0.59 prog=0.28 rel=0.87 bal=-0.53 obs=208 hard=204 obsc=217 yr=  0  nz=0.13 flt=0.01 dmap=+0/-0 shz=4.0 plan=18 cmd=(lx=+0.00,ly=+0.40,rx=+0.00)
  t= 32.8 DWA-F pos=(-2.35,-0.02) yaw=+164.3 d=3.88 goal_err=-36 carrot_err= -28 c0=0.85 clear=0.56 prog=0.27 rel=0.90 bal=-0.53 obs=208 hard=206 obsc=218 yr= 15  nz=0.10 flt=0.03 dmap=+1/-1 shz=4.0 plan=18 cmd=(lx=+0.00,ly=+0.40,rx=+0.00)
  t= 33.2 DWA-F pos=(-2.39,-0.01) yaw=+164.3 d=3.84 goal_err=-37 carrot_err= -30 c0=0.81 clear=0.54 prog=0.27 rel=0.90 bal=-0.53 obs=206 hard=206 obsc=220 yr=  0G nz=0.10 flt=0.01 dmap=+0/-0 shz=4.0 plan=18 cmd=(lx=+0.00,ly=+0.40,rx=+0.45)
  t= 33.6 DWA-F pos=(-2.45,+0.01) yaw=+159.5 d=3.80 goal_err=-33 carrot_err= -27 c0=0.75 clear=0.50 prog=0.29 rel=0.91 bal=-0.52 obs=213 hard=205 obsc=225 yr=  0  nz=0.09 flt=0.04 dmap=+0/-0 shz=4.0 plan=17 cmd=(lx=+0.00,ly=+0.40,rx=+0.00)
  t= 34.1 DWA-F pos=(-2.49,+0.02) yaw=+159.5 d=3.76 goal_err=-33 carrot_err= -28 c0=0.71 clear=0.47 prog=0.29 rel=0.91 bal=-0.49 obs=214 hard=205 obsc=226 yr=  0  nz=0.10 flt=0.00 dmap=+0/-0 shz=4.0 plan=17 cmd=(lx=+0.00,ly=+0.40,rx=+0.00)
  t= 34.5 DWA-F pos=(-2.53,+0.04) yaw=+156.3 d=3.72 goal_err=-30 carrot_err= -26 c0=1.08 clear=0.72 prog=0.30 rel=0.92 bal=-0.49 obs=219 hard=208 obsc=229 yr= 15  nz=0.08 flt=0.14 dmap=+5/-0 shz=4.0 plan=17 cmd=(lx=+0.00,ly=+0.40,rx=+0.00)
  t= 34.9 ENG-F pos=(-2.57,+0.06) yaw=+156.3 d=3.68 goal_err=-30 carrot_err= -26 c0=1.04 clear=0.69 prog=0.30 rel=0.76 bal=-0.36 obs=219 hard=210 obsc=231 yr=  0  nz=0.24 flt=0.03 dmap=+0/-0 shz=4.0 plan=17 cmd=(lx=+0.00,ly=+0.28,rx=+0.00)
  t= 35.4 ENG-F pos=(-2.61,+0.07) yaw=+156.3 d=3.64 goal_err=-31 carrot_err= -27 c0=0.99 clear=0.66 prog=0.29 rel=0.75 bal=-0.36 obs=221 hard=211 obsc=231 yr=  0  nz=0.25 flt=0.02 dmap=+0/-0 shz=4.0 plan=17 cmd=(lx=+0.00,ly=+0.28,rx=+0.00)
  t= 35.8 ENG-F pos=(-2.65,+0.09) yaw=+156.3 d=3.61 goal_err=-31 carrot_err= -28 c0=0.96 clear=0.64 prog=0.28 rel=0.80 bal=-0.36 obs=221 hard=211 obsc=233 yr=  0  nz=0.20 flt=0.02 dmap=+0/-2 shz=4.0 plan=17 cmd=(lx=+0.00,ly=+0.28,rx=+0.00)
  t= 36.2 ENG-F pos=(-2.68,+0.10) yaw=+156.3 d=3.58 goal_err=-31 carrot_err= -30 c0=0.92 clear=0.62 prog=0.28 rel=0.93 bal=-0.36 obs=221 hard=211 obsc=233 yr=  0  nz=0.07 flt=0.02 dmap=+0/-0 shz=4.0 plan=17 cmd=(lx=+0.00,ly=+0.28,rx=+0.00)
  t= 36.6 ENG-F pos=(-2.71,+0.12) yaw=+156.3 d=3.55 goal_err=-32 carrot_err= -21 c0=0.89 clear=0.59 prog=0.27 rel=0.92 bal=-0.36 obs=219 hard=211 obsc=231 yr=  0  nz=0.08 flt=0.04 dmap=+0/-0 shz=4.0 plan=16 cmd=(lx=+0.00,ly=+0.28,rx=+0.00)
  t= 37.1 ENG-F pos=(-2.75,+0.13) yaw=+156.3 d=3.52 goal_err=-32 carrot_err= -22 c0=0.86 clear=0.57 prog=0.24 rel=0.92 bal=-0.36 obs=221 hard=213 obsc=232 yr=  0  nz=0.08 flt=0.01 dmap=+1/-1 shz=4.0 plan=16 cmd=(lx=+0.00,ly=+0.28,rx=+0.00)
  t= 37.5 ENG-F pos=(-2.79,+0.15) yaw=+156.3 d=3.48 goal_err=-32 carrot_err= -23 c0=0.81 clear=0.54 prog=0.25 rel=0.92 bal=-0.29 obs=219 hard=212 obsc=230 yr=  0  nz=0.08 flt=0.03 dmap=+0/-1 shz=4.0 plan=16 cmd=(lx=+0.00,ly=+0.28,rx=+0.00)
  t= 37.9 ENG-F pos=(-2.82,+0.16) yaw=+156.3 d=3.45 goal_err=-33 carrot_err= -24 c0=0.78 clear=0.52 prog=0.25 rel=0.93 bal=-0.30 obs=220 hard=213 obsc=231 yr=  0  nz=0.07 flt=0.00 dmap=+0/-0 shz=4.0 plan=16 cmd=(lx=+0.00,ly=+0.28,rx=+0.00)
  t= 38.4 ENG-F pos=(-2.85,+0.18) yaw=+156.3 d=3.42 goal_err=-33 carrot_err= -25 c0=0.75 clear=0.50 prog=0.25 rel=0.93 bal=-0.30 obs=221 hard=215 obsc=232 yr=  0  nz=0.07 flt=0.01 dmap=+0/-0 shz=4.0 plan=16 cmd=(lx=+0.00,ly=+0.28,rx=+0.00)
  t= 38.8 ENG-F pos=(-2.89,+0.19) yaw=+156.3 d=3.39 goal_err=-33 carrot_err= -26 c0=0.71 clear=0.48 prog=0.25 rel=0.93 bal=-0.31 obs=222 hard=215 obsc=234 yr=  0  nz=0.07 flt=0.00 dmap=+1/-0 shz=4.0 plan=16 cmd=(lx=+0.00,ly=+0.28,rx=+0.00)
  t= 39.2 ENG-T pos=(-2.92,+0.21) yaw=+156.3 d=3.36 goal_err=-34 carrot_err= -27 c0=0.68 clear=0.45 prog=0.25 rel=0.94 bal=-0.19 obs=223 hard=216 obsc=235 yr=  0G nz=0.06 flt=0.02 dmap=+0/-0 shz=4.0 plan=16 cmd=(lx=+0.00,ly=+0.00,rx=+0.45)
  t= 39.6 ENG-F pos=(-2.93,+0.22) yaw=+151.4 d=3.35 goal_err=-29 carrot_err= -23 c0=0.69 clear=0.46 prog=0.21 rel=0.95 bal=-0.19 obs=222 hard=214 obsc=233 yr=  0  nz=0.05 flt=0.01 dmap=+0/-0 shz=4.0 plan=16 cmd=(lx=+0.00,ly=+0.28,rx=+0.00)
  t= 40.0 ENG-F pos=(-2.97,+0.23) yaw=+151.4 d=3.31 goal_err=-29 carrot_err= -24 c0=0.65 clear=0.44 prog=0.21 rel=0.96 bal=-0.19 obs=222 hard=215 obsc=232 yr=  0  nz=0.04 flt=0.00 dmap=+0/-0 shz=4.0 plan=16 cmd=(lx=+0.00,ly=+0.28,rx=+0.00)
  t= 40.5 ENG-F pos=(-3.00,+0.25) yaw=+151.4 d=3.28 goal_err=-30 carrot_err= -25 c0=0.62 clear=0.41 prog=0.22 rel=0.95 bal=-0.20 obs=222 hard=216 obsc=232 yr=  0  nz=0.05 flt=0.01 dmap=+0/-0 shz=4.0 plan=16 cmd=(lx=+0.00,ly=+0.28,rx=+0.00)
  t= 40.9 ENG-F pos=(-3.02,+0.26) yaw=+149.8 d=3.26 goal_err=-28 carrot_err= -25 c0=0.59 clear=0.40 prog=0.20 rel=0.93 bal=-0.24 obs=222 hard=216 obsc=232 yr= 15G nz=0.07 flt=0.00 dmap=+0/-0 shz=4.0 plan=16 cmd=(lx=+0.00,ly=+0.28,rx=+0.00)
  t= 41.3 ENG-F pos=(-3.04,+0.28) yaw=+148.2 d=3.24 goal_err=-27 carrot_err= -24 c0=0.57 clear=0.38 prog=0.22 rel=0.92 bal=-0.24 obs=228 hard=221 obsc=240 yr=  0  nz=0.08 flt=0.00 dmap=+0/-0 shz=4.0 plan=16 cmd=(lx=+0.00,ly=+0.28,rx=+0.00)
  t= 41.7 ENG-T pos=(-3.08,+0.30) yaw=+148.2 d=3.20 goal_err=-27 carrot_err= -25 c0=0.53 clear=0.36 prog=0.22 rel=0.93 bal=-0.25 obs=229 hard=221 obsc=240 yr=  0G nz=0.07 flt=0.01 dmap=+0/-0 shz=4.0 plan=16 cmd=(lx=+0.00,ly=+0.00,rx=+0.45)
  t= 42.2 ENG-F pos=(-3.10,+0.31) yaw=+145.0 d=3.18 goal_err=-24 carrot_err= -19 c0=0.58 clear=0.39 prog=0.21 rel=0.93 bal=-0.20 obs=231 hard=220 obsc=246 yr=  0  nz=0.07 flt=0.03 dmap=+0/-0 shz=4.0 plan=16 cmd=(lx=+0.00,ly=+0.28,rx=+0.00)
  t= 42.6 ENG-F pos=(-3.12,+0.33) yaw=+143.4 d=3.16 goal_err=-23 carrot_err= -18 c0=0.55 clear=0.37 prog=0.20 rel=0.94 bal=-0.20 obs=231 hard=220 obsc=245 yr= 15G nz=0.06 flt=0.03 dmap=+0/-0 shz=4.0 plan=16 cmd=(lx=+0.00,ly=+0.28,rx=+0.00)
  t= 43.0 ENG-F pos=(-3.14,+0.34) yaw=+141.8 d=3.13 goal_err=-21 carrot_err= -17 c0=0.53 clear=0.35 prog=0.21 rel=0.96 bal=-0.19 obs=230 hard=219 obsc=243 yr=  0  nz=0.04 flt=0.01 dmap=+0/-0 shz=4.0 plan=15 cmd=(lx=+0.00,ly=+0.28,rx=+0.00)
  t= 43.4 ENG-F pos=(-3.16,+0.36) yaw=+140.2 d=3.11 goal_err=-20 carrot_err= -16 c0=0.51 clear=0.34 prog=0.19 rel=0.96 bal=-0.18 obs=230 hard=219 obsc=242 yr= 15G nz=0.04 flt=0.00 dmap=+0/-0 shz=4.0 plan=15 cmd=(lx=+0.00,ly=+0.28,rx=+0.00)
  t= 43.9 ENG-F pos=(-3.17,+0.37) yaw=+138.6 d=3.09 goal_err=-18 carrot_err= -14 c0=0.67 clear=0.44 prog=0.19 rel=0.90 bal=+0.45 obs=226 hard=218 obsc=239 yr=  0  nz=0.10 flt=0.00 dmap=+0/-2 shz=4.0 plan=15 cmd=(lx=+0.00,ly=+0.28,rx=+0.00)
  t= 44.3 ENG-F pos=(-3.19,+0.39) yaw=+137.0 d=3.07 goal_err=-17 carrot_err= -13 c0=0.65 clear=0.43 prog=0.17 rel=0.88 bal=+0.46 obs=228 hard=217 obsc=239 yr= 15G nz=0.12 flt=0.15 dmap=+0/-0 shz=4.0 plan=15 cmd=(lx=+0.00,ly=+0.28,rx=+0.00)
  t= 44.7 ENG-F pos=(-3.21,+0.40) yaw=+133.8 d=3.05 goal_err=-14 carrot_err= -10 c0=1.07 clear=0.71 prog=0.18 rel=0.72 bal=+0.47 obs=230 hard=221 obsc=242 yr=  0  nz=0.28 flt=0.03 dmap=+1/-0 shz=4.0 plan=15 cmd=(lx=+0.00,ly=+0.28,rx=+0.00)
  t= 45.1 ENG-T pos=(-3.23,+0.42) yaw=+133.8 d=3.02 goal_err=-14 carrot_err= -11 c0=0.86 clear=0.57 prog=0.17 rel=0.75 bal=+0.48 obs=230 hard=221 obsc=241 yr=  0G nz=0.25 flt=0.00 dmap=+0/-0 shz=4.0 plan=15 cmd=(lx=+0.00,ly=+0.00,rx=+0.45)
  t= 45.6 ENG-F pos=(-3.23,+0.43) yaw=+130.6 d=3.00 goal_err=-11 carrot_err=  -8 c0=0.85 clear=0.57 prog=0.17 rel=0.75 bal=+0.49 obs=243 hard=233 obsc=254 yr=  0  nz=0.25 flt=0.02 dmap=+0/-0 shz=4.0 plan=15 cmd=(lx=+0.00,ly=+0.28,rx=+0.00)
  t= 46.0 ENG-GO pos=(-3.25,+0.45) yaw=+130.6 d=2.98 goal_err=-11 carrot_err=  -8 c0=0.83 clear=0.55 prog=0.16 rel=0.86 bal=+0.50 obs=242 hard=233 obsc=255 yr=  0  nz=0.14 flt=0.01 dmap=+0/-0 shz=4.0 plan=15 cmd=(lx=+0.00,ly=+0.28,rx=+0.00)
  t= 46.4 ENG-GO pos=(-3.27,+0.48) yaw=+130.6 d=2.95 goal_err=-11 carrot_err=  -8 c0=1.24 clear=0.83 prog=0.19 rel=0.77 bal=-0.12 obs=242 hard=233 obsc=255 yr=  0  nz=0.23 flt=0.01 dmap=+0/-0 shz=4.0 plan=15 cmd=(lx=+0.00,ly=+0.28,rx=+0.00)
  t= 46.8 ENG-GO pos=(-3.29,+0.50) yaw=+130.6 d=2.92 goal_err=-11 carrot_err=  -5 c0=1.31 clear=0.87 prog=0.20 rel=0.69 bal=+0.53 obs=238 hard=228 obsc=251 yr=  0  nz=0.31 flt=0.01 dmap=+0/-1 shz=4.0 plan=15 cmd=(lx=+0.00,ly=+0.28,rx=+0.00)
  t= 47.3 ENG-GO pos=(-3.31,+0.52) yaw=+130.6 d=2.89 goal_err=-11 carrot_err=  -5 c0=1.28 clear=0.85 prog=0.23 rel=0.65 bal=+0.54 obs=239 hard=228 obsc=250 yr=  0  nz=0.35 flt=0.00 dmap=+0/-0 shz=4.0 plan=15 cmd=(lx=+0.00,ly=+0.28,rx=+0.00)
  t= 47.7 ENG-GO pos=(-3.33,+0.55) yaw=+130.6 d=2.86 goal_err=-11 carrot_err=  -5 c0=1.25 clear=0.83 prog=0.23 rel=0.74 bal=+0.56 obs=238 hard=228 obsc=251 yr=  0  nz=0.26 flt=0.01 dmap=+0/-0 shz=4.0 plan=15 cmd=(lx=+0.00,ly=+0.28,rx=+0.00)
  t= 48.1 ENG-GO pos=(-3.35,+0.57) yaw=+130.6 d=2.83 goal_err=-11 carrot_err=  -3 c0=1.22 clear=0.81 prog=0.25 rel=0.94 bal=+0.58 obs=237 hard=227 obsc=248 yr=  0  nz=0.06 flt=0.01 dmap=+0/-0 shz=4.0 plan=13 cmd=(lx=+0.00,ly=+0.28,rx=+0.00)
  t= 48.5 ENG-GO pos=(-3.38,+0.60) yaw=+130.6 d=2.79 goal_err=-12 carrot_err=  -3 c0=1.19 clear=0.79 prog=0.25 rel=0.94 bal=+0.16 obs=239 hard=229 obsc=251 yr=  0  nz=0.06 flt=0.00 dmap=+1/-0 shz=4.0 plan=13 cmd=(lx=+0.00,ly=+0.28,rx=+0.00)
  t= 49.0 ENG-GO pos=(-3.40,+0.63) yaw=+130.6 d=2.76 goal_err=-12 carrot_err=  -3 c0=1.15 clear=0.77 prog=0.26 rel=0.94 bal=+0.02 obs=242 hard=231 obsc=254 yr=  0  nz=0.06 flt=0.00 dmap=+0/-0 shz=4.0 plan=13 cmd=(lx=+0.00,ly=+0.28,rx=+0.00)
  t= 49.4 ENG-GO pos=(-3.42,+0.65) yaw=+130.6 d=2.72 goal_err=-12 carrot_err=  -3 c0=1.12 clear=0.75 prog=0.27 rel=0.94 bal=+0.02 obs=241 hard=231 obsc=253 yr=  0  nz=0.06 flt=0.01 dmap=+0/-0 shz=4.0 plan=13 cmd=(lx=+0.00,ly=+0.28,rx=+0.00)
  t= 49.8 ENG-GO pos=(-3.45,+0.68) yaw=+130.6 d=2.69 goal_err=-12 carrot_err=  -3 c0=1.09 clear=0.72 prog=0.27 rel=0.93 bal=-0.01 obs=239 hard=232 obsc=252 yr=  0  nz=0.07 flt=0.02 dmap=+0/-3 shz=4.0 plan=13 cmd=(lx=+0.00,ly=+0.28,rx=+0.00)
  t= 50.2 ENG-GO pos=(-3.47,+0.71) yaw=+130.6 d=2.65 goal_err=-12 carrot_err=  -3 c0=1.05 clear=0.70 prog=0.27 rel=0.94 bal=-0.02 obs=238 hard=230 obsc=251 yr=  0  nz=0.06 flt=0.00 dmap=+0/-0 shz=4.0 plan=13 cmd=(lx=+0.00,ly=+0.28,rx=+0.00)
  t= 50.7 ENG-GO pos=(-3.50,+0.74) yaw=+130.6 d=2.61 goal_err=-12 carrot_err=  -3 c0=1.01 clear=0.67 prog=0.28 rel=0.93 bal=+0.03 obs=238 hard=228 obsc=249 yr=  0  nz=0.07 flt=0.00 dmap=+0/-0 shz=4.0 plan=13 cmd=(lx=+0.00,ly=+0.28,rx=+0.00)
  t= 51.1 ENG-GO pos=(-3.52,+0.77) yaw=+130.6 d=2.57 goal_err=-13 carrot_err=  -1 c0=0.98 clear=0.65 prog=0.29 rel=0.92 bal=+0.02 obs=238 hard=227 obsc=248 yr=  0  nz=0.08 flt=0.01 dmap=+0/-0 shz=4.0 plan=12 cmd=(lx=+0.00,ly=+0.28,rx=+0.00)
  t= 51.5 ENG-GO pos=(-3.55,+0.80) yaw=+130.6 d=2.54 goal_err=-13 carrot_err=  -1 c0=0.94 clear=0.63 prog=0.29 rel=0.91 bal=+0.02 obs=237 hard=227 obsc=248 yr=  0  nz=0.09 flt=0.02 dmap=+0/-0 shz=4.0 plan=12 cmd=(lx=+0.00,ly=+0.28,rx=+0.00)
  t= 51.9 ENG-GO pos=(-3.57,+0.82) yaw=+130.6 d=2.50 goal_err=-13 carrot_err=  -1 c0=1.01 clear=0.67 prog=0.29 rel=0.92 bal=+0.02 obs=234 hard=227 obsc=247 yr=  0  nz=0.08 flt=0.02 dmap=+0/-0 shz=4.0 plan=12 cmd=(lx=+0.00,ly=+0.28,rx=+0.00)
  t= 52.4 ENG-GO pos=(-3.59,+0.85) yaw=+130.6 d=2.47 goal_err=-13 carrot_err=  -2 c0=0.98 clear=0.65 prog=0.29 rel=0.95 bal=+0.02 obs=234 hard=224 obsc=245 yr=  0  nz=0.05 flt=0.02 dmap=+0/-1 shz=4.0 plan=12 cmd=(lx=+0.00,ly=+0.28,rx=+0.00)
  t= 52.8 ENG-GO pos=(-3.62,+0.88) yaw=+130.6 d=2.43 goal_err=-13 carrot_err=  -2 c0=0.94 clear=0.63 prog=0.28 rel=0.95 bal=+0.02 obs=234 hard=225 obsc=247 yr=  0  nz=0.05 flt=0.00 dmap=+0/-0 shz=4.0 plan=12 cmd=(lx=+0.00,ly=+0.28,rx=+0.00)
  t= 53.2 ENG-GO pos=(-3.65,+0.91) yaw=+130.6 d=2.39 goal_err=-14 carrot_err=  -2 c0=0.90 clear=0.60 prog=0.29 rel=0.94 bal=-0.11 obs=235 hard=226 obsc=247 yr=  0  nz=0.06 flt=0.00 dmap=+0/-0 shz=4.0 plan=12 cmd=(lx=+0.00,ly=+0.28,rx=+0.00)
  t= 53.6 ENG-GO pos=(-3.67,+0.94) yaw=+130.6 d=2.35 goal_err=-14 carrot_err=  -2 c0=0.86 clear=0.57 prog=0.29 rel=0.93 bal=+0.01 obs=233 hard=223 obsc=245 yr=  0  nz=0.07 flt=0.00 dmap=+0/-1 shz=4.0 plan=12 cmd=(lx=+0.00,ly=+0.28,rx=+0.00)
  t= 54.0 ENG-GO pos=(-3.69,+0.97) yaw=+130.6 d=2.32 goal_err=-14 carrot_err=  -2 c0=0.83 clear=0.55 prog=0.29 rel=0.91 bal=+0.01 obs=233 hard=223 obsc=244 yr=  0  nz=0.09 flt=0.00 dmap=+0/-0 shz=4.0 plan=11 cmd=(lx=+0.00,ly=+0.28,rx=+0.00)
  t= 54.5 ENG-GO pos=(-3.72,+1.00) yaw=+130.6 d=2.28 goal_err=-14 carrot_err=  -2 c0=0.79 clear=0.53 prog=0.29 rel=0.93 bal=+0.00 obs=232 hard=224 obsc=245 yr=  0  nz=0.07 flt=0.01 dmap=+1/-0 shz=4.0 plan=11 cmd=(lx=+0.00,ly=+0.28,rx=+0.00)
  t= 54.9 ENG-GO pos=(-3.74,+1.02) yaw=+130.6 d=2.25 goal_err=-14 carrot_err=  -2 c0=0.76 clear=0.51 prog=0.28 rel=0.93 bal=-0.01 obs=231 hard=223 obsc=241 yr=  0  nz=0.07 flt=0.00 dmap=+0/-1 shz=4.0 plan=11 cmd=(lx=+0.00,ly=+0.28,rx=+0.00)
  t= 55.3 ENG-GO pos=(-3.77,+1.06) yaw=+130.6 d=2.20 goal_err=-15 carrot_err=  -0 c0=0.72 clear=0.48 prog=0.29 rel=0.93 bal=-0.01 obs=231 hard=222 obsc=240 yr=  0  nz=0.07 flt=0.01 dmap=+0/-0 shz=4.0 plan=11 cmd=(lx=+0.00,ly=+0.28,rx=+0.00)
  t= 55.7 ENG-GO pos=(-3.79,+1.08) yaw=+130.6 d=2.17 goal_err=-15 carrot_err=  -0 c0=0.68 clear=0.46 prog=0.29 rel=0.92 bal=-0.02 obs=231 hard=221 obsc=240 yr=  0  nz=0.08 flt=0.00 dmap=+1/-0 shz=4.0 plan=11 cmd=(lx=+0.00,ly=+0.28,rx=+0.00)
  t= 56.2 ENG-GO pos=(-3.82,+1.11) yaw=+130.6 d=2.13 goal_err=-15 carrot_err=  -0 c0=0.65 clear=0.43 prog=0.29 rel=0.92 bal=-0.03 obs=234 hard=223 obsc=243 yr=  0  nz=0.08 flt=0.01 dmap=+0/-0 shz=4.0 plan=11 cmd=(lx=+0.00,ly=+0.28,rx=+0.00)
  t= 56.6 ENG-GO pos=(-3.84,+1.14) yaw=+130.6 d=2.10 goal_err=-15 carrot_err=  -0 c0=0.62 clear=0.41 prog=0.29 rel=0.92 bal=-0.05 obs=234 hard=223 obsc=244 yr=  0  nz=0.08 flt=0.01 dmap=+1/-1 shz=4.0 plan=11 cmd=(lx=+0.00,ly=+0.28,rx=+0.00)
  t= 57.0 ENG-GO pos=(-3.86,+1.17) yaw=+130.6 d=2.06 goal_err=-16 carrot_err=  -8 c0=0.86 clear=0.57 prog=0.29 rel=0.86 bal=-0.07 obs=236 hard=225 obsc=245 yr=  0  nz=0.14 flt=0.00 dmap=+0/-0 shz=4.0 plan=11 cmd=(lx=+0.00,ly=+0.28,rx=+0.00)
  t= 57.4 ENG-GO pos=(-3.89,+1.20) yaw=+130.6 d=2.02 goal_err=-16 carrot_err=  -0 c0=0.81 clear=0.54 prog=0.29 rel=0.82 bal=+0.09 obs=235 hard=226 obsc=245 yr=  0  nz=0.17 flt=0.00 dmap=+2/-0 shz=4.0 plan=10 cmd=(lx=+0.00,ly=+0.28,rx=+0.00)
  t= 57.9 ENG-GO pos=(-3.92,+1.23) yaw=+130.6 d=1.99 goal_err=-16 carrot_err=  -0 c0=0.78 clear=0.52 prog=0.29 rel=0.83 bal=+0.08 obs=233 hard=225 obsc=244 yr=  0  nz=0.17 flt=0.00 dmap=+0/-1 shz=4.0 plan=10 cmd=(lx=+0.00,ly=+0.28,rx=+0.00)
  t= 58.3 ENG-GO pos=(-3.93,+1.25) yaw=+130.6 d=1.96 goal_err=-17 carrot_err=  -0 c0=0.75 clear=0.50 prog=0.27 rel=0.94 bal=+0.08 obs=234 hard=224 obsc=243 yr=  0  nz=0.06 flt=0.00 dmap=+0/-0 shz=4.0 plan=10 cmd=(lx=+0.00,ly=+0.28,rx=+0.00)
  t= 58.7 ENG-GO pos=(-3.96,+1.28) yaw=+130.6 d=1.93 goal_err=-17 carrot_err= -15 c0=0.72 clear=0.48 prog=0.27 rel=0.94 bal=+0.01 obs=231 hard=222 obsc=241 yr=  0  nz=0.07 flt=0.01 dmap=+0/-0 shz=4.0 plan=10 cmd=(lx=+0.00,ly=+0.28,rx=+0.00)
  t= 59.1 ENG-GO pos=(-3.98,+1.30) yaw=+130.6 d=1.89 goal_err=-17 carrot_err= -15 c0=0.69 clear=0.46 prog=0.27 rel=0.95 bal=+0.00 obs=232 hard=222 obsc=241 yr=  0  nz=0.05 flt=0.01 dmap=+0/-0 shz=4.0 plan=10 cmd=(lx=+0.00,ly=+0.28,rx=+0.00)
  t= 59.6 ENG-GO pos=(-4.00,+1.33) yaw=+130.6 d=1.86 goal_err=-18 carrot_err= -16 c0=1.48 clear=0.99 prog=0.26 rel=0.94 bal=-0.01 obs=231 hard=224 obsc=243 yr=  0  nz=0.06 flt=0.01 dmap=+0/-0 shz=4.0 plan=10 cmd=(lx=+0.00,ly=+0.28,rx=+0.00)
  t= 60.0 ENG-GO pos=(-4.03,+1.36) yaw=+130.6 d=1.81 goal_err=-18 carrot_err= -17 c0=1.44 clear=0.96 prog=0.29 rel=0.48 bal=-0.04 obs=233 hard=225 obsc=243 yr=  0  nz=0.52 flt=0.02 dmap=+0/-0 shz=4.0 plan=10 cmd=(lx=+0.00,ly=+0.28,rx=+0.00)
  t= 60.4 ENG-GO pos=(-4.06,+1.39) yaw=+130.6 d=1.78 goal_err=-18 carrot_err= -18 c0=1.40 clear=0.93 prog=0.29 rel=0.42 bal=-0.04 obs=231 hard=223 obsc=241 yr=  0  nz=0.58 flt=0.00 dmap=+1/-1 shz=4.0 plan=9 cmd=(lx=+0.00,ly=+0.28,rx=+0.00)
  t= 60.8 ENG-GO pos=(-4.08,+1.42) yaw=+130.6 d=1.75 goal_err=-19 carrot_err= -18 c0=1.37 clear=0.91 prog=0.28 rel=0.48 bal=+0.10 obs=232 hard=224 obsc=242 yr=  0  nz=0.52 flt=0.00 dmap=+0/-0 shz=4.0 plan=9 cmd=(lx=+0.00,ly=+0.28,rx=+0.00)
  t= 61.2 ENG-GO pos=(-4.10,+1.45) yaw=+130.6 d=1.71 goal_err=-19 carrot_err= -19 c0=1.33 clear=0.89 prog=0.28 rel=0.93 bal=+0.10 obs=233 hard=225 obsc=243 yr=  0  nz=0.07 flt=0.00 dmap=+0/-0 shz=4.0 plan=9 cmd=(lx=+0.00,ly=+0.28,rx=+0.00)
  t= 61.7 ENG-GO pos=(-4.13,+1.48) yaw=+130.6 d=1.67 goal_err=-20 carrot_err= -14 c0=1.29 clear=0.86 prog=0.28 rel=0.94 bal=+0.04 obs=227 hard=219 obsc=236 yr=  0  nz=0.06 flt=0.03 dmap=+0/-6 shz=4.0 plan=9 cmd=(lx=+0.00,ly=+0.28,rx=+0.00)
  t= 62.1 ENG-GO pos=(-4.16,+1.51) yaw=+130.6 d=1.64 goal_err=-20 carrot_err= -14 c0=1.25 clear=0.84 prog=0.28 rel=0.92 bal=+0.03 obs=228 hard=220 obsc=237 yr=  0  nz=0.08 flt=0.01 dmap=+0/-0 shz=4.0 plan=8 cmd=(lx=+0.00,ly=+0.28,rx=+0.00)
  t= 62.5 ENG-GO pos=(-4.18,+1.54) yaw=+130.6 d=1.60 goal_err=-20 carrot_err= -15 c0=1.22 clear=0.81 prog=0.28 rel=0.91 bal=+0.02 obs=230 hard=222 obsc=240 yr=  0  nz=0.09 flt=0.00 dmap=+0/-0 shz=4.0 plan=8 cmd=(lx=+0.00,ly=+0.28,rx=+0.00)
  t= 62.9 ENG-GO pos=(-4.20,+1.56) yaw=+130.6 d=1.57 goal_err=-21 carrot_err= -15 c0=1.18 clear=0.79 prog=0.28 rel=0.91 bal=+0.00 obs=233 hard=221 obsc=240 yr=  0  nz=0.09 flt=0.01 dmap=+1/-0 shz=4.0 plan=8 cmd=(lx=+0.00,ly=+0.28,rx=+0.00)
  t= 63.4 ENG-GO pos=(-4.23,+1.59) yaw=+130.6 d=1.54 goal_err=-21 carrot_err= -16 c0=1.15 clear=0.77 prog=0.28 rel=0.92 bal=-0.52 obs=234 hard=223 obsc=242 yr=  0  nz=0.08 flt=0.00 dmap=+2/-0 shz=4.0 plan=8 cmd=(lx=+0.00,ly=+0.28,rx=+0.00)
  t= 63.8 ENG-GO pos=(-4.25,+1.62) yaw=+130.6 d=1.50 goal_err=-22 carrot_err= -16 c0=1.12 clear=0.74 prog=0.26 rel=0.92 bal=-0.53 obs=232 hard=224 obsc=242 yr=  0  nz=0.08 flt=0.00 dmap=+0/-0 shz=4.0 plan=8 cmd=(lx=+0.00,ly=+0.28,rx=+0.00)
  t= 64.2 ENG-GO pos=(-4.28,+1.65) yaw=+130.6 d=1.46 goal_err=-23 carrot_err= -17 c0=1.07 clear=0.71 prog=0.28 rel=0.92 bal=-0.29 obs=232 hard=222 obsc=239 yr=  0  nz=0.08 flt=0.00 dmap=+2/-0 shz=4.0 plan=8 cmd=(lx=+0.00,ly=+0.28,rx=+0.00)
  t= 64.6 ENG-GO pos=(-4.30,+1.68) yaw=+130.6 d=1.43 goal_err=-23 carrot_err= -18 c0=1.04 clear=0.69 prog=0.28 rel=0.92 bal=-0.20 obs=234 hard=225 obsc=241 yr=  0  nz=0.09 flt=0.00 dmap=+1/-0 shz=4.0 plan=8 cmd=(lx=+0.00,ly=+0.28,rx=+0.00)
  t= 65.1 ENG-GO pos=(-4.32,+1.71) yaw=+130.6 d=1.39 goal_err=-24 carrot_err= -23 c0=1.00 clear=0.67 prog=0.28 rel=0.93 bal=-0.31 obs=234 hard=225 obsc=242 yr=  0  nz=0.07 flt=0.01 dmap=+1/-0 shz=4.0 plan=8 cmd=(lx=+0.00,ly=+0.28,rx=+0.00)
  t= 65.5 ENG-GO pos=(-4.35,+1.73) yaw=+130.6 d=1.36 goal_err=-24 carrot_err= -24 c0=0.97 clear=0.65 prog=0.28 rel=0.92 bal=-0.33 obs=235 hard=224 obsc=242 yr=  0  nz=0.08 flt=0.00 dmap=+2/-1 shz=4.0 plan=7 cmd=(lx=+0.00,ly=+0.28,rx=+0.00)
  t= 65.9 ENG-GO pos=(-4.37,+1.76) yaw=+130.6 d=1.33 goal_err=-25 carrot_err= -25 c0=0.94 clear=0.62 prog=0.26 rel=0.93 bal=-0.34 obs=236 hard=225 obsc=243 yr=  0  nz=0.07 flt=0.00 dmap=+0/-0 shz=4.0 plan=7 cmd=(lx=+0.00,ly=+0.28,rx=+0.00)
  t= 66.3 ENG-GO pos=(-4.40,+1.80) yaw=+130.6 d=1.29 goal_err=-26 carrot_err= -27 c0=0.90 clear=0.60 prog=0.27 rel=0.94 bal=-0.46 obs=235 hard=226 obsc=244 yr=  0  nz=0.06 flt=0.01 dmap=+1/-0 shz=4.0 plan=7 cmd=(lx=+0.00,ly=+0.28,rx=+0.00)
  [META2-DOOR] Door_Direct: CRUZADA (cols=0) -> Pl=1.00
  t= 66.8 DWA-F pos=(-4.42,+1.82) yaw=+130.6 d=1.26 goal_err=-26 carrot_err= -28 c0=0.87 clear=0.58 prog=0.26 rel=0.93 bal=-0.47 obs=237 hard=226 obsc=244 yr=  0  nz=0.07 flt=0.00 dmap=+0/-0 shz=4.0 plan=7 cmd=(lx=+0.00,ly=+0.40,rx=+0.00)
  t= 67.2 DWA-F pos=(-4.45,+1.86) yaw=+130.6 d=1.21 goal_err=-27 carrot_err= -30 c0=0.82 clear=0.55 prog=0.28 rel=0.93 bal=-0.48 obs=235 hard=225 obsc=242 yr=  0  nz=0.07 flt=0.00 dmap=+1/-2 shz=4.0 plan=7 cmd=(lx=+0.00,ly=+0.40,rx=+0.45)
  t= 67.6 DWA-F pos=(-4.48,+1.89) yaw=+127.4 d=1.17 goal_err=-25 carrot_err= -28 c0=0.88 clear=0.59 prog=0.30 rel=0.94 bal=-0.45 obs=241 hard=231 obsc=249 yr=  0  nz=0.06 flt=0.09 dmap=+0/-0 shz=4.0 plan=7 cmd=(lx=+0.00,ly=+0.40,rx=+0.00)
  t= 68.0 DWA-F pos=(-4.51,+1.93) yaw=+127.4 d=1.13 goal_err=-26 carrot_err= -19 c0=0.84 clear=0.56 prog=0.31 rel=0.94 bal=-0.37 obs=240 hard=229 obsc=247 yr=  0  nz=0.06 flt=0.00 dmap=+0/-0 shz=4.0 plan=7 cmd=(lx=+0.00,ly=+0.40,rx=+0.00)
  t= 68.5 DWA-F pos=(-4.54,+1.96) yaw=+127.4 d=1.09 goal_err=-27 carrot_err= -20 c0=0.79 clear=0.53 prog=0.32 rel=0.94 bal=-0.53 obs=238 hard=230 obsc=247 yr=  0  nz=0.06 flt=0.00 dmap=+2/-3 shz=4.0 plan=6 cmd=(lx=+0.00,ly=+0.40,rx=+0.00)
  t= 68.9 DWA-F pos=(-4.56,+2.00) yaw=+127.4 d=1.06 goal_err=-28 carrot_err= -21 c0=0.75 clear=0.50 prog=0.33 rel=0.93 bal=-0.52 obs=238 hard=229 obsc=247 yr=  0  nz=0.07 flt=0.01 dmap=+0/-0 shz=4.0 plan=6 cmd=(lx=+0.00,ly=+0.40,rx=+0.00)
  t= 69.3 DWA-F pos=(-4.60,+2.04) yaw=+127.4 d=1.01 goal_err=-30 carrot_err= -22 c0=0.70 clear=0.47 prog=0.33 rel=0.92 bal=-0.53 obs=238 hard=229 obsc=247 yr=  0  nz=0.08 flt=0.00 dmap=+0/-0 shz=4.0 plan=6 cmd=(lx=+0.00,ly=+0.40,rx=+0.00)
  t= 69.8 DWA-F pos=(-4.62,+2.08) yaw=+127.4 d=0.97 goal_err=-31 carrot_err= -24 c0=0.66 clear=0.44 prog=0.32 rel=0.92 bal=-0.53 obs=240 hard=228 obsc=247 yr=  0  nz=0.08 flt=0.01 dmap=+0/-0 shz=4.0 plan=6 cmd=(lx=+0.00,ly=+0.40,rx=+0.00)
  t= 70.2 DWA-F pos=(-4.65,+2.11) yaw=+127.4 d=0.93 goal_err=-33 carrot_err= -28 c0=0.62 clear=0.41 prog=0.32 rel=0.92 bal=-0.54 obs=239 hard=228 obsc=247 yr=  0  nz=0.08 flt=0.02 dmap=+0/-0 shz=4.0 plan=6 cmd=(lx=+0.00,ly=+0.40,rx=+0.00)
  t= 70.6 DWA-F pos=(-4.68,+2.15) yaw=+127.4 d=0.89 goal_err=-34 carrot_err= -29 c0=0.85 clear=0.57 prog=0.31 rel=0.84 bal=-0.54 obs=238 hard=228 obsc=246 yr=  0  nz=0.16 flt=0.00 dmap=+0/-0 shz=4.0 plan=6 cmd=(lx=+0.00,ly=+0.40,rx=+0.45)
  t= 71.0 DWA-F pos=(-4.70,+2.18) yaw=+124.2 d=0.86 goal_err=-32 carrot_err= -27 c0=0.81 clear=0.54 prog=0.31 rel=0.84 bal=-0.41 obs=237 hard=228 obsc=247 yr=  0  nz=0.16 flt=0.00 dmap=+0/-1 shz=4.0 plan=6 cmd=(lx=+0.00,ly=+0.40,rx=+0.00)
  t= 71.5 DWA-F pos=(-4.73,+2.23) yaw=+124.2 d=0.81 goal_err=-34 carrot_err= -29 c0=1.16 clear=0.78 prog=0.30 rel=0.74 bal=-0.53 obs=240 hard=228 obsc=247 yr=  0  nz=0.26 flt=0.00 dmap=+0/-1 shz=4.0 plan=5 cmd=(lx=+0.00,ly=+0.40,rx=+0.00)
  t= 71.9 DWA-F pos=(-4.76,+2.26) yaw=+122.6 d=0.78 goal_err=-34 carrot_err= -29 c0=1.12 clear=0.75 prog=0.29 rel=0.75 bal=-0.54 obs=240 hard=228 obsc=247 yr= 15G nz=0.25 flt=0.01 dmap=+0/-0 shz=4.0 plan=5 cmd=(lx=+0.00,ly=+0.40,rx=+0.00)
  t= 72.3 DWA-F pos=(-4.78,+2.30) yaw=+117.8 d=0.75 goal_err=-31 carrot_err= -26 c0=1.08 clear=0.72 prog=0.29 rel=0.80 bal=-0.41 obs=239 hard=230 obsc=249 yr= 15  nz=0.20 flt=0.02 dmap=+0/-0 shz=4.0 plan=5 cmd=(lx=+0.00,ly=+0.40,rx=+0.00)
  t= 72.8 DWA-F pos=(-4.80,+2.33) yaw=+117.8 d=0.71 goal_err=-33 carrot_err= -27 c0=1.04 clear=0.70 prog=0.28 rel=0.93 bal=-0.41 obs=242 hard=232 obsc=249 yr=  0  nz=0.07 flt=0.05 dmap=+1/-0 shz=4.0 plan=5 cmd=(lx=+0.00,ly=+0.40,rx=+0.00)
  t= 73.2 DWA-F pos=(-4.82,+2.38) yaw=+114.5 d=0.67 goal_err=-32 carrot_err= -27 c0=1.00 clear=0.67 prog=0.28 rel=0.93 bal=-0.41 obs=243 hard=233 obsc=250 yr= 15  nz=0.07 flt=0.00 dmap=+1/-0 shz=4.0 plan=4 cmd=(lx=+0.00,ly=+0.40,rx=+0.00)
  t= 73.6 DWA-F pos=(-4.84,+2.42) yaw=+114.5 d=0.63 goal_err=-35 carrot_err= -29 c0=0.96 clear=0.64 prog=0.29 rel=0.92 bal=-0.41 obs=242 hard=233 obsc=251 yr=  0G nz=0.08 flt=0.02 dmap=+0/-0 shz=4.0 plan=4 cmd=(lx=+0.00,ly=+0.40,rx=+0.45)
  t= 74.0 DWA-F pos=(-4.86,+2.46) yaw=+109.7 d=0.59 goal_err=-32 carrot_err= -26 c0=0.92 clear=0.61 prog=0.30 rel=0.92 bal=-0.40 obs=241 hard=231 obsc=247 yr=  0  nz=0.08 flt=0.00 dmap=+2/-3 shz=4.0 plan=4 cmd=(lx=+0.00,ly=+0.40,rx=+0.00)
  t= 74.5 DWA-F pos=(-4.87,+2.50) yaw=+109.7 d=0.56 goal_err=-35 carrot_err= -28 c0=0.87 clear=0.58 prog=0.30 rel=0.90 bal=-0.39 obs=241 hard=230 obsc=246 yr=  0G nz=0.10 flt=0.01 dmap=+0/-0 shz=4.0 plan=4 cmd=(lx=+0.00,ly=+0.40,rx=+0.45)
  t= 74.9 DWA-F pos=(-4.89,+2.56) yaw=+103.3 d=0.51 goal_err=-31 carrot_err= -24 c0=0.99 clear=0.66 prog=0.30 rel=0.91 bal=-0.38 obs=239 hard=229 obsc=246 yr=  0  nz=0.09 flt=0.03 dmap=+0/-0 shz=4.0 plan=3 cmd=(lx=+0.00,ly=+0.40,rx=+0.00)
  t= 75.3 DWA-F pos=(-4.90,+2.60) yaw=+100.1 d=0.47 goal_err=-31 carrot_err= -24 c0=0.95 clear=0.63 prog=0.30 rel=0.90 bal=-0.17 obs=235 hard=228 obsc=244 yr= 15G nz=0.10 flt=0.03 dmap=+0/-0 shz=4.0 plan=3 cmd=(lx=+0.00,ly=+0.28,rx=+0.45)
  t= 75.8 DWA-T pos=(-4.90,+2.61) yaw= +96.9 d=0.46 goal_err=-29 carrot_err= -21 c0=1.11 clear=0.74 prog=0.26 rel=0.84 bal=-0.17 obs=243 hard=231 obsc=248 yr=  0  nz=0.16 flt=0.08 dmap=+1/-0 shz=4.0 plan=3 cmd=(lx=+0.00,ly=+0.00,rx=+0.00)
  t= 76.2 DWA-T pos=(-4.90,+2.61) yaw= +96.9 d=0.46 goal_err=-29 carrot_err= -21 c0=1.11 clear=0.74 prog=0.20 rel=0.82 bal=-0.17 obs=243 hard=231 obsc=248 yr=  0  nz=0.18 flt=0.08 dmap=+0/-0 shz=4.0 plan=3 cmd=(lx=+0.00,ly=+0.00,rx=+0.00)
  t= 76.6 DWA-T pos=(-4.90,+2.61) yaw= +96.9 d=0.46 goal_err=-29 carrot_err= -21 c0=1.11 clear=0.74 prog=0.12 rel=0.82 bal=-0.17 obs=243 hard=231 obsc=248 yr=  0  nz=0.18 flt=0.08 dmap=+0/-0 shz=4.0 plan=3 cmd=(lx=+0.00,ly=+0.00,rx=+0.00)
  t= 77.0 BRK-BK pos=(-4.90,+2.61) yaw= +96.9 d=0.46 goal_err=-29 carrot_err= -21 c0=1.11 clear=0.74 prog=0.05 rel=0.82 bal=-0.17 obs=243 hard=231 obsc=248 yr=  0  nz=0.18 flt=0.08 dmap=+0/-0 shz=4.0 plan=0 cmd=(lx=+0.00,ly=-0.35,rx=+0.00)
  t= 77.5 BRK-TR pos=(-4.89,+2.56) yaw= +95.3 d=0.50 goal_err=-24 carrot_err= -17 c0=1.15 clear=0.77 prog=0.00 rel=1.00 bal=-0.17 obs=243 hard=232 obsc=248 yr= 15G nz=0.00 flt=0.00 dmap=+0/-0 shz=3.7 plan=0 cmd=(lx=+0.00,ly=+0.00,rx=+0.45)
  t= 77.9 BRK-TR pos=(-4.89,+2.56) yaw= +88.9 d=0.50 goal_err=-18 carrot_err= -11 c0=1.15 clear=0.77 prog=0.00 rel=0.81 bal=-0.18 obs=243 hard=233 obsc=248 yr= 15G nz=0.18 flt=0.03 dmap=+0/-0 shz=3.7 plan=0 cmd=(lx=+0.00,ly=+0.00,rx=+0.45)
  t= 78.3 BRK-TR pos=(-4.89,+2.56) yaw= +82.5 d=0.50 goal_err=-11 carrot_err=  -5 c0=1.08 clear=0.72 prog=0.00 rel=0.84 bal=-0.27 obs=244 hard=234 obsc=249 yr= 15G nz=0.16 flt=0.01 dmap=+1/-0 shz=3.7 plan=0 cmd=(lx=+0.00,ly=+0.00,rx=+0.45)
  t= 78.7 BRK-TR pos=(-4.89,+2.56) yaw= +76.0 d=0.50 goal_err=-5 carrot_err=  +2 c0=1.15 clear=0.77 prog=0.00 rel=0.85 bal=-0.32 obs=244 hard=234 obsc=249 yr= 15G nz=0.15 flt=0.11 dmap=+0/-0 shz=3.7 plan=0 cmd=(lx=+0.00,ly=+0.00,rx=+0.45)
  t= 79.2 BRK-TR pos=(-4.89,+2.56) yaw= +70.1 d=0.50 goal_err=+1 carrot_err=  +8 c0=1.09 clear=0.72 prog=0.00 rel=0.89 bal=-0.32 obs=244 hard=234 obsc=249 yr= 14G nz=0.11 flt=0.00 dmap=+0/-0 shz=3.7 plan=0 cmd=(lx=+0.00,ly=+0.00,rx=+0.45)
  t= 79.6 BRK-TR pos=(-4.89,+2.56) yaw= +64.1 d=0.50 goal_err=+7 carrot_err= +14 c0=1.09 clear=0.72 prog=0.00 rel=0.89 bal=-0.23 obs=244 hard=234 obsc=249 yr= 14G nz=0.11 flt=0.06 dmap=+0/-0 shz=3.7 plan=0 cmd=(lx=+0.00,ly=+0.00,rx=+0.45)
  t= 80.0 DWA-T pos=(-4.89,+2.58) yaw= +59.7 d=0.49 goal_err=+12 carrot_err= +19 c0=1.07 clear=0.71 prog=0.02 rel=0.95 bal=-0.23 obs=243 hard=232 obsc=248 yr=  0  nz=0.05 flt=0.01 dmap=+0/-0 shz=3.7 plan=3 cmd=(lx=+0.00,ly=+0.00,rx=+0.00)
  t= 80.4 DWA-T pos=(-4.88,+2.58) yaw= +59.7 d=0.48 goal_err=+12 carrot_err= +19 c0=1.07 clear=0.71 prog=0.04 rel=0.97 bal=-0.23 obs=242 hard=232 obsc=246 yr=  0  nz=0.03 flt=0.01 dmap=+0/-0 shz=3.7 plan=3 cmd=(lx=+0.00,ly=+0.00,rx=+0.00)
  t= 80.9 DWA-T pos=(-4.88,+2.58) yaw= +59.7 d=0.48 goal_err=+12 carrot_err= +19 c0=1.07 clear=0.71 prog=0.04 rel=0.97 bal=-0.23 obs=242 hard=232 obsc=246 yr=  0  nz=0.03 flt=0.01 dmap=+0/-0 shz=3.7 plan=3 cmd=(lx=+0.00,ly=+0.00,rx=+0.00)
  t= 81.3 DWA-T pos=(-4.88,+2.58) yaw= +59.7 d=0.48 goal_err=+12 carrot_err= +19 c0=1.07 clear=0.71 prog=0.04 rel=0.97 bal=-0.23 obs=242 hard=232 obsc=246 yr=  0  nz=0.03 flt=0.01 dmap=+0/-0 shz=3.7 plan=0 cmd=(lx=+0.00,ly=+0.00,rx=+0.00)
  t= 81.7 BRK-BK pos=(-4.90,+2.56) yaw= +59.7 d=0.51 goal_err=+11 carrot_err= +18 c0=1.09 clear=0.73 prog=0.00 rel=0.99 bal=-0.23 obs=241 hard=232 obsc=246 yr=  0  nz=0.01 flt=0.00 dmap=+0/-0 shz=3.5 plan=0 cmd=(lx=+0.00,ly=-0.35,rx=+0.00)
  t= 82.1 BRK-TR pos=(-4.91,+2.54) yaw= +56.7 d=0.53 goal_err=+14 carrot_err= +20 c0=1.11 clear=0.74 prog=0.00 rel=0.96 bal=-0.22 obs=240 hard=231 obsc=245 yr= 14G nz=0.04 flt=0.04 dmap=+0/-0 shz=3.5 plan=0 cmd=(lx=+0.00,ly=+0.00,rx=+0.45)
  t= 82.6 BRK-TR pos=(-4.91,+2.54) yaw= +50.7 d=0.53 goal_err=+20 carrot_err= +26 c0=1.11 clear=0.74 prog=0.00 rel=0.96 bal=-0.15 obs=240 hard=231 obsc=245 yr= 14G nz=0.04 flt=0.04 dmap=+0/-0 shz=3.5 plan=0 cmd=(lx=+0.00,ly=+0.00,rx=+0.45)
  t= 83.0 BRK-TR pos=(-4.91,+2.54) yaw= +44.8 d=0.53 goal_err=+26 carrot_err= +32 c0=1.11 clear=0.74 prog=0.00 rel=0.96 bal=-0.15 obs=240 hard=231 obsc=245 yr= 14G nz=0.04 flt=0.00 dmap=+0/-0 shz=3.5 plan=0 cmd=(lx=+0.00,ly=+0.00,rx=+0.45)
  t= 83.4 BRK-TR pos=(-4.91,+2.54) yaw= +38.8 d=0.53 goal_err=+32 carrot_err= +38 c0=1.11 clear=0.74 prog=0.00 rel=0.97 bal=-0.04 obs=240 hard=231 obsc=245 yr= 14G nz=0.03 flt=0.01 dmap=+0/-0 shz=3.5 plan=0 cmd=(lx=+0.00,ly=+0.00,rx=+0.45)
  t= 83.8 BRK-TR pos=(-4.91,+2.54) yaw= +31.4 d=0.53 goal_err=+39 carrot_err= +45 c0=1.11 clear=0.74 prog=0.00 rel=0.99 bal=+0.08 obs=240 hard=231 obsc=245 yr= 14G nz=0.01 flt=0.00 dmap=+0/-0 shz=3.5 plan=0 cmd=(lx=+0.00,ly=+0.00,rx=+0.45)
  t= 84.3 DWA-F pos=(-4.91,+2.54) yaw= +25.4 d=0.53 goal_err=+45 carrot_err= +51 c0=1.25 clear=0.83 prog=0.00 rel=0.99 bal=+0.08 obs=240 hard=231 obsc=245 yr= 14G nz=0.01 flt=0.00 dmap=+0/-0 shz=3.5 plan=3 cmd=(lx=+0.00,ly=+0.28,rx=-0.45)
  t= 84.7 DWA-F pos=(-4.89,+2.55) yaw= +28.4 d=0.52 goal_err=+44 carrot_err= +50 c0=1.10 clear=0.73 prog=0.03 rel=0.86 bal=+0.08 obs=240 hard=231 obsc=245 yr= 14G nz=0.10 flt=0.23 dmap=+0/-0 shz=3.5 plan=3 cmd=(lx=+0.00,ly=+0.28,rx=-0.45)
  t= 85.1 DWA-F pos=(-4.87,+2.56) yaw= +34.3 d=0.50 goal_err=+40 carrot_err= +47 c0=1.07 clear=0.71 prog=0.06 rel=0.90 bal=+0.09 obs=240 hard=231 obsc=245 yr= 14G nz=0.10 flt=0.05 dmap=+0/-0 shz=3.5 plan=3 cmd=(lx=+0.00,ly=+0.28,rx=-0.45)
  t= 85.6 DWA-F pos=(-4.84,+2.58) yaw= +41.8 d=0.47 goal_err=+35 carrot_err= +43 c0=1.04 clear=0.69 prog=0.11 rel=0.88 bal=-0.02 obs=240 hard=231 obsc=245 yr= 14G nz=0.12 flt=0.19 dmap=+0/-0 shz=3.5 plan=3 cmd=(lx=+0.00,ly=+0.28,rx=-0.45)
  t= 86.0 DWA-F pos=(-4.82,+2.60) yaw= +47.7 d=0.45 goal_err=+31 carrot_err= +40 c0=1.01 clear=0.67 prog=0.15 rel=0.92 bal=-0.02 obs=241 hard=232 obsc=246 yr= 14G nz=0.08 flt=0.03 dmap=+0/-0 shz=3.5 plan=3 cmd=(lx=+0.00,ly=+0.28,rx=-0.45)
  t= 86.4 DWA-F pos=(-4.80,+2.62) yaw= +53.7 d=0.42 goal_err=+27 carrot_err= +36 c0=0.98 clear=0.65 prog=0.18 rel=0.93 bal=-0.17 obs=242 hard=233 obsc=247 yr= 14G nz=0.07 flt=0.02 dmap=+1/-0 shz=3.5 plan=3 cmd=(lx=+0.00,ly=+0.28,rx=-0.45)
  t= 86.9 DWA-T pos=(-4.78,+2.65) yaw= +59.7 d=0.40 goal_err=+23 carrot_err= +33 c0=0.95 clear=0.64 prog=0.19 rel=0.90 bal=-0.17 obs=235 hard=226 obsc=242 yr= 14  nz=0.07 flt=0.02 dmap=+1/-9 shz=3.5 plan=3 cmd=(lx=+0.00,ly=+0.00,rx=+0.00)

  >>> MODO AGRESIVO ON (12s sin acercarse a B): reduzco inflado y holgura (min seguridad 0.24m) para cruzar la puerta.
  t= 87.3 AGR-DWA-T pos=(-4.78,+2.65) yaw= +61.1 d=0.39 goal_err=+21 carrot_err= +32 c0=0.95 clear=0.63 prog=0.17 rel=0.95 bal=-0.24 obs=236 hard=226 obsc=240 yr=  0  nz=0.05 flt=0.02 dmap=+0/-0 shz=3.5 plan=3 cmd=(lx=+0.00,ly=+0.00,rx=+0.00)
  t= 87.7 AGR-DWA-T pos=(-4.78,+2.65) yaw= +61.1 d=0.39 goal_err=+21 carrot_err= +32 c0=0.95 clear=0.63 prog=0.12 rel=0.95 bal=-0.24 obs=236 hard=226 obsc=240 yr=  0  nz=0.05 flt=0.02 dmap=+0/-0 shz=3.5 plan=3 cmd=(lx=+0.00,ly=+0.00,rx=+0.00)
  t= 88.1 AGR-BRK-BK pos=(-4.78,+2.65) yaw= +61.1 d=0.39 goal_err=+21 carrot_err= +32 c0=0.95 clear=0.63 prog=0.08 rel=0.95 bal=-0.24 obs=236 hard=226 obsc=240 yr=  0  nz=0.05 flt=0.02 dmap=+0/-0 shz=3.5 plan=0 cmd=(lx=+0.00,ly=-0.35,rx=+0.00)
  t= 88.6 AGR-BRK-TR pos=(-4.80,+2.62) yaw= +61.1 d=0.42 goal_err=+20 carrot_err= +29 c0=0.98 clear=0.66 prog=0.00 rel=0.99 bal=-0.16 obs=234 hard=224 obsc=239 yr=  0G nz=0.01 flt=0.02 dmap=+0/-0 shz=3.3 plan=0 cmd=(lx=+0.00,ly=+0.00,rx=+0.45)
  t= 89.0 AGR-BRK-TR pos=(-4.80,+2.62) yaw= +53.1 d=0.42 goal_err=+28 carrot_err= +37 c0=0.98 clear=0.66 prog=0.00 rel=0.98 bal=-0.16 obs=235 hard=225 obsc=240 yr= 19G nz=0.02 flt=0.22 dmap=+0/-0 shz=3.3 plan=0 cmd=(lx=+0.00,ly=+0.00,rx=+0.45)
  t= 89.4 AGR-BRK-TR pos=(-4.80,+2.62) yaw= +45.1 d=0.42 goal_err=+36 carrot_err= +45 c0=0.98 clear=0.66 prog=0.00 rel=0.98 bal=-0.02 obs=235 hard=225 obsc=240 yr= 19G nz=0.02 flt=0.00 dmap=+0/-0 shz=3.3 plan=0 cmd=(lx=+0.00,ly=+0.00,rx=+0.45)
  t= 89.8 AGR-BRK-TR pos=(-4.80,+2.62) yaw= +35.1 d=0.42 goal_err=+46 carrot_err= +55 c0=0.98 clear=0.66 prog=0.00 rel=0.96 bal=-0.09 obs=239 hard=229 obsc=244 yr= 20G nz=0.04 flt=0.00 dmap=+4/-0 shz=3.3 plan=0 cmd=(lx=+0.00,ly=+0.00,rx=+0.45)
  t= 90.2 AGR-BRK-TR pos=(-4.80,+2.62) yaw= +27.1 d=0.42 goal_err=+54 carrot_err= +63 c0=1.12 clear=0.74 prog=0.00 rel=0.97 bal=+0.03 obs=239 hard=229 obsc=244 yr= 19G nz=0.03 flt=0.04 dmap=+0/-0 shz=3.3 plan=0 cmd=(lx=+0.00,ly=+0.00,rx=+0.45)
  t= 90.6 AGR-BRK-TR pos=(-4.80,+2.62) yaw= +20.1 d=0.42 goal_err=+61 carrot_err= +70 c0=1.12 clear=0.74 prog=0.00 rel=0.90 bal=+0.03 obs=239 hard=229 obsc=244 yr= 15G nz=0.10 flt=0.05 dmap=+0/-0 shz=3.3 plan=0 cmd=(lx=+0.00,ly=+0.00,rx=+0.45)
  t= 91.1 AGR-DWA-F pos=(-4.79,+2.62) yaw= +17.1 d=0.42 goal_err=+65 carrot_err= +74 c0=1.15 clear=0.77 prog=0.01 rel=0.86 bal=-0.02 obs=239 hard=229 obsc=244 yr= 14G nz=0.14 flt=0.07 dmap=+0/-0 shz=3.3 plan=3 cmd=(lx=+0.00,ly=+0.28,rx=-0.45)
  t= 91.5 AGR-DWA-F pos=(-4.76,+2.63) yaw= +23.0 d=0.41 goal_err=+62 carrot_err= +72 c0=1.08 clear=0.72 prog=0.03 rel=0.89 bal=+0.03 obs=239 hard=229 obsc=244 yr= 14G nz=0.12 flt=0.11 dmap=+0/-0 shz=3.3 plan=3 cmd=(lx=+0.00,ly=+0.28,rx=-0.45)
  t= 91.9 AGR-DWA-F pos=(-4.74,+2.64) yaw= +29.0 d=0.40 goal_err=+60 carrot_err= +71 c0=1.06 clear=0.70 prog=0.05 rel=0.89 bal=+0.02 obs=239 hard=229 obsc=244 yr= 14G nz=0.11 flt=0.16 dmap=+0/-0 shz=3.3 plan=3 cmd=(lx=+0.00,ly=+0.28,rx=-0.45)
  t= 92.3 AGR-DWA-F pos=(-4.71,+2.66) yaw= +36.5 d=0.38 goal_err=+57 carrot_err= +68 c0=0.90 clear=0.60 prog=0.08 rel=0.86 bal=+0.01 obs=239 hard=229 obsc=244 yr= 14G nz=0.14 flt=0.01 dmap=+0/-0 shz=3.3 plan=3 cmd=(lx=+0.00,ly=+0.28,rx=-0.45)
  t= 92.8 AGR-DWA-F pos=(-4.69,+2.68) yaw= +42.4 d=0.36 goal_err=+54 carrot_err= +67 c0=0.87 clear=0.58 prog=0.11 rel=0.82 bal=-0.08 obs=241 hard=231 obsc=246 yr= 14G nz=0.17 flt=0.16 dmap=+0/-0 shz=3.3 plan=3 cmd=(lx=+0.00,ly=+0.28,rx=-0.45)

  LLEGADO a 'B' (-4.73,+3.04); error=0.35 m, colisiones=0.
  [spill] derrames=0 E[N]=0.00 eta_max=0.78 riesgo=0.6%
  [dataset] travesia guardada -> /Users/adrianlendinezibanez/Claude/Projects/G1 ROBOT/dataset/20260708_135456_ours_B.json
  [stats] fila anadida -> /Users/adrianlendinezibanez/Claude/Projects/G1 ROBOT/dataset/runs_stats.csv

Fin goto.
  [META2-L2] estado guardado (meta2_state_abfull.json): Pl={'Efficient_Nav': 1.0, 'Cautious_Nav': 1.0} derrames_run=0
  backend grafico: TkAgg
>>> SIM ADAPTER: conectando a rosbridge ws://localhost:8765 ...
  esperando /odom (hasta 30s; el mundo del lab tarda en cargar)... ok
  /odom OK pose=(+0.99,+0.57) | /scan: OK
  escenario LAB: mapa/waypoints/puerta REALES (lab.world solo-paredes, frame G1)

>>> GOTO 'B' -> (-4.73,+3.04). Mando en mano (L2+B). Ctrl+C aborta.
    ENTORNO: SIM (id: lab_v1_ab_full)  — esta run se registra como SIMULACION, no cuenta como run de robot
  Esperando pose localizada y primera nube... ok.
  FRAME-CHECK start=(+0.99,+0.57) wp_mas_cercano=A(+0.99,+0.57) offset=0.00m  -> frame OK (pose y waypoints alineados)
  [spill] payload de agua simulado (semilla=20260708_140214_ours_B.json)
  [META2-DOOR] variante de engagement: Door_Direct (Pl={Door_Direct:1.00, Door_Far:1.00, Door_BiasPlus:1.00})
  META2 ACTIVO (techo por analogia): Meta-Reasoner 2.0, analogia inicial Cautious_Nav

  !!!!!!!!!!!!!!!!!!!!!!!!!!!!!!!!!!!!!!!!!!!!!!!!!!!!!!!!!!!!!!!!!!!!!!!!!!
  !!  VISION OFF (G1_PERC sin definir) pero G1_NOVIS=1: navego SIN vision bajo tu responsabilidad.
  !!  La MESA invisible al LiDAR no se vera.
  !!!!!!!!!!!!!!!!!!!!!!!!!!!!!!!!!!!!!!!!!!!!!!!!!!!!!!!!!!!!!!!!!!!!!!!!!!

  mapa de referencia: 961 celdas | muebles estaticos (nav_map): 0 celdas | plan global: static
  t=  0.0 DWA-F pos=(+0.99,+0.57) yaw=-120.3 d=6.23 goal_err=-83 carrot_err= -62 c0=2.25 clear=1.00 prog=0.00 rel=1.00 bal=+0.19 obs=108 hard=108 obsc=108 yr=  0  nz=0.00 flt=0.19 dmap=+108/-0 shz=0.0 plan=34 cmd=(lx=+0.00,ly=+0.40,rx=+0.45)
  t=  0.4 DWA-F pos=(+0.97,+0.53) yaw=-125.1 d=6.22 goal_err=-79 carrot_err= -60 c0=2.21 clear=1.00 prog=0.05 rel=0.97 bal=+0.28 obs=111 hard=111 obsc=111 yr= 14G nz=0.03 flt=0.10 dmap=+0/-0 shz=3.0 plan=34 cmd=(lx=+0.00,ly=+0.40,rx=+0.45)
  t=  0.9 DWA-F pos=(+0.93,+0.48) yaw=-131.6 d=6.21 goal_err=-73 carrot_err= -57 c0=2.21 clear=1.00 prog=0.08 rel=0.96 bal=+0.40 obs=111 hard=111 obsc=111 yr= 14G nz=0.04 flt=0.02 dmap=+0/-0 shz=3.8 plan=34 cmd=(lx=+0.00,ly=+0.40,rx=+0.45)
  t=  1.3 DWA-F pos=(+0.89,+0.44) yaw=-138.0 d=6.19 goal_err=-67 carrot_err= -39 c0=2.23 clear=1.00 prog=0.10 rel=0.96 bal=+0.41 obs=111 hard=111 obsc=111 yr= 15G nz=0.04 flt=0.12 dmap=+0/-0 shz=3.7 plan=34 cmd=(lx=+0.00,ly=+0.40,rx=+0.45)
  t=  1.8 DWA-F pos=(+0.85,+0.41) yaw=-142.8 d=6.17 goal_err=-62 carrot_err= -36 c0=2.50 clear=1.00 prog=0.11 rel=0.82 bal=+0.41 obs=111 hard=111 obsc=111 yr= 14G nz=0.18 flt=0.05 dmap=+0/-0 shz=3.9 plan=33 cmd=(lx=+0.00,ly=+0.40,rx=+0.00)
  t=  2.2 DWA-F pos=(+0.80,+0.38) yaw=-146.0 d=6.14 goal_err=-60 carrot_err= -36 c0=2.50 clear=1.00 prog=0.15 rel=0.77 bal=+0.42 obs=125 hard=125 obsc=154 yr=  0  nz=0.23 flt=0.02 dmap=+0/-0 shz=4.0 plan=33 cmd=(lx=+0.00,ly=+0.40,rx=+0.00)
  t=  2.7 DWA-F pos=(+0.77,+0.35) yaw=-149.2 d=6.12 goal_err=-57 carrot_err= -34 c0=2.50 clear=1.00 prog=0.16 rel=0.83 bal=+0.43 obs=143 hard=129 obsc=155 yr= 14  nz=0.17 flt=0.04 dmap=+0/-0 shz=3.9 plan=33 cmd=(lx=+0.00,ly=+0.40,rx=+0.00)
  t=  3.1 DWA-F pos=(+0.74,+0.34) yaw=-149.2 d=6.10 goal_err=-57 carrot_err= -36 c0=2.50 clear=1.00 prog=0.16 rel=0.98 bal=+0.43 obs=152 hard=132 obsc=164 yr=  0  nz=0.01 flt=0.00 dmap=+0/-0 shz=4.0 plan=33 cmd=(lx=+0.00,ly=+0.40,rx=+0.00)
  t=  3.6 DWA-F pos=(+0.71,+0.32) yaw=-152.3 d=6.09 goal_err=-54 carrot_err= -34 c0=2.50 clear=1.00 prog=0.16 rel=0.99 bal=+0.43 obs=151 hard=133 obsc=165 yr= 14  nz=0.01 flt=0.10 dmap=+1/-2 shz=3.9 plan=33 cmd=(lx=+0.00,ly=+0.40,rx=+0.00)
  t=  4.0 DWA-F pos=(+0.68,+0.30) yaw=-152.3 d=6.06 goal_err=-55 carrot_err= -34 c0=2.50 clear=1.00 prog=0.16 rel=0.99 bal=+0.44 obs=153 hard=144 obsc=164 yr=  0  nz=0.01 flt=0.01 dmap=+0/-0 shz=4.0 plan=33 cmd=(lx=+0.00,ly=+0.40,rx=+0.00)
  t=  4.5 DWA-F pos=(+0.64,+0.28) yaw=-152.3 d=6.03 goal_err=-55 carrot_err= -36 c0=2.50 clear=1.00 prog=0.16 rel=0.99 bal=+0.36 obs=156 hard=149 obsc=166 yr=  0  nz=0.01 flt=0.02 dmap=+0/-0 shz=3.9 plan=33 cmd=(lx=+0.00,ly=+0.40,rx=+0.00)
  t=  4.9 DWA-F pos=(+0.60,+0.26) yaw=-152.3 d=6.01 goal_err=-55 carrot_err= -23 c0=2.50 clear=1.00 prog=0.17 rel=0.99 bal=+0.37 obs=156 hard=154 obsc=166 yr=  0  nz=0.01 flt=0.00 dmap=+0/-0 shz=4.0 plan=32 cmd=(lx=+0.00,ly=+0.40,rx=+0.00)
  t=  5.4 DWA-F pos=(+0.57,+0.24) yaw=-152.3 d=5.99 goal_err=-56 carrot_err= -24 c0=2.50 clear=1.00 prog=0.18 rel=0.99 bal=+0.37 obs=158 hard=157 obsc=168 yr=  0  nz=0.01 flt=0.01 dmap=+1/-0 shz=3.9 plan=32 cmd=(lx=+0.00,ly=+0.40,rx=+0.00)
  t=  5.8 DWA-F pos=(+0.53,+0.22) yaw=-152.3 d=5.96 goal_err=-56 carrot_err= -26 c0=2.50 clear=1.00 prog=0.18 rel=0.99 bal=+0.38 obs=161 hard=159 obsc=170 yr=  0  nz=0.01 flt=0.00 dmap=+1/-0 shz=4.0 plan=32 cmd=(lx=+0.00,ly=+0.40,rx=+0.00)
  t=  6.3 DWA-F pos=(+0.48,+0.20) yaw=-152.3 d=5.93 goal_err=-56 carrot_err= -28 c0=2.50 clear=1.00 prog=0.19 rel=0.99 bal=+0.39 obs=161 hard=159 obsc=170 yr=  0  nz=0.01 flt=0.00 dmap=+0/-0 shz=3.9 plan=31 cmd=(lx=+0.00,ly=+0.40,rx=+0.00)
  t=  6.7 DWA-F pos=(+0.44,+0.18) yaw=-152.3 d=5.91 goal_err=-57 carrot_err= -29 c0=2.50 clear=1.00 prog=0.18 rel=0.99 bal=+0.40 obs=161 hard=159 obsc=171 yr=  0  nz=0.01 flt=0.00 dmap=+0/-0 shz=3.9 plan=31 cmd=(lx=+0.00,ly=+0.40,rx=+0.00)
  t=  7.2 DWA-F pos=(+0.40,+0.16) yaw=-152.3 d=5.89 goal_err=-57 carrot_err= -31 c0=2.50 clear=1.00 prog=0.19 rel=0.99 bal=+0.41 obs=163 hard=161 obsc=172 yr=  0  nz=0.01 flt=0.01 dmap=+0/-0 shz=4.0 plan=31 cmd=(lx=+0.00,ly=+0.40,rx=+0.00)
  t=  7.6 DWA-F pos=(+0.37,+0.14) yaw=-152.3 d=5.87 goal_err=-57 carrot_err= -32 c0=2.50 clear=1.00 prog=0.18 rel=0.99 bal=+0.42 obs=164 hard=163 obsc=175 yr=  0  nz=0.01 flt=0.00 dmap=+3/-1 shz=4.0 plan=31 cmd=(lx=+0.00,ly=+0.40,rx=+0.00)
  t=  8.0 DWA-F pos=(+0.33,+0.12) yaw=-152.3 d=5.84 goal_err=-58 carrot_err= -34 c0=2.46 clear=1.00 prog=0.18 rel=0.98 bal=+0.42 obs=165 hard=163 obsc=174 yr=  0  nz=0.02 flt=0.00 dmap=+0/-0 shz=4.0 plan=31 cmd=(lx=+0.00,ly=+0.40,rx=+0.00)
  t=  8.5 DWA-F pos=(+0.29,+0.10) yaw=-152.3 d=5.82 goal_err=-58 carrot_err= -21 c0=2.42 clear=1.00 prog=0.17 rel=0.95 bal=+0.43 obs=165 hard=163 obsc=174 yr=  0  nz=0.05 flt=0.00 dmap=+0/-0 shz=3.9 plan=31 cmd=(lx=+0.00,ly=+0.40,rx=+0.00)
  t=  8.9 DWA-F pos=(+0.25,+0.08) yaw=-152.3 d=5.80 goal_err=-58 carrot_err= -22 c0=2.38 clear=1.00 prog=0.17 rel=0.92 bal=+0.35 obs=163 hard=164 obsc=174 yr=  0  nz=0.08 flt=0.00 dmap=+0/-0 shz=4.0 plan=31 cmd=(lx=+0.00,ly=+0.40,rx=+0.00)
  t=  9.4 DWA-F pos=(+0.21,+0.06) yaw=-152.3 d=5.77 goal_err=-59 carrot_err= -24 c0=2.46 clear=1.00 prog=0.18 rel=0.92 bal=+0.36 obs=166 hard=163 obsc=175 yr=  0  nz=0.08 flt=0.00 dmap=+2/-0 shz=3.9 plan=30 cmd=(lx=+0.00,ly=+0.40,rx=+0.00)
  t=  9.8 DWA-F pos=(+0.17,+0.04) yaw=-152.3 d=5.75 goal_err=-59 carrot_err= -25 c0=2.42 clear=1.00 prog=0.17 rel=0.93 bal=+0.36 obs=168 hard=166 obsc=176 yr=  0  nz=0.07 flt=0.00 dmap=+1/-0 shz=4.0 plan=30 cmd=(lx=+0.00,ly=+0.40,rx=+0.00)
  t= 10.3 DWA-F pos=(+0.13,+0.02) yaw=-152.3 d=5.73 goal_err=-60 carrot_err= -26 c0=2.38 clear=1.00 prog=0.17 rel=0.93 bal=+0.37 obs=169 hard=167 obsc=177 yr=  0  nz=0.07 flt=0.01 dmap=+0/-0 shz=3.9 plan=30 cmd=(lx=+0.00,ly=+0.40,rx=+0.00)
  t= 10.7 DWA-F pos=(+0.11,+0.00) yaw=-152.3 d=5.71 goal_err=-60 carrot_err= -28 c0=2.35 clear=1.00 prog=0.16 rel=0.92 bal=+0.34 obs=172 hard=171 obsc=181 yr=  0  nz=0.08 flt=0.01 dmap=+0/-0 shz=4.0 plan=30 cmd=(lx=+0.00,ly=+0.40,rx=+0.00)
  t= 11.2 DWA-F pos=(+0.06,-0.02) yaw=-152.3 d=5.68 goal_err=-60 carrot_err= -29 c0=2.30 clear=1.00 prog=0.17 rel=0.92 bal=+0.36 obs=171 hard=171 obsc=181 yr=  0  nz=0.08 flt=0.00 dmap=+0/-0 shz=4.0 plan=29 cmd=(lx=+0.00,ly=+0.40,rx=+0.00)
  t= 11.6 DWA-F pos=(+0.03,-0.04) yaw=-152.3 d=5.67 goal_err=-61 carrot_err= -30 c0=2.27 clear=1.00 prog=0.16 rel=0.93 bal=+0.38 obs=170 hard=169 obsc=179 yr=  0  nz=0.07 flt=0.00 dmap=+0/-0 shz=4.0 plan=29 cmd=(lx=+0.00,ly=+0.40,rx=+0.00)
  t= 12.1 DWA-F pos=(-0.01,-0.06) yaw=-152.3 d=5.65 goal_err=-61 carrot_err= -32 c0=2.23 clear=1.00 prog=0.16 rel=0.92 bal=+0.39 obs=169 hard=169 obsc=179 yr=  0  nz=0.08 flt=0.00 dmap=+0/-0 shz=4.0 plan=29 cmd=(lx=+0.00,ly=+0.40,rx=+0.00)
  t= 12.5 DWA-F pos=(-0.05,-0.08) yaw=-152.3 d=5.62 goal_err=-61 carrot_err= -34 c0=2.18 clear=1.00 prog=0.15 rel=0.93 bal=+0.41 obs=173 hard=170 obsc=181 yr=  0  nz=0.07 flt=0.00 dmap=+0/-0 shz=4.0 plan=29 cmd=(lx=+0.00,ly=+0.40,rx=+0.00)
  t= 13.0 DWA-F pos=(-0.09,-0.10) yaw=-152.3 d=5.60 goal_err=-62 carrot_err= -36 c0=2.14 clear=1.00 prog=0.16 rel=0.92 bal=+0.42 obs=173 hard=171 obsc=183 yr=  0  nz=0.09 flt=0.00 dmap=+0/-0 shz=4.0 plan=29 cmd=(lx=+0.00,ly=+0.40,rx=+0.00)
  t= 13.4 DWA-F pos=(-0.13,-0.12) yaw=-152.3 d=5.58 goal_err=-62 carrot_err= -36 c0=2.16 clear=1.00 prog=0.16 rel=0.93 bal=+0.42 obs=177 hard=172 obsc=183 yr=  0  nz=0.07 flt=0.01 dmap=+1/-0 shz=4.0 plan=29 cmd=(lx=+0.00,ly=+0.40,rx=+0.00)
  t= 13.9 DWA-F pos=(-0.17,-0.14) yaw=-152.3 d=5.56 goal_err=-63 carrot_err= -37 c0=2.11 clear=1.00 prog=0.15 rel=0.94 bal=+0.42 obs=176 hard=171 obsc=182 yr=  0  nz=0.06 flt=0.00 dmap=+2/-0 shz=4.0 plan=29 cmd=(lx=+0.00,ly=+0.40,rx=+0.00)
  t= 14.3 DWA-F pos=(-0.21,-0.16) yaw=-153.9 d=5.54 goal_err=-61 carrot_err= -38 c0=2.07 clear=1.00 prog=0.15 rel=0.95 bal=+0.42 obs=176 hard=171 obsc=182 yr= 14G nz=0.04 flt=0.00 dmap=+0/-0 shz=3.9 plan=28 cmd=(lx=+0.00,ly=+0.40,rx=+0.00)
  t= 14.7 DWA-F pos=(-0.24,-0.18) yaw=-155.5 d=5.52 goal_err=-60 carrot_err= -38 c0=2.04 clear=1.00 prog=0.15 rel=0.93 bal=+0.42 obs=191 hard=186 obsc=197 yr=  0  nz=0.07 flt=0.01 dmap=+0/-0 shz=4.0 plan=28 cmd=(lx=+0.00,ly=+0.40,rx=+0.00)
  t= 15.2 DWA-F pos=(-0.28,-0.20) yaw=-158.7 d=5.50 goal_err=-57 carrot_err= -37 c0=1.99 clear=1.00 prog=0.15 rel=0.92 bal=+0.43 obs=192 hard=184 obsc=198 yr= 15  nz=0.08 flt=0.23 dmap=+1/-0 shz=4.0 plan=28 cmd=(lx=+0.00,ly=+0.40,rx=+0.00)
  t= 15.6 DWA-F pos=(-0.32,-0.21) yaw=-160.3 d=5.48 goal_err=-56 carrot_err= -33 c0=1.95 clear=1.00 prog=0.15 rel=0.92 bal=+0.43 obs=192 hard=190 obsc=200 yr= 14G nz=0.08 flt=0.03 dmap=+0/-0 shz=4.0 plan=27 cmd=(lx=+0.00,ly=+0.40,rx=+0.00)
  t= 16.1 DWA-F pos=(-0.36,-0.23) yaw=-161.9 d=5.45 goal_err=-55 carrot_err= -33 c0=1.90 clear=1.00 prog=0.16 rel=0.91 bal=+0.49 obs=193 hard=191 obsc=200 yr=  0  nz=0.09 flt=0.01 dmap=+0/-0 shz=4.0 plan=27 cmd=(lx=+0.00,ly=+0.40,rx=+0.00)
  t= 16.5 DWA-F pos=(-0.41,-0.24) yaw=-161.9 d=5.43 goal_err=-55 carrot_err= -35 c0=1.86 clear=1.00 prog=0.17 rel=0.92 bal=+0.50 obs=193 hard=189 obsc=200 yr=  0  nz=0.08 flt=0.01 dmap=+0/-0 shz=4.0 plan=27 cmd=(lx=+0.00,ly=+0.40,rx=+0.00)
  t= 17.0 DWA-F pos=(-0.45,-0.25) yaw=-161.9 d=5.40 goal_err=-56 carrot_err= -37 c0=1.82 clear=1.00 prog=0.18 rel=0.92 bal=+0.50 obs=192 hard=187 obsc=198 yr=  0  nz=0.08 flt=0.00 dmap=+0/-0 shz=4.0 plan=27 cmd=(lx=+0.00,ly=+0.40,rx=+0.00)
  t= 17.4 DWA-F pos=(-0.48,-0.26) yaw=-161.9 d=5.38 goal_err=-56 carrot_err= -38 c0=1.79 clear=1.00 prog=0.18 rel=0.93 bal=+0.51 obs=192 hard=187 obsc=198 yr=  0G nz=0.07 flt=0.01 dmap=+0/-0 shz=4.0 plan=27 cmd=(lx=+0.00,ly=+0.40,rx=+0.45)
  t= 17.9 DWA-F pos=(-0.52,-0.28) yaw=-166.7 d=5.36 goal_err=-52 carrot_err= -35 c0=1.74 clear=1.00 prog=0.18 rel=0.92 bal=+0.51 obs=201 hard=191 obsc=214 yr= 14  nz=0.08 flt=0.01 dmap=+9/-0 shz=4.0 plan=27 cmd=(lx=+0.00,ly=+0.40,rx=+0.00)
  t= 18.3 DWA-F pos=(-0.57,-0.29) yaw=-168.3 d=5.33 goal_err=-50 carrot_err= -36 c0=1.70 clear=1.00 prog=0.18 rel=0.93 bal=+0.52 obs=199 hard=191 obsc=212 yr=  0  nz=0.07 flt=0.06 dmap=+0/-0 shz=4.0 plan=27 cmd=(lx=+0.00,ly=+0.40,rx=+0.00)
  t= 18.8 DWA-F pos=(-0.61,-0.29) yaw=-171.5 d=5.30 goal_err=-47 carrot_err= -40 c0=1.66 clear=1.00 prog=0.19 rel=0.92 bal=+0.52 obs=200 hard=194 obsc=213 yr= 15  nz=0.09 flt=0.02 dmap=+0/-0 shz=4.0 plan=26 cmd=(lx=+0.00,ly=+0.40,rx=+0.45)
  t= 19.2 DWA-F pos=(-0.65,-0.30) yaw=-176.4 d=5.27 goal_err=-43 carrot_err= -37 c0=1.88 clear=1.00 prog=0.21 rel=0.92 bal=+0.52 obs=205 hard=198 obsc=217 yr= 14  nz=0.08 flt=0.11 dmap=+5/-0 shz=4.0 plan=26 cmd=(lx=+0.00,ly=+0.40,rx=+0.00)
  t= 19.7 DWA-F pos=(-0.70,-0.30) yaw=-176.4 d=5.24 goal_err=-43 carrot_err= -39 c0=1.84 clear=1.00 prog=0.22 rel=0.85 bal=+0.49 obs=205 hard=199 obsc=219 yr=  0G nz=0.15 flt=0.00 dmap=+0/-0 shz=4.0 plan=26 cmd=(lx=+0.00,ly=+0.40,rx=+0.45)
  t= 20.1 DWA-F pos=(-0.73,-0.30) yaw=-179.6 d=5.21 goal_err=-40 carrot_err= -37 c0=1.81 clear=1.00 prog=0.22 rel=0.84 bal=+0.53 obs=204 hard=197 obsc=217 yr=  0  nz=0.16 flt=0.11 dmap=+0/-0 shz=4.0 plan=26 cmd=(lx=+0.00,ly=+0.40,rx=+0.00)
  t= 20.6 DWA-F pos=(-0.77,-0.30) yaw=-179.6 d=5.18 goal_err=-41 carrot_err= -32 c0=1.77 clear=1.00 prog=0.23 rel=0.92 bal=+0.51 obs=203 hard=198 obsc=216 yr=  0  nz=0.08 flt=0.01 dmap=+0/-0 shz=4.0 plan=25 cmd=(lx=+0.00,ly=+0.40,rx=+0.00)
  t= 21.0 DWA-F pos=(-0.82,-0.31) yaw=-179.6 d=5.15 goal_err=-41 carrot_err= -33 c0=1.73 clear=1.00 prog=0.23 rel=0.91 bal=+0.50 obs=201 hard=195 obsc=214 yr=  0  nz=0.09 flt=0.01 dmap=+0/-0 shz=4.0 plan=25 cmd=(lx=+0.00,ly=+0.40,rx=+0.00)
  t= 21.5 DWA-F pos=(-0.86,-0.31) yaw=-179.6 d=5.11 goal_err=-41 carrot_err= -35 c0=1.69 clear=1.00 prog=0.23 rel=0.92 bal=+0.49 obs=201 hard=194 obsc=213 yr=  0  nz=0.08 flt=0.01 dmap=+0/-0 shz=4.0 plan=25 cmd=(lx=+0.00,ly=+0.40,rx=+0.00)
  t= 21.9 DWA-F pos=(-0.91,-0.31) yaw=-179.6 d=5.08 goal_err=-42 carrot_err= -30 c0=1.65 clear=1.00 prog=0.23 rel=0.91 bal=+0.47 obs=202 hard=197 obsc=215 yr=  0  nz=0.09 flt=0.02 dmap=+1/-0 shz=4.0 plan=24 cmd=(lx=+0.00,ly=+0.40,rx=+0.00)
  t= 22.4 DWA-F pos=(-0.95,-0.31) yaw=-179.6 d=5.05 goal_err=-42 carrot_err= -31 c0=1.79 clear=1.00 prog=0.25 rel=0.91 bal=+0.29 obs=204 hard=197 obsc=216 yr=  0  nz=0.09 flt=0.00 dmap=+0/-0 shz=4.0 plan=24 cmd=(lx=+0.00,ly=+0.40,rx=+0.00)
  t= 22.8 DWA-F pos=(-1.00,-0.31) yaw=-179.6 d=5.01 goal_err=-42 carrot_err= -33 c0=1.75 clear=1.00 prog=0.24 rel=0.91 bal=+0.28 obs=203 hard=197 obsc=216 yr=  0  nz=0.09 flt=0.01 dmap=+0/-0 shz=4.0 plan=24 cmd=(lx=+0.00,ly=+0.40,rx=+0.00)
  t= 23.3 DWA-F pos=(-1.05,-0.31) yaw=-179.6 d=4.97 goal_err=-43 carrot_err= -35 c0=1.70 clear=1.00 prog=0.26 rel=0.91 bal=+0.26 obs=203 hard=197 obsc=214 yr=  0  nz=0.09 flt=0.00 dmap=+1/-0 shz=4.0 plan=24 cmd=(lx=+0.00,ly=+0.40,rx=+0.00)
  t= 23.7 DWA-F pos=(-1.09,-0.31) yaw=-179.6 d=4.95 goal_err=-43 carrot_err= -36 c0=1.67 clear=1.00 prog=0.24 rel=0.93 bal=+0.24 obs=204 hard=198 obsc=216 yr=  0  nz=0.07 flt=0.00 dmap=+0/-0 shz=4.0 plan=24 cmd=(lx=+0.00,ly=+0.40,rx=+0.00)
  t= 24.2 DWA-F pos=(-1.13,-0.31) yaw=+177.2 d=4.92 goal_err=-40 carrot_err= -36 c0=1.67 clear=1.00 prog=0.24 rel=0.92 bal=+0.22 obs=204 hard=198 obsc=216 yr= 14  nz=0.08 flt=0.00 dmap=+0/-0 shz=4.0 plan=24 cmd=(lx=+0.00,ly=+0.40,rx=+0.00)
  t= 24.6 DWA-F pos=(-1.17,-0.30) yaw=+177.2 d=4.88 goal_err=-40 carrot_err= -38 c0=1.63 clear=1.00 prog=0.25 rel=0.96 bal=+0.19 obs=204 hard=199 obsc=217 yr=  0  nz=0.04 flt=0.00 dmap=+0/-0 shz=4.0 plan=24 cmd=(lx=+0.00,ly=+0.40,rx=+0.00)
  t= 25.0 DWA-F pos=(-1.21,-0.30) yaw=+177.2 d=4.86 goal_err=-41 carrot_err= -18 c0=1.60 clear=1.00 prog=0.22 rel=0.95 bal=+0.18 obs=205 hard=197 obsc=216 yr=  0G nz=0.05 flt=0.00 dmap=+0/-0 shz=4.0 plan=23 cmd=(lx=+0.00,ly=+0.40,rx=+0.00)
  t= 25.5 DWA-F pos=(-1.25,-0.30) yaw=+174.0 d=4.82 goal_err=-38 carrot_err= -16 c0=1.55 clear=1.00 prog=0.24 rel=0.93 bal=+0.17 obs=204 hard=196 obsc=215 yr=  0  nz=0.07 flt=0.01 dmap=+0/-0 shz=4.0 plan=23 cmd=(lx=+0.00,ly=+0.40,rx=+0.00)
  t= 25.9 DWA-F pos=(-1.30,-0.30) yaw=+174.0 d=4.79 goal_err=-38 carrot_err= -23 c0=1.51 clear=1.00 prog=0.24 rel=0.91 bal=+0.16 obs=205 hard=198 obsc=216 yr=  0  nz=0.09 flt=0.00 dmap=+1/-0 shz=4.0 plan=23 cmd=(lx=+0.00,ly=+0.40,rx=+0.00)
  t= 26.4 DWA-F pos=(-1.34,-0.29) yaw=+174.0 d=4.75 goal_err=-39 carrot_err= -24 c0=1.46 clear=0.97 prog=0.24 rel=0.92 bal=+0.15 obs=203 hard=199 obsc=217 yr=  0  nz=0.08 flt=0.02 dmap=+0/-0 shz=4.0 plan=23 cmd=(lx=+0.00,ly=+0.40,rx=+0.00)
  t= 26.8 DWA-F pos=(-1.38,-0.29) yaw=+174.0 d=4.72 goal_err=-39 carrot_err= -25 c0=1.42 clear=0.95 prog=0.24 rel=0.91 bal=+0.14 obs=205 hard=198 obsc=216 yr=  0  nz=0.09 flt=0.00 dmap=+0/-0 shz=4.0 plan=22 cmd=(lx=+0.00,ly=+0.40,rx=+0.00)
  t= 27.3 DWA-F pos=(-1.43,-0.28) yaw=+174.0 d=4.68 goal_err=-39 carrot_err= -26 c0=1.37 clear=0.92 prog=0.26 rel=0.91 bal=-0.01 obs=204 hard=197 obsc=215 yr=  0  nz=0.09 flt=0.00 dmap=+0/-0 shz=4.0 plan=22 cmd=(lx=+0.00,ly=+0.40,rx=+0.00)
  t= 27.7 DWA-F pos=(-1.47,-0.28) yaw=+174.0 d=4.65 goal_err=-40 carrot_err= -27 c0=1.33 clear=0.89 prog=0.26 rel=0.92 bal=-0.01 obs=204 hard=196 obsc=214 yr=  0  nz=0.08 flt=0.01 dmap=+0/-0 shz=4.0 plan=22 cmd=(lx=+0.00,ly=+0.40,rx=+0.00)
  t= 28.2 DWA-F pos=(-1.51,-0.27) yaw=+174.0 d=4.62 goal_err=-40 carrot_err= -31 c0=1.30 clear=0.86 prog=0.24 rel=0.91 bal=-0.02 obs=205 hard=198 obsc=215 yr=  0  nz=0.09 flt=0.01 dmap=+0/-0 shz=4.0 plan=21 cmd=(lx=+0.00,ly=+0.40,rx=+0.00)
  t= 28.6 DWA-F pos=(-1.55,-0.27) yaw=+174.0 d=4.59 goal_err=-40 carrot_err= -32 c0=1.25 clear=0.83 prog=0.24 rel=0.93 bal=-0.02 obs=206 hard=198 obsc=218 yr=  0  nz=0.07 flt=0.02 dmap=+0/-0 shz=4.0 plan=21 cmd=(lx=+0.00,ly=+0.40,rx=+0.00)
  t= 29.1 DWA-F pos=(-1.59,-0.26) yaw=+174.0 d=4.56 goal_err=-41 carrot_err= -33 c0=1.21 clear=0.81 prog=0.24 rel=0.92 bal=-0.03 obs=205 hard=198 obsc=216 yr=  0  nz=0.08 flt=0.02 dmap=+0/-0 shz=4.0 plan=21 cmd=(lx=+0.00,ly=+0.40,rx=+0.00)
  t= 29.5 DWA-F pos=(-1.64,-0.26) yaw=+172.4 d=4.52 goal_err=-39 carrot_err= -33 c0=1.16 clear=0.78 prog=0.24 rel=0.93 bal=-0.03 obs=205 hard=198 obsc=216 yr= 15G nz=0.07 flt=0.01 dmap=+0/-0 shz=4.0 plan=21 cmd=(lx=+0.00,ly=+0.40,rx=+0.45)
  t= 30.0 DWA-F pos=(-1.68,-0.25) yaw=+169.2 d=4.49 goal_err=-36 carrot_err= -31 c0=1.12 clear=0.75 prog=0.25 rel=0.92 bal=-0.04 obs=206 hard=200 obsc=217 yr=  0  nz=0.09 flt=0.00 dmap=+0/-1 shz=4.0 plan=21 cmd=(lx=+0.00,ly=+0.40,rx=+0.00)
  t= 30.4 DWA-F pos=(-1.73,-0.24) yaw=+167.6 d=4.45 goal_err=-35 carrot_err= -31 c0=1.08 clear=0.72 prog=0.26 rel=0.93 bal=-0.02 obs=206 hard=200 obsc=217 yr= 14G nz=0.07 flt=0.02 dmap=+0/-0 shz=4.0 plan=21 cmd=(lx=+0.00,ly=+0.40,rx=+0.00)
  t= 30.9 DWA-F pos=(-1.77,-0.23) yaw=+166.0 d=4.41 goal_err=-34 carrot_err= -31 c0=1.03 clear=0.69 prog=0.26 rel=0.91 bal=-0.03 obs=205 hard=199 obsc=216 yr=  0  nz=0.09 flt=0.00 dmap=+0/-0 shz=4.0 plan=21 cmd=(lx=+0.00,ly=+0.40,rx=+0.00)
  t= 31.3 DWA-F pos=(-1.81,-0.22) yaw=+162.8 d=4.38 goal_err=-31 carrot_err= -21 c0=0.99 clear=0.66 prog=0.27 rel=0.91 bal=-0.03 obs=213 hard=202 obsc=223 yr= 14  nz=0.09 flt=0.23 dmap=+8/-0 shz=4.0 plan=20 cmd=(lx=+0.00,ly=+0.40,rx=+0.00)
  t= 31.8 DWA-F pos=(-1.85,-0.21) yaw=+162.8 d=4.34 goal_err=-31 carrot_err= -22 c0=0.95 clear=0.63 prog=0.28 rel=0.91 bal=-0.03 obs=213 hard=205 obsc=223 yr=  0  nz=0.09 flt=0.02 dmap=+0/-0 shz=4.0 plan=20 cmd=(lx=+0.00,ly=+0.40,rx=+0.00)
  t= 32.2 DWA-F pos=(-1.89,-0.20) yaw=+162.8 d=4.31 goal_err=-32 carrot_err= -23 c0=0.91 clear=0.61 prog=0.26 rel=0.91 bal=-0.03 obs=213 hard=205 obsc=223 yr=  0  nz=0.09 flt=0.02 dmap=+0/-0 shz=4.0 plan=20 cmd=(lx=+0.00,ly=+0.40,rx=+0.00)
  t= 32.7 DWA-F pos=(-1.93,-0.19) yaw=+162.8 d=4.27 goal_err=-32 carrot_err= -24 c0=0.87 clear=0.58 prog=0.26 rel=0.92 bal=-0.03 obs=211 hard=206 obsc=224 yr=  0  nz=0.08 flt=0.00 dmap=+0/-0 shz=4.0 plan=20 cmd=(lx=+0.00,ly=+0.40,rx=+0.00)
  t= 33.1 DWA-F pos=(-1.97,-0.17) yaw=+162.8 d=4.23 goal_err=-32 carrot_err= -17 c0=0.83 clear=0.55 prog=0.26 rel=0.91 bal=-0.03 obs=213 hard=207 obsc=224 yr=  0  nz=0.09 flt=0.01 dmap=+0/-0 shz=4.0 plan=19 cmd=(lx=+0.00,ly=+0.40,rx=+0.00)
  t= 33.6 DWA-F pos=(-2.01,-0.16) yaw=+162.8 d=4.20 goal_err=-32 carrot_err= -18 c0=0.79 clear=0.53 prog=0.26 rel=0.93 bal=-0.02 obs=212 hard=204 obsc=223 yr=  0  nz=0.07 flt=0.00 dmap=+0/-0 shz=4.0 plan=19 cmd=(lx=+0.00,ly=+0.40,rx=+0.00)
  t= 34.0 DWA-F pos=(-2.06,-0.15) yaw=+162.8 d=4.16 goal_err=-33 carrot_err= -19 c0=0.75 clear=0.50 prog=0.28 rel=0.92 bal=-0.11 obs=211 hard=205 obsc=224 yr=  0  nz=0.08 flt=0.00 dmap=+0/-3 shz=4.0 plan=19 cmd=(lx=+0.00,ly=+0.40,rx=+0.00)
  t= 34.4 DWA-F pos=(-2.10,-0.13) yaw=+162.8 d=4.12 goal_err=-33 carrot_err= -20 c0=0.71 clear=0.47 prog=0.26 rel=0.92 bal=-0.13 obs=211 hard=201 obsc=222 yr=  0  nz=0.08 flt=0.01 dmap=+0/-0 shz=4.0 plan=19 cmd=(lx=+0.00,ly=+0.40,rx=+0.00)
  t= 34.9 DWA-F pos=(-2.14,-0.12) yaw=+162.8 d=4.09 goal_err=-33 carrot_err= -23 c0=0.66 clear=0.44 prog=0.28 rel=0.92 bal=-0.14 obs=212 hard=206 obsc=223 yr=  0  nz=0.08 flt=0.01 dmap=+0/-0 shz=4.0 plan=19 cmd=(lx=+0.00,ly=+0.40,rx=+0.00)
  t= 35.3 DWA-F pos=(-2.18,-0.11) yaw=+162.8 d=4.05 goal_err=-34 carrot_err= -24 c0=0.82 clear=0.55 prog=0.28 rel=0.93 bal=-0.16 obs=213 hard=205 obsc=223 yr=  0  nz=0.07 flt=0.03 dmap=+1/-0 shz=4.0 plan=19 cmd=(lx=+0.00,ly=+0.40,rx=+0.00)
  t= 35.8 DWA-F pos=(-2.23,-0.09) yaw=+162.8 d=4.01 goal_err=-34 carrot_err= -25 c0=0.98 clear=0.65 prog=0.28 rel=0.90 bal=-0.31 obs=215 hard=206 obsc=225 yr=  0  nz=0.10 flt=0.01 dmap=+2/-0 shz=4.0 plan=19 cmd=(lx=+0.00,ly=+0.40,rx=+0.00)
  t= 36.2 DWA-F pos=(-2.27,-0.08) yaw=+162.8 d=3.98 goal_err=-35 carrot_err= -26 c0=0.94 clear=0.62 prog=0.28 rel=0.81 bal=-0.46 obs=215 hard=206 obsc=225 yr=  0  nz=0.19 flt=0.00 dmap=+0/-0 shz=4.0 plan=18 cmd=(lx=+0.00,ly=+0.40,rx=+0.00)
  t= 36.7 DWA-F pos=(-2.31,-0.07) yaw=+162.8 d=3.94 goal_err=-35 carrot_err= -27 c0=0.89 clear=0.59 prog=0.28 rel=0.89 bal=-0.57 obs=215 hard=207 obsc=226 yr=  0  nz=0.11 flt=0.01 dmap=+0/-0 shz=4.0 plan=18 cmd=(lx=+0.00,ly=+0.40,rx=+0.00)
  t= 37.1 DWA-F pos=(-2.34,-0.06) yaw=+162.8 d=3.91 goal_err=-35 carrot_err= -28 c0=0.86 clear=0.57 prog=0.26 rel=0.90 bal=-0.57 obs=213 hard=206 obsc=225 yr=  0  nz=0.10 flt=0.01 dmap=+0/-1 shz=4.0 plan=18 cmd=(lx=+0.00,ly=+0.40,rx=+0.00)
  t= 37.6 DWA-F pos=(-2.38,-0.04) yaw=+162.8 d=3.88 goal_err=-36 carrot_err= -29 c0=0.82 clear=0.55 prog=0.26 rel=0.93 bal=-0.56 obs=214 hard=206 obsc=224 yr=  0  nz=0.07 flt=0.02 dmap=+1/-0 shz=4.0 plan=17 cmd=(lx=+0.00,ly=+0.40,rx=+0.45)
  t= 38.0 DWA-F pos=(-2.43,-0.03) yaw=+159.6 d=3.84 goal_err=-33 carrot_err= -27 c0=0.77 clear=0.52 prog=0.26 rel=0.92 bal=-0.55 obs=214 hard=206 obsc=224 yr=  0  nz=0.08 flt=0.02 dmap=+0/-0 shz=4.0 plan=17 cmd=(lx=+0.00,ly=+0.40,rx=+0.00)
  t= 38.5 DWA-F pos=(-2.47,-0.02) yaw=+159.6 d=3.80 goal_err=-33 carrot_err= -29 c0=0.73 clear=0.49 prog=0.27 rel=0.93 bal=-0.51 obs=215 hard=207 obsc=226 yr=  0  nz=0.07 flt=0.02 dmap=+0/-0 shz=4.0 plan=17 cmd=(lx=+0.00,ly=+0.40,rx=+0.45)
  t= 38.9 DWA-F pos=(-2.51,+0.00) yaw=+156.4 d=3.76 goal_err=-30 carrot_err= -27 c0=0.69 clear=0.46 prog=0.27 rel=0.92 bal=-0.51 obs=216 hard=207 obsc=229 yr=  0  nz=0.08 flt=0.13 dmap=+0/-0 shz=4.0 plan=17 cmd=(lx=+0.00,ly=+0.40,rx=+0.00)
  t= 39.4 DWA-F pos=(-2.55,+0.02) yaw=+156.4 d=3.73 goal_err=-31 carrot_err= -27 c0=0.85 clear=0.57 prog=0.28 rel=0.93 bal=-0.39 obs=218 hard=210 obsc=231 yr=  0  nz=0.07 flt=0.01 dmap=+2/-2 shz=4.0 plan=17 cmd=(lx=+0.00,ly=+0.40,rx=+0.00)
  t= 39.8 ENG-F pos=(-2.59,+0.04) yaw=+156.4 d=3.69 goal_err=-31 carrot_err= -28 c0=1.02 clear=0.68 prog=0.28 rel=0.81 bal=-0.39 obs=222 hard=212 obsc=232 yr=  0  nz=0.19 flt=0.02 dmap=+2/-0 shz=4.0 plan=17 cmd=(lx=+0.00,ly=+0.28,rx=+0.00)
  t= 40.3 ENG-F pos=(-2.62,+0.05) yaw=+156.4 d=3.66 goal_err=-31 carrot_err= -29 c0=0.99 clear=0.66 prog=0.27 rel=0.76 bal=-0.39 obs=222 hard=212 obsc=233 yr=  0  nz=0.24 flt=0.01 dmap=+0/-0 shz=4.0 plan=17 cmd=(lx=+0.00,ly=+0.28,rx=+0.00)
  t= 40.7 ENG-F pos=(-2.66,+0.07) yaw=+156.4 d=3.63 goal_err=-31 carrot_err= -30 c0=0.95 clear=0.64 prog=0.26 rel=0.80 bal=-0.39 obs=221 hard=211 obsc=233 yr=  0  nz=0.20 flt=0.01 dmap=+0/-0 shz=4.0 plan=17 cmd=(lx=+0.00,ly=+0.28,rx=+0.00)
  t= 41.2 ENG-F pos=(-2.69,+0.08) yaw=+156.4 d=3.60 goal_err=-32 carrot_err= -31 c0=0.92 clear=0.61 prog=0.24 rel=0.92 bal=-0.39 obs=220 hard=209 obsc=232 yr=  0  nz=0.08 flt=0.01 dmap=+0/-0 shz=4.0 plan=17 cmd=(lx=+0.00,ly=+0.28,rx=+0.00)
  t= 41.6 ENG-F pos=(-2.72,+0.09) yaw=+156.4 d=3.56 goal_err=-32 carrot_err= -23 c0=0.88 clear=0.59 prog=0.23 rel=0.93 bal=-0.39 obs=221 hard=211 obsc=232 yr=  0  nz=0.07 flt=0.00 dmap=+1/-1 shz=4.0 plan=17 cmd=(lx=+0.00,ly=+0.28,rx=+0.00)
  t= 42.1 ENG-F pos=(-2.76,+0.11) yaw=+156.4 d=3.53 goal_err=-32 carrot_err= -23 c0=0.85 clear=0.57 prog=0.23 rel=0.93 bal=+0.25 obs=220 hard=212 obsc=231 yr=  0  nz=0.07 flt=0.02 dmap=+0/-0 shz=4.0 plan=17 cmd=(lx=+0.00,ly=+0.28,rx=+0.00)
  t= 42.5 ENG-F pos=(-2.80,+0.13) yaw=+156.4 d=3.50 goal_err=-33 carrot_err= -25 c0=0.81 clear=0.54 prog=0.24 rel=0.94 bal=-0.32 obs=220 hard=211 obsc=231 yr=  0  nz=0.06 flt=0.02 dmap=+0/-0 shz=4.0 plan=16 cmd=(lx=+0.00,ly=+0.28,rx=+0.00)
  t= 43.0 ENG-F pos=(-2.83,+0.14) yaw=+156.4 d=3.47 goal_err=-33 carrot_err= -25 c0=0.77 clear=0.52 prog=0.24 rel=0.93 bal=-0.32 obs=222 hard=213 obsc=231 yr=  0  nz=0.07 flt=0.02 dmap=+0/-0 shz=4.0 plan=16 cmd=(lx=+0.00,ly=+0.28,rx=+0.00)
  t= 43.4 ENG-F pos=(-2.86,+0.16) yaw=+156.4 d=3.44 goal_err=-33 carrot_err= -27 c0=0.74 clear=0.49 prog=0.24 rel=0.94 bal=-0.33 obs=224 hard=215 obsc=234 yr=  0  nz=0.06 flt=0.01 dmap=+3/-0 shz=4.0 plan=16 cmd=(lx=+0.00,ly=+0.28,rx=+0.00)
  t= 43.8 ENG-T pos=(-2.89,+0.17) yaw=+156.4 d=3.41 goal_err=-34 carrot_err= -27 c0=0.71 clear=0.48 prog=0.23 rel=0.93 bal=-0.33 obs=224 hard=216 obsc=234 yr=  0G nz=0.07 flt=0.02 dmap=+0/-0 shz=4.0 plan=16 cmd=(lx=+0.00,ly=+0.00,rx=+0.45)
  t= 44.3 ENG-F pos=(-2.90,+0.18) yaw=+151.6 d=3.40 goal_err=-29 carrot_err= -23 c0=0.73 clear=0.49 prog=0.20 rel=0.95 bal=-0.21 obs=226 hard=216 obsc=241 yr=  0  nz=0.05 flt=0.05 dmap=+0/-0 shz=4.0 plan=16 cmd=(lx=+0.00,ly=+0.28,rx=+0.00)
  t= 44.7 ENG-F pos=(-2.93,+0.19) yaw=+151.6 d=3.37 goal_err=-29 carrot_err= -24 c0=0.71 clear=0.47 prog=0.18 rel=0.96 bal=-0.21 obs=227 hard=215 obsc=240 yr=  0  nz=0.04 flt=0.00 dmap=+0/-0 shz=4.0 plan=16 cmd=(lx=+0.00,ly=+0.28,rx=+0.00)
  t= 45.2 ENG-F pos=(-2.96,+0.21) yaw=+151.6 d=3.34 goal_err=-30 carrot_err= -25 c0=0.67 clear=0.45 prog=0.18 rel=0.96 bal=-0.21 obs=226 hard=217 obsc=240 yr=  0  nz=0.04 flt=0.00 dmap=+0/-2 shz=4.0 plan=16 cmd=(lx=+0.00,ly=+0.28,rx=+0.00)
  t= 45.6 ENG-T pos=(-2.99,+0.22) yaw=+151.6 d=3.31 goal_err=-30 carrot_err= -26 c0=0.63 clear=0.42 prog=0.20 rel=0.94 bal=-0.22 obs=225 hard=217 obsc=238 yr=  0G nz=0.06 flt=0.01 dmap=+0/-0 shz=4.0 plan=16 cmd=(lx=+0.00,ly=+0.00,rx=+0.45)
  t= 46.0 ENG-F pos=(-3.01,+0.23) yaw=+148.3 d=3.30 goal_err=-27 carrot_err= -24 c0=0.62 clear=0.41 prog=0.20 rel=0.95 bal=-0.22 obs=225 hard=215 obsc=237 yr=  0  nz=0.05 flt=0.03 dmap=+0/-0 shz=3.9 plan=16 cmd=(lx=+0.00,ly=+0.28,rx=+0.00)
  t= 46.5 ENG-F pos=(-3.04,+0.25) yaw=+148.3 d=3.26 goal_err=-27 carrot_err= -25 c0=0.58 clear=0.39 prog=0.20 rel=0.95 bal=-0.26 obs=224 hard=215 obsc=237 yr=  0  nz=0.05 flt=0.03 dmap=+0/-0 shz=4.0 plan=16 cmd=(lx=+0.00,ly=+0.28,rx=+0.00)
  t= 46.9 ENG-F pos=(-3.05,+0.26) yaw=+145.1 d=3.25 goal_err=-24 carrot_err= -22 c0=0.57 clear=0.38 prog=0.19 rel=0.95 bal=-0.26 obs=237 hard=223 obsc=248 yr= 14  nz=0.05 flt=0.32 dmap=+13/-0 shz=4.0 plan=16 cmd=(lx=+0.00,ly=+0.28,rx=+0.00)
  t= 47.4 ENG-F pos=(-3.08,+0.28) yaw=+145.1 d=3.22 goal_err=-24 carrot_err= -24 c0=0.53 clear=0.35 prog=0.19 rel=0.94 bal=-0.22 obs=234 hard=226 obsc=248 yr=  0  nz=0.06 flt=0.01 dmap=+0/-2 shz=4.0 plan=16 cmd=(lx=+0.00,ly=+0.28,rx=+0.00)
  t= 47.8 ENG-T pos=(-3.10,+0.30) yaw=+145.1 d=3.19 goal_err=-24 carrot_err= -25 c0=0.51 clear=0.34 prog=0.20 rel=0.95 bal=-0.22 obs=234 hard=226 obsc=248 yr=  0G nz=0.05 flt=0.00 dmap=+0/-0 shz=4.0 plan=16 cmd=(lx=+0.00,ly=+0.00,rx=+0.45)
  t= 48.3 ENG-F pos=(-3.11,+0.31) yaw=+141.9 d=3.18 goal_err=-21 carrot_err= -17 c0=0.57 clear=0.38 prog=0.17 rel=0.96 bal=-0.22 obs=235 hard=224 obsc=247 yr=  0  nz=0.04 flt=0.02 dmap=+0/-0 shz=4.0 plan=16 cmd=(lx=+0.00,ly=+0.28,rx=+0.00)
  t= 48.7 ENG-T pos=(-3.14,+0.33) yaw=+141.9 d=3.15 goal_err=-22 carrot_err= -18 c0=0.54 clear=0.36 prog=0.18 rel=0.96 bal=-0.21 obs=236 hard=225 obsc=248 yr=  0G nz=0.04 flt=0.00 dmap=+0/-0 shz=4.0 plan=15 cmd=(lx=+0.00,ly=+0.00,rx=+0.45)
  t= 49.1 ENG-F pos=(-3.15,+0.34) yaw=+138.7 d=3.13 goal_err=-18 carrot_err= -15 c0=0.52 clear=0.35 prog=0.17 rel=0.95 bal=+0.42 obs=236 hard=225 obsc=248 yr=  0  nz=0.05 flt=0.01 dmap=+1/-0 shz=4.0 plan=15 cmd=(lx=+0.00,ly=+0.28,rx=+0.00)
  t= 49.6 ENG-T pos=(-3.17,+0.35) yaw=+138.7 d=3.10 goal_err=-19 carrot_err= -15 c0=0.67 clear=0.45 prog=0.16 rel=0.91 bal=+0.44 obs=234 hard=226 obsc=249 yr=  0G nz=0.10 flt=0.00 dmap=+0/-0 shz=4.0 plan=15 cmd=(lx=+0.00,ly=+0.00,rx=+0.45)
  t= 50.0 ENG-F pos=(-3.18,+0.36) yaw=+135.5 d=3.10 goal_err=-15 carrot_err= -12 c0=0.67 clear=0.44 prog=0.16 rel=0.89 bal=+0.44 obs=239 hard=224 obsc=252 yr=  0  nz=0.12 flt=0.02 dmap=+0/-0 shz=4.0 plan=15 cmd=(lx=+0.00,ly=+0.28,rx=+0.00)
  t= 50.5 ENG-T pos=(-3.20,+0.38) yaw=+135.5 d=3.07 goal_err=-16 carrot_err= -13 c0=0.64 clear=0.43 prog=0.15 rel=0.89 bal=+0.45 obs=240 hard=226 obsc=252 yr=  0  nz=0.11 flt=0.01 dmap=+0/-0 shz=4.0 plan=15 cmd=(lx=+0.00,ly=+0.00,rx=+0.45)
  t= 50.9 ENG-F pos=(-3.21,+0.39) yaw=+132.3 d=3.06 goal_err=-12 carrot_err= -10 c0=1.34 clear=0.89 prog=0.15 rel=0.96 bal=+0.46 obs=241 hard=228 obsc=253 yr= 15  nz=0.04 flt=0.00 dmap=+0/-0 shz=4.0 plan=15 cmd=(lx=+0.00,ly=+0.28,rx=+0.00)
  t= 51.3 ENG-T pos=(-3.23,+0.41) yaw=+132.3 d=3.03 goal_err=-13 carrot_err= -10 c0=1.31 clear=0.88 prog=0.15 rel=0.50 bal=+0.47 obs=241 hard=229 obsc=254 yr=  0G nz=0.50 flt=0.00 dmap=+0/-0 shz=4.0 plan=15 cmd=(lx=+0.00,ly=+0.00,rx=+0.45)
  t= 51.8 ENG-F pos=(-3.24,+0.42) yaw=+129.1 d=3.02 goal_err=-9 carrot_err=  -7 c0=1.30 clear=0.87 prog=0.15 rel=0.48 bal=+0.48 obs=239 hard=226 obsc=253 yr=  0  nz=0.52 flt=0.13 dmap=+0/-0 shz=4.0 plan=15 cmd=(lx=+0.00,ly=+0.28,rx=+0.00)
  t= 52.2 ENG-GO pos=(-3.25,+0.44) yaw=+127.5 d=2.99 goal_err=-8 carrot_err=  -6 c0=1.38 clear=0.92 prog=0.15 rel=0.56 bal=-0.13 obs=241 hard=227 obsc=253 yr= 15  nz=0.44 flt=0.03 dmap=+1/-0 shz=4.0 plan=15 cmd=(lx=+0.00,ly=+0.28,rx=+0.00)
  t= 52.7 ENG-GO pos=(-3.26,+0.45) yaw=+127.5 d=2.97 goal_err=-8 carrot_err=  -6 c0=1.36 clear=0.91 prog=0.14 rel=0.71 bal=-0.13 obs=241 hard=227 obsc=253 yr=  0  nz=0.29 flt=0.00 dmap=+0/-0 shz=4.0 plan=15 cmd=(lx=+0.00,ly=+0.28,rx=+0.00)
  t= 53.1 ENG-GO pos=(-3.28,+0.47) yaw=+127.5 d=2.95 goal_err=-8 carrot_err=  -6 c0=1.34 clear=0.89 prog=0.16 rel=0.69 bal=+0.51 obs=238 hard=227 obsc=253 yr=  0  nz=0.31 flt=0.01 dmap=+0/-0 shz=4.0 plan=15 cmd=(lx=+0.00,ly=+0.28,rx=+0.00)
  t= 53.6 ENG-GO pos=(-3.30,+0.50) yaw=+127.5 d=2.91 goal_err=-8 carrot_err=  -2 c0=1.30 clear=0.87 prog=0.18 rel=0.71 bal=+0.53 obs=240 hard=225 obsc=252 yr=  0  nz=0.29 flt=0.00 dmap=+0/-0 shz=4.0 plan=15 cmd=(lx=+0.00,ly=+0.28,rx=+0.00)
  t= 54.0 ENG-GO pos=(-3.32,+0.53) yaw=+127.5 d=2.88 goal_err=-8 carrot_err=  -2 c0=1.27 clear=0.84 prog=0.21 rel=0.94 bal=+0.16 obs=239 hard=226 obsc=253 yr=  0  nz=0.06 flt=0.02 dmap=+1/-2 shz=4.0 plan=15 cmd=(lx=+0.00,ly=+0.28,rx=+0.00)
  t= 54.4 ENG-GO pos=(-3.34,+0.56) yaw=+127.5 d=2.84 goal_err=-8 carrot_err=  -2 c0=1.23 clear=0.82 prog=0.24 rel=0.93 bal=+0.15 obs=241 hard=226 obsc=253 yr=  0  nz=0.07 flt=0.01 dmap=+0/-0 shz=4.0 plan=15 cmd=(lx=+0.00,ly=+0.28,rx=+0.00)
  t= 54.9 ENG-GO pos=(-3.37,+0.59) yaw=+127.5 d=2.81 goal_err=-8 carrot_err=  +0 c0=1.20 clear=0.80 prog=0.25 rel=0.94 bal=+0.15 obs=240 hard=228 obsc=252 yr=  0  nz=0.06 flt=0.01 dmap=+0/-0 shz=3.9 plan=13 cmd=(lx=+0.00,ly=+0.28,rx=+0.00)
  t= 55.3 ENG-GO pos=(-3.39,+0.62) yaw=+127.5 d=2.77 goal_err=-9 carrot_err=  +1 c0=1.17 clear=0.78 prog=0.27 rel=0.93 bal=+0.02 obs=243 hard=229 obsc=255 yr=  0  nz=0.07 flt=0.00 dmap=+0/-0 shz=4.0 plan=13 cmd=(lx=+0.00,ly=+0.28,rx=+0.00)
  t= 55.8 ENG-GO pos=(-3.41,+0.65) yaw=+127.5 d=2.73 goal_err=-9 carrot_err=  +1 c0=1.13 clear=0.76 prog=0.27 rel=0.94 bal=+0.02 obs=242 hard=228 obsc=254 yr=  0  nz=0.06 flt=0.00 dmap=+0/-0 shz=4.0 plan=13 cmd=(lx=+0.00,ly=+0.28,rx=+0.00)
  t= 56.2 ENG-GO pos=(-3.43,+0.67) yaw=+127.5 d=2.70 goal_err=-9 carrot_err=  +1 c0=1.10 clear=0.73 prog=0.27 rel=0.93 bal=+0.03 obs=241 hard=228 obsc=254 yr=  0  nz=0.07 flt=0.00 dmap=+0/-0 shz=4.0 plan=13 cmd=(lx=+0.00,ly=+0.28,rx=+0.00)
  t= 56.7 ENG-GO pos=(-3.45,+0.70) yaw=+127.5 d=2.66 goal_err=-9 carrot_err=  +1 c0=1.07 clear=0.71 prog=0.27 rel=0.93 bal=-0.00 obs=238 hard=228 obsc=252 yr=  0  nz=0.07 flt=0.01 dmap=+0/-0 shz=4.0 plan=13 cmd=(lx=+0.00,ly=+0.28,rx=+0.00)
  t= 57.1 ENG-GO pos=(-3.48,+0.73) yaw=+127.5 d=2.63 goal_err=-9 carrot_err=  +1 c0=1.12 clear=0.74 prog=0.27 rel=0.94 bal=+0.04 obs=236 hard=225 obsc=250 yr=  0  nz=0.06 flt=0.01 dmap=+0/-0 shz=4.0 plan=13 cmd=(lx=+0.00,ly=+0.28,rx=+0.00)
  t= 57.5 ENG-GO pos=(-3.50,+0.76) yaw=+127.5 d=2.59 goal_err=-9 carrot_err=  +1 c0=1.08 clear=0.72 prog=0.27 rel=0.95 bal=+0.04 obs=235 hard=224 obsc=249 yr=  0  nz=0.04 flt=0.00 dmap=+0/-2 shz=4.0 plan=13 cmd=(lx=+0.00,ly=+0.28,rx=+0.00)
  t= 58.0 ENG-GO pos=(-3.52,+0.79) yaw=+127.5 d=2.56 goal_err=-9 carrot_err=  +2 c0=1.05 clear=0.70 prog=0.27 rel=0.95 bal=+0.04 obs=235 hard=222 obsc=248 yr=  0  nz=0.05 flt=0.00 dmap=+0/-1 shz=4.0 plan=12 cmd=(lx=+0.00,ly=+0.28,rx=+0.00)
  t= 58.4 ENG-GO pos=(-3.54,+0.81) yaw=+127.5 d=2.53 goal_err=-9 carrot_err=  +3 c0=1.02 clear=0.68 prog=0.26 rel=0.94 bal=+0.04 obs=235 hard=223 obsc=248 yr=  0  nz=0.06 flt=0.01 dmap=+0/-0 shz=4.0 plan=12 cmd=(lx=+0.00,ly=+0.28,rx=+0.00)
  t= 58.8 ENG-GO pos=(-3.56,+0.84) yaw=+127.5 d=2.49 goal_err=-9 carrot_err=  +3 c0=0.99 clear=0.66 prog=0.26 rel=0.94 bal=+0.04 obs=236 hard=222 obsc=249 yr=  0  nz=0.06 flt=0.01 dmap=+2/-1 shz=3.9 plan=12 cmd=(lx=+0.00,ly=+0.28,rx=+0.00)
  t= 59.3 ENG-GO pos=(-3.58,+0.87) yaw=+127.5 d=2.46 goal_err=-10 carrot_err=  +3 c0=0.96 clear=0.64 prog=0.26 rel=0.94 bal=+0.04 obs=234 hard=222 obsc=248 yr=  0  nz=0.06 flt=0.01 dmap=+0/-2 shz=4.0 plan=12 cmd=(lx=+0.00,ly=+0.28,rx=+0.00)
  t= 59.7 ENG-GO pos=(-3.60,+0.90) yaw=+127.5 d=2.42 goal_err=-10 carrot_err=  +3 c0=0.94 clear=0.63 prog=0.26 rel=0.94 bal=+0.04 obs=235 hard=222 obsc=248 yr=  0  nz=0.07 flt=0.00 dmap=+0/-0 shz=4.0 plan=12 cmd=(lx=+0.00,ly=+0.28,rx=+0.00)
  t= 60.2 ENG-GO pos=(-3.62,+0.92) yaw=+127.5 d=2.39 goal_err=-10 carrot_err=  +3 c0=0.91 clear=0.61 prog=0.26 rel=0.94 bal=-0.08 obs=230 hard=220 obsc=244 yr=  0  nz=0.06 flt=0.01 dmap=+0/-0 shz=4.0 plan=12 cmd=(lx=+0.00,ly=+0.28,rx=+0.00)
  t= 60.6 ENG-GO pos=(-3.65,+0.95) yaw=+127.5 d=2.35 goal_err=-10 carrot_err=  +3 c0=0.88 clear=0.58 prog=0.27 rel=0.94 bal=-0.08 obs=230 hard=218 obsc=243 yr=  0  nz=0.06 flt=0.00 dmap=+0/-0 shz=4.0 plan=12 cmd=(lx=+0.00,ly=+0.28,rx=+0.00)
  t= 61.1 ENG-GO pos=(-3.67,+0.98) yaw=+127.5 d=2.32 goal_err=-10 carrot_err=  +3 c0=0.84 clear=0.56 prog=0.27 rel=0.94 bal=+0.04 obs=231 hard=220 obsc=245 yr=  0  nz=0.06 flt=0.01 dmap=+2/-1 shz=4.0 plan=11 cmd=(lx=+0.00,ly=+0.28,rx=+0.00)
  t= 61.5 ENG-GO pos=(-3.69,+1.01) yaw=+127.5 d=2.28 goal_err=-10 carrot_err=  +3 c0=0.81 clear=0.54 prog=0.27 rel=0.93 bal=+0.04 obs=232 hard=221 obsc=246 yr=  0  nz=0.07 flt=0.02 dmap=+0/-0 shz=4.0 plan=11 cmd=(lx=+0.00,ly=+0.28,rx=+0.00)
  t= 61.9 ENG-GO pos=(-3.71,+1.04) yaw=+127.5 d=2.25 goal_err=-11 carrot_err=  +4 c0=0.78 clear=0.52 prog=0.27 rel=0.94 bal=+0.03 obs=231 hard=221 obsc=245 yr=  0  nz=0.06 flt=0.00 dmap=+0/-0 shz=4.0 plan=11 cmd=(lx=+0.00,ly=+0.28,rx=+0.00)
  t= 62.4 ENG-GO pos=(-3.73,+1.06) yaw=+127.5 d=2.22 goal_err=-11 carrot_err=  +5 c0=0.98 clear=0.65 prog=0.25 rel=0.94 bal=+0.03 obs=229 hard=221 obsc=242 yr=  0  nz=0.06 flt=0.00 dmap=+0/-2 shz=3.9 plan=11 cmd=(lx=+0.00,ly=+0.28,rx=+0.00)
  t= 62.8 ENG-GO pos=(-3.75,+1.09) yaw=+127.5 d=2.18 goal_err=-11 carrot_err=  +5 c0=0.95 clear=0.63 prog=0.25 rel=0.86 bal=+0.02 obs=229 hard=219 obsc=241 yr=  0  nz=0.14 flt=0.01 dmap=+1/-1 shz=4.0 plan=11 cmd=(lx=+0.00,ly=+0.28,rx=+0.00)
  t= 63.3 ENG-GO pos=(-3.77,+1.12) yaw=+127.5 d=2.15 goal_err=-11 carrot_err=  +5 c0=0.91 clear=0.61 prog=0.25 rel=0.85 bal=+0.02 obs=229 hard=218 obsc=240 yr=  0  nz=0.15 flt=0.00 dmap=+0/-0 shz=3.9 plan=11 cmd=(lx=+0.00,ly=+0.28,rx=+0.00)
  t= 63.7 ENG-GO pos=(-3.79,+1.15) yaw=+127.5 d=2.11 goal_err=-11 carrot_err=  +5 c0=0.88 clear=0.59 prog=0.25 rel=0.94 bal=+0.00 obs=225 hard=216 obsc=238 yr=  0  nz=0.07 flt=0.01 dmap=+0/-0 shz=4.0 plan=11 cmd=(lx=+0.00,ly=+0.28,rx=+0.00)
  t= 64.1 ENG-GO pos=(-3.82,+1.17) yaw=+127.5 d=2.08 goal_err=-11 carrot_err=  +6 c0=0.85 clear=0.56 prog=0.27 rel=0.93 bal=-0.01 obs=227 hard=218 obsc=240 yr=  0  nz=0.07 flt=0.01 dmap=+2/-1 shz=3.9 plan=10 cmd=(lx=+0.00,ly=+0.28,rx=+0.00)
  t= 64.6 ENG-GO pos=(-3.84,+1.20) yaw=+127.5 d=2.04 goal_err=-12 carrot_err=  +6 c0=0.86 clear=0.57 prog=0.27 rel=0.94 bal=-0.02 obs=231 hard=219 obsc=242 yr=  0  nz=0.06 flt=0.00 dmap=+1/-0 shz=4.0 plan=10 cmd=(lx=+0.00,ly=+0.28,rx=+0.00)
  t= 65.0 ENG-GO pos=(-3.85,+1.22) yaw=+127.5 d=2.02 goal_err=-12 carrot_err=  +6 c0=1.66 clear=1.00 prog=0.25 rel=0.54 bal=-0.02 obs=227 hard=218 obsc=241 yr=  0  nz=0.46 flt=0.00 dmap=+0/-0 shz=3.9 plan=10 cmd=(lx=+0.00,ly=+0.28,rx=+0.00)
  t= 65.4 ENG-GO pos=(-3.88,+1.25) yaw=+127.5 d=1.98 goal_err=-12 carrot_err=  +6 c0=1.63 clear=1.00 prog=0.25 rel=0.40 bal=-0.01 obs=223 hard=214 obsc=236 yr=  0  nz=0.60 flt=0.00 dmap=+0/-0 shz=4.0 plan=10 cmd=(lx=+0.00,ly=+0.28,rx=+0.00)
  t= 65.9 ENG-GO pos=(-3.90,+1.28) yaw=+127.5 d=1.95 goal_err=-12 carrot_err=  +7 c0=1.59 clear=1.00 prog=0.25 rel=0.44 bal=+0.08 obs=222 hard=211 obsc=233 yr=  0  nz=0.56 flt=0.01 dmap=+3/-0 shz=3.9 plan=10 cmd=(lx=+0.00,ly=+0.28,rx=+0.00)
  t= 66.3 ENG-GO pos=(-3.92,+1.31) yaw=+127.5 d=1.91 goal_err=-12 carrot_err=  -9 c0=1.56 clear=1.00 prog=0.25 rel=0.94 bal=+0.07 obs=221 hard=210 obsc=233 yr=  0  nz=0.06 flt=0.00 dmap=+1/-2 shz=4.0 plan=10 cmd=(lx=+0.00,ly=+0.28,rx=+0.00)
  t= 66.8 ENG-GO pos=(-3.94,+1.34) yaw=+127.5 d=1.88 goal_err=-13 carrot_err=  -9 c0=1.53 clear=1.00 prog=0.27 rel=0.94 bal=+0.06 obs=221 hard=210 obsc=233 yr=  0  nz=0.07 flt=0.01 dmap=+1/-0 shz=3.9 plan=10 cmd=(lx=+0.00,ly=+0.28,rx=+0.00)
  t= 67.2 ENG-GO pos=(-3.96,+1.37) yaw=+127.5 d=1.84 goal_err=-13 carrot_err= -10 c0=1.49 clear=0.99 prog=0.27 rel=0.92 bal=-0.01 obs=218 hard=209 obsc=230 yr=  0  nz=0.08 flt=0.00 dmap=+0/-0 shz=4.0 plan=9 cmd=(lx=+0.00,ly=+0.28,rx=+0.00)
  t= 67.6 ENG-GO pos=(-3.99,+1.40) yaw=+127.5 d=1.81 goal_err=-13 carrot_err= -10 c0=1.46 clear=0.97 prog=0.27 rel=0.93 bal=+0.01 obs=219 hard=210 obsc=230 yr=  0  nz=0.07 flt=0.00 dmap=+0/-0 shz=3.9 plan=9 cmd=(lx=+0.00,ly=+0.28,rx=+0.00)
  t= 68.1 ENG-GO pos=(-4.01,+1.42) yaw=+127.5 d=1.77 goal_err=-13 carrot_err= -11 c0=1.42 clear=0.95 prog=0.27 rel=0.94 bal=+0.01 obs=221 hard=213 obsc=233 yr=  0  nz=0.07 flt=0.01 dmap=+0/-0 shz=4.0 plan=9 cmd=(lx=+0.00,ly=+0.28,rx=+0.00)
  t= 68.5 ENG-GO pos=(-4.03,+1.45) yaw=+127.5 d=1.74 goal_err=-14 carrot_err= -11 c0=1.39 clear=0.93 prog=0.27 rel=0.94 bal=+0.02 obs=222 hard=212 obsc=233 yr=  0  nz=0.06 flt=0.00 dmap=+0/-0 shz=4.0 plan=9 cmd=(lx=+0.00,ly=+0.28,rx=+0.00)
  t= 69.0 ENG-GO pos=(-4.05,+1.48) yaw=+127.5 d=1.70 goal_err=-14 carrot_err= -12 c0=1.36 clear=0.90 prog=0.27 rel=0.95 bal=-0.01 obs=221 hard=212 obsc=233 yr=  0  nz=0.05 flt=0.00 dmap=+1/-2 shz=3.9 plan=9 cmd=(lx=+0.00,ly=+0.28,rx=+0.00)
  t= 69.4 ENG-GO pos=(-4.07,+1.51) yaw=+127.5 d=1.67 goal_err=-14 carrot_err= -12 c0=1.32 clear=0.88 prog=0.27 rel=0.94 bal=-0.51 obs=221 hard=213 obsc=234 yr=  0  nz=0.06 flt=0.01 dmap=+1/-2 shz=3.9 plan=9 cmd=(lx=+0.00,ly=+0.28,rx=+0.00)
  t= 69.8 ENG-GO pos=(-4.09,+1.54) yaw=+127.5 d=1.63 goal_err=-15 carrot_err=  -7 c0=1.29 clear=0.86 prog=0.26 rel=0.94 bal=-0.53 obs=222 hard=213 obsc=233 yr=  0  nz=0.06 flt=0.01 dmap=+0/-0 shz=4.0 plan=9 cmd=(lx=+0.00,ly=+0.28,rx=+0.00)
  t= 70.3 ENG-GO pos=(-4.12,+1.57) yaw=+127.5 d=1.60 goal_err=-15 carrot_err=  -7 c0=1.25 clear=0.84 prog=0.26 rel=0.94 bal=-0.54 obs=224 hard=214 obsc=236 yr=  0  nz=0.06 flt=0.00 dmap=+0/-0 shz=3.9 plan=8 cmd=(lx=+0.00,ly=+0.28,rx=+0.00)
  t= 70.7 ENG-GO pos=(-4.14,+1.60) yaw=+127.5 d=1.56 goal_err=-15 carrot_err=  -8 c0=1.22 clear=0.81 prog=0.26 rel=0.93 bal=-0.56 obs=226 hard=215 obsc=238 yr=  0  nz=0.07 flt=0.00 dmap=+0/-0 shz=4.0 plan=8 cmd=(lx=+0.00,ly=+0.28,rx=+0.00)
  t= 71.2 ENG-GO pos=(-4.16,+1.62) yaw=+127.5 d=1.53 goal_err=-16 carrot_err=  -8 c0=1.19 clear=0.79 prog=0.26 rel=0.94 bal=-0.57 obs=225 hard=214 obsc=237 yr=  0  nz=0.06 flt=0.00 dmap=+0/-1 shz=3.9 plan=8 cmd=(lx=+0.00,ly=+0.28,rx=+0.00)
  t= 71.6 ENG-GO pos=(-4.18,+1.65) yaw=+127.5 d=1.49 goal_err=-16 carrot_err=  -8 c0=1.16 clear=0.77 prog=0.26 rel=0.93 bal=-0.59 obs=228 hard=218 obsc=240 yr=  0  nz=0.07 flt=0.00 dmap=+3/-0 shz=4.0 plan=8 cmd=(lx=+0.00,ly=+0.28,rx=+0.00)
  t= 72.1 ENG-GO pos=(-4.20,+1.68) yaw=+127.5 d=1.46 goal_err=-16 carrot_err=  -9 c0=1.12 clear=0.75 prog=0.26 rel=0.94 bal=-0.45 obs=231 hard=221 obsc=242 yr=  0  nz=0.06 flt=0.00 dmap=+0/-0 shz=3.9 plan=8 cmd=(lx=+0.00,ly=+0.28,rx=+0.00)
  t= 72.5 ENG-GO pos=(-4.23,+1.71) yaw=+127.5 d=1.42 goal_err=-17 carrot_err=  -9 c0=1.19 clear=0.80 prog=0.26 rel=0.93 bal=-0.34 obs=233 hard=224 obsc=245 yr=  0  nz=0.07 flt=0.01 dmap=+0/-0 shz=4.0 plan=8 cmd=(lx=+0.00,ly=+0.28,rx=+0.00)
  t= 73.0 ENG-GO pos=(-4.25,+1.74) yaw=+127.5 d=1.39 goal_err=-17 carrot_err= -10 c0=1.16 clear=0.77 prog=0.26 rel=0.94 bal=-0.24 obs=234 hard=224 obsc=247 yr=  0  nz=0.07 flt=0.01 dmap=+1/-0 shz=3.9 plan=8 cmd=(lx=+0.00,ly=+0.28,rx=+0.00)
  t= 73.4 ENG-GO pos=(-4.27,+1.77) yaw=+127.5 d=1.35 goal_err=-18 carrot_err= -16 c0=1.13 clear=0.75 prog=0.26 rel=0.94 bal=+0.06 obs=238 hard=227 obsc=250 yr=  0  nz=0.06 flt=0.00 dmap=+3/-1 shz=4.0 plan=7 cmd=(lx=+0.00,ly=+0.28,rx=+0.00)
  t= 73.8 ENG-GO pos=(-4.29,+1.80) yaw=+127.5 d=1.32 goal_err=-18 carrot_err= -17 c0=1.09 clear=0.73 prog=0.26 rel=0.93 bal=-0.24 obs=238 hard=225 obsc=249 yr=  0  nz=0.07 flt=0.00 dmap=+1/-0 shz=3.9 plan=7 cmd=(lx=+0.00,ly=+0.28,rx=+0.00)
  t= 74.3 ENG-GO pos=(-4.31,+1.82) yaw=+127.5 d=1.29 goal_err=-19 carrot_err= -17 c0=1.06 clear=0.70 prog=0.26 rel=0.94 bal=-0.25 obs=236 hard=226 obsc=249 yr=  0  nz=0.06 flt=0.00 dmap=+0/-0 shz=4.0 plan=7 cmd=(lx=+0.00,ly=+0.28,rx=+0.00)
  t= 74.7 ENG-GO pos=(-4.34,+1.85) yaw=+127.5 d=1.25 goal_err=-19 carrot_err= -18 c0=1.02 clear=0.68 prog=0.26 rel=0.93 bal=-0.26 obs=235 hard=222 obsc=247 yr=  0  nz=0.07 flt=0.00 dmap=+0/-1 shz=4.0 plan=7 cmd=(lx=+0.00,ly=+0.28,rx=+0.00)
  [META2-DOOR] Door_Direct: CRUZADA (cols=0) -> Pl=1.00
  t= 75.2 DWA-F pos=(-4.35,+1.87) yaw=+127.5 d=1.23 goal_err=-20 carrot_err= -19 c0=1.00 clear=0.67 prog=0.24 rel=0.93 bal=-0.26 obs=235 hard=223 obsc=246 yr=  0  nz=0.07 flt=0.00 dmap=+0/-0 shz=4.0 plan=7 cmd=(lx=+0.00,ly=+0.40,rx=+0.00)
  t= 75.6 DWA-F pos=(-4.38,+1.91) yaw=+127.5 d=1.18 goal_err=-20 carrot_err= -12 c0=0.96 clear=0.64 prog=0.26 rel=0.94 bal=-0.37 obs=234 hard=222 obsc=245 yr=  0  nz=0.06 flt=0.00 dmap=+0/-0 shz=3.9 plan=7 cmd=(lx=+0.00,ly=+0.40,rx=+0.00)
  t= 76.0 DWA-F pos=(-4.41,+1.94) yaw=+127.5 d=1.14 goal_err=-21 carrot_err= -13 c0=0.92 clear=0.61 prog=0.27 rel=0.93 bal=-0.38 obs=236 hard=225 obsc=247 yr=  0  nz=0.07 flt=0.01 dmap=+0/-0 shz=4.0 plan=7 cmd=(lx=+0.00,ly=+0.40,rx=+0.00)
  t= 76.5 DWA-F pos=(-4.43,+1.98) yaw=+127.5 d=1.10 goal_err=-22 carrot_err= -13 c0=0.87 clear=0.58 prog=0.28 rel=0.93 bal=-0.38 obs=236 hard=224 obsc=247 yr=  0  nz=0.07 flt=0.02 dmap=+1/-0 shz=3.9 plan=6 cmd=(lx=+0.00,ly=+0.40,rx=+0.00)
  t= 76.9 DWA-F pos=(-4.45,+2.01) yaw=+127.5 d=1.07 goal_err=-23 carrot_err= -14 c0=0.84 clear=0.56 prog=0.29 rel=0.93 bal=-0.39 obs=238 hard=226 obsc=250 yr=  0  nz=0.07 flt=0.00 dmap=+4/-1 shz=4.0 plan=6 cmd=(lx=+0.00,ly=+0.40,rx=+0.00)
  t= 77.4 DWA-F pos=(-4.48,+2.04) yaw=+127.5 d=1.03 goal_err=-23 carrot_err= -15 c0=1.08 clear=0.72 prog=0.29 rel=0.86 bal=-0.54 obs=238 hard=224 obsc=249 yr=  0  nz=0.14 flt=0.00 dmap=+0/-0 shz=3.9 plan=6 cmd=(lx=+0.00,ly=+0.40,rx=+0.00)
  t= 77.8 DWA-F pos=(-4.51,+2.08) yaw=+127.5 d=0.99 goal_err=-25 carrot_err= -16 c0=1.03 clear=0.69 prog=0.29 rel=0.83 bal=-0.44 obs=236 hard=226 obsc=250 yr=  0  nz=0.17 flt=0.00 dmap=+0/-0 shz=4.0 plan=6 cmd=(lx=+0.00,ly=+0.40,rx=+0.00)
  t= 78.3 DWA-F pos=(-4.53,+2.11) yaw=+127.5 d=0.95 goal_err=-26 carrot_err= -21 c0=0.99 clear=0.66 prog=0.28 rel=0.84 bal=-0.44 obs=234 hard=224 obsc=242 yr=  0  nz=0.16 flt=0.01 dmap=+1/-1 shz=4.0 plan=6 cmd=(lx=+0.00,ly=+0.40,rx=+0.00)
  t= 78.7 DWA-F pos=(-4.56,+2.15) yaw=+127.5 d=0.91 goal_err=-27 carrot_err= -22 c0=0.95 clear=0.64 prog=0.30 rel=0.93 bal=-0.44 obs=235 hard=226 obsc=243 yr=  0  nz=0.07 flt=0.01 dmap=+2/-1 shz=4.0 plan=6 cmd=(lx=+0.00,ly=+0.40,rx=+0.00)
  t= 79.2 DWA-F pos=(-4.59,+2.18) yaw=+127.5 d=0.87 goal_err=-28 carrot_err= -23 c0=1.30 clear=0.87 prog=0.30 rel=0.92 bal=-0.44 obs=238 hard=229 obsc=245 yr=  0  nz=0.08 flt=0.03 dmap=+0/-0 shz=4.0 plan=6 cmd=(lx=+0.00,ly=+0.40,rx=+0.00)
  t= 79.6 DWA-F pos=(-4.62,+2.22) yaw=+127.5 d=0.83 goal_err=-30 carrot_err= -24 c0=1.26 clear=0.84 prog=0.29 rel=0.76 bal=-0.45 obs=238 hard=230 obsc=248 yr=  0  nz=0.24 flt=0.00 dmap=+0/-0 shz=4.0 plan=5 cmd=(lx=+0.00,ly=+0.40,rx=+0.00)
  t= 80.1 DWA-F pos=(-4.64,+2.25) yaw=+127.5 d=0.79 goal_err=-31 carrot_err= -26 c0=1.21 clear=0.81 prog=0.29 rel=0.76 bal=-0.45 obs=232 hard=225 obsc=241 yr=  0  nz=0.24 flt=0.00 dmap=+0/-0 shz=4.0 plan=5 cmd=(lx=+0.00,ly=+0.40,rx=+0.00)
  t= 80.5 DWA-F pos=(-4.67,+2.29) yaw=+127.5 d=0.75 goal_err=-33 carrot_err= -27 c0=1.17 clear=0.78 prog=0.29 rel=0.81 bal=-0.44 obs=234 hard=225 obsc=242 yr=  0  nz=0.19 flt=0.00 dmap=+2/-1 shz=4.0 plan=5 cmd=(lx=+0.00,ly=+0.40,rx=+0.00)
  t= 81.0 DWA-F pos=(-4.70,+2.32) yaw=+127.5 d=0.72 goal_err=-35 carrot_err= -29 c0=1.12 clear=0.75 prog=0.28 rel=0.91 bal=-0.45 obs=235 hard=226 obsc=243 yr=  0  nz=0.09 flt=0.02 dmap=+0/-0 shz=4.0 plan=4 cmd=(lx=+0.00,ly=+0.40,rx=+0.00)
  t= 81.4 DWA-F pos=(-4.72,+2.36) yaw=+124.3 d=0.68 goal_err=-34 carrot_err= -28 c0=1.08 clear=0.72 prog=0.28 rel=0.92 bal=-0.33 obs=236 hard=228 obsc=245 yr= 14G nz=0.08 flt=0.04 dmap=+0/-0 shz=3.9 plan=4 cmd=(lx=+0.00,ly=+0.40,rx=+0.45)
  t= 81.9 DWA-F pos=(-4.75,+2.40) yaw=+121.1 d=0.64 goal_err=-33 carrot_err= -26 c0=1.04 clear=0.69 prog=0.28 rel=0.91 bal=-0.33 obs=235 hard=226 obsc=243 yr=  0  nz=0.09 flt=0.06 dmap=+0/-0 shz=4.0 plan=4 cmd=(lx=+0.00,ly=+0.40,rx=+0.00)
  t= 82.3 DWA-F pos=(-4.77,+2.43) yaw=+121.1 d=0.61 goal_err=-35 carrot_err= -28 c0=0.99 clear=0.66 prog=0.27 rel=0.91 bal=-0.33 obs=235 hard=226 obsc=243 yr=  0G nz=0.09 flt=0.00 dmap=+0/-0 shz=3.9 plan=4 cmd=(lx=+0.00,ly=+0.40,rx=+0.45)
  t= 82.8 DWA-F pos=(-4.79,+2.47) yaw=+116.3 d=0.57 goal_err=-32 carrot_err= -25 c0=0.95 clear=0.63 prog=0.27 rel=0.90 bal=-0.32 obs=240 hard=230 obsc=248 yr=  0  nz=0.10 flt=0.02 dmap=+6/-1 shz=4.0 plan=4 cmd=(lx=+0.00,ly=+0.40,rx=+0.00)
  t= 83.2 DWA-F pos=(-4.81,+2.51) yaw=+113.1 d=0.53 goal_err=-32 carrot_err= -24 c0=0.91 clear=0.60 prog=0.28 rel=0.90 bal=-0.32 obs=240 hard=230 obsc=248 yr= 15  nz=0.10 flt=0.04 dmap=+0/-0 shz=4.0 plan=4 cmd=(lx=+0.00,ly=+0.40,rx=+0.00)
  t= 83.6 DWA-F pos=(-4.83,+2.55) yaw=+111.5 d=0.50 goal_err=-33 carrot_err= -25 c0=0.86 clear=0.58 prog=0.27 rel=0.92 bal=-0.32 obs=239 hard=229 obsc=248 yr= 14G nz=0.09 flt=0.00 dmap=+0/-0 shz=4.0 plan=4 cmd=(lx=+0.00,ly=+0.28,rx=+0.45)
  t= 84.1 DWA-T pos=(-4.84,+2.58) yaw=+106.6 d=0.48 goal_err=-30 carrot_err= -22 c0=1.00 clear=0.67 prog=0.25 rel=0.92 bal=-0.32 obs=239 hard=229 obsc=248 yr= 14G nz=0.08 flt=0.01 dmap=+0/-0 shz=4.0 plan=3 cmd=(lx=+0.00,ly=+0.00,rx=+0.00)
  t= 84.5 DWA-T pos=(-4.84,+2.59) yaw=+105.0 d=0.47 goal_err=-29 carrot_err= -20 c0=0.99 clear=0.66 prog=0.20 rel=0.92 bal=-0.32 obs=237 hard=228 obsc=245 yr=  0  nz=0.08 flt=0.00 dmap=+0/-0 shz=4.0 plan=3 cmd=(lx=+0.00,ly=+0.00,rx=+0.00)
  t= 85.0 DWA-T pos=(-4.84,+2.59) yaw=+105.0 d=0.47 goal_err=-29 carrot_err= -20 c0=0.99 clear=0.66 prog=0.13 rel=0.92 bal=-0.32 obs=237 hard=228 obsc=245 yr=  0  nz=0.08 flt=0.00 dmap=+0/-0 shz=4.0 plan=3 cmd=(lx=+0.00,ly=+0.00,rx=+0.00)
  t= 85.4 DWA-T pos=(-4.84,+2.59) yaw=+105.0 d=0.47 goal_err=-29 carrot_err= -20 c0=0.99 clear=0.66 prog=0.07 rel=0.92 bal=-0.32 obs=237 hard=228 obsc=245 yr=  0  nz=0.08 flt=0.00 dmap=+0/-0 shz=4.0 plan=0 cmd=(lx=+0.00,ly=+0.00,rx=+0.00)
  t= 85.9 BRK-BK pos=(-4.83,+2.56) yaw=+105.0 d=0.49 goal_err=-27 carrot_err= -19 c0=1.01 clear=0.68 prog=0.00 rel=0.99 bal=-0.32 obs=235 hard=225 obsc=242 yr=  0  nz=0.01 flt=0.00 dmap=+0/-0 shz=3.7 plan=0 cmd=(lx=+0.00,ly=-0.35,rx=+0.00)
  t= 86.3 BRK-TR pos=(-4.83,+2.54) yaw=+103.4 d=0.51 goal_err=-24 carrot_err= -17 c0=1.04 clear=0.69 prog=0.00 rel=0.97 bal=-0.33 obs=236 hard=226 obsc=243 yr= 15G nz=0.03 flt=0.08 dmap=+0/-0 shz=3.7 plan=0 cmd=(lx=+0.00,ly=+0.00,rx=+0.45)
  t= 86.7 BRK-TR pos=(-4.83,+2.54) yaw= +97.0 d=0.51 goal_err=-18 carrot_err= -10 c0=1.21 clear=0.81 prog=0.00 rel=0.97 bal=-0.33 obs=236 hard=226 obsc=243 yr= 15G nz=0.03 flt=0.01 dmap=+0/-0 shz=3.7 plan=0 cmd=(lx=+0.00,ly=+0.00,rx=+0.45)
  t= 87.2 BRK-TR pos=(-4.83,+2.54) yaw= +90.6 d=0.51 goal_err=-11 carrot_err=  -4 c0=1.15 clear=0.76 prog=0.00 rel=0.87 bal=-0.33 obs=236 hard=226 obsc=243 yr= 15G nz=0.13 flt=0.01 dmap=+0/-0 shz=3.7 plan=0 cmd=(lx=+0.00,ly=+0.00,rx=+0.45)
  t= 87.6 BRK-TR pos=(-4.83,+2.54) yaw= +85.9 d=0.51 goal_err=-7 carrot_err=  +1 c0=1.15 clear=0.76 prog=0.00 rel=0.88 bal=-0.21 obs=236 hard=226 obsc=243 yr= 14G nz=0.12 flt=0.03 dmap=+0/-0 shz=3.7 plan=0 cmd=(lx=+0.00,ly=+0.00,rx=+0.45)
  t= 88.0 BRK-TR pos=(-4.83,+2.54) yaw= +79.9 d=0.51 goal_err=-1 carrot_err=  +7 c0=1.15 clear=0.76 prog=0.00 rel=0.90 bal=-0.23 obs=236 hard=226 obsc=243 yr= 14G nz=0.10 flt=0.00 dmap=+0/-0 shz=3.7 plan=0 cmd=(lx=+0.00,ly=+0.00,rx=+0.45)
  t= 88.5 DWA-F pos=(-4.83,+2.54) yaw= +74.0 d=0.51 goal_err=+5 carrot_err= +13 c0=1.07 clear=0.71 prog=0.00 rel=0.92 bal=-0.23 obs=231 hard=224 obsc=243 yr= 13  nz=0.08 flt=0.00 dmap=+1/-6 shz=3.7 plan=3 cmd=(lx=+0.00,ly=+0.40,rx=+0.00)
  t= 88.9 DWA-F pos=(-4.82,+2.56) yaw= +74.0 d=0.48 goal_err=+5 carrot_err= +14 c0=1.04 clear=0.69 prog=0.05 rel=0.92 bal=-0.24 obs=230 hard=224 obsc=241 yr=  0  nz=0.08 flt=0.05 dmap=+0/-0 shz=3.7 plan=3 cmd=(lx=+0.00,ly=+0.40,rx=+0.00)
  t= 89.4 DWA-F pos=(-4.81,+2.58) yaw= +74.0 d=0.46 goal_err=+6 carrot_err= +14 c0=1.02 clear=0.68 prog=0.08 rel=0.92 bal=-0.24 obs=229 hard=221 obsc=237 yr=  0  nz=0.08 flt=0.00 dmap=+0/-0 shz=3.7 plan=3 cmd=(lx=+0.00,ly=+0.40,rx=+0.00)
  t= 89.8 DWA-T pos=(-4.81,+2.61) yaw= +74.0 d=0.44 goal_err=+6 carrot_err= +15 c0=0.99 clear=0.66 prog=0.13 rel=0.95 bal=-0.25 obs=227 hard=221 obsc=238 yr=  0  nz=0.05 flt=0.03 dmap=+1/-2 shz=3.7 plan=3 cmd=(lx=+0.00,ly=+0.00,rx=+0.00)
  t= 90.3 DWA-T pos=(-4.81,+2.61) yaw= +74.0 d=0.44 goal_err=+6 carrot_err= +15 c0=0.99 clear=0.66 prog=0.14 rel=0.95 bal=-0.25 obs=227 hard=221 obsc=238 yr=  0  nz=0.05 flt=0.03 dmap=+0/-0 shz=3.7 plan=3 cmd=(lx=+0.00,ly=+0.00,rx=+0.00)
  t= 90.7 DWA-T pos=(-4.81,+2.61) yaw= +74.0 d=0.44 goal_err=+6 carrot_err= +15 c0=0.99 clear=0.66 prog=0.10 rel=0.95 bal=-0.25 obs=227 hard=221 obsc=238 yr=  0  nz=0.05 flt=0.03 dmap=+0/-0 shz=3.7 plan=3 cmd=(lx=+0.00,ly=+0.00,rx=+0.00)
  t= 91.1 BRK-BK pos=(-4.81,+2.61) yaw= +74.0 d=0.44 goal_err=+6 carrot_err= +15 c0=0.99 clear=0.66 prog=0.07 rel=0.95 bal=-0.25 obs=227 hard=221 obsc=238 yr=  0  nz=0.05 flt=0.03 dmap=+0/-0 shz=3.7 plan=0 cmd=(lx=+0.00,ly=-0.35,rx=+0.00)
  t= 91.6 BRK-TR pos=(-4.82,+2.58) yaw= +74.0 d=0.47 goal_err=+6 carrot_err= +14 c0=1.03 clear=0.69 prog=0.00 rel=0.99 bal=-0.24 obs=227 hard=219 obsc=236 yr=  0G nz=0.01 flt=0.00 dmap=+0/-0 shz=3.4 plan=0 cmd=(lx=+0.00,ly=+0.00,rx=+0.45)
  t= 92.0 BRK-TR pos=(-4.82,+2.56) yaw= +69.5 d=0.48 goal_err=+10 carrot_err= +18 c0=1.04 clear=0.69 prog=0.00 rel=0.97 bal=-0.24 obs=227 hard=219 obsc=236 yr= 13G nz=0.03 flt=0.01 dmap=+0/-0 shz=3.4 plan=0 cmd=(lx=+0.00,ly=+0.00,rx=+0.45)
  t= 92.5 BRK-TR pos=(-4.82,+2.56) yaw= +63.6 d=0.48 goal_err=+16 carrot_err= +24 c0=1.04 clear=0.69 prog=0.00 rel=0.97 bal=-0.15 obs=227 hard=219 obsc=236 yr= 14G nz=0.03 flt=0.05 dmap=+0/-0 shz=3.4 plan=0 cmd=(lx=+0.00,ly=+0.00,rx=+0.45)
  t= 92.9 BRK-TR pos=(-4.82,+2.56) yaw= +57.6 d=0.48 goal_err=+22 carrot_err= +30 c0=1.04 clear=0.69 prog=0.00 rel=0.98 bal=-0.15 obs=227 hard=219 obsc=236 yr= 13G nz=0.02 flt=0.00 dmap=+0/-0 shz=3.4 plan=0 cmd=(lx=+0.00,ly=+0.00,rx=+0.45)
  t= 93.3 BRK-TR pos=(-4.82,+2.56) yaw= +51.6 d=0.48 goal_err=+28 carrot_err= +36 c0=1.04 clear=0.69 prog=0.00 rel=0.98 bal=-0.15 obs=228 hard=220 obsc=237 yr= 13G nz=0.02 flt=0.00 dmap=+1/-0 shz=3.4 plan=0 cmd=(lx=+0.00,ly=+0.00,rx=+0.45)
  t= 93.8 BRK-TR pos=(-4.82,+2.56) yaw= +45.7 d=0.48 goal_err=+34 carrot_err= +42 c0=1.04 clear=0.69 prog=0.00 rel=0.99 bal=+0.02 obs=228 hard=220 obsc=237 yr= 14G nz=0.01 flt=0.00 dmap=+0/-0 shz=3.4 plan=0 cmd=(lx=+0.00,ly=+0.00,rx=+0.45)
  t= 94.2 DWA-F pos=(-4.81,+2.57) yaw= +45.7 d=0.47 goal_err=+35 carrot_err= +43 c0=1.03 clear=0.69 prog=0.02 rel=0.98 bal=+0.02 obs=228 hard=220 obsc=237 yr= 13G nz=0.02 flt=0.12 dmap=+0/-0 shz=3.4 plan=3 cmd=(lx=+0.00,ly=+0.28,rx=-0.45)
  t= 94.7 DWA-F pos=(-4.79,+2.59) yaw= +51.6 d=0.45 goal_err=+31 carrot_err= +40 c0=1.00 clear=0.67 prog=0.06 rel=0.96 bal=-0.14 obs=229 hard=221 obsc=238 yr= 13G nz=0.04 flt=0.02 dmap=+0/-0 shz=3.4 plan=3 cmd=(lx=+0.00,ly=+0.28,rx=-0.45)
  t= 95.1 DWA-F pos=(-4.77,+2.62) yaw= +57.6 d=0.43 goal_err=+27 carrot_err= +36 c0=0.97 clear=0.65 prog=0.10 rel=0.95 bal=-0.13 obs=229 hard=221 obsc=238 yr= 14G nz=0.05 flt=0.00 dmap=+0/-0 shz=3.4 plan=3 cmd=(lx=+0.00,ly=+0.28,rx=-0.45)

  >>> MODO AGRESIVO ON (12s sin acercarse a B): reduzco inflado y holgura (min seguridad 0.24m) para cruzar la puerta.
  t= 95.6 AGR-DWA-T pos=(-4.76,+2.64) yaw= +63.6 d=0.40 goal_err=+22 carrot_err= +33 c0=0.94 clear=0.63 prog=0.15 rel=0.90 bal=-0.21 obs=230 hard=222 obsc=239 yr= 13G nz=0.07 flt=0.04 dmap=+0/-0 shz=3.4 plan=3 cmd=(lx=+0.00,ly=+0.00,rx=+0.00)
  t= 96.0 AGR-DWA-T pos=(-4.76,+2.65) yaw= +65.0 d=0.39 goal_err=+21 carrot_err= +32 c0=0.94 clear=0.62 prog=0.15 rel=0.93 bal=-0.21 obs=217 hard=209 obsc=226 yr=  0  nz=0.07 flt=0.01 dmap=+0/-0 shz=3.4 plan=3 cmd=(lx=+0.00,ly=+0.00,rx=+0.00)
  t= 96.5 AGR-DWA-T pos=(-4.76,+2.65) yaw= +65.0 d=0.39 goal_err=+21 carrot_err= +32 c0=0.94 clear=0.62 prog=0.11 rel=0.93 bal=-0.21 obs=217 hard=209 obsc=226 yr=  0  nz=0.07 flt=0.01 dmap=+0/-0 shz=3.4 plan=3 cmd=(lx=+0.00,ly=+0.00,rx=+0.00)
  t= 96.9 AGR-DWA-T pos=(-4.76,+2.65) yaw= +65.0 d=0.39 goal_err=+21 carrot_err= +32 c0=0.94 clear=0.62 prog=0.07 rel=0.93 bal=-0.21 obs=217 hard=209 obsc=226 yr=  0  nz=0.07 flt=0.01 dmap=+0/-0 shz=3.4 plan=0 cmd=(lx=+0.00,ly=+0.00,rx=+0.00)
  t= 97.3 AGR-BRK-BK pos=(-4.77,+2.62) yaw= +65.0 d=0.42 goal_err=+20 carrot_err= +30 c0=0.96 clear=0.64 prog=0.00 rel=0.93 bal=-0.21 obs=215 hard=207 obsc=223 yr=  0  nz=0.07 flt=0.00 dmap=+1/-3 shz=3.2 plan=0 cmd=(lx=+0.00,ly=-0.35,rx=+0.00)
  t= 97.8 AGR-BRK-TR pos=(-4.78,+2.60) yaw= +62.1 d=0.44 goal_err=+22 carrot_err= +31 c0=0.99 clear=0.66 prog=0.00 rel=0.98 bal=-0.13 obs=215 hard=207 obsc=223 yr= 14G nz=0.02 flt=0.04 dmap=+0/-0 shz=3.2 plan=0 cmd=(lx=+0.00,ly=+0.00,rx=+0.45)
  t= 98.2 AGR-BRK-TR pos=(-4.78,+2.60) yaw= +57.6 d=0.44 goal_err=+26 carrot_err= +36 c0=0.99 clear=0.66 prog=0.00 rel=0.98 bal=-0.13 obs=215 hard=207 obsc=223 yr= 13G nz=0.02 flt=0.00 dmap=+0/-0 shz=3.2 plan=0 cmd=(lx=+0.00,ly=+0.00,rx=+0.45)
  t= 98.7 AGR-BRK-TR pos=(-4.78,+2.60) yaw= +51.6 d=0.44 goal_err=+32 carrot_err= +42 c0=0.99 clear=0.66 prog=0.00 rel=0.98 bal=-0.13 obs=215 hard=207 obsc=223 yr= 13G nz=0.02 flt=0.05 dmap=+0/-0 shz=3.2 plan=0 cmd=(lx=+0.00,ly=+0.00,rx=+0.45)
  t= 99.1 AGR-BRK-TR pos=(-4.78,+2.60) yaw= +45.7 d=0.44 goal_err=+38 carrot_err= +48 c0=0.99 clear=0.66 prog=0.00 rel=0.98 bal=+0.02 obs=215 hard=207 obsc=223 yr= 13G nz=0.02 flt=0.00 dmap=+0/-0 shz=3.2 plan=0 cmd=(lx=+0.00,ly=+0.00,rx=+0.45)
  t= 99.6 AGR-BRK-TR pos=(-4.78,+2.60) yaw= +39.7 d=0.44 goal_err=+44 carrot_err= +54 c0=0.99 clear=0.66 prog=0.00 rel=0.98 bal=+0.07 obs=215 hard=207 obsc=223 yr= 13G nz=0.01 flt=0.00 dmap=+0/-0 shz=3.2 plan=0 cmd=(lx=+0.00,ly=+0.00,rx=+0.45)
  t=100.0 AGR-DWA-F pos=(-4.78,+2.60) yaw= +33.8 d=0.44 goal_err=+50 carrot_err= +59 c0=0.99 clear=0.66 prog=0.00 rel=0.99 bal=+0.06 obs=216 hard=209 obsc=224 yr= 13G nz=0.01 flt=0.00 dmap=+0/-0 shz=3.2 plan=3 cmd=(lx=+0.00,ly=+0.28,rx=-0.45)
  t=100.4 AGR-DWA-F pos=(-4.75,+2.62) yaw= +39.7 d=0.42 goal_err=+47 carrot_err= +57 c0=0.96 clear=0.64 prog=0.03 rel=0.97 bal=+0.07 obs=216 hard=209 obsc=224 yr= 13G nz=0.03 flt=0.01 dmap=+0/-0 shz=3.2 plan=3 cmd=(lx=+0.00,ly=+0.28,rx=-0.45)
  t=100.9 AGR-DWA-F pos=(-4.73,+2.64) yaw= +45.7 d=0.40 goal_err=+44 carrot_err= +55 c0=0.93 clear=0.62 prog=0.07 rel=0.96 bal=+0.03 obs=216 hard=209 obsc=224 yr= 14G nz=0.04 flt=0.05 dmap=+0/-0 shz=3.2 plan=3 cmd=(lx=+0.00,ly=+0.28,rx=-0.45)
  t=101.4 AGR-DWA-F pos=(-4.72,+2.66) yaw= +51.6 d=0.38 goal_err=+41 carrot_err= +52 c0=0.90 clear=0.60 prog=0.10 rel=0.94 bal=-0.01 obs=216 hard=209 obsc=224 yr= 13G nz=0.06 flt=0.01 dmap=+0/-0 shz=3.2 plan=3 cmd=(lx=+0.00,ly=+0.28,rx=-0.45)
  t=101.8 AGR-DWA-F pos=(-4.70,+2.68) yaw= +57.6 d=0.36 goal_err=+37 carrot_err= +50 c0=0.88 clear=0.58 prog=0.14 rel=0.92 bal=-0.06 obs=217 hard=210 obsc=225 yr= 14G nz=0.07 flt=0.19 dmap=+0/-0 shz=3.2 plan=3 cmd=(lx=+0.00,ly=+0.28,rx=-0.45)

  LLEGADO a 'B' (-4.73,+3.04); error=0.34 m, colisiones=0.
  [spill] derrames=0 E[N]=0.00 eta_max=0.92 riesgo=0.9%
  [dataset] travesia guardada -> /Users/adrianlendinezibanez/Claude/Projects/G1 ROBOT/dataset/20260708_140214_ours_B.json
  [stats] fila anadida -> /Users/adrianlendinezibanez/Claude/Projects/G1 ROBOT/dataset/runs_stats.csv

Fin goto.
  [META2-L2] estado guardado (meta2_state_abfull.json): Pl={'Efficient_Nav': 1.0, 'Cautious_Nav': 1.0} derrames_run=0
  backend grafico: TkAgg
>>> SIM ADAPTER: conectando a rosbridge ws://localhost:8765 ...
  esperando /odom (hasta 30s; el mundo del lab tarda en cargar)... ok
  /odom OK pose=(+0.99,+0.57) | /scan: OK
  escenario LAB: mapa/waypoints/puerta REALES (lab.world solo-paredes, frame G1)

>>> GOTO 'B' -> (-4.73,+3.04). Mando en mano (L2+B). Ctrl+C aborta.
    ENTORNO: SIM (id: lab_v1_ab_full)  — esta run se registra como SIMULACION, no cuenta como run de robot
  Esperando pose localizada y primera nube... ok.
  FRAME-CHECK start=(+0.99,+0.57) wp_mas_cercano=A(+0.99,+0.57) offset=0.00m  -> frame OK (pose y waypoints alineados)
  [spill] payload de agua simulado (semilla=20260708_141200_ours_B.json)
  [META2-DOOR] variante de engagement: Door_Direct (Pl={Door_Direct:1.00, Door_Far:1.00, Door_BiasPlus:1.00})
  META2 ACTIVO (techo por analogia): Meta-Reasoner 2.0, analogia inicial Cautious_Nav

  !!!!!!!!!!!!!!!!!!!!!!!!!!!!!!!!!!!!!!!!!!!!!!!!!!!!!!!!!!!!!!!!!!!!!!!!!!
  !!  VISION OFF (G1_PERC sin definir) pero G1_NOVIS=1: navego SIN vision bajo tu responsabilidad.
  !!  La MESA invisible al LiDAR no se vera.
  !!!!!!!!!!!!!!!!!!!!!!!!!!!!!!!!!!!!!!!!!!!!!!!!!!!!!!!!!!!!!!!!!!!!!!!!!!

  mapa de referencia: 961 celdas | muebles estaticos (nav_map): 0 celdas | plan global: static
  t=  0.0 DWA-F pos=(+0.99,+0.57) yaw=-120.3 d=6.23 goal_err=-83 carrot_err= -62 c0=2.25 clear=1.00 prog=0.00 rel=1.00 bal=+0.19 obs=108 hard=108 obsc=108 yr=  0  nz=0.00 flt=0.19 dmap=+108/-0 shz=0.0 plan=34 cmd=(lx=+0.00,ly=+0.40,rx=+0.45)
  t=  0.4 DWA-F pos=(+0.97,+0.54) yaw=-123.5 d=6.23 goal_err=-80 carrot_err= -61 c0=2.22 clear=1.00 prog=0.03 rel=1.00 bal=+0.28 obs=111 hard=111 obsc=111 yr= 14G nz=0.00 flt=0.02 dmap=+0/-0 shz=4.6 plan=34 cmd=(lx=+0.00,ly=+0.40,rx=+0.45)
  t=  0.9 DWA-F pos=(+0.94,+0.50) yaw=-129.9 d=6.21 goal_err=-74 carrot_err= -58 c0=2.22 clear=1.00 prog=0.06 rel=0.96 bal=+0.40 obs=111 hard=111 obsc=111 yr= 14G nz=0.04 flt=0.00 dmap=+0/-0 shz=4.5 plan=34 cmd=(lx=+0.00,ly=+0.40,rx=+0.45)
  t=  1.3 DWA-F pos=(+0.90,+0.45) yaw=-136.4 d=6.20 goal_err=-68 carrot_err= -40 c0=2.24 clear=1.00 prog=0.09 rel=0.95 bal=+0.41 obs=111 hard=111 obsc=111 yr= 15G nz=0.05 flt=0.11 dmap=+0/-0 shz=4.1 plan=34 cmd=(lx=+0.00,ly=+0.40,rx=+0.45)
  t=  1.8 DWA-F pos=(+0.85,+0.41) yaw=-142.8 d=6.17 goal_err=-62 carrot_err= -36 c0=2.50 clear=1.00 prog=0.11 rel=0.84 bal=+0.41 obs=111 hard=111 obsc=111 yr= 14G nz=0.16 flt=0.02 dmap=+0/-0 shz=4.2 plan=33 cmd=(lx=+0.00,ly=+0.40,rx=+0.00)
  t=  2.2 DWA-F pos=(+0.81,+0.38) yaw=-144.4 d=6.14 goal_err=-61 carrot_err= -37 c0=2.50 clear=1.00 prog=0.15 rel=0.79 bal=+0.42 obs=125 hard=125 obsc=152 yr=  0G nz=0.21 flt=0.03 dmap=+0/-0 shz=4.1 plan=33 cmd=(lx=+0.00,ly=+0.40,rx=+0.45)
  t=  2.7 DWA-F pos=(+0.76,+0.35) yaw=-150.8 d=6.12 goal_err=-55 carrot_err= -33 c0=2.50 clear=1.00 prog=0.17 rel=0.80 bal=+0.43 obs=155 hard=133 obsc=163 yr= 29  nz=0.20 flt=0.13 dmap=+30/-0 shz=4.1 plan=33 cmd=(lx=+0.00,ly=+0.40,rx=+0.00)
  t=  3.1 DWA-F pos=(+0.74,+0.34) yaw=-150.8 d=6.10 goal_err=-56 carrot_err= -34 c0=2.50 clear=1.00 prog=0.17 rel=0.99 bal=+0.43 obs=159 hard=138 obsc=169 yr=  0  nz=0.01 flt=0.04 dmap=+0/-0 shz=4.0 plan=33 cmd=(lx=+0.00,ly=+0.40,rx=+0.00)
  t=  3.5 DWA-F pos=(+0.71,+0.32) yaw=-150.8 d=6.08 goal_err=-56 carrot_err= -36 c0=2.50 clear=1.00 prog=0.17 rel=0.98 bal=+0.43 obs=166 hard=141 obsc=174 yr=  0  nz=0.02 flt=0.00 dmap=+0/-0 shz=4.1 plan=33 cmd=(lx=+0.00,ly=+0.40,rx=+0.45)
  t=  4.0 DWA-F pos=(+0.67,+0.30) yaw=-152.4 d=6.05 goal_err=-55 carrot_err= -34 c0=2.50 clear=1.00 prog=0.17 rel=0.98 bal=+0.44 obs=168 hard=149 obsc=173 yr=  0  nz=0.02 flt=0.01 dmap=+2/-0 shz=4.0 plan=33 cmd=(lx=+0.00,ly=+0.40,rx=+0.00)
  t=  4.4 DWA-F pos=(+0.63,+0.28) yaw=-152.4 d=6.03 goal_err=-55 carrot_err= -36 c0=2.50 clear=1.00 prog=0.18 rel=0.99 bal=+0.36 obs=171 hard=158 obsc=175 yr=  0  nz=0.01 flt=0.00 dmap=+2/-0 shz=4.1 plan=33 cmd=(lx=+0.00,ly=+0.40,rx=+0.00)
  t=  4.9 DWA-F pos=(+0.60,+0.26) yaw=-152.4 d=6.01 goal_err=-55 carrot_err= -23 c0=2.50 clear=1.00 prog=0.17 rel=0.99 bal=+0.37 obs=173 hard=165 obsc=178 yr=  0  nz=0.01 flt=0.01 dmap=+0/-0 shz=4.0 plan=32 cmd=(lx=+0.00,ly=+0.40,rx=+0.00)
  t=  5.3 DWA-F pos=(+0.56,+0.24) yaw=-152.4 d=5.98 goal_err=-55 carrot_err= -25 c0=2.50 clear=1.00 prog=0.18 rel=0.99 bal=+0.37 obs=175 hard=165 obsc=178 yr=  0  nz=0.01 flt=0.00 dmap=+0/-0 shz=4.0 plan=32 cmd=(lx=+0.00,ly=+0.40,rx=+0.00)
  t=  5.8 DWA-F pos=(+0.52,+0.22) yaw=-152.4 d=5.96 goal_err=-56 carrot_err= -26 c0=2.50 clear=1.00 prog=0.18 rel=0.99 bal=+0.38 obs=175 hard=166 obsc=178 yr=  0  nz=0.01 flt=0.01 dmap=+0/-0 shz=4.0 plan=32 cmd=(lx=+0.00,ly=+0.40,rx=+0.00)
  t=  6.2 DWA-F pos=(+0.48,+0.20) yaw=-152.4 d=5.93 goal_err=-56 carrot_err= -28 c0=2.50 clear=1.00 prog=0.18 rel=0.99 bal=+0.39 obs=176 hard=168 obsc=179 yr=  0  nz=0.01 flt=0.02 dmap=+1/-0 shz=4.0 plan=31 cmd=(lx=+0.00,ly=+0.40,rx=+0.00)
  t=  6.6 DWA-F pos=(+0.44,+0.18) yaw=-152.4 d=5.91 goal_err=-57 carrot_err= -29 c0=2.50 clear=1.00 prog=0.19 rel=0.99 bal=+0.40 obs=176 hard=168 obsc=180 yr=  0  nz=0.01 flt=0.00 dmap=+0/-0 shz=4.0 plan=31 cmd=(lx=+0.00,ly=+0.40,rx=+0.00)
  t=  7.1 DWA-F pos=(+0.40,+0.16) yaw=-152.4 d=5.89 goal_err=-57 carrot_err= -31 c0=2.50 clear=1.00 prog=0.19 rel=0.99 bal=+0.41 obs=178 hard=168 obsc=181 yr=  0  nz=0.01 flt=0.00 dmap=+0/-0 shz=4.0 plan=31 cmd=(lx=+0.00,ly=+0.40,rx=+0.00)
  t=  7.5 DWA-F pos=(+0.35,+0.13) yaw=-152.4 d=5.86 goal_err=-57 carrot_err= -33 c0=2.48 clear=1.00 prog=0.19 rel=0.99 bal=+0.42 obs=178 hard=168 obsc=181 yr=  0  nz=0.01 flt=0.00 dmap=+1/-0 shz=4.0 plan=31 cmd=(lx=+0.00,ly=+0.40,rx=+0.00)
  t=  8.0 DWA-F pos=(+0.31,+0.11) yaw=-152.4 d=5.83 goal_err=-58 carrot_err= -35 c0=2.44 clear=1.00 prog=0.19 rel=0.96 bal=+0.43 obs=178 hard=170 obsc=182 yr=  0  nz=0.04 flt=0.00 dmap=+0/-1 shz=4.0 plan=31 cmd=(lx=+0.00,ly=+0.40,rx=+0.00)
  t=  8.4 DWA-F pos=(+0.27,+0.09) yaw=-152.4 d=5.81 goal_err=-58 carrot_err= -22 c0=2.40 clear=1.00 prog=0.19 rel=0.94 bal=+0.43 obs=179 hard=170 obsc=182 yr=  0  nz=0.06 flt=0.00 dmap=+0/-0 shz=4.0 plan=31 cmd=(lx=+0.00,ly=+0.40,rx=+0.00)
  t=  8.9 DWA-F pos=(+0.23,+0.07) yaw=-152.4 d=5.79 goal_err=-58 carrot_err= -23 c0=2.36 clear=1.00 prog=0.19 rel=0.92 bal=+0.36 obs=179 hard=170 obsc=182 yr=  0  nz=0.08 flt=0.00 dmap=+0/-0 shz=4.0 plan=31 cmd=(lx=+0.00,ly=+0.40,rx=+0.00)
  t=  9.3 DWA-F pos=(+0.20,+0.05) yaw=-152.4 d=5.76 goal_err=-59 carrot_err= -24 c0=2.44 clear=1.00 prog=0.17 rel=0.93 bal=+0.36 obs=181 hard=173 obsc=184 yr=  0  nz=0.07 flt=0.01 dmap=+0/-0 shz=4.0 plan=30 cmd=(lx=+0.00,ly=+0.40,rx=+0.00)
  t=  9.8 DWA-F pos=(+0.16,+0.03) yaw=-152.4 d=5.74 goal_err=-59 carrot_err= -25 c0=2.40 clear=1.00 prog=0.17 rel=0.93 bal=+0.37 obs=180 hard=173 obsc=186 yr=  0  nz=0.07 flt=0.01 dmap=+0/-2 shz=4.0 plan=30 cmd=(lx=+0.00,ly=+0.40,rx=+0.00)
  t= 10.2 DWA-F pos=(+0.12,+0.01) yaw=-152.4 d=5.72 goal_err=-60 carrot_err= -27 c0=2.36 clear=1.00 prog=0.17 rel=0.93 bal=+0.37 obs=181 hard=173 obsc=185 yr=  0  nz=0.07 flt=0.00 dmap=+1/-0 shz=4.0 plan=30 cmd=(lx=+0.00,ly=+0.40,rx=+0.00)
  t= 10.7 DWA-F pos=(+0.08,-0.01) yaw=-152.4 d=5.69 goal_err=-60 carrot_err= -28 c0=2.32 clear=1.00 prog=0.17 rel=0.92 bal=+0.35 obs=183 hard=176 obsc=188 yr=  0  nz=0.08 flt=0.00 dmap=+0/-0 shz=4.0 plan=30 cmd=(lx=+0.00,ly=+0.40,rx=+0.00)
  t= 11.1 DWA-F pos=(+0.05,-0.03) yaw=-152.4 d=5.68 goal_err=-60 carrot_err= -29 c0=2.29 clear=1.00 prog=0.16 rel=0.93 bal=+0.37 obs=185 hard=177 obsc=188 yr=  0  nz=0.07 flt=0.01 dmap=+0/-0 shz=4.0 plan=29 cmd=(lx=+0.00,ly=+0.40,rx=+0.00)
  t= 11.6 DWA-F pos=(+0.01,-0.05) yaw=-152.4 d=5.66 goal_err=-61 carrot_err= -31 c0=2.25 clear=1.00 prog=0.16 rel=0.92 bal=+0.38 obs=184 hard=176 obsc=188 yr=  0  nz=0.08 flt=0.00 dmap=+0/-1 shz=4.0 plan=29 cmd=(lx=+0.00,ly=+0.40,rx=+0.00)
  t= 12.0 DWA-F pos=(-0.03,-0.07) yaw=-152.4 d=5.63 goal_err=-61 carrot_err= -33 c0=2.21 clear=1.00 prog=0.15 rel=0.92 bal=+0.40 obs=187 hard=179 obsc=191 yr=  0  nz=0.08 flt=0.00 dmap=+2/-0 shz=4.0 plan=29 cmd=(lx=+0.00,ly=+0.40,rx=+0.00)
  t= 12.5 DWA-F pos=(-0.07,-0.09) yaw=-152.4 d=5.61 goal_err=-61 carrot_err= -35 c0=2.17 clear=1.00 prog=0.15 rel=0.91 bal=+0.41 obs=188 hard=179 obsc=191 yr=  0  nz=0.09 flt=0.01 dmap=+0/-0 shz=4.0 plan=29 cmd=(lx=+0.00,ly=+0.40,rx=+0.00)
  t= 12.9 DWA-F pos=(-0.11,-0.11) yaw=-152.4 d=5.59 goal_err=-62 carrot_err= -35 c0=2.18 clear=1.00 prog=0.15 rel=0.92 bal=+0.42 obs=186 hard=177 obsc=191 yr=  0  nz=0.08 flt=0.00 dmap=+0/-0 shz=4.0 plan=29 cmd=(lx=+0.00,ly=+0.40,rx=+0.00)
  t= 13.4 DWA-F pos=(-0.15,-0.13) yaw=-152.4 d=5.57 goal_err=-62 carrot_err= -36 c0=2.14 clear=1.00 prog=0.16 rel=0.93 bal=+0.42 obs=186 hard=177 obsc=191 yr=  0  nz=0.07 flt=0.01 dmap=+0/-1 shz=4.0 plan=29 cmd=(lx=+0.00,ly=+0.40,rx=+0.00)
  t= 13.8 DWA-F pos=(-0.19,-0.15) yaw=-152.4 d=5.55 goal_err=-63 carrot_err= -38 c0=2.09 clear=1.00 prog=0.16 rel=0.95 bal=+0.43 obs=186 hard=178 obsc=190 yr=  0  nz=0.05 flt=0.01 dmap=+2/-0 shz=4.0 plan=29 cmd=(lx=+0.00,ly=+0.40,rx=+0.00)
  t= 14.3 DWA-F pos=(-0.22,-0.17) yaw=-154.0 d=5.54 goal_err=-61 carrot_err= -38 c0=2.06 clear=1.00 prog=0.14 rel=0.94 bal=+0.43 obs=186 hard=178 obsc=190 yr= 15G nz=0.06 flt=0.00 dmap=+0/-0 shz=4.0 plan=28 cmd=(lx=+0.00,ly=+0.40,rx=+0.00)
  t= 14.7 DWA-F pos=(-0.26,-0.18) yaw=-157.2 d=5.51 goal_err=-59 carrot_err= -37 c0=2.02 clear=1.00 prog=0.15 rel=0.92 bal=+0.43 obs=200 hard=192 obsc=204 yr=  0  nz=0.08 flt=0.01 dmap=+0/-0 shz=4.0 plan=28 cmd=(lx=+0.00,ly=+0.40,rx=+0.00)
  t= 15.2 DWA-F pos=(-0.30,-0.20) yaw=-158.8 d=5.49 goal_err=-57 carrot_err= -37 c0=1.97 clear=1.00 prog=0.15 rel=0.91 bal=+0.43 obs=201 hard=193 obsc=206 yr= 14G nz=0.09 flt=0.00 dmap=+0/-0 shz=4.0 plan=28 cmd=(lx=+0.00,ly=+0.40,rx=+0.00)
  t= 15.6 DWA-F pos=(-0.34,-0.22) yaw=-160.4 d=5.47 goal_err=-56 carrot_err= -34 c0=1.93 clear=1.00 prog=0.16 rel=0.91 bal=+0.44 obs=200 hard=195 obsc=206 yr=  0G nz=0.09 flt=0.02 dmap=+0/-0 shz=4.0 plan=27 cmd=(lx=+0.00,ly=+0.40,rx=+0.00)
  t= 16.1 DWA-F pos=(-0.38,-0.23) yaw=-162.0 d=5.44 goal_err=-55 carrot_err= -34 c0=1.88 clear=1.00 prog=0.18 rel=0.91 bal=+0.50 obs=197 hard=194 obsc=204 yr=  0  nz=0.09 flt=0.01 dmap=+1/-4 shz=4.0 plan=27 cmd=(lx=+0.00,ly=+0.40,rx=+0.00)
  t= 16.5 DWA-F pos=(-0.43,-0.24) yaw=-162.0 d=5.41 goal_err=-55 carrot_err= -36 c0=1.84 clear=1.00 prog=0.18 rel=0.92 bal=+0.50 obs=196 hard=190 obsc=201 yr=  0  nz=0.08 flt=0.01 dmap=+0/-0 shz=4.0 plan=27 cmd=(lx=+0.00,ly=+0.40,rx=+0.00)
  t= 17.0 DWA-F pos=(-0.46,-0.25) yaw=-162.0 d=5.40 goal_err=-56 carrot_err= -37 c0=1.81 clear=1.00 prog=0.17 rel=0.92 bal=+0.51 obs=196 hard=189 obsc=200 yr=  0  nz=0.09 flt=0.00 dmap=+0/-0 shz=3.9 plan=27 cmd=(lx=+0.00,ly=+0.40,rx=+0.00)
  t= 17.4 DWA-F pos=(-0.50,-0.27) yaw=-163.6 d=5.37 goal_err=-54 carrot_err= -37 c0=1.77 clear=1.00 prog=0.18 rel=0.92 bal=+0.51 obs=198 hard=191 obsc=201 yr= 14G nz=0.08 flt=0.13 dmap=+0/-0 shz=3.9 plan=27 cmd=(lx=+0.00,ly=+0.40,rx=+0.45)
  t= 17.9 DWA-F pos=(-0.54,-0.28) yaw=-166.8 d=5.34 goal_err=-52 carrot_err= -36 c0=1.72 clear=1.00 prog=0.18 rel=0.92 bal=+0.52 obs=208 hard=197 obsc=214 yr=  0  nz=0.08 flt=0.07 dmap=+1/-0 shz=4.0 plan=27 cmd=(lx=+0.00,ly=+0.40,rx=+0.00)
  t= 18.3 DWA-F pos=(-0.59,-0.29) yaw=-170.1 d=5.32 goal_err=-49 carrot_err= -35 c0=1.68 clear=1.00 prog=0.18 rel=0.92 bal=+0.52 obs=208 hard=197 obsc=215 yr= 15  nz=0.08 flt=0.00 dmap=+0/-0 shz=4.0 plan=27 cmd=(lx=+0.00,ly=+0.40,rx=+0.00)
  t= 18.8 DWA-F pos=(-0.63,-0.30) yaw=-171.7 d=5.29 goal_err=-47 carrot_err= -41 c0=1.81 clear=1.00 prog=0.19 rel=0.93 bal=+0.52 obs=208 hard=197 obsc=215 yr= 15G nz=0.07 flt=0.01 dmap=+0/-0 shz=3.9 plan=26 cmd=(lx=+0.00,ly=+0.40,rx=+0.45)
  t= 19.2 DWA-F pos=(-0.67,-0.30) yaw=-178.1 d=5.26 goal_err=-41 carrot_err= -37 c0=1.86 clear=1.00 prog=0.21 rel=0.88 bal=+0.52 obs=209 hard=198 obsc=216 yr= 15  nz=0.12 flt=0.03 dmap=+0/-0 shz=4.0 plan=26 cmd=(lx=+0.00,ly=+0.40,rx=+0.00)
  t= 19.7 DWA-F pos=(-0.72,-0.30) yaw=-178.1 d=5.22 goal_err=-42 carrot_err= -38 c0=1.82 clear=1.00 prog=0.22 rel=0.86 bal=+0.49 obs=211 hard=202 obsc=218 yr=  0  nz=0.14 flt=0.00 dmap=+1/-1 shz=3.9 plan=26 cmd=(lx=+0.00,ly=+0.40,rx=+0.00)
  t= 20.1 DWA-F pos=(-0.76,-0.30) yaw=+178.7 d=5.19 goal_err=-39 carrot_err= -37 c0=1.78 clear=1.00 prog=0.23 rel=0.88 bal=+0.50 obs=213 hard=201 obsc=219 yr= 15  nz=0.12 flt=0.25 dmap=+2/-0 shz=4.0 plan=26 cmd=(lx=+0.00,ly=+0.40,rx=+0.00)
  t= 20.6 DWA-F pos=(-0.81,-0.30) yaw=+178.7 d=5.15 goal_err=-39 carrot_err= -31 c0=1.74 clear=1.00 prog=0.24 rel=0.93 bal=+0.51 obs=213 hard=206 obsc=220 yr=  0  nz=0.07 flt=0.00 dmap=+1/-1 shz=4.0 plan=25 cmd=(lx=+0.00,ly=+0.40,rx=+0.00)
  t= 21.0 DWA-F pos=(-0.84,-0.30) yaw=+178.7 d=5.13 goal_err=-39 carrot_err= -32 c0=1.89 clear=1.00 prog=0.23 rel=0.90 bal=+0.50 obs=213 hard=205 obsc=219 yr=  0  nz=0.10 flt=0.00 dmap=+0/-0 shz=4.0 plan=25 cmd=(lx=+0.00,ly=+0.40,rx=+0.00)
  t= 21.5 DWA-F pos=(-0.88,-0.30) yaw=+178.7 d=5.09 goal_err=-40 carrot_err= -34 c0=1.85 clear=1.00 prog=0.24 rel=0.90 bal=+0.48 obs=207 hard=205 obsc=219 yr=  0  nz=0.10 flt=0.01 dmap=+0/-0 shz=4.0 plan=25 cmd=(lx=+0.00,ly=+0.40,rx=+0.00)
  t= 21.9 DWA-F pos=(-0.93,-0.30) yaw=+178.7 d=5.06 goal_err=-40 carrot_err= -29 c0=1.81 clear=1.00 prog=0.24 rel=0.90 bal=+0.46 obs=207 hard=197 obsc=212 yr=  0  nz=0.10 flt=0.00 dmap=+2/-0 shz=4.0 plan=24 cmd=(lx=+0.00,ly=+0.40,rx=+0.00)
  t= 22.4 DWA-F pos=(-0.97,-0.30) yaw=+178.7 d=5.03 goal_err=-40 carrot_err= -30 c0=1.77 clear=1.00 prog=0.24 rel=0.93 bal=+0.29 obs=207 hard=198 obsc=212 yr=  0  nz=0.07 flt=0.00 dmap=+0/-0 shz=4.0 plan=24 cmd=(lx=+0.00,ly=+0.40,rx=+0.00)
  t= 22.8 DWA-F pos=(-1.02,-0.30) yaw=+178.7 d=4.99 goal_err=-41 carrot_err= -31 c0=1.78 clear=1.00 prog=0.25 rel=0.93 bal=+0.28 obs=207 hard=198 obsc=212 yr=  0  nz=0.07 flt=0.00 dmap=+0/-0 shz=4.0 plan=24 cmd=(lx=+0.00,ly=+0.40,rx=+0.00)
  t= 23.3 DWA-F pos=(-1.06,-0.30) yaw=+178.7 d=4.96 goal_err=-41 carrot_err= -33 c0=1.74 clear=1.00 prog=0.25 rel=0.95 bal=+0.26 obs=208 hard=200 obsc=213 yr=  0  nz=0.05 flt=0.00 dmap=+0/-0 shz=3.9 plan=24 cmd=(lx=+0.00,ly=+0.40,rx=+0.00)
  t= 23.7 DWA-F pos=(-1.11,-0.30) yaw=+177.1 d=4.93 goal_err=-40 carrot_err= -42 c0=1.70 clear=1.00 prog=0.25 rel=0.94 bal=+0.25 obs=209 hard=200 obsc=214 yr= 14G nz=0.07 flt=0.01 dmap=+0/-0 shz=4.0 plan=24 cmd=(lx=+0.00,ly=+0.40,rx=+0.45)
  t= 24.2 DWA-F pos=(-1.15,-0.29) yaw=+170.7 d=4.89 goal_err=-34 carrot_err= -38 c0=1.65 clear=1.00 prog=0.24 rel=0.91 bal=+0.23 obs=209 hard=200 obsc=214 yr= 15G nz=0.10 flt=0.02 dmap=+0/-0 shz=3.9 plan=24 cmd=(lx=+0.00,ly=+0.40,rx=+0.45)
  t= 24.6 DWA-F pos=(-1.19,-0.28) yaw=+167.5 d=4.85 goal_err=-31 carrot_err= -36 c0=1.61 clear=1.00 prog=0.26 rel=0.90 bal=+0.22 obs=213 hard=199 obsc=219 yr=  0  nz=0.10 flt=0.08 dmap=+0/-0 shz=4.0 plan=24 cmd=(lx=+0.00,ly=+0.40,rx=+0.00)
  t= 25.1 DWA-F pos=(-1.24,-0.27) yaw=+167.5 d=4.81 goal_err=-31 carrot_err= -29 c0=1.56 clear=1.00 prog=0.27 rel=0.90 bal=+0.22 obs=212 hard=198 obsc=219 yr=  0  nz=0.10 flt=0.02 dmap=+0/-0 shz=4.0 plan=23 cmd=(lx=+0.00,ly=+0.40,rx=+0.00)
  t= 25.5 DWA-F pos=(-1.28,-0.26) yaw=+167.5 d=4.78 goal_err=-31 carrot_err= -30 c0=1.52 clear=1.00 prog=0.27 rel=0.90 bal=+0.21 obs=212 hard=199 obsc=218 yr=  0  nz=0.10 flt=0.01 dmap=+0/-0 shz=3.9 plan=23 cmd=(lx=+0.00,ly=+0.40,rx=+0.00)
  t= 26.0 DWA-F pos=(-1.32,-0.25) yaw=+167.5 d=4.74 goal_err=-32 carrot_err= -32 c0=1.48 clear=0.98 prog=0.28 rel=0.91 bal=+0.20 obs=208 hard=197 obsc=217 yr=  0  nz=0.09 flt=0.01 dmap=+0/-0 shz=4.0 plan=23 cmd=(lx=+0.00,ly=+0.40,rx=+0.00)
  t= 26.4 DWA-F pos=(-1.37,-0.25) yaw=+167.5 d=4.70 goal_err=-32 carrot_err= -33 c0=1.43 clear=0.95 prog=0.28 rel=0.92 bal=+0.20 obs=207 hard=199 obsc=217 yr=  0  nz=0.08 flt=0.01 dmap=+1/-3 shz=4.0 plan=23 cmd=(lx=+0.00,ly=+0.40,rx=+0.00)
  t= 26.9 DWA-F pos=(-1.41,-0.24) yaw=+167.5 d=4.66 goal_err=-32 carrot_err= -16 c0=1.39 clear=0.93 prog=0.28 rel=0.91 bal=+0.20 obs=209 hard=198 obsc=216 yr=  0  nz=0.09 flt=0.00 dmap=+0/-0 shz=4.0 plan=22 cmd=(lx=+0.00,ly=+0.40,rx=+0.00)
  t= 27.3 DWA-F pos=(-1.45,-0.23) yaw=+167.5 d=4.63 goal_err=-32 carrot_err= -17 c0=1.35 clear=0.90 prog=0.28 rel=0.92 bal=+0.19 obs=208 hard=196 obsc=215 yr=  0  nz=0.08 flt=0.00 dmap=+0/-0 shz=3.9 plan=22 cmd=(lx=+0.00,ly=+0.40,rx=+0.00)
  t= 27.8 DWA-F pos=(-1.50,-0.22) yaw=+167.5 d=4.59 goal_err=-33 carrot_err= -18 c0=1.30 clear=0.87 prog=0.28 rel=0.91 bal=+0.19 obs=209 hard=197 obsc=216 yr=  0  nz=0.09 flt=0.02 dmap=+0/-0 shz=4.0 plan=22 cmd=(lx=+0.00,ly=+0.40,rx=+0.00)
  t= 28.2 DWA-F pos=(-1.54,-0.21) yaw=+167.5 d=4.55 goal_err=-33 carrot_err= -23 c0=1.26 clear=0.84 prog=0.28 rel=0.91 bal=+0.06 obs=209 hard=199 obsc=216 yr=  0  nz=0.09 flt=0.02 dmap=+0/-1 shz=3.9 plan=21 cmd=(lx=+0.00,ly=+0.40,rx=+0.00)
  t= 28.7 DWA-F pos=(-1.58,-0.20) yaw=+167.5 d=4.51 goal_err=-33 carrot_err= -24 c0=1.22 clear=0.81 prog=0.28 rel=0.92 bal=+0.06 obs=211 hard=202 obsc=218 yr=  0  nz=0.08 flt=0.02 dmap=+2/-1 shz=4.0 plan=21 cmd=(lx=+0.00,ly=+0.40,rx=+0.00)
  t= 29.1 DWA-F pos=(-1.62,-0.19) yaw=+167.5 d=4.49 goal_err=-34 carrot_err= -24 c0=1.18 clear=0.79 prog=0.26 rel=0.92 bal=+0.06 obs=210 hard=202 obsc=218 yr=  0  nz=0.08 flt=0.00 dmap=+0/-0 shz=3.9 plan=21 cmd=(lx=+0.00,ly=+0.40,rx=+0.00)
  t= 29.6 DWA-F pos=(-1.66,-0.18) yaw=+167.5 d=4.45 goal_err=-34 carrot_err= -26 c0=1.14 clear=0.76 prog=0.26 rel=0.94 bal=+0.06 obs=209 hard=199 obsc=215 yr=  0  nz=0.06 flt=0.00 dmap=+0/-0 shz=4.0 plan=21 cmd=(lx=+0.00,ly=+0.40,rx=+0.00)
  t= 30.0 DWA-F pos=(-1.70,-0.17) yaw=+167.5 d=4.41 goal_err=-34 carrot_err= -27 c0=1.10 clear=0.73 prog=0.26 rel=0.93 bal=+0.07 obs=210 hard=201 obsc=216 yr=  0  nz=0.07 flt=0.02 dmap=+0/-0 shz=4.0 plan=21 cmd=(lx=+0.00,ly=+0.40,rx=+0.00)
  t= 30.5 DWA-F pos=(-1.75,-0.16) yaw=+167.5 d=4.38 goal_err=-35 carrot_err= -28 c0=1.05 clear=0.70 prog=0.26 rel=0.93 bal=+0.07 obs=210 hard=200 obsc=217 yr=  0  nz=0.07 flt=0.02 dmap=+1/-1 shz=4.0 plan=21 cmd=(lx=+0.00,ly=+0.40,rx=+0.00)
  t= 30.9 DWA-F pos=(-1.79,-0.15) yaw=+167.5 d=4.34 goal_err=-35 carrot_err= -30 c0=1.01 clear=0.67 prog=0.27 rel=0.92 bal=+0.06 obs=212 hard=200 obsc=218 yr=  0  nz=0.08 flt=0.01 dmap=+3/-0 shz=4.0 plan=21 cmd=(lx=+0.00,ly=+0.40,rx=+0.00)
  t= 31.4 DWA-F pos=(-1.83,-0.14) yaw=+167.5 d=4.30 goal_err=-35 carrot_err= -23 c0=0.97 clear=0.65 prog=0.27 rel=0.93 bal=+0.06 obs=211 hard=201 obsc=218 yr=  0  nz=0.07 flt=0.01 dmap=+0/-0 shz=4.0 plan=20 cmd=(lx=+0.00,ly=+0.40,rx=+0.00)
  t= 31.8 DWA-F pos=(-1.88,-0.13) yaw=+167.5 d=4.27 goal_err=-36 carrot_err= -24 c0=0.93 clear=0.62 prog=0.27 rel=0.92 bal=+0.05 obs=210 hard=199 obsc=216 yr=  0  nz=0.09 flt=0.02 dmap=+0/-0 shz=4.0 plan=20 cmd=(lx=+0.00,ly=+0.40,rx=+0.00)
  t= 32.3 DWA-F pos=(-1.92,-0.12) yaw=+167.5 d=4.23 goal_err=-36 carrot_err= -25 c0=0.88 clear=0.59 prog=0.27 rel=0.91 bal=+0.05 obs=211 hard=198 obsc=216 yr=  0  nz=0.09 flt=0.02 dmap=+1/-0 shz=3.9 plan=20 cmd=(lx=+0.00,ly=+0.40,rx=+0.00)
  t= 32.7 DWA-F pos=(-1.97,-0.11) yaw=+167.5 d=4.19 goal_err=-36 carrot_err= -28 c0=0.83 clear=0.55 prog=0.28 rel=0.91 bal=+0.05 obs=213 hard=202 obsc=218 yr=  0  nz=0.09 flt=0.01 dmap=+2/-0 shz=4.0 plan=20 cmd=(lx=+0.00,ly=+0.40,rx=+0.00)
  t= 33.2 DWA-F pos=(-2.02,-0.10) yaw=+167.5 d=4.15 goal_err=-37 carrot_err= -20 c0=0.79 clear=0.53 prog=0.28 rel=0.91 bal=+0.05 obs=214 hard=203 obsc=219 yr=  0  nz=0.09 flt=0.00 dmap=+0/-0 shz=4.0 plan=19 cmd=(lx=+0.00,ly=+0.40,rx=+0.00)
  t= 33.6 DWA-F pos=(-2.05,-0.09) yaw=+167.5 d=4.12 goal_err=-37 carrot_err= -21 c0=0.76 clear=0.51 prog=0.27 rel=0.92 bal=+0.05 obs=213 hard=204 obsc=220 yr=  0  nz=0.08 flt=0.01 dmap=+0/-0 shz=4.0 plan=19 cmd=(lx=+0.00,ly=+0.40,rx=+0.00)
  t= 34.0 DWA-F pos=(-2.09,-0.08) yaw=+167.5 d=4.09 goal_err=-37 carrot_err= -25 c0=0.72 clear=0.48 prog=0.27 rel=0.92 bal=-0.08 obs=211 hard=202 obsc=217 yr=  0  nz=0.08 flt=0.01 dmap=+1/-1 shz=4.0 plan=19 cmd=(lx=+0.00,ly=+0.40,rx=+0.00)
  t= 34.5 DWA-F pos=(-2.14,-0.07) yaw=+167.5 d=4.05 goal_err=-38 carrot_err= -26 c0=0.67 clear=0.45 prog=0.25 rel=0.93 bal=-0.23 obs=215 hard=204 obsc=220 yr=  0  nz=0.07 flt=0.02 dmap=+2/-0 shz=4.0 plan=18 cmd=(lx=+0.00,ly=+0.40,rx=+0.00)
  t= 34.9 DWA-F pos=(-2.18,-0.06) yaw=+167.5 d=4.02 goal_err=-38 carrot_err= -27 c0=0.63 clear=0.42 prog=0.25 rel=0.92 bal=-0.53 obs=215 hard=204 obsc=220 yr=  0  nz=0.08 flt=0.02 dmap=+0/-0 shz=4.0 plan=18 cmd=(lx=+0.00,ly=+0.40,rx=+0.00)
  t= 35.4 DWA-F pos=(-2.22,-0.06) yaw=+167.5 d=3.98 goal_err=-38 carrot_err= -28 c0=0.79 clear=0.53 prog=0.24 rel=0.89 bal=-0.54 obs=217 hard=206 obsc=222 yr=  0  nz=0.11 flt=0.02 dmap=+0/-0 shz=3.9 plan=18 cmd=(lx=+0.00,ly=+0.40,rx=+0.00)
  t= 35.9 DWA-F pos=(-2.27,-0.05) yaw=+167.5 d=3.95 goal_err=-39 carrot_err= -29 c0=0.75 clear=0.50 prog=0.26 rel=0.90 bal=-0.54 obs=218 hard=206 obsc=223 yr=  0  nz=0.10 flt=0.01 dmap=+0/-0 shz=4.0 plan=18 cmd=(lx=+0.00,ly=+0.40,rx=+0.00)
  t= 36.3 DWA-F pos=(-2.31,-0.04) yaw=+167.5 d=3.91 goal_err=-39 carrot_err= -30 c0=0.89 clear=0.59 prog=0.25 rel=0.90 bal=-0.54 obs=220 hard=207 obsc=225 yr=  0  nz=0.10 flt=0.01 dmap=+1/-0 shz=3.9 plan=18 cmd=(lx=+0.00,ly=+0.40,rx=+0.00)
  t= 36.8 DWA-F pos=(-2.35,-0.03) yaw=+164.3 d=3.88 goal_err=-37 carrot_err= -28 c0=0.85 clear=0.56 prog=0.26 rel=0.90 bal=-0.54 obs=225 hard=211 obsc=232 yr= 15  nz=0.10 flt=0.26 dmap=+7/-2 shz=4.0 plan=18 cmd=(lx=+0.00,ly=+0.40,rx=+0.00)
  t= 37.2 DWA-F pos=(-2.40,-0.01) yaw=+161.1 d=3.84 goal_err=-34 carrot_err= -27 c0=0.80 clear=0.54 prog=0.26 rel=0.90 bal=-0.53 obs=225 hard=211 obsc=232 yr= 14  nz=0.10 flt=0.02 dmap=+0/-0 shz=4.0 plan=18 cmd=(lx=+0.00,ly=+0.40,rx=+0.00)
  t= 37.7 DWA-F pos=(-2.44,+0.00) yaw=+161.1 d=3.81 goal_err=-34 carrot_err= -28 c0=0.76 clear=0.51 prog=0.26 rel=0.93 bal=-0.52 obs=225 hard=217 obsc=232 yr=  0  nz=0.07 flt=0.01 dmap=+0/-0 shz=3.9 plan=17 cmd=(lx=+0.00,ly=+0.40,rx=+0.00)
  t= 38.1 DWA-F pos=(-2.48,+0.02) yaw=+157.9 d=3.77 goal_err=-31 carrot_err= -26 c0=0.72 clear=0.48 prog=0.27 rel=0.91 bal=-0.51 obs=226 hard=216 obsc=231 yr= 15  nz=0.09 flt=0.17 dmap=+0/-0 shz=4.0 plan=17 cmd=(lx=+0.00,ly=+0.40,rx=+0.00)
  t= 38.6 DWA-F pos=(-2.52,+0.03) yaw=+157.9 d=3.73 goal_err=-32 carrot_err= -28 c0=0.68 clear=0.45 prog=0.27 rel=0.92 bal=-0.49 obs=225 hard=216 obsc=235 yr=  0  nz=0.08 flt=0.01 dmap=+3/-3 shz=3.9 plan=17 cmd=(lx=+0.00,ly=+0.40,rx=+0.00)
  t= 39.0 ENG-F pos=(-2.56,+0.05) yaw=+156.3 d=3.69 goal_err=-30 carrot_err= -26 c0=1.05 clear=0.70 prog=0.28 rel=0.90 bal=-0.49 obs=226 hard=212 obsc=234 yr= 15G nz=0.10 flt=0.11 dmap=+0/-0 shz=4.0 plan=17 cmd=(lx=+0.00,ly=+0.28,rx=+0.00)
  t= 39.4 ENG-F pos=(-2.60,+0.06) yaw=+154.7 d=3.66 goal_err=-29 carrot_err= -25 c0=1.01 clear=0.68 prog=0.27 rel=0.77 bal=-0.36 obs=224 hard=214 obsc=234 yr=  0  nz=0.23 flt=0.02 dmap=+0/-0 shz=3.9 plan=17 cmd=(lx=+0.00,ly=+0.28,rx=+0.00)
  t= 39.9 ENG-F pos=(-2.62,+0.08) yaw=+154.7 d=3.64 goal_err=-29 carrot_err= -26 c0=0.99 clear=0.66 prog=0.25 rel=0.77 bal=-0.36 obs=228 hard=214 obsc=234 yr=  0  nz=0.23 flt=0.01 dmap=+0/-0 shz=4.0 plan=17 cmd=(lx=+0.00,ly=+0.28,rx=+0.00)
  t= 40.3 ENG-F pos=(-2.65,+0.09) yaw=+154.7 d=3.61 goal_err=-29 carrot_err= -27 c0=0.95 clear=0.64 prog=0.24 rel=0.90 bal=-0.36 obs=229 hard=217 obsc=237 yr=  0  nz=0.10 flt=0.01 dmap=+2/-2 shz=4.0 plan=17 cmd=(lx=+0.00,ly=+0.28,rx=+0.00)
  t= 40.8 ENG-F pos=(-2.69,+0.11) yaw=+154.7 d=3.57 goal_err=-30 carrot_err= -28 c0=0.92 clear=0.61 prog=0.23 rel=0.94 bal=-0.36 obs=228 hard=217 obsc=235 yr=  0  nz=0.06 flt=0.01 dmap=+1/-1 shz=4.0 plan=16 cmd=(lx=+0.00,ly=+0.28,rx=+0.00)
  t= 41.2 ENG-F pos=(-2.72,+0.12) yaw=+154.7 d=3.54 goal_err=-30 carrot_err= -29 c0=0.88 clear=0.59 prog=0.22 rel=0.93 bal=-0.36 obs=228 hard=217 obsc=235 yr=  0  nz=0.07 flt=0.00 dmap=+0/-0 shz=4.0 plan=16 cmd=(lx=+0.00,ly=+0.28,rx=+0.00)
  t= 41.7 ENG-F pos=(-2.75,+0.14) yaw=+154.7 d=3.51 goal_err=-30 carrot_err= -31 c0=0.85 clear=0.57 prog=0.23 rel=0.93 bal=-0.35 obs=228 hard=217 obsc=235 yr=  0  nz=0.07 flt=0.02 dmap=+0/-0 shz=4.0 plan=16 cmd=(lx=+0.00,ly=+0.28,rx=+0.00)
  t= 42.1 ENG-F pos=(-2.78,+0.15) yaw=+154.7 d=3.48 goal_err=-31 carrot_err= -32 c0=0.82 clear=0.55 prog=0.23 rel=0.93 bal=-0.29 obs=228 hard=217 obsc=235 yr=  0  nz=0.07 flt=0.03 dmap=+0/-1 shz=4.0 plan=16 cmd=(lx=+0.00,ly=+0.28,rx=+0.00)
  t= 42.6 ENG-F pos=(-2.81,+0.16) yaw=+154.7 d=3.46 goal_err=-31 carrot_err= -22 c0=0.79 clear=0.53 prog=0.22 rel=0.94 bal=-0.29 obs=228 hard=218 obsc=236 yr=  0  nz=0.06 flt=0.01 dmap=+1/-1 shz=4.0 plan=16 cmd=(lx=+0.00,ly=+0.28,rx=+0.00)
  t= 43.0 ENG-F pos=(-2.84,+0.18) yaw=+154.7 d=3.43 goal_err=-31 carrot_err= -23 c0=0.76 clear=0.51 prog=0.21 rel=0.94 bal=-0.30 obs=229 hard=217 obsc=236 yr=  0  nz=0.06 flt=0.00 dmap=+0/-0 shz=4.0 plan=16 cmd=(lx=+0.00,ly=+0.28,rx=+0.00)
  t= 43.4 ENG-F pos=(-2.87,+0.19) yaw=+154.7 d=3.40 goal_err=-31 carrot_err= -23 c0=0.73 clear=0.49 prog=0.21 rel=0.94 bal=-0.30 obs=230 hard=217 obsc=236 yr=  0  nz=0.06 flt=0.00 dmap=+0/-0 shz=4.0 plan=16 cmd=(lx=+0.00,ly=+0.28,rx=+0.00)
  t= 43.9 ENG-F pos=(-2.90,+0.21) yaw=+154.7 d=3.37 goal_err=-32 carrot_err= -24 c0=0.73 clear=0.48 prog=0.21 rel=0.94 bal=-0.30 obs=230 hard=219 obsc=236 yr=  0  nz=0.06 flt=0.00 dmap=+0/-0 shz=3.9 plan=16 cmd=(lx=+0.00,ly=+0.28,rx=+0.00)
  t= 44.3 ENG-F pos=(-2.92,+0.22) yaw=+154.7 d=3.35 goal_err=-32 carrot_err= -25 c0=0.70 clear=0.47 prog=0.20 rel=0.95 bal=-0.18 obs=231 hard=221 obsc=237 yr=  0  nz=0.05 flt=0.00 dmap=+0/-0 shz=4.0 plan=16 cmd=(lx=+0.00,ly=+0.28,rx=+0.00)
  t= 44.8 ENG-F pos=(-2.95,+0.23) yaw=+154.7 d=3.32 goal_err=-32 carrot_err= -26 c0=0.67 clear=0.44 prog=0.20 rel=0.94 bal=-0.19 obs=231 hard=220 obsc=237 yr=  0  nz=0.06 flt=0.01 dmap=+0/-0 shz=3.9 plan=16 cmd=(lx=+0.00,ly=+0.28,rx=+0.00)
  t= 45.2 ENG-F pos=(-2.97,+0.24) yaw=+151.4 d=3.31 goal_err=-29 carrot_err= -22 c0=0.65 clear=0.43 prog=0.18 rel=0.93 bal=-0.19 obs=230 hard=221 obsc=237 yr= 15  nz=0.07 flt=0.15 dmap=+0/-0 shz=4.0 plan=16 cmd=(lx=+0.00,ly=+0.28,rx=+0.00)
  t= 45.7 ENG-F pos=(-3.00,+0.26) yaw=+151.4 d=3.27 goal_err=-30 carrot_err= -25 c0=0.61 clear=0.41 prog=0.19 rel=0.93 bal=-0.19 obs=230 hard=220 obsc=236 yr=  0  nz=0.07 flt=0.01 dmap=+0/-0 shz=3.9 plan=16 cmd=(lx=+0.00,ly=+0.28,rx=+0.00)
  t= 46.1 ENG-F pos=(-3.03,+0.27) yaw=+149.8 d=3.25 goal_err=-28 carrot_err= -25 c0=0.59 clear=0.39 prog=0.18 rel=0.94 bal=-0.23 obs=230 hard=220 obsc=236 yr= 15G nz=0.06 flt=0.15 dmap=+0/-0 shz=4.0 plan=16 cmd=(lx=+0.00,ly=+0.28,rx=+0.00)
  t= 46.5 ENG-F pos=(-3.05,+0.29) yaw=+148.2 d=3.23 goal_err=-27 carrot_err= -24 c0=0.56 clear=0.38 prog=0.18 rel=0.95 bal=-0.24 obs=230 hard=220 obsc=236 yr=  0  nz=0.05 flt=0.00 dmap=+0/-0 shz=4.0 plan=16 cmd=(lx=+0.00,ly=+0.28,rx=+0.00)
  t= 47.0 ENG-T pos=(-3.08,+0.30) yaw=+148.2 d=3.19 goal_err=-27 carrot_err= -21 c0=0.53 clear=0.35 prog=0.19 rel=0.94 bal=-0.25 obs=230 hard=220 obsc=237 yr=  0G nz=0.06 flt=0.03 dmap=+0/-0 shz=4.0 plan=15 cmd=(lx=+0.00,ly=+0.00,rx=+0.45)
  t= 47.4 ENG-F pos=(-3.09,+0.31) yaw=+145.0 d=3.18 goal_err=-24 carrot_err= -19 c0=0.58 clear=0.39 prog=0.18 rel=0.94 bal=-0.20 obs=227 hard=220 obsc=237 yr=  0  nz=0.07 flt=0.02 dmap=+1/-4 shz=4.0 plan=15 cmd=(lx=+0.00,ly=+0.28,rx=+0.00)
  t= 47.9 ENG-T pos=(-3.12,+0.33) yaw=+145.0 d=3.15 goal_err=-24 carrot_err= -19 c0=0.55 clear=0.36 prog=0.18 rel=0.96 bal=-0.19 obs=228 hard=218 obsc=235 yr=  0G nz=0.04 flt=0.02 dmap=+0/-0 shz=4.0 plan=15 cmd=(lx=+0.00,ly=+0.00,rx=+0.45)
  t= 48.3 ENG-F pos=(-3.13,+0.34) yaw=+141.8 d=3.14 goal_err=-21 carrot_err= -16 c0=0.54 clear=0.36 prog=0.18 rel=0.96 bal=-0.19 obs=228 hard=219 obsc=236 yr=  0  nz=0.04 flt=0.01 dmap=+0/-0 shz=4.0 plan=15 cmd=(lx=+0.00,ly=+0.28,rx=+0.00)
  t= 48.7 ENG-T pos=(-3.16,+0.36) yaw=+141.8 d=3.10 goal_err=-21 carrot_err= -17 c0=0.68 clear=0.46 prog=0.18 rel=0.90 bal=+0.44 obs=228 hard=220 obsc=237 yr=  0  nz=0.10 flt=0.00 dmap=+0/-0 shz=4.0 plan=15 cmd=(lx=+0.00,ly=+0.00,rx=+0.45)
  t= 49.2 ENG-F pos=(-3.16,+0.37) yaw=+138.6 d=3.10 goal_err=-18 carrot_err= -14 c0=0.68 clear=0.45 prog=0.16 rel=0.89 bal=+0.44 obs=236 hard=223 obsc=248 yr= 14  nz=0.11 flt=0.05 dmap=+8/-0 shz=4.0 plan=15 cmd=(lx=+0.00,ly=+0.28,rx=+0.00)
  t= 49.6 ENG-T pos=(-3.19,+0.39) yaw=+138.6 d=3.07 goal_err=-18 carrot_err= -15 c0=0.65 clear=0.43 prog=0.16 rel=0.89 bal=+0.46 obs=236 hard=226 obsc=249 yr=  0  nz=0.11 flt=0.05 dmap=+0/-0 shz=4.0 plan=15 cmd=(lx=+0.00,ly=+0.00,rx=+0.45)
  t= 50.1 ENG-F pos=(-3.20,+0.40) yaw=+135.4 d=3.06 goal_err=-15 carrot_err= -12 c0=0.90 clear=0.60 prog=0.16 rel=0.84 bal=+0.46 obs=241 hard=230 obsc=254 yr=  0  nz=0.15 flt=0.28 dmap=+0/-0 shz=4.0 plan=15 cmd=(lx=+0.00,ly=+0.28,rx=+0.00)
  t= 50.5 ENG-T pos=(-3.22,+0.42) yaw=+135.4 d=3.03 goal_err=-15 carrot_err= -12 c0=0.87 clear=0.58 prog=0.16 rel=0.81 bal=+0.48 obs=243 hard=233 obsc=255 yr=  0G nz=0.19 flt=0.00 dmap=+0/-0 shz=4.0 plan=15 cmd=(lx=+0.00,ly=+0.00,rx=+0.45)
  t= 51.0 ENG-F pos=(-3.22,+0.42) yaw=+130.6 d=3.03 goal_err=-11 carrot_err=  -7 c0=0.87 clear=0.58 prog=0.12 rel=0.81 bal=+0.48 obs=243 hard=232 obsc=255 yr= 14  nz=0.19 flt=0.04 dmap=+0/-0 shz=4.0 plan=15 cmd=(lx=+0.00,ly=+0.28,rx=+0.00)
  t= 51.4 ENG-F pos=(-3.23,+0.44) yaw=+130.6 d=3.00 goal_err=-11 carrot_err=  -8 c0=0.85 clear=0.56 prog=0.13 rel=0.86 bal=+0.49 obs=238 hard=231 obsc=254 yr=  0  nz=0.14 flt=0.00 dmap=+1/-4 shz=4.0 plan=15 cmd=(lx=+0.00,ly=+0.28,rx=+0.00)
  t= 51.8 ENG-GO pos=(-3.25,+0.45) yaw=+130.6 d=2.98 goal_err=-11 carrot_err=  -8 c0=0.83 clear=0.55 prog=0.14 rel=0.96 bal=+0.50 obs=238 hard=228 obsc=250 yr=  0  nz=0.04 flt=0.01 dmap=+0/-0 shz=3.9 plan=15 cmd=(lx=+0.00,ly=+0.28,rx=+0.00)
  t= 52.3 ENG-GO pos=(-3.27,+0.48) yaw=+130.6 d=2.95 goal_err=-11 carrot_err=  -8 c0=1.25 clear=0.83 prog=0.15 rel=0.76 bal=-0.12 obs=238 hard=229 obsc=250 yr=  0  nz=0.24 flt=0.01 dmap=+0/-0 shz=4.0 plan=15 cmd=(lx=+0.00,ly=+0.28,rx=+0.00)
  t= 52.7 ENG-GO pos=(-3.29,+0.50) yaw=+130.6 d=2.92 goal_err=-11 carrot_err=  -9 c0=1.32 clear=0.88 prog=0.18 rel=0.70 bal=+0.53 obs=238 hard=227 obsc=251 yr=  0  nz=0.30 flt=0.00 dmap=+1/-0 shz=3.9 plan=15 cmd=(lx=+0.00,ly=+0.28,rx=+0.00)
  t= 53.2 ENG-GO pos=(-3.31,+0.52) yaw=+130.6 d=2.89 goal_err=-11 carrot_err=  -2 c0=1.29 clear=0.86 prog=0.21 rel=0.66 bal=+0.54 obs=239 hard=227 obsc=251 yr=  0  nz=0.34 flt=0.03 dmap=+0/-0 shz=4.0 plan=13 cmd=(lx=+0.00,ly=+0.28,rx=+0.00)
  t= 53.6 ENG-GO pos=(-3.33,+0.55) yaw=+130.6 d=2.86 goal_err=-11 carrot_err=  -2 c0=1.26 clear=0.84 prog=0.21 rel=0.94 bal=+0.56 obs=240 hard=228 obsc=252 yr=  0  nz=0.06 flt=0.00 dmap=+0/-0 shz=3.9 plan=13 cmd=(lx=+0.00,ly=+0.28,rx=+0.00)
  t= 54.1 ENG-GO pos=(-3.35,+0.57) yaw=+130.6 d=2.83 goal_err=-11 carrot_err=  -2 c0=1.22 clear=0.82 prog=0.23 rel=0.94 bal=+0.58 obs=236 hard=228 obsc=250 yr=  0  nz=0.06 flt=0.00 dmap=+0/-0 shz=4.0 plan=13 cmd=(lx=+0.00,ly=+0.28,rx=+0.00)
  t= 54.5 ENG-GO pos=(-3.37,+0.59) yaw=+130.6 d=2.80 goal_err=-11 carrot_err=  -2 c0=1.20 clear=0.80 prog=0.23 rel=0.93 bal=+0.02 obs=238 hard=228 obsc=250 yr=  0  nz=0.07 flt=0.00 dmap=+1/-0 shz=4.0 plan=13 cmd=(lx=+0.00,ly=+0.28,rx=+0.00)
  t= 54.9 ENG-GO pos=(-3.40,+0.63) yaw=+130.6 d=2.76 goal_err=-12 carrot_err=  -3 c0=1.16 clear=0.77 prog=0.25 rel=0.94 bal=+0.02 obs=241 hard=231 obsc=254 yr=  0  nz=0.06 flt=0.00 dmap=+2/-1 shz=4.0 plan=13 cmd=(lx=+0.00,ly=+0.28,rx=+0.00)
  t= 55.4 ENG-GO pos=(-3.42,+0.65) yaw=+130.6 d=2.72 goal_err=-12 carrot_err=  -3 c0=1.12 clear=0.75 prog=0.26 rel=0.93 bal=+0.02 obs=241 hard=230 obsc=253 yr=  0  nz=0.07 flt=0.00 dmap=+0/-0 shz=4.0 plan=13 cmd=(lx=+0.00,ly=+0.28,rx=+0.00)
  t= 55.8 ENG-GO pos=(-3.44,+0.67) yaw=+130.6 d=2.70 goal_err=-12 carrot_err=  -3 c0=1.10 clear=0.73 prog=0.25 rel=0.94 bal=-0.01 obs=239 hard=230 obsc=253 yr=  0  nz=0.06 flt=0.01 dmap=+0/-0 shz=4.0 plan=13 cmd=(lx=+0.00,ly=+0.28,rx=+0.00)
  t= 56.3 ENG-GO pos=(-3.46,+0.70) yaw=+130.6 d=2.66 goal_err=-12 carrot_err=  -3 c0=1.06 clear=0.71 prog=0.27 rel=0.94 bal=-0.09 obs=235 hard=228 obsc=250 yr=  0  nz=0.06 flt=0.00 dmap=+0/-2 shz=4.0 plan=12 cmd=(lx=+0.00,ly=+0.28,rx=+0.00)
  t= 56.7 ENG-GO pos=(-3.48,+0.73) yaw=+130.6 d=2.63 goal_err=-12 carrot_err=  -3 c0=1.03 clear=0.69 prog=0.27 rel=0.95 bal=+0.03 obs=236 hard=226 obsc=248 yr=  0  nz=0.05 flt=0.00 dmap=+1/-0 shz=4.0 plan=12 cmd=(lx=+0.00,ly=+0.28,rx=+0.00)
  t= 57.1 ENG-GO pos=(-3.51,+0.76) yaw=+130.6 d=2.59 goal_err=-12 carrot_err=  -3 c0=1.00 clear=0.66 prog=0.25 rel=0.94 bal=+0.03 obs=236 hard=226 obsc=249 yr=  0  nz=0.06 flt=0.02 dmap=+0/-0 shz=3.9 plan=12 cmd=(lx=+0.00,ly=+0.28,rx=+0.00)
  t= 57.6 ENG-GO pos=(-3.53,+0.78) yaw=+130.6 d=2.55 goal_err=-13 carrot_err=  -3 c0=0.96 clear=0.64 prog=0.25 rel=0.92 bal=+0.03 obs=235 hard=226 obsc=248 yr=  0  nz=0.08 flt=0.00 dmap=+0/-0 shz=4.0 plan=12 cmd=(lx=+0.00,ly=+0.28,rx=+0.00)
  t= 58.0 ENG-GO pos=(-3.55,+0.80) yaw=+130.6 d=2.53 goal_err=-13 carrot_err=  -1 c0=0.94 clear=0.63 prog=0.25 rel=0.93 bal=+0.03 obs=235 hard=226 obsc=249 yr=  0  nz=0.07 flt=0.01 dmap=+0/-2 shz=4.0 plan=12 cmd=(lx=+0.00,ly=+0.28,rx=+0.00)
  t= 58.5 ENG-GO pos=(-3.57,+0.83) yaw=+130.6 d=2.49 goal_err=-13 carrot_err=  -1 c0=1.00 clear=0.67 prog=0.25 rel=0.94 bal=+0.02 obs=235 hard=224 obsc=247 yr=  0  nz=0.06 flt=0.01 dmap=+0/-0 shz=4.0 plan=12 cmd=(lx=+0.00,ly=+0.28,rx=+0.00)
  t= 58.9 ENG-GO pos=(-3.60,+0.86) yaw=+130.6 d=2.46 goal_err=-13 carrot_err=  -1 c0=0.97 clear=0.65 prog=0.25 rel=0.95 bal=+0.02 obs=233 hard=224 obsc=248 yr=  0  nz=0.05 flt=0.01 dmap=+0/-0 shz=3.9 plan=12 cmd=(lx=+0.00,ly=+0.28,rx=+0.00)
  t= 59.3 ENG-GO pos=(-3.62,+0.89) yaw=+130.6 d=2.42 goal_err=-13 carrot_err=  -1 c0=0.93 clear=0.62 prog=0.25 rel=0.95 bal=+0.02 obs=234 hard=223 obsc=246 yr=  0  nz=0.05 flt=0.01 dmap=+0/-0 shz=4.0 plan=12 cmd=(lx=+0.00,ly=+0.28,rx=+0.00)
  t= 59.8 ENG-GO pos=(-3.64,+0.91) yaw=+130.6 d=2.39 goal_err=-13 carrot_err=  -1 c0=0.90 clear=0.60 prog=0.25 rel=0.94 bal=-0.11 obs=235 hard=225 obsc=248 yr=  0  nz=0.06 flt=0.00 dmap=+3/-1 shz=4.0 plan=12 cmd=(lx=+0.00,ly=+0.28,rx=+0.00)
  t= 60.2 ENG-GO pos=(-3.67,+0.94) yaw=+130.6 d=2.35 goal_err=-14 carrot_err=  -2 c0=0.87 clear=0.58 prog=0.26 rel=0.94 bal=-0.11 obs=235 hard=223 obsc=247 yr=  0  nz=0.06 flt=0.00 dmap=+0/-0 shz=4.0 plan=12 cmd=(lx=+0.00,ly=+0.28,rx=+0.00)
  t= 60.7 ENG-GO pos=(-3.68,+0.96) yaw=+130.6 d=2.33 goal_err=-14 carrot_err=  -2 c0=0.84 clear=0.56 prog=0.25 rel=0.94 bal=+0.01 obs=233 hard=223 obsc=246 yr=  0  nz=0.06 flt=0.00 dmap=+0/-0 shz=4.0 plan=12 cmd=(lx=+0.00,ly=+0.28,rx=+0.00)
  t= 61.1 ENG-GO pos=(-3.71,+1.00) yaw=+130.6 d=2.28 goal_err=-14 carrot_err=  -0 c0=0.80 clear=0.53 prog=0.26 rel=0.94 bal=+0.00 obs=232 hard=223 obsc=245 yr=  0  nz=0.07 flt=0.00 dmap=+1/-0 shz=4.0 plan=11 cmd=(lx=+0.00,ly=+0.28,rx=+0.00)
  t= 61.5 ENG-GO pos=(-3.73,+1.02) yaw=+130.6 d=2.26 goal_err=-14 carrot_err=  -0 c0=0.77 clear=0.52 prog=0.25 rel=0.94 bal=-0.00 obs=232 hard=224 obsc=244 yr=  0  nz=0.06 flt=0.00 dmap=+0/-1 shz=4.0 plan=11 cmd=(lx=+0.00,ly=+0.28,rx=+0.00)
  t= 62.0 ENG-GO pos=(-3.75,+1.04) yaw=+130.6 d=2.22 goal_err=-15 carrot_err=  -0 c0=0.74 clear=0.49 prog=0.25 rel=0.94 bal=-0.01 obs=232 hard=223 obsc=243 yr=  0  nz=0.06 flt=0.00 dmap=+0/-0 shz=4.0 plan=11 cmd=(lx=+0.00,ly=+0.28,rx=+0.00)
  t= 62.4 ENG-GO pos=(-3.78,+1.07) yaw=+130.6 d=2.19 goal_err=-15 carrot_err=  -0 c0=0.70 clear=0.47 prog=0.26 rel=0.94 bal=-0.01 obs=230 hard=222 obsc=242 yr=  0  nz=0.06 flt=0.00 dmap=+0/-0 shz=4.0 plan=11 cmd=(lx=+0.00,ly=+0.28,rx=+0.00)
  t= 62.9 ENG-GO pos=(-3.80,+1.10) yaw=+130.6 d=2.15 goal_err=-15 carrot_err=  -0 c0=0.67 clear=0.45 prog=0.25 rel=0.94 bal=-0.02 obs=225 hard=217 obsc=237 yr=  0  nz=0.07 flt=0.00 dmap=+0/-0 shz=4.0 plan=11 cmd=(lx=+0.00,ly=+0.28,rx=+0.00)
  t= 63.3 ENG-GO pos=(-3.82,+1.13) yaw=+130.6 d=2.12 goal_err=-15 carrot_err=  -0 c0=0.64 clear=0.43 prog=0.26 rel=0.94 bal=-0.04 obs=225 hard=215 obsc=237 yr=  0  nz=0.06 flt=0.00 dmap=+1/-1 shz=4.0 plan=11 cmd=(lx=+0.00,ly=+0.28,rx=+0.00)
  t= 63.8 ENG-GO pos=(-3.85,+1.15) yaw=+130.6 d=2.08 goal_err=-16 carrot_err=  -7 c0=0.88 clear=0.58 prog=0.26 rel=0.93 bal=-0.06 obs=225 hard=215 obsc=236 yr=  0  nz=0.07 flt=0.00 dmap=+1/-0 shz=4.0 plan=11 cmd=(lx=+0.00,ly=+0.28,rx=+0.00)
  t= 64.2 ENG-GO pos=(-3.87,+1.18) yaw=+130.6 d=2.05 goal_err=-16 carrot_err=  -0 c0=0.84 clear=0.56 prog=0.26 rel=0.84 bal=-0.06 obs=225 hard=215 obsc=236 yr=  0  nz=0.16 flt=0.01 dmap=+0/-0 shz=4.0 plan=10 cmd=(lx=+0.00,ly=+0.28,rx=+0.00)
  t= 64.7 ENG-GO pos=(-3.89,+1.20) yaw=+130.6 d=2.02 goal_err=-16 carrot_err=  -0 c0=0.82 clear=0.54 prog=0.25 rel=0.83 bal=+0.09 obs=224 hard=216 obsc=235 yr=  0  nz=0.17 flt=0.00 dmap=+1/-0 shz=4.0 plan=10 cmd=(lx=+0.00,ly=+0.28,rx=+0.00)
  t= 65.1 ENG-GO pos=(-3.91,+1.23) yaw=+130.6 d=1.99 goal_err=-16 carrot_err=  -0 c0=0.78 clear=0.52 prog=0.25 rel=0.84 bal=+0.08 obs=223 hard=216 obsc=235 yr=  0  nz=0.15 flt=0.00 dmap=+0/-2 shz=4.0 plan=10 cmd=(lx=+0.00,ly=+0.28,rx=+0.00)
  t= 65.5 ENG-GO pos=(-3.93,+1.26) yaw=+130.6 d=1.95 goal_err=-17 carrot_err=  -9 c0=0.75 clear=0.50 prog=0.24 rel=0.93 bal=+0.08 obs=224 hard=216 obsc=236 yr=  0  nz=0.07 flt=0.01 dmap=+2/-1 shz=4.0 plan=10 cmd=(lx=+0.00,ly=+0.28,rx=+0.00)
  t= 66.0 ENG-GO pos=(-3.96,+1.28) yaw=+130.6 d=1.92 goal_err=-17 carrot_err=  -9 c0=0.72 clear=0.48 prog=0.25 rel=0.93 bal=+0.02 obs=221 hard=215 obsc=235 yr=  0  nz=0.07 flt=0.00 dmap=+0/-0 shz=4.0 plan=10 cmd=(lx=+0.00,ly=+0.28,rx=+0.00)
  t= 66.4 ENG-GO pos=(-3.98,+1.31) yaw=+130.6 d=1.88 goal_err=-17 carrot_err= -15 c0=0.68 clear=0.46 prog=0.26 rel=0.93 bal=+0.00 obs=218 hard=209 obsc=230 yr=  0  nz=0.07 flt=0.00 dmap=+0/-0 shz=4.0 plan=10 cmd=(lx=+0.00,ly=+0.28,rx=+0.00)
  t= 66.9 ENG-GO pos=(-4.01,+1.34) yaw=+130.6 d=1.85 goal_err=-18 carrot_err= -16 c0=1.47 clear=0.98 prog=0.26 rel=0.92 bal=-0.01 obs=222 hard=213 obsc=232 yr=  0  nz=0.08 flt=0.00 dmap=+4/-0 shz=4.0 plan=10 cmd=(lx=+0.00,ly=+0.28,rx=+0.00)
  t= 67.3 ENG-GO pos=(-4.03,+1.36) yaw=+130.6 d=1.82 goal_err=-18 carrot_err= -17 c0=1.44 clear=0.96 prog=0.26 rel=0.45 bal=-0.04 obs=221 hard=214 obsc=232 yr=  0  nz=0.56 flt=0.01 dmap=+1/-1 shz=4.0 plan=9 cmd=(lx=+0.00,ly=+0.28,rx=+0.00)
  t= 67.8 ENG-GO pos=(-4.05,+1.39) yaw=+130.6 d=1.78 goal_err=-18 carrot_err= -17 c0=1.40 clear=0.94 prog=0.26 rel=0.42 bal=-0.04 obs=221 hard=214 obsc=232 yr=  0  nz=0.58 flt=0.00 dmap=+0/-0 shz=4.0 plan=9 cmd=(lx=+0.00,ly=+0.28,rx=+0.00)
  t= 68.2 ENG-GO pos=(-4.08,+1.42) yaw=+130.6 d=1.75 goal_err=-19 carrot_err= -18 c0=1.37 clear=0.91 prog=0.26 rel=0.93 bal=+0.11 obs=220 hard=212 obsc=231 yr=  0  nz=0.07 flt=0.00 dmap=+0/-0 shz=4.0 plan=9 cmd=(lx=+0.00,ly=+0.28,rx=+0.00)
  t= 68.6 ENG-GO pos=(-4.10,+1.45) yaw=+130.6 d=1.71 goal_err=-19 carrot_err= -19 c0=1.33 clear=0.89 prog=0.26 rel=0.92 bal=+0.10 obs=222 hard=214 obsc=233 yr=  0  nz=0.08 flt=0.00 dmap=+2/-1 shz=4.0 plan=9 cmd=(lx=+0.00,ly=+0.28,rx=+0.00)
  t= 69.1 ENG-GO pos=(-4.12,+1.47) yaw=+130.6 d=1.68 goal_err=-19 carrot_err= -20 c0=1.30 clear=0.87 prog=0.26 rel=0.94 bal=+0.05 obs=220 hard=214 obsc=232 yr=  0  nz=0.07 flt=0.02 dmap=+1/-2 shz=4.0 plan=9 cmd=(lx=+0.00,ly=+0.28,rx=+0.00)
  t= 69.5 ENG-GO pos=(-4.15,+1.50) yaw=+130.6 d=1.65 goal_err=-20 carrot_err= -14 c0=1.26 clear=0.84 prog=0.26 rel=0.93 bal=+0.04 obs=222 hard=214 obsc=233 yr=  0  nz=0.07 flt=0.01 dmap=+0/-0 shz=4.0 plan=9 cmd=(lx=+0.00,ly=+0.28,rx=+0.00)
  t= 70.0 ENG-GO pos=(-4.17,+1.53) yaw=+130.6 d=1.61 goal_err=-20 carrot_err= -14 c0=1.23 clear=0.82 prog=0.26 rel=0.93 bal=+0.02 obs=224 hard=212 obsc=234 yr=  0  nz=0.07 flt=0.01 dmap=+0/-0 shz=4.0 plan=9 cmd=(lx=+0.00,ly=+0.28,rx=+0.00)
  t= 70.4 ENG-GO pos=(-4.19,+1.56) yaw=+130.6 d=1.58 goal_err=-21 carrot_err= -15 c0=1.20 clear=0.80 prog=0.26 rel=0.92 bal=+0.01 obs=224 hard=213 obsc=234 yr=  0  nz=0.08 flt=0.01 dmap=+0/-0 shz=4.0 plan=8 cmd=(lx=+0.00,ly=+0.28,rx=+0.00)
  t= 70.8 ENG-GO pos=(-4.22,+1.58) yaw=+130.6 d=1.54 goal_err=-21 carrot_err= -15 c0=1.16 clear=0.77 prog=0.26 rel=0.94 bal=-0.61 obs=227 hard=218 obsc=237 yr=  0  nz=0.06 flt=0.00 dmap=+2/-0 shz=4.0 plan=8 cmd=(lx=+0.00,ly=+0.28,rx=+0.00)
  t= 71.3 ENG-GO pos=(-4.23,+1.60) yaw=+130.6 d=1.52 goal_err=-22 carrot_err= -16 c0=1.14 clear=0.76 prog=0.24 rel=0.94 bal=-0.62 obs=227 hard=218 obsc=239 yr=  0  nz=0.06 flt=0.00 dmap=+0/-0 shz=4.0 plan=8 cmd=(lx=+0.00,ly=+0.28,rx=+0.00)
  t= 71.7 ENG-GO pos=(-4.26,+1.63) yaw=+130.6 d=1.49 goal_err=-22 carrot_err= -17 c0=1.10 clear=0.73 prog=0.24 rel=0.94 bal=-0.28 obs=228 hard=220 obsc=240 yr=  0  nz=0.06 flt=0.01 dmap=+0/-0 shz=4.0 plan=8 cmd=(lx=+0.00,ly=+0.28,rx=+0.00)
  t= 72.2 ENG-GO pos=(-4.28,+1.66) yaw=+130.6 d=1.45 goal_err=-23 carrot_err= -17 c0=1.07 clear=0.71 prog=0.24 rel=0.94 bal=-0.19 obs=227 hard=218 obsc=239 yr=  0  nz=0.06 flt=0.00 dmap=+1/-1 shz=4.0 plan=8 cmd=(lx=+0.00,ly=+0.28,rx=+0.00)
  t= 72.6 ENG-GO pos=(-4.30,+1.69) yaw=+130.6 d=1.42 goal_err=-23 carrot_err= -18 c0=1.03 clear=0.69 prog=0.24 rel=0.94 bal=-0.30 obs=229 hard=220 obsc=239 yr=  0  nz=0.06 flt=0.00 dmap=+1/-0 shz=4.0 plan=8 cmd=(lx=+0.00,ly=+0.28,rx=+0.00)
  t= 73.0 ENG-GO pos=(-4.33,+1.71) yaw=+130.6 d=1.39 goal_err=-24 carrot_err= -23 c0=1.00 clear=0.67 prog=0.25 rel=0.94 bal=-0.31 obs=230 hard=221 obsc=240 yr=  0  nz=0.06 flt=0.01 dmap=+1/-0 shz=4.0 plan=8 cmd=(lx=+0.00,ly=+0.28,rx=+0.00)
  t= 73.5 ENG-GO pos=(-4.35,+1.74) yaw=+130.6 d=1.35 goal_err=-24 carrot_err= -24 c0=0.97 clear=0.64 prog=0.25 rel=0.94 bal=-0.33 obs=232 hard=223 obsc=243 yr=  0  nz=0.06 flt=0.00 dmap=+0/-0 shz=4.0 plan=7 cmd=(lx=+0.00,ly=+0.28,rx=+0.00)
  t= 73.9 ENG-GO pos=(-4.37,+1.77) yaw=+130.6 d=1.32 goal_err=-25 carrot_err= -25 c0=0.93 clear=0.62 prog=0.25 rel=0.93 bal=-0.34 obs=232 hard=223 obsc=242 yr=  0  nz=0.07 flt=0.00 dmap=+0/-1 shz=4.0 plan=7 cmd=(lx=+0.00,ly=+0.28,rx=+0.00)
  t= 74.4 ENG-GO pos=(-4.40,+1.80) yaw=+130.6 d=1.29 goal_err=-26 carrot_err= -26 c0=0.90 clear=0.60 prog=0.25 rel=0.94 bal=-0.45 obs=230 hard=223 obsc=241 yr=  0  nz=0.06 flt=0.00 dmap=+0/-1 shz=4.0 plan=7 cmd=(lx=+0.00,ly=+0.28,rx=+0.00)
  [META2-DOOR] Door_Direct: CRUZADA (cols=0) -> Pl=1.00
  t= 74.8 DWA-F pos=(-4.42,+1.82) yaw=+130.6 d=1.25 goal_err=-26 carrot_err= -28 c0=0.86 clear=0.58 prog=0.25 rel=0.93 bal=-0.47 obs=231 hard=222 obsc=241 yr=  0  nz=0.07 flt=0.00 dmap=+0/-0 shz=4.0 plan=7 cmd=(lx=+0.00,ly=+0.40,rx=+0.00)
  t= 75.3 DWA-F pos=(-4.45,+1.86) yaw=+130.6 d=1.21 goal_err=-27 carrot_err= -29 c0=0.82 clear=0.55 prog=0.26 rel=0.94 bal=-0.48 obs=230 hard=221 obsc=241 yr=  0  nz=0.06 flt=0.01 dmap=+0/-0 shz=4.0 plan=7 cmd=(lx=+0.00,ly=+0.40,rx=+0.45)
  t= 75.7 DWA-F pos=(-4.48,+1.89) yaw=+127.4 d=1.17 goal_err=-25 carrot_err= -28 c0=0.88 clear=0.59 prog=0.27 rel=0.94 bal=-0.49 obs=232 hard=223 obsc=242 yr=  0  nz=0.06 flt=0.00 dmap=+0/-0 shz=4.0 plan=7 cmd=(lx=+0.00,ly=+0.40,rx=+0.00)
  t= 76.2 DWA-F pos=(-4.51,+1.93) yaw=+127.4 d=1.13 goal_err=-26 carrot_err= -19 c0=0.84 clear=0.56 prog=0.28 rel=0.95 bal=-0.37 obs=229 hard=221 obsc=239 yr=  0  nz=0.05 flt=0.00 dmap=+0/-1 shz=4.0 plan=7 cmd=(lx=+0.00,ly=+0.40,rx=+0.00)
  t= 76.6 DWA-F pos=(-4.53,+1.96) yaw=+127.4 d=1.10 goal_err=-27 carrot_err= -20 c0=0.80 clear=0.53 prog=0.30 rel=0.94 bal=-0.53 obs=227 hard=222 obsc=240 yr=  0  nz=0.06 flt=0.01 dmap=+1/-3 shz=4.0 plan=6 cmd=(lx=+0.00,ly=+0.40,rx=+0.00)
  t= 77.0 DWA-F pos=(-4.55,+1.99) yaw=+127.4 d=1.07 goal_err=-28 carrot_err= -20 c0=0.77 clear=0.51 prog=0.28 rel=0.93 bal=-0.52 obs=227 hard=218 obsc=238 yr=  0  nz=0.07 flt=0.00 dmap=+1/-0 shz=4.0 plan=6 cmd=(lx=+0.00,ly=+0.40,rx=+0.00)
  t= 77.5 DWA-F pos=(-4.58,+2.02) yaw=+127.4 d=1.03 goal_err=-29 carrot_err= -22 c0=0.72 clear=0.48 prog=0.28 rel=0.93 bal=-0.52 obs=227 hard=219 obsc=239 yr=  0  nz=0.07 flt=0.00 dmap=+0/-0 shz=4.0 plan=6 cmd=(lx=+0.00,ly=+0.40,rx=+0.00)
  t= 77.9 DWA-F pos=(-4.61,+2.06) yaw=+127.4 d=0.99 goal_err=-30 carrot_err= -23 c0=0.68 clear=0.46 prog=0.28 rel=0.93 bal=-0.53 obs=229 hard=221 obsc=238 yr=  0  nz=0.07 flt=0.02 dmap=+0/-3 shz=4.0 plan=6 cmd=(lx=+0.00,ly=+0.40,rx=+0.00)
  t= 78.4 DWA-F pos=(-4.63,+2.10) yaw=+127.4 d=0.95 goal_err=-32 carrot_err= -24 c0=0.64 clear=0.43 prog=0.27 rel=0.93 bal=-0.53 obs=231 hard=223 obsc=239 yr=  0  nz=0.07 flt=0.00 dmap=+0/-0 shz=4.0 plan=6 cmd=(lx=+0.00,ly=+0.40,rx=+0.00)
  t= 78.8 DWA-F pos=(-4.66,+2.13) yaw=+127.4 d=0.91 goal_err=-33 carrot_err= -28 c0=0.88 clear=0.58 prog=0.29 rel=0.87 bal=-0.54 obs=231 hard=223 obsc=239 yr=  0  nz=0.13 flt=0.02 dmap=+0/-0 shz=4.0 plan=6 cmd=(lx=+0.00,ly=+0.40,rx=+0.00)
  t= 79.3 DWA-F pos=(-4.69,+2.16) yaw=+127.4 d=0.88 goal_err=-35 carrot_err= -30 c0=0.83 clear=0.56 prog=0.28 rel=0.82 bal=-0.41 obs=231 hard=223 obsc=240 yr=  0G nz=0.18 flt=0.00 dmap=+0/-0 shz=4.0 plan=6 cmd=(lx=+0.00,ly=+0.40,rx=+0.45)
  t= 79.7 DWA-F pos=(-4.71,+2.20) yaw=+124.2 d=0.84 goal_err=-33 carrot_err= -28 c0=1.20 clear=0.80 prog=0.28 rel=0.72 bal=-0.41 obs=233 hard=225 obsc=241 yr=  0  nz=0.28 flt=0.01 dmap=+1/-0 shz=4.0 plan=5 cmd=(lx=+0.00,ly=+0.40,rx=+0.00)
  t= 80.2 DWA-F pos=(-4.74,+2.23) yaw=+124.2 d=0.81 goal_err=-35 carrot_err= -29 c0=1.16 clear=0.77 prog=0.27 rel=0.75 bal=-0.41 obs=230 hard=224 obsc=240 yr=  0  nz=0.25 flt=0.00 dmap=+0/-3 shz=4.0 plan=5 cmd=(lx=+0.00,ly=+0.40,rx=+0.45)
  t= 80.6 DWA-F pos=(-4.76,+2.27) yaw=+119.4 d=0.77 goal_err=-31 carrot_err= -26 c0=1.12 clear=0.74 prog=0.27 rel=0.74 bal=-0.41 obs=230 hard=224 obsc=240 yr= 14  nz=0.26 flt=0.05 dmap=+0/-0 shz=4.0 plan=5 cmd=(lx=+0.00,ly=+0.40,rx=+0.00)
  t= 81.1 DWA-F pos=(-4.78,+2.30) yaw=+119.4 d=0.74 goal_err=-33 carrot_err= -28 c0=1.08 clear=0.72 prog=0.26 rel=0.92 bal=-0.41 obs=230 hard=224 obsc=238 yr=  0  nz=0.08 flt=0.01 dmap=+0/-0 shz=4.0 plan=4 cmd=(lx=+0.00,ly=+0.40,rx=+0.00)
  t= 81.5 DWA-F pos=(-4.80,+2.34) yaw=+117.8 d=0.70 goal_err=-33 carrot_err= -28 c0=1.04 clear=0.69 prog=0.26 rel=0.91 bal=-0.41 obs=230 hard=224 obsc=239 yr= 15G nz=0.09 flt=0.00 dmap=+0/-0 shz=4.0 plan=4 cmd=(lx=+0.00,ly=+0.40,rx=+0.00)
  t= 82.0 DWA-F pos=(-4.82,+2.38) yaw=+116.1 d=0.67 goal_err=-34 carrot_err= -28 c0=1.00 clear=0.67 prog=0.26 rel=0.93 bal=-0.41 obs=232 hard=228 obsc=244 yr=  0  nz=0.07 flt=0.01 dmap=+0/-2 shz=4.0 plan=4 cmd=(lx=+0.00,ly=+0.40,rx=+0.00)
  t= 82.4 DWA-F pos=(-4.84,+2.42) yaw=+112.9 d=0.63 goal_err=-33 carrot_err= -27 c0=0.96 clear=0.64 prog=0.27 rel=0.93 bal=-0.40 obs=232 hard=228 obsc=244 yr= 14G nz=0.07 flt=0.14 dmap=+0/-0 shz=4.0 plan=4 cmd=(lx=+0.00,ly=+0.40,rx=+0.00)
  t= 82.9 DWA-F pos=(-4.85,+2.46) yaw=+111.3 d=0.59 goal_err=-33 carrot_err= -27 c0=0.92 clear=0.61 prog=0.27 rel=0.93 bal=-0.40 obs=234 hard=226 obsc=242 yr=  0  nz=0.07 flt=0.04 dmap=+0/-0 shz=4.0 plan=4 cmd=(lx=+0.00,ly=+0.40,rx=+0.45)
  t= 83.3 DWA-F pos=(-4.87,+2.50) yaw=+106.5 d=0.55 goal_err=-31 carrot_err= -25 c0=0.88 clear=0.58 prog=0.27 rel=0.90 bal=-0.39 obs=234 hard=226 obsc=242 yr= 15  nz=0.10 flt=0.04 dmap=+0/-0 shz=4.0 plan=4 cmd=(lx=+0.00,ly=+0.40,rx=+0.00)
  t= 83.7 DWA-F pos=(-4.88,+2.54) yaw=+106.5 d=0.53 goal_err=-33 carrot_err= -26 c0=0.84 clear=0.56 prog=0.26 rel=0.90 bal=-0.38 obs=230 hard=224 obsc=240 yr=  0  nz=0.10 flt=0.03 dmap=+0/-2 shz=4.0 plan=4 cmd=(lx=+0.00,ly=+0.40,rx=+0.45)
  t= 84.2 DWA-F pos=(-4.89,+2.58) yaw=+101.7 d=0.48 goal_err=-31 carrot_err= -24 c0=0.96 clear=0.64 prog=0.27 rel=0.92 bal=-0.38 obs=231 hard=225 obsc=241 yr= 28G nz=0.08 flt=0.06 dmap=+1/-0 shz=4.0 plan=3 cmd=(lx=+0.00,ly=+0.28,rx=+0.45)
  t= 84.6 DWA-T pos=(-4.90,+2.61) yaw= +98.5 d=0.46 goal_err=-30 carrot_err= -23 c0=0.93 clear=0.62 prog=0.25 rel=0.90 bal=-0.37 obs=236 hard=227 obsc=244 yr=  0  nz=0.10 flt=0.04 dmap=+0/-0 shz=4.0 plan=3 cmd=(lx=+0.00,ly=+0.00,rx=+0.00)
  t= 85.1 DWA-T pos=(-4.90,+2.61) yaw= +98.5 d=0.46 goal_err=-30 carrot_err= -23 c0=0.93 clear=0.62 prog=0.19 rel=0.89 bal=-0.17 obs=233 hard=229 obsc=244 yr=  0  nz=0.11 flt=0.09 dmap=+0/-0 shz=4.0 plan=3 cmd=(lx=+0.00,ly=+0.00,rx=+0.00)
  t= 85.5 DWA-T pos=(-4.90,+2.61) yaw= +98.5 d=0.46 goal_err=-30 carrot_err= -23 c0=0.93 clear=0.62 prog=0.13 rel=0.89 bal=-0.17 obs=233 hard=229 obsc=244 yr=  0  nz=0.11 flt=0.09 dmap=+0/-0 shz=4.0 plan=3 cmd=(lx=+0.00,ly=+0.00,rx=+0.00)
  t= 86.0 BRK-BK pos=(-4.90,+2.61) yaw= +98.5 d=0.46 goal_err=-30 carrot_err= -23 c0=0.93 clear=0.62 prog=0.08 rel=0.89 bal=-0.17 obs=233 hard=229 obsc=244 yr=  0  nz=0.11 flt=0.09 dmap=+0/-0 shz=4.0 plan=0 cmd=(lx=+0.00,ly=-0.35,rx=+0.00)
  t= 86.4 BRK-TR pos=(-4.89,+2.56) yaw= +98.5 d=0.50 goal_err=-27 carrot_err= -20 c0=0.98 clear=0.65 prog=0.00 rel=0.98 bal=-0.17 obs=231 hard=225 obsc=237 yr=  0G nz=0.02 flt=0.00 dmap=+0/-0 shz=3.7 plan=0 cmd=(lx=+0.00,ly=+0.00,rx=+0.45)
  t= 86.8 BRK-TR pos=(-4.89,+2.56) yaw= +92.1 d=0.50 goal_err=-21 carrot_err= -14 c0=1.15 clear=0.77 prog=0.00 rel=0.85 bal=-0.18 obs=231 hard=226 obsc=237 yr= 15G nz=0.14 flt=0.12 dmap=+0/-0 shz=3.7 plan=0 cmd=(lx=+0.00,ly=+0.00,rx=+0.45)
  t= 87.3 BRK-TR pos=(-4.89,+2.56) yaw= +85.7 d=0.50 goal_err=-14 carrot_err=  -7 c0=1.15 clear=0.76 prog=0.00 rel=0.79 bal=-0.18 obs=231 hard=226 obsc=237 yr= 15G nz=0.21 flt=0.01 dmap=+0/-0 shz=3.7 plan=0 cmd=(lx=+0.00,ly=+0.00,rx=+0.45)
  t= 87.7 BRK-TR pos=(-4.89,+2.56) yaw= +79.3 d=0.50 goal_err=-8 carrot_err=  -1 c0=1.15 clear=0.76 prog=0.00 rel=0.82 bal=-0.27 obs=231 hard=226 obsc=237 yr= 14G nz=0.18 flt=0.00 dmap=+0/-0 shz=3.7 plan=0 cmd=(lx=+0.00,ly=+0.00,rx=+0.45)
  t= 88.1 BRK-TR pos=(-4.89,+2.56) yaw= +72.9 d=0.50 goal_err=-2 carrot_err=  +5 c0=1.08 clear=0.72 prog=0.00 rel=0.91 bal=-0.32 obs=231 hard=226 obsc=237 yr= 14G nz=0.09 flt=0.15 dmap=+0/-0 shz=3.7 plan=0 cmd=(lx=+0.00,ly=+0.00,rx=+0.45)
  t= 88.6 BRK-TR pos=(-4.89,+2.56) yaw= +68.5 d=0.50 goal_err=+3 carrot_err= +10 c0=1.08 clear=0.72 prog=0.00 rel=0.94 bal=-0.32 obs=232 hard=227 obsc=238 yr=  0G nz=0.06 flt=0.00 dmap=+0/-0 shz=3.7 plan=0 cmd=(lx=+0.00,ly=+0.00,rx=+0.45)
  t= 89.0 DWA-F pos=(-4.89,+2.57) yaw= +64.0 d=0.50 goal_err=+7 carrot_err= +14 c0=1.08 clear=0.72 prog=0.01 rel=0.94 bal=-0.22 obs=229 hard=222 obsc=236 yr=  0  nz=0.06 flt=0.06 dmap=+1/-4 shz=3.7 plan=3 cmd=(lx=+0.00,ly=+0.40,rx=+0.00)
  t= 89.5 DWA-T pos=(-4.88,+2.58) yaw= +64.0 d=0.48 goal_err=+8 carrot_err= +15 c0=1.06 clear=0.71 prog=0.04 rel=0.97 bal=-0.23 obs=229 hard=223 obsc=234 yr=  0  nz=0.03 flt=0.05 dmap=+0/-0 shz=3.7 plan=3 cmd=(lx=+0.00,ly=+0.00,rx=+0.00)
  t= 89.9 DWA-T pos=(-4.88,+2.58) yaw= +64.0 d=0.48 goal_err=+8 carrot_err= +15 c0=1.06 clear=0.71 prog=0.04 rel=0.97 bal=-0.23 obs=229 hard=223 obsc=234 yr=  0  nz=0.03 flt=0.05 dmap=+0/-0 shz=3.7 plan=3 cmd=(lx=+0.00,ly=+0.00,rx=+0.00)
  t= 90.4 DWA-T pos=(-4.88,+2.58) yaw= +64.0 d=0.48 goal_err=+8 carrot_err= +15 c0=1.06 clear=0.71 prog=0.04 rel=0.97 bal=-0.23 obs=229 hard=223 obsc=234 yr=  0  nz=0.03 flt=0.05 dmap=+0/-0 shz=3.7 plan=3 cmd=(lx=+0.00,ly=+0.00,rx=+0.00)
  t= 90.8 BRK-BK pos=(-4.88,+2.58) yaw= +64.0 d=0.48 goal_err=+8 carrot_err= +15 c0=1.06 clear=0.71 prog=0.04 rel=0.97 bal=-0.23 obs=229 hard=223 obsc=234 yr=  0  nz=0.03 flt=0.05 dmap=+0/-0 shz=3.7 plan=0 cmd=(lx=+0.00,ly=-0.35,rx=+0.00)
  t= 91.3 BRK-TR pos=(-4.90,+2.54) yaw= +64.0 d=0.53 goal_err=+7 carrot_err= +13 c0=1.11 clear=0.74 prog=0.00 rel=1.00 bal=-0.22 obs=225 hard=222 obsc=232 yr=  0G nz=0.00 flt=0.01 dmap=+0/-0 shz=3.4 plan=0 cmd=(lx=+0.00,ly=+0.00,rx=+0.45)
  t= 91.7 BRK-TR pos=(-4.90,+2.54) yaw= +58.1 d=0.53 goal_err=+13 carrot_err= +19 c0=1.11 clear=0.74 prog=0.00 rel=0.98 bal=-0.22 obs=225 hard=222 obsc=232 yr= 14G nz=0.02 flt=0.05 dmap=+0/-0 shz=3.4 plan=0 cmd=(lx=+0.00,ly=+0.00,rx=+0.45)
  t= 92.1 BRK-TR pos=(-4.90,+2.54) yaw= +52.1 d=0.53 goal_err=+19 carrot_err= +25 c0=1.11 clear=0.74 prog=0.00 rel=0.98 bal=-0.15 obs=225 hard=223 obsc=232 yr= 13G nz=0.02 flt=0.03 dmap=+0/-0 shz=3.4 plan=0 cmd=(lx=+0.00,ly=+0.00,rx=+0.45)
  t= 92.6 BRK-TR pos=(-4.90,+2.54) yaw= +46.1 d=0.53 goal_err=+25 carrot_err= +31 c0=1.11 clear=0.74 prog=0.00 rel=0.98 bal=-0.15 obs=225 hard=223 obsc=232 yr= 14G nz=0.02 flt=0.00 dmap=+0/-0 shz=3.4 plan=0 cmd=(lx=+0.00,ly=+0.00,rx=+0.45)
  t= 93.0 BRK-TR pos=(-4.90,+2.54) yaw= +40.2 d=0.53 goal_err=+31 carrot_err= +37 c0=1.11 clear=0.74 prog=0.00 rel=0.98 bal=-0.04 obs=225 hard=223 obsc=232 yr= 14G nz=0.01 flt=0.01 dmap=+0/-0 shz=3.4 plan=0 cmd=(lx=+0.00,ly=+0.00,rx=+0.45)
  t= 93.5 DWA-F pos=(-4.90,+2.54) yaw= +35.7 d=0.53 goal_err=+35 carrot_err= +42 c0=1.11 clear=0.74 prog=0.00 rel=0.98 bal=-0.04 obs=225 hard=223 obsc=232 yr= 13G nz=0.02 flt=0.03 dmap=+0/-0 shz=3.4 plan=3 cmd=(lx=+0.00,ly=+0.28,rx=-0.45)
  t= 93.9 DWA-F pos=(-4.89,+2.55) yaw= +35.7 d=0.52 goal_err=+36 carrot_err= +43 c0=1.10 clear=0.73 prog=0.02 rel=0.97 bal=+0.04 obs=225 hard=223 obsc=232 yr= 13G nz=0.03 flt=0.14 dmap=+0/-0 shz=3.4 plan=3 cmd=(lx=+0.00,ly=+0.28,rx=-0.45)
  t= 94.3 DWA-F pos=(-4.87,+2.56) yaw= +41.7 d=0.50 goal_err=+32 carrot_err= +39 c0=1.07 clear=0.71 prog=0.06 rel=0.96 bal=-0.03 obs=225 hard=223 obsc=232 yr= 14G nz=0.04 flt=0.03 dmap=+0/-0 shz=3.4 plan=3 cmd=(lx=+0.00,ly=+0.28,rx=-0.45)
  t= 94.8 DWA-F pos=(-4.85,+2.58) yaw= +47.6 d=0.47 goal_err=+28 carrot_err= +36 c0=1.04 clear=0.70 prog=0.10 rel=0.88 bal=-0.07 obs=227 hard=225 obsc=234 yr= 14G nz=0.07 flt=0.01 dmap=+2/-0 shz=3.4 plan=3 cmd=(lx=+0.00,ly=+0.28,rx=-0.45)
  t= 95.2 DWA-T pos=(-4.84,+2.60) yaw= +52.1 d=0.45 goal_err=+24 carrot_err= +33 c0=1.02 clear=0.68 prog=0.13 rel=0.87 bal=-0.07 obs=227 hard=225 obsc=234 yr=  0  nz=0.09 flt=0.02 dmap=+0/-0 shz=3.4 plan=3 cmd=(lx=+0.00,ly=+0.00,rx=+0.00)
  t= 95.7 DWA-T pos=(-4.84,+2.60) yaw= +52.1 d=0.45 goal_err=+24 carrot_err= +33 c0=1.02 clear=0.68 prog=0.13 rel=0.92 bal=-0.07 obs=219 hard=208 obsc=225 yr=  0  nz=0.08 flt=0.06 dmap=+0/-0 shz=3.4 plan=3 cmd=(lx=+0.00,ly=+0.00,rx=+0.00)

  >>> MODO AGRESIVO ON (12s sin acercarse a B): reduzco inflado y holgura (min seguridad 0.24m) para cruzar la puerta.
  t= 96.1 AGR-DWA-T pos=(-4.84,+2.60) yaw= +52.1 d=0.45 goal_err=+24 carrot_err= +33 c0=1.02 clear=0.68 prog=0.09 rel=0.92 bal=-0.07 obs=219 hard=208 obsc=225 yr=  0  nz=0.08 flt=0.06 dmap=+0/-0 shz=3.4 plan=3 cmd=(lx=+0.00,ly=+0.00,rx=+0.00)
  t= 96.6 AGR-BRK-BK pos=(-4.84,+2.60) yaw= +52.1 d=0.45 goal_err=+24 carrot_err= +33 c0=1.02 clear=0.68 prog=0.04 rel=0.92 bal=-0.07 obs=219 hard=208 obsc=225 yr=  0  nz=0.08 flt=0.06 dmap=+0/-0 shz=3.4 plan=0 cmd=(lx=+0.00,ly=-0.35,rx=+0.00)
  t= 97.0 AGR-BRK-TR pos=(-4.87,+2.56) yaw= +52.1 d=0.50 goal_err=+22 carrot_err= +29 c0=1.07 clear=0.71 prog=0.00 rel=0.98 bal=-0.07 obs=216 hard=208 obsc=221 yr=  0G nz=0.02 flt=0.03 dmap=+0/-0 shz=3.2 plan=0 cmd=(lx=+0.00,ly=+0.00,rx=-0.45)
  t= 97.5 AGR-BRK-TR pos=(-4.87,+2.56) yaw= +58.1 d=0.50 goal_err=+16 carrot_err= +23 c0=1.07 clear=0.71 prog=0.00 rel=0.97 bal=-0.07 obs=216 hard=208 obsc=221 yr= 14G nz=0.03 flt=0.09 dmap=+0/-0 shz=3.2 plan=0 cmd=(lx=+0.00,ly=+0.00,rx=-0.45)
  t= 97.9 AGR-BRK-TR pos=(-4.87,+2.56) yaw= +64.0 d=0.50 goal_err=+10 carrot_err= +17 c0=1.07 clear=0.71 prog=0.00 rel=0.97 bal=-0.16 obs=216 hard=208 obsc=221 yr= 14G nz=0.03 flt=0.01 dmap=+0/-0 shz=3.2 plan=0 cmd=(lx=+0.00,ly=+0.00,rx=-0.45)
  t= 98.3 AGR-BRK-TR pos=(-4.87,+2.56) yaw= +70.0 d=0.50 goal_err=+4 carrot_err= +11 c0=1.07 clear=0.71 prog=0.00 rel=0.92 bal=-0.16 obs=217 hard=211 obsc=222 yr= 14G nz=0.04 flt=0.01 dmap=+1/-0 shz=3.2 plan=0 cmd=(lx=+0.00,ly=+0.00,rx=-0.45)
  t= 98.8 AGR-BRK-TR pos=(-4.87,+2.56) yaw= +75.9 d=0.50 goal_err=-2 carrot_err=  +6 c0=1.07 clear=0.71 prog=0.00 rel=0.92 bal=-0.16 obs=217 hard=211 obsc=222 yr= 14G nz=0.03 flt=0.09 dmap=+0/-0 shz=3.2 plan=0 cmd=(lx=+0.00,ly=+0.00,rx=-0.45)
  t= 99.2 AGR-BRK-TR pos=(-4.87,+2.56) yaw= +81.9 d=0.50 goal_err=-8 carrot_err=  -0 c0=1.07 clear=0.72 prog=0.00 rel=0.98 bal=-0.25 obs=217 hard=211 obsc=222 yr= 14G nz=0.02 flt=0.08 dmap=+0/-0 shz=3.2 plan=0 cmd=(lx=+0.00,ly=+0.00,rx=-0.45)
  t= 99.6 AGR-DWA-T pos=(-4.87,+2.57) yaw= +86.4 d=0.49 goal_err=-12 carrot_err=  -5 c0=1.07 clear=0.71 prog=0.01 rel=0.98 bal=-0.25 obs=215 hard=204 obsc=227 yr=  0  nz=0.02 flt=0.01 dmap=+0/-0 shz=3.2 plan=3 cmd=(lx=+0.00,ly=+0.00,rx=+0.00)
  t=100.1 AGR-DWA-T pos=(-4.87,+2.57) yaw= +86.4 d=0.49 goal_err=-13 carrot_err=  -5 c0=1.06 clear=0.71 prog=0.02 rel=0.98 bal=-0.16 obs=214 hard=204 obsc=227 yr=  0  nz=0.02 flt=0.00 dmap=+0/-1 shz=3.2 plan=3 cmd=(lx=+0.00,ly=+0.00,rx=+0.00)
  t=100.5 AGR-DWA-T pos=(-4.87,+2.57) yaw= +86.4 d=0.49 goal_err=-13 carrot_err=  -5 c0=1.06 clear=0.71 prog=0.02 rel=0.97 bal=-0.16 obs=214 hard=204 obsc=227 yr=  0  nz=0.03 flt=0.00 dmap=+0/-0 shz=3.2 plan=3 cmd=(lx=+0.00,ly=+0.00,rx=+0.00)
  t=101.0 AGR-DWA-T pos=(-4.87,+2.57) yaw= +86.4 d=0.49 goal_err=-13 carrot_err=  -5 c0=1.06 clear=0.71 prog=0.02 rel=0.97 bal=-0.16 obs=214 hard=204 obsc=227 yr=  0  nz=0.03 flt=0.00 dmap=+0/-0 shz=3.2 plan=0 cmd=(lx=+0.00,ly=+0.00,rx=+0.00)
  t=101.4 AGR-BRK-BK pos=(-4.87,+2.56) yaw= +86.4 d=0.50 goal_err=-12 carrot_err=  -5 c0=1.07 clear=0.72 prog=0.00 rel=1.00 bal=-0.25 obs=211 hard=202 obsc=222 yr=  0  nz=0.00 flt=0.00 dmap=+0/-0 shz=3.0 plan=0 cmd=(lx=+0.00,ly=-0.35,rx=+0.00)
  t=101.9 AGR-BRK-TR pos=(-4.87,+2.54) yaw= +83.4 d=0.52 goal_err=-9 carrot_err=  -2 c0=1.16 clear=0.78 prog=0.00 rel=0.93 bal=-0.25 obs=205 hard=201 obsc=221 yr= 14G nz=0.07 flt=0.05 dmap=+0/-0 shz=3.0 plan=0 cmd=(lx=+0.00,ly=+0.00,rx=+0.45)
  t=102.3 AGR-BRK-TR pos=(-4.87,+2.54) yaw= +77.4 d=0.52 goal_err=-3 carrot_err=  +4 c0=1.16 clear=0.78 prog=0.00 rel=0.92 bal=-0.28 obs=205 hard=201 obsc=221 yr= 14G nz=0.08 flt=0.00 dmap=+0/-0 shz=3.0 plan=0 cmd=(lx=+0.00,ly=+0.00,rx=+0.45)
  t=102.8 AGR-BRK-TR pos=(-4.87,+2.54) yaw= +71.5 d=0.52 goal_err=+3 carrot_err= +10 c0=1.09 clear=0.73 prog=0.00 rel=0.92 bal=-0.28 obs=205 hard=201 obsc=221 yr= 13G nz=0.08 flt=0.09 dmap=+0/-0 shz=3.0 plan=0 cmd=(lx=+0.00,ly=+0.00,rx=+0.45)
  t=103.2 AGR-BRK-TR pos=(-4.87,+2.54) yaw= +67.0 d=0.52 goal_err=+8 carrot_err= +15 c0=1.09 clear=0.73 prog=0.00 rel=0.93 bal=-0.18 obs=206 hard=202 obsc=222 yr= 14G nz=0.07 flt=0.04 dmap=+0/-0 shz=3.0 plan=0 cmd=(lx=+0.00,ly=+0.00,rx=+0.45)
  t=103.6 AGR-BRK-TR pos=(-4.87,+2.54) yaw= +61.0 d=0.52 goal_err=+14 carrot_err= +21 c0=1.09 clear=0.73 prog=0.00 rel=0.93 bal=-0.18 obs=206 hard=202 obsc=222 yr= 13G nz=0.07 flt=0.01 dmap=+0/-0 shz=3.0 plan=0 cmd=(lx=+0.00,ly=+0.00,rx=+0.45)
  t=104.1 AGR-DWA-F pos=(-4.87,+2.54) yaw= +55.1 d=0.52 goal_err=+20 carrot_err= +27 c0=1.09 clear=0.73 prog=0.00 rel=0.99 bal=-0.18 obs=198 hard=194 obsc=212 yr= 13  nz=0.01 flt=0.01 dmap=+1/-9 shz=3.0 plan=3 cmd=(lx=+0.00,ly=+0.40,rx=+0.00)
  t=104.5 AGR-DWA-T pos=(-4.86,+2.55) yaw= +55.1 d=0.50 goal_err=+20 carrot_err= +28 c0=1.07 clear=0.71 prog=0.03 rel=0.98 bal=-0.18 obs=196 hard=190 obsc=208 yr=  0  nz=0.02 flt=0.00 dmap=+0/-0 shz=3.0 plan=3 cmd=(lx=+0.00,ly=+0.00,rx=+0.00)
  t=105.0 AGR-DWA-T pos=(-4.86,+2.55) yaw= +55.1 d=0.50 goal_err=+20 carrot_err= +28 c0=1.07 clear=0.71 prog=0.03 rel=0.98 bal=-0.18 obs=196 hard=190 obsc=207 yr=  0  nz=0.02 flt=0.00 dmap=+0/-0 shz=3.0 plan=3 cmd=(lx=+0.00,ly=+0.00,rx=+0.00)
  t=105.4 AGR-DWA-T pos=(-4.86,+2.55) yaw= +55.1 d=0.50 goal_err=+20 carrot_err= +28 c0=1.07 clear=0.71 prog=0.04 rel=0.98 bal=-0.18 obs=196 hard=190 obsc=207 yr=  0  nz=0.02 flt=0.00 dmap=+0/-0 shz=3.0 plan=3 cmd=(lx=+0.00,ly=+0.00,rx=+0.00)
  t=105.9 AGR-BRK-BK pos=(-4.86,+2.55) yaw= +55.1 d=0.50 goal_err=+20 carrot_err= +28 c0=1.07 clear=0.71 prog=0.04 rel=0.98 bal=-0.18 obs=196 hard=190 obsc=207 yr=  0  nz=0.02 flt=0.00 dmap=+0/-0 shz=3.0 plan=0 cmd=(lx=+0.00,ly=-0.35,rx=+0.00)
  t=106.3 AGR-BRK-TR pos=(-4.88,+2.51) yaw= +55.1 d=0.55 goal_err=+19 carrot_err= +25 c0=1.12 clear=0.75 prog=0.00 rel=0.97 bal=-0.18 obs=193 hard=188 obsc=205 yr=  0G nz=0.03 flt=0.00 dmap=+0/-0 shz=2.8 plan=0 cmd=(lx=+0.00,ly=+0.00,rx=+0.45)
  t=106.7 AGR-BRK-TR pos=(-4.88,+2.51) yaw= +49.1 d=0.55 goal_err=+25 carrot_err= +31 c0=1.12 clear=0.75 prog=0.00 rel=0.97 bal=-0.11 obs=193 hard=188 obsc=205 yr= 13G nz=0.03 flt=0.10 dmap=+0/-0 shz=2.8 plan=0 cmd=(lx=+0.00,ly=+0.00,rx=+0.45)
  t=107.2 AGR-BRK-TR pos=(-4.88,+2.51) yaw= +44.6 d=0.55 goal_err=+29 carrot_err= +36 c0=1.12 clear=0.75 prog=0.00 rel=0.97 bal=-0.11 obs=194 hard=190 obsc=206 yr= 13G nz=0.03 flt=0.07 dmap=+0/-0 shz=3.0 plan=0 cmd=(lx=+0.00,ly=+0.00,rx=+0.45)
  t=107.6 AGR-BRK-TR pos=(-4.88,+2.51) yaw= +38.7 d=0.55 goal_err=+35 carrot_err= +42 c0=1.12 clear=0.75 prog=0.00 rel=0.97 bal=-0.05 obs=194 hard=190 obsc=206 yr= 14G nz=0.03 flt=0.00 dmap=+0/-0 shz=3.0 plan=0 cmd=(lx=+0.00,ly=+0.00,rx=+0.45)
  t=108.1 AGR-BRK-TR pos=(-4.88,+2.51) yaw= +32.7 d=0.55 goal_err=+41 carrot_err= +47 c0=1.12 clear=0.75 prog=0.00 rel=0.99 bal=-0.05 obs=194 hard=190 obsc=206 yr= 14G nz=0.01 flt=0.06 dmap=+0/-0 shz=3.0 plan=0 cmd=(lx=+0.00,ly=+0.00,rx=+0.45)
  t=108.5 AGR-BRK-TR pos=(-4.88,+2.51) yaw= +26.8 d=0.55 goal_err=+47 carrot_err= +53 c0=1.25 clear=0.84 prog=0.00 rel=0.99 bal=-0.05 obs=194 hard=190 obsc=206 yr= 13G nz=0.01 flt=0.00 dmap=+0/-0 shz=3.0 plan=0 cmd=(lx=+0.00,ly=+0.00,rx=+0.45)
  t=108.9 AGR-DWA-F pos=(-4.87,+2.52) yaw= +26.8 d=0.54 goal_err=+48 carrot_err= +55 c0=1.24 clear=0.83 prog=0.01 rel=0.92 bal=-0.05 obs=194 hard=190 obsc=206 yr= 14G nz=0.08 flt=0.25 dmap=+0/-0 shz=3.0 plan=3 cmd=(lx=+0.00,ly=+0.28,rx=-0.45)
  t=109.4 AGR-DWA-F pos=(-4.85,+2.53) yaw= +32.7 d=0.52 goal_err=+44 carrot_err= +52 c0=1.08 clear=0.72 prog=0.05 rel=0.84 bal=+0.02 obs=197 hard=193 obsc=209 yr= 26G nz=0.11 flt=0.03 dmap=+1/-0 shz=3.0 plan=3 cmd=(lx=+0.00,ly=+0.28,rx=-0.45)
  t=109.8 AGR-DWA-F pos=(-4.82,+2.55) yaw= +38.7 d=0.50 goal_err=+40 carrot_err= +48 c0=1.06 clear=0.70 prog=0.08 rel=0.85 bal=+0.03 obs=197 hard=193 obsc=209 yr= 13G nz=0.15 flt=0.11 dmap=+0/-0 shz=3.0 plan=3 cmd=(lx=+0.00,ly=+0.28,rx=-0.45)
  t=110.3 AGR-DWA-F pos=(-4.81,+2.56) yaw= +43.2 d=0.49 goal_err=+38 carrot_err= +46 c0=1.04 clear=0.69 prog=0.11 rel=0.86 bal=+0.03 obs=198 hard=194 obsc=210 yr= 13G nz=0.14 flt=0.00 dmap=+0/-0 shz=3.0 plan=3 cmd=(lx=+0.00,ly=+0.28,rx=-0.45)
  t=110.7 AGR-DWA-F pos=(-4.79,+2.58) yaw= +49.1 d=0.46 goal_err=+34 carrot_err= +42 c0=1.01 clear=0.67 prog=0.15 rel=0.86 bal=+0.03 obs=199 hard=195 obsc=211 yr= 13G nz=0.14 flt=0.13 dmap=+0/-0 shz=3.2 plan=3 cmd=(lx=+0.00,ly=+0.28,rx=-0.45)
  t=111.2 AGR-DWA-F pos=(-4.77,+2.60) yaw= +55.1 d=0.44 goal_err=+30 carrot_err= +39 c0=0.98 clear=0.65 prog=0.16 rel=0.95 bal=-0.00 obs=199 hard=195 obsc=211 yr= 14G nz=0.05 flt=0.04 dmap=+0/-0 shz=3.3 plan=3 cmd=(lx=+0.00,ly=+0.28,rx=-0.45)
  t=111.6 AGR-DWA-F pos=(-4.76,+2.63) yaw= +61.0 d=0.42 goal_err=+25 carrot_err= +36 c0=0.95 clear=0.64 prog=0.16 rel=0.94 bal=-0.08 obs=200 hard=196 obsc=212 yr= 13G nz=0.06 flt=0.01 dmap=+0/-0 shz=3.3 plan=3 cmd=(lx=+0.00,ly=+0.28,rx=-0.45)
  t=112.1 AGR-DWA-T pos=(-4.74,+2.65) yaw= +67.2 d=0.39 goal_err=+21 carrot_err= +32 c0=0.92 clear=0.61 prog=0.18 rel=0.92 bal=-0.08 obs=200 hard=196 obsc=212 yr= 14  nz=0.07 flt=0.06 dmap=+0/-0 shz=3.2 plan=3 cmd=(lx=+0.00,ly=+0.00,rx=+0.00)
  t=112.5 AGR-DWA-T pos=(-4.74,+2.65) yaw= +67.2 d=0.39 goal_err=+21 carrot_err= +32 c0=0.92 clear=0.61 prog=0.14 rel=0.93 bal=-0.08 obs=183 hard=170 obsc=191 yr=  0  nz=0.07 flt=0.05 dmap=+0/-0 shz=3.2 plan=3 cmd=(lx=+0.00,ly=+0.00,rx=+0.00)
  t=113.0 AGR-DWA-T pos=(-4.74,+2.65) yaw= +67.2 d=0.39 goal_err=+21 carrot_err= +32 c0=0.92 clear=0.61 prog=0.10 rel=0.93 bal=-0.08 obs=183 hard=170 obsc=191 yr=  0  nz=0.07 flt=0.05 dmap=+0/-0 shz=3.2 plan=3 cmd=(lx=+0.00,ly=+0.00,rx=+0.00)
  t=113.4 AGR-BRK-BK pos=(-4.74,+2.65) yaw= +67.2 d=0.39 goal_err=+21 carrot_err= +32 c0=0.92 clear=0.61 prog=0.06 rel=0.93 bal=-0.08 obs=183 hard=170 obsc=191 yr=  0  nz=0.07 flt=0.05 dmap=+0/-0 shz=3.2 plan=0 cmd=(lx=+0.00,ly=-0.35,rx=+0.00)
  t=113.9 AGR-BRK-TR pos=(-4.75,+2.63) yaw= +67.2 d=0.41 goal_err=+20 carrot_err= +30 c0=0.95 clear=0.63 prog=0.00 rel=0.99 bal=-0.08 obs=178 hard=165 obsc=186 yr=  0  nz=0.01 flt=0.00 dmap=+0/-0 shz=3.1 plan=0 cmd=(lx=+0.00,ly=+0.00,rx=+0.45)
  t=114.3 AGR-BRK-TR pos=(-4.76,+2.61) yaw= +64.0 d=0.43 goal_err=+22 carrot_err= +32 c0=0.97 clear=0.65 prog=0.00 rel=0.96 bal=-0.08 obs=178 hard=165 obsc=186 yr= 14G nz=0.04 flt=0.07 dmap=+0/-0 shz=3.1 plan=0 cmd=(lx=+0.00,ly=+0.00,rx=+0.45)
  t=114.7 AGR-BRK-TR pos=(-4.76,+2.61) yaw= +57.6 d=0.43 goal_err=+28 carrot_err= +38 c0=0.97 clear=0.65 prog=0.00 rel=0.96 bal=-0.08 obs=178 hard=165 obsc=186 yr= 14G nz=0.04 flt=0.09 dmap=+0/-0 shz=3.1 plan=0 cmd=(lx=+0.00,ly=+0.00,rx=+0.45)
  t=115.2 AGR-BRK-TR pos=(-4.76,+2.61) yaw= +51.2 d=0.43 goal_err=+35 carrot_err= +45 c0=0.97 clear=0.65 prog=0.00 rel=0.96 bal=+0.03 obs=179 hard=167 obsc=187 yr= 14G nz=0.04 flt=0.02 dmap=+0/-0 shz=3.1 plan=0 cmd=(lx=+0.00,ly=+0.00,rx=+0.45)
  t=115.6 AGR-BRK-TR pos=(-4.76,+2.61) yaw= +45.2 d=0.43 goal_err=+41 carrot_err= +50 c0=0.97 clear=0.65 prog=0.00 rel=0.98 bal=+0.03 obs=179 hard=167 obsc=187 yr= 14G nz=0.02 flt=0.10 dmap=+0/-0 shz=3.1 plan=0 cmd=(lx=+0.00,ly=+0.00,rx=+0.45)
  t=116.1 AGR-BRK-TR pos=(-4.76,+2.61) yaw= +40.7 d=0.43 goal_err=+45 carrot_err= +55 c0=0.97 clear=0.65 prog=0.00 rel=0.99 bal=+0.03 obs=179 hard=167 obsc=187 yr= 13G nz=0.01 flt=0.00 dmap=+0/-0 shz=3.3 plan=0 cmd=(lx=+0.00,ly=+0.00,rx=+0.45)
  t=116.5 AGR-DWA-F pos=(-4.76,+2.61) yaw= +37.8 d=0.43 goal_err=+49 carrot_err= +59 c0=0.96 clear=0.64 prog=0.01 rel=0.99 bal=+0.03 obs=179 hard=167 obsc=187 yr= 13G nz=0.01 flt=0.10 dmap=+0/-0 shz=3.3 plan=3 cmd=(lx=+0.00,ly=+0.28,rx=-0.45)
  t=117.0 AGR-DWA-F pos=(-4.73,+2.63) yaw= +43.7 d=0.41 goal_err=+46 carrot_err= +56 c0=0.94 clear=0.62 prog=0.04 rel=0.98 bal=+0.03 obs=179 hard=167 obsc=187 yr= 14G nz=0.02 flt=0.04 dmap=+0/-0 shz=3.3 plan=3 cmd=(lx=+0.00,ly=+0.28,rx=-0.45)
  t=117.4 AGR-DWA-F pos=(-4.71,+2.65) yaw= +49.7 d=0.39 goal_err=+43 carrot_err= +54 c0=0.91 clear=0.61 prog=0.07 rel=0.96 bal=+0.03 obs=179 hard=167 obsc=187 yr= 13G nz=0.04 flt=0.02 dmap=+0/-0 shz=3.3 plan=3 cmd=(lx=+0.00,ly=+0.28,rx=-0.45)
  t=117.8 AGR-DWA-F pos=(-4.70,+2.67) yaw= +55.6 d=0.37 goal_err=+39 carrot_err= +52 c0=0.88 clear=0.59 prog=0.11 rel=0.93 bal=-0.04 obs=180 hard=169 obsc=188 yr= 13G nz=0.07 flt=0.01 dmap=+0/-0 shz=3.3 plan=3 cmd=(lx=+0.00,ly=+0.28,rx=-0.45)

  LLEGADO a 'B' (-4.73,+3.04); error=0.35 m, colisiones=0.
  [spill] derrames=0 E[N]=0.00 eta_max=0.91 riesgo=0.6%
  [dataset] travesia guardada -> /Users/adrianlendinezibanez/Claude/Projects/G1 ROBOT/dataset/20260708_141200_ours_B.json
  [stats] fila anadida -> /Users/adrianlendinezibanez/Claude/Projects/G1 ROBOT/dataset/runs_stats.csv

Fin goto.
  [META2-L2] estado guardado (meta2_state_abfull.json): Pl={'Efficient_Nav': 1.0, 'Cautious_Nav': 1.0} derrames_run=0
  backend grafico: TkAgg
>>> SIM ADAPTER: conectando a rosbridge ws://localhost:8765 ...
Traceback (most recent call last):
  File "/Users/adrianlendinezibanez/Claude/Projects/G1 ROBOT/g1_sim_adapter.py", line 403, in <module>
    main()
  File "/Users/adrianlendinezibanez/Claude/Projects/G1 ROBOT/g1_sim_adapter.py", line 289, in main
    bridge = RosBridge(SIM_URL)
             ^^^^^^^^^^^^^^^^^^
  File "/Users/adrianlendinezibanez/Claude/Projects/G1 ROBOT/g1_sim_adapter.py", line 85, in __init__
    self._connect()
  File "/Users/adrianlendinezibanez/Claude/Projects/G1 ROBOT/g1_sim_adapter.py", line 90, in _connect
    self.ws = self._ws_mod.create_connection(self.url, timeout=5)
              ^^^^^^^^^^^^^^^^^^^^^^^^^^^^^^^^^^^^^^^^^^^^^^^^^^^
  File "/Users/adrianlendinezibanez/unitree_webrtc_connect/.venv/lib/python3.11/site-packages/websocket/_core.py", line 664, in create_connection
    websock.connect(url, **options)
  File "/Users/adrianlendinezibanez/unitree_webrtc_connect/.venv/lib/python3.11/site-packages/websocket/_core.py", line 268, in connect
    self.handshake_response = handshake(self.sock, url, *addrs, **options)
                              ^^^^^^^^^^^^^^^^^^^^^^^^^^^^^^^^^^^^^^^^^^^^
  File "/Users/adrianlendinezibanez/unitree_webrtc_connect/.venv/lib/python3.11/site-packages/websocket/_handshake.py", line 66, in handshake
    status, resp = _get_resp_headers(sock)
                   ^^^^^^^^^^^^^^^^^^^^^^^
  File "/Users/adrianlendinezibanez/unitree_webrtc_connect/.venv/lib/python3.11/site-packages/websocket/_handshake.py", line 142, in _get_resp_headers
    status, resp_headers, status_message = read_headers(sock)
                                           ^^^^^^^^^^^^^^^^^^
  File "/Users/adrianlendinezibanez/unitree_webrtc_connect/.venv/lib/python3.11/site-packages/websocket/_http.py", line 385, in read_headers
    line = recv_line(sock)
           ^^^^^^^^^^^^^^^
  File "/Users/adrianlendinezibanez/unitree_webrtc_connect/.venv/lib/python3.11/site-packages/websocket/_socket.py", line 151, in recv_line
    c = recv(sock, 1)
        ^^^^^^^^^^^^^
  File "/Users/adrianlendinezibanez/unitree_webrtc_connect/.venv/lib/python3.11/site-packages/websocket/_socket.py", line 143, in recv
    raise WebSocketConnectionClosedException("Connection to remote host was lost.")
websocket._exceptions.WebSocketConnectionClosedException: Connection to remote host was lost.
  backend grafico: TkAgg
>>> SIM ADAPTER: conectando a rosbridge ws://localhost:8765 ...
Traceback (most recent call last):
  File "/Users/adrianlendinezibanez/Claude/Projects/G1 ROBOT/g1_sim_adapter.py", line 403, in <module>
    main()
  File "/Users/adrianlendinezibanez/Claude/Projects/G1 ROBOT/g1_sim_adapter.py", line 289, in main
    bridge = RosBridge(SIM_URL)
             ^^^^^^^^^^^^^^^^^^
  File "/Users/adrianlendinezibanez/Claude/Projects/G1 ROBOT/g1_sim_adapter.py", line 85, in __init__
    self._connect()
  File "/Users/adrianlendinezibanez/Claude/Projects/G1 ROBOT/g1_sim_adapter.py", line 90, in _connect
    self.ws = self._ws_mod.create_connection(self.url, timeout=5)
              ^^^^^^^^^^^^^^^^^^^^^^^^^^^^^^^^^^^^^^^^^^^^^^^^^^^
  File "/Users/adrianlendinezibanez/unitree_webrtc_connect/.venv/lib/python3.11/site-packages/websocket/_core.py", line 664, in create_connection
    websock.connect(url, **options)
  File "/Users/adrianlendinezibanez/unitree_webrtc_connect/.venv/lib/python3.11/site-packages/websocket/_core.py", line 268, in connect
    self.handshake_response = handshake(self.sock, url, *addrs, **options)
                              ^^^^^^^^^^^^^^^^^^^^^^^^^^^^^^^^^^^^^^^^^^^^
  File "/Users/adrianlendinezibanez/unitree_webrtc_connect/.venv/lib/python3.11/site-packages/websocket/_handshake.py", line 66, in handshake
    status, resp = _get_resp_headers(sock)
                   ^^^^^^^^^^^^^^^^^^^^^^^
  File "/Users/adrianlendinezibanez/unitree_webrtc_connect/.venv/lib/python3.11/site-packages/websocket/_handshake.py", line 142, in _get_resp_headers
    status, resp_headers, status_message = read_headers(sock)
                                           ^^^^^^^^^^^^^^^^^^
  File "/Users/adrianlendinezibanez/unitree_webrtc_connect/.venv/lib/python3.11/site-packages/websocket/_http.py", line 385, in read_headers
    line = recv_line(sock)
           ^^^^^^^^^^^^^^^
  File "/Users/adrianlendinezibanez/unitree_webrtc_connect/.venv/lib/python3.11/site-packages/websocket/_socket.py", line 151, in recv_line
    c = recv(sock, 1)
        ^^^^^^^^^^^^^
  File "/Users/adrianlendinezibanez/unitree_webrtc_connect/.venv/lib/python3.11/site-packages/websocket/_socket.py", line 143, in recv
    raise WebSocketConnectionClosedException("Connection to remote host was lost.")
websocket._exceptions.WebSocketConnectionClosedException: Connection to remote host was lost.
  backend grafico: TkAgg
>>> SIM ADAPTER: conectando a rosbridge ws://localhost:8765 ...
Traceback (most recent call last):
  File "/Users/adrianlendinezibanez/Claude/Projects/G1 ROBOT/g1_sim_adapter.py", line 403, in <module>
    main()
  File "/Users/adrianlendinezibanez/Claude/Projects/G1 ROBOT/g1_sim_adapter.py", line 289, in main
    bridge = RosBridge(SIM_URL)
             ^^^^^^^^^^^^^^^^^^
  File "/Users/adrianlendinezibanez/Claude/Projects/G1 ROBOT/g1_sim_adapter.py", line 85, in __init__
    self._connect()
  File "/Users/adrianlendinezibanez/Claude/Projects/G1 ROBOT/g1_sim_adapter.py", line 90, in _connect
    self.ws = self._ws_mod.create_connection(self.url, timeout=5)
              ^^^^^^^^^^^^^^^^^^^^^^^^^^^^^^^^^^^^^^^^^^^^^^^^^^^
  File "/Users/adrianlendinezibanez/unitree_webrtc_connect/.venv/lib/python3.11/site-packages/websocket/_core.py", line 664, in create_connection
    websock.connect(url, **options)
  File "/Users/adrianlendinezibanez/unitree_webrtc_connect/.venv/lib/python3.11/site-packages/websocket/_core.py", line 268, in connect
    self.handshake_response = handshake(self.sock, url, *addrs, **options)
                              ^^^^^^^^^^^^^^^^^^^^^^^^^^^^^^^^^^^^^^^^^^^^
  File "/Users/adrianlendinezibanez/unitree_webrtc_connect/.venv/lib/python3.11/site-packages/websocket/_handshake.py", line 66, in handshake
    status, resp = _get_resp_headers(sock)
                   ^^^^^^^^^^^^^^^^^^^^^^^
  File "/Users/adrianlendinezibanez/unitree_webrtc_connect/.venv/lib/python3.11/site-packages/websocket/_handshake.py", line 142, in _get_resp_headers
    status, resp_headers, status_message = read_headers(sock)
                                           ^^^^^^^^^^^^^^^^^^
  File "/Users/adrianlendinezibanez/unitree_webrtc_connect/.venv/lib/python3.11/site-packages/websocket/_http.py", line 385, in read_headers
    line = recv_line(sock)
           ^^^^^^^^^^^^^^^
  File "/Users/adrianlendinezibanez/unitree_webrtc_connect/.venv/lib/python3.11/site-packages/websocket/_socket.py", line 151, in recv_line
    c = recv(sock, 1)
        ^^^^^^^^^^^^^
  File "/Users/adrianlendinezibanez/unitree_webrtc_connect/.venv/lib/python3.11/site-packages/websocket/_socket.py", line 143, in recv
    raise WebSocketConnectionClosedException("Connection to remote host was lost.")
websocket._exceptions.WebSocketConnectionClosedException: Connection to remote host was lost.
  backend grafico: TkAgg
>>> SIM ADAPTER: conectando a rosbridge ws://localhost:8765 ...
Traceback (most recent call last):
  File "/Users/adrianlendinezibanez/Claude/Projects/G1 ROBOT/g1_sim_adapter.py", line 403, in <module>
    main()
  File "/Users/adrianlendinezibanez/Claude/Projects/G1 ROBOT/g1_sim_adapter.py", line 289, in main
    bridge = RosBridge(SIM_URL)
             ^^^^^^^^^^^^^^^^^^
  File "/Users/adrianlendinezibanez/Claude/Projects/G1 ROBOT/g1_sim_adapter.py", line 85, in __init__
    self._connect()
  File "/Users/adrianlendinezibanez/Claude/Projects/G1 ROBOT/g1_sim_adapter.py", line 90, in _connect
    self.ws = self._ws_mod.create_connection(self.url, timeout=5)
              ^^^^^^^^^^^^^^^^^^^^^^^^^^^^^^^^^^^^^^^^^^^^^^^^^^^
  File "/Users/adrianlendinezibanez/unitree_webrtc_connect/.venv/lib/python3.11/site-packages/websocket/_core.py", line 664, in create_connection
    websock.connect(url, **options)
  File "/Users/adrianlendinezibanez/unitree_webrtc_connect/.venv/lib/python3.11/site-packages/websocket/_core.py", line 268, in connect
    self.handshake_response = handshake(self.sock, url, *addrs, **options)
                              ^^^^^^^^^^^^^^^^^^^^^^^^^^^^^^^^^^^^^^^^^^^^
  File "/Users/adrianlendinezibanez/unitree_webrtc_connect/.venv/lib/python3.11/site-packages/websocket/_handshake.py", line 66, in handshake
    status, resp = _get_resp_headers(sock)
                   ^^^^^^^^^^^^^^^^^^^^^^^
  File "/Users/adrianlendinezibanez/unitree_webrtc_connect/.venv/lib/python3.11/site-packages/websocket/_handshake.py", line 142, in _get_resp_headers
    status, resp_headers, status_message = read_headers(sock)
                                           ^^^^^^^^^^^^^^^^^^
  File "/Users/adrianlendinezibanez/unitree_webrtc_connect/.venv/lib/python3.11/site-packages/websocket/_http.py", line 385, in read_headers
    line = recv_line(sock)
           ^^^^^^^^^^^^^^^
  File "/Users/adrianlendinezibanez/unitree_webrtc_connect/.venv/lib/python3.11/site-packages/websocket/_socket.py", line 151, in recv_line
    c = recv(sock, 1)
        ^^^^^^^^^^^^^
  File "/Users/adrianlendinezibanez/unitree_webrtc_connect/.venv/lib/python3.11/site-packages/websocket/_socket.py", line 143, in recv
    raise WebSocketConnectionClosedException("Connection to remote host was lost.")
websocket._exceptions.WebSocketConnectionClosedException: Connection to remote host was lost.
  backend grafico: TkAgg
>>> SIM ADAPTER: conectando a rosbridge ws://localhost:8765 ...
Traceback (most recent call last):
  File "/Users/adrianlendinezibanez/Claude/Projects/G1 ROBOT/g1_sim_adapter.py", line 403, in <module>
    main()
  File "/Users/adrianlendinezibanez/Claude/Projects/G1 ROBOT/g1_sim_adapter.py", line 289, in main
    bridge = RosBridge(SIM_URL)
             ^^^^^^^^^^^^^^^^^^
  File "/Users/adrianlendinezibanez/Claude/Projects/G1 ROBOT/g1_sim_adapter.py", line 85, in __init__
    self._connect()
  File "/Users/adrianlendinezibanez/Claude/Projects/G1 ROBOT/g1_sim_adapter.py", line 90, in _connect
    self.ws = self._ws_mod.create_connection(self.url, timeout=5)
              ^^^^^^^^^^^^^^^^^^^^^^^^^^^^^^^^^^^^^^^^^^^^^^^^^^^
  File "/Users/adrianlendinezibanez/unitree_webrtc_connect/.venv/lib/python3.11/site-packages/websocket/_core.py", line 664, in create_connection
    websock.connect(url, **options)
  File "/Users/adrianlendinezibanez/unitree_webrtc_connect/.venv/lib/python3.11/site-packages/websocket/_core.py", line 268, in connect
    self.handshake_response = handshake(self.sock, url, *addrs, **options)
                              ^^^^^^^^^^^^^^^^^^^^^^^^^^^^^^^^^^^^^^^^^^^^
  File "/Users/adrianlendinezibanez/unitree_webrtc_connect/.venv/lib/python3.11/site-packages/websocket/_handshake.py", line 66, in handshake
    status, resp = _get_resp_headers(sock)
                   ^^^^^^^^^^^^^^^^^^^^^^^
  File "/Users/adrianlendinezibanez/unitree_webrtc_connect/.venv/lib/python3.11/site-packages/websocket/_handshake.py", line 142, in _get_resp_headers
    status, resp_headers, status_message = read_headers(sock)
                                           ^^^^^^^^^^^^^^^^^^
  File "/Users/adrianlendinezibanez/unitree_webrtc_connect/.venv/lib/python3.11/site-packages/websocket/_http.py", line 385, in read_headers
    line = recv_line(sock)
           ^^^^^^^^^^^^^^^
  File "/Users/adrianlendinezibanez/unitree_webrtc_connect/.venv/lib/python3.11/site-packages/websocket/_socket.py", line 151, in recv_line
    c = recv(sock, 1)
        ^^^^^^^^^^^^^
  File "/Users/adrianlendinezibanez/unitree_webrtc_connect/.venv/lib/python3.11/site-packages/websocket/_socket.py", line 143, in recv
    raise WebSocketConnectionClosedException("Connection to remote host was lost.")
websocket._exceptions.WebSocketConnectionClosedException: Connection to remote host was lost.
  backend grafico: TkAgg
>>> SIM ADAPTER: conectando a rosbridge ws://localhost:8765 ...
Traceback (most recent call last):
  File "/Users/adrianlendinezibanez/Claude/Projects/G1 ROBOT/g1_sim_adapter.py", line 403, in <module>
    main()
  File "/Users/adrianlendinezibanez/Claude/Projects/G1 ROBOT/g1_sim_adapter.py", line 289, in main
    bridge = RosBridge(SIM_URL)
             ^^^^^^^^^^^^^^^^^^
  File "/Users/adrianlendinezibanez/Claude/Projects/G1 ROBOT/g1_sim_adapter.py", line 85, in __init__
    self._connect()
  File "/Users/adrianlendinezibanez/Claude/Projects/G1 ROBOT/g1_sim_adapter.py", line 90, in _connect
    self.ws = self._ws_mod.create_connection(self.url, timeout=5)
              ^^^^^^^^^^^^^^^^^^^^^^^^^^^^^^^^^^^^^^^^^^^^^^^^^^^
  File "/Users/adrianlendinezibanez/unitree_webrtc_connect/.venv/lib/python3.11/site-packages/websocket/_core.py", line 664, in create_connection
    websock.connect(url, **options)
  File "/Users/adrianlendinezibanez/unitree_webrtc_connect/.venv/lib/python3.11/site-packages/websocket/_core.py", line 268, in connect
    self.handshake_response = handshake(self.sock, url, *addrs, **options)
                              ^^^^^^^^^^^^^^^^^^^^^^^^^^^^^^^^^^^^^^^^^^^^
  File "/Users/adrianlendinezibanez/unitree_webrtc_connect/.venv/lib/python3.11/site-packages/websocket/_handshake.py", line 66, in handshake
    status, resp = _get_resp_headers(sock)
                   ^^^^^^^^^^^^^^^^^^^^^^^
  File "/Users/adrianlendinezibanez/unitree_webrtc_connect/.venv/lib/python3.11/site-packages/websocket/_handshake.py", line 142, in _get_resp_headers
    status, resp_headers, status_message = read_headers(sock)
                                           ^^^^^^^^^^^^^^^^^^
  File "/Users/adrianlendinezibanez/unitree_webrtc_connect/.venv/lib/python3.11/site-packages/websocket/_http.py", line 385, in read_headers
    line = recv_line(sock)
           ^^^^^^^^^^^^^^^
  File "/Users/adrianlendinezibanez/unitree_webrtc_connect/.venv/lib/python3.11/site-packages/websocket/_socket.py", line 151, in recv_line
    c = recv(sock, 1)
        ^^^^^^^^^^^^^
  File "/Users/adrianlendinezibanez/unitree_webrtc_connect/.venv/lib/python3.11/site-packages/websocket/_socket.py", line 143, in recv
    raise WebSocketConnectionClosedException("Connection to remote host was lost.")
websocket._exceptions.WebSocketConnectionClosedException: Connection to remote host was lost.
  backend grafico: TkAgg
>>> SIM ADAPTER: conectando a rosbridge ws://localhost:8765 ...
  esperando /odom (hasta 30s; el mundo del lab tarda en cargar)... ok
  /odom OK pose=(+0.99,+0.57) | /scan: OK
  escenario LAB: mapa/waypoints/puerta REALES (lab.world solo-paredes, frame G1)

>>> GOTO 'B' -> (-4.73,+3.04). Mando en mano (L2+B). Ctrl+C aborta.
    ENTORNO: SIM (id: lab_v1_ab_full)  — esta run se registra como SIMULACION, no cuenta como run de robot
  Esperando pose localizada y primera nube... ok.
  FRAME-CHECK start=(+0.99,+0.57) wp_mas_cercano=A(+0.99,+0.57) offset=0.00m  -> frame OK (pose y waypoints alineados)
  [spill] payload de agua simulado (semilla=20260721_100042_ours_B.json)
  [META2-DOOR] variante de engagement: Door_Direct (Pl={Door_Direct:1.00, Door_Far:1.00, Door_BiasPlus:1.00})
  META2 ACTIVO (techo por analogia): Meta-Reasoner 2.0, analogia inicial Cautious_Nav

  !!!!!!!!!!!!!!!!!!!!!!!!!!!!!!!!!!!!!!!!!!!!!!!!!!!!!!!!!!!!!!!!!!!!!!!!!!
  !!  VISION OFF (G1_PERC sin definir) pero G1_NOVIS=1: navego SIN vision bajo tu responsabilidad.
  !!  La MESA invisible al LiDAR no se vera.
  !!!!!!!!!!!!!!!!!!!!!!!!!!!!!!!!!!!!!!!!!!!!!!!!!!!!!!!!!!!!!!!!!!!!!!!!!!

  mapa de referencia: 961 celdas | muebles estaticos (nav_map): 0 celdas | plan global: static
  t=  0.0 DWA-F pos=(+0.99,+0.57) yaw=-120.3 d=6.23 goal_err=-83 carrot_err= -62 c0=2.25 clear=1.00 prog=0.00 rel=1.00 bal=+0.19 obs=108 hard=108 obsc=108 yr=  0  nz=0.00 flt=0.19 dmap=+108/-0 shz=0.0 plan=34 cmd=(lx=+0.00,ly=+0.40,rx=+0.45)
  t=  0.4 DWA-F pos=(+0.96,+0.52) yaw=-126.7 d=6.22 goal_err=-77 carrot_err= -59 c0=2.19 clear=1.00 prog=0.07 rel=1.00 bal=+0.29 obs=111 hard=111 obsc=111 yr= 15G nz=0.00 flt=0.21 dmap=+0/-0 shz=4.7 plan=34 cmd=(lx=+0.00,ly=+0.40,rx=+0.45)
  t=  0.9 DWA-F pos=(+0.92,+0.47) yaw=-133.2 d=6.21 goal_err=-71 carrot_err= -57 c0=2.19 clear=1.00 prog=0.10 rel=0.95 bal=+0.41 obs=111 hard=111 obsc=111 yr= 16G nz=0.05 flt=0.02 dmap=+0/-0 shz=4.7 plan=34 cmd=(lx=+0.00,ly=+0.40,rx=+0.45)
  t=  1.3 DWA-F pos=(+0.88,+0.43) yaw=-139.6 d=6.18 goal_err=-65 carrot_err= -38 c0=2.50 clear=1.00 prog=0.12 rel=0.95 bal=+0.41 obs=111 hard=111 obsc=111 yr= 15G nz=0.05 flt=0.02 dmap=+0/-0 shz=4.2 plan=34 cmd=(lx=+0.00,ly=+0.40,rx=+0.45)
  t=  1.7 DWA-F pos=(+0.83,+0.39) yaw=-144.4 d=6.16 goal_err=-61 carrot_err= -36 c0=2.50 clear=1.00 prog=0.14 rel=0.84 bal=+0.42 obs=125 hard=125 obsc=153 yr=  0  nz=0.16 flt=0.04 dmap=+14/-0 shz=4.1 plan=33 cmd=(lx=+0.00,ly=+0.40,rx=+0.00)
  t=  2.1 DWA-F pos=(+0.78,+0.36) yaw=-147.6 d=6.13 goal_err=-58 carrot_err= -35 c0=2.50 clear=1.00 prog=0.17 rel=0.79 bal=+0.42 obs=125 hard=125 obsc=153 yr= 15G nz=0.21 flt=0.02 dmap=+0/-0 shz=4.2 plan=33 cmd=(lx=+0.00,ly=+0.40,rx=+0.00)
  t=  2.6 DWA-F pos=(+0.74,+0.33) yaw=-149.2 d=6.10 goal_err=-57 carrot_err= -36 c0=2.50 clear=1.00 prog=0.20 rel=0.81 bal=+0.43 obs=144 hard=131 obsc=163 yr=  0  nz=0.19 flt=0.00 dmap=+0/-0 shz=4.1 plan=33 cmd=(lx=+0.00,ly=+0.40,rx=+0.45)
  t=  3.0 DWA-F pos=(+0.70,+0.31) yaw=-152.4 d=6.08 goal_err=-54 carrot_err= -35 c0=2.50 clear=1.00 prog=0.21 rel=0.99 bal=+0.43 obs=150 hard=135 obsc=167 yr=  0  nz=0.01 flt=0.11 dmap=+0/-0 shz=4.2 plan=33 cmd=(lx=+0.00,ly=+0.40,rx=+0.00)
  t=  3.4 DWA-F pos=(+0.66,+0.29) yaw=-152.4 d=6.05 goal_err=-55 carrot_err= -35 c0=2.50 clear=1.00 prog=0.21 rel=0.99 bal=+0.44 obs=159 hard=139 obsc=170 yr=  0  nz=0.01 flt=0.00 dmap=+3/-2 shz=4.1 plan=32 cmd=(lx=+0.00,ly=+0.40,rx=+0.00)
  t=  3.8 DWA-F pos=(+0.62,+0.27) yaw=-152.4 d=6.03 goal_err=-55 carrot_err= -36 c0=2.50 clear=1.00 prog=0.20 rel=0.99 bal=+0.36 obs=159 hard=148 obsc=168 yr=  0  nz=0.01 flt=0.00 dmap=+0/-0 shz=4.0 plan=32 cmd=(lx=+0.00,ly=+0.40,rx=+0.00)
  t=  4.3 DWA-F pos=(+0.57,+0.25) yaw=-155.6 d=5.99 goal_err=-52 carrot_err= -36 c0=2.50 clear=1.00 prog=0.21 rel=0.99 bal=+0.37 obs=160 hard=154 obsc=170 yr= 15G nz=0.01 flt=0.15 dmap=+0/-0 shz=4.1 plan=32 cmd=(lx=+0.00,ly=+0.40,rx=+0.00)
  t=  4.7 DWA-F pos=(+0.53,+0.23) yaw=-157.2 d=5.97 goal_err=-51 carrot_err= -36 c0=2.50 clear=1.00 prog=0.21 rel=0.99 bal=+0.38 obs=161 hard=159 obsc=171 yr=  0  nz=0.01 flt=0.01 dmap=+1/-0 shz=4.0 plan=32 cmd=(lx=+0.00,ly=+0.40,rx=+0.00)
  t=  5.1 DWA-F pos=(+0.49,+0.21) yaw=-157.2 d=5.94 goal_err=-51 carrot_err= -22 c0=2.50 clear=1.00 prog=0.22 rel=0.99 bal=+0.39 obs=162 hard=162 obsc=172 yr=  0  nz=0.01 flt=0.02 dmap=+0/-0 shz=4.1 plan=32 cmd=(lx=+0.00,ly=+0.40,rx=+0.00)
  t=  5.6 DWA-F pos=(+0.45,+0.19) yaw=-157.2 d=5.91 goal_err=-52 carrot_err= -23 c0=2.50 clear=1.00 prog=0.22 rel=0.99 bal=+0.41 obs=165 hard=164 obsc=174 yr=  0  nz=0.01 flt=0.01 dmap=+0/-0 shz=4.0 plan=32 cmd=(lx=+0.00,ly=+0.40,rx=+0.00)
  t=  6.0 DWA-F pos=(+0.41,+0.18) yaw=-157.2 d=5.88 goal_err=-52 carrot_err= -24 c0=2.50 clear=1.00 prog=0.23 rel=0.99 bal=+0.42 obs=166 hard=165 obsc=177 yr=  0  nz=0.01 flt=0.00 dmap=+1/-1 shz=4.0 plan=32 cmd=(lx=+0.00,ly=+0.40,rx=+0.00)
  t=  6.4 DWA-F pos=(+0.37,+0.16) yaw=-157.2 d=5.86 goal_err=-52 carrot_err= -26 c0=2.50 clear=1.00 prog=0.21 rel=0.99 bal=+0.43 obs=167 hard=165 obsc=176 yr=  0  nz=0.01 flt=0.00 dmap=+0/-0 shz=4.1 plan=31 cmd=(lx=+0.00,ly=+0.40,rx=+0.00)
  t=  6.8 DWA-F pos=(+0.33,+0.14) yaw=-157.2 d=5.83 goal_err=-53 carrot_err= -27 c0=2.50 clear=1.00 prog=0.21 rel=0.98 bal=+0.44 obs=167 hard=165 obsc=176 yr=  0  nz=0.01 flt=0.01 dmap=+0/-0 shz=4.0 plan=31 cmd=(lx=+0.00,ly=+0.40,rx=+0.00)
  t=  7.3 DWA-F pos=(+0.29,+0.13) yaw=-157.2 d=5.80 goal_err=-53 carrot_err= -15 c0=2.50 clear=1.00 prog=0.21 rel=0.98 bal=+0.45 obs=167 hard=166 obsc=176 yr=  0  nz=0.02 flt=0.00 dmap=+0/-0 shz=4.1 plan=31 cmd=(lx=+0.00,ly=+0.40,rx=+0.00)
  t=  7.7 DWA-F pos=(+0.25,+0.11) yaw=-157.2 d=5.77 goal_err=-53 carrot_err= -15 c0=2.50 clear=1.00 prog=0.21 rel=0.99 bal=+0.45 obs=167 hard=167 obsc=176 yr=  0  nz=0.01 flt=0.00 dmap=+0/-0 shz=4.0 plan=31 cmd=(lx=+0.00,ly=+0.40,rx=+0.00)
  t=  8.1 DWA-F pos=(+0.19,+0.09) yaw=-157.2 d=5.74 goal_err=-54 carrot_err= -17 c0=2.50 clear=1.00 prog=0.22 rel=0.99 bal=+0.46 obs=166 hard=166 obsc=177 yr=  0  nz=0.01 flt=0.00 dmap=+0/-0 shz=4.0 plan=30 cmd=(lx=+0.00,ly=+0.40,rx=+0.00)
  t=  8.6 DWA-F pos=(+0.15,+0.07) yaw=-157.2 d=5.72 goal_err=-54 carrot_err= -18 c0=2.50 clear=1.00 prog=0.22 rel=0.99 bal=+0.39 obs=169 hard=168 obsc=177 yr=  0  nz=0.01 flt=0.02 dmap=+0/-0 shz=4.0 plan=30 cmd=(lx=+0.00,ly=+0.40,rx=+0.00)
  t=  9.0 DWA-F pos=(+0.11,+0.05) yaw=-157.2 d=5.69 goal_err=-54 carrot_err= -19 c0=2.46 clear=1.00 prog=0.22 rel=0.98 bal=+0.40 obs=170 hard=169 obsc=178 yr=  0  nz=0.02 flt=0.01 dmap=+0/-0 shz=4.0 plan=30 cmd=(lx=+0.00,ly=+0.40,rx=+0.00)
  t=  9.4 DWA-F pos=(+0.07,+0.04) yaw=-157.2 d=5.66 goal_err=-55 carrot_err= -20 c0=2.41 clear=1.00 prog=0.21 rel=0.95 bal=+0.40 obs=170 hard=170 obsc=179 yr=  0  nz=0.05 flt=0.00 dmap=+0/-0 shz=4.0 plan=29 cmd=(lx=+0.00,ly=+0.40,rx=+0.00)
  t=  9.8 DWA-F pos=(+0.03,+0.02) yaw=-157.2 d=5.64 goal_err=-55 carrot_err= -22 c0=2.37 clear=1.00 prog=0.20 rel=0.93 bal=+0.40 obs=172 hard=172 obsc=180 yr=  0  nz=0.07 flt=0.01 dmap=+0/-0 shz=4.0 plan=29 cmd=(lx=+0.00,ly=+0.40,rx=+0.00)
  t= 10.3 DWA-F pos=(-0.02,-0.00) yaw=-157.2 d=5.61 goal_err=-56 carrot_err= -23 c0=2.31 clear=1.00 prog=0.21 rel=0.92 bal=+0.41 obs=169 hard=170 obsc=179 yr=  0  nz=0.08 flt=0.00 dmap=+0/-1 shz=4.0 plan=29 cmd=(lx=+0.00,ly=+0.40,rx=+0.00)
  t= 10.7 DWA-F pos=(-0.05,-0.02) yaw=-157.2 d=5.59 goal_err=-56 carrot_err= -24 c0=2.28 clear=1.00 prog=0.20 rel=0.91 bal=+0.43 obs=173 hard=173 obsc=182 yr=  0  nz=0.09 flt=0.01 dmap=+3/-0 shz=4.0 plan=29 cmd=(lx=+0.00,ly=+0.40,rx=+0.00)
  t= 11.1 DWA-F pos=(-0.09,-0.03) yaw=-157.2 d=5.56 goal_err=-56 carrot_err= -26 c0=2.24 clear=1.00 prog=0.20 rel=0.90 bal=+0.45 obs=173 hard=173 obsc=183 yr=  0  nz=0.10 flt=0.01 dmap=+0/-0 shz=4.0 plan=29 cmd=(lx=+0.00,ly=+0.40,rx=+0.00)
  t= 11.6 DWA-F pos=(-0.11,-0.04) yaw=-157.2 d=5.55 goal_err=-57 carrot_err= -26 c0=2.21 clear=1.00 prog=0.17 rel=0.90 bal=+0.46 obs=174 hard=172 obsc=181 yr=  0  nz=0.10 flt=0.00 dmap=+1/-0 shz=4.0 plan=29 cmd=(lx=+0.00,ly=+0.40,rx=+0.00)
  t= 12.0 DWA-F pos=(-0.15,-0.06) yaw=-157.2 d=5.53 goal_err=-57 carrot_err= -27 c0=2.17 clear=1.00 prog=0.16 rel=0.93 bal=+0.47 obs=174 hard=172 obsc=181 yr=  0  nz=0.07 flt=0.01 dmap=+0/-0 shz=4.0 plan=29 cmd=(lx=+0.00,ly=+0.40,rx=+0.00)
  t= 12.4 DWA-F pos=(-0.19,-0.08) yaw=-157.2 d=5.50 goal_err=-57 carrot_err= -28 c0=2.13 clear=1.00 prog=0.16 rel=0.94 bal=+0.49 obs=174 hard=174 obsc=181 yr=  0  nz=0.07 flt=0.02 dmap=+0/-0 shz=4.0 plan=29 cmd=(lx=+0.00,ly=+0.40,rx=+0.00)
  t= 12.8 DWA-F pos=(-0.24,-0.09) yaw=-157.2 d=5.48 goal_err=-58 carrot_err= -30 c0=2.08 clear=1.00 prog=0.17 rel=0.93 bal=+0.50 obs=175 hard=174 obsc=182 yr=  0  nz=0.07 flt=0.00 dmap=+0/-0 shz=4.0 plan=28 cmd=(lx=+0.00,ly=+0.40,rx=+0.00)
  t= 13.3 DWA-F pos=(-0.28,-0.11) yaw=-157.2 d=5.46 goal_err=-58 carrot_err= -32 c0=2.04 clear=1.00 prog=0.18 rel=0.92 bal=+0.51 obs=179 hard=178 obsc=185 yr=  0  nz=0.08 flt=0.01 dmap=+2/-0 shz=4.0 plan=28 cmd=(lx=+0.00,ly=+0.40,rx=+0.00)
  t= 13.7 DWA-F pos=(-0.32,-0.13) yaw=-157.2 d=5.43 goal_err=-58 carrot_err= -31 c0=1.99 clear=1.00 prog=0.19 rel=0.92 bal=+0.52 obs=178 hard=178 obsc=185 yr=  0  nz=0.08 flt=0.02 dmap=+0/-0 shz=4.0 plan=28 cmd=(lx=+0.00,ly=+0.40,rx=+0.00)
  t= 14.1 DWA-F pos=(-0.37,-0.15) yaw=-157.2 d=5.40 goal_err=-59 carrot_err= -33 c0=1.94 clear=1.00 prog=0.19 rel=0.90 bal=+0.53 obs=179 hard=179 obsc=186 yr=  0  nz=0.10 flt=0.00 dmap=+0/-0 shz=4.0 plan=27 cmd=(lx=+0.00,ly=+0.40,rx=+0.00)
  t= 14.6 DWA-F pos=(-0.41,-0.17) yaw=-157.2 d=5.38 goal_err=-59 carrot_err= -35 c0=1.90 clear=1.00 prog=0.19 rel=0.90 bal=+0.53 obs=180 hard=180 obsc=187 yr=  0  nz=0.10 flt=0.01 dmap=+0/-0 shz=4.0 plan=27 cmd=(lx=+0.00,ly=+0.40,rx=+0.00)
  t= 15.0 DWA-F pos=(-0.45,-0.18) yaw=-157.2 d=5.36 goal_err=-60 carrot_err= -37 c0=1.85 clear=1.00 prog=0.19 rel=0.91 bal=+0.54 obs=182 hard=181 obsc=188 yr=  0  nz=0.10 flt=0.01 dmap=+0/-0 shz=4.0 plan=27 cmd=(lx=+0.00,ly=+0.40,rx=+0.00)
  t= 15.4 DWA-F pos=(-0.49,-0.20) yaw=-160.4 d=5.34 goal_err=-57 carrot_err= -35 c0=1.81 clear=1.00 prog=0.18 rel=0.91 bal=+0.55 obs=183 hard=180 obsc=188 yr= 15G nz=0.09 flt=0.14 dmap=+0/-0 shz=4.0 plan=27 cmd=(lx=+0.00,ly=+0.40,rx=+0.00)
  t= 15.8 DWA-F pos=(-0.53,-0.22) yaw=-163.6 d=5.31 goal_err=-54 carrot_err= -42 c0=1.77 clear=1.00 prog=0.18 rel=0.92 bal=+0.55 obs=183 hard=180 obsc=188 yr= 15G nz=0.08 flt=0.01 dmap=+0/-0 shz=4.0 plan=26 cmd=(lx=+0.00,ly=+0.40,rx=+0.45)
  t= 16.3 DWA-F pos=(-0.58,-0.23) yaw=-170.1 d=5.28 goal_err=-48 carrot_err= -37 c0=1.72 clear=1.00 prog=0.19 rel=0.91 bal=+0.56 obs=193 hard=185 obsc=207 yr=  0  nz=0.09 flt=0.01 dmap=+10/-0 shz=4.0 plan=26 cmd=(lx=+0.00,ly=+0.40,rx=+0.00)
  t= 16.8 DWA-F pos=(-0.63,-0.23) yaw=-171.7 d=5.25 goal_err=-47 carrot_err= -38 c0=1.84 clear=1.00 prog=0.21 rel=0.91 bal=+0.56 obs=196 hard=187 obsc=205 yr=  0  nz=0.09 flt=0.00 dmap=+1/-0 shz=4.0 plan=26 cmd=(lx=+0.00,ly=+0.40,rx=+0.00)
  t= 17.2 DWA-F pos=(-0.68,-0.24) yaw=-173.3 d=5.22 goal_err=-46 carrot_err= -38 c0=1.88 clear=1.00 prog=0.22 rel=0.90 bal=+0.52 obs=196 hard=187 obsc=205 yr= 15G nz=0.10 flt=0.00 dmap=+0/-0 shz=4.0 plan=26 cmd=(lx=+0.00,ly=+0.40,rx=+0.00)
  t= 17.6 DWA-F pos=(-0.72,-0.24) yaw=-174.9 d=5.18 goal_err=-44 carrot_err= -38 c0=1.84 clear=1.00 prog=0.23 rel=0.90 bal=+0.53 obs=201 hard=193 obsc=212 yr=  0  nz=0.10 flt=0.00 dmap=+0/-0 shz=4.0 plan=26 cmd=(lx=+0.00,ly=+0.40,rx=+0.45)
  t= 18.1 DWA-F pos=(-0.76,-0.25) yaw=-178.1 d=5.15 goal_err=-42 carrot_err= -37 c0=1.80 clear=1.00 prog=0.24 rel=0.94 bal=+0.54 obs=202 hard=196 obsc=211 yr=  0  nz=0.06 flt=0.01 dmap=+1/-0 shz=4.0 plan=26 cmd=(lx=+0.00,ly=+0.40,rx=+0.00)
  t= 18.5 DWA-F pos=(-0.81,-0.25) yaw=+178.7 d=5.12 goal_err=-39 carrot_err= -36 c0=1.94 clear=1.00 prog=0.26 rel=0.93 bal=+0.55 obs=203 hard=197 obsc=212 yr= 15  nz=0.07 flt=0.01 dmap=+0/-0 shz=4.0 plan=26 cmd=(lx=+0.00,ly=+0.40,rx=+0.00)
  t= 18.9 DWA-F pos=(-0.86,-0.25) yaw=+177.1 d=5.07 goal_err=-37 carrot_err= -28 c0=1.94 clear=1.00 prog=0.27 rel=0.85 bal=+0.55 obs=201 hard=197 obsc=211 yr=  0  nz=0.15 flt=0.00 dmap=+0/-0 shz=4.0 plan=25 cmd=(lx=+0.00,ly=+0.40,rx=+0.00)
  t= 19.4 DWA-F pos=(-0.91,-0.24) yaw=+177.1 d=5.04 goal_err=-38 carrot_err= -30 c0=1.89 clear=1.00 prog=0.27 rel=0.86 bal=+0.53 obs=198 hard=193 obsc=208 yr=  0  nz=0.14 flt=0.03 dmap=+0/-1 shz=4.0 plan=25 cmd=(lx=+0.00,ly=+0.40,rx=+0.00)
  t= 19.8 DWA-F pos=(-0.95,-0.24) yaw=+177.1 d=5.00 goal_err=-38 carrot_err= -31 c0=1.85 clear=1.00 prog=0.28 rel=0.88 bal=+0.52 obs=199 hard=193 obsc=208 yr=  0  nz=0.12 flt=0.00 dmap=+0/-0 shz=4.0 plan=25 cmd=(lx=+0.00,ly=+0.40,rx=+0.00)
  t= 20.2 DWA-F pos=(-1.00,-0.24) yaw=+177.1 d=4.97 goal_err=-38 carrot_err= -36 c0=1.80 clear=1.00 prog=0.28 rel=0.92 bal=+0.35 obs=198 hard=192 obsc=208 yr=  0  nz=0.08 flt=0.00 dmap=+0/-0 shz=3.9 plan=24 cmd=(lx=+0.00,ly=+0.40,rx=+0.00)
  t= 20.7 DWA-F pos=(-1.04,-0.24) yaw=+177.1 d=4.93 goal_err=-39 carrot_err= -37 c0=1.76 clear=1.00 prog=0.27 rel=0.93 bal=+0.34 obs=199 hard=193 obsc=208 yr=  0  nz=0.07 flt=0.00 dmap=+0/-0 shz=4.0 plan=24 cmd=(lx=+0.00,ly=+0.40,rx=+0.00)
  t= 21.1 DWA-F pos=(-1.10,-0.23) yaw=+173.9 d=4.89 goal_err=-36 carrot_err= -36 c0=1.70 clear=1.00 prog=0.28 rel=0.91 bal=+0.32 obs=199 hard=193 obsc=208 yr= 15G nz=0.09 flt=0.23 dmap=+0/-0 shz=4.0 plan=24 cmd=(lx=+0.00,ly=+0.40,rx=+0.00)
  t= 21.5 DWA-F pos=(-1.14,-0.23) yaw=+172.3 d=4.85 goal_err=-35 carrot_err= -36 c0=1.66 clear=1.00 prog=0.29 rel=0.91 bal=+0.31 obs=208 hard=196 obsc=216 yr=  0  nz=0.09 flt=0.03 dmap=+0/-0 shz=4.0 plan=24 cmd=(lx=+0.00,ly=+0.40,rx=+0.00)
  t= 22.0 DWA-F pos=(-1.18,-0.22) yaw=+172.3 d=4.82 goal_err=-35 carrot_err= -30 c0=1.62 clear=1.00 prog=0.29 rel=0.92 bal=+0.30 obs=207 hard=196 obsc=215 yr=  0  nz=0.08 flt=0.02 dmap=+0/-0 shz=4.0 plan=23 cmd=(lx=+0.00,ly=+0.40,rx=+0.00)
  t= 22.4 DWA-F pos=(-1.23,-0.22) yaw=+172.3 d=4.78 goal_err=-35 carrot_err= -31 c0=1.57 clear=1.00 prog=0.29 rel=0.93 bal=+0.29 obs=207 hard=198 obsc=214 yr=  0  nz=0.07 flt=0.00 dmap=+1/-0 shz=3.9 plan=23 cmd=(lx=+0.00,ly=+0.40,rx=+0.00)
  t= 22.8 DWA-F pos=(-1.28,-0.21) yaw=+172.3 d=4.74 goal_err=-36 carrot_err= -33 c0=1.52 clear=1.00 prog=0.29 rel=0.92 bal=+0.27 obs=203 hard=195 obsc=211 yr=  0  nz=0.08 flt=0.01 dmap=+0/-1 shz=4.0 plan=23 cmd=(lx=+0.00,ly=+0.40,rx=+0.00)
  t= 23.3 DWA-F pos=(-1.33,-0.20) yaw=+172.3 d=4.70 goal_err=-36 carrot_err= -17 c0=1.47 clear=0.98 prog=0.29 rel=0.91 bal=+0.26 obs=203 hard=194 obsc=210 yr=  0  nz=0.09 flt=0.00 dmap=+0/-0 shz=4.0 plan=22 cmd=(lx=+0.00,ly=+0.40,rx=+0.00)
  t= 23.7 DWA-F pos=(-1.37,-0.20) yaw=+172.3 d=4.66 goal_err=-36 carrot_err= -18 c0=1.43 clear=0.95 prog=0.29 rel=0.92 bal=+0.26 obs=204 hard=193 obsc=211 yr=  0  nz=0.08 flt=0.00 dmap=+0/-0 shz=4.0 plan=22 cmd=(lx=+0.00,ly=+0.40,rx=+0.00)
  t= 24.1 DWA-F pos=(-1.42,-0.19) yaw=+172.3 d=4.63 goal_err=-37 carrot_err= -19 c0=1.38 clear=0.92 prog=0.29 rel=0.91 bal=+0.25 obs=206 hard=197 obsc=213 yr=  0  nz=0.09 flt=0.00 dmap=+0/-0 shz=4.0 plan=22 cmd=(lx=+0.00,ly=+0.40,rx=+0.00)
  t= 24.6 DWA-F pos=(-1.46,-0.19) yaw=+172.3 d=4.59 goal_err=-37 carrot_err= -20 c0=1.34 clear=0.89 prog=0.29 rel=0.92 bal=+0.10 obs=205 hard=196 obsc=213 yr=  0  nz=0.08 flt=0.01 dmap=+0/-1 shz=4.0 plan=22 cmd=(lx=+0.00,ly=+0.40,rx=+0.00)
  t= 25.0 DWA-F pos=(-1.51,-0.18) yaw=+172.3 d=4.55 goal_err=-37 carrot_err= -21 c0=1.29 clear=0.86 prog=0.29 rel=0.92 bal=+0.10 obs=205 hard=197 obsc=213 yr=  0  nz=0.08 flt=0.01 dmap=+0/-0 shz=4.0 plan=22 cmd=(lx=+0.00,ly=+0.40,rx=+0.00)
  t= 25.4 DWA-F pos=(-1.56,-0.17) yaw=+172.3 d=4.51 goal_err=-38 carrot_err= -22 c0=1.24 clear=0.83 prog=0.29 rel=0.92 bal=+0.10 obs=205 hard=197 obsc=213 yr=  0  nz=0.08 flt=0.01 dmap=+0/-0 shz=4.0 plan=22 cmd=(lx=+0.00,ly=+0.40,rx=+0.00)
  t= 25.9 DWA-F pos=(-1.60,-0.17) yaw=+172.3 d=4.48 goal_err=-38 carrot_err= -28 c0=1.20 clear=0.80 prog=0.29 rel=0.91 bal=+0.09 obs=207 hard=199 obsc=215 yr=  0  nz=0.09 flt=0.01 dmap=+2/-1 shz=4.0 plan=22 cmd=(lx=+0.00,ly=+0.40,rx=+0.00)
  t= 26.3 DWA-F pos=(-1.65,-0.16) yaw=+172.3 d=4.44 goal_err=-38 carrot_err= -29 c0=1.15 clear=0.77 prog=0.28 rel=0.92 bal=+0.08 obs=208 hard=199 obsc=215 yr=  0  nz=0.08 flt=0.01 dmap=+0/-0 shz=4.0 plan=21 cmd=(lx=+0.00,ly=+0.40,rx=+0.00)
  t= 26.8 DWA-F pos=(-1.70,-0.15) yaw=+172.3 d=4.40 goal_err=-39 carrot_err= -31 c0=1.10 clear=0.73 prog=0.28 rel=0.92 bal=+0.09 obs=207 hard=200 obsc=215 yr=  0  nz=0.08 flt=0.01 dmap=+0/-0 shz=3.9 plan=21 cmd=(lx=+0.00,ly=+0.40,rx=+0.00)
  t= 27.2 DWA-F pos=(-1.75,-0.15) yaw=+172.3 d=4.37 goal_err=-39 carrot_err= -32 c0=1.06 clear=0.70 prog=0.28 rel=0.91 bal=+0.08 obs=206 hard=199 obsc=215 yr=  0  nz=0.09 flt=0.03 dmap=+0/-0 shz=4.0 plan=21 cmd=(lx=+0.00,ly=+0.40,rx=+0.45)
  t= 27.6 DWA-F pos=(-1.79,-0.14) yaw=+169.1 d=4.33 goal_err=-36 carrot_err= -31 c0=1.01 clear=0.68 prog=0.28 rel=0.92 bal=+0.08 obs=206 hard=198 obsc=214 yr=  0  nz=0.08 flt=0.02 dmap=+0/-0 shz=4.0 plan=21 cmd=(lx=+0.00,ly=+0.40,rx=+0.00)
  t= 28.1 DWA-F pos=(-1.83,-0.13) yaw=+169.1 d=4.30 goal_err=-37 carrot_err= -24 c0=0.97 clear=0.65 prog=0.28 rel=0.92 bal=+0.07 obs=208 hard=199 obsc=216 yr=  0  nz=0.08 flt=0.01 dmap=+0/-0 shz=3.9 plan=20 cmd=(lx=+0.00,ly=+0.40,rx=+0.00)
  t= 28.5 DWA-F pos=(-1.89,-0.12) yaw=+169.1 d=4.25 goal_err=-37 carrot_err= -25 c0=0.92 clear=0.61 prog=0.30 rel=0.92 bal=+0.06 obs=207 hard=199 obsc=216 yr=  0  nz=0.08 flt=0.00 dmap=+0/-0 shz=4.0 plan=20 cmd=(lx=+0.00,ly=+0.40,rx=+0.00)
  t= 28.9 DWA-F pos=(-1.93,-0.11) yaw=+169.1 d=4.22 goal_err=-37 carrot_err= -28 c0=0.87 clear=0.58 prog=0.28 rel=0.92 bal=+0.06 obs=208 hard=200 obsc=215 yr=  0  nz=0.08 flt=0.00 dmap=+1/-0 shz=4.0 plan=20 cmd=(lx=+0.00,ly=+0.40,rx=+0.00)
  t= 29.4 DWA-F pos=(-1.97,-0.10) yaw=+169.1 d=4.18 goal_err=-38 carrot_err= -21 c0=0.83 clear=0.55 prog=0.29 rel=0.91 bal=+0.06 obs=211 hard=202 obsc=218 yr=  0  nz=0.09 flt=0.02 dmap=+2/-0 shz=4.0 plan=19 cmd=(lx=+0.00,ly=+0.40,rx=+0.00)
  t= 29.8 DWA-F pos=(-2.02,-0.10) yaw=+169.1 d=4.15 goal_err=-38 carrot_err= -21 c0=0.79 clear=0.53 prog=0.29 rel=0.91 bal=+0.06 obs=212 hard=203 obsc=219 yr=  0  nz=0.09 flt=0.01 dmap=+0/-0 shz=4.0 plan=19 cmd=(lx=+0.00,ly=+0.40,rx=+0.00)
  t= 30.2 DWA-F pos=(-2.06,-0.09) yaw=+169.1 d=4.11 goal_err=-39 carrot_err= -23 c0=0.75 clear=0.50 prog=0.27 rel=0.92 bal=+0.06 obs=210 hard=204 obsc=219 yr=  0  nz=0.08 flt=0.02 dmap=+0/-0 shz=4.0 plan=19 cmd=(lx=+0.00,ly=+0.40,rx=+0.00)
  t= 30.6 DWA-F pos=(-2.11,-0.08) yaw=+169.1 d=4.08 goal_err=-39 carrot_err= -26 c0=0.70 clear=0.47 prog=0.27 rel=0.91 bal=-0.21 obs=210 hard=200 obsc=217 yr=  0  nz=0.09 flt=0.01 dmap=+1/-0 shz=4.0 plan=19 cmd=(lx=+0.00,ly=+0.40,rx=+0.00)
  t= 31.1 DWA-F pos=(-2.15,-0.07) yaw=+169.1 d=4.04 goal_err=-39 carrot_err= -27 c0=0.66 clear=0.44 prog=0.27 rel=0.92 bal=-0.51 obs=212 hard=204 obsc=220 yr=  0  nz=0.08 flt=0.01 dmap=+0/-0 shz=4.0 plan=18 cmd=(lx=+0.00,ly=+0.40,rx=+0.00)
  t= 31.5 DWA-F pos=(-2.19,-0.06) yaw=+169.1 d=4.01 goal_err=-40 carrot_err= -28 c0=0.62 clear=0.41 prog=0.27 rel=0.91 bal=-0.54 obs=214 hard=205 obsc=221 yr=  0  nz=0.09 flt=0.01 dmap=+0/-0 shz=4.0 plan=18 cmd=(lx=+0.00,ly=+0.40,rx=+0.00)
  t= 31.9 DWA-F pos=(-2.25,-0.05) yaw=+169.1 d=3.97 goal_err=-40 carrot_err= -30 c0=0.77 clear=0.51 prog=0.28 rel=0.93 bal=-0.54 obs=215 hard=205 obsc=222 yr=  0  nz=0.07 flt=0.04 dmap=+1/-0 shz=4.0 plan=18 cmd=(lx=+0.00,ly=+0.40,rx=+0.45)
  t= 32.4 DWA-F pos=(-2.29,-0.04) yaw=+164.3 d=3.93 goal_err=-36 carrot_err= -26 c0=0.91 clear=0.61 prog=0.28 rel=0.90 bal=-0.54 obs=217 hard=208 obsc=226 yr= 15  nz=0.10 flt=0.09 dmap=+3/-1 shz=4.0 plan=18 cmd=(lx=+0.00,ly=+0.40,rx=+0.00)
  t= 32.8 DWA-F pos=(-2.33,-0.03) yaw=+164.3 d=3.90 goal_err=-36 carrot_err= -28 c0=0.87 clear=0.58 prog=0.28 rel=0.82 bal=-0.60 obs=219 hard=209 obsc=226 yr=  0  nz=0.18 flt=0.02 dmap=+0/-0 shz=4.0 plan=17 cmd=(lx=+0.00,ly=+0.40,rx=+0.00)
  t= 33.2 DWA-F pos=(-2.38,-0.02) yaw=+164.3 d=3.86 goal_err=-37 carrot_err= -29 c0=0.82 clear=0.55 prog=0.28 rel=0.84 bal=-0.53 obs=218 hard=211 obsc=227 yr=  0  nz=0.16 flt=0.03 dmap=+1/-2 shz=4.0 plan=17 cmd=(lx=+0.00,ly=+0.40,rx=+0.45)
  t= 33.7 DWA-F pos=(-2.42,-0.01) yaw=+161.1 d=3.82 goal_err=-34 carrot_err= -27 c0=0.78 clear=0.52 prog=0.29 rel=0.91 bal=-0.53 obs=218 hard=208 obsc=225 yr=  0  nz=0.09 flt=0.02 dmap=+0/-0 shz=4.0 plan=17 cmd=(lx=+0.00,ly=+0.40,rx=+0.00)
  t= 34.1 DWA-F pos=(-2.46,+0.01) yaw=+161.1 d=3.79 goal_err=-34 carrot_err= -29 c0=0.74 clear=0.49 prog=0.29 rel=0.93 bal=-0.52 obs=218 hard=210 obsc=225 yr=  0G nz=0.07 flt=0.03 dmap=+0/-0 shz=4.0 plan=17 cmd=(lx=+0.00,ly=+0.40,rx=+0.45)
  t= 34.5 DWA-F pos=(-2.51,+0.03) yaw=+156.3 d=3.74 goal_err=-30 carrot_err= -26 c0=0.90 clear=0.60 prog=0.30 rel=0.89 bal=-0.49 obs=219 hard=211 obsc=228 yr=  0  nz=0.11 flt=0.02 dmap=+0/-0 shz=4.0 plan=17 cmd=(lx=+0.00,ly=+0.40,rx=+0.00)
  t= 35.0 DWA-F pos=(-2.55,+0.05) yaw=+156.3 d=3.70 goal_err=-30 carrot_err= -26 c0=0.86 clear=0.57 prog=0.30 rel=0.89 bal=-0.48 obs=221 hard=212 obsc=232 yr=  0  nz=0.11 flt=0.01 dmap=+2/-2 shz=4.0 plan=17 cmd=(lx=+0.00,ly=+0.40,rx=+0.00)
  t= 35.4 ENG-F pos=(-2.59,+0.06) yaw=+156.3 d=3.67 goal_err=-31 carrot_err= -27 c0=0.82 clear=0.55 prog=0.30 rel=0.89 bal=-0.36 obs=222 hard=212 obsc=231 yr=  0  nz=0.11 flt=0.03 dmap=+3/-1 shz=4.0 plan=17 cmd=(lx=+0.00,ly=+0.28,rx=+0.00)
  t= 35.8 ENG-F pos=(-2.62,+0.08) yaw=+156.3 d=3.64 goal_err=-31 carrot_err= -28 c0=0.79 clear=0.53 prog=0.29 rel=0.93 bal=-0.36 obs=225 hard=213 obsc=234 yr=  0  nz=0.07 flt=0.00 dmap=+0/-0 shz=4.0 plan=17 cmd=(lx=+0.00,ly=+0.28,rx=+0.00)
  t= 36.2 ENG-F pos=(-2.66,+0.09) yaw=+156.3 d=3.60 goal_err=-31 carrot_err= -29 c0=0.75 clear=0.50 prog=0.28 rel=0.92 bal=-0.36 obs=225 hard=214 obsc=234 yr=  0  nz=0.08 flt=0.01 dmap=+1/-1 shz=4.0 plan=17 cmd=(lx=+0.00,ly=+0.28,rx=+0.00)
  t= 36.7 ENG-F pos=(-2.69,+0.11) yaw=+156.3 d=3.57 goal_err=-31 carrot_err= -30 c0=0.72 clear=0.48 prog=0.26 rel=0.93 bal=-0.36 obs=224 hard=214 obsc=233 yr=  0  nz=0.07 flt=0.03 dmap=+0/-1 shz=4.0 plan=17 cmd=(lx=+0.00,ly=+0.28,rx=+0.00)
  t= 37.1 ENG-F pos=(-2.73,+0.13) yaw=+156.3 d=3.54 goal_err=-32 carrot_err= -21 c0=0.67 clear=0.45 prog=0.26 rel=0.94 bal=-0.36 obs=225 hard=216 obsc=232 yr=  0  nz=0.06 flt=0.02 dmap=+0/-0 shz=4.0 plan=16 cmd=(lx=+0.00,ly=+0.28,rx=+0.00)
  t= 37.5 ENG-F pos=(-2.76,+0.14) yaw=+156.3 d=3.50 goal_err=-32 carrot_err= -22 c0=0.64 clear=0.43 prog=0.26 rel=0.93 bal=-0.36 obs=226 hard=215 obsc=233 yr=  0  nz=0.07 flt=0.01 dmap=+0/-0 shz=4.0 plan=16 cmd=(lx=+0.00,ly=+0.28,rx=+0.00)
  t= 37.9 ENG-F pos=(-2.80,+0.15) yaw=+156.3 d=3.47 goal_err=-32 carrot_err= -23 c0=0.61 clear=0.40 prog=0.25 rel=0.93 bal=-0.29 obs=225 hard=215 obsc=232 yr=  0  nz=0.07 flt=0.00 dmap=+0/-0 shz=4.0 plan=16 cmd=(lx=+0.00,ly=+0.28,rx=+0.00)
  t= 38.4 ENG-F pos=(-2.83,+0.17) yaw=+156.3 d=3.44 goal_err=-33 carrot_err= -24 c0=0.57 clear=0.38 prog=0.25 rel=0.94 bal=-0.30 obs=225 hard=215 obsc=233 yr=  0  nz=0.06 flt=0.01 dmap=+0/-0 shz=4.0 plan=16 cmd=(lx=+0.00,ly=+0.28,rx=+0.00)
  t= 38.8 ENG-F pos=(-2.86,+0.18) yaw=+156.3 d=3.41 goal_err=-33 carrot_err= -25 c0=0.54 clear=0.36 prog=0.25 rel=0.93 bal=-0.31 obs=227 hard=217 obsc=235 yr=  0  nz=0.07 flt=0.02 dmap=+0/-0 shz=4.0 plan=16 cmd=(lx=+0.00,ly=+0.28,rx=+0.00)
  t= 39.2 ENG-F pos=(-2.89,+0.20) yaw=+156.3 d=3.38 goal_err=-33 carrot_err= -26 c0=0.51 clear=0.34 prog=0.24 rel=0.94 bal=-0.31 obs=229 hard=218 obsc=236 yr=  0  nz=0.06 flt=0.02 dmap=+0/-0 shz=4.0 plan=16 cmd=(lx=+0.00,ly=+0.28,rx=+0.00)
  t= 39.6 ENG-F pos=(-2.92,+0.21) yaw=+154.7 d=3.36 goal_err=-32 carrot_err= -26 c0=0.71 clear=0.47 prog=0.22 rel=0.93 bal=-0.31 obs=228 hard=220 obsc=236 yr= 15G nz=0.07 flt=0.01 dmap=+0/-0 shz=4.0 plan=16 cmd=(lx=+0.00,ly=+0.28,rx=+0.00)
  t= 40.1 ENG-F pos=(-2.94,+0.22) yaw=+153.0 d=3.34 goal_err=-31 carrot_err= -25 c0=0.68 clear=0.46 prog=0.21 rel=0.86 bal=-0.32 obs=242 hard=233 obsc=249 yr=  0  nz=0.14 flt=0.02 dmap=+0/-0 shz=4.0 plan=16 cmd=(lx=+0.00,ly=+0.28,rx=+0.00)
  t= 40.5 ENG-T pos=(-2.98,+0.24) yaw=+153.0 d=3.30 goal_err=-31 carrot_err= -26 c0=0.64 clear=0.43 prog=0.22 rel=0.85 bal=-0.32 obs=242 hard=234 obsc=249 yr=  0  nz=0.15 flt=0.00 dmap=+0/-0 shz=4.0 plan=16 cmd=(lx=+0.00,ly=+0.00,rx=+0.45)
  t= 40.9 ENG-F pos=(-2.99,+0.25) yaw=+149.8 d=3.29 goal_err=-28 carrot_err= -24 c0=0.63 clear=0.42 prog=0.19 rel=0.87 bal=-0.36 obs=242 hard=234 obsc=249 yr=  0  nz=0.13 flt=0.11 dmap=+0/-0 shz=4.0 plan=16 cmd=(lx=+0.00,ly=+0.28,rx=+0.00)
  t= 41.3 ENG-F pos=(-3.02,+0.26) yaw=+149.8 d=3.26 goal_err=-28 carrot_err= -25 c0=0.60 clear=0.40 prog=0.19 rel=0.93 bal=-0.37 obs=240 hard=234 obsc=250 yr=  0  nz=0.07 flt=0.00 dmap=+0/-0 shz=4.0 plan=16 cmd=(lx=+0.00,ly=+0.28,rx=+0.00)
  t= 41.8 ENG-T pos=(-3.05,+0.28) yaw=+149.8 d=3.24 goal_err=-28 carrot_err= -26 c0=0.57 clear=0.38 prog=0.21 rel=0.93 bal=-0.37 obs=240 hard=232 obsc=248 yr=  0G nz=0.07 flt=0.01 dmap=+0/-0 shz=4.0 plan=16 cmd=(lx=+0.00,ly=+0.00,rx=+0.45)
  t= 42.2 ENG-F pos=(-3.06,+0.29) yaw=+146.6 d=3.22 goal_err=-25 carrot_err= -23 c0=0.55 clear=0.37 prog=0.18 rel=0.93 bal=-0.38 obs=242 hard=233 obsc=249 yr=  0  nz=0.06 flt=0.01 dmap=+0/-0 shz=4.0 plan=16 cmd=(lx=+0.00,ly=+0.28,rx=+0.00)
  t= 42.6 ENG-F pos=(-3.08,+0.30) yaw=+146.6 d=3.20 goal_err=-26 carrot_err= -20 c0=0.53 clear=0.35 prog=0.18 rel=0.94 bal=-0.38 obs=242 hard=233 obsc=250 yr=  0  nz=0.06 flt=0.00 dmap=+0/-0 shz=4.0 plan=16 cmd=(lx=+0.00,ly=+0.28,rx=+0.00)
  t= 43.1 ENG-F pos=(-3.10,+0.31) yaw=+143.4 d=3.18 goal_err=-23 carrot_err= -17 c0=0.57 clear=0.38 prog=0.17 rel=0.95 bal=-0.38 obs=242 hard=233 obsc=250 yr= 15  nz=0.05 flt=0.12 dmap=+0/-0 shz=4.0 plan=16 cmd=(lx=+0.00,ly=+0.28,rx=+0.00)
  t= 43.5 ENG-F pos=(-3.12,+0.33) yaw=+143.4 d=3.15 goal_err=-23 carrot_err= -18 c0=0.55 clear=0.36 prog=0.17 rel=0.96 bal=-0.38 obs=241 hard=234 obsc=252 yr=  0  nz=0.04 flt=0.00 dmap=+0/-4 shz=4.0 plan=15 cmd=(lx=+0.00,ly=+0.28,rx=+0.00)
  t= 43.9 ENG-F pos=(-3.13,+0.34) yaw=+140.2 d=3.14 goal_err=-20 carrot_err= -15 c0=0.53 clear=0.36 prog=0.17 rel=0.96 bal=-0.38 obs=241 hard=234 obsc=252 yr= 15  nz=0.04 flt=0.00 dmap=+0/-0 shz=4.0 plan=15 cmd=(lx=+0.00,ly=+0.28,rx=+0.00)
  t= 44.3 ENG-F pos=(-3.16,+0.36) yaw=+140.2 d=3.11 goal_err=-20 carrot_err= -16 c0=0.51 clear=0.34 prog=0.17 rel=0.95 bal=-0.37 obs=247 hard=237 obsc=255 yr=  0  nz=0.04 flt=0.03 dmap=+0/-0 shz=4.0 plan=15 cmd=(lx=+0.00,ly=+0.28,rx=+0.00)
  t= 44.7 ENG-F pos=(-3.17,+0.37) yaw=+138.6 d=3.09 goal_err=-18 carrot_err= -14 c0=0.49 clear=0.32 prog=0.16 rel=0.95 bal=-0.36 obs=248 hard=238 obsc=255 yr= 15G nz=0.05 flt=0.10 dmap=+0/-0 shz=4.0 plan=15 cmd=(lx=+0.00,ly=+0.28,rx=+0.00)
  t= 45.2 ENG-F pos=(-3.19,+0.38) yaw=+137.0 d=3.07 goal_err=-17 carrot_err= -13 c0=0.47 clear=0.31 prog=0.16 rel=0.95 bal=-0.36 obs=248 hard=239 obsc=256 yr=  0  nz=0.05 flt=0.00 dmap=+0/-0 shz=4.0 plan=15 cmd=(lx=+0.00,ly=+0.28,rx=+0.00)
  t= 45.6 ENG-F pos=(-3.20,+0.40) yaw=+135.4 d=3.05 goal_err=-15 carrot_err= -12 c0=0.45 clear=0.30 prog=0.15 rel=0.95 bal=-0.27 obs=248 hard=239 obsc=255 yr= 15G nz=0.05 flt=0.01 dmap=+0/-0 shz=4.0 plan=15 cmd=(lx=+0.00,ly=+0.28,rx=+0.00)
  t= 46.0 ENG-F pos=(-3.21,+0.41) yaw=+133.8 d=3.03 goal_err=-14 carrot_err= -11 c0=0.43 clear=0.29 prog=0.16 rel=0.95 bal=-0.27 obs=248 hard=239 obsc=255 yr=  0  nz=0.05 flt=0.00 dmap=+0/-0 shz=4.0 plan=15 cmd=(lx=+0.00,ly=+0.28,rx=+0.00)
  t= 46.4 ENG-F pos=(-3.23,+0.42) yaw=+130.6 d=3.02 goal_err=-11 carrot_err=  -8 c0=0.41 clear=0.28 prog=0.14 rel=0.95 bal=-0.27 obs=248 hard=239 obsc=255 yr= 15  nz=0.04 flt=0.00 dmap=+0/-0 shz=4.0 plan=15 cmd=(lx=+0.00,ly=+0.28,rx=+0.00)
  t= 46.9 ENG-AL. pos=(-3.24,+0.44) yaw=+130.6 d=2.99 goal_err=-11 carrot_err=  -8 c0=0.66 clear=0.44 prog=0.16 rel=0.85 bal=-0.27 obs=249 hard=240 obsc=256 yr=  0  nz=0.14 flt=0.02 dmap=+0/-0 shz=4.0 plan=15 cmd=(lx=+0.00,ly=+0.00,rx=+0.00)
  t= 47.3 ENG-GO pos=(-3.26,+0.46) yaw=+130.6 d=2.97 goal_err=-11 carrot_err=  -8 c0=0.64 clear=0.43 prog=0.15 rel=0.82 bal=-0.26 obs=247 hard=240 obsc=255 yr=  0  nz=0.18 flt=0.00 dmap=+0/-1 shz=4.0 plan=15 cmd=(lx=+0.00,ly=+0.28,rx=+0.00)
  t= 47.7 ENG-GO pos=(-3.27,+0.48) yaw=+130.6 d=2.95 goal_err=-11 carrot_err=  -9 c0=0.62 clear=0.41 prog=0.18 rel=0.81 bal=-0.26 obs=248 hard=241 obsc=257 yr=  0  nz=0.19 flt=0.01 dmap=+0/-1 shz=4.0 plan=15 cmd=(lx=+0.00,ly=+0.28,rx=+0.00)
  t= 48.1 ENG-GO pos=(-3.29,+0.50) yaw=+130.6 d=2.92 goal_err=-11 carrot_err=  -9 c0=0.59 clear=0.39 prog=0.17 rel=0.85 bal=-0.26 obs=248 hard=239 obsc=256 yr=  0  nz=0.15 flt=0.00 dmap=+0/-0 shz=4.0 plan=15 cmd=(lx=+0.00,ly=+0.28,rx=+0.00)
  t= 48.6 ENG-GO pos=(-3.31,+0.52) yaw=+130.6 d=2.89 goal_err=-11 carrot_err=  -5 c0=0.56 clear=0.38 prog=0.20 rel=0.94 bal=-0.25 obs=249 hard=239 obsc=256 yr=  0  nz=0.06 flt=0.00 dmap=+0/-0 shz=4.0 plan=14 cmd=(lx=+0.00,ly=+0.28,rx=+0.00)
  t= 49.0 ENG-GO pos=(-3.33,+0.54) yaw=+130.6 d=2.87 goal_err=-11 carrot_err=  -5 c0=0.54 clear=0.36 prog=0.20 rel=0.93 bal=-0.26 obs=248 hard=239 obsc=256 yr=  0  nz=0.07 flt=0.00 dmap=+0/-1 shz=4.0 plan=14 cmd=(lx=+0.00,ly=+0.28,rx=+0.00)
  t= 49.4 ENG-GO pos=(-3.35,+0.57) yaw=+130.6 d=2.83 goal_err=-11 carrot_err=  -5 c0=0.51 clear=0.34 prog=0.23 rel=0.95 bal=-0.26 obs=247 hard=240 obsc=255 yr=  0  nz=0.05 flt=0.01 dmap=+0/-0 shz=4.0 plan=14 cmd=(lx=+0.00,ly=+0.28,rx=+0.00)
  t= 49.8 ENG-GO pos=(-3.37,+0.59) yaw=+130.6 d=2.80 goal_err=-12 carrot_err=  -3 c0=0.48 clear=0.32 prog=0.23 rel=0.94 bal=-0.25 obs=248 hard=240 obsc=255 yr=  0  nz=0.06 flt=0.00 dmap=+0/-0 shz=4.0 plan=13 cmd=(lx=+0.00,ly=+0.28,rx=+0.00)
  t= 50.2 ENG-GO pos=(-3.39,+0.61) yaw=+130.6 d=2.78 goal_err=-12 carrot_err=  -3 c0=0.46 clear=0.30 prog=0.23 rel=0.95 bal=-0.25 obs=250 hard=240 obsc=257 yr=  0  nz=0.05 flt=0.00 dmap=+2/-0 shz=4.0 plan=13 cmd=(lx=+0.00,ly=+0.28,rx=+0.00)
  t= 50.7 ENG-GO pos=(-3.40,+0.63) yaw=+130.6 d=2.75 goal_err=-12 carrot_err=  -3 c0=0.88 clear=0.58 prog=0.23 rel=0.77 bal=-0.25 obs=250 hard=240 obsc=257 yr=  0  nz=0.23 flt=0.00 dmap=+0/-0 shz=4.0 plan=13 cmd=(lx=+0.00,ly=+0.28,rx=+0.00)
  t= 51.1 ENG-GO pos=(-3.42,+0.65) yaw=+130.6 d=2.72 goal_err=-12 carrot_err=  -3 c0=1.12 clear=0.75 prog=0.23 rel=0.61 bal=-0.24 obs=249 hard=240 obsc=257 yr=  0  nz=0.39 flt=0.01 dmap=+0/-0 shz=4.0 plan=13 cmd=(lx=+0.00,ly=+0.28,rx=+0.00)
  t= 51.5 ENG-GO pos=(-3.44,+0.67) yaw=+130.6 d=2.70 goal_err=-12 carrot_err=  -3 c0=1.10 clear=0.73 prog=0.21 rel=0.58 bal=-0.24 obs=247 hard=240 obsc=255 yr=  0  nz=0.41 flt=0.02 dmap=+0/-1 shz=4.0 plan=13 cmd=(lx=+0.00,ly=+0.28,rx=+0.00)
  t= 51.9 ENG-GO pos=(-3.46,+0.69) yaw=+130.6 d=2.67 goal_err=-12 carrot_err=  -3 c0=1.07 clear=0.71 prog=0.21 rel=0.83 bal=-0.23 obs=246 hard=239 obsc=255 yr=  0  nz=0.17 flt=0.00 dmap=+0/-0 shz=4.0 plan=13 cmd=(lx=+0.00,ly=+0.28,rx=+0.00)
  t= 52.4 ENG-GO pos=(-3.48,+0.72) yaw=+130.6 d=2.64 goal_err=-12 carrot_err=  -3 c0=1.04 clear=0.69 prog=0.22 rel=0.87 bal=-0.11 obs=247 hard=238 obsc=254 yr=  0  nz=0.13 flt=0.02 dmap=+0/-0 shz=4.0 plan=13 cmd=(lx=+0.00,ly=+0.28,rx=+0.00)
  t= 52.8 ENG-GO pos=(-3.49,+0.74) yaw=+130.6 d=2.62 goal_err=-12 carrot_err=  -3 c0=1.02 clear=0.68 prog=0.21 rel=0.95 bal=-0.11 obs=249 hard=239 obsc=256 yr=  0  nz=0.05 flt=0.00 dmap=+0/-0 shz=4.0 plan=13 cmd=(lx=+0.00,ly=+0.28,rx=+0.00)
  t= 53.2 ENG-GO pos=(-3.51,+0.76) yaw=+130.6 d=2.59 goal_err=-13 carrot_err=  -1 c0=0.99 clear=0.66 prog=0.21 rel=0.94 bal=-0.11 obs=249 hard=240 obsc=256 yr=  0  nz=0.06 flt=0.00 dmap=+0/-0 shz=4.0 plan=12 cmd=(lx=+0.00,ly=+0.28,rx=+0.00)
  t= 53.6 ENG-GO pos=(-3.54,+0.78) yaw=+130.6 d=2.55 goal_err=-13 carrot_err=  -1 c0=0.96 clear=0.64 prog=0.23 rel=0.93 bal=-0.12 obs=247 hard=238 obsc=255 yr=  0  nz=0.07 flt=0.01 dmap=+0/-0 shz=4.0 plan=12 cmd=(lx=+0.00,ly=+0.28,rx=+0.00)
  t= 54.1 ENG-GO pos=(-3.56,+0.81) yaw=+130.6 d=2.52 goal_err=-13 carrot_err=  -1 c0=0.93 clear=0.62 prog=0.23 rel=0.93 bal=-0.12 obs=246 hard=238 obsc=253 yr=  0  nz=0.07 flt=0.00 dmap=+0/-0 shz=4.0 plan=12 cmd=(lx=+0.00,ly=+0.28,rx=+0.00)
  t= 54.5 ENG-GO pos=(-3.57,+0.83) yaw=+130.6 d=2.50 goal_err=-13 carrot_err=  -2 c0=1.01 clear=0.67 prog=0.23 rel=0.93 bal=-0.12 obs=244 hard=238 obsc=253 yr=  0  nz=0.07 flt=0.01 dmap=+0/-0 shz=4.0 plan=12 cmd=(lx=+0.00,ly=+0.28,rx=+0.00)
  t= 54.9 ENG-GO pos=(-3.59,+0.85) yaw=+130.6 d=2.47 goal_err=-13 carrot_err=  -2 c0=0.97 clear=0.65 prog=0.24 rel=0.95 bal=-0.12 obs=245 hard=238 obsc=254 yr=  0  nz=0.05 flt=0.01 dmap=+0/-0 shz=4.0 plan=12 cmd=(lx=+0.00,ly=+0.28,rx=+0.00)
  t= 55.3 ENG-GO pos=(-3.62,+0.88) yaw=+130.6 d=2.43 goal_err=-13 carrot_err=  -2 c0=0.94 clear=0.63 prog=0.25 rel=0.95 bal=-0.13 obs=247 hard=238 obsc=255 yr=  0  nz=0.05 flt=0.00 dmap=+1/-1 shz=4.0 plan=12 cmd=(lx=+0.00,ly=+0.28,rx=+0.00)
  t= 55.7 ENG-GO pos=(-3.64,+0.91) yaw=+130.6 d=2.40 goal_err=-14 carrot_err=  -2 c0=0.91 clear=0.60 prog=0.25 rel=0.95 bal=-0.13 obs=250 hard=240 obsc=257 yr=  0  nz=0.05 flt=0.00 dmap=+0/-0 shz=4.0 plan=12 cmd=(lx=+0.00,ly=+0.28,rx=+0.00)
  t= 56.2 ENG-GO pos=(-3.66,+0.93) yaw=+130.6 d=2.36 goal_err=-14 carrot_err=  -2 c0=0.87 clear=0.58 prog=0.25 rel=0.93 bal=-0.12 obs=250 hard=241 obsc=258 yr=  0  nz=0.07 flt=0.00 dmap=+0/-0 shz=4.0 plan=11 cmd=(lx=+0.00,ly=+0.28,rx=+0.00)
  t= 56.6 ENG-GO pos=(-3.69,+0.96) yaw=+130.6 d=2.33 goal_err=-14 carrot_err=  -2 c0=0.84 clear=0.56 prog=0.27 rel=0.92 bal=-0.12 obs=249 hard=240 obsc=257 yr=  0  nz=0.08 flt=0.00 dmap=+0/-1 shz=4.0 plan=11 cmd=(lx=+0.00,ly=+0.28,rx=+0.00)
  t= 57.0 ENG-GO pos=(-3.72,+0.99) yaw=+130.6 d=2.28 goal_err=-14 carrot_err=  -2 c0=0.79 clear=0.53 prog=0.29 rel=0.91 bal=-0.11 obs=249 hard=240 obsc=256 yr=  0  nz=0.09 flt=0.01 dmap=+0/-0 shz=4.0 plan=11 cmd=(lx=+0.00,ly=+0.28,rx=+0.00)
  t= 57.5 ENG-GO pos=(-3.74,+1.02) yaw=+130.6 d=2.25 goal_err=-14 carrot_err=  -2 c0=0.76 clear=0.51 prog=0.29 rel=0.91 bal=-0.03 obs=247 hard=239 obsc=254 yr=  0  nz=0.09 flt=0.00 dmap=+0/-0 shz=4.0 plan=11 cmd=(lx=+0.00,ly=+0.28,rx=+0.00)
  t= 57.9 ENG-GO pos=(-3.76,+1.05) yaw=+130.6 d=2.21 goal_err=-15 carrot_err=  -0 c0=0.73 clear=0.48 prog=0.29 rel=0.92 bal=-0.15 obs=247 hard=239 obsc=254 yr=  0  nz=0.08 flt=0.01 dmap=+0/-0 shz=4.0 plan=11 cmd=(lx=+0.00,ly=+0.28,rx=+0.00)
  t= 58.3 ENG-GO pos=(-3.79,+1.08) yaw=+130.6 d=2.18 goal_err=-15 carrot_err=  -0 c0=0.69 clear=0.46 prog=0.29 rel=0.93 bal=-0.15 obs=246 hard=239 obsc=254 yr=  0  nz=0.07 flt=0.00 dmap=+0/-0 shz=4.0 plan=11 cmd=(lx=+0.00,ly=+0.28,rx=+0.00)
  t= 58.7 ENG-GO pos=(-3.81,+1.10) yaw=+130.6 d=2.14 goal_err=-15 carrot_err=  -0 c0=0.66 clear=0.44 prog=0.27 rel=0.93 bal=-0.16 obs=247 hard=238 obsc=254 yr=  0  nz=0.07 flt=0.00 dmap=+0/-0 shz=4.0 plan=11 cmd=(lx=+0.00,ly=+0.28,rx=+0.00)
  t= 59.2 ENG-GO pos=(-3.83,+1.13) yaw=+130.6 d=2.11 goal_err=-15 carrot_err=  -0 c0=0.63 clear=0.42 prog=0.27 rel=0.93 bal=-0.17 obs=248 hard=238 obsc=255 yr=  0  nz=0.07 flt=0.00 dmap=+1/-0 shz=4.0 plan=11 cmd=(lx=+0.00,ly=+0.28,rx=+0.00)
  t= 59.6 ENG-GO pos=(-3.86,+1.17) yaw=+130.6 d=2.07 goal_err=-16 carrot_err=  -0 c0=0.86 clear=0.57 prog=0.29 rel=0.92 bal=-0.17 obs=248 hard=240 obsc=256 yr=  0  nz=0.08 flt=0.00 dmap=+2/-1 shz=4.0 plan=10 cmd=(lx=+0.00,ly=+0.28,rx=+0.00)
  t= 60.0 ENG-GO pos=(-3.89,+1.19) yaw=+130.6 d=2.03 goal_err=-16 carrot_err=  -0 c0=0.82 clear=0.55 prog=0.29 rel=0.84 bal=-0.16 obs=250 hard=241 obsc=257 yr=  0  nz=0.15 flt=0.01 dmap=+0/-0 shz=4.0 plan=10 cmd=(lx=+0.00,ly=+0.28,rx=+0.00)
  t= 60.4 ENG-GO pos=(-3.91,+1.22) yaw=+130.6 d=2.00 goal_err=-16 carrot_err=  -0 c0=0.79 clear=0.53 prog=0.28 rel=0.84 bal=-0.07 obs=248 hard=240 obsc=255 yr=  0  nz=0.16 flt=0.03 dmap=+0/-0 shz=4.0 plan=10 cmd=(lx=+0.00,ly=+0.28,rx=+0.00)
  t= 60.9 ENG-GO pos=(-3.93,+1.25) yaw=+130.6 d=1.96 goal_err=-17 carrot_err=  -0 c0=0.76 clear=0.50 prog=0.28 rel=0.85 bal=-0.07 obs=249 hard=241 obsc=257 yr=  0  nz=0.15 flt=0.00 dmap=+2/-1 shz=4.0 plan=10 cmd=(lx=+0.00,ly=+0.28,rx=+0.00)
  t= 61.3 ENG-GO pos=(-3.95,+1.27) yaw=+130.6 d=1.93 goal_err=-17 carrot_err=  -9 c0=0.72 clear=0.48 prog=0.28 rel=0.93 bal=-0.07 obs=247 hard=240 obsc=256 yr=  0  nz=0.07 flt=0.00 dmap=+0/-0 shz=4.0 plan=10 cmd=(lx=+0.00,ly=+0.28,rx=+0.00)
  t= 61.7 ENG-GO pos=(-3.98,+1.30) yaw=+130.6 d=1.90 goal_err=-17 carrot_err=  -9 c0=0.69 clear=0.46 prog=0.26 rel=0.93 bal=-0.06 obs=247 hard=239 obsc=256 yr=  0  nz=0.07 flt=0.03 dmap=+0/-0 shz=4.0 plan=10 cmd=(lx=+0.00,ly=+0.28,rx=+0.00)
  t= 62.1 ENG-GO pos=(-4.00,+1.33) yaw=+130.6 d=1.86 goal_err=-18 carrot_err= -16 c0=1.48 clear=0.98 prog=0.28 rel=0.94 bal=-0.07 obs=247 hard=240 obsc=255 yr=  0  nz=0.06 flt=0.01 dmap=+1/-1 shz=4.0 plan=10 cmd=(lx=+0.00,ly=+0.28,rx=+0.00)
  t= 62.6 ENG-GO pos=(-4.03,+1.36) yaw=+130.6 d=1.82 goal_err=-18 carrot_err= -17 c0=1.44 clear=0.96 prog=0.27 rel=0.48 bal=-0.08 obs=247 hard=239 obsc=254 yr=  0  nz=0.52 flt=0.00 dmap=+0/-0 shz=4.0 plan=9 cmd=(lx=+0.00,ly=+0.28,rx=+0.00)
  t= 63.0 ENG-GO pos=(-4.05,+1.38) yaw=+130.6 d=1.79 goal_err=-18 carrot_err= -17 c0=1.41 clear=0.94 prog=0.27 rel=0.43 bal=-0.09 obs=245 hard=239 obsc=253 yr=  0  nz=0.57 flt=0.00 dmap=+0/-0 shz=4.0 plan=9 cmd=(lx=+0.00,ly=+0.28,rx=+0.00)
  t= 63.4 ENG-GO pos=(-4.07,+1.41) yaw=+130.6 d=1.76 goal_err=-19 carrot_err= -18 c0=1.38 clear=0.92 prog=0.27 rel=0.56 bal=-0.10 obs=244 hard=236 obsc=250 yr=  0  nz=0.44 flt=0.00 dmap=+2/-0 shz=4.0 plan=9 cmd=(lx=+0.00,ly=+0.28,rx=+0.00)
  t= 63.8 ENG-GO pos=(-4.09,+1.44) yaw=+130.6 d=1.72 goal_err=-19 carrot_err= -19 c0=1.34 clear=0.90 prog=0.28 rel=0.93 bal=-0.11 obs=244 hard=236 obsc=250 yr=  0  nz=0.07 flt=0.00 dmap=+0/-0 shz=4.0 plan=9 cmd=(lx=+0.00,ly=+0.28,rx=+0.00)
  t= 64.2 ENG-GO pos=(-4.12,+1.46) yaw=+130.6 d=1.69 goal_err=-19 carrot_err=  +2 c0=1.31 clear=0.87 prog=0.26 rel=0.93 bal=-0.12 obs=244 hard=236 obsc=250 yr=  0  nz=0.07 flt=0.00 dmap=+0/-0 shz=4.0 plan=9 cmd=(lx=+0.00,ly=+0.28,rx=+0.00)
  t= 64.7 ENG-GO pos=(-4.14,+1.49) yaw=+130.6 d=1.66 goal_err=-20 carrot_err=  +2 c0=1.27 clear=0.85 prog=0.27 rel=0.93 bal=-0.17 obs=245 hard=236 obsc=251 yr=  0  nz=0.07 flt=0.01 dmap=+2/-1 shz=4.0 plan=9 cmd=(lx=+0.00,ly=+0.28,rx=+0.00)
  t= 65.1 ENG-GO pos=(-4.17,+1.52) yaw=+130.6 d=1.62 goal_err=-20 carrot_err=  +2 c0=1.24 clear=0.83 prog=0.27 rel=0.93 bal=-0.16 obs=245 hard=236 obsc=253 yr=  0  nz=0.07 flt=0.00 dmap=+0/-0 shz=4.0 plan=9 cmd=(lx=+0.00,ly=+0.28,rx=+0.00)
  t= 65.5 ENG-GO pos=(-4.19,+1.55) yaw=+130.6 d=1.59 goal_err=-21 carrot_err=  +2 c0=1.20 clear=0.80 prog=0.27 rel=0.93 bal=-0.16 obs=249 hard=238 obsc=255 yr=  0  nz=0.07 flt=0.00 dmap=+0/-0 shz=4.0 plan=9 cmd=(lx=+0.00,ly=+0.28,rx=+0.00)
  t= 65.9 ENG-GO pos=(-4.21,+1.57) yaw=+130.6 d=1.56 goal_err=-21 carrot_err= -15 c0=1.17 clear=0.78 prog=0.27 rel=0.93 bal=-0.06 obs=250 hard=239 obsc=257 yr=  0  nz=0.07 flt=0.00 dmap=+1/-0 shz=4.0 plan=8 cmd=(lx=+0.00,ly=+0.28,rx=+0.00)
  t= 66.3 ENG-GO pos=(-4.24,+1.60) yaw=+130.6 d=1.52 goal_err=-22 carrot_err= -16 c0=1.14 clear=0.76 prog=0.27 rel=0.92 bal=-0.07 obs=254 hard=245 obsc=261 yr=  0  nz=0.08 flt=0.00 dmap=+0/-0 shz=4.0 plan=8 cmd=(lx=+0.00,ly=+0.28,rx=+0.00)
  t= 66.8 ENG-GO pos=(-4.26,+1.63) yaw=+130.6 d=1.48 goal_err=-22 carrot_err= -17 c0=1.09 clear=0.73 prog=0.28 rel=0.92 bal=-0.08 obs=254 hard=244 obsc=260 yr=  0  nz=0.08 flt=0.00 dmap=+0/-0 shz=4.0 plan=8 cmd=(lx=+0.00,ly=+0.28,rx=+0.00)
  t= 67.2 ENG-GO pos=(-4.29,+1.66) yaw=+130.6 d=1.45 goal_err=-23 carrot_err= -18 c0=1.06 clear=0.71 prog=0.28 rel=0.92 bal=-0.08 obs=254 hard=245 obsc=260 yr=  0  nz=0.08 flt=0.01 dmap=+1/-1 shz=4.0 plan=8 cmd=(lx=+0.00,ly=+0.28,rx=+0.00)
  t= 67.6 ENG-GO pos=(-4.31,+1.69) yaw=+130.6 d=1.41 goal_err=-23 carrot_err= -23 c0=1.02 clear=0.68 prog=0.28 rel=0.92 bal=-0.57 obs=255 hard=246 obsc=261 yr=  0  nz=0.08 flt=0.01 dmap=+0/-1 shz=4.0 plan=8 cmd=(lx=+0.00,ly=+0.28,rx=+0.00)
  t= 68.0 ENG-GO pos=(-4.34,+1.72) yaw=+130.6 d=1.38 goal_err=-24 carrot_err= -24 c0=0.99 clear=0.66 prog=0.28 rel=0.92 bal=-0.57 obs=255 hard=247 obsc=262 yr=  0  nz=0.08 flt=0.01 dmap=+0/-0 shz=4.0 plan=8 cmd=(lx=+0.00,ly=+0.28,rx=+0.00)
  t= 68.5 ENG-GO pos=(-4.36,+1.74) yaw=+130.6 d=1.35 goal_err=-25 carrot_err= -25 c0=0.96 clear=0.64 prog=0.27 rel=0.93 bal=-0.57 obs=257 hard=251 obsc=266 yr=  0  nz=0.07 flt=0.00 dmap=+0/-0 shz=4.0 plan=8 cmd=(lx=+0.00,ly=+0.28,rx=+0.00)
  t= 68.9 ENG-GO pos=(-4.38,+1.77) yaw=+130.6 d=1.32 goal_err=-25 carrot_err= -26 c0=0.92 clear=0.62 prog=0.27 rel=0.93 bal=-0.46 obs=257 hard=248 obsc=263 yr=  0  nz=0.07 flt=0.01 dmap=+1/-0 shz=4.0 plan=7 cmd=(lx=+0.00,ly=+0.28,rx=+0.00)
  t= 69.3 ENG-GO pos=(-4.41,+1.80) yaw=+130.6 d=1.28 goal_err=-26 carrot_err= -27 c0=0.89 clear=0.59 prog=0.26 rel=0.94 bal=-0.56 obs=256 hard=247 obsc=262 yr=  0  nz=0.07 flt=0.00 dmap=+0/-0 shz=4.0 plan=7 cmd=(lx=+0.00,ly=+0.28,rx=+0.00)
  [META2-DOOR] Door_Direct: CRUZADA (cols=0) -> Pl=1.00
  t= 69.8 DWA-F pos=(-4.43,+1.83) yaw=+130.6 d=1.25 goal_err=-27 carrot_err= -28 c0=0.85 clear=0.57 prog=0.26 rel=0.93 bal=-0.56 obs=257 hard=248 obsc=263 yr=  0  nz=0.07 flt=0.01 dmap=+0/-0 shz=4.0 plan=7 cmd=(lx=+0.00,ly=+0.40,rx=+0.00)
  t= 70.2 DWA-F pos=(-4.47,+1.87) yaw=+130.6 d=1.20 goal_err=-28 carrot_err= -30 c0=0.90 clear=0.60 prog=0.29 rel=0.93 bal=-0.49 obs=257 hard=248 obsc=263 yr=  0  nz=0.07 flt=0.01 dmap=+0/-0 shz=4.0 plan=7 cmd=(lx=+0.00,ly=+0.40,rx=+0.00)
  t= 70.6 DWA-F pos=(-4.50,+1.91) yaw=+129.0 d=1.16 goal_err=-27 carrot_err= -20 c0=0.86 clear=0.57 prog=0.30 rel=0.95 bal=-0.50 obs=256 hard=250 obsc=264 yr= 16G nz=0.05 flt=0.01 dmap=+0/-0 shz=4.0 plan=7 cmd=(lx=+0.00,ly=+0.40,rx=+0.00)
  t= 71.0 DWA-F pos=(-4.52,+1.94) yaw=+127.4 d=1.12 goal_err=-27 carrot_err= -20 c0=0.82 clear=0.55 prog=0.31 rel=0.94 bal=-0.51 obs=259 hard=251 obsc=265 yr=  0  nz=0.06 flt=0.01 dmap=+0/-0 shz=4.0 plan=7 cmd=(lx=+0.00,ly=+0.40,rx=+0.00)
  t= 71.4 DWA-F pos=(-4.55,+1.98) yaw=+127.4 d=1.08 goal_err=-28 carrot_err= -21 c0=0.78 clear=0.52 prog=0.33 rel=0.94 bal=-0.66 obs=259 hard=250 obsc=265 yr=  0  nz=0.06 flt=0.01 dmap=+0/-0 shz=4.0 plan=7 cmd=(lx=+0.00,ly=+0.40,rx=+0.00)
  t= 71.9 DWA-F pos=(-4.58,+2.01) yaw=+127.4 d=1.04 goal_err=-29 carrot_err= -22 c0=0.73 clear=0.49 prog=0.31 rel=0.91 bal=-0.64 obs=260 hard=250 obsc=267 yr=  0  nz=0.09 flt=0.00 dmap=+1/-0 shz=4.0 plan=7 cmd=(lx=+0.00,ly=+0.40,rx=+0.00)
  t= 72.3 DWA-F pos=(-4.61,+2.06) yaw=+127.4 d=0.99 goal_err=-31 carrot_err= -23 c0=0.68 clear=0.46 prog=0.32 rel=0.92 bal=-0.53 obs=258 hard=250 obsc=267 yr=  0  nz=0.09 flt=0.01 dmap=+0/-0 shz=4.0 plan=6 cmd=(lx=+0.00,ly=+0.40,rx=+0.00)
  t= 72.8 DWA-F pos=(-4.64,+2.09) yaw=+127.4 d=0.95 goal_err=-32 carrot_err= -25 c0=0.64 clear=0.43 prog=0.32 rel=0.93 bal=-0.54 obs=259 hard=250 obsc=266 yr=  0  nz=0.07 flt=0.02 dmap=+0/-0 shz=4.0 plan=6 cmd=(lx=+0.00,ly=+0.40,rx=+0.00)
  t= 73.2 DWA-F pos=(-4.67,+2.13) yaw=+127.4 d=0.92 goal_err=-33 carrot_err= -29 c0=0.87 clear=0.58 prog=0.31 rel=0.92 bal=-0.54 obs=258 hard=249 obsc=265 yr=  0  nz=0.08 flt=0.01 dmap=+0/-0 shz=4.0 plan=6 cmd=(lx=+0.00,ly=+0.40,rx=+0.00)
  t= 73.6 DWA-F pos=(-4.69,+2.16) yaw=+125.8 d=0.88 goal_err=-33 carrot_err= -28 c0=0.83 clear=0.56 prog=0.31 rel=0.84 bal=-0.42 obs=257 hard=250 obsc=265 yr= 14G nz=0.16 flt=0.00 dmap=+0/-0 shz=4.0 plan=5 cmd=(lx=+0.00,ly=+0.40,rx=+0.00)
  t= 74.1 DWA-F pos=(-4.72,+2.21) yaw=+122.6 d=0.83 goal_err=-32 carrot_err= -27 c0=1.18 clear=0.79 prog=0.32 rel=0.69 bal=-0.52 obs=267 hard=258 obsc=274 yr=  0  nz=0.31 flt=0.02 dmap=+0/-0 shz=4.0 plan=5 cmd=(lx=+0.00,ly=+0.40,rx=+0.00)
  t= 74.5 DWA-F pos=(-4.74,+2.24) yaw=+122.6 d=0.80 goal_err=-34 carrot_err= -28 c0=1.14 clear=0.76 prog=0.30 rel=0.68 bal=-0.42 obs=266 hard=257 obsc=274 yr=  0  nz=0.32 flt=0.01 dmap=+1/-2 shz=4.0 plan=5 cmd=(lx=+0.00,ly=+0.40,rx=+0.00)
  t= 74.9 DWA-F pos=(-4.77,+2.28) yaw=+119.4 d=0.76 goal_err=-32 carrot_err= -27 c0=1.10 clear=0.74 prog=0.29 rel=0.75 bal=-0.41 obs=268 hard=258 obsc=275 yr= 15  nz=0.25 flt=0.01 dmap=+2/-0 shz=4.0 plan=5 cmd=(lx=+0.00,ly=+0.40,rx=+0.00)
  t= 75.3 DWA-F pos=(-4.79,+2.31) yaw=+119.4 d=0.73 goal_err=-34 carrot_err= -28 c0=1.06 clear=0.71 prog=0.29 rel=0.92 bal=-0.41 obs=268 hard=258 obsc=275 yr=  0  nz=0.08 flt=0.00 dmap=+0/-0 shz=4.0 plan=5 cmd=(lx=+0.00,ly=+0.40,rx=+0.45)
  t= 75.8 DWA-F pos=(-4.81,+2.36) yaw=+114.5 d=0.68 goal_err=-32 carrot_err= -26 c0=1.02 clear=0.68 prog=0.29 rel=0.92 bal=-0.41 obs=268 hard=258 obsc=275 yr= 15  nz=0.08 flt=0.12 dmap=+0/-0 shz=4.0 plan=5 cmd=(lx=+0.00,ly=+0.40,rx=+0.00)
  t= 76.2 DWA-F pos=(-4.83,+2.40) yaw=+114.5 d=0.65 goal_err=-34 carrot_err= -28 c0=0.98 clear=0.65 prog=0.29 rel=0.92 bal=-0.41 obs=270 hard=260 obsc=277 yr=  0  nz=0.08 flt=0.05 dmap=+1/-0 shz=4.0 plan=5 cmd=(lx=+0.00,ly=+0.40,rx=+0.00)
  t= 76.6 DWA-F pos=(-4.85,+2.44) yaw=+111.3 d=0.61 goal_err=-33 carrot_err= -26 c0=0.94 clear=0.62 prog=0.29 rel=0.92 bal=-0.40 obs=270 hard=260 obsc=277 yr= 15G nz=0.08 flt=0.03 dmap=+0/-0 shz=4.0 plan=4 cmd=(lx=+0.00,ly=+0.40,rx=+0.00)
  t= 77.1 DWA-F pos=(-4.86,+2.48) yaw=+109.7 d=0.57 goal_err=-33 carrot_err= -27 c0=0.89 clear=0.60 prog=0.30 rel=0.92 bal=-0.39 obs=267 hard=259 obsc=271 yr=  0  nz=0.08 flt=0.04 dmap=+0/-0 shz=4.0 plan=4 cmd=(lx=+0.00,ly=+0.40,rx=+0.45)
  t= 77.5 DWA-F pos=(-4.88,+2.54) yaw=+104.9 d=0.53 goal_err=-32 carrot_err= -25 c0=0.84 clear=0.56 prog=0.32 rel=0.91 bal=-0.39 obs=267 hard=259 obsc=271 yr= 30G nz=0.10 flt=0.01 dmap=+0/-0 shz=4.0 plan=4 cmd=(lx=+0.00,ly=+0.40,rx=+0.00)
  t= 77.9 DWA-F pos=(-4.89,+2.58) yaw=+103.3 d=0.49 goal_err=-33 carrot_err= -26 c0=0.96 clear=0.64 prog=0.30 rel=0.92 bal=-0.38 obs=268 hard=260 obsc=272 yr=  0G nz=0.08 flt=0.05 dmap=+0/-0 shz=4.0 plan=4 cmd=(lx=+0.00,ly=+0.28,rx=+0.45)
  t= 78.4 DWA-T pos=(-4.90,+2.61) yaw= +96.9 d=0.46 goal_err=-29 carrot_err= -21 c0=1.11 clear=0.74 prog=0.29 rel=0.92 bal=-0.37 obs=268 hard=260 obsc=272 yr= 15  nz=0.09 flt=0.03 dmap=+0/-0 shz=4.0 plan=3 cmd=(lx=+0.00,ly=+0.00,rx=+0.00)
  t= 78.8 DWA-T pos=(-4.90,+2.61) yaw= +96.9 d=0.46 goal_err=-29 carrot_err= -21 c0=1.11 clear=0.74 prog=0.23 rel=0.87 bal=-0.37 obs=266 hard=259 obsc=273 yr=  0  nz=0.13 flt=0.00 dmap=+0/-0 shz=4.0 plan=3 cmd=(lx=+0.00,ly=+0.00,rx=+0.00)
  t= 79.2 DWA-T pos=(-4.90,+2.61) yaw= +96.9 d=0.46 goal_err=-29 carrot_err= -21 c0=1.11 clear=0.74 prog=0.17 rel=0.87 bal=-0.37 obs=266 hard=259 obsc=273 yr=  0  nz=0.13 flt=0.00 dmap=+0/-0 shz=4.0 plan=3 cmd=(lx=+0.00,ly=+0.00,rx=+0.00)
  t= 79.7 BRK-BK pos=(-4.90,+2.61) yaw= +96.9 d=0.46 goal_err=-29 carrot_err= -21 c0=1.11 clear=0.74 prog=0.09 rel=0.87 bal=-0.37 obs=266 hard=259 obsc=273 yr=  0  nz=0.13 flt=0.00 dmap=+0/-0 shz=4.0 plan=0 cmd=(lx=+0.00,ly=-0.35,rx=+0.00)
  t= 80.1 BRK-TR pos=(-4.90,+2.58) yaw= +96.9 d=0.49 goal_err=-27 carrot_err= -20 c0=0.97 clear=0.64 prog=0.00 rel=1.00 bal=-0.38 obs=264 hard=258 obsc=271 yr=  0  nz=0.00 flt=0.00 dmap=+0/-0 shz=3.7 plan=0 cmd=(lx=+0.00,ly=+0.00,rx=+0.45)
  t= 80.5 BRK-TR pos=(-4.89,+2.56) yaw= +92.1 d=0.50 goal_err=-21 carrot_err= -14 c0=1.15 clear=0.77 prog=0.00 rel=0.97 bal=-0.39 obs=264 hard=258 obsc=271 yr= 15G nz=0.03 flt=0.05 dmap=+0/-0 shz=3.7 plan=0 cmd=(lx=+0.00,ly=+0.00,rx=+0.45)
  t= 80.9 BRK-TR pos=(-4.89,+2.56) yaw= +85.7 d=0.50 goal_err=-15 carrot_err=  -8 c0=1.15 clear=0.77 prog=0.00 rel=0.85 bal=-0.18 obs=264 hard=259 obsc=271 yr= 15G nz=0.15 flt=0.00 dmap=+0/-0 shz=3.7 plan=0 cmd=(lx=+0.00,ly=+0.00,rx=+0.45)
  t= 81.4 BRK-TR pos=(-4.89,+2.56) yaw= +79.3 d=0.50 goal_err=-8 carrot_err=  -1 c0=1.15 clear=0.77 prog=0.00 rel=0.86 bal=-0.27 obs=264 hard=259 obsc=271 yr= 15G nz=0.14 flt=0.10 dmap=+0/-0 shz=3.7 plan=0 cmd=(lx=+0.00,ly=+0.00,rx=+0.45)
  t= 81.8 BRK-TR pos=(-4.89,+2.56) yaw= +73.2 d=0.50 goal_err=-2 carrot_err=  +5 c0=1.09 clear=0.72 prog=0.00 rel=0.90 bal=-0.32 obs=265 hard=260 obsc=272 yr= 14G nz=0.10 flt=0.08 dmap=+0/-0 shz=3.7 plan=0 cmd=(lx=+0.00,ly=+0.00,rx=+0.45)
  t= 82.2 BRK-TR pos=(-4.89,+2.56) yaw= +67.2 d=0.50 goal_err=+4 carrot_err= +11 c0=1.09 clear=0.72 prog=0.00 rel=0.94 bal=-0.32 obs=265 hard=260 obsc=272 yr= 14G nz=0.06 flt=0.00 dmap=+0/-0 shz=3.7 plan=0 cmd=(lx=+0.00,ly=+0.00,rx=+0.45)
  t= 82.7 DWA-F pos=(-4.89,+2.56) yaw= +59.8 d=0.50 goal_err=+11 carrot_err= +18 c0=1.09 clear=0.72 prog=0.00 rel=0.94 bal=-0.23 obs=267 hard=262 obsc=274 yr= 14  nz=0.06 flt=0.22 dmap=+0/-0 shz=3.7 plan=3 cmd=(lx=+0.00,ly=+0.40,rx=+0.00)
  t= 83.1 DWA-T pos=(-4.88,+2.58) yaw= +59.8 d=0.48 goal_err=+12 carrot_err= +19 c0=1.07 clear=0.71 prog=0.04 rel=0.95 bal=-0.23 obs=254 hard=253 obsc=256 yr=  0  nz=0.05 flt=0.00 dmap=+0/-0 shz=3.7 plan=3 cmd=(lx=+0.00,ly=+0.00,rx=+0.00)
  t= 83.5 DWA-T pos=(-4.88,+2.58) yaw= +59.8 d=0.48 goal_err=+12 carrot_err= +19 c0=1.07 clear=0.71 prog=0.04 rel=0.97 bal=-0.23 obs=253 hard=253 obsc=256 yr=  0  nz=0.03 flt=0.01 dmap=+0/-0 shz=3.7 plan=3 cmd=(lx=+0.00,ly=+0.00,rx=+0.00)
  t= 84.0 DWA-T pos=(-4.88,+2.58) yaw= +59.8 d=0.48 goal_err=+12 carrot_err= +19 c0=1.07 clear=0.71 prog=0.04 rel=0.97 bal=-0.23 obs=253 hard=253 obsc=256 yr=  0  nz=0.03 flt=0.01 dmap=+0/-0 shz=3.7 plan=3 cmd=(lx=+0.00,ly=+0.00,rx=+0.00)
  t= 84.4 BRK-BK pos=(-4.88,+2.58) yaw= +59.8 d=0.48 goal_err=+12 carrot_err= +19 c0=1.07 clear=0.71 prog=0.04 rel=0.97 bal=-0.23 obs=253 hard=253 obsc=256 yr=  0  nz=0.03 flt=0.01 dmap=+0/-0 shz=3.7 plan=0 cmd=(lx=+0.00,ly=-0.35,rx=+0.00)
  t= 84.8 BRK-TR pos=(-4.91,+2.54) yaw= +59.8 d=0.53 goal_err=+11 carrot_err= +17 c0=1.11 clear=0.74 prog=0.00 rel=0.99 bal=-0.22 obs=252 hard=251 obsc=254 yr=  0G nz=0.01 flt=0.01 dmap=+0/-0 shz=3.5 plan=0 cmd=(lx=+0.00,ly=+0.00,rx=+0.45)
  t= 85.2 BRK-TR pos=(-4.91,+2.54) yaw= +53.8 d=0.53 goal_err=+17 carrot_err= +23 c0=1.11 clear=0.74 prog=0.00 rel=0.94 bal=-0.16 obs=252 hard=251 obsc=254 yr= 14G nz=0.06 flt=0.01 dmap=+0/-0 shz=3.5 plan=0 cmd=(lx=+0.00,ly=+0.00,rx=+0.45)
  t= 85.6 BRK-TR pos=(-4.91,+2.54) yaw= +47.9 d=0.53 goal_err=+22 carrot_err= +29 c0=1.11 clear=0.74 prog=0.00 rel=0.95 bal=-0.16 obs=252 hard=251 obsc=254 yr= 14G nz=0.05 flt=0.01 dmap=+0/-0 shz=3.5 plan=0 cmd=(lx=+0.00,ly=+0.00,rx=+0.45)
  t= 86.1 BRK-TR pos=(-4.91,+2.54) yaw= +41.9 d=0.53 goal_err=+28 carrot_err= +35 c0=1.11 clear=0.74 prog=0.00 rel=0.96 bal=-0.16 obs=252 hard=251 obsc=254 yr= 14G nz=0.04 flt=0.12 dmap=+0/-0 shz=3.5 plan=0 cmd=(lx=+0.00,ly=+0.00,rx=+0.45)
  t= 86.5 BRK-TR pos=(-4.91,+2.54) yaw= +35.9 d=0.53 goal_err=+34 carrot_err= +41 c0=1.11 clear=0.74 prog=0.00 rel=0.98 bal=-0.04 obs=252 hard=252 obsc=254 yr= 14G nz=0.02 flt=0.08 dmap=+0/-0 shz=3.5 plan=0 cmd=(lx=+0.00,ly=+0.00,rx=+0.45)
  t= 86.9 BRK-TR pos=(-4.91,+2.54) yaw= +30.0 d=0.53 goal_err=+40 carrot_err= +47 c0=1.11 clear=0.74 prog=0.00 rel=0.98 bal=+0.03 obs=252 hard=252 obsc=254 yr= 14G nz=0.02 flt=0.01 dmap=+0/-0 shz=3.5 plan=0 cmd=(lx=+0.00,ly=+0.00,rx=+0.45)
  t= 87.3 DWA-F pos=(-4.90,+2.54) yaw= +27.0 d=0.53 goal_err=+44 carrot_err= +50 c0=1.11 clear=0.74 prog=0.01 rel=0.99 bal=+0.03 obs=252 hard=252 obsc=254 yr= 14G nz=0.01 flt=0.03 dmap=+0/-0 shz=3.5 plan=3 cmd=(lx=+0.00,ly=+0.28,rx=-0.45)
  t= 87.8 DWA-F pos=(-4.88,+2.56) yaw= +33.0 d=0.51 goal_err=+40 carrot_err= +47 c0=1.08 clear=0.72 prog=0.04 rel=0.98 bal=+0.04 obs=252 hard=252 obsc=254 yr= 14G nz=0.02 flt=0.00 dmap=+0/-0 shz=3.5 plan=3 cmd=(lx=+0.00,ly=+0.28,rx=-0.45)
  t= 88.2 DWA-F pos=(-4.86,+2.57) yaw= +38.9 d=0.48 goal_err=+36 carrot_err= +44 c0=1.06 clear=0.70 prog=0.08 rel=0.96 bal=-0.03 obs=252 hard=252 obsc=254 yr= 14G nz=0.04 flt=0.10 dmap=+0/-0 shz=3.5 plan=3 cmd=(lx=+0.00,ly=+0.28,rx=-0.45)
  t= 88.6 DWA-F pos=(-4.83,+2.60) yaw= +46.4 d=0.46 goal_err=+31 carrot_err= +40 c0=1.02 clear=0.68 prog=0.13 rel=0.90 bal=+0.05 obs=255 hard=255 obsc=257 yr= 14G nz=0.08 flt=0.01 dmap=+1/-0 shz=3.5 plan=3 cmd=(lx=+0.00,ly=+0.28,rx=-0.45)
  t= 89.1 DWA-F pos=(-4.81,+2.62) yaw= +52.3 d=0.43 goal_err=+27 carrot_err= +36 c0=0.99 clear=0.66 prog=0.17 rel=0.92 bal=-0.05 obs=255 hard=255 obsc=257 yr= 14G nz=0.08 flt=0.00 dmap=+0/-0 shz=3.5 plan=3 cmd=(lx=+0.00,ly=+0.28,rx=-0.45)
  t= 89.5 DWA-T pos=(-4.79,+2.64) yaw= +58.3 d=0.41 goal_err=+23 carrot_err= +33 c0=0.97 clear=0.64 prog=0.19 rel=0.92 bal=-0.13 obs=256 hard=256 obsc=258 yr= 14G nz=0.08 flt=0.01 dmap=+0/-0 shz=3.5 plan=3 cmd=(lx=+0.00,ly=+0.00,rx=+0.00)

  >>> MODO AGRESIVO ON (12s sin acercarse a B): reduzco inflado y holgura (min seguridad 0.24m) para cruzar la puerta.
  t= 89.9 AGR-DWA-T pos=(-4.79,+2.65) yaw= +59.8 d=0.40 goal_err=+21 carrot_err= +32 c0=0.96 clear=0.64 prog=0.16 rel=0.93 bal=-0.13 obs=252 hard=246 obsc=258 yr=  0  nz=0.07 flt=0.01 dmap=+0/-0 shz=3.5 plan=3 cmd=(lx=+0.00,ly=+0.00,rx=+0.00)
  t= 90.4 AGR-DWA-T pos=(-4.79,+2.65) yaw= +59.8 d=0.40 goal_err=+21 carrot_err= +32 c0=0.96 clear=0.64 prog=0.12 rel=0.93 bal=-0.13 obs=252 hard=246 obsc=258 yr=  0  nz=0.07 flt=0.01 dmap=+0/-0 shz=3.5 plan=3 cmd=(lx=+0.00,ly=+0.00,rx=+0.00)
  t= 90.8 AGR-DWA-T pos=(-4.79,+2.65) yaw= +59.8 d=0.40 goal_err=+21 carrot_err= +32 c0=0.96 clear=0.64 prog=0.07 rel=0.93 bal=-0.13 obs=252 hard=246 obsc=258 yr=  0  nz=0.07 flt=0.01 dmap=+0/-0 shz=3.5 plan=0 cmd=(lx=+0.00,ly=+0.00,rx=+0.00)
  t= 91.2 AGR-BRK-TR pos=(-4.80,+2.62) yaw= +59.8 d=0.42 goal_err=+20 carrot_err= +30 c0=0.98 clear=0.66 prog=0.00 rel=0.99 bal=-0.13 obs=249 hard=242 obsc=254 yr=  0G nz=0.01 flt=0.00 dmap=+0/-0 shz=3.3 plan=0 cmd=(lx=+0.00,ly=+0.00,rx=+0.45)
  t= 91.7 AGR-BRK-TR pos=(-4.80,+2.62) yaw= +51.7 d=0.42 goal_err=+28 carrot_err= +38 c0=0.98 clear=0.66 prog=0.00 rel=0.98 bal=-0.05 obs=249 hard=242 obsc=254 yr= 19G nz=0.02 flt=0.00 dmap=+0/-0 shz=3.3 plan=0 cmd=(lx=+0.00,ly=+0.00,rx=+0.45)
  t= 92.1 AGR-BRK-TR pos=(-4.80,+2.62) yaw= +43.7 d=0.42 goal_err=+36 carrot_err= +46 c0=0.98 clear=0.66 prog=0.00 rel=0.98 bal=-0.02 obs=252 hard=246 obsc=257 yr= 19G nz=0.02 flt=0.01 dmap=+2/-0 shz=3.3 plan=0 cmd=(lx=+0.00,ly=+0.00,rx=+0.45)
  t= 92.5 AGR-BRK-TR pos=(-4.80,+2.62) yaw= +37.3 d=0.42 goal_err=+43 carrot_err= +52 c0=0.98 clear=0.66 prog=0.00 rel=0.98 bal=-0.02 obs=252 hard=246 obsc=257 yr= 14G nz=0.02 flt=0.10 dmap=+0/-0 shz=3.3 plan=0 cmd=(lx=+0.00,ly=+0.00,rx=+0.45)
  t= 92.9 AGR-BRK-TR pos=(-4.80,+2.62) yaw= +31.3 d=0.42 goal_err=+49 carrot_err= +58 c0=0.98 clear=0.66 prog=0.00 rel=0.99 bal=+0.10 obs=252 hard=246 obsc=257 yr= 14G nz=0.01 flt=0.00 dmap=+0/-0 shz=3.3 plan=0 cmd=(lx=+0.00,ly=+0.00,rx=+0.45)
  t= 93.4 AGR-BRK-TR pos=(-4.80,+2.62) yaw= +25.3 d=0.42 goal_err=+55 carrot_err= +64 c0=1.12 clear=0.74 prog=0.00 rel=0.98 bal=+0.10 obs=252 hard=246 obsc=257 yr= 14G nz=0.02 flt=0.01 dmap=+0/-0 shz=3.3 plan=0 cmd=(lx=+0.00,ly=+0.00,rx=+0.45)
  t= 93.8 AGR-DWA-F pos=(-4.80,+2.63) yaw= +22.4 d=0.42 goal_err=+58 carrot_err= +68 c0=1.11 clear=0.74 prog=0.01 rel=0.88 bal=+0.10 obs=252 hard=246 obsc=257 yr= 14G nz=0.12 flt=0.10 dmap=+0/-0 shz=3.3 plan=3 cmd=(lx=+0.00,ly=+0.28,rx=-0.45)
  t= 94.2 AGR-DWA-F pos=(-4.77,+2.64) yaw= +28.3 d=0.40 goal_err=+56 carrot_err= +66 c0=0.95 clear=0.64 prog=0.03 rel=0.88 bal=+0.10 obs=252 hard=246 obsc=257 yr= 14G nz=0.12 flt=0.00 dmap=+0/-0 shz=3.3 plan=3 cmd=(lx=+0.00,ly=+0.28,rx=-0.45)
  t= 94.6 AGR-DWA-F pos=(-4.74,+2.66) yaw= +35.8 d=0.38 goal_err=+53 carrot_err= +64 c0=0.92 clear=0.61 prog=0.07 rel=0.87 bal=+0.12 obs=252 hard=246 obsc=257 yr= 14G nz=0.13 flt=0.03 dmap=+0/-0 shz=3.3 plan=3 cmd=(lx=+0.00,ly=+0.28,rx=-0.45)
  t= 95.1 AGR-DWA-F pos=(-4.72,+2.67) yaw= +41.7 d=0.37 goal_err=+50 carrot_err= +62 c0=0.89 clear=0.59 prog=0.10 rel=0.84 bal=+0.01 obs=252 hard=246 obsc=257 yr= 14G nz=0.15 flt=0.00 dmap=+0/-0 shz=3.3 plan=3 cmd=(lx=+0.00,ly=+0.28,rx=-0.45)

  LLEGADO a 'B' (-4.73,+3.04); error=0.35 m, colisiones=0.
  [spill] derrames=0 E[N]=0.00 eta_max=0.98 riesgo=1.1%
  [dataset] travesia guardada -> /Users/adrianlendinezibanez/Claude/Projects/G1 ROBOT/dataset/20260721_100042_ours_B.json
  [stats] fila anadida -> /Users/adrianlendinezibanez/Claude/Projects/G1 ROBOT/dataset/runs_stats.csv

Fin goto.
  [META2-L2] estado guardado (meta2_state_abfull.json): Pl={'Efficient_Nav': 1.0, 'Cautious_Nav': 1.0} derrames_run=0
  backend grafico: TkAgg
>>> SIM ADAPTER: conectando a rosbridge ws://localhost:8765 ...
  esperando /odom (hasta 30s; el mundo del lab tarda en cargar)... ok
  /odom OK pose=(+0.99,+0.57) | /scan: OK
  escenario LAB: mapa/waypoints/puerta REALES (lab.world solo-paredes, frame G1)

>>> GOTO 'B' -> (-4.73,+3.04). Mando en mano (L2+B). Ctrl+C aborta.
    ENTORNO: SIM (id: lab_v1_ab_full)  — esta run se registra como SIMULACION, no cuenta como run de robot
  Esperando pose localizada y primera nube... ok.
  FRAME-CHECK start=(+0.99,+0.57) wp_mas_cercano=A(+0.99,+0.57) offset=0.00m  -> frame OK (pose y waypoints alineados)
  [spill] payload de agua simulado (semilla=20260721_100231_ours_B.json)
  [META2-DOOR] variante de engagement: Door_Direct (Pl={Door_Direct:1.00, Door_Far:1.00, Door_BiasPlus:1.00})
  META2 ACTIVO (techo por analogia): Meta-Reasoner 2.0, analogia inicial Cautious_Nav

  !!!!!!!!!!!!!!!!!!!!!!!!!!!!!!!!!!!!!!!!!!!!!!!!!!!!!!!!!!!!!!!!!!!!!!!!!!
  !!  VISION OFF (G1_PERC sin definir) pero G1_NOVIS=1: navego SIN vision bajo tu responsabilidad.
  !!  La MESA invisible al LiDAR no se vera.
  !!!!!!!!!!!!!!!!!!!!!!!!!!!!!!!!!!!!!!!!!!!!!!!!!!!!!!!!!!!!!!!!!!!!!!!!!!

  mapa de referencia: 961 celdas | muebles estaticos (nav_map): 0 celdas | plan global: static
  t=  0.0 DWA-F pos=(+0.99,+0.57) yaw=-120.3 d=6.23 goal_err=-83 carrot_err= -62 c0=2.25 clear=1.00 prog=0.00 rel=1.00 bal=+0.19 obs=108 hard=108 obsc=108 yr=  0  nz=0.00 flt=0.19 dmap=+108/-0 shz=0.0 plan=34 cmd=(lx=+0.00,ly=+0.40,rx=+0.45)
  t=  0.4 DWA-F pos=(+0.97,+0.53) yaw=-125.1 d=6.22 goal_err=-79 carrot_err= -60 c0=2.21 clear=1.00 prog=0.05 rel=1.00 bal=+0.28 obs=111 hard=111 obsc=111 yr= 15G nz=0.00 flt=0.13 dmap=+0/-0 shz=4.7 plan=34 cmd=(lx=+0.00,ly=+0.40,rx=+0.45)
  t=  0.9 DWA-F pos=(+0.93,+0.48) yaw=-131.6 d=6.21 goal_err=-73 carrot_err= -57 c0=2.21 clear=1.00 prog=0.08 rel=0.95 bal=+0.40 obs=111 hard=111 obsc=111 yr= 15G nz=0.05 flt=0.01 dmap=+0/-0 shz=4.7 plan=34 cmd=(lx=+0.00,ly=+0.40,rx=+0.45)
  t=  1.3 DWA-F pos=(+0.89,+0.44) yaw=-138.0 d=6.19 goal_err=-67 carrot_err= -39 c0=2.23 clear=1.00 prog=0.11 rel=0.94 bal=+0.41 obs=111 hard=111 obsc=111 yr= 15G nz=0.06 flt=0.04 dmap=+0/-0 shz=4.3 plan=34 cmd=(lx=+0.00,ly=+0.40,rx=+0.45)
  t=  1.7 DWA-F pos=(+0.83,+0.39) yaw=-144.4 d=6.16 goal_err=-61 carrot_err= -36 c0=2.50 clear=1.00 prog=0.14 rel=0.83 bal=+0.42 obs=125 hard=125 obsc=153 yr=  0  nz=0.17 flt=0.04 dmap=+14/-0 shz=4.1 plan=33 cmd=(lx=+0.00,ly=+0.40,rx=+0.00)
  t=  2.1 DWA-F pos=(+0.78,+0.36) yaw=-147.6 d=6.13 goal_err=-58 carrot_err= -35 c0=2.50 clear=1.00 prog=0.17 rel=0.76 bal=+0.42 obs=125 hard=125 obsc=153 yr= 15G nz=0.24 flt=0.11 dmap=+0/-0 shz=4.2 plan=33 cmd=(lx=+0.00,ly=+0.40,rx=+0.00)
  t=  2.6 DWA-F pos=(+0.74,+0.34) yaw=-149.2 d=6.11 goal_err=-57 carrot_err= -36 c0=2.50 clear=1.00 prog=0.20 rel=0.84 bal=+0.43 obs=144 hard=131 obsc=161 yr=  0  nz=0.16 flt=0.02 dmap=+0/-0 shz=4.1 plan=33 cmd=(lx=+0.00,ly=+0.40,rx=+0.00)
  t=  3.0 DWA-F pos=(+0.71,+0.32) yaw=-152.4 d=6.08 goal_err=-54 carrot_err= -34 c0=2.50 clear=1.00 prog=0.20 rel=0.99 bal=+0.43 obs=154 hard=134 obsc=165 yr= 15  nz=0.01 flt=0.13 dmap=+0/-0 shz=4.2 plan=33 cmd=(lx=+0.00,ly=+0.40,rx=+0.00)
  t=  3.4 DWA-F pos=(+0.67,+0.30) yaw=-152.4 d=6.06 goal_err=-55 carrot_err= -34 c0=2.50 clear=1.00 prog=0.20 rel=0.99 bal=+0.44 obs=157 hard=137 obsc=168 yr=  0  nz=0.01 flt=0.01 dmap=+1/-2 shz=4.1 plan=33 cmd=(lx=+0.00,ly=+0.40,rx=+0.00)
  t=  3.9 DWA-F pos=(+0.62,+0.27) yaw=-152.4 d=6.03 goal_err=-55 carrot_err= -37 c0=2.50 clear=1.00 prog=0.20 rel=0.99 bal=+0.36 obs=159 hard=149 obsc=168 yr=  0  nz=0.01 flt=0.00 dmap=+0/-0 shz=4.1 plan=33 cmd=(lx=+0.00,ly=+0.40,rx=+0.00)
  t=  4.3 DWA-F pos=(+0.58,+0.25) yaw=-155.6 d=6.00 goal_err=-52 carrot_err= -35 c0=2.50 clear=1.00 prog=0.20 rel=0.99 bal=+0.37 obs=159 hard=156 obsc=168 yr= 15  nz=0.01 flt=0.15 dmap=+0/-0 shz=4.1 plan=33 cmd=(lx=+0.00,ly=+0.40,rx=+0.00)
  t=  4.7 DWA-F pos=(+0.54,+0.23) yaw=-155.6 d=5.97 goal_err=-52 carrot_err= -22 c0=2.50 clear=1.00 prog=0.21 rel=0.99 bal=+0.38 obs=161 hard=158 obsc=169 yr=  0  nz=0.01 flt=0.00 dmap=+1/-0 shz=4.0 plan=32 cmd=(lx=+0.00,ly=+0.40,rx=+0.00)
  t=  5.2 DWA-F pos=(+0.50,+0.21) yaw=-155.6 d=5.95 goal_err=-53 carrot_err= -23 c0=2.50 clear=1.00 prog=0.21 rel=0.99 bal=+0.39 obs=161 hard=160 obsc=170 yr=  0  nz=0.01 flt=0.00 dmap=+1/-1 shz=4.1 plan=32 cmd=(lx=+0.00,ly=+0.40,rx=+0.00)
  t=  5.6 DWA-F pos=(+0.46,+0.20) yaw=-155.6 d=5.92 goal_err=-53 carrot_err= -25 c0=2.50 clear=1.00 prog=0.22 rel=1.00 bal=+0.40 obs=163 hard=162 obsc=171 yr=  0  nz=0.00 flt=0.01 dmap=+0/-0 shz=4.0 plan=32 cmd=(lx=+0.00,ly=+0.40,rx=+0.00)
  t=  6.0 DWA-F pos=(+0.42,+0.18) yaw=-155.6 d=5.89 goal_err=-53 carrot_err= -26 c0=2.50 clear=1.00 prog=0.21 rel=1.00 bal=+0.41 obs=162 hard=162 obsc=173 yr=  0  nz=0.00 flt=0.00 dmap=+0/-0 shz=4.1 plan=32 cmd=(lx=+0.00,ly=+0.40,rx=+0.00)
  t=  6.4 DWA-F pos=(+0.37,+0.15) yaw=-155.6 d=5.86 goal_err=-54 carrot_err= -28 c0=2.50 clear=1.00 prog=0.22 rel=0.99 bal=+0.43 obs=163 hard=160 obsc=172 yr=  0  nz=0.01 flt=0.00 dmap=+0/-1 shz=4.0 plan=31 cmd=(lx=+0.00,ly=+0.40,rx=+0.00)
  t=  6.9 DWA-F pos=(+0.33,+0.14) yaw=-155.6 d=5.83 goal_err=-54 carrot_err= -29 c0=2.50 clear=1.00 prog=0.21 rel=0.99 bal=+0.43 obs=164 hard=161 obsc=172 yr=  0  nz=0.01 flt=0.00 dmap=+0/-0 shz=4.1 plan=31 cmd=(lx=+0.00,ly=+0.40,rx=+0.00)
  t=  7.3 DWA-F pos=(+0.29,+0.12) yaw=-155.6 d=5.81 goal_err=-55 carrot_err= -17 c0=2.50 clear=1.00 prog=0.21 rel=0.99 bal=+0.44 obs=164 hard=163 obsc=173 yr=  0  nz=0.01 flt=0.00 dmap=+0/-0 shz=4.0 plan=31 cmd=(lx=+0.00,ly=+0.40,rx=+0.00)
  t=  7.8 DWA-F pos=(+0.25,+0.10) yaw=-155.6 d=5.78 goal_err=-55 carrot_err= -18 c0=2.50 clear=1.00 prog=0.21 rel=0.99 bal=+0.45 obs=163 hard=161 obsc=172 yr=  0  nz=0.01 flt=0.00 dmap=+0/-1 shz=4.0 plan=30 cmd=(lx=+0.00,ly=+0.40,rx=+0.00)
  t=  8.2 DWA-F pos=(+0.21,+0.08) yaw=-155.6 d=5.76 goal_err=-55 carrot_err= -19 c0=2.50 clear=1.00 prog=0.20 rel=0.98 bal=+0.45 obs=164 hard=163 obsc=172 yr=  0  nz=0.02 flt=0.00 dmap=+1/-0 shz=4.0 plan=30 cmd=(lx=+0.00,ly=+0.40,rx=+0.00)
  t=  8.6 DWA-F pos=(+0.16,+0.06) yaw=-155.6 d=5.73 goal_err=-56 carrot_err= -20 c0=2.50 clear=1.00 prog=0.21 rel=0.99 bal=+0.38 obs=168 hard=166 obsc=175 yr=  0  nz=0.01 flt=0.00 dmap=+0/-0 shz=4.0 plan=30 cmd=(lx=+0.00,ly=+0.40,rx=+0.00)
  t=  9.0 DWA-F pos=(+0.12,+0.04) yaw=-155.6 d=5.70 goal_err=-56 carrot_err= -21 c0=2.45 clear=1.00 prog=0.21 rel=0.96 bal=+0.39 obs=168 hard=166 obsc=176 yr=  0  nz=0.04 flt=0.02 dmap=+0/-0 shz=4.0 plan=30 cmd=(lx=+0.00,ly=+0.40,rx=+0.00)
  t=  9.5 DWA-F pos=(+0.08,+0.02) yaw=-155.6 d=5.68 goal_err=-57 carrot_err= -23 c0=2.41 clear=1.00 prog=0.20 rel=0.94 bal=+0.39 obs=169 hard=167 obsc=176 yr=  0  nz=0.06 flt=0.01 dmap=+1/-0 shz=4.0 plan=30 cmd=(lx=+0.00,ly=+0.40,rx=+0.00)
  t=  9.9 DWA-F pos=(+0.04,+0.00) yaw=-155.6 d=5.65 goal_err=-57 carrot_err= -24 c0=2.37 clear=1.00 prog=0.20 rel=0.92 bal=+0.38 obs=170 hard=169 obsc=178 yr=  0  nz=0.08 flt=0.00 dmap=+0/-0 shz=4.0 plan=30 cmd=(lx=+0.00,ly=+0.40,rx=+0.00)
  t= 10.3 DWA-F pos=(-0.01,-0.02) yaw=-155.6 d=5.62 goal_err=-57 carrot_err= -26 c0=2.31 clear=1.00 prog=0.20 rel=0.93 bal=+0.41 obs=171 hard=171 obsc=179 yr=  0  nz=0.07 flt=0.01 dmap=+0/-0 shz=4.0 plan=30 cmd=(lx=+0.00,ly=+0.40,rx=+0.00)
  t= 10.8 DWA-F pos=(-0.05,-0.04) yaw=-155.6 d=5.60 goal_err=-58 carrot_err= -27 c0=2.27 clear=1.00 prog=0.20 rel=0.92 bal=+0.42 obs=172 hard=171 obsc=181 yr=  0  nz=0.08 flt=0.00 dmap=+1/-0 shz=4.0 plan=29 cmd=(lx=+0.00,ly=+0.40,rx=+0.00)
  t= 11.2 DWA-F pos=(-0.10,-0.06) yaw=-155.6 d=5.57 goal_err=-58 carrot_err= -29 c0=2.22 clear=1.00 prog=0.20 rel=0.91 bal=+0.44 obs=172 hard=173 obsc=181 yr=  0  nz=0.09 flt=0.01 dmap=+1/-1 shz=4.0 plan=29 cmd=(lx=+0.00,ly=+0.40,rx=+0.00)
  t= 11.6 DWA-F pos=(-0.14,-0.07) yaw=-155.6 d=5.55 goal_err=-59 carrot_err= -29 c0=2.18 clear=1.00 prog=0.19 rel=0.92 bal=+0.46 obs=174 hard=173 obsc=180 yr=  0  nz=0.08 flt=0.01 dmap=+0/-0 shz=4.0 plan=29 cmd=(lx=+0.00,ly=+0.40,rx=+0.00)
  t= 12.1 DWA-F pos=(-0.18,-0.09) yaw=-155.6 d=5.53 goal_err=-59 carrot_err= -31 c0=2.13 clear=1.00 prog=0.19 rel=0.92 bal=+0.47 obs=176 hard=173 obsc=181 yr=  0  nz=0.08 flt=0.00 dmap=+0/-0 shz=4.0 plan=29 cmd=(lx=+0.00,ly=+0.40,rx=+0.00)
  t= 12.5 DWA-F pos=(-0.23,-0.12) yaw=-155.6 d=5.50 goal_err=-59 carrot_err= -33 c0=2.08 clear=1.00 prog=0.19 rel=0.92 bal=+0.49 obs=176 hard=175 obsc=182 yr=  0  nz=0.08 flt=0.02 dmap=+0/-0 shz=4.0 plan=28 cmd=(lx=+0.00,ly=+0.40,rx=+0.00)
  t= 12.9 DWA-F pos=(-0.27,-0.13) yaw=-155.6 d=5.48 goal_err=-60 carrot_err= -35 c0=2.03 clear=1.00 prog=0.19 rel=0.91 bal=+0.49 obs=177 hard=174 obsc=182 yr=  0  nz=0.09 flt=0.01 dmap=+0/-0 shz=4.0 plan=28 cmd=(lx=+0.00,ly=+0.40,rx=+0.00)
  t= 13.4 DWA-F pos=(-0.31,-0.15) yaw=-155.6 d=5.45 goal_err=-60 carrot_err= -34 c0=1.99 clear=1.00 prog=0.18 rel=0.91 bal=+0.49 obs=176 hard=175 obsc=182 yr=  0  nz=0.09 flt=0.00 dmap=+0/-0 shz=4.0 plan=28 cmd=(lx=+0.00,ly=+0.40,rx=+0.00)
  t= 13.8 DWA-F pos=(-0.35,-0.17) yaw=-155.6 d=5.43 goal_err=-61 carrot_err= -36 c0=1.95 clear=1.00 prog=0.18 rel=0.91 bal=+0.50 obs=178 hard=178 obsc=183 yr=  0  nz=0.09 flt=0.01 dmap=+0/-0 shz=4.0 plan=27 cmd=(lx=+0.00,ly=+0.40,rx=+0.00)
  t= 14.2 DWA-F pos=(-0.39,-0.19) yaw=-155.6 d=5.41 goal_err=-61 carrot_err= -38 c0=1.90 clear=1.00 prog=0.18 rel=0.91 bal=+0.50 obs=179 hard=177 obsc=184 yr=  0  nz=0.09 flt=0.00 dmap=+2/-0 shz=4.0 plan=27 cmd=(lx=+0.00,ly=+0.40,rx=+0.00)
  t= 14.7 DWA-F pos=(-0.44,-0.21) yaw=-158.8 d=5.38 goal_err=-58 carrot_err= -37 c0=1.85 clear=1.00 prog=0.18 rel=0.91 bal=+0.53 obs=179 hard=177 obsc=184 yr= 15G nz=0.09 flt=0.13 dmap=+0/-0 shz=4.0 plan=27 cmd=(lx=+0.00,ly=+0.40,rx=+0.00)
  t= 15.1 DWA-F pos=(-0.48,-0.23) yaw=-160.4 d=5.36 goal_err=-57 carrot_err= -37 c0=1.80 clear=1.00 prog=0.18 rel=0.91 bal=+0.53 obs=191 hard=184 obsc=199 yr=  0  nz=0.09 flt=0.05 dmap=+0/-0 shz=4.0 plan=27 cmd=(lx=+0.00,ly=+0.40,rx=+0.45)
  t= 15.5 DWA-F pos=(-0.52,-0.24) yaw=-163.6 d=5.34 goal_err=-54 carrot_err= -36 c0=1.76 clear=1.00 prog=0.18 rel=0.91 bal=+0.53 obs=199 hard=185 obsc=205 yr=  0  nz=0.09 flt=0.04 dmap=+8/-0 shz=4.0 plan=27 cmd=(lx=+0.00,ly=+0.40,rx=+0.00)
  t= 16.0 DWA-F pos=(-0.57,-0.25) yaw=-166.8 d=5.31 goal_err=-51 carrot_err= -35 c0=1.72 clear=1.00 prog=0.19 rel=0.92 bal=+0.54 obs=199 hard=185 obsc=205 yr= 15  nz=0.08 flt=0.07 dmap=+0/-0 shz=4.0 plan=27 cmd=(lx=+0.00,ly=+0.40,rx=+0.00)
  t= 16.4 DWA-F pos=(-0.61,-0.26) yaw=-166.8 d=5.28 goal_err=-52 carrot_err= -37 c0=1.68 clear=1.00 prog=0.19 rel=0.93 bal=+0.49 obs=203 hard=190 obsc=207 yr=  0G nz=0.07 flt=0.00 dmap=+0/-0 shz=4.0 plan=27 cmd=(lx=+0.00,ly=+0.40,rx=+0.45)
  t= 16.8 DWA-F pos=(-0.66,-0.27) yaw=-173.3 d=5.25 goal_err=-46 carrot_err= -39 c0=1.79 clear=1.00 prog=0.22 rel=0.93 bal=+0.50 obs=203 hard=190 obsc=207 yr= 14G nz=0.07 flt=0.01 dmap=+0/-0 shz=3.9 plan=26 cmd=(lx=+0.00,ly=+0.40,rx=+0.45)
  t= 17.3 DWA-F pos=(-0.71,-0.28) yaw=-176.5 d=5.21 goal_err=-43 carrot_err= -38 c0=1.84 clear=1.00 prog=0.23 rel=0.88 bal=+0.51 obs=207 hard=196 obsc=212 yr=  0  nz=0.12 flt=0.00 dmap=+1/-1 shz=4.0 plan=26 cmd=(lx=+0.00,ly=+0.40,rx=+0.00)
  t= 17.7 DWA-F pos=(-0.75,-0.28) yaw=-179.7 d=5.18 goal_err=-40 carrot_err= -37 c0=1.80 clear=1.00 prog=0.24 rel=0.86 bal=+0.52 obs=207 hard=196 obsc=212 yr= 15  nz=0.14 flt=0.06 dmap=+0/-0 shz=4.0 plan=26 cmd=(lx=+0.00,ly=+0.40,rx=+0.00)
  t= 18.1 DWA-F pos=(-0.80,-0.28) yaw=-179.7 d=5.15 goal_err=-40 carrot_err= -39 c0=1.76 clear=1.00 prog=0.25 rel=0.92 bal=+0.53 obs=207 hard=194 obsc=211 yr=  0G nz=0.08 flt=0.08 dmap=+0/-0 shz=4.0 plan=26 cmd=(lx=+0.00,ly=+0.40,rx=+0.45)
  t= 18.6 DWA-F pos=(-0.85,-0.28) yaw=+177.1 d=5.10 goal_err=-38 carrot_err= -30 c0=1.95 clear=1.00 prog=0.28 rel=0.89 bal=+0.52 obs=207 hard=196 obsc=213 yr=  0  nz=0.11 flt=0.00 dmap=+0/-1 shz=4.0 plan=25 cmd=(lx=+0.00,ly=+0.40,rx=+0.00)
  t= 19.0 DWA-F pos=(-0.90,-0.28) yaw=+177.1 d=5.07 goal_err=-38 carrot_err= -31 c0=1.91 clear=1.00 prog=0.28 rel=0.87 bal=+0.50 obs=205 hard=196 obsc=211 yr=  0  nz=0.13 flt=0.02 dmap=+0/-1 shz=4.0 plan=25 cmd=(lx=+0.00,ly=+0.40,rx=+0.00)
  t= 19.4 DWA-F pos=(-0.94,-0.27) yaw=+177.1 d=5.03 goal_err=-38 carrot_err= -33 c0=1.86 clear=1.00 prog=0.28 rel=0.89 bal=+0.49 obs=206 hard=196 obsc=210 yr=  0  nz=0.11 flt=0.00 dmap=+0/-0 shz=4.0 plan=25 cmd=(lx=+0.00,ly=+0.40,rx=+0.00)
  t= 19.9 DWA-F pos=(-0.98,-0.27) yaw=+177.1 d=5.00 goal_err=-39 carrot_err= -37 c0=1.82 clear=1.00 prog=0.28 rel=0.93 bal=+0.32 obs=207 hard=196 obsc=211 yr=  0  nz=0.07 flt=0.01 dmap=+1/-0 shz=4.0 plan=24 cmd=(lx=+0.00,ly=+0.40,rx=+0.00)
  t= 20.3 DWA-F pos=(-1.03,-0.27) yaw=+177.1 d=4.96 goal_err=-39 carrot_err= -38 c0=1.77 clear=1.00 prog=0.28 rel=0.93 bal=+0.31 obs=207 hard=199 obsc=211 yr=  0  nz=0.07 flt=0.00 dmap=+0/-0 shz=4.0 plan=24 cmd=(lx=+0.00,ly=+0.40,rx=+0.45)
  t= 20.7 DWA-F pos=(-1.08,-0.26) yaw=+173.9 d=4.92 goal_err=-36 carrot_err= -37 c0=1.72 clear=1.00 prog=0.28 rel=0.92 bal=+0.29 obs=216 hard=203 obsc=221 yr=  0  nz=0.08 flt=0.24 dmap=+0/-0 shz=4.0 plan=24 cmd=(lx=+0.00,ly=+0.40,rx=+0.00)
  t= 21.2 DWA-F pos=(-1.13,-0.26) yaw=+172.3 d=4.88 goal_err=-35 carrot_err= -37 c0=1.67 clear=1.00 prog=0.28 rel=0.92 bal=+0.28 obs=216 hard=208 obsc=220 yr= 15G nz=0.08 flt=0.00 dmap=+0/-0 shz=4.0 plan=24 cmd=(lx=+0.00,ly=+0.40,rx=+0.00)
  t= 21.6 DWA-F pos=(-1.17,-0.25) yaw=+170.7 d=4.85 goal_err=-33 carrot_err= -29 c0=1.63 clear=1.00 prog=0.29 rel=0.91 bal=+0.27 obs=216 hard=206 obsc=220 yr=  0  nz=0.09 flt=0.01 dmap=+0/-0 shz=4.0 plan=23 cmd=(lx=+0.00,ly=+0.40,rx=+0.00)
  t= 22.0 DWA-F pos=(-1.22,-0.25) yaw=+170.7 d=4.81 goal_err=-34 carrot_err= -30 c0=1.58 clear=1.00 prog=0.29 rel=0.93 bal=+0.26 obs=213 hard=207 obsc=220 yr=  0  nz=0.07 flt=0.00 dmap=+0/-3 shz=4.0 plan=23 cmd=(lx=+0.00,ly=+0.40,rx=+0.00)
  t= 22.5 DWA-F pos=(-1.27,-0.24) yaw=+170.7 d=4.76 goal_err=-34 carrot_err= -32 c0=1.53 clear=1.00 prog=0.30 rel=0.92 bal=+0.24 obs=211 hard=204 obsc=217 yr=  0  nz=0.08 flt=0.02 dmap=+0/-0 shz=4.0 plan=23 cmd=(lx=+0.00,ly=+0.40,rx=+0.00)
  t= 22.9 DWA-F pos=(-1.32,-0.23) yaw=+170.7 d=4.73 goal_err=-34 carrot_err= -17 c0=1.49 clear=0.99 prog=0.30 rel=0.92 bal=+0.24 obs=210 hard=202 obsc=215 yr=  0  nz=0.08 flt=0.01 dmap=+0/-0 shz=4.0 plan=22 cmd=(lx=+0.00,ly=+0.40,rx=+0.00)
  t= 23.3 DWA-F pos=(-1.36,-0.22) yaw=+170.7 d=4.69 goal_err=-35 carrot_err= -17 c0=1.44 clear=0.96 prog=0.30 rel=0.91 bal=+0.23 obs=210 hard=200 obsc=214 yr=  0  nz=0.09 flt=0.00 dmap=+0/-0 shz=4.0 plan=22 cmd=(lx=+0.00,ly=+0.40,rx=+0.00)
  t= 23.8 DWA-F pos=(-1.40,-0.22) yaw=+170.7 d=4.65 goal_err=-35 carrot_err= -18 c0=1.40 clear=0.93 prog=0.30 rel=0.92 bal=+0.22 obs=212 hard=202 obsc=216 yr=  0  nz=0.08 flt=0.00 dmap=+0/-0 shz=4.0 plan=22 cmd=(lx=+0.00,ly=+0.40,rx=+0.00)
  t= 24.2 DWA-F pos=(-1.45,-0.21) yaw=+170.7 d=4.62 goal_err=-35 carrot_err= -19 c0=1.35 clear=0.90 prog=0.30 rel=0.92 bal=+0.22 obs=214 hard=204 obsc=217 yr=  0  nz=0.08 flt=0.01 dmap=+0/-0 shz=4.0 plan=22 cmd=(lx=+0.00,ly=+0.40,rx=+0.00)
  t= 24.6 DWA-F pos=(-1.50,-0.20) yaw=+170.7 d=4.57 goal_err=-36 carrot_err= -20 c0=1.30 clear=0.87 prog=0.29 rel=0.92 bal=+0.08 obs=212 hard=205 obsc=218 yr=  0  nz=0.08 flt=0.02 dmap=+1/-3 shz=4.0 plan=22 cmd=(lx=+0.00,ly=+0.40,rx=+0.00)
  t= 25.1 DWA-F pos=(-1.55,-0.19) yaw=+170.7 d=4.54 goal_err=-36 carrot_err= -22 c0=1.25 clear=0.84 prog=0.29 rel=0.91 bal=+0.07 obs=212 hard=204 obsc=215 yr=  0  nz=0.09 flt=0.03 dmap=+1/-0 shz=4.0 plan=22 cmd=(lx=+0.00,ly=+0.40,rx=+0.00)
  t= 25.5 DWA-F pos=(-1.59,-0.18) yaw=+170.7 d=4.50 goal_err=-36 carrot_err= -26 c0=1.21 clear=0.81 prog=0.29 rel=0.90 bal=+0.07 obs=212 hard=203 obsc=216 yr=  0  nz=0.10 flt=0.00 dmap=+0/-0 shz=4.0 plan=22 cmd=(lx=+0.00,ly=+0.40,rx=+0.00)
  t= 25.9 DWA-F pos=(-1.63,-0.18) yaw=+170.7 d=4.47 goal_err=-37 carrot_err= -28 c0=1.17 clear=0.78 prog=0.29 rel=0.92 bal=+0.07 obs=213 hard=203 obsc=216 yr=  0  nz=0.08 flt=0.02 dmap=+0/-0 shz=4.0 plan=21 cmd=(lx=+0.00,ly=+0.40,rx=+0.00)
  t= 26.4 DWA-F pos=(-1.68,-0.17) yaw=+170.7 d=4.43 goal_err=-37 carrot_err= -29 c0=1.12 clear=0.75 prog=0.29 rel=0.92 bal=+0.07 obs=214 hard=204 obsc=217 yr=  0  nz=0.08 flt=0.02 dmap=+1/-0 shz=4.0 plan=21 cmd=(lx=+0.00,ly=+0.40,rx=+0.00)
  t= 26.8 DWA-F pos=(-1.72,-0.16) yaw=+170.7 d=4.40 goal_err=-37 carrot_err= -30 c0=1.08 clear=0.72 prog=0.28 rel=0.92 bal=+0.07 obs=213 hard=205 obsc=217 yr=  0  nz=0.08 flt=0.02 dmap=+0/-0 shz=4.0 plan=21 cmd=(lx=+0.00,ly=+0.40,rx=+0.00)
  t= 27.2 DWA-F pos=(-1.78,-0.15) yaw=+170.7 d=4.35 goal_err=-38 carrot_err= -33 c0=1.03 clear=0.68 prog=0.29 rel=0.92 bal=+0.06 obs=213 hard=205 obsc=216 yr=  0  nz=0.08 flt=0.00 dmap=+0/-0 shz=4.0 plan=21 cmd=(lx=+0.00,ly=+0.40,rx=+0.00)
  t= 27.7 DWA-F pos=(-1.82,-0.15) yaw=+170.7 d=4.32 goal_err=-38 carrot_err= -26 c0=0.98 clear=0.66 prog=0.29 rel=0.92 bal=+0.06 obs=213 hard=205 obsc=217 yr=  0  nz=0.08 flt=0.01 dmap=+0/-0 shz=4.0 plan=20 cmd=(lx=+0.00,ly=+0.40,rx=+0.00)
  t= 28.1 DWA-F pos=(-1.86,-0.14) yaw=+170.7 d=4.28 goal_err=-39 carrot_err= -27 c0=0.94 clear=0.63 prog=0.29 rel=0.92 bal=+0.05 obs=215 hard=205 obsc=218 yr=  0  nz=0.08 flt=0.03 dmap=+0/-0 shz=4.0 plan=20 cmd=(lx=+0.00,ly=+0.40,rx=+0.00)
  t= 28.5 DWA-F pos=(-1.91,-0.13) yaw=+170.7 d=4.25 goal_err=-39 carrot_err= -28 c0=0.90 clear=0.60 prog=0.28 rel=0.92 bal=+0.04 obs=216 hard=206 obsc=219 yr=  0  nz=0.08 flt=0.01 dmap=+0/-0 shz=4.0 plan=20 cmd=(lx=+0.00,ly=+0.40,rx=+0.00)
  t= 29.0 DWA-F pos=(-1.95,-0.13) yaw=+170.7 d=4.21 goal_err=-39 carrot_err= -22 c0=0.85 clear=0.57 prog=0.28 rel=0.93 bal=+0.04 obs=217 hard=208 obsc=220 yr=  0  nz=0.07 flt=0.01 dmap=+0/-0 shz=4.0 plan=19 cmd=(lx=+0.00,ly=+0.40,rx=+0.00)
  t= 29.4 DWA-F pos=(-1.99,-0.12) yaw=+170.7 d=4.18 goal_err=-40 carrot_err= -23 c0=0.81 clear=0.54 prog=0.27 rel=0.92 bal=+0.03 obs=218 hard=210 obsc=221 yr=  0  nz=0.08 flt=0.01 dmap=+1/-0 shz=4.0 plan=19 cmd=(lx=+0.00,ly=+0.40,rx=+0.00)
  t= 29.8 DWA-F pos=(-2.04,-0.11) yaw=+170.7 d=4.14 goal_err=-40 carrot_err= -25 c0=0.77 clear=0.51 prog=0.26 rel=0.93 bal=+0.03 obs=217 hard=209 obsc=221 yr=  0  nz=0.07 flt=0.00 dmap=+0/-0 shz=4.0 plan=19 cmd=(lx=+0.00,ly=+0.40,rx=+0.00)
  t= 30.3 DWA-F pos=(-2.09,-0.10) yaw=+169.1 d=4.10 goal_err=-39 carrot_err= -24 c0=0.71 clear=0.48 prog=0.28 rel=0.92 bal=+0.03 obs=217 hard=208 obsc=221 yr= 15G nz=0.08 flt=0.01 dmap=+0/-0 shz=4.0 plan=19 cmd=(lx=+0.00,ly=+0.40,rx=+0.00)
  t= 30.7 DWA-F pos=(-2.14,-0.09) yaw=+167.5 d=4.07 goal_err=-38 carrot_err= -24 c0=0.67 clear=0.45 prog=0.28 rel=0.92 bal=-0.25 obs=230 hard=220 obsc=233 yr=  0  nz=0.08 flt=0.02 dmap=+3/-0 shz=4.0 plan=18 cmd=(lx=+0.00,ly=+0.40,rx=+0.00)
  t= 31.1 DWA-F pos=(-2.18,-0.08) yaw=+167.5 d=4.03 goal_err=-38 carrot_err= -25 c0=0.63 clear=0.42 prog=0.28 rel=0.92 bal=-0.54 obs=229 hard=220 obsc=232 yr=  0  nz=0.08 flt=0.02 dmap=+0/-0 shz=4.0 plan=18 cmd=(lx=+0.00,ly=+0.40,rx=+0.00)
  t= 31.6 DWA-F pos=(-2.22,-0.07) yaw=+167.5 d=4.00 goal_err=-39 carrot_err= -27 c0=0.59 clear=0.39 prog=0.28 rel=0.92 bal=-0.55 obs=230 hard=218 obsc=234 yr=  0  nz=0.08 flt=0.02 dmap=+0/-0 shz=4.0 plan=18 cmd=(lx=+0.00,ly=+0.40,rx=+0.00)
  t= 32.0 DWA-F pos=(-2.27,-0.06) yaw=+167.5 d=3.96 goal_err=-39 carrot_err= -30 c0=0.75 clear=0.50 prog=0.27 rel=0.90 bal=-0.55 obs=228 hard=217 obsc=232 yr=  0  nz=0.10 flt=0.02 dmap=+0/-0 shz=4.0 plan=18 cmd=(lx=+0.00,ly=+0.40,rx=+0.00)
  t= 32.4 DWA-F pos=(-2.32,-0.05) yaw=+164.3 d=3.92 goal_err=-36 carrot_err= -28 c0=0.88 clear=0.59 prog=0.28 rel=0.89 bal=-0.55 obs=231 hard=218 obsc=234 yr= 14  nz=0.11 flt=0.23 dmap=+3/-0 shz=4.0 plan=18 cmd=(lx=+0.00,ly=+0.40,rx=+0.00)
  t= 32.9 DWA-F pos=(-2.36,-0.04) yaw=+164.3 d=3.88 goal_err=-37 carrot_err= -29 c0=0.84 clear=0.56 prog=0.28 rel=0.84 bal=-0.62 obs=232 hard=221 obsc=236 yr=  0  nz=0.16 flt=0.01 dmap=+0/-0 shz=4.0 plan=18 cmd=(lx=+0.00,ly=+0.40,rx=+0.00)
  t= 33.3 DWA-F pos=(-2.41,-0.03) yaw=+161.1 d=3.85 goal_err=-34 carrot_err= -28 c0=0.79 clear=0.53 prog=0.29 rel=0.89 bal=-0.55 obs=233 hard=224 obsc=237 yr= 15G nz=0.11 flt=0.12 dmap=+0/-0 shz=4.0 plan=18 cmd=(lx=+0.00,ly=+0.40,rx=+0.00)
  t= 33.7 DWA-F pos=(-2.45,-0.01) yaw=+159.5 d=3.81 goal_err=-33 carrot_err= -27 c0=0.75 clear=0.50 prog=0.29 rel=0.90 bal=-0.50 obs=234 hard=223 obsc=243 yr=  0  nz=0.10 flt=0.07 dmap=+2/-1 shz=4.0 plan=17 cmd=(lx=+0.00,ly=+0.40,rx=+0.00)
  t= 34.2 DWA-F pos=(-2.49,+0.00) yaw=+159.5 d=3.77 goal_err=-33 carrot_err= -29 c0=0.71 clear=0.47 prog=0.28 rel=0.92 bal=-0.50 obs=231 hard=221 obsc=242 yr=  0G nz=0.08 flt=0.03 dmap=+0/-0 shz=4.0 plan=17 cmd=(lx=+0.00,ly=+0.40,rx=+0.45)
  t= 34.6 DWA-F pos=(-2.53,+0.02) yaw=+156.3 d=3.74 goal_err=-30 carrot_err= -27 c0=0.89 clear=0.59 prog=0.28 rel=0.90 bal=-0.50 obs=234 hard=221 obsc=241 yr=  0  nz=0.10 flt=0.01 dmap=+0/-0 shz=4.0 plan=17 cmd=(lx=+0.00,ly=+0.40,rx=+0.00)
  t= 35.0 ENG-F pos=(-2.58,+0.04) yaw=+156.3 d=3.69 goal_err=-31 carrot_err= -27 c0=0.83 clear=0.56 prog=0.30 rel=0.88 bal=-0.38 obs=235 hard=224 obsc=244 yr=  0  nz=0.12 flt=0.01 dmap=+0/-0 shz=4.0 plan=17 cmd=(lx=+0.00,ly=+0.28,rx=+0.00)
  t= 35.4 ENG-F pos=(-2.62,+0.06) yaw=+156.3 d=3.66 goal_err=-31 carrot_err= -28 c0=0.80 clear=0.53 prog=0.30 rel=0.88 bal=-0.38 obs=237 hard=226 obsc=245 yr=  0  nz=0.12 flt=0.01 dmap=+3/-1 shz=4.0 plan=17 cmd=(lx=+0.00,ly=+0.28,rx=+0.00)
  t= 35.9 ENG-F pos=(-2.65,+0.07) yaw=+156.3 d=3.62 goal_err=-31 carrot_err= -29 c0=0.76 clear=0.51 prog=0.29 rel=0.92 bal=-0.38 obs=236 hard=226 obsc=245 yr=  0  nz=0.08 flt=0.01 dmap=+0/-0 shz=4.0 plan=17 cmd=(lx=+0.00,ly=+0.28,rx=+0.00)
  t= 36.3 ENG-F pos=(-2.68,+0.09) yaw=+156.3 d=3.59 goal_err=-32 carrot_err= -30 c0=0.73 clear=0.48 prog=0.28 rel=0.90 bal=-0.38 obs=236 hard=226 obsc=244 yr=  0  nz=0.10 flt=0.02 dmap=+0/-0 shz=4.0 plan=17 cmd=(lx=+0.00,ly=+0.28,rx=+0.00)
  t= 36.7 ENG-F pos=(-2.71,+0.10) yaw=+156.3 d=3.56 goal_err=-32 carrot_err= -22 c0=0.69 clear=0.46 prog=0.27 rel=0.92 bal=-0.38 obs=236 hard=227 obsc=244 yr=  0  nz=0.08 flt=0.00 dmap=+1/-1 shz=4.0 plan=17 cmd=(lx=+0.00,ly=+0.28,rx=+0.00)
  t= 37.1 ENG-F pos=(-2.75,+0.12) yaw=+156.3 d=3.53 goal_err=-32 carrot_err= -23 c0=0.66 clear=0.44 prog=0.24 rel=0.91 bal=-0.37 obs=237 hard=227 obsc=244 yr=  0  nz=0.09 flt=0.00 dmap=+0/-0 shz=4.0 plan=17 cmd=(lx=+0.00,ly=+0.28,rx=+0.00)
  t= 37.6 ENG-F pos=(-2.78,+0.13) yaw=+156.3 d=3.50 goal_err=-32 carrot_err= -23 c0=0.62 clear=0.42 prog=0.24 rel=0.93 bal=-0.31 obs=237 hard=227 obsc=244 yr=  0  nz=0.07 flt=0.02 dmap=+0/-0 shz=4.0 plan=17 cmd=(lx=+0.00,ly=+0.28,rx=+0.00)
  t= 38.0 ENG-F pos=(-2.81,+0.15) yaw=+156.3 d=3.47 goal_err=-33 carrot_err= -24 c0=0.59 clear=0.39 prog=0.24 rel=0.94 bal=-0.31 obs=238 hard=229 obsc=245 yr=  0  nz=0.06 flt=0.01 dmap=+0/-0 shz=3.9 plan=17 cmd=(lx=+0.00,ly=+0.28,rx=+0.00)
  t= 38.4 ENG-F pos=(-2.85,+0.16) yaw=+156.3 d=3.44 goal_err=-33 carrot_err= -25 c0=0.56 clear=0.37 prog=0.24 rel=0.93 bal=-0.32 obs=239 hard=229 obsc=245 yr=  0  nz=0.07 flt=0.00 dmap=+0/-0 shz=4.0 plan=16 cmd=(lx=+0.00,ly=+0.28,rx=+0.00)
  t= 38.8 ENG-F pos=(-2.88,+0.17) yaw=+156.3 d=3.41 goal_err=-33 carrot_err= -26 c0=0.52 clear=0.35 prog=0.24 rel=0.93 bal=-0.32 obs=240 hard=230 obsc=246 yr=  0  nz=0.07 flt=0.00 dmap=+0/-0 shz=3.9 plan=16 cmd=(lx=+0.00,ly=+0.28,rx=+0.00)
  t= 39.3 ENG-F pos=(-2.90,+0.18) yaw=+153.0 d=3.40 goal_err=-30 carrot_err= -24 c0=0.50 clear=0.34 prog=0.21 rel=0.93 bal=-0.33 obs=242 hard=232 obsc=249 yr= 16  nz=0.07 flt=0.14 dmap=+3/-1 shz=4.0 plan=16 cmd=(lx=+0.00,ly=+0.28,rx=+0.00)
  t= 39.7 ENG-F pos=(-2.93,+0.20) yaw=+151.4 d=3.37 goal_err=-29 carrot_err= -23 c0=0.70 clear=0.47 prog=0.21 rel=0.88 bal=-0.33 obs=243 hard=233 obsc=250 yr=  0  nz=0.12 flt=0.01 dmap=+1/-0 shz=4.0 plan=16 cmd=(lx=+0.00,ly=+0.28,rx=+0.00)
  t= 40.1 ENG-F pos=(-2.96,+0.21) yaw=+151.4 d=3.34 goal_err=-29 carrot_err= -24 c0=0.67 clear=0.45 prog=0.21 rel=0.85 bal=-0.33 obs=243 hard=234 obsc=249 yr=  0  nz=0.15 flt=0.02 dmap=+0/-0 shz=4.0 plan=16 cmd=(lx=+0.00,ly=+0.28,rx=+0.00)
  t= 40.5 ENG-F pos=(-2.98,+0.23) yaw=+151.4 d=3.31 goal_err=-30 carrot_err= -25 c0=0.64 clear=0.43 prog=0.20 rel=0.85 bal=-0.33 obs=242 hard=235 obsc=249 yr=  0  nz=0.15 flt=0.00 dmap=+0/-1 shz=4.0 plan=16 cmd=(lx=+0.00,ly=+0.28,rx=+0.00)
  t= 41.0 ENG-F pos=(-3.00,+0.24) yaw=+149.8 d=3.29 goal_err=-28 carrot_err= -25 c0=0.62 clear=0.41 prog=0.19 rel=0.89 bal=-0.37 obs=242 hard=234 obsc=248 yr= 15G nz=0.12 flt=0.00 dmap=+0/-0 shz=4.0 plan=16 cmd=(lx=+0.00,ly=+0.28,rx=+0.00)
  t= 41.4 ENG-F pos=(-3.02,+0.25) yaw=+148.2 d=3.27 goal_err=-27 carrot_err= -24 c0=0.59 clear=0.40 prog=0.21 rel=0.94 bal=-0.38 obs=245 hard=237 obsc=251 yr=  0  nz=0.06 flt=0.02 dmap=+0/-0 shz=4.0 plan=16 cmd=(lx=+0.00,ly=+0.28,rx=+0.00)
  t= 41.8 ENG-T pos=(-3.05,+0.27) yaw=+148.2 d=3.24 goal_err=-27 carrot_err= -25 c0=0.56 clear=0.38 prog=0.21 rel=0.94 bal=-0.38 obs=244 hard=236 obsc=250 yr=  0  nz=0.06 flt=0.01 dmap=+0/-0 shz=3.9 plan=16 cmd=(lx=+0.00,ly=+0.00,rx=+0.45)
  t= 42.2 ENG-F pos=(-3.06,+0.28) yaw=+145.0 d=3.23 goal_err=-24 carrot_err= -22 c0=0.55 clear=0.37 prog=0.17 rel=0.94 bal=-0.39 obs=243 hard=236 obsc=251 yr=  0  nz=0.06 flt=0.03 dmap=+0/-1 shz=4.0 plan=16 cmd=(lx=+0.00,ly=+0.28,rx=+0.00)
  t= 42.7 ENG-F pos=(-3.09,+0.29) yaw=+145.0 d=3.20 goal_err=-24 carrot_err= -23 c0=0.52 clear=0.35 prog=0.17 rel=0.95 bal=-0.39 obs=244 hard=236 obsc=251 yr=  0  nz=0.05 flt=0.01 dmap=+0/-0 shz=3.9 plan=16 cmd=(lx=+0.00,ly=+0.28,rx=+0.00)
  t= 43.1 ENG-F pos=(-3.10,+0.31) yaw=+143.4 d=3.18 goal_err=-23 carrot_err= -18 c0=0.58 clear=0.38 prog=0.18 rel=0.95 bal=-0.39 obs=243 hard=235 obsc=250 yr= 15G nz=0.05 flt=0.12 dmap=+0/-0 shz=3.9 plan=15 cmd=(lx=+0.00,ly=+0.28,rx=+0.00)
  t= 43.5 ENG-F pos=(-3.12,+0.32) yaw=+141.8 d=3.16 goal_err=-21 carrot_err= -17 c0=0.56 clear=0.37 prog=0.16 rel=0.96 bal=-0.39 obs=245 hard=234 obsc=251 yr=  0  nz=0.04 flt=0.00 dmap=+1/-0 shz=4.0 plan=15 cmd=(lx=+0.00,ly=+0.28,rx=+0.00)
  t= 43.9 ENG-T pos=(-3.15,+0.34) yaw=+141.8 d=3.13 goal_err=-21 carrot_err= -17 c0=0.52 clear=0.35 prog=0.18 rel=0.96 bal=-0.38 obs=246 hard=236 obsc=252 yr=  0G nz=0.04 flt=0.00 dmap=+0/-0 shz=3.9 plan=15 cmd=(lx=+0.00,ly=+0.00,rx=+0.45)
  t= 44.4 ENG-F pos=(-3.16,+0.35) yaw=+138.6 d=3.12 goal_err=-18 carrot_err= -14 c0=0.51 clear=0.34 prog=0.17 rel=0.95 bal=-0.38 obs=251 hard=238 obsc=259 yr=  0  nz=0.05 flt=0.03 dmap=+0/-0 shz=4.0 plan=15 cmd=(lx=+0.00,ly=+0.28,rx=+0.00)
  t= 44.8 ENG-T pos=(-3.18,+0.37) yaw=+138.6 d=3.09 goal_err=-18 carrot_err= -15 c0=0.48 clear=0.32 prog=0.17 rel=0.94 bal=-0.37 obs=251 hard=239 obsc=258 yr=  0  nz=0.06 flt=0.01 dmap=+0/-1 shz=4.0 plan=15 cmd=(lx=+0.00,ly=+0.00,rx=+0.45)
  t= 45.2 ENG-F pos=(-3.19,+0.38) yaw=+135.4 d=3.08 goal_err=-15 carrot_err= -12 c0=0.47 clear=0.31 prog=0.17 rel=0.94 bal=-0.36 obs=252 hard=240 obsc=259 yr=  0  nz=0.06 flt=0.13 dmap=+0/-0 shz=4.0 plan=15 cmd=(lx=+0.00,ly=+0.28,rx=+0.00)
  t= 45.6 ENG-T pos=(-3.21,+0.40) yaw=+135.4 d=3.05 goal_err=-15 carrot_err= -12 c0=0.44 clear=0.29 prog=0.16 rel=0.95 bal=-0.27 obs=251 hard=241 obsc=258 yr=  0G nz=0.05 flt=0.00 dmap=+0/-0 shz=4.0 plan=15 cmd=(lx=+0.00,ly=+0.00,rx=+0.45)
  t= 46.1 ENG-F pos=(-3.22,+0.41) yaw=+132.2 d=3.04 goal_err=-12 carrot_err=  -9 c0=0.43 clear=0.29 prog=0.16 rel=0.96 bal=-0.27 obs=253 hard=243 obsc=259 yr=  0  nz=0.04 flt=0.03 dmap=+0/-0 shz=4.0 plan=15 cmd=(lx=+0.00,ly=+0.28,rx=+0.00)
  t= 46.5 ENG-T pos=(-3.23,+0.42) yaw=+132.2 d=3.01 goal_err=-12 carrot_err= -10 c0=0.41 clear=0.27 prog=0.15 rel=0.96 bal=-0.27 obs=253 hard=243 obsc=259 yr=  0G nz=0.04 flt=0.00 dmap=+0/-0 shz=4.0 plan=15 cmd=(lx=+0.00,ly=+0.00,rx=+0.45)
  t= 46.9 ENG-F pos=(-3.24,+0.43) yaw=+129.0 d=3.00 goal_err=-9 carrot_err=  -7 c0=1.11 clear=0.74 prog=0.14 rel=0.62 bal=-0.27 obs=253 hard=243 obsc=259 yr=  0  nz=0.38 flt=0.01 dmap=+0/-0 shz=4.0 plan=15 cmd=(lx=+0.00,ly=+0.28,rx=+0.00)
  t= 47.3 ENG-GO pos=(-3.25,+0.45) yaw=+129.0 d=2.98 goal_err=-9 carrot_err=  -7 c0=1.09 clear=0.73 prog=0.14 rel=0.50 bal=-0.27 obs=254 hard=244 obsc=260 yr=  0  nz=0.50 flt=0.01 dmap=+1/-0 shz=4.0 plan=15 cmd=(lx=+0.00,ly=+0.28,rx=+0.00)
  t= 47.8 ENG-GO pos=(-3.28,+0.48) yaw=+129.0 d=2.95 goal_err=-9 carrot_err=  -7 c0=1.06 clear=0.71 prog=0.18 rel=0.48 bal=-0.26 obs=253 hard=244 obsc=261 yr=  0  nz=0.52 flt=0.00 dmap=+0/-0 shz=4.0 plan=15 cmd=(lx=+0.00,ly=+0.28,rx=+0.00)
  t= 48.2 ENG-GO pos=(-3.29,+0.49) yaw=+129.0 d=2.93 goal_err=-9 carrot_err=  -7 c0=1.04 clear=0.69 prog=0.18 rel=0.63 bal=-0.26 obs=254 hard=242 obsc=260 yr=  0  nz=0.37 flt=0.00 dmap=+0/-0 shz=4.0 plan=15 cmd=(lx=+0.00,ly=+0.28,rx=+0.00)
  t= 48.6 ENG-GO pos=(-3.32,+0.53) yaw=+129.0 d=2.88 goal_err=-10 carrot_err=  -3 c0=1.00 clear=0.67 prog=0.23 rel=0.94 bal=-0.26 obs=254 hard=242 obsc=260 yr=  0  nz=0.06 flt=0.00 dmap=+0/-0 shz=3.9 plan=15 cmd=(lx=+0.00,ly=+0.28,rx=+0.00)
  t= 49.0 ENG-GO pos=(-3.33,+0.55) yaw=+129.0 d=2.86 goal_err=-10 carrot_err=  -3 c0=0.98 clear=0.65 prog=0.23 rel=0.93 bal=-0.26 obs=254 hard=243 obsc=260 yr=  0  nz=0.07 flt=0.00 dmap=+0/-0 shz=4.0 plan=15 cmd=(lx=+0.00,ly=+0.28,rx=+0.00)
  t= 49.5 ENG-GO pos=(-3.35,+0.57) yaw=+129.0 d=2.83 goal_err=-10 carrot_err=  -1 c0=0.95 clear=0.63 prog=0.24 rel=0.93 bal=-0.27 obs=252 hard=242 obsc=258 yr=  0  nz=0.07 flt=0.01 dmap=+0/-0 shz=3.9 plan=13 cmd=(lx=+0.00,ly=+0.28,rx=+0.00)
  t= 49.9 ENG-GO pos=(-3.37,+0.59) yaw=+129.0 d=2.80 goal_err=-10 carrot_err=  -1 c0=0.92 clear=0.61 prog=0.24 rel=0.94 bal=-0.25 obs=254 hard=244 obsc=260 yr=  0  nz=0.06 flt=0.02 dmap=+1/-0 shz=3.9 plan=13 cmd=(lx=+0.00,ly=+0.28,rx=+0.00)
  t= 50.3 ENG-GO pos=(-3.39,+0.62) yaw=+129.0 d=2.77 goal_err=-10 carrot_err=  -1 c0=1.16 clear=0.78 prog=0.23 rel=0.86 bal=-0.25 obs=255 hard=243 obsc=261 yr=  0  nz=0.14 flt=0.02 dmap=+1/-0 shz=4.0 plan=13 cmd=(lx=+0.00,ly=+0.28,rx=+0.00)
  t= 50.7 ENG-GO pos=(-3.41,+0.64) yaw=+129.0 d=2.73 goal_err=-10 carrot_err=  -1 c0=1.13 clear=0.76 prog=0.23 rel=0.83 bal=-0.24 obs=254 hard=243 obsc=261 yr=  0  nz=0.17 flt=0.01 dmap=+0/-0 shz=4.0 plan=13 cmd=(lx=+0.00,ly=+0.28,rx=+0.00)
  t= 51.2 ENG-GO pos=(-3.43,+0.67) yaw=+129.0 d=2.70 goal_err=-10 carrot_err=  -1 c0=1.10 clear=0.73 prog=0.24 rel=0.83 bal=-0.23 obs=254 hard=243 obsc=261 yr=  0  nz=0.17 flt=0.01 dmap=+1/-1 shz=4.0 plan=13 cmd=(lx=+0.00,ly=+0.28,rx=+0.00)
  t= 51.6 ENG-GO pos=(-3.46,+0.70) yaw=+129.0 d=2.67 goal_err=-10 carrot_err=  -1 c0=1.07 clear=0.71 prog=0.26 rel=0.87 bal=-0.10 obs=253 hard=243 obsc=260 yr=  0  nz=0.13 flt=0.00 dmap=+1/-1 shz=4.0 plan=13 cmd=(lx=+0.00,ly=+0.28,rx=+0.00)
  t= 52.0 ENG-GO pos=(-3.48,+0.73) yaw=+129.0 d=2.62 goal_err=-11 carrot_err=  -1 c0=1.03 clear=0.69 prog=0.28 rel=0.93 bal=-0.09 obs=253 hard=242 obsc=259 yr=  0  nz=0.07 flt=0.00 dmap=+0/-0 shz=4.0 plan=13 cmd=(lx=+0.00,ly=+0.28,rx=+0.00)
  t= 52.5 ENG-GO pos=(-3.51,+0.76) yaw=+129.0 d=2.59 goal_err=-11 carrot_err=  +1 c0=1.00 clear=0.66 prog=0.29 rel=0.92 bal=-0.08 obs=253 hard=242 obsc=259 yr=  0  nz=0.08 flt=0.00 dmap=+0/-0 shz=4.0 plan=12 cmd=(lx=+0.00,ly=+0.28,rx=+0.00)
  t= 52.9 ENG-GO pos=(-3.53,+0.79) yaw=+129.0 d=2.55 goal_err=-11 carrot_err=  +1 c0=1.05 clear=0.70 prog=0.29 rel=0.93 bal=+0.03 obs=252 hard=243 obsc=260 yr=  0  nz=0.07 flt=0.01 dmap=+0/-1 shz=4.0 plan=12 cmd=(lx=+0.00,ly=+0.28,rx=+0.00)
  t= 53.3 ENG-GO pos=(-3.55,+0.82) yaw=+129.0 d=2.52 goal_err=-11 carrot_err=  +1 c0=1.01 clear=0.68 prog=0.29 rel=0.96 bal=+0.02 obs=252 hard=242 obsc=258 yr=  0  nz=0.04 flt=0.00 dmap=+0/-0 shz=4.0 plan=12 cmd=(lx=+0.00,ly=+0.28,rx=+0.00)
  t= 53.7 ENG-GO pos=(-3.57,+0.85) yaw=+129.0 d=2.48 goal_err=-11 carrot_err=  +1 c0=0.99 clear=0.66 prog=0.29 rel=0.95 bal=+0.02 obs=252 hard=242 obsc=258 yr=  0  nz=0.05 flt=0.00 dmap=+0/-0 shz=4.0 plan=12 cmd=(lx=+0.00,ly=+0.28,rx=+0.00)
  t= 54.2 ENG-GO pos=(-3.60,+0.87) yaw=+129.0 d=2.44 goal_err=-11 carrot_err=  +1 c0=0.96 clear=0.64 prog=0.28 rel=0.94 bal=+0.02 obs=252 hard=243 obsc=260 yr=  0  nz=0.06 flt=0.00 dmap=+1/-1 shz=3.9 plan=12 cmd=(lx=+0.00,ly=+0.28,rx=+0.00)
  t= 54.6 ENG-GO pos=(-3.62,+0.90) yaw=+129.0 d=2.41 goal_err=-12 carrot_err=  +1 c0=0.93 clear=0.62 prog=0.28 rel=0.93 bal=+0.02 obs=252 hard=242 obsc=259 yr=  0  nz=0.07 flt=0.00 dmap=+0/-0 shz=4.0 plan=12 cmd=(lx=+0.00,ly=+0.28,rx=+0.00)
  t= 55.0 ENG-GO pos=(-3.64,+0.93) yaw=+129.0 d=2.37 goal_err=-12 carrot_err=  +1 c0=0.89 clear=0.59 prog=0.28 rel=0.93 bal=+0.01 obs=253 hard=242 obsc=260 yr=  0  nz=0.07 flt=0.00 dmap=+0/-0 shz=4.0 plan=12 cmd=(lx=+0.00,ly=+0.28,rx=+0.00)
  t= 55.4 ENG-GO pos=(-3.67,+0.96) yaw=+129.0 d=2.34 goal_err=-12 carrot_err=  +1 c0=0.86 clear=0.57 prog=0.28 rel=0.94 bal=-0.10 obs=253 hard=242 obsc=260 yr=  0  nz=0.06 flt=0.01 dmap=+1/-1 shz=3.9 plan=12 cmd=(lx=+0.00,ly=+0.28,rx=+0.00)
  t= 55.9 ENG-GO pos=(-3.69,+0.99) yaw=+129.0 d=2.30 goal_err=-12 carrot_err=  +1 c0=0.82 clear=0.54 prog=0.29 rel=0.93 bal=-0.09 obs=254 hard=242 obsc=260 yr=  0  nz=0.07 flt=0.00 dmap=+0/-0 shz=4.0 plan=11 cmd=(lx=+0.00,ly=+0.28,rx=+0.00)
  t= 56.3 ENG-GO pos=(-3.72,+1.02) yaw=+129.0 d=2.26 goal_err=-12 carrot_err=  +1 c0=0.78 clear=0.52 prog=0.29 rel=0.93 bal=-0.01 obs=253 hard=243 obsc=259 yr=  0  nz=0.07 flt=0.00 dmap=+0/-0 shz=4.0 plan=11 cmd=(lx=+0.00,ly=+0.28,rx=+0.00)
  t= 56.7 ENG-GO pos=(-3.74,+1.05) yaw=+129.0 d=2.22 goal_err=-13 carrot_err=  +1 c0=0.75 clear=0.50 prog=0.29 rel=0.93 bal=-0.02 obs=251 hard=243 obsc=258 yr=  0  nz=0.07 flt=0.00 dmap=+0/-1 shz=3.9 plan=11 cmd=(lx=+0.00,ly=+0.28,rx=+0.00)
  t= 57.1 ENG-GO pos=(-3.76,+1.08) yaw=+129.0 d=2.19 goal_err=-13 carrot_err=  +2 c0=0.72 clear=0.48 prog=0.29 rel=0.92 bal=-0.13 obs=251 hard=242 obsc=257 yr=  0  nz=0.08 flt=0.00 dmap=+0/-0 shz=4.0 plan=11 cmd=(lx=+0.00,ly=+0.28,rx=+0.00)
  t= 57.6 ENG-GO pos=(-3.78,+1.10) yaw=+129.0 d=2.15 goal_err=-13 carrot_err=  +3 c0=0.95 clear=0.64 prog=0.29 rel=0.87 bal=-0.13 obs=251 hard=241 obsc=257 yr=  0  nz=0.13 flt=0.00 dmap=+0/-0 shz=3.9 plan=11 cmd=(lx=+0.00,ly=+0.28,rx=+0.00)
  t= 58.0 ENG-GO pos=(-3.81,+1.13) yaw=+129.0 d=2.12 goal_err=-13 carrot_err=  +3 c0=0.92 clear=0.61 prog=0.28 rel=0.84 bal=-0.14 obs=253 hard=243 obsc=259 yr=  0  nz=0.16 flt=0.00 dmap=+2/-0 shz=3.9 plan=11 cmd=(lx=+0.00,ly=+0.28,rx=+0.00)
  t= 58.4 ENG-GO pos=(-3.83,+1.16) yaw=+129.0 d=2.08 goal_err=-13 carrot_err=  +3 c0=0.89 clear=0.59 prog=0.28 rel=0.83 bal=-0.14 obs=252 hard=243 obsc=260 yr=  0  nz=0.17 flt=0.01 dmap=+0/-1 shz=4.0 plan=11 cmd=(lx=+0.00,ly=+0.28,rx=+0.00)
  t= 58.8 ENG-GO pos=(-3.85,+1.19) yaw=+129.0 d=2.05 goal_err=-14 carrot_err=  +3 c0=0.85 clear=0.57 prog=0.28 rel=0.87 bal=-0.15 obs=253 hard=243 obsc=259 yr=  0  nz=0.13 flt=0.00 dmap=+0/-0 shz=3.9 plan=10 cmd=(lx=+0.00,ly=+0.28,rx=+0.00)
  t= 59.2 ENG-GO pos=(-3.87,+1.22) yaw=+129.0 d=2.01 goal_err=-14 carrot_err=  +3 c0=0.82 clear=0.55 prog=0.28 rel=0.93 bal=-0.13 obs=251 hard=242 obsc=258 yr=  0  nz=0.07 flt=0.00 dmap=+0/-1 shz=4.0 plan=10 cmd=(lx=+0.00,ly=+0.28,rx=+0.00)
  t= 59.7 ENG-GO pos=(-3.90,+1.24) yaw=+129.0 d=1.98 goal_err=-14 carrot_err=  +3 c0=0.79 clear=0.53 prog=0.28 rel=0.92 bal=-0.04 obs=251 hard=243 obsc=258 yr=  0  nz=0.09 flt=0.04 dmap=+0/-1 shz=4.0 plan=10 cmd=(lx=+0.00,ly=+0.28,rx=+0.00)
  t= 60.1 ENG-GO pos=(-3.92,+1.27) yaw=+129.0 d=1.94 goal_err=-14 carrot_err=  +3 c0=1.58 clear=1.00 prog=0.28 rel=0.92 bal=-0.04 obs=250 hard=242 obsc=257 yr=  0  nz=0.08 flt=0.01 dmap=+0/-0 shz=4.0 plan=10 cmd=(lx=+0.00,ly=+0.28,rx=+0.00)
  t= 60.5 ENG-GO pos=(-3.94,+1.30) yaw=+129.0 d=1.91 goal_err=-15 carrot_err= -12 c0=1.55 clear=1.00 prog=0.28 rel=0.57 bal=-0.03 obs=251 hard=240 obsc=257 yr=  0  nz=0.43 flt=0.00 dmap=+2/-0 shz=4.0 plan=10 cmd=(lx=+0.00,ly=+0.28,rx=+0.00)
  t= 61.0 ENG-GO pos=(-3.97,+1.33) yaw=+129.0 d=1.87 goal_err=-15 carrot_err= -12 c0=1.51 clear=1.00 prog=0.27 rel=0.43 bal=-0.04 obs=248 hard=239 obsc=256 yr=  0  nz=0.57 flt=0.01 dmap=+1/-2 shz=4.0 plan=10 cmd=(lx=+0.00,ly=+0.28,rx=+0.00)
  t= 61.4 ENG-GO pos=(-3.99,+1.36) yaw=+129.0 d=1.83 goal_err=-15 carrot_err= -13 c0=1.47 clear=0.98 prog=0.29 rel=0.56 bal=-0.05 obs=248 hard=238 obsc=254 yr=  0  nz=0.44 flt=0.00 dmap=+0/-0 shz=3.9 plan=10 cmd=(lx=+0.00,ly=+0.28,rx=+0.00)
  t= 61.8 ENG-GO pos=(-4.02,+1.39) yaw=+129.0 d=1.80 goal_err=-16 carrot_err= -14 c0=1.43 clear=0.96 prog=0.29 rel=0.92 bal=-0.05 obs=250 hard=242 obsc=256 yr=  0  nz=0.08 flt=0.00 dmap=+0/-0 shz=4.0 plan=10 cmd=(lx=+0.00,ly=+0.28,rx=+0.00)
  t= 62.2 ENG-GO pos=(-4.04,+1.42) yaw=+129.0 d=1.76 goal_err=-16 carrot_err= -14 c0=1.40 clear=0.93 prog=0.29 rel=0.92 bal=-0.06 obs=246 hard=239 obsc=252 yr=  0  nz=0.08 flt=0.01 dmap=+0/-1 shz=4.0 plan=9 cmd=(lx=+0.00,ly=+0.28,rx=+0.00)
  t= 62.6 ENG-GO pos=(-4.06,+1.45) yaw=+129.0 d=1.73 goal_err=-16 carrot_err= -15 c0=1.36 clear=0.91 prog=0.29 rel=0.93 bal=-0.06 obs=246 hard=238 obsc=251 yr=  0  nz=0.07 flt=0.03 dmap=+0/-0 shz=4.0 plan=9 cmd=(lx=+0.00,ly=+0.28,rx=+0.00)
  t= 63.1 ENG-GO pos=(-4.08,+1.48) yaw=+129.0 d=1.69 goal_err=-17 carrot_err= -15 c0=1.33 clear=0.89 prog=0.29 rel=0.92 bal=-0.07 obs=247 hard=240 obsc=253 yr=  0  nz=0.08 flt=0.03 dmap=+0/-0 shz=4.0 plan=9 cmd=(lx=+0.00,ly=+0.28,rx=+0.00)
  t= 63.5 ENG-GO pos=(-4.11,+1.50) yaw=+129.0 d=1.66 goal_err=-17 carrot_err= -10 c0=1.30 clear=0.86 prog=0.27 rel=0.93 bal=-0.08 obs=249 hard=241 obsc=254 yr=  0  nz=0.07 flt=0.01 dmap=+0/-0 shz=4.0 plan=9 cmd=(lx=+0.00,ly=+0.28,rx=+0.00)
  t= 63.9 ENG-GO pos=(-4.13,+1.53) yaw=+129.0 d=1.62 goal_err=-17 carrot_err= -11 c0=1.26 clear=0.84 prog=0.27 rel=0.93 bal=-0.12 obs=249 hard=241 obsc=255 yr=  0  nz=0.07 flt=0.00 dmap=+0/-0 shz=4.0 plan=8 cmd=(lx=+0.00,ly=+0.28,rx=+0.00)
  t= 64.3 ENG-GO pos=(-4.15,+1.56) yaw=+129.0 d=1.59 goal_err=-18 carrot_err= -11 c0=1.23 clear=0.82 prog=0.27 rel=0.92 bal=-0.11 obs=249 hard=240 obsc=256 yr=  0  nz=0.08 flt=0.00 dmap=+0/-0 shz=4.0 plan=8 cmd=(lx=+0.00,ly=+0.28,rx=+0.00)
  t= 64.8 ENG-GO pos=(-4.17,+1.59) yaw=+129.0 d=1.56 goal_err=-18 carrot_err= -11 c0=1.19 clear=0.80 prog=0.27 rel=0.93 bal=-0.02 obs=251 hard=240 obsc=256 yr=  0  nz=0.07 flt=0.00 dmap=+1/-0 shz=4.0 plan=8 cmd=(lx=+0.00,ly=+0.28,rx=+0.00)
  t= 65.2 ENG-GO pos=(-4.20,+1.61) yaw=+129.0 d=1.52 goal_err=-18 carrot_err= -12 c0=1.16 clear=0.77 prog=0.27 rel=0.92 bal=-0.02 obs=250 hard=241 obsc=256 yr=  0  nz=0.08 flt=0.00 dmap=+0/-0 shz=4.0 plan=8 cmd=(lx=+0.00,ly=+0.28,rx=+0.00)
  t= 65.6 ENG-GO pos=(-4.22,+1.64) yaw=+129.0 d=1.49 goal_err=-19 carrot_err= -12 c0=1.13 clear=0.75 prog=0.27 rel=0.91 bal=-0.02 obs=254 hard=246 obsc=260 yr=  0  nz=0.09 flt=0.00 dmap=+0/-0 shz=3.9 plan=8 cmd=(lx=+0.00,ly=+0.28,rx=+0.00)
  t= 66.1 ENG-GO pos=(-4.24,+1.67) yaw=+129.0 d=1.45 goal_err=-19 carrot_err= -13 c0=1.09 clear=0.73 prog=0.27 rel=0.92 bal=-0.03 obs=257 hard=246 obsc=262 yr=  0  nz=0.08 flt=0.01 dmap=+1/-0 shz=4.0 plan=8 cmd=(lx=+0.00,ly=+0.28,rx=+0.00)
  t= 66.5 ENG-GO pos=(-4.27,+1.71) yaw=+129.0 d=1.41 goal_err=-20 carrot_err= -14 c0=1.05 clear=0.70 prog=0.28 rel=0.92 bal=-0.04 obs=258 hard=247 obsc=263 yr=  0  nz=0.08 flt=0.01 dmap=+0/-0 shz=4.0 plan=8 cmd=(lx=+0.00,ly=+0.28,rx=+0.00)
  t= 66.9 ENG-GO pos=(-4.29,+1.73) yaw=+129.0 d=1.38 goal_err=-21 carrot_err= -20 c0=1.02 clear=0.68 prog=0.28 rel=0.92 bal=-0.52 obs=260 hard=248 obsc=265 yr=  0  nz=0.08 flt=0.00 dmap=+0/-0 shz=3.9 plan=7 cmd=(lx=+0.00,ly=+0.28,rx=+0.00)
  t= 67.3 ENG-GO pos=(-4.32,+1.76) yaw=+129.0 d=1.34 goal_err=-21 carrot_err= -20 c0=0.99 clear=0.66 prog=0.28 rel=0.92 bal=-0.52 obs=261 hard=250 obsc=266 yr=  0  nz=0.08 flt=0.00 dmap=+0/-0 shz=3.9 plan=7 cmd=(lx=+0.00,ly=+0.28,rx=+0.00)
  t= 67.8 ENG-GO pos=(-4.34,+1.79) yaw=+129.0 d=1.31 goal_err=-22 carrot_err= -21 c0=1.06 clear=0.70 prog=0.28 rel=0.93 bal=-0.40 obs=262 hard=253 obsc=267 yr=  0  nz=0.07 flt=0.00 dmap=+2/-1 shz=4.0 plan=7 cmd=(lx=+0.00,ly=+0.28,rx=+0.00)
  t= 68.2 ENG-GO pos=(-4.36,+1.82) yaw=+129.0 d=1.28 goal_err=-22 carrot_err= -22 c0=1.02 clear=0.68 prog=0.26 rel=0.94 bal=-0.40 obs=262 hard=254 obsc=267 yr=  0  nz=0.06 flt=0.00 dmap=+0/-0 shz=3.9 plan=7 cmd=(lx=+0.00,ly=+0.28,rx=+0.00)
  [META2-DOOR] Door_Direct: CRUZADA (cols=0) -> Pl=1.00
  t= 68.6 DWA-F pos=(-4.38,+1.85) yaw=+129.0 d=1.24 goal_err=-23 carrot_err= -23 c0=0.99 clear=0.66 prog=0.26 rel=0.94 bal=-0.50 obs=261 hard=254 obsc=268 yr=  0  nz=0.06 flt=0.00 dmap=+0/-1 shz=4.0 plan=7 cmd=(lx=+0.00,ly=+0.40,rx=+0.00)
  t= 69.0 DWA-F pos=(-4.41,+1.88) yaw=+129.0 d=1.20 goal_err=-24 carrot_err= -24 c0=0.94 clear=0.63 prog=0.28 rel=0.93 bal=-0.42 obs=259 hard=251 obsc=264 yr=  0  nz=0.07 flt=0.01 dmap=+0/-2 shz=4.0 plan=7 cmd=(lx=+0.00,ly=+0.40,rx=+0.00)
  t= 69.5 DWA-F pos=(-4.45,+1.92) yaw=+129.0 d=1.15 goal_err=-25 carrot_err= -17 c0=0.89 clear=0.59 prog=0.30 rel=0.93 bal=-0.43 obs=260 hard=252 obsc=265 yr=  0  nz=0.07 flt=0.00 dmap=+0/-0 shz=3.9 plan=7 cmd=(lx=+0.00,ly=+0.40,rx=+0.00)
  t= 69.9 DWA-F pos=(-4.47,+1.96) yaw=+129.0 d=1.11 goal_err=-26 carrot_err= -18 c0=0.85 clear=0.57 prog=0.31 rel=0.92 bal=-0.61 obs=260 hard=251 obsc=266 yr=  0  nz=0.09 flt=0.00 dmap=+0/-0 shz=4.0 plan=6 cmd=(lx=+0.00,ly=+0.40,rx=+0.00)
  t= 70.3 DWA-F pos=(-4.50,+1.99) yaw=+129.0 d=1.07 goal_err=-27 carrot_err= -19 c0=0.81 clear=0.54 prog=0.32 rel=0.90 bal=-0.60 obs=261 hard=252 obsc=267 yr=  0  nz=0.10 flt=0.02 dmap=+1/-0 shz=3.9 plan=6 cmd=(lx=+0.00,ly=+0.40,rx=+0.00)
  t= 70.8 DWA-F pos=(-4.53,+2.03) yaw=+129.0 d=1.03 goal_err=-28 carrot_err= -20 c0=0.77 clear=0.51 prog=0.33 rel=0.92 bal=-0.59 obs=261 hard=251 obsc=268 yr=  0  nz=0.08 flt=0.00 dmap=+0/-0 shz=4.0 plan=6 cmd=(lx=+0.00,ly=+0.40,rx=+0.00)
  t= 71.2 DWA-F pos=(-4.56,+2.06) yaw=+129.0 d=0.99 goal_err=-29 carrot_err= -21 c0=0.73 clear=0.48 prog=0.31 rel=0.92 bal=-0.58 obs=260 hard=253 obsc=268 yr=  0  nz=0.09 flt=0.02 dmap=+0/-0 shz=4.0 plan=6 cmd=(lx=+0.00,ly=+0.40,rx=+0.00)
  t= 71.6 DWA-F pos=(-4.59,+2.10) yaw=+129.0 d=0.95 goal_err=-31 carrot_err= -26 c0=0.95 clear=0.63 prog=0.32 rel=0.92 bal=-0.49 obs=260 hard=251 obsc=266 yr=  0  nz=0.08 flt=0.00 dmap=+1/-1 shz=3.9 plan=6 cmd=(lx=+0.00,ly=+0.40,rx=+0.00)
  t= 72.1 DWA-F pos=(-4.62,+2.14) yaw=+129.0 d=0.91 goal_err=-32 carrot_err= -27 c0=0.90 clear=0.60 prog=0.32 rel=0.86 bal=-0.50 obs=261 hard=251 obsc=267 yr=  0  nz=0.14 flt=0.04 dmap=+0/-0 shz=4.0 plan=6 cmd=(lx=+0.00,ly=+0.40,rx=+0.00)
  t= 72.5 DWA-F pos=(-4.65,+2.17) yaw=+129.0 d=0.87 goal_err=-34 carrot_err= -29 c0=0.86 clear=0.57 prog=0.31 rel=0.85 bal=-0.50 obs=259 hard=251 obsc=268 yr=  0  nz=0.15 flt=0.00 dmap=+0/-0 shz=3.9 plan=6 cmd=(lx=+0.00,ly=+0.40,rx=+0.00)
  t= 72.9 DWA-F pos=(-4.68,+2.21) yaw=+125.8 d=0.83 goal_err=-32 carrot_err= -27 c0=1.22 clear=0.81 prog=0.31 rel=0.93 bal=-0.51 obs=261 hard=252 obsc=267 yr= 15  nz=0.07 flt=0.06 dmap=+0/-0 shz=4.0 plan=5 cmd=(lx=+0.00,ly=+0.40,rx=+0.00)
  t= 73.3 DWA-F pos=(-4.70,+2.24) yaw=+125.8 d=0.80 goal_err=-34 carrot_err= -28 c0=1.17 clear=0.78 prog=0.31 rel=0.80 bal=-0.49 obs=261 hard=250 obsc=267 yr=  0  nz=0.20 flt=0.00 dmap=+2/-1 shz=4.0 plan=5 cmd=(lx=+0.00,ly=+0.40,rx=+0.00)
  t= 73.8 DWA-F pos=(-4.73,+2.28) yaw=+125.8 d=0.76 goal_err=-36 carrot_err= -30 c0=1.13 clear=0.75 prog=0.29 rel=0.74 bal=-0.50 obs=262 hard=252 obsc=268 yr=  0G nz=0.26 flt=0.01 dmap=+0/-0 shz=4.0 plan=5 cmd=(lx=+0.00,ly=+0.40,rx=+0.45)
  t= 74.2 DWA-F pos=(-4.76,+2.33) yaw=+121.0 d=0.71 goal_err=-33 carrot_err= -27 c0=1.08 clear=0.72 prog=0.30 rel=0.81 bal=-0.38 obs=267 hard=258 obsc=275 yr=  0  nz=0.20 flt=0.02 dmap=+0/-0 shz=4.0 plan=5 cmd=(lx=+0.00,ly=+0.40,rx=+0.00)
  t= 74.6 DWA-F pos=(-4.78,+2.37) yaw=+117.8 d=0.68 goal_err=-32 carrot_err= -26 c0=1.04 clear=0.69 prog=0.30 rel=0.92 bal=-0.38 obs=270 hard=258 obsc=276 yr= 15  nz=0.08 flt=0.00 dmap=+4/-0 shz=4.0 plan=4 cmd=(lx=+0.00,ly=+0.40,rx=+0.00)
  t= 75.1 DWA-F pos=(-4.80,+2.40) yaw=+117.8 d=0.64 goal_err=-34 carrot_err= -28 c0=0.99 clear=0.66 prog=0.30 rel=0.92 bal=-0.38 obs=271 hard=260 obsc=277 yr=  0  nz=0.08 flt=0.01 dmap=+1/-1 shz=4.0 plan=4 cmd=(lx=+0.00,ly=+0.40,rx=+0.45)
  t= 75.5 DWA-F pos=(-4.82,+2.44) yaw=+112.9 d=0.60 goal_err=-32 carrot_err= -25 c0=0.95 clear=0.63 prog=0.30 rel=0.92 bal=-0.37 obs=271 hard=260 obsc=277 yr= 15  nz=0.08 flt=0.14 dmap=+0/-0 shz=4.0 plan=4 cmd=(lx=+0.00,ly=+0.40,rx=+0.00)
  t= 75.9 DWA-F pos=(-4.84,+2.49) yaw=+112.9 d=0.57 goal_err=-34 carrot_err= -27 c0=0.91 clear=0.61 prog=0.30 rel=0.92 bal=-0.37 obs=271 hard=259 obsc=276 yr=  0G nz=0.08 flt=0.00 dmap=+0/-0 shz=4.0 plan=4 cmd=(lx=+0.00,ly=+0.40,rx=+0.45)
  t= 76.4 DWA-F pos=(-4.86,+2.54) yaw=+106.5 d=0.52 goal_err=-31 carrot_err= -24 c0=0.86 clear=0.57 prog=0.30 rel=0.90 bal=-0.36 obs=272 hard=260 obsc=278 yr=  0  nz=0.10 flt=0.00 dmap=+2/-2 shz=4.0 plan=4 cmd=(lx=+0.00,ly=+0.40,rx=+0.00)
  t= 76.8 DWA-F pos=(-4.87,+2.58) yaw=+104.9 d=0.48 goal_err=-32 carrot_err= -24 c0=0.98 clear=0.65 prog=0.30 rel=0.91 bal=-0.35 obs=270 hard=260 obsc=277 yr= 15G nz=0.09 flt=0.03 dmap=+0/-0 shz=4.0 plan=4 cmd=(lx=+0.00,ly=+0.28,rx=+0.45)
  t= 77.2 DWA-T pos=(-4.88,+2.60) yaw=+100.1 d=0.46 goal_err=-29 carrot_err= -21 c0=0.95 clear=0.64 prog=0.28 rel=0.91 bal=-0.15 obs=267 hard=259 obsc=278 yr=  0  nz=0.09 flt=0.00 dmap=+0/-0 shz=4.0 plan=4 cmd=(lx=+0.00,ly=+0.00,rx=+0.00)
  t= 77.7 DWA-T pos=(-4.88,+2.60) yaw=+100.1 d=0.46 goal_err=-29 carrot_err= -21 c0=0.95 clear=0.64 prog=0.21 rel=0.91 bal=-0.15 obs=267 hard=256 obsc=273 yr=  0  nz=0.10 flt=0.03 dmap=+0/-0 shz=4.0 plan=3 cmd=(lx=+0.00,ly=+0.00,rx=+0.00)
  t= 78.1 DWA-T pos=(-4.88,+2.60) yaw=+100.1 d=0.46 goal_err=-29 carrot_err= -21 c0=0.95 clear=0.64 prog=0.13 rel=0.91 bal=-0.15 obs=267 hard=256 obsc=273 yr=  0  nz=0.10 flt=0.03 dmap=+0/-0 shz=4.0 plan=3 cmd=(lx=+0.00,ly=+0.00,rx=+0.00)
  t= 78.5 BRK-BK pos=(-4.88,+2.60) yaw=+100.1 d=0.46 goal_err=-29 carrot_err= -21 c0=0.95 clear=0.64 prog=0.07 rel=0.91 bal=-0.15 obs=267 hard=256 obsc=273 yr=  0  nz=0.10 flt=0.03 dmap=+0/-0 shz=4.0 plan=0 cmd=(lx=+0.00,ly=-0.35,rx=+0.00)
  t= 79.0 BRK-TR pos=(-4.87,+2.55) yaw=+100.1 d=0.50 goal_err=-26 carrot_err= -19 c0=1.00 clear=0.67 prog=0.00 rel=0.91 bal=-0.15 obs=267 hard=257 obsc=273 yr=  0G nz=0.10 flt=0.03 dmap=+0/-0 shz=3.6 plan=0 cmd=(lx=+0.00,ly=+0.00,rx=+0.45)
  t= 79.4 BRK-TR pos=(-4.87,+2.55) yaw= +93.7 d=0.50 goal_err=-20 carrot_err= -12 c0=1.17 clear=0.78 prog=0.00 rel=0.85 bal=-0.16 obs=267 hard=257 obsc=273 yr= 16G nz=0.15 flt=0.01 dmap=+0/-0 shz=3.7 plan=0 cmd=(lx=+0.00,ly=+0.00,rx=+0.45)
  t= 79.8 BRK-TR pos=(-4.87,+2.55) yaw= +87.3 d=0.50 goal_err=-13 carrot_err=  -6 c0=1.14 clear=0.76 prog=0.00 rel=0.88 bal=-0.16 obs=267 hard=257 obsc=273 yr= 15G nz=0.12 flt=0.04 dmap=+0/-0 shz=3.7 plan=0 cmd=(lx=+0.00,ly=+0.00,rx=+0.45)
  t= 80.2 BRK-TR pos=(-4.87,+2.55) yaw= +80.9 d=0.50 goal_err=-7 carrot_err=  +0 c0=1.14 clear=0.76 prog=0.00 rel=0.89 bal=-0.25 obs=268 hard=258 obsc=274 yr= 15G nz=0.11 flt=0.06 dmap=+0/-0 shz=3.6 plan=0 cmd=(lx=+0.00,ly=+0.00,rx=+0.45)
  t= 80.7 BRK-TR pos=(-4.87,+2.55) yaw= +74.6 d=0.50 goal_err=-0 carrot_err=  +7 c0=1.08 clear=0.72 prog=0.00 rel=0.90 bal=-0.29 obs=268 hard=258 obsc=274 yr= 14G nz=0.10 flt=0.01 dmap=+0/-0 shz=3.7 plan=0 cmd=(lx=+0.00,ly=+0.00,rx=+0.45)
  t= 81.1 BRK-TR pos=(-4.87,+2.55) yaw= +68.6 d=0.50 goal_err=+6 carrot_err= +13 c0=1.08 clear=0.72 prog=0.00 rel=0.94 bal=-0.29 obs=268 hard=258 obsc=274 yr= 14G nz=0.06 flt=0.05 dmap=+0/-0 shz=3.7 plan=0 cmd=(lx=+0.00,ly=+0.00,rx=+0.45)
  t= 81.5 DWA-F pos=(-4.86,+2.56) yaw= +64.1 d=0.50 goal_err=+10 carrot_err= +17 c0=1.07 clear=0.71 prog=0.01 rel=0.94 bal=-0.19 obs=257 hard=252 obsc=264 yr=  0  nz=0.06 flt=0.01 dmap=+0/-0 shz=3.7 plan=3 cmd=(lx=+0.00,ly=+0.40,rx=+0.00)
  t= 81.9 DWA-T pos=(-4.86,+2.57) yaw= +64.1 d=0.48 goal_err=+10 carrot_err= +18 c0=1.06 clear=0.70 prog=0.04 rel=0.94 bal=-0.20 obs=257 hard=250 obsc=262 yr=  0  nz=0.06 flt=0.00 dmap=+0/-0 shz=3.7 plan=3 cmd=(lx=+0.00,ly=+0.00,rx=+0.00)
  t= 82.4 DWA-T pos=(-4.86,+2.57) yaw= +64.1 d=0.48 goal_err=+10 carrot_err= +18 c0=1.06 clear=0.70 prog=0.04 rel=0.98 bal=-0.20 obs=257 hard=250 obsc=262 yr=  0  nz=0.02 flt=0.00 dmap=+0/-0 shz=3.7 plan=3 cmd=(lx=+0.00,ly=+0.00,rx=+0.00)
  t= 82.8 DWA-T pos=(-4.86,+2.57) yaw= +64.1 d=0.48 goal_err=+10 carrot_err= +18 c0=1.06 clear=0.70 prog=0.04 rel=0.98 bal=-0.20 obs=257 hard=250 obsc=262 yr=  0  nz=0.02 flt=0.00 dmap=+0/-0 shz=3.7 plan=3 cmd=(lx=+0.00,ly=+0.00,rx=+0.00)
  t= 83.2 BRK-BK pos=(-4.86,+2.56) yaw= +64.1 d=0.50 goal_err=+10 carrot_err= +18 c0=1.07 clear=0.71 prog=0.01 rel=0.98 bal=-0.19 obs=253 hard=247 obsc=259 yr=  0  nz=0.02 flt=0.00 dmap=+0/-4 shz=3.5 plan=0 cmd=(lx=+0.00,ly=-0.35,rx=+0.00)
  t= 83.7 BRK-TR pos=(-4.88,+2.53) yaw= +62.6 d=0.53 goal_err=+11 carrot_err= +18 c0=1.11 clear=0.74 prog=0.00 rel=0.97 bal=-0.19 obs=251 hard=246 obsc=258 yr= 14G nz=0.03 flt=0.05 dmap=+0/-0 shz=3.5 plan=0 cmd=(lx=+0.00,ly=+0.00,rx=+0.45)
  t= 84.1 BRK-TR pos=(-4.88,+2.53) yaw= +56.7 d=0.53 goal_err=+17 carrot_err= +24 c0=1.11 clear=0.74 prog=0.00 rel=0.96 bal=-0.19 obs=251 hard=246 obsc=258 yr= 14G nz=0.04 flt=0.00 dmap=+0/-0 shz=3.5 plan=0 cmd=(lx=+0.00,ly=+0.00,rx=+0.45)
  t= 84.5 BRK-TR pos=(-4.88,+2.53) yaw= +50.7 d=0.53 goal_err=+23 carrot_err= +30 c0=1.11 clear=0.74 prog=0.00 rel=0.96 bal=-0.12 obs=251 hard=246 obsc=258 yr= 14G nz=0.04 flt=0.10 dmap=+0/-0 shz=3.5 plan=0 cmd=(lx=+0.00,ly=+0.00,rx=+0.45)
  t= 84.9 BRK-TR pos=(-4.88,+2.53) yaw= +44.8 d=0.53 goal_err=+29 carrot_err= +36 c0=1.11 clear=0.74 prog=0.00 rel=0.97 bal=-0.12 obs=251 hard=246 obsc=258 yr= 14G nz=0.03 flt=0.01 dmap=+0/-0 shz=3.5 plan=0 cmd=(lx=+0.00,ly=+0.00,rx=+0.45)
  t= 85.4 BRK-TR pos=(-4.88,+2.53) yaw= +38.8 d=0.53 goal_err=+35 carrot_err= +42 c0=1.11 clear=0.74 prog=0.00 rel=0.99 bal=-0.01 obs=251 hard=246 obsc=258 yr= 14G nz=0.01 flt=0.00 dmap=+0/-0 shz=3.5 plan=0 cmd=(lx=+0.00,ly=+0.00,rx=+0.45)
  t= 85.8 BRK-TR pos=(-4.88,+2.53) yaw= +31.4 d=0.53 goal_err=+42 carrot_err= +49 c0=1.11 clear=0.74 prog=0.00 rel=0.99 bal=+0.11 obs=251 hard=246 obsc=258 yr= 14G nz=0.01 flt=0.01 dmap=+0/-0 shz=3.5 plan=0 cmd=(lx=+0.00,ly=+0.00,rx=+0.45)
  t= 86.2 DWA-F pos=(-4.87,+2.54) yaw= +31.4 d=0.52 goal_err=+43 carrot_err= +50 c0=1.09 clear=0.73 prog=0.02 rel=0.99 bal=+0.18 obs=251 hard=246 obsc=258 yr= 14G nz=0.01 flt=0.15 dmap=+0/-0 shz=3.5 plan=3 cmd=(lx=+0.00,ly=+0.28,rx=-0.45)
  t= 86.6 DWA-F pos=(-4.84,+2.55) yaw= +37.3 d=0.50 goal_err=+39 carrot_err= +47 c0=1.07 clear=0.71 prog=0.05 rel=0.91 bal=+0.12 obs=252 hard=246 obsc=258 yr= 14G nz=0.04 flt=0.24 dmap=+0/-0 shz=3.5 plan=3 cmd=(lx=+0.00,ly=+0.28,rx=-0.45)
  t= 87.1 DWA-F pos=(-4.82,+2.57) yaw= +43.3 d=0.48 goal_err=+36 carrot_err= +44 c0=1.04 clear=0.69 prog=0.09 rel=0.95 bal=+0.01 obs=253 hard=247 obsc=259 yr= 14G nz=0.05 flt=0.02 dmap=+1/-0 shz=3.5 plan=3 cmd=(lx=+0.00,ly=+0.28,rx=-0.45)
  t= 87.5 DWA-F pos=(-4.80,+2.59) yaw= +49.2 d=0.46 goal_err=+31 carrot_err= +40 c0=1.01 clear=0.67 prog=0.13 rel=0.94 bal=-0.05 obs=253 hard=247 obsc=259 yr= 13G nz=0.06 flt=0.01 dmap=+0/-0 shz=3.5 plan=3 cmd=(lx=+0.00,ly=+0.28,rx=-0.45)
  t= 87.9 DWA-F pos=(-4.78,+2.62) yaw= +56.7 d=0.43 goal_err=+26 carrot_err= +36 c0=0.98 clear=0.65 prog=0.18 rel=0.91 bal=-0.14 obs=254 hard=248 obsc=260 yr= 14G nz=0.06 flt=0.17 dmap=+0/-0 shz=3.5 plan=3 cmd=(lx=+0.00,ly=+0.28,rx=-0.45)
  t= 88.4 DWA-T pos=(-4.76,+2.65) yaw= +63.0 d=0.40 goal_err=+22 carrot_err= +33 c0=0.94 clear=0.63 prog=0.20 rel=0.93 bal=-0.22 obs=255 hard=249 obsc=261 yr= 15G nz=0.07 flt=0.04 dmap=+0/-0 shz=3.5 plan=3 cmd=(lx=+0.00,ly=+0.00,rx=+0.00)

  >>> MODO AGRESIVO ON (12s sin acercarse a B): reduzco inflado y holgura (min seguridad 0.24m) para cruzar la puerta.
  t= 88.8 AGR-DWA-T pos=(-4.76,+2.65) yaw= +64.6 d=0.39 goal_err=+21 carrot_err= +32 c0=0.93 clear=0.62 prog=0.18 rel=0.93 bal=-0.21 obs=252 hard=242 obsc=262 yr=  0  nz=0.07 flt=0.04 dmap=+1/-0 shz=3.5 plan=3 cmd=(lx=+0.00,ly=+0.00,rx=+0.00)
  t= 89.2 AGR-DWA-T pos=(-4.76,+2.65) yaw= +64.6 d=0.39 goal_err=+21 carrot_err= +32 c0=0.93 clear=0.62 prog=0.14 rel=0.94 bal=-0.21 obs=252 hard=242 obsc=262 yr=  0  nz=0.06 flt=0.04 dmap=+0/-0 shz=3.5 plan=3 cmd=(lx=+0.00,ly=+0.00,rx=+0.00)
  t= 89.7 AGR-DWA-T pos=(-4.76,+2.65) yaw= +64.6 d=0.39 goal_err=+21 carrot_err= +32 c0=0.93 clear=0.62 prog=0.09 rel=0.94 bal=-0.21 obs=252 hard=242 obsc=262 yr=  0  nz=0.06 flt=0.04 dmap=+0/-0 shz=3.5 plan=0 cmd=(lx=+0.00,ly=+0.00,rx=+0.00)
  t= 90.1 AGR-BRK-BK pos=(-4.77,+2.63) yaw= +64.6 d=0.41 goal_err=+20 carrot_err= +30 c0=0.96 clear=0.64 prog=0.00 rel=0.99 bal=-0.22 obs=248 hard=238 obsc=258 yr=  0  nz=0.01 flt=0.00 dmap=+0/-0 shz=3.3 plan=0 cmd=(lx=+0.00,ly=-0.35,rx=+0.00)
  t= 90.5 AGR-BRK-TR pos=(-4.78,+2.61) yaw= +61.4 d=0.43 goal_err=+22 carrot_err= +31 c0=0.98 clear=0.66 prog=0.00 rel=0.96 bal=-0.14 obs=248 hard=238 obsc=258 yr= 15G nz=0.04 flt=0.06 dmap=+0/-0 shz=3.3 plan=0 cmd=(lx=+0.00,ly=+0.00,rx=+0.45)
  t= 90.9 AGR-BRK-TR pos=(-4.78,+2.61) yaw= +55.0 d=0.43 goal_err=+28 carrot_err= +38 c0=0.98 clear=0.66 prog=0.00 rel=0.95 bal=-0.14 obs=248 hard=238 obsc=258 yr= 15G nz=0.04 flt=0.09 dmap=+0/-0 shz=3.3 plan=0 cmd=(lx=+0.00,ly=+0.00,rx=+0.45)
  t= 91.4 AGR-BRK-TR pos=(-4.78,+2.61) yaw= +48.5 d=0.43 goal_err=+35 carrot_err= +44 c0=0.98 clear=0.66 prog=0.00 rel=0.96 bal=-0.04 obs=250 hard=240 obsc=260 yr= 16G nz=0.04 flt=0.07 dmap=+0/-0 shz=3.3 plan=0 cmd=(lx=+0.00,ly=+0.00,rx=+0.45)
  t= 91.8 AGR-BRK-TR pos=(-4.78,+2.61) yaw= +42.1 d=0.43 goal_err=+41 carrot_err= +50 c0=0.98 clear=0.66 prog=0.00 rel=0.98 bal=+0.06 obs=250 hard=240 obsc=260 yr= 15G nz=0.02 flt=0.00 dmap=+0/-0 shz=3.3 plan=0 cmd=(lx=+0.00,ly=+0.00,rx=+0.45)
  t= 92.2 AGR-BRK-TR pos=(-4.78,+2.61) yaw= +36.2 d=0.43 goal_err=+47 carrot_err= +56 c0=0.98 clear=0.66 prog=0.00 rel=0.98 bal=+0.06 obs=250 hard=240 obsc=260 yr= 14G nz=0.02 flt=0.00 dmap=+0/-0 shz=3.3 plan=0 cmd=(lx=+0.00,ly=+0.00,rx=+0.45)
  t= 92.6 AGR-DWA-F pos=(-4.78,+2.61) yaw= +30.2 d=0.43 goal_err=+53 carrot_err= +62 c0=0.98 clear=0.66 prog=0.00 rel=0.98 bal=+0.05 obs=250 hard=240 obsc=260 yr= 14G nz=0.02 flt=0.06 dmap=+0/-0 shz=3.3 plan=3 cmd=(lx=+0.00,ly=+0.28,rx=-0.45)
  t= 93.1 AGR-DWA-F pos=(-4.76,+2.62) yaw= +31.7 d=0.42 goal_err=+54 carrot_err= +64 c0=0.96 clear=0.64 prog=0.02 rel=0.91 bal=+0.04 obs=250 hard=240 obsc=260 yr= 28G nz=0.09 flt=0.24 dmap=+0/-0 shz=3.3 plan=3 cmd=(lx=+0.00,ly=+0.28,rx=-0.45)
  t= 93.5 AGR-DWA-F pos=(-4.74,+2.63) yaw= +37.7 d=0.41 goal_err=+51 carrot_err= +62 c0=0.94 clear=0.62 prog=0.05 rel=0.86 bal=+0.06 obs=250 hard=240 obsc=260 yr= 14G nz=0.12 flt=0.02 dmap=+0/-0 shz=3.3 plan=3 cmd=(lx=+0.00,ly=+0.28,rx=-0.45)
  t= 93.9 AGR-DWA-F pos=(-4.72,+2.65) yaw= +43.6 d=0.39 goal_err=+48 carrot_err= +59 c0=0.91 clear=0.61 prog=0.08 rel=0.86 bal=+0.03 obs=250 hard=240 obsc=260 yr= 14G nz=0.14 flt=0.01 dmap=+0/-0 shz=3.3 plan=3 cmd=(lx=+0.00,ly=+0.28,rx=-0.45)
  t= 94.4 AGR-DWA-F pos=(-4.70,+2.67) yaw= +49.6 d=0.37 goal_err=+45 carrot_err= +57 c0=0.88 clear=0.59 prog=0.11 rel=0.85 bal=-0.00 obs=251 hard=241 obsc=261 yr= 14G nz=0.15 flt=0.14 dmap=+1/-0 shz=3.3 plan=3 cmd=(lx=+0.00,ly=+0.28,rx=-0.45)

  LLEGADO a 'B' (-4.73,+3.04); error=0.35 m, colisiones=0.
  [spill] derrames=0 E[N]=0.00 eta_max=0.98 riesgo=2.5%
  [dataset] travesia guardada -> /Users/adrianlendinezibanez/Claude/Projects/G1 ROBOT/dataset/20260721_100231_ours_B.json
  [stats] fila anadida -> /Users/adrianlendinezibanez/Claude/Projects/G1 ROBOT/dataset/runs_stats.csv

Fin goto.
  [META2-L2] estado guardado (meta2_state_abfull.json): Pl={'Efficient_Nav': 1.0, 'Cautious_Nav': 1.0} derrames_run=0
  backend grafico: TkAgg
>>> SIM ADAPTER: conectando a rosbridge ws://localhost:8765 ...
  esperando /odom (hasta 30s; el mundo del lab tarda en cargar)... ok
  /odom OK pose=(+0.99,+0.57) | /scan: OK
  escenario LAB: mapa/waypoints/puerta REALES (lab.world solo-paredes, frame G1)

>>> GOTO 'B' -> (-4.73,+3.04). Mando en mano (L2+B). Ctrl+C aborta.
    ENTORNO: SIM (id: lab_v1_ab_full)  — esta run se registra como SIMULACION, no cuenta como run de robot
  Esperando pose localizada y primera nube... ok.
  FRAME-CHECK start=(+0.99,+0.57) wp_mas_cercano=A(+0.99,+0.57) offset=0.00m  -> frame OK (pose y waypoints alineados)
  [spill] payload de agua simulado (semilla=20260721_100417_ours_B.json)
  [META2-DOOR] variante de engagement: Door_Direct (Pl={Door_Direct:1.00, Door_Far:1.00, Door_BiasPlus:1.00})
  META2 ACTIVO (techo por analogia): Meta-Reasoner 2.0, analogia inicial Cautious_Nav

  !!!!!!!!!!!!!!!!!!!!!!!!!!!!!!!!!!!!!!!!!!!!!!!!!!!!!!!!!!!!!!!!!!!!!!!!!!
  !!  VISION OFF (G1_PERC sin definir) pero G1_NOVIS=1: navego SIN vision bajo tu responsabilidad.
  !!  La MESA invisible al LiDAR no se vera.
  !!!!!!!!!!!!!!!!!!!!!!!!!!!!!!!!!!!!!!!!!!!!!!!!!!!!!!!!!!!!!!!!!!!!!!!!!!

  mapa de referencia: 961 celdas | muebles estaticos (nav_map): 0 celdas | plan global: static
  t=  0.0 DWA-F pos=(+0.99,+0.57) yaw=-120.3 d=6.23 goal_err=-83 carrot_err= -62 c0=2.25 clear=1.00 prog=0.00 rel=1.00 bal=+0.19 obs=108 hard=108 obsc=108 yr=  0  nz=0.00 flt=0.19 dmap=+108/-0 shz=0.0 plan=34 cmd=(lx=+0.00,ly=+0.40,rx=+0.45)
  t=  0.4 DWA-F pos=(+0.97,+0.53) yaw=-125.1 d=6.22 goal_err=-79 carrot_err= -60 c0=2.21 clear=1.00 prog=0.05 rel=0.96 bal=+0.28 obs=111 hard=111 obsc=111 yr= 15G nz=0.04 flt=0.21 dmap=+0/-0 shz=3.1 plan=34 cmd=(lx=+0.00,ly=+0.40,rx=+0.45)
  t=  0.9 DWA-F pos=(+0.93,+0.48) yaw=-131.6 d=6.21 goal_err=-73 carrot_err= -57 c0=2.21 clear=1.00 prog=0.08 rel=0.96 bal=+0.40 obs=111 hard=111 obsc=111 yr= 15G nz=0.04 flt=0.01 dmap=+0/-0 shz=4.0 plan=34 cmd=(lx=+0.00,ly=+0.40,rx=+0.45)
  t=  1.3 DWA-F pos=(+0.89,+0.44) yaw=-138.0 d=6.19 goal_err=-67 carrot_err= -39 c0=2.23 clear=1.00 prog=0.11 rel=0.95 bal=+0.41 obs=111 hard=111 obsc=111 yr= 15G nz=0.05 flt=0.02 dmap=+0/-0 shz=3.9 plan=34 cmd=(lx=+0.00,ly=+0.40,rx=+0.45)
  t=  1.7 DWA-F pos=(+0.84,+0.40) yaw=-144.4 d=6.16 goal_err=-61 carrot_err= -35 c0=2.50 clear=1.00 prog=0.13 rel=0.84 bal=+0.42 obs=111 hard=111 obsc=111 yr= 14  nz=0.16 flt=0.02 dmap=+0/-0 shz=4.0 plan=33 cmd=(lx=+0.00,ly=+0.40,rx=+0.00)
  t=  2.1 DWA-F pos=(+0.79,+0.37) yaw=-146.0 d=6.14 goal_err=-60 carrot_err= -36 c0=2.50 clear=1.00 prog=0.17 rel=0.78 bal=+0.42 obs=125 hard=125 obsc=154 yr= 15G nz=0.22 flt=0.03 dmap=+0/-0 shz=4.0 plan=33 cmd=(lx=+0.00,ly=+0.40,rx=+0.45)
  t=  2.6 DWA-F pos=(+0.76,+0.35) yaw=-149.2 d=6.11 goal_err=-57 carrot_err= -35 c0=2.50 clear=1.00 prog=0.18 rel=0.79 bal=+0.43 obs=144 hard=130 obsc=163 yr=  0  nz=0.21 flt=0.00 dmap=+19/-0 shz=3.9 plan=33 cmd=(lx=+0.00,ly=+0.40,rx=+0.00)
  t=  3.0 DWA-F pos=(+0.72,+0.32) yaw=-150.8 d=6.09 goal_err=-56 carrot_err= -35 c0=2.50 clear=1.00 prog=0.19 rel=0.99 bal=+0.43 obs=156 hard=134 obsc=167 yr= 15G nz=0.01 flt=0.14 dmap=+0/-0 shz=4.0 plan=33 cmd=(lx=+0.00,ly=+0.40,rx=+0.00)
  t=  3.4 DWA-F pos=(+0.68,+0.30) yaw=-152.4 d=6.07 goal_err=-54 carrot_err= -34 c0=2.50 clear=1.00 prog=0.19 rel=0.99 bal=+0.43 obs=159 hard=135 obsc=168 yr=  0  nz=0.01 flt=0.00 dmap=+0/-0 shz=3.9 plan=33 cmd=(lx=+0.00,ly=+0.40,rx=+0.00)
  t=  3.9 DWA-F pos=(+0.64,+0.28) yaw=-152.4 d=6.04 goal_err=-55 carrot_err= -35 c0=2.50 clear=1.00 prog=0.19 rel=0.99 bal=+0.36 obs=160 hard=149 obsc=168 yr=  0  nz=0.01 flt=0.00 dmap=+0/-0 shz=4.0 plan=33 cmd=(lx=+0.00,ly=+0.40,rx=+0.00)
  t=  4.3 DWA-F pos=(+0.60,+0.26) yaw=-152.4 d=6.01 goal_err=-55 carrot_err= -38 c0=2.50 clear=1.00 prog=0.20 rel=0.99 bal=+0.37 obs=161 hard=157 obsc=169 yr=  0G nz=0.01 flt=0.01 dmap=+0/-0 shz=4.0 plan=33 cmd=(lx=+0.00,ly=+0.40,rx=+0.45)
  t=  4.7 DWA-F pos=(+0.56,+0.24) yaw=-155.6 d=5.98 goal_err=-52 carrot_err= -21 c0=2.50 clear=1.00 prog=0.21 rel=0.98 bal=+0.37 obs=167 hard=162 obsc=176 yr=  0  nz=0.02 flt=0.25 dmap=+0/-0 shz=4.0 plan=32 cmd=(lx=+0.00,ly=+0.40,rx=+0.00)
  t=  5.2 DWA-F pos=(+0.51,+0.22) yaw=-155.6 d=5.95 goal_err=-53 carrot_err= -23 c0=2.50 clear=1.00 prog=0.21 rel=0.98 bal=+0.39 obs=169 hard=167 obsc=178 yr=  0  nz=0.02 flt=0.01 dmap=+0/-0 shz=4.0 plan=32 cmd=(lx=+0.00,ly=+0.40,rx=+0.00)
  t=  5.6 DWA-F pos=(+0.47,+0.20) yaw=-155.6 d=5.93 goal_err=-53 carrot_err= -24 c0=2.50 clear=1.00 prog=0.21 rel=0.98 bal=+0.40 obs=170 hard=168 obsc=179 yr=  0  nz=0.02 flt=0.01 dmap=+0/-0 shz=3.9 plan=32 cmd=(lx=+0.00,ly=+0.40,rx=+0.00)
  t=  6.0 DWA-F pos=(+0.43,+0.18) yaw=-155.6 d=5.90 goal_err=-53 carrot_err= -26 c0=2.50 clear=1.00 prog=0.22 rel=0.98 bal=+0.41 obs=169 hard=170 obsc=179 yr=  0  nz=0.01 flt=0.03 dmap=+0/-1 shz=4.0 plan=32 cmd=(lx=+0.00,ly=+0.40,rx=+0.00)
  t=  6.5 DWA-F pos=(+0.39,+0.17) yaw=-155.6 d=5.87 goal_err=-54 carrot_err= -27 c0=2.50 clear=1.00 prog=0.21 rel=0.99 bal=+0.42 obs=170 hard=170 obsc=181 yr=  0  nz=0.01 flt=0.00 dmap=+0/-0 shz=3.9 plan=31 cmd=(lx=+0.00,ly=+0.40,rx=+0.00)
  t=  6.9 DWA-F pos=(+0.35,+0.15) yaw=-155.6 d=5.85 goal_err=-54 carrot_err= -28 c0=2.50 clear=1.00 prog=0.21 rel=0.99 bal=+0.43 obs=172 hard=170 obsc=181 yr=  0  nz=0.01 flt=0.00 dmap=+0/-0 shz=4.0 plan=31 cmd=(lx=+0.00,ly=+0.40,rx=+0.00)
  t=  7.3 DWA-F pos=(+0.31,+0.13) yaw=-155.6 d=5.82 goal_err=-54 carrot_err= -30 c0=2.50 clear=1.00 prog=0.20 rel=0.99 bal=+0.44 obs=171 hard=170 obsc=181 yr=  0  nz=0.01 flt=0.00 dmap=+0/-1 shz=4.0 plan=31 cmd=(lx=+0.00,ly=+0.40,rx=+0.00)
  t=  7.8 DWA-F pos=(+0.26,+0.11) yaw=-155.6 d=5.79 goal_err=-55 carrot_err= -17 c0=2.50 clear=1.00 prog=0.21 rel=0.99 bal=+0.44 obs=171 hard=171 obsc=180 yr=  0  nz=0.01 flt=0.00 dmap=+0/-0 shz=4.0 plan=30 cmd=(lx=+0.00,ly=+0.40,rx=+0.00)
  t=  8.2 DWA-F pos=(+0.22,+0.09) yaw=-155.6 d=5.77 goal_err=-55 carrot_err= -18 c0=2.49 clear=1.00 prog=0.21 rel=0.98 bal=+0.45 obs=171 hard=172 obsc=181 yr=  0  nz=0.02 flt=0.00 dmap=+0/-0 shz=4.0 plan=30 cmd=(lx=+0.00,ly=+0.40,rx=+0.00)
  t=  8.6 DWA-F pos=(+0.18,+0.07) yaw=-155.6 d=5.74 goal_err=-56 carrot_err= -19 c0=2.50 clear=1.00 prog=0.21 rel=0.98 bal=+0.38 obs=174 hard=173 obsc=183 yr=  0  nz=0.02 flt=0.00 dmap=+3/-0 shz=3.9 plan=30 cmd=(lx=+0.00,ly=+0.40,rx=+0.00)
  t=  9.0 DWA-F pos=(+0.14,+0.05) yaw=-155.6 d=5.71 goal_err=-56 carrot_err= -20 c0=2.48 clear=1.00 prog=0.21 rel=0.99 bal=+0.38 obs=173 hard=174 obsc=183 yr=  0  nz=0.01 flt=0.00 dmap=+1/-2 shz=4.0 plan=30 cmd=(lx=+0.00,ly=+0.40,rx=+0.00)
  t=  9.5 DWA-F pos=(+0.10,+0.03) yaw=-155.6 d=5.69 goal_err=-56 carrot_err= -22 c0=2.44 clear=1.00 prog=0.20 rel=0.96 bal=+0.39 obs=174 hard=173 obsc=182 yr=  0  nz=0.04 flt=0.01 dmap=+0/-0 shz=4.0 plan=30 cmd=(lx=+0.00,ly=+0.40,rx=+0.00)
  t=  9.9 DWA-F pos=(+0.06,+0.01) yaw=-155.6 d=5.67 goal_err=-57 carrot_err= -23 c0=2.39 clear=1.00 prog=0.19 rel=0.93 bal=+0.39 obs=177 hard=177 obsc=186 yr=  0  nz=0.07 flt=0.02 dmap=+0/-0 shz=4.0 plan=30 cmd=(lx=+0.00,ly=+0.40,rx=+0.00)
  t= 10.3 DWA-F pos=(+0.02,-0.00) yaw=-155.6 d=5.64 goal_err=-57 carrot_err= -25 c0=2.35 clear=1.00 prog=0.19 rel=0.92 bal=+0.39 obs=178 hard=178 obsc=187 yr=  0  nz=0.08 flt=0.01 dmap=+0/-0 shz=4.0 plan=30 cmd=(lx=+0.00,ly=+0.40,rx=+0.00)
  t= 10.8 DWA-F pos=(-0.02,-0.02) yaw=-155.6 d=5.62 goal_err=-57 carrot_err= -26 c0=2.30 clear=1.00 prog=0.19 rel=0.93 bal=+0.41 obs=179 hard=179 obsc=188 yr=  0  nz=0.07 flt=0.01 dmap=+0/-0 shz=4.0 plan=29 cmd=(lx=+0.00,ly=+0.40,rx=+0.00)
  t= 11.2 DWA-F pos=(-0.07,-0.05) yaw=-155.6 d=5.59 goal_err=-58 carrot_err= -28 c0=2.25 clear=1.00 prog=0.20 rel=0.93 bal=+0.43 obs=180 hard=179 obsc=189 yr=  0  nz=0.07 flt=0.00 dmap=+0/-0 shz=4.0 plan=29 cmd=(lx=+0.00,ly=+0.40,rx=+0.00)
  t= 11.6 DWA-F pos=(-0.11,-0.06) yaw=-155.6 d=5.56 goal_err=-58 carrot_err= -28 c0=2.20 clear=1.00 prog=0.20 rel=0.92 bal=+0.45 obs=180 hard=182 obsc=188 yr=  0  nz=0.08 flt=0.01 dmap=+2/-2 shz=4.0 plan=29 cmd=(lx=+0.00,ly=+0.40,rx=+0.00)
  t= 12.1 DWA-F pos=(-0.15,-0.08) yaw=-155.6 d=5.54 goal_err=-59 carrot_err= -30 c0=2.16 clear=1.00 prog=0.19 rel=0.92 bal=+0.46 obs=181 hard=180 obsc=187 yr=  0  nz=0.08 flt=0.01 dmap=+0/-0 shz=4.0 plan=29 cmd=(lx=+0.00,ly=+0.40,rx=+0.00)
  t= 12.5 DWA-F pos=(-0.19,-0.10) yaw=-155.6 d=5.52 goal_err=-59 carrot_err= -31 c0=2.12 clear=1.00 prog=0.19 rel=0.92 bal=+0.48 obs=184 hard=183 obsc=190 yr=  0  nz=0.08 flt=0.01 dmap=+0/-0 shz=4.0 plan=28 cmd=(lx=+0.00,ly=+0.40,rx=+0.00)
  t= 12.9 DWA-F pos=(-0.23,-0.12) yaw=-155.6 d=5.50 goal_err=-59 carrot_err= -33 c0=2.07 clear=1.00 prog=0.19 rel=0.92 bal=+0.49 obs=184 hard=184 obsc=192 yr=  0  nz=0.08 flt=0.01 dmap=+1/-1 shz=4.0 plan=28 cmd=(lx=+0.00,ly=+0.40,rx=+0.00)
  t= 13.3 DWA-F pos=(-0.27,-0.14) yaw=-155.6 d=5.47 goal_err=-60 carrot_err= -35 c0=2.03 clear=1.00 prog=0.18 rel=0.92 bal=+0.49 obs=183 hard=183 obsc=190 yr=  0  nz=0.08 flt=0.00 dmap=+1/-0 shz=4.0 plan=28 cmd=(lx=+0.00,ly=+0.40,rx=+0.00)
  t= 13.8 DWA-F pos=(-0.31,-0.16) yaw=-155.6 d=5.45 goal_err=-60 carrot_err= -34 c0=1.98 clear=1.00 prog=0.17 rel=0.92 bal=+0.49 obs=184 hard=184 obsc=191 yr=  0  nz=0.08 flt=0.00 dmap=+0/-0 shz=4.0 plan=27 cmd=(lx=+0.00,ly=+0.40,rx=+0.00)
  t= 14.2 DWA-F pos=(-0.35,-0.17) yaw=-155.6 d=5.43 goal_err=-61 carrot_err= -36 c0=1.94 clear=1.00 prog=0.17 rel=0.92 bal=+0.50 obs=186 hard=186 obsc=192 yr=  0  nz=0.08 flt=0.01 dmap=+0/-0 shz=4.0 plan=27 cmd=(lx=+0.00,ly=+0.40,rx=+0.00)
  t= 14.6 DWA-F pos=(-0.41,-0.20) yaw=-155.6 d=5.40 goal_err=-61 carrot_err= -38 c0=1.88 clear=1.00 prog=0.18 rel=0.92 bal=+0.50 obs=187 hard=186 obsc=194 yr=  0G nz=0.08 flt=0.01 dmap=+0/-0 shz=4.0 plan=27 cmd=(lx=+0.00,ly=+0.40,rx=+0.45)
  t= 15.1 DWA-F pos=(-0.45,-0.21) yaw=-158.8 d=5.38 goal_err=-58 carrot_err= -37 c0=1.84 clear=1.00 prog=0.18 rel=0.92 bal=+0.53 obs=187 hard=186 obsc=194 yr=  0  nz=0.08 flt=0.01 dmap=+0/-0 shz=4.0 plan=27 cmd=(lx=+0.00,ly=+0.40,rx=+0.00)
  t= 15.5 DWA-F pos=(-0.49,-0.23) yaw=-162.0 d=5.36 goal_err=-56 carrot_err= -36 c0=1.80 clear=1.00 prog=0.18 rel=0.91 bal=+0.53 obs=188 hard=186 obsc=193 yr= 15G nz=0.09 flt=0.14 dmap=+0/-0 shz=4.0 plan=27 cmd=(lx=+0.00,ly=+0.40,rx=+0.00)
  t= 15.9 DWA-F pos=(-0.53,-0.24) yaw=-163.6 d=5.33 goal_err=-54 carrot_err= -36 c0=1.75 clear=1.00 prog=0.19 rel=0.91 bal=+0.54 obs=191 hard=190 obsc=197 yr=  0  nz=0.09 flt=0.00 dmap=+1/-0 shz=4.0 plan=27 cmd=(lx=+0.00,ly=+0.40,rx=+0.00)
  t= 16.4 DWA-F pos=(-0.57,-0.25) yaw=-166.8 d=5.30 goal_err=-52 carrot_err= -35 c0=1.71 clear=1.00 prog=0.20 rel=0.91 bal=+0.54 obs=191 hard=190 obsc=197 yr= 15G nz=0.09 flt=0.13 dmap=+0/-0 shz=4.0 plan=27 cmd=(lx=+0.00,ly=+0.40,rx=+0.00)
  t= 16.8 DWA-F pos=(-0.62,-0.26) yaw=-168.4 d=5.28 goal_err=-50 carrot_err= -42 c0=1.67 clear=1.00 prog=0.21 rel=0.92 bal=+0.49 obs=192 hard=192 obsc=198 yr=  0G nz=0.08 flt=0.01 dmap=+0/-0 shz=4.0 plan=26 cmd=(lx=+0.00,ly=+0.40,rx=+0.45)
  t= 17.2 DWA-F pos=(-0.66,-0.27) yaw=-173.3 d=5.25 goal_err=-46 carrot_err= -39 c0=1.80 clear=1.00 prog=0.21 rel=0.91 bal=+0.54 obs=192 hard=192 obsc=198 yr= 15G nz=0.09 flt=0.02 dmap=+0/-0 shz=4.0 plan=26 cmd=(lx=+0.00,ly=+0.40,rx=+0.45)
  t= 17.7 DWA-F pos=(-0.72,-0.28) yaw=-178.1 d=5.21 goal_err=-41 carrot_err= -37 c0=1.83 clear=1.00 prog=0.23 rel=0.87 bal=+0.55 obs=208 hard=207 obsc=213 yr=  0  nz=0.13 flt=0.01 dmap=+4/-0 shz=4.0 plan=26 cmd=(lx=+0.00,ly=+0.40,rx=+0.00)
  t= 18.1 DWA-F pos=(-0.76,-0.28) yaw=-178.1 d=5.17 goal_err=-42 carrot_err= -39 c0=1.79 clear=1.00 prog=0.25 rel=0.86 bal=+0.52 obs=206 hard=205 obsc=213 yr=  0G nz=0.14 flt=0.00 dmap=+0/-0 shz=4.0 plan=26 cmd=(lx=+0.00,ly=+0.40,rx=+0.45)
  t= 18.5 DWA-F pos=(-0.80,-0.28) yaw=+178.7 d=5.14 goal_err=-39 carrot_err= -30 c0=1.94 clear=1.00 prog=0.26 rel=0.90 bal=+0.53 obs=207 hard=206 obsc=212 yr=  0  nz=0.10 flt=0.02 dmap=+0/-0 shz=4.0 plan=25 cmd=(lx=+0.00,ly=+0.40,rx=+0.00)
  t= 19.0 DWA-F pos=(-0.85,-0.28) yaw=+178.7 d=5.10 goal_err=-39 carrot_err= -31 c0=1.90 clear=1.00 prog=0.27 rel=0.89 bal=+0.52 obs=201 hard=205 obsc=211 yr=  0  nz=0.12 flt=0.01 dmap=+0/-5 shz=3.9 plan=25 cmd=(lx=+0.00,ly=+0.40,rx=+0.00)
  t= 19.4 DWA-F pos=(-0.89,-0.27) yaw=+178.7 d=5.07 goal_err=-40 carrot_err= -33 c0=1.85 clear=1.00 prog=0.26 rel=0.89 bal=+0.51 obs=202 hard=201 obsc=207 yr=  0  nz=0.11 flt=0.02 dmap=+1/-0 shz=4.0 plan=25 cmd=(lx=+0.00,ly=+0.40,rx=+0.00)
  t= 19.8 DWA-F pos=(-0.94,-0.27) yaw=+178.7 d=5.04 goal_err=-40 carrot_err= -37 c0=1.81 clear=1.00 prog=0.26 rel=0.92 bal=+0.49 obs=202 hard=201 obsc=207 yr=  0  nz=0.08 flt=0.00 dmap=+0/-0 shz=3.9 plan=24 cmd=(lx=+0.00,ly=+0.40,rx=+0.00)
  t= 20.2 DWA-F pos=(-0.98,-0.27) yaw=+178.7 d=5.00 goal_err=-40 carrot_err= -38 c0=1.82 clear=1.00 prog=0.27 rel=0.96 bal=+0.32 obs=202 hard=201 obsc=207 yr=  0  nz=0.04 flt=0.00 dmap=+0/-0 shz=4.0 plan=24 cmd=(lx=+0.00,ly=+0.40,rx=+0.00)
  t= 20.7 DWA-F pos=(-1.04,-0.27) yaw=+175.5 d=4.96 goal_err=-37 carrot_err= -37 c0=1.76 clear=1.00 prog=0.28 rel=0.95 bal=+0.30 obs=204 hard=203 obsc=211 yr= 15  nz=0.05 flt=0.12 dmap=+4/-2 shz=4.0 plan=24 cmd=(lx=+0.00,ly=+0.40,rx=+0.00)
  t= 21.1 DWA-F pos=(-1.08,-0.27) yaw=+175.5 d=4.92 goal_err=-38 carrot_err= -38 c0=1.72 clear=1.00 prog=0.28 rel=0.93 bal=+0.29 obs=204 hard=203 obsc=209 yr=  0G nz=0.07 flt=0.01 dmap=+0/-0 shz=4.0 plan=24 cmd=(lx=+0.00,ly=+0.40,rx=+0.45)
  t= 21.5 DWA-F pos=(-1.13,-0.26) yaw=+172.3 d=4.89 goal_err=-35 carrot_err= -29 c0=1.68 clear=1.00 prog=0.28 rel=0.91 bal=+0.28 obs=211 hard=203 obsc=219 yr=  0  nz=0.09 flt=0.05 dmap=+0/-0 shz=4.0 plan=23 cmd=(lx=+0.00,ly=+0.40,rx=+0.00)
  t= 22.0 DWA-F pos=(-1.17,-0.26) yaw=+172.3 d=4.85 goal_err=-35 carrot_err= -31 c0=1.63 clear=1.00 prog=0.29 rel=0.92 bal=+0.27 obs=209 hard=203 obsc=217 yr=  0  nz=0.08 flt=0.00 dmap=+1/-1 shz=4.0 plan=23 cmd=(lx=+0.00,ly=+0.40,rx=+0.00)
  t= 22.4 DWA-F pos=(-1.21,-0.25) yaw=+172.3 d=4.82 goal_err=-35 carrot_err= -32 c0=1.59 clear=1.00 prog=0.28 rel=0.92 bal=+0.25 obs=209 hard=205 obsc=217 yr=  0  nz=0.08 flt=0.00 dmap=+1/-1 shz=4.0 plan=23 cmd=(lx=+0.00,ly=+0.40,rx=+0.00)
  t= 22.8 DWA-F pos=(-1.26,-0.24) yaw=+172.3 d=4.78 goal_err=-36 carrot_err= -33 c0=1.54 clear=1.00 prog=0.28 rel=0.92 bal=+0.24 obs=205 hard=203 obsc=216 yr=  0  nz=0.08 flt=0.01 dmap=+0/-0 shz=3.9 plan=23 cmd=(lx=+0.00,ly=+0.40,rx=+0.00)
  t= 23.3 DWA-F pos=(-1.30,-0.24) yaw=+172.3 d=4.74 goal_err=-36 carrot_err= -35 c0=1.50 clear=1.00 prog=0.28 rel=0.93 bal=+0.23 obs=205 hard=202 obsc=213 yr=  0  nz=0.07 flt=0.00 dmap=+0/-0 shz=4.0 plan=23 cmd=(lx=+0.00,ly=+0.40,rx=+0.00)
  t= 23.7 DWA-F pos=(-1.36,-0.23) yaw=+172.3 d=4.70 goal_err=-36 carrot_err= -37 c0=1.44 clear=0.96 prog=0.29 rel=0.92 bal=+0.22 obs=205 hard=201 obsc=212 yr=  0  nz=0.08 flt=0.01 dmap=+0/-0 shz=4.0 plan=23 cmd=(lx=+0.00,ly=+0.40,rx=+0.00)
  t= 24.1 DWA-F pos=(-1.40,-0.23) yaw=+170.7 d=4.66 goal_err=-35 carrot_err= -37 c0=1.40 clear=0.93 prog=0.29 rel=0.92 bal=+0.21 obs=206 hard=201 obsc=213 yr= 15G nz=0.08 flt=0.01 dmap=+0/-0 shz=4.0 plan=23 cmd=(lx=+0.00,ly=+0.40,rx=+0.00)
  t= 24.6 DWA-F pos=(-1.44,-0.22) yaw=+169.1 d=4.63 goal_err=-34 carrot_err= -18 c0=1.36 clear=0.90 prog=0.29 rel=0.92 bal=+0.21 obs=209 hard=205 obsc=216 yr=  0  nz=0.08 flt=0.01 dmap=+0/-0 shz=4.0 plan=22 cmd=(lx=+0.00,ly=+0.40,rx=+0.00)
  t= 25.0 DWA-F pos=(-1.49,-0.21) yaw=+169.1 d=4.59 goal_err=-34 carrot_err= -19 c0=1.31 clear=0.88 prog=0.29 rel=0.93 bal=+0.07 obs=208 hard=204 obsc=216 yr=  0  nz=0.07 flt=0.00 dmap=+0/-1 shz=3.9 plan=22 cmd=(lx=+0.00,ly=+0.40,rx=+0.00)
  t= 25.4 DWA-F pos=(-1.53,-0.20) yaw=+169.1 d=4.55 goal_err=-34 carrot_err= -20 c0=1.27 clear=0.85 prog=0.28 rel=0.92 bal=+0.07 obs=207 hard=207 obsc=218 yr=  0  nz=0.08 flt=0.00 dmap=+1/-3 shz=4.0 plan=22 cmd=(lx=+0.00,ly=+0.40,rx=+0.00)
  t= 25.9 DWA-F pos=(-1.59,-0.19) yaw=+169.1 d=4.51 goal_err=-35 carrot_err= -25 c0=1.21 clear=0.81 prog=0.30 rel=0.93 bal=+0.07 obs=208 hard=203 obsc=215 yr=  0  nz=0.07 flt=0.01 dmap=+0/-0 shz=3.9 plan=21 cmd=(lx=+0.00,ly=+0.40,rx=+0.00)
  t= 26.3 DWA-F pos=(-1.63,-0.18) yaw=+169.1 d=4.47 goal_err=-35 carrot_err= -26 c0=1.17 clear=0.78 prog=0.30 rel=0.92 bal=+0.07 obs=208 hard=204 obsc=217 yr=  0  nz=0.08 flt=0.02 dmap=+0/-0 shz=4.0 plan=21 cmd=(lx=+0.00,ly=+0.40,rx=+0.00)
  t= 26.7 DWA-F pos=(-1.67,-0.17) yaw=+169.1 d=4.44 goal_err=-36 carrot_err= -27 c0=1.13 clear=0.75 prog=0.30 rel=0.92 bal=+0.07 obs=209 hard=204 obsc=216 yr=  0  nz=0.08 flt=0.00 dmap=+0/-0 shz=4.0 plan=21 cmd=(lx=+0.00,ly=+0.40,rx=+0.00)
  t= 27.2 DWA-F pos=(-1.72,-0.16) yaw=+169.1 d=4.40 goal_err=-36 carrot_err= -29 c0=1.08 clear=0.72 prog=0.29 rel=0.92 bal=+0.07 obs=208 hard=205 obsc=216 yr=  0  nz=0.08 flt=0.02 dmap=+0/-0 shz=4.0 plan=21 cmd=(lx=+0.00,ly=+0.40,rx=+0.00)
  t= 27.6 DWA-F pos=(-1.76,-0.16) yaw=+169.1 d=4.36 goal_err=-36 carrot_err= -23 c0=1.04 clear=0.69 prog=0.29 rel=0.92 bal=+0.07 obs=209 hard=206 obsc=216 yr=  0  nz=0.08 flt=0.01 dmap=+0/-0 shz=4.0 plan=20 cmd=(lx=+0.00,ly=+0.40,rx=+0.00)
  t= 28.0 DWA-F pos=(-1.80,-0.15) yaw=+169.1 d=4.33 goal_err=-37 carrot_err= -24 c0=1.00 clear=0.67 prog=0.28 rel=0.92 bal=+0.06 obs=210 hard=204 obsc=217 yr=  0  nz=0.08 flt=0.02 dmap=+1/-0 shz=4.0 plan=20 cmd=(lx=+0.00,ly=+0.40,rx=+0.00)
  t= 28.5 DWA-F pos=(-1.86,-0.14) yaw=+169.1 d=4.28 goal_err=-37 carrot_err= -25 c0=0.94 clear=0.63 prog=0.29 rel=0.92 bal=+0.05 obs=210 hard=203 obsc=217 yr=  0  nz=0.08 flt=0.01 dmap=+0/-0 shz=4.0 plan=20 cmd=(lx=+0.00,ly=+0.40,rx=+0.00)
  t= 28.9 DWA-F pos=(-1.90,-0.13) yaw=+169.1 d=4.25 goal_err=-37 carrot_err= -20 c0=0.90 clear=0.60 prog=0.29 rel=0.92 bal=+0.05 obs=211 hard=204 obsc=218 yr=  0  nz=0.08 flt=0.00 dmap=+0/-0 shz=4.0 plan=19 cmd=(lx=+0.00,ly=+0.40,rx=+0.00)
  t= 29.3 DWA-F pos=(-1.95,-0.12) yaw=+169.1 d=4.21 goal_err=-38 carrot_err= -20 c0=0.86 clear=0.57 prog=0.29 rel=0.93 bal=+0.04 obs=210 hard=203 obsc=218 yr=  0  nz=0.07 flt=0.01 dmap=+0/-0 shz=4.0 plan=19 cmd=(lx=+0.00,ly=+0.40,rx=+0.00)
  t= 29.8 DWA-F pos=(-1.99,-0.11) yaw=+169.1 d=4.18 goal_err=-38 carrot_err= -21 c0=0.82 clear=0.54 prog=0.29 rel=0.93 bal=+0.04 obs=211 hard=205 obsc=220 yr=  0  nz=0.07 flt=0.01 dmap=+1/-1 shz=4.0 plan=19 cmd=(lx=+0.00,ly=+0.40,rx=+0.00)
  t= 30.2 DWA-F pos=(-2.03,-0.10) yaw=+169.1 d=4.14 goal_err=-38 carrot_err= -22 c0=0.77 clear=0.52 prog=0.27 rel=0.93 bal=+0.04 obs=213 hard=206 obsc=221 yr=  0  nz=0.07 flt=0.02 dmap=+0/-0 shz=4.0 plan=19 cmd=(lx=+0.00,ly=+0.40,rx=+0.00)
  t= 30.6 DWA-F pos=(-2.08,-0.10) yaw=+167.5 d=4.11 goal_err=-37 carrot_err= -31 c0=0.73 clear=0.49 prog=0.27 rel=0.92 bal=-0.08 obs=211 hard=208 obsc=221 yr= 15G nz=0.08 flt=0.00 dmap=+0/-0 shz=4.0 plan=19 cmd=(lx=+0.00,ly=+0.40,rx=+0.45)
  t= 31.1 DWA-F pos=(-2.13,-0.08) yaw=+161.1 d=4.06 goal_err=-31 carrot_err= -27 c0=1.07 clear=0.72 prog=0.29 rel=0.92 bal=-0.10 obs=212 hard=208 obsc=222 yr= 15  nz=0.08 flt=0.02 dmap=+2/-1 shz=4.0 plan=19 cmd=(lx=+0.00,ly=+0.40,rx=+0.00)
  t= 31.5 DWA-F pos=(-2.17,-0.07) yaw=+161.1 d=4.02 goal_err=-32 carrot_err= -28 c0=1.03 clear=0.69 prog=0.29 rel=0.77 bal=-0.11 obs=214 hard=209 obsc=223 yr=  0  nz=0.23 flt=0.01 dmap=+1/-1 shz=4.0 plan=19 cmd=(lx=+0.00,ly=+0.40,rx=+0.00)
  t= 31.9 DWA-F pos=(-2.21,-0.05) yaw=+161.1 d=3.99 goal_err=-32 carrot_err= -21 c0=0.99 clear=0.66 prog=0.30 rel=0.77 bal=-0.26 obs=214 hard=208 obsc=222 yr=  0  nz=0.23 flt=0.01 dmap=+0/-0 shz=4.0 plan=18 cmd=(lx=+0.00,ly=+0.40,rx=+0.00)
  t= 32.4 DWA-F pos=(-2.26,-0.04) yaw=+161.1 d=3.95 goal_err=-32 carrot_err= -22 c0=0.95 clear=0.63 prog=0.30 rel=0.93 bal=-0.33 obs=216 hard=210 obsc=224 yr=  0  nz=0.07 flt=0.04 dmap=+0/-0 shz=4.0 plan=18 cmd=(lx=+0.00,ly=+0.40,rx=+0.00)
  t= 32.8 DWA-F pos=(-2.30,-0.02) yaw=+161.1 d=3.91 goal_err=-33 carrot_err= -23 c0=0.90 clear=0.60 prog=0.30 rel=0.93 bal=-0.48 obs=217 hard=211 obsc=226 yr=  0  nz=0.07 flt=0.02 dmap=+1/-1 shz=4.0 plan=18 cmd=(lx=+0.00,ly=+0.40,rx=+0.00)
  t= 33.2 DWA-F pos=(-2.34,-0.01) yaw=+161.1 d=3.87 goal_err=-33 carrot_err= -24 c0=0.86 clear=0.57 prog=0.29 rel=0.93 bal=-0.52 obs=217 hard=211 obsc=227 yr=  0  nz=0.07 flt=0.00 dmap=+0/-0 shz=4.0 plan=18 cmd=(lx=+0.00,ly=+0.40,rx=+0.00)
  t= 33.7 DWA-F pos=(-2.39,+0.01) yaw=+161.1 d=3.83 goal_err=-33 carrot_err= -25 c0=0.81 clear=0.54 prog=0.30 rel=0.92 bal=-0.51 obs=217 hard=211 obsc=225 yr=  0  nz=0.08 flt=0.01 dmap=+0/-0 shz=4.0 plan=17 cmd=(lx=+0.00,ly=+0.40,rx=+0.00)
  t= 34.1 DWA-F pos=(-2.43,+0.02) yaw=+157.9 d=3.79 goal_err=-31 carrot_err= -23 c0=0.77 clear=0.51 prog=0.30 rel=0.92 bal=-0.50 obs=217 hard=211 obsc=225 yr= 15G nz=0.08 flt=0.31 dmap=+0/-0 shz=4.0 plan=17 cmd=(lx=+0.00,ly=+0.40,rx=+0.45)
  t= 34.5 DWA-F pos=(-2.47,+0.04) yaw=+151.4 d=3.75 goal_err=-24 carrot_err= -18 c0=0.74 clear=0.49 prog=0.31 rel=0.91 bal=-0.47 obs=218 hard=212 obsc=226 yr= 15G nz=0.08 flt=0.09 dmap=+0/-0 shz=4.0 plan=17 cmd=(lx=+0.00,ly=+0.40,rx=+0.45)
  t= 34.9 DOOR-CTR pos=(-2.51,+0.07) yaw=+148.2 d=3.71 goal_err=-22 carrot_err= -15 c0=0.70 clear=0.47 prog=0.31 rel=0.93 bal=-0.46 obs=221 hard=215 obsc=230 yr=  0  nz=0.07 flt=0.03 dmap=+0/-0 shz=4.0 plan=17 cmd=(lx=+0.34,ly=+0.00,rx=+0.00)
  t= 35.4 DOOR-CTR pos=(-2.50,+0.10) yaw=+148.2 d=3.69 goal_err=-21 carrot_err= -13 c0=0.70 clear=0.47 prog=0.29 rel=0.95 bal=-0.42 obs=223 hard=217 obsc=232 yr=  0  nz=0.05 flt=0.03 dmap=+0/-0 shz=4.0 plan=17 cmd=(lx=+0.34,ly=+0.00,rx=+0.00)
  t= 35.8 ENG-F pos=(-2.49,+0.14) yaw=+148.2 d=3.66 goal_err=-21 carrot_err= -11 c0=1.14 clear=0.76 prog=0.25 rel=0.75 bal=-0.37 obs=223 hard=217 obsc=233 yr=  0  nz=0.25 flt=0.01 dmap=+1/-2 shz=4.0 plan=17 cmd=(lx=+0.00,ly=+0.28,rx=+0.00)
  t= 36.2 ENG-F pos=(-2.53,+0.16) yaw=+148.2 d=3.63 goal_err=-21 carrot_err= -12 c0=1.10 clear=0.73 prog=0.25 rel=0.67 bal=-0.49 obs=222 hard=217 obsc=231 yr=  0  nz=0.33 flt=0.00 dmap=+0/-0 shz=4.0 plan=17 cmd=(lx=+0.00,ly=+0.28,rx=+0.00)
  t= 36.7 ENG-F pos=(-2.56,+0.18) yaw=+148.2 d=3.59 goal_err=-21 carrot_err= -12 c0=1.07 clear=0.71 prog=0.24 rel=0.70 bal=-0.48 obs=222 hard=217 obsc=230 yr=  0  nz=0.30 flt=0.01 dmap=+0/-0 shz=4.0 plan=16 cmd=(lx=+0.00,ly=+0.28,rx=+0.00)
  t= 37.1 ENG-F pos=(-2.59,+0.20) yaw=+148.2 d=3.56 goal_err=-21 carrot_err= -13 c0=1.03 clear=0.69 prog=0.23 rel=0.94 bal=-0.34 obs=222 hard=218 obsc=232 yr=  0  nz=0.06 flt=0.01 dmap=+1/-1 shz=4.0 plan=16 cmd=(lx=+0.00,ly=+0.28,rx=+0.00)
  t= 37.5 ENG-F pos=(-2.63,+0.22) yaw=+148.2 d=3.52 goal_err=-22 carrot_err= -14 c0=0.99 clear=0.66 prog=0.28 rel=0.93 bal=-0.29 obs=221 hard=217 obsc=230 yr=  0  nz=0.07 flt=0.01 dmap=+0/-0 shz=4.0 plan=16 cmd=(lx=+0.00,ly=+0.28,rx=+0.00)
  t= 37.9 ENG-F pos=(-2.66,+0.24) yaw=+148.2 d=3.49 goal_err=-22 carrot_err= -14 c0=0.96 clear=0.64 prog=0.28 rel=0.93 bal=-0.32 obs=222 hard=215 obsc=230 yr=  0  nz=0.07 flt=0.04 dmap=+0/-0 shz=4.0 plan=16 cmd=(lx=+0.00,ly=+0.28,rx=+0.00)
  t= 38.4 ENG-F pos=(-2.69,+0.26) yaw=+148.2 d=3.45 goal_err=-22 carrot_err= -15 c0=0.92 clear=0.62 prog=0.28 rel=0.93 bal=-0.32 obs=223 hard=216 obsc=232 yr=  0  nz=0.07 flt=0.00 dmap=+1/-0 shz=3.9 plan=16 cmd=(lx=+0.00,ly=+0.28,rx=+0.00)
  t= 38.8 ENG-F pos=(-2.72,+0.28) yaw=+148.2 d=3.42 goal_err=-22 carrot_err= -16 c0=0.89 clear=0.59 prog=0.28 rel=0.92 bal=-0.32 obs=224 hard=218 obsc=232 yr=  0  nz=0.08 flt=0.01 dmap=+0/-0 shz=4.0 plan=16 cmd=(lx=+0.00,ly=+0.28,rx=+0.00)
  t= 39.2 ENG-F pos=(-2.75,+0.30) yaw=+148.2 d=3.39 goal_err=-22 carrot_err=  -8 c0=0.86 clear=0.57 prog=0.28 rel=0.93 bal=-0.32 obs=224 hard=219 obsc=232 yr=  0  nz=0.07 flt=0.01 dmap=+0/-0 shz=4.0 plan=16 cmd=(lx=+0.00,ly=+0.28,rx=+0.00)
  t= 39.6 ENG-F pos=(-2.78,+0.31) yaw=+148.2 d=3.35 goal_err=-23 carrot_err=  -8 c0=0.87 clear=0.58 prog=0.26 rel=0.94 bal=-0.32 obs=225 hard=220 obsc=234 yr=  0  nz=0.07 flt=0.01 dmap=+1/-0 shz=4.0 plan=16 cmd=(lx=+0.00,ly=+0.28,rx=+0.00)
  t= 40.1 ENG-F pos=(-2.81,+0.33) yaw=+148.2 d=3.32 goal_err=-23 carrot_err=  -8 c0=0.83 clear=0.56 prog=0.26 rel=0.96 bal=-0.32 obs=229 hard=224 obsc=237 yr=  0  nz=0.04 flt=0.01 dmap=+1/-0 shz=4.0 plan=15 cmd=(lx=+0.00,ly=+0.28,rx=+0.00)
  t= 40.5 ENG-F pos=(-2.84,+0.35) yaw=+148.2 d=3.29 goal_err=-23 carrot_err=  -9 c0=0.80 clear=0.53 prog=0.26 rel=0.95 bal=-0.31 obs=228 hard=224 obsc=237 yr=  0  nz=0.05 flt=0.02 dmap=+0/-0 shz=4.0 plan=15 cmd=(lx=+0.00,ly=+0.28,rx=+0.00)
  t= 40.9 ENG-F pos=(-2.87,+0.37) yaw=+148.2 d=3.25 goal_err=-23 carrot_err=  -9 c0=0.76 clear=0.51 prog=0.26 rel=0.93 bal=-0.31 obs=227 hard=223 obsc=235 yr=  0  nz=0.07 flt=0.01 dmap=+0/-0 shz=4.0 plan=15 cmd=(lx=+0.00,ly=+0.28,rx=+0.00)
  t= 41.3 ENG-F pos=(-2.90,+0.39) yaw=+148.2 d=3.22 goal_err=-24 carrot_err=  -9 c0=0.73 clear=0.49 prog=0.26 rel=0.93 bal=-0.31 obs=226 hard=222 obsc=234 yr=  0  nz=0.07 flt=0.00 dmap=+0/-0 shz=4.0 plan=15 cmd=(lx=+0.00,ly=+0.28,rx=+0.00)
  t= 41.8 ENG-F pos=(-2.93,+0.41) yaw=+148.2 d=3.19 goal_err=-24 carrot_err= -10 c0=0.70 clear=0.46 prog=0.26 rel=0.93 bal=-0.30 obs=228 hard=224 obsc=236 yr=  0  nz=0.07 flt=0.01 dmap=+0/-0 shz=4.0 plan=15 cmd=(lx=+0.00,ly=+0.28,rx=+0.00)
  t= 42.2 ENG-F pos=(-2.96,+0.43) yaw=+148.2 d=3.15 goal_err=-24 carrot_err= -10 c0=0.66 clear=0.44 prog=0.26 rel=0.92 bal=-0.30 obs=229 hard=225 obsc=237 yr=  0  nz=0.08 flt=0.00 dmap=+0/-0 shz=4.0 plan=15 cmd=(lx=+0.00,ly=+0.28,rx=+0.00)
  t= 42.6 ENG-F pos=(-2.99,+0.45) yaw=+148.2 d=3.12 goal_err=-24 carrot_err= -11 c0=0.63 clear=0.42 prog=0.26 rel=0.93 bal=-0.29 obs=229 hard=225 obsc=237 yr=  0  nz=0.07 flt=0.00 dmap=+0/-0 shz=4.0 plan=15 cmd=(lx=+0.00,ly=+0.28,rx=+0.00)
  t= 43.0 ENG-F pos=(-3.02,+0.47) yaw=+148.2 d=3.09 goal_err=-25 carrot_err= -11 c0=0.59 clear=0.40 prog=0.26 rel=0.92 bal=-0.18 obs=229 hard=225 obsc=237 yr=  0  nz=0.08 flt=0.01 dmap=+0/-0 shz=4.0 plan=15 cmd=(lx=+0.00,ly=+0.28,rx=+0.00)
  t= 43.5 ENG-F pos=(-3.05,+0.49) yaw=+148.2 d=3.06 goal_err=-25 carrot_err= -12 c0=0.56 clear=0.37 prog=0.26 rel=0.93 bal=-0.18 obs=233 hard=229 obsc=241 yr=  0  nz=0.07 flt=0.00 dmap=+0/-0 shz=4.0 plan=15 cmd=(lx=+0.00,ly=+0.28,rx=+0.00)
  t= 43.9 ENG-F pos=(-3.09,+0.51) yaw=+148.2 d=3.01 goal_err=-25 carrot_err= -13 c0=0.52 clear=0.34 prog=0.27 rel=0.94 bal=-0.17 obs=232 hard=228 obsc=240 yr=  0  nz=0.06 flt=0.00 dmap=+0/-0 shz=4.0 plan=15 cmd=(lx=+0.00,ly=+0.28,rx=+0.00)
  t= 44.3 ENG-AL. pos=(-3.12,+0.53) yaw=+148.2 d=2.98 goal_err=-26 carrot_err= -13 c0=0.48 clear=0.32 prog=0.27 rel=0.92 bal=-0.17 obs=231 hard=227 obsc=240 yr=  0  nz=0.08 flt=0.00 dmap=+0/-0 shz=4.0 plan=15 cmd=(lx=+0.00,ly=+0.00,rx=+0.00)
  t= 44.8 ENG-AL pos=(-3.13,+0.53) yaw=+146.6 d=2.97 goal_err=-24 carrot_err= -12 c0=0.91 clear=0.61 prog=0.23 rel=0.93 bal=-0.16 obs=230 hard=226 obsc=239 yr= 15G nz=0.07 flt=0.00 dmap=+0/-0 shz=4.0 plan=14 cmd=(lx=+0.00,ly=+0.00,rx=+0.45)
  t= 45.2 ENG-AL pos=(-3.13,+0.53) yaw=+143.4 d=2.97 goal_err=-21 carrot_err=  -8 c0=0.91 clear=0.61 prog=0.17 rel=0.77 bal=-0.12 obs=230 hard=226 obsc=238 yr=  0  nz=0.23 flt=0.01 dmap=+0/-0 shz=4.0 plan=14 cmd=(lx=+0.00,ly=+0.00,rx=+0.45)
  t= 45.6 ENG-GO pos=(-3.13,+0.53) yaw=+140.2 d=2.97 goal_err=-18 carrot_err=  -5 c0=0.91 clear=0.61 prog=0.11 rel=0.67 bal=-0.12 obs=230 hard=226 obsc=238 yr=  0  nz=0.33 flt=0.04 dmap=+0/-0 shz=4.0 plan=14 cmd=(lx=+0.00,ly=+0.28,rx=+0.00)
  t= 46.0 ENG-GO pos=(-3.16,+0.55) yaw=+140.2 d=2.94 goal_err=-18 carrot_err=  -5 c0=0.88 clear=0.59 prog=0.10 rel=0.70 bal=-0.12 obs=231 hard=226 obsc=239 yr=  0  nz=0.30 flt=0.00 dmap=+0/-0 shz=4.0 plan=14 cmd=(lx=+0.00,ly=+0.28,rx=+0.00)
  t= 46.4 ENG-GO pos=(-3.18,+0.57) yaw=+140.2 d=2.91 goal_err=-18 carrot_err=  -6 c0=0.85 clear=0.57 prog=0.11 rel=0.76 bal=-0.14 obs=230 hard=224 obsc=238 yr=  0  nz=0.24 flt=0.01 dmap=+0/-0 shz=4.0 plan=14 cmd=(lx=+0.00,ly=+0.28,rx=+0.00)
  t= 46.9 ENG-GO pos=(-3.20,+0.59) yaw=+140.2 d=2.88 goal_err=-18 carrot_err=  -6 c0=1.26 clear=0.84 prog=0.16 rel=0.95 bal=-0.14 obs=230 hard=226 obsc=239 yr=  0  nz=0.05 flt=0.01 dmap=+1/-1 shz=4.0 plan=14 cmd=(lx=+0.00,ly=+0.28,rx=+0.00)
  t= 47.3 ENG-GO pos=(-3.23,+0.62) yaw=+140.2 d=2.85 goal_err=-18 carrot_err=  -6 c0=1.23 clear=0.82 prog=0.22 rel=0.73 bal=-0.14 obs=231 hard=226 obsc=239 yr=  0  nz=0.27 flt=0.02 dmap=+0/-0 shz=4.0 plan=14 cmd=(lx=+0.00,ly=+0.28,rx=+0.00)
  t= 47.7 ENG-GO pos=(-3.25,+0.64) yaw=+140.2 d=2.82 goal_err=-19 carrot_err=  -6 c0=1.20 clear=0.80 prog=0.24 rel=0.71 bal=-0.15 obs=232 hard=227 obsc=241 yr=  0  nz=0.29 flt=0.00 dmap=+0/-0 shz=4.0 plan=14 cmd=(lx=+0.00,ly=+0.28,rx=+0.00)
  t= 48.1 ENG-GO pos=(-3.28,+0.65) yaw=+140.2 d=2.79 goal_err=-19 carrot_err=  -6 c0=1.18 clear=0.78 prog=0.23 rel=0.73 bal=-0.15 obs=233 hard=227 obsc=241 yr=  0  nz=0.27 flt=0.01 dmap=+1/-0 shz=4.0 plan=14 cmd=(lx=+0.00,ly=+0.28,rx=+0.00)
  t= 48.6 ENG-GO pos=(-3.30,+0.67) yaw=+140.2 d=2.77 goal_err=-19 carrot_err=  -7 c0=1.15 clear=0.77 prog=0.23 rel=0.95 bal=-0.15 obs=233 hard=227 obsc=242 yr=  0  nz=0.05 flt=0.02 dmap=+0/-0 shz=4.0 plan=14 cmd=(lx=+0.00,ly=+0.28,rx=+0.00)
  t= 49.0 ENG-GO pos=(-3.33,+0.70) yaw=+140.2 d=2.73 goal_err=-19 carrot_err=  -6 c0=1.12 clear=0.74 prog=0.23 rel=0.94 bal=-0.15 obs=236 hard=229 obsc=244 yr=  0  nz=0.06 flt=0.01 dmap=+0/-0 shz=4.0 plan=14 cmd=(lx=+0.00,ly=+0.28,rx=+0.00)
  t= 49.4 ENG-GO pos=(-3.35,+0.72) yaw=+140.2 d=2.70 goal_err=-20 carrot_err=  -7 c0=1.08 clear=0.72 prog=0.24 rel=0.94 bal=-0.14 obs=237 hard=229 obsc=245 yr=  0  nz=0.06 flt=0.00 dmap=+0/-0 shz=4.0 plan=12 cmd=(lx=+0.00,ly=+0.28,rx=+0.00)
  t= 49.8 ENG-GO pos=(-3.38,+0.74) yaw=+140.2 d=2.66 goal_err=-20 carrot_err=  -7 c0=1.12 clear=0.74 prog=0.25 rel=0.94 bal=-0.13 obs=236 hard=230 obsc=245 yr=  0  nz=0.06 flt=0.01 dmap=+0/-0 shz=4.0 plan=12 cmd=(lx=+0.00,ly=+0.28,rx=+0.00)
  t= 50.3 ENG-GO pos=(-3.42,+0.77) yaw=+140.2 d=2.62 goal_err=-20 carrot_err=  -7 c0=1.07 clear=0.71 prog=0.28 rel=0.94 bal=-0.12 obs=232 hard=230 obsc=243 yr=  0  nz=0.06 flt=0.01 dmap=+0/-0 shz=4.0 plan=12 cmd=(lx=+0.00,ly=+0.28,rx=+0.00)
  t= 50.7 ENG-GO pos=(-3.44,+0.79) yaw=+140.2 d=2.60 goal_err=-20 carrot_err=  -8 c0=1.05 clear=0.70 prog=0.25 rel=0.94 bal=-0.00 obs=232 hard=228 obsc=240 yr=  0  nz=0.06 flt=0.00 dmap=+0/-0 shz=4.0 plan=12 cmd=(lx=+0.00,ly=+0.28,rx=+0.00)
  t= 51.1 ENG-GO pos=(-3.47,+0.82) yaw=+140.2 d=2.55 goal_err=-21 carrot_err=  -8 c0=1.00 clear=0.67 prog=0.28 rel=0.94 bal=+0.00 obs=234 hard=230 obsc=242 yr=  0  nz=0.06 flt=0.00 dmap=+0/-0 shz=4.0 plan=12 cmd=(lx=+0.00,ly=+0.28,rx=+0.00)
  t= 51.5 ENG-GO pos=(-3.49,+0.83) yaw=+140.2 d=2.53 goal_err=-21 carrot_err=  -8 c0=0.98 clear=0.65 prog=0.26 rel=0.92 bal=+0.01 obs=232 hard=226 obsc=240 yr=  0  nz=0.08 flt=0.00 dmap=+0/-0 shz=4.0 plan=12 cmd=(lx=+0.00,ly=+0.28,rx=+0.00)
  t= 52.0 ENG-GO pos=(-3.52,+0.86) yaw=+140.2 d=2.50 goal_err=-21 carrot_err=  -9 c0=0.94 clear=0.63 prog=0.25 rel=0.92 bal=+0.01 obs=232 hard=226 obsc=241 yr=  0  nz=0.08 flt=0.01 dmap=+0/-0 shz=4.0 plan=12 cmd=(lx=+0.00,ly=+0.28,rx=+0.00)
  t= 52.4 ENG-GO pos=(-3.56,+0.89) yaw=+140.2 d=2.45 goal_err=-22 carrot_err=  -8 c0=0.90 clear=0.60 prog=0.28 rel=0.92 bal=+0.07 obs=232 hard=226 obsc=241 yr=  0  nz=0.08 flt=0.03 dmap=+0/-0 shz=4.0 plan=12 cmd=(lx=+0.00,ly=+0.28,rx=+0.00)
  t= 52.8 ENG-GO pos=(-3.58,+0.91) yaw=+140.2 d=2.42 goal_err=-22 carrot_err=  -8 c0=0.87 clear=0.58 prog=0.28 rel=0.92 bal=+0.06 obs=232 hard=228 obsc=241 yr=  0  nz=0.08 flt=0.00 dmap=+0/-0 shz=4.0 plan=12 cmd=(lx=+0.00,ly=+0.28,rx=+0.00)
  t= 53.2 ENG-GO pos=(-3.61,+0.93) yaw=+140.2 d=2.39 goal_err=-22 carrot_err=  -9 c0=0.83 clear=0.56 prog=0.26 rel=0.93 bal=-0.19 obs=230 hard=228 obsc=240 yr=  0  nz=0.07 flt=0.00 dmap=+0/-1 shz=3.9 plan=12 cmd=(lx=+0.00,ly=+0.28,rx=+0.00)
  t= 53.7 ENG-GO pos=(-3.64,+0.96) yaw=+140.2 d=2.35 goal_err=-23 carrot_err=  -9 c0=0.80 clear=0.53 prog=0.28 rel=0.93 bal=-0.20 obs=230 hard=226 obsc=239 yr=  0  nz=0.07 flt=0.00 dmap=+0/-0 shz=4.0 plan=12 cmd=(lx=+0.00,ly=+0.28,rx=+0.00)
  t= 54.1 ENG-GO pos=(-3.67,+0.98) yaw=+140.2 d=2.32 goal_err=-23 carrot_err= -10 c0=0.77 clear=0.51 prog=0.26 rel=0.93 bal=-0.20 obs=231 hard=227 obsc=240 yr=  0  nz=0.07 flt=0.00 dmap=+0/-0 shz=4.0 plan=11 cmd=(lx=+0.00,ly=+0.28,rx=+0.00)
  t= 54.5 ENG-GO pos=(-3.69,+1.00) yaw=+140.2 d=2.29 goal_err=-23 carrot_err= -10 c0=0.73 clear=0.49 prog=0.26 rel=0.93 bal=-0.20 obs=231 hard=228 obsc=241 yr=  0  nz=0.07 flt=0.04 dmap=+2/-1 shz=3.9 plan=11 cmd=(lx=+0.00,ly=+0.28,rx=+0.00)
  t= 54.9 ENG-GO pos=(-3.72,+1.02) yaw=+140.2 d=2.25 goal_err=-24 carrot_err= -10 c0=0.78 clear=0.52 prog=0.26 rel=0.93 bal=-0.20 obs=231 hard=228 obsc=240 yr=  0  nz=0.07 flt=0.00 dmap=+0/-0 shz=4.0 plan=11 cmd=(lx=+0.00,ly=+0.28,rx=+0.00)
  t= 55.4 ENG-GO pos=(-3.75,+1.05) yaw=+140.2 d=2.22 goal_err=-24 carrot_err= -11 c0=0.74 clear=0.49 prog=0.26 rel=0.95 bal=-0.20 obs=231 hard=228 obsc=240 yr=  0  nz=0.04 flt=0.01 dmap=+0/-0 shz=3.9 plan=11 cmd=(lx=+0.00,ly=+0.28,rx=+0.00)
  t= 55.8 ENG-GO pos=(-3.78,+1.07) yaw=+140.2 d=2.19 goal_err=-24 carrot_err= -10 c0=0.71 clear=0.47 prog=0.26 rel=0.96 bal=-0.15 obs=231 hard=228 obsc=241 yr=  0  nz=0.04 flt=0.01 dmap=+0/-0 shz=4.0 plan=11 cmd=(lx=+0.00,ly=+0.28,rx=+0.00)
  t= 56.2 ENG-GO pos=(-3.80,+1.09) yaw=+140.2 d=2.16 goal_err=-25 carrot_err= -10 c0=0.67 clear=0.45 prog=0.26 rel=0.95 bal=-0.14 obs=232 hard=228 obsc=241 yr=  0  nz=0.05 flt=0.01 dmap=+0/-0 shz=4.0 plan=11 cmd=(lx=+0.00,ly=+0.28,rx=+0.00)
  t= 56.6 ENG-GO pos=(-3.83,+1.12) yaw=+140.2 d=2.12 goal_err=-25 carrot_err= -10 c0=0.64 clear=0.42 prog=0.26 rel=0.93 bal=-0.13 obs=232 hard=228 obsc=242 yr=  0  nz=0.07 flt=0.01 dmap=+0/-0 shz=4.0 plan=11 cmd=(lx=+0.00,ly=+0.28,rx=+0.00)
  t= 57.1 ENG-GO pos=(-3.86,+1.14) yaw=+140.2 d=2.09 goal_err=-26 carrot_err= -11 c0=0.60 clear=0.40 prog=0.26 rel=0.92 bal=-0.12 obs=233 hard=229 obsc=242 yr=  0  nz=0.08 flt=0.01 dmap=+0/-0 shz=4.0 plan=11 cmd=(lx=+0.00,ly=+0.28,rx=+0.00)
  t= 57.5 ENG-GO pos=(-3.89,+1.17) yaw=+140.2 d=2.05 goal_err=-26 carrot_err= -12 c0=0.56 clear=0.37 prog=0.27 rel=0.93 bal=-0.09 obs=233 hard=230 obsc=243 yr=  0  nz=0.07 flt=0.01 dmap=+1/-1 shz=4.0 plan=10 cmd=(lx=+0.00,ly=+0.28,rx=+0.00)
  t= 57.9 ENG-GO pos=(-3.92,+1.19) yaw=+140.2 d=2.02 goal_err=-27 carrot_err= -12 c0=0.52 clear=0.35 prog=0.27 rel=0.92 bal=-0.09 obs=232 hard=230 obsc=242 yr=  0  nz=0.08 flt=0.01 dmap=+0/-0 shz=4.0 plan=10 cmd=(lx=+0.00,ly=+0.28,rx=+0.00)
  t= 58.3 ENG-GO pos=(-3.95,+1.21) yaw=+140.2 d=1.99 goal_err=-27 carrot_err= -13 c0=0.49 clear=0.33 prog=0.27 rel=0.92 bal=-0.10 obs=232 hard=229 obsc=242 yr=  0  nz=0.08 flt=0.00 dmap=+0/-0 shz=4.0 plan=10 cmd=(lx=+0.00,ly=+0.28,rx=+0.00)
  t= 58.8 ENG-GO pos=(-3.98,+1.24) yaw=+140.2 d=1.95 goal_err=-28 carrot_err= -26 c0=0.45 clear=0.30 prog=0.27 rel=0.92 bal=-0.11 obs=231 hard=228 obsc=241 yr=  0  nz=0.08 flt=0.00 dmap=+0/-1 shz=4.0 plan=10 cmd=(lx=+0.00,ly=+0.28,rx=+0.00)
  t= 59.2 ENG-GO pos=(-4.00,+1.26) yaw=+140.2 d=1.93 goal_err=-28 carrot_err= -22 c0=0.43 clear=0.28 prog=0.25 rel=0.92 bal=-0.12 obs=232 hard=228 obsc=242 yr=  0  nz=0.08 flt=0.01 dmap=+0/-0 shz=4.0 plan=10 cmd=(lx=+0.00,ly=+0.28,rx=+0.00)
  t= 59.6 ENG-GO pos=(-4.02,+1.27) yaw=+140.2 d=1.91 goal_err=-28 carrot_err= -23 c0=0.40 clear=0.27 prog=0.22 rel=0.93 bal=-0.12 obs=233 hard=230 obsc=242 yr=  0  nz=0.07 flt=0.00 dmap=+0/-0 shz=4.0 plan=10 cmd=(lx=+0.00,ly=+0.28,rx=+0.00)
  t= 60.0 ENG-GO pos=(-4.04,+1.29) yaw=+140.2 d=1.89 goal_err=-29 carrot_err= -23 c0=0.38 clear=0.26 prog=0.20 rel=0.93 bal=-0.13 obs=232 hard=229 obsc=241 yr=  0  nz=0.07 flt=0.01 dmap=+0/-1 shz=4.0 plan=10 cmd=(lx=+0.00,ly=+0.28,rx=+0.00)
  t= 60.5 ENG-GO pos=(-4.05,+1.30) yaw=+140.2 d=1.87 goal_err=-29 carrot_err= -29 c0=0.36 clear=0.24 prog=0.18 rel=0.95 bal=-0.13 obs=232 hard=228 obsc=241 yr=  0  nz=0.05 flt=0.01 dmap=+1/-0 shz=4.0 plan=9 cmd=(lx=+0.00,ly=+0.28,rx=+0.00)
  t= 60.9 ENG-GO pos=(-4.07,+1.32) yaw=+140.2 d=1.84 goal_err=-29 carrot_err= -30 c0=0.60 clear=0.40 prog=0.17 rel=0.87 bal=-0.14 obs=231 hard=228 obsc=241 yr=  0  nz=0.13 flt=0.01 dmap=+0/-0 shz=4.0 plan=9 cmd=(lx=+0.00,ly=+0.28,rx=+0.00)
  t= 61.3 ENG-GO pos=(-4.10,+1.34) yaw=+140.2 d=1.81 goal_err=-30 carrot_err= -31 c0=0.57 clear=0.38 prog=0.18 rel=0.84 bal=-0.15 obs=232 hard=227 obsc=241 yr=  0  nz=0.16 flt=0.00 dmap=+1/-0 shz=4.0 plan=9 cmd=(lx=+0.00,ly=+0.28,rx=+0.00)
  t= 61.7 ENG-GO pos=(-4.12,+1.36) yaw=+140.2 d=1.79 goal_err=-30 carrot_err= -32 c0=0.54 clear=0.36 prog=0.19 rel=0.83 bal=-0.22 obs=233 hard=229 obsc=242 yr=  0  nz=0.17 flt=0.01 dmap=+1/-0 shz=4.0 plan=9 cmd=(lx=+0.00,ly=+0.28,rx=+0.00)
  t= 62.2 ENG-GO pos=(-4.14,+1.37) yaw=+140.2 d=1.77 goal_err=-31 carrot_err= -12 c0=0.51 clear=0.34 prog=0.19 rel=0.95 bal=-0.22 obs=232 hard=228 obsc=240 yr=  0  nz=0.05 flt=0.01 dmap=+0/-0 shz=4.0 plan=9 cmd=(lx=+0.00,ly=+0.28,rx=+0.00)
  t= 62.6 ENG-GO pos=(-4.16,+1.39) yaw=+140.2 d=1.74 goal_err=-31 carrot_err= -12 c0=0.48 clear=0.32 prog=0.20 rel=0.94 bal=-0.26 obs=233 hard=230 obsc=242 yr=  0  nz=0.06 flt=0.01 dmap=+0/-0 shz=4.0 plan=9 cmd=(lx=+0.00,ly=+0.28,rx=+0.00)
  t= 63.0 ENG-GO pos=(-4.18,+1.41) yaw=+140.2 d=1.72 goal_err=-32 carrot_err= -12 c0=0.46 clear=0.30 prog=0.19 rel=0.94 bal=-0.27 obs=236 hard=230 obsc=243 yr=  0  nz=0.06 flt=0.00 dmap=+2/-0 shz=4.0 plan=9 cmd=(lx=+0.00,ly=+0.28,rx=+0.00)
  t= 63.4 ENG-GO pos=(-4.20,+1.43) yaw=+140.2 d=1.70 goal_err=-32 carrot_err= -12 c0=0.44 clear=0.29 prog=0.18 rel=0.95 bal=-0.27 obs=237 hard=231 obsc=244 yr=  0  nz=0.05 flt=0.00 dmap=+0/-0 shz=4.0 plan=9 cmd=(lx=+0.00,ly=+0.28,rx=+0.00)
  t= 63.9 ENG-GO pos=(-4.22,+1.44) yaw=+140.2 d=1.68 goal_err=-33 carrot_err= -13 c0=0.41 clear=0.28 prog=0.18 rel=0.94 bal=-0.28 obs=238 hard=232 obsc=245 yr=  0  nz=0.06 flt=0.00 dmap=+0/-0 shz=4.0 plan=9 cmd=(lx=+0.00,ly=+0.28,rx=+0.00)
  t= 64.3 ENG-GO pos=(-4.24,+1.46) yaw=+140.2 d=1.65 goal_err=-33 carrot_err= -13 c0=0.38 clear=0.26 prog=0.18 rel=0.95 bal=-0.28 obs=239 hard=235 obsc=246 yr=  0  nz=0.05 flt=0.01 dmap=+1/-1 shz=4.0 plan=9 cmd=(lx=+0.00,ly=+0.28,rx=+0.00)
  t= 64.7 ENG-GO pos=(-4.26,+1.48) yaw=+140.2 d=1.63 goal_err=-34 carrot_err= -14 c0=0.36 clear=0.24 prog=0.17 rel=0.94 bal=-0.28 obs=240 hard=233 obsc=248 yr=  0  nz=0.06 flt=0.00 dmap=+0/-0 shz=4.0 plan=9 cmd=(lx=+0.00,ly=+0.28,rx=+0.00)
  t= 65.1 ENG-GO pos=(-4.28,+1.49) yaw=+140.2 d=1.61 goal_err=-34 carrot_err= -14 c0=0.34 clear=0.23 prog=0.17 rel=0.95 bal=-0.29 obs=237 hard=231 obsc=244 yr=  0  nz=0.05 flt=0.01 dmap=+0/-0 shz=4.0 plan=9 cmd=(lx=+0.00,ly=+0.28,rx=+0.00)
  t= 65.6 ENG-GO pos=(-4.30,+1.51) yaw=+140.2 d=1.59 goal_err=-34 carrot_err= -14 c0=0.32 clear=0.21 prog=0.17 rel=0.95 bal=-0.17 obs=238 hard=233 obsc=246 yr=  0  nz=0.05 flt=0.00 dmap=+1/-1 shz=4.0 plan=9 cmd=(lx=+0.00,ly=+0.28,rx=+0.00)
  t= 66.0 ENG-GO pos=(-4.30,+1.52) yaw=+140.3 d=1.58 goal_err=-34 carrot_err= -14 c0=0.95 clear=0.63 prog=0.15 rel=0.95 bal=-0.16 obs=236 hard=233 obsc=244 yr=  0  nz=0.05 flt=0.02 dmap=+0/-0 shz=4.0 plan=9 cmd=(lx=+0.00,ly=+0.28,rx=+0.00)
  t= 66.4 ENG-GO pos=(-4.31,+1.54) yaw=+140.4 d=1.56 goal_err=-35 carrot_err= -14 c0=0.74 clear=0.49 prog=0.15 rel=0.70 bal=-0.16 obs=238 hard=234 obsc=246 yr=  0  nz=0.30 flt=0.00 dmap=+0/-0 shz=4.0 plan=9 cmd=(lx=+0.00,ly=+0.28,rx=+0.00)
  t= 66.8 ENG-GO pos=(-4.33,+1.56) yaw=+140.4 d=1.53 goal_err=-35 carrot_err= -33 c0=0.71 clear=0.47 prog=0.16 rel=0.68 bal=-0.76 obs=238 hard=233 obsc=245 yr=  0  nz=0.32 flt=0.01 dmap=+0/-0 shz=4.0 plan=8 cmd=(lx=+0.00,ly=+0.28,rx=+0.00)
  t= 67.2 ENG-GO pos=(-4.36,+1.58) yaw=+140.4 d=1.51 goal_err=-36 carrot_err= -34 c0=0.68 clear=0.46 prog=0.16 rel=0.71 bal=-0.76 obs=238 hard=233 obsc=246 yr=  0  nz=0.29 flt=0.00 dmap=+0/-0 shz=4.0 plan=8 cmd=(lx=+0.00,ly=+0.28,rx=+0.00)
  t= 67.7 ENG-GO pos=(-4.38,+1.59) yaw=+140.4 d=1.49 goal_err=-37 carrot_err= -35 c0=0.66 clear=0.44 prog=0.17 rel=0.94 bal=-0.81 obs=239 hard=233 obsc=246 yr=  0  nz=0.06 flt=0.00 dmap=+0/-0 shz=4.0 plan=8 cmd=(lx=+0.00,ly=+0.28,rx=+0.00)
  t= 68.1 ENG-GO pos=(-4.40,+1.61) yaw=+140.4 d=1.47 goal_err=-37 carrot_err= -36 c0=0.63 clear=0.42 prog=0.18 rel=0.94 bal=-0.82 obs=237 hard=232 obsc=244 yr=  0  nz=0.06 flt=0.01 dmap=+0/-0 shz=4.0 plan=8 cmd=(lx=+0.00,ly=+0.28,rx=+0.00)
  t= 68.5 ENG-GO pos=(-4.40,+1.63) yaw=+140.4 d=1.45 goal_err=-37 carrot_err= -36 c0=0.62 clear=0.41 prog=0.17 rel=0.94 bal=-0.81 obs=240 hard=235 obsc=247 yr=  0  nz=0.06 flt=0.00 dmap=+1/-0 shz=4.0 plan=8 cmd=(lx=+0.00,ly=+0.28,rx=+0.00)
  t= 68.9 ENG-GO pos=(-4.43,+1.65) yaw=+140.4 d=1.42 goal_err=-38 carrot_err= -38 c0=0.59 clear=0.39 prog=0.18 rel=0.94 bal=-0.88 obs=239 hard=235 obsc=246 yr=  0  nz=0.06 flt=0.00 dmap=+0/-0 shz=4.0 plan=8 cmd=(lx=+0.00,ly=+0.28,rx=+0.00)
  t= 69.4 ENG-GO pos=(-4.45,+1.67) yaw=+140.4 d=1.40 goal_err=-39 carrot_err= -39 c0=0.92 clear=0.61 prog=0.17 rel=0.78 bal=-0.89 obs=239 hard=234 obsc=246 yr=  0  nz=0.22 flt=0.00 dmap=+0/-0 shz=4.0 plan=8 cmd=(lx=+0.00,ly=+0.28,rx=+0.00)
  t= 69.8 ENG-GO pos=(-4.47,+1.69) yaw=+140.4 d=1.38 goal_err=-40 carrot_err= -40 c0=0.89 clear=0.59 prog=0.17 rel=0.76 bal=-0.90 obs=237 hard=234 obsc=245 yr=  0  nz=0.24 flt=0.01 dmap=+0/-1 shz=4.0 plan=8 cmd=(lx=+0.00,ly=+0.28,rx=+0.00)
  t= 70.2 ENG-GO pos=(-4.49,+1.70) yaw=+140.4 d=1.36 goal_err=-40 carrot_err= -44 c0=0.86 clear=0.58 prog=0.18 rel=0.81 bal=-0.90 obs=237 hard=233 obsc=244 yr=  0  nz=0.19 flt=0.00 dmap=+0/-0 shz=4.0 plan=8 cmd=(lx=+0.00,ly=+0.28,rx=+0.00)
  [META2-DOOR] Door_Direct: CRUZADA (cols=0) -> Pl=1.00
  t= 70.6 DOOR-AL pos=(-4.50,+1.72) yaw=+140.5 d=1.34 goal_err=-40 carrot_err= -44 c0=0.85 clear=0.57 prog=0.16 rel=0.94 bal=-0.78 obs=237 hard=233 obsc=244 yr=  0G nz=0.06 flt=0.00 dmap=+0/-0 shz=4.0 plan=8 cmd=(lx=+0.00,ly=+0.00,rx=+0.45)
  t= 71.1 DOOR-AL pos=(-4.49,+1.72) yaw=+134.1 d=1.34 goal_err=-34 carrot_err= -37 c0=0.85 clear=0.57 prog=0.12 rel=0.95 bal=-0.72 obs=238 hard=234 obsc=245 yr= 15G nz=0.04 flt=0.04 dmap=+0/-0 shz=4.0 plan=8 cmd=(lx=+0.00,ly=+0.00,rx=+0.45)
  t= 71.5 DOOR-AL. pos=(-4.49,+1.72) yaw=+129.3 d=1.34 goal_err=-29 carrot_err= -32 c0=0.85 clear=0.57 prog=0.09 rel=0.97 bal=-0.62 obs=239 hard=235 obsc=246 yr=  0  nz=0.03 flt=0.05 dmap=+0/-0 shz=4.0 plan=8 cmd=(lx=+0.00,ly=+0.00,rx=+0.00)

  COLISION #1 [odom] en (-4.49,+1.72) -> marco y recupero.
  t= 71.9 R-TURN pos=(-4.49,+1.72) yaw=+126.1 d=1.34 goal_err=-26 carrot_err= -29 c0=0.30 clear=0.20 prog=0.05 rel=0.70 bal=-0.63 obs=244 hard=239 obsc=247 yr= 15G nz=0.30 flt=0.09 dmap=+0/-0 shz=4.0 plan=0 cmd=(lx=+0.00,ly=+0.00,rx=+0.45)
  t= 72.3 R-TURN pos=(-4.49,+1.72) yaw=+119.7 d=1.34 goal_err=-20 carrot_err= -23 c0=0.30 clear=0.20 prog=0.01 rel=0.62 bal=-0.54 obs=244 hard=239 obsc=247 yr= 15G nz=0.38 flt=0.20 dmap=+0/-0 shz=4.0 plan=0 cmd=(lx=+0.00,ly=+0.00,rx=+0.45)
  t= 72.8 R-TURN pos=(-4.49,+1.72) yaw=+113.3 d=1.34 goal_err=-13 carrot_err= -16 c0=0.30 clear=0.20 prog=0.00 rel=0.58 bal=-0.16 obs=244 hard=239 obsc=247 yr= 15G nz=0.42 flt=0.06 dmap=+0/-0 shz=4.0 plan=0 cmd=(lx=+0.00,ly=+0.00,rx=+0.45)
  t= 73.2 DOOR-GO pos=(-4.48,+1.73) yaw=+107.0 d=1.34 goal_err=-6 carrot_err=  -9 c0=0.30 clear=0.20 prog=0.01 rel=0.69 bal=-0.15 obs=250 hard=243 obsc=257 yr= 15  nz=0.31 flt=0.05 dmap=+0/-0 shz=4.0 plan=7 cmd=(lx=+0.00,ly=+0.28,rx=+0.00)
  t= 73.6 DOOR-GO pos=(-4.49,+1.76) yaw=+107.0 d=1.31 goal_err=-6 carrot_err=  -9 c0=0.27 clear=0.18 prog=0.06 rel=0.98 bal=-0.15 obs=250 hard=242 obsc=255 yr=  0  nz=0.02 flt=0.01 dmap=+0/-0 shz=4.0 plan=7 cmd=(lx=+0.00,ly=+0.28,rx=+0.00)
  t= 74.0 STOP  pos=(-4.49,+1.77) yaw=+107.0 d=1.29 goal_err=-6 carrot_err=  -9 c0=0.25 clear=0.17 prog=0.09 rel=0.96 bal=-0.15 obs=251 hard=245 obsc=256 yr=  0  nz=0.04 flt=0.01 dmap=+0/-1 shz=4.0 plan=7 cmd=(lx=+0.00,ly=+0.00,rx=+0.00)
  t= 74.5 STOP  pos=(-4.49,+1.77) yaw=+107.0 d=1.29 goal_err=-6 carrot_err=  -9 c0=0.25 clear=0.17 prog=0.09 rel=0.96 bal=-0.15 obs=251 hard=245 obsc=256 yr=  0  nz=0.04 flt=0.01 dmap=+0/-0 shz=4.0 plan=7 cmd=(lx=+0.00,ly=+0.00,rx=+0.00)
  t= 74.9 STOP  pos=(-4.49,+1.77) yaw=+107.0 d=1.29 goal_err=-6 carrot_err=  -9 c0=0.25 clear=0.17 prog=0.09 rel=0.96 bal=-0.15 obs=251 hard=245 obsc=256 yr=  0  nz=0.04 flt=0.01 dmap=+0/-0 shz=4.0 plan=7 cmd=(lx=+0.00,ly=+0.00,rx=+0.00)
  t= 75.3 BRK-TR pos=(-4.49,+1.77) yaw=+107.0 d=1.29 goal_err=-6 carrot_err=  -9 c0=0.25 clear=0.17 prog=0.06 rel=0.96 bal=-0.15 obs=251 hard=245 obsc=256 yr=  0G nz=0.04 flt=0.01 dmap=+0/-0 shz=4.0 plan=0 cmd=(lx=+0.00,ly=+0.00,rx=+0.45)
  t= 75.7 BRK-TR pos=(-4.49,+1.77) yaw=+101.0 d=1.29 goal_err=-0 carrot_err=  -3 c0=0.25 clear=0.17 prog=0.01 rel=1.00 bal=-0.15 obs=252 hard=246 obsc=257 yr= 14G nz=0.00 flt=0.26 dmap=+0/-0 shz=3.7 plan=0 cmd=(lx=+0.00,ly=+0.00,rx=+0.45)
  t= 76.2 BRK-TR pos=(-4.49,+1.77) yaw= +95.1 d=1.29 goal_err=+6 carrot_err=  +2 c0=0.25 clear=0.17 prog=0.00 rel=1.00 bal=-0.15 obs=252 hard=246 obsc=257 yr= 14G nz=0.00 flt=0.04 dmap=+0/-0 shz=3.7 plan=0 cmd=(lx=+0.00,ly=+0.00,rx=+0.45)
  t= 76.6 BRK-TR pos=(-4.49,+1.77) yaw= +89.1 d=1.29 goal_err=+12 carrot_err=  +8 c0=1.65 clear=1.00 prog=0.00 rel=0.99 bal=-0.11 obs=252 hard=246 obsc=257 yr= 14G nz=0.01 flt=0.00 dmap=+0/-0 shz=3.7 plan=0 cmd=(lx=+0.00,ly=+0.00,rx=+0.45)
  t= 77.0 BRK-TR pos=(-4.49,+1.77) yaw= +83.1 d=1.29 goal_err=+18 carrot_err= +14 c0=1.65 clear=1.00 prog=0.00 rel=0.00 bal=-0.11 obs=252 hard=246 obsc=257 yr= 14G nz=1.00 flt=0.18 dmap=+0/-0 shz=3.7 plan=0 cmd=(lx=+0.00,ly=+0.00,rx=+0.45)
  t= 77.4 BRK-TR pos=(-4.49,+1.77) yaw= +77.2 d=1.29 goal_err=+24 carrot_err= +20 c0=1.65 clear=1.00 prog=0.00 rel=0.00 bal=-0.19 obs=252 hard=246 obsc=257 yr= 14G nz=1.00 flt=0.11 dmap=+0/-0 shz=3.7 plan=0 cmd=(lx=+0.00,ly=+0.00,rx=+0.45)
  t= 77.9 STOP  pos=(-4.49,+1.77) yaw= +72.7 d=1.29 goal_err=+28 carrot_err= +25 c0=1.36 clear=0.91 prog=0.00 rel=0.04 bal=-0.19 obs=244 hard=240 obsc=250 yr=  0  nz=0.96 flt=0.00 dmap=+0/-8 shz=3.7 plan=7 cmd=(lx=+0.00,ly=+0.00,rx=+0.00)
  t= 78.3 STOP  pos=(-4.49,+1.77) yaw= +72.7 d=1.29 goal_err=+28 carrot_err= +25 c0=1.36 clear=0.91 prog=0.00 rel=0.26 bal=-0.19 obs=244 hard=240 obsc=250 yr=  0  nz=0.74 flt=0.00 dmap=+0/-0 shz=3.7 plan=7 cmd=(lx=+0.00,ly=+0.00,rx=+0.00)
  t= 78.7 STOP  pos=(-4.49,+1.77) yaw= +72.7 d=1.29 goal_err=+28 carrot_err= +25 c0=1.36 clear=0.91 prog=0.00 rel=0.26 bal=-0.19 obs=244 hard=240 obsc=250 yr=  0  nz=0.74 flt=0.00 dmap=+0/-0 shz=3.7 plan=7 cmd=(lx=+0.00,ly=+0.00,rx=+0.00)
  t= 79.1 BRK-TR pos=(-4.49,+1.77) yaw= +72.7 d=1.29 goal_err=+28 carrot_err= +25 c0=1.36 clear=0.91 prog=0.00 rel=0.26 bal=-0.19 obs=244 hard=240 obsc=250 yr=  0G nz=0.74 flt=0.00 dmap=+0/-0 shz=3.7 plan=0 cmd=(lx=+0.00,ly=+0.00,rx=+0.45)
  t= 79.6 BRK-TR pos=(-4.49,+1.77) yaw= +66.8 d=1.29 goal_err=+34 carrot_err= +31 c0=1.21 clear=0.81 prog=0.00 rel=1.00 bal=-0.19 obs=244 hard=240 obsc=250 yr= 14G nz=0.00 flt=0.07 dmap=+0/-0 shz=3.4 plan=0 cmd=(lx=+0.00,ly=+0.00,rx=+0.45)
  t= 80.0 BRK-TR pos=(-4.49,+1.77) yaw= +60.8 d=1.29 goal_err=+40 carrot_err= +37 c0=1.21 clear=0.81 prog=0.00 rel=0.90 bal=-0.19 obs=244 hard=240 obsc=250 yr= 14G nz=0.10 flt=0.04 dmap=+0/-0 shz=3.4 plan=0 cmd=(lx=+0.00,ly=+0.00,rx=+0.45)
  t= 80.4 BRK-TR pos=(-4.49,+1.77) yaw= +54.8 d=1.29 goal_err=+46 carrot_err= +43 c0=0.81 clear=0.54 prog=0.00 rel=0.86 bal=-0.29 obs=244 hard=240 obsc=250 yr= 14G nz=0.14 flt=0.09 dmap=+0/-0 shz=3.4 plan=0 cmd=(lx=+0.00,ly=+0.00,rx=+0.45)
  t= 80.8 BRK-TR pos=(-4.49,+1.77) yaw= +48.9 d=1.29 goal_err=+52 carrot_err= +49 c0=0.54 clear=0.36 prog=0.00 rel=0.69 bal=-0.29 obs=244 hard=240 obsc=250 yr= 14G nz=0.32 flt=0.00 dmap=+0/-0 shz=3.4 plan=0 cmd=(lx=+0.00,ly=+0.00,rx=+0.45)
  t= 81.3 BRK-TR pos=(-4.49,+1.77) yaw= +42.9 d=1.29 goal_err=+58 carrot_err= +55 c0=0.54 clear=0.36 prog=0.00 rel=0.59 bal=-0.29 obs=244 hard=240 obsc=250 yr= 14G nz=0.41 flt=0.07 dmap=+0/-0 shz=3.4 plan=0 cmd=(lx=+0.00,ly=+0.00,rx=+0.45)
  t= 81.7 DWA-F pos=(-4.49,+1.77) yaw= +37.0 d=1.29 goal_err=+64 carrot_err= +61 c0=0.54 clear=0.36 prog=0.00 rel=0.61 bal=-0.43 obs=244 hard=240 obsc=250 yr= 14G nz=0.39 flt=0.07 dmap=+0/-0 shz=3.4 plan=7 cmd=(lx=+0.00,ly=+0.40,rx=+0.45)
  t= 82.1 DWA-F pos=(-4.47,+1.79) yaw= +31.0 d=1.28 goal_err=+71 carrot_err= +68 c0=0.51 clear=0.34 prog=0.02 rel=0.81 bal=+0.28 obs=244 hard=240 obsc=250 yr=  0G nz=0.19 flt=0.02 dmap=+0/-0 shz=3.4 plan=7 cmd=(lx=+0.00,ly=+0.28,rx=+0.45)
  t= 82.5 DWA-F pos=(-4.44,+1.80) yaw= +28.0 d=1.27 goal_err=+75 carrot_err= +73 c0=0.48 clear=0.32 prog=0.03 rel=0.97 bal=+0.29 obs=244 hard=240 obsc=250 yr= 14G nz=0.03 flt=0.04 dmap=+0/-0 shz=3.4 plan=7 cmd=(lx=+0.00,ly=+0.28,rx=+0.45)
  t= 83.0 DWA-F pos=(-4.41,+1.82) yaw= +26.5 d=1.26 goal_err=+78 carrot_err= +77 c0=0.45 clear=0.30 prog=0.05 rel=0.96 bal=+0.31 obs=245 hard=241 obsc=251 yr= 14G nz=0.04 flt=0.02 dmap=+0/-0 shz=3.4 plan=7 cmd=(lx=+0.00,ly=+0.28,rx=+0.45)
  t= 83.4 DWA-F pos=(-4.39,+1.83) yaw= +29.5 d=1.26 goal_err=+76 carrot_err= +76 c0=0.42 clear=0.28 prog=0.06 rel=0.94 bal=+0.32 obs=246 hard=242 obsc=252 yr= 14G nz=0.06 flt=0.23 dmap=+1/-0 shz=3.4 plan=7 cmd=(lx=+0.00,ly=+0.28,rx=-0.45)
  t= 83.8 DWA-F pos=(-4.37,+1.84) yaw= +34.0 d=1.25 goal_err=+73 carrot_err= +73 c0=0.41 clear=0.27 prog=0.05 rel=0.95 bal=+0.62 obs=246 hard=242 obsc=252 yr= 14G nz=0.05 flt=0.00 dmap=+0/-0 shz=3.4 plan=7 cmd=(lx=+0.00,ly=+0.28,rx=-0.45)
  t= 84.2 STOP  pos=(-4.36,+1.85) yaw= +38.5 d=1.25 goal_err=+69 carrot_err= +69 c0=0.39 clear=0.26 prog=0.04 rel=0.95 bal=+0.63 obs=237 hard=233 obsc=245 yr=  0  nz=0.05 flt=0.06 dmap=+0/-0 shz=3.4 plan=7 cmd=(lx=+0.00,ly=+0.00,rx=+0.00)
  t= 84.7 STOP  pos=(-4.36,+1.85) yaw= +38.5 d=1.25 goal_err=+69 carrot_err= +69 c0=0.39 clear=0.26 prog=0.03 rel=0.96 bal=+0.63 obs=230 hard=226 obsc=237 yr=  0  nz=0.04 flt=0.06 dmap=+0/-0 shz=3.4 plan=7 cmd=(lx=+0.00,ly=+0.00,rx=+0.00)

  COLISION #2 [odom] en (-4.36,+1.85) -> marco y recupero.
  t= 85.1 R-TURN pos=(-4.36,+1.85) yaw= +38.5 d=1.25 goal_err=+69 carrot_err= +69 c0=0.39 clear=0.26 prog=0.02 rel=0.96 bal=+0.63 obs=230 hard=226 obsc=237 yr=  0  nz=0.04 flt=0.06 dmap=+0/-0 shz=3.4 plan=0 cmd=(lx=+0.00,ly=+0.00,rx=-0.45)

  >>> MODO AGRESIVO ON (12s sin acercarse a B): reduzco inflado y holgura (min seguridad 0.24m) para cruzar la puerta.
  t= 85.5 AGR-R-TURN pos=(-4.36,+1.85) yaw= +44.4 d=1.25 goal_err=+63 carrot_err= +63 c0=0.22 clear=0.14 prog=0.01 rel=0.88 bal=+0.63 obs=233 hard=229 obsc=237 yr= 28G nz=0.12 flt=0.00 dmap=+0/-0 shz=3.3 plan=0 cmd=(lx=+0.00,ly=+0.00,rx=-0.45)
  t= 85.9 AGR-R-TURN pos=(-4.36,+1.85) yaw= +50.4 d=1.25 goal_err=+57 carrot_err= +57 c0=0.22 clear=0.14 prog=0.00 rel=0.77 bal=+0.63 obs=234 hard=230 obsc=238 yr= 15G nz=0.15 flt=0.02 dmap=+0/-0 shz=3.3 plan=0 cmd=(lx=+0.00,ly=+0.00,rx=-0.45)
  t= 86.4 AGR-R-TURN pos=(-4.36,+1.85) yaw= +56.3 d=1.25 goal_err=+51 carrot_err= +52 c0=0.22 clear=0.14 prog=0.00 rel=0.98 bal=+0.63 obs=234 hard=230 obsc=238 yr= 14G nz=0.02 flt=0.07 dmap=+0/-0 shz=3.3 plan=0 cmd=(lx=+0.00,ly=+0.00,rx=-0.45)
  t= 86.8 AGR-BRK-TR pos=(-4.36,+1.85) yaw= +59.3 d=1.25 goal_err=+48 carrot_err= +49 c0=0.22 clear=0.14 prog=0.00 rel=0.98 bal=+0.12 obs=236 hard=229 obsc=238 yr=  0  nz=0.02 flt=0.06 dmap=+0/-0 shz=3.3 plan=0 cmd=(lx=+0.00,ly=+0.00,rx=-0.45)
  t= 87.2 AGR-BRK-TR pos=(-4.36,+1.85) yaw= +64.1 d=1.25 goal_err=+43 carrot_err= +44 c0=0.22 clear=0.14 prog=0.00 rel=0.98 bal=-0.07 obs=236 hard=229 obsc=238 yr= 15G nz=0.02 flt=0.05 dmap=+0/-0 shz=3.3 plan=0 cmd=(lx=+0.00,ly=+0.00,rx=-0.45)
  t= 87.7 AGR-BRK-TR pos=(-4.36,+1.85) yaw= +72.1 d=1.25 goal_err=+35 carrot_err= +36 c0=0.38 clear=0.26 prog=0.00 rel=0.90 bal=-0.07 obs=236 hard=229 obsc=238 yr= 19G nz=0.10 flt=0.07 dmap=+0/-0 shz=3.3 plan=0 cmd=(lx=+0.00,ly=+0.00,rx=-0.45)
  t= 88.1 AGR-BRK-TR pos=(-4.36,+1.85) yaw= +80.2 d=1.25 goal_err=+27 carrot_err= +28 c0=0.38 clear=0.26 prog=0.00 rel=0.78 bal=+0.04 obs=237 hard=230 obsc=239 yr= 19G nz=0.14 flt=0.00 dmap=+0/-0 shz=3.3 plan=0 cmd=(lx=+0.00,ly=+0.00,rx=-0.45)
  t= 88.5 AGR-BRK-TR pos=(-4.36,+1.85) yaw= +88.2 d=1.25 goal_err=+19 carrot_err= +20 c0=0.38 clear=0.26 prog=0.00 rel=0.79 bal=+0.04 obs=237 hard=230 obsc=239 yr= 19G nz=0.14 flt=0.12 dmap=+0/-0 shz=3.3 plan=0 cmd=(lx=+0.00,ly=+0.00,rx=-0.45)
  t= 88.9 AGR-BRK-TR pos=(-4.36,+1.85) yaw= +95.8 d=1.25 goal_err=+12 carrot_err= +12 c0=1.56 clear=1.00 prog=0.00 rel=0.35 bal=+0.04 obs=237 hard=230 obsc=239 yr= 16G nz=0.65 flt=0.00 dmap=+0/-0 shz=3.3 plan=0 cmd=(lx=+0.00,ly=+0.00,rx=-0.45)
  t= 89.3 AGR-STOP pos=(-4.36,+1.85) yaw=+102.2 d=1.25 goal_err=+5 carrot_err=  +6 c0=1.56 clear=1.00 prog=0.00 rel=0.11 bal=+0.04 obs=237 hard=230 obsc=239 yr= 15  nz=0.88 flt=0.03 dmap=+0/-0 shz=3.3 plan=7 cmd=(lx=+0.00,ly=+0.00,rx=+0.00)
  t= 89.8 AGR-STOP pos=(-4.36,+1.85) yaw=+102.2 d=1.25 goal_err=+5 carrot_err=  +6 c0=1.56 clear=1.00 prog=0.00 rel=0.12 bal=+0.04 obs=232 hard=224 obsc=233 yr=  0  nz=0.88 flt=0.12 dmap=+0/-0 shz=3.3 plan=7 cmd=(lx=+0.00,ly=+0.00,rx=+0.00)
  t= 90.2 AGR-STOP pos=(-4.36,+1.85) yaw=+102.2 d=1.25 goal_err=+5 carrot_err=  +6 c0=1.56 clear=1.00 prog=0.00 rel=0.12 bal=+0.04 obs=232 hard=224 obsc=233 yr=  0  nz=0.88 flt=0.12 dmap=+0/-0 shz=3.3 plan=7 cmd=(lx=+0.00,ly=+0.00,rx=+0.00)
  t= 90.6 AGR-BRK-TR pos=(-4.36,+1.85) yaw=+102.2 d=1.25 goal_err=+5 carrot_err=  +6 c0=1.56 clear=1.00 prog=0.00 rel=0.12 bal=+0.04 obs=232 hard=224 obsc=233 yr=  0  nz=0.88 flt=0.12 dmap=+0/-0 shz=3.3 plan=0 cmd=(lx=+0.00,ly=+0.00,rx=-0.45)
  t= 91.0 AGR-BRK-TR pos=(-4.36,+1.85) yaw=+106.7 d=1.25 goal_err=+1 carrot_err=  +1 c0=1.56 clear=1.00 prog=0.00 rel=0.99 bal=+0.04 obs=232 hard=224 obsc=233 yr= 14G nz=0.01 flt=0.12 dmap=+0/-0 shz=3.1 plan=0 cmd=(lx=+0.00,ly=+0.00,rx=-0.45)
  t= 91.4 AGR-BRK-TR pos=(-4.36,+1.85) yaw=+112.7 d=1.25 goal_err=-5 carrot_err=  -5 c0=1.69 clear=1.00 prog=0.00 rel=0.89 bal=+0.04 obs=232 hard=224 obsc=233 yr= 14G nz=0.11 flt=0.00 dmap=+0/-0 shz=3.1 plan=0 cmd=(lx=+0.00,ly=+0.00,rx=-0.45)
  t= 91.9 AGR-BRK-TR pos=(-4.36,+1.85) yaw=+118.6 d=1.25 goal_err=-11 carrot_err= -11 c0=0.56 clear=0.38 prog=0.00 rel=0.34 bal=+0.15 obs=232 hard=224 obsc=233 yr= 14G nz=0.66 flt=0.07 dmap=+0/-0 shz=3.1 plan=0 cmd=(lx=+0.00,ly=+0.00,rx=-0.45)
  t= 92.3 AGR-BRK-TR pos=(-4.36,+1.85) yaw=+124.6 d=1.25 goal_err=-17 carrot_err= -17 c0=0.28 clear=0.19 prog=0.00 rel=0.23 bal=+0.15 obs=232 hard=224 obsc=233 yr= 14G nz=0.77 flt=0.08 dmap=+0/-0 shz=3.1 plan=0 cmd=(lx=+0.00,ly=+0.00,rx=-0.45)
  t= 92.7 AGR-BRK-TR pos=(-4.36,+1.85) yaw=+130.5 d=1.25 goal_err=-23 carrot_err= -23 c0=0.28 clear=0.19 prog=0.00 rel=0.06 bal=+0.04 obs=232 hard=224 obsc=233 yr= 14G nz=0.94 flt=0.00 dmap=+0/-0 shz=3.1 plan=0 cmd=(lx=+0.00,ly=+0.00,rx=-0.45)
  t= 93.1 AGR-STOP pos=(-4.36,+1.85) yaw=+138.0 d=1.25 goal_err=-31 carrot_err= -30 c0=0.28 clear=0.19 prog=0.00 rel=0.27 bal=+0.04 obs=232 hard=224 obsc=233 yr= 28  nz=0.73 flt=0.00 dmap=+0/-0 shz=3.1 plan=7 cmd=(lx=+0.00,ly=+0.00,rx=+0.00)
  t= 93.5 AGR-STOP pos=(-4.36,+1.85) yaw=+138.0 d=1.25 goal_err=-31 carrot_err= -30 c0=0.28 clear=0.19 prog=0.00 rel=0.80 bal=+0.04 obs=219 hard=215 obsc=223 yr=  0  nz=0.20 flt=0.00 dmap=+0/-0 shz=3.1 plan=7 cmd=(lx=+0.00,ly=+0.00,rx=+0.00)
  t= 94.0 AGR-STOP pos=(-4.36,+1.85) yaw=+138.0 d=1.25 goal_err=-31 carrot_err= -30 c0=0.28 clear=0.19 prog=0.00 rel=0.80 bal=+0.04 obs=219 hard=215 obsc=223 yr=  0  nz=0.20 flt=0.00 dmap=+0/-0 shz=3.1 plan=7 cmd=(lx=+0.00,ly=+0.00,rx=+0.00)
  t= 94.4 AGR-BRK-BK pos=(-4.36,+1.85) yaw=+138.0 d=1.25 goal_err=-31 carrot_err= -30 c0=0.28 clear=0.19 prog=0.00 rel=0.80 bal=+0.04 obs=219 hard=215 obsc=223 yr=  0  nz=0.20 flt=0.00 dmap=+0/-0 shz=3.1 plan=0 cmd=(lx=+0.00,ly=-0.35,rx=+0.00)
  t= 94.8 AGR-BRK-TR pos=(-4.33,+1.83) yaw=+138.0 d=1.28 goal_err=-30 carrot_err= -29 c0=0.32 clear=0.21 prog=0.00 rel=0.80 bal=-0.03 obs=217 hard=210 obsc=218 yr=  0  nz=0.20 flt=0.04 dmap=+0/-2 shz=2.9 plan=0 cmd=(lx=+0.00,ly=+0.00,rx=-0.45)
  t= 95.2 AGR-BRK-TR pos=(-4.32,+1.82) yaw=+142.4 d=1.29 goal_err=-34 carrot_err= -33 c0=0.33 clear=0.22 prog=0.00 rel=0.97 bal=-0.03 obs=217 hard=210 obsc=218 yr= 14G nz=0.03 flt=0.01 dmap=+0/-0 shz=2.9 plan=0 cmd=(lx=+0.00,ly=+0.00,rx=-0.45)
  t= 95.6 AGR-BRK-TR pos=(-4.32,+1.82) yaw=+148.4 d=1.29 goal_err=-40 carrot_err= -39 c0=0.33 clear=0.22 prog=0.00 rel=0.98 bal=-0.03 obs=217 hard=210 obsc=218 yr= 14G nz=0.02 flt=0.00 dmap=+0/-0 shz=2.9 plan=0 cmd=(lx=+0.00,ly=+0.00,rx=-0.45)
  t= 96.1 AGR-BRK-TR pos=(-4.32,+1.82) yaw=+155.9 d=1.29 goal_err=-47 carrot_err= -46 c0=0.33 clear=0.22 prog=0.00 rel=0.98 bal=-0.03 obs=217 hard=210 obsc=218 yr= 14G nz=0.02 flt=0.01 dmap=+0/-0 shz=3.1 plan=0 cmd=(lx=+0.00,ly=+0.00,rx=-0.45)
  t= 96.5 AGR-BRK-TR pos=(-4.32,+1.82) yaw=+161.8 d=1.29 goal_err=-53 carrot_err= -52 c0=0.33 clear=0.22 prog=0.00 rel=0.98 bal=-0.76 obs=217 hard=210 obsc=218 yr= 14G nz=0.02 flt=0.00 dmap=+0/-0 shz=3.1 plan=0 cmd=(lx=+0.00,ly=+0.00,rx=-0.45)
  t= 96.9 AGR-BRK-TR pos=(-4.32,+1.82) yaw=+166.3 d=1.29 goal_err=-58 carrot_err= -57 c0=0.33 clear=0.22 prog=0.00 rel=0.94 bal=-0.76 obs=217 hard=210 obsc=218 yr=  0G nz=0.01 flt=0.19 dmap=+0/-0 shz=3.1 plan=0 cmd=(lx=+0.00,ly=+0.00,rx=-0.45)
  t= 97.3 AGR-STOP pos=(-4.32,+1.82) yaw=+172.2 d=1.29 goal_err=-64 carrot_err= -63 c0=0.48 clear=0.32 prog=0.00 rel=0.94 bal=-0.76 obs=217 hard=208 obsc=230 yr= 14  nz=0.01 flt=0.01 dmap=+9/-9 shz=3.1 plan=7 cmd=(lx=+0.00,ly=+0.00,rx=+0.00)
  t= 97.8 AGR-STOP pos=(-4.32,+1.82) yaw=+172.2 d=1.29 goal_err=-64 carrot_err= -63 c0=0.48 clear=0.32 prog=0.00 rel=0.89 bal=-0.76 obs=216 hard=208 obsc=225 yr=  0  nz=0.11 flt=0.13 dmap=+0/-0 shz=3.1 plan=7 cmd=(lx=+0.00,ly=+0.00,rx=+0.00)
  t= 98.2 AGR-STOP pos=(-4.32,+1.82) yaw=+172.2 d=1.29 goal_err=-64 carrot_err= -63 c0=0.48 clear=0.32 prog=0.00 rel=0.89 bal=-0.76 obs=216 hard=208 obsc=225 yr=  0  nz=0.11 flt=0.13 dmap=+0/-0 shz=3.1 plan=7 cmd=(lx=+0.00,ly=+0.00,rx=+0.00)
  t= 98.6 AGR-BRK-TR pos=(-4.32,+1.82) yaw=+172.2 d=1.29 goal_err=-64 carrot_err= -63 c0=0.48 clear=0.32 prog=0.00 rel=0.89 bal=-0.76 obs=216 hard=208 obsc=225 yr=  0  nz=0.11 flt=0.13 dmap=+0/-0 shz=3.1 plan=0 cmd=(lx=+0.00,ly=+0.00,rx=+0.45)
  t= 99.0 AGR-BRK-TR pos=(-4.32,+1.82) yaw=+167.8 d=1.29 goal_err=-59 carrot_err= -58 c0=0.33 clear=0.22 prog=0.00 rel=0.88 bal=-0.76 obs=216 hard=208 obsc=225 yr= 14G nz=0.12 flt=0.00 dmap=+0/-0 shz=3.0 plan=0 cmd=(lx=+0.00,ly=+0.00,rx=+0.45)
  t= 99.4 AGR-BRK-TR pos=(-4.32,+1.82) yaw=+161.8 d=1.29 goal_err=-53 carrot_err= -52 c0=0.33 clear=0.22 prog=0.00 rel=0.98 bal=-0.76 obs=216 hard=208 obsc=225 yr= 14G nz=0.01 flt=0.00 dmap=+0/-0 shz=3.2 plan=0 cmd=(lx=+0.00,ly=+0.00,rx=+0.45)
  t= 99.9 AGR-BRK-TR pos=(-4.32,+1.82) yaw=+154.4 d=1.29 goal_err=-46 carrot_err= -45 c0=0.33 clear=0.22 prog=0.00 rel=0.99 bal=-0.03 obs=216 hard=208 obsc=225 yr= 14G nz=0.01 flt=0.01 dmap=+0/-0 shz=3.2 plan=0 cmd=(lx=+0.00,ly=+0.00,rx=+0.45)
  t=100.3 AGR-BRK-TR pos=(-4.32,+1.82) yaw=+148.4 d=1.29 goal_err=-40 carrot_err= -39 c0=0.33 clear=0.22 prog=0.00 rel=0.99 bal=-0.03 obs=216 hard=208 obsc=225 yr= 14G nz=0.01 flt=0.00 dmap=+0/-0 shz=3.2 plan=0 cmd=(lx=+0.00,ly=+0.00,rx=+0.45)
  t=100.7 AGR-BRK-TR pos=(-4.32,+1.82) yaw=+142.4 d=1.29 goal_err=-34 carrot_err= -33 c0=0.33 clear=0.22 prog=0.00 rel=0.99 bal=-0.03 obs=216 hard=208 obsc=225 yr= 14G nz=0.01 flt=0.01 dmap=+0/-0 shz=3.2 plan=0 cmd=(lx=+0.00,ly=+0.00,rx=+0.45)
  t=101.1 AGR-STOP pos=(-4.32,+1.82) yaw=+136.5 d=1.29 goal_err=-28 carrot_err= -27 c0=0.33 clear=0.22 prog=0.00 rel=0.99 bal=+0.09 obs=213 hard=198 obsc=220 yr= 14  nz=0.01 flt=0.05 dmap=+5/-8 shz=3.2 plan=7 cmd=(lx=+0.00,ly=+0.00,rx=+0.00)
  t=101.6 AGR-STOP pos=(-4.32,+1.82) yaw=+136.5 d=1.29 goal_err=-28 carrot_err= -27 c0=0.33 clear=0.22 prog=0.00 rel=0.98 bal=+0.09 obs=212 hard=200 obsc=218 yr=  0  nz=0.02 flt=0.04 dmap=+0/-0 shz=3.2 plan=7 cmd=(lx=+0.00,ly=+0.00,rx=+0.00)
  t=102.0 AGR-STOP pos=(-4.32,+1.82) yaw=+136.5 d=1.29 goal_err=-28 carrot_err= -27 c0=0.33 clear=0.22 prog=0.00 rel=0.98 bal=+0.09 obs=212 hard=200 obsc=218 yr=  0  nz=0.02 flt=0.04 dmap=+0/-0 shz=3.2 plan=7 cmd=(lx=+0.00,ly=+0.00,rx=+0.00)
  t=102.4 AGR-BRK-BK pos=(-4.32,+1.82) yaw=+136.5 d=1.29 goal_err=-28 carrot_err= -27 c0=0.33 clear=0.22 prog=0.00 rel=0.98 bal=+0.09 obs=212 hard=200 obsc=218 yr=  0  nz=0.02 flt=0.04 dmap=+0/-0 shz=3.2 plan=0 cmd=(lx=+0.00,ly=-0.35,rx=+0.00)
  t=102.8 AGR-BRK-TR pos=(-4.29,+1.79) yaw=+136.5 d=1.32 goal_err=-27 carrot_err= -26 c0=0.37 clear=0.25 prog=0.00 rel=0.97 bal=+0.09 obs=204 hard=199 obsc=215 yr=  0  nz=0.03 flt=0.00 dmap=+0/-6 shz=3.0 plan=0 cmd=(lx=+0.00,ly=+0.00,rx=-0.45)
  t=103.3 AGR-BRK-TR pos=(-4.29,+1.78) yaw=+141.0 d=1.33 goal_err=-31 carrot_err= -30 c0=0.38 clear=0.25 prog=0.00 rel=0.95 bal=+0.09 obs=204 hard=199 obsc=215 yr= 14G nz=0.03 flt=0.27 dmap=+0/-0 shz=3.0 plan=0 cmd=(lx=+0.00,ly=+0.00,rx=-0.45)
  t=103.7 AGR-BRK-TR pos=(-4.29,+1.78) yaw=+146.9 d=1.33 goal_err=-37 carrot_err= -36 c0=0.38 clear=0.25 prog=0.00 rel=0.97 bal=+0.09 obs=204 hard=199 obsc=215 yr= 14G nz=0.03 flt=0.00 dmap=+0/-0 shz=3.0 plan=0 cmd=(lx=+0.00,ly=+0.00,rx=-0.45)
  t=104.1 AGR-BRK-TR pos=(-4.29,+1.78) yaw=+152.9 d=1.33 goal_err=-43 carrot_err= -42 c0=0.38 clear=0.25 prog=0.00 rel=0.97 bal=+0.09 obs=204 hard=199 obsc=215 yr= 14G nz=0.03 flt=0.01 dmap=+0/-0 shz=3.0 plan=0 cmd=(lx=+0.00,ly=+0.00,rx=-0.45)
  t=104.5 AGR-BRK-TR pos=(-4.29,+1.78) yaw=+160.3 d=1.33 goal_err=-51 carrot_err= -49 c0=0.38 clear=0.25 prog=0.00 rel=0.90 bal=-0.04 obs=204 hard=199 obsc=215 yr= 14G nz=0.02 flt=0.29 dmap=+0/-0 shz=3.0 plan=0 cmd=(lx=+0.00,ly=+0.00,rx=-0.45)
  t=105.0 AGR-BRK-TR pos=(-4.29,+1.78) yaw=+166.3 d=1.33 goal_err=-57 carrot_err= -55 c0=0.38 clear=0.25 prog=0.00 rel=0.97 bal=-0.76 obs=204 hard=199 obsc=215 yr= 14G nz=0.03 flt=0.00 dmap=+0/-0 shz=3.0 plan=0 cmd=(lx=+0.00,ly=+0.00,rx=-0.45)
  t=105.4 AGR-DOOR-AL pos=(-4.29,+1.78) yaw=+172.2 d=1.33 goal_err=-63 carrot_err= -61 c0=0.51 clear=0.34 prog=0.00 rel=0.94 bal=-0.76 obs=205 hard=200 obsc=216 yr= 14G nz=0.03 flt=0.01 dmap=+1/-0 shz=3.0 plan=7 cmd=(lx=+0.00,ly=+0.00,rx=+0.45)
  t=105.8 AGR-DOOR-AL pos=(-4.29,+1.78) yaw=+166.3 d=1.33 goal_err=-57 carrot_err= -55 c0=0.38 clear=0.25 prog=0.00 rel=0.90 bal=-0.76 obs=205 hard=200 obsc=216 yr= 14  nz=0.10 flt=0.24 dmap=+0/-0 shz=3.1 plan=7 cmd=(lx=+0.00,ly=+0.00,rx=+0.45)
  t=106.2 AGR-DOOR-AL. pos=(-4.29,+1.78) yaw=+161.8 d=1.33 goal_err=-52 carrot_err= -51 c0=0.38 clear=0.25 prog=0.00 rel=0.92 bal=-0.04 obs=205 hard=200 obsc=216 yr= 14  nz=0.08 flt=0.04 dmap=+0/-0 shz=3.1 plan=7 cmd=(lx=+0.00,ly=+0.00,rx=+0.00)
  t=106.7 AGR-DOOR-AL. pos=(-4.29,+1.78) yaw=+158.8 d=1.33 goal_err=-49 carrot_err= -48 c0=0.38 clear=0.25 prog=0.00 rel=0.91 bal=-0.04 obs=205 hard=200 obsc=216 yr= 14G nz=0.09 flt=0.17 dmap=+0/-0 shz=3.1 plan=7 cmd=(lx=+0.00,ly=+0.00,rx=+0.00)
  t=107.1 AGR-DOOR-AL pos=(-4.29,+1.78) yaw=+157.3 d=1.33 goal_err=-48 carrot_err= -46 c0=0.38 clear=0.25 prog=0.00 rel=0.91 bal=-0.04 obs=198 hard=187 obsc=204 yr=  0G nz=0.09 flt=0.06 dmap=+0/-0 shz=3.1 plan=7 cmd=(lx=+0.00,ly=+0.00,rx=+0.45)
  t=107.5 AGR-DOOR-AL. pos=(-4.29,+1.78) yaw=+152.9 d=1.33 goal_err=-43 carrot_err= -42 c0=0.38 clear=0.25 prog=0.00 rel=0.98 bal=+0.09 obs=200 hard=187 obsc=207 yr=  0  nz=0.02 flt=0.00 dmap=+0/-0 shz=3.1 plan=7 cmd=(lx=+0.00,ly=+0.00,rx=+0.00)
  t=107.9 AGR-DOOR-AL. pos=(-4.29,+1.78) yaw=+149.9 d=1.33 goal_err=-40 carrot_err= -39 c0=0.38 clear=0.25 prog=0.00 rel=0.98 bal=+0.09 obs=204 hard=190 obsc=210 yr= 14  nz=0.02 flt=0.16 dmap=+8/-1 shz=3.1 plan=7 cmd=(lx=+0.00,ly=+0.00,rx=+0.00)
  t=108.4 AGR-DOOR-GO pos=(-4.29,+1.78) yaw=+148.4 d=1.33 goal_err=-39 carrot_err= -37 c0=0.38 clear=0.25 prog=0.00 rel=0.98 bal=+0.09 obs=203 hard=192 obsc=211 yr= 14G nz=0.02 flt=0.07 dmap=+0/-0 shz=3.1 plan=7 cmd=(lx=+0.00,ly=+0.28,rx=+0.00)
  t=108.8 AGR-DOOR-AL pos=(-4.30,+1.79) yaw=+146.9 d=1.32 goal_err=-38 carrot_err= -37 c0=0.36 clear=0.24 prog=0.03 rel=0.97 bal=+0.08 obs=204 hard=191 obsc=210 yr=  0  nz=0.03 flt=0.00 dmap=+0/-0 shz=3.1 plan=7 cmd=(lx=+0.00,ly=+0.00,rx=+0.45)
  t=109.2 AGR-DOOR-AL. pos=(-4.31,+1.80) yaw=+142.4 d=1.31 goal_err=-34 carrot_err= -32 c0=0.36 clear=0.24 prog=0.03 rel=0.95 bal=+0.08 obs=204 hard=191 obsc=210 yr= 14  nz=0.05 flt=0.08 dmap=+0/-0 shz=3.1 plan=7 cmd=(lx=+0.00,ly=+0.00,rx=+0.00)
  t=109.6 AGR-DOOR-GO pos=(-4.31,+1.80) yaw=+141.0 d=1.31 goal_err=-32 carrot_err= -31 c0=0.36 clear=0.24 prog=0.03 rel=0.95 bal=+0.08 obs=201 hard=190 obsc=207 yr= 14G nz=0.05 flt=0.04 dmap=+0/-0 shz=3.1 plan=7 cmd=(lx=+0.00,ly=+0.28,rx=+0.00)

  COLISION #3 [odom] en (-4.32,+1.81) -> marco y recupero.
  t=110.1 AGR-R-BACK pos=(-4.32,+1.81) yaw=+139.5 d=1.30 goal_err=-31 carrot_err= -30 c0=0.34 clear=0.23 prog=0.06 rel=0.96 bal=+0.08 obs=199 hard=188 obsc=205 yr=  0  nz=0.04 flt=0.01 dmap=+0/-0 shz=3.3 plan=0 cmd=(lx=+0.00,ly=-0.35,rx=+0.00)
  t=110.5 AGR-R-BACK pos=(-4.30,+1.79) yaw=+139.5 d=1.32 goal_err=-30 carrot_err= -29 c0=0.23 clear=0.15 prog=0.01 rel=0.96 bal=+0.08 obs=195 hard=185 obsc=200 yr=  0  nz=0.04 flt=0.00 dmap=+0/-0 shz=3.3 plan=0 cmd=(lx=+0.00,ly=-0.35,rx=+0.00)
  t=110.9 AGR-R-TURN pos=(-4.28,+1.78) yaw=+136.5 d=1.34 goal_err=-27 carrot_err= -25 c0=0.25 clear=0.17 prog=0.00 rel=0.93 bal=+0.08 obs=195 hard=185 obsc=200 yr= 28G nz=0.07 flt=0.08 dmap=+0/-0 shz=3.3 plan=0 cmd=(lx=+0.00,ly=+0.00,rx=+0.45)
  t=111.3 AGR-R-TURN pos=(-4.28,+1.78) yaw=+130.5 d=1.34 goal_err=-21 carrot_err= -19 c0=0.25 clear=0.17 prog=0.00 rel=0.90 bal=+0.08 obs=195 hard=185 obsc=200 yr= 14G nz=0.10 flt=0.19 dmap=+0/-0 shz=3.3 plan=0 cmd=(lx=+0.00,ly=+0.00,rx=+0.45)
  t=111.8 AGR-R-TURN pos=(-4.28,+1.78) yaw=+124.6 d=1.34 goal_err=-15 carrot_err= -13 c0=0.25 clear=0.17 prog=0.00 rel=0.91 bal=+0.08 obs=195 hard=185 obsc=200 yr= 14G nz=0.09 flt=0.08 dmap=+0/-0 shz=3.3 plan=0 cmd=(lx=+0.00,ly=+0.00,rx=+0.45)
  t=112.2 AGR-DOOR-GO pos=(-4.28,+1.78) yaw=+120.1 d=1.34 goal_err=-11 carrot_err=  -9 c0=0.25 clear=0.17 prog=0.00 rel=0.97 bal=+0.19 obs=191 hard=180 obsc=195 yr=  0  nz=0.03 flt=0.02 dmap=+0/-4 shz=3.3 plan=7 cmd=(lx=+0.00,ly=+0.28,rx=+0.00)
  t=112.6 AGR-DOOR-WT pos=(-4.29,+1.80) yaw=+120.1 d=1.32 goal_err=-11 carrot_err=  -9 c0=0.23 clear=0.15 prog=0.02 rel=0.97 bal=+0.19 obs=191 hard=180 obsc=195 yr=  0  nz=0.03 flt=0.00 dmap=+0/-0 shz=3.3 plan=7 cmd=(lx=+0.00,ly=+0.00,rx=+0.00)
  t=113.1 AGR-DOOR-WT pos=(-4.29,+1.80) yaw=+120.1 d=1.32 goal_err=-11 carrot_err=  -9 c0=0.23 clear=0.15 prog=0.04 rel=0.96 bal=+0.19 obs=191 hard=180 obsc=195 yr=  0  nz=0.04 flt=0.00 dmap=+0/-0 shz=3.5 plan=7 cmd=(lx=+0.00,ly=+0.00,rx=+0.00)
  t=113.5 AGR-DOOR-WT pos=(-4.29,+1.80) yaw=+120.1 d=1.32 goal_err=-11 carrot_err=  -9 c0=0.23 clear=0.15 prog=0.04 rel=0.96 bal=+0.19 obs=191 hard=180 obsc=195 yr=  0  nz=0.04 flt=0.00 dmap=+0/-0 shz=3.5 plan=7 cmd=(lx=+0.00,ly=+0.00,rx=+0.00)
  t=113.9 AGR-DOOR-WT pos=(-4.29,+1.80) yaw=+120.1 d=1.32 goal_err=-11 carrot_err=  -9 c0=0.23 clear=0.15 prog=0.04 rel=0.96 bal=+0.19 obs=191 hard=180 obsc=195 yr=  0  nz=0.04 flt=0.00 dmap=+0/-0 shz=3.5 plan=7 cmd=(lx=+0.00,ly=+0.00,rx=+0.00)
  t=114.3 AGR-DOOR-WT pos=(-4.29,+1.80) yaw=+120.1 d=1.32 goal_err=-11 carrot_err=  -9 c0=0.23 clear=0.15 prog=0.01 rel=0.96 bal=+0.19 obs=191 hard=180 obsc=195 yr=  0  nz=0.04 flt=0.00 dmap=+0/-0 shz=3.5 plan=7 cmd=(lx=+0.00,ly=+0.00,rx=+0.00)
  t=114.7 AGR-DOOR-WT pos=(-4.29,+1.80) yaw=+120.1 d=1.32 goal_err=-11 carrot_err=  -9 c0=0.23 clear=0.15 prog=0.00 rel=0.96 bal=+0.19 obs=191 hard=180 obsc=195 yr=  0  nz=0.04 flt=0.00 dmap=+0/-0 shz=3.5 plan=7 cmd=(lx=+0.00,ly=+0.00,rx=+0.00)
  t=115.2 AGR-DOOR-WT pos=(-4.29,+1.80) yaw=+120.1 d=1.32 goal_err=-11 carrot_err=  -9 c0=0.23 clear=0.15 prog=0.00 rel=0.96 bal=+0.19 obs=191 hard=180 obsc=195 yr=  0  nz=0.04 flt=0.00 dmap=+0/-0 shz=3.5 plan=7 cmd=(lx=+0.00,ly=+0.00,rx=+0.00)
  t=115.6 AGR-DOOR-WT pos=(-4.29,+1.80) yaw=+120.1 d=1.32 goal_err=-11 carrot_err=  -9 c0=0.23 clear=0.15 prog=0.00 rel=0.96 bal=+0.19 obs=191 hard=180 obsc=195 yr=  0  nz=0.04 flt=0.00 dmap=+0/-0 shz=3.5 plan=7 cmd=(lx=+0.00,ly=+0.00,rx=+0.00)
  t=116.0 AGR-DOOR-WT pos=(-4.29,+1.80) yaw=+120.1 d=1.32 goal_err=-11 carrot_err=  -9 c0=0.23 clear=0.15 prog=0.00 rel=0.96 bal=+0.19 obs=191 hard=180 obsc=195 yr=  0  nz=0.04 flt=0.00 dmap=+0/-0 shz=3.5 plan=7 cmd=(lx=+0.00,ly=+0.00,rx=+0.00)

  DESATASCO #1 en (-4.29,+1.80).
  t=116.4 AGR-BRK-BK pos=(-4.29,+1.79) yaw=+120.1 d=1.33 goal_err=-11 carrot_err=  -9 c0=0.24 clear=0.16 prog=0.00 rel=0.96 bal=+0.19 obs=191 hard=180 obsc=195 yr=  0  nz=0.04 flt=0.00 dmap=+0/-0 shz=3.5 plan=0 cmd=(lx=+0.00,ly=-0.35,rx=+0.00)
  t=116.9 AGR-BRK-TR pos=(-4.26,+1.74) yaw=+120.1 d=1.38 goal_err=-10 carrot_err=  -9 c0=0.29 clear=0.20 prog=0.00 rel=0.98 bal=+0.07 obs=188 hard=177 obsc=192 yr=  0G nz=0.02 flt=0.00 dmap=+0/-0 shz=2.9 plan=0 cmd=(lx=+0.00,ly=+0.00,rx=-0.45)
  t=117.3 AGR-BRK-TR pos=(-4.26,+1.74) yaw=+126.1 d=1.38 goal_err=-16 carrot_err= -15 c0=0.29 clear=0.20 prog=0.00 rel=0.97 bal=+0.07 obs=188 hard=177 obsc=192 yr= 15G nz=0.03 flt=0.13 dmap=+0/-0 shz=2.9 plan=0 cmd=(lx=+0.00,ly=+0.00,rx=-0.45)
  t=117.7 AGR-BRK-TR pos=(-4.26,+1.74) yaw=+132.0 d=1.38 goal_err=-22 carrot_err= -21 c0=0.29 clear=0.20 prog=0.00 rel=0.96 bal=+0.07 obs=188 hard=177 obsc=192 yr= 14G nz=0.04 flt=0.00 dmap=+0/-0 shz=2.9 plan=0 cmd=(lx=+0.00,ly=+0.00,rx=-0.45)
  t=118.1 AGR-BRK-TR pos=(-4.26,+1.74) yaw=+139.5 d=1.38 goal_err=-30 carrot_err= -28 c0=0.29 clear=0.20 prog=0.00 rel=0.96 bal=+0.07 obs=188 hard=177 obsc=192 yr= 14G nz=0.04 flt=0.02 dmap=+0/-0 shz=2.9 plan=0 cmd=(lx=+0.00,ly=+0.00,rx=-0.45)
  t=118.6 AGR-BRK-TR pos=(-4.26,+1.74) yaw=+143.9 d=1.38 goal_err=-34 carrot_err= -32 c0=0.43 clear=0.28 prog=0.00 rel=0.98 bal=+0.07 obs=188 hard=177 obsc=192 yr= 14G nz=0.02 flt=0.00 dmap=+0/-0 shz=2.9 plan=0 cmd=(lx=+0.00,ly=+0.00,rx=-0.45)
  t=119.0 AGR-BRK-TR pos=(-4.26,+1.74) yaw=+149.9 d=1.38 goal_err=-40 carrot_err= -38 c0=0.43 clear=0.28 prog=0.00 rel=0.91 bal=+0.07 obs=188 hard=177 obsc=192 yr= 14G nz=0.09 flt=0.00 dmap=+0/-0 shz=2.9 plan=0 cmd=(lx=+0.00,ly=+0.00,rx=-0.45)
  t=119.4 AGR-DOOR-AL. pos=(-4.26,+1.74) yaw=+154.4 d=1.38 goal_err=-45 carrot_err= -43 c0=0.43 clear=0.28 prog=0.00 rel=0.89 bal=+0.07 obs=188 hard=177 obsc=192 yr= 14  nz=0.11 flt=0.01 dmap=+0/-0 shz=3.1 plan=7 cmd=(lx=+0.00,ly=+0.00,rx=+0.00)
  t=119.8 AGR-DOOR-AL pos=(-4.26,+1.74) yaw=+152.9 d=1.38 goal_err=-43 carrot_err= -41 c0=0.43 clear=0.28 prog=0.00 rel=0.90 bal=+0.07 obs=187 hard=175 obsc=191 yr= 14G nz=0.10 flt=0.10 dmap=+0/-0 shz=3.1 plan=7 cmd=(lx=+0.00,ly=+0.00,rx=+0.45)
  t=120.3 AGR-DOOR-AL pos=(-4.26,+1.74) yaw=+149.9 d=1.38 goal_err=-40 carrot_err= -38 c0=0.43 clear=0.28 prog=0.00 rel=0.99 bal=+0.07 obs=190 hard=176 obsc=194 yr=  0G nz=0.01 flt=0.05 dmap=+0/-0 shz=3.1 plan=7 cmd=(lx=+0.00,ly=+0.00,rx=+0.45)
  t=120.7 AGR-DOOR-GO pos=(-4.27,+1.75) yaw=+146.9 d=1.37 goal_err=-37 carrot_err= -36 c0=0.41 clear=0.28 prog=0.02 rel=0.97 bal=+0.07 obs=189 hard=177 obsc=193 yr=  0  nz=0.03 flt=0.01 dmap=+0/-0 shz=3.1 plan=7 cmd=(lx=+0.00,ly=+0.28,rx=+0.00)
  t=121.1 AGR-DOOR-GO pos=(-4.29,+1.76) yaw=+146.9 d=1.35 goal_err=-38 carrot_err= -37 c0=0.39 clear=0.26 prog=0.05 rel=0.96 bal=+0.06 obs=189 hard=178 obsc=193 yr=  0  nz=0.04 flt=0.00 dmap=+0/-0 shz=3.1 plan=7 cmd=(lx=+0.00,ly=+0.28,rx=+0.00)
  t=121.5 AGR-DOOR-GO pos=(-4.31,+1.77) yaw=+146.9 d=1.33 goal_err=-39 carrot_err= -38 c0=0.37 clear=0.24 prog=0.08 rel=0.95 bal=+0.06 obs=184 hard=176 obsc=193 yr=  0  nz=0.05 flt=0.00 dmap=+0/-5 shz=3.1 plan=7 cmd=(lx=+0.00,ly=+0.28,rx=+0.00)
  t=122.0 AGR-DOOR-GO pos=(-4.33,+1.79) yaw=+146.9 d=1.31 goal_err=-39 carrot_err= -39 c0=0.34 clear=0.23 prog=0.12 rel=0.96 bal=+0.07 obs=184 hard=172 obsc=188 yr=  0  nz=0.04 flt=0.01 dmap=+0/-0 shz=3.1 plan=7 cmd=(lx=+0.00,ly=+0.28,rx=+0.00)
  t=122.4 AGR-STOP pos=(-4.35,+1.80) yaw=+146.9 d=1.30 goal_err=-40 carrot_err= -40 c0=0.32 clear=0.21 prog=0.15 rel=0.95 bal=+0.08 obs=185 hard=173 obsc=189 yr=  0  nz=0.05 flt=0.01 dmap=+0/-0 shz=3.2 plan=7 cmd=(lx=+0.00,ly=+0.00,rx=+0.00)
  t=122.8 AGR-STOP pos=(-4.35,+1.80) yaw=+146.9 d=1.30 goal_err=-40 carrot_err= -40 c0=0.32 clear=0.21 prog=0.12 rel=0.96 bal=+0.08 obs=185 hard=174 obsc=189 yr=  0  nz=0.04 flt=0.00 dmap=+0/-0 shz=3.2 plan=7 cmd=(lx=+0.00,ly=+0.00,rx=+0.00)
  t=123.2 AGR-STOP pos=(-4.35,+1.80) yaw=+146.9 d=1.30 goal_err=-40 carrot_err= -40 c0=0.32 clear=0.21 prog=0.08 rel=0.96 bal=+0.08 obs=185 hard=174 obsc=189 yr=  0  nz=0.04 flt=0.00 dmap=+0/-0 shz=3.2 plan=7 cmd=(lx=+0.00,ly=+0.00,rx=+0.00)

  COLISION #4 [odom] en (-4.35,+1.80) -> marco y recupero.
  t=123.7 AGR-R-BACK pos=(-4.34,+1.79) yaw=+146.9 d=1.30 goal_err=-40 carrot_err= -39 c0=0.33 clear=0.22 prog=0.03 rel=0.96 bal=+0.07 obs=186 hard=175 obsc=189 yr=  0  nz=0.04 flt=0.00 dmap=+0/-0 shz=3.2 plan=0 cmd=(lx=+0.00,ly=-0.35,rx=+0.00)
  t=124.1 AGR-R-TURN pos=(-4.30,+1.77) yaw=+146.9 d=1.34 goal_err=-38 carrot_err= -37 c0=0.38 clear=0.25 prog=0.00 rel=0.97 bal=+0.06 obs=184 hard=173 obsc=187 yr=  0G nz=0.03 flt=0.02 dmap=+0/-0 shz=3.1 plan=0 cmd=(lx=+0.00,ly=+0.00,rx=-0.45)
  t=124.5 AGR-R-TURN pos=(-4.30,+1.77) yaw=+153.1 d=1.34 goal_err=-44 carrot_err= -43 c0=0.30 clear=0.20 prog=0.00 rel=0.94 bal=+0.06 obs=184 hard=173 obsc=187 yr= 14G nz=0.06 flt=0.17 dmap=+0/-0 shz=3.1 plan=0 cmd=(lx=+0.00,ly=+0.00,rx=-0.45)
  t=124.9 AGR-R-TURN pos=(-4.30,+1.77) yaw=+159.1 d=1.34 goal_err=-50 carrot_err= -49 c0=0.30 clear=0.20 prog=0.00 rel=0.89 bal=+0.06 obs=184 hard=173 obsc=187 yr= 15G nz=0.07 flt=0.00 dmap=+0/-0 shz=3.1 plan=0 cmd=(lx=+0.00,ly=+0.00,rx=-0.45)
  t=125.3 AGR-DOOR-AL. pos=(-4.30,+1.77) yaw=+165.0 d=1.34 goal_err=-56 carrot_err= -55 c0=0.30 clear=0.20 prog=0.00 rel=0.93 bal=+0.06 obs=184 hard=173 obsc=187 yr= 14G nz=0.07 flt=0.01 dmap=+0/-0 shz=3.1 plan=7 cmd=(lx=+0.00,ly=+0.00,rx=+0.00)
  t=125.8 AGR-DOOR-AL pos=(-4.30,+1.77) yaw=+165.0 d=1.34 goal_err=-56 carrot_err= -55 c0=0.30 clear=0.20 prog=0.00 rel=0.94 bal=+0.06 obs=182 hard=171 obsc=186 yr= 14G nz=0.06 flt=0.07 dmap=+0/-0 shz=3.1 plan=7 cmd=(lx=+0.00,ly=+0.00,rx=+0.45)
  t=126.2 AGR-DOOR-AL pos=(-4.30,+1.77) yaw=+162.0 d=1.34 goal_err=-53 carrot_err= -52 c0=0.30 clear=0.20 prog=0.00 rel=0.98 bal=+0.06 obs=182 hard=170 obsc=185 yr=  0  nz=0.02 flt=0.01 dmap=+0/-0 shz=3.1 plan=7 cmd=(lx=+0.00,ly=+0.00,rx=+0.45)
  t=126.6 AGR-DOOR-AL. pos=(-4.30,+1.77) yaw=+157.6 d=1.34 goal_err=-49 carrot_err= -48 c0=0.30 clear=0.20 prog=0.00 rel=0.98 bal=+0.06 obs=181 hard=172 obsc=186 yr= 14  nz=0.02 flt=0.00 dmap=+1/-2 shz=3.1 plan=7 cmd=(lx=+0.00,ly=+0.00,rx=+0.00)
  t=127.0 AGR-DOOR-AL pos=(-4.30,+1.77) yaw=+157.6 d=1.34 goal_err=-49 carrot_err= -48 c0=0.30 clear=0.20 prog=0.00 rel=0.98 bal=+0.06 obs=181 hard=172 obsc=185 yr=  0G nz=0.01 flt=0.07 dmap=+0/-0 shz=3.1 plan=7 cmd=(lx=+0.00,ly=+0.00,rx=+0.45)
  t=127.5 AGR-DOOR-AL pos=(-4.30,+1.77) yaw=+154.6 d=1.34 goal_err=-46 carrot_err= -45 c0=0.30 clear=0.20 prog=0.00 rel=0.98 bal=+0.06 obs=180 hard=171 obsc=184 yr=  0G nz=0.02 flt=0.00 dmap=+0/-0 shz=3.1 plan=7 cmd=(lx=+0.00,ly=+0.00,rx=+0.45)
  t=127.9 AGR-DOOR-AL. pos=(-4.30,+1.77) yaw=+150.1 d=1.34 goal_err=-41 carrot_err= -40 c0=0.30 clear=0.20 prog=0.00 rel=0.98 bal=+0.06 obs=180 hard=171 obsc=184 yr=  0  nz=0.02 flt=0.11 dmap=+0/-0 shz=3.1 plan=7 cmd=(lx=+0.00,ly=+0.00,rx=+0.00)
  t=128.3 AGR-DOOR-GO pos=(-4.30,+1.77) yaw=+147.1 d=1.34 goal_err=-38 carrot_err= -37 c0=0.38 clear=0.25 prog=0.00 rel=0.98 bal=+0.06 obs=179 hard=170 obsc=183 yr= 14  nz=0.02 flt=0.00 dmap=+0/-1 shz=3.1 plan=7 cmd=(lx=+0.00,ly=+0.28,rx=+0.00)
  t=128.7 AGR-DOOR-AL pos=(-4.32,+1.78) yaw=+147.1 d=1.33 goal_err=-39 carrot_err= -38 c0=0.36 clear=0.24 prog=0.02 rel=0.93 bal=+0.06 obs=178 hard=171 obsc=182 yr=  0G nz=0.07 flt=0.00 dmap=+0/-0 shz=3.1 plan=7 cmd=(lx=+0.00,ly=+0.00,rx=+0.45)
  t=129.2 AGR-DOOR-AL pos=(-4.32,+1.78) yaw=+142.7 d=1.33 goal_err=-34 carrot_err= -34 c0=0.36 clear=0.24 prog=0.02 rel=0.93 bal=+0.06 obs=179 hard=170 obsc=183 yr=  0  nz=0.07 flt=0.00 dmap=+1/-0 shz=3.1 plan=7 cmd=(lx=+0.00,ly=+0.00,rx=+0.45)
  t=129.6 AGR-DOOR-AL. pos=(-4.32,+1.78) yaw=+138.2 d=1.33 goal_err=-30 carrot_err= -29 c0=0.36 clear=0.24 prog=0.02 rel=0.94 bal=+0.02 obs=183 hard=173 obsc=187 yr= 14  nz=0.06 flt=0.16 dmap=+5/-1 shz=3.1 plan=7 cmd=(lx=+0.00,ly=+0.00,rx=+0.00)
  t=130.0 AGR-DOOR-AL pos=(-4.32,+1.78) yaw=+136.7 d=1.33 goal_err=-29 carrot_err= -28 c0=0.36 clear=0.24 prog=0.02 rel=0.98 bal=+0.02 obs=183 hard=173 obsc=187 yr= 14G nz=0.01 flt=0.04 dmap=+0/-0 shz=3.1 plan=7 cmd=(lx=+0.00,ly=+0.00,rx=+0.45)

  DESATASCO #2 en (-4.32,+1.78).
  t=130.5 AGR-BRK-BK pos=(-4.30,+1.76) yaw=+133.7 d=1.35 goal_err=-25 carrot_err= -24 c0=0.26 clear=0.17 prog=0.00 rel=0.90 bal=+0.03 obs=183 hard=174 obsc=187 yr=  0  nz=0.10 flt=0.02 dmap=+0/-0 shz=3.1 plan=0 cmd=(lx=+0.00,ly=-0.35,rx=+0.00)
  t=130.9 AGR-BRK-TR pos=(-4.27,+1.73) yaw=+135.2 d=1.39 goal_err=-26 carrot_err= -25 c0=0.30 clear=0.20 prog=0.00 rel=0.90 bal=+0.05 obs=184 hard=176 obsc=187 yr= 14G nz=0.10 flt=0.00 dmap=+0/-0 shz=3.1 plan=0 cmd=(lx=+0.00,ly=+0.00,rx=-0.45)
  t=131.3 AGR-BRK-TR pos=(-4.27,+1.73) yaw=+141.2 d=1.39 goal_err=-32 carrot_err= -30 c0=0.42 clear=0.28 prog=0.00 rel=0.92 bal=+0.05 obs=184 hard=176 obsc=187 yr= 14G nz=0.08 flt=0.00 dmap=+0/-0 shz=3.1 plan=0 cmd=(lx=+0.00,ly=+0.00,rx=-0.45)
  t=131.7 AGR-BRK-TR pos=(-4.27,+1.73) yaw=+147.1 d=1.39 goal_err=-38 carrot_err= -36 c0=0.34 clear=0.22 prog=0.00 rel=0.90 bal=+0.05 obs=184 hard=176 obsc=187 yr= 14G nz=0.10 flt=0.00 dmap=+0/-0 shz=3.1 plan=0 cmd=(lx=+0.00,ly=+0.00,rx=-0.45)
  t=132.2 AGR-BRK-TR pos=(-4.27,+1.73) yaw=+153.1 d=1.39 goal_err=-44 carrot_err= -42 c0=0.34 clear=0.22 prog=0.00 rel=0.90 bal=+0.05 obs=184 hard=176 obsc=187 yr= 14G nz=0.09 flt=0.09 dmap=+0/-0 shz=3.1 plan=0 cmd=(lx=+0.00,ly=+0.00,rx=-0.45)
  t=132.6 AGR-BRK-TR pos=(-4.27,+1.73) yaw=+160.6 d=1.39 goal_err=-51 carrot_err= -50 c0=0.34 clear=0.22 prog=0.00 rel=0.93 bal=+0.04 obs=184 hard=176 obsc=187 yr= 14G nz=0.07 flt=0.00 dmap=+0/-0 shz=3.1 plan=0 cmd=(lx=+0.00,ly=+0.00,rx=-0.45)
  t=133.0 AGR-BRK-TR pos=(-4.27,+1.73) yaw=+166.5 d=1.39 goal_err=-57 carrot_err= -56 c0=0.34 clear=0.22 prog=0.00 rel=0.92 bal=+0.04 obs=184 hard=176 obsc=187 yr= 14G nz=0.07 flt=0.00 dmap=+0/-0 shz=3.1 plan=0 cmd=(lx=+0.00,ly=+0.00,rx=-0.45)
  t=133.4 AGR-DOOR-AL pos=(-4.27,+1.73) yaw=+168.0 d=1.39 goal_err=-59 carrot_err= -57 c0=0.34 clear=0.22 prog=0.00 rel=0.99 bal=+0.04 obs=186 hard=174 obsc=186 yr= 14G nz=0.01 flt=0.13 dmap=+0/-0 shz=3.7 plan=7 cmd=(lx=+0.00,ly=+0.00,rx=+0.45)
  t=133.9 AGR-DOOR-AL. pos=(-4.27,+1.73) yaw=+162.0 d=1.39 goal_err=-53 carrot_err= -51 c0=0.34 clear=0.22 prog=0.00 rel=0.99 bal=+0.04 obs=186 hard=174 obsc=186 yr= 14  nz=0.01 flt=0.01 dmap=+0/-0 shz=3.7 plan=7 cmd=(lx=+0.00,ly=+0.00,rx=+0.00)
  t=134.3 AGR-DOOR-AL. pos=(-4.27,+1.73) yaw=+159.1 d=1.39 goal_err=-50 carrot_err= -48 c0=0.34 clear=0.22 prog=0.00 rel=0.99 bal=+0.05 obs=186 hard=173 obsc=184 yr= 14G nz=0.01 flt=0.04 dmap=+0/-0 shz=3.7 plan=7 cmd=(lx=+0.00,ly=+0.00,rx=+0.00)
  t=134.7 AGR-DOOR-AL pos=(-4.27,+1.73) yaw=+157.6 d=1.39 goal_err=-48 carrot_err= -47 c0=0.34 clear=0.22 prog=0.00 rel=0.98 bal=+0.05 obs=184 hard=174 obsc=185 yr=  0G nz=0.02 flt=0.07 dmap=+0/-0 shz=3.7 plan=7 cmd=(lx=+0.00,ly=+0.00,rx=+0.45)
  t=135.1 AGR-DOOR-AL. pos=(-4.27,+1.73) yaw=+153.1 d=1.39 goal_err=-44 carrot_err= -42 c0=0.34 clear=0.22 prog=0.00 rel=0.98 bal=+0.05 obs=184 hard=174 obsc=185 yr=  0  nz=0.02 flt=0.00 dmap=+0/-0 shz=3.7 plan=7 cmd=(lx=+0.00,ly=+0.00,rx=+0.00)
  t=135.5 AGR-DOOR-AL. pos=(-4.27,+1.73) yaw=+150.1 d=1.39 goal_err=-41 carrot_err= -39 c0=0.34 clear=0.22 prog=0.00 rel=0.98 bal=+0.05 obs=183 hard=171 obsc=183 yr= 14G nz=0.02 flt=0.00 dmap=+0/-0 shz=3.7 plan=7 cmd=(lx=+0.00,ly=+0.00,rx=+0.00)
  t=136.0 AGR-DOOR-GO pos=(-4.28,+1.74) yaw=+148.6 d=1.38 goal_err=-40 carrot_err= -38 c0=0.32 clear=0.22 prog=0.01 rel=0.97 bal=+0.05 obs=183 hard=173 obsc=182 yr=  0  nz=0.03 flt=0.00 dmap=+0/-1 shz=3.7 plan=7 cmd=(lx=+0.00,ly=+0.28,rx=+0.00)
  t=136.4 AGR-DOOR-GO pos=(-4.30,+1.75) yaw=+148.6 d=1.36 goal_err=-40 carrot_err= -39 c0=0.30 clear=0.20 prog=0.05 rel=0.96 bal=+0.04 obs=182 hard=172 obsc=181 yr=  0  nz=0.04 flt=0.01 dmap=+0/-0 shz=3.7 plan=7 cmd=(lx=+0.00,ly=+0.28,rx=+0.00)
  t=136.8 AGR-DOOR-GO pos=(-4.32,+1.76) yaw=+148.6 d=1.34 goal_err=-41 carrot_err= -40 c0=0.28 clear=0.19 prog=0.08 rel=0.95 bal=+0.05 obs=181 hard=170 obsc=180 yr=  0  nz=0.05 flt=0.00 dmap=+0/-0 shz=3.7 plan=7 cmd=(lx=+0.00,ly=+0.28,rx=+0.00)
  t=137.2 AGR-DOOR-GO pos=(-4.34,+1.78) yaw=+148.6 d=1.32 goal_err=-42 carrot_err= -41 c0=0.34 clear=0.23 prog=0.11 rel=0.94 bal=+0.05 obs=181 hard=169 obsc=179 yr=  0  nz=0.06 flt=0.00 dmap=+0/-0 shz=3.7 plan=7 cmd=(lx=+0.00,ly=+0.28,rx=+0.00)
  t=137.6 AGR-DOOR-GO pos=(-4.36,+1.79) yaw=+148.6 d=1.30 goal_err=-42 carrot_err= -42 c0=0.32 clear=0.21 prog=0.14 rel=0.96 bal=+0.06 obs=181 hard=169 obsc=179 yr=  0  nz=0.04 flt=0.00 dmap=+0/-0 shz=3.7 plan=7 cmd=(lx=+0.00,ly=+0.28,rx=+0.00)
  t=138.1 AGR-STOP pos=(-4.38,+1.80) yaw=+148.6 d=1.29 goal_err=-43 carrot_err= -43 c0=0.30 clear=0.20 prog=0.13 rel=0.95 bal=+0.06 obs=178 hard=166 obsc=176 yr=  0  nz=0.05 flt=0.02 dmap=+0/-0 shz=3.7 plan=7 cmd=(lx=+0.00,ly=+0.00,rx=+0.00)
  t=138.5 AGR-STOP pos=(-4.38,+1.80) yaw=+148.6 d=1.29 goal_err=-43 carrot_err= -43 c0=0.30 clear=0.20 prog=0.10 rel=0.95 bal=+0.06 obs=178 hard=166 obsc=176 yr=  0  nz=0.05 flt=0.02 dmap=+0/-0 shz=3.7 plan=7 cmd=(lx=+0.00,ly=+0.00,rx=+0.00)
  t=138.9 AGR-STOP pos=(-4.38,+1.80) yaw=+148.6 d=1.29 goal_err=-43 carrot_err= -43 c0=0.30 clear=0.20 prog=0.07 rel=0.95 bal=+0.06 obs=178 hard=166 obsc=176 yr=  0  nz=0.05 flt=0.02 dmap=+0/-0 shz=3.7 plan=7 cmd=(lx=+0.00,ly=+0.00,rx=+0.00)

  COLISION #5 [odom] en (-4.38,+1.80) -> marco y recupero.
  t=139.4 AGR-R-BACK pos=(-4.36,+1.78) yaw=+148.6 d=1.31 goal_err=-42 carrot_err= -42 c0=0.32 clear=0.22 prog=0.01 rel=0.98 bal=+0.06 obs=179 hard=167 obsc=177 yr=  0  nz=0.02 flt=0.02 dmap=+0/-0 shz=3.5 plan=0 cmd=(lx=+0.00,ly=-0.35,rx=+0.00)
  t=139.8 AGR-R-TURN pos=(-4.33,+1.76) yaw=+150.1 d=1.34 goal_err=-43 carrot_err= -42 c0=0.28 clear=0.18 prog=0.00 rel=0.95 bal=+0.05 obs=179 hard=167 obsc=177 yr= 14G nz=0.05 flt=0.00 dmap=+0/-0 shz=3.5 plan=0 cmd=(lx=+0.00,ly=+0.00,rx=-0.45)
  t=140.2 AGR-R-TURN pos=(-4.33,+1.76) yaw=+156.1 d=1.34 goal_err=-49 carrot_err= -48 c0=0.28 clear=0.18 prog=0.00 rel=0.94 bal=+0.05 obs=179 hard=167 obsc=177 yr= 14G nz=0.05 flt=0.00 dmap=+0/-0 shz=3.5 plan=0 cmd=(lx=+0.00,ly=+0.00,rx=-0.45)
  t=140.6 AGR-R-TURN pos=(-4.33,+1.76) yaw=+162.0 d=1.34 goal_err=-54 carrot_err= -54 c0=0.28 clear=0.18 prog=0.00 rel=0.95 bal=+0.05 obs=179 hard=167 obsc=177 yr= 14G nz=0.05 flt=0.08 dmap=+0/-0 shz=3.5 plan=0 cmd=(lx=+0.00,ly=+0.00,rx=-0.45)
  t=141.0 AGR-DOOR-AL pos=(-4.33,+1.76) yaw=+168.0 d=1.34 goal_err=-60 carrot_err= -60 c0=0.28 clear=0.18 prog=0.00 rel=0.95 bal=+0.05 obs=179 hard=167 obsc=177 yr= 14G nz=0.05 flt=0.00 dmap=+0/-0 shz=3.7 plan=7 cmd=(lx=+0.00,ly=+0.00,rx=+0.45)
  t=141.5 AGR-DOOR-AL pos=(-4.33,+1.76) yaw=+162.0 d=1.34 goal_err=-54 carrot_err= -54 c0=0.28 clear=0.18 prog=0.00 rel=0.99 bal=+0.05 obs=179 hard=167 obsc=177 yr= 14G nz=0.01 flt=0.04 dmap=+0/-0 shz=3.7 plan=7 cmd=(lx=+0.00,ly=+0.00,rx=+0.45)
  t=141.9 AGR-DOOR-AL pos=(-4.33,+1.76) yaw=+156.1 d=1.34 goal_err=-49 carrot_err= -48 c0=0.28 clear=0.18 prog=0.00 rel=0.98 bal=+0.05 obs=179 hard=167 obsc=177 yr= 14G nz=0.02 flt=0.00 dmap=+0/-0 shz=3.7 plan=7 cmd=(lx=+0.00,ly=+0.00,rx=+0.45)
  t=142.3 AGR-DOOR-AL. pos=(-4.33,+1.76) yaw=+151.6 d=1.34 goal_err=-44 carrot_err= -43 c0=0.28 clear=0.18 prog=0.00 rel=0.98 bal=+0.05 obs=182 hard=169 obsc=181 yr=  0  nz=0.02 flt=0.01 dmap=+0/-0 shz=3.7 plan=7 cmd=(lx=+0.00,ly=+0.00,rx=+0.00)
  t=142.8 AGR-DOOR-AL. pos=(-4.33,+1.76) yaw=+148.6 d=1.34 goal_err=-41 carrot_err= -40 c0=0.28 clear=0.18 prog=0.00 rel=0.97 bal=+0.05 obs=182 hard=169 obsc=181 yr= 14G nz=0.03 flt=0.00 dmap=+0/-0 shz=3.7 plan=7 cmd=(lx=+0.00,ly=+0.00,rx=+0.00)
  t=143.2 AGR-DOOR-AL pos=(-4.33,+1.76) yaw=+145.7 d=1.34 goal_err=-38 carrot_err= -38 c0=0.36 clear=0.24 prog=0.00 rel=0.93 bal=+0.05 obs=182 hard=170 obsc=181 yr=  0G nz=0.07 flt=0.00 dmap=+0/-0 shz=3.7 plan=7 cmd=(lx=+0.00,ly=+0.00,rx=+0.45)
  t=143.6 AGR-DOOR-AL pos=(-4.33,+1.76) yaw=+142.7 d=1.34 goal_err=-35 carrot_err= -35 c0=0.36 clear=0.24 prog=0.00 rel=0.92 bal=+0.05 obs=182 hard=170 obsc=181 yr=  0  nz=0.08 flt=0.05 dmap=+0/-0 shz=3.7 plan=7 cmd=(lx=+0.00,ly=+0.00,rx=+0.45)

  DESATASCO #3 en (-4.33,+1.76).
  t=144.0 AGR-BRK-BK pos=(-4.33,+1.76) yaw=+138.2 d=1.34 goal_err=-31 carrot_err= -30 c0=0.36 clear=0.24 prog=0.00 rel=0.92 bal=+0.04 obs=181 hard=170 obsc=181 yr= 14  nz=0.08 flt=0.05 dmap=+0/-1 shz=3.7 plan=0 cmd=(lx=+0.00,ly=-0.35,rx=+0.00)
  t=144.4 AGR-BRK-BK pos=(-4.30,+1.74) yaw=+138.2 d=1.37 goal_err=-30 carrot_err= -29 c0=0.40 clear=0.27 prog=0.00 rel=0.94 bal=+0.04 obs=182 hard=170 obsc=180 yr=  0  nz=0.06 flt=0.02 dmap=+0/-0 shz=3.7 plan=0 cmd=(lx=+0.00,ly=-0.35,rx=+0.00)
  t=144.9 AGR-BRK-TR pos=(-4.28,+1.72) yaw=+141.2 d=1.39 goal_err=-32 carrot_err= -31 c0=0.42 clear=0.28 prog=0.00 rel=0.95 bal=+0.04 obs=182 hard=171 obsc=180 yr= 14G nz=0.05 flt=0.14 dmap=+0/-0 shz=3.7 plan=0 cmd=(lx=+0.00,ly=+0.00,rx=-0.45)
  t=145.3 AGR-BRK-TR pos=(-4.28,+1.72) yaw=+147.1 d=1.39 goal_err=-38 carrot_err= -37 c0=0.33 clear=0.22 prog=0.00 rel=0.94 bal=+0.04 obs=182 hard=171 obsc=180 yr= 14G nz=0.06 flt=0.04 dmap=+0/-0 shz=3.7 plan=0 cmd=(lx=+0.00,ly=+0.00,rx=-0.45)
  t=145.7 AGR-BRK-TR pos=(-4.28,+1.72) yaw=+153.1 d=1.39 goal_err=-44 carrot_err= -43 c0=0.33 clear=0.22 prog=0.00 rel=0.93 bal=+0.04 obs=182 hard=171 obsc=180 yr= 14G nz=0.07 flt=0.00 dmap=+0/-0 shz=3.7 plan=0 cmd=(lx=+0.00,ly=+0.00,rx=-0.45)
  t=146.1 AGR-BRK-TR pos=(-4.28,+1.72) yaw=+159.1 d=1.39 goal_err=-50 carrot_err= -49 c0=0.33 clear=0.22 prog=0.00 rel=0.88 bal=+0.03 obs=182 hard=171 obsc=180 yr= 14G nz=0.08 flt=0.21 dmap=+0/-0 shz=3.7 plan=0 cmd=(lx=+0.00,ly=+0.00,rx=-0.45)
  t=146.6 AGR-BRK-TR pos=(-4.28,+1.72) yaw=+165.0 d=1.39 goal_err=-56 carrot_err= -55 c0=0.33 clear=0.22 prog=0.00 rel=0.93 bal=+0.03 obs=182 hard=171 obsc=180 yr= 15G nz=0.07 flt=0.05 dmap=+0/-0 shz=3.7 plan=0 cmd=(lx=+0.00,ly=+0.00,rx=-0.45)
  t=147.0 AGR-DOOR-AL pos=(-4.28,+1.72) yaw=+171.0 d=1.39 goal_err=-62 carrot_err= -61 c0=0.33 clear=0.22 prog=0.00 rel=0.98 bal=+0.03 obs=182 hard=171 obsc=180 yr= 14G nz=0.02 flt=0.00 dmap=+0/-0 shz=3.7 plan=7 cmd=(lx=+0.00,ly=+0.00,rx=+0.45)
  t=147.4 AGR-DOOR-AL pos=(-4.28,+1.72) yaw=+169.5 d=1.39 goal_err=-61 carrot_err= -59 c0=0.33 clear=0.22 prog=0.00 rel=0.98 bal=+0.03 obs=182 hard=171 obsc=180 yr= 28G nz=0.02 flt=0.07 dmap=+0/-0 shz=3.7 plan=7 cmd=(lx=+0.00,ly=+0.00,rx=+0.45)
  t=147.8 AGR-DOOR-AL pos=(-4.28,+1.72) yaw=+165.0 d=1.39 goal_err=-56 carrot_err= -55 c0=0.33 clear=0.22 prog=0.00 rel=0.98 bal=+0.03 obs=182 hard=170 obsc=180 yr= 14  nz=0.02 flt=0.10 dmap=+0/-0 shz=3.7 plan=7 cmd=(lx=+0.00,ly=+0.00,rx=+0.45)
  t=148.3 AGR-DOOR-AL. pos=(-4.28,+1.72) yaw=+160.6 d=1.39 goal_err=-52 carrot_err= -50 c0=0.33 clear=0.22 prog=0.00 rel=0.98 bal=+0.03 obs=185 hard=172 obsc=183 yr= 14  nz=0.02 flt=0.15 dmap=+3/-0 shz=3.7 plan=7 cmd=(lx=+0.00,ly=+0.00,rx=+0.00)
  t=148.7 AGR-DOOR-AL. pos=(-4.28,+1.72) yaw=+159.1 d=1.39 goal_err=-50 carrot_err= -49 c0=0.33 clear=0.22 prog=0.00 rel=0.98 bal=+0.03 obs=185 hard=172 obsc=183 yr= 14G nz=0.02 flt=0.07 dmap=+0/-0 shz=3.7 plan=7 cmd=(lx=+0.00,ly=+0.00,rx=+0.00)
  t=149.1 AGR-DOOR-AL pos=(-4.28,+1.72) yaw=+157.6 d=1.39 goal_err=-49 carrot_err= -47 c0=0.33 clear=0.22 prog=0.00 rel=0.98 bal=+0.04 obs=185 hard=174 obsc=184 yr=  0G nz=0.02 flt=0.00 dmap=+0/-0 shz=3.7 plan=7 cmd=(lx=+0.00,ly=+0.00,rx=+0.45)
  t=149.5 AGR-DOOR-AL. pos=(-4.28,+1.72) yaw=+153.1 d=1.39 goal_err=-44 carrot_err= -43 c0=0.33 clear=0.22 prog=0.00 rel=0.98 bal=+0.04 obs=185 hard=173 obsc=183 yr=  0  nz=0.02 flt=0.01 dmap=+0/-0 shz=3.7 plan=7 cmd=(lx=+0.00,ly=+0.00,rx=+0.00)
  t=150.0 AGR-DOOR-AL. pos=(-4.28,+1.72) yaw=+150.1 d=1.39 goal_err=-41 carrot_err= -40 c0=0.33 clear=0.22 prog=0.00 rel=0.98 bal=+0.04 obs=185 hard=173 obsc=183 yr= 14G nz=0.02 flt=0.01 dmap=+0/-0 shz=3.7 plan=7 cmd=(lx=+0.00,ly=+0.00,rx=+0.00)
  t=150.4 AGR-DOOR-GO pos=(-4.29,+1.73) yaw=+148.6 d=1.38 goal_err=-40 carrot_err= -39 c0=0.32 clear=0.21 prog=0.02 rel=0.98 bal=+0.03 obs=181 hard=173 obsc=182 yr=  0  nz=0.02 flt=0.08 dmap=+0/-0 shz=3.7 plan=7 cmd=(lx=+0.00,ly=+0.28,rx=+0.00)
  t=150.8 AGR-DOOR-GO pos=(-4.31,+1.74) yaw=+148.6 d=1.36 goal_err=-41 carrot_err= -40 c0=0.30 clear=0.20 prog=0.05 rel=0.97 bal=+0.03 obs=183 hard=171 obsc=181 yr=  0  nz=0.03 flt=0.00 dmap=+1/-0 shz=3.7 plan=7 cmd=(lx=+0.00,ly=+0.28,rx=+0.00)
  t=151.2 AGR-DOOR-GO pos=(-4.33,+1.75) yaw=+148.6 d=1.35 goal_err=-41 carrot_err= -41 c0=0.27 clear=0.18 prog=0.08 rel=0.96 bal=+0.04 obs=183 hard=171 obsc=181 yr=  0  nz=0.04 flt=0.00 dmap=+0/-0 shz=3.7 plan=7 cmd=(lx=+0.00,ly=+0.28,rx=+0.00)
  t=151.6 AGR-DOOR-GO pos=(-4.35,+1.77) yaw=+148.6 d=1.33 goal_err=-42 carrot_err= -42 c0=0.25 clear=0.17 prog=0.11 rel=0.95 bal=+0.04 obs=181 hard=171 obsc=180 yr=  0  nz=0.05 flt=0.00 dmap=+0/-0 shz=3.7 plan=7 cmd=(lx=+0.00,ly=+0.28,rx=+0.00)
  t=152.1 AGR-DOOR-AL pos=(-4.36,+1.77) yaw=+148.6 d=1.32 goal_err=-42 carrot_err= -43 c0=0.24 clear=0.16 prog=0.13 rel=0.95 bal=+0.04 obs=182 hard=172 obsc=182 yr=  0  nz=0.05 flt=0.00 dmap=+1/-0 shz=3.7 plan=7 cmd=(lx=+0.00,ly=+0.00,rx=+0.45)
  t=152.5 AGR-DOOR-AL. pos=(-4.36,+1.77) yaw=+145.7 d=1.32 goal_err=-39 carrot_err= -40 c0=0.33 clear=0.22 prog=0.10 rel=0.94 bal=+0.04 obs=183 hard=172 obsc=181 yr=  0  nz=0.06 flt=0.09 dmap=+0/-0 shz=3.7 plan=7 cmd=(lx=+0.00,ly=+0.00,rx=+0.00)

  COLISION #6 [odom] en (-4.36,+1.77) -> marco y recupero.
  t=152.9 AGR-R-BACK pos=(-4.36,+1.77) yaw=+142.7 d=1.32 goal_err=-36 carrot_err= -37 c0=0.33 clear=0.22 prog=0.06 rel=0.93 bal=+0.04 obs=183 hard=173 obsc=183 yr= 14G nz=0.07 flt=0.04 dmap=+0/-0 shz=3.7 plan=0 cmd=(lx=+0.00,ly=-0.35,rx=+0.00)
  t=153.3 AGR-R-BACK pos=(-4.33,+1.75) yaw=+141.2 d=1.35 goal_err=-34 carrot_err= -34 c0=0.37 clear=0.24 prog=0.00 rel=0.92 bal=+0.03 obs=184 hard=172 obsc=182 yr=  0  nz=0.08 flt=0.05 dmap=+0/-1 shz=3.7 plan=0 cmd=(lx=+0.00,ly=-0.35,rx=+0.00)
  t=153.8 AGR-R-TURN pos=(-4.31,+1.73) yaw=+144.2 d=1.37 goal_err=-36 carrot_err= -36 c0=0.29 clear=0.20 prog=0.00 rel=0.96 bal=+0.02 obs=184 hard=172 obsc=182 yr= 14G nz=0.04 flt=0.16 dmap=+0/-0 shz=3.7 plan=0 cmd=(lx=+0.00,ly=+0.00,rx=-0.45)
  t=154.2 AGR-R-TURN pos=(-4.31,+1.73) yaw=+150.1 d=1.37 goal_err=-42 carrot_err= -42 c0=0.29 clear=0.20 prog=0.00 rel=0.95 bal=+0.02 obs=184 hard=172 obsc=182 yr= 14G nz=0.05 flt=0.00 dmap=+0/-0 shz=3.7 plan=0 cmd=(lx=+0.00,ly=+0.00,rx=-0.45)
  t=154.6 AGR-R-TURN pos=(-4.31,+1.73) yaw=+156.1 d=1.37 goal_err=-48 carrot_err= -48 c0=0.29 clear=0.20 prog=0.00 rel=0.94 bal=+0.02 obs=184 hard=172 obsc=182 yr= 14G nz=0.05 flt=0.09 dmap=+0/-0 shz=3.7 plan=0 cmd=(lx=+0.00,ly=+0.00,rx=-0.45)
  t=155.0 AGR-DOOR-AL pos=(-4.31,+1.73) yaw=+162.0 d=1.37 goal_err=-54 carrot_err= -54 c0=0.29 clear=0.20 prog=0.00 rel=0.95 bal=+0.02 obs=184 hard=172 obsc=182 yr= 14G nz=0.05 flt=0.00 dmap=+0/-0 shz=3.7 plan=7 cmd=(lx=+0.00,ly=+0.00,rx=+0.45)
  t=155.5 AGR-DOOR-AL pos=(-4.31,+1.73) yaw=+154.6 d=1.37 goal_err=-47 carrot_err= -46 c0=0.29 clear=0.20 prog=0.00 rel=0.99 bal=+0.02 obs=184 hard=172 obsc=182 yr= 14G nz=0.01 flt=0.00 dmap=+0/-0 shz=4.0 plan=7 cmd=(lx=+0.00,ly=+0.00,rx=+0.45)
  t=155.9 AGR-DOOR-AL. pos=(-4.31,+1.73) yaw=+150.1 d=1.37 goal_err=-42 carrot_err= -42 c0=0.29 clear=0.20 prog=0.00 rel=0.99 bal=+0.02 obs=184 hard=172 obsc=182 yr= 14G nz=0.01 flt=0.02 dmap=+0/-0 shz=4.0 plan=7 cmd=(lx=+0.00,ly=+0.00,rx=+0.00)
  t=156.3 AGR-DOOR-AL pos=(-4.31,+1.73) yaw=+148.6 d=1.37 goal_err=-41 carrot_err= -40 c0=0.29 clear=0.20 prog=0.00 rel=0.99 bal=+0.02 obs=184 hard=172 obsc=182 yr=  0G nz=0.01 flt=0.00 dmap=+0/-0 shz=4.0 plan=7 cmd=(lx=+0.00,ly=+0.00,rx=+0.45)
  t=156.7 AGR-DOOR-AL. pos=(-4.31,+1.73) yaw=+144.2 d=1.37 goal_err=-36 carrot_err= -36 c0=0.29 clear=0.20 prog=0.00 rel=0.99 bal=+0.02 obs=187 hard=175 obsc=184 yr=  0  nz=0.01 flt=0.16 dmap=+0/-0 shz=4.0 plan=7 cmd=(lx=+0.00,ly=+0.00,rx=+0.00)
  t=157.2 AGR-DOOR-AL. pos=(-4.31,+1.73) yaw=+141.2 d=1.37 goal_err=-33 carrot_err= -33 c0=0.39 clear=0.26 prog=0.00 rel=0.99 bal=+0.02 obs=187 hard=176 obsc=185 yr= 14G nz=0.01 flt=0.02 dmap=+0/-0 shz=4.0 plan=7 cmd=(lx=+0.00,ly=+0.00,rx=+0.00)
  t=157.6 AGR-DOOR-AL pos=(-4.31,+1.73) yaw=+139.7 d=1.37 goal_err=-32 carrot_err= -31 c0=0.39 clear=0.26 prog=0.00 rel=0.92 bal=+0.02 obs=182 hard=172 obsc=174 yr=  0G nz=0.08 flt=0.04 dmap=+0/-0 shz=4.0 plan=7 cmd=(lx=+0.00,ly=+0.00,rx=+0.45)

  DESATASCO #4 en (-4.31,+1.73).
  t=158.0 AGR-BRK-BK pos=(-4.31,+1.73) yaw=+136.7 d=1.37 goal_err=-29 carrot_err= -28 c0=0.39 clear=0.26 prog=0.00 rel=0.92 bal=+0.02 obs=183 hard=172 obsc=174 yr=  0  nz=0.09 flt=0.00 dmap=+0/-0 shz=3.9 plan=0 cmd=(lx=+0.00,ly=-0.35,rx=+0.00)
  t=158.4 AGR-BRK-TR pos=(-4.27,+1.69) yaw=+136.7 d=1.43 goal_err=-28 carrot_err= -27 c0=0.34 clear=0.22 prog=0.00 rel=0.92 bal=+0.02 obs=178 hard=172 obsc=173 yr=  0  nz=0.08 flt=0.00 dmap=+0/-4 shz=3.9 plan=0 cmd=(lx=+0.00,ly=+0.00,rx=-0.45)
  t=158.9 AGR-BRK-TR pos=(-4.26,+1.68) yaw=+141.2 d=1.44 goal_err=-32 carrot_err= -31 c0=0.36 clear=0.24 prog=0.00 rel=0.96 bal=+0.02 obs=178 hard=172 obsc=173 yr= 14G nz=0.04 flt=0.00 dmap=+0/-0 shz=3.9 plan=0 cmd=(lx=+0.00,ly=+0.00,rx=-0.45)
  t=159.3 AGR-BRK-TR pos=(-4.26,+1.68) yaw=+147.1 d=1.44 goal_err=-38 carrot_err= -37 c0=0.36 clear=0.24 prog=0.00 rel=0.96 bal=+0.02 obs=178 hard=172 obsc=173 yr= 14G nz=0.04 flt=0.04 dmap=+0/-0 shz=3.9 plan=0 cmd=(lx=+0.00,ly=+0.00,rx=-0.45)
  t=159.7 AGR-BRK-TR pos=(-4.26,+1.68) yaw=+153.1 d=1.44 goal_err=-44 carrot_err= -43 c0=0.36 clear=0.24 prog=0.00 rel=0.96 bal=+0.02 obs=178 hard=172 obsc=173 yr= 14G nz=0.04 flt=0.15 dmap=+0/-0 shz=3.9 plan=0 cmd=(lx=+0.00,ly=+0.00,rx=-0.45)
  t=160.1 AGR-BRK-TR pos=(-4.26,+1.68) yaw=+159.1 d=1.44 goal_err=-50 carrot_err= -49 c0=0.36 clear=0.24 prog=0.00 rel=0.97 bal=-0.00 obs=178 hard=172 obsc=173 yr= 14G nz=0.02 flt=0.10 dmap=+0/-0 shz=3.9 plan=0 cmd=(lx=+0.00,ly=+0.00,rx=-0.45)
  t=160.6 AGR-BRK-TR pos=(-4.26,+1.68) yaw=+165.0 d=1.44 goal_err=-56 carrot_err= -55 c0=0.36 clear=0.24 prog=0.00 rel=0.99 bal=-0.02 obs=178 hard=172 obsc=173 yr= 14G nz=0.01 flt=0.05 dmap=+0/-0 shz=3.9 plan=0 cmd=(lx=+0.00,ly=+0.00,rx=-0.45)
  t=161.0 AGR-DOOR-AL pos=(-4.26,+1.68) yaw=+171.0 d=1.44 goal_err=-62 carrot_err= -56 c0=0.35 clear=0.23 prog=0.00 rel=0.99 bal=-0.02 obs=178 hard=172 obsc=173 yr= 14G nz=0.01 flt=0.00 dmap=+0/-0 shz=3.9 plan=8 cmd=(lx=+0.00,ly=+0.00,rx=+0.45)
  t=161.4 AGR-DOOR-AL pos=(-4.26,+1.68) yaw=+166.5 d=1.44 goal_err=-57 carrot_err= -51 c0=0.36 clear=0.24 prog=0.00 rel=0.98 bal=-0.02 obs=178 hard=172 obsc=173 yr= 14G nz=0.01 flt=0.10 dmap=+0/-0 shz=3.9 plan=8 cmd=(lx=+0.00,ly=+0.00,rx=+0.45)
  t=161.8 AGR-DOOR-AL pos=(-4.26,+1.68) yaw=+160.6 d=1.44 goal_err=-51 carrot_err= -45 c0=0.36 clear=0.24 prog=0.00 rel=0.98 bal=-0.00 obs=178 hard=172 obsc=173 yr= 14G nz=0.02 flt=0.11 dmap=+0/-0 shz=3.9 plan=8 cmd=(lx=+0.00,ly=+0.00,rx=+0.45)
  t=162.3 AGR-DOOR-AL pos=(-4.26,+1.68) yaw=+157.6 d=1.44 goal_err=-48 carrot_err= -42 c0=0.36 clear=0.24 prog=0.00 rel=0.98 bal=+0.02 obs=179 hard=167 obsc=170 yr=  0  nz=0.02 flt=0.06 dmap=+0/-0 shz=3.9 plan=8 cmd=(lx=+0.00,ly=+0.00,rx=+0.45)
  t=162.7 AGR-DOOR-AL. pos=(-4.26,+1.68) yaw=+153.1 d=1.44 goal_err=-44 carrot_err= -38 c0=0.36 clear=0.24 prog=0.00 rel=0.98 bal=+0.02 obs=179 hard=168 obsc=170 yr= 14  nz=0.02 flt=0.00 dmap=+0/-0 shz=3.9 plan=8 cmd=(lx=+0.00,ly=+0.00,rx=+0.00)
  t=163.1 AGR-DOOR-AL. pos=(-4.26,+1.68) yaw=+150.1 d=1.44 goal_err=-41 carrot_err= -35 c0=0.36 clear=0.24 prog=0.00 rel=0.99 bal=+0.02 obs=179 hard=168 obsc=170 yr= 14G nz=0.01 flt=0.05 dmap=+0/-0 shz=3.9 plan=8 cmd=(lx=+0.00,ly=+0.00,rx=+0.00)
  t=163.5 AGR-DOOR-AL pos=(-4.26,+1.68) yaw=+148.6 d=1.44 goal_err=-39 carrot_err= -33 c0=0.36 clear=0.24 prog=0.00 rel=0.98 bal=+0.02 obs=182 hard=171 obsc=174 yr=  0G nz=0.02 flt=0.02 dmap=+0/-0 shz=3.9 plan=8 cmd=(lx=+0.00,ly=+0.00,rx=+0.45)
  t=164.0 AGR-DOOR-AL. pos=(-4.26,+1.68) yaw=+142.7 d=1.44 goal_err=-34 carrot_err= -27 c0=0.36 clear=0.24 prog=0.00 rel=0.99 bal=+0.02 obs=181 hard=172 obsc=174 yr= 14  nz=0.01 flt=0.00 dmap=+0/-1 shz=3.9 plan=8 cmd=(lx=+0.00,ly=+0.00,rx=+0.00)
  t=164.4 AGR-DOOR-GO pos=(-4.26,+1.68) yaw=+138.2 d=1.44 goal_err=-29 carrot_err= -23 c0=0.35 clear=0.23 prog=0.00 rel=0.99 bal=+0.02 obs=181 hard=172 obsc=174 yr= 28  nz=0.01 flt=0.09 dmap=+0/-0 shz=3.9 plan=8 cmd=(lx=+0.00,ly=+0.28,rx=+0.00)
  t=164.8 AGR-DOOR-GO pos=(-4.28,+1.70) yaw=+138.2 d=1.42 goal_err=-30 carrot_err= -23 c0=0.34 clear=0.23 prog=0.04 rel=0.97 bal=+0.02 obs=181 hard=172 obsc=174 yr=  0  nz=0.03 flt=0.00 dmap=+0/-0 shz=3.9 plan=8 cmd=(lx=+0.00,ly=+0.28,rx=+0.00)
  t=165.2 AGR-DOOR-GO pos=(-4.29,+1.71) yaw=+138.2 d=1.40 goal_err=-30 carrot_err= -29 c0=0.42 clear=0.28 prog=0.07 rel=0.94 bal=+0.02 obs=179 hard=170 obsc=171 yr=  0  nz=0.06 flt=0.00 dmap=+0/-0 shz=3.9 plan=8 cmd=(lx=+0.00,ly=+0.28,rx=+0.00)
  t=165.7 AGR-DOOR-AL. pos=(-4.31,+1.73) yaw=+138.2 d=1.37 goal_err=-30 carrot_err= -30 c0=0.39 clear=0.26 prog=0.11 rel=0.94 bal=+0.02 obs=178 hard=170 obsc=171 yr=  0  nz=0.06 flt=0.01 dmap=+0/-0 shz=3.9 plan=7 cmd=(lx=+0.00,ly=+0.00,rx=+0.00)
  t=166.1 AGR-DOOR-AL pos=(-4.32,+1.73) yaw=+136.7 d=1.37 goal_err=-29 carrot_err= -29 c0=0.39 clear=0.26 prog=0.12 rel=0.94 bal=+0.02 obs=179 hard=170 obsc=172 yr= 14G nz=0.06 flt=0.01 dmap=+0/-0 shz=3.9 plan=7 cmd=(lx=+0.00,ly=+0.00,rx=+0.45)
  t=166.5 AGR-DOOR-AL pos=(-4.32,+1.73) yaw=+133.7 d=1.37 goal_err=-26 carrot_err= -26 c0=0.39 clear=0.26 prog=0.10 rel=0.95 bal=+0.02 obs=179 hard=170 obsc=172 yr=  0G nz=0.05 flt=0.04 dmap=+0/-0 shz=3.9 plan=7 cmd=(lx=+0.00,ly=+0.00,rx=+0.45)
  t=166.9 AGR-DOOR-GO pos=(-4.32,+1.74) yaw=+130.8 d=1.36 goal_err=-23 carrot_err= -23 c0=0.27 clear=0.18 prog=0.08 rel=0.93 bal=-0.00 obs=179 hard=171 obsc=171 yr=  0  nz=0.07 flt=0.00 dmap=+0/-0 shz=3.9 plan=7 cmd=(lx=+0.00,ly=+0.28,rx=+0.00)
  t=167.4 AGR-DOOR-GO pos=(-4.34,+1.76) yaw=+130.8 d=1.34 goal_err=-24 carrot_err= -24 c0=0.35 clear=0.23 prog=0.09 rel=0.91 bal=-0.01 obs=179 hard=171 obsc=171 yr=  0  nz=0.09 flt=0.00 dmap=+0/-0 shz=3.9 plan=7 cmd=(lx=+0.00,ly=+0.28,rx=+0.00)
  t=167.8 AGR-DOOR-GO pos=(-4.36,+1.78) yaw=+130.8 d=1.31 goal_err=-24 carrot_err= -24 c0=0.33 clear=0.22 prog=0.10 rel=0.91 bal=-0.02 obs=181 hard=172 obsc=173 yr=  0  nz=0.09 flt=0.00 dmap=+1/-0 shz=3.9 plan=7 cmd=(lx=+0.00,ly=+0.28,rx=+0.00)
  t=168.2 AGR-STOP pos=(-4.37,+1.80) yaw=+130.8 d=1.29 goal_err=-25 carrot_err= -25 c0=0.31 clear=0.20 prog=0.14 rel=0.92 bal=-0.02 obs=182 hard=172 obsc=173 yr=  0  nz=0.08 flt=0.00 dmap=+0/-0 shz=3.9 plan=7 cmd=(lx=+0.00,ly=+0.00,rx=+0.00)
  t=168.6 AGR-STOP pos=(-4.37,+1.80) yaw=+130.8 d=1.29 goal_err=-25 carrot_err= -25 c0=0.31 clear=0.20 prog=0.14 rel=0.94 bal=-0.02 obs=181 hard=172 obsc=173 yr=  0  nz=0.06 flt=0.00 dmap=+0/-0 shz=3.9 plan=7 cmd=(lx=+0.00,ly=+0.00,rx=+0.00)
  t=169.0 AGR-STOP pos=(-4.37,+1.80) yaw=+130.8 d=1.29 goal_err=-25 carrot_err= -25 c0=0.31 clear=0.20 prog=0.10 rel=0.94 bal=-0.02 obs=181 hard=172 obsc=173 yr=  0  nz=0.06 flt=0.00 dmap=+0/-0 shz=3.9 plan=7 cmd=(lx=+0.00,ly=+0.00,rx=+0.00)

  COLISION #7 [odom] en (-4.37,+1.80) -> marco y recupero.
  t=169.5 AGR-R-BACK pos=(-4.37,+1.80) yaw=+130.8 d=1.29 goal_err=-25 carrot_err= -25 c0=0.31 clear=0.20 prog=0.06 rel=0.94 bal=-0.02 obs=181 hard=172 obsc=173 yr=  0  nz=0.06 flt=0.00 dmap=+0/-0 shz=3.9 plan=0 cmd=(lx=+0.00,ly=-0.35,rx=+0.00)
  t=169.9 AGR-R-TURN pos=(-4.33,+1.75) yaw=+130.8 d=1.35 goal_err=-24 carrot_err= -23 c0=0.37 clear=0.24 prog=0.00 rel=0.96 bal=-0.00 obs=181 hard=172 obsc=172 yr=  0G nz=0.04 flt=0.01 dmap=+0/-0 shz=3.7 plan=0 cmd=(lx=+0.00,ly=+0.00,rx=-0.45)
  t=170.3 AGR-R-TURN pos=(-4.33,+1.75) yaw=+136.7 d=1.35 goal_err=-29 carrot_err= -29 c0=0.37 clear=0.24 prog=0.00 rel=0.97 bal=+0.02 obs=181 hard=172 obsc=172 yr= 14G nz=0.03 flt=0.06 dmap=+0/-0 shz=3.7 plan=0 cmd=(lx=+0.00,ly=+0.00,rx=-0.45)
  t=170.7 AGR-R-TURN pos=(-4.33,+1.75) yaw=+142.7 d=1.35 goal_err=-35 carrot_err= -35 c0=0.37 clear=0.24 prog=0.00 rel=0.96 bal=+0.03 obs=181 hard=172 obsc=172 yr= 14G nz=0.04 flt=0.01 dmap=+0/-0 shz=3.7 plan=0 cmd=(lx=+0.00,ly=+0.00,rx=-0.45)
  t=171.2 AGR-DOOR-AL. pos=(-4.33,+1.75) yaw=+148.6 d=1.35 goal_err=-41 carrot_err= -41 c0=0.27 clear=0.18 prog=0.00 rel=0.93 bal=+0.03 obs=181 hard=172 obsc=172 yr= 14G nz=0.06 flt=0.15 dmap=+0/-0 shz=3.7 plan=7 cmd=(lx=+0.00,ly=+0.00,rx=+0.00)
  t=171.6 AGR-DOOR-AL. pos=(-4.33,+1.75) yaw=+147.1 d=1.35 goal_err=-40 carrot_err= -40 c0=0.27 clear=0.18 prog=0.00 rel=0.91 bal=+0.03 obs=189 hard=178 obsc=192 yr= 14G nz=0.08 flt=0.14 dmap=+0/-0 shz=3.7 plan=7 cmd=(lx=+0.00,ly=+0.00,rx=+0.00)

  DESATASCO #5 en (-4.33,+1.75).
  t=172.0 AGR-BRK-BK pos=(-4.33,+1.75) yaw=+145.7 d=1.35 goal_err=-38 carrot_err= -38 c0=0.27 clear=0.18 prog=0.00 rel=0.91 bal=+0.03 obs=189 hard=180 obsc=187 yr=  0  nz=0.09 flt=0.00 dmap=+0/-0 shz=3.7 plan=0 cmd=(lx=+0.00,ly=-0.35,rx=+0.00)
  t=172.4 AGR-BRK-TR pos=(-4.28,+1.72) yaw=+145.7 d=1.40 goal_err=-37 carrot_err= -36 c0=0.33 clear=0.22 prog=0.00 rel=0.95 bal=+0.03 obs=189 hard=180 obsc=187 yr=  0G nz=0.04 flt=0.02 dmap=+0/-0 shz=3.7 plan=0 cmd=(lx=+0.00,ly=+0.00,rx=-0.45)
  t=172.9 AGR-BRK-TR pos=(-4.28,+1.72) yaw=+151.6 d=1.40 goal_err=-43 carrot_err= -42 c0=0.33 clear=0.22 prog=0.00 rel=0.95 bal=+0.03 obs=189 hard=180 obsc=187 yr= 14G nz=0.05 flt=0.05 dmap=+0/-0 shz=3.6 plan=0 cmd=(lx=+0.00,ly=+0.00,rx=-0.45)
  t=173.3 AGR-BRK-TR pos=(-4.28,+1.72) yaw=+157.6 d=1.40 goal_err=-49 carrot_err= -48 c0=0.33 clear=0.22 prog=0.00 rel=0.94 bal=+0.03 obs=189 hard=180 obsc=187 yr= 14G nz=0.06 flt=0.01 dmap=+0/-0 shz=3.7 plan=0 cmd=(lx=+0.00,ly=+0.00,rx=-0.45)
  t=173.7 AGR-BRK-TR pos=(-4.28,+1.72) yaw=+163.5 d=1.40 goal_err=-55 carrot_err= -54 c0=0.33 clear=0.22 prog=0.00 rel=0.97 bal=+0.02 obs=189 hard=180 obsc=187 yr= 14G nz=0.02 flt=0.18 dmap=+0/-0 shz=3.7 plan=0 cmd=(lx=+0.00,ly=+0.00,rx=-0.45)
  t=174.1 AGR-BRK-TR pos=(-4.28,+1.72) yaw=+169.5 d=1.40 goal_err=-61 carrot_err= -60 c0=0.33 clear=0.22 prog=0.00 rel=0.97 bal=+0.02 obs=189 hard=180 obsc=187 yr= 14G nz=0.02 flt=0.09 dmap=+0/-0 shz=3.6 plan=0 cmd=(lx=+0.00,ly=+0.00,rx=-0.45)
  t=174.5 AGR-BRK-TR pos=(-4.28,+1.72) yaw=+175.4 d=1.40 goal_err=-67 carrot_err= -65 c0=0.33 clear=0.22 prog=0.00 rel=0.98 bal=+0.02 obs=189 hard=180 obsc=187 yr= 14G nz=0.02 flt=0.01 dmap=+0/-0 shz=3.7 plan=0 cmd=(lx=+0.00,ly=+0.00,rx=-0.45)
  t=175.0 AGR-DOOR-AL pos=(-4.28,+1.72) yaw=+178.4 d=1.40 goal_err=-70 carrot_err= -68 c0=0.33 clear=0.22 prog=0.00 rel=0.96 bal=+0.02 obs=189 hard=180 obsc=187 yr= 14G nz=0.01 flt=0.15 dmap=+0/-0 shz=3.7 plan=7 cmd=(lx=+0.00,ly=+0.00,rx=+0.45)
  t=175.4 AGR-DOOR-AL pos=(-4.28,+1.72) yaw=+172.5 d=1.40 goal_err=-64 carrot_err= -63 c0=0.33 clear=0.22 prog=0.00 rel=0.98 bal=+0.02 obs=189 hard=180 obsc=187 yr= 14G nz=0.02 flt=0.00 dmap=+0/-0 shz=3.7 plan=7 cmd=(lx=+0.00,ly=+0.00,rx=+0.45)
  t=175.8 AGR-DOOR-AL. pos=(-4.28,+1.72) yaw=+166.5 d=1.40 goal_err=-58 carrot_err= -57 c0=0.33 clear=0.22 prog=0.00 rel=0.98 bal=+0.02 obs=191 hard=179 obsc=188 yr= 14  nz=0.02 flt=0.00 dmap=+2/-0 shz=3.7 plan=7 cmd=(lx=+0.00,ly=+0.00,rx=+0.00)
  t=176.2 AGR-DOOR-AL pos=(-4.28,+1.72) yaw=+165.0 d=1.40 goal_err=-56 carrot_err= -55 c0=0.33 clear=0.22 prog=0.00 rel=0.98 bal=+0.02 obs=191 hard=179 obsc=188 yr= 14G nz=0.02 flt=0.04 dmap=+0/-0 shz=3.7 plan=7 cmd=(lx=+0.00,ly=+0.00,rx=+0.45)
  t=176.7 AGR-DOOR-AL pos=(-4.28,+1.72) yaw=+162.0 d=1.40 goal_err=-53 carrot_err= -52 c0=0.33 clear=0.22 prog=0.00 rel=0.98 bal=+0.02 obs=187 hard=181 obsc=188 yr=  0  nz=0.02 flt=0.03 dmap=+0/-0 shz=3.7 plan=7 cmd=(lx=+0.00,ly=+0.00,rx=+0.45)
  t=177.1 AGR-DOOR-AL. pos=(-4.28,+1.72) yaw=+159.1 d=1.40 goal_err=-50 carrot_err= -49 c0=0.33 clear=0.22 prog=0.00 rel=0.98 bal=+0.03 obs=187 hard=175 obsc=184 yr= 14  nz=0.02 flt=0.10 dmap=+0/-0 shz=3.7 plan=7 cmd=(lx=+0.00,ly=+0.00,rx=+0.00)
  t=177.5 AGR-DOOR-AL. pos=(-4.28,+1.72) yaw=+156.1 d=1.40 goal_err=-47 carrot_err= -46 c0=0.33 clear=0.22 prog=0.00 rel=0.99 bal=+0.03 obs=187 hard=175 obsc=184 yr= 14G nz=0.01 flt=0.00 dmap=+0/-0 shz=3.7 plan=7 cmd=(lx=+0.00,ly=+0.00,rx=+0.00)
  t=178.0 AGR-DOOR-AL pos=(-4.28,+1.72) yaw=+154.6 d=1.40 goal_err=-46 carrot_err= -45 c0=0.33 clear=0.22 prog=0.00 rel=0.98 bal=+0.03 obs=188 hard=177 obsc=186 yr=  0G nz=0.02 flt=0.06 dmap=+0/-0 shz=3.7 plan=7 cmd=(lx=+0.00,ly=+0.00,rx=+0.45)
  t=178.4 AGR-DOOR-AL. pos=(-4.28,+1.72) yaw=+150.1 d=1.40 goal_err=-41 carrot_err= -40 c0=0.33 clear=0.22 prog=0.00 rel=0.97 bal=+0.03 obs=188 hard=177 obsc=185 yr=  0  nz=0.03 flt=0.01 dmap=+0/-0 shz=3.7 plan=7 cmd=(lx=+0.00,ly=+0.00,rx=+0.00)
  t=178.8 AGR-DOOR-GO pos=(-4.28,+1.72) yaw=+147.1 d=1.40 goal_err=-38 carrot_err= -37 c0=0.33 clear=0.22 prog=0.00 rel=0.98 bal=+0.03 obs=188 hard=177 obsc=185 yr= 15  nz=0.02 flt=0.01 dmap=+0/-0 shz=3.7 plan=7 cmd=(lx=+0.00,ly=+0.28,rx=+0.00)
  t=179.2 AGR-DOOR-GO pos=(-4.30,+1.73) yaw=+147.1 d=1.38 goal_err=-39 carrot_err= -38 c0=0.31 clear=0.21 prog=0.03 rel=0.97 bal=+0.03 obs=187 hard=177 obsc=184 yr=  0  nz=0.03 flt=0.00 dmap=+0/-0 shz=3.6 plan=7 cmd=(lx=+0.00,ly=+0.28,rx=+0.00)
  t=179.7 AGR-DOOR-AL pos=(-4.32,+1.74) yaw=+147.1 d=1.36 goal_err=-40 carrot_err= -39 c0=0.29 clear=0.19 prog=0.07 rel=0.96 bal=+0.03 obs=184 hard=174 obsc=182 yr=  0  nz=0.04 flt=0.01 dmap=+1/-0 shz=3.6 plan=7 cmd=(lx=+0.00,ly=+0.00,rx=+0.45)

  COLISION #8 [odom] en (-4.32,+1.74) -> marco y recupero.
  t=180.1 AGR-R-BACK pos=(-4.30,+1.73) yaw=+145.7 d=1.38 goal_err=-37 carrot_err= -37 c0=0.31 clear=0.21 prog=0.03 rel=0.95 bal=+0.02 obs=184 hard=173 obsc=182 yr=  0  nz=0.05 flt=0.07 dmap=+0/-0 shz=3.6 plan=0 cmd=(lx=+0.00,ly=-0.35,rx=+0.00)
  t=180.5 AGR-R-TURN pos=(-4.27,+1.71) yaw=+147.1 d=1.41 goal_err=-38 carrot_err= -37 c0=0.35 clear=0.23 prog=0.00 rel=0.94 bal=+0.03 obs=185 hard=175 obsc=183 yr= 14G nz=0.06 flt=0.00 dmap=+0/-0 shz=3.6 plan=0 cmd=(lx=+0.00,ly=+0.00,rx=-0.45)
  t=180.9 AGR-R-TURN pos=(-4.27,+1.71) yaw=+153.1 d=1.41 goal_err=-44 carrot_err= -43 c0=0.35 clear=0.23 prog=0.00 rel=0.94 bal=+0.03 obs=185 hard=175 obsc=183 yr= 14G nz=0.06 flt=0.09 dmap=+0/-0 shz=3.6 plan=0 cmd=(lx=+0.00,ly=+0.00,rx=-0.45)
  t=181.3 AGR-R-TURN pos=(-4.27,+1.71) yaw=+159.1 d=1.41 goal_err=-50 carrot_err= -49 c0=0.35 clear=0.23 prog=0.00 rel=0.94 bal=+0.03 obs=185 hard=175 obsc=183 yr= 14G nz=0.06 flt=0.01 dmap=+0/-0 shz=3.6 plan=0 cmd=(lx=+0.00,ly=+0.00,rx=-0.45)
  t=181.8 AGR-DOOR-AL. pos=(-4.27,+1.71) yaw=+166.5 d=1.41 goal_err=-57 carrot_err= -56 c0=0.35 clear=0.23 prog=0.00 rel=0.96 bal=+0.01 obs=185 hard=175 obsc=183 yr= 27G nz=0.04 flt=0.07 dmap=+0/-0 shz=3.6 plan=7 cmd=(lx=+0.00,ly=+0.00,rx=+0.00)
  t=182.2 AGR-DOOR-AL pos=(-4.27,+1.71) yaw=+165.0 d=1.41 goal_err=-56 carrot_err= -55 c0=0.35 clear=0.23 prog=0.00 rel=0.97 bal=+0.01 obs=185 hard=174 obsc=182 yr=  0G nz=0.03 flt=0.01 dmap=+0/-0 shz=3.6 plan=7 cmd=(lx=+0.00,ly=+0.00,rx=+0.45)
  t=182.6 AGR-DOOR-AL pos=(-4.27,+1.71) yaw=+160.6 d=1.41 goal_err=-51 carrot_err= -50 c0=0.35 clear=0.23 prog=0.00 rel=0.98 bal=+0.03 obs=186 hard=175 obsc=184 yr=  0  nz=0.02 flt=0.02 dmap=+1/-0 shz=3.6 plan=7 cmd=(lx=+0.00,ly=+0.00,rx=+0.45)
  t=183.0 AGR-DOOR-AL. pos=(-4.27,+1.71) yaw=+156.1 d=1.41 goal_err=-47 carrot_err= -46 c0=0.35 clear=0.23 prog=0.00 rel=0.98 bal=+0.03 obs=186 hard=175 obsc=184 yr= 14  nz=0.02 flt=0.00 dmap=+0/-0 shz=3.6 plan=7 cmd=(lx=+0.00,ly=+0.00,rx=+0.00)
  t=183.5 AGR-DOOR-AL pos=(-4.27,+1.71) yaw=+154.6 d=1.41 goal_err=-45 carrot_err= -44 c0=0.35 clear=0.23 prog=0.00 rel=0.99 bal=+0.03 obs=186 hard=175 obsc=183 yr= 14G nz=0.01 flt=0.00 dmap=+0/-0 shz=3.6 plan=7 cmd=(lx=+0.00,ly=+0.00,rx=+0.45)
  t=183.9 AGR-DOOR-AL pos=(-4.27,+1.71) yaw=+151.6 d=1.41 goal_err=-42 carrot_err= -41 c0=0.35 clear=0.23 prog=0.00 rel=0.99 bal=+0.03 obs=186 hard=177 obsc=185 yr=  0  nz=0.01 flt=0.08 dmap=+0/-2 shz=3.6 plan=7 cmd=(lx=+0.00,ly=+0.00,rx=+0.45)
  t=184.3 AGR-DOOR-GO pos=(-4.27,+1.71) yaw=+147.1 d=1.41 goal_err=-38 carrot_err= -37 c0=0.35 clear=0.23 prog=0.00 rel=0.98 bal=+0.03 obs=186 hard=177 obsc=185 yr= 14  nz=0.02 flt=0.01 dmap=+0/-0 shz=3.6 plan=7 cmd=(lx=+0.00,ly=+0.28,rx=+0.00)
  t=184.7 AGR-DOOR-GO pos=(-4.29,+1.72) yaw=+147.1 d=1.39 goal_err=-39 carrot_err= -38 c0=0.32 clear=0.21 prog=0.03 rel=0.97 bal=+0.03 obs=187 hard=176 obsc=184 yr=  0  nz=0.03 flt=0.00 dmap=+0/-0 shz=3.6 plan=7 cmd=(lx=+0.00,ly=+0.28,rx=+0.00)
  t=185.2 AGR-DOOR-GO pos=(-4.31,+1.73) yaw=+147.1 d=1.37 goal_err=-39 carrot_err= -39 c0=0.30 clear=0.20 prog=0.07 rel=0.96 bal=+0.03 obs=184 hard=176 obsc=185 yr=  0  nz=0.04 flt=0.00 dmap=+1/-4 shz=3.6 plan=7 cmd=(lx=+0.00,ly=+0.28,rx=+0.00)
  t=185.6 AGR-DOOR-GO pos=(-4.33,+1.75) yaw=+147.1 d=1.36 goal_err=-40 carrot_err= -39 c0=0.28 clear=0.18 prog=0.10 rel=0.96 bal=+0.03 obs=184 hard=173 obsc=181 yr=  0  nz=0.04 flt=0.02 dmap=+0/-0 shz=3.6 plan=7 cmd=(lx=+0.00,ly=+0.28,rx=+0.00)

  DESATASCO #6 en (-4.33,+1.75).
  t=186.0 AGR-BRK-BK pos=(-4.32,+1.74) yaw=+147.1 d=1.37 goal_err=-40 carrot_err= -39 c0=0.29 clear=0.19 prog=0.08 rel=0.95 bal=+0.03 obs=185 hard=174 obsc=182 yr=  0  nz=0.05 flt=0.00 dmap=+0/-0 shz=3.9 plan=0 cmd=(lx=+0.00,ly=-0.35,rx=+0.00)
  t=186.4 AGR-BRK-TR pos=(-4.29,+1.72) yaw=+148.6 d=1.39 goal_err=-40 carrot_err= -39 c0=0.32 clear=0.22 prog=0.01 rel=0.96 bal=+0.03 obs=185 hard=175 obsc=183 yr= 15G nz=0.04 flt=0.14 dmap=+0/-0 shz=3.8 plan=0 cmd=(lx=+0.00,ly=+0.00,rx=-0.45)
  t=186.9 AGR-BRK-TR pos=(-4.29,+1.72) yaw=+154.6 d=1.39 goal_err=-46 carrot_err= -45 c0=0.32 clear=0.22 prog=0.00 rel=0.95 bal=+0.03 obs=185 hard=175 obsc=183 yr= 14G nz=0.05 flt=0.01 dmap=+0/-0 shz=3.9 plan=0 cmd=(lx=+0.00,ly=+0.00,rx=-0.45)
  t=187.3 AGR-BRK-TR pos=(-4.29,+1.72) yaw=+160.6 d=1.39 goal_err=-52 carrot_err= -51 c0=0.32 clear=0.22 prog=0.00 rel=0.95 bal=+0.02 obs=185 hard=175 obsc=183 yr= 14G nz=0.05 flt=0.00 dmap=+0/-0 shz=3.8 plan=0 cmd=(lx=+0.00,ly=+0.00,rx=-0.45)
  t=187.7 AGR-BRK-TR pos=(-4.29,+1.72) yaw=+168.0 d=1.39 goal_err=-59 carrot_err= -58 c0=0.32 clear=0.22 prog=0.00 rel=0.96 bal=+0.02 obs=185 hard=175 obsc=183 yr= 14G nz=0.04 flt=0.01 dmap=+0/-0 shz=3.8 plan=0 cmd=(lx=+0.00,ly=+0.00,rx=-0.45)
  t=188.1 AGR-BRK-TR pos=(-4.29,+1.72) yaw=+172.5 d=1.39 goal_err=-64 carrot_err= -63 c0=0.32 clear=0.22 prog=0.00 rel=0.99 bal=+0.02 obs=185 hard=175 obsc=183 yr= 14G nz=0.01 flt=0.07 dmap=+0/-0 shz=3.9 plan=0 cmd=(lx=+0.00,ly=+0.00,rx=-0.45)
  t=188.6 AGR-BRK-TR pos=(-4.29,+1.72) yaw=+178.4 d=1.39 goal_err=-70 carrot_err= -69 c0=0.32 clear=0.22 prog=0.00 rel=0.99 bal=+0.02 obs=185 hard=175 obsc=183 yr= 14G nz=0.01 flt=0.00 dmap=+0/-0 shz=3.8 plan=0 cmd=(lx=+0.00,ly=+0.00,rx=-0.45)
  t=189.0 AGR-DOOR-AL pos=(-4.29,+1.72) yaw=+178.4 d=1.39 goal_err=-70 carrot_err= -69 c0=0.32 clear=0.22 prog=0.00 rel=0.99 bal=+0.02 obs=185 hard=175 obsc=183 yr= 15G nz=0.01 flt=0.27 dmap=+0/-0 shz=3.8 plan=7 cmd=(lx=+0.00,ly=+0.00,rx=+0.45)
  t=189.4 AGR-DOOR-AL pos=(-4.29,+1.72) yaw=+172.5 d=1.39 goal_err=-64 carrot_err= -63 c0=0.32 clear=0.22 prog=0.00 rel=0.99 bal=+0.02 obs=185 hard=175 obsc=183 yr= 14G nz=0.01 flt=0.00 dmap=+0/-0 shz=3.9 plan=7 cmd=(lx=+0.00,ly=+0.00,rx=+0.45)
  t=189.8 AGR-DOOR-AL pos=(-4.29,+1.72) yaw=+166.5 d=1.39 goal_err=-58 carrot_err= -57 c0=0.32 clear=0.22 prog=0.00 rel=0.99 bal=+0.02 obs=185 hard=175 obsc=183 yr= 14  nz=0.01 flt=0.00 dmap=+0/-0 shz=3.8 plan=7 cmd=(lx=+0.00,ly=+0.00,rx=+0.45)
  t=190.3 AGR-DOOR-AL. pos=(-4.29,+1.72) yaw=+162.0 d=1.39 goal_err=-53 carrot_err= -52 c0=0.32 clear=0.22 prog=0.00 rel=0.99 bal=+0.02 obs=189 hard=176 obsc=186 yr= 14  nz=0.01 flt=0.17 dmap=+4/-0 shz=3.8 plan=7 cmd=(lx=+0.00,ly=+0.00,rx=+0.00)
  t=190.7 AGR-DOOR-AL pos=(-4.29,+1.72) yaw=+160.6 d=1.39 goal_err=-52 carrot_err= -51 c0=0.32 clear=0.22 prog=0.00 rel=0.99 bal=+0.02 obs=189 hard=179 obsc=186 yr= 14G nz=0.01 flt=0.02 dmap=+0/-0 shz=3.9 plan=7 cmd=(lx=+0.00,ly=+0.00,rx=+0.45)
  t=191.1 AGR-DOOR-AL pos=(-4.29,+1.72) yaw=+157.6 d=1.39 goal_err=-49 carrot_err= -48 c0=0.32 clear=0.22 prog=0.00 rel=0.99 bal=+0.03 obs=189 hard=179 obsc=187 yr=  0  nz=0.01 flt=0.01 dmap=+0/-0 shz=3.8 plan=7 cmd=(lx=+0.00,ly=+0.00,rx=+0.45)
  t=191.5 AGR-DOOR-AL. pos=(-4.29,+1.72) yaw=+154.6 d=1.39 goal_err=-46 carrot_err= -45 c0=0.32 clear=0.22 prog=0.00 rel=0.99 bal=+0.03 obs=190 hard=179 obsc=187 yr=  0  nz=0.01 flt=0.01 dmap=+1/-0 shz=3.8 plan=7 cmd=(lx=+0.00,ly=+0.00,rx=+0.00)
  t=191.9 AGR-DOOR-AL. pos=(-4.29,+1.72) yaw=+151.6 d=1.39 goal_err=-43 carrot_err= -42 c0=0.32 clear=0.22 prog=0.00 rel=0.99 bal=+0.03 obs=190 hard=179 obsc=187 yr= 14G nz=0.01 flt=0.01 dmap=+0/-0 shz=3.8 plan=7 cmd=(lx=+0.00,ly=+0.00,rx=+0.00)
  t=192.4 AGR-DOOR-GO pos=(-4.30,+1.72) yaw=+148.6 d=1.39 goal_err=-40 carrot_err= -39 c0=0.31 clear=0.21 prog=0.02 rel=0.99 bal=+0.02 obs=189 hard=179 obsc=187 yr=  0  nz=0.01 flt=0.04 dmap=+0/-0 shz=3.8 plan=7 cmd=(lx=+0.00,ly=+0.28,rx=+0.00)
  t=192.8 AGR-DOOR-GO pos=(-4.32,+1.74) yaw=+148.6 d=1.37 goal_err=-41 carrot_err= -40 c0=0.29 clear=0.19 prog=0.05 rel=0.98 bal=+0.03 obs=190 hard=179 obsc=187 yr=  0  nz=0.02 flt=0.00 dmap=+1/-0 shz=3.8 plan=7 cmd=(lx=+0.00,ly=+0.28,rx=+0.00)
  t=193.2 AGR-DOOR-GO pos=(-4.34,+1.75) yaw=+148.6 d=1.35 goal_err=-42 carrot_err= -41 c0=0.27 clear=0.18 prog=0.08 rel=0.96 bal=+0.03 obs=187 hard=178 obsc=187 yr=  0  nz=0.04 flt=0.00 dmap=+0/-3 shz=3.8 plan=7 cmd=(lx=+0.00,ly=+0.28,rx=+0.00)
  t=193.6 AGR-DOOR-AL pos=(-4.35,+1.76) yaw=+147.1 d=1.34 goal_err=-41 carrot_err= -41 c0=0.25 clear=0.17 prog=0.10 rel=0.95 bal=+0.03 obs=187 hard=178 obsc=187 yr= 14G nz=0.05 flt=0.01 dmap=+0/-0 shz=3.8 plan=7 cmd=(lx=+0.00,ly=+0.00,rx=+0.45)
  t=194.1 AGR-DOOR-AL pos=(-4.35,+1.76) yaw=+144.2 d=1.34 goal_err=-38 carrot_err= -38 c0=0.35 clear=0.23 prog=0.10 rel=0.95 bal=+0.03 obs=185 hard=174 obsc=183 yr=  0  nz=0.05 flt=0.04 dmap=+0/-2 shz=3.8 plan=7 cmd=(lx=+0.00,ly=+0.00,rx=+0.45)
  t=194.5 AGR-DOOR-AL. pos=(-4.35,+1.76) yaw=+139.7 d=1.34 goal_err=-33 carrot_err= -33 c0=0.35 clear=0.23 prog=0.07 rel=0.93 bal=+0.03 obs=186 hard=174 obsc=183 yr= 14  nz=0.07 flt=0.00 dmap=+1/-0 shz=3.9 plan=7 cmd=(lx=+0.00,ly=+0.00,rx=+0.00)

  COLISION #9 [odom] en (-4.35,+1.76) -> marco y recupero.
  t=194.9 AGR-R-BACK pos=(-4.33,+1.74) yaw=+139.7 d=1.36 goal_err=-33 carrot_err= -32 c0=0.37 clear=0.25 prog=0.00 rel=0.92 bal=+0.02 obs=186 hard=174 obsc=183 yr=  0  nz=0.09 flt=0.07 dmap=+0/-0 shz=3.8 plan=0 cmd=(lx=+0.00,ly=-0.35,rx=+0.00)
  t=195.3 AGR-R-TURN pos=(-4.29,+1.71) yaw=+139.7 d=1.40 goal_err=-32 carrot_err= -31 c0=0.32 clear=0.21 prog=0.00 rel=0.91 bal=+0.01 obs=185 hard=174 obsc=183 yr=  0G nz=0.09 flt=0.01 dmap=+0/-0 shz=3.9 plan=0 cmd=(lx=+0.00,ly=+0.00,rx=-0.45)
  t=195.8 AGR-R-TURN pos=(-4.29,+1.71) yaw=+147.1 d=1.40 goal_err=-39 carrot_err= -38 c0=0.32 clear=0.21 prog=0.00 rel=0.93 bal=+0.01 obs=185 hard=174 obsc=183 yr= 14G nz=0.06 flt=0.00 dmap=+0/-0 shz=3.9 plan=0 cmd=(lx=+0.00,ly=+0.00,rx=-0.45)
  t=196.2 AGR-R-TURN pos=(-4.29,+1.71) yaw=+153.1 d=1.40 goal_err=-45 carrot_err= -44 c0=0.32 clear=0.21 prog=0.00 rel=0.94 bal=+0.01 obs=185 hard=174 obsc=183 yr= 14G nz=0.06 flt=0.08 dmap=+0/-0 shz=3.9 plan=0 cmd=(lx=+0.00,ly=+0.00,rx=-0.45)
  t=196.6 AGR-DOOR-AL pos=(-4.29,+1.71) yaw=+159.1 d=1.40 goal_err=-51 carrot_err= -50 c0=0.32 clear=0.21 prog=0.00 rel=0.95 bal=+0.01 obs=185 hard=174 obsc=183 yr= 14G nz=0.05 flt=0.03 dmap=+0/-0 shz=3.9 plan=7 cmd=(lx=+0.00,ly=+0.00,rx=+0.45)
  t=197.0 AGR-DOOR-AL. pos=(-4.29,+1.71) yaw=+154.6 d=1.40 goal_err=-46 carrot_err= -46 c0=0.32 clear=0.21 prog=0.00 rel=0.98 bal=+0.01 obs=185 hard=174 obsc=182 yr=  0  nz=0.02 flt=0.01 dmap=+0/-0 shz=3.9 plan=7 cmd=(lx=+0.00,ly=+0.00,rx=+0.00)
  t=197.4 AGR-DOOR-AL. pos=(-4.29,+1.71) yaw=+151.6 d=1.40 goal_err=-44 carrot_err= -43 c0=0.32 clear=0.21 prog=0.00 rel=0.98 bal=+0.01 obs=185 hard=174 obsc=182 yr= 14  nz=0.02 flt=0.01 dmap=+0/-0 shz=3.9 plan=7 cmd=(lx=+0.00,ly=+0.00,rx=+0.00)
  t=197.9 AGR-DOOR-AL pos=(-4.29,+1.71) yaw=+150.1 d=1.40 goal_err=-42 carrot_err= -41 c0=0.32 clear=0.21 prog=0.00 rel=0.98 bal=+0.01 obs=185 hard=174 obsc=182 yr= 14G nz=0.02 flt=0.00 dmap=+0/-0 shz=3.9 plan=7 cmd=(lx=+0.00,ly=+0.00,rx=+0.45)
  t=198.3 AGR-DOOR-GO pos=(-4.30,+1.71) yaw=+145.7 d=1.39 goal_err=-38 carrot_err= -37 c0=0.31 clear=0.21 prog=0.01 rel=0.99 bal=+0.01 obs=187 hard=176 obsc=184 yr=  0  nz=0.01 flt=0.01 dmap=+0/-0 shz=3.8 plan=7 cmd=(lx=+0.00,ly=+0.28,rx=+0.00)
  t=198.7 AGR-DOOR-GO pos=(-4.32,+1.73) yaw=+145.7 d=1.37 goal_err=-38 carrot_err= -38 c0=0.28 clear=0.19 prog=0.05 rel=0.98 bal=+0.02 obs=187 hard=176 obsc=184 yr=  0  nz=0.02 flt=0.00 dmap=+0/-0 shz=3.9 plan=7 cmd=(lx=+0.00,ly=+0.28,rx=+0.00)
  t=199.1 AGR-DOOR-GO pos=(-4.34,+1.74) yaw=+145.7 d=1.35 goal_err=-39 carrot_err= -39 c0=0.26 clear=0.17 prog=0.08 rel=0.96 bal=+0.02 obs=187 hard=176 obsc=184 yr=  0  nz=0.04 flt=0.00 dmap=+0/-0 shz=3.8 plan=7 cmd=(lx=+0.00,ly=+0.28,rx=+0.00)
  t=199.6 AGR-DOOR-WT pos=(-4.36,+1.76) yaw=+145.7 d=1.33 goal_err=-40 carrot_err= -40 c0=0.24 clear=0.16 prog=0.12 rel=0.95 bal=+0.03 obs=184 hard=174 obsc=181 yr=  0  nz=0.05 flt=0.00 dmap=+0/-0 shz=3.8 plan=7 cmd=(lx=+0.00,ly=+0.00,rx=+0.00)

  DESATASCO #7 en (-4.37,+1.76).
  t=200.0 AGR-BRK-BK pos=(-4.35,+1.75) yaw=+145.7 d=1.35 goal_err=-39 carrot_err= -39 c0=0.26 clear=0.17 prog=0.09 rel=0.95 bal=+0.02 obs=184 hard=174 obsc=181 yr=  0  nz=0.05 flt=0.00 dmap=+0/-0 shz=3.9 plan=0 cmd=(lx=+0.00,ly=-0.35,rx=+0.00)
  t=200.4 AGR-BRK-TR pos=(-4.32,+1.73) yaw=+147.1 d=1.38 goal_err=-40 carrot_err= -39 c0=0.29 clear=0.20 prog=0.01 rel=0.96 bal=+0.01 obs=184 hard=174 obsc=181 yr= 14G nz=0.04 flt=0.00 dmap=+0/-0 shz=3.8 plan=0 cmd=(lx=+0.00,ly=+0.00,rx=-0.45)
  t=200.8 AGR-BRK-TR pos=(-4.32,+1.73) yaw=+153.1 d=1.38 goal_err=-46 carrot_err= -45 c0=0.29 clear=0.20 prog=0.00 rel=0.95 bal=+0.01 obs=184 hard=174 obsc=181 yr= 14G nz=0.05 flt=0.00 dmap=+0/-0 shz=3.8 plan=0 cmd=(lx=+0.00,ly=+0.00,rx=-0.45)
  t=201.3 AGR-BRK-TR pos=(-4.32,+1.73) yaw=+160.6 d=1.38 goal_err=-53 carrot_err= -53 c0=0.29 clear=0.20 prog=0.00 rel=0.95 bal=+0.01 obs=184 hard=174 obsc=181 yr= 27G nz=0.05 flt=0.06 dmap=+0/-0 shz=3.9 plan=0 cmd=(lx=+0.00,ly=+0.00,rx=-0.45)
  t=201.7 AGR-BRK-TR pos=(-4.32,+1.73) yaw=+166.5 d=1.38 goal_err=-59 carrot_err= -59 c0=0.29 clear=0.20 prog=0.00 rel=0.97 bal=+0.01 obs=184 hard=174 obsc=181 yr= 14G nz=0.03 flt=0.00 dmap=+0/-0 shz=3.8 plan=0 cmd=(lx=+0.00,ly=+0.00,rx=-0.45)
  t=202.1 AGR-BRK-TR pos=(-4.32,+1.73) yaw=+172.5 d=1.38 goal_err=-65 carrot_err= -65 c0=0.29 clear=0.20 prog=0.00 rel=0.99 bal=+0.03 obs=184 hard=174 obsc=181 yr= 14G nz=0.01 flt=0.16 dmap=+0/-0 shz=3.8 plan=0 cmd=(lx=+0.00,ly=+0.00,rx=-0.45)
  t=202.5 AGR-BRK-TR pos=(-4.32,+1.73) yaw=+178.4 d=1.38 goal_err=-71 carrot_err= -71 c0=0.29 clear=0.20 prog=0.00 rel=0.96 bal=+0.03 obs=184 hard=174 obsc=181 yr= 14G nz=0.03 flt=0.10 dmap=+0/-0 shz=3.9 plan=0 cmd=(lx=+0.00,ly=+0.00,rx=-0.45)
  t=203.0 AGR-DOOR-AL pos=(-4.32,+1.73) yaw=+178.4 d=1.38 goal_err=-71 carrot_err= -71 c0=0.29 clear=0.20 prog=0.00 rel=0.97 bal=+0.03 obs=184 hard=174 obsc=181 yr= 14G nz=0.03 flt=0.08 dmap=+0/-0 shz=3.8 plan=7 cmd=(lx=+0.00,ly=+0.00,rx=+0.45)
  t=203.4 AGR-DOOR-AL pos=(-4.32,+1.73) yaw=+172.5 d=1.38 goal_err=-65 carrot_err= -65 c0=0.29 clear=0.20 prog=0.00 rel=0.97 bal=+0.03 obs=184 hard=174 obsc=181 yr= 14G nz=0.03 flt=0.00 dmap=+0/-0 shz=3.9 plan=7 cmd=(lx=+0.00,ly=+0.00,rx=+0.45)
  t=203.8 AGR-DOOR-AL pos=(-4.32,+1.73) yaw=+166.5 d=1.38 goal_err=-59 carrot_err= -59 c0=0.29 clear=0.20 prog=0.00 rel=0.98 bal=+0.01 obs=184 hard=174 obsc=181 yr= 14G nz=0.02 flt=0.05 dmap=+0/-0 shz=3.8 plan=7 cmd=(lx=+0.00,ly=+0.00,rx=+0.45)
  t=204.2 AGR-DOOR-AL pos=(-4.32,+1.73) yaw=+160.6 d=1.38 goal_err=-53 carrot_err= -53 c0=0.29 clear=0.20 prog=0.00 rel=0.98 bal=+0.01 obs=184 hard=174 obsc=181 yr= 14G nz=0.01 flt=0.01 dmap=+0/-0 shz=3.8 plan=7 cmd=(lx=+0.00,ly=+0.00,rx=+0.45)
  t=204.7 AGR-DOOR-AL. pos=(-4.32,+1.73) yaw=+153.1 d=1.38 goal_err=-46 carrot_err= -45 c0=0.29 clear=0.20 prog=0.00 rel=0.99 bal=+0.01 obs=184 hard=174 obsc=181 yr= 14G nz=0.01 flt=0.01 dmap=+0/-0 shz=3.9 plan=7 cmd=(lx=+0.00,ly=+0.00,rx=+0.00)
  t=205.1 AGR-DOOR-AL pos=(-4.32,+1.73) yaw=+150.1 d=1.38 goal_err=-43 carrot_err= -42 c0=0.29 clear=0.20 prog=0.00 rel=0.99 bal=+0.01 obs=183 hard=170 obsc=180 yr= 14G nz=0.01 flt=0.02 dmap=+0/-0 shz=3.8 plan=7 cmd=(lx=+0.00,ly=+0.00,rx=+0.45)
  t=205.5 AGR-DOOR-AL pos=(-4.32,+1.73) yaw=+147.1 d=1.38 goal_err=-40 carrot_err= -39 c0=0.29 clear=0.20 prog=0.00 rel=0.99 bal=+0.01 obs=184 hard=172 obsc=181 yr=  0  nz=0.01 flt=0.00 dmap=+0/-0 shz=3.8 plan=7 cmd=(lx=+0.00,ly=+0.00,rx=+0.45)
  t=205.9 AGR-DOOR-AL. pos=(-4.32,+1.73) yaw=+142.7 d=1.38 goal_err=-35 carrot_err= -35 c0=0.29 clear=0.20 prog=0.00 rel=0.98 bal=+0.01 obs=184 hard=172 obsc=181 yr= 14  nz=0.02 flt=0.00 dmap=+0/-0 shz=3.9 plan=7 cmd=(lx=+0.00,ly=+0.00,rx=+0.00)
  t=206.4 AGR-DOOR-AL. pos=(-4.32,+1.73) yaw=+139.7 d=1.38 goal_err=-32 carrot_err= -32 c0=0.39 clear=0.26 prog=0.00 rel=0.98 bal=+0.01 obs=184 hard=172 obsc=181 yr= 14G nz=0.02 flt=0.09 dmap=+0/-0 shz=3.8 plan=7 cmd=(lx=+0.00,ly=+0.00,rx=+0.00)
  t=206.8 AGR-DOOR-AL pos=(-4.32,+1.73) yaw=+138.2 d=1.38 goal_err=-31 carrot_err= -30 c0=0.39 clear=0.26 prog=0.00 rel=0.91 bal=+0.01 obs=185 hard=173 obsc=182 yr=  0G nz=0.09 flt=0.05 dmap=+0/-0 shz=3.9 plan=7 cmd=(lx=+0.00,ly=+0.00,rx=+0.45)
  t=207.2 AGR-DOOR-GO pos=(-4.32,+1.73) yaw=+132.2 d=1.38 goal_err=-25 carrot_err= -24 c0=0.39 clear=0.26 prog=0.00 rel=0.90 bal=+0.01 obs=185 hard=174 obsc=182 yr= 14  nz=0.10 flt=0.02 dmap=+0/-0 shz=3.9 plan=7 cmd=(lx=+0.00,ly=+0.28,rx=+0.00)
  t=207.6 AGR-DOOR-GO pos=(-4.33,+1.74) yaw=+132.2 d=1.36 goal_err=-25 carrot_err= -25 c0=0.38 clear=0.25 prog=0.03 rel=0.92 bal=+0.01 obs=185 hard=175 obsc=182 yr=  0  nz=0.08 flt=0.00 dmap=+0/-0 shz=3.9 plan=7 cmd=(lx=+0.00,ly=+0.28,rx=+0.00)
  t=208.1 AGR-DOOR-GO pos=(-4.35,+1.76) yaw=+132.2 d=1.34 goal_err=-26 carrot_err= -25 c0=0.35 clear=0.23 prog=0.07 rel=0.96 bal=-0.02 obs=183 hard=174 obsc=181 yr=  0  nz=0.04 flt=0.00 dmap=+0/-1 shz=3.9 plan=7 cmd=(lx=+0.00,ly=+0.28,rx=+0.00)
  t=208.5 AGR-DOOR-GO pos=(-4.36,+1.77) yaw=+132.2 d=1.32 goal_err=-26 carrot_err= -26 c0=0.33 clear=0.22 prog=0.10 rel=0.95 bal=-0.03 obs=183 hard=173 obsc=180 yr=  0  nz=0.05 flt=0.00 dmap=+0/-0 shz=3.9 plan=7 cmd=(lx=+0.00,ly=+0.28,rx=+0.00)
  t=209.0 AGR-STOP pos=(-4.38,+1.79) yaw=+132.2 d=1.30 goal_err=-27 carrot_err= -27 c0=0.30 clear=0.20 prog=0.14 rel=0.95 bal=+0.01 obs=183 hard=173 obsc=180 yr=  0  nz=0.05 flt=0.00 dmap=+0/-0 shz=3.9 plan=7 cmd=(lx=+0.00,ly=+0.00,rx=+0.00)
  t=209.4 AGR-STOP pos=(-4.39,+1.80) yaw=+132.2 d=1.29 goal_err=-27 carrot_err= -27 c0=0.29 clear=0.20 prog=0.15 rel=0.95 bal=+0.01 obs=183 hard=173 obsc=180 yr=  0  nz=0.05 flt=0.01 dmap=+0/-0 shz=3.9 plan=7 cmd=(lx=+0.00,ly=+0.00,rx=+0.00)
  t=209.8 AGR-STOP pos=(-4.39,+1.80) yaw=+132.2 d=1.29 goal_err=-27 carrot_err= -27 c0=0.29 clear=0.20 prog=0.11 rel=0.95 bal=+0.01 obs=183 hard=173 obsc=180 yr=  0  nz=0.05 flt=0.01 dmap=+0/-0 shz=3.9 plan=7 cmd=(lx=+0.00,ly=+0.00,rx=+0.00)
  t=210.2 AGR-STOP pos=(-4.39,+1.80) yaw=+132.2 d=1.29 goal_err=-27 carrot_err= -27 c0=0.29 clear=0.20 prog=0.07 rel=0.95 bal=+0.01 obs=183 hard=173 obsc=180 yr=  0  nz=0.05 flt=0.01 dmap=+0/-0 shz=3.9 plan=0 cmd=(lx=+0.00,ly=+0.00,rx=+0.00)
  t=210.6 AGR-BRK-BK pos=(-4.37,+1.78) yaw=+132.2 d=1.31 goal_err=-26 carrot_err= -26 c0=0.32 clear=0.21 prog=0.00 rel=0.95 bal=-0.03 obs=182 hard=173 obsc=179 yr=  0  nz=0.05 flt=0.00 dmap=+0/-1 shz=3.6 plan=0 cmd=(lx=+0.00,ly=-0.35,rx=+0.00)
  t=211.1 AGR-BRK-TR pos=(-4.35,+1.76) yaw=+135.2 d=1.33 goal_err=-29 carrot_err= -29 c0=0.34 clear=0.23 prog=0.00 rel=0.97 bal=-0.02 obs=182 hard=173 obsc=179 yr= 14G nz=0.03 flt=0.00 dmap=+0/-0 shz=3.6 plan=0 cmd=(lx=+0.00,ly=+0.00,rx=-0.45)
  t=211.5 AGR-BRK-TR pos=(-4.35,+1.76) yaw=+141.2 d=1.33 goal_err=-35 carrot_err= -35 c0=0.34 clear=0.23 prog=0.00 rel=0.93 bal=+0.04 obs=182 hard=173 obsc=179 yr= 14G nz=0.03 flt=0.01 dmap=+0/-0 shz=3.6 plan=0 cmd=(lx=+0.00,ly=+0.00,rx=-0.45)
  t=211.9 AGR-BRK-TR pos=(-4.35,+1.76) yaw=+147.1 d=1.33 goal_err=-41 carrot_err= -41 c0=0.25 clear=0.17 prog=0.00 rel=0.97 bal=+0.04 obs=182 hard=173 obsc=179 yr= 14G nz=0.03 flt=0.07 dmap=+0/-0 shz=3.6 plan=0 cmd=(lx=+0.00,ly=+0.00,rx=-0.45)
  t=212.4 AGR-BRK-TR pos=(-4.35,+1.76) yaw=+153.1 d=1.33 goal_err=-47 carrot_err= -47 c0=0.25 clear=0.17 prog=0.00 rel=0.92 bal=+0.04 obs=182 hard=173 obsc=179 yr= 14G nz=0.08 flt=0.01 dmap=+0/-0 shz=3.6 plan=0 cmd=(lx=+0.00,ly=+0.00,rx=-0.45)
  t=212.8 AGR-BRK-TR pos=(-4.35,+1.76) yaw=+159.1 d=1.33 goal_err=-53 carrot_err= -53 c0=0.25 clear=0.17 prog=0.00 rel=0.92 bal=+0.04 obs=182 hard=173 obsc=179 yr= 14G nz=0.08 flt=0.06 dmap=+0/-0 shz=3.6 plan=0 cmd=(lx=+0.00,ly=+0.00,rx=-0.45)
  t=213.2 AGR-DOOR-AL pos=(-4.35,+1.76) yaw=+165.0 d=1.33 goal_err=-59 carrot_err= -59 c0=0.25 clear=0.17 prog=0.00 rel=0.92 bal=+0.04 obs=182 hard=173 obsc=179 yr= 14G nz=0.08 flt=0.15 dmap=+0/-0 shz=3.6 plan=7 cmd=(lx=+0.00,ly=+0.00,rx=+0.45)
  t=213.6 AGR-DOOR-AL pos=(-4.35,+1.76) yaw=+163.5 d=1.33 goal_err=-57 carrot_err= -57 c0=0.25 clear=0.17 prog=0.00 rel=0.98 bal=+0.04 obs=182 hard=173 obsc=179 yr= 14G nz=0.02 flt=0.23 dmap=+0/-0 shz=3.6 plan=7 cmd=(lx=+0.00,ly=+0.00,rx=+0.45)
  t=214.1 AGR-DOOR-AL pos=(-4.35,+1.76) yaw=+157.6 d=1.33 goal_err=-51 carrot_err= -51 c0=0.25 clear=0.17 prog=0.00 rel=0.98 bal=+0.04 obs=182 hard=173 obsc=179 yr= 14G nz=0.02 flt=0.01 dmap=+0/-0 shz=3.6 plan=7 cmd=(lx=+0.00,ly=+0.00,rx=+0.45)
  t=214.5 AGR-DOOR-AL pos=(-4.35,+1.76) yaw=+151.6 d=1.33 goal_err=-45 carrot_err= -45 c0=0.25 clear=0.17 prog=0.00 rel=0.98 bal=+0.04 obs=182 hard=173 obsc=179 yr= 14  nz=0.02 flt=0.01 dmap=+0/-0 shz=3.6 plan=7 cmd=(lx=+0.00,ly=+0.00,rx=+0.45)
  t=214.9 AGR-DOOR-AL. pos=(-4.35,+1.76) yaw=+147.1 d=1.33 goal_err=-41 carrot_err= -41 c0=0.25 clear=0.17 prog=0.00 rel=0.99 bal=+0.04 obs=182 hard=171 obsc=179 yr= 14  nz=0.01 flt=0.05 dmap=+0/-0 shz=3.6 plan=7 cmd=(lx=+0.00,ly=+0.00,rx=+0.00)
  t=215.3 AGR-DOOR-AL pos=(-4.35,+1.76) yaw=+145.7 d=1.33 goal_err=-39 carrot_err= -39 c0=0.34 clear=0.23 prog=0.00 rel=0.99 bal=+0.04 obs=182 hard=171 obsc=179 yr= 14G nz=0.01 flt=0.05 dmap=+0/-0 shz=3.6 plan=7 cmd=(lx=+0.00,ly=+0.00,rx=+0.45)
  t=215.8 AGR-DOOR-AL pos=(-4.35,+1.76) yaw=+142.7 d=1.33 goal_err=-36 carrot_err= -36 c0=0.34 clear=0.23 prog=0.00 rel=0.93 bal=+0.04 obs=182 hard=173 obsc=180 yr=  0G nz=0.07 flt=0.00 dmap=+0/-0 shz=3.6 plan=7 cmd=(lx=+0.00,ly=+0.00,rx=+0.45)

  >>> META2 EXPERIENCE-ABORT: experiencia mala 95% en 150s con progreso +0.23m. Ninguna analogia es valida aqui: STOP y aborto (pide ayuda/reposiciona). G1_M2_ABORT=0 desactiva.
  [spill] derrames=0 E[N]=0.00 eta_max=0.98 riesgo=1.1%
  [dataset] travesia guardada -> /Users/adrianlendinezibanez/Claude/Projects/G1 ROBOT/dataset/20260721_100417_ours_B.json
  [stats] fila anadida -> /Users/adrianlendinezibanez/Claude/Projects/G1 ROBOT/dataset/runs_stats.csv

Fin goto.
  [META2-L2] estado guardado (meta2_state_abfull.json): Pl={'Efficient_Nav': 1.0, 'Cautious_Nav': 1.0} derrames_run=0
  backend grafico: TkAgg
>>> SIM ADAPTER: conectando a rosbridge ws://localhost:8765 ...
  esperando /odom (hasta 30s; el mundo del lab tarda en cargar)... ok
  /odom OK pose=(+0.99,+0.57) | /scan: OK
  escenario LAB: mapa/waypoints/puerta REALES (lab.world solo-paredes, frame G1)

>>> GOTO 'B' -> (-4.73,+3.04). Mando en mano (L2+B). Ctrl+C aborta.
    ENTORNO: SIM (id: lab_v1_ab_full)  — esta run se registra como SIMULACION, no cuenta como run de robot
  Esperando pose localizada y primera nube... ok.
  FRAME-CHECK start=(+0.99,+0.57) wp_mas_cercano=A(+0.99,+0.57) offset=0.00m  -> frame OK (pose y waypoints alineados)
  [spill] payload de agua simulado (semilla=20260721_101118_ours_B.json)
  [META2-DOOR] variante de engagement: Door_Direct (Pl={Door_Direct:1.00, Door_Far:1.00, Door_BiasPlus:1.00})
  META2 ACTIVO (techo por analogia): Meta-Reasoner 2.0, analogia inicial Cautious_Nav

  !!!!!!!!!!!!!!!!!!!!!!!!!!!!!!!!!!!!!!!!!!!!!!!!!!!!!!!!!!!!!!!!!!!!!!!!!!
  !!  VISION OFF (G1_PERC sin definir) pero G1_NOVIS=1: navego SIN vision bajo tu responsabilidad.
  !!  La MESA invisible al LiDAR no se vera.
  !!!!!!!!!!!!!!!!!!!!!!!!!!!!!!!!!!!!!!!!!!!!!!!!!!!!!!!!!!!!!!!!!!!!!!!!!!

  mapa de referencia: 961 celdas | muebles estaticos (nav_map): 0 celdas | plan global: static
  t=  0.0 DWA-F pos=(+0.99,+0.57) yaw=-120.3 d=6.23 goal_err=-83 carrot_err= -62 c0=2.25 clear=1.00 prog=0.00 rel=1.00 bal=+0.19 obs=108 hard=108 obsc=108 yr=  0  nz=0.00 flt=0.19 dmap=+108/-0 shz=0.0 plan=34 cmd=(lx=+0.00,ly=+0.40,rx=+0.45)
  t=  0.4 DWA-F pos=(+0.97,+0.53) yaw=-125.1 d=6.22 goal_err=-79 carrot_err= -60 c0=2.21 clear=1.00 prog=0.05 rel=0.96 bal=+0.28 obs=111 hard=111 obsc=111 yr= 16G nz=0.04 flt=0.10 dmap=+0/-0 shz=3.1 plan=34 cmd=(lx=+0.00,ly=+0.40,rx=+0.45)
  t=  0.9 DWA-F pos=(+0.93,+0.48) yaw=-131.6 d=6.21 goal_err=-73 carrot_err= -57 c0=2.21 clear=1.00 prog=0.08 rel=0.94 bal=+0.40 obs=111 hard=111 obsc=111 yr= 15G nz=0.06 flt=0.01 dmap=+0/-0 shz=3.5 plan=34 cmd=(lx=+0.00,ly=+0.40,rx=+0.45)
  t=  1.3 DWA-F pos=(+0.89,+0.44) yaw=-138.0 d=6.19 goal_err=-67 carrot_err= -39 c0=2.23 clear=1.00 prog=0.10 rel=0.94 bal=+0.41 obs=111 hard=111 obsc=111 yr= 15G nz=0.06 flt=0.08 dmap=+0/-0 shz=3.8 plan=34 cmd=(lx=+0.00,ly=+0.40,rx=+0.45)
  t=  1.7 DWA-F pos=(+0.84,+0.40) yaw=-144.4 d=6.16 goal_err=-61 carrot_err= -35 c0=2.50 clear=1.00 prog=0.13 rel=0.79 bal=+0.42 obs=111 hard=111 obsc=111 yr= 14  nz=0.21 flt=0.03 dmap=+0/-0 shz=3.8 plan=33 cmd=(lx=+0.00,ly=+0.40,rx=+0.00)
  t=  2.1 DWA-F pos=(+0.79,+0.37) yaw=-146.0 d=6.14 goal_err=-60 carrot_err= -36 c0=2.50 clear=1.00 prog=0.16 rel=0.78 bal=+0.42 obs=120 hard=120 obsc=135 yr= 15G nz=0.23 flt=0.05 dmap=+0/-0 shz=3.8 plan=33 cmd=(lx=+0.00,ly=+0.40,rx=+0.45)
  t=  2.6 DWA-F pos=(+0.76,+0.35) yaw=-149.2 d=6.11 goal_err=-57 carrot_err= -35 c0=2.50 clear=1.00 prog=0.18 rel=0.81 bal=+0.43 obs=141 hard=122 obsc=143 yr=  0  nz=0.19 flt=0.00 dmap=+6/-0 shz=3.9 plan=33 cmd=(lx=+0.00,ly=+0.40,rx=+0.00)
  t=  3.0 DWA-F pos=(+0.72,+0.33) yaw=-149.2 d=6.09 goal_err=-57 carrot_err= -37 c0=2.50 clear=1.00 prog=0.19 rel=0.99 bal=+0.43 obs=141 hard=122 obsc=143 yr=  0G nz=0.01 flt=0.01 dmap=+0/-0 shz=3.8 plan=33 cmd=(lx=+0.00,ly=+0.40,rx=+0.45)
  t=  3.4 DWA-F pos=(+0.68,+0.30) yaw=-155.6 d=6.06 goal_err=-51 carrot_err= -31 c0=2.50 clear=1.00 prog=0.20 rel=0.99 bal=+0.44 obs=157 hard=137 obsc=175 yr=  0  nz=0.01 flt=0.11 dmap=+0/-0 shz=3.9 plan=33 cmd=(lx=+0.00,ly=+0.40,rx=+0.00)
  t=  3.9 DWA-F pos=(+0.64,+0.28) yaw=-155.6 d=6.03 goal_err=-52 carrot_err= -32 c0=2.50 clear=1.00 prog=0.20 rel=0.99 bal=+0.44 obs=160 hard=147 obsc=174 yr=  0  nz=0.01 flt=0.00 dmap=+3/-0 shz=3.9 plan=33 cmd=(lx=+0.00,ly=+0.40,rx=+0.00)
  t=  4.3 DWA-F pos=(+0.59,+0.26) yaw=-155.6 d=6.01 goal_err=-52 carrot_err= -34 c0=2.50 clear=1.00 prog=0.20 rel=0.98 bal=+0.37 obs=162 hard=154 obsc=176 yr=  0  nz=0.01 flt=0.00 dmap=+0/-0 shz=3.9 plan=33 cmd=(lx=+0.00,ly=+0.40,rx=+0.00)
  t=  4.7 DWA-F pos=(+0.55,+0.25) yaw=-155.6 d=5.98 goal_err=-52 carrot_err= -21 c0=2.50 clear=1.00 prog=0.22 rel=0.99 bal=+0.38 obs=163 hard=161 obsc=177 yr=  0  nz=0.01 flt=0.00 dmap=+0/-0 shz=3.9 plan=32 cmd=(lx=+0.00,ly=+0.40,rx=+0.00)
  t=  5.2 DWA-F pos=(+0.51,+0.23) yaw=-155.6 d=5.95 goal_err=-53 carrot_err= -22 c0=2.50 clear=1.00 prog=0.21 rel=0.99 bal=+0.39 obs=163 hard=163 obsc=177 yr=  0  nz=0.01 flt=0.00 dmap=+0/-0 shz=3.9 plan=32 cmd=(lx=+0.00,ly=+0.40,rx=+0.00)
  t=  5.6 DWA-F pos=(+0.47,+0.21) yaw=-155.6 d=5.92 goal_err=-53 carrot_err= -24 c0=2.50 clear=1.00 prog=0.21 rel=0.99 bal=+0.40 obs=164 hard=164 obsc=178 yr=  0  nz=0.01 flt=0.00 dmap=+0/-0 shz=3.9 plan=32 cmd=(lx=+0.00,ly=+0.40,rx=+0.00)
  t=  6.0 DWA-F pos=(+0.43,+0.19) yaw=-155.6 d=5.90 goal_err=-53 carrot_err= -25 c0=2.50 clear=1.00 prog=0.21 rel=0.99 bal=+0.41 obs=164 hard=164 obsc=177 yr=  0  nz=0.01 flt=0.02 dmap=+0/-0 shz=3.9 plan=32 cmd=(lx=+0.00,ly=+0.40,rx=+0.00)
  t=  6.4 DWA-F pos=(+0.38,+0.17) yaw=-155.6 d=5.86 goal_err=-54 carrot_err= -27 c0=2.50 clear=1.00 prog=0.22 rel=0.99 bal=+0.43 obs=166 hard=164 obsc=179 yr=  0  nz=0.01 flt=0.00 dmap=+2/-0 shz=3.9 plan=31 cmd=(lx=+0.00,ly=+0.40,rx=+0.00)
  t=  6.9 DWA-F pos=(+0.34,+0.15) yaw=-155.6 d=5.84 goal_err=-54 carrot_err= -28 c0=2.50 clear=1.00 prog=0.22 rel=0.99 bal=+0.44 obs=166 hard=164 obsc=179 yr=  0  nz=0.01 flt=0.00 dmap=+2/-0 shz=3.9 plan=31 cmd=(lx=+0.00,ly=+0.40,rx=+0.00)
  t=  7.3 DWA-F pos=(+0.30,+0.13) yaw=-155.6 d=5.81 goal_err=-54 carrot_err= -30 c0=2.50 clear=1.00 prog=0.22 rel=0.98 bal=+0.44 obs=166 hard=164 obsc=179 yr=  0  nz=0.01 flt=0.00 dmap=+0/-0 shz=3.9 plan=31 cmd=(lx=+0.00,ly=+0.40,rx=+0.00)
  t=  7.7 DWA-F pos=(+0.26,+0.11) yaw=-155.6 d=5.79 goal_err=-55 carrot_err= -17 c0=2.50 clear=1.00 prog=0.21 rel=0.98 bal=+0.45 obs=166 hard=165 obsc=179 yr=  0  nz=0.01 flt=0.00 dmap=+0/-0 shz=3.9 plan=30 cmd=(lx=+0.00,ly=+0.40,rx=+0.00)
  t=  8.1 DWA-F pos=(+0.22,+0.09) yaw=-155.6 d=5.76 goal_err=-55 carrot_err= -18 c0=2.50 clear=1.00 prog=0.20 rel=0.98 bal=+0.45 obs=166 hard=166 obsc=180 yr=  0  nz=0.02 flt=0.01 dmap=+2/-1 shz=3.9 plan=30 cmd=(lx=+0.00,ly=+0.40,rx=+0.00)
  t=  8.6 DWA-F pos=(+0.18,+0.08) yaw=-155.6 d=5.74 goal_err=-56 carrot_err= -19 c0=2.50 clear=1.00 prog=0.20 rel=0.98 bal=+0.38 obs=168 hard=167 obsc=181 yr=  0  nz=0.01 flt=0.00 dmap=+0/-0 shz=3.9 plan=30 cmd=(lx=+0.00,ly=+0.40,rx=+0.00)
  t=  9.0 DWA-F pos=(+0.14,+0.06) yaw=-155.6 d=5.71 goal_err=-56 carrot_err= -20 c0=2.48 clear=1.00 prog=0.20 rel=0.98 bal=+0.39 obs=169 hard=169 obsc=182 yr=  0  nz=0.02 flt=0.00 dmap=+0/-0 shz=3.9 plan=30 cmd=(lx=+0.00,ly=+0.40,rx=+0.00)
  t=  9.4 DWA-F pos=(+0.10,+0.04) yaw=-155.6 d=5.69 goal_err=-56 carrot_err= -22 c0=2.44 clear=1.00 prog=0.20 rel=0.97 bal=+0.39 obs=171 hard=170 obsc=183 yr=  0  nz=0.03 flt=0.01 dmap=+1/-0 shz=3.9 plan=30 cmd=(lx=+0.00,ly=+0.40,rx=+0.00)
  t=  9.8 DWA-F pos=(+0.06,+0.02) yaw=-155.6 d=5.66 goal_err=-57 carrot_err= -23 c0=2.39 clear=1.00 prog=0.20 rel=0.94 bal=+0.40 obs=171 hard=171 obsc=184 yr=  0  nz=0.06 flt=0.00 dmap=+0/-0 shz=4.0 plan=30 cmd=(lx=+0.00,ly=+0.40,rx=+0.00)
  t= 10.3 DWA-F pos=(+0.02,+0.00) yaw=-155.6 d=5.64 goal_err=-57 carrot_err= -24 c0=2.35 clear=1.00 prog=0.20 rel=0.91 bal=+0.39 obs=173 hard=173 obsc=185 yr=  0  nz=0.09 flt=0.00 dmap=+0/-0 shz=3.9 plan=30 cmd=(lx=+0.00,ly=+0.40,rx=+0.00)
  t= 10.7 DWA-F pos=(-0.02,-0.02) yaw=-155.6 d=5.61 goal_err=-57 carrot_err= -26 c0=2.31 clear=1.00 prog=0.19 rel=0.92 bal=+0.41 obs=174 hard=174 obsc=187 yr=  0  nz=0.08 flt=0.01 dmap=+2/-0 shz=3.9 plan=30 cmd=(lx=+0.00,ly=+0.40,rx=+0.00)
  t= 11.1 DWA-F pos=(-0.06,-0.03) yaw=-155.6 d=5.59 goal_err=-58 carrot_err= -27 c0=2.26 clear=1.00 prog=0.19 rel=0.91 bal=+0.43 obs=174 hard=174 obsc=188 yr=  0  nz=0.09 flt=0.00 dmap=+0/-0 shz=4.0 plan=29 cmd=(lx=+0.00,ly=+0.40,rx=+0.00)
  t= 11.5 DWA-F pos=(-0.10,-0.05) yaw=-155.6 d=5.57 goal_err=-58 carrot_err= -28 c0=2.22 clear=1.00 prog=0.19 rel=0.91 bal=+0.45 obs=175 hard=176 obsc=189 yr=  0  nz=0.09 flt=0.00 dmap=+0/-0 shz=3.9 plan=29 cmd=(lx=+0.00,ly=+0.40,rx=+0.00)
  t= 11.9 DWA-F pos=(-0.14,-0.07) yaw=-155.6 d=5.54 goal_err=-59 carrot_err= -29 c0=2.17 clear=1.00 prog=0.19 rel=0.91 bal=+0.46 obs=177 hard=175 obsc=187 yr=  0  nz=0.09 flt=0.02 dmap=+2/-0 shz=3.9 plan=29 cmd=(lx=+0.00,ly=+0.40,rx=+0.00)
  t= 12.4 DWA-F pos=(-0.19,-0.09) yaw=-155.6 d=5.51 goal_err=-59 carrot_err= -31 c0=2.12 clear=1.00 prog=0.20 rel=0.91 bal=+0.48 obs=178 hard=176 obsc=188 yr=  0  nz=0.09 flt=0.00 dmap=+0/-0 shz=4.0 plan=29 cmd=(lx=+0.00,ly=+0.40,rx=+0.00)
  t= 12.8 DWA-F pos=(-0.23,-0.11) yaw=-155.6 d=5.49 goal_err=-59 carrot_err= -33 c0=2.07 clear=1.00 prog=0.19 rel=0.90 bal=+0.49 obs=179 hard=174 obsc=188 yr=  0  nz=0.10 flt=0.02 dmap=+0/-0 shz=3.9 plan=28 cmd=(lx=+0.00,ly=+0.40,rx=+0.00)
  t= 13.2 DWA-F pos=(-0.27,-0.13) yaw=-155.6 d=5.47 goal_err=-60 carrot_err= -35 c0=2.03 clear=1.00 prog=0.19 rel=0.90 bal=+0.50 obs=179 hard=175 obsc=187 yr=  0  nz=0.10 flt=0.01 dmap=+0/-0 shz=3.9 plan=28 cmd=(lx=+0.00,ly=+0.40,rx=+0.00)
  t= 13.7 DWA-F pos=(-0.32,-0.15) yaw=-155.6 d=5.45 goal_err=-60 carrot_err= -34 c0=1.99 clear=1.00 prog=0.19 rel=0.92 bal=+0.50 obs=181 hard=178 obsc=189 yr=  0  nz=0.08 flt=0.01 dmap=+2/-0 shz=4.0 plan=28 cmd=(lx=+0.00,ly=+0.40,rx=+0.00)
  t= 14.1 DWA-F pos=(-0.36,-0.17) yaw=-155.6 d=5.42 goal_err=-61 carrot_err= -36 c0=1.94 clear=1.00 prog=0.17 rel=0.92 bal=+0.50 obs=181 hard=179 obsc=189 yr=  0  nz=0.08 flt=0.01 dmap=+0/-0 shz=3.9 plan=27 cmd=(lx=+0.00,ly=+0.40,rx=+0.00)
  t= 14.5 DWA-F pos=(-0.40,-0.19) yaw=-155.6 d=5.40 goal_err=-61 carrot_err= -37 c0=1.90 clear=1.00 prog=0.17 rel=0.92 bal=+0.50 obs=183 hard=181 obsc=191 yr=  0  nz=0.08 flt=0.01 dmap=+0/-0 shz=4.0 plan=27 cmd=(lx=+0.00,ly=+0.40,rx=+0.00)
  t= 15.0 DWA-F pos=(-0.45,-0.21) yaw=-158.8 d=5.38 goal_err=-58 carrot_err= -37 c0=1.84 clear=1.00 prog=0.18 rel=0.92 bal=+0.53 obs=183 hard=181 obsc=191 yr= 15G nz=0.08 flt=0.23 dmap=+0/-0 shz=3.9 plan=27 cmd=(lx=+0.00,ly=+0.40,rx=+0.00)
  t= 15.4 DWA-F pos=(-0.49,-0.22) yaw=-160.4 d=5.35 goal_err=-57 carrot_err= -37 c0=1.80 clear=1.00 prog=0.18 rel=0.91 bal=+0.54 obs=195 hard=184 obsc=208 yr=  0  nz=0.09 flt=0.02 dmap=+0/-0 shz=4.0 plan=27 cmd=(lx=+0.00,ly=+0.40,rx=+0.45)
  t= 15.8 DWA-F pos=(-0.53,-0.24) yaw=-163.6 d=5.33 goal_err=-54 carrot_err= -36 c0=1.76 clear=1.00 prog=0.19 rel=0.91 bal=+0.54 obs=206 hard=189 obsc=209 yr=  0  nz=0.10 flt=0.05 dmap=+0/-0 shz=3.9 plan=27 cmd=(lx=+0.00,ly=+0.40,rx=+0.00)
  t= 16.2 DWA-F pos=(-0.57,-0.25) yaw=-166.8 d=5.30 goal_err=-52 carrot_err= -35 c0=1.71 clear=1.00 prog=0.19 rel=0.91 bal=+0.54 obs=214 hard=195 obsc=218 yr= 15  nz=0.09 flt=0.14 dmap=+10/-0 shz=4.0 plan=27 cmd=(lx=+0.00,ly=+0.40,rx=+0.00)
  t= 16.7 DWA-F pos=(-0.62,-0.26) yaw=-166.8 d=5.27 goal_err=-52 carrot_err= -37 c0=1.67 clear=1.00 prog=0.20 rel=0.91 bal=+0.49 obs=214 hard=198 obsc=219 yr=  0G nz=0.09 flt=0.01 dmap=+0/-0 shz=4.0 plan=27 cmd=(lx=+0.00,ly=+0.40,rx=+0.45)
  t= 17.1 DWA-F pos=(-0.66,-0.27) yaw=-171.7 d=5.24 goal_err=-47 carrot_err= -41 c0=1.80 clear=1.00 prog=0.20 rel=0.91 bal=+0.50 obs=216 hard=200 obsc=219 yr=  0G nz=0.09 flt=0.12 dmap=+0/-0 shz=4.0 plan=26 cmd=(lx=+0.00,ly=+0.40,rx=+0.45)
  t= 17.5 DWA-F pos=(-0.70,-0.27) yaw=-176.5 d=5.21 goal_err=-43 carrot_err= -38 c0=1.85 clear=1.00 prog=0.22 rel=0.88 bal=+0.51 obs=216 hard=200 obsc=219 yr= 15G nz=0.12 flt=0.02 dmap=+0/-0 shz=4.0 plan=26 cmd=(lx=+0.00,ly=+0.40,rx=+0.00)
  t= 18.0 DWA-F pos=(-0.76,-0.27) yaw=-179.7 d=5.17 goal_err=-40 carrot_err= -37 c0=1.79 clear=1.00 prog=0.24 rel=0.89 bal=+0.52 obs=217 hard=201 obsc=219 yr=  0  nz=0.12 flt=0.01 dmap=+1/-0 shz=4.0 plan=26 cmd=(lx=+0.00,ly=+0.40,rx=+0.00)
  t= 18.4 DWA-F pos=(-0.80,-0.27) yaw=+178.7 d=5.14 goal_err=-39 carrot_err= -37 c0=1.94 clear=1.00 prog=0.26 rel=0.95 bal=+0.53 obs=213 hard=201 obsc=219 yr= 15G nz=0.05 flt=0.00 dmap=+0/-0 shz=4.0 plan=26 cmd=(lx=+0.00,ly=+0.40,rx=+0.00)
  t= 18.8 DWA-F pos=(-0.85,-0.27) yaw=+177.1 d=5.10 goal_err=-38 carrot_err= -29 c0=1.95 clear=1.00 prog=0.27 rel=0.86 bal=+0.53 obs=219 hard=206 obsc=223 yr=  0  nz=0.14 flt=0.00 dmap=+0/-0 shz=4.0 plan=25 cmd=(lx=+0.00,ly=+0.40,rx=+0.00)
  t= 19.3 DWA-F pos=(-0.89,-0.27) yaw=+177.1 d=5.07 goal_err=-38 carrot_err= -31 c0=1.91 clear=1.00 prog=0.28 rel=0.86 bal=+0.51 obs=217 hard=205 obsc=220 yr=  0  nz=0.14 flt=0.00 dmap=+0/-0 shz=3.9 plan=25 cmd=(lx=+0.00,ly=+0.40,rx=+0.00)
  t= 19.7 DWA-F pos=(-0.94,-0.27) yaw=+177.1 d=5.03 goal_err=-38 carrot_err= -32 c0=1.86 clear=1.00 prog=0.27 rel=0.88 bal=+0.49 obs=211 hard=205 obsc=220 yr=  0  nz=0.12 flt=0.01 dmap=+0/-6 shz=4.0 plan=25 cmd=(lx=+0.00,ly=+0.40,rx=+0.00)
  t= 20.1 DWA-F pos=(-0.99,-0.27) yaw=+177.1 d=4.99 goal_err=-39 carrot_err= -37 c0=1.81 clear=1.00 prog=0.28 rel=0.92 bal=+0.32 obs=212 hard=199 obsc=215 yr=  0  nz=0.08 flt=0.01 dmap=+0/-0 shz=3.9 plan=24 cmd=(lx=+0.00,ly=+0.40,rx=+0.00)
  t= 20.6 DWA-F pos=(-1.04,-0.26) yaw=+177.1 d=4.96 goal_err=-39 carrot_err= -38 c0=1.76 clear=1.00 prog=0.28 rel=0.92 bal=+0.31 obs=212 hard=198 obsc=214 yr=  0  nz=0.08 flt=0.01 dmap=+0/-0 shz=4.0 plan=24 cmd=(lx=+0.00,ly=+0.40,rx=+0.45)
  t= 21.0 DWA-F pos=(-1.08,-0.26) yaw=+173.9 d=4.92 goal_err=-36 carrot_err= -36 c0=1.72 clear=1.00 prog=0.28 rel=0.91 bal=+0.30 obs=217 hard=200 obsc=221 yr=  0  nz=0.09 flt=0.02 dmap=+5/-0 shz=4.0 plan=24 cmd=(lx=+0.00,ly=+0.40,rx=+0.00)
  t= 21.4 DWA-F pos=(-1.13,-0.26) yaw=+172.3 d=4.88 goal_err=-35 carrot_err= -36 c0=1.68 clear=1.00 prog=0.29 rel=0.92 bal=+0.29 obs=217 hard=199 obsc=219 yr= 15G nz=0.08 flt=0.07 dmap=+0/-0 shz=4.0 plan=24 cmd=(lx=+0.00,ly=+0.40,rx=+0.00)
  t= 21.9 DWA-F pos=(-1.17,-0.25) yaw=+170.7 d=4.85 goal_err=-33 carrot_err= -29 c0=1.63 clear=1.00 prog=0.27 rel=0.92 bal=+0.28 obs=215 hard=203 obsc=219 yr=  0  nz=0.09 flt=0.00 dmap=+0/-0 shz=4.0 plan=23 cmd=(lx=+0.00,ly=+0.40,rx=+0.00)
  t= 22.3 DWA-F pos=(-1.22,-0.24) yaw=+170.7 d=4.80 goal_err=-34 carrot_err= -30 c0=1.58 clear=1.00 prog=0.29 rel=0.92 bal=+0.26 obs=213 hard=205 obsc=219 yr=  0  nz=0.08 flt=0.01 dmap=+0/-2 shz=4.0 plan=23 cmd=(lx=+0.00,ly=+0.40,rx=+0.00)
  t= 22.7 DWA-F pos=(-1.27,-0.23) yaw=+170.7 d=4.76 goal_err=-34 carrot_err= -32 c0=1.53 clear=1.00 prog=0.30 rel=0.91 bal=+0.25 obs=214 hard=203 obsc=217 yr=  0  nz=0.09 flt=0.01 dmap=+1/-0 shz=4.0 plan=23 cmd=(lx=+0.00,ly=+0.40,rx=+0.00)
  t= 23.2 DWA-F pos=(-1.31,-0.23) yaw=+170.7 d=4.73 goal_err=-34 carrot_err= -16 c0=1.49 clear=0.99 prog=0.30 rel=0.92 bal=+0.24 obs=212 hard=203 obsc=217 yr=  0  nz=0.08 flt=0.00 dmap=+0/-0 shz=4.0 plan=22 cmd=(lx=+0.00,ly=+0.40,rx=+0.00)
  t= 23.6 DWA-F pos=(-1.36,-0.22) yaw=+170.7 d=4.69 goal_err=-35 carrot_err= -17 c0=1.44 clear=0.96 prog=0.30 rel=0.92 bal=+0.24 obs=214 hard=202 obsc=217 yr=  0  nz=0.08 flt=0.01 dmap=+0/-0 shz=4.0 plan=22 cmd=(lx=+0.00,ly=+0.40,rx=+0.00)
  t= 24.0 DWA-F pos=(-1.41,-0.21) yaw=+170.7 d=4.65 goal_err=-35 carrot_err= -18 c0=1.39 clear=0.93 prog=0.30 rel=0.91 bal=+0.23 obs=215 hard=203 obsc=218 yr=  0  nz=0.09 flt=0.00 dmap=+1/-0 shz=4.0 plan=22 cmd=(lx=+0.00,ly=+0.40,rx=+0.00)
  t= 24.5 DWA-F pos=(-1.45,-0.20) yaw=+170.7 d=4.61 goal_err=-35 carrot_err= -19 c0=1.35 clear=0.90 prog=0.30 rel=0.91 bal=+0.22 obs=215 hard=205 obsc=219 yr=  0  nz=0.09 flt=0.02 dmap=+0/-0 shz=4.0 plan=22 cmd=(lx=+0.00,ly=+0.40,rx=+0.00)
  t= 24.9 DWA-F pos=(-1.50,-0.19) yaw=+170.7 d=4.57 goal_err=-36 carrot_err= -20 c0=1.30 clear=0.87 prog=0.30 rel=0.91 bal=+0.08 obs=213 hard=205 obsc=217 yr=  0  nz=0.09 flt=0.00 dmap=+0/-0 shz=4.0 plan=22 cmd=(lx=+0.00,ly=+0.40,rx=+0.00)
  t= 25.3 DWA-F pos=(-1.54,-0.19) yaw=+170.7 d=4.54 goal_err=-36 carrot_err= -21 c0=1.26 clear=0.84 prog=0.30 rel=0.90 bal=+0.08 obs=214 hard=206 obsc=218 yr=  0  nz=0.10 flt=0.00 dmap=+0/-1 shz=4.0 plan=22 cmd=(lx=+0.00,ly=+0.40,rx=+0.00)
  t= 25.8 DWA-F pos=(-1.59,-0.18) yaw=+170.7 d=4.50 goal_err=-36 carrot_err= -26 c0=1.21 clear=0.81 prog=0.28 rel=0.91 bal=+0.08 obs=216 hard=207 obsc=220 yr=  0  nz=0.09 flt=0.00 dmap=+2/-0 shz=4.0 plan=22 cmd=(lx=+0.00,ly=+0.40,rx=+0.00)
  t= 26.2 DWA-F pos=(-1.64,-0.17) yaw=+170.7 d=4.46 goal_err=-37 carrot_err= -28 c0=1.16 clear=0.77 prog=0.29 rel=0.92 bal=+0.08 obs=215 hard=207 obsc=220 yr=  0  nz=0.08 flt=0.01 dmap=+0/-0 shz=4.0 plan=21 cmd=(lx=+0.00,ly=+0.40,rx=+0.00)
  t= 26.6 DWA-F pos=(-1.68,-0.16) yaw=+170.7 d=4.42 goal_err=-37 carrot_err= -29 c0=1.12 clear=0.74 prog=0.29 rel=0.92 bal=+0.07 obs=215 hard=203 obsc=218 yr=  0  nz=0.08 flt=0.01 dmap=+0/-0 shz=4.0 plan=21 cmd=(lx=+0.00,ly=+0.40,rx=+0.00)
  t= 27.0 DWA-F pos=(-1.73,-0.16) yaw=+170.7 d=4.39 goal_err=-37 carrot_err= -30 c0=1.07 clear=0.71 prog=0.29 rel=0.92 bal=+0.08 obs=214 hard=205 obsc=217 yr=  0  nz=0.08 flt=0.00 dmap=+0/-0 shz=4.0 plan=21 cmd=(lx=+0.00,ly=+0.40,rx=+0.00)
  t= 27.5 DWA-F pos=(-1.77,-0.15) yaw=+170.7 d=4.35 goal_err=-38 carrot_err= -33 c0=1.03 clear=0.69 prog=0.29 rel=0.92 bal=+0.07 obs=215 hard=205 obsc=218 yr=  0  nz=0.08 flt=0.01 dmap=+0/-0 shz=4.0 plan=21 cmd=(lx=+0.00,ly=+0.40,rx=+0.00)
  t= 27.9 DWA-F pos=(-1.82,-0.14) yaw=+170.7 d=4.32 goal_err=-38 carrot_err= -25 c0=0.99 clear=0.66 prog=0.29 rel=0.92 bal=+0.06 obs=216 hard=206 obsc=220 yr=  0  nz=0.08 flt=0.00 dmap=+0/-0 shz=4.0 plan=20 cmd=(lx=+0.00,ly=+0.40,rx=+0.00)
  t= 28.3 DWA-F pos=(-1.86,-0.14) yaw=+170.7 d=4.28 goal_err=-39 carrot_err= -27 c0=0.94 clear=0.63 prog=0.27 rel=0.92 bal=+0.05 obs=216 hard=206 obsc=219 yr=  0  nz=0.08 flt=0.03 dmap=+0/-0 shz=4.0 plan=20 cmd=(lx=+0.00,ly=+0.40,rx=+0.00)
  t= 28.8 DWA-F pos=(-1.91,-0.13) yaw=+170.7 d=4.24 goal_err=-39 carrot_err= -28 c0=0.89 clear=0.59 prog=0.28 rel=0.92 bal=+0.05 obs=217 hard=206 obsc=219 yr=  0  nz=0.08 flt=0.01 dmap=+1/-0 shz=4.0 plan=20 cmd=(lx=+0.00,ly=+0.40,rx=+0.00)
  t= 29.2 DWA-F pos=(-1.96,-0.12) yaw=+170.7 d=4.20 goal_err=-39 carrot_err= -22 c0=0.85 clear=0.56 prog=0.28 rel=0.92 bal=+0.04 obs=217 hard=206 obsc=220 yr=  0  nz=0.08 flt=0.01 dmap=+0/-0 shz=4.0 plan=19 cmd=(lx=+0.00,ly=+0.40,rx=+0.00)
  t= 29.7 DWA-F pos=(-2.00,-0.11) yaw=+170.7 d=4.17 goal_err=-40 carrot_err= -23 c0=0.80 clear=0.54 prog=0.28 rel=0.92 bal=+0.04 obs=219 hard=210 obsc=221 yr=  0  nz=0.08 flt=0.01 dmap=+0/-0 shz=4.0 plan=19 cmd=(lx=+0.00,ly=+0.40,rx=+0.00)
  t= 30.1 DWA-F pos=(-2.05,-0.11) yaw=+170.7 d=4.14 goal_err=-40 carrot_err= -24 c0=0.76 clear=0.51 prog=0.28 rel=0.91 bal=+0.04 obs=218 hard=210 obsc=222 yr=  0  nz=0.09 flt=0.00 dmap=+1/-2 shz=4.0 plan=19 cmd=(lx=+0.00,ly=+0.40,rx=+0.00)
  t= 30.5 DWA-F pos=(-2.09,-0.10) yaw=+170.7 d=4.10 goal_err=-41 carrot_err= -26 c0=0.72 clear=0.48 prog=0.28 rel=0.93 bal=-0.36 obs=218 hard=207 obsc=221 yr=  0G nz=0.07 flt=0.02 dmap=+0/-0 shz=4.0 plan=19 cmd=(lx=+0.00,ly=+0.40,rx=+0.45)
  t= 31.0 DWA-F pos=(-2.13,-0.09) yaw=+167.5 d=4.07 goal_err=-38 carrot_err= -26 c0=0.68 clear=0.45 prog=0.26 rel=0.92 bal=-0.24 obs=220 hard=209 obsc=223 yr=  0  nz=0.08 flt=0.01 dmap=+0/-0 shz=4.0 plan=18 cmd=(lx=+0.00,ly=+0.40,rx=+0.00)
  t= 31.4 DWA-F pos=(-2.18,-0.08) yaw=+167.5 d=4.03 goal_err=-38 carrot_err= -27 c0=0.64 clear=0.42 prog=0.26 rel=0.93 bal=-0.53 obs=222 hard=211 obsc=224 yr=  0  nz=0.07 flt=0.01 dmap=+0/-0 shz=4.0 plan=18 cmd=(lx=+0.00,ly=+0.40,rx=+0.00)
  t= 31.8 DWA-F pos=(-2.22,-0.07) yaw=+167.5 d=4.00 goal_err=-39 carrot_err= -28 c0=0.79 clear=0.53 prog=0.27 rel=0.93 bal=-0.55 obs=222 hard=210 obsc=225 yr=  0  nz=0.07 flt=0.02 dmap=+0/-0 shz=4.0 plan=18 cmd=(lx=+0.00,ly=+0.40,rx=+0.00)
  t= 32.3 DWA-F pos=(-2.27,-0.06) yaw=+167.5 d=3.95 goal_err=-39 carrot_err= -30 c0=0.74 clear=0.49 prog=0.28 rel=0.90 bal=-0.55 obs=223 hard=212 obsc=226 yr=  0  nz=0.10 flt=0.02 dmap=+0/-0 shz=4.0 plan=18 cmd=(lx=+0.00,ly=+0.40,rx=+0.00)
  t= 32.7 DWA-F pos=(-2.32,-0.05) yaw=+165.9 d=3.92 goal_err=-38 carrot_err= -29 c0=0.88 clear=0.59 prog=0.28 rel=0.89 bal=-0.55 obs=224 hard=212 obsc=226 yr= 15G nz=0.11 flt=0.02 dmap=+0/-0 shz=4.0 plan=18 cmd=(lx=+0.00,ly=+0.40,rx=+0.00)
  t= 33.1 DWA-F pos=(-2.36,-0.04) yaw=+164.3 d=3.88 goal_err=-37 carrot_err= -29 c0=0.84 clear=0.56 prog=0.28 rel=0.86 bal=-0.55 obs=231 hard=219 obsc=234 yr=  0  nz=0.13 flt=0.02 dmap=+2/-1 shz=4.0 plan=18 cmd=(lx=+0.00,ly=+0.40,rx=+0.45)
  t= 33.6 DWA-F pos=(-2.40,-0.02) yaw=+161.1 d=3.85 goal_err=-34 carrot_err= -27 c0=0.80 clear=0.53 prog=0.28 rel=0.89 bal=-0.54 obs=232 hard=222 obsc=235 yr=  0  nz=0.11 flt=0.00 dmap=+2/-1 shz=4.0 plan=18 cmd=(lx=+0.00,ly=+0.40,rx=+0.00)
  t= 34.0 DWA-F pos=(-2.44,-0.01) yaw=+161.1 d=3.81 goal_err=-34 carrot_err= -29 c0=0.76 clear=0.50 prog=0.29 rel=0.90 bal=-0.53 obs=232 hard=223 obsc=234 yr=  0G nz=0.10 flt=0.01 dmap=+0/-0 shz=4.0 plan=17 cmd=(lx=+0.00,ly=+0.40,rx=+0.45)
  t= 34.4 DWA-F pos=(-2.49,+0.01) yaw=+157.9 d=3.77 goal_err=-31 carrot_err= -27 c0=0.71 clear=0.48 prog=0.28 rel=0.91 bal=-0.50 obs=232 hard=223 obsc=237 yr=  0  nz=0.09 flt=0.02 dmap=+0/-0 shz=4.0 plan=17 cmd=(lx=+0.00,ly=+0.40,rx=+0.00)
  t= 34.8 DWA-F pos=(-2.54,+0.03) yaw=+157.9 d=3.73 goal_err=-32 carrot_err= -29 c0=0.66 clear=0.44 prog=0.30 rel=0.91 bal=-0.50 obs=231 hard=223 obsc=238 yr=  0G nz=0.09 flt=0.02 dmap=+0/-0 shz=4.0 plan=17 cmd=(lx=+0.00,ly=+0.40,rx=+0.45)
  t= 35.3 ENG-F pos=(-2.58,+0.05) yaw=+154.7 d=3.69 goal_err=-29 carrot_err= -25 c0=1.03 clear=0.69 prog=0.30 rel=0.79 bal=-0.37 obs=238 hard=228 obsc=245 yr=  0  nz=0.20 flt=0.03 dmap=+3/-1 shz=4.0 plan=17 cmd=(lx=+0.00,ly=+0.28,rx=+0.00)
  t= 35.7 ENG-F pos=(-2.61,+0.06) yaw=+154.7 d=3.66 goal_err=-29 carrot_err= -26 c0=1.00 clear=0.67 prog=0.30 rel=0.74 bal=-0.37 obs=240 hard=228 obsc=245 yr=  0  nz=0.26 flt=0.00 dmap=+0/-0 shz=4.0 plan=17 cmd=(lx=+0.00,ly=+0.28,rx=+0.00)
  t= 36.1 ENG-F pos=(-2.64,+0.08) yaw=+154.7 d=3.63 goal_err=-29 carrot_err= -27 c0=0.97 clear=0.64 prog=0.29 rel=0.74 bal=-0.37 obs=241 hard=227 obsc=244 yr=  0  nz=0.26 flt=0.00 dmap=+1/-0 shz=4.0 plan=17 cmd=(lx=+0.00,ly=+0.28,rx=+0.00)
  t= 36.6 ENG-F pos=(-2.67,+0.09) yaw=+154.7 d=3.59 goal_err=-30 carrot_err= -28 c0=0.93 clear=0.62 prog=0.26 rel=0.81 bal=-0.41 obs=238 hard=226 obsc=241 yr=  0  nz=0.19 flt=0.00 dmap=+1/-0 shz=4.0 plan=17 cmd=(lx=+0.00,ly=+0.28,rx=+0.00)
  t= 37.0 ENG-F pos=(-2.71,+0.11) yaw=+154.7 d=3.56 goal_err=-30 carrot_err= -20 c0=0.90 clear=0.60 prog=0.25 rel=0.94 bal=-0.37 obs=237 hard=226 obsc=242 yr=  0  nz=0.06 flt=0.01 dmap=+0/-0 shz=4.0 plan=17 cmd=(lx=+0.00,ly=+0.28,rx=+0.00)
  t= 37.4 ENG-F pos=(-2.74,+0.12) yaw=+154.7 d=3.53 goal_err=-30 carrot_err= -20 c0=0.86 clear=0.58 prog=0.25 rel=0.94 bal=-0.36 obs=237 hard=226 obsc=241 yr=  0  nz=0.06 flt=0.01 dmap=+0/-0 shz=4.0 plan=17 cmd=(lx=+0.00,ly=+0.28,rx=+0.00)
  t= 37.8 ENG-F pos=(-2.77,+0.14) yaw=+154.7 d=3.50 goal_err=-31 carrot_err= -21 c0=0.83 clear=0.55 prog=0.24 rel=0.94 bal=-0.30 obs=236 hard=226 obsc=241 yr=  0  nz=0.07 flt=0.02 dmap=+0/-2 shz=4.0 plan=17 cmd=(lx=+0.00,ly=+0.28,rx=+0.00)
  t= 38.3 ENG-F pos=(-2.80,+0.15) yaw=+154.7 d=3.47 goal_err=-31 carrot_err= -22 c0=0.80 clear=0.53 prog=0.24 rel=0.94 bal=-0.30 obs=237 hard=225 obsc=239 yr=  0  nz=0.06 flt=0.01 dmap=+0/-0 shz=4.0 plan=17 cmd=(lx=+0.00,ly=+0.28,rx=+0.00)
  t= 38.7 ENG-F pos=(-2.84,+0.17) yaw=+154.7 d=3.44 goal_err=-31 carrot_err= -23 c0=0.76 clear=0.51 prog=0.24 rel=0.92 bal=-0.30 obs=236 hard=225 obsc=240 yr=  0  nz=0.08 flt=0.00 dmap=+0/-0 shz=4.0 plan=16 cmd=(lx=+0.00,ly=+0.28,rx=+0.00)
  t= 39.1 ENG-F pos=(-2.87,+0.18) yaw=+154.7 d=3.41 goal_err=-32 carrot_err= -24 c0=0.73 clear=0.49 prog=0.24 rel=0.93 bal=-0.31 obs=240 hard=228 obsc=242 yr=  0  nz=0.07 flt=0.02 dmap=+1/-0 shz=4.0 plan=16 cmd=(lx=+0.00,ly=+0.28,rx=+0.00)
  t= 39.5 ENG-F pos=(-2.90,+0.20) yaw=+154.7 d=3.38 goal_err=-32 carrot_err= -25 c0=0.73 clear=0.48 prog=0.24 rel=0.93 bal=-0.31 obs=240 hard=229 obsc=243 yr=  0  nz=0.07 flt=0.00 dmap=+0/-0 shz=4.0 plan=16 cmd=(lx=+0.00,ly=+0.28,rx=+0.00)
  t= 40.0 ENG-T pos=(-2.94,+0.22) yaw=+154.7 d=3.34 goal_err=-32 carrot_err= -26 c0=0.68 clear=0.45 prog=0.25 rel=0.94 bal=-0.32 obs=240 hard=230 obsc=243 yr=  0  nz=0.06 flt=0.00 dmap=+0/-0 shz=4.0 plan=16 cmd=(lx=+0.00,ly=+0.00,rx=+0.45)
  t= 40.4 ENG-F pos=(-2.96,+0.23) yaw=+151.4 d=3.32 goal_err=-29 carrot_err= -24 c0=0.66 clear=0.44 prog=0.23 rel=0.94 bal=-0.32 obs=240 hard=231 obsc=242 yr=  0  nz=0.06 flt=0.02 dmap=+0/-0 shz=4.0 plan=16 cmd=(lx=+0.00,ly=+0.28,rx=+0.00)
  t= 40.8 ENG-F pos=(-2.99,+0.24) yaw=+151.4 d=3.29 goal_err=-30 carrot_err= -25 c0=0.63 clear=0.42 prog=0.23 rel=0.95 bal=-0.32 obs=240 hard=231 obsc=242 yr=  0  nz=0.05 flt=0.01 dmap=+0/-0 shz=4.0 plan=16 cmd=(lx=+0.00,ly=+0.28,rx=+0.00)
  t= 41.2 ENG-F pos=(-3.01,+0.26) yaw=+149.8 d=3.27 goal_err=-28 carrot_err= -24 c0=0.60 clear=0.40 prog=0.21 rel=0.94 bal=-0.32 obs=240 hard=231 obsc=242 yr= 15G nz=0.06 flt=0.00 dmap=+0/-0 shz=4.0 plan=16 cmd=(lx=+0.00,ly=+0.28,rx=+0.00)
  t= 41.7 ENG-F pos=(-3.04,+0.27) yaw=+148.2 d=3.24 goal_err=-27 carrot_err= -24 c0=0.58 clear=0.39 prog=0.19 rel=0.95 bal=-0.32 obs=240 hard=230 obsc=243 yr=  0  nz=0.05 flt=0.00 dmap=+0/-0 shz=4.0 plan=16 cmd=(lx=+0.00,ly=+0.28,rx=+0.00)
  t= 42.1 ENG-T pos=(-3.07,+0.29) yaw=+148.2 d=3.21 goal_err=-27 carrot_err= -25 c0=0.54 clear=0.36 prog=0.21 rel=0.94 bal=-0.31 obs=240 hard=230 obsc=244 yr=  0  nz=0.06 flt=0.02 dmap=+0/-1 shz=4.0 plan=16 cmd=(lx=+0.00,ly=+0.00,rx=+0.45)
  t= 42.5 ENG-F pos=(-3.08,+0.30) yaw=+145.0 d=3.20 goal_err=-24 carrot_err= -23 c0=0.53 clear=0.35 prog=0.19 rel=0.94 bal=-0.31 obs=240 hard=230 obsc=244 yr= 15  nz=0.06 flt=0.13 dmap=+0/-0 shz=4.0 plan=16 cmd=(lx=+0.00,ly=+0.28,rx=+0.00)
  t= 42.9 ENG-F pos=(-3.11,+0.32) yaw=+143.4 d=3.17 goal_err=-23 carrot_err= -18 c0=0.56 clear=0.38 prog=0.20 rel=0.95 bal=-0.30 obs=244 hard=232 obsc=246 yr=  0  nz=0.05 flt=0.00 dmap=+1/-0 shz=4.0 plan=16 cmd=(lx=+0.00,ly=+0.28,rx=+0.00)
  t= 43.4 ENG-T pos=(-3.14,+0.34) yaw=+143.4 d=3.13 goal_err=-23 carrot_err= -18 c0=0.53 clear=0.35 prog=0.22 rel=0.95 bal=-0.25 obs=245 hard=232 obsc=247 yr=  0G nz=0.05 flt=0.00 dmap=+0/-0 shz=4.0 plan=15 cmd=(lx=+0.00,ly=+0.00,rx=+0.45)
  t= 43.8 ENG-F pos=(-3.15,+0.35) yaw=+140.2 d=3.12 goal_err=-20 carrot_err= -15 c0=0.52 clear=0.34 prog=0.19 rel=0.95 bal=-0.25 obs=245 hard=233 obsc=248 yr=  0  nz=0.05 flt=0.04 dmap=+0/-0 shz=4.0 plan=15 cmd=(lx=+0.00,ly=+0.28,rx=+0.00)
  t= 44.2 ENG-T pos=(-3.17,+0.37) yaw=+140.2 d=3.09 goal_err=-20 carrot_err= -16 c0=0.49 clear=0.32 prog=0.18 rel=0.94 bal=-0.27 obs=244 hard=232 obsc=246 yr=  0G nz=0.06 flt=0.01 dmap=+0/-0 shz=4.0 plan=15 cmd=(lx=+0.00,ly=+0.00,rx=+0.45)
  t= 44.6 ENG-F pos=(-3.18,+0.38) yaw=+137.0 d=3.08 goal_err=-17 carrot_err= -13 c0=0.47 clear=0.31 prog=0.18 rel=0.95 bal=-0.27 obs=254 hard=243 obsc=257 yr=  0  nz=0.04 flt=0.01 dmap=+0/-1 shz=4.0 plan=15 cmd=(lx=+0.00,ly=+0.28,rx=+0.00)
  t= 45.1 ENG-F pos=(-3.20,+0.39) yaw=+135.4 d=3.06 goal_err=-15 carrot_err= -12 c0=0.45 clear=0.30 prog=0.16 rel=0.95 bal=-0.27 obs=254 hard=243 obsc=256 yr= 15G nz=0.05 flt=0.00 dmap=+0/-0 shz=4.0 plan=15 cmd=(lx=+0.00,ly=+0.28,rx=+0.00)
  t= 45.5 ENG-F pos=(-3.21,+0.41) yaw=+133.8 d=3.04 goal_err=-14 carrot_err= -11 c0=0.43 clear=0.29 prog=0.17 rel=0.96 bal=-0.27 obs=255 hard=244 obsc=258 yr=  0  nz=0.04 flt=0.01 dmap=+0/-0 shz=4.0 plan=15 cmd=(lx=+0.00,ly=+0.28,rx=+0.00)
  t= 45.9 ENG-F pos=(-3.23,+0.42) yaw=+132.2 d=3.02 goal_err=-12 carrot_err=  -9 c0=0.41 clear=0.28 prog=0.15 rel=0.96 bal=-0.27 obs=255 hard=244 obsc=258 yr= 15G nz=0.04 flt=0.10 dmap=+0/-0 shz=4.0 plan=15 cmd=(lx=+0.00,ly=+0.28,rx=+0.00)
  t= 46.3 ENG-F pos=(-3.24,+0.44) yaw=+130.6 d=3.00 goal_err=-11 carrot_err=  -8 c0=0.84 clear=0.56 prog=0.16 rel=0.96 bal=-0.27 obs=254 hard=244 obsc=256 yr=  0  nz=0.04 flt=0.00 dmap=+0/-0 shz=4.0 plan=15 cmd=(lx=+0.00,ly=+0.28,rx=+0.00)
  t= 46.8 ENG-GO pos=(-3.25,+0.46) yaw=+130.6 d=2.98 goal_err=-11 carrot_err=  -8 c0=0.82 clear=0.55 prog=0.15 rel=0.71 bal=-0.26 obs=252 hard=244 obsc=256 yr=  0  nz=0.29 flt=0.00 dmap=+0/-0 shz=4.0 plan=15 cmd=(lx=+0.00,ly=+0.28,rx=+0.00)
  t= 47.2 ENG-GO pos=(-3.27,+0.48) yaw=+130.6 d=2.95 goal_err=-11 carrot_err=  -9 c0=1.24 clear=0.83 prog=0.18 rel=0.55 bal=-0.26 obs=252 hard=243 obsc=254 yr=  0  nz=0.45 flt=0.01 dmap=+0/-0 shz=4.0 plan=15 cmd=(lx=+0.00,ly=+0.28,rx=+0.00)
  t= 47.6 ENG-GO pos=(-3.29,+0.50) yaw=+130.6 d=2.92 goal_err=-11 carrot_err=  -9 c0=1.31 clear=0.88 prog=0.18 rel=0.52 bal=-0.26 obs=253 hard=242 obsc=256 yr=  0  nz=0.48 flt=0.00 dmap=+0/-0 shz=4.0 plan=15 cmd=(lx=+0.00,ly=+0.28,rx=+0.00)
  t= 48.0 ENG-GO pos=(-3.31,+0.52) yaw=+130.6 d=2.89 goal_err=-11 carrot_err=  -2 c0=1.29 clear=0.86 prog=0.21 rel=0.67 bal=-0.25 obs=254 hard=242 obsc=256 yr=  0  nz=0.33 flt=0.00 dmap=+0/-0 shz=4.0 plan=13 cmd=(lx=+0.00,ly=+0.28,rx=+0.00)
  t= 48.5 ENG-GO pos=(-3.33,+0.54) yaw=+130.6 d=2.87 goal_err=-11 carrot_err=  -3 c0=1.26 clear=0.84 prog=0.20 rel=0.75 bal=-0.26 obs=253 hard=242 obsc=256 yr=  0  nz=0.25 flt=0.03 dmap=+0/-0 shz=4.0 plan=13 cmd=(lx=+0.00,ly=+0.28,rx=+0.00)
  t= 48.9 ENG-GO pos=(-3.34,+0.56) yaw=+130.6 d=2.84 goal_err=-11 carrot_err=  -3 c0=1.23 clear=0.82 prog=0.21 rel=0.95 bal=-0.26 obs=252 hard=243 obsc=255 yr=  0  nz=0.05 flt=0.01 dmap=+0/-1 shz=4.0 plan=13 cmd=(lx=+0.00,ly=+0.28,rx=+0.00)
  t= 49.3 ENG-GO pos=(-3.36,+0.58) yaw=+130.6 d=2.81 goal_err=-12 carrot_err=  -3 c0=1.21 clear=0.80 prog=0.22 rel=0.95 bal=-0.25 obs=253 hard=243 obsc=255 yr=  0  nz=0.05 flt=0.01 dmap=+1/-0 shz=4.0 plan=13 cmd=(lx=+0.00,ly=+0.28,rx=+0.00)
  t= 49.7 ENG-GO pos=(-3.39,+0.61) yaw=+130.6 d=2.77 goal_err=-12 carrot_err=  -3 c0=1.17 clear=0.78 prog=0.24 rel=0.94 bal=-0.25 obs=255 hard=243 obsc=257 yr=  0  nz=0.06 flt=0.00 dmap=+0/-0 shz=4.0 plan=13 cmd=(lx=+0.00,ly=+0.28,rx=+0.00)
  t= 50.2 ENG-GO pos=(-3.41,+0.64) yaw=+130.6 d=2.74 goal_err=-12 carrot_err=  -3 c0=1.13 clear=0.76 prog=0.25 rel=0.94 bal=-0.25 obs=255 hard=243 obsc=257 yr=  0  nz=0.06 flt=0.00 dmap=+1/-0 shz=4.0 plan=13 cmd=(lx=+0.00,ly=+0.28,rx=+0.00)
  t= 50.6 ENG-GO pos=(-3.44,+0.67) yaw=+130.6 d=2.70 goal_err=-12 carrot_err=  -3 c0=1.10 clear=0.73 prog=0.27 rel=0.92 bal=-0.24 obs=254 hard=243 obsc=257 yr=  0  nz=0.08 flt=0.00 dmap=+0/-0 shz=4.0 plan=13 cmd=(lx=+0.00,ly=+0.28,rx=+0.00)
  t= 51.0 ENG-GO pos=(-3.46,+0.70) yaw=+130.6 d=2.67 goal_err=-12 carrot_err=  -3 c0=1.07 clear=0.71 prog=0.28 rel=0.92 bal=-0.23 obs=252 hard=243 obsc=256 yr=  0  nz=0.08 flt=0.01 dmap=+0/-0 shz=4.0 plan=13 cmd=(lx=+0.00,ly=+0.28,rx=+0.00)
  t= 51.4 ENG-GO pos=(-3.48,+0.72) yaw=+130.6 d=2.63 goal_err=-12 carrot_err=  -3 c0=1.03 clear=0.69 prog=0.29 rel=0.93 bal=-0.10 obs=253 hard=242 obsc=255 yr=  0  nz=0.07 flt=0.01 dmap=+0/-0 shz=4.0 plan=12 cmd=(lx=+0.00,ly=+0.28,rx=+0.00)
  t= 51.9 ENG-GO pos=(-3.51,+0.75) yaw=+130.6 d=2.60 goal_err=-12 carrot_err=  -3 c0=1.00 clear=0.67 prog=0.28 rel=0.92 bal=-0.09 obs=253 hard=244 obsc=256 yr=  0  nz=0.08 flt=0.00 dmap=+0/-1 shz=4.0 plan=12 cmd=(lx=+0.00,ly=+0.28,rx=+0.00)
  t= 52.3 ENG-GO pos=(-3.53,+0.78) yaw=+130.6 d=2.56 goal_err=-13 carrot_err=  -4 c0=0.97 clear=0.64 prog=0.28 rel=0.92 bal=-0.08 obs=253 hard=242 obsc=255 yr=  0  nz=0.09 flt=0.02 dmap=+0/-0 shz=4.0 plan=12 cmd=(lx=+0.00,ly=+0.28,rx=+0.00)
  t= 52.7 ENG-GO pos=(-3.55,+0.81) yaw=+130.6 d=2.52 goal_err=-13 carrot_err=  -2 c0=0.93 clear=0.62 prog=0.28 rel=0.91 bal=+0.01 obs=251 hard=240 obsc=253 yr=  0  nz=0.09 flt=0.00 dmap=+0/-0 shz=4.0 plan=12 cmd=(lx=+0.00,ly=+0.28,rx=+0.00)
  t= 53.1 ENG-GO pos=(-3.58,+0.83) yaw=+130.6 d=2.49 goal_err=-13 carrot_err=  -2 c0=1.00 clear=0.67 prog=0.28 rel=0.92 bal=+0.01 obs=250 hard=240 obsc=254 yr=  0  nz=0.08 flt=0.01 dmap=+0/-2 shz=4.0 plan=12 cmd=(lx=+0.00,ly=+0.28,rx=+0.00)
  t= 53.6 ENG-GO pos=(-3.60,+0.86) yaw=+130.6 d=2.45 goal_err=-13 carrot_err=  -2 c0=0.96 clear=0.64 prog=0.28 rel=0.94 bal=+0.01 obs=250 hard=239 obsc=253 yr=  0  nz=0.06 flt=0.01 dmap=+0/-0 shz=4.0 plan=12 cmd=(lx=+0.00,ly=+0.28,rx=+0.00)
  t= 54.0 ENG-GO pos=(-3.63,+0.89) yaw=+130.6 d=2.41 goal_err=-13 carrot_err=  -2 c0=0.92 clear=0.61 prog=0.29 rel=0.95 bal=-0.00 obs=250 hard=240 obsc=253 yr=  0  nz=0.05 flt=0.00 dmap=+0/-0 shz=4.0 plan=12 cmd=(lx=+0.00,ly=+0.28,rx=+0.00)
  t= 54.4 ENG-GO pos=(-3.65,+0.92) yaw=+130.6 d=2.38 goal_err=-14 carrot_err=  -2 c0=0.89 clear=0.59 prog=0.29 rel=0.94 bal=-0.01 obs=252 hard=241 obsc=254 yr=  0  nz=0.06 flt=0.00 dmap=+0/-0 shz=4.0 plan=11 cmd=(lx=+0.00,ly=+0.28,rx=+0.00)
  t= 54.8 ENG-GO pos=(-3.68,+0.95) yaw=+130.6 d=2.34 goal_err=-14 carrot_err=  -2 c0=0.85 clear=0.57 prog=0.29 rel=0.92 bal=-0.24 obs=251 hard=241 obsc=254 yr=  0  nz=0.08 flt=0.00 dmap=+0/-0 shz=4.0 plan=11 cmd=(lx=+0.00,ly=+0.28,rx=+0.00)
  t= 55.3 ENG-GO pos=(-3.70,+0.98) yaw=+130.6 d=2.31 goal_err=-14 carrot_err=  -2 c0=0.82 clear=0.55 prog=0.29 rel=0.92 bal=-0.23 obs=251 hard=242 obsc=254 yr=  0  nz=0.08 flt=0.00 dmap=+0/-0 shz=4.0 plan=11 cmd=(lx=+0.00,ly=+0.28,rx=+0.00)
  t= 55.7 ENG-GO pos=(-3.72,+1.00) yaw=+130.6 d=2.27 goal_err=-14 carrot_err=  -2 c0=0.78 clear=0.52 prog=0.29 rel=0.94 bal=-0.11 obs=250 hard=242 obsc=253 yr=  0  nz=0.06 flt=0.01 dmap=+0/-1 shz=4.0 plan=11 cmd=(lx=+0.00,ly=+0.28,rx=+0.00)
  t= 56.1 ENG-GO pos=(-3.75,+1.03) yaw=+130.6 d=2.24 goal_err=-15 carrot_err=  -0 c0=0.75 clear=0.50 prog=0.27 rel=0.94 bal=-0.11 obs=250 hard=241 obsc=252 yr=  0  nz=0.07 flt=0.00 dmap=+0/-0 shz=4.0 plan=11 cmd=(lx=+0.00,ly=+0.28,rx=+0.00)
  t= 56.5 ENG-GO pos=(-3.77,+1.06) yaw=+130.6 d=2.20 goal_err=-15 carrot_err=  -0 c0=0.72 clear=0.48 prog=0.27 rel=0.93 bal=-0.10 obs=251 hard=242 obsc=253 yr=  0  nz=0.07 flt=0.01 dmap=+0/-0 shz=4.0 plan=11 cmd=(lx=+0.00,ly=+0.28,rx=+0.00)
  t= 57.0 ENG-GO pos=(-3.79,+1.09) yaw=+130.6 d=2.17 goal_err=-15 carrot_err=  -0 c0=0.68 clear=0.46 prog=0.27 rel=0.94 bal=-0.10 obs=249 hard=240 obsc=252 yr=  0  nz=0.06 flt=0.01 dmap=+0/-1 shz=4.0 plan=11 cmd=(lx=+0.00,ly=+0.28,rx=+0.00)
  t= 57.4 ENG-GO pos=(-3.82,+1.11) yaw=+130.6 d=2.13 goal_err=-15 carrot_err=  -0 c0=0.65 clear=0.43 prog=0.27 rel=0.94 bal=-0.04 obs=249 hard=239 obsc=251 yr=  0  nz=0.06 flt=0.00 dmap=+0/-0 shz=4.0 plan=11 cmd=(lx=+0.00,ly=+0.28,rx=+0.00)
  t= 57.8 ENG-GO pos=(-3.85,+1.15) yaw=+130.6 d=2.09 goal_err=-16 carrot_err=  -0 c0=0.61 clear=0.41 prog=0.29 rel=0.92 bal=-0.07 obs=250 hard=238 obsc=252 yr=  0  nz=0.08 flt=0.00 dmap=+0/-0 shz=4.0 plan=10 cmd=(lx=+0.00,ly=+0.28,rx=+0.00)
  t= 58.2 ENG-GO pos=(-3.87,+1.17) yaw=+130.6 d=2.05 goal_err=-16 carrot_err=  -0 c0=0.84 clear=0.56 prog=0.29 rel=0.86 bal=-0.07 obs=249 hard=239 obsc=252 yr=  0  nz=0.14 flt=0.01 dmap=+1/-1 shz=4.0 plan=10 cmd=(lx=+0.00,ly=+0.28,rx=+0.00)
  t= 58.7 ENG-GO pos=(-3.89,+1.20) yaw=+130.6 d=2.02 goal_err=-16 carrot_err=  -0 c0=0.81 clear=0.54 prog=0.29 rel=0.83 bal=-0.07 obs=249 hard=240 obsc=253 yr=  0  nz=0.17 flt=0.00 dmap=+0/-0 shz=4.0 plan=10 cmd=(lx=+0.00,ly=+0.28,rx=+0.00)
  t= 59.1 ENG-GO pos=(-3.92,+1.23) yaw=+130.6 d=1.98 goal_err=-16 carrot_err=  -9 c0=0.78 clear=0.52 prog=0.29 rel=0.85 bal=-0.07 obs=250 hard=241 obsc=253 yr=  0  nz=0.15 flt=0.01 dmap=+0/-0 shz=4.0 plan=10 cmd=(lx=+0.00,ly=+0.28,rx=+0.00)
  t= 59.5 ENG-GO pos=(-3.94,+1.26) yaw=+130.6 d=1.95 goal_err=-17 carrot_err=  -9 c0=0.74 clear=0.49 prog=0.29 rel=0.88 bal=-0.07 obs=250 hard=242 obsc=254 yr=  0  nz=0.12 flt=0.00 dmap=+1/-2 shz=4.0 plan=10 cmd=(lx=+0.00,ly=+0.28,rx=+0.00)
  t= 60.0 ENG-GO pos=(-3.96,+1.28) yaw=+130.6 d=1.92 goal_err=-17 carrot_err=  -9 c0=0.71 clear=0.47 prog=0.27 rel=0.93 bal=-0.07 obs=249 hard=239 obsc=252 yr=  0  nz=0.07 flt=0.00 dmap=+0/-0 shz=4.0 plan=10 cmd=(lx=+0.00,ly=+0.28,rx=+0.00)
  t= 60.4 ENG-GO pos=(-3.99,+1.31) yaw=+130.6 d=1.88 goal_err=-17 carrot_err= -16 c0=0.68 clear=0.45 prog=0.27 rel=0.93 bal=-0.07 obs=246 hard=238 obsc=250 yr=  0  nz=0.07 flt=0.01 dmap=+0/-0 shz=4.0 plan=10 cmd=(lx=+0.00,ly=+0.28,rx=+0.00)
  t= 60.8 ENG-GO pos=(-4.01,+1.34) yaw=+130.6 d=1.85 goal_err=-18 carrot_err= -16 c0=1.47 clear=0.98 prog=0.27 rel=0.92 bal=-0.08 obs=247 hard=239 obsc=251 yr=  0  nz=0.08 flt=0.00 dmap=+1/-1 shz=4.0 plan=9 cmd=(lx=+0.00,ly=+0.28,rx=+0.00)
  t= 61.2 ENG-GO pos=(-4.04,+1.37) yaw=+130.6 d=1.80 goal_err=-18 carrot_err= -17 c0=1.42 clear=0.95 prog=0.28 rel=0.47 bal=-0.09 obs=247 hard=239 obsc=250 yr=  0  nz=0.53 flt=0.00 dmap=+0/-0 shz=4.0 plan=9 cmd=(lx=+0.00,ly=+0.28,rx=+0.00)
  t= 61.7 ENG-GO pos=(-4.06,+1.40) yaw=+130.6 d=1.77 goal_err=-18 carrot_err= -18 c0=1.39 clear=0.93 prog=0.28 rel=0.45 bal=-0.10 obs=245 hard=238 obsc=250 yr=  0  nz=0.55 flt=0.01 dmap=+0/-0 shz=4.0 plan=9 cmd=(lx=+0.00,ly=+0.28,rx=+0.00)
  t= 62.1 ENG-GO pos=(-4.09,+1.43) yaw=+130.6 d=1.74 goal_err=-19 carrot_err= -19 c0=1.36 clear=0.91 prog=0.28 rel=0.60 bal=-0.10 obs=249 hard=240 obsc=252 yr=  0  nz=0.40 flt=0.00 dmap=+0/-0 shz=4.0 plan=9 cmd=(lx=+0.00,ly=+0.28,rx=+0.00)
  t= 62.5 ENG-GO pos=(-4.11,+1.45) yaw=+130.6 d=1.70 goal_err=-19 carrot_err= -19 c0=1.32 clear=0.88 prog=0.28 rel=0.93 bal=-0.11 obs=249 hard=241 obsc=253 yr=  0  nz=0.07 flt=0.01 dmap=+0/-1 shz=4.0 plan=9 cmd=(lx=+0.00,ly=+0.28,rx=+0.00)
  t= 62.9 ENG-GO pos=(-4.13,+1.48) yaw=+130.6 d=1.67 goal_err=-20 carrot_err= -14 c0=1.29 clear=0.86 prog=0.26 rel=0.93 bal=-0.17 obs=250 hard=242 obsc=253 yr=  0  nz=0.07 flt=0.01 dmap=+0/-0 shz=4.0 plan=9 cmd=(lx=+0.00,ly=+0.28,rx=+0.00)
  t= 63.3 ENG-GO pos=(-4.16,+1.51) yaw=+130.6 d=1.64 goal_err=-20 carrot_err= -14 c0=1.25 clear=0.83 prog=0.27 rel=0.93 bal=-0.17 obs=253 hard=244 obsc=256 yr=  0  nz=0.07 flt=0.02 dmap=+0/-0 shz=4.0 plan=9 cmd=(lx=+0.00,ly=+0.28,rx=+0.00)
  t= 63.8 ENG-GO pos=(-4.18,+1.53) yaw=+130.6 d=1.60 goal_err=-20 carrot_err= -15 c0=1.22 clear=0.81 prog=0.27 rel=0.94 bal=-0.16 obs=250 hard=240 obsc=252 yr=  0  nz=0.06 flt=0.00 dmap=+1/-0 shz=4.0 plan=9 cmd=(lx=+0.00,ly=+0.28,rx=+0.00)
  t= 64.2 ENG-GO pos=(-4.20,+1.56) yaw=+130.6 d=1.57 goal_err=-21 carrot_err= -15 c0=1.18 clear=0.79 prog=0.27 rel=0.92 bal=-0.04 obs=249 hard=239 obsc=251 yr=  0  nz=0.08 flt=0.00 dmap=+0/-0 shz=4.0 plan=8 cmd=(lx=+0.00,ly=+0.28,rx=+0.00)
  t= 64.6 ENG-GO pos=(-4.23,+1.59) yaw=+130.6 d=1.54 goal_err=-21 carrot_err= -16 c0=1.15 clear=0.77 prog=0.27 rel=0.92 bal=-0.03 obs=252 hard=241 obsc=255 yr=  0  nz=0.08 flt=0.00 dmap=+0/-0 shz=4.0 plan=8 cmd=(lx=+0.00,ly=+0.28,rx=+0.00)
  t= 65.0 ENG-GO pos=(-4.26,+1.62) yaw=+130.6 d=1.49 goal_err=-22 carrot_err= -17 c0=1.11 clear=0.74 prog=0.28 rel=0.93 bal=-0.03 obs=255 hard=244 obsc=257 yr=  0  nz=0.07 flt=0.00 dmap=+1/-0 shz=4.0 plan=8 cmd=(lx=+0.00,ly=+0.28,rx=+0.00)
  t= 65.5 ENG-GO pos=(-4.28,+1.65) yaw=+130.6 d=1.46 goal_err=-23 carrot_err= -17 c0=1.07 clear=0.71 prog=0.28 rel=0.91 bal=+0.05 obs=255 hard=246 obsc=258 yr=  0  nz=0.09 flt=0.01 dmap=+0/-0 shz=4.0 plan=8 cmd=(lx=+0.00,ly=+0.28,rx=+0.00)
  t= 65.9 ENG-GO pos=(-4.30,+1.68) yaw=+130.6 d=1.43 goal_err=-23 carrot_err= -18 c0=1.04 clear=0.69 prog=0.28 rel=0.91 bal=+0.04 obs=256 hard=246 obsc=258 yr=  0  nz=0.09 flt=0.00 dmap=+0/-0 shz=4.0 plan=8 cmd=(lx=+0.00,ly=+0.28,rx=+0.00)
  t= 66.3 ENG-GO pos=(-4.33,+1.71) yaw=+130.6 d=1.39 goal_err=-24 carrot_err= -24 c0=1.00 clear=0.67 prog=0.28 rel=0.91 bal=-0.44 obs=256 hard=246 obsc=259 yr=  0  nz=0.09 flt=0.00 dmap=+0/-0 shz=4.0 plan=8 cmd=(lx=+0.00,ly=+0.28,rx=+0.00)
  t= 66.7 ENG-GO pos=(-4.35,+1.73) yaw=+130.6 d=1.36 goal_err=-24 carrot_err= -24 c0=0.97 clear=0.65 prog=0.27 rel=0.92 bal=-0.45 obs=259 hard=249 obsc=261 yr=  0  nz=0.08 flt=0.00 dmap=+1/-0 shz=4.0 plan=8 cmd=(lx=+0.00,ly=+0.28,rx=+0.00)
  t= 67.2 ENG-GO pos=(-4.37,+1.76) yaw=+130.6 d=1.33 goal_err=-25 carrot_err= -25 c0=0.94 clear=0.62 prog=0.26 rel=0.92 bal=-0.46 obs=259 hard=249 obsc=261 yr=  0  nz=0.08 flt=0.00 dmap=+0/-0 shz=4.0 plan=7 cmd=(lx=+0.00,ly=+0.28,rx=+0.00)
  t= 67.6 ENG-GO pos=(-4.40,+1.79) yaw=+130.6 d=1.29 goal_err=-26 carrot_err= -27 c0=0.90 clear=0.60 prog=0.27 rel=0.92 bal=-0.56 obs=257 hard=247 obsc=259 yr=  0  nz=0.08 flt=0.00 dmap=+0/-0 shz=4.0 plan=7 cmd=(lx=+0.00,ly=+0.28,rx=+0.00)
  [META2-DOOR] Door_Direct: CRUZADA (cols=0) -> Pl=1.00
  t= 68.0 DWA-F pos=(-4.43,+1.82) yaw=+130.6 d=1.25 goal_err=-27 carrot_err= -28 c0=0.86 clear=0.57 prog=0.27 rel=0.92 bal=-0.56 obs=258 hard=249 obsc=260 yr=  0  nz=0.09 flt=0.00 dmap=+0/-0 shz=4.0 plan=7 cmd=(lx=+0.00,ly=+0.40,rx=+0.00)
  t= 68.5 DWA-F pos=(-4.46,+1.86) yaw=+130.6 d=1.21 goal_err=-28 carrot_err= -30 c0=0.82 clear=0.55 prog=0.28 rel=0.93 bal=-0.48 obs=258 hard=247 obsc=260 yr=  0  nz=0.07 flt=0.01 dmap=+0/-0 shz=3.9 plan=7 cmd=(lx=+0.00,ly=+0.40,rx=+0.00)
  t= 68.9 DWA-F pos=(-4.48,+1.89) yaw=+129.0 d=1.18 goal_err=-27 carrot_err= -30 c0=0.88 clear=0.59 prog=0.29 rel=0.94 bal=-0.45 obs=257 hard=249 obsc=260 yr= 15G nz=0.06 flt=0.01 dmap=+0/-0 shz=4.0 plan=7 cmd=(lx=+0.00,ly=+0.40,rx=+0.45)
  t= 69.3 DWA-F pos=(-4.51,+1.93) yaw=+125.8 d=1.14 goal_err=-25 carrot_err= -17 c0=0.84 clear=0.56 prog=0.31 rel=0.95 bal=-0.37 obs=260 hard=253 obsc=263 yr=  0  nz=0.05 flt=0.02 dmap=+0/-2 shz=4.0 plan=7 cmd=(lx=+0.00,ly=+0.40,rx=+0.00)
  t= 69.8 DWA-F pos=(-4.54,+1.97) yaw=+125.8 d=1.09 goal_err=-26 carrot_err= -19 c0=0.78 clear=0.52 prog=0.32 rel=0.95 bal=-0.38 obs=259 hard=251 obsc=261 yr=  0  nz=0.05 flt=0.01 dmap=+0/-0 shz=4.0 plan=7 cmd=(lx=+0.00,ly=+0.40,rx=+0.00)
  t= 70.2 DWA-F pos=(-4.57,+2.01) yaw=+125.8 d=1.05 goal_err=-27 carrot_err= -20 c0=0.74 clear=0.49 prog=0.32 rel=0.92 bal=-0.52 obs=261 hard=253 obsc=264 yr=  0  nz=0.08 flt=0.00 dmap=+0/-0 shz=4.0 plan=6 cmd=(lx=+0.00,ly=+0.40,rx=+0.00)
  t= 70.6 DWA-F pos=(-4.60,+2.04) yaw=+125.8 d=1.01 goal_err=-28 carrot_err= -21 c0=0.70 clear=0.47 prog=0.32 rel=0.92 bal=-0.53 obs=262 hard=253 obsc=265 yr=  0  nz=0.08 flt=0.00 dmap=+1/-1 shz=3.9 plan=6 cmd=(lx=+0.00,ly=+0.40,rx=+0.00)
  t= 71.1 DWA-F pos=(-4.62,+2.08) yaw=+125.8 d=0.97 goal_err=-29 carrot_err= -22 c0=0.94 clear=0.62 prog=0.32 rel=0.93 bal=-0.53 obs=261 hard=252 obsc=264 yr=  0  nz=0.07 flt=0.01 dmap=+0/-1 shz=4.0 plan=6 cmd=(lx=+0.00,ly=+0.40,rx=+0.00)
  t= 71.5 DWA-F pos=(-4.65,+2.12) yaw=+125.8 d=0.93 goal_err=-31 carrot_err= -26 c0=0.90 clear=0.60 prog=0.30 rel=0.84 bal=-0.53 obs=260 hard=252 obsc=264 yr=  0  nz=0.16 flt=0.00 dmap=+0/-0 shz=4.0 plan=6 cmd=(lx=+0.00,ly=+0.40,rx=+0.00)
  t= 71.9 DWA-F pos=(-4.68,+2.16) yaw=+125.8 d=0.88 goal_err=-32 carrot_err= -28 c0=0.84 clear=0.56 prog=0.32 rel=0.84 bal=-0.54 obs=259 hard=249 obsc=261 yr=  0  nz=0.16 flt=0.00 dmap=+0/-0 shz=4.0 plan=5 cmd=(lx=+0.00,ly=+0.40,rx=+0.00)
  t= 72.3 DWA-F pos=(-4.71,+2.20) yaw=+125.8 d=0.84 goal_err=-34 carrot_err= -29 c0=0.80 clear=0.54 prog=0.31 rel=0.86 bal=-0.41 obs=259 hard=250 obsc=262 yr=  0  nz=0.14 flt=0.01 dmap=+2/-0 shz=4.0 plan=5 cmd=(lx=+0.00,ly=+0.40,rx=+0.00)
  t= 72.8 DWA-F pos=(-4.73,+2.23) yaw=+122.6 d=0.81 goal_err=-33 carrot_err= -27 c0=1.16 clear=0.77 prog=0.30 rel=0.92 bal=-0.52 obs=259 hard=250 obsc=262 yr= 15  nz=0.08 flt=0.00 dmap=+0/-0 shz=4.0 plan=5 cmd=(lx=+0.00,ly=+0.40,rx=+0.00)
  t= 73.2 DWA-F pos=(-4.75,+2.27) yaw=+122.6 d=0.77 goal_err=-34 carrot_err= -29 c0=1.12 clear=0.75 prog=0.30 rel=0.76 bal=-0.41 obs=262 hard=253 obsc=265 yr=  0G nz=0.24 flt=0.01 dmap=+0/-0 shz=4.0 plan=5 cmd=(lx=+0.00,ly=+0.40,rx=+0.45)
  t= 73.6 DWA-F pos=(-4.77,+2.30) yaw=+119.4 d=0.74 goal_err=-33 carrot_err= -27 c0=1.08 clear=0.72 prog=0.29 rel=0.74 bal=-0.40 obs=264 hard=254 obsc=266 yr=  0  nz=0.26 flt=0.01 dmap=+1/-0 shz=4.0 plan=5 cmd=(lx=+0.00,ly=+0.40,rx=+0.00)
  t= 74.1 DWA-F pos=(-4.80,+2.34) yaw=+117.8 d=0.70 goal_err=-33 carrot_err= -27 c0=1.04 clear=0.69 prog=0.28 rel=0.80 bal=-0.41 obs=263 hard=254 obsc=265 yr= 15G nz=0.20 flt=0.07 dmap=+0/-0 shz=4.0 plan=5 cmd=(lx=+0.00,ly=+0.40,rx=+0.00)
  t= 74.5 DWA-F pos=(-4.81,+2.38) yaw=+114.5 d=0.67 goal_err=-32 carrot_err= -26 c0=1.01 clear=0.67 prog=0.28 rel=0.93 bal=-0.40 obs=263 hard=254 obsc=265 yr=  0  nz=0.07 flt=0.04 dmap=+0/-0 shz=4.0 plan=5 cmd=(lx=+0.00,ly=+0.40,rx=+0.00)
  t= 74.9 DWA-F pos=(-4.84,+2.43) yaw=+114.5 d=0.62 goal_err=-34 carrot_err= -28 c0=0.95 clear=0.64 prog=0.30 rel=0.93 bal=-0.40 obs=264 hard=256 obsc=268 yr=  0G nz=0.07 flt=0.01 dmap=+0/-0 shz=4.0 plan=4 cmd=(lx=+0.00,ly=+0.40,rx=+0.45)
  t= 75.4 DWA-F pos=(-4.85,+2.47) yaw=+109.7 d=0.58 goal_err=-32 carrot_err= -26 c0=0.91 clear=0.61 prog=0.30 rel=0.91 bal=-0.39 obs=267 hard=256 obsc=271 yr=  0  nz=0.09 flt=0.01 dmap=+2/-0 shz=4.0 plan=4 cmd=(lx=+0.00,ly=+0.40,rx=+0.00)
  t= 75.8 DWA-F pos=(-4.87,+2.51) yaw=+108.1 d=0.55 goal_err=-33 carrot_err= -26 c0=0.87 clear=0.58 prog=0.30 rel=0.91 bal=-0.38 obs=266 hard=256 obsc=271 yr= 15G nz=0.09 flt=0.04 dmap=+0/-0 shz=4.0 plan=4 cmd=(lx=+0.00,ly=+0.40,rx=+0.45)
  t= 76.2 DWA-F pos=(-4.88,+2.55) yaw=+104.9 d=0.51 goal_err=-32 carrot_err= -25 c0=0.83 clear=0.55 prog=0.30 rel=0.92 bal=-0.38 obs=266 hard=257 obsc=271 yr=  0  nz=0.09 flt=0.01 dmap=+0/-0 shz=4.0 plan=3 cmd=(lx=+0.00,ly=+0.28,rx=+0.45)
  t= 76.7 DWA-F pos=(-4.89,+2.59) yaw=+100.1 d=0.48 goal_err=-30 carrot_err= -23 c0=0.96 clear=0.64 prog=0.28 rel=0.92 bal=-0.16 obs=270 hard=260 obsc=276 yr= 15  nz=0.08 flt=0.14 dmap=+8/-4 shz=4.0 plan=3 cmd=(lx=+0.00,ly=+0.28,rx=+0.45)
  t= 77.1 DWA-T pos=(-4.89,+2.62) yaw= +96.9 d=0.45 goal_err=-28 carrot_err= -21 c0=1.10 clear=0.73 prog=0.26 rel=0.91 bal=-0.16 obs=270 hard=263 obsc=275 yr=  0  nz=0.09 flt=0.00 dmap=+0/-0 shz=4.0 plan=3 cmd=(lx=+0.00,ly=+0.00,rx=+0.00)
  t= 77.5 DWA-T pos=(-4.89,+2.62) yaw= +96.9 d=0.45 goal_err=-28 carrot_err= -21 c0=1.10 clear=0.73 prog=0.20 rel=0.84 bal=-0.16 obs=266 hard=261 obsc=272 yr=  0  nz=0.16 flt=0.06 dmap=+0/-0 shz=3.9 plan=3 cmd=(lx=+0.00,ly=+0.00,rx=+0.00)
  t= 77.9 DWA-T pos=(-4.89,+2.62) yaw= +96.9 d=0.45 goal_err=-28 carrot_err= -21 c0=1.10 clear=0.73 prog=0.13 rel=0.84 bal=-0.16 obs=266 hard=261 obsc=272 yr=  0  nz=0.16 flt=0.06 dmap=+0/-0 shz=3.9 plan=3 cmd=(lx=+0.00,ly=+0.00,rx=+0.00)
  t= 78.4 BRK-BK pos=(-4.89,+2.61) yaw= +96.9 d=0.46 goal_err=-28 carrot_err= -20 c0=1.11 clear=0.74 prog=0.05 rel=0.84 bal=-0.16 obs=266 hard=259 obsc=271 yr=  0  nz=0.16 flt=0.00 dmap=+0/-0 shz=3.7 plan=0 cmd=(lx=+0.00,ly=-0.35,rx=+0.00)
  t= 78.8 BRK-TR pos=(-4.89,+2.57) yaw= +95.3 d=0.50 goal_err=-24 carrot_err= -17 c0=1.15 clear=0.77 prog=0.00 rel=0.90 bal=-0.16 obs=266 hard=259 obsc=271 yr= 15G nz=0.10 flt=0.00 dmap=+0/-0 shz=3.7 plan=0 cmd=(lx=+0.00,ly=+0.00,rx=+0.45)
  t= 79.2 BRK-TR pos=(-4.89,+2.57) yaw= +88.9 d=0.50 goal_err=-18 carrot_err= -11 c0=1.14 clear=0.76 prog=0.00 rel=0.83 bal=-0.18 obs=266 hard=260 obsc=271 yr= 15G nz=0.17 flt=0.00 dmap=+0/-0 shz=3.7 plan=0 cmd=(lx=+0.00,ly=+0.00,rx=+0.45)
  t= 79.6 BRK-TR pos=(-4.89,+2.57) yaw= +80.9 d=0.50 goal_err=-10 carrot_err=  -3 c0=1.14 clear=0.76 prog=0.00 rel=0.85 bal=-0.27 obs=266 hard=260 obsc=271 yr= 31G nz=0.15 flt=0.11 dmap=+0/-0 shz=3.7 plan=0 cmd=(lx=+0.00,ly=+0.00,rx=+0.45)
  t= 80.1 BRK-TR pos=(-4.89,+2.57) yaw= +74.7 d=0.50 goal_err=-3 carrot_err=  +4 c0=1.08 clear=0.72 prog=0.00 rel=0.86 bal=-0.32 obs=266 hard=260 obsc=271 yr= 14G nz=0.14 flt=0.03 dmap=+0/-0 shz=3.7 plan=0 cmd=(lx=+0.00,ly=+0.00,rx=+0.45)
  t= 80.5 BRK-TR pos=(-4.89,+2.57) yaw= +68.7 d=0.50 goal_err=+3 carrot_err= +10 c0=1.08 clear=0.72 prog=0.00 rel=0.90 bal=-0.32 obs=266 hard=260 obsc=271 yr= 14G nz=0.10 flt=0.00 dmap=+0/-0 shz=3.7 plan=0 cmd=(lx=+0.00,ly=+0.00,rx=+0.45)
  t= 80.9 BRK-TR pos=(-4.89,+2.57) yaw= +62.7 d=0.50 goal_err=+9 carrot_err= +16 c0=1.08 clear=0.72 prog=0.00 rel=0.94 bal=-0.23 obs=266 hard=260 obsc=271 yr= 14G nz=0.06 flt=0.05 dmap=+0/-0 shz=3.7 plan=0 cmd=(lx=+0.00,ly=+0.00,rx=+0.45)
  t= 81.3 DWA-T pos=(-4.88,+2.58) yaw= +59.8 d=0.48 goal_err=+12 carrot_err= +19 c0=1.06 clear=0.71 prog=0.02 rel=0.94 bal=-0.23 obs=262 hard=256 obsc=266 yr=  0  nz=0.06 flt=0.00 dmap=+0/-0 shz=3.7 plan=3 cmd=(lx=+0.00,ly=+0.00,rx=+0.00)
  t= 81.8 DWA-T pos=(-4.88,+2.58) yaw= +59.8 d=0.48 goal_err=+12 carrot_err= +19 c0=1.06 clear=0.71 prog=0.02 rel=0.94 bal=-0.23 obs=261 hard=256 obsc=266 yr=  0  nz=0.06 flt=0.03 dmap=+0/-0 shz=3.7 plan=3 cmd=(lx=+0.00,ly=+0.00,rx=+0.00)
  t= 82.2 DWA-T pos=(-4.88,+2.58) yaw= +59.8 d=0.48 goal_err=+12 carrot_err= +19 c0=1.06 clear=0.71 prog=0.02 rel=0.94 bal=-0.23 obs=261 hard=256 obsc=266 yr=  0  nz=0.06 flt=0.03 dmap=+0/-0 shz=3.7 plan=3 cmd=(lx=+0.00,ly=+0.00,rx=+0.00)
  t= 82.6 BRK-BK pos=(-4.88,+2.58) yaw= +59.8 d=0.48 goal_err=+12 carrot_err= +19 c0=1.06 clear=0.71 prog=0.02 rel=0.94 bal=-0.23 obs=261 hard=256 obsc=266 yr=  0  nz=0.06 flt=0.03 dmap=+0/-0 shz=3.7 plan=0 cmd=(lx=+0.00,ly=-0.35,rx=+0.00)
  t= 83.0 BRK-TR pos=(-4.90,+2.55) yaw= +59.8 d=0.52 goal_err=+11 carrot_err= +18 c0=1.10 clear=0.73 prog=0.00 rel=1.00 bal=-0.22 obs=250 hard=248 obsc=254 yr=  0  nz=0.00 flt=0.00 dmap=+0/-0 shz=3.5 plan=0 cmd=(lx=+0.00,ly=+0.00,rx=+0.45)
  t= 83.5 BRK-TR pos=(-4.91,+2.54) yaw= +55.3 d=0.53 goal_err=+15 carrot_err= +22 c0=1.11 clear=0.74 prog=0.00 rel=0.97 bal=-0.22 obs=250 hard=248 obsc=254 yr= 14G nz=0.03 flt=0.08 dmap=+0/-0 shz=3.5 plan=0 cmd=(lx=+0.00,ly=+0.00,rx=+0.45)
  t= 83.9 BRK-TR pos=(-4.91,+2.54) yaw= +49.3 d=0.53 goal_err=+21 carrot_err= +28 c0=1.11 clear=0.74 prog=0.00 rel=0.96 bal=-0.15 obs=250 hard=249 obsc=254 yr= 14G nz=0.04 flt=0.01 dmap=+0/-0 shz=3.5 plan=0 cmd=(lx=+0.00,ly=+0.00,rx=+0.45)
  t= 84.3 BRK-TR pos=(-4.91,+2.54) yaw= +43.4 d=0.53 goal_err=+27 carrot_err= +34 c0=1.11 clear=0.74 prog=0.00 rel=0.96 bal=-0.15 obs=250 hard=249 obsc=254 yr= 14G nz=0.04 flt=0.10 dmap=+0/-0 shz=3.5 plan=0 cmd=(lx=+0.00,ly=+0.00,rx=+0.45)
  t= 84.7 BRK-TR pos=(-4.91,+2.54) yaw= +37.4 d=0.53 goal_err=+33 carrot_err= +40 c0=1.11 clear=0.74 prog=0.00 rel=0.96 bal=-0.04 obs=250 hard=249 obsc=254 yr= 14G nz=0.04 flt=0.01 dmap=+0/-0 shz=3.5 plan=0 cmd=(lx=+0.00,ly=+0.00,rx=+0.45)
  t= 85.2 BRK-TR pos=(-4.91,+2.54) yaw= +31.5 d=0.53 goal_err=+39 carrot_err= +45 c0=1.11 clear=0.74 prog=0.00 rel=0.99 bal=+0.08 obs=250 hard=249 obsc=254 yr= 14G nz=0.01 flt=0.00 dmap=+0/-0 shz=3.5 plan=0 cmd=(lx=+0.00,ly=+0.00,rx=+0.45)
  t= 85.6 DWA-F pos=(-4.91,+2.54) yaw= +24.0 d=0.53 goal_err=+47 carrot_err= +53 c0=1.25 clear=0.83 prog=0.00 rel=0.91 bal=+0.08 obs=250 hard=249 obsc=254 yr= 13G nz=0.09 flt=0.01 dmap=+0/-0 shz=3.5 plan=3 cmd=(lx=+0.00,ly=+0.28,rx=-0.45)
  t= 86.0 DWA-F pos=(-4.88,+2.55) yaw= +30.0 d=0.51 goal_err=+43 carrot_err= +50 c0=1.09 clear=0.73 prog=0.03 rel=0.89 bal=+0.08 obs=250 hard=249 obsc=254 yr= 14G nz=0.11 flt=0.03 dmap=+0/-0 shz=3.5 plan=3 cmd=(lx=+0.00,ly=+0.28,rx=-0.45)
  t= 86.4 DWA-F pos=(-4.86,+2.57) yaw= +35.9 d=0.49 goal_err=+39 carrot_err= +46 c0=1.06 clear=0.71 prog=0.07 rel=0.84 bal=+0.09 obs=251 hard=250 obsc=255 yr= 14G nz=0.12 flt=0.02 dmap=+1/-0 shz=3.5 plan=3 cmd=(lx=+0.00,ly=+0.28,rx=-0.45)
  t= 86.9 DWA-F pos=(-4.84,+2.58) yaw= +41.9 d=0.47 goal_err=+35 carrot_err= +43 c0=1.03 clear=0.69 prog=0.11 rel=0.86 bal=-0.02 obs=251 hard=250 obsc=255 yr= 14G nz=0.14 flt=0.09 dmap=+0/-0 shz=3.5 plan=3 cmd=(lx=+0.00,ly=+0.28,rx=-0.45)
  t= 87.3 DWA-F pos=(-4.82,+2.60) yaw= +47.9 d=0.44 goal_err=+31 carrot_err= +40 c0=1.01 clear=0.67 prog=0.15 rel=0.94 bal=-0.02 obs=252 hard=251 obsc=256 yr= 14G nz=0.06 flt=0.00 dmap=+0/-0 shz=3.5 plan=3 cmd=(lx=+0.00,ly=+0.28,rx=-0.45)
  t= 87.7 DWA-F pos=(-4.80,+2.62) yaw= +53.8 d=0.42 goal_err=+27 carrot_err= +36 c0=0.98 clear=0.65 prog=0.17 rel=0.89 bal=-0.13 obs=253 hard=252 obsc=257 yr= 14G nz=0.06 flt=0.05 dmap=+1/-0 shz=3.5 plan=3 cmd=(lx=+0.00,ly=+0.28,rx=-0.45)

  >>> MODO AGRESIVO ON (12s sin acercarse a B): reduzco inflado y holgura (min seguridad 0.24m) para cruzar la puerta.
  t= 88.2 AGR-DWA-T pos=(-4.78,+2.65) yaw= +59.8 d=0.40 goal_err=+23 carrot_err= +33 c0=0.95 clear=0.63 prog=0.18 rel=0.94 bal=-0.12 obs=254 hard=253 obsc=258 yr= 14  nz=0.06 flt=0.01 dmap=+0/-0 shz=3.5 plan=3 cmd=(lx=+0.00,ly=+0.00,rx=+0.00)
  t= 88.6 AGR-DWA-T pos=(-4.78,+2.65) yaw= +61.3 d=0.39 goal_err=+22 carrot_err= +32 c0=0.94 clear=0.63 prog=0.16 rel=0.94 bal=-0.12 obs=250 hard=247 obsc=254 yr=  0  nz=0.06 flt=0.01 dmap=+0/-0 shz=3.5 plan=3 cmd=(lx=+0.00,ly=+0.00,rx=+0.00)
  t= 89.0 AGR-DWA-T pos=(-4.78,+2.65) yaw= +61.3 d=0.39 goal_err=+22 carrot_err= +32 c0=0.94 clear=0.63 prog=0.12 rel=0.94 bal=-0.12 obs=250 hard=247 obsc=254 yr=  0  nz=0.06 flt=0.01 dmap=+0/-0 shz=3.5 plan=3 cmd=(lx=+0.00,ly=+0.00,rx=+0.00)
  t= 89.5 AGR-BRK-BK pos=(-4.78,+2.65) yaw= +61.3 d=0.39 goal_err=+22 carrot_err= +32 c0=0.94 clear=0.63 prog=0.08 rel=0.94 bal=-0.12 obs=250 hard=247 obsc=254 yr=  0  nz=0.06 flt=0.01 dmap=+0/-0 shz=3.5 plan=0 cmd=(lx=+0.00,ly=-0.35,rx=+0.00)
  t= 89.9 AGR-BRK-TR pos=(-4.80,+2.62) yaw= +61.3 d=0.42 goal_err=+20 carrot_err= +29 c0=0.98 clear=0.65 prog=0.00 rel=0.98 bal=-0.12 obs=247 hard=244 obsc=251 yr=  0G nz=0.02 flt=0.00 dmap=+0/-0 shz=3.3 plan=0 cmd=(lx=+0.00,ly=+0.00,rx=+0.45)
  t= 90.3 AGR-BRK-TR pos=(-4.80,+2.62) yaw= +55.3 d=0.42 goal_err=+26 carrot_err= +35 c0=0.98 clear=0.65 prog=0.00 rel=0.97 bal=-0.12 obs=247 hard=244 obsc=251 yr= 14G nz=0.03 flt=0.03 dmap=+0/-0 shz=3.3 plan=0 cmd=(lx=+0.00,ly=+0.00,rx=+0.45)
  t= 90.7 AGR-BRK-TR pos=(-4.80,+2.62) yaw= +49.3 d=0.42 goal_err=+32 carrot_err= +41 c0=0.98 clear=0.65 prog=0.00 rel=0.97 bal=-0.02 obs=247 hard=244 obsc=251 yr= 14G nz=0.03 flt=0.00 dmap=+0/-0 shz=3.3 plan=0 cmd=(lx=+0.00,ly=+0.00,rx=+0.45)
  t= 91.2 AGR-BRK-TR pos=(-4.80,+2.62) yaw= +43.4 d=0.42 goal_err=+38 carrot_err= +47 c0=0.98 clear=0.65 prog=0.00 rel=0.97 bal=-0.02 obs=247 hard=244 obsc=251 yr= 14G nz=0.03 flt=0.05 dmap=+0/-0 shz=3.3 plan=0 cmd=(lx=+0.00,ly=+0.00,rx=+0.45)
  t= 91.6 AGR-BRK-TR pos=(-4.80,+2.62) yaw= +37.4 d=0.42 goal_err=+43 carrot_err= +53 c0=0.98 clear=0.65 prog=0.00 rel=0.98 bal=+0.09 obs=247 hard=244 obsc=251 yr= 14G nz=0.02 flt=0.00 dmap=+0/-0 shz=3.3 plan=0 cmd=(lx=+0.00,ly=+0.00,rx=+0.45)
  t= 92.0 AGR-BRK-TR pos=(-4.80,+2.62) yaw= +30.0 d=0.42 goal_err=+51 carrot_err= +60 c0=0.98 clear=0.65 prog=0.00 rel=0.98 bal=+0.03 obs=249 hard=246 obsc=253 yr= 14G nz=0.02 flt=0.00 dmap=+2/-0 shz=3.3 plan=0 cmd=(lx=+0.00,ly=+0.00,rx=+0.45)
  t= 92.5 AGR-DWA-F pos=(-4.79,+2.62) yaw= +27.0 d=0.42 goal_err=+55 carrot_err= +64 c0=1.11 clear=0.74 prog=0.01 rel=0.91 bal=+0.03 obs=249 hard=246 obsc=253 yr= 14G nz=0.09 flt=0.00 dmap=+0/-0 shz=3.3 plan=3 cmd=(lx=+0.00,ly=+0.28,rx=-0.45)
  t= 92.9 AGR-DWA-F pos=(-4.77,+2.64) yaw= +33.0 d=0.40 goal_err=+52 carrot_err= +62 c0=0.95 clear=0.63 prog=0.04 rel=0.90 bal=+0.02 obs=249 hard=246 obsc=253 yr= 14G nz=0.10 flt=0.03 dmap=+0/-0 shz=3.3 plan=3 cmd=(lx=+0.00,ly=+0.28,rx=-0.45)
  t= 93.3 AGR-DWA-F pos=(-4.74,+2.65) yaw= +38.9 d=0.39 goal_err=+49 carrot_err= +60 c0=0.92 clear=0.61 prog=0.07 rel=0.90 bal=+0.05 obs=249 hard=246 obsc=253 yr= 14G nz=0.10 flt=0.16 dmap=+0/-0 shz=3.3 plan=3 cmd=(lx=+0.00,ly=+0.28,rx=-0.45)
  t= 93.8 AGR-DWA-F pos=(-4.72,+2.67) yaw= +44.9 d=0.37 goal_err=+46 carrot_err= +58 c0=0.90 clear=0.60 prog=0.10 rel=0.88 bal=+0.05 obs=250 hard=247 obsc=254 yr= 14G nz=0.12 flt=0.01 dmap=+0/-0 shz=3.3 plan=3 cmd=(lx=+0.00,ly=+0.28,rx=-0.45)

  LLEGADO a 'B' (-4.73,+3.04); error=0.35 m, colisiones=0.
  [spill] derrames=0 E[N]=0.00 eta_max=0.97 riesgo=1.2%
  [dataset] travesia guardada -> /Users/adrianlendinezibanez/Claude/Projects/G1 ROBOT/dataset/20260721_101118_ours_B.json
  [stats] fila anadida -> /Users/adrianlendinezibanez/Claude/Projects/G1 ROBOT/dataset/runs_stats.csv

Fin goto.
  [META2-L2] estado guardado (meta2_state_abfull.json): Pl={'Efficient_Nav': 1.0, 'Cautious_Nav': 1.0} derrames_run=0
  backend grafico: TkAgg
>>> SIM ADAPTER: conectando a rosbridge ws://localhost:8765 ...
  esperando /odom (hasta 30s; el mundo del lab tarda en cargar)... ok
  /odom OK pose=(+0.99,+0.57) | /scan: OK
  escenario LAB: mapa/waypoints/puerta REALES (lab.world solo-paredes, frame G1)

>>> GOTO 'B' -> (-4.73,+3.04). Mando en mano (L2+B). Ctrl+C aborta.
    ENTORNO: SIM (id: lab_v1_ab_full)  — esta run se registra como SIMULACION, no cuenta como run de robot
  Esperando pose localizada y primera nube... ok.
  FRAME-CHECK start=(+0.99,+0.57) wp_mas_cercano=A(+0.99,+0.57) offset=0.00m  -> frame OK (pose y waypoints alineados)
  [spill] payload de agua simulado (semilla=20260721_101305_ours_B.json)
  [META2-DOOR] variante de engagement: Door_Direct (Pl={Door_Direct:1.00, Door_Far:1.00, Door_BiasPlus:1.00})
  META2 ACTIVO (techo por analogia): Meta-Reasoner 2.0, analogia inicial Cautious_Nav

  !!!!!!!!!!!!!!!!!!!!!!!!!!!!!!!!!!!!!!!!!!!!!!!!!!!!!!!!!!!!!!!!!!!!!!!!!!
  !!  VISION OFF (G1_PERC sin definir) pero G1_NOVIS=1: navego SIN vision bajo tu responsabilidad.
  !!  La MESA invisible al LiDAR no se vera.
  !!!!!!!!!!!!!!!!!!!!!!!!!!!!!!!!!!!!!!!!!!!!!!!!!!!!!!!!!!!!!!!!!!!!!!!!!!

  mapa de referencia: 961 celdas | muebles estaticos (nav_map): 0 celdas | plan global: static
  t=  0.0 DWA-F pos=(+0.99,+0.57) yaw=-120.3 d=6.23 goal_err=-83 carrot_err= -62 c0=2.25 clear=1.00 prog=0.00 rel=1.00 bal=+0.19 obs=108 hard=108 obsc=108 yr=  0  nz=0.00 flt=0.19 dmap=+108/-0 shz=0.0 plan=34 cmd=(lx=+0.00,ly=+0.40,rx=+0.45)
  t=  0.4 DWA-F pos=(+0.97,+0.53) yaw=-125.1 d=6.22 goal_err=-79 carrot_err= -60 c0=2.21 clear=1.00 prog=0.05 rel=0.96 bal=+0.28 obs=111 hard=111 obsc=111 yr= 15G nz=0.04 flt=0.10 dmap=+0/-0 shz=3.1 plan=34 cmd=(lx=+0.00,ly=+0.40,rx=+0.45)
  t=  0.9 DWA-F pos=(+0.93,+0.48) yaw=-131.6 d=6.21 goal_err=-73 carrot_err= -57 c0=2.21 clear=1.00 prog=0.08 rel=0.94 bal=+0.40 obs=111 hard=111 obsc=111 yr= 15G nz=0.06 flt=0.01 dmap=+0/-0 shz=3.5 plan=34 cmd=(lx=+0.00,ly=+0.40,rx=+0.45)
  t=  1.3 DWA-F pos=(+0.89,+0.44) yaw=-138.0 d=6.19 goal_err=-67 carrot_err= -39 c0=2.23 clear=1.00 prog=0.10 rel=0.94 bal=+0.41 obs=111 hard=111 obsc=111 yr= 16G nz=0.06 flt=0.09 dmap=+0/-0 shz=3.7 plan=34 cmd=(lx=+0.00,ly=+0.40,rx=+0.45)
  t=  1.7 DWA-F pos=(+0.84,+0.40) yaw=-144.4 d=6.16 goal_err=-61 carrot_err= -35 c0=2.50 clear=1.00 prog=0.13 rel=0.79 bal=+0.42 obs=111 hard=111 obsc=111 yr= 14  nz=0.21 flt=0.03 dmap=+0/-0 shz=3.7 plan=33 cmd=(lx=+0.00,ly=+0.40,rx=+0.00)
  t=  2.2 DWA-F pos=(+0.79,+0.37) yaw=-146.0 d=6.14 goal_err=-60 carrot_err= -36 c0=2.50 clear=1.00 prog=0.16 rel=0.77 bal=+0.42 obs=120 hard=120 obsc=135 yr= 15G nz=0.23 flt=0.05 dmap=+0/-0 shz=3.7 plan=33 cmd=(lx=+0.00,ly=+0.40,rx=+0.45)
  t=  2.6 DWA-F pos=(+0.76,+0.35) yaw=-149.2 d=6.11 goal_err=-57 carrot_err= -35 c0=2.50 clear=1.00 prog=0.18 rel=0.85 bal=+0.43 obs=141 hard=122 obsc=143 yr=  0  nz=0.15 flt=0.00 dmap=+6/-0 shz=3.9 plan=33 cmd=(lx=+0.00,ly=+0.40,rx=+0.00)
  t=  3.0 DWA-F pos=(+0.72,+0.32) yaw=-152.4 d=6.09 goal_err=-54 carrot_err= -34 c0=2.50 clear=1.00 prog=0.20 rel=0.99 bal=+0.43 obs=141 hard=122 obsc=143 yr= 15  nz=0.01 flt=0.14 dmap=+0/-0 shz=3.8 plan=33 cmd=(lx=+0.00,ly=+0.40,rx=+0.00)
  t=  3.4 DWA-F pos=(+0.68,+0.30) yaw=-152.4 d=6.06 goal_err=-54 carrot_err= -34 c0=2.50 clear=1.00 prog=0.20 rel=0.99 bal=+0.44 obs=154 hard=136 obsc=165 yr=  0  nz=0.01 flt=0.04 dmap=+0/-0 shz=3.9 plan=33 cmd=(lx=+0.00,ly=+0.40,rx=+0.00)
  t=  3.9 DWA-F pos=(+0.64,+0.28) yaw=-152.4 d=6.03 goal_err=-55 carrot_err= -36 c0=2.50 clear=1.00 prog=0.20 rel=0.99 bal=+0.36 obs=158 hard=150 obsc=165 yr=  0  nz=0.01 flt=0.00 dmap=+2/-0 shz=3.9 plan=33 cmd=(lx=+0.00,ly=+0.40,rx=+0.00)
  t=  4.3 DWA-F pos=(+0.60,+0.26) yaw=-154.0 d=6.01 goal_err=-54 carrot_err= -36 c0=2.50 clear=1.00 prog=0.20 rel=0.99 bal=+0.37 obs=158 hard=150 obsc=165 yr= 15G nz=0.01 flt=0.01 dmap=+0/-0 shz=3.8 plan=33 cmd=(lx=+0.00,ly=+0.40,rx=+0.00)
  t=  4.7 DWA-F pos=(+0.56,+0.24) yaw=-155.6 d=5.98 goal_err=-52 carrot_err= -21 c0=2.50 clear=1.00 prog=0.20 rel=0.99 bal=+0.37 obs=159 hard=154 obsc=166 yr=  0  nz=0.01 flt=0.00 dmap=+0/-0 shz=3.9 plan=32 cmd=(lx=+0.00,ly=+0.40,rx=+0.00)
  t=  5.2 DWA-F pos=(+0.51,+0.22) yaw=-155.6 d=5.95 goal_err=-53 carrot_err= -23 c0=2.50 clear=1.00 prog=0.21 rel=0.99 bal=+0.39 obs=159 hard=157 obsc=166 yr=  0  nz=0.01 flt=0.00 dmap=+0/-0 shz=3.9 plan=32 cmd=(lx=+0.00,ly=+0.40,rx=+0.00)
  t=  5.6 DWA-F pos=(+0.47,+0.20) yaw=-155.6 d=5.92 goal_err=-53 carrot_err= -24 c0=2.50 clear=1.00 prog=0.21 rel=0.99 bal=+0.40 obs=160 hard=159 obsc=167 yr=  0  nz=0.01 flt=0.00 dmap=+0/-0 shz=3.9 plan=32 cmd=(lx=+0.00,ly=+0.40,rx=+0.00)
  t=  6.0 DWA-F pos=(+0.43,+0.18) yaw=-155.6 d=5.90 goal_err=-53 carrot_err= -26 c0=2.50 clear=1.00 prog=0.22 rel=0.99 bal=+0.41 obs=160 hard=159 obsc=168 yr=  0  nz=0.01 flt=0.01 dmap=+0/-0 shz=3.9 plan=32 cmd=(lx=+0.00,ly=+0.40,rx=+0.00)
  t=  6.5 DWA-F pos=(+0.38,+0.16) yaw=-155.6 d=5.87 goal_err=-54 carrot_err= -27 c0=2.50 clear=1.00 prog=0.22 rel=0.99 bal=+0.42 obs=161 hard=159 obsc=169 yr=  0  nz=0.01 flt=0.00 dmap=+1/-1 shz=3.9 plan=31 cmd=(lx=+0.00,ly=+0.40,rx=+0.00)
  t=  6.9 DWA-F pos=(+0.34,+0.14) yaw=-155.6 d=5.84 goal_err=-54 carrot_err= -29 c0=2.50 clear=1.00 prog=0.22 rel=0.99 bal=+0.43 obs=162 hard=159 obsc=169 yr=  0  nz=0.01 flt=0.00 dmap=+1/-0 shz=3.9 plan=31 cmd=(lx=+0.00,ly=+0.40,rx=+0.00)
  t=  7.3 DWA-F pos=(+0.30,+0.13) yaw=-155.6 d=5.82 goal_err=-54 carrot_err= -30 c0=2.50 clear=1.00 prog=0.20 rel=0.98 bal=+0.44 obs=161 hard=160 obsc=169 yr=  0  nz=0.01 flt=0.00 dmap=+0/-0 shz=3.9 plan=31 cmd=(lx=+0.00,ly=+0.40,rx=+0.00)
  t=  7.8 DWA-F pos=(+0.26,+0.11) yaw=-155.6 d=5.79 goal_err=-55 carrot_err= -17 c0=2.50 clear=1.00 prog=0.20 rel=0.98 bal=+0.44 obs=162 hard=160 obsc=169 yr=  0  nz=0.02 flt=0.00 dmap=+0/-0 shz=3.9 plan=30 cmd=(lx=+0.00,ly=+0.40,rx=+0.00)
  t=  8.2 DWA-F pos=(+0.21,+0.08) yaw=-155.6 d=5.76 goal_err=-55 carrot_err= -18 c0=2.50 clear=1.00 prog=0.21 rel=0.98 bal=+0.45 obs=161 hard=160 obsc=169 yr=  0  nz=0.02 flt=0.00 dmap=+1/-1 shz=3.9 plan=30 cmd=(lx=+0.00,ly=+0.40,rx=+0.00)
  t=  8.6 DWA-F pos=(+0.17,+0.07) yaw=-155.6 d=5.73 goal_err=-56 carrot_err= -19 c0=2.50 clear=1.00 prog=0.21 rel=0.98 bal=+0.38 obs=164 hard=162 obsc=171 yr=  0  nz=0.02 flt=0.00 dmap=+0/-0 shz=3.9 plan=30 cmd=(lx=+0.00,ly=+0.40,rx=+0.00)
  t=  9.1 DWA-F pos=(+0.13,+0.05) yaw=-155.6 d=5.71 goal_err=-56 carrot_err= -21 c0=2.47 clear=1.00 prog=0.21 rel=0.98 bal=+0.39 obs=164 hard=163 obsc=171 yr=  0  nz=0.02 flt=0.00 dmap=+0/-0 shz=3.9 plan=30 cmd=(lx=+0.00,ly=+0.40,rx=+0.00)
  t=  9.5 DWA-F pos=(+0.09,+0.03) yaw=-155.6 d=5.68 goal_err=-56 carrot_err= -22 c0=2.43 clear=1.00 prog=0.20 rel=0.96 bal=+0.39 obs=166 hard=164 obsc=173 yr=  0  nz=0.04 flt=0.00 dmap=+2/-0 shz=3.9 plan=30 cmd=(lx=+0.00,ly=+0.40,rx=+0.00)
  t=  9.9 DWA-F pos=(+0.05,+0.01) yaw=-155.6 d=5.66 goal_err=-57 carrot_err= -24 c0=2.38 clear=1.00 prog=0.19 rel=0.93 bal=+0.39 obs=166 hard=166 obsc=174 yr=  0  nz=0.07 flt=0.01 dmap=+1/-1 shz=3.9 plan=30 cmd=(lx=+0.00,ly=+0.40,rx=+0.00)
  t= 10.4 DWA-F pos=(+0.01,-0.01) yaw=-155.6 d=5.64 goal_err=-57 carrot_err= -25 c0=2.34 clear=1.00 prog=0.19 rel=0.91 bal=+0.40 obs=166 hard=165 obsc=174 yr=  0  nz=0.09 flt=0.00 dmap=+0/-0 shz=3.9 plan=30 cmd=(lx=+0.00,ly=+0.40,rx=+0.00)
  t= 10.8 DWA-F pos=(-0.04,-0.03) yaw=-155.6 d=5.61 goal_err=-58 carrot_err= -27 c0=2.28 clear=1.00 prog=0.20 rel=0.93 bal=+0.42 obs=170 hard=168 obsc=176 yr=  0  nz=0.07 flt=0.01 dmap=+0/-0 shz=3.9 plan=29 cmd=(lx=+0.00,ly=+0.40,rx=+0.00)
  t= 11.2 DWA-F pos=(-0.08,-0.05) yaw=-155.6 d=5.58 goal_err=-58 carrot_err= -28 c0=2.24 clear=1.00 prog=0.20 rel=0.92 bal=+0.43 obs=171 hard=167 obsc=176 yr=  0  nz=0.08 flt=0.00 dmap=+1/-0 shz=3.9 plan=29 cmd=(lx=+0.00,ly=+0.40,rx=+0.00)
  t= 11.7 DWA-F pos=(-0.12,-0.07) yaw=-155.6 d=5.56 goal_err=-58 carrot_err= -29 c0=2.19 clear=1.00 prog=0.20 rel=0.92 bal=+0.45 obs=172 hard=170 obsc=178 yr=  0  nz=0.08 flt=0.01 dmap=+0/-0 shz=3.9 plan=29 cmd=(lx=+0.00,ly=+0.40,rx=+0.00)
  t= 12.1 DWA-F pos=(-0.16,-0.09) yaw=-155.6 d=5.54 goal_err=-59 carrot_err= -30 c0=2.15 clear=1.00 prog=0.19 rel=0.92 bal=+0.47 obs=173 hard=170 obsc=178 yr=  0  nz=0.08 flt=0.00 dmap=+0/-0 shz=3.9 plan=29 cmd=(lx=+0.00,ly=+0.40,rx=+0.00)
  t= 12.5 DWA-F pos=(-0.20,-0.10) yaw=-155.6 d=5.51 goal_err=-59 carrot_err= -32 c0=2.11 clear=1.00 prog=0.19 rel=0.93 bal=+0.48 obs=174 hard=171 obsc=179 yr=  0  nz=0.07 flt=0.01 dmap=+1/-1 shz=3.9 plan=28 cmd=(lx=+0.00,ly=+0.40,rx=+0.00)
  t= 13.0 DWA-F pos=(-0.25,-0.13) yaw=-155.6 d=5.48 goal_err=-60 carrot_err= -34 c0=2.05 clear=1.00 prog=0.19 rel=0.92 bal=+0.49 obs=175 hard=171 obsc=180 yr=  0  nz=0.08 flt=0.01 dmap=+2/-1 shz=3.9 plan=28 cmd=(lx=+0.00,ly=+0.40,rx=+0.00)
  t= 13.4 DWA-F pos=(-0.29,-0.14) yaw=-155.6 d=5.46 goal_err=-60 carrot_err= -36 c0=2.01 clear=1.00 prog=0.18 rel=0.91 bal=+0.49 obs=175 hard=172 obsc=179 yr=  0  nz=0.09 flt=0.00 dmap=+0/-0 shz=3.9 plan=28 cmd=(lx=+0.00,ly=+0.40,rx=+0.00)
  t= 13.8 DWA-F pos=(-0.33,-0.16) yaw=-155.6 d=5.44 goal_err=-60 carrot_err= -35 c0=1.96 clear=1.00 prog=0.18 rel=0.91 bal=+0.50 obs=176 hard=173 obsc=180 yr=  0  nz=0.09 flt=0.01 dmap=+0/-0 shz=3.9 plan=27 cmd=(lx=+0.00,ly=+0.40,rx=+0.00)
  t= 14.3 DWA-F pos=(-0.37,-0.18) yaw=-155.6 d=5.42 goal_err=-61 carrot_err= -37 c0=1.92 clear=1.00 prog=0.18 rel=0.91 bal=+0.50 obs=176 hard=173 obsc=181 yr=  0  nz=0.09 flt=0.00 dmap=+0/-0 shz=3.9 plan=27 cmd=(lx=+0.00,ly=+0.40,rx=+0.00)
  t= 14.7 DWA-F pos=(-0.41,-0.20) yaw=-155.6 d=5.40 goal_err=-61 carrot_err= -39 c0=1.88 clear=1.00 prog=0.18 rel=0.92 bal=+0.50 obs=177 hard=173 obsc=181 yr=  0G nz=0.09 flt=0.00 dmap=+0/-0 shz=3.9 plan=27 cmd=(lx=+0.00,ly=+0.40,rx=+0.45)
  t= 15.1 DWA-F pos=(-0.45,-0.22) yaw=-160.4 d=5.37 goal_err=-57 carrot_err= -36 c0=1.83 clear=1.00 prog=0.17 rel=0.92 bal=+0.53 obs=177 hard=174 obsc=182 yr=  0  nz=0.08 flt=0.01 dmap=+0/-0 shz=3.9 plan=27 cmd=(lx=+0.00,ly=+0.40,rx=+0.00)
  t= 15.5 DWA-F pos=(-0.50,-0.23) yaw=-162.0 d=5.35 goal_err=-56 carrot_err= -36 c0=1.79 clear=1.00 prog=0.17 rel=0.92 bal=+0.53 obs=178 hard=175 obsc=184 yr= 15G nz=0.08 flt=0.12 dmap=+0/-0 shz=3.9 plan=27 cmd=(lx=+0.00,ly=+0.40,rx=+0.00)
  t= 16.0 DWA-F pos=(-0.55,-0.25) yaw=-165.2 d=5.32 goal_err=-53 carrot_err= -36 c0=1.74 clear=1.00 prog=0.19 rel=0.91 bal=+0.54 obs=189 hard=183 obsc=201 yr=  0  nz=0.09 flt=0.07 dmap=+0/-0 shz=3.9 plan=27 cmd=(lx=+0.00,ly=+0.40,rx=+0.00)
  t= 16.4 DWA-F pos=(-0.59,-0.26) yaw=-166.8 d=5.29 goal_err=-52 carrot_err= -36 c0=1.69 clear=1.00 prog=0.20 rel=0.91 bal=+0.48 obs=189 hard=183 obsc=201 yr= 15G nz=0.10 flt=0.01 dmap=+0/-0 shz=3.9 plan=27 cmd=(lx=+0.00,ly=+0.40,rx=+0.45)
  t= 16.8 DWA-F pos=(-0.64,-0.27) yaw=-170.1 d=5.26 goal_err=-49 carrot_err= -41 c0=1.65 clear=1.00 prog=0.21 rel=0.92 bal=+0.49 obs=192 hard=185 obsc=204 yr=  0G nz=0.08 flt=0.00 dmap=+0/-0 shz=4.0 plan=26 cmd=(lx=+0.00,ly=+0.40,rx=+0.45)
  t= 17.3 DWA-F pos=(-0.68,-0.27) yaw=-176.5 d=5.23 goal_err=-43 carrot_err= -37 c0=1.87 clear=1.00 prog=0.22 rel=0.91 bal=+0.55 obs=196 hard=190 obsc=207 yr= 15  nz=0.09 flt=0.00 dmap=+3/-0 shz=4.0 plan=26 cmd=(lx=+0.00,ly=+0.40,rx=+0.00)
  t= 17.7 DWA-F pos=(-0.72,-0.27) yaw=-176.5 d=5.20 goal_err=-43 carrot_err= -39 c0=1.83 clear=1.00 prog=0.22 rel=0.85 bal=+0.51 obs=197 hard=191 obsc=208 yr=  0  nz=0.14 flt=0.00 dmap=+0/-0 shz=4.0 plan=26 cmd=(lx=+0.00,ly=+0.40,rx=+0.45)
  t= 18.2 DWA-F pos=(-0.78,-0.28) yaw=+178.7 d=5.16 goal_err=-39 carrot_err= -36 c0=1.96 clear=1.00 prog=0.25 rel=0.88 bal=+0.53 obs=197 hard=191 obsc=208 yr= 15  nz=0.12 flt=0.24 dmap=+0/-0 shz=4.0 plan=26 cmd=(lx=+0.00,ly=+0.40,rx=+0.00)
  t= 18.6 DWA-F pos=(-0.82,-0.28) yaw=+178.7 d=5.12 goal_err=-39 carrot_err= -30 c0=1.92 clear=1.00 prog=0.26 rel=0.89 bal=+0.53 obs=206 hard=191 obsc=213 yr=  0  nz=0.11 flt=0.07 dmap=+0/-1 shz=3.9 plan=25 cmd=(lx=+0.00,ly=+0.40,rx=+0.00)
  t= 19.0 DWA-F pos=(-0.87,-0.28) yaw=+178.7 d=5.09 goal_err=-39 carrot_err= -32 c0=1.88 clear=1.00 prog=0.27 rel=0.89 bal=+0.52 obs=204 hard=194 obsc=211 yr=  0  nz=0.11 flt=0.00 dmap=+0/-1 shz=4.0 plan=25 cmd=(lx=+0.00,ly=+0.40,rx=+0.00)
  t= 19.5 DWA-F pos=(-0.91,-0.27) yaw=+178.7 d=5.05 goal_err=-40 carrot_err= -33 c0=1.84 clear=1.00 prog=0.27 rel=0.91 bal=+0.50 obs=203 hard=192 obsc=209 yr=  0  nz=0.09 flt=0.00 dmap=+0/-0 shz=3.9 plan=25 cmd=(lx=+0.00,ly=+0.40,rx=+0.00)
  t= 19.9 DWA-F pos=(-0.96,-0.27) yaw=+178.7 d=5.02 goal_err=-40 carrot_err= -37 c0=1.84 clear=1.00 prog=0.26 rel=0.94 bal=+0.33 obs=203 hard=191 obsc=208 yr=  0  nz=0.06 flt=0.00 dmap=+0/-0 shz=4.0 plan=24 cmd=(lx=+0.00,ly=+0.40,rx=+0.00)
  t= 20.3 DWA-F pos=(-1.00,-0.27) yaw=+178.7 d=4.99 goal_err=-40 carrot_err= -39 c0=1.80 clear=1.00 prog=0.27 rel=0.95 bal=+0.31 obs=202 hard=190 obsc=208 yr=  0G nz=0.05 flt=0.00 dmap=+0/-0 shz=4.0 plan=24 cmd=(lx=+0.00,ly=+0.40,rx=+0.45)
  t= 20.7 DWA-F pos=(-1.05,-0.27) yaw=+173.9 d=4.95 goal_err=-36 carrot_err= -36 c0=1.75 clear=1.00 prog=0.27 rel=0.93 bal=+0.30 obs=202 hard=190 obsc=208 yr= 15  nz=0.07 flt=0.10 dmap=+0/-0 shz=4.0 plan=24 cmd=(lx=+0.00,ly=+0.40,rx=+0.00)
  t= 21.2 DWA-F pos=(-1.10,-0.26) yaw=+173.9 d=4.91 goal_err=-36 carrot_err= -37 c0=1.70 clear=1.00 prog=0.28 rel=0.90 bal=+0.28 obs=204 hard=193 obsc=210 yr=  0  nz=0.10 flt=0.00 dmap=+0/-0 shz=4.0 plan=24 cmd=(lx=+0.00,ly=+0.40,rx=+0.45)
  t= 21.6 DWA-F pos=(-1.15,-0.26) yaw=+172.3 d=4.87 goal_err=-35 carrot_err= -30 c0=1.66 clear=1.00 prog=0.28 rel=0.90 bal=+0.27 obs=204 hard=191 obsc=209 yr=  0  nz=0.10 flt=0.02 dmap=+0/-0 shz=4.0 plan=23 cmd=(lx=+0.00,ly=+0.40,rx=+0.00)
  t= 22.0 DWA-F pos=(-1.19,-0.25) yaw=+172.3 d=4.83 goal_err=-35 carrot_err= -31 c0=1.61 clear=1.00 prog=0.28 rel=0.90 bal=+0.26 obs=204 hard=193 obsc=210 yr=  0  nz=0.10 flt=0.00 dmap=+2/-1 shz=4.0 plan=23 cmd=(lx=+0.00,ly=+0.40,rx=+0.00)
  t= 22.5 DWA-F pos=(-1.23,-0.25) yaw=+172.3 d=4.80 goal_err=-36 carrot_err= -32 c0=1.57 clear=1.00 prog=0.29 rel=0.91 bal=+0.25 obs=204 hard=192 obsc=209 yr=  0  nz=0.09 flt=0.00 dmap=+0/-0 shz=4.0 plan=23 cmd=(lx=+0.00,ly=+0.40,rx=+0.00)
  t= 22.9 DWA-F pos=(-1.28,-0.24) yaw=+172.3 d=4.76 goal_err=-36 carrot_err= -34 c0=1.52 clear=1.00 prog=0.28 rel=0.93 bal=+0.23 obs=203 hard=192 obsc=209 yr=  0  nz=0.07 flt=0.01 dmap=+0/-0 shz=4.0 plan=23 cmd=(lx=+0.00,ly=+0.40,rx=+0.00)
  t= 23.3 DWA-F pos=(-1.33,-0.23) yaw=+172.3 d=4.72 goal_err=-36 carrot_err= -36 c0=1.47 clear=0.98 prog=0.29 rel=0.92 bal=+0.23 obs=202 hard=191 obsc=208 yr=  0  nz=0.08 flt=0.01 dmap=+1/-1 shz=4.0 plan=23 cmd=(lx=+0.00,ly=+0.40,rx=+0.00)
  t= 23.8 DWA-F pos=(-1.38,-0.23) yaw=+172.3 d=4.68 goal_err=-37 carrot_err= -38 c0=1.42 clear=0.95 prog=0.29 rel=0.92 bal=+0.22 obs=202 hard=191 obsc=207 yr=  0  nz=0.08 flt=0.02 dmap=+0/-0 shz=4.0 plan=23 cmd=(lx=+0.00,ly=+0.40,rx=+0.00)
  t= 24.2 DWA-F pos=(-1.42,-0.22) yaw=+169.1 d=4.65 goal_err=-34 carrot_err= -36 c0=1.38 clear=0.92 prog=0.29 rel=0.92 bal=+0.21 obs=204 hard=191 obsc=209 yr= 15  nz=0.08 flt=0.13 dmap=+0/-0 shz=4.0 plan=23 cmd=(lx=+0.00,ly=+0.40,rx=+0.00)
  t= 24.6 DWA-F pos=(-1.46,-0.21) yaw=+169.1 d=4.61 goal_err=-34 carrot_err= -18 c0=1.34 clear=0.89 prog=0.29 rel=0.93 bal=+0.20 obs=205 hard=193 obsc=209 yr=  0  nz=0.07 flt=0.00 dmap=+0/-0 shz=4.0 plan=22 cmd=(lx=+0.00,ly=+0.40,rx=+0.00)
  t= 25.1 DWA-F pos=(-1.51,-0.20) yaw=+169.1 d=4.57 goal_err=-34 carrot_err= -19 c0=1.29 clear=0.86 prog=0.28 rel=0.92 bal=+0.07 obs=204 hard=192 obsc=209 yr=  0  nz=0.08 flt=0.01 dmap=+0/-1 shz=4.0 plan=22 cmd=(lx=+0.00,ly=+0.40,rx=+0.00)
  t= 25.5 DWA-F pos=(-1.55,-0.20) yaw=+169.1 d=4.54 goal_err=-35 carrot_err= -21 c0=1.25 clear=0.83 prog=0.28 rel=0.92 bal=+0.07 obs=202 hard=193 obsc=208 yr=  0  nz=0.08 flt=0.01 dmap=+0/-0 shz=4.0 plan=22 cmd=(lx=+0.00,ly=+0.40,rx=+0.00)
  t= 25.9 DWA-F pos=(-1.61,-0.19) yaw=+169.1 d=4.49 goal_err=-35 carrot_err= -26 c0=1.19 clear=0.80 prog=0.30 rel=0.92 bal=+0.07 obs=204 hard=194 obsc=209 yr=  0  nz=0.08 flt=0.03 dmap=+0/-0 shz=4.0 plan=21 cmd=(lx=+0.00,ly=+0.40,rx=+0.00)
  t= 26.4 DWA-F pos=(-1.65,-0.18) yaw=+169.1 d=4.45 goal_err=-35 carrot_err= -27 c0=1.15 clear=0.77 prog=0.30 rel=0.91 bal=+0.07 obs=205 hard=193 obsc=210 yr=  0  nz=0.09 flt=0.01 dmap=+0/-1 shz=4.0 plan=21 cmd=(lx=+0.00,ly=+0.40,rx=+0.00)
  t= 26.8 DWA-F pos=(-1.69,-0.17) yaw=+169.1 d=4.42 goal_err=-36 carrot_err= -28 c0=1.11 clear=0.74 prog=0.30 rel=0.90 bal=+0.07 obs=206 hard=194 obsc=210 yr=  0  nz=0.10 flt=0.00 dmap=+0/-0 shz=3.9 plan=21 cmd=(lx=+0.00,ly=+0.40,rx=+0.00)
  t= 27.2 DWA-F pos=(-1.74,-0.16) yaw=+169.1 d=4.38 goal_err=-36 carrot_err= -29 c0=1.06 clear=0.71 prog=0.30 rel=0.91 bal=+0.07 obs=207 hard=195 obsc=211 yr=  0  nz=0.09 flt=0.01 dmap=+0/-0 shz=4.0 plan=21 cmd=(lx=+0.00,ly=+0.40,rx=+0.00)
  t= 27.7 DWA-F pos=(-1.78,-0.15) yaw=+169.1 d=4.35 goal_err=-36 carrot_err= -23 c0=1.02 clear=0.68 prog=0.29 rel=0.92 bal=+0.07 obs=205 hard=195 obsc=210 yr=  0  nz=0.08 flt=0.02 dmap=+0/-1 shz=4.0 plan=20 cmd=(lx=+0.00,ly=+0.40,rx=+0.00)
  t= 28.1 DWA-F pos=(-1.82,-0.14) yaw=+169.1 d=4.31 goal_err=-37 carrot_err= -24 c0=0.98 clear=0.65 prog=0.28 rel=0.93 bal=+0.06 obs=207 hard=195 obsc=211 yr=  0  nz=0.07 flt=0.01 dmap=+1/-0 shz=4.0 plan=20 cmd=(lx=+0.00,ly=+0.40,rx=+0.00)
  t= 28.5 DWA-F pos=(-1.88,-0.13) yaw=+169.1 d=4.27 goal_err=-37 carrot_err= -26 c0=0.92 clear=0.62 prog=0.29 rel=0.92 bal=+0.05 obs=206 hard=194 obsc=211 yr=  0  nz=0.08 flt=0.01 dmap=+0/-0 shz=4.0 plan=20 cmd=(lx=+0.00,ly=+0.40,rx=+0.00)
  t= 29.0 DWA-F pos=(-1.92,-0.12) yaw=+169.1 d=4.23 goal_err=-38 carrot_err= -20 c0=0.88 clear=0.59 prog=0.29 rel=0.92 bal=+0.05 obs=207 hard=193 obsc=211 yr=  0  nz=0.08 flt=0.00 dmap=+0/-0 shz=4.0 plan=19 cmd=(lx=+0.00,ly=+0.40,rx=+0.00)
  t= 29.4 DWA-F pos=(-1.97,-0.12) yaw=+169.1 d=4.20 goal_err=-38 carrot_err= -21 c0=0.84 clear=0.56 prog=0.29 rel=0.92 bal=+0.04 obs=209 hard=196 obsc=214 yr=  0  nz=0.09 flt=0.01 dmap=+2/-1 shz=4.0 plan=19 cmd=(lx=+0.00,ly=+0.40,rx=+0.00)
  t= 29.8 DWA-F pos=(-2.01,-0.11) yaw=+169.1 d=4.16 goal_err=-38 carrot_err= -22 c0=0.80 clear=0.53 prog=0.28 rel=0.93 bal=+0.04 obs=210 hard=198 obsc=214 yr=  0  nz=0.07 flt=0.01 dmap=+0/-0 shz=4.0 plan=19 cmd=(lx=+0.00,ly=+0.40,rx=+0.00)
  t= 30.3 DWA-F pos=(-2.05,-0.10) yaw=+169.1 d=4.13 goal_err=-39 carrot_err= -23 c0=0.75 clear=0.50 prog=0.28 rel=0.93 bal=+0.04 obs=209 hard=200 obsc=215 yr=  0  nz=0.07 flt=0.02 dmap=+0/-0 shz=4.0 plan=19 cmd=(lx=+0.00,ly=+0.40,rx=+0.00)
  t= 30.7 DWA-F pos=(-2.10,-0.09) yaw=+165.9 d=4.09 goal_err=-36 carrot_err= -30 c0=0.71 clear=0.47 prog=0.28 rel=0.93 bal=-0.09 obs=209 hard=200 obsc=215 yr= 15G nz=0.07 flt=0.12 dmap=+0/-0 shz=4.0 plan=19 cmd=(lx=+0.00,ly=+0.40,rx=+0.45)
  t= 31.1 DWA-F pos=(-2.14,-0.08) yaw=+162.7 d=4.05 goal_err=-33 carrot_err= -28 c0=1.06 clear=0.71 prog=0.27 rel=0.89 bal=-0.10 obs=214 hard=200 obsc=218 yr=  0  nz=0.11 flt=0.08 dmap=+0/-0 shz=4.0 plan=19 cmd=(lx=+0.00,ly=+0.40,rx=+0.00)
  t= 31.6 DWA-F pos=(-2.18,-0.07) yaw=+162.7 d=4.02 goal_err=-33 carrot_err= -30 c0=1.02 clear=0.68 prog=0.28 rel=0.77 bal=-0.12 obs=214 hard=200 obsc=218 yr=  0  nz=0.23 flt=0.01 dmap=+0/-0 shz=4.0 plan=19 cmd=(lx=+0.00,ly=+0.40,rx=+0.45)
  t= 32.0 DWA-F pos=(-2.23,-0.05) yaw=+159.5 d=3.97 goal_err=-31 carrot_err= -20 c0=0.97 clear=0.65 prog=0.29 rel=0.80 bal=-0.20 obs=217 hard=201 obsc=222 yr=  0  nz=0.20 flt=0.10 dmap=+0/-0 shz=4.0 plan=18 cmd=(lx=+0.00,ly=+0.40,rx=+0.00)
  t= 32.4 DWA-F pos=(-2.28,-0.03) yaw=+159.5 d=3.93 goal_err=-31 carrot_err= -21 c0=0.92 clear=0.62 prog=0.30 rel=0.89 bal=-0.35 obs=219 hard=204 obsc=224 yr=  0  nz=0.11 flt=0.02 dmap=+0/-0 shz=4.0 plan=18 cmd=(lx=+0.00,ly=+0.40,rx=+0.00)
  t= 32.9 DWA-F pos=(-2.32,-0.02) yaw=+159.5 d=3.89 goal_err=-31 carrot_err= -22 c0=0.88 clear=0.59 prog=0.31 rel=0.92 bal=-0.49 obs=221 hard=205 obsc=225 yr=  0  nz=0.08 flt=0.00 dmap=+0/-0 shz=4.0 plan=18 cmd=(lx=+0.00,ly=+0.40,rx=+0.00)
  t= 33.3 DWA-F pos=(-2.36,-0.00) yaw=+159.5 d=3.86 goal_err=-32 carrot_err= -23 c0=0.84 clear=0.56 prog=0.31 rel=0.92 bal=-0.51 obs=219 hard=206 obsc=224 yr=  0  nz=0.08 flt=0.02 dmap=+0/-0 shz=4.0 plan=18 cmd=(lx=+0.00,ly=+0.40,rx=+0.00)
  t= 33.7 DWA-F pos=(-2.40,+0.01) yaw=+159.5 d=3.82 goal_err=-32 carrot_err= -24 c0=0.80 clear=0.53 prog=0.29 rel=0.93 bal=-0.50 obs=219 hard=205 obsc=224 yr=  0  nz=0.07 flt=0.02 dmap=+0/-1 shz=4.0 plan=17 cmd=(lx=+0.00,ly=+0.40,rx=+0.00)
  t= 34.2 DWA-F pos=(-2.44,+0.03) yaw=+159.5 d=3.78 goal_err=-32 carrot_err= -25 c0=0.76 clear=0.51 prog=0.29 rel=0.92 bal=-0.46 obs=218 hard=208 obsc=223 yr=  0  nz=0.08 flt=0.01 dmap=+0/-1 shz=4.0 plan=17 cmd=(lx=+0.00,ly=+0.40,rx=+0.00)
  t= 34.6 DWA-F pos=(-2.49,+0.05) yaw=+159.5 d=3.73 goal_err=-33 carrot_err= -27 c0=0.71 clear=0.47 prog=0.31 rel=0.92 bal=-0.46 obs=219 hard=205 obsc=224 yr=  0  nz=0.08 flt=0.03 dmap=+0/-0 shz=4.0 plan=17 cmd=(lx=+0.00,ly=+0.40,rx=+0.00)
  t= 35.0 DWA-F pos=(-2.54,+0.06) yaw=+159.5 d=3.70 goal_err=-33 carrot_err= -27 c0=0.87 clear=0.58 prog=0.31 rel=0.90 bal=-0.46 obs=220 hard=204 obsc=228 yr=  0  nz=0.10 flt=0.01 dmap=+0/-0 shz=4.0 plan=17 cmd=(lx=+0.00,ly=+0.40,rx=+0.00)
  t= 35.4 ENG-F pos=(-2.57,+0.08) yaw=+159.5 d=3.66 goal_err=-33 carrot_err= -28 c0=1.03 clear=0.69 prog=0.30 rel=0.81 bal=-0.34 obs=223 hard=209 obsc=231 yr=  0  nz=0.19 flt=0.01 dmap=+1/-2 shz=4.0 plan=17 cmd=(lx=+0.00,ly=+0.28,rx=+0.00)
  t= 35.9 ENG-F pos=(-2.61,+0.09) yaw=+159.5 d=3.63 goal_err=-34 carrot_err= -30 c0=1.00 clear=0.67 prog=0.29 rel=0.77 bal=-0.34 obs=223 hard=210 obsc=228 yr=  0  nz=0.23 flt=0.02 dmap=+0/-0 shz=4.0 plan=17 cmd=(lx=+0.00,ly=+0.28,rx=+0.00)
  t= 36.3 ENG-F pos=(-2.64,+0.10) yaw=+159.5 d=3.60 goal_err=-34 carrot_err= -31 c0=0.96 clear=0.64 prog=0.28 rel=0.82 bal=-0.34 obs=224 hard=212 obsc=229 yr=  0  nz=0.18 flt=0.01 dmap=+0/-0 shz=4.0 plan=17 cmd=(lx=+0.00,ly=+0.28,rx=+0.00)
  t= 36.7 ENG-F pos=(-2.67,+0.12) yaw=+159.5 d=3.57 goal_err=-34 carrot_err= -32 c0=0.93 clear=0.62 prog=0.25 rel=0.91 bal=-0.34 obs=224 hard=209 obsc=228 yr=  0  nz=0.09 flt=0.01 dmap=+0/-0 shz=4.0 plan=16 cmd=(lx=+0.00,ly=+0.28,rx=+0.00)
  t= 37.1 ENG-F pos=(-2.71,+0.13) yaw=+159.5 d=3.54 goal_err=-35 carrot_err= -33 c0=0.89 clear=0.60 prog=0.23 rel=0.93 bal=-0.35 obs=224 hard=211 obsc=230 yr=  0  nz=0.07 flt=0.00 dmap=+0/-0 shz=4.0 plan=16 cmd=(lx=+0.00,ly=+0.28,rx=+0.00)
  t= 37.6 ENG-F pos=(-2.74,+0.14) yaw=+159.5 d=3.51 goal_err=-35 carrot_err= -35 c0=0.86 clear=0.57 prog=0.23 rel=0.93 bal=-0.34 obs=225 hard=212 obsc=230 yr=  0  nz=0.07 flt=0.02 dmap=+0/-0 shz=4.0 plan=16 cmd=(lx=+0.00,ly=+0.28,rx=+0.00)
  t= 38.0 ENG-F pos=(-2.78,+0.16) yaw=+159.5 d=3.48 goal_err=-35 carrot_err= -37 c0=0.82 clear=0.55 prog=0.25 rel=0.92 bal=-0.34 obs=226 hard=211 obsc=230 yr=  0  nz=0.08 flt=0.01 dmap=+0/-0 shz=4.0 plan=16 cmd=(lx=+0.00,ly=+0.28,rx=+0.00)
  t= 38.4 ENG-F pos=(-2.82,+0.17) yaw=+159.5 d=3.45 goal_err=-36 carrot_err= -27 c0=0.78 clear=0.52 prog=0.24 rel=0.92 bal=-0.29 obs=225 hard=211 obsc=230 yr=  0  nz=0.08 flt=0.00 dmap=+0/-0 shz=4.0 plan=16 cmd=(lx=+0.00,ly=+0.28,rx=+0.00)
  t= 38.8 ENG-T pos=(-2.85,+0.18) yaw=+159.5 d=3.42 goal_err=-36 carrot_err= -28 c0=0.75 clear=0.50 prog=0.24 rel=0.92 bal=-0.30 obs=227 hard=214 obsc=232 yr=  0G nz=0.08 flt=0.01 dmap=+0/-0 shz=4.0 plan=16 cmd=(lx=+0.00,ly=+0.00,rx=+0.45)
  t= 39.3 ENG-F pos=(-2.87,+0.19) yaw=+156.3 d=3.40 goal_err=-33 carrot_err= -25 c0=0.73 clear=0.49 prog=0.22 rel=0.92 bal=-0.30 obs=227 hard=213 obsc=231 yr=  0  nz=0.08 flt=0.01 dmap=+0/-0 shz=4.0 plan=16 cmd=(lx=+0.00,ly=+0.28,rx=+0.00)
  t= 39.7 ENG-F pos=(-2.90,+0.20) yaw=+156.3 d=3.37 goal_err=-33 carrot_err= -26 c0=0.70 clear=0.47 prog=0.22 rel=0.93 bal=-0.31 obs=228 hard=215 obsc=233 yr=  0  nz=0.07 flt=0.03 dmap=+0/-1 shz=4.0 plan=16 cmd=(lx=+0.00,ly=+0.28,rx=+0.00)
  t= 40.1 ENG-F pos=(-2.93,+0.22) yaw=+154.7 d=3.35 goal_err=-32 carrot_err= -26 c0=0.70 clear=0.47 prog=0.19 rel=0.94 bal=-0.31 obs=228 hard=215 obsc=233 yr= 15G nz=0.06 flt=0.01 dmap=+0/-0 shz=4.0 plan=16 cmd=(lx=+0.00,ly=+0.28,rx=+0.00)
  t= 40.5 ENG-F pos=(-2.95,+0.23) yaw=+153.0 d=3.33 goal_err=-31 carrot_err= -25 c0=0.67 clear=0.45 prog=0.18 rel=0.95 bal=-0.31 obs=233 hard=220 obsc=238 yr=  0  nz=0.05 flt=0.01 dmap=+0/-0 shz=4.0 plan=16 cmd=(lx=+0.00,ly=+0.28,rx=+0.00)
  t= 41.0 ENG-F pos=(-2.98,+0.24) yaw=+153.0 d=3.30 goal_err=-31 carrot_err= -26 c0=0.64 clear=0.42 prog=0.21 rel=0.94 bal=-0.31 obs=233 hard=222 obsc=238 yr=  0  nz=0.06 flt=0.00 dmap=+0/-1 shz=4.0 plan=16 cmd=(lx=+0.00,ly=+0.28,rx=+0.00)
  t= 41.4 ENG-F pos=(-3.00,+0.25) yaw=+149.8 d=3.28 goal_err=-28 carrot_err= -24 c0=0.62 clear=0.41 prog=0.19 rel=0.94 bal=-0.32 obs=233 hard=222 obsc=238 yr= 14  nz=0.06 flt=0.14 dmap=+0/-0 shz=4.0 plan=16 cmd=(lx=+0.00,ly=+0.28,rx=+0.00)
  t= 41.8 ENG-F pos=(-3.03,+0.27) yaw=+149.8 d=3.25 goal_err=-28 carrot_err= -25 c0=0.59 clear=0.39 prog=0.19 rel=0.93 bal=-0.31 obs=233 hard=221 obsc=239 yr=  0  nz=0.07 flt=0.01 dmap=+0/-0 shz=4.0 plan=16 cmd=(lx=+0.00,ly=+0.28,rx=+0.00)
  t= 42.2 ENG-F pos=(-3.05,+0.28) yaw=+146.6 d=3.23 goal_err=-25 carrot_err= -23 c0=0.56 clear=0.37 prog=0.20 rel=0.92 bal=-0.31 obs=237 hard=223 obsc=242 yr= 15  nz=0.08 flt=0.17 dmap=+5/-1 shz=4.0 plan=16 cmd=(lx=+0.00,ly=+0.28,rx=+0.00)
  t= 42.7 ENG-F pos=(-3.08,+0.30) yaw=+146.6 d=3.19 goal_err=-26 carrot_err= -24 c0=0.53 clear=0.35 prog=0.21 rel=0.95 bal=-0.31 obs=237 hard=223 obsc=241 yr=  0  nz=0.05 flt=0.02 dmap=+0/-0 shz=4.0 plan=16 cmd=(lx=+0.00,ly=+0.28,rx=+0.00)
  t= 43.1 ENG-F pos=(-3.10,+0.31) yaw=+143.4 d=3.18 goal_err=-23 carrot_err= -17 c0=0.58 clear=0.39 prog=0.18 rel=0.94 bal=-0.30 obs=236 hard=223 obsc=242 yr= 15  nz=0.06 flt=0.15 dmap=+0/-0 shz=4.0 plan=15 cmd=(lx=+0.00,ly=+0.28,rx=+0.00)
  t= 43.5 ENG-F pos=(-3.12,+0.33) yaw=+143.4 d=3.15 goal_err=-23 carrot_err= -18 c0=0.54 clear=0.36 prog=0.21 rel=0.96 bal=-0.25 obs=239 hard=226 obsc=244 yr=  0  nz=0.04 flt=0.00 dmap=+2/-1 shz=4.0 plan=15 cmd=(lx=+0.00,ly=+0.28,rx=+0.00)
  t= 43.9 ENG-F pos=(-3.14,+0.35) yaw=+141.8 d=3.12 goal_err=-21 carrot_err= -17 c0=0.52 clear=0.35 prog=0.18 rel=0.95 bal=-0.25 obs=238 hard=224 obsc=243 yr= 16G nz=0.05 flt=0.00 dmap=+0/-0 shz=4.0 plan=15 cmd=(lx=+0.00,ly=+0.28,rx=+0.00)
  t= 44.4 ENG-F pos=(-3.16,+0.36) yaw=+140.2 d=3.10 goal_err=-20 carrot_err= -16 c0=0.50 clear=0.33 prog=0.19 rel=0.95 bal=-0.27 obs=247 hard=232 obsc=252 yr=  0  nz=0.05 flt=0.02 dmap=+0/-0 shz=4.0 plan=15 cmd=(lx=+0.00,ly=+0.28,rx=+0.00)
  t= 44.8 ENG-F pos=(-3.17,+0.37) yaw=+137.0 d=3.09 goal_err=-17 carrot_err= -13 c0=0.48 clear=0.32 prog=0.16 rel=0.94 bal=-0.27 obs=248 hard=234 obsc=253 yr= 15  nz=0.06 flt=0.15 dmap=+1/-1 shz=4.0 plan=15 cmd=(lx=+0.00,ly=+0.28,rx=+0.00)
  t= 45.2 ENG-F pos=(-3.20,+0.39) yaw=+137.0 d=3.06 goal_err=-17 carrot_err= -13 c0=0.45 clear=0.30 prog=0.18 rel=0.95 bal=-0.27 obs=249 hard=236 obsc=253 yr=  0  nz=0.05 flt=0.00 dmap=+0/-0 shz=4.0 plan=15 cmd=(lx=+0.00,ly=+0.28,rx=+0.00)
  t= 45.6 ENG-F pos=(-3.21,+0.40) yaw=+133.8 d=3.05 goal_err=-14 carrot_err= -10 c0=0.44 clear=0.29 prog=0.15 rel=0.95 bal=-0.27 obs=249 hard=235 obsc=254 yr= 15  nz=0.05 flt=0.02 dmap=+0/-0 shz=4.0 plan=15 cmd=(lx=+0.00,ly=+0.28,rx=+0.00)
  t= 46.1 ENG-T pos=(-3.22,+0.42) yaw=+133.8 d=3.02 goal_err=-14 carrot_err= -11 c0=0.42 clear=0.28 prog=0.16 rel=0.96 bal=-0.27 obs=249 hard=236 obsc=253 yr=  0  nz=0.04 flt=0.01 dmap=+0/-0 shz=4.0 plan=15 cmd=(lx=+0.00,ly=+0.00,rx=+0.45)
  t= 46.5 ENG-F pos=(-3.23,+0.43) yaw=+130.6 d=3.01 goal_err=-11 carrot_err=  -8 c0=0.41 clear=0.27 prog=0.13 rel=0.95 bal=-0.27 obs=248 hard=234 obsc=253 yr=  0  nz=0.05 flt=0.15 dmap=+0/-1 shz=4.0 plan=15 cmd=(lx=+0.00,ly=+0.28,rx=+0.00)
  t= 46.9 ENG-GO pos=(-3.24,+0.44) yaw=+129.0 d=2.99 goal_err=-9 carrot_err=  -6 c0=1.38 clear=0.92 prog=0.14 rel=0.48 bal=-0.26 obs=247 hard=235 obsc=252 yr=  0  nz=0.52 flt=0.00 dmap=+0/-0 shz=4.0 plan=15 cmd=(lx=+0.00,ly=+0.28,rx=+0.00)
  t= 47.3 ENG-GO pos=(-3.26,+0.47) yaw=+129.0 d=2.97 goal_err=-9 carrot_err=  -7 c0=1.36 clear=0.90 prog=0.14 rel=0.27 bal=-0.26 obs=247 hard=235 obsc=251 yr=  0  nz=0.73 flt=0.03 dmap=+0/-0 shz=4.0 plan=15 cmd=(lx=+0.00,ly=+0.28,rx=+0.00)
  t= 47.8 ENG-GO pos=(-3.28,+0.49) yaw=+129.0 d=2.93 goal_err=-9 carrot_err=  -7 c0=1.32 clear=0.88 prog=0.18 rel=0.27 bal=-0.25 obs=247 hard=234 obsc=251 yr=  0  nz=0.73 flt=0.01 dmap=+1/-0 shz=4.0 plan=15 cmd=(lx=+0.00,ly=+0.28,rx=+0.00)
  t= 48.2 ENG-GO pos=(-3.30,+0.52) yaw=+129.0 d=2.90 goal_err=-9 carrot_err=  -3 c0=1.29 clear=0.86 prog=0.19 rel=0.49 bal=-0.25 obs=247 hard=234 obsc=251 yr=  0  nz=0.51 flt=0.01 dmap=+0/-0 shz=4.0 plan=15 cmd=(lx=+0.00,ly=+0.28,rx=+0.00)
  t= 48.6 ENG-GO pos=(-3.32,+0.54) yaw=+129.0 d=2.87 goal_err=-10 carrot_err=  -3 c0=1.27 clear=0.84 prog=0.22 rel=0.93 bal=-0.26 obs=247 hard=234 obsc=252 yr=  0  nz=0.07 flt=0.00 dmap=+0/-0 shz=4.0 plan=15 cmd=(lx=+0.00,ly=+0.28,rx=+0.00)
  t= 49.0 ENG-GO pos=(-3.34,+0.56) yaw=+129.0 d=2.84 goal_err=-10 carrot_err=  -3 c0=1.24 clear=0.83 prog=0.25 rel=0.94 bal=-0.26 obs=245 hard=232 obsc=251 yr=  0  nz=0.06 flt=0.02 dmap=+0/-2 shz=4.0 plan=15 cmd=(lx=+0.00,ly=+0.28,rx=+0.00)
  t= 49.5 ENG-GO pos=(-3.35,+0.58) yaw=+129.0 d=2.82 goal_err=-10 carrot_err=  -1 c0=1.22 clear=0.81 prog=0.23 rel=0.94 bal=-0.26 obs=246 hard=233 obsc=251 yr=  0  nz=0.06 flt=0.02 dmap=+1/-0 shz=4.0 plan=13 cmd=(lx=+0.00,ly=+0.28,rx=+0.00)
  t= 49.9 ENG-GO pos=(-3.38,+0.61) yaw=+129.0 d=2.78 goal_err=-10 carrot_err=  -1 c0=1.18 clear=0.79 prog=0.23 rel=0.93 bal=-0.25 obs=249 hard=235 obsc=253 yr=  0  nz=0.07 flt=0.02 dmap=+0/-0 shz=4.0 plan=13 cmd=(lx=+0.00,ly=+0.28,rx=+0.00)
  t= 50.3 ENG-GO pos=(-3.40,+0.64) yaw=+129.0 d=2.75 goal_err=-10 carrot_err=  -1 c0=1.15 clear=0.77 prog=0.24 rel=0.94 bal=-0.24 obs=249 hard=235 obsc=253 yr=  0  nz=0.06 flt=0.00 dmap=+0/-0 shz=4.0 plan=13 cmd=(lx=+0.00,ly=+0.28,rx=+0.00)
  t= 50.7 ENG-GO pos=(-3.42,+0.66) yaw=+129.0 d=2.71 goal_err=-10 carrot_err=  -1 c0=1.12 clear=0.74 prog=0.26 rel=0.93 bal=-0.23 obs=248 hard=235 obsc=253 yr=  0  nz=0.07 flt=0.00 dmap=+0/-0 shz=4.0 plan=13 cmd=(lx=+0.00,ly=+0.28,rx=+0.00)
  t= 51.1 ENG-GO pos=(-3.44,+0.69) yaw=+129.0 d=2.68 goal_err=-10 carrot_err=  -1 c0=1.08 clear=0.72 prog=0.27 rel=0.93 bal=-0.22 obs=247 hard=236 obsc=253 yr=  0  nz=0.07 flt=0.00 dmap=+0/-0 shz=4.0 plan=13 cmd=(lx=+0.00,ly=+0.28,rx=+0.00)
  t= 51.6 ENG-GO pos=(-3.47,+0.72) yaw=+129.0 d=2.64 goal_err=-10 carrot_err=  -1 c0=1.05 clear=0.70 prog=0.28 rel=0.93 bal=-0.09 obs=247 hard=235 obsc=251 yr=  0  nz=0.07 flt=0.01 dmap=+1/-0 shz=4.0 plan=13 cmd=(lx=+0.00,ly=+0.28,rx=+0.00)
  t= 52.0 ENG-GO pos=(-3.49,+0.75) yaw=+129.0 d=2.60 goal_err=-11 carrot_err=  -1 c0=1.01 clear=0.67 prog=0.29 rel=0.91 bal=-0.07 obs=246 hard=234 obsc=251 yr=  0  nz=0.09 flt=0.00 dmap=+0/-0 shz=4.0 plan=13 cmd=(lx=+0.00,ly=+0.28,rx=+0.00)
  t= 52.4 ENG-GO pos=(-3.52,+0.78) yaw=+129.0 d=2.56 goal_err=-11 carrot_err=  +1 c0=1.06 clear=0.70 prog=0.29 rel=0.94 bal=-0.06 obs=246 hard=235 obsc=250 yr=  0  nz=0.06 flt=0.01 dmap=+0/-0 shz=4.0 plan=12 cmd=(lx=+0.00,ly=+0.28,rx=+0.00)
  t= 52.9 ENG-GO pos=(-3.54,+0.81) yaw=+129.0 d=2.53 goal_err=-11 carrot_err=  +1 c0=1.02 clear=0.68 prog=0.29 rel=0.96 bal=+0.03 obs=245 hard=234 obsc=250 yr=  0  nz=0.04 flt=0.00 dmap=+0/-1 shz=4.0 plan=12 cmd=(lx=+0.00,ly=+0.28,rx=+0.00)
  t= 53.3 ENG-GO pos=(-3.56,+0.84) yaw=+129.0 d=2.49 goal_err=-11 carrot_err=  +1 c0=1.01 clear=0.67 prog=0.29 rel=0.95 bal=+0.03 obs=246 hard=233 obsc=250 yr=  0  nz=0.05 flt=0.01 dmap=+0/-0 shz=4.0 plan=12 cmd=(lx=+0.00,ly=+0.28,rx=+0.00)
  t= 53.7 ENG-GO pos=(-3.59,+0.87) yaw=+129.0 d=2.46 goal_err=-11 carrot_err=  +1 c0=0.97 clear=0.65 prog=0.28 rel=0.94 bal=+0.03 obs=245 hard=233 obsc=251 yr=  0  nz=0.06 flt=0.00 dmap=+0/-0 shz=4.0 plan=12 cmd=(lx=+0.00,ly=+0.28,rx=+0.00)
  t= 54.1 ENG-GO pos=(-3.61,+0.89) yaw=+129.0 d=2.42 goal_err=-11 carrot_err=  +1 c0=0.94 clear=0.63 prog=0.28 rel=0.93 bal=+0.02 obs=246 hard=235 obsc=252 yr=  0  nz=0.07 flt=0.00 dmap=+2/-2 shz=4.0 plan=12 cmd=(lx=+0.00,ly=+0.28,rx=+0.00)
  t= 54.5 ENG-GO pos=(-3.63,+0.92) yaw=+129.0 d=2.39 goal_err=-12 carrot_err=  +1 c0=0.91 clear=0.60 prog=0.28 rel=0.93 bal=+0.02 obs=245 hard=233 obsc=250 yr=  0  nz=0.07 flt=0.00 dmap=+0/-1 shz=4.0 plan=12 cmd=(lx=+0.00,ly=+0.28,rx=+0.00)
  t= 55.0 ENG-GO pos=(-3.65,+0.95) yaw=+129.0 d=2.35 goal_err=-12 carrot_err=  +1 c0=0.87 clear=0.58 prog=0.28 rel=0.93 bal=+0.02 obs=245 hard=234 obsc=250 yr=  0  nz=0.07 flt=0.01 dmap=+0/-0 shz=4.0 plan=12 cmd=(lx=+0.00,ly=+0.28,rx=+0.00)
  t= 55.4 ENG-GO pos=(-3.68,+0.98) yaw=+129.0 d=2.32 goal_err=-12 carrot_err=  +1 c0=0.84 clear=0.56 prog=0.28 rel=0.93 bal=-0.21 obs=246 hard=234 obsc=250 yr=  0  nz=0.07 flt=0.00 dmap=+1/-0 shz=4.0 plan=12 cmd=(lx=+0.00,ly=+0.28,rx=+0.00)
  t= 55.8 ENG-GO pos=(-3.70,+1.01) yaw=+129.0 d=2.28 goal_err=-12 carrot_err=  +1 c0=0.80 clear=0.54 prog=0.28 rel=0.93 bal=-0.08 obs=244 hard=234 obsc=249 yr=  0  nz=0.07 flt=0.00 dmap=+0/-1 shz=4.0 plan=11 cmd=(lx=+0.00,ly=+0.28,rx=+0.00)
  t= 56.2 ENG-GO pos=(-3.72,+1.03) yaw=+129.0 d=2.24 goal_err=-12 carrot_err=  +1 c0=0.77 clear=0.51 prog=0.28 rel=0.93 bal=-0.08 obs=244 hard=233 obsc=248 yr=  0  nz=0.07 flt=0.00 dmap=+0/-0 shz=4.0 plan=11 cmd=(lx=+0.00,ly=+0.28,rx=+0.00)
  t= 56.7 ENG-GO pos=(-3.75,+1.07) yaw=+129.0 d=2.20 goal_err=-13 carrot_err=  +3 c0=0.73 clear=0.49 prog=0.29 rel=0.92 bal=-0.07 obs=243 hard=233 obsc=248 yr=  0  nz=0.08 flt=0.01 dmap=+0/-0 shz=4.0 plan=11 cmd=(lx=+0.00,ly=+0.28,rx=+0.00)
  t= 57.1 ENG-GO pos=(-3.77,+1.10) yaw=+129.0 d=2.17 goal_err=-13 carrot_err=  +3 c0=0.93 clear=0.62 prog=0.29 rel=0.92 bal=+0.01 obs=242 hard=230 obsc=246 yr=  0  nz=0.08 flt=0.00 dmap=+0/-0 shz=4.0 plan=11 cmd=(lx=+0.00,ly=+0.28,rx=+0.00)
  t= 57.5 ENG-GO pos=(-3.79,+1.13) yaw=+129.0 d=2.13 goal_err=-13 carrot_err=  +3 c0=0.93 clear=0.62 prog=0.29 rel=0.86 bal=-0.00 obs=244 hard=232 obsc=248 yr=  0  nz=0.14 flt=0.00 dmap=+0/-0 shz=4.0 plan=10 cmd=(lx=+0.00,ly=+0.28,rx=+0.00)
  t= 57.9 ENG-GO pos=(-3.82,+1.15) yaw=+129.0 d=2.10 goal_err=-13 carrot_err=  +3 c0=0.90 clear=0.60 prog=0.29 rel=0.84 bal=-0.02 obs=244 hard=233 obsc=249 yr=  0  nz=0.15 flt=0.01 dmap=+0/-0 shz=4.0 plan=10 cmd=(lx=+0.00,ly=+0.28,rx=+0.00)
  t= 58.4 ENG-GO pos=(-3.84,+1.18) yaw=+129.0 d=2.06 goal_err=-13 carrot_err=  +3 c0=0.87 clear=0.58 prog=0.29 rel=0.87 bal=-0.04 obs=245 hard=232 obsc=249 yr=  0  nz=0.13 flt=0.00 dmap=+1/-0 shz=4.0 plan=10 cmd=(lx=+0.00,ly=+0.28,rx=+0.00)
  t= 58.8 ENG-GO pos=(-3.86,+1.21) yaw=+129.0 d=2.03 goal_err=-14 carrot_err=  +3 c0=0.83 clear=0.56 prog=0.28 rel=0.94 bal=-0.04 obs=245 hard=233 obsc=250 yr=  0  nz=0.06 flt=0.00 dmap=+0/-0 shz=4.0 plan=10 cmd=(lx=+0.00,ly=+0.28,rx=+0.00)
  t= 59.2 ENG-GO pos=(-3.89,+1.24) yaw=+129.0 d=1.99 goal_err=-14 carrot_err=  +3 c0=0.80 clear=0.53 prog=0.28 rel=0.92 bal=-0.03 obs=243 hard=231 obsc=248 yr=  0  nz=0.08 flt=0.01 dmap=+0/-0 shz=4.0 plan=10 cmd=(lx=+0.00,ly=+0.28,rx=+0.00)
  t= 59.6 ENG-GO pos=(-3.91,+1.27) yaw=+129.0 d=1.96 goal_err=-14 carrot_err=  +4 c0=1.59 clear=1.00 prog=0.28 rel=0.92 bal=-0.03 obs=241 hard=232 obsc=247 yr=  0  nz=0.08 flt=0.01 dmap=+1/-2 shz=4.0 plan=10 cmd=(lx=+0.00,ly=+0.28,rx=+0.00)
  t= 60.1 ENG-GO pos=(-3.93,+1.29) yaw=+129.0 d=1.92 goal_err=-14 carrot_err= -12 c0=1.56 clear=1.00 prog=0.28 rel=0.47 bal=-0.03 obs=243 hard=231 obsc=247 yr=  0  nz=0.53 flt=0.04 dmap=+0/-0 shz=4.0 plan=10 cmd=(lx=+0.00,ly=+0.28,rx=+0.00)
  t= 60.5 ENG-GO pos=(-3.95,+1.32) yaw=+129.0 d=1.89 goal_err=-15 carrot_err= -12 c0=1.53 clear=1.00 prog=0.28 rel=0.43 bal=-0.03 obs=243 hard=230 obsc=247 yr=  0  nz=0.57 flt=0.00 dmap=+0/-0 shz=4.0 plan=9 cmd=(lx=+0.00,ly=+0.28,rx=+0.00)
  t= 60.9 ENG-GO pos=(-3.98,+1.35) yaw=+129.0 d=1.85 goal_err=-15 carrot_err= -12 c0=1.49 clear=0.99 prog=0.28 rel=0.48 bal=-0.04 obs=241 hard=230 obsc=247 yr=  0  nz=0.52 flt=0.00 dmap=+1/-2 shz=4.0 plan=9 cmd=(lx=+0.00,ly=+0.28,rx=+0.00)
  t= 61.3 ENG-GO pos=(-4.00,+1.38) yaw=+129.0 d=1.81 goal_err=-15 carrot_err= -13 c0=1.45 clear=0.96 prog=0.29 rel=0.93 bal=-0.04 obs=242 hard=231 obsc=247 yr=  0  nz=0.07 flt=0.00 dmap=+1/-0 shz=4.0 plan=9 cmd=(lx=+0.00,ly=+0.28,rx=+0.00)
  t= 61.8 ENG-GO pos=(-4.03,+1.41) yaw=+129.0 d=1.77 goal_err=-16 carrot_err= -14 c0=1.41 clear=0.94 prog=0.29 rel=0.93 bal=-0.05 obs=241 hard=230 obsc=245 yr=  0  nz=0.07 flt=0.03 dmap=+0/-0 shz=4.0 plan=9 cmd=(lx=+0.00,ly=+0.28,rx=+0.00)
  t= 62.2 ENG-GO pos=(-4.05,+1.44) yaw=+129.0 d=1.74 goal_err=-16 carrot_err= -14 c0=1.38 clear=0.92 prog=0.29 rel=0.93 bal=-0.06 obs=242 hard=230 obsc=246 yr=  0  nz=0.07 flt=0.01 dmap=+0/-0 shz=4.0 plan=9 cmd=(lx=+0.00,ly=+0.28,rx=+0.00)
  t= 62.6 ENG-GO pos=(-4.07,+1.47) yaw=+129.0 d=1.70 goal_err=-16 carrot_err= -15 c0=1.34 clear=0.90 prog=0.29 rel=0.92 bal=-0.06 obs=243 hard=231 obsc=247 yr=  0  nz=0.08 flt=0.01 dmap=+0/-0 shz=4.0 plan=9 cmd=(lx=+0.00,ly=+0.28,rx=+0.00)
  t= 63.0 ENG-GO pos=(-4.09,+1.50) yaw=+129.0 d=1.67 goal_err=-17 carrot_err= -16 c0=1.31 clear=0.87 prog=0.27 rel=0.92 bal=-0.07 obs=246 hard=235 obsc=251 yr=  0  nz=0.08 flt=0.00 dmap=+0/-0 shz=4.0 plan=9 cmd=(lx=+0.00,ly=+0.28,rx=+0.00)
  t= 63.5 ENG-GO pos=(-4.12,+1.52) yaw=+129.0 d=1.63 goal_err=-17 carrot_err= -10 c0=1.28 clear=0.85 prog=0.29 rel=0.93 bal=-0.12 obs=241 hard=230 obsc=244 yr=  0  nz=0.07 flt=0.00 dmap=+0/-2 shz=4.0 plan=9 cmd=(lx=+0.00,ly=+0.28,rx=+0.00)
  t= 63.9 ENG-GO pos=(-4.14,+1.55) yaw=+129.0 d=1.60 goal_err=-17 carrot_err= -10 c0=1.24 clear=0.83 prog=0.27 rel=0.93 bal=-0.11 obs=245 hard=232 obsc=248 yr=  0  nz=0.07 flt=0.00 dmap=+1/-1 shz=4.0 plan=8 cmd=(lx=+0.00,ly=+0.28,rx=+0.00)
  t= 64.3 ENG-GO pos=(-4.17,+1.59) yaw=+129.0 d=1.56 goal_err=-18 carrot_err= -11 c0=1.20 clear=0.80 prog=0.28 rel=0.93 bal=+0.02 obs=247 hard=233 obsc=249 yr=  0  nz=0.07 flt=0.00 dmap=+0/-0 shz=4.0 plan=8 cmd=(lx=+0.00,ly=+0.28,rx=+0.00)
  t= 64.7 ENG-GO pos=(-4.19,+1.62) yaw=+129.0 d=1.52 goal_err=-18 carrot_err= -11 c0=1.17 clear=0.78 prog=0.28 rel=0.93 bal=+0.02 obs=249 hard=237 obsc=252 yr=  0  nz=0.07 flt=0.00 dmap=+0/-0 shz=4.0 plan=8 cmd=(lx=+0.00,ly=+0.28,rx=+0.00)
  t= 65.2 ENG-GO pos=(-4.21,+1.64) yaw=+129.0 d=1.49 goal_err=-19 carrot_err= -12 c0=1.13 clear=0.76 prog=0.28 rel=0.92 bal=+0.03 obs=251 hard=240 obsc=254 yr=  0  nz=0.08 flt=0.02 dmap=+3/-0 shz=4.0 plan=8 cmd=(lx=+0.00,ly=+0.28,rx=+0.00)
  t= 65.6 ENG-GO pos=(-4.24,+1.67) yaw=+129.0 d=1.45 goal_err=-19 carrot_err= -12 c0=1.10 clear=0.73 prog=0.28 rel=0.93 bal=+0.11 obs=252 hard=240 obsc=256 yr=  0  nz=0.07 flt=0.00 dmap=+0/-0 shz=4.0 plan=8 cmd=(lx=+0.00,ly=+0.28,rx=+0.00)
  t= 66.0 ENG-GO pos=(-4.26,+1.70) yaw=+129.0 d=1.42 goal_err=-20 carrot_err= -13 c0=1.07 clear=0.71 prog=0.28 rel=0.93 bal=+0.10 obs=255 hard=241 obsc=258 yr=  0  nz=0.07 flt=0.01 dmap=+0/-0 shz=4.0 plan=8 cmd=(lx=+0.00,ly=+0.28,rx=+0.00)
  t= 66.5 ENG-GO pos=(-4.28,+1.73) yaw=+129.0 d=1.39 goal_err=-20 carrot_err= -19 c0=1.03 clear=0.69 prog=0.27 rel=0.94 bal=+0.09 obs=257 hard=244 obsc=261 yr=  0  nz=0.06 flt=0.01 dmap=+1/-0 shz=4.0 plan=8 cmd=(lx=+0.00,ly=+0.28,rx=+0.00)
  t= 66.9 ENG-GO pos=(-4.31,+1.76) yaw=+129.0 d=1.34 goal_err=-21 carrot_err= -20 c0=0.99 clear=0.66 prog=0.28 rel=0.94 bal=-0.39 obs=257 hard=244 obsc=261 yr=  0  nz=0.06 flt=0.00 dmap=+0/-0 shz=3.9 plan=7 cmd=(lx=+0.00,ly=+0.28,rx=+0.00)
  t= 67.3 ENG-GO pos=(-4.33,+1.79) yaw=+129.0 d=1.31 goal_err=-21 carrot_err= -21 c0=1.06 clear=0.71 prog=0.28 rel=0.95 bal=-0.39 obs=257 hard=244 obsc=260 yr=  0  nz=0.05 flt=0.00 dmap=+0/-0 shz=4.0 plan=7 cmd=(lx=+0.00,ly=+0.28,rx=+0.00)
  t= 67.7 ENG-GO pos=(-4.36,+1.82) yaw=+129.0 d=1.28 goal_err=-22 carrot_err= -22 c0=1.03 clear=0.68 prog=0.28 rel=0.95 bal=-0.39 obs=257 hard=244 obsc=261 yr=  0  nz=0.05 flt=0.00 dmap=+0/-0 shz=3.9 plan=7 cmd=(lx=+0.00,ly=+0.28,rx=+0.00)
  [META2-DOOR] Door_Direct: CRUZADA (cols=0) -> Pl=1.00
  t= 68.2 DWA-F pos=(-4.38,+1.85) yaw=+129.0 d=1.24 goal_err=-23 carrot_err= -15 c0=0.99 clear=0.66 prog=0.28 rel=0.94 bal=-0.40 obs=256 hard=243 obsc=261 yr=  0  nz=0.06 flt=0.00 dmap=+0/-0 shz=4.0 plan=7 cmd=(lx=+0.00,ly=+0.40,rx=+0.00)
  t= 68.6 DWA-F pos=(-4.41,+1.88) yaw=+129.0 d=1.20 goal_err=-23 carrot_err= -24 c0=0.95 clear=0.63 prog=0.29 rel=0.92 bal=-0.41 obs=257 hard=244 obsc=261 yr=  0  nz=0.08 flt=0.00 dmap=+0/-0 shz=3.9 plan=7 cmd=(lx=+0.00,ly=+0.40,rx=+0.00)
  t= 69.0 DWA-F pos=(-4.43,+1.92) yaw=+129.0 d=1.16 goal_err=-24 carrot_err= -16 c0=0.91 clear=0.60 prog=0.28 rel=0.92 bal=-0.42 obs=257 hard=245 obsc=261 yr=  0  nz=0.08 flt=0.00 dmap=+1/-2 shz=3.9 plan=7 cmd=(lx=+0.00,ly=+0.40,rx=+0.00)
  t= 69.5 DWA-F pos=(-4.47,+1.96) yaw=+129.0 d=1.11 goal_err=-25 carrot_err= -17 c0=0.85 clear=0.57 prog=0.31 rel=0.92 bal=-0.44 obs=256 hard=244 obsc=260 yr=  0  nz=0.08 flt=0.00 dmap=+0/-1 shz=4.0 plan=7 cmd=(lx=+0.00,ly=+0.40,rx=+0.00)
  t= 69.9 DWA-F pos=(-4.50,+1.99) yaw=+129.0 d=1.07 goal_err=-26 carrot_err= -18 c0=0.81 clear=0.54 prog=0.32 rel=0.91 bal=-0.47 obs=254 hard=243 obsc=259 yr=  0  nz=0.09 flt=0.01 dmap=+0/-0 shz=3.9 plan=6 cmd=(lx=+0.00,ly=+0.40,rx=+0.00)
  t= 70.3 DWA-F pos=(-4.52,+2.03) yaw=+129.0 d=1.03 goal_err=-28 carrot_err= -19 c0=0.77 clear=0.51 prog=0.33 rel=0.93 bal=-0.48 obs=254 hard=243 obsc=257 yr=  0  nz=0.07 flt=0.01 dmap=+0/-0 shz=4.0 plan=6 cmd=(lx=+0.00,ly=+0.40,rx=+0.00)
  t= 70.8 DWA-F pos=(-4.55,+2.06) yaw=+129.0 d=0.99 goal_err=-29 carrot_err= -20 c0=0.73 clear=0.49 prog=0.33 rel=0.93 bal=-0.48 obs=253 hard=243 obsc=258 yr=  0  nz=0.07 flt=0.00 dmap=+1/-2 shz=4.0 plan=6 cmd=(lx=+0.00,ly=+0.40,rx=+0.00)
  t= 71.2 DWA-F pos=(-4.58,+2.10) yaw=+129.0 d=0.96 goal_err=-30 carrot_err= -22 c0=0.69 clear=0.46 prog=0.32 rel=0.93 bal=-0.49 obs=254 hard=241 obsc=257 yr=  0  nz=0.07 flt=0.02 dmap=+0/-0 shz=4.0 plan=6 cmd=(lx=+0.00,ly=+0.40,rx=+0.00)
  t= 71.6 DWA-F pos=(-4.62,+2.14) yaw=+129.0 d=0.91 goal_err=-32 carrot_err= -27 c0=0.91 clear=0.61 prog=0.33 rel=0.84 bal=-0.49 obs=256 hard=243 obsc=260 yr=  0  nz=0.15 flt=0.00 dmap=+0/-0 shz=4.0 plan=5 cmd=(lx=+0.00,ly=+0.40,rx=+0.00)
  t= 72.1 DWA-F pos=(-4.64,+2.17) yaw=+129.0 d=0.87 goal_err=-33 carrot_err= -28 c0=0.87 clear=0.58 prog=0.31 rel=0.84 bal=-0.50 obs=253 hard=241 obsc=257 yr=  0  nz=0.16 flt=0.02 dmap=+0/-3 shz=4.0 plan=5 cmd=(lx=+0.00,ly=+0.40,rx=+0.00)
  t= 72.5 DWA-F pos=(-4.67,+2.21) yaw=+129.0 d=0.83 goal_err=-35 carrot_err= -30 c0=0.83 clear=0.55 prog=0.31 rel=0.87 bal=-0.50 obs=254 hard=242 obsc=258 yr=  0G nz=0.13 flt=0.00 dmap=+0/-0 shz=4.0 plan=5 cmd=(lx=+0.00,ly=+0.40,rx=+0.45)
  t= 72.9 DWA-F pos=(-4.70,+2.24) yaw=+125.8 d=0.80 goal_err=-33 carrot_err= -28 c0=1.18 clear=0.79 prog=0.31 rel=0.80 bal=-0.49 obs=258 hard=246 obsc=263 yr=  0  nz=0.20 flt=0.06 dmap=+0/-0 shz=4.0 plan=5 cmd=(lx=+0.00,ly=+0.40,rx=+0.00)
  t= 73.3 DWA-F pos=(-4.72,+2.28) yaw=+125.8 d=0.76 goal_err=-35 carrot_err= -30 c0=1.13 clear=0.76 prog=0.30 rel=0.74 bal=-0.50 obs=260 hard=246 obsc=263 yr=  0  nz=0.26 flt=0.00 dmap=+0/-0 shz=4.0 plan=5 cmd=(lx=+0.00,ly=+0.40,rx=+0.45)
  t= 73.8 DWA-F pos=(-4.75,+2.32) yaw=+122.6 d=0.72 goal_err=-34 carrot_err= -28 c0=1.09 clear=0.73 prog=0.28 rel=0.75 bal=-0.37 obs=258 hard=245 obsc=262 yr=  0  nz=0.25 flt=0.00 dmap=+0/-2 shz=4.0 plan=5 cmd=(lx=+0.00,ly=+0.40,rx=+0.45)
  t= 74.2 DWA-F pos=(-4.77,+2.35) yaw=+117.8 d=0.69 goal_err=-31 carrot_err= -25 c0=1.05 clear=0.70 prog=0.28 rel=0.93 bal=-0.37 obs=258 hard=245 obsc=262 yr= 15  nz=0.07 flt=0.02 dmap=+0/-0 shz=4.0 plan=5 cmd=(lx=+0.00,ly=+0.40,rx=+0.00)
  t= 74.6 DWA-F pos=(-4.80,+2.40) yaw=+117.8 d=0.64 goal_err=-34 carrot_err= -28 c0=1.00 clear=0.67 prog=0.30 rel=0.92 bal=-0.37 obs=259 hard=247 obsc=266 yr=  0  nz=0.08 flt=0.06 dmap=+0/-0 shz=4.0 plan=4 cmd=(lx=+0.00,ly=+0.40,rx=+0.45)
  t= 75.1 DWA-F pos=(-4.82,+2.44) yaw=+114.5 d=0.60 goal_err=-33 carrot_err= -26 c0=0.95 clear=0.64 prog=0.30 rel=0.92 bal=-0.37 obs=261 hard=247 obsc=266 yr=  0  nz=0.08 flt=0.02 dmap=+2/-0 shz=3.9 plan=4 cmd=(lx=+0.00,ly=+0.40,rx=+0.00)
  t= 75.5 DWA-F pos=(-4.84,+2.48) yaw=+111.3 d=0.57 goal_err=-32 carrot_err= -25 c0=0.91 clear=0.61 prog=0.30 rel=0.92 bal=-0.36 obs=261 hard=248 obsc=266 yr= 15G nz=0.08 flt=0.01 dmap=+0/-0 shz=4.0 plan=4 cmd=(lx=+0.00,ly=+0.40,rx=+0.00)
  t= 75.9 DWA-F pos=(-4.85,+2.53) yaw=+109.7 d=0.53 goal_err=-33 carrot_err= -26 c0=0.87 clear=0.58 prog=0.30 rel=0.92 bal=-0.36 obs=262 hard=250 obsc=267 yr=  0  nz=0.08 flt=0.00 dmap=+0/-0 shz=3.9 plan=3 cmd=(lx=+0.00,ly=+0.40,rx=+0.45)
  t= 76.4 DWA-F pos=(-4.86,+2.56) yaw=+104.9 d=0.49 goal_err=-31 carrot_err= -23 c0=0.99 clear=0.66 prog=0.28 rel=0.92 bal=-0.35 obs=262 hard=250 obsc=267 yr= 15G nz=0.08 flt=0.04 dmap=+0/-0 shz=4.0 plan=3 cmd=(lx=+0.00,ly=+0.40,rx=+0.00)
  t= 76.8 DWA-T pos=(-4.87,+2.60) yaw=+101.7 d=0.46 goal_err=-30 carrot_err= -22 c0=0.96 clear=0.64 prog=0.28 rel=0.92 bal=-0.34 obs=262 hard=250 obsc=268 yr=  0  nz=0.09 flt=0.03 dmap=+1/-1 shz=4.0 plan=3 cmd=(lx=+0.00,ly=+0.00,rx=+0.00)
  t= 77.2 DWA-T pos=(-4.87,+2.60) yaw=+101.7 d=0.46 goal_err=-30 carrot_err= -22 c0=0.96 clear=0.64 prog=0.21 rel=0.91 bal=-0.34 obs=262 hard=250 obsc=268 yr=  0  nz=0.09 flt=0.03 dmap=+0/-0 shz=4.0 plan=3 cmd=(lx=+0.00,ly=+0.00,rx=+0.00)
  t= 77.7 DWA-T pos=(-4.87,+2.60) yaw=+101.7 d=0.46 goal_err=-30 carrot_err= -22 c0=0.96 clear=0.64 prog=0.15 rel=0.91 bal=-0.34 obs=262 hard=250 obsc=268 yr=  0  nz=0.09 flt=0.03 dmap=+0/-0 shz=4.0 plan=3 cmd=(lx=+0.00,ly=+0.00,rx=+0.00)
  t= 78.1 BRK-BK pos=(-4.87,+2.60) yaw=+101.7 d=0.46 goal_err=-30 carrot_err= -22 c0=0.96 clear=0.64 prog=0.09 rel=0.91 bal=-0.34 obs=262 hard=250 obsc=268 yr=  0  nz=0.09 flt=0.03 dmap=+0/-0 shz=4.0 plan=0 cmd=(lx=+0.00,ly=-0.35,rx=+0.00)
  t= 78.5 BRK-TR pos=(-4.86,+2.55) yaw=+101.7 d=0.50 goal_err=-27 carrot_err= -20 c0=1.00 clear=0.67 prog=0.00 rel=0.96 bal=-0.36 obs=253 hard=247 obsc=259 yr=  0G nz=0.04 flt=0.01 dmap=+0/-0 shz=3.7 plan=0 cmd=(lx=+0.00,ly=+0.00,rx=+0.45)
  t= 78.9 BRK-TR pos=(-4.86,+2.55) yaw= +95.3 d=0.50 goal_err=-21 carrot_err= -13 c0=1.18 clear=0.78 prog=0.00 rel=0.86 bal=-0.36 obs=253 hard=248 obsc=259 yr= 15G nz=0.14 flt=0.00 dmap=+0/-0 shz=3.7 plan=0 cmd=(lx=+0.00,ly=+0.00,rx=+0.45)
  t= 79.4 BRK-TR pos=(-4.86,+2.55) yaw= +88.9 d=0.50 goal_err=-14 carrot_err=  -7 c0=1.14 clear=0.76 prog=0.00 rel=0.85 bal=-0.16 obs=253 hard=248 obsc=259 yr= 16G nz=0.15 flt=0.06 dmap=+0/-0 shz=3.7 plan=0 cmd=(lx=+0.00,ly=+0.00,rx=+0.45)
  t= 79.8 BRK-TR pos=(-4.86,+2.55) yaw= +82.5 d=0.50 goal_err=-8 carrot_err=  -0 c0=1.14 clear=0.76 prog=0.00 rel=0.87 bal=-0.25 obs=253 hard=248 obsc=259 yr=  0G nz=0.13 flt=0.01 dmap=+0/-0 shz=3.7 plan=0 cmd=(lx=+0.00,ly=+0.00,rx=+0.45)
  t= 80.2 BRK-TR pos=(-4.86,+2.55) yaw= +74.7 d=0.50 goal_err=+0 carrot_err=  +7 c0=1.07 clear=0.72 prog=0.00 rel=0.94 bal=-0.28 obs=253 hard=248 obsc=259 yr= 14G nz=0.06 flt=0.01 dmap=+0/-0 shz=3.7 plan=0 cmd=(lx=+0.00,ly=+0.00,rx=+0.45)
  t= 80.6 BRK-TR pos=(-4.86,+2.55) yaw= +68.7 d=0.50 goal_err=+6 carrot_err= +13 c0=1.07 clear=0.72 prog=0.00 rel=0.93 bal=-0.28 obs=253 hard=248 obsc=259 yr= 14G nz=0.07 flt=0.07 dmap=+0/-0 shz=3.7 plan=0 cmd=(lx=+0.00,ly=+0.00,rx=+0.45)
  t= 81.1 DWA-F pos=(-4.86,+2.56) yaw= +64.2 d=0.50 goal_err=+11 carrot_err= +18 c0=1.07 clear=0.71 prog=0.01 rel=0.93 bal=-0.19 obs=253 hard=244 obsc=259 yr=  0  nz=0.07 flt=0.06 dmap=+4/-5 shz=3.7 plan=3 cmd=(lx=+0.00,ly=+0.40,rx=+0.00)
  t= 81.5 DWA-T pos=(-4.85,+2.57) yaw= +64.2 d=0.48 goal_err=+11 carrot_err= +19 c0=1.05 clear=0.70 prog=0.04 rel=0.97 bal=-0.19 obs=253 hard=243 obsc=255 yr=  0  nz=0.03 flt=0.01 dmap=+0/-0 shz=3.7 plan=3 cmd=(lx=+0.00,ly=+0.00,rx=+0.00)
  t= 81.9 DWA-T pos=(-4.85,+2.57) yaw= +64.2 d=0.48 goal_err=+11 carrot_err= +19 c0=1.05 clear=0.70 prog=0.04 rel=0.97 bal=-0.19 obs=253 hard=243 obsc=255 yr=  0  nz=0.03 flt=0.01 dmap=+0/-0 shz=3.7 plan=3 cmd=(lx=+0.00,ly=+0.00,rx=+0.00)
  t= 82.4 DWA-T pos=(-4.85,+2.57) yaw= +64.2 d=0.48 goal_err=+11 carrot_err= +19 c0=1.05 clear=0.70 prog=0.04 rel=0.97 bal=-0.19 obs=253 hard=243 obsc=255 yr=  0  nz=0.03 flt=0.01 dmap=+0/-0 shz=3.7 plan=3 cmd=(lx=+0.00,ly=+0.00,rx=+0.00)
  t= 82.8 BRK-BK pos=(-4.86,+2.56) yaw= +64.2 d=0.50 goal_err=+11 carrot_err= +18 c0=1.07 clear=0.71 prog=0.01 rel=0.97 bal=-0.19 obs=253 hard=243 obsc=255 yr=  0  nz=0.03 flt=0.01 dmap=+0/-0 shz=3.7 plan=0 cmd=(lx=+0.00,ly=-0.35,rx=+0.00)
  t= 83.2 BRK-TR pos=(-4.88,+2.53) yaw= +62.7 d=0.53 goal_err=+11 carrot_err= +18 c0=1.10 clear=0.73 prog=0.00 rel=0.97 bal=-0.18 obs=252 hard=242 obsc=254 yr= 14G nz=0.03 flt=0.01 dmap=+0/-0 shz=3.4 plan=0 cmd=(lx=+0.00,ly=+0.00,rx=+0.45)
  t= 83.6 BRK-TR pos=(-4.88,+2.53) yaw= +56.8 d=0.53 goal_err=+17 carrot_err= +24 c0=1.10 clear=0.73 prog=0.00 rel=0.97 bal=-0.18 obs=252 hard=242 obsc=254 yr= 14G nz=0.03 flt=0.04 dmap=+0/-0 shz=3.4 plan=0 cmd=(lx=+0.00,ly=+0.00,rx=+0.45)
  t= 84.1 BRK-TR pos=(-4.88,+2.53) yaw= +50.8 d=0.53 goal_err=+23 carrot_err= +30 c0=1.10 clear=0.73 prog=0.00 rel=0.97 bal=-0.11 obs=252 hard=242 obsc=254 yr= 14G nz=0.03 flt=0.04 dmap=+0/-0 shz=3.4 plan=0 cmd=(lx=+0.00,ly=+0.00,rx=+0.45)
  t= 84.5 BRK-TR pos=(-4.88,+2.53) yaw= +44.9 d=0.53 goal_err=+29 carrot_err= +36 c0=1.10 clear=0.73 prog=0.00 rel=0.97 bal=-0.11 obs=252 hard=242 obsc=254 yr= 14G nz=0.03 flt=0.05 dmap=+0/-0 shz=3.4 plan=0 cmd=(lx=+0.00,ly=+0.00,rx=+0.45)
  t= 84.9 BRK-TR pos=(-4.88,+2.53) yaw= +38.9 d=0.53 goal_err=+35 carrot_err= +42 c0=1.10 clear=0.73 prog=0.00 rel=0.99 bal=-0.00 obs=252 hard=242 obsc=254 yr= 14G nz=0.01 flt=0.08 dmap=+0/-0 shz=3.4 plan=0 cmd=(lx=+0.00,ly=+0.00,rx=+0.45)
  t= 85.3 BRK-TR pos=(-4.88,+2.53) yaw= +31.5 d=0.53 goal_err=+43 carrot_err= +49 c0=1.10 clear=0.73 prog=0.00 rel=0.99 bal=+0.07 obs=252 hard=242 obsc=254 yr= 28G nz=0.01 flt=0.09 dmap=+0/-0 shz=3.4 plan=0 cmd=(lx=+0.00,ly=+0.00,rx=+0.45)
  t= 85.8 DWA-F pos=(-4.86,+2.53) yaw= +31.5 d=0.52 goal_err=+44 carrot_err= +51 c0=1.09 clear=0.73 prog=0.02 rel=0.97 bal=+0.07 obs=252 hard=242 obsc=254 yr= 14G nz=0.03 flt=0.13 dmap=+0/-0 shz=3.4 plan=3 cmd=(lx=+0.00,ly=+0.28,rx=-0.45)
  t= 86.2 DWA-F pos=(-4.84,+2.55) yaw= +37.4 d=0.50 goal_err=+40 carrot_err= +48 c0=1.06 clear=0.71 prog=0.05 rel=0.97 bal=+0.07 obs=252 hard=242 obsc=254 yr= 14G nz=0.03 flt=0.15 dmap=+0/-0 shz=3.4 plan=3 cmd=(lx=+0.00,ly=+0.28,rx=-0.45)
  t= 86.6 DWA-F pos=(-4.82,+2.57) yaw= +43.4 d=0.48 goal_err=+36 carrot_err= +44 c0=1.04 clear=0.69 prog=0.09 rel=0.89 bal=+0.08 obs=255 hard=245 obsc=257 yr= 14G nz=0.06 flt=0.13 dmap=+1/-0 shz=3.4 plan=3 cmd=(lx=+0.00,ly=+0.28,rx=-0.45)
  t= 87.1 DWA-F pos=(-4.80,+2.59) yaw= +49.3 d=0.46 goal_err=+32 carrot_err= +41 c0=1.01 clear=0.67 prog=0.13 rel=0.94 bal=+0.08 obs=256 hard=246 obsc=258 yr= 13G nz=0.07 flt=0.05 dmap=+1/-0 shz=3.4 plan=3 cmd=(lx=+0.00,ly=+0.28,rx=-0.45)
  t= 87.5 DWA-F pos=(-4.78,+2.62) yaw= +56.8 d=0.43 goal_err=+27 carrot_err= +37 c0=0.97 clear=0.65 prog=0.18 rel=0.94 bal=-0.02 obs=256 hard=246 obsc=258 yr= 27G nz=0.06 flt=0.06 dmap=+0/-0 shz=3.4 plan=3 cmd=(lx=+0.00,ly=+0.28,rx=-0.45)
  t= 87.9 DWA-T pos=(-4.76,+2.64) yaw= +62.7 d=0.40 goal_err=+23 carrot_err= +33 c0=0.95 clear=0.63 prog=0.19 rel=0.93 bal=-0.10 obs=257 hard=247 obsc=259 yr= 14G nz=0.07 flt=0.04 dmap=+0/-0 shz=3.4 plan=3 cmd=(lx=+0.00,ly=+0.00,rx=+0.00)

  >>> MODO AGRESIVO ON (12s sin acercarse a B): reduzco inflado y holgura (min seguridad 0.24m) para cruzar la puerta.
  t= 88.3 AGR-DWA-T pos=(-4.76,+2.65) yaw= +64.2 d=0.40 goal_err=+21 carrot_err= +32 c0=0.94 clear=0.63 prog=0.17 rel=0.94 bal=-0.10 obs=249 hard=236 obsc=252 yr=  0  nz=0.06 flt=0.01 dmap=+0/-0 shz=3.4 plan=3 cmd=(lx=+0.00,ly=+0.00,rx=+0.00)
  t= 88.8 AGR-DWA-T pos=(-4.76,+2.65) yaw= +64.2 d=0.40 goal_err=+21 carrot_err= +32 c0=0.94 clear=0.63 prog=0.13 rel=0.94 bal=-0.10 obs=249 hard=236 obsc=252 yr=  0  nz=0.06 flt=0.01 dmap=+0/-0 shz=3.4 plan=3 cmd=(lx=+0.00,ly=+0.00,rx=+0.00)
  t= 89.2 AGR-DWA-T pos=(-4.76,+2.65) yaw= +64.2 d=0.40 goal_err=+21 carrot_err= +32 c0=0.94 clear=0.63 prog=0.09 rel=0.94 bal=-0.10 obs=249 hard=236 obsc=252 yr=  0  nz=0.06 flt=0.01 dmap=+0/-0 shz=3.4 plan=0 cmd=(lx=+0.00,ly=+0.00,rx=+0.00)
  t= 89.6 AGR-BRK-BK pos=(-4.77,+2.62) yaw= +64.2 d=0.42 goal_err=+20 carrot_err= +30 c0=0.96 clear=0.64 prog=0.00 rel=0.94 bal=-0.09 obs=242 hard=230 obsc=245 yr=  0  nz=0.06 flt=0.00 dmap=+1/-8 shz=3.2 plan=0 cmd=(lx=+0.00,ly=-0.35,rx=+0.00)
  t= 90.1 AGR-BRK-TR pos=(-4.78,+2.60) yaw= +61.0 d=0.44 goal_err=+22 carrot_err= +32 c0=0.99 clear=0.66 prog=0.00 rel=0.96 bal=-0.09 obs=242 hard=230 obsc=245 yr= 16G nz=0.04 flt=0.06 dmap=+0/-0 shz=3.2 plan=0 cmd=(lx=+0.00,ly=+0.00,rx=+0.45)
  t= 90.5 AGR-BRK-TR pos=(-4.78,+2.60) yaw= +54.6 d=0.44 goal_err=+29 carrot_err= +38 c0=0.99 clear=0.66 prog=0.00 rel=0.97 bal=-0.01 obs=242 hard=230 obsc=245 yr= 15G nz=0.03 flt=0.01 dmap=+0/-0 shz=3.2 plan=0 cmd=(lx=+0.00,ly=+0.00,rx=+0.45)
  t= 90.9 AGR-BRK-TR pos=(-4.78,+2.60) yaw= +46.6 d=0.44 goal_err=+37 carrot_err= +46 c0=0.99 clear=0.66 prog=0.00 rel=0.97 bal=+0.09 obs=244 hard=232 obsc=246 yr= 15G nz=0.03 flt=0.01 dmap=+2/-0 shz=3.2 plan=0 cmd=(lx=+0.00,ly=+0.00,rx=+0.45)
  t= 91.3 AGR-BRK-TR pos=(-4.78,+2.60) yaw= +40.3 d=0.44 goal_err=+43 carrot_err= +52 c0=0.99 clear=0.66 prog=0.00 rel=0.97 bal=+0.14 obs=244 hard=232 obsc=246 yr= 14G nz=0.03 flt=0.10 dmap=+0/-0 shz=3.2 plan=0 cmd=(lx=+0.00,ly=+0.00,rx=+0.45)
  t= 91.8 AGR-BRK-TR pos=(-4.78,+2.60) yaw= +34.3 d=0.44 goal_err=+49 carrot_err= +58 c0=0.99 clear=0.66 prog=0.00 rel=0.99 bal=+0.14 obs=244 hard=232 obsc=246 yr= 14G nz=0.01 flt=0.00 dmap=+0/-0 shz=3.2 plan=0 cmd=(lx=+0.00,ly=+0.00,rx=+0.45)
  t= 92.2 AGR-DWA-F pos=(-4.78,+2.60) yaw= +28.4 d=0.44 goal_err=+55 carrot_err= +64 c0=1.12 clear=0.74 prog=0.00 rel=0.99 bal=+0.13 obs=244 hard=232 obsc=246 yr= 14G nz=0.01 flt=0.00 dmap=+0/-0 shz=3.2 plan=3 cmd=(lx=+0.00,ly=+0.28,rx=-0.45)
  t= 92.6 AGR-DWA-F pos=(-4.76,+2.61) yaw= +31.4 d=0.43 goal_err=+54 carrot_err= +64 c0=0.97 clear=0.65 prog=0.02 rel=0.90 bal=+0.12 obs=244 hard=232 obsc=246 yr= 14G nz=0.10 flt=0.09 dmap=+0/-0 shz=3.2 plan=3 cmd=(lx=+0.00,ly=+0.28,rx=-0.45)
  t= 93.1 AGR-DWA-F pos=(-4.73,+2.63) yaw= +38.8 d=0.41 goal_err=+51 carrot_err= +61 c0=0.94 clear=0.62 prog=0.06 rel=0.89 bal=+0.15 obs=244 hard=232 obsc=246 yr= 27G nz=0.11 flt=0.00 dmap=+0/-0 shz=3.2 plan=3 cmd=(lx=+0.00,ly=+0.28,rx=-0.45)
  t= 93.5 AGR-DWA-F pos=(-4.71,+2.65) yaw= +44.8 d=0.39 goal_err=+48 carrot_err= +59 c0=0.91 clear=0.61 prog=0.09 rel=0.86 bal=+0.15 obs=245 hard=233 obsc=247 yr= 14G nz=0.13 flt=0.04 dmap=+0/-0 shz=3.2 plan=3 cmd=(lx=+0.00,ly=+0.28,rx=-0.45)
  t= 93.9 AGR-DWA-F pos=(-4.69,+2.67) yaw= +50.7 d=0.37 goal_err=+45 carrot_err= +57 c0=0.88 clear=0.59 prog=0.12 rel=0.87 bal=+0.12 obs=245 hard=233 obsc=247 yr= 14G nz=0.13 flt=0.01 dmap=+0/-0 shz=3.2 plan=3 cmd=(lx=+0.00,ly=+0.28,rx=-0.45)
  t= 94.3 AGR-DWA-F pos=(-4.68,+2.69) yaw= +56.7 d=0.35 goal_err=+42 carrot_err= +55 c0=0.85 clear=0.57 prog=0.15 rel=0.92 bal=+0.06 obs=245 hard=233 obsc=247 yr= 14G nz=0.07 flt=0.17 dmap=+0/-0 shz=3.2 plan=3 cmd=(lx=+0.00,ly=+0.28,rx=-0.45)

  LLEGADO a 'B' (-4.73,+3.04); error=0.35 m, colisiones=0.
  [spill] derrames=0 E[N]=0.00 eta_max=0.88 riesgo=0.6%
  [dataset] travesia guardada -> /Users/adrianlendinezibanez/Claude/Projects/G1 ROBOT/dataset/20260721_101305_ours_B.json
  [stats] fila anadida -> /Users/adrianlendinezibanez/Claude/Projects/G1 ROBOT/dataset/runs_stats.csv

Fin goto.
  [META2-L2] estado guardado (meta2_state_abfull.json): Pl={'Efficient_Nav': 1.0, 'Cautious_Nav': 1.0} derrames_run=0
  backend grafico: TkAgg
>>> SIM ADAPTER: conectando a rosbridge ws://localhost:8765 ...
  esperando /odom (hasta 30s; el mundo del lab tarda en cargar)... ok
  /odom OK pose=(+0.99,+0.57) | /scan: OK
  escenario LAB: mapa/waypoints/puerta REALES (lab.world solo-paredes, frame G1)

>>> GOTO 'B' -> (-4.73,+3.04). Mando en mano (L2+B). Ctrl+C aborta.
    ENTORNO: SIM (id: lab_v1_ab_full)  — esta run se registra como SIMULACION, no cuenta como run de robot
  Esperando pose localizada y primera nube... ok.
  FRAME-CHECK start=(+0.99,+0.57) wp_mas_cercano=A(+0.99,+0.57) offset=0.00m  -> frame OK (pose y waypoints alineados)
  [spill] payload de agua simulado (semilla=20260721_101452_ours_B.json)
  [META2-DOOR] variante de engagement: Door_Direct (Pl={Door_Direct:1.00, Door_Far:1.00, Door_BiasPlus:1.00})
  META2 ACTIVO (techo por analogia): Meta-Reasoner 2.0, analogia inicial Cautious_Nav

  !!!!!!!!!!!!!!!!!!!!!!!!!!!!!!!!!!!!!!!!!!!!!!!!!!!!!!!!!!!!!!!!!!!!!!!!!!
  !!  VISION OFF (G1_PERC sin definir) pero G1_NOVIS=1: navego SIN vision bajo tu responsabilidad.
  !!  La MESA invisible al LiDAR no se vera.
  !!!!!!!!!!!!!!!!!!!!!!!!!!!!!!!!!!!!!!!!!!!!!!!!!!!!!!!!!!!!!!!!!!!!!!!!!!

  mapa de referencia: 961 celdas | muebles estaticos (nav_map): 0 celdas | plan global: static
  t=  0.0 DWA-F pos=(+0.99,+0.57) yaw=-120.3 d=6.23 goal_err=-83 carrot_err= -62 c0=2.25 clear=1.00 prog=0.00 rel=1.00 bal=+0.19 obs=108 hard=108 obsc=108 yr=  0  nz=0.00 flt=0.19 dmap=+108/-0 shz=0.0 plan=34 cmd=(lx=+0.00,ly=+0.40,rx=+0.45)
  t=  0.4 DWA-F pos=(+0.97,+0.53) yaw=-125.1 d=6.22 goal_err=-79 carrot_err= -60 c0=2.21 clear=1.00 prog=0.05 rel=1.00 bal=+0.28 obs=111 hard=111 obsc=111 yr= 15G nz=0.00 flt=0.13 dmap=+0/-0 shz=4.7 plan=34 cmd=(lx=+0.00,ly=+0.40,rx=+0.45)
  t=  0.9 DWA-F pos=(+0.93,+0.48) yaw=-131.6 d=6.21 goal_err=-73 carrot_err= -57 c0=2.21 clear=1.00 prog=0.08 rel=0.94 bal=+0.40 obs=111 hard=111 obsc=111 yr= 16G nz=0.06 flt=0.02 dmap=+0/-0 shz=4.7 plan=34 cmd=(lx=+0.00,ly=+0.40,rx=+0.45)
  t=  1.3 DWA-F pos=(+0.89,+0.44) yaw=-138.0 d=6.19 goal_err=-67 carrot_err= -39 c0=2.23 clear=1.00 prog=0.11 rel=0.94 bal=+0.41 obs=111 hard=111 obsc=111 yr= 16G nz=0.06 flt=0.04 dmap=+0/-0 shz=4.3 plan=34 cmd=(lx=+0.00,ly=+0.40,rx=+0.45)
  t=  1.7 DWA-F pos=(+0.84,+0.40) yaw=-144.4 d=6.16 goal_err=-61 carrot_err= -35 c0=2.50 clear=1.00 prog=0.13 rel=0.83 bal=+0.42 obs=125 hard=125 obsc=141 yr= 14  nz=0.17 flt=0.12 dmap=+14/-0 shz=4.1 plan=33 cmd=(lx=+0.00,ly=+0.40,rx=+0.00)
  t=  2.1 DWA-F pos=(+0.78,+0.36) yaw=-146.0 d=6.13 goal_err=-60 carrot_err= -37 c0=2.50 clear=1.00 prog=0.18 rel=0.77 bal=+0.42 obs=143 hard=128 obsc=149 yr=  0G nz=0.23 flt=0.01 dmap=+0/-0 shz=4.2 plan=33 cmd=(lx=+0.00,ly=+0.40,rx=+0.45)
  t=  2.6 DWA-F pos=(+0.74,+0.34) yaw=-150.8 d=6.10 goal_err=-55 carrot_err= -34 c0=2.50 clear=1.00 prog=0.20 rel=0.83 bal=+0.43 obs=145 hard=130 obsc=151 yr=  0  nz=0.17 flt=0.12 dmap=+0/-0 shz=4.1 plan=33 cmd=(lx=+0.00,ly=+0.40,rx=+0.00)
  t=  3.0 DWA-F pos=(+0.71,+0.32) yaw=-150.8 d=6.08 goal_err=-56 carrot_err= -36 c0=2.50 clear=1.00 prog=0.20 rel=0.99 bal=+0.43 obs=151 hard=132 obsc=155 yr=  0  nz=0.01 flt=0.00 dmap=+0/-0 shz=4.2 plan=33 cmd=(lx=+0.00,ly=+0.40,rx=+0.45)
  t=  3.4 DWA-F pos=(+0.67,+0.30) yaw=-152.4 d=6.06 goal_err=-55 carrot_err= -34 c0=2.50 clear=1.00 prog=0.21 rel=0.98 bal=+0.44 obs=153 hard=147 obsc=155 yr=  0  nz=0.02 flt=0.00 dmap=+1/-1 shz=4.1 plan=32 cmd=(lx=+0.00,ly=+0.40,rx=+0.00)
  t=  3.9 DWA-F pos=(+0.63,+0.28) yaw=-152.4 d=6.03 goal_err=-55 carrot_err= -36 c0=2.50 clear=1.00 prog=0.19 rel=0.99 bal=+0.36 obs=156 hard=150 obsc=157 yr=  0  nz=0.01 flt=0.00 dmap=+0/-0 shz=4.1 plan=32 cmd=(lx=+0.00,ly=+0.40,rx=+0.00)
  t=  4.3 DWA-F pos=(+0.59,+0.26) yaw=-154.0 d=6.01 goal_err=-54 carrot_err= -36 c0=2.50 clear=1.00 prog=0.19 rel=0.99 bal=+0.37 obs=156 hard=152 obsc=157 yr= 15G nz=0.01 flt=0.01 dmap=+0/-0 shz=4.1 plan=32 cmd=(lx=+0.00,ly=+0.40,rx=+0.00)
  t=  4.7 DWA-F pos=(+0.55,+0.24) yaw=-155.6 d=5.98 goal_err=-52 carrot_err= -21 c0=2.50 clear=1.00 prog=0.20 rel=0.99 bal=+0.37 obs=158 hard=155 obsc=158 yr=  0  nz=0.01 flt=0.00 dmap=+1/-0 shz=4.0 plan=32 cmd=(lx=+0.00,ly=+0.40,rx=+0.00)
  t=  5.2 DWA-F pos=(+0.50,+0.21) yaw=-155.6 d=5.94 goal_err=-53 carrot_err= -23 c0=2.50 clear=1.00 prog=0.21 rel=0.99 bal=+0.39 obs=161 hard=160 obsc=162 yr=  0  nz=0.01 flt=0.00 dmap=+1/-1 shz=4.1 plan=32 cmd=(lx=+0.00,ly=+0.40,rx=+0.00)
  t=  5.6 DWA-F pos=(+0.46,+0.20) yaw=-155.6 d=5.92 goal_err=-53 carrot_err= -25 c0=2.50 clear=1.00 prog=0.21 rel=0.99 bal=+0.40 obs=163 hard=161 obsc=163 yr=  0  nz=0.01 flt=0.01 dmap=+0/-0 shz=4.1 plan=32 cmd=(lx=+0.00,ly=+0.40,rx=+0.00)
  t=  6.0 DWA-F pos=(+0.42,+0.18) yaw=-155.6 d=5.89 goal_err=-53 carrot_err= -26 c0=2.50 clear=1.00 prog=0.22 rel=0.99 bal=+0.41 obs=162 hard=161 obsc=165 yr=  0  nz=0.01 flt=0.01 dmap=+0/-0 shz=4.1 plan=32 cmd=(lx=+0.00,ly=+0.40,rx=+0.00)
  t=  6.5 DWA-F pos=(+0.38,+0.16) yaw=-155.6 d=5.87 goal_err=-54 carrot_err= -27 c0=2.50 clear=1.00 prog=0.22 rel=0.99 bal=+0.42 obs=164 hard=160 obsc=164 yr=  0  nz=0.01 flt=0.00 dmap=+0/-0 shz=4.0 plan=31 cmd=(lx=+0.00,ly=+0.40,rx=+0.00)
  t=  6.9 DWA-F pos=(+0.34,+0.14) yaw=-155.6 d=5.84 goal_err=-54 carrot_err= -29 c0=2.50 clear=1.00 prog=0.20 rel=0.99 bal=+0.43 obs=165 hard=161 obsc=165 yr=  0  nz=0.01 flt=0.00 dmap=+0/-0 shz=4.1 plan=31 cmd=(lx=+0.00,ly=+0.40,rx=+0.00)
  t=  7.3 DWA-F pos=(+0.30,+0.12) yaw=-155.6 d=5.81 goal_err=-55 carrot_err= -17 c0=2.50 clear=1.00 prog=0.20 rel=0.99 bal=+0.44 obs=164 hard=162 obsc=165 yr=  0  nz=0.01 flt=0.00 dmap=+0/-0 shz=4.0 plan=31 cmd=(lx=+0.00,ly=+0.40,rx=+0.00)
  t=  7.7 DWA-F pos=(+0.26,+0.10) yaw=-155.6 d=5.79 goal_err=-55 carrot_err= -17 c0=2.50 clear=1.00 prog=0.20 rel=0.99 bal=+0.45 obs=164 hard=163 obsc=165 yr=  0  nz=0.01 flt=0.00 dmap=+1/-1 shz=4.0 plan=30 cmd=(lx=+0.00,ly=+0.40,rx=+0.00)
  t=  8.2 DWA-F pos=(+0.22,+0.09) yaw=-155.6 d=5.76 goal_err=-55 carrot_err= -18 c0=2.50 clear=1.00 prog=0.20 rel=0.99 bal=+0.45 obs=165 hard=163 obsc=165 yr=  0  nz=0.01 flt=0.00 dmap=+1/-0 shz=4.0 plan=30 cmd=(lx=+0.00,ly=+0.40,rx=+0.00)
  t=  8.6 DWA-F pos=(+0.18,+0.07) yaw=-155.6 d=5.74 goal_err=-56 carrot_err= -19 c0=2.50 clear=1.00 prog=0.20 rel=0.99 bal=+0.38 obs=165 hard=164 obsc=166 yr=  0  nz=0.01 flt=0.00 dmap=+0/-0 shz=4.0 plan=30 cmd=(lx=+0.00,ly=+0.40,rx=+0.00)
  t=  9.0 DWA-F pos=(+0.14,+0.05) yaw=-155.6 d=5.71 goal_err=-56 carrot_err= -21 c0=2.48 clear=1.00 prog=0.20 rel=0.98 bal=+0.39 obs=168 hard=165 obsc=168 yr=  0  nz=0.02 flt=0.00 dmap=+0/-0 shz=4.0 plan=30 cmd=(lx=+0.00,ly=+0.40,rx=+0.00)
  t=  9.5 DWA-F pos=(+0.10,+0.03) yaw=-155.6 d=5.69 goal_err=-56 carrot_err= -22 c0=2.43 clear=1.00 prog=0.20 rel=0.96 bal=+0.39 obs=167 hard=165 obsc=169 yr=  0  nz=0.04 flt=0.00 dmap=+0/-1 shz=4.0 plan=30 cmd=(lx=+0.00,ly=+0.40,rx=+0.00)
  t=  9.9 DWA-F pos=(+0.06,+0.01) yaw=-155.6 d=5.66 goal_err=-57 carrot_err= -23 c0=2.39 clear=1.00 prog=0.19 rel=0.93 bal=+0.39 obs=167 hard=166 obsc=170 yr=  0  nz=0.07 flt=0.00 dmap=+0/-0 shz=4.0 plan=30 cmd=(lx=+0.00,ly=+0.40,rx=+0.00)
  t= 10.3 DWA-F pos=(+0.01,-0.01) yaw=-155.6 d=5.63 goal_err=-57 carrot_err= -25 c0=2.33 clear=1.00 prog=0.20 rel=0.91 bal=+0.40 obs=170 hard=169 obsc=171 yr=  0  nz=0.09 flt=0.02 dmap=+0/-0 shz=4.0 plan=30 cmd=(lx=+0.00,ly=+0.40,rx=+0.00)
  t= 10.7 DWA-F pos=(-0.04,-0.03) yaw=-155.6 d=5.61 goal_err=-58 carrot_err= -26 c0=2.29 clear=1.00 prog=0.20 rel=0.91 bal=+0.42 obs=172 hard=170 obsc=172 yr=  0  nz=0.09 flt=0.01 dmap=+1/-0 shz=4.0 plan=29 cmd=(lx=+0.00,ly=+0.40,rx=+0.00)
  t= 11.2 DWA-F pos=(-0.08,-0.05) yaw=-155.6 d=5.58 goal_err=-58 carrot_err= -28 c0=2.24 clear=1.00 prog=0.20 rel=0.90 bal=+0.43 obs=172 hard=171 obsc=173 yr=  0  nz=0.10 flt=0.02 dmap=+0/-0 shz=4.0 plan=29 cmd=(lx=+0.00,ly=+0.40,rx=+0.00)
  t= 11.6 DWA-F pos=(-0.12,-0.06) yaw=-155.6 d=5.56 goal_err=-58 carrot_err= -29 c0=2.20 clear=1.00 prog=0.20 rel=0.92 bal=+0.45 obs=173 hard=172 obsc=174 yr=  0  nz=0.08 flt=0.01 dmap=+0/-0 shz=4.0 plan=29 cmd=(lx=+0.00,ly=+0.40,rx=+0.00)
  t= 12.0 DWA-F pos=(-0.16,-0.08) yaw=-155.6 d=5.54 goal_err=-59 carrot_err= -30 c0=2.16 clear=1.00 prog=0.18 rel=0.92 bal=+0.46 obs=175 hard=173 obsc=176 yr=  0  nz=0.08 flt=0.00 dmap=+1/-0 shz=4.0 plan=29 cmd=(lx=+0.00,ly=+0.40,rx=+0.00)
  t= 12.5 DWA-F pos=(-0.20,-0.10) yaw=-155.6 d=5.52 goal_err=-59 carrot_err= -32 c0=2.11 clear=1.00 prog=0.18 rel=0.92 bal=+0.48 obs=176 hard=174 obsc=176 yr=  0  nz=0.09 flt=0.02 dmap=+1/-0 shz=4.0 plan=28 cmd=(lx=+0.00,ly=+0.40,rx=+0.00)
  t= 12.9 DWA-F pos=(-0.25,-0.12) yaw=-155.6 d=5.49 goal_err=-60 carrot_err= -34 c0=2.06 clear=1.00 prog=0.19 rel=0.91 bal=+0.49 obs=176 hard=174 obsc=177 yr=  0  nz=0.09 flt=0.00 dmap=+0/-0 shz=4.0 plan=28 cmd=(lx=+0.00,ly=+0.40,rx=+0.00)
  t= 13.3 DWA-F pos=(-0.29,-0.14) yaw=-155.6 d=5.46 goal_err=-60 carrot_err= -36 c0=2.01 clear=1.00 prog=0.18 rel=0.91 bal=+0.49 obs=178 hard=177 obsc=178 yr=  0  nz=0.09 flt=0.01 dmap=+0/-0 shz=4.0 plan=28 cmd=(lx=+0.00,ly=+0.40,rx=+0.00)
  t= 13.8 DWA-F pos=(-0.33,-0.16) yaw=-155.6 d=5.44 goal_err=-60 carrot_err= -35 c0=1.97 clear=1.00 prog=0.18 rel=0.91 bal=+0.50 obs=180 hard=179 obsc=180 yr=  0  nz=0.09 flt=0.01 dmap=+2/-0 shz=4.0 plan=27 cmd=(lx=+0.00,ly=+0.40,rx=+0.00)
  t= 14.2 DWA-F pos=(-0.37,-0.18) yaw=-155.6 d=5.42 goal_err=-61 carrot_err= -37 c0=1.92 clear=1.00 prog=0.18 rel=0.92 bal=+0.50 obs=180 hard=180 obsc=180 yr=  0  nz=0.08 flt=0.01 dmap=+0/-0 shz=4.0 plan=27 cmd=(lx=+0.00,ly=+0.40,rx=+0.00)
  t= 14.6 DWA-F pos=(-0.41,-0.20) yaw=-155.6 d=5.40 goal_err=-61 carrot_err= -38 c0=1.88 clear=1.00 prog=0.18 rel=0.91 bal=+0.50 obs=180 hard=180 obsc=181 yr=  0G nz=0.09 flt=0.01 dmap=+0/-0 shz=4.0 plan=27 cmd=(lx=+0.00,ly=+0.40,rx=+0.45)
  t= 15.1 DWA-F pos=(-0.46,-0.22) yaw=-160.4 d=5.37 goal_err=-57 carrot_err= -36 c0=1.83 clear=1.00 prog=0.18 rel=0.90 bal=+0.53 obs=189 hard=185 obsc=203 yr=  0  nz=0.10 flt=0.02 dmap=+0/-0 shz=4.0 plan=27 cmd=(lx=+0.00,ly=+0.40,rx=+0.00)
  t= 15.5 DWA-F pos=(-0.50,-0.23) yaw=-162.0 d=5.35 goal_err=-56 carrot_err= -36 c0=1.78 clear=1.00 prog=0.18 rel=0.91 bal=+0.53 obs=189 hard=185 obsc=199 yr= 15G nz=0.09 flt=0.04 dmap=+0/-0 shz=4.0 plan=27 cmd=(lx=+0.00,ly=+0.40,rx=+0.00)
  t= 15.9 DWA-F pos=(-0.54,-0.25) yaw=-163.6 d=5.32 goal_err=-55 carrot_err= -37 c0=1.74 clear=1.00 prog=0.19 rel=0.90 bal=+0.54 obs=191 hard=186 obsc=202 yr=  0G nz=0.10 flt=0.01 dmap=+0/-0 shz=4.0 plan=27 cmd=(lx=+0.00,ly=+0.40,rx=+0.45)
  t= 16.4 DWA-F pos=(-0.59,-0.26) yaw=-166.8 d=5.29 goal_err=-52 carrot_err= -36 c0=1.70 clear=1.00 prog=0.20 rel=0.92 bal=+0.48 obs=191 hard=191 obsc=203 yr=  0  nz=0.08 flt=0.00 dmap=+0/-0 shz=4.0 plan=27 cmd=(lx=+0.00,ly=+0.40,rx=+0.00)
  t= 16.8 DWA-F pos=(-0.64,-0.27) yaw=-171.7 d=5.26 goal_err=-47 carrot_err= -40 c0=1.81 clear=1.00 prog=0.21 rel=0.93 bal=+0.49 obs=192 hard=190 obsc=202 yr= 29G nz=0.07 flt=0.13 dmap=+0/-0 shz=3.9 plan=26 cmd=(lx=+0.00,ly=+0.40,rx=+0.45)
  t= 17.2 DWA-F pos=(-0.69,-0.27) yaw=-176.5 d=5.23 goal_err=-43 carrot_err= -37 c0=1.86 clear=1.00 prog=0.22 rel=0.89 bal=+0.54 obs=190 hard=189 obsc=203 yr=  0  nz=0.11 flt=0.08 dmap=+1/-3 shz=4.0 plan=26 cmd=(lx=+0.00,ly=+0.40,rx=+0.00)
  t= 17.7 DWA-F pos=(-0.73,-0.28) yaw=-176.5 d=5.20 goal_err=-43 carrot_err= -39 c0=1.82 clear=1.00 prog=0.24 rel=0.88 bal=+0.51 obs=191 hard=189 obsc=202 yr=  0G nz=0.12 flt=0.00 dmap=+0/-0 shz=4.0 plan=26 cmd=(lx=+0.00,ly=+0.40,rx=+0.45)
  t= 18.1 DWA-F pos=(-0.77,-0.28) yaw=-179.7 d=5.16 goal_err=-40 carrot_err= -38 c0=1.78 clear=1.00 prog=0.25 rel=0.94 bal=+0.52 obs=192 hard=190 obsc=202 yr=  0  nz=0.06 flt=0.01 dmap=+0/-0 shz=4.0 plan=26 cmd=(lx=+0.00,ly=+0.40,rx=+0.00)
  t= 18.5 DWA-F pos=(-0.82,-0.28) yaw=+178.7 d=5.13 goal_err=-39 carrot_err= -30 c0=1.92 clear=1.00 prog=0.26 rel=0.92 bal=+0.53 obs=192 hard=190 obsc=203 yr=  0  nz=0.08 flt=0.01 dmap=+0/-0 shz=4.0 plan=25 cmd=(lx=+0.00,ly=+0.40,rx=+0.00)
  t= 19.0 DWA-F pos=(-0.87,-0.28) yaw=+178.7 d=5.09 goal_err=-39 carrot_err= -32 c0=1.87 clear=1.00 prog=0.27 rel=0.90 bal=+0.51 obs=192 hard=191 obsc=204 yr=  0  nz=0.10 flt=0.01 dmap=+1/-1 shz=4.0 plan=25 cmd=(lx=+0.00,ly=+0.40,rx=+0.00)
  t= 19.4 DWA-F pos=(-0.92,-0.28) yaw=+178.7 d=5.05 goal_err=-40 carrot_err= -34 c0=1.83 clear=1.00 prog=0.27 rel=0.90 bal=+0.49 obs=193 hard=191 obsc=203 yr=  0  nz=0.10 flt=0.01 dmap=+0/-0 shz=4.0 plan=25 cmd=(lx=+0.00,ly=+0.40,rx=+0.00)
  t= 19.9 DWA-F pos=(-0.96,-0.27) yaw=+178.7 d=5.02 goal_err=-40 carrot_err= -38 c0=1.84 clear=1.00 prog=0.28 rel=0.91 bal=+0.32 obs=191 hard=192 obsc=203 yr=  0  nz=0.09 flt=0.00 dmap=+0/-0 shz=4.0 plan=24 cmd=(lx=+0.00,ly=+0.40,rx=+0.00)
  t= 20.3 DWA-F pos=(-1.01,-0.27) yaw=+178.7 d=4.98 goal_err=-40 carrot_err= -39 c0=1.79 clear=1.00 prog=0.28 rel=0.95 bal=+0.31 obs=191 hard=189 obsc=201 yr=  0G nz=0.05 flt=0.01 dmap=+0/-0 shz=4.0 plan=24 cmd=(lx=+0.00,ly=+0.40,rx=+0.45)
  t= 20.7 DWA-F pos=(-1.06,-0.27) yaw=+173.9 d=4.94 goal_err=-36 carrot_err= -36 c0=1.74 clear=1.00 prog=0.28 rel=0.93 bal=+0.29 obs=194 hard=190 obsc=204 yr=  0  nz=0.07 flt=0.10 dmap=+0/-0 shz=4.0 plan=24 cmd=(lx=+0.00,ly=+0.40,rx=+0.00)
  t= 21.2 DWA-F pos=(-1.11,-0.26) yaw=+173.9 d=4.90 goal_err=-36 carrot_err= -38 c0=1.69 clear=1.00 prog=0.28 rel=0.90 bal=+0.28 obs=195 hard=194 obsc=205 yr=  0G nz=0.10 flt=0.00 dmap=+0/-0 shz=4.0 plan=24 cmd=(lx=+0.00,ly=+0.40,rx=+0.45)
  t= 21.6 DWA-F pos=(-1.15,-0.26) yaw=+170.7 d=4.87 goal_err=-33 carrot_err= -28 c0=1.65 clear=1.00 prog=0.28 rel=0.91 bal=+0.27 obs=195 hard=194 obsc=205 yr=  0  nz=0.09 flt=0.00 dmap=+0/-0 shz=4.0 plan=23 cmd=(lx=+0.00,ly=+0.40,rx=+0.00)
  t= 22.0 DWA-F pos=(-1.20,-0.25) yaw=+170.7 d=4.83 goal_err=-34 carrot_err= -30 c0=1.61 clear=1.00 prog=0.29 rel=0.92 bal=+0.26 obs=194 hard=192 obsc=204 yr=  0  nz=0.09 flt=0.01 dmap=+0/-0 shz=4.0 plan=23 cmd=(lx=+0.00,ly=+0.40,rx=+0.00)
  t= 22.5 DWA-F pos=(-1.24,-0.24) yaw=+170.7 d=4.79 goal_err=-34 carrot_err= -31 c0=1.56 clear=1.00 prog=0.28 rel=0.93 bal=+0.25 obs=194 hard=191 obsc=204 yr=  0  nz=0.07 flt=0.00 dmap=+0/-0 shz=4.0 plan=23 cmd=(lx=+0.00,ly=+0.40,rx=+0.00)
  t= 22.9 DWA-F pos=(-1.29,-0.23) yaw=+170.7 d=4.75 goal_err=-34 carrot_err= -33 c0=1.51 clear=1.00 prog=0.30 rel=0.93 bal=+0.24 obs=193 hard=191 obsc=203 yr=  0  nz=0.07 flt=0.02 dmap=+0/-0 shz=4.0 plan=23 cmd=(lx=+0.00,ly=+0.40,rx=+0.00)
  t= 23.3 DWA-F pos=(-1.34,-0.23) yaw=+170.7 d=4.71 goal_err=-35 carrot_err= -34 c0=1.46 clear=0.97 prog=0.30 rel=0.92 bal=+0.23 obs=192 hard=190 obsc=202 yr=  0  nz=0.08 flt=0.01 dmap=+0/-0 shz=4.0 plan=23 cmd=(lx=+0.00,ly=+0.40,rx=+0.00)
  t= 23.7 DWA-F pos=(-1.38,-0.22) yaw=+170.7 d=4.67 goal_err=-35 carrot_err= -36 c0=1.42 clear=0.95 prog=0.30 rel=0.92 bal=+0.23 obs=194 hard=191 obsc=204 yr=  0  nz=0.08 flt=0.02 dmap=+0/-0 shz=4.0 plan=23 cmd=(lx=+0.00,ly=+0.40,rx=+0.00)
  t= 24.2 DWA-F pos=(-1.43,-0.21) yaw=+170.7 d=4.64 goal_err=-35 carrot_err= -29 c0=1.37 clear=0.92 prog=0.30 rel=0.93 bal=+0.22 obs=196 hard=193 obsc=205 yr=  0  nz=0.07 flt=0.01 dmap=+0/-0 shz=4.0 plan=23 cmd=(lx=+0.00,ly=+0.40,rx=+0.00)
  t= 24.6 DWA-F pos=(-1.47,-0.21) yaw=+170.7 d=4.60 goal_err=-36 carrot_err= -20 c0=1.33 clear=0.89 prog=0.30 rel=0.92 bal=+0.08 obs=194 hard=191 obsc=204 yr=  0  nz=0.08 flt=0.02 dmap=+0/-1 shz=4.0 plan=22 cmd=(lx=+0.00,ly=+0.40,rx=+0.00)
  t= 25.0 DWA-F pos=(-1.51,-0.20) yaw=+170.7 d=4.57 goal_err=-36 carrot_err= -21 c0=1.29 clear=0.86 prog=0.28 rel=0.92 bal=+0.07 obs=194 hard=193 obsc=204 yr=  0  nz=0.08 flt=0.00 dmap=+0/-1 shz=4.0 plan=22 cmd=(lx=+0.00,ly=+0.40,rx=+0.00)
  t= 25.5 DWA-F pos=(-1.57,-0.19) yaw=+170.7 d=4.52 goal_err=-36 carrot_err= -22 c0=1.23 clear=0.82 prog=0.30 rel=0.92 bal=+0.07 obs=195 hard=193 obsc=205 yr=  0  nz=0.08 flt=0.02 dmap=+0/-0 shz=4.0 plan=22 cmd=(lx=+0.00,ly=+0.40,rx=+0.00)
  t= 25.9 DWA-F pos=(-1.61,-0.18) yaw=+170.7 d=4.48 goal_err=-37 carrot_err= -27 c0=1.19 clear=0.79 prog=0.29 rel=0.92 bal=+0.07 obs=196 hard=194 obsc=207 yr=  0  nz=0.09 flt=0.00 dmap=+0/-0 shz=4.0 plan=21 cmd=(lx=+0.00,ly=+0.40,rx=+0.00)
  t= 26.3 DWA-F pos=(-1.66,-0.18) yaw=+170.7 d=4.45 goal_err=-37 carrot_err= -28 c0=1.14 clear=0.76 prog=0.29 rel=0.91 bal=+0.07 obs=197 hard=193 obsc=206 yr=  0  nz=0.09 flt=0.01 dmap=+1/-0 shz=4.0 plan=21 cmd=(lx=+0.00,ly=+0.40,rx=+0.00)
  t= 26.8 DWA-F pos=(-1.70,-0.17) yaw=+170.7 d=4.41 goal_err=-37 carrot_err= -30 c0=1.10 clear=0.73 prog=0.29 rel=0.92 bal=+0.07 obs=197 hard=194 obsc=206 yr=  0  nz=0.08 flt=0.02 dmap=+0/-0 shz=4.0 plan=21 cmd=(lx=+0.00,ly=+0.40,rx=+0.00)
  t= 27.2 DWA-F pos=(-1.74,-0.16) yaw=+170.7 d=4.38 goal_err=-38 carrot_err= -31 c0=1.06 clear=0.70 prog=0.29 rel=0.92 bal=+0.07 obs=197 hard=193 obsc=206 yr=  0  nz=0.08 flt=0.02 dmap=+0/-0 shz=4.0 plan=21 cmd=(lx=+0.00,ly=+0.40,rx=+0.00)
  t= 27.6 DWA-F pos=(-1.79,-0.15) yaw=+170.7 d=4.34 goal_err=-38 carrot_err= -25 c0=1.01 clear=0.68 prog=0.27 rel=0.93 bal=+0.06 obs=198 hard=196 obsc=207 yr=  0  nz=0.07 flt=0.01 dmap=+2/-0 shz=4.0 plan=20 cmd=(lx=+0.00,ly=+0.40,rx=+0.00)
  t= 28.1 DWA-F pos=(-1.83,-0.15) yaw=+170.7 d=4.31 goal_err=-38 carrot_err= -26 c0=0.97 clear=0.65 prog=0.27 rel=0.92 bal=+0.05 obs=198 hard=196 obsc=207 yr=  0  nz=0.08 flt=0.02 dmap=+2/-0 shz=4.0 plan=20 cmd=(lx=+0.00,ly=+0.40,rx=+0.00)
  t= 28.5 DWA-F pos=(-1.89,-0.14) yaw=+170.7 d=4.27 goal_err=-39 carrot_err= -28 c0=0.92 clear=0.61 prog=0.29 rel=0.92 bal=+0.04 obs=198 hard=197 obsc=206 yr=  0  nz=0.08 flt=0.02 dmap=+0/-0 shz=4.0 plan=20 cmd=(lx=+0.00,ly=+0.40,rx=+0.00)
  t= 28.9 DWA-F pos=(-1.93,-0.13) yaw=+170.7 d=4.23 goal_err=-39 carrot_err= -22 c0=0.87 clear=0.58 prog=0.28 rel=0.92 bal=+0.04 obs=199 hard=197 obsc=207 yr=  0  nz=0.08 flt=0.01 dmap=+0/-0 shz=4.0 plan=19 cmd=(lx=+0.00,ly=+0.40,rx=+0.00)
  t= 29.4 DWA-F pos=(-1.97,-0.12) yaw=+170.7 d=4.20 goal_err=-40 carrot_err= -23 c0=0.83 clear=0.55 prog=0.28 rel=0.92 bal=+0.03 obs=201 hard=198 obsc=209 yr=  0  nz=0.08 flt=0.01 dmap=+1/-0 shz=4.0 plan=19 cmd=(lx=+0.00,ly=+0.40,rx=+0.00)
  t= 29.8 DWA-F pos=(-2.02,-0.12) yaw=+170.7 d=4.16 goal_err=-40 carrot_err= -24 c0=0.79 clear=0.53 prog=0.28 rel=0.93 bal=+0.03 obs=201 hard=201 obsc=210 yr=  0  nz=0.07 flt=0.02 dmap=+0/-0 shz=4.0 plan=19 cmd=(lx=+0.00,ly=+0.40,rx=+0.00)
  t= 30.2 DWA-F pos=(-2.06,-0.11) yaw=+170.7 d=4.13 goal_err=-40 carrot_err= -25 c0=0.74 clear=0.50 prog=0.26 rel=0.93 bal=+0.03 obs=200 hard=199 obsc=209 yr=  0  nz=0.07 flt=0.01 dmap=+0/-0 shz=4.0 plan=19 cmd=(lx=+0.00,ly=+0.40,rx=+0.45)
  t= 30.7 DWA-F pos=(-2.12,-0.10) yaw=+165.9 d=4.09 goal_err=-36 carrot_err= -24 c0=0.69 clear=0.46 prog=0.28 rel=0.93 bal=-0.10 obs=201 hard=200 obsc=211 yr=  0  nz=0.07 flt=0.02 dmap=+2/-1 shz=4.0 plan=19 cmd=(lx=+0.00,ly=+0.40,rx=+0.00)
  t= 31.1 DWA-F pos=(-2.16,-0.09) yaw=+165.9 d=4.05 goal_err=-36 carrot_err= -25 c0=0.65 clear=0.43 prog=0.28 rel=0.92 bal=-0.26 obs=202 hard=201 obsc=211 yr=  0  nz=0.08 flt=0.02 dmap=+0/-1 shz=4.0 plan=19 cmd=(lx=+0.00,ly=+0.40,rx=+0.00)
  t= 31.5 DWA-F pos=(-2.20,-0.08) yaw=+165.9 d=4.01 goal_err=-37 carrot_err= -26 c0=0.81 clear=0.54 prog=0.28 rel=0.90 bal=-0.41 obs=203 hard=199 obsc=211 yr=  0  nz=0.10 flt=0.00 dmap=+0/-0 shz=4.0 plan=19 cmd=(lx=+0.00,ly=+0.40,rx=+0.00)
  t= 32.0 DWA-F pos=(-2.24,-0.07) yaw=+165.9 d=3.98 goal_err=-37 carrot_err= -27 c0=0.77 clear=0.51 prog=0.29 rel=0.89 bal=-0.55 obs=204 hard=203 obsc=212 yr=  0  nz=0.11 flt=0.03 dmap=+0/-0 shz=4.0 plan=18 cmd=(lx=+0.00,ly=+0.40,rx=+0.00)
  t= 32.4 DWA-F pos=(-2.29,-0.06) yaw=+165.9 d=3.94 goal_err=-38 carrot_err= -28 c0=0.91 clear=0.61 prog=0.29 rel=0.89 bal=-0.55 obs=207 hard=205 obsc=215 yr=  0  nz=0.11 flt=0.01 dmap=+2/-0 shz=4.0 plan=18 cmd=(lx=+0.00,ly=+0.40,rx=+0.00)
  t= 32.8 DWA-F pos=(-2.33,-0.04) yaw=+165.9 d=3.91 goal_err=-38 carrot_err= -30 c0=0.87 clear=0.58 prog=0.28 rel=0.86 bal=-0.55 obs=207 hard=204 obsc=215 yr=  0  nz=0.14 flt=0.01 dmap=+0/-0 shz=4.0 plan=18 cmd=(lx=+0.00,ly=+0.40,rx=+0.00)
  t= 33.3 DWA-F pos=(-2.38,-0.03) yaw=+162.7 d=3.86 goal_err=-35 carrot_err= -28 c0=0.82 clear=0.54 prog=0.29 rel=0.90 bal=-0.55 obs=207 hard=206 obsc=217 yr= 15G nz=0.10 flt=0.15 dmap=+0/-0 shz=4.0 plan=18 cmd=(lx=+0.00,ly=+0.40,rx=+0.00)
  t= 33.7 DWA-F pos=(-2.43,-0.02) yaw=+161.1 d=3.83 goal_err=-34 carrot_err= -28 c0=0.77 clear=0.52 prog=0.29 rel=0.90 bal=-0.54 obs=214 hard=206 obsc=225 yr=  0  nz=0.10 flt=0.06 dmap=+0/-0 shz=4.0 plan=17 cmd=(lx=+0.00,ly=+0.40,rx=+0.00)
  t= 34.1 DWA-F pos=(-2.47,-0.00) yaw=+157.9 d=3.79 goal_err=-31 carrot_err= -26 c0=0.73 clear=0.49 prog=0.29 rel=0.91 bal=-0.53 obs=216 hard=208 obsc=226 yr= 15  nz=0.09 flt=0.01 dmap=+2/-0 shz=4.0 plan=17 cmd=(lx=+0.00,ly=+0.40,rx=+0.00)
  t= 34.6 DWA-F pos=(-2.51,+0.02) yaw=+157.9 d=3.75 goal_err=-32 carrot_err= -28 c0=0.69 clear=0.46 prog=0.29 rel=0.91 bal=-0.50 obs=215 hard=208 obsc=226 yr=  0  nz=0.09 flt=0.02 dmap=+0/-0 shz=4.0 plan=17 cmd=(lx=+0.00,ly=+0.40,rx=+0.00)
  t= 35.0 DWA-F pos=(-2.55,+0.03) yaw=+156.3 d=3.71 goal_err=-30 carrot_err= -26 c0=1.06 clear=0.71 prog=0.29 rel=0.92 bal=-0.50 obs=215 hard=208 obsc=225 yr= 15G nz=0.08 flt=0.01 dmap=+0/-0 shz=4.0 plan=17 cmd=(lx=+0.00,ly=+0.40,rx=+0.00)
  t= 35.4 ENG-F pos=(-2.60,+0.06) yaw=+153.0 d=3.67 goal_err=-28 carrot_err= -24 c0=1.01 clear=0.68 prog=0.30 rel=0.80 bal=-0.40 obs=228 hard=223 obsc=242 yr=  0  nz=0.20 flt=0.03 dmap=+3/-2 shz=4.0 plan=17 cmd=(lx=+0.00,ly=+0.28,rx=+0.00)
  t= 35.8 ENG-F pos=(-2.63,+0.07) yaw=+153.0 d=3.64 goal_err=-28 carrot_err= -25 c0=0.98 clear=0.65 prog=0.30 rel=0.73 bal=-0.39 obs=232 hard=223 obsc=242 yr=  0  nz=0.27 flt=0.01 dmap=+0/-0 shz=4.0 plan=17 cmd=(lx=+0.00,ly=+0.28,rx=+0.00)
  t= 36.3 ENG-F pos=(-2.66,+0.09) yaw=+153.0 d=3.60 goal_err=-28 carrot_err= -26 c0=0.94 clear=0.63 prog=0.29 rel=0.77 bal=-0.41 obs=232 hard=221 obsc=244 yr=  0  nz=0.23 flt=0.02 dmap=+0/-0 shz=4.0 plan=17 cmd=(lx=+0.00,ly=+0.28,rx=+0.00)
  t= 36.7 ENG-F pos=(-2.69,+0.10) yaw=+153.0 d=3.57 goal_err=-28 carrot_err= -27 c0=0.91 clear=0.61 prog=0.28 rel=0.81 bal=-0.37 obs=226 hard=219 obsc=239 yr=  0  nz=0.19 flt=0.01 dmap=+1/-2 shz=4.0 plan=17 cmd=(lx=+0.00,ly=+0.28,rx=+0.00)
  t= 37.1 ENG-F pos=(-2.73,+0.12) yaw=+153.0 d=3.54 goal_err=-29 carrot_err= -18 c0=0.88 clear=0.58 prog=0.25 rel=0.93 bal=-0.36 obs=226 hard=219 obsc=237 yr=  0  nz=0.07 flt=0.02 dmap=+0/-0 shz=4.0 plan=17 cmd=(lx=+0.00,ly=+0.28,rx=+0.00)
  t= 37.5 ENG-F pos=(-2.76,+0.14) yaw=+153.0 d=3.51 goal_err=-29 carrot_err= -19 c0=0.84 clear=0.56 prog=0.25 rel=0.93 bal=-0.36 obs=227 hard=220 obsc=239 yr=  0  nz=0.07 flt=0.00 dmap=+0/-0 shz=4.0 plan=17 cmd=(lx=+0.00,ly=+0.28,rx=+0.00)
  t= 38.0 ENG-F pos=(-2.79,+0.15) yaw=+153.0 d=3.48 goal_err=-29 carrot_err= -20 c0=0.81 clear=0.54 prog=0.25 rel=0.92 bal=-0.29 obs=226 hard=219 obsc=238 yr=  0  nz=0.08 flt=0.04 dmap=+0/-1 shz=4.0 plan=17 cmd=(lx=+0.00,ly=+0.28,rx=+0.00)
  t= 38.4 ENG-F pos=(-2.82,+0.17) yaw=+153.0 d=3.45 goal_err=-29 carrot_err= -21 c0=0.78 clear=0.52 prog=0.25 rel=0.92 bal=-0.30 obs=229 hard=220 obsc=240 yr=  0  nz=0.08 flt=0.01 dmap=+1/-0 shz=4.0 plan=16 cmd=(lx=+0.00,ly=+0.28,rx=+0.00)
  t= 38.8 ENG-F pos=(-2.85,+0.19) yaw=+153.0 d=3.42 goal_err=-30 carrot_err= -21 c0=0.78 clear=0.52 prog=0.25 rel=0.94 bal=-0.30 obs=228 hard=220 obsc=240 yr=  0  nz=0.06 flt=0.00 dmap=+0/-0 shz=4.0 plan=16 cmd=(lx=+0.00,ly=+0.28,rx=+0.00)
  t= 39.2 ENG-F pos=(-2.89,+0.20) yaw=+153.0 d=3.38 goal_err=-30 carrot_err= -22 c0=0.74 clear=0.49 prog=0.25 rel=0.95 bal=-0.30 obs=230 hard=223 obsc=242 yr=  0  nz=0.05 flt=0.02 dmap=+0/-0 shz=4.0 plan=16 cmd=(lx=+0.00,ly=+0.28,rx=+0.00)
  t= 39.7 ENG-F pos=(-2.93,+0.22) yaw=+153.0 d=3.35 goal_err=-30 carrot_err= -24 c0=0.70 clear=0.46 prog=0.26 rel=0.95 bal=-0.31 obs=229 hard=222 obsc=240 yr=  0  nz=0.05 flt=0.00 dmap=+0/-0 shz=4.0 plan=16 cmd=(lx=+0.00,ly=+0.28,rx=+0.00)
  t= 40.1 ENG-F pos=(-2.96,+0.24) yaw=+153.0 d=3.31 goal_err=-31 carrot_err= -25 c0=0.66 clear=0.44 prog=0.26 rel=0.93 bal=-0.31 obs=229 hard=223 obsc=240 yr=  0  nz=0.07 flt=0.04 dmap=+0/-0 shz=4.0 plan=16 cmd=(lx=+0.00,ly=+0.28,rx=+0.00)
  t= 40.5 ENG-T pos=(-2.99,+0.25) yaw=+153.0 d=3.28 goal_err=-31 carrot_err= -26 c0=0.63 clear=0.42 prog=0.26 rel=0.92 bal=-0.31 obs=230 hard=222 obsc=241 yr=  0  nz=0.08 flt=0.00 dmap=+0/-0 shz=4.0 plan=16 cmd=(lx=+0.00,ly=+0.00,rx=+0.45)
  t= 40.9 ENG-F pos=(-3.01,+0.26) yaw=+149.8 d=3.27 goal_err=-28 carrot_err= -24 c0=0.61 clear=0.41 prog=0.23 rel=0.94 bal=-0.31 obs=235 hard=225 obsc=249 yr=  0  nz=0.06 flt=0.07 dmap=+6/-1 shz=4.0 plan=16 cmd=(lx=+0.00,ly=+0.28,rx=+0.00)
  t= 41.4 ENG-F pos=(-3.04,+0.28) yaw=+149.8 d=3.24 goal_err=-28 carrot_err= -25 c0=0.57 clear=0.38 prog=0.22 rel=0.92 bal=-0.31 obs=237 hard=225 obsc=249 yr=  0  nz=0.08 flt=0.07 dmap=+0/-0 shz=4.0 plan=16 cmd=(lx=+0.00,ly=+0.28,rx=+0.00)
  t= 41.8 ENG-F pos=(-3.06,+0.30) yaw=+148.2 d=3.21 goal_err=-27 carrot_err= -24 c0=0.55 clear=0.37 prog=0.20 rel=0.93 bal=-0.31 obs=237 hard=225 obsc=249 yr= 15G nz=0.07 flt=0.01 dmap=+0/-0 shz=4.0 plan=16 cmd=(lx=+0.00,ly=+0.28,rx=+0.00)
  t= 42.2 ENG-F pos=(-3.08,+0.31) yaw=+145.0 d=3.20 goal_err=-24 carrot_err= -22 c0=0.53 clear=0.35 prog=0.18 rel=0.93 bal=-0.30 obs=241 hard=230 obsc=254 yr=  0  nz=0.06 flt=0.00 dmap=+0/-1 shz=4.0 plan=16 cmd=(lx=+0.00,ly=+0.28,rx=+0.00)
  t= 42.7 ENG-F pos=(-3.11,+0.33) yaw=+145.0 d=3.16 goal_err=-24 carrot_err= -19 c0=0.56 clear=0.37 prog=0.21 rel=0.94 bal=-0.29 obs=241 hard=235 obsc=255 yr=  0  nz=0.06 flt=0.01 dmap=+1/-0 shz=4.0 plan=16 cmd=(lx=+0.00,ly=+0.28,rx=+0.00)
  t= 43.1 ENG-F pos=(-3.13,+0.34) yaw=+141.8 d=3.14 goal_err=-21 carrot_err= -16 c0=0.54 clear=0.36 prog=0.19 rel=0.96 bal=-0.25 obs=240 hard=234 obsc=253 yr= 15  nz=0.04 flt=0.13 dmap=+0/-0 shz=4.0 plan=15 cmd=(lx=+0.00,ly=+0.28,rx=+0.00)
  t= 43.5 ENG-F pos=(-3.15,+0.36) yaw=+141.8 d=3.11 goal_err=-21 carrot_err= -17 c0=0.51 clear=0.34 prog=0.19 rel=0.96 bal=-0.24 obs=242 hard=232 obsc=256 yr=  0  nz=0.04 flt=0.07 dmap=+2/-2 shz=4.0 plan=15 cmd=(lx=+0.00,ly=+0.28,rx=+0.00)
  t= 43.9 ENG-F pos=(-3.16,+0.37) yaw=+138.6 d=3.10 goal_err=-18 carrot_err= -14 c0=0.49 clear=0.33 prog=0.20 rel=0.95 bal=-0.26 obs=242 hard=232 obsc=256 yr= 15  nz=0.05 flt=0.00 dmap=+0/-0 shz=4.0 plan=15 cmd=(lx=+0.00,ly=+0.28,rx=+0.00)
  t= 44.4 ENG-T pos=(-3.19,+0.39) yaw=+138.6 d=3.07 goal_err=-18 carrot_err= -14 c0=0.46 clear=0.31 prog=0.20 rel=0.95 bal=-0.26 obs=246 hard=233 obsc=259 yr=  0  nz=0.05 flt=0.01 dmap=+0/-0 shz=4.0 plan=15 cmd=(lx=+0.00,ly=+0.00,rx=+0.45)
  t= 44.8 ENG-F pos=(-3.20,+0.40) yaw=+135.4 d=3.05 goal_err=-15 carrot_err= -12 c0=0.45 clear=0.30 prog=0.15 rel=0.94 bal=-0.26 obs=246 hard=233 obsc=259 yr=  0  nz=0.06 flt=0.00 dmap=+1/-1 shz=4.0 plan=15 cmd=(lx=+0.00,ly=+0.28,rx=+0.00)
  t= 45.2 ENG-T pos=(-3.21,+0.42) yaw=+135.4 d=3.03 goal_err=-15 carrot_err= -12 c0=0.43 clear=0.28 prog=0.17 rel=0.95 bal=-0.26 obs=247 hard=236 obsc=259 yr=  0  nz=0.05 flt=0.01 dmap=+0/-0 shz=4.0 plan=15 cmd=(lx=+0.00,ly=+0.00,rx=+0.45)
  t= 45.6 ENG-F pos=(-3.22,+0.43) yaw=+132.2 d=3.02 goal_err=-12 carrot_err=  -9 c0=0.42 clear=0.28 prog=0.14 rel=0.94 bal=-0.26 obs=249 hard=236 obsc=261 yr=  0  nz=0.05 flt=0.26 dmap=+0/-0 shz=4.0 plan=15 cmd=(lx=+0.00,ly=+0.28,rx=+0.00)
  t= 46.0 ENG-GO pos=(-3.24,+0.44) yaw=+132.2 d=2.99 goal_err=-12 carrot_err=  -9 c0=0.39 clear=0.26 prog=0.15 rel=0.95 bal=-0.26 obs=248 hard=237 obsc=260 yr=  0  nz=0.05 flt=0.01 dmap=+0/-0 shz=4.0 plan=15 cmd=(lx=+0.00,ly=+0.28,rx=+0.00)
  t= 46.5 ENG-GO pos=(-3.25,+0.46) yaw=+132.2 d=2.98 goal_err=-12 carrot_err=  -9 c0=0.82 clear=0.55 prog=0.15 rel=0.95 bal=-0.26 obs=247 hard=238 obsc=260 yr=  0  nz=0.05 flt=0.00 dmap=+1/-1 shz=4.0 plan=15 cmd=(lx=+0.00,ly=+0.28,rx=+0.00)
  t= 46.9 ENG-GO pos=(-3.27,+0.48) yaw=+132.2 d=2.94 goal_err=-13 carrot_err= -10 c0=0.79 clear=0.53 prog=0.17 rel=0.70 bal=-0.26 obs=245 hard=238 obsc=259 yr=  0  nz=0.30 flt=0.02 dmap=+0/-0 shz=4.0 plan=15 cmd=(lx=+0.00,ly=+0.28,rx=+0.00)
  t= 47.3 ENG-GO pos=(-3.29,+0.50) yaw=+132.2 d=2.92 goal_err=-13 carrot_err=  -6 c0=1.21 clear=0.81 prog=0.19 rel=0.69 bal=-0.25 obs=246 hard=235 obsc=259 yr=  0  nz=0.31 flt=0.00 dmap=+0/-0 shz=4.0 plan=15 cmd=(lx=+0.00,ly=+0.28,rx=+0.00)
  t= 47.7 ENG-GO pos=(-3.31,+0.52) yaw=+132.2 d=2.89 goal_err=-13 carrot_err=  -4 c0=1.19 clear=0.79 prog=0.20 rel=0.60 bal=-0.25 obs=247 hard=235 obsc=259 yr=  0  nz=0.40 flt=0.00 dmap=+1/-0 shz=4.0 plan=13 cmd=(lx=+0.00,ly=+0.28,rx=+0.00)
  t= 48.2 ENG-GO pos=(-3.33,+0.54) yaw=+132.2 d=2.86 goal_err=-13 carrot_err=  -4 c0=1.16 clear=0.78 prog=0.22 rel=0.69 bal=-0.26 obs=247 hard=235 obsc=259 yr=  0  nz=0.31 flt=0.00 dmap=+0/-0 shz=4.0 plan=13 cmd=(lx=+0.00,ly=+0.28,rx=+0.00)
  t= 48.6 ENG-GO pos=(-3.35,+0.56) yaw=+132.2 d=2.84 goal_err=-13 carrot_err=  -4 c0=1.23 clear=0.82 prog=0.22 rel=0.71 bal=-0.26 obs=246 hard=235 obsc=258 yr=  0  nz=0.29 flt=0.00 dmap=+0/-0 shz=4.0 plan=13 cmd=(lx=+0.00,ly=+0.28,rx=+0.00)
  t= 49.0 ENG-GO pos=(-3.37,+0.58) yaw=+132.2 d=2.81 goal_err=-13 carrot_err=  -4 c0=1.20 clear=0.80 prog=0.21 rel=0.94 bal=-0.26 obs=247 hard=237 obsc=259 yr=  0  nz=0.06 flt=0.03 dmap=+0/-0 shz=4.0 plan=13 cmd=(lx=+0.00,ly=+0.28,rx=+0.00)
  t= 49.4 ENG-GO pos=(-3.39,+0.61) yaw=+132.2 d=2.78 goal_err=-13 carrot_err=  -4 c0=1.18 clear=0.78 prog=0.21 rel=0.94 bal=-0.25 obs=247 hard=236 obsc=259 yr=  0  nz=0.06 flt=0.00 dmap=+0/-0 shz=3.9 plan=13 cmd=(lx=+0.00,ly=+0.28,rx=+0.00)
  t= 49.9 ENG-GO pos=(-3.41,+0.63) yaw=+132.2 d=2.75 goal_err=-13 carrot_err=  -5 c0=1.15 clear=0.76 prog=0.22 rel=0.94 bal=-0.25 obs=248 hard=237 obsc=260 yr=  0  nz=0.06 flt=0.01 dmap=+0/-0 shz=4.0 plan=13 cmd=(lx=+0.00,ly=+0.28,rx=+0.00)
  t= 50.3 ENG-GO pos=(-3.43,+0.65) yaw=+132.2 d=2.72 goal_err=-14 carrot_err=  -5 c0=1.11 clear=0.74 prog=0.23 rel=0.94 bal=-0.25 obs=246 hard=235 obsc=259 yr=  0  nz=0.06 flt=0.01 dmap=+0/-1 shz=4.0 plan=13 cmd=(lx=+0.00,ly=+0.28,rx=+0.00)
  t= 50.7 ENG-GO pos=(-3.45,+0.68) yaw=+132.2 d=2.68 goal_err=-14 carrot_err=  -5 c0=1.08 clear=0.72 prog=0.24 rel=0.93 bal=-0.24 obs=246 hard=236 obsc=258 yr=  0  nz=0.07 flt=0.00 dmap=+0/-0 shz=4.0 plan=13 cmd=(lx=+0.00,ly=+0.28,rx=+0.00)
  t= 51.1 ENG-GO pos=(-3.48,+0.71) yaw=+132.2 d=2.64 goal_err=-14 carrot_err=  -5 c0=1.04 clear=0.69 prog=0.27 rel=0.93 bal=-0.11 obs=245 hard=236 obsc=257 yr=  0  nz=0.07 flt=0.00 dmap=+0/-0 shz=4.0 plan=13 cmd=(lx=+0.00,ly=+0.28,rx=+0.00)
  t= 51.6 ENG-GO pos=(-3.51,+0.74) yaw=+132.2 d=2.61 goal_err=-14 carrot_err=  -5 c0=1.00 clear=0.67 prog=0.28 rel=0.93 bal=-0.10 obs=247 hard=237 obsc=258 yr=  0  nz=0.07 flt=0.02 dmap=+0/-0 shz=4.0 plan=13 cmd=(lx=+0.00,ly=+0.28,rx=+0.00)
  t= 52.0 ENG-GO pos=(-3.53,+0.77) yaw=+132.2 d=2.57 goal_err=-14 carrot_err=  -6 c0=0.97 clear=0.65 prog=0.29 rel=0.93 bal=-0.09 obs=247 hard=237 obsc=258 yr=  0  nz=0.07 flt=0.00 dmap=+0/-0 shz=4.0 plan=13 cmd=(lx=+0.00,ly=+0.28,rx=+0.00)
  t= 52.4 ENG-GO pos=(-3.56,+0.79) yaw=+132.2 d=2.54 goal_err=-15 carrot_err=  -6 c0=0.94 clear=0.62 prog=0.29 rel=0.91 bal=+0.01 obs=245 hard=235 obsc=256 yr=  0  nz=0.09 flt=0.00 dmap=+0/-0 shz=4.0 plan=13 cmd=(lx=+0.00,ly=+0.28,rx=+0.00)
  t= 52.8 ENG-GO pos=(-3.58,+0.82) yaw=+132.2 d=2.50 goal_err=-15 carrot_err=  -4 c0=0.90 clear=0.60 prog=0.29 rel=0.91 bal=-0.00 obs=247 hard=237 obsc=258 yr=  0  nz=0.09 flt=0.00 dmap=+1/-0 shz=4.0 plan=12 cmd=(lx=+0.00,ly=+0.28,rx=+0.00)
  t= 53.3 ENG-GO pos=(-3.60,+0.85) yaw=+132.2 d=2.47 goal_err=-15 carrot_err=  -4 c0=0.87 clear=0.58 prog=0.28 rel=0.91 bal=-0.01 obs=246 hard=236 obsc=258 yr=  0  nz=0.09 flt=0.01 dmap=+0/-0 shz=4.0 plan=12 cmd=(lx=+0.00,ly=+0.28,rx=+0.00)
  t= 53.7 ENG-GO pos=(-3.63,+0.87) yaw=+132.2 d=2.43 goal_err=-15 carrot_err=  -4 c0=0.84 clear=0.56 prog=0.27 rel=0.91 bal=-0.01 obs=246 hard=236 obsc=258 yr=  0  nz=0.09 flt=0.00 dmap=+0/-0 shz=4.0 plan=12 cmd=(lx=+0.00,ly=+0.28,rx=+0.00)
  t= 54.1 ENG-GO pos=(-3.65,+0.90) yaw=+132.2 d=2.40 goal_err=-15 carrot_err=  -4 c0=0.90 clear=0.60 prog=0.27 rel=0.93 bal=-0.02 obs=246 hard=237 obsc=259 yr=  0  nz=0.07 flt=0.00 dmap=+0/-2 shz=4.0 plan=12 cmd=(lx=+0.00,ly=+0.28,rx=+0.00)
  t= 54.5 ENG-GO pos=(-3.68,+0.93) yaw=+132.2 d=2.35 goal_err=-16 carrot_err=  -4 c0=0.86 clear=0.57 prog=0.29 rel=0.95 bal=-0.25 obs=245 hard=234 obsc=256 yr=  0  nz=0.05 flt=0.00 dmap=+0/-0 shz=4.0 plan=12 cmd=(lx=+0.00,ly=+0.28,rx=+0.00)
  t= 55.0 ENG-GO pos=(-3.71,+0.96) yaw=+132.2 d=2.32 goal_err=-16 carrot_err=  -5 c0=0.82 clear=0.55 prog=0.29 rel=0.94 bal=-0.25 obs=244 hard=235 obsc=257 yr=  0  nz=0.06 flt=0.00 dmap=+0/-0 shz=4.0 plan=12 cmd=(lx=+0.00,ly=+0.28,rx=+0.00)
  t= 55.4 ENG-GO pos=(-3.73,+0.99) yaw=+132.2 d=2.28 goal_err=-16 carrot_err=  -5 c0=0.79 clear=0.53 prog=0.29 rel=0.92 bal=-0.25 obs=243 hard=234 obsc=255 yr=  0  nz=0.08 flt=0.00 dmap=+0/-0 shz=4.0 plan=12 cmd=(lx=+0.00,ly=+0.28,rx=+0.00)
  t= 55.8 ENG-GO pos=(-3.75,+1.01) yaw=+132.2 d=2.25 goal_err=-17 carrot_err=  -3 c0=0.75 clear=0.50 prog=0.29 rel=0.92 bal=-0.13 obs=243 hard=235 obsc=254 yr=  0  nz=0.08 flt=0.00 dmap=+0/-0 shz=4.0 plan=11 cmd=(lx=+0.00,ly=+0.28,rx=+0.00)
  t= 56.2 ENG-GO pos=(-3.78,+1.04) yaw=+132.2 d=2.22 goal_err=-17 carrot_err=  -3 c0=0.72 clear=0.48 prog=0.28 rel=0.93 bal=-0.13 obs=244 hard=236 obsc=255 yr=  0  nz=0.07 flt=0.00 dmap=+0/-0 shz=4.0 plan=11 cmd=(lx=+0.00,ly=+0.28,rx=+0.00)
  t= 56.7 ENG-GO pos=(-3.80,+1.07) yaw=+132.2 d=2.18 goal_err=-17 carrot_err=  -3 c0=0.68 clear=0.46 prog=0.28 rel=0.92 bal=-0.13 obs=243 hard=236 obsc=255 yr=  0  nz=0.08 flt=0.04 dmap=+0/-0 shz=4.0 plan=11 cmd=(lx=+0.00,ly=+0.28,rx=+0.00)
  t= 57.1 ENG-GO pos=(-3.83,+1.09) yaw=+132.2 d=2.15 goal_err=-17 carrot_err=  -3 c0=0.65 clear=0.43 prog=0.27 rel=0.94 bal=-0.06 obs=244 hard=233 obsc=255 yr=  0  nz=0.06 flt=0.01 dmap=+1/-0 shz=4.0 plan=11 cmd=(lx=+0.00,ly=+0.28,rx=+0.00)
  t= 57.5 ENG-GO pos=(-3.85,+1.12) yaw=+132.2 d=2.11 goal_err=-18 carrot_err=  -3 c0=0.62 clear=0.41 prog=0.27 rel=0.93 bal=-0.09 obs=244 hard=233 obsc=255 yr=  0  nz=0.07 flt=0.00 dmap=+0/-0 shz=4.0 plan=10 cmd=(lx=+0.00,ly=+0.28,rx=+0.00)
  t= 58.0 ENG-GO pos=(-3.88,+1.15) yaw=+132.2 d=2.08 goal_err=-18 carrot_err=  -3 c0=0.58 clear=0.39 prog=0.27 rel=0.92 bal=-0.09 obs=242 hard=233 obsc=255 yr=  0  nz=0.08 flt=0.00 dmap=+0/-0 shz=4.0 plan=10 cmd=(lx=+0.00,ly=+0.28,rx=+0.00)
  t= 58.4 ENG-GO pos=(-3.91,+1.18) yaw=+132.2 d=2.03 goal_err=-18 carrot_err=  -4 c0=0.54 clear=0.36 prog=0.28 rel=0.93 bal=-0.09 obs=241 hard=234 obsc=253 yr=  0  nz=0.07 flt=0.01 dmap=+0/-1 shz=4.0 plan=10 cmd=(lx=+0.00,ly=+0.28,rx=+0.00)
  t= 58.8 ENG-GO pos=(-3.93,+1.21) yaw=+132.2 d=2.00 goal_err=-19 carrot_err=  -4 c0=0.78 clear=0.52 prog=0.28 rel=0.92 bal=-0.09 obs=241 hard=233 obsc=253 yr=  0  nz=0.08 flt=0.00 dmap=+0/-0 shz=4.0 plan=10 cmd=(lx=+0.00,ly=+0.28,rx=+0.00)
  t= 59.2 ENG-GO pos=(-3.95,+1.23) yaw=+132.2 d=1.97 goal_err=-19 carrot_err= -12 c0=0.74 clear=0.50 prog=0.28 rel=0.85 bal=-0.09 obs=243 hard=234 obsc=254 yr=  0  nz=0.15 flt=0.01 dmap=+0/-0 shz=4.0 plan=10 cmd=(lx=+0.00,ly=+0.28,rx=+0.00)
  t= 59.7 ENG-GO pos=(-3.98,+1.26) yaw=+132.2 d=1.94 goal_err=-19 carrot_err= -13 c0=0.71 clear=0.47 prog=0.28 rel=0.84 bal=-0.10 obs=242 hard=234 obsc=254 yr=  0  nz=0.16 flt=0.01 dmap=+1/-0 shz=4.0 plan=10 cmd=(lx=+0.00,ly=+0.28,rx=+0.00)
  t= 60.1 ENG-GO pos=(-4.00,+1.28) yaw=+132.2 d=1.90 goal_err=-20 carrot_err= -13 c0=0.68 clear=0.45 prog=0.27 rel=0.85 bal=-0.10 obs=243 hard=236 obsc=255 yr=  0  nz=0.15 flt=0.00 dmap=+0/-1 shz=4.0 plan=10 cmd=(lx=+0.00,ly=+0.28,rx=+0.00)
  t= 60.5 ENG-GO pos=(-4.02,+1.31) yaw=+132.2 d=1.87 goal_err=-20 carrot_err= -19 c0=0.65 clear=0.43 prog=0.25 rel=0.94 bal=-0.10 obs=244 hard=237 obsc=256 yr=  0  nz=0.06 flt=0.00 dmap=+0/-0 shz=3.9 plan=9 cmd=(lx=+0.00,ly=+0.28,rx=+0.00)
  t= 61.0 ENG-GO pos=(-4.04,+1.33) yaw=+132.2 d=1.84 goal_err=-20 carrot_err= -20 c0=0.62 clear=0.41 prog=0.24 rel=0.94 bal=-0.11 obs=242 hard=236 obsc=255 yr=  0  nz=0.06 flt=0.00 dmap=+0/-0 shz=4.0 plan=9 cmd=(lx=+0.00,ly=+0.28,rx=+0.00)
  t= 61.4 ENG-GO pos=(-4.06,+1.35) yaw=+132.2 d=1.81 goal_err=-21 carrot_err= -21 c0=0.59 clear=0.39 prog=0.24 rel=0.93 bal=-0.12 obs=242 hard=234 obsc=254 yr=  0  nz=0.07 flt=0.00 dmap=+0/-0 shz=4.0 plan=9 cmd=(lx=+0.00,ly=+0.28,rx=+0.00)
  t= 61.8 ENG-GO pos=(-4.09,+1.38) yaw=+132.2 d=1.78 goal_err=-21 carrot_err= -21 c0=0.55 clear=0.37 prog=0.25 rel=0.93 bal=-0.13 obs=242 hard=235 obsc=256 yr=  0  nz=0.07 flt=0.00 dmap=+0/-0 shz=3.9 plan=9 cmd=(lx=+0.00,ly=+0.28,rx=+0.00)
  t= 62.2 ENG-GO pos=(-4.11,+1.40) yaw=+132.2 d=1.75 goal_err=-21 carrot_err= -22 c0=1.35 clear=0.90 prog=0.24 rel=0.47 bal=-0.14 obs=243 hard=236 obsc=255 yr=  0  nz=0.53 flt=0.00 dmap=+0/-0 shz=4.0 plan=9 cmd=(lx=+0.00,ly=+0.28,rx=+0.00)
  t= 62.6 ENG-GO pos=(-4.13,+1.43) yaw=+132.2 d=1.72 goal_err=-22 carrot_err= -23 c0=1.32 clear=0.88 prog=0.24 rel=0.41 bal=-0.15 obs=242 hard=236 obsc=254 yr=  0  nz=0.59 flt=0.01 dmap=+0/-1 shz=4.0 plan=9 cmd=(lx=+0.00,ly=+0.28,rx=+0.00)
  t= 63.1 ENG-GO pos=(-4.15,+1.45) yaw=+132.2 d=1.69 goal_err=-22 carrot_err= -24 c0=1.29 clear=0.86 prog=0.23 rel=0.47 bal=-0.21 obs=241 hard=237 obsc=255 yr=  0  nz=0.53 flt=0.02 dmap=+0/-0 shz=4.0 plan=9 cmd=(lx=+0.00,ly=+0.28,rx=+0.00)
  t= 63.5 ENG-GO pos=(-4.17,+1.47) yaw=+132.2 d=1.67 goal_err=-23 carrot_err= -25 c0=1.26 clear=0.84 prog=0.22 rel=0.94 bal=-0.21 obs=244 hard=237 obsc=257 yr=  0  nz=0.07 flt=0.01 dmap=+0/-0 shz=4.0 plan=9 cmd=(lx=+0.00,ly=+0.28,rx=+0.00)
  t= 63.9 ENG-GO pos=(-4.19,+1.50) yaw=+132.2 d=1.64 goal_err=-23 carrot_err= -26 c0=1.23 clear=0.82 prog=0.22 rel=0.94 bal=-0.21 obs=246 hard=238 obsc=258 yr=  0  nz=0.06 flt=0.01 dmap=+1/-0 shz=4.0 plan=9 cmd=(lx=+0.00,ly=+0.28,rx=+0.00)
  t= 64.4 ENG-GO pos=(-4.22,+1.52) yaw=+132.2 d=1.60 goal_err=-24 carrot_err= -19 c0=1.19 clear=0.80 prog=0.23 rel=0.93 bal=-0.20 obs=246 hard=237 obsc=258 yr=  0  nz=0.07 flt=0.01 dmap=+0/-0 shz=4.0 plan=9 cmd=(lx=+0.00,ly=+0.28,rx=+0.00)
  t= 64.8 ENG-GO pos=(-4.25,+1.56) yaw=+132.2 d=1.56 goal_err=-24 carrot_err= -20 c0=1.15 clear=0.77 prog=0.25 rel=0.93 bal=-0.08 obs=246 hard=239 obsc=259 yr=  0  nz=0.07 flt=0.00 dmap=+0/-0 shz=4.0 plan=9 cmd=(lx=+0.00,ly=+0.28,rx=+0.00)
  t= 65.2 ENG-GO pos=(-4.27,+1.58) yaw=+132.2 d=1.54 goal_err=-25 carrot_err= -20 c0=1.12 clear=0.75 prog=0.25 rel=0.94 bal=-0.08 obs=247 hard=240 obsc=260 yr=  0  nz=0.06 flt=0.01 dmap=+3/-1 shz=4.0 plan=8 cmd=(lx=+0.00,ly=+0.28,rx=+0.00)
  t= 65.6 ENG-GO pos=(-4.30,+1.61) yaw=+132.2 d=1.50 goal_err=-25 carrot_err= -21 c0=1.08 clear=0.72 prog=0.27 rel=0.93 bal=-0.08 obs=249 hard=241 obsc=261 yr=  0  nz=0.07 flt=0.00 dmap=+0/-0 shz=4.0 plan=8 cmd=(lx=+0.00,ly=+0.28,rx=+0.00)
  t= 66.1 ENG-GO pos=(-4.32,+1.64) yaw=+132.2 d=1.46 goal_err=-26 carrot_err= -22 c0=1.05 clear=0.70 prog=0.27 rel=0.93 bal=-0.00 obs=250 hard=243 obsc=262 yr=  0  nz=0.07 flt=0.00 dmap=+0/-0 shz=4.0 plan=8 cmd=(lx=+0.00,ly=+0.28,rx=+0.00)
  t= 66.5 ENG-GO pos=(-4.34,+1.66) yaw=+132.2 d=1.43 goal_err=-27 carrot_err= -27 c0=1.01 clear=0.67 prog=0.27 rel=0.92 bal=-0.49 obs=250 hard=243 obsc=263 yr=  0  nz=0.08 flt=0.01 dmap=+0/-0 shz=3.9 plan=8 cmd=(lx=+0.00,ly=+0.28,rx=+0.00)
  t= 66.9 ENG-GO pos=(-4.37,+1.69) yaw=+132.2 d=1.40 goal_err=-27 carrot_err= -24 c0=0.98 clear=0.65 prog=0.27 rel=0.92 bal=-0.50 obs=252 hard=243 obsc=264 yr=  0  nz=0.08 flt=0.00 dmap=+0/-0 shz=4.0 plan=8 cmd=(lx=+0.00,ly=+0.28,rx=+0.00)
  t= 67.3 ENG-GO pos=(-4.39,+1.72) yaw=+132.2 d=1.37 goal_err=-28 carrot_err= -29 c0=0.94 clear=0.63 prog=0.25 rel=0.92 bal=-0.51 obs=253 hard=244 obsc=265 yr=  0  nz=0.08 flt=0.00 dmap=+0/-0 shz=3.9 plan=8 cmd=(lx=+0.00,ly=+0.28,rx=+0.00)
  t= 67.7 ENG-GO pos=(-4.42,+1.74) yaw=+132.2 d=1.34 goal_err=-29 carrot_err= -30 c0=0.91 clear=0.60 prog=0.25 rel=0.92 bal=-0.62 obs=252 hard=244 obsc=265 yr=  0  nz=0.08 flt=0.00 dmap=+0/-1 shz=3.9 plan=8 cmd=(lx=+0.00,ly=+0.28,rx=+0.00)
  t= 68.2 ENG-GO pos=(-4.44,+1.77) yaw=+132.2 d=1.30 goal_err=-29 carrot_err= -31 c0=0.87 clear=0.58 prog=0.25 rel=0.92 bal=-0.62 obs=252 hard=244 obsc=264 yr=  0  nz=0.08 flt=0.01 dmap=+0/-0 shz=4.0 plan=8 cmd=(lx=+0.00,ly=+0.28,rx=+0.00)
  [META2-DOOR] Door_Direct: CRUZADA (cols=0) -> Pl=1.00
  t= 68.6 DWA-F pos=(-4.47,+1.80) yaw=+129.0 d=1.27 goal_err=-27 carrot_err= -30 c0=0.84 clear=0.56 prog=0.25 rel=0.92 bal=-0.62 obs=252 hard=245 obsc=265 yr= 15  nz=0.08 flt=0.03 dmap=+0/-0 shz=3.9 plan=7 cmd=(lx=+0.00,ly=+0.40,rx=+0.00)
  t= 69.0 DWA-F pos=(-4.50,+1.83) yaw=+129.0 d=1.23 goal_err=-28 carrot_err= -31 c0=0.79 clear=0.53 prog=0.27 rel=0.92 bal=-0.51 obs=251 hard=244 obsc=264 yr=  0  nz=0.08 flt=0.00 dmap=+1/-2 shz=3.9 plan=7 cmd=(lx=+0.00,ly=+0.40,rx=+0.45)
  t= 69.5 DWA-F pos=(-4.53,+1.88) yaw=+124.2 d=1.18 goal_err=-24 carrot_err= -29 c0=0.85 clear=0.57 prog=0.29 rel=0.94 bal=-0.42 obs=262 hard=253 obsc=276 yr= 15  nz=0.06 flt=0.16 dmap=+11/-0 shz=4.0 plan=7 cmd=(lx=+0.00,ly=+0.40,rx=+0.00)
  t= 69.9 DWA-F pos=(-4.55,+1.91) yaw=+124.2 d=1.14 goal_err=-25 carrot_err= -19 c0=0.81 clear=0.54 prog=0.31 rel=0.95 bal=-0.43 obs=261 hard=253 obsc=276 yr=  0  nz=0.05 flt=0.06 dmap=+0/-0 shz=3.9 plan=6 cmd=(lx=+0.00,ly=+0.40,rx=+0.00)
  t= 70.3 DWA-F pos=(-4.58,+1.95) yaw=+124.2 d=1.10 goal_err=-26 carrot_err= -20 c0=0.77 clear=0.51 prog=0.32 rel=0.94 bal=-0.44 obs=261 hard=251 obsc=275 yr=  0  nz=0.06 flt=0.01 dmap=+0/-0 shz=4.0 plan=6 cmd=(lx=+0.00,ly=+0.40,rx=+0.00)
  t= 70.8 DWA-F pos=(-4.60,+1.99) yaw=+124.2 d=1.06 goal_err=-27 carrot_err= -21 c0=0.73 clear=0.48 prog=0.32 rel=0.92 bal=-0.56 obs=261 hard=252 obsc=276 yr=  0  nz=0.08 flt=0.00 dmap=+1/-1 shz=4.0 plan=6 cmd=(lx=+0.00,ly=+0.40,rx=+0.00)
  t= 71.2 DWA-F pos=(-4.63,+2.02) yaw=+124.2 d=1.02 goal_err=-28 carrot_err= -22 c0=0.69 clear=0.46 prog=0.30 rel=0.93 bal=-0.56 obs=261 hard=252 obsc=276 yr=  0  nz=0.07 flt=0.00 dmap=+0/-0 shz=4.0 plan=6 cmd=(lx=+0.00,ly=+0.40,rx=+0.00)
  t= 71.6 DWA-F pos=(-4.66,+2.07) yaw=+124.2 d=0.98 goal_err=-30 carrot_err= -23 c0=0.64 clear=0.42 prog=0.32 rel=0.92 bal=-0.57 obs=259 hard=251 obsc=275 yr=  0  nz=0.08 flt=0.00 dmap=+0/-0 shz=4.0 plan=6 cmd=(lx=+0.00,ly=+0.40,rx=+0.00)
  t= 72.1 DWA-F pos=(-4.68,+2.10) yaw=+124.2 d=0.94 goal_err=-31 carrot_err= -27 c0=0.88 clear=0.58 prog=0.31 rel=0.92 bal=-0.57 obs=258 hard=250 obsc=273 yr=  0  nz=0.08 flt=0.00 dmap=+0/-0 shz=4.0 plan=6 cmd=(lx=+0.00,ly=+0.40,rx=+0.00)
  t= 72.5 DWA-F pos=(-4.70,+2.13) yaw=+124.2 d=0.91 goal_err=-33 carrot_err= -28 c0=0.84 clear=0.56 prog=0.30 rel=0.83 bal=-0.44 obs=256 hard=248 obsc=271 yr=  0  nz=0.17 flt=0.00 dmap=+0/-1 shz=4.0 plan=6 cmd=(lx=+0.00,ly=+0.40,rx=+0.00)
  t= 72.9 DWA-F pos=(-4.73,+2.17) yaw=+124.2 d=0.87 goal_err=-34 carrot_err= -29 c0=0.80 clear=0.53 prog=0.29 rel=0.83 bal=-0.44 obs=257 hard=247 obsc=272 yr=  0  nz=0.17 flt=0.00 dmap=+0/-0 shz=4.0 plan=5 cmd=(lx=+0.00,ly=+0.40,rx=+0.00)
  t= 73.4 DWA-F pos=(-4.75,+2.20) yaw=+121.0 d=0.84 goal_err=-32 carrot_err= -27 c0=1.17 clear=0.78 prog=0.27 rel=0.78 bal=-0.44 obs=258 hard=248 obsc=273 yr= 15G nz=0.22 flt=0.05 dmap=+0/-0 shz=4.0 plan=5 cmd=(lx=+0.00,ly=+0.40,rx=+0.00)
  t= 73.8 DWA-F pos=(-4.77,+2.24) yaw=+119.4 d=0.81 goal_err=-32 carrot_err= -27 c0=1.13 clear=0.75 prog=0.26 rel=0.74 bal=-0.44 obs=259 hard=249 obsc=273 yr=  0  nz=0.26 flt=0.01 dmap=+0/-0 shz=4.0 plan=5 cmd=(lx=+0.00,ly=+0.40,rx=+0.00)
  t= 74.2 DWA-F pos=(-4.79,+2.28) yaw=+117.8 d=0.76 goal_err=-32 carrot_err= -27 c0=1.08 clear=0.72 prog=0.27 rel=0.74 bal=-0.44 obs=260 hard=251 obsc=274 yr= 15G nz=0.26 flt=0.00 dmap=+0/-0 shz=4.0 plan=5 cmd=(lx=+0.00,ly=+0.40,rx=+0.00)
  t= 74.7 DWA-F pos=(-4.81,+2.31) yaw=+116.1 d=0.73 goal_err=-32 carrot_err= -27 c0=1.05 clear=0.70 prog=0.27 rel=0.92 bal=-0.43 obs=261 hard=253 obsc=275 yr=  0  nz=0.08 flt=0.00 dmap=+0/-0 shz=3.9 plan=5 cmd=(lx=+0.00,ly=+0.40,rx=+0.00)
  t= 75.1 DWA-F pos=(-4.83,+2.35) yaw=+116.1 d=0.70 goal_err=-34 carrot_err= -29 c0=1.01 clear=0.67 prog=0.27 rel=0.92 bal=-0.42 obs=261 hard=254 obsc=275 yr=  0G nz=0.08 flt=0.01 dmap=+0/-0 shz=3.9 plan=5 cmd=(lx=+0.00,ly=+0.40,rx=+0.45)
  t= 75.5 DWA-F pos=(-4.85,+2.39) yaw=+112.9 d=0.66 goal_err=-33 carrot_err= -27 c0=0.98 clear=0.66 prog=0.27 rel=0.94 bal=-0.40 obs=267 hard=258 obsc=280 yr=  0  nz=0.06 flt=0.02 dmap=+2/-0 shz=4.0 plan=5 cmd=(lx=+0.00,ly=+0.40,rx=+0.00)
  t= 76.0 DWA-F pos=(-4.86,+2.43) yaw=+111.3 d=0.63 goal_err=-33 carrot_err= -27 c0=0.94 clear=0.63 prog=0.26 rel=0.94 bal=-0.41 obs=267 hard=258 obsc=280 yr= 15G nz=0.06 flt=0.01 dmap=+0/-0 shz=3.9 plan=4 cmd=(lx=+0.00,ly=+0.40,rx=+0.00)
  t= 76.4 DWA-F pos=(-4.88,+2.47) yaw=+109.7 d=0.59 goal_err=-34 carrot_err= -28 c0=0.90 clear=0.60 prog=0.27 rel=0.93 bal=-0.41 obs=265 hard=257 obsc=277 yr=  0G nz=0.07 flt=0.00 dmap=+0/-0 shz=4.0 plan=4 cmd=(lx=+0.00,ly=+0.40,rx=+0.45)
  t= 76.8 DWA-F pos=(-4.89,+2.52) yaw=+104.9 d=0.55 goal_err=-32 carrot_err= -26 c0=0.85 clear=0.57 prog=0.29 rel=0.92 bal=-0.41 obs=262 hard=255 obsc=275 yr=  0  nz=0.08 flt=0.01 dmap=+0/-3 shz=3.9 plan=4 cmd=(lx=+0.00,ly=+0.40,rx=+0.00)
  t= 77.2 DWA-F pos=(-4.90,+2.56) yaw=+101.7 d=0.51 goal_err=-32 carrot_err= -25 c0=0.97 clear=0.65 prog=0.29 rel=0.92 bal=-0.40 obs=262 hard=255 obsc=275 yr= 15G nz=0.08 flt=0.00 dmap=+0/-0 shz=4.0 plan=4 cmd=(lx=+0.00,ly=+0.40,rx=+0.00)
  t= 77.7 DWA-T pos=(-4.91,+2.60) yaw= +96.9 d=0.48 goal_err=-29 carrot_err= -22 c0=0.94 clear=0.63 prog=0.29 rel=0.91 bal=-0.18 obs=262 hard=255 obsc=275 yr= 15  nz=0.10 flt=0.00 dmap=+0/-0 shz=4.0 plan=3 cmd=(lx=+0.00,ly=+0.00,rx=+0.00)
  t= 78.1 DWA-T pos=(-4.91,+2.60) yaw= +96.9 d=0.48 goal_err=-29 carrot_err= -22 c0=0.94 clear=0.63 prog=0.23 rel=0.90 bal=-0.18 obs=263 hard=254 obsc=274 yr=  0  nz=0.10 flt=0.05 dmap=+0/-0 shz=4.0 plan=3 cmd=(lx=+0.00,ly=+0.00,rx=+0.00)
  t= 78.5 DWA-T pos=(-4.91,+2.60) yaw= +96.9 d=0.48 goal_err=-29 carrot_err= -22 c0=0.94 clear=0.63 prog=0.15 rel=0.90 bal=-0.18 obs=263 hard=254 obsc=274 yr=  0  nz=0.10 flt=0.05 dmap=+0/-0 shz=4.0 plan=3 cmd=(lx=+0.00,ly=+0.00,rx=+0.00)
  t= 79.0 BRK-BK pos=(-4.91,+2.60) yaw= +96.9 d=0.48 goal_err=-29 carrot_err= -22 c0=0.94 clear=0.63 prog=0.09 rel=0.90 bal=-0.18 obs=263 hard=254 obsc=274 yr=  0  nz=0.10 flt=0.05 dmap=+0/-0 shz=4.0 plan=0 cmd=(lx=+0.00,ly=-0.35,rx=+0.00)
  t= 79.4 BRK-TR pos=(-4.91,+2.56) yaw= +96.9 d=0.51 goal_err=-27 carrot_err= -20 c0=0.97 clear=0.65 prog=0.00 rel=0.90 bal=-0.18 obs=263 hard=255 obsc=274 yr=  0  nz=0.10 flt=0.01 dmap=+1/-1 shz=3.6 plan=0 cmd=(lx=+0.00,ly=+0.00,rx=+0.45)
  t= 79.8 BRK-TR pos=(-4.90,+2.55) yaw= +92.1 d=0.52 goal_err=-22 carrot_err= -15 c0=1.16 clear=0.78 prog=0.00 rel=0.99 bal=-0.19 obs=263 hard=256 obsc=274 yr= 15G nz=0.01 flt=0.01 dmap=+0/-0 shz=3.7 plan=0 cmd=(lx=+0.00,ly=+0.00,rx=+0.45)
  t= 80.3 BRK-TR pos=(-4.90,+2.55) yaw= +85.7 d=0.52 goal_err=-15 carrot_err=  -9 c0=1.17 clear=0.78 prog=0.00 rel=0.85 bal=-0.19 obs=263 hard=256 obsc=274 yr= 15G nz=0.15 flt=0.00 dmap=+0/-0 shz=3.6 plan=0 cmd=(lx=+0.00,ly=+0.00,rx=+0.45)
  t= 80.7 BRK-TR pos=(-4.90,+2.55) yaw= +79.3 d=0.52 goal_err=-9 carrot_err=  -2 c0=1.17 clear=0.78 prog=0.00 rel=0.86 bal=-0.28 obs=263 hard=256 obsc=274 yr= 15G nz=0.14 flt=0.00 dmap=+0/-0 shz=3.7 plan=0 cmd=(lx=+0.00,ly=+0.00,rx=+0.45)
  t= 81.1 BRK-TR pos=(-4.90,+2.55) yaw= +72.8 d=0.52 goal_err=-2 carrot_err=  +4 c0=1.11 clear=0.74 prog=0.00 rel=0.86 bal=-0.32 obs=264 hard=257 obsc=275 yr= 15G nz=0.14 flt=0.01 dmap=+1/-0 shz=3.7 plan=0 cmd=(lx=+0.00,ly=+0.00,rx=+0.45)
  t= 81.5 BRK-TR pos=(-4.90,+2.55) yaw= +66.9 d=0.52 goal_err=+4 carrot_err= +10 c0=1.11 clear=0.74 prog=0.00 rel=0.95 bal=-0.23 obs=264 hard=257 obsc=275 yr= 14G nz=0.05 flt=0.06 dmap=+0/-0 shz=3.6 plan=0 cmd=(lx=+0.00,ly=+0.00,rx=+0.45)
  t= 81.9 DWA-F pos=(-4.90,+2.55) yaw= +60.9 d=0.52 goal_err=+10 carrot_err= +16 c0=1.11 clear=0.74 prog=0.00 rel=0.94 bal=-0.23 obs=264 hard=257 obsc=275 yr= 13  nz=0.06 flt=0.01 dmap=+0/-0 shz=3.7 plan=3 cmd=(lx=+0.00,ly=+0.40,rx=+0.00)
  t= 82.4 DWA-F pos=(-4.89,+2.57) yaw= +60.9 d=0.49 goal_err=+10 carrot_err= +17 c0=1.08 clear=0.72 prog=0.05 rel=0.95 bal=-0.23 obs=259 hard=250 obsc=270 yr=  0  nz=0.05 flt=0.01 dmap=+1/-1 shz=3.7 plan=3 cmd=(lx=+0.00,ly=+0.40,rx=+0.00)
  t= 82.8 DWA-T pos=(-4.88,+2.59) yaw= +60.9 d=0.48 goal_err=+10 carrot_err= +18 c0=1.06 clear=0.71 prog=0.07 rel=0.97 bal=-0.23 obs=256 hard=248 obsc=269 yr=  0  nz=0.03 flt=0.01 dmap=+0/-0 shz=3.7 plan=3 cmd=(lx=+0.00,ly=+0.00,rx=+0.00)
  t= 83.2 DWA-T pos=(-4.88,+2.59) yaw= +60.9 d=0.48 goal_err=+10 carrot_err= +18 c0=1.06 clear=0.71 prog=0.07 rel=0.97 bal=-0.23 obs=256 hard=248 obsc=269 yr=  0  nz=0.03 flt=0.01 dmap=+0/-0 shz=3.7 plan=3 cmd=(lx=+0.00,ly=+0.00,rx=+0.00)
  t= 83.7 DWA-T pos=(-4.88,+2.59) yaw= +60.9 d=0.48 goal_err=+10 carrot_err= +18 c0=1.06 clear=0.71 prog=0.07 rel=0.97 bal=-0.23 obs=256 hard=248 obsc=269 yr=  0  nz=0.03 flt=0.01 dmap=+0/-0 shz=3.7 plan=3 cmd=(lx=+0.00,ly=+0.00,rx=+0.00)
  t= 84.1 BRK-BK pos=(-4.89,+2.57) yaw= +60.9 d=0.49 goal_err=+10 carrot_err= +17 c0=1.08 clear=0.72 prog=0.03 rel=0.97 bal=-0.23 obs=254 hard=246 obsc=265 yr=  0  nz=0.03 flt=0.00 dmap=+0/-2 shz=3.4 plan=0 cmd=(lx=+0.00,ly=-0.35,rx=+0.00)
  t= 84.5 BRK-TR pos=(-4.91,+2.54) yaw= +59.4 d=0.53 goal_err=+11 carrot_err= +17 c0=1.11 clear=0.74 prog=0.00 rel=0.95 bal=-0.23 obs=254 hard=246 obsc=265 yr= 14G nz=0.05 flt=0.01 dmap=+0/-0 shz=3.4 plan=0 cmd=(lx=+0.00,ly=+0.00,rx=+0.45)
  t= 85.0 BRK-TR pos=(-4.91,+2.54) yaw= +53.5 d=0.53 goal_err=+17 carrot_err= +23 c0=1.11 clear=0.74 prog=0.00 rel=0.95 bal=-0.16 obs=254 hard=246 obsc=265 yr= 14G nz=0.05 flt=0.05 dmap=+0/-0 shz=3.4 plan=0 cmd=(lx=+0.00,ly=+0.00,rx=+0.45)
  t= 85.4 BRK-TR pos=(-4.91,+2.54) yaw= +47.5 d=0.53 goal_err=+23 carrot_err= +29 c0=1.11 clear=0.74 prog=0.00 rel=0.96 bal=-0.16 obs=254 hard=246 obsc=265 yr= 14G nz=0.04 flt=0.00 dmap=+0/-0 shz=3.4 plan=0 cmd=(lx=+0.00,ly=+0.00,rx=+0.45)
  t= 85.8 BRK-TR pos=(-4.91,+2.54) yaw= +41.6 d=0.53 goal_err=+29 carrot_err= +35 c0=1.11 clear=0.74 prog=0.00 rel=0.98 bal=-0.05 obs=254 hard=246 obsc=265 yr= 14G nz=0.02 flt=0.09 dmap=+0/-0 shz=3.4 plan=0 cmd=(lx=+0.00,ly=+0.00,rx=+0.45)
  t= 86.2 BRK-TR pos=(-4.91,+2.54) yaw= +34.1 d=0.53 goal_err=+36 carrot_err= +43 c0=1.11 clear=0.74 prog=0.00 rel=0.98 bal=+0.03 obs=254 hard=247 obsc=265 yr= 28G nz=0.02 flt=0.00 dmap=+0/-0 shz=3.4 plan=0 cmd=(lx=+0.00,ly=+0.00,rx=+0.45)
  t= 86.6 BRK-TR pos=(-4.91,+2.54) yaw= +28.1 d=0.53 goal_err=+42 carrot_err= +49 c0=1.11 clear=0.74 prog=0.00 rel=0.99 bal=+0.03 obs=254 hard=247 obsc=265 yr= 14G nz=0.01 flt=0.01 dmap=+0/-0 shz=3.4 plan=0 cmd=(lx=+0.00,ly=+0.00,rx=+0.45)
  t= 87.1 DWA-F pos=(-4.90,+2.55) yaw= +28.1 d=0.52 goal_err=+43 carrot_err= +50 c0=1.10 clear=0.73 prog=0.02 rel=0.99 bal=+0.03 obs=254 hard=247 obsc=265 yr= 14G nz=0.01 flt=0.16 dmap=+0/-0 shz=3.4 plan=3 cmd=(lx=+0.00,ly=+0.28,rx=-0.45)
  t= 87.5 DWA-F pos=(-4.87,+2.56) yaw= +34.1 d=0.50 goal_err=+39 carrot_err= +47 c0=1.07 clear=0.72 prog=0.05 rel=0.97 bal=+0.03 obs=254 hard=247 obsc=265 yr= 14G nz=0.03 flt=0.04 dmap=+0/-0 shz=3.4 plan=3 cmd=(lx=+0.00,ly=+0.28,rx=-0.45)
  t= 87.9 DWA-F pos=(-4.85,+2.58) yaw= +40.1 d=0.48 goal_err=+35 carrot_err= +43 c0=1.05 clear=0.70 prog=0.09 rel=0.92 bal=-0.03 obs=255 hard=248 obsc=266 yr= 14G nz=0.05 flt=0.01 dmap=+1/-0 shz=3.4 plan=3 cmd=(lx=+0.00,ly=+0.28,rx=-0.45)
  t= 88.4 DWA-F pos=(-4.83,+2.60) yaw= +46.0 d=0.45 goal_err=+31 carrot_err= +40 c0=1.02 clear=0.68 prog=0.13 rel=0.93 bal=-0.02 obs=256 hard=249 obsc=267 yr= 13G nz=0.07 flt=0.06 dmap=+1/-0 shz=3.4 plan=3 cmd=(lx=+0.00,ly=+0.28,rx=-0.45)
  t= 88.8 DWA-F pos=(-4.81,+2.62) yaw= +53.5 d=0.42 goal_err=+26 carrot_err= +36 c0=0.98 clear=0.66 prog=0.18 rel=0.90 bal=-0.13 obs=256 hard=249 obsc=267 yr= 14G nz=0.07 flt=0.23 dmap=+0/-0 shz=3.4 plan=3 cmd=(lx=+0.00,ly=+0.28,rx=-0.45)

  >>> MODO AGRESIVO ON (12s sin acercarse a B): reduzco inflado y holgura (min seguridad 0.24m) para cruzar la puerta.
  t= 89.2 AGR-DWA-T pos=(-4.79,+2.65) yaw= +59.4 d=0.40 goal_err=+22 carrot_err= +32 c0=0.96 clear=0.64 prog=0.19 rel=0.91 bal=-0.13 obs=253 hard=239 obsc=269 yr= 14  nz=0.07 flt=0.08 dmap=+4/-8 shz=3.4 plan=3 cmd=(lx=+0.00,ly=+0.00,rx=+0.00)
  t= 89.7 AGR-DWA-T pos=(-4.79,+2.65) yaw= +59.4 d=0.40 goal_err=+22 carrot_err= +32 c0=0.96 clear=0.64 prog=0.15 rel=0.93 bal=-0.13 obs=253 hard=241 obsc=267 yr=  0  nz=0.07 flt=0.02 dmap=+0/-0 shz=3.4 plan=3 cmd=(lx=+0.00,ly=+0.00,rx=+0.00)
  t= 90.1 AGR-DWA-T pos=(-4.79,+2.65) yaw= +59.4 d=0.40 goal_err=+22 carrot_err= +32 c0=0.96 clear=0.64 prog=0.12 rel=0.93 bal=-0.13 obs=253 hard=241 obsc=267 yr=  0  nz=0.07 flt=0.02 dmap=+0/-0 shz=3.4 plan=3 cmd=(lx=+0.00,ly=+0.00,rx=+0.00)
  t= 90.5 AGR-BRK-BK pos=(-4.79,+2.65) yaw= +59.4 d=0.40 goal_err=+22 carrot_err= +32 c0=0.96 clear=0.64 prog=0.07 rel=0.93 bal=-0.13 obs=253 hard=241 obsc=267 yr=  0  nz=0.07 flt=0.02 dmap=+0/-0 shz=3.4 plan=0 cmd=(lx=+0.00,ly=-0.35,rx=+0.00)
  t= 91.0 AGR-BRK-TR pos=(-4.81,+2.61) yaw= +59.4 d=0.43 goal_err=+20 carrot_err= +29 c0=0.99 clear=0.66 prog=0.00 rel=0.93 bal=-0.13 obs=253 hard=241 obsc=267 yr=  0G nz=0.07 flt=0.00 dmap=+0/-0 shz=3.2 plan=0 cmd=(lx=+0.00,ly=+0.00,rx=+0.45)
  t= 91.4 AGR-BRK-TR pos=(-4.81,+2.61) yaw= +53.5 d=0.43 goal_err=+26 carrot_err= +35 c0=0.99 clear=0.66 prog=0.00 rel=0.98 bal=-0.13 obs=253 hard=241 obsc=267 yr= 15G nz=0.01 flt=0.10 dmap=+0/-0 shz=3.2 plan=0 cmd=(lx=+0.00,ly=+0.00,rx=+0.45)
  t= 91.8 AGR-BRK-TR pos=(-4.81,+2.61) yaw= +47.5 d=0.43 goal_err=+32 carrot_err= +41 c0=0.99 clear=0.66 prog=0.00 rel=0.99 bal=-0.02 obs=253 hard=241 obsc=267 yr= 14G nz=0.01 flt=0.00 dmap=+0/-0 shz=3.2 plan=0 cmd=(lx=+0.00,ly=+0.00,rx=+0.45)
  t= 92.2 AGR-BRK-TR pos=(-4.81,+2.61) yaw= +41.6 d=0.43 goal_err=+38 carrot_err= +47 c0=0.99 clear=0.66 prog=0.00 rel=0.99 bal=+0.03 obs=254 hard=243 obsc=268 yr= 14G nz=0.01 flt=0.00 dmap=+1/-0 shz=3.2 plan=0 cmd=(lx=+0.00,ly=+0.00,rx=+0.45)
  t= 92.6 AGR-BRK-TR pos=(-4.81,+2.61) yaw= +35.6 d=0.43 goal_err=+44 carrot_err= +53 c0=0.99 clear=0.66 prog=0.00 rel=0.98 bal=+0.03 obs=254 hard=243 obsc=268 yr= 14G nz=0.02 flt=0.09 dmap=+0/-0 shz=3.2 plan=0 cmd=(lx=+0.00,ly=+0.00,rx=+0.45)
  t= 93.1 AGR-BRK-TR pos=(-4.81,+2.61) yaw= +29.6 d=0.43 goal_err=+50 carrot_err= +59 c0=0.99 clear=0.66 prog=0.00 rel=0.98 bal=+0.03 obs=254 hard=243 obsc=268 yr= 14G nz=0.02 flt=0.00 dmap=+0/-0 shz=3.2 plan=0 cmd=(lx=+0.00,ly=+0.00,rx=+0.45)
  t= 93.5 AGR-DWA-F pos=(-4.80,+2.62) yaw= +26.7 d=0.43 goal_err=+54 carrot_err= +63 c0=1.12 clear=0.75 prog=0.01 rel=0.91 bal=+0.03 obs=254 hard=243 obsc=268 yr= 14G nz=0.09 flt=0.03 dmap=+0/-0 shz=3.2 plan=3 cmd=(lx=+0.00,ly=+0.28,rx=-0.45)
  t= 93.9 AGR-DWA-F pos=(-4.78,+2.63) yaw= +32.6 d=0.41 goal_err=+51 carrot_err= +61 c0=0.96 clear=0.64 prog=0.04 rel=0.89 bal=+0.03 obs=254 hard=243 obsc=268 yr= 13G nz=0.11 flt=0.01 dmap=+0/-0 shz=3.2 plan=3 cmd=(lx=+0.00,ly=+0.28,rx=-0.45)
  t= 94.4 AGR-DWA-F pos=(-4.75,+2.65) yaw= +38.6 d=0.39 goal_err=+48 carrot_err= +59 c0=0.94 clear=0.62 prog=0.07 rel=0.87 bal=+0.04 obs=254 hard=243 obsc=268 yr= 14G nz=0.13 flt=0.09 dmap=+0/-0 shz=3.2 plan=3 cmd=(lx=+0.00,ly=+0.28,rx=-0.45)
  t= 94.8 AGR-DWA-F pos=(-4.73,+2.67) yaw= +46.0 d=0.37 goal_err=+44 carrot_err= +56 c0=0.90 clear=0.60 prog=0.11 rel=0.85 bal=+0.05 obs=255 hard=244 obsc=269 yr= 14G nz=0.15 flt=0.02 dmap=+0/-0 shz=3.2 plan=3 cmd=(lx=+0.00,ly=+0.28,rx=-0.45)

  LLEGADO a 'B' (-4.73,+3.04); error=0.35 m, colisiones=0.
  [spill] derrames=0 E[N]=0.00 eta_max=0.87 riesgo=1.1%
  [dataset] travesia guardada -> /Users/adrianlendinezibanez/Claude/Projects/G1 ROBOT/dataset/20260721_101452_ours_B.json
  [stats] fila anadida -> /Users/adrianlendinezibanez/Claude/Projects/G1 ROBOT/dataset/runs_stats.csv

Fin goto.
  [META2-L2] estado guardado (meta2_state_abfull.json): Pl={'Efficient_Nav': 1.0, 'Cautious_Nav': 1.0} derrames_run=0
  backend grafico: TkAgg
>>> SIM ADAPTER: conectando a rosbridge ws://localhost:8765 ...
  esperando /odom (hasta 30s; el mundo del lab tarda en cargar)... ok
  /odom OK pose=(+0.99,+0.57) | /scan: OK
  escenario LAB: mapa/waypoints/puerta REALES (lab.world solo-paredes, frame G1)

>>> GOTO 'B' -> (-4.73,+3.04). Mando en mano (L2+B). Ctrl+C aborta.
    ENTORNO: SIM (id: lab_v1_ab_full)  — esta run se registra como SIMULACION, no cuenta como run de robot
  Esperando pose localizada y primera nube... ok.
  FRAME-CHECK start=(+0.99,+0.57) wp_mas_cercano=A(+0.99,+0.57) offset=0.00m  -> frame OK (pose y waypoints alineados)
  [spill] payload de agua simulado (semilla=20260721_101640_ours_B.json)
  [META2-DOOR] variante de engagement: Door_Direct (Pl={Door_Direct:1.00, Door_Far:1.00, Door_BiasPlus:1.00})
  META2 ACTIVO (techo por analogia): Meta-Reasoner 2.0, analogia inicial Cautious_Nav

  !!!!!!!!!!!!!!!!!!!!!!!!!!!!!!!!!!!!!!!!!!!!!!!!!!!!!!!!!!!!!!!!!!!!!!!!!!
  !!  VISION OFF (G1_PERC sin definir) pero G1_NOVIS=1: navego SIN vision bajo tu responsabilidad.
  !!  La MESA invisible al LiDAR no se vera.
  !!!!!!!!!!!!!!!!!!!!!!!!!!!!!!!!!!!!!!!!!!!!!!!!!!!!!!!!!!!!!!!!!!!!!!!!!!

  mapa de referencia: 961 celdas | muebles estaticos (nav_map): 0 celdas | plan global: static
  t=  0.0 DWA-F pos=(+0.99,+0.57) yaw=-120.3 d=6.23 goal_err=-83 carrot_err= -62 c0=2.25 clear=1.00 prog=0.00 rel=1.00 bal=+0.19 obs=108 hard=108 obsc=108 yr=  0  nz=0.00 flt=0.19 dmap=+108/-0 shz=0.0 plan=34 cmd=(lx=+0.00,ly=+0.40,rx=+0.45)
  t=  0.4 DWA-F pos=(+0.96,+0.52) yaw=-126.7 d=6.22 goal_err=-77 carrot_err= -59 c0=2.19 clear=1.00 prog=0.07 rel=0.96 bal=+0.29 obs=111 hard=111 obsc=111 yr= 30G nz=0.04 flt=0.10 dmap=+0/-0 shz=3.1 plan=34 cmd=(lx=+0.00,ly=+0.40,rx=+0.45)
  t=  0.9 DWA-F pos=(+0.92,+0.47) yaw=-133.2 d=6.21 goal_err=-71 carrot_err= -57 c0=2.19 clear=1.00 prog=0.10 rel=0.95 bal=+0.41 obs=111 hard=111 obsc=111 yr= 15G nz=0.05 flt=0.01 dmap=+0/-0 shz=4.0 plan=34 cmd=(lx=+0.00,ly=+0.40,rx=+0.45)
  t=  1.3 DWA-F pos=(+0.88,+0.43) yaw=-139.6 d=6.18 goal_err=-65 carrot_err= -38 c0=2.50 clear=1.00 prog=0.12 rel=0.95 bal=+0.41 obs=111 hard=111 obsc=111 yr= 15G nz=0.05 flt=0.02 dmap=+0/-0 shz=3.9 plan=34 cmd=(lx=+0.00,ly=+0.40,rx=+0.45)
  t=  1.7 DWA-F pos=(+0.83,+0.39) yaw=-144.4 d=6.16 goal_err=-61 carrot_err= -36 c0=2.50 clear=1.00 prog=0.14 rel=0.78 bal=+0.42 obs=111 hard=111 obsc=111 yr=  0  nz=0.22 flt=0.02 dmap=+0/-0 shz=4.0 plan=33 cmd=(lx=+0.00,ly=+0.40,rx=+0.00)
  t=  2.2 DWA-F pos=(+0.78,+0.36) yaw=-147.6 d=6.13 goal_err=-58 carrot_err= -35 c0=2.50 clear=1.00 prog=0.17 rel=0.79 bal=+0.42 obs=119 hard=119 obsc=133 yr= 15G nz=0.21 flt=0.01 dmap=+0/-0 shz=3.9 plan=33 cmd=(lx=+0.00,ly=+0.40,rx=+0.00)
  t=  2.6 DWA-F pos=(+0.73,+0.33) yaw=-149.2 d=6.10 goal_err=-57 carrot_err= -36 c0=2.50 clear=1.00 prog=0.20 rel=0.80 bal=+0.43 obs=143 hard=124 obsc=145 yr=  0  nz=0.20 flt=0.00 dmap=+8/-0 shz=3.9 plan=33 cmd=(lx=+0.00,ly=+0.40,rx=+0.45)
  t=  3.0 DWA-F pos=(+0.69,+0.31) yaw=-154.0 d=6.07 goal_err=-53 carrot_err= -32 c0=2.50 clear=1.00 prog=0.21 rel=0.98 bal=+0.43 obs=160 hard=140 obsc=179 yr= 15  nz=0.01 flt=0.11 dmap=+17/-0 shz=4.0 plan=32 cmd=(lx=+0.00,ly=+0.40,rx=+0.00)
  t=  3.4 DWA-F pos=(+0.65,+0.29) yaw=-154.0 d=6.04 goal_err=-53 carrot_err= -34 c0=2.50 clear=1.00 prog=0.22 rel=1.00 bal=+0.44 obs=160 hard=142 obsc=176 yr=  0  nz=0.00 flt=0.03 dmap=+0/-0 shz=3.9 plan=32 cmd=(lx=+0.00,ly=+0.40,rx=+0.00)
  t=  3.9 DWA-F pos=(+0.61,+0.27) yaw=-154.0 d=6.02 goal_err=-53 carrot_err= -35 c0=2.50 clear=1.00 prog=0.21 rel=0.99 bal=+0.36 obs=163 hard=154 obsc=176 yr=  0  nz=0.01 flt=0.00 dmap=+0/-0 shz=4.0 plan=32 cmd=(lx=+0.00,ly=+0.40,rx=+0.00)
  t=  4.3 DWA-F pos=(+0.57,+0.25) yaw=-154.0 d=5.99 goal_err=-54 carrot_err= -37 c0=2.50 clear=1.00 prog=0.21 rel=0.99 bal=+0.37 obs=165 hard=162 obsc=179 yr=  0  nz=0.01 flt=0.01 dmap=+3/-1 shz=4.0 plan=32 cmd=(lx=+0.00,ly=+0.40,rx=+0.45)
  t=  4.7 DWA-F pos=(+0.53,+0.23) yaw=-157.2 d=5.96 goal_err=-51 carrot_err= -20 c0=2.50 clear=1.00 prog=0.20 rel=0.99 bal=+0.38 obs=165 hard=162 obsc=179 yr=  0  nz=0.01 flt=0.01 dmap=+0/-0 shz=4.0 plan=32 cmd=(lx=+0.00,ly=+0.40,rx=+0.00)
  t=  5.2 DWA-F pos=(+0.48,+0.21) yaw=-157.2 d=5.93 goal_err=-51 carrot_err= -22 c0=2.50 clear=1.00 prog=0.22 rel=0.99 bal=+0.40 obs=167 hard=164 obsc=179 yr=  0  nz=0.01 flt=0.00 dmap=+0/-0 shz=3.9 plan=32 cmd=(lx=+0.00,ly=+0.40,rx=+0.00)
  t=  5.6 DWA-F pos=(+0.44,+0.19) yaw=-157.2 d=5.90 goal_err=-52 carrot_err= -23 c0=2.50 clear=1.00 prog=0.22 rel=0.99 bal=+0.41 obs=168 hard=166 obsc=180 yr=  0  nz=0.01 flt=0.01 dmap=+0/-0 shz=3.9 plan=32 cmd=(lx=+0.00,ly=+0.40,rx=+0.00)
  t=  6.0 DWA-F pos=(+0.40,+0.17) yaw=-157.2 d=5.87 goal_err=-52 carrot_err= -25 c0=2.50 clear=1.00 prog=0.22 rel=0.99 bal=+0.42 obs=169 hard=167 obsc=181 yr=  0  nz=0.01 flt=0.00 dmap=+1/-0 shz=4.0 plan=31 cmd=(lx=+0.00,ly=+0.40,rx=+0.00)
  t=  6.5 DWA-F pos=(+0.36,+0.16) yaw=-157.2 d=5.85 goal_err=-52 carrot_err= -26 c0=2.50 clear=1.00 prog=0.22 rel=0.98 bal=+0.43 obs=169 hard=167 obsc=182 yr=  0  nz=0.01 flt=0.00 dmap=+0/-0 shz=3.9 plan=31 cmd=(lx=+0.00,ly=+0.40,rx=+0.00)
  t=  6.9 DWA-F pos=(+0.32,+0.14) yaw=-157.2 d=5.82 goal_err=-53 carrot_err= -28 c0=2.50 clear=1.00 prog=0.21 rel=0.99 bal=+0.44 obs=170 hard=167 obsc=182 yr=  0  nz=0.01 flt=0.00 dmap=+0/-0 shz=4.0 plan=31 cmd=(lx=+0.00,ly=+0.40,rx=+0.00)
  t=  7.3 DWA-F pos=(+0.27,+0.12) yaw=-157.2 d=5.79 goal_err=-53 carrot_err= -15 c0=2.50 clear=1.00 prog=0.22 rel=0.99 bal=+0.45 obs=170 hard=168 obsc=182 yr=  0  nz=0.01 flt=0.00 dmap=+0/-0 shz=4.0 plan=31 cmd=(lx=+0.00,ly=+0.40,rx=+0.00)
  t=  7.8 DWA-F pos=(+0.22,+0.10) yaw=-157.2 d=5.76 goal_err=-53 carrot_err= -16 c0=2.50 clear=1.00 prog=0.22 rel=0.99 bal=+0.45 obs=169 hard=168 obsc=182 yr=  0  nz=0.01 flt=0.00 dmap=+0/-0 shz=4.0 plan=30 cmd=(lx=+0.00,ly=+0.40,rx=+0.00)
  t=  8.2 DWA-F pos=(+0.18,+0.08) yaw=-157.2 d=5.73 goal_err=-54 carrot_err= -17 c0=2.50 clear=1.00 prog=0.22 rel=0.99 bal=+0.46 obs=171 hard=169 obsc=183 yr=  0  nz=0.01 flt=0.01 dmap=+0/-0 shz=4.0 plan=30 cmd=(lx=+0.00,ly=+0.40,rx=+0.00)
  t=  8.6 DWA-F pos=(+0.14,+0.07) yaw=-157.2 d=5.71 goal_err=-54 carrot_err= -18 c0=2.49 clear=1.00 prog=0.22 rel=0.99 bal=+0.39 obs=172 hard=171 obsc=184 yr=  0  nz=0.01 flt=0.01 dmap=+2/-1 shz=3.9 plan=30 cmd=(lx=+0.00,ly=+0.40,rx=+0.00)
  t=  9.1 DWA-F pos=(+0.10,+0.05) yaw=-157.2 d=5.68 goal_err=-55 carrot_err= -19 c0=2.44 clear=1.00 prog=0.21 rel=0.97 bal=+0.40 obs=173 hard=172 obsc=184 yr=  0  nz=0.03 flt=0.01 dmap=+1/-0 shz=4.0 plan=30 cmd=(lx=+0.00,ly=+0.40,rx=+0.00)
  t=  9.5 DWA-F pos=(+0.06,+0.03) yaw=-157.2 d=5.66 goal_err=-55 carrot_err= -21 c0=2.40 clear=1.00 prog=0.20 rel=0.94 bal=+0.40 obs=174 hard=173 obsc=185 yr=  0  nz=0.06 flt=0.02 dmap=+0/-0 shz=3.9 plan=30 cmd=(lx=+0.00,ly=+0.40,rx=+0.00)
  t=  9.9 DWA-F pos=(+0.01,+0.01) yaw=-157.2 d=5.62 goal_err=-55 carrot_err= -22 c0=2.35 clear=1.00 prog=0.21 rel=0.92 bal=+0.40 obs=175 hard=175 obsc=187 yr=  0  nz=0.08 flt=0.01 dmap=+0/-0 shz=4.0 plan=30 cmd=(lx=+0.00,ly=+0.40,rx=+0.00)
  t= 10.4 DWA-F pos=(-0.03,-0.01) yaw=-157.2 d=5.60 goal_err=-56 carrot_err= -23 c0=2.30 clear=1.00 prog=0.21 rel=0.91 bal=+0.42 obs=176 hard=176 obsc=189 yr=  0  nz=0.10 flt=0.01 dmap=+1/-1 shz=4.0 plan=30 cmd=(lx=+0.00,ly=+0.40,rx=+0.00)
  t= 10.8 DWA-F pos=(-0.07,-0.02) yaw=-157.2 d=5.57 goal_err=-56 carrot_err= -25 c0=2.26 clear=1.00 prog=0.21 rel=0.91 bal=+0.44 obs=178 hard=177 obsc=191 yr=  0  nz=0.09 flt=0.01 dmap=+2/-1 shz=4.0 plan=29 cmd=(lx=+0.00,ly=+0.40,rx=+0.00)
  t= 11.2 DWA-F pos=(-0.11,-0.04) yaw=-157.2 d=5.55 goal_err=-56 carrot_err= -25 c0=2.21 clear=1.00 prog=0.20 rel=0.91 bal=+0.46 obs=180 hard=176 obsc=190 yr=  0  nz=0.09 flt=0.00 dmap=+0/-0 shz=4.0 plan=29 cmd=(lx=+0.00,ly=+0.40,rx=+0.00)
  t= 11.7 DWA-F pos=(-0.15,-0.06) yaw=-157.2 d=5.53 goal_err=-57 carrot_err= -27 c0=2.17 clear=1.00 prog=0.20 rel=0.92 bal=+0.47 obs=180 hard=177 obsc=190 yr=  0  nz=0.08 flt=0.00 dmap=+0/-0 shz=4.0 plan=29 cmd=(lx=+0.00,ly=+0.40,rx=+0.00)
  t= 12.1 DWA-F pos=(-0.21,-0.08) yaw=-157.2 d=5.50 goal_err=-57 carrot_err= -29 c0=2.12 clear=1.00 prog=0.20 rel=0.92 bal=+0.49 obs=181 hard=176 obsc=190 yr=  0  nz=0.09 flt=0.03 dmap=+0/-0 shz=4.0 plan=28 cmd=(lx=+0.00,ly=+0.40,rx=+0.00)
  t= 12.5 DWA-F pos=(-0.25,-0.10) yaw=-157.2 d=5.47 goal_err=-58 carrot_err= -30 c0=2.07 clear=1.00 prog=0.20 rel=0.91 bal=+0.50 obs=181 hard=178 obsc=191 yr=  0  nz=0.09 flt=0.01 dmap=+0/-0 shz=4.0 plan=28 cmd=(lx=+0.00,ly=+0.40,rx=+0.00)
  t= 13.0 DWA-F pos=(-0.29,-0.11) yaw=-157.2 d=5.45 goal_err=-58 carrot_err= -32 c0=2.03 clear=1.00 prog=0.20 rel=0.92 bal=+0.52 obs=183 hard=180 obsc=192 yr=  0  nz=0.09 flt=0.00 dmap=+0/-0 shz=4.0 plan=28 cmd=(lx=+0.00,ly=+0.40,rx=+0.00)
  t= 13.4 DWA-F pos=(-0.33,-0.13) yaw=-157.2 d=5.42 goal_err=-59 carrot_err= -31 c0=1.98 clear=1.00 prog=0.19 rel=0.92 bal=+0.53 obs=182 hard=178 obsc=191 yr=  0  nz=0.08 flt=0.02 dmap=+0/-0 shz=4.0 plan=28 cmd=(lx=+0.00,ly=+0.40,rx=+0.00)
  t= 13.8 DWA-F pos=(-0.37,-0.15) yaw=-157.2 d=5.40 goal_err=-59 carrot_err= -33 c0=1.94 clear=1.00 prog=0.18 rel=0.92 bal=+0.53 obs=184 hard=182 obsc=193 yr=  0  nz=0.08 flt=0.00 dmap=+1/-0 shz=4.0 plan=27 cmd=(lx=+0.00,ly=+0.40,rx=+0.00)
  t= 14.3 DWA-F pos=(-0.41,-0.17) yaw=-157.2 d=5.38 goal_err=-59 carrot_err= -35 c0=1.90 clear=1.00 prog=0.18 rel=0.92 bal=+0.54 obs=183 hard=181 obsc=194 yr=  0  nz=0.08 flt=0.01 dmap=+0/-0 shz=4.0 plan=27 cmd=(lx=+0.00,ly=+0.40,rx=+0.00)
  t= 14.7 DWA-F pos=(-0.46,-0.19) yaw=-157.2 d=5.35 goal_err=-60 carrot_err= -37 c0=1.84 clear=1.00 prog=0.19 rel=0.92 bal=+0.55 obs=184 hard=182 obsc=194 yr=  0  nz=0.08 flt=0.00 dmap=+0/-0 shz=4.0 plan=27 cmd=(lx=+0.00,ly=+0.40,rx=+0.45)
  t= 15.1 DWA-F pos=(-0.50,-0.20) yaw=-160.4 d=5.33 goal_err=-57 carrot_err= -44 c0=1.80 clear=1.00 prog=0.19 rel=0.92 bal=+0.55 obs=187 hard=183 obsc=195 yr=  0  nz=0.08 flt=0.01 dmap=+3/-0 shz=4.0 plan=26 cmd=(lx=+0.00,ly=+0.40,rx=+0.45)
  t= 15.5 DWA-F pos=(-0.54,-0.22) yaw=-165.2 d=5.30 goal_err=-53 carrot_err= -41 c0=1.76 clear=1.00 prog=0.19 rel=0.92 bal=+0.55 obs=187 hard=183 obsc=195 yr= 15G nz=0.08 flt=0.02 dmap=+0/-0 shz=4.0 plan=26 cmd=(lx=+0.00,ly=+0.40,rx=+0.45)
  t= 16.0 DWA-F pos=(-0.59,-0.23) yaw=-170.1 d=5.28 goal_err=-48 carrot_err= -38 c0=1.71 clear=1.00 prog=0.20 rel=0.90 bal=+0.56 obs=206 hard=190 obsc=230 yr=  0  nz=0.10 flt=0.00 dmap=+0/-0 shz=4.0 plan=26 cmd=(lx=+0.00,ly=+0.40,rx=+0.00)
  t= 16.4 DWA-F pos=(-0.63,-0.23) yaw=-170.1 d=5.25 goal_err=-49 carrot_err= -39 c0=1.84 clear=1.00 prog=0.21 rel=0.90 bal=+0.51 obs=207 hard=192 obsc=225 yr=  0G nz=0.10 flt=0.01 dmap=+0/-0 shz=4.0 plan=26 cmd=(lx=+0.00,ly=+0.40,rx=+0.45)
  t= 16.8 DWA-F pos=(-0.68,-0.24) yaw=-173.3 d=5.22 goal_err=-46 carrot_err= -38 c0=1.88 clear=1.00 prog=0.21 rel=0.87 bal=+0.52 obs=213 hard=199 obsc=231 yr=  0  nz=0.13 flt=0.01 dmap=+0/-0 shz=4.0 plan=26 cmd=(lx=+0.00,ly=+0.40,rx=+0.00)
  t= 17.3 DWA-F pos=(-0.72,-0.25) yaw=-176.5 d=5.18 goal_err=-43 carrot_err= -37 c0=1.84 clear=1.00 prog=0.23 rel=0.86 bal=+0.53 obs=213 hard=199 obsc=231 yr= 15  nz=0.14 flt=0.05 dmap=+0/-0 shz=4.0 plan=26 cmd=(lx=+0.00,ly=+0.40,rx=+0.00)
  t= 17.7 DWA-F pos=(-0.78,-0.25) yaw=-178.1 d=5.14 goal_err=-42 carrot_err= -38 c0=1.79 clear=1.00 prog=0.25 rel=0.94 bal=+0.54 obs=208 hard=201 obsc=230 yr=  0  nz=0.07 flt=0.00 dmap=+0/-0 shz=4.0 plan=26 cmd=(lx=+0.00,ly=+0.40,rx=+0.45)
  t= 18.1 DWA-F pos=(-0.82,-0.25) yaw=+178.7 d=5.11 goal_err=-39 carrot_err= -29 c0=1.93 clear=1.00 prog=0.26 rel=0.93 bal=+0.55 obs=211 hard=196 obsc=228 yr=  0  nz=0.07 flt=0.13 dmap=+3/-0 shz=4.0 plan=25 cmd=(lx=+0.00,ly=+0.40,rx=+0.00)
  t= 18.6 DWA-F pos=(-0.86,-0.25) yaw=+178.7 d=5.07 goal_err=-39 carrot_err= -30 c0=1.89 clear=1.00 prog=0.27 rel=0.90 bal=+0.55 obs=209 hard=199 obsc=226 yr=  0  nz=0.10 flt=0.01 dmap=+1/-0 shz=4.0 plan=25 cmd=(lx=+0.00,ly=+0.40,rx=+0.00)
  t= 19.0 DWA-F pos=(-0.91,-0.25) yaw=+178.7 d=5.04 goal_err=-39 carrot_err= -32 c0=1.89 clear=1.00 prog=0.27 rel=0.89 bal=+0.53 obs=209 hard=200 obsc=226 yr=  0  nz=0.11 flt=0.01 dmap=+0/-0 shz=4.0 plan=25 cmd=(lx=+0.00,ly=+0.40,rx=+0.00)
  t= 19.4 DWA-F pos=(-0.95,-0.25) yaw=+178.7 d=5.01 goal_err=-40 carrot_err= -33 c0=1.85 clear=1.00 prog=0.28 rel=0.91 bal=+0.51 obs=207 hard=200 obsc=226 yr=  0  nz=0.09 flt=0.00 dmap=+1/-2 shz=4.0 plan=25 cmd=(lx=+0.00,ly=+0.40,rx=+0.00)
  t= 19.9 DWA-F pos=(-1.01,-0.24) yaw=+178.7 d=4.96 goal_err=-40 carrot_err= -38 c0=1.79 clear=1.00 prog=0.28 rel=0.94 bal=+0.34 obs=206 hard=197 obsc=223 yr=  0  nz=0.06 flt=0.00 dmap=+0/-1 shz=4.0 plan=24 cmd=(lx=+0.00,ly=+0.40,rx=+0.00)
  t= 20.3 DWA-F pos=(-1.05,-0.24) yaw=+175.5 d=4.93 goal_err=-37 carrot_err= -36 c0=1.75 clear=1.00 prog=0.28 rel=0.91 bal=+0.33 obs=206 hard=197 obsc=223 yr= 15  nz=0.09 flt=0.12 dmap=+0/-0 shz=4.0 plan=24 cmd=(lx=+0.00,ly=+0.40,rx=+0.00)
  t= 20.7 DWA-F pos=(-1.10,-0.24) yaw=+175.5 d=4.89 goal_err=-38 carrot_err= -38 c0=1.70 clear=1.00 prog=0.28 rel=0.91 bal=+0.32 obs=213 hard=196 obsc=228 yr=  0G nz=0.09 flt=0.09 dmap=+0/-0 shz=4.0 plan=24 cmd=(lx=+0.00,ly=+0.40,rx=+0.45)
  t= 21.2 DWA-F pos=(-1.14,-0.23) yaw=+172.3 d=4.86 goal_err=-35 carrot_err= -29 c0=1.66 clear=1.00 prog=0.28 rel=0.90 bal=+0.30 obs=213 hard=196 obsc=227 yr=  0  nz=0.10 flt=0.00 dmap=+0/-0 shz=4.0 plan=23 cmd=(lx=+0.00,ly=+0.40,rx=+0.00)
  t= 21.6 DWA-F pos=(-1.19,-0.23) yaw=+172.3 d=4.82 goal_err=-35 carrot_err= -30 c0=1.61 clear=1.00 prog=0.29 rel=0.92 bal=+0.29 obs=213 hard=199 obsc=228 yr=  0  nz=0.08 flt=0.00 dmap=+0/-0 shz=4.0 plan=23 cmd=(lx=+0.00,ly=+0.40,rx=+0.00)
  t= 22.0 DWA-F pos=(-1.23,-0.22) yaw=+172.3 d=4.79 goal_err=-35 carrot_err= -31 c0=1.57 clear=1.00 prog=0.28 rel=0.92 bal=+0.28 obs=209 hard=200 obsc=228 yr=  0  nz=0.08 flt=0.01 dmap=+0/-0 shz=4.0 plan=23 cmd=(lx=+0.00,ly=+0.40,rx=+0.00)
  t= 22.5 DWA-F pos=(-1.28,-0.21) yaw=+172.3 d=4.74 goal_err=-36 carrot_err= -33 c0=1.52 clear=1.00 prog=0.29 rel=0.93 bal=+0.26 obs=210 hard=197 obsc=224 yr=  0  nz=0.07 flt=0.01 dmap=+0/-0 shz=4.0 plan=23 cmd=(lx=+0.00,ly=+0.40,rx=+0.00)
  t= 22.9 DWA-F pos=(-1.33,-0.21) yaw=+172.3 d=4.70 goal_err=-36 carrot_err= -17 c0=1.47 clear=0.98 prog=0.29 rel=0.92 bal=+0.26 obs=208 hard=196 obsc=224 yr=  0  nz=0.08 flt=0.01 dmap=+0/-2 shz=4.0 plan=22 cmd=(lx=+0.00,ly=+0.40,rx=+0.00)
  t= 23.3 DWA-F pos=(-1.37,-0.20) yaw=+172.3 d=4.67 goal_err=-36 carrot_err= -18 c0=1.43 clear=0.95 prog=0.29 rel=0.91 bal=+0.25 obs=210 hard=195 obsc=224 yr=  0  nz=0.09 flt=0.01 dmap=+0/-0 shz=4.0 plan=22 cmd=(lx=+0.00,ly=+0.40,rx=+0.00)
  t= 23.8 DWA-F pos=(-1.42,-0.20) yaw=+172.3 d=4.63 goal_err=-37 carrot_err= -19 c0=1.38 clear=0.92 prog=0.29 rel=0.92 bal=+0.24 obs=210 hard=196 obsc=225 yr=  0  nz=0.08 flt=0.01 dmap=+0/-0 shz=4.0 plan=22 cmd=(lx=+0.00,ly=+0.40,rx=+0.00)
  t= 24.2 DWA-F pos=(-1.46,-0.19) yaw=+172.3 d=4.60 goal_err=-37 carrot_err= -20 c0=1.34 clear=0.89 prog=0.28 rel=0.92 bal=+0.10 obs=209 hard=197 obsc=224 yr=  0  nz=0.08 flt=0.00 dmap=+1/-1 shz=4.0 plan=22 cmd=(lx=+0.00,ly=+0.40,rx=+0.00)
  t= 24.6 DWA-F pos=(-1.50,-0.19) yaw=+172.3 d=4.56 goal_err=-37 carrot_err= -21 c0=1.30 clear=0.86 prog=0.28 rel=0.93 bal=+0.09 obs=209 hard=197 obsc=223 yr=  0  nz=0.07 flt=0.01 dmap=+0/-0 shz=4.0 plan=22 cmd=(lx=+0.00,ly=+0.40,rx=+0.00)
  t= 25.1 DWA-F pos=(-1.56,-0.18) yaw=+172.3 d=4.52 goal_err=-38 carrot_err= -23 c0=1.24 clear=0.83 prog=0.29 rel=0.91 bal=+0.09 obs=209 hard=197 obsc=223 yr=  0  nz=0.09 flt=0.02 dmap=+0/-0 shz=4.0 plan=22 cmd=(lx=+0.00,ly=+0.40,rx=+0.00)
  t= 25.5 DWA-F pos=(-1.60,-0.17) yaw=+172.3 d=4.48 goal_err=-38 carrot_err= -28 c0=1.20 clear=0.80 prog=0.29 rel=0.91 bal=+0.09 obs=212 hard=203 obsc=228 yr=  0  nz=0.09 flt=0.01 dmap=+2/-1 shz=4.0 plan=22 cmd=(lx=+0.00,ly=+0.40,rx=+0.00)
  t= 25.9 DWA-F pos=(-1.65,-0.17) yaw=+172.3 d=4.45 goal_err=-38 carrot_err= -29 c0=1.15 clear=0.77 prog=0.29 rel=0.91 bal=+0.08 obs=212 hard=200 obsc=226 yr=  0  nz=0.09 flt=0.01 dmap=+0/-0 shz=4.0 plan=21 cmd=(lx=+0.00,ly=+0.40,rx=+0.00)
  t= 26.4 DWA-F pos=(-1.69,-0.16) yaw=+172.3 d=4.41 goal_err=-39 carrot_err= -31 c0=1.11 clear=0.74 prog=0.29 rel=0.92 bal=+0.08 obs=211 hard=200 obsc=225 yr=  0  nz=0.08 flt=0.02 dmap=+0/-0 shz=4.0 plan=21 cmd=(lx=+0.00,ly=+0.40,rx=+0.00)
  t= 26.8 DWA-F pos=(-1.75,-0.15) yaw=+172.3 d=4.37 goal_err=-39 carrot_err= -33 c0=1.05 clear=0.70 prog=0.28 rel=0.92 bal=+0.08 obs=213 hard=202 obsc=226 yr=  0  nz=0.08 flt=0.02 dmap=+0/-0 shz=4.0 plan=21 cmd=(lx=+0.00,ly=+0.40,rx=+0.45)
  t= 27.3 DWA-F pos=(-1.79,-0.15) yaw=+169.1 d=4.33 goal_err=-36 carrot_err= -23 c0=1.01 clear=0.67 prog=0.28 rel=0.91 bal=+0.07 obs=214 hard=201 obsc=228 yr=  0  nz=0.09 flt=0.13 dmap=+0/-0 shz=4.0 plan=20 cmd=(lx=+0.00,ly=+0.40,rx=+0.00)
  t= 27.7 DWA-F pos=(-1.82,-0.14) yaw=+169.1 d=4.31 goal_err=-37 carrot_err= -24 c0=0.98 clear=0.65 prog=0.26 rel=0.92 bal=+0.06 obs=216 hard=202 obsc=229 yr=  0  nz=0.08 flt=0.01 dmap=+1/-0 shz=4.0 plan=20 cmd=(lx=+0.00,ly=+0.40,rx=+0.00)
  t= 28.1 DWA-F pos=(-1.88,-0.13) yaw=+169.1 d=4.26 goal_err=-37 carrot_err= -25 c0=0.93 clear=0.62 prog=0.28 rel=0.92 bal=+0.06 obs=215 hard=202 obsc=229 yr=  0  nz=0.08 flt=0.01 dmap=+0/-0 shz=4.0 plan=20 cmd=(lx=+0.00,ly=+0.40,rx=+0.00)
  t= 28.5 DWA-F pos=(-1.92,-0.12) yaw=+169.1 d=4.23 goal_err=-37 carrot_err= -28 c0=0.88 clear=0.59 prog=0.28 rel=0.91 bal=+0.05 obs=216 hard=205 obsc=229 yr=  0  nz=0.09 flt=0.00 dmap=+0/-0 shz=4.0 plan=20 cmd=(lx=+0.00,ly=+0.40,rx=+0.00)
  t= 29.0 DWA-F pos=(-1.96,-0.11) yaw=+169.1 d=4.19 goal_err=-38 carrot_err= -21 c0=0.84 clear=0.56 prog=0.28 rel=0.91 bal=+0.05 obs=216 hard=203 obsc=228 yr=  0  nz=0.09 flt=0.01 dmap=+1/-0 shz=4.0 plan=19 cmd=(lx=+0.00,ly=+0.40,rx=+0.00)
  t= 29.4 DWA-F pos=(-2.01,-0.10) yaw=+169.1 d=4.16 goal_err=-38 carrot_err= -22 c0=0.80 clear=0.53 prog=0.27 rel=0.91 bal=+0.05 obs=218 hard=207 obsc=230 yr=  0  nz=0.09 flt=0.01 dmap=+0/-0 shz=4.0 plan=19 cmd=(lx=+0.00,ly=+0.40,rx=+0.00)
  t= 29.8 DWA-F pos=(-2.05,-0.10) yaw=+169.1 d=4.12 goal_err=-39 carrot_err= -23 c0=0.76 clear=0.50 prog=0.28 rel=0.92 bal=+0.05 obs=218 hard=205 obsc=230 yr=  0  nz=0.08 flt=0.00 dmap=+0/-0 shz=4.0 plan=19 cmd=(lx=+0.00,ly=+0.40,rx=+0.00)
  t= 30.3 DWA-F pos=(-2.10,-0.09) yaw=+169.1 d=4.09 goal_err=-39 carrot_err= -26 c0=0.71 clear=0.48 prog=0.27 rel=0.92 bal=-0.09 obs=217 hard=205 obsc=230 yr=  0  nz=0.08 flt=0.03 dmap=+0/-1 shz=4.0 plan=19 cmd=(lx=+0.00,ly=+0.40,rx=+0.00)
  t= 30.7 DWA-F pos=(-2.14,-0.08) yaw=+169.1 d=4.05 goal_err=-39 carrot_err= -27 c0=0.67 clear=0.45 prog=0.27 rel=0.92 bal=-0.51 obs=219 hard=206 obsc=232 yr=  0  nz=0.08 flt=0.00 dmap=+1/-1 shz=4.0 plan=18 cmd=(lx=+0.00,ly=+0.40,rx=+0.00)
  t= 31.1 DWA-F pos=(-2.19,-0.07) yaw=+169.1 d=4.01 goal_err=-40 carrot_err= -29 c0=0.62 clear=0.41 prog=0.28 rel=0.92 bal=-0.54 obs=220 hard=207 obsc=232 yr=  0  nz=0.08 flt=0.00 dmap=+0/-0 shz=4.0 plan=18 cmd=(lx=+0.00,ly=+0.40,rx=+0.00)
  t= 31.6 DWA-F pos=(-2.24,-0.06) yaw=+169.1 d=3.98 goal_err=-40 carrot_err= -30 c0=0.58 clear=0.39 prog=0.28 rel=0.93 bal=-0.54 obs=221 hard=207 obsc=233 yr=  0G nz=0.07 flt=0.02 dmap=+0/-0 shz=4.0 plan=18 cmd=(lx=+0.00,ly=+0.40,rx=+0.45)
  t= 32.0 DWA-F pos=(-2.28,-0.05) yaw=+165.9 d=3.94 goal_err=-37 carrot_err= -28 c0=0.92 clear=0.61 prog=0.28 rel=0.81 bal=-0.54 obs=223 hard=211 obsc=237 yr=  0  nz=0.19 flt=0.02 dmap=+1/-1 shz=4.0 plan=18 cmd=(lx=+0.00,ly=+0.40,rx=+0.00)
  t= 32.4 DWA-F pos=(-2.32,-0.04) yaw=+165.9 d=3.91 goal_err=-38 carrot_err= -29 c0=0.88 clear=0.58 prog=0.28 rel=0.75 bal=-0.54 obs=223 hard=208 obsc=236 yr=  0  nz=0.25 flt=0.01 dmap=+0/-0 shz=4.0 plan=18 cmd=(lx=+0.00,ly=+0.40,rx=+0.00)
  t= 32.9 DWA-F pos=(-2.37,-0.03) yaw=+162.7 d=3.87 goal_err=-35 carrot_err= -27 c0=0.83 clear=0.56 prog=0.27 rel=0.81 bal=-0.54 obs=224 hard=208 obsc=237 yr= 15  nz=0.19 flt=0.02 dmap=+0/-0 shz=4.0 plan=18 cmd=(lx=+0.00,ly=+0.40,rx=+0.00)
  t= 33.3 DWA-F pos=(-2.42,-0.01) yaw=+161.1 d=3.83 goal_err=-34 carrot_err= -27 c0=0.78 clear=0.52 prog=0.29 rel=0.91 bal=-0.53 obs=225 hard=212 obsc=237 yr=  0  nz=0.09 flt=0.01 dmap=+0/-0 shz=4.0 plan=18 cmd=(lx=+0.00,ly=+0.40,rx=+0.00)
  t= 33.8 DWA-F pos=(-2.46,+0.00) yaw=+161.1 d=3.79 goal_err=-34 carrot_err= -29 c0=0.74 clear=0.49 prog=0.29 rel=0.92 bal=-0.52 obs=224 hard=212 obsc=236 yr=  0G nz=0.08 flt=0.01 dmap=+0/-0 shz=4.0 plan=17 cmd=(lx=+0.00,ly=+0.40,rx=+0.45)
  t= 34.2 DWA-F pos=(-2.50,+0.02) yaw=+157.9 d=3.75 goal_err=-31 carrot_err= -27 c0=0.70 clear=0.47 prog=0.29 rel=0.91 bal=-0.49 obs=224 hard=212 obsc=237 yr=  0  nz=0.09 flt=0.03 dmap=+0/-0 shz=4.0 plan=17 cmd=(lx=+0.00,ly=+0.40,rx=+0.00)
  t= 34.6 DWA-F pos=(-2.54,+0.04) yaw=+157.9 d=3.71 goal_err=-32 carrot_err= -29 c0=0.86 clear=0.57 prog=0.30 rel=0.92 bal=-0.49 obs=226 hard=211 obsc=238 yr=  0G nz=0.08 flt=0.01 dmap=+0/-0 shz=4.0 plan=17 cmd=(lx=+0.00,ly=+0.40,rx=+0.45)
  t= 35.1 ENG-F pos=(-2.59,+0.06) yaw=+153.0 d=3.67 goal_err=-27 carrot_err= -24 c0=1.02 clear=0.68 prog=0.30 rel=0.90 bal=-0.37 obs=226 hard=214 obsc=240 yr=  0  nz=0.10 flt=0.03 dmap=+2/-2 shz=4.0 plan=17 cmd=(lx=+0.00,ly=+0.28,rx=+0.00)
  t= 35.5 ENG-F pos=(-2.62,+0.08) yaw=+153.0 d=3.64 goal_err=-28 carrot_err= -25 c0=0.98 clear=0.66 prog=0.29 rel=0.77 bal=-0.37 obs=229 hard=216 obsc=241 yr=  0  nz=0.23 flt=0.02 dmap=+3/-0 shz=4.0 plan=17 cmd=(lx=+0.00,ly=+0.28,rx=+0.00)
  t= 35.9 ENG-F pos=(-2.66,+0.09) yaw=+153.0 d=3.60 goal_err=-28 carrot_err= -26 c0=0.95 clear=0.63 prog=0.29 rel=0.80 bal=-0.41 obs=230 hard=215 obsc=240 yr=  0  nz=0.20 flt=0.00 dmap=+0/-0 shz=4.0 plan=17 cmd=(lx=+0.00,ly=+0.28,rx=+0.00)
  t= 36.3 ENG-F pos=(-2.69,+0.11) yaw=+153.0 d=3.57 goal_err=-28 carrot_err= -27 c0=0.92 clear=0.61 prog=0.28 rel=0.91 bal=-0.36 obs=229 hard=216 obsc=241 yr=  0  nz=0.09 flt=0.02 dmap=+0/-0 shz=4.0 plan=17 cmd=(lx=+0.00,ly=+0.28,rx=+0.00)
  t= 36.8 ENG-F pos=(-2.72,+0.12) yaw=+153.0 d=3.54 goal_err=-28 carrot_err= -18 c0=0.88 clear=0.59 prog=0.25 rel=0.93 bal=-0.36 obs=229 hard=216 obsc=240 yr=  0  nz=0.07 flt=0.01 dmap=+0/-1 shz=4.0 plan=16 cmd=(lx=+0.00,ly=+0.28,rx=+0.00)
  t= 37.2 ENG-F pos=(-2.75,+0.14) yaw=+153.0 d=3.51 goal_err=-29 carrot_err= -19 c0=0.85 clear=0.57 prog=0.25 rel=0.93 bal=-0.35 obs=229 hard=216 obsc=239 yr=  0  nz=0.07 flt=0.00 dmap=+0/-0 shz=4.0 plan=16 cmd=(lx=+0.00,ly=+0.28,rx=+0.00)
  t= 37.6 ENG-F pos=(-2.79,+0.16) yaw=+153.0 d=3.47 goal_err=-29 carrot_err= -20 c0=0.81 clear=0.54 prog=0.26 rel=0.92 bal=-0.29 obs=228 hard=216 obsc=240 yr=  0  nz=0.08 flt=0.01 dmap=+0/-0 shz=4.0 plan=16 cmd=(lx=+0.00,ly=+0.28,rx=+0.00)
  t= 38.0 ENG-F pos=(-2.82,+0.18) yaw=+153.0 d=3.44 goal_err=-29 carrot_err= -20 c0=0.81 clear=0.54 prog=0.26 rel=0.93 bal=-0.29 obs=231 hard=217 obsc=240 yr=  0  nz=0.07 flt=0.02 dmap=+1/-0 shz=4.0 plan=16 cmd=(lx=+0.00,ly=+0.28,rx=+0.00)
  t= 38.5 ENG-F pos=(-2.86,+0.19) yaw=+153.0 d=3.41 goal_err=-30 carrot_err= -21 c0=0.77 clear=0.51 prog=0.26 rel=0.93 bal=-0.29 obs=231 hard=218 obsc=241 yr=  0  nz=0.07 flt=0.00 dmap=+0/-0 shz=4.0 plan=16 cmd=(lx=+0.00,ly=+0.28,rx=+0.00)
  t= 38.9 ENG-F pos=(-2.89,+0.21) yaw=+153.0 d=3.38 goal_err=-30 carrot_err= -22 c0=0.74 clear=0.49 prog=0.26 rel=0.94 bal=-0.30 obs=233 hard=219 obsc=242 yr=  0  nz=0.06 flt=0.03 dmap=+0/-0 shz=4.0 plan=16 cmd=(lx=+0.00,ly=+0.28,rx=+0.00)
  t= 39.3 ENG-F pos=(-2.92,+0.23) yaw=+153.0 d=3.35 goal_err=-30 carrot_err= -23 c0=0.70 clear=0.47 prog=0.24 rel=0.94 bal=-0.30 obs=232 hard=218 obsc=241 yr=  0  nz=0.06 flt=0.01 dmap=+0/-0 shz=4.0 plan=16 cmd=(lx=+0.00,ly=+0.28,rx=+0.00)
  t= 39.8 ENG-F pos=(-2.95,+0.24) yaw=+153.0 d=3.31 goal_err=-31 carrot_err= -24 c0=0.67 clear=0.44 prog=0.24 rel=0.94 bal=-0.30 obs=232 hard=219 obsc=241 yr=  0  nz=0.07 flt=0.02 dmap=+0/-0 shz=4.0 plan=16 cmd=(lx=+0.00,ly=+0.28,rx=+0.00)
  t= 40.2 ENG-F pos=(-2.99,+0.26) yaw=+153.0 d=3.28 goal_err=-31 carrot_err= -26 c0=0.63 clear=0.42 prog=0.24 rel=0.92 bal=-0.30 obs=232 hard=220 obsc=242 yr=  0  nz=0.08 flt=0.00 dmap=+0/-0 shz=4.0 plan=16 cmd=(lx=+0.00,ly=+0.28,rx=+0.00)
  t= 40.6 ENG-F pos=(-3.02,+0.28) yaw=+151.4 d=3.25 goal_err=-30 carrot_err= -25 c0=0.60 clear=0.40 prog=0.24 rel=0.92 bal=-0.30 obs=233 hard=220 obsc=242 yr= 15G nz=0.08 flt=0.14 dmap=+0/-0 shz=4.0 plan=16 cmd=(lx=+0.00,ly=+0.28,rx=+0.00)
  t= 41.0 ENG-F pos=(-3.04,+0.29) yaw=+149.8 d=3.23 goal_err=-28 carrot_err= -25 c0=0.57 clear=0.38 prog=0.23 rel=0.92 bal=-0.30 obs=234 hard=220 obsc=243 yr=  0  nz=0.08 flt=0.00 dmap=+1/-0 shz=4.0 plan=16 cmd=(lx=+0.00,ly=+0.28,rx=+0.00)
  t= 41.4 ENG-F pos=(-3.06,+0.30) yaw=+148.2 d=3.20 goal_err=-27 carrot_err= -24 c0=0.54 clear=0.36 prog=0.22 rel=0.94 bal=-0.30 obs=234 hard=220 obsc=243 yr= 15G nz=0.06 flt=0.00 dmap=+0/-0 shz=4.0 plan=16 cmd=(lx=+0.00,ly=+0.28,rx=+0.00)
  t= 41.9 ENG-F pos=(-3.09,+0.32) yaw=+146.6 d=3.18 goal_err=-26 carrot_err= -20 c0=0.52 clear=0.35 prog=0.20 rel=0.94 bal=-0.29 obs=246 hard=234 obsc=257 yr=  0  nz=0.06 flt=0.03 dmap=+0/-0 shz=4.0 plan=16 cmd=(lx=+0.00,ly=+0.28,rx=+0.00)
  t= 42.3 ENG-F pos=(-3.11,+0.33) yaw=+145.0 d=3.16 goal_err=-24 carrot_err= -19 c0=0.56 clear=0.37 prog=0.19 rel=0.94 bal=-0.29 obs=246 hard=234 obsc=258 yr= 15G nz=0.06 flt=0.12 dmap=+0/-0 shz=4.0 plan=16 cmd=(lx=+0.00,ly=+0.28,rx=+0.00)
  t= 42.7 ENG-F pos=(-3.13,+0.35) yaw=+141.8 d=3.13 goal_err=-21 carrot_err= -16 c0=0.54 clear=0.36 prog=0.19 rel=0.96 bal=-0.24 obs=250 hard=235 obsc=265 yr=  0  nz=0.04 flt=0.05 dmap=+0/-0 shz=4.0 plan=16 cmd=(lx=+0.00,ly=+0.28,rx=+0.00)
  t= 43.2 ENG-F pos=(-3.15,+0.37) yaw=+141.8 d=3.10 goal_err=-21 carrot_err= -17 c0=0.50 clear=0.34 prog=0.19 rel=0.95 bal=-0.24 obs=250 hard=235 obsc=265 yr=  0  nz=0.04 flt=0.01 dmap=+0/-0 shz=4.0 plan=15 cmd=(lx=+0.00,ly=+0.28,rx=+0.00)
  t= 43.6 ENG-F pos=(-3.17,+0.38) yaw=+138.6 d=3.09 goal_err=-18 carrot_err= -14 c0=0.49 clear=0.33 prog=0.19 rel=0.94 bal=-0.26 obs=251 hard=235 obsc=265 yr= 15  nz=0.06 flt=0.33 dmap=+1/-0 shz=4.0 plan=15 cmd=(lx=+0.00,ly=+0.28,rx=+0.00)
  t= 44.0 ENG-F pos=(-3.19,+0.40) yaw=+138.6 d=3.06 goal_err=-18 carrot_err= -14 c0=0.46 clear=0.31 prog=0.18 rel=0.93 bal=-0.26 obs=252 hard=236 obsc=266 yr=  0  nz=0.07 flt=0.01 dmap=+0/-0 shz=4.0 plan=15 cmd=(lx=+0.00,ly=+0.28,rx=+0.00)
  t= 44.4 ENG-F pos=(-3.20,+0.41) yaw=+135.4 d=3.05 goal_err=-15 carrot_err= -11 c0=0.45 clear=0.30 prog=0.19 rel=0.94 bal=-0.26 obs=253 hard=238 obsc=267 yr= 15  nz=0.06 flt=0.13 dmap=+0/-0 shz=4.0 plan=15 cmd=(lx=+0.00,ly=+0.28,rx=+0.00)
  t= 44.8 ENG-T pos=(-3.22,+0.42) yaw=+135.4 d=3.02 goal_err=-15 carrot_err= -12 c0=0.42 clear=0.28 prog=0.17 rel=0.94 bal=-0.26 obs=252 hard=239 obsc=266 yr=  0  nz=0.06 flt=0.01 dmap=+0/-0 shz=4.0 plan=15 cmd=(lx=+0.00,ly=+0.00,rx=+0.45)
  t= 45.3 ENG-F pos=(-3.22,+0.43) yaw=+132.2 d=3.01 goal_err=-12 carrot_err=  -9 c0=0.41 clear=0.28 prog=0.13 rel=0.94 bal=-0.26 obs=252 hard=239 obsc=266 yr=  0  nz=0.06 flt=0.03 dmap=+0/-0 shz=4.0 plan=15 cmd=(lx=+0.00,ly=+0.28,rx=+0.00)
  t= 45.7 ENG-GO pos=(-3.24,+0.45) yaw=+132.2 d=2.99 goal_err=-12 carrot_err=  -9 c0=0.39 clear=0.26 prog=0.15 rel=0.95 bal=-0.26 obs=249 hard=237 obsc=264 yr=  0  nz=0.05 flt=0.00 dmap=+0/-0 shz=4.0 plan=15 cmd=(lx=+0.00,ly=+0.28,rx=+0.00)
  t= 46.1 ENG-GO pos=(-3.26,+0.47) yaw=+132.2 d=2.96 goal_err=-12 carrot_err=  -9 c0=0.81 clear=0.54 prog=0.14 rel=0.77 bal=-0.26 obs=247 hard=236 obsc=262 yr=  0  nz=0.23 flt=0.02 dmap=+0/-1 shz=4.0 plan=15 cmd=(lx=+0.00,ly=+0.28,rx=+0.00)
  t= 46.5 ENG-GO pos=(-3.28,+0.49) yaw=+132.2 d=2.94 goal_err=-13 carrot_err= -10 c0=0.79 clear=0.53 prog=0.17 rel=0.69 bal=-0.25 obs=250 hard=238 obsc=264 yr=  0  nz=0.32 flt=0.02 dmap=+1/-0 shz=4.0 plan=15 cmd=(lx=+0.00,ly=+0.28,rx=+0.00)
  t= 47.0 ENG-GO pos=(-3.29,+0.51) yaw=+132.2 d=2.91 goal_err=-13 carrot_err=  -6 c0=1.21 clear=0.81 prog=0.19 rel=0.60 bal=-0.25 obs=250 hard=237 obsc=265 yr=  0  nz=0.40 flt=0.00 dmap=+0/-0 shz=4.0 plan=15 cmd=(lx=+0.00,ly=+0.28,rx=+0.00)
  t= 47.4 ENG-GO pos=(-3.31,+0.53) yaw=+132.2 d=2.88 goal_err=-13 carrot_err=  -6 c0=1.18 clear=0.79 prog=0.20 rel=0.60 bal=-0.24 obs=251 hard=238 obsc=265 yr=  0  nz=0.40 flt=0.00 dmap=+1/-0 shz=4.0 plan=15 cmd=(lx=+0.00,ly=+0.28,rx=+0.00)
  t= 47.8 ENG-GO pos=(-3.33,+0.55) yaw=+132.2 d=2.86 goal_err=-13 carrot_err=  -4 c0=1.16 clear=0.77 prog=0.21 rel=0.70 bal=-0.25 obs=250 hard=237 obsc=265 yr=  0  nz=0.30 flt=0.01 dmap=+0/-1 shz=4.0 plan=13 cmd=(lx=+0.00,ly=+0.28,rx=+0.00)
  t= 48.2 ENG-GO pos=(-3.35,+0.57) yaw=+132.2 d=2.83 goal_err=-13 carrot_err=  -4 c0=1.22 clear=0.82 prog=0.21 rel=0.95 bal=-0.25 obs=250 hard=236 obsc=264 yr=  0  nz=0.05 flt=0.00 dmap=+0/-0 shz=4.0 plan=13 cmd=(lx=+0.00,ly=+0.28,rx=+0.00)
  t= 48.7 ENG-GO pos=(-3.37,+0.59) yaw=+132.2 d=2.80 goal_err=-13 carrot_err=  -4 c0=1.20 clear=0.80 prog=0.21 rel=0.95 bal=-0.25 obs=252 hard=239 obsc=266 yr=  0  nz=0.05 flt=0.01 dmap=+0/-0 shz=4.0 plan=13 cmd=(lx=+0.00,ly=+0.28,rx=+0.00)
  t= 49.1 ENG-GO pos=(-3.39,+0.62) yaw=+132.2 d=2.76 goal_err=-13 carrot_err=  -4 c0=1.16 clear=0.77 prog=0.23 rel=0.95 bal=-0.25 obs=252 hard=239 obsc=266 yr=  0  nz=0.05 flt=0.00 dmap=+0/-0 shz=4.0 plan=13 cmd=(lx=+0.00,ly=+0.28,rx=+0.00)
  t= 49.5 ENG-GO pos=(-3.42,+0.65) yaw=+132.2 d=2.73 goal_err=-13 carrot_err=  -5 c0=1.13 clear=0.75 prog=0.24 rel=0.93 bal=-0.25 obs=251 hard=239 obsc=266 yr=  0  nz=0.07 flt=0.01 dmap=+0/-0 shz=4.0 plan=13 cmd=(lx=+0.00,ly=+0.28,rx=+0.00)
  t= 49.9 ENG-GO pos=(-3.44,+0.67) yaw=+132.2 d=2.70 goal_err=-14 carrot_err=  -5 c0=1.09 clear=0.73 prog=0.26 rel=0.92 bal=-0.24 obs=250 hard=239 obsc=265 yr=  0  nz=0.08 flt=0.01 dmap=+0/-0 shz=4.0 plan=13 cmd=(lx=+0.00,ly=+0.28,rx=+0.00)
  t= 50.4 ENG-GO pos=(-3.47,+0.70) yaw=+132.2 d=2.66 goal_err=-14 carrot_err=  -5 c0=1.06 clear=0.71 prog=0.27 rel=0.94 bal=-0.23 obs=249 hard=240 obsc=265 yr=  0  nz=0.06 flt=0.01 dmap=+1/-2 shz=4.0 plan=13 cmd=(lx=+0.00,ly=+0.28,rx=+0.00)
  t= 50.8 ENG-GO pos=(-3.49,+0.72) yaw=+132.2 d=2.63 goal_err=-14 carrot_err=  -5 c0=1.03 clear=0.68 prog=0.27 rel=0.93 bal=-0.10 obs=249 hard=237 obsc=264 yr=  0  nz=0.07 flt=0.00 dmap=+0/-0 shz=4.0 plan=12 cmd=(lx=+0.00,ly=+0.28,rx=+0.00)
  t= 51.2 ENG-GO pos=(-3.52,+0.76) yaw=+132.2 d=2.58 goal_err=-14 carrot_err=  -5 c0=0.98 clear=0.66 prog=0.28 rel=0.94 bal=-0.09 obs=250 hard=239 obsc=265 yr=  0  nz=0.06 flt=0.00 dmap=+0/-0 shz=4.0 plan=12 cmd=(lx=+0.00,ly=+0.28,rx=+0.00)
  t= 51.7 ENG-GO pos=(-3.54,+0.78) yaw=+132.2 d=2.55 goal_err=-14 carrot_err=  -6 c0=0.95 clear=0.63 prog=0.29 rel=0.94 bal=-0.08 obs=250 hard=237 obsc=264 yr=  0  nz=0.06 flt=0.00 dmap=+0/-0 shz=4.0 plan=12 cmd=(lx=+0.00,ly=+0.28,rx=+0.00)
  t= 52.1 ENG-GO pos=(-3.57,+0.81) yaw=+132.2 d=2.51 goal_err=-15 carrot_err=  -6 c0=0.92 clear=0.61 prog=0.29 rel=0.92 bal=+0.01 obs=249 hard=238 obsc=264 yr=  0  nz=0.08 flt=0.01 dmap=+0/-0 shz=4.0 plan=12 cmd=(lx=+0.00,ly=+0.28,rx=+0.00)
  t= 52.5 ENG-GO pos=(-3.59,+0.84) yaw=+132.2 d=2.48 goal_err=-15 carrot_err=  -4 c0=0.88 clear=0.59 prog=0.28 rel=0.92 bal=-0.00 obs=249 hard=237 obsc=264 yr=  0  nz=0.08 flt=0.01 dmap=+0/-0 shz=4.0 plan=12 cmd=(lx=+0.00,ly=+0.28,rx=+0.00)
  t= 53.0 ENG-GO pos=(-3.62,+0.86) yaw=+132.2 d=2.44 goal_err=-15 carrot_err=  -4 c0=0.85 clear=0.57 prog=0.28 rel=0.93 bal=-0.01 obs=250 hard=238 obsc=265 yr=  0  nz=0.07 flt=0.01 dmap=+0/-0 shz=4.0 plan=12 cmd=(lx=+0.00,ly=+0.28,rx=+0.00)
  t= 53.4 ENG-GO pos=(-3.65,+0.90) yaw=+132.2 d=2.40 goal_err=-15 carrot_err=  -4 c0=0.90 clear=0.60 prog=0.29 rel=0.94 bal=-0.02 obs=249 hard=238 obsc=264 yr=  0  nz=0.06 flt=0.01 dmap=+1/-1 shz=4.0 plan=12 cmd=(lx=+0.00,ly=+0.28,rx=+0.00)
  t= 53.8 ENG-GO pos=(-3.67,+0.92) yaw=+132.2 d=2.37 goal_err=-16 carrot_err=  -4 c0=0.87 clear=0.58 prog=0.29 rel=0.95 bal=-0.25 obs=247 hard=238 obsc=264 yr=  0  nz=0.05 flt=0.01 dmap=+0/-0 shz=4.0 plan=12 cmd=(lx=+0.00,ly=+0.28,rx=+0.00)
  t= 54.2 ENG-GO pos=(-3.70,+0.95) yaw=+132.2 d=2.33 goal_err=-16 carrot_err=  -4 c0=0.83 clear=0.56 prog=0.28 rel=0.94 bal=-0.25 obs=248 hard=236 obsc=263 yr=  0  nz=0.06 flt=0.00 dmap=+0/-0 shz=4.0 plan=11 cmd=(lx=+0.00,ly=+0.28,rx=+0.00)
  t= 54.7 ENG-GO pos=(-3.72,+0.98) yaw=+132.2 d=2.30 goal_err=-16 carrot_err=  -5 c0=0.80 clear=0.53 prog=0.28 rel=0.93 bal=-0.25 obs=247 hard=235 obsc=262 yr=  0  nz=0.07 flt=0.00 dmap=+0/-1 shz=4.0 plan=11 cmd=(lx=+0.00,ly=+0.28,rx=+0.00)
  t= 55.1 ENG-GO pos=(-3.74,+1.00) yaw=+132.2 d=2.26 goal_err=-16 carrot_err=  -5 c0=0.77 clear=0.51 prog=0.27 rel=0.93 bal=-0.13 obs=248 hard=236 obsc=262 yr=  0  nz=0.07 flt=0.00 dmap=+0/-0 shz=4.0 plan=11 cmd=(lx=+0.00,ly=+0.28,rx=+0.00)
  t= 55.5 ENG-GO pos=(-3.77,+1.04) yaw=+132.2 d=2.22 goal_err=-17 carrot_err=  -3 c0=0.72 clear=0.48 prog=0.28 rel=0.92 bal=-0.13 obs=247 hard=236 obsc=260 yr=  0  nz=0.08 flt=0.01 dmap=+0/-0 shz=4.0 plan=11 cmd=(lx=+0.00,ly=+0.28,rx=+0.00)
  t= 55.9 ENG-GO pos=(-3.80,+1.06) yaw=+132.2 d=2.18 goal_err=-17 carrot_err=  -3 c0=0.69 clear=0.46 prog=0.29 rel=0.92 bal=-0.12 obs=247 hard=236 obsc=260 yr=  0  nz=0.08 flt=0.05 dmap=+0/-0 shz=4.0 plan=11 cmd=(lx=+0.00,ly=+0.28,rx=+0.00)
  t= 56.4 ENG-GO pos=(-3.82,+1.09) yaw=+132.2 d=2.15 goal_err=-17 carrot_err=  -3 c0=0.65 clear=0.44 prog=0.29 rel=0.93 bal=-0.05 obs=247 hard=234 obsc=261 yr=  0  nz=0.07 flt=0.01 dmap=+0/-0 shz=4.0 plan=11 cmd=(lx=+0.00,ly=+0.28,rx=+0.00)
  t= 56.8 ENG-GO pos=(-3.85,+1.12) yaw=+132.2 d=2.11 goal_err=-18 carrot_err=  -3 c0=0.62 clear=0.41 prog=0.29 rel=0.93 bal=-0.08 obs=248 hard=234 obsc=261 yr=  0  nz=0.07 flt=0.00 dmap=+0/-0 shz=4.0 plan=11 cmd=(lx=+0.00,ly=+0.28,rx=+0.00)
  t= 57.2 ENG-GO pos=(-3.87,+1.14) yaw=+132.2 d=2.08 goal_err=-18 carrot_err=  -3 c0=0.59 clear=0.39 prog=0.29 rel=0.92 bal=-0.08 obs=246 hard=234 obsc=261 yr=  0  nz=0.08 flt=0.01 dmap=+0/-2 shz=4.0 plan=10 cmd=(lx=+0.00,ly=+0.28,rx=+0.00)
  t= 57.6 ENG-GO pos=(-3.90,+1.17) yaw=+132.2 d=2.05 goal_err=-18 carrot_err=  -3 c0=0.55 clear=0.37 prog=0.27 rel=0.93 bal=-0.09 obs=247 hard=236 obsc=260 yr=  0  nz=0.07 flt=0.00 dmap=+0/-0 shz=4.0 plan=10 cmd=(lx=+0.00,ly=+0.28,rx=+0.00)
  t= 58.1 ENG-GO pos=(-3.92,+1.20) yaw=+132.2 d=2.01 goal_err=-18 carrot_err=  -4 c0=0.79 clear=0.53 prog=0.27 rel=0.93 bal=-0.09 obs=246 hard=236 obsc=261 yr=  0  nz=0.07 flt=0.00 dmap=+0/-0 shz=4.0 plan=10 cmd=(lx=+0.00,ly=+0.28,rx=+0.00)
  t= 58.5 ENG-GO pos=(-3.95,+1.23) yaw=+132.2 d=1.97 goal_err=-19 carrot_err=  -4 c0=0.75 clear=0.50 prog=0.28 rel=0.87 bal=-0.09 obs=247 hard=236 obsc=261 yr=  0  nz=0.13 flt=0.00 dmap=+1/-1 shz=3.9 plan=10 cmd=(lx=+0.00,ly=+0.28,rx=+0.00)
  t= 58.9 ENG-GO pos=(-3.97,+1.26) yaw=+132.2 d=1.94 goal_err=-19 carrot_err= -12 c0=0.71 clear=0.48 prog=0.28 rel=0.84 bal=-0.09 obs=247 hard=236 obsc=261 yr=  0  nz=0.16 flt=0.00 dmap=+1/-1 shz=4.0 plan=10 cmd=(lx=+0.00,ly=+0.28,rx=+0.00)
  t= 59.3 ENG-GO pos=(-4.00,+1.28) yaw=+132.2 d=1.90 goal_err=-20 carrot_err= -13 c0=0.68 clear=0.46 prog=0.28 rel=0.85 bal=-0.09 obs=248 hard=237 obsc=261 yr=  0  nz=0.15 flt=0.01 dmap=+0/-0 shz=4.0 plan=10 cmd=(lx=+0.00,ly=+0.28,rx=+0.00)
  t= 59.8 ENG-GO pos=(-4.02,+1.31) yaw=+132.2 d=1.87 goal_err=-20 carrot_err= -19 c0=0.65 clear=0.43 prog=0.27 rel=0.92 bal=-0.10 obs=249 hard=237 obsc=261 yr=  0  nz=0.08 flt=0.00 dmap=+0/-0 shz=4.0 plan=10 cmd=(lx=+0.00,ly=+0.28,rx=+0.00)
  t= 60.2 ENG-GO pos=(-4.04,+1.33) yaw=+132.2 d=1.84 goal_err=-20 carrot_err= -20 c0=0.62 clear=0.41 prog=0.25 rel=0.93 bal=-0.11 obs=246 hard=236 obsc=260 yr=  0  nz=0.07 flt=0.00 dmap=+1/-4 shz=4.0 plan=10 cmd=(lx=+0.00,ly=+0.28,rx=+0.00)
  t= 60.6 ENG-GO pos=(-4.06,+1.36) yaw=+132.2 d=1.81 goal_err=-21 carrot_err= -20 c0=0.59 clear=0.39 prog=0.25 rel=0.94 bal=-0.12 obs=246 hard=233 obsc=258 yr=  0  nz=0.06 flt=0.00 dmap=+0/-0 shz=3.9 plan=9 cmd=(lx=+0.00,ly=+0.28,rx=+0.00)
  t= 61.0 ENG-GO pos=(-4.09,+1.39) yaw=+132.2 d=1.77 goal_err=-21 carrot_err= -21 c0=1.38 clear=0.92 prog=0.26 rel=0.94 bal=-0.13 obs=246 hard=234 obsc=258 yr=  0  nz=0.06 flt=0.00 dmap=+0/-0 shz=4.0 plan=9 cmd=(lx=+0.00,ly=+0.28,rx=+0.00)
  t= 61.5 ENG-GO pos=(-4.11,+1.41) yaw=+132.2 d=1.74 goal_err=-21 carrot_err= -22 c0=1.34 clear=0.90 prog=0.25 rel=0.56 bal=-0.14 obs=247 hard=236 obsc=260 yr=  0  nz=0.44 flt=0.00 dmap=+2/-1 shz=4.0 plan=9 cmd=(lx=+0.00,ly=+0.28,rx=+0.00)
  t= 61.9 ENG-GO pos=(-4.13,+1.43) yaw=+132.2 d=1.71 goal_err=-22 carrot_err= -23 c0=1.31 clear=0.88 prog=0.25 rel=0.43 bal=-0.15 obs=247 hard=236 obsc=259 yr=  0  nz=0.57 flt=0.03 dmap=+0/-0 shz=4.0 plan=9 cmd=(lx=+0.00,ly=+0.28,rx=+0.00)
  t= 62.3 ENG-GO pos=(-4.15,+1.46) yaw=+132.2 d=1.69 goal_err=-22 carrot_err= -24 c0=1.28 clear=0.86 prog=0.24 rel=0.56 bal=-0.21 obs=250 hard=238 obsc=262 yr=  0  nz=0.44 flt=0.02 dmap=+0/-0 shz=4.0 plan=9 cmd=(lx=+0.00,ly=+0.28,rx=+0.00)
  t= 62.8 ENG-GO pos=(-4.18,+1.48) yaw=+132.2 d=1.66 goal_err=-23 carrot_err= -25 c0=1.25 clear=0.83 prog=0.24 rel=0.94 bal=-0.21 obs=252 hard=239 obsc=264 yr=  0  nz=0.06 flt=0.01 dmap=+2/-0 shz=4.0 plan=9 cmd=(lx=+0.00,ly=+0.28,rx=+0.00)
  t= 63.2 ENG-GO pos=(-4.20,+1.51) yaw=+132.2 d=1.62 goal_err=-23 carrot_err= -18 c0=1.22 clear=0.81 prog=0.23 rel=0.94 bal=-0.20 obs=249 hard=235 obsc=260 yr=  0  nz=0.06 flt=0.00 dmap=+0/-5 shz=4.0 plan=9 cmd=(lx=+0.00,ly=+0.28,rx=+0.00)
  t= 63.6 ENG-GO pos=(-4.23,+1.54) yaw=+132.2 d=1.58 goal_err=-24 carrot_err= -19 c0=1.17 clear=0.78 prog=0.25 rel=0.94 bal=-0.08 obs=250 hard=236 obsc=261 yr=  0  nz=0.06 flt=0.01 dmap=+0/-0 shz=4.0 plan=8 cmd=(lx=+0.00,ly=+0.28,rx=+0.00)
  t= 64.0 ENG-GO pos=(-4.25,+1.57) yaw=+132.2 d=1.55 goal_err=-24 carrot_err= -20 c0=1.14 clear=0.76 prog=0.26 rel=0.93 bal=-0.08 obs=251 hard=239 obsc=263 yr=  0  nz=0.07 flt=0.00 dmap=+0/-0 shz=4.0 plan=8 cmd=(lx=+0.00,ly=+0.28,rx=+0.00)
  t= 64.5 ENG-GO pos=(-4.28,+1.59) yaw=+132.2 d=1.52 goal_err=-25 carrot_err= -20 c0=1.10 clear=0.74 prog=0.27 rel=0.92 bal=-0.08 obs=252 hard=241 obsc=264 yr=  0  nz=0.08 flt=0.01 dmap=+2/-1 shz=4.0 plan=8 cmd=(lx=+0.00,ly=+0.28,rx=+0.00)
  t= 64.9 ENG-GO pos=(-4.30,+1.62) yaw=+132.2 d=1.48 goal_err=-25 carrot_err= -21 c0=1.07 clear=0.71 prog=0.27 rel=0.94 bal=-0.08 obs=253 hard=240 obsc=264 yr=  0  nz=0.07 flt=0.01 dmap=+0/-0 shz=4.0 plan=8 cmd=(lx=+0.00,ly=+0.28,rx=+0.00)
  t= 65.3 ENG-GO pos=(-4.33,+1.65) yaw=+132.2 d=1.45 goal_err=-26 carrot_err= -22 c0=1.04 clear=0.69 prog=0.26 rel=0.92 bal=-0.00 obs=254 hard=242 obsc=266 yr=  0  nz=0.08 flt=0.00 dmap=+0/-0 shz=4.0 plan=8 cmd=(lx=+0.00,ly=+0.28,rx=+0.00)
  t= 65.7 ENG-GO pos=(-4.35,+1.67) yaw=+132.2 d=1.42 goal_err=-27 carrot_err= -23 c0=1.00 clear=0.67 prog=0.26 rel=0.92 bal=-0.49 obs=256 hard=243 obsc=267 yr=  0  nz=0.09 flt=0.00 dmap=+1/-0 shz=4.0 plan=8 cmd=(lx=+0.00,ly=+0.28,rx=+0.00)
  t= 66.2 ENG-GO pos=(-4.38,+1.71) yaw=+132.2 d=1.38 goal_err=-27 carrot_err= -28 c0=0.96 clear=0.64 prog=0.27 rel=0.93 bal=-0.50 obs=257 hard=243 obsc=268 yr=  0  nz=0.07 flt=0.00 dmap=+0/-0 shz=4.0 plan=8 cmd=(lx=+0.00,ly=+0.28,rx=+0.00)
  t= 66.6 ENG-GO pos=(-4.40,+1.73) yaw=+132.2 d=1.35 goal_err=-28 carrot_err= -29 c0=0.92 clear=0.61 prog=0.27 rel=0.92 bal=-0.61 obs=256 hard=243 obsc=268 yr=  0  nz=0.08 flt=0.01 dmap=+0/-0 shz=4.0 plan=8 cmd=(lx=+0.00,ly=+0.28,rx=+0.00)
  t= 67.0 ENG-GO pos=(-4.43,+1.76) yaw=+132.2 d=1.32 goal_err=-29 carrot_err= -31 c0=0.89 clear=0.59 prog=0.26 rel=0.93 bal=-0.62 obs=254 hard=241 obsc=266 yr=  0  nz=0.07 flt=0.00 dmap=+0/-1 shz=4.0 plan=7 cmd=(lx=+0.00,ly=+0.28,rx=+0.00)
  [META2-DOOR] Door_Direct: CRUZADA (cols=0) -> Pl=1.00
  t= 67.4 DWA-F pos=(-4.45,+1.79) yaw=+132.2 d=1.28 goal_err=-30 carrot_err= -32 c0=0.85 clear=0.57 prog=0.26 rel=0.92 bal=-0.62 obs=254 hard=241 obsc=265 yr=  0G nz=0.08 flt=0.00 dmap=+0/-0 shz=4.0 plan=7 cmd=(lx=+0.00,ly=+0.40,rx=+0.45)
  t= 67.9 DWA-F pos=(-4.48,+1.82) yaw=+129.0 d=1.24 goal_err=-28 carrot_err= -30 c0=0.81 clear=0.54 prog=0.28 rel=0.93 bal=-0.53 obs=254 hard=241 obsc=265 yr=  0  nz=0.07 flt=0.02 dmap=+0/-0 shz=4.0 plan=7 cmd=(lx=+0.00,ly=+0.40,rx=+0.00)
  t= 68.3 DWA-F pos=(-4.51,+1.86) yaw=+127.4 d=1.20 goal_err=-27 carrot_err= -31 c0=0.88 clear=0.58 prog=0.27 rel=0.93 bal=-0.51 obs=254 hard=243 obsc=267 yr= 14G nz=0.07 flt=0.09 dmap=+0/-0 shz=4.0 plan=7 cmd=(lx=+0.00,ly=+0.40,rx=+0.45)
  t= 68.7 DWA-F pos=(-4.54,+1.89) yaw=+124.2 d=1.16 goal_err=-25 carrot_err= -29 c0=0.84 clear=0.56 prog=0.29 rel=0.94 bal=-0.42 obs=259 hard=246 obsc=274 yr=  0  nz=0.06 flt=0.04 dmap=+0/-0 shz=4.0 plan=7 cmd=(lx=+0.00,ly=+0.40,rx=+0.00)
  t= 69.2 DWA-F pos=(-4.57,+1.94) yaw=+124.2 d=1.11 goal_err=-26 carrot_err= -19 c0=0.78 clear=0.52 prog=0.32 rel=0.94 bal=-0.43 obs=257 hard=244 obsc=273 yr=  0  nz=0.06 flt=0.01 dmap=+0/-0 shz=4.0 plan=7 cmd=(lx=+0.00,ly=+0.40,rx=+0.00)
  t= 69.6 DWA-F pos=(-4.59,+1.97) yaw=+124.2 d=1.08 goal_err=-27 carrot_err= -20 c0=0.75 clear=0.50 prog=0.31 rel=0.93 bal=-0.44 obs=257 hard=244 obsc=273 yr=  0  nz=0.07 flt=0.00 dmap=+1/-1 shz=4.0 plan=7 cmd=(lx=+0.00,ly=+0.40,rx=+0.00)
  t= 70.0 DWA-F pos=(-4.62,+2.01) yaw=+124.2 d=1.03 goal_err=-28 carrot_err= -21 c0=0.70 clear=0.47 prog=0.32 rel=0.92 bal=-0.56 obs=257 hard=244 obsc=273 yr=  0  nz=0.08 flt=0.00 dmap=+1/-1 shz=4.0 plan=6 cmd=(lx=+0.00,ly=+0.40,rx=+0.00)
  t= 70.5 DWA-F pos=(-4.64,+2.05) yaw=+124.2 d=1.00 goal_err=-29 carrot_err= -22 c0=0.66 clear=0.44 prog=0.32 rel=0.92 bal=-0.56 obs=258 hard=244 obsc=274 yr=  0  nz=0.08 flt=0.00 dmap=+0/-0 shz=4.0 plan=6 cmd=(lx=+0.00,ly=+0.40,rx=+0.00)
  t= 70.9 DWA-F pos=(-4.67,+2.08) yaw=+124.2 d=0.96 goal_err=-30 carrot_err= -24 c0=0.90 clear=0.60 prog=0.30 rel=0.91 bal=-0.57 obs=258 hard=244 obsc=273 yr=  0  nz=0.09 flt=0.01 dmap=+0/-0 shz=4.0 plan=6 cmd=(lx=+0.00,ly=+0.40,rx=+0.00)
  t= 71.3 DWA-F pos=(-4.69,+2.12) yaw=+124.2 d=0.92 goal_err=-32 carrot_err= -27 c0=0.86 clear=0.57 prog=0.31 rel=0.87 bal=-0.44 obs=255 hard=242 obsc=274 yr=  0  nz=0.13 flt=0.01 dmap=+0/-3 shz=4.0 plan=5 cmd=(lx=+0.00,ly=+0.40,rx=+0.00)
  t= 71.7 DWA-F pos=(-4.71,+2.15) yaw=+124.2 d=0.89 goal_err=-33 carrot_err= -28 c0=0.82 clear=0.55 prog=0.29 rel=0.83 bal=-0.44 obs=256 hard=242 obsc=273 yr=  0  nz=0.17 flt=0.01 dmap=+0/-0 shz=4.0 plan=5 cmd=(lx=+0.00,ly=+0.40,rx=+0.00)
  t= 72.2 DWA-F pos=(-4.73,+2.18) yaw=+124.2 d=0.86 goal_err=-34 carrot_err= -30 c0=0.79 clear=0.52 prog=0.28 rel=0.87 bal=-0.44 obs=257 hard=242 obsc=273 yr=  0  nz=0.13 flt=0.00 dmap=+0/-0 shz=4.0 plan=5 cmd=(lx=+0.00,ly=+0.40,rx=+0.45)
  t= 72.6 DWA-F pos=(-4.76,+2.22) yaw=+121.0 d=0.82 goal_err=-33 carrot_err= -28 c0=1.15 clear=0.77 prog=0.27 rel=0.88 bal=-0.44 obs=259 hard=245 obsc=275 yr= 15  nz=0.12 flt=0.00 dmap=+2/-1 shz=4.0 plan=5 cmd=(lx=+0.00,ly=+0.40,rx=+0.00)
  t= 73.0 DWA-F pos=(-4.78,+2.26) yaw=+119.4 d=0.78 goal_err=-33 carrot_err= -28 c0=1.10 clear=0.74 prog=0.28 rel=0.75 bal=-0.44 obs=259 hard=245 obsc=274 yr=  0  nz=0.25 flt=0.00 dmap=+0/-0 shz=4.0 plan=5 cmd=(lx=+0.00,ly=+0.40,rx=+0.45)
  t= 73.5 DWA-F pos=(-4.80,+2.30) yaw=+116.1 d=0.75 goal_err=-31 carrot_err= -26 c0=1.07 clear=0.71 prog=0.27 rel=0.74 bal=-0.43 obs=268 hard=252 obsc=283 yr=  0  nz=0.26 flt=0.14 dmap=+0/-0 shz=4.0 plan=5 cmd=(lx=+0.00,ly=+0.40,rx=+0.00)
  t= 73.9 DWA-F pos=(-4.82,+2.33) yaw=+116.1 d=0.71 goal_err=-33 carrot_err= -28 c0=1.03 clear=0.69 prog=0.27 rel=0.92 bal=-0.42 obs=267 hard=253 obsc=282 yr=  0  nz=0.09 flt=0.04 dmap=+0/-0 shz=4.0 plan=5 cmd=(lx=+0.00,ly=+0.40,rx=+0.00)
  t= 74.3 DWA-F pos=(-4.84,+2.37) yaw=+114.5 d=0.68 goal_err=-33 carrot_err= -28 c0=1.01 clear=0.67 prog=0.28 rel=0.92 bal=-0.42 obs=267 hard=254 obsc=282 yr= 15G nz=0.09 flt=0.05 dmap=+0/-0 shz=4.0 plan=4 cmd=(lx=+0.00,ly=+0.40,rx=+0.00)
  t= 74.8 DWA-F pos=(-4.85,+2.41) yaw=+112.9 d=0.64 goal_err=-34 carrot_err= -28 c0=0.96 clear=0.64 prog=0.28 rel=0.93 bal=-0.40 obs=268 hard=255 obsc=284 yr=  0  nz=0.07 flt=0.02 dmap=+0/-0 shz=4.0 plan=4 cmd=(lx=+0.00,ly=+0.40,rx=+0.45)
  t= 75.2 DWA-F pos=(-4.87,+2.46) yaw=+108.1 d=0.60 goal_err=-32 carrot_err= -26 c0=0.91 clear=0.61 prog=0.28 rel=0.92 bal=-0.41 obs=268 hard=255 obsc=284 yr= 15  nz=0.08 flt=0.05 dmap=+0/-0 shz=4.0 plan=4 cmd=(lx=+0.00,ly=+0.40,rx=+0.00)
  t= 75.6 DWA-F pos=(-4.89,+2.50) yaw=+108.1 d=0.56 goal_err=-34 carrot_err= -28 c0=0.87 clear=0.58 prog=0.29 rel=0.92 bal=-0.41 obs=268 hard=255 obsc=283 yr=  0G nz=0.08 flt=0.00 dmap=+0/-0 shz=3.9 plan=4 cmd=(lx=+0.00,ly=+0.40,rx=+0.45)
  t= 76.1 DWA-F pos=(-4.90,+2.54) yaw=+103.3 d=0.53 goal_err=-32 carrot_err= -25 c0=0.83 clear=0.55 prog=0.29 rel=0.91 bal=-0.40 obs=265 hard=255 obsc=275 yr=  0  nz=0.09 flt=0.05 dmap=+0/-4 shz=4.0 plan=3 cmd=(lx=+0.00,ly=+0.40,rx=+0.00)
  t= 76.5 DWA-F pos=(-4.91,+2.58) yaw=+100.1 d=0.49 goal_err=-31 carrot_err= -24 c0=0.96 clear=0.64 prog=0.29 rel=0.92 bal=-0.39 obs=265 hard=255 obsc=275 yr= 15G nz=0.08 flt=0.03 dmap=+0/-0 shz=4.0 plan=3 cmd=(lx=+0.00,ly=+0.40,rx=+0.00)
  t= 76.9 DWA-T pos=(-4.91,+2.62) yaw= +96.9 d=0.46 goal_err=-30 carrot_err= -23 c0=1.10 clear=0.73 prog=0.29 rel=0.91 bal=-0.18 obs=266 hard=253 obsc=275 yr= 15G nz=0.09 flt=0.01 dmap=+0/-0 shz=4.0 plan=3 cmd=(lx=+0.00,ly=+0.00,rx=+0.00)
  t= 77.3 DWA-T pos=(-4.91,+2.63) yaw= +95.3 d=0.45 goal_err=-29 carrot_err= -22 c0=1.09 clear=0.72 prog=0.22 rel=0.86 bal=-0.20 obs=264 hard=253 obsc=273 yr=  0  nz=0.14 flt=0.00 dmap=+0/-0 shz=4.0 plan=3 cmd=(lx=+0.00,ly=+0.00,rx=+0.00)
  t= 77.8 DWA-T pos=(-4.91,+2.63) yaw= +95.3 d=0.45 goal_err=-29 carrot_err= -22 c0=1.09 clear=0.72 prog=0.16 rel=0.86 bal=-0.20 obs=264 hard=253 obsc=273 yr=  0  nz=0.14 flt=0.00 dmap=+0/-0 shz=4.0 plan=3 cmd=(lx=+0.00,ly=+0.00,rx=+0.00)
  t= 78.2 DWA-T pos=(-4.91,+2.63) yaw= +95.3 d=0.45 goal_err=-29 carrot_err= -22 c0=1.09 clear=0.72 prog=0.10 rel=0.86 bal=-0.20 obs=264 hard=253 obsc=273 yr=  0  nz=0.14 flt=0.00 dmap=+0/-0 shz=4.0 plan=0 cmd=(lx=+0.00,ly=+0.00,rx=+0.00)
  t= 78.6 BRK-BK pos=(-4.91,+2.60) yaw= +95.3 d=0.47 goal_err=-28 carrot_err= -21 c0=1.11 clear=0.74 prog=0.01 rel=0.86 bal=-0.18 obs=262 hard=252 obsc=272 yr=  0  nz=0.14 flt=0.00 dmap=+0/-2 shz=3.7 plan=0 cmd=(lx=+0.00,ly=-0.35,rx=+0.00)
  t= 79.1 BRK-TR pos=(-4.91,+2.58) yaw= +92.1 d=0.50 goal_err=-23 carrot_err= -17 c0=1.13 clear=0.76 prog=0.00 rel=0.98 bal=-0.20 obs=262 hard=252 obsc=272 yr= 15G nz=0.02 flt=0.04 dmap=+0/-0 shz=3.7 plan=0 cmd=(lx=+0.00,ly=+0.00,rx=+0.45)
  t= 79.5 BRK-TR pos=(-4.91,+2.58) yaw= +85.7 d=0.50 goal_err=-17 carrot_err= -10 c0=1.14 clear=0.76 prog=0.00 rel=0.88 bal=-0.20 obs=262 hard=252 obsc=272 yr= 15G nz=0.12 flt=0.00 dmap=+0/-0 shz=3.7 plan=0 cmd=(lx=+0.00,ly=+0.00,rx=+0.45)
  t= 79.9 BRK-TR pos=(-4.91,+2.58) yaw= +79.3 d=0.50 goal_err=-10 carrot_err=  -4 c0=1.14 clear=0.76 prog=0.00 rel=0.89 bal=-0.29 obs=262 hard=252 obsc=272 yr= 15G nz=0.11 flt=0.08 dmap=+0/-0 shz=3.7 plan=0 cmd=(lx=+0.00,ly=+0.00,rx=+0.45)
  t= 80.3 BRK-TR pos=(-4.91,+2.58) yaw= +73.1 d=0.50 goal_err=-4 carrot_err=  +2 c0=1.09 clear=0.72 prog=0.00 rel=0.90 bal=-0.34 obs=262 hard=253 obsc=272 yr= 14G nz=0.10 flt=0.01 dmap=+0/-0 shz=3.7 plan=0 cmd=(lx=+0.00,ly=+0.00,rx=+0.45)
  t= 80.8 BRK-TR pos=(-4.91,+2.58) yaw= +67.1 d=0.50 goal_err=+2 carrot_err=  +8 c0=1.09 clear=0.72 prog=0.00 rel=0.89 bal=-0.34 obs=262 hard=253 obsc=272 yr= 14G nz=0.11 flt=0.01 dmap=+0/-0 shz=3.7 plan=0 cmd=(lx=+0.00,ly=+0.00,rx=+0.45)
  t= 81.2 DWA-F pos=(-4.91,+2.58) yaw= +59.7 d=0.50 goal_err=+9 carrot_err= +16 c0=1.09 clear=0.72 prog=0.00 rel=0.94 bal=-0.25 obs=262 hard=253 obsc=272 yr= 14G nz=0.06 flt=0.16 dmap=+0/-0 shz=3.7 plan=3 cmd=(lx=+0.00,ly=+0.40,rx=+0.00)
  t= 81.6 DWA-T pos=(-4.90,+2.59) yaw= +58.2 d=0.48 goal_err=+11 carrot_err= +18 c0=1.07 clear=0.71 prog=0.02 rel=0.95 bal=-0.25 obs=254 hard=248 obsc=261 yr=  0  nz=0.05 flt=0.05 dmap=+0/-1 shz=3.7 plan=3 cmd=(lx=+0.00,ly=+0.00,rx=+0.00)
  t= 82.1 DWA-T pos=(-4.90,+2.59) yaw= +58.2 d=0.48 goal_err=+11 carrot_err= +18 c0=1.07 clear=0.71 prog=0.02 rel=0.98 bal=-0.25 obs=254 hard=248 obsc=261 yr=  0  nz=0.02 flt=0.05 dmap=+0/-0 shz=3.7 plan=3 cmd=(lx=+0.00,ly=+0.00,rx=+0.00)
  t= 82.5 DWA-T pos=(-4.90,+2.59) yaw= +58.2 d=0.48 goal_err=+11 carrot_err= +18 c0=1.07 clear=0.71 prog=0.02 rel=0.98 bal=-0.25 obs=254 hard=248 obsc=261 yr=  0  nz=0.02 flt=0.05 dmap=+0/-0 shz=3.7 plan=3 cmd=(lx=+0.00,ly=+0.00,rx=+0.00)
  t= 82.9 BRK-BK pos=(-4.90,+2.59) yaw= +58.2 d=0.48 goal_err=+11 carrot_err= +18 c0=1.07 clear=0.71 prog=0.02 rel=0.98 bal=-0.25 obs=251 hard=245 obsc=257 yr=  0  nz=0.02 flt=0.00 dmap=+0/-3 shz=3.5 plan=0 cmd=(lx=+0.00,ly=-0.35,rx=+0.00)
  t= 83.3 BRK-TR pos=(-4.93,+2.55) yaw= +58.2 d=0.53 goal_err=+10 carrot_err= +16 c0=1.12 clear=0.75 prog=0.00 rel=0.97 bal=-0.25 obs=251 hard=245 obsc=257 yr=  0G nz=0.03 flt=0.01 dmap=+0/-0 shz=3.5 plan=0 cmd=(lx=+0.00,ly=+0.00,rx=+0.45)
  t= 83.8 BRK-TR pos=(-4.93,+2.54) yaw= +52.2 d=0.54 goal_err=+16 carrot_err= +22 c0=1.13 clear=0.76 prog=0.00 rel=0.94 bal=-0.18 obs=251 hard=245 obsc=257 yr= 14G nz=0.06 flt=0.15 dmap=+0/-0 shz=3.5 plan=0 cmd=(lx=+0.00,ly=+0.00,rx=+0.45)
  t= 84.2 BRK-TR pos=(-4.93,+2.54) yaw= +46.2 d=0.54 goal_err=+22 carrot_err= +28 c0=1.13 clear=0.76 prog=0.00 rel=0.95 bal=-0.18 obs=251 hard=246 obsc=257 yr= 14G nz=0.05 flt=0.01 dmap=+0/-0 shz=3.5 plan=0 cmd=(lx=+0.00,ly=+0.00,rx=+0.45)
  t= 84.6 BRK-TR pos=(-4.93,+2.54) yaw= +40.3 d=0.54 goal_err=+28 carrot_err= +34 c0=1.13 clear=0.76 prog=0.00 rel=0.95 bal=-0.18 obs=251 hard=246 obsc=257 yr= 14G nz=0.05 flt=0.00 dmap=+0/-0 shz=3.5 plan=0 cmd=(lx=+0.00,ly=+0.00,rx=+0.45)
  t= 85.0 BRK-TR pos=(-4.93,+2.54) yaw= +34.3 d=0.54 goal_err=+34 carrot_err= +39 c0=1.13 clear=0.76 prog=0.00 rel=0.99 bal=-0.06 obs=252 hard=247 obsc=258 yr= 14G nz=0.01 flt=0.00 dmap=+0/-0 shz=3.5 plan=0 cmd=(lx=+0.00,ly=+0.00,rx=+0.45)
  t= 85.5 BRK-TR pos=(-4.93,+2.54) yaw= +28.4 d=0.54 goal_err=+40 carrot_err= +45 c0=1.13 clear=0.76 prog=0.00 rel=0.99 bal=+0.01 obs=252 hard=247 obsc=258 yr= 14G nz=0.01 flt=0.01 dmap=+0/-0 shz=3.5 plan=0 cmd=(lx=+0.00,ly=+0.00,rx=+0.45)
  t= 85.9 DWA-F pos=(-4.93,+2.54) yaw= +25.4 d=0.54 goal_err=+43 carrot_err= +49 c0=1.13 clear=0.75 prog=0.01 rel=0.98 bal=+0.01 obs=252 hard=247 obsc=258 yr= 14G nz=0.02 flt=0.14 dmap=+0/-0 shz=3.5 plan=3 cmd=(lx=+0.00,ly=+0.28,rx=-0.45)
  t= 86.3 DWA-F pos=(-4.90,+2.55) yaw= +31.4 d=0.52 goal_err=+39 carrot_err= +46 c0=1.10 clear=0.73 prog=0.04 rel=0.93 bal=+0.02 obs=252 hard=247 obsc=258 yr= 14G nz=0.03 flt=0.19 dmap=+0/-0 shz=3.5 plan=3 cmd=(lx=+0.00,ly=+0.28,rx=-0.45)
  t= 86.8 DWA-F pos=(-4.88,+2.57) yaw= +37.3 d=0.50 goal_err=+35 carrot_err= +42 c0=1.08 clear=0.72 prog=0.08 rel=0.95 bal=-0.04 obs=252 hard=247 obsc=258 yr= 14G nz=0.05 flt=0.00 dmap=+0/-0 shz=3.5 plan=3 cmd=(lx=+0.00,ly=+0.28,rx=-0.45)
  t= 87.2 DWA-F pos=(-4.86,+2.59) yaw= +43.3 d=0.47 goal_err=+31 carrot_err= +39 c0=1.05 clear=0.70 prog=0.12 rel=0.94 bal=-0.04 obs=252 hard=247 obsc=258 yr= 14G nz=0.06 flt=0.03 dmap=+0/-0 shz=3.5 plan=3 cmd=(lx=+0.00,ly=+0.28,rx=-0.45)
  t= 87.6 DWA-F pos=(-4.83,+2.61) yaw= +50.7 d=0.44 goal_err=+26 carrot_err= +34 c0=1.01 clear=0.68 prog=0.17 rel=0.90 bal=-0.20 obs=253 hard=248 obsc=259 yr= 14  nz=0.07 flt=0.23 dmap=+1/-0 shz=3.5 plan=3 cmd=(lx=+0.00,ly=+0.28,rx=-0.45)
  t= 88.1 DWA-T pos=(-4.82,+2.63) yaw= +55.2 d=0.42 goal_err=+22 carrot_err= +31 c0=0.99 clear=0.66 prog=0.18 rel=0.93 bal=-0.20 obs=253 hard=248 obsc=259 yr= 14G nz=0.07 flt=0.06 dmap=+0/-0 shz=3.5 plan=3 cmd=(lx=+0.00,ly=+0.00,rx=+0.00)

  >>> MODO AGRESIVO ON (12s sin acercarse a B): reduzco inflado y holgura (min seguridad 0.24m) para cruzar la puerta.
  t= 88.5 AGR-DWA-T pos=(-4.82,+2.63) yaw= +56.7 d=0.42 goal_err=+21 carrot_err= +31 c0=0.98 clear=0.66 prog=0.16 rel=0.94 bal=-0.20 obs=243 hard=237 obsc=256 yr=  0  nz=0.06 flt=0.02 dmap=+1/-5 shz=3.5 plan=3 cmd=(lx=+0.00,ly=+0.00,rx=+0.00)
  t= 88.9 AGR-DWA-T pos=(-4.82,+2.63) yaw= +56.7 d=0.42 goal_err=+21 carrot_err= +31 c0=0.98 clear=0.66 prog=0.12 rel=0.94 bal=-0.20 obs=243 hard=237 obsc=256 yr=  0  nz=0.06 flt=0.02 dmap=+0/-0 shz=3.5 plan=3 cmd=(lx=+0.00,ly=+0.00,rx=+0.00)
  t= 89.3 AGR-DWA-T pos=(-4.82,+2.63) yaw= +56.7 d=0.42 goal_err=+21 carrot_err= +31 c0=0.98 clear=0.66 prog=0.07 rel=0.94 bal=-0.20 obs=243 hard=237 obsc=256 yr=  0  nz=0.06 flt=0.02 dmap=+0/-0 shz=3.5 plan=0 cmd=(lx=+0.00,ly=+0.00,rx=+0.00)
  t= 89.8 AGR-BRK-BK pos=(-4.83,+2.61) yaw= +56.7 d=0.44 goal_err=+20 carrot_err= +29 c0=1.01 clear=0.67 prog=0.00 rel=0.94 bal=-0.20 obs=242 hard=233 obsc=253 yr=  0  nz=0.06 flt=0.00 dmap=+1/-2 shz=3.3 plan=0 cmd=(lx=+0.00,ly=-0.35,rx=+0.00)
  t= 90.2 AGR-BRK-TR pos=(-4.85,+2.59) yaw= +53.7 d=0.46 goal_err=+22 carrot_err= +30 c0=1.03 clear=0.69 prog=0.00 rel=0.96 bal=-0.19 obs=242 hard=234 obsc=253 yr= 14G nz=0.04 flt=0.00 dmap=+0/-0 shz=3.3 plan=0 cmd=(lx=+0.00,ly=+0.00,rx=+0.45)
  t= 90.6 AGR-BRK-TR pos=(-4.85,+2.59) yaw= +46.2 d=0.46 goal_err=+29 carrot_err= +37 c0=1.03 clear=0.69 prog=0.00 rel=0.98 bal=-0.03 obs=242 hard=234 obsc=253 yr= 28G nz=0.02 flt=0.06 dmap=+0/-0 shz=3.3 plan=0 cmd=(lx=+0.00,ly=+0.00,rx=+0.45)
  t= 91.1 AGR-BRK-TR pos=(-4.85,+2.59) yaw= +40.3 d=0.46 goal_err=+35 carrot_err= +43 c0=1.03 clear=0.69 prog=0.00 rel=0.98 bal=-0.03 obs=242 hard=235 obsc=253 yr= 15G nz=0.02 flt=0.01 dmap=+0/-0 shz=3.3 plan=0 cmd=(lx=+0.00,ly=+0.00,rx=+0.45)
  t= 91.5 AGR-BRK-TR pos=(-4.85,+2.59) yaw= +34.3 d=0.46 goal_err=+41 carrot_err= +49 c0=1.03 clear=0.69 prog=0.00 rel=0.98 bal=+0.03 obs=242 hard=235 obsc=253 yr= 14G nz=0.02 flt=0.08 dmap=+0/-0 shz=3.3 plan=0 cmd=(lx=+0.00,ly=+0.00,rx=+0.45)
  t= 91.9 AGR-BRK-TR pos=(-4.85,+2.59) yaw= +28.4 d=0.46 goal_err=+47 carrot_err= +55 c0=1.03 clear=0.69 prog=0.00 rel=0.99 bal=+0.03 obs=242 hard=235 obsc=253 yr= 14G nz=0.01 flt=0.00 dmap=+0/-0 shz=3.3 plan=0 cmd=(lx=+0.00,ly=+0.00,rx=+0.45)
  t= 92.3 AGR-DWA-F pos=(-4.85,+2.59) yaw= +22.4 d=0.46 goal_err=+53 carrot_err= +61 c0=1.17 clear=0.78 prog=0.00 rel=0.91 bal=+0.05 obs=242 hard=235 obsc=253 yr= 14G nz=0.09 flt=0.00 dmap=+0/-0 shz=3.3 plan=3 cmd=(lx=+0.00,ly=+0.28,rx=-0.45)
  t= 92.8 AGR-DWA-F pos=(-4.83,+2.60) yaw= +25.4 d=0.45 goal_err=+52 carrot_err= +61 c0=1.15 clear=0.77 prog=0.02 rel=0.90 bal=+0.04 obs=242 hard=235 obsc=253 yr= 14G nz=0.10 flt=0.14 dmap=+0/-0 shz=3.3 plan=3 cmd=(lx=+0.00,ly=+0.28,rx=-0.45)
  t= 93.2 AGR-DWA-F pos=(-4.80,+2.61) yaw= +31.4 d=0.43 goal_err=+49 carrot_err= +59 c0=0.99 clear=0.66 prog=0.05 rel=0.88 bal=+0.04 obs=242 hard=235 obsc=253 yr= 14G nz=0.12 flt=0.02 dmap=+0/-0 shz=3.3 plan=3 cmd=(lx=+0.00,ly=+0.28,rx=-0.45)
  t= 93.6 AGR-DWA-F pos=(-4.78,+2.63) yaw= +37.3 d=0.42 goal_err=+46 carrot_err= +56 c0=0.96 clear=0.64 prog=0.08 rel=0.82 bal=+0.04 obs=244 hard=237 obsc=255 yr= 14G nz=0.15 flt=0.16 dmap=+1/-0 shz=3.3 plan=3 cmd=(lx=+0.00,ly=+0.28,rx=-0.45)
  t= 94.1 AGR-DWA-F pos=(-4.75,+2.65) yaw= +44.8 d=0.39 goal_err=+42 carrot_err= +53 c0=0.93 clear=0.62 prog=0.12 rel=0.88 bal=-0.00 obs=244 hard=237 obsc=255 yr= 14G nz=0.12 flt=0.04 dmap=+0/-0 shz=3.3 plan=3 cmd=(lx=+0.00,ly=+0.28,rx=-0.45)
  t= 94.5 AGR-DWA-F pos=(-4.73,+2.67) yaw= +50.7 d=0.37 goal_err=+39 carrot_err= +51 c0=0.90 clear=0.60 prog=0.15 rel=0.92 bal=+0.01 obs=246 hard=239 obsc=257 yr= 14G nz=0.07 flt=0.02 dmap=+1/-0 shz=3.3 plan=3 cmd=(lx=+0.00,ly=+0.28,rx=-0.45)

  LLEGADO a 'B' (-4.73,+3.04); error=0.35 m, colisiones=0.
  [spill] derrames=0 E[N]=0.00 eta_max=0.81 riesgo=0.8%
  [dataset] travesia guardada -> /Users/adrianlendinezibanez/Claude/Projects/G1 ROBOT/dataset/20260721_101640_ours_B.json
  [stats] fila anadida -> /Users/adrianlendinezibanez/Claude/Projects/G1 ROBOT/dataset/runs_stats.csv

Fin goto.
  [META2-L2] estado guardado (meta2_state_abfull.json): Pl={'Efficient_Nav': 1.0, 'Cautious_Nav': 1.0} derrames_run=0
