  backend grafico: TkAgg
>>> SIM ADAPTER: conectando a rosbridge ws://localhost:8765 ...
  esperando /odom (hasta 30s; el mundo del lab tarda en cargar)... ok
  /odom OK pose=(+0.99,+0.57) | /scan: OK
  escenario LAB: mapa/waypoints/puerta REALES (lab.world solo-paredes, frame G1)

>>> GOTO 'B' -> (-4.73,+3.04). Mando en mano (L2+B). Ctrl+C aborta.
    ENTORNO: SIM (id: lab_v1_ab_ctrl)  — esta run se registra como SIMULACION, no cuenta como run de robot
  Esperando pose localizada y primera nube... ok.
  FRAME-CHECK start=(+0.99,+0.57) wp_mas_cercano=A(+0.99,+0.57) offset=0.00m  -> frame OK (pose y waypoints alineados)
  [spill] payload de agua simulado (semilla=20260708_130040_ours_B.json)
  META2 ACTIVO (techo por analogia): Meta-Reasoner 2.0, analogia inicial Cautious_Nav

  !!!!!!!!!!!!!!!!!!!!!!!!!!!!!!!!!!!!!!!!!!!!!!!!!!!!!!!!!!!!!!!!!!!!!!!!!!
  !!  VISION OFF (G1_PERC sin definir) pero G1_NOVIS=1: navego SIN vision bajo tu responsabilidad.
  !!  La MESA invisible al LiDAR no se vera.
  !!!!!!!!!!!!!!!!!!!!!!!!!!!!!!!!!!!!!!!!!!!!!!!!!!!!!!!!!!!!!!!!!!!!!!!!!!

  mapa de referencia: 961 celdas | muebles estaticos (nav_map): 0 celdas | plan global: static
  t=  0.0 DWA-F pos=(+0.99,+0.57) yaw=-120.3 d=6.23 goal_err=-83 carrot_err= -62 c0=2.25 clear=1.00 prog=0.00 rel=1.00 bal=+0.19 obs=108 hard=108 obsc=108 yr=  0  nz=0.00 flt=0.19 dmap=+108/-0 shz=0.0 plan=34 cmd=(lx=+0.00,ly=+0.40,rx=+0.45)
  t=  0.4 DWA-F pos=(+0.97,+0.53) yaw=-126.3 d=6.22 goal_err=-77 carrot_err= -59 c0=2.21 clear=1.00 prog=0.05 rel=1.00 bal=+0.28 obs=111 hard=111 obsc=111 yr= 19G nz=0.00 flt=0.16 dmap=+0/-0 shz=4.7 plan=34 cmd=(lx=+0.00,ly=+0.40,rx=+0.45)
  t=  0.9 DWA-F pos=(+0.92,+0.47) yaw=-136.4 d=6.20 goal_err=-68 carrot_err= -54 c0=2.27 clear=1.00 prog=0.11 rel=0.96 bal=+0.41 obs=112 hard=112 obsc=112 yr= 19G nz=0.04 flt=0.02 dmap=+1/-0 shz=4.7 plan=34 cmd=(lx=+0.00,ly=+0.40,rx=+0.45)
  t=  1.3 DWA-F pos=(+0.87,+0.44) yaw=-142.4 d=6.18 goal_err=-63 carrot_err= -35 c0=2.50 clear=1.00 prog=0.14 rel=0.84 bal=+0.42 obs=127 hard=126 obsc=155 yr=  0  nz=0.16 flt=0.06 dmap=+0/-0 shz=4.2 plan=34 cmd=(lx=+0.00,ly=+0.40,rx=+0.00)
  t=  1.7 DWA-F pos=(+0.82,+0.40) yaw=-142.4 d=6.15 goal_err=-63 carrot_err= -38 c0=2.50 clear=1.00 prog=0.15 rel=0.79 bal=+0.42 obs=150 hard=133 obsc=166 yr=  0G nz=0.21 flt=0.02 dmap=+0/-0 shz=4.3 plan=33 cmd=(lx=+0.00,ly=+0.40,rx=+0.45)
  t=  2.2 DWA-F pos=(+0.78,+0.37) yaw=-148.4 d=6.12 goal_err=-58 carrot_err= -34 c0=2.50 clear=1.00 prog=0.18 rel=0.80 bal=+0.43 obs=160 hard=134 obsc=175 yr=  0  nz=0.19 flt=0.02 dmap=+11/-1 shz=4.2 plan=33 cmd=(lx=+0.00,ly=+0.40,rx=+0.00)
  t=  2.6 DWA-F pos=(+0.73,+0.34) yaw=-148.4 d=6.09 goal_err=-58 carrot_err= -36 c0=2.50 clear=1.00 prog=0.20 rel=0.99 bal=+0.43 obs=159 hard=136 obsc=169 yr=  0G nz=0.01 flt=0.06 dmap=+0/-0 shz=4.2 plan=33 cmd=(lx=+0.00,ly=+0.40,rx=+0.45)
  t=  3.0 DWA-F pos=(+0.68,+0.31) yaw=-154.4 d=6.06 goal_err=-52 carrot_err= -31 c0=2.50 clear=1.00 prog=0.22 rel=0.99 bal=+0.44 obs=165 hard=146 obsc=177 yr=  0  nz=0.01 flt=0.02 dmap=+0/-0 shz=4.1 plan=32 cmd=(lx=+0.00,ly=+0.40,rx=+0.00)
  t=  3.5 DWA-F pos=(+0.64,+0.29) yaw=-154.4 d=6.04 goal_err=-53 carrot_err= -33 c0=2.50 clear=1.00 prog=0.22 rel=0.99 bal=+0.44 obs=169 hard=149 obsc=174 yr=  0  nz=0.01 flt=0.01 dmap=+4/-1 shz=4.0 plan=32 cmd=(lx=+0.00,ly=+0.40,rx=+0.00)
  t=  3.9 DWA-F pos=(+0.60,+0.28) yaw=-154.4 d=6.01 goal_err=-53 carrot_err= -34 c0=2.50 clear=1.00 prog=0.22 rel=0.99 bal=+0.37 obs=172 hard=152 obsc=176 yr=  0  nz=0.01 flt=0.00 dmap=+2/-0 shz=4.1 plan=32 cmd=(lx=+0.00,ly=+0.40,rx=+0.00)
  t=  4.3 DWA-F pos=(+0.56,+0.26) yaw=-154.4 d=5.98 goal_err=-53 carrot_err= -36 c0=2.50 clear=1.00 prog=0.21 rel=0.99 bal=+0.38 obs=173 hard=156 obsc=177 yr=  0  nz=0.01 flt=0.00 dmap=+0/-0 shz=4.0 plan=32 cmd=(lx=+0.00,ly=+0.40,rx=+0.00)
  t=  4.8 DWA-F pos=(+0.52,+0.24) yaw=-154.4 d=5.96 goal_err=-54 carrot_err= -23 c0=2.50 clear=1.00 prog=0.22 rel=0.99 bal=+0.39 obs=174 hard=161 obsc=177 yr=  0  nz=0.01 flt=0.01 dmap=+0/-0 shz=4.1 plan=32 cmd=(lx=+0.00,ly=+0.40,rx=+0.00)
  t=  5.2 DWA-F pos=(+0.47,+0.21) yaw=-154.4 d=5.92 goal_err=-54 carrot_err= -25 c0=2.50 clear=1.00 prog=0.22 rel=0.99 bal=+0.40 obs=176 hard=162 obsc=179 yr=  0  nz=0.01 flt=0.00 dmap=+2/-0 shz=4.0 plan=32 cmd=(lx=+0.00,ly=+0.40,rx=+0.00)
  t=  5.6 DWA-F pos=(+0.43,+0.19) yaw=-154.4 d=5.90 goal_err=-54 carrot_err= -26 c0=2.50 clear=1.00 prog=0.21 rel=0.99 bal=+0.41 obs=176 hard=162 obsc=179 yr=  0  nz=0.01 flt=0.00 dmap=+0/-0 shz=4.1 plan=32 cmd=(lx=+0.00,ly=+0.40,rx=+0.00)
  t=  6.1 DWA-F pos=(+0.39,+0.17) yaw=-154.4 d=5.87 goal_err=-55 carrot_err= -27 c0=2.50 clear=1.00 prog=0.21 rel=0.99 bal=+0.42 obs=174 hard=162 obsc=179 yr=  0  nz=0.01 flt=0.00 dmap=+0/-0 shz=4.0 plan=31 cmd=(lx=+0.00,ly=+0.40,rx=+0.00)
  t=  6.5 DWA-F pos=(+0.35,+0.16) yaw=-154.4 d=5.85 goal_err=-55 carrot_err= -29 c0=2.50 clear=1.00 prog=0.21 rel=0.99 bal=+0.43 obs=175 hard=163 obsc=179 yr=  0  nz=0.01 flt=0.01 dmap=+0/-1 shz=4.0 plan=31 cmd=(lx=+0.00,ly=+0.40,rx=+0.00)
  t=  6.9 DWA-F pos=(+0.31,+0.14) yaw=-154.4 d=5.82 goal_err=-56 carrot_err= -31 c0=2.50 clear=1.00 prog=0.20 rel=0.99 bal=+0.44 obs=176 hard=164 obsc=180 yr=  0  nz=0.01 flt=0.00 dmap=+0/-1 shz=4.0 plan=31 cmd=(lx=+0.00,ly=+0.40,rx=+0.00)
  t=  7.4 DWA-F pos=(+0.26,+0.11) yaw=-154.4 d=5.79 goal_err=-56 carrot_err= -18 c0=2.50 clear=1.00 prog=0.20 rel=0.99 bal=+0.45 obs=176 hard=164 obsc=179 yr=  0  nz=0.01 flt=0.00 dmap=+0/-0 shz=4.0 plan=31 cmd=(lx=+0.00,ly=+0.40,rx=+0.00)
  t=  7.8 DWA-F pos=(+0.22,+0.09) yaw=-154.4 d=5.76 goal_err=-56 carrot_err= -19 c0=2.49 clear=1.00 prog=0.20 rel=0.99 bal=+0.45 obs=177 hard=166 obsc=181 yr=  0  nz=0.01 flt=0.00 dmap=+0/-0 shz=4.0 plan=30 cmd=(lx=+0.00,ly=+0.40,rx=+0.00)
  t=  8.2 DWA-F pos=(+0.18,+0.07) yaw=-154.4 d=5.74 goal_err=-57 carrot_err= -20 c0=2.45 clear=1.00 prog=0.20 rel=0.97 bal=+0.38 obs=179 hard=167 obsc=182 yr=  0  nz=0.03 flt=0.00 dmap=+1/-0 shz=4.0 plan=30 cmd=(lx=+0.00,ly=+0.40,rx=+0.00)
  t=  8.7 DWA-F pos=(+0.14,+0.05) yaw=-154.4 d=5.72 goal_err=-57 carrot_err= -21 c0=2.41 clear=1.00 prog=0.20 rel=0.94 bal=+0.38 obs=181 hard=169 obsc=184 yr=  0  nz=0.06 flt=0.00 dmap=+0/-0 shz=4.0 plan=30 cmd=(lx=+0.00,ly=+0.40,rx=+0.00)
  t=  9.1 DWA-F pos=(+0.09,+0.03) yaw=-154.4 d=5.69 goal_err=-58 carrot_err= -24 c0=2.43 clear=1.00 prog=0.20 rel=0.94 bal=+0.39 obs=181 hard=170 obsc=184 yr=  0  nz=0.07 flt=0.00 dmap=+0/-0 shz=4.0 plan=29 cmd=(lx=+0.00,ly=+0.40,rx=+0.00)
  t=  9.5 DWA-F pos=(+0.05,+0.01) yaw=-154.4 d=5.66 goal_err=-58 carrot_err= -25 c0=2.39 clear=1.00 prog=0.20 rel=0.94 bal=+0.37 obs=181 hard=171 obsc=185 yr=  0  nz=0.06 flt=0.00 dmap=+1/-1 shz=4.0 plan=29 cmd=(lx=+0.00,ly=+0.40,rx=+0.00)
  t= 10.0 DWA-F pos=(+0.01,-0.01) yaw=-154.4 d=5.64 goal_err=-58 carrot_err= -26 c0=2.34 clear=1.00 prog=0.20 rel=0.93 bal=+0.39 obs=183 hard=173 obsc=187 yr=  0  nz=0.07 flt=0.01 dmap=+2/-0 shz=4.0 plan=29 cmd=(lx=+0.00,ly=+0.40,rx=+0.00)
  t= 10.4 DWA-F pos=(-0.03,-0.03) yaw=-154.4 d=5.62 goal_err=-59 carrot_err= -28 c0=2.30 clear=1.00 prog=0.19 rel=0.91 bal=+0.41 obs=183 hard=173 obsc=187 yr=  0  nz=0.09 flt=0.00 dmap=+0/-0 shz=4.0 plan=29 cmd=(lx=+0.00,ly=+0.40,rx=+0.00)
  t= 10.8 DWA-F pos=(-0.07,-0.05) yaw=-154.4 d=5.59 goal_err=-59 carrot_err= -29 c0=2.25 clear=1.00 prog=0.18 rel=0.91 bal=+0.43 obs=184 hard=174 obsc=188 yr=  0  nz=0.09 flt=0.01 dmap=+0/-0 shz=4.0 plan=29 cmd=(lx=+0.00,ly=+0.40,rx=+0.00)
  t= 11.2 DWA-F pos=(-0.12,-0.07) yaw=-154.4 d=5.56 goal_err=-60 carrot_err= -30 c0=2.20 clear=1.00 prog=0.19 rel=0.92 bal=+0.45 obs=184 hard=174 obsc=189 yr=  0  nz=0.08 flt=0.01 dmap=+2/-2 shz=4.0 plan=29 cmd=(lx=+0.00,ly=+0.40,rx=+0.00)
  t= 11.7 DWA-F pos=(-0.16,-0.09) yaw=-154.4 d=5.54 goal_err=-60 carrot_err= -32 c0=2.15 clear=1.00 prog=0.19 rel=0.91 bal=+0.46 obs=183 hard=174 obsc=189 yr=  0  nz=0.09 flt=0.00 dmap=+0/-0 shz=4.0 plan=29 cmd=(lx=+0.00,ly=+0.40,rx=+0.00)
  t= 12.1 DWA-F pos=(-0.20,-0.11) yaw=-154.4 d=5.52 goal_err=-60 carrot_err= -33 c0=2.11 clear=1.00 prog=0.18 rel=0.91 bal=+0.47 obs=184 hard=173 obsc=188 yr=  0  nz=0.09 flt=0.02 dmap=+0/-0 shz=4.0 plan=28 cmd=(lx=+0.00,ly=+0.40,rx=+0.00)
  t= 12.5 DWA-F pos=(-0.24,-0.13) yaw=-154.4 d=5.50 goal_err=-61 carrot_err= -35 c0=2.06 clear=1.00 prog=0.18 rel=0.92 bal=+0.48 obs=186 hard=175 obsc=189 yr=  0  nz=0.08 flt=0.00 dmap=+2/-0 shz=4.0 plan=28 cmd=(lx=+0.00,ly=+0.40,rx=+0.00)
  t= 13.0 DWA-F pos=(-0.28,-0.15) yaw=-154.4 d=5.48 goal_err=-61 carrot_err= -37 c0=2.02 clear=1.00 prog=0.18 rel=0.92 bal=+0.48 obs=186 hard=176 obsc=188 yr=  0  nz=0.08 flt=0.00 dmap=+0/-0 shz=4.0 plan=28 cmd=(lx=+0.00,ly=+0.40,rx=+0.00)
  t= 13.4 DWA-F pos=(-0.33,-0.17) yaw=-158.4 d=5.45 goal_err=-58 carrot_err= -36 c0=1.97 clear=1.00 prog=0.18 rel=0.92 bal=+0.48 obs=188 hard=178 obsc=190 yr= 36G nz=0.08 flt=0.01 dmap=+0/-0 shz=4.0 plan=28 cmd=(lx=+0.00,ly=+0.40,rx=+0.00)
  t= 13.9 DWA-F pos=(-0.37,-0.19) yaw=-160.4 d=5.42 goal_err=-56 carrot_err= -32 c0=1.92 clear=1.00 prog=0.18 rel=0.91 bal=+0.52 obs=196 hard=186 obsc=198 yr=  0  nz=0.09 flt=0.01 dmap=+0/-0 shz=4.0 plan=27 cmd=(lx=+0.00,ly=+0.40,rx=+0.00)
  t= 14.3 DWA-F pos=(-0.41,-0.20) yaw=-160.4 d=5.40 goal_err=-56 carrot_err= -34 c0=1.88 clear=1.00 prog=0.18 rel=0.91 bal=+0.52 obs=196 hard=185 obsc=200 yr=  0  nz=0.09 flt=0.01 dmap=+0/-0 shz=4.0 plan=27 cmd=(lx=+0.00,ly=+0.40,rx=+0.00)
  t= 14.7 DWA-F pos=(-0.45,-0.21) yaw=-160.4 d=5.38 goal_err=-57 carrot_err= -36 c0=1.84 clear=1.00 prog=0.19 rel=0.90 bal=+0.53 obs=198 hard=187 obsc=201 yr=  0  nz=0.10 flt=0.01 dmap=+0/-0 shz=4.0 plan=27 cmd=(lx=+0.00,ly=+0.40,rx=+0.00)
  t= 15.2 DWA-F pos=(-0.49,-0.23) yaw=-160.4 d=5.35 goal_err=-57 carrot_err= -38 c0=1.79 clear=1.00 prog=0.20 rel=0.91 bal=+0.53 obs=197 hard=185 obsc=199 yr=  0G nz=0.09 flt=0.00 dmap=+0/-0 shz=4.0 plan=27 cmd=(lx=+0.00,ly=+0.40,rx=+0.45)
  t= 15.6 DWA-F pos=(-0.55,-0.25) yaw=-166.4 d=5.32 goal_err=-52 carrot_err= -34 c0=1.74 clear=1.00 prog=0.20 rel=0.91 bal=+0.54 obs=197 hard=188 obsc=200 yr=  0  nz=0.09 flt=0.02 dmap=+1/-1 shz=4.0 plan=27 cmd=(lx=+0.00,ly=+0.40,rx=+0.00)
  t= 16.0 DWA-F pos=(-0.59,-0.26) yaw=-166.4 d=5.29 goal_err=-52 carrot_err= -36 c0=1.70 clear=1.00 prog=0.21 rel=0.91 bal=+0.48 obs=197 hard=189 obsc=199 yr=  0  nz=0.09 flt=0.01 dmap=+0/-0 shz=4.0 plan=27 cmd=(lx=+0.00,ly=+0.40,rx=+0.45)
  t= 16.5 DWA-F pos=(-0.63,-0.26) yaw=-170.5 d=5.26 goal_err=-48 carrot_err= -35 c0=1.66 clear=1.00 prog=0.21 rel=0.90 bal=+0.49 obs=213 hard=199 obsc=215 yr=  0  nz=0.09 flt=0.27 dmap=+0/-0 shz=4.0 plan=27 cmd=(lx=+0.00,ly=+0.40,rx=+0.00)
  t= 16.9 DWA-F pos=(-0.68,-0.27) yaw=-172.5 d=5.23 goal_err=-47 carrot_err= -41 c0=1.78 clear=1.00 prog=0.22 rel=0.91 bal=+0.50 obs=213 hard=205 obsc=215 yr= 19G nz=0.09 flt=0.04 dmap=+0/-0 shz=3.9 plan=26 cmd=(lx=+0.00,ly=+0.40,rx=+0.45)
  t= 17.3 DWA-F pos=(-0.72,-0.28) yaw=-178.5 d=5.20 goal_err=-41 carrot_err= -37 c0=1.83 clear=1.00 prog=0.23 rel=0.88 bal=+0.55 obs=215 hard=205 obsc=218 yr=  0  nz=0.12 flt=0.08 dmap=+3/-1 shz=4.0 plan=26 cmd=(lx=+0.00,ly=+0.40,rx=+0.00)
  t= 17.8 DWA-F pos=(-0.78,-0.28) yaw=-178.5 d=5.16 goal_err=-42 carrot_err= -39 c0=1.78 clear=1.00 prog=0.25 rel=0.89 bal=+0.52 obs=215 hard=205 obsc=217 yr=  0G nz=0.11 flt=0.00 dmap=+0/-0 shz=3.9 plan=26 cmd=(lx=+0.00,ly=+0.40,rx=+0.45)
  t= 18.2 DWA-F pos=(-0.82,-0.28) yaw=+177.5 d=5.13 goal_err=-38 carrot_err= -29 c0=1.92 clear=1.00 prog=0.26 rel=0.90 bal=+0.53 obs=214 hard=206 obsc=217 yr=  0  nz=0.10 flt=0.02 dmap=+0/-0 shz=4.0 plan=25 cmd=(lx=+0.00,ly=+0.40,rx=+0.00)
  t= 18.6 DWA-F pos=(-0.87,-0.27) yaw=+177.5 d=5.09 goal_err=-38 carrot_err= -30 c0=1.94 clear=1.00 prog=0.27 rel=0.90 bal=+0.52 obs=209 hard=200 obsc=212 yr=  0  nz=0.10 flt=0.00 dmap=+0/-0 shz=4.0 plan=25 cmd=(lx=+0.00,ly=+0.40,rx=+0.00)
  t= 19.1 DWA-F pos=(-0.91,-0.27) yaw=+177.5 d=5.06 goal_err=-38 carrot_err= -32 c0=1.89 clear=1.00 prog=0.28 rel=0.89 bal=+0.50 obs=207 hard=200 obsc=211 yr=  0  nz=0.11 flt=0.01 dmap=+0/-2 shz=4.0 plan=25 cmd=(lx=+0.00,ly=+0.40,rx=+0.00)
  t= 19.5 DWA-F pos=(-0.95,-0.27) yaw=+177.5 d=5.02 goal_err=-39 carrot_err= -34 c0=1.85 clear=1.00 prog=0.28 rel=0.94 bal=+0.48 obs=207 hard=199 obsc=209 yr=  0  nz=0.06 flt=0.01 dmap=+0/-0 shz=4.0 plan=25 cmd=(lx=+0.00,ly=+0.40,rx=+0.00)
  t= 19.9 DWA-F pos=(-1.01,-0.27) yaw=+177.5 d=4.98 goal_err=-39 carrot_err= -38 c0=1.79 clear=1.00 prog=0.28 rel=0.92 bal=+0.31 obs=207 hard=198 obsc=210 yr=  0  nz=0.08 flt=0.00 dmap=+0/-0 shz=4.0 plan=24 cmd=(lx=+0.00,ly=+0.40,rx=+0.00)
  t= 20.4 DWA-F pos=(-1.05,-0.27) yaw=+175.5 d=4.94 goal_err=-37 carrot_err= -37 c0=1.75 clear=1.00 prog=0.28 rel=0.91 bal=+0.30 obs=207 hard=199 obsc=209 yr= 19G nz=0.09 flt=0.12 dmap=+0/-0 shz=4.0 plan=24 cmd=(lx=+0.00,ly=+0.40,rx=+0.00)
  t= 20.8 DWA-F pos=(-1.10,-0.26) yaw=+173.5 d=4.91 goal_err=-36 carrot_err= -37 c0=1.70 clear=1.00 prog=0.28 rel=0.91 bal=+0.29 obs=207 hard=199 obsc=209 yr=  0  nz=0.09 flt=0.02 dmap=+0/-0 shz=4.0 plan=24 cmd=(lx=+0.00,ly=+0.40,rx=+0.00)
  t= 21.2 DWA-F pos=(-1.14,-0.26) yaw=+169.5 d=4.87 goal_err=-32 carrot_err= -27 c0=1.66 clear=1.00 prog=0.29 rel=0.92 bal=+0.28 obs=208 hard=200 obsc=210 yr= 18  nz=0.08 flt=0.01 dmap=+0/-0 shz=4.0 plan=23 cmd=(lx=+0.00,ly=+0.40,rx=+0.00)
  t= 21.7 DWA-F pos=(-1.19,-0.25) yaw=+169.5 d=4.83 goal_err=-32 carrot_err= -28 c0=1.61 clear=1.00 prog=0.28 rel=0.92 bal=+0.27 obs=208 hard=199 obsc=210 yr=  0  nz=0.08 flt=0.02 dmap=+0/-0 shz=4.0 plan=23 cmd=(lx=+0.00,ly=+0.40,rx=+0.00)
  t= 22.1 DWA-F pos=(-1.24,-0.24) yaw=+169.5 d=4.79 goal_err=-33 carrot_err= -30 c0=1.56 clear=1.00 prog=0.30 rel=0.92 bal=+0.26 obs=206 hard=199 obsc=209 yr=  0  nz=0.08 flt=0.00 dmap=+0/-1 shz=4.0 plan=23 cmd=(lx=+0.00,ly=+0.40,rx=+0.00)
  t= 22.5 DWA-F pos=(-1.28,-0.23) yaw=+169.5 d=4.75 goal_err=-33 carrot_err= -31 c0=1.52 clear=1.00 prog=0.30 rel=0.92 bal=+0.25 obs=206 hard=200 obsc=209 yr=  0  nz=0.08 flt=0.01 dmap=+0/-0 shz=4.0 plan=23 cmd=(lx=+0.00,ly=+0.40,rx=+0.00)
  t= 23.0 DWA-F pos=(-1.33,-0.22) yaw=+169.5 d=4.71 goal_err=-33 carrot_err= -15 c0=1.47 clear=0.98 prog=0.30 rel=0.92 bal=+0.24 obs=205 hard=198 obsc=208 yr=  0  nz=0.08 flt=0.01 dmap=+0/-0 shz=4.0 plan=22 cmd=(lx=+0.00,ly=+0.40,rx=+0.00)
  t= 23.4 DWA-F pos=(-1.37,-0.21) yaw=+169.5 d=4.68 goal_err=-34 carrot_err= -16 c0=1.43 clear=0.95 prog=0.30 rel=0.92 bal=+0.24 obs=205 hard=196 obsc=207 yr=  0  nz=0.08 flt=0.01 dmap=+1/-0 shz=4.0 plan=22 cmd=(lx=+0.00,ly=+0.40,rx=+0.00)
  t= 23.8 DWA-F pos=(-1.42,-0.21) yaw=+169.5 d=4.64 goal_err=-34 carrot_err= -17 c0=1.38 clear=0.92 prog=0.30 rel=0.92 bal=+0.23 obs=207 hard=198 obsc=209 yr=  0  nz=0.08 flt=0.00 dmap=+0/-0 shz=4.0 plan=22 cmd=(lx=+0.00,ly=+0.40,rx=+0.00)
  t= 24.3 DWA-F pos=(-1.47,-0.20) yaw=+169.5 d=4.59 goal_err=-34 carrot_err= -18 c0=1.33 clear=0.89 prog=0.30 rel=0.92 bal=+0.22 obs=207 hard=198 obsc=209 yr=  0  nz=0.08 flt=0.01 dmap=+0/-0 shz=4.0 plan=22 cmd=(lx=+0.00,ly=+0.40,rx=+0.00)
  t= 24.7 DWA-F pos=(-1.51,-0.19) yaw=+169.5 d=4.56 goal_err=-35 carrot_err= -19 c0=1.29 clear=0.86 prog=0.30 rel=0.92 bal=+0.09 obs=205 hard=196 obsc=206 yr=  0  nz=0.08 flt=0.03 dmap=+0/-0 shz=4.0 plan=22 cmd=(lx=+0.00,ly=+0.40,rx=+0.00)
  t= 25.1 DWA-F pos=(-1.56,-0.18) yaw=+169.5 d=4.52 goal_err=-35 carrot_err= -20 c0=1.24 clear=0.83 prog=0.30 rel=0.92 bal=+0.09 obs=206 hard=199 obsc=209 yr=  0  nz=0.08 flt=0.01 dmap=+0/-1 shz=4.0 plan=22 cmd=(lx=+0.00,ly=+0.40,rx=+0.00)
  t= 25.6 DWA-F pos=(-1.60,-0.17) yaw=+169.5 d=4.48 goal_err=-35 carrot_err= -25 c0=1.20 clear=0.80 prog=0.30 rel=0.92 bal=+0.09 obs=205 hard=197 obsc=208 yr=  0  nz=0.08 flt=0.01 dmap=+0/-0 shz=4.0 plan=22 cmd=(lx=+0.00,ly=+0.40,rx=+0.00)
  t= 26.0 DWA-F pos=(-1.66,-0.16) yaw=+169.5 d=4.44 goal_err=-36 carrot_err= -26 c0=1.15 clear=0.76 prog=0.31 rel=0.92 bal=+0.09 obs=205 hard=198 obsc=207 yr=  0  nz=0.08 flt=0.01 dmap=+0/-0 shz=4.0 plan=21 cmd=(lx=+0.00,ly=+0.40,rx=+0.00)
  t= 26.4 DWA-F pos=(-1.70,-0.15) yaw=+169.5 d=4.40 goal_err=-36 carrot_err= -28 c0=1.10 clear=0.73 prog=0.29 rel=0.92 bal=+0.09 obs=205 hard=198 obsc=206 yr=  0  nz=0.09 flt=0.02 dmap=+0/-0 shz=4.0 plan=21 cmd=(lx=+0.00,ly=+0.40,rx=+0.00)
  t= 26.9 DWA-F pos=(-1.74,-0.14) yaw=+169.5 d=4.37 goal_err=-36 carrot_err= -29 c0=1.06 clear=0.71 prog=0.29 rel=0.93 bal=+0.09 obs=206 hard=199 obsc=207 yr=  0  nz=0.07 flt=0.02 dmap=+0/-0 shz=4.0 plan=21 cmd=(lx=+0.00,ly=+0.40,rx=+0.00)
  t= 27.3 DWA-F pos=(-1.80,-0.13) yaw=+169.5 d=4.32 goal_err=-37 carrot_err= -23 c0=1.00 clear=0.67 prog=0.31 rel=0.93 bal=+0.08 obs=205 hard=198 obsc=208 yr=  0  nz=0.07 flt=0.01 dmap=+0/-0 shz=4.0 plan=20 cmd=(lx=+0.00,ly=+0.40,rx=+0.00)
  t= 27.7 DWA-F pos=(-1.84,-0.13) yaw=+169.5 d=4.29 goal_err=-37 carrot_err= -24 c0=0.96 clear=0.64 prog=0.29 rel=0.91 bal=+0.07 obs=207 hard=199 obsc=210 yr=  0  nz=0.09 flt=0.01 dmap=+0/-0 shz=4.0 plan=20 cmd=(lx=+0.00,ly=+0.40,rx=+0.00)
  t= 28.2 DWA-F pos=(-1.88,-0.12) yaw=+169.5 d=4.25 goal_err=-37 carrot_err= -25 c0=0.92 clear=0.61 prog=0.29 rel=0.91 bal=+0.07 obs=208 hard=199 obsc=209 yr=  0  nz=0.09 flt=0.02 dmap=+0/-0 shz=4.0 plan=20 cmd=(lx=+0.00,ly=+0.40,rx=+0.00)
  t= 28.6 DWA-F pos=(-1.93,-0.11) yaw=+169.5 d=4.22 goal_err=-38 carrot_err= -29 c0=0.88 clear=0.58 prog=0.29 rel=0.92 bal=+0.06 obs=209 hard=199 obsc=210 yr=  0  nz=0.08 flt=0.03 dmap=+0/-0 shz=4.0 plan=20 cmd=(lx=+0.00,ly=+0.40,rx=+0.00)
  t= 29.0 DWA-F pos=(-1.98,-0.10) yaw=+169.5 d=4.17 goal_err=-38 carrot_err= -21 c0=0.82 clear=0.55 prog=0.30 rel=0.92 bal=+0.06 obs=210 hard=201 obsc=212 yr=  0  nz=0.08 flt=0.01 dmap=+0/-0 shz=4.0 plan=19 cmd=(lx=+0.00,ly=+0.40,rx=+0.00)
  t= 29.5 DWA-F pos=(-2.03,-0.09) yaw=+169.5 d=4.14 goal_err=-39 carrot_err= -22 c0=0.78 clear=0.52 prog=0.28 rel=0.93 bal=+0.06 obs=209 hard=200 obsc=212 yr=  0  nz=0.07 flt=0.01 dmap=+0/-1 shz=4.0 plan=19 cmd=(lx=+0.00,ly=+0.40,rx=+0.00)
  t= 29.9 DWA-F pos=(-2.07,-0.08) yaw=+169.5 d=4.10 goal_err=-39 carrot_err= -23 c0=0.74 clear=0.49 prog=0.28 rel=0.92 bal=+0.06 obs=209 hard=203 obsc=213 yr=  0  nz=0.08 flt=0.01 dmap=+1/-2 shz=4.0 plan=19 cmd=(lx=+0.00,ly=+0.40,rx=+0.00)
  t= 30.3 DWA-F pos=(-2.11,-0.08) yaw=+169.5 d=4.07 goal_err=-39 carrot_err= -27 c0=0.70 clear=0.47 prog=0.28 rel=0.92 bal=-0.49 obs=209 hard=201 obsc=211 yr=  0  nz=0.08 flt=0.03 dmap=+0/-0 shz=4.0 plan=18 cmd=(lx=+0.00,ly=+0.40,rx=+0.00)
  t= 30.8 DWA-F pos=(-2.17,-0.07) yaw=+169.5 d=4.03 goal_err=-40 carrot_err= -28 c0=0.65 clear=0.43 prog=0.29 rel=0.92 bal=-0.52 obs=211 hard=202 obsc=214 yr=  0  nz=0.08 flt=0.01 dmap=+0/-0 shz=4.0 plan=18 cmd=(lx=+0.00,ly=+0.40,rx=+0.00)
  t= 31.2 DWA-F pos=(-2.21,-0.06) yaw=+169.5 d=3.99 goal_err=-40 carrot_err= -29 c0=0.61 clear=0.40 prog=0.28 rel=0.92 bal=-0.54 obs=213 hard=205 obsc=215 yr=  0  nz=0.08 flt=0.02 dmap=+2/-0 shz=4.0 plan=18 cmd=(lx=+0.00,ly=+0.40,rx=+0.00)
  t= 31.7 DWA-F pos=(-2.26,-0.05) yaw=+165.5 d=3.96 goal_err=-37 carrot_err= -27 c0=0.95 clear=0.63 prog=0.28 rel=0.93 bal=-0.54 obs=213 hard=205 obsc=215 yr= 18  nz=0.07 flt=0.00 dmap=+0/-0 shz=4.0 plan=18 cmd=(lx=+0.00,ly=+0.40,rx=+0.00)
  t= 32.1 DWA-F pos=(-2.31,-0.04) yaw=+165.5 d=3.91 goal_err=-37 carrot_err= -28 c0=0.89 clear=0.59 prog=0.29 rel=0.76 bal=-0.54 obs=219 hard=210 obsc=222 yr=  0  nz=0.24 flt=0.02 dmap=+0/-0 shz=4.0 plan=18 cmd=(lx=+0.00,ly=+0.40,rx=+0.00)
  t= 32.5 DWA-F pos=(-2.35,-0.02) yaw=+165.5 d=3.88 goal_err=-38 carrot_err= -29 c0=0.85 clear=0.56 prog=0.28 rel=0.75 bal=-0.60 obs=218 hard=206 obsc=220 yr=  0  nz=0.25 flt=0.03 dmap=+0/-0 shz=3.9 plan=18 cmd=(lx=+0.00,ly=+0.40,rx=+0.00)
  t= 33.0 DWA-F pos=(-2.40,-0.01) yaw=+163.5 d=3.84 goal_err=-36 carrot_err= -29 c0=0.80 clear=0.54 prog=0.28 rel=0.81 bal=-0.53 obs=217 hard=209 obsc=221 yr= 19G nz=0.19 flt=0.02 dmap=+0/-0 shz=4.0 plan=18 cmd=(lx=+0.00,ly=+0.40,rx=+0.45)
  t= 33.4 DWA-F pos=(-2.44,+0.00) yaw=+159.5 d=3.81 goal_err=-32 carrot_err= -26 c0=0.76 clear=0.51 prog=0.29 rel=0.92 bal=-0.52 obs=216 hard=207 obsc=220 yr=  0  nz=0.08 flt=0.02 dmap=+0/-0 shz=3.9 plan=17 cmd=(lx=+0.00,ly=+0.40,rx=+0.00)
  t= 33.8 DWA-F pos=(-2.49,+0.02) yaw=+159.5 d=3.76 goal_err=-33 carrot_err= -28 c0=0.71 clear=0.47 prog=0.31 rel=0.92 bal=-0.49 obs=216 hard=206 obsc=221 yr=  0  nz=0.08 flt=0.01 dmap=+0/-0 shz=4.0 plan=17 cmd=(lx=+0.00,ly=+0.40,rx=+0.00)
  t= 34.3 DWA-F pos=(-2.53,+0.04) yaw=+155.5 d=3.72 goal_err=-29 carrot_err= -26 c0=1.08 clear=0.72 prog=0.30 rel=0.92 bal=-0.49 obs=217 hard=206 obsc=222 yr= 18  nz=0.08 flt=0.18 dmap=+1/-0 shz=4.0 plan=17 cmd=(lx=+0.00,ly=+0.40,rx=+0.00)
  t= 34.7 ENG-F pos=(-2.57,+0.06) yaw=+155.5 d=3.68 goal_err=-30 carrot_err= -25 c0=1.04 clear=0.69 prog=0.30 rel=0.74 bal=-0.48 obs=219 hard=211 obsc=226 yr=  0  nz=0.26 flt=0.03 dmap=+0/-0 shz=4.0 plan=17 cmd=(lx=+0.00,ly=+0.28,rx=+0.00)
  t= 35.1 ENG-F pos=(-2.60,+0.07) yaw=+155.5 d=3.65 goal_err=-30 carrot_err= -26 c0=1.00 clear=0.67 prog=0.30 rel=0.75 bal=-0.36 obs=220 hard=208 obsc=224 yr=  0  nz=0.25 flt=0.03 dmap=+0/-0 shz=3.9 plan=17 cmd=(lx=+0.00,ly=+0.28,rx=+0.00)
  t= 35.6 ENG-F pos=(-2.64,+0.09) yaw=+155.5 d=3.62 goal_err=-30 carrot_err= -27 c0=0.97 clear=0.65 prog=0.29 rel=0.79 bal=-0.36 obs=223 hard=211 obsc=228 yr=  0  nz=0.21 flt=0.01 dmap=+3/-2 shz=3.9 plan=17 cmd=(lx=+0.00,ly=+0.28,rx=+0.00)
  t= 36.0 ENG-F pos=(-2.67,+0.10) yaw=+155.5 d=3.59 goal_err=-30 carrot_err= -28 c0=0.94 clear=0.62 prog=0.26 rel=0.94 bal=-0.41 obs=222 hard=210 obsc=225 yr=  0  nz=0.07 flt=0.01 dmap=+1/-0 shz=4.0 plan=17 cmd=(lx=+0.00,ly=+0.28,rx=+0.00)
  t= 36.4 ENG-F pos=(-2.71,+0.12) yaw=+155.5 d=3.55 goal_err=-31 carrot_err= -20 c0=0.89 clear=0.60 prog=0.26 rel=0.93 bal=-0.36 obs=222 hard=212 obsc=229 yr=  0  nz=0.07 flt=0.00 dmap=+0/-0 shz=4.0 plan=17 cmd=(lx=+0.00,ly=+0.28,rx=+0.00)
  t= 36.8 ENG-F pos=(-2.74,+0.13) yaw=+155.5 d=3.52 goal_err=-31 carrot_err= -21 c0=0.86 clear=0.57 prog=0.26 rel=0.93 bal=-0.35 obs=223 hard=212 obsc=227 yr=  0  nz=0.07 flt=0.02 dmap=+0/-0 shz=4.0 plan=16 cmd=(lx=+0.00,ly=+0.28,rx=+0.00)
  t= 37.3 ENG-F pos=(-2.78,+0.15) yaw=+155.5 d=3.49 goal_err=-31 carrot_err= -22 c0=0.83 clear=0.55 prog=0.26 rel=0.93 bal=-0.29 obs=223 hard=214 obsc=227 yr=  0  nz=0.07 flt=0.01 dmap=+0/-1 shz=4.0 plan=16 cmd=(lx=+0.00,ly=+0.28,rx=+0.00)
  t= 37.7 ENG-F pos=(-2.81,+0.16) yaw=+155.5 d=3.46 goal_err=-32 carrot_err= -23 c0=0.79 clear=0.53 prog=0.26 rel=0.93 bal=-0.29 obs=223 hard=213 obsc=226 yr=  0  nz=0.07 flt=0.01 dmap=+0/-0 shz=4.0 plan=16 cmd=(lx=+0.00,ly=+0.28,rx=+0.00)
  t= 38.1 ENG-F pos=(-2.84,+0.18) yaw=+155.5 d=3.43 goal_err=-32 carrot_err= -23 c0=0.76 clear=0.51 prog=0.24 rel=0.93 bal=-0.30 obs=224 hard=213 obsc=227 yr=  0  nz=0.07 flt=0.00 dmap=+0/-0 shz=4.0 plan=16 cmd=(lx=+0.00,ly=+0.28,rx=+0.00)
  t= 38.5 ENG-F pos=(-2.87,+0.19) yaw=+155.5 d=3.40 goal_err=-32 carrot_err= -25 c0=0.73 clear=0.48 prog=0.24 rel=0.94 bal=-0.30 obs=224 hard=216 obsc=229 yr=  0  nz=0.06 flt=0.00 dmap=+2/-1 shz=4.0 plan=16 cmd=(lx=+0.00,ly=+0.28,rx=+0.00)
  t= 39.0 ENG-F pos=(-2.91,+0.21) yaw=+155.5 d=3.37 goal_err=-33 carrot_err= -26 c0=0.72 clear=0.48 prog=0.24 rel=0.92 bal=-0.31 obs=226 hard=215 obsc=229 yr=  0  nz=0.08 flt=0.01 dmap=+0/-0 shz=4.0 plan=16 cmd=(lx=+0.00,ly=+0.28,rx=+0.00)
  t= 39.4 ENG-T pos=(-2.94,+0.22) yaw=+155.5 d=3.34 goal_err=-33 carrot_err= -27 c0=0.68 clear=0.46 prog=0.24 rel=0.94 bal=-0.19 obs=224 hard=217 obsc=228 yr=  0  nz=0.06 flt=0.01 dmap=+0/-0 shz=4.0 plan=16 cmd=(lx=+0.00,ly=+0.00,rx=+0.45)
  t= 39.8 ENG-F pos=(-2.96,+0.24) yaw=+151.4 d=3.31 goal_err=-29 carrot_err= -24 c0=0.66 clear=0.44 prog=0.23 rel=0.94 bal=-0.19 obs=224 hard=217 obsc=228 yr=  0  nz=0.06 flt=0.01 dmap=+1/-1 shz=4.0 plan=16 cmd=(lx=+0.00,ly=+0.28,rx=+0.00)
  t= 40.2 ENG-F pos=(-3.00,+0.25) yaw=+151.4 d=3.28 goal_err=-30 carrot_err= -25 c0=0.62 clear=0.41 prog=0.23 rel=0.94 bal=-0.19 obs=224 hard=217 obsc=227 yr=  0  nz=0.06 flt=0.01 dmap=+0/-0 shz=4.0 plan=16 cmd=(lx=+0.00,ly=+0.28,rx=+0.00)
  t= 40.7 ENG-T pos=(-3.03,+0.27) yaw=+151.4 d=3.25 goal_err=-30 carrot_err= -26 c0=0.59 clear=0.39 prog=0.23 rel=0.93 bal=-0.24 obs=224 hard=215 obsc=227 yr=  0G nz=0.07 flt=0.01 dmap=+0/-0 shz=4.0 plan=16 cmd=(lx=+0.00,ly=+0.00,rx=+0.45)
  t= 41.1 ENG-F pos=(-3.04,+0.28) yaw=+147.4 d=3.24 goal_err=-26 carrot_err= -23 c0=0.57 clear=0.38 prog=0.20 rel=0.93 bal=-0.24 obs=224 hard=216 obsc=229 yr=  0  nz=0.07 flt=0.00 dmap=+0/-0 shz=3.9 plan=16 cmd=(lx=+0.00,ly=+0.28,rx=+0.00)
  t= 41.5 ENG-F pos=(-3.07,+0.30) yaw=+147.4 d=3.20 goal_err=-26 carrot_err= -24 c0=0.54 clear=0.36 prog=0.21 rel=0.94 bal=-0.24 obs=225 hard=216 obsc=229 yr=  0  nz=0.07 flt=0.01 dmap=+0/-0 shz=4.0 plan=16 cmd=(lx=+0.00,ly=+0.28,rx=+0.00)
  t= 41.9 ENG-F pos=(-3.10,+0.31) yaw=+145.4 d=3.18 goal_err=-24 carrot_err= -19 c0=0.51 clear=0.34 prog=0.21 rel=0.94 bal=-0.20 obs=223 hard=215 obsc=228 yr= 19G nz=0.06 flt=0.01 dmap=+0/-0 shz=4.0 plan=16 cmd=(lx=+0.00,ly=+0.28,rx=+0.00)
  t= 42.4 ENG-F pos=(-3.12,+0.33) yaw=+141.4 d=3.16 goal_err=-21 carrot_err= -16 c0=0.56 clear=0.37 prog=0.20 rel=0.95 bal=-0.19 obs=223 hard=214 obsc=227 yr=  0  nz=0.05 flt=0.00 dmap=+2/-1 shz=4.0 plan=16 cmd=(lx=+0.00,ly=+0.28,rx=+0.00)
  t= 42.8 ENG-F pos=(-3.14,+0.35) yaw=+141.4 d=3.12 goal_err=-21 carrot_err= -16 c0=0.52 clear=0.35 prog=0.22 rel=0.96 bal=-0.18 obs=224 hard=216 obsc=228 yr=  0  nz=0.04 flt=0.00 dmap=+0/-0 shz=4.0 plan=16 cmd=(lx=+0.00,ly=+0.28,rx=+0.00)
  t= 43.2 ENG-T pos=(-3.17,+0.37) yaw=+141.4 d=3.09 goal_err=-21 carrot_err= -17 c0=0.67 clear=0.45 prog=0.22 rel=0.89 bal=+0.45 obs=223 hard=215 obsc=228 yr=  0G nz=0.12 flt=0.00 dmap=+0/-0 shz=4.0 plan=15 cmd=(lx=+0.00,ly=+0.00,rx=+0.45)
  t= 43.6 ENG-F pos=(-3.18,+0.38) yaw=+137.4 d=3.08 goal_err=-17 carrot_err= -13 c0=0.66 clear=0.44 prog=0.19 rel=0.88 bal=+0.45 obs=224 hard=214 obsc=227 yr=  0  nz=0.12 flt=0.00 dmap=+0/-0 shz=3.9 plan=15 cmd=(lx=+0.00,ly=+0.28,rx=+0.00)
  t= 44.1 ENG-T pos=(-3.20,+0.40) yaw=+137.4 d=3.05 goal_err=-17 carrot_err= -14 c0=0.63 clear=0.42 prog=0.22 rel=0.90 bal=+0.47 obs=226 hard=217 obsc=229 yr=  0  nz=0.10 flt=0.01 dmap=+1/-0 shz=4.0 plan=15 cmd=(lx=+0.00,ly=+0.00,rx=+0.45)
  t= 44.5 ENG-F pos=(-3.21,+0.41) yaw=+133.4 d=3.04 goal_err=-13 carrot_err= -10 c0=1.33 clear=0.89 prog=0.18 rel=0.78 bal=+0.47 obs=230 hard=220 obsc=234 yr=  0  nz=0.23 flt=0.19 dmap=+0/-0 shz=3.9 plan=15 cmd=(lx=+0.00,ly=+0.28,rx=+0.00)
  t= 44.9 ENG-T pos=(-3.23,+0.44) yaw=+133.4 d=3.00 goal_err=-14 carrot_err= -10 c0=0.85 clear=0.56 prog=0.19 rel=0.75 bal=+0.49 obs=230 hard=224 obsc=234 yr=  0G nz=0.25 flt=0.03 dmap=+0/-0 shz=4.0 plan=15 cmd=(lx=+0.00,ly=+0.00,rx=+0.45)
  t= 45.3 ENG-GO pos=(-3.24,+0.45) yaw=+129.4 d=2.99 goal_err=-10 carrot_err=  -7 c0=1.38 clear=0.92 prog=0.18 rel=0.64 bal=-0.12 obs=230 hard=223 obsc=233 yr=  0  nz=0.36 flt=0.01 dmap=+0/-0 shz=4.0 plan=15 cmd=(lx=+0.00,ly=+0.28,rx=+0.00)
  t= 45.8 ENG-GO pos=(-3.26,+0.47) yaw=+129.4 d=2.97 goal_err=-10 carrot_err=  -7 c0=1.36 clear=0.91 prog=0.17 rel=0.66 bal=-0.12 obs=231 hard=224 obsc=235 yr=  0  nz=0.34 flt=0.00 dmap=+0/-0 shz=3.9 plan=15 cmd=(lx=+0.00,ly=+0.28,rx=+0.00)
  t= 46.2 ENG-GO pos=(-3.28,+0.49) yaw=+129.4 d=2.94 goal_err=-10 carrot_err=  -7 c0=1.33 clear=0.89 prog=0.19 rel=0.66 bal=+0.52 obs=230 hard=222 obsc=233 yr=  0  nz=0.34 flt=0.02 dmap=+0/-0 shz=4.0 plan=15 cmd=(lx=+0.00,ly=+0.28,rx=+0.00)
  t= 46.6 ENG-GO pos=(-3.30,+0.52) yaw=+129.4 d=2.90 goal_err=-10 carrot_err=  -3 c0=1.29 clear=0.86 prog=0.21 rel=0.95 bal=+0.54 obs=229 hard=220 obsc=233 yr=  0  nz=0.05 flt=0.00 dmap=+0/-0 shz=3.9 plan=15 cmd=(lx=+0.00,ly=+0.28,rx=+0.00)
  t= 47.1 ENG-GO pos=(-3.33,+0.55) yaw=+129.4 d=2.86 goal_err=-10 carrot_err=  -3 c0=1.26 clear=0.84 prog=0.25 rel=0.93 bal=+0.56 obs=230 hard=221 obsc=234 yr=  0  nz=0.07 flt=0.00 dmap=+0/-0 shz=4.0 plan=15 cmd=(lx=+0.00,ly=+0.28,rx=+0.00)
  t= 47.5 ENG-GO pos=(-3.35,+0.58) yaw=+129.4 d=2.83 goal_err=-10 carrot_err=  -4 c0=1.22 clear=0.81 prog=0.27 rel=0.92 bal=+0.16 obs=229 hard=220 obsc=233 yr=  0  nz=0.08 flt=0.01 dmap=+0/-0 shz=4.0 plan=15 cmd=(lx=+0.00,ly=+0.28,rx=+0.00)
  t= 47.9 ENG-GO pos=(-3.37,+0.60) yaw=+129.4 d=2.79 goal_err=-10 carrot_err=  -1 c0=1.19 clear=0.79 prog=0.28 rel=0.93 bal=+0.17 obs=230 hard=223 obsc=233 yr=  0  nz=0.07 flt=0.00 dmap=+1/-0 shz=4.0 plan=13 cmd=(lx=+0.00,ly=+0.28,rx=+0.00)
  t= 48.3 ENG-GO pos=(-3.39,+0.63) yaw=+129.4 d=2.75 goal_err=-10 carrot_err=  -1 c0=1.16 clear=0.77 prog=0.29 rel=0.93 bal=+0.03 obs=232 hard=224 obsc=236 yr=  0  nz=0.07 flt=0.00 dmap=+0/-0 shz=4.0 plan=13 cmd=(lx=+0.00,ly=+0.28,rx=+0.00)
  t= 48.8 ENG-GO pos=(-3.42,+0.66) yaw=+129.4 d=2.72 goal_err=-11 carrot_err=  -1 c0=1.12 clear=0.75 prog=0.28 rel=0.93 bal=+0.03 obs=232 hard=222 obsc=235 yr=  0  nz=0.07 flt=0.01 dmap=+0/-0 shz=4.0 plan=13 cmd=(lx=+0.00,ly=+0.28,rx=+0.00)
  t= 49.2 ENG-GO pos=(-3.44,+0.69) yaw=+129.4 d=2.68 goal_err=-11 carrot_err=  -1 c0=1.09 clear=0.73 prog=0.28 rel=0.93 bal=+0.00 obs=229 hard=222 obsc=234 yr=  0  nz=0.07 flt=0.01 dmap=+0/-2 shz=4.0 plan=13 cmd=(lx=+0.00,ly=+0.28,rx=+0.00)
  t= 49.6 ENG-GO pos=(-3.46,+0.71) yaw=+129.4 d=2.65 goal_err=-11 carrot_err=  -1 c0=1.06 clear=0.70 prog=0.28 rel=0.93 bal=-0.08 obs=227 hard=223 obsc=233 yr=  0  nz=0.07 flt=0.02 dmap=+0/-0 shz=4.0 plan=13 cmd=(lx=+0.00,ly=+0.28,rx=+0.00)
  t= 50.0 ENG-GO pos=(-3.49,+0.75) yaw=+129.4 d=2.60 goal_err=-11 carrot_err=  -1 c0=1.01 clear=0.68 prog=0.29 rel=0.92 bal=+0.04 obs=226 hard=218 obsc=230 yr=  0  nz=0.08 flt=0.00 dmap=+0/-0 shz=4.0 plan=13 cmd=(lx=+0.00,ly=+0.28,rx=+0.00)
  t= 50.5 ENG-GO pos=(-3.51,+0.78) yaw=+129.4 d=2.57 goal_err=-11 carrot_err=  -1 c0=1.06 clear=0.71 prog=0.29 rel=0.92 bal=+0.04 obs=227 hard=219 obsc=231 yr=  0  nz=0.08 flt=0.00 dmap=+2/-1 shz=3.9 plan=13 cmd=(lx=+0.00,ly=+0.28,rx=+0.00)
  t= 50.9 ENG-GO pos=(-3.54,+0.81) yaw=+129.4 d=2.53 goal_err=-11 carrot_err=  +0 c0=1.03 clear=0.69 prog=0.29 rel=0.94 bal=+0.04 obs=225 hard=218 obsc=229 yr=  0  nz=0.06 flt=0.01 dmap=+0/-1 shz=4.0 plan=12 cmd=(lx=+0.00,ly=+0.28,rx=+0.00)
  t= 51.3 ENG-GO pos=(-3.56,+0.83) yaw=+129.4 d=2.50 goal_err=-11 carrot_err=  +0 c0=1.01 clear=0.68 prog=0.29 rel=0.96 bal=+0.03 obs=226 hard=217 obsc=230 yr=  0  nz=0.04 flt=0.00 dmap=+0/-0 shz=3.9 plan=12 cmd=(lx=+0.00,ly=+0.28,rx=+0.00)
  t= 51.7 ENG-GO pos=(-3.58,+0.86) yaw=+129.4 d=2.46 goal_err=-12 carrot_err=  +0 c0=0.98 clear=0.65 prog=0.28 rel=0.96 bal=+0.03 obs=225 hard=217 obsc=230 yr=  0  nz=0.04 flt=0.00 dmap=+0/-2 shz=3.9 plan=12 cmd=(lx=+0.00,ly=+0.28,rx=+0.00)
  t= 52.1 ENG-GO pos=(-3.61,+0.89) yaw=+129.4 d=2.43 goal_err=-12 carrot_err=  +1 c0=0.94 clear=0.63 prog=0.28 rel=0.94 bal=-0.09 obs=223 hard=217 obsc=229 yr=  0  nz=0.06 flt=0.00 dmap=+0/-3 shz=4.0 plan=12 cmd=(lx=+0.00,ly=+0.28,rx=+0.00)
  t= 52.6 ENG-GO pos=(-3.63,+0.92) yaw=+129.4 d=2.39 goal_err=-12 carrot_err=  +1 c0=0.91 clear=0.61 prog=0.28 rel=0.94 bal=-0.09 obs=222 hard=215 obsc=226 yr=  0  nz=0.06 flt=0.00 dmap=+0/-0 shz=3.9 plan=11 cmd=(lx=+0.00,ly=+0.28,rx=+0.00)
  t= 53.0 ENG-GO pos=(-3.66,+0.95) yaw=+129.4 d=2.35 goal_err=-12 carrot_err=  +1 c0=0.87 clear=0.58 prog=0.29 rel=0.92 bal=-0.09 obs=224 hard=216 obsc=227 yr=  0  nz=0.08 flt=0.01 dmap=+0/-0 shz=4.0 plan=11 cmd=(lx=+0.00,ly=+0.28,rx=+0.00)
  t= 53.4 ENG-GO pos=(-3.68,+0.98) yaw=+129.4 d=2.31 goal_err=-12 carrot_err=  +1 c0=0.83 clear=0.56 prog=0.29 rel=0.92 bal=+0.03 obs=224 hard=217 obsc=229 yr=  0  nz=0.08 flt=0.00 dmap=+1/-2 shz=3.9 plan=11 cmd=(lx=+0.00,ly=+0.28,rx=+0.00)
  t= 53.8 ENG-GO pos=(-3.70,+1.01) yaw=+129.4 d=2.28 goal_err=-13 carrot_err=  +1 c0=0.80 clear=0.53 prog=0.29 rel=0.93 bal=+0.02 obs=225 hard=217 obsc=229 yr=  0  nz=0.07 flt=0.00 dmap=+0/-0 shz=3.9 plan=11 cmd=(lx=+0.00,ly=+0.28,rx=+0.00)
  t= 54.3 ENG-GO pos=(-3.73,+1.03) yaw=+129.4 d=2.24 goal_err=-13 carrot_err=  +2 c0=0.77 clear=0.51 prog=0.29 rel=0.92 bal=+0.02 obs=225 hard=217 obsc=228 yr=  0  nz=0.08 flt=0.01 dmap=+0/-0 shz=4.0 plan=11 cmd=(lx=+0.00,ly=+0.28,rx=+0.00)
  t= 54.7 ENG-GO pos=(-3.75,+1.06) yaw=+129.4 d=2.21 goal_err=-13 carrot_err=  +2 c0=0.73 clear=0.49 prog=0.29 rel=0.94 bal=+0.01 obs=223 hard=218 obsc=228 yr=  0  nz=0.06 flt=0.01 dmap=+1/-2 shz=3.9 plan=11 cmd=(lx=+0.00,ly=+0.28,rx=+0.00)
  t= 55.1 ENG-GO pos=(-3.77,+1.09) yaw=+129.4 d=2.17 goal_err=-13 carrot_err=  +2 c0=0.70 clear=0.47 prog=0.28 rel=0.93 bal=+0.00 obs=223 hard=215 obsc=226 yr=  0  nz=0.07 flt=0.00 dmap=+0/-0 shz=4.0 plan=11 cmd=(lx=+0.00,ly=+0.28,rx=+0.00)
  t= 55.5 ENG-GO pos=(-3.79,+1.12) yaw=+129.4 d=2.14 goal_err=-13 carrot_err=  +2 c0=0.94 clear=0.63 prog=0.28 rel=0.87 bal=-0.01 obs=224 hard=216 obsc=227 yr=  0  nz=0.13 flt=0.00 dmap=+0/-0 shz=4.0 plan=11 cmd=(lx=+0.00,ly=+0.28,rx=+0.00)
  t= 56.0 ENG-GO pos=(-3.82,+1.15) yaw=+129.4 d=2.10 goal_err=-14 carrot_err=  +2 c0=0.91 clear=0.60 prog=0.28 rel=0.84 bal=-0.02 obs=223 hard=216 obsc=228 yr=  0  nz=0.16 flt=0.01 dmap=+0/-1 shz=4.0 plan=10 cmd=(lx=+0.00,ly=+0.28,rx=+0.00)
  t= 56.4 ENG-GO pos=(-3.85,+1.18) yaw=+129.4 d=2.06 goal_err=-14 carrot_err=  +2 c0=0.86 clear=0.57 prog=0.29 rel=0.84 bal=-0.04 obs=227 hard=218 obsc=230 yr=  0  nz=0.16 flt=0.00 dmap=+1/-0 shz=4.0 plan=10 cmd=(lx=+0.00,ly=+0.28,rx=+0.00)
  t= 56.8 ENG-GO pos=(-3.87,+1.21) yaw=+129.4 d=2.02 goal_err=-14 carrot_err=  +3 c0=0.83 clear=0.55 prog=0.29 rel=0.88 bal=-0.02 obs=227 hard=220 obsc=232 yr=  0  nz=0.12 flt=0.00 dmap=+0/-0 shz=3.9 plan=10 cmd=(lx=+0.00,ly=+0.28,rx=+0.00)
  t= 57.2 ENG-GO pos=(-3.89,+1.24) yaw=+129.4 d=1.99 goal_err=-14 carrot_err=  +3 c0=0.80 clear=0.53 prog=0.29 rel=0.94 bal=+0.10 obs=226 hard=219 obsc=230 yr=  0  nz=0.06 flt=0.01 dmap=+1/-1 shz=3.9 plan=10 cmd=(lx=+0.00,ly=+0.28,rx=+0.00)
  t= 57.7 ENG-GO pos=(-3.91,+1.26) yaw=+129.4 d=1.95 goal_err=-15 carrot_err=  +3 c0=0.76 clear=0.51 prog=0.29 rel=0.93 bal=+0.10 obs=225 hard=219 obsc=229 yr=  0  nz=0.07 flt=0.01 dmap=+0/-0 shz=4.0 plan=10 cmd=(lx=+0.00,ly=+0.28,rx=+0.00)
  t= 58.1 ENG-GO pos=(-3.94,+1.29) yaw=+129.4 d=1.92 goal_err=-15 carrot_err= -12 c0=1.56 clear=1.00 prog=0.27 rel=0.59 bal=+0.04 obs=223 hard=215 obsc=227 yr=  0  nz=0.41 flt=0.01 dmap=+0/-0 shz=3.9 plan=10 cmd=(lx=+0.00,ly=+0.28,rx=+0.00)
  t= 58.5 ENG-GO pos=(-3.97,+1.33) yaw=+129.4 d=1.88 goal_err=-15 carrot_err= -13 c0=1.51 clear=1.00 prog=0.29 rel=0.47 bal=+0.03 obs=224 hard=215 obsc=227 yr=  0  nz=0.53 flt=0.00 dmap=+0/-0 shz=3.9 plan=10 cmd=(lx=+0.00,ly=+0.28,rx=+0.00)
  t= 58.9 ENG-GO pos=(-3.99,+1.35) yaw=+129.4 d=1.84 goal_err=-16 carrot_err= -13 c0=1.48 clear=0.98 prog=0.29 rel=0.42 bal=+0.02 obs=223 hard=216 obsc=228 yr=  0  nz=0.58 flt=0.01 dmap=+0/-0 shz=4.0 plan=9 cmd=(lx=+0.00,ly=+0.28,rx=+0.00)
  t= 59.4 ENG-GO pos=(-4.01,+1.38) yaw=+129.4 d=1.81 goal_err=-16 carrot_err= -14 c0=1.44 clear=0.96 prog=0.29 rel=0.58 bal=+0.00 obs=225 hard=219 obsc=229 yr=  0  nz=0.42 flt=0.01 dmap=+0/-0 shz=3.9 plan=9 cmd=(lx=+0.00,ly=+0.28,rx=+0.00)
  t= 59.8 ENG-GO pos=(-4.03,+1.41) yaw=+129.4 d=1.77 goal_err=-16 carrot_err= -15 c0=1.41 clear=0.94 prog=0.29 rel=0.91 bal=-0.02 obs=224 hard=216 obsc=227 yr=  0  nz=0.09 flt=0.00 dmap=+0/-0 shz=4.0 plan=9 cmd=(lx=+0.00,ly=+0.28,rx=+0.00)
  t= 60.2 ENG-GO pos=(-4.06,+1.44) yaw=+129.4 d=1.74 goal_err=-17 carrot_err= -15 c0=1.37 clear=0.92 prog=0.29 rel=0.93 bal=+0.13 obs=224 hard=218 obsc=229 yr=  0  nz=0.07 flt=0.00 dmap=+2/-2 shz=4.0 plan=9 cmd=(lx=+0.00,ly=+0.28,rx=+0.00)
  t= 60.6 ENG-GO pos=(-4.08,+1.47) yaw=+129.4 d=1.70 goal_err=-17 carrot_err= -16 c0=1.34 clear=0.89 prog=0.27 rel=0.93 bal=-0.00 obs=225 hard=217 obsc=228 yr=  0  nz=0.07 flt=0.00 dmap=+0/-0 shz=4.0 plan=9 cmd=(lx=+0.00,ly=+0.28,rx=+0.00)
  t= 61.1 ENG-GO pos=(-4.10,+1.49) yaw=+129.4 d=1.67 goal_err=-17 carrot_err= -17 c0=1.31 clear=0.87 prog=0.27 rel=0.93 bal=+0.08 obs=225 hard=218 obsc=228 yr=  0  nz=0.07 flt=0.00 dmap=+2/-0 shz=4.0 plan=9 cmd=(lx=+0.00,ly=+0.28,rx=+0.00)
  t= 61.5 ENG-GO pos=(-4.13,+1.53) yaw=+129.4 d=1.63 goal_err=-18 carrot_err= -11 c0=1.26 clear=0.84 prog=0.28 rel=0.92 bal=+0.06 obs=223 hard=217 obsc=228 yr=  0  nz=0.08 flt=0.01 dmap=+0/-1 shz=4.0 plan=9 cmd=(lx=+0.00,ly=+0.28,rx=+0.00)
  t= 61.9 ENG-GO pos=(-4.15,+1.56) yaw=+129.4 d=1.59 goal_err=-18 carrot_err= -12 c0=1.23 clear=0.82 prog=0.28 rel=0.92 bal=-0.57 obs=226 hard=219 obsc=231 yr=  0  nz=0.08 flt=0.00 dmap=+0/-0 shz=4.0 plan=9 cmd=(lx=+0.00,ly=+0.28,rx=+0.00)
  t= 62.4 ENG-GO pos=(-4.18,+1.58) yaw=+129.4 d=1.56 goal_err=-19 carrot_err= -12 c0=1.19 clear=0.80 prog=0.28 rel=0.92 bal=-0.58 obs=227 hard=218 obsc=229 yr=  0  nz=0.08 flt=0.01 dmap=+0/-0 shz=4.0 plan=8 cmd=(lx=+0.00,ly=+0.28,rx=+0.00)
  t= 62.8 ENG-GO pos=(-4.20,+1.61) yaw=+129.4 d=1.52 goal_err=-19 carrot_err= -12 c0=1.16 clear=0.77 prog=0.28 rel=0.93 bal=-0.60 obs=233 hard=222 obsc=235 yr=  0  nz=0.07 flt=0.00 dmap=+4/-0 shz=4.0 plan=8 cmd=(lx=+0.00,ly=+0.28,rx=+0.00)
  t= 63.2 ENG-GO pos=(-4.22,+1.64) yaw=+129.4 d=1.49 goal_err=-19 carrot_err= -13 c0=1.13 clear=0.75 prog=0.27 rel=0.93 bal=-0.61 obs=226 hard=222 obsc=228 yr=  0  nz=0.07 flt=0.00 dmap=+0/-0 shz=4.0 plan=8 cmd=(lx=+0.00,ly=+0.28,rx=+0.00)
  t= 63.6 ENG-GO pos=(-4.25,+1.67) yaw=+129.4 d=1.45 goal_err=-20 carrot_err= -14 c0=1.08 clear=0.72 prog=0.28 rel=0.92 bal=-0.38 obs=227 hard=225 obsc=230 yr=  0  nz=0.08 flt=0.01 dmap=+0/-0 shz=4.0 plan=8 cmd=(lx=+0.00,ly=+0.28,rx=+0.00)
  t= 64.0 ENG-GO pos=(-4.27,+1.70) yaw=+129.4 d=1.41 goal_err=-21 carrot_err= -14 c0=1.05 clear=0.70 prog=0.28 rel=0.93 bal=-0.16 obs=225 hard=225 obsc=230 yr=  0  nz=0.07 flt=0.00 dmap=+1/-3 shz=4.0 plan=8 cmd=(lx=+0.00,ly=+0.28,rx=+0.00)
  t= 64.5 ENG-GO pos=(-4.30,+1.73) yaw=+129.4 d=1.38 goal_err=-21 carrot_err= -20 c0=1.02 clear=0.68 prog=0.28 rel=0.93 bal=-0.27 obs=226 hard=225 obsc=229 yr=  0  nz=0.07 flt=0.01 dmap=+0/-0 shz=4.0 plan=8 cmd=(lx=+0.00,ly=+0.28,rx=+0.00)
  t= 64.9 ENG-GO pos=(-4.32,+1.76) yaw=+129.4 d=1.35 goal_err=-22 carrot_err= -21 c0=0.99 clear=0.66 prog=0.28 rel=0.93 bal=-0.28 obs=228 hard=225 obsc=230 yr=  0  nz=0.07 flt=0.00 dmap=+0/-0 shz=4.0 plan=8 cmd=(lx=+0.00,ly=+0.28,rx=+0.00)
  t= 65.3 ENG-GO pos=(-4.34,+1.79) yaw=+129.4 d=1.31 goal_err=-22 carrot_err= -22 c0=0.95 clear=0.64 prog=0.28 rel=0.94 bal=-0.30 obs=227 hard=224 obsc=230 yr=  0  nz=0.06 flt=0.00 dmap=+1/-1 shz=4.0 plan=7 cmd=(lx=+0.00,ly=+0.28,rx=+0.00)
  t= 65.7 ENG-GO pos=(-4.37,+1.81) yaw=+129.4 d=1.28 goal_err=-23 carrot_err= -23 c0=1.02 clear=0.68 prog=0.26 rel=0.94 bal=-0.31 obs=227 hard=222 obsc=230 yr=  0  nz=0.06 flt=0.00 dmap=+0/-0 shz=4.0 plan=7 cmd=(lx=+0.00,ly=+0.28,rx=+0.00)
  t= 66.2 DWA-F pos=(-4.39,+1.85) yaw=+129.4 d=1.24 goal_err=-24 carrot_err= -24 c0=0.97 clear=0.65 prog=0.28 rel=0.95 bal=-0.42 obs=229 hard=227 obsc=232 yr=  0  nz=0.05 flt=0.00 dmap=+0/-0 shz=4.0 plan=7 cmd=(lx=+0.00,ly=+0.40,rx=+0.00)
  t= 66.6 DWA-F pos=(-4.42,+1.88) yaw=+129.4 d=1.20 goal_err=-25 carrot_err= -25 c0=0.93 clear=0.62 prog=0.29 rel=0.95 bal=-0.43 obs=229 hard=225 obsc=231 yr=  0  nz=0.05 flt=0.01 dmap=+0/-0 shz=4.0 plan=7 cmd=(lx=+0.00,ly=+0.40,rx=+0.00)
  t= 67.0 DWA-F pos=(-4.45,+1.92) yaw=+129.4 d=1.16 goal_err=-25 carrot_err= -18 c0=0.89 clear=0.59 prog=0.30 rel=0.92 bal=-0.44 obs=228 hard=225 obsc=232 yr=  0  nz=0.08 flt=0.02 dmap=+0/-0 shz=4.0 plan=7 cmd=(lx=+0.00,ly=+0.40,rx=+0.00)
  t= 67.5 DWA-F pos=(-4.48,+1.95) yaw=+129.4 d=1.12 goal_err=-26 carrot_err= -19 c0=0.85 clear=0.56 prog=0.31 rel=0.92 bal=-0.56 obs=228 hard=225 obsc=233 yr=  0  nz=0.08 flt=0.01 dmap=+0/-0 shz=4.0 plan=7 cmd=(lx=+0.00,ly=+0.40,rx=+0.00)
  t= 67.9 DWA-F pos=(-4.51,+2.00) yaw=+129.4 d=1.07 goal_err=-28 carrot_err= -20 c0=0.80 clear=0.53 prog=0.32 rel=0.92 bal=-0.48 obs=228 hard=226 obsc=233 yr=  0  nz=0.08 flt=0.00 dmap=+2/-1 shz=3.9 plan=7 cmd=(lx=+0.00,ly=+0.40,rx=+0.00)
  t= 68.3 DWA-F pos=(-4.54,+2.03) yaw=+129.4 d=1.03 goal_err=-29 carrot_err= -21 c0=0.75 clear=0.50 prog=0.32 rel=0.91 bal=-0.49 obs=227 hard=225 obsc=232 yr=  0  nz=0.09 flt=0.01 dmap=+2/-2 shz=4.0 plan=6 cmd=(lx=+0.00,ly=+0.40,rx=+0.00)
  t= 68.8 DWA-F pos=(-4.57,+2.06) yaw=+129.4 d=0.99 goal_err=-30 carrot_err= -22 c0=0.71 clear=0.47 prog=0.32 rel=0.91 bal=-0.49 obs=228 hard=225 obsc=233 yr=  0  nz=0.09 flt=0.00 dmap=+0/-0 shz=3.9 plan=6 cmd=(lx=+0.00,ly=+0.40,rx=+0.00)
  t= 69.2 DWA-F pos=(-4.60,+2.10) yaw=+129.4 d=0.95 goal_err=-31 carrot_err= -23 c0=0.67 clear=0.45 prog=0.32 rel=0.92 bal=-0.50 obs=227 hard=224 obsc=232 yr=  0  nz=0.08 flt=0.00 dmap=+1/-0 shz=4.0 plan=6 cmd=(lx=+0.00,ly=+0.40,rx=+0.00)
  t= 69.6 DWA-F pos=(-4.63,+2.14) yaw=+129.4 d=0.90 goal_err=-33 carrot_err= -28 c0=0.89 clear=0.59 prog=0.31 rel=0.87 bal=-0.51 obs=228 hard=226 obsc=234 yr=  0  nz=0.13 flt=0.01 dmap=+2/-1 shz=4.0 plan=6 cmd=(lx=+0.00,ly=+0.40,rx=+0.00)
  t= 70.1 DWA-F pos=(-4.66,+2.18) yaw=+125.4 d=0.87 goal_err=-31 carrot_err= -26 c0=0.85 clear=0.57 prog=0.31 rel=0.84 bal=-0.51 obs=228 hard=226 obsc=234 yr= 19  nz=0.16 flt=0.01 dmap=+0/-0 shz=4.0 plan=5 cmd=(lx=+0.00,ly=+0.40,rx=+0.00)
  t= 70.5 DWA-F pos=(-4.69,+2.21) yaw=+125.4 d=0.83 goal_err=-32 carrot_err= -27 c0=1.20 clear=0.80 prog=0.31 rel=0.69 bal=-0.51 obs=240 hard=238 obsc=245 yr=  0  nz=0.32 flt=0.00 dmap=+0/-0 shz=4.0 plan=5 cmd=(lx=+0.00,ly=+0.40,rx=+0.00)
  t= 70.9 DWA-F pos=(-4.71,+2.25) yaw=+125.4 d=0.79 goal_err=-34 carrot_err= -29 c0=1.16 clear=0.77 prog=0.30 rel=0.74 bal=-0.50 obs=242 hard=239 obsc=246 yr=  0  nz=0.26 flt=0.01 dmap=+2/-0 shz=3.9 plan=5 cmd=(lx=+0.00,ly=+0.40,rx=+0.00)
  t= 71.4 DWA-F pos=(-4.75,+2.29) yaw=+123.4 d=0.75 goal_err=-35 carrot_err= -29 c0=1.11 clear=0.74 prog=0.30 rel=0.80 bal=-0.38 obs=240 hard=239 obsc=245 yr= 18G nz=0.20 flt=0.06 dmap=+0/-0 shz=4.0 plan=5 cmd=(lx=+0.00,ly=+0.40,rx=+0.45)
  t= 71.8 DWA-F pos=(-4.77,+2.33) yaw=+119.4 d=0.71 goal_err=-32 carrot_err= -27 c0=1.07 clear=0.71 prog=0.30 rel=0.92 bal=-0.38 obs=237 hard=236 obsc=244 yr=  0  nz=0.09 flt=0.00 dmap=+0/-0 shz=4.0 plan=5 cmd=(lx=+0.00,ly=+0.40,rx=+0.00)
  t= 72.2 DWA-F pos=(-4.79,+2.37) yaw=+119.4 d=0.67 goal_err=-35 carrot_err= -28 c0=1.03 clear=0.68 prog=0.30 rel=0.92 bal=-0.38 obs=236 hard=236 obsc=244 yr=  0G nz=0.09 flt=0.00 dmap=+0/-0 shz=4.0 plan=5 cmd=(lx=+0.00,ly=+0.40,rx=+0.45)
  t= 72.7 DWA-F pos=(-4.81,+2.41) yaw=+115.3 d=0.63 goal_err=-33 carrot_err= -26 c0=0.99 clear=0.66 prog=0.30 rel=0.91 bal=-0.38 obs=249 hard=247 obsc=255 yr=  0  nz=0.09 flt=0.00 dmap=+0/-0 shz=3.9 plan=5 cmd=(lx=+0.00,ly=+0.40,rx=+0.00)
  t= 73.1 DWA-F pos=(-4.83,+2.46) yaw=+113.3 d=0.59 goal_err=-34 carrot_err= -27 c0=0.93 clear=0.62 prog=0.31 rel=0.92 bal=-0.38 obs=252 hard=248 obsc=256 yr= 19G nz=0.08 flt=0.09 dmap=+0/-0 shz=4.0 plan=4 cmd=(lx=+0.00,ly=+0.40,rx=+0.45)
  t= 73.5 DWA-F pos=(-4.85,+2.50) yaw=+109.3 d=0.55 goal_err=-32 carrot_err= -25 c0=0.89 clear=0.59 prog=0.30 rel=0.92 bal=-0.37 obs=251 hard=248 obsc=262 yr=  0  nz=0.08 flt=0.00 dmap=+0/-0 shz=3.9 plan=4 cmd=(lx=+0.00,ly=+0.40,rx=+0.00)
  t= 74.0 DWA-F pos=(-4.86,+2.54) yaw=+107.3 d=0.51 goal_err=-33 carrot_err= -25 c0=0.85 clear=0.56 prog=0.30 rel=0.90 bal=-0.36 obs=247 hard=246 obsc=257 yr= 18G nz=0.10 flt=0.01 dmap=+0/-0 shz=4.0 plan=4 cmd=(lx=+0.00,ly=+0.28,rx=+0.45)
  t= 74.4 DWA-F pos=(-4.88,+2.59) yaw=+103.3 d=0.48 goal_err=-31 carrot_err= -24 c0=0.97 clear=0.65 prog=0.30 rel=0.90 bal=-0.36 obs=241 hard=241 obsc=250 yr=  0  nz=0.10 flt=0.01 dmap=+0/-1 shz=4.0 plan=3 cmd=(lx=+0.00,ly=+0.28,rx=+0.45)
  t= 74.8 DWA-T pos=(-4.88,+2.61) yaw= +99.3 d=0.45 goal_err=-29 carrot_err= -21 c0=0.94 clear=0.63 prog=0.28 rel=0.89 bal=-0.35 obs=241 hard=241 obsc=250 yr=  0  nz=0.11 flt=0.00 dmap=+0/-0 shz=4.0 plan=3 cmd=(lx=+0.00,ly=+0.00,rx=+0.00)
  t= 75.3 DWA-T pos=(-4.88,+2.61) yaw= +99.3 d=0.45 goal_err=-29 carrot_err= -21 c0=0.94 clear=0.63 prog=0.20 rel=0.91 bal=-0.15 obs=239 hard=239 obsc=250 yr=  0  nz=0.09 flt=0.00 dmap=+0/-0 shz=4.0 plan=3 cmd=(lx=+0.00,ly=+0.00,rx=+0.00)
  t= 75.7 DWA-T pos=(-4.88,+2.61) yaw= +99.3 d=0.45 goal_err=-29 carrot_err= -21 c0=0.94 clear=0.63 prog=0.14 rel=0.91 bal=-0.15 obs=239 hard=239 obsc=250 yr=  0  nz=0.09 flt=0.00 dmap=+0/-0 shz=4.0 plan=3 cmd=(lx=+0.00,ly=+0.00,rx=+0.00)
  t= 76.1 BRK-BK pos=(-4.88,+2.61) yaw= +99.3 d=0.45 goal_err=-29 carrot_err= -21 c0=0.94 clear=0.63 prog=0.07 rel=0.91 bal=-0.15 obs=238 hard=237 obsc=247 yr=  0  nz=0.09 flt=0.00 dmap=+1/-2 shz=3.7 plan=0 cmd=(lx=+0.00,ly=-0.35,rx=+0.00)
  t= 76.6 BRK-TR pos=(-4.87,+2.56) yaw= +99.3 d=0.50 goal_err=-26 carrot_err= -19 c0=0.99 clear=0.66 prog=0.00 rel=0.97 bal=-0.15 obs=233 hard=232 obsc=242 yr=  0G nz=0.03 flt=0.00 dmap=+0/-0 shz=3.7 plan=0 cmd=(lx=+0.00,ly=+0.00,rx=+0.45)
  t= 77.0 BRK-TR pos=(-4.87,+2.56) yaw= +91.3 d=0.50 goal_err=-18 carrot_err= -11 c0=1.27 clear=0.84 prog=0.00 rel=0.96 bal=-0.17 obs=234 hard=234 obsc=243 yr= 19G nz=0.04 flt=0.17 dmap=+1/-0 shz=3.7 plan=0 cmd=(lx=+0.00,ly=+0.00,rx=+0.45)
  t= 77.4 BRK-TR pos=(-4.87,+2.56) yaw= +83.3 d=0.50 goal_err=-10 carrot_err=  -3 c0=1.14 clear=0.76 prog=0.00 rel=0.81 bal=-0.26 obs=234 hard=234 obsc=243 yr= 19G nz=0.19 flt=0.00 dmap=+0/-0 shz=3.7 plan=0 cmd=(lx=+0.00,ly=+0.00,rx=+0.45)
  t= 77.8 BRK-TR pos=(-4.87,+2.56) yaw= +75.2 d=0.50 goal_err=-2 carrot_err=  +5 c0=1.07 clear=0.72 prog=0.00 rel=0.85 bal=-0.30 obs=234 hard=234 obsc=243 yr= 19G nz=0.15 flt=0.07 dmap=+0/-0 shz=3.7 plan=0 cmd=(lx=+0.00,ly=+0.00,rx=+0.45)
  t= 78.2 BRK-TR pos=(-4.87,+2.56) yaw= +65.2 d=0.50 goal_err=+8 carrot_err= +15 c0=1.07 clear=0.72 prog=0.00 rel=0.85 bal=-0.21 obs=234 hard=234 obsc=243 yr= 19G nz=0.15 flt=0.00 dmap=+0/-0 shz=3.7 plan=0 cmd=(lx=+0.00,ly=+0.00,rx=+0.45)
  t= 78.7 BRK-TR pos=(-4.87,+2.56) yaw= +57.2 d=0.50 goal_err=+16 carrot_err= +23 c0=1.07 clear=0.72 prog=0.00 rel=0.90 bal=-0.21 obs=234 hard=234 obsc=243 yr= 19G nz=0.10 flt=0.00 dmap=+0/-0 shz=3.7 plan=0 cmd=(lx=+0.00,ly=+0.00,rx=+0.45)
  t= 79.1 DWA-T pos=(-4.87,+2.56) yaw= +51.2 d=0.50 goal_err=+22 carrot_err= +29 c0=1.07 clear=0.72 prog=0.00 rel=0.95 bal=-0.14 obs=241 hard=234 obsc=250 yr=  0  nz=0.05 flt=0.17 dmap=+0/-0 shz=3.7 plan=3 cmd=(lx=+0.00,ly=+0.00,rx=+0.00)
  t= 79.5 DWA-T pos=(-4.87,+2.56) yaw= +51.2 d=0.50 goal_err=+22 carrot_err= +29 c0=1.07 clear=0.72 prog=0.00 rel=0.95 bal=-0.14 obs=241 hard=238 obsc=247 yr=  0  nz=0.05 flt=0.08 dmap=+0/-0 shz=3.7 plan=3 cmd=(lx=+0.00,ly=+0.00,rx=+0.00)
  t= 80.0 DWA-T pos=(-4.87,+2.56) yaw= +51.2 d=0.50 goal_err=+22 carrot_err= +29 c0=1.07 clear=0.72 prog=0.00 rel=0.95 bal=-0.14 obs=241 hard=238 obsc=247 yr=  0  nz=0.05 flt=0.08 dmap=+0/-0 shz=3.7 plan=3 cmd=(lx=+0.00,ly=+0.00,rx=+0.00)
  t= 80.4 BRK-BK pos=(-4.87,+2.56) yaw= +51.2 d=0.50 goal_err=+22 carrot_err= +29 c0=1.07 clear=0.72 prog=0.00 rel=0.95 bal=-0.14 obs=241 hard=238 obsc=247 yr=  0  nz=0.05 flt=0.08 dmap=+0/-0 shz=3.7 plan=0 cmd=(lx=+0.00,ly=-0.35,rx=+0.00)
  t= 80.8 BRK-TR pos=(-4.91,+2.53) yaw= +51.2 d=0.54 goal_err=+20 carrot_err= +26 c0=1.12 clear=0.75 prog=0.00 rel=0.97 bal=-0.14 obs=240 hard=237 obsc=246 yr=  0G nz=0.03 flt=0.03 dmap=+0/-0 shz=3.5 plan=0 cmd=(lx=+0.00,ly=+0.00,rx=+0.45)
  t= 81.3 BRK-TR pos=(-4.91,+2.53) yaw= +43.2 d=0.54 goal_err=+28 carrot_err= +34 c0=1.12 clear=0.75 prog=0.00 rel=0.96 bal=-0.14 obs=240 hard=237 obsc=246 yr= 19G nz=0.04 flt=0.06 dmap=+0/-0 shz=3.5 plan=0 cmd=(lx=+0.00,ly=+0.00,rx=+0.45)
  t= 81.7 BRK-TR pos=(-4.91,+2.53) yaw= +35.1 d=0.54 goal_err=+36 carrot_err= +42 c0=1.12 clear=0.75 prog=0.00 rel=0.96 bal=-0.03 obs=240 hard=237 obsc=246 yr= 20G nz=0.04 flt=0.00 dmap=+0/-0 shz=3.5 plan=0 cmd=(lx=+0.00,ly=+0.00,rx=+0.45)
  t= 82.1 BRK-TR pos=(-4.91,+2.53) yaw= +27.1 d=0.54 goal_err=+44 carrot_err= +50 c0=1.12 clear=0.75 prog=0.00 rel=0.96 bal=+0.09 obs=240 hard=237 obsc=246 yr= 19G nz=0.04 flt=0.20 dmap=+0/-0 shz=3.5 plan=0 cmd=(lx=+0.00,ly=+0.00,rx=+0.45)
  t= 82.5 BRK-TR pos=(-4.91,+2.53) yaw= +19.1 d=0.54 goal_err=+52 carrot_err= +58 c0=1.26 clear=0.84 prog=0.00 rel=0.90 bal=+0.09 obs=243 hard=240 obsc=249 yr= 19G nz=0.10 flt=0.05 dmap=+0/-0 shz=3.5 plan=0 cmd=(lx=+0.00,ly=+0.00,rx=+0.45)
  t= 82.9 BRK-TR pos=(-4.91,+2.53) yaw= +11.1 d=0.54 goal_err=+60 carrot_err= +66 c0=1.31 clear=0.87 prog=0.00 rel=0.86 bal=+0.10 obs=243 hard=240 obsc=249 yr= 19G nz=0.14 flt=0.00 dmap=+0/-0 shz=3.5 plan=0 cmd=(lx=+0.00,ly=+0.00,rx=+0.45)
  t= 83.6 DWA-F pos=(-4.91,+2.53) yaw=  +9.1 d=0.54 goal_err=+62 carrot_err= +68 c0=1.31 clear=0.87 prog=0.00 rel=0.86 bal=+0.10 obs=243 hard=240 obsc=249 yr=  0G nz=0.14 flt=0.20 dmap=+0/-0 shz=3.5 plan=3 cmd=(lx=+0.00,ly=+0.28,rx=-0.45)
  t= 84.1 DWA-F pos=(-4.91,+2.53) yaw=  +9.1 d=0.54 goal_err=+62 carrot_err= +68 c0=1.31 clear=0.87 prog=0.00 rel=0.86 bal=+0.10 obs=243 hard=240 obsc=249 yr=  0G nz=0.14 flt=0.20 dmap=+0/-0 shz=3.5 plan=3 cmd=(lx=+0.00,ly=+0.28,rx=-0.45)
  t= 84.5 DWA-F pos=(-4.91,+2.53) yaw=  -1.0 d=0.54 goal_err=+72 carrot_err= +78 c0=1.15 clear=0.77 prog=0.00 rel=0.89 bal=+0.13 obs=243 hard=240 obsc=249 yr= 18G nz=0.11 flt=0.00 dmap=+0/-0 shz=3.4 plan=3 cmd=(lx=+0.00,ly=+0.28,rx=-0.45)

  COLISION #1 [odom] en (-4.90,+2.53) -> marco y recupero.
  t= 84.9 R-BACK pos=(-4.90,+2.52) yaw=  +5.1 d=0.54 goal_err=+67 carrot_err= +73 c0=0.31 clear=0.20 prog=0.00 rel=0.41 bal=+0.10 obs=239 hard=235 obsc=243 yr=  0  nz=0.59 flt=0.01 dmap=+0/-0 shz=3.4 plan=0 cmd=(lx=+0.00,ly=-0.35,rx=+0.00)
  t= 85.3 R-TURN pos=(-4.95,+2.52) yaw=  +5.1 d=0.56 goal_err=+62 carrot_err= +68 c0=0.36 clear=0.24 prog=0.00 rel=0.35 bal=+0.11 obs=231 hard=234 obsc=241 yr=  0G nz=0.65 flt=0.01 dmap=+0/-0 shz=3.4 plan=0 cmd=(lx=+0.00,ly=+0.00,rx=-0.45)
  t= 85.7 R-TURN pos=(-4.95,+2.52) yaw= +13.1 d=0.56 goal_err=+54 carrot_err= +60 c0=0.36 clear=0.24 prog=0.00 rel=0.36 bal=+0.11 obs=231 hard=234 obsc=241 yr= 19G nz=0.64 flt=0.08 dmap=+0/-0 shz=3.4 plan=0 cmd=(lx=+0.00,ly=+0.00,rx=-0.45)

  >>> MODO AGRESIVO ON (12s sin acercarse a B): reduzco inflado y holgura (min seguridad 0.24m) para cruzar la puerta.
  t= 86.2 AGR-R-TURN pos=(-4.95,+2.52) yaw= +17.1 d=0.56 goal_err=+50 carrot_err= +56 c0=0.36 clear=0.24 prog=0.00 rel=0.36 bal=+0.56 obs=231 hard=234 obsc=241 yr= 16G nz=0.64 flt=0.16 dmap=+0/-0 shz=3.3 plan=0 cmd=(lx=+0.00,ly=+0.00,rx=-0.45)
  t= 86.6 AGR-DWA-F pos=(-4.95,+2.52) yaw= +25.1 d=0.56 goal_err=+42 carrot_err= +48 c0=0.36 clear=0.24 prog=0.00 rel=0.94 bal=+0.37 obs=234 hard=225 obsc=247 yr= 19  nz=0.06 flt=0.00 dmap=+5/-2 shz=3.3 plan=3 cmd=(lx=+0.00,ly=+0.28,rx=-0.45)
  t= 87.0 AGR-DWA-F pos=(-4.94,+2.53) yaw= +29.1 d=0.55 goal_err=+39 carrot_err= +45 c0=0.34 clear=0.23 prog=0.00 rel=0.97 bal=+0.37 obs=234 hard=225 obsc=247 yr=  9G nz=0.03 flt=0.00 dmap=+0/-0 shz=3.3 plan=3 cmd=(lx=+0.00,ly=+0.28,rx=-0.45)
  t= 87.6 AGR-DWA-F pos=(-4.94,+2.53) yaw= +29.1 d=0.55 goal_err=+39 carrot_err= +45 c0=0.34 clear=0.23 prog=0.01 rel=0.97 bal=+0.37 obs=234 hard=225 obsc=247 yr=  0G nz=0.03 flt=0.05 dmap=+0/-0 shz=3.3 plan=3 cmd=(lx=+0.00,ly=+0.28,rx=-0.45)
  t= 88.1 AGR-DWA-F pos=(-4.91,+2.54) yaw= +39.1 d=0.53 goal_err=+31 carrot_err= +37 c0=1.11 clear=0.74 prog=0.06 rel=0.51 bal=+0.38 obs=234 hard=225 obsc=247 yr= 19G nz=0.49 flt=0.03 dmap=+0/-0 shz=3.3 plan=3 cmd=(lx=+0.00,ly=+0.28,rx=-0.45)
  t= 88.5 AGR-DWA-F pos=(-4.89,+2.56) yaw= +47.2 d=0.51 goal_err=+24 carrot_err= +31 c0=1.09 clear=0.72 prog=0.10 rel=0.41 bal=+0.35 obs=234 hard=226 obsc=247 yr= 19G nz=0.59 flt=0.15 dmap=+0/-0 shz=3.2 plan=3 cmd=(lx=+0.00,ly=+0.28,rx=-0.45)
  t= 88.9 AGR-DWA-F pos=(-4.88,+2.58) yaw= +53.2 d=0.49 goal_err=+19 carrot_err= +27 c0=1.07 clear=0.71 prog=0.12 rel=0.44 bal=+0.36 obs=235 hard=227 obsc=248 yr= 19G nz=0.56 flt=0.07 dmap=+0/-0 shz=3.3 plan=3 cmd=(lx=+0.00,ly=+0.28,rx=-0.45)
  t= 89.3 AGR-DWA-T pos=(-4.86,+2.59) yaw= +59.2 d=0.47 goal_err=+14 carrot_err= +22 c0=1.04 clear=0.70 prog=0.16 rel=0.55 bal=+0.36 obs=236 hard=219 obsc=238 yr=  0  nz=0.46 flt=0.04 dmap=+8/-7 shz=3.2 plan=3 cmd=(lx=+0.00,ly=+0.00,rx=+0.00)
  t= 89.7 AGR-DWA-T pos=(-4.86,+2.59) yaw= +59.2 d=0.47 goal_err=+14 carrot_err= +22 c0=1.04 clear=0.70 prog=0.13 rel=0.95 bal=+0.36 obs=233 hard=219 obsc=239 yr=  0  nz=0.05 flt=0.05 dmap=+0/-0 shz=3.3 plan=3 cmd=(lx=+0.00,ly=+0.00,rx=+0.00)
  t= 90.2 AGR-DWA-T pos=(-4.86,+2.59) yaw= +59.2 d=0.47 goal_err=+14 carrot_err= +22 c0=1.04 clear=0.70 prog=0.10 rel=0.95 bal=+0.36 obs=233 hard=219 obsc=239 yr=  0  nz=0.05 flt=0.05 dmap=+0/-0 shz=3.3 plan=3 cmd=(lx=+0.00,ly=+0.00,rx=+0.00)
  t= 90.6 AGR-BRK-BK pos=(-4.86,+2.59) yaw= +59.2 d=0.47 goal_err=+14 carrot_err= +22 c0=1.04 clear=0.70 prog=0.06 rel=0.95 bal=+0.36 obs=233 hard=219 obsc=239 yr=  0  nz=0.05 flt=0.05 dmap=+0/-0 shz=3.3 plan=0 cmd=(lx=+0.00,ly=-0.35,rx=+0.00)
  t= 91.0 AGR-BRK-TR pos=(-4.89,+2.55) yaw= +59.2 d=0.51 goal_err=+13 carrot_err= +20 c0=1.09 clear=0.73 prog=0.00 rel=0.97 bal=+0.35 obs=228 hard=216 obsc=231 yr=  0G nz=0.03 flt=0.03 dmap=+0/-0 shz=3.1 plan=0 cmd=(lx=+0.00,ly=+0.00,rx=-0.45)
  t= 91.4 AGR-BRK-TR pos=(-4.90,+2.54) yaw= +67.2 d=0.53 goal_err=+4 carrot_err= +11 c0=1.11 clear=0.74 prog=0.00 rel=0.87 bal=+0.35 obs=229 hard=217 obsc=232 yr= 19G nz=0.06 flt=0.34 dmap=+0/-0 shz=3.1 plan=0 cmd=(lx=+0.00,ly=+0.00,rx=-0.45)
  t= 91.8 AGR-BRK-TR pos=(-4.90,+2.54) yaw= +75.2 d=0.53 goal_err=-4 carrot_err=  +3 c0=1.10 clear=0.73 prog=0.00 rel=0.88 bal=+0.35 obs=232 hard=220 obsc=235 yr= 19G nz=0.06 flt=0.11 dmap=+0/-0 shz=3.1 plan=0 cmd=(lx=+0.00,ly=+0.00,rx=-0.45)
  t= 92.3 AGR-BRK-TR pos=(-4.90,+2.54) yaw= +83.3 d=0.53 goal_err=-12 carrot_err=  -5 c0=1.10 clear=0.73 prog=0.00 rel=0.95 bal=+0.35 obs=232 hard=220 obsc=235 yr= 19G nz=0.05 flt=0.00 dmap=+0/-0 shz=3.1 plan=0 cmd=(lx=+0.00,ly=+0.00,rx=-0.45)
  t= 92.7 AGR-BRK-TR pos=(-4.90,+2.54) yaw= +89.3 d=0.53 goal_err=-18 carrot_err= -11 c0=1.10 clear=0.73 prog=0.00 rel=0.90 bal=+0.35 obs=232 hard=220 obsc=235 yr=  0G nz=0.03 flt=0.25 dmap=+0/-0 shz=3.1 plan=0 cmd=(lx=+0.00,ly=+0.00,rx=-0.45)
  t= 93.1 AGR-BRK-TR pos=(-4.90,+2.54) yaw= +97.3 d=0.53 goal_err=-26 carrot_err= -19 c0=1.00 clear=0.67 prog=0.00 rel=0.97 bal=-0.18 obs=232 hard=220 obsc=235 yr= 19G nz=0.03 flt=0.11 dmap=+0/-0 shz=3.1 plan=0 cmd=(lx=+0.00,ly=+0.00,rx=-0.45)
  t= 93.5 AGR-DWA-F pos=(-4.90,+2.55) yaw=+105.3 d=0.52 goal_err=-34 carrot_err= -28 c0=0.82 clear=0.55 prog=0.01 rel=0.84 bal=-0.18 obs=229 hard=212 obsc=232 yr=  0  nz=0.16 flt=0.08 dmap=+1/-4 shz=3.1 plan=3 cmd=(lx=+0.00,ly=+0.40,rx=+0.00)
  t= 94.0 AGR-DWA-F pos=(-4.91,+2.57) yaw=+105.3 d=0.50 goal_err=-36 carrot_err= -29 c0=0.80 clear=0.53 prog=0.05 rel=0.77 bal=-0.18 obs=229 hard=213 obsc=232 yr=  0G nz=0.23 flt=0.00 dmap=+0/-0 shz=3.1 plan=3 cmd=(lx=+0.00,ly=+0.28,rx=+0.45)
  t= 94.4 AGR-DWA-F pos=(-4.91,+2.60) yaw=+101.3 d=0.48 goal_err=-34 carrot_err= -27 c0=0.94 clear=0.62 prog=0.09 rel=0.81 bal=-0.18 obs=225 hard=209 obsc=230 yr=  0  nz=0.20 flt=0.00 dmap=+0/-0 shz=3.1 plan=3 cmd=(lx=+0.00,ly=+0.40,rx=+0.00)
  t= 94.8 AGR-DWA-T pos=(-4.92,+2.63) yaw= +97.3 d=0.45 goal_err=-32 carrot_err= -25 c0=0.91 clear=0.61 prog=0.13 rel=0.90 bal=-0.18 obs=227 hard=208 obsc=228 yr= 19  nz=0.10 flt=0.01 dmap=+3/-1 shz=3.1 plan=3 cmd=(lx=+0.00,ly=+0.00,rx=+0.00)
  t= 95.2 AGR-DWA-T pos=(-4.92,+2.63) yaw= +97.3 d=0.45 goal_err=-32 carrot_err= -25 c0=0.91 clear=0.61 prog=0.13 rel=0.90 bal=-0.18 obs=219 hard=207 obsc=226 yr=  0  nz=0.10 flt=0.00 dmap=+0/-0 shz=3.1 plan=3 cmd=(lx=+0.00,ly=+0.00,rx=+0.00)
  t= 95.7 AGR-DWA-T pos=(-4.92,+2.63) yaw= +97.3 d=0.45 goal_err=-32 carrot_err= -25 c0=0.91 clear=0.61 prog=0.10 rel=0.90 bal=-0.18 obs=219 hard=207 obsc=226 yr=  0  nz=0.10 flt=0.00 dmap=+0/-0 shz=3.1 plan=3 cmd=(lx=+0.00,ly=+0.00,rx=+0.00)
  t= 96.1 AGR-BRK-BK pos=(-4.92,+2.63) yaw= +97.3 d=0.45 goal_err=-32 carrot_err= -25 c0=0.91 clear=0.61 prog=0.06 rel=0.90 bal=-0.18 obs=219 hard=207 obsc=226 yr=  0  nz=0.10 flt=0.00 dmap=+0/-0 shz=3.1 plan=0 cmd=(lx=+0.00,ly=-0.35,rx=+0.00)
  t= 96.5 AGR-BRK-TR pos=(-4.91,+2.59) yaw= +97.3 d=0.48 goal_err=-29 carrot_err= -23 c0=0.94 clear=0.63 prog=0.00 rel=0.99 bal=-0.18 obs=218 hard=206 obsc=219 yr=  0  nz=0.01 flt=0.00 dmap=+0/-0 shz=2.9 plan=0 cmd=(lx=+0.00,ly=+0.00,rx=+0.45)
  t= 97.0 AGR-BRK-TR pos=(-4.91,+2.58) yaw= +91.3 d=0.50 goal_err=-23 carrot_err= -16 c0=1.13 clear=0.76 prog=0.00 rel=0.85 bal=-0.20 obs=218 hard=206 obsc=219 yr= 19G nz=0.15 flt=0.08 dmap=+0/-0 shz=3.1 plan=0 cmd=(lx=+0.00,ly=+0.00,rx=+0.45)
  t= 97.4 AGR-BRK-TR pos=(-4.91,+2.58) yaw= +83.3 d=0.50 goal_err=-15 carrot_err=  -8 c0=1.14 clear=0.76 prog=0.00 rel=0.78 bal=+0.32 obs=219 hard=208 obsc=220 yr= 19G nz=0.22 flt=0.18 dmap=+1/-0 shz=3.1 plan=0 cmd=(lx=+0.00,ly=+0.00,rx=+0.45)
  t= 97.8 AGR-BRK-TR pos=(-4.91,+2.58) yaw= +75.2 d=0.50 goal_err=-7 carrot_err=  +0 c0=1.14 clear=0.76 prog=0.00 rel=0.80 bal=+0.32 obs=222 hard=211 obsc=223 yr= 19G nz=0.20 flt=0.13 dmap=+0/-0 shz=3.1 plan=0 cmd=(lx=+0.00,ly=+0.00,rx=+0.45)
  t= 98.2 AGR-BRK-TR pos=(-4.91,+2.58) yaw= +67.2 d=0.50 goal_err=+1 carrot_err=  +8 c0=1.09 clear=0.72 prog=0.00 rel=0.85 bal=+0.32 obs=222 hard=211 obsc=223 yr= 19G nz=0.15 flt=0.00 dmap=+0/-0 shz=3.1 plan=0 cmd=(lx=+0.00,ly=+0.00,rx=+0.45)
  t= 98.7 AGR-BRK-TR pos=(-4.91,+2.58) yaw= +59.2 d=0.50 goal_err=+9 carrot_err= +16 c0=1.09 clear=0.72 prog=0.00 rel=0.90 bal=+0.32 obs=222 hard=211 obsc=223 yr= 19G nz=0.10 flt=0.17 dmap=+0/-0 shz=3.1 plan=0 cmd=(lx=+0.00,ly=+0.00,rx=+0.45)
  t= 99.1 AGR-DWA-F pos=(-4.91,+2.58) yaw= +51.2 d=0.50 goal_err=+17 carrot_err= +24 c0=1.09 clear=0.72 prog=0.00 rel=0.93 bal=+0.32 obs=214 hard=199 obsc=215 yr= 19  nz=0.07 flt=0.01 dmap=+0/-8 shz=3.1 plan=3 cmd=(lx=+0.00,ly=+0.28,rx=-0.45)
  t= 99.5 AGR-DWA-F pos=(-4.90,+2.60) yaw= +57.2 d=0.47 goal_err=+12 carrot_err= +19 c0=1.06 clear=0.71 prog=0.04 rel=0.96 bal=+0.33 obs=217 hard=200 obsc=219 yr= 19  nz=0.04 flt=0.16 dmap=+0/-0 shz=3.1 plan=3 cmd=(lx=+0.00,ly=+0.40,rx=+0.00)
  t= 99.9 AGR-DWA-T pos=(-4.88,+2.62) yaw= +57.2 d=0.45 goal_err=+13 carrot_err= +21 c0=1.04 clear=0.69 prog=0.08 rel=0.96 bal=+0.33 obs=213 hard=198 obsc=215 yr=  0  nz=0.04 flt=0.00 dmap=+0/-1 shz=3.2 plan=3 cmd=(lx=+0.00,ly=+0.00,rx=+0.00)
  t=100.4 AGR-DWA-T pos=(-4.88,+2.62) yaw= +57.2 d=0.45 goal_err=+13 carrot_err= +21 c0=1.04 clear=0.69 prog=0.08 rel=0.94 bal=+0.33 obs=209 hard=198 obsc=215 yr=  0  nz=0.06 flt=0.00 dmap=+0/-0 shz=3.2 plan=3 cmd=(lx=+0.00,ly=+0.00,rx=+0.00)
  t=100.8 AGR-DWA-T pos=(-4.88,+2.62) yaw= +57.2 d=0.45 goal_err=+13 carrot_err= +21 c0=1.04 clear=0.69 prog=0.08 rel=0.94 bal=+0.33 obs=209 hard=198 obsc=215 yr=  0  nz=0.06 flt=0.00 dmap=+0/-0 shz=3.2 plan=3 cmd=(lx=+0.00,ly=+0.00,rx=+0.00)
  t=101.3 AGR-BRK-BK pos=(-4.88,+2.62) yaw= +57.2 d=0.45 goal_err=+13 carrot_err= +21 c0=1.04 clear=0.69 prog=0.07 rel=0.94 bal=+0.33 obs=209 hard=198 obsc=215 yr=  0  nz=0.06 flt=0.00 dmap=+0/-0 shz=3.2 plan=0 cmd=(lx=+0.00,ly=-0.35,rx=+0.00)
  t=101.7 AGR-BRK-TR pos=(-4.90,+2.59) yaw= +57.2 d=0.48 goal_err=+12 carrot_err= +19 c0=1.07 clear=0.72 prog=0.00 rel=0.99 bal=+0.32 obs=206 hard=197 obsc=210 yr=  0  nz=0.01 flt=0.01 dmap=+0/-3 shz=3.1 plan=0 cmd=(lx=+0.00,ly=+0.00,rx=-0.45)
  t=102.1 AGR-BRK-TR pos=(-4.91,+2.58) yaw= +63.2 d=0.50 goal_err=+6 carrot_err= +12 c0=1.09 clear=0.72 prog=0.00 rel=0.89 bal=+0.32 obs=207 hard=198 obsc=211 yr= 18G nz=0.04 flt=0.33 dmap=+0/-0 shz=3.1 plan=0 cmd=(lx=+0.00,ly=+0.00,rx=-0.45)
  t=102.5 AGR-BRK-TR pos=(-4.91,+2.58) yaw= +69.2 d=0.50 goal_err=-0 carrot_err=  +6 c0=0.97 clear=0.65 prog=0.00 rel=0.84 bal=+0.32 obs=211 hard=202 obsc=215 yr=  0G nz=0.10 flt=0.00 dmap=+0/-0 shz=3.1 plan=0 cmd=(lx=+0.00,ly=+0.00,rx=-0.45)
  t=102.9 AGR-BRK-TR pos=(-4.91,+2.58) yaw= +77.2 d=0.50 goal_err=-8 carrot_err=  -2 c0=0.97 clear=0.65 prog=0.00 rel=0.84 bal=+0.32 obs=211 hard=202 obsc=215 yr= 19G nz=0.10 flt=0.10 dmap=+0/-0 shz=3.1 plan=0 cmd=(lx=+0.00,ly=+0.00,rx=-0.45)
  t=103.4 AGR-BRK-TR pos=(-4.91,+2.58) yaw= +87.3 d=0.50 goal_err=-18 carrot_err= -12 c0=1.07 clear=0.71 prog=0.00 rel=0.90 bal=+0.32 obs=211 hard=202 obsc=215 yr= 19G nz=0.10 flt=0.08 dmap=+0/-0 shz=3.1 plan=0 cmd=(lx=+0.00,ly=+0.00,rx=-0.45)
  t=103.8 AGR-BRK-TR pos=(-4.91,+2.58) yaw= +95.3 d=0.50 goal_err=-27 carrot_err= -20 c0=1.07 clear=0.71 prog=0.00 rel=0.84 bal=-0.11 obs=211 hard=202 obsc=215 yr= 19G nz=0.10 flt=0.00 dmap=+0/-0 shz=3.2 plan=0 cmd=(lx=+0.00,ly=+0.00,rx=-0.45)
  t=104.2 AGR-DWA-F pos=(-4.91,+2.58) yaw=+103.3 d=0.50 goal_err=-35 carrot_err= -28 c0=0.79 clear=0.53 prog=0.00 rel=0.90 bal=-0.11 obs=206 hard=187 obsc=210 yr= 19  nz=0.10 flt=0.00 dmap=+2/-7 shz=3.2 plan=3 cmd=(lx=+0.00,ly=+0.40,rx=+0.00)
  t=104.6 AGR-DWA-F pos=(-4.92,+2.60) yaw= +99.3 d=0.47 goal_err=-32 carrot_err= -26 c0=0.93 clear=0.62 prog=0.04 rel=0.83 bal=-0.11 obs=206 hard=187 obsc=210 yr= 19  nz=0.17 flt=0.07 dmap=+0/-0 shz=3.2 plan=3 cmd=(lx=+0.00,ly=+0.40,rx=+0.00)
  t=105.1 AGR-DWA-T pos=(-4.92,+2.63) yaw= +99.3 d=0.46 goal_err=-34 carrot_err= -27 c0=0.91 clear=0.61 prog=0.07 rel=0.84 bal=-0.10 obs=202 hard=185 obsc=204 yr=  0  nz=0.16 flt=0.01 dmap=+0/-0 shz=3.2 plan=3 cmd=(lx=+0.00,ly=+0.00,rx=+0.00)
  t=105.5 AGR-DWA-T pos=(-4.92,+2.63) yaw= +99.3 d=0.46 goal_err=-34 carrot_err= -27 c0=0.91 clear=0.61 prog=0.07 rel=0.84 bal=-0.10 obs=202 hard=185 obsc=204 yr=  0  nz=0.16 flt=0.01 dmap=+0/-0 shz=3.2 plan=3 cmd=(lx=+0.00,ly=+0.00,rx=+0.00)
  t=105.9 AGR-DWA-T pos=(-4.92,+2.63) yaw= +99.3 d=0.46 goal_err=-34 carrot_err= -27 c0=0.91 clear=0.61 prog=0.07 rel=0.84 bal=-0.10 obs=202 hard=185 obsc=204 yr=  0  nz=0.16 flt=0.01 dmap=+0/-0 shz=3.2 plan=3 cmd=(lx=+0.00,ly=+0.00,rx=+0.00)
  t=106.3 AGR-BRK-BK pos=(-4.92,+2.63) yaw= +99.3 d=0.46 goal_err=-34 carrot_err= -27 c0=0.91 clear=0.61 prog=0.05 rel=0.84 bal=-0.10 obs=202 hard=185 obsc=204 yr=  0  nz=0.16 flt=0.01 dmap=+0/-0 shz=3.2 plan=0 cmd=(lx=+0.00,ly=-0.35,rx=+0.00)
  t=106.8 AGR-BRK-TR pos=(-4.91,+2.58) yaw= +99.3 d=0.50 goal_err=-31 carrot_err= -24 c0=0.96 clear=0.64 prog=0.00 rel=0.99 bal=-0.11 obs=193 hard=176 obsc=195 yr=  0G nz=0.01 flt=0.05 dmap=+0/-0 shz=3.1 plan=0 cmd=(lx=+0.00,ly=+0.00,rx=+0.45)
  t=107.2 AGR-BRK-TR pos=(-4.91,+2.58) yaw= +91.3 d=0.50 goal_err=-23 carrot_err= -16 c0=1.07 clear=0.71 prog=0.00 rel=0.90 bal=-0.20 obs=193 hard=176 obsc=195 yr= 19G nz=0.10 flt=0.00 dmap=+0/-0 shz=3.1 plan=0 cmd=(lx=+0.00,ly=+0.00,rx=+0.45)
  t=107.6 AGR-BRK-TR pos=(-4.91,+2.58) yaw= +83.3 d=0.50 goal_err=-15 carrot_err=  -8 c0=1.07 clear=0.71 prog=0.00 rel=0.89 bal=+0.32 obs=193 hard=176 obsc=195 yr= 19G nz=0.11 flt=0.08 dmap=+0/-0 shz=3.0 plan=0 cmd=(lx=+0.00,ly=+0.00,rx=+0.45)
  t=108.0 AGR-BRK-TR pos=(-4.91,+2.58) yaw= +73.2 d=0.50 goal_err=-5 carrot_err=  +2 c0=0.97 clear=0.65 prog=0.00 rel=0.88 bal=+0.32 obs=200 hard=183 obsc=202 yr= 39G nz=0.12 flt=0.15 dmap=+5/-0 shz=3.1 plan=0 cmd=(lx=+0.00,ly=+0.00,rx=+0.45)
  t=108.5 AGR-BRK-TR pos=(-4.91,+2.58) yaw= +67.2 d=0.50 goal_err=+1 carrot_err=  +8 c0=0.97 clear=0.65 prog=0.00 rel=0.90 bal=+0.32 obs=200 hard=183 obsc=202 yr=  0G nz=0.10 flt=0.08 dmap=+0/-0 shz=3.1 plan=0 cmd=(lx=+0.00,ly=+0.00,rx=+0.45)
  t=108.9 AGR-BRK-TR pos=(-4.91,+2.58) yaw= +57.2 d=0.50 goal_err=+11 carrot_err= +18 c0=0.97 clear=0.65 prog=0.00 rel=0.92 bal=+0.32 obs=200 hard=183 obsc=202 yr= 19G nz=0.08 flt=0.17 dmap=+0/-0 shz=3.1 plan=0 cmd=(lx=+0.00,ly=+0.00,rx=+0.45)
  t=109.3 AGR-DWA-F pos=(-4.91,+2.58) yaw= +51.2 d=0.50 goal_err=+17 carrot_err= +24 c0=0.97 clear=0.65 prog=0.00 rel=0.92 bal=+0.32 obs=200 hard=183 obsc=202 yr=  0G nz=0.08 flt=0.14 dmap=+0/-0 shz=3.1 plan=3 cmd=(lx=+0.00,ly=+0.28,rx=-0.45)
  t=109.7 AGR-DWA-F pos=(-4.90,+2.59) yaw= +55.2 d=0.48 goal_err=+14 carrot_err= +21 c0=1.07 clear=0.71 prog=0.03 rel=0.91 bal=+0.33 obs=184 hard=167 obsc=186 yr=  0  nz=0.09 flt=0.00 dmap=+0/-1 shz=3.1 plan=3 cmd=(lx=+0.00,ly=+0.40,rx=+0.00)
  t=110.2 AGR-DWA-T pos=(-4.88,+2.62) yaw= +55.2 d=0.45 goal_err=+15 carrot_err= +23 c0=1.04 clear=0.69 prog=0.08 rel=0.89 bal=+0.33 obs=180 hard=166 obsc=185 yr=  0  nz=0.11 flt=0.00 dmap=+0/-0 shz=3.3 plan=3 cmd=(lx=+0.00,ly=+0.00,rx=+0.00)
  t=110.6 AGR-DWA-T pos=(-4.88,+2.62) yaw= +55.2 d=0.45 goal_err=+15 carrot_err= +23 c0=1.04 clear=0.69 prog=0.08 rel=0.90 bal=+0.33 obs=180 hard=164 obsc=182 yr=  0  nz=0.10 flt=0.01 dmap=+0/-0 shz=3.3 plan=3 cmd=(lx=+0.00,ly=+0.00,rx=+0.00)
  t=111.0 AGR-DWA-T pos=(-4.88,+2.62) yaw= +55.2 d=0.45 goal_err=+15 carrot_err= +23 c0=1.04 clear=0.69 prog=0.08 rel=0.90 bal=+0.33 obs=180 hard=164 obsc=182 yr=  0  nz=0.10 flt=0.01 dmap=+0/-0 shz=3.3 plan=3 cmd=(lx=+0.00,ly=+0.00,rx=+0.00)
  t=111.7 AGR-DWA-T pos=(-4.88,+2.62) yaw= +55.2 d=0.45 goal_err=+15 carrot_err= +23 c0=1.04 clear=0.69 prog=0.05 rel=0.90 bal=+0.33 obs=180 hard=164 obsc=182 yr=  0  nz=0.10 flt=0.01 dmap=+0/-0 shz=3.3 plan=0 cmd=(lx=+0.00,ly=+0.00,rx=+0.00)
  t=112.1 AGR-BRK-BK pos=(-4.90,+2.60) yaw= +55.2 d=0.48 goal_err=+14 carrot_err= +21 c0=1.06 clear=0.71 prog=0.00 rel=0.90 bal=+0.33 obs=170 hard=161 obsc=179 yr=  0  nz=0.10 flt=0.00 dmap=+0/-10 shz=3.0 plan=0 cmd=(lx=+0.00,ly=-0.35,rx=+0.00)
  t=112.5 AGR-BRK-TR pos=(-4.92,+2.56) yaw= +57.2 d=0.51 goal_err=+11 carrot_err= +18 c0=1.10 clear=0.73 prog=0.00 rel=0.96 bal=+0.32 obs=170 hard=161 obsc=179 yr=  0G nz=0.04 flt=0.04 dmap=+0/-0 shz=3.0 plan=0 cmd=(lx=+0.00,ly=+0.00,rx=-0.45)
  t=112.9 AGR-BRK-TR pos=(-4.92,+2.56) yaw= +65.2 d=0.51 goal_err=+3 carrot_err= +10 c0=0.98 clear=0.66 prog=0.00 rel=0.82 bal=+0.32 obs=175 hard=166 obsc=184 yr= 19G nz=0.12 flt=0.00 dmap=+0/-0 shz=3.0 plan=0 cmd=(lx=+0.00,ly=+0.00,rx=-0.45)
  t=113.4 AGR-BRK-TR pos=(-4.92,+2.56) yaw= +73.2 d=0.51 goal_err=-5 carrot_err=  +2 c0=0.98 clear=0.66 prog=0.00 rel=0.87 bal=+0.32 obs=175 hard=166 obsc=184 yr= 19G nz=0.13 flt=0.06 dmap=+0/-0 shz=3.0 plan=0 cmd=(lx=+0.00,ly=+0.00,rx=-0.45)
  t=113.8 AGR-BRK-TR pos=(-4.92,+2.56) yaw= +81.3 d=0.51 goal_err=-13 carrot_err=  -6 c0=0.98 clear=0.66 prog=0.00 rel=0.88 bal=+0.32 obs=175 hard=166 obsc=184 yr= 19G nz=0.12 flt=0.00 dmap=+0/-0 shz=3.0 plan=0 cmd=(lx=+0.00,ly=+0.00,rx=-0.45)
  t=114.2 AGR-BRK-TR pos=(-4.92,+2.56) yaw= +89.3 d=0.51 goal_err=-21 carrot_err= -14 c0=1.08 clear=0.72 prog=0.00 rel=0.83 bal=+0.32 obs=175 hard=166 obsc=184 yr= 19G nz=0.11 flt=0.28 dmap=+0/-0 shz=3.0 plan=0 cmd=(lx=+0.00,ly=+0.00,rx=-0.45)
  t=114.6 AGR-DWA-F pos=(-4.92,+2.56) yaw= +95.3 d=0.51 goal_err=-27 carrot_err= -20 c0=0.96 clear=0.64 prog=0.00 rel=0.84 bal=-0.12 obs=175 hard=166 obsc=184 yr=  0G nz=0.10 flt=0.12 dmap=+0/-0 shz=3.0 plan=3 cmd=(lx=+0.00,ly=+0.40,rx=+0.00)
  t=115.0 AGR-DWA-F pos=(-4.92,+2.59) yaw= +97.3 d=0.49 goal_err=-30 carrot_err= -24 c0=0.95 clear=0.63 prog=0.03 rel=0.88 bal=-0.11 obs=171 hard=157 obsc=176 yr=  0  nz=0.12 flt=0.00 dmap=+0/-0 shz=3.0 plan=3 cmd=(lx=+0.00,ly=+0.40,rx=+0.00)
  t=115.5 AGR-DWA-F pos=(-4.93,+2.62) yaw= +97.3 d=0.46 goal_err=-32 carrot_err= -26 c0=0.91 clear=0.61 prog=0.08 rel=0.86 bal=-0.11 obs=172 hard=156 obsc=175 yr=  0  nz=0.14 flt=0.00 dmap=+0/-0 shz=3.0 plan=3 cmd=(lx=+0.00,ly=+0.40,rx=+0.00)
  t=115.9 AGR-DWA-T pos=(-4.93,+2.63) yaw= +97.3 d=0.45 goal_err=-33 carrot_err= -26 c0=0.90 clear=0.60 prog=0.10 rel=0.85 bal=-0.19 obs=168 hard=156 obsc=175 yr=  0  nz=0.15 flt=0.00 dmap=+1/-5 shz=3.0 plan=3 cmd=(lx=+0.00,ly=+0.00,rx=+0.00)
  t=116.3 AGR-DWA-T pos=(-4.93,+2.63) yaw= +97.3 d=0.45 goal_err=-33 carrot_err= -26 c0=0.90 clear=0.60 prog=0.10 rel=0.95 bal=-0.19 obs=168 hard=156 obsc=175 yr=  0  nz=0.05 flt=0.00 dmap=+0/-0 shz=3.0 plan=3 cmd=(lx=+0.00,ly=+0.00,rx=+0.00)
  t=116.8 AGR-DWA-T pos=(-4.93,+2.63) yaw= +97.3 d=0.45 goal_err=-33 carrot_err= -26 c0=0.90 clear=0.60 prog=0.09 rel=0.95 bal=-0.19 obs=168 hard=156 obsc=175 yr=  0  nz=0.05 flt=0.00 dmap=+0/-0 shz=3.0 plan=3 cmd=(lx=+0.00,ly=+0.00,rx=+0.00)
  t=117.2 AGR-BRK-BK pos=(-4.93,+2.62) yaw= +97.3 d=0.46 goal_err=-32 carrot_err= -26 c0=0.91 clear=0.61 prog=0.03 rel=0.95 bal=-0.19 obs=166 hard=153 obsc=168 yr=  0  nz=0.05 flt=0.00 dmap=+0/-2 shz=3.0 plan=0 cmd=(lx=+0.00,ly=-0.35,rx=+0.00)
  t=117.6 AGR-BRK-TR pos=(-4.92,+2.57) yaw= +95.3 d=0.51 goal_err=-27 carrot_err= -21 c0=0.96 clear=0.64 prog=0.00 rel=0.97 bal=-0.20 obs=165 hard=153 obsc=168 yr= 19G nz=0.03 flt=0.10 dmap=+0/-0 shz=3.0 plan=0 cmd=(lx=+0.00,ly=+0.00,rx=+0.45)
  t=118.0 AGR-BRK-TR pos=(-4.92,+2.57) yaw= +87.3 d=0.51 goal_err=-19 carrot_err= -13 c0=1.15 clear=0.77 prog=0.00 rel=0.78 bal=+0.31 obs=165 hard=153 obsc=168 yr= 19G nz=0.23 flt=0.03 dmap=+0/-0 shz=3.0 plan=0 cmd=(lx=+0.00,ly=+0.00,rx=+0.45)
  t=118.4 AGR-BRK-TR pos=(-4.92,+2.57) yaw= +79.3 d=0.51 goal_err=-11 carrot_err=  -5 c0=1.15 clear=0.77 prog=0.00 rel=0.78 bal=+0.31 obs=167 hard=155 obsc=170 yr= 19G nz=0.22 flt=0.16 dmap=+1/-0 shz=3.0 plan=0 cmd=(lx=+0.00,ly=+0.00,rx=+0.45)
  t=118.9 AGR-BRK-TR pos=(-4.92,+2.57) yaw= +71.2 d=0.51 goal_err=-3 carrot_err=  +3 c0=1.10 clear=0.73 prog=0.00 rel=0.79 bal=+0.31 obs=169 hard=157 obsc=172 yr= 19G nz=0.21 flt=0.14 dmap=+0/-0 shz=3.0 plan=0 cmd=(lx=+0.00,ly=+0.00,rx=+0.45)
  t=119.3 AGR-BRK-TR pos=(-4.92,+2.57) yaw= +63.2 d=0.51 goal_err=+5 carrot_err= +11 c0=1.10 clear=0.73 prog=0.00 rel=0.89 bal=+0.31 obs=169 hard=157 obsc=172 yr= 18G nz=0.11 flt=0.00 dmap=+0/-0 shz=3.0 plan=0 cmd=(lx=+0.00,ly=+0.00,rx=+0.45)
  t=119.7 AGR-BRK-TR pos=(-4.92,+2.57) yaw= +55.2 d=0.51 goal_err=+13 carrot_err= +19 c0=1.10 clear=0.73 prog=0.00 rel=0.90 bal=+0.31 obs=169 hard=157 obsc=172 yr= 19G nz=0.10 flt=0.15 dmap=+0/-0 shz=3.0 plan=0 cmd=(lx=+0.00,ly=+0.00,rx=+0.45)
  t=120.1 AGR-DWA-F pos=(-4.92,+2.57) yaw= +49.2 d=0.51 goal_err=+19 carrot_err= +25 c0=1.10 clear=0.73 prog=0.00 rel=0.94 bal=+0.31 obs=163 hard=147 obsc=169 yr=  0G nz=0.06 flt=0.04 dmap=+0/-0 shz=3.0 plan=3 cmd=(lx=+0.00,ly=+0.28,rx=-0.45)
  t=120.6 AGR-DWA-F pos=(-4.90,+2.59) yaw= +57.2 d=0.48 goal_err=+12 carrot_err= +19 c0=1.07 clear=0.71 prog=0.05 rel=0.87 bal=+0.32 obs=170 hard=149 obsc=173 yr=  0  nz=0.04 flt=0.38 dmap=+0/-0 shz=3.0 plan=3 cmd=(lx=+0.00,ly=+0.40,rx=+0.00)
  t=121.0 AGR-DWA-T pos=(-4.89,+2.62) yaw= +57.2 d=0.45 goal_err=+12 carrot_err= +20 c0=1.04 clear=0.69 prog=0.10 rel=0.95 bal=+0.33 obs=169 hard=154 obsc=171 yr=  0  nz=0.05 flt=0.01 dmap=+0/-0 shz=3.0 plan=3 cmd=(lx=+0.00,ly=+0.00,rx=+0.00)
  t=121.4 AGR-DWA-T pos=(-4.89,+2.62) yaw= +57.2 d=0.45 goal_err=+12 carrot_err= +20 c0=1.04 clear=0.69 prog=0.10 rel=0.94 bal=+0.33 obs=164 hard=153 obsc=170 yr=  0  nz=0.06 flt=0.01 dmap=+0/-0 shz=3.2 plan=3 cmd=(lx=+0.00,ly=+0.00,rx=+0.00)
  t=121.8 AGR-DWA-T pos=(-4.89,+2.62) yaw= +57.2 d=0.45 goal_err=+12 carrot_err= +20 c0=1.04 clear=0.69 prog=0.09 rel=0.94 bal=+0.33 obs=164 hard=153 obsc=170 yr=  0  nz=0.06 flt=0.01 dmap=+0/-0 shz=3.2 plan=3 cmd=(lx=+0.00,ly=+0.00,rx=+0.00)
  t=122.2 AGR-BRK-BK pos=(-4.89,+2.62) yaw= +57.2 d=0.45 goal_err=+12 carrot_err= +20 c0=1.04 clear=0.69 prog=0.07 rel=0.94 bal=+0.33 obs=164 hard=153 obsc=170 yr=  0  nz=0.06 flt=0.01 dmap=+0/-0 shz=3.2 plan=0 cmd=(lx=+0.00,ly=-0.35,rx=+0.00)
  t=122.7 AGR-BRK-TR pos=(-4.91,+2.59) yaw= +57.2 d=0.49 goal_err=+11 carrot_err= +18 c0=1.08 clear=0.72 prog=0.00 rel=0.98 bal=+0.32 obs=151 hard=147 obsc=161 yr=  0  nz=0.02 flt=0.01 dmap=+0/-9 shz=3.0 plan=0 cmd=(lx=+0.00,ly=+0.00,rx=-0.45)
  t=123.1 AGR-BRK-TR pos=(-4.91,+2.58) yaw= +63.2 d=0.50 goal_err=+5 carrot_err= +12 c0=1.09 clear=0.73 prog=0.00 rel=0.89 bal=+0.32 obs=152 hard=148 obsc=162 yr= 19G nz=0.04 flt=0.33 dmap=+0/-0 shz=3.0 plan=0 cmd=(lx=+0.00,ly=+0.00,rx=-0.45)
  t=123.5 AGR-BRK-TR pos=(-4.91,+2.58) yaw= +71.2 d=0.50 goal_err=-3 carrot_err=  +4 c0=1.07 clear=0.71 prog=0.00 rel=0.96 bal=+0.32 obs=155 hard=151 obsc=165 yr= 19G nz=0.04 flt=0.09 dmap=+0/-0 shz=3.0 plan=0 cmd=(lx=+0.00,ly=+0.00,rx=-0.45)
  t=123.9 AGR-BRK-TR pos=(-4.91,+2.58) yaw= +79.3 d=0.50 goal_err=-11 carrot_err=  -4 c0=1.07 clear=0.71 prog=0.00 rel=0.96 bal=+0.32 obs=155 hard=151 obsc=165 yr= 19G nz=0.04 flt=0.00 dmap=+0/-0 shz=3.0 plan=0 cmd=(lx=+0.00,ly=+0.00,rx=-0.45)
  t=124.4 AGR-BRK-TR pos=(-4.91,+2.58) yaw= +87.3 d=0.50 goal_err=-19 carrot_err= -12 c0=1.07 clear=0.71 prog=0.00 rel=0.97 bal=+0.32 obs=155 hard=151 obsc=165 yr= 19G nz=0.03 flt=0.01 dmap=+0/-0 shz=3.0 plan=0 cmd=(lx=+0.00,ly=+0.00,rx=-0.45)
  t=124.8 AGR-BRK-TR pos=(-4.91,+2.58) yaw= +95.3 d=0.50 goal_err=-27 carrot_err= -20 c0=1.07 clear=0.71 prog=0.00 rel=0.98 bal=-0.19 obs=155 hard=151 obsc=165 yr= 19G nz=0.02 flt=0.05 dmap=+0/-0 shz=3.0 plan=0 cmd=(lx=+0.00,ly=+0.00,rx=-0.45)
  t=125.2 AGR-DWA-F pos=(-4.91,+2.58) yaw=+105.3 d=0.50 goal_err=-37 carrot_err= -30 c0=0.79 clear=0.53 prog=0.00 rel=0.92 bal=-0.19 obs=160 hard=143 obsc=165 yr= 19  nz=0.08 flt=0.24 dmap=+7/-2 shz=3.0 plan=3 cmd=(lx=+0.00,ly=+0.28,rx=+0.45)
  t=125.6 AGR-DWA-F pos=(-4.92,+2.60) yaw= +99.3 d=0.48 goal_err=-33 carrot_err= -26 c0=0.93 clear=0.62 prog=0.04 rel=0.79 bal=-0.19 obs=160 hard=143 obsc=165 yr= 18  nz=0.21 flt=0.15 dmap=+0/-0 shz=3.0 plan=3 cmd=(lx=+0.00,ly=+0.40,rx=+0.00)
  t=126.1 AGR-DWA-T pos=(-4.93,+2.63) yaw= +97.3 d=0.45 goal_err=-33 carrot_err= -26 c0=0.90 clear=0.60 prog=0.08 rel=0.81 bal=-0.19 obs=160 hard=146 obsc=162 yr= 19G nz=0.19 flt=0.00 dmap=+0/-0 shz=3.2 plan=3 cmd=(lx=+0.00,ly=+0.00,rx=+0.00)
  t=126.5 AGR-DWA-T pos=(-4.93,+2.64) yaw= +95.3 d=0.45 goal_err=-31 carrot_err= -24 c0=1.02 clear=0.68 prog=0.09 rel=0.84 bal=-0.19 obs=157 hard=143 obsc=160 yr=  0  nz=0.16 flt=0.00 dmap=+0/-1 shz=3.2 plan=3 cmd=(lx=+0.00,ly=+0.00,rx=+0.00)
  t=126.9 AGR-DWA-T pos=(-4.93,+2.64) yaw= +95.3 d=0.45 goal_err=-31 carrot_err= -24 c0=1.02 clear=0.68 prog=0.09 rel=0.83 bal=-0.19 obs=157 hard=143 obsc=160 yr=  0  nz=0.17 flt=0.00 dmap=+0/-0 shz=3.2 plan=3 cmd=(lx=+0.00,ly=+0.00,rx=+0.00)
  t=127.4 AGR-DWA-T pos=(-4.93,+2.64) yaw= +95.3 d=0.45 goal_err=-31 carrot_err= -24 c0=1.02 clear=0.68 prog=0.07 rel=0.83 bal=-0.19 obs=157 hard=143 obsc=160 yr=  0  nz=0.17 flt=0.00 dmap=+0/-0 shz=3.2 plan=0 cmd=(lx=+0.00,ly=+0.00,rx=+0.00)
  t=127.8 AGR-BRK-BK pos=(-4.92,+2.61) yaw= +95.3 d=0.47 goal_err=-30 carrot_err= -23 c0=1.10 clear=0.73 prog=0.00 rel=0.94 bal=-0.19 obs=153 hard=141 obsc=156 yr=  0  nz=0.06 flt=0.01 dmap=+0/-0 shz=3.1 plan=0 cmd=(lx=+0.00,ly=-0.35,rx=+0.00)
  t=128.2 AGR-BRK-TR pos=(-4.92,+2.59) yaw= +91.3 d=0.49 goal_err=-24 carrot_err= -18 c0=1.12 clear=0.75 prog=0.00 rel=0.96 bal=-0.21 obs=153 hard=141 obsc=156 yr= 19G nz=0.04 flt=0.08 dmap=+0/-0 shz=3.1 plan=0 cmd=(lx=+0.00,ly=+0.00,rx=+0.45)
  t=128.6 AGR-BRK-TR pos=(-4.92,+2.59) yaw= +83.3 d=0.49 goal_err=-16 carrot_err= -10 c0=1.14 clear=0.76 prog=0.00 rel=0.96 bal=+0.30 obs=155 hard=143 obsc=158 yr= 19G nz=0.04 flt=0.19 dmap=+0/-0 shz=3.1 plan=0 cmd=(lx=+0.00,ly=+0.00,rx=+0.45)
  t=129.1 AGR-BRK-TR pos=(-4.92,+2.59) yaw= +73.2 d=0.49 goal_err=-6 carrot_err=  +0 c0=1.09 clear=0.72 prog=0.00 rel=0.95 bal=+0.30 obs=155 hard=143 obsc=158 yr= 19G nz=0.05 flt=0.01 dmap=+0/-0 shz=3.1 plan=0 cmd=(lx=+0.00,ly=+0.00,rx=+0.45)
  t=129.5 AGR-BRK-TR pos=(-4.92,+2.59) yaw= +65.2 d=0.49 goal_err=+2 carrot_err=  +8 c0=1.09 clear=0.72 prog=0.00 rel=0.95 bal=+0.30 obs=157 hard=145 obsc=160 yr= 19G nz=0.05 flt=0.00 dmap=+2/-0 shz=3.1 plan=0 cmd=(lx=+0.00,ly=+0.00,rx=+0.45)
  t=129.9 AGR-BRK-TR pos=(-4.92,+2.59) yaw= +57.2 d=0.49 goal_err=+10 carrot_err= +16 c0=1.09 clear=0.72 prog=0.00 rel=0.94 bal=+0.30 obs=157 hard=145 obsc=160 yr= 19G nz=0.06 flt=0.09 dmap=+0/-0 shz=3.1 plan=0 cmd=(lx=+0.00,ly=+0.00,rx=+0.45)
  t=130.3 AGR-DWA-F pos=(-4.92,+2.59) yaw= +49.2 d=0.49 goal_err=+18 carrot_err= +24 c0=1.09 clear=0.72 prog=0.00 rel=0.95 bal=+0.30 obs=157 hard=145 obsc=160 yr= 19G nz=0.05 flt=0.00 dmap=+0/-0 shz=3.1 plan=3 cmd=(lx=+0.00,ly=+0.28,rx=-0.45)
  t=130.8 AGR-DWA-F pos=(-4.91,+2.60) yaw= +53.2 d=0.47 goal_err=+15 carrot_err= +22 c0=1.07 clear=0.71 prog=0.04 rel=0.97 bal=+0.31 obs=157 hard=138 obsc=159 yr= 19  nz=0.03 flt=0.35 dmap=+4/-4 shz=3.1 plan=3 cmd=(lx=+0.00,ly=+0.40,rx=+0.00)
  t=131.2 AGR-DWA-T pos=(-4.90,+2.61) yaw= +53.2 d=0.46 goal_err=+15 carrot_err= +22 c0=1.05 clear=0.70 prog=0.06 rel=0.96 bal=+0.31 obs=157 hard=142 obsc=157 yr=  0  nz=0.04 flt=0.00 dmap=+0/-0 shz=3.3 plan=3 cmd=(lx=+0.00,ly=+0.00,rx=+0.00)
  t=131.6 AGR-DWA-T pos=(-4.90,+2.61) yaw= +53.2 d=0.46 goal_err=+15 carrot_err= +22 c0=1.05 clear=0.70 prog=0.06 rel=0.96 bal=+0.31 obs=157 hard=142 obsc=157 yr=  0  nz=0.04 flt=0.00 dmap=+0/-0 shz=3.3 plan=3 cmd=(lx=+0.00,ly=+0.00,rx=+0.00)
  t=132.0 AGR-DWA-T pos=(-4.90,+2.61) yaw= +53.2 d=0.46 goal_err=+15 carrot_err= +22 c0=1.05 clear=0.70 prog=0.06 rel=0.96 bal=+0.31 obs=157 hard=142 obsc=157 yr=  0  nz=0.04 flt=0.00 dmap=+0/-0 shz=3.3 plan=3 cmd=(lx=+0.00,ly=+0.00,rx=+0.00)
  t=132.5 AGR-BRK-BK pos=(-4.91,+2.60) yaw= +53.2 d=0.47 goal_err=+15 carrot_err= +22 c0=1.06 clear=0.71 prog=0.03 rel=0.96 bal=+0.31 obs=157 hard=142 obsc=157 yr=  0  nz=0.04 flt=0.00 dmap=+0/-0 shz=3.3 plan=0 cmd=(lx=+0.00,ly=-0.35,rx=+0.00)
  t=132.9 AGR-BRK-TR pos=(-4.93,+2.57) yaw= +55.2 d=0.51 goal_err=+12 carrot_err= +18 c0=1.10 clear=0.73 prog=0.00 rel=0.98 bal=+0.30 obs=150 hard=135 obsc=150 yr= 18G nz=0.02 flt=0.04 dmap=+0/-0 shz=3.1 plan=0 cmd=(lx=+0.00,ly=+0.00,rx=-0.45)
  t=133.3 AGR-BRK-TR pos=(-4.93,+2.57) yaw= +61.2 d=0.51 goal_err=+6 carrot_err= +12 c0=1.10 clear=0.73 prog=0.00 rel=0.97 bal=+0.30 obs=150 hard=135 obsc=150 yr= 19G nz=0.03 flt=0.00 dmap=+0/-0 shz=3.1 plan=0 cmd=(lx=+0.00,ly=+0.00,rx=-0.45)
  t=133.7 AGR-BRK-TR pos=(-4.93,+2.57) yaw= +69.2 d=0.51 goal_err=-2 carrot_err=  +4 c0=1.10 clear=0.73 prog=0.00 rel=0.97 bal=+0.30 obs=150 hard=135 obsc=150 yr= 19G nz=0.03 flt=0.00 dmap=+0/-0 shz=3.1 plan=0 cmd=(lx=+0.00,ly=+0.00,rx=-0.45)
  t=134.1 AGR-BRK-TR pos=(-4.93,+2.57) yaw= +79.3 d=0.51 goal_err=-12 carrot_err=  -6 c0=1.08 clear=0.72 prog=0.00 rel=0.88 bal=+0.30 obs=154 hard=139 obsc=154 yr= 19G nz=0.05 flt=0.00 dmap=+0/-0 shz=3.1 plan=0 cmd=(lx=+0.00,ly=+0.00,rx=-0.45)
  t=134.6 AGR-BRK-TR pos=(-4.93,+2.57) yaw= +87.3 d=0.51 goal_err=-20 carrot_err= -14 c0=0.87 clear=0.58 prog=0.00 rel=0.87 bal=+0.30 obs=154 hard=139 obsc=154 yr= 19G nz=0.06 flt=0.11 dmap=+0/-0 shz=3.1 plan=0 cmd=(lx=+0.00,ly=+0.00,rx=-0.45)
  t=135.0 AGR-BRK-TR pos=(-4.93,+2.57) yaw= +95.3 d=0.51 goal_err=-28 carrot_err= -22 c0=0.87 clear=0.58 prog=0.00 rel=0.81 bal=-0.20 obs=154 hard=139 obsc=154 yr= 19G nz=0.19 flt=0.00 dmap=+0/-0 shz=3.1 plan=0 cmd=(lx=+0.00,ly=+0.00,rx=-0.45)
  t=135.4 AGR-DWA-F pos=(-4.93,+2.59) yaw= +99.3 d=0.49 goal_err=-33 carrot_err= -27 c0=0.85 clear=0.57 prog=0.02 rel=0.83 bal=-0.21 obs=154 hard=131 obsc=153 yr=  0  nz=0.17 flt=0.01 dmap=+0/-0 shz=3.1 plan=3 cmd=(lx=+0.00,ly=+0.40,rx=+0.00)
  t=135.9 AGR-DWA-F pos=(-4.94,+2.62) yaw= +99.3 d=0.47 goal_err=-36 carrot_err= -29 c0=0.90 clear=0.60 prog=0.07 rel=0.93 bal=-0.21 obs=144 hard=131 obsc=146 yr=  0G nz=0.07 flt=0.00 dmap=+0/-0 shz=3.1 plan=3 cmd=(lx=+0.00,ly=+0.28,rx=+0.45)
  t=136.3 AGR-DWA-T pos=(-4.94,+2.64) yaw= +93.3 d=0.45 goal_err=-31 carrot_err= -25 c0=1.02 clear=0.68 prog=0.10 rel=0.89 bal=-0.22 obs=146 hard=128 obsc=143 yr=  0  nz=0.11 flt=0.01 dmap=+1/-0 shz=3.3 plan=3 cmd=(lx=+0.00,ly=+0.00,rx=+0.00)
  t=136.7 AGR-DWA-T pos=(-4.94,+2.64) yaw= +93.3 d=0.45 goal_err=-31 carrot_err= -25 c0=1.06 clear=0.71 prog=0.10 rel=0.87 bal=-0.22 obs=142 hard=127 obsc=143 yr=  0  nz=0.13 flt=0.04 dmap=+0/-0 shz=3.3 plan=3 cmd=(lx=+0.00,ly=+0.00,rx=+0.00)
  t=137.2 AGR-DWA-T pos=(-4.94,+2.64) yaw= +93.3 d=0.45 goal_err=-31 carrot_err= -25 c0=1.06 clear=0.71 prog=0.10 rel=0.87 bal=-0.22 obs=142 hard=127 obsc=143 yr=  0  nz=0.13 flt=0.04 dmap=+0/-0 shz=3.3 plan=3 cmd=(lx=+0.00,ly=+0.00,rx=+0.00)
  t=137.6 AGR-BRK-BK pos=(-4.94,+2.64) yaw= +93.3 d=0.45 goal_err=-31 carrot_err= -25 c0=1.06 clear=0.71 prog=0.06 rel=0.87 bal=-0.22 obs=142 hard=127 obsc=143 yr=  0  nz=0.13 flt=0.04 dmap=+0/-0 shz=3.3 plan=0 cmd=(lx=+0.00,ly=-0.35,rx=+0.00)
  t=138.0 AGR-BRK-TR pos=(-4.94,+2.59) yaw= +93.3 d=0.49 goal_err=-28 carrot_err= -22 c0=1.11 clear=0.74 prog=0.00 rel=0.98 bal=-0.21 obs=139 hard=127 obsc=139 yr=  0G nz=0.02 flt=0.04 dmap=+0/-0 shz=3.1 plan=0 cmd=(lx=+0.00,ly=+0.00,rx=+0.45)
  t=138.4 AGR-BRK-TR pos=(-4.94,+2.59) yaw= +85.3 d=0.49 goal_err=-20 carrot_err= -14 c0=1.14 clear=0.76 prog=0.00 rel=0.88 bal=+0.28 obs=139 hard=127 obsc=139 yr= 19G nz=0.12 flt=0.19 dmap=+0/-0 shz=3.1 plan=0 cmd=(lx=+0.00,ly=+0.00,rx=+0.45)
  t=138.9 AGR-BRK-TR pos=(-4.94,+2.59) yaw= +77.2 d=0.49 goal_err=-12 carrot_err=  -6 c0=1.14 clear=0.76 prog=0.00 rel=0.89 bal=+0.28 obs=139 hard=127 obsc=139 yr= 19G nz=0.11 flt=0.01 dmap=+0/-0 shz=3.1 plan=0 cmd=(lx=+0.00,ly=+0.00,rx=+0.45)
  t=139.3 AGR-BRK-TR pos=(-4.94,+2.59) yaw= +69.2 d=0.49 goal_err=-4 carrot_err=  +2 c0=1.09 clear=0.73 prog=0.00 rel=0.91 bal=+0.28 obs=139 hard=127 obsc=139 yr= 19G nz=0.10 flt=0.00 dmap=+0/-0 shz=3.1 plan=0 cmd=(lx=+0.00,ly=+0.00,rx=+0.45)
  t=139.7 AGR-BRK-TR pos=(-4.94,+2.59) yaw= +59.2 d=0.49 goal_err=+6 carrot_err= +12 c0=1.09 clear=0.73 prog=0.00 rel=0.91 bal=+0.28 obs=139 hard=127 obsc=139 yr= 19G nz=0.09 flt=0.00 dmap=+0/-0 shz=3.1 plan=0 cmd=(lx=+0.00,ly=+0.00,rx=+0.45)
  t=140.1 AGR-BRK-TR pos=(-4.94,+2.59) yaw= +51.2 d=0.49 goal_err=+14 carrot_err= +20 c0=1.09 clear=0.73 prog=0.00 rel=0.91 bal=+0.28 obs=139 hard=127 obsc=139 yr= 19G nz=0.09 flt=0.18 dmap=+0/-0 shz=3.1 plan=0 cmd=(lx=+0.00,ly=+0.00,rx=+0.45)
  t=140.6 AGR-DWA-F pos=(-4.93,+2.60) yaw= +45.2 d=0.49 goal_err=+20 carrot_err= +27 c0=1.09 clear=0.72 prog=0.01 rel=0.96 bal=+0.29 obs=142 hard=130 obsc=142 yr=  0G nz=0.04 flt=0.00 dmap=+0/-0 shz=3.1 plan=3 cmd=(lx=+0.00,ly=+0.28,rx=-0.45)
  t=141.0 AGR-DWA-T pos=(-4.92,+2.61) yaw= +51.2 d=0.47 goal_err=+15 carrot_err= +22 c0=1.06 clear=0.71 prog=0.05 rel=0.97 bal=+0.29 obs=138 hard=121 obsc=137 yr=  0  nz=0.03 flt=0.02 dmap=+0/-0 shz=3.1 plan=3 cmd=(lx=+0.00,ly=+0.00,rx=+0.00)
  t=141.4 AGR-DWA-T pos=(-4.92,+2.61) yaw= +51.2 d=0.47 goal_err=+15 carrot_err= +22 c0=1.06 clear=0.71 prog=0.05 rel=0.96 bal=+0.29 obs=138 hard=121 obsc=135 yr=  0  nz=0.04 flt=0.05 dmap=+0/-0 shz=3.1 plan=3 cmd=(lx=+0.00,ly=+0.00,rx=+0.00)
  t=141.9 AGR-DWA-T pos=(-4.92,+2.61) yaw= +51.2 d=0.47 goal_err=+15 carrot_err= +22 c0=1.06 clear=0.71 prog=0.05 rel=0.96 bal=+0.29 obs=138 hard=121 obsc=135 yr=  0  nz=0.04 flt=0.05 dmap=+0/-0 shz=3.1 plan=3 cmd=(lx=+0.00,ly=+0.00,rx=+0.00)
  t=142.3 AGR-BRK-BK pos=(-4.92,+2.61) yaw= +51.2 d=0.47 goal_err=+15 carrot_err= +22 c0=1.06 clear=0.71 prog=0.05 rel=0.96 bal=+0.29 obs=138 hard=121 obsc=135 yr=  0  nz=0.04 flt=0.05 dmap=+0/-0 shz=3.1 plan=0 cmd=(lx=+0.00,ly=-0.35,rx=+0.00)
  t=142.7 AGR-BRK-TR pos=(-4.95,+2.58) yaw= +51.2 d=0.51 goal_err=+14 carrot_err= +19 c0=1.11 clear=0.74 prog=0.00 rel=0.97 bal=+0.28 obs=137 hard=122 obsc=134 yr=  0G nz=0.03 flt=0.04 dmap=+0/-0 shz=3.1 plan=0 cmd=(lx=+0.00,ly=+0.00,rx=-0.45)
  t=143.1 AGR-BRK-TR pos=(-4.95,+2.58) yaw= +59.2 d=0.51 goal_err=+6 carrot_err= +11 c0=1.11 clear=0.74 prog=0.00 rel=0.97 bal=+0.28 obs=137 hard=122 obsc=134 yr= 19G nz=0.03 flt=0.00 dmap=+0/-0 shz=3.1 plan=0 cmd=(lx=+0.00,ly=+0.00,rx=-0.45)
  t=143.6 AGR-BRK-TR pos=(-4.95,+2.58) yaw= +67.2 d=0.51 goal_err=-2 carrot_err=  +3 c0=1.11 clear=0.74 prog=0.00 rel=0.88 bal=+0.28 obs=138 hard=123 obsc=135 yr= 19G nz=0.05 flt=0.31 dmap=+0/-0 shz=3.1 plan=0 cmd=(lx=+0.00,ly=+0.00,rx=-0.45)
  t=144.0 AGR-BRK-TR pos=(-4.95,+2.58) yaw= +77.2 d=0.51 goal_err=-12 carrot_err=  -7 c0=1.16 clear=0.78 prog=0.00 rel=0.94 bal=+0.28 obs=138 hard=123 obsc=135 yr= 19G nz=0.06 flt=0.08 dmap=+0/-0 shz=3.1 plan=0 cmd=(lx=+0.00,ly=+0.00,rx=-0.45)
  t=144.4 AGR-BRK-TR pos=(-4.95,+2.58) yaw= +85.3 d=0.51 goal_err=-21 carrot_err= -15 c0=0.86 clear=0.57 prog=0.00 rel=0.85 bal=+0.28 obs=141 hard=126 obsc=138 yr= 19G nz=0.08 flt=0.00 dmap=+3/-0 shz=3.1 plan=0 cmd=(lx=+0.00,ly=+0.00,rx=-0.45)
  t=144.8 AGR-BRK-TR pos=(-4.95,+2.58) yaw= +93.3 d=0.51 goal_err=-29 carrot_err= -23 c0=0.86 clear=0.57 prog=0.00 rel=0.79 bal=-0.22 obs=141 hard=126 obsc=138 yr= 19G nz=0.21 flt=0.12 dmap=+0/-0 shz=3.1 plan=0 cmd=(lx=+0.00,ly=+0.00,rx=-0.45)
  t=145.3 AGR-DWA-F pos=(-4.95,+2.58) yaw= +99.3 d=0.51 goal_err=-35 carrot_err= -29 c0=0.93 clear=0.62 prog=0.01 rel=0.79 bal=-0.23 obs=135 hard=124 obsc=141 yr=  0  nz=0.21 flt=0.00 dmap=+0/-0 shz=3.1 plan=3 cmd=(lx=+0.00,ly=+0.40,rx=+0.45)
  t=145.7 AGR-DWA-F pos=(-4.96,+2.62) yaw= +93.3 d=0.48 goal_err=-31 carrot_err= -25 c0=1.05 clear=0.70 prog=0.06 rel=0.86 bal=-0.23 obs=134 hard=123 obsc=134 yr= 19  nz=0.14 flt=0.04 dmap=+1/-2 shz=3.1 plan=3 cmd=(lx=+0.00,ly=+0.40,rx=+0.00)
  t=146.1 AGR-DWA-T pos=(-4.96,+2.64) yaw= +93.3 d=0.46 goal_err=-33 carrot_err= -27 c0=1.02 clear=0.68 prog=0.10 rel=0.88 bal=-0.24 obs=134 hard=123 obsc=132 yr=  0  nz=0.12 flt=0.04 dmap=+0/-0 shz=3.1 plan=3 cmd=(lx=+0.00,ly=+0.00,rx=+0.00)
  t=146.5 AGR-DWA-T pos=(-4.96,+2.64) yaw= +93.3 d=0.46 goal_err=-33 carrot_err= -27 c0=1.05 clear=0.70 prog=0.10 rel=0.91 bal=-0.24 obs=131 hard=123 obsc=133 yr=  0  nz=0.09 flt=0.00 dmap=+0/-0 shz=3.1 plan=3 cmd=(lx=+0.00,ly=+0.00,rx=+0.00)
  t=147.0 AGR-DWA-T pos=(-4.96,+2.64) yaw= +93.3 d=0.46 goal_err=-33 carrot_err= -27 c0=1.05 clear=0.70 prog=0.10 rel=0.91 bal=-0.24 obs=131 hard=123 obsc=133 yr=  0  nz=0.09 flt=0.00 dmap=+0/-0 shz=3.1 plan=3 cmd=(lx=+0.00,ly=+0.00,rx=+0.00)
  t=147.4 AGR-BRK-BK pos=(-4.96,+2.64) yaw= +93.3 d=0.46 goal_err=-33 carrot_err= -27 c0=1.05 clear=0.70 prog=0.07 rel=0.91 bal=-0.24 obs=131 hard=123 obsc=133 yr=  0  nz=0.09 flt=0.00 dmap=+0/-0 shz=3.1 plan=0 cmd=(lx=+0.00,ly=-0.35,rx=+0.00)
  t=147.8 AGR-BRK-TR pos=(-4.95,+2.61) yaw= +93.3 d=0.49 goal_err=-31 carrot_err= -25 c0=1.09 clear=0.72 prog=0.00 rel=0.98 bal=-0.23 obs=127 hard=121 obsc=128 yr=  0  nz=0.02 flt=0.00 dmap=+0/-0 shz=3.0 plan=0 cmd=(lx=+0.00,ly=+0.00,rx=+0.45)
  t=148.3 AGR-BRK-TR pos=(-4.95,+2.59) yaw= +85.3 d=0.50 goal_err=-22 carrot_err= -16 c0=1.15 clear=0.77 prog=0.00 rel=0.96 bal=+0.27 obs=127 hard=121 obsc=128 yr= 38G nz=0.04 flt=0.00 dmap=+0/-0 shz=3.1 plan=0 cmd=(lx=+0.00,ly=+0.00,rx=+0.45)
  t=148.7 AGR-BRK-TR pos=(-4.95,+2.59) yaw= +77.2 d=0.50 goal_err=-14 carrot_err=  -8 c0=1.15 clear=0.77 prog=0.00 rel=0.93 bal=+0.27 obs=130 hard=124 obsc=131 yr= 19G nz=0.07 flt=0.01 dmap=+2/-0 shz=3.1 plan=0 cmd=(lx=+0.00,ly=+0.00,rx=+0.45)
  t=149.1 AGR-BRK-TR pos=(-4.95,+2.59) yaw= +69.2 d=0.50 goal_err=-6 carrot_err=  -0 c0=1.10 clear=0.74 prog=0.00 rel=0.93 bal=+0.27 obs=130 hard=124 obsc=131 yr= 19G nz=0.07 flt=0.11 dmap=+0/-0 shz=3.1 plan=0 cmd=(lx=+0.00,ly=+0.00,rx=+0.45)
  t=149.5 AGR-BRK-TR pos=(-4.95,+2.59) yaw= +61.2 d=0.50 goal_err=+2 carrot_err=  +8 c0=1.10 clear=0.74 prog=0.00 rel=0.94 bal=+0.27 obs=130 hard=124 obsc=131 yr= 19G nz=0.06 flt=0.00 dmap=+0/-0 shz=3.1 plan=0 cmd=(lx=+0.00,ly=+0.00,rx=+0.45)
  t=150.0 AGR-BRK-TR pos=(-4.95,+2.59) yaw= +53.2 d=0.50 goal_err=+10 carrot_err= +16 c0=1.10 clear=0.74 prog=0.00 rel=0.95 bal=+0.27 obs=130 hard=124 obsc=131 yr= 19G nz=0.05 flt=0.06 dmap=+0/-0 shz=3.1 plan=0 cmd=(lx=+0.00,ly=+0.00,rx=+0.45)
  t=150.4 AGR-DWA-F pos=(-4.95,+2.59) yaw= +43.2 d=0.50 goal_err=+20 carrot_err= +26 c0=1.10 clear=0.74 prog=0.00 rel=0.94 bal=+0.27 obs=130 hard=124 obsc=131 yr= 37  nz=0.06 flt=0.00 dmap=+0/-0 shz=3.1 plan=3 cmd=(lx=+0.00,ly=+0.28,rx=-0.45)
  t=150.8 AGR-DWA-F pos=(-4.93,+2.61) yaw= +49.2 d=0.47 goal_err=+15 carrot_err= +22 c0=1.08 clear=0.72 prog=0.05 rel=0.90 bal=+0.28 obs=130 hard=124 obsc=131 yr= 19  nz=0.03 flt=0.35 dmap=+0/-0 shz=3.1 plan=3 cmd=(lx=+0.00,ly=+0.40,rx=+0.00)
  t=151.3 AGR-DWA-T pos=(-4.93,+2.62) yaw= +49.2 d=0.46 goal_err=+16 carrot_err= +22 c0=1.06 clear=0.71 prog=0.07 rel=0.96 bal=+0.28 obs=130 hard=120 obsc=128 yr=  0  nz=0.04 flt=0.00 dmap=+0/-0 shz=3.1 plan=3 cmd=(lx=+0.00,ly=+0.00,rx=+0.00)
  t=151.7 AGR-DWA-T pos=(-4.93,+2.62) yaw= +49.2 d=0.46 goal_err=+16 carrot_err= +22 c0=1.06 clear=0.71 prog=0.07 rel=0.95 bal=+0.28 obs=130 hard=120 obsc=128 yr=  0  nz=0.05 flt=0.00 dmap=+0/-0 shz=3.1 plan=3 cmd=(lx=+0.00,ly=+0.00,rx=+0.00)
  t=152.1 AGR-DWA-T pos=(-4.93,+2.62) yaw= +49.2 d=0.46 goal_err=+16 carrot_err= +22 c0=1.06 clear=0.71 prog=0.07 rel=0.95 bal=+0.28 obs=130 hard=120 obsc=128 yr=  0  nz=0.05 flt=0.00 dmap=+0/-0 shz=3.1 plan=3 cmd=(lx=+0.00,ly=+0.00,rx=+0.00)
  t=152.5 AGR-BRK-BK pos=(-4.93,+2.62) yaw= +49.2 d=0.47 goal_err=+15 carrot_err= +22 c0=1.07 clear=0.72 prog=0.03 rel=0.95 bal=+0.28 obs=130 hard=121 obsc=128 yr=  0  nz=0.05 flt=0.00 dmap=+0/-0 shz=3.2 plan=0 cmd=(lx=+0.00,ly=-0.35,rx=+0.00)
  t=152.9 AGR-BRK-TR pos=(-4.96,+2.59) yaw= +51.2 d=0.51 goal_err=+12 carrot_err= +18 c0=1.11 clear=0.74 prog=0.00 rel=0.97 bal=+0.27 obs=130 hard=121 obsc=128 yr= 19G nz=0.03 flt=0.00 dmap=+0/-0 shz=3.2 plan=0 cmd=(lx=+0.00,ly=+0.00,rx=-0.45)
  t=153.4 AGR-BRK-TR pos=(-4.96,+2.59) yaw= +59.2 d=0.51 goal_err=+4 carrot_err= +10 c0=1.11 clear=0.74 prog=0.00 rel=0.97 bal=+0.27 obs=130 hard=121 obsc=128 yr= 19G nz=0.03 flt=0.12 dmap=+0/-0 shz=3.2 plan=0 cmd=(lx=+0.00,ly=+0.00,rx=-0.45)
  t=153.8 AGR-BRK-TR pos=(-4.96,+2.59) yaw= +67.2 d=0.51 goal_err=-4 carrot_err=  +2 c0=1.11 clear=0.74 prog=0.00 rel=0.97 bal=+0.27 obs=131 hard=122 obsc=129 yr= 19G nz=0.03 flt=0.29 dmap=+1/-0 shz=3.2 plan=0 cmd=(lx=+0.00,ly=+0.00,rx=-0.45)
  t=154.2 AGR-BRK-TR pos=(-4.96,+2.59) yaw= +75.2 d=0.51 goal_err=-12 carrot_err=  -6 c0=1.16 clear=0.77 prog=0.00 rel=0.95 bal=+0.27 obs=131 hard=122 obsc=129 yr= 19G nz=0.05 flt=0.00 dmap=+0/-0 shz=3.2 plan=0 cmd=(lx=+0.00,ly=+0.00,rx=-0.45)
  t=154.6 AGR-BRK-TR pos=(-4.96,+2.59) yaw= +85.3 d=0.51 goal_err=-22 carrot_err= -16 c0=0.85 clear=0.56 prog=0.00 rel=0.76 bal=+0.27 obs=131 hard=122 obsc=129 yr= 19G nz=0.19 flt=0.35 dmap=+0/-0 shz=3.2 plan=0 cmd=(lx=+0.00,ly=+0.00,rx=-0.45)
  t=155.1 AGR-BRK-TR pos=(-4.96,+2.59) yaw= +93.3 d=0.51 goal_err=-30 carrot_err= -24 c0=0.85 clear=0.56 prog=0.00 rel=0.73 bal=-0.23 obs=134 hard=125 obsc=132 yr= 19G nz=0.22 flt=0.12 dmap=+0/-0 shz=3.2 plan=0 cmd=(lx=+0.00,ly=+0.00,rx=-0.45)
  t=155.5 AGR-DWA-F pos=(-4.96,+2.60) yaw= +97.3 d=0.50 goal_err=-35 carrot_err= -29 c0=0.91 clear=0.61 prog=0.02 rel=0.77 bal=-0.23 obs=133 hard=120 obsc=130 yr=  0  nz=0.23 flt=0.05 dmap=+0/-0 shz=3.2 plan=3 cmd=(lx=+0.00,ly=+0.40,rx=+0.45)
  t=155.9 AGR-DWA-T pos=(-4.96,+2.64) yaw= +91.3 d=0.47 goal_err=-31 carrot_err= -25 c0=1.03 clear=0.69 prog=0.07 rel=0.92 bal=-0.24 obs=133 hard=120 obsc=130 yr= 37G nz=0.08 flt=0.09 dmap=+0/-0 shz=3.1 plan=3 cmd=(lx=+0.00,ly=+0.00,rx=+0.00)
  t=156.4 AGR-DWA-T pos=(-4.96,+2.64) yaw= +89.3 d=0.46 goal_err=-30 carrot_err= -24 c0=1.02 clear=0.68 prog=0.08 rel=0.89 bal=-0.24 obs=134 hard=121 obsc=131 yr=  0  nz=0.11 flt=0.05 dmap=+0/-0 shz=3.2 plan=3 cmd=(lx=+0.00,ly=+0.00,rx=+0.00)
  t=156.8 AGR-DWA-T pos=(-4.96,+2.64) yaw= +89.3 d=0.46 goal_err=-30 carrot_err= -24 c0=1.02 clear=0.68 prog=0.08 rel=0.89 bal=-0.24 obs=134 hard=121 obsc=131 yr=  0  nz=0.11 flt=0.05 dmap=+0/-0 shz=3.2 plan=3 cmd=(lx=+0.00,ly=+0.00,rx=+0.00)
  t=157.2 AGR-DWA-T pos=(-4.96,+2.64) yaw= +89.3 d=0.46 goal_err=-30 carrot_err= -24 c0=1.02 clear=0.68 prog=0.08 rel=0.89 bal=-0.24 obs=134 hard=121 obsc=131 yr=  0  nz=0.11 flt=0.05 dmap=+0/-0 shz=3.2 plan=0 cmd=(lx=+0.00,ly=+0.00,rx=+0.00)
  t=157.7 AGR-BRK-BK pos=(-4.96,+2.62) yaw= +89.3 d=0.48 goal_err=-28 carrot_err= -22 c0=1.05 clear=0.70 prog=0.00 rel=0.89 bal=-0.24 obs=134 hard=121 obsc=131 yr=  0  nz=0.11 flt=0.05 dmap=+0/-0 shz=3.2 plan=0 cmd=(lx=+0.00,ly=-0.35,rx=+0.00)
  t=158.1 AGR-BRK-TR pos=(-4.96,+2.59) yaw= +85.3 d=0.50 goal_err=-23 carrot_err= -17 c0=1.15 clear=0.77 prog=0.00 rel=1.00 bal=+0.26 obs=130 hard=122 obsc=131 yr= 19G nz=0.00 flt=0.06 dmap=+0/-0 shz=3.1 plan=0 cmd=(lx=+0.00,ly=+0.00,rx=+0.45)
  t=158.5 AGR-BRK-TR pos=(-4.96,+2.59) yaw= +77.2 d=0.50 goal_err=-15 carrot_err=  -9 c0=1.15 clear=0.77 prog=0.00 rel=0.94 bal=+0.26 obs=130 hard=122 obsc=131 yr= 19G nz=0.06 flt=0.00 dmap=+0/-0 shz=3.1 plan=0 cmd=(lx=+0.00,ly=+0.00,rx=+0.45)
  t=158.9 AGR-BRK-TR pos=(-4.96,+2.59) yaw= +69.2 d=0.50 goal_err=-7 carrot_err=  -1 c0=1.11 clear=0.74 prog=0.00 rel=0.94 bal=+0.26 obs=131 hard=123 obsc=132 yr= 19G nz=0.06 flt=0.15 dmap=+0/-0 shz=3.1 plan=0 cmd=(lx=+0.00,ly=+0.00,rx=+0.45)
  t=159.4 AGR-BRK-TR pos=(-4.96,+2.59) yaw= +61.2 d=0.50 goal_err=+1 carrot_err=  +7 c0=1.11 clear=0.74 prog=0.00 rel=0.94 bal=+0.26 obs=131 hard=123 obsc=132 yr= 19G nz=0.06 flt=0.01 dmap=+0/-0 shz=3.1 plan=0 cmd=(lx=+0.00,ly=+0.00,rx=+0.45)
  t=159.8 AGR-BRK-TR pos=(-4.96,+2.59) yaw= +51.2 d=0.50 goal_err=+11 carrot_err= +17 c0=1.11 clear=0.74 prog=0.00 rel=0.96 bal=+0.26 obs=131 hard=123 obsc=132 yr= 38G nz=0.04 flt=0.16 dmap=+0/-0 shz=3.1 plan=0 cmd=(lx=+0.00,ly=+0.00,rx=+0.45)
  t=160.2 AGR-DWA-F pos=(-4.96,+2.59) yaw= +43.2 d=0.50 goal_err=+19 carrot_err= +25 c0=1.11 clear=0.74 prog=0.00 rel=0.98 bal=+0.26 obs=131 hard=123 obsc=132 yr= 19G nz=0.02 flt=0.00 dmap=+0/-0 shz=3.1 plan=3 cmd=(lx=+0.00,ly=+0.40,rx=+0.00)
  t=160.6 AGR-DWA-F pos=(-4.95,+2.61) yaw= +45.2 d=0.49 goal_err=+18 carrot_err= +24 c0=1.09 clear=0.73 prog=0.03 rel=0.97 bal=+0.26 obs=130 hard=122 obsc=132 yr= 19G nz=0.03 flt=0.22 dmap=+0/-0 shz=3.1 plan=3 cmd=(lx=+0.00,ly=+0.40,rx=+0.00)
  t=161.1 AGR-DWA-T pos=(-4.93,+2.62) yaw= +47.2 d=0.47 goal_err=+17 carrot_err= +23 c0=1.07 clear=0.71 prog=0.07 rel=0.95 bal=+0.27 obs=133 hard=121 obsc=131 yr=  0  nz=0.04 flt=0.07 dmap=+1/-0 shz=3.1 plan=3 cmd=(lx=+0.00,ly=+0.00,rx=+0.00)
  t=161.5 AGR-DWA-T pos=(-4.93,+2.62) yaw= +47.2 d=0.47 goal_err=+17 carrot_err= +23 c0=1.07 clear=0.71 prog=0.07 rel=0.95 bal=+0.27 obs=133 hard=121 obsc=131 yr=  0  nz=0.05 flt=0.07 dmap=+0/-0 shz=3.1 plan=3 cmd=(lx=+0.00,ly=+0.00,rx=+0.00)
  t=161.9 AGR-DWA-T pos=(-4.93,+2.62) yaw= +47.2 d=0.47 goal_err=+17 carrot_err= +23 c0=1.07 clear=0.71 prog=0.07 rel=0.95 bal=+0.27 obs=133 hard=121 obsc=131 yr=  0  nz=0.05 flt=0.07 dmap=+0/-0 shz=3.1 plan=3 cmd=(lx=+0.00,ly=+0.00,rx=+0.00)
  t=162.4 AGR-BRK-BK pos=(-4.93,+2.62) yaw= +47.2 d=0.47 goal_err=+17 carrot_err= +23 c0=1.07 clear=0.71 prog=0.06 rel=0.95 bal=+0.27 obs=133 hard=121 obsc=131 yr=  0  nz=0.05 flt=0.07 dmap=+0/-0 shz=3.1 plan=0 cmd=(lx=+0.00,ly=-0.35,rx=+0.00)
  t=162.8 AGR-BRK-TR pos=(-4.97,+2.59) yaw= +47.2 d=0.51 goal_err=+15 carrot_err= +21 c0=1.12 clear=0.75 prog=0.00 rel=1.00 bal=+0.26 obs=133 hard=121 obsc=131 yr=  0G nz=0.00 flt=0.00 dmap=+0/-0 shz=2.9 plan=0 cmd=(lx=+0.00,ly=+0.00,rx=-0.45)
  t=163.2 AGR-BRK-TR pos=(-4.97,+2.59) yaw= +55.2 d=0.51 goal_err=+7 carrot_err= +13 c0=1.12 clear=0.75 prog=0.00 rel=0.95 bal=+0.26 obs=133 hard=121 obsc=131 yr= 18G nz=0.05 flt=0.00 dmap=+0/-0 shz=3.1 plan=0 cmd=(lx=+0.00,ly=+0.00,rx=-0.45)
  t=163.6 AGR-BRK-TR pos=(-4.97,+2.59) yaw= +65.2 d=0.51 goal_err=-3 carrot_err=  +3 c0=1.12 clear=0.75 prog=0.00 rel=0.96 bal=+0.26 obs=134 hard=122 obsc=132 yr= 19G nz=0.04 flt=0.28 dmap=+1/-0 shz=3.1 plan=0 cmd=(lx=+0.00,ly=+0.00,rx=-0.45)
  t=164.1 AGR-BRK-TR pos=(-4.97,+2.59) yaw= +73.2 d=0.51 goal_err=-11 carrot_err=  -5 c0=1.08 clear=0.72 prog=0.00 rel=0.88 bal=+0.26 obs=137 hard=125 obsc=135 yr= 19G nz=0.06 flt=0.00 dmap=+0/-0 shz=3.1 plan=0 cmd=(lx=+0.00,ly=+0.00,rx=-0.45)
  t=164.5 AGR-BRK-TR pos=(-4.97,+2.59) yaw= +81.3 d=0.51 goal_err=-19 carrot_err= -13 c0=1.08 clear=0.72 prog=0.00 rel=0.94 bal=+0.26 obs=137 hard=125 obsc=135 yr= 19G nz=0.06 flt=0.00 dmap=+0/-0 shz=3.1 plan=0 cmd=(lx=+0.00,ly=+0.00,rx=-0.45)
  t=164.9 AGR-BRK-TR pos=(-4.97,+2.59) yaw= +89.3 d=0.51 goal_err=-27 carrot_err= -21 c0=1.08 clear=0.72 prog=0.00 rel=0.94 bal=-0.25 obs=137 hard=125 obsc=135 yr= 19G nz=0.06 flt=0.27 dmap=+0/-0 shz=3.1 plan=0 cmd=(lx=+0.00,ly=+0.00,rx=-0.45)
  t=165.3 AGR-DWA-F pos=(-4.97,+2.59) yaw= +95.3 d=0.51 goal_err=-33 carrot_err= -28 c0=0.92 clear=0.61 prog=0.01 rel=0.89 bal=-0.24 obs=134 hard=123 obsc=133 yr=  0  nz=0.11 flt=0.01 dmap=+0/-3 shz=3.1 plan=3 cmd=(lx=+0.00,ly=+0.40,rx=+0.00)
  t=165.8 AGR-DWA-F pos=(-4.97,+2.63) yaw= +95.3 d=0.48 goal_err=-36 carrot_err= -30 c0=0.88 clear=0.59 prog=0.06 rel=0.85 bal=-0.24 obs=132 hard=122 obsc=132 yr=  0G nz=0.15 flt=0.00 dmap=+0/-0 shz=3.1 plan=3 cmd=(lx=+0.00,ly=+0.28,rx=+0.45)
  t=166.2 AGR-DWA-T pos=(-4.97,+2.65) yaw= +89.3 d=0.46 goal_err=-31 carrot_err= -25 c0=1.02 clear=0.68 prog=0.09 rel=0.85 bal=-0.25 obs=142 hard=129 obsc=144 yr=  0  nz=0.15 flt=0.15 dmap=+13/-3 shz=3.1 plan=3 cmd=(lx=+0.00,ly=+0.00,rx=+0.00)
  t=166.6 AGR-DWA-T pos=(-4.97,+2.65) yaw= +89.3 d=0.46 goal_err=-31 carrot_err= -25 c0=1.02 clear=0.68 prog=0.09 rel=0.87 bal=-0.25 obs=142 hard=128 obsc=140 yr=  0  nz=0.13 flt=0.09 dmap=+0/-0 shz=3.1 plan=3 cmd=(lx=+0.00,ly=+0.00,rx=+0.00)
  t=167.0 AGR-DWA-T pos=(-4.97,+2.65) yaw= +89.3 d=0.46 goal_err=-31 carrot_err= -25 c0=1.02 clear=0.68 prog=0.09 rel=0.87 bal=-0.25 obs=142 hard=128 obsc=140 yr=  0  nz=0.13 flt=0.09 dmap=+0/-0 shz=3.1 plan=3 cmd=(lx=+0.00,ly=+0.00,rx=+0.00)
  t=167.5 AGR-BRK-BK pos=(-4.97,+2.65) yaw= +89.3 d=0.46 goal_err=-31 carrot_err= -25 c0=1.02 clear=0.68 prog=0.06 rel=0.87 bal=-0.25 obs=142 hard=128 obsc=140 yr=  0  nz=0.13 flt=0.09 dmap=+0/-0 shz=3.1 plan=0 cmd=(lx=+0.00,ly=-0.35,rx=+0.00)
  t=167.9 AGR-BRK-TR pos=(-4.97,+2.60) yaw= +89.3 d=0.50 goal_err=-28 carrot_err= -23 c0=1.09 clear=0.73 prog=0.00 rel=0.95 bal=-0.25 obs=138 hard=128 obsc=140 yr=  0G nz=0.05 flt=0.00 dmap=+0/-0 shz=2.9 plan=0 cmd=(lx=+0.00,ly=+0.00,rx=+0.45)
  t=168.3 AGR-BRK-TR pos=(-4.97,+2.60) yaw= +79.3 d=0.50 goal_err=-18 carrot_err= -13 c0=1.15 clear=0.77 prog=0.00 rel=0.91 bal=+0.24 obs=138 hard=128 obsc=140 yr= 38G nz=0.09 flt=0.19 dmap=+0/-0 shz=3.1 plan=0 cmd=(lx=+0.00,ly=+0.00,rx=+0.45)
  t=168.7 AGR-BRK-TR pos=(-4.97,+2.60) yaw= +71.2 d=0.50 goal_err=-10 carrot_err=  -5 c0=1.15 clear=0.77 prog=0.00 rel=0.91 bal=+0.24 obs=138 hard=128 obsc=140 yr= 19G nz=0.09 flt=0.00 dmap=+0/-0 shz=3.1 plan=0 cmd=(lx=+0.00,ly=+0.00,rx=+0.45)
  t=169.1 AGR-BRK-TR pos=(-4.97,+2.60) yaw= +63.2 d=0.50 goal_err=-2 carrot_err=  +3 c0=1.11 clear=0.74 prog=0.00 rel=0.91 bal=+0.24 obs=140 hard=130 obsc=142 yr= 19G nz=0.09 flt=0.00 dmap=+2/-0 shz=3.1 plan=0 cmd=(lx=+0.00,ly=+0.00,rx=+0.45)
  t=169.6 AGR-BRK-TR pos=(-4.97,+2.60) yaw= +55.2 d=0.50 goal_err=+6 carrot_err= +11 c0=1.11 clear=0.74 prog=0.00 rel=0.92 bal=+0.24 obs=140 hard=130 obsc=142 yr= 19G nz=0.08 flt=0.12 dmap=+0/-0 shz=3.1 plan=0 cmd=(lx=+0.00,ly=+0.00,rx=+0.45)
  t=170.0 AGR-BRK-TR pos=(-4.97,+2.60) yaw= +47.2 d=0.50 goal_err=+14 carrot_err= +19 c0=1.11 clear=0.74 prog=0.00 rel=0.93 bal=+0.24 obs=140 hard=130 obsc=142 yr= 19G nz=0.07 flt=0.00 dmap=+0/-0 shz=3.1 plan=0 cmd=(lx=+0.00,ly=+0.00,rx=+0.45)
  t=170.4 AGR-DWA-F pos=(-4.97,+2.60) yaw= +41.1 d=0.50 goal_err=+20 carrot_err= +26 c0=1.11 clear=0.74 prog=0.01 rel=0.96 bal=+0.25 obs=140 hard=130 obsc=142 yr=  0G nz=0.04 flt=0.07 dmap=+0/-0 shz=3.1 plan=3 cmd=(lx=+0.00,ly=+0.28,rx=-0.45)
  t=170.9 AGR-DWA-T pos=(-4.94,+2.63) yaw= +47.2 d=0.46 goal_err=+15 carrot_err= +22 c0=1.07 clear=0.71 prog=0.07 rel=0.95 bal=+0.26 obs=139 hard=128 obsc=138 yr=  0  nz=0.05 flt=0.00 dmap=+0/-0 shz=3.1 plan=3 cmd=(lx=+0.00,ly=+0.00,rx=+0.00)
  t=171.3 AGR-DWA-T pos=(-4.94,+2.63) yaw= +47.2 d=0.46 goal_err=+15 carrot_err= +22 c0=1.07 clear=0.71 prog=0.07 rel=0.94 bal=+0.26 obs=135 hard=127 obsc=137 yr=  0  nz=0.06 flt=0.00 dmap=+0/-0 shz=3.1 plan=3 cmd=(lx=+0.00,ly=+0.00,rx=+0.00)
  t=171.7 AGR-DWA-T pos=(-4.94,+2.63) yaw= +47.2 d=0.46 goal_err=+15 carrot_err= +22 c0=1.07 clear=0.71 prog=0.07 rel=0.94 bal=+0.26 obs=135 hard=127 obsc=137 yr=  0  nz=0.06 flt=0.00 dmap=+0/-0 shz=3.1 plan=3 cmd=(lx=+0.00,ly=+0.00,rx=+0.00)
  t=172.1 AGR-BRK-BK pos=(-4.94,+2.63) yaw= +47.2 d=0.46 goal_err=+15 carrot_err= +22 c0=1.07 clear=0.71 prog=0.07 rel=0.94 bal=+0.26 obs=135 hard=127 obsc=137 yr=  0  nz=0.06 flt=0.00 dmap=+0/-0 shz=3.1 plan=0 cmd=(lx=+0.00,ly=-0.35,rx=+0.00)
  t=172.6 AGR-BRK-TR pos=(-4.97,+2.60) yaw= +47.2 d=0.50 goal_err=+14 carrot_err= +20 c0=1.11 clear=0.74 prog=0.00 rel=0.98 bal=+0.25 obs=134 hard=123 obsc=133 yr=  0  nz=0.02 flt=0.00 dmap=+0/-0 shz=2.9 plan=0 cmd=(lx=+0.00,ly=+0.00,rx=-0.45)
  t=173.0 AGR-BRK-TR pos=(-4.99,+2.58) yaw= +53.2 d=0.53 goal_err=+8 carrot_err= +13 c0=1.13 clear=0.76 prog=0.00 rel=0.94 bal=+0.24 obs=134 hard=123 obsc=133 yr= 19G nz=0.06 flt=0.14 dmap=+0/-0 shz=3.1 plan=0 cmd=(lx=+0.00,ly=+0.00,rx=-0.45)
  t=173.4 AGR-BRK-TR pos=(-4.99,+2.58) yaw= +61.2 d=0.53 goal_err=-0 carrot_err=  +5 c0=1.09 clear=0.73 prog=0.00 rel=0.88 bal=+0.24 obs=138 hard=127 obsc=137 yr= 19G nz=0.06 flt=0.00 dmap=+3/-0 shz=3.1 plan=0 cmd=(lx=+0.00,ly=+0.00,rx=-0.45)
  t=173.9 AGR-BRK-TR pos=(-4.99,+2.58) yaw= +69.2 d=0.53 goal_err=-8 carrot_err=  -3 c0=1.09 clear=0.73 prog=0.00 rel=0.93 bal=+0.24 obs=138 hard=127 obsc=137 yr= 18G nz=0.07 flt=0.13 dmap=+0/-0 shz=3.1 plan=0 cmd=(lx=+0.00,ly=+0.00,rx=-0.45)
  t=174.3 AGR-BRK-TR pos=(-4.99,+2.58) yaw= +77.2 d=0.53 goal_err=-16 carrot_err= -11 c0=1.04 clear=0.69 prog=0.00 rel=0.94 bal=+0.24 obs=138 hard=127 obsc=137 yr= 19G nz=0.06 flt=0.00 dmap=+0/-0 shz=3.1 plan=0 cmd=(lx=+0.00,ly=+0.00,rx=-0.45)
  t=174.7 AGR-BRK-TR pos=(-4.99,+2.58) yaw= +85.3 d=0.53 goal_err=-24 carrot_err= -19 c0=0.85 clear=0.56 prog=0.00 rel=0.79 bal=+0.24 obs=138 hard=127 obsc=137 yr= 19G nz=0.15 flt=0.01 dmap=+0/-0 shz=3.1 plan=0 cmd=(lx=+0.00,ly=+0.00,rx=-0.45)
  t=175.1 AGR-DWA-F pos=(-4.99,+2.58) yaw= +93.3 d=0.53 goal_err=-32 carrot_err= -27 c0=0.85 clear=0.56 prog=0.00 rel=0.80 bal=-0.26 obs=138 hard=127 obsc=137 yr= 18  nz=0.20 flt=0.12 dmap=+0/-0 shz=3.1 plan=3 cmd=(lx=+0.00,ly=+0.40,rx=+0.00)
  t=175.5 AGR-DWA-F pos=(-4.99,+2.61) yaw= +93.3 d=0.50 goal_err=-34 carrot_err= -29 c0=0.89 clear=0.59 prog=0.04 rel=0.81 bal=-0.26 obs=137 hard=124 obsc=136 yr=  0  nz=0.19 flt=0.00 dmap=+0/-0 shz=3.1 plan=3 cmd=(lx=+0.00,ly=+0.40,rx=+0.00)
  t=176.0 AGR-DWA-T pos=(-4.99,+2.64) yaw= +89.3 d=0.47 goal_err=-33 carrot_err= -27 c0=1.03 clear=0.69 prog=0.09 rel=0.92 bal=-0.27 obs=137 hard=124 obsc=136 yr= 19G nz=0.08 flt=0.05 dmap=+0/-0 shz=3.1 plan=3 cmd=(lx=+0.00,ly=+0.00,rx=+0.00)
  t=176.4 AGR-DWA-T pos=(-4.99,+2.65) yaw= +87.3 d=0.47 goal_err=-31 carrot_err= -26 c0=1.03 clear=0.68 prog=0.10 rel=0.88 bal=-0.27 obs=137 hard=124 obsc=136 yr=  0  nz=0.12 flt=0.03 dmap=+0/-0 shz=3.1 plan=3 cmd=(lx=+0.00,ly=+0.00,rx=+0.00)
  t=176.8 AGR-DWA-T pos=(-4.99,+2.65) yaw= +87.3 d=0.47 goal_err=-31 carrot_err= -26 c0=1.03 clear=0.68 prog=0.10 rel=0.88 bal=-0.27 obs=137 hard=124 obsc=136 yr=  0  nz=0.12 flt=0.03 dmap=+0/-0 shz=3.1 plan=3 cmd=(lx=+0.00,ly=+0.00,rx=+0.00)
  t=177.3 AGR-DWA-T pos=(-4.99,+2.65) yaw= +87.3 d=0.47 goal_err=-31 carrot_err= -26 c0=1.03 clear=0.68 prog=0.08 rel=0.88 bal=-0.27 obs=137 hard=124 obsc=136 yr=  0  nz=0.12 flt=0.03 dmap=+0/-0 shz=3.1 plan=0 cmd=(lx=+0.00,ly=+0.00,rx=+0.00)
  t=177.7 AGR-BRK-BK pos=(-4.99,+2.63) yaw= +87.3 d=0.49 goal_err=-29 carrot_err= -24 c0=1.05 clear=0.70 prog=0.00 rel=0.88 bal=-0.27 obs=137 hard=124 obsc=136 yr=  0  nz=0.12 flt=0.00 dmap=+0/-0 shz=2.9 plan=0 cmd=(lx=+0.00,ly=-0.35,rx=+0.00)
  t=178.1 AGR-BRK-TR pos=(-4.99,+2.59) yaw= +85.3 d=0.52 goal_err=-25 carrot_err= -20 c0=1.08 clear=0.72 prog=0.00 rel=0.97 bal=+0.23 obs=137 hard=124 obsc=136 yr= 18G nz=0.03 flt=0.01 dmap=+0/-0 shz=2.9 plan=0 cmd=(lx=+0.00,ly=+0.00,rx=+0.45)
  t=178.6 AGR-BRK-TR pos=(-4.99,+2.59) yaw= +75.2 d=0.52 goal_err=-15 carrot_err= -10 c0=1.08 clear=0.72 prog=0.00 rel=0.97 bal=+0.23 obs=137 hard=124 obsc=136 yr= 19G nz=0.03 flt=0.08 dmap=+0/-0 shz=3.1 plan=0 cmd=(lx=+0.00,ly=+0.00,rx=+0.45)
  t=179.0 AGR-BRK-TR pos=(-4.99,+2.59) yaw= +67.2 d=0.52 goal_err=-7 carrot_err=  -2 c0=1.08 clear=0.72 prog=0.00 rel=0.96 bal=+0.23 obs=140 hard=127 obsc=139 yr= 19G nz=0.04 flt=0.00 dmap=+2/-0 shz=3.1 plan=0 cmd=(lx=+0.00,ly=+0.00,rx=+0.45)
  t=179.4 AGR-BRK-TR pos=(-4.99,+2.59) yaw= +59.2 d=0.52 goal_err=+1 carrot_err=  +6 c0=1.08 clear=0.72 prog=0.00 rel=0.97 bal=+0.23 obs=140 hard=127 obsc=139 yr= 19G nz=0.03 flt=0.08 dmap=+0/-0 shz=3.1 plan=0 cmd=(lx=+0.00,ly=+0.00,rx=+0.45)
  t=179.8 AGR-BRK-TR pos=(-4.99,+2.59) yaw= +51.2 d=0.52 goal_err=+9 carrot_err= +14 c0=1.08 clear=0.72 prog=0.00 rel=0.98 bal=+0.23 obs=140 hard=127 obsc=139 yr= 19G nz=0.02 flt=0.01 dmap=+0/-0 shz=3.1 plan=0 cmd=(lx=+0.00,ly=+0.00,rx=+0.45)
  t=180.2 AGR-DWA-F pos=(-4.99,+2.59) yaw= +43.2 d=0.52 goal_err=+17 carrot_err= +22 c0=1.13 clear=0.76 prog=0.00 rel=0.98 bal=+0.23 obs=140 hard=127 obsc=139 yr= 19G nz=0.02 flt=0.04 dmap=+0/-0 shz=3.1 plan=3 cmd=(lx=+0.00,ly=+0.40,rx=+0.00)
  t=180.7 AGR-DWA-F pos=(-4.98,+2.60) yaw= +41.1 d=0.50 goal_err=+19 carrot_err= +25 c0=1.11 clear=0.74 prog=0.04 rel=0.94 bal=+0.24 obs=136 hard=125 obsc=139 yr=  0  nz=0.06 flt=0.04 dmap=+0/-0 shz=3.1 plan=3 cmd=(lx=+0.00,ly=+0.40,rx=+0.00)
  t=181.1 AGR-DWA-T pos=(-4.95,+2.63) yaw= +45.2 d=0.47 goal_err=+17 carrot_err= +23 c0=1.08 clear=0.72 prog=0.09 rel=0.94 bal=+0.25 obs=137 hard=124 obsc=135 yr= 18  nz=0.07 flt=0.19 dmap=+0/-0 shz=3.1 plan=3 cmd=(lx=+0.00,ly=+0.00,rx=+0.00)
  t=181.5 AGR-DWA-T pos=(-4.95,+2.63) yaw= +45.2 d=0.47 goal_err=+17 carrot_err= +23 c0=1.08 clear=0.72 prog=0.09 rel=0.93 bal=+0.25 obs=138 hard=125 obsc=138 yr=  0  nz=0.07 flt=0.06 dmap=+0/-2 shz=3.1 plan=3 cmd=(lx=+0.00,ly=+0.00,rx=+0.00)
  t=182.0 AGR-DWA-T pos=(-4.95,+2.63) yaw= +45.2 d=0.47 goal_err=+17 carrot_err= +23 c0=1.08 clear=0.72 prog=0.09 rel=0.93 bal=+0.25 obs=138 hard=125 obsc=138 yr=  0  nz=0.07 flt=0.06 dmap=+0/-0 shz=3.1 plan=3 cmd=(lx=+0.00,ly=+0.00,rx=+0.00)
  t=182.4 AGR-BRK-BK pos=(-4.95,+2.63) yaw= +45.2 d=0.47 goal_err=+17 carrot_err= +23 c0=1.08 clear=0.72 prog=0.08 rel=0.93 bal=+0.25 obs=138 hard=125 obsc=138 yr=  0  nz=0.07 flt=0.06 dmap=+0/-0 shz=3.1 plan=0 cmd=(lx=+0.00,ly=-0.35,rx=+0.00)
  t=182.8 AGR-BRK-TR pos=(-4.98,+2.60) yaw= +45.2 d=0.50 goal_err=+16 carrot_err= +21 c0=1.12 clear=0.74 prog=0.00 rel=0.99 bal=+0.24 obs=135 hard=125 obsc=133 yr=  0  nz=0.01 flt=0.01 dmap=+0/-0 shz=3.2 plan=0 cmd=(lx=+0.00,ly=+0.00,rx=-0.45)
  t=183.2 AGR-BRK-TR pos=(-4.99,+2.59) yaw= +51.2 d=0.52 goal_err=+9 carrot_err= +14 c0=1.13 clear=0.75 prog=0.00 rel=0.94 bal=+0.23 obs=135 hard=125 obsc=133 yr= 19G nz=0.06 flt=0.00 dmap=+0/-0 shz=3.2 plan=0 cmd=(lx=+0.00,ly=+0.00,rx=-0.45)
  t=183.7 AGR-BRK-TR pos=(-4.99,+2.59) yaw= +61.2 d=0.52 goal_err=-1 carrot_err=  +4 c0=1.13 clear=0.75 prog=0.00 rel=0.94 bal=+0.23 obs=135 hard=125 obsc=133 yr= 19G nz=0.06 flt=0.01 dmap=+0/-0 shz=3.2 plan=0 cmd=(lx=+0.00,ly=+0.00,rx=-0.45)
  t=184.1 AGR-BRK-TR pos=(-4.99,+2.59) yaw= +69.2 d=0.52 goal_err=-9 carrot_err=  -4 c0=1.13 clear=0.75 prog=0.00 rel=0.94 bal=+0.23 obs=135 hard=125 obsc=133 yr= 19G nz=0.06 flt=0.00 dmap=+0/-0 shz=3.2 plan=0 cmd=(lx=+0.00,ly=+0.00,rx=-0.45)
  t=184.5 AGR-BRK-TR pos=(-4.99,+2.59) yaw= +77.2 d=0.52 goal_err=-17 carrot_err= -12 c0=1.08 clear=0.72 prog=0.00 rel=0.88 bal=+0.23 obs=138 hard=128 obsc=136 yr= 19G nz=0.05 flt=0.00 dmap=+2/-0 shz=3.2 plan=0 cmd=(lx=+0.00,ly=+0.00,rx=-0.45)
  t=184.9 AGR-BRK-TR pos=(-4.99,+2.59) yaw= +85.3 d=0.52 goal_err=-25 carrot_err= -20 c0=1.08 clear=0.72 prog=0.00 rel=0.95 bal=+0.23 obs=138 hard=128 obsc=136 yr= 19G nz=0.04 flt=0.13 dmap=+0/-0 shz=3.2 plan=0 cmd=(lx=+0.00,ly=+0.00,rx=-0.45)
  t=185.4 AGR-DWA-F pos=(-4.99,+2.59) yaw= +93.3 d=0.52 goal_err=-33 carrot_err= -28 c0=0.91 clear=0.61 prog=0.00 rel=0.95 bal=-0.26 obs=138 hard=128 obsc=136 yr= 18  nz=0.05 flt=0.00 dmap=+0/-0 shz=3.2 plan=3 cmd=(lx=+0.00,ly=+0.40,rx=+0.00)
  t=185.8 AGR-DWA-F pos=(-4.99,+2.62) yaw= +93.3 d=0.49 goal_err=-35 carrot_err= -29 c0=0.88 clear=0.59 prog=0.04 rel=0.85 bal=-0.26 obs=134 hard=127 obsc=136 yr=  0  nz=0.15 flt=0.00 dmap=+0/-4 shz=3.2 plan=3 cmd=(lx=+0.00,ly=+0.28,rx=+0.45)
  t=186.2 AGR-DWA-T pos=(-4.99,+2.65) yaw= +87.3 d=0.46 goal_err=-31 carrot_err= -26 c0=1.02 clear=0.68 prog=0.09 rel=0.84 bal=-0.27 obs=134 hard=127 obsc=136 yr= 19  nz=0.16 flt=0.05 dmap=+0/-0 shz=3.2 plan=3 cmd=(lx=+0.00,ly=+0.00,rx=+0.00)
  t=186.7 AGR-DWA-T pos=(-4.99,+2.65) yaw= +87.3 d=0.46 goal_err=-31 carrot_err= -26 c0=1.02 clear=0.68 prog=0.09 rel=0.86 bal=-0.27 obs=138 hard=127 obsc=135 yr=  0  nz=0.14 flt=0.05 dmap=+0/-0 shz=3.3 plan=3 cmd=(lx=+0.00,ly=+0.00,rx=+0.00)
  t=187.1 AGR-DWA-T pos=(-4.99,+2.65) yaw= +87.3 d=0.46 goal_err=-31 carrot_err= -26 c0=1.02 clear=0.68 prog=0.09 rel=0.86 bal=-0.27 obs=138 hard=127 obsc=135 yr=  0  nz=0.14 flt=0.05 dmap=+0/-0 shz=3.3 plan=3 cmd=(lx=+0.00,ly=+0.00,rx=+0.00)
  t=187.5 AGR-BRK-BK pos=(-4.99,+2.65) yaw= +87.3 d=0.46 goal_err=-31 carrot_err= -26 c0=1.02 clear=0.68 prog=0.07 rel=0.86 bal=-0.27 obs=138 hard=127 obsc=135 yr=  0  nz=0.14 flt=0.05 dmap=+0/-0 shz=3.3 plan=0 cmd=(lx=+0.00,ly=-0.35,rx=+0.00)
  t=187.9 AGR-BRK-TR pos=(-4.99,+2.62) yaw= +87.3 d=0.50 goal_err=-29 carrot_err= -24 c0=1.25 clear=0.83 prog=0.00 rel=0.84 bal=-0.27 obs=135 hard=126 obsc=135 yr=  0  nz=0.16 flt=0.00 dmap=+0/-0 shz=3.2 plan=0 cmd=(lx=+0.00,ly=+0.00,rx=+0.45)
  t=188.4 AGR-BRK-TR pos=(-4.99,+2.60) yaw= +81.3 d=0.51 goal_err=-22 carrot_err= -17 c0=1.16 clear=0.77 prog=0.00 rel=0.92 bal=+0.22 obs=135 hard=126 obsc=135 yr= 19G nz=0.08 flt=0.03 dmap=+0/-0 shz=3.2 plan=0 cmd=(lx=+0.00,ly=+0.00,rx=+0.45)
  t=188.8 AGR-BRK-TR pos=(-4.99,+2.60) yaw= +73.2 d=0.51 goal_err=-14 carrot_err=  -9 c0=1.16 clear=0.77 prog=0.00 rel=0.91 bal=+0.22 obs=135 hard=126 obsc=135 yr= 19G nz=0.09 flt=0.00 dmap=+0/-0 shz=3.2 plan=0 cmd=(lx=+0.00,ly=+0.00,rx=+0.45)
  t=189.2 AGR-BRK-TR pos=(-4.99,+2.60) yaw= +63.2 d=0.51 goal_err=-4 carrot_err=  +1 c0=1.12 clear=0.75 prog=0.00 rel=0.91 bal=+0.22 obs=136 hard=127 obsc=136 yr= 37G nz=0.09 flt=0.15 dmap=+0/-0 shz=3.2 plan=0 cmd=(lx=+0.00,ly=+0.00,rx=+0.45)
  t=189.6 AGR-BRK-TR pos=(-4.99,+2.60) yaw= +55.2 d=0.51 goal_err=+4 carrot_err=  +9 c0=1.12 clear=0.75 prog=0.00 rel=0.91 bal=+0.22 obs=136 hard=127 obsc=136 yr= 19G nz=0.09 flt=0.01 dmap=+0/-0 shz=3.2 plan=0 cmd=(lx=+0.00,ly=+0.00,rx=+0.45)
  t=190.0 AGR-BRK-TR pos=(-4.99,+2.60) yaw= +47.2 d=0.51 goal_err=+12 carrot_err= +17 c0=1.12 clear=0.75 prog=0.00 rel=0.95 bal=+0.22 obs=138 hard=129 obsc=138 yr= 19G nz=0.05 flt=0.00 dmap=+2/-0 shz=3.2 plan=0 cmd=(lx=+0.00,ly=+0.00,rx=+0.45)
  t=190.5 AGR-DWA-F pos=(-4.99,+2.60) yaw= +39.1 d=0.51 goal_err=+20 carrot_err= +25 c0=1.12 clear=0.75 prog=0.00 rel=0.98 bal=+0.29 obs=138 hard=129 obsc=138 yr= 18  nz=0.02 flt=0.05 dmap=+0/-0 shz=3.2 plan=3 cmd=(lx=+0.00,ly=+0.28,rx=-0.45)
  t=190.9 AGR-DWA-T pos=(-4.97,+2.62) yaw= +43.2 d=0.48 goal_err=+17 carrot_err= +23 c0=1.09 clear=0.73 prog=0.05 rel=0.96 bal=+0.23 obs=140 hard=127 obsc=138 yr=  0  nz=0.04 flt=0.15 dmap=+0/-0 shz=3.2 plan=3 cmd=(lx=+0.00,ly=+0.00,rx=+0.00)
  t=191.3 AGR-DWA-T pos=(-4.96,+2.63) yaw= +43.2 d=0.48 goal_err=+17 carrot_err= +23 c0=1.09 clear=0.72 prog=0.06 rel=0.96 bal=+0.24 obs=139 hard=128 obsc=137 yr=  0  nz=0.04 flt=0.00 dmap=+0/-1 shz=3.3 plan=3 cmd=(lx=+0.00,ly=+0.00,rx=+0.00)
  t=191.8 AGR-DWA-T pos=(-4.96,+2.63) yaw= +43.2 d=0.48 goal_err=+17 carrot_err= +23 c0=1.09 clear=0.72 prog=0.06 rel=0.95 bal=+0.24 obs=139 hard=128 obsc=137 yr=  0  nz=0.05 flt=0.00 dmap=+0/-0 shz=3.3 plan=3 cmd=(lx=+0.00,ly=+0.00,rx=+0.00)
  t=192.2 AGR-DWA-T pos=(-4.96,+2.63) yaw= +43.2 d=0.48 goal_err=+17 carrot_err= +23 c0=1.09 clear=0.72 prog=0.06 rel=0.95 bal=+0.24 obs=139 hard=128 obsc=137 yr=  0  nz=0.05 flt=0.00 dmap=+0/-0 shz=3.3 plan=0 cmd=(lx=+0.00,ly=+0.00,rx=+0.00)
  t=192.6 AGR-BRK-BK pos=(-4.98,+2.61) yaw= +43.2 d=0.50 goal_err=+16 carrot_err= +22 c0=1.11 clear=0.74 prog=0.00 rel=0.95 bal=+0.23 obs=138 hard=127 obsc=135 yr=  0  nz=0.05 flt=0.00 dmap=+0/-1 shz=3.2 plan=0 cmd=(lx=+0.00,ly=-0.35,rx=+0.00)
  t=193.0 AGR-BRK-TR pos=(-5.00,+2.59) yaw= +47.2 d=0.52 goal_err=+12 carrot_err= +17 c0=1.14 clear=0.76 prog=0.00 rel=0.96 bal=+0.22 obs=138 hard=127 obsc=135 yr= 19G nz=0.04 flt=0.01 dmap=+0/-0 shz=3.2 plan=0 cmd=(lx=+0.00,ly=+0.00,rx=-0.45)
  t=193.5 AGR-BRK-TR pos=(-5.00,+2.59) yaw= +55.2 d=0.52 goal_err=+4 carrot_err=  +9 c0=1.08 clear=0.72 prog=0.00 rel=0.88 bal=+0.22 obs=141 hard=130 obsc=138 yr= 19G nz=0.05 flt=0.00 dmap=+0/-0 shz=3.2 plan=0 cmd=(lx=+0.00,ly=+0.00,rx=-0.45)
  t=193.9 AGR-BRK-TR pos=(-5.00,+2.59) yaw= +63.2 d=0.52 goal_err=-4 carrot_err=  +1 c0=1.08 clear=0.72 prog=0.00 rel=0.94 bal=+0.22 obs=141 hard=130 obsc=138 yr= 19G nz=0.06 flt=0.09 dmap=+0/-0 shz=3.2 plan=0 cmd=(lx=+0.00,ly=+0.00,rx=-0.45)
  t=194.3 AGR-BRK-TR pos=(-5.00,+2.59) yaw= +71.2 d=0.52 goal_err=-12 carrot_err=  -7 c0=1.08 clear=0.72 prog=0.00 rel=0.94 bal=+0.22 obs=141 hard=130 obsc=138 yr= 19G nz=0.06 flt=0.01 dmap=+0/-0 shz=3.2 plan=0 cmd=(lx=+0.00,ly=+0.00,rx=-0.45)
  t=194.7 AGR-BRK-TR pos=(-5.00,+2.59) yaw= +81.3 d=0.52 goal_err=-22 carrot_err= -17 c0=0.83 clear=0.56 prog=0.00 rel=0.84 bal=+0.22 obs=141 hard=130 obsc=138 yr= 19G nz=0.16 flt=0.00 dmap=+0/-0 shz=3.2 plan=0 cmd=(lx=+0.00,ly=+0.00,rx=-0.45)
  t=195.1 AGR-DWA-F pos=(-5.00,+2.59) yaw= +89.3 d=0.52 goal_err=-30 carrot_err= -26 c0=0.83 clear=0.56 prog=0.00 rel=0.81 bal=-0.28 obs=141 hard=130 obsc=138 yr= 19G nz=0.19 flt=0.27 dmap=+0/-0 shz=3.2 plan=3 cmd=(lx=+0.00,ly=+0.40,rx=+0.00)
  t=195.6 AGR-DWA-F pos=(-5.00,+2.61) yaw= +91.3 d=0.51 goal_err=-34 carrot_err= -29 c0=1.06 clear=0.71 prog=0.03 rel=0.80 bal=-0.27 obs=137 hard=125 obsc=137 yr=  0  nz=0.20 flt=0.07 dmap=+0/-2 shz=3.2 plan=3 cmd=(lx=+0.00,ly=+0.40,rx=+0.00)
  t=196.0 AGR-DWA-F pos=(-5.00,+2.64) yaw= +89.3 d=0.48 goal_err=-34 carrot_err= -29 c0=1.04 clear=0.69 prog=0.07 rel=0.81 bal=-0.28 obs=137 hard=125 obsc=137 yr= 19G nz=0.20 flt=0.00 dmap=+0/-0 shz=3.2 plan=3 cmd=(lx=+0.00,ly=+0.40,rx=+0.00)
  t=196.4 AGR-DWA-T pos=(-5.00,+2.66) yaw= +87.3 d=0.46 goal_err=-33 carrot_err= -28 c0=1.02 clear=0.68 prog=0.10 rel=0.83 bal=-0.28 obs=137 hard=126 obsc=135 yr=  0  nz=0.17 flt=0.03 dmap=+0/-0 shz=3.4 plan=3 cmd=(lx=+0.00,ly=+0.00,rx=+0.00)
  t=196.9 AGR-DWA-T pos=(-5.00,+2.66) yaw= +87.3 d=0.46 goal_err=-33 carrot_err= -28 c0=1.21 clear=0.80 prog=0.10 rel=0.90 bal=-0.28 obs=133 hard=125 obsc=134 yr=  0  nz=0.10 flt=0.00 dmap=+0/-0 shz=3.4 plan=3 cmd=(lx=+0.00,ly=+0.00,rx=+0.00)
  t=197.3 AGR-DWA-T pos=(-5.00,+2.66) yaw= +87.3 d=0.46 goal_err=-33 carrot_err= -28 c0=1.21 clear=0.80 prog=0.09 rel=0.90 bal=-0.28 obs=133 hard=125 obsc=134 yr=  0  nz=0.10 flt=0.00 dmap=+0/-0 shz=3.4 plan=3 cmd=(lx=+0.00,ly=+0.00,rx=+0.00)
  t=197.7 AGR-BRK-BK pos=(-5.00,+2.66) yaw= +87.3 d=0.46 goal_err=-33 carrot_err= -28 c0=1.21 clear=0.80 prog=0.05 rel=0.90 bal=-0.28 obs=133 hard=125 obsc=134 yr=  0  nz=0.10 flt=0.00 dmap=+0/-0 shz=3.4 plan=0 cmd=(lx=+0.00,ly=-0.35,rx=+0.00)
  t=198.1 AGR-BRK-TR pos=(-5.00,+2.61) yaw= +87.3 d=0.51 goal_err=-30 carrot_err= -25 c0=1.06 clear=0.71 prog=0.00 rel=0.97 bal=-0.28 obs=130 hard=124 obsc=131 yr=  0G nz=0.03 flt=0.01 dmap=+0/-0 shz=3.2 plan=0 cmd=(lx=+0.00,ly=+0.00,rx=+0.45)
  t=198.6 AGR-BRK-TR pos=(-5.00,+2.61) yaw= +79.3 d=0.51 goal_err=-22 carrot_err= -17 c0=1.16 clear=0.77 prog=0.00 rel=0.89 bal=+0.20 obs=130 hard=124 obsc=131 yr= 19G nz=0.11 flt=0.05 dmap=+0/-0 shz=3.2 plan=0 cmd=(lx=+0.00,ly=+0.00,rx=+0.45)
  t=199.0 AGR-BRK-TR pos=(-5.00,+2.61) yaw= +71.2 d=0.51 goal_err=-14 carrot_err=  -9 c0=1.16 clear=0.77 prog=0.00 rel=0.91 bal=+0.20 obs=132 hard=126 obsc=133 yr= 19G nz=0.09 flt=0.00 dmap=+0/-0 shz=3.2 plan=0 cmd=(lx=+0.00,ly=+0.00,rx=+0.45)
  t=199.4 AGR-BRK-TR pos=(-5.00,+2.61) yaw= +63.2 d=0.51 goal_err=-6 carrot_err=  -1 c0=1.13 clear=0.75 prog=0.00 rel=0.92 bal=+0.20 obs=132 hard=126 obsc=133 yr= 19G nz=0.09 flt=0.00 dmap=+0/-0 shz=3.2 plan=0 cmd=(lx=+0.00,ly=+0.00,rx=+0.45)
  t=199.8 AGR-BRK-TR pos=(-5.00,+2.61) yaw= +55.2 d=0.51 goal_err=+2 carrot_err=  +7 c0=1.13 clear=0.75 prog=0.00 rel=0.95 bal=+0.20 obs=132 hard=126 obsc=133 yr= 19G nz=0.05 flt=0.01 dmap=+0/-0 shz=3.2 plan=0 cmd=(lx=+0.00,ly=+0.00,rx=+0.45)
  t=200.3 AGR-BRK-TR pos=(-5.00,+2.61) yaw= +47.2 d=0.51 goal_err=+10 carrot_err= +15 c0=1.13 clear=0.75 prog=0.00 rel=0.97 bal=+0.20 obs=132 hard=126 obsc=133 yr= 19G nz=0.03 flt=0.04 dmap=+0/-0 shz=3.2 plan=0 cmd=(lx=+0.00,ly=+0.00,rx=+0.45)
  t=200.7 AGR-DWA-F pos=(-5.00,+2.62) yaw= +41.1 d=0.50 goal_err=+16 carrot_err= +21 c0=1.12 clear=0.75 prog=0.01 rel=0.99 bal=+0.21 obs=132 hard=120 obsc=130 yr=  0  nz=0.01 flt=0.04 dmap=+0/-0 shz=3.2 plan=3 cmd=(lx=+0.00,ly=+0.40,rx=+0.00)
  t=201.1 AGR-DWA-T pos=(-4.98,+2.64) yaw= +41.1 d=0.47 goal_err=+17 carrot_err= +23 c0=1.09 clear=0.73 prog=0.06 rel=0.98 bal=+0.28 obs=129 hard=121 obsc=128 yr=  0  nz=0.02 flt=0.00 dmap=+0/-0 shz=3.2 plan=3 cmd=(lx=+0.00,ly=+0.00,rx=+0.00)
  t=201.5 AGR-DWA-T pos=(-4.98,+2.64) yaw= +41.1 d=0.47 goal_err=+17 carrot_err= +23 c0=1.09 clear=0.73 prog=0.06 rel=0.96 bal=+0.28 obs=130 hard=121 obsc=128 yr=  0  nz=0.04 flt=0.00 dmap=+0/-0 shz=3.3 plan=3 cmd=(lx=+0.00,ly=+0.00,rx=+0.00)
  t=202.0 AGR-DWA-T pos=(-4.98,+2.64) yaw= +41.1 d=0.47 goal_err=+17 carrot_err= +23 c0=1.09 clear=0.73 prog=0.06 rel=0.96 bal=+0.28 obs=130 hard=121 obsc=128 yr=  0  nz=0.04 flt=0.00 dmap=+0/-0 shz=3.3 plan=3 cmd=(lx=+0.00,ly=+0.00,rx=+0.00)
  t=202.4 AGR-BRK-BK pos=(-4.98,+2.64) yaw= +41.1 d=0.47 goal_err=+17 carrot_err= +23 c0=1.09 clear=0.73 prog=0.06 rel=0.96 bal=+0.28 obs=130 hard=121 obsc=128 yr=  0  nz=0.04 flt=0.00 dmap=+0/-0 shz=3.3 plan=0 cmd=(lx=+0.00,ly=-0.35,rx=+0.00)
  t=202.8 AGR-BRK-TR pos=(-5.01,+2.61) yaw= +41.1 d=0.51 goal_err=+16 carrot_err= +21 c0=1.13 clear=0.75 prog=0.00 rel=0.97 bal=+0.20 obs=127 hard=120 obsc=128 yr=  0  nz=0.03 flt=0.00 dmap=+0/-0 shz=3.2 plan=0 cmd=(lx=+0.00,ly=+0.00,rx=-0.45)
  t=203.2 AGR-BRK-TR pos=(-5.01,+2.60) yaw= +47.2 d=0.52 goal_err=+10 carrot_err= +14 c0=1.14 clear=0.76 prog=0.00 rel=0.96 bal=+0.20 obs=127 hard=120 obsc=128 yr= 19G nz=0.04 flt=0.10 dmap=+0/-0 shz=3.2 plan=0 cmd=(lx=+0.00,ly=+0.00,rx=-0.45)
  t=203.7 AGR-BRK-TR pos=(-5.01,+2.60) yaw= +55.2 d=0.52 goal_err=+2 carrot_err=  +6 c0=1.14 clear=0.76 prog=0.00 rel=0.89 bal=+0.20 obs=128 hard=121 obsc=129 yr= 19G nz=0.05 flt=0.05 dmap=+0/-0 shz=3.2 plan=0 cmd=(lx=+0.00,ly=+0.00,rx=-0.45)
  t=204.1 AGR-BRK-TR pos=(-5.01,+2.60) yaw= +63.2 d=0.52 goal_err=-6 carrot_err=  -2 c0=1.14 clear=0.76 prog=0.00 rel=0.96 bal=+0.19 obs=128 hard=121 obsc=129 yr= 19G nz=0.04 flt=0.08 dmap=+0/-0 shz=3.2 plan=0 cmd=(lx=+0.00,ly=+0.00,rx=-0.45)
  t=204.5 AGR-BRK-TR pos=(-5.01,+2.60) yaw= +71.2 d=0.52 goal_err=-14 carrot_err= -10 c0=1.17 clear=0.78 prog=0.00 rel=0.98 bal=+0.19 obs=128 hard=121 obsc=129 yr= 19G nz=0.02 flt=0.00 dmap=+0/-0 shz=3.2 plan=0 cmd=(lx=+0.00,ly=+0.00,rx=-0.45)
  t=204.9 AGR-BRK-TR pos=(-5.01,+2.60) yaw= +81.3 d=0.52 goal_err=-24 carrot_err= -20 c0=1.17 clear=0.78 prog=0.00 rel=0.96 bal=+0.19 obs=128 hard=121 obsc=129 yr= 38G nz=0.04 flt=0.03 dmap=+0/-0 shz=3.2 plan=0 cmd=(lx=+0.00,ly=+0.00,rx=-0.45)
  t=205.3 AGR-DWA-F pos=(-5.01,+2.60) yaw= +89.3 d=0.52 goal_err=-32 carrot_err= -28 c0=1.07 clear=0.71 prog=0.00 rel=0.86 bal=-0.29 obs=128 hard=121 obsc=129 yr= 19  nz=0.08 flt=0.33 dmap=+0/-0 shz=3.2 plan=3 cmd=(lx=+0.00,ly=+0.40,rx=+0.00)
  t=205.8 AGR-DWA-F pos=(-5.01,+2.63) yaw= +89.3 d=0.50 goal_err=-34 carrot_err= -29 c0=1.04 clear=0.70 prog=0.04 rel=0.90 bal=-0.29 obs=134 hard=124 obsc=132 yr=  0  nz=0.10 flt=0.05 dmap=+0/-0 shz=3.2 plan=3 cmd=(lx=+0.00,ly=+0.40,rx=+0.00)
  t=206.2 AGR-DWA-T pos=(-5.01,+2.66) yaw= +85.3 d=0.48 goal_err=-32 carrot_err= -27 c0=1.21 clear=0.81 prog=0.08 rel=0.88 bal=-0.29 obs=135 hard=123 obsc=133 yr= 19  nz=0.12 flt=0.04 dmap=+1/-0 shz=3.2 plan=3 cmd=(lx=+0.00,ly=+0.00,rx=+0.00)
  t=206.6 AGR-DWA-T pos=(-5.01,+2.66) yaw= +85.3 d=0.48 goal_err=-32 carrot_err= -27 c0=1.21 clear=0.81 prog=0.08 rel=0.86 bal=-0.29 obs=135 hard=128 obsc=133 yr=  0  nz=0.14 flt=0.00 dmap=+0/-0 shz=3.2 plan=3 cmd=(lx=+0.00,ly=+0.00,rx=+0.00)
  t=207.1 AGR-DWA-T pos=(-5.01,+2.66) yaw= +85.3 d=0.48 goal_err=-32 carrot_err= -27 c0=1.21 clear=0.81 prog=0.08 rel=0.86 bal=-0.29 obs=135 hard=128 obsc=133 yr=  0  nz=0.14 flt=0.00 dmap=+0/-0 shz=3.2 plan=3 cmd=(lx=+0.00,ly=+0.00,rx=+0.00)
  t=207.5 AGR-BRK-BK pos=(-5.01,+2.66) yaw= +85.3 d=0.48 goal_err=-32 carrot_err= -27 c0=1.21 clear=0.81 prog=0.06 rel=0.86 bal=-0.29 obs=135 hard=128 obsc=133 yr=  0  nz=0.14 flt=0.00 dmap=+0/-0 shz=3.2 plan=0 cmd=(lx=+0.00,ly=-0.35,rx=+0.00)
  t=207.9 AGR-BRK-TR pos=(-5.02,+2.62) yaw= +85.3 d=0.51 goal_err=-30 carrot_err= -25 c0=1.25 clear=0.83 prog=0.00 rel=0.99 bal=-0.29 obs=130 hard=126 obsc=132 yr=  0  nz=0.01 flt=0.01 dmap=+0/-4 shz=3.2 plan=0 cmd=(lx=+0.00,ly=+0.00,rx=+0.45)
  t=208.3 AGR-BRK-TR pos=(-5.02,+2.61) yaw= +79.3 d=0.52 goal_err=-23 carrot_err= -18 c0=1.17 clear=0.78 prog=0.00 rel=0.94 bal=+0.19 obs=130 hard=126 obsc=132 yr= 19G nz=0.06 flt=0.05 dmap=+0/-0 shz=3.2 plan=0 cmd=(lx=+0.00,ly=+0.00,rx=+0.45)
  t=208.8 AGR-BRK-TR pos=(-5.02,+2.61) yaw= +71.2 d=0.52 goal_err=-15 carrot_err= -10 c0=1.17 clear=0.78 prog=0.00 rel=0.94 bal=+0.19 obs=130 hard=126 obsc=132 yr= 19G nz=0.06 flt=0.18 dmap=+0/-0 shz=3.2 plan=0 cmd=(lx=+0.00,ly=+0.00,rx=+0.45)
  t=209.2 AGR-BRK-TR pos=(-5.02,+2.61) yaw= +63.2 d=0.52 goal_err=-7 carrot_err=  -2 c0=1.14 clear=0.76 prog=0.00 rel=0.93 bal=+0.19 obs=132 hard=128 obsc=134 yr= 19G nz=0.07 flt=0.00 dmap=+0/-0 shz=3.2 plan=0 cmd=(lx=+0.00,ly=+0.00,rx=+0.45)
  t=209.6 AGR-BRK-TR pos=(-5.02,+2.61) yaw= +55.2 d=0.52 goal_err=+1 carrot_err=  +6 c0=1.14 clear=0.76 prog=0.00 rel=0.96 bal=+0.19 obs=132 hard=128 obsc=134 yr= 19G nz=0.04 flt=0.09 dmap=+0/-0 shz=3.2 plan=0 cmd=(lx=+0.00,ly=+0.00,rx=+0.45)
  t=210.0 AGR-BRK-TR pos=(-5.02,+2.61) yaw= +47.2 d=0.52 goal_err=+9 carrot_err= +14 c0=1.14 clear=0.76 prog=0.00 rel=0.97 bal=+0.19 obs=132 hard=128 obsc=134 yr= 19G nz=0.03 flt=0.00 dmap=+0/-0 shz=3.2 plan=0 cmd=(lx=+0.00,ly=+0.00,rx=+0.45)
  t=210.5 AGR-DWA-F pos=(-5.02,+2.61) yaw= +39.1 d=0.52 goal_err=+17 carrot_err= +22 c0=1.14 clear=0.76 prog=0.00 rel=0.97 bal=+0.19 obs=133 hard=123 obsc=131 yr= 19  nz=0.03 flt=0.06 dmap=+1/-0 shz=3.2 plan=3 cmd=(lx=+0.00,ly=+0.40,rx=+0.00)
  t=210.9 AGR-DWA-F pos=(-5.00,+2.63) yaw= +37.1 d=0.49 goal_err=+20 carrot_err= +25 c0=1.11 clear=0.74 prog=0.05 rel=0.97 bal=+0.27 obs=131 hard=124 obsc=131 yr=  0G nz=0.03 flt=0.03 dmap=+0/-0 shz=3.2 plan=3 cmd=(lx=+0.00,ly=+0.28,rx=-0.45)
  t=211.3 AGR-DWA-T pos=(-4.98,+2.63) yaw= +41.1 d=0.48 goal_err=+17 carrot_err= +22 c0=1.10 clear=0.73 prog=0.07 rel=0.94 bal=+0.27 obs=135 hard=123 obsc=136 yr=  0  nz=0.06 flt=0.07 dmap=+0/-0 shz=3.2 plan=3 cmd=(lx=+0.00,ly=+0.00,rx=+0.00)
  t=211.8 AGR-DWA-T pos=(-4.98,+2.63) yaw= +41.1 d=0.48 goal_err=+17 carrot_err= +22 c0=1.10 clear=0.73 prog=0.07 rel=0.94 bal=+0.27 obs=135 hard=122 obsc=133 yr=  0  nz=0.06 flt=0.07 dmap=+0/-0 shz=3.3 plan=3 cmd=(lx=+0.00,ly=+0.00,rx=+0.00)
  t=212.2 AGR-DWA-T pos=(-4.98,+2.63) yaw= +41.1 d=0.48 goal_err=+17 carrot_err= +22 c0=1.10 clear=0.73 prog=0.07 rel=0.94 bal=+0.27 obs=135 hard=122 obsc=133 yr=  0  nz=0.06 flt=0.07 dmap=+0/-0 shz=3.3 plan=3 cmd=(lx=+0.00,ly=+0.00,rx=+0.00)
  t=212.6 AGR-BRK-BK pos=(-4.99,+2.63) yaw= +41.1 d=0.49 goal_err=+16 carrot_err= +21 c0=1.11 clear=0.74 prog=0.04 rel=0.97 bal=+0.21 obs=132 hard=122 obsc=133 yr=  0  nz=0.03 flt=0.00 dmap=+0/-0 shz=3.2 plan=0 cmd=(lx=+0.00,ly=-0.35,rx=+0.00)
  t=213.0 AGR-BRK-TR pos=(-5.03,+2.59) yaw= +41.1 d=0.54 goal_err=+15 carrot_err= +19 c0=1.16 clear=0.77 prog=0.00 rel=0.98 bal=+0.19 obs=132 hard=124 obsc=130 yr=  0G nz=0.02 flt=0.00 dmap=+0/-0 shz=3.2 plan=0 cmd=(lx=+0.00,ly=+0.00,rx=-0.45)
  t=213.5 AGR-BRK-TR pos=(-5.03,+2.59) yaw= +51.2 d=0.54 goal_err=+5 carrot_err=  +9 c0=1.10 clear=0.73 prog=0.00 rel=0.86 bal=+0.19 obs=135 hard=127 obsc=133 yr= 19G nz=0.07 flt=0.00 dmap=+2/-0 shz=3.2 plan=0 cmd=(lx=+0.00,ly=+0.00,rx=-0.45)
  t=213.9 AGR-BRK-TR pos=(-5.03,+2.59) yaw= +59.2 d=0.54 goal_err=-3 carrot_err=  +1 c0=1.10 clear=0.73 prog=0.00 rel=0.93 bal=+0.19 obs=135 hard=127 obsc=133 yr= 19G nz=0.07 flt=0.13 dmap=+0/-0 shz=3.2 plan=0 cmd=(lx=+0.00,ly=+0.00,rx=-0.45)
  t=214.3 AGR-BRK-TR pos=(-5.03,+2.59) yaw= +67.2 d=0.54 goal_err=-11 carrot_err=  -7 c0=1.10 clear=0.73 prog=0.00 rel=0.93 bal=+0.18 obs=135 hard=127 obsc=133 yr= 19G nz=0.07 flt=0.25 dmap=+0/-0 shz=3.2 plan=0 cmd=(lx=+0.00,ly=+0.00,rx=-0.45)
  t=214.7 AGR-BRK-TR pos=(-5.03,+2.59) yaw= +75.2 d=0.54 goal_err=-19 carrot_err= -15 c0=1.10 clear=0.73 prog=0.00 rel=0.86 bal=+0.18 obs=135 hard=127 obsc=133 yr= 19G nz=0.07 flt=0.11 dmap=+0/-0 shz=3.2 plan=0 cmd=(lx=+0.00,ly=+0.00,rx=-0.45)
  t=215.2 AGR-BRK-TR pos=(-5.03,+2.59) yaw= +83.3 d=0.54 goal_err=-27 carrot_err= -23 c0=1.10 clear=0.73 prog=0.00 rel=0.97 bal=+0.18 obs=135 hard=127 obsc=133 yr= 19G nz=0.03 flt=0.06 dmap=+0/-0 shz=3.2 plan=0 cmd=(lx=+0.00,ly=+0.00,rx=-0.45)
  t=215.6 AGR-DWA-F pos=(-5.03,+2.61) yaw= +87.3 d=0.53 goal_err=-32 carrot_err= -28 c0=1.06 clear=0.71 prog=0.02 rel=0.95 bal=-0.30 obs=134 hard=124 obsc=132 yr=  0  nz=0.05 flt=0.05 dmap=+0/-0 shz=3.2 plan=3 cmd=(lx=+0.00,ly=+0.40,rx=+0.00)
  t=216.0 AGR-DWA-F pos=(-5.03,+2.64) yaw= +87.3 d=0.50 goal_err=-34 carrot_err= -30 c0=1.03 clear=0.69 prog=0.07 rel=0.94 bal=-0.30 obs=130 hard=123 obsc=128 yr=  0  nz=0.06 flt=0.03 dmap=+0/-0 shz=3.2 plan=3 cmd=(lx=+0.00,ly=+0.28,rx=+0.45)
  t=216.4 AGR-DWA-T pos=(-5.03,+2.67) yaw= +83.3 d=0.47 goal_err=-32 carrot_err= -28 c0=1.02 clear=0.68 prog=0.11 rel=0.93 bal=-0.30 obs=130 hard=123 obsc=128 yr=  0  nz=0.07 flt=0.03 dmap=+0/-0 shz=3.2 plan=3 cmd=(lx=+0.00,ly=+0.00,rx=+0.00)
  t=216.9 AGR-DWA-T pos=(-5.03,+2.68) yaw= +83.3 d=0.47 goal_err=-33 carrot_err= -28 c0=1.20 clear=0.80 prog=0.12 rel=0.88 bal=-0.30 obs=128 hard=124 obsc=129 yr=  0  nz=0.12 flt=0.01 dmap=+0/-0 shz=3.4 plan=3 cmd=(lx=+0.00,ly=+0.00,rx=+0.00)
  t=217.3 AGR-DWA-T pos=(-5.03,+2.68) yaw= +83.3 d=0.47 goal_err=-33 carrot_err= -28 c0=1.20 clear=0.80 prog=0.12 rel=0.88 bal=-0.30 obs=128 hard=124 obsc=129 yr=  0  nz=0.12 flt=0.01 dmap=+0/-0 shz=3.4 plan=3 cmd=(lx=+0.00,ly=+0.00,rx=+0.00)
  t=217.7 AGR-DWA-T pos=(-5.03,+2.68) yaw= +83.3 d=0.47 goal_err=-33 carrot_err= -28 c0=1.20 clear=0.80 prog=0.08 rel=0.88 bal=-0.30 obs=128 hard=124 obsc=129 yr=  0  nz=0.12 flt=0.01 dmap=+0/-0 shz=3.4 plan=0 cmd=(lx=+0.00,ly=+0.00,rx=+0.00)
  t=218.2 AGR-BRK-BK pos=(-5.03,+2.66) yaw= +83.3 d=0.48 goal_err=-32 carrot_err= -27 c0=1.21 clear=0.81 prog=0.01 rel=0.88 bal=-0.30 obs=128 hard=124 obsc=129 yr=  0  nz=0.12 flt=0.01 dmap=+0/-0 shz=3.4 plan=0 cmd=(lx=+0.00,ly=-0.35,rx=+0.00)
  t=218.6 AGR-BRK-TR pos=(-5.03,+2.63) yaw= +79.3 d=0.51 goal_err=-25 carrot_err= -21 c0=1.16 clear=0.77 prog=0.00 rel=0.94 bal=+0.16 obs=129 hard=124 obsc=127 yr= 19G nz=0.07 flt=0.06 dmap=+0/-0 shz=3.2 plan=0 cmd=(lx=+0.00,ly=+0.00,rx=+0.45)
  t=219.0 AGR-BRK-TR pos=(-5.03,+2.63) yaw= +71.2 d=0.51 goal_err=-17 carrot_err= -13 c0=1.16 clear=0.77 prog=0.00 rel=0.94 bal=+0.16 obs=131 hard=126 obsc=129 yr= 19G nz=0.06 flt=0.00 dmap=+2/-0 shz=3.2 plan=0 cmd=(lx=+0.00,ly=+0.00,rx=+0.45)
  t=219.4 AGR-BRK-TR pos=(-5.03,+2.63) yaw= +63.2 d=0.51 goal_err=-9 carrot_err=  -5 c0=1.14 clear=0.76 prog=0.00 rel=0.94 bal=+0.16 obs=131 hard=126 obsc=129 yr= 19G nz=0.06 flt=0.08 dmap=+0/-0 shz=3.2 plan=0 cmd=(lx=+0.00,ly=+0.00,rx=+0.45)
  t=219.8 AGR-BRK-TR pos=(-5.03,+2.63) yaw= +55.2 d=0.51 goal_err=-1 carrot_err=  +3 c0=1.14 clear=0.76 prog=0.00 rel=0.94 bal=+0.16 obs=131 hard=126 obsc=129 yr= 19G nz=0.06 flt=0.01 dmap=+0/-0 shz=3.2 plan=0 cmd=(lx=+0.00,ly=+0.00,rx=+0.45)
  t=220.3 AGR-BRK-TR pos=(-5.03,+2.63) yaw= +47.2 d=0.51 goal_err=+7 carrot_err= +11 c0=1.14 clear=0.76 prog=0.00 rel=0.98 bal=+0.16 obs=131 hard=126 obsc=129 yr= 19G nz=0.02 flt=0.00 dmap=+0/-0 shz=3.2 plan=0 cmd=(lx=+0.00,ly=+0.00,rx=+0.45)
  t=220.7 AGR-DWA-F pos=(-5.03,+2.63) yaw= +39.1 d=0.51 goal_err=+15 carrot_err= +19 c0=1.14 clear=0.76 prog=0.00 rel=0.98 bal=+0.16 obs=131 hard=126 obsc=129 yr= 19G nz=0.02 flt=0.13 dmap=+0/-0 shz=3.2 plan=3 cmd=(lx=+0.00,ly=+0.40,rx=+0.00)
  t=221.1 AGR-DWA-T pos=(-5.02,+2.64) yaw= +37.1 d=0.49 goal_err=+17 carrot_err= +22 c0=1.11 clear=0.74 prog=0.04 rel=0.98 bal=+0.24 obs=132 hard=126 obsc=130 yr=  0  nz=0.02 flt=0.03 dmap=+0/-0 shz=3.2 plan=3 cmd=(lx=+0.00,ly=+0.00,rx=+0.00)
  t=221.5 AGR-DWA-T pos=(-5.01,+2.64) yaw= +37.1 d=0.48 goal_err=+18 carrot_err= +22 c0=1.11 clear=0.74 prog=0.05 rel=0.97 bal=+0.24 obs=131 hard=126 obsc=130 yr=  0  nz=0.03 flt=0.00 dmap=+0/-1 shz=3.3 plan=3 cmd=(lx=+0.00,ly=+0.00,rx=+0.00)

  >>> META2 EXPERIENCE-ABORT: experiencia mala 95% en 150s con progreso +0.21m. Ninguna analogia es valida aqui: STOP y aborto (pide ayuda/reposiciona). G1_M2_ABORT=0 desactiva.
  [spill] derrames=0 E[N]=0.00 eta_max=0.97 riesgo=1.7%
  [dataset] travesia guardada -> /Users/adrianlendinezibanez/Claude/Projects/G1 ROBOT/dataset/20260708_130040_ours_B.json
  [stats] fila anadida -> /Users/adrianlendinezibanez/Claude/Projects/G1 ROBOT/dataset/runs_stats.csv

Fin goto.
  [META2-L2] estado guardado (meta2_state_abctrl.json): Pl={'Efficient_Nav': 1.0, 'Cautious_Nav': 1.0} derrames_run=0
  backend grafico: TkAgg
>>> SIM ADAPTER: conectando a rosbridge ws://localhost:8765 ...
  esperando /odom (hasta 30s; el mundo del lab tarda en cargar)... ok
  /odom OK pose=(+0.99,+0.57) | /scan: OK
  escenario LAB: mapa/waypoints/puerta REALES (lab.world solo-paredes, frame G1)

>>> GOTO 'B' -> (-4.73,+3.04). Mando en mano (L2+B). Ctrl+C aborta.
    ENTORNO: SIM (id: lab_v1_ab_ctrl)  — esta run se registra como SIMULACION, no cuenta como run de robot
  Esperando pose localizada y primera nube... ok.
  FRAME-CHECK start=(+0.99,+0.57) wp_mas_cercano=A(+0.99,+0.57) offset=0.00m  -> frame OK (pose y waypoints alineados)
  [spill] payload de agua simulado (semilla=20260708_130956_ours_B.json)
  META2 ACTIVO (techo por analogia): Meta-Reasoner 2.0, analogia inicial Cautious_Nav

  !!!!!!!!!!!!!!!!!!!!!!!!!!!!!!!!!!!!!!!!!!!!!!!!!!!!!!!!!!!!!!!!!!!!!!!!!!
  !!  VISION OFF (G1_PERC sin definir) pero G1_NOVIS=1: navego SIN vision bajo tu responsabilidad.
  !!  La MESA invisible al LiDAR no se vera.
  !!!!!!!!!!!!!!!!!!!!!!!!!!!!!!!!!!!!!!!!!!!!!!!!!!!!!!!!!!!!!!!!!!!!!!!!!!

  mapa de referencia: 961 celdas | muebles estaticos (nav_map): 0 celdas | plan global: static
  t=  0.0 DWA-F pos=(+0.99,+0.57) yaw=-120.3 d=6.23 goal_err=-83 carrot_err= -62 c0=2.25 clear=1.00 prog=0.00 rel=1.00 bal=+0.19 obs=108 hard=108 obsc=108 yr=  0  nz=0.00 flt=0.19 dmap=+108/-0 shz=0.0 plan=34 cmd=(lx=+0.00,ly=+0.40,rx=+0.45)
  t=  0.4 DWA-F pos=(+0.97,+0.53) yaw=-126.3 d=6.22 goal_err=-77 carrot_err= -59 c0=2.21 clear=1.00 prog=0.05 rel=0.99 bal=+0.28 obs=111 hard=111 obsc=111 yr= 19G nz=0.01 flt=0.13 dmap=+0/-0 shz=4.8 plan=34 cmd=(lx=+0.00,ly=+0.40,rx=+0.45)
  t=  0.8 DWA-F pos=(+0.93,+0.49) yaw=-134.4 d=6.21 goal_err=-70 carrot_err= -55 c0=2.28 clear=1.00 prog=0.09 rel=0.95 bal=+0.41 obs=112 hard=112 obsc=112 yr= 19G nz=0.04 flt=0.01 dmap=+0/-0 shz=4.0 plan=34 cmd=(lx=+0.00,ly=+0.40,rx=+0.45)
  t=  1.3 DWA-F pos=(+0.88,+0.45) yaw=-142.4 d=6.18 goal_err=-62 carrot_err= -35 c0=2.50 clear=1.00 prog=0.12 rel=0.95 bal=+0.41 obs=126 hard=125 obsc=156 yr= 19  nz=0.04 flt=0.05 dmap=+14/-0 shz=3.9 plan=34 cmd=(lx=+0.00,ly=+0.40,rx=+0.00)
  t=  1.7 DWA-F pos=(+0.84,+0.41) yaw=-142.4 d=6.16 goal_err=-63 carrot_err= -37 c0=2.50 clear=1.00 prog=0.14 rel=0.81 bal=+0.42 obs=153 hard=132 obsc=165 yr=  0  nz=0.19 flt=0.02 dmap=+8/-0 shz=4.1 plan=33 cmd=(lx=+0.00,ly=+0.40,rx=+0.45)
  t=  2.1 DWA-F pos=(+0.79,+0.37) yaw=-148.4 d=6.13 goal_err=-57 carrot_err= -34 c0=2.50 clear=1.00 prog=0.17 rel=0.79 bal=+0.43 obs=153 hard=132 obsc=165 yr= 19  nz=0.21 flt=0.00 dmap=+0/-0 shz=4.0 plan=33 cmd=(lx=+0.00,ly=+0.40,rx=+0.00)
  t=  2.6 DWA-F pos=(+0.73,+0.34) yaw=-150.4 d=6.09 goal_err=-56 carrot_err= -34 c0=2.50 clear=1.00 prog=0.21 rel=1.00 bal=+0.44 obs=155 hard=136 obsc=170 yr=  0  nz=0.00 flt=0.00 dmap=+0/-0 shz=4.1 plan=33 cmd=(lx=+0.00,ly=+0.40,rx=+0.00)
  t=  3.0 DWA-F pos=(+0.69,+0.32) yaw=-150.4 d=6.07 goal_err=-56 carrot_err= -35 c0=2.50 clear=1.00 prog=0.22 rel=0.99 bal=+0.44 obs=156 hard=147 obsc=167 yr=  0G nz=0.01 flt=0.00 dmap=+0/-0 shz=4.0 plan=33 cmd=(lx=+0.00,ly=+0.40,rx=+0.00)
  t=  3.4 DWA-F pos=(+0.66,+0.30) yaw=-152.4 d=6.04 goal_err=-55 carrot_err= -34 c0=2.50 clear=1.00 prog=0.22 rel=0.99 bal=+0.44 obs=157 hard=152 obsc=167 yr=  0  nz=0.01 flt=0.01 dmap=+0/-0 shz=4.1 plan=32 cmd=(lx=+0.00,ly=+0.40,rx=+0.00)
  t=  3.9 DWA-F pos=(+0.62,+0.28) yaw=-152.4 d=6.02 goal_err=-55 carrot_err= -36 c0=2.50 clear=1.00 prog=0.22 rel=0.99 bal=+0.37 obs=158 hard=155 obsc=168 yr=  0  nz=0.01 flt=0.00 dmap=+0/-0 shz=4.0 plan=32 cmd=(lx=+0.00,ly=+0.40,rx=+0.00)
  t=  4.3 DWA-F pos=(+0.57,+0.25) yaw=-154.4 d=5.99 goal_err=-53 carrot_err= -36 c0=2.50 clear=1.00 prog=0.21 rel=0.99 bal=+0.37 obs=158 hard=157 obsc=168 yr= 19G nz=0.01 flt=0.16 dmap=+0/-0 shz=4.0 plan=32 cmd=(lx=+0.00,ly=+0.40,rx=+0.00)
  t=  4.7 DWA-F pos=(+0.53,+0.23) yaw=-156.4 d=5.96 goal_err=-52 carrot_err= -21 c0=2.50 clear=1.00 prog=0.21 rel=0.99 bal=+0.39 obs=161 hard=159 obsc=170 yr=  0  nz=0.01 flt=0.00 dmap=+0/-0 shz=4.0 plan=32 cmd=(lx=+0.00,ly=+0.40,rx=+0.00)
  t=  5.2 DWA-F pos=(+0.49,+0.22) yaw=-156.4 d=5.93 goal_err=-52 carrot_err= -23 c0=2.50 clear=1.00 prog=0.21 rel=0.99 bal=+0.40 obs=161 hard=160 obsc=170 yr=  0  nz=0.01 flt=0.00 dmap=+0/-0 shz=4.0 plan=32 cmd=(lx=+0.00,ly=+0.40,rx=+0.00)
  t=  5.6 DWA-F pos=(+0.44,+0.20) yaw=-156.4 d=5.90 goal_err=-52 carrot_err= -24 c0=2.50 clear=1.00 prog=0.22 rel=0.99 bal=+0.41 obs=162 hard=161 obsc=170 yr=  0  nz=0.01 flt=0.01 dmap=+0/-0 shz=4.0 plan=32 cmd=(lx=+0.00,ly=+0.40,rx=+0.00)
  t=  6.0 DWA-F pos=(+0.40,+0.18) yaw=-156.4 d=5.88 goal_err=-53 carrot_err= -25 c0=2.50 clear=1.00 prog=0.22 rel=0.99 bal=+0.42 obs=164 hard=162 obsc=173 yr=  0  nz=0.01 flt=0.00 dmap=+3/-1 shz=4.0 plan=32 cmd=(lx=+0.00,ly=+0.40,rx=+0.00)
  t=  6.5 DWA-F pos=(+0.35,+0.16) yaw=-156.4 d=5.84 goal_err=-53 carrot_err= -27 c0=2.50 clear=1.00 prog=0.22 rel=0.99 bal=+0.44 obs=164 hard=161 obsc=172 yr=  0  nz=0.01 flt=0.00 dmap=+0/-0 shz=4.0 plan=31 cmd=(lx=+0.00,ly=+0.40,rx=+0.00)
  t=  6.9 DWA-F pos=(+0.31,+0.14) yaw=-156.4 d=5.82 goal_err=-53 carrot_err= -28 c0=2.50 clear=1.00 prog=0.22 rel=0.99 bal=+0.44 obs=165 hard=162 obsc=173 yr=  0  nz=0.01 flt=0.00 dmap=+0/-0 shz=4.0 plan=31 cmd=(lx=+0.00,ly=+0.40,rx=+0.00)
  t=  7.3 DWA-F pos=(+0.27,+0.12) yaw=-156.4 d=5.79 goal_err=-54 carrot_err= -16 c0=2.50 clear=1.00 prog=0.22 rel=0.99 bal=+0.45 obs=165 hard=164 obsc=173 yr=  0  nz=0.01 flt=0.00 dmap=+0/-0 shz=4.0 plan=31 cmd=(lx=+0.00,ly=+0.40,rx=+0.00)
  t=  7.7 DWA-F pos=(+0.23,+0.11) yaw=-156.4 d=5.76 goal_err=-54 carrot_err= -16 c0=2.50 clear=1.00 prog=0.22 rel=0.99 bal=+0.45 obs=165 hard=165 obsc=174 yr=  0  nz=0.01 flt=0.00 dmap=+0/-0 shz=4.0 plan=30 cmd=(lx=+0.00,ly=+0.40,rx=+0.00)
  t=  8.2 DWA-F pos=(+0.18,+0.08) yaw=-156.4 d=5.73 goal_err=-55 carrot_err= -18 c0=2.50 clear=1.00 prog=0.23 rel=0.99 bal=+0.39 obs=166 hard=165 obsc=174 yr=  0  nz=0.01 flt=0.00 dmap=+0/-0 shz=4.0 plan=30 cmd=(lx=+0.00,ly=+0.40,rx=+0.00)
  t=  8.6 DWA-F pos=(+0.14,+0.07) yaw=-156.4 d=5.71 goal_err=-55 carrot_err= -19 c0=2.49 clear=1.00 prog=0.21 rel=0.98 bal=+0.39 obs=168 hard=166 obsc=175 yr=  0  nz=0.02 flt=0.01 dmap=+0/-0 shz=4.0 plan=30 cmd=(lx=+0.00,ly=+0.40,rx=+0.00)
  t=  9.0 DWA-F pos=(+0.10,+0.05) yaw=-156.4 d=5.68 goal_err=-55 carrot_err= -21 c0=2.44 clear=1.00 prog=0.21 rel=0.96 bal=+0.40 obs=169 hard=168 obsc=178 yr=  0  nz=0.04 flt=0.00 dmap=+0/-1 shz=4.0 plan=30 cmd=(lx=+0.00,ly=+0.40,rx=+0.00)
  t=  9.5 DWA-F pos=(+0.06,+0.03) yaw=-156.4 d=5.66 goal_err=-56 carrot_err= -22 c0=2.40 clear=1.00 prog=0.21 rel=0.94 bal=+0.40 obs=168 hard=168 obsc=178 yr=  0  nz=0.07 flt=0.00 dmap=+0/-0 shz=4.0 plan=29 cmd=(lx=+0.00,ly=+0.40,rx=+0.00)
  t=  9.9 DWA-F pos=(+0.02,+0.01) yaw=-156.4 d=5.63 goal_err=-56 carrot_err= -23 c0=2.35 clear=1.00 prog=0.21 rel=0.93 bal=+0.40 obs=171 hard=170 obsc=179 yr=  0  nz=0.07 flt=0.01 dmap=+0/-0 shz=4.0 plan=29 cmd=(lx=+0.00,ly=+0.40,rx=+0.00)
  t= 10.3 DWA-F pos=(-0.02,-0.01) yaw=-156.4 d=5.61 goal_err=-56 carrot_err= -24 c0=2.31 clear=1.00 prog=0.19 rel=0.92 bal=+0.42 obs=171 hard=170 obsc=179 yr=  0  nz=0.08 flt=0.01 dmap=+0/-1 shz=4.0 plan=29 cmd=(lx=+0.00,ly=+0.40,rx=+0.00)
  t= 10.8 DWA-F pos=(-0.07,-0.03) yaw=-156.4 d=5.58 goal_err=-57 carrot_err= -26 c0=2.25 clear=1.00 prog=0.20 rel=0.92 bal=+0.44 obs=172 hard=169 obsc=179 yr=  0  nz=0.08 flt=0.00 dmap=+0/-0 shz=4.0 plan=29 cmd=(lx=+0.00,ly=+0.40,rx=+0.00)
  t= 11.2 DWA-F pos=(-0.11,-0.05) yaw=-156.4 d=5.55 goal_err=-57 carrot_err= -27 c0=2.21 clear=1.00 prog=0.20 rel=0.91 bal=+0.45 obs=176 hard=172 obsc=182 yr=  0  nz=0.09 flt=0.02 dmap=+0/-0 shz=4.0 plan=29 cmd=(lx=+0.00,ly=+0.40,rx=+0.00)
  t= 11.6 DWA-F pos=(-0.16,-0.06) yaw=-156.4 d=5.53 goal_err=-58 carrot_err= -28 c0=2.17 clear=1.00 prog=0.20 rel=0.92 bal=+0.47 obs=175 hard=171 obsc=180 yr=  0  nz=0.08 flt=0.01 dmap=+0/-0 shz=4.0 plan=29 cmd=(lx=+0.00,ly=+0.40,rx=+0.00)
  t= 12.1 DWA-F pos=(-0.20,-0.08) yaw=-156.4 d=5.50 goal_err=-58 carrot_err= -29 c0=2.12 clear=1.00 prog=0.20 rel=0.92 bal=+0.49 obs=176 hard=173 obsc=182 yr=  0  nz=0.08 flt=0.03 dmap=+1/-1 shz=4.0 plan=29 cmd=(lx=+0.00,ly=+0.40,rx=+0.00)
  t= 12.5 DWA-F pos=(-0.24,-0.10) yaw=-156.4 d=5.48 goal_err=-59 carrot_err= -31 c0=2.08 clear=1.00 prog=0.18 rel=0.92 bal=+0.50 obs=177 hard=172 obsc=183 yr=  0  nz=0.08 flt=0.00 dmap=+0/-0 shz=4.0 plan=28 cmd=(lx=+0.00,ly=+0.40,rx=+0.00)
  t= 12.9 DWA-F pos=(-0.29,-0.12) yaw=-156.4 d=5.45 goal_err=-59 carrot_err= -33 c0=2.02 clear=1.00 prog=0.19 rel=0.92 bal=+0.51 obs=178 hard=175 obsc=184 yr=  0  nz=0.09 flt=0.00 dmap=+0/-0 shz=4.0 plan=28 cmd=(lx=+0.00,ly=+0.40,rx=+0.00)
  t= 13.4 DWA-F pos=(-0.33,-0.14) yaw=-156.4 d=5.43 goal_err=-59 carrot_err= -33 c0=1.98 clear=1.00 prog=0.19 rel=0.91 bal=+0.52 obs=179 hard=177 obsc=184 yr=  0  nz=0.09 flt=0.01 dmap=+1/-0 shz=4.0 plan=28 cmd=(lx=+0.00,ly=+0.40,rx=+0.00)
  t= 13.8 DWA-F pos=(-0.37,-0.16) yaw=-156.4 d=5.41 goal_err=-60 carrot_err= -34 c0=1.94 clear=1.00 prog=0.19 rel=0.92 bal=+0.52 obs=179 hard=177 obsc=184 yr=  0  nz=0.08 flt=0.00 dmap=+0/-0 shz=4.0 plan=27 cmd=(lx=+0.00,ly=+0.40,rx=+0.00)
  t= 14.2 DWA-F pos=(-0.41,-0.17) yaw=-156.4 d=5.38 goal_err=-60 carrot_err= -36 c0=1.89 clear=1.00 prog=0.18 rel=0.92 bal=+0.53 obs=178 hard=178 obsc=185 yr=  0  nz=0.09 flt=0.02 dmap=+0/-0 shz=4.0 plan=27 cmd=(lx=+0.00,ly=+0.40,rx=+0.00)
  t= 14.7 DWA-F pos=(-0.45,-0.19) yaw=-156.4 d=5.36 goal_err=-61 carrot_err= -38 c0=1.85 clear=1.00 prog=0.17 rel=0.91 bal=+0.53 obs=179 hard=178 obsc=185 yr=  0G nz=0.09 flt=0.00 dmap=+0/-0 shz=4.0 plan=27 cmd=(lx=+0.00,ly=+0.40,rx=+0.45)
  t= 15.1 DWA-F pos=(-0.50,-0.21) yaw=-162.4 d=5.33 goal_err=-55 carrot_err= -34 c0=1.79 clear=1.00 prog=0.18 rel=0.91 bal=+0.55 obs=193 hard=189 obsc=198 yr=  0  nz=0.09 flt=0.00 dmap=+3/-0 shz=4.0 plan=27 cmd=(lx=+0.00,ly=+0.40,rx=+0.00)
  t= 15.5 DWA-F pos=(-0.54,-0.22) yaw=-166.4 d=5.31 goal_err=-52 carrot_err= -40 c0=1.75 clear=1.00 prog=0.19 rel=0.92 bal=+0.55 obs=193 hard=189 obsc=198 yr= 19G nz=0.08 flt=0.01 dmap=+0/-0 shz=4.0 plan=26 cmd=(lx=+0.00,ly=+0.40,rx=+0.45)
  t= 15.9 DWA-F pos=(-0.59,-0.23) yaw=-170.5 d=5.28 goal_err=-48 carrot_err= -38 c0=1.71 clear=1.00 prog=0.20 rel=0.92 bal=+0.56 obs=194 hard=187 obsc=198 yr=  0  nz=0.08 flt=0.09 dmap=+0/-0 shz=4.0 plan=26 cmd=(lx=+0.00,ly=+0.40,rx=+0.00)
  t= 16.4 DWA-F pos=(-0.63,-0.24) yaw=-170.5 d=5.25 goal_err=-48 carrot_err= -39 c0=1.84 clear=1.00 prog=0.22 rel=0.92 bal=+0.56 obs=194 hard=189 obsc=199 yr=  0G nz=0.08 flt=0.00 dmap=+0/-0 shz=4.0 plan=26 cmd=(lx=+0.00,ly=+0.40,rx=+0.45)
  t= 16.8 DWA-F pos=(-0.68,-0.25) yaw=-174.5 d=5.22 goal_err=-45 carrot_err= -37 c0=1.88 clear=1.00 prog=0.23 rel=0.89 bal=+0.56 obs=194 hard=191 obsc=199 yr=  0  nz=0.11 flt=0.01 dmap=+0/-0 shz=3.9 plan=26 cmd=(lx=+0.00,ly=+0.40,rx=+0.00)
  t= 17.2 DWA-F pos=(-0.72,-0.25) yaw=-176.5 d=5.19 goal_err=-43 carrot_err= -37 c0=1.84 clear=1.00 prog=0.23 rel=0.90 bal=+0.53 obs=192 hard=191 obsc=200 yr= 18G nz=0.10 flt=0.01 dmap=+0/-0 shz=4.0 plan=26 cmd=(lx=+0.00,ly=+0.40,rx=+0.00)
  t= 17.7 DWA-F pos=(-0.78,-0.25) yaw=+179.5 d=5.14 goal_err=-39 carrot_err= -35 c0=1.97 clear=1.00 prog=0.26 rel=0.95 bal=+0.54 obs=194 hard=191 obsc=198 yr=  0  nz=0.05 flt=0.00 dmap=+0/-0 shz=3.9 plan=26 cmd=(lx=+0.00,ly=+0.40,rx=+0.00)
  t= 18.1 DWA-F pos=(-0.82,-0.25) yaw=+179.5 d=5.11 goal_err=-40 carrot_err= -37 c0=1.93 clear=1.00 prog=0.27 rel=0.90 bal=+0.55 obs=194 hard=192 obsc=198 yr=  0  nz=0.10 flt=0.01 dmap=+0/-0 shz=4.0 plan=26 cmd=(lx=+0.00,ly=+0.40,rx=+0.45)
  t= 18.5 DWA-F pos=(-0.86,-0.25) yaw=+177.5 d=5.08 goal_err=-38 carrot_err= -29 c0=1.94 clear=1.00 prog=0.27 rel=0.89 bal=+0.55 obs=198 hard=191 obsc=202 yr=  0  nz=0.11 flt=0.13 dmap=+0/-0 shz=3.9 plan=25 cmd=(lx=+0.00,ly=+0.40,rx=+0.00)
  t= 19.0 DWA-F pos=(-0.91,-0.25) yaw=+177.5 d=5.04 goal_err=-38 carrot_err= -30 c0=1.89 clear=1.00 prog=0.28 rel=0.90 bal=+0.53 obs=199 hard=197 obsc=202 yr=  0  nz=0.10 flt=0.00 dmap=+1/-0 shz=3.9 plan=25 cmd=(lx=+0.00,ly=+0.40,rx=+0.00)
  t= 19.4 DWA-F pos=(-0.95,-0.25) yaw=+177.5 d=5.01 goal_err=-39 carrot_err= -32 c0=1.85 clear=1.00 prog=0.27 rel=0.93 bal=+0.51 obs=197 hard=195 obsc=201 yr=  0  nz=0.07 flt=0.00 dmap=+0/-1 shz=4.0 plan=25 cmd=(lx=+0.00,ly=+0.40,rx=+0.00)
  t= 19.8 DWA-F pos=(-1.01,-0.24) yaw=+177.5 d=4.96 goal_err=-39 carrot_err= -37 c0=1.79 clear=1.00 prog=0.28 rel=0.91 bal=+0.34 obs=194 hard=192 obsc=200 yr=  0  nz=0.09 flt=0.00 dmap=+0/-0 shz=3.9 plan=24 cmd=(lx=+0.00,ly=+0.40,rx=+0.00)
  t= 20.3 DWA-F pos=(-1.05,-0.24) yaw=+177.5 d=4.93 goal_err=-39 carrot_err= -38 c0=1.75 clear=1.00 prog=0.28 rel=0.90 bal=+0.33 obs=195 hard=191 obsc=198 yr=  0G nz=0.10 flt=0.02 dmap=+0/-0 shz=4.0 plan=24 cmd=(lx=+0.00,ly=+0.40,rx=+0.45)
  t= 20.7 DWA-F pos=(-1.10,-0.24) yaw=+173.5 d=4.89 goal_err=-36 carrot_err= -36 c0=1.70 clear=1.00 prog=0.28 rel=0.89 bal=+0.32 obs=204 hard=200 obsc=207 yr=  0  nz=0.10 flt=0.01 dmap=+0/-0 shz=3.9 plan=24 cmd=(lx=+0.00,ly=+0.40,rx=+0.00)
  t= 21.1 DWA-F pos=(-1.14,-0.23) yaw=+173.5 d=4.86 goal_err=-36 carrot_err= -37 c0=1.66 clear=1.00 prog=0.29 rel=0.91 bal=+0.31 obs=203 hard=201 obsc=207 yr=  0  nz=0.09 flt=0.02 dmap=+0/-0 shz=4.0 plan=24 cmd=(lx=+0.00,ly=+0.40,rx=+0.45)
  t= 21.6 DWA-F pos=(-1.20,-0.22) yaw=+171.5 d=4.81 goal_err=-34 carrot_err= -29 c0=1.60 clear=1.00 prog=0.30 rel=0.92 bal=+0.29 obs=202 hard=200 obsc=207 yr=  0  nz=0.09 flt=0.00 dmap=+0/-0 shz=3.9 plan=23 cmd=(lx=+0.00,ly=+0.40,rx=+0.00)
  t= 22.0 DWA-F pos=(-1.24,-0.22) yaw=+171.5 d=4.77 goal_err=-35 carrot_err= -31 c0=1.56 clear=1.00 prog=0.29 rel=0.92 bal=+0.28 obs=197 hard=198 obsc=206 yr=  0  nz=0.08 flt=0.02 dmap=+0/-5 shz=3.9 plan=23 cmd=(lx=+0.00,ly=+0.40,rx=+0.00)
  t= 22.4 DWA-F pos=(-1.28,-0.21) yaw=+171.5 d=4.74 goal_err=-35 carrot_err= -32 c0=1.52 clear=1.00 prog=0.29 rel=0.91 bal=+0.27 obs=196 hard=196 obsc=202 yr=  0  nz=0.09 flt=0.00 dmap=+2/-3 shz=4.0 plan=23 cmd=(lx=+0.00,ly=+0.40,rx=+0.00)
  t= 22.9 DWA-F pos=(-1.33,-0.20) yaw=+171.5 d=4.70 goal_err=-35 carrot_err= -16 c0=1.47 clear=0.98 prog=0.29 rel=0.92 bal=+0.26 obs=195 hard=192 obsc=199 yr=  0  nz=0.08 flt=0.00 dmap=+0/-0 shz=3.9 plan=22 cmd=(lx=+0.00,ly=+0.40,rx=+0.00)
  t= 23.3 DWA-F pos=(-1.37,-0.20) yaw=+171.5 d=4.66 goal_err=-35 carrot_err= -17 c0=1.43 clear=0.95 prog=0.29 rel=0.92 bal=+0.26 obs=196 hard=192 obsc=199 yr=  0  nz=0.08 flt=0.00 dmap=+0/-0 shz=4.0 plan=22 cmd=(lx=+0.00,ly=+0.40,rx=+0.00)
  t= 23.7 DWA-F pos=(-1.43,-0.19) yaw=+171.5 d=4.62 goal_err=-36 carrot_err= -18 c0=1.37 clear=0.92 prog=0.29 rel=0.91 bal=+0.25 obs=198 hard=194 obsc=201 yr=  0  nz=0.10 flt=0.01 dmap=+1/-0 shz=4.0 plan=22 cmd=(lx=+0.00,ly=+0.40,rx=+0.00)
  t= 24.2 DWA-F pos=(-1.47,-0.18) yaw=+171.5 d=4.58 goal_err=-36 carrot_err= -19 c0=1.33 clear=0.89 prog=0.29 rel=0.92 bal=+0.10 obs=197 hard=195 obsc=201 yr=  0  nz=0.08 flt=0.01 dmap=+0/-0 shz=4.0 plan=22 cmd=(lx=+0.00,ly=+0.40,rx=+0.00)
  t= 24.6 DWA-F pos=(-1.51,-0.18) yaw=+171.5 d=4.55 goal_err=-37 carrot_err= -20 c0=1.29 clear=0.86 prog=0.29 rel=0.92 bal=+0.10 obs=198 hard=197 obsc=202 yr=  0  nz=0.08 flt=0.01 dmap=+0/-0 shz=4.0 plan=22 cmd=(lx=+0.00,ly=+0.40,rx=+0.00)
  t= 25.0 DWA-F pos=(-1.56,-0.17) yaw=+171.5 d=4.51 goal_err=-37 carrot_err= -22 c0=1.24 clear=0.83 prog=0.29 rel=0.92 bal=+0.10 obs=199 hard=197 obsc=202 yr=  0  nz=0.08 flt=0.02 dmap=+0/-0 shz=4.0 plan=22 cmd=(lx=+0.00,ly=+0.40,rx=+0.00)
  t= 25.5 DWA-F pos=(-1.60,-0.16) yaw=+171.5 d=4.48 goal_err=-37 carrot_err= -27 c0=1.20 clear=0.80 prog=0.28 rel=0.92 bal=+0.10 obs=198 hard=198 obsc=203 yr=  0  nz=0.08 flt=0.01 dmap=+1/-1 shz=4.0 plan=22 cmd=(lx=+0.00,ly=+0.40,rx=+0.00)
  t= 25.9 DWA-F pos=(-1.65,-0.16) yaw=+171.5 d=4.44 goal_err=-38 carrot_err= -28 c0=1.15 clear=0.77 prog=0.27 rel=0.91 bal=+0.10 obs=198 hard=197 obsc=202 yr=  0  nz=0.09 flt=0.02 dmap=+0/-0 shz=3.9 plan=21 cmd=(lx=+0.00,ly=+0.40,rx=+0.00)
  t= 26.3 DWA-F pos=(-1.68,-0.15) yaw=+171.5 d=4.42 goal_err=-38 carrot_err= -29 c0=1.12 clear=0.75 prog=0.26 rel=0.92 bal=+0.09 obs=197 hard=196 obsc=201 yr=  0  nz=0.08 flt=0.02 dmap=+0/-0 shz=4.0 plan=21 cmd=(lx=+0.00,ly=+0.40,rx=+0.00)
  t= 26.7 DWA-F pos=(-1.72,-0.15) yaw=+171.5 d=4.38 goal_err=-38 carrot_err= -30 c0=1.08 clear=0.72 prog=0.26 rel=0.92 bal=+0.09 obs=199 hard=197 obsc=202 yr=  0  nz=0.08 flt=0.00 dmap=+2/-0 shz=4.0 plan=21 cmd=(lx=+0.00,ly=+0.40,rx=+0.00)
  t= 27.2 DWA-F pos=(-1.77,-0.14) yaw=+171.5 d=4.35 goal_err=-39 carrot_err= -33 c0=1.03 clear=0.69 prog=0.26 rel=0.92 bal=+0.09 obs=198 hard=196 obsc=202 yr=  0  nz=0.08 flt=0.02 dmap=+0/-0 shz=4.0 plan=21 cmd=(lx=+0.00,ly=+0.40,rx=+0.00)
  t= 27.6 DWA-F pos=(-1.81,-0.13) yaw=+171.5 d=4.31 goal_err=-39 carrot_err= -26 c0=0.99 clear=0.66 prog=0.26 rel=0.92 bal=+0.08 obs=199 hard=198 obsc=203 yr=  0  nz=0.09 flt=0.01 dmap=+0/-0 shz=4.0 plan=20 cmd=(lx=+0.00,ly=+0.40,rx=+0.00)
  t= 28.0 DWA-F pos=(-1.86,-0.13) yaw=+171.5 d=4.28 goal_err=-39 carrot_err= -27 c0=0.95 clear=0.63 prog=0.27 rel=0.92 bal=+0.07 obs=201 hard=197 obsc=204 yr=  0  nz=0.08 flt=0.01 dmap=+1/-0 shz=3.9 plan=20 cmd=(lx=+0.00,ly=+0.40,rx=+0.00)
  t= 28.4 DWA-F pos=(-1.90,-0.12) yaw=+171.5 d=4.24 goal_err=-40 carrot_err= -28 c0=0.90 clear=0.60 prog=0.27 rel=0.92 bal=+0.06 obs=201 hard=197 obsc=204 yr=  0  nz=0.08 flt=0.01 dmap=+0/-0 shz=4.0 plan=20 cmd=(lx=+0.00,ly=+0.40,rx=+0.00)
  t= 28.9 DWA-F pos=(-1.94,-0.11) yaw=+171.5 d=4.21 goal_err=-40 carrot_err= -22 c0=0.86 clear=0.57 prog=0.27 rel=0.93 bal=+0.06 obs=201 hard=199 obsc=205 yr=  0  nz=0.07 flt=0.01 dmap=+0/-0 shz=3.9 plan=19 cmd=(lx=+0.00,ly=+0.40,rx=+0.00)
  t= 29.3 DWA-F pos=(-2.00,-0.10) yaw=+171.5 d=4.17 goal_err=-41 carrot_err= -24 c0=0.81 clear=0.54 prog=0.28 rel=0.92 bal=+0.05 obs=203 hard=201 obsc=206 yr=  0  nz=0.08 flt=0.00 dmap=+2/-0 shz=3.9 plan=19 cmd=(lx=+0.00,ly=+0.40,rx=+0.00)
  t= 29.7 DWA-F pos=(-2.04,-0.10) yaw=+171.5 d=4.13 goal_err=-41 carrot_err= -25 c0=0.76 clear=0.51 prog=0.28 rel=0.91 bal=+0.05 obs=203 hard=203 obsc=208 yr=  0  nz=0.09 flt=0.02 dmap=+2/-2 shz=4.0 plan=19 cmd=(lx=+0.00,ly=+0.40,rx=+0.00)
  t= 30.2 DWA-F pos=(-2.09,-0.09) yaw=+171.5 d=4.10 goal_err=-41 carrot_err= -26 c0=0.72 clear=0.48 prog=0.28 rel=0.92 bal=-0.36 obs=203 hard=202 obsc=207 yr=  0  nz=0.08 flt=0.00 dmap=+0/-0 shz=3.9 plan=19 cmd=(lx=+0.00,ly=+0.40,rx=+0.00)
  t= 30.6 DWA-F pos=(-2.13,-0.08) yaw=+167.5 d=4.07 goal_err=-38 carrot_err= -26 c0=0.68 clear=0.45 prog=0.27 rel=0.93 bal=-0.23 obs=203 hard=201 obsc=207 yr= 19  nz=0.07 flt=0.15 dmap=+0/-0 shz=4.0 plan=18 cmd=(lx=+0.00,ly=+0.40,rx=+0.00)
  t= 31.0 DWA-F pos=(-2.17,-0.07) yaw=+167.5 d=4.03 goal_err=-38 carrot_err= -27 c0=0.64 clear=0.43 prog=0.26 rel=0.92 bal=-0.53 obs=205 hard=202 obsc=208 yr=  0  nz=0.08 flt=0.02 dmap=+1/-0 shz=3.9 plan=18 cmd=(lx=+0.00,ly=+0.40,rx=+0.00)
  t= 31.5 DWA-F pos=(-2.23,-0.06) yaw=+167.5 d=3.99 goal_err=-39 carrot_err= -28 c0=0.78 clear=0.52 prog=0.28 rel=0.90 bal=-0.54 obs=206 hard=203 obsc=210 yr=  0  nz=0.10 flt=0.02 dmap=+0/-0 shz=4.0 plan=18 cmd=(lx=+0.00,ly=+0.40,rx=+0.00)
  t= 31.9 DWA-F pos=(-2.27,-0.05) yaw=+167.5 d=3.95 goal_err=-39 carrot_err= -29 c0=0.74 clear=0.50 prog=0.28 rel=0.89 bal=-0.54 obs=206 hard=200 obsc=210 yr=  0  nz=0.11 flt=0.00 dmap=+0/-0 shz=3.9 plan=18 cmd=(lx=+0.00,ly=+0.40,rx=+0.00)
  t= 32.3 DWA-F pos=(-2.31,-0.04) yaw=+167.5 d=3.92 goal_err=-39 carrot_err= -31 c0=0.89 clear=0.59 prog=0.28 rel=0.90 bal=-0.55 obs=207 hard=203 obsc=211 yr=  0G nz=0.10 flt=0.03 dmap=+0/-0 shz=3.9 plan=18 cmd=(lx=+0.00,ly=+0.40,rx=+0.45)
  t= 32.8 DWA-F pos=(-2.36,-0.03) yaw=+163.5 d=3.88 goal_err=-36 carrot_err= -28 c0=0.84 clear=0.56 prog=0.28 rel=0.89 bal=-0.54 obs=213 hard=211 obsc=218 yr=  0  nz=0.11 flt=0.02 dmap=+3/-2 shz=4.0 plan=18 cmd=(lx=+0.00,ly=+0.40,rx=+0.00)
  t= 33.2 DWA-F pos=(-2.41,-0.02) yaw=+161.5 d=3.84 goal_err=-34 carrot_err= -28 c0=0.79 clear=0.53 prog=0.28 rel=0.89 bal=-0.54 obs=213 hard=211 obsc=218 yr= 18G nz=0.11 flt=0.01 dmap=+0/-0 shz=3.9 plan=18 cmd=(lx=+0.00,ly=+0.40,rx=+0.00)
  t= 33.6 DWA-F pos=(-2.45,-0.00) yaw=+159.5 d=3.80 goal_err=-33 carrot_err= -27 c0=0.75 clear=0.50 prog=0.29 rel=0.90 bal=-0.53 obs=210 hard=208 obsc=215 yr=  0  nz=0.10 flt=0.03 dmap=+0/-0 shz=4.0 plan=17 cmd=(lx=+0.00,ly=+0.40,rx=+0.00)
  t= 34.1 DWA-F pos=(-2.49,+0.01) yaw=+159.5 d=3.76 goal_err=-33 carrot_err= -29 c0=0.71 clear=0.47 prog=0.29 rel=0.90 bal=-0.49 obs=213 hard=209 obsc=217 yr=  0  nz=0.10 flt=0.00 dmap=+3/-0 shz=4.0 plan=17 cmd=(lx=+0.00,ly=+0.40,rx=+0.45)
  t= 34.5 DWA-F pos=(-2.53,+0.03) yaw=+155.5 d=3.72 goal_err=-29 carrot_err= -26 c0=1.08 clear=0.72 prog=0.30 rel=0.91 bal=-0.49 obs=213 hard=209 obsc=217 yr=  0  nz=0.09 flt=0.04 dmap=+0/-0 shz=4.0 plan=17 cmd=(lx=+0.00,ly=+0.40,rx=+0.00)
  t= 34.9 ENG-F pos=(-2.57,+0.05) yaw=+155.5 d=3.69 goal_err=-30 carrot_err= -26 c0=1.04 clear=0.69 prog=0.31 rel=0.74 bal=-0.37 obs=214 hard=212 obsc=219 yr=  0  nz=0.26 flt=0.01 dmap=+0/-0 shz=4.0 plan=17 cmd=(lx=+0.00,ly=+0.28,rx=+0.00)
  t= 35.3 ENG-F pos=(-2.61,+0.06) yaw=+155.5 d=3.65 goal_err=-30 carrot_err= -27 c0=1.00 clear=0.67 prog=0.28 rel=0.73 bal=-0.37 obs=215 hard=210 obsc=220 yr=  0  nz=0.27 flt=0.01 dmap=+1/-1 shz=4.0 plan=17 cmd=(lx=+0.00,ly=+0.28,rx=+0.00)
  t= 35.8 ENG-F pos=(-2.64,+0.08) yaw=+155.5 d=3.62 goal_err=-30 carrot_err= -28 c0=0.97 clear=0.65 prog=0.27 rel=0.76 bal=-0.37 obs=214 hard=210 obsc=218 yr=  0  nz=0.24 flt=0.03 dmap=+1/-0 shz=4.0 plan=17 cmd=(lx=+0.00,ly=+0.28,rx=+0.00)
  t= 36.2 ENG-F pos=(-2.68,+0.10) yaw=+155.5 d=3.59 goal_err=-31 carrot_err= -29 c0=0.92 clear=0.62 prog=0.28 rel=0.93 bal=-0.41 obs=215 hard=212 obsc=221 yr=  0  nz=0.07 flt=0.02 dmap=+0/-0 shz=4.0 plan=17 cmd=(lx=+0.00,ly=+0.28,rx=+0.00)
  t= 36.6 ENG-F pos=(-2.71,+0.11) yaw=+155.5 d=3.55 goal_err=-31 carrot_err= -20 c0=0.89 clear=0.59 prog=0.26 rel=0.93 bal=-0.36 obs=215 hard=212 obsc=220 yr=  0  nz=0.07 flt=0.00 dmap=+0/-0 shz=4.0 plan=16 cmd=(lx=+0.00,ly=+0.28,rx=+0.00)
  t= 37.1 ENG-F pos=(-2.75,+0.13) yaw=+155.5 d=3.52 goal_err=-31 carrot_err= -21 c0=0.86 clear=0.57 prog=0.26 rel=0.93 bal=-0.36 obs=217 hard=213 obsc=221 yr=  0  nz=0.07 flt=0.01 dmap=+1/-0 shz=4.0 plan=16 cmd=(lx=+0.00,ly=+0.28,rx=+0.00)
  t= 37.5 ENG-F pos=(-2.78,+0.14) yaw=+155.5 d=3.49 goal_err=-32 carrot_err= -22 c0=0.82 clear=0.55 prog=0.26 rel=0.93 bal=-0.30 obs=216 hard=213 obsc=221 yr=  0  nz=0.07 flt=0.01 dmap=+0/-0 shz=4.0 plan=16 cmd=(lx=+0.00,ly=+0.28,rx=+0.00)
  t= 37.9 ENG-F pos=(-2.81,+0.16) yaw=+155.5 d=3.46 goal_err=-32 carrot_err= -23 c0=0.79 clear=0.53 prog=0.24 rel=0.93 bal=-0.30 obs=216 hard=214 obsc=221 yr=  0  nz=0.07 flt=0.00 dmap=+0/-0 shz=4.0 plan=16 cmd=(lx=+0.00,ly=+0.28,rx=+0.00)
  t= 38.3 ENG-F pos=(-2.84,+0.17) yaw=+155.5 d=3.43 goal_err=-32 carrot_err= -24 c0=0.76 clear=0.50 prog=0.24 rel=0.94 bal=-0.30 obs=218 hard=215 obsc=223 yr=  0  nz=0.06 flt=0.01 dmap=+2/-0 shz=4.0 plan=16 cmd=(lx=+0.00,ly=+0.28,rx=+0.00)
  t= 38.8 ENG-F pos=(-2.89,+0.19) yaw=+155.5 d=3.39 goal_err=-33 carrot_err= -25 c0=0.71 clear=0.48 prog=0.25 rel=0.93 bal=-0.31 obs=220 hard=216 obsc=224 yr=  0  nz=0.07 flt=0.01 dmap=+0/-0 shz=4.0 plan=16 cmd=(lx=+0.00,ly=+0.28,rx=+0.00)
  t= 39.2 ENG-F pos=(-2.92,+0.21) yaw=+155.5 d=3.36 goal_err=-33 carrot_err= -26 c0=0.71 clear=0.47 prog=0.25 rel=0.92 bal=-0.19 obs=218 hard=218 obsc=224 yr=  0  nz=0.08 flt=0.00 dmap=+0/-0 shz=4.0 plan=16 cmd=(lx=+0.00,ly=+0.28,rx=+0.00)
  t= 39.6 ENG-F pos=(-2.93,+0.21) yaw=+151.4 d=3.35 goal_err=-29 carrot_err= -23 c0=0.69 clear=0.46 prog=0.23 rel=0.93 bal=-0.19 obs=230 hard=226 obsc=234 yr= 19  nz=0.07 flt=0.36 dmap=+12/-0 shz=4.0 plan=16 cmd=(lx=+0.00,ly=+0.28,rx=+0.00)
  t= 40.0 ENG-F pos=(-2.97,+0.23) yaw=+151.4 d=3.32 goal_err=-29 carrot_err= -24 c0=0.66 clear=0.44 prog=0.23 rel=0.94 bal=-0.20 obs=230 hard=228 obsc=234 yr=  0  nz=0.06 flt=0.00 dmap=+0/-0 shz=4.0 plan=16 cmd=(lx=+0.00,ly=+0.28,rx=+0.00)
  t= 40.5 ENG-F pos=(-3.00,+0.25) yaw=+151.4 d=3.29 goal_err=-30 carrot_err= -25 c0=0.62 clear=0.41 prog=0.23 rel=0.94 bal=-0.20 obs=230 hard=228 obsc=234 yr=  0  nz=0.06 flt=0.01 dmap=+0/-0 shz=4.0 plan=16 cmd=(lx=+0.00,ly=+0.28,rx=+0.00)
  t= 40.9 ENG-F pos=(-3.02,+0.26) yaw=+149.4 d=3.26 goal_err=-28 carrot_err= -24 c0=0.59 clear=0.40 prog=0.20 rel=0.94 bal=-0.24 obs=230 hard=228 obsc=235 yr= 19G nz=0.06 flt=0.18 dmap=+0/-0 shz=3.9 plan=16 cmd=(lx=+0.00,ly=+0.28,rx=+0.00)
  t= 41.3 ENG-F pos=(-3.04,+0.28) yaw=+147.4 d=3.24 goal_err=-26 carrot_err= -23 c0=0.57 clear=0.38 prog=0.19 rel=0.94 bal=-0.24 obs=228 hard=228 obsc=236 yr=  0  nz=0.07 flt=0.01 dmap=+0/-0 shz=4.0 plan=16 cmd=(lx=+0.00,ly=+0.28,rx=+0.00)
  t= 41.7 ENG-T pos=(-3.08,+0.30) yaw=+147.4 d=3.20 goal_err=-26 carrot_err= -25 c0=0.53 clear=0.35 prog=0.23 rel=0.93 bal=-0.25 obs=227 hard=224 obsc=232 yr=  0G nz=0.07 flt=0.00 dmap=+0/-0 shz=4.0 plan=16 cmd=(lx=+0.00,ly=+0.00,rx=+0.45)
  t= 42.2 ENG-F pos=(-3.10,+0.31) yaw=+143.4 d=3.18 goal_err=-23 carrot_err= -17 c0=0.58 clear=0.39 prog=0.21 rel=0.93 bal=-0.20 obs=226 hard=224 obsc=233 yr=  0  nz=0.07 flt=0.01 dmap=+1/-2 shz=4.0 plan=16 cmd=(lx=+0.00,ly=+0.28,rx=+0.00)
  t= 42.6 ENG-F pos=(-3.12,+0.33) yaw=+143.4 d=3.15 goal_err=-23 carrot_err= -18 c0=0.55 clear=0.36 prog=0.21 rel=0.95 bal=-0.19 obs=226 hard=223 obsc=231 yr=  0  nz=0.05 flt=0.00 dmap=+0/-1 shz=4.0 plan=16 cmd=(lx=+0.00,ly=+0.28,rx=+0.00)
  t= 43.0 ENG-F pos=(-3.14,+0.34) yaw=+139.4 d=3.13 goal_err=-19 carrot_err= -14 c0=0.53 clear=0.35 prog=0.21 rel=0.96 bal=-0.19 obs=226 hard=223 obsc=231 yr= 18  nz=0.04 flt=0.19 dmap=+0/-0 shz=3.9 plan=15 cmd=(lx=+0.00,ly=+0.28,rx=+0.00)
  t= 43.4 ENG-F pos=(-3.16,+0.36) yaw=+139.4 d=3.10 goal_err=-19 carrot_err= -15 c0=0.68 clear=0.45 prog=0.19 rel=0.90 bal=+0.44 obs=224 hard=224 obsc=232 yr=  0  nz=0.10 flt=0.00 dmap=+0/-0 shz=4.0 plan=15 cmd=(lx=+0.00,ly=+0.28,rx=+0.00)
  t= 43.9 ENG-F pos=(-3.18,+0.38) yaw=+135.4 d=3.08 goal_err=-15 carrot_err= -11 c0=0.66 clear=0.44 prog=0.20 rel=0.89 bal=+0.45 obs=235 hard=228 obsc=239 yr= 19  nz=0.11 flt=0.37 dmap=+9/-0 shz=4.0 plan=15 cmd=(lx=+0.00,ly=+0.28,rx=+0.00)
  t= 44.3 ENG-F pos=(-3.20,+0.40) yaw=+135.4 d=3.05 goal_err=-15 carrot_err= -12 c0=1.08 clear=0.72 prog=0.20 rel=0.71 bal=+0.47 obs=234 hard=231 obsc=239 yr=  0  nz=0.29 flt=0.01 dmap=+0/-0 shz=4.0 plan=15 cmd=(lx=+0.00,ly=+0.28,rx=+0.00)
  t= 44.7 ENG-F pos=(-3.22,+0.41) yaw=+133.4 d=3.03 goal_err=-13 carrot_err= -10 c0=1.32 clear=0.88 prog=0.18 rel=0.66 bal=+0.48 obs=234 hard=233 obsc=239 yr= 19G nz=0.34 flt=0.00 dmap=+0/-0 shz=4.0 plan=15 cmd=(lx=+0.00,ly=+0.28,rx=+0.00)
  t= 45.1 ENG-F pos=(-3.23,+0.43) yaw=+131.4 d=3.01 goal_err=-12 carrot_err=  -9 c0=0.85 clear=0.57 prog=0.19 rel=0.71 bal=+0.49 obs=234 hard=231 obsc=238 yr=  0  nz=0.29 flt=0.03 dmap=+0/-0 shz=4.0 plan=15 cmd=(lx=+0.00,ly=+0.28,rx=+0.00)
  t= 45.6 ENG-GO pos=(-3.24,+0.44) yaw=+129.4 d=2.99 goal_err=-10 carrot_err=  -7 c0=1.29 clear=0.86 prog=0.15 rel=0.77 bal=+0.49 obs=234 hard=231 obsc=238 yr=  0  nz=0.23 flt=0.02 dmap=+0/-0 shz=4.0 plan=15 cmd=(lx=+0.00,ly=+0.28,rx=+0.00)
  t= 46.0 ENG-GO pos=(-3.26,+0.47) yaw=+129.4 d=2.96 goal_err=-10 carrot_err=  -7 c0=1.35 clear=0.90 prog=0.18 rel=0.67 bal=-0.12 obs=233 hard=231 obsc=238 yr=  0  nz=0.33 flt=0.00 dmap=+0/-0 shz=4.0 plan=15 cmd=(lx=+0.00,ly=+0.28,rx=+0.00)
  t= 46.4 ENG-GO pos=(-3.28,+0.49) yaw=+129.4 d=2.93 goal_err=-10 carrot_err=  -7 c0=1.32 clear=0.88 prog=0.18 rel=0.62 bal=+0.52 obs=231 hard=231 obsc=238 yr=  0  nz=0.38 flt=0.00 dmap=+0/-2 shz=4.0 plan=15 cmd=(lx=+0.00,ly=+0.28,rx=+0.00)
  t= 46.8 ENG-GO pos=(-3.30,+0.52) yaw=+129.4 d=2.90 goal_err=-10 carrot_err=  -3 c0=1.29 clear=0.86 prog=0.22 rel=0.64 bal=+0.54 obs=232 hard=228 obsc=236 yr=  0  nz=0.36 flt=0.00 dmap=+0/-0 shz=4.0 plan=15 cmd=(lx=+0.00,ly=+0.28,rx=+0.00)
  t= 47.3 ENG-GO pos=(-3.33,+0.55) yaw=+129.4 d=2.85 goal_err=-10 carrot_err=  -4 c0=1.25 clear=0.83 prog=0.25 rel=0.92 bal=+0.56 obs=233 hard=229 obsc=237 yr=  0  nz=0.08 flt=0.00 dmap=+0/-0 shz=4.0 plan=15 cmd=(lx=+0.00,ly=+0.28,rx=+0.00)
  t= 47.7 ENG-GO pos=(-3.35,+0.58) yaw=+129.4 d=2.82 goal_err=-10 carrot_err=  -1 c0=1.22 clear=0.81 prog=0.28 rel=0.91 bal=+0.17 obs=230 hard=229 obsc=236 yr=  0  nz=0.09 flt=0.02 dmap=+1/-2 shz=4.0 plan=13 cmd=(lx=+0.00,ly=+0.28,rx=+0.00)
  t= 48.1 ENG-GO pos=(-3.38,+0.61) yaw=+129.4 d=2.78 goal_err=-10 carrot_err=  -1 c0=1.18 clear=0.79 prog=0.29 rel=0.91 bal=+0.02 obs=233 hard=232 obsc=238 yr=  0  nz=0.09 flt=0.00 dmap=+1/-0 shz=4.0 plan=13 cmd=(lx=+0.00,ly=+0.28,rx=+0.00)
  t= 48.5 ENG-GO pos=(-3.40,+0.64) yaw=+129.4 d=2.75 goal_err=-10 carrot_err=  -1 c0=1.15 clear=0.77 prog=0.29 rel=0.93 bal=+0.02 obs=234 hard=231 obsc=238 yr=  0  nz=0.07 flt=0.00 dmap=+0/-0 shz=4.0 plan=13 cmd=(lx=+0.00,ly=+0.28,rx=+0.00)
  t= 49.0 ENG-GO pos=(-3.42,+0.66) yaw=+129.4 d=2.71 goal_err=-11 carrot_err=  -1 c0=1.11 clear=0.74 prog=0.28 rel=0.92 bal=+0.03 obs=233 hard=231 obsc=238 yr=  0  nz=0.08 flt=0.00 dmap=+1/-1 shz=4.0 plan=13 cmd=(lx=+0.00,ly=+0.28,rx=+0.00)
  t= 49.4 ENG-GO pos=(-3.45,+0.69) yaw=+129.4 d=2.68 goal_err=-11 carrot_err=  -1 c0=1.08 clear=0.72 prog=0.28 rel=0.93 bal=-0.00 obs=231 hard=232 obsc=238 yr=  0  nz=0.07 flt=0.00 dmap=+1/-3 shz=4.0 plan=13 cmd=(lx=+0.00,ly=+0.28,rx=+0.00)
  t= 49.8 ENG-GO pos=(-3.47,+0.72) yaw=+129.4 d=2.64 goal_err=-11 carrot_err=  -1 c0=1.05 clear=0.70 prog=0.28 rel=0.94 bal=-0.09 obs=229 hard=229 obsc=235 yr=  0  nz=0.06 flt=0.02 dmap=+0/-0 shz=4.0 plan=13 cmd=(lx=+0.00,ly=+0.28,rx=+0.00)
  t= 50.2 ENG-GO pos=(-3.50,+0.75) yaw=+129.4 d=2.60 goal_err=-11 carrot_err=  -2 c0=1.01 clear=0.67 prog=0.29 rel=0.92 bal=+0.03 obs=229 hard=226 obsc=233 yr=  0  nz=0.08 flt=0.00 dmap=+0/-0 shz=4.0 plan=13 cmd=(lx=+0.00,ly=+0.28,rx=+0.00)
  t= 50.6 ENG-GO pos=(-3.52,+0.78) yaw=+129.4 d=2.56 goal_err=-11 carrot_err=  -2 c0=1.06 clear=0.70 prog=0.29 rel=0.92 bal=+0.03 obs=228 hard=224 obsc=232 yr=  0  nz=0.08 flt=0.00 dmap=+0/-0 shz=4.0 plan=13 cmd=(lx=+0.00,ly=+0.28,rx=+0.00)
  t= 51.1 ENG-GO pos=(-3.54,+0.81) yaw=+129.4 d=2.53 goal_err=-11 carrot_err=  +0 c0=1.02 clear=0.68 prog=0.29 rel=0.95 bal=+0.03 obs=229 hard=225 obsc=233 yr=  0  nz=0.05 flt=0.02 dmap=+0/-0 shz=4.0 plan=12 cmd=(lx=+0.00,ly=+0.28,rx=+0.00)
  t= 51.5 ENG-GO pos=(-3.57,+0.84) yaw=+129.4 d=2.49 goal_err=-12 carrot_err=  +0 c0=1.01 clear=0.67 prog=0.29 rel=0.96 bal=+0.03 obs=229 hard=225 obsc=233 yr=  0  nz=0.04 flt=0.00 dmap=+0/-0 shz=4.0 plan=12 cmd=(lx=+0.00,ly=+0.28,rx=+0.00)
  t= 51.9 ENG-GO pos=(-3.59,+0.86) yaw=+129.4 d=2.46 goal_err=-12 carrot_err=  +0 c0=0.97 clear=0.65 prog=0.29 rel=0.95 bal=+0.03 obs=227 hard=225 obsc=232 yr=  0  nz=0.05 flt=0.02 dmap=+1/-1 shz=4.0 plan=12 cmd=(lx=+0.00,ly=+0.28,rx=+0.00)
  t= 52.3 ENG-GO pos=(-3.61,+0.89) yaw=+129.4 d=2.42 goal_err=-12 carrot_err=  +0 c0=0.94 clear=0.62 prog=0.28 rel=0.94 bal=+0.03 obs=227 hard=225 obsc=232 yr=  0  nz=0.06 flt=0.01 dmap=+0/-0 shz=4.0 plan=12 cmd=(lx=+0.00,ly=+0.28,rx=+0.00)
  t= 52.8 ENG-GO pos=(-3.63,+0.92) yaw=+129.4 d=2.39 goal_err=-12 carrot_err=  +0 c0=0.90 clear=0.60 prog=0.28 rel=0.94 bal=-0.09 obs=226 hard=224 obsc=231 yr=  0  nz=0.06 flt=0.00 dmap=+0/-0 shz=4.0 plan=12 cmd=(lx=+0.00,ly=+0.28,rx=+0.00)
  t= 53.2 ENG-GO pos=(-3.66,+0.96) yaw=+129.4 d=2.34 goal_err=-12 carrot_err=  +0 c0=0.86 clear=0.57 prog=0.29 rel=0.92 bal=-0.09 obs=227 hard=224 obsc=231 yr=  0  nz=0.08 flt=0.00 dmap=+2/-0 shz=4.0 plan=12 cmd=(lx=+0.00,ly=+0.28,rx=+0.00)
  t= 53.6 ENG-GO pos=(-3.69,+0.98) yaw=+129.4 d=2.31 goal_err=-12 carrot_err=  +0 c0=0.83 clear=0.55 prog=0.29 rel=0.91 bal=+0.02 obs=225 hard=224 obsc=231 yr=  0  nz=0.09 flt=0.00 dmap=+0/-0 shz=4.0 plan=12 cmd=(lx=+0.00,ly=+0.28,rx=+0.00)
  t= 54.1 ENG-GO pos=(-3.71,+1.01) yaw=+129.4 d=2.27 goal_err=-13 carrot_err=  +2 c0=0.79 clear=0.53 prog=0.29 rel=0.91 bal=+0.02 obs=226 hard=225 obsc=231 yr=  0  nz=0.09 flt=0.01 dmap=+0/-0 shz=4.0 plan=11 cmd=(lx=+0.00,ly=+0.28,rx=+0.00)
  t= 54.5 ENG-GO pos=(-3.73,+1.04) yaw=+129.4 d=2.24 goal_err=-13 carrot_err=  +2 c0=0.76 clear=0.51 prog=0.29 rel=0.92 bal=+0.01 obs=226 hard=226 obsc=231 yr=  0  nz=0.08 flt=0.00 dmap=+0/-1 shz=4.0 plan=11 cmd=(lx=+0.00,ly=+0.28,rx=+0.00)
  t= 54.9 ENG-GO pos=(-3.75,+1.07) yaw=+129.4 d=2.20 goal_err=-13 carrot_err=  +2 c0=0.73 clear=0.48 prog=0.29 rel=0.93 bal=+0.01 obs=227 hard=226 obsc=231 yr=  0  nz=0.07 flt=0.00 dmap=+0/-0 shz=4.0 plan=11 cmd=(lx=+0.00,ly=+0.28,rx=+0.00)
  t= 55.3 ENG-GO pos=(-3.78,+1.09) yaw=+129.4 d=2.17 goal_err=-13 carrot_err=  +2 c0=0.69 clear=0.46 prog=0.28 rel=0.93 bal=-0.00 obs=226 hard=225 obsc=231 yr=  0  nz=0.07 flt=0.00 dmap=+0/-0 shz=4.0 plan=11 cmd=(lx=+0.00,ly=+0.28,rx=+0.00)
  t= 55.8 ENG-GO pos=(-3.80,+1.12) yaw=+129.4 d=2.13 goal_err=-14 carrot_err=  +2 c0=0.93 clear=0.62 prog=0.28 rel=0.87 bal=-0.01 obs=228 hard=226 obsc=232 yr=  0  nz=0.13 flt=0.02 dmap=+0/-0 shz=4.0 plan=10 cmd=(lx=+0.00,ly=+0.28,rx=+0.00)
  t= 56.2 ENG-GO pos=(-3.82,+1.15) yaw=+129.4 d=2.10 goal_err=-14 carrot_err=  +2 c0=0.90 clear=0.60 prog=0.28 rel=0.84 bal=-0.03 obs=226 hard=224 obsc=232 yr=  0  nz=0.16 flt=0.00 dmap=+1/-2 shz=4.0 plan=10 cmd=(lx=+0.00,ly=+0.28,rx=+0.00)
  t= 56.6 ENG-GO pos=(-3.85,+1.18) yaw=+129.4 d=2.06 goal_err=-14 carrot_err=  +2 c0=0.86 clear=0.58 prog=0.28 rel=0.84 bal=-0.05 obs=227 hard=225 obsc=232 yr=  0  nz=0.16 flt=0.01 dmap=+0/-0 shz=4.0 plan=10 cmd=(lx=+0.00,ly=+0.28,rx=+0.00)
  t= 57.0 ENG-GO pos=(-3.87,+1.21) yaw=+129.4 d=2.02 goal_err=-14 carrot_err=  +2 c0=0.82 clear=0.55 prog=0.29 rel=0.86 bal=-0.02 obs=229 hard=228 obsc=235 yr=  0  nz=0.14 flt=0.01 dmap=+0/-0 shz=4.0 plan=10 cmd=(lx=+0.00,ly=+0.28,rx=+0.00)
  t= 57.5 ENG-GO pos=(-3.90,+1.24) yaw=+129.4 d=1.98 goal_err=-15 carrot_err=  +3 c0=0.79 clear=0.53 prog=0.29 rel=0.93 bal=+0.10 obs=228 hard=227 obsc=232 yr=  0  nz=0.07 flt=0.00 dmap=+1/-0 shz=4.0 plan=10 cmd=(lx=+0.00,ly=+0.28,rx=+0.00)
  t= 57.9 ENG-GO pos=(-3.92,+1.27) yaw=+129.4 d=1.95 goal_err=-15 carrot_err=  +3 c0=0.76 clear=0.50 prog=0.29 rel=0.92 bal=+0.10 obs=225 hard=227 obsc=232 yr=  0  nz=0.08 flt=0.04 dmap=+0/-0 shz=4.0 plan=10 cmd=(lx=+0.00,ly=+0.28,rx=+0.00)
  t= 58.3 ENG-GO pos=(-3.94,+1.30) yaw=+129.4 d=1.91 goal_err=-15 carrot_err= -13 c0=1.55 clear=1.00 prog=0.29 rel=0.58 bal=+0.04 obs=225 hard=223 obsc=230 yr=  0  nz=0.42 flt=0.00 dmap=+0/-0 shz=4.0 plan=10 cmd=(lx=+0.00,ly=+0.28,rx=+0.00)
  t= 58.7 ENG-GO pos=(-3.97,+1.32) yaw=+129.4 d=1.88 goal_err=-15 carrot_err= -13 c0=1.51 clear=1.00 prog=0.27 rel=0.47 bal=+0.03 obs=223 hard=221 obsc=229 yr=  0  nz=0.53 flt=0.00 dmap=+0/-2 shz=4.0 plan=10 cmd=(lx=+0.00,ly=+0.28,rx=+0.00)
  t= 59.2 ENG-GO pos=(-3.99,+1.35) yaw=+129.4 d=1.84 goal_err=-16 carrot_err= -14 c0=1.48 clear=0.99 prog=0.27 rel=0.42 bal=+0.01 obs=223 hard=222 obsc=228 yr=  0  nz=0.58 flt=0.00 dmap=+0/-1 shz=4.0 plan=9 cmd=(lx=+0.00,ly=+0.28,rx=+0.00)
  t= 59.6 ENG-GO pos=(-4.01,+1.38) yaw=+129.4 d=1.81 goal_err=-16 carrot_err= -14 c0=1.44 clear=0.96 prog=0.27 rel=0.58 bal=+0.00 obs=226 hard=226 obsc=231 yr=  0  nz=0.42 flt=0.01 dmap=+0/-0 shz=4.0 plan=9 cmd=(lx=+0.00,ly=+0.28,rx=+0.00)
  t= 60.0 ENG-GO pos=(-4.03,+1.41) yaw=+129.4 d=1.77 goal_err=-16 carrot_err= -15 c0=1.41 clear=0.94 prog=0.27 rel=0.92 bal=-0.02 obs=225 hard=225 obsc=231 yr=  0  nz=0.08 flt=0.00 dmap=+0/-2 shz=4.0 plan=9 cmd=(lx=+0.00,ly=+0.28,rx=+0.00)
  t= 60.4 ENG-GO pos=(-4.06,+1.44) yaw=+129.4 d=1.73 goal_err=-17 carrot_err= -15 c0=1.37 clear=0.91 prog=0.29 rel=0.93 bal=+0.13 obs=226 hard=225 obsc=231 yr=  0  nz=0.07 flt=0.00 dmap=+1/-1 shz=4.0 plan=9 cmd=(lx=+0.00,ly=+0.28,rx=+0.00)
  t= 60.9 ENG-GO pos=(-4.09,+1.47) yaw=+129.4 d=1.70 goal_err=-17 carrot_err= -16 c0=1.33 clear=0.89 prog=0.28 rel=0.93 bal=-0.00 obs=227 hard=225 obsc=231 yr=  0  nz=0.07 flt=0.01 dmap=+0/-0 shz=4.0 plan=9 cmd=(lx=+0.00,ly=+0.28,rx=+0.00)
  t= 61.3 ENG-GO pos=(-4.11,+1.50) yaw=+129.4 d=1.66 goal_err=-17 carrot_err= -11 c0=1.30 clear=0.86 prog=0.29 rel=0.92 bal=+0.07 obs=227 hard=226 obsc=231 yr=  0  nz=0.08 flt=0.01 dmap=+0/-0 shz=4.0 plan=9 cmd=(lx=+0.00,ly=+0.28,rx=+0.00)
  t= 61.7 ENG-GO pos=(-4.13,+1.53) yaw=+129.4 d=1.63 goal_err=-18 carrot_err= -11 c0=1.26 clear=0.84 prog=0.29 rel=0.93 bal=+0.06 obs=224 hard=223 obsc=226 yr=  0  nz=0.07 flt=0.01 dmap=+0/-0 shz=4.0 plan=9 cmd=(lx=+0.00,ly=+0.28,rx=+0.00)
  t= 62.1 ENG-GO pos=(-4.15,+1.55) yaw=+129.4 d=1.59 goal_err=-18 carrot_err= -12 c0=1.23 clear=0.82 prog=0.27 rel=0.93 bal=-0.57 obs=228 hard=227 obsc=231 yr=  0  nz=0.07 flt=0.00 dmap=+0/-0 shz=4.0 plan=8 cmd=(lx=+0.00,ly=+0.28,rx=+0.00)
  t= 62.6 ENG-GO pos=(-4.18,+1.58) yaw=+129.4 d=1.56 goal_err=-19 carrot_err= -12 c0=1.20 clear=0.80 prog=0.27 rel=0.93 bal=-0.58 obs=229 hard=226 obsc=231 yr=  0  nz=0.07 flt=0.03 dmap=+0/-0 shz=4.0 plan=8 cmd=(lx=+0.00,ly=+0.28,rx=+0.00)
  t= 63.0 ENG-GO pos=(-4.20,+1.61) yaw=+129.4 d=1.53 goal_err=-19 carrot_err= -13 c0=1.16 clear=0.77 prog=0.27 rel=0.94 bal=-0.60 obs=232 hard=227 obsc=233 yr=  0  nz=0.06 flt=0.00 dmap=+3/-2 shz=4.0 plan=8 cmd=(lx=+0.00,ly=+0.28,rx=+0.00)
  t= 63.4 ENG-GO pos=(-4.23,+1.64) yaw=+129.4 d=1.48 goal_err=-20 carrot_err= -13 c0=1.12 clear=0.75 prog=0.28 rel=0.93 bal=-0.62 obs=232 hard=229 obsc=234 yr=  0  nz=0.07 flt=0.00 dmap=+0/-0 shz=4.0 plan=8 cmd=(lx=+0.00,ly=+0.28,rx=+0.00)
  t= 63.8 ENG-GO pos=(-4.25,+1.67) yaw=+129.4 d=1.45 goal_err=-20 carrot_err= -14 c0=1.09 clear=0.72 prog=0.28 rel=0.91 bal=-0.39 obs=235 hard=233 obsc=236 yr=  0  nz=0.09 flt=0.01 dmap=+0/-0 shz=4.0 plan=8 cmd=(lx=+0.00,ly=+0.28,rx=+0.00)
  t= 64.2 ENG-GO pos=(-4.27,+1.70) yaw=+129.4 d=1.42 goal_err=-21 carrot_err= -14 c0=1.05 clear=0.70 prog=0.28 rel=0.91 bal=-0.16 obs=232 hard=230 obsc=235 yr=  0  nz=0.09 flt=0.00 dmap=+1/-2 shz=4.0 plan=8 cmd=(lx=+0.00,ly=+0.28,rx=+0.00)
  t= 64.7 ENG-GO pos=(-4.30,+1.73) yaw=+129.4 d=1.38 goal_err=-21 carrot_err= -20 c0=1.02 clear=0.68 prog=0.28 rel=0.92 bal=-0.27 obs=235 hard=232 obsc=237 yr=  0  nz=0.08 flt=0.01 dmap=+2/-0 shz=4.0 plan=8 cmd=(lx=+0.00,ly=+0.28,rx=+0.00)
  t= 65.1 ENG-GO pos=(-4.32,+1.76) yaw=+129.4 d=1.35 goal_err=-22 carrot_err= -21 c0=0.99 clear=0.66 prog=0.28 rel=0.93 bal=-0.29 obs=236 hard=232 obsc=237 yr=  0  nz=0.07 flt=0.00 dmap=+0/-0 shz=4.0 plan=8 cmd=(lx=+0.00,ly=+0.28,rx=+0.00)
  t= 65.5 ENG-GO pos=(-4.34,+1.78) yaw=+129.4 d=1.32 goal_err=-22 carrot_err= -22 c0=0.95 clear=0.64 prog=0.26 rel=0.93 bal=-0.30 obs=235 hard=231 obsc=236 yr=  0  nz=0.07 flt=0.00 dmap=+0/-0 shz=4.0 plan=7 cmd=(lx=+0.00,ly=+0.28,rx=+0.00)
  t= 66.0 ENG-GO pos=(-4.37,+1.81) yaw=+129.4 d=1.28 goal_err=-23 carrot_err= -23 c0=1.02 clear=0.68 prog=0.26 rel=0.94 bal=-0.31 obs=236 hard=234 obsc=237 yr=  0  nz=0.06 flt=0.00 dmap=+0/-0 shz=4.0 plan=7 cmd=(lx=+0.00,ly=+0.28,rx=+0.00)
  t= 66.4 DWA-F pos=(-4.39,+1.84) yaw=+129.4 d=1.25 goal_err=-24 carrot_err= -24 c0=0.99 clear=0.66 prog=0.26 rel=0.95 bal=-0.42 obs=235 hard=234 obsc=237 yr=  0  nz=0.05 flt=0.01 dmap=+0/-0 shz=4.0 plan=7 cmd=(lx=+0.00,ly=+0.40,rx=+0.00)
  t= 66.8 DWA-F pos=(-4.42,+1.88) yaw=+129.4 d=1.20 goal_err=-25 carrot_err= -26 c0=0.94 clear=0.62 prog=0.28 rel=0.94 bal=-0.43 obs=235 hard=233 obsc=236 yr=  0  nz=0.06 flt=0.04 dmap=+0/-0 shz=4.0 plan=7 cmd=(lx=+0.00,ly=+0.40,rx=+0.00)
  t= 67.3 DWA-F pos=(-4.45,+1.91) yaw=+129.4 d=1.16 goal_err=-25 carrot_err= -18 c0=0.89 clear=0.59 prog=0.30 rel=0.92 bal=-0.44 obs=237 hard=232 obsc=239 yr=  0  nz=0.08 flt=0.00 dmap=+2/-0 shz=4.0 plan=7 cmd=(lx=+0.00,ly=+0.40,rx=+0.00)
  t= 67.7 DWA-F pos=(-4.48,+1.95) yaw=+129.4 d=1.12 goal_err=-26 carrot_err= -19 c0=0.85 clear=0.57 prog=0.31 rel=0.92 bal=-0.62 obs=237 hard=233 obsc=238 yr=  0  nz=0.08 flt=0.01 dmap=+0/-0 shz=4.0 plan=7 cmd=(lx=+0.00,ly=+0.40,rx=+0.00)
  t= 68.1 DWA-F pos=(-4.51,+1.98) yaw=+129.4 d=1.08 goal_err=-27 carrot_err= -20 c0=0.81 clear=0.54 prog=0.32 rel=0.92 bal=-0.49 obs=237 hard=234 obsc=239 yr=  0  nz=0.08 flt=0.00 dmap=+0/-0 shz=4.0 plan=7 cmd=(lx=+0.00,ly=+0.40,rx=+0.00)
  t= 68.5 DWA-F pos=(-4.54,+2.03) yaw=+129.4 d=1.03 goal_err=-29 carrot_err= -21 c0=0.76 clear=0.51 prog=0.33 rel=0.91 bal=-0.49 obs=236 hard=233 obsc=238 yr=  0  nz=0.09 flt=0.00 dmap=+0/-1 shz=4.0 plan=6 cmd=(lx=+0.00,ly=+0.40,rx=+0.00)
  t= 69.0 DWA-F pos=(-4.57,+2.06) yaw=+129.4 d=0.99 goal_err=-30 carrot_err= -22 c0=0.72 clear=0.48 prog=0.32 rel=0.91 bal=-0.50 obs=235 hard=231 obsc=236 yr=  0  nz=0.09 flt=0.01 dmap=+0/-0 shz=4.0 plan=6 cmd=(lx=+0.00,ly=+0.40,rx=+0.00)
  t= 69.4 DWA-F pos=(-4.60,+2.09) yaw=+129.4 d=0.95 goal_err=-31 carrot_err= -23 c0=0.67 clear=0.45 prog=0.32 rel=0.92 bal=-0.50 obs=237 hard=232 obsc=238 yr=  0  nz=0.08 flt=0.00 dmap=+1/-0 shz=4.0 plan=6 cmd=(lx=+0.00,ly=+0.40,rx=+0.00)
  t= 69.8 DWA-F pos=(-4.63,+2.13) yaw=+129.4 d=0.92 goal_err=-33 carrot_err= -28 c0=0.91 clear=0.60 prog=0.32 rel=0.93 bal=-0.51 obs=236 hard=232 obsc=237 yr=  0  nz=0.07 flt=0.00 dmap=+0/-0 shz=4.0 plan=5 cmd=(lx=+0.00,ly=+0.40,rx=+0.00)
  t= 70.3 DWA-F pos=(-4.66,+2.17) yaw=+127.4 d=0.87 goal_err=-33 carrot_err= -28 c0=0.85 clear=0.57 prog=0.32 rel=0.87 bal=-0.52 obs=236 hard=233 obsc=238 yr= 19G nz=0.13 flt=0.08 dmap=+0/-0 shz=4.0 plan=5 cmd=(lx=+0.00,ly=+0.40,rx=+0.00)
  t= 70.7 DWA-F pos=(-4.69,+2.21) yaw=+125.4 d=0.83 goal_err=-32 carrot_err= -27 c0=1.21 clear=0.81 prog=0.31 rel=0.69 bal=-0.52 obs=238 hard=236 obsc=239 yr=  0  nz=0.32 flt=0.01 dmap=+0/-0 shz=4.0 plan=5 cmd=(lx=+0.00,ly=+0.40,rx=+0.00)
  t= 71.1 DWA-F pos=(-4.71,+2.24) yaw=+125.4 d=0.80 goal_err=-34 carrot_err= -29 c0=1.17 clear=0.78 prog=0.30 rel=0.66 bal=-0.50 obs=239 hard=237 obsc=242 yr=  0  nz=0.34 flt=0.00 dmap=+0/-0 shz=4.0 plan=5 cmd=(lx=+0.00,ly=+0.40,rx=+0.00)
  t= 71.6 DWA-F pos=(-4.74,+2.28) yaw=+123.4 d=0.76 goal_err=-34 carrot_err= -29 c0=1.12 clear=0.75 prog=0.30 rel=0.75 bal=-0.51 obs=240 hard=236 obsc=241 yr= 18G nz=0.25 flt=0.09 dmap=+0/-0 shz=4.0 plan=5 cmd=(lx=+0.00,ly=+0.40,rx=+0.00)
  t= 72.0 DWA-F pos=(-4.77,+2.33) yaw=+119.4 d=0.71 goal_err=-32 carrot_err= -27 c0=1.07 clear=0.71 prog=0.32 rel=0.92 bal=-0.38 obs=243 hard=238 obsc=249 yr=  0  nz=0.08 flt=0.04 dmap=+0/-0 shz=4.0 plan=5 cmd=(lx=+0.00,ly=+0.40,rx=+0.00)
  t= 72.4 DWA-F pos=(-4.79,+2.37) yaw=+119.4 d=0.68 goal_err=-34 carrot_err= -28 c0=1.03 clear=0.69 prog=0.30 rel=0.91 bal=-0.39 obs=245 hard=240 obsc=251 yr=  0G nz=0.09 flt=0.00 dmap=+1/-0 shz=4.0 plan=5 cmd=(lx=+0.00,ly=+0.40,rx=+0.45)
  t= 72.9 DWA-F pos=(-4.81,+2.41) yaw=+115.3 d=0.64 goal_err=-32 carrot_err= -26 c0=0.99 clear=0.66 prog=0.30 rel=0.92 bal=-0.38 obs=243 hard=240 obsc=251 yr=  0  nz=0.08 flt=0.00 dmap=+0/-0 shz=4.0 plan=4 cmd=(lx=+0.00,ly=+0.40,rx=+0.00)
  t= 73.3 DWA-F pos=(-4.83,+2.45) yaw=+113.3 d=0.60 goal_err=-33 carrot_err= -26 c0=0.95 clear=0.63 prog=0.30 rel=0.93 bal=-0.38 obs=244 hard=239 obsc=249 yr= 19G nz=0.07 flt=0.05 dmap=+0/-0 shz=4.0 plan=4 cmd=(lx=+0.00,ly=+0.40,rx=+0.00)
  t= 73.7 DWA-F pos=(-4.84,+2.49) yaw=+111.3 d=0.56 goal_err=-33 carrot_err= -26 c0=0.90 clear=0.60 prog=0.30 rel=0.93 bal=-0.37 obs=242 hard=239 obsc=248 yr=  0  nz=0.07 flt=0.03 dmap=+0/-0 shz=4.0 plan=4 cmd=(lx=+0.00,ly=+0.40,rx=+0.45)
  t= 74.1 DWA-F pos=(-4.86,+2.54) yaw=+105.3 d=0.52 goal_err=-30 carrot_err= -23 c0=0.85 clear=0.57 prog=0.30 rel=0.92 bal=-0.36 obs=253 hard=245 obsc=257 yr=  0  nz=0.08 flt=0.22 dmap=+0/-0 shz=4.0 plan=4 cmd=(lx=+0.00,ly=+0.40,rx=+0.00)
  t= 74.6 DWA-F pos=(-4.87,+2.58) yaw=+103.3 d=0.48 goal_err=-31 carrot_err= -23 c0=0.97 clear=0.65 prog=0.30 rel=0.92 bal=-0.36 obs=250 hard=248 obsc=257 yr= 19G nz=0.08 flt=0.03 dmap=+0/-0 shz=4.0 plan=3 cmd=(lx=+0.00,ly=+0.28,rx=+0.45)
  t= 75.0 DWA-T pos=(-4.88,+2.61) yaw= +99.3 d=0.46 goal_err=-28 carrot_err= -21 c0=0.95 clear=0.63 prog=0.28 rel=0.91 bal=-0.15 obs=249 hard=242 obsc=253 yr=  0  nz=0.09 flt=0.06 dmap=+1/-3 shz=4.0 plan=3 cmd=(lx=+0.00,ly=+0.00,rx=+0.00)
  t= 75.4 DWA-T pos=(-4.88,+2.61) yaw= +99.3 d=0.46 goal_err=-28 carrot_err= -21 c0=0.95 clear=0.63 prog=0.22 rel=0.91 bal=-0.15 obs=249 hard=242 obsc=253 yr=  0  nz=0.09 flt=0.06 dmap=+0/-0 shz=4.0 plan=3 cmd=(lx=+0.00,ly=+0.00,rx=+0.00)
  t= 75.9 DWA-T pos=(-4.88,+2.61) yaw= +99.3 d=0.46 goal_err=-28 carrot_err= -21 c0=0.95 clear=0.63 prog=0.15 rel=0.91 bal=-0.15 obs=249 hard=242 obsc=253 yr=  0  nz=0.09 flt=0.06 dmap=+0/-0 shz=4.0 plan=3 cmd=(lx=+0.00,ly=+0.00,rx=+0.00)
  t= 76.3 BRK-BK pos=(-4.88,+2.61) yaw= +99.3 d=0.46 goal_err=-28 carrot_err= -21 c0=0.95 clear=0.63 prog=0.07 rel=0.91 bal=-0.15 obs=249 hard=242 obsc=253 yr=  0  nz=0.09 flt=0.06 dmap=+0/-0 shz=4.0 plan=0 cmd=(lx=+0.00,ly=-0.35,rx=+0.00)
  t= 76.7 BRK-TR pos=(-4.87,+2.56) yaw= +99.3 d=0.50 goal_err=-26 carrot_err= -19 c0=0.99 clear=0.66 prog=0.00 rel=1.00 bal=-0.15 obs=248 hard=244 obsc=250 yr=  0G nz=0.00 flt=0.00 dmap=+0/-0 shz=3.7 plan=0 cmd=(lx=+0.00,ly=+0.00,rx=+0.45)
  t= 77.1 BRK-TR pos=(-4.87,+2.56) yaw= +91.3 d=0.50 goal_err=-18 carrot_err= -11 c0=1.27 clear=0.85 prog=0.00 rel=0.85 bal=-0.16 obs=248 hard=244 obsc=250 yr= 19G nz=0.15 flt=0.00 dmap=+0/-0 shz=3.7 plan=0 cmd=(lx=+0.00,ly=+0.00,rx=+0.45)
  t= 77.6 BRK-TR pos=(-4.87,+2.56) yaw= +83.3 d=0.50 goal_err=-10 carrot_err=  -3 c0=1.14 clear=0.76 prog=0.00 rel=0.85 bal=-0.25 obs=248 hard=244 obsc=250 yr= 20G nz=0.15 flt=0.09 dmap=+0/-0 shz=3.7 plan=0 cmd=(lx=+0.00,ly=+0.00,rx=+0.45)
  t= 78.0 BRK-TR pos=(-4.87,+2.56) yaw= +75.2 d=0.50 goal_err=-2 carrot_err=  +6 c0=1.08 clear=0.72 prog=0.00 rel=0.86 bal=-0.29 obs=248 hard=244 obsc=250 yr= 19G nz=0.14 flt=0.00 dmap=+0/-0 shz=3.7 plan=0 cmd=(lx=+0.00,ly=+0.00,rx=+0.45)
  t= 78.4 BRK-TR pos=(-4.87,+2.56) yaw= +67.2 d=0.50 goal_err=+6 carrot_err= +14 c0=1.08 clear=0.72 prog=0.00 rel=0.89 bal=-0.29 obs=248 hard=244 obsc=250 yr= 19G nz=0.11 flt=0.00 dmap=+0/-0 shz=3.7 plan=0 cmd=(lx=+0.00,ly=+0.00,rx=+0.45)
  t= 78.8 BRK-TR pos=(-4.87,+2.56) yaw= +59.2 d=0.50 goal_err=+14 carrot_err= +22 c0=1.08 clear=0.72 prog=0.00 rel=0.93 bal=-0.20 obs=248 hard=244 obsc=250 yr= 19G nz=0.07 flt=0.08 dmap=+0/-0 shz=3.7 plan=0 cmd=(lx=+0.00,ly=+0.00,rx=+0.45)
  t= 79.3 DWA-F pos=(-4.87,+2.57) yaw= +51.2 d=0.49 goal_err=+23 carrot_err= +30 c0=1.07 clear=0.71 prog=0.01 rel=0.94 bal=-0.14 obs=248 hard=244 obsc=250 yr=  0G nz=0.06 flt=0.00 dmap=+0/-0 shz=3.7 plan=3 cmd=(lx=+0.00,ly=+0.28,rx=-0.45)
  t= 79.7 DWA-T pos=(-4.85,+2.58) yaw= +57.2 d=0.47 goal_err=+18 carrot_err= +25 c0=1.05 clear=0.70 prog=0.04 rel=0.87 bal=-0.20 obs=253 hard=248 obsc=269 yr=  0  nz=0.04 flt=0.25 dmap=+0/-0 shz=3.7 plan=3 cmd=(lx=+0.00,ly=+0.00,rx=+0.00)
  t= 80.1 DWA-T pos=(-4.85,+2.58) yaw= +57.2 d=0.47 goal_err=+18 carrot_err= +25 c0=1.05 clear=0.70 prog=0.04 rel=0.96 bal=-0.20 obs=252 hard=247 obsc=258 yr=  0  nz=0.04 flt=0.04 dmap=+0/-0 shz=3.7 plan=3 cmd=(lx=+0.00,ly=+0.00,rx=+0.00)
  t= 80.6 DWA-T pos=(-4.85,+2.58) yaw= +57.2 d=0.47 goal_err=+18 carrot_err= +25 c0=1.05 clear=0.70 prog=0.04 rel=0.96 bal=-0.20 obs=252 hard=247 obsc=258 yr=  0  nz=0.04 flt=0.04 dmap=+0/-0 shz=3.7 plan=3 cmd=(lx=+0.00,ly=+0.00,rx=+0.00)
  t= 81.0 BRK-BK pos=(-4.85,+2.58) yaw= +57.2 d=0.47 goal_err=+18 carrot_err= +25 c0=1.05 clear=0.70 prog=0.04 rel=0.96 bal=-0.20 obs=252 hard=247 obsc=258 yr=  0  nz=0.04 flt=0.04 dmap=+0/-0 shz=3.7 plan=0 cmd=(lx=+0.00,ly=-0.35,rx=+0.00)
  t= 81.4 BRK-TR pos=(-4.88,+2.54) yaw= +57.2 d=0.52 goal_err=+16 carrot_err= +23 c0=1.10 clear=0.73 prog=0.00 rel=0.97 bal=-0.20 obs=247 hard=243 obsc=254 yr=  0G nz=0.03 flt=0.04 dmap=+0/-0 shz=3.5 plan=0 cmd=(lx=+0.00,ly=+0.00,rx=+0.45)
  t= 81.8 BRK-TR pos=(-4.88,+2.54) yaw= +49.2 d=0.52 goal_err=+24 carrot_err= +31 c0=1.10 clear=0.73 prog=0.00 rel=0.96 bal=-0.13 obs=248 hard=244 obsc=255 yr= 19G nz=0.04 flt=0.03 dmap=+0/-0 shz=3.5 plan=0 cmd=(lx=+0.00,ly=+0.00,rx=+0.45)
  t= 82.3 BRK-TR pos=(-4.88,+2.54) yaw= +41.1 d=0.52 goal_err=+32 carrot_err= +39 c0=1.10 clear=0.73 prog=0.00 rel=0.96 bal=-0.02 obs=248 hard=244 obsc=255 yr= 19G nz=0.04 flt=0.00 dmap=+0/-0 shz=3.5 plan=0 cmd=(lx=+0.00,ly=+0.00,rx=+0.45)
  t= 82.7 BRK-TR pos=(-4.88,+2.54) yaw= +33.1 d=0.52 goal_err=+40 carrot_err= +47 c0=1.10 clear=0.73 prog=0.00 rel=0.96 bal=+0.10 obs=248 hard=244 obsc=255 yr= 19G nz=0.04 flt=0.16 dmap=+0/-0 shz=3.5 plan=0 cmd=(lx=+0.00,ly=+0.00,rx=+0.45)
  t= 83.1 BRK-TR pos=(-4.88,+2.54) yaw= +25.1 d=0.52 goal_err=+48 carrot_err= +55 c0=1.23 clear=0.82 prog=0.00 rel=0.99 bal=+0.09 obs=248 hard=244 obsc=255 yr= 19G nz=0.01 flt=0.00 dmap=+0/-0 shz=3.5 plan=0 cmd=(lx=+0.00,ly=+0.00,rx=+0.45)
  t= 83.5 BRK-TR pos=(-4.88,+2.54) yaw= +15.1 d=0.52 goal_err=+58 carrot_err= +65 c0=1.28 clear=0.85 prog=0.00 rel=0.87 bal=+0.04 obs=248 hard=244 obsc=255 yr= 19G nz=0.13 flt=0.24 dmap=+0/-0 shz=3.5 plan=0 cmd=(lx=+0.00,ly=+0.00,rx=+0.45)
  t= 84.0 DWA-F pos=(-4.87,+2.54) yaw= +11.1 d=0.52 goal_err=+63 carrot_err= +70 c0=1.28 clear=0.85 prog=0.01 rel=0.86 bal=+0.07 obs=250 hard=246 obsc=257 yr= 18G nz=0.14 flt=0.23 dmap=+0/-0 shz=3.5 plan=3 cmd=(lx=+0.00,ly=+0.28,rx=-0.45)
  t= 84.4 DWA-F pos=(-4.85,+2.55) yaw= +19.1 d=0.51 goal_err=+57 carrot_err= +65 c0=1.25 clear=0.83 prog=0.03 rel=0.87 bal=+0.09 obs=250 hard=246 obsc=257 yr= 19G nz=0.13 flt=0.05 dmap=+0/-0 shz=3.5 plan=3 cmd=(lx=+0.00,ly=+0.28,rx=-0.45)
  t= 84.8 DWA-F pos=(-4.82,+2.56) yaw= +27.1 d=0.49 goal_err=+52 carrot_err= +60 c0=1.18 clear=0.78 prog=0.06 rel=0.82 bal=+0.08 obs=250 hard=246 obsc=257 yr= 18G nz=0.09 flt=0.28 dmap=+0/-0 shz=3.5 plan=3 cmd=(lx=+0.00,ly=+0.28,rx=-0.45)
  t= 85.3 DWA-F pos=(-4.79,+2.58) yaw= +37.1 d=0.47 goal_err=+45 carrot_err= +54 c0=1.01 clear=0.68 prog=0.09 rel=0.81 bal=-0.04 obs=252 hard=248 obsc=259 yr= 18G nz=0.19 flt=0.09 dmap=+0/-0 shz=3.5 plan=3 cmd=(lx=+0.00,ly=+0.28,rx=-0.45)
  t= 85.7 DWA-F pos=(-4.77,+2.59) yaw= +45.2 d=0.45 goal_err=+40 carrot_err= +49 c0=0.99 clear=0.66 prog=0.13 rel=0.79 bal=-0.04 obs=252 hard=248 obsc=259 yr= 19G nz=0.20 flt=0.24 dmap=+0/-0 shz=3.5 plan=3 cmd=(lx=+0.00,ly=+0.28,rx=-0.45)
  t= 86.1 DWA-F pos=(-4.75,+2.62) yaw= +53.2 d=0.43 goal_err=+34 carrot_err= +44 c0=0.96 clear=0.64 prog=0.15 rel=0.86 bal=-0.11 obs=253 hard=249 obsc=260 yr= 18G nz=0.14 flt=0.07 dmap=+0/-0 shz=3.5 plan=3 cmd=(lx=+0.00,ly=+0.28,rx=-0.45)

  >>> MODO AGRESIVO ON (12s sin acercarse a B): reduzco inflado y holgura (min seguridad 0.24m) para cruzar la puerta.
  t= 86.6 AGR-DWA-F pos=(-4.74,+2.64) yaw= +61.2 d=0.40 goal_err=+28 carrot_err= +39 c0=0.93 clear=0.62 prog=0.17 rel=0.94 bal=-0.18 obs=253 hard=249 obsc=260 yr= 19G nz=0.06 flt=0.04 dmap=+0/-0 shz=3.5 plan=3 cmd=(lx=+0.00,ly=+0.28,rx=-0.45)
  t= 87.0 AGR-DWA-T pos=(-4.72,+2.66) yaw= +69.2 d=0.38 goal_err=+22 carrot_err= +34 c0=0.90 clear=0.60 prog=0.18 rel=0.94 bal=-0.18 obs=244 hard=235 obsc=251 yr= 18  nz=0.06 flt=0.04 dmap=+1/-10 shz=3.5 plan=3 cmd=(lx=+0.00,ly=+0.00,rx=+0.00)
  t= 87.4 AGR-DWA-T pos=(-4.72,+2.66) yaw= +69.2 d=0.38 goal_err=+22 carrot_err= +34 c0=0.90 clear=0.60 prog=0.14 rel=0.94 bal=-0.18 obs=244 hard=235 obsc=251 yr=  0  nz=0.06 flt=0.04 dmap=+0/-0 shz=3.5 plan=3 cmd=(lx=+0.00,ly=+0.00,rx=+0.00)
  t= 87.9 AGR-DWA-T pos=(-4.72,+2.66) yaw= +69.2 d=0.38 goal_err=+22 carrot_err= +34 c0=0.90 clear=0.60 prog=0.10 rel=0.94 bal=-0.18 obs=244 hard=235 obsc=251 yr=  0  nz=0.06 flt=0.04 dmap=+0/-0 shz=3.5 plan=3 cmd=(lx=+0.00,ly=+0.00,rx=+0.00)
  t= 88.3 AGR-BRK-BK pos=(-4.72,+2.66) yaw= +69.2 d=0.38 goal_err=+22 carrot_err= +34 c0=0.90 clear=0.60 prog=0.06 rel=0.94 bal=-0.18 obs=244 hard=235 obsc=251 yr=  0  nz=0.06 flt=0.04 dmap=+0/-0 shz=3.5 plan=0 cmd=(lx=+0.00,ly=-0.35,rx=+0.00)
  t= 88.7 AGR-BRK-TR pos=(-4.74,+2.63) yaw= +69.2 d=0.41 goal_err=+20 carrot_err= +30 c0=0.94 clear=0.63 prog=0.00 rel=1.00 bal=-0.18 obs=243 hard=234 obsc=249 yr=  0G nz=0.00 flt=0.02 dmap=+0/-0 shz=3.2 plan=0 cmd=(lx=+0.00,ly=+0.00,rx=+0.45)
  t= 89.1 AGR-BRK-TR pos=(-4.74,+2.62) yaw= +63.2 d=0.42 goal_err=+25 carrot_err= +35 c0=0.95 clear=0.64 prog=0.00 rel=0.97 bal=-0.18 obs=243 hard=234 obsc=249 yr= 19G nz=0.03 flt=0.01 dmap=+0/-0 shz=3.2 plan=0 cmd=(lx=+0.00,ly=+0.00,rx=+0.45)
  t= 89.6 AGR-BRK-TR pos=(-4.74,+2.62) yaw= +55.2 d=0.42 goal_err=+33 carrot_err= +43 c0=0.95 clear=0.64 prog=0.00 rel=0.97 bal=-0.10 obs=243 hard=234 obsc=249 yr= 18G nz=0.03 flt=0.00 dmap=+0/-0 shz=3.2 plan=0 cmd=(lx=+0.00,ly=+0.00,rx=+0.45)
  t= 90.0 AGR-BRK-TR pos=(-4.74,+2.62) yaw= +47.2 d=0.42 goal_err=+41 carrot_err= +51 c0=0.95 clear=0.64 prog=0.00 rel=0.97 bal=-0.08 obs=243 hard=234 obsc=249 yr= 19G nz=0.03 flt=0.00 dmap=+0/-0 shz=3.2 plan=0 cmd=(lx=+0.00,ly=+0.00,rx=+0.45)
  t= 90.4 AGR-BRK-TR pos=(-4.74,+2.62) yaw= +37.1 d=0.42 goal_err=+51 carrot_err= +62 c0=0.95 clear=0.64 prog=0.00 rel=0.99 bal=-0.04 obs=243 hard=234 obsc=249 yr= 38G nz=0.01 flt=0.16 dmap=+0/-0 shz=3.2 plan=0 cmd=(lx=+0.00,ly=+0.00,rx=+0.45)
  t= 90.8 AGR-BRK-TR pos=(-4.74,+2.62) yaw= +29.1 d=0.42 goal_err=+59 carrot_err= +70 c0=1.08 clear=0.72 prog=0.00 rel=0.99 bal=+0.05 obs=243 hard=234 obsc=249 yr= 19G nz=0.01 flt=0.00 dmap=+0/-0 shz=3.2 plan=0 cmd=(lx=+0.00,ly=+0.00,rx=+0.45)
  t= 91.3 AGR-DWA-F pos=(-4.74,+2.62) yaw= +21.1 d=0.42 goal_err=+67 carrot_err= +78 c0=1.14 clear=0.76 prog=0.00 rel=0.91 bal=+0.05 obs=243 hard=234 obsc=249 yr= 19G nz=0.09 flt=0.05 dmap=+0/-0 shz=3.2 plan=3 cmd=(lx=+0.00,ly=+0.28,rx=-0.45)
  t= 91.7 AGR-DWA-F pos=(-4.72,+2.63) yaw= +29.1 d=0.41 goal_err=+63 carrot_err= +74 c0=1.05 clear=0.70 prog=0.02 rel=0.87 bal=+0.05 obs=243 hard=234 obsc=249 yr= 18G nz=0.13 flt=0.01 dmap=+0/-0 shz=3.2 plan=3 cmd=(lx=+0.00,ly=+0.28,rx=-0.45)
  t= 92.1 AGR-DWA-F pos=(-4.69,+2.64) yaw= +37.1 d=0.40 goal_err=+58 carrot_err= +70 c0=0.90 clear=0.60 prog=0.04 rel=0.87 bal=+0.04 obs=243 hard=234 obsc=249 yr= 19G nz=0.13 flt=0.05 dmap=+0/-0 shz=3.2 plan=3 cmd=(lx=+0.00,ly=+0.28,rx=-0.45)
  t= 92.6 AGR-DWA-F pos=(-4.67,+2.66) yaw= +45.2 d=0.38 goal_err=+54 carrot_err= +66 c0=0.88 clear=0.58 prog=0.07 rel=0.85 bal=-0.05 obs=243 hard=234 obsc=249 yr= 18G nz=0.15 flt=0.01 dmap=+0/-0 shz=3.2 plan=3 cmd=(lx=+0.00,ly=+0.28,rx=-0.45)
  t= 93.0 AGR-DWA-F pos=(-4.64,+2.69) yaw= +57.2 d=0.36 goal_err=+47 carrot_err= +60 c0=0.83 clear=0.56 prog=0.11 rel=0.86 bal=-0.10 obs=245 hard=236 obsc=251 yr= 37G nz=0.14 flt=0.24 dmap=+0/-0 shz=3.2 plan=3 cmd=(lx=+0.00,ly=+0.28,rx=-0.45)

  LLEGADO a 'B' (-4.73,+3.04); error=0.35 m, colisiones=0.
  [spill] derrames=0 E[N]=0.00 eta_max=0.79 riesgo=0.5%
  [dataset] travesia guardada -> /Users/adrianlendinezibanez/Claude/Projects/G1 ROBOT/dataset/20260708_130956_ours_B.json
  [stats] fila anadida -> /Users/adrianlendinezibanez/Claude/Projects/G1 ROBOT/dataset/runs_stats.csv

Fin goto.
  [META2-L2] estado guardado (meta2_state_abctrl.json): Pl={'Efficient_Nav': 1.0, 'Cautious_Nav': 1.0} derrames_run=0
  backend grafico: TkAgg
>>> SIM ADAPTER: conectando a rosbridge ws://localhost:8765 ...
  esperando /odom (hasta 30s; el mundo del lab tarda en cargar)... ok
  /odom OK pose=(+0.99,+0.57) | /scan: OK
  escenario LAB: mapa/waypoints/puerta REALES (lab.world solo-paredes, frame G1)

>>> GOTO 'B' -> (-4.73,+3.04). Mando en mano (L2+B). Ctrl+C aborta.
    ENTORNO: SIM (id: lab_v1_ab_ctrl)  — esta run se registra como SIMULACION, no cuenta como run de robot
  Esperando pose localizada y primera nube... ok.
  FRAME-CHECK start=(+0.99,+0.57) wp_mas_cercano=A(+0.99,+0.57) offset=0.00m  -> frame OK (pose y waypoints alineados)
  [spill] payload de agua simulado (semilla=20260708_132125_ours_B.json)
  META2 ACTIVO (techo por analogia): Meta-Reasoner 2.0, analogia inicial Cautious_Nav

  !!!!!!!!!!!!!!!!!!!!!!!!!!!!!!!!!!!!!!!!!!!!!!!!!!!!!!!!!!!!!!!!!!!!!!!!!!
  !!  VISION OFF (G1_PERC sin definir) pero G1_NOVIS=1: navego SIN vision bajo tu responsabilidad.
  !!  La MESA invisible al LiDAR no se vera.
  !!!!!!!!!!!!!!!!!!!!!!!!!!!!!!!!!!!!!!!!!!!!!!!!!!!!!!!!!!!!!!!!!!!!!!!!!!

  mapa de referencia: 961 celdas | muebles estaticos (nav_map): 0 celdas | plan global: static
  t=  0.0 DWA-F pos=(+0.99,+0.57) yaw=-120.3 d=6.23 goal_err=-83 carrot_err= -62 c0=2.25 clear=1.00 prog=0.00 rel=1.00 bal=+0.19 obs=108 hard=108 obsc=108 yr=  0  nz=0.00 flt=0.19 dmap=+108/-0 shz=0.0 plan=34 cmd=(lx=+0.00,ly=+0.40,rx=+0.45)
  t=  0.4 DWA-F pos=(+0.97,+0.53) yaw=-126.3 d=6.22 goal_err=-77 carrot_err= -59 c0=2.21 clear=1.00 prog=0.05 rel=0.97 bal=+0.28 obs=111 hard=111 obsc=111 yr= 19G nz=0.03 flt=0.14 dmap=+0/-0 shz=3.2 plan=34 cmd=(lx=+0.00,ly=+0.40,rx=+0.45)
  t=  0.9 DWA-F pos=(+0.93,+0.49) yaw=-134.4 d=6.21 goal_err=-70 carrot_err= -55 c0=2.28 clear=1.00 prog=0.09 rel=0.97 bal=+0.41 obs=112 hard=112 obsc=112 yr= 20G nz=0.03 flt=0.02 dmap=+1/-0 shz=3.5 plan=34 cmd=(lx=+0.00,ly=+0.40,rx=+0.45)
  t=  1.3 DWA-F pos=(+0.88,+0.45) yaw=-142.4 d=6.18 goal_err=-62 carrot_err= -35 c0=2.50 clear=1.00 prog=0.12 rel=0.96 bal=+0.41 obs=112 hard=112 obsc=112 yr= 19  nz=0.04 flt=0.07 dmap=+0/-0 shz=3.8 plan=34 cmd=(lx=+0.00,ly=+0.40,rx=+0.00)
  t=  1.7 DWA-F pos=(+0.84,+0.41) yaw=-142.4 d=6.16 goal_err=-63 carrot_err= -37 c0=2.50 clear=1.00 prog=0.14 rel=0.81 bal=+0.42 obs=137 hard=118 obsc=141 yr=  0  nz=0.19 flt=0.02 dmap=+0/-0 shz=3.8 plan=33 cmd=(lx=+0.00,ly=+0.40,rx=+0.45)
  t=  2.1 DWA-F pos=(+0.79,+0.37) yaw=-148.4 d=6.13 goal_err=-57 carrot_err= -34 c0=2.50 clear=1.00 prog=0.17 rel=0.80 bal=+0.43 obs=140 hard=120 obsc=143 yr= 19  nz=0.20 flt=0.02 dmap=+3/-0 shz=3.7 plan=33 cmd=(lx=+0.00,ly=+0.40,rx=+0.00)
  t=  2.6 DWA-F pos=(+0.73,+0.34) yaw=-148.4 d=6.09 goal_err=-58 carrot_err= -36 c0=2.50 clear=1.00 prog=0.21 rel=0.85 bal=+0.43 obs=144 hard=122 obsc=145 yr=  0G nz=0.14 flt=0.00 dmap=+0/-0 shz=3.8 plan=33 cmd=(lx=+0.00,ly=+0.40,rx=+0.45)
  t=  3.0 DWA-F pos=(+0.70,+0.32) yaw=-152.4 d=6.07 goal_err=-54 carrot_err= -33 c0=2.50 clear=1.00 prog=0.22 rel=0.99 bal=+0.44 obs=154 hard=133 obsc=173 yr=  0  nz=0.01 flt=0.03 dmap=+0/-0 shz=3.8 plan=33 cmd=(lx=+0.00,ly=+0.40,rx=+0.00)
  t=  3.4 DWA-F pos=(+0.66,+0.30) yaw=-152.4 d=6.04 goal_err=-55 carrot_err= -34 c0=2.50 clear=1.00 prog=0.22 rel=0.98 bal=+0.44 obs=155 hard=144 obsc=168 yr=  0  nz=0.01 flt=0.00 dmap=+0/-0 shz=3.8 plan=32 cmd=(lx=+0.00,ly=+0.40,rx=+0.00)
  t=  3.9 DWA-F pos=(+0.62,+0.28) yaw=-152.4 d=6.02 goal_err=-55 carrot_err= -36 c0=2.50 clear=1.00 prog=0.21 rel=0.99 bal=+0.37 obs=156 hard=152 obsc=168 yr=  0  nz=0.01 flt=0.00 dmap=+1/-0 shz=3.9 plan=32 cmd=(lx=+0.00,ly=+0.40,rx=+0.00)
  t=  4.3 DWA-F pos=(+0.58,+0.26) yaw=-152.4 d=5.99 goal_err=-55 carrot_err= -38 c0=2.50 clear=1.00 prog=0.21 rel=0.99 bal=+0.37 obs=156 hard=152 obsc=168 yr=  0G nz=0.01 flt=0.00 dmap=+0/-0 shz=3.8 plan=32 cmd=(lx=+0.00,ly=+0.40,rx=+0.45)
  t=  4.7 DWA-F pos=(+0.53,+0.23) yaw=-158.4 d=5.96 goal_err=-50 carrot_err= -19 c0=2.50 clear=1.00 prog=0.21 rel=0.98 bal=+0.39 obs=159 hard=157 obsc=171 yr=  0  nz=0.01 flt=0.01 dmap=+0/-0 shz=3.9 plan=32 cmd=(lx=+0.00,ly=+0.40,rx=+0.00)
  t=  5.2 DWA-F pos=(+0.49,+0.22) yaw=-158.4 d=5.93 goal_err=-50 carrot_err= -20 c0=2.50 clear=1.00 prog=0.22 rel=0.98 bal=+0.40 obs=160 hard=158 obsc=172 yr=  0  nz=0.01 flt=0.01 dmap=+1/-0 shz=3.9 plan=32 cmd=(lx=+0.00,ly=+0.40,rx=+0.00)
  t=  5.6 DWA-F pos=(+0.44,+0.20) yaw=-158.4 d=5.90 goal_err=-50 carrot_err= -21 c0=2.50 clear=1.00 prog=0.22 rel=0.98 bal=+0.41 obs=160 hard=158 obsc=171 yr=  0  nz=0.02 flt=0.01 dmap=+0/-0 shz=3.9 plan=32 cmd=(lx=+0.00,ly=+0.40,rx=+0.00)
  t=  6.0 DWA-F pos=(+0.40,+0.19) yaw=-158.4 d=5.87 goal_err=-51 carrot_err= -23 c0=2.50 clear=1.00 prog=0.23 rel=0.99 bal=+0.43 obs=160 hard=159 obsc=172 yr=  0  nz=0.01 flt=0.00 dmap=+0/-0 shz=3.9 plan=32 cmd=(lx=+0.00,ly=+0.40,rx=+0.00)
  t=  6.5 DWA-F pos=(+0.35,+0.16) yaw=-158.4 d=5.84 goal_err=-51 carrot_err= -24 c0=2.50 clear=1.00 prog=0.23 rel=0.99 bal=+0.44 obs=161 hard=159 obsc=173 yr=  0  nz=0.01 flt=0.00 dmap=+0/-1 shz=3.9 plan=31 cmd=(lx=+0.00,ly=+0.40,rx=+0.00)
  t=  6.9 DWA-F pos=(+0.31,+0.15) yaw=-158.4 d=5.81 goal_err=-51 carrot_err= -26 c0=2.50 clear=1.00 prog=0.23 rel=0.99 bal=+0.45 obs=163 hard=160 obsc=174 yr=  0  nz=0.01 flt=0.00 dmap=+2/-0 shz=3.9 plan=31 cmd=(lx=+0.00,ly=+0.40,rx=+0.00)
  t=  7.3 DWA-F pos=(+0.27,+0.13) yaw=-158.4 d=5.78 goal_err=-52 carrot_err= -13 c0=2.50 clear=1.00 prog=0.23 rel=0.98 bal=+0.46 obs=162 hard=161 obsc=174 yr=  0  nz=0.02 flt=0.00 dmap=+0/-0 shz=3.9 plan=31 cmd=(lx=+0.00,ly=+0.40,rx=+0.00)
  t=  7.7 DWA-F pos=(+0.23,+0.12) yaw=-158.4 d=5.76 goal_err=-52 carrot_err= -14 c0=2.50 clear=1.00 prog=0.23 rel=0.98 bal=+0.46 obs=163 hard=161 obsc=174 yr=  0  nz=0.02 flt=0.00 dmap=+0/-0 shz=3.9 plan=30 cmd=(lx=+0.00,ly=+0.40,rx=+0.00)
  t=  8.2 DWA-F pos=(+0.19,+0.10) yaw=-158.4 d=5.73 goal_err=-52 carrot_err= -14 c0=2.50 clear=1.00 prog=0.21 rel=0.98 bal=+0.47 obs=163 hard=161 obsc=174 yr=  0  nz=0.02 flt=0.00 dmap=+1/-0 shz=3.9 plan=30 cmd=(lx=+0.00,ly=+0.40,rx=+0.00)
  t=  8.6 DWA-F pos=(+0.14,+0.08) yaw=-158.4 d=5.70 goal_err=-53 carrot_err= -15 c0=2.50 clear=1.00 prog=0.21 rel=0.98 bal=+0.40 obs=166 hard=164 obsc=177 yr=  0  nz=0.02 flt=0.00 dmap=+0/-0 shz=3.9 plan=30 cmd=(lx=+0.00,ly=+0.40,rx=+0.00)
  t=  9.0 DWA-F pos=(+0.09,+0.06) yaw=-158.4 d=5.67 goal_err=-53 carrot_err= -18 c0=2.44 clear=1.00 prog=0.22 rel=0.97 bal=+0.41 obs=165 hard=164 obsc=176 yr=  0  nz=0.03 flt=0.00 dmap=+0/-0 shz=3.9 plan=30 cmd=(lx=+0.00,ly=+0.40,rx=+0.00)
  t=  9.5 DWA-F pos=(+0.05,+0.05) yaw=-158.4 d=5.64 goal_err=-54 carrot_err= -18 c0=2.40 clear=1.00 prog=0.22 rel=0.95 bal=+0.41 obs=166 hard=164 obsc=176 yr=  0  nz=0.05 flt=0.01 dmap=+1/-0 shz=3.9 plan=29 cmd=(lx=+0.00,ly=+0.40,rx=+0.00)
  t=  9.9 DWA-F pos=(+0.01,+0.03) yaw=-158.4 d=5.62 goal_err=-54 carrot_err= -19 c0=2.36 clear=1.00 prog=0.22 rel=0.92 bal=+0.42 obs=170 hard=169 obsc=180 yr=  0  nz=0.08 flt=0.01 dmap=+3/-0 shz=3.9 plan=29 cmd=(lx=+0.00,ly=+0.40,rx=+0.00)
  t= 10.3 DWA-F pos=(-0.03,+0.01) yaw=-158.4 d=5.59 goal_err=-54 carrot_err= -21 c0=2.31 clear=1.00 prog=0.22 rel=0.91 bal=+0.43 obs=170 hard=169 obsc=181 yr=  0  nz=0.09 flt=0.01 dmap=+0/-0 shz=3.9 plan=29 cmd=(lx=+0.00,ly=+0.40,rx=+0.00)
  t= 10.8 DWA-F pos=(-0.08,-0.01) yaw=-158.4 d=5.56 goal_err=-55 carrot_err= -22 c0=2.26 clear=1.00 prog=0.21 rel=0.92 bal=+0.45 obs=172 hard=170 obsc=183 yr=  0  nz=0.08 flt=0.00 dmap=+0/-0 shz=3.9 plan=29 cmd=(lx=+0.00,ly=+0.40,rx=+0.00)
  t= 11.2 DWA-F pos=(-0.12,-0.02) yaw=-158.4 d=5.53 goal_err=-55 carrot_err= -23 c0=2.21 clear=1.00 prog=0.21 rel=0.91 bal=+0.47 obs=172 hard=171 obsc=182 yr=  0  nz=0.09 flt=0.00 dmap=+1/-1 shz=3.9 plan=29 cmd=(lx=+0.00,ly=+0.40,rx=+0.00)
  t= 11.6 DWA-F pos=(-0.17,-0.04) yaw=-158.4 d=5.51 goal_err=-56 carrot_err= -24 c0=2.17 clear=1.00 prog=0.21 rel=0.91 bal=+0.49 obs=173 hard=171 obsc=182 yr=  0  nz=0.09 flt=0.00 dmap=+0/-0 shz=3.9 plan=29 cmd=(lx=+0.00,ly=+0.40,rx=+0.00)
  t= 12.0 DWA-F pos=(-0.21,-0.06) yaw=-158.4 d=5.48 goal_err=-56 carrot_err= -26 c0=2.13 clear=1.00 prog=0.21 rel=0.91 bal=+0.50 obs=173 hard=170 obsc=183 yr=  0  nz=0.09 flt=0.00 dmap=+0/-0 shz=3.9 plan=29 cmd=(lx=+0.00,ly=+0.40,rx=+0.00)
  t= 12.5 DWA-F pos=(-0.25,-0.07) yaw=-158.4 d=5.46 goal_err=-56 carrot_err= -27 c0=2.08 clear=1.00 prog=0.20 rel=0.92 bal=+0.52 obs=175 hard=173 obsc=185 yr=  0  nz=0.08 flt=0.02 dmap=+0/-0 shz=3.9 plan=28 cmd=(lx=+0.00,ly=+0.40,rx=+0.00)
  t= 12.9 DWA-F pos=(-0.29,-0.09) yaw=-158.4 d=5.43 goal_err=-57 carrot_err= -29 c0=2.04 clear=1.00 prog=0.19 rel=0.92 bal=+0.53 obs=175 hard=174 obsc=185 yr=  0  nz=0.08 flt=0.00 dmap=+0/-1 shz=4.0 plan=28 cmd=(lx=+0.00,ly=+0.40,rx=+0.00)
  t= 13.3 DWA-F pos=(-0.34,-0.11) yaw=-158.4 d=5.40 goal_err=-57 carrot_err= -29 c0=1.99 clear=1.00 prog=0.20 rel=0.91 bal=+0.54 obs=174 hard=174 obsc=184 yr=  0  nz=0.09 flt=0.00 dmap=+0/-0 shz=3.9 plan=28 cmd=(lx=+0.00,ly=+0.40,rx=+0.00)
  t= 13.8 DWA-F pos=(-0.38,-0.13) yaw=-158.4 d=5.38 goal_err=-58 carrot_err= -30 c0=1.94 clear=1.00 prog=0.20 rel=0.91 bal=+0.55 obs=176 hard=175 obsc=185 yr=  0  nz=0.09 flt=0.02 dmap=+0/-0 shz=4.0 plan=27 cmd=(lx=+0.00,ly=+0.40,rx=+0.00)
  t= 14.2 DWA-F pos=(-0.42,-0.14) yaw=-158.4 d=5.35 goal_err=-58 carrot_err= -32 c0=1.90 clear=1.00 prog=0.20 rel=0.91 bal=+0.56 obs=176 hard=176 obsc=186 yr=  0  nz=0.09 flt=0.01 dmap=+1/-1 shz=3.9 plan=27 cmd=(lx=+0.00,ly=+0.40,rx=+0.00)
  t= 14.6 DWA-F pos=(-0.46,-0.16) yaw=-158.4 d=5.33 goal_err=-58 carrot_err= -34 c0=1.86 clear=1.00 prog=0.19 rel=0.91 bal=+0.57 obs=177 hard=175 obsc=186 yr=  0  nz=0.09 flt=0.01 dmap=+0/-0 shz=4.0 plan=27 cmd=(lx=+0.00,ly=+0.40,rx=+0.00)
  t= 15.1 DWA-F pos=(-0.51,-0.17) yaw=-158.4 d=5.31 goal_err=-59 carrot_err= -36 c0=1.81 clear=1.00 prog=0.18 rel=0.92 bal=+0.57 obs=181 hard=177 obsc=189 yr=  0  nz=0.09 flt=0.00 dmap=+0/-0 shz=3.9 plan=27 cmd=(lx=+0.00,ly=+0.40,rx=+0.00)
  t= 15.5 DWA-F pos=(-0.56,-0.19) yaw=-162.4 d=5.28 goal_err=-55 carrot_err= -43 c0=1.76 clear=1.00 prog=0.19 rel=0.92 bal=+0.51 obs=182 hard=177 obsc=190 yr= 19G nz=0.08 flt=0.14 dmap=+0/-0 shz=3.9 plan=26 cmd=(lx=+0.00,ly=+0.40,rx=+0.45)
  t= 15.9 DWA-F pos=(-0.60,-0.21) yaw=-170.5 d=5.25 goal_err=-48 carrot_err= -36 c0=1.88 clear=1.00 prog=0.20 rel=0.90 bal=+0.58 obs=193 hard=185 obsc=211 yr= 18  nz=0.10 flt=0.02 dmap=+12/-1 shz=4.0 plan=26 cmd=(lx=+0.00,ly=+0.40,rx=+0.00)
  t= 16.4 DWA-F pos=(-0.64,-0.21) yaw=-170.5 d=5.22 goal_err=-48 carrot_err= -38 c0=1.84 clear=1.00 prog=0.21 rel=0.91 bal=+0.53 obs=192 hard=184 obsc=205 yr=  0  nz=0.09 flt=0.08 dmap=+0/-0 shz=3.9 plan=26 cmd=(lx=+0.00,ly=+0.40,rx=+0.45)
  t= 16.8 DWA-F pos=(-0.69,-0.22) yaw=-174.5 d=5.19 goal_err=-44 carrot_err= -36 c0=1.88 clear=1.00 prog=0.22 rel=0.89 bal=+0.54 obs=194 hard=187 obsc=208 yr=  0  nz=0.11 flt=0.00 dmap=+0/-0 shz=4.0 plan=26 cmd=(lx=+0.00,ly=+0.40,rx=+0.00)
  t= 17.2 DWA-F pos=(-0.74,-0.22) yaw=-174.5 d=5.15 goal_err=-45 carrot_err= -38 c0=1.83 clear=1.00 prog=0.24 rel=0.91 bal=+0.55 obs=194 hard=189 obsc=208 yr=  0G nz=0.09 flt=0.01 dmap=+0/-0 shz=4.0 plan=26 cmd=(lx=+0.00,ly=+0.40,rx=+0.45)
  t= 17.7 DWA-F pos=(-0.79,-0.23) yaw=-178.5 d=5.12 goal_err=-41 carrot_err= -36 c0=1.79 clear=1.00 prog=0.25 rel=0.95 bal=+0.56 obs=194 hard=190 obsc=208 yr=  0  nz=0.05 flt=0.00 dmap=+0/-0 shz=4.0 plan=26 cmd=(lx=+0.00,ly=+0.40,rx=+0.00)
  t= 18.1 DWA-F pos=(-0.83,-0.23) yaw=+179.5 d=5.09 goal_err=-39 carrot_err= -29 c0=1.93 clear=1.00 prog=0.26 rel=0.92 bal=+0.57 obs=193 hard=191 obsc=208 yr= 18G nz=0.08 flt=0.00 dmap=+0/-0 shz=4.0 plan=26 cmd=(lx=+0.00,ly=+0.40,rx=+0.00)
  t= 18.6 DWA-F pos=(-0.88,-0.23) yaw=+177.5 d=5.05 goal_err=-38 carrot_err= -28 c0=1.92 clear=1.00 prog=0.27 rel=0.89 bal=+0.57 obs=197 hard=192 obsc=209 yr=  0  nz=0.11 flt=0.00 dmap=+0/-0 shz=4.0 plan=25 cmd=(lx=+0.00,ly=+0.40,rx=+0.00)
  t= 19.0 DWA-F pos=(-0.93,-0.22) yaw=+177.5 d=5.01 goal_err=-38 carrot_err= -30 c0=1.87 clear=1.00 prog=0.29 rel=0.87 bal=+0.55 obs=196 hard=192 obsc=208 yr=  0  nz=0.13 flt=0.02 dmap=+1/-0 shz=4.0 plan=25 cmd=(lx=+0.00,ly=+0.40,rx=+0.00)
  t= 19.4 DWA-F pos=(-0.98,-0.22) yaw=+177.5 d=4.97 goal_err=-39 carrot_err= -32 c0=1.82 clear=1.00 prog=0.28 rel=0.89 bal=+0.38 obs=196 hard=191 obsc=208 yr=  0  nz=0.11 flt=0.02 dmap=+0/-0 shz=4.0 plan=25 cmd=(lx=+0.00,ly=+0.40,rx=+0.00)
  t= 19.9 DWA-F pos=(-1.02,-0.22) yaw=+177.5 d=4.94 goal_err=-39 carrot_err= -36 c0=1.78 clear=1.00 prog=0.28 rel=0.92 bal=+0.36 obs=195 hard=192 obsc=208 yr=  0  nz=0.08 flt=0.00 dmap=+0/-0 shz=4.0 plan=24 cmd=(lx=+0.00,ly=+0.40,rx=+0.00)
  t= 20.3 DWA-F pos=(-1.07,-0.22) yaw=+177.5 d=4.90 goal_err=-39 carrot_err= -38 c0=1.74 clear=1.00 prog=0.28 rel=0.92 bal=+0.35 obs=194 hard=190 obsc=207 yr=  0G nz=0.09 flt=0.01 dmap=+0/-0 shz=4.0 plan=24 cmd=(lx=+0.00,ly=+0.40,rx=+0.45)
  t= 20.7 DWA-F pos=(-1.12,-0.21) yaw=+171.5 d=4.86 goal_err=-34 carrot_err= -33 c0=1.68 clear=1.00 prog=0.28 rel=0.92 bal=+0.34 obs=198 hard=190 obsc=210 yr=  0  nz=0.08 flt=0.13 dmap=+0/-0 shz=4.0 plan=24 cmd=(lx=+0.00,ly=+0.40,rx=+0.00)
  t= 21.2 DWA-F pos=(-1.16,-0.21) yaw=+171.5 d=4.82 goal_err=-34 carrot_err= -35 c0=1.64 clear=1.00 prog=0.29 rel=0.91 bal=+0.33 obs=197 hard=193 obsc=210 yr=  0  nz=0.09 flt=0.00 dmap=+0/-0 shz=4.0 plan=24 cmd=(lx=+0.00,ly=+0.40,rx=+0.00)
  t= 21.6 DWA-F pos=(-1.21,-0.20) yaw=+171.5 d=4.78 goal_err=-34 carrot_err= -29 c0=1.59 clear=1.00 prog=0.29 rel=0.91 bal=+0.32 obs=197 hard=192 obsc=209 yr=  0  nz=0.09 flt=0.01 dmap=+1/-0 shz=4.0 plan=23 cmd=(lx=+0.00,ly=+0.40,rx=+0.00)
  t= 22.0 DWA-F pos=(-1.25,-0.19) yaw=+171.5 d=4.75 goal_err=-34 carrot_err= -30 c0=1.55 clear=1.00 prog=0.30 rel=0.91 bal=+0.30 obs=193 hard=189 obsc=205 yr=  0  nz=0.09 flt=0.01 dmap=+0/-0 shz=4.0 plan=23 cmd=(lx=+0.00,ly=+0.40,rx=+0.00)
  t= 22.4 DWA-F pos=(-1.30,-0.19) yaw=+171.5 d=4.71 goal_err=-35 carrot_err= -31 c0=1.50 clear=1.00 prog=0.30 rel=0.91 bal=+0.29 obs=191 hard=188 obsc=205 yr=  0  nz=0.09 flt=0.01 dmap=+0/-0 shz=4.0 plan=23 cmd=(lx=+0.00,ly=+0.40,rx=+0.00)
  t= 22.9 DWA-F pos=(-1.35,-0.18) yaw=+171.5 d=4.67 goal_err=-35 carrot_err= -15 c0=1.45 clear=0.97 prog=0.30 rel=0.91 bal=+0.29 obs=192 hard=188 obsc=204 yr=  0  nz=0.09 flt=0.00 dmap=+0/-0 shz=4.0 plan=22 cmd=(lx=+0.00,ly=+0.40,rx=+0.00)
  t= 23.3 DWA-F pos=(-1.39,-0.17) yaw=+171.5 d=4.63 goal_err=-35 carrot_err= -16 c0=1.41 clear=0.94 prog=0.30 rel=0.91 bal=+0.28 obs=195 hard=191 obsc=206 yr=  0  nz=0.09 flt=0.01 dmap=+2/-0 shz=4.0 plan=22 cmd=(lx=+0.00,ly=+0.40,rx=+0.00)
  t= 23.7 DWA-F pos=(-1.44,-0.16) yaw=+171.5 d=4.59 goal_err=-36 carrot_err= -17 c0=1.36 clear=0.91 prog=0.30 rel=0.92 bal=+0.27 obs=195 hard=190 obsc=206 yr=  0  nz=0.08 flt=0.00 dmap=+0/-0 shz=4.0 plan=22 cmd=(lx=+0.00,ly=+0.40,rx=+0.00)
  t= 24.2 DWA-F pos=(-1.48,-0.16) yaw=+171.5 d=4.56 goal_err=-36 carrot_err= -18 c0=1.32 clear=0.88 prog=0.30 rel=0.91 bal=+0.13 obs=194 hard=190 obsc=206 yr=  0  nz=0.09 flt=0.01 dmap=+0/-0 shz=4.0 plan=22 cmd=(lx=+0.00,ly=+0.40,rx=+0.00)
  t= 24.6 DWA-F pos=(-1.54,-0.15) yaw=+171.5 d=4.51 goal_err=-36 carrot_err= -24 c0=1.26 clear=0.84 prog=0.29 rel=0.91 bal=+0.13 obs=196 hard=190 obsc=207 yr=  0  nz=0.09 flt=0.01 dmap=+0/-0 shz=4.0 plan=21 cmd=(lx=+0.00,ly=+0.40,rx=+0.00)
  t= 25.0 DWA-F pos=(-1.58,-0.14) yaw=+171.5 d=4.48 goal_err=-37 carrot_err= -25 c0=1.22 clear=0.81 prog=0.29 rel=0.91 bal=+0.13 obs=192 hard=189 obsc=205 yr=  0  nz=0.09 flt=0.03 dmap=+1/-2 shz=4.0 plan=21 cmd=(lx=+0.00,ly=+0.40,rx=+0.00)
  t= 25.5 DWA-F pos=(-1.63,-0.14) yaw=+171.5 d=4.44 goal_err=-37 carrot_err= -26 c0=1.18 clear=0.78 prog=0.29 rel=0.91 bal=+0.13 obs=193 hard=189 obsc=205 yr=  0  nz=0.09 flt=0.01 dmap=+0/-0 shz=4.0 plan=21 cmd=(lx=+0.00,ly=+0.40,rx=+0.00)
  t= 25.9 DWA-F pos=(-1.67,-0.13) yaw=+171.5 d=4.41 goal_err=-38 carrot_err= -27 c0=1.13 clear=0.76 prog=0.29 rel=0.92 bal=+0.12 obs=193 hard=187 obsc=204 yr=  0  nz=0.08 flt=0.01 dmap=+0/-0 shz=4.0 plan=21 cmd=(lx=+0.00,ly=+0.40,rx=+0.00)
  t= 26.3 DWA-F pos=(-1.71,-0.12) yaw=+171.5 d=4.37 goal_err=-38 carrot_err= -29 c0=1.09 clear=0.73 prog=0.27 rel=0.92 bal=+0.12 obs=193 hard=189 obsc=205 yr=  0  nz=0.08 flt=0.01 dmap=+0/-1 shz=4.0 plan=21 cmd=(lx=+0.00,ly=+0.40,rx=+0.00)
  t= 26.8 DWA-F pos=(-1.77,-0.12) yaw=+171.5 d=4.33 goal_err=-38 carrot_err= -32 c0=1.04 clear=0.69 prog=0.29 rel=0.92 bal=+0.11 obs=193 hard=189 obsc=205 yr=  0  nz=0.08 flt=0.01 dmap=+0/-0 shz=4.0 plan=21 cmd=(lx=+0.00,ly=+0.40,rx=+0.00)
  t= 27.2 DWA-F pos=(-1.81,-0.11) yaw=+171.5 d=4.29 goal_err=-39 carrot_err= -33 c0=0.99 clear=0.66 prog=0.29 rel=0.91 bal=+0.11 obs=195 hard=191 obsc=207 yr=  0  nz=0.10 flt=0.03 dmap=+0/-0 shz=4.0 plan=21 cmd=(lx=+0.00,ly=+0.40,rx=+0.45)
  t= 27.6 DWA-F pos=(-1.86,-0.10) yaw=+165.5 d=4.26 goal_err=-33 carrot_err= -19 c0=0.95 clear=0.63 prog=0.29 rel=0.91 bal=+0.10 obs=200 hard=194 obsc=211 yr= 19  nz=0.09 flt=0.15 dmap=+5/-0 shz=4.0 plan=20 cmd=(lx=+0.00,ly=+0.40,rx=+0.00)
  t= 28.0 DWA-F pos=(-1.90,-0.09) yaw=+165.5 d=4.22 goal_err=-33 carrot_err= -23 c0=0.91 clear=0.60 prog=0.29 rel=0.91 bal=+0.10 obs=201 hard=195 obsc=211 yr=  0  nz=0.09 flt=0.01 dmap=+0/-0 shz=4.0 plan=20 cmd=(lx=+0.00,ly=+0.40,rx=+0.00)
  t= 28.5 DWA-F pos=(-1.94,-0.08) yaw=+165.5 d=4.18 goal_err=-34 carrot_err= -24 c0=0.87 clear=0.58 prog=0.28 rel=0.93 bal=+0.02 obs=202 hard=197 obsc=213 yr=  0  nz=0.07 flt=0.00 dmap=+0/-0 shz=4.0 plan=20 cmd=(lx=+0.00,ly=+0.40,rx=+0.00)
  t= 28.9 DWA-F pos=(-2.00,-0.06) yaw=+165.5 d=4.14 goal_err=-34 carrot_err= -25 c0=0.82 clear=0.54 prog=0.30 rel=0.93 bal=+0.00 obs=200 hard=198 obsc=212 yr=  0  nz=0.07 flt=0.01 dmap=+0/-0 shz=4.0 plan=19 cmd=(lx=+0.00,ly=+0.40,rx=+0.00)
  t= 29.4 DWA-F pos=(-2.04,-0.05) yaw=+165.5 d=4.10 goal_err=-34 carrot_err= -26 c0=0.97 clear=0.65 prog=0.30 rel=0.92 bal=-0.01 obs=199 hard=198 obsc=212 yr=  0  nz=0.08 flt=0.01 dmap=+3/-3 shz=4.0 plan=19 cmd=(lx=+0.00,ly=+0.40,rx=+0.00)
  t= 29.8 DWA-F pos=(-2.08,-0.04) yaw=+165.5 d=4.06 goal_err=-35 carrot_err= -27 c0=0.93 clear=0.62 prog=0.30 rel=0.89 bal=-0.03 obs=200 hard=197 obsc=210 yr=  0  nz=0.11 flt=0.01 dmap=+0/-0 shz=4.0 plan=19 cmd=(lx=+0.00,ly=+0.40,rx=+0.00)
  t= 30.2 DWA-F pos=(-2.12,-0.03) yaw=+165.5 d=4.03 goal_err=-35 carrot_err= -29 c0=1.08 clear=0.72 prog=0.30 rel=0.84 bal=-0.05 obs=202 hard=200 obsc=213 yr=  0  nz=0.16 flt=0.00 dmap=+0/-0 shz=4.0 plan=19 cmd=(lx=+0.00,ly=+0.40,rx=+0.00)
  t= 30.6 DWA-F pos=(-2.17,-0.02) yaw=+165.5 d=3.99 goal_err=-36 carrot_err= -22 c0=1.03 clear=0.69 prog=0.30 rel=0.84 bal=-0.20 obs=203 hard=199 obsc=214 yr=  0  nz=0.16 flt=0.00 dmap=+0/-0 shz=4.0 plan=18 cmd=(lx=+0.00,ly=+0.40,rx=+0.00)
  t= 31.1 DWA-F pos=(-2.22,-0.01) yaw=+165.5 d=3.95 goal_err=-36 carrot_err= -23 c0=0.98 clear=0.65 prog=0.30 rel=0.91 bal=-0.49 obs=206 hard=201 obsc=216 yr=  0  nz=0.09 flt=0.01 dmap=+1/-0 shz=4.0 plan=18 cmd=(lx=+0.00,ly=+0.40,rx=+0.00)
  t= 31.5 DWA-F pos=(-2.26,+0.00) yaw=+165.5 d=3.91 goal_err=-36 carrot_err= -24 c0=0.94 clear=0.62 prog=0.29 rel=0.92 bal=-0.55 obs=207 hard=201 obsc=217 yr=  0  nz=0.08 flt=0.03 dmap=+0/-0 shz=4.0 plan=18 cmd=(lx=+0.00,ly=+0.40,rx=+0.00)
  t= 31.9 DWA-F pos=(-2.31,+0.02) yaw=+165.5 d=3.88 goal_err=-37 carrot_err= -26 c0=0.89 clear=0.60 prog=0.29 rel=0.92 bal=-0.56 obs=209 hard=203 obsc=219 yr=  0  nz=0.08 flt=0.01 dmap=+0/-0 shz=4.0 plan=17 cmd=(lx=+0.00,ly=+0.40,rx=+0.00)
  t= 32.4 DWA-F pos=(-2.35,+0.03) yaw=+165.5 d=3.84 goal_err=-37 carrot_err= -27 c0=0.85 clear=0.57 prog=0.29 rel=0.92 bal=-0.48 obs=206 hard=202 obsc=219 yr=  0  nz=0.08 flt=0.00 dmap=+1/-2 shz=4.0 plan=17 cmd=(lx=+0.00,ly=+0.40,rx=+0.00)
  t= 32.8 DWA-F pos=(-2.39,+0.04) yaw=+165.5 d=3.80 goal_err=-38 carrot_err= -28 c0=0.81 clear=0.54 prog=0.29 rel=0.92 bal=-0.48 obs=207 hard=201 obsc=217 yr=  0  nz=0.08 flt=0.01 dmap=+0/-0 shz=4.0 plan=17 cmd=(lx=+0.00,ly=+0.40,rx=+0.45)
  t= 33.2 DWA-F pos=(-2.45,+0.05) yaw=+161.5 d=3.76 goal_err=-34 carrot_err= -26 c0=0.76 clear=0.50 prog=0.29 rel=0.91 bal=-0.47 obs=211 hard=203 obsc=221 yr=  0  nz=0.09 flt=0.19 dmap=+0/-0 shz=4.0 plan=17 cmd=(lx=+0.00,ly=+0.40,rx=+0.00)
  t= 33.7 DWA-F pos=(-2.49,+0.07) yaw=+161.5 d=3.72 goal_err=-34 carrot_err= -28 c0=0.71 clear=0.48 prog=0.29 rel=0.91 bal=-0.45 obs=212 hard=205 obsc=222 yr=  0  nz=0.10 flt=0.06 dmap=+1/-0 shz=4.0 plan=17 cmd=(lx=+0.00,ly=+0.40,rx=+0.00)
  t= 34.1 DWA-F pos=(-2.53,+0.08) yaw=+159.5 d=3.69 goal_err=-33 carrot_err= -26 c0=1.07 clear=0.71 prog=0.29 rel=0.92 bal=-0.44 obs=212 hard=205 obsc=222 yr= 19G nz=0.08 flt=0.00 dmap=+0/-0 shz=4.0 plan=17 cmd=(lx=+0.00,ly=+0.40,rx=+0.00)
  t= 34.5 ENG-F pos=(-2.58,+0.10) yaw=+155.5 d=3.64 goal_err=-29 carrot_err= -24 c0=1.03 clear=0.69 prog=0.31 rel=0.76 bal=-0.44 obs=214 hard=208 obsc=225 yr=  0  nz=0.24 flt=0.01 dmap=+0/-0 shz=4.0 plan=17 cmd=(lx=+0.00,ly=+0.28,rx=+0.00)
  t= 35.0 ENG-F pos=(-2.61,+0.12) yaw=+155.5 d=3.61 goal_err=-30 carrot_err= -25 c0=0.99 clear=0.66 prog=0.29 rel=0.74 bal=-0.37 obs=215 hard=210 obsc=226 yr=  0  nz=0.26 flt=0.00 dmap=+2/-1 shz=3.9 plan=16 cmd=(lx=+0.00,ly=+0.28,rx=+0.00)
  t= 35.4 ENG-F pos=(-2.64,+0.13) yaw=+155.5 d=3.58 goal_err=-30 carrot_err= -26 c0=0.96 clear=0.64 prog=0.28 rel=0.77 bal=-0.37 obs=215 hard=209 obsc=227 yr=  0  nz=0.23 flt=0.02 dmap=+3/-2 shz=4.0 plan=16 cmd=(lx=+0.00,ly=+0.28,rx=+0.00)
  t= 35.8 ENG-F pos=(-2.68,+0.15) yaw=+155.5 d=3.54 goal_err=-30 carrot_err= -27 c0=0.92 clear=0.61 prog=0.28 rel=0.93 bal=-0.37 obs=215 hard=208 obsc=226 yr=  0  nz=0.07 flt=0.01 dmap=+0/-0 shz=3.9 plan=16 cmd=(lx=+0.00,ly=+0.28,rx=+0.00)
  t= 36.2 ENG-F pos=(-2.72,+0.17) yaw=+155.5 d=3.51 goal_err=-30 carrot_err= -28 c0=0.88 clear=0.59 prog=0.27 rel=0.93 bal=-0.31 obs=217 hard=212 obsc=228 yr=  0  nz=0.07 flt=0.00 dmap=+0/-0 shz=4.0 plan=16 cmd=(lx=+0.00,ly=+0.28,rx=+0.00)
  t= 36.7 ENG-F pos=(-2.75,+0.18) yaw=+155.5 d=3.48 goal_err=-31 carrot_err= -19 c0=0.85 clear=0.57 prog=0.26 rel=0.93 bal=-0.31 obs=215 hard=210 obsc=226 yr=  0  nz=0.07 flt=0.03 dmap=+0/-1 shz=4.0 plan=16 cmd=(lx=+0.00,ly=+0.28,rx=+0.00)
  t= 37.1 ENG-F pos=(-2.78,+0.20) yaw=+155.5 d=3.45 goal_err=-31 carrot_err= -20 c0=0.82 clear=0.55 prog=0.26 rel=0.93 bal=-0.30 obs=215 hard=209 obsc=225 yr=  0  nz=0.07 flt=0.00 dmap=+0/-0 shz=4.0 plan=16 cmd=(lx=+0.00,ly=+0.28,rx=+0.00)
  t= 37.5 ENG-F pos=(-2.81,+0.21) yaw=+155.5 d=3.42 goal_err=-31 carrot_err= -21 c0=0.81 clear=0.54 prog=0.24 rel=0.92 bal=-0.26 obs=215 hard=210 obsc=227 yr=  0  nz=0.08 flt=0.02 dmap=+0/-0 shz=4.0 plan=16 cmd=(lx=+0.00,ly=+0.28,rx=+0.00)
  t= 37.9 ENG-F pos=(-2.85,+0.22) yaw=+155.5 d=3.39 goal_err=-32 carrot_err= -22 c0=0.77 clear=0.52 prog=0.24 rel=0.94 bal=-0.26 obs=215 hard=210 obsc=226 yr=  0  nz=0.06 flt=0.03 dmap=+1/-1 shz=4.0 plan=16 cmd=(lx=+0.00,ly=+0.28,rx=+0.00)
  t= 38.4 ENG-F pos=(-2.89,+0.24) yaw=+155.5 d=3.35 goal_err=-32 carrot_err= -23 c0=0.73 clear=0.49 prog=0.26 rel=0.94 bal=-0.26 obs=216 hard=210 obsc=226 yr=  0  nz=0.06 flt=0.01 dmap=+0/-0 shz=4.0 plan=16 cmd=(lx=+0.00,ly=+0.28,rx=+0.00)
  t= 38.8 ENG-F pos=(-2.92,+0.26) yaw=+155.5 d=3.32 goal_err=-32 carrot_err= -24 c0=0.69 clear=0.46 prog=0.25 rel=0.93 bal=-0.27 obs=217 hard=214 obsc=229 yr=  0  nz=0.07 flt=0.00 dmap=+0/-0 shz=4.0 plan=16 cmd=(lx=+0.00,ly=+0.28,rx=+0.00)
  t= 39.2 ENG-F pos=(-2.95,+0.27) yaw=+155.5 d=3.29 goal_err=-33 carrot_err= -24 c0=0.66 clear=0.44 prog=0.25 rel=0.93 bal=-0.15 obs=217 hard=211 obsc=227 yr=  0  nz=0.07 flt=0.01 dmap=+0/-0 shz=4.0 plan=16 cmd=(lx=+0.00,ly=+0.28,rx=+0.00)
  t= 39.6 ENG-F pos=(-2.99,+0.29) yaw=+155.5 d=3.26 goal_err=-33 carrot_err= -25 c0=0.62 clear=0.41 prog=0.25 rel=0.92 bal=-0.16 obs=217 hard=211 obsc=227 yr=  0  nz=0.08 flt=0.00 dmap=+0/-0 shz=4.0 plan=16 cmd=(lx=+0.00,ly=+0.28,rx=+0.00)
  t= 40.1 ENG-F pos=(-3.00,+0.30) yaw=+151.4 d=3.24 goal_err=-29 carrot_err= -23 c0=0.61 clear=0.40 prog=0.22 rel=0.93 bal=-0.20 obs=216 hard=212 obsc=227 yr= 19  nz=0.07 flt=0.01 dmap=+0/-0 shz=4.0 plan=16 cmd=(lx=+0.00,ly=+0.28,rx=+0.00)
  t= 40.5 ENG-F pos=(-3.03,+0.31) yaw=+151.4 d=3.21 goal_err=-30 carrot_err= -25 c0=0.57 clear=0.38 prog=0.21 rel=0.92 bal=-0.21 obs=216 hard=210 obsc=226 yr=  0  nz=0.08 flt=0.00 dmap=+0/-0 shz=4.0 plan=16 cmd=(lx=+0.00,ly=+0.28,rx=+0.00)
  t= 40.9 ENG-T pos=(-3.07,+0.33) yaw=+151.4 d=3.17 goal_err=-30 carrot_err= -23 c0=0.53 clear=0.35 prog=0.23 rel=0.93 bal=-0.22 obs=217 hard=211 obsc=227 yr=  0G nz=0.07 flt=0.01 dmap=+1/-0 shz=4.0 plan=16 cmd=(lx=+0.00,ly=+0.00,rx=+0.45)
  t= 41.4 ENG-F pos=(-3.09,+0.34) yaw=+147.4 d=3.16 goal_err=-26 carrot_err= -20 c0=0.57 clear=0.38 prog=0.20 rel=0.94 bal=-0.22 obs=219 hard=214 obsc=230 yr=  0  nz=0.06 flt=0.03 dmap=+0/-0 shz=4.0 plan=15 cmd=(lx=+0.00,ly=+0.28,rx=+0.00)
  t= 41.8 ENG-T pos=(-3.12,+0.36) yaw=+147.4 d=3.12 goal_err=-26 carrot_err= -20 c0=0.54 clear=0.36 prog=0.21 rel=0.95 bal=-0.16 obs=219 hard=213 obsc=229 yr=  0  nz=0.05 flt=0.00 dmap=+2/-0 shz=3.9 plan=15 cmd=(lx=+0.00,ly=+0.00,rx=+0.45)
  t= 42.2 ENG-F pos=(-3.13,+0.37) yaw=+143.4 d=3.11 goal_err=-23 carrot_err= -17 c0=0.52 clear=0.35 prog=0.21 rel=0.95 bal=-0.15 obs=219 hard=215 obsc=231 yr=  0  nz=0.05 flt=0.00 dmap=+1/-1 shz=4.0 plan=15 cmd=(lx=+0.00,ly=+0.28,rx=+0.00)
  t= 42.6 ENG-T pos=(-3.16,+0.39) yaw=+143.4 d=3.08 goal_err=-23 carrot_err= -18 c0=0.67 clear=0.45 prog=0.19 rel=0.90 bal=-0.15 obs=220 hard=215 obsc=231 yr=  0  nz=0.10 flt=0.00 dmap=+0/-0 shz=3.9 plan=15 cmd=(lx=+0.00,ly=+0.00,rx=+0.45)
  t= 43.1 ENG-F pos=(-3.17,+0.40) yaw=+139.4 d=3.06 goal_err=-19 carrot_err= -14 c0=0.66 clear=0.44 prog=0.19 rel=0.89 bal=-0.14 obs=227 hard=220 obsc=238 yr=  0  nz=0.11 flt=0.16 dmap=+8/-1 shz=3.9 plan=15 cmd=(lx=+0.00,ly=+0.28,rx=+0.00)
  t= 43.5 ENG-T pos=(-3.20,+0.42) yaw=+139.4 d=3.03 goal_err=-19 carrot_err= -14 c0=0.63 clear=0.42 prog=0.19 rel=0.89 bal=+0.48 obs=224 hard=220 obsc=236 yr=  0  nz=0.11 flt=0.00 dmap=+0/-2 shz=4.0 plan=15 cmd=(lx=+0.00,ly=+0.00,rx=+0.45)
  t= 43.9 ENG-F pos=(-3.21,+0.44) yaw=+135.4 d=3.01 goal_err=-15 carrot_err= -11 c0=0.87 clear=0.58 prog=0.18 rel=0.85 bal=+0.49 obs=232 hard=224 obsc=243 yr=  0  nz=0.14 flt=0.34 dmap=+0/-0 shz=3.9 plan=15 cmd=(lx=+0.00,ly=+0.28,rx=+0.00)
  t= 44.3 ENG-GO pos=(-3.23,+0.45) yaw=+135.4 d=2.99 goal_err=-15 carrot_err= -11 c0=0.84 clear=0.56 prog=0.18 rel=0.83 bal=+0.50 obs=231 hard=227 obsc=243 yr=  0  nz=0.17 flt=0.01 dmap=+0/-0 shz=4.0 plan=15 cmd=(lx=+0.00,ly=+0.28,rx=+0.00)
  t= 44.8 ENG-GO pos=(-3.25,+0.47) yaw=+135.4 d=2.96 goal_err=-15 carrot_err= -12 c0=0.82 clear=0.55 prog=0.19 rel=0.83 bal=+0.52 obs=232 hard=228 obsc=243 yr=  0  nz=0.17 flt=0.00 dmap=+0/-1 shz=3.9 plan=15 cmd=(lx=+0.00,ly=+0.28,rx=+0.00)
  t= 45.2 ENG-GO pos=(-3.27,+0.50) yaw=+135.4 d=2.93 goal_err=-16 carrot_err= -12 c0=0.79 clear=0.53 prog=0.20 rel=0.96 bal=+0.53 obs=229 hard=228 obsc=242 yr=  0  nz=0.04 flt=0.01 dmap=+0/-0 shz=4.0 plan=15 cmd=(lx=+0.00,ly=+0.28,rx=+0.00)
  t= 45.6 ENG-GO pos=(-3.29,+0.52) yaw=+135.4 d=2.91 goal_err=-16 carrot_err=  -9 c0=0.76 clear=0.51 prog=0.20 rel=0.94 bal=+0.54 obs=231 hard=226 obsc=241 yr=  0  nz=0.06 flt=0.00 dmap=+1/-0 shz=4.0 plan=15 cmd=(lx=+0.00,ly=+0.28,rx=+0.00)
  t= 46.0 ENG-GO pos=(-3.31,+0.54) yaw=+135.4 d=2.88 goal_err=-16 carrot_err=  -7 c0=0.74 clear=0.49 prog=0.21 rel=0.94 bal=+0.55 obs=229 hard=224 obsc=239 yr=  0  nz=0.06 flt=0.00 dmap=+0/-0 shz=4.0 plan=13 cmd=(lx=+0.00,ly=+0.28,rx=+0.00)
  t= 46.5 ENG-GO pos=(-3.34,+0.56) yaw=+135.4 d=2.84 goal_err=-16 carrot_err=  -7 c0=0.70 clear=0.47 prog=0.23 rel=0.92 bal=+0.57 obs=227 hard=224 obsc=239 yr=  0  nz=0.08 flt=0.00 dmap=+0/-0 shz=4.0 plan=13 cmd=(lx=+0.00,ly=+0.28,rx=+0.00)
  t= 46.9 ENG-GO pos=(-3.36,+0.58) yaw=+135.4 d=2.81 goal_err=-16 carrot_err=  -7 c0=1.12 clear=0.75 prog=0.24 rel=0.72 bal=+0.59 obs=229 hard=225 obsc=239 yr=  0  nz=0.28 flt=0.01 dmap=+1/-0 shz=4.0 plan=13 cmd=(lx=+0.00,ly=+0.28,rx=+0.00)
  t= 47.3 ENG-GO pos=(-3.38,+0.61) yaw=+135.4 d=2.78 goal_err=-16 carrot_err=  -8 c0=1.09 clear=0.73 prog=0.24 rel=0.70 bal=+0.01 obs=231 hard=227 obsc=242 yr=  0  nz=0.30 flt=0.00 dmap=+0/-0 shz=4.0 plan=13 cmd=(lx=+0.00,ly=+0.28,rx=+0.00)
  t= 47.7 ENG-GO pos=(-3.40,+0.63) yaw=+135.4 d=2.75 goal_err=-17 carrot_err=  -8 c0=1.06 clear=0.71 prog=0.24 rel=0.72 bal=+0.02 obs=231 hard=225 obsc=242 yr=  0  nz=0.28 flt=0.00 dmap=+0/-0 shz=4.0 plan=13 cmd=(lx=+0.00,ly=+0.28,rx=+0.00)
  t= 48.2 ENG-GO pos=(-3.43,+0.65) yaw=+135.4 d=2.72 goal_err=-17 carrot_err=  -8 c0=1.03 clear=0.69 prog=0.23 rel=0.94 bal=+0.02 obs=231 hard=226 obsc=242 yr=  0  nz=0.06 flt=0.00 dmap=+0/-0 shz=4.0 plan=13 cmd=(lx=+0.00,ly=+0.28,rx=+0.00)
  t= 48.6 ENG-GO pos=(-3.45,+0.67) yaw=+135.4 d=2.69 goal_err=-17 carrot_err=  -8 c0=1.09 clear=0.72 prog=0.23 rel=0.94 bal=-0.02 obs=230 hard=226 obsc=241 yr=  0  nz=0.06 flt=0.01 dmap=+1/-1 shz=3.9 plan=13 cmd=(lx=+0.00,ly=+0.28,rx=+0.00)
  t= 49.0 ENG-GO pos=(-3.48,+0.70) yaw=+135.4 d=2.65 goal_err=-17 carrot_err=  -9 c0=1.04 clear=0.69 prog=0.26 rel=0.95 bal=+0.02 obs=228 hard=225 obsc=240 yr=  0  nz=0.05 flt=0.01 dmap=+3/-2 shz=4.0 plan=13 cmd=(lx=+0.00,ly=+0.28,rx=+0.00)
  t= 49.5 ENG-GO pos=(-3.51,+0.73) yaw=+135.4 d=2.61 goal_err=-18 carrot_err=  -9 c0=1.01 clear=0.67 prog=0.27 rel=0.95 bal=+0.01 obs=227 hard=224 obsc=238 yr=  0  nz=0.05 flt=0.01 dmap=+0/-0 shz=4.0 plan=12 cmd=(lx=+0.00,ly=+0.28,rx=+0.00)
  t= 49.9 ENG-GO pos=(-3.53,+0.75) yaw=+135.4 d=2.58 goal_err=-18 carrot_err= -10 c0=0.97 clear=0.65 prog=0.28 rel=0.93 bal=+0.01 obs=227 hard=222 obsc=237 yr=  0  nz=0.07 flt=0.01 dmap=+0/-0 shz=4.0 plan=12 cmd=(lx=+0.00,ly=+0.28,rx=+0.00)
  t= 50.3 ENG-GO pos=(-3.56,+0.78) yaw=+135.4 d=2.55 goal_err=-18 carrot_err= -10 c0=0.94 clear=0.63 prog=0.28 rel=0.91 bal=+0.00 obs=227 hard=223 obsc=237 yr=  0  nz=0.09 flt=0.00 dmap=+0/-0 shz=4.0 plan=12 cmd=(lx=+0.00,ly=+0.28,rx=+0.00)
  t= 50.7 ENG-GO pos=(-3.59,+0.80) yaw=+135.4 d=2.51 goal_err=-18 carrot_err= -11 c0=0.91 clear=0.60 prog=0.28 rel=0.91 bal=-0.01 obs=227 hard=222 obsc=237 yr=  0  nz=0.09 flt=0.01 dmap=+0/-0 shz=3.9 plan=12 cmd=(lx=+0.00,ly=+0.28,rx=+0.00)
  t= 51.2 ENG-GO pos=(-3.61,+0.83) yaw=+135.4 d=2.48 goal_err=-19 carrot_err=  -8 c0=0.87 clear=0.58 prog=0.27 rel=0.92 bal=-0.01 obs=228 hard=225 obsc=239 yr=  0  nz=0.08 flt=0.00 dmap=+0/-0 shz=4.0 plan=12 cmd=(lx=+0.00,ly=+0.28,rx=+0.00)
  t= 51.6 ENG-GO pos=(-3.64,+0.86) yaw=+135.4 d=2.43 goal_err=-19 carrot_err=  -8 c0=0.83 clear=0.55 prog=0.28 rel=0.93 bal=-0.02 obs=227 hard=225 obsc=239 yr=  0  nz=0.07 flt=0.00 dmap=+0/-2 shz=4.0 plan=12 cmd=(lx=+0.00,ly=+0.28,rx=+0.00)
  t= 52.0 ENG-GO pos=(-3.67,+0.89) yaw=+135.4 d=2.40 goal_err=-19 carrot_err=  -9 c0=0.80 clear=0.53 prog=0.28 rel=0.93 bal=-0.03 obs=227 hard=223 obsc=237 yr=  0  nz=0.07 flt=0.01 dmap=+0/-0 shz=4.0 plan=12 cmd=(lx=+0.00,ly=+0.28,rx=+0.00)
  t= 52.4 ENG-GO pos=(-3.69,+0.91) yaw=+135.4 d=2.37 goal_err=-19 carrot_err=  -9 c0=0.76 clear=0.51 prog=0.28 rel=0.92 bal=-0.02 obs=224 hard=221 obsc=236 yr=  0  nz=0.08 flt=0.02 dmap=+0/-0 shz=4.0 plan=11 cmd=(lx=+0.00,ly=+0.28,rx=+0.00)
  t= 52.8 ENG-GO pos=(-3.72,+0.94) yaw=+135.4 d=2.33 goal_err=-20 carrot_err=  -9 c0=0.73 clear=0.49 prog=0.28 rel=0.94 bal=-0.03 obs=226 hard=221 obsc=236 yr=  0  nz=0.06 flt=0.00 dmap=+1/-0 shz=4.0 plan=11 cmd=(lx=+0.00,ly=+0.28,rx=+0.00)
  t= 53.3 ENG-GO pos=(-3.75,+0.96) yaw=+135.4 d=2.30 goal_err=-20 carrot_err= -10 c0=0.70 clear=0.46 prog=0.27 rel=0.93 bal=-0.05 obs=224 hard=222 obsc=237 yr=  0  nz=0.07 flt=0.02 dmap=+0/-0 shz=4.0 plan=11 cmd=(lx=+0.00,ly=+0.28,rx=+0.00)
  t= 53.7 ENG-GO pos=(-3.77,+0.99) yaw=+135.4 d=2.26 goal_err=-20 carrot_err= -10 c0=0.75 clear=0.50 prog=0.27 rel=0.95 bal=-0.06 obs=225 hard=221 obsc=235 yr=  0  nz=0.05 flt=0.00 dmap=+0/-0 shz=4.0 plan=11 cmd=(lx=+0.00,ly=+0.28,rx=+0.00)
  t= 54.1 ENG-GO pos=(-3.80,+1.02) yaw=+135.4 d=2.22 goal_err=-21 carrot_err=  -8 c0=0.71 clear=0.47 prog=0.28 rel=0.95 bal=-0.07 obs=226 hard=221 obsc=237 yr=  0  nz=0.05 flt=0.00 dmap=+1/-0 shz=3.9 plan=11 cmd=(lx=+0.00,ly=+0.28,rx=+0.00)
  t= 54.5 ENG-GO pos=(-3.83,+1.04) yaw=+135.4 d=2.19 goal_err=-21 carrot_err=  -8 c0=0.67 clear=0.45 prog=0.28 rel=0.94 bal=-0.09 obs=227 hard=222 obsc=237 yr=  0  nz=0.06 flt=0.00 dmap=+0/-0 shz=4.0 plan=11 cmd=(lx=+0.00,ly=+0.28,rx=+0.00)
  t= 55.0 ENG-GO pos=(-3.85,+1.07) yaw=+135.4 d=2.16 goal_err=-21 carrot_err=  -9 c0=0.64 clear=0.42 prog=0.28 rel=0.91 bal=-0.12 obs=226 hard=220 obsc=236 yr=  0  nz=0.09 flt=0.00 dmap=+0/-0 shz=4.0 plan=11 cmd=(lx=+0.00,ly=+0.28,rx=+0.00)
  t= 55.4 ENG-GO pos=(-3.88,+1.10) yaw=+135.4 d=2.12 goal_err=-22 carrot_err=  -9 c0=0.60 clear=0.40 prog=0.28 rel=0.92 bal=-0.07 obs=226 hard=222 obsc=236 yr=  0  nz=0.08 flt=0.00 dmap=+0/-0 shz=3.9 plan=11 cmd=(lx=+0.00,ly=+0.28,rx=+0.00)
  t= 55.8 ENG-GO pos=(-3.91,+1.12) yaw=+135.4 d=2.09 goal_err=-22 carrot_err=  -9 c0=0.57 clear=0.38 prog=0.28 rel=0.92 bal=-0.07 obs=226 hard=223 obsc=237 yr=  0  nz=0.08 flt=0.01 dmap=+1/-0 shz=4.0 plan=10 cmd=(lx=+0.00,ly=+0.28,rx=+0.00)
  t= 56.2 ENG-GO pos=(-3.93,+1.15) yaw=+135.4 d=2.06 goal_err=-23 carrot_err= -10 c0=0.53 clear=0.36 prog=0.26 rel=0.93 bal=-0.06 obs=225 hard=222 obsc=236 yr=  0  nz=0.07 flt=0.03 dmap=+0/-0 shz=3.9 plan=10 cmd=(lx=+0.00,ly=+0.28,rx=+0.00)
  t= 56.7 ENG-GO pos=(-3.95,+1.16) yaw=+135.4 d=2.03 goal_err=-23 carrot_err= -10 c0=0.69 clear=0.46 prog=0.24 rel=0.93 bal=+0.01 obs=222 hard=220 obsc=234 yr=  0  nz=0.07 flt=0.00 dmap=+0/-2 shz=4.0 plan=10 cmd=(lx=+0.00,ly=+0.28,rx=+0.00)
  t= 57.1 ENG-GO pos=(-3.97,+1.19) yaw=+135.4 d=2.00 goal_err=-23 carrot_err= -11 c0=0.75 clear=0.50 prog=0.24 rel=0.87 bal=+0.01 obs=224 hard=222 obsc=236 yr=  0  nz=0.13 flt=0.01 dmap=+0/-0 shz=4.0 plan=10 cmd=(lx=+0.00,ly=+0.28,rx=+0.00)
  t= 57.5 ENG-GO pos=(-4.00,+1.22) yaw=+135.4 d=1.96 goal_err=-24 carrot_err= -18 c0=0.71 clear=0.47 prog=0.24 rel=0.85 bal=+0.01 obs=226 hard=224 obsc=237 yr=  0  nz=0.15 flt=0.00 dmap=+1/-0 shz=3.9 plan=10 cmd=(lx=+0.00,ly=+0.28,rx=+0.00)
  t= 58.0 ENG-GO pos=(-4.02,+1.24) yaw=+135.4 d=1.94 goal_err=-24 carrot_err= -19 c0=0.68 clear=0.45 prog=0.23 rel=0.95 bal=+0.01 obs=227 hard=226 obsc=239 yr=  0  nz=0.05 flt=0.04 dmap=+0/-0 shz=4.0 plan=10 cmd=(lx=+0.00,ly=+0.28,rx=+0.00)
  t= 58.4 ENG-GO pos=(-4.05,+1.26) yaw=+135.4 d=1.91 goal_err=-24 carrot_err= -20 c0=0.65 clear=0.43 prog=0.23 rel=0.94 bal=+0.01 obs=226 hard=224 obsc=237 yr=  0  nz=0.07 flt=0.00 dmap=+0/-0 shz=4.0 plan=10 cmd=(lx=+0.00,ly=+0.28,rx=+0.00)
  t= 58.8 ENG-GO pos=(-4.06,+1.28) yaw=+135.4 d=1.89 goal_err=-25 carrot_err= -20 c0=0.63 clear=0.42 prog=0.22 rel=0.93 bal=+0.61 obs=225 hard=224 obsc=237 yr=  0  nz=0.07 flt=0.03 dmap=+0/-0 shz=4.0 plan=10 cmd=(lx=+0.00,ly=+0.28,rx=+0.00)
  t= 59.3 ENG-GO pos=(-4.08,+1.30) yaw=+135.4 d=1.86 goal_err=-25 carrot_err= -21 c0=0.60 clear=0.40 prog=0.22 rel=0.94 bal=+0.53 obs=223 hard=223 obsc=236 yr=  0  nz=0.06 flt=0.00 dmap=+0/-0 shz=4.0 plan=10 cmd=(lx=+0.00,ly=+0.28,rx=+0.00)
  t= 59.7 ENG-GO pos=(-4.11,+1.32) yaw=+135.4 d=1.83 goal_err=-25 carrot_err= -27 c0=0.57 clear=0.38 prog=0.20 rel=0.95 bal=+0.54 obs=225 hard=222 obsc=237 yr=  0  nz=0.05 flt=0.00 dmap=+1/-1 shz=4.0 plan=10 cmd=(lx=+0.00,ly=+0.28,rx=+0.00)
  t= 60.2 ENG-GO pos=(-4.13,+1.34) yaw=+135.4 d=1.81 goal_err=-26 carrot_err= -28 c0=0.54 clear=0.36 prog=0.20 rel=0.94 bal=+0.55 obs=225 hard=221 obsc=236 yr=  0  nz=0.06 flt=0.04 dmap=+1/-1 shz=4.0 plan=10 cmd=(lx=+0.00,ly=+0.28,rx=+0.00)
  t= 60.6 ENG-GO pos=(-4.15,+1.36) yaw=+135.4 d=1.78 goal_err=-26 carrot_err= -29 c0=0.70 clear=0.46 prog=0.20 rel=0.90 bal=+0.56 obs=224 hard=221 obsc=236 yr=  0  nz=0.10 flt=0.00 dmap=+0/-0 shz=4.0 plan=9 cmd=(lx=+0.00,ly=+0.28,rx=+0.00)
  t= 61.0 ENG-GO pos=(-4.17,+1.38) yaw=+135.4 d=1.75 goal_err=-27 carrot_err= -30 c0=1.32 clear=0.88 prog=0.20 rel=0.57 bal=+0.57 obs=225 hard=224 obsc=238 yr=  0  nz=0.43 flt=0.00 dmap=+1/-0 shz=4.0 plan=9 cmd=(lx=+0.00,ly=+0.28,rx=+0.00)
  t= 61.5 ENG-GO pos=(-4.19,+1.40) yaw=+135.4 d=1.73 goal_err=-27 carrot_err= -30 c0=1.29 clear=0.86 prog=0.20 rel=0.49 bal=+0.58 obs=225 hard=223 obsc=238 yr=  0  nz=0.51 flt=0.00 dmap=+0/-1 shz=3.9 plan=9 cmd=(lx=+0.00,ly=+0.28,rx=+0.00)
  t= 61.9 ENG-GO pos=(-4.21,+1.42) yaw=+135.4 d=1.71 goal_err=-28 carrot_err= -31 c0=1.26 clear=0.84 prog=0.19 rel=0.55 bal=+0.59 obs=230 hard=226 obsc=241 yr=  0  nz=0.45 flt=0.00 dmap=+0/-0 shz=4.0 plan=9 cmd=(lx=+0.00,ly=+0.28,rx=+0.00)
  t= 62.4 ENG-GO pos=(-4.23,+1.44) yaw=+135.4 d=1.68 goal_err=-28 carrot_err= -33 c0=1.24 clear=0.82 prog=0.19 rel=0.94 bal=+0.60 obs=230 hard=227 obsc=241 yr=  0  nz=0.06 flt=0.01 dmap=+0/-0 shz=3.9 plan=9 cmd=(lx=+0.00,ly=+0.28,rx=+0.00)
  t= 62.8 ENG-GO pos=(-4.24,+1.45) yaw=+135.4 d=1.66 goal_err=-28 carrot_err= -33 c0=1.22 clear=0.81 prog=0.18 rel=0.94 bal=+0.60 obs=230 hard=228 obsc=241 yr=  0  nz=0.06 flt=0.01 dmap=+0/-0 shz=4.0 plan=9 cmd=(lx=+0.00,ly=+0.28,rx=+0.00)
  t= 63.2 ENG-GO pos=(-4.26,+1.48) yaw=+135.4 d=1.63 goal_err=-29 carrot_err= -35 c0=1.18 clear=0.79 prog=0.18 rel=0.95 bal=+0.61 obs=232 hard=228 obsc=242 yr=  0  nz=0.05 flt=0.00 dmap=+1/-0 shz=4.0 plan=9 cmd=(lx=+0.00,ly=+0.28,rx=+0.00)
  t= 63.7 ENG-GO pos=(-4.29,+1.50) yaw=+135.4 d=1.60 goal_err=-29 carrot_err= -36 c0=1.15 clear=0.77 prog=0.19 rel=0.95 bal=+0.61 obs=231 hard=228 obsc=242 yr=  0  nz=0.05 flt=0.01 dmap=+0/-0 shz=4.0 plan=9 cmd=(lx=+0.00,ly=+0.28,rx=+0.00)
  t= 64.1 ENG-GO pos=(-4.31,+1.52) yaw=+135.4 d=1.58 goal_err=-30 carrot_err= -27 c0=1.12 clear=0.75 prog=0.19 rel=0.94 bal=+0.02 obs=228 hard=225 obsc=239 yr=  0  nz=0.06 flt=0.00 dmap=+0/-0 shz=4.0 plan=9 cmd=(lx=+0.00,ly=+0.28,rx=+0.00)
  t= 64.6 ENG-GO pos=(-4.33,+1.54) yaw=+135.4 d=1.55 goal_err=-31 carrot_err= -28 c0=0.71 clear=0.48 prog=0.20 rel=0.76 bal=+0.14 obs=229 hard=225 obsc=238 yr=  0  nz=0.24 flt=0.01 dmap=+0/-0 shz=4.0 plan=9 cmd=(lx=+0.00,ly=+0.28,rx=+0.00)
  t= 65.0 ENG-GO pos=(-4.35,+1.56) yaw=+135.4 d=1.52 goal_err=-31 carrot_err= -29 c0=0.69 clear=0.46 prog=0.21 rel=0.68 bal=+0.15 obs=231 hard=229 obsc=241 yr=  0  nz=0.32 flt=0.00 dmap=+2/-1 shz=3.9 plan=8 cmd=(lx=+0.00,ly=+0.28,rx=+0.00)
  t= 65.4 ENG-GO pos=(-4.38,+1.59) yaw=+135.4 d=1.49 goal_err=-32 carrot_err= -30 c0=1.02 clear=0.68 prog=0.21 rel=0.69 bal=+0.15 obs=231 hard=228 obsc=240 yr=  0  nz=0.31 flt=0.00 dmap=+0/-0 shz=4.0 plan=8 cmd=(lx=+0.00,ly=+0.28,rx=+0.00)
  t= 65.9 ENG-GO pos=(-4.39,+1.61) yaw=+135.4 d=1.47 goal_err=-32 carrot_err= -31 c0=1.00 clear=0.67 prog=0.20 rel=0.75 bal=+0.15 obs=231 hard=228 obsc=240 yr=  0  nz=0.25 flt=0.01 dmap=+0/-0 shz=3.9 plan=8 cmd=(lx=+0.00,ly=+0.28,rx=+0.00)
  t= 66.3 ENG-GO pos=(-4.42,+1.63) yaw=+135.4 d=1.44 goal_err=-33 carrot_err= -32 c0=0.97 clear=0.65 prog=0.20 rel=0.76 bal=+0.05 obs=231 hard=227 obsc=240 yr=  0  nz=0.24 flt=0.00 dmap=+0/-0 shz=3.9 plan=8 cmd=(lx=+0.00,ly=+0.28,rx=+0.00)
  t= 66.8 ENG-GO pos=(-4.44,+1.66) yaw=+135.4 d=1.41 goal_err=-34 carrot_err= -33 c0=0.93 clear=0.62 prog=0.21 rel=0.94 bal=+0.05 obs=232 hard=229 obsc=241 yr=  0  nz=0.06 flt=0.00 dmap=+1/-1 shz=4.0 plan=8 cmd=(lx=+0.00,ly=+0.28,rx=+0.00)
  t= 67.2 ENG-GO pos=(-4.46,+1.68) yaw=+135.4 d=1.39 goal_err=-34 carrot_err= -35 c0=0.91 clear=0.60 prog=0.20 rel=0.94 bal=-0.44 obs=232 hard=229 obsc=241 yr=  0  nz=0.06 flt=0.01 dmap=+0/-0 shz=3.9 plan=8 cmd=(lx=+0.00,ly=+0.28,rx=+0.00)
  t= 67.6 ENG-GO pos=(-4.49,+1.70) yaw=+135.4 d=1.36 goal_err=-35 carrot_err= -38 c0=0.87 clear=0.58 prog=0.20 rel=0.94 bal=-0.46 obs=231 hard=229 obsc=241 yr=  0  nz=0.06 flt=0.00 dmap=+0/-0 shz=3.9 plan=8 cmd=(lx=+0.00,ly=+0.28,rx=+0.00)
  t= 68.1 DWA-F pos=(-4.51,+1.73) yaw=+133.4 d=1.33 goal_err=-34 carrot_err= -38 c0=0.83 clear=0.56 prog=0.21 rel=0.93 bal=-0.48 obs=232 hard=230 obsc=241 yr= 17G nz=0.07 flt=0.10 dmap=+0/-0 shz=3.9 plan=7 cmd=(lx=+0.00,ly=+0.40,rx=+0.45)
  t= 68.5 DWA-F pos=(-4.53,+1.76) yaw=+127.4 d=1.30 goal_err=-29 carrot_err= -33 c0=0.80 clear=0.53 prog=0.21 rel=0.93 bal=-0.49 obs=232 hard=230 obsc=241 yr= 18G nz=0.07 flt=0.02 dmap=+0/-0 shz=4.0 plan=7 cmd=(lx=+0.00,ly=+0.40,rx=+0.45)
  t= 69.0 DWA-F pos=(-4.54,+1.80) yaw=+119.6 d=1.25 goal_err=-21 carrot_err= -25 c0=0.89 clear=0.59 prog=0.25 rel=0.92 bal=-0.38 obs=233 hard=231 obsc=242 yr= 18  nz=0.08 flt=0.00 dmap=+0/-0 shz=4.0 plan=7 cmd=(lx=+0.00,ly=+0.40,rx=+0.00)
  t= 69.4 DWA-F pos=(-4.56,+1.83) yaw=+119.6 d=1.22 goal_err=-21 carrot_err= -26 c0=0.86 clear=0.57 prog=0.25 rel=0.93 bal=-0.39 obs=234 hard=232 obsc=243 yr=  0  nz=0.07 flt=0.00 dmap=+0/-0 shz=4.0 plan=7 cmd=(lx=+0.00,ly=+0.40,rx=+0.00)
  t= 69.9 DWA-F pos=(-4.58,+1.87) yaw=+119.6 d=1.18 goal_err=-22 carrot_err= -28 c0=0.82 clear=0.55 prog=0.27 rel=0.94 bal=-0.40 obs=234 hard=233 obsc=244 yr=  0  nz=0.06 flt=0.02 dmap=+1/-1 shz=3.9 plan=7 cmd=(lx=+0.00,ly=+0.40,rx=+0.45)
  t= 70.3 DWA-F pos=(-4.59,+1.90) yaw=+115.5 d=1.15 goal_err=-19 carrot_err= -25 c0=0.79 clear=0.53 prog=0.28 rel=0.94 bal=-0.40 obs=235 hard=234 obsc=246 yr= 18  nz=0.06 flt=0.00 dmap=+1/-2 shz=3.9 plan=7 cmd=(lx=+0.00,ly=+0.40,rx=+0.00)
  t= 70.8 DWA-F pos=(-4.61,+1.93) yaw=+115.5 d=1.11 goal_err=-20 carrot_err= -13 c0=1.03 clear=0.69 prog=0.27 rel=0.86 bal=-0.41 obs=235 hard=231 obsc=244 yr=  0  nz=0.14 flt=0.03 dmap=+0/-0 shz=4.0 plan=7 cmd=(lx=+0.00,ly=+0.40,rx=+0.00)
  t= 71.2 DWA-F pos=(-4.63,+1.97) yaw=+115.5 d=1.07 goal_err=-20 carrot_err= -14 c0=1.41 clear=0.94 prog=0.26 rel=0.81 bal=-0.41 obs=236 hard=232 obsc=245 yr=  0  nz=0.19 flt=0.01 dmap=+0/-0 shz=3.9 plan=6 cmd=(lx=+0.00,ly=+0.40,rx=+0.00)
  t= 71.7 DWA-F pos=(-4.65,+2.01) yaw=+115.5 d=1.04 goal_err=-21 carrot_err= -15 c0=1.37 clear=0.92 prog=0.28 rel=0.64 bal=-0.49 obs=236 hard=233 obsc=247 yr=  0  nz=0.36 flt=0.01 dmap=+0/-0 shz=4.0 plan=6 cmd=(lx=+0.00,ly=+0.40,rx=+0.00)
  t= 72.1 DWA-F pos=(-4.66,+2.04) yaw=+115.5 d=1.01 goal_err=-22 carrot_err= -15 c0=1.34 clear=0.90 prog=0.28 rel=0.72 bal=-0.50 obs=233 hard=231 obsc=243 yr=  0  nz=0.28 flt=0.00 dmap=+0/-0 shz=3.9 plan=6 cmd=(lx=+0.00,ly=+0.40,rx=+0.00)
  t= 72.6 DWA-F pos=(-4.68,+2.08) yaw=+115.5 d=0.97 goal_err=-23 carrot_err= -16 c0=1.30 clear=0.87 prog=0.28 rel=0.75 bal=-0.51 obs=234 hard=232 obsc=244 yr=  0  nz=0.25 flt=0.01 dmap=+0/-0 shz=3.9 plan=6 cmd=(lx=+0.00,ly=+0.40,rx=+0.00)
  t= 73.0 DWA-F pos=(-4.70,+2.12) yaw=+115.5 d=0.93 goal_err=-24 carrot_err= -19 c0=1.26 clear=0.84 prog=0.28 rel=0.93 bal=-0.39 obs=231 hard=230 obsc=242 yr=  0  nz=0.07 flt=0.01 dmap=+0/-0 shz=3.9 plan=6 cmd=(lx=+0.00,ly=+0.40,rx=+0.00)
  t= 73.4 DWA-F pos=(-4.71,+2.15) yaw=+115.5 d=0.89 goal_err=-25 carrot_err= -20 c0=1.23 clear=0.82 prog=0.26 rel=0.93 bal=-0.54 obs=232 hard=229 obsc=244 yr=  0  nz=0.07 flt=0.02 dmap=+0/-0 shz=4.0 plan=6 cmd=(lx=+0.00,ly=+0.40,rx=+0.00)
  t= 73.9 DWA-F pos=(-4.73,+2.19) yaw=+115.5 d=0.85 goal_err=-26 carrot_err= -21 c0=1.19 clear=0.79 prog=0.28 rel=0.94 bal=-0.44 obs=233 hard=231 obsc=246 yr=  0  nz=0.06 flt=0.00 dmap=+2/-3 shz=3.9 plan=6 cmd=(lx=+0.00,ly=+0.40,rx=+0.00)
  t= 74.4 DWA-F pos=(-4.75,+2.23) yaw=+115.5 d=0.81 goal_err=-27 carrot_err= -22 c0=1.15 clear=0.77 prog=0.28 rel=0.93 bal=-0.43 obs=238 hard=233 obsc=248 yr=  0  nz=0.07 flt=0.01 dmap=+0/-0 shz=4.0 plan=5 cmd=(lx=+0.00,ly=+0.40,rx=+0.00)
  t= 74.8 DWA-F pos=(-4.77,+2.27) yaw=+115.5 d=0.78 goal_err=-29 carrot_err= -23 c0=1.11 clear=0.74 prog=0.28 rel=0.93 bal=-0.43 obs=237 hard=232 obsc=247 yr=  0  nz=0.07 flt=0.01 dmap=+0/-0 shz=3.9 plan=5 cmd=(lx=+0.00,ly=+0.40,rx=+0.00)
  t= 75.2 DWA-F pos=(-4.79,+2.30) yaw=+115.5 d=0.75 goal_err=-30 carrot_err= -24 c0=1.08 clear=0.72 prog=0.28 rel=0.92 bal=-0.42 obs=238 hard=235 obsc=248 yr=  0  nz=0.08 flt=0.00 dmap=+0/-0 shz=3.9 plan=5 cmd=(lx=+0.00,ly=+0.40,rx=+0.00)
  t= 75.7 DWA-F pos=(-4.81,+2.34) yaw=+115.5 d=0.71 goal_err=-32 carrot_err= -26 c0=1.04 clear=0.69 prog=0.27 rel=0.93 bal=-0.42 obs=236 hard=234 obsc=246 yr=  0  nz=0.07 flt=0.00 dmap=+0/-1 shz=3.9 plan=5 cmd=(lx=+0.00,ly=+0.40,rx=+0.00)
  t= 76.1 DWA-F pos=(-4.82,+2.38) yaw=+115.5 d=0.67 goal_err=-34 carrot_err= -28 c0=1.01 clear=0.67 prog=0.27 rel=0.94 bal=-0.42 obs=231 hard=231 obsc=233 yr=  0  nz=0.06 flt=0.01 dmap=+1/-4 shz=3.9 plan=4 cmd=(lx=+0.00,ly=+0.40,rx=+0.00)
  t= 76.6 DWA-F pos=(-4.84,+2.41) yaw=+113.5 d=0.64 goal_err=-33 carrot_err= -27 c0=0.97 clear=0.65 prog=0.25 rel=0.94 bal=-0.41 obs=231 hard=231 obsc=233 yr= 18G nz=0.06 flt=0.01 dmap=+0/-0 shz=3.9 plan=4 cmd=(lx=+0.00,ly=+0.40,rx=+0.00)
  t= 77.0 DWA-F pos=(-4.85,+2.45) yaw=+109.5 d=0.61 goal_err=-31 carrot_err= -25 c0=0.93 clear=0.62 prog=0.26 rel=0.93 bal=-0.39 obs=238 hard=239 obsc=242 yr=  0  nz=0.07 flt=0.03 dmap=+0/-0 shz=3.9 plan=4 cmd=(lx=+0.00,ly=+0.40,rx=+0.00)
  t= 77.5 DWA-F pos=(-4.87,+2.49) yaw=+109.5 d=0.57 goal_err=-34 carrot_err= -27 c0=0.89 clear=0.59 prog=0.26 rel=0.91 bal=-0.39 obs=236 hard=236 obsc=239 yr=  0G nz=0.09 flt=0.01 dmap=+0/-0 shz=4.0 plan=4 cmd=(lx=+0.00,ly=+0.40,rx=+0.45)
  t= 77.9 DWA-F pos=(-4.88,+2.53) yaw=+103.5 d=0.53 goal_err=-30 carrot_err= -23 c0=0.85 clear=0.56 prog=0.26 rel=0.92 bal=-0.16 obs=246 hard=246 obsc=250 yr= 18G nz=0.08 flt=0.04 dmap=+0/-0 shz=3.9 plan=4 cmd=(lx=+0.00,ly=+0.28,rx=+0.45)
  t= 78.4 DWA-F pos=(-4.89,+2.56) yaw= +97.5 d=0.51 goal_err=-25 carrot_err= -19 c0=0.99 clear=0.66 prog=0.25 rel=0.91 bal=-0.17 obs=248 hard=248 obsc=252 yr= 18  nz=0.09 flt=0.03 dmap=+0/-0 shz=4.0 plan=4 cmd=(lx=+0.00,ly=+0.40,rx=+0.00)
  t= 78.8 DWA-T pos=(-4.89,+2.58) yaw= +97.5 d=0.49 goal_err=-27 carrot_err= -20 c0=0.97 clear=0.65 prog=0.22 rel=0.90 bal=-0.17 obs=248 hard=244 obsc=253 yr=  0  nz=0.10 flt=0.06 dmap=+0/-0 shz=3.9 plan=4 cmd=(lx=+0.00,ly=+0.00,rx=+0.00)
  t= 79.3 DWA-T pos=(-4.89,+2.58) yaw= +97.5 d=0.49 goal_err=-27 carrot_err= -20 c0=0.97 clear=0.65 prog=0.15 rel=0.89 bal=-0.17 obs=247 hard=246 obsc=254 yr=  0  nz=0.11 flt=0.00 dmap=+0/-0 shz=4.0 plan=3 cmd=(lx=+0.00,ly=+0.00,rx=+0.00)
  t= 79.7 DWA-T pos=(-4.89,+2.58) yaw= +97.5 d=0.49 goal_err=-27 carrot_err= -20 c0=0.97 clear=0.65 prog=0.09 rel=0.89 bal=-0.17 obs=247 hard=246 obsc=254 yr=  0  nz=0.11 flt=0.00 dmap=+0/-0 shz=4.0 plan=3 cmd=(lx=+0.00,ly=+0.00,rx=+0.00)
  t= 80.2 BRK-BK pos=(-4.89,+2.57) yaw= +97.5 d=0.50 goal_err=-26 carrot_err= -19 c0=0.98 clear=0.65 prog=0.03 rel=0.89 bal=-0.17 obs=246 hard=243 obsc=251 yr=  0  nz=0.11 flt=0.00 dmap=+1/-2 shz=3.7 plan=0 cmd=(lx=+0.00,ly=-0.35,rx=+0.00)
  t= 80.6 BRK-TR pos=(-4.88,+2.53) yaw= +97.5 d=0.53 goal_err=-24 carrot_err= -18 c0=1.01 clear=0.68 prog=0.00 rel=0.97 bal=-0.17 obs=246 hard=243 obsc=251 yr=  0G nz=0.03 flt=0.03 dmap=+0/-0 shz=3.7 plan=0 cmd=(lx=+0.00,ly=+0.00,rx=+0.45)
  t= 81.1 BRK-TR pos=(-4.88,+2.53) yaw= +89.5 d=0.53 goal_err=-16 carrot_err= -10 c0=1.12 clear=0.74 prog=0.00 rel=0.91 bal=-0.17 obs=246 hard=243 obsc=251 yr= 19G nz=0.09 flt=0.00 dmap=+0/-0 shz=3.7 plan=0 cmd=(lx=+0.00,ly=+0.00,rx=+0.45)
  t= 81.5 BRK-TR pos=(-4.88,+2.53) yaw= +83.5 d=0.53 goal_err=-10 carrot_err=  -4 c0=1.12 clear=0.74 prog=0.00 rel=0.90 bal=-0.26 obs=246 hard=243 obsc=251 yr= 18G nz=0.10 flt=0.00 dmap=+0/-0 shz=3.7 plan=0 cmd=(lx=+0.00,ly=+0.00,rx=+0.45)
  t= 81.9 BRK-TR pos=(-4.88,+2.53) yaw= +75.4 d=0.53 goal_err=-2 carrot_err=  +5 c0=1.11 clear=0.74 prog=0.00 rel=0.92 bal=-0.29 obs=246 hard=243 obsc=251 yr= 18G nz=0.08 flt=0.00 dmap=+0/-0 shz=3.7 plan=0 cmd=(lx=+0.00,ly=+0.00,rx=+0.45)
  t= 82.4 BRK-TR pos=(-4.88,+2.53) yaw= +69.4 d=0.53 goal_err=+4 carrot_err= +11 c0=1.11 clear=0.74 prog=0.00 rel=0.96 bal=-0.29 obs=246 hard=243 obsc=251 yr=  0G nz=0.04 flt=0.09 dmap=+0/-0 shz=3.7 plan=0 cmd=(lx=+0.00,ly=+0.00,rx=+0.45)
  t= 82.8 DWA-F pos=(-4.88,+2.53) yaw= +61.4 d=0.53 goal_err=+12 carrot_err= +19 c0=1.11 clear=0.74 prog=0.00 rel=0.96 bal=-0.19 obs=246 hard=243 obsc=251 yr= 18G nz=0.04 flt=0.00 dmap=+0/-0 shz=3.7 plan=3 cmd=(lx=+0.00,ly=+0.40,rx=+0.00)
  t= 83.3 DWA-F pos=(-4.87,+2.55) yaw= +59.4 d=0.51 goal_err=+14 carrot_err= +21 c0=1.09 clear=0.72 prog=0.03 rel=0.96 bal=-0.19 obs=230 hard=233 obsc=237 yr=  0  nz=0.04 flt=0.00 dmap=+0/-3 shz=3.7 plan=3 cmd=(lx=+0.00,ly=+0.40,rx=+0.00)
  t= 83.7 DWA-T pos=(-4.86,+2.56) yaw= +59.4 d=0.49 goal_err=+15 carrot_err= +22 c0=1.07 clear=0.71 prog=0.07 rel=0.97 bal=-0.19 obs=229 hard=230 obsc=235 yr=  0  nz=0.03 flt=0.00 dmap=+0/-1 shz=3.7 plan=3 cmd=(lx=+0.00,ly=+0.00,rx=+0.00)
  t= 84.2 DWA-T pos=(-4.86,+2.56) yaw= +59.4 d=0.49 goal_err=+15 carrot_err= +22 c0=1.07 clear=0.71 prog=0.07 rel=0.97 bal=-0.19 obs=229 hard=230 obsc=235 yr=  0  nz=0.03 flt=0.00 dmap=+0/-0 shz=3.7 plan=3 cmd=(lx=+0.00,ly=+0.00,rx=+0.00)
  t= 84.6 DWA-T pos=(-4.86,+2.56) yaw= +59.4 d=0.49 goal_err=+15 carrot_err= +22 c0=1.07 clear=0.71 prog=0.07 rel=0.97 bal=-0.19 obs=229 hard=230 obsc=235 yr=  0  nz=0.03 flt=0.00 dmap=+0/-0 shz=3.7 plan=3 cmd=(lx=+0.00,ly=+0.00,rx=+0.00)
  t= 85.1 BRK-BK pos=(-4.86,+2.56) yaw= +59.4 d=0.49 goal_err=+15 carrot_err= +22 c0=1.07 clear=0.71 prog=0.05 rel=0.97 bal=-0.19 obs=229 hard=230 obsc=235 yr=  0  nz=0.03 flt=0.00 dmap=+0/-0 shz=3.7 plan=0 cmd=(lx=+0.00,ly=-0.35,rx=+0.00)
  t= 85.5 BRK-TR pos=(-4.88,+2.53) yaw= +59.4 d=0.53 goal_err=+14 carrot_err= +21 c0=1.10 clear=0.74 prog=0.00 rel=1.00 bal=-0.19 obs=226 hard=227 obsc=231 yr=  0G nz=0.00 flt=0.00 dmap=+0/-0 shz=3.5 plan=0 cmd=(lx=+0.00,ly=+0.00,rx=+0.45)
  t= 85.9 BRK-TR pos=(-4.89,+2.52) yaw= +53.4 d=0.54 goal_err=+20 carrot_err= +26 c0=1.12 clear=0.74 prog=0.00 rel=0.97 bal=-0.12 obs=227 hard=228 obsc=232 yr= 18G nz=0.03 flt=0.22 dmap=+0/-0 shz=3.4 plan=0 cmd=(lx=+0.00,ly=+0.00,rx=+0.45)
  t= 86.4 BRK-TR pos=(-4.89,+2.52) yaw= +47.4 d=0.54 goal_err=+26 carrot_err= +32 c0=1.12 clear=0.74 prog=0.00 rel=0.98 bal=-0.12 obs=229 hard=230 obsc=234 yr=  0G nz=0.02 flt=0.00 dmap=+0/-0 shz=3.5 plan=0 cmd=(lx=+0.00,ly=+0.00,rx=+0.45)
  t= 86.8 BRK-TR pos=(-4.89,+2.52) yaw= +39.3 d=0.54 goal_err=+34 carrot_err= +40 c0=1.12 clear=0.74 prog=0.00 rel=0.98 bal=-0.06 obs=229 hard=230 obsc=234 yr= 18G nz=0.02 flt=0.00 dmap=+0/-0 shz=3.4 plan=0 cmd=(lx=+0.00,ly=+0.00,rx=+0.45)
  t= 87.3 BRK-TR pos=(-4.89,+2.52) yaw= +31.3 d=0.54 goal_err=+42 carrot_err= +48 c0=1.12 clear=0.74 prog=0.00 rel=1.00 bal=-0.06 obs=229 hard=230 obsc=234 yr= 19G nz=0.00 flt=0.11 dmap=+0/-0 shz=3.4 plan=0 cmd=(lx=+0.00,ly=+0.00,rx=+0.45)
  t= 87.7 BRK-TR pos=(-4.89,+2.52) yaw= +25.3 d=0.54 goal_err=+48 carrot_err= +54 c0=1.25 clear=0.83 prog=0.00 rel=0.99 bal=-0.06 obs=229 hard=230 obsc=234 yr= 18G nz=0.01 flt=0.00 dmap=+0/-0 shz=3.4 plan=0 cmd=(lx=+0.00,ly=+0.00,rx=+0.45)
  t= 88.2 DWA-F pos=(-4.87,+2.53) yaw= +25.3 d=0.53 goal_err=+49 carrot_err= +56 c0=1.24 clear=0.82 prog=0.01 rel=0.91 bal=+0.07 obs=229 hard=230 obsc=234 yr= 17G nz=0.09 flt=0.01 dmap=+0/-0 shz=3.5 plan=3 cmd=(lx=+0.00,ly=+0.28,rx=-0.45)
  t= 88.6 DWA-F pos=(-4.85,+2.54) yaw= +33.3 d=0.51 goal_err=+43 carrot_err= +50 c0=1.08 clear=0.72 prog=0.05 rel=0.89 bal=-0.05 obs=229 hard=230 obsc=234 yr= 19G nz=0.11 flt=0.00 dmap=+0/-0 shz=3.4 plan=3 cmd=(lx=+0.00,ly=+0.28,rx=-0.45)
  t= 89.0 DWA-F pos=(-4.83,+2.55) yaw= +39.3 d=0.50 goal_err=+39 carrot_err= +46 c0=1.06 clear=0.70 prog=0.08 rel=0.88 bal=-0.05 obs=229 hard=230 obsc=234 yr=  0G nz=0.12 flt=0.03 dmap=+0/-0 shz=3.4 plan=3 cmd=(lx=+0.00,ly=+0.28,rx=-0.45)
  t= 89.5 DWA-F pos=(-4.81,+2.57) yaw= +47.4 d=0.48 goal_err=+33 carrot_err= +41 c0=1.03 clear=0.69 prog=0.12 rel=0.87 bal=-0.05 obs=230 hard=231 obsc=235 yr= 18G nz=0.12 flt=0.03 dmap=+0/-0 shz=3.4 plan=3 cmd=(lx=+0.00,ly=+0.28,rx=-0.45)
  t= 89.9 DWA-F pos=(-4.79,+2.59) yaw= +55.4 d=0.45 goal_err=+26 carrot_err= +35 c0=1.00 clear=0.67 prog=0.15 rel=0.95 bal=-0.14 obs=231 hard=232 obsc=236 yr= 18G nz=0.05 flt=0.29 dmap=+0/-0 shz=3.4 plan=3 cmd=(lx=+0.00,ly=+0.28,rx=-0.45)

  >>> MODO AGRESIVO ON (12s sin acercarse a B): reduzco inflado y holgura (min seguridad 0.24m) para cruzar la puerta.
  t= 90.4 AGR-DWA-F pos=(-4.78,+2.61) yaw= +61.4 d=0.43 goal_err=+22 carrot_err= +31 c0=0.98 clear=0.66 prog=0.15 rel=0.87 bal=-0.10 obs=234 hard=235 obsc=239 yr= 18G nz=0.06 flt=0.16 dmap=+0/-0 shz=3.4 plan=3 cmd=(lx=+0.00,ly=+0.28,rx=-0.45)
  t= 90.8 AGR-DWA-T pos=(-4.78,+2.62) yaw= +65.4 d=0.42 goal_err=+18 carrot_err= +28 c0=0.97 clear=0.65 prog=0.14 rel=0.93 bal=-0.10 obs=227 hard=219 obsc=241 yr=  0  nz=0.07 flt=0.01 dmap=+0/-0 shz=3.4 plan=3 cmd=(lx=+0.00,ly=+0.00,rx=+0.00)
  t= 91.3 AGR-DWA-T pos=(-4.78,+2.62) yaw= +65.4 d=0.42 goal_err=+18 carrot_err= +28 c0=0.97 clear=0.65 prog=0.11 rel=0.95 bal=-0.10 obs=225 hard=217 obsc=238 yr=  0  nz=0.05 flt=0.05 dmap=+0/-0 shz=3.4 plan=3 cmd=(lx=+0.00,ly=+0.00,rx=+0.00)

  COLISION #1 [odom] en (-4.78,+2.62) -> marco y recupero.
  t= 91.7 AGR-R-BACK pos=(-4.78,+2.62) yaw= +65.4 d=0.42 goal_err=+18 carrot_err= +28 c0=0.25 clear=0.17 prog=0.07 rel=0.95 bal=-0.10 obs=229 hard=221 obsc=238 yr=  0  nz=0.05 flt=0.05 dmap=+0/-0 shz=3.4 plan=0 cmd=(lx=+0.00,ly=-0.35,rx=+0.00)
  t= 92.2 AGR-R-TURN pos=(-4.80,+2.58) yaw= +65.4 d=0.47 goal_err=+16 carrot_err= +25 c0=0.30 clear=0.20 prog=0.00 rel=0.50 bal=-0.10 obs=229 hard=222 obsc=237 yr=  0  nz=0.50 flt=0.01 dmap=+1/-0 shz=3.3 plan=0 cmd=(lx=+0.00,ly=+0.00,rx=+0.45)
  t= 92.6 AGR-R-TURN pos=(-4.80,+2.57) yaw= +59.4 d=0.48 goal_err=+22 carrot_err= +30 c0=0.31 clear=0.21 prog=0.00 rel=0.54 bal=-0.01 obs=229 hard=222 obsc=237 yr= 18G nz=0.46 flt=0.05 dmap=+0/-0 shz=3.3 plan=0 cmd=(lx=+0.00,ly=+0.00,rx=+0.45)
  t= 93.1 AGR-R-TURN pos=(-4.80,+2.57) yaw= +53.4 d=0.48 goal_err=+28 carrot_err= +36 c0=0.31 clear=0.21 prog=0.00 rel=0.96 bal=-0.30 obs=229 hard=222 obsc=237 yr= 18G nz=0.04 flt=0.00 dmap=+0/-0 shz=3.3 plan=0 cmd=(lx=+0.00,ly=+0.00,rx=+0.45)
  t= 93.5 AGR-DWA-T pos=(-4.80,+2.57) yaw= +45.4 d=0.48 goal_err=+36 carrot_err= +44 c0=0.31 clear=0.21 prog=0.00 rel=0.96 bal=-0.30 obs=229 hard=222 obsc=237 yr= 18G nz=0.04 flt=0.00 dmap=+0/-0 shz=3.3 plan=3 cmd=(lx=+0.00,ly=+0.00,rx=+0.00)
  t= 94.0 AGR-BRK-BK pos=(-4.80,+2.57) yaw= +43.3 d=0.48 goal_err=+38 carrot_err= +46 c0=0.31 clear=0.21 prog=0.00 rel=0.99 bal=-0.37 obs=217 hard=217 obsc=231 yr=  0  nz=0.01 flt=0.00 dmap=+0/-0 shz=3.3 plan=0 cmd=(lx=+0.00,ly=-0.35,rx=+0.00)
  t= 94.4 AGR-BRK-TR pos=(-4.84,+2.53) yaw= +43.3 d=0.52 goal_err=+35 carrot_err= +42 c0=0.36 clear=0.24 prog=0.00 rel=0.98 bal=-0.35 obs=214 hard=216 obsc=225 yr=  0G nz=0.02 flt=0.00 dmap=+0/-0 shz=3.3 plan=0 cmd=(lx=+0.00,ly=+0.00,rx=+0.45)
  t= 94.9 AGR-BRK-TR pos=(-4.84,+2.53) yaw= +37.3 d=0.52 goal_err=+41 carrot_err= +48 c0=0.36 clear=0.24 prog=0.00 rel=0.95 bal=-0.35 obs=214 hard=216 obsc=225 yr= 18G nz=0.05 flt=0.07 dmap=+0/-0 shz=3.2 plan=0 cmd=(lx=+0.00,ly=+0.00,rx=+0.45)
  t= 95.3 AGR-BRK-TR pos=(-4.84,+2.53) yaw= +29.3 d=0.52 goal_err=+49 carrot_err= +56 c0=0.36 clear=0.24 prog=0.00 rel=0.95 bal=-0.35 obs=214 hard=216 obsc=225 yr= 18G nz=0.05 flt=0.00 dmap=+0/-0 shz=3.3 plan=0 cmd=(lx=+0.00,ly=+0.00,rx=+0.45)
  t= 95.7 AGR-BRK-TR pos=(-4.84,+2.53) yaw= +23.3 d=0.52 goal_err=+55 carrot_err= +62 c0=0.64 clear=0.43 prog=0.00 rel=0.96 bal=-0.35 obs=214 hard=216 obsc=225 yr= 19G nz=0.04 flt=0.00 dmap=+0/-0 shz=3.3 plan=0 cmd=(lx=+0.00,ly=+0.00,rx=+0.45)
  t= 96.2 AGR-BRK-TR pos=(-4.84,+2.53) yaw= +15.3 d=0.52 goal_err=+63 carrot_err= +70 c0=1.24 clear=0.83 prog=0.00 rel=0.51 bal=-0.35 obs=214 hard=216 obsc=225 yr= 18G nz=0.49 flt=0.00 dmap=+0/-0 shz=3.3 plan=0 cmd=(lx=+0.00,ly=+0.00,rx=+0.45)
  t= 96.6 AGR-BRK-TR pos=(-4.84,+2.53) yaw=  +9.3 d=0.52 goal_err=+69 carrot_err= +76 c0=1.24 clear=0.83 prog=0.00 rel=0.37 bal=-0.40 obs=215 hard=217 obsc=226 yr= 18G nz=0.63 flt=0.00 dmap=+0/-0 shz=3.3 plan=0 cmd=(lx=+0.00,ly=+0.00,rx=+0.45)
  t= 97.0 AGR-DWA-T pos=(-4.84,+2.53) yaw=  +9.3 d=0.52 goal_err=+69 carrot_err= +76 c0=1.24 clear=0.83 prog=0.00 rel=0.46 bal=-0.40 obs=216 hard=218 obsc=227 yr= 18G nz=0.54 flt=0.38 dmap=+1/-0 shz=3.3 plan=3 cmd=(lx=+0.00,ly=+0.00,rx=-0.45)
  t= 97.5 AGR-DWA-T pos=(-4.84,+2.53) yaw= +17.3 d=0.52 goal_err=+61 carrot_err= +68 c0=1.05 clear=0.70 prog=0.00 rel=0.75 bal=-0.29 obs=221 hard=223 obsc=232 yr= 18G nz=0.17 flt=0.00 dmap=+0/-0 shz=3.3 plan=3 cmd=(lx=+0.00,ly=+0.00,rx=-0.45)
  t= 97.9 AGR-DWA-T pos=(-4.84,+2.53) yaw= +23.3 d=0.52 goal_err=+55 carrot_err= +62 c0=0.64 clear=0.43 prog=0.00 rel=0.82 bal=-0.29 obs=221 hard=223 obsc=232 yr= 18G nz=0.18 flt=0.14 dmap=+0/-0 shz=3.3 plan=3 cmd=(lx=+0.00,ly=+0.00,rx=-0.45)
  t= 98.4 AGR-DWA-T pos=(-4.84,+2.53) yaw= +31.3 d=0.52 goal_err=+47 carrot_err= +54 c0=0.36 clear=0.24 prog=0.00 rel=0.38 bal=-0.29 obs=221 hard=223 obsc=232 yr= 18G nz=0.58 flt=0.01 dmap=+0/-0 shz=3.3 plan=3 cmd=(lx=+0.00,ly=+0.00,rx=-0.45)
  t= 98.8 AGR-DWA-T pos=(-4.84,+2.53) yaw= +37.3 d=0.52 goal_err=+41 carrot_err= +48 c0=0.36 clear=0.24 prog=0.00 rel=0.41 bal=-0.29 obs=213 hard=201 obsc=223 yr= 18  nz=0.59 flt=0.14 dmap=+0/-0 shz=3.5 plan=3 cmd=(lx=+0.00,ly=+0.00,rx=+0.00)
  t= 99.3 AGR-DWA-T pos=(-4.84,+2.53) yaw= +37.3 d=0.52 goal_err=+41 carrot_err= +48 c0=0.36 clear=0.24 prog=0.00 rel=0.47 bal=-0.29 obs=211 hard=203 obsc=219 yr=  0  nz=0.53 flt=0.04 dmap=+0/-0 shz=3.4 plan=3 cmd=(lx=+0.00,ly=+0.00,rx=+0.00)
  t= 99.7 AGR-DWA-T pos=(-4.84,+2.53) yaw= +37.3 d=0.52 goal_err=+41 carrot_err= +48 c0=0.36 clear=0.24 prog=0.00 rel=0.47 bal=-0.29 obs=211 hard=203 obsc=219 yr=  0  nz=0.53 flt=0.04 dmap=+0/-0 shz=3.4 plan=3 cmd=(lx=+0.00,ly=+0.00,rx=+0.00)
  t=100.2 AGR-BRK-TR pos=(-4.84,+2.53) yaw= +37.3 d=0.52 goal_err=+41 carrot_err= +48 c0=0.36 clear=0.24 prog=0.00 rel=0.47 bal=-0.29 obs=211 hard=203 obsc=219 yr=  0G nz=0.53 flt=0.04 dmap=+0/-0 shz=3.4 plan=0 cmd=(lx=+0.00,ly=+0.00,rx=+0.45)
  t=100.6 AGR-BRK-TR pos=(-4.84,+2.53) yaw= +31.3 d=0.52 goal_err=+47 carrot_err= +54 c0=0.36 clear=0.24 prog=0.00 rel=0.99 bal=-0.29 obs=211 hard=203 obsc=219 yr= 18G nz=0.01 flt=0.00 dmap=+0/-0 shz=3.3 plan=0 cmd=(lx=+0.00,ly=+0.00,rx=+0.45)
  t=101.0 AGR-BRK-TR pos=(-4.84,+2.53) yaw= +23.3 d=0.52 goal_err=+55 carrot_err= +62 c0=0.64 clear=0.43 prog=0.00 rel=0.99 bal=-0.29 obs=211 hard=203 obsc=219 yr= 18G nz=0.01 flt=0.00 dmap=+0/-0 shz=3.3 plan=0 cmd=(lx=+0.00,ly=+0.00,rx=+0.45)
  t=101.5 AGR-BRK-TR pos=(-4.84,+2.53) yaw= +17.3 d=0.52 goal_err=+61 carrot_err= +68 c0=1.05 clear=0.70 prog=0.00 rel=0.48 bal=-0.29 obs=211 hard=203 obsc=219 yr=  0G nz=0.52 flt=0.00 dmap=+0/-0 shz=3.3 plan=0 cmd=(lx=+0.00,ly=+0.00,rx=+0.45)
  t=101.9 AGR-BRK-TR pos=(-4.84,+2.53) yaw=  +9.3 d=0.52 goal_err=+69 carrot_err= +76 c0=1.05 clear=0.70 prog=0.00 rel=0.47 bal=-0.40 obs=211 hard=203 obsc=219 yr= 19G nz=0.53 flt=0.00 dmap=+0/-0 shz=3.3 plan=0 cmd=(lx=+0.00,ly=+0.00,rx=+0.45)
  t=102.3 AGR-BRK-TR pos=(-4.84,+2.53) yaw=  +1.2 d=0.52 goal_err=+77 carrot_err= +84 c0=0.90 clear=0.60 prog=0.00 rel=0.49 bal=-0.40 obs=211 hard=203 obsc=219 yr= 18G nz=0.51 flt=0.18 dmap=+0/-0 shz=3.3 plan=0 cmd=(lx=+0.00,ly=+0.00,rx=+0.45)
  t=102.8 AGR-DWA-T pos=(-4.84,+2.53) yaw=  -0.8 d=0.52 goal_err=+79 carrot_err= +86 c0=0.90 clear=0.60 prog=0.00 rel=0.80 bal=-0.40 obs=211 hard=203 obsc=219 yr= 17G nz=0.20 flt=0.21 dmap=+0/-0 shz=3.3 plan=3 cmd=(lx=+0.00,ly=+0.00,rx=-0.45)
  t=103.2 AGR-DWA-T pos=(-4.84,+2.53) yaw=  +7.3 d=0.52 goal_err=+71 carrot_err= +78 c0=1.05 clear=0.70 prog=0.00 rel=0.77 bal=-0.40 obs=211 hard=203 obsc=219 yr= 19G nz=0.15 flt=0.28 dmap=+0/-0 shz=3.2 plan=3 cmd=(lx=+0.00,ly=+0.00,rx=-0.45)
  t=103.7 AGR-DWA-T pos=(-4.84,+2.53) yaw= +13.3 d=0.52 goal_err=+65 carrot_err= +72 c0=1.05 clear=0.70 prog=0.00 rel=0.77 bal=-0.42 obs=211 hard=208 obsc=219 yr=  0G nz=0.15 flt=0.00 dmap=+0/-0 shz=3.5 plan=3 cmd=(lx=+0.00,ly=+0.00,rx=-0.45)
  t=104.1 AGR-DWA-T pos=(-4.84,+2.53) yaw= +21.3 d=0.52 goal_err=+57 carrot_err= +64 c0=1.21 clear=0.81 prog=0.00 rel=0.85 bal=-0.29 obs=211 hard=208 obsc=219 yr= 18G nz=0.15 flt=0.00 dmap=+0/-0 shz=3.5 plan=3 cmd=(lx=+0.00,ly=+0.00,rx=-0.45)
  t=104.6 AGR-DWA-T pos=(-4.84,+2.53) yaw= +29.3 d=0.52 goal_err=+49 carrot_err= +56 c0=0.36 clear=0.24 prog=0.00 rel=0.52 bal=-0.29 obs=211 hard=208 obsc=219 yr= 18G nz=0.43 flt=0.01 dmap=+0/-0 shz=3.5 plan=3 cmd=(lx=+0.00,ly=+0.00,rx=-0.45)
  t=105.0 AGR-DWA-T pos=(-4.84,+2.53) yaw= +37.3 d=0.52 goal_err=+41 carrot_err= +48 c0=0.36 clear=0.24 prog=0.00 rel=0.40 bal=-0.29 obs=211 hard=208 obsc=219 yr= 18  nz=0.56 flt=0.00 dmap=+0/-0 shz=3.5 plan=3 cmd=(lx=+0.00,ly=+0.00,rx=+0.00)
  t=105.5 AGR-DWA-T pos=(-4.84,+2.53) yaw= +37.3 d=0.52 goal_err=+41 carrot_err= +48 c0=0.36 clear=0.24 prog=0.00 rel=0.42 bal=-0.29 obs=182 hard=172 obsc=190 yr=  0  nz=0.58 flt=0.09 dmap=+0/-0 shz=3.5 plan=3 cmd=(lx=+0.00,ly=+0.00,rx=+0.00)
  t=105.9 AGR-DWA-T pos=(-4.84,+2.53) yaw= +37.3 d=0.52 goal_err=+41 carrot_err= +48 c0=0.36 clear=0.24 prog=0.00 rel=0.42 bal=-0.29 obs=182 hard=172 obsc=190 yr=  0  nz=0.58 flt=0.09 dmap=+0/-0 shz=3.5 plan=3 cmd=(lx=+0.00,ly=+0.00,rx=+0.00)
  t=106.4 AGR-BRK-TR pos=(-4.84,+2.53) yaw= +37.3 d=0.52 goal_err=+41 carrot_err= +48 c0=0.36 clear=0.24 prog=0.00 rel=0.42 bal=-0.29 obs=182 hard=172 obsc=190 yr=  0  nz=0.58 flt=0.09 dmap=+0/-0 shz=3.5 plan=0 cmd=(lx=+0.00,ly=+0.00,rx=+0.45)
  t=106.8 AGR-BRK-TR pos=(-4.84,+2.53) yaw= +33.3 d=0.52 goal_err=+45 carrot_err= +52 c0=0.36 clear=0.24 prog=0.00 rel=0.99 bal=-0.29 obs=182 hard=172 obsc=190 yr= 18G nz=0.01 flt=0.05 dmap=+0/-0 shz=3.3 plan=0 cmd=(lx=+0.00,ly=+0.00,rx=+0.45)
  t=107.2 AGR-BRK-TR pos=(-4.84,+2.53) yaw= +25.3 d=0.52 goal_err=+53 carrot_err= +60 c0=0.36 clear=0.24 prog=0.00 rel=0.99 bal=-0.29 obs=182 hard=172 obsc=190 yr= 19G nz=0.01 flt=0.00 dmap=+0/-0 shz=3.3 plan=0 cmd=(lx=+0.00,ly=+0.00,rx=+0.45)
  t=107.7 AGR-BRK-TR pos=(-4.84,+2.53) yaw= +19.3 d=0.52 goal_err=+59 carrot_err= +66 c0=1.24 clear=0.83 prog=0.00 rel=0.48 bal=-0.29 obs=182 hard=172 obsc=190 yr=  0G nz=0.52 flt=0.00 dmap=+0/-0 shz=3.3 plan=0 cmd=(lx=+0.00,ly=+0.00,rx=+0.45)
  t=108.2 AGR-BRK-TR pos=(-4.84,+2.53) yaw= +11.3 d=0.52 goal_err=+67 carrot_err= +74 c0=1.05 clear=0.70 prog=0.00 rel=0.46 bal=-0.42 obs=182 hard=172 obsc=190 yr= 15G nz=0.54 flt=0.00 dmap=+0/-0 shz=3.3 plan=0 cmd=(lx=+0.00,ly=+0.00,rx=+0.45)
  t=108.6 AGR-BRK-TR pos=(-4.84,+2.53) yaw=  +5.2 d=0.52 goal_err=+73 carrot_err= +80 c0=1.05 clear=0.70 prog=0.00 rel=0.48 bal=-0.40 obs=182 hard=172 obsc=190 yr= 19G nz=0.52 flt=0.05 dmap=+0/-0 shz=3.3 plan=0 cmd=(lx=+0.00,ly=+0.00,rx=+0.45)
  t=109.0 AGR-DWA-T pos=(-4.84,+2.53) yaw=  +1.2 d=0.52 goal_err=+77 carrot_err= +84 c0=0.90 clear=0.60 prog=0.00 rel=0.81 bal=-0.40 obs=182 hard=172 obsc=190 yr= 19G nz=0.19 flt=0.00 dmap=+0/-0 shz=3.3 plan=3 cmd=(lx=+0.00,ly=+0.00,rx=-0.45)
  t=109.4 AGR-DWA-T pos=(-4.84,+2.53) yaw= +11.3 d=0.52 goal_err=+67 carrot_err= +74 c0=1.05 clear=0.70 prog=0.00 rel=0.86 bal=-0.42 obs=182 hard=172 obsc=190 yr= 38G nz=0.14 flt=0.00 dmap=+0/-0 shz=3.3 plan=3 cmd=(lx=+0.00,ly=+0.00,rx=-0.45)
  t=109.8 AGR-DWA-T pos=(-4.84,+2.53) yaw= +19.3 d=0.52 goal_err=+59 carrot_err= +66 c0=1.24 clear=0.83 prog=0.00 rel=0.86 bal=-0.29 obs=182 hard=172 obsc=190 yr= 19G nz=0.14 flt=0.00 dmap=+0/-0 shz=3.3 plan=3 cmd=(lx=+0.00,ly=+0.00,rx=-0.45)
  t=110.3 AGR-DWA-T pos=(-4.84,+2.53) yaw= +27.3 d=0.52 goal_err=+51 carrot_err= +58 c0=0.36 clear=0.24 prog=0.00 rel=0.53 bal=-0.29 obs=182 hard=177 obsc=190 yr= 19G nz=0.41 flt=0.00 dmap=+0/-0 shz=3.3 plan=3 cmd=(lx=+0.00,ly=+0.00,rx=-0.45)
  t=110.7 AGR-DWA-T pos=(-4.84,+2.53) yaw= +35.3 d=0.52 goal_err=+43 carrot_err= +50 c0=0.36 clear=0.24 prog=0.00 rel=0.45 bal=-0.29 obs=182 hard=177 obsc=190 yr= 19G nz=0.51 flt=0.14 dmap=+0/-0 shz=3.4 plan=3 cmd=(lx=+0.00,ly=+0.00,rx=+0.00)
  t=111.1 AGR-DWA-T pos=(-4.84,+2.53) yaw= +37.3 d=0.52 goal_err=+41 carrot_err= +48 c0=0.36 clear=0.24 prog=0.00 rel=0.41 bal=-0.29 obs=165 hard=156 obsc=172 yr=  0  nz=0.58 flt=0.04 dmap=+0/-0 shz=3.4 plan=3 cmd=(lx=+0.00,ly=+0.00,rx=+0.00)
  t=111.6 AGR-DWA-T pos=(-4.84,+2.53) yaw= +37.3 d=0.52 goal_err=+41 carrot_err= +48 c0=0.36 clear=0.24 prog=0.00 rel=0.41 bal=-0.29 obs=165 hard=156 obsc=172 yr=  0  nz=0.58 flt=0.04 dmap=+0/-0 shz=3.4 plan=3 cmd=(lx=+0.00,ly=+0.00,rx=+0.00)
  t=112.0 AGR-DWA-T pos=(-4.84,+2.53) yaw= +37.3 d=0.52 goal_err=+41 carrot_err= +48 c0=0.36 clear=0.24 prog=0.00 rel=0.41 bal=-0.29 obs=165 hard=156 obsc=172 yr=  0  nz=0.58 flt=0.04 dmap=+0/-0 shz=3.4 plan=0 cmd=(lx=+0.00,ly=+0.00,rx=+0.00)
  t=112.4 AGR-BRK-BK pos=(-4.86,+2.52) yaw= +37.3 d=0.54 goal_err=+39 carrot_err= +46 c0=0.38 clear=0.26 prog=0.00 rel=0.41 bal=-0.29 obs=162 hard=153 obsc=169 yr=  0  nz=0.58 flt=0.00 dmap=+0/-3 shz=3.2 plan=0 cmd=(lx=+0.00,ly=-0.35,rx=+0.00)
  t=112.8 AGR-BRK-TR pos=(-4.88,+2.50) yaw= +33.3 d=0.56 goal_err=+41 carrot_err= +48 c0=0.41 clear=0.27 prog=0.00 rel=0.97 bal=-0.28 obs=162 hard=153 obsc=169 yr= 19G nz=0.03 flt=0.06 dmap=+0/-0 shz=3.2 plan=0 cmd=(lx=+0.00,ly=+0.00,rx=+0.45)
  t=113.2 AGR-BRK-TR pos=(-4.88,+2.50) yaw= +25.3 d=0.56 goal_err=+49 carrot_err= +56 c0=0.41 clear=0.27 prog=0.00 rel=0.97 bal=-0.28 obs=162 hard=153 obsc=169 yr= 19G nz=0.03 flt=0.00 dmap=+0/-0 shz=3.2 plan=0 cmd=(lx=+0.00,ly=+0.00,rx=+0.45)
  t=113.7 AGR-BRK-TR pos=(-4.88,+2.50) yaw= +17.3 d=0.56 goal_err=+57 carrot_err= +64 c0=1.08 clear=0.72 prog=0.00 rel=0.81 bal=-0.28 obs=165 hard=156 obsc=172 yr= 19G nz=0.19 flt=0.00 dmap=+3/-0 shz=3.2 plan=0 cmd=(lx=+0.00,ly=+0.00,rx=+0.45)
  t=114.1 AGR-BRK-TR pos=(-4.88,+2.50) yaw=  +9.3 d=0.56 goal_err=+65 carrot_err= +72 c0=1.08 clear=0.72 prog=0.00 rel=0.54 bal=-0.36 obs=165 hard=156 obsc=172 yr= 19G nz=0.46 flt=0.15 dmap=+0/-0 shz=3.2 plan=0 cmd=(lx=+0.00,ly=+0.00,rx=+0.45)
  t=114.5 AGR-BRK-TR pos=(-4.88,+2.50) yaw=  +1.2 d=0.56 goal_err=+73 carrot_err= +80 c0=0.93 clear=0.62 prog=0.00 rel=0.57 bal=-0.36 obs=165 hard=156 obsc=172 yr= 19G nz=0.43 flt=0.00 dmap=+0/-0 shz=3.2 plan=0 cmd=(lx=+0.00,ly=+0.00,rx=+0.45)
  t=114.9 AGR-DWA-T pos=(-4.88,+2.50) yaw=  -8.8 d=0.56 goal_err=+83 carrot_err= +90 c0=0.93 clear=0.62 prog=0.00 rel=0.75 bal=-0.33 obs=167 hard=158 obsc=174 yr= 19G nz=0.23 flt=0.01 dmap=+0/-0 shz=3.2 plan=3 cmd=(lx=+0.00,ly=+0.00,rx=-0.45)
  t=115.4 AGR-DWA-T pos=(-4.88,+2.50) yaw=  -4.8 d=0.56 goal_err=+79 carrot_err= +86 c0=0.93 clear=0.62 prog=0.00 rel=0.87 bal=-0.33 obs=167 hard=158 obsc=174 yr= 19G nz=0.13 flt=0.21 dmap=+0/-0 shz=3.2 plan=3 cmd=(lx=+0.00,ly=+0.00,rx=-0.45)
  t=115.8 AGR-DWA-T pos=(-4.88,+2.50) yaw=  +3.2 d=0.56 goal_err=+71 carrot_err= +78 c0=0.93 clear=0.62 prog=0.00 rel=0.83 bal=-0.36 obs=167 hard=163 obsc=174 yr= 18G nz=0.11 flt=0.00 dmap=+0/-0 shz=3.2 plan=3 cmd=(lx=+0.00,ly=+0.00,rx=-0.45)
  t=116.2 AGR-DWA-T pos=(-4.88,+2.50) yaw= +11.3 d=0.56 goal_err=+63 carrot_err= +70 c0=1.08 clear=0.72 prog=0.00 rel=0.97 bal=-0.36 obs=167 hard=163 obsc=174 yr= 19G nz=0.03 flt=0.06 dmap=+0/-0 shz=3.2 plan=3 cmd=(lx=+0.00,ly=+0.00,rx=-0.45)
  t=116.7 AGR-DWA-T pos=(-4.88,+2.50) yaw= +21.3 d=0.56 goal_err=+53 carrot_err= +60 c0=0.69 clear=0.46 prog=0.00 rel=0.80 bal=-0.28 obs=167 hard=163 obsc=174 yr= 19G nz=0.14 flt=0.00 dmap=+0/-0 shz=3.2 plan=3 cmd=(lx=+0.00,ly=+0.00,rx=-0.45)
  t=117.1 AGR-DWA-T pos=(-4.88,+2.50) yaw= +29.3 d=0.56 goal_err=+45 carrot_err= +52 c0=0.41 clear=0.27 prog=0.00 rel=0.63 bal=-0.28 obs=167 hard=163 obsc=174 yr= 19G nz=0.37 flt=0.12 dmap=+0/-0 shz=3.2 plan=3 cmd=(lx=+0.00,ly=+0.00,rx=-0.45)
  t=117.5 AGR-DWA-T pos=(-4.88,+2.50) yaw= +33.3 d=0.56 goal_err=+41 carrot_err= +48 c0=0.41 clear=0.27 prog=0.00 rel=0.53 bal=-0.28 obs=163 hard=150 obsc=170 yr=  0  nz=0.47 flt=0.06 dmap=+0/-0 shz=3.3 plan=3 cmd=(lx=+0.00,ly=+0.00,rx=+0.00)
  t=117.9 AGR-DWA-T pos=(-4.88,+2.50) yaw= +33.3 d=0.56 goal_err=+41 carrot_err= +48 c0=0.41 clear=0.27 prog=0.00 rel=0.53 bal=-0.28 obs=163 hard=150 obsc=170 yr=  0  nz=0.47 flt=0.06 dmap=+0/-0 shz=3.3 plan=3 cmd=(lx=+0.00,ly=+0.00,rx=+0.00)
  t=118.4 AGR-DWA-T pos=(-4.88,+2.50) yaw= +33.3 d=0.56 goal_err=+41 carrot_err= +48 c0=0.41 clear=0.27 prog=0.00 rel=0.53 bal=-0.28 obs=163 hard=150 obsc=170 yr=  0  nz=0.47 flt=0.06 dmap=+0/-0 shz=3.3 plan=3 cmd=(lx=+0.00,ly=+0.00,rx=+0.00)
  t=118.8 AGR-BRK-BK pos=(-4.89,+2.49) yaw= +33.3 d=0.57 goal_err=+40 carrot_err= +47 c0=0.42 clear=0.28 prog=0.00 rel=0.53 bal=-0.28 obs=163 hard=150 obsc=170 yr=  0  nz=0.47 flt=0.06 dmap=+0/-0 shz=3.3 plan=0 cmd=(lx=+0.00,ly=-0.35,rx=+0.00)
  t=119.2 AGR-BRK-TR pos=(-4.93,+2.47) yaw= +31.3 d=0.61 goal_err=+39 carrot_err= +45 c0=0.47 clear=0.31 prog=0.00 rel=1.00 bal=-0.28 obs=163 hard=148 obsc=168 yr= 19G nz=0.00 flt=0.07 dmap=+0/-0 shz=3.0 plan=0 cmd=(lx=+0.00,ly=+0.00,rx=+0.45)
  t=119.6 AGR-BRK-TR pos=(-4.93,+2.47) yaw= +23.3 d=0.61 goal_err=+47 carrot_err= +53 c0=0.47 clear=0.31 prog=0.00 rel=0.96 bal=-0.28 obs=163 hard=148 obsc=168 yr= 18G nz=0.04 flt=0.18 dmap=+0/-0 shz=3.0 plan=0 cmd=(lx=+0.00,ly=+0.00,rx=+0.45)
  t=120.0 AGR-BRK-TR pos=(-4.93,+2.47) yaw= +15.3 d=0.61 goal_err=+55 carrot_err= +61 c0=1.13 clear=0.76 prog=0.00 rel=0.58 bal=-0.25 obs=163 hard=151 obsc=168 yr= 19G nz=0.42 flt=0.10 dmap=+0/-0 shz=3.2 plan=0 cmd=(lx=+0.00,ly=+0.00,rx=+0.45)
  t=120.5 AGR-BRK-TR pos=(-4.93,+2.47) yaw=  +7.3 d=0.61 goal_err=+63 carrot_err= +69 c0=0.97 clear=0.65 prog=0.00 rel=0.51 bal=-0.31 obs=163 hard=151 obsc=168 yr= 20G nz=0.49 flt=0.00 dmap=+0/-0 shz=3.2 plan=0 cmd=(lx=+0.00,ly=+0.00,rx=+0.45)
  t=120.9 AGR-BRK-TR pos=(-4.93,+2.47) yaw=  -0.8 d=0.61 goal_err=+71 carrot_err= +77 c0=0.97 clear=0.65 prog=0.00 rel=0.55 bal=-0.27 obs=163 hard=151 obsc=168 yr= 19G nz=0.45 flt=0.18 dmap=+0/-0 shz=3.2 plan=0 cmd=(lx=+0.00,ly=+0.00,rx=+0.45)
  t=121.3 AGR-BRK-TR pos=(-4.93,+2.47) yaw=  -8.8 d=0.61 goal_err=+79 carrot_err= +85 c0=0.97 clear=0.65 prog=0.00 rel=0.67 bal=-0.27 obs=163 hard=151 obsc=168 yr= 19G nz=0.34 flt=0.00 dmap=+0/-0 shz=3.2 plan=0 cmd=(lx=+0.00,ly=+0.00,rx=+0.45)
  t=121.7 AGR-DWA-T pos=(-4.93,+2.47) yaw= -10.8 d=0.61 goal_err=+81 carrot_err= +87 c0=0.97 clear=0.65 prog=0.00 rel=0.88 bal=-0.27 obs=163 hard=151 obsc=168 yr= 19G nz=0.12 flt=0.36 dmap=+0/-0 shz=3.2 plan=4 cmd=(lx=+0.00,ly=+0.00,rx=-0.45)
  t=122.2 AGR-DWA-T pos=(-4.93,+2.47) yaw=  -2.8 d=0.61 goal_err=+73 carrot_err= +79 c0=0.97 clear=0.65 prog=0.00 rel=0.88 bal=-0.27 obs=163 hard=156 obsc=168 yr= 19G nz=0.04 flt=0.00 dmap=+0/-0 shz=3.2 plan=4 cmd=(lx=+0.00,ly=+0.00,rx=-0.45)
  t=122.6 AGR-DWA-T pos=(-4.93,+2.47) yaw=  +5.2 d=0.61 goal_err=+65 carrot_err= +71 c0=0.97 clear=0.65 prog=0.00 rel=0.96 bal=-0.31 obs=163 hard=156 obsc=168 yr= 18G nz=0.04 flt=0.00 dmap=+0/-0 shz=3.2 plan=4 cmd=(lx=+0.00,ly=+0.00,rx=-0.45)
  t=123.0 AGR-DWA-T pos=(-4.93,+2.47) yaw= +13.3 d=0.61 goal_err=+57 carrot_err= +63 c0=1.13 clear=0.76 prog=0.00 rel=0.96 bal=-0.25 obs=163 hard=156 obsc=168 yr= 19G nz=0.04 flt=0.28 dmap=+0/-0 shz=3.2 plan=4 cmd=(lx=+0.00,ly=+0.00,rx=-0.45)
  t=123.5 AGR-DWA-T pos=(-4.93,+2.47) yaw= +21.3 d=0.61 goal_err=+49 carrot_err= +55 c0=0.47 clear=0.31 prog=0.00 rel=0.86 bal=-0.28 obs=163 hard=156 obsc=168 yr= 19G nz=0.14 flt=0.04 dmap=+0/-0 shz=3.2 plan=4 cmd=(lx=+0.00,ly=+0.00,rx=-0.45)
  t=123.9 AGR-DWA-T pos=(-4.93,+2.47) yaw= +27.3 d=0.61 goal_err=+43 carrot_err= +49 c0=0.47 clear=0.31 prog=0.00 rel=0.56 bal=-0.28 obs=162 hard=146 obsc=168 yr=  0  nz=0.44 flt=0.09 dmap=+0/-0 shz=3.2 plan=4 cmd=(lx=+0.00,ly=+0.00,rx=+0.00)
  t=124.3 AGR-DWA-T pos=(-4.93,+2.47) yaw= +27.3 d=0.61 goal_err=+43 carrot_err= +49 c0=0.47 clear=0.31 prog=0.00 rel=0.52 bal=-0.28 obs=159 hard=145 obsc=165 yr=  0  nz=0.48 flt=0.04 dmap=+0/-0 shz=3.2 plan=4 cmd=(lx=+0.00,ly=+0.00,rx=+0.00)
  t=124.8 AGR-DWA-T pos=(-4.93,+2.47) yaw= +27.3 d=0.61 goal_err=+43 carrot_err= +49 c0=0.47 clear=0.31 prog=0.00 rel=0.52 bal=-0.28 obs=159 hard=145 obsc=165 yr=  0  nz=0.48 flt=0.04 dmap=+0/-0 shz=3.2 plan=4 cmd=(lx=+0.00,ly=+0.00,rx=+0.00)
  t=125.2 AGR-BRK-BK pos=(-4.94,+2.46) yaw= +27.3 d=0.62 goal_err=+43 carrot_err= +48 c0=0.48 clear=0.32 prog=0.00 rel=0.52 bal=-0.28 obs=159 hard=145 obsc=165 yr=  0  nz=0.48 flt=0.04 dmap=+0/-0 shz=3.2 plan=0 cmd=(lx=+0.00,ly=-0.35,rx=+0.00)
  t=125.6 AGR-BRK-TR pos=(-4.98,+2.44) yaw= +25.3 d=0.64 goal_err=+42 carrot_err= +47 c0=0.52 clear=0.34 prog=0.00 rel=0.96 bal=-0.28 obs=153 hard=142 obsc=162 yr= 19G nz=0.04 flt=0.04 dmap=+0/-0 shz=3.0 plan=0 cmd=(lx=+0.00,ly=+0.00,rx=+0.45)
  t=126.0 AGR-BRK-TR pos=(-4.98,+2.44) yaw= +17.3 d=0.64 goal_err=+50 carrot_err= +55 c0=1.18 clear=0.78 prog=0.00 rel=0.97 bal=-0.23 obs=153 hard=142 obsc=162 yr= 19G nz=0.03 flt=0.00 dmap=+0/-0 shz=3.2 plan=0 cmd=(lx=+0.00,ly=+0.00,rx=+0.45)
  t=126.5 AGR-BRK-TR pos=(-4.98,+2.44) yaw=  +7.3 d=0.64 goal_err=+60 carrot_err= +65 c0=1.01 clear=0.67 prog=0.00 rel=0.55 bal=-0.27 obs=156 hard=142 obsc=162 yr= 19G nz=0.45 flt=0.29 dmap=+0/-0 shz=3.2 plan=0 cmd=(lx=+0.00,ly=+0.00,rx=+0.45)
  t=126.9 AGR-BRK-TR pos=(-4.98,+2.44) yaw=  -0.8 d=0.64 goal_err=+68 carrot_err= +73 c0=1.01 clear=0.67 prog=0.00 rel=0.58 bal=-0.23 obs=156 hard=142 obsc=162 yr= 19G nz=0.42 flt=0.00 dmap=+0/-0 shz=3.2 plan=0 cmd=(lx=+0.00,ly=+0.00,rx=+0.45)
  t=127.3 AGR-BRK-TR pos=(-4.98,+2.44) yaw=  -8.8 d=0.64 goal_err=+76 carrot_err= +81 c0=1.01 clear=0.67 prog=0.00 rel=0.69 bal=-0.08 obs=156 hard=145 obsc=162 yr= 19G nz=0.31 flt=0.00 dmap=+0/-0 shz=3.2 plan=0 cmd=(lx=+0.00,ly=+0.00,rx=+0.45)
  t=127.7 AGR-BRK-TR pos=(-4.98,+2.44) yaw= -16.8 d=0.64 goal_err=+84 carrot_err= +89 c0=1.01 clear=0.67 prog=0.00 rel=0.90 bal=-0.08 obs=156 hard=145 obsc=162 yr= 19G nz=0.10 flt=0.10 dmap=+0/-0 shz=3.3 plan=0 cmd=(lx=+0.00,ly=+0.00,rx=+0.45)
  t=128.2 AGR-DWA-T pos=(-4.98,+2.44) yaw= -16.8 d=0.64 goal_err=+84 carrot_err= +89 c0=1.01 clear=0.67 prog=0.00 rel=0.99 bal=-0.08 obs=156 hard=145 obsc=162 yr= 19G nz=0.01 flt=0.14 dmap=+0/-0 shz=3.3 plan=4 cmd=(lx=+0.00,ly=+0.00,rx=-0.45)
  t=128.6 AGR-DWA-T pos=(-4.98,+2.44) yaw=  -8.8 d=0.64 goal_err=+76 carrot_err= +81 c0=1.01 clear=0.67 prog=0.00 rel=0.91 bal=-0.08 obs=156 hard=145 obsc=162 yr= 19G nz=0.02 flt=0.05 dmap=+0/-0 shz=3.2 plan=4 cmd=(lx=+0.00,ly=+0.00,rx=-0.45)
  t=129.0 AGR-DWA-T pos=(-4.98,+2.44) yaw=  +1.2 d=0.64 goal_err=+66 carrot_err= +71 c0=1.01 clear=0.67 prog=0.00 rel=0.98 bal=-0.23 obs=156 hard=145 obsc=162 yr= 19G nz=0.01 flt=0.00 dmap=+0/-0 shz=3.3 plan=4 cmd=(lx=+0.00,ly=+0.00,rx=-0.45)
  t=129.4 AGR-DWA-T pos=(-4.98,+2.44) yaw=  +7.3 d=0.64 goal_err=+60 carrot_err= +65 c0=1.01 clear=0.67 prog=0.00 rel=0.99 bal=-0.27 obs=156 hard=145 obsc=162 yr= 19G nz=0.01 flt=0.09 dmap=+0/-0 shz=3.3 plan=4 cmd=(lx=+0.00,ly=+0.00,rx=-0.45)
  t=129.8 AGR-DWA-T pos=(-4.98,+2.44) yaw= +15.3 d=0.64 goal_err=+52 carrot_err= +57 c0=1.18 clear=0.78 prog=0.00 rel=0.82 bal=-0.23 obs=156 hard=148 obsc=162 yr= 19G nz=0.11 flt=0.05 dmap=+0/-0 shz=3.2 plan=4 cmd=(lx=+0.00,ly=+0.00,rx=-0.45)
  t=130.3 AGR-DWA-T pos=(-4.98,+2.44) yaw= +23.3 d=0.64 goal_err=+44 carrot_err= +49 c0=0.52 clear=0.34 prog=0.00 rel=0.68 bal=-0.28 obs=156 hard=148 obsc=162 yr= 19G nz=0.32 flt=0.00 dmap=+0/-0 shz=3.3 plan=4 cmd=(lx=+0.00,ly=+0.00,rx=+0.00)
  t=130.7 AGR-DWA-T pos=(-4.98,+2.44) yaw= +27.3 d=0.64 goal_err=+40 carrot_err= +45 c0=0.52 clear=0.34 prog=0.00 rel=0.55 bal=-0.28 obs=148 hard=134 obsc=154 yr=  0  nz=0.45 flt=0.00 dmap=+0/-0 shz=3.5 plan=4 cmd=(lx=+0.00,ly=+0.00,rx=+0.00)
  t=131.1 AGR-DWA-T pos=(-4.98,+2.44) yaw= +27.3 d=0.64 goal_err=+40 carrot_err= +45 c0=0.52 clear=0.34 prog=0.00 rel=0.55 bal=-0.28 obs=148 hard=134 obsc=154 yr=  0  nz=0.45 flt=0.00 dmap=+0/-0 shz=3.5 plan=4 cmd=(lx=+0.00,ly=+0.00,rx=+0.00)
  t=131.6 AGR-DWA-T pos=(-4.98,+2.44) yaw= +27.3 d=0.64 goal_err=+40 carrot_err= +45 c0=0.52 clear=0.34 prog=0.00 rel=0.55 bal=-0.28 obs=148 hard=134 obsc=154 yr=  0  nz=0.45 flt=0.00 dmap=+0/-0 shz=3.5 plan=0 cmd=(lx=+0.00,ly=+0.00,rx=+0.00)
  t=132.0 AGR-BRK-TR pos=(-5.00,+2.43) yaw= +27.3 d=0.66 goal_err=+39 carrot_err= +43 c0=0.54 clear=0.36 prog=0.00 rel=0.99 bal=-0.28 obs=145 hard=132 obsc=150 yr=  0  nz=0.01 flt=0.00 dmap=+0/-0 shz=3.3 plan=0 cmd=(lx=+0.00,ly=+0.00,rx=+0.45)
  t=132.4 AGR-BRK-TR pos=(-5.01,+2.43) yaw= +21.3 d=0.67 goal_err=+44 carrot_err= +49 c0=0.55 clear=0.37 prog=0.00 rel=0.97 bal=-0.21 obs=145 hard=132 obsc=150 yr= 19G nz=0.03 flt=0.00 dmap=+0/-0 shz=3.3 plan=0 cmd=(lx=+0.00,ly=+0.00,rx=+0.45)
  t=132.9 AGR-BRK-TR pos=(-5.01,+2.43) yaw= +11.3 d=0.67 goal_err=+54 carrot_err= +59 c0=1.03 clear=0.69 prog=0.00 rel=0.56 bal=-0.21 obs=145 hard=135 obsc=150 yr= 19G nz=0.44 flt=0.00 dmap=+0/-0 shz=3.3 plan=0 cmd=(lx=+0.00,ly=+0.00,rx=+0.45)
  t=133.3 AGR-BRK-TR pos=(-5.01,+2.43) yaw=  +3.2 d=0.67 goal_err=+62 carrot_err= +67 c0=1.03 clear=0.69 prog=0.00 rel=0.57 bal=-0.20 obs=145 hard=135 obsc=150 yr= 19G nz=0.43 flt=0.05 dmap=+0/-0 shz=3.3 plan=0 cmd=(lx=+0.00,ly=+0.00,rx=+0.45)
  t=133.7 AGR-BRK-TR pos=(-5.01,+2.43) yaw=  -4.8 d=0.67 goal_err=+70 carrot_err= +75 c0=1.03 clear=0.69 prog=0.00 rel=0.63 bal=-0.05 obs=145 hard=135 obsc=150 yr= 19G nz=0.37 flt=0.00 dmap=+0/-0 shz=3.3 plan=0 cmd=(lx=+0.00,ly=+0.00,rx=+0.45)
  t=134.1 AGR-BRK-TR pos=(-5.01,+2.43) yaw= -12.8 d=0.67 goal_err=+78 carrot_err= +83 c0=1.03 clear=0.69 prog=0.00 rel=0.90 bal=-0.05 obs=145 hard=135 obsc=150 yr= 19G nz=0.10 flt=0.00 dmap=+0/-0 shz=3.3 plan=0 cmd=(lx=+0.00,ly=+0.00,rx=+0.45)
  t=134.6 AGR-DWA-T pos=(-5.01,+2.43) yaw= -20.8 d=0.67 goal_err=+86 carrot_err= +91 c0=1.03 clear=0.69 prog=0.00 rel=0.99 bal=-0.05 obs=145 hard=135 obsc=150 yr= 18G nz=0.01 flt=0.12 dmap=+0/-0 shz=3.3 plan=4 cmd=(lx=+0.00,ly=+0.00,rx=-0.45)
  t=135.0 AGR-DWA-T pos=(-5.01,+2.43) yaw= -12.8 d=0.67 goal_err=+78 carrot_err= +83 c0=1.03 clear=0.69 prog=0.00 rel=0.99 bal=-0.05 obs=145 hard=135 obsc=150 yr= 18G nz=0.01 flt=0.00 dmap=+0/-0 shz=3.3 plan=4 cmd=(lx=+0.00,ly=+0.00,rx=-0.45)
  t=135.4 AGR-DWA-T pos=(-5.01,+2.43) yaw=  -4.8 d=0.67 goal_err=+70 carrot_err= +75 c0=1.03 clear=0.69 prog=0.00 rel=0.89 bal=-0.05 obs=145 hard=137 obsc=150 yr= 19G nz=0.02 flt=0.00 dmap=+0/-0 shz=3.3 plan=4 cmd=(lx=+0.00,ly=+0.00,rx=-0.45)
  t=135.8 AGR-DWA-T pos=(-5.01,+2.43) yaw=  +3.2 d=0.67 goal_err=+62 carrot_err= +67 c0=1.03 clear=0.69 prog=0.00 rel=0.98 bal=-0.20 obs=145 hard=137 obsc=150 yr= 19G nz=0.02 flt=0.11 dmap=+0/-0 shz=3.3 plan=4 cmd=(lx=+0.00,ly=+0.00,rx=-0.45)
  t=136.3 AGR-DWA-F pos=(-5.01,+2.43) yaw= +11.3 d=0.67 goal_err=+54 carrot_err= +59 c0=1.03 clear=0.69 prog=0.00 rel=0.98 bal=-0.21 obs=145 hard=137 obsc=150 yr= 19G nz=0.02 flt=0.00 dmap=+0/-0 shz=3.3 plan=4 cmd=(lx=+0.00,ly=+0.28,rx=-0.45)
  t=136.7 AGR-DWA-T pos=(-4.99,+2.43) yaw= +21.3 d=0.66 goal_err=+46 carrot_err= +50 c0=0.54 clear=0.36 prog=0.02 rel=0.80 bal=-0.32 obs=145 hard=137 obsc=150 yr= 19G nz=0.10 flt=0.03 dmap=+0/-0 shz=3.3 plan=4 cmd=(lx=+0.00,ly=+0.00,rx=+0.00)
  t=137.1 AGR-DWA-T pos=(-4.98,+2.44) yaw= +27.3 d=0.65 goal_err=+41 carrot_err= +45 c0=0.52 clear=0.35 prog=0.04 rel=0.60 bal=-0.28 obs=145 hard=137 obsc=150 yr= 18G nz=0.40 flt=0.01 dmap=+0/-0 shz=3.5 plan=4 cmd=(lx=+0.00,ly=+0.00,rx=+0.00)
  t=137.6 AGR-DWA-T pos=(-4.97,+2.44) yaw= +29.3 d=0.65 goal_err=+39 carrot_err= +44 c0=0.52 clear=0.34 prog=0.05 rel=0.55 bal=-0.28 obs=136 hard=122 obsc=138 yr=  0  nz=0.45 flt=0.01 dmap=+0/-0 shz=3.5 plan=4 cmd=(lx=+0.00,ly=+0.00,rx=+0.00)
  t=138.0 AGR-DWA-T pos=(-4.97,+2.44) yaw= +29.3 d=0.65 goal_err=+39 carrot_err= +44 c0=0.52 clear=0.34 prog=0.05 rel=0.55 bal=-0.28 obs=136 hard=122 obsc=138 yr=  0  nz=0.45 flt=0.01 dmap=+0/-0 shz=3.5 plan=4 cmd=(lx=+0.00,ly=+0.00,rx=+0.00)
  t=138.4 AGR-DWA-T pos=(-4.97,+2.44) yaw= +29.3 d=0.65 goal_err=+39 carrot_err= +44 c0=0.52 clear=0.34 prog=0.03 rel=0.55 bal=-0.28 obs=136 hard=122 obsc=138 yr=  0  nz=0.45 flt=0.01 dmap=+0/-0 shz=3.5 plan=0 cmd=(lx=+0.00,ly=+0.00,rx=+0.00)
  t=138.8 AGR-BRK-TR pos=(-4.99,+2.43) yaw= +29.3 d=0.67 goal_err=+38 carrot_err= +42 c0=0.54 clear=0.36 prog=0.00 rel=0.99 bal=-0.28 obs=116 hard=107 obsc=121 yr=  0  nz=0.01 flt=0.00 dmap=+0/-0 shz=3.3 plan=0 cmd=(lx=+0.00,ly=+0.00,rx=+0.45)
  t=139.3 AGR-BRK-TR pos=(-5.01,+2.42) yaw= +25.3 d=0.69 goal_err=+40 carrot_err= +45 c0=0.56 clear=0.38 prog=0.00 rel=0.97 bal=-0.28 obs=116 hard=107 obsc=121 yr= 19G nz=0.03 flt=0.00 dmap=+0/-0 shz=3.3 plan=0 cmd=(lx=+0.00,ly=+0.00,rx=+0.45)
  t=139.7 AGR-BRK-TR pos=(-5.01,+2.42) yaw= +15.3 d=0.69 goal_err=+50 carrot_err= +55 c0=1.41 clear=0.94 prog=0.00 rel=0.97 bal=-0.20 obs=116 hard=110 obsc=121 yr= 19G nz=0.03 flt=0.00 dmap=+0/-0 shz=3.3 plan=0 cmd=(lx=+0.00,ly=+0.00,rx=+0.45)
  t=140.1 AGR-BRK-TR pos=(-5.01,+2.42) yaw=  +7.3 d=0.69 goal_err=+58 carrot_err= +63 c0=1.04 clear=0.69 prog=0.00 rel=0.49 bal=-0.19 obs=116 hard=110 obsc=121 yr= 19G nz=0.51 flt=0.12 dmap=+0/-0 shz=3.3 plan=0 cmd=(lx=+0.00,ly=+0.00,rx=+0.45)
  t=140.5 AGR-BRK-TR pos=(-5.01,+2.42) yaw=  -0.8 d=0.69 goal_err=+66 carrot_err= +71 c0=1.04 clear=0.69 prog=0.00 rel=0.53 bal=-0.19 obs=116 hard=110 obsc=121 yr= 19G nz=0.47 flt=0.00 dmap=+0/-0 shz=3.3 plan=0 cmd=(lx=+0.00,ly=+0.00,rx=+0.45)
  t=141.0 AGR-BRK-TR pos=(-5.01,+2.42) yaw=  -8.8 d=0.69 goal_err=+74 carrot_err= +79 c0=1.04 clear=0.69 prog=0.00 rel=0.63 bal=-0.03 obs=116 hard=110 obsc=121 yr= 19G nz=0.37 flt=0.00 dmap=+0/-0 shz=3.3 plan=0 cmd=(lx=+0.00,ly=+0.00,rx=+0.45)
  t=141.4 AGR-DWA-T pos=(-5.01,+2.42) yaw= -16.8 d=0.69 goal_err=+82 carrot_err= +87 c0=1.04 clear=0.69 prog=0.00 rel=0.80 bal=-0.03 obs=116 hard=110 obsc=121 yr= 19G nz=0.20 flt=0.12 dmap=+0/-0 shz=3.3 plan=4 cmd=(lx=+0.00,ly=+0.00,rx=-0.45)
  t=141.8 AGR-DWA-T pos=(-5.01,+2.42) yaw=  -6.8 d=0.69 goal_err=+72 carrot_err= +77 c0=1.04 clear=0.69 prog=0.00 rel=0.90 bal=-0.03 obs=116 hard=110 obsc=121 yr= 19G nz=0.01 flt=0.29 dmap=+0/-0 shz=3.3 plan=4 cmd=(lx=+0.00,ly=+0.00,rx=-0.45)
  t=142.3 AGR-DWA-T pos=(-5.01,+2.42) yaw=  +1.2 d=0.69 goal_err=+64 carrot_err= +69 c0=1.04 clear=0.69 prog=0.00 rel=0.88 bal=-0.19 obs=116 hard=112 obsc=121 yr= 19G nz=0.01 flt=0.14 dmap=+0/-0 shz=3.3 plan=4 cmd=(lx=+0.00,ly=+0.00,rx=-0.45)
  t=142.7 AGR-DWA-F pos=(-5.01,+2.42) yaw=  +9.3 d=0.68 goal_err=+57 carrot_err= +61 c0=1.03 clear=0.69 prog=0.01 rel=0.99 bal=-0.20 obs=116 hard=112 obsc=121 yr= 18G nz=0.01 flt=0.03 dmap=+0/-0 shz=3.3 plan=4 cmd=(lx=+0.00,ly=+0.28,rx=-0.45)
  t=143.1 AGR-DWA-T pos=(-4.98,+2.42) yaw= +17.3 d=0.67 goal_err=+51 carrot_err= +56 c0=1.38 clear=0.92 prog=0.03 rel=0.72 bal=-0.20 obs=116 hard=112 obsc=121 yr= 18G nz=0.21 flt=0.27 dmap=+0/-0 shz=3.3 plan=4 cmd=(lx=+0.00,ly=+0.00,rx=-0.45)
  t=143.6 AGR-DWA-F pos=(-4.97,+2.43) yaw= +27.3 d=0.66 goal_err=+42 carrot_err= +47 c0=0.52 clear=0.35 prog=0.05 rel=0.56 bal=-0.26 obs=116 hard=112 obsc=121 yr= 18  nz=0.44 flt=0.10 dmap=+0/-0 shz=3.5 plan=4 cmd=(lx=+0.00,ly=+0.28,rx=-0.45)
  t=144.0 AGR-DWA-F pos=(-4.95,+2.44) yaw= +33.3 d=0.64 goal_err=+37 carrot_err= +42 c0=0.50 clear=0.34 prog=0.08 rel=0.46 bal=-0.26 obs=116 hard=112 obsc=121 yr= 20G nz=0.54 flt=0.25 dmap=+0/-0 shz=3.5 plan=4 cmd=(lx=+0.00,ly=+0.28,rx=-0.45)
  t=144.4 AGR-DWA-F pos=(-4.92,+2.45) yaw= +41.3 d=0.62 goal_err=+30 carrot_err= +36 c0=0.47 clear=0.32 prog=0.12 rel=0.36 bal=-0.27 obs=116 hard=112 obsc=121 yr= 19G nz=0.64 flt=0.05 dmap=+0/-0 shz=3.5 plan=4 cmd=(lx=+0.00,ly=+0.28,rx=-0.45)
  t=144.8 AGR-DWA-F pos=(-4.90,+2.47) yaw= +49.4 d=0.59 goal_err=+24 carrot_err= +29 c0=0.45 clear=0.30 prog=0.14 rel=0.94 bal=-0.04 obs=116 hard=112 obsc=121 yr= 18G nz=0.06 flt=0.04 dmap=+0/-0 shz=3.5 plan=4 cmd=(lx=+0.00,ly=+0.28,rx=-0.45)
  t=145.3 AGR-DWA-F pos=(-4.89,+2.49) yaw= +57.4 d=0.57 goal_err=+16 carrot_err= +23 c0=0.42 clear=0.28 prog=0.15 rel=0.95 bal=-0.04 obs=116 hard=112 obsc=121 yr= 19G nz=0.05 flt=0.06 dmap=+0/-0 shz=3.5 plan=4 cmd=(lx=+0.00,ly=+0.28,rx=-0.45)
  t=145.7 AGR-DWA-T pos=(-4.88,+2.51) yaw= +63.4 d=0.55 goal_err=+11 carrot_err= +17 c0=0.40 clear=0.27 prog=0.17 rel=0.94 bal=-0.05 obs=118 hard=104 obsc=118 yr=  0  nz=0.06 flt=0.01 dmap=+1/-0 shz=3.5 plan=4 cmd=(lx=+0.00,ly=+0.00,rx=+0.00)
  t=146.1 AGR-DWA-T pos=(-4.88,+2.51) yaw= +63.4 d=0.55 goal_err=+11 carrot_err= +17 c0=0.40 clear=0.27 prog=0.13 rel=0.94 bal=-0.05 obs=118 hard=104 obsc=118 yr=  0  nz=0.06 flt=0.01 dmap=+0/-0 shz=3.5 plan=3 cmd=(lx=+0.00,ly=+0.00,rx=+0.00)
  t=146.6 AGR-DWA-T pos=(-4.88,+2.51) yaw= +63.4 d=0.55 goal_err=+11 carrot_err= +17 c0=0.40 clear=0.27 prog=0.09 rel=0.94 bal=-0.05 obs=118 hard=104 obsc=118 yr=  0  nz=0.06 flt=0.01 dmap=+0/-0 shz=3.5 plan=3 cmd=(lx=+0.00,ly=+0.00,rx=+0.00)
  t=147.0 AGR-BRK-BK pos=(-4.89,+2.50) yaw= +63.4 d=0.56 goal_err=+11 carrot_err= +17 c0=0.42 clear=0.28 prog=0.03 rel=0.94 bal=-0.04 obs=118 hard=106 obsc=118 yr=  0  nz=0.06 flt=0.00 dmap=+0/-0 shz=3.3 plan=0 cmd=(lx=+0.00,ly=-0.35,rx=+0.00)
  t=147.4 AGR-BRK-TR pos=(-4.91,+2.45) yaw= +63.4 d=0.61 goal_err=+10 carrot_err= +15 c0=0.46 clear=0.31 prog=0.00 rel=0.96 bal=-0.04 obs=118 hard=106 obsc=118 yr=  0G nz=0.04 flt=0.03 dmap=+0/-0 shz=3.3 plan=0 cmd=(lx=+0.00,ly=+0.00,rx=+0.45)
  t=147.8 AGR-BRK-TR pos=(-4.91,+2.45) yaw= +53.4 d=0.61 goal_err=+20 carrot_err= +25 c0=0.46 clear=0.31 prog=0.00 rel=0.96 bal=-0.03 obs=118 hard=106 obsc=118 yr= 19G nz=0.04 flt=0.08 dmap=+0/-0 shz=3.3 plan=0 cmd=(lx=+0.00,ly=+0.00,rx=+0.45)
  t=148.3 AGR-BRK-TR pos=(-4.91,+2.45) yaw= +45.4 d=0.61 goal_err=+28 carrot_err= +34 c0=0.46 clear=0.31 prog=0.00 rel=0.96 bal=-0.03 obs=118 hard=109 obsc=118 yr= 19G nz=0.04 flt=0.00 dmap=+0/-0 shz=3.3 plan=0 cmd=(lx=+0.00,ly=+0.00,rx=+0.45)
  t=148.7 AGR-BRK-TR pos=(-4.91,+2.45) yaw= +37.3 d=0.61 goal_err=+36 carrot_err= +42 c0=0.46 clear=0.31 prog=0.00 rel=0.98 bal=-0.26 obs=118 hard=109 obsc=118 yr= 19G nz=0.02 flt=0.05 dmap=+0/-0 shz=3.3 plan=0 cmd=(lx=+0.00,ly=+0.00,rx=+0.45)
  t=149.1 AGR-BRK-TR pos=(-4.91,+2.45) yaw= +29.3 d=0.61 goal_err=+44 carrot_err= +50 c0=0.46 clear=0.31 prog=0.00 rel=0.98 bal=-0.26 obs=118 hard=109 obsc=118 yr= 19G nz=0.02 flt=0.00 dmap=+0/-0 shz=3.3 plan=0 cmd=(lx=+0.00,ly=+0.00,rx=+0.45)
  t=149.5 AGR-BRK-TR pos=(-4.91,+2.45) yaw= +21.3 d=0.61 goal_err=+52 carrot_err= +58 c0=1.31 clear=0.87 prog=0.00 rel=0.98 bal=-0.26 obs=118 hard=109 obsc=118 yr= 19G nz=0.02 flt=0.05 dmap=+0/-0 shz=3.3 plan=0 cmd=(lx=+0.00,ly=+0.00,rx=+0.45)
  t=150.0 AGR-DWA-T pos=(-4.91,+2.45) yaw= +21.3 d=0.61 goal_err=+52 carrot_err= +58 c0=1.31 clear=0.87 prog=0.00 rel=0.41 bal=-0.26 obs=118 hard=109 obsc=118 yr= 19G nz=0.59 flt=0.05 dmap=+0/-0 shz=3.5 plan=4 cmd=(lx=+0.00,ly=+0.00,rx=-0.45)
  t=150.4 AGR-DWA-T pos=(-4.91,+2.45) yaw= +29.3 d=0.61 goal_err=+44 carrot_err= +50 c0=0.46 clear=0.31 prog=0.00 rel=0.42 bal=-0.26 obs=118 hard=109 obsc=118 yr= 19G nz=0.58 flt=0.00 dmap=+0/-0 shz=3.5 plan=4 cmd=(lx=+0.00,ly=+0.00,rx=+0.00)
  t=150.8 AGR-DWA-T pos=(-4.91,+2.45) yaw= +33.3 d=0.61 goal_err=+40 carrot_err= +46 c0=0.46 clear=0.31 prog=0.00 rel=0.37 bal=-0.31 obs=122 hard=111 obsc=122 yr=  0  nz=0.59 flt=0.04 dmap=+1/-3 shz=3.5 plan=4 cmd=(lx=+0.00,ly=+0.00,rx=+0.00)
  t=151.3 AGR-DWA-T pos=(-4.91,+2.45) yaw= +33.3 d=0.61 goal_err=+40 carrot_err= +46 c0=0.46 clear=0.31 prog=0.00 rel=0.40 bal=-0.31 obs=122 hard=111 obsc=122 yr=  0  nz=0.60 flt=0.04 dmap=+0/-0 shz=3.5 plan=4 cmd=(lx=+0.00,ly=+0.00,rx=+0.00)
  t=151.7 AGR-DWA-T pos=(-4.91,+2.45) yaw= +33.3 d=0.61 goal_err=+40 carrot_err= +46 c0=0.46 clear=0.31 prog=0.00 rel=0.40 bal=-0.31 obs=122 hard=111 obsc=122 yr=  0  nz=0.60 flt=0.04 dmap=+0/-0 shz=3.5 plan=0 cmd=(lx=+0.00,ly=+0.00,rx=+0.00)
  t=152.1 AGR-BRK-BK pos=(-4.93,+2.44) yaw= +33.3 d=0.63 goal_err=+38 carrot_err= +44 c0=0.49 clear=0.33 prog=0.00 rel=0.96 bal=-0.30 obs=120 hard=108 obsc=117 yr=  0  nz=0.04 flt=0.01 dmap=+0/-0 shz=3.3 plan=0 cmd=(lx=+0.00,ly=-0.35,rx=+0.00)
  t=152.5 AGR-BRK-TR pos=(-4.95,+2.43) yaw= +29.3 d=0.65 goal_err=+41 carrot_err= +46 c0=0.51 clear=0.34 prog=0.00 rel=0.95 bal=-0.30 obs=120 hard=108 obsc=117 yr= 20G nz=0.05 flt=0.09 dmap=+0/-0 shz=3.3 plan=0 cmd=(lx=+0.00,ly=+0.00,rx=+0.45)
  t=153.0 AGR-BRK-TR pos=(-4.95,+2.43) yaw= +19.3 d=0.65 goal_err=+51 carrot_err= +56 c0=1.35 clear=0.90 prog=0.00 rel=0.78 bal=-0.30 obs=123 hard=111 obsc=120 yr= 19G nz=0.20 flt=0.30 dmap=+0/-0 shz=3.3 plan=0 cmd=(lx=+0.00,ly=+0.00,rx=+0.45)
  t=153.4 AGR-BRK-TR pos=(-4.95,+2.43) yaw= +11.3 d=0.65 goal_err=+59 carrot_err= +64 c0=1.17 clear=0.78 prog=0.00 rel=0.47 bal=-0.26 obs=123 hard=111 obsc=120 yr= 19G nz=0.53 flt=0.00 dmap=+0/-0 shz=3.3 plan=0 cmd=(lx=+0.00,ly=+0.00,rx=+0.45)
  t=153.8 AGR-BRK-TR pos=(-4.95,+2.43) yaw=  +3.2 d=0.65 goal_err=+67 carrot_err= +72 c0=1.17 clear=0.78 prog=0.00 rel=0.49 bal=-0.22 obs=123 hard=112 obsc=120 yr= 19G nz=0.51 flt=0.00 dmap=+0/-0 shz=3.3 plan=0 cmd=(lx=+0.00,ly=+0.00,rx=+0.45)
  t=154.2 AGR-BRK-TR pos=(-4.95,+2.43) yaw=  -4.8 d=0.65 goal_err=+75 carrot_err= +80 c0=1.04 clear=0.69 prog=0.00 rel=0.60 bal=-0.22 obs=123 hard=112 obsc=120 yr= 20G nz=0.40 flt=0.11 dmap=+0/-0 shz=3.4 plan=0 cmd=(lx=+0.00,ly=+0.00,rx=+0.45)
  t=154.6 AGR-DWA-T pos=(-4.95,+2.43) yaw= -12.8 d=0.65 goal_err=+83 carrot_err= +88 c0=1.04 clear=0.69 prog=0.00 rel=0.84 bal=-0.08 obs=123 hard=112 obsc=120 yr= 19G nz=0.16 flt=0.00 dmap=+0/-0 shz=3.3 plan=4 cmd=(lx=+0.00,ly=+0.00,rx=-0.45)
  t=155.1 AGR-DWA-T pos=(-4.95,+2.43) yaw=  -8.8 d=0.65 goal_err=+79 carrot_err= +84 c0=1.04 clear=0.69 prog=0.00 rel=0.90 bal=-0.21 obs=123 hard=112 obsc=120 yr= 19G nz=0.10 flt=0.01 dmap=+0/-0 shz=3.3 plan=4 cmd=(lx=+0.00,ly=+0.00,rx=-0.45)
  t=155.5 AGR-DWA-T pos=(-4.95,+2.43) yaw=  +1.2 d=0.65 goal_err=+69 carrot_err= +74 c0=1.17 clear=0.78 prog=0.00 rel=0.92 bal=-0.22 obs=123 hard=112 obsc=120 yr= 19G nz=0.08 flt=0.16 dmap=+0/-0 shz=3.3 plan=4 cmd=(lx=+0.00,ly=+0.00,rx=-0.45)
  t=155.9 AGR-DWA-T pos=(-4.95,+2.43) yaw=  +9.3 d=0.65 goal_err=+61 carrot_err= +66 c0=0.98 clear=0.65 prog=0.00 rel=0.83 bal=-0.26 obs=126 hard=115 obsc=123 yr= 19G nz=0.09 flt=0.00 dmap=+0/-0 shz=3.3 plan=4 cmd=(lx=+0.00,ly=+0.00,rx=-0.45)
  t=156.3 AGR-DWA-T pos=(-4.95,+2.43) yaw= +17.3 d=0.65 goal_err=+53 carrot_err= +58 c0=1.15 clear=0.77 prog=0.00 rel=0.90 bal=-0.20 obs=126 hard=115 obsc=123 yr= 19G nz=0.10 flt=0.09 dmap=+0/-0 shz=3.3 plan=4 cmd=(lx=+0.00,ly=+0.00,rx=-0.45)
  t=156.8 AGR-DWA-T pos=(-4.95,+2.43) yaw= +25.3 d=0.65 goal_err=+45 carrot_err= +50 c0=0.51 clear=0.34 prog=0.00 rel=0.80 bal=-0.26 obs=126 hard=115 obsc=123 yr= 19G nz=0.20 flt=0.00 dmap=+0/-0 shz=3.5 plan=4 cmd=(lx=+0.00,ly=+0.00,rx=+0.00)
  t=157.2 AGR-DWA-T pos=(-4.95,+2.43) yaw= +27.3 d=0.65 goal_err=+43 carrot_err= +48 c0=0.51 clear=0.34 prog=0.00 rel=0.63 bal=-0.26 obs=124 hard=109 obsc=121 yr=  0  nz=0.37 flt=0.07 dmap=+0/-0 shz=3.5 plan=4 cmd=(lx=+0.00,ly=+0.00,rx=+0.00)
  t=157.6 AGR-DWA-T pos=(-4.95,+2.43) yaw= +27.3 d=0.65 goal_err=+43 carrot_err= +48 c0=0.51 clear=0.34 prog=0.00 rel=0.63 bal=-0.26 obs=124 hard=109 obsc=121 yr=  0  nz=0.37 flt=0.07 dmap=+0/-0 shz=3.5 plan=4 cmd=(lx=+0.00,ly=+0.00,rx=+0.00)
  t=158.1 AGR-DWA-T pos=(-4.95,+2.43) yaw= +27.3 d=0.65 goal_err=+43 carrot_err= +48 c0=0.51 clear=0.34 prog=0.00 rel=0.63 bal=-0.26 obs=124 hard=109 obsc=121 yr=  0  nz=0.37 flt=0.07 dmap=+0/-0 shz=3.5 plan=0 cmd=(lx=+0.00,ly=+0.00,rx=+0.00)
  t=158.5 AGR-BRK-TR pos=(-4.97,+2.41) yaw= +27.3 d=0.67 goal_err=+42 carrot_err= +46 c0=0.54 clear=0.36 prog=0.00 rel=0.98 bal=-0.26 obs=122 hard=110 obsc=121 yr=  0  nz=0.02 flt=0.00 dmap=+0/-0 shz=3.3 plan=0 cmd=(lx=+0.00,ly=+0.00,rx=+0.45)
  t=158.9 AGR-BRK-TR pos=(-4.98,+2.41) yaw= +21.3 d=0.68 goal_err=+47 carrot_err= +52 c0=0.55 clear=0.36 prog=0.00 rel=0.97 bal=-0.30 obs=122 hard=110 obsc=121 yr= 19G nz=0.03 flt=0.08 dmap=+0/-0 shz=3.3 plan=0 cmd=(lx=+0.00,ly=+0.00,rx=+0.45)
  t=159.3 AGR-BRK-TR pos=(-4.98,+2.41) yaw= +13.3 d=0.68 goal_err=+55 carrot_err= +60 c0=1.18 clear=0.79 prog=0.00 rel=0.56 bal=-0.18 obs=122 hard=110 obsc=121 yr= 19G nz=0.44 flt=0.00 dmap=+0/-0 shz=3.3 plan=0 cmd=(lx=+0.00,ly=+0.00,rx=+0.45)
  t=159.7 AGR-BRK-TR pos=(-4.98,+2.41) yaw=  +5.2 d=0.68 goal_err=+63 carrot_err= +68 c0=1.00 clear=0.67 prog=0.00 rel=0.53 bal=-0.19 obs=122 hard=110 obsc=121 yr= 19G nz=0.47 flt=0.08 dmap=+0/-0 shz=3.3 plan=0 cmd=(lx=+0.00,ly=+0.00,rx=+0.45)
  t=160.2 AGR-BRK-TR pos=(-4.98,+2.41) yaw=  -4.8 d=0.68 goal_err=+73 carrot_err= +78 c0=1.00 clear=0.67 prog=0.00 rel=0.61 bal=-0.19 obs=123 hard=112 obsc=121 yr= 19G nz=0.39 flt=0.00 dmap=+0/-0 shz=3.3 plan=0 cmd=(lx=+0.00,ly=+0.00,rx=+0.45)
  t=160.6 AGR-BRK-TR pos=(-4.98,+2.41) yaw= -12.8 d=0.68 goal_err=+81 carrot_err= +86 c0=1.00 clear=0.67 prog=0.00 rel=0.87 bal=-0.04 obs=123 hard=112 obsc=121 yr= 19G nz=0.13 flt=0.00 dmap=+0/-0 shz=3.3 plan=0 cmd=(lx=+0.00,ly=+0.00,rx=+0.45)
  t=161.0 AGR-DWA-T pos=(-4.98,+2.41) yaw= -20.8 d=0.68 goal_err=+89 carrot_err= +94 c0=1.00 clear=0.67 prog=0.00 rel=0.90 bal=-0.04 obs=123 hard=112 obsc=121 yr= 19G nz=0.10 flt=0.00 dmap=+0/-0 shz=3.3 plan=4 cmd=(lx=+0.00,ly=+0.00,rx=-0.45)
  t=161.4 AGR-DWA-T pos=(-4.98,+2.41) yaw= -12.8 d=0.68 goal_err=+81 carrot_err= +86 c0=1.00 clear=0.67 prog=0.00 rel=0.98 bal=-0.04 obs=123 hard=112 obsc=121 yr= 18G nz=0.02 flt=0.01 dmap=+0/-0 shz=3.3 plan=4 cmd=(lx=+0.00,ly=+0.00,rx=-0.45)
  t=161.9 AGR-DWA-T pos=(-4.98,+2.41) yaw=  -4.8 d=0.68 goal_err=+73 carrot_err= +78 c0=1.00 clear=0.67 prog=0.00 rel=0.98 bal=-0.19 obs=123 hard=112 obsc=121 yr= 19G nz=0.02 flt=0.18 dmap=+0/-0 shz=3.3 plan=4 cmd=(lx=+0.00,ly=+0.00,rx=-0.45)
  t=162.3 AGR-DWA-T pos=(-4.98,+2.41) yaw=  +5.2 d=0.68 goal_err=+63 carrot_err= +68 c0=1.00 clear=0.67 prog=0.00 rel=0.90 bal=-0.19 obs=123 hard=114 obsc=121 yr= 19G nz=0.03 flt=0.00 dmap=+0/-0 shz=3.3 plan=4 cmd=(lx=+0.00,ly=+0.00,rx=-0.45)
  t=162.7 AGR-DWA-F pos=(-4.98,+2.41) yaw= +13.3 d=0.68 goal_err=+55 carrot_err= +60 c0=1.18 clear=0.79 prog=0.00 rel=0.97 bal=-0.18 obs=123 hard=114 obsc=121 yr= 18G nz=0.03 flt=0.12 dmap=+0/-0 shz=3.3 plan=4 cmd=(lx=+0.00,ly=+0.28,rx=-0.45)
  t=163.2 AGR-DWA-T pos=(-4.96,+2.42) yaw= +21.3 d=0.66 goal_err=+49 carrot_err= +54 c0=1.16 clear=0.77 prog=0.03 rel=0.88 bal=-0.29 obs=123 hard=114 obsc=121 yr= 18G nz=0.12 flt=0.27 dmap=+0/-0 shz=3.3 plan=4 cmd=(lx=+0.00,ly=+0.00,rx=-0.45)
  t=163.6 AGR-DWA-F pos=(-4.95,+2.42) yaw= +27.3 d=0.66 goal_err=+43 carrot_err= +48 c0=0.52 clear=0.34 prog=0.04 rel=0.62 bal=-0.25 obs=123 hard=114 obsc=121 yr=  0G nz=0.32 flt=0.13 dmap=+0/-0 shz=3.3 plan=4 cmd=(lx=+0.00,ly=+0.28,rx=-0.45)

  COLISION #2 [odom] en (-4.94,+2.43) -> marco y recupero.
  t=164.0 AGR-R-BACK pos=(-4.94,+2.43) yaw= +35.3 d=0.65 goal_err=+36 carrot_err= +41 c0=0.22 clear=0.15 prog=0.06 rel=0.52 bal=+0.17 obs=126 hard=117 obsc=121 yr=  0  nz=0.48 flt=0.00 dmap=+0/-0 shz=3.3 plan=0 cmd=(lx=+0.00,ly=-0.35,rx=+0.00)
  t=164.5 AGR-R-TURN pos=(-4.98,+2.40) yaw= +35.3 d=0.69 goal_err=+34 carrot_err= +38 c0=0.27 clear=0.18 prog=0.00 rel=0.52 bal=-0.25 obs=123 hard=110 obsc=117 yr=  0G nz=0.48 flt=0.00 dmap=+0/-0 shz=3.3 plan=0 cmd=(lx=+0.00,ly=+0.00,rx=+0.45)
  t=164.9 AGR-R-TURN pos=(-4.98,+2.40) yaw= +27.3 d=0.69 goal_err=+42 carrot_err= +46 c0=0.27 clear=0.18 prog=0.00 rel=0.78 bal=-0.25 obs=123 hard=110 obsc=117 yr= 19G nz=0.22 flt=0.00 dmap=+0/-0 shz=3.5 plan=0 cmd=(lx=+0.00,ly=+0.00,rx=+0.45)
  t=165.3 AGR-R-TURN pos=(-4.98,+2.40) yaw= +19.3 d=0.69 goal_err=+50 carrot_err= +54 c0=0.38 clear=0.25 prog=0.00 rel=0.85 bal=-0.17 obs=123 hard=110 obsc=117 yr= 19G nz=0.15 flt=0.00 dmap=+0/-0 shz=3.5 plan=0 cmd=(lx=+0.00,ly=+0.00,rx=+0.45)
  t=165.7 AGR-DWA-T pos=(-4.98,+2.40) yaw= +11.3 d=0.69 goal_err=+58 carrot_err= +62 c0=0.38 clear=0.25 prog=0.00 rel=0.90 bal=-0.41 obs=123 hard=110 obsc=117 yr= 19G nz=0.10 flt=0.08 dmap=+0/-0 shz=3.5 plan=4 cmd=(lx=+0.00,ly=+0.00,rx=-0.45)
  t=166.2 AGR-DWA-T pos=(-4.98,+2.40) yaw= +15.3 d=0.69 goal_err=+54 carrot_err= +58 c0=0.38 clear=0.25 prog=0.00 rel=0.91 bal=-0.17 obs=123 hard=110 obsc=117 yr= 19G nz=0.09 flt=0.15 dmap=+0/-0 shz=3.5 plan=4 cmd=(lx=+0.00,ly=+0.00,rx=-0.45)
  t=166.6 AGR-DWA-T pos=(-4.98,+2.40) yaw= +23.3 d=0.69 goal_err=+46 carrot_err= +50 c0=0.38 clear=0.25 prog=0.00 rel=0.93 bal=-0.28 obs=123 hard=110 obsc=117 yr= 19G nz=0.07 flt=0.00 dmap=+0/-0 shz=3.5 plan=4 cmd=(lx=+0.00,ly=+0.00,rx=+0.00)
  t=167.0 AGR-DWA-T pos=(-4.98,+2.40) yaw= +27.3 d=0.69 goal_err=+42 carrot_err= +46 c0=0.27 clear=0.18 prog=0.00 rel=0.91 bal=-0.25 obs=130 hard=116 obsc=124 yr=  0  nz=0.09 flt=0.06 dmap=+0/-0 shz=3.5 plan=4 cmd=(lx=+0.00,ly=+0.00,rx=+0.00)
  t=167.4 AGR-DWA-T pos=(-4.98,+2.40) yaw= +27.3 d=0.69 goal_err=+42 carrot_err= +46 c0=0.27 clear=0.18 prog=0.00 rel=0.91 bal=-0.25 obs=130 hard=116 obsc=124 yr=  0  nz=0.09 flt=0.06 dmap=+0/-0 shz=3.5 plan=4 cmd=(lx=+0.00,ly=+0.00,rx=+0.00)
  t=167.9 AGR-DWA-T pos=(-4.98,+2.40) yaw= +27.3 d=0.69 goal_err=+42 carrot_err= +46 c0=0.27 clear=0.18 prog=0.00 rel=0.91 bal=-0.25 obs=130 hard=116 obsc=124 yr=  0  nz=0.09 flt=0.06 dmap=+0/-0 shz=3.5 plan=0 cmd=(lx=+0.00,ly=+0.00,rx=+0.00)
  t=168.3 AGR-BRK-TR pos=(-4.98,+2.40) yaw= +23.3 d=0.69 goal_err=+46 carrot_err= +50 c0=0.38 clear=0.25 prog=0.00 rel=0.99 bal=-0.28 obs=130 hard=116 obsc=124 yr= 19G nz=0.01 flt=0.08 dmap=+0/-0 shz=3.3 plan=0 cmd=(lx=+0.00,ly=+0.00,rx=+0.45)
  t=168.7 AGR-BRK-TR pos=(-4.98,+2.40) yaw= +13.3 d=0.69 goal_err=+56 carrot_err= +60 c0=0.38 clear=0.25 prog=0.00 rel=0.91 bal=-0.41 obs=130 hard=116 obsc=124 yr= 19G nz=0.08 flt=0.20 dmap=+0/-0 shz=3.3 plan=0 cmd=(lx=+0.00,ly=+0.00,rx=+0.45)
  t=169.1 AGR-BRK-TR pos=(-4.98,+2.40) yaw=  +5.2 d=0.69 goal_err=+64 carrot_err= +68 c0=0.38 clear=0.25 prog=0.00 rel=0.93 bal=-0.37 obs=130 hard=116 obsc=124 yr= 19G nz=0.07 flt=0.00 dmap=+0/-0 shz=3.3 plan=0 cmd=(lx=+0.00,ly=+0.00,rx=+0.45)
  t=169.6 AGR-BRK-TR pos=(-4.98,+2.40) yaw=  -2.8 d=0.69 goal_err=+72 carrot_err= +76 c0=0.38 clear=0.25 prog=0.00 rel=0.92 bal=-0.37 obs=130 hard=116 obsc=124 yr= 19G nz=0.07 flt=0.19 dmap=+0/-0 shz=3.3 plan=0 cmd=(lx=+0.00,ly=+0.00,rx=+0.45)
  t=170.0 AGR-BRK-TR pos=(-4.98,+2.40) yaw= -10.8 d=0.69 goal_err=+80 carrot_err= +85 c0=0.38 clear=0.25 prog=0.00 rel=0.98 bal=-0.22 obs=130 hard=117 obsc=124 yr= 19G nz=0.01 flt=0.01 dmap=+0/-0 shz=3.5 plan=0 cmd=(lx=+0.00,ly=+0.00,rx=+0.45)
  t=170.4 AGR-DWA-T pos=(-4.98,+2.40) yaw= -18.8 d=0.69 goal_err=+88 carrot_err= +93 c0=0.38 clear=0.25 prog=0.00 rel=0.99 bal=-0.22 obs=130 hard=117 obsc=124 yr= 19G nz=0.01 flt=0.00 dmap=+0/-0 shz=3.5 plan=4 cmd=(lx=+0.00,ly=+0.00,rx=-0.45)
  t=170.9 AGR-DWA-T pos=(-4.98,+2.40) yaw= -14.8 d=0.69 goal_err=+84 carrot_err= +89 c0=0.38 clear=0.25 prog=0.00 rel=0.99 bal=-0.22 obs=130 hard=117 obsc=124 yr= 19G nz=0.01 flt=0.22 dmap=+0/-0 shz=3.5 plan=4 cmd=(lx=+0.00,ly=+0.00,rx=-0.45)
  t=171.3 AGR-DWA-T pos=(-4.98,+2.40) yaw=  -6.8 d=0.69 goal_err=+76 carrot_err= +80 c0=0.38 clear=0.25 prog=0.00 rel=0.98 bal=-0.35 obs=130 hard=117 obsc=124 yr= 18G nz=0.02 flt=0.05 dmap=+0/-0 shz=3.5 plan=4 cmd=(lx=+0.00,ly=+0.00,rx=-0.45)
  t=171.7 AGR-DWA-T pos=(-4.98,+2.40) yaw=  +1.2 d=0.69 goal_err=+68 carrot_err= +72 c0=0.38 clear=0.25 prog=0.00 rel=0.97 bal=-0.37 obs=130 hard=117 obsc=124 yr=  0G nz=0.03 flt=0.15 dmap=+0/-0 shz=3.5 plan=4 cmd=(lx=+0.00,ly=+0.00,rx=-0.45)
  t=172.1 AGR-DWA-T pos=(-4.98,+2.40) yaw= +11.3 d=0.69 goal_err=+58 carrot_err= +62 c0=0.38 clear=0.25 prog=0.00 rel=0.90 bal=-0.41 obs=131 hard=120 obsc=125 yr= 19G nz=0.03 flt=0.00 dmap=+1/-0 shz=3.5 plan=4 cmd=(lx=+0.00,ly=+0.00,rx=-0.45)
  t=172.6 AGR-DWA-T pos=(-4.98,+2.40) yaw= +19.3 d=0.69 goal_err=+50 carrot_err= +54 c0=0.38 clear=0.25 prog=0.00 rel=0.97 bal=-0.17 obs=131 hard=120 obsc=125 yr= 18G nz=0.03 flt=0.11 dmap=+0/-0 shz=3.5 plan=4 cmd=(lx=+0.00,ly=+0.00,rx=-0.45)
  t=173.0 AGR-DWA-T pos=(-4.98,+2.40) yaw= +25.3 d=0.69 goal_err=+44 carrot_err= +48 c0=0.27 clear=0.18 prog=0.00 rel=0.92 bal=-0.25 obs=132 hard=119 obsc=133 yr=  0  nz=0.08 flt=0.00 dmap=+0/-0 shz=3.5 plan=4 cmd=(lx=+0.00,ly=+0.00,rx=+0.00)
  t=173.4 AGR-DWA-T pos=(-4.98,+2.40) yaw= +25.3 d=0.69 goal_err=+44 carrot_err= +48 c0=0.27 clear=0.18 prog=0.00 rel=0.91 bal=-0.25 obs=131 hard=119 obsc=130 yr=  0  nz=0.09 flt=0.06 dmap=+0/-0 shz=3.5 plan=4 cmd=(lx=+0.00,ly=+0.00,rx=+0.00)
  t=173.8 AGR-DWA-T pos=(-4.98,+2.40) yaw= +25.3 d=0.69 goal_err=+44 carrot_err= +48 c0=0.27 clear=0.18 prog=0.00 rel=0.91 bal=-0.25 obs=131 hard=119 obsc=130 yr=  0  nz=0.09 flt=0.06 dmap=+0/-0 shz=3.5 plan=4 cmd=(lx=+0.00,ly=+0.00,rx=+0.00)
  t=174.3 AGR-BRK-BK pos=(-4.98,+2.40) yaw= +25.3 d=0.69 goal_err=+44 carrot_err= +48 c0=0.27 clear=0.18 prog=0.00 rel=0.91 bal=-0.25 obs=131 hard=119 obsc=130 yr=  0  nz=0.09 flt=0.06 dmap=+0/-0 shz=3.5 plan=0 cmd=(lx=+0.00,ly=-0.35,rx=+0.00)
  t=174.7 AGR-BRK-TR pos=(-5.02,+2.38) yaw= +25.3 d=0.73 goal_err=+41 carrot_err= +45 c0=0.31 clear=0.21 prog=0.00 rel=0.97 bal=-0.25 obs=129 hard=119 obsc=130 yr=  0G nz=0.03 flt=0.00 dmap=+0/-0 shz=3.3 plan=0 cmd=(lx=+0.00,ly=+0.00,rx=+0.45)
  t=175.1 AGR-BRK-TR pos=(-5.02,+2.38) yaw= +17.3 d=0.73 goal_err=+49 carrot_err= +53 c0=0.42 clear=0.28 prog=0.00 rel=0.96 bal=-0.15 obs=129 hard=119 obsc=130 yr= 19G nz=0.04 flt=0.11 dmap=+0/-0 shz=3.3 plan=0 cmd=(lx=+0.00,ly=+0.00,rx=+0.45)
  t=175.6 AGR-BRK-TR pos=(-5.02,+2.38) yaw=  +9.3 d=0.73 goal_err=+57 carrot_err= +61 c0=0.42 clear=0.28 prog=0.00 rel=0.89 bal=-0.33 obs=129 hard=119 obsc=130 yr= 19G nz=0.11 flt=0.08 dmap=+0/-0 shz=3.3 plan=0 cmd=(lx=+0.00,ly=+0.00,rx=+0.45)
  t=176.0 AGR-BRK-TR pos=(-5.02,+2.38) yaw=  +1.2 d=0.73 goal_err=+65 carrot_err= +69 c0=0.42 clear=0.28 prog=0.00 rel=0.89 bal=-0.33 obs=129 hard=119 obsc=130 yr= 19G nz=0.11 flt=0.10 dmap=+0/-0 shz=3.3 plan=0 cmd=(lx=+0.00,ly=+0.00,rx=+0.45)
  t=176.4 AGR-BRK-TR pos=(-5.02,+2.38) yaw=  -6.8 d=0.73 goal_err=+73 carrot_err= +77 c0=0.42 clear=0.28 prog=0.00 rel=0.91 bal=-0.31 obs=129 hard=119 obsc=130 yr= 19G nz=0.09 flt=0.00 dmap=+0/-0 shz=3.5 plan=0 cmd=(lx=+0.00,ly=+0.00,rx=+0.45)
  t=176.8 AGR-BRK-TR pos=(-5.02,+2.38) yaw= -14.8 d=0.73 goal_err=+81 carrot_err= +85 c0=0.42 clear=0.28 prog=0.00 rel=0.99 bal=-0.31 obs=129 hard=119 obsc=130 yr= 19G nz=0.01 flt=0.00 dmap=+0/-0 shz=3.5 plan=0 cmd=(lx=+0.00,ly=+0.00,rx=+0.45)
  t=177.2 AGR-DWA-T pos=(-5.02,+2.38) yaw= -20.8 d=0.73 goal_err=+87 carrot_err= +91 c0=0.42 clear=0.28 prog=0.00 rel=0.99 bal=-0.31 obs=129 hard=119 obsc=130 yr= 19G nz=0.01 flt=0.00 dmap=+0/-0 shz=3.5 plan=4 cmd=(lx=+0.00,ly=+0.00,rx=-0.45)
  t=177.7 AGR-DWA-T pos=(-5.02,+2.38) yaw= -12.8 d=0.73 goal_err=+79 carrot_err= +83 c0=0.42 clear=0.28 prog=0.00 rel=0.99 bal=-0.31 obs=129 hard=119 obsc=130 yr= 18G nz=0.01 flt=0.00 dmap=+0/-0 shz=3.5 plan=4 cmd=(lx=+0.00,ly=+0.00,rx=-0.45)
  t=178.1 AGR-DWA-T pos=(-5.02,+2.38) yaw=  -4.8 d=0.73 goal_err=+71 carrot_err= +75 c0=0.42 clear=0.28 prog=0.00 rel=0.98 bal=-0.31 obs=129 hard=119 obsc=130 yr= 19G nz=0.02 flt=0.21 dmap=+0/-0 shz=3.5 plan=4 cmd=(lx=+0.00,ly=+0.00,rx=-0.45)
  t=178.5 AGR-DWA-T pos=(-5.02,+2.38) yaw=  +3.2 d=0.73 goal_err=+63 carrot_err= +67 c0=0.42 clear=0.28 prog=0.00 rel=0.98 bal=-0.33 obs=129 hard=119 obsc=130 yr= 19G nz=0.02 flt=0.04 dmap=+0/-0 shz=3.5 plan=4 cmd=(lx=+0.00,ly=+0.00,rx=-0.45)
  t=178.9 AGR-DWA-T pos=(-5.02,+2.38) yaw= +11.3 d=0.73 goal_err=+55 carrot_err= +59 c0=0.42 clear=0.28 prog=0.00 rel=0.98 bal=-0.15 obs=129 hard=119 obsc=130 yr= 19G nz=0.02 flt=0.00 dmap=+0/-0 shz=3.5 plan=4 cmd=(lx=+0.00,ly=+0.00,rx=-0.45)
  t=179.4 AGR-DWA-T pos=(-5.02,+2.38) yaw= +19.3 d=0.73 goal_err=+47 carrot_err= +51 c0=0.42 clear=0.28 prog=0.00 rel=0.99 bal=-0.15 obs=129 hard=119 obsc=130 yr= 19G nz=0.01 flt=0.21 dmap=+0/-0 shz=3.5 plan=4 cmd=(lx=+0.00,ly=+0.00,rx=-0.45)
  t=179.8 AGR-DWA-T pos=(-5.02,+2.38) yaw= +27.3 d=0.73 goal_err=+39 carrot_err= +43 c0=0.31 clear=0.21 prog=0.00 rel=0.93 bal=-0.25 obs=125 hard=119 obsc=129 yr= 19  nz=0.07 flt=0.01 dmap=+1/-5 shz=3.5 plan=4 cmd=(lx=+0.00,ly=+0.00,rx=+0.00)
  t=180.2 AGR-DWA-T pos=(-5.02,+2.38) yaw= +27.3 d=0.73 goal_err=+39 carrot_err= +43 c0=0.31 clear=0.21 prog=0.00 rel=0.91 bal=-0.25 obs=125 hard=119 obsc=129 yr=  0  nz=0.09 flt=0.01 dmap=+0/-0 shz=3.5 plan=4 cmd=(lx=+0.00,ly=+0.00,rx=+0.00)
  t=180.6 AGR-DWA-T pos=(-5.02,+2.38) yaw= +27.3 d=0.73 goal_err=+39 carrot_err= +43 c0=0.31 clear=0.21 prog=0.00 rel=0.91 bal=-0.25 obs=125 hard=119 obsc=129 yr=  0  nz=0.09 flt=0.01 dmap=+0/-0 shz=3.5 plan=4 cmd=(lx=+0.00,ly=+0.00,rx=+0.00)
  t=181.1 AGR-BRK-BK pos=(-5.02,+2.38) yaw= +27.3 d=0.73 goal_err=+39 carrot_err= +43 c0=0.31 clear=0.21 prog=0.00 rel=0.91 bal=-0.25 obs=125 hard=119 obsc=129 yr=  0  nz=0.09 flt=0.01 dmap=+0/-0 shz=3.5 plan=0 cmd=(lx=+0.00,ly=-0.35,rx=+0.00)
  t=181.5 AGR-BRK-TR pos=(-5.04,+2.37) yaw= +27.0 d=0.74 goal_err=+38 carrot_err= +42 c0=0.33 clear=0.22 prog=0.00 rel=0.97 bal=-0.28 obs=121 hard=115 obsc=125 yr=  1G nz=0.03 flt=0.21 dmap=+0/-0 shz=3.3 plan=0 cmd=(lx=+0.00,ly=+0.00,rx=+0.45)
  t=181.9 AGR-BRK-TR pos=(-5.04,+2.37) yaw= +18.9 d=0.74 goal_err=+46 carrot_err= +50 c0=0.44 clear=0.29 prog=0.00 rel=0.98 bal=-0.14 obs=121 hard=115 obsc=125 yr= 19G nz=0.02 flt=0.01 dmap=+0/-0 shz=3.3 plan=0 cmd=(lx=+0.00,ly=+0.00,rx=+0.45)
  t=182.3 AGR-BRK-TR pos=(-5.04,+2.37) yaw=  +8.9 d=0.74 goal_err=+56 carrot_err= +60 c0=0.44 clear=0.29 prog=0.00 rel=0.91 bal=-0.31 obs=121 hard=115 obsc=125 yr= 38G nz=0.09 flt=0.27 dmap=+0/-0 shz=3.3 plan=0 cmd=(lx=+0.00,ly=+0.00,rx=+0.45)
  t=182.7 AGR-BRK-TR pos=(-5.04,+2.37) yaw=  +0.9 d=0.74 goal_err=+64 carrot_err= +68 c0=0.44 clear=0.29 prog=0.00 rel=0.89 bal=-0.31 obs=121 hard=115 obsc=125 yr= 20G nz=0.11 flt=0.00 dmap=+0/-0 shz=3.3 plan=0 cmd=(lx=+0.00,ly=+0.00,rx=+0.45)
  t=183.1 AGR-BRK-TR pos=(-5.04,+2.37) yaw=  -7.1 d=0.74 goal_err=+72 carrot_err= +76 c0=0.44 clear=0.29 prog=0.00 rel=0.92 bal=-0.29 obs=121 hard=115 obsc=125 yr= 19G nz=0.08 flt=0.09 dmap=+0/-0 shz=3.3 plan=0 cmd=(lx=+0.00,ly=+0.00,rx=+0.45)
  t=183.6 AGR-BRK-TR pos=(-5.04,+2.37) yaw= -15.2 d=0.74 goal_err=+81 carrot_err= +84 c0=0.44 clear=0.29 prog=0.00 rel=0.92 bal=-0.29 obs=121 hard=115 obsc=125 yr= 18G nz=0.08 flt=0.19 dmap=+0/-0 shz=3.3 plan=0 cmd=(lx=+0.00,ly=+0.00,rx=+0.45)
  t=184.0 AGR-DWA-T pos=(-5.03,+2.37) yaw= -19.1 d=0.74 goal_err=+85 carrot_err= +89 c0=0.43 clear=0.29 prog=0.01 rel=0.97 bal=-0.29 obs=121 hard=115 obsc=125 yr= 18G nz=0.03 flt=0.03 dmap=+0/-0 shz=3.3 plan=4 cmd=(lx=+0.00,ly=+0.00,rx=-0.45)
  t=184.4 AGR-DWA-T pos=(-5.03,+2.37) yaw=  -9.0 d=0.74 goal_err=+75 carrot_err= +79 c0=0.43 clear=0.29 prog=0.01 rel=0.97 bal=-0.29 obs=121 hard=115 obsc=125 yr= 37G nz=0.03 flt=0.16 dmap=+0/-0 shz=3.3 plan=4 cmd=(lx=+0.00,ly=+0.00,rx=-0.45)
  t=184.9 AGR-DWA-T pos=(-5.03,+2.37) yaw=  -1.0 d=0.74 goal_err=+67 carrot_err= +71 c0=0.43 clear=0.29 prog=0.01 rel=0.96 bal=-0.32 obs=122 hard=115 obsc=125 yr= 18G nz=0.04 flt=0.07 dmap=+0/-0 shz=3.3 plan=4 cmd=(lx=+0.00,ly=+0.00,rx=-0.45)
  t=185.3 AGR-DWA-T pos=(-5.03,+2.37) yaw=  +7.0 d=0.74 goal_err=+59 carrot_err= +63 c0=0.43 clear=0.29 prog=0.01 rel=0.98 bal=-0.32 obs=122 hard=115 obsc=125 yr= 18G nz=0.02 flt=0.00 dmap=+0/-0 shz=3.3 plan=4 cmd=(lx=+0.00,ly=+0.00,rx=-0.45)
  t=185.7 AGR-DWA-T pos=(-5.03,+2.37) yaw= +15.0 d=0.74 goal_err=+51 carrot_err= +55 c0=0.43 clear=0.29 prog=0.00 rel=0.98 bal=-0.14 obs=122 hard=115 obsc=125 yr= 19G nz=0.02 flt=0.00 dmap=+0/-0 shz=3.3 plan=4 cmd=(lx=+0.00,ly=+0.00,rx=-0.45)
  t=186.2 AGR-DWA-T pos=(-5.03,+2.37) yaw= +23.0 d=0.74 goal_err=+43 carrot_err= +47 c0=0.33 clear=0.22 prog=0.00 rel=0.94 bal=-0.14 obs=125 hard=116 obsc=127 yr=  0  nz=0.07 flt=0.00 dmap=+0/-0 shz=3.3 plan=4 cmd=(lx=+0.00,ly=+0.00,rx=+0.00)
  t=186.6 AGR-DWA-T pos=(-5.03,+2.37) yaw= +23.0 d=0.74 goal_err=+43 carrot_err= +47 c0=0.33 clear=0.22 prog=0.00 rel=0.92 bal=-0.14 obs=126 hard=118 obsc=126 yr=  0  nz=0.08 flt=0.00 dmap=+0/-0 shz=3.5 plan=4 cmd=(lx=+0.00,ly=+0.00,rx=+0.00)
  t=187.0 AGR-DWA-T pos=(-5.03,+2.37) yaw= +23.0 d=0.74 goal_err=+43 carrot_err= +47 c0=0.33 clear=0.22 prog=0.00 rel=0.92 bal=-0.14 obs=126 hard=118 obsc=126 yr=  0  nz=0.08 flt=0.00 dmap=+0/-0 shz=3.5 plan=4 cmd=(lx=+0.00,ly=+0.00,rx=+0.00)
  t=187.4 AGR-BRK-BK pos=(-5.03,+2.37) yaw= +23.0 d=0.74 goal_err=+43 carrot_err= +47 c0=0.33 clear=0.22 prog=0.00 rel=0.92 bal=-0.14 obs=126 hard=118 obsc=126 yr=  0  nz=0.08 flt=0.00 dmap=+0/-0 shz=3.5 plan=0 cmd=(lx=+0.00,ly=-0.35,rx=+0.00)
  t=187.9 AGR-BRK-TR pos=(-5.05,+2.36) yaw= +22.7 d=0.75 goal_err=+42 carrot_err= +46 c0=0.35 clear=0.23 prog=0.00 rel=0.98 bal=-0.13 obs=123 hard=118 obsc=126 yr=  1G nz=0.02 flt=0.01 dmap=+0/-0 shz=3.3 plan=0 cmd=(lx=+0.00,ly=+0.00,rx=+0.45)
  t=188.3 AGR-BRK-TR pos=(-5.05,+2.36) yaw= +16.5 d=0.75 goal_err=+48 carrot_err= +52 c0=0.45 clear=0.30 prog=0.00 rel=0.98 bal=-0.13 obs=123 hard=118 obsc=126 yr= 19G nz=0.02 flt=0.00 dmap=+0/-0 shz=3.3 plan=0 cmd=(lx=+0.00,ly=+0.00,rx=+0.45)
  t=188.7 AGR-BRK-TR pos=(-5.05,+2.36) yaw=  +6.5 d=0.75 goal_err=+58 carrot_err= +62 c0=0.45 clear=0.30 prog=0.00 rel=0.91 bal=-0.30 obs=123 hard=118 obsc=126 yr= 19G nz=0.10 flt=0.28 dmap=+0/-0 shz=3.3 plan=0 cmd=(lx=+0.00,ly=+0.00,rx=+0.45)
  t=189.1 AGR-BRK-TR pos=(-5.05,+2.36) yaw=  -1.5 d=0.75 goal_err=+66 carrot_err= +70 c0=0.45 clear=0.30 prog=0.00 rel=0.90 bal=-0.28 obs=125 hard=120 obsc=128 yr= 19G nz=0.10 flt=0.00 dmap=+0/-0 shz=3.3 plan=0 cmd=(lx=+0.00,ly=+0.00,rx=+0.45)
  t=189.6 AGR-BRK-TR pos=(-5.05,+2.36) yaw=  -9.5 d=0.75 goal_err=+74 carrot_err= +78 c0=0.45 clear=0.30 prog=0.00 rel=0.92 bal=-0.28 obs=125 hard=120 obsc=128 yr= 19G nz=0.08 flt=0.00 dmap=+0/-0 shz=3.3 plan=0 cmd=(lx=+0.00,ly=+0.00,rx=+0.45)
  t=190.0 AGR-BRK-TR pos=(-5.04,+2.36) yaw= -17.4 d=0.75 goal_err=+83 carrot_err= +87 c0=0.44 clear=0.29 prog=0.01 rel=0.99 bal=-0.28 obs=125 hard=120 obsc=128 yr= 18G nz=0.01 flt=0.00 dmap=+0/-0 shz=3.3 plan=0 cmd=(lx=+0.00,ly=+0.00,rx=+0.45)
  t=190.4 AGR-DWA-T pos=(-5.02,+2.36) yaw= -21.3 d=0.74 goal_err=+88 carrot_err= +92 c0=1.09 clear=0.72 prog=0.02 rel=0.65 bal=-0.29 obs=125 hard=120 obsc=128 yr= 19G nz=0.35 flt=0.08 dmap=+0/-0 shz=3.3 plan=4 cmd=(lx=+0.00,ly=+0.00,rx=-0.45)
  t=190.8 AGR-DWA-T pos=(-5.02,+2.36) yaw= -13.3 d=0.74 goal_err=+80 carrot_err= +84 c0=0.43 clear=0.28 prog=0.02 rel=0.62 bal=-0.29 obs=125 hard=120 obsc=128 yr= 20G nz=0.38 flt=0.00 dmap=+0/-0 shz=3.3 plan=4 cmd=(lx=+0.00,ly=+0.00,rx=-0.45)
  t=191.3 AGR-DWA-T pos=(-5.02,+2.36) yaw=  -3.2 d=0.74 goal_err=+70 carrot_err= +74 c0=0.43 clear=0.28 prog=0.02 rel=0.64 bal=-0.29 obs=125 hard=120 obsc=128 yr= 37G nz=0.36 flt=0.00 dmap=+0/-0 shz=3.3 plan=4 cmd=(lx=+0.00,ly=+0.00,rx=-0.45)
  t=191.7 AGR-DWA-T pos=(-5.02,+2.36) yaw=  +4.8 d=0.74 goal_err=+62 carrot_err= +66 c0=0.43 clear=0.28 prog=0.02 rel=0.63 bal=-0.31 obs=125 hard=120 obsc=128 yr= 18G nz=0.37 flt=0.00 dmap=+0/-0 shz=3.3 plan=4 cmd=(lx=+0.00,ly=+0.00,rx=-0.45)
  t=192.1 AGR-DWA-T pos=(-5.02,+2.36) yaw= +12.8 d=0.74 goal_err=+54 carrot_err= +58 c0=0.43 clear=0.28 prog=0.00 rel=0.64 bal=-0.13 obs=125 hard=120 obsc=128 yr= 19G nz=0.36 flt=0.28 dmap=+0/-0 shz=3.3 plan=4 cmd=(lx=+0.00,ly=+0.00,rx=-0.45)
  t=192.6 AGR-DWA-T pos=(-5.02,+2.36) yaw= +20.8 d=0.74 goal_err=+46 carrot_err= +50 c0=0.43 clear=0.28 prog=0.00 rel=0.88 bal=-0.13 obs=126 hard=121 obsc=129 yr= 18G nz=0.01 flt=0.13 dmap=+0/-0 shz=3.5 plan=4 cmd=(lx=+0.00,ly=+0.00,rx=+0.00)
  t=193.0 AGR-DWA-T pos=(-5.02,+2.36) yaw= +22.8 d=0.74 goal_err=+44 carrot_err= +48 c0=0.33 clear=0.22 prog=0.00 rel=0.93 bal=-0.13 obs=127 hard=118 obsc=128 yr=  0  nz=0.07 flt=0.01 dmap=+0/-0 shz=3.5 plan=4 cmd=(lx=+0.00,ly=+0.00,rx=+0.00)
  t=193.4 AGR-DWA-T pos=(-5.02,+2.36) yaw= +22.8 d=0.74 goal_err=+44 carrot_err= +48 c0=0.33 clear=0.22 prog=0.00 rel=0.93 bal=-0.13 obs=127 hard=118 obsc=128 yr=  0  nz=0.07 flt=0.01 dmap=+0/-0 shz=3.5 plan=4 cmd=(lx=+0.00,ly=+0.00,rx=+0.00)
  t=193.8 AGR-DWA-T pos=(-5.02,+2.36) yaw= +22.8 d=0.74 goal_err=+44 carrot_err= +48 c0=0.33 clear=0.22 prog=0.00 rel=0.93 bal=-0.13 obs=127 hard=118 obsc=128 yr=  0  nz=0.07 flt=0.01 dmap=+0/-0 shz=3.5 plan=0 cmd=(lx=+0.00,ly=+0.00,rx=+0.00)
  t=194.3 AGR-BRK-BK pos=(-5.05,+2.35) yaw= +22.8 d=0.76 goal_err=+43 carrot_err= +47 c0=0.35 clear=0.23 prog=0.00 rel=0.93 bal=-0.12 obs=127 hard=118 obsc=128 yr=  0  nz=0.07 flt=0.01 dmap=+0/-0 shz=3.5 plan=0 cmd=(lx=+0.00,ly=-0.35,rx=+0.00)
  t=194.7 AGR-BRK-TR pos=(-5.05,+2.35) yaw= +18.5 d=0.76 goal_err=+47 carrot_err= +51 c0=0.45 clear=0.30 prog=0.00 rel=0.99 bal=-0.12 obs=126 hard=117 obsc=127 yr= 19G nz=0.01 flt=0.03 dmap=+0/-0 shz=3.3 plan=0 cmd=(lx=+0.00,ly=+0.00,rx=+0.45)
  t=195.1 AGR-BRK-TR pos=(-5.05,+2.35) yaw= +10.5 d=0.76 goal_err=+55 carrot_err= +59 c0=0.45 clear=0.30 prog=0.00 rel=0.93 bal=-0.06 obs=126 hard=117 obsc=127 yr= 20G nz=0.07 flt=0.01 dmap=+0/-0 shz=3.2 plan=0 cmd=(lx=+0.00,ly=+0.00,rx=+0.45)
  t=195.5 AGR-BRK-TR pos=(-5.05,+2.35) yaw=  +2.5 d=0.76 goal_err=+63 carrot_err= +67 c0=0.45 clear=0.30 prog=0.00 rel=0.92 bal=-0.29 obs=126 hard=117 obsc=127 yr= 19G nz=0.08 flt=0.00 dmap=+0/-0 shz=3.3 plan=0 cmd=(lx=+0.00,ly=+0.00,rx=+0.45)
  t=195.9 AGR-BRK-TR pos=(-5.05,+2.35) yaw=  -5.6 d=0.76 goal_err=+71 carrot_err= +75 c0=0.45 clear=0.30 prog=0.00 rel=0.93 bal=-0.27 obs=126 hard=117 obsc=127 yr= 19G nz=0.07 flt=0.05 dmap=+0/-0 shz=3.3 plan=0 cmd=(lx=+0.00,ly=+0.00,rx=+0.45)
  t=196.4 AGR-BRK-TR pos=(-5.05,+2.35) yaw= -15.6 d=0.76 goal_err=+81 carrot_err= +85 c0=0.45 clear=0.30 prog=0.00 rel=0.99 bal=-0.27 obs=126 hard=117 obsc=127 yr= 19G nz=0.01 flt=0.20 dmap=+0/-0 shz=3.2 plan=0 cmd=(lx=+0.00,ly=+0.00,rx=+0.45)
  t=196.8 AGR-DWA-T pos=(-5.02,+2.35) yaw= -23.4 d=0.75 goal_err=+90 carrot_err= +94 c0=1.04 clear=0.69 prog=0.02 rel=0.66 bal=-0.28 obs=126 hard=119 obsc=127 yr= 18G nz=0.32 flt=0.04 dmap=+0/-0 shz=3.3 plan=4 cmd=(lx=+0.00,ly=+0.00,rx=-0.45)
  t=197.2 AGR-DWA-T pos=(-5.02,+2.35) yaw= -19.3 d=0.75 goal_err=+87 carrot_err= +91 c0=1.03 clear=0.69 prog=0.02 rel=0.55 bal=-0.28 obs=126 hard=119 obsc=127 yr= 19G nz=0.45 flt=0.22 dmap=+0/-0 shz=3.2 plan=4 cmd=(lx=+0.00,ly=+0.00,rx=-0.45)
  t=197.7 AGR-DWA-T pos=(-5.02,+2.35) yaw= -11.3 d=0.75 goal_err=+79 carrot_err= +83 c0=0.42 clear=0.28 prog=0.02 rel=0.54 bal=-0.28 obs=126 hard=119 obsc=127 yr= 19G nz=0.46 flt=0.26 dmap=+0/-0 shz=3.2 plan=4 cmd=(lx=+0.00,ly=+0.00,rx=-0.45)
  t=198.1 AGR-DWA-T pos=(-5.02,+2.35) yaw=  -3.3 d=0.75 goal_err=+70 carrot_err= +75 c0=0.42 clear=0.28 prog=0.02 rel=0.53 bal=-0.30 obs=126 hard=119 obsc=127 yr= 19G nz=0.47 flt=0.00 dmap=+0/-0 shz=3.3 plan=4 cmd=(lx=+0.00,ly=+0.00,rx=-0.45)
  t=198.5 AGR-DWA-T pos=(-5.02,+2.35) yaw=  +6.7 d=0.75 goal_err=+60 carrot_err= +65 c0=0.42 clear=0.28 prog=0.01 rel=0.51 bal=-0.30 obs=126 hard=119 obsc=127 yr= 19G nz=0.43 flt=0.32 dmap=+0/-0 shz=3.2 plan=4 cmd=(lx=+0.00,ly=+0.00,rx=-0.45)
  t=198.9 AGR-DWA-T pos=(-5.02,+2.35) yaw= +14.8 d=0.75 goal_err=+52 carrot_err= +57 c0=0.42 clear=0.28 prog=0.00 rel=0.98 bal=-0.12 obs=126 hard=120 obsc=127 yr= 19G nz=0.02 flt=0.12 dmap=+0/-0 shz=3.3 plan=4 cmd=(lx=+0.00,ly=+0.00,rx=-0.45)
  t=199.4 AGR-DWA-T pos=(-5.02,+2.35) yaw= +22.8 d=0.75 goal_err=+44 carrot_err= +49 c0=0.42 clear=0.28 prog=0.00 rel=0.98 bal=-0.12 obs=132 hard=115 obsc=128 yr= 19  nz=0.02 flt=0.01 dmap=+6/-0 shz=3.5 plan=4 cmd=(lx=+0.00,ly=+0.00,rx=+0.00)
  t=199.8 AGR-DWA-T pos=(-5.02,+2.35) yaw= +22.8 d=0.75 goal_err=+44 carrot_err= +49 c0=0.42 clear=0.28 prog=0.00 rel=0.99 bal=-0.12 obs=132 hard=115 obsc=127 yr=  0  nz=0.01 flt=0.05 dmap=+0/-0 shz=3.5 plan=4 cmd=(lx=+0.00,ly=+0.00,rx=+0.00)
  t=200.2 AGR-DWA-T pos=(-5.02,+2.35) yaw= +22.8 d=0.75 goal_err=+44 carrot_err= +49 c0=0.42 clear=0.28 prog=0.00 rel=0.99 bal=-0.12 obs=132 hard=115 obsc=127 yr=  0  nz=0.01 flt=0.05 dmap=+0/-0 shz=3.5 plan=4 cmd=(lx=+0.00,ly=+0.00,rx=+0.00)
  t=200.6 AGR-BRK-BK pos=(-5.02,+2.35) yaw= +22.8 d=0.75 goal_err=+44 carrot_err= +49 c0=0.42 clear=0.28 prog=0.00 rel=0.99 bal=-0.12 obs=132 hard=115 obsc=127 yr=  0  nz=0.01 flt=0.05 dmap=+0/-0 shz=3.5 plan=0 cmd=(lx=+0.00,ly=-0.35,rx=+0.00)
  t=201.1 AGR-BRK-TR pos=(-5.04,+2.34) yaw= +22.6 d=0.77 goal_err=+43 carrot_err= +47 c0=0.35 clear=0.24 prog=0.00 rel=0.94 bal=-0.11 obs=132 hard=116 obsc=127 yr=  1  nz=0.06 flt=0.00 dmap=+0/-0 shz=3.3 plan=0 cmd=(lx=+0.00,ly=+0.00,rx=+0.45)
  [spill] DERRAME t=96.15 eta=1.61 v=0.01
  t=201.5 AGR-BRK-TR pos=(-5.04,+2.34) yaw= +18.3 d=0.77 goal_err=+48 carrot_err= +51 c0=0.45 clear=0.30 prog=0.00 rel=0.93 bal=-0.11 obs=132 hard=116 obsc=127 yr= 19G nz=0.07 flt=0.00 dmap=+0/-0 shz=3.3 plan=0 cmd=(lx=+0.00,ly=+0.00,rx=+0.45)
  t=201.9 AGR-BRK-TR pos=(-5.04,+2.34) yaw=  +8.3 d=0.77 goal_err=+58 carrot_err= +62 c0=0.45 clear=0.30 prog=0.00 rel=0.93 bal=-0.28 obs=132 hard=116 obsc=127 yr= 38G nz=0.07 flt=0.21 dmap=+0/-0 shz=3.3 plan=0 cmd=(lx=+0.00,ly=+0.00,rx=+0.45)
  t=202.3 AGR-BRK-TR pos=(-5.04,+2.34) yaw=  +2.3 d=0.77 goal_err=+64 carrot_err= +68 c0=0.45 clear=0.30 prog=0.00 rel=0.93 bal=-0.28 obs=132 hard=116 obsc=127 yr= 19G nz=0.07 flt=0.00 dmap=+0/-0 shz=3.3 plan=0 cmd=(lx=+0.00,ly=+0.00,rx=+0.45)
  t=202.8 AGR-BRK-TR pos=(-5.04,+2.34) yaw=  -5.8 d=0.77 goal_err=+72 carrot_err= +76 c0=0.45 clear=0.30 prog=0.00 rel=0.95 bal=-0.26 obs=132 hard=116 obsc=127 yr= 19G nz=0.05 flt=0.00 dmap=+0/-0 shz=3.3 plan=0 cmd=(lx=+0.00,ly=+0.00,rx=+0.45)
  t=203.2 AGR-BRK-TR pos=(-5.04,+2.34) yaw= -15.8 d=0.77 goal_err=+82 carrot_err= +86 c0=0.45 clear=0.30 prog=0.00 rel=1.00 bal=-0.26 obs=132 hard=118 obsc=127 yr= 20G nz=0.00 flt=0.00 dmap=+0/-0 shz=3.3 plan=0 cmd=(lx=+0.00,ly=+0.00,rx=+0.45)
  t=203.6 AGR-DWA-T pos=(-5.02,+2.34) yaw= -23.6 d=0.76 goal_err=+91 carrot_err= +95 c0=1.03 clear=0.69 prog=0.01 rel=0.68 bal=-0.27 obs=132 hard=118 obsc=127 yr= 18G nz=0.32 flt=0.01 dmap=+0/-0 shz=3.3 plan=4 cmd=(lx=+0.00,ly=+0.00,rx=-0.45)
  t=204.0 AGR-DWA-T pos=(-5.02,+2.34) yaw= -15.6 d=0.76 goal_err=+83 carrot_err= +87 c0=0.43 clear=0.28 prog=0.01 rel=0.53 bal=-0.27 obs=132 hard=118 obsc=127 yr= 19G nz=0.47 flt=0.00 dmap=+0/-0 shz=3.3 plan=4 cmd=(lx=+0.00,ly=+0.00,rx=-0.45)
  t=204.4 AGR-DWA-T pos=(-5.02,+2.34) yaw=  -7.6 d=0.76 goal_err=+75 carrot_err= +79 c0=0.43 clear=0.28 prog=0.01 rel=0.52 bal=-0.27 obs=132 hard=118 obsc=127 yr= 19G nz=0.48 flt=0.28 dmap=+0/-0 shz=3.3 plan=4 cmd=(lx=+0.00,ly=+0.00,rx=-0.45)
  t=204.9 AGR-DWA-T pos=(-5.02,+2.34) yaw=  +0.5 d=0.76 goal_err=+67 carrot_err= +71 c0=0.43 clear=0.28 prog=0.01 rel=0.52 bal=-0.29 obs=132 hard=118 obsc=127 yr= 19G nz=0.48 flt=0.05 dmap=+0/-0 shz=3.3 plan=4 cmd=(lx=+0.00,ly=+0.00,rx=-0.45)
  t=205.3 AGR-DWA-T pos=(-5.02,+2.34) yaw=  +8.5 d=0.76 goal_err=+59 carrot_err= +63 c0=0.43 clear=0.28 prog=0.01 rel=0.57 bal=-0.29 obs=132 hard=118 obsc=127 yr= 19G nz=0.43 flt=0.00 dmap=+0/-0 shz=3.3 plan=4 cmd=(lx=+0.00,ly=+0.00,rx=-0.45)
  t=205.7 AGR-DWA-T pos=(-5.02,+2.34) yaw= +16.5 d=0.76 goal_err=+51 carrot_err= +55 c0=0.43 clear=0.28 prog=0.00 rel=0.66 bal=-0.11 obs=132 hard=118 obsc=127 yr= 18G nz=0.34 flt=0.05 dmap=+0/-0 shz=3.5 plan=4 cmd=(lx=+0.00,ly=+0.00,rx=-0.45)
  t=206.1 AGR-DWA-T pos=(-5.02,+2.34) yaw= +24.5 d=0.76 goal_err=+43 carrot_err= +47 c0=0.34 clear=0.23 prog=0.00 rel=0.97 bal=-0.11 obs=132 hard=118 obsc=127 yr= 19  nz=0.03 flt=0.00 dmap=+0/-0 shz=3.5 plan=4 cmd=(lx=+0.00,ly=+0.00,rx=+0.00)
  t=206.6 AGR-DWA-T pos=(-5.02,+2.34) yaw= +24.5 d=0.76 goal_err=+43 carrot_err= +47 c0=0.34 clear=0.23 prog=0.00 rel=0.92 bal=-0.11 obs=133 hard=118 obsc=128 yr=  0  nz=0.08 flt=0.03 dmap=+0/-0 shz=3.5 plan=4 cmd=(lx=+0.00,ly=+0.00,rx=+0.00)
  t=207.0 AGR-DWA-T pos=(-5.02,+2.34) yaw= +24.5 d=0.76 goal_err=+43 carrot_err= +47 c0=0.34 clear=0.23 prog=0.00 rel=0.92 bal=-0.11 obs=133 hard=118 obsc=128 yr=  0  nz=0.08 flt=0.03 dmap=+0/-0 shz=3.5 plan=4 cmd=(lx=+0.00,ly=+0.00,rx=+0.00)
  t=207.4 AGR-BRK-BK pos=(-5.02,+2.34) yaw= +24.5 d=0.76 goal_err=+43 carrot_err= +47 c0=0.34 clear=0.23 prog=0.00 rel=0.92 bal=-0.11 obs=133 hard=118 obsc=128 yr=  0  nz=0.08 flt=0.03 dmap=+0/-0 shz=3.5 plan=0 cmd=(lx=+0.00,ly=-0.35,rx=+0.00)
  t=207.8 AGR-BRK-TR pos=(-5.03,+2.34) yaw= +24.0 d=0.77 goal_err=+43 carrot_err= +47 c0=0.35 clear=0.23 prog=0.00 rel=0.98 bal=-0.10 obs=130 hard=118 obsc=128 yr=  2G nz=0.02 flt=0.01 dmap=+0/-0 shz=3.2 plan=0 cmd=(lx=+0.00,ly=+0.00,rx=+0.45)
  t=208.3 AGR-BRK-TR pos=(-5.03,+2.34) yaw= +16.0 d=0.77 goal_err=+51 carrot_err= +55 c0=0.44 clear=0.29 prog=0.00 rel=0.94 bal=-0.10 obs=130 hard=118 obsc=128 yr= 19G nz=0.07 flt=0.01 dmap=+0/-0 shz=3.2 plan=0 cmd=(lx=+0.00,ly=+0.00,rx=+0.45)
  t=208.7 AGR-BRK-TR pos=(-5.03,+2.34) yaw=  +8.0 d=0.77 goal_err=+59 carrot_err= +63 c0=0.44 clear=0.29 prog=0.00 rel=0.94 bal=-0.28 obs=130 hard=118 obsc=128 yr= 19G nz=0.06 flt=0.00 dmap=+0/-0 shz=3.3 plan=0 cmd=(lx=+0.00,ly=+0.00,rx=+0.45)
  t=209.1 AGR-BRK-TR pos=(-5.03,+2.34) yaw=  -0.1 d=0.77 goal_err=+67 carrot_err= +71 c0=0.44 clear=0.29 prog=0.00 rel=0.95 bal=-0.28 obs=130 hard=118 obsc=128 yr= 19G nz=0.05 flt=0.22 dmap=+0/-0 shz=3.2 plan=0 cmd=(lx=+0.00,ly=+0.00,rx=+0.45)
  t=209.5 AGR-BRK-TR pos=(-5.03,+2.34) yaw=  -8.1 d=0.77 goal_err=+75 carrot_err= +79 c0=0.44 clear=0.29 prog=0.00 rel=0.95 bal=-0.26 obs=130 hard=118 obsc=128 yr= 19G nz=0.05 flt=0.01 dmap=+0/-0 shz=3.2 plan=0 cmd=(lx=+0.00,ly=+0.00,rx=+0.45)
  t=210.0 AGR-BRK-TR pos=(-5.03,+2.34) yaw= -16.1 d=0.77 goal_err=+83 carrot_err= +87 c0=0.44 clear=0.29 prog=0.00 rel=0.99 bal=-0.26 obs=130 hard=118 obsc=128 yr= 19G nz=0.01 flt=0.00 dmap=+0/-0 shz=3.3 plan=0 cmd=(lx=+0.00,ly=+0.00,rx=+0.45)
  t=210.4 AGR-DWA-T pos=(-5.03,+2.34) yaw= -20.0 d=0.76 goal_err=+87 carrot_err= +91 c0=1.08 clear=0.72 prog=0.00 rel=0.63 bal=-0.26 obs=130 hard=118 obsc=128 yr= 19G nz=0.37 flt=0.20 dmap=+0/-0 shz=3.2 plan=4 cmd=(lx=+0.00,ly=+0.00,rx=-0.45)
  t=210.8 AGR-DWA-T pos=(-5.03,+2.34) yaw= -12.0 d=0.76 goal_err=+79 carrot_err= +83 c0=0.43 clear=0.29 prog=0.00 rel=0.56 bal=-0.26 obs=130 hard=118 obsc=128 yr= 19G nz=0.44 flt=0.18 dmap=+0/-0 shz=3.2 plan=4 cmd=(lx=+0.00,ly=+0.00,rx=-0.45)
  t=211.2 AGR-DWA-T pos=(-5.03,+2.34) yaw=  -4.0 d=0.76 goal_err=+71 carrot_err= +75 c0=0.43 clear=0.29 prog=0.00 rel=0.53 bal=-0.26 obs=130 hard=118 obsc=128 yr= 19G nz=0.47 flt=0.00 dmap=+0/-0 shz=3.2 plan=4 cmd=(lx=+0.00,ly=+0.00,rx=-0.45)
  t=211.7 AGR-DWA-T pos=(-5.03,+2.34) yaw=  +4.0 d=0.76 goal_err=+63 carrot_err= +67 c0=0.43 clear=0.29 prog=0.00 rel=0.47 bal=-0.28 obs=130 hard=118 obsc=128 yr= 19G nz=0.49 flt=0.27 dmap=+0/-0 shz=3.2 plan=4 cmd=(lx=+0.00,ly=+0.00,rx=-0.45)
  t=212.1 AGR-DWA-T pos=(-5.03,+2.34) yaw= +14.1 d=0.76 goal_err=+53 carrot_err= +57 c0=0.43 clear=0.29 prog=0.00 rel=0.62 bal=-0.34 obs=130 hard=118 obsc=128 yr= 19G nz=0.38 flt=0.14 dmap=+0/-0 shz=3.2 plan=4 cmd=(lx=+0.00,ly=+0.00,rx=-0.45)
  t=212.5 AGR-DWA-T pos=(-5.03,+2.34) yaw= +20.1 d=0.76 goal_err=+47 carrot_err= +51 c0=0.43 clear=0.29 prog=0.00 rel=0.89 bal=-0.10 obs=130 hard=115 obsc=128 yr=  0  nz=0.03 flt=0.00 dmap=+1/-1 shz=3.5 plan=4 cmd=(lx=+0.00,ly=+0.00,rx=+0.00)
  t=212.9 AGR-DWA-T pos=(-5.03,+2.34) yaw= +22.1 d=0.76 goal_err=+45 carrot_err= +49 c0=0.43 clear=0.29 prog=0.00 rel=0.96 bal=-0.10 obs=130 hard=115 obsc=126 yr=  0  nz=0.04 flt=0.07 dmap=+0/-0 shz=3.5 plan=4 cmd=(lx=+0.00,ly=+0.00,rx=+0.00)
  t=213.4 AGR-DWA-T pos=(-5.03,+2.34) yaw= +22.1 d=0.76 goal_err=+45 carrot_err= +49 c0=0.43 clear=0.29 prog=0.00 rel=0.96 bal=-0.10 obs=130 hard=115 obsc=126 yr=  0  nz=0.04 flt=0.07 dmap=+0/-0 shz=3.5 plan=4 cmd=(lx=+0.00,ly=+0.00,rx=+0.00)
  t=213.8 AGR-BRK-BK pos=(-5.03,+2.34) yaw= +22.1 d=0.76 goal_err=+45 carrot_err= +49 c0=0.43 clear=0.29 prog=0.00 rel=0.96 bal=-0.10 obs=130 hard=115 obsc=126 yr=  0  nz=0.04 flt=0.07 dmap=+0/-0 shz=3.5 plan=0 cmd=(lx=+0.00,ly=-0.35,rx=+0.00)
  t=214.2 AGR-BRK-TR pos=(-5.04,+2.33) yaw= +21.8 d=0.77 goal_err=+45 carrot_err= +48 c0=0.45 clear=0.30 prog=0.00 rel=0.96 bal=-0.10 obs=128 hard=115 obsc=127 yr=  2  nz=0.04 flt=0.04 dmap=+0/-0 shz=3.3 plan=0 cmd=(lx=+0.00,ly=+0.00,rx=+0.45)
  t=214.6 AGR-BRK-TR pos=(-5.04,+2.33) yaw= +15.6 d=0.77 goal_err=+51 carrot_err= +55 c0=0.45 clear=0.30 prog=0.00 rel=0.98 bal=-0.09 obs=128 hard=115 obsc=127 yr= 19G nz=0.02 flt=0.10 dmap=+0/-0 shz=3.3 plan=0 cmd=(lx=+0.00,ly=+0.00,rx=+0.45)
  t=215.0 AGR-BRK-TR pos=(-5.04,+2.33) yaw=  +7.6 d=0.77 goal_err=+59 carrot_err= +63 c0=0.45 clear=0.30 prog=0.00 rel=0.95 bal=-0.27 obs=131 hard=118 obsc=128 yr= 19G nz=0.03 flt=0.00 dmap=+3/-0 shz=3.3 plan=0 cmd=(lx=+0.00,ly=+0.00,rx=+0.45)
  t=215.5 AGR-BRK-TR pos=(-5.04,+2.33) yaw=  -0.5 d=0.77 goal_err=+67 carrot_err= +71 c0=0.45 clear=0.30 prog=0.00 rel=0.97 bal=-0.27 obs=131 hard=118 obsc=128 yr= 19G nz=0.03 flt=0.10 dmap=+0/-0 shz=3.3 plan=0 cmd=(lx=+0.00,ly=+0.00,rx=+0.45)
  t=215.9 AGR-BRK-TR pos=(-5.04,+2.33) yaw=  -8.5 d=0.77 goal_err=+75 carrot_err= +79 c0=0.45 clear=0.30 prog=0.00 rel=0.97 bal=-0.25 obs=131 hard=118 obsc=128 yr= 19G nz=0.03 flt=0.00 dmap=+0/-0 shz=3.3 plan=0 cmd=(lx=+0.00,ly=+0.00,rx=+0.45)
  t=216.3 AGR-BRK-TR pos=(-5.04,+2.33) yaw= -16.5 d=0.77 goal_err=+83 carrot_err= +87 c0=1.09 clear=0.73 prog=0.00 rel=0.95 bal=-0.25 obs=131 hard=118 obsc=128 yr= 19G nz=0.03 flt=0.05 dmap=+0/-0 shz=3.3 plan=0 cmd=(lx=+0.00,ly=+0.00,rx=+0.45)
  t=216.7 AGR-DWA-T pos=(-5.02,+2.33) yaw= -24.3 d=0.77 goal_err=+92 carrot_err= +96 c0=1.07 clear=0.72 prog=0.01 rel=0.53 bal=-0.25 obs=131 hard=118 obsc=128 yr= 18G nz=0.47 flt=0.03 dmap=+0/-0 shz=3.3 plan=4 cmd=(lx=+0.00,ly=+0.00,rx=-0.45)
  t=217.1 AGR-DWA-T pos=(-5.02,+2.33) yaw= -18.3 d=0.77 goal_err=+86 carrot_err= +90 c0=1.07 clear=0.71 prog=0.02 rel=0.45 bal=-0.26 obs=131 hard=118 obsc=128 yr= 18G nz=0.49 flt=0.37 dmap=+0/-0 shz=3.3 plan=4 cmd=(lx=+0.00,ly=+0.00,rx=-0.45)
  t=217.6 AGR-DWA-T pos=(-5.02,+2.33) yaw= -10.2 d=0.77 goal_err=+78 carrot_err= +82 c0=0.42 clear=0.28 prog=0.02 rel=0.52 bal=-0.26 obs=131 hard=118 obsc=128 yr= 19G nz=0.48 flt=0.00 dmap=+0/-0 shz=3.3 plan=4 cmd=(lx=+0.00,ly=+0.00,rx=-0.45)
  t=218.0 AGR-DWA-T pos=(-5.02,+2.33) yaw=  -2.2 d=0.77 goal_err=+70 carrot_err= +74 c0=0.42 clear=0.28 prog=0.01 rel=0.49 bal=-0.28 obs=131 hard=118 obsc=128 yr= 19G nz=0.51 flt=0.00 dmap=+0/-0 shz=3.3 plan=4 cmd=(lx=+0.00,ly=+0.00,rx=-0.45)
  t=218.4 AGR-DWA-T pos=(-5.02,+2.33) yaw=  +5.8 d=0.77 goal_err=+62 carrot_err= +66 c0=0.42 clear=0.28 prog=0.01 rel=0.49 bal=-0.28 obs=132 hard=119 obsc=129 yr= 19G nz=0.46 flt=0.00 dmap=+0/-0 shz=3.3 plan=4 cmd=(lx=+0.00,ly=+0.00,rx=-0.45)
  t=218.9 AGR-DWA-T pos=(-5.02,+2.33) yaw= +13.8 d=0.77 goal_err=+54 carrot_err= +58 c0=0.42 clear=0.28 prog=0.00 rel=0.64 bal=-0.33 obs=132 hard=119 obsc=129 yr= 19G nz=0.36 flt=0.14 dmap=+0/-0 shz=3.3 plan=4 cmd=(lx=+0.00,ly=+0.00,rx=-0.45)
  t=219.3 AGR-DWA-T pos=(-5.02,+2.33) yaw= +21.8 d=0.77 goal_err=+46 carrot_err= +50 c0=0.42 clear=0.28 prog=0.00 rel=0.98 bal=-0.09 obs=132 hard=119 obsc=129 yr= 19G nz=0.02 flt=0.00 dmap=+0/-0 shz=3.5 plan=4 cmd=(lx=+0.00,ly=+0.00,rx=+0.00)
  t=219.7 AGR-DWA-T pos=(-5.02,+2.33) yaw= +23.9 d=0.77 goal_err=+44 carrot_err= +48 c0=0.42 clear=0.28 prog=0.00 rel=0.98 bal=-0.09 obs=138 hard=122 obsc=134 yr=  0  nz=0.02 flt=0.05 dmap=+0/-0 shz=3.5 plan=4 cmd=(lx=+0.00,ly=+0.00,rx=+0.00)
  t=220.1 AGR-DWA-T pos=(-5.02,+2.33) yaw= +23.9 d=0.77 goal_err=+44 carrot_err= +48 c0=0.42 clear=0.28 prog=0.00 rel=0.98 bal=-0.09 obs=138 hard=122 obsc=134 yr=  0  nz=0.02 flt=0.05 dmap=+0/-0 shz=3.5 plan=4 cmd=(lx=+0.00,ly=+0.00,rx=+0.00)
  t=220.6 AGR-DWA-T pos=(-5.02,+2.33) yaw= +23.9 d=0.77 goal_err=+44 carrot_err= +48 c0=0.42 clear=0.28 prog=0.00 rel=0.98 bal=-0.09 obs=138 hard=122 obsc=134 yr=  0  nz=0.02 flt=0.05 dmap=+0/-0 shz=3.5 plan=0 cmd=(lx=+0.00,ly=+0.00,rx=+0.00)
  t=221.0 AGR-BRK-BK pos=(-5.03,+2.32) yaw= +23.7 d=0.78 goal_err=+43 carrot_err= +47 c0=0.44 clear=0.29 prog=0.00 rel=0.98 bal=-0.09 obs=138 hard=123 obsc=135 yr=  1  nz=0.02 flt=0.01 dmap=+0/-0 shz=3.3 plan=0 cmd=(lx=+0.00,ly=-0.35,rx=+0.00)
  t=221.4 AGR-BRK-TR pos=(-5.03,+2.32) yaw= +19.4 d=0.78 goal_err=+48 carrot_err= +52 c0=0.44 clear=0.29 prog=0.00 rel=0.98 bal=-0.09 obs=139 hard=123 obsc=135 yr= 19G nz=0.02 flt=0.09 dmap=+0/-0 shz=3.3 plan=0 cmd=(lx=+0.00,ly=+0.00,rx=+0.45)

  >>> META2 EXPERIENCE-ABORT: experiencia mala 93% en 150s con progreso +0.21m. Ninguna analogia es valida aqui: STOP y aborto (pide ayuda/reposiciona). G1_M2_ABORT=0 desactiva.
  [spill] derrames=1 E[N]=1.10 eta_max=1.61 riesgo=1.1%
  [dataset] travesia guardada -> /Users/adrianlendinezibanez/Claude/Projects/G1 ROBOT/dataset/20260708_132125_ours_B.json
  [stats] fila anadida -> /Users/adrianlendinezibanez/Claude/Projects/G1 ROBOT/dataset/runs_stats.csv

Fin goto.
  [META2-L2] estado guardado (meta2_state_abctrl.json): Pl={'Efficient_Nav': 1.0, 'Cautious_Nav': 0.89} derrames_run=1
  backend grafico: TkAgg
>>> SIM ADAPTER: conectando a rosbridge ws://localhost:8765 ...
  esperando /odom (hasta 30s; el mundo del lab tarda en cargar)... ok
  /odom OK pose=(+0.99,+0.57) | /scan: OK
  escenario LAB: mapa/waypoints/puerta REALES (lab.world solo-paredes, frame G1)

>>> GOTO 'B' -> (-4.73,+3.04). Mando en mano (L2+B). Ctrl+C aborta.
    ENTORNO: SIM (id: lab_v1_ab_ctrl)  — esta run se registra como SIMULACION, no cuenta como run de robot
  Esperando pose localizada y primera nube... ok.
  FRAME-CHECK start=(+0.99,+0.57) wp_mas_cercano=A(+0.99,+0.57) offset=0.00m  -> frame OK (pose y waypoints alineados)
  [spill] payload de agua simulado (semilla=20260708_133259_ours_B.json)
  META2 ACTIVO (techo por analogia): Meta-Reasoner 2.0, analogia inicial Cautious_Nav

  !!!!!!!!!!!!!!!!!!!!!!!!!!!!!!!!!!!!!!!!!!!!!!!!!!!!!!!!!!!!!!!!!!!!!!!!!!
  !!  VISION OFF (G1_PERC sin definir) pero G1_NOVIS=1: navego SIN vision bajo tu responsabilidad.
  !!  La MESA invisible al LiDAR no se vera.
  !!!!!!!!!!!!!!!!!!!!!!!!!!!!!!!!!!!!!!!!!!!!!!!!!!!!!!!!!!!!!!!!!!!!!!!!!!

  mapa de referencia: 961 celdas | muebles estaticos (nav_map): 0 celdas | plan global: static
  t=  0.0 DWA-F pos=(+0.99,+0.57) yaw=-120.3 d=6.23 goal_err=-83 carrot_err= -62 c0=2.25 clear=1.00 prog=0.00 rel=1.00 bal=+0.19 obs=108 hard=108 obsc=108 yr=  0  nz=0.00 flt=0.19 dmap=+108/-0 shz=0.0 plan=34 cmd=(lx=+0.00,ly=+0.40,rx=+0.45)
  t=  0.4 DWA-F pos=(+0.97,+0.53) yaw=-126.3 d=6.22 goal_err=-77 carrot_err= -59 c0=2.21 clear=1.00 prog=0.05 rel=0.97 bal=+0.28 obs=111 hard=111 obsc=111 yr= 18G nz=0.03 flt=0.27 dmap=+0/-0 shz=3.1 plan=34 cmd=(lx=+0.00,ly=+0.40,rx=+0.45)
  t=  0.9 DWA-F pos=(+0.93,+0.49) yaw=-134.4 d=6.21 goal_err=-70 carrot_err= -55 c0=2.28 clear=1.00 prog=0.09 rel=0.95 bal=+0.41 obs=112 hard=112 obsc=112 yr= 18G nz=0.04 flt=0.01 dmap=+0/-0 shz=3.9 plan=34 cmd=(lx=+0.00,ly=+0.40,rx=+0.45)
  t=  1.3 DWA-F pos=(+0.88,+0.45) yaw=-142.4 d=6.18 goal_err=-62 carrot_err= -35 c0=2.50 clear=1.00 prog=0.12 rel=0.95 bal=+0.41 obs=127 hard=126 obsc=157 yr= 19  nz=0.05 flt=0.04 dmap=+15/-0 shz=3.8 plan=34 cmd=(lx=+0.00,ly=+0.40,rx=+0.00)
  t=  1.7 DWA-F pos=(+0.84,+0.41) yaw=-142.4 d=6.16 goal_err=-63 carrot_err= -37 c0=2.50 clear=1.00 prog=0.14 rel=0.80 bal=+0.42 obs=154 hard=133 obsc=166 yr=  0  nz=0.20 flt=0.02 dmap=+8/-0 shz=4.0 plan=33 cmd=(lx=+0.00,ly=+0.40,rx=+0.45)
  t=  2.2 DWA-F pos=(+0.78,+0.37) yaw=-150.4 d=6.12 goal_err=-56 carrot_err= -32 c0=2.50 clear=1.00 prog=0.19 rel=0.81 bal=+0.43 obs=154 hard=133 obsc=166 yr= 37  nz=0.19 flt=0.00 dmap=+0/-0 shz=3.9 plan=33 cmd=(lx=+0.00,ly=+0.40,rx=+0.00)
  t=  2.6 DWA-F pos=(+0.73,+0.34) yaw=-150.4 d=6.09 goal_err=-56 carrot_err= -34 c0=2.50 clear=1.00 prog=0.21 rel=0.99 bal=+0.44 obs=156 hard=137 obsc=171 yr=  0  nz=0.01 flt=0.00 dmap=+0/-0 shz=4.0 plan=33 cmd=(lx=+0.00,ly=+0.40,rx=+0.00)
  t=  3.0 DWA-F pos=(+0.69,+0.32) yaw=-150.4 d=6.07 goal_err=-56 carrot_err= -35 c0=2.50 clear=1.00 prog=0.22 rel=0.99 bal=+0.44 obs=157 hard=148 obsc=168 yr=  0G nz=0.01 flt=0.00 dmap=+0/-0 shz=4.0 plan=32 cmd=(lx=+0.00,ly=+0.40,rx=+0.00)
  t=  3.5 DWA-F pos=(+0.66,+0.30) yaw=-152.4 d=6.04 goal_err=-55 carrot_err= -34 c0=2.50 clear=1.00 prog=0.22 rel=0.99 bal=+0.44 obs=158 hard=153 obsc=168 yr=  0  nz=0.01 flt=0.01 dmap=+0/-0 shz=4.0 plan=32 cmd=(lx=+0.00,ly=+0.40,rx=+0.00)
  t=  3.9 DWA-F pos=(+0.62,+0.28) yaw=-152.4 d=6.02 goal_err=-55 carrot_err= -36 c0=2.50 clear=1.00 prog=0.21 rel=0.99 bal=+0.37 obs=159 hard=156 obsc=169 yr=  0  nz=0.01 flt=0.00 dmap=+0/-0 shz=4.0 plan=32 cmd=(lx=+0.00,ly=+0.40,rx=+0.00)
  t=  4.3 DWA-F pos=(+0.57,+0.25) yaw=-154.4 d=5.99 goal_err=-53 carrot_err= -36 c0=2.50 clear=1.00 prog=0.20 rel=0.99 bal=+0.37 obs=159 hard=158 obsc=169 yr= 18G nz=0.01 flt=0.15 dmap=+0/-0 shz=3.9 plan=32 cmd=(lx=+0.00,ly=+0.40,rx=+0.00)
  t=  4.8 DWA-F pos=(+0.53,+0.23) yaw=-156.4 d=5.96 goal_err=-52 carrot_err= -21 c0=2.50 clear=1.00 prog=0.21 rel=0.99 bal=+0.39 obs=162 hard=160 obsc=171 yr=  0  nz=0.01 flt=0.00 dmap=+0/-0 shz=4.0 plan=32 cmd=(lx=+0.00,ly=+0.40,rx=+0.00)
  t=  5.2 DWA-F pos=(+0.49,+0.22) yaw=-156.4 d=5.93 goal_err=-52 carrot_err= -23 c0=2.50 clear=1.00 prog=0.21 rel=0.99 bal=+0.40 obs=162 hard=161 obsc=171 yr=  0  nz=0.01 flt=0.00 dmap=+0/-0 shz=4.0 plan=32 cmd=(lx=+0.00,ly=+0.40,rx=+0.00)
  t=  5.6 DWA-F pos=(+0.44,+0.20) yaw=-156.4 d=5.90 goal_err=-52 carrot_err= -24 c0=2.50 clear=1.00 prog=0.22 rel=0.99 bal=+0.41 obs=162 hard=162 obsc=171 yr=  0  nz=0.01 flt=0.01 dmap=+0/-0 shz=4.0 plan=32 cmd=(lx=+0.00,ly=+0.40,rx=+0.00)
  t=  6.1 DWA-F pos=(+0.40,+0.18) yaw=-156.4 d=5.88 goal_err=-53 carrot_err= -25 c0=2.50 clear=1.00 prog=0.21 rel=0.99 bal=+0.42 obs=164 hard=163 obsc=174 yr=  0  nz=0.01 flt=0.00 dmap=+2/-1 shz=4.0 plan=31 cmd=(lx=+0.00,ly=+0.40,rx=+0.00)
  t=  6.5 DWA-F pos=(+0.35,+0.16) yaw=-156.4 d=5.84 goal_err=-53 carrot_err= -27 c0=2.50 clear=1.00 prog=0.22 rel=0.99 bal=+0.44 obs=165 hard=162 obsc=173 yr=  0  nz=0.01 flt=0.00 dmap=+0/-0 shz=4.0 plan=31 cmd=(lx=+0.00,ly=+0.40,rx=+0.00)
  t=  6.9 DWA-F pos=(+0.31,+0.14) yaw=-156.4 d=5.82 goal_err=-53 carrot_err= -28 c0=2.50 clear=1.00 prog=0.22 rel=0.99 bal=+0.44 obs=166 hard=163 obsc=174 yr=  0  nz=0.01 flt=0.00 dmap=+0/-0 shz=4.0 plan=31 cmd=(lx=+0.00,ly=+0.40,rx=+0.00)
  t=  7.4 DWA-F pos=(+0.27,+0.12) yaw=-156.4 d=5.79 goal_err=-54 carrot_err= -16 c0=2.50 clear=1.00 prog=0.22 rel=0.99 bal=+0.45 obs=165 hard=164 obsc=173 yr=  0  nz=0.01 flt=0.00 dmap=+0/-0 shz=3.9 plan=31 cmd=(lx=+0.00,ly=+0.40,rx=+0.00)
  t=  7.8 DWA-F pos=(+0.23,+0.11) yaw=-156.4 d=5.76 goal_err=-54 carrot_err= -16 c0=2.50 clear=1.00 prog=0.22 rel=0.99 bal=+0.45 obs=165 hard=165 obsc=174 yr=  0  nz=0.01 flt=0.00 dmap=+1/-1 shz=4.0 plan=30 cmd=(lx=+0.00,ly=+0.40,rx=+0.00)
  t=  8.2 DWA-F pos=(+0.18,+0.08) yaw=-156.4 d=5.73 goal_err=-55 carrot_err= -18 c0=2.50 clear=1.00 prog=0.21 rel=0.99 bal=+0.39 obs=166 hard=165 obsc=174 yr=  0  nz=0.01 flt=0.00 dmap=+0/-0 shz=3.9 plan=30 cmd=(lx=+0.00,ly=+0.40,rx=+0.00)
  t=  8.6 DWA-F pos=(+0.14,+0.07) yaw=-156.4 d=5.71 goal_err=-55 carrot_err= -19 c0=2.49 clear=1.00 prog=0.21 rel=0.98 bal=+0.39 obs=169 hard=168 obsc=176 yr=  0  nz=0.02 flt=0.00 dmap=+0/-0 shz=4.0 plan=30 cmd=(lx=+0.00,ly=+0.40,rx=+0.00)
  t=  9.1 DWA-F pos=(+0.10,+0.05) yaw=-156.4 d=5.68 goal_err=-55 carrot_err= -21 c0=2.44 clear=1.00 prog=0.21 rel=0.96 bal=+0.40 obs=169 hard=167 obsc=177 yr=  0  nz=0.04 flt=0.00 dmap=+0/-0 shz=4.0 plan=30 cmd=(lx=+0.00,ly=+0.40,rx=+0.00)
  t=  9.5 DWA-F pos=(+0.06,+0.03) yaw=-156.4 d=5.66 goal_err=-56 carrot_err= -22 c0=2.40 clear=1.00 prog=0.21 rel=0.94 bal=+0.40 obs=170 hard=168 obsc=178 yr=  0  nz=0.06 flt=0.00 dmap=+0/-0 shz=4.0 plan=29 cmd=(lx=+0.00,ly=+0.40,rx=+0.00)
  t=  9.9 DWA-F pos=(+0.02,+0.01) yaw=-156.4 d=5.63 goal_err=-56 carrot_err= -23 c0=2.35 clear=1.00 prog=0.21 rel=0.91 bal=+0.40 obs=171 hard=171 obsc=181 yr=  0  nz=0.09 flt=0.01 dmap=+0/-0 shz=4.0 plan=29 cmd=(lx=+0.00,ly=+0.40,rx=+0.00)
  t= 10.3 DWA-F pos=(-0.02,-0.01) yaw=-156.4 d=5.61 goal_err=-56 carrot_err= -24 c0=2.31 clear=1.00 prog=0.20 rel=0.92 bal=+0.42 obs=173 hard=171 obsc=180 yr=  0  nz=0.08 flt=0.01 dmap=+0/-0 shz=4.0 plan=29 cmd=(lx=+0.00,ly=+0.40,rx=+0.00)
  t= 10.8 DWA-F pos=(-0.06,-0.02) yaw=-156.4 d=5.58 goal_err=-57 carrot_err= -25 c0=2.27 clear=1.00 prog=0.20 rel=0.91 bal=+0.43 obs=174 hard=172 obsc=182 yr=  0  nz=0.09 flt=0.00 dmap=+0/-0 shz=4.0 plan=29 cmd=(lx=+0.00,ly=+0.40,rx=+0.00)
  t= 11.2 DWA-F pos=(-0.10,-0.04) yaw=-156.4 d=5.56 goal_err=-57 carrot_err= -26 c0=2.22 clear=1.00 prog=0.19 rel=0.91 bal=+0.45 obs=177 hard=174 obsc=183 yr=  0  nz=0.09 flt=0.01 dmap=+0/-0 shz=4.0 plan=29 cmd=(lx=+0.00,ly=+0.40,rx=+0.00)
  t= 11.6 DWA-F pos=(-0.15,-0.06) yaw=-156.4 d=5.53 goal_err=-58 carrot_err= -28 c0=2.18 clear=1.00 prog=0.19 rel=0.92 bal=+0.47 obs=174 hard=171 obsc=179 yr=  0  nz=0.08 flt=0.01 dmap=+0/-0 shz=4.0 plan=29 cmd=(lx=+0.00,ly=+0.40,rx=+0.00)
  t= 12.1 DWA-F pos=(-0.19,-0.08) yaw=-156.4 d=5.51 goal_err=-58 carrot_err= -29 c0=2.13 clear=1.00 prog=0.19 rel=0.92 bal=+0.48 obs=175 hard=172 obsc=181 yr=  0  nz=0.08 flt=0.00 dmap=+0/-0 shz=4.0 plan=29 cmd=(lx=+0.00,ly=+0.40,rx=+0.00)
  t= 12.5 DWA-F pos=(-0.24,-0.10) yaw=-156.4 d=5.48 goal_err=-59 carrot_err= -31 c0=2.08 clear=1.00 prog=0.19 rel=0.92 bal=+0.50 obs=176 hard=172 obsc=181 yr=  0  nz=0.08 flt=0.02 dmap=+0/-0 shz=4.0 plan=28 cmd=(lx=+0.00,ly=+0.40,rx=+0.00)
  t= 12.9 DWA-F pos=(-0.28,-0.12) yaw=-156.4 d=5.46 goal_err=-59 carrot_err= -33 c0=2.03 clear=1.00 prog=0.19 rel=0.92 bal=+0.51 obs=179 hard=175 obsc=184 yr=  0  nz=0.08 flt=0.00 dmap=+3/-0 shz=3.9 plan=28 cmd=(lx=+0.00,ly=+0.40,rx=+0.00)
  t= 13.4 DWA-F pos=(-0.32,-0.13) yaw=-156.4 d=5.44 goal_err=-59 carrot_err= -32 c0=1.99 clear=1.00 prog=0.19 rel=0.91 bal=+0.52 obs=179 hard=177 obsc=185 yr=  0  nz=0.09 flt=0.02 dmap=+1/-1 shz=4.0 plan=28 cmd=(lx=+0.00,ly=+0.40,rx=+0.00)
  t= 13.8 DWA-F pos=(-0.36,-0.15) yaw=-156.4 d=5.41 goal_err=-60 carrot_err= -34 c0=1.95 clear=1.00 prog=0.19 rel=0.92 bal=+0.52 obs=179 hard=176 obsc=184 yr=  0  nz=0.08 flt=0.00 dmap=+0/-0 shz=3.9 plan=27 cmd=(lx=+0.00,ly=+0.40,rx=+0.00)
  t= 14.2 DWA-F pos=(-0.41,-0.17) yaw=-156.4 d=5.38 goal_err=-60 carrot_err= -36 c0=1.89 clear=1.00 prog=0.19 rel=0.92 bal=+0.53 obs=180 hard=178 obsc=186 yr=  0  nz=0.08 flt=0.02 dmap=+0/-0 shz=4.0 plan=27 cmd=(lx=+0.00,ly=+0.40,rx=+0.00)
  t= 14.7 DWA-F pos=(-0.45,-0.19) yaw=-156.4 d=5.36 goal_err=-61 carrot_err= -38 c0=1.85 clear=1.00 prog=0.18 rel=0.91 bal=+0.53 obs=180 hard=179 obsc=186 yr=  0G nz=0.09 flt=0.00 dmap=+0/-0 shz=4.0 plan=27 cmd=(lx=+0.00,ly=+0.40,rx=+0.45)
  t= 15.1 DWA-F pos=(-0.49,-0.21) yaw=-160.4 d=5.34 goal_err=-57 carrot_err= -36 c0=1.81 clear=1.00 prog=0.18 rel=0.91 bal=+0.55 obs=190 hard=183 obsc=194 yr=  0  nz=0.09 flt=0.18 dmap=+0/-0 shz=4.0 plan=27 cmd=(lx=+0.00,ly=+0.40,rx=+0.00)
  t= 15.5 DWA-F pos=(-0.53,-0.22) yaw=-164.4 d=5.32 goal_err=-53 carrot_err= -42 c0=1.76 clear=1.00 prog=0.18 rel=0.92 bal=+0.55 obs=191 hard=188 obsc=197 yr= 19G nz=0.08 flt=0.01 dmap=+0/-0 shz=4.0 plan=26 cmd=(lx=+0.00,ly=+0.40,rx=+0.45)
  t= 16.0 DWA-F pos=(-0.59,-0.23) yaw=-170.5 d=5.28 goal_err=-48 carrot_err= -38 c0=1.71 clear=1.00 prog=0.21 rel=0.92 bal=+0.55 obs=193 hard=187 obsc=197 yr=  0  nz=0.08 flt=0.00 dmap=+2/-0 shz=3.9 plan=26 cmd=(lx=+0.00,ly=+0.40,rx=+0.00)
  t= 16.4 DWA-F pos=(-0.63,-0.24) yaw=-170.5 d=5.25 goal_err=-48 carrot_err= -39 c0=1.84 clear=1.00 prog=0.21 rel=0.92 bal=+0.56 obs=194 hard=187 obsc=198 yr=  0G nz=0.08 flt=0.00 dmap=+0/-0 shz=4.0 plan=26 cmd=(lx=+0.00,ly=+0.40,rx=+0.45)
  t= 16.8 DWA-F pos=(-0.68,-0.25) yaw=-174.5 d=5.22 goal_err=-45 carrot_err= -37 c0=1.88 clear=1.00 prog=0.23 rel=0.90 bal=+0.56 obs=193 hard=189 obsc=198 yr=  0  nz=0.10 flt=0.01 dmap=+0/-0 shz=4.0 plan=26 cmd=(lx=+0.00,ly=+0.40,rx=+0.00)
  t= 17.3 DWA-F pos=(-0.73,-0.25) yaw=-176.5 d=5.18 goal_err=-43 carrot_err= -38 c0=1.83 clear=1.00 prog=0.25 rel=0.90 bal=+0.53 obs=192 hard=190 obsc=199 yr= 18G nz=0.10 flt=0.01 dmap=+0/-0 shz=4.0 plan=26 cmd=(lx=+0.00,ly=+0.40,rx=+0.00)
  t= 17.7 DWA-F pos=(-0.78,-0.25) yaw=-178.5 d=5.15 goal_err=-41 carrot_err= -38 c0=1.79 clear=1.00 prog=0.25 rel=0.88 bal=+0.54 obs=208 hard=204 obsc=212 yr=  0  nz=0.11 flt=0.01 dmap=+1/-0 shz=3.9 plan=26 cmd=(lx=+0.00,ly=+0.40,rx=+0.45)
  t= 18.1 DWA-F pos=(-0.82,-0.25) yaw=+177.5 d=5.11 goal_err=-38 carrot_err= -36 c0=1.98 clear=1.00 prog=0.26 rel=0.89 bal=+0.55 obs=208 hard=204 obsc=212 yr=  0  nz=0.11 flt=0.01 dmap=+0/-0 shz=4.0 plan=26 cmd=(lx=+0.00,ly=+0.40,rx=+0.00)
  t= 18.6 DWA-F pos=(-0.86,-0.25) yaw=+177.5 d=5.08 goal_err=-38 carrot_err= -29 c0=1.94 clear=1.00 prog=0.27 rel=0.86 bal=+0.54 obs=207 hard=202 obsc=211 yr=  0  nz=0.14 flt=0.01 dmap=+0/-0 shz=3.9 plan=25 cmd=(lx=+0.00,ly=+0.40,rx=+0.00)
  t= 19.0 DWA-F pos=(-0.92,-0.25) yaw=+177.5 d=5.03 goal_err=-38 carrot_err= -31 c0=1.88 clear=1.00 prog=0.28 rel=0.89 bal=+0.52 obs=202 hard=204 obsc=210 yr=  0  nz=0.11 flt=0.00 dmap=+0/-0 shz=4.0 plan=25 cmd=(lx=+0.00,ly=+0.40,rx=+0.00)
  t= 19.4 DWA-F pos=(-0.96,-0.25) yaw=+177.5 d=5.00 goal_err=-39 carrot_err= -33 c0=1.84 clear=1.00 prog=0.28 rel=0.92 bal=+0.51 obs=201 hard=197 obsc=204 yr=  0  nz=0.08 flt=0.00 dmap=+0/-0 shz=4.0 plan=25 cmd=(lx=+0.00,ly=+0.40,rx=+0.00)
  t= 19.9 DWA-F pos=(-1.01,-0.25) yaw=+177.5 d=4.96 goal_err=-39 carrot_err= -37 c0=1.79 clear=1.00 prog=0.28 rel=0.91 bal=+0.34 obs=200 hard=198 obsc=204 yr=  0  nz=0.09 flt=0.02 dmap=+0/-0 shz=4.0 plan=24 cmd=(lx=+0.00,ly=+0.40,rx=+0.00)
  t= 20.3 DWA-F pos=(-1.05,-0.24) yaw=+177.5 d=4.93 goal_err=-39 carrot_err= -38 c0=1.75 clear=1.00 prog=0.28 rel=0.91 bal=+0.33 obs=200 hard=197 obsc=203 yr=  0G nz=0.09 flt=0.01 dmap=+0/-0 shz=4.0 plan=24 cmd=(lx=+0.00,ly=+0.40,rx=+0.45)
  t= 20.7 DWA-F pos=(-1.10,-0.24) yaw=+173.5 d=4.89 goal_err=-36 carrot_err= -36 c0=1.70 clear=1.00 prog=0.28 rel=0.92 bal=+0.31 obs=199 hard=196 obsc=203 yr=  0  nz=0.08 flt=0.01 dmap=+0/-1 shz=4.0 plan=24 cmd=(lx=+0.00,ly=+0.40,rx=+0.00)
  t= 21.1 DWA-F pos=(-1.15,-0.23) yaw=+171.5 d=4.85 goal_err=-34 carrot_err= -36 c0=1.65 clear=1.00 prog=0.29 rel=0.92 bal=+0.30 obs=200 hard=197 obsc=203 yr= 19G nz=0.08 flt=0.14 dmap=+0/-0 shz=4.0 plan=24 cmd=(lx=+0.00,ly=+0.40,rx=+0.00)
  t= 21.6 DWA-F pos=(-1.20,-0.23) yaw=+169.5 d=4.81 goal_err=-32 carrot_err= -27 c0=1.60 clear=1.00 prog=0.29 rel=0.91 bal=+0.29 obs=199 hard=197 obsc=204 yr=  0  nz=0.09 flt=0.00 dmap=+0/-0 shz=3.9 plan=23 cmd=(lx=+0.00,ly=+0.40,rx=+0.00)
  t= 22.0 DWA-F pos=(-1.24,-0.22) yaw=+169.5 d=4.77 goal_err=-33 carrot_err= -29 c0=1.56 clear=1.00 prog=0.29 rel=0.93 bal=+0.28 obs=198 hard=196 obsc=203 yr=  0  nz=0.07 flt=0.02 dmap=+0/-0 shz=4.0 plan=23 cmd=(lx=+0.00,ly=+0.40,rx=+0.00)
  t= 22.5 DWA-F pos=(-1.28,-0.21) yaw=+169.5 d=4.74 goal_err=-33 carrot_err= -30 c0=1.52 clear=1.00 prog=0.30 rel=0.92 bal=+0.27 obs=197 hard=197 obsc=203 yr=  0  nz=0.08 flt=0.00 dmap=+2/-3 shz=3.9 plan=23 cmd=(lx=+0.00,ly=+0.40,rx=+0.00)
  t= 22.9 DWA-F pos=(-1.34,-0.20) yaw=+169.5 d=4.69 goal_err=-33 carrot_err= -14 c0=1.46 clear=0.97 prog=0.30 rel=0.92 bal=+0.27 obs=196 hard=194 obsc=200 yr=  0  nz=0.08 flt=0.00 dmap=+0/-0 shz=4.0 plan=22 cmd=(lx=+0.00,ly=+0.40,rx=+0.00)
  t= 23.3 DWA-F pos=(-1.38,-0.19) yaw=+169.5 d=4.65 goal_err=-33 carrot_err= -15 c0=1.42 clear=0.95 prog=0.30 rel=0.92 bal=+0.26 obs=198 hard=195 obsc=201 yr=  0  nz=0.09 flt=0.00 dmap=+0/-0 shz=4.0 plan=22 cmd=(lx=+0.00,ly=+0.40,rx=+0.00)
  t= 23.8 DWA-F pos=(-1.42,-0.18) yaw=+169.5 d=4.62 goal_err=-34 carrot_err= -16 c0=1.38 clear=0.92 prog=0.30 rel=0.91 bal=+0.26 obs=200 hard=197 obsc=203 yr=  0  nz=0.09 flt=0.02 dmap=+0/-0 shz=4.0 plan=22 cmd=(lx=+0.00,ly=+0.40,rx=+0.00)
  t= 24.2 DWA-F pos=(-1.48,-0.17) yaw=+169.5 d=4.57 goal_err=-34 carrot_err= -17 c0=1.32 clear=0.88 prog=0.32 rel=0.93 bal=+0.12 obs=199 hard=196 obsc=202 yr=  0  nz=0.07 flt=0.00 dmap=+1/-0 shz=4.0 plan=22 cmd=(lx=+0.00,ly=+0.40,rx=+0.00)
  t= 24.6 DWA-F pos=(-1.52,-0.17) yaw=+169.5 d=4.53 goal_err=-34 carrot_err= -22 c0=1.28 clear=0.85 prog=0.30 rel=0.91 bal=+0.11 obs=198 hard=197 obsc=202 yr=  0  nz=0.09 flt=0.01 dmap=+0/-0 shz=4.0 plan=21 cmd=(lx=+0.00,ly=+0.40,rx=+0.00)
  t= 25.0 DWA-F pos=(-1.57,-0.16) yaw=+169.5 d=4.50 goal_err=-35 carrot_err= -23 c0=1.23 clear=0.82 prog=0.30 rel=0.91 bal=+0.11 obs=197 hard=196 obsc=201 yr=  0  nz=0.09 flt=0.00 dmap=+0/-0 shz=4.0 plan=21 cmd=(lx=+0.00,ly=+0.40,rx=+0.00)
  t= 25.5 DWA-F pos=(-1.61,-0.15) yaw=+169.5 d=4.46 goal_err=-35 carrot_err= -24 c0=1.19 clear=0.79 prog=0.30 rel=0.91 bal=+0.11 obs=197 hard=196 obsc=201 yr=  0  nz=0.09 flt=0.02 dmap=+1/-0 shz=4.0 plan=21 cmd=(lx=+0.00,ly=+0.40,rx=+0.00)
  t= 25.9 DWA-F pos=(-1.65,-0.14) yaw=+169.5 d=4.42 goal_err=-35 carrot_err= -25 c0=1.15 clear=0.77 prog=0.30 rel=0.91 bal=+0.11 obs=199 hard=197 obsc=202 yr=  0  nz=0.09 flt=0.02 dmap=+1/-0 shz=4.0 plan=21 cmd=(lx=+0.00,ly=+0.40,rx=+0.00)
  t= 26.3 DWA-F pos=(-1.71,-0.13) yaw=+169.5 d=4.38 goal_err=-36 carrot_err= -27 c0=1.09 clear=0.73 prog=0.30 rel=0.91 bal=+0.12 obs=199 hard=197 obsc=203 yr=  0  nz=0.09 flt=0.00 dmap=+0/-0 shz=4.0 plan=21 cmd=(lx=+0.00,ly=+0.40,rx=+0.00)
  t= 26.8 DWA-F pos=(-1.75,-0.12) yaw=+169.5 d=4.34 goal_err=-36 carrot_err= -30 c0=1.05 clear=0.70 prog=0.29 rel=0.92 bal=+0.11 obs=199 hard=198 obsc=203 yr=  0  nz=0.08 flt=0.00 dmap=+0/-0 shz=4.0 plan=21 cmd=(lx=+0.00,ly=+0.40,rx=+0.00)
  t= 27.2 DWA-F pos=(-1.80,-0.11) yaw=+169.5 d=4.31 goal_err=-37 carrot_err= -31 c0=1.01 clear=0.67 prog=0.29 rel=0.91 bal=+0.10 obs=200 hard=198 obsc=204 yr=  0  nz=0.09 flt=0.02 dmap=+1/-0 shz=4.0 plan=21 cmd=(lx=+0.00,ly=+0.40,rx=+0.00)
  t= 27.6 DWA-F pos=(-1.84,-0.11) yaw=+169.5 d=4.27 goal_err=-37 carrot_err= -23 c0=0.96 clear=0.64 prog=0.29 rel=0.93 bal=+0.10 obs=201 hard=198 obsc=205 yr=  0  nz=0.07 flt=0.02 dmap=+0/-0 shz=4.0 plan=20 cmd=(lx=+0.00,ly=+0.40,rx=+0.00)
  t= 28.1 DWA-F pos=(-1.89,-0.10) yaw=+169.5 d=4.23 goal_err=-37 carrot_err= -25 c0=0.91 clear=0.61 prog=0.29 rel=0.92 bal=+0.09 obs=200 hard=196 obsc=205 yr=  0  nz=0.08 flt=0.03 dmap=+0/-0 shz=4.0 plan=20 cmd=(lx=+0.00,ly=+0.40,rx=+0.00)
  t= 28.5 DWA-F pos=(-1.94,-0.09) yaw=+169.5 d=4.19 goal_err=-38 carrot_err= -28 c0=0.87 clear=0.58 prog=0.29 rel=0.92 bal=+0.09 obs=201 hard=198 obsc=204 yr=  0  nz=0.08 flt=0.00 dmap=+0/-0 shz=4.0 plan=20 cmd=(lx=+0.00,ly=+0.40,rx=+0.00)
  t= 28.9 DWA-F pos=(-1.98,-0.08) yaw=+169.5 d=4.16 goal_err=-38 carrot_err= -29 c0=0.83 clear=0.55 prog=0.29 rel=0.92 bal=+0.09 obs=202 hard=200 obsc=206 yr=  0  nz=0.08 flt=0.01 dmap=+1/-1 shz=4.0 plan=19 cmd=(lx=+0.00,ly=+0.40,rx=+0.00)
  t= 29.4 DWA-F pos=(-2.03,-0.07) yaw=+169.5 d=4.12 goal_err=-38 carrot_err= -30 c0=0.79 clear=0.52 prog=0.29 rel=0.93 bal=+0.09 obs=201 hard=201 obsc=206 yr=  0  nz=0.07 flt=0.00 dmap=+0/-0 shz=4.0 plan=19 cmd=(lx=+0.00,ly=+0.40,rx=+0.00)
  t= 29.8 DWA-F pos=(-2.08,-0.06) yaw=+165.5 d=4.08 goal_err=-35 carrot_err= -28 c0=0.93 clear=0.62 prog=0.28 rel=0.92 bal=-0.05 obs=201 hard=200 obsc=205 yr= 19  nz=0.08 flt=0.15 dmap=+0/-0 shz=4.0 plan=19 cmd=(lx=+0.00,ly=+0.40,rx=+0.00)
  t= 30.2 DWA-F pos=(-2.12,-0.05) yaw=+165.5 d=4.04 goal_err=-35 carrot_err= -29 c0=0.89 clear=0.59 prog=0.29 rel=0.90 bal=-0.06 obs=205 hard=201 obsc=208 yr=  0  nz=0.10 flt=0.00 dmap=+1/-0 shz=4.0 plan=19 cmd=(lx=+0.00,ly=+0.40,rx=+0.00)
  t= 30.6 DWA-F pos=(-2.17,-0.04) yaw=+165.5 d=4.01 goal_err=-36 carrot_err= -23 c0=1.04 clear=0.69 prog=0.29 rel=0.89 bal=-0.22 obs=205 hard=203 obsc=209 yr=  0  nz=0.11 flt=0.03 dmap=+0/-0 shz=4.0 plan=18 cmd=(lx=+0.00,ly=+0.40,rx=+0.00)
  t= 31.1 DWA-F pos=(-2.21,-0.03) yaw=+165.5 d=3.97 goal_err=-36 carrot_err= -24 c0=0.99 clear=0.66 prog=0.29 rel=0.83 bal=-0.51 obs=206 hard=203 obsc=211 yr=  0  nz=0.17 flt=0.01 dmap=+0/-0 shz=4.0 plan=18 cmd=(lx=+0.00,ly=+0.40,rx=+0.00)
  t= 31.5 DWA-F pos=(-2.25,-0.02) yaw=+165.5 d=3.94 goal_err=-36 carrot_err= -25 c0=0.95 clear=0.63 prog=0.28 rel=0.89 bal=-0.51 obs=208 hard=203 obsc=211 yr=  0  nz=0.11 flt=0.03 dmap=+2/-0 shz=4.0 plan=18 cmd=(lx=+0.00,ly=+0.40,rx=+0.00)
  t= 31.9 DWA-F pos=(-2.29,-0.01) yaw=+165.5 d=3.90 goal_err=-37 carrot_err= -26 c0=0.91 clear=0.60 prog=0.28 rel=0.90 bal=-0.57 obs=208 hard=204 obsc=212 yr=  0  nz=0.10 flt=0.02 dmap=+0/-0 shz=4.0 plan=18 cmd=(lx=+0.00,ly=+0.40,rx=+0.00)
  t= 32.4 DWA-F pos=(-2.34,+0.01) yaw=+165.5 d=3.86 goal_err=-37 carrot_err= -27 c0=0.86 clear=0.57 prog=0.28 rel=0.92 bal=-0.50 obs=209 hard=205 obsc=214 yr=  0  nz=0.08 flt=0.01 dmap=+0/-0 shz=4.0 plan=17 cmd=(lx=+0.00,ly=+0.40,rx=+0.00)
  t= 32.8 DWA-F pos=(-2.38,+0.02) yaw=+165.5 d=3.83 goal_err=-38 carrot_err= -29 c0=0.82 clear=0.55 prog=0.28 rel=0.92 bal=-0.50 obs=207 hard=206 obsc=213 yr=  0G nz=0.08 flt=0.03 dmap=+0/-0 shz=4.0 plan=17 cmd=(lx=+0.00,ly=+0.40,rx=+0.45)
  t= 33.2 DWA-F pos=(-2.42,+0.03) yaw=+161.5 d=3.79 goal_err=-34 carrot_err= -26 c0=0.78 clear=0.52 prog=0.28 rel=0.93 bal=-0.49 obs=207 hard=205 obsc=212 yr=  0  nz=0.07 flt=0.00 dmap=+1/-1 shz=4.0 plan=17 cmd=(lx=+0.00,ly=+0.40,rx=+0.00)
  t= 33.6 DWA-F pos=(-2.47,+0.04) yaw=+161.5 d=3.76 goal_err=-34 carrot_err= -28 c0=0.74 clear=0.49 prog=0.28 rel=0.92 bal=-0.48 obs=207 hard=205 obsc=210 yr=  0  nz=0.08 flt=0.02 dmap=+0/-0 shz=4.0 plan=17 cmd=(lx=+0.00,ly=+0.40,rx=+0.00)
  t= 34.1 DWA-F pos=(-2.52,+0.06) yaw=+157.5 d=3.71 goal_err=-31 carrot_err= -26 c0=1.09 clear=0.73 prog=0.30 rel=0.90 bal=-0.46 obs=208 hard=206 obsc=211 yr= 19  nz=0.10 flt=0.03 dmap=+0/-0 shz=4.0 plan=17 cmd=(lx=+0.00,ly=+0.40,rx=+0.00)
  t= 34.5 ENG-F pos=(-2.56,+0.08) yaw=+157.5 d=3.67 goal_err=-31 carrot_err= -26 c0=1.05 clear=0.70 prog=0.30 rel=0.82 bal=-0.46 obs=210 hard=206 obsc=214 yr=  0  nz=0.18 flt=0.00 dmap=+2/-0 shz=4.0 plan=17 cmd=(lx=+0.00,ly=+0.28,rx=+0.00)
  t= 34.9 ENG-F pos=(-2.59,+0.09) yaw=+157.5 d=3.64 goal_err=-32 carrot_err= -27 c0=1.01 clear=0.68 prog=0.30 rel=0.77 bal=-0.34 obs=209 hard=207 obsc=214 yr=  0  nz=0.23 flt=0.03 dmap=+0/-0 shz=4.0 plan=17 cmd=(lx=+0.00,ly=+0.28,rx=+0.00)
  t= 35.3 ENG-F pos=(-2.63,+0.11) yaw=+157.5 d=3.61 goal_err=-32 carrot_err= -28 c0=0.98 clear=0.65 prog=0.29 rel=0.81 bal=-0.34 obs=210 hard=208 obsc=216 yr=  0  nz=0.19 flt=0.03 dmap=+0/-0 shz=4.0 plan=17 cmd=(lx=+0.00,ly=+0.28,rx=+0.00)
  t= 35.7 ENG-F pos=(-2.66,+0.12) yaw=+157.5 d=3.58 goal_err=-32 carrot_err= -29 c0=0.95 clear=0.63 prog=0.26 rel=0.94 bal=-0.39 obs=213 hard=209 obsc=217 yr=  0  nz=0.06 flt=0.01 dmap=+2/-0 shz=4.0 plan=17 cmd=(lx=+0.00,ly=+0.28,rx=+0.00)
  t= 36.2 ENG-F pos=(-2.69,+0.13) yaw=+157.5 d=3.55 goal_err=-32 carrot_err= -21 c0=0.91 clear=0.61 prog=0.25 rel=0.93 bal=-0.39 obs=215 hard=210 obsc=218 yr=  0  nz=0.07 flt=0.00 dmap=+0/-0 shz=4.0 plan=17 cmd=(lx=+0.00,ly=+0.28,rx=+0.00)
  t= 36.6 ENG-F pos=(-2.73,+0.15) yaw=+157.5 d=3.51 goal_err=-33 carrot_err= -22 c0=0.87 clear=0.58 prog=0.26 rel=0.91 bal=-0.33 obs=215 hard=211 obsc=218 yr=  0  nz=0.09 flt=0.02 dmap=+0/-0 shz=4.0 plan=17 cmd=(lx=+0.00,ly=+0.28,rx=+0.00)
  t= 37.0 ENG-F pos=(-2.77,+0.16) yaw=+157.5 d=3.48 goal_err=-33 carrot_err= -23 c0=0.83 clear=0.56 prog=0.26 rel=0.93 bal=-0.33 obs=214 hard=211 obsc=219 yr=  0  nz=0.07 flt=0.04 dmap=+0/-1 shz=4.0 plan=16 cmd=(lx=+0.00,ly=+0.28,rx=+0.00)
  t= 37.4 ENG-F pos=(-2.80,+0.18) yaw=+157.5 d=3.45 goal_err=-33 carrot_err= -23 c0=0.80 clear=0.53 prog=0.25 rel=0.93 bal=-0.28 obs=214 hard=210 obsc=218 yr=  0  nz=0.07 flt=0.01 dmap=+0/-0 shz=4.0 plan=16 cmd=(lx=+0.00,ly=+0.28,rx=+0.00)
  t= 37.8 ENG-F pos=(-2.83,+0.19) yaw=+157.5 d=3.42 goal_err=-34 carrot_err= -24 c0=0.77 clear=0.51 prog=0.25 rel=0.92 bal=-0.28 obs=213 hard=210 obsc=218 yr=  0  nz=0.08 flt=0.00 dmap=+0/-0 shz=4.0 plan=16 cmd=(lx=+0.00,ly=+0.28,rx=+0.00)
  t= 38.3 ENG-F pos=(-2.87,+0.21) yaw=+157.5 d=3.39 goal_err=-34 carrot_err= -26 c0=0.73 clear=0.49 prog=0.24 rel=0.93 bal=-0.29 obs=215 hard=211 obsc=218 yr=  0  nz=0.07 flt=0.01 dmap=+0/-0 shz=4.0 plan=16 cmd=(lx=+0.00,ly=+0.28,rx=+0.00)
  t= 38.7 ENG-F pos=(-2.90,+0.22) yaw=+157.5 d=3.36 goal_err=-34 carrot_err= -27 c0=0.70 clear=0.47 prog=0.24 rel=0.93 bal=-0.29 obs=216 hard=212 obsc=220 yr=  0  nz=0.07 flt=0.00 dmap=+0/-0 shz=4.0 plan=16 cmd=(lx=+0.00,ly=+0.28,rx=+0.00)
  t= 39.1 ENG-T pos=(-2.93,+0.23) yaw=+157.5 d=3.33 goal_err=-35 carrot_err= -28 c0=0.69 clear=0.46 prog=0.24 rel=0.94 bal=-0.30 obs=215 hard=213 obsc=219 yr=  0G nz=0.06 flt=0.01 dmap=+0/-0 shz=4.0 plan=16 cmd=(lx=+0.00,ly=+0.00,rx=+0.45)
  t= 39.5 ENG-F pos=(-2.94,+0.24) yaw=+151.4 d=3.32 goal_err=-29 carrot_err= -22 c0=0.68 clear=0.45 prog=0.20 rel=0.96 bal=-0.18 obs=215 hard=212 obsc=218 yr=  0  nz=0.04 flt=0.00 dmap=+1/-0 shz=4.0 plan=16 cmd=(lx=+0.00,ly=+0.28,rx=+0.00)
  t= 40.0 ENG-F pos=(-2.98,+0.26) yaw=+151.4 d=3.29 goal_err=-29 carrot_err= -24 c0=0.64 clear=0.42 prog=0.21 rel=0.95 bal=-0.18 obs=215 hard=213 obsc=218 yr=  0  nz=0.05 flt=0.00 dmap=+0/-0 shz=4.0 plan=16 cmd=(lx=+0.00,ly=+0.28,rx=+0.00)
  t= 40.4 ENG-F pos=(-3.01,+0.28) yaw=+151.4 d=3.25 goal_err=-30 carrot_err= -25 c0=0.60 clear=0.40 prog=0.22 rel=0.94 bal=-0.22 obs=214 hard=212 obsc=218 yr=  0  nz=0.06 flt=0.01 dmap=+0/-0 shz=4.0 plan=16 cmd=(lx=+0.00,ly=+0.28,rx=+0.00)
  t= 40.8 ENG-T pos=(-3.04,+0.29) yaw=+151.4 d=3.22 goal_err=-30 carrot_err= -26 c0=0.57 clear=0.38 prog=0.22 rel=0.93 bal=-0.23 obs=214 hard=212 obsc=217 yr=  0G nz=0.07 flt=0.00 dmap=+0/-0 shz=4.0 plan=16 cmd=(lx=+0.00,ly=+0.00,rx=+0.45)
  t= 41.2 ENG-F pos=(-3.05,+0.30) yaw=+145.4 d=3.21 goal_err=-24 carrot_err= -21 c0=0.56 clear=0.37 prog=0.21 rel=0.92 bal=-0.23 obs=214 hard=212 obsc=217 yr= 19  nz=0.08 flt=0.20 dmap=+0/-0 shz=4.0 plan=16 cmd=(lx=+0.00,ly=+0.28,rx=+0.00)
  t= 41.6 ENG-F pos=(-3.08,+0.32) yaw=+145.4 d=3.18 goal_err=-24 carrot_err= -18 c0=0.59 clear=0.39 prog=0.21 rel=0.94 bal=-0.24 obs=212 hard=213 obsc=219 yr=  0  nz=0.06 flt=0.00 dmap=+0/-0 shz=4.0 plan=15 cmd=(lx=+0.00,ly=+0.28,rx=+0.00)
  t= 42.1 ENG-F pos=(-3.12,+0.34) yaw=+145.4 d=3.14 goal_err=-25 carrot_err= -19 c0=0.55 clear=0.36 prog=0.23 rel=0.96 bal=-0.18 obs=213 hard=213 obsc=219 yr=  0  nz=0.04 flt=0.01 dmap=+2/-2 shz=4.0 plan=15 cmd=(lx=+0.00,ly=+0.28,rx=+0.00)
  t= 42.5 ENG-F pos=(-3.14,+0.36) yaw=+143.4 d=3.12 goal_err=-23 carrot_err= -18 c0=0.52 clear=0.35 prog=0.21 rel=0.95 bal=-0.17 obs=213 hard=213 obsc=219 yr= 19G nz=0.04 flt=0.00 dmap=+0/-0 shz=4.0 plan=15 cmd=(lx=+0.00,ly=+0.28,rx=+0.00)
  t= 42.9 ENG-F pos=(-3.16,+0.37) yaw=+139.4 d=3.09 goal_err=-19 carrot_err= -14 c0=0.50 clear=0.33 prog=0.21 rel=0.94 bal=-0.16 obs=215 hard=211 obsc=220 yr=  0  nz=0.06 flt=0.00 dmap=+0/-0 shz=4.0 plan=15 cmd=(lx=+0.00,ly=+0.28,rx=+0.00)
  t= 43.4 ENG-F pos=(-3.18,+0.40) yaw=+139.4 d=3.06 goal_err=-19 carrot_err= -15 c0=0.65 clear=0.43 prog=0.23 rel=0.91 bal=-0.15 obs=216 hard=212 obsc=220 yr=  0  nz=0.09 flt=0.01 dmap=+0/-1 shz=4.0 plan=15 cmd=(lx=+0.00,ly=+0.28,rx=+0.00)
  t= 43.8 ENG-F pos=(-3.19,+0.41) yaw=+135.4 d=3.05 goal_err=-15 carrot_err= -11 c0=0.90 clear=0.60 prog=0.19 rel=0.89 bal=+0.47 obs=225 hard=219 obsc=229 yr= 19  nz=0.11 flt=0.14 dmap=+8/-1 shz=4.0 plan=15 cmd=(lx=+0.00,ly=+0.28,rx=+0.00)
  t= 44.2 ENG-T pos=(-3.22,+0.43) yaw=+135.4 d=3.01 goal_err=-15 carrot_err= -12 c0=0.86 clear=0.57 prog=0.20 rel=0.79 bal=+0.49 obs=224 hard=219 obsc=228 yr=  0  nz=0.21 flt=0.02 dmap=+0/-0 shz=4.0 plan=15 cmd=(lx=+0.00,ly=+0.00,rx=+0.45)
  t= 44.6 ENG-AL. pos=(-3.23,+0.44) yaw=+131.4 d=3.00 goal_err=-11 carrot_err=  -8 c0=0.85 clear=0.57 prog=0.20 rel=0.83 bal=+0.49 obs=223 hard=220 obsc=228 yr=  0  nz=0.17 flt=0.15 dmap=+0/-0 shz=4.0 plan=15 cmd=(lx=+0.00,ly=+0.00,rx=+0.00)
  t= 45.1 ENG-GO pos=(-3.24,+0.46) yaw=+131.4 d=2.98 goal_err=-11 carrot_err=  -8 c0=0.83 clear=0.55 prog=0.17 rel=0.84 bal=+0.50 obs=222 hard=220 obsc=225 yr=  0  nz=0.16 flt=0.02 dmap=+0/-0 shz=4.0 plan=15 cmd=(lx=+0.00,ly=+0.28,rx=+0.00)
  t= 45.5 ENG-GO pos=(-3.26,+0.48) yaw=+131.4 d=2.95 goal_err=-12 carrot_err=  -8 c0=1.25 clear=0.83 prog=0.17 rel=0.96 bal=-0.12 obs=222 hard=220 obsc=225 yr=  0  nz=0.04 flt=0.00 dmap=+0/-0 shz=4.0 plan=15 cmd=(lx=+0.00,ly=+0.28,rx=+0.00)
  t= 45.9 ENG-GO pos=(-3.28,+0.50) yaw=+131.4 d=2.92 goal_err=-12 carrot_err=  -5 c0=1.22 clear=0.82 prog=0.18 rel=0.72 bal=+0.53 obs=219 hard=220 obsc=226 yr=  0  nz=0.28 flt=0.00 dmap=+0/-0 shz=4.0 plan=15 cmd=(lx=+0.00,ly=+0.28,rx=+0.00)
  t= 46.3 ENG-GO pos=(-3.31,+0.53) yaw=+131.4 d=2.88 goal_err=-12 carrot_err=  -5 c0=1.28 clear=0.85 prog=0.21 rel=0.70 bal=+0.55 obs=222 hard=219 obsc=226 yr=  0  nz=0.30 flt=0.00 dmap=+0/-1 shz=4.0 plan=14 cmd=(lx=+0.00,ly=+0.28,rx=+0.00)
  t= 46.8 ENG-GO pos=(-3.33,+0.55) yaw=+131.4 d=2.85 goal_err=-12 carrot_err=  -5 c0=1.25 clear=0.83 prog=0.24 rel=0.69 bal=+0.57 obs=222 hard=218 obsc=225 yr=  0  nz=0.31 flt=0.00 dmap=+0/-0 shz=4.0 plan=14 cmd=(lx=+0.00,ly=+0.28,rx=+0.00)
  t= 47.2 ENG-GO pos=(-3.35,+0.58) yaw=+131.4 d=2.82 goal_err=-12 carrot_err=  -6 c0=1.22 clear=0.81 prog=0.25 rel=0.95 bal=+0.58 obs=220 hard=219 obsc=225 yr=  0  nz=0.05 flt=0.02 dmap=+0/-0 shz=4.0 plan=14 cmd=(lx=+0.00,ly=+0.28,rx=+0.00)
  t= 47.6 ENG-GO pos=(-3.37,+0.61) yaw=+131.4 d=2.79 goal_err=-12 carrot_err=  -6 c0=1.19 clear=0.79 prog=0.26 rel=0.94 bal=+0.02 obs=223 hard=221 obsc=227 yr=  0  nz=0.06 flt=0.00 dmap=+1/-0 shz=4.0 plan=14 cmd=(lx=+0.00,ly=+0.28,rx=+0.00)
  t= 48.0 ENG-GO pos=(-3.40,+0.63) yaw=+131.4 d=2.75 goal_err=-12 carrot_err=  -3 c0=1.15 clear=0.77 prog=0.27 rel=0.93 bal=+0.02 obs=222 hard=221 obsc=227 yr=  0  nz=0.07 flt=0.02 dmap=+0/-2 shz=4.0 plan=13 cmd=(lx=+0.00,ly=+0.28,rx=+0.00)
  t= 48.4 ENG-GO pos=(-3.42,+0.66) yaw=+131.4 d=2.72 goal_err=-13 carrot_err=  -3 c0=1.12 clear=0.74 prog=0.27 rel=0.92 bal=+0.03 obs=222 hard=218 obsc=225 yr=  0  nz=0.08 flt=0.00 dmap=+0/-0 shz=4.0 plan=13 cmd=(lx=+0.00,ly=+0.28,rx=+0.00)
  t= 48.9 ENG-GO pos=(-3.45,+0.69) yaw=+131.4 d=2.67 goal_err=-13 carrot_err=  -4 c0=1.08 clear=0.72 prog=0.29 rel=0.92 bal=-0.01 obs=221 hard=219 obsc=224 yr=  0  nz=0.08 flt=0.01 dmap=+1/-0 shz=4.0 plan=13 cmd=(lx=+0.00,ly=+0.28,rx=+0.00)
  t= 49.3 ENG-GO pos=(-3.48,+0.72) yaw=+131.4 d=2.64 goal_err=-13 carrot_err=  -4 c0=1.04 clear=0.69 prog=0.29 rel=0.92 bal=-0.10 obs=217 hard=218 obsc=224 yr=  0  nz=0.08 flt=0.00 dmap=+0/-3 shz=4.0 plan=13 cmd=(lx=+0.00,ly=+0.28,rx=+0.00)
  t= 49.7 ENG-GO pos=(-3.50,+0.75) yaw=+131.4 d=2.60 goal_err=-13 carrot_err=  -4 c0=1.01 clear=0.67 prog=0.29 rel=0.94 bal=+0.03 obs=217 hard=215 obsc=221 yr=  0  nz=0.07 flt=0.01 dmap=+0/-0 shz=4.0 plan=12 cmd=(lx=+0.00,ly=+0.28,rx=+0.00)
  t= 50.1 ENG-GO pos=(-3.52,+0.77) yaw=+131.4 d=2.57 goal_err=-13 carrot_err=  -4 c0=0.97 clear=0.65 prog=0.29 rel=0.92 bal=+0.03 obs=218 hard=214 obsc=222 yr=  0  nz=0.08 flt=0.01 dmap=+0/-0 shz=4.0 plan=12 cmd=(lx=+0.00,ly=+0.28,rx=+0.00)
  t= 50.6 ENG-GO pos=(-3.55,+0.80) yaw=+131.4 d=2.53 goal_err=-14 carrot_err=  -4 c0=0.94 clear=0.63 prog=0.28 rel=0.92 bal=+0.02 obs=219 hard=216 obsc=222 yr=  0  nz=0.08 flt=0.01 dmap=+0/-0 shz=4.0 plan=12 cmd=(lx=+0.00,ly=+0.28,rx=+0.00)
  t= 51.0 ENG-GO pos=(-3.58,+0.84) yaw=+131.4 d=2.49 goal_err=-14 carrot_err=  -2 c0=0.90 clear=0.60 prog=0.29 rel=0.91 bal=+0.02 obs=218 hard=217 obsc=222 yr=  0  nz=0.09 flt=0.01 dmap=+0/-0 shz=4.0 plan=12 cmd=(lx=+0.00,ly=+0.28,rx=+0.00)
  t= 51.4 ENG-GO pos=(-3.60,+0.86) yaw=+131.4 d=2.45 goal_err=-14 carrot_err=  -2 c0=0.96 clear=0.64 prog=0.29 rel=0.93 bal=+0.02 obs=218 hard=215 obsc=221 yr=  0  nz=0.07 flt=0.02 dmap=+0/-0 shz=4.0 plan=12 cmd=(lx=+0.00,ly=+0.28,rx=+0.00)
  t= 51.8 ENG-GO pos=(-3.62,+0.89) yaw=+131.4 d=2.42 goal_err=-14 carrot_err=  -2 c0=0.93 clear=0.62 prog=0.29 rel=0.95 bal=+0.02 obs=218 hard=217 obsc=222 yr=  0  nz=0.05 flt=0.00 dmap=+1/-1 shz=4.0 plan=12 cmd=(lx=+0.00,ly=+0.28,rx=+0.00)
  t= 52.3 ENG-GO pos=(-3.65,+0.92) yaw=+131.4 d=2.38 goal_err=-14 carrot_err=  -2 c0=0.89 clear=0.60 prog=0.29 rel=0.95 bal=-0.11 obs=216 hard=217 obsc=223 yr=  0  nz=0.05 flt=0.01 dmap=+0/-0 shz=4.0 plan=12 cmd=(lx=+0.00,ly=+0.28,rx=+0.00)
  t= 52.7 ENG-GO pos=(-3.68,+0.95) yaw=+131.4 d=2.34 goal_err=-15 carrot_err=  -3 c0=0.85 clear=0.57 prog=0.31 rel=0.93 bal=+0.01 obs=216 hard=214 obsc=220 yr=  0  nz=0.07 flt=0.00 dmap=+0/-0 shz=4.0 plan=11 cmd=(lx=+0.00,ly=+0.28,rx=+0.00)
  t= 53.1 ENG-GO pos=(-3.70,+0.98) yaw=+131.4 d=2.31 goal_err=-15 carrot_err=  -3 c0=0.82 clear=0.54 prog=0.29 rel=0.92 bal=+0.00 obs=215 hard=213 obsc=219 yr=  0  nz=0.08 flt=0.00 dmap=+1/-1 shz=4.0 plan=11 cmd=(lx=+0.00,ly=+0.28,rx=+0.00)
  t= 53.5 ENG-GO pos=(-3.73,+1.01) yaw=+131.4 d=2.26 goal_err=-15 carrot_err=  -3 c0=0.77 clear=0.52 prog=0.30 rel=0.91 bal=-0.00 obs=216 hard=214 obsc=219 yr=  0  nz=0.09 flt=0.00 dmap=+0/-0 shz=4.0 plan=11 cmd=(lx=+0.00,ly=+0.28,rx=+0.00)
  t= 54.0 ENG-GO pos=(-3.76,+1.04) yaw=+131.4 d=2.23 goal_err=-15 carrot_err=  -3 c0=0.74 clear=0.49 prog=0.30 rel=0.91 bal=-0.01 obs=215 hard=214 obsc=218 yr=  0  nz=0.09 flt=0.00 dmap=+0/-0 shz=4.0 plan=11 cmd=(lx=+0.00,ly=+0.28,rx=+0.00)
  t= 54.4 ENG-GO pos=(-3.78,+1.06) yaw=+131.4 d=2.19 goal_err=-16 carrot_err=  -1 c0=0.71 clear=0.47 prog=0.29 rel=0.91 bal=-0.02 obs=216 hard=216 obsc=220 yr=  0  nz=0.09 flt=0.00 dmap=+2/-1 shz=4.0 plan=11 cmd=(lx=+0.00,ly=+0.28,rx=+0.00)
  t= 54.8 ENG-GO pos=(-3.80,+1.09) yaw=+131.4 d=2.16 goal_err=-16 carrot_err=  -1 c0=0.67 clear=0.45 prog=0.29 rel=0.92 bal=-0.03 obs=216 hard=215 obsc=221 yr=  0  nz=0.08 flt=0.01 dmap=+0/-1 shz=4.0 plan=11 cmd=(lx=+0.00,ly=+0.28,rx=+0.00)
  t= 55.2 ENG-GO pos=(-3.83,+1.12) yaw=+131.4 d=2.12 goal_err=-16 carrot_err=  -1 c0=0.64 clear=0.43 prog=0.27 rel=0.93 bal=-0.04 obs=217 hard=213 obsc=220 yr=  0  nz=0.07 flt=0.01 dmap=+0/-0 shz=4.0 plan=11 cmd=(lx=+0.00,ly=+0.28,rx=+0.00)
  t= 55.6 ENG-GO pos=(-3.85,+1.15) yaw=+131.4 d=2.09 goal_err=-16 carrot_err=  -1 c0=0.61 clear=0.40 prog=0.27 rel=0.93 bal=-0.07 obs=218 hard=216 obsc=223 yr=  0  nz=0.07 flt=0.00 dmap=+2/-2 shz=4.0 plan=11 cmd=(lx=+0.00,ly=+0.28,rx=+0.00)
  t= 56.1 ENG-GO pos=(-3.88,+1.18) yaw=+131.4 d=2.05 goal_err=-17 carrot_err=  -1 c0=0.83 clear=0.56 prog=0.29 rel=0.91 bal=+0.01 obs=217 hard=217 obsc=222 yr=  0  nz=0.09 flt=0.01 dmap=+1/-2 shz=4.0 plan=10 cmd=(lx=+0.00,ly=+0.28,rx=+0.00)
  t= 56.5 ENG-GO pos=(-3.90,+1.21) yaw=+131.4 d=2.01 goal_err=-17 carrot_err=  -1 c0=0.80 clear=0.53 prog=0.28 rel=0.83 bal=+0.08 obs=219 hard=219 obsc=223 yr=  0  nz=0.17 flt=0.01 dmap=+0/-0 shz=4.0 plan=10 cmd=(lx=+0.00,ly=+0.28,rx=+0.00)
  t= 56.9 ENG-GO pos=(-3.93,+1.23) yaw=+131.4 d=1.98 goal_err=-17 carrot_err=  -2 c0=0.77 clear=0.51 prog=0.28 rel=0.83 bal=+0.09 obs=217 hard=217 obsc=222 yr=  0  nz=0.17 flt=0.00 dmap=+0/-0 shz=4.0 plan=10 cmd=(lx=+0.00,ly=+0.28,rx=+0.00)
  t= 57.4 ENG-GO pos=(-3.95,+1.26) yaw=+131.4 d=1.94 goal_err=-18 carrot_err= -10 c0=0.73 clear=0.49 prog=0.28 rel=0.85 bal=+0.07 obs=216 hard=215 obsc=220 yr=  0  nz=0.15 flt=0.00 dmap=+1/-1 shz=4.0 plan=10 cmd=(lx=+0.00,ly=+0.28,rx=+0.00)
  t= 57.8 ENG-GO pos=(-3.98,+1.29) yaw=+131.4 d=1.91 goal_err=-18 carrot_err= -11 c0=0.70 clear=0.47 prog=0.27 rel=0.93 bal=-0.00 obs=215 hard=214 obsc=219 yr=  0  nz=0.07 flt=0.00 dmap=+0/-0 shz=4.0 plan=10 cmd=(lx=+0.00,ly=+0.28,rx=+0.00)
  t= 58.2 ENG-GO pos=(-4.00,+1.32) yaw=+131.4 d=1.87 goal_err=-19 carrot_err= -17 c0=0.66 clear=0.44 prog=0.28 rel=0.93 bal=-0.02 obs=216 hard=215 obsc=220 yr=  0  nz=0.07 flt=0.00 dmap=+0/-0 shz=4.0 plan=10 cmd=(lx=+0.00,ly=+0.28,rx=+0.00)
  t= 58.6 ENG-GO pos=(-4.03,+1.35) yaw=+131.4 d=1.83 goal_err=-19 carrot_err= -18 c0=0.62 clear=0.42 prog=0.28 rel=0.94 bal=-0.03 obs=216 hard=214 obsc=219 yr=  0  nz=0.06 flt=0.00 dmap=+0/-0 shz=4.0 plan=10 cmd=(lx=+0.00,ly=+0.28,rx=+0.00)
  t= 59.1 ENG-GO pos=(-4.05,+1.37) yaw=+131.4 d=1.80 goal_err=-19 carrot_err= -19 c0=1.41 clear=0.94 prog=0.28 rel=0.56 bal=-0.05 obs=217 hard=215 obsc=220 yr=  0  nz=0.44 flt=0.00 dmap=+0/-0 shz=4.0 plan=9 cmd=(lx=+0.00,ly=+0.28,rx=+0.00)
  t= 59.5 ENG-GO pos=(-4.08,+1.40) yaw=+131.4 d=1.76 goal_err=-20 carrot_err= -19 c0=1.38 clear=0.92 prog=0.28 rel=0.41 bal=+0.60 obs=217 hard=217 obsc=222 yr=  0  nz=0.59 flt=0.01 dmap=+1/-0 shz=4.0 plan=9 cmd=(lx=+0.00,ly=+0.28,rx=+0.00)
  t= 59.9 ENG-GO pos=(-4.10,+1.43) yaw=+131.4 d=1.72 goal_err=-20 carrot_err= -20 c0=1.34 clear=0.89 prog=0.27 rel=0.43 bal=+0.09 obs=220 hard=218 obsc=223 yr=  0  nz=0.57 flt=0.00 dmap=+2/-0 shz=4.0 plan=9 cmd=(lx=+0.00,ly=+0.28,rx=+0.00)
  t= 60.3 ENG-GO pos=(-4.13,+1.46) yaw=+131.4 d=1.69 goal_err=-21 carrot_err= -21 c0=1.30 clear=0.87 prog=0.28 rel=0.59 bal=+0.09 obs=216 hard=216 obsc=220 yr=  0  nz=0.41 flt=0.03 dmap=+0/-1 shz=4.0 plan=9 cmd=(lx=+0.00,ly=+0.28,rx=+0.00)
  t= 60.8 ENG-GO pos=(-4.15,+1.49) yaw=+131.4 d=1.66 goal_err=-21 carrot_err= -22 c0=1.27 clear=0.84 prog=0.28 rel=0.93 bal=+0.02 obs=217 hard=217 obsc=221 yr=  0  nz=0.07 flt=0.05 dmap=+0/-0 shz=4.0 plan=9 cmd=(lx=+0.00,ly=+0.28,rx=+0.00)
  t= 61.2 ENG-GO pos=(-4.17,+1.51) yaw=+131.4 d=1.62 goal_err=-21 carrot_err= -16 c0=1.23 clear=0.82 prog=0.28 rel=0.92 bal=+0.01 obs=221 hard=218 obsc=224 yr=  0  nz=0.08 flt=0.01 dmap=+0/-0 shz=4.0 plan=9 cmd=(lx=+0.00,ly=+0.28,rx=+0.00)
  t= 61.6 ENG-GO pos=(-4.20,+1.54) yaw=+131.4 d=1.59 goal_err=-22 carrot_err= -16 c0=1.20 clear=0.80 prog=0.28 rel=0.92 bal=-0.00 obs=219 hard=215 obsc=219 yr=  0  nz=0.08 flt=0.01 dmap=+1/-0 shz=4.0 plan=9 cmd=(lx=+0.00,ly=+0.28,rx=+0.00)
  t= 62.0 ENG-GO pos=(-4.22,+1.57) yaw=+131.4 d=1.56 goal_err=-22 carrot_err= -17 c0=1.16 clear=0.78 prog=0.26 rel=0.94 bal=-0.61 obs=220 hard=217 obsc=222 yr=  0  nz=0.06 flt=0.00 dmap=+0/-0 shz=4.0 plan=8 cmd=(lx=+0.00,ly=+0.28,rx=+0.00)
  t= 62.5 ENG-GO pos=(-4.25,+1.60) yaw=+131.4 d=1.52 goal_err=-23 carrot_err= -18 c0=1.12 clear=0.75 prog=0.28 rel=0.93 bal=-0.54 obs=225 hard=221 obsc=225 yr=  0  nz=0.07 flt=0.00 dmap=+0/-0 shz=4.0 plan=8 cmd=(lx=+0.00,ly=+0.28,rx=+0.00)
  t= 62.9 ENG-GO pos=(-4.28,+1.63) yaw=+131.4 d=1.48 goal_err=-24 carrot_err= -19 c0=1.09 clear=0.72 prog=0.28 rel=0.93 bal=-0.31 obs=223 hard=221 obsc=224 yr=  0  nz=0.07 flt=0.01 dmap=+1/-3 shz=4.0 plan=8 cmd=(lx=+0.00,ly=+0.28,rx=+0.00)
  t= 63.3 ENG-GO pos=(-4.30,+1.66) yaw=+131.4 d=1.45 goal_err=-24 carrot_err= -19 c0=1.05 clear=0.70 prog=0.28 rel=0.92 bal=-0.21 obs=225 hard=222 obsc=225 yr=  0  nz=0.08 flt=0.00 dmap=+0/-0 shz=4.0 plan=8 cmd=(lx=+0.00,ly=+0.28,rx=+0.00)
  t= 63.7 ENG-GO pos=(-4.32,+1.68) yaw=+131.4 d=1.42 goal_err=-25 carrot_err= -20 c0=1.02 clear=0.68 prog=0.27 rel=0.93 bal=-0.32 obs=226 hard=225 obsc=229 yr=  0  nz=0.07 flt=0.00 dmap=+0/-0 shz=4.0 plan=8 cmd=(lx=+0.00,ly=+0.28,rx=+0.00)
  t= 64.2 ENG-GO pos=(-4.35,+1.71) yaw=+131.4 d=1.38 goal_err=-25 carrot_err= -26 c0=0.98 clear=0.66 prog=0.26 rel=0.93 bal=-0.34 obs=225 hard=222 obsc=226 yr=  0  nz=0.07 flt=0.00 dmap=+1/-2 shz=4.0 plan=8 cmd=(lx=+0.00,ly=+0.28,rx=+0.00)
  t= 64.6 ENG-GO pos=(-4.38,+1.74) yaw=+131.4 d=1.34 goal_err=-26 carrot_err= -27 c0=0.94 clear=0.63 prog=0.27 rel=0.93 bal=-0.35 obs=226 hard=223 obsc=226 yr=  0  nz=0.07 flt=0.01 dmap=+0/-0 shz=4.0 plan=8 cmd=(lx=+0.00,ly=+0.28,rx=+0.00)
  t= 65.0 ENG-GO pos=(-4.40,+1.77) yaw=+131.4 d=1.31 goal_err=-27 carrot_err= -28 c0=0.91 clear=0.60 prog=0.27 rel=0.92 bal=-0.47 obs=226 hard=223 obsc=227 yr=  0  nz=0.08 flt=0.01 dmap=+1/-0 shz=4.0 plan=8 cmd=(lx=+0.00,ly=+0.28,rx=+0.00)
  t= 65.4 DWA-F pos=(-4.42,+1.80) yaw=+131.4 d=1.28 goal_err=-28 carrot_err= -29 c0=0.87 clear=0.58 prog=0.27 rel=0.92 bal=-0.48 obs=225 hard=221 obsc=225 yr=  0  nz=0.08 flt=0.01 dmap=+0/-0 shz=4.0 plan=7 cmd=(lx=+0.00,ly=+0.40,rx=+0.00)
  t= 65.9 DWA-F pos=(-4.45,+1.83) yaw=+129.4 d=1.24 goal_err=-26 carrot_err= -29 c0=0.83 clear=0.56 prog=0.28 rel=0.92 bal=-0.50 obs=225 hard=222 obsc=227 yr= 19G nz=0.08 flt=0.01 dmap=+0/-0 shz=4.0 plan=7 cmd=(lx=+0.00,ly=+0.40,rx=+0.00)
  t= 66.3 DWA-F pos=(-4.48,+1.86) yaw=+127.4 d=1.20 goal_err=-25 carrot_err= -28 c0=0.90 clear=0.60 prog=0.29 rel=0.94 bal=-0.51 obs=225 hard=223 obsc=225 yr=  0  nz=0.06 flt=0.01 dmap=+0/-0 shz=4.0 plan=7 cmd=(lx=+0.00,ly=+0.40,rx=+0.00)
  t= 66.7 DWA-F pos=(-4.51,+1.90) yaw=+123.4 d=1.16 goal_err=-22 carrot_err= -15 c0=0.85 clear=0.57 prog=0.29 rel=0.95 bal=-0.38 obs=223 hard=223 obsc=225 yr= 19  nz=0.05 flt=0.09 dmap=+0/-0 shz=4.0 plan=7 cmd=(lx=+0.00,ly=+0.40,rx=+0.00)
  t= 67.2 DWA-F pos=(-4.54,+1.95) yaw=+121.4 d=1.11 goal_err=-21 carrot_err= -14 c0=0.80 clear=0.54 prog=0.32 rel=0.94 bal=-0.39 obs=223 hard=220 obsc=223 yr=  0  nz=0.06 flt=0.00 dmap=+1/-0 shz=4.0 plan=6 cmd=(lx=+0.00,ly=+0.40,rx=+0.00)
  t= 67.6 DWA-F pos=(-4.56,+1.99) yaw=+121.4 d=1.07 goal_err=-22 carrot_err= -15 c0=1.04 clear=0.69 prog=0.33 rel=0.86 bal=-0.39 obs=223 hard=223 obsc=225 yr=  0  nz=0.14 flt=0.00 dmap=+1/-0 shz=4.0 plan=6 cmd=(lx=+0.00,ly=+0.40,rx=+0.00)
  t= 68.0 DWA-F pos=(-4.58,+2.02) yaw=+121.4 d=1.03 goal_err=-23 carrot_err= -16 c0=1.00 clear=0.67 prog=0.33 rel=0.82 bal=-0.41 obs=225 hard=224 obsc=227 yr=  0  nz=0.17 flt=0.00 dmap=+0/-0 shz=4.0 plan=6 cmd=(lx=+0.00,ly=+0.40,rx=+0.00)
  t= 68.5 DWA-F pos=(-4.61,+2.07) yaw=+121.4 d=0.98 goal_err=-24 carrot_err= -17 c0=0.95 clear=0.63 prog=0.35 rel=0.83 bal=-0.53 obs=228 hard=224 obsc=228 yr=  0  nz=0.17 flt=0.01 dmap=+1/-0 shz=4.0 plan=6 cmd=(lx=+0.00,ly=+0.40,rx=+0.00)
  t= 68.9 DWA-F pos=(-4.63,+2.11) yaw=+121.4 d=0.94 goal_err=-25 carrot_err= -21 c0=1.31 clear=0.88 prog=0.33 rel=0.80 bal=-0.53 obs=227 hard=224 obsc=227 yr=  0  nz=0.20 flt=0.01 dmap=+0/-0 shz=4.0 plan=6 cmd=(lx=+0.00,ly=+0.40,rx=+0.00)
  t= 69.3 DWA-F pos=(-4.66,+2.15) yaw=+121.4 d=0.90 goal_err=-27 carrot_err= -22 c0=1.27 clear=0.85 prog=0.33 rel=0.75 bal=-0.53 obs=225 hard=223 obsc=225 yr=  0  nz=0.25 flt=0.01 dmap=+0/-0 shz=4.0 plan=6 cmd=(lx=+0.00,ly=+0.40,rx=+0.00)
  t= 69.7 DWA-F pos=(-4.68,+2.18) yaw=+121.4 d=0.86 goal_err=-28 carrot_err= -23 c0=1.23 clear=0.82 prog=0.33 rel=0.77 bal=-0.50 obs=223 hard=222 obsc=225 yr=  0  nz=0.23 flt=0.01 dmap=+0/-0 shz=4.0 plan=6 cmd=(lx=+0.00,ly=+0.40,rx=+0.00)
  t= 70.2 DWA-F pos=(-4.70,+2.22) yaw=+121.4 d=0.82 goal_err=-30 carrot_err= -24 c0=1.19 clear=0.79 prog=0.33 rel=0.81 bal=-0.50 obs=229 hard=226 obsc=229 yr=  0  nz=0.19 flt=0.00 dmap=+1/-0 shz=4.0 plan=5 cmd=(lx=+0.00,ly=+0.40,rx=+0.00)
  t= 70.6 DWA-F pos=(-4.73,+2.27) yaw=+121.4 d=0.77 goal_err=-32 carrot_err= -26 c0=1.13 clear=0.76 prog=0.32 rel=0.90 bal=-0.39 obs=228 hard=226 obsc=230 yr=  0  nz=0.10 flt=0.00 dmap=+0/-0 shz=4.0 plan=5 cmd=(lx=+0.00,ly=+0.40,rx=+0.00)
  t= 71.0 DWA-F pos=(-4.76,+2.31) yaw=+121.4 d=0.73 goal_err=-33 carrot_err= -28 c0=1.09 clear=0.73 prog=0.32 rel=0.91 bal=-0.38 obs=227 hard=226 obsc=228 yr=  0  nz=0.09 flt=0.01 dmap=+0/-0 shz=4.0 plan=5 cmd=(lx=+0.00,ly=+0.40,rx=+0.00)
  t= 71.4 DWA-F pos=(-4.78,+2.35) yaw=+117.4 d=0.70 goal_err=-31 carrot_err= -25 c0=1.05 clear=0.70 prog=0.31 rel=0.92 bal=-0.39 obs=236 hard=235 obsc=236 yr= 19  nz=0.08 flt=0.06 dmap=+10/-1 shz=4.0 plan=5 cmd=(lx=+0.00,ly=+0.40,rx=+0.00)
  t= 71.9 DWA-F pos=(-4.80,+2.38) yaw=+117.4 d=0.66 goal_err=-33 carrot_err= -27 c0=1.01 clear=0.68 prog=0.31 rel=0.92 bal=-0.38 obs=236 hard=234 obsc=236 yr=  0  nz=0.08 flt=0.01 dmap=+0/-0 shz=4.0 plan=4 cmd=(lx=+0.00,ly=+0.40,rx=+0.00)
  t= 72.3 DWA-F pos=(-4.82,+2.43) yaw=+115.3 d=0.61 goal_err=-34 carrot_err= -28 c0=0.96 clear=0.64 prog=0.30 rel=0.92 bal=-0.38 obs=236 hard=235 obsc=236 yr= 19G nz=0.08 flt=0.04 dmap=+0/-0 shz=4.0 plan=4 cmd=(lx=+0.00,ly=+0.40,rx=+0.45)
  t= 72.7 DWA-F pos=(-4.84,+2.48) yaw=+111.3 d=0.58 goal_err=-32 carrot_err= -26 c0=0.92 clear=0.61 prog=0.30 rel=0.90 bal=-0.37 obs=235 hard=234 obsc=237 yr=  0  nz=0.10 flt=0.01 dmap=+0/-1 shz=4.0 plan=4 cmd=(lx=+0.00,ly=+0.40,rx=+0.00)
  t= 73.2 DWA-F pos=(-4.86,+2.52) yaw=+107.3 d=0.54 goal_err=-31 carrot_err= -24 c0=0.87 clear=0.58 prog=0.30 rel=0.90 bal=-0.37 obs=236 hard=233 obsc=236 yr= 19  nz=0.10 flt=0.03 dmap=+1/-0 shz=4.0 plan=3 cmd=(lx=+0.00,ly=+0.40,rx=+0.00)
  t= 73.6 DWA-F pos=(-4.87,+2.56) yaw=+107.3 d=0.50 goal_err=-34 carrot_err= -26 c0=0.83 clear=0.55 prog=0.31 rel=0.91 bal=-0.36 obs=234 hard=233 obsc=236 yr=  0G nz=0.10 flt=0.00 dmap=+0/-0 shz=4.0 plan=3 cmd=(lx=+0.00,ly=+0.28,rx=+0.45)
  t= 74.0 DWA-T pos=(-4.88,+2.60) yaw=+101.3 d=0.47 goal_err=-30 carrot_err= -23 c0=0.96 clear=0.64 prog=0.30 rel=0.91 bal=-0.36 obs=235 hard=234 obsc=237 yr= 19G nz=0.09 flt=0.14 dmap=+0/-0 shz=4.0 plan=3 cmd=(lx=+0.00,ly=+0.00,rx=+0.00)
  t= 74.4 DWA-T pos=(-4.88,+2.61) yaw= +97.3 d=0.45 goal_err=-27 carrot_err= -20 c0=1.11 clear=0.74 prog=0.24 rel=0.85 bal=-0.35 obs=230 hard=229 obsc=234 yr=  0  nz=0.15 flt=0.00 dmap=+0/-0 shz=4.0 plan=3 cmd=(lx=+0.00,ly=+0.00,rx=+0.00)
  t= 74.9 DWA-T pos=(-4.88,+2.61) yaw= +97.3 d=0.45 goal_err=-27 carrot_err= -20 c0=1.11 clear=0.74 prog=0.18 rel=0.85 bal=-0.35 obs=230 hard=229 obsc=234 yr=  0  nz=0.15 flt=0.00 dmap=+0/-0 shz=4.0 plan=3 cmd=(lx=+0.00,ly=+0.00,rx=+0.00)
  t= 75.3 DWA-T pos=(-4.88,+2.61) yaw= +97.3 d=0.45 goal_err=-27 carrot_err= -20 c0=1.11 clear=0.74 prog=0.11 rel=0.85 bal=-0.35 obs=230 hard=229 obsc=234 yr=  0  nz=0.15 flt=0.00 dmap=+0/-0 shz=4.0 plan=0 cmd=(lx=+0.00,ly=+0.00,rx=+0.00)
  t= 75.7 BRK-BK pos=(-4.88,+2.60) yaw= +97.3 d=0.46 goal_err=-26 carrot_err= -19 c0=1.13 clear=0.75 prog=0.03 rel=0.85 bal=-0.15 obs=225 hard=224 obsc=229 yr=  0  nz=0.15 flt=0.00 dmap=+2/-7 shz=3.7 plan=0 cmd=(lx=+0.00,ly=-0.35,rx=+0.00)
  t= 76.1 BRK-TR pos=(-4.88,+2.56) yaw= +93.3 d=0.50 goal_err=-21 carrot_err= -13 c0=1.16 clear=0.77 prog=0.00 rel=0.88 bal=-0.17 obs=225 hard=224 obsc=229 yr= 39G nz=0.12 flt=0.00 dmap=+0/-0 shz=3.7 plan=0 cmd=(lx=+0.00,ly=+0.00,rx=+0.45)
  t= 76.6 BRK-TR pos=(-4.88,+2.56) yaw= +85.3 d=0.50 goal_err=-13 carrot_err=  -5 c0=1.14 clear=0.76 prog=0.00 rel=0.83 bal=-0.26 obs=225 hard=225 obsc=229 yr= 19G nz=0.17 flt=0.00 dmap=+0/-0 shz=3.7 plan=0 cmd=(lx=+0.00,ly=+0.00,rx=+0.45)
  t= 77.0 BRK-TR pos=(-4.88,+2.56) yaw= +77.2 d=0.50 goal_err=-4 carrot_err=  +3 c0=1.14 clear=0.76 prog=0.00 rel=0.85 bal=-0.30 obs=226 hard=226 obsc=230 yr= 19G nz=0.15 flt=0.15 dmap=+1/-0 shz=3.7 plan=0 cmd=(lx=+0.00,ly=+0.00,rx=+0.45)
  t= 77.4 BRK-TR pos=(-4.88,+2.56) yaw= +69.2 d=0.50 goal_err=+4 carrot_err= +11 c0=1.08 clear=0.72 prog=0.00 rel=0.86 bal=-0.30 obs=226 hard=226 obsc=230 yr= 19G nz=0.14 flt=0.00 dmap=+0/-0 shz=3.7 plan=0 cmd=(lx=+0.00,ly=+0.00,rx=+0.45)
  t= 77.8 BRK-TR pos=(-4.88,+2.56) yaw= +61.2 d=0.50 goal_err=+12 carrot_err= +19 c0=1.08 clear=0.72 prog=0.00 rel=0.89 bal=-0.21 obs=226 hard=226 obsc=230 yr= 19G nz=0.11 flt=0.06 dmap=+0/-0 shz=3.7 plan=0 cmd=(lx=+0.00,ly=+0.00,rx=+0.45)
  t= 78.2 DWA-T pos=(-4.88,+2.56) yaw= +53.2 d=0.50 goal_err=+20 carrot_err= +27 c0=1.08 clear=0.72 prog=0.00 rel=0.94 bal=-0.21 obs=226 hard=226 obsc=230 yr= 19G nz=0.06 flt=0.09 dmap=+0/-0 shz=3.7 plan=3 cmd=(lx=+0.00,ly=+0.00,rx=+0.00)
  t= 78.7 DWA-T pos=(-4.87,+2.57) yaw= +51.2 d=0.49 goal_err=+22 carrot_err= +29 c0=1.07 clear=0.71 prog=0.01 rel=0.95 bal=-0.15 obs=217 hard=217 obsc=218 yr= 19G nz=0.05 flt=0.17 dmap=+0/-0 shz=3.7 plan=3 cmd=(lx=+0.00,ly=+0.00,rx=+0.00)
  t= 79.1 DWA-T pos=(-4.87,+2.57) yaw= +53.2 d=0.49 goal_err=+20 carrot_err= +28 c0=1.06 clear=0.71 prog=0.02 rel=0.97 bal=-0.21 obs=217 hard=217 obsc=217 yr=  0  nz=0.03 flt=0.01 dmap=+0/-0 shz=3.7 plan=3 cmd=(lx=+0.00,ly=+0.00,rx=+0.00)
  t= 79.5 DWA-T pos=(-4.87,+2.57) yaw= +53.2 d=0.49 goal_err=+20 carrot_err= +28 c0=1.06 clear=0.71 prog=0.02 rel=0.97 bal=-0.21 obs=217 hard=217 obsc=217 yr=  0  nz=0.03 flt=0.01 dmap=+0/-0 shz=3.7 plan=3 cmd=(lx=+0.00,ly=+0.00,rx=+0.00)
  t= 80.0 DWA-T pos=(-4.87,+2.57) yaw= +53.2 d=0.49 goal_err=+20 carrot_err= +28 c0=1.06 clear=0.71 prog=0.02 rel=0.97 bal=-0.21 obs=217 hard=217 obsc=217 yr=  0  nz=0.03 flt=0.01 dmap=+0/-0 shz=3.7 plan=0 cmd=(lx=+0.00,ly=+0.00,rx=+0.00)
  t= 80.4 BRK-BK pos=(-4.88,+2.55) yaw= +53.2 d=0.51 goal_err=+19 carrot_err= +26 c0=1.09 clear=0.72 prog=0.00 rel=0.98 bal=-0.21 obs=215 hard=215 obsc=216 yr=  0  nz=0.02 flt=0.00 dmap=+0/-0 shz=3.5 plan=0 cmd=(lx=+0.00,ly=-0.35,rx=+0.00)
  t= 80.8 BRK-TR pos=(-4.90,+2.53) yaw= +49.2 d=0.53 goal_err=+22 carrot_err= +29 c0=1.11 clear=0.74 prog=0.00 rel=0.96 bal=-0.14 obs=215 hard=215 obsc=215 yr= 19G nz=0.04 flt=0.08 dmap=+0/-0 shz=3.5 plan=0 cmd=(lx=+0.00,ly=+0.00,rx=+0.45)
  t= 81.2 BRK-TR pos=(-4.90,+2.53) yaw= +41.1 d=0.53 goal_err=+30 carrot_err= +37 c0=1.11 clear=0.74 prog=0.00 rel=0.95 bal=-0.03 obs=215 hard=215 obsc=215 yr= 19G nz=0.04 flt=0.12 dmap=+0/-0 shz=3.5 plan=0 cmd=(lx=+0.00,ly=+0.00,rx=+0.45)
  t= 81.7 BRK-TR pos=(-4.90,+2.53) yaw= +33.1 d=0.53 goal_err=+38 carrot_err= +45 c0=1.11 clear=0.74 prog=0.00 rel=0.96 bal=+0.09 obs=215 hard=215 obsc=215 yr= 19G nz=0.04 flt=0.00 dmap=+0/-0 shz=3.5 plan=0 cmd=(lx=+0.00,ly=+0.00,rx=+0.45)
  t= 82.1 BRK-TR pos=(-4.90,+2.53) yaw= +25.1 d=0.53 goal_err=+46 carrot_err= +53 c0=1.25 clear=0.83 prog=0.00 rel=0.98 bal=+0.09 obs=215 hard=215 obsc=215 yr= 19G nz=0.02 flt=0.00 dmap=+0/-0 shz=3.5 plan=0 cmd=(lx=+0.00,ly=+0.00,rx=+0.45)
  t= 82.5 BRK-TR pos=(-4.90,+2.53) yaw= +15.1 d=0.53 goal_err=+56 carrot_err= +63 c0=1.30 clear=0.87 prog=0.00 rel=0.91 bal=+0.04 obs=215 hard=215 obsc=215 yr= 38G nz=0.08 flt=0.00 dmap=+0/-0 shz=3.5 plan=0 cmd=(lx=+0.00,ly=+0.00,rx=+0.45)
  t= 82.9 DWA-F pos=(-4.90,+2.53) yaw=  +7.1 d=0.53 goal_err=+64 carrot_err= +71 c0=1.15 clear=0.77 prog=0.00 rel=0.87 bal=+0.09 obs=215 hard=215 obsc=215 yr= 19G nz=0.13 flt=0.00 dmap=+0/-0 shz=3.5 plan=3 cmd=(lx=+0.00,ly=+0.28,rx=-0.45)
  t= 83.4 DWA-F pos=(-4.88,+2.54) yaw= +11.1 d=0.52 goal_err=+63 carrot_err= +69 c0=1.28 clear=0.85 prog=0.01 rel=0.87 bal=+0.08 obs=215 hard=215 obsc=215 yr= 19G nz=0.13 flt=0.08 dmap=+0/-0 shz=3.5 plan=3 cmd=(lx=+0.00,ly=+0.28,rx=-0.45)
  t= 83.8 DWA-F pos=(-4.85,+2.54) yaw= +19.1 d=0.51 goal_err=+57 carrot_err= +65 c0=1.25 clear=0.83 prog=0.04 rel=0.89 bal=+0.09 obs=215 hard=215 obsc=215 yr= 19G nz=0.11 flt=0.15 dmap=+0/-0 shz=3.5 plan=3 cmd=(lx=+0.00,ly=+0.28,rx=-0.45)
  t= 84.2 DWA-F pos=(-4.82,+2.55) yaw= +27.1 d=0.49 goal_err=+52 carrot_err= +60 c0=1.18 clear=0.79 prog=0.07 rel=0.91 bal=+0.09 obs=215 hard=215 obsc=215 yr= 19G nz=0.09 flt=0.10 dmap=+0/-0 shz=3.5 plan=3 cmd=(lx=+0.00,ly=+0.28,rx=-0.45)
  t= 84.6 DWA-F pos=(-4.79,+2.57) yaw= +37.1 d=0.47 goal_err=+45 carrot_err= +54 c0=1.02 clear=0.68 prog=0.10 rel=0.86 bal=+0.14 obs=217 hard=217 obsc=217 yr= 18G nz=0.14 flt=0.01 dmap=+0/-0 shz=3.5 plan=3 cmd=(lx=+0.00,ly=+0.28,rx=-0.45)
  t= 85.1 DWA-F pos=(-4.77,+2.59) yaw= +45.2 d=0.45 goal_err=+39 carrot_err= +49 c0=0.99 clear=0.66 prog=0.14 rel=0.83 bal=+0.03 obs=217 hard=217 obsc=217 yr= 18G nz=0.17 flt=0.06 dmap=+0/-0 shz=3.5 plan=3 cmd=(lx=+0.00,ly=+0.28,rx=-0.45)
  t= 85.5 DWA-F pos=(-4.75,+2.61) yaw= +53.2 d=0.43 goal_err=+34 carrot_err= +43 c0=0.96 clear=0.64 prog=0.15 rel=0.85 bal=-0.11 obs=218 hard=218 obsc=218 yr= 19G nz=0.15 flt=0.00 dmap=+1/-0 shz=3.5 plan=3 cmd=(lx=+0.00,ly=+0.28,rx=-0.45)

  >>> MODO AGRESIVO ON (12s sin acercarse a B): reduzco inflado y holgura (min seguridad 0.24m) para cruzar la puerta.
  t= 85.9 AGR-DWA-F pos=(-4.74,+2.63) yaw= +61.2 d=0.41 goal_err=+27 carrot_err= +38 c0=0.94 clear=0.62 prog=0.17 rel=0.94 bal=-0.18 obs=218 hard=218 obsc=218 yr= 19G nz=0.06 flt=0.00 dmap=+0/-0 shz=3.5 plan=3 cmd=(lx=+0.00,ly=+0.28,rx=-0.45)
  t= 86.4 AGR-DWA-T pos=(-4.72,+2.67) yaw= +71.2 d=0.37 goal_err=+20 carrot_err= +32 c0=0.90 clear=0.60 prog=0.20 rel=0.93 bal=-0.18 obs=218 hard=218 obsc=218 yr= 38  nz=0.07 flt=0.10 dmap=+0/-0 shz=3.5 plan=3 cmd=(lx=+0.00,ly=+0.00,rx=+0.00)
  t= 86.8 AGR-DWA-T pos=(-4.72,+2.67) yaw= +71.2 d=0.37 goal_err=+20 carrot_err= +32 c0=0.90 clear=0.60 prog=0.16 rel=0.93 bal=-0.18 obs=209 hard=209 obsc=211 yr=  0  nz=0.07 flt=0.00 dmap=+0/-0 shz=3.5 plan=3 cmd=(lx=+0.00,ly=+0.00,rx=+0.00)
  t= 87.2 AGR-DWA-T pos=(-4.72,+2.67) yaw= +71.2 d=0.37 goal_err=+20 carrot_err= +32 c0=0.90 clear=0.60 prog=0.12 rel=0.93 bal=-0.18 obs=209 hard=209 obsc=211 yr=  0  nz=0.07 flt=0.00 dmap=+0/-0 shz=3.5 plan=3 cmd=(lx=+0.00,ly=+0.00,rx=+0.00)
  t= 87.6 AGR-BRK-BK pos=(-4.72,+2.67) yaw= +71.2 d=0.37 goal_err=+20 carrot_err= +32 c0=0.90 clear=0.60 prog=0.08 rel=0.93 bal=-0.18 obs=209 hard=209 obsc=211 yr=  0  nz=0.07 flt=0.00 dmap=+0/-0 shz=3.5 plan=0 cmd=(lx=+0.00,ly=-0.35,rx=+0.00)
  t= 88.1 AGR-BRK-TR pos=(-4.74,+2.63) yaw= +71.2 d=0.41 goal_err=+18 carrot_err= +29 c0=0.93 clear=0.62 prog=0.00 rel=1.00 bal=-0.18 obs=209 hard=207 obsc=209 yr=  0  nz=0.00 flt=0.01 dmap=+0/-0 shz=3.3 plan=0 cmd=(lx=+0.00,ly=+0.00,rx=+0.45)
  t= 88.5 AGR-BRK-TR pos=(-4.74,+2.61) yaw= +65.2 d=0.43 goal_err=+23 carrot_err= +33 c0=0.96 clear=0.64 prog=0.00 rel=0.95 bal=-0.17 obs=209 hard=207 obsc=209 yr= 19G nz=0.05 flt=0.00 dmap=+0/-0 shz=3.3 plan=0 cmd=(lx=+0.00,ly=+0.00,rx=+0.45)
  t= 88.9 AGR-BRK-TR pos=(-4.74,+2.61) yaw= +57.2 d=0.43 goal_err=+31 carrot_err= +41 c0=0.96 clear=0.64 prog=0.00 rel=0.96 bal=-0.10 obs=209 hard=207 obsc=209 yr= 19G nz=0.04 flt=0.14 dmap=+0/-0 shz=3.2 plan=0 cmd=(lx=+0.00,ly=+0.00,rx=+0.45)
  t= 89.3 AGR-BRK-TR pos=(-4.74,+2.61) yaw= +49.2 d=0.43 goal_err=+39 carrot_err= +49 c0=0.96 clear=0.64 prog=0.00 rel=0.96 bal=-0.08 obs=213 hard=211 obsc=213 yr= 19G nz=0.04 flt=0.13 dmap=+0/-0 shz=3.3 plan=0 cmd=(lx=+0.00,ly=+0.00,rx=+0.45)
  t= 89.8 AGR-BRK-TR pos=(-4.74,+2.61) yaw= +41.1 d=0.43 goal_err=+47 carrot_err= +57 c0=0.96 clear=0.64 prog=0.00 rel=0.99 bal=-0.03 obs=213 hard=211 obsc=213 yr= 19G nz=0.01 flt=0.00 dmap=+0/-0 shz=3.3 plan=0 cmd=(lx=+0.00,ly=+0.00,rx=+0.45)
  t= 90.2 AGR-BRK-TR pos=(-4.74,+2.61) yaw= +33.1 d=0.43 goal_err=+55 carrot_err= +65 c0=0.96 clear=0.64 prog=0.00 rel=0.99 bal=+0.06 obs=213 hard=211 obsc=213 yr= 19G nz=0.01 flt=0.00 dmap=+0/-0 shz=3.3 plan=0 cmd=(lx=+0.00,ly=+0.00,rx=+0.45)
  t= 90.6 AGR-DWA-F pos=(-4.74,+2.61) yaw= +23.1 d=0.43 goal_err=+65 carrot_err= +75 c0=1.08 clear=0.72 prog=0.00 rel=0.92 bal=+0.06 obs=213 hard=211 obsc=213 yr= 37G nz=0.08 flt=0.00 dmap=+0/-0 shz=3.3 plan=3 cmd=(lx=+0.00,ly=+0.28,rx=-0.45)
  t= 91.0 AGR-DWA-F pos=(-4.72,+2.62) yaw= +31.1 d=0.42 goal_err=+61 carrot_err= +71 c0=1.06 clear=0.70 prog=0.02 rel=0.84 bal=+0.03 obs=216 hard=214 obsc=216 yr= 19G nz=0.10 flt=0.04 dmap=+3/-0 shz=3.3 plan=3 cmd=(lx=+0.00,ly=+0.28,rx=-0.45)
  t= 91.5 AGR-DWA-F pos=(-4.69,+2.64) yaw= +39.1 d=0.40 goal_err=+56 carrot_err= +67 c0=0.91 clear=0.60 prog=0.05 rel=0.89 bal=-0.01 obs=216 hard=214 obsc=216 yr= 18G nz=0.11 flt=0.13 dmap=+0/-0 shz=3.3 plan=3 cmd=(lx=+0.00,ly=+0.28,rx=-0.45)
  t= 91.9 AGR-DWA-F pos=(-4.67,+2.66) yaw= +47.2 d=0.39 goal_err=+51 carrot_err= +63 c0=0.88 clear=0.59 prog=0.07 rel=0.85 bal=-0.00 obs=216 hard=214 obsc=216 yr= 19G nz=0.15 flt=0.07 dmap=+0/-0 shz=3.2 plan=3 cmd=(lx=+0.00,ly=+0.28,rx=-0.45)
  t= 92.3 AGR-DWA-F pos=(-4.65,+2.68) yaw= +57.2 d=0.36 goal_err=+45 carrot_err= +58 c0=0.85 clear=0.56 prog=0.11 rel=0.86 bal=+0.00 obs=217 hard=215 obsc=217 yr= 19G nz=0.14 flt=0.01 dmap=+0/-0 shz=3.2 plan=3 cmd=(lx=+0.00,ly=+0.28,rx=-0.45)

  LLEGADO a 'B' (-4.73,+3.04); error=0.35 m, colisiones=0.
  [spill] derrames=0 E[N]=0.00 eta_max=0.98 riesgo=1.4%
  [dataset] travesia guardada -> /Users/adrianlendinezibanez/Claude/Projects/G1 ROBOT/dataset/20260708_133259_ours_B.json
  [stats] fila anadida -> /Users/adrianlendinezibanez/Claude/Projects/G1 ROBOT/dataset/runs_stats.csv

Fin goto.
  [META2-L2] estado guardado (meta2_state_abctrl.json): Pl={'Efficient_Nav': 1.0, 'Cautious_Nav': 0.92} derrames_run=0
  backend grafico: TkAgg
>>> SIM ADAPTER: conectando a rosbridge ws://localhost:8765 ...
  esperando /odom (hasta 30s; el mundo del lab tarda en cargar)... ok
  /odom OK pose=(+0.99,+0.57) | /scan: OK
  escenario LAB: mapa/waypoints/puerta REALES (lab.world solo-paredes, frame G1)

>>> GOTO 'B' -> (-4.73,+3.04). Mando en mano (L2+B). Ctrl+C aborta.
    ENTORNO: SIM (id: lab_v1_ab_ctrl)  — esta run se registra como SIMULACION, no cuenta como run de robot
  Esperando pose localizada y primera nube... ok.
  FRAME-CHECK start=(+0.99,+0.57) wp_mas_cercano=A(+0.99,+0.57) offset=0.00m  -> frame OK (pose y waypoints alineados)
  [spill] payload de agua simulado (semilla=20260708_134003_ours_B.json)
  META2 ACTIVO (techo por analogia): Meta-Reasoner 2.0, analogia inicial Cautious_Nav

  !!!!!!!!!!!!!!!!!!!!!!!!!!!!!!!!!!!!!!!!!!!!!!!!!!!!!!!!!!!!!!!!!!!!!!!!!!
  !!  VISION OFF (G1_PERC sin definir) pero G1_NOVIS=1: navego SIN vision bajo tu responsabilidad.
  !!  La MESA invisible al LiDAR no se vera.
  !!!!!!!!!!!!!!!!!!!!!!!!!!!!!!!!!!!!!!!!!!!!!!!!!!!!!!!!!!!!!!!!!!!!!!!!!!

  mapa de referencia: 961 celdas | muebles estaticos (nav_map): 0 celdas | plan global: static
  t=  0.0 DWA-F pos=(+0.99,+0.57) yaw=-120.3 d=6.23 goal_err=-83 carrot_err= -62 c0=2.25 clear=1.00 prog=0.00 rel=1.00 bal=+0.19 obs=108 hard=108 obsc=108 yr=  0  nz=0.00 flt=0.19 dmap=+108/-0 shz=0.0 plan=34 cmd=(lx=+0.00,ly=+0.40,rx=+0.45)
  t=  0.4 DWA-F pos=(+0.97,+0.53) yaw=-126.3 d=6.22 goal_err=-77 carrot_err= -59 c0=2.21 clear=1.00 prog=0.05 rel=0.97 bal=+0.28 obs=111 hard=111 obsc=111 yr= 18G nz=0.03 flt=0.14 dmap=+0/-0 shz=3.1 plan=34 cmd=(lx=+0.00,ly=+0.40,rx=+0.45)
  t=  0.9 DWA-F pos=(+0.93,+0.49) yaw=-134.4 d=6.21 goal_err=-70 carrot_err= -55 c0=2.28 clear=1.00 prog=0.09 rel=0.95 bal=+0.41 obs=111 hard=111 obsc=111 yr= 19G nz=0.04 flt=0.14 dmap=+0/-0 shz=3.5 plan=34 cmd=(lx=+0.00,ly=+0.40,rx=+0.45)
  t=  1.3 DWA-F pos=(+0.88,+0.45) yaw=-142.4 d=6.18 goal_err=-62 carrot_err= -35 c0=2.50 clear=1.00 prog=0.12 rel=0.94 bal=+0.41 obs=111 hard=111 obsc=111 yr= 19  nz=0.06 flt=0.05 dmap=+0/-0 shz=3.7 plan=34 cmd=(lx=+0.00,ly=+0.40,rx=+0.00)
  t=  1.7 DWA-F pos=(+0.84,+0.41) yaw=-142.4 d=6.16 goal_err=-63 carrot_err= -37 c0=2.50 clear=1.00 prog=0.14 rel=0.80 bal=+0.42 obs=137 hard=118 obsc=140 yr=  0  nz=0.20 flt=0.02 dmap=+0/-0 shz=3.8 plan=33 cmd=(lx=+0.00,ly=+0.40,rx=+0.45)
  t=  2.1 DWA-F pos=(+0.79,+0.37) yaw=-148.4 d=6.13 goal_err=-57 carrot_err= -34 c0=2.50 clear=1.00 prog=0.17 rel=0.79 bal=+0.43 obs=139 hard=119 obsc=141 yr= 19  nz=0.21 flt=0.02 dmap=+2/-0 shz=3.8 plan=33 cmd=(lx=+0.00,ly=+0.40,rx=+0.00)
  t=  2.6 DWA-F pos=(+0.73,+0.34) yaw=-150.4 d=6.09 goal_err=-56 carrot_err= -34 c0=2.50 clear=1.00 prog=0.21 rel=0.84 bal=+0.44 obs=145 hard=124 obsc=146 yr=  0  nz=0.16 flt=0.00 dmap=+2/-1 shz=3.9 plan=33 cmd=(lx=+0.00,ly=+0.40,rx=+0.00)
  t=  3.0 DWA-F pos=(+0.69,+0.32) yaw=-150.4 d=6.07 goal_err=-56 carrot_err= -35 c0=2.50 clear=1.00 prog=0.22 rel=0.99 bal=+0.44 obs=146 hard=142 obsc=147 yr=  0G nz=0.01 flt=0.00 dmap=+0/-0 shz=3.8 plan=33 cmd=(lx=+0.00,ly=+0.40,rx=+0.00)
  t=  3.4 DWA-F pos=(+0.66,+0.30) yaw=-152.4 d=6.04 goal_err=-55 carrot_err= -34 c0=2.50 clear=1.00 prog=0.22 rel=0.99 bal=+0.44 obs=157 hard=153 obsc=157 yr=  0  nz=0.01 flt=0.01 dmap=+0/-0 shz=3.9 plan=32 cmd=(lx=+0.00,ly=+0.40,rx=+0.00)
  t=  3.8 DWA-F pos=(+0.62,+0.28) yaw=-152.4 d=6.02 goal_err=-55 carrot_err= -36 c0=2.50 clear=1.00 prog=0.22 rel=0.99 bal=+0.37 obs=159 hard=157 obsc=159 yr=  0  nz=0.01 flt=0.00 dmap=+0/-0 shz=3.9 plan=32 cmd=(lx=+0.00,ly=+0.40,rx=+0.00)
  t=  4.3 DWA-F pos=(+0.58,+0.26) yaw=-154.4 d=5.99 goal_err=-53 carrot_err= -36 c0=2.50 clear=1.00 prog=0.21 rel=0.99 bal=+0.37 obs=159 hard=159 obsc=160 yr= 19G nz=0.01 flt=0.00 dmap=+0/-0 shz=3.9 plan=32 cmd=(lx=+0.00,ly=+0.40,rx=+0.00)
  t=  4.7 DWA-F pos=(+0.54,+0.24) yaw=-156.4 d=5.96 goal_err=-52 carrot_err= -21 c0=2.50 clear=1.00 prog=0.20 rel=0.99 bal=+0.38 obs=170 hard=169 obsc=170 yr=  0  nz=0.01 flt=0.01 dmap=+0/-0 shz=3.9 plan=32 cmd=(lx=+0.00,ly=+0.40,rx=+0.00)
  t=  5.1 DWA-F pos=(+0.49,+0.22) yaw=-156.4 d=5.93 goal_err=-52 carrot_err= -22 c0=2.50 clear=1.00 prog=0.22 rel=0.99 bal=+0.40 obs=171 hard=171 obsc=171 yr=  0  nz=0.01 flt=0.00 dmap=+1/-0 shz=3.9 plan=32 cmd=(lx=+0.00,ly=+0.40,rx=+0.00)
  t=  5.6 DWA-F pos=(+0.44,+0.20) yaw=-156.4 d=5.90 goal_err=-52 carrot_err= -24 c0=2.50 clear=1.00 prog=0.22 rel=0.99 bal=+0.41 obs=171 hard=171 obsc=171 yr=  0  nz=0.01 flt=0.01 dmap=+0/-0 shz=3.9 plan=32 cmd=(lx=+0.00,ly=+0.40,rx=+0.00)
  t=  6.0 DWA-F pos=(+0.40,+0.18) yaw=-156.4 d=5.88 goal_err=-53 carrot_err= -25 c0=2.50 clear=1.00 prog=0.22 rel=0.99 bal=+0.42 obs=169 hard=169 obsc=171 yr=  0  nz=0.01 flt=0.01 dmap=+0/-0 shz=3.9 plan=32 cmd=(lx=+0.00,ly=+0.40,rx=+0.00)
  t=  6.4 DWA-F pos=(+0.36,+0.16) yaw=-156.4 d=5.85 goal_err=-53 carrot_err= -26 c0=2.50 clear=1.00 prog=0.22 rel=0.99 bal=+0.43 obs=171 hard=169 obsc=171 yr=  0  nz=0.01 flt=0.00 dmap=+0/-0 shz=3.9 plan=31 cmd=(lx=+0.00,ly=+0.40,rx=+0.00)
  t=  6.8 DWA-F pos=(+0.32,+0.15) yaw=-156.4 d=5.82 goal_err=-53 carrot_err= -28 c0=2.50 clear=1.00 prog=0.22 rel=0.99 bal=+0.44 obs=172 hard=170 obsc=172 yr=  0  nz=0.01 flt=0.00 dmap=+2/-0 shz=4.0 plan=31 cmd=(lx=+0.00,ly=+0.40,rx=+0.00)
  t=  7.3 DWA-F pos=(+0.27,+0.12) yaw=-156.4 d=5.79 goal_err=-54 carrot_err= -15 c0=2.50 clear=1.00 prog=0.22 rel=0.99 bal=+0.45 obs=171 hard=171 obsc=172 yr=  0  nz=0.01 flt=0.00 dmap=+0/-0 shz=3.9 plan=31 cmd=(lx=+0.00,ly=+0.40,rx=+0.00)
  t=  7.7 DWA-F pos=(+0.23,+0.11) yaw=-156.4 d=5.76 goal_err=-54 carrot_err= -16 c0=2.50 clear=1.00 prog=0.22 rel=0.99 bal=+0.46 obs=170 hard=170 obsc=171 yr=  0  nz=0.01 flt=0.00 dmap=+0/-0 shz=4.0 plan=31 cmd=(lx=+0.00,ly=+0.40,rx=+0.00)
  t=  8.1 DWA-F pos=(+0.19,+0.09) yaw=-156.4 d=5.74 goal_err=-55 carrot_err= -17 c0=2.50 clear=1.00 prog=0.21 rel=0.99 bal=+0.46 obs=172 hard=172 obsc=172 yr=  0  nz=0.01 flt=0.00 dmap=+1/-0 shz=3.9 plan=30 cmd=(lx=+0.00,ly=+0.40,rx=+0.00)
  t=  8.6 DWA-F pos=(+0.15,+0.07) yaw=-156.4 d=5.71 goal_err=-55 carrot_err= -18 c0=2.50 clear=1.00 prog=0.21 rel=0.99 bal=+0.39 obs=173 hard=173 obsc=173 yr=  0  nz=0.01 flt=0.00 dmap=+0/-0 shz=4.0 plan=30 cmd=(lx=+0.00,ly=+0.40,rx=+0.00)
  t=  9.0 DWA-F pos=(+0.10,+0.05) yaw=-156.4 d=5.68 goal_err=-55 carrot_err= -21 c0=2.44 clear=1.00 prog=0.21 rel=0.97 bal=+0.40 obs=174 hard=173 obsc=174 yr=  0  nz=0.03 flt=0.01 dmap=+0/-0 shz=3.9 plan=30 cmd=(lx=+0.00,ly=+0.40,rx=+0.00)
  t=  9.4 DWA-F pos=(+0.06,+0.03) yaw=-156.4 d=5.66 goal_err=-56 carrot_err= -22 c0=2.40 clear=1.00 prog=0.21 rel=0.95 bal=+0.40 obs=176 hard=175 obsc=177 yr=  0  nz=0.05 flt=0.00 dmap=+2/-0 shz=3.9 plan=29 cmd=(lx=+0.00,ly=+0.40,rx=+0.00)
  t=  9.8 DWA-F pos=(+0.02,+0.01) yaw=-156.4 d=5.63 goal_err=-56 carrot_err= -23 c0=2.35 clear=1.00 prog=0.21 rel=0.93 bal=+0.40 obs=175 hard=177 obsc=178 yr=  0  nz=0.07 flt=0.02 dmap=+1/-2 shz=4.0 plan=29 cmd=(lx=+0.00,ly=+0.40,rx=+0.00)
  t= 10.3 DWA-F pos=(-0.02,-0.01) yaw=-156.4 d=5.61 goal_err=-56 carrot_err= -24 c0=2.31 clear=1.00 prog=0.21 rel=0.92 bal=+0.42 obs=176 hard=175 obsc=176 yr=  0  nz=0.08 flt=0.00 dmap=+0/-0 shz=3.9 plan=29 cmd=(lx=+0.00,ly=+0.40,rx=+0.00)
  t= 10.7 DWA-F pos=(-0.06,-0.02) yaw=-156.4 d=5.58 goal_err=-57 carrot_err= -25 c0=2.27 clear=1.00 prog=0.20 rel=0.91 bal=+0.43 obs=177 hard=176 obsc=177 yr=  0  nz=0.09 flt=0.01 dmap=+0/-0 shz=4.0 plan=29 cmd=(lx=+0.00,ly=+0.40,rx=+0.00)
  t= 11.1 DWA-F pos=(-0.10,-0.04) yaw=-156.4 d=5.56 goal_err=-57 carrot_err= -26 c0=2.22 clear=1.00 prog=0.19 rel=0.91 bal=+0.45 obs=180 hard=180 obsc=182 yr=  0  nz=0.09 flt=0.00 dmap=+4/-2 shz=4.0 plan=29 cmd=(lx=+0.00,ly=+0.40,rx=+0.00)
  t= 11.6 DWA-F pos=(-0.16,-0.06) yaw=-156.4 d=5.53 goal_err=-58 carrot_err= -28 c0=2.17 clear=1.00 prog=0.20 rel=0.91 bal=+0.47 obs=181 hard=179 obsc=181 yr=  0  nz=0.09 flt=0.01 dmap=+0/-0 shz=4.0 plan=29 cmd=(lx=+0.00,ly=+0.40,rx=+0.00)
  t= 12.0 DWA-F pos=(-0.20,-0.08) yaw=-156.4 d=5.50 goal_err=-58 carrot_err= -29 c0=2.12 clear=1.00 prog=0.20 rel=0.91 bal=+0.49 obs=182 hard=180 obsc=183 yr=  0  nz=0.10 flt=0.02 dmap=+0/-0 shz=4.0 plan=29 cmd=(lx=+0.00,ly=+0.40,rx=+0.00)
  t= 12.4 DWA-F pos=(-0.24,-0.10) yaw=-156.4 d=5.48 goal_err=-59 carrot_err= -31 c0=2.08 clear=1.00 prog=0.20 rel=0.92 bal=+0.50 obs=183 hard=180 obsc=183 yr=  0  nz=0.09 flt=0.00 dmap=+1/-0 shz=3.9 plan=28 cmd=(lx=+0.00,ly=+0.40,rx=+0.00)
  t= 12.9 DWA-F pos=(-0.29,-0.12) yaw=-156.4 d=5.45 goal_err=-59 carrot_err= -33 c0=2.02 clear=1.00 prog=0.20 rel=0.92 bal=+0.51 obs=183 hard=183 obsc=184 yr=  0  nz=0.08 flt=0.00 dmap=+1/-1 shz=4.0 plan=28 cmd=(lx=+0.00,ly=+0.40,rx=+0.00)
  t= 13.3 DWA-F pos=(-0.33,-0.14) yaw=-156.4 d=5.43 goal_err=-59 carrot_err= -33 c0=1.98 clear=1.00 prog=0.19 rel=0.93 bal=+0.52 obs=183 hard=182 obsc=183 yr=  0  nz=0.07 flt=0.00 dmap=+0/-0 shz=3.9 plan=28 cmd=(lx=+0.00,ly=+0.40,rx=+0.00)
  t= 13.7 DWA-F pos=(-0.37,-0.16) yaw=-156.4 d=5.41 goal_err=-60 carrot_err= -34 c0=1.94 clear=1.00 prog=0.19 rel=0.92 bal=+0.52 obs=182 hard=182 obsc=182 yr=  0  nz=0.08 flt=0.01 dmap=+0/-0 shz=4.0 plan=28 cmd=(lx=+0.00,ly=+0.40,rx=+0.00)
  t= 14.2 DWA-F pos=(-0.41,-0.17) yaw=-156.4 d=5.38 goal_err=-60 carrot_err= -36 c0=1.89 clear=1.00 prog=0.18 rel=0.92 bal=+0.53 obs=183 hard=181 obsc=184 yr=  0  nz=0.08 flt=0.01 dmap=+1/-0 shz=4.0 plan=27 cmd=(lx=+0.00,ly=+0.40,rx=+0.00)
  t= 14.6 DWA-F pos=(-0.46,-0.20) yaw=-156.4 d=5.36 goal_err=-61 carrot_err= -38 c0=1.84 clear=1.00 prog=0.19 rel=0.92 bal=+0.53 obs=185 hard=184 obsc=187 yr=  0G nz=0.08 flt=0.01 dmap=+0/-0 shz=4.0 plan=27 cmd=(lx=+0.00,ly=+0.40,rx=+0.45)
  t= 15.0 DWA-F pos=(-0.50,-0.21) yaw=-162.4 d=5.33 goal_err=-55 carrot_err= -34 c0=1.79 clear=1.00 prog=0.18 rel=0.91 bal=+0.55 obs=188 hard=184 obsc=188 yr=  0  nz=0.09 flt=0.00 dmap=+0/-0 shz=4.0 plan=27 cmd=(lx=+0.00,ly=+0.40,rx=+0.00)
  t= 15.4 DWA-F pos=(-0.54,-0.22) yaw=-162.4 d=5.31 goal_err=-56 carrot_err= -44 c0=1.75 clear=1.00 prog=0.19 rel=0.92 bal=+0.48 obs=189 hard=185 obsc=189 yr=  0  nz=0.08 flt=0.00 dmap=+0/-0 shz=4.0 plan=26 cmd=(lx=+0.00,ly=+0.40,rx=+0.45)
  t= 15.9 DWA-F pos=(-0.59,-0.24) yaw=-166.4 d=5.28 goal_err=-52 carrot_err= -42 c0=1.71 clear=1.00 prog=0.19 rel=0.92 bal=+0.49 obs=189 hard=185 obsc=189 yr= 19G nz=0.08 flt=0.12 dmap=+0/-0 shz=4.0 plan=26 cmd=(lx=+0.00,ly=+0.40,rx=+0.45)
  t= 16.3 DWA-F pos=(-0.64,-0.25) yaw=-176.5 d=5.25 goal_err=-42 carrot_err= -34 c0=1.91 clear=1.00 prog=0.22 rel=0.92 bal=+0.56 obs=189 hard=185 obsc=189 yr= 38  nz=0.08 flt=0.00 dmap=+0/-0 shz=4.0 plan=26 cmd=(lx=+0.00,ly=+0.40,rx=+0.00)
  t= 16.7 DWA-F pos=(-0.69,-0.25) yaw=-176.5 d=5.21 goal_err=-43 carrot_err= -36 c0=1.87 clear=1.00 prog=0.23 rel=0.88 bal=+0.56 obs=191 hard=189 obsc=191 yr=  0  nz=0.12 flt=0.00 dmap=+0/-0 shz=4.0 plan=26 cmd=(lx=+0.00,ly=+0.40,rx=+0.00)
  t= 17.2 DWA-F pos=(-0.73,-0.25) yaw=-176.5 d=5.18 goal_err=-43 carrot_err= -31 c0=1.83 clear=1.00 prog=0.24 rel=0.88 bal=+0.53 obs=192 hard=192 obsc=193 yr=  0  nz=0.12 flt=0.00 dmap=+1/-1 shz=4.0 plan=25 cmd=(lx=+0.00,ly=+0.40,rx=+0.00)
  t= 17.6 DWA-F pos=(-0.77,-0.26) yaw=-176.5 d=5.15 goal_err=-43 carrot_err= -32 c0=1.79 clear=1.00 prog=0.25 rel=0.94 bal=+0.54 obs=191 hard=191 obsc=192 yr=  0  nz=0.06 flt=0.00 dmap=+0/-0 shz=4.0 plan=25 cmd=(lx=+0.00,ly=+0.40,rx=+0.00)
  t= 18.0 DWA-F pos=(-0.82,-0.26) yaw=-176.5 d=5.12 goal_err=-44 carrot_err= -34 c0=1.75 clear=1.00 prog=0.27 rel=0.92 bal=+0.54 obs=191 hard=191 obsc=192 yr=  0  nz=0.08 flt=0.02 dmap=+0/-0 shz=4.0 plan=25 cmd=(lx=+0.00,ly=+0.40,rx=+0.00)
  t= 18.4 DWA-F pos=(-0.87,-0.26) yaw=-176.5 d=5.08 goal_err=-44 carrot_err= -36 c0=1.69 clear=1.00 prog=0.27 rel=0.92 bal=+0.53 obs=191 hard=190 obsc=191 yr=  0  nz=0.08 flt=0.00 dmap=+0/-0 shz=4.0 plan=25 cmd=(lx=+0.00,ly=+0.40,rx=+0.00)
  t= 18.9 DWA-F pos=(-0.92,-0.26) yaw=-176.5 d=5.04 goal_err=-44 carrot_err= -38 c0=1.65 clear=1.00 prog=0.26 rel=0.92 bal=+0.35 obs=192 hard=189 obsc=192 yr=  0G nz=0.08 flt=0.00 dmap=+0/-0 shz=4.0 plan=25 cmd=(lx=+0.00,ly=+0.40,rx=+0.45)
  t= 19.3 DWA-F pos=(-0.96,-0.27) yaw=+177.5 d=5.01 goal_err=-39 carrot_err= -34 c0=1.84 clear=1.00 prog=0.26 rel=0.91 bal=+0.49 obs=192 hard=189 obsc=192 yr= 19  nz=0.09 flt=0.00 dmap=+0/-0 shz=4.0 plan=25 cmd=(lx=+0.00,ly=+0.40,rx=+0.00)
  t= 19.7 DWA-F pos=(-1.01,-0.26) yaw=+175.5 d=4.98 goal_err=-37 carrot_err= -33 c0=1.79 clear=1.00 prog=0.27 rel=0.89 bal=+0.32 obs=192 hard=191 obsc=192 yr=  0  nz=0.11 flt=0.00 dmap=+0/-0 shz=4.0 plan=25 cmd=(lx=+0.00,ly=+0.40,rx=+0.00)
  t= 20.2 DWA-F pos=(-1.06,-0.26) yaw=+175.5 d=4.93 goal_err=-37 carrot_err= -37 c0=1.74 clear=1.00 prog=0.29 rel=0.89 bal=+0.31 obs=191 hard=190 obsc=191 yr=  0  nz=0.11 flt=0.02 dmap=+0/-0 shz=4.0 plan=24 cmd=(lx=+0.00,ly=+0.40,rx=+0.00)
  t= 20.6 DWA-F pos=(-1.11,-0.25) yaw=+171.5 d=4.90 goal_err=-34 carrot_err= -35 c0=1.69 clear=1.00 prog=0.28 rel=0.93 bal=+0.29 obs=191 hard=190 obsc=191 yr= 19  nz=0.07 flt=0.01 dmap=+0/-0 shz=4.0 plan=24 cmd=(lx=+0.00,ly=+0.40,rx=+0.00)
  t= 21.0 DWA-F pos=(-1.15,-0.25) yaw=+171.5 d=4.86 goal_err=-34 carrot_err= -36 c0=1.65 clear=1.00 prog=0.29 rel=0.92 bal=+0.28 obs=194 hard=191 obsc=194 yr=  0  nz=0.08 flt=0.02 dmap=+0/-0 shz=4.0 plan=24 cmd=(lx=+0.00,ly=+0.40,rx=+0.00)
  t= 21.5 DWA-F pos=(-1.21,-0.24) yaw=+169.5 d=4.81 goal_err=-32 carrot_err= -37 c0=1.59 clear=1.00 prog=0.31 rel=0.91 bal=+0.27 obs=193 hard=193 obsc=194 yr= 19G nz=0.09 flt=0.14 dmap=+0/-0 shz=4.0 plan=24 cmd=(lx=+0.00,ly=+0.40,rx=+0.00)
  t= 21.9 DWA-F pos=(-1.25,-0.23) yaw=+167.5 d=4.78 goal_err=-31 carrot_err= -28 c0=1.55 clear=1.00 prog=0.31 rel=0.91 bal=+0.26 obs=192 hard=191 obsc=192 yr=  0  nz=0.09 flt=0.02 dmap=+0/-0 shz=4.0 plan=23 cmd=(lx=+0.00,ly=+0.40,rx=+0.00)
  t= 22.3 DWA-F pos=(-1.29,-0.22) yaw=+167.5 d=4.74 goal_err=-31 carrot_err= -29 c0=1.51 clear=1.00 prog=0.30 rel=0.91 bal=+0.25 obs=191 hard=191 obsc=192 yr=  0  nz=0.09 flt=0.01 dmap=+0/-0 shz=4.0 plan=23 cmd=(lx=+0.00,ly=+0.40,rx=+0.00)
  t= 22.8 DWA-F pos=(-1.34,-0.21) yaw=+167.5 d=4.70 goal_err=-31 carrot_err= -30 c0=1.46 clear=0.98 prog=0.30 rel=0.92 bal=+0.25 obs=191 hard=190 obsc=191 yr=  0  nz=0.08 flt=0.01 dmap=+0/-0 shz=4.0 plan=23 cmd=(lx=+0.00,ly=+0.40,rx=+0.00)
  t= 23.2 DWA-F pos=(-1.39,-0.20) yaw=+167.5 d=4.65 goal_err=-32 carrot_err= -14 c0=1.41 clear=0.94 prog=0.32 rel=0.92 bal=+0.25 obs=192 hard=189 obsc=192 yr=  0  nz=0.08 flt=0.02 dmap=+1/-0 shz=4.0 plan=22 cmd=(lx=+0.00,ly=+0.40,rx=+0.00)
  t= 23.6 DWA-F pos=(-1.43,-0.19) yaw=+167.5 d=4.61 goal_err=-32 carrot_err= -14 c0=1.37 clear=0.91 prog=0.31 rel=0.91 bal=+0.25 obs=192 hard=189 obsc=192 yr=  0  nz=0.09 flt=0.02 dmap=+0/-0 shz=4.0 plan=22 cmd=(lx=+0.00,ly=+0.40,rx=+0.00)
  t= 24.1 DWA-F pos=(-1.48,-0.18) yaw=+167.5 d=4.58 goal_err=-32 carrot_err= -15 c0=1.32 clear=0.88 prog=0.31 rel=0.91 bal=+0.24 obs=190 hard=188 obsc=192 yr=  0  nz=0.09 flt=0.01 dmap=+0/-0 shz=4.0 plan=22 cmd=(lx=+0.00,ly=+0.40,rx=+0.00)
  t= 24.5 DWA-F pos=(-1.52,-0.17) yaw=+167.5 d=4.54 goal_err=-32 carrot_err= -16 c0=1.28 clear=0.85 prog=0.31 rel=0.92 bal=+0.11 obs=191 hard=189 obsc=191 yr=  0  nz=0.08 flt=0.01 dmap=+1/-0 shz=4.0 plan=22 cmd=(lx=+0.00,ly=+0.40,rx=+0.00)
  t= 24.9 DWA-F pos=(-1.57,-0.16) yaw=+167.5 d=4.49 goal_err=-33 carrot_err= -22 c0=1.23 clear=0.82 prog=0.32 rel=0.92 bal=+0.11 obs=193 hard=192 obsc=195 yr=  0  nz=0.08 flt=0.01 dmap=+4/-2 shz=4.0 plan=21 cmd=(lx=+0.00,ly=+0.40,rx=+0.00)
  t= 25.4 DWA-F pos=(-1.62,-0.15) yaw=+167.5 d=4.46 goal_err=-33 carrot_err= -23 c0=1.18 clear=0.79 prog=0.30 rel=0.92 bal=+0.11 obs=193 hard=190 obsc=193 yr=  0  nz=0.08 flt=0.02 dmap=+0/-0 shz=4.0 plan=21 cmd=(lx=+0.00,ly=+0.40,rx=+0.00)
  t= 25.8 DWA-F pos=(-1.66,-0.14) yaw=+167.5 d=4.42 goal_err=-33 carrot_err= -24 c0=1.14 clear=0.76 prog=0.30 rel=0.92 bal=+0.12 obs=192 hard=189 obsc=192 yr=  0  nz=0.08 flt=0.01 dmap=+0/-0 shz=4.0 plan=21 cmd=(lx=+0.00,ly=+0.40,rx=+0.00)
  t= 26.2 DWA-F pos=(-1.70,-0.13) yaw=+167.5 d=4.38 goal_err=-34 carrot_err= -25 c0=1.10 clear=0.73 prog=0.30 rel=0.92 bal=+0.12 obs=192 hard=190 obsc=192 yr=  0  nz=0.08 flt=0.01 dmap=+0/-0 shz=4.0 plan=21 cmd=(lx=+0.00,ly=+0.40,rx=+0.00)
  t= 26.7 DWA-F pos=(-1.76,-0.12) yaw=+167.5 d=4.34 goal_err=-34 carrot_err= -28 c0=1.04 clear=0.70 prog=0.32 rel=0.93 bal=+0.12 obs=193 hard=192 obsc=193 yr=  0  nz=0.07 flt=0.01 dmap=+1/-0 shz=4.0 plan=21 cmd=(lx=+0.00,ly=+0.40,rx=+0.00)
  t= 27.1 DWA-F pos=(-1.80,-0.11) yaw=+167.5 d=4.30 goal_err=-35 carrot_err= -29 c0=1.00 clear=0.67 prog=0.30 rel=0.92 bal=+0.11 obs=193 hard=191 obsc=194 yr=  0  nz=0.08 flt=0.02 dmap=+0/-0 shz=4.0 plan=21 cmd=(lx=+0.00,ly=+0.40,rx=+0.00)
  t= 27.6 DWA-F pos=(-1.85,-0.10) yaw=+167.5 d=4.26 goal_err=-35 carrot_err= -30 c0=0.96 clear=0.64 prog=0.30 rel=0.92 bal=+0.11 obs=195 hard=192 obsc=195 yr=  0  nz=0.08 flt=0.00 dmap=+0/-0 shz=4.0 plan=21 cmd=(lx=+0.00,ly=+0.40,rx=+0.00)
  t= 28.0 DWA-F pos=(-1.90,-0.09) yaw=+167.5 d=4.22 goal_err=-35 carrot_err= -32 c0=0.91 clear=0.60 prog=0.31 rel=0.93 bal=+0.10 obs=193 hard=190 obsc=194 yr=  0  nz=0.07 flt=0.00 dmap=+0/-1 shz=4.0 plan=20 cmd=(lx=+0.00,ly=+0.40,rx=+0.00)
  t= 28.4 DWA-F pos=(-1.94,-0.08) yaw=+165.5 d=4.18 goal_err=-34 carrot_err= -31 c0=0.87 clear=0.58 prog=0.30 rel=0.93 bal=+0.03 obs=195 hard=193 obsc=195 yr= 19G nz=0.07 flt=0.00 dmap=+0/-0 shz=4.0 plan=20 cmd=(lx=+0.00,ly=+0.40,rx=+0.00)
  t= 28.8 DWA-F pos=(-1.99,-0.06) yaw=+163.5 d=4.14 goal_err=-32 carrot_err= -31 c0=1.02 clear=0.68 prog=0.30 rel=0.89 bal=+0.01 obs=213 hard=213 obsc=215 yr=  0  nz=0.11 flt=0.01 dmap=+0/-0 shz=4.0 plan=20 cmd=(lx=+0.00,ly=+0.40,rx=+0.00)
  t= 29.3 DWA-F pos=(-2.03,-0.05) yaw=+163.5 d=4.11 goal_err=-32 carrot_err= -24 c0=1.17 clear=0.78 prog=0.30 rel=0.89 bal=-0.00 obs=211 hard=211 obsc=212 yr=  0  nz=0.11 flt=0.01 dmap=+0/-1 shz=4.0 plan=19 cmd=(lx=+0.00,ly=+0.40,rx=+0.00)
  t= 29.7 DWA-F pos=(-2.08,-0.04) yaw=+163.5 d=4.06 goal_err=-33 carrot_err= -25 c0=1.12 clear=0.75 prog=0.32 rel=0.85 bal=-0.02 obs=209 hard=211 obsc=213 yr=  0  nz=0.15 flt=0.01 dmap=+0/-4 shz=4.0 plan=19 cmd=(lx=+0.00,ly=+0.40,rx=+0.00)
  t= 30.1 DWA-F pos=(-2.12,-0.02) yaw=+163.5 d=4.02 goal_err=-33 carrot_err= -26 c0=1.08 clear=0.72 prog=0.30 rel=0.90 bal=-0.04 obs=212 hard=211 obsc=212 yr=  0  nz=0.10 flt=0.02 dmap=+0/-0 shz=4.0 plan=19 cmd=(lx=+0.00,ly=+0.40,rx=+0.00)
  t= 30.6 DWA-F pos=(-2.17,-0.01) yaw=+163.5 d=3.98 goal_err=-33 carrot_err= -27 c0=1.03 clear=0.69 prog=0.30 rel=0.92 bal=-0.19 obs=212 hard=209 obsc=212 yr=  0  nz=0.08 flt=0.00 dmap=+0/-0 shz=4.0 plan=19 cmd=(lx=+0.00,ly=+0.40,rx=+0.00)
  t= 31.0 DWA-F pos=(-2.21,+0.00) yaw=+163.5 d=3.95 goal_err=-34 carrot_err= -21 c0=0.99 clear=0.66 prog=0.30 rel=0.92 bal=-0.39 obs=213 hard=212 obsc=214 yr=  0  nz=0.08 flt=0.02 dmap=+1/-0 shz=4.0 plan=18 cmd=(lx=+0.00,ly=+0.40,rx=+0.00)
  t= 31.4 DWA-F pos=(-2.26,+0.02) yaw=+163.5 d=3.90 goal_err=-34 carrot_err= -22 c0=0.94 clear=0.62 prog=0.32 rel=0.93 bal=-0.54 obs=215 hard=212 obsc=215 yr=  0  nz=0.07 flt=0.00 dmap=+0/-0 shz=4.0 plan=18 cmd=(lx=+0.00,ly=+0.40,rx=+0.00)
  t= 31.9 DWA-F pos=(-2.30,+0.03) yaw=+163.5 d=3.87 goal_err=-35 carrot_err= -23 c0=0.90 clear=0.60 prog=0.30 rel=0.91 bal=-0.54 obs=216 hard=211 obsc=216 yr=  0  nz=0.09 flt=0.03 dmap=+0/-0 shz=4.0 plan=18 cmd=(lx=+0.00,ly=+0.40,rx=+0.00)
  t= 32.3 DWA-F pos=(-2.35,+0.04) yaw=+163.5 d=3.83 goal_err=-35 carrot_err= -24 c0=0.85 clear=0.57 prog=0.30 rel=0.92 bal=-0.54 obs=217 hard=213 obsc=218 yr=  0  nz=0.08 flt=0.02 dmap=+3/-1 shz=4.0 plan=17 cmd=(lx=+0.00,ly=+0.40,rx=+0.00)
  t= 32.7 DWA-F pos=(-2.39,+0.06) yaw=+163.5 d=3.79 goal_err=-35 carrot_err= -25 c0=0.81 clear=0.54 prog=0.30 rel=0.92 bal=-0.46 obs=216 hard=213 obsc=217 yr=  0  nz=0.08 flt=0.00 dmap=+1/-1 shz=4.0 plan=17 cmd=(lx=+0.00,ly=+0.40,rx=+0.00)
  t= 33.2 DWA-F pos=(-2.44,+0.07) yaw=+163.5 d=3.75 goal_err=-36 carrot_err= -27 c0=0.76 clear=0.51 prog=0.31 rel=0.92 bal=-0.44 obs=215 hard=212 obsc=216 yr=  0  nz=0.08 flt=0.03 dmap=+0/-0 shz=4.0 plan=17 cmd=(lx=+0.00,ly=+0.40,rx=+0.00)
  t= 33.6 DWA-F pos=(-2.49,+0.08) yaw=+161.5 d=3.71 goal_err=-34 carrot_err= -27 c0=0.92 clear=0.61 prog=0.29 rel=0.93 bal=-0.43 obs=215 hard=212 obsc=215 yr= 18G nz=0.07 flt=0.01 dmap=+0/-0 shz=4.0 plan=17 cmd=(lx=+0.00,ly=+0.40,rx=+0.00)
  t= 34.0 ENG-F pos=(-2.53,+0.10) yaw=+159.5 d=3.67 goal_err=-33 carrot_err= -26 c0=1.08 clear=0.72 prog=0.30 rel=0.81 bal=-0.43 obs=221 hard=218 obsc=221 yr=  0  nz=0.19 flt=0.02 dmap=+3/-0 shz=4.0 plan=17 cmd=(lx=+0.00,ly=+0.28,rx=+0.00)
  t= 34.4 ENG-F pos=(-2.56,+0.11) yaw=+159.5 d=3.64 goal_err=-33 carrot_err= -27 c0=1.04 clear=0.69 prog=0.29 rel=0.74 bal=-0.42 obs=221 hard=220 obsc=223 yr=  0  nz=0.26 flt=0.02 dmap=+0/-0 shz=4.0 plan=17 cmd=(lx=+0.00,ly=+0.28,rx=+0.00)
  t= 34.9 ENG-F pos=(-2.60,+0.13) yaw=+159.5 d=3.61 goal_err=-33 carrot_err= -28 c0=1.01 clear=0.67 prog=0.27 rel=0.77 bal=-0.31 obs=221 hard=222 obsc=224 yr=  0  nz=0.23 flt=0.01 dmap=+0/-0 shz=4.0 plan=17 cmd=(lx=+0.00,ly=+0.28,rx=+0.00)
  t= 35.3 ENG-F pos=(-2.63,+0.14) yaw=+159.5 d=3.58 goal_err=-34 carrot_err= -29 c0=0.97 clear=0.65 prog=0.26 rel=0.82 bal=-0.31 obs=220 hard=217 obsc=222 yr=  0  nz=0.18 flt=0.00 dmap=+2/-0 shz=4.0 plan=16 cmd=(lx=+0.00,ly=+0.28,rx=+0.00)
  t= 35.7 ENG-F pos=(-2.67,+0.15) yaw=+159.5 d=3.54 goal_err=-34 carrot_err= -30 c0=0.93 clear=0.62 prog=0.26 rel=0.92 bal=-0.36 obs=223 hard=220 obsc=225 yr=  0  nz=0.08 flt=0.03 dmap=+1/-0 shz=4.0 plan=16 cmd=(lx=+0.00,ly=+0.28,rx=+0.00)
  t= 36.2 ENG-F pos=(-2.71,+0.17) yaw=+159.5 d=3.51 goal_err=-34 carrot_err= -32 c0=0.89 clear=0.60 prog=0.25 rel=0.92 bal=-0.37 obs=224 hard=220 obsc=224 yr=  0  nz=0.08 flt=0.00 dmap=+0/-0 shz=4.0 plan=16 cmd=(lx=+0.00,ly=+0.28,rx=+0.00)
  t= 36.6 ENG-F pos=(-2.74,+0.18) yaw=+159.5 d=3.49 goal_err=-35 carrot_err= -33 c0=0.86 clear=0.57 prog=0.25 rel=0.91 bal=-0.31 obs=223 hard=220 obsc=223 yr=  0  nz=0.09 flt=0.01 dmap=+0/-0 shz=4.0 plan=16 cmd=(lx=+0.00,ly=+0.28,rx=+0.00)
  t= 37.0 ENG-F pos=(-2.77,+0.19) yaw=+159.5 d=3.46 goal_err=-35 carrot_err= -24 c0=0.83 clear=0.55 prog=0.25 rel=0.92 bal=-0.30 obs=225 hard=222 obsc=225 yr=  0  nz=0.08 flt=0.00 dmap=+1/-0 shz=4.0 plan=16 cmd=(lx=+0.00,ly=+0.28,rx=+0.00)
  t= 37.4 ENG-F pos=(-2.81,+0.20) yaw=+159.5 d=3.43 goal_err=-35 carrot_err= -25 c0=0.79 clear=0.53 prog=0.25 rel=0.93 bal=-0.30 obs=226 hard=223 obsc=228 yr=  0  nz=0.07 flt=0.01 dmap=+0/-0 shz=4.0 plan=16 cmd=(lx=+0.00,ly=+0.28,rx=+0.00)
  t= 37.8 ENG-F pos=(-2.84,+0.22) yaw=+159.5 d=3.40 goal_err=-36 carrot_err= -26 c0=0.76 clear=0.51 prog=0.23 rel=0.92 bal=-0.26 obs=227 hard=223 obsc=228 yr=  0  nz=0.08 flt=0.01 dmap=+0/-0 shz=4.0 plan=16 cmd=(lx=+0.00,ly=+0.28,rx=+0.00)
  t= 38.3 ENG-F pos=(-2.88,+0.23) yaw=+159.5 d=3.36 goal_err=-36 carrot_err= -27 c0=0.72 clear=0.48 prog=0.24 rel=0.91 bal=-0.27 obs=226 hard=222 obsc=227 yr=  0  nz=0.09 flt=0.00 dmap=+1/-1 shz=4.0 plan=16 cmd=(lx=+0.00,ly=+0.28,rx=+0.00)
  t= 38.7 ENG-F pos=(-2.91,+0.24) yaw=+157.5 d=3.34 goal_err=-34 carrot_err= -26 c0=0.71 clear=0.47 prog=0.23 rel=0.93 bal=-0.28 obs=226 hard=222 obsc=227 yr= 19G nz=0.07 flt=0.01 dmap=+0/-0 shz=4.0 plan=16 cmd=(lx=+0.00,ly=+0.28,rx=+0.00)
  t= 39.1 ENG-F pos=(-2.93,+0.25) yaw=+155.5 d=3.32 goal_err=-33 carrot_err= -25 c0=0.68 clear=0.46 prog=0.22 rel=0.94 bal=-0.28 obs=230 hard=225 obsc=230 yr=  0  nz=0.06 flt=0.00 dmap=+0/-0 shz=4.0 plan=16 cmd=(lx=+0.00,ly=+0.28,rx=+0.00)
  t= 39.6 ENG-F pos=(-2.97,+0.27) yaw=+155.5 d=3.29 goal_err=-33 carrot_err= -26 c0=0.65 clear=0.43 prog=0.22 rel=0.96 bal=-0.16 obs=230 hard=227 obsc=230 yr=  0  nz=0.04 flt=0.01 dmap=+1/-0 shz=4.0 plan=16 cmd=(lx=+0.00,ly=+0.28,rx=+0.00)
  t= 40.0 ENG-F pos=(-2.99,+0.28) yaw=+153.4 d=3.26 goal_err=-31 carrot_err= -25 c0=0.62 clear=0.41 prog=0.19 rel=0.94 bal=-0.17 obs=230 hard=227 obsc=230 yr= 19G nz=0.06 flt=0.00 dmap=+0/-0 shz=4.0 plan=16 cmd=(lx=+0.00,ly=+0.28,rx=+0.00)
  t= 40.4 ENG-F pos=(-3.01,+0.29) yaw=+151.4 d=3.24 goal_err=-29 carrot_err= -24 c0=0.60 clear=0.40 prog=0.18 rel=0.93 bal=-0.21 obs=231 hard=230 obsc=232 yr=  0  nz=0.07 flt=0.01 dmap=+0/-0 shz=4.0 plan=16 cmd=(lx=+0.00,ly=+0.28,rx=+0.00)
  t= 40.8 ENG-T pos=(-3.05,+0.31) yaw=+151.4 d=3.20 goal_err=-30 carrot_err= -26 c0=0.55 clear=0.37 prog=0.23 rel=0.93 bal=-0.22 obs=231 hard=228 obsc=231 yr=  0  nz=0.07 flt=0.02 dmap=+1/-0 shz=4.0 plan=16 cmd=(lx=+0.00,ly=+0.00,rx=+0.45)
  t= 41.3 ENG-F pos=(-3.07,+0.32) yaw=+147.4 d=3.18 goal_err=-26 carrot_err= -23 c0=0.54 clear=0.36 prog=0.20 rel=0.93 bal=-0.22 obs=231 hard=228 obsc=231 yr=  0  nz=0.07 flt=0.19 dmap=+0/-0 shz=4.0 plan=16 cmd=(lx=+0.00,ly=+0.28,rx=+0.00)
  t= 41.7 ENG-F pos=(-3.10,+0.34) yaw=+147.4 d=3.15 goal_err=-26 carrot_err= -20 c0=0.56 clear=0.38 prog=0.20 rel=0.95 bal=-0.23 obs=230 hard=229 obsc=233 yr=  0  nz=0.05 flt=0.00 dmap=+0/-0 shz=4.0 plan=15 cmd=(lx=+0.00,ly=+0.28,rx=+0.00)
  t= 42.1 ENG-F pos=(-3.12,+0.36) yaw=+145.4 d=3.13 goal_err=-24 carrot_err= -19 c0=0.54 clear=0.36 prog=0.22 rel=0.95 bal=-0.17 obs=227 hard=226 obsc=230 yr= 19G nz=0.05 flt=0.14 dmap=+0/-0 shz=4.0 plan=15 cmd=(lx=+0.00,ly=+0.28,rx=+0.00)
  t= 42.5 ENG-F pos=(-3.14,+0.37) yaw=+143.4 d=3.10 goal_err=-23 carrot_err= -17 c0=0.69 clear=0.46 prog=0.19 rel=0.96 bal=-0.16 obs=225 hard=225 obsc=228 yr=  0  nz=0.04 flt=0.00 dmap=+2/-3 shz=4.0 plan=15 cmd=(lx=+0.00,ly=+0.28,rx=+0.00)
  t= 43.0 ENG-F pos=(-3.17,+0.39) yaw=+141.4 d=3.07 goal_err=-21 carrot_err= -16 c0=0.66 clear=0.44 prog=0.21 rel=0.89 bal=-0.15 obs=226 hard=226 obsc=229 yr= 19G nz=0.12 flt=0.00 dmap=+0/-0 shz=4.0 plan=15 cmd=(lx=+0.00,ly=+0.28,rx=+0.00)
  t= 43.4 ENG-F pos=(-3.19,+0.41) yaw=+139.4 d=3.05 goal_err=-19 carrot_err= -15 c0=0.64 clear=0.43 prog=0.20 rel=0.88 bal=+0.47 obs=233 hard=229 obsc=233 yr=  0  nz=0.12 flt=0.00 dmap=+0/-0 shz=4.0 plan=15 cmd=(lx=+0.00,ly=+0.28,rx=+0.00)
  t= 43.8 ENG-F pos=(-3.20,+0.42) yaw=+135.4 d=3.04 goal_err=-15 carrot_err= -11 c0=0.89 clear=0.59 prog=0.17 rel=0.89 bal=+0.48 obs=236 hard=230 obsc=237 yr= 20  nz=0.11 flt=0.36 dmap=+4/-1 shz=4.0 plan=15 cmd=(lx=+0.00,ly=+0.28,rx=+0.00)
  t= 44.2 ENG-T pos=(-3.22,+0.44) yaw=+135.4 d=3.01 goal_err=-15 carrot_err= -11 c0=0.86 clear=0.57 prog=0.20 rel=0.83 bal=+0.49 obs=237 hard=232 obsc=237 yr=  0  nz=0.17 flt=0.00 dmap=+0/-0 shz=4.0 plan=15 cmd=(lx=+0.00,ly=+0.00,rx=+0.45)
  t= 44.7 ENG-GO pos=(-3.23,+0.45) yaw=+133.4 d=2.99 goal_err=-13 carrot_err= -10 c0=0.84 clear=0.56 prog=0.17 rel=0.82 bal=+0.50 obs=234 hard=234 obsc=237 yr=  0  nz=0.17 flt=0.01 dmap=+0/-0 shz=4.0 plan=15 cmd=(lx=+0.00,ly=+0.28,rx=+0.00)
  t= 45.1 ENG-GO pos=(-3.25,+0.47) yaw=+133.4 d=2.96 goal_err=-13 carrot_err= -10 c0=0.82 clear=0.55 prog=0.18 rel=0.86 bal=+0.51 obs=234 hard=232 obsc=234 yr=  0  nz=0.14 flt=0.02 dmap=+0/-0 shz=4.0 plan=15 cmd=(lx=+0.00,ly=+0.28,rx=+0.00)
  t= 45.5 ENG-GO pos=(-3.28,+0.50) yaw=+133.4 d=2.93 goal_err=-14 carrot_err= -11 c0=0.78 clear=0.52 prog=0.19 rel=0.95 bal=-0.12 obs=230 hard=232 obsc=235 yr=  0  nz=0.05 flt=0.01 dmap=+0/-0 shz=4.0 plan=15 cmd=(lx=+0.00,ly=+0.28,rx=+0.00)
  t= 46.0 ENG-GO pos=(-3.30,+0.52) yaw=+133.4 d=2.90 goal_err=-14 carrot_err=  -7 c0=0.76 clear=0.50 prog=0.21 rel=0.94 bal=+0.54 obs=231 hard=228 obsc=232 yr=  0  nz=0.06 flt=0.00 dmap=+1/-0 shz=4.0 plan=15 cmd=(lx=+0.00,ly=+0.28,rx=+0.00)
  t= 46.4 ENG-GO pos=(-3.32,+0.54) yaw=+133.4 d=2.87 goal_err=-14 carrot_err=  -5 c0=1.17 clear=0.78 prog=0.23 rel=0.78 bal=+0.56 obs=232 hard=228 obsc=232 yr=  0  nz=0.22 flt=0.00 dmap=+0/-0 shz=4.0 plan=13 cmd=(lx=+0.00,ly=+0.28,rx=+0.00)
  t= 46.8 ENG-GO pos=(-3.34,+0.56) yaw=+133.4 d=2.84 goal_err=-14 carrot_err=  -5 c0=1.15 clear=0.76 prog=0.24 rel=0.69 bal=+0.57 obs=231 hard=228 obsc=231 yr=  0  nz=0.31 flt=0.01 dmap=+1/-0 shz=4.0 plan=13 cmd=(lx=+0.00,ly=+0.28,rx=+0.00)
  t= 47.2 ENG-GO pos=(-3.36,+0.59) yaw=+133.4 d=2.81 goal_err=-14 carrot_err=  -5 c0=1.12 clear=0.74 prog=0.23 rel=0.72 bal=+0.02 obs=232 hard=231 obsc=233 yr=  0  nz=0.28 flt=0.03 dmap=+0/-0 shz=4.0 plan=13 cmd=(lx=+0.00,ly=+0.28,rx=+0.00)
  t= 47.6 ENG-GO pos=(-3.39,+0.62) yaw=+133.4 d=2.77 goal_err=-14 carrot_err=  -5 c0=1.17 clear=0.78 prog=0.25 rel=0.78 bal=+0.02 obs=233 hard=230 obsc=234 yr=  0  nz=0.22 flt=0.00 dmap=+0/-0 shz=4.0 plan=13 cmd=(lx=+0.00,ly=+0.28,rx=+0.00)
  t= 48.1 ENG-GO pos=(-3.41,+0.64) yaw=+133.4 d=2.74 goal_err=-15 carrot_err=  -6 c0=1.13 clear=0.76 prog=0.26 rel=0.96 bal=+0.02 obs=232 hard=232 obsc=235 yr=  0  nz=0.04 flt=0.02 dmap=+0/-3 shz=4.0 plan=13 cmd=(lx=+0.00,ly=+0.28,rx=+0.00)
  t= 48.5 ENG-GO pos=(-3.44,+0.67) yaw=+133.4 d=2.70 goal_err=-15 carrot_err=  -6 c0=1.10 clear=0.73 prog=0.27 rel=0.93 bal=+0.02 obs=231 hard=228 obsc=232 yr=  0  nz=0.07 flt=0.00 dmap=+0/-0 shz=4.0 plan=13 cmd=(lx=+0.00,ly=+0.28,rx=+0.00)
  t= 48.9 ENG-GO pos=(-3.46,+0.69) yaw=+133.4 d=2.67 goal_err=-15 carrot_err=  -6 c0=1.06 clear=0.71 prog=0.28 rel=0.92 bal=-0.02 obs=228 hard=229 obsc=232 yr=  0  nz=0.08 flt=0.02 dmap=+0/-0 shz=4.0 plan=13 cmd=(lx=+0.00,ly=+0.28,rx=+0.00)
  t= 49.4 ENG-GO pos=(-3.49,+0.73) yaw=+133.4 d=2.62 goal_err=-15 carrot_err=  -6 c0=1.02 clear=0.68 prog=0.28 rel=0.92 bal=+0.02 obs=229 hard=227 obsc=230 yr=  0  nz=0.08 flt=0.00 dmap=+1/-1 shz=4.0 plan=13 cmd=(lx=+0.00,ly=+0.28,rx=+0.00)
  t= 49.8 ENG-GO pos=(-3.52,+0.75) yaw=+133.4 d=2.59 goal_err=-15 carrot_err=  -5 c0=0.99 clear=0.66 prog=0.29 rel=0.92 bal=+0.02 obs=230 hard=228 obsc=230 yr=  0  nz=0.08 flt=0.00 dmap=+0/-0 shz=4.0 plan=12 cmd=(lx=+0.00,ly=+0.28,rx=+0.00)
  t= 50.2 ENG-GO pos=(-3.54,+0.78) yaw=+133.4 d=2.55 goal_err=-16 carrot_err=  -5 c0=0.95 clear=0.64 prog=0.29 rel=0.91 bal=+0.01 obs=230 hard=228 obsc=230 yr=  0  nz=0.09 flt=0.00 dmap=+0/-0 shz=4.0 plan=12 cmd=(lx=+0.00,ly=+0.28,rx=+0.00)
  t= 50.6 ENG-GO pos=(-3.57,+0.81) yaw=+133.4 d=2.52 goal_err=-16 carrot_err=  -5 c0=0.92 clear=0.61 prog=0.29 rel=0.92 bal=+0.01 obs=230 hard=228 obsc=230 yr=  0  nz=0.08 flt=0.00 dmap=+0/-0 shz=4.0 plan=12 cmd=(lx=+0.00,ly=+0.28,rx=+0.00)
  t= 51.0 ENG-GO pos=(-3.59,+0.83) yaw=+133.4 d=2.48 goal_err=-16 carrot_err=  -5 c0=0.89 clear=0.59 prog=0.29 rel=0.91 bal=+0.01 obs=230 hard=229 obsc=231 yr=  0  nz=0.09 flt=0.01 dmap=+0/-0 shz=4.0 plan=12 cmd=(lx=+0.00,ly=+0.28,rx=+0.00)
  t= 51.5 ENG-GO pos=(-3.62,+0.86) yaw=+133.4 d=2.45 goal_err=-16 carrot_err=  -5 c0=0.85 clear=0.57 prog=0.27 rel=0.92 bal=+0.00 obs=228 hard=227 obsc=229 yr=  0  nz=0.08 flt=0.02 dmap=+0/-0 shz=4.0 plan=12 cmd=(lx=+0.00,ly=+0.28,rx=+0.00)
  t= 51.9 ENG-GO pos=(-3.65,+0.89) yaw=+133.4 d=2.41 goal_err=-17 carrot_err=  -6 c0=0.81 clear=0.54 prog=0.29 rel=0.92 bal=-0.01 obs=231 hard=228 obsc=231 yr=  0  nz=0.08 flt=0.01 dmap=+1/-0 shz=4.0 plan=12 cmd=(lx=+0.00,ly=+0.28,rx=+0.00)
  t= 52.3 ENG-GO pos=(-3.67,+0.92) yaw=+133.4 d=2.37 goal_err=-17 carrot_err=  -6 c0=0.87 clear=0.58 prog=0.29 rel=0.92 bal=-0.13 obs=229 hard=228 obsc=231 yr=  0  nz=0.08 flt=0.00 dmap=+0/-0 shz=4.0 plan=12 cmd=(lx=+0.00,ly=+0.28,rx=+0.00)
  t= 52.7 ENG-GO pos=(-3.70,+0.94) yaw=+133.4 d=2.34 goal_err=-17 carrot_err=  -6 c0=0.84 clear=0.56 prog=0.29 rel=0.94 bal=-0.01 obs=228 hard=225 obsc=228 yr=  0  nz=0.06 flt=0.00 dmap=+0/-0 shz=4.0 plan=11 cmd=(lx=+0.00,ly=+0.28,rx=+0.00)
  t= 53.2 ENG-GO pos=(-3.72,+0.97) yaw=+133.4 d=2.30 goal_err=-17 carrot_err=  -6 c0=0.80 clear=0.54 prog=0.29 rel=0.94 bal=-0.02 obs=228 hard=225 obsc=228 yr=  0  nz=0.06 flt=0.01 dmap=+1/-0 shz=4.0 plan=11 cmd=(lx=+0.00,ly=+0.28,rx=+0.00)
  t= 53.6 ENG-GO pos=(-3.75,+1.00) yaw=+133.4 d=2.27 goal_err=-18 carrot_err=  -7 c0=0.77 clear=0.51 prog=0.29 rel=0.94 bal=-0.03 obs=227 hard=227 obsc=229 yr=  0  nz=0.06 flt=0.04 dmap=+0/-0 shz=4.0 plan=11 cmd=(lx=+0.00,ly=+0.28,rx=+0.00)
  t= 54.0 ENG-GO pos=(-3.77,+1.02) yaw=+133.4 d=2.23 goal_err=-18 carrot_err=  -7 c0=0.73 clear=0.49 prog=0.27 rel=0.92 bal=-0.04 obs=229 hard=228 obsc=229 yr=  0  nz=0.08 flt=0.01 dmap=+0/-0 shz=4.0 plan=11 cmd=(lx=+0.00,ly=+0.28,rx=+0.00)
  t= 54.4 ENG-GO pos=(-3.80,+1.05) yaw=+133.4 d=2.19 goal_err=-18 carrot_err=  -5 c0=0.69 clear=0.46 prog=0.28 rel=0.92 bal=-0.05 obs=228 hard=228 obsc=230 yr=  0  nz=0.08 flt=0.01 dmap=+0/-2 shz=4.0 plan=11 cmd=(lx=+0.00,ly=+0.28,rx=+0.00)
  t= 54.8 ENG-GO pos=(-3.83,+1.08) yaw=+133.4 d=2.16 goal_err=-19 carrot_err=  -5 c0=0.65 clear=0.44 prog=0.28 rel=0.91 bal=-0.06 obs=229 hard=225 obsc=229 yr=  0  nz=0.09 flt=0.00 dmap=+1/-0 shz=4.0 plan=11 cmd=(lx=+0.00,ly=+0.28,rx=+0.00)
  t= 55.3 ENG-GO pos=(-3.85,+1.11) yaw=+133.4 d=2.12 goal_err=-19 carrot_err=  -5 c0=0.62 clear=0.41 prog=0.28 rel=0.92 bal=-0.09 obs=229 hard=225 obsc=229 yr=  0  nz=0.08 flt=0.00 dmap=+0/-0 shz=4.0 plan=11 cmd=(lx=+0.00,ly=+0.28,rx=+0.00)
  t= 55.7 ENG-GO pos=(-3.88,+1.13) yaw=+133.4 d=2.09 goal_err=-19 carrot_err= -12 c0=0.59 clear=0.39 prog=0.28 rel=0.92 bal=-0.03 obs=227 hard=227 obsc=230 yr=  0  nz=0.08 flt=0.00 dmap=+1/-0 shz=4.0 plan=11 cmd=(lx=+0.00,ly=+0.28,rx=+0.00)
  t= 56.1 ENG-GO pos=(-3.90,+1.16) yaw=+133.4 d=2.05 goal_err=-20 carrot_err=  -6 c0=0.55 clear=0.37 prog=0.27 rel=0.92 bal=-0.02 obs=226 hard=226 obsc=227 yr=  0  nz=0.08 flt=0.01 dmap=+0/-1 shz=4.0 plan=10 cmd=(lx=+0.00,ly=+0.28,rx=+0.00)
  t= 56.5 ENG-GO pos=(-3.93,+1.19) yaw=+133.4 d=2.01 goal_err=-20 carrot_err=  -6 c0=0.51 clear=0.34 prog=0.28 rel=0.93 bal=+0.05 obs=226 hard=226 obsc=228 yr=  0  nz=0.07 flt=0.01 dmap=+1/-0 shz=4.0 plan=10 cmd=(lx=+0.00,ly=+0.28,rx=+0.00)
  t= 57.0 ENG-GO pos=(-3.96,+1.22) yaw=+133.4 d=1.98 goal_err=-20 carrot_err=  -6 c0=0.75 clear=0.50 prog=0.28 rel=0.84 bal=+0.05 obs=226 hard=225 obsc=227 yr=  0  nz=0.16 flt=0.01 dmap=+0/-0 shz=4.0 plan=10 cmd=(lx=+0.00,ly=+0.28,rx=+0.00)
  t= 57.4 ENG-GO pos=(-3.98,+1.24) yaw=+133.4 d=1.95 goal_err=-21 carrot_err= -20 c0=0.71 clear=0.48 prog=0.28 rel=0.81 bal=+0.05 obs=227 hard=225 obsc=227 yr=  0  nz=0.18 flt=0.01 dmap=+1/-0 shz=4.0 plan=10 cmd=(lx=+0.00,ly=+0.28,rx=+0.00)
  t= 57.8 ENG-GO pos=(-4.00,+1.27) yaw=+133.4 d=1.92 goal_err=-21 carrot_err= -15 c0=0.68 clear=0.46 prog=0.27 rel=0.83 bal=+0.05 obs=228 hard=228 obsc=229 yr=  0  nz=0.17 flt=0.00 dmap=+0/-0 shz=4.0 plan=10 cmd=(lx=+0.00,ly=+0.28,rx=+0.00)
  t= 58.3 ENG-GO pos=(-4.03,+1.29) yaw=+133.4 d=1.88 goal_err=-22 carrot_err= -16 c0=0.65 clear=0.43 prog=0.27 rel=0.93 bal=-0.05 obs=229 hard=229 obsc=230 yr=  0  nz=0.07 flt=0.00 dmap=+0/-0 shz=4.0 plan=10 cmd=(lx=+0.00,ly=+0.28,rx=+0.00)
  t= 58.7 ENG-GO pos=(-4.06,+1.32) yaw=+133.4 d=1.85 goal_err=-22 carrot_err= -22 c0=0.61 clear=0.41 prog=0.26 rel=0.93 bal=-0.09 obs=227 hard=227 obsc=229 yr=  0  nz=0.07 flt=0.00 dmap=+0/-2 shz=4.0 plan=10 cmd=(lx=+0.00,ly=+0.28,rx=+0.00)
  t= 59.1 ENG-GO pos=(-4.08,+1.34) yaw=+133.4 d=1.82 goal_err=-22 carrot_err= -23 c0=0.58 clear=0.39 prog=0.25 rel=0.93 bal=+0.56 obs=227 hard=225 obsc=228 yr=  0  nz=0.07 flt=0.00 dmap=+2/-1 shz=4.0 plan=9 cmd=(lx=+0.00,ly=+0.28,rx=+0.00)
  t= 59.5 ENG-GO pos=(-4.10,+1.37) yaw=+133.4 d=1.79 goal_err=-23 carrot_err= -24 c0=0.55 clear=0.37 prog=0.25 rel=0.94 bal=+0.57 obs=227 hard=225 obsc=228 yr=  0  nz=0.07 flt=0.00 dmap=+0/-0 shz=4.0 plan=9 cmd=(lx=+0.00,ly=+0.28,rx=+0.00)
  t= 60.0 ENG-GO pos=(-4.12,+1.39) yaw=+133.4 d=1.76 goal_err=-23 carrot_err= -24 c0=1.35 clear=0.90 prog=0.24 rel=0.93 bal=+0.59 obs=226 hard=226 obsc=228 yr=  0  nz=0.07 flt=0.00 dmap=+1/-2 shz=4.0 plan=9 cmd=(lx=+0.00,ly=+0.28,rx=+0.00)
  t= 60.4 ENG-GO pos=(-4.14,+1.41) yaw=+133.4 d=1.73 goal_err=-24 carrot_err= -25 c0=1.32 clear=0.88 prog=0.24 rel=0.47 bal=+0.60 obs=226 hard=225 obsc=226 yr=  0  nz=0.53 flt=0.01 dmap=+0/-0 shz=4.0 plan=9 cmd=(lx=+0.00,ly=+0.28,rx=+0.00)
  t= 60.8 ENG-GO pos=(-4.16,+1.43) yaw=+133.4 d=1.70 goal_err=-24 carrot_err= -26 c0=1.29 clear=0.86 prog=0.22 rel=0.44 bal=+0.61 obs=230 hard=229 obsc=231 yr=  0  nz=0.56 flt=0.01 dmap=+0/-0 shz=4.0 plan=9 cmd=(lx=+0.00,ly=+0.28,rx=+0.00)
  t= 61.2 ENG-GO pos=(-4.18,+1.45) yaw=+133.4 d=1.68 goal_err=-24 carrot_err= -27 c0=1.26 clear=0.84 prog=0.22 rel=0.46 bal=+0.62 obs=234 hard=231 obsc=234 yr=  0  nz=0.54 flt=0.00 dmap=+2/-0 shz=4.0 plan=9 cmd=(lx=+0.00,ly=+0.28,rx=+0.00)
  t= 61.6 ENG-GO pos=(-4.21,+1.49) yaw=+133.4 d=1.64 goal_err=-25 carrot_err= -29 c0=1.22 clear=0.81 prog=0.23 rel=0.92 bal=-0.04 obs=234 hard=232 obsc=235 yr=  0  nz=0.08 flt=0.02 dmap=+1/-1 shz=4.0 plan=9 cmd=(lx=+0.00,ly=+0.28,rx=+0.00)
  t= 62.1 ENG-GO pos=(-4.24,+1.51) yaw=+133.4 d=1.61 goal_err=-25 carrot_err= -21 c0=1.19 clear=0.79 prog=0.24 rel=0.93 bal=-0.62 obs=234 hard=230 obsc=235 yr=  0  nz=0.07 flt=0.01 dmap=+0/-0 shz=4.0 plan=9 cmd=(lx=+0.00,ly=+0.28,rx=+0.00)
  t= 62.5 ENG-GO pos=(-4.26,+1.54) yaw=+133.4 d=1.57 goal_err=-26 carrot_err= -22 c0=1.15 clear=0.77 prog=0.25 rel=0.92 bal=-0.64 obs=238 hard=236 obsc=239 yr=  0  nz=0.08 flt=0.00 dmap=+0/-0 shz=4.0 plan=8 cmd=(lx=+0.00,ly=+0.28,rx=+0.00)
  t= 62.9 ENG-GO pos=(-4.28,+1.56) yaw=+133.4 d=1.54 goal_err=-27 carrot_err= -23 c0=1.11 clear=0.74 prog=0.26 rel=0.93 bal=+0.17 obs=237 hard=235 obsc=239 yr=  0  nz=0.07 flt=0.00 dmap=+1/-2 shz=4.0 plan=8 cmd=(lx=+0.00,ly=+0.28,rx=+0.00)
  t= 63.3 ENG-GO pos=(-4.31,+1.59) yaw=+133.4 d=1.51 goal_err=-27 carrot_err= -24 c0=1.08 clear=0.72 prog=0.25 rel=0.93 bal=+0.18 obs=235 hard=233 obsc=236 yr=  0  nz=0.07 flt=0.02 dmap=+0/-0 shz=4.0 plan=8 cmd=(lx=+0.00,ly=+0.28,rx=+0.00)
  t= 63.8 ENG-GO pos=(-4.34,+1.62) yaw=+133.4 d=1.47 goal_err=-28 carrot_err= -25 c0=1.04 clear=0.69 prog=0.27 rel=0.92 bal=+0.18 obs=237 hard=235 obsc=239 yr=  0  nz=0.08 flt=0.00 dmap=+0/-0 shz=4.0 plan=8 cmd=(lx=+0.00,ly=+0.28,rx=+0.00)
  t= 64.2 ENG-GO pos=(-4.37,+1.65) yaw=+133.4 d=1.44 goal_err=-29 carrot_err= -26 c0=1.00 clear=0.67 prog=0.27 rel=0.93 bal=-0.39 obs=237 hard=235 obsc=238 yr=  0  nz=0.07 flt=0.00 dmap=+1/-2 shz=4.0 plan=8 cmd=(lx=+0.00,ly=+0.28,rx=+0.00)
  t= 64.6 ENG-GO pos=(-4.39,+1.67) yaw=+133.4 d=1.41 goal_err=-29 carrot_err= -27 c0=0.97 clear=0.64 prog=0.26 rel=0.92 bal=-0.40 obs=230 hard=227 obsc=230 yr=  0  nz=0.08 flt=0.00 dmap=+1/-0 shz=4.0 plan=8 cmd=(lx=+0.00,ly=+0.28,rx=+0.00)
  t= 65.0 ENG-GO pos=(-4.41,+1.70) yaw=+133.4 d=1.38 goal_err=-30 carrot_err= -32 c0=0.93 clear=0.62 prog=0.26 rel=0.93 bal=-0.52 obs=230 hard=228 obsc=231 yr=  0  nz=0.07 flt=0.00 dmap=+0/-0 shz=4.0 plan=8 cmd=(lx=+0.00,ly=+0.28,rx=+0.00)
  t= 65.4 ENG-GO pos=(-4.44,+1.73) yaw=+133.4 d=1.34 goal_err=-31 carrot_err= -33 c0=0.90 clear=0.60 prog=0.26 rel=0.93 bal=-0.53 obs=230 hard=227 obsc=230 yr=  0  nz=0.07 flt=0.00 dmap=+0/-0 shz=4.0 plan=7 cmd=(lx=+0.00,ly=+0.28,rx=+0.00)
  t= 65.9 DWA-F pos=(-4.46,+1.75) yaw=+133.4 d=1.31 goal_err=-32 carrot_err= -34 c0=0.86 clear=0.57 prog=0.25 rel=0.92 bal=-0.55 obs=230 hard=227 obsc=230 yr=  0  nz=0.08 flt=0.00 dmap=+0/-0 shz=4.0 plan=7 cmd=(lx=+0.00,ly=+0.40,rx=+0.45)
  t= 66.3 DWA-F pos=(-4.50,+1.79) yaw=+125.4 d=1.27 goal_err=-25 carrot_err= -28 c0=0.81 clear=0.54 prog=0.27 rel=0.91 bal=-0.47 obs=231 hard=228 obsc=231 yr= 19  nz=0.09 flt=0.12 dmap=+1/-0 shz=4.0 plan=7 cmd=(lx=+0.00,ly=+0.40,rx=+0.00)
  t= 66.7 DWA-F pos=(-4.52,+1.83) yaw=+125.4 d=1.23 goal_err=-26 carrot_err= -30 c0=0.88 clear=0.59 prog=0.29 rel=0.91 bal=-0.44 obs=228 hard=228 obsc=230 yr=  0  nz=0.09 flt=0.00 dmap=+0/-3 shz=4.0 plan=7 cmd=(lx=+0.00,ly=+0.40,rx=+0.45)
  t= 67.2 DWA-F pos=(-4.55,+1.87) yaw=+119.4 d=1.19 goal_err=-21 carrot_err= -25 c0=0.84 clear=0.56 prog=0.30 rel=0.93 bal=-0.36 obs=229 hard=228 obsc=229 yr= 18  nz=0.07 flt=0.02 dmap=+0/-0 shz=4.0 plan=7 cmd=(lx=+0.00,ly=+0.40,rx=+0.00)
  t= 67.6 DWA-F pos=(-4.57,+1.91) yaw=+119.4 d=1.15 goal_err=-21 carrot_err= -15 c0=0.80 clear=0.53 prog=0.32 rel=0.94 bal=-0.37 obs=229 hard=228 obsc=230 yr=  0  nz=0.06 flt=0.01 dmap=+0/-0 shz=4.0 plan=7 cmd=(lx=+0.00,ly=+0.40,rx=+0.00)
  t= 68.0 DWA-F pos=(-4.59,+1.94) yaw=+119.4 d=1.10 goal_err=-22 carrot_err= -16 c0=0.76 clear=0.51 prog=0.32 rel=0.94 bal=-0.46 obs=230 hard=228 obsc=230 yr=  0  nz=0.06 flt=0.01 dmap=+0/-0 shz=4.0 plan=7 cmd=(lx=+0.00,ly=+0.40,rx=+0.00)
  t= 68.4 DWA-F pos=(-4.62,+1.99) yaw=+119.4 d=1.05 goal_err=-23 carrot_err= -17 c0=0.99 clear=0.66 prog=0.34 rel=0.91 bal=-0.46 obs=233 hard=231 obsc=234 yr=  0  nz=0.09 flt=0.02 dmap=+4/-2 shz=4.0 plan=7 cmd=(lx=+0.00,ly=+0.40,rx=+0.00)
  t= 68.9 DWA-F pos=(-4.64,+2.03) yaw=+119.4 d=1.01 goal_err=-24 carrot_err= -18 c0=0.95 clear=0.63 prog=0.34 rel=0.84 bal=-0.47 obs=231 hard=230 obsc=233 yr=  0  nz=0.16 flt=0.01 dmap=+0/-0 shz=4.0 plan=6 cmd=(lx=+0.00,ly=+0.40,rx=+0.00)
  t= 69.3 DWA-F pos=(-4.66,+2.07) yaw=+119.4 d=0.98 goal_err=-25 carrot_err= -19 c0=0.91 clear=0.61 prog=0.33 rel=0.84 bal=-0.49 obs=231 hard=229 obsc=234 yr=  0  nz=0.16 flt=0.04 dmap=+0/-0 shz=4.0 plan=6 cmd=(lx=+0.00,ly=+0.40,rx=+0.00)
  t= 69.7 DWA-F pos=(-4.68,+2.10) yaw=+119.4 d=0.94 goal_err=-26 carrot_err= -22 c0=1.28 clear=0.85 prog=0.33 rel=0.73 bal=-0.44 obs=230 hard=229 obsc=233 yr=  0  nz=0.27 flt=0.00 dmap=+0/-1 shz=4.0 plan=6 cmd=(lx=+0.00,ly=+0.40,rx=+0.00)
  t= 70.1 DWA-F pos=(-4.70,+2.14) yaw=+119.4 d=0.90 goal_err=-28 carrot_err= -23 c0=1.24 clear=0.83 prog=0.30 rel=0.74 bal=-0.44 obs=232 hard=230 obsc=233 yr=  0  nz=0.26 flt=0.01 dmap=+0/-0 shz=4.0 plan=6 cmd=(lx=+0.00,ly=+0.40,rx=+0.00)
  t= 70.6 DWA-F pos=(-4.73,+2.19) yaw=+119.4 d=0.85 goal_err=-29 carrot_err= -24 c0=1.19 clear=0.79 prog=0.32 rel=0.76 bal=-0.54 obs=231 hard=229 obsc=234 yr=  0  nz=0.24 flt=0.01 dmap=+1/-0 shz=4.0 plan=5 cmd=(lx=+0.00,ly=+0.40,rx=+0.00)
  t= 71.0 DWA-F pos=(-4.75,+2.23) yaw=+119.4 d=0.81 goal_err=-31 carrot_err= -26 c0=1.15 clear=0.77 prog=0.31 rel=0.81 bal=-0.43 obs=231 hard=228 obsc=232 yr=  0  nz=0.19 flt=0.01 dmap=+1/-1 shz=4.0 plan=5 cmd=(lx=+0.00,ly=+0.40,rx=+0.00)
  t= 71.4 DWA-F pos=(-4.77,+2.27) yaw=+119.4 d=0.78 goal_err=-33 carrot_err= -27 c0=1.11 clear=0.74 prog=0.31 rel=0.92 bal=-0.43 obs=233 hard=231 obsc=234 yr=  0  nz=0.08 flt=0.00 dmap=+1/-0 shz=4.0 plan=5 cmd=(lx=+0.00,ly=+0.40,rx=+0.00)
  t= 71.9 DWA-F pos=(-4.80,+2.31) yaw=+117.4 d=0.73 goal_err=-33 carrot_err= -27 c0=1.05 clear=0.70 prog=0.32 rel=0.93 bal=-0.42 obs=233 hard=231 obsc=234 yr= 18G nz=0.07 flt=0.00 dmap=+0/-0 shz=4.0 plan=5 cmd=(lx=+0.00,ly=+0.40,rx=+0.00)
  t= 72.3 DWA-F pos=(-4.82,+2.35) yaw=+115.3 d=0.69 goal_err=-33 carrot_err= -27 c0=1.01 clear=0.68 prog=0.31 rel=0.92 bal=-0.42 obs=247 hard=245 obsc=249 yr=  0  nz=0.08 flt=0.02 dmap=+0/-0 shz=4.0 plan=5 cmd=(lx=+0.00,ly=+0.40,rx=+0.00)
  t= 72.7 DWA-F pos=(-4.84,+2.39) yaw=+115.3 d=0.66 goal_err=-35 carrot_err= -29 c0=0.98 clear=0.66 prog=0.31 rel=0.92 bal=-0.42 obs=248 hard=247 obsc=251 yr=  0G nz=0.08 flt=0.01 dmap=+0/-0 shz=4.0 plan=5 cmd=(lx=+0.00,ly=+0.40,rx=+0.45)
  t= 73.1 DWA-F pos=(-4.86,+2.43) yaw=+111.3 d=0.62 goal_err=-33 carrot_err= -27 c0=0.94 clear=0.63 prog=0.30 rel=0.93 bal=-0.42 obs=250 hard=247 obsc=251 yr=  0  nz=0.07 flt=0.05 dmap=+0/-0 shz=4.0 plan=5 cmd=(lx=+0.00,ly=+0.40,rx=+0.00)
  t= 73.6 DWA-F pos=(-4.87,+2.48) yaw=+107.3 d=0.58 goal_err=-32 carrot_err= -25 c0=0.90 clear=0.60 prog=0.30 rel=0.92 bal=-0.40 obs=247 hard=247 obsc=252 yr= 19  nz=0.08 flt=0.01 dmap=+0/-0 shz=4.0 plan=4 cmd=(lx=+0.00,ly=+0.40,rx=+0.00)
  t= 74.0 DWA-F pos=(-4.89,+2.53) yaw=+105.3 d=0.53 goal_err=-32 carrot_err= -26 c0=0.84 clear=0.56 prog=0.30 rel=0.91 bal=-0.39 obs=244 hard=243 obsc=247 yr=  0  nz=0.09 flt=0.01 dmap=+0/-1 shz=4.0 plan=4 cmd=(lx=+0.00,ly=+0.40,rx=+0.00)
  t= 74.4 DWA-F pos=(-4.90,+2.57) yaw=+101.3 d=0.50 goal_err=-31 carrot_err= -24 c0=0.97 clear=0.65 prog=0.30 rel=0.90 bal=-0.39 obs=244 hard=243 obsc=247 yr= 19G nz=0.10 flt=0.01 dmap=+0/-0 shz=4.0 plan=4 cmd=(lx=+0.00,ly=+0.40,rx=+0.00)
  t= 74.8 DWA-T pos=(-4.90,+2.59) yaw= +99.3 d=0.48 goal_err=-30 carrot_err= -23 c0=0.95 clear=0.63 prog=0.27 rel=0.91 bal=-0.17 obs=243 hard=243 obsc=246 yr=  0  nz=0.09 flt=0.01 dmap=+0/-0 shz=4.0 plan=3 cmd=(lx=+0.00,ly=+0.00,rx=+0.00)
  t= 75.3 DWA-T pos=(-4.90,+2.59) yaw= +99.3 d=0.48 goal_err=-30 carrot_err= -23 c0=0.95 clear=0.63 prog=0.21 rel=0.91 bal=-0.17 obs=243 hard=243 obsc=246 yr=  0  nz=0.09 flt=0.01 dmap=+0/-0 shz=4.0 plan=3 cmd=(lx=+0.00,ly=+0.00,rx=+0.00)
  t= 75.7 DWA-T pos=(-4.90,+2.59) yaw= +99.3 d=0.48 goal_err=-30 carrot_err= -23 c0=0.95 clear=0.63 prog=0.12 rel=0.91 bal=-0.17 obs=243 hard=243 obsc=246 yr=  0  nz=0.09 flt=0.01 dmap=+0/-0 shz=4.0 plan=3 cmd=(lx=+0.00,ly=+0.00,rx=+0.00)
  t= 76.1 BRK-BK pos=(-4.90,+2.58) yaw= +99.3 d=0.49 goal_err=-30 carrot_err= -23 c0=0.96 clear=0.64 prog=0.04 rel=0.91 bal=-0.17 obs=243 hard=243 obsc=246 yr=  0  nz=0.09 flt=0.01 dmap=+0/-0 shz=4.0 plan=0 cmd=(lx=+0.00,ly=-0.35,rx=+0.00)
  t= 76.6 BRK-TR pos=(-4.89,+2.54) yaw= +97.3 d=0.53 goal_err=-25 carrot_err= -19 c0=1.00 clear=0.67 prog=0.00 rel=0.98 bal=-0.17 obs=242 hard=242 obsc=244 yr= 19G nz=0.02 flt=0.04 dmap=+0/-0 shz=3.7 plan=0 cmd=(lx=+0.00,ly=+0.00,rx=+0.45)
  t= 77.0 BRK-TR pos=(-4.89,+2.54) yaw= +89.3 d=0.53 goal_err=-17 carrot_err= -11 c0=1.17 clear=0.78 prog=0.00 rel=0.85 bal=-0.18 obs=242 hard=243 obsc=244 yr= 19G nz=0.15 flt=0.00 dmap=+0/-0 shz=3.7 plan=0 cmd=(lx=+0.00,ly=+0.00,rx=+0.45)
  t= 77.4 BRK-TR pos=(-4.89,+2.54) yaw= +81.3 d=0.53 goal_err=-9 carrot_err=  -3 c0=1.17 clear=0.78 prog=0.00 rel=0.85 bal=-0.27 obs=243 hard=244 obsc=245 yr= 19G nz=0.15 flt=0.18 dmap=+0/-0 shz=3.7 plan=0 cmd=(lx=+0.00,ly=+0.00,rx=+0.45)
  t= 77.8 BRK-TR pos=(-4.89,+2.54) yaw= +73.2 d=0.53 goal_err=-1 carrot_err=  +5 c0=1.10 clear=0.74 prog=0.00 rel=0.87 bal=-0.31 obs=243 hard=244 obsc=245 yr= 19G nz=0.13 flt=0.01 dmap=+0/-0 shz=3.7 plan=0 cmd=(lx=+0.00,ly=+0.00,rx=+0.45)
  t= 78.2 BRK-TR pos=(-4.89,+2.54) yaw= +63.2 d=0.53 goal_err=+9 carrot_err= +15 c0=1.10 clear=0.74 prog=0.00 rel=0.95 bal=-0.21 obs=246 hard=247 obsc=248 yr= 19G nz=0.05 flt=0.00 dmap=+3/-0 shz=3.7 plan=0 cmd=(lx=+0.00,ly=+0.00,rx=+0.45)
  t= 78.7 BRK-TR pos=(-4.89,+2.54) yaw= +55.2 d=0.53 goal_err=+17 carrot_err= +23 c0=1.10 clear=0.74 prog=0.00 rel=0.94 bal=-0.21 obs=246 hard=247 obsc=248 yr= 19G nz=0.06 flt=0.16 dmap=+0/-0 shz=3.7 plan=0 cmd=(lx=+0.00,ly=+0.00,rx=+0.45)
  t= 79.1 DWA-T pos=(-4.89,+2.55) yaw= +51.2 d=0.51 goal_err=+21 carrot_err= +28 c0=1.09 clear=0.73 prog=0.02 rel=0.96 bal=-0.14 obs=245 hard=242 obsc=246 yr=  0  nz=0.04 flt=0.01 dmap=+0/-0 shz=3.7 plan=3 cmd=(lx=+0.00,ly=+0.00,rx=+0.00)
  t= 79.5 DWA-T pos=(-4.88,+2.56) yaw= +51.2 d=0.51 goal_err=+21 carrot_err= +28 c0=1.08 clear=0.72 prog=0.03 rel=0.98 bal=-0.14 obs=242 hard=241 obsc=245 yr=  0  nz=0.02 flt=0.00 dmap=+0/-3 shz=3.7 plan=3 cmd=(lx=+0.00,ly=+0.00,rx=+0.00)
  t= 80.0 DWA-T pos=(-4.88,+2.56) yaw= +51.2 d=0.51 goal_err=+21 carrot_err= +28 c0=1.08 clear=0.72 prog=0.03 rel=0.98 bal=-0.14 obs=242 hard=241 obsc=245 yr=  0  nz=0.02 flt=0.00 dmap=+0/-0 shz=3.7 plan=3 cmd=(lx=+0.00,ly=+0.00,rx=+0.00)
  t= 80.4 DWA-T pos=(-4.88,+2.56) yaw= +51.2 d=0.51 goal_err=+21 carrot_err= +28 c0=1.08 clear=0.72 prog=0.03 rel=0.98 bal=-0.14 obs=242 hard=241 obsc=245 yr=  0  nz=0.02 flt=0.00 dmap=+0/-0 shz=3.7 plan=0 cmd=(lx=+0.00,ly=+0.00,rx=+0.00)
  t= 80.8 BRK-BK pos=(-4.90,+2.54) yaw= +51.2 d=0.53 goal_err=+20 carrot_err= +27 c0=1.11 clear=0.74 prog=0.00 rel=0.99 bal=-0.14 obs=241 hard=238 obsc=242 yr=  0  nz=0.01 flt=0.00 dmap=+0/-0 shz=3.5 plan=0 cmd=(lx=+0.00,ly=-0.35,rx=+0.00)
  t= 81.2 BRK-TR pos=(-4.91,+2.52) yaw= +47.2 d=0.55 goal_err=+24 carrot_err= +30 c0=1.13 clear=0.76 prog=0.00 rel=0.96 bal=-0.14 obs=241 hard=238 obsc=242 yr= 19G nz=0.04 flt=0.05 dmap=+0/-0 shz=3.5 plan=0 cmd=(lx=+0.00,ly=+0.00,rx=+0.45)
  t= 81.7 BRK-TR pos=(-4.91,+2.52) yaw= +39.1 d=0.55 goal_err=+32 carrot_err= +38 c0=1.13 clear=0.76 prog=0.00 rel=0.96 bal=-0.08 obs=241 hard=238 obsc=242 yr= 19G nz=0.04 flt=0.00 dmap=+0/-0 shz=3.5 plan=0 cmd=(lx=+0.00,ly=+0.00,rx=+0.45)
  t= 82.1 BRK-TR pos=(-4.91,+2.52) yaw= +29.1 d=0.55 goal_err=+42 carrot_err= +48 c0=1.13 clear=0.76 prog=0.00 rel=0.97 bal=-0.08 obs=241 hard=238 obsc=242 yr= 19G nz=0.03 flt=0.00 dmap=+0/-0 shz=3.5 plan=0 cmd=(lx=+0.00,ly=+0.00,rx=+0.45)
  t= 82.5 BRK-TR pos=(-4.91,+2.52) yaw= +21.1 d=0.55 goal_err=+50 carrot_err= +56 c0=1.27 clear=0.85 prog=0.00 rel=0.91 bal=+0.05 obs=241 hard=240 obsc=242 yr= 19G nz=0.09 flt=0.00 dmap=+0/-0 shz=3.5 plan=0 cmd=(lx=+0.00,ly=+0.00,rx=+0.45)
  t= 82.9 BRK-TR pos=(-4.91,+2.52) yaw= +13.1 d=0.55 goal_err=+58 carrot_err= +64 c0=1.31 clear=0.88 prog=0.00 rel=0.87 bal=+0.11 obs=241 hard=240 obsc=242 yr= 19G nz=0.13 flt=0.12 dmap=+0/-0 shz=3.5 plan=0 cmd=(lx=+0.00,ly=+0.00,rx=+0.45)
  t= 83.4 DWA-F pos=(-4.91,+2.52) yaw=  +5.1 d=0.55 goal_err=+66 carrot_err= +72 c0=1.16 clear=0.77 prog=0.00 rel=0.87 bal=+0.11 obs=241 hard=240 obsc=242 yr= 19G nz=0.13 flt=0.00 dmap=+0/-0 shz=3.5 plan=3 cmd=(lx=+0.00,ly=+0.28,rx=-0.45)
  t= 83.8 DWA-F pos=(-4.90,+2.52) yaw=  +5.1 d=0.55 goal_err=+67 carrot_err= +73 c0=1.14 clear=0.76 prog=0.01 rel=0.88 bal=+0.11 obs=241 hard=240 obsc=242 yr= 19G nz=0.12 flt=0.11 dmap=+0/-0 shz=3.5 plan=3 cmd=(lx=+0.00,ly=+0.28,rx=-0.45)
  t= 84.2 DWA-F pos=(-4.86,+2.52) yaw= +15.1 d=0.53 goal_err=+60 carrot_err= +67 c0=1.27 clear=0.84 prog=0.03 rel=0.87 bal=+0.06 obs=241 hard=240 obsc=242 yr= 19G nz=0.13 flt=0.03 dmap=+0/-0 shz=3.5 plan=3 cmd=(lx=+0.00,ly=+0.28,rx=-0.45)
  t= 84.7 DWA-F pos=(-4.84,+2.53) yaw= +23.1 d=0.52 goal_err=+55 carrot_err= +62 c0=1.21 clear=0.80 prog=0.06 rel=0.82 bal=+0.11 obs=241 hard=240 obsc=242 yr= 19G nz=0.12 flt=0.23 dmap=+0/-0 shz=3.5 plan=3 cmd=(lx=+0.00,ly=+0.28,rx=-0.45)
  t= 85.1 DWA-F pos=(-4.81,+2.55) yaw= +31.1 d=0.50 goal_err=+49 carrot_err= +57 c0=1.05 clear=0.70 prog=0.09 rel=0.91 bal=-0.03 obs=242 hard=241 obsc=243 yr= 18G nz=0.10 flt=0.03 dmap=+1/-0 shz=3.5 plan=3 cmd=(lx=+0.00,ly=+0.28,rx=-0.45)
  t= 85.5 DWA-F pos=(-4.79,+2.56) yaw= +39.1 d=0.48 goal_err=+44 carrot_err= +52 c0=1.02 clear=0.68 prog=0.12 rel=0.86 bal=-0.02 obs=243 hard=242 obsc=244 yr= 19G nz=0.14 flt=0.05 dmap=+0/-0 shz=3.5 plan=3 cmd=(lx=+0.00,ly=+0.28,rx=-0.45)
  t= 85.9 DWA-F pos=(-4.77,+2.58) yaw= +47.2 d=0.46 goal_err=+38 carrot_err= +47 c0=1.00 clear=0.67 prog=0.13 rel=0.83 bal=-0.02 obs=243 hard=242 obsc=244 yr= 19G nz=0.17 flt=0.11 dmap=+0/-0 shz=3.5 plan=3 cmd=(lx=+0.00,ly=+0.28,rx=-0.45)

  >>> MODO AGRESIVO ON (12s sin acercarse a B): reduzco inflado y holgura (min seguridad 0.24m) para cruzar la puerta.
  t= 86.4 AGR-DWA-F pos=(-4.75,+2.61) yaw= +57.2 d=0.43 goal_err=+31 carrot_err= +41 c0=0.96 clear=0.64 prog=0.16 rel=0.85 bal=-0.10 obs=244 hard=243 obsc=245 yr= 19G nz=0.15 flt=0.04 dmap=+0/-0 shz=3.5 plan=3 cmd=(lx=+0.00,ly=+0.28,rx=-0.45)
  t= 86.8 AGR-DWA-F pos=(-4.73,+2.63) yaw= +65.2 d=0.41 goal_err=+25 carrot_err= +35 c0=0.93 clear=0.62 prog=0.18 rel=0.86 bal=-0.17 obs=244 hard=243 obsc=245 yr= 19G nz=0.08 flt=0.06 dmap=+0/-0 shz=3.5 plan=3 cmd=(lx=+0.00,ly=+0.28,rx=-0.45)
  t= 87.2 AGR-DWA-T pos=(-4.72,+2.67) yaw= +73.2 d=0.37 goal_err=+19 carrot_err= +31 c0=0.90 clear=0.60 prog=0.21 rel=0.92 bal=-0.17 obs=244 hard=243 obsc=245 yr= 19  nz=0.08 flt=0.01 dmap=+0/-0 shz=3.5 plan=3 cmd=(lx=+0.00,ly=+0.00,rx=+0.00)
  t= 87.6 AGR-DWA-T pos=(-4.72,+2.67) yaw= +73.2 d=0.37 goal_err=+19 carrot_err= +31 c0=0.90 clear=0.60 prog=0.17 rel=0.94 bal=-0.17 obs=231 hard=228 obsc=234 yr=  0  nz=0.07 flt=0.00 dmap=+0/-0 shz=3.5 plan=3 cmd=(lx=+0.00,ly=+0.00,rx=+0.00)
  t= 88.1 AGR-DWA-T pos=(-4.72,+2.67) yaw= +73.2 d=0.37 goal_err=+19 carrot_err= +31 c0=0.90 clear=0.60 prog=0.12 rel=0.94 bal=-0.17 obs=231 hard=228 obsc=234 yr=  0  nz=0.07 flt=0.00 dmap=+0/-0 shz=3.5 plan=3 cmd=(lx=+0.00,ly=+0.00,rx=+0.00)
  t= 88.5 AGR-BRK-BK pos=(-4.72,+2.67) yaw= +73.2 d=0.37 goal_err=+19 carrot_err= +31 c0=0.90 clear=0.60 prog=0.08 rel=0.94 bal=-0.17 obs=231 hard=228 obsc=234 yr=  0  nz=0.07 flt=0.00 dmap=+0/-0 shz=3.5 plan=0 cmd=(lx=+0.00,ly=-0.35,rx=+0.00)
  t= 88.9 AGR-BRK-TR pos=(-4.73,+2.62) yaw= +73.2 d=0.42 goal_err=+16 carrot_err= +27 c0=0.95 clear=0.63 prog=0.00 rel=0.96 bal=-0.16 obs=229 hard=225 obsc=230 yr=  0G nz=0.04 flt=0.00 dmap=+0/-0 shz=3.3 plan=0 cmd=(lx=+0.00,ly=+0.00,rx=+0.45)
  t= 89.3 AGR-BRK-TR pos=(-4.74,+2.61) yaw= +67.2 d=0.43 goal_err=+22 carrot_err= +32 c0=0.96 clear=0.64 prog=0.00 rel=0.97 bal=-0.16 obs=229 hard=225 obsc=230 yr= 19G nz=0.03 flt=0.08 dmap=+0/-0 shz=3.2 plan=0 cmd=(lx=+0.00,ly=+0.00,rx=+0.45)
  t= 89.8 AGR-BRK-TR pos=(-4.74,+2.61) yaw= +59.2 d=0.43 goal_err=+30 carrot_err= +40 c0=0.96 clear=0.64 prog=0.00 rel=0.98 bal=-0.09 obs=229 hard=225 obsc=230 yr= 19G nz=0.02 flt=0.15 dmap=+0/-0 shz=3.3 plan=0 cmd=(lx=+0.00,ly=+0.00,rx=+0.45)
  t= 90.2 AGR-BRK-TR pos=(-4.74,+2.61) yaw= +51.2 d=0.43 goal_err=+38 carrot_err= +48 c0=0.96 clear=0.64 prog=0.00 rel=0.98 bal=-0.07 obs=229 hard=225 obsc=230 yr= 19G nz=0.02 flt=0.02 dmap=+0/-0 shz=3.2 plan=0 cmd=(lx=+0.00,ly=+0.00,rx=+0.45)
  t= 90.6 AGR-BRK-TR pos=(-4.74,+2.61) yaw= +43.2 d=0.43 goal_err=+46 carrot_err= +56 c0=0.96 clear=0.64 prog=0.00 rel=0.98 bal=-0.02 obs=229 hard=225 obsc=230 yr= 19G nz=0.02 flt=0.08 dmap=+0/-0 shz=3.2 plan=0 cmd=(lx=+0.00,ly=+0.00,rx=+0.45)
  t= 91.0 AGR-BRK-TR pos=(-4.74,+2.61) yaw= +35.1 d=0.43 goal_err=+54 carrot_err= +64 c0=0.96 clear=0.64 prog=0.00 rel=0.99 bal=+0.06 obs=229 hard=225 obsc=230 yr= 19G nz=0.01 flt=0.01 dmap=+0/-0 shz=3.3 plan=0 cmd=(lx=+0.00,ly=+0.00,rx=+0.45)
  t= 91.4 AGR-DWA-F pos=(-4.73,+2.61) yaw= +29.1 d=0.43 goal_err=+61 carrot_err= +71 c0=1.08 clear=0.72 prog=0.01 rel=0.92 bal=+0.06 obs=229 hard=225 obsc=230 yr= 19G nz=0.08 flt=0.11 dmap=+0/-0 shz=3.3 plan=3 cmd=(lx=+0.00,ly=+0.28,rx=-0.45)
  t= 91.9 AGR-DWA-F pos=(-4.71,+2.62) yaw= +37.1 d=0.42 goal_err=+56 carrot_err= +67 c0=0.93 clear=0.62 prog=0.03 rel=0.90 bal=+0.05 obs=229 hard=225 obsc=230 yr= 18G nz=0.10 flt=0.05 dmap=+0/-0 shz=3.3 plan=3 cmd=(lx=+0.00,ly=+0.28,rx=-0.45)
  t= 92.3 AGR-DWA-F pos=(-4.68,+2.64) yaw= +45.2 d=0.40 goal_err=+51 carrot_err= +63 c0=0.90 clear=0.60 prog=0.06 rel=0.90 bal=-0.05 obs=229 hard=225 obsc=230 yr= 18G nz=0.10 flt=0.02 dmap=+0/-0 shz=3.3 plan=3 cmd=(lx=+0.00,ly=+0.28,rx=-0.45)
  t= 92.7 AGR-DWA-F pos=(-4.67,+2.66) yaw= +53.2 d=0.38 goal_err=+46 carrot_err= +59 c0=0.87 clear=0.58 prog=0.09 rel=0.87 bal=-0.05 obs=229 hard=225 obsc=230 yr= 19G nz=0.13 flt=0.00 dmap=+0/-0 shz=3.3 plan=3 cmd=(lx=+0.00,ly=+0.28,rx=-0.45)
  t= 93.2 AGR-DWA-F pos=(-4.65,+2.69) yaw= +63.2 d=0.36 goal_err=+40 carrot_err= +53 c0=0.84 clear=0.56 prog=0.13 rel=0.93 bal=-0.10 obs=231 hard=227 obsc=232 yr= 18G nz=0.07 flt=0.00 dmap=+0/-0 shz=3.3 plan=3 cmd=(lx=+0.00,ly=+0.28,rx=-0.45)

  LLEGADO a 'B' (-4.73,+3.04); error=0.35 m, colisiones=0.
  [spill] derrames=0 E[N]=0.01 eta_max=1.07 riesgo=1.3%
  [dataset] travesia guardada -> /Users/adrianlendinezibanez/Claude/Projects/G1 ROBOT/dataset/20260708_134003_ours_B.json
  [stats] fila anadida -> /Users/adrianlendinezibanez/Claude/Projects/G1 ROBOT/dataset/runs_stats.csv

Fin goto.
  [META2-L2] estado guardado (meta2_state_abctrl.json): Pl={'Efficient_Nav': 1.0, 'Cautious_Nav': 0.94} derrames_run=0
  backend grafico: TkAgg
>>> SIM ADAPTER: conectando a rosbridge ws://localhost:8765 ...
  esperando /odom (hasta 30s; el mundo del lab tarda en cargar)... ok
  /odom OK pose=(+0.99,+0.57) | /scan: OK
  escenario LAB: mapa/waypoints/puerta REALES (lab.world solo-paredes, frame G1)

>>> GOTO 'B' -> (-4.73,+3.04). Mando en mano (L2+B). Ctrl+C aborta.
    ENTORNO: SIM (id: lab_v1_ab_ctrl)  — esta run se registra como SIMULACION, no cuenta como run de robot
  Esperando pose localizada y primera nube... ok.
  FRAME-CHECK start=(+0.99,+0.57) wp_mas_cercano=A(+0.99,+0.57) offset=0.00m  -> frame OK (pose y waypoints alineados)
  [spill] payload de agua simulado (semilla=20260708_134705_ours_B.json)
  META2 ACTIVO (techo por analogia): Meta-Reasoner 2.0, analogia inicial Cautious_Nav

  !!!!!!!!!!!!!!!!!!!!!!!!!!!!!!!!!!!!!!!!!!!!!!!!!!!!!!!!!!!!!!!!!!!!!!!!!!
  !!  VISION OFF (G1_PERC sin definir) pero G1_NOVIS=1: navego SIN vision bajo tu responsabilidad.
  !!  La MESA invisible al LiDAR no se vera.
  !!!!!!!!!!!!!!!!!!!!!!!!!!!!!!!!!!!!!!!!!!!!!!!!!!!!!!!!!!!!!!!!!!!!!!!!!!

  mapa de referencia: 961 celdas | muebles estaticos (nav_map): 0 celdas | plan global: static
  t=  0.0 DWA-F pos=(+0.99,+0.57) yaw=-120.3 d=6.23 goal_err=-83 carrot_err= -62 c0=2.25 clear=1.00 prog=0.00 rel=1.00 bal=+0.19 obs=108 hard=108 obsc=108 yr=  0  nz=0.00 flt=0.19 dmap=+108/-0 shz=0.0 plan=34 cmd=(lx=+0.00,ly=+0.40,rx=+0.45)
  t=  0.4 DWA-F pos=(+0.97,+0.53) yaw=-126.3 d=6.22 goal_err=-77 carrot_err= -59 c0=2.21 clear=1.00 prog=0.05 rel=0.99 bal=+0.28 obs=111 hard=111 obsc=111 yr= 19G nz=0.01 flt=0.12 dmap=+0/-0 shz=4.7 plan=34 cmd=(lx=+0.00,ly=+0.40,rx=+0.45)
  t=  0.9 DWA-F pos=(+0.93,+0.49) yaw=-134.4 d=6.21 goal_err=-70 carrot_err= -55 c0=2.28 clear=1.00 prog=0.09 rel=0.95 bal=+0.41 obs=112 hard=112 obsc=112 yr= 19G nz=0.04 flt=0.00 dmap=+0/-0 shz=4.0 plan=34 cmd=(lx=+0.00,ly=+0.40,rx=+0.45)
  t=  1.3 DWA-F pos=(+0.88,+0.45) yaw=-142.4 d=6.18 goal_err=-62 carrot_err= -35 c0=2.50 clear=1.00 prog=0.12 rel=0.95 bal=+0.41 obs=128 hard=127 obsc=158 yr= 20  nz=0.05 flt=0.05 dmap=+16/-0 shz=3.9 plan=34 cmd=(lx=+0.00,ly=+0.40,rx=+0.00)
  t=  1.7 DWA-F pos=(+0.84,+0.41) yaw=-142.4 d=6.16 goal_err=-63 carrot_err= -37 c0=2.50 clear=1.00 prog=0.14 rel=0.80 bal=+0.42 obs=154 hard=134 obsc=166 yr=  0  nz=0.20 flt=0.02 dmap=+7/-0 shz=4.1 plan=33 cmd=(lx=+0.00,ly=+0.40,rx=+0.45)
  t=  2.1 DWA-F pos=(+0.79,+0.37) yaw=-146.4 d=6.13 goal_err=-59 carrot_err= -36 c0=2.50 clear=1.00 prog=0.17 rel=0.78 bal=+0.43 obs=154 hard=134 obsc=166 yr= 19G nz=0.22 flt=0.00 dmap=+0/-0 shz=3.9 plan=33 cmd=(lx=+0.00,ly=+0.40,rx=+0.00)
  t=  2.6 DWA-F pos=(+0.73,+0.34) yaw=-150.4 d=6.10 goal_err=-56 carrot_err= -34 c0=2.50 clear=1.00 prog=0.21 rel=0.86 bal=+0.43 obs=156 hard=138 obsc=170 yr=  0  nz=0.14 flt=0.00 dmap=+0/-0 shz=4.1 plan=33 cmd=(lx=+0.00,ly=+0.40,rx=+0.00)
  t=  3.0 DWA-F pos=(+0.70,+0.32) yaw=-150.4 d=6.07 goal_err=-56 carrot_err= -35 c0=2.50 clear=1.00 prog=0.22 rel=0.99 bal=+0.44 obs=157 hard=150 obsc=168 yr=  0G nz=0.01 flt=0.00 dmap=+0/-0 shz=4.0 plan=33 cmd=(lx=+0.00,ly=+0.40,rx=+0.00)
  t=  3.4 DWA-F pos=(+0.66,+0.30) yaw=-152.4 d=6.04 goal_err=-55 carrot_err= -34 c0=2.50 clear=1.00 prog=0.22 rel=0.99 bal=+0.44 obs=157 hard=151 obsc=169 yr=  0  nz=0.01 flt=0.02 dmap=+0/-0 shz=4.0 plan=32 cmd=(lx=+0.00,ly=+0.40,rx=+0.00)
  t=  3.9 DWA-F pos=(+0.62,+0.28) yaw=-152.4 d=6.02 goal_err=-55 carrot_err= -36 c0=2.50 clear=1.00 prog=0.21 rel=0.98 bal=+0.37 obs=160 hard=156 obsc=169 yr=  0  nz=0.02 flt=0.00 dmap=+0/-0 shz=4.0 plan=32 cmd=(lx=+0.00,ly=+0.40,rx=+0.00)
  t=  4.3 DWA-F pos=(+0.57,+0.25) yaw=-156.4 d=5.99 goal_err=-51 carrot_err= -35 c0=2.50 clear=1.00 prog=0.21 rel=0.98 bal=+0.37 obs=161 hard=155 obsc=170 yr= 18  nz=0.02 flt=0.16 dmap=+1/-0 shz=4.0 plan=32 cmd=(lx=+0.00,ly=+0.40,rx=+0.00)
  t=  4.7 DWA-F pos=(+0.53,+0.23) yaw=-156.4 d=5.96 goal_err=-52 carrot_err= -21 c0=2.50 clear=1.00 prog=0.21 rel=0.99 bal=+0.39 obs=162 hard=159 obsc=171 yr=  0  nz=0.01 flt=0.00 dmap=+0/-0 shz=4.0 plan=32 cmd=(lx=+0.00,ly=+0.40,rx=+0.00)
  t=  5.2 DWA-F pos=(+0.49,+0.22) yaw=-156.4 d=5.93 goal_err=-52 carrot_err= -23 c0=2.50 clear=1.00 prog=0.21 rel=0.99 bal=+0.40 obs=162 hard=160 obsc=171 yr=  0  nz=0.01 flt=0.01 dmap=+0/-0 shz=4.0 plan=32 cmd=(lx=+0.00,ly=+0.40,rx=+0.00)
  t=  5.6 DWA-F pos=(+0.45,+0.20) yaw=-156.4 d=5.90 goal_err=-52 carrot_err= -24 c0=2.50 clear=1.00 prog=0.22 rel=0.99 bal=+0.41 obs=163 hard=162 obsc=171 yr=  0  nz=0.01 flt=0.02 dmap=+0/-0 shz=4.0 plan=32 cmd=(lx=+0.00,ly=+0.40,rx=+0.00)
  t=  6.0 DWA-F pos=(+0.40,+0.18) yaw=-156.4 d=5.88 goal_err=-53 carrot_err= -25 c0=2.50 clear=1.00 prog=0.21 rel=0.99 bal=+0.42 obs=163 hard=162 obsc=173 yr=  0  nz=0.01 flt=0.00 dmap=+1/-1 shz=4.0 plan=32 cmd=(lx=+0.00,ly=+0.40,rx=+0.00)
  t=  6.5 DWA-F pos=(+0.35,+0.16) yaw=-156.4 d=5.84 goal_err=-53 carrot_err= -27 c0=2.50 clear=1.00 prog=0.22 rel=0.99 bal=+0.43 obs=164 hard=161 obsc=172 yr=  0  nz=0.01 flt=0.00 dmap=+0/-0 shz=4.0 plan=31 cmd=(lx=+0.00,ly=+0.40,rx=+0.00)
  t=  6.9 DWA-F pos=(+0.31,+0.14) yaw=-156.4 d=5.82 goal_err=-53 carrot_err= -28 c0=2.50 clear=1.00 prog=0.22 rel=0.99 bal=+0.44 obs=165 hard=162 obsc=173 yr=  0  nz=0.01 flt=0.00 dmap=+0/-0 shz=4.0 plan=31 cmd=(lx=+0.00,ly=+0.40,rx=+0.00)
  t=  7.3 DWA-F pos=(+0.27,+0.12) yaw=-156.4 d=5.79 goal_err=-54 carrot_err= -16 c0=2.50 clear=1.00 prog=0.22 rel=0.99 bal=+0.45 obs=164 hard=163 obsc=172 yr=  0  nz=0.01 flt=0.01 dmap=+0/-0 shz=4.0 plan=31 cmd=(lx=+0.00,ly=+0.40,rx=+0.00)
  t=  7.7 DWA-F pos=(+0.23,+0.10) yaw=-156.4 d=5.77 goal_err=-54 carrot_err= -16 c0=2.50 clear=1.00 prog=0.22 rel=0.99 bal=+0.45 obs=163 hard=162 obsc=172 yr=  0  nz=0.01 flt=0.00 dmap=+0/-0 shz=4.0 plan=30 cmd=(lx=+0.00,ly=+0.40,rx=+0.00)
  t=  8.2 DWA-F pos=(+0.19,+0.09) yaw=-156.4 d=5.74 goal_err=-55 carrot_err= -17 c0=2.50 clear=1.00 prog=0.20 rel=0.99 bal=+0.46 obs=165 hard=163 obsc=173 yr=  0  nz=0.01 flt=0.01 dmap=+0/-0 shz=4.0 plan=30 cmd=(lx=+0.00,ly=+0.40,rx=+0.00)
  t=  8.6 DWA-F pos=(+0.14,+0.06) yaw=-156.4 d=5.71 goal_err=-55 carrot_err= -19 c0=2.49 clear=1.00 prog=0.21 rel=0.99 bal=+0.39 obs=169 hard=166 obsc=176 yr=  0  nz=0.01 flt=0.00 dmap=+2/-0 shz=4.0 plan=30 cmd=(lx=+0.00,ly=+0.40,rx=+0.00)
  t=  9.0 DWA-F pos=(+0.10,+0.05) yaw=-156.4 d=5.68 goal_err=-55 carrot_err= -21 c0=2.44 clear=1.00 prog=0.21 rel=0.96 bal=+0.40 obs=167 hard=167 obsc=177 yr=  0  nz=0.04 flt=0.00 dmap=+0/-2 shz=4.0 plan=30 cmd=(lx=+0.00,ly=+0.40,rx=+0.00)
  t=  9.5 DWA-F pos=(+0.06,+0.03) yaw=-156.4 d=5.66 goal_err=-56 carrot_err= -22 c0=2.40 clear=1.00 prog=0.21 rel=0.94 bal=+0.40 obs=168 hard=167 obsc=176 yr=  0  nz=0.06 flt=0.00 dmap=+0/-0 shz=4.0 plan=29 cmd=(lx=+0.00,ly=+0.40,rx=+0.00)
  t=  9.9 DWA-F pos=(+0.02,+0.01) yaw=-156.4 d=5.63 goal_err=-56 carrot_err= -23 c0=2.35 clear=1.00 prog=0.21 rel=0.92 bal=+0.40 obs=170 hard=170 obsc=179 yr=  0  nz=0.08 flt=0.01 dmap=+0/-0 shz=4.0 plan=29 cmd=(lx=+0.00,ly=+0.40,rx=+0.00)
  t= 10.3 DWA-F pos=(-0.03,-0.01) yaw=-156.4 d=5.60 goal_err=-57 carrot_err= -24 c0=2.30 clear=1.00 prog=0.21 rel=0.91 bal=+0.42 obs=172 hard=170 obsc=179 yr=  0  nz=0.09 flt=0.00 dmap=+0/-0 shz=4.0 plan=29 cmd=(lx=+0.00,ly=+0.40,rx=+0.00)
  t= 10.8 DWA-F pos=(-0.07,-0.03) yaw=-156.4 d=5.58 goal_err=-57 carrot_err= -26 c0=2.25 clear=1.00 prog=0.20 rel=0.91 bal=+0.44 obs=172 hard=170 obsc=179 yr=  0  nz=0.09 flt=0.01 dmap=+0/-0 shz=4.0 plan=29 cmd=(lx=+0.00,ly=+0.40,rx=+0.00)
  t= 11.2 DWA-F pos=(-0.11,-0.05) yaw=-156.4 d=5.55 goal_err=-57 carrot_err= -27 c0=2.21 clear=1.00 prog=0.20 rel=0.91 bal=+0.45 obs=173 hard=170 obsc=180 yr=  0  nz=0.09 flt=0.02 dmap=+0/-0 shz=4.0 plan=29 cmd=(lx=+0.00,ly=+0.40,rx=+0.00)
  t= 11.6 DWA-F pos=(-0.15,-0.06) yaw=-156.4 d=5.53 goal_err=-58 carrot_err= -28 c0=2.17 clear=1.00 prog=0.20 rel=0.92 bal=+0.47 obs=174 hard=171 obsc=179 yr=  0  nz=0.08 flt=0.01 dmap=+0/-0 shz=4.0 plan=29 cmd=(lx=+0.00,ly=+0.40,rx=+0.00)
  t= 12.0 DWA-F pos=(-0.20,-0.08) yaw=-156.4 d=5.51 goal_err=-58 carrot_err= -29 c0=2.12 clear=1.00 prog=0.20 rel=0.91 bal=+0.48 obs=175 hard=173 obsc=181 yr=  0  nz=0.09 flt=0.02 dmap=+1/-1 shz=4.0 plan=29 cmd=(lx=+0.00,ly=+0.40,rx=+0.00)
  t= 12.5 DWA-F pos=(-0.24,-0.10) yaw=-156.4 d=5.48 goal_err=-59 carrot_err= -31 c0=2.08 clear=1.00 prog=0.18 rel=0.92 bal=+0.50 obs=176 hard=173 obsc=182 yr=  0  nz=0.08 flt=0.00 dmap=+0/-0 shz=4.0 plan=28 cmd=(lx=+0.00,ly=+0.40,rx=+0.00)
  t= 12.9 DWA-F pos=(-0.29,-0.12) yaw=-156.4 d=5.45 goal_err=-59 carrot_err= -33 c0=2.02 clear=1.00 prog=0.19 rel=0.91 bal=+0.51 obs=177 hard=173 obsc=183 yr=  0  nz=0.09 flt=0.00 dmap=+0/-0 shz=4.0 plan=28 cmd=(lx=+0.00,ly=+0.40,rx=+0.00)
  t= 13.3 DWA-F pos=(-0.33,-0.14) yaw=-156.4 d=5.43 goal_err=-59 carrot_err= -33 c0=1.98 clear=1.00 prog=0.19 rel=0.92 bal=+0.52 obs=178 hard=175 obsc=183 yr=  0  nz=0.08 flt=0.03 dmap=+1/-0 shz=4.0 plan=28 cmd=(lx=+0.00,ly=+0.40,rx=+0.00)
  t= 13.8 DWA-F pos=(-0.37,-0.16) yaw=-156.4 d=5.41 goal_err=-60 carrot_err= -34 c0=1.94 clear=1.00 prog=0.19 rel=0.92 bal=+0.52 obs=180 hard=178 obsc=185 yr=  0  nz=0.08 flt=0.01 dmap=+2/-0 shz=4.0 plan=28 cmd=(lx=+0.00,ly=+0.40,rx=+0.00)
  t= 14.2 DWA-F pos=(-0.41,-0.18) yaw=-156.4 d=5.39 goal_err=-60 carrot_err= -36 c0=1.89 clear=1.00 prog=0.18 rel=0.92 bal=+0.52 obs=179 hard=177 obsc=185 yr=  0  nz=0.08 flt=0.02 dmap=+0/-0 shz=4.0 plan=27 cmd=(lx=+0.00,ly=+0.40,rx=+0.00)
  t= 14.6 DWA-F pos=(-0.45,-0.19) yaw=-156.4 d=5.36 goal_err=-61 carrot_err= -38 c0=1.85 clear=1.00 prog=0.18 rel=0.92 bal=+0.53 obs=180 hard=177 obsc=186 yr=  0G nz=0.08 flt=0.00 dmap=+0/-0 shz=4.0 plan=27 cmd=(lx=+0.00,ly=+0.40,rx=+0.45)
  t= 15.1 DWA-F pos=(-0.50,-0.21) yaw=-162.4 d=5.33 goal_err=-55 carrot_err= -34 c0=1.79 clear=1.00 prog=0.18 rel=0.92 bal=+0.55 obs=189 hard=185 obsc=194 yr=  0  nz=0.09 flt=0.00 dmap=+2/-0 shz=4.0 plan=27 cmd=(lx=+0.00,ly=+0.40,rx=+0.00)
  t= 15.5 DWA-F pos=(-0.54,-0.23) yaw=-162.4 d=5.31 goal_err=-56 carrot_err= -44 c0=1.75 clear=1.00 prog=0.19 rel=0.91 bal=+0.48 obs=189 hard=185 obsc=194 yr=  0G nz=0.09 flt=0.01 dmap=+0/-0 shz=4.0 plan=26 cmd=(lx=+0.00,ly=+0.40,rx=+0.45)
  t= 15.9 DWA-F pos=(-0.59,-0.24) yaw=-170.5 d=5.28 goal_err=-48 carrot_err= -38 c0=1.71 clear=1.00 prog=0.20 rel=0.92 bal=+0.55 obs=189 hard=185 obsc=194 yr= 18G nz=0.08 flt=0.01 dmap=+0/-0 shz=4.0 plan=26 cmd=(lx=+0.00,ly=+0.40,rx=+0.00)
  t= 16.4 DWA-F pos=(-0.63,-0.24) yaw=-172.5 d=5.25 goal_err=-46 carrot_err= -37 c0=1.84 clear=1.00 prog=0.21 rel=0.92 bal=+0.56 obs=195 hard=189 obsc=208 yr=  0  nz=0.08 flt=0.07 dmap=+1/-0 shz=4.0 plan=26 cmd=(lx=+0.00,ly=+0.40,rx=+0.00)
  t= 16.8 DWA-F pos=(-0.67,-0.25) yaw=-172.5 d=5.22 goal_err=-47 carrot_err= -39 c0=1.80 clear=1.00 prog=0.23 rel=0.91 bal=+0.52 obs=193 hard=190 obsc=209 yr=  0G nz=0.09 flt=0.00 dmap=+0/-0 shz=4.0 plan=26 cmd=(lx=+0.00,ly=+0.40,rx=+0.45)
  t= 17.2 DWA-F pos=(-0.73,-0.25) yaw=-178.5 d=5.18 goal_err=-41 carrot_err= -36 c0=1.83 clear=1.00 prog=0.24 rel=0.90 bal=+0.53 obs=207 hard=198 obsc=220 yr=  0  nz=0.09 flt=0.27 dmap=+0/-0 shz=4.0 plan=26 cmd=(lx=+0.00,ly=+0.40,rx=+0.00)
  t= 17.7 DWA-F pos=(-0.77,-0.25) yaw=-178.5 d=5.15 goal_err=-41 carrot_err= -38 c0=1.79 clear=1.00 prog=0.25 rel=0.95 bal=+0.54 obs=210 hard=207 obsc=223 yr=  0  nz=0.05 flt=0.00 dmap=+0/-0 shz=4.0 plan=26 cmd=(lx=+0.00,ly=+0.40,rx=+0.45)
  t= 18.1 DWA-F pos=(-0.82,-0.25) yaw=+177.5 d=5.11 goal_err=-38 carrot_err= -36 c0=1.98 clear=1.00 prog=0.26 rel=0.90 bal=+0.55 obs=210 hard=207 obsc=223 yr=  0  nz=0.10 flt=0.01 dmap=+0/-0 shz=4.0 plan=26 cmd=(lx=+0.00,ly=+0.40,rx=+0.00)
  t= 18.5 DWA-F pos=(-0.86,-0.25) yaw=+177.5 d=5.08 goal_err=-38 carrot_err= -29 c0=1.94 clear=1.00 prog=0.27 rel=0.86 bal=+0.54 obs=209 hard=206 obsc=222 yr=  0  nz=0.14 flt=0.01 dmap=+0/-0 shz=4.0 plan=25 cmd=(lx=+0.00,ly=+0.40,rx=+0.00)
  t= 19.0 DWA-F pos=(-0.92,-0.25) yaw=+177.5 d=5.04 goal_err=-38 carrot_err= -31 c0=1.88 clear=1.00 prog=0.28 rel=0.90 bal=+0.52 obs=203 hard=203 obsc=217 yr=  0  nz=0.10 flt=0.00 dmap=+0/-0 shz=4.0 plan=25 cmd=(lx=+0.00,ly=+0.40,rx=+0.00)
  t= 19.4 DWA-F pos=(-0.96,-0.25) yaw=+177.5 d=5.00 goal_err=-39 carrot_err= -33 c0=1.84 clear=1.00 prog=0.28 rel=0.93 bal=+0.50 obs=202 hard=200 obsc=215 yr=  0  nz=0.07 flt=0.00 dmap=+0/-1 shz=4.0 plan=25 cmd=(lx=+0.00,ly=+0.40,rx=+0.00)
  t= 19.8 DWA-F pos=(-1.01,-0.25) yaw=+177.5 d=4.97 goal_err=-39 carrot_err= -35 c0=1.79 clear=1.00 prog=0.28 rel=0.91 bal=+0.34 obs=202 hard=200 obsc=214 yr=  0  nz=0.09 flt=0.02 dmap=+0/-0 shz=4.0 plan=25 cmd=(lx=+0.00,ly=+0.40,rx=+0.00)
  t= 20.2 DWA-F pos=(-1.05,-0.24) yaw=+177.5 d=4.93 goal_err=-39 carrot_err= -38 c0=1.75 clear=1.00 prog=0.28 rel=0.90 bal=+0.33 obs=202 hard=199 obsc=214 yr=  0G nz=0.10 flt=0.02 dmap=+0/-0 shz=4.0 plan=24 cmd=(lx=+0.00,ly=+0.40,rx=+0.45)
  t= 20.7 DWA-F pos=(-1.10,-0.24) yaw=+173.5 d=4.90 goal_err=-36 carrot_err= -36 c0=1.70 clear=1.00 prog=0.29 rel=0.91 bal=+0.31 obs=202 hard=199 obsc=214 yr=  0  nz=0.09 flt=0.02 dmap=+0/-0 shz=4.0 plan=24 cmd=(lx=+0.00,ly=+0.40,rx=+0.00)
  t= 21.1 DWA-F pos=(-1.15,-0.23) yaw=+173.5 d=4.85 goal_err=-36 carrot_err= -38 c0=1.65 clear=1.00 prog=0.29 rel=0.91 bal=+0.30 obs=203 hard=200 obsc=215 yr=  0G nz=0.09 flt=0.00 dmap=+0/-0 shz=4.0 plan=24 cmd=(lx=+0.00,ly=+0.40,rx=+0.45)
  t= 21.5 DWA-F pos=(-1.18,-0.23) yaw=+169.5 d=4.82 goal_err=-32 carrot_err= -27 c0=1.62 clear=1.00 prog=0.28 rel=0.92 bal=+0.29 obs=204 hard=199 obsc=217 yr=  0  nz=0.08 flt=0.15 dmap=+0/-0 shz=4.0 plan=23 cmd=(lx=+0.00,ly=+0.40,rx=+0.00)
  t= 22.0 DWA-F pos=(-1.24,-0.22) yaw=+169.5 d=4.78 goal_err=-33 carrot_err= -29 c0=1.56 clear=1.00 prog=0.30 rel=0.91 bal=+0.28 obs=203 hard=198 obsc=215 yr=  0  nz=0.09 flt=0.01 dmap=+0/-0 shz=4.0 plan=23 cmd=(lx=+0.00,ly=+0.40,rx=+0.00)
  t= 22.4 DWA-F pos=(-1.28,-0.21) yaw=+169.5 d=4.74 goal_err=-33 carrot_err= -30 c0=1.52 clear=1.00 prog=0.30 rel=0.92 bal=+0.27 obs=203 hard=198 obsc=215 yr=  0  nz=0.08 flt=0.01 dmap=+1/-0 shz=4.0 plan=23 cmd=(lx=+0.00,ly=+0.40,rx=+0.00)
  t= 22.8 DWA-F pos=(-1.33,-0.20) yaw=+169.5 d=4.70 goal_err=-33 carrot_err= -31 c0=1.47 clear=0.98 prog=0.30 rel=0.93 bal=+0.26 obs=200 hard=200 obsc=216 yr=  0  nz=0.07 flt=0.00 dmap=+0/-0 shz=4.0 plan=23 cmd=(lx=+0.00,ly=+0.40,rx=+0.00)
  t= 23.3 DWA-F pos=(-1.38,-0.19) yaw=+169.5 d=4.66 goal_err=-33 carrot_err= -15 c0=1.42 clear=0.95 prog=0.32 rel=0.93 bal=+0.26 obs=201 hard=197 obsc=213 yr=  0  nz=0.07 flt=0.00 dmap=+0/-0 shz=4.0 plan=22 cmd=(lx=+0.00,ly=+0.40,rx=+0.00)
  t= 23.7 DWA-F pos=(-1.42,-0.19) yaw=+169.5 d=4.62 goal_err=-34 carrot_err= -16 c0=1.38 clear=0.92 prog=0.30 rel=0.93 bal=+0.25 obs=202 hard=197 obsc=213 yr=  0  nz=0.07 flt=0.02 dmap=+0/-0 shz=4.0 plan=22 cmd=(lx=+0.00,ly=+0.40,rx=+0.00)
  t= 24.1 DWA-F pos=(-1.47,-0.18) yaw=+169.5 d=4.58 goal_err=-34 carrot_err= -17 c0=1.33 clear=0.89 prog=0.30 rel=0.92 bal=+0.25 obs=202 hard=199 obsc=214 yr=  0  nz=0.08 flt=0.00 dmap=+1/-1 shz=4.0 plan=22 cmd=(lx=+0.00,ly=+0.40,rx=+0.00)
  t= 24.5 DWA-F pos=(-1.51,-0.17) yaw=+169.5 d=4.54 goal_err=-34 carrot_err= -22 c0=1.29 clear=0.86 prog=0.30 rel=0.92 bal=+0.11 obs=201 hard=199 obsc=213 yr=  0  nz=0.08 flt=0.00 dmap=+0/-0 shz=4.0 plan=21 cmd=(lx=+0.00,ly=+0.40,rx=+0.00)
  t= 25.0 DWA-F pos=(-1.56,-0.16) yaw=+169.5 d=4.51 goal_err=-35 carrot_err= -23 c0=1.25 clear=0.83 prog=0.30 rel=0.92 bal=+0.11 obs=201 hard=198 obsc=212 yr=  0  nz=0.08 flt=0.00 dmap=+0/-0 shz=4.0 plan=21 cmd=(lx=+0.00,ly=+0.40,rx=+0.00)
  t= 25.4 DWA-F pos=(-1.61,-0.15) yaw=+169.5 d=4.46 goal_err=-35 carrot_err= -24 c0=1.19 clear=0.79 prog=0.30 rel=0.91 bal=+0.11 obs=202 hard=199 obsc=214 yr=  0  nz=0.09 flt=0.02 dmap=+2/-1 shz=4.0 plan=21 cmd=(lx=+0.00,ly=+0.40,rx=+0.00)
  t= 25.8 DWA-F pos=(-1.65,-0.14) yaw=+169.5 d=4.43 goal_err=-35 carrot_err= -26 c0=1.15 clear=0.77 prog=0.30 rel=0.91 bal=+0.11 obs=201 hard=199 obsc=213 yr=  0  nz=0.09 flt=0.00 dmap=+0/-0 shz=4.0 plan=21 cmd=(lx=+0.00,ly=+0.40,rx=+0.00)
  t= 26.3 DWA-F pos=(-1.70,-0.13) yaw=+169.5 d=4.39 goal_err=-36 carrot_err= -27 c0=1.10 clear=0.74 prog=0.30 rel=0.91 bal=+0.11 obs=202 hard=198 obsc=213 yr=  0  nz=0.09 flt=0.01 dmap=+0/-0 shz=4.0 plan=21 cmd=(lx=+0.00,ly=+0.40,rx=+0.00)
  t= 26.7 DWA-F pos=(-1.74,-0.13) yaw=+169.5 d=4.35 goal_err=-36 carrot_err= -30 c0=1.06 clear=0.71 prog=0.30 rel=0.92 bal=+0.11 obs=203 hard=200 obsc=214 yr=  0  nz=0.08 flt=0.01 dmap=+1/-0 shz=4.0 plan=21 cmd=(lx=+0.00,ly=+0.40,rx=+0.00)
  t= 27.1 DWA-F pos=(-1.78,-0.12) yaw=+169.5 d=4.32 goal_err=-36 carrot_err= -31 c0=1.02 clear=0.68 prog=0.28 rel=0.92 bal=+0.10 obs=203 hard=200 obsc=215 yr=  0  nz=0.08 flt=0.02 dmap=+0/-0 shz=4.0 plan=21 cmd=(lx=+0.00,ly=+0.40,rx=+0.00)
  t= 27.6 DWA-F pos=(-1.84,-0.11) yaw=+169.5 d=4.27 goal_err=-37 carrot_err= -23 c0=0.97 clear=0.64 prog=0.29 rel=0.92 bal=+0.10 obs=205 hard=200 obsc=216 yr=  0  nz=0.08 flt=0.02 dmap=+0/-0 shz=4.0 plan=20 cmd=(lx=+0.00,ly=+0.40,rx=+0.00)
  t= 28.0 DWA-F pos=(-1.88,-0.10) yaw=+169.5 d=4.24 goal_err=-37 carrot_err= -24 c0=0.92 clear=0.61 prog=0.29 rel=0.92 bal=+0.09 obs=204 hard=200 obsc=216 yr=  0  nz=0.08 flt=0.02 dmap=+0/-0 shz=4.0 plan=20 cmd=(lx=+0.00,ly=+0.40,rx=+0.00)
  t= 28.4 DWA-F pos=(-1.93,-0.09) yaw=+169.5 d=4.20 goal_err=-38 carrot_err= -28 c0=0.88 clear=0.59 prog=0.29 rel=0.92 bal=+0.09 obs=204 hard=201 obsc=216 yr=  0  nz=0.08 flt=0.00 dmap=+1/-1 shz=4.0 plan=20 cmd=(lx=+0.00,ly=+0.40,rx=+0.00)
  t= 28.9 DWA-F pos=(-1.97,-0.08) yaw=+169.5 d=4.17 goal_err=-38 carrot_err= -29 c0=0.84 clear=0.56 prog=0.29 rel=0.93 bal=+0.08 obs=206 hard=203 obsc=217 yr=  0  nz=0.07 flt=0.01 dmap=+0/-0 shz=4.0 plan=20 cmd=(lx=+0.00,ly=+0.40,rx=+0.00)
  t= 29.3 DWA-F pos=(-2.02,-0.07) yaw=+169.5 d=4.13 goal_err=-39 carrot_err= -30 c0=0.79 clear=0.52 prog=0.28 rel=0.92 bal=+0.08 obs=206 hard=204 obsc=218 yr=  0  nz=0.08 flt=0.00 dmap=+0/-0 shz=4.0 plan=19 cmd=(lx=+0.00,ly=+0.40,rx=+0.00)
  t= 29.7 DWA-F pos=(-2.07,-0.07) yaw=+165.5 d=4.09 goal_err=-35 carrot_err= -28 c0=0.74 clear=0.50 prog=0.28 rel=0.90 bal=-0.04 obs=205 hard=203 obsc=217 yr= 18  nz=0.10 flt=0.02 dmap=+0/-0 shz=4.0 plan=19 cmd=(lx=+0.00,ly=+0.40,rx=+0.00)
  t= 30.2 DWA-F pos=(-2.11,-0.05) yaw=+165.5 d=4.05 goal_err=-35 carrot_err= -29 c0=0.90 clear=0.60 prog=0.29 rel=0.90 bal=-0.06 obs=207 hard=204 obsc=218 yr=  0  nz=0.10 flt=0.02 dmap=+1/-0 shz=4.0 plan=19 cmd=(lx=+0.00,ly=+0.40,rx=+0.00)
  t= 30.6 DWA-F pos=(-2.15,-0.04) yaw=+165.5 d=4.02 goal_err=-36 carrot_err= -23 c0=1.05 clear=0.70 prog=0.29 rel=0.89 bal=-0.21 obs=207 hard=202 obsc=218 yr=  0  nz=0.11 flt=0.03 dmap=+0/-0 shz=4.0 plan=18 cmd=(lx=+0.00,ly=+0.40,rx=+0.00)
  t= 31.0 DWA-F pos=(-2.21,-0.03) yaw=+165.5 d=3.97 goal_err=-36 carrot_err= -24 c0=0.99 clear=0.66 prog=0.29 rel=0.85 bal=-0.51 obs=209 hard=204 obsc=221 yr=  0  nz=0.15 flt=0.01 dmap=+0/-0 shz=4.0 plan=18 cmd=(lx=+0.00,ly=+0.40,rx=+0.00)
  t= 31.5 DWA-F pos=(-2.25,-0.02) yaw=+165.5 d=3.94 goal_err=-36 carrot_err= -25 c0=0.95 clear=0.63 prog=0.29 rel=0.90 bal=-0.51 obs=209 hard=202 obsc=220 yr=  0  nz=0.10 flt=0.03 dmap=+0/-0 shz=4.0 plan=18 cmd=(lx=+0.00,ly=+0.40,rx=+0.00)
  t= 31.9 DWA-F pos=(-2.29,-0.01) yaw=+165.5 d=3.90 goal_err=-37 carrot_err= -26 c0=0.91 clear=0.60 prog=0.29 rel=0.90 bal=-0.57 obs=213 hard=207 obsc=225 yr=  0  nz=0.10 flt=0.01 dmap=+2/-0 shz=4.0 plan=18 cmd=(lx=+0.00,ly=+0.40,rx=+0.00)
  t= 32.3 DWA-F pos=(-2.34,+0.00) yaw=+165.5 d=3.87 goal_err=-37 carrot_err= -27 c0=0.86 clear=0.58 prog=0.29 rel=0.91 bal=-0.57 obs=213 hard=208 obsc=225 yr=  0  nz=0.09 flt=0.01 dmap=+0/-0 shz=4.0 plan=17 cmd=(lx=+0.00,ly=+0.40,rx=+0.00)
  t= 32.8 DWA-F pos=(-2.38,+0.02) yaw=+165.5 d=3.83 goal_err=-38 carrot_err= -29 c0=0.82 clear=0.55 prog=0.28 rel=0.91 bal=-0.50 obs=212 hard=206 obsc=224 yr=  0G nz=0.09 flt=0.02 dmap=+0/-0 shz=3.9 plan=17 cmd=(lx=+0.00,ly=+0.40,rx=+0.45)
  t= 33.2 DWA-F pos=(-2.43,+0.03) yaw=+159.5 d=3.79 goal_err=-32 carrot_err= -25 c0=0.77 clear=0.51 prog=0.29 rel=0.93 bal=-0.49 obs=213 hard=207 obsc=226 yr=  0  nz=0.07 flt=0.01 dmap=+2/-1 shz=4.0 plan=17 cmd=(lx=+0.00,ly=+0.40,rx=+0.00)
  t= 33.6 DWA-F pos=(-2.47,+0.05) yaw=+159.5 d=3.75 goal_err=-32 carrot_err= -26 c0=0.73 clear=0.48 prog=0.29 rel=0.91 bal=-0.48 obs=211 hard=209 obsc=225 yr=  0  nz=0.09 flt=0.00 dmap=+0/-0 shz=3.9 plan=17 cmd=(lx=+0.00,ly=+0.40,rx=+0.00)
  t= 34.0 DWA-F pos=(-2.52,+0.06) yaw=+159.5 d=3.71 goal_err=-33 carrot_err= -27 c0=0.89 clear=0.59 prog=0.30 rel=0.90 bal=-0.46 obs=212 hard=208 obsc=225 yr=  0  nz=0.10 flt=0.04 dmap=+0/-0 shz=4.0 plan=17 cmd=(lx=+0.00,ly=+0.40,rx=+0.00)
  t= 34.5 ENG-F pos=(-2.56,+0.08) yaw=+159.5 d=3.67 goal_err=-33 carrot_err= -28 c0=1.05 clear=0.70 prog=0.30 rel=0.81 bal=-0.34 obs=211 hard=207 obsc=226 yr=  0  nz=0.19 flt=0.00 dmap=+1/-1 shz=4.0 plan=17 cmd=(lx=+0.00,ly=+0.28,rx=+0.00)
  t= 34.9 ENG-F pos=(-2.59,+0.09) yaw=+159.5 d=3.64 goal_err=-34 carrot_err= -29 c0=1.01 clear=0.68 prog=0.29 rel=0.77 bal=-0.34 obs=212 hard=207 obsc=225 yr=  0  nz=0.23 flt=0.03 dmap=+0/-0 shz=4.0 plan=17 cmd=(lx=+0.00,ly=+0.28,rx=+0.00)
  t= 35.3 ENG-F pos=(-2.62,+0.10) yaw=+159.5 d=3.61 goal_err=-34 carrot_err= -30 c0=0.98 clear=0.65 prog=0.27 rel=0.82 bal=-0.34 obs=213 hard=207 obsc=227 yr=  0  nz=0.18 flt=0.00 dmap=+0/-0 shz=4.0 plan=16 cmd=(lx=+0.00,ly=+0.28,rx=+0.00)
  t= 35.7 ENG-F pos=(-2.66,+0.12) yaw=+159.5 d=3.58 goal_err=-34 carrot_err= -31 c0=0.95 clear=0.63 prog=0.25 rel=0.91 bal=-0.34 obs=216 hard=209 obsc=228 yr=  0  nz=0.09 flt=0.02 dmap=+2/-0 shz=4.0 plan=16 cmd=(lx=+0.00,ly=+0.28,rx=+0.00)
  t= 36.2 ENG-F pos=(-2.68,+0.13) yaw=+159.5 d=3.56 goal_err=-34 carrot_err= -32 c0=0.92 clear=0.61 prog=0.23 rel=0.93 bal=-0.34 obs=218 hard=212 obsc=231 yr=  0  nz=0.07 flt=0.00 dmap=+2/-1 shz=4.0 plan=16 cmd=(lx=+0.00,ly=+0.28,rx=+0.00)
  t= 36.6 ENG-F pos=(-2.72,+0.14) yaw=+159.5 d=3.53 goal_err=-35 carrot_err= -33 c0=0.88 clear=0.59 prog=0.22 rel=0.93 bal=-0.34 obs=218 hard=212 obsc=230 yr=  0  nz=0.07 flt=0.00 dmap=+0/-0 shz=4.0 plan=16 cmd=(lx=+0.00,ly=+0.28,rx=+0.00)
  t= 37.1 ENG-F pos=(-2.75,+0.15) yaw=+159.5 d=3.50 goal_err=-35 carrot_err= -24 c0=0.85 clear=0.57 prog=0.21 rel=0.95 bal=-0.34 obs=219 hard=213 obsc=231 yr=  0  nz=0.05 flt=0.00 dmap=+0/-0 shz=4.0 plan=16 cmd=(lx=+0.00,ly=+0.28,rx=+0.00)
  t= 37.5 ENG-F pos=(-2.78,+0.16) yaw=+159.5 d=3.47 goal_err=-35 carrot_err= -25 c0=0.82 clear=0.54 prog=0.21 rel=0.95 bal=-0.28 obs=217 hard=213 obsc=229 yr=  0  nz=0.05 flt=0.02 dmap=+0/-1 shz=4.0 plan=16 cmd=(lx=+0.00,ly=+0.28,rx=+0.00)
  t= 37.9 ENG-F pos=(-2.81,+0.17) yaw=+159.5 d=3.45 goal_err=-36 carrot_err= -26 c0=0.79 clear=0.53 prog=0.20 rel=0.94 bal=-0.29 obs=216 hard=213 obsc=228 yr=  0  nz=0.06 flt=0.02 dmap=+0/-0 shz=4.0 plan=16 cmd=(lx=+0.00,ly=+0.28,rx=+0.00)
  t= 38.4 ENG-F pos=(-2.84,+0.19) yaw=+159.5 d=3.42 goal_err=-36 carrot_err= -27 c0=0.76 clear=0.50 prog=0.21 rel=0.94 bal=-0.29 obs=218 hard=214 obsc=231 yr=  0  nz=0.06 flt=0.00 dmap=+0/-0 shz=4.0 plan=16 cmd=(lx=+0.00,ly=+0.28,rx=+0.00)
  t= 38.8 ENG-F pos=(-2.86,+0.19) yaw=+155.5 d=3.41 goal_err=-32 carrot_err= -24 c0=0.74 clear=0.49 prog=0.18 rel=0.94 bal=-0.30 obs=219 hard=213 obsc=230 yr= 18  nz=0.06 flt=0.00 dmap=+0/-0 shz=4.0 plan=16 cmd=(lx=+0.00,ly=+0.28,rx=+0.00)
  t= 39.2 ENG-F pos=(-2.89,+0.21) yaw=+155.5 d=3.38 goal_err=-33 carrot_err= -25 c0=0.73 clear=0.49 prog=0.19 rel=0.95 bal=-0.30 obs=220 hard=215 obsc=232 yr=  0  nz=0.05 flt=0.00 dmap=+1/-1 shz=4.0 plan=16 cmd=(lx=+0.00,ly=+0.28,rx=+0.00)
  t= 39.7 ENG-F pos=(-2.92,+0.22) yaw=+155.5 d=3.35 goal_err=-33 carrot_err= -26 c0=0.71 clear=0.47 prog=0.18 rel=0.95 bal=-0.18 obs=219 hard=215 obsc=231 yr=  0  nz=0.04 flt=0.01 dmap=+0/-0 shz=4.0 plan=16 cmd=(lx=+0.00,ly=+0.28,rx=+0.00)
  t= 40.1 ENG-T pos=(-2.95,+0.23) yaw=+155.5 d=3.32 goal_err=-33 carrot_err= -27 c0=0.67 clear=0.45 prog=0.19 rel=0.96 bal=-0.19 obs=218 hard=216 obsc=230 yr=  0G nz=0.04 flt=0.00 dmap=+0/-0 shz=4.0 plan=16 cmd=(lx=+0.00,ly=+0.00,rx=+0.45)
  t= 40.6 ENG-F pos=(-2.97,+0.24) yaw=+151.4 d=3.31 goal_err=-29 carrot_err= -24 c0=0.65 clear=0.43 prog=0.17 rel=0.95 bal=-0.19 obs=219 hard=216 obsc=230 yr=  0  nz=0.05 flt=0.01 dmap=+1/-0 shz=4.0 plan=16 cmd=(lx=+0.00,ly=+0.28,rx=+0.00)
  t= 41.0 ENG-F pos=(-2.99,+0.25) yaw=+151.4 d=3.28 goal_err=-29 carrot_err= -25 c0=0.63 clear=0.42 prog=0.18 rel=0.94 bal=-0.19 obs=218 hard=216 obsc=229 yr=  0  nz=0.06 flt=0.01 dmap=+0/-0 shz=4.0 plan=16 cmd=(lx=+0.00,ly=+0.28,rx=+0.00)
  t= 41.4 ENG-T pos=(-3.02,+0.27) yaw=+151.4 d=3.25 goal_err=-30 carrot_err= -26 c0=0.59 clear=0.40 prog=0.20 rel=0.95 bal=-0.23 obs=218 hard=216 obsc=229 yr=  0  nz=0.05 flt=0.01 dmap=+0/-0 shz=4.0 plan=16 cmd=(lx=+0.00,ly=+0.00,rx=+0.45)
  t= 41.9 ENG-F pos=(-3.04,+0.28) yaw=+147.4 d=3.24 goal_err=-26 carrot_err= -23 c0=0.57 clear=0.38 prog=0.17 rel=0.92 bal=-0.23 obs=234 hard=228 obsc=245 yr=  0  nz=0.06 flt=0.35 dmap=+0/-0 shz=4.0 plan=16 cmd=(lx=+0.00,ly=+0.28,rx=+0.00)
  t= 42.3 ENG-F pos=(-3.06,+0.30) yaw=+147.4 d=3.21 goal_err=-26 carrot_err= -23 c0=0.55 clear=0.37 prog=0.19 rel=0.94 bal=-0.24 obs=235 hard=231 obsc=247 yr=  0  nz=0.06 flt=0.00 dmap=+1/-0 shz=4.0 plan=16 cmd=(lx=+0.00,ly=+0.28,rx=+0.00)
  t= 42.7 ENG-T pos=(-3.09,+0.31) yaw=+147.4 d=3.18 goal_err=-26 carrot_err= -21 c0=0.58 clear=0.39 prog=0.19 rel=0.95 bal=-0.19 obs=230 hard=230 obsc=246 yr=  0  nz=0.05 flt=0.02 dmap=+0/-5 shz=4.0 plan=16 cmd=(lx=+0.00,ly=+0.00,rx=+0.45)
  t= 43.2 ENG-F pos=(-3.10,+0.32) yaw=+143.4 d=3.16 goal_err=-23 carrot_err= -17 c0=0.57 clear=0.38 prog=0.18 rel=0.96 bal=-0.19 obs=227 hard=225 obsc=244 yr=  0  nz=0.04 flt=0.15 dmap=+1/-0 shz=4.0 plan=15 cmd=(lx=+0.00,ly=+0.28,rx=+0.00)
  t= 43.6 ENG-F pos=(-3.12,+0.34) yaw=+143.4 d=3.14 goal_err=-23 carrot_err= -18 c0=0.54 clear=0.36 prog=0.17 rel=0.96 bal=-0.19 obs=229 hard=227 obsc=241 yr=  0  nz=0.04 flt=0.00 dmap=+0/-0 shz=4.0 plan=15 cmd=(lx=+0.00,ly=+0.28,rx=+0.00)
  t= 44.1 ENG-F pos=(-3.14,+0.35) yaw=+141.4 d=3.12 goal_err=-21 carrot_err= -16 c0=0.70 clear=0.47 prog=0.17 rel=0.90 bal=+0.43 obs=228 hard=226 obsc=241 yr= 18G nz=0.10 flt=0.15 dmap=+1/-0 shz=4.0 plan=15 cmd=(lx=+0.00,ly=+0.28,rx=+0.00)
  t= 44.5 ENG-F pos=(-3.16,+0.37) yaw=+139.4 d=3.10 goal_err=-19 carrot_err= -15 c0=0.68 clear=0.45 prog=0.17 rel=0.87 bal=+0.45 obs=227 hard=226 obsc=241 yr=  0  nz=0.13 flt=0.00 dmap=+0/-3 shz=4.0 plan=15 cmd=(lx=+0.00,ly=+0.28,rx=+0.00)
  t= 44.9 ENG-T pos=(-3.18,+0.38) yaw=+139.4 d=3.08 goal_err=-19 carrot_err= -15 c0=0.66 clear=0.44 prog=0.16 rel=0.90 bal=+0.46 obs=228 hard=225 obsc=239 yr=  0G nz=0.10 flt=0.00 dmap=+0/-0 shz=4.0 plan=15 cmd=(lx=+0.00,ly=+0.00,rx=+0.45)
  t= 45.4 ENG-F pos=(-3.19,+0.39) yaw=+135.4 d=3.06 goal_err=-15 carrot_err= -11 c0=1.09 clear=0.73 prog=0.15 rel=0.76 bal=+0.46 obs=235 hard=229 obsc=246 yr=  0  nz=0.24 flt=0.16 dmap=+0/-0 shz=4.0 plan=15 cmd=(lx=+0.00,ly=+0.28,rx=+0.00)
  t= 45.8 ENG-F pos=(-3.21,+0.41) yaw=+135.4 d=3.03 goal_err=-15 carrot_err= -12 c0=1.06 clear=0.71 prog=0.15 rel=0.69 bal=+0.48 obs=234 hard=232 obsc=247 yr=  0  nz=0.31 flt=0.01 dmap=+0/-2 shz=4.0 plan=15 cmd=(lx=+0.00,ly=+0.28,rx=+0.00)
  t= 46.3 ENG-F pos=(-3.22,+0.42) yaw=+133.4 d=3.02 goal_err=-13 carrot_err= -10 c0=0.87 clear=0.58 prog=0.15 rel=0.70 bal=+0.48 obs=236 hard=231 obsc=247 yr=  0  nz=0.30 flt=0.14 dmap=+1/-0 shz=4.0 plan=15 cmd=(lx=+0.00,ly=+0.28,rx=+0.00)
  t= 46.7 ENG-AL. pos=(-3.23,+0.44) yaw=+131.4 d=3.00 goal_err=-11 carrot_err=  -8 c0=0.85 clear=0.56 prog=0.14 rel=0.83 bal=+0.49 obs=235 hard=233 obsc=247 yr=  0  nz=0.17 flt=0.03 dmap=+0/-0 shz=4.0 plan=15 cmd=(lx=+0.00,ly=+0.00,rx=+0.00)
  t= 47.1 ENG-GO pos=(-3.25,+0.46) yaw=+131.4 d=2.98 goal_err=-12 carrot_err=  -9 c0=0.83 clear=0.55 prog=0.15 rel=0.84 bal=+0.50 obs=234 hard=231 obsc=245 yr=  0  nz=0.16 flt=0.00 dmap=+0/-0 shz=4.0 plan=15 cmd=(lx=+0.00,ly=+0.28,rx=+0.00)
  t= 47.6 ENG-GO pos=(-3.26,+0.47) yaw=+131.4 d=2.96 goal_err=-12 carrot_err=  -9 c0=0.81 clear=0.54 prog=0.15 rel=0.96 bal=+0.51 obs=232 hard=231 obsc=245 yr=  0  nz=0.04 flt=0.01 dmap=+0/-2 shz=4.0 plan=15 cmd=(lx=+0.00,ly=+0.28,rx=+0.00)
  t= 48.0 ENG-GO pos=(-3.28,+0.50) yaw=+131.4 d=2.93 goal_err=-12 carrot_err=  -9 c0=1.22 clear=0.82 prog=0.16 rel=0.77 bal=+0.53 obs=231 hard=229 obsc=244 yr=  0  nz=0.23 flt=0.00 dmap=+0/-0 shz=4.0 plan=15 cmd=(lx=+0.00,ly=+0.28,rx=+0.00)
  t= 48.4 ENG-GO pos=(-3.31,+0.52) yaw=+131.4 d=2.90 goal_err=-12 carrot_err=  -5 c0=1.20 clear=0.80 prog=0.20 rel=0.69 bal=+0.54 obs=232 hard=228 obsc=244 yr=  0  nz=0.31 flt=0.00 dmap=+0/-0 shz=4.0 plan=15 cmd=(lx=+0.00,ly=+0.28,rx=+0.00)
  t= 48.9 ENG-GO pos=(-3.33,+0.55) yaw=+131.4 d=2.86 goal_err=-12 carrot_err=  -6 c0=1.25 clear=0.83 prog=0.23 rel=0.69 bal=+0.56 obs=233 hard=228 obsc=245 yr=  0  nz=0.32 flt=0.00 dmap=+0/-1 shz=4.0 plan=15 cmd=(lx=+0.00,ly=+0.28,rx=+0.00)
  t= 49.3 ENG-GO pos=(-3.35,+0.57) yaw=+131.4 d=2.83 goal_err=-12 carrot_err=  -3 c0=1.23 clear=0.82 prog=0.23 rel=0.94 bal=+0.01 obs=232 hard=231 obsc=245 yr=  0  nz=0.06 flt=0.02 dmap=+1/-2 shz=4.0 plan=13 cmd=(lx=+0.00,ly=+0.28,rx=+0.00)
  t= 49.8 ENG-GO pos=(-3.37,+0.59) yaw=+131.4 d=2.80 goal_err=-12 carrot_err=  -3 c0=1.19 clear=0.80 prog=0.24 rel=0.94 bal=+0.02 obs=233 hard=230 obsc=245 yr=  0  nz=0.06 flt=0.01 dmap=+0/-0 shz=4.0 plan=13 cmd=(lx=+0.00,ly=+0.28,rx=+0.00)
  t= 50.2 ENG-GO pos=(-3.39,+0.62) yaw=+131.4 d=2.76 goal_err=-12 carrot_err=  -4 c0=1.16 clear=0.77 prog=0.25 rel=0.94 bal=+0.02 obs=235 hard=230 obsc=246 yr=  0  nz=0.06 flt=0.00 dmap=+0/-0 shz=4.0 plan=13 cmd=(lx=+0.00,ly=+0.28,rx=+0.00)
  t= 50.6 ENG-GO pos=(-3.42,+0.65) yaw=+131.4 d=2.73 goal_err=-13 carrot_err=  -4 c0=1.13 clear=0.75 prog=0.26 rel=0.93 bal=+0.02 obs=233 hard=227 obsc=244 yr=  0  nz=0.07 flt=0.00 dmap=+0/-0 shz=3.9 plan=13 cmd=(lx=+0.00,ly=+0.28,rx=+0.00)
  t= 51.1 ENG-GO pos=(-3.44,+0.67) yaw=+131.4 d=2.70 goal_err=-13 carrot_err=  -4 c0=1.10 clear=0.73 prog=0.23 rel=0.93 bal=-0.01 obs=233 hard=229 obsc=244 yr=  0  nz=0.07 flt=0.01 dmap=+1/-0 shz=4.0 plan=13 cmd=(lx=+0.00,ly=+0.28,rx=+0.00)
  t= 51.5 ENG-GO pos=(-3.46,+0.70) yaw=+131.4 d=2.67 goal_err=-13 carrot_err=  -4 c0=1.07 clear=0.71 prog=0.25 rel=0.93 bal=-0.01 obs=232 hard=230 obsc=245 yr=  0  nz=0.07 flt=0.01 dmap=+0/-0 shz=4.0 plan=13 cmd=(lx=+0.00,ly=+0.28,rx=+0.00)
  t= 52.0 ENG-GO pos=(-3.48,+0.72) yaw=+131.4 d=2.64 goal_err=-13 carrot_err=  -4 c0=1.04 clear=0.69 prog=0.24 rel=0.94 bal=+0.03 obs=229 hard=226 obsc=241 yr=  0  nz=0.06 flt=0.02 dmap=+0/-0 shz=4.0 plan=13 cmd=(lx=+0.00,ly=+0.28,rx=+0.00)
  t= 52.4 ENG-GO pos=(-3.50,+0.74) yaw=+131.4 d=2.61 goal_err=-13 carrot_err=  -4 c0=1.01 clear=0.67 prog=0.24 rel=0.94 bal=+0.02 obs=230 hard=226 obsc=241 yr=  0  nz=0.06 flt=0.00 dmap=+2/-0 shz=4.0 plan=12 cmd=(lx=+0.00,ly=+0.28,rx=+0.00)
  t= 52.8 ENG-GO pos=(-3.53,+0.77) yaw=+131.4 d=2.57 goal_err=-13 carrot_err=  -4 c0=0.98 clear=0.65 prog=0.25 rel=0.94 bal=+0.02 obs=229 hard=226 obsc=240 yr=  0  nz=0.06 flt=0.00 dmap=+0/-0 shz=4.0 plan=12 cmd=(lx=+0.00,ly=+0.28,rx=+0.00)
  t= 53.3 ENG-GO pos=(-3.54,+0.79) yaw=+131.4 d=2.54 goal_err=-14 carrot_err=  -5 c0=0.95 clear=0.63 prog=0.24 rel=0.94 bal=+0.02 obs=229 hard=227 obsc=241 yr=  0  nz=0.06 flt=0.01 dmap=+0/-0 shz=4.0 plan=12 cmd=(lx=+0.00,ly=+0.28,rx=+0.00)
  t= 53.7 ENG-GO pos=(-3.57,+0.82) yaw=+131.4 d=2.51 goal_err=-14 carrot_err=  -2 c0=0.92 clear=0.61 prog=0.24 rel=0.93 bal=+0.02 obs=230 hard=227 obsc=241 yr=  0  nz=0.07 flt=0.00 dmap=+0/-0 shz=4.0 plan=12 cmd=(lx=+0.00,ly=+0.28,rx=+0.00)
  t= 54.1 ENG-GO pos=(-3.58,+0.84) yaw=+131.4 d=2.48 goal_err=-14 carrot_err=  -3 c0=0.89 clear=0.59 prog=0.24 rel=0.92 bal=+0.02 obs=229 hard=225 obsc=241 yr=  0  nz=0.08 flt=0.01 dmap=+0/-0 shz=4.0 plan=12 cmd=(lx=+0.00,ly=+0.28,rx=+0.00)
  t= 54.6 ENG-GO pos=(-3.61,+0.86) yaw=+131.4 d=2.45 goal_err=-14 carrot_err=  -3 c0=0.96 clear=0.64 prog=0.24 rel=0.94 bal=+0.01 obs=229 hard=226 obsc=241 yr=  0  nz=0.06 flt=0.01 dmap=+1/-1 shz=4.0 plan=12 cmd=(lx=+0.00,ly=+0.28,rx=+0.00)
  t= 55.0 ENG-GO pos=(-3.63,+0.89) yaw=+131.4 d=2.41 goal_err=-14 carrot_err=  -3 c0=0.92 clear=0.61 prog=0.24 rel=0.94 bal=+0.01 obs=230 hard=226 obsc=241 yr=  0  nz=0.06 flt=0.01 dmap=+0/-0 shz=4.0 plan=12 cmd=(lx=+0.00,ly=+0.28,rx=+0.00)
  t= 55.5 ENG-GO pos=(-3.65,+0.91) yaw=+131.4 d=2.39 goal_err=-14 carrot_err=  -3 c0=0.90 clear=0.60 prog=0.24 rel=0.94 bal=-0.11 obs=229 hard=228 obsc=241 yr=  0  nz=0.06 flt=0.00 dmap=+0/-0 shz=4.0 plan=12 cmd=(lx=+0.00,ly=+0.28,rx=+0.00)
  t= 55.9 ENG-GO pos=(-3.67,+0.94) yaw=+131.4 d=2.35 goal_err=-15 carrot_err=  -3 c0=0.86 clear=0.57 prog=0.24 rel=0.94 bal=+0.01 obs=228 hard=226 obsc=240 yr=  0  nz=0.06 flt=0.00 dmap=+0/-1 shz=4.0 plan=12 cmd=(lx=+0.00,ly=+0.28,rx=+0.00)
  t= 56.3 ENG-GO pos=(-3.69,+0.96) yaw=+131.4 d=2.33 goal_err=-15 carrot_err=  -3 c0=0.83 clear=0.56 prog=0.24 rel=0.95 bal=+0.00 obs=226 hard=223 obsc=237 yr=  0  nz=0.05 flt=0.00 dmap=+0/-0 shz=4.0 plan=12 cmd=(lx=+0.00,ly=+0.28,rx=+0.00)
  t= 56.8 ENG-GO pos=(-3.72,+0.99) yaw=+131.4 d=2.29 goal_err=-15 carrot_err=  -1 c0=0.80 clear=0.53 prog=0.23 rel=0.93 bal=-0.00 obs=224 hard=223 obsc=237 yr=  0  nz=0.07 flt=0.00 dmap=+0/-0 shz=4.0 plan=11 cmd=(lx=+0.00,ly=+0.28,rx=+0.00)
  t= 57.2 ENG-GO pos=(-3.74,+1.01) yaw=+131.4 d=2.26 goal_err=-15 carrot_err=  -1 c0=0.77 clear=0.51 prog=0.25 rel=0.93 bal=-0.01 obs=226 hard=224 obsc=237 yr=  0  nz=0.07 flt=0.00 dmap=+0/-0 shz=4.0 plan=11 cmd=(lx=+0.00,ly=+0.28,rx=+0.00)
  t= 57.7 ENG-GO pos=(-3.76,+1.03) yaw=+131.4 d=2.23 goal_err=-16 carrot_err=  -1 c0=0.74 clear=0.49 prog=0.23 rel=0.92 bal=-0.02 obs=226 hard=224 obsc=237 yr=  0  nz=0.08 flt=0.00 dmap=+0/-0 shz=4.0 plan=11 cmd=(lx=+0.00,ly=+0.28,rx=+0.00)
  t= 58.1 ENG-GO pos=(-3.78,+1.06) yaw=+131.4 d=2.20 goal_err=-16 carrot_err=  -1 c0=0.71 clear=0.47 prog=0.25 rel=0.94 bal=-0.03 obs=227 hard=225 obsc=238 yr=  0  nz=0.06 flt=0.01 dmap=+0/-0 shz=4.0 plan=11 cmd=(lx=+0.00,ly=+0.28,rx=+0.00)
  t= 58.5 ENG-GO pos=(-3.80,+1.08) yaw=+131.4 d=2.17 goal_err=-16 carrot_err=  -2 c0=0.68 clear=0.45 prog=0.23 rel=0.93 bal=-0.03 obs=228 hard=226 obsc=239 yr=  0  nz=0.07 flt=0.01 dmap=+0/-0 shz=4.0 plan=11 cmd=(lx=+0.00,ly=+0.28,rx=+0.00)
  t= 59.0 ENG-GO pos=(-3.82,+1.11) yaw=+131.4 d=2.14 goal_err=-16 carrot_err=  -2 c0=0.65 clear=0.43 prog=0.23 rel=0.94 bal=-0.04 obs=229 hard=224 obsc=240 yr=  0  nz=0.06 flt=0.00 dmap=+0/-0 shz=4.0 plan=11 cmd=(lx=+0.00,ly=+0.28,rx=+0.00)
  t= 59.4 ENG-GO pos=(-3.84,+1.13) yaw=+131.4 d=2.11 goal_err=-16 carrot_err=  -2 c0=0.62 clear=0.41 prog=0.23 rel=0.94 bal=-0.05 obs=229 hard=224 obsc=240 yr=  0  nz=0.06 flt=0.00 dmap=+0/-0 shz=4.0 plan=11 cmd=(lx=+0.00,ly=+0.28,rx=+0.00)
  t= 59.8 ENG-GO pos=(-3.86,+1.15) yaw=+131.4 d=2.07 goal_err=-17 carrot_err=  -2 c0=0.59 clear=0.39 prog=0.23 rel=0.94 bal=-0.00 obs=227 hard=226 obsc=240 yr=  0  nz=0.06 flt=0.00 dmap=+0/-2 shz=4.0 plan=10 cmd=(lx=+0.00,ly=+0.28,rx=+0.00)
  t= 60.3 ENG-GO pos=(-3.89,+1.18) yaw=+131.4 d=2.04 goal_err=-17 carrot_err=  -2 c0=0.83 clear=0.55 prog=0.25 rel=0.86 bal=+0.07 obs=227 hard=227 obsc=240 yr=  0  nz=0.14 flt=0.00 dmap=+0/-0 shz=4.0 plan=10 cmd=(lx=+0.00,ly=+0.28,rx=+0.00)
  t= 60.7 ENG-GO pos=(-3.91,+1.21) yaw=+131.4 d=2.01 goal_err=-17 carrot_err=  -2 c0=0.79 clear=0.53 prog=0.25 rel=0.83 bal=+0.08 obs=228 hard=226 obsc=240 yr=  0  nz=0.17 flt=0.00 dmap=+0/-0 shz=4.0 plan=10 cmd=(lx=+0.00,ly=+0.28,rx=+0.00)
  t= 61.1 ENG-GO pos=(-3.94,+1.24) yaw=+131.4 d=1.97 goal_err=-18 carrot_err=  -2 c0=0.76 clear=0.51 prog=0.25 rel=0.84 bal=+0.08 obs=228 hard=225 obsc=239 yr=  0  nz=0.16 flt=0.00 dmap=+0/-0 shz=4.0 plan=10 cmd=(lx=+0.00,ly=+0.28,rx=+0.00)
  t= 61.6 ENG-GO pos=(-3.96,+1.26) yaw=+131.4 d=1.94 goal_err=-18 carrot_err= -11 c0=0.72 clear=0.48 prog=0.26 rel=0.94 bal=+0.06 obs=225 hard=223 obsc=236 yr=  0  nz=0.06 flt=0.00 dmap=+0/-0 shz=4.0 plan=10 cmd=(lx=+0.00,ly=+0.28,rx=+0.00)
  t= 62.0 ENG-GO pos=(-3.98,+1.29) yaw=+131.4 d=1.90 goal_err=-18 carrot_err= -11 c0=0.69 clear=0.46 prog=0.26 rel=0.93 bal=-0.01 obs=224 hard=222 obsc=235 yr=  0  nz=0.07 flt=0.00 dmap=+0/-0 shz=4.0 plan=10 cmd=(lx=+0.00,ly=+0.28,rx=+0.00)
  t= 62.5 ENG-GO pos=(-4.01,+1.32) yaw=+131.4 d=1.87 goal_err=-19 carrot_err= -17 c0=0.66 clear=0.44 prog=0.26 rel=0.94 bal=-0.02 obs=225 hard=222 obsc=236 yr=  0  nz=0.07 flt=0.01 dmap=+1/-2 shz=4.0 plan=10 cmd=(lx=+0.00,ly=+0.28,rx=+0.00)
  t= 62.9 ENG-GO pos=(-4.03,+1.34) yaw=+131.4 d=1.84 goal_err=-19 carrot_err= -18 c0=0.63 clear=0.42 prog=0.26 rel=0.94 bal=-0.04 obs=223 hard=219 obsc=233 yr=  0  nz=0.06 flt=0.00 dmap=+0/-1 shz=4.0 plan=9 cmd=(lx=+0.00,ly=+0.28,rx=+0.00)
  t= 63.3 ENG-GO pos=(-4.05,+1.36) yaw=+131.4 d=1.81 goal_err=-19 carrot_err= -19 c0=1.43 clear=0.95 prog=0.24 rel=0.94 bal=-0.06 obs=223 hard=221 obsc=234 yr=  0  nz=0.06 flt=0.00 dmap=+0/-0 shz=4.0 plan=9 cmd=(lx=+0.00,ly=+0.28,rx=+0.00)
  t= 63.8 ENG-GO pos=(-4.07,+1.39) yaw=+131.4 d=1.78 goal_err=-20 carrot_err= -19 c0=1.39 clear=0.93 prog=0.24 rel=0.44 bal=+0.59 obs=222 hard=219 obsc=232 yr=  0  nz=0.56 flt=0.00 dmap=+1/-0 shz=4.0 plan=9 cmd=(lx=+0.00,ly=+0.28,rx=+0.00)
  t= 64.2 ENG-GO pos=(-4.09,+1.41) yaw=+131.4 d=1.75 goal_err=-20 carrot_err= -20 c0=1.36 clear=0.91 prog=0.23 rel=0.41 bal=+0.60 obs=223 hard=221 obsc=234 yr=  0  nz=0.59 flt=0.01 dmap=+1/-1 shz=4.0 plan=9 cmd=(lx=+0.00,ly=+0.28,rx=+0.00)
  t= 64.6 ENG-GO pos=(-4.11,+1.43) yaw=+131.4 d=1.73 goal_err=-20 carrot_err= -21 c0=1.34 clear=0.89 prog=0.22 rel=0.56 bal=+0.61 obs=223 hard=221 obsc=233 yr=  0  nz=0.45 flt=0.00 dmap=+0/-0 shz=4.0 plan=9 cmd=(lx=+0.00,ly=+0.28,rx=+0.00)
  t= 65.1 ENG-GO pos=(-4.13,+1.46) yaw=+131.4 d=1.69 goal_err=-21 carrot_err= -22 c0=1.30 clear=0.87 prog=0.23 rel=0.94 bal=+0.08 obs=223 hard=221 obsc=233 yr=  0  nz=0.06 flt=0.00 dmap=+0/-0 shz=4.0 plan=9 cmd=(lx=+0.00,ly=+0.28,rx=+0.00)
  t= 65.5 ENG-GO pos=(-4.15,+1.48) yaw=+131.4 d=1.67 goal_err=-21 carrot_err= -15 c0=1.27 clear=0.85 prog=0.22 rel=0.94 bal=+0.02 obs=223 hard=222 obsc=235 yr=  0  nz=0.06 flt=0.01 dmap=+0/-0 shz=4.0 plan=9 cmd=(lx=+0.00,ly=+0.28,rx=+0.00)
  t= 66.0 ENG-GO pos=(-4.17,+1.50) yaw=+131.4 d=1.63 goal_err=-21 carrot_err= -16 c0=1.24 clear=0.83 prog=0.22 rel=0.94 bal=+0.01 obs=226 hard=222 obsc=236 yr=  0  nz=0.06 flt=0.00 dmap=+2/-0 shz=4.0 plan=9 cmd=(lx=+0.00,ly=+0.28,rx=+0.00)
  t= 66.4 ENG-GO pos=(-4.20,+1.53) yaw=+131.4 d=1.60 goal_err=-22 carrot_err= -16 c0=1.21 clear=0.80 prog=0.24 rel=0.95 bal=-0.00 obs=228 hard=223 obsc=238 yr=  0  nz=0.05 flt=0.04 dmap=+0/-0 shz=4.0 plan=9 cmd=(lx=+0.00,ly=+0.28,rx=+0.00)
  t= 66.8 ENG-GO pos=(-4.21,+1.55) yaw=+131.4 d=1.57 goal_err=-22 carrot_err= -17 c0=1.18 clear=0.79 prog=0.23 rel=0.95 bal=-0.02 obs=229 hard=224 obsc=239 yr=  0  nz=0.05 flt=0.01 dmap=+0/-0 shz=4.0 plan=9 cmd=(lx=+0.00,ly=+0.28,rx=+0.00)
  t= 67.3 ENG-GO pos=(-4.24,+1.58) yaw=+131.4 d=1.54 goal_err=-23 carrot_err= -18 c0=1.14 clear=0.76 prog=0.23 rel=0.93 bal=-0.63 obs=231 hard=228 obsc=242 yr=  0  nz=0.07 flt=0.00 dmap=+1/-0 shz=4.0 plan=9 cmd=(lx=+0.00,ly=+0.28,rx=+0.00)
  t= 67.7 ENG-GO pos=(-4.26,+1.61) yaw=+131.4 d=1.51 goal_err=-23 carrot_err= -18 c0=1.11 clear=0.74 prog=0.24 rel=0.94 bal=-0.16 obs=229 hard=226 obsc=240 yr=  0  nz=0.06 flt=0.00 dmap=+1/-2 shz=4.0 plan=8 cmd=(lx=+0.00,ly=+0.28,rx=+0.00)
  t= 68.1 ENG-GO pos=(-4.28,+1.63) yaw=+131.4 d=1.48 goal_err=-24 carrot_err= -19 c0=1.08 clear=0.72 prog=0.23 rel=0.94 bal=-0.31 obs=231 hard=228 obsc=241 yr=  0  nz=0.06 flt=0.01 dmap=+0/-0 shz=4.0 plan=8 cmd=(lx=+0.00,ly=+0.28,rx=+0.00)
  t= 68.6 ENG-GO pos=(-4.30,+1.65) yaw=+131.4 d=1.45 goal_err=-24 carrot_err= -20 c0=1.05 clear=0.70 prog=0.22 rel=0.94 bal=-0.22 obs=232 hard=228 obsc=243 yr=  0  nz=0.06 flt=0.01 dmap=+0/-0 shz=4.0 plan=8 cmd=(lx=+0.00,ly=+0.28,rx=+0.00)
  t= 69.0 ENG-GO pos=(-4.32,+1.67) yaw=+131.4 d=1.43 goal_err=-25 carrot_err= -20 c0=1.02 clear=0.68 prog=0.22 rel=0.94 bal=-0.33 obs=234 hard=229 obsc=244 yr=  0  nz=0.06 flt=0.01 dmap=+0/-0 shz=4.0 plan=8 cmd=(lx=+0.00,ly=+0.28,rx=+0.00)
  t= 69.4 ENG-GO pos=(-4.35,+1.70) yaw=+131.4 d=1.39 goal_err=-25 carrot_err= -26 c0=0.99 clear=0.66 prog=0.22 rel=0.95 bal=-0.34 obs=233 hard=229 obsc=244 yr=  0  nz=0.05 flt=0.00 dmap=+1/-2 shz=4.0 plan=8 cmd=(lx=+0.00,ly=+0.28,rx=+0.00)
  t= 69.9 ENG-GO pos=(-4.36,+1.72) yaw=+131.4 d=1.37 goal_err=-26 carrot_err= -26 c0=0.96 clear=0.64 prog=0.22 rel=0.94 bal=-0.35 obs=235 hard=230 obsc=245 yr=  0  nz=0.06 flt=0.00 dmap=+0/-0 shz=4.0 plan=8 cmd=(lx=+0.00,ly=+0.28,rx=+0.00)
  t= 70.3 ENG-GO pos=(-4.39,+1.75) yaw=+131.4 d=1.34 goal_err=-27 carrot_err= -27 c0=0.93 clear=0.62 prog=0.22 rel=0.95 bal=-0.36 obs=235 hard=232 obsc=245 yr=  0  nz=0.05 flt=0.00 dmap=+0/-0 shz=4.0 plan=8 cmd=(lx=+0.00,ly=+0.28,rx=+0.00)
  t= 70.8 ENG-GO pos=(-4.41,+1.77) yaw=+131.4 d=1.30 goal_err=-27 carrot_err= -29 c0=0.90 clear=0.60 prog=0.23 rel=0.94 bal=-0.48 obs=235 hard=232 obsc=245 yr=  0  nz=0.06 flt=0.00 dmap=+0/-0 shz=4.0 plan=7 cmd=(lx=+0.00,ly=+0.28,rx=+0.00)
  t= 71.2 DWA-F pos=(-4.44,+1.80) yaw=+131.4 d=1.27 goal_err=-28 carrot_err= -30 c0=0.86 clear=0.57 prog=0.24 rel=0.94 bal=-0.49 obs=234 hard=230 obsc=244 yr=  0  nz=0.06 flt=0.00 dmap=+1/-1 shz=4.0 plan=7 cmd=(lx=+0.00,ly=+0.40,rx=+0.45)
  t= 71.6 DWA-F pos=(-4.46,+1.83) yaw=+127.4 d=1.24 goal_err=-25 carrot_err= -27 c0=0.94 clear=0.62 prog=0.24 rel=0.94 bal=-0.50 obs=234 hard=230 obsc=244 yr= 18  nz=0.06 flt=0.10 dmap=+0/-0 shz=3.9 plan=7 cmd=(lx=+0.00,ly=+0.40,rx=+0.00)
  t= 72.1 DWA-F pos=(-4.48,+1.86) yaw=+125.4 d=1.20 goal_err=-24 carrot_err= -26 c0=0.89 clear=0.60 prog=0.26 rel=0.95 bal=-0.47 obs=232 hard=230 obsc=243 yr=  0  nz=0.05 flt=0.01 dmap=+0/-0 shz=4.0 plan=7 cmd=(lx=+0.00,ly=+0.40,rx=+0.00)
  t= 72.5 DWA-F pos=(-4.51,+1.90) yaw=+125.4 d=1.16 goal_err=-24 carrot_err= -17 c0=0.85 clear=0.57 prog=0.27 rel=0.95 bal=-0.39 obs=232 hard=231 obsc=243 yr=  0  nz=0.05 flt=0.00 dmap=+0/-0 shz=4.0 plan=7 cmd=(lx=+0.00,ly=+0.40,rx=+0.00)
  t= 73.0 DWA-F pos=(-4.53,+1.93) yaw=+125.4 d=1.13 goal_err=-25 carrot_err= -18 c0=0.82 clear=0.55 prog=0.26 rel=0.94 bal=-0.39 obs=230 hard=228 obsc=241 yr=  0  nz=0.06 flt=0.01 dmap=+1/-1 shz=4.0 plan=7 cmd=(lx=+0.00,ly=+0.40,rx=+0.00)
  t= 73.4 DWA-F pos=(-4.55,+1.96) yaw=+125.4 d=1.09 goal_err=-26 carrot_err= -19 c0=0.78 clear=0.52 prog=0.28 rel=0.93 bal=-0.40 obs=231 hard=228 obsc=241 yr=  0  nz=0.07 flt=0.00 dmap=+1/-0 shz=4.0 plan=7 cmd=(lx=+0.00,ly=+0.40,rx=+0.00)
  t= 73.9 DWA-F pos=(-4.58,+2.00) yaw=+125.4 d=1.05 goal_err=-27 carrot_err= -20 c0=0.74 clear=0.49 prog=0.28 rel=0.94 bal=-0.53 obs=233 hard=230 obsc=243 yr=  0  nz=0.06 flt=0.01 dmap=+1/-0 shz=4.0 plan=6 cmd=(lx=+0.00,ly=+0.40,rx=+0.00)
  t= 74.3 DWA-F pos=(-4.61,+2.04) yaw=+125.4 d=1.01 goal_err=-28 carrot_err= -21 c0=0.70 clear=0.46 prog=0.28 rel=0.93 bal=-0.54 obs=234 hard=233 obsc=246 yr=  0  nz=0.07 flt=0.00 dmap=+0/-0 shz=4.0 plan=6 cmd=(lx=+0.00,ly=+0.40,rx=+0.00)
  t= 74.7 DWA-F pos=(-4.63,+2.06) yaw=+125.4 d=0.98 goal_err=-29 carrot_err= -22 c0=0.67 clear=0.44 prog=0.27 rel=0.94 bal=-0.54 obs=233 hard=231 obsc=246 yr=  0  nz=0.07 flt=0.00 dmap=+1/-1 shz=4.0 plan=6 cmd=(lx=+0.00,ly=+0.40,rx=+0.00)
  t= 75.2 DWA-F pos=(-4.65,+2.10) yaw=+125.4 d=0.94 goal_err=-31 carrot_err= -23 c0=0.90 clear=0.60 prog=0.28 rel=0.86 bal=-0.55 obs=235 hard=232 obsc=246 yr=  0  nz=0.14 flt=0.02 dmap=+1/-0 shz=4.0 plan=6 cmd=(lx=+0.00,ly=+0.40,rx=+0.00)
  t= 75.6 DWA-F pos=(-4.68,+2.14) yaw=+125.4 d=0.91 goal_err=-32 carrot_err= -27 c0=0.86 clear=0.57 prog=0.28 rel=0.83 bal=-0.55 obs=234 hard=231 obsc=247 yr=  0  nz=0.17 flt=0.01 dmap=+0/-0 shz=4.0 plan=6 cmd=(lx=+0.00,ly=+0.40,rx=+0.00)
  t= 76.1 DWA-F pos=(-4.70,+2.16) yaw=+125.4 d=0.88 goal_err=-33 carrot_err= -28 c0=0.83 clear=0.55 prog=0.26 rel=0.84 bal=-0.42 obs=235 hard=229 obsc=246 yr=  0  nz=0.16 flt=0.01 dmap=+0/-0 shz=4.0 plan=6 cmd=(lx=+0.00,ly=+0.40,rx=+0.00)
  t= 76.5 DWA-F pos=(-4.72,+2.20) yaw=+125.4 d=0.84 goal_err=-35 carrot_err= -30 c0=0.79 clear=0.53 prog=0.26 rel=0.93 bal=-0.42 obs=232 hard=231 obsc=235 yr=  0  nz=0.07 flt=0.01 dmap=+2/-1 shz=4.0 plan=6 cmd=(lx=+0.00,ly=+0.40,rx=+0.45)
  t= 77.0 DWA-F pos=(-4.74,+2.23) yaw=+119.4 d=0.81 goal_err=-30 carrot_err= -25 c0=1.15 clear=0.77 prog=0.25 rel=0.79 bal=-0.42 obs=233 hard=232 obsc=236 yr= 18  nz=0.21 flt=0.00 dmap=+2/-1 shz=4.0 plan=5 cmd=(lx=+0.00,ly=+0.40,rx=+0.00)
  t= 77.4 DWA-F pos=(-4.76,+2.27) yaw=+119.4 d=0.77 goal_err=-32 carrot_err= -26 c0=1.11 clear=0.74 prog=0.25 rel=0.72 bal=-0.42 obs=232 hard=232 obsc=234 yr=  0  nz=0.28 flt=0.00 dmap=+0/-0 shz=4.0 plan=5 cmd=(lx=+0.00,ly=+0.40,rx=+0.00)
  t= 77.9 DWA-F pos=(-4.78,+2.29) yaw=+119.4 d=0.75 goal_err=-33 carrot_err= -28 c0=1.08 clear=0.72 prog=0.23 rel=0.76 bal=-0.41 obs=229 hard=231 obsc=233 yr=  0  nz=0.24 flt=0.01 dmap=+0/-0 shz=4.0 plan=5 cmd=(lx=+0.00,ly=+0.40,rx=+0.00)
  t= 78.3 DWA-F pos=(-4.80,+2.33) yaw=+117.4 d=0.71 goal_err=-33 carrot_err= -27 c0=1.04 clear=0.70 prog=0.24 rel=0.81 bal=-0.41 obs=228 hard=229 obsc=232 yr= 18G nz=0.19 flt=0.07 dmap=+0/-0 shz=4.0 plan=4 cmd=(lx=+0.00,ly=+0.40,rx=+0.00)
  t= 78.7 DWA-F pos=(-4.82,+2.37) yaw=+115.3 d=0.68 goal_err=-33 carrot_err= -27 c0=1.02 clear=0.68 prog=0.25 rel=0.95 bal=-0.41 obs=227 hard=228 obsc=230 yr=  0  nz=0.05 flt=0.01 dmap=+0/-1 shz=4.0 plan=4 cmd=(lx=+0.00,ly=+0.40,rx=+0.00)
  t= 79.2 DWA-F pos=(-4.83,+2.40) yaw=+115.3 d=0.65 goal_err=-34 carrot_err= -28 c0=0.99 clear=0.66 prog=0.23 rel=0.94 bal=-0.41 obs=228 hard=227 obsc=231 yr=  0  nz=0.06 flt=0.00 dmap=+0/-0 shz=3.9 plan=4 cmd=(lx=+0.00,ly=+0.40,rx=+0.45)
  t= 79.6 DWA-F pos=(-4.85,+2.44) yaw=+111.3 d=0.62 goal_err=-32 carrot_err= -26 c0=0.94 clear=0.63 prog=0.25 rel=0.93 bal=-0.41 obs=238 hard=234 obsc=240 yr=  0  nz=0.07 flt=0.08 dmap=+0/-0 shz=4.0 plan=4 cmd=(lx=+0.00,ly=+0.40,rx=+0.00)
  t= 80.1 DWA-F pos=(-4.86,+2.48) yaw=+109.3 d=0.58 goal_err=-33 carrot_err= -26 c0=0.90 clear=0.60 prog=0.25 rel=0.92 bal=-0.39 obs=236 hard=235 obsc=240 yr= 18G nz=0.08 flt=0.00 dmap=+0/-0 shz=4.0 plan=4 cmd=(lx=+0.00,ly=+0.40,rx=+0.00)
  t= 80.5 DWA-F pos=(-4.88,+2.52) yaw=+107.3 d=0.54 goal_err=-33 carrot_err= -26 c0=0.86 clear=0.57 prog=0.25 rel=0.92 bal=-0.39 obs=235 hard=234 obsc=241 yr=  0  nz=0.08 flt=0.04 dmap=+0/-2 shz=4.0 plan=4 cmd=(lx=+0.00,ly=+0.40,rx=+0.45)
  t= 81.0 DWA-F pos=(-4.89,+2.56) yaw=+103.3 d=0.50 goal_err=-32 carrot_err= -25 c0=0.98 clear=0.66 prog=0.27 rel=0.91 bal=-0.38 obs=235 hard=234 obsc=241 yr=  0  nz=0.09 flt=0.01 dmap=+0/-0 shz=4.0 plan=4 cmd=(lx=+0.00,ly=+0.40,rx=+0.00)
  t= 81.4 DWA-F pos=(-4.90,+2.59) yaw=+101.3 d=0.48 goal_err=-32 carrot_err= -25 c0=0.95 clear=0.64 prog=0.26 rel=0.91 bal=-0.17 obs=234 hard=236 obsc=241 yr= 17G nz=0.09 flt=0.00 dmap=+0/-0 shz=4.0 plan=3 cmd=(lx=+0.00,ly=+0.28,rx=+0.45)
  t= 81.9 DWA-T pos=(-4.90,+2.62) yaw= +95.3 d=0.46 goal_err=-27 carrot_err= -20 c0=1.10 clear=0.73 prog=0.23 rel=0.91 bal=-0.19 obs=230 hard=228 obsc=234 yr=  0  nz=0.09 flt=0.00 dmap=+1/-5 shz=4.0 plan=3 cmd=(lx=+0.00,ly=+0.00,rx=+0.00)
  t= 82.3 DWA-T pos=(-4.90,+2.62) yaw= +95.3 d=0.46 goal_err=-27 carrot_err= -20 c0=1.10 clear=0.73 prog=0.17 rel=0.85 bal=-0.19 obs=230 hard=228 obsc=234 yr=  0  nz=0.15 flt=0.00 dmap=+0/-0 shz=4.0 plan=3 cmd=(lx=+0.00,ly=+0.00,rx=+0.00)
  t= 82.8 DWA-T pos=(-4.90,+2.62) yaw= +95.3 d=0.46 goal_err=-27 carrot_err= -20 c0=1.10 clear=0.73 prog=0.11 rel=0.85 bal=-0.19 obs=230 hard=228 obsc=234 yr=  0  nz=0.15 flt=0.00 dmap=+0/-0 shz=4.0 plan=3 cmd=(lx=+0.00,ly=+0.00,rx=+0.00)
  t= 83.2 BRK-BK pos=(-4.90,+2.62) yaw= +95.3 d=0.46 goal_err=-27 carrot_err= -20 c0=1.10 clear=0.73 prog=0.05 rel=0.85 bal=-0.19 obs=230 hard=228 obsc=234 yr=  0  nz=0.15 flt=0.00 dmap=+0/-0 shz=4.0 plan=0 cmd=(lx=+0.00,ly=-0.35,rx=+0.00)
  t= 83.6 BRK-TR pos=(-4.90,+2.58) yaw= +95.3 d=0.49 goal_err=-25 carrot_err= -18 c0=1.14 clear=0.76 prog=0.00 rel=0.85 bal=-0.17 obs=230 hard=228 obsc=234 yr=  0G nz=0.15 flt=0.00 dmap=+0/-0 shz=3.6 plan=0 cmd=(lx=+0.00,ly=+0.00,rx=+0.45)
  t= 84.0 BRK-TR pos=(-4.90,+2.58) yaw= +87.3 d=0.49 goal_err=-17 carrot_err= -10 c0=1.13 clear=0.76 prog=0.00 rel=0.98 bal=-0.19 obs=230 hard=228 obsc=234 yr= 18G nz=0.02 flt=0.00 dmap=+0/-0 shz=3.6 plan=0 cmd=(lx=+0.00,ly=+0.00,rx=+0.45)
  t= 84.5 BRK-TR pos=(-4.90,+2.58) yaw= +81.3 d=0.49 goal_err=-11 carrot_err=  -4 c0=1.13 clear=0.76 prog=0.00 rel=0.98 bal=-0.28 obs=230 hard=228 obsc=234 yr=  0G nz=0.02 flt=0.09 dmap=+0/-0 shz=3.6 plan=0 cmd=(lx=+0.00,ly=+0.00,rx=+0.45)
  t= 84.9 BRK-TR pos=(-4.90,+2.58) yaw= +73.2 d=0.49 goal_err=-3 carrot_err=  +4 c0=1.08 clear=0.72 prog=0.00 rel=0.98 bal=-0.33 obs=230 hard=228 obsc=234 yr= 18G nz=0.02 flt=0.00 dmap=+0/-0 shz=3.6 plan=0 cmd=(lx=+0.00,ly=+0.00,rx=+0.45)
  t= 85.4 BRK-TR pos=(-4.90,+2.58) yaw= +65.2 d=0.49 goal_err=+5 carrot_err= +12 c0=1.08 clear=0.72 prog=0.00 rel=0.95 bal=-0.24 obs=230 hard=229 obsc=234 yr= 18G nz=0.05 flt=0.00 dmap=+0/-0 shz=3.6 plan=0 cmd=(lx=+0.00,ly=+0.00,rx=+0.45)
  t= 85.8 BRK-TR pos=(-4.90,+2.58) yaw= +59.2 d=0.49 goal_err=+11 carrot_err= +18 c0=1.08 clear=0.72 prog=0.00 rel=0.94 bal=-0.24 obs=230 hard=229 obsc=234 yr= 18G nz=0.07 flt=0.09 dmap=+0/-0 shz=3.6 plan=0 cmd=(lx=+0.00,ly=+0.00,rx=+0.45)
  t= 86.2 DWA-T pos=(-4.89,+2.59) yaw= +55.2 d=0.48 goal_err=+15 carrot_err= +22 c0=1.06 clear=0.71 prog=0.02 rel=0.94 bal=-0.24 obs=223 hard=222 obsc=227 yr=  0  nz=0.06 flt=0.00 dmap=+0/-0 shz=3.6 plan=3 cmd=(lx=+0.00,ly=+0.00,rx=+0.00)
  t= 86.7 DWA-T pos=(-4.89,+2.59) yaw= +55.2 d=0.48 goal_err=+15 carrot_err= +22 c0=1.06 clear=0.71 prog=0.02 rel=0.97 bal=-0.24 obs=220 hard=221 obsc=227 yr=  0  nz=0.03 flt=0.00 dmap=+0/-0 shz=3.6 plan=3 cmd=(lx=+0.00,ly=+0.00,rx=+0.00)
  t= 87.1 DWA-T pos=(-4.89,+2.59) yaw= +55.2 d=0.48 goal_err=+15 carrot_err= +22 c0=1.06 clear=0.71 prog=0.02 rel=0.97 bal=-0.24 obs=220 hard=221 obsc=227 yr=  0  nz=0.03 flt=0.00 dmap=+0/-0 shz=3.6 plan=3 cmd=(lx=+0.00,ly=+0.00,rx=+0.00)
  t= 87.6 BRK-BK pos=(-4.89,+2.59) yaw= +55.2 d=0.48 goal_err=+15 carrot_err= +22 c0=1.06 clear=0.71 prog=0.02 rel=0.97 bal=-0.24 obs=220 hard=221 obsc=227 yr=  0  nz=0.03 flt=0.00 dmap=+0/-0 shz=3.6 plan=0 cmd=(lx=+0.00,ly=-0.35,rx=+0.00)
  t= 88.0 BRK-TR pos=(-4.90,+2.57) yaw= +55.2 d=0.50 goal_err=+14 carrot_err= +21 c0=1.09 clear=0.72 prog=0.00 rel=1.00 bal=-0.24 obs=215 hard=213 obsc=219 yr=  0  nz=0.00 flt=0.00 dmap=+0/-0 shz=3.4 plan=0 cmd=(lx=+0.00,ly=+0.00,rx=+0.45)
  t= 88.4 BRK-TR pos=(-4.91,+2.56) yaw= +49.2 d=0.51 goal_err=+20 carrot_err= +27 c0=1.10 clear=0.73 prog=0.00 rel=0.97 bal=-0.18 obs=215 hard=213 obsc=219 yr= 19G nz=0.03 flt=0.08 dmap=+0/-0 shz=3.4 plan=0 cmd=(lx=+0.00,ly=+0.00,rx=+0.45)
  t= 88.9 BRK-TR pos=(-4.91,+2.56) yaw= +43.2 d=0.51 goal_err=+26 carrot_err= +33 c0=1.10 clear=0.73 prog=0.00 rel=0.97 bal=-0.18 obs=216 hard=215 obsc=220 yr=  0G nz=0.03 flt=0.00 dmap=+0/-0 shz=3.4 plan=0 cmd=(lx=+0.00,ly=+0.00,rx=+0.45)
  t= 89.3 BRK-TR pos=(-4.91,+2.56) yaw= +35.1 d=0.51 goal_err=+34 carrot_err= +41 c0=1.10 clear=0.73 prog=0.00 rel=0.98 bal=+0.05 obs=216 hard=215 obsc=220 yr= 19G nz=0.02 flt=0.00 dmap=+0/-0 shz=3.4 plan=0 cmd=(lx=+0.00,ly=+0.00,rx=+0.45)
  t= 89.8 BRK-TR pos=(-4.91,+2.56) yaw= +27.1 d=0.51 goal_err=+42 carrot_err= +49 c0=1.10 clear=0.73 prog=0.00 rel=0.99 bal=-0.12 obs=218 hard=217 obsc=222 yr= 18G nz=0.01 flt=0.00 dmap=+0/-0 shz=3.4 plan=0 cmd=(lx=+0.00,ly=+0.00,rx=+0.45)
  t= 90.2 BRK-TR pos=(-4.91,+2.56) yaw= +19.1 d=0.51 goal_err=+50 carrot_err= +57 c0=1.24 clear=0.82 prog=0.00 rel=0.92 bal=+0.06 obs=218 hard=217 obsc=222 yr= 18G nz=0.08 flt=0.16 dmap=+0/-0 shz=3.4 plan=0 cmd=(lx=+0.00,ly=+0.00,rx=+0.45)
  t= 90.6 DWA-F pos=(-4.90,+2.56) yaw= +15.1 d=0.51 goal_err=+55 carrot_err= +62 c0=1.30 clear=0.87 prog=0.01 rel=0.86 bal=+0.06 obs=218 hard=217 obsc=222 yr= 19G nz=0.14 flt=0.14 dmap=+0/-0 shz=3.4 plan=3 cmd=(lx=+0.00,ly=+0.28,rx=-0.45)
  t= 91.1 DWA-F pos=(-4.88,+2.57) yaw= +23.1 d=0.49 goal_err=+49 carrot_err= +57 c0=1.21 clear=0.80 prog=0.04 rel=0.84 bal=+0.02 obs=218 hard=217 obsc=222 yr= 18G nz=0.15 flt=0.03 dmap=+0/-0 shz=3.4 plan=3 cmd=(lx=+0.00,ly=+0.28,rx=-0.45)
  t= 91.5 DWA-F pos=(-4.86,+2.58) yaw= +29.1 d=0.48 goal_err=+45 carrot_err= +53 c0=1.05 clear=0.70 prog=0.06 rel=0.85 bal=-0.10 obs=218 hard=217 obsc=222 yr= 19G nz=0.15 flt=0.00 dmap=+0/-0 shz=3.4 plan=3 cmd=(lx=+0.00,ly=+0.28,rx=-0.45)
  t= 92.0 DWA-F pos=(-4.83,+2.60) yaw= +37.1 d=0.46 goal_err=+40 carrot_err= +48 c0=1.02 clear=0.68 prog=0.09 rel=0.81 bal=-0.09 obs=218 hard=217 obsc=222 yr= 19G nz=0.19 flt=0.04 dmap=+0/-0 shz=3.4 plan=3 cmd=(lx=+0.00,ly=+0.28,rx=-0.45)
  t= 92.4 DWA-F pos=(-4.81,+2.61) yaw= +45.2 d=0.43 goal_err=+34 carrot_err= +43 c0=1.00 clear=0.67 prog=0.13 rel=0.79 bal=-0.02 obs=222 hard=221 obsc=226 yr= 19G nz=0.14 flt=0.02 dmap=+3/-0 shz=3.4 plan=3 cmd=(lx=+0.00,ly=+0.28,rx=-0.45)
  t= 92.8 DWA-F pos=(-4.80,+2.63) yaw= +51.2 d=0.42 goal_err=+29 carrot_err= +39 c0=0.98 clear=0.65 prog=0.14 rel=0.88 bal=-0.03 obs=223 hard=222 obsc=227 yr= 18G nz=0.12 flt=0.15 dmap=+1/-0 shz=3.4 plan=3 cmd=(lx=+0.00,ly=+0.28,rx=-0.45)

  >>> MODO AGRESIVO ON (12s sin acercarse a B): reduzco inflado y holgura (min seguridad 0.24m) para cruzar la puerta.
  t= 93.3 AGR-DWA-T pos=(-4.78,+2.65) yaw= +59.2 d=0.39 goal_err=+23 carrot_err= +34 c0=0.95 clear=0.63 prog=0.16 rel=0.94 bal=-0.13 obs=224 hard=223 obsc=228 yr= 19  nz=0.06 flt=0.06 dmap=+0/-0 shz=3.4 plan=3 cmd=(lx=+0.00,ly=+0.00,rx=+0.00)
  t= 93.7 AGR-DWA-T pos=(-4.78,+2.65) yaw= +59.2 d=0.39 goal_err=+23 carrot_err= +34 c0=0.95 clear=0.63 prog=0.13 rel=0.95 bal=-0.13 obs=215 hard=208 obsc=220 yr=  0  nz=0.05 flt=0.00 dmap=+0/-0 shz=3.4 plan=3 cmd=(lx=+0.00,ly=+0.00,rx=+0.00)
  t= 94.1 AGR-DWA-T pos=(-4.78,+2.65) yaw= +59.2 d=0.39 goal_err=+23 carrot_err= +34 c0=0.95 clear=0.63 prog=0.09 rel=0.95 bal=-0.13 obs=215 hard=208 obsc=220 yr=  0  nz=0.05 flt=0.00 dmap=+0/-0 shz=3.4 plan=3 cmd=(lx=+0.00,ly=+0.00,rx=+0.00)

  COLISION #1 [odom] en (-4.78,+2.65) -> marco y recupero.
  t= 94.6 AGR-R-BACK pos=(-4.79,+2.64) yaw= +59.2 d=0.40 goal_err=+22 carrot_err= +33 c0=0.25 clear=0.17 prog=0.04 rel=0.95 bal=-0.13 obs=219 hard=212 obsc=220 yr=  0  nz=0.05 flt=0.00 dmap=+0/-0 shz=3.4 plan=0 cmd=(lx=+0.00,ly=-0.35,rx=+0.00)
  t= 95.0 AGR-R-TURN pos=(-4.80,+2.62) yaw= +55.2 d=0.43 goal_err=+25 carrot_err= +35 c0=0.27 clear=0.18 prog=0.00 rel=0.97 bal=-0.05 obs=215 hard=207 obsc=215 yr= 18G nz=0.03 flt=0.07 dmap=+0/-0 shz=3.2 plan=0 cmd=(lx=+0.00,ly=+0.00,rx=+0.45)
  t= 95.5 AGR-R-TURN pos=(-4.80,+2.62) yaw= +49.2 d=0.43 goal_err=+31 carrot_err= +41 c0=0.27 clear=0.18 prog=0.00 rel=0.97 bal=-0.35 obs=215 hard=207 obsc=215 yr=  0G nz=0.03 flt=0.00 dmap=+0/-0 shz=3.2 plan=0 cmd=(lx=+0.00,ly=+0.00,rx=+0.45)
  t= 95.9 AGR-R-TURN pos=(-4.80,+2.62) yaw= +41.1 d=0.43 goal_err=+39 carrot_err= +49 c0=0.27 clear=0.18 prog=0.00 rel=0.97 bal=-0.35 obs=215 hard=207 obsc=215 yr= 18G nz=0.03 flt=0.00 dmap=+0/-0 shz=3.2 plan=0 cmd=(lx=+0.00,ly=+0.00,rx=+0.45)
  t= 96.3 AGR-DWA-T pos=(-4.80,+2.62) yaw= +39.1 d=0.43 goal_err=+41 carrot_err= +51 c0=0.27 clear=0.18 prog=0.00 rel=1.00 bal=-0.35 obs=215 hard=207 obsc=215 yr= 18G nz=0.00 flt=0.00 dmap=+0/-0 shz=3.2 plan=3 cmd=(lx=+0.00,ly=+0.00,rx=+0.00)
  t= 96.8 AGR-DWA-T pos=(-4.80,+2.62) yaw= +41.1 d=0.43 goal_err=+39 carrot_err= +49 c0=0.27 clear=0.18 prog=0.00 rel=0.96 bal=-0.35 obs=225 hard=217 obsc=225 yr=  0  nz=0.04 flt=0.04 dmap=+0/-0 shz=3.2 plan=3 cmd=(lx=+0.00,ly=+0.00,rx=+0.00)
  t= 97.2 AGR-DWA-T pos=(-4.80,+2.62) yaw= +41.1 d=0.43 goal_err=+39 carrot_err= +49 c0=0.27 clear=0.18 prog=0.00 rel=0.96 bal=-0.35 obs=225 hard=217 obsc=225 yr=  0  nz=0.04 flt=0.04 dmap=+0/-0 shz=3.2 plan=3 cmd=(lx=+0.00,ly=+0.00,rx=+0.00)
  t= 97.7 AGR-DWA-T pos=(-4.80,+2.62) yaw= +41.1 d=0.43 goal_err=+39 carrot_err= +49 c0=0.27 clear=0.18 prog=0.00 rel=0.96 bal=-0.35 obs=225 hard=217 obsc=225 yr=  0  nz=0.04 flt=0.04 dmap=+0/-0 shz=3.2 plan=0 cmd=(lx=+0.00,ly=+0.00,rx=+0.00)
  t= 98.1 AGR-BRK-TR pos=(-4.80,+2.62) yaw= +37.1 d=0.43 goal_err=+43 carrot_err= +53 c0=0.27 clear=0.18 prog=0.00 rel=0.96 bal=-0.35 obs=225 hard=217 obsc=225 yr= 18G nz=0.04 flt=0.05 dmap=+0/-0 shz=3.0 plan=0 cmd=(lx=+0.00,ly=+0.00,rx=+0.45)
  t= 98.5 AGR-BRK-TR pos=(-4.80,+2.62) yaw= +31.1 d=0.43 goal_err=+49 carrot_err= +59 c0=0.27 clear=0.18 prog=0.00 rel=0.97 bal=-0.35 obs=225 hard=217 obsc=225 yr= 18G nz=0.03 flt=0.00 dmap=+0/-0 shz=3.0 plan=0 cmd=(lx=+0.00,ly=+0.00,rx=+0.45)
  t= 99.0 AGR-BRK-TR pos=(-4.80,+2.62) yaw= +23.1 d=0.43 goal_err=+57 carrot_err= +67 c0=0.27 clear=0.18 prog=0.00 rel=0.97 bal=-0.35 obs=225 hard=217 obsc=225 yr= 18G nz=0.03 flt=0.07 dmap=+0/-0 shz=3.0 plan=0 cmd=(lx=+0.00,ly=+0.00,rx=+0.45)
  t= 99.4 AGR-BRK-TR pos=(-4.80,+2.62) yaw= +17.1 d=0.43 goal_err=+63 carrot_err= +73 c0=0.27 clear=0.18 prog=0.00 rel=0.97 bal=-0.35 obs=225 hard=217 obsc=225 yr=  0G nz=0.03 flt=0.10 dmap=+0/-0 shz=3.0 plan=0 cmd=(lx=+0.00,ly=+0.00,rx=+0.45)
  t= 99.8 AGR-BRK-TR pos=(-4.80,+2.62) yaw=  +9.1 d=0.43 goal_err=+71 carrot_err= +81 c0=1.03 clear=0.68 prog=0.00 rel=0.54 bal=-0.35 obs=225 hard=217 obsc=225 yr= 18G nz=0.46 flt=0.00 dmap=+0/-0 shz=3.1 plan=0 cmd=(lx=+0.00,ly=+0.00,rx=+0.45)
  t=100.3 AGR-DWA-T pos=(-4.80,+2.62) yaw=  +1.0 d=0.43 goal_err=+79 carrot_err= +89 c0=1.03 clear=0.68 prog=0.00 rel=0.41 bal=-0.49 obs=225 hard=217 obsc=225 yr= 18G nz=0.59 flt=0.00 dmap=+0/-0 shz=3.1 plan=3 cmd=(lx=+0.00,ly=+0.00,rx=-0.45)
  t=100.7 AGR-DWA-T pos=(-4.80,+2.62) yaw=  +5.1 d=0.43 goal_err=+75 carrot_err= +85 c0=1.03 clear=0.68 prog=0.00 rel=0.43 bal=-0.49 obs=225 hard=217 obsc=225 yr= 19G nz=0.57 flt=0.32 dmap=+0/-0 shz=3.1 plan=3 cmd=(lx=+0.00,ly=+0.00,rx=-0.45)
  t=101.1 AGR-DWA-T pos=(-4.80,+2.62) yaw= +11.1 d=0.43 goal_err=+69 carrot_err= +79 c0=1.03 clear=0.68 prog=0.00 rel=0.91 bal=-0.35 obs=226 hard=221 obsc=226 yr= 19G nz=0.04 flt=0.00 dmap=+0/-0 shz=3.1 plan=3 cmd=(lx=+0.00,ly=+0.00,rx=-0.45)
  t=101.6 AGR-DWA-T pos=(-4.80,+2.62) yaw= +19.1 d=0.43 goal_err=+61 carrot_err= +71 c0=0.27 clear=0.18 prog=0.00 rel=0.52 bal=-0.35 obs=226 hard=221 obsc=226 yr= 18G nz=0.48 flt=0.00 dmap=+0/-0 shz=3.0 plan=3 cmd=(lx=+0.00,ly=+0.00,rx=-0.45)
  t=102.0 AGR-DWA-T pos=(-4.80,+2.62) yaw= +27.1 d=0.43 goal_err=+53 carrot_err= +63 c0=0.27 clear=0.18 prog=0.00 rel=0.42 bal=-0.35 obs=226 hard=221 obsc=226 yr= 18G nz=0.58 flt=0.17 dmap=+0/-0 shz=3.0 plan=3 cmd=(lx=+0.00,ly=+0.00,rx=-0.45)
  t=102.5 AGR-DWA-T pos=(-4.80,+2.62) yaw= +35.1 d=0.43 goal_err=+45 carrot_err= +55 c0=0.27 clear=0.18 prog=0.00 rel=0.39 bal=-0.35 obs=226 hard=221 obsc=226 yr= 18G nz=0.61 flt=0.00 dmap=+0/-0 shz=3.1 plan=3 cmd=(lx=+0.00,ly=+0.00,rx=-0.45)
  t=102.9 AGR-DWA-T pos=(-4.80,+2.62) yaw= +41.1 d=0.43 goal_err=+39 carrot_err= +49 c0=0.27 clear=0.18 prog=0.00 rel=0.50 bal=-0.35 obs=226 hard=221 obsc=226 yr=  0  nz=0.50 flt=0.00 dmap=+0/-0 shz=3.3 plan=3 cmd=(lx=+0.00,ly=+0.00,rx=+0.00)
  t=103.4 AGR-DWA-T pos=(-4.80,+2.62) yaw= +41.1 d=0.43 goal_err=+39 carrot_err= +49 c0=0.27 clear=0.18 prog=0.00 rel=0.99 bal=-0.35 obs=203 hard=195 obsc=207 yr=  0  nz=0.01 flt=0.06 dmap=+0/-0 shz=3.3 plan=3 cmd=(lx=+0.00,ly=+0.00,rx=+0.00)
  t=103.8 AGR-DWA-T pos=(-4.80,+2.62) yaw= +41.1 d=0.43 goal_err=+39 carrot_err= +49 c0=0.27 clear=0.18 prog=0.00 rel=0.99 bal=-0.35 obs=203 hard=195 obsc=207 yr=  0  nz=0.01 flt=0.06 dmap=+0/-0 shz=3.3 plan=3 cmd=(lx=+0.00,ly=+0.00,rx=+0.00)
  t=104.2 AGR-BRK-TR pos=(-4.80,+2.62) yaw= +41.1 d=0.43 goal_err=+39 carrot_err= +49 c0=0.27 clear=0.18 prog=0.00 rel=0.99 bal=-0.35 obs=203 hard=195 obsc=207 yr=  0G nz=0.01 flt=0.06 dmap=+0/-0 shz=3.3 plan=0 cmd=(lx=+0.00,ly=+0.00,rx=+0.45)
  t=104.7 AGR-BRK-TR pos=(-4.80,+2.62) yaw= +35.1 d=0.43 goal_err=+45 carrot_err= +55 c0=0.27 clear=0.18 prog=0.00 rel=0.96 bal=-0.35 obs=203 hard=196 obsc=207 yr=  0G nz=0.04 flt=0.05 dmap=+0/-0 shz=3.1 plan=0 cmd=(lx=+0.00,ly=+0.00,rx=+0.45)
  t=105.1 AGR-BRK-TR pos=(-4.80,+2.62) yaw= +27.1 d=0.43 goal_err=+53 carrot_err= +63 c0=0.27 clear=0.18 prog=0.00 rel=1.00 bal=-0.35 obs=203 hard=196 obsc=207 yr= 18G nz=0.00 flt=0.00 dmap=+0/-0 shz=3.1 plan=0 cmd=(lx=+0.00,ly=+0.00,rx=+0.45)
  t=105.6 AGR-BRK-TR pos=(-4.80,+2.62) yaw= +19.1 d=0.43 goal_err=+61 carrot_err= +71 c0=0.27 clear=0.18 prog=0.00 rel=1.00 bal=-0.35 obs=204 hard=196 obsc=207 yr= 18G nz=0.00 flt=0.15 dmap=+1/-0 shz=3.1 plan=0 cmd=(lx=+0.00,ly=+0.00,rx=+0.45)
  t=106.0 AGR-BRK-TR pos=(-4.80,+2.62) yaw= +11.1 d=0.43 goal_err=+69 carrot_err= +79 c0=1.03 clear=0.68 prog=0.00 rel=0.48 bal=-0.35 obs=208 hard=200 obsc=209 yr= 18G nz=0.52 flt=0.00 dmap=+0/-0 shz=3.1 plan=0 cmd=(lx=+0.00,ly=+0.00,rx=+0.45)
  t=106.4 AGR-BRK-TR pos=(-4.80,+2.62) yaw=  +5.1 d=0.43 goal_err=+75 carrot_err= +85 c0=1.03 clear=0.68 prog=0.00 rel=0.38 bal=-0.49 obs=208 hard=200 obsc=209 yr=  0G nz=0.62 flt=0.14 dmap=+0/-0 shz=3.1 plan=0 cmd=(lx=+0.00,ly=+0.00,rx=+0.45)
  t=106.9 AGR-DWA-T pos=(-4.80,+2.62) yaw=  +5.1 d=0.43 goal_err=+75 carrot_err= +85 c0=1.03 clear=0.68 prog=0.00 rel=0.55 bal=-0.49 obs=208 hard=200 obsc=209 yr= 19G nz=0.45 flt=0.01 dmap=+0/-0 shz=3.1 plan=3 cmd=(lx=+0.00,ly=+0.00,rx=-0.45)
  t=107.3 AGR-DWA-T pos=(-4.80,+2.62) yaw= +13.1 d=0.43 goal_err=+67 carrot_err= +77 c0=1.16 clear=0.77 prog=0.00 rel=0.58 bal=-0.35 obs=208 hard=200 obsc=209 yr= 18G nz=0.42 flt=0.16 dmap=+0/-0 shz=3.3 plan=3 cmd=(lx=+0.00,ly=+0.00,rx=-0.45)
  t=107.8 AGR-DWA-T pos=(-4.80,+2.62) yaw= +19.1 d=0.43 goal_err=+61 carrot_err= +71 c0=0.27 clear=0.18 prog=0.00 rel=0.55 bal=-0.35 obs=208 hard=200 obsc=209 yr=  0G nz=0.45 flt=0.05 dmap=+0/-0 shz=3.3 plan=3 cmd=(lx=+0.00,ly=+0.00,rx=-0.45)
  t=108.2 AGR-DWA-T pos=(-4.80,+2.62) yaw= +27.1 d=0.43 goal_err=+53 carrot_err= +63 c0=0.27 clear=0.18 prog=0.00 rel=0.40 bal=-0.35 obs=208 hard=200 obsc=209 yr= 19G nz=0.60 flt=0.00 dmap=+0/-0 shz=3.3 plan=3 cmd=(lx=+0.00,ly=+0.00,rx=-0.45)
  t=108.6 AGR-DWA-T pos=(-4.80,+2.62) yaw= +35.1 d=0.43 goal_err=+45 carrot_err= +55 c0=0.27 clear=0.18 prog=0.00 rel=0.49 bal=-0.35 obs=208 hard=200 obsc=209 yr= 18G nz=0.51 flt=0.00 dmap=+0/-0 shz=3.3 plan=3 cmd=(lx=+0.00,ly=+0.00,rx=-0.45)
  t=109.1 AGR-DWA-T pos=(-4.80,+2.62) yaw= +41.1 d=0.43 goal_err=+39 carrot_err= +49 c0=0.27 clear=0.18 prog=0.00 rel=0.52 bal=-0.35 obs=185 hard=174 obsc=198 yr=  0  nz=0.48 flt=0.00 dmap=+0/-23 shz=3.3 plan=3 cmd=(lx=+0.00,ly=+0.00,rx=+0.00)
  t=109.5 AGR-DWA-T pos=(-4.80,+2.62) yaw= +41.1 d=0.43 goal_err=+39 carrot_err= +49 c0=0.27 clear=0.18 prog=0.00 rel=0.99 bal=-0.35 obs=183 hard=173 obsc=195 yr=  0  nz=0.01 flt=0.06 dmap=+0/-0 shz=3.3 plan=3 cmd=(lx=+0.00,ly=+0.00,rx=+0.00)
  t=110.0 AGR-DWA-T pos=(-4.80,+2.62) yaw= +41.1 d=0.43 goal_err=+39 carrot_err= +49 c0=0.27 clear=0.18 prog=0.00 rel=0.99 bal=-0.35 obs=183 hard=173 obsc=195 yr=  0  nz=0.01 flt=0.06 dmap=+0/-0 shz=3.3 plan=3 cmd=(lx=+0.00,ly=+0.00,rx=+0.00)
  t=110.4 AGR-BRK-BK pos=(-4.80,+2.62) yaw= +41.1 d=0.43 goal_err=+39 carrot_err= +49 c0=0.27 clear=0.18 prog=0.00 rel=0.99 bal=-0.35 obs=183 hard=173 obsc=195 yr=  0  nz=0.01 flt=0.06 dmap=+0/-0 shz=3.3 plan=0 cmd=(lx=+0.00,ly=-0.35,rx=+0.00)
  t=110.8 AGR-BRK-TR pos=(-4.84,+2.59) yaw= +41.1 d=0.47 goal_err=+35 carrot_err= +43 c0=0.32 clear=0.21 prog=0.00 rel=0.98 bal=-0.34 obs=175 hard=169 obsc=190 yr=  0G nz=0.02 flt=0.01 dmap=+0/-0 shz=3.1 plan=0 cmd=(lx=+0.00,ly=+0.00,rx=+0.45)
  t=111.3 AGR-BRK-TR pos=(-4.84,+2.59) yaw= +33.1 d=0.47 goal_err=+43 carrot_err= +51 c0=0.32 clear=0.21 prog=0.00 rel=0.96 bal=-0.34 obs=175 hard=169 obsc=190 yr= 18G nz=0.04 flt=0.00 dmap=+0/-0 shz=3.1 plan=0 cmd=(lx=+0.00,ly=+0.00,rx=+0.45)
  t=111.7 AGR-BRK-TR pos=(-4.84,+2.59) yaw= +27.1 d=0.47 goal_err=+49 carrot_err= +57 c0=0.32 clear=0.21 prog=0.00 rel=0.96 bal=-0.34 obs=175 hard=169 obsc=190 yr= 19G nz=0.04 flt=0.05 dmap=+0/-0 shz=3.1 plan=0 cmd=(lx=+0.00,ly=+0.00,rx=+0.45)
  t=112.2 AGR-BRK-TR pos=(-4.84,+2.59) yaw= +19.1 d=0.47 goal_err=+57 carrot_err= +65 c0=0.32 clear=0.21 prog=0.00 rel=0.99 bal=-0.34 obs=175 hard=169 obsc=190 yr= 19G nz=0.01 flt=0.00 dmap=+0/-0 shz=3.1 plan=0 cmd=(lx=+0.00,ly=+0.00,rx=+0.45)
  t=112.6 AGR-BRK-TR pos=(-4.84,+2.59) yaw= +11.1 d=0.47 goal_err=+65 carrot_err= +73 c0=1.06 clear=0.70 prog=0.00 rel=0.99 bal=-0.34 obs=175 hard=169 obsc=190 yr= 18G nz=0.01 flt=0.15 dmap=+0/-0 shz=3.1 plan=0 cmd=(lx=+0.00,ly=+0.00,rx=+0.45)
  t=113.0 AGR-BRK-TR pos=(-4.84,+2.59) yaw=  +3.0 d=0.47 goal_err=+73 carrot_err= +82 c0=1.06 clear=0.70 prog=0.00 rel=0.47 bal=-0.46 obs=175 hard=171 obsc=190 yr= 19G nz=0.53 flt=0.12 dmap=+0/-0 shz=3.1 plan=0 cmd=(lx=+0.00,ly=+0.00,rx=+0.45)
  t=113.5 AGR-DWA-T pos=(-4.84,+2.59) yaw=  +3.0 d=0.47 goal_err=+73 carrot_err= +82 c0=1.06 clear=0.70 prog=0.00 rel=0.47 bal=-0.46 obs=175 hard=171 obsc=190 yr= 18G nz=0.53 flt=0.13 dmap=+0/-0 shz=3.1 plan=3 cmd=(lx=+0.00,ly=+0.00,rx=-0.45)
  t=113.9 AGR-DWA-T pos=(-4.84,+2.59) yaw= +11.1 d=0.47 goal_err=+65 carrot_err= +73 c0=1.06 clear=0.70 prog=0.00 rel=0.99 bal=-0.34 obs=175 hard=171 obsc=190 yr= 36G nz=0.01 flt=0.08 dmap=+0/-0 shz=3.3 plan=3 cmd=(lx=+0.00,ly=+0.00,rx=-0.45)
  t=114.4 AGR-DWA-T pos=(-4.84,+2.59) yaw= +17.1 d=0.47 goal_err=+59 carrot_err= +67 c0=0.32 clear=0.21 prog=0.00 rel=0.99 bal=-0.34 obs=175 hard=171 obsc=190 yr= 18G nz=0.01 flt=0.13 dmap=+0/-0 shz=3.3 plan=3 cmd=(lx=+0.00,ly=+0.00,rx=-0.45)
  t=114.8 AGR-DWA-T pos=(-4.84,+2.59) yaw= +25.1 d=0.47 goal_err=+51 carrot_err= +59 c0=0.32 clear=0.21 prog=0.00 rel=0.47 bal=-0.34 obs=175 hard=171 obsc=190 yr= 18G nz=0.53 flt=0.00 dmap=+0/-0 shz=3.3 plan=3 cmd=(lx=+0.00,ly=+0.00,rx=-0.45)
  t=115.3 AGR-DWA-T pos=(-4.84,+2.59) yaw= +33.1 d=0.47 goal_err=+43 carrot_err= +51 c0=0.32 clear=0.21 prog=0.00 rel=0.45 bal=-0.34 obs=175 hard=171 obsc=190 yr= 19G nz=0.55 flt=0.00 dmap=+0/-0 shz=3.3 plan=3 cmd=(lx=+0.00,ly=+0.00,rx=-0.45)
  t=115.7 AGR-DWA-T pos=(-4.84,+2.59) yaw= +37.1 d=0.47 goal_err=+39 carrot_err= +47 c0=0.32 clear=0.21 prog=0.00 rel=0.97 bal=-0.41 obs=164 hard=151 obsc=176 yr=  0  nz=0.03 flt=0.00 dmap=+0/-0 shz=3.3 plan=3 cmd=(lx=+0.00,ly=+0.00,rx=+0.00)
  t=116.1 AGR-DWA-T pos=(-4.84,+2.59) yaw= +37.1 d=0.47 goal_err=+39 carrot_err= +47 c0=0.32 clear=0.21 prog=0.00 rel=0.97 bal=-0.41 obs=163 hard=152 obsc=172 yr=  0  nz=0.03 flt=0.05 dmap=+0/-0 shz=3.3 plan=3 cmd=(lx=+0.00,ly=+0.00,rx=+0.00)
  t=116.6 AGR-DWA-T pos=(-4.84,+2.59) yaw= +37.1 d=0.47 goal_err=+39 carrot_err= +47 c0=0.32 clear=0.21 prog=0.00 rel=0.97 bal=-0.41 obs=163 hard=152 obsc=172 yr=  0  nz=0.03 flt=0.05 dmap=+0/-0 shz=3.3 plan=3 cmd=(lx=+0.00,ly=+0.00,rx=+0.00)
  t=117.0 AGR-BRK-TR pos=(-4.84,+2.59) yaw= +35.1 d=0.47 goal_err=+41 carrot_err= +49 c0=0.32 clear=0.21 prog=0.00 rel=0.97 bal=-0.41 obs=163 hard=152 obsc=172 yr= 18G nz=0.03 flt=0.05 dmap=+0/-0 shz=3.3 plan=0 cmd=(lx=+0.00,ly=+0.00,rx=+0.45)
  t=117.4 AGR-BRK-TR pos=(-4.84,+2.59) yaw= +27.1 d=0.47 goal_err=+49 carrot_err= +57 c0=0.32 clear=0.21 prog=0.00 rel=1.00 bal=-0.41 obs=163 hard=152 obsc=172 yr= 18G nz=0.00 flt=0.00 dmap=+0/-0 shz=3.3 plan=0 cmd=(lx=+0.00,ly=+0.00,rx=+0.45)
  t=117.9 AGR-BRK-TR pos=(-4.84,+2.59) yaw= +19.1 d=0.47 goal_err=+57 carrot_err= +65 c0=0.32 clear=0.21 prog=0.00 rel=1.00 bal=-0.41 obs=163 hard=152 obsc=172 yr= 18G nz=0.00 flt=0.15 dmap=+0/-0 shz=3.3 plan=0 cmd=(lx=+0.00,ly=+0.00,rx=+0.45)
  t=118.3 AGR-BRK-TR pos=(-4.84,+2.59) yaw= +11.1 d=0.47 goal_err=+65 carrot_err= +73 c0=1.24 clear=0.83 prog=0.00 rel=0.44 bal=-0.41 obs=163 hard=152 obsc=172 yr= 19G nz=0.56 flt=0.05 dmap=+0/-0 shz=3.3 plan=0 cmd=(lx=+0.00,ly=+0.00,rx=+0.45)
  t=118.7 AGR-BRK-TR pos=(-4.84,+2.59) yaw=  +3.0 d=0.47 goal_err=+73 carrot_err= +82 c0=1.11 clear=0.74 prog=0.00 rel=0.30 bal=-0.46 obs=163 hard=152 obsc=172 yr= 18G nz=0.70 flt=0.00 dmap=+0/-0 shz=3.3 plan=0 cmd=(lx=+0.00,ly=+0.00,rx=+0.45)
  t=119.2 AGR-DWA-T pos=(-4.84,+2.59) yaw=  -5.0 d=0.47 goal_err=+81 carrot_err= +90 c0=1.11 clear=0.74 prog=0.00 rel=0.50 bal=-0.44 obs=163 hard=152 obsc=172 yr= 18G nz=0.50 flt=0.01 dmap=+0/-0 shz=3.3 plan=3 cmd=(lx=+0.00,ly=+0.00,rx=-0.45)
  t=119.6 AGR-DWA-T pos=(-4.84,+2.59) yaw=  -3.0 d=0.47 goal_err=+79 carrot_err= +88 c0=1.11 clear=0.74 prog=0.00 rel=0.53 bal=-0.44 obs=163 hard=152 obsc=172 yr= 18G nz=0.47 flt=0.17 dmap=+0/-0 shz=3.3 plan=3 cmd=(lx=+0.00,ly=+0.00,rx=-0.45)
  t=120.1 AGR-DWA-T pos=(-4.84,+2.59) yaw=  +5.1 d=0.47 goal_err=+71 carrot_err= +79 c0=1.24 clear=0.83 prog=0.00 rel=0.91 bal=-0.46 obs=163 hard=152 obsc=172 yr= 18G nz=0.09 flt=0.00 dmap=+0/-0 shz=3.3 plan=3 cmd=(lx=+0.00,ly=+0.00,rx=-0.45)
  t=120.5 AGR-DWA-T pos=(-4.84,+2.59) yaw= +13.1 d=0.47 goal_err=+63 carrot_err= +71 c0=1.24 clear=0.83 prog=0.00 rel=0.90 bal=-0.41 obs=163 hard=152 obsc=172 yr= 18G nz=0.10 flt=0.00 dmap=+0/-0 shz=3.3 plan=3 cmd=(lx=+0.00,ly=+0.00,rx=-0.45)
  t=121.0 AGR-DWA-T pos=(-4.84,+2.59) yaw= +21.1 d=0.47 goal_err=+55 carrot_err= +63 c0=0.32 clear=0.21 prog=0.00 rel=0.44 bal=-0.34 obs=168 hard=157 obsc=177 yr= 18G nz=0.53 flt=0.00 dmap=+0/-0 shz=3.3 plan=3 cmd=(lx=+0.00,ly=+0.00,rx=-0.45)
  t=121.4 AGR-DWA-T pos=(-4.84,+2.59) yaw= +27.1 d=0.47 goal_err=+49 carrot_err= +57 c0=0.32 clear=0.21 prog=0.00 rel=0.34 bal=-0.34 obs=168 hard=157 obsc=177 yr= 18G nz=0.63 flt=0.00 dmap=+0/-0 shz=3.3 plan=3 cmd=(lx=+0.00,ly=+0.00,rx=-0.45)
  t=121.9 AGR-DWA-T pos=(-4.84,+2.59) yaw= +35.1 d=0.47 goal_err=+41 carrot_err= +49 c0=0.32 clear=0.21 prog=0.00 rel=0.30 bal=-0.34 obs=168 hard=157 obsc=177 yr= 18G nz=0.68 flt=0.14 dmap=+0/-0 shz=3.3 plan=3 cmd=(lx=+0.00,ly=+0.00,rx=+0.00)
  t=122.3 AGR-DWA-T pos=(-4.84,+2.59) yaw= +37.1 d=0.47 goal_err=+39 carrot_err= +47 c0=0.32 clear=0.21 prog=0.00 rel=0.48 bal=-0.34 obs=161 hard=147 obsc=170 yr=  0  nz=0.52 flt=0.00 dmap=+0/-0 shz=3.3 plan=3 cmd=(lx=+0.00,ly=+0.00,rx=+0.00)
  t=122.7 AGR-DWA-T pos=(-4.84,+2.59) yaw= +37.1 d=0.47 goal_err=+39 carrot_err= +47 c0=0.32 clear=0.21 prog=0.00 rel=0.48 bal=-0.34 obs=161 hard=147 obsc=170 yr=  0  nz=0.52 flt=0.00 dmap=+0/-0 shz=3.3 plan=3 cmd=(lx=+0.00,ly=+0.00,rx=+0.00)
  t=123.2 AGR-DWA-T pos=(-4.84,+2.59) yaw= +37.1 d=0.47 goal_err=+39 carrot_err= +47 c0=0.32 clear=0.21 prog=0.00 rel=0.48 bal=-0.34 obs=161 hard=147 obsc=170 yr=  0  nz=0.52 flt=0.00 dmap=+0/-0 shz=3.3 plan=0 cmd=(lx=+0.00,ly=+0.00,rx=+0.00)
  t=123.6 AGR-BRK-TR pos=(-4.84,+2.59) yaw= +33.1 d=0.47 goal_err=+43 carrot_err= +51 c0=0.32 clear=0.21 prog=0.00 rel=0.48 bal=-0.34 obs=161 hard=147 obsc=170 yr= 19G nz=0.52 flt=0.08 dmap=+0/-0 shz=3.3 plan=0 cmd=(lx=+0.00,ly=+0.00,rx=+0.45)
  t=124.0 AGR-BRK-TR pos=(-4.84,+2.59) yaw= +27.1 d=0.47 goal_err=+49 carrot_err= +57 c0=0.32 clear=0.21 prog=0.00 rel=1.00 bal=-0.34 obs=161 hard=147 obsc=170 yr= 18G nz=0.00 flt=0.00 dmap=+0/-0 shz=3.3 plan=0 cmd=(lx=+0.00,ly=+0.00,rx=+0.45)
  t=124.5 AGR-BRK-TR pos=(-4.84,+2.59) yaw= +19.1 d=0.47 goal_err=+57 carrot_err= +65 c0=0.32 clear=0.21 prog=0.00 rel=1.00 bal=-0.34 obs=161 hard=147 obsc=170 yr= 18G nz=0.00 flt=0.00 dmap=+0/-0 shz=3.3 plan=0 cmd=(lx=+0.00,ly=+0.00,rx=+0.45)
  t=124.9 AGR-BRK-TR pos=(-4.84,+2.59) yaw= +11.1 d=0.47 goal_err=+65 carrot_err= +73 c0=1.06 clear=0.70 prog=0.00 rel=0.44 bal=-0.34 obs=161 hard=149 obsc=170 yr= 19G nz=0.56 flt=0.00 dmap=+0/-0 shz=3.3 plan=0 cmd=(lx=+0.00,ly=+0.00,rx=+0.45)
  t=125.4 AGR-BRK-TR pos=(-4.84,+2.59) yaw=  +3.0 d=0.47 goal_err=+73 carrot_err= +82 c0=1.06 clear=0.70 prog=0.00 rel=0.38 bal=-0.46 obs=161 hard=149 obsc=170 yr= 20G nz=0.62 flt=0.00 dmap=+0/-0 shz=3.3 plan=0 cmd=(lx=+0.00,ly=+0.00,rx=+0.45)
  t=125.8 AGR-DWA-T pos=(-4.84,+2.59) yaw=  -5.0 d=0.47 goal_err=+81 carrot_err= +90 c0=0.92 clear=0.62 prog=0.00 rel=0.55 bal=-0.44 obs=161 hard=149 obsc=170 yr= 18G nz=0.45 flt=0.08 dmap=+0/-0 shz=3.3 plan=3 cmd=(lx=+0.00,ly=+0.00,rx=-0.45)
  t=126.2 AGR-DWA-T pos=(-4.84,+2.59) yaw=  -1.0 d=0.47 goal_err=+77 carrot_err= +86 c0=0.92 clear=0.62 prog=0.00 rel=0.83 bal=-0.46 obs=161 hard=149 obsc=170 yr= 36G nz=0.17 flt=0.04 dmap=+0/-0 shz=3.3 plan=3 cmd=(lx=+0.00,ly=+0.00,rx=-0.45)
  t=126.7 AGR-DWA-T pos=(-4.84,+2.59) yaw=  +5.1 d=0.47 goal_err=+71 carrot_err= +79 c0=1.06 clear=0.70 prog=0.00 rel=0.89 bal=-0.46 obs=161 hard=149 obsc=170 yr= 19G nz=0.11 flt=0.00 dmap=+0/-0 shz=3.3 plan=3 cmd=(lx=+0.00,ly=+0.00,rx=-0.45)
  t=127.1 AGR-DWA-T pos=(-4.84,+2.59) yaw= +13.1 d=0.47 goal_err=+63 carrot_err= +71 c0=1.06 clear=0.70 prog=0.00 rel=0.89 bal=-0.34 obs=161 hard=149 obsc=170 yr= 18G nz=0.11 flt=0.00 dmap=+0/-0 shz=3.3 plan=3 cmd=(lx=+0.00,ly=+0.00,rx=-0.45)
  t=127.6 AGR-DWA-T pos=(-4.84,+2.59) yaw= +21.1 d=0.47 goal_err=+55 carrot_err= +63 c0=0.32 clear=0.21 prog=0.00 rel=0.49 bal=-0.34 obs=161 hard=154 obsc=170 yr= 18G nz=0.48 flt=0.00 dmap=+0/-0 shz=3.3 plan=3 cmd=(lx=+0.00,ly=+0.00,rx=-0.45)
  t=128.0 AGR-DWA-T pos=(-4.84,+2.59) yaw= +27.1 d=0.47 goal_err=+49 carrot_err= +57 c0=0.32 clear=0.21 prog=0.00 rel=0.37 bal=-0.34 obs=161 hard=154 obsc=170 yr= 18G nz=0.60 flt=0.00 dmap=+0/-0 shz=3.3 plan=3 cmd=(lx=+0.00,ly=+0.00,rx=-0.45)
  t=128.4 AGR-DWA-T pos=(-4.84,+2.59) yaw= +35.1 d=0.47 goal_err=+41 carrot_err= +49 c0=0.32 clear=0.21 prog=0.00 rel=0.38 bal=-0.34 obs=161 hard=154 obsc=170 yr= 18G nz=0.62 flt=0.00 dmap=+0/-0 shz=3.3 plan=3 cmd=(lx=+0.00,ly=+0.00,rx=+0.00)
  t=128.9 AGR-DWA-T pos=(-4.84,+2.59) yaw= +37.1 d=0.47 goal_err=+39 carrot_err= +47 c0=0.32 clear=0.21 prog=0.00 rel=0.48 bal=-0.34 obs=147 hard=133 obsc=155 yr=  0  nz=0.52 flt=0.00 dmap=+0/-0 shz=3.5 plan=3 cmd=(lx=+0.00,ly=+0.00,rx=+0.00)
  t=129.3 AGR-DWA-T pos=(-4.84,+2.59) yaw= +37.1 d=0.47 goal_err=+39 carrot_err= +47 c0=0.32 clear=0.21 prog=0.00 rel=0.48 bal=-0.34 obs=147 hard=133 obsc=155 yr=  0  nz=0.52 flt=0.00 dmap=+0/-0 shz=3.5 plan=3 cmd=(lx=+0.00,ly=+0.00,rx=+0.00)
  t=129.8 AGR-DWA-T pos=(-4.84,+2.59) yaw= +37.1 d=0.47 goal_err=+39 carrot_err= +47 c0=0.32 clear=0.21 prog=0.00 rel=0.48 bal=-0.34 obs=147 hard=133 obsc=155 yr=  0  nz=0.52 flt=0.00 dmap=+0/-0 shz=3.5 plan=0 cmd=(lx=+0.00,ly=+0.00,rx=+0.00)
  t=130.2 AGR-BRK-TR pos=(-4.84,+2.59) yaw= +33.1 d=0.47 goal_err=+43 carrot_err= +51 c0=0.32 clear=0.21 prog=0.00 rel=0.48 bal=-0.34 obs=147 hard=133 obsc=155 yr= 18G nz=0.52 flt=0.23 dmap=+0/-0 shz=3.3 plan=0 cmd=(lx=+0.00,ly=+0.00,rx=+0.45)
  t=130.7 AGR-BRK-TR pos=(-4.84,+2.59) yaw= +27.1 d=0.47 goal_err=+49 carrot_err= +57 c0=0.32 clear=0.21 prog=0.00 rel=1.00 bal=-0.34 obs=147 hard=135 obsc=155 yr= 18G nz=0.00 flt=0.00 dmap=+0/-0 shz=3.2 plan=0 cmd=(lx=+0.00,ly=+0.00,rx=+0.45)
  t=131.1 AGR-BRK-TR pos=(-4.84,+2.59) yaw= +19.1 d=0.47 goal_err=+57 carrot_err= +65 c0=0.32 clear=0.21 prog=0.00 rel=1.00 bal=-0.34 obs=147 hard=135 obsc=155 yr= 18G nz=0.00 flt=0.00 dmap=+0/-0 shz=3.2 plan=0 cmd=(lx=+0.00,ly=+0.00,rx=+0.45)
  t=131.5 AGR-BRK-TR pos=(-4.84,+2.59) yaw= +11.1 d=0.47 goal_err=+65 carrot_err= +73 c0=1.06 clear=0.70 prog=0.00 rel=1.00 bal=-0.34 obs=147 hard=135 obsc=155 yr= 19G nz=0.00 flt=0.08 dmap=+0/-0 shz=3.2 plan=0 cmd=(lx=+0.00,ly=+0.00,rx=+0.45)
  t=132.0 AGR-BRK-TR pos=(-4.84,+2.59) yaw=  +3.0 d=0.47 goal_err=+73 carrot_err= +82 c0=1.06 clear=0.70 prog=0.00 rel=0.47 bal=-0.46 obs=147 hard=135 obsc=155 yr= 18G nz=0.53 flt=0.00 dmap=+0/-0 shz=3.3 plan=0 cmd=(lx=+0.00,ly=+0.00,rx=+0.45)
  t=132.4 AGR-DWA-T pos=(-4.84,+2.59) yaw=  -5.0 d=0.47 goal_err=+81 carrot_err= +90 c0=0.92 clear=0.62 prog=0.00 rel=0.48 bal=-0.44 obs=147 hard=135 obsc=155 yr= 19G nz=0.52 flt=0.16 dmap=+0/-0 shz=3.2 plan=3 cmd=(lx=+0.00,ly=+0.00,rx=-0.45)
  t=132.9 AGR-DWA-T pos=(-4.84,+2.59) yaw=  +3.0 d=0.47 goal_err=+73 carrot_err= +82 c0=1.06 clear=0.70 prog=0.00 rel=0.89 bal=-0.46 obs=147 hard=135 obsc=155 yr= 18G nz=0.11 flt=0.04 dmap=+0/-0 shz=3.3 plan=3 cmd=(lx=+0.00,ly=+0.00,rx=-0.45)
  t=133.3 AGR-DWA-T pos=(-4.84,+2.59) yaw= +11.1 d=0.47 goal_err=+65 carrot_err= +73 c0=1.06 clear=0.70 prog=0.00 rel=0.90 bal=-0.34 obs=147 hard=135 obsc=155 yr= 18G nz=0.10 flt=0.13 dmap=+0/-0 shz=3.2 plan=3 cmd=(lx=+0.00,ly=+0.00,rx=-0.45)
  t=133.7 AGR-DWA-T pos=(-4.84,+2.59) yaw= +19.1 d=0.47 goal_err=+57 carrot_err= +65 c0=0.32 clear=0.21 prog=0.00 rel=0.83 bal=-0.34 obs=147 hard=135 obsc=155 yr= 18G nz=0.17 flt=0.00 dmap=+0/-0 shz=3.3 plan=3 cmd=(lx=+0.00,ly=+0.00,rx=-0.45)
  t=134.2 AGR-DWA-T pos=(-4.84,+2.59) yaw= +27.1 d=0.47 goal_err=+49 carrot_err= +57 c0=0.32 clear=0.21 prog=0.00 rel=0.47 bal=-0.34 obs=147 hard=135 obsc=155 yr= 18G nz=0.53 flt=0.01 dmap=+0/-0 shz=3.3 plan=3 cmd=(lx=+0.00,ly=+0.00,rx=-0.45)
  t=134.6 AGR-DWA-T pos=(-4.84,+2.59) yaw= +35.1 d=0.47 goal_err=+41 carrot_err= +49 c0=0.32 clear=0.21 prog=0.00 rel=0.35 bal=-0.34 obs=147 hard=140 obsc=155 yr= 18G nz=0.62 flt=0.00 dmap=+0/-0 shz=3.2 plan=3 cmd=(lx=+0.00,ly=+0.00,rx=+0.00)
  t=135.1 AGR-DWA-T pos=(-4.84,+2.59) yaw= +37.1 d=0.47 goal_err=+39 carrot_err= +47 c0=0.32 clear=0.21 prog=0.00 rel=0.37 bal=-0.34 obs=143 hard=123 obsc=157 yr=  0  nz=0.60 flt=0.12 dmap=+0/-0 shz=3.2 plan=3 cmd=(lx=+0.00,ly=+0.00,rx=+0.00)
  t=135.5 AGR-DWA-T pos=(-4.84,+2.59) yaw= +37.1 d=0.47 goal_err=+39 carrot_err= +47 c0=0.32 clear=0.21 prog=0.00 rel=0.96 bal=-0.34 obs=143 hard=123 obsc=157 yr=  0  nz=0.04 flt=0.12 dmap=+0/-0 shz=3.2 plan=3 cmd=(lx=+0.00,ly=+0.00,rx=+0.00)
  t=135.9 AGR-DWA-T pos=(-4.84,+2.59) yaw= +37.1 d=0.47 goal_err=+39 carrot_err= +47 c0=0.32 clear=0.21 prog=0.00 rel=0.96 bal=-0.34 obs=143 hard=123 obsc=157 yr=  0  nz=0.04 flt=0.12 dmap=+0/-0 shz=3.2 plan=0 cmd=(lx=+0.00,ly=+0.00,rx=+0.00)
  t=136.4 AGR-BRK-BK pos=(-4.86,+2.57) yaw= +37.1 d=0.49 goal_err=+37 carrot_err= +45 c0=0.35 clear=0.23 prog=0.00 rel=0.99 bal=-0.34 obs=143 hard=124 obsc=157 yr=  0  nz=0.01 flt=0.00 dmap=+0/-0 shz=3.1 plan=0 cmd=(lx=+0.00,ly=-0.35,rx=+0.00)
  t=136.8 AGR-BRK-TR pos=(-4.88,+2.56) yaw= +33.1 d=0.51 goal_err=+40 carrot_err= +47 c0=0.37 clear=0.25 prog=0.00 rel=0.97 bal=-0.33 obs=143 hard=124 obsc=157 yr= 18G nz=0.03 flt=0.24 dmap=+0/-0 shz=3.2 plan=0 cmd=(lx=+0.00,ly=+0.00,rx=+0.45)
  t=137.3 AGR-BRK-TR pos=(-4.88,+2.56) yaw= +27.1 d=0.51 goal_err=+46 carrot_err= +53 c0=0.37 clear=0.25 prog=0.00 rel=0.96 bal=-0.33 obs=144 hard=127 obsc=158 yr=  0G nz=0.04 flt=0.00 dmap=+0/-0 shz=3.2 plan=0 cmd=(lx=+0.00,ly=+0.00,rx=+0.45)
  t=137.7 AGR-BRK-TR pos=(-4.88,+2.56) yaw= +19.1 d=0.51 goal_err=+54 carrot_err= +61 c0=0.37 clear=0.25 prog=0.00 rel=0.96 bal=-0.33 obs=146 hard=129 obsc=160 yr= 18G nz=0.04 flt=0.13 dmap=+0/-0 shz=3.2 plan=0 cmd=(lx=+0.00,ly=+0.00,rx=+0.45)
  t=138.1 AGR-BRK-TR pos=(-4.88,+2.56) yaw= +11.1 d=0.51 goal_err=+62 carrot_err= +69 c0=1.09 clear=0.73 prog=0.00 rel=0.60 bal=-0.36 obs=146 hard=129 obsc=160 yr= 18G nz=0.40 flt=0.00 dmap=+0/-0 shz=3.3 plan=0 cmd=(lx=+0.00,ly=+0.00,rx=+0.45)
  t=138.6 AGR-BRK-TR pos=(-4.88,+2.56) yaw=  +3.0 d=0.51 goal_err=+70 carrot_err= +77 c0=1.09 clear=0.73 prog=0.00 rel=0.47 bal=-0.42 obs=146 hard=129 obsc=160 yr= 19G nz=0.53 flt=0.00 dmap=+0/-0 shz=3.2 plan=0 cmd=(lx=+0.00,ly=+0.00,rx=+0.45)
  t=139.0 AGR-DWA-T pos=(-4.88,+2.56) yaw=  -5.0 d=0.51 goal_err=+78 carrot_err= +85 c0=0.95 clear=0.63 prog=0.00 rel=0.47 bal=-0.39 obs=146 hard=129 obsc=160 yr= 18G nz=0.53 flt=0.00 dmap=+0/-0 shz=3.2 plan=3 cmd=(lx=+0.00,ly=+0.00,rx=-0.45)
  t=139.4 AGR-DWA-T pos=(-4.88,+2.56) yaw=  +3.0 d=0.51 goal_err=+70 carrot_err= +77 c0=1.09 clear=0.73 prog=0.00 rel=0.81 bal=-0.42 obs=146 hard=129 obsc=160 yr= 18G nz=0.12 flt=0.34 dmap=+0/-0 shz=3.2 plan=3 cmd=(lx=+0.00,ly=+0.00,rx=-0.45)
  t=139.9 AGR-DWA-T pos=(-4.88,+2.56) yaw= +11.1 d=0.51 goal_err=+62 carrot_err= +69 c0=1.09 clear=0.73 prog=0.00 rel=0.88 bal=-0.36 obs=146 hard=129 obsc=160 yr= 17G nz=0.12 flt=0.00 dmap=+0/-0 shz=3.2 plan=3 cmd=(lx=+0.00,ly=+0.00,rx=-0.45)
  t=140.3 AGR-DWA-T pos=(-4.88,+2.56) yaw= +19.1 d=0.51 goal_err=+54 carrot_err= +61 c0=0.37 clear=0.25 prog=0.00 rel=0.88 bal=-0.33 obs=146 hard=129 obsc=160 yr= 19G nz=0.12 flt=0.00 dmap=+0/-0 shz=3.2 plan=3 cmd=(lx=+0.00,ly=+0.00,rx=-0.45)
  t=140.8 AGR-DWA-T pos=(-4.88,+2.56) yaw= +27.1 d=0.51 goal_err=+46 carrot_err= +53 c0=0.37 clear=0.25 prog=0.00 rel=0.52 bal=-0.33 obs=146 hard=129 obsc=160 yr= 19G nz=0.48 flt=0.00 dmap=+0/-0 shz=3.2 plan=3 cmd=(lx=+0.00,ly=+0.00,rx=-0.45)
  t=141.2 AGR-DWA-T pos=(-4.88,+2.56) yaw= +31.1 d=0.51 goal_err=+42 carrot_err= +49 c0=0.37 clear=0.25 prog=0.00 rel=0.47 bal=-0.33 obs=127 hard=106 obsc=140 yr=  0  nz=0.53 flt=0.00 dmap=+0/-0 shz=3.2 plan=3 cmd=(lx=+0.00,ly=+0.00,rx=+0.00)
  t=141.6 AGR-DWA-T pos=(-4.88,+2.56) yaw= +31.1 d=0.51 goal_err=+42 carrot_err= +49 c0=0.37 clear=0.25 prog=0.00 rel=0.58 bal=-0.33 obs=127 hard=108 obsc=140 yr=  0  nz=0.42 flt=0.06 dmap=+0/-0 shz=3.2 plan=3 cmd=(lx=+0.00,ly=+0.00,rx=+0.00)
  t=142.1 AGR-DWA-T pos=(-4.88,+2.56) yaw= +31.1 d=0.51 goal_err=+42 carrot_err= +49 c0=0.37 clear=0.25 prog=0.00 rel=0.58 bal=-0.33 obs=127 hard=108 obsc=140 yr=  0  nz=0.42 flt=0.06 dmap=+0/-0 shz=3.2 plan=3 cmd=(lx=+0.00,ly=+0.00,rx=+0.00)
  t=142.5 AGR-BRK-BK pos=(-4.89,+2.55) yaw= +31.1 d=0.52 goal_err=+41 carrot_err= +48 c0=0.38 clear=0.26 prog=0.00 rel=0.58 bal=-0.33 obs=127 hard=108 obsc=140 yr=  0  nz=0.42 flt=0.06 dmap=+0/-0 shz=3.2 plan=0 cmd=(lx=+0.00,ly=-0.35,rx=+0.00)
  t=143.0 AGR-BRK-TR pos=(-4.92,+2.53) yaw= +31.1 d=0.54 goal_err=+38 carrot_err= +44 c0=0.42 clear=0.28 prog=0.00 rel=0.98 bal=-0.39 obs=122 hard=110 obsc=142 yr=  0G nz=0.02 flt=0.01 dmap=+0/-0 shz=3.3 plan=0 cmd=(lx=+0.00,ly=+0.00,rx=+0.45)
  t=143.4 AGR-BRK-TR pos=(-4.92,+2.53) yaw= +23.1 d=0.54 goal_err=+46 carrot_err= +52 c0=0.42 clear=0.28 prog=0.00 rel=0.97 bal=-0.39 obs=122 hard=110 obsc=142 yr= 19G nz=0.03 flt=0.05 dmap=+0/-0 shz=3.3 plan=0 cmd=(lx=+0.00,ly=+0.00,rx=+0.45)
  t=143.8 AGR-BRK-TR pos=(-4.92,+2.53) yaw= +15.1 d=0.54 goal_err=+54 carrot_err= +60 c0=0.42 clear=0.28 prog=0.00 rel=0.97 bal=-0.39 obs=122 hard=110 obsc=142 yr= 18G nz=0.03 flt=0.00 dmap=+0/-0 shz=3.3 plan=0 cmd=(lx=+0.00,ly=+0.00,rx=+0.45)
  t=144.3 AGR-BRK-TR pos=(-4.92,+2.53) yaw=  +7.1 d=0.54 goal_err=+62 carrot_err= +68 c0=1.17 clear=0.78 prog=0.00 rel=0.46 bal=-0.33 obs=122 hard=110 obsc=142 yr= 18G nz=0.54 flt=0.18 dmap=+0/-0 shz=3.3 plan=0 cmd=(lx=+0.00,ly=+0.00,rx=+0.45)
  t=144.7 AGR-BRK-TR pos=(-4.92,+2.53) yaw=  +1.0 d=0.54 goal_err=+68 carrot_err= +74 c0=1.17 clear=0.78 prog=0.00 rel=0.36 bal=-0.35 obs=122 hard=110 obsc=142 yr= 18G nz=0.64 flt=0.00 dmap=+0/-0 shz=3.3 plan=0 cmd=(lx=+0.00,ly=+0.00,rx=+0.45)
  t=145.1 AGR-BRK-TR pos=(-4.92,+2.53) yaw=  -7.0 d=0.54 goal_err=+76 carrot_err= +82 c0=1.06 clear=0.71 prog=0.00 rel=0.39 bal=-0.35 obs=122 hard=113 obsc=142 yr= 19G nz=0.61 flt=0.00 dmap=+0/-0 shz=3.3 plan=0 cmd=(lx=+0.00,ly=+0.00,rx=+0.45)
  t=145.6 AGR-DWA-T pos=(-4.92,+2.53) yaw=  -7.0 d=0.54 goal_err=+76 carrot_err= +82 c0=1.06 clear=0.71 prog=0.00 rel=0.82 bal=-0.35 obs=122 hard=113 obsc=142 yr= 18G nz=0.17 flt=0.39 dmap=+0/-0 shz=3.3 plan=3 cmd=(lx=+0.00,ly=+0.00,rx=-0.45)
  t=146.0 AGR-DWA-T pos=(-4.92,+2.53) yaw=  -1.0 d=0.54 goal_err=+70 carrot_err= +76 c0=1.17 clear=0.78 prog=0.00 rel=0.88 bal=-0.35 obs=122 hard=113 obsc=142 yr= 18G nz=0.12 flt=0.08 dmap=+0/-0 shz=3.3 plan=3 cmd=(lx=+0.00,ly=+0.00,rx=-0.45)
  t=146.5 AGR-DWA-T pos=(-4.92,+2.53) yaw=  +7.1 d=0.54 goal_err=+62 carrot_err= +68 c0=1.17 clear=0.78 prog=0.00 rel=0.89 bal=-0.33 obs=122 hard=113 obsc=142 yr= 18G nz=0.11 flt=0.00 dmap=+0/-0 shz=3.3 plan=3 cmd=(lx=+0.00,ly=+0.00,rx=-0.45)
  t=146.9 AGR-DWA-T pos=(-4.92,+2.53) yaw= +15.1 d=0.54 goal_err=+54 carrot_err= +60 c0=0.42 clear=0.28 prog=0.00 rel=0.83 bal=-0.39 obs=122 hard=113 obsc=142 yr= 19G nz=0.17 flt=0.16 dmap=+0/-0 shz=3.3 plan=3 cmd=(lx=+0.00,ly=+0.00,rx=-0.45)
  t=147.4 AGR-DWA-T pos=(-4.92,+2.53) yaw= +23.1 d=0.54 goal_err=+46 carrot_err= +52 c0=0.42 clear=0.28 prog=0.00 rel=0.41 bal=-0.39 obs=122 hard=113 obsc=142 yr= 18G nz=0.58 flt=0.00 dmap=+0/-0 shz=3.3 plan=3 cmd=(lx=+0.00,ly=+0.00,rx=-0.45)
  t=147.8 AGR-DWA-T pos=(-4.92,+2.53) yaw= +27.1 d=0.54 goal_err=+42 carrot_err= +48 c0=0.42 clear=0.28 prog=0.00 rel=0.39 bal=-0.39 obs=123 hard=106 obsc=138 yr=  0  nz=0.61 flt=0.00 dmap=+0/-0 shz=3.3 plan=3 cmd=(lx=+0.00,ly=+0.00,rx=+0.00)
  t=148.3 AGR-DWA-T pos=(-4.92,+2.53) yaw= +27.1 d=0.54 goal_err=+42 carrot_err= +48 c0=0.42 clear=0.28 prog=0.00 rel=0.48 bal=-0.39 obs=122 hard=108 obsc=135 yr=  0  nz=0.52 flt=0.07 dmap=+0/-0 shz=3.3 plan=3 cmd=(lx=+0.00,ly=+0.00,rx=+0.00)
  t=148.7 AGR-DWA-T pos=(-4.92,+2.53) yaw= +27.1 d=0.54 goal_err=+42 carrot_err= +48 c0=0.42 clear=0.28 prog=0.00 rel=0.48 bal=-0.39 obs=122 hard=108 obsc=135 yr=  0  nz=0.52 flt=0.07 dmap=+0/-0 shz=3.3 plan=3 cmd=(lx=+0.00,ly=+0.00,rx=+0.00)
  t=149.1 AGR-BRK-BK pos=(-4.93,+2.52) yaw= +27.1 d=0.55 goal_err=+41 carrot_err= +47 c0=0.43 clear=0.29 prog=0.00 rel=0.48 bal=-0.38 obs=120 hard=107 obsc=135 yr=  0  nz=0.52 flt=0.00 dmap=+0/-2 shz=3.3 plan=0 cmd=(lx=+0.00,ly=-0.35,rx=+0.00)
  t=149.6 AGR-BRK-TR pos=(-4.97,+2.51) yaw= +25.1 d=0.58 goal_err=+41 carrot_err= +46 c0=0.47 clear=0.31 prog=0.00 rel=0.97 bal=-0.38 obs=120 hard=107 obsc=135 yr= 18G nz=0.03 flt=0.01 dmap=+0/-0 shz=3.3 plan=0 cmd=(lx=+0.00,ly=+0.00,rx=+0.45)
  t=150.0 AGR-BRK-TR pos=(-4.97,+2.51) yaw= +17.1 d=0.58 goal_err=+49 carrot_err= +54 c0=0.47 clear=0.31 prog=0.00 rel=0.97 bal=-0.38 obs=120 hard=107 obsc=135 yr= 19G nz=0.03 flt=0.00 dmap=+0/-0 shz=3.3 plan=0 cmd=(lx=+0.00,ly=+0.00,rx=+0.45)
  t=150.4 AGR-BRK-TR pos=(-4.97,+2.51) yaw= +11.1 d=0.58 goal_err=+55 carrot_err= +60 c0=1.37 clear=0.91 prog=0.00 rel=0.97 bal=-0.31 obs=120 hard=107 obsc=135 yr=  0G nz=0.03 flt=0.00 dmap=+0/-0 shz=3.3 plan=0 cmd=(lx=+0.00,ly=+0.00,rx=+0.45)
  t=150.9 AGR-BRK-TR pos=(-4.97,+2.51) yaw=  +1.0 d=0.58 goal_err=+65 carrot_err= +70 c0=1.21 clear=0.80 prog=0.00 rel=0.41 bal=-0.30 obs=120 hard=107 obsc=135 yr= 18G nz=0.59 flt=0.17 dmap=+0/-0 shz=3.3 plan=0 cmd=(lx=+0.00,ly=+0.00,rx=+0.45)
  t=151.3 AGR-BRK-TR pos=(-4.97,+2.51) yaw=  -5.0 d=0.58 goal_err=+71 carrot_err= +76 c0=1.09 clear=0.73 prog=0.00 rel=0.45 bal=-0.30 obs=120 hard=107 obsc=135 yr= 18G nz=0.55 flt=0.11 dmap=+0/-0 shz=3.3 plan=0 cmd=(lx=+0.00,ly=+0.00,rx=+0.45)
  t=151.8 AGR-DWA-T pos=(-4.97,+2.51) yaw= -13.0 d=0.58 goal_err=+79 carrot_err= +84 c0=1.09 clear=0.73 prog=0.00 rel=0.84 bal=-0.16 obs=120 hard=107 obsc=135 yr= 18G nz=0.16 flt=0.00 dmap=+0/-0 shz=3.3 plan=3 cmd=(lx=+0.00,ly=+0.00,rx=-0.45)
  t=152.2 AGR-DWA-T pos=(-4.97,+2.51) yaw=  -9.0 d=0.58 goal_err=+75 carrot_err= +80 c0=1.09 clear=0.73 prog=0.00 rel=0.90 bal=-0.16 obs=120 hard=107 obsc=135 yr= 18G nz=0.10 flt=0.00 dmap=+0/-0 shz=3.3 plan=3 cmd=(lx=+0.00,ly=+0.00,rx=-0.45)
  t=152.7 AGR-DWA-T pos=(-4.97,+2.51) yaw=  -3.0 d=0.58 goal_err=+69 carrot_err= +74 c0=1.09 clear=0.73 prog=0.00 rel=0.98 bal=-0.30 obs=120 hard=107 obsc=135 yr= 17G nz=0.02 flt=0.05 dmap=+0/-0 shz=3.3 plan=3 cmd=(lx=+0.00,ly=+0.00,rx=-0.45)
  t=153.1 AGR-DWA-T pos=(-4.97,+2.51) yaw=  +5.1 d=0.58 goal_err=+61 carrot_err= +66 c0=1.21 clear=0.80 prog=0.00 rel=0.92 bal=-0.27 obs=120 hard=107 obsc=135 yr= 18G nz=0.08 flt=0.00 dmap=+0/-0 shz=3.3 plan=3 cmd=(lx=+0.00,ly=+0.00,rx=-0.45)
  t=153.5 AGR-DWA-T pos=(-4.97,+2.51) yaw= +13.1 d=0.58 goal_err=+53 carrot_err= +58 c0=1.37 clear=0.91 prog=0.00 rel=0.84 bal=-0.31 obs=120 hard=107 obsc=135 yr= 18G nz=0.16 flt=0.00 dmap=+0/-0 shz=3.3 plan=3 cmd=(lx=+0.00,ly=+0.00,rx=-0.45)
  t=154.0 AGR-DWA-T pos=(-4.97,+2.51) yaw= +21.1 d=0.58 goal_err=+45 carrot_err= +50 c0=0.47 clear=0.31 prog=0.00 rel=0.50 bal=-0.33 obs=123 hard=110 obsc=138 yr= 18G nz=0.45 flt=0.00 dmap=+3/-0 shz=3.3 plan=3 cmd=(lx=+0.00,ly=+0.00,rx=+0.00)
  t=154.4 AGR-DWA-T pos=(-4.97,+2.51) yaw= +23.1 d=0.58 goal_err=+43 carrot_err= +48 c0=0.47 clear=0.31 prog=0.00 rel=0.38 bal=-0.33 obs=122 hard=107 obsc=137 yr=  0  nz=0.62 flt=0.06 dmap=+1/-4 shz=3.5 plan=3 cmd=(lx=+0.00,ly=+0.00,rx=+0.00)
  t=154.9 AGR-DWA-T pos=(-4.97,+2.51) yaw= +23.1 d=0.58 goal_err=+43 carrot_err= +48 c0=0.47 clear=0.31 prog=0.00 rel=0.39 bal=-0.33 obs=122 hard=107 obsc=137 yr=  0  nz=0.61 flt=0.06 dmap=+0/-0 shz=3.5 plan=3 cmd=(lx=+0.00,ly=+0.00,rx=+0.00)
  t=155.3 AGR-DWA-T pos=(-4.97,+2.51) yaw= +23.1 d=0.58 goal_err=+43 carrot_err= +48 c0=0.47 clear=0.31 prog=0.00 rel=0.39 bal=-0.33 obs=122 hard=107 obsc=137 yr=  0  nz=0.61 flt=0.06 dmap=+0/-0 shz=3.5 plan=0 cmd=(lx=+0.00,ly=+0.00,rx=+0.00)
  t=155.8 AGR-BRK-BK pos=(-4.99,+2.50) yaw= +23.1 d=0.60 goal_err=+41 carrot_err= +46 c0=0.49 clear=0.33 prog=0.00 rel=0.39 bal=-0.33 obs=121 hard=106 obsc=135 yr=  0  nz=0.61 flt=0.00 dmap=+0/-1 shz=3.3 plan=0 cmd=(lx=+0.00,ly=-0.35,rx=+0.00)
  t=156.2 AGR-BRK-TR pos=(-5.01,+2.49) yaw= +19.1 d=0.62 goal_err=+44 carrot_err= +48 c0=0.52 clear=0.34 prog=0.00 rel=0.98 bal=-0.28 obs=121 hard=106 obsc=135 yr= 19G nz=0.02 flt=0.00 dmap=+0/-0 shz=3.3 plan=0 cmd=(lx=+0.00,ly=+0.00,rx=+0.45)
  t=156.6 AGR-BRK-TR pos=(-5.01,+2.49) yaw= +11.1 d=0.62 goal_err=+52 carrot_err= +56 c0=1.22 clear=0.81 prog=0.00 rel=0.97 bal=-0.28 obs=121 hard=106 obsc=135 yr= 18G nz=0.03 flt=0.08 dmap=+0/-0 shz=3.3 plan=0 cmd=(lx=+0.00,ly=+0.00,rx=+0.45)
  t=157.1 AGR-BRK-TR pos=(-5.01,+2.49) yaw=  +3.0 d=0.62 goal_err=+60 carrot_err= +64 c0=1.05 clear=0.70 prog=0.00 rel=0.60 bal=-0.24 obs=121 hard=106 obsc=135 yr= 18G nz=0.40 flt=0.00 dmap=+0/-0 shz=3.3 plan=0 cmd=(lx=+0.00,ly=+0.00,rx=+0.45)
  t=157.5 AGR-BRK-TR pos=(-5.01,+2.49) yaw=  -3.0 d=0.62 goal_err=+66 carrot_err= +70 c0=1.05 clear=0.70 prog=0.00 rel=0.58 bal=-0.26 obs=121 hard=106 obsc=135 yr= 18G nz=0.42 flt=0.00 dmap=+0/-0 shz=3.3 plan=0 cmd=(lx=+0.00,ly=+0.00,rx=+0.45)
  t=157.9 AGR-BRK-TR pos=(-5.01,+2.49) yaw= -11.0 d=0.62 goal_err=+74 carrot_err= +78 c0=1.05 clear=0.70 prog=0.00 rel=0.70 bal=-0.11 obs=121 hard=106 obsc=135 yr= 19G nz=0.30 flt=0.00 dmap=+0/-0 shz=3.3 plan=0 cmd=(lx=+0.00,ly=+0.00,rx=+0.45)
  t=158.4 AGR-DWA-T pos=(-5.01,+2.49) yaw= -17.0 d=0.62 goal_err=+80 carrot_err= +84 c0=1.05 clear=0.70 prog=0.00 rel=0.98 bal=-0.11 obs=121 hard=106 obsc=135 yr= 18G nz=0.02 flt=0.00 dmap=+0/-0 shz=3.3 plan=4 cmd=(lx=+0.00,ly=+0.00,rx=-0.45)
  t=158.8 AGR-DWA-T pos=(-5.01,+2.49) yaw= -13.0 d=0.62 goal_err=+76 carrot_err= +80 c0=1.05 clear=0.70 prog=0.00 rel=0.98 bal=-0.11 obs=121 hard=106 obsc=135 yr= 18G nz=0.02 flt=0.21 dmap=+0/-0 shz=3.3 plan=4 cmd=(lx=+0.00,ly=+0.00,rx=-0.45)
  t=159.3 AGR-DWA-T pos=(-5.01,+2.49) yaw=  -5.0 d=0.62 goal_err=+68 carrot_err= +72 c0=1.05 clear=0.70 prog=0.00 rel=0.91 bal=-0.11 obs=121 hard=108 obsc=135 yr= 18G nz=0.03 flt=0.00 dmap=+0/-0 shz=3.3 plan=4 cmd=(lx=+0.00,ly=+0.00,rx=-0.45)
  t=159.7 AGR-DWA-T pos=(-5.01,+2.49) yaw=  +1.0 d=0.62 goal_err=+62 carrot_err= +66 c0=1.05 clear=0.70 prog=0.00 rel=0.97 bal=-0.26 obs=121 hard=108 obsc=135 yr= 19G nz=0.03 flt=0.12 dmap=+0/-0 shz=3.3 plan=4 cmd=(lx=+0.00,ly=+0.00,rx=-0.45)
  t=160.1 AGR-DWA-T pos=(-5.01,+2.49) yaw=  +9.1 d=0.62 goal_err=+54 carrot_err= +58 c0=1.05 clear=0.70 prog=0.00 rel=0.92 bal=-0.28 obs=121 hard=108 obsc=135 yr= 18G nz=0.01 flt=0.00 dmap=+0/-0 shz=3.3 plan=4 cmd=(lx=+0.00,ly=+0.00,rx=-0.45)
  t=160.6 AGR-DWA-T pos=(-5.01,+2.49) yaw= +17.1 d=0.62 goal_err=+46 carrot_err= +50 c0=0.52 clear=0.34 prog=0.00 rel=0.67 bal=-0.28 obs=121 hard=108 obsc=135 yr= 19G nz=0.33 flt=0.11 dmap=+0/-0 shz=3.5 plan=4 cmd=(lx=+0.00,ly=+0.00,rx=+0.00)
  t=161.0 AGR-DWA-T pos=(-5.01,+2.49) yaw= +19.1 d=0.62 goal_err=+44 carrot_err= +48 c0=0.52 clear=0.34 prog=0.00 rel=0.56 bal=-0.28 obs=123 hard=106 obsc=134 yr=  0  nz=0.44 flt=0.00 dmap=+0/-0 shz=3.5 plan=4 cmd=(lx=+0.00,ly=+0.00,rx=+0.00)
  t=161.5 AGR-DWA-T pos=(-5.01,+2.49) yaw= +19.1 d=0.62 goal_err=+44 carrot_err= +48 c0=0.52 clear=0.34 prog=0.00 rel=0.56 bal=-0.28 obs=123 hard=106 obsc=134 yr=  0  nz=0.44 flt=0.00 dmap=+0/-0 shz=3.5 plan=4 cmd=(lx=+0.00,ly=+0.00,rx=+0.00)
  t=161.9 AGR-DWA-T pos=(-5.01,+2.49) yaw= +19.1 d=0.62 goal_err=+44 carrot_err= +48 c0=0.52 clear=0.34 prog=0.00 rel=0.56 bal=-0.28 obs=123 hard=106 obsc=134 yr=  0  nz=0.44 flt=0.00 dmap=+0/-0 shz=3.5 plan=0 cmd=(lx=+0.00,ly=+0.00,rx=+0.00)
  t=162.4 AGR-BRK-BK pos=(-5.04,+2.48) yaw= +19.1 d=0.64 goal_err=+42 carrot_err= +46 c0=0.54 clear=0.36 prog=0.00 rel=0.99 bal=-0.27 obs=120 hard=105 obsc=134 yr=  0  nz=0.01 flt=0.00 dmap=+0/-0 shz=3.3 plan=0 cmd=(lx=+0.00,ly=-0.35,rx=+0.00)
  t=162.8 AGR-BRK-TR pos=(-5.06,+2.47) yaw= +17.1 d=0.66 goal_err=+43 carrot_err= +47 c0=0.57 clear=0.38 prog=0.00 rel=0.98 bal=-0.26 obs=120 hard=105 obsc=134 yr= 18G nz=0.02 flt=0.09 dmap=+0/-0 shz=3.3 plan=0 cmd=(lx=+0.00,ly=+0.00,rx=+0.45)
  t=163.2 AGR-BRK-TR pos=(-5.06,+2.47) yaw=  +9.1 d=0.66 goal_err=+51 carrot_err= +55 c0=1.09 clear=0.73 prog=0.00 rel=0.97 bal=-0.21 obs=120 hard=105 obsc=134 yr= 20G nz=0.03 flt=0.00 dmap=+0/-0 shz=3.3 plan=0 cmd=(lx=+0.00,ly=+0.00,rx=+0.45)
  t=163.7 AGR-BRK-TR pos=(-5.06,+2.47) yaw=  +3.0 d=0.66 goal_err=+57 carrot_err= +61 c0=1.09 clear=0.73 prog=0.00 rel=0.61 bal=-0.21 obs=122 hard=107 obsc=136 yr=  0G nz=0.39 flt=0.00 dmap=+0/-0 shz=3.3 plan=0 cmd=(lx=+0.00,ly=+0.00,rx=+0.45)
  t=164.1 AGR-BRK-TR pos=(-5.06,+2.47) yaw=  -7.0 d=0.66 goal_err=+67 carrot_err= +71 c0=1.09 clear=0.73 prog=0.00 rel=0.59 bal=-0.07 obs=122 hard=107 obsc=136 yr= 19G nz=0.41 flt=0.00 dmap=+0/-0 shz=3.3 plan=0 cmd=(lx=+0.00,ly=+0.00,rx=+0.45)
  t=164.5 AGR-BRK-TR pos=(-5.05,+2.47) yaw= -12.9 d=0.65 goal_err=+73 carrot_err= +77 c0=1.09 clear=0.73 prog=0.00 rel=0.69 bal=-0.08 obs=122 hard=107 obsc=136 yr= 18G nz=0.31 flt=0.05 dmap=+0/-0 shz=3.3 plan=0 cmd=(lx=+0.00,ly=+0.00,rx=+0.45)
  t=165.0 AGR-DWA-T pos=(-5.03,+2.47) yaw= -20.7 d=0.64 goal_err=+83 carrot_err= +87 c0=1.07 clear=0.71 prog=0.02 rel=0.98 bal=-0.09 obs=122 hard=107 obsc=136 yr= 18G nz=0.02 flt=0.01 dmap=+0/-0 shz=3.3 plan=4 cmd=(lx=+0.00,ly=+0.00,rx=-0.45)
  t=165.4 AGR-DWA-T pos=(-5.03,+2.47) yaw= -14.7 d=0.64 goal_err=+77 carrot_err= +81 c0=1.07 clear=0.71 prog=0.02 rel=0.95 bal=-0.09 obs=122 hard=107 obsc=136 yr=  0G nz=0.05 flt=0.00 dmap=+0/-0 shz=3.3 plan=4 cmd=(lx=+0.00,ly=+0.00,rx=-0.45)
  t=165.8 AGR-DWA-T pos=(-5.03,+2.47) yaw=  -6.6 d=0.64 goal_err=+69 carrot_err= +73 c0=1.07 clear=0.71 prog=0.02 rel=0.96 bal=-0.09 obs=122 hard=107 obsc=136 yr= 19G nz=0.04 flt=0.00 dmap=+0/-0 shz=3.3 plan=4 cmd=(lx=+0.00,ly=+0.00,rx=-0.45)
  t=166.3 AGR-DWA-T pos=(-5.03,+2.47) yaw=  +1.4 d=0.64 goal_err=+61 carrot_err= +65 c0=1.07 clear=0.71 prog=0.02 rel=0.96 bal=-0.24 obs=122 hard=107 obsc=136 yr= 19G nz=0.04 flt=0.00 dmap=+0/-0 shz=3.3 plan=4 cmd=(lx=+0.00,ly=+0.00,rx=-0.45)
  t=166.7 AGR-DWA-T pos=(-5.03,+2.47) yaw=  +7.4 d=0.64 goal_err=+55 carrot_err= +59 c0=1.07 clear=0.71 prog=0.01 rel=0.97 bal=-0.22 obs=122 hard=107 obsc=136 yr= 18G nz=0.03 flt=0.00 dmap=+0/-0 shz=3.3 plan=4 cmd=(lx=+0.00,ly=+0.00,rx=-0.45)
  t=167.2 AGR-DWA-T pos=(-5.03,+2.47) yaw= +15.4 d=0.64 goal_err=+47 carrot_err= +51 c0=0.54 clear=0.36 prog=0.00 rel=0.71 bal=-0.26 obs=122 hard=107 obsc=136 yr= 18G nz=0.29 flt=0.00 dmap=+0/-0 shz=3.3 plan=4 cmd=(lx=+0.00,ly=+0.00,rx=+0.00)
  t=167.6 AGR-DWA-T pos=(-5.03,+2.47) yaw= +17.4 d=0.64 goal_err=+45 carrot_err= +49 c0=0.54 clear=0.36 prog=0.00 rel=0.65 bal=-0.26 obs=122 hard=106 obsc=135 yr=  0  nz=0.35 flt=0.05 dmap=+0/-2 shz=3.5 plan=4 cmd=(lx=+0.00,ly=+0.00,rx=+0.00)
  t=168.1 AGR-DWA-T pos=(-5.03,+2.47) yaw= +17.4 d=0.64 goal_err=+45 carrot_err= +49 c0=0.54 clear=0.36 prog=0.00 rel=0.58 bal=-0.26 obs=122 hard=106 obsc=135 yr=  0  nz=0.42 flt=0.05 dmap=+0/-0 shz=3.5 plan=4 cmd=(lx=+0.00,ly=+0.00,rx=+0.00)
  t=168.5 AGR-DWA-T pos=(-5.03,+2.47) yaw= +17.4 d=0.64 goal_err=+45 carrot_err= +49 c0=0.54 clear=0.36 prog=0.00 rel=0.58 bal=-0.26 obs=122 hard=106 obsc=135 yr=  0  nz=0.42 flt=0.05 dmap=+0/-0 shz=3.5 plan=0 cmd=(lx=+0.00,ly=+0.00,rx=+0.00)
  t=168.9 AGR-BRK-BK pos=(-5.06,+2.46) yaw= +17.4 d=0.66 goal_err=+43 carrot_err= +47 c0=0.57 clear=0.38 prog=0.00 rel=0.99 bal=-0.26 obs=121 hard=106 obsc=135 yr=  0  nz=0.01 flt=0.00 dmap=+0/-0 shz=3.3 plan=0 cmd=(lx=+0.00,ly=-0.35,rx=+0.00)
  t=169.4 AGR-BRK-TR pos=(-5.08,+2.46) yaw= +13.4 d=0.68 goal_err=+46 carrot_err= +49 c0=0.59 clear=0.39 prog=0.00 rel=0.97 bal=-0.25 obs=121 hard=105 obsc=132 yr= 18G nz=0.03 flt=0.25 dmap=+0/-0 shz=3.3 plan=0 cmd=(lx=+0.00,ly=+0.00,rx=+0.45)
  t=169.8 AGR-BRK-TR pos=(-5.08,+2.46) yaw=  +5.4 d=0.68 goal_err=+54 carrot_err= +57 c0=1.30 clear=0.87 prog=0.00 rel=0.52 bal=-0.19 obs=121 hard=107 obsc=132 yr= 18G nz=0.48 flt=0.01 dmap=+0/-0 shz=3.3 plan=0 cmd=(lx=+0.00,ly=+0.00,rx=+0.45)
  t=170.3 AGR-BRK-TR pos=(-5.08,+2.46) yaw=  -0.6 d=0.68 goal_err=+60 carrot_err= +63 c0=1.17 clear=0.78 prog=0.00 rel=0.47 bal=-0.05 obs=121 hard=107 obsc=132 yr= 18G nz=0.53 flt=0.01 dmap=+0/-0 shz=3.3 plan=0 cmd=(lx=+0.00,ly=+0.00,rx=+0.45)
  t=170.7 AGR-BRK-TR pos=(-5.07,+2.46) yaw=  -8.5 d=0.67 goal_err=+68 carrot_err= +72 c0=1.16 clear=0.78 prog=0.00 rel=0.62 bal=-0.05 obs=121 hard=107 obsc=132 yr= 17G nz=0.38 flt=0.00 dmap=+0/-0 shz=3.3 plan=0 cmd=(lx=+0.00,ly=+0.00,rx=+0.45)
  t=171.1 AGR-BRK-TR pos=(-5.04,+2.46) yaw= -16.2 d=0.66 goal_err=+78 carrot_err= +82 c0=1.14 clear=0.76 prog=0.03 rel=0.65 bal=-0.06 obs=121 hard=107 obsc=132 yr= 17G nz=0.35 flt=0.10 dmap=+0/-0 shz=3.3 plan=0 cmd=(lx=+0.00,ly=+0.00,rx=+0.45)
  t=171.6 AGR-DWA-T pos=(-5.02,+2.46) yaw= -24.0 d=0.65 goal_err=+87 carrot_err= +92 c0=1.12 clear=0.75 prog=0.04 rel=0.96 bal=-0.07 obs=121 hard=107 obsc=132 yr= 17G nz=0.04 flt=0.00 dmap=+0/-0 shz=3.3 plan=4 cmd=(lx=+0.00,ly=+0.00,rx=-0.45)
  t=172.0 AGR-DWA-T pos=(-5.02,+2.46) yaw= -16.0 d=0.65 goal_err=+79 carrot_err= +84 c0=1.12 clear=0.75 prog=0.04 rel=0.94 bal=-0.07 obs=121 hard=107 obsc=132 yr= 18G nz=0.05 flt=0.20 dmap=+0/-0 shz=3.3 plan=4 cmd=(lx=+0.00,ly=+0.00,rx=-0.45)
  t=172.5 AGR-DWA-T pos=(-5.02,+2.46) yaw=  -8.0 d=0.65 goal_err=+71 carrot_err= +76 c0=1.05 clear=0.70 prog=0.04 rel=0.84 bal=-0.07 obs=123 hard=109 obsc=134 yr= 18G nz=0.07 flt=0.00 dmap=+0/-0 shz=3.3 plan=4 cmd=(lx=+0.00,ly=+0.00,rx=-0.45)
  t=172.9 AGR-DWA-T pos=(-5.02,+2.46) yaw=  -1.9 d=0.65 goal_err=+65 carrot_err= +70 c0=1.05 clear=0.70 prog=0.03 rel=0.83 bal=-0.23 obs=123 hard=109 obsc=134 yr= 18G nz=0.08 flt=0.00 dmap=+0/-0 shz=3.3 plan=4 cmd=(lx=+0.00,ly=+0.00,rx=-0.45)
  t=173.3 AGR-DWA-T pos=(-5.02,+2.46) yaw=  +6.1 d=0.65 goal_err=+57 carrot_err= +62 c0=1.05 clear=0.70 prog=0.01 rel=0.93 bal=-0.20 obs=123 hard=109 obsc=134 yr= 18G nz=0.07 flt=0.00 dmap=+0/-0 shz=3.3 plan=4 cmd=(lx=+0.00,ly=+0.00,rx=-0.45)
  t=173.8 AGR-DWA-T pos=(-5.02,+2.46) yaw= +14.1 d=0.65 goal_err=+49 carrot_err= +54 c0=0.54 clear=0.36 prog=0.00 rel=0.94 bal=-0.25 obs=123 hard=109 obsc=134 yr= 18G nz=0.06 flt=0.00 dmap=+0/-0 shz=3.3 plan=4 cmd=(lx=+0.00,ly=+0.00,rx=-0.45)
  t=174.2 AGR-DWA-T pos=(-5.02,+2.46) yaw= +20.1 d=0.65 goal_err=+43 carrot_err= +48 c0=0.54 clear=0.36 prog=0.00 rel=0.62 bal=-0.25 obs=125 hard=106 obsc=135 yr=  0  nz=0.38 flt=0.00 dmap=+0/-0 shz=3.5 plan=4 cmd=(lx=+0.00,ly=+0.00,rx=+0.00)
  t=174.7 AGR-DWA-T pos=(-5.02,+2.46) yaw= +20.1 d=0.65 goal_err=+43 carrot_err= +48 c0=0.54 clear=0.36 prog=0.00 rel=0.60 bal=-0.25 obs=122 hard=106 obsc=133 yr=  0  nz=0.40 flt=0.08 dmap=+0/-0 shz=3.5 plan=4 cmd=(lx=+0.00,ly=+0.00,rx=+0.00)
  t=175.1 AGR-DWA-T pos=(-5.02,+2.46) yaw= +20.1 d=0.65 goal_err=+43 carrot_err= +48 c0=0.54 clear=0.36 prog=0.00 rel=0.60 bal=-0.25 obs=122 hard=106 obsc=133 yr=  0  nz=0.40 flt=0.08 dmap=+0/-0 shz=3.5 plan=4 cmd=(lx=+0.00,ly=+0.00,rx=+0.00)
  t=175.6 AGR-BRK-BK pos=(-5.02,+2.46) yaw= +20.1 d=0.65 goal_err=+43 carrot_err= +48 c0=0.54 clear=0.36 prog=0.00 rel=0.60 bal=-0.25 obs=122 hard=106 obsc=133 yr=  0  nz=0.40 flt=0.08 dmap=+0/-0 shz=3.5 plan=0 cmd=(lx=+0.00,ly=-0.35,rx=+0.00)
  t=176.0 AGR-BRK-TR pos=(-5.07,+2.44) yaw= +20.1 d=0.69 goal_err=+40 carrot_err= +44 c0=0.59 clear=0.40 prog=0.00 rel=0.98 bal=-0.23 obs=127 hard=107 obsc=133 yr=  0G nz=0.02 flt=0.00 dmap=+0/-0 shz=3.3 plan=0 cmd=(lx=+0.00,ly=+0.00,rx=+0.45)
  t=176.5 AGR-BRK-TR pos=(-5.07,+2.44) yaw= +12.1 d=0.69 goal_err=+48 carrot_err= +52 c0=1.10 clear=0.73 prog=0.00 rel=0.97 bal=-0.17 obs=127 hard=107 obsc=133 yr= 18G nz=0.03 flt=0.00 dmap=+0/-0 shz=3.3 plan=0 cmd=(lx=+0.00,ly=+0.00,rx=+0.45)
  t=176.9 AGR-BRK-TR pos=(-5.07,+2.44) yaw=  +4.1 d=0.69 goal_err=+56 carrot_err= +60 c0=1.10 clear=0.73 prog=0.00 rel=0.68 bal=-0.17 obs=127 hard=107 obsc=133 yr= 18G nz=0.32 flt=0.00 dmap=+0/-0 shz=3.3 plan=0 cmd=(lx=+0.00,ly=+0.00,rx=+0.45)
  t=177.4 AGR-BRK-TR pos=(-5.07,+2.44) yaw=  -1.9 d=0.69 goal_err=+62 carrot_err= +66 c0=1.10 clear=0.73 prog=0.00 rel=0.61 bal=-0.03 obs=127 hard=107 obsc=133 yr= 18G nz=0.39 flt=0.00 dmap=+0/-0 shz=3.3 plan=0 cmd=(lx=+0.00,ly=+0.00,rx=+0.45)
  t=177.8 AGR-BRK-TR pos=(-5.06,+2.44) yaw=  -9.9 d=0.69 goal_err=+71 carrot_err= +75 c0=1.09 clear=0.73 prog=0.00 rel=0.71 bal=-0.04 obs=127 hard=107 obsc=133 yr= 17G nz=0.29 flt=0.12 dmap=+0/-0 shz=3.3 plan=0 cmd=(lx=+0.00,ly=+0.00,rx=+0.45)
  t=178.2 AGR-BRK-TR pos=(-5.04,+2.44) yaw= -17.6 d=0.68 goal_err=+80 carrot_err= +84 c0=1.07 clear=0.71 prog=0.02 rel=0.98 bal=-0.05 obs=127 hard=107 obsc=133 yr= 17G nz=0.02 flt=0.01 dmap=+0/-0 shz=3.3 plan=0 cmd=(lx=+0.00,ly=+0.00,rx=+0.45)
  t=178.7 AGR-DWA-T pos=(-5.03,+2.44) yaw= -17.5 d=0.67 goal_err=+81 carrot_err= +85 c0=1.06 clear=0.70 prog=0.03 rel=0.98 bal=-0.05 obs=127 hard=107 obsc=133 yr= 19G nz=0.02 flt=0.38 dmap=+0/-0 shz=3.3 plan=4 cmd=(lx=+0.00,ly=+0.00,rx=-0.45)
  t=179.1 AGR-DWA-T pos=(-5.03,+2.44) yaw=  -9.5 d=0.67 goal_err=+73 carrot_err= +77 c0=1.06 clear=0.70 prog=0.03 rel=0.87 bal=-0.05 obs=127 hard=108 obsc=133 yr= 18G nz=0.04 flt=0.00 dmap=+0/-0 shz=3.3 plan=4 cmd=(lx=+0.00,ly=+0.00,rx=-0.45)
  t=179.6 AGR-DWA-T pos=(-5.03,+2.44) yaw=  -1.4 d=0.67 goal_err=+65 carrot_err= +69 c0=1.06 clear=0.70 prog=0.03 rel=0.97 bal=-0.21 obs=127 hard=108 obsc=133 yr= 18G nz=0.03 flt=0.14 dmap=+0/-0 shz=3.3 plan=4 cmd=(lx=+0.00,ly=+0.00,rx=-0.45)
  t=180.0 AGR-DWA-F pos=(-5.02,+2.44) yaw=  +6.6 d=0.67 goal_err=+57 carrot_err= +62 c0=1.05 clear=0.70 prog=0.02 rel=0.98 bal=-0.18 obs=127 hard=108 obsc=133 yr= 18G nz=0.02 flt=0.00 dmap=+0/-0 shz=3.3 plan=4 cmd=(lx=+0.00,ly=+0.28,rx=-0.45)
  t=180.5 AGR-DWA-T pos=(-5.01,+2.44) yaw= +14.6 d=0.66 goal_err=+50 carrot_err= +55 c0=1.41 clear=0.94 prog=0.02 rel=0.88 bal=-0.23 obs=127 hard=108 obsc=133 yr= 18G nz=0.12 flt=0.02 dmap=+0/-0 shz=3.5 plan=4 cmd=(lx=+0.00,ly=+0.00,rx=-0.45)
  t=180.9 AGR-DWA-T pos=(-5.01,+2.44) yaw= +20.6 d=0.66 goal_err=+44 carrot_err= +49 c0=0.54 clear=0.36 prog=0.02 rel=0.59 bal=-0.23 obs=126 hard=111 obsc=136 yr=  0  nz=0.35 flt=0.00 dmap=+1/-2 shz=3.5 plan=4 cmd=(lx=+0.00,ly=+0.00,rx=+0.00)
  t=181.4 AGR-DWA-T pos=(-5.01,+2.44) yaw= +20.6 d=0.66 goal_err=+44 carrot_err= +49 c0=0.54 clear=0.36 prog=0.02 rel=0.55 bal=-0.23 obs=125 hard=111 obsc=133 yr=  0  nz=0.46 flt=0.05 dmap=+0/-0 shz=3.5 plan=4 cmd=(lx=+0.00,ly=+0.00,rx=+0.00)
  t=181.8 AGR-DWA-T pos=(-5.01,+2.44) yaw= +20.6 d=0.66 goal_err=+44 carrot_err= +49 c0=0.54 clear=0.36 prog=0.02 rel=0.55 bal=-0.23 obs=125 hard=111 obsc=133 yr=  0  nz=0.46 flt=0.05 dmap=+0/-0 shz=3.5 plan=4 cmd=(lx=+0.00,ly=+0.00,rx=+0.00)
  t=182.3 AGR-BRK-BK pos=(-5.01,+2.44) yaw= +20.6 d=0.66 goal_err=+44 carrot_err= +49 c0=0.54 clear=0.36 prog=0.00 rel=0.55 bal=-0.23 obs=125 hard=111 obsc=133 yr=  0  nz=0.46 flt=0.05 dmap=+0/-0 shz=3.5 plan=0 cmd=(lx=+0.00,ly=-0.35,rx=+0.00)
  t=182.7 AGR-BRK-TR pos=(-5.04,+2.43) yaw= +20.6 d=0.69 goal_err=+42 carrot_err= +46 c0=0.58 clear=0.39 prog=0.00 rel=0.98 bal=-0.21 obs=127 hard=111 obsc=133 yr=  0G nz=0.02 flt=0.01 dmap=+0/-0 shz=3.3 plan=0 cmd=(lx=+0.00,ly=+0.00,rx=+0.45)
  t=183.1 AGR-BRK-TR pos=(-5.06,+2.42) yaw= +14.6 d=0.70 goal_err=+48 carrot_err= +51 c0=0.59 clear=0.39 prog=0.00 rel=0.96 bal=-0.21 obs=127 hard=111 obsc=133 yr= 18G nz=0.04 flt=0.00 dmap=+0/-0 shz=3.3 plan=0 cmd=(lx=+0.00,ly=+0.00,rx=+0.45)
  t=183.6 AGR-BRK-TR pos=(-5.06,+2.42) yaw=  +6.6 d=0.70 goal_err=+56 carrot_err= +60 c0=1.08 clear=0.72 prog=0.00 rel=0.68 bal=-0.16 obs=127 hard=111 obsc=133 yr= 18G nz=0.32 flt=0.18 dmap=+0/-0 shz=3.3 plan=0 cmd=(lx=+0.00,ly=+0.00,rx=+0.45)
  t=184.0 AGR-BRK-TR pos=(-5.06,+2.42) yaw=  -1.4 d=0.70 goal_err=+64 carrot_err= +68 c0=1.08 clear=0.72 prog=0.00 rel=0.61 bal=-0.02 obs=129 hard=113 obsc=135 yr= 18G nz=0.39 flt=0.00 dmap=+0/-0 shz=3.3 plan=0 cmd=(lx=+0.00,ly=+0.00,rx=+0.45)
  t=184.5 AGR-BRK-TR pos=(-5.06,+2.42) yaw=  -9.5 d=0.70 goal_err=+72 carrot_err= +76 c0=1.08 clear=0.72 prog=0.00 rel=0.62 bal=-0.02 obs=129 hard=113 obsc=135 yr= 18G nz=0.38 flt=0.01 dmap=+0/-0 shz=3.3 plan=0 cmd=(lx=+0.00,ly=+0.00,rx=+0.45)
  t=184.9 AGR-BRK-TR pos=(-5.05,+2.42) yaw= -15.4 d=0.69 goal_err=+78 carrot_err= +82 c0=1.07 clear=0.71 prog=0.01 rel=0.99 bal=-0.03 obs=129 hard=113 obsc=135 yr= 17G nz=0.01 flt=0.03 dmap=+0/-0 shz=3.3 plan=0 cmd=(lx=+0.00,ly=+0.00,rx=+0.45)
  t=185.3 AGR-DWA-T pos=(-5.04,+2.42) yaw= -15.2 d=0.69 goal_err=+79 carrot_err= +83 c0=1.06 clear=0.71 prog=0.01 rel=0.98 bal=-0.03 obs=129 hard=113 obsc=135 yr= 18G nz=0.02 flt=0.15 dmap=+0/-0 shz=3.3 plan=4 cmd=(lx=+0.00,ly=+0.00,rx=-0.45)
  t=185.8 AGR-DWA-T pos=(-5.04,+2.42) yaw=  -7.2 d=0.69 goal_err=+71 carrot_err= +75 c0=1.06 clear=0.71 prog=0.01 rel=0.98 bal=-0.03 obs=129 hard=113 obsc=135 yr= 18G nz=0.02 flt=0.00 dmap=+0/-0 shz=3.3 plan=4 cmd=(lx=+0.00,ly=+0.00,rx=-0.45)
  t=186.2 AGR-DWA-F pos=(-5.04,+2.42) yaw=  +0.8 d=0.69 goal_err=+63 carrot_err= +67 c0=1.06 clear=0.71 prog=0.01 rel=0.98 bal=-0.19 obs=129 hard=113 obsc=135 yr= 19G nz=0.02 flt=0.28 dmap=+0/-0 shz=3.3 plan=4 cmd=(lx=+0.00,ly=+0.28,rx=-0.45)
  t=186.7 AGR-DWA-F pos=(-5.01,+2.43) yaw=  +8.8 d=0.68 goal_err=+56 carrot_err= +61 c0=1.04 clear=0.69 prog=0.03 rel=0.89 bal=-0.16 obs=129 hard=114 obsc=135 yr= 18G nz=0.02 flt=0.05 dmap=+0/-0 shz=3.5 plan=4 cmd=(lx=+0.00,ly=+0.28,rx=-0.45)
  t=187.1 AGR-DWA-T pos=(-4.99,+2.43) yaw= +14.8 d=0.66 goal_err=+52 carrot_err= +56 c0=1.39 clear=0.93 prog=0.04 rel=0.89 bal=-0.21 obs=129 hard=114 obsc=135 yr= 18G nz=0.11 flt=0.12 dmap=+0/-0 shz=3.5 plan=4 cmd=(lx=+0.00,ly=+0.00,rx=-0.45)

  COLISION #2 [odom] en (-4.99,+2.43) -> marco y recupero.
  t=187.6 AGR-R-BACK pos=(-5.00,+2.43) yaw= +20.9 d=0.67 goal_err=+45 carrot_err= +50 c0=0.26 clear=0.17 prog=0.03 rel=0.45 bal=-0.32 obs=132 hard=114 obsc=135 yr=  0  nz=0.55 flt=0.00 dmap=+0/-0 shz=3.5 plan=0 cmd=(lx=+0.00,ly=-0.35,rx=+0.00)
  t=188.0 AGR-R-TURN pos=(-5.05,+2.41) yaw= +20.9 d=0.70 goal_err=+43 carrot_err= +47 c0=0.31 clear=0.21 prog=0.00 rel=0.36 bal=-0.19 obs=133 hard=115 obsc=136 yr=  0G nz=0.64 flt=0.00 dmap=+0/-0 shz=3.5 plan=0 cmd=(lx=+0.00,ly=+0.00,rx=+0.45)
  t=188.4 AGR-R-TURN pos=(-5.05,+2.41) yaw= +14.8 d=0.70 goal_err=+49 carrot_err= +53 c0=0.31 clear=0.21 prog=0.00 rel=0.26 bal=-0.19 obs=133 hard=115 obsc=136 yr= 18G nz=0.74 flt=0.00 dmap=+0/-0 shz=3.5 plan=0 cmd=(lx=+0.00,ly=+0.00,rx=+0.45)
  t=188.9 AGR-R-TURN pos=(-5.05,+2.41) yaw=  +6.8 d=0.70 goal_err=+57 carrot_err= +61 c0=0.45 clear=0.30 prog=0.00 rel=0.89 bal=-0.14 obs=133 hard=115 obsc=136 yr= 19G nz=0.11 flt=0.08 dmap=+0/-0 shz=3.5 plan=0 cmd=(lx=+0.00,ly=+0.00,rx=+0.45)
  t=189.3 AGR-DWA-T pos=(-5.05,+2.41) yaw=  -1.2 d=0.70 goal_err=+65 carrot_err= +69 c0=0.45 clear=0.30 prog=0.00 rel=0.89 bal=-0.20 obs=133 hard=115 obsc=136 yr= 18G nz=0.11 flt=0.00 dmap=+0/-0 shz=3.5 plan=4 cmd=(lx=+0.00,ly=+0.00,rx=-0.45)
  t=189.8 AGR-DWA-T pos=(-5.05,+2.41) yaw=  +6.8 d=0.70 goal_err=+57 carrot_err= +61 c0=0.45 clear=0.30 prog=0.00 rel=0.79 bal=-0.14 obs=133 hard=116 obsc=136 yr= 18G nz=0.12 flt=0.00 dmap=+0/-0 shz=3.5 plan=4 cmd=(lx=+0.00,ly=+0.00,rx=-0.45)
  t=190.2 AGR-DWA-T pos=(-5.05,+2.41) yaw= +12.8 d=0.70 goal_err=+51 carrot_err= +55 c0=0.31 clear=0.21 prog=0.00 rel=0.88 bal=-0.19 obs=133 hard=116 obsc=136 yr=  0G nz=0.02 flt=0.14 dmap=+0/-0 shz=3.5 plan=4 cmd=(lx=+0.00,ly=+0.00,rx=-0.45)
  t=190.6 AGR-DWA-T pos=(-5.05,+2.41) yaw= +18.8 d=0.70 goal_err=+45 carrot_err= +49 c0=0.31 clear=0.21 prog=0.00 rel=0.79 bal=-0.19 obs=144 hard=119 obsc=158 yr=  0  nz=0.11 flt=0.00 dmap=+0/-0 shz=3.5 plan=4 cmd=(lx=+0.00,ly=+0.00,rx=+0.00)
  t=191.1 AGR-DWA-T pos=(-5.05,+2.41) yaw= +18.8 d=0.70 goal_err=+45 carrot_err= +49 c0=0.31 clear=0.21 prog=0.00 rel=0.87 bal=-0.19 obs=144 hard=120 obsc=147 yr=  0  nz=0.13 flt=0.07 dmap=+0/-0 shz=3.5 plan=4 cmd=(lx=+0.00,ly=+0.00,rx=+0.00)
  t=191.5 AGR-DWA-T pos=(-5.05,+2.41) yaw= +18.8 d=0.70 goal_err=+45 carrot_err= +49 c0=0.31 clear=0.21 prog=0.00 rel=0.87 bal=-0.19 obs=144 hard=120 obsc=147 yr=  0  nz=0.13 flt=0.07 dmap=+0/-0 shz=3.5 plan=4 cmd=(lx=+0.00,ly=+0.00,rx=+0.00)
  t=192.0 AGR-BRK-BK pos=(-5.05,+2.41) yaw= +18.8 d=0.70 goal_err=+45 carrot_err= +49 c0=0.31 clear=0.21 prog=0.00 rel=0.87 bal=-0.19 obs=144 hard=120 obsc=147 yr=  0  nz=0.13 flt=0.07 dmap=+0/-0 shz=3.5 plan=0 cmd=(lx=+0.00,ly=-0.35,rx=+0.00)
  t=192.4 AGR-BRK-TR pos=(-5.07,+2.40) yaw= +18.7 d=0.73 goal_err=+43 carrot_err= +47 c0=0.34 clear=0.23 prog=0.00 rel=1.00 bal=-0.18 obs=141 hard=120 obsc=147 yr=  1G nz=0.00 flt=0.01 dmap=+0/-0 shz=3.3 plan=0 cmd=(lx=+0.00,ly=+0.00,rx=+0.45)
  t=192.9 AGR-BRK-TR pos=(-5.07,+2.40) yaw= +10.7 d=0.73 goal_err=+51 carrot_err= +55 c0=0.47 clear=0.32 prog=0.00 rel=0.97 bal=-0.12 obs=141 hard=120 obsc=147 yr= 18G nz=0.02 flt=0.20 dmap=+0/-0 shz=3.3 plan=0 cmd=(lx=+0.00,ly=+0.00,rx=+0.45)
  t=193.3 AGR-BRK-TR pos=(-5.07,+2.40) yaw=  +4.7 d=0.73 goal_err=+57 carrot_err= +61 c0=0.47 clear=0.32 prog=0.00 rel=0.89 bal=-0.15 obs=141 hard=120 obsc=147 yr= 20G nz=0.11 flt=0.06 dmap=+0/-0 shz=3.3 plan=0 cmd=(lx=+0.00,ly=+0.00,rx=+0.45)
  t=193.7 AGR-BRK-TR pos=(-5.07,+2.40) yaw=  -3.4 d=0.73 goal_err=+65 carrot_err= +69 c0=0.47 clear=0.32 prog=0.00 rel=0.88 bal=-0.18 obs=141 hard=120 obsc=147 yr= 18G nz=0.12 flt=0.00 dmap=+0/-0 shz=3.5 plan=0 cmd=(lx=+0.00,ly=+0.00,rx=+0.45)
  t=194.2 AGR-BRK-TR pos=(-5.06,+2.40) yaw= -11.2 d=0.72 goal_err=+74 carrot_err= +78 c0=0.46 clear=0.31 prog=0.01 rel=0.91 bal=-0.18 obs=141 hard=120 obsc=147 yr= 18G nz=0.09 flt=0.11 dmap=+0/-0 shz=3.5 plan=0 cmd=(lx=+0.00,ly=+0.00,rx=+0.45)
  t=194.6 AGR-BRK-TR pos=(-5.04,+2.40) yaw= -18.9 d=0.71 goal_err=+83 carrot_err= +87 c0=0.44 clear=0.29 prog=0.03 rel=0.96 bal=-0.19 obs=141 hard=120 obsc=147 yr= 17G nz=0.04 flt=0.03 dmap=+0/-0 shz=3.5 plan=0 cmd=(lx=+0.00,ly=+0.00,rx=+0.45)
  t=195.0 AGR-DWA-T pos=(-5.03,+2.40) yaw= -20.8 d=0.71 goal_err=+86 carrot_err= +90 c0=0.43 clear=0.28 prog=0.04 rel=0.96 bal=-0.20 obs=141 hard=120 obsc=147 yr= 18G nz=0.04 flt=0.23 dmap=+0/-0 shz=3.5 plan=4 cmd=(lx=+0.00,ly=+0.00,rx=-0.45)
  t=195.5 AGR-DWA-T pos=(-5.03,+2.40) yaw= -10.8 d=0.71 goal_err=+76 carrot_err= +80 c0=0.43 clear=0.28 prog=0.04 rel=0.85 bal=-0.20 obs=141 hard=120 obsc=147 yr= 18G nz=0.06 flt=0.06 dmap=+0/-0 shz=3.5 plan=4 cmd=(lx=+0.00,ly=+0.00,rx=-0.45)
  t=195.9 AGR-DWA-T pos=(-5.03,+2.40) yaw=  -2.8 d=0.71 goal_err=+68 carrot_err= +72 c0=0.43 clear=0.28 prog=0.04 rel=0.97 bal=-0.20 obs=141 hard=120 obsc=147 yr= 18G nz=0.03 flt=0.12 dmap=+0/-0 shz=3.5 plan=4 cmd=(lx=+0.00,ly=+0.00,rx=-0.45)
  t=196.4 AGR-DWA-T pos=(-5.03,+2.40) yaw=  +5.3 d=0.71 goal_err=+60 carrot_err= +64 c0=0.43 clear=0.28 prog=0.02 rel=0.98 bal=-0.35 obs=141 hard=120 obsc=147 yr= 18G nz=0.02 flt=0.00 dmap=+0/-0 shz=3.5 plan=4 cmd=(lx=+0.00,ly=+0.00,rx=-0.45)
  t=196.8 AGR-DWA-T pos=(-5.03,+2.40) yaw= +13.3 d=0.71 goal_err=+52 carrot_err= +56 c0=0.43 clear=0.28 prog=0.00 rel=0.99 bal=-0.18 obs=141 hard=120 obsc=147 yr= 18G nz=0.01 flt=0.06 dmap=+0/-0 shz=3.5 plan=4 cmd=(lx=+0.00,ly=+0.00,rx=-0.45)
  t=197.3 AGR-DWA-T pos=(-5.03,+2.40) yaw= +23.3 d=0.71 goal_err=+42 carrot_err= +46 c0=0.30 clear=0.20 prog=0.00 rel=0.92 bal=-0.31 obs=139 hard=117 obsc=140 yr= 18  nz=0.08 flt=0.20 dmap=+1/-3 shz=3.5 plan=4 cmd=(lx=+0.00,ly=+0.00,rx=+0.00)
  t=197.7 AGR-DWA-T pos=(-5.03,+2.40) yaw= +23.3 d=0.71 goal_err=+42 carrot_err= +46 c0=0.30 clear=0.20 prog=0.00 rel=0.89 bal=-0.31 obs=139 hard=117 obsc=140 yr=  0  nz=0.11 flt=0.00 dmap=+0/-0 shz=3.5 plan=4 cmd=(lx=+0.00,ly=+0.00,rx=+0.00)
  t=198.1 AGR-DWA-T pos=(-5.03,+2.40) yaw= +23.3 d=0.71 goal_err=+42 carrot_err= +46 c0=0.30 clear=0.20 prog=0.00 rel=0.89 bal=-0.31 obs=139 hard=117 obsc=140 yr=  0  nz=0.11 flt=0.00 dmap=+0/-0 shz=3.5 plan=4 cmd=(lx=+0.00,ly=+0.00,rx=+0.00)
  t=198.6 AGR-BRK-BK pos=(-5.03,+2.40) yaw= +23.3 d=0.71 goal_err=+42 carrot_err= +46 c0=0.30 clear=0.20 prog=0.00 rel=0.89 bal=-0.31 obs=139 hard=117 obsc=140 yr=  0  nz=0.11 flt=0.00 dmap=+0/-0 shz=3.5 plan=0 cmd=(lx=+0.00,ly=-0.35,rx=+0.00)
  t=199.0 AGR-BRK-TR pos=(-5.05,+2.39) yaw= +23.3 d=0.72 goal_err=+41 carrot_err= +45 c0=0.33 clear=0.22 prog=0.00 rel=1.00 bal=-0.17 obs=137 hard=115 obsc=138 yr=  0  nz=0.00 flt=0.07 dmap=+1/-0 shz=3.3 plan=0 cmd=(lx=+0.00,ly=+0.00,rx=+0.45)
  t=199.5 AGR-BRK-TR pos=(-5.06,+2.39) yaw= +17.3 d=0.73 goal_err=+46 carrot_err= +50 c0=0.34 clear=0.22 prog=0.00 rel=0.97 bal=-0.16 obs=137 hard=115 obsc=138 yr= 18G nz=0.03 flt=0.11 dmap=+0/-0 shz=3.3 plan=0 cmd=(lx=+0.00,ly=+0.00,rx=+0.45)
  t=199.9 AGR-BRK-TR pos=(-5.06,+2.39) yaw=  +9.3 d=0.73 goal_err=+54 carrot_err= +58 c0=0.46 clear=0.31 prog=0.00 rel=0.91 bal=-0.11 obs=137 hard=115 obsc=138 yr= 18G nz=0.09 flt=0.00 dmap=+0/-0 shz=3.3 plan=0 cmd=(lx=+0.00,ly=+0.00,rx=+0.45)
  t=200.3 AGR-BRK-TR pos=(-5.06,+2.39) yaw=  +3.2 d=0.73 goal_err=+60 carrot_err= +64 c0=0.46 clear=0.31 prog=0.00 rel=0.90 bal=-0.33 obs=137 hard=115 obsc=138 yr=  0G nz=0.10 flt=0.00 dmap=+0/-0 shz=3.3 plan=0 cmd=(lx=+0.00,ly=+0.00,rx=+0.45)
  t=200.8 AGR-BRK-TR pos=(-5.06,+2.39) yaw=  -4.8 d=0.73 goal_err=+68 carrot_err= +72 c0=0.46 clear=0.31 prog=0.00 rel=0.89 bal=-0.17 obs=137 hard=115 obsc=138 yr= 19G nz=0.10 flt=0.00 dmap=+0/-0 shz=3.5 plan=0 cmd=(lx=+0.00,ly=+0.00,rx=+0.45)
  t=201.2 AGR-BRK-TR pos=(-5.05,+2.39) yaw= -12.8 d=0.73 goal_err=+76 carrot_err= +80 c0=0.46 clear=0.30 prog=0.00 rel=0.97 bal=-0.17 obs=138 hard=116 obsc=139 yr= 17G nz=0.02 flt=0.00 dmap=+0/-0 shz=3.5 plan=0 cmd=(lx=+0.00,ly=+0.00,rx=+0.45)
  t=201.7 AGR-DWA-T pos=(-5.04,+2.39) yaw= -16.6 d=0.72 goal_err=+81 carrot_err= +85 c0=0.44 clear=0.29 prog=0.02 rel=0.96 bal=-0.18 obs=139 hard=117 obsc=140 yr= 18G nz=0.04 flt=0.11 dmap=+0/-0 shz=3.5 plan=4 cmd=(lx=+0.00,ly=+0.00,rx=-0.45)
  t=202.1 AGR-DWA-T pos=(-5.04,+2.39) yaw=  -8.5 d=0.72 goal_err=+73 carrot_err= +77 c0=0.44 clear=0.29 prog=0.02 rel=0.96 bal=-0.18 obs=139 hard=117 obsc=140 yr= 18G nz=0.04 flt=0.18 dmap=+0/-0 shz=3.5 plan=4 cmd=(lx=+0.00,ly=+0.00,rx=-0.45)
  t=202.6 AGR-DWA-T pos=(-5.04,+2.39) yaw=  -0.5 d=0.72 goal_err=+65 carrot_err= +69 c0=0.44 clear=0.29 prog=0.02 rel=0.96 bal=-0.33 obs=139 hard=117 obsc=140 yr= 18G nz=0.04 flt=0.00 dmap=+0/-0 shz=3.5 plan=4 cmd=(lx=+0.00,ly=+0.00,rx=-0.45)
  t=203.0 AGR-DWA-T pos=(-5.04,+2.39) yaw=  +7.5 d=0.72 goal_err=+57 carrot_err= +61 c0=0.44 clear=0.29 prog=0.02 rel=0.98 bal=-0.15 obs=139 hard=117 obsc=140 yr= 18G nz=0.02 flt=0.00 dmap=+0/-0 shz=3.5 plan=4 cmd=(lx=+0.00,ly=+0.00,rx=-0.45)
  t=203.5 AGR-DWA-T pos=(-5.04,+2.39) yaw= +13.5 d=0.72 goal_err=+51 carrot_err= +55 c0=0.44 clear=0.29 prog=0.00 rel=0.90 bal=-0.16 obs=140 hard=118 obsc=141 yr=  0G nz=0.00 flt=0.00 dmap=+0/-0 shz=3.5 plan=4 cmd=(lx=+0.00,ly=+0.00,rx=-0.45)
  t=203.9 AGR-DWA-T pos=(-5.04,+2.39) yaw= +21.6 d=0.72 goal_err=+43 carrot_err= +47 c0=0.32 clear=0.21 prog=0.00 rel=0.93 bal=-0.16 obs=140 hard=118 obsc=141 yr= 18  nz=0.07 flt=0.00 dmap=+0/-0 shz=3.5 plan=4 cmd=(lx=+0.00,ly=+0.00,rx=+0.00)
  t=204.4 AGR-DWA-T pos=(-5.04,+2.39) yaw= +21.6 d=0.72 goal_err=+43 carrot_err= +47 c0=0.32 clear=0.21 prog=0.00 rel=0.92 bal=-0.16 obs=138 hard=114 obsc=139 yr=  0  nz=0.08 flt=0.05 dmap=+0/-0 shz=3.5 plan=4 cmd=(lx=+0.00,ly=+0.00,rx=+0.00)
  t=204.8 AGR-DWA-T pos=(-5.04,+2.39) yaw= +21.6 d=0.72 goal_err=+43 carrot_err= +47 c0=0.32 clear=0.21 prog=0.00 rel=0.92 bal=-0.16 obs=138 hard=114 obsc=139 yr=  0  nz=0.08 flt=0.05 dmap=+0/-0 shz=3.5 plan=4 cmd=(lx=+0.00,ly=+0.00,rx=+0.00)
  t=205.3 AGR-BRK-BK pos=(-5.04,+2.39) yaw= +21.6 d=0.72 goal_err=+43 carrot_err= +47 c0=0.32 clear=0.21 prog=0.00 rel=0.92 bal=-0.16 obs=138 hard=114 obsc=139 yr=  0  nz=0.08 flt=0.05 dmap=+0/-0 shz=3.5 plan=0 cmd=(lx=+0.00,ly=-0.35,rx=+0.00)
  t=205.7 AGR-BRK-TR pos=(-5.06,+2.38) yaw= +21.5 d=0.74 goal_err=+42 carrot_err= +46 c0=0.34 clear=0.23 prog=0.00 rel=1.00 bal=-0.15 obs=136 hard=113 obsc=138 yr=  0  nz=0.00 flt=0.01 dmap=+0/-0 shz=3.3 plan=0 cmd=(lx=+0.00,ly=+0.00,rx=+0.45)
  t=206.1 AGR-BRK-TR pos=(-5.06,+2.38) yaw= +15.4 d=0.74 goal_err=+48 carrot_err= +52 c0=0.46 clear=0.31 prog=0.00 rel=0.99 bal=-0.15 obs=136 hard=113 obsc=138 yr= 19G nz=0.01 flt=0.12 dmap=+0/-0 shz=3.2 plan=0 cmd=(lx=+0.00,ly=+0.00,rx=+0.45)
  t=206.6 AGR-BRK-TR pos=(-5.06,+2.38) yaw=  +7.4 d=0.74 goal_err=+56 carrot_err= +60 c0=0.46 clear=0.31 prog=0.00 rel=0.90 bal=-0.13 obs=136 hard=113 obsc=138 yr= 19G nz=0.10 flt=0.00 dmap=+0/-0 shz=3.3 plan=0 cmd=(lx=+0.00,ly=+0.00,rx=+0.45)
  t=207.0 AGR-BRK-TR pos=(-5.06,+2.38) yaw=  -0.6 d=0.74 goal_err=+64 carrot_err= +68 c0=0.46 clear=0.31 prog=0.00 rel=0.89 bal=-0.16 obs=136 hard=113 obsc=138 yr= 18G nz=0.11 flt=0.24 dmap=+0/-0 shz=3.2 plan=0 cmd=(lx=+0.00,ly=+0.00,rx=+0.45)
  t=207.5 AGR-BRK-TR pos=(-5.06,+2.38) yaw=  -8.7 d=0.74 goal_err=+72 carrot_err= +76 c0=0.46 clear=0.31 prog=0.00 rel=0.97 bal=-0.16 obs=136 hard=114 obsc=138 yr= 18G nz=0.03 flt=0.00 dmap=+0/-0 shz=3.3 plan=0 cmd=(lx=+0.00,ly=+0.00,rx=+0.45)
  t=207.9 AGR-BRK-TR pos=(-5.05,+2.38) yaw= -14.5 d=0.74 goal_err=+79 carrot_err= +83 c0=0.45 clear=0.30 prog=0.01 rel=0.97 bal=-0.16 obs=136 hard=115 obsc=138 yr= 18G nz=0.03 flt=0.04 dmap=+0/-0 shz=3.2 plan=0 cmd=(lx=+0.00,ly=+0.00,rx=+0.45)
  t=208.3 AGR-DWA-T pos=(-5.03,+2.38) yaw= -18.4 d=0.73 goal_err=+84 carrot_err= +88 c0=0.43 clear=0.29 prog=0.02 rel=0.95 bal=-0.17 obs=136 hard=115 obsc=138 yr= 18G nz=0.05 flt=0.03 dmap=+0/-0 shz=3.3 plan=4 cmd=(lx=+0.00,ly=+0.00,rx=-0.45)
  t=208.8 AGR-DWA-T pos=(-5.03,+2.38) yaw= -10.3 d=0.73 goal_err=+76 carrot_err= +80 c0=0.43 clear=0.29 prog=0.02 rel=0.94 bal=-0.17 obs=136 hard=115 obsc=138 yr= 18G nz=0.06 flt=0.19 dmap=+0/-0 shz=3.2 plan=4 cmd=(lx=+0.00,ly=+0.00,rx=-0.45)
  t=209.2 AGR-DWA-T pos=(-5.03,+2.38) yaw=  -2.3 d=0.73 goal_err=+68 carrot_err= +72 c0=0.43 clear=0.29 prog=0.02 rel=0.97 bal=-0.17 obs=136 hard=115 obsc=138 yr= 18G nz=0.03 flt=0.00 dmap=+0/-0 shz=3.3 plan=4 cmd=(lx=+0.00,ly=+0.00,rx=-0.45)
  t=209.7 AGR-DWA-T pos=(-5.03,+2.38) yaw=  +3.7 d=0.73 goal_err=+62 carrot_err= +66 c0=0.43 clear=0.29 prog=0.02 rel=0.97 bal=-0.33 obs=136 hard=115 obsc=138 yr= 18G nz=0.03 flt=0.00 dmap=+0/-0 shz=3.2 plan=4 cmd=(lx=+0.00,ly=+0.00,rx=-0.45)
  t=210.1 AGR-DWA-T pos=(-5.03,+2.38) yaw= +11.7 d=0.73 goal_err=+54 carrot_err= +58 c0=0.43 clear=0.29 prog=0.00 rel=1.00 bal=-0.15 obs=136 hard=115 obsc=138 yr= 18G nz=0.00 flt=0.00 dmap=+0/-0 shz=3.3 plan=4 cmd=(lx=+0.00,ly=+0.00,rx=-0.45)
  t=210.6 AGR-DWA-T pos=(-5.03,+2.38) yaw= +19.7 d=0.73 goal_err=+46 carrot_err= +50 c0=0.32 clear=0.21 prog=0.00 rel=0.99 bal=-0.15 obs=136 hard=115 obsc=138 yr= 18G nz=0.01 flt=0.00 dmap=+0/-0 shz=3.5 plan=4 cmd=(lx=+0.00,ly=+0.00,rx=+0.00)
  t=211.0 AGR-DWA-T pos=(-5.03,+2.38) yaw= +21.7 d=0.73 goal_err=+44 carrot_err= +48 c0=0.32 clear=0.21 prog=0.00 rel=0.91 bal=-0.15 obs=138 hard=116 obsc=140 yr=  0  nz=0.09 flt=0.08 dmap=+0/-0 shz=3.5 plan=4 cmd=(lx=+0.00,ly=+0.00,rx=+0.00)
  t=211.4 AGR-DWA-T pos=(-5.03,+2.38) yaw= +21.7 d=0.73 goal_err=+44 carrot_err= +48 c0=0.32 clear=0.21 prog=0.00 rel=0.91 bal=-0.15 obs=138 hard=116 obsc=140 yr=  0  nz=0.09 flt=0.08 dmap=+0/-0 shz=3.5 plan=4 cmd=(lx=+0.00,ly=+0.00,rx=+0.00)
  t=211.9 AGR-DWA-T pos=(-5.03,+2.38) yaw= +21.7 d=0.73 goal_err=+44 carrot_err= +48 c0=0.32 clear=0.21 prog=0.00 rel=0.91 bal=-0.15 obs=138 hard=116 obsc=140 yr=  0  nz=0.09 flt=0.08 dmap=+0/-0 shz=3.5 plan=0 cmd=(lx=+0.00,ly=+0.00,rx=+0.00)
  t=212.3 AGR-BRK-BK pos=(-5.06,+2.37) yaw= +21.7 d=0.75 goal_err=+42 carrot_err= +46 c0=0.35 clear=0.23 prog=0.00 rel=0.91 bal=-0.14 obs=138 hard=116 obsc=140 yr=  0  nz=0.09 flt=0.08 dmap=+0/-0 shz=3.5 plan=0 cmd=(lx=+0.00,ly=-0.35,rx=+0.00)
  t=212.7 AGR-BRK-TR pos=(-5.06,+2.37) yaw= +19.5 d=0.75 goal_err=+45 carrot_err= +48 c0=0.35 clear=0.23 prog=0.00 rel=0.99 bal=-0.14 obs=138 hard=117 obsc=140 yr= 18G nz=0.01 flt=0.03 dmap=+0/-0 shz=3.3 plan=0 cmd=(lx=+0.00,ly=+0.00,rx=+0.45)
  t=213.2 AGR-BRK-TR pos=(-5.06,+2.37) yaw= +11.5 d=0.75 goal_err=+53 carrot_err= +57 c0=0.46 clear=0.30 prog=0.00 rel=0.99 bal=-0.08 obs=138 hard=117 obsc=140 yr= 19G nz=0.01 flt=0.25 dmap=+0/-0 shz=3.2 plan=0 cmd=(lx=+0.00,ly=+0.00,rx=+0.45)
  t=213.6 AGR-BRK-TR pos=(-5.06,+2.37) yaw=  +3.4 d=0.75 goal_err=+61 carrot_err= +65 c0=0.46 clear=0.30 prog=0.00 rel=0.90 bal=-0.31 obs=138 hard=117 obsc=140 yr= 18G nz=0.10 flt=0.00 dmap=+0/-0 shz=3.3 plan=0 cmd=(lx=+0.00,ly=+0.00,rx=+0.45)
  t=214.0 AGR-BRK-TR pos=(-5.06,+2.37) yaw=  -2.6 d=0.75 goal_err=+67 carrot_err= +71 c0=0.46 clear=0.30 prog=0.00 rel=0.90 bal=-0.28 obs=138 hard=117 obsc=140 yr= 19G nz=0.10 flt=0.00 dmap=+0/-0 shz=3.2 plan=0 cmd=(lx=+0.00,ly=+0.00,rx=+0.45)
  t=214.5 AGR-BRK-TR pos=(-5.06,+2.37) yaw= -10.6 d=0.75 goal_err=+75 carrot_err= +79 c0=0.46 clear=0.30 prog=0.00 rel=0.98 bal=-0.28 obs=138 hard=117 obsc=140 yr= 18G nz=0.02 flt=0.00 dmap=+0/-0 shz=3.3 plan=0 cmd=(lx=+0.00,ly=+0.00,rx=+0.45)
  t=214.9 AGR-DWA-T pos=(-5.04,+2.37) yaw= -18.4 d=0.74 goal_err=+84 carrot_err= +88 c0=0.44 clear=0.29 prog=0.01 rel=0.98 bal=-0.29 obs=138 hard=117 obsc=140 yr= 18G nz=0.02 flt=0.00 dmap=+0/-0 shz=3.2 plan=4 cmd=(lx=+0.00,ly=+0.00,rx=-0.45)
  t=215.3 AGR-DWA-T pos=(-5.03,+2.37) yaw= -16.3 d=0.74 goal_err=+82 carrot_err= +86 c0=0.43 clear=0.29 prog=0.02 rel=0.96 bal=-0.29 obs=138 hard=117 obsc=140 yr= 17G nz=0.04 flt=0.24 dmap=+0/-0 shz=3.3 plan=4 cmd=(lx=+0.00,ly=+0.00,rx=-0.45)
  t=215.8 AGR-DWA-T pos=(-5.03,+2.37) yaw=  -8.3 d=0.74 goal_err=+74 carrot_err= +78 c0=0.43 clear=0.29 prog=0.02 rel=0.96 bal=-0.29 obs=138 hard=117 obsc=140 yr= 18G nz=0.04 flt=0.00 dmap=+0/-0 shz=3.2 plan=4 cmd=(lx=+0.00,ly=+0.00,rx=-0.45)
  t=216.2 AGR-DWA-T pos=(-5.03,+2.37) yaw=  -0.3 d=0.74 goal_err=+66 carrot_err= +70 c0=0.43 clear=0.29 prog=0.02 rel=0.96 bal=-0.32 obs=138 hard=117 obsc=140 yr= 18G nz=0.04 flt=0.00 dmap=+0/-0 shz=3.3 plan=4 cmd=(lx=+0.00,ly=+0.00,rx=-0.45)
  t=216.7 AGR-DWA-T pos=(-5.03,+2.37) yaw=  +5.7 d=0.74 goal_err=+60 carrot_err= +64 c0=0.43 clear=0.29 prog=0.01 rel=0.99 bal=-0.32 obs=138 hard=117 obsc=140 yr= 19G nz=0.01 flt=0.00 dmap=+0/-0 shz=3.2 plan=4 cmd=(lx=+0.00,ly=+0.00,rx=-0.45)
  t=217.1 AGR-DWA-T pos=(-5.03,+2.37) yaw= +13.8 d=0.74 goal_err=+52 carrot_err= +56 c0=0.43 clear=0.29 prog=0.00 rel=0.99 bal=-0.14 obs=138 hard=117 obsc=140 yr= 18G nz=0.01 flt=0.00 dmap=+0/-0 shz=3.3 plan=4 cmd=(lx=+0.00,ly=+0.00,rx=-0.45)
  t=217.6 AGR-DWA-T pos=(-5.03,+2.37) yaw= +21.8 d=0.74 goal_err=+44 carrot_err= +48 c0=0.33 clear=0.22 prog=0.00 rel=0.88 bal=-0.14 obs=139 hard=118 obsc=140 yr= 18  nz=0.02 flt=0.00 dmap=+0/-0 shz=3.4 plan=4 cmd=(lx=+0.00,ly=+0.00,rx=+0.00)
  t=218.0 AGR-DWA-T pos=(-5.03,+2.37) yaw= +21.8 d=0.74 goal_err=+44 carrot_err= +48 c0=0.33 clear=0.22 prog=0.00 rel=0.91 bal=-0.14 obs=139 hard=118 obsc=141 yr=  0  nz=0.09 flt=0.05 dmap=+0/-0 shz=3.4 plan=4 cmd=(lx=+0.00,ly=+0.00,rx=+0.00)
  t=218.4 AGR-DWA-T pos=(-5.03,+2.37) yaw= +21.8 d=0.74 goal_err=+44 carrot_err= +48 c0=0.33 clear=0.22 prog=0.00 rel=0.91 bal=-0.14 obs=139 hard=118 obsc=141 yr=  0  nz=0.09 flt=0.05 dmap=+0/-0 shz=3.4 plan=4 cmd=(lx=+0.00,ly=+0.00,rx=+0.00)
  t=218.9 AGR-BRK-BK pos=(-5.03,+2.37) yaw= +21.8 d=0.74 goal_err=+44 carrot_err= +48 c0=0.33 clear=0.22 prog=0.00 rel=0.91 bal=-0.14 obs=139 hard=118 obsc=141 yr=  0  nz=0.09 flt=0.05 dmap=+0/-0 shz=3.4 plan=0 cmd=(lx=+0.00,ly=-0.35,rx=+0.00)
  t=219.3 AGR-BRK-TR pos=(-5.05,+2.36) yaw= +21.7 d=0.75 goal_err=+43 carrot_err= +47 c0=0.35 clear=0.23 prog=0.00 rel=0.97 bal=-0.13 obs=136 hard=117 obsc=139 yr=  0  nz=0.03 flt=0.00 dmap=+0/-0 shz=3.2 plan=0 cmd=(lx=+0.00,ly=+0.00,rx=+0.45)
  t=219.8 AGR-BRK-TR pos=(-5.05,+2.36) yaw= +15.6 d=0.75 goal_err=+49 carrot_err= +53 c0=0.45 clear=0.30 prog=0.00 rel=0.91 bal=-0.13 obs=136 hard=117 obsc=139 yr= 18G nz=0.09 flt=0.10 dmap=+0/-0 shz=3.3 plan=0 cmd=(lx=+0.00,ly=+0.00,rx=+0.45)
  t=220.2 AGR-BRK-TR pos=(-5.05,+2.36) yaw=  +7.6 d=0.75 goal_err=+57 carrot_err= +61 c0=0.45 clear=0.30 prog=0.00 rel=0.91 bal=-0.30 obs=136 hard=117 obsc=139 yr= 19G nz=0.10 flt=0.24 dmap=+0/-0 shz=3.2 plan=0 cmd=(lx=+0.00,ly=+0.00,rx=+0.45)
  t=220.6 AGR-BRK-TR pos=(-5.05,+2.36) yaw=  -0.5 d=0.75 goal_err=+65 carrot_err= +69 c0=0.45 clear=0.30 prog=0.00 rel=0.90 bal=-0.30 obs=136 hard=117 obsc=139 yr= 19G nz=0.10 flt=0.00 dmap=+0/-0 shz=3.3 plan=0 cmd=(lx=+0.00,ly=+0.00,rx=+0.45)
  t=221.1 AGR-BRK-TR pos=(-5.05,+2.36) yaw=  -8.5 d=0.75 goal_err=+73 carrot_err= +77 c0=0.45 clear=0.30 prog=0.00 rel=0.98 bal=-0.28 obs=136 hard=117 obsc=139 yr= 18G nz=0.02 flt=0.10 dmap=+0/-0 shz=3.2 plan=0 cmd=(lx=+0.00,ly=+0.00,rx=+0.45)
  t=221.5 AGR-BRK-TR pos=(-5.04,+2.36) yaw= -16.4 d=0.75 goal_err=+82 carrot_err= +86 c0=0.45 clear=0.30 prog=0.01 rel=0.98 bal=-0.28 obs=136 hard=117 obsc=139 yr= 17G nz=0.02 flt=0.00 dmap=+0/-0 shz=3.3 plan=0 cmd=(lx=+0.00,ly=+0.00,rx=+0.45)
  t=222.0 AGR-DWA-T pos=(-5.03,+2.36) yaw= -20.2 d=0.74 goal_err=+87 carrot_err= +91 c0=1.04 clear=0.69 prog=0.02 rel=0.64 bal=-0.29 obs=136 hard=117 obsc=139 yr= 19G nz=0.35 flt=0.05 dmap=+0/-0 shz=3.3 plan=4 cmd=(lx=+0.00,ly=+0.00,rx=-0.45)
  t=222.4 AGR-DWA-T pos=(-5.03,+2.36) yaw= -12.2 d=0.74 goal_err=+79 carrot_err= +83 c0=0.43 clear=0.29 prog=0.02 rel=0.50 bal=-0.29 obs=136 hard=118 obsc=139 yr= 18G nz=0.44 flt=0.00 dmap=+0/-0 shz=3.3 plan=4 cmd=(lx=+0.00,ly=+0.00,rx=-0.45)
  t=222.9 AGR-DWA-T pos=(-5.03,+2.36) yaw=  -6.2 d=0.74 goal_err=+73 carrot_err= +77 c0=0.43 clear=0.29 prog=0.02 rel=0.55 bal=-0.29 obs=136 hard=118 obsc=139 yr=  0G nz=0.45 flt=0.18 dmap=+0/-0 shz=3.3 plan=4 cmd=(lx=+0.00,ly=+0.00,rx=-0.45)
  t=223.3 AGR-DWA-T pos=(-5.03,+2.36) yaw=  +1.8 d=0.74 goal_err=+65 carrot_err= +69 c0=0.43 clear=0.29 prog=0.02 rel=0.56 bal=-0.31 obs=136 hard=118 obsc=139 yr= 18G nz=0.44 flt=0.00 dmap=+0/-0 shz=3.3 plan=4 cmd=(lx=+0.00,ly=+0.00,rx=-0.45)
  t=223.7 AGR-DWA-T pos=(-5.03,+2.36) yaw=  +9.9 d=0.74 goal_err=+57 carrot_err= +61 c0=0.43 clear=0.29 prog=0.00 rel=0.65 bal=-0.31 obs=136 hard=118 obsc=139 yr= 18G nz=0.35 flt=0.22 dmap=+0/-0 shz=3.5 plan=4 cmd=(lx=+0.00,ly=+0.00,rx=-0.45)
  t=224.2 AGR-DWA-T pos=(-5.03,+2.36) yaw= +17.9 d=0.74 goal_err=+49 carrot_err= +53 c0=0.43 clear=0.29 prog=0.00 rel=0.96 bal=-0.13 obs=136 hard=118 obsc=139 yr= 18G nz=0.04 flt=0.00 dmap=+0/-0 shz=3.5 plan=4 cmd=(lx=+0.00,ly=+0.00,rx=-0.45)
  t=224.6 AGR-DWA-T pos=(-5.03,+2.36) yaw= +21.9 d=0.74 goal_err=+45 carrot_err= +49 c0=0.33 clear=0.22 prog=0.00 rel=0.91 bal=-0.13 obs=135 hard=115 obsc=142 yr=  0  nz=0.09 flt=0.00 dmap=+0/-0 shz=3.5 plan=4 cmd=(lx=+0.00,ly=+0.00,rx=+0.00)

  >>> META2 EXPERIENCE-ABORT: experiencia mala 92% en 150s con progreso +0.22m. Ninguna analogia es valida aqui: STOP y aborto (pide ayuda/reposiciona). G1_M2_ABORT=0 desactiva.
  [spill] derrames=0 E[N]=0.00 eta_max=0.92 riesgo=1.1%
  [dataset] travesia guardada -> /Users/adrianlendinezibanez/Claude/Projects/G1 ROBOT/dataset/20260708_134705_ours_B.json
  [stats] fila anadida -> /Users/adrianlendinezibanez/Claude/Projects/G1 ROBOT/dataset/runs_stats.csv

Fin goto.
  [META2-L2] estado guardado (meta2_state_abctrl.json): Pl={'Efficient_Nav': 1.0, 'Cautious_Nav': 0.95} derrames_run=0
  backend grafico: TkAgg
>>> SIM ADAPTER: conectando a rosbridge ws://localhost:8765 ...
  esperando /odom (hasta 30s; el mundo del lab tarda en cargar)... ok
  /odom OK pose=(+0.99,+0.57) | /scan: OK
  escenario LAB: mapa/waypoints/puerta REALES (lab.world solo-paredes, frame G1)

>>> GOTO 'B' -> (-4.73,+3.04). Mando en mano (L2+B). Ctrl+C aborta.
    ENTORNO: SIM (id: lab_v1_ab_ctrl)  — esta run se registra como SIMULACION, no cuenta como run de robot
  Esperando pose localizada y primera nube... ok.
  FRAME-CHECK start=(+0.99,+0.57) wp_mas_cercano=A(+0.99,+0.57) offset=0.00m  -> frame OK (pose y waypoints alineados)
  [spill] payload de agua simulado (semilla=20260708_135647_ours_B.json)
  META2 ACTIVO (techo por analogia): Meta-Reasoner 2.0, analogia inicial Cautious_Nav

  !!!!!!!!!!!!!!!!!!!!!!!!!!!!!!!!!!!!!!!!!!!!!!!!!!!!!!!!!!!!!!!!!!!!!!!!!!
  !!  VISION OFF (G1_PERC sin definir) pero G1_NOVIS=1: navego SIN vision bajo tu responsabilidad.
  !!  La MESA invisible al LiDAR no se vera.
  !!!!!!!!!!!!!!!!!!!!!!!!!!!!!!!!!!!!!!!!!!!!!!!!!!!!!!!!!!!!!!!!!!!!!!!!!!

  mapa de referencia: 961 celdas | muebles estaticos (nav_map): 0 celdas | plan global: static
  t=  0.0 DWA-F pos=(+0.99,+0.57) yaw=-120.3 d=6.23 goal_err=-83 carrot_err= -62 c0=2.25 clear=1.00 prog=0.00 rel=1.00 bal=+0.19 obs=108 hard=108 obsc=108 yr=  0  nz=0.00 flt=0.19 dmap=+108/-0 shz=0.0 plan=34 cmd=(lx=+0.00,ly=+0.40,rx=+0.45)
  t=  0.4 DWA-F pos=(+0.97,+0.53) yaw=-126.3 d=6.22 goal_err=-77 carrot_err= -59 c0=2.21 clear=1.00 prog=0.06 rel=0.97 bal=+0.28 obs=111 hard=111 obsc=111 yr= 19G nz=0.03 flt=0.14 dmap=+0/-0 shz=3.2 plan=34 cmd=(lx=+0.00,ly=+0.40,rx=+0.45)
  t=  0.8 DWA-F pos=(+0.93,+0.49) yaw=-134.4 d=6.21 goal_err=-70 carrot_err= -55 c0=2.28 clear=1.00 prog=0.09 rel=0.97 bal=+0.41 obs=112 hard=112 obsc=112 yr= 19G nz=0.03 flt=0.02 dmap=+1/-0 shz=3.6 plan=34 cmd=(lx=+0.00,ly=+0.40,rx=+0.45)
  t=  1.3 DWA-F pos=(+0.88,+0.45) yaw=-142.4 d=6.18 goal_err=-62 carrot_err= -35 c0=2.50 clear=1.00 prog=0.12 rel=0.96 bal=+0.41 obs=112 hard=112 obsc=112 yr= 20  nz=0.04 flt=0.07 dmap=+0/-0 shz=3.8 plan=34 cmd=(lx=+0.00,ly=+0.40,rx=+0.00)
  t=  1.7 DWA-F pos=(+0.84,+0.41) yaw=-142.4 d=6.16 goal_err=-63 carrot_err= -37 c0=2.50 clear=1.00 prog=0.15 rel=0.81 bal=+0.42 obs=137 hard=118 obsc=142 yr=  0  nz=0.19 flt=0.01 dmap=+0/-0 shz=3.8 plan=33 cmd=(lx=+0.00,ly=+0.40,rx=+0.45)
  t=  2.1 DWA-F pos=(+0.79,+0.37) yaw=-148.4 d=6.13 goal_err=-57 carrot_err= -34 c0=2.50 clear=1.00 prog=0.17 rel=0.81 bal=+0.43 obs=141 hard=120 obsc=144 yr= 19  nz=0.19 flt=0.01 dmap=+4/-0 shz=3.8 plan=33 cmd=(lx=+0.00,ly=+0.40,rx=+0.00)
  t=  2.5 DWA-F pos=(+0.75,+0.35) yaw=-148.4 d=6.10 goal_err=-58 carrot_err= -36 c0=2.50 clear=1.00 prog=0.20 rel=0.84 bal=+0.43 obs=144 hard=122 obsc=146 yr=  0  nz=0.16 flt=0.00 dmap=+0/-0 shz=3.9 plan=33 cmd=(lx=+0.00,ly=+0.40,rx=+0.00)
  t=  2.9 DWA-F pos=(+0.70,+0.32) yaw=-152.4 d=6.07 goal_err=-54 carrot_err= -33 c0=2.50 clear=1.00 prog=0.22 rel=0.99 bal=+0.44 obs=145 hard=125 obsc=149 yr= 19G nz=0.01 flt=0.18 dmap=+0/-0 shz=3.9 plan=33 cmd=(lx=+0.00,ly=+0.40,rx=+0.00)
  t=  3.4 DWA-F pos=(+0.66,+0.30) yaw=-154.4 d=6.05 goal_err=-53 carrot_err= -32 c0=2.50 clear=1.00 prog=0.22 rel=0.99 bal=+0.44 obs=146 hard=142 obsc=147 yr=  0  nz=0.01 flt=0.00 dmap=+2/-0 shz=3.9 plan=32 cmd=(lx=+0.00,ly=+0.40,rx=+0.00)
  t=  3.8 DWA-F pos=(+0.62,+0.28) yaw=-154.4 d=6.02 goal_err=-53 carrot_err= -34 c0=2.50 clear=1.00 prog=0.21 rel=0.99 bal=+0.37 obs=148 hard=145 obsc=149 yr=  0  nz=0.01 flt=0.00 dmap=+0/-0 shz=3.9 plan=32 cmd=(lx=+0.00,ly=+0.40,rx=+0.00)
  t=  4.2 DWA-F pos=(+0.58,+0.26) yaw=-154.4 d=5.99 goal_err=-53 carrot_err= -36 c0=2.50 clear=1.00 prog=0.21 rel=0.99 bal=+0.37 obs=150 hard=149 obsc=152 yr=  0  nz=0.01 flt=0.00 dmap=+0/-0 shz=3.9 plan=32 cmd=(lx=+0.00,ly=+0.40,rx=+0.00)
  t=  4.7 DWA-F pos=(+0.53,+0.24) yaw=-154.4 d=5.96 goal_err=-54 carrot_err= -38 c0=2.50 clear=1.00 prog=0.22 rel=1.00 bal=+0.39 obs=151 hard=150 obsc=152 yr=  0G nz=0.00 flt=0.01 dmap=+0/-0 shz=3.9 plan=32 cmd=(lx=+0.00,ly=+0.40,rx=+0.45)
  t=  5.1 DWA-F pos=(+0.49,+0.22) yaw=-158.4 d=5.93 goal_err=-50 carrot_err= -20 c0=2.50 clear=1.00 prog=0.22 rel=0.99 bal=+0.40 obs=170 hard=169 obsc=171 yr=  0  nz=0.01 flt=0.01 dmap=+2/-0 shz=3.9 plan=32 cmd=(lx=+0.00,ly=+0.40,rx=+0.00)
  t=  5.5 DWA-F pos=(+0.45,+0.20) yaw=-158.4 d=5.90 goal_err=-50 carrot_err= -21 c0=2.50 clear=1.00 prog=0.23 rel=0.99 bal=+0.41 obs=170 hard=169 obsc=171 yr=  0  nz=0.01 flt=0.00 dmap=+0/-0 shz=3.9 plan=32 cmd=(lx=+0.00,ly=+0.40,rx=+0.00)
  t=  5.9 DWA-F pos=(+0.41,+0.19) yaw=-158.4 d=5.88 goal_err=-51 carrot_err= -22 c0=2.50 clear=1.00 prog=0.23 rel=0.99 bal=+0.43 obs=169 hard=170 obsc=171 yr=  0  nz=0.01 flt=0.00 dmap=+0/-1 shz=3.9 plan=32 cmd=(lx=+0.00,ly=+0.40,rx=+0.00)
  t=  6.3 DWA-F pos=(+0.36,+0.17) yaw=-158.4 d=5.85 goal_err=-51 carrot_err= -24 c0=2.50 clear=1.00 prog=0.23 rel=0.99 bal=+0.44 obs=171 hard=169 obsc=171 yr=  0  nz=0.01 flt=0.00 dmap=+3/-0 shz=3.9 plan=31 cmd=(lx=+0.00,ly=+0.40,rx=+0.00)
  t=  6.8 DWA-F pos=(+0.32,+0.15) yaw=-158.4 d=5.82 goal_err=-51 carrot_err= -25 c0=2.50 clear=1.00 prog=0.22 rel=0.98 bal=+0.45 obs=171 hard=169 obsc=171 yr=  0  nz=0.02 flt=0.01 dmap=+0/-0 shz=3.9 plan=31 cmd=(lx=+0.00,ly=+0.40,rx=+0.00)
  t=  7.2 DWA-F pos=(+0.28,+0.14) yaw=-158.4 d=5.79 goal_err=-52 carrot_err= -13 c0=2.50 clear=1.00 prog=0.22 rel=0.98 bal=+0.45 obs=171 hard=170 obsc=171 yr=  0  nz=0.02 flt=0.00 dmap=+0/-0 shz=3.9 plan=31 cmd=(lx=+0.00,ly=+0.40,rx=+0.00)
  t=  7.6 DWA-F pos=(+0.23,+0.12) yaw=-158.4 d=5.76 goal_err=-52 carrot_err= -14 c0=2.50 clear=1.00 prog=0.23 rel=0.98 bal=+0.46 obs=171 hard=170 obsc=171 yr=  0  nz=0.02 flt=0.01 dmap=+0/-0 shz=3.9 plan=31 cmd=(lx=+0.00,ly=+0.40,rx=+0.00)
  t=  8.1 DWA-F pos=(+0.19,+0.10) yaw=-158.4 d=5.73 goal_err=-52 carrot_err= -14 c0=2.50 clear=1.00 prog=0.22 rel=0.98 bal=+0.47 obs=171 hard=170 obsc=171 yr=  0  nz=0.02 flt=0.00 dmap=+0/-0 shz=4.0 plan=30 cmd=(lx=+0.00,ly=+0.40,rx=+0.00)
  t=  8.5 DWA-F pos=(+0.15,+0.09) yaw=-158.4 d=5.70 goal_err=-53 carrot_err= -15 c0=2.50 clear=1.00 prog=0.22 rel=0.98 bal=+0.40 obs=173 hard=172 obsc=173 yr=  0  nz=0.02 flt=0.00 dmap=+0/-0 shz=3.9 plan=30 cmd=(lx=+0.00,ly=+0.40,rx=+0.00)
  t=  8.9 DWA-F pos=(+0.11,+0.07) yaw=-158.4 d=5.68 goal_err=-53 carrot_err= -16 c0=2.46 clear=1.00 prog=0.22 rel=0.98 bal=+0.41 obs=173 hard=172 obsc=173 yr=  0  nz=0.02 flt=0.00 dmap=+1/-0 shz=3.9 plan=30 cmd=(lx=+0.00,ly=+0.40,rx=+0.00)
  t=  9.4 DWA-F pos=(+0.05,+0.05) yaw=-158.4 d=5.64 goal_err=-54 carrot_err= -18 c0=2.40 clear=1.00 prog=0.22 rel=0.94 bal=+0.41 obs=174 hard=173 obsc=174 yr=  0  nz=0.06 flt=0.01 dmap=+1/-0 shz=4.0 plan=29 cmd=(lx=+0.00,ly=+0.40,rx=+0.00)
  t=  9.8 DWA-F pos=(+0.01,+0.03) yaw=-158.4 d=5.62 goal_err=-54 carrot_err= -19 c0=2.36 clear=1.00 prog=0.22 rel=0.92 bal=+0.42 obs=174 hard=175 obsc=175 yr=  0  nz=0.08 flt=0.00 dmap=+0/-0 shz=4.0 plan=29 cmd=(lx=+0.00,ly=+0.40,rx=+0.00)
  t= 10.2 DWA-F pos=(-0.03,+0.02) yaw=-158.4 d=5.59 goal_err=-54 carrot_err= -20 c0=2.32 clear=1.00 prog=0.21 rel=0.92 bal=+0.42 obs=175 hard=175 obsc=175 yr=  0  nz=0.09 flt=0.02 dmap=+0/-0 shz=4.0 plan=29 cmd=(lx=+0.00,ly=+0.40,rx=+0.00)
  t= 10.7 DWA-F pos=(-0.08,-0.00) yaw=-158.4 d=5.56 goal_err=-55 carrot_err= -22 c0=2.26 clear=1.00 prog=0.22 rel=0.91 bal=+0.45 obs=178 hard=178 obsc=180 yr=  0  nz=0.09 flt=0.00 dmap=+2/-0 shz=3.9 plan=29 cmd=(lx=+0.00,ly=+0.40,rx=+0.00)
  t= 11.1 DWA-F pos=(-0.12,-0.02) yaw=-158.4 d=5.53 goal_err=-55 carrot_err= -23 c0=2.22 clear=1.00 prog=0.21 rel=0.91 bal=+0.47 obs=181 hard=180 obsc=182 yr=  0  nz=0.09 flt=0.00 dmap=+1/-0 shz=4.0 plan=29 cmd=(lx=+0.00,ly=+0.40,rx=+0.00)
  t= 11.5 DWA-F pos=(-0.16,-0.04) yaw=-158.4 d=5.51 goal_err=-56 carrot_err= -24 c0=2.17 clear=1.00 prog=0.21 rel=0.91 bal=+0.48 obs=181 hard=180 obsc=183 yr=  0  nz=0.09 flt=0.01 dmap=+0/-0 shz=3.9 plan=29 cmd=(lx=+0.00,ly=+0.40,rx=+0.00)
  t= 12.0 DWA-F pos=(-0.20,-0.05) yaw=-158.4 d=5.48 goal_err=-56 carrot_err= -25 c0=2.13 clear=1.00 prog=0.21 rel=0.92 bal=+0.50 obs=181 hard=179 obsc=182 yr=  0  nz=0.08 flt=0.02 dmap=+0/-0 shz=4.0 plan=29 cmd=(lx=+0.00,ly=+0.40,rx=+0.00)
  t= 12.4 DWA-F pos=(-0.25,-0.07) yaw=-158.4 d=5.45 goal_err=-56 carrot_err= -27 c0=2.08 clear=1.00 prog=0.20 rel=0.92 bal=+0.52 obs=181 hard=178 obsc=182 yr=  0  nz=0.08 flt=0.02 dmap=+0/-0 shz=4.0 plan=28 cmd=(lx=+0.00,ly=+0.40,rx=+0.00)
  t= 12.8 DWA-F pos=(-0.30,-0.09) yaw=-158.4 d=5.43 goal_err=-57 carrot_err= -29 c0=2.03 clear=1.00 prog=0.20 rel=0.92 bal=+0.53 obs=181 hard=179 obsc=182 yr=  0  nz=0.08 flt=0.00 dmap=+0/-0 shz=4.0 plan=28 cmd=(lx=+0.00,ly=+0.40,rx=+0.00)
  t= 13.3 DWA-F pos=(-0.34,-0.11) yaw=-158.4 d=5.40 goal_err=-57 carrot_err= -29 c0=1.99 clear=1.00 prog=0.20 rel=0.91 bal=+0.54 obs=182 hard=180 obsc=182 yr=  0  nz=0.09 flt=0.00 dmap=+0/-0 shz=4.0 plan=28 cmd=(lx=+0.00,ly=+0.40,rx=+0.00)
  t= 13.7 DWA-F pos=(-0.38,-0.12) yaw=-158.4 d=5.38 goal_err=-58 carrot_err= -30 c0=1.95 clear=1.00 prog=0.20 rel=0.90 bal=+0.55 obs=183 hard=181 obsc=184 yr=  0  nz=0.10 flt=0.02 dmap=+1/-1 shz=3.9 plan=28 cmd=(lx=+0.00,ly=+0.40,rx=+0.00)
  t= 14.1 DWA-F pos=(-0.42,-0.14) yaw=-158.4 d=5.36 goal_err=-58 carrot_err= -32 c0=1.90 clear=1.00 prog=0.20 rel=0.91 bal=+0.56 obs=183 hard=182 obsc=183 yr=  0  nz=0.09 flt=0.01 dmap=+0/-0 shz=4.0 plan=27 cmd=(lx=+0.00,ly=+0.40,rx=+0.00)
  t= 14.5 DWA-F pos=(-0.47,-0.16) yaw=-158.4 d=5.33 goal_err=-58 carrot_err= -34 c0=1.85 clear=1.00 prog=0.20 rel=0.90 bal=+0.57 obs=183 hard=181 obsc=185 yr=  0  nz=0.10 flt=0.00 dmap=+0/-0 shz=4.0 plan=27 cmd=(lx=+0.00,ly=+0.40,rx=+0.00)
  t= 15.0 DWA-F pos=(-0.51,-0.18) yaw=-158.4 d=5.30 goal_err=-59 carrot_err= -36 c0=1.81 clear=1.00 prog=0.20 rel=0.90 bal=+0.50 obs=186 hard=182 obsc=187 yr=  0  nz=0.10 flt=0.00 dmap=+1/-0 shz=3.9 plan=27 cmd=(lx=+0.00,ly=+0.40,rx=+0.00)
  t= 15.4 DWA-F pos=(-0.55,-0.19) yaw=-162.4 d=5.28 goal_err=-55 carrot_err= -34 c0=1.76 clear=1.00 prog=0.19 rel=0.90 bal=+0.51 obs=193 hard=187 obsc=194 yr= 19  nz=0.10 flt=0.14 dmap=+7/-0 shz=4.0 plan=27 cmd=(lx=+0.00,ly=+0.40,rx=+0.00)
  t= 15.8 DWA-F pos=(-0.60,-0.21) yaw=-166.4 d=5.26 goal_err=-52 carrot_err= -40 c0=1.72 clear=1.00 prog=0.19 rel=0.91 bal=+0.57 obs=193 hard=187 obsc=194 yr= 19G nz=0.10 flt=0.01 dmap=+0/-0 shz=4.0 plan=26 cmd=(lx=+0.00,ly=+0.40,rx=+0.45)
  t= 16.3 DWA-F pos=(-0.65,-0.21) yaw=-174.5 d=5.22 goal_err=-44 carrot_err= -35 c0=1.92 clear=1.00 prog=0.22 rel=0.88 bal=+0.58 obs=195 hard=189 obsc=196 yr=  0  nz=0.12 flt=0.16 dmap=+0/-0 shz=4.0 plan=26 cmd=(lx=+0.00,ly=+0.40,rx=+0.00)
  t= 16.7 DWA-F pos=(-0.70,-0.22) yaw=-174.5 d=5.19 goal_err=-44 carrot_err= -36 c0=1.87 clear=1.00 prog=0.22 rel=0.87 bal=+0.54 obs=198 hard=194 obsc=198 yr=  0  nz=0.13 flt=0.00 dmap=+1/-0 shz=4.0 plan=26 cmd=(lx=+0.00,ly=+0.40,rx=+0.00)
  t= 17.1 DWA-F pos=(-0.74,-0.22) yaw=-174.5 d=5.15 goal_err=-45 carrot_err= -32 c0=1.83 clear=1.00 prog=0.23 rel=0.87 bal=+0.55 obs=197 hard=194 obsc=197 yr=  0  nz=0.13 flt=0.00 dmap=+1/-0 shz=4.0 plan=25 cmd=(lx=+0.00,ly=+0.40,rx=+0.00)
  t= 17.6 DWA-F pos=(-0.80,-0.23) yaw=-174.5 d=5.12 goal_err=-45 carrot_err= -34 c0=1.78 clear=1.00 prog=0.26 rel=0.93 bal=+0.56 obs=194 hard=194 obsc=197 yr=  0  nz=0.07 flt=0.00 dmap=+0/-0 shz=4.0 plan=25 cmd=(lx=+0.00,ly=+0.40,rx=+0.00)
  t= 18.0 DWA-F pos=(-0.84,-0.23) yaw=-174.5 d=5.08 goal_err=-46 carrot_err= -35 c0=1.74 clear=1.00 prog=0.27 rel=0.92 bal=+0.56 obs=193 hard=191 obsc=194 yr=  0  nz=0.08 flt=0.00 dmap=+0/-0 shz=4.0 plan=25 cmd=(lx=+0.00,ly=+0.40,rx=+0.00)
  t= 18.4 DWA-F pos=(-0.88,-0.24) yaw=-174.5 d=5.05 goal_err=-46 carrot_err= -37 c0=1.70 clear=1.00 prog=0.26 rel=0.92 bal=+0.39 obs=193 hard=192 obsc=194 yr=  0  nz=0.08 flt=0.01 dmap=+1/-1 shz=4.0 plan=25 cmd=(lx=+0.00,ly=+0.40,rx=+0.45)
  t= 18.9 DWA-F pos=(-0.93,-0.24) yaw=-178.5 d=5.02 goal_err=-42 carrot_err= -35 c0=1.84 clear=1.00 prog=0.25 rel=0.93 bal=+0.37 obs=193 hard=192 obsc=194 yr=  0  nz=0.07 flt=0.14 dmap=+0/-0 shz=4.0 plan=25 cmd=(lx=+0.00,ly=+0.40,rx=+0.00)
  t= 19.3 DWA-F pos=(-0.97,-0.24) yaw=-178.5 d=4.99 goal_err=-43 carrot_err= -37 c0=1.80 clear=1.00 prog=0.26 rel=0.91 bal=+0.36 obs=194 hard=190 obsc=195 yr=  0G nz=0.09 flt=0.02 dmap=+0/-0 shz=4.0 plan=25 cmd=(lx=+0.00,ly=+0.40,rx=+0.45)
  t= 19.7 DWA-F pos=(-1.02,-0.24) yaw=+177.5 d=4.95 goal_err=-39 carrot_err= -35 c0=1.78 clear=1.00 prog=0.25 rel=0.90 bal=+0.34 obs=194 hard=190 obsc=196 yr=  0  nz=0.10 flt=0.02 dmap=+1/-1 shz=4.0 plan=25 cmd=(lx=+0.00,ly=+0.40,rx=+0.00)
  t= 20.1 DWA-F pos=(-1.06,-0.24) yaw=+175.5 d=4.92 goal_err=-37 carrot_err= -36 c0=1.74 clear=1.00 prog=0.26 rel=0.90 bal=+0.33 obs=194 hard=192 obsc=195 yr= 19G nz=0.10 flt=0.01 dmap=+0/-0 shz=4.0 plan=24 cmd=(lx=+0.00,ly=+0.40,rx=+0.00)
  t= 20.6 DWA-F pos=(-1.10,-0.23) yaw=+173.5 d=4.88 goal_err=-36 carrot_err= -36 c0=1.70 clear=1.00 prog=0.27 rel=0.92 bal=+0.32 obs=206 hard=204 obsc=207 yr=  0  nz=0.08 flt=0.01 dmap=+0/-0 shz=4.0 plan=24 cmd=(lx=+0.00,ly=+0.40,rx=+0.00)
  t= 21.0 DWA-F pos=(-1.16,-0.23) yaw=+171.5 d=4.84 goal_err=-34 carrot_err= -36 c0=1.64 clear=1.00 prog=0.29 rel=0.92 bal=+0.30 obs=204 hard=205 obsc=207 yr= 19G nz=0.09 flt=0.15 dmap=+0/-0 shz=4.0 plan=24 cmd=(lx=+0.00,ly=+0.40,rx=+0.00)
  t= 21.4 DWA-F pos=(-1.20,-0.22) yaw=+169.5 d=4.80 goal_err=-32 carrot_err= -36 c0=1.60 clear=1.00 prog=0.30 rel=0.90 bal=+0.30 obs=206 hard=199 obsc=218 yr=  0  nz=0.10 flt=0.09 dmap=+0/-0 shz=4.0 plan=24 cmd=(lx=+0.00,ly=+0.40,rx=+0.00)
  t= 21.8 DWA-F pos=(-1.25,-0.21) yaw=+169.5 d=4.76 goal_err=-33 carrot_err= -29 c0=1.55 clear=1.00 prog=0.30 rel=0.90 bal=+0.29 obs=202 hard=198 obsc=218 yr=  0  nz=0.10 flt=0.02 dmap=+0/-0 shz=4.0 plan=23 cmd=(lx=+0.00,ly=+0.40,rx=+0.00)
  t= 22.2 DWA-F pos=(-1.29,-0.20) yaw=+169.5 d=4.73 goal_err=-33 carrot_err= -30 c0=1.51 clear=1.00 prog=0.31 rel=0.90 bal=+0.27 obs=201 hard=199 obsc=215 yr=  0  nz=0.10 flt=0.01 dmap=+1/-2 shz=4.0 plan=23 cmd=(lx=+0.00,ly=+0.40,rx=+0.00)
  t= 22.7 DWA-F pos=(-1.33,-0.20) yaw=+169.5 d=4.69 goal_err=-33 carrot_err= -31 c0=1.47 clear=0.98 prog=0.29 rel=0.91 bal=+0.27 obs=199 hard=197 obsc=211 yr=  0  nz=0.09 flt=0.01 dmap=+1/-0 shz=4.0 plan=23 cmd=(lx=+0.00,ly=+0.40,rx=+0.00)
  t= 23.1 DWA-F pos=(-1.38,-0.19) yaw=+169.5 d=4.65 goal_err=-33 carrot_err= -33 c0=1.42 clear=0.95 prog=0.29 rel=0.92 bal=+0.27 obs=199 hard=196 obsc=211 yr=  0  nz=0.08 flt=0.00 dmap=+0/-0 shz=4.0 plan=23 cmd=(lx=+0.00,ly=+0.40,rx=+0.00)
  t= 23.5 DWA-F pos=(-1.43,-0.18) yaw=+169.5 d=4.61 goal_err=-34 carrot_err= -16 c0=1.37 clear=0.91 prog=0.31 rel=0.91 bal=+0.26 obs=200 hard=197 obsc=211 yr=  0  nz=0.09 flt=0.04 dmap=+0/-0 shz=4.0 plan=22 cmd=(lx=+0.00,ly=+0.40,rx=+0.00)
  t= 23.9 DWA-F pos=(-1.48,-0.17) yaw=+169.5 d=4.57 goal_err=-34 carrot_err= -17 c0=1.32 clear=0.88 prog=0.31 rel=0.90 bal=+0.12 obs=199 hard=196 obsc=210 yr=  0  nz=0.10 flt=0.00 dmap=+0/-0 shz=4.0 plan=22 cmd=(lx=+0.00,ly=+0.40,rx=+0.00)
  t= 24.4 DWA-F pos=(-1.52,-0.16) yaw=+169.5 d=4.53 goal_err=-34 carrot_err= -17 c0=1.28 clear=0.85 prog=0.31 rel=0.91 bal=+0.12 obs=200 hard=199 obsc=212 yr=  0  nz=0.09 flt=0.01 dmap=+0/-0 shz=4.0 plan=22 cmd=(lx=+0.00,ly=+0.40,rx=+0.00)
  t= 24.8 DWA-F pos=(-1.56,-0.15) yaw=+169.5 d=4.50 goal_err=-35 carrot_err= -23 c0=1.24 clear=0.82 prog=0.30 rel=0.90 bal=+0.12 obs=200 hard=198 obsc=212 yr=  0  nz=0.10 flt=0.00 dmap=+0/-0 shz=4.0 plan=22 cmd=(lx=+0.00,ly=+0.40,rx=+0.00)
  t= 25.2 DWA-F pos=(-1.61,-0.14) yaw=+169.5 d=4.46 goal_err=-35 carrot_err= -24 c0=1.19 clear=0.80 prog=0.30 rel=0.91 bal=+0.12 obs=201 hard=199 obsc=213 yr=  0  nz=0.09 flt=0.01 dmap=+2/-1 shz=4.0 plan=21 cmd=(lx=+0.00,ly=+0.40,rx=+0.00)
  t= 25.6 DWA-F pos=(-1.66,-0.13) yaw=+169.5 d=4.41 goal_err=-35 carrot_err= -25 c0=1.14 clear=0.76 prog=0.30 rel=0.92 bal=+0.12 obs=198 hard=198 obsc=212 yr=  0  nz=0.08 flt=0.03 dmap=+0/-0 shz=4.0 plan=21 cmd=(lx=+0.00,ly=+0.40,rx=+0.00)
  t= 26.1 DWA-F pos=(-1.71,-0.13) yaw=+169.5 d=4.38 goal_err=-36 carrot_err= -27 c0=1.10 clear=0.73 prog=0.30 rel=0.92 bal=+0.12 obs=198 hard=197 obsc=210 yr=  0  nz=0.08 flt=0.01 dmap=+0/-0 shz=4.0 plan=21 cmd=(lx=+0.00,ly=+0.40,rx=+0.00)
  t= 26.5 DWA-F pos=(-1.75,-0.12) yaw=+169.5 d=4.34 goal_err=-36 carrot_err= -21 c0=1.05 clear=0.70 prog=0.29 rel=0.93 bal=+0.12 obs=199 hard=197 obsc=211 yr=  0  nz=0.07 flt=0.00 dmap=+1/-0 shz=4.0 plan=20 cmd=(lx=+0.00,ly=+0.40,rx=+0.00)
  t= 26.9 DWA-F pos=(-1.79,-0.11) yaw=+169.5 d=4.31 goal_err=-37 carrot_err= -22 c0=1.01 clear=0.67 prog=0.29 rel=0.93 bal=+0.11 obs=200 hard=198 obsc=213 yr=  0  nz=0.07 flt=0.02 dmap=+1/-0 shz=4.0 plan=20 cmd=(lx=+0.00,ly=+0.40,rx=+0.00)
  t= 27.4 DWA-F pos=(-1.85,-0.10) yaw=+169.5 d=4.26 goal_err=-37 carrot_err= -23 c0=0.96 clear=0.64 prog=0.29 rel=0.92 bal=+0.10 obs=201 hard=199 obsc=212 yr=  0  nz=0.08 flt=0.01 dmap=+0/-0 shz=4.0 plan=20 cmd=(lx=+0.00,ly=+0.40,rx=+0.00)
  t= 27.8 DWA-F pos=(-1.89,-0.09) yaw=+169.5 d=4.23 goal_err=-37 carrot_err= -24 c0=0.91 clear=0.61 prog=0.29 rel=0.92 bal=+0.09 obs=200 hard=198 obsc=212 yr=  0  nz=0.08 flt=0.01 dmap=+0/-0 shz=4.0 plan=20 cmd=(lx=+0.00,ly=+0.40,rx=+0.00)
  t= 28.3 DWA-F pos=(-1.94,-0.08) yaw=+169.5 d=4.19 goal_err=-38 carrot_err= -28 c0=0.87 clear=0.58 prog=0.29 rel=0.91 bal=+0.09 obs=202 hard=198 obsc=213 yr=  0  nz=0.09 flt=0.01 dmap=+0/-0 shz=4.0 plan=19 cmd=(lx=+0.00,ly=+0.40,rx=+0.00)
  t= 28.7 DWA-F pos=(-1.99,-0.07) yaw=+169.5 d=4.15 goal_err=-38 carrot_err= -29 c0=0.82 clear=0.55 prog=0.30 rel=0.92 bal=+0.09 obs=201 hard=199 obsc=213 yr=  0  nz=0.08 flt=0.01 dmap=+2/-1 shz=4.0 plan=19 cmd=(lx=+0.00,ly=+0.40,rx=+0.00)
  t= 29.1 DWA-F pos=(-2.03,-0.07) yaw=+169.5 d=4.11 goal_err=-39 carrot_err= -30 c0=0.78 clear=0.52 prog=0.30 rel=0.92 bal=+0.09 obs=201 hard=200 obsc=213 yr=  0  nz=0.08 flt=0.00 dmap=+0/-0 shz=4.0 plan=19 cmd=(lx=+0.00,ly=+0.40,rx=+0.00)
  t= 29.6 DWA-F pos=(-2.08,-0.06) yaw=+165.5 d=4.08 goal_err=-35 carrot_err= -28 c0=0.93 clear=0.62 prog=0.28 rel=0.93 bal=-0.04 obs=202 hard=199 obsc=213 yr= 17  nz=0.07 flt=0.15 dmap=+0/-0 shz=4.0 plan=19 cmd=(lx=+0.00,ly=+0.40,rx=+0.00)
  t= 30.0 DWA-F pos=(-2.12,-0.05) yaw=+165.5 d=4.04 goal_err=-35 carrot_err= -29 c0=0.89 clear=0.60 prog=0.29 rel=0.90 bal=-0.06 obs=206 hard=202 obsc=218 yr=  0  nz=0.10 flt=0.01 dmap=+3/-0 shz=4.0 plan=19 cmd=(lx=+0.00,ly=+0.40,rx=+0.00)
  t= 30.4 DWA-F pos=(-2.17,-0.03) yaw=+165.5 d=4.00 goal_err=-36 carrot_err= -31 c0=1.03 clear=0.69 prog=0.29 rel=0.82 bal=-0.35 obs=208 hard=203 obsc=219 yr=  0G nz=0.18 flt=0.00 dmap=+0/-0 shz=4.0 plan=19 cmd=(lx=+0.00,ly=+0.40,rx=+0.45)
  t= 30.9 DWA-F pos=(-2.22,-0.02) yaw=+161.5 d=3.96 goal_err=-32 carrot_err= -28 c0=0.98 clear=0.66 prog=0.29 rel=0.82 bal=-0.29 obs=215 hard=205 obsc=231 yr=  0  nz=0.18 flt=0.04 dmap=+0/-0 shz=4.0 plan=19 cmd=(lx=+0.00,ly=+0.40,rx=+0.00)
  t= 31.3 DWA-F pos=(-2.26,-0.01) yaw=+161.5 d=3.92 goal_err=-32 carrot_err= -21 c0=0.94 clear=0.63 prog=0.30 rel=0.89 bal=-0.44 obs=215 hard=206 obsc=231 yr=  0  nz=0.11 flt=0.02 dmap=+1/-2 shz=4.0 plan=18 cmd=(lx=+0.00,ly=+0.40,rx=+0.00)
  t= 31.7 DWA-F pos=(-2.31,+0.01) yaw=+161.5 d=3.88 goal_err=-33 carrot_err= -22 c0=0.89 clear=0.59 prog=0.32 rel=0.91 bal=-0.56 obs=218 hard=208 obsc=230 yr=  0  nz=0.09 flt=0.02 dmap=+1/-0 shz=4.0 plan=18 cmd=(lx=+0.00,ly=+0.40,rx=+0.00)
  t= 32.2 DWA-F pos=(-2.35,+0.03) yaw=+161.5 d=3.84 goal_err=-33 carrot_err= -23 c0=0.85 clear=0.56 prog=0.30 rel=0.90 bal=-0.56 obs=217 hard=208 obsc=231 yr=  0  nz=0.10 flt=0.02 dmap=+0/-0 shz=4.0 plan=18 cmd=(lx=+0.00,ly=+0.40,rx=+0.00)
  t= 32.6 DWA-F pos=(-2.39,+0.04) yaw=+161.5 d=3.80 goal_err=-34 carrot_err= -24 c0=0.81 clear=0.54 prog=0.30 rel=0.92 bal=-0.47 obs=217 hard=208 obsc=230 yr=  0  nz=0.08 flt=0.01 dmap=+0/-0 shz=4.0 plan=17 cmd=(lx=+0.00,ly=+0.40,rx=+0.00)
  t= 33.0 DWA-F pos=(-2.44,+0.05) yaw=+161.5 d=3.76 goal_err=-34 carrot_err= -26 c0=0.76 clear=0.51 prog=0.30 rel=0.91 bal=-0.46 obs=217 hard=209 obsc=230 yr=  0  nz=0.09 flt=0.01 dmap=+1/-1 shz=4.0 plan=17 cmd=(lx=+0.00,ly=+0.40,rx=+0.00)
  t= 33.4 DWA-F pos=(-2.48,+0.07) yaw=+161.5 d=3.73 goal_err=-34 carrot_err= -27 c0=0.72 clear=0.48 prog=0.30 rel=0.92 bal=-0.45 obs=217 hard=210 obsc=230 yr=  0  nz=0.08 flt=0.03 dmap=+0/-0 shz=4.0 plan=17 cmd=(lx=+0.00,ly=+0.40,rx=+0.00)
  t= 33.9 ENG-F pos=(-2.53,+0.09) yaw=+157.5 d=3.68 goal_err=-31 carrot_err= -24 c0=1.07 clear=0.72 prog=0.30 rel=0.80 bal=-0.44 obs=217 hard=211 obsc=231 yr= 19  nz=0.20 flt=0.19 dmap=+0/-0 shz=4.0 plan=17 cmd=(lx=+0.00,ly=+0.28,rx=+0.00)
  t= 34.3 ENG-F pos=(-2.57,+0.10) yaw=+157.5 d=3.65 goal_err=-31 carrot_err= -25 c0=1.04 clear=0.69 prog=0.29 rel=0.76 bal=-0.44 obs=218 hard=210 obsc=234 yr=  0  nz=0.24 flt=0.00 dmap=+1/-1 shz=4.0 plan=17 cmd=(lx=+0.00,ly=+0.28,rx=+0.00)
  t= 34.7 ENG-F pos=(-2.60,+0.12) yaw=+157.5 d=3.62 goal_err=-31 carrot_err= -26 c0=1.00 clear=0.67 prog=0.28 rel=0.75 bal=-0.32 obs=220 hard=212 obsc=235 yr=  0  nz=0.25 flt=0.00 dmap=+1/-1 shz=4.0 plan=17 cmd=(lx=+0.00,ly=+0.28,rx=+0.00)
  t= 35.2 ENG-F pos=(-2.63,+0.13) yaw=+157.5 d=3.59 goal_err=-32 carrot_err= -27 c0=0.97 clear=0.65 prog=0.27 rel=0.81 bal=-0.37 obs=220 hard=212 obsc=235 yr=  0  nz=0.20 flt=0.00 dmap=+0/-0 shz=4.0 plan=17 cmd=(lx=+0.00,ly=+0.28,rx=+0.00)
  t= 35.6 ENG-F pos=(-2.67,+0.15) yaw=+157.5 d=3.55 goal_err=-32 carrot_err= -29 c0=0.93 clear=0.62 prog=0.26 rel=0.93 bal=-0.37 obs=223 hard=213 obsc=235 yr=  0  nz=0.07 flt=0.01 dmap=+0/-0 shz=4.0 plan=16 cmd=(lx=+0.00,ly=+0.28,rx=+0.00)
  t= 36.0 ENG-F pos=(-2.71,+0.16) yaw=+157.5 d=3.52 goal_err=-32 carrot_err= -30 c0=0.89 clear=0.59 prog=0.25 rel=0.93 bal=-0.31 obs=222 hard=212 obsc=235 yr=  0  nz=0.07 flt=0.01 dmap=+0/-1 shz=4.0 plan=16 cmd=(lx=+0.00,ly=+0.28,rx=+0.00)
  t= 36.4 ENG-F pos=(-2.74,+0.17) yaw=+157.5 d=3.49 goal_err=-33 carrot_err= -31 c0=0.86 clear=0.57 prog=0.25 rel=0.92 bal=-0.31 obs=223 hard=214 obsc=235 yr=  0  nz=0.08 flt=0.01 dmap=+0/-0 shz=4.0 plan=16 cmd=(lx=+0.00,ly=+0.28,rx=+0.00)
  t= 36.9 ENG-F pos=(-2.77,+0.19) yaw=+157.5 d=3.46 goal_err=-33 carrot_err= -33 c0=0.83 clear=0.55 prog=0.25 rel=0.92 bal=-0.31 obs=223 hard=216 obsc=235 yr=  0  nz=0.08 flt=0.01 dmap=+0/-0 shz=4.0 plan=16 cmd=(lx=+0.00,ly=+0.28,rx=+0.00)
  t= 37.3 ENG-F pos=(-2.81,+0.20) yaw=+157.5 d=3.43 goal_err=-33 carrot_err= -23 c0=0.79 clear=0.53 prog=0.25 rel=0.94 bal=-0.30 obs=224 hard=217 obsc=236 yr=  0  nz=0.07 flt=0.04 dmap=+2/-1 shz=4.0 plan=16 cmd=(lx=+0.00,ly=+0.28,rx=+0.00)
  t= 37.7 ENG-F pos=(-2.85,+0.22) yaw=+157.5 d=3.39 goal_err=-34 carrot_err= -24 c0=0.75 clear=0.50 prog=0.25 rel=0.93 bal=-0.27 obs=225 hard=218 obsc=238 yr=  0  nz=0.07 flt=0.01 dmap=+0/-0 shz=4.0 plan=16 cmd=(lx=+0.00,ly=+0.28,rx=+0.00)
  t= 38.1 ENG-F pos=(-2.88,+0.23) yaw=+157.5 d=3.36 goal_err=-34 carrot_err= -25 c0=0.74 clear=0.49 prog=0.25 rel=0.92 bal=-0.27 obs=225 hard=217 obsc=236 yr=  0  nz=0.08 flt=0.02 dmap=+0/-0 shz=4.0 plan=16 cmd=(lx=+0.00,ly=+0.28,rx=+0.00)
  t= 38.6 ENG-F pos=(-2.92,+0.25) yaw=+157.5 d=3.33 goal_err=-34 carrot_err= -26 c0=0.70 clear=0.47 prog=0.25 rel=0.93 bal=-0.28 obs=225 hard=217 obsc=236 yr=  0  nz=0.07 flt=0.01 dmap=+0/-0 shz=4.0 plan=16 cmd=(lx=+0.00,ly=+0.28,rx=+0.00)
  t= 39.0 ENG-T pos=(-2.95,+0.26) yaw=+157.5 d=3.30 goal_err=-35 carrot_err= -28 c0=0.67 clear=0.44 prog=0.25 rel=0.93 bal=-0.16 obs=224 hard=219 obsc=237 yr=  0G nz=0.07 flt=0.01 dmap=+0/-0 shz=4.0 plan=16 cmd=(lx=+0.00,ly=+0.00,rx=+0.45)
  t= 39.4 ENG-F pos=(-2.96,+0.27) yaw=+151.4 d=3.29 goal_err=-29 carrot_err= -22 c0=0.65 clear=0.43 prog=0.21 rel=0.95 bal=-0.16 obs=224 hard=217 obsc=235 yr=  0  nz=0.05 flt=0.01 dmap=+0/-0 shz=4.0 plan=16 cmd=(lx=+0.00,ly=+0.28,rx=+0.00)
  t= 39.9 ENG-F pos=(-3.00,+0.29) yaw=+151.4 d=3.25 goal_err=-29 carrot_err= -23 c0=0.61 clear=0.41 prog=0.21 rel=0.95 bal=-0.20 obs=225 hard=218 obsc=236 yr=  0  nz=0.05 flt=0.00 dmap=+0/-0 shz=4.0 plan=16 cmd=(lx=+0.00,ly=+0.28,rx=+0.00)
  t= 40.3 ENG-F pos=(-3.03,+0.30) yaw=+151.4 d=3.22 goal_err=-30 carrot_err= -25 c0=0.58 clear=0.39 prog=0.21 rel=0.94 bal=-0.21 obs=223 hard=217 obsc=236 yr=  0  nz=0.06 flt=0.01 dmap=+0/-2 shz=4.0 plan=16 cmd=(lx=+0.00,ly=+0.28,rx=+0.00)
  t= 40.7 ENG-T pos=(-3.06,+0.32) yaw=+151.4 d=3.19 goal_err=-30 carrot_err= -23 c0=0.55 clear=0.36 prog=0.21 rel=0.93 bal=-0.22 obs=223 hard=215 obsc=234 yr=  0  nz=0.07 flt=0.02 dmap=+0/-0 shz=4.0 plan=15 cmd=(lx=+0.00,ly=+0.00,rx=+0.45)
  t= 41.1 ENG-F pos=(-3.07,+0.32) yaw=+145.4 d=3.18 goal_err=-24 carrot_err= -17 c0=0.60 clear=0.40 prog=0.20 rel=0.92 bal=-0.22 obs=226 hard=219 obsc=239 yr= 19  nz=0.08 flt=0.17 dmap=+0/-0 shz=4.0 plan=15 cmd=(lx=+0.00,ly=+0.28,rx=+0.00)
  t= 41.6 ENG-F pos=(-3.10,+0.35) yaw=+145.4 d=3.14 goal_err=-24 carrot_err= -18 c0=0.55 clear=0.37 prog=0.22 rel=0.95 bal=-0.17 obs=228 hard=220 obsc=240 yr=  0  nz=0.05 flt=0.00 dmap=+2/-1 shz=4.0 plan=15 cmd=(lx=+0.00,ly=+0.28,rx=+0.00)
  t= 42.0 ENG-F pos=(-3.13,+0.37) yaw=+145.4 d=3.11 goal_err=-25 carrot_err= -19 c0=0.52 clear=0.35 prog=0.22 rel=0.96 bal=-0.16 obs=228 hard=220 obsc=239 yr=  0  nz=0.04 flt=0.01 dmap=+0/-0 shz=4.0 plan=15 cmd=(lx=+0.00,ly=+0.28,rx=+0.00)
  t= 42.4 ENG-F pos=(-3.15,+0.38) yaw=+141.4 d=3.10 goal_err=-21 carrot_err= -15 c0=0.69 clear=0.46 prog=0.19 rel=0.88 bal=-0.15 obs=227 hard=219 obsc=241 yr= 18  nz=0.12 flt=0.00 dmap=+0/-0 shz=4.0 plan=15 cmd=(lx=+0.00,ly=+0.28,rx=+0.00)
  t= 42.8 ENG-F pos=(-3.17,+0.40) yaw=+141.4 d=3.06 goal_err=-21 carrot_err= -16 c0=0.66 clear=0.44 prog=0.21 rel=0.88 bal=-0.14 obs=228 hard=218 obsc=239 yr=  0  nz=0.12 flt=0.01 dmap=+2/-0 shz=4.0 plan=15 cmd=(lx=+0.00,ly=+0.28,rx=+0.00)
  t= 43.3 ENG-F pos=(-3.19,+0.42) yaw=+137.4 d=3.04 goal_err=-17 carrot_err= -13 c0=0.89 clear=0.60 prog=0.20 rel=0.90 bal=+0.48 obs=229 hard=220 obsc=240 yr= 19  nz=0.10 flt=0.01 dmap=+1/-0 shz=4.0 plan=15 cmd=(lx=+0.00,ly=+0.28,rx=+0.00)
  t= 43.7 ENG-T pos=(-3.22,+0.44) yaw=+137.4 d=3.01 goal_err=-17 carrot_err= -13 c0=0.86 clear=0.58 prog=0.20 rel=0.84 bal=+0.49 obs=227 hard=219 obsc=240 yr=  0G nz=0.16 flt=0.02 dmap=+0/-0 shz=4.0 plan=15 cmd=(lx=+0.00,ly=+0.00,rx=+0.45)
  t= 44.1 ENG-AL. pos=(-3.23,+0.45) yaw=+133.4 d=3.00 goal_err=-13 carrot_err=  -9 c0=0.85 clear=0.57 prog=0.17 rel=0.83 bal=+0.50 obs=225 hard=219 obsc=238 yr=  0  nz=0.17 flt=0.00 dmap=+0/-0 shz=4.0 plan=15 cmd=(lx=+0.00,ly=+0.00,rx=+0.00)
  t= 44.5 ENG-GO pos=(-3.24,+0.46) yaw=+133.4 d=2.97 goal_err=-13 carrot_err= -10 c0=0.83 clear=0.55 prog=0.18 rel=0.84 bal=+0.51 obs=227 hard=220 obsc=238 yr=  0  nz=0.16 flt=0.02 dmap=+1/-0 shz=4.0 plan=15 cmd=(lx=+0.00,ly=+0.28,rx=+0.00)
  t= 45.0 ENG-GO pos=(-3.26,+0.49) yaw=+133.4 d=2.94 goal_err=-14 carrot_err= -10 c0=0.80 clear=0.53 prog=0.18 rel=0.96 bal=+0.52 obs=226 hard=220 obsc=239 yr=  0  nz=0.04 flt=0.00 dmap=+0/-0 shz=4.0 plan=15 cmd=(lx=+0.00,ly=+0.28,rx=+0.00)
  t= 45.4 ENG-GO pos=(-3.29,+0.52) yaw=+133.4 d=2.91 goal_err=-14 carrot_err=  -7 c0=0.77 clear=0.51 prog=0.21 rel=0.94 bal=+0.54 obs=227 hard=220 obsc=239 yr=  0  nz=0.06 flt=0.00 dmap=+1/-0 shz=4.0 plan=15 cmd=(lx=+0.00,ly=+0.28,rx=+0.00)
  t= 45.8 ENG-GO pos=(-3.31,+0.54) yaw=+133.4 d=2.88 goal_err=-14 carrot_err=  -7 c0=1.18 clear=0.79 prog=0.24 rel=0.76 bal=+0.56 obs=227 hard=220 obsc=240 yr=  0  nz=0.24 flt=0.00 dmap=+1/-2 shz=4.0 plan=15 cmd=(lx=+0.00,ly=+0.28,rx=+0.00)
  t= 46.2 ENG-GO pos=(-3.33,+0.56) yaw=+133.4 d=2.84 goal_err=-14 carrot_err=  -7 c0=1.15 clear=0.77 prog=0.25 rel=0.70 bal=+0.57 obs=227 hard=219 obsc=239 yr=  0  nz=0.30 flt=0.01 dmap=+0/-0 shz=4.0 plan=15 cmd=(lx=+0.00,ly=+0.28,rx=+0.00)
  t= 46.7 ENG-GO pos=(-3.36,+0.59) yaw=+133.4 d=2.81 goal_err=-14 carrot_err=  -8 c0=1.12 clear=0.75 prog=0.26 rel=0.73 bal=+0.02 obs=228 hard=221 obsc=240 yr=  0  nz=0.27 flt=0.02 dmap=+1/-0 shz=4.0 plan=15 cmd=(lx=+0.00,ly=+0.28,rx=+0.00)
  t= 47.1 ENG-GO pos=(-3.38,+0.61) yaw=+133.4 d=2.78 goal_err=-14 carrot_err=  -5 c0=1.18 clear=0.78 prog=0.26 rel=0.78 bal=+0.02 obs=228 hard=221 obsc=241 yr=  0  nz=0.23 flt=0.00 dmap=+0/-1 shz=4.0 plan=13 cmd=(lx=+0.00,ly=+0.28,rx=+0.00)
  t= 47.5 ENG-GO pos=(-3.41,+0.64) yaw=+133.4 d=2.73 goal_err=-15 carrot_err=  -6 c0=1.13 clear=0.76 prog=0.27 rel=0.95 bal=+0.02 obs=229 hard=220 obsc=240 yr=  0  nz=0.04 flt=0.00 dmap=+0/-0 shz=4.0 plan=13 cmd=(lx=+0.00,ly=+0.28,rx=+0.00)
  t= 47.9 ENG-GO pos=(-3.44,+0.67) yaw=+133.4 d=2.70 goal_err=-15 carrot_err=  -6 c0=1.10 clear=0.73 prog=0.28 rel=0.94 bal=+0.02 obs=229 hard=220 obsc=241 yr=  0  nz=0.06 flt=0.00 dmap=+0/-0 shz=4.0 plan=13 cmd=(lx=+0.00,ly=+0.28,rx=+0.00)
  t= 48.4 ENG-GO pos=(-3.46,+0.70) yaw=+133.4 d=2.66 goal_err=-15 carrot_err=  -6 c0=1.07 clear=0.71 prog=0.28 rel=0.93 bal=-0.01 obs=225 hard=220 obsc=238 yr=  0  nz=0.07 flt=0.02 dmap=+0/-2 shz=4.0 plan=13 cmd=(lx=+0.00,ly=+0.28,rx=+0.00)
  t= 48.8 ENG-GO pos=(-3.49,+0.72) yaw=+133.4 d=2.63 goal_err=-15 carrot_err=  -6 c0=1.03 clear=0.69 prog=0.29 rel=0.92 bal=+0.02 obs=225 hard=217 obsc=237 yr=  0  nz=0.08 flt=0.00 dmap=+2/-1 shz=4.0 plan=13 cmd=(lx=+0.00,ly=+0.28,rx=+0.00)
  t= 49.2 ENG-GO pos=(-3.51,+0.75) yaw=+133.4 d=2.60 goal_err=-15 carrot_err=  -6 c0=1.00 clear=0.67 prog=0.27 rel=0.93 bal=+0.02 obs=225 hard=217 obsc=236 yr=  0  nz=0.07 flt=0.00 dmap=+0/-0 shz=4.0 plan=13 cmd=(lx=+0.00,ly=+0.28,rx=+0.00)
  t= 49.6 ENG-GO pos=(-3.54,+0.78) yaw=+133.4 d=2.55 goal_err=-16 carrot_err=  -7 c0=0.95 clear=0.64 prog=0.29 rel=0.92 bal=+0.02 obs=224 hard=216 obsc=236 yr=  0  nz=0.09 flt=0.01 dmap=+0/-0 shz=4.0 plan=13 cmd=(lx=+0.00,ly=+0.28,rx=+0.00)
  t= 50.1 ENG-GO pos=(-3.57,+0.81) yaw=+133.4 d=2.52 goal_err=-16 carrot_err=  -5 c0=0.92 clear=0.61 prog=0.29 rel=0.91 bal=+0.01 obs=225 hard=218 obsc=236 yr=  0  nz=0.09 flt=0.00 dmap=+1/-0 shz=4.0 plan=12 cmd=(lx=+0.00,ly=+0.28,rx=+0.00)
  t= 50.5 ENG-GO pos=(-3.59,+0.83) yaw=+133.4 d=2.48 goal_err=-16 carrot_err=  -5 c0=0.89 clear=0.59 prog=0.29 rel=0.90 bal=+0.01 obs=223 hard=218 obsc=236 yr=  0  nz=0.10 flt=0.00 dmap=+0/-0 shz=4.0 plan=12 cmd=(lx=+0.00,ly=+0.28,rx=+0.00)
  t= 50.9 ENG-GO pos=(-3.62,+0.86) yaw=+133.4 d=2.45 goal_err=-16 carrot_err=  -5 c0=0.85 clear=0.57 prog=0.28 rel=0.94 bal=+0.00 obs=222 hard=216 obsc=235 yr=  0  nz=0.06 flt=0.01 dmap=+0/-0 shz=4.0 plan=12 cmd=(lx=+0.00,ly=+0.28,rx=+0.00)
  t= 51.4 ENG-GO pos=(-3.65,+0.89) yaw=+133.4 d=2.41 goal_err=-17 carrot_err=  -5 c0=0.81 clear=0.54 prog=0.28 rel=0.93 bal=-0.00 obs=225 hard=217 obsc=235 yr=  0  nz=0.07 flt=0.01 dmap=+2/-0 shz=4.0 plan=12 cmd=(lx=+0.00,ly=+0.28,rx=+0.00)
  t= 51.8 ENG-GO pos=(-3.67,+0.92) yaw=+133.4 d=2.37 goal_err=-17 carrot_err=  -6 c0=0.87 clear=0.58 prog=0.28 rel=0.93 bal=-0.00 obs=220 hard=213 obsc=231 yr=  0  nz=0.07 flt=0.00 dmap=+0/-1 shz=4.0 plan=12 cmd=(lx=+0.00,ly=+0.28,rx=+0.00)
  t= 52.2 ENG-GO pos=(-3.70,+0.94) yaw=+133.4 d=2.34 goal_err=-17 carrot_err=  -6 c0=0.84 clear=0.56 prog=0.29 rel=0.94 bal=-0.01 obs=221 hard=214 obsc=231 yr=  0  nz=0.06 flt=0.01 dmap=+0/-0 shz=4.0 plan=12 cmd=(lx=+0.00,ly=+0.28,rx=+0.00)
  t= 52.6 ENG-GO pos=(-3.72,+0.97) yaw=+133.4 d=2.30 goal_err=-17 carrot_err=  -6 c0=0.80 clear=0.54 prog=0.28 rel=0.95 bal=-0.02 obs=220 hard=215 obsc=232 yr=  0  nz=0.05 flt=0.00 dmap=+1/-2 shz=4.0 plan=12 cmd=(lx=+0.00,ly=+0.28,rx=+0.00)
  t= 53.1 ENG-GO pos=(-3.75,+1.00) yaw=+133.4 d=2.27 goal_err=-18 carrot_err=  -4 c0=0.77 clear=0.51 prog=0.28 rel=0.94 bal=-0.03 obs=221 hard=215 obsc=231 yr=  0  nz=0.06 flt=0.00 dmap=+0/-0 shz=4.0 plan=11 cmd=(lx=+0.00,ly=+0.28,rx=+0.00)
  t= 53.5 ENG-GO pos=(-3.78,+1.03) yaw=+133.4 d=2.22 goal_err=-18 carrot_err=  -4 c0=0.72 clear=0.48 prog=0.29 rel=0.93 bal=-0.04 obs=223 hard=217 obsc=233 yr=  0  nz=0.07 flt=0.00 dmap=+1/-0 shz=4.0 plan=11 cmd=(lx=+0.00,ly=+0.28,rx=+0.00)
  t= 53.9 ENG-GO pos=(-3.80,+1.06) yaw=+133.4 d=2.19 goal_err=-18 carrot_err=  -5 c0=0.69 clear=0.46 prog=0.28 rel=0.92 bal=-0.05 obs=222 hard=217 obsc=233 yr=  0  nz=0.08 flt=0.01 dmap=+0/-0 shz=4.0 plan=11 cmd=(lx=+0.00,ly=+0.28,rx=+0.00)
  t= 54.3 ENG-GO pos=(-3.83,+1.08) yaw=+133.4 d=2.16 goal_err=-19 carrot_err=  -5 c0=0.66 clear=0.44 prog=0.28 rel=0.92 bal=-0.06 obs=222 hard=214 obsc=233 yr=  0  nz=0.08 flt=0.00 dmap=+0/-0 shz=4.0 plan=11 cmd=(lx=+0.00,ly=+0.28,rx=+0.00)
  t= 54.8 ENG-GO pos=(-3.85,+1.11) yaw=+133.4 d=2.12 goal_err=-19 carrot_err=  -5 c0=0.62 clear=0.41 prog=0.28 rel=0.93 bal=-0.09 obs=222 hard=214 obsc=233 yr=  0  nz=0.07 flt=0.00 dmap=+0/-0 shz=4.0 plan=10 cmd=(lx=+0.00,ly=+0.28,rx=+0.00)
  t= 55.2 ENG-GO pos=(-3.88,+1.13) yaw=+133.4 d=2.09 goal_err=-19 carrot_err=  -5 c0=0.59 clear=0.39 prog=0.28 rel=0.92 bal=-0.09 obs=223 hard=215 obsc=234 yr=  0  nz=0.08 flt=0.00 dmap=+1/-0 shz=4.0 plan=10 cmd=(lx=+0.00,ly=+0.28,rx=+0.00)
  t= 55.6 ENG-GO pos=(-3.90,+1.16) yaw=+133.4 d=2.05 goal_err=-20 carrot_err=  -5 c0=0.55 clear=0.37 prog=0.27 rel=0.93 bal=-0.02 obs=220 hard=215 obsc=231 yr=  0  nz=0.07 flt=0.02 dmap=+0/-1 shz=4.0 plan=10 cmd=(lx=+0.00,ly=+0.28,rx=+0.00)
  t= 56.0 ENG-GO pos=(-3.93,+1.19) yaw=+133.4 d=2.01 goal_err=-20 carrot_err=  -6 c0=0.51 clear=0.34 prog=0.28 rel=0.92 bal=+0.05 obs=219 hard=215 obsc=232 yr=  0  nz=0.08 flt=0.01 dmap=+0/-0 shz=4.0 plan=10 cmd=(lx=+0.00,ly=+0.28,rx=+0.00)
  t= 56.4 ENG-GO pos=(-3.96,+1.22) yaw=+133.4 d=1.98 goal_err=-20 carrot_err= -14 c0=0.75 clear=0.50 prog=0.28 rel=0.84 bal=+0.05 obs=220 hard=213 obsc=230 yr=  0  nz=0.16 flt=0.00 dmap=+0/-0 shz=4.0 plan=10 cmd=(lx=+0.00,ly=+0.28,rx=+0.00)
  t= 56.9 ENG-GO pos=(-3.98,+1.25) yaw=+133.4 d=1.95 goal_err=-21 carrot_err= -14 c0=0.71 clear=0.48 prog=0.28 rel=0.82 bal=+0.06 obs=221 hard=215 obsc=232 yr=  0  nz=0.17 flt=0.00 dmap=+2/-1 shz=4.0 plan=10 cmd=(lx=+0.00,ly=+0.28,rx=+0.00)
  t= 57.3 ENG-GO pos=(-4.00,+1.27) yaw=+133.4 d=1.91 goal_err=-21 carrot_err= -15 c0=0.68 clear=0.45 prog=0.28 rel=0.84 bal=+0.06 obs=222 hard=216 obsc=232 yr=  0  nz=0.16 flt=0.00 dmap=+0/-0 shz=4.0 plan=10 cmd=(lx=+0.00,ly=+0.28,rx=+0.00)
  t= 57.7 ENG-GO pos=(-4.03,+1.29) yaw=+133.4 d=1.88 goal_err=-21 carrot_err= -16 c0=0.65 clear=0.43 prog=0.27 rel=0.93 bal=-0.05 obs=222 hard=218 obsc=234 yr=  0  nz=0.07 flt=0.00 dmap=+0/-0 shz=4.0 plan=10 cmd=(lx=+0.00,ly=+0.28,rx=+0.00)
  t= 58.1 ENG-GO pos=(-4.05,+1.32) yaw=+133.4 d=1.85 goal_err=-22 carrot_err= -22 c0=0.62 clear=0.41 prog=0.26 rel=0.94 bal=-0.08 obs=222 hard=215 obsc=232 yr=  0  nz=0.06 flt=0.00 dmap=+0/-0 shz=4.0 plan=9 cmd=(lx=+0.00,ly=+0.28,rx=+0.00)
  t= 58.5 ENG-GO pos=(-4.08,+1.35) yaw=+133.4 d=1.81 goal_err=-22 carrot_err= -23 c0=0.58 clear=0.39 prog=0.26 rel=0.93 bal=-0.09 obs=221 hard=215 obsc=232 yr=  0  nz=0.07 flt=0.00 dmap=+0/-0 shz=4.0 plan=9 cmd=(lx=+0.00,ly=+0.28,rx=+0.00)
  t= 59.0 ENG-GO pos=(-4.10,+1.37) yaw=+133.4 d=1.78 goal_err=-23 carrot_err= -23 c0=0.55 clear=0.37 prog=0.26 rel=0.93 bal=+0.58 obs=221 hard=215 obsc=233 yr=  0  nz=0.07 flt=0.00 dmap=+0/-0 shz=4.0 plan=9 cmd=(lx=+0.00,ly=+0.28,rx=+0.00)
  t= 59.4 ENG-GO pos=(-4.12,+1.39) yaw=+133.4 d=1.75 goal_err=-23 carrot_err= -24 c0=0.52 clear=0.35 prog=0.25 rel=0.94 bal=+0.59 obs=222 hard=216 obsc=233 yr=  0  nz=0.07 flt=0.01 dmap=+1/-1 shz=4.0 plan=9 cmd=(lx=+0.00,ly=+0.28,rx=+0.00)
  t= 59.8 ENG-GO pos=(-4.14,+1.42) yaw=+133.4 d=1.73 goal_err=-23 carrot_err= -25 c0=1.32 clear=0.88 prog=0.25 rel=0.58 bal=+0.60 obs=222 hard=216 obsc=233 yr=  0  nz=0.42 flt=0.00 dmap=+0/-0 shz=4.0 plan=9 cmd=(lx=+0.00,ly=+0.28,rx=+0.00)
  t= 60.2 ENG-GO pos=(-4.17,+1.44) yaw=+133.4 d=1.70 goal_err=-24 carrot_err= -26 c0=1.28 clear=0.85 prog=0.25 rel=0.42 bal=+0.61 obs=225 hard=219 obsc=236 yr=  0  nz=0.58 flt=0.01 dmap=+0/-0 shz=4.0 plan=9 cmd=(lx=+0.00,ly=+0.28,rx=+0.00)
  t= 60.6 ENG-GO pos=(-4.19,+1.47) yaw=+133.4 d=1.66 goal_err=-24 carrot_err= -27 c0=1.25 clear=0.83 prog=0.24 rel=0.44 bal=+0.62 obs=227 hard=219 obsc=237 yr=  0  nz=0.56 flt=0.00 dmap=+1/-0 shz=4.0 plan=9 cmd=(lx=+0.00,ly=+0.28,rx=+0.00)
  t= 61.1 ENG-GO pos=(-4.21,+1.49) yaw=+133.4 d=1.63 goal_err=-25 carrot_err= -29 c0=1.21 clear=0.81 prog=0.24 rel=0.58 bal=-0.04 obs=227 hard=220 obsc=238 yr=  0  nz=0.42 flt=0.01 dmap=+0/-0 shz=4.0 plan=9 cmd=(lx=+0.00,ly=+0.28,rx=+0.00)
  t= 61.5 ENG-GO pos=(-4.24,+1.52) yaw=+133.4 d=1.60 goal_err=-25 carrot_err= -21 c0=1.18 clear=0.79 prog=0.24 rel=0.92 bal=-0.62 obs=230 hard=221 obsc=240 yr=  0  nz=0.08 flt=0.01 dmap=+0/-0 shz=4.0 plan=9 cmd=(lx=+0.00,ly=+0.28,rx=+0.00)
  t= 61.9 ENG-GO pos=(-4.26,+1.54) yaw=+133.4 d=1.57 goal_err=-26 carrot_err= -22 c0=1.15 clear=0.77 prog=0.25 rel=0.93 bal=-0.64 obs=229 hard=223 obsc=242 yr=  0  nz=0.07 flt=0.00 dmap=+1/-2 shz=4.0 plan=9 cmd=(lx=+0.00,ly=+0.28,rx=+0.00)
  t= 62.3 ENG-GO pos=(-4.29,+1.57) yaw=+133.4 d=1.54 goal_err=-27 carrot_err= -23 c0=1.11 clear=0.74 prog=0.25 rel=0.93 bal=+0.17 obs=230 hard=224 obsc=242 yr=  0  nz=0.07 flt=0.01 dmap=+0/-0 shz=4.0 plan=9 cmd=(lx=+0.00,ly=+0.28,rx=+0.00)
  t= 62.7 ENG-GO pos=(-4.31,+1.59) yaw=+133.4 d=1.51 goal_err=-27 carrot_err= -24 c0=1.08 clear=0.72 prog=0.26 rel=0.93 bal=+0.18 obs=231 hard=223 obsc=241 yr=  0  nz=0.07 flt=0.00 dmap=+1/-0 shz=4.0 plan=8 cmd=(lx=+0.00,ly=+0.28,rx=+0.00)
  t= 63.2 ENG-GO pos=(-4.33,+1.62) yaw=+133.4 d=1.47 goal_err=-28 carrot_err= -25 c0=1.04 clear=0.69 prog=0.25 rel=0.93 bal=-0.37 obs=232 hard=225 obsc=243 yr=  0  nz=0.07 flt=0.01 dmap=+2/-2 shz=4.0 plan=8 cmd=(lx=+0.00,ly=+0.28,rx=+0.00)
  t= 63.6 ENG-GO pos=(-4.36,+1.65) yaw=+133.4 d=1.44 goal_err=-29 carrot_err= -29 c0=1.01 clear=0.67 prog=0.25 rel=0.92 bal=-0.38 obs=233 hard=225 obsc=243 yr=  0  nz=0.08 flt=0.00 dmap=+0/-0 shz=4.0 plan=8 cmd=(lx=+0.00,ly=+0.28,rx=+0.00)
  t= 64.0 ENG-GO pos=(-4.39,+1.68) yaw=+133.4 d=1.40 goal_err=-29 carrot_err= -31 c0=0.96 clear=0.64 prog=0.27 rel=0.92 bal=-0.40 obs=236 hard=228 obsc=246 yr=  0  nz=0.08 flt=0.00 dmap=+1/-0 shz=4.0 plan=8 cmd=(lx=+0.00,ly=+0.28,rx=+0.00)
  t= 64.4 ENG-GO pos=(-4.42,+1.71) yaw=+133.4 d=1.37 goal_err=-30 carrot_err= -32 c0=0.93 clear=0.62 prog=0.26 rel=0.92 bal=-0.51 obs=233 hard=226 obsc=244 yr=  0  nz=0.08 flt=0.00 dmap=+0/-1 shz=4.0 plan=8 cmd=(lx=+0.00,ly=+0.28,rx=+0.00)
  t= 64.9 ENG-GO pos=(-4.44,+1.73) yaw=+133.4 d=1.34 goal_err=-31 carrot_err= -33 c0=0.89 clear=0.59 prog=0.26 rel=0.92 bal=-0.53 obs=235 hard=227 obsc=245 yr=  0  nz=0.08 flt=0.00 dmap=+0/-0 shz=4.0 plan=8 cmd=(lx=+0.00,ly=+0.28,rx=+0.00)
  t= 65.3 DWA-F pos=(-4.46,+1.76) yaw=+133.4 d=1.31 goal_err=-32 carrot_err= -34 c0=0.86 clear=0.57 prog=0.26 rel=0.92 bal=-0.54 obs=231 hard=223 obsc=241 yr=  0  nz=0.08 flt=0.00 dmap=+0/-0 shz=4.0 plan=8 cmd=(lx=+0.00,ly=+0.40,rx=+0.45)
  t= 65.7 DWA-F pos=(-4.49,+1.79) yaw=+129.4 d=1.28 goal_err=-29 carrot_err= -32 c0=0.82 clear=0.55 prog=0.26 rel=0.92 bal=-0.56 obs=231 hard=223 obsc=241 yr= 19G nz=0.08 flt=0.12 dmap=+0/-0 shz=4.0 plan=7 cmd=(lx=+0.00,ly=+0.40,rx=+0.45)
  t= 66.1 DWA-F pos=(-4.52,+1.82) yaw=+121.4 d=1.24 goal_err=-21 carrot_err= -25 c0=0.89 clear=0.59 prog=0.27 rel=0.92 bal=-0.35 obs=232 hard=225 obsc=244 yr= 19  nz=0.08 flt=0.05 dmap=+1/-2 shz=4.0 plan=7 cmd=(lx=+0.00,ly=+0.40,rx=+0.00)
  t= 66.5 DWA-F pos=(-4.55,+1.87) yaw=+121.4 d=1.18 goal_err=-22 carrot_err= -27 c0=0.84 clear=0.56 prog=0.30 rel=0.94 bal=-0.36 obs=232 hard=225 obsc=243 yr=  0  nz=0.06 flt=0.02 dmap=+0/-0 shz=4.0 plan=7 cmd=(lx=+0.00,ly=+0.40,rx=+0.00)
  t= 67.0 DWA-F pos=(-4.57,+1.91) yaw=+119.4 d=1.14 goal_err=-21 carrot_err= -15 c0=0.80 clear=0.53 prog=0.32 rel=0.94 bal=-0.37 obs=230 hard=225 obsc=243 yr= 19G nz=0.06 flt=0.10 dmap=+0/-0 shz=4.0 plan=7 cmd=(lx=+0.00,ly=+0.40,rx=+0.00)
  t= 67.4 DWA-F pos=(-4.59,+1.95) yaw=+117.4 d=1.10 goal_err=-20 carrot_err= -14 c0=1.04 clear=0.69 prog=0.33 rel=0.86 bal=-0.37 obs=239 hard=230 obsc=254 yr=  0  nz=0.14 flt=0.06 dmap=+0/-1 shz=4.0 plan=6 cmd=(lx=+0.00,ly=+0.40,rx=+0.00)
  t= 67.8 DWA-F pos=(-4.61,+1.98) yaw=+117.4 d=1.06 goal_err=-21 carrot_err= -14 c0=1.00 clear=0.67 prog=0.34 rel=0.82 bal=-0.45 obs=241 hard=232 obsc=255 yr=  0  nz=0.18 flt=0.00 dmap=+0/-0 shz=4.0 plan=6 cmd=(lx=+0.00,ly=+0.40,rx=+0.00)
  t= 68.3 DWA-F pos=(-4.63,+2.02) yaw=+117.4 d=1.02 goal_err=-22 carrot_err= -15 c0=1.38 clear=0.92 prog=0.33 rel=0.72 bal=-0.46 obs=241 hard=235 obsc=258 yr=  0  nz=0.28 flt=0.00 dmap=+0/-0 shz=4.0 plan=6 cmd=(lx=+0.00,ly=+0.40,rx=+0.00)
  t= 68.7 DWA-F pos=(-4.66,+2.07) yaw=+117.4 d=0.97 goal_err=-23 carrot_err= -16 c0=1.32 clear=0.88 prog=0.33 rel=0.74 bal=-0.48 obs=236 hard=228 obsc=252 yr=  0  nz=0.26 flt=0.01 dmap=+0/-2 shz=4.0 plan=6 cmd=(lx=+0.00,ly=+0.40,rx=+0.00)
  t= 69.1 DWA-F pos=(-4.68,+2.11) yaw=+117.4 d=0.93 goal_err=-24 carrot_err= -19 c0=1.28 clear=0.85 prog=0.33 rel=0.74 bal=-0.50 obs=237 hard=230 obsc=251 yr=  0  nz=0.26 flt=0.00 dmap=+1/-0 shz=4.0 plan=6 cmd=(lx=+0.00,ly=+0.40,rx=+0.00)
  t= 69.5 DWA-F pos=(-4.70,+2.15) yaw=+117.4 d=0.89 goal_err=-25 carrot_err= -20 c0=1.24 clear=0.83 prog=0.33 rel=0.81 bal=-0.52 obs=236 hard=229 obsc=251 yr=  0  nz=0.19 flt=0.05 dmap=+0/-0 shz=4.0 plan=6 cmd=(lx=+0.00,ly=+0.40,rx=+0.00)
  t= 70.0 DWA-F pos=(-4.72,+2.19) yaw=+117.4 d=0.85 goal_err=-26 carrot_err= -21 c0=1.20 clear=0.80 prog=0.33 rel=0.91 bal=-0.53 obs=237 hard=228 obsc=251 yr=  0  nz=0.09 flt=0.01 dmap=+1/-0 shz=4.0 plan=6 cmd=(lx=+0.00,ly=+0.40,rx=+0.00)
  t= 70.4 DWA-F pos=(-4.74,+2.23) yaw=+117.4 d=0.81 goal_err=-28 carrot_err= -23 c0=1.16 clear=0.77 prog=0.32 rel=0.92 bal=-0.42 obs=238 hard=229 obsc=252 yr=  0  nz=0.08 flt=0.00 dmap=+2/-0 shz=4.0 plan=5 cmd=(lx=+0.00,ly=+0.40,rx=+0.00)
  t= 70.8 DWA-F pos=(-4.76,+2.28) yaw=+117.4 d=0.76 goal_err=-30 carrot_err= -24 c0=1.11 clear=0.74 prog=0.33 rel=0.91 bal=-0.41 obs=238 hard=229 obsc=252 yr=  0  nz=0.09 flt=0.00 dmap=+0/-0 shz=4.0 plan=5 cmd=(lx=+0.00,ly=+0.40,rx=+0.00)
  t= 71.2 DWA-F pos=(-4.78,+2.32) yaw=+117.4 d=0.72 goal_err=-32 carrot_err= -26 c0=1.07 clear=0.71 prog=0.33 rel=0.91 bal=-0.40 obs=237 hard=229 obsc=252 yr=  0  nz=0.09 flt=0.00 dmap=+1/-2 shz=4.0 plan=5 cmd=(lx=+0.00,ly=+0.40,rx=+0.00)
  t= 71.6 DWA-F pos=(-4.80,+2.36) yaw=+117.4 d=0.69 goal_err=-33 carrot_err= -28 c0=1.02 clear=0.68 prog=0.32 rel=0.91 bal=-0.39 obs=237 hard=229 obsc=253 yr=  0  nz=0.09 flt=0.01 dmap=+1/-1 shz=4.0 plan=5 cmd=(lx=+0.00,ly=+0.40,rx=+0.00)
  t= 72.1 DWA-F pos=(-4.82,+2.40) yaw=+113.3 d=0.65 goal_err=-32 carrot_err= -26 c0=0.99 clear=0.66 prog=0.32 rel=0.93 bal=-0.38 obs=238 hard=230 obsc=254 yr= 19  nz=0.07 flt=0.06 dmap=+0/-0 shz=4.0 plan=4 cmd=(lx=+0.00,ly=+0.40,rx=+0.00)
  t= 72.5 DWA-F pos=(-4.84,+2.44) yaw=+113.3 d=0.61 goal_err=-34 carrot_err= -27 c0=0.95 clear=0.63 prog=0.30 rel=0.91 bal=-0.38 obs=238 hard=229 obsc=252 yr=  0  nz=0.09 flt=0.01 dmap=+0/-0 shz=4.0 plan=4 cmd=(lx=+0.00,ly=+0.40,rx=+0.45)
  t= 72.9 DWA-F pos=(-4.86,+2.49) yaw=+107.3 d=0.57 goal_err=-31 carrot_err= -24 c0=0.89 clear=0.59 prog=0.31 rel=0.91 bal=-0.38 obs=243 hard=233 obsc=257 yr= 19  nz=0.09 flt=0.05 dmap=+7/-2 shz=4.0 plan=4 cmd=(lx=+0.00,ly=+0.40,rx=+0.00)
  t= 73.3 DWA-F pos=(-4.87,+2.53) yaw=+107.3 d=0.53 goal_err=-33 carrot_err= -26 c0=0.85 clear=0.57 prog=0.31 rel=0.90 bal=-0.38 obs=244 hard=235 obsc=258 yr=  0  nz=0.10 flt=0.00 dmap=+0/-0 shz=4.0 plan=4 cmd=(lx=+0.00,ly=+0.40,rx=+0.45)
  t= 73.8 DWA-F pos=(-4.89,+2.57) yaw=+101.3 d=0.50 goal_err=-30 carrot_err= -23 c0=0.98 clear=0.65 prog=0.30 rel=0.90 bal=-0.37 obs=244 hard=235 obsc=258 yr= 19  nz=0.10 flt=0.01 dmap=+0/-0 shz=4.0 plan=3 cmd=(lx=+0.00,ly=+0.40,rx=+0.00)
  t= 74.2 DWA-T pos=(-4.89,+2.61) yaw= +99.3 d=0.46 goal_err=-30 carrot_err= -23 c0=0.94 clear=0.62 prog=0.30 rel=0.91 bal=-0.36 obs=242 hard=235 obsc=257 yr= 19G nz=0.09 flt=0.08 dmap=+0/-0 shz=4.0 plan=3 cmd=(lx=+0.00,ly=+0.00,rx=+0.00)
  t= 74.6 DWA-T pos=(-4.90,+2.62) yaw= +97.3 d=0.45 goal_err=-29 carrot_err= -21 c0=1.10 clear=0.73 prog=0.25 rel=0.87 bal=-0.16 obs=240 hard=234 obsc=256 yr=  0  nz=0.13 flt=0.00 dmap=+0/-0 shz=4.0 plan=3 cmd=(lx=+0.00,ly=+0.00,rx=+0.00)
  t= 75.0 DWA-T pos=(-4.90,+2.62) yaw= +97.3 d=0.45 goal_err=-29 carrot_err= -21 c0=1.10 clear=0.73 prog=0.17 rel=0.87 bal=-0.16 obs=240 hard=234 obsc=256 yr=  0  nz=0.13 flt=0.00 dmap=+0/-0 shz=4.0 plan=3 cmd=(lx=+0.00,ly=+0.00,rx=+0.00)
  t= 75.5 DWA-T pos=(-4.90,+2.62) yaw= +97.3 d=0.45 goal_err=-29 carrot_err= -21 c0=1.10 clear=0.73 prog=0.10 rel=0.87 bal=-0.16 obs=240 hard=234 obsc=256 yr=  0  nz=0.13 flt=0.00 dmap=+0/-0 shz=4.0 plan=0 cmd=(lx=+0.00,ly=+0.00,rx=+0.00)
  t= 75.9 BRK-BK pos=(-4.89,+2.60) yaw= +97.3 d=0.47 goal_err=-27 carrot_err= -20 c0=0.95 clear=0.63 prog=0.01 rel=0.88 bal=-0.16 obs=237 hard=230 obsc=251 yr=  0  nz=0.12 flt=0.00 dmap=+0/-0 shz=3.7 plan=0 cmd=(lx=+0.00,ly=-0.35,rx=+0.00)
  t= 76.3 BRK-TR pos=(-4.89,+2.57) yaw= +93.3 d=0.50 goal_err=-22 carrot_err= -15 c0=1.15 clear=0.77 prog=0.00 rel=0.87 bal=-0.18 obs=235 hard=230 obsc=250 yr= 20G nz=0.13 flt=0.08 dmap=+0/-0 shz=3.7 plan=0 cmd=(lx=+0.00,ly=+0.00,rx=+0.45)
  t= 76.7 BRK-TR pos=(-4.89,+2.57) yaw= +85.3 d=0.50 goal_err=-14 carrot_err=  -7 c0=1.08 clear=0.72 prog=0.00 rel=0.87 bal=-0.27 obs=240 hard=236 obsc=255 yr= 19G nz=0.13 flt=0.00 dmap=+3/-0 shz=3.7 plan=0 cmd=(lx=+0.00,ly=+0.00,rx=+0.45)
  t= 77.1 BRK-TR pos=(-4.89,+2.57) yaw= +77.2 d=0.50 goal_err=-6 carrot_err=  +1 c0=1.14 clear=0.76 prog=0.00 rel=0.88 bal=-0.32 obs=240 hard=236 obsc=255 yr= 19G nz=0.12 flt=0.14 dmap=+0/-0 shz=3.7 plan=0 cmd=(lx=+0.00,ly=+0.00,rx=+0.45)
  t= 77.6 BRK-TR pos=(-4.89,+2.57) yaw= +69.2 d=0.50 goal_err=+2 carrot_err=  +9 c0=1.08 clear=0.72 prog=0.00 rel=0.89 bal=-0.32 obs=240 hard=236 obsc=255 yr= 19G nz=0.12 flt=0.00 dmap=+0/-0 shz=3.7 plan=0 cmd=(lx=+0.00,ly=+0.00,rx=+0.45)
  t= 78.0 BRK-TR pos=(-4.89,+2.57) yaw= +59.2 d=0.50 goal_err=+12 carrot_err= +19 c0=1.08 clear=0.72 prog=0.00 rel=0.93 bal=-0.23 obs=240 hard=236 obsc=255 yr= 19G nz=0.07 flt=0.00 dmap=+0/-0 shz=3.8 plan=0 cmd=(lx=+0.00,ly=+0.00,rx=+0.45)
  t= 78.4 DWA-T pos=(-4.89,+2.57) yaw= +51.2 d=0.50 goal_err=+20 carrot_err= +27 c0=1.08 clear=0.72 prog=0.00 rel=0.94 bal=-0.16 obs=240 hard=236 obsc=255 yr= 19G nz=0.06 flt=0.00 dmap=+0/-0 shz=3.8 plan=3 cmd=(lx=+0.00,ly=+0.00,rx=+0.00)
  t= 78.8 DWA-T pos=(-4.89,+2.57) yaw= +49.2 d=0.50 goal_err=+22 carrot_err= +29 c0=1.08 clear=0.72 prog=0.00 rel=0.98 bal=-0.16 obs=255 hard=242 obsc=266 yr=  0  nz=0.02 flt=0.11 dmap=+0/-0 shz=3.7 plan=3 cmd=(lx=+0.00,ly=+0.00,rx=+0.00)
  t= 79.2 DWA-T pos=(-4.89,+2.57) yaw= +49.2 d=0.50 goal_err=+22 carrot_err= +29 c0=1.08 clear=0.72 prog=0.00 rel=0.98 bal=-0.16 obs=255 hard=242 obsc=266 yr=  0  nz=0.02 flt=0.11 dmap=+0/-0 shz=3.7 plan=3 cmd=(lx=+0.00,ly=+0.00,rx=+0.00)
  t= 79.7 DWA-T pos=(-4.89,+2.57) yaw= +49.2 d=0.50 goal_err=+22 carrot_err= +29 c0=1.08 clear=0.72 prog=0.00 rel=0.98 bal=-0.16 obs=255 hard=242 obsc=266 yr=  0  nz=0.02 flt=0.11 dmap=+0/-0 shz=3.7 plan=0 cmd=(lx=+0.00,ly=+0.00,rx=+0.00)
  t= 80.1 BRK-BK pos=(-4.91,+2.55) yaw= +49.2 d=0.52 goal_err=+21 carrot_err= +28 c0=1.10 clear=0.74 prog=0.00 rel=0.99 bal=-0.16 obs=253 hard=241 obsc=264 yr=  0  nz=0.01 flt=0.00 dmap=+0/-0 shz=3.5 plan=0 cmd=(lx=+0.00,ly=-0.35,rx=+0.00)
  t= 80.5 BRK-TR pos=(-4.92,+2.53) yaw= +45.2 d=0.54 goal_err=+24 carrot_err= +30 c0=1.13 clear=0.75 prog=0.00 rel=0.95 bal=-0.16 obs=252 hard=242 obsc=263 yr= 19G nz=0.05 flt=0.23 dmap=+0/-0 shz=3.5 plan=0 cmd=(lx=+0.00,ly=+0.00,rx=+0.45)
  t= 80.9 BRK-TR pos=(-4.92,+2.53) yaw= +37.1 d=0.54 goal_err=+32 carrot_err= +38 c0=1.13 clear=0.75 prog=0.00 rel=0.94 bal=-0.10 obs=252 hard=245 obsc=263 yr= 19G nz=0.06 flt=0.13 dmap=+0/-0 shz=3.5 plan=0 cmd=(lx=+0.00,ly=+0.00,rx=+0.45)
  t= 81.4 BRK-TR pos=(-4.92,+2.53) yaw= +29.1 d=0.54 goal_err=+40 carrot_err= +46 c0=1.13 clear=0.75 prog=0.00 rel=0.94 bal=-0.10 obs=252 hard=245 obsc=263 yr= 19G nz=0.06 flt=0.00 dmap=+0/-0 shz=3.5 plan=0 cmd=(lx=+0.00,ly=+0.00,rx=+0.45)
  t= 81.8 BRK-TR pos=(-4.92,+2.53) yaw= +21.1 d=0.54 goal_err=+48 carrot_err= +54 c0=1.27 clear=0.84 prog=0.00 rel=0.94 bal=+0.03 obs=252 hard=245 obsc=263 yr= 20G nz=0.06 flt=0.19 dmap=+0/-0 shz=3.5 plan=0 cmd=(lx=+0.00,ly=+0.00,rx=+0.45)
  t= 82.2 BRK-TR pos=(-4.92,+2.53) yaw= +13.1 d=0.54 goal_err=+56 carrot_err= +62 c0=1.32 clear=0.88 prog=0.00 rel=0.86 bal=+0.09 obs=252 hard=245 obsc=263 yr= 19G nz=0.14 flt=0.00 dmap=+0/-0 shz=3.5 plan=0 cmd=(lx=+0.00,ly=+0.00,rx=+0.45)
  t= 82.6 DWA-F pos=(-4.92,+2.53) yaw=  +5.1 d=0.54 goal_err=+64 carrot_err= +70 c0=1.17 clear=0.78 prog=0.00 rel=0.85 bal=+0.09 obs=252 hard=245 obsc=263 yr= 19G nz=0.15 flt=0.05 dmap=+0/-0 shz=3.5 plan=3 cmd=(lx=+0.00,ly=+0.28,rx=-0.45)
  t= 83.0 DWA-F pos=(-4.91,+2.53) yaw=  +5.1 d=0.54 goal_err=+66 carrot_err= +72 c0=1.16 clear=0.77 prog=0.01 rel=0.86 bal=+0.09 obs=252 hard=245 obsc=263 yr= 19G nz=0.14 flt=0.09 dmap=+0/-0 shz=3.5 plan=3 cmd=(lx=+0.00,ly=+0.28,rx=-0.45)
  t= 83.5 DWA-F pos=(-4.87,+2.54) yaw= +15.1 d=0.52 goal_err=+59 carrot_err= +66 c0=1.27 clear=0.85 prog=0.04 rel=0.88 bal=+0.04 obs=252 hard=245 obsc=263 yr= 19G nz=0.12 flt=0.01 dmap=+0/-0 shz=3.5 plan=3 cmd=(lx=+0.00,ly=+0.28,rx=-0.45)
  t= 83.9 DWA-F pos=(-4.85,+2.55) yaw= +23.1 d=0.51 goal_err=+54 carrot_err= +61 c0=1.20 clear=0.80 prog=0.06 rel=0.83 bal=+0.09 obs=253 hard=245 obsc=263 yr= 19G nz=0.11 flt=0.27 dmap=+0/-0 shz=3.5 plan=3 cmd=(lx=+0.00,ly=+0.28,rx=-0.45)
  t= 84.3 DWA-F pos=(-4.82,+2.56) yaw= +31.1 d=0.49 goal_err=+48 carrot_err= +56 c0=1.05 clear=0.70 prog=0.09 rel=0.90 bal=-0.05 obs=254 hard=246 obsc=264 yr= 19G nz=0.10 flt=0.11 dmap=+1/-0 shz=3.5 plan=3 cmd=(lx=+0.00,ly=+0.28,rx=-0.45)
  t= 84.7 DWA-F pos=(-4.80,+2.58) yaw= +39.1 d=0.47 goal_err=+42 carrot_err= +51 c0=1.02 clear=0.68 prog=0.13 rel=0.84 bal=-0.04 obs=255 hard=247 obsc=265 yr= 19G nz=0.16 flt=0.03 dmap=+1/-0 shz=3.5 plan=3 cmd=(lx=+0.00,ly=+0.28,rx=-0.45)
  t= 85.1 DWA-F pos=(-4.78,+2.59) yaw= +47.2 d=0.45 goal_err=+37 carrot_err= +46 c0=0.99 clear=0.66 prog=0.14 rel=0.85 bal=-0.05 obs=255 hard=247 obsc=265 yr= 19G nz=0.15 flt=0.05 dmap=+0/-0 shz=3.5 plan=3 cmd=(lx=+0.00,ly=+0.28,rx=-0.45)

  >>> MODO AGRESIVO ON (12s sin acercarse a B): reduzco inflado y holgura (min seguridad 0.24m) para cruzar la puerta.
  t= 85.6 AGR-DWA-F pos=(-4.76,+2.62) yaw= +55.2 d=0.43 goal_err=+31 carrot_err= +41 c0=0.96 clear=0.64 prog=0.16 rel=0.88 bal=-0.12 obs=256 hard=248 obsc=266 yr= 19G nz=0.12 flt=0.02 dmap=+1/-0 shz=3.6 plan=3 cmd=(lx=+0.00,ly=+0.28,rx=-0.45)
  t= 86.0 AGR-DWA-T pos=(-4.74,+2.65) yaw= +65.2 d=0.39 goal_err=+23 carrot_err= +35 c0=0.92 clear=0.62 prog=0.19 rel=0.85 bal=-0.19 obs=256 hard=248 obsc=266 yr= 19G nz=0.07 flt=0.01 dmap=+0/-0 shz=3.5 plan=3 cmd=(lx=+0.00,ly=+0.00,rx=+0.00)
  t= 86.4 AGR-DWA-T pos=(-4.74,+2.66) yaw= +67.2 d=0.38 goal_err=+22 carrot_err= +33 c0=0.92 clear=0.61 prog=0.17 rel=0.93 bal=-0.19 obs=239 hard=227 obsc=248 yr=  0  nz=0.07 flt=0.00 dmap=+0/-0 shz=3.5 plan=3 cmd=(lx=+0.00,ly=+0.00,rx=+0.00)
  t= 86.8 AGR-DWA-T pos=(-4.74,+2.66) yaw= +67.2 d=0.38 goal_err=+22 carrot_err= +33 c0=0.92 clear=0.61 prog=0.14 rel=0.93 bal=-0.19 obs=239 hard=227 obsc=248 yr=  0  nz=0.07 flt=0.00 dmap=+0/-0 shz=3.5 plan=3 cmd=(lx=+0.00,ly=+0.00,rx=+0.00)
  t= 87.2 AGR-DWA-T pos=(-4.74,+2.66) yaw= +67.2 d=0.38 goal_err=+22 carrot_err= +33 c0=0.92 clear=0.61 prog=0.10 rel=0.93 bal=-0.19 obs=239 hard=227 obsc=248 yr=  0  nz=0.07 flt=0.00 dmap=+0/-0 shz=3.5 plan=0 cmd=(lx=+0.00,ly=+0.00,rx=+0.00)
  t= 87.7 AGR-BRK-BK pos=(-4.74,+2.65) yaw= +67.2 d=0.39 goal_err=+21 carrot_err= +32 c0=0.93 clear=0.62 prog=0.03 rel=0.93 bal=-0.19 obs=239 hard=227 obsc=248 yr=  0  nz=0.07 flt=0.00 dmap=+0/-0 shz=3.5 plan=0 cmd=(lx=+0.00,ly=-0.35,rx=+0.00)
  t= 88.1 AGR-BRK-TR pos=(-4.76,+2.61) yaw= +65.2 d=0.43 goal_err=+21 carrot_err= +31 c0=0.96 clear=0.64 prog=0.00 rel=0.97 bal=-0.19 obs=228 hard=223 obsc=243 yr= 19G nz=0.03 flt=0.16 dmap=+0/-0 shz=3.3 plan=0 cmd=(lx=+0.00,ly=+0.00,rx=+0.45)
  t= 88.5 AGR-BRK-TR pos=(-4.76,+2.61) yaw= +55.2 d=0.43 goal_err=+31 carrot_err= +41 c0=0.96 clear=0.64 prog=0.00 rel=0.97 bal=-0.11 obs=228 hard=223 obsc=243 yr= 38G nz=0.03 flt=0.04 dmap=+0/-0 shz=3.3 plan=0 cmd=(lx=+0.00,ly=+0.00,rx=+0.45)
  t= 88.9 AGR-BRK-TR pos=(-4.76,+2.61) yaw= +47.2 d=0.43 goal_err=+39 carrot_err= +49 c0=0.96 clear=0.64 prog=0.00 rel=0.97 bal=-0.09 obs=228 hard=223 obsc=243 yr= 19G nz=0.03 flt=0.10 dmap=+0/-0 shz=3.3 plan=0 cmd=(lx=+0.00,ly=+0.00,rx=+0.45)
  t= 89.3 AGR-BRK-TR pos=(-4.76,+2.61) yaw= +39.1 d=0.43 goal_err=+47 carrot_err= +57 c0=0.96 clear=0.64 prog=0.00 rel=0.97 bal=-0.04 obs=228 hard=223 obsc=243 yr= 19G nz=0.03 flt=0.00 dmap=+0/-0 shz=3.3 plan=0 cmd=(lx=+0.00,ly=+0.00,rx=+0.45)
  t= 89.8 AGR-BRK-TR pos=(-4.76,+2.61) yaw= +31.1 d=0.43 goal_err=+55 carrot_err= +65 c0=0.96 clear=0.64 prog=0.00 rel=0.98 bal=+0.05 obs=228 hard=223 obsc=243 yr= 20G nz=0.02 flt=0.00 dmap=+0/-0 shz=3.3 plan=0 cmd=(lx=+0.00,ly=+0.00,rx=+0.45)
  t= 90.2 AGR-DWA-F pos=(-4.76,+2.61) yaw= +23.1 d=0.43 goal_err=+63 carrot_err= +73 c0=1.09 clear=0.73 prog=0.00 rel=0.91 bal=+0.05 obs=228 hard=223 obsc=243 yr= 19G nz=0.09 flt=0.06 dmap=+0/-0 shz=3.3 plan=3 cmd=(lx=+0.00,ly=+0.28,rx=-0.45)
  t= 90.6 AGR-DWA-F pos=(-4.74,+2.62) yaw= +23.1 d=0.42 goal_err=+65 carrot_err= +75 c0=1.08 clear=0.72 prog=0.01 rel=0.85 bal=+0.05 obs=228 hard=223 obsc=243 yr= 19G nz=0.15 flt=0.00 dmap=+0/-0 shz=3.3 plan=3 cmd=(lx=+0.00,ly=+0.28,rx=-0.45)
  t= 91.0 AGR-DWA-F pos=(-4.72,+2.63) yaw= +31.1 d=0.41 goal_err=+61 carrot_err= +71 c0=1.05 clear=0.70 prog=0.03 rel=0.86 bal=+0.05 obs=228 hard=223 obsc=243 yr= 19G nz=0.14 flt=0.09 dmap=+0/-0 shz=3.3 plan=3 cmd=(lx=+0.00,ly=+0.28,rx=-0.45)
  t= 91.4 AGR-DWA-F pos=(-4.69,+2.65) yaw= +41.1 d=0.39 goal_err=+55 carrot_err= +66 c0=0.90 clear=0.60 prog=0.06 rel=0.86 bal=-0.02 obs=228 hard=223 obsc=243 yr= 19G nz=0.14 flt=0.00 dmap=+0/-0 shz=3.3 plan=3 cmd=(lx=+0.00,ly=+0.28,rx=-0.45)
  t= 91.9 AGR-DWA-F pos=(-4.67,+2.67) yaw= +49.2 d=0.38 goal_err=+50 carrot_err= +62 c0=0.87 clear=0.58 prog=0.09 rel=0.81 bal=-0.05 obs=228 hard=223 obsc=243 yr= 19G nz=0.19 flt=0.01 dmap=+0/-0 shz=3.3 plan=3 cmd=(lx=+0.00,ly=+0.28,rx=-0.45)
  t= 92.3 AGR-DWA-F pos=(-4.65,+2.69) yaw= +57.2 d=0.36 goal_err=+45 carrot_err= +58 c0=0.84 clear=0.56 prog=0.12 rel=0.80 bal=-0.11 obs=231 hard=226 obsc=246 yr= 19G nz=0.15 flt=0.05 dmap=+1/-0 shz=3.3 plan=3 cmd=(lx=+0.00,ly=+0.28,rx=-0.45)

  LLEGADO a 'B' (-4.73,+3.04); error=0.35 m, colisiones=0.
  [spill] derrames=0 E[N]=0.00 eta_max=0.82 riesgo=1.2%
  [dataset] travesia guardada -> /Users/adrianlendinezibanez/Claude/Projects/G1 ROBOT/dataset/20260708_135647_ours_B.json
  [stats] fila anadida -> /Users/adrianlendinezibanez/Claude/Projects/G1 ROBOT/dataset/runs_stats.csv

Fin goto.
  [META2-L2] estado guardado (meta2_state_abctrl.json): Pl={'Efficient_Nav': 1.0, 'Cautious_Nav': 0.96} derrames_run=0
  backend grafico: TkAgg
>>> SIM ADAPTER: conectando a rosbridge ws://localhost:8765 ...
  esperando /odom (hasta 30s; el mundo del lab tarda en cargar)... ok
  /odom OK pose=(+0.99,+0.57) | /scan: OK
  escenario LAB: mapa/waypoints/puerta REALES (lab.world solo-paredes, frame G1)

>>> GOTO 'B' -> (-4.73,+3.04). Mando en mano (L2+B). Ctrl+C aborta.
    ENTORNO: SIM (id: lab_v1_ab_ctrl)  — esta run se registra como SIMULACION, no cuenta como run de robot
  Esperando pose localizada y primera nube... ok.
  FRAME-CHECK start=(+0.99,+0.57) wp_mas_cercano=A(+0.99,+0.57) offset=0.00m  -> frame OK (pose y waypoints alineados)
  [spill] payload de agua simulado (semilla=20260708_140409_ours_B.json)
  META2 ACTIVO (techo por analogia): Meta-Reasoner 2.0, analogia inicial Cautious_Nav

  !!!!!!!!!!!!!!!!!!!!!!!!!!!!!!!!!!!!!!!!!!!!!!!!!!!!!!!!!!!!!!!!!!!!!!!!!!
  !!  VISION OFF (G1_PERC sin definir) pero G1_NOVIS=1: navego SIN vision bajo tu responsabilidad.
  !!  La MESA invisible al LiDAR no se vera.
  !!!!!!!!!!!!!!!!!!!!!!!!!!!!!!!!!!!!!!!!!!!!!!!!!!!!!!!!!!!!!!!!!!!!!!!!!!

  mapa de referencia: 961 celdas | muebles estaticos (nav_map): 0 celdas | plan global: static
  t=  0.0 DWA-F pos=(+0.99,+0.57) yaw=-120.3 d=6.23 goal_err=-83 carrot_err= -62 c0=2.25 clear=1.00 prog=0.00 rel=1.00 bal=+0.19 obs=108 hard=108 obsc=108 yr=  0  nz=0.00 flt=0.19 dmap=+108/-0 shz=0.0 plan=34 cmd=(lx=+0.00,ly=+0.40,rx=+0.45)
  t=  0.5 DWA-F pos=(+0.97,+0.53) yaw=-126.3 d=6.22 goal_err=-77 carrot_err= -59 c0=2.21 clear=1.00 prog=0.05 rel=0.98 bal=+0.28 obs=111 hard=111 obsc=111 yr= 18G nz=0.02 flt=0.00 dmap=+0/-0 shz=4.5 plan=34 cmd=(lx=+0.00,ly=+0.40,rx=+0.45)
  t=  0.9 DWA-F pos=(+0.93,+0.49) yaw=-134.4 d=6.21 goal_err=-70 carrot_err= -55 c0=2.28 clear=1.00 prog=0.09 rel=0.96 bal=+0.41 obs=111 hard=111 obsc=111 yr= 18G nz=0.04 flt=0.00 dmap=+0/-0 shz=3.9 plan=34 cmd=(lx=+0.00,ly=+0.40,rx=+0.45)
  t=  1.3 DWA-F pos=(+0.88,+0.45) yaw=-142.4 d=6.18 goal_err=-62 carrot_err= -35 c0=2.50 clear=1.00 prog=0.12 rel=0.84 bal=+0.41 obs=111 hard=111 obsc=111 yr= 18  nz=0.16 flt=0.02 dmap=+0/-0 shz=4.1 plan=34 cmd=(lx=+0.00,ly=+0.40,rx=+0.00)
  t=  1.8 DWA-F pos=(+0.84,+0.41) yaw=-142.4 d=6.16 goal_err=-63 carrot_err= -37 c0=2.50 clear=1.00 prog=0.14 rel=0.80 bal=+0.42 obs=131 hard=118 obsc=137 yr=  0  nz=0.20 flt=0.02 dmap=+13/-0 shz=3.9 plan=33 cmd=(lx=+0.00,ly=+0.40,rx=+0.45)
  t=  2.2 DWA-F pos=(+0.80,+0.38) yaw=-146.4 d=6.14 goal_err=-59 carrot_err= -35 c0=2.50 clear=1.00 prog=0.16 rel=0.79 bal=+0.43 obs=131 hard=118 obsc=137 yr= 18G nz=0.21 flt=0.02 dmap=+0/-0 shz=4.0 plan=33 cmd=(lx=+0.00,ly=+0.40,rx=+0.00)
  t=  2.7 DWA-F pos=(+0.76,+0.35) yaw=-150.4 d=6.11 goal_err=-56 carrot_err= -33 c0=2.50 clear=1.00 prog=0.18 rel=0.99 bal=+0.43 obs=143 hard=130 obsc=170 yr=  0  nz=0.01 flt=0.01 dmap=+0/-0 shz=3.9 plan=33 cmd=(lx=+0.00,ly=+0.40,rx=+0.00)
  t=  3.1 DWA-F pos=(+0.72,+0.33) yaw=-150.4 d=6.08 goal_err=-56 carrot_err= -35 c0=2.50 clear=1.00 prog=0.19 rel=0.99 bal=+0.44 obs=152 hard=134 obsc=170 yr=  0  nz=0.01 flt=0.00 dmap=+0/-0 shz=4.0 plan=33 cmd=(lx=+0.00,ly=+0.40,rx=+0.00)
  t=  3.6 DWA-F pos=(+0.68,+0.31) yaw=-152.4 d=6.06 goal_err=-54 carrot_err= -33 c0=2.50 clear=1.00 prog=0.19 rel=0.99 bal=+0.44 obs=154 hard=145 obsc=169 yr=  0  nz=0.01 flt=0.00 dmap=+0/-0 shz=3.9 plan=33 cmd=(lx=+0.00,ly=+0.40,rx=+0.00)
  t=  4.0 DWA-F pos=(+0.64,+0.29) yaw=-152.4 d=6.03 goal_err=-55 carrot_err= -35 c0=2.50 clear=1.00 prog=0.20 rel=0.99 bal=+0.36 obs=156 hard=153 obsc=172 yr=  0  nz=0.01 flt=0.01 dmap=+1/-1 shz=4.0 plan=33 cmd=(lx=+0.00,ly=+0.40,rx=+0.00)
  t=  4.5 DWA-F pos=(+0.60,+0.27) yaw=-152.4 d=6.01 goal_err=-55 carrot_err= -37 c0=2.50 clear=1.00 prog=0.19 rel=0.99 bal=+0.37 obs=156 hard=154 obsc=170 yr=  0  nz=0.01 flt=0.01 dmap=+0/-0 shz=4.0 plan=33 cmd=(lx=+0.00,ly=+0.40,rx=+0.45)
  t=  4.9 DWA-F pos=(+0.56,+0.25) yaw=-156.4 d=5.98 goal_err=-51 carrot_err= -20 c0=2.50 clear=1.00 prog=0.19 rel=0.99 bal=+0.38 obs=158 hard=157 obsc=171 yr=  0  nz=0.01 flt=0.01 dmap=+0/-0 shz=4.0 plan=32 cmd=(lx=+0.00,ly=+0.40,rx=+0.00)
  t=  5.3 DWA-F pos=(+0.52,+0.23) yaw=-156.4 d=5.95 goal_err=-52 carrot_err= -21 c0=2.50 clear=1.00 prog=0.20 rel=0.99 bal=+0.39 obs=160 hard=158 obsc=172 yr=  0  nz=0.01 flt=0.00 dmap=+0/-0 shz=3.9 plan=32 cmd=(lx=+0.00,ly=+0.40,rx=+0.00)
  t=  5.8 DWA-F pos=(+0.48,+0.21) yaw=-156.4 d=5.93 goal_err=-52 carrot_err= -23 c0=2.50 clear=1.00 prog=0.20 rel=0.98 bal=+0.40 obs=161 hard=159 obsc=173 yr=  0  nz=0.02 flt=0.00 dmap=+0/-0 shz=4.0 plan=32 cmd=(lx=+0.00,ly=+0.40,rx=+0.00)
  t=  6.3 DWA-F pos=(+0.43,+0.19) yaw=-156.4 d=5.89 goal_err=-52 carrot_err= -24 c0=2.50 clear=1.00 prog=0.21 rel=0.99 bal=+0.42 obs=161 hard=160 obsc=172 yr=  0  nz=0.01 flt=0.02 dmap=+0/-0 shz=4.0 plan=31 cmd=(lx=+0.00,ly=+0.40,rx=+0.00)
  t=  6.7 DWA-F pos=(+0.40,+0.18) yaw=-156.4 d=5.87 goal_err=-53 carrot_err= -25 c0=2.50 clear=1.00 prog=0.20 rel=0.99 bal=+0.43 obs=160 hard=160 obsc=174 yr=  0  nz=0.01 flt=0.00 dmap=+0/-0 shz=3.9 plan=31 cmd=(lx=+0.00,ly=+0.40,rx=+0.00)
  t=  7.2 DWA-F pos=(+0.36,+0.16) yaw=-156.4 d=5.84 goal_err=-53 carrot_err= -27 c0=2.50 clear=1.00 prog=0.20 rel=0.99 bal=+0.44 obs=164 hard=161 obsc=175 yr=  0  nz=0.01 flt=0.01 dmap=+0/-0 shz=4.0 plan=31 cmd=(lx=+0.00,ly=+0.40,rx=+0.00)
  t=  7.6 DWA-F pos=(+0.32,+0.14) yaw=-156.4 d=5.82 goal_err=-53 carrot_err= -28 c0=2.50 clear=1.00 prog=0.20 rel=0.99 bal=+0.44 obs=163 hard=161 obsc=175 yr=  0  nz=0.01 flt=0.00 dmap=+0/-1 shz=3.9 plan=31 cmd=(lx=+0.00,ly=+0.40,rx=+0.00)
  t=  8.1 DWA-F pos=(+0.27,+0.13) yaw=-156.4 d=5.79 goal_err=-54 carrot_err= -15 c0=2.50 clear=1.00 prog=0.18 rel=0.99 bal=+0.45 obs=163 hard=161 obsc=174 yr=  0  nz=0.01 flt=0.01 dmap=+0/-0 shz=4.0 plan=30 cmd=(lx=+0.00,ly=+0.40,rx=+0.00)
  t=  8.5 DWA-F pos=(+0.23,+0.11) yaw=-156.4 d=5.77 goal_err=-54 carrot_err= -16 c0=2.50 clear=1.00 prog=0.20 rel=0.99 bal=+0.46 obs=163 hard=162 obsc=174 yr=  0  nz=0.01 flt=0.00 dmap=+0/-0 shz=4.0 plan=30 cmd=(lx=+0.00,ly=+0.40,rx=+0.00)
  t=  9.0 DWA-F pos=(+0.19,+0.09) yaw=-156.4 d=5.74 goal_err=-55 carrot_err= -17 c0=2.50 clear=1.00 prog=0.19 rel=0.99 bal=+0.46 obs=162 hard=161 obsc=173 yr=  0  nz=0.01 flt=0.00 dmap=+0/-0 shz=4.0 plan=30 cmd=(lx=+0.00,ly=+0.40,rx=+0.00)
  t=  9.4 DWA-F pos=(+0.15,+0.07) yaw=-156.4 d=5.71 goal_err=-55 carrot_err= -18 c0=2.50 clear=1.00 prog=0.19 rel=0.98 bal=+0.39 obs=165 hard=163 obsc=175 yr=  0  nz=0.02 flt=0.00 dmap=+0/-0 shz=4.0 plan=30 cmd=(lx=+0.00,ly=+0.40,rx=+0.00)
  t=  9.9 DWA-F pos=(+0.11,+0.05) yaw=-156.4 d=5.69 goal_err=-55 carrot_err= -19 c0=2.46 clear=1.00 prog=0.19 rel=0.97 bal=+0.40 obs=166 hard=164 obsc=176 yr=  0  nz=0.03 flt=0.01 dmap=+2/-0 shz=4.0 plan=30 cmd=(lx=+0.00,ly=+0.40,rx=+0.00)
  t= 10.3 DWA-F pos=(+0.07,+0.04) yaw=-156.4 d=5.66 goal_err=-56 carrot_err= -21 c0=2.41 clear=1.00 prog=0.19 rel=0.95 bal=+0.40 obs=165 hard=166 obsc=179 yr=  0  nz=0.05 flt=0.00 dmap=+2/-3 shz=4.0 plan=30 cmd=(lx=+0.00,ly=+0.40,rx=+0.00)
  t= 10.8 DWA-F pos=(+0.03,+0.02) yaw=-156.4 d=5.64 goal_err=-56 carrot_err= -22 c0=2.37 clear=1.00 prog=0.19 rel=0.93 bal=+0.41 obs=167 hard=165 obsc=178 yr=  0  nz=0.07 flt=0.00 dmap=+0/-0 shz=3.9 plan=30 cmd=(lx=+0.00,ly=+0.40,rx=+0.00)
  t= 11.2 DWA-F pos=(+0.00,+0.01) yaw=-156.4 d=5.62 goal_err=-56 carrot_err= -23 c0=2.34 clear=1.00 prog=0.18 rel=0.92 bal=+0.41 obs=168 hard=167 obsc=179 yr=  0  nz=0.08 flt=0.02 dmap=+0/-0 shz=4.0 plan=29 cmd=(lx=+0.00,ly=+0.40,rx=+0.00)
  t= 11.6 DWA-F pos=(-0.04,-0.01) yaw=-156.4 d=5.60 goal_err=-57 carrot_err= -24 c0=2.29 clear=1.00 prog=0.18 rel=0.92 bal=+0.42 obs=169 hard=167 obsc=179 yr=  0  nz=0.08 flt=0.00 dmap=+0/-0 shz=4.0 plan=29 cmd=(lx=+0.00,ly=+0.40,rx=+0.00)
  t= 12.1 DWA-F pos=(-0.08,-0.03) yaw=-156.4 d=5.57 goal_err=-57 carrot_err= -26 c0=2.25 clear=1.00 prog=0.17 rel=0.93 bal=+0.44 obs=170 hard=168 obsc=181 yr=  0  nz=0.07 flt=0.01 dmap=+0/-0 shz=4.0 plan=29 cmd=(lx=+0.00,ly=+0.40,rx=+0.00)
  t= 12.5 DWA-F pos=(-0.12,-0.05) yaw=-156.4 d=5.55 goal_err=-57 carrot_err= -27 c0=2.20 clear=1.00 prog=0.17 rel=0.91 bal=+0.46 obs=175 hard=172 obsc=184 yr=  0  nz=0.09 flt=0.01 dmap=+0/-0 shz=4.0 plan=28 cmd=(lx=+0.00,ly=+0.40,rx=+0.00)
  t= 13.0 DWA-F pos=(-0.16,-0.07) yaw=-156.4 d=5.52 goal_err=-58 carrot_err= -28 c0=2.16 clear=1.00 prog=0.18 rel=0.92 bal=+0.47 obs=171 hard=169 obsc=181 yr=  0  nz=0.08 flt=0.00 dmap=+0/-0 shz=4.0 plan=28 cmd=(lx=+0.00,ly=+0.40,rx=+0.00)
  t= 13.5 DWA-F pos=(-0.20,-0.08) yaw=-156.4 d=5.50 goal_err=-58 carrot_err= -30 c0=2.12 clear=1.00 prog=0.18 rel=0.91 bal=+0.49 obs=173 hard=170 obsc=181 yr=  0  nz=0.09 flt=0.01 dmap=+0/-0 shz=4.0 plan=28 cmd=(lx=+0.00,ly=+0.40,rx=+0.00)
  t= 13.9 DWA-F pos=(-0.23,-0.10) yaw=-156.4 d=5.48 goal_err=-58 carrot_err= -31 c0=2.08 clear=1.00 prog=0.17 rel=0.92 bal=+0.50 obs=175 hard=171 obsc=183 yr=  0  nz=0.08 flt=0.01 dmap=+1/-0 shz=4.0 plan=28 cmd=(lx=+0.00,ly=+0.40,rx=+0.00)
  t= 14.4 DWA-F pos=(-0.27,-0.11) yaw=-156.4 d=5.46 goal_err=-59 carrot_err= -33 c0=2.04 clear=1.00 prog=0.16 rel=0.92 bal=+0.51 obs=175 hard=173 obsc=183 yr=  0  nz=0.08 flt=0.00 dmap=+0/-0 shz=4.0 plan=28 cmd=(lx=+0.00,ly=+0.40,rx=+0.00)
  t= 14.8 DWA-F pos=(-0.32,-0.13) yaw=-156.4 d=5.44 goal_err=-59 carrot_err= -34 c0=1.99 clear=1.00 prog=0.16 rel=0.92 bal=+0.52 obs=174 hard=173 obsc=183 yr=  0  nz=0.08 flt=0.00 dmap=+0/-0 shz=4.0 plan=28 cmd=(lx=+0.00,ly=+0.40,rx=+0.00)
  t= 15.2 DWA-F pos=(-0.36,-0.15) yaw=-156.4 d=5.41 goal_err=-60 carrot_err= -34 c0=1.95 clear=1.00 prog=0.16 rel=0.92 bal=+0.52 obs=174 hard=172 obsc=182 yr=  0  nz=0.08 flt=0.01 dmap=+0/-0 shz=4.0 plan=28 cmd=(lx=+0.00,ly=+0.40,rx=+0.00)
  t= 15.7 DWA-F pos=(-0.40,-0.17) yaw=-156.4 d=5.39 goal_err=-60 carrot_err= -35 c0=1.91 clear=1.00 prog=0.17 rel=0.91 bal=+0.53 obs=176 hard=174 obsc=184 yr=  0  nz=0.09 flt=0.03 dmap=+0/-0 shz=4.0 plan=27 cmd=(lx=+0.00,ly=+0.40,rx=+0.00)
  t= 16.1 DWA-F pos=(-0.43,-0.18) yaw=-156.4 d=5.37 goal_err=-60 carrot_err= -37 c0=1.87 clear=1.00 prog=0.16 rel=0.92 bal=+0.53 obs=178 hard=174 obsc=186 yr=  0  nz=0.08 flt=0.01 dmap=+3/-0 shz=4.0 plan=27 cmd=(lx=+0.00,ly=+0.40,rx=+0.00)
  t= 16.6 DWA-F pos=(-0.47,-0.20) yaw=-160.4 d=5.35 goal_err=-57 carrot_err= -35 c0=1.83 clear=1.00 prog=0.16 rel=0.91 bal=+0.54 obs=178 hard=174 obsc=186 yr= 19  nz=0.09 flt=0.00 dmap=+0/-0 shz=4.0 plan=27 cmd=(lx=+0.00,ly=+0.40,rx=+0.00)
  t= 17.0 DWA-F pos=(-0.51,-0.21) yaw=-160.4 d=5.33 goal_err=-57 carrot_err= -37 c0=1.79 clear=1.00 prog=0.16 rel=0.93 bal=+0.55 obs=179 hard=175 obsc=187 yr=  0  nz=0.07 flt=0.00 dmap=+0/-0 shz=4.0 plan=27 cmd=(lx=+0.00,ly=+0.40,rx=+0.45)
  t= 17.5 DWA-F pos=(-0.55,-0.23) yaw=-166.4 d=5.30 goal_err=-52 carrot_err= -40 c0=1.74 clear=1.00 prog=0.17 rel=0.92 bal=+0.55 obs=179 hard=175 obsc=187 yr= 17G nz=0.08 flt=0.16 dmap=+0/-0 shz=4.0 plan=26 cmd=(lx=+0.00,ly=+0.40,rx=+0.45)
  t= 17.9 DWA-F pos=(-0.60,-0.24) yaw=-170.5 d=5.27 goal_err=-48 carrot_err= -38 c0=1.70 clear=1.00 prog=0.19 rel=0.91 bal=+0.56 obs=202 hard=192 obsc=212 yr=  0  nz=0.08 flt=0.07 dmap=+1/-0 shz=4.0 plan=26 cmd=(lx=+0.00,ly=+0.40,rx=+0.00)
  t= 18.4 DWA-F pos=(-0.63,-0.24) yaw=-170.5 d=5.25 goal_err=-48 carrot_err= -39 c0=1.84 clear=1.00 prog=0.19 rel=0.91 bal=+0.56 obs=202 hard=192 obsc=212 yr=  0G nz=0.09 flt=0.01 dmap=+0/-0 shz=4.0 plan=26 cmd=(lx=+0.00,ly=+0.40,rx=+0.45)
  t= 18.8 DWA-F pos=(-0.67,-0.25) yaw=-174.5 d=5.22 goal_err=-45 carrot_err= -37 c0=1.89 clear=1.00 prog=0.20 rel=0.88 bal=+0.56 obs=203 hard=197 obsc=214 yr=  0  nz=0.12 flt=0.00 dmap=+0/-0 shz=4.0 plan=26 cmd=(lx=+0.00,ly=+0.40,rx=+0.00)
  t= 19.2 DWA-F pos=(-0.72,-0.25) yaw=-174.5 d=5.19 goal_err=-45 carrot_err= -39 c0=1.84 clear=1.00 prog=0.21 rel=0.88 bal=+0.53 obs=200 hard=199 obsc=215 yr=  0G nz=0.12 flt=0.00 dmap=+0/-0 shz=4.0 plan=26 cmd=(lx=+0.00,ly=+0.40,rx=+0.45)
  t= 19.7 DWA-F pos=(-0.76,-0.25) yaw=-178.5 d=5.16 goal_err=-41 carrot_err= -37 c0=1.80 clear=1.00 prog=0.22 rel=0.95 bal=+0.54 obs=204 hard=200 obsc=216 yr=  0  nz=0.05 flt=0.00 dmap=+0/-2 shz=4.0 plan=26 cmd=(lx=+0.00,ly=+0.40,rx=+0.00)
  t= 20.1 DWA-F pos=(-0.81,-0.25) yaw=+179.5 d=5.12 goal_err=-40 carrot_err= -37 c0=1.94 clear=1.00 prog=0.24 rel=0.93 bal=+0.55 obs=203 hard=199 obsc=214 yr= 18G nz=0.07 flt=0.16 dmap=+0/-0 shz=4.0 plan=26 cmd=(lx=+0.00,ly=+0.40,rx=+0.00)
  t= 20.6 DWA-F pos=(-0.84,-0.25) yaw=+177.5 d=5.10 goal_err=-38 carrot_err= -28 c0=1.96 clear=1.00 prog=0.23 rel=0.88 bal=+0.55 obs=203 hard=198 obsc=214 yr=  0  nz=0.12 flt=0.01 dmap=+0/-0 shz=4.0 plan=25 cmd=(lx=+0.00,ly=+0.40,rx=+0.00)
  t= 21.0 DWA-F pos=(-0.88,-0.25) yaw=+177.5 d=5.06 goal_err=-38 carrot_err= -30 c0=1.92 clear=1.00 prog=0.24 rel=0.87 bal=+0.54 obs=200 hard=198 obsc=213 yr=  0  nz=0.13 flt=0.00 dmap=+0/-0 shz=4.0 plan=25 cmd=(lx=+0.00,ly=+0.40,rx=+0.00)
  t= 21.5 DWA-F pos=(-0.93,-0.25) yaw=+177.5 d=5.03 goal_err=-38 carrot_err= -31 c0=1.87 clear=1.00 prog=0.24 rel=0.88 bal=+0.52 obs=200 hard=193 obsc=210 yr=  0  nz=0.12 flt=0.00 dmap=+0/-0 shz=4.0 plan=25 cmd=(lx=+0.00,ly=+0.40,rx=+0.00)
  t= 21.9 DWA-F pos=(-0.97,-0.25) yaw=+177.5 d=4.99 goal_err=-39 carrot_err= -36 c0=1.83 clear=1.00 prog=0.24 rel=0.92 bal=+0.50 obs=199 hard=193 obsc=210 yr=  0  nz=0.08 flt=0.00 dmap=+0/-1 shz=4.0 plan=24 cmd=(lx=+0.00,ly=+0.40,rx=+0.00)
  t= 22.4 DWA-F pos=(-1.02,-0.25) yaw=+177.5 d=4.96 goal_err=-39 carrot_err= -37 c0=1.78 clear=1.00 prog=0.26 rel=0.92 bal=+0.34 obs=199 hard=194 obsc=209 yr=  0  nz=0.09 flt=0.02 dmap=+0/-0 shz=4.0 plan=24 cmd=(lx=+0.00,ly=+0.40,rx=+0.00)
  t= 22.8 DWA-F pos=(-1.05,-0.24) yaw=+177.5 d=4.93 goal_err=-39 carrot_err= -38 c0=1.75 clear=1.00 prog=0.24 rel=0.94 bal=+0.33 obs=200 hard=195 obsc=210 yr=  0G nz=0.06 flt=0.01 dmap=+0/-0 shz=4.0 plan=24 cmd=(lx=+0.00,ly=+0.40,rx=+0.45)
  t= 23.3 DWA-F pos=(-1.09,-0.24) yaw=+173.5 d=4.90 goal_err=-36 carrot_err= -36 c0=1.71 clear=1.00 prog=0.24 rel=0.93 bal=+0.32 obs=200 hard=196 obsc=210 yr=  0  nz=0.07 flt=0.01 dmap=+0/-0 shz=4.0 plan=24 cmd=(lx=+0.00,ly=+0.40,rx=+0.00)
  t= 23.7 DWA-F pos=(-1.14,-0.23) yaw=+173.5 d=4.86 goal_err=-36 carrot_err= -30 c0=1.66 clear=1.00 prog=0.24 rel=0.94 bal=+0.30 obs=200 hard=197 obsc=211 yr=  0  nz=0.07 flt=0.00 dmap=+0/-1 shz=4.0 plan=23 cmd=(lx=+0.00,ly=+0.40,rx=+0.00)
  t= 24.2 DWA-F pos=(-1.17,-0.23) yaw=+173.5 d=4.83 goal_err=-36 carrot_err= -31 c0=1.63 clear=1.00 prog=0.23 rel=0.92 bal=+0.30 obs=199 hard=195 obsc=209 yr=  0  nz=0.08 flt=0.01 dmap=+0/-0 shz=4.0 plan=23 cmd=(lx=+0.00,ly=+0.40,rx=+0.00)
  t= 24.6 DWA-F pos=(-1.21,-0.23) yaw=+173.5 d=4.80 goal_err=-36 carrot_err= -32 c0=1.59 clear=1.00 prog=0.25 rel=0.93 bal=+0.28 obs=199 hard=193 obsc=209 yr=  0  nz=0.07 flt=0.00 dmap=+0/-0 shz=4.0 plan=23 cmd=(lx=+0.00,ly=+0.40,rx=+0.00)
  t= 25.1 DWA-F pos=(-1.26,-0.22) yaw=+173.5 d=4.76 goal_err=-37 carrot_err= -33 c0=1.54 clear=1.00 prog=0.25 rel=0.92 bal=+0.26 obs=198 hard=193 obsc=209 yr=  0  nz=0.08 flt=0.02 dmap=+0/-0 shz=4.0 plan=23 cmd=(lx=+0.00,ly=+0.40,rx=+0.00)
  t= 25.5 DWA-F pos=(-1.30,-0.22) yaw=+173.5 d=4.73 goal_err=-37 carrot_err= -35 c0=1.50 clear=1.00 prog=0.25 rel=0.92 bal=+0.26 obs=196 hard=193 obsc=209 yr=  0  nz=0.08 flt=0.00 dmap=+0/-3 shz=4.0 plan=23 cmd=(lx=+0.00,ly=+0.40,rx=+0.00)
  t= 26.0 DWA-F pos=(-1.35,-0.21) yaw=+173.5 d=4.69 goal_err=-37 carrot_err= -37 c0=1.45 clear=0.97 prog=0.25 rel=0.93 bal=+0.25 obs=196 hard=191 obsc=206 yr=  0  nz=0.07 flt=0.01 dmap=+0/-0 shz=4.0 plan=23 cmd=(lx=+0.00,ly=+0.40,rx=+0.00)
  t= 26.4 DWA-F pos=(-1.39,-0.21) yaw=+171.5 d=4.66 goal_err=-36 carrot_err= -36 c0=1.41 clear=0.94 prog=0.27 rel=0.92 bal=+0.24 obs=200 hard=197 obsc=210 yr= 19G nz=0.08 flt=0.01 dmap=+0/-0 shz=4.0 plan=23 cmd=(lx=+0.00,ly=+0.40,rx=+0.00)
  t= 26.8 DWA-F pos=(-1.43,-0.20) yaw=+169.5 d=4.62 goal_err=-34 carrot_err= -17 c0=1.37 clear=0.91 prog=0.27 rel=0.92 bal=+0.23 obs=203 hard=199 obsc=212 yr=  0  nz=0.08 flt=0.01 dmap=+0/-0 shz=4.0 plan=22 cmd=(lx=+0.00,ly=+0.40,rx=+0.00)
  t= 27.3 DWA-F pos=(-1.48,-0.19) yaw=+169.5 d=4.58 goal_err=-34 carrot_err= -18 c0=1.32 clear=0.88 prog=0.27 rel=0.91 bal=+0.10 obs=204 hard=198 obsc=213 yr=  0  nz=0.09 flt=0.01 dmap=+0/-0 shz=4.0 plan=22 cmd=(lx=+0.00,ly=+0.40,rx=+0.00)
  t= 27.7 DWA-F pos=(-1.51,-0.18) yaw=+169.5 d=4.56 goal_err=-35 carrot_err= -19 c0=1.29 clear=0.86 prog=0.26 rel=0.92 bal=+0.09 obs=198 hard=198 obsc=211 yr=  0  nz=0.08 flt=0.00 dmap=+0/-4 shz=4.0 plan=22 cmd=(lx=+0.00,ly=+0.40,rx=+0.00)
  t= 28.2 DWA-F pos=(-1.55,-0.18) yaw=+169.5 d=4.52 goal_err=-35 carrot_err= -24 c0=1.25 clear=0.83 prog=0.26 rel=0.92 bal=+0.09 obs=199 hard=197 obsc=209 yr=  0  nz=0.08 flt=0.02 dmap=+1/-1 shz=4.0 plan=21 cmd=(lx=+0.00,ly=+0.40,rx=+0.00)
  t= 28.6 DWA-F pos=(-1.60,-0.17) yaw=+169.5 d=4.48 goal_err=-35 carrot_err= -25 c0=1.20 clear=0.80 prog=0.26 rel=0.93 bal=+0.09 obs=199 hard=195 obsc=209 yr=  0  nz=0.07 flt=0.02 dmap=+0/-0 shz=4.0 plan=21 cmd=(lx=+0.00,ly=+0.40,rx=+0.00)
  t= 29.1 DWA-F pos=(-1.64,-0.16) yaw=+169.5 d=4.45 goal_err=-36 carrot_err= -26 c0=1.16 clear=0.77 prog=0.26 rel=0.91 bal=+0.09 obs=199 hard=196 obsc=209 yr=  0  nz=0.09 flt=0.02 dmap=+0/-0 shz=4.0 plan=21 cmd=(lx=+0.00,ly=+0.40,rx=+0.00)
  t= 29.5 DWA-F pos=(-1.69,-0.15) yaw=+169.5 d=4.41 goal_err=-36 carrot_err= -27 c0=1.12 clear=0.74 prog=0.25 rel=0.91 bal=+0.09 obs=200 hard=196 obsc=209 yr=  0  nz=0.09 flt=0.02 dmap=+0/-0 shz=4.0 plan=21 cmd=(lx=+0.00,ly=+0.40,rx=+0.00)
  t= 30.0 DWA-F pos=(-1.73,-0.14) yaw=+169.5 d=4.37 goal_err=-36 carrot_err= -21 c0=1.07 clear=0.71 prog=0.27 rel=0.92 bal=+0.09 obs=199 hard=197 obsc=209 yr=  0  nz=0.08 flt=0.00 dmap=+0/-1 shz=4.0 plan=20 cmd=(lx=+0.00,ly=+0.40,rx=+0.00)
  t= 30.4 DWA-F pos=(-1.77,-0.14) yaw=+169.5 d=4.34 goal_err=-37 carrot_err= -22 c0=1.03 clear=0.69 prog=0.27 rel=0.91 bal=+0.09 obs=199 hard=196 obsc=208 yr=  0  nz=0.09 flt=0.02 dmap=+0/-0 shz=4.0 plan=20 cmd=(lx=+0.00,ly=+0.40,rx=+0.00)
  t= 30.9 DWA-F pos=(-1.82,-0.13) yaw=+169.5 d=4.30 goal_err=-37 carrot_err= -23 c0=0.99 clear=0.66 prog=0.27 rel=0.92 bal=+0.08 obs=198 hard=195 obsc=207 yr=  0  nz=0.08 flt=0.01 dmap=+0/-0 shz=4.0 plan=20 cmd=(lx=+0.00,ly=+0.40,rx=+0.00)
  t= 31.3 DWA-F pos=(-1.85,-0.12) yaw=+169.5 d=4.28 goal_err=-37 carrot_err= -24 c0=0.95 clear=0.64 prog=0.25 rel=0.92 bal=+0.08 obs=201 hard=195 obsc=210 yr=  0  nz=0.08 flt=0.01 dmap=+1/-0 shz=4.0 plan=20 cmd=(lx=+0.00,ly=+0.40,rx=+0.00)
  t= 31.7 DWA-F pos=(-1.89,-0.11) yaw=+169.5 d=4.24 goal_err=-38 carrot_err= -25 c0=0.91 clear=0.61 prog=0.25 rel=0.93 bal=+0.07 obs=201 hard=194 obsc=210 yr=  0  nz=0.07 flt=0.01 dmap=+1/-0 shz=4.0 plan=20 cmd=(lx=+0.00,ly=+0.40,rx=+0.00)
  t= 32.2 DWA-F pos=(-1.94,-0.11) yaw=+169.5 d=4.21 goal_err=-38 carrot_err= -29 c0=0.87 clear=0.58 prog=0.25 rel=0.92 bal=+0.07 obs=202 hard=197 obsc=211 yr=  0  nz=0.08 flt=0.00 dmap=+1/-0 shz=4.0 plan=20 cmd=(lx=+0.00,ly=+0.40,rx=+0.00)
  t= 32.6 DWA-F pos=(-1.98,-0.10) yaw=+169.5 d=4.17 goal_err=-38 carrot_err= -30 c0=0.83 clear=0.55 prog=0.25 rel=0.93 bal=+0.07 obs=201 hard=196 obsc=211 yr=  0  nz=0.07 flt=0.00 dmap=+0/-0 shz=4.0 plan=20 cmd=(lx=+0.00,ly=+0.40,rx=+0.00)
  t= 33.1 DWA-F pos=(-2.02,-0.09) yaw=+169.5 d=4.14 goal_err=-39 carrot_err= -31 c0=0.78 clear=0.52 prog=0.26 rel=0.92 bal=+0.06 obs=201 hard=200 obsc=212 yr=  0G nz=0.08 flt=0.00 dmap=+0/-0 shz=4.0 plan=19 cmd=(lx=+0.00,ly=+0.40,rx=+0.45)
  t= 33.5 DWA-F pos=(-2.07,-0.08) yaw=+165.5 d=4.10 goal_err=-35 carrot_err= -28 c0=0.74 clear=0.49 prog=0.26 rel=0.92 bal=-0.05 obs=214 hard=209 obsc=223 yr=  0  nz=0.08 flt=0.02 dmap=+1/-0 shz=4.0 plan=19 cmd=(lx=+0.00,ly=+0.40,rx=+0.00)
  t= 34.0 DWA-F pos=(-2.11,-0.07) yaw=+165.5 d=4.06 goal_err=-35 carrot_err= -30 c0=0.90 clear=0.60 prog=0.27 rel=0.93 bal=-0.07 obs=215 hard=209 obsc=224 yr=  0  nz=0.07 flt=0.02 dmap=+2/-0 shz=4.0 plan=19 cmd=(lx=+0.00,ly=+0.40,rx=+0.00)
  t= 34.4 DWA-F pos=(-2.15,-0.06) yaw=+163.5 d=4.03 goal_err=-34 carrot_err= -21 c0=1.05 clear=0.70 prog=0.27 rel=0.89 bal=-0.09 obs=215 hard=212 obsc=226 yr= 18G nz=0.11 flt=0.02 dmap=+0/-0 shz=4.0 plan=18 cmd=(lx=+0.00,ly=+0.40,rx=+0.00)
  t= 34.9 DWA-F pos=(-2.20,-0.04) yaw=+161.5 d=3.99 goal_err=-32 carrot_err= -20 c0=1.01 clear=0.67 prog=0.27 rel=0.81 bal=-0.11 obs=216 hard=210 obsc=225 yr=  0  nz=0.19 flt=0.00 dmap=+0/-0 shz=4.0 plan=18 cmd=(lx=+0.00,ly=+0.40,rx=+0.00)
  t= 35.3 DWA-F pos=(-2.24,-0.03) yaw=+161.5 d=3.95 goal_err=-32 carrot_err= -21 c0=0.96 clear=0.64 prog=0.27 rel=0.83 bal=-0.31 obs=217 hard=210 obsc=226 yr=  0  nz=0.17 flt=0.03 dmap=+0/-0 shz=4.0 plan=18 cmd=(lx=+0.00,ly=+0.40,rx=+0.00)
  t= 35.8 DWA-F pos=(-2.28,-0.01) yaw=+161.5 d=3.92 goal_err=-33 carrot_err= -22 c0=0.92 clear=0.61 prog=0.27 rel=0.91 bal=-0.46 obs=218 hard=211 obsc=227 yr=  0  nz=0.09 flt=0.00 dmap=+2/-0 shz=4.0 plan=18 cmd=(lx=+0.00,ly=+0.40,rx=+0.00)
  t= 36.2 DWA-F pos=(-2.32,-0.00) yaw=+161.5 d=3.88 goal_err=-33 carrot_err= -23 c0=0.88 clear=0.58 prog=0.28 rel=0.91 bal=-0.50 obs=214 hard=212 obsc=228 yr=  0  nz=0.09 flt=0.02 dmap=+0/-5 shz=4.0 plan=17 cmd=(lx=+0.00,ly=+0.40,rx=+0.00)
  t= 36.7 DWA-F pos=(-2.36,+0.01) yaw=+161.5 d=3.84 goal_err=-33 carrot_err= -24 c0=0.84 clear=0.56 prog=0.28 rel=0.92 bal=-0.50 obs=215 hard=211 obsc=225 yr=  0  nz=0.08 flt=0.02 dmap=+0/-0 shz=4.0 plan=17 cmd=(lx=+0.00,ly=+0.40,rx=+0.00)
  t= 37.1 DWA-F pos=(-2.41,+0.03) yaw=+161.5 d=3.80 goal_err=-34 carrot_err= -25 c0=0.79 clear=0.53 prog=0.28 rel=0.92 bal=-0.49 obs=217 hard=212 obsc=226 yr=  0  nz=0.08 flt=0.00 dmap=+0/-0 shz=4.0 plan=17 cmd=(lx=+0.00,ly=+0.40,rx=+0.00)
  t= 37.6 DWA-F pos=(-2.45,+0.04) yaw=+161.5 d=3.77 goal_err=-34 carrot_err= -27 c0=0.75 clear=0.50 prog=0.27 rel=0.92 bal=-0.48 obs=218 hard=213 obsc=227 yr=  0  nz=0.08 flt=0.01 dmap=+0/-0 shz=4.0 plan=17 cmd=(lx=+0.00,ly=+0.40,rx=+0.00)
  t= 38.0 DWA-F pos=(-2.49,+0.06) yaw=+161.5 d=3.73 goal_err=-35 carrot_err= -28 c0=0.71 clear=0.47 prog=0.27 rel=0.92 bal=-0.45 obs=217 hard=212 obsc=228 yr=  0G nz=0.08 flt=0.03 dmap=+0/-0 shz=4.0 plan=17 cmd=(lx=+0.00,ly=+0.40,rx=+0.45)
  t= 38.5 ENG-F pos=(-2.54,+0.08) yaw=+155.5 d=3.68 goal_err=-29 carrot_err= -23 c0=1.07 clear=0.71 prog=0.29 rel=0.90 bal=-0.45 obs=219 hard=214 obsc=230 yr=  0  nz=0.10 flt=0.02 dmap=+3/-1 shz=4.0 plan=17 cmd=(lx=+0.00,ly=+0.28,rx=+0.00)
  t= 39.0 ENG-F pos=(-2.58,+0.09) yaw=+155.5 d=3.65 goal_err=-29 carrot_err= -24 c0=1.03 clear=0.69 prog=0.28 rel=0.78 bal=-0.45 obs=220 hard=214 obsc=230 yr=  0  nz=0.22 flt=0.00 dmap=+0/-0 shz=4.0 plan=17 cmd=(lx=+0.00,ly=+0.28,rx=+0.00)
  t= 39.4 ENG-F pos=(-2.61,+0.11) yaw=+155.5 d=3.62 goal_err=-30 carrot_err= -25 c0=0.99 clear=0.66 prog=0.28 rel=0.78 bal=-0.33 obs=221 hard=215 obsc=231 yr=  0  nz=0.22 flt=0.01 dmap=+0/-0 shz=4.0 plan=17 cmd=(lx=+0.00,ly=+0.28,rx=+0.00)
  t= 39.8 ENG-F pos=(-2.63,+0.12) yaw=+155.5 d=3.60 goal_err=-30 carrot_err= -26 c0=0.97 clear=0.65 prog=0.25 rel=0.82 bal=-0.38 obs=220 hard=211 obsc=229 yr=  0  nz=0.18 flt=0.00 dmap=+1/-0 shz=4.0 plan=17 cmd=(lx=+0.00,ly=+0.28,rx=+0.00)
  t= 40.3 ENG-F pos=(-2.67,+0.13) yaw=+155.5 d=3.57 goal_err=-30 carrot_err= -27 c0=0.94 clear=0.62 prog=0.25 rel=0.94 bal=-0.38 obs=221 hard=215 obsc=231 yr=  0  nz=0.06 flt=0.01 dmap=+1/-0 shz=4.0 plan=17 cmd=(lx=+0.00,ly=+0.28,rx=+0.00)
  t= 40.7 ENG-F pos=(-2.70,+0.15) yaw=+155.5 d=3.53 goal_err=-30 carrot_err= -28 c0=0.90 clear=0.60 prog=0.22 rel=0.94 bal=-0.32 obs=222 hard=217 obsc=232 yr=  0  nz=0.07 flt=0.00 dmap=+0/-0 shz=4.0 plan=16 cmd=(lx=+0.00,ly=+0.28,rx=+0.00)
  t= 41.1 ENG-F pos=(-2.73,+0.16) yaw=+155.5 d=3.50 goal_err=-31 carrot_err= -29 c0=0.87 clear=0.58 prog=0.22 rel=0.94 bal=-0.32 obs=223 hard=217 obsc=232 yr=  0  nz=0.06 flt=0.01 dmap=+0/-0 shz=4.0 plan=16 cmd=(lx=+0.00,ly=+0.28,rx=+0.00)
  t= 41.6 ENG-F pos=(-2.77,+0.18) yaw=+155.5 d=3.47 goal_err=-31 carrot_err= -31 c0=0.84 clear=0.56 prog=0.24 rel=0.93 bal=-0.32 obs=223 hard=217 obsc=232 yr=  0  nz=0.07 flt=0.03 dmap=+0/-0 shz=4.0 plan=16 cmd=(lx=+0.00,ly=+0.28,rx=+0.00)
  t= 42.0 ENG-F pos=(-2.80,+0.19) yaw=+155.5 d=3.44 goal_err=-31 carrot_err= -32 c0=0.80 clear=0.54 prog=0.22 rel=0.93 bal=-0.26 obs=222 hard=217 obsc=233 yr=  0  nz=0.07 flt=0.00 dmap=+1/-1 shz=4.0 plan=16 cmd=(lx=+0.00,ly=+0.28,rx=+0.00)
  t= 42.5 ENG-F pos=(-2.83,+0.21) yaw=+155.5 d=3.41 goal_err=-32 carrot_err= -22 c0=0.79 clear=0.53 prog=0.23 rel=0.93 bal=-0.27 obs=224 hard=218 obsc=233 yr=  0  nz=0.07 flt=0.01 dmap=+0/-0 shz=4.0 plan=16 cmd=(lx=+0.00,ly=+0.28,rx=+0.00)
  t= 42.9 ENG-F pos=(-2.86,+0.22) yaw=+155.5 d=3.38 goal_err=-32 carrot_err= -23 c0=0.76 clear=0.51 prog=0.23 rel=0.94 bal=-0.27 obs=225 hard=219 obsc=235 yr=  0  nz=0.06 flt=0.00 dmap=+0/-0 shz=4.0 plan=16 cmd=(lx=+0.00,ly=+0.28,rx=+0.00)
  t= 43.3 ENG-F pos=(-2.90,+0.24) yaw=+155.5 d=3.35 goal_err=-32 carrot_err= -24 c0=0.72 clear=0.48 prog=0.23 rel=0.94 bal=-0.27 obs=225 hard=219 obsc=234 yr=  0  nz=0.06 flt=0.01 dmap=+1/-0 shz=4.0 plan=16 cmd=(lx=+0.00,ly=+0.28,rx=+0.00)
  t= 43.8 ENG-F pos=(-2.93,+0.25) yaw=+155.5 d=3.32 goal_err=-33 carrot_err= -25 c0=0.69 clear=0.46 prog=0.23 rel=0.94 bal=-0.16 obs=225 hard=220 obsc=234 yr=  0  nz=0.06 flt=0.02 dmap=+0/-0 shz=4.0 plan=16 cmd=(lx=+0.00,ly=+0.28,rx=+0.00)
  t= 44.2 ENG-F pos=(-2.96,+0.27) yaw=+155.5 d=3.29 goal_err=-33 carrot_err= -26 c0=0.65 clear=0.43 prog=0.23 rel=0.93 bal=-0.16 obs=226 hard=222 obsc=235 yr=  0  nz=0.07 flt=0.01 dmap=+0/-0 shz=4.0 plan=16 cmd=(lx=+0.00,ly=+0.28,rx=+0.00)
  t= 44.7 ENG-T pos=(-2.99,+0.28) yaw=+155.5 d=3.26 goal_err=-33 carrot_err= -27 c0=0.62 clear=0.41 prog=0.23 rel=0.94 bal=-0.17 obs=226 hard=222 obsc=235 yr=  0G nz=0.06 flt=0.00 dmap=+0/-0 shz=4.0 plan=16 cmd=(lx=+0.00,ly=+0.00,rx=+0.45)
  t= 45.1 ENG-F pos=(-3.01,+0.29) yaw=+151.4 d=3.24 goal_err=-29 carrot_err= -24 c0=0.60 clear=0.40 prog=0.20 rel=0.93 bal=-0.21 obs=230 hard=224 obsc=240 yr=  0  nz=0.07 flt=0.16 dmap=+4/-0 shz=4.0 plan=16 cmd=(lx=+0.00,ly=+0.28,rx=+0.00)
  t= 45.6 ENG-F pos=(-3.04,+0.31) yaw=+151.4 d=3.21 goal_err=-30 carrot_err= -25 c0=0.57 clear=0.38 prog=0.21 rel=0.94 bal=-0.22 obs=230 hard=225 obsc=239 yr=  0  nz=0.06 flt=0.01 dmap=+1/-0 shz=4.0 plan=16 cmd=(lx=+0.00,ly=+0.28,rx=+0.00)
  t= 46.0 ENG-F pos=(-3.07,+0.32) yaw=+149.4 d=3.19 goal_err=-28 carrot_err= -25 c0=0.54 clear=0.36 prog=0.19 rel=0.95 bal=-0.22 obs=230 hard=225 obsc=239 yr= 18G nz=0.05 flt=0.02 dmap=+0/-0 shz=4.0 plan=16 cmd=(lx=+0.00,ly=+0.28,rx=+0.00)
  t= 46.4 ENG-F pos=(-3.09,+0.33) yaw=+147.4 d=3.16 goal_err=-26 carrot_err= -20 c0=0.58 clear=0.38 prog=0.18 rel=0.96 bal=-0.17 obs=229 hard=226 obsc=241 yr=  0  nz=0.04 flt=0.01 dmap=+1/-0 shz=4.0 plan=16 cmd=(lx=+0.00,ly=+0.28,rx=+0.00)
  t= 46.9 ENG-T pos=(-3.12,+0.35) yaw=+147.4 d=3.13 goal_err=-26 carrot_err= -21 c0=0.54 clear=0.36 prog=0.20 rel=0.96 bal=-0.17 obs=227 hard=224 obsc=238 yr=  0G nz=0.04 flt=0.00 dmap=+0/-0 shz=4.0 plan=15 cmd=(lx=+0.00,ly=+0.00,rx=+0.45)
  t= 47.3 ENG-F pos=(-3.13,+0.36) yaw=+143.4 d=3.12 goal_err=-23 carrot_err= -17 c0=0.52 clear=0.35 prog=0.18 rel=0.94 bal=-0.16 obs=229 hard=226 obsc=240 yr=  0  nz=0.04 flt=0.01 dmap=+0/-2 shz=4.0 plan=15 cmd=(lx=+0.00,ly=+0.28,rx=+0.00)
  t= 47.8 ENG-T pos=(-3.16,+0.38) yaw=+143.4 d=3.09 goal_err=-23 carrot_err= -18 c0=0.68 clear=0.45 prog=0.18 rel=0.91 bal=-0.16 obs=231 hard=226 obsc=242 yr=  0  nz=0.09 flt=0.01 dmap=+1/-0 shz=4.0 plan=15 cmd=(lx=+0.00,ly=+0.00,rx=+0.45)
  t= 48.2 ENG-F pos=(-3.16,+0.39) yaw=+139.4 d=3.08 goal_err=-19 carrot_err= -14 c0=0.67 clear=0.45 prog=0.17 rel=0.89 bal=-0.15 obs=234 hard=227 obsc=243 yr= 19  nz=0.11 flt=0.00 dmap=+0/-0 shz=4.0 plan=15 cmd=(lx=+0.00,ly=+0.28,rx=+0.00)
  t= 48.6 ENG-F pos=(-3.19,+0.41) yaw=+139.4 d=3.05 goal_err=-19 carrot_err= -15 c0=0.64 clear=0.43 prog=0.16 rel=0.89 bal=+0.47 obs=230 hard=228 obsc=244 yr=  0  nz=0.11 flt=0.00 dmap=+0/-5 shz=4.0 plan=15 cmd=(lx=+0.00,ly=+0.28,rx=+0.00)
  t= 49.1 ENG-F pos=(-3.20,+0.42) yaw=+135.4 d=3.04 goal_err=-15 carrot_err= -11 c0=0.89 clear=0.59 prog=0.16 rel=0.96 bal=+0.48 obs=234 hard=226 obsc=244 yr= 18  nz=0.04 flt=0.15 dmap=+5/-1 shz=4.0 plan=15 cmd=(lx=+0.00,ly=+0.28,rx=+0.00)
  t= 49.5 ENG-F pos=(-3.22,+0.44) yaw=+135.4 d=3.01 goal_err=-15 carrot_err= -11 c0=0.86 clear=0.57 prog=0.16 rel=0.83 bal=+0.49 obs=233 hard=229 obsc=243 yr=  0  nz=0.17 flt=0.00 dmap=+0/-0 shz=4.0 plan=15 cmd=(lx=+0.00,ly=+0.28,rx=+0.00)
  t= 50.0 ENG-GO pos=(-3.24,+0.45) yaw=+135.4 d=2.99 goal_err=-15 carrot_err= -12 c0=0.84 clear=0.56 prog=0.15 rel=0.82 bal=+0.50 obs=231 hard=228 obsc=241 yr=  0  nz=0.18 flt=0.01 dmap=+0/-0 shz=4.0 plan=15 cmd=(lx=+0.00,ly=+0.28,rx=+0.00)
  t= 50.4 ENG-GO pos=(-3.26,+0.47) yaw=+135.4 d=2.96 goal_err=-16 carrot_err= -12 c0=0.81 clear=0.54 prog=0.17 rel=0.83 bal=+0.51 obs=229 hard=228 obsc=240 yr=  0  nz=0.17 flt=0.00 dmap=+0/-2 shz=4.0 plan=15 cmd=(lx=+0.00,ly=+0.28,rx=+0.00)
  t= 50.9 ENG-GO pos=(-3.28,+0.49) yaw=+135.4 d=2.93 goal_err=-16 carrot_err= -13 c0=0.79 clear=0.52 prog=0.18 rel=0.96 bal=+0.53 obs=229 hard=226 obsc=240 yr=  0  nz=0.04 flt=0.00 dmap=+1/-0 shz=4.0 plan=15 cmd=(lx=+0.00,ly=+0.28,rx=+0.00)
  t= 51.3 ENG-GO pos=(-3.30,+0.52) yaw=+135.4 d=2.90 goal_err=-16 carrot_err=  -9 c0=0.76 clear=0.51 prog=0.20 rel=0.95 bal=+0.54 obs=230 hard=225 obsc=240 yr=  0  nz=0.05 flt=0.00 dmap=+0/-0 shz=4.0 plan=15 cmd=(lx=+0.00,ly=+0.28,rx=+0.00)
  t= 51.8 ENG-GO pos=(-3.31,+0.53) yaw=+135.4 d=2.88 goal_err=-16 carrot_err=  -7 c0=0.74 clear=0.49 prog=0.20 rel=0.94 bal=+0.55 obs=231 hard=226 obsc=241 yr=  0  nz=0.06 flt=0.00 dmap=+0/-0 shz=4.0 plan=13 cmd=(lx=+0.00,ly=+0.28,rx=+0.00)
  t= 52.2 ENG-GO pos=(-3.34,+0.55) yaw=+135.4 d=2.85 goal_err=-16 carrot_err=  -7 c0=0.71 clear=0.47 prog=0.20 rel=0.94 bal=+0.57 obs=228 hard=225 obsc=239 yr=  0  nz=0.06 flt=0.00 dmap=+0/-0 shz=4.0 plan=13 cmd=(lx=+0.00,ly=+0.28,rx=+0.00)
  t= 52.6 ENG-GO pos=(-3.36,+0.57) yaw=+135.4 d=2.82 goal_err=-16 carrot_err=  -8 c0=1.13 clear=0.75 prog=0.21 rel=0.95 bal=+0.58 obs=229 hard=225 obsc=238 yr=  0  nz=0.05 flt=0.01 dmap=+1/-0 shz=4.0 plan=13 cmd=(lx=+0.00,ly=+0.28,rx=+0.00)
  t= 53.1 ENG-GO pos=(-3.38,+0.60) yaw=+135.4 d=2.79 goal_err=-16 carrot_err=  -8 c0=1.10 clear=0.73 prog=0.21 rel=0.73 bal=+0.01 obs=231 hard=226 obsc=240 yr=  0  nz=0.27 flt=0.01 dmap=+0/-0 shz=4.0 plan=13 cmd=(lx=+0.00,ly=+0.28,rx=+0.00)
  t= 53.5 ENG-GO pos=(-3.40,+0.62) yaw=+135.4 d=2.76 goal_err=-17 carrot_err=  -8 c0=1.07 clear=0.71 prog=0.21 rel=0.71 bal=+0.01 obs=233 hard=226 obsc=242 yr=  0  nz=0.29 flt=0.01 dmap=+0/-0 shz=4.0 plan=13 cmd=(lx=+0.00,ly=+0.28,rx=+0.00)
  t= 54.0 ENG-GO pos=(-3.42,+0.64) yaw=+135.4 d=2.74 goal_err=-17 carrot_err=  -8 c0=1.05 clear=0.70 prog=0.21 rel=0.77 bal=+0.01 obs=231 hard=225 obsc=241 yr=  0  nz=0.23 flt=0.00 dmap=+1/-1 shz=4.0 plan=13 cmd=(lx=+0.00,ly=+0.28,rx=+0.00)
  t= 54.4 ENG-GO pos=(-3.44,+0.66) yaw=+135.4 d=2.71 goal_err=-17 carrot_err=  -8 c0=1.02 clear=0.68 prog=0.21 rel=0.95 bal=-0.02 obs=229 hard=227 obsc=239 yr=  0  nz=0.05 flt=0.01 dmap=+0/-1 shz=4.0 plan=13 cmd=(lx=+0.00,ly=+0.28,rx=+0.00)
  t= 54.9 ENG-GO pos=(-3.47,+0.68) yaw=+135.4 d=2.68 goal_err=-17 carrot_err=  -9 c0=1.07 clear=0.71 prog=0.22 rel=0.94 bal=+0.11 obs=227 hard=226 obsc=239 yr=  0  nz=0.06 flt=0.00 dmap=+0/-0 shz=4.0 plan=13 cmd=(lx=+0.00,ly=+0.28,rx=+0.00)
  t= 55.3 ENG-GO pos=(-3.49,+0.71) yaw=+135.4 d=2.64 goal_err=-17 carrot_err=  -9 c0=1.04 clear=0.69 prog=0.22 rel=0.95 bal=+0.09 obs=229 hard=226 obsc=239 yr=  0  nz=0.05 flt=0.02 dmap=+0/-0 shz=4.0 plan=13 cmd=(lx=+0.00,ly=+0.28,rx=+0.00)
  t= 55.7 ENG-GO pos=(-3.52,+0.73) yaw=+135.4 d=2.61 goal_err=-18 carrot_err= -10 c0=1.00 clear=0.67 prog=0.24 rel=0.95 bal=+0.01 obs=229 hard=225 obsc=238 yr=  0  nz=0.05 flt=0.00 dmap=+0/-0 shz=4.0 plan=13 cmd=(lx=+0.00,ly=+0.28,rx=+0.00)
  t= 56.2 ENG-GO pos=(-3.54,+0.76) yaw=+135.4 d=2.57 goal_err=-18 carrot_err=  -7 c0=0.97 clear=0.64 prog=0.25 rel=0.94 bal=-0.00 obs=228 hard=224 obsc=237 yr=  0  nz=0.06 flt=0.00 dmap=+0/-0 shz=4.0 plan=12 cmd=(lx=+0.00,ly=+0.28,rx=+0.00)
  t= 56.6 ENG-GO pos=(-3.56,+0.77) yaw=+135.4 d=2.55 goal_err=-18 carrot_err=  -8 c0=0.94 clear=0.63 prog=0.24 rel=0.92 bal=-0.00 obs=228 hard=224 obsc=237 yr=  0  nz=0.08 flt=0.01 dmap=+0/-0 shz=4.0 plan=12 cmd=(lx=+0.00,ly=+0.28,rx=+0.00)
  t= 57.1 ENG-GO pos=(-3.59,+0.80) yaw=+135.4 d=2.51 goal_err=-18 carrot_err=  -8 c0=0.91 clear=0.60 prog=0.24 rel=0.94 bal=-0.01 obs=227 hard=222 obsc=236 yr=  0  nz=0.07 flt=0.00 dmap=+0/-0 shz=4.0 plan=12 cmd=(lx=+0.00,ly=+0.28,rx=+0.00)
  t= 57.5 ENG-GO pos=(-3.61,+0.83) yaw=+135.4 d=2.48 goal_err=-19 carrot_err=  -8 c0=0.87 clear=0.58 prog=0.25 rel=0.93 bal=-0.02 obs=227 hard=223 obsc=236 yr=  0  nz=0.07 flt=0.01 dmap=+0/-0 shz=4.0 plan=12 cmd=(lx=+0.00,ly=+0.28,rx=+0.00)
  t= 57.9 ENG-GO pos=(-3.63,+0.84) yaw=+135.4 d=2.46 goal_err=-19 carrot_err=  -8 c0=0.85 clear=0.56 prog=0.23 rel=0.94 bal=-0.02 obs=228 hard=225 obsc=238 yr=  0  nz=0.06 flt=0.01 dmap=+0/-1 shz=4.0 plan=12 cmd=(lx=+0.00,ly=+0.28,rx=+0.00)
  t= 58.4 ENG-GO pos=(-3.66,+0.87) yaw=+135.4 d=2.42 goal_err=-19 carrot_err=  -9 c0=0.81 clear=0.54 prog=0.24 rel=0.94 bal=-0.03 obs=227 hard=223 obsc=237 yr=  0  nz=0.06 flt=0.00 dmap=+0/-0 shz=4.0 plan=12 cmd=(lx=+0.00,ly=+0.28,rx=+0.00)
  t= 58.8 ENG-GO pos=(-3.68,+0.89) yaw=+135.4 d=2.39 goal_err=-19 carrot_err=  -9 c0=0.78 clear=0.52 prog=0.24 rel=0.94 bal=+0.10 obs=225 hard=222 obsc=235 yr=  0  nz=0.06 flt=0.01 dmap=+0/-0 shz=4.0 plan=12 cmd=(lx=+0.00,ly=+0.28,rx=+0.00)
  t= 59.3 ENG-GO pos=(-3.71,+0.92) yaw=+135.4 d=2.35 goal_err=-20 carrot_err=  -7 c0=0.75 clear=0.50 prog=0.24 rel=0.93 bal=-0.03 obs=225 hard=222 obsc=236 yr=  0  nz=0.07 flt=0.02 dmap=+0/-0 shz=4.0 plan=11 cmd=(lx=+0.00,ly=+0.28,rx=+0.00)
  t= 59.7 ENG-GO pos=(-3.73,+0.95) yaw=+135.4 d=2.32 goal_err=-20 carrot_err=  -7 c0=0.71 clear=0.47 prog=0.24 rel=0.93 bal=-0.04 obs=224 hard=220 obsc=234 yr=  0  nz=0.07 flt=0.00 dmap=+1/-1 shz=4.0 plan=11 cmd=(lx=+0.00,ly=+0.28,rx=+0.00)
  t= 60.1 ENG-GO pos=(-3.75,+0.96) yaw=+135.4 d=2.29 goal_err=-20 carrot_err=  -8 c0=0.69 clear=0.46 prog=0.24 rel=0.93 bal=-0.05 obs=224 hard=220 obsc=234 yr=  0  nz=0.07 flt=0.00 dmap=+0/-0 shz=4.0 plan=11 cmd=(lx=+0.00,ly=+0.28,rx=+0.00)
  t= 60.6 ENG-GO pos=(-3.78,+0.99) yaw=+135.4 d=2.26 goal_err=-21 carrot_err=  -8 c0=0.74 clear=0.50 prog=0.24 rel=0.95 bal=-0.06 obs=224 hard=220 obsc=233 yr=  0  nz=0.05 flt=0.01 dmap=+0/-0 shz=4.0 plan=11 cmd=(lx=+0.00,ly=+0.28,rx=+0.00)
  t= 61.0 ENG-GO pos=(-3.80,+1.01) yaw=+135.4 d=2.23 goal_err=-21 carrot_err=  -8 c0=0.71 clear=0.47 prog=0.24 rel=0.95 bal=-0.08 obs=227 hard=221 obsc=236 yr=  0  nz=0.05 flt=0.00 dmap=+3/-0 shz=4.0 plan=11 cmd=(lx=+0.00,ly=+0.28,rx=+0.00)
  t= 61.5 ENG-GO pos=(-3.83,+1.04) yaw=+135.4 d=2.19 goal_err=-21 carrot_err=  -9 c0=0.67 clear=0.45 prog=0.24 rel=0.94 bal=-0.09 obs=226 hard=222 obsc=236 yr=  0  nz=0.06 flt=0.03 dmap=+0/-1 shz=4.0 plan=11 cmd=(lx=+0.00,ly=+0.28,rx=+0.00)
  t= 61.9 ENG-GO pos=(-3.86,+1.07) yaw=+135.4 d=2.16 goal_err=-22 carrot_err=  -9 c0=0.64 clear=0.43 prog=0.24 rel=0.92 bal=-0.13 obs=227 hard=221 obsc=236 yr=  0  nz=0.08 flt=0.03 dmap=+0/-0 shz=4.0 plan=11 cmd=(lx=+0.00,ly=+0.28,rx=+0.00)
  t= 62.3 ENG-GO pos=(-3.88,+1.09) yaw=+135.4 d=2.13 goal_err=-22 carrot_err=  -9 c0=0.60 clear=0.40 prog=0.25 rel=0.92 bal=-0.08 obs=224 hard=221 obsc=234 yr=  0  nz=0.08 flt=0.01 dmap=+0/-0 shz=4.0 plan=11 cmd=(lx=+0.00,ly=+0.28,rx=+0.00)
  t= 62.8 ENG-GO pos=(-3.91,+1.12) yaw=+135.4 d=2.09 goal_err=-22 carrot_err= -16 c0=0.57 clear=0.38 prog=0.25 rel=0.91 bal=-0.07 obs=222 hard=219 obsc=229 yr=  0  nz=0.09 flt=0.00 dmap=+1/-2 shz=4.0 plan=11 cmd=(lx=+0.00,ly=+0.28,rx=+0.00)
  t= 63.2 ENG-GO pos=(-3.93,+1.14) yaw=+135.4 d=2.06 goal_err=-23 carrot_err= -17 c0=0.54 clear=0.36 prog=0.25 rel=0.94 bal=+0.01 obs=221 hard=218 obsc=228 yr=  0  nz=0.06 flt=0.01 dmap=+2/-1 shz=4.0 plan=11 cmd=(lx=+0.00,ly=+0.28,rx=+0.00)
  t= 63.7 ENG-GO pos=(-3.96,+1.16) yaw=+135.4 d=2.03 goal_err=-23 carrot_err= -17 c0=0.69 clear=0.46 prog=0.25 rel=0.92 bal=+0.01 obs=221 hard=218 obsc=228 yr=  0  nz=0.09 flt=0.00 dmap=+0/-0 shz=4.0 plan=11 cmd=(lx=+0.00,ly=+0.28,rx=+0.00)
  t= 64.1 ENG-GO pos=(-3.98,+1.19) yaw=+135.4 d=2.00 goal_err=-23 carrot_err= -18 c0=0.74 clear=0.50 prog=0.24 rel=0.87 bal=+0.01 obs=220 hard=217 obsc=227 yr=  0  nz=0.13 flt=0.00 dmap=+0/-0 shz=4.0 plan=10 cmd=(lx=+0.00,ly=+0.28,rx=+0.00)
  t= 64.5 ENG-GO pos=(-4.00,+1.21) yaw=+135.4 d=1.97 goal_err=-24 carrot_err= -19 c0=0.71 clear=0.47 prog=0.23 rel=0.86 bal=+0.01 obs=219 hard=216 obsc=225 yr=  0  nz=0.14 flt=0.01 dmap=+1/-2 shz=4.0 plan=10 cmd=(lx=+0.00,ly=+0.28,rx=+0.00)
  t= 65.0 ENG-GO pos=(-4.03,+1.23) yaw=+135.4 d=1.94 goal_err=-24 carrot_err= -19 c0=0.68 clear=0.46 prog=0.23 rel=0.95 bal=+0.01 obs=219 hard=218 obsc=227 yr=  0  nz=0.05 flt=0.01 dmap=+1/-2 shz=4.0 plan=10 cmd=(lx=+0.00,ly=+0.28,rx=+0.00)
  t= 65.4 ENG-GO pos=(-4.05,+1.25) yaw=+135.4 d=1.91 goal_err=-24 carrot_err= -20 c0=0.65 clear=0.43 prog=0.22 rel=0.94 bal=+0.01 obs=219 hard=216 obsc=225 yr=  0  nz=0.06 flt=0.00 dmap=+0/-0 shz=4.0 plan=10 cmd=(lx=+0.00,ly=+0.28,rx=+0.00)
  t= 65.9 ENG-GO pos=(-4.07,+1.28) yaw=+135.4 d=1.88 goal_err=-25 carrot_err= -21 c0=0.62 clear=0.41 prog=0.22 rel=0.94 bal=+0.01 obs=219 hard=216 obsc=225 yr=  0  nz=0.06 flt=0.01 dmap=+0/-0 shz=4.0 plan=10 cmd=(lx=+0.00,ly=+0.28,rx=+0.00)
  t= 66.3 ENG-GO pos=(-4.09,+1.30) yaw=+135.4 d=1.85 goal_err=-25 carrot_err= -22 c0=0.59 clear=0.39 prog=0.21 rel=0.93 bal=+0.61 obs=217 hard=213 obsc=223 yr=  0  nz=0.07 flt=0.00 dmap=+1/-0 shz=4.0 plan=10 cmd=(lx=+0.00,ly=+0.28,rx=+0.00)
  t= 66.8 ENG-GO pos=(-4.11,+1.32) yaw=+135.4 d=1.83 goal_err=-26 carrot_err= -27 c0=0.56 clear=0.37 prog=0.21 rel=0.95 bal=+0.54 obs=218 hard=213 obsc=224 yr=  0  nz=0.05 flt=0.01 dmap=+1/-0 shz=4.0 plan=10 cmd=(lx=+0.00,ly=+0.28,rx=+0.00)
  t= 67.2 ENG-GO pos=(-4.13,+1.34) yaw=+135.4 d=1.81 goal_err=-26 carrot_err= -28 c0=0.54 clear=0.36 prog=0.20 rel=0.94 bal=+0.55 obs=218 hard=214 obsc=225 yr=  0  nz=0.06 flt=0.01 dmap=+0/-0 shz=4.0 plan=9 cmd=(lx=+0.00,ly=+0.28,rx=+0.00)
  t= 67.7 ENG-GO pos=(-4.15,+1.36) yaw=+135.4 d=1.78 goal_err=-26 carrot_err= -29 c0=0.69 clear=0.46 prog=0.19 rel=0.89 bal=+0.56 obs=217 hard=215 obsc=225 yr=  0  nz=0.11 flt=0.03 dmap=+0/-0 shz=4.0 plan=9 cmd=(lx=+0.00,ly=+0.28,rx=+0.00)
  t= 68.1 ENG-GO pos=(-4.17,+1.38) yaw=+135.4 d=1.75 goal_err=-27 carrot_err= -30 c0=1.32 clear=0.88 prog=0.19 rel=0.89 bal=+0.57 obs=220 hard=216 obsc=226 yr=  0  nz=0.11 flt=0.01 dmap=+2/-1 shz=3.9 plan=9 cmd=(lx=+0.00,ly=+0.28,rx=+0.00)
  t= 68.5 ENG-GO pos=(-4.19,+1.40) yaw=+135.4 d=1.73 goal_err=-27 carrot_err= -31 c0=1.29 clear=0.86 prog=0.19 rel=0.52 bal=+0.58 obs=221 hard=217 obsc=228 yr=  0  nz=0.48 flt=0.00 dmap=+1/-1 shz=4.0 plan=9 cmd=(lx=+0.00,ly=+0.28,rx=+0.00)
  t= 69.0 ENG-GO pos=(-4.21,+1.42) yaw=+135.4 d=1.71 goal_err=-28 carrot_err= -32 c0=1.27 clear=0.84 prog=0.18 rel=0.56 bal=+0.59 obs=223 hard=218 obsc=229 yr=  0  nz=0.44 flt=0.01 dmap=+0/-0 shz=3.9 plan=9 cmd=(lx=+0.00,ly=+0.28,rx=+0.00)
  t= 69.4 ENG-GO pos=(-4.22,+1.43) yaw=+135.4 d=1.69 goal_err=-28 carrot_err= -32 c0=1.24 clear=0.83 prog=0.18 rel=0.95 bal=+0.59 obs=223 hard=218 obsc=229 yr=  0  nz=0.05 flt=0.04 dmap=+0/-0 shz=4.0 plan=9 cmd=(lx=+0.00,ly=+0.28,rx=+0.00)
  t= 69.8 ENG-GO pos=(-4.24,+1.45) yaw=+135.4 d=1.66 goal_err=-28 carrot_err= -33 c0=1.22 clear=0.81 prog=0.18 rel=0.95 bal=+0.60 obs=222 hard=219 obsc=228 yr=  0  nz=0.05 flt=0.01 dmap=+0/-1 shz=4.0 plan=9 cmd=(lx=+0.00,ly=+0.28,rx=+0.00)
  t= 70.3 ENG-GO pos=(-4.26,+1.47) yaw=+135.4 d=1.63 goal_err=-29 carrot_err= -35 c0=1.18 clear=0.79 prog=0.18 rel=0.85 bal=+0.61 obs=225 hard=221 obsc=232 yr=  0  nz=0.15 flt=0.00 dmap=+2/-1 shz=4.0 plan=9 cmd=(lx=+0.00,ly=+0.28,rx=+0.00)
  t= 70.7 ENG-GO pos=(-4.29,+1.50) yaw=+135.4 d=1.60 goal_err=-29 carrot_err= -36 c0=1.15 clear=0.77 prog=0.19 rel=0.86 bal=+0.61 obs=223 hard=218 obsc=231 yr=  0  nz=0.14 flt=0.01 dmap=+0/-0 shz=3.9 plan=9 cmd=(lx=+0.00,ly=+0.28,rx=+0.00)
  t= 71.2 ENG-GO pos=(-4.31,+1.52) yaw=+135.4 d=1.57 goal_err=-30 carrot_err= -27 c0=1.12 clear=0.74 prog=0.21 rel=0.87 bal=+0.14 obs=224 hard=218 obsc=230 yr=  0  nz=0.13 flt=0.00 dmap=+0/-0 shz=4.0 plan=9 cmd=(lx=+0.00,ly=+0.28,rx=+0.00)
  t= 71.6 ENG-GO pos=(-4.34,+1.55) yaw=+135.4 d=1.54 goal_err=-31 carrot_err= -28 c0=0.71 clear=0.47 prog=0.22 rel=0.89 bal=+0.14 obs=224 hard=221 obsc=230 yr=  0  nz=0.11 flt=0.00 dmap=+1/-0 shz=3.9 plan=8 cmd=(lx=+0.00,ly=+0.28,rx=+0.00)
  t= 72.0 ENG-GO pos=(-4.36,+1.57) yaw=+135.4 d=1.51 goal_err=-31 carrot_err= -29 c0=1.05 clear=0.70 prog=0.23 rel=0.67 bal=+0.15 obs=228 hard=224 obsc=234 yr=  0  nz=0.33 flt=0.00 dmap=+1/-0 shz=4.0 plan=8 cmd=(lx=+0.00,ly=+0.28,rx=+0.00)
  t= 72.5 ENG-GO pos=(-4.39,+1.60) yaw=+135.4 d=1.48 goal_err=-32 carrot_err= -31 c0=1.01 clear=0.67 prog=0.23 rel=0.72 bal=+0.15 obs=227 hard=224 obsc=234 yr=  0  nz=0.28 flt=0.00 dmap=+0/-0 shz=4.0 plan=8 cmd=(lx=+0.00,ly=+0.28,rx=+0.00)
  t= 72.9 ENG-GO pos=(-4.41,+1.62) yaw=+135.4 d=1.46 goal_err=-33 carrot_err= -32 c0=0.98 clear=0.66 prog=0.22 rel=0.76 bal=-0.45 obs=228 hard=224 obsc=234 yr=  0  nz=0.24 flt=0.00 dmap=+0/-0 shz=4.0 plan=8 cmd=(lx=+0.00,ly=+0.28,rx=+0.00)
  t= 73.4 ENG-GO pos=(-4.43,+1.64) yaw=+135.4 d=1.43 goal_err=-33 carrot_err= -33 c0=0.95 clear=0.63 prog=0.22 rel=0.81 bal=-0.57 obs=229 hard=224 obsc=235 yr=  0  nz=0.19 flt=0.01 dmap=+1/-0 shz=3.9 plan=8 cmd=(lx=+0.00,ly=+0.28,rx=+0.00)
  t= 73.8 ENG-GO pos=(-4.46,+1.67) yaw=+135.4 d=1.40 goal_err=-34 carrot_err= -34 c0=0.91 clear=0.61 prog=0.22 rel=0.94 bal=-0.58 obs=229 hard=225 obsc=235 yr=  0  nz=0.06 flt=0.00 dmap=+0/-0 shz=4.0 plan=8 cmd=(lx=+0.00,ly=+0.28,rx=+0.00)
  t= 74.2 ENG-GO pos=(-4.48,+1.69) yaw=+135.4 d=1.37 goal_err=-35 carrot_err= -36 c0=0.88 clear=0.58 prog=0.22 rel=0.93 bal=-0.46 obs=228 hard=225 obsc=235 yr=  0  nz=0.07 flt=0.00 dmap=+0/-0 shz=3.9 plan=8 cmd=(lx=+0.00,ly=+0.28,rx=+0.00)
  t= 74.7 DWA-F pos=(-4.51,+1.72) yaw=+135.4 d=1.34 goal_err=-36 carrot_err= -40 c0=0.84 clear=0.56 prog=0.23 rel=0.93 bal=-0.54 obs=227 hard=223 obsc=233 yr=  0G nz=0.07 flt=0.00 dmap=+0/-0 shz=4.0 plan=7 cmd=(lx=+0.00,ly=+0.40,rx=+0.45)
  t= 75.1 DWA-F pos=(-4.53,+1.75) yaw=+129.4 d=1.31 goal_err=-31 carrot_err= -35 c0=0.81 clear=0.54 prog=0.22 rel=0.93 bal=-0.49 obs=228 hard=224 obsc=234 yr=  0G nz=0.07 flt=0.01 dmap=+1/-0 shz=3.9 plan=7 cmd=(lx=+0.00,ly=+0.40,rx=+0.45)
  t= 75.6 DWA-F pos=(-4.54,+1.79) yaw=+121.5 d=1.26 goal_err=-23 carrot_err= -27 c0=0.90 clear=0.60 prog=0.25 rel=0.94 bal=-0.39 obs=230 hard=226 obsc=236 yr= 18G nz=0.06 flt=0.00 dmap=+2/-0 shz=4.0 plan=7 cmd=(lx=+0.00,ly=+0.40,rx=+0.00)
  t= 76.0 DWA-F pos=(-4.56,+1.83) yaw=+117.6 d=1.22 goal_err=-19 carrot_err= -24 c0=0.86 clear=0.57 prog=0.27 rel=0.94 bal=-0.39 obs=231 hard=227 obsc=237 yr=  0  nz=0.07 flt=0.00 dmap=+0/-0 shz=3.9 plan=7 cmd=(lx=+0.00,ly=+0.40,rx=+0.00)
  t= 76.4 DWA-F pos=(-4.58,+1.87) yaw=+117.6 d=1.18 goal_err=-20 carrot_err= -26 c0=0.82 clear=0.55 prog=0.29 rel=0.94 bal=-0.40 obs=232 hard=227 obsc=238 yr=  0  nz=0.06 flt=0.04 dmap=+0/-0 shz=4.0 plan=7 cmd=(lx=+0.00,ly=+0.40,rx=+0.00)
  t= 76.9 DWA-F pos=(-4.60,+1.91) yaw=+117.6 d=1.14 goal_err=-21 carrot_err= -15 c0=0.78 clear=0.52 prog=0.30 rel=0.93 bal=-0.40 obs=231 hard=230 obsc=240 yr=  0  nz=0.07 flt=0.00 dmap=+1/-3 shz=4.0 plan=7 cmd=(lx=+0.00,ly=+0.40,rx=+0.00)
  t= 77.3 DWA-F pos=(-4.62,+1.94) yaw=+117.6 d=1.10 goal_err=-22 carrot_err= -16 c0=0.74 clear=0.49 prog=0.31 rel=0.93 bal=-0.41 obs=232 hard=227 obsc=238 yr=  0  nz=0.07 flt=0.01 dmap=+2/-0 shz=4.0 plan=7 cmd=(lx=+0.00,ly=+0.40,rx=+0.00)
  t= 77.8 DWA-F pos=(-4.64,+1.98) yaw=+117.6 d=1.06 goal_err=-23 carrot_err= -16 c0=0.98 clear=0.66 prog=0.29 rel=0.86 bal=-0.49 obs=233 hard=229 obsc=240 yr=  0  nz=0.14 flt=0.01 dmap=+0/-0 shz=3.9 plan=6 cmd=(lx=+0.00,ly=+0.40,rx=+0.00)
  t= 78.2 DWA-F pos=(-4.66,+2.02) yaw=+117.6 d=1.03 goal_err=-23 carrot_err= -17 c0=0.95 clear=0.63 prog=0.29 rel=0.82 bal=-0.49 obs=228 hard=228 obsc=229 yr=  0  nz=0.17 flt=0.01 dmap=+0/-0 shz=4.0 plan=6 cmd=(lx=+0.00,ly=+0.40,rx=+0.00)
  t= 78.7 DWA-F pos=(-4.67,+2.05) yaw=+117.6 d=0.99 goal_err=-24 carrot_err= -18 c0=1.32 clear=0.88 prog=0.28 rel=0.71 bal=-0.51 obs=226 hard=226 obsc=228 yr=  0  nz=0.29 flt=0.01 dmap=+0/-0 shz=4.0 plan=6 cmd=(lx=+0.00,ly=+0.40,rx=+0.00)
  t= 79.1 DWA-F pos=(-4.69,+2.09) yaw=+117.6 d=0.95 goal_err=-25 carrot_err= -19 c0=1.28 clear=0.86 prog=0.28 rel=0.74 bal=-0.39 obs=225 hard=225 obsc=228 yr=  0  nz=0.26 flt=0.01 dmap=+0/-1 shz=4.0 plan=6 cmd=(lx=+0.00,ly=+0.40,rx=+0.00)
  t= 79.6 DWA-F pos=(-4.71,+2.13) yaw=+117.6 d=0.91 goal_err=-26 carrot_err= -22 c0=1.25 clear=0.83 prog=0.28 rel=0.73 bal=-0.45 obs=228 hard=226 obsc=229 yr=  0  nz=0.27 flt=0.05 dmap=+4/-1 shz=4.0 plan=5 cmd=(lx=+0.00,ly=+0.40,rx=+0.00)
  t= 80.0 DWA-F pos=(-4.73,+2.16) yaw=+117.6 d=0.88 goal_err=-28 carrot_err= -23 c0=1.21 clear=0.80 prog=0.28 rel=0.93 bal=-0.55 obs=228 hard=226 obsc=229 yr=  0  nz=0.07 flt=0.00 dmap=+0/-0 shz=4.0 plan=5 cmd=(lx=+0.00,ly=+0.40,rx=+0.00)
  t= 80.5 DWA-F pos=(-4.75,+2.20) yaw=+117.6 d=0.84 goal_err=-29 carrot_err= -24 c0=1.17 clear=0.78 prog=0.28 rel=0.92 bal=-0.45 obs=230 hard=228 obsc=231 yr=  0  nz=0.08 flt=0.00 dmap=+2/-0 shz=4.0 plan=5 cmd=(lx=+0.00,ly=+0.40,rx=+0.00)
  t= 80.9 DWA-F pos=(-4.77,+2.24) yaw=+117.6 d=0.80 goal_err=-31 carrot_err= -25 c0=1.12 clear=0.75 prog=0.28 rel=0.92 bal=-0.44 obs=230 hard=230 obsc=231 yr=  0  nz=0.08 flt=0.01 dmap=+0/-0 shz=4.0 plan=5 cmd=(lx=+0.00,ly=+0.40,rx=+0.00)
  t= 81.4 DWA-F pos=(-4.79,+2.28) yaw=+117.6 d=0.76 goal_err=-32 carrot_err= -27 c0=1.08 clear=0.72 prog=0.28 rel=0.92 bal=-0.44 obs=230 hard=230 obsc=232 yr=  0  nz=0.08 flt=0.00 dmap=+1/-0 shz=4.0 plan=5 cmd=(lx=+0.00,ly=+0.40,rx=+0.00)
  t= 81.8 DWA-F pos=(-4.81,+2.31) yaw=+117.6 d=0.74 goal_err=-34 carrot_err= -28 c0=1.05 clear=0.70 prog=0.27 rel=0.91 bal=-0.43 obs=230 hard=230 obsc=231 yr=  0G nz=0.09 flt=0.00 dmap=+0/-0 shz=4.0 plan=5 cmd=(lx=+0.00,ly=+0.40,rx=+0.45)
  t= 82.3 DWA-F pos=(-4.83,+2.35) yaw=+111.6 d=0.70 goal_err=-30 carrot_err= -24 c0=1.03 clear=0.68 prog=0.26 rel=0.94 bal=-0.42 obs=228 hard=228 obsc=230 yr= 18  nz=0.07 flt=0.00 dmap=+0/-0 shz=4.0 plan=5 cmd=(lx=+0.00,ly=+0.40,rx=+0.00)
  t= 82.7 DWA-F pos=(-4.84,+2.39) yaw=+111.6 d=0.66 goal_err=-31 carrot_err= -26 c0=0.98 clear=0.66 prog=0.27 rel=0.92 bal=-0.40 obs=230 hard=228 obsc=231 yr=  0  nz=0.08 flt=0.00 dmap=+0/-0 shz=4.0 plan=4 cmd=(lx=+0.00,ly=+0.40,rx=+0.00)
  t= 83.2 DWA-F pos=(-4.86,+2.43) yaw=+111.6 d=0.62 goal_err=-34 carrot_err= -28 c0=0.94 clear=0.63 prog=0.26 rel=0.92 bal=-0.40 obs=227 hard=228 obsc=231 yr=  0  nz=0.08 flt=0.04 dmap=+1/-3 shz=4.0 plan=4 cmd=(lx=+0.00,ly=+0.40,rx=+0.45)
  t= 83.6 DWA-F pos=(-4.88,+2.48) yaw=+105.5 d=0.58 goal_err=-31 carrot_err= -24 c0=0.89 clear=0.59 prog=0.28 rel=0.90 bal=-0.41 obs=240 hard=235 obsc=245 yr= 18  nz=0.10 flt=0.17 dmap=+13/-0 shz=4.0 plan=4 cmd=(lx=+0.00,ly=+0.40,rx=+0.00)
  t= 84.1 DWA-F pos=(-4.89,+2.53) yaw=+105.5 d=0.54 goal_err=-33 carrot_err= -26 c0=0.84 clear=0.56 prog=0.30 rel=0.92 bal=-0.40 obs=239 hard=237 obsc=244 yr=  0  nz=0.08 flt=0.07 dmap=+0/-0 shz=4.0 plan=3 cmd=(lx=+0.00,ly=+0.40,rx=+0.45)
  t= 84.5 DWA-F pos=(-4.90,+2.57) yaw=+101.5 d=0.50 goal_err=-32 carrot_err= -25 c0=0.97 clear=0.65 prog=0.29 rel=0.92 bal=-0.18 obs=241 hard=239 obsc=245 yr=  0G nz=0.08 flt=0.09 dmap=+0/-0 shz=4.0 plan=3 cmd=(lx=+0.00,ly=+0.28,rx=+0.45)
  t= 85.0 DWA-T pos=(-4.91,+2.59) yaw= +97.5 d=0.49 goal_err=-29 carrot_err= -22 c0=0.95 clear=0.63 prog=0.26 rel=0.92 bal=-0.18 obs=238 hard=235 obsc=242 yr=  0  nz=0.09 flt=0.03 dmap=+0/-3 shz=4.0 plan=3 cmd=(lx=+0.00,ly=+0.00,rx=+0.00)
  t= 85.4 DWA-T pos=(-4.91,+2.59) yaw= +97.5 d=0.49 goal_err=-29 carrot_err= -22 c0=0.95 clear=0.63 prog=0.18 rel=0.90 bal=-0.18 obs=238 hard=235 obsc=242 yr=  0  nz=0.10 flt=0.03 dmap=+0/-0 shz=4.0 plan=3 cmd=(lx=+0.00,ly=+0.00,rx=+0.00)
  t= 85.9 DWA-T pos=(-4.91,+2.59) yaw= +97.5 d=0.49 goal_err=-29 carrot_err= -22 c0=0.95 clear=0.63 prog=0.11 rel=0.90 bal=-0.18 obs=238 hard=235 obsc=242 yr=  0  nz=0.10 flt=0.03 dmap=+0/-0 shz=4.0 plan=3 cmd=(lx=+0.00,ly=+0.00,rx=+0.00)
  t= 86.3 BRK-BK pos=(-4.90,+2.57) yaw= +97.5 d=0.50 goal_err=-28 carrot_err= -21 c0=0.96 clear=0.64 prog=0.04 rel=1.00 bal=-0.18 obs=235 hard=233 obsc=239 yr=  0  nz=0.00 flt=0.00 dmap=+0/-0 shz=3.7 plan=0 cmd=(lx=+0.00,ly=-0.35,rx=+0.00)
  t= 86.7 BRK-TR pos=(-4.90,+2.54) yaw= +95.5 d=0.53 goal_err=-24 carrot_err= -18 c0=1.00 clear=0.67 prog=0.00 rel=0.97 bal=-0.18 obs=232 hard=234 obsc=239 yr= 18G nz=0.03 flt=0.09 dmap=+0/-0 shz=3.7 plan=0 cmd=(lx=+0.00,ly=+0.00,rx=+0.45)
  t= 87.2 BRK-TR pos=(-4.90,+2.54) yaw= +87.5 d=0.53 goal_err=-16 carrot_err= -10 c0=1.17 clear=0.78 prog=0.00 rel=0.84 bal=-0.19 obs=232 hard=235 obsc=239 yr= 18G nz=0.16 flt=0.00 dmap=+0/-0 shz=3.7 plan=0 cmd=(lx=+0.00,ly=+0.00,rx=+0.45)
  t= 87.6 BRK-TR pos=(-4.90,+2.54) yaw= +79.5 d=0.53 goal_err=-8 carrot_err=  -2 c0=1.17 clear=0.78 prog=0.00 rel=0.82 bal=-0.28 obs=232 hard=235 obsc=239 yr= 19G nz=0.18 flt=0.01 dmap=+0/-0 shz=3.8 plan=0 cmd=(lx=+0.00,ly=+0.00,rx=+0.45)
  t= 88.1 BRK-TR pos=(-4.90,+2.54) yaw= +71.4 d=0.53 goal_err=-0 carrot_err=  +6 c0=1.11 clear=0.74 prog=0.00 rel=0.90 bal=-0.31 obs=236 hard=238 obsc=242 yr= 18G nz=0.10 flt=0.00 dmap=+0/-0 shz=3.7 plan=0 cmd=(lx=+0.00,ly=+0.00,rx=+0.45)
  t= 88.5 BRK-TR pos=(-4.90,+2.54) yaw= +65.4 d=0.53 goal_err=+6 carrot_err= +12 c0=1.11 clear=0.74 prog=0.00 rel=0.90 bal=-0.21 obs=236 hard=238 obsc=242 yr= 18G nz=0.10 flt=0.01 dmap=+0/-0 shz=3.7 plan=0 cmd=(lx=+0.00,ly=+0.00,rx=+0.45)
  t= 88.9 DWA-F pos=(-4.90,+2.54) yaw= +57.4 d=0.53 goal_err=+14 carrot_err= +21 c0=1.11 clear=0.74 prog=0.00 rel=0.94 bal=-0.21 obs=236 hard=238 obsc=242 yr= 19G nz=0.06 flt=0.00 dmap=+0/-0 shz=3.7 plan=3 cmd=(lx=+0.00,ly=+0.40,rx=+0.00)
  t= 89.4 DWA-F pos=(-4.89,+2.55) yaw= +53.4 d=0.52 goal_err=+18 carrot_err= +25 c0=1.10 clear=0.73 prog=0.02 rel=0.94 bal=-0.21 obs=228 hard=224 obsc=231 yr=  0  nz=0.06 flt=0.00 dmap=+0/-0 shz=3.7 plan=3 cmd=(lx=+0.00,ly=+0.40,rx=+0.00)
  t= 89.8 DWA-T pos=(-4.88,+2.57) yaw= +53.4 d=0.50 goal_err=+19 carrot_err= +26 c0=1.08 clear=0.72 prog=0.06 rel=0.96 bal=-0.21 obs=227 hard=224 obsc=230 yr=  0  nz=0.04 flt=0.00 dmap=+0/-0 shz=3.7 plan=3 cmd=(lx=+0.00,ly=+0.00,rx=+0.00)
  t= 90.3 DWA-T pos=(-4.88,+2.57) yaw= +53.4 d=0.50 goal_err=+19 carrot_err= +26 c0=1.08 clear=0.72 prog=0.06 rel=0.96 bal=-0.21 obs=227 hard=223 obsc=230 yr=  0  nz=0.04 flt=0.00 dmap=+0/-0 shz=3.7 plan=3 cmd=(lx=+0.00,ly=+0.00,rx=+0.00)
  t= 90.8 DWA-T pos=(-4.88,+2.57) yaw= +53.4 d=0.50 goal_err=+19 carrot_err= +26 c0=1.08 clear=0.72 prog=0.06 rel=0.96 bal=-0.21 obs=227 hard=223 obsc=230 yr=  0  nz=0.04 flt=0.00 dmap=+0/-0 shz=3.7 plan=3 cmd=(lx=+0.00,ly=+0.00,rx=+0.00)
  t= 91.2 BRK-BK pos=(-4.88,+2.57) yaw= +53.4 d=0.50 goal_err=+19 carrot_err= +26 c0=1.08 clear=0.72 prog=0.05 rel=0.96 bal=-0.21 obs=217 hard=218 obsc=225 yr=  0  nz=0.04 flt=0.00 dmap=+0/-10 shz=3.5 plan=0 cmd=(lx=+0.00,ly=-0.35,rx=+0.00)
  t= 91.6 BRK-TR pos=(-4.91,+2.53) yaw= +53.4 d=0.54 goal_err=+18 carrot_err= +24 c0=1.13 clear=0.75 prog=0.00 rel=0.98 bal=-0.14 obs=218 hard=217 obsc=221 yr=  0G nz=0.02 flt=0.05 dmap=+0/-0 shz=3.5 plan=0 cmd=(lx=+0.00,ly=+0.00,rx=+0.45)
  t= 92.1 BRK-TR pos=(-4.91,+2.53) yaw= +45.4 d=0.54 goal_err=+26 carrot_err= +32 c0=1.13 clear=0.75 prog=0.00 rel=0.96 bal=-0.14 obs=218 hard=217 obsc=221 yr= 19G nz=0.04 flt=0.00 dmap=+0/-0 shz=3.5 plan=0 cmd=(lx=+0.00,ly=+0.00,rx=+0.45)
  t= 92.5 BRK-TR pos=(-4.91,+2.53) yaw= +39.4 d=0.54 goal_err=+32 carrot_err= +38 c0=1.13 clear=0.75 prog=0.00 rel=0.96 bal=-0.03 obs=218 hard=217 obsc=221 yr=  0G nz=0.04 flt=0.00 dmap=+0/-0 shz=3.5 plan=0 cmd=(lx=+0.00,ly=+0.00,rx=+0.45)
  t= 92.9 BRK-TR pos=(-4.91,+2.53) yaw= +31.3 d=0.54 goal_err=+40 carrot_err= +46 c0=1.13 clear=0.75 prog=0.00 rel=0.97 bal=+0.09 obs=218 hard=217 obsc=221 yr= 19G nz=0.03 flt=0.00 dmap=+0/-0 shz=3.5 plan=0 cmd=(lx=+0.00,ly=+0.00,rx=+0.45)
  t= 93.4 BRK-TR pos=(-4.91,+2.53) yaw= +23.3 d=0.54 goal_err=+48 carrot_err= +54 c0=1.26 clear=0.84 prog=0.00 rel=0.91 bal=+0.09 obs=218 hard=217 obsc=221 yr= 18G nz=0.09 flt=0.20 dmap=+0/-0 shz=3.5 plan=0 cmd=(lx=+0.00,ly=+0.00,rx=+0.45)
  t= 93.8 BRK-TR pos=(-4.91,+2.53) yaw= +15.3 d=0.54 goal_err=+56 carrot_err= +62 c0=1.31 clear=0.87 prog=0.00 rel=0.86 bal=+0.05 obs=221 hard=220 obsc=224 yr= 18G nz=0.14 flt=0.16 dmap=+0/-0 shz=3.5 plan=0 cmd=(lx=+0.00,ly=+0.00,rx=+0.45)
  t= 94.3 DWA-F pos=(-4.89,+2.53) yaw= +15.3 d=0.54 goal_err=+57 carrot_err= +63 c0=1.30 clear=0.86 prog=0.01 rel=0.86 bal=+0.05 obs=221 hard=220 obsc=224 yr= 17G nz=0.14 flt=0.14 dmap=+0/-0 shz=3.5 plan=3 cmd=(lx=+0.00,ly=+0.40,rx=-0.45)
  t= 94.7 DWA-F pos=(-4.87,+2.54) yaw= +23.3 d=0.52 goal_err=+51 carrot_err= +58 c0=1.22 clear=0.82 prog=0.04 rel=0.95 bal=+0.06 obs=221 hard=220 obsc=224 yr= 18G nz=0.05 flt=0.01 dmap=+0/-0 shz=3.5 plan=3 cmd=(lx=+0.00,ly=+0.28,rx=-0.45)

  COLISION #1 [odom] en (-4.86,+2.54) -> marco y recupero.
  t= 95.2 R-BACK pos=(-4.85,+2.55) yaw= +29.3 d=0.51 goal_err=+47 carrot_err= +55 c0=0.25 clear=0.17 prog=0.06 rel=0.93 bal=-0.06 obs=225 hard=224 obsc=224 yr= 18  nz=0.07 flt=0.04 dmap=+0/-0 shz=3.5 plan=0 cmd=(lx=+0.00,ly=-0.35,rx=+0.00)
  t= 95.6 R-TURN pos=(-4.89,+2.52) yaw= +29.3 d=0.54 goal_err=+43 carrot_err= +50 c0=0.30 clear=0.20 prog=0.00 rel=0.30 bal=-0.07 obs=217 hard=213 obsc=216 yr=  0G nz=0.70 flt=0.01 dmap=+0/-0 shz=3.5 plan=0 cmd=(lx=+0.00,ly=+0.00,rx=-0.45)
  t= 96.0 R-TURN pos=(-4.89,+2.52) yaw= +37.4 d=0.54 goal_err=+35 carrot_err= +42 c0=0.30 clear=0.20 prog=0.00 rel=0.27 bal=-0.07 obs=219 hard=215 obsc=218 yr= 19G nz=0.73 flt=0.28 dmap=+2/-0 shz=3.5 plan=0 cmd=(lx=+0.00,ly=+0.00,rx=-0.45)

  >>> MODO AGRESIVO ON (12s sin acercarse a B): reduzco inflado y holgura (min seguridad 0.24m) para cruzar la puerta.
  t= 96.5 AGR-R-TURN pos=(-4.89,+2.52) yaw= +45.4 d=0.54 goal_err=+27 carrot_err= +34 c0=0.40 clear=0.27 prog=0.00 rel=0.43 bal=+0.23 obs=224 hard=220 obsc=223 yr= 18G nz=0.53 flt=0.14 dmap=+0/-0 shz=3.5 plan=0 cmd=(lx=+0.00,ly=+0.00,rx=-0.45)
  t= 96.9 AGR-DWA-F pos=(-4.89,+2.52) yaw= +53.4 d=0.54 goal_err=+19 carrot_err= +26 c0=0.40 clear=0.27 prog=0.00 rel=0.89 bal=+0.36 obs=224 hard=220 obsc=223 yr= 18G nz=0.11 flt=0.00 dmap=+0/-0 shz=3.5 plan=3 cmd=(lx=+0.00,ly=+0.40,rx=-0.45)
  t= 97.4 AGR-DWA-T pos=(-4.88,+2.54) yaw= +61.4 d=0.52 goal_err=+12 carrot_err= +19 c0=0.38 clear=0.25 prog=0.01 rel=0.92 bal=+0.37 obs=224 hard=220 obsc=223 yr= 18G nz=0.08 flt=0.06 dmap=+0/-0 shz=3.5 plan=3 cmd=(lx=+0.00,ly=+0.00,rx=+0.00)
  t= 97.8 AGR-DWA-T pos=(-4.88,+2.55) yaw= +63.4 d=0.51 goal_err=+10 carrot_err= +17 c0=0.37 clear=0.25 prog=0.05 rel=0.96 bal=+0.37 obs=222 hard=212 obsc=231 yr=  0  nz=0.04 flt=0.04 dmap=+0/-0 shz=3.5 plan=3 cmd=(lx=+0.00,ly=+0.00,rx=+0.00)
  t= 98.2 AGR-DWA-T pos=(-4.88,+2.55) yaw= +63.4 d=0.51 goal_err=+10 carrot_err= +17 c0=0.37 clear=0.25 prog=0.05 rel=0.96 bal=+0.37 obs=222 hard=212 obsc=231 yr=  0  nz=0.04 flt=0.04 dmap=+0/-0 shz=3.5 plan=3 cmd=(lx=+0.00,ly=+0.00,rx=+0.00)
  t= 98.7 AGR-DWA-T pos=(-4.88,+2.55) yaw= +63.4 d=0.51 goal_err=+10 carrot_err= +17 c0=0.37 clear=0.25 prog=0.05 rel=0.96 bal=+0.37 obs=222 hard=212 obsc=231 yr=  0  nz=0.04 flt=0.04 dmap=+0/-0 shz=3.5 plan=0 cmd=(lx=+0.00,ly=+0.00,rx=+0.00)
  t= 99.1 AGR-BRK-BK pos=(-4.88,+2.54) yaw= +63.4 d=0.53 goal_err=+10 carrot_err= +17 c0=0.39 clear=0.26 prog=0.01 rel=0.99 bal=+0.37 obs=217 hard=210 obsc=228 yr=  0  nz=0.01 flt=0.00 dmap=+0/-0 shz=3.3 plan=0 cmd=(lx=+0.00,ly=-0.35,rx=+0.00)
  t= 99.6 AGR-BRK-TR pos=(-4.90,+2.50) yaw= +65.4 d=0.56 goal_err=+7 carrot_err= +13 c0=0.42 clear=0.28 prog=0.00 rel=0.97 bal=+0.36 obs=217 hard=212 obsc=225 yr= 19G nz=0.03 flt=0.14 dmap=+0/-0 shz=3.3 plan=0 cmd=(lx=+0.00,ly=+0.00,rx=-0.45)
  t=100.0 AGR-BRK-TR pos=(-4.90,+2.50) yaw= +73.5 d=0.56 goal_err=-1 carrot_err=  +5 c0=1.03 clear=0.69 prog=0.00 rel=0.95 bal=+0.30 obs=217 hard=212 obsc=225 yr= 19G nz=0.05 flt=0.00 dmap=+0/-0 shz=3.3 plan=0 cmd=(lx=+0.00,ly=+0.00,rx=-0.45)
  t=100.4 AGR-BRK-TR pos=(-4.90,+2.50) yaw= +81.5 d=0.56 goal_err=-9 carrot_err=  -3 c0=1.03 clear=0.69 prog=0.00 rel=0.49 bal=+0.30 obs=217 hard=212 obsc=225 yr= 19G nz=0.47 flt=0.28 dmap=+0/-0 shz=3.3 plan=0 cmd=(lx=+0.00,ly=+0.00,rx=-0.45)
  t=100.9 AGR-BRK-TR pos=(-4.90,+2.50) yaw= +89.5 d=0.56 goal_err=-17 carrot_err= -11 c0=1.14 clear=0.76 prog=0.00 rel=0.50 bal=+0.30 obs=217 hard=215 obsc=225 yr= 18G nz=0.47 flt=0.00 dmap=+0/-0 shz=3.3 plan=0 cmd=(lx=+0.00,ly=+0.00,rx=-0.45)
  t=101.3 AGR-BRK-TR pos=(-4.90,+2.50) yaw= +97.5 d=0.56 goal_err=-25 carrot_err= -19 c0=1.03 clear=0.69 prog=0.00 rel=0.50 bal=+0.30 obs=217 hard=215 obsc=225 yr= 18G nz=0.46 flt=0.12 dmap=+0/-0 shz=3.3 plan=0 cmd=(lx=+0.00,ly=+0.00,rx=-0.45)
  t=101.8 AGR-DWA-F pos=(-4.90,+2.50) yaw=+103.5 d=0.56 goal_err=-31 carrot_err= -25 c0=0.86 clear=0.57 prog=0.00 rel=0.89 bal=+0.29 obs=209 hard=206 obsc=219 yr= 18  nz=0.11 flt=0.00 dmap=+0/-8 shz=3.3 plan=3 cmd=(lx=+0.00,ly=+0.40,rx=+0.00)
  t=102.2 AGR-DWA-F pos=(-4.91,+2.53) yaw=+103.5 d=0.54 goal_err=-32 carrot_err= -26 c0=0.83 clear=0.56 prog=0.04 rel=0.79 bal=+0.29 obs=206 hard=206 obsc=218 yr=  0  nz=0.21 flt=0.00 dmap=+0/-0 shz=3.4 plan=3 cmd=(lx=+0.00,ly=+0.40,rx=+0.00)
  t=102.6 AGR-DWA-F pos=(-4.91,+2.56) yaw=+103.5 d=0.52 goal_err=-34 carrot_err= -28 c0=0.81 clear=0.54 prog=0.08 rel=0.84 bal=+0.28 obs=205 hard=202 obsc=214 yr=  0  nz=0.16 flt=0.00 dmap=+0/-0 shz=3.3 plan=3 cmd=(lx=+0.00,ly=+0.40,rx=+0.00)
  t=103.1 AGR-DWA-F pos=(-4.92,+2.58) yaw=+103.5 d=0.49 goal_err=-36 carrot_err= -29 c0=0.78 clear=0.52 prog=0.12 rel=0.84 bal=+0.28 obs=198 hard=197 obsc=206 yr=  0  nz=0.16 flt=0.00 dmap=+1/-2 shz=3.3 plan=3 cmd=(lx=+0.00,ly=+0.40,rx=+0.00)
  t=103.5 AGR-DWA-T pos=(-4.92,+2.61) yaw=+103.5 d=0.47 goal_err=-38 carrot_err= -31 c0=0.92 clear=0.61 prog=0.16 rel=0.94 bal=+0.27 obs=198 hard=196 obsc=206 yr=  0  nz=0.06 flt=0.00 dmap=+1/-1 shz=3.3 plan=3 cmd=(lx=+0.00,ly=+0.00,rx=+0.00)
  t=103.9 AGR-DWA-T pos=(-4.93,+2.62) yaw=+103.5 d=0.47 goal_err=-38 carrot_err= -32 c0=0.91 clear=0.61 prog=0.15 rel=0.90 bal=+0.27 obs=197 hard=196 obsc=205 yr=  0  nz=0.10 flt=0.00 dmap=+0/-0 shz=3.4 plan=3 cmd=(lx=+0.00,ly=+0.00,rx=+0.00)
  t=104.4 AGR-DWA-T pos=(-4.93,+2.62) yaw=+103.5 d=0.47 goal_err=-38 carrot_err= -32 c0=0.91 clear=0.61 prog=0.10 rel=0.89 bal=+0.27 obs=197 hard=196 obsc=205 yr=  0  nz=0.11 flt=0.00 dmap=+0/-0 shz=3.5 plan=3 cmd=(lx=+0.00,ly=+0.00,rx=+0.00)
  t=104.8 AGR-DWA-T pos=(-4.93,+2.62) yaw=+103.5 d=0.47 goal_err=-38 carrot_err= -32 c0=0.91 clear=0.61 prog=0.07 rel=0.89 bal=+0.27 obs=197 hard=196 obsc=205 yr=  0  nz=0.11 flt=0.00 dmap=+0/-0 shz=3.5 plan=0 cmd=(lx=+0.00,ly=+0.00,rx=+0.00)
  t=105.3 AGR-BRK-BK pos=(-4.92,+2.59) yaw=+103.5 d=0.49 goal_err=-37 carrot_err= -30 c0=0.77 clear=0.52 prog=0.00 rel=0.89 bal=+0.27 obs=195 hard=193 obsc=203 yr=  0  nz=0.11 flt=0.00 dmap=+0/-2 shz=3.3 plan=0 cmd=(lx=+0.00,ly=-0.35,rx=+0.00)
  t=105.7 AGR-BRK-TR pos=(-4.91,+2.57) yaw=+105.5 d=0.51 goal_err=-37 carrot_err= -30 c0=0.80 clear=0.53 prog=0.00 rel=0.90 bal=+0.28 obs=195 hard=193 obsc=203 yr= 20G nz=0.10 flt=0.01 dmap=+0/-0 shz=3.4 plan=0 cmd=(lx=+0.00,ly=+0.00,rx=-0.45)
  t=106.1 AGR-BRK-TR pos=(-4.91,+2.57) yaw=+113.6 d=0.51 goal_err=-45 carrot_err= -38 c0=0.80 clear=0.53 prog=0.00 rel=0.96 bal=+0.33 obs=195 hard=193 obsc=203 yr= 19G nz=0.04 flt=0.00 dmap=+0/-0 shz=3.3 plan=0 cmd=(lx=+0.00,ly=+0.00,rx=-0.45)
  t=106.6 AGR-BRK-TR pos=(-4.91,+2.57) yaw=+121.6 d=0.51 goal_err=-53 carrot_err= -46 c0=0.80 clear=0.53 prog=0.00 rel=0.96 bal=-0.14 obs=196 hard=194 obsc=204 yr= 19G nz=0.04 flt=0.25 dmap=+1/-0 shz=3.3 plan=0 cmd=(lx=+0.00,ly=+0.00,rx=-0.45)
  t=107.0 AGR-BRK-TR pos=(-4.91,+2.57) yaw=+127.6 d=0.51 goal_err=-59 carrot_err= -53 c0=0.80 clear=0.53 prog=0.00 rel=0.97 bal=-0.14 obs=196 hard=194 obsc=204 yr= 19G nz=0.03 flt=0.00 dmap=+0/-0 shz=3.3 plan=0 cmd=(lx=+0.00,ly=+0.00,rx=-0.45)
  t=107.4 AGR-BRK-TR pos=(-4.91,+2.57) yaw=+135.6 d=0.51 goal_err=-67 carrot_err= -61 c0=0.80 clear=0.53 prog=0.00 rel=0.92 bal=-0.18 obs=196 hard=194 obsc=204 yr= 18G nz=0.01 flt=0.26 dmap=+0/-0 shz=3.3 plan=0 cmd=(lx=+0.00,ly=+0.00,rx=-0.45)
  t=107.9 AGR-DWA-F pos=(-4.91,+2.57) yaw=+143.6 d=0.51 goal_err=-75 carrot_err= -69 c0=0.80 clear=0.53 prog=0.00 rel=0.97 bal=+0.28 obs=200 hard=198 obsc=208 yr= 18G nz=0.03 flt=0.08 dmap=+0/-0 shz=3.3 plan=3 cmd=(lx=+0.00,ly=+0.28,rx=+0.45)
  t=108.3 AGR-DWA-F pos=(-4.93,+2.58) yaw=+139.6 d=0.50 goal_err=-73 carrot_err= -67 c0=0.78 clear=0.52 prog=0.01 rel=0.96 bal=-0.07 obs=200 hard=198 obsc=208 yr= 19G nz=0.04 flt=0.04 dmap=+0/-0 shz=3.3 plan=3 cmd=(lx=+0.00,ly=+0.28,rx=+0.45)
  t=108.8 AGR-DWA-F pos=(-4.95,+2.60) yaw=+133.6 d=0.49 goal_err=-70 carrot_err= -64 c0=0.76 clear=0.50 prog=0.02 rel=0.94 bal=-0.08 obs=200 hard=198 obsc=208 yr= 18G nz=0.06 flt=0.01 dmap=+0/-0 shz=3.3 plan=3 cmd=(lx=+0.00,ly=+0.28,rx=+0.45)

  COLISION #2 [odom] en (-4.95,+2.60) -> marco y recupero.
  t=109.2 AGR-R-BACK pos=(-4.95,+2.60) yaw=+127.6 d=0.49 goal_err=-65 carrot_err= -59 c0=0.20 clear=0.14 prog=0.02 rel=0.72 bal=-0.08 obs=185 hard=178 obsc=192 yr=  0  nz=0.28 flt=0.00 dmap=+0/-0 shz=3.5 plan=0 cmd=(lx=+0.00,ly=-0.35,rx=+0.00)
  t=109.7 AGR-R-TURN pos=(-4.92,+2.56) yaw=+127.6 d=0.52 goal_err=-60 carrot_err= -53 c0=0.25 clear=0.17 prog=0.00 rel=0.60 bal=-0.07 obs=185 hard=178 obsc=188 yr=  0G nz=0.40 flt=0.00 dmap=+0/-0 shz=3.5 plan=0 cmd=(lx=+0.00,ly=+0.00,rx=+0.45)
  t=110.1 AGR-R-TURN pos=(-4.92,+2.56) yaw=+119.6 d=0.52 goal_err=-52 carrot_err= -45 c0=0.25 clear=0.17 prog=0.00 rel=0.62 bal=+0.32 obs=187 hard=180 obsc=190 yr= 18G nz=0.38 flt=0.00 dmap=+1/-0 shz=3.5 plan=0 cmd=(lx=+0.00,ly=+0.00,rx=+0.45)
  t=110.6 AGR-R-TURN pos=(-4.92,+2.56) yaw=+109.5 d=0.52 goal_err=-42 carrot_err= -35 c0=0.25 clear=0.17 prog=0.00 rel=0.72 bal=+0.09 obs=187 hard=180 obsc=190 yr= 18G nz=0.28 flt=0.06 dmap=+0/-0 shz=3.5 plan=0 cmd=(lx=+0.00,ly=+0.00,rx=+0.45)
  t=111.0 AGR-DWA-T pos=(-4.92,+2.56) yaw=+103.5 d=0.52 goal_err=-36 carrot_err= -29 c0=0.25 clear=0.17 prog=0.00 rel=0.98 bal=-0.02 obs=192 hard=180 obsc=196 yr=  0  nz=0.02 flt=0.15 dmap=+0/-0 shz=3.5 plan=3 cmd=(lx=+0.00,ly=+0.00,rx=+0.00)
  t=111.4 AGR-DWA-T pos=(-4.92,+2.56) yaw=+103.5 d=0.52 goal_err=-36 carrot_err= -29 c0=0.25 clear=0.17 prog=0.00 rel=0.98 bal=-0.02 obs=191 hard=182 obsc=193 yr=  0  nz=0.01 flt=0.08 dmap=+0/-0 shz=3.5 plan=3 cmd=(lx=+0.00,ly=+0.00,rx=+0.00)
  t=111.9 AGR-DWA-T pos=(-4.92,+2.56) yaw=+103.5 d=0.52 goal_err=-36 carrot_err= -29 c0=0.25 clear=0.17 prog=0.00 rel=0.98 bal=-0.02 obs=191 hard=182 obsc=193 yr=  0  nz=0.01 flt=0.08 dmap=+0/-0 shz=3.5 plan=3 cmd=(lx=+0.00,ly=+0.00,rx=+0.00)
  t=112.3 AGR-BRK-BK pos=(-4.92,+2.56) yaw=+103.5 d=0.52 goal_err=-36 carrot_err= -29 c0=0.25 clear=0.17 prog=0.00 rel=0.98 bal=-0.02 obs=191 hard=182 obsc=193 yr=  0  nz=0.01 flt=0.08 dmap=+0/-0 shz=3.5 plan=0 cmd=(lx=+0.00,ly=-0.35,rx=+0.00)
  t=112.8 AGR-BRK-TR pos=(-4.91,+2.51) yaw=+103.5 d=0.56 goal_err=-33 carrot_err= -26 c0=0.30 clear=0.20 prog=0.00 rel=1.00 bal=+0.10 obs=181 hard=177 obsc=189 yr=  0G nz=0.00 flt=0.00 dmap=+0/-0 shz=3.3 plan=0 cmd=(lx=+0.00,ly=+0.00,rx=+0.45)
  t=113.2 AGR-BRK-TR pos=(-4.91,+2.51) yaw= +95.5 d=0.56 goal_err=-24 carrot_err= -18 c0=0.30 clear=0.20 prog=0.00 rel=0.98 bal=+0.06 obs=181 hard=178 obsc=189 yr= 18G nz=0.02 flt=0.14 dmap=+0/-0 shz=3.3 plan=0 cmd=(lx=+0.00,ly=+0.00,rx=+0.45)
  t=113.7 AGR-BRK-TR pos=(-4.91,+2.51) yaw= +87.5 d=0.56 goal_err=-16 carrot_err= -10 c0=0.30 clear=0.20 prog=0.00 rel=0.98 bal=+0.06 obs=181 hard=178 obsc=189 yr= 18G nz=0.02 flt=0.00 dmap=+0/-0 shz=3.3 plan=0 cmd=(lx=+0.00,ly=+0.00,rx=+0.45)
  t=114.1 AGR-BRK-TR pos=(-4.91,+2.51) yaw= +79.5 d=0.56 goal_err=-8 carrot_err=  -2 c0=1.20 clear=0.80 prog=0.00 rel=0.98 bal=+0.06 obs=181 hard=178 obsc=189 yr= 18G nz=0.02 flt=0.00 dmap=+0/-0 shz=3.3 plan=0 cmd=(lx=+0.00,ly=+0.00,rx=+0.45)
  t=114.5 AGR-BRK-TR pos=(-4.91,+2.51) yaw= +71.4 d=0.56 goal_err=-0 carrot_err=  +6 c0=1.14 clear=0.76 prog=0.00 rel=0.38 bal=-0.02 obs=181 hard=178 obsc=189 yr= 18G nz=0.62 flt=0.19 dmap=+0/-0 shz=3.3 plan=0 cmd=(lx=+0.00,ly=+0.00,rx=+0.45)
  t=115.0 AGR-BRK-TR pos=(-4.91,+2.51) yaw= +63.4 d=0.56 goal_err=+8 carrot_err= +14 c0=0.42 clear=0.28 prog=0.00 rel=0.38 bal=-0.02 obs=183 hard=180 obsc=191 yr= 18G nz=0.62 flt=0.00 dmap=+0/-0 shz=3.3 plan=0 cmd=(lx=+0.00,ly=+0.00,rx=+0.45)
  t=115.4 AGR-DWA-T pos=(-4.91,+2.51) yaw= +59.4 d=0.56 goal_err=+12 carrot_err= +18 c0=0.42 clear=0.28 prog=0.00 rel=0.39 bal=-0.02 obs=175 hard=169 obsc=177 yr=  0  nz=0.61 flt=0.01 dmap=+1/-9 shz=3.3 plan=3 cmd=(lx=+0.00,ly=+0.00,rx=+0.00)
  t=115.9 AGR-DWA-T pos=(-4.91,+2.51) yaw= +59.4 d=0.56 goal_err=+12 carrot_err= +18 c0=0.42 clear=0.28 prog=0.00 rel=0.43 bal=-0.02 obs=175 hard=169 obsc=177 yr=  0  nz=0.57 flt=0.01 dmap=+0/-0 shz=3.3 plan=3 cmd=(lx=+0.00,ly=+0.00,rx=+0.00)
  t=116.3 AGR-DWA-T pos=(-4.91,+2.51) yaw= +59.4 d=0.56 goal_err=+12 carrot_err= +18 c0=0.42 clear=0.28 prog=0.00 rel=0.43 bal=-0.02 obs=175 hard=169 obsc=177 yr=  0  nz=0.57 flt=0.01 dmap=+0/-0 shz=3.3 plan=3 cmd=(lx=+0.00,ly=+0.00,rx=+0.00)
  t=116.8 AGR-BRK-BK pos=(-4.91,+2.51) yaw= +59.4 d=0.56 goal_err=+12 carrot_err= +18 c0=0.42 clear=0.28 prog=0.00 rel=0.43 bal=-0.02 obs=175 hard=169 obsc=177 yr=  0  nz=0.57 flt=0.01 dmap=+0/-0 shz=3.3 plan=0 cmd=(lx=+0.00,ly=-0.35,rx=+0.00)
  t=117.2 AGR-BRK-TR pos=(-4.94,+2.47) yaw= +59.4 d=0.61 goal_err=+11 carrot_err= +16 c0=0.47 clear=0.31 prog=0.00 rel=0.98 bal=-0.02 obs=171 hard=166 obsc=174 yr=  0G nz=0.02 flt=0.01 dmap=+0/-0 shz=3.1 plan=0 cmd=(lx=+0.00,ly=+0.00,rx=+0.45)
  t=117.6 AGR-BRK-TR pos=(-4.94,+2.47) yaw= +51.4 d=0.61 goal_err=+19 carrot_err= +24 c0=0.47 clear=0.31 prog=0.00 rel=0.96 bal=-0.14 obs=171 hard=166 obsc=174 yr= 19G nz=0.04 flt=0.00 dmap=+0/-0 shz=3.1 plan=0 cmd=(lx=+0.00,ly=+0.00,rx=+0.45)
  t=118.1 AGR-BRK-TR pos=(-4.94,+2.47) yaw= +43.4 d=0.61 goal_err=+27 carrot_err= +32 c0=0.36 clear=0.24 prog=0.00 rel=0.91 bal=-0.47 obs=171 hard=166 obsc=174 yr= 18G nz=0.09 flt=0.07 dmap=+0/-0 shz=3.1 plan=0 cmd=(lx=+0.00,ly=+0.00,rx=+0.45)
  t=118.5 AGR-BRK-TR pos=(-4.94,+2.47) yaw= +35.4 d=0.61 goal_err=+35 carrot_err= +40 c0=0.36 clear=0.24 prog=0.00 rel=0.89 bal=-0.47 obs=171 hard=166 obsc=174 yr=  0G nz=0.11 flt=0.18 dmap=+0/-0 shz=3.3 plan=0 cmd=(lx=+0.00,ly=+0.00,rx=+0.45)
  t=118.9 AGR-BRK-TR pos=(-4.94,+2.47) yaw= +27.3 d=0.61 goal_err=+43 carrot_err= +48 c0=0.36 clear=0.24 prog=0.00 rel=0.90 bal=-0.47 obs=172 hard=169 obsc=175 yr= 19G nz=0.10 flt=0.11 dmap=+0/-0 shz=3.3 plan=0 cmd=(lx=+0.00,ly=+0.00,rx=+0.45)
  t=119.4 AGR-BRK-TR pos=(-4.94,+2.47) yaw= +19.3 d=0.61 goal_err=+51 carrot_err= +56 c0=0.36 clear=0.24 prog=0.00 rel=0.97 bal=-0.47 obs=172 hard=169 obsc=175 yr= 19G nz=0.03 flt=0.00 dmap=+0/-0 shz=3.2 plan=0 cmd=(lx=+0.00,ly=+0.00,rx=+0.45)
  t=119.8 AGR-DWA-T pos=(-4.94,+2.47) yaw= +19.3 d=0.61 goal_err=+51 carrot_err= +56 c0=0.36 clear=0.24 prog=0.00 rel=0.97 bal=-0.47 obs=172 hard=169 obsc=175 yr= 18G nz=0.03 flt=0.14 dmap=+0/-0 shz=3.2 plan=4 cmd=(lx=+0.00,ly=+0.00,rx=-0.45)
  t=120.3 AGR-DWA-T pos=(-4.94,+2.47) yaw= +27.3 d=0.61 goal_err=+43 carrot_err= +48 c0=0.36 clear=0.24 prog=0.00 rel=0.97 bal=-0.47 obs=172 hard=169 obsc=175 yr= 18  nz=0.03 flt=0.00 dmap=+0/-0 shz=3.2 plan=4 cmd=(lx=+0.00,ly=+0.00,rx=+0.00)
  t=120.7 AGR-DWA-T pos=(-4.94,+2.47) yaw= +27.3 d=0.61 goal_err=+43 carrot_err= +48 c0=0.36 clear=0.24 prog=0.00 rel=0.97 bal=-0.47 obs=163 hard=161 obsc=172 yr=  0  nz=0.03 flt=0.04 dmap=+0/-0 shz=3.2 plan=4 cmd=(lx=+0.00,ly=+0.00,rx=+0.00)
  t=121.2 AGR-DWA-T pos=(-4.94,+2.47) yaw= +27.3 d=0.61 goal_err=+43 carrot_err= +48 c0=0.36 clear=0.24 prog=0.00 rel=0.97 bal=-0.47 obs=163 hard=161 obsc=172 yr=  0  nz=0.03 flt=0.04 dmap=+0/-0 shz=3.2 plan=4 cmd=(lx=+0.00,ly=+0.00,rx=+0.00)
  t=121.6 AGR-BRK-BK pos=(-4.94,+2.47) yaw= +27.3 d=0.61 goal_err=+43 carrot_err= +48 c0=0.36 clear=0.24 prog=0.00 rel=0.97 bal=-0.47 obs=163 hard=161 obsc=172 yr=  0  nz=0.03 flt=0.04 dmap=+0/-0 shz=3.2 plan=0 cmd=(lx=+0.00,ly=-0.35,rx=+0.00)
  t=122.0 AGR-BRK-TR pos=(-4.97,+2.45) yaw= +27.3 d=0.63 goal_err=+40 carrot_err= +45 c0=0.40 clear=0.27 prog=0.00 rel=0.97 bal=-0.48 obs=162 hard=155 obsc=164 yr=  0  nz=0.03 flt=0.04 dmap=+0/-0 shz=3.1 plan=0 cmd=(lx=+0.00,ly=+0.00,rx=+0.45)
  t=122.5 AGR-BRK-TR pos=(-4.98,+2.45) yaw= +21.3 d=0.64 goal_err=+46 carrot_err= +51 c0=0.41 clear=0.27 prog=0.00 rel=0.95 bal=-0.48 obs=162 hard=155 obsc=164 yr= 19G nz=0.05 flt=0.00 dmap=+0/-0 shz=3.1 plan=0 cmd=(lx=+0.00,ly=+0.00,rx=+0.45)
  t=122.9 AGR-BRK-TR pos=(-4.98,+2.45) yaw= +13.3 d=0.64 goal_err=+54 carrot_err= +59 c0=0.41 clear=0.27 prog=0.00 rel=0.95 bal=-0.38 obs=162 hard=155 obsc=164 yr= 19G nz=0.05 flt=0.00 dmap=+0/-0 shz=3.1 plan=0 cmd=(lx=+0.00,ly=+0.00,rx=+0.45)
  t=123.4 AGR-BRK-TR pos=(-4.98,+2.45) yaw=  +5.3 d=0.64 goal_err=+62 carrot_err= +67 c0=0.41 clear=0.27 prog=0.00 rel=0.95 bal=-0.23 obs=162 hard=158 obsc=164 yr= 19G nz=0.04 flt=0.00 dmap=+0/-0 shz=3.1 plan=0 cmd=(lx=+0.00,ly=+0.00,rx=+0.45)
  t=123.8 AGR-BRK-TR pos=(-4.98,+2.45) yaw=  -0.7 d=0.64 goal_err=+68 carrot_err= +73 c0=0.41 clear=0.27 prog=0.00 rel=0.98 bal=-0.23 obs=162 hard=158 obsc=164 yr=  0G nz=0.01 flt=0.00 dmap=+0/-0 shz=3.1 plan=0 cmd=(lx=+0.00,ly=+0.00,rx=+0.45)
  t=124.2 AGR-BRK-TR pos=(-4.98,+2.45) yaw=  -8.8 d=0.64 goal_err=+76 carrot_err= +81 c0=0.60 clear=0.40 prog=0.00 rel=0.88 bal=-0.09 obs=162 hard=158 obsc=164 yr= 18G nz=0.11 flt=0.10 dmap=+0/-0 shz=3.1 plan=0 cmd=(lx=+0.00,ly=+0.00,rx=+0.45)
  t=124.7 AGR-DWA-T pos=(-4.98,+2.45) yaw= -12.8 d=0.64 goal_err=+80 carrot_err= +85 c0=1.08 clear=0.72 prog=0.00 rel=0.64 bal=-0.09 obs=162 hard=158 obsc=164 yr= 18G nz=0.36 flt=0.00 dmap=+0/-0 shz=3.1 plan=4 cmd=(lx=+0.00,ly=+0.00,rx=-0.45)
  t=125.1 AGR-DWA-T pos=(-4.98,+2.45) yaw=  -4.8 d=0.64 goal_err=+72 carrot_err= +77 c0=0.60 clear=0.40 prog=0.00 rel=0.59 bal=-0.23 obs=162 hard=158 obsc=164 yr= 19G nz=0.41 flt=0.00 dmap=+0/-0 shz=3.2 plan=4 cmd=(lx=+0.00,ly=+0.00,rx=-0.45)
  t=125.6 AGR-DWA-T pos=(-4.98,+2.45) yaw=  +3.3 d=0.64 goal_err=+64 carrot_err= +69 c0=0.41 clear=0.27 prog=0.00 rel=0.59 bal=-0.23 obs=162 hard=158 obsc=164 yr= 18G nz=0.41 flt=0.00 dmap=+0/-0 shz=3.2 plan=4 cmd=(lx=+0.00,ly=+0.00,rx=-0.45)
  t=126.0 AGR-DWA-T pos=(-4.98,+2.45) yaw= +11.3 d=0.64 goal_err=+56 carrot_err= +61 c0=0.41 clear=0.27 prog=0.00 rel=0.50 bal=-0.38 obs=165 hard=161 obsc=167 yr= 19G nz=0.46 flt=0.00 dmap=+2/-0 shz=3.2 plan=4 cmd=(lx=+0.00,ly=+0.00,rx=-0.45)
  t=126.4 AGR-DWA-T pos=(-4.98,+2.45) yaw= +19.3 d=0.64 goal_err=+48 carrot_err= +53 c0=0.41 clear=0.27 prog=0.00 rel=0.59 bal=-0.48 obs=165 hard=161 obsc=167 yr= 17G nz=0.36 flt=0.00 dmap=+0/-0 shz=3.2 plan=4 cmd=(lx=+0.00,ly=+0.00,rx=-0.45)
  t=126.9 AGR-DWA-T pos=(-4.98,+2.45) yaw= +23.3 d=0.64 goal_err=+44 carrot_err= +49 c0=0.41 clear=0.27 prog=0.00 rel=0.99 bal=-0.44 obs=160 hard=147 obsc=162 yr=  0  nz=0.01 flt=0.11 dmap=+0/-0 shz=3.2 plan=4 cmd=(lx=+0.00,ly=+0.00,rx=+0.00)
  t=127.3 AGR-DWA-T pos=(-4.98,+2.45) yaw= +23.3 d=0.64 goal_err=+44 carrot_err= +49 c0=0.41 clear=0.27 prog=0.00 rel=0.99 bal=-0.44 obs=160 hard=147 obsc=162 yr=  0  nz=0.01 flt=0.11 dmap=+0/-0 shz=3.2 plan=4 cmd=(lx=+0.00,ly=+0.00,rx=+0.00)
  t=127.8 AGR-DWA-T pos=(-4.98,+2.45) yaw= +23.3 d=0.64 goal_err=+44 carrot_err= +49 c0=0.41 clear=0.27 prog=0.00 rel=0.99 bal=-0.44 obs=160 hard=147 obsc=162 yr=  0  nz=0.01 flt=0.11 dmap=+0/-0 shz=3.2 plan=4 cmd=(lx=+0.00,ly=+0.00,rx=+0.00)
  t=128.2 AGR-BRK-BK pos=(-4.98,+2.45) yaw= +23.3 d=0.64 goal_err=+44 carrot_err= +49 c0=0.41 clear=0.27 prog=0.00 rel=0.99 bal=-0.44 obs=160 hard=147 obsc=162 yr=  0  nz=0.01 flt=0.11 dmap=+0/-0 shz=3.2 plan=0 cmd=(lx=+0.00,ly=-0.35,rx=+0.00)
  t=128.7 AGR-BRK-TR pos=(-5.03,+2.43) yaw= +23.3 d=0.68 goal_err=+41 carrot_err= +45 c0=0.46 clear=0.31 prog=0.00 rel=1.00 bal=-0.45 obs=160 hard=147 obsc=162 yr=  0G nz=0.00 flt=0.00 dmap=+0/-0 shz=3.0 plan=0 cmd=(lx=+0.00,ly=+0.00,rx=+0.45)
  t=129.1 AGR-BRK-TR pos=(-5.03,+2.43) yaw= +15.3 d=0.68 goal_err=+49 carrot_err= +53 c0=0.46 clear=0.31 prog=0.00 rel=0.98 bal=-0.37 obs=160 hard=147 obsc=162 yr= 18G nz=0.02 flt=0.00 dmap=+0/-0 shz=3.0 plan=0 cmd=(lx=+0.00,ly=+0.00,rx=+0.45)
  t=129.5 AGR-BRK-TR pos=(-5.03,+2.43) yaw=  +7.3 d=0.68 goal_err=+57 carrot_err= +61 c0=0.46 clear=0.31 prog=0.00 rel=0.98 bal=-0.32 obs=160 hard=147 obsc=162 yr= 19G nz=0.02 flt=0.00 dmap=+0/-0 shz=3.0 plan=0 cmd=(lx=+0.00,ly=+0.00,rx=+0.45)
  t=130.0 AGR-BRK-TR pos=(-5.03,+2.43) yaw=  +1.3 d=0.68 goal_err=+63 carrot_err= +67 c0=0.46 clear=0.31 prog=0.00 rel=0.98 bal=-0.32 obs=160 hard=147 obsc=162 yr=  0G nz=0.02 flt=0.00 dmap=+0/-0 shz=3.0 plan=0 cmd=(lx=+0.00,ly=+0.00,rx=+0.45)
  t=130.4 AGR-BRK-TR pos=(-5.03,+2.43) yaw=  -8.8 d=0.68 goal_err=+73 carrot_err= +77 c0=0.65 clear=0.43 prog=0.00 rel=0.88 bal=-0.04 obs=160 hard=147 obsc=162 yr= 18G nz=0.12 flt=0.18 dmap=+0/-0 shz=3.0 plan=0 cmd=(lx=+0.00,ly=+0.00,rx=+0.45)
  t=130.8 AGR-DWA-T pos=(-5.03,+2.43) yaw= -16.8 d=0.68 goal_err=+81 carrot_err= +85 c0=1.05 clear=0.70 prog=0.00 rel=0.59 bal=-0.11 obs=160 hard=148 obsc=162 yr= 18G nz=0.41 flt=0.12 dmap=+0/-0 shz=3.0 plan=4 cmd=(lx=+0.00,ly=+0.00,rx=-0.45)
  t=131.3 AGR-DWA-T pos=(-5.03,+2.43) yaw= -12.8 d=0.68 goal_err=+77 carrot_err= +81 c0=1.05 clear=0.70 prog=0.00 rel=0.57 bal=-0.04 obs=160 hard=148 obsc=162 yr= 19G nz=0.43 flt=0.01 dmap=+0/-0 shz=3.0 plan=4 cmd=(lx=+0.00,ly=+0.00,rx=-0.45)
  t=131.7 AGR-DWA-T pos=(-5.03,+2.43) yaw=  -6.8 d=0.68 goal_err=+71 carrot_err= +75 c0=0.65 clear=0.43 prog=0.00 rel=0.62 bal=-0.04 obs=160 hard=148 obsc=162 yr=  0G nz=0.38 flt=0.00 dmap=+0/-0 shz=3.0 plan=4 cmd=(lx=+0.00,ly=+0.00,rx=-0.45)
  t=132.2 AGR-DWA-T pos=(-5.03,+2.43) yaw=  +1.3 d=0.68 goal_err=+63 carrot_err= +67 c0=0.46 clear=0.31 prog=0.00 rel=0.62 bal=-0.32 obs=160 hard=148 obsc=162 yr= 18G nz=0.38 flt=0.00 dmap=+0/-0 shz=3.0 plan=4 cmd=(lx=+0.00,ly=+0.00,rx=-0.45)
  t=132.6 AGR-DWA-T pos=(-5.03,+2.43) yaw=  +9.3 d=0.68 goal_err=+55 carrot_err= +59 c0=0.46 clear=0.31 prog=0.00 rel=0.62 bal=-0.32 obs=160 hard=148 obsc=162 yr= 18G nz=0.37 flt=0.00 dmap=+0/-0 shz=3.2 plan=4 cmd=(lx=+0.00,ly=+0.00,rx=-0.45)
  t=133.1 AGR-DWA-T pos=(-5.03,+2.43) yaw= +17.3 d=0.68 goal_err=+47 carrot_err= +51 c0=0.46 clear=0.31 prog=0.00 rel=0.78 bal=-0.37 obs=160 hard=148 obsc=162 yr= 18G nz=0.14 flt=0.09 dmap=+0/-0 shz=3.2 plan=4 cmd=(lx=+0.00,ly=+0.00,rx=-0.45)
  t=133.5 AGR-DWA-T pos=(-5.03,+2.43) yaw= +23.3 d=0.68 goal_err=+41 carrot_err= +45 c0=0.46 clear=0.31 prog=0.00 rel=0.87 bal=-0.45 obs=147 hard=137 obsc=149 yr=  0  nz=0.13 flt=0.00 dmap=+0/-1 shz=3.2 plan=4 cmd=(lx=+0.00,ly=+0.00,rx=+0.00)
  t=133.9 AGR-DWA-T pos=(-5.03,+2.43) yaw= +23.3 d=0.68 goal_err=+41 carrot_err= +45 c0=0.46 clear=0.31 prog=0.00 rel=0.97 bal=-0.45 obs=147 hard=137 obsc=149 yr=  0  nz=0.03 flt=0.00 dmap=+0/-0 shz=3.2 plan=4 cmd=(lx=+0.00,ly=+0.00,rx=+0.00)
  t=134.4 AGR-DWA-T pos=(-5.03,+2.43) yaw= +23.3 d=0.68 goal_err=+41 carrot_err= +45 c0=0.46 clear=0.31 prog=0.00 rel=0.97 bal=-0.45 obs=147 hard=137 obsc=149 yr=  0  nz=0.03 flt=0.00 dmap=+0/-0 shz=3.2 plan=4 cmd=(lx=+0.00,ly=+0.00,rx=+0.00)
  t=134.8 AGR-BRK-BK pos=(-5.04,+2.42) yaw= +23.3 d=0.69 goal_err=+40 carrot_err= +44 c0=0.47 clear=0.32 prog=0.00 rel=0.97 bal=-0.46 obs=144 hard=134 obsc=146 yr=  0  nz=0.03 flt=0.00 dmap=+0/-3 shz=3.0 plan=0 cmd=(lx=+0.00,ly=-0.35,rx=+0.00)
  t=135.3 AGR-BRK-TR pos=(-5.07,+2.41) yaw= +21.3 d=0.72 goal_err=+40 carrot_err= +44 c0=0.51 clear=0.34 prog=0.00 rel=0.97 bal=-0.36 obs=139 hard=134 obsc=146 yr= 18G nz=0.03 flt=0.09 dmap=+0/-0 shz=3.1 plan=0 cmd=(lx=+0.00,ly=+0.00,rx=+0.45)
  t=135.7 AGR-BRK-TR pos=(-5.07,+2.41) yaw= +13.3 d=0.72 goal_err=+48 carrot_err= +52 c0=0.51 clear=0.34 prog=0.00 rel=0.97 bal=-0.30 obs=139 hard=134 obsc=146 yr= 18G nz=0.03 flt=0.01 dmap=+0/-0 shz=3.0 plan=0 cmd=(lx=+0.00,ly=+0.00,rx=+0.45)
  t=136.2 AGR-BRK-TR pos=(-5.07,+2.41) yaw=  +7.2 d=0.72 goal_err=+54 carrot_err= +58 c0=0.51 clear=0.34 prog=0.00 rel=0.97 bal=-0.30 obs=139 hard=134 obsc=146 yr= 19G nz=0.03 flt=0.09 dmap=+0/-0 shz=3.1 plan=0 cmd=(lx=+0.00,ly=+0.00,rx=+0.45)
  t=136.6 AGR-BRK-TR pos=(-5.07,+2.41) yaw=  -0.8 d=0.72 goal_err=+63 carrot_err= +66 c0=0.51 clear=0.34 prog=0.00 rel=0.97 bal=-0.14 obs=139 hard=134 obsc=146 yr= 20G nz=0.03 flt=0.10 dmap=+0/-0 shz=3.3 plan=0 cmd=(lx=+0.00,ly=+0.00,rx=+0.45)
  t=137.0 AGR-BRK-TR pos=(-5.07,+2.41) yaw=  -8.8 d=0.72 goal_err=+71 carrot_err= +74 c0=0.69 clear=0.46 prog=0.00 rel=0.89 bal=-0.00 obs=139 hard=134 obsc=146 yr= 18G nz=0.11 flt=0.00 dmap=+0/-0 shz=3.2 plan=0 cmd=(lx=+0.00,ly=+0.00,rx=+0.45)
  t=137.5 AGR-DWA-T pos=(-5.04,+2.41) yaw= -16.5 d=0.70 goal_err=+80 carrot_err= +84 c0=1.12 clear=0.75 prog=0.02 rel=0.65 bal=-0.09 obs=139 hard=134 obsc=146 yr= 17G nz=0.34 flt=0.22 dmap=+0/-0 shz=3.2 plan=4 cmd=(lx=+0.00,ly=+0.00,rx=-0.45)
  t=137.9 AGR-DWA-T pos=(-5.04,+2.41) yaw= -12.4 d=0.70 goal_err=+76 carrot_err= +80 c0=1.12 clear=0.74 prog=0.02 rel=0.61 bal=-0.09 obs=139 hard=134 obsc=146 yr= 18G nz=0.39 flt=0.00 dmap=+0/-0 shz=3.2 plan=4 cmd=(lx=+0.00,ly=+0.00,rx=-0.45)
  t=138.4 AGR-DWA-T pos=(-5.04,+2.41) yaw=  -2.4 d=0.70 goal_err=+66 carrot_err= +70 c0=0.67 clear=0.44 prog=0.02 rel=0.58 bal=-0.02 obs=140 hard=135 obsc=146 yr= 19G nz=0.34 flt=0.00 dmap=+1/-0 shz=3.2 plan=4 cmd=(lx=+0.00,ly=+0.00,rx=-0.45)
  t=138.8 AGR-DWA-T pos=(-5.04,+2.41) yaw=  +5.6 d=0.70 goal_err=+58 carrot_err= +62 c0=0.48 clear=0.32 prog=0.03 rel=0.52 bal=-0.30 obs=140 hard=135 obsc=146 yr= 18G nz=0.42 flt=0.11 dmap=+0/-0 shz=3.3 plan=4 cmd=(lx=+0.00,ly=+0.00,rx=-0.45)
  t=139.3 AGR-DWA-T pos=(-5.04,+2.41) yaw= +13.7 d=0.70 goal_err=+50 carrot_err= +54 c0=0.48 clear=0.32 prog=0.01 rel=0.63 bal=-0.35 obs=140 hard=135 obsc=146 yr= 17G nz=0.37 flt=0.10 dmap=+0/-0 shz=3.2 plan=4 cmd=(lx=+0.00,ly=+0.00,rx=-0.45)
  t=139.7 AGR-DWA-T pos=(-5.04,+2.41) yaw= +19.7 d=0.70 goal_err=+44 carrot_err= +48 c0=0.48 clear=0.32 prog=0.00 rel=0.85 bal=-0.35 obs=139 hard=129 obsc=148 yr=  0  nz=0.15 flt=0.00 dmap=+0/-0 shz=3.2 plan=4 cmd=(lx=+0.00,ly=+0.00,rx=+0.00)
  t=140.1 AGR-DWA-T pos=(-5.04,+2.41) yaw= +19.7 d=0.70 goal_err=+44 carrot_err= +48 c0=0.48 clear=0.32 prog=0.00 rel=0.88 bal=-0.35 obs=139 hard=129 obsc=144 yr=  0  nz=0.12 flt=0.09 dmap=+0/-0 shz=3.3 plan=4 cmd=(lx=+0.00,ly=+0.00,rx=+0.00)
  t=140.6 AGR-DWA-T pos=(-5.04,+2.41) yaw= +19.7 d=0.70 goal_err=+44 carrot_err= +48 c0=0.48 clear=0.32 prog=0.00 rel=0.88 bal=-0.35 obs=139 hard=129 obsc=144 yr=  0  nz=0.12 flt=0.09 dmap=+0/-0 shz=3.3 plan=4 cmd=(lx=+0.00,ly=+0.00,rx=+0.00)
  t=141.0 AGR-BRK-BK pos=(-5.04,+2.41) yaw= +19.7 d=0.70 goal_err=+44 carrot_err= +48 c0=0.48 clear=0.32 prog=0.00 rel=0.88 bal=-0.35 obs=139 hard=129 obsc=144 yr=  0  nz=0.12 flt=0.09 dmap=+0/-0 shz=3.3 plan=0 cmd=(lx=+0.00,ly=-0.35,rx=+0.00)
  t=141.5 AGR-BRK-TR pos=(-5.07,+2.40) yaw= +19.7 d=0.73 goal_err=+42 carrot_err= +46 c0=0.51 clear=0.34 prog=0.00 rel=1.00 bal=-0.34 obs=137 hard=127 obsc=142 yr=  0G nz=0.00 flt=0.01 dmap=+0/-0 shz=3.2 plan=0 cmd=(lx=+0.00,ly=+0.00,rx=+0.45)
  t=141.9 AGR-BRK-TR pos=(-5.07,+2.40) yaw= +13.6 d=0.73 goal_err=+48 carrot_err= +52 c0=0.51 clear=0.34 prog=0.00 rel=0.99 bal=-0.29 obs=137 hard=127 obsc=142 yr= 18G nz=0.01 flt=0.00 dmap=+0/-0 shz=3.2 plan=0 cmd=(lx=+0.00,ly=+0.00,rx=+0.45)
  t=142.4 AGR-BRK-TR pos=(-5.07,+2.40) yaw=  +5.5 d=0.73 goal_err=+56 carrot_err= +60 c0=0.51 clear=0.34 prog=0.00 rel=0.99 bal=-0.29 obs=137 hard=127 obsc=142 yr= 18G nz=0.01 flt=0.00 dmap=+0/-0 shz=3.2 plan=0 cmd=(lx=+0.00,ly=+0.00,rx=+0.45)
  t=142.8 AGR-BRK-TR pos=(-5.07,+2.40) yaw=  -2.5 d=0.73 goal_err=+65 carrot_err= +68 c0=0.70 clear=0.47 prog=0.00 rel=0.99 bal=-0.13 obs=137 hard=127 obsc=142 yr= 19G nz=0.01 flt=0.00 dmap=+0/-0 shz=3.2 plan=0 cmd=(lx=+0.00,ly=+0.00,rx=+0.45)
  t=143.2 AGR-BRK-TR pos=(-5.06,+2.40) yaw= -10.4 d=0.72 goal_err=+73 carrot_err= +77 c0=1.08 clear=0.72 prog=0.00 rel=0.67 bal=+0.01 obs=138 hard=128 obsc=143 yr= 18G nz=0.33 flt=0.01 dmap=+0/-0 shz=3.2 plan=0 cmd=(lx=+0.00,ly=+0.00,rx=+0.45)
  t=143.7 AGR-BRK-TR pos=(-5.04,+2.40) yaw= -18.1 d=0.71 goal_err=+82 carrot_err= +87 c0=1.06 clear=0.70 prog=0.03 rel=0.59 bal=-0.08 obs=139 hard=129 obsc=144 yr= 17G nz=0.41 flt=0.01 dmap=+0/-0 shz=3.2 plan=0 cmd=(lx=+0.00,ly=+0.00,rx=+0.45)
  t=144.1 AGR-DWA-T pos=(-5.03,+2.40) yaw= -20.0 d=0.71 goal_err=+85 carrot_err= +89 c0=1.05 clear=0.70 prog=0.03 rel=0.65 bal=-0.08 obs=139 hard=129 obsc=144 yr= 18G nz=0.35 flt=0.00 dmap=+0/-0 shz=3.2 plan=4 cmd=(lx=+0.00,ly=+0.00,rx=-0.45)
  t=144.6 AGR-DWA-T pos=(-5.03,+2.40) yaw= -12.0 d=0.71 goal_err=+77 carrot_err= +81 c0=1.05 clear=0.70 prog=0.03 rel=0.79 bal=-0.08 obs=139 hard=129 obsc=144 yr= 18G nz=0.21 flt=0.00 dmap=+0/-0 shz=3.2 plan=4 cmd=(lx=+0.00,ly=+0.00,rx=-0.45)
  t=145.0 AGR-DWA-T pos=(-5.03,+2.40) yaw=  -4.0 d=0.71 goal_err=+69 carrot_err= +73 c0=0.66 clear=0.44 prog=0.03 rel=0.77 bal=-0.01 obs=139 hard=129 obsc=144 yr= 18G nz=0.23 flt=0.00 dmap=+0/-0 shz=3.2 plan=4 cmd=(lx=+0.00,ly=+0.00,rx=-0.45)
  t=145.5 AGR-DWA-T pos=(-5.03,+2.40) yaw=  +4.1 d=0.71 goal_err=+61 carrot_err= +65 c0=0.47 clear=0.32 prog=0.02 rel=0.64 bal=-0.28 obs=139 hard=129 obsc=144 yr= 17G nz=0.36 flt=0.00 dmap=+0/-0 shz=3.2 plan=4 cmd=(lx=+0.00,ly=+0.00,rx=-0.45)
  t=145.9 AGR-DWA-T pos=(-5.03,+2.40) yaw= +12.1 d=0.71 goal_err=+53 carrot_err= +57 c0=0.47 clear=0.32 prog=0.00 rel=0.58 bal=-0.33 obs=139 hard=130 obsc=144 yr= 19G nz=0.37 flt=0.00 dmap=+0/-0 shz=3.2 plan=4 cmd=(lx=+0.00,ly=+0.00,rx=-0.45)
  t=146.3 AGR-DWA-T pos=(-5.03,+2.40) yaw= +20.1 d=0.71 goal_err=+45 carrot_err= +49 c0=0.47 clear=0.32 prog=0.00 rel=0.65 bal=-0.33 obs=139 hard=130 obsc=144 yr= 18G nz=0.29 flt=0.09 dmap=+0/-0 shz=3.2 plan=4 cmd=(lx=+0.00,ly=+0.00,rx=+0.00)
  t=146.8 AGR-DWA-T pos=(-5.03,+2.40) yaw= +22.1 d=0.71 goal_err=+43 carrot_err= +47 c0=0.47 clear=0.32 prog=0.00 rel=0.99 bal=-0.33 obs=134 hard=124 obsc=140 yr=  0  nz=0.01 flt=0.03 dmap=+0/-0 shz=3.5 plan=4 cmd=(lx=+0.00,ly=+0.00,rx=+0.00)
  t=147.2 AGR-DWA-T pos=(-5.03,+2.40) yaw= +22.1 d=0.71 goal_err=+43 carrot_err= +47 c0=0.47 clear=0.32 prog=0.00 rel=0.99 bal=-0.33 obs=134 hard=124 obsc=140 yr=  0  nz=0.01 flt=0.03 dmap=+0/-0 shz=3.5 plan=4 cmd=(lx=+0.00,ly=+0.00,rx=+0.00)
  t=147.7 AGR-DWA-T pos=(-5.03,+2.40) yaw= +22.1 d=0.71 goal_err=+43 carrot_err= +47 c0=0.47 clear=0.32 prog=0.00 rel=0.99 bal=-0.33 obs=134 hard=124 obsc=140 yr=  0  nz=0.01 flt=0.03 dmap=+0/-0 shz=3.5 plan=0 cmd=(lx=+0.00,ly=+0.00,rx=+0.00)
  t=148.1 AGR-BRK-BK pos=(-5.04,+2.39) yaw= +22.1 d=0.72 goal_err=+42 carrot_err= +46 c0=0.49 clear=0.32 prog=0.00 rel=0.99 bal=-0.33 obs=134 hard=123 obsc=139 yr=  0  nz=0.01 flt=0.00 dmap=+0/-0 shz=3.3 plan=0 cmd=(lx=+0.00,ly=-0.35,rx=+0.00)
  t=148.5 AGR-BRK-TR pos=(-5.06,+2.38) yaw= +20.0 d=0.73 goal_err=+43 carrot_err= +47 c0=0.51 clear=0.34 prog=0.00 rel=0.95 bal=-0.33 obs=134 hard=123 obsc=139 yr= 19G nz=0.05 flt=0.00 dmap=+0/-0 shz=3.2 plan=0 cmd=(lx=+0.00,ly=+0.00,rx=+0.45)
  t=149.0 AGR-BRK-TR pos=(-5.06,+2.38) yaw=  +9.9 d=0.73 goal_err=+53 carrot_err= +57 c0=0.51 clear=0.34 prog=0.00 rel=0.96 bal=-0.27 obs=134 hard=123 obsc=139 yr= 18G nz=0.04 flt=0.11 dmap=+0/-0 shz=3.3 plan=0 cmd=(lx=+0.00,ly=+0.00,rx=+0.45)
  t=149.4 AGR-BRK-TR pos=(-5.06,+2.38) yaw=  +1.9 d=0.73 goal_err=+61 carrot_err= +65 c0=0.51 clear=0.34 prog=0.00 rel=0.96 bal=-0.27 obs=134 hard=123 obsc=139 yr= 18G nz=0.04 flt=0.18 dmap=+0/-0 shz=3.3 plan=0 cmd=(lx=+0.00,ly=+0.00,rx=+0.45)
  t=149.9 AGR-BRK-TR pos=(-5.06,+2.38) yaw=  -6.1 d=0.73 goal_err=+69 carrot_err= +73 c0=0.70 clear=0.46 prog=0.00 rel=0.87 bal=+0.02 obs=134 hard=125 obsc=139 yr= 19G nz=0.12 flt=0.00 dmap=+0/-0 shz=3.3 plan=0 cmd=(lx=+0.00,ly=+0.00,rx=+0.45)
  t=150.3 AGR-BRK-TR pos=(-5.05,+2.38) yaw= -14.0 d=0.73 goal_err=+78 carrot_err= +82 c0=1.07 clear=0.71 prog=0.01 rel=0.69 bal=-0.06 obs=134 hard=125 obsc=139 yr= 17G nz=0.31 flt=0.04 dmap=+0/-0 shz=3.2 plan=0 cmd=(lx=+0.00,ly=+0.00,rx=+0.45)
  t=150.8 AGR-DWA-T pos=(-5.03,+2.38) yaw= -19.8 d=0.72 goal_err=+85 carrot_err= +89 c0=1.05 clear=0.70 prog=0.02 rel=0.66 bal=-0.07 obs=134 hard=125 obsc=139 yr= 17G nz=0.34 flt=0.08 dmap=+0/-0 shz=3.3 plan=4 cmd=(lx=+0.00,ly=+0.00,rx=-0.45)
  t=151.2 AGR-DWA-T pos=(-5.03,+2.38) yaw= -15.7 d=0.72 goal_err=+81 carrot_err= +85 c0=1.04 clear=0.70 prog=0.03 rel=0.67 bal=-0.07 obs=134 hard=125 obsc=139 yr= 17G nz=0.34 flt=0.21 dmap=+0/-0 shz=3.3 plan=4 cmd=(lx=+0.00,ly=+0.00,rx=-0.45)
  t=151.7 AGR-DWA-T pos=(-5.03,+2.38) yaw=  -7.7 d=0.72 goal_err=+73 carrot_err= +77 c0=1.04 clear=0.70 prog=0.03 rel=0.96 bal=+0.01 obs=134 hard=125 obsc=139 yr= 18G nz=0.04 flt=0.00 dmap=+0/-0 shz=3.3 plan=4 cmd=(lx=+0.00,ly=+0.00,rx=-0.45)
  t=152.1 AGR-DWA-T pos=(-5.03,+2.38) yaw=  +0.3 d=0.72 goal_err=+65 carrot_err= +69 c0=0.66 clear=0.44 prog=0.02 rel=0.69 bal=-0.15 obs=134 hard=125 obsc=139 yr= 18G nz=0.22 flt=0.28 dmap=+0/-0 shz=3.3 plan=4 cmd=(lx=+0.00,ly=+0.00,rx=-0.45)
  t=152.5 AGR-DWA-T pos=(-5.03,+2.38) yaw=  +8.3 d=0.72 goal_err=+57 carrot_err= +61 c0=0.48 clear=0.32 prog=0.01 rel=0.59 bal=-0.27 obs=134 hard=126 obsc=139 yr= 18G nz=0.41 flt=0.11 dmap=+0/-0 shz=3.3 plan=4 cmd=(lx=+0.00,ly=+0.00,rx=-0.45)
  t=153.0 AGR-DWA-T pos=(-5.03,+2.38) yaw= +16.3 d=0.72 goal_err=+49 carrot_err= +53 c0=0.48 clear=0.32 prog=0.00 rel=0.60 bal=-0.32 obs=134 hard=126 obsc=139 yr= 18G nz=0.40 flt=0.00 dmap=+0/-0 shz=3.3 plan=4 cmd=(lx=+0.00,ly=+0.00,rx=-0.45)
  t=153.4 AGR-DWA-T pos=(-5.03,+2.38) yaw= +22.4 d=0.72 goal_err=+43 carrot_err= +47 c0=0.48 clear=0.32 prog=0.00 rel=0.87 bal=-0.32 obs=133 hard=124 obsc=140 yr=  0  nz=0.13 flt=0.01 dmap=+1/-2 shz=3.4 plan=4 cmd=(lx=+0.00,ly=+0.00,rx=+0.00)
  t=153.9 AGR-DWA-T pos=(-5.03,+2.38) yaw= +22.4 d=0.72 goal_err=+43 carrot_err= +47 c0=0.48 clear=0.32 prog=0.00 rel=0.97 bal=-0.32 obs=133 hard=124 obsc=140 yr=  0  nz=0.03 flt=0.01 dmap=+0/-0 shz=3.4 plan=4 cmd=(lx=+0.00,ly=+0.00,rx=+0.00)
  t=154.3 AGR-DWA-T pos=(-5.03,+2.38) yaw= +22.4 d=0.72 goal_err=+43 carrot_err= +47 c0=0.48 clear=0.32 prog=0.00 rel=0.97 bal=-0.32 obs=133 hard=124 obsc=140 yr=  0  nz=0.03 flt=0.01 dmap=+0/-0 shz=3.4 plan=4 cmd=(lx=+0.00,ly=+0.00,rx=+0.00)
  t=154.8 AGR-BRK-BK pos=(-5.03,+2.38) yaw= +22.4 d=0.72 goal_err=+43 carrot_err= +47 c0=0.48 clear=0.32 prog=0.00 rel=0.97 bal=-0.32 obs=133 hard=124 obsc=140 yr=  0  nz=0.03 flt=0.01 dmap=+0/-0 shz=3.4 plan=0 cmd=(lx=+0.00,ly=-0.35,rx=+0.00)
  t=155.2 AGR-BRK-TR pos=(-5.06,+2.37) yaw= +22.2 d=0.74 goal_err=+42 carrot_err= +46 c0=0.51 clear=0.34 prog=0.00 rel=0.99 bal=-0.31 obs=133 hard=122 obsc=138 yr=  1G nz=0.01 flt=0.04 dmap=+0/-0 shz=3.2 plan=0 cmd=(lx=+0.00,ly=+0.00,rx=+0.45)
  t=155.6 AGR-BRK-TR pos=(-5.06,+2.37) yaw= +16.1 d=0.74 goal_err=+48 carrot_err= +52 c0=0.51 clear=0.34 prog=0.00 rel=0.96 bal=-0.31 obs=133 hard=122 obsc=138 yr=  0G nz=0.04 flt=0.00 dmap=+0/-0 shz=3.2 plan=0 cmd=(lx=+0.00,ly=+0.00,rx=+0.45)
  t=156.1 AGR-BRK-TR pos=(-5.06,+2.37) yaw=  +8.1 d=0.74 goal_err=+56 carrot_err= +60 c0=0.51 clear=0.34 prog=0.00 rel=0.97 bal=-0.26 obs=133 hard=122 obsc=138 yr= 18G nz=0.03 flt=0.00 dmap=+0/-0 shz=3.2 plan=0 cmd=(lx=+0.00,ly=+0.00,rx=+0.45)
  t=156.5 AGR-BRK-TR pos=(-5.06,+2.37) yaw=  +0.1 d=0.74 goal_err=+64 carrot_err= +68 c0=0.69 clear=0.46 prog=0.00 rel=0.99 bal=-0.10 obs=133 hard=122 obsc=138 yr= 18G nz=0.01 flt=0.00 dmap=+0/-0 shz=3.2 plan=0 cmd=(lx=+0.00,ly=+0.00,rx=+0.45)
  t=156.9 AGR-BRK-TR pos=(-5.06,+2.37) yaw=  -7.9 d=0.74 goal_err=+72 carrot_err= +76 c0=1.07 clear=0.71 prog=0.00 rel=0.87 bal=+0.03 obs=133 hard=124 obsc=138 yr= 18G nz=0.12 flt=0.00 dmap=+0/-0 shz=3.2 plan=0 cmd=(lx=+0.00,ly=+0.00,rx=+0.45)
  t=157.4 AGR-BRK-TR pos=(-5.05,+2.37) yaw= -15.8 d=0.74 goal_err=+81 carrot_err= +84 c0=1.06 clear=0.71 prog=0.01 rel=0.61 bal=-0.05 obs=133 hard=124 obsc=138 yr= 17G nz=0.39 flt=0.04 dmap=+0/-0 shz=3.2 plan=0 cmd=(lx=+0.00,ly=+0.00,rx=+0.45)
  t=157.8 AGR-DWA-T pos=(-5.03,+2.37) yaw= -15.7 d=0.73 goal_err=+81 carrot_err= +85 c0=1.05 clear=0.70 prog=0.02 rel=0.64 bal=-0.06 obs=133 hard=124 obsc=138 yr= 18G nz=0.36 flt=0.22 dmap=+0/-0 shz=3.2 plan=4 cmd=(lx=+0.00,ly=+0.00,rx=-0.45)
  t=158.3 AGR-DWA-T pos=(-5.03,+2.37) yaw=  -7.7 d=0.73 goal_err=+73 carrot_err= +77 c0=1.05 clear=0.70 prog=0.02 rel=0.78 bal=-0.06 obs=133 hard=124 obsc=138 yr= 18G nz=0.22 flt=0.00 dmap=+0/-0 shz=3.2 plan=4 cmd=(lx=+0.00,ly=+0.00,rx=-0.45)
  t=158.7 AGR-DWA-T pos=(-5.03,+2.37) yaw=  +0.4 d=0.73 goal_err=+65 carrot_err= +69 c0=0.67 clear=0.45 prog=0.02 rel=0.96 bal=-0.13 obs=133 hard=124 obsc=138 yr= 18G nz=0.04 flt=0.25 dmap=+0/-0 shz=3.2 plan=4 cmd=(lx=+0.00,ly=+0.00,rx=-0.45)
  t=159.2 AGR-DWA-T pos=(-5.03,+2.37) yaw=  +8.4 d=0.73 goal_err=+57 carrot_err= +61 c0=0.49 clear=0.33 prog=0.01 rel=0.59 bal=-0.25 obs=133 hard=125 obsc=138 yr= 18G nz=0.35 flt=0.00 dmap=+0/-0 shz=3.2 plan=4 cmd=(lx=+0.00,ly=+0.00,rx=-0.45)
  t=159.6 AGR-DWA-T pos=(-5.03,+2.37) yaw= +16.4 d=0.73 goal_err=+49 carrot_err= +53 c0=0.49 clear=0.33 prog=0.00 rel=0.60 bal=-0.30 obs=133 hard=125 obsc=138 yr= 18G nz=0.40 flt=0.09 dmap=+0/-0 shz=3.2 plan=4 cmd=(lx=+0.00,ly=+0.00,rx=-0.45)
  t=160.1 AGR-DWA-T pos=(-5.03,+2.37) yaw= +22.4 d=0.73 goal_err=+43 carrot_err= +47 c0=0.49 clear=0.33 prog=0.00 rel=0.89 bal=-0.30 obs=141 hard=121 obsc=145 yr=  0  nz=0.11 flt=0.00 dmap=+0/-0 shz=3.4 plan=4 cmd=(lx=+0.00,ly=+0.00,rx=+0.00)
  t=160.5 AGR-DWA-T pos=(-5.03,+2.37) yaw= +22.4 d=0.73 goal_err=+43 carrot_err= +47 c0=0.49 clear=0.33 prog=0.00 rel=0.89 bal=-0.30 obs=141 hard=121 obsc=141 yr=  0  nz=0.11 flt=0.05 dmap=+0/-0 shz=3.4 plan=4 cmd=(lx=+0.00,ly=+0.00,rx=+0.00)
  t=161.0 AGR-DWA-T pos=(-5.03,+2.37) yaw= +22.4 d=0.73 goal_err=+43 carrot_err= +47 c0=0.49 clear=0.33 prog=0.00 rel=0.89 bal=-0.30 obs=141 hard=121 obsc=141 yr=  0  nz=0.11 flt=0.05 dmap=+0/-0 shz=3.4 plan=4 cmd=(lx=+0.00,ly=+0.00,rx=+0.00)
  t=161.4 AGR-BRK-BK pos=(-5.03,+2.37) yaw= +22.4 d=0.73 goal_err=+43 carrot_err= +47 c0=0.49 clear=0.33 prog=0.00 rel=0.89 bal=-0.30 obs=141 hard=121 obsc=141 yr=  0  nz=0.11 flt=0.05 dmap=+0/-0 shz=3.4 plan=0 cmd=(lx=+0.00,ly=-0.35,rx=+0.00)
  t=161.9 AGR-BRK-TR pos=(-5.05,+2.36) yaw= +22.1 d=0.75 goal_err=+42 carrot_err= +46 c0=0.51 clear=0.34 prog=0.00 rel=1.00 bal=-0.30 obs=142 hard=122 obsc=142 yr=  1G nz=0.00 flt=0.03 dmap=+0/-0 shz=3.2 plan=0 cmd=(lx=+0.00,ly=+0.00,rx=+0.45)
  t=162.3 AGR-BRK-TR pos=(-5.05,+2.36) yaw= +14.1 d=0.75 goal_err=+50 carrot_err= +54 c0=0.51 clear=0.34 prog=0.00 rel=1.00 bal=-0.30 obs=142 hard=122 obsc=142 yr= 38G nz=0.00 flt=0.04 dmap=+0/-0 shz=3.2 plan=0 cmd=(lx=+0.00,ly=+0.00,rx=+0.45)
  t=162.7 AGR-BRK-TR pos=(-5.05,+2.36) yaw=  +8.1 d=0.75 goal_err=+56 carrot_err= +60 c0=0.51 clear=0.34 prog=0.00 rel=1.00 bal=-0.24 obs=142 hard=122 obsc=142 yr= 19G nz=0.00 flt=0.00 dmap=+0/-0 shz=3.2 plan=0 cmd=(lx=+0.00,ly=+0.00,rx=+0.45)
  t=163.2 AGR-BRK-TR pos=(-5.05,+2.36) yaw=  +0.0 d=0.75 goal_err=+64 carrot_err= +68 c0=0.69 clear=0.46 prog=0.00 rel=0.99 bal=-0.24 obs=142 hard=122 obsc=142 yr= 18G nz=0.01 flt=0.00 dmap=+0/-0 shz=3.2 plan=0 cmd=(lx=+0.00,ly=+0.00,rx=+0.45)
  t=163.6 AGR-BRK-TR pos=(-5.05,+2.36) yaw=  -8.0 d=0.75 goal_err=+72 carrot_err= +76 c0=1.07 clear=0.71 prog=0.00 rel=0.68 bal=-0.17 obs=142 hard=122 obsc=142 yr= 18G nz=0.31 flt=0.23 dmap=+0/-0 shz=3.2 plan=0 cmd=(lx=+0.00,ly=+0.00,rx=+0.45)
  t=164.1 AGR-BRK-TR pos=(-5.04,+2.36) yaw= -15.9 d=0.75 goal_err=+81 carrot_err= +85 c0=1.06 clear=0.70 prog=0.01 rel=0.61 bal=-0.18 obs=143 hard=125 obsc=143 yr= 18G nz=0.39 flt=0.07 dmap=+0/-0 shz=3.2 plan=0 cmd=(lx=+0.00,ly=+0.00,rx=+0.45)
  t=164.5 AGR-DWA-T pos=(-5.03,+2.36) yaw= -15.8 d=0.74 goal_err=+82 carrot_err= +86 c0=1.05 clear=0.70 prog=0.01 rel=0.65 bal=-0.18 obs=143 hard=125 obsc=143 yr= 18G nz=0.35 flt=0.22 dmap=+0/-0 shz=3.2 plan=4 cmd=(lx=+0.00,ly=+0.00,rx=-0.45)
  t=164.9 AGR-DWA-T pos=(-5.03,+2.36) yaw=  -7.7 d=0.74 goal_err=+74 carrot_err= +78 c0=1.05 clear=0.70 prog=0.01 rel=0.97 bal=-0.18 obs=143 hard=125 obsc=143 yr= 18G nz=0.03 flt=0.00 dmap=+0/-0 shz=3.2 plan=4 cmd=(lx=+0.00,ly=+0.00,rx=-0.45)
  t=165.4 AGR-DWA-T pos=(-5.03,+2.36) yaw=  +0.3 d=0.74 goal_err=+66 carrot_err= +70 c0=0.68 clear=0.45 prog=0.01 rel=0.69 bal=-0.12 obs=143 hard=125 obsc=143 yr= 18G nz=0.23 flt=0.28 dmap=+0/-0 shz=3.2 plan=4 cmd=(lx=+0.00,ly=+0.00,rx=-0.45)
  t=165.8 AGR-DWA-T pos=(-5.03,+2.36) yaw=  +6.3 d=0.74 goal_err=+59 carrot_err= +64 c0=0.49 clear=0.33 prog=0.01 rel=0.66 bal=-0.24 obs=143 hard=126 obsc=143 yr= 18G nz=0.34 flt=0.17 dmap=+0/-0 shz=3.2 plan=4 cmd=(lx=+0.00,ly=+0.00,rx=-0.45)
  t=166.3 AGR-DWA-T pos=(-5.03,+2.36) yaw= +14.3 d=0.74 goal_err=+51 carrot_err= +55 c0=0.49 clear=0.33 prog=0.00 rel=0.57 bal=-0.30 obs=143 hard=126 obsc=143 yr= 18G nz=0.36 flt=0.04 dmap=+0/-0 shz=3.2 plan=4 cmd=(lx=+0.00,ly=+0.00,rx=-0.45)
  t=166.7 AGR-DWA-T pos=(-5.03,+2.36) yaw= +22.3 d=0.74 goal_err=+43 carrot_err= +47 c0=0.49 clear=0.33 prog=0.00 rel=0.85 bal=-0.30 obs=143 hard=124 obsc=143 yr=  0  nz=0.15 flt=0.03 dmap=+0/-0 shz=3.4 plan=4 cmd=(lx=+0.00,ly=+0.00,rx=+0.00)
  t=167.2 AGR-DWA-T pos=(-5.03,+2.36) yaw= +22.3 d=0.74 goal_err=+43 carrot_err= +47 c0=0.49 clear=0.33 prog=0.00 rel=0.86 bal=-0.30 obs=143 hard=124 obsc=143 yr=  0  nz=0.14 flt=0.03 dmap=+0/-0 shz=3.4 plan=4 cmd=(lx=+0.00,ly=+0.00,rx=+0.00)
  t=167.6 AGR-DWA-T pos=(-5.03,+2.36) yaw= +22.3 d=0.74 goal_err=+43 carrot_err= +47 c0=0.49 clear=0.33 prog=0.00 rel=0.86 bal=-0.30 obs=143 hard=124 obsc=143 yr=  0  nz=0.14 flt=0.03 dmap=+0/-0 shz=3.4 plan=4 cmd=(lx=+0.00,ly=+0.00,rx=+0.00)
  t=168.0 AGR-BRK-BK pos=(-5.03,+2.36) yaw= +22.3 d=0.74 goal_err=+43 carrot_err= +47 c0=0.49 clear=0.33 prog=0.00 rel=0.86 bal=-0.30 obs=143 hard=124 obsc=143 yr=  0  nz=0.14 flt=0.03 dmap=+0/-0 shz=3.4 plan=0 cmd=(lx=+0.00,ly=-0.35,rx=+0.00)
  t=168.5 AGR-BRK-TR pos=(-5.05,+2.36) yaw= +22.0 d=0.75 goal_err=+43 carrot_err= +47 c0=0.51 clear=0.34 prog=0.00 rel=1.00 bal=-0.29 obs=142 hard=124 obsc=143 yr=  1G nz=0.00 flt=0.01 dmap=+0/-0 shz=3.2 plan=0 cmd=(lx=+0.00,ly=+0.00,rx=+0.45)
  t=168.9 AGR-BRK-TR pos=(-5.05,+2.36) yaw= +16.0 d=0.75 goal_err=+49 carrot_err= +53 c0=0.51 clear=0.34 prog=0.00 rel=0.98 bal=-0.29 obs=142 hard=124 obsc=143 yr= 19G nz=0.02 flt=0.11 dmap=+0/-0 shz=3.2 plan=0 cmd=(lx=+0.00,ly=+0.00,rx=+0.45)
  t=169.3 AGR-BRK-TR pos=(-5.05,+2.36) yaw=  +7.9 d=0.75 goal_err=+57 carrot_err= +61 c0=0.51 clear=0.34 prog=0.00 rel=0.98 bal=-0.24 obs=142 hard=124 obsc=143 yr= 18G nz=0.02 flt=0.00 dmap=+0/-0 shz=3.2 plan=0 cmd=(lx=+0.00,ly=+0.00,rx=+0.45)
  t=169.8 AGR-BRK-TR pos=(-5.05,+2.36) yaw=  -0.1 d=0.75 goal_err=+65 carrot_err= +69 c0=0.69 clear=0.46 prog=0.00 rel=0.98 bal=-0.24 obs=142 hard=126 obsc=143 yr= 18G nz=0.01 flt=0.00 dmap=+0/-0 shz=3.2 plan=0 cmd=(lx=+0.00,ly=+0.00,rx=+0.45)
  t=170.2 AGR-BRK-TR pos=(-5.05,+2.36) yaw=  -8.1 d=0.75 goal_err=+73 carrot_err= +77 c0=1.06 clear=0.71 prog=0.00 rel=0.86 bal=-0.17 obs=142 hard=126 obsc=143 yr= 19G nz=0.14 flt=0.00 dmap=+0/-0 shz=3.2 plan=0 cmd=(lx=+0.00,ly=+0.00,rx=+0.45)
  t=170.7 AGR-BRK-TR pos=(-5.04,+2.36) yaw= -16.1 d=0.75 goal_err=+81 carrot_err= +85 c0=1.06 clear=0.70 prog=0.01 rel=0.64 bal=-0.17 obs=142 hard=126 obsc=143 yr= 17G nz=0.36 flt=0.07 dmap=+0/-0 shz=3.2 plan=0 cmd=(lx=+0.00,ly=+0.00,rx=+0.45)
  t=171.1 AGR-DWA-T pos=(-5.03,+2.36) yaw= -19.9 d=0.74 goal_err=+86 carrot_err= +90 c0=1.04 clear=0.69 prog=0.02 rel=0.66 bal=-0.18 obs=142 hard=126 obsc=143 yr= 18G nz=0.34 flt=0.03 dmap=+0/-0 shz=3.2 plan=4 cmd=(lx=+0.00,ly=+0.00,rx=-0.45)
  t=171.5 AGR-DWA-T pos=(-5.03,+2.36) yaw= -11.9 d=0.74 goal_err=+78 carrot_err= +82 c0=1.04 clear=0.69 prog=0.02 rel=0.68 bal=-0.18 obs=142 hard=127 obsc=143 yr= 18G nz=0.23 flt=0.00 dmap=+0/-0 shz=3.2 plan=4 cmd=(lx=+0.00,ly=+0.00,rx=-0.45)
  t=172.0 AGR-DWA-T pos=(-5.03,+2.36) yaw=  -5.8 d=0.74 goal_err=+72 carrot_err= +76 c0=1.04 clear=0.69 prog=0.02 rel=0.97 bal=-0.18 obs=142 hard=127 obsc=143 yr= 18G nz=0.03 flt=0.15 dmap=+0/-0 shz=3.2 plan=4 cmd=(lx=+0.00,ly=+0.00,rx=-0.45)
  t=172.4 AGR-DWA-T pos=(-5.03,+2.36) yaw=  +2.2 d=0.74 goal_err=+64 carrot_err= +68 c0=0.67 clear=0.45 prog=0.02 rel=0.64 bal=-0.23 obs=142 hard=127 obsc=143 yr= 18G nz=0.28 flt=0.00 dmap=+0/-0 shz=3.2 plan=4 cmd=(lx=+0.00,ly=+0.00,rx=-0.45)
  t=172.9 AGR-DWA-T pos=(-5.03,+2.36) yaw= +10.2 d=0.74 goal_err=+56 carrot_err= +60 c0=0.49 clear=0.33 prog=0.00 rel=0.67 bal=-0.23 obs=142 hard=127 obsc=143 yr= 18G nz=0.34 flt=0.00 dmap=+0/-0 shz=3.2 plan=4 cmd=(lx=+0.00,ly=+0.00,rx=-0.45)
  t=173.3 AGR-DWA-T pos=(-5.03,+2.36) yaw= +18.2 d=0.74 goal_err=+48 carrot_err= +52 c0=0.49 clear=0.33 prog=0.00 rel=0.71 bal=-0.29 obs=142 hard=127 obsc=143 yr= 18G nz=0.29 flt=0.00 dmap=+0/-0 shz=3.4 plan=4 cmd=(lx=+0.00,ly=+0.00,rx=-0.45)
  t=173.8 AGR-DWA-T pos=(-5.03,+2.36) yaw= +22.2 d=0.74 goal_err=+44 carrot_err= +48 c0=0.49 clear=0.33 prog=0.00 rel=0.85 bal=-0.29 obs=127 hard=107 obsc=124 yr=  0  nz=0.15 flt=0.07 dmap=+1/-1 shz=3.4 plan=4 cmd=(lx=+0.00,ly=+0.00,rx=+0.00)
  t=174.2 AGR-DWA-T pos=(-5.03,+2.36) yaw= +22.2 d=0.74 goal_err=+44 carrot_err= +48 c0=0.49 clear=0.33 prog=0.00 rel=0.86 bal=-0.29 obs=127 hard=107 obsc=124 yr=  0  nz=0.14 flt=0.07 dmap=+0/-0 shz=3.4 plan=4 cmd=(lx=+0.00,ly=+0.00,rx=+0.00)
  t=174.7 AGR-DWA-T pos=(-5.03,+2.36) yaw= +22.2 d=0.74 goal_err=+44 carrot_err= +48 c0=0.49 clear=0.33 prog=0.00 rel=0.86 bal=-0.29 obs=127 hard=107 obsc=124 yr=  0  nz=0.14 flt=0.07 dmap=+0/-0 shz=3.4 plan=4 cmd=(lx=+0.00,ly=+0.00,rx=+0.00)
  t=175.1 AGR-BRK-BK pos=(-5.04,+2.35) yaw= +22.2 d=0.75 goal_err=+43 carrot_err= +47 c0=0.50 clear=0.34 prog=0.00 rel=0.86 bal=-0.28 obs=130 hard=110 obsc=127 yr=  0  nz=0.14 flt=0.00 dmap=+4/-1 shz=3.2 plan=0 cmd=(lx=+0.00,ly=-0.35,rx=+0.00)
  t=175.5 AGR-BRK-TR pos=(-5.05,+2.35) yaw= +19.9 d=0.76 goal_err=+45 carrot_err= +49 c0=0.51 clear=0.34 prog=0.00 rel=0.99 bal=-0.28 obs=130 hard=113 obsc=127 yr= 19G nz=0.01 flt=0.01 dmap=+0/-0 shz=3.3 plan=0 cmd=(lx=+0.00,ly=+0.00,rx=+0.45)
  t=176.0 AGR-BRK-TR pos=(-5.05,+2.35) yaw= +11.9 d=0.76 goal_err=+53 carrot_err= +57 c0=0.51 clear=0.34 prog=0.00 rel=0.98 bal=-0.23 obs=130 hard=113 obsc=127 yr= 18G nz=0.02 flt=0.11 dmap=+0/-0 shz=3.2 plan=0 cmd=(lx=+0.00,ly=+0.00,rx=+0.45)
  t=176.4 AGR-BRK-TR pos=(-5.05,+2.35) yaw=  +5.8 d=0.76 goal_err=+59 carrot_err= +63 c0=0.51 clear=0.34 prog=0.00 rel=0.98 bal=-0.23 obs=130 hard=113 obsc=127 yr=  0G nz=0.02 flt=0.00 dmap=+0/-0 shz=3.3 plan=0 cmd=(lx=+0.00,ly=+0.00,rx=+0.45)
  t=176.8 AGR-BRK-TR pos=(-5.05,+2.35) yaw=  -2.2 d=0.76 goal_err=+67 carrot_err= +71 c0=0.69 clear=0.46 prog=0.00 rel=0.89 bal=-0.08 obs=130 hard=113 obsc=127 yr= 18G nz=0.11 flt=0.00 dmap=+0/-0 shz=3.2 plan=0 cmd=(lx=+0.00,ly=+0.00,rx=+0.45)
  t=177.3 AGR-BRK-TR pos=(-5.05,+2.35) yaw= -10.2 d=0.76 goal_err=+75 carrot_err= +79 c0=1.06 clear=0.71 prog=0.00 rel=0.71 bal=-0.16 obs=130 hard=113 obsc=127 yr= 19G nz=0.29 flt=0.00 dmap=+0/-0 shz=3.3 plan=0 cmd=(lx=+0.00,ly=+0.00,rx=+0.45)
  t=177.7 AGR-DWA-T pos=(-5.04,+2.35) yaw= -18.1 d=0.76 goal_err=+84 carrot_err= +88 c0=1.05 clear=0.70 prog=0.01 rel=0.67 bal=-0.16 obs=130 hard=113 obsc=127 yr= 18G nz=0.33 flt=0.20 dmap=+0/-0 shz=3.2 plan=4 cmd=(lx=+0.00,ly=+0.00,rx=-0.45)
  t=178.2 AGR-DWA-T pos=(-5.03,+2.35) yaw= -14.0 d=0.75 goal_err=+80 carrot_err= +84 c0=1.04 clear=0.70 prog=0.01 rel=0.68 bal=-0.17 obs=131 hard=116 obsc=128 yr= 19G nz=0.25 flt=0.39 dmap=+0/-0 shz=3.3 plan=4 cmd=(lx=+0.00,ly=+0.00,rx=-0.45)
  t=178.6 AGR-DWA-T pos=(-5.03,+2.35) yaw=  -8.0 d=0.75 goal_err=+74 carrot_err= +78 c0=1.04 clear=0.70 prog=0.01 rel=0.97 bal=-0.17 obs=131 hard=116 obsc=128 yr= 18G nz=0.03 flt=0.05 dmap=+0/-0 shz=3.2 plan=4 cmd=(lx=+0.00,ly=+0.00,rx=-0.45)
  t=179.1 AGR-DWA-T pos=(-5.03,+2.35) yaw=  -0.0 d=0.75 goal_err=+66 carrot_err= +70 c0=0.68 clear=0.45 prog=0.01 rel=0.97 bal=-0.11 obs=131 hard=116 obsc=128 yr= 19G nz=0.03 flt=0.00 dmap=+0/-0 shz=3.3 plan=4 cmd=(lx=+0.00,ly=+0.00,rx=-0.45)
  t=179.5 AGR-DWA-T pos=(-5.03,+2.35) yaw=  +8.0 d=0.75 goal_err=+58 carrot_err= +62 c0=0.50 clear=0.33 prog=0.01 rel=0.65 bal=-0.22 obs=131 hard=116 obsc=128 yr= 18G nz=0.35 flt=0.16 dmap=+0/-0 shz=3.2 plan=4 cmd=(lx=+0.00,ly=+0.00,rx=-0.45)
  t=179.9 AGR-DWA-T pos=(-5.03,+2.35) yaw= +16.0 d=0.75 goal_err=+50 carrot_err= +54 c0=0.50 clear=0.33 prog=0.00 rel=0.60 bal=-0.28 obs=131 hard=116 obsc=128 yr= 18G nz=0.40 flt=0.01 dmap=+0/-0 shz=3.5 plan=4 cmd=(lx=+0.00,ly=+0.00,rx=-0.45)
  t=180.4 AGR-DWA-T pos=(-5.03,+2.35) yaw= +22.1 d=0.75 goal_err=+44 carrot_err= +48 c0=0.50 clear=0.33 prog=0.00 rel=0.62 bal=-0.28 obs=134 hard=113 obsc=132 yr= 19  nz=0.38 flt=0.00 dmap=+5/-2 shz=3.5 plan=4 cmd=(lx=+0.00,ly=+0.00,rx=+0.00)
  t=180.8 AGR-DWA-T pos=(-5.03,+2.35) yaw= +22.1 d=0.75 goal_err=+44 carrot_err= +48 c0=0.50 clear=0.33 prog=0.00 rel=0.98 bal=-0.28 obs=132 hard=113 obsc=127 yr=  0  nz=0.02 flt=0.08 dmap=+0/-0 shz=3.5 plan=4 cmd=(lx=+0.00,ly=+0.00,rx=+0.00)
  t=181.3 AGR-DWA-T pos=(-5.03,+2.35) yaw= +22.1 d=0.75 goal_err=+44 carrot_err= +48 c0=0.50 clear=0.33 prog=0.00 rel=0.98 bal=-0.28 obs=132 hard=113 obsc=127 yr=  0  nz=0.02 flt=0.08 dmap=+0/-0 shz=3.5 plan=4 cmd=(lx=+0.00,ly=+0.00,rx=+0.00)
  t=181.7 AGR-BRK-BK pos=(-5.03,+2.35) yaw= +22.1 d=0.75 goal_err=+44 carrot_err= +48 c0=0.50 clear=0.33 prog=0.00 rel=0.98 bal=-0.28 obs=132 hard=113 obsc=127 yr=  0  nz=0.02 flt=0.08 dmap=+0/-0 shz=3.5 plan=0 cmd=(lx=+0.00,ly=-0.35,rx=+0.00)
  t=182.2 AGR-BRK-TR pos=(-5.05,+2.34) yaw= +21.6 d=0.76 goal_err=+44 carrot_err= +48 c0=0.51 clear=0.34 prog=0.00 rel=0.96 bal=-0.27 obs=133 hard=112 obsc=126 yr=  1G nz=0.04 flt=0.01 dmap=+0/-0 shz=3.3 plan=0 cmd=(lx=+0.00,ly=+0.00,rx=+0.45)
  [spill] DERRAME t=81.66 eta=1.4 v=0.022
  t=182.6 AGR-BRK-TR pos=(-5.05,+2.34) yaw= +13.6 d=0.76 goal_err=+52 carrot_err= +56 c0=0.51 clear=0.34 prog=0.00 rel=0.98 bal=-0.27 obs=133 hard=112 obsc=126 yr= 18G nz=0.02 flt=0.00 dmap=+0/-0 shz=3.3 plan=0 cmd=(lx=+0.00,ly=+0.00,rx=+0.45)
  t=183.0 AGR-BRK-TR pos=(-5.05,+2.34) yaw=  +7.6 d=0.76 goal_err=+58 carrot_err= +62 c0=0.51 clear=0.34 prog=0.00 rel=0.98 bal=-0.22 obs=133 hard=112 obsc=126 yr= 19G nz=0.02 flt=0.00 dmap=+0/-0 shz=3.3 plan=0 cmd=(lx=+0.00,ly=+0.00,rx=+0.45)
  t=183.5 AGR-BRK-TR pos=(-5.05,+2.34) yaw=  -0.4 d=0.76 goal_err=+66 carrot_err= +70 c0=0.70 clear=0.46 prog=0.00 rel=0.88 bal=-0.22 obs=133 hard=112 obsc=126 yr= 18G nz=0.12 flt=0.00 dmap=+0/-0 shz=3.3 plan=0 cmd=(lx=+0.00,ly=+0.00,rx=+0.45)
  t=183.9 AGR-BRK-TR pos=(-5.05,+2.35) yaw=  -8.5 d=0.76 goal_err=+74 carrot_err= +78 c0=1.10 clear=0.73 prog=0.00 rel=0.66 bal=-0.15 obs=133 hard=114 obsc=126 yr= 18G nz=0.33 flt=0.00 dmap=+0/-0 shz=3.3 plan=0 cmd=(lx=+0.00,ly=+0.00,rx=+0.45)
  t=184.3 AGR-BRK-TR pos=(-5.04,+2.35) yaw= -16.4 d=0.76 goal_err=+82 carrot_err= +86 c0=1.10 clear=0.73 prog=0.00 rel=0.58 bal=-0.16 obs=133 hard=114 obsc=126 yr= 18G nz=0.41 flt=0.01 dmap=+0/-0 shz=3.3 plan=0 cmd=(lx=+0.00,ly=+0.00,rx=+0.45)
  t=184.8 AGR-DWA-T pos=(-5.03,+2.35) yaw= -22.3 d=0.76 goal_err=+89 carrot_err= +93 c0=1.08 clear=0.72 prog=0.01 rel=0.76 bal=-0.17 obs=133 hard=114 obsc=126 yr=  0G nz=0.24 flt=0.04 dmap=+0/-0 shz=3.3 plan=4 cmd=(lx=+0.00,ly=+0.00,rx=-0.45)
  t=185.2 AGR-DWA-T pos=(-5.03,+2.35) yaw= -14.3 d=0.76 goal_err=+81 carrot_err= +85 c0=1.08 clear=0.72 prog=0.01 rel=0.97 bal=-0.17 obs=133 hard=114 obsc=126 yr= 18G nz=0.03 flt=0.00 dmap=+0/-0 shz=3.3 plan=4 cmd=(lx=+0.00,ly=+0.00,rx=-0.45)
  t=185.7 AGR-DWA-T pos=(-5.03,+2.35) yaw=  -6.2 d=0.76 goal_err=+73 carrot_err= +77 c0=1.08 clear=0.72 prog=0.01 rel=0.97 bal=-0.17 obs=133 hard=114 obsc=126 yr= 19G nz=0.03 flt=0.00 dmap=+0/-0 shz=3.3 plan=4 cmd=(lx=+0.00,ly=+0.00,rx=-0.45)
  t=186.1 AGR-DWA-T pos=(-5.03,+2.35) yaw=  +1.8 d=0.76 goal_err=+65 carrot_err= +69 c0=0.68 clear=0.45 prog=0.01 rel=0.75 bal=-0.22 obs=133 hard=114 obsc=126 yr= 18G nz=0.25 flt=0.00 dmap=+0/-0 shz=3.5 plan=4 cmd=(lx=+0.00,ly=+0.00,rx=-0.45)
  t=186.6 AGR-DWA-T pos=(-5.03,+2.34) yaw=  +9.8 d=0.76 goal_err=+57 carrot_err= +61 c0=0.50 clear=0.33 prog=0.00 rel=0.56 bal=-0.22 obs=133 hard=114 obsc=126 yr= 19G nz=0.38 flt=0.27 dmap=+0/-0 shz=3.5 plan=4 cmd=(lx=+0.00,ly=+0.00,rx=-0.45)
  t=187.0 AGR-DWA-T pos=(-5.03,+2.34) yaw= +17.8 d=0.76 goal_err=+49 carrot_err= +53 c0=0.50 clear=0.33 prog=0.00 rel=0.56 bal=-0.27 obs=134 hard=115 obsc=127 yr= 17G nz=0.38 flt=0.01 dmap=+0/-0 shz=3.5 plan=4 cmd=(lx=+0.00,ly=+0.00,rx=-0.45)
  t=187.5 AGR-DWA-T pos=(-5.03,+2.34) yaw= +21.8 d=0.76 goal_err=+45 carrot_err= +49 c0=0.50 clear=0.33 prog=0.00 rel=0.62 bal=-0.27 obs=134 hard=110 obsc=128 yr=  0  nz=0.31 flt=0.11 dmap=+1/-1 shz=3.5 plan=4 cmd=(lx=+0.00,ly=+0.00,rx=+0.00)
  t=187.9 AGR-DWA-T pos=(-5.03,+2.34) yaw= +21.8 d=0.76 goal_err=+45 carrot_err= +49 c0=0.50 clear=0.33 prog=0.00 rel=0.89 bal=-0.27 obs=134 hard=110 obsc=128 yr=  0  nz=0.12 flt=0.11 dmap=+0/-0 shz=3.5 plan=4 cmd=(lx=+0.00,ly=+0.00,rx=+0.00)
  t=188.3 AGR-DWA-T pos=(-5.03,+2.34) yaw= +21.8 d=0.76 goal_err=+45 carrot_err= +49 c0=0.50 clear=0.33 prog=0.00 rel=0.89 bal=-0.27 obs=134 hard=110 obsc=128 yr=  0  nz=0.12 flt=0.11 dmap=+0/-0 shz=3.5 plan=4 cmd=(lx=+0.00,ly=+0.00,rx=+0.00)
  t=188.8 AGR-BRK-BK pos=(-5.04,+2.34) yaw= +21.8 d=0.76 goal_err=+44 carrot_err= +48 c0=0.51 clear=0.34 prog=0.00 rel=0.89 bal=-0.27 obs=134 hard=110 obsc=128 yr=  0  nz=0.12 flt=0.11 dmap=+0/-0 shz=3.5 plan=0 cmd=(lx=+0.00,ly=-0.35,rx=+0.00)
  t=189.2 AGR-BRK-TR pos=(-5.04,+2.34) yaw= +19.4 d=0.77 goal_err=+46 carrot_err= +50 c0=0.52 clear=0.34 prog=0.00 rel=0.98 bal=-0.27 obs=132 hard=112 obsc=129 yr= 19G nz=0.02 flt=0.14 dmap=+0/-0 shz=3.3 plan=0 cmd=(lx=+0.00,ly=+0.00,rx=+0.45)
  t=189.6 AGR-BRK-TR pos=(-5.04,+2.34) yaw= +11.4 d=0.77 goal_err=+54 carrot_err= +58 c0=0.52 clear=0.34 prog=0.00 rel=0.95 bal=-0.21 obs=133 hard=115 obsc=129 yr= 18G nz=0.03 flt=0.00 dmap=+1/-0 shz=3.3 plan=0 cmd=(lx=+0.00,ly=+0.00,rx=+0.45)
  t=190.1 AGR-BRK-TR pos=(-5.04,+2.34) yaw=  +5.4 d=0.77 goal_err=+60 carrot_err= +64 c0=0.70 clear=0.46 prog=0.00 rel=0.98 bal=-0.21 obs=133 hard=115 obsc=129 yr=  0G nz=0.02 flt=0.09 dmap=+0/-0 shz=3.3 plan=0 cmd=(lx=+0.00,ly=+0.00,rx=+0.45)
  t=190.5 AGR-BRK-TR pos=(-5.04,+2.34) yaw=  -2.6 d=0.77 goal_err=+68 carrot_err= +72 c0=0.70 clear=0.46 prog=0.00 rel=0.86 bal=-0.07 obs=133 hard=115 obsc=129 yr= 18G nz=0.14 flt=0.00 dmap=+0/-0 shz=3.3 plan=0 cmd=(lx=+0.00,ly=+0.00,rx=+0.45)
  t=191.0 AGR-BRK-TR pos=(-5.04,+2.34) yaw= -10.6 d=0.77 goal_err=+77 carrot_err= +80 c0=1.05 clear=0.70 prog=0.00 rel=0.71 bal=-0.15 obs=133 hard=115 obsc=129 yr= 18G nz=0.29 flt=0.10 dmap=+0/-0 shz=3.3 plan=0 cmd=(lx=+0.00,ly=+0.00,rx=+0.45)
  t=191.4 AGR-DWA-T pos=(-5.04,+2.34) yaw= -18.6 d=0.77 goal_err=+85 carrot_err= +89 c0=1.05 clear=0.70 prog=0.01 rel=0.66 bal=-0.15 obs=133 hard=115 obsc=129 yr= 17G nz=0.34 flt=0.01 dmap=+0/-0 shz=3.3 plan=4 cmd=(lx=+0.00,ly=+0.00,rx=-0.45)
  t=191.9 AGR-DWA-T pos=(-5.03,+2.34) yaw= -14.5 d=0.76 goal_err=+81 carrot_err= +85 c0=1.04 clear=0.69 prog=0.01 rel=0.74 bal=-0.16 obs=133 hard=115 obsc=129 yr= 18G nz=0.26 flt=0.24 dmap=+0/-0 shz=3.3 plan=4 cmd=(lx=+0.00,ly=+0.00,rx=-0.45)
  t=192.3 AGR-DWA-T pos=(-5.03,+2.34) yaw=  -6.5 d=0.76 goal_err=+73 carrot_err= +77 c0=1.04 clear=0.69 prog=0.01 rel=0.88 bal=-0.16 obs=133 hard=116 obsc=129 yr= 18G nz=0.01 flt=0.00 dmap=+0/-0 shz=3.3 plan=4 cmd=(lx=+0.00,ly=+0.00,rx=-0.45)
  t=192.7 AGR-DWA-T pos=(-5.03,+2.34) yaw=  +1.5 d=0.76 goal_err=+65 carrot_err= +69 c0=0.68 clear=0.46 prog=0.01 rel=0.72 bal=-0.21 obs=133 hard=116 obsc=129 yr= 18G nz=0.19 flt=0.00 dmap=+0/-0 shz=3.3 plan=4 cmd=(lx=+0.00,ly=+0.00,rx=-0.45)
  t=193.2 AGR-DWA-T pos=(-5.03,+2.34) yaw=  +9.6 d=0.76 goal_err=+57 carrot_err= +61 c0=0.51 clear=0.34 prog=0.01 rel=0.74 bal=-0.21 obs=133 hard=116 obsc=129 yr= 19G nz=0.26 flt=0.00 dmap=+0/-0 shz=3.5 plan=4 cmd=(lx=+0.00,ly=+0.00,rx=-0.45)
  t=193.6 AGR-DWA-T pos=(-5.03,+2.34) yaw= +17.6 d=0.76 goal_err=+49 carrot_err= +53 c0=0.51 clear=0.34 prog=0.00 rel=0.65 bal=-0.26 obs=133 hard=116 obsc=129 yr= 18G nz=0.35 flt=0.00 dmap=+0/-0 shz=3.5 plan=4 cmd=(lx=+0.00,ly=+0.00,rx=-0.45)
  t=194.1 AGR-DWA-T pos=(-5.03,+2.34) yaw= +23.6 d=0.76 goal_err=+43 carrot_err= +47 c0=0.51 clear=0.34 prog=0.00 rel=0.77 bal=-0.26 obs=140 hard=116 obsc=134 yr=  0  nz=0.13 flt=0.27 dmap=+0/-0 shz=3.5 plan=4 cmd=(lx=+0.00,ly=+0.00,rx=+0.00)
  t=194.5 AGR-DWA-T pos=(-5.03,+2.34) yaw= +23.6 d=0.76 goal_err=+43 carrot_err= +47 c0=0.51 clear=0.34 prog=0.00 rel=0.89 bal=-0.26 obs=140 hard=118 obsc=133 yr=  0  nz=0.11 flt=0.06 dmap=+0/-0 shz=3.5 plan=4 cmd=(lx=+0.00,ly=+0.00,rx=+0.00)
  t=195.0 AGR-DWA-T pos=(-5.03,+2.34) yaw= +23.6 d=0.76 goal_err=+43 carrot_err= +47 c0=0.51 clear=0.34 prog=0.00 rel=0.89 bal=-0.26 obs=140 hard=118 obsc=133 yr=  0  nz=0.11 flt=0.06 dmap=+0/-0 shz=3.5 plan=4 cmd=(lx=+0.00,ly=+0.00,rx=+0.00)
  t=195.4 AGR-BRK-BK pos=(-5.03,+2.34) yaw= +23.6 d=0.76 goal_err=+43 carrot_err= +47 c0=0.51 clear=0.34 prog=0.00 rel=0.89 bal=-0.26 obs=140 hard=118 obsc=133 yr=  0  nz=0.11 flt=0.06 dmap=+0/-0 shz=3.5 plan=0 cmd=(lx=+0.00,ly=-0.35,rx=+0.00)
  t=195.9 AGR-BRK-TR pos=(-5.04,+2.34) yaw= +23.2 d=0.77 goal_err=+43 carrot_err= +47 c0=0.51 clear=0.34 prog=0.00 rel=1.00 bal=-0.26 obs=137 hard=116 obsc=131 yr=  1G nz=0.00 flt=0.01 dmap=+0/-0 shz=3.2 plan=0 cmd=(lx=+0.00,ly=+0.00,rx=+0.45)
  t=196.3 AGR-BRK-TR pos=(-5.04,+2.34) yaw= +15.0 d=0.77 goal_err=+51 carrot_err= +55 c0=0.51 clear=0.34 prog=0.00 rel=0.99 bal=-0.26 obs=137 hard=116 obsc=131 yr= 36G nz=0.01 flt=0.10 dmap=+0/-0 shz=3.3 plan=0 cmd=(lx=+0.00,ly=+0.00,rx=+0.45)
  t=196.7 AGR-BRK-TR pos=(-5.04,+2.34) yaw=  +9.0 d=0.77 goal_err=+57 carrot_err= +61 c0=0.51 clear=0.34 prog=0.00 rel=0.99 bal=-0.20 obs=137 hard=116 obsc=131 yr= 18G nz=0.01 flt=0.19 dmap=+0/-0 shz=3.2 plan=0 cmd=(lx=+0.00,ly=+0.00,rx=+0.45)
  t=197.2 AGR-BRK-TR pos=(-5.04,+2.34) yaw=  +1.0 d=0.77 goal_err=+65 carrot_err= +69 c0=0.69 clear=0.46 prog=0.00 rel=0.89 bal=-0.20 obs=137 hard=116 obsc=131 yr= 19G nz=0.11 flt=0.00 dmap=+0/-0 shz=3.3 plan=0 cmd=(lx=+0.00,ly=+0.00,rx=+0.45)
  t=197.6 AGR-BRK-TR pos=(-5.04,+2.34) yaw=  -7.1 d=0.77 goal_err=+73 carrot_err= +77 c0=1.05 clear=0.70 prog=0.00 rel=0.70 bal=-0.15 obs=137 hard=116 obsc=131 yr= 18G nz=0.30 flt=0.10 dmap=+0/-0 shz=3.2 plan=0 cmd=(lx=+0.00,ly=+0.00,rx=+0.45)
  t=198.1 AGR-BRK-TR pos=(-5.04,+2.34) yaw= -15.1 d=0.77 goal_err=+81 carrot_err= +85 c0=1.05 clear=0.70 prog=0.00 rel=0.67 bal=-0.15 obs=137 hard=116 obsc=131 yr= 18G nz=0.33 flt=0.00 dmap=+0/-0 shz=3.3 plan=0 cmd=(lx=+0.00,ly=+0.00,rx=+0.45)
  t=198.5 AGR-DWA-T pos=(-5.04,+2.34) yaw= -17.1 d=0.77 goal_err=+84 carrot_err= +87 c0=1.05 clear=0.70 prog=0.00 rel=0.67 bal=-0.15 obs=137 hard=116 obsc=131 yr= 18G nz=0.33 flt=0.23 dmap=+0/-0 shz=3.2 plan=4 cmd=(lx=+0.00,ly=+0.00,rx=-0.45)
  t=198.9 AGR-DWA-T pos=(-5.04,+2.34) yaw=  -9.0 d=0.77 goal_err=+76 carrot_err= +79 c0=1.05 clear=0.70 prog=0.00 rel=0.95 bal=-0.15 obs=137 hard=116 obsc=131 yr= 18G nz=0.04 flt=0.00 dmap=+0/-0 shz=3.3 plan=4 cmd=(lx=+0.00,ly=+0.00,rx=-0.45)
  t=199.4 AGR-DWA-T pos=(-5.04,+2.34) yaw=  -1.0 d=0.77 goal_err=+68 carrot_err= +71 c0=0.69 clear=0.46 prog=0.00 rel=0.95 bal=-0.09 obs=137 hard=116 obsc=131 yr= 18G nz=0.04 flt=0.00 dmap=+0/-0 shz=3.3 plan=4 cmd=(lx=+0.00,ly=+0.00,rx=-0.45)
  t=199.8 AGR-DWA-T pos=(-5.04,+2.34) yaw=  +7.0 d=0.77 goal_err=+60 carrot_err= +63 c0=0.51 clear=0.34 prog=0.00 rel=0.66 bal=-0.20 obs=137 hard=117 obsc=131 yr= 18G nz=0.27 flt=0.00 dmap=+0/-0 shz=3.3 plan=4 cmd=(lx=+0.00,ly=+0.00,rx=-0.45)
  t=200.3 AGR-DWA-T pos=(-5.04,+2.34) yaw= +15.0 d=0.77 goal_err=+51 carrot_err= +55 c0=0.51 clear=0.34 prog=0.00 rel=0.63 bal=-0.26 obs=137 hard=117 obsc=131 yr= 18G nz=0.37 flt=0.12 dmap=+0/-0 shz=3.4 plan=4 cmd=(lx=+0.00,ly=+0.00,rx=-0.45)
  t=200.7 AGR-DWA-T pos=(-5.04,+2.34) yaw= +21.0 d=0.77 goal_err=+45 carrot_err= +49 c0=0.51 clear=0.34 prog=0.00 rel=0.69 bal=-0.26 obs=137 hard=117 obsc=131 yr= 18G nz=0.31 flt=0.00 dmap=+0/-0 shz=3.4 plan=4 cmd=(lx=+0.00,ly=+0.00,rx=+0.00)
  t=201.2 AGR-DWA-T pos=(-5.03,+2.34) yaw= +25.0 d=0.76 goal_err=+42 carrot_err= +46 c0=0.51 clear=0.34 prog=0.01 rel=0.85 bal=-0.26 obs=138 hard=116 obsc=131 yr=  0  nz=0.15 flt=0.01 dmap=+0/-0 shz=3.4 plan=4 cmd=(lx=+0.00,ly=+0.00,rx=+0.00)
  t=201.6 AGR-DWA-T pos=(-5.03,+2.34) yaw= +25.0 d=0.76 goal_err=+42 carrot_err= +46 c0=0.51 clear=0.34 prog=0.01 rel=0.85 bal=-0.26 obs=138 hard=116 obsc=131 yr=  0  nz=0.15 flt=0.01 dmap=+0/-0 shz=3.4 plan=4 cmd=(lx=+0.00,ly=+0.00,rx=+0.00)
  t=202.1 AGR-DWA-T pos=(-5.03,+2.34) yaw= +25.0 d=0.76 goal_err=+42 carrot_err= +46 c0=0.51 clear=0.34 prog=0.01 rel=0.85 bal=-0.26 obs=138 hard=116 obsc=131 yr=  0  nz=0.15 flt=0.01 dmap=+0/-0 shz=3.4 plan=0 cmd=(lx=+0.00,ly=+0.00,rx=+0.00)
  t=202.5 AGR-BRK-BK pos=(-5.03,+2.34) yaw= +24.7 d=0.77 goal_err=+42 carrot_err= +46 c0=0.51 clear=0.34 prog=0.01 rel=0.85 bal=-0.26 obs=132 hard=117 obsc=132 yr=  1  nz=0.15 flt=0.00 dmap=+0/-6 shz=3.2 plan=0 cmd=(lx=+0.00,ly=-0.35,rx=+0.00)
  t=202.9 AGR-BRK-TR pos=(-5.03,+2.34) yaw= +22.3 d=0.77 goal_err=+44 carrot_err= +48 c0=0.51 clear=0.34 prog=0.00 rel=0.98 bal=-0.26 obs=132 hard=117 obsc=132 yr= 19G nz=0.01 flt=0.04 dmap=+0/-0 shz=3.2 plan=0 cmd=(lx=+0.00,ly=+0.00,rx=+0.45)
  t=203.4 AGR-BRK-TR pos=(-5.03,+2.34) yaw= +14.3 d=0.77 goal_err=+52 carrot_err= +56 c0=0.51 clear=0.34 prog=0.00 rel=0.99 bal=-0.26 obs=135 hard=120 obsc=132 yr= 18G nz=0.01 flt=0.00 dmap=+0/-0 shz=3.2 plan=0 cmd=(lx=+0.00,ly=+0.00,rx=+0.45)
  t=203.8 AGR-BRK-TR pos=(-5.03,+2.34) yaw=  +6.3 d=0.77 goal_err=+60 carrot_err= +64 c0=0.69 clear=0.46 prog=0.00 rel=0.99 bal=-0.21 obs=135 hard=120 obsc=132 yr= 19G nz=0.01 flt=0.09 dmap=+0/-0 shz=3.2 plan=0 cmd=(lx=+0.00,ly=+0.00,rx=+0.45)
  t=204.2 AGR-BRK-TR pos=(-5.03,+2.34) yaw=  +0.3 d=0.77 goal_err=+66 carrot_err= +70 c0=0.69 clear=0.46 prog=0.00 rel=0.90 bal=-0.09 obs=135 hard=120 obsc=132 yr=  0G nz=0.10 flt=0.00 dmap=+0/-0 shz=3.2 plan=0 cmd=(lx=+0.00,ly=+0.00,rx=+0.45)
  t=204.7 AGR-BRK-TR pos=(-5.03,+2.34) yaw=  -7.7 d=0.77 goal_err=+74 carrot_err= +78 c0=1.04 clear=0.69 prog=0.00 rel=0.72 bal=-0.15 obs=135 hard=120 obsc=132 yr= 18G nz=0.28 flt=0.00 dmap=+0/-0 shz=3.2 plan=0 cmd=(lx=+0.00,ly=+0.00,rx=+0.45)
  t=205.1 AGR-DWA-T pos=(-5.03,+2.34) yaw= -15.8 d=0.77 goal_err=+82 carrot_err= +86 c0=1.04 clear=0.69 prog=0.00 rel=0.67 bal=-0.15 obs=135 hard=120 obsc=132 yr= 18G nz=0.33 flt=0.01 dmap=+0/-0 shz=3.2 plan=4 cmd=(lx=+0.00,ly=+0.00,rx=-0.45)
  t=205.6 AGR-DWA-T pos=(-5.03,+2.34) yaw=  -7.7 d=0.77 goal_err=+74 carrot_err= +78 c0=1.04 clear=0.69 prog=0.00 rel=0.73 bal=-0.15 obs=135 hard=120 obsc=132 yr= 17G nz=0.27 flt=0.29 dmap=+0/-0 shz=3.2 plan=4 cmd=(lx=+0.00,ly=+0.00,rx=-0.45)
  t=206.0 AGR-DWA-T pos=(-5.03,+2.34) yaw=  +0.3 d=0.77 goal_err=+66 carrot_err= +70 c0=0.69 clear=0.46 prog=0.00 rel=0.89 bal=-0.09 obs=135 hard=121 obsc=132 yr= 18G nz=0.02 flt=0.01 dmap=+0/-0 shz=3.2 plan=4 cmd=(lx=+0.00,ly=+0.00,rx=-0.45)
  t=206.5 AGR-DWA-T pos=(-5.03,+2.34) yaw=  +8.3 d=0.77 goal_err=+58 carrot_err= +62 c0=0.51 clear=0.34 prog=0.00 rel=0.73 bal=-0.21 obs=135 hard=121 obsc=132 yr= 18G nz=0.27 flt=0.13 dmap=+0/-0 shz=3.2 plan=4 cmd=(lx=+0.00,ly=+0.00,rx=-0.45)
  t=206.9 AGR-DWA-T pos=(-5.03,+2.34) yaw= +16.3 d=0.77 goal_err=+50 carrot_err= +54 c0=0.51 clear=0.34 prog=0.00 rel=0.65 bal=-0.26 obs=135 hard=121 obsc=132 yr= 18G nz=0.35 flt=0.00 dmap=+0/-0 shz=3.2 plan=4 cmd=(lx=+0.00,ly=+0.00,rx=-0.45)
  t=207.4 AGR-DWA-T pos=(-5.03,+2.34) yaw= +22.3 d=0.77 goal_err=+44 carrot_err= +48 c0=0.51 clear=0.34 prog=0.00 rel=0.71 bal=-0.26 obs=133 hard=114 obsc=135 yr=  0  nz=0.29 flt=0.00 dmap=+0/-0 shz=3.4 plan=4 cmd=(lx=+0.00,ly=+0.00,rx=+0.00)
  t=207.8 AGR-DWA-T pos=(-5.03,+2.34) yaw= +22.3 d=0.77 goal_err=+44 carrot_err= +48 c0=0.51 clear=0.34 prog=0.00 rel=0.88 bal=-0.26 obs=131 hard=110 obsc=127 yr=  0  nz=0.12 flt=0.05 dmap=+0/-0 shz=3.4 plan=4 cmd=(lx=+0.00,ly=+0.00,rx=+0.00)
  t=208.2 AGR-DWA-T pos=(-5.03,+2.34) yaw= +22.3 d=0.77 goal_err=+44 carrot_err= +48 c0=0.51 clear=0.34 prog=0.00 rel=0.88 bal=-0.26 obs=131 hard=110 obsc=127 yr=  0  nz=0.12 flt=0.05 dmap=+0/-0 shz=3.4 plan=4 cmd=(lx=+0.00,ly=+0.00,rx=+0.00)
  t=208.7 AGR-BRK-BK pos=(-5.03,+2.34) yaw= +22.3 d=0.77 goal_err=+44 carrot_err= +48 c0=0.51 clear=0.34 prog=0.00 rel=0.88 bal=-0.26 obs=131 hard=110 obsc=127 yr=  0  nz=0.12 flt=0.05 dmap=+0/-0 shz=3.4 plan=0 cmd=(lx=+0.00,ly=-0.35,rx=+0.00)
  t=209.1 AGR-BRK-TR pos=(-5.04,+2.33) yaw= +21.8 d=0.77 goal_err=+44 carrot_err= +48 c0=0.52 clear=0.34 prog=0.00 rel=0.98 bal=-0.26 obs=132 hard=112 obsc=126 yr=  1G nz=0.02 flt=0.03 dmap=+0/-0 shz=3.3 plan=0 cmd=(lx=+0.00,ly=+0.00,rx=+0.45)
  t=209.6 AGR-BRK-TR pos=(-5.04,+2.33) yaw= +13.8 d=0.77 goal_err=+52 carrot_err= +56 c0=0.52 clear=0.34 prog=0.00 rel=0.98 bal=-0.26 obs=132 hard=114 obsc=126 yr= 18G nz=0.01 flt=0.00 dmap=+0/-0 shz=3.3 plan=0 cmd=(lx=+0.00,ly=+0.00,rx=+0.45)
  t=210.0 AGR-BRK-TR pos=(-5.04,+2.33) yaw=  +7.8 d=0.77 goal_err=+58 carrot_err= +62 c0=0.52 clear=0.34 prog=0.00 rel=0.99 bal=-0.20 obs=132 hard=114 obsc=126 yr=  0G nz=0.01 flt=0.00 dmap=+0/-0 shz=3.3 plan=0 cmd=(lx=+0.00,ly=+0.00,rx=+0.45)
  t=210.4 AGR-BRK-TR pos=(-5.04,+2.33) yaw=  -0.3 d=0.77 goal_err=+66 carrot_err= +70 c0=0.69 clear=0.46 prog=0.00 rel=0.85 bal=-0.09 obs=132 hard=114 obsc=126 yr= 18G nz=0.15 flt=0.10 dmap=+0/-0 shz=3.3 plan=0 cmd=(lx=+0.00,ly=+0.00,rx=+0.45)
  t=210.9 AGR-BRK-TR pos=(-5.04,+2.33) yaw=  -8.3 d=0.77 goal_err=+74 carrot_err= +78 c0=1.05 clear=0.70 prog=0.00 rel=0.84 bal=-0.15 obs=132 hard=114 obsc=126 yr= 18G nz=0.16 flt=0.11 dmap=+0/-0 shz=3.2 plan=0 cmd=(lx=+0.00,ly=+0.00,rx=+0.45)
  t=211.3 AGR-BRK-TR pos=(-5.04,+2.33) yaw= -16.3 d=0.77 goal_err=+83 carrot_err= +86 c0=1.05 clear=0.70 prog=0.00 rel=0.68 bal=-0.15 obs=132 hard=114 obsc=126 yr= 18G nz=0.32 flt=0.00 dmap=+0/-0 shz=3.3 plan=0 cmd=(lx=+0.00,ly=+0.00,rx=+0.45)
  t=211.7 AGR-DWA-T pos=(-5.03,+2.33) yaw= -18.2 d=0.77 goal_err=+85 carrot_err= +89 c0=1.04 clear=0.69 prog=0.01 rel=0.74 bal=-0.15 obs=132 hard=114 obsc=126 yr= 19G nz=0.26 flt=0.00 dmap=+0/-0 shz=3.2 plan=4 cmd=(lx=+0.00,ly=+0.00,rx=-0.45)
  t=212.2 AGR-DWA-T pos=(-5.03,+2.33) yaw= -10.2 d=0.77 goal_err=+77 carrot_err= +81 c0=1.04 clear=0.69 prog=0.01 rel=0.97 bal=-0.15 obs=132 hard=114 obsc=126 yr= 18G nz=0.03 flt=0.00 dmap=+0/-0 shz=3.2 plan=4 cmd=(lx=+0.00,ly=+0.00,rx=-0.45)
  t=212.6 AGR-DWA-T pos=(-5.03,+2.33) yaw=  -2.2 d=0.77 goal_err=+69 carrot_err= +73 c0=1.04 clear=0.69 prog=0.01 rel=0.88 bal=-0.09 obs=132 hard=115 obsc=126 yr= 18G nz=0.04 flt=0.00 dmap=+0/-0 shz=3.2 plan=4 cmd=(lx=+0.00,ly=+0.00,rx=-0.45)
  t=213.1 AGR-DWA-T pos=(-5.03,+2.33) yaw=  +5.9 d=0.77 goal_err=+61 carrot_err= +65 c0=0.69 clear=0.46 prog=0.01 rel=0.77 bal=-0.20 obs=132 hard=115 obsc=126 yr= 18G nz=0.23 flt=0.00 dmap=+0/-0 shz=3.2 plan=4 cmd=(lx=+0.00,ly=+0.00,rx=-0.45)
  t=213.5 AGR-DWA-T pos=(-5.03,+2.33) yaw= +13.9 d=0.77 goal_err=+53 carrot_err= +57 c0=0.51 clear=0.34 prog=0.00 rel=0.64 bal=-0.26 obs=132 hard=115 obsc=126 yr= 18G nz=0.36 flt=0.00 dmap=+0/-0 shz=3.3 plan=4 cmd=(lx=+0.00,ly=+0.00,rx=-0.45)
  t=214.0 AGR-DWA-T pos=(-5.03,+2.33) yaw= +19.9 d=0.77 goal_err=+47 carrot_err= +51 c0=0.51 clear=0.34 prog=0.00 rel=0.63 bal=-0.26 obs=132 hard=115 obsc=126 yr= 18G nz=0.37 flt=0.00 dmap=+0/-0 shz=3.5 plan=4 cmd=(lx=+0.00,ly=+0.00,rx=+0.00)
  t=214.4 AGR-DWA-T pos=(-5.03,+2.33) yaw= +23.9 d=0.77 goal_err=+43 carrot_err= +47 c0=0.51 clear=0.34 prog=0.00 rel=0.69 bal=-0.26 obs=130 hard=113 obsc=128 yr=  0  nz=0.31 flt=0.03 dmap=+1/-3 shz=3.5 plan=4 cmd=(lx=+0.00,ly=+0.00,rx=+0.00)
  t=214.9 AGR-DWA-T pos=(-5.03,+2.33) yaw= +23.9 d=0.77 goal_err=+43 carrot_err= +47 c0=0.51 clear=0.34 prog=0.00 rel=0.90 bal=-0.26 obs=130 hard=113 obsc=128 yr=  0  nz=0.10 flt=0.03 dmap=+0/-0 shz=3.5 plan=4 cmd=(lx=+0.00,ly=+0.00,rx=+0.00)
  t=215.3 AGR-DWA-T pos=(-5.03,+2.33) yaw= +23.9 d=0.77 goal_err=+43 carrot_err= +47 c0=0.51 clear=0.34 prog=0.00 rel=0.90 bal=-0.26 obs=130 hard=113 obsc=128 yr=  0  nz=0.10 flt=0.03 dmap=+0/-0 shz=3.5 plan=0 cmd=(lx=+0.00,ly=+0.00,rx=+0.00)
  t=215.8 AGR-BRK-BK pos=(-5.03,+2.33) yaw= +23.6 d=0.77 goal_err=+43 carrot_err= +47 c0=0.51 clear=0.34 prog=0.00 rel=0.99 bal=-0.26 obs=131 hard=110 obsc=125 yr=  1  nz=0.01 flt=0.00 dmap=+0/-0 shz=3.3 plan=0 cmd=(lx=+0.00,ly=-0.35,rx=+0.00)
  t=216.2 AGR-BRK-TR pos=(-5.04,+2.33) yaw= +21.3 d=0.77 goal_err=+45 carrot_err= +49 c0=0.51 clear=0.34 prog=0.00 rel=0.98 bal=-0.26 obs=131 hard=111 obsc=126 yr= 19G nz=0.02 flt=0.03 dmap=+0/-0 shz=3.3 plan=0 cmd=(lx=+0.00,ly=+0.00,rx=+0.45)
  t=216.6 AGR-BRK-TR pos=(-5.04,+2.33) yaw= +13.3 d=0.77 goal_err=+53 carrot_err= +57 c0=0.51 clear=0.34 prog=0.00 rel=0.98 bal=-0.26 obs=132 hard=114 obsc=127 yr= 19G nz=0.02 flt=0.00 dmap=+1/-0 shz=3.3 plan=0 cmd=(lx=+0.00,ly=+0.00,rx=+0.45)
  t=217.1 AGR-BRK-TR pos=(-5.04,+2.33) yaw=  +5.2 d=0.77 goal_err=+61 carrot_err= +65 c0=0.69 clear=0.46 prog=0.00 rel=0.98 bal=-0.20 obs=132 hard=114 obsc=127 yr= 18G nz=0.02 flt=0.09 dmap=+0/-0 shz=3.3 plan=0 cmd=(lx=+0.00,ly=+0.00,rx=+0.45)
  t=217.5 AGR-BRK-TR pos=(-5.04,+2.33) yaw=  -0.8 d=0.77 goal_err=+67 carrot_err= +71 c0=0.69 clear=0.46 prog=0.00 rel=0.86 bal=-0.09 obs=132 hard=114 obsc=127 yr=  0G nz=0.14 flt=0.00 dmap=+0/-0 shz=3.3 plan=0 cmd=(lx=+0.00,ly=+0.00,rx=+0.45)
  t=217.9 AGR-BRK-TR pos=(-5.04,+2.33) yaw=  -8.8 d=0.77 goal_err=+75 carrot_err= +79 c0=1.04 clear=0.70 prog=0.00 rel=0.70 bal=-0.15 obs=132 hard=114 obsc=127 yr= 18G nz=0.30 flt=0.00 dmap=+0/-0 shz=3.3 plan=0 cmd=(lx=+0.00,ly=+0.00,rx=+0.45)
  t=218.4 AGR-DWA-T pos=(-5.04,+2.33) yaw= -16.8 d=0.77 goal_err=+84 carrot_err= +87 c0=1.04 clear=0.70 prog=0.00 rel=0.67 bal=-0.15 obs=132 hard=114 obsc=127 yr= 18G nz=0.34 flt=0.00 dmap=+0/-0 shz=3.3 plan=4 cmd=(lx=+0.00,ly=+0.00,rx=-0.45)
  t=218.8 AGR-DWA-T pos=(-5.04,+2.33) yaw=  -8.8 d=0.77 goal_err=+75 carrot_err= +79 c0=1.04 clear=0.70 prog=0.00 rel=0.71 bal=-0.15 obs=132 hard=114 obsc=127 yr= 18G nz=0.22 flt=0.38 dmap=+0/-0 shz=3.3 plan=4 cmd=(lx=+0.00,ly=+0.00,rx=-0.45)
  t=219.3 AGR-DWA-T pos=(-5.04,+2.33) yaw=  -2.8 d=0.77 goal_err=+69 carrot_err= +73 c0=1.04 clear=0.70 prog=0.00 rel=0.88 bal=-0.06 obs=132 hard=115 obsc=127 yr=  0G nz=0.02 flt=0.00 dmap=+0/-0 shz=3.3 plan=4 cmd=(lx=+0.00,ly=+0.00,rx=-0.45)
  t=219.7 AGR-DWA-T pos=(-5.04,+2.33) yaw=  +7.2 d=0.77 goal_err=+59 carrot_err= +63 c0=0.51 clear=0.34 prog=0.00 rel=0.71 bal=-0.20 obs=132 hard=115 obsc=127 yr= 18G nz=0.21 flt=0.16 dmap=+0/-0 shz=3.3 plan=4 cmd=(lx=+0.00,ly=+0.00,rx=-0.45)
  t=220.2 AGR-DWA-T pos=(-5.04,+2.33) yaw= +15.3 d=0.77 goal_err=+51 carrot_err= +55 c0=0.51 clear=0.34 prog=0.00 rel=0.62 bal=-0.26 obs=132 hard=115 obsc=127 yr= 18G nz=0.38 flt=0.00 dmap=+0/-0 shz=3.3 plan=4 cmd=(lx=+0.00,ly=+0.00,rx=-0.45)
  t=220.6 AGR-DWA-T pos=(-5.04,+2.33) yaw= +21.3 d=0.77 goal_err=+45 carrot_err= +49 c0=0.51 clear=0.34 prog=0.00 rel=0.64 bal=-0.26 obs=132 hard=115 obsc=127 yr=  0  nz=0.36 flt=0.00 dmap=+0/-0 shz=3.5 plan=4 cmd=(lx=+0.00,ly=+0.00,rx=+0.00)
  t=221.1 AGR-DWA-T pos=(-5.04,+2.33) yaw= +23.3 d=0.77 goal_err=+43 carrot_err= +47 c0=0.51 clear=0.34 prog=0.00 rel=0.99 bal=-0.26 obs=134 hard=114 obsc=128 yr=  0  nz=0.01 flt=0.07 dmap=+0/-0 shz=3.5 plan=4 cmd=(lx=+0.00,ly=+0.00,rx=+0.00)
  t=221.5 AGR-DWA-T pos=(-5.04,+2.33) yaw= +23.3 d=0.77 goal_err=+43 carrot_err= +47 c0=0.51 clear=0.34 prog=0.00 rel=0.99 bal=-0.26 obs=134 hard=114 obsc=128 yr=  0  nz=0.01 flt=0.07 dmap=+0/-0 shz=3.5 plan=4 cmd=(lx=+0.00,ly=+0.00,rx=+0.00)
  t=222.0 AGR-BRK-BK pos=(-5.04,+2.33) yaw= +23.3 d=0.77 goal_err=+43 carrot_err= +47 c0=0.51 clear=0.34 prog=0.00 rel=0.99 bal=-0.26 obs=134 hard=114 obsc=128 yr=  0  nz=0.01 flt=0.07 dmap=+0/-0 shz=3.5 plan=0 cmd=(lx=+0.00,ly=-0.35,rx=+0.00)
  t=222.4 AGR-BRK-TR pos=(-5.04,+2.33) yaw= +22.8 d=0.77 goal_err=+44 carrot_err= +48 c0=0.51 clear=0.34 prog=0.00 rel=0.98 bal=-0.25 obs=135 hard=114 obsc=128 yr=  1  nz=0.01 flt=0.01 dmap=+0/-0 shz=3.3 plan=0 cmd=(lx=+0.00,ly=+0.00,rx=+0.45)
  t=222.8 AGR-BRK-TR pos=(-5.04,+2.33) yaw= +16.6 d=0.77 goal_err=+50 carrot_err= +54 c0=0.51 clear=0.34 prog=0.00 rel=0.98 bal=-0.25 obs=135 hard=114 obsc=128 yr= 18G nz=0.01 flt=0.12 dmap=+0/-0 shz=3.3 plan=0 cmd=(lx=+0.00,ly=+0.00,rx=+0.45)
  t=223.3 AGR-BRK-TR pos=(-5.04,+2.33) yaw= +10.6 d=0.77 goal_err=+56 carrot_err= +60 c0=0.51 clear=0.34 prog=0.00 rel=0.99 bal=-0.20 obs=135 hard=114 obsc=128 yr= 18G nz=0.01 flt=0.00 dmap=+0/-0 shz=3.3 plan=0 cmd=(lx=+0.00,ly=+0.00,rx=+0.45)
  t=223.7 AGR-BRK-TR pos=(-5.04,+2.33) yaw=  +2.6 d=0.77 goal_err=+64 carrot_err= +68 c0=0.69 clear=0.46 prog=0.00 rel=0.99 bal=-0.20 obs=135 hard=114 obsc=128 yr= 18G nz=0.01 flt=0.00 dmap=+0/-0 shz=3.3 plan=0 cmd=(lx=+0.00,ly=+0.00,rx=+0.45)
  t=224.1 AGR-BRK-TR pos=(-5.04,+2.33) yaw=  -5.4 d=0.77 goal_err=+72 carrot_err= +76 c0=1.05 clear=0.70 prog=0.00 rel=0.87 bal=-0.15 obs=135 hard=114 obsc=128 yr= 19G nz=0.13 flt=0.00 dmap=+0/-0 shz=3.3 plan=0 cmd=(lx=+0.00,ly=+0.00,rx=+0.45)
  t=224.6 AGR-BRK-TR pos=(-5.04,+2.33) yaw= -13.4 d=0.77 goal_err=+80 carrot_err= +84 c0=1.05 clear=0.70 prog=0.00 rel=0.64 bal=-0.15 obs=135 hard=117 obsc=128 yr= 18G nz=0.35 flt=0.00 dmap=+0/-0 shz=3.3 plan=0 cmd=(lx=+0.00,ly=+0.00,rx=+0.45)
  t=225.0 AGR-DWA-T pos=(-5.04,+2.33) yaw= -17.4 d=0.77 goal_err=+84 carrot_err= +88 c0=1.04 clear=0.70 prog=0.00 rel=0.64 bal=-0.15 obs=135 hard=117 obsc=128 yr= 18G nz=0.36 flt=0.16 dmap=+0/-0 shz=3.3 plan=4 cmd=(lx=+0.00,ly=+0.00,rx=-0.45)
  t=225.5 AGR-DWA-T pos=(-5.04,+2.33) yaw=  -9.4 d=0.77 goal_err=+76 carrot_err= +80 c0=1.04 clear=0.70 prog=0.00 rel=0.79 bal=-0.15 obs=135 hard=117 obsc=128 yr= 18G nz=0.21 flt=0.01 dmap=+0/-0 shz=3.3 plan=4 cmd=(lx=+0.00,ly=+0.00,rx=-0.45)
  t=225.9 AGR-DWA-T pos=(-5.04,+2.33) yaw=  -3.4 d=0.77 goal_err=+70 carrot_err= +74 c0=1.04 clear=0.70 prog=0.00 rel=0.90 bal=-0.15 obs=135 hard=117 obsc=128 yr=  0G nz=0.01 flt=0.28 dmap=+0/-0 shz=3.3 plan=4 cmd=(lx=+0.00,ly=+0.00,rx=-0.45)
  t=226.4 AGR-DWA-T pos=(-5.04,+2.33) yaw=  +4.6 d=0.77 goal_err=+62 carrot_err= +66 c0=0.69 clear=0.46 prog=0.00 rel=0.74 bal=-0.20 obs=135 hard=117 obsc=128 yr= 17G nz=0.26 flt=0.00 dmap=+0/-0 shz=3.3 plan=4 cmd=(lx=+0.00,ly=+0.00,rx=-0.45)
  t=226.8 AGR-DWA-T pos=(-5.04,+2.33) yaw= +12.6 d=0.77 goal_err=+54 carrot_err= +58 c0=0.51 clear=0.34 prog=0.00 rel=0.73 bal=-0.20 obs=135 hard=117 obsc=128 yr= 18G nz=0.27 flt=0.28 dmap=+0/-0 shz=3.5 plan=4 cmd=(lx=+0.00,ly=+0.00,rx=-0.45)
  t=227.2 AGR-DWA-T pos=(-5.04,+2.33) yaw= +20.7 d=0.77 goal_err=+46 carrot_err= +50 c0=0.51 clear=0.34 prog=0.00 rel=0.73 bal=-0.25 obs=135 hard=117 obsc=128 yr= 19G nz=0.27 flt=0.00 dmap=+0/-0 shz=3.5 plan=4 cmd=(lx=+0.00,ly=+0.00,rx=+0.00)
  t=227.7 AGR-DWA-T pos=(-5.04,+2.33) yaw= +22.7 d=0.77 goal_err=+44 carrot_err= +48 c0=0.51 clear=0.34 prog=0.00 rel=0.86 bal=-0.25 obs=135 hard=116 obsc=128 yr=  0  nz=0.14 flt=0.01 dmap=+0/-0 shz=3.5 plan=4 cmd=(lx=+0.00,ly=+0.00,rx=+0.00)

  >>> META2 EXPERIENCE-ABORT: experiencia mala 94% en 150s con progreso +0.24m. Ninguna analogia es valida aqui: STOP y aborto (pide ayuda/reposiciona). G1_M2_ABORT=0 desactiva.
  [spill] derrames=1 E[N]=0.33 eta_max=1.40 riesgo=1.0%
  [dataset] travesia guardada -> /Users/adrianlendinezibanez/Claude/Projects/G1 ROBOT/dataset/20260708_140409_ours_B.json
  [stats] fila anadida -> /Users/adrianlendinezibanez/Claude/Projects/G1 ROBOT/dataset/runs_stats.csv

Fin goto.
  [META2-L2] estado guardado (meta2_state_abctrl.json): Pl={'Efficient_Nav': 1.0, 'Cautious_Nav': 0.92} derrames_run=1
  backend grafico: TkAgg
>>> SIM ADAPTER: conectando a rosbridge ws://localhost:8765 ...
  esperando /odom (hasta 30s; el mundo del lab tarda en cargar)... ok
  /odom OK pose=(+0.99,+0.57) | /scan: OK
  escenario LAB: mapa/waypoints/puerta REALES (lab.world solo-paredes, frame G1)

>>> GOTO 'B' -> (-4.73,+3.04). Mando en mano (L2+B). Ctrl+C aborta.
    ENTORNO: SIM (id: lab_v1_ab_ctrl)  — esta run se registra como SIMULACION, no cuenta como run de robot
  Esperando pose localizada y primera nube... ok.
  FRAME-CHECK start=(+0.99,+0.57) wp_mas_cercano=A(+0.99,+0.57) offset=0.00m  -> frame OK (pose y waypoints alineados)
  [spill] payload de agua simulado (semilla=20260730_120521_ours_B.json)
  META2 ACTIVO (techo por analogia): Meta-Reasoner 2.0, analogia inicial Cautious_Nav

  !!!!!!!!!!!!!!!!!!!!!!!!!!!!!!!!!!!!!!!!!!!!!!!!!!!!!!!!!!!!!!!!!!!!!!!!!!
  !!  VISION OFF (G1_PERC sin definir) pero G1_NOVIS=1: navego SIN vision bajo tu responsabilidad.
  !!  La MESA invisible al LiDAR no se vera.
  !!!!!!!!!!!!!!!!!!!!!!!!!!!!!!!!!!!!!!!!!!!!!!!!!!!!!!!!!!!!!!!!!!!!!!!!!!

  mapa de referencia: 961 celdas | muebles estaticos (nav_map): 0 celdas | plan global: static
  t=  0.0 DWA-F pos=(+0.99,+0.57) yaw=-120.3 d=6.23 goal_err=-83 carrot_err= -62 c0=2.25 clear=1.00 prog=0.00 rel=1.00 bal=+0.19 obs=108 hard=108 obsc=108 yr=  0  nz=0.00 flt=0.19 dmap=+108/-0 shz=0.0 plan=34 cmd=(lx=+0.00,ly=+0.40,rx=+0.45)
  t=  0.5 DWA-F pos=(+0.97,+0.53) yaw=-126.3 d=6.22 goal_err=-77 carrot_err= -59 c0=2.21 clear=1.00 prog=0.05 rel=0.97 bal=+0.28 obs=111 hard=111 obsc=111 yr= 18G nz=0.03 flt=0.14 dmap=+0/-0 shz=3.2 plan=34 cmd=(lx=+0.00,ly=+0.40,rx=+0.45)
  t=  0.9 DWA-F pos=(+0.93,+0.49) yaw=-134.4 d=6.21 goal_err=-70 carrot_err= -55 c0=2.28 clear=1.00 prog=0.09 rel=0.97 bal=+0.41 obs=111 hard=111 obsc=111 yr= 19G nz=0.03 flt=0.06 dmap=+0/-0 shz=3.5 plan=34 cmd=(lx=+0.00,ly=+0.40,rx=+0.45)
  t=  1.3 DWA-F pos=(+0.88,+0.45) yaw=-142.4 d=6.18 goal_err=-62 carrot_err= -35 c0=2.50 clear=1.00 prog=0.12 rel=0.96 bal=+0.41 obs=111 hard=111 obsc=111 yr= 19  nz=0.04 flt=0.01 dmap=+0/-0 shz=3.7 plan=34 cmd=(lx=+0.00,ly=+0.40,rx=+0.00)
  t=  1.8 DWA-F pos=(+0.82,+0.40) yaw=-144.4 d=6.15 goal_err=-61 carrot_err= -36 c0=2.50 clear=1.00 prog=0.16 rel=0.81 bal=+0.42 obs=145 hard=132 obsc=152 yr=  0  nz=0.19 flt=0.02 dmap=+0/-0 shz=3.7 plan=33 cmd=(lx=+0.00,ly=+0.40,rx=+0.00)
  t=  2.2 DWA-F pos=(+0.77,+0.37) yaw=-146.4 d=6.12 goal_err=-60 carrot_err= -36 c0=2.50 clear=1.00 prog=0.19 rel=0.81 bal=+0.43 obs=153 hard=134 obsc=155 yr= 18G nz=0.19 flt=0.00 dmap=+0/-0 shz=3.9 plan=33 cmd=(lx=+0.00,ly=+0.40,rx=+0.45)
  t=  2.6 DWA-F pos=(+0.72,+0.34) yaw=-152.4 d=6.09 goal_err=-54 carrot_err= -33 c0=2.50 clear=1.00 prog=0.22 rel=0.85 bal=+0.44 obs=156 hard=138 obsc=160 yr=  0  nz=0.15 flt=0.00 dmap=+4/-2 shz=3.8 plan=33 cmd=(lx=+0.00,ly=+0.40,rx=+0.00)
  t=  3.1 DWA-F pos=(+0.66,+0.30) yaw=-152.4 d=6.05 goal_err=-54 carrot_err= -34 c0=2.50 clear=1.00 prog=0.25 rel=0.99 bal=+0.44 obs=158 hard=150 obsc=160 yr=  0  nz=0.01 flt=0.00 dmap=+0/-0 shz=3.9 plan=32 cmd=(lx=+0.00,ly=+0.40,rx=+0.00)
  t=  3.5 DWA-F pos=(+0.62,+0.28) yaw=-152.4 d=6.02 goal_err=-55 carrot_err= -36 c0=2.50 clear=1.00 prog=0.25 rel=0.99 bal=+0.37 obs=158 hard=156 obsc=161 yr=  0  nz=0.01 flt=0.01 dmap=+0/-0 shz=3.8 plan=32 cmd=(lx=+0.00,ly=+0.40,rx=+0.00)
  t=  4.0 DWA-F pos=(+0.58,+0.26) yaw=-152.4 d=6.00 goal_err=-55 carrot_err= -37 c0=2.50 clear=1.00 prog=0.23 rel=0.99 bal=+0.37 obs=162 hard=161 obsc=163 yr=  0G nz=0.01 flt=0.00 dmap=+0/-0 shz=3.9 plan=32 cmd=(lx=+0.00,ly=+0.40,rx=+0.45)
  t=  4.4 DWA-F pos=(+0.53,+0.24) yaw=-158.4 d=5.96 goal_err=-50 carrot_err= -34 c0=2.50 clear=1.00 prog=0.24 rel=0.99 bal=+0.38 obs=164 hard=162 obsc=164 yr= 19  nz=0.01 flt=0.00 dmap=+2/-0 shz=3.9 plan=32 cmd=(lx=+0.00,ly=+0.40,rx=+0.00)
  t=  4.8 DWA-F pos=(+0.48,+0.22) yaw=-158.4 d=5.93 goal_err=-50 carrot_err= -20 c0=2.50 clear=1.00 prog=0.24 rel=0.99 bal=+0.40 obs=165 hard=163 obsc=165 yr=  0  nz=0.01 flt=0.00 dmap=+0/-0 shz=3.8 plan=32 cmd=(lx=+0.00,ly=+0.40,rx=+0.00)
  t=  5.3 DWA-F pos=(+0.44,+0.20) yaw=-158.4 d=5.90 goal_err=-50 carrot_err= -21 c0=2.50 clear=1.00 prog=0.23 rel=0.99 bal=+0.42 obs=165 hard=163 obsc=165 yr=  0  nz=0.01 flt=0.00 dmap=+0/-0 shz=3.9 plan=32 cmd=(lx=+0.00,ly=+0.40,rx=+0.00)
  t=  5.7 DWA-F pos=(+0.40,+0.19) yaw=-158.4 d=5.87 goal_err=-51 carrot_err= -23 c0=2.50 clear=1.00 prog=0.24 rel=0.99 bal=+0.43 obs=167 hard=165 obsc=168 yr=  0  nz=0.01 flt=0.00 dmap=+2/-0 shz=3.9 plan=32 cmd=(lx=+0.00,ly=+0.40,rx=+0.00)
  t=  6.1 DWA-F pos=(+0.36,+0.17) yaw=-158.4 d=5.84 goal_err=-51 carrot_err= -24 c0=2.50 clear=1.00 prog=0.24 rel=0.99 bal=+0.44 obs=169 hard=166 obsc=169 yr=  0  nz=0.01 flt=0.00 dmap=+1/-0 shz=3.9 plan=31 cmd=(lx=+0.00,ly=+0.40,rx=+0.00)
  t=  6.6 DWA-F pos=(+0.32,+0.15) yaw=-158.4 d=5.81 goal_err=-51 carrot_err= -25 c0=2.50 clear=1.00 prog=0.23 rel=0.99 bal=+0.45 obs=168 hard=166 obsc=169 yr=  0  nz=0.01 flt=0.01 dmap=+0/-0 shz=3.9 plan=31 cmd=(lx=+0.00,ly=+0.40,rx=+0.00)
  t=  7.0 DWA-F pos=(+0.27,+0.13) yaw=-158.4 d=5.78 goal_err=-52 carrot_err= -13 c0=2.50 clear=1.00 prog=0.23 rel=0.98 bal=+0.46 obs=167 hard=166 obsc=167 yr=  0  nz=0.02 flt=0.00 dmap=+0/-0 shz=3.9 plan=31 cmd=(lx=+0.00,ly=+0.40,rx=+0.00)
  t=  7.4 DWA-F pos=(+0.21,+0.11) yaw=-158.4 d=5.75 goal_err=-52 carrot_err= -14 c0=2.50 clear=1.00 prog=0.24 rel=0.98 bal=+0.47 obs=166 hard=165 obsc=167 yr=  0  nz=0.01 flt=0.00 dmap=+0/-1 shz=3.9 plan=31 cmd=(lx=+0.00,ly=+0.40,rx=+0.00)
  t=  7.9 DWA-F pos=(+0.17,+0.10) yaw=-158.4 d=5.72 goal_err=-53 carrot_err= -14 c0=2.50 clear=1.00 prog=0.23 rel=0.99 bal=+0.47 obs=166 hard=165 obsc=167 yr=  0  nz=0.01 flt=0.00 dmap=+0/-0 shz=3.9 plan=30 cmd=(lx=+0.00,ly=+0.40,rx=+0.00)
  t=  8.3 DWA-F pos=(+0.13,+0.08) yaw=-158.4 d=5.69 goal_err=-53 carrot_err= -15 c0=2.49 clear=1.00 prog=0.23 rel=0.99 bal=+0.40 obs=170 hard=168 obsc=170 yr=  0  nz=0.01 flt=0.00 dmap=+0/-0 shz=3.9 plan=30 cmd=(lx=+0.00,ly=+0.40,rx=+0.00)
  t=  8.7 DWA-F pos=(+0.08,+0.06) yaw=-158.4 d=5.66 goal_err=-53 carrot_err= -18 c0=2.43 clear=1.00 prog=0.23 rel=0.98 bal=+0.41 obs=168 hard=168 obsc=169 yr=  0  nz=0.02 flt=0.02 dmap=+0/-1 shz=3.9 plan=30 cmd=(lx=+0.00,ly=+0.40,rx=+0.00)
  t=  9.2 DWA-F pos=(+0.04,+0.04) yaw=-158.4 d=5.63 goal_err=-54 carrot_err= -19 c0=2.39 clear=1.00 prog=0.23 rel=0.94 bal=+0.42 obs=170 hard=169 obsc=170 yr=  0  nz=0.06 flt=0.00 dmap=+1/-0 shz=3.9 plan=29 cmd=(lx=+0.00,ly=+0.40,rx=+0.00)
  t=  9.6 DWA-F pos=(-0.00,+0.03) yaw=-158.4 d=5.61 goal_err=-54 carrot_err= -20 c0=2.34 clear=1.00 prog=0.21 rel=0.91 bal=+0.42 obs=172 hard=172 obsc=173 yr=  0  nz=0.09 flt=0.00 dmap=+0/-0 shz=3.9 plan=29 cmd=(lx=+0.00,ly=+0.40,rx=+0.00)
  t= 10.0 DWA-F pos=(-0.04,+0.01) yaw=-158.4 d=5.58 goal_err=-54 carrot_err= -21 c0=2.30 clear=1.00 prog=0.21 rel=0.92 bal=+0.43 obs=172 hard=172 obsc=175 yr=  0  nz=0.08 flt=0.00 dmap=+0/-0 shz=3.9 plan=29 cmd=(lx=+0.00,ly=+0.40,rx=+0.00)
  t= 10.5 DWA-F pos=(-0.10,-0.01) yaw=-158.4 d=5.55 goal_err=-55 carrot_err= -22 c0=2.25 clear=1.00 prog=0.21 rel=0.92 bal=+0.46 obs=175 hard=172 obsc=175 yr=  0  nz=0.08 flt=0.00 dmap=+2/-0 shz=3.9 plan=29 cmd=(lx=+0.00,ly=+0.40,rx=+0.00)
  t= 10.9 DWA-F pos=(-0.14,-0.03) yaw=-158.4 d=5.52 goal_err=-55 carrot_err= -23 c0=2.20 clear=1.00 prog=0.21 rel=0.92 bal=+0.47 obs=176 hard=173 obsc=176 yr=  0  nz=0.08 flt=0.00 dmap=+0/-0 shz=3.9 plan=28 cmd=(lx=+0.00,ly=+0.40,rx=+0.00)
  t= 11.3 DWA-F pos=(-0.18,-0.04) yaw=-158.4 d=5.50 goal_err=-56 carrot_err= -25 c0=2.16 clear=1.00 prog=0.21 rel=0.92 bal=+0.49 obs=176 hard=174 obsc=176 yr=  0  nz=0.08 flt=0.01 dmap=+0/-0 shz=3.9 plan=28 cmd=(lx=+0.00,ly=+0.40,rx=+0.00)
  t= 11.8 DWA-F pos=(-0.22,-0.06) yaw=-158.4 d=5.47 goal_err=-56 carrot_err= -26 c0=2.12 clear=1.00 prog=0.21 rel=0.92 bal=+0.51 obs=176 hard=174 obsc=177 yr=  0  nz=0.08 flt=0.01 dmap=+2/-1 shz=3.9 plan=28 cmd=(lx=+0.00,ly=+0.40,rx=+0.00)
  t= 12.2 DWA-F pos=(-0.28,-0.08) yaw=-158.4 d=5.44 goal_err=-57 carrot_err= -28 c0=2.05 clear=1.00 prog=0.23 rel=0.92 bal=+0.53 obs=176 hard=172 obsc=176 yr=  0  nz=0.08 flt=0.00 dmap=+1/-0 shz=3.9 plan=28 cmd=(lx=+0.00,ly=+0.40,rx=+0.00)
  t= 12.6 DWA-F pos=(-0.32,-0.10) yaw=-158.4 d=5.41 goal_err=-57 carrot_err= -28 c0=2.01 clear=1.00 prog=0.21 rel=0.90 bal=+0.54 obs=179 hard=174 obsc=179 yr=  0  nz=0.10 flt=0.00 dmap=+0/-0 shz=4.0 plan=28 cmd=(lx=+0.00,ly=+0.40,rx=+0.00)
  t= 13.1 DWA-F pos=(-0.36,-0.12) yaw=-158.4 d=5.39 goal_err=-57 carrot_err= -29 c0=1.96 clear=1.00 prog=0.21 rel=0.91 bal=+0.55 obs=179 hard=176 obsc=179 yr=  0  nz=0.09 flt=0.00 dmap=+0/-0 shz=3.9 plan=28 cmd=(lx=+0.00,ly=+0.40,rx=+0.00)
  t= 13.5 DWA-F pos=(-0.42,-0.14) yaw=-158.4 d=5.36 goal_err=-58 carrot_err= -31 c0=1.91 clear=1.00 prog=0.22 rel=0.90 bal=+0.56 obs=180 hard=178 obsc=180 yr=  0  nz=0.10 flt=0.00 dmap=+0/-0 shz=3.9 plan=28 cmd=(lx=+0.00,ly=+0.40,rx=+0.00)
  t= 14.0 DWA-F pos=(-0.46,-0.15) yaw=-158.4 d=5.33 goal_err=-58 carrot_err= -33 c0=1.87 clear=1.00 prog=0.20 rel=0.91 bal=+0.57 obs=180 hard=177 obsc=182 yr=  0  nz=0.09 flt=0.01 dmap=+0/-0 shz=4.0 plan=27 cmd=(lx=+0.00,ly=+0.40,rx=+0.00)
  t= 14.4 DWA-F pos=(-0.50,-0.17) yaw=-158.4 d=5.31 goal_err=-59 carrot_err= -35 c0=1.82 clear=1.00 prog=0.19 rel=0.91 bal=+0.57 obs=182 hard=178 obsc=184 yr=  0  nz=0.09 flt=0.01 dmap=+0/-0 shz=3.9 plan=27 cmd=(lx=+0.00,ly=+0.40,rx=+0.00)
  t= 14.8 DWA-F pos=(-0.54,-0.18) yaw=-158.4 d=5.29 goal_err=-59 carrot_err= -37 c0=1.78 clear=1.00 prog=0.19 rel=0.92 bal=+0.50 obs=184 hard=178 obsc=184 yr=  0G nz=0.08 flt=0.01 dmap=+0/-0 shz=4.0 plan=27 cmd=(lx=+0.00,ly=+0.40,rx=+0.45)
  t= 15.3 DWA-F pos=(-0.59,-0.20) yaw=-164.4 d=5.26 goal_err=-54 carrot_err= -42 c0=1.73 clear=1.00 prog=0.20 rel=0.91 bal=+0.52 obs=184 hard=179 obsc=185 yr=  0  nz=0.09 flt=0.01 dmap=+1/-1 shz=3.9 plan=26 cmd=(lx=+0.00,ly=+0.40,rx=+0.45)
  t= 15.7 DWA-F pos=(-0.63,-0.21) yaw=-168.4 d=5.23 goal_err=-50 carrot_err= -40 c0=1.68 clear=1.00 prog=0.19 rel=0.92 bal=+0.52 obs=184 hard=179 obsc=185 yr= 18G nz=0.08 flt=0.00 dmap=+0/-0 shz=4.0 plan=26 cmd=(lx=+0.00,ly=+0.40,rx=+0.45)
  t= 16.2 DWA-F pos=(-0.69,-0.22) yaw=-174.5 d=5.19 goal_err=-44 carrot_err= -36 c0=1.88 clear=1.00 prog=0.22 rel=0.88 bal=+0.54 obs=195 hard=188 obsc=196 yr=  0  nz=0.12 flt=0.16 dmap=+0/-0 shz=4.0 plan=26 cmd=(lx=+0.00,ly=+0.40,rx=+0.00)
  t= 16.6 DWA-F pos=(-0.74,-0.23) yaw=-174.5 d=5.15 goal_err=-45 carrot_err= -39 c0=1.83 clear=1.00 prog=0.25 rel=0.87 bal=+0.55 obs=197 hard=192 obsc=198 yr=  0G nz=0.13 flt=0.01 dmap=+0/-0 shz=4.0 plan=26 cmd=(lx=+0.00,ly=+0.40,rx=+0.45)
  t= 17.0 DWA-F pos=(-0.79,-0.23) yaw=-178.5 d=5.12 goal_err=-41 carrot_err= -29 c0=1.79 clear=1.00 prog=0.25 rel=0.86 bal=+0.56 obs=196 hard=194 obsc=198 yr=  0  nz=0.14 flt=0.01 dmap=+0/-1 shz=4.0 plan=25 cmd=(lx=+0.00,ly=+0.40,rx=+0.00)
  t= 17.5 DWA-F pos=(-0.83,-0.23) yaw=-178.5 d=5.09 goal_err=-42 carrot_err= -31 c0=1.75 clear=1.00 prog=0.27 rel=0.91 bal=+0.57 obs=194 hard=195 obsc=197 yr=  0  nz=0.09 flt=0.00 dmap=+0/-2 shz=4.0 plan=25 cmd=(lx=+0.00,ly=+0.40,rx=+0.00)
  t= 17.9 DWA-F pos=(-0.89,-0.23) yaw=-178.5 d=5.05 goal_err=-42 carrot_err= -33 c0=1.88 clear=1.00 prog=0.28 rel=0.90 bal=+0.55 obs=194 hard=191 obsc=195 yr=  0  nz=0.10 flt=0.02 dmap=+0/-0 shz=4.0 plan=25 cmd=(lx=+0.00,ly=+0.40,rx=+0.00)
  t= 18.3 DWA-F pos=(-0.93,-0.23) yaw=-178.5 d=5.01 goal_err=-42 carrot_err= -38 c0=1.83 clear=1.00 prog=0.27 rel=0.91 bal=+0.38 obs=193 hard=193 obsc=195 yr=  0  nz=0.09 flt=0.00 dmap=+0/-0 shz=4.0 plan=24 cmd=(lx=+0.00,ly=+0.40,rx=+0.00)
  t= 18.8 DWA-F pos=(-0.98,-0.23) yaw=-178.5 d=4.98 goal_err=-43 carrot_err= -39 c0=1.79 clear=1.00 prog=0.27 rel=0.91 bal=+0.36 obs=192 hard=190 obsc=194 yr=  0G nz=0.09 flt=0.00 dmap=+0/-0 shz=4.0 plan=24 cmd=(lx=+0.00,ly=+0.40,rx=+0.45)
  t= 19.2 DWA-F pos=(-1.02,-0.23) yaw=+175.5 d=4.95 goal_err=-37 carrot_err= -35 c0=1.78 clear=1.00 prog=0.27 rel=0.94 bal=+0.35 obs=203 hard=203 obsc=205 yr=  0  nz=0.06 flt=0.02 dmap=+0/-1 shz=4.0 plan=24 cmd=(lx=+0.00,ly=+0.40,rx=+0.00)
  t= 19.6 DWA-F pos=(-1.07,-0.23) yaw=+175.5 d=4.91 goal_err=-37 carrot_err= -36 c0=1.73 clear=1.00 prog=0.27 rel=0.94 bal=+0.34 obs=204 hard=203 obsc=205 yr=  0  nz=0.06 flt=0.00 dmap=+0/-0 shz=4.0 plan=24 cmd=(lx=+0.00,ly=+0.40,rx=+0.00)
  t= 20.1 DWA-F pos=(-1.12,-0.22) yaw=+173.5 d=4.87 goal_err=-36 carrot_err= -36 c0=1.68 clear=1.00 prog=0.28 rel=0.92 bal=+0.32 obs=204 hard=202 obsc=205 yr= 19G nz=0.08 flt=0.13 dmap=+0/-0 shz=4.0 plan=24 cmd=(lx=+0.00,ly=+0.40,rx=+0.00)
  t= 20.5 DWA-F pos=(-1.18,-0.22) yaw=+169.5 d=4.82 goal_err=-32 carrot_err= -34 c0=1.62 clear=1.00 prog=0.30 rel=0.90 bal=+0.31 obs=202 hard=203 obsc=206 yr=  0  nz=0.10 flt=0.00 dmap=+0/-3 shz=4.0 plan=24 cmd=(lx=+0.00,ly=+0.40,rx=+0.00)
  t= 21.0 DWA-F pos=(-1.22,-0.21) yaw=+169.5 d=4.78 goal_err=-32 carrot_err= -27 c0=1.58 clear=1.00 prog=0.31 rel=0.91 bal=+0.30 obs=203 hard=202 obsc=204 yr=  0  nz=0.09 flt=0.01 dmap=+0/-0 shz=4.0 plan=24 cmd=(lx=+0.00,ly=+0.40,rx=+0.00)
  t= 21.4 DWA-F pos=(-1.27,-0.20) yaw=+169.5 d=4.74 goal_err=-33 carrot_err= -29 c0=1.53 clear=1.00 prog=0.33 rel=0.90 bal=+0.29 obs=203 hard=203 obsc=205 yr=  0  nz=0.10 flt=0.00 dmap=+0/-0 shz=4.0 plan=23 cmd=(lx=+0.00,ly=+0.40,rx=+0.00)
  t= 21.8 DWA-F pos=(-1.32,-0.19) yaw=+169.5 d=4.70 goal_err=-33 carrot_err= -30 c0=1.48 clear=0.99 prog=0.32 rel=0.91 bal=+0.28 obs=203 hard=201 obsc=205 yr=  0  nz=0.09 flt=0.01 dmap=+1/-1 shz=4.0 plan=23 cmd=(lx=+0.00,ly=+0.40,rx=+0.00)
  t= 22.3 DWA-F pos=(-1.36,-0.18) yaw=+169.5 d=4.66 goal_err=-33 carrot_err= -32 c0=1.44 clear=0.96 prog=0.30 rel=0.91 bal=+0.28 obs=203 hard=199 obsc=204 yr=  0  nz=0.09 flt=0.00 dmap=+0/-0 shz=4.0 plan=23 cmd=(lx=+0.00,ly=+0.40,rx=+0.00)
  t= 22.7 DWA-F pos=(-1.42,-0.17) yaw=+169.5 d=4.61 goal_err=-34 carrot_err= -26 c0=1.38 clear=0.92 prog=0.32 rel=0.93 bal=+0.27 obs=204 hard=202 obsc=205 yr=  0  nz=0.07 flt=0.02 dmap=+0/-0 shz=4.0 plan=23 cmd=(lx=+0.00,ly=+0.40,rx=+0.00)
  t= 23.1 DWA-F pos=(-1.46,-0.16) yaw=+169.5 d=4.58 goal_err=-34 carrot_err= -16 c0=1.34 clear=0.89 prog=0.32 rel=0.92 bal=+0.27 obs=203 hard=202 obsc=205 yr=  0  nz=0.08 flt=0.01 dmap=+0/-0 shz=4.0 plan=22 cmd=(lx=+0.00,ly=+0.40,rx=+0.00)
  t= 23.6 DWA-F pos=(-1.50,-0.16) yaw=+169.5 d=4.54 goal_err=-34 carrot_err= -17 c0=1.30 clear=0.86 prog=0.30 rel=0.91 bal=+0.13 obs=204 hard=204 obsc=205 yr=  0  nz=0.09 flt=0.01 dmap=+2/-0 shz=4.0 plan=22 cmd=(lx=+0.00,ly=+0.40,rx=+0.00)
  t= 24.0 DWA-F pos=(-1.55,-0.15) yaw=+169.5 d=4.50 goal_err=-35 carrot_err= -22 c0=1.25 clear=0.84 prog=0.30 rel=0.92 bal=+0.13 obs=202 hard=204 obsc=205 yr=  0  nz=0.08 flt=0.01 dmap=+0/-2 shz=4.0 plan=22 cmd=(lx=+0.00,ly=+0.40,rx=+0.00)
  t= 24.4 DWA-F pos=(-1.60,-0.14) yaw=+169.5 d=4.46 goal_err=-35 carrot_err= -23 c0=1.20 clear=0.80 prog=0.31 rel=0.92 bal=+0.13 obs=202 hard=202 obsc=205 yr=  0  nz=0.09 flt=0.02 dmap=+0/-0 shz=4.0 plan=21 cmd=(lx=+0.00,ly=+0.40,rx=+0.00)
  t= 24.9 DWA-F pos=(-1.65,-0.13) yaw=+169.5 d=4.42 goal_err=-35 carrot_err= -25 c0=1.16 clear=0.77 prog=0.29 rel=0.92 bal=+0.13 obs=204 hard=203 obsc=206 yr=  0  nz=0.09 flt=0.02 dmap=+0/-0 shz=4.0 plan=21 cmd=(lx=+0.00,ly=+0.40,rx=+0.00)
  t= 25.3 DWA-F pos=(-1.69,-0.12) yaw=+169.5 d=4.39 goal_err=-36 carrot_err= -26 c0=1.11 clear=0.74 prog=0.29 rel=0.91 bal=+0.13 obs=204 hard=202 obsc=205 yr=  0  nz=0.09 flt=0.01 dmap=+0/-0 shz=4.0 plan=21 cmd=(lx=+0.00,ly=+0.40,rx=+0.00)
  t= 25.7 DWA-F pos=(-1.74,-0.11) yaw=+169.5 d=4.34 goal_err=-36 carrot_err= -29 c0=1.06 clear=0.71 prog=0.31 rel=0.93 bal=+0.13 obs=204 hard=204 obsc=205 yr=  0  nz=0.07 flt=0.01 dmap=+0/-0 shz=4.0 plan=21 cmd=(lx=+0.00,ly=+0.40,rx=+0.00)
  t= 26.2 DWA-F pos=(-1.80,-0.10) yaw=+169.5 d=4.30 goal_err=-36 carrot_err= -21 c0=1.01 clear=0.67 prog=0.31 rel=0.92 bal=+0.12 obs=205 hard=204 obsc=207 yr=  0  nz=0.08 flt=0.02 dmap=+0/-0 shz=4.0 plan=20 cmd=(lx=+0.00,ly=+0.40,rx=+0.00)
  t= 26.6 DWA-F pos=(-1.84,-0.09) yaw=+169.5 d=4.26 goal_err=-37 carrot_err= -23 c0=0.96 clear=0.64 prog=0.31 rel=0.92 bal=+0.11 obs=207 hard=204 obsc=208 yr=  0  nz=0.08 flt=0.02 dmap=+0/-0 shz=4.0 plan=20 cmd=(lx=+0.00,ly=+0.40,rx=+0.00)
  t= 27.0 DWA-F pos=(-1.89,-0.08) yaw=+169.5 d=4.22 goal_err=-37 carrot_err= -26 c0=0.92 clear=0.61 prog=0.31 rel=0.92 bal=+0.11 obs=206 hard=204 obsc=208 yr=  0  nz=0.08 flt=0.00 dmap=+0/-1 shz=4.0 plan=20 cmd=(lx=+0.00,ly=+0.40,rx=+0.00)
  t= 27.5 DWA-F pos=(-1.94,-0.07) yaw=+169.5 d=4.18 goal_err=-38 carrot_err= -28 c0=0.87 clear=0.58 prog=0.32 rel=0.92 bal=+0.10 obs=207 hard=204 obsc=208 yr=  0  nz=0.08 flt=0.00 dmap=+0/-0 shz=4.0 plan=19 cmd=(lx=+0.00,ly=+0.40,rx=+0.00)
  t= 27.9 DWA-F pos=(-1.98,-0.07) yaw=+169.5 d=4.15 goal_err=-38 carrot_err= -29 c0=0.83 clear=0.55 prog=0.30 rel=0.92 bal=+0.10 obs=207 hard=206 obsc=209 yr=  0  nz=0.08 flt=0.00 dmap=+0/-0 shz=4.0 plan=19 cmd=(lx=+0.00,ly=+0.40,rx=+0.00)
  t= 28.3 DWA-F pos=(-2.03,-0.06) yaw=+169.5 d=4.11 goal_err=-38 carrot_err= -30 c0=0.79 clear=0.52 prog=0.28 rel=0.91 bal=+0.10 obs=207 hard=205 obsc=209 yr=  0  nz=0.09 flt=0.01 dmap=+1/-0 shz=4.0 plan=19 cmd=(lx=+0.00,ly=+0.40,rx=+0.00)
  t= 28.8 DWA-F pos=(-2.08,-0.05) yaw=+167.5 d=4.07 goal_err=-37 carrot_err= -30 c0=0.73 clear=0.49 prog=0.30 rel=0.93 bal=-0.04 obs=208 hard=207 obsc=210 yr= 19G nz=0.07 flt=0.01 dmap=+0/-0 shz=4.0 plan=19 cmd=(lx=+0.00,ly=+0.40,rx=+0.00)
  t= 29.2 DWA-F pos=(-2.13,-0.04) yaw=+165.5 d=4.03 goal_err=-35 carrot_err= -22 c0=1.08 clear=0.72 prog=0.28 rel=0.90 bal=-0.05 obs=208 hard=208 obsc=212 yr=  0  nz=0.10 flt=0.01 dmap=+0/-0 shz=4.0 plan=18 cmd=(lx=+0.00,ly=+0.40,rx=+0.00)
  t= 29.7 DWA-F pos=(-2.17,-0.03) yaw=+165.5 d=4.00 goal_err=-36 carrot_err= -22 c0=1.03 clear=0.69 prog=0.28 rel=0.78 bal=-0.20 obs=210 hard=210 obsc=213 yr=  0  nz=0.22 flt=0.02 dmap=+0/-0 shz=4.0 plan=18 cmd=(lx=+0.00,ly=+0.40,rx=+0.00)
  t= 30.1 DWA-F pos=(-2.22,-0.01) yaw=+165.5 d=3.95 goal_err=-36 carrot_err= -24 c0=0.98 clear=0.65 prog=0.30 rel=0.79 bal=-0.50 obs=212 hard=210 obsc=214 yr=  0  nz=0.21 flt=0.01 dmap=+0/-0 shz=4.0 plan=18 cmd=(lx=+0.00,ly=+0.40,rx=+0.00)
  t= 30.5 DWA-F pos=(-2.27,-0.00) yaw=+165.5 d=3.91 goal_err=-36 carrot_err= -25 c0=0.93 clear=0.62 prog=0.29 rel=0.91 bal=-0.49 obs=212 hard=210 obsc=214 yr=  0  nz=0.09 flt=0.01 dmap=+0/-0 shz=4.0 plan=18 cmd=(lx=+0.00,ly=+0.40,rx=+0.00)
  t= 31.0 DWA-F pos=(-2.32,+0.01) yaw=+165.5 d=3.87 goal_err=-37 carrot_err= -26 c0=0.88 clear=0.59 prog=0.30 rel=0.91 bal=-0.56 obs=214 hard=212 obsc=217 yr=  0  nz=0.09 flt=0.01 dmap=+0/-0 shz=4.0 plan=18 cmd=(lx=+0.00,ly=+0.40,rx=+0.00)
  t= 31.4 DWA-F pos=(-2.36,+0.02) yaw=+165.5 d=3.83 goal_err=-37 carrot_err= -28 c0=0.84 clear=0.56 prog=0.30 rel=0.91 bal=-0.49 obs=215 hard=213 obsc=219 yr=  0  nz=0.09 flt=0.02 dmap=+0/-0 shz=4.0 plan=18 cmd=(lx=+0.00,ly=+0.40,rx=+0.00)
  t= 31.8 DWA-F pos=(-2.40,+0.04) yaw=+165.5 d=3.80 goal_err=-38 carrot_err= -29 c0=0.80 clear=0.53 prog=0.29 rel=0.91 bal=-0.48 obs=214 hard=212 obsc=217 yr=  0  nz=0.09 flt=0.00 dmap=+0/-1 shz=4.0 plan=18 cmd=(lx=+0.00,ly=+0.40,rx=+0.45)
  t= 32.3 DWA-F pos=(-2.46,+0.05) yaw=+159.5 d=3.75 goal_err=-32 carrot_err= -25 c0=0.74 clear=0.50 prog=0.30 rel=0.90 bal=-0.47 obs=214 hard=212 obsc=217 yr= 19  nz=0.10 flt=0.19 dmap=+0/-0 shz=4.0 plan=17 cmd=(lx=+0.00,ly=+0.40,rx=+0.00)
  t= 32.7 DWA-F pos=(-2.50,+0.07) yaw=+159.5 d=3.72 goal_err=-33 carrot_err= -26 c0=0.90 clear=0.60 prog=0.29 rel=0.89 bal=-0.46 obs=220 hard=213 obsc=236 yr=  0  nz=0.11 flt=0.09 dmap=+0/-0 shz=4.0 plan=17 cmd=(lx=+0.00,ly=+0.40,rx=+0.00)
  t= 33.1 ENG-F pos=(-2.54,+0.08) yaw=+159.5 d=3.68 goal_err=-33 carrot_err= -27 c0=1.06 clear=0.71 prog=0.29 rel=0.81 bal=-0.45 obs=222 hard=216 obsc=239 yr=  0  nz=0.19 flt=0.00 dmap=+3/-1 shz=4.0 plan=17 cmd=(lx=+0.00,ly=+0.28,rx=+0.00)
  t= 33.6 ENG-F pos=(-2.58,+0.10) yaw=+159.5 d=3.65 goal_err=-33 carrot_err= -28 c0=1.03 clear=0.68 prog=0.29 rel=0.78 bal=-0.33 obs=221 hard=218 obsc=240 yr=  0  nz=0.22 flt=0.03 dmap=+3/-3 shz=4.0 plan=17 cmd=(lx=+0.00,ly=+0.28,rx=+0.00)
  t= 34.0 ENG-F pos=(-2.62,+0.11) yaw=+159.5 d=3.61 goal_err=-34 carrot_err= -29 c0=0.98 clear=0.66 prog=0.28 rel=0.91 bal=-0.33 obs=221 hard=216 obsc=238 yr=  0  nz=0.10 flt=0.00 dmap=+0/-0 shz=4.0 plan=17 cmd=(lx=+0.00,ly=+0.28,rx=+0.00)
  t= 34.4 ENG-F pos=(-2.65,+0.12) yaw=+159.5 d=3.58 goal_err=-34 carrot_err= -31 c0=0.95 clear=0.63 prog=0.27 rel=0.93 bal=-0.33 obs=223 hard=218 obsc=239 yr=  0  nz=0.07 flt=0.03 dmap=+0/-0 shz=4.0 plan=17 cmd=(lx=+0.00,ly=+0.28,rx=+0.00)
  t= 34.8 ENG-F pos=(-2.69,+0.14) yaw=+159.5 d=3.55 goal_err=-34 carrot_err= -22 c0=0.91 clear=0.61 prog=0.26 rel=0.92 bal=-0.33 obs=224 hard=219 obsc=241 yr=  0  nz=0.08 flt=0.00 dmap=+2/-1 shz=4.0 plan=17 cmd=(lx=+0.00,ly=+0.28,rx=+0.00)
  t= 35.3 ENG-F pos=(-2.73,+0.15) yaw=+159.5 d=3.51 goal_err=-35 carrot_err= -24 c0=0.87 clear=0.58 prog=0.26 rel=0.93 bal=-0.33 obs=225 hard=220 obsc=241 yr=  0  nz=0.07 flt=0.01 dmap=+0/-0 shz=4.0 plan=16 cmd=(lx=+0.00,ly=+0.28,rx=+0.00)
  t= 35.7 ENG-F pos=(-2.76,+0.16) yaw=+159.5 d=3.48 goal_err=-35 carrot_err= -24 c0=0.84 clear=0.56 prog=0.26 rel=0.92 bal=-0.33 obs=225 hard=222 obsc=241 yr=  0  nz=0.08 flt=0.02 dmap=+0/-0 shz=4.0 plan=16 cmd=(lx=+0.00,ly=+0.28,rx=+0.00)
  t= 36.1 ENG-F pos=(-2.80,+0.18) yaw=+157.5 d=3.45 goal_err=-33 carrot_err= -23 c0=0.80 clear=0.54 prog=0.24 rel=0.92 bal=-0.33 obs=225 hard=221 obsc=241 yr= 19G nz=0.08 flt=0.18 dmap=+0/-0 shz=4.0 plan=16 cmd=(lx=+0.00,ly=+0.28,rx=+0.00)
  t= 36.6 ENG-F pos=(-2.82,+0.19) yaw=+155.5 d=3.43 goal_err=-32 carrot_err= -22 c0=0.78 clear=0.52 prog=0.23 rel=0.92 bal=-0.28 obs=240 hard=227 obsc=253 yr=  0  nz=0.08 flt=0.07 dmap=+0/-1 shz=4.0 plan=16 cmd=(lx=+0.00,ly=+0.28,rx=+0.00)
  t= 37.0 ENG-F pos=(-2.86,+0.20) yaw=+155.5 d=3.40 goal_err=-32 carrot_err= -23 c0=0.74 clear=0.50 prog=0.23 rel=0.94 bal=-0.28 obs=241 hard=228 obsc=253 yr=  0  nz=0.06 flt=0.00 dmap=+0/-0 shz=4.0 plan=16 cmd=(lx=+0.00,ly=+0.28,rx=+0.00)
  t= 37.4 ENG-T pos=(-2.89,+0.22) yaw=+155.5 d=3.37 goal_err=-32 carrot_err= -24 c0=0.73 clear=0.49 prog=0.22 rel=0.95 bal=-0.29 obs=240 hard=228 obsc=251 yr=  0  nz=0.04 flt=0.01 dmap=+0/-0 shz=4.0 plan=16 cmd=(lx=+0.00,ly=+0.00,rx=+0.45)
  t= 37.8 ENG-F pos=(-2.90,+0.23) yaw=+151.4 d=3.35 goal_err=-28 carrot_err= -21 c0=0.72 clear=0.48 prog=0.20 rel=0.95 bal=-0.29 obs=239 hard=228 obsc=252 yr= 19  nz=0.05 flt=0.00 dmap=+0/-1 shz=4.0 plan=16 cmd=(lx=+0.00,ly=+0.28,rx=+0.00)
  t= 38.3 ENG-F pos=(-2.93,+0.24) yaw=+149.4 d=3.33 goal_err=-27 carrot_err= -19 c0=0.69 clear=0.46 prog=0.20 rel=0.96 bal=-0.29 obs=240 hard=228 obsc=251 yr=  0  nz=0.04 flt=0.01 dmap=+0/-0 shz=4.0 plan=16 cmd=(lx=+0.00,ly=+0.28,rx=+0.00)
  t= 38.7 ENG-F pos=(-2.97,+0.26) yaw=+149.4 d=3.29 goal_err=-27 carrot_err= -21 c0=0.65 clear=0.43 prog=0.22 rel=0.94 bal=-0.29 obs=239 hard=229 obsc=251 yr=  0  nz=0.06 flt=0.00 dmap=+0/-0 shz=4.0 plan=16 cmd=(lx=+0.00,ly=+0.28,rx=+0.00)
  t= 39.1 ENG-F pos=(-3.00,+0.28) yaw=+149.4 d=3.26 goal_err=-27 carrot_err= -22 c0=0.61 clear=0.41 prog=0.22 rel=0.94 bal=-0.29 obs=240 hard=229 obsc=251 yr=  0  nz=0.06 flt=0.00 dmap=+0/-0 shz=4.0 plan=16 cmd=(lx=+0.00,ly=+0.28,rx=+0.00)
  t= 39.6 ENG-F pos=(-3.02,+0.29) yaw=+145.4 d=3.23 goal_err=-24 carrot_err= -19 c0=0.59 clear=0.39 prog=0.21 rel=0.92 bal=-0.28 obs=240 hard=230 obsc=251 yr= 19  nz=0.08 flt=0.01 dmap=+0/-0 shz=4.0 plan=16 cmd=(lx=+0.00,ly=+0.28,rx=+0.00)
  t= 40.0 ENG-F pos=(-3.05,+0.32) yaw=+145.4 d=3.20 goal_err=-24 carrot_err= -17 c0=0.62 clear=0.41 prog=0.25 rel=0.94 bal=-0.28 obs=240 hard=229 obsc=251 yr=  0  nz=0.06 flt=0.00 dmap=+0/-0 shz=4.0 plan=15 cmd=(lx=+0.00,ly=+0.28,rx=+0.00)
  t= 40.4 ENG-T pos=(-3.08,+0.34) yaw=+145.4 d=3.17 goal_err=-24 carrot_err= -17 c0=0.58 clear=0.39 prog=0.24 rel=0.96 bal=-0.27 obs=239 hard=230 obsc=252 yr=  0G nz=0.04 flt=0.02 dmap=+1/-0 shz=4.0 plan=15 cmd=(lx=+0.00,ly=+0.00,rx=+0.45)
  t= 40.8 ENG-F pos=(-3.09,+0.35) yaw=+139.4 d=3.15 goal_err=-18 carrot_err= -12 c0=0.57 clear=0.38 prog=0.21 rel=0.96 bal=-0.22 obs=240 hard=228 obsc=252 yr=  0  nz=0.04 flt=0.00 dmap=+1/-0 shz=4.0 plan=15 cmd=(lx=+0.00,ly=+0.28,rx=+0.00)
  t= 41.3 ENG-F pos=(-3.12,+0.37) yaw=+139.4 d=3.12 goal_err=-18 carrot_err= -12 c0=0.53 clear=0.35 prog=0.20 rel=0.94 bal=-0.24 obs=243 hard=229 obsc=254 yr=  0  nz=0.06 flt=0.00 dmap=+0/-0 shz=4.0 plan=15 cmd=(lx=+0.00,ly=+0.28,rx=+0.00)
  t= 41.7 ENG-T pos=(-3.15,+0.39) yaw=+139.4 d=3.09 goal_err=-19 carrot_err= -13 c0=0.50 clear=0.33 prog=0.23 rel=0.94 bal=-0.24 obs=243 hard=231 obsc=255 yr=  0  nz=0.06 flt=0.00 dmap=+0/-0 shz=4.0 plan=15 cmd=(lx=+0.00,ly=+0.00,rx=+0.45)
  t= 42.1 ENG-F pos=(-3.16,+0.40) yaw=+135.4 d=3.07 goal_err=-15 carrot_err=  -9 c0=0.48 clear=0.32 prog=0.20 rel=0.94 bal=-0.24 obs=248 hard=233 obsc=260 yr= 19  nz=0.06 flt=0.13 dmap=+5/-1 shz=4.0 plan=15 cmd=(lx=+0.00,ly=+0.28,rx=+0.00)
  t= 42.6 ENG-F pos=(-3.18,+0.43) yaw=+133.4 d=3.04 goal_err=-13 carrot_err=  -7 c0=0.45 clear=0.30 prog=0.21 rel=0.94 bal=-0.24 obs=247 hard=235 obsc=259 yr=  0  nz=0.06 flt=0.00 dmap=+0/-0 shz=4.0 plan=15 cmd=(lx=+0.00,ly=+0.28,rx=+0.00)
  t= 43.0 ENG-T pos=(-3.20,+0.45) yaw=+133.4 d=3.01 goal_err=-13 carrot_err=  -8 c0=0.87 clear=0.58 prog=0.21 rel=0.75 bal=-0.23 obs=248 hard=235 obsc=259 yr=  0  nz=0.25 flt=0.00 dmap=+0/-0 shz=4.0 plan=15 cmd=(lx=+0.00,ly=+0.00,rx=+0.45)
  t= 43.4 ENG-F pos=(-3.21,+0.46) yaw=+129.4 d=3.00 goal_err=-9 carrot_err=  -4 c0=1.40 clear=0.93 prog=0.18 rel=0.69 bal=-0.23 obs=248 hard=235 obsc=259 yr= 19  nz=0.31 flt=0.00 dmap=+0/-0 shz=4.0 plan=15 cmd=(lx=+0.00,ly=+0.28,rx=+0.00)
  t= 43.9 ENG-GO pos=(-3.22,+0.47) yaw=+127.4 d=2.98 goal_err=-7 carrot_err=  -2 c0=0.75 clear=0.50 prog=0.16 rel=0.51 bal=-0.23 obs=246 hard=234 obsc=258 yr=  0  nz=0.49 flt=0.00 dmap=+0/-1 shz=4.0 plan=15 cmd=(lx=+0.00,ly=+0.28,rx=+0.00)
  t= 44.3 ENG-GO pos=(-3.24,+0.50) yaw=+127.4 d=2.94 goal_err=-7 carrot_err=  -2 c0=0.72 clear=0.48 prog=0.20 rel=0.64 bal=-0.22 obs=246 hard=234 obsc=257 yr=  0  nz=0.36 flt=0.00 dmap=+0/-0 shz=4.0 plan=15 cmd=(lx=+0.00,ly=+0.28,rx=+0.00)
  t= 44.7 ENG-GO pos=(-3.26,+0.52) yaw=+127.4 d=2.91 goal_err=-7 carrot_err=  +1 c0=1.32 clear=0.88 prog=0.19 rel=0.53 bal=-0.22 obs=246 hard=234 obsc=258 yr=  0  nz=0.47 flt=0.00 dmap=+0/-0 shz=4.0 plan=14 cmd=(lx=+0.00,ly=+0.28,rx=+0.00)
  t= 45.2 ENG-GO pos=(-3.28,+0.55) yaw=+127.4 d=2.88 goal_err=-7 carrot_err=  +1 c0=1.29 clear=0.86 prog=0.21 rel=0.55 bal=-0.22 obs=246 hard=234 obsc=257 yr=  0  nz=0.45 flt=0.01 dmap=+1/-0 shz=4.0 plan=14 cmd=(lx=+0.00,ly=+0.28,rx=+0.00)
  t= 45.6 ENG-GO pos=(-3.30,+0.58) yaw=+127.4 d=2.84 goal_err=-7 carrot_err=  +1 c0=1.26 clear=0.84 prog=0.25 rel=0.66 bal=-0.22 obs=247 hard=234 obsc=258 yr=  0  nz=0.34 flt=0.01 dmap=+0/-0 shz=4.0 plan=14 cmd=(lx=+0.00,ly=+0.28,rx=+0.00)
  t= 46.0 ENG-GO pos=(-3.33,+0.61) yaw=+127.4 d=2.80 goal_err=-7 carrot_err=  +3 c0=1.22 clear=0.81 prog=0.27 rel=0.94 bal=-0.22 obs=246 hard=235 obsc=258 yr=  0  nz=0.06 flt=0.00 dmap=+0/-0 shz=4.0 plan=13 cmd=(lx=+0.00,ly=+0.28,rx=+0.00)
  t= 46.4 ENG-GO pos=(-3.35,+0.64) yaw=+127.4 d=2.77 goal_err=-7 carrot_err=  +3 c0=1.19 clear=0.79 prog=0.28 rel=0.94 bal=-0.22 obs=246 hard=234 obsc=257 yr=  0  nz=0.06 flt=0.01 dmap=+0/-0 shz=4.0 plan=13 cmd=(lx=+0.00,ly=+0.28,rx=+0.00)
  t= 46.9 ENG-GO pos=(-3.37,+0.67) yaw=+127.4 d=2.73 goal_err=-8 carrot_err=  +3 c0=1.21 clear=0.81 prog=0.28 rel=0.93 bal=-0.21 obs=245 hard=235 obsc=258 yr=  0  nz=0.07 flt=0.01 dmap=+0/-0 shz=4.0 plan=13 cmd=(lx=+0.00,ly=+0.28,rx=+0.00)
  t= 47.3 ENG-GO pos=(-3.40,+0.70) yaw=+127.4 d=2.69 goal_err=-8 carrot_err=  +3 c0=1.17 clear=0.78 prog=0.29 rel=0.96 bal=-0.18 obs=246 hard=234 obsc=257 yr=  0  nz=0.04 flt=0.00 dmap=+0/-0 shz=4.0 plan=13 cmd=(lx=+0.00,ly=+0.28,rx=+0.00)
  t= 47.7 ENG-GO pos=(-3.42,+0.73) yaw=+127.4 d=2.65 goal_err=-8 carrot_err=  +4 c0=1.13 clear=0.75 prog=0.29 rel=0.95 bal=-0.04 obs=245 hard=234 obsc=256 yr=  0  nz=0.05 flt=0.00 dmap=+0/-0 shz=4.0 plan=12 cmd=(lx=+0.00,ly=+0.28,rx=+0.00)
  t= 48.2 ENG-GO pos=(-3.44,+0.76) yaw=+127.4 d=2.61 goal_err=-8 carrot_err=  +4 c0=1.10 clear=0.73 prog=0.29 rel=0.95 bal=-0.03 obs=243 hard=234 obsc=255 yr=  0  nz=0.05 flt=0.00 dmap=+1/-2 shz=4.0 plan=12 cmd=(lx=+0.00,ly=+0.28,rx=+0.00)
  t= 48.6 ENG-GO pos=(-3.47,+0.79) yaw=+127.4 d=2.58 goal_err=-8 carrot_err=  +4 c0=1.06 clear=0.71 prog=0.29 rel=0.92 bal=-0.02 obs=244 hard=232 obsc=254 yr=  0  nz=0.08 flt=0.01 dmap=+0/-0 shz=4.0 plan=12 cmd=(lx=+0.00,ly=+0.28,rx=+0.00)
  t= 49.0 ENG-GO pos=(-3.49,+0.83) yaw=+127.4 d=2.53 goal_err=-8 carrot_err=  +4 c0=1.02 clear=0.68 prog=0.31 rel=0.92 bal=+0.08 obs=244 hard=231 obsc=254 yr=  0  nz=0.08 flt=0.02 dmap=+0/-0 shz=4.0 plan=12 cmd=(lx=+0.00,ly=+0.28,rx=+0.00)
  t= 49.5 ENG-GO pos=(-3.52,+0.86) yaw=+127.4 d=2.50 goal_err=-8 carrot_err=  +4 c0=0.99 clear=0.66 prog=0.29 rel=0.93 bal=+0.08 obs=244 hard=232 obsc=254 yr=  0  nz=0.07 flt=0.01 dmap=+0/-0 shz=4.0 plan=12 cmd=(lx=+0.00,ly=+0.28,rx=+0.00)
  t= 49.9 ENG-GO pos=(-3.54,+0.88) yaw=+127.4 d=2.46 goal_err=-8 carrot_err=  +5 c0=0.95 clear=0.64 prog=0.29 rel=0.93 bal=+0.08 obs=243 hard=232 obsc=255 yr=  0  nz=0.07 flt=0.00 dmap=+0/-0 shz=4.0 plan=12 cmd=(lx=+0.00,ly=+0.28,rx=+0.00)
  t= 50.3 ENG-GO pos=(-3.56,+0.91) yaw=+127.4 d=2.43 goal_err=-9 carrot_err=  +6 c0=0.92 clear=0.61 prog=0.29 rel=0.91 bal=+0.08 obs=242 hard=232 obsc=253 yr=  0  nz=0.09 flt=0.00 dmap=+0/-0 shz=4.0 plan=12 cmd=(lx=+0.00,ly=+0.28,rx=+0.00)
  t= 50.7 ENG-GO pos=(-3.58,+0.94) yaw=+127.4 d=2.39 goal_err=-9 carrot_err=  +6 c0=0.89 clear=0.59 prog=0.29 rel=0.91 bal=+0.08 obs=241 hard=230 obsc=251 yr=  0  nz=0.09 flt=0.01 dmap=+0/-0 shz=4.0 plan=11 cmd=(lx=+0.00,ly=+0.28,rx=+0.00)
  t= 51.2 ENG-GO pos=(-3.60,+0.97) yaw=+127.4 d=2.36 goal_err=-9 carrot_err=  +6 c0=0.85 clear=0.57 prog=0.28 rel=0.92 bal=+0.08 obs=241 hard=230 obsc=251 yr=  0  nz=0.08 flt=0.00 dmap=+1/-0 shz=4.0 plan=11 cmd=(lx=+0.00,ly=+0.28,rx=+0.00)
  t= 51.6 ENG-GO pos=(-3.63,+1.01) yaw=+127.4 d=2.31 goal_err=-9 carrot_err=  +6 c0=1.06 clear=0.71 prog=0.29 rel=0.88 bal=-0.11 obs=240 hard=230 obsc=251 yr=  0  nz=0.12 flt=0.01 dmap=+0/-0 shz=4.0 plan=11 cmd=(lx=+0.00,ly=+0.28,rx=+0.00)
  t= 52.0 ENG-GO pos=(-3.65,+1.04) yaw=+127.4 d=2.28 goal_err=-9 carrot_err=  +7 c0=1.03 clear=0.68 prog=0.29 rel=0.86 bal=-0.02 obs=239 hard=229 obsc=250 yr=  0  nz=0.14 flt=0.00 dmap=+0/-1 shz=4.0 plan=11 cmd=(lx=+0.00,ly=+0.28,rx=+0.00)
  t= 52.4 ENG-GO pos=(-3.68,+1.07) yaw=+127.4 d=2.23 goal_err=-9 carrot_err=  +7 c0=0.98 clear=0.66 prog=0.31 rel=0.85 bal=-0.01 obs=239 hard=230 obsc=250 yr=  0  nz=0.15 flt=0.00 dmap=+0/-1 shz=4.0 plan=11 cmd=(lx=+0.00,ly=+0.28,rx=+0.00)
  t= 52.9 ENG-GO pos=(-3.70,+1.10) yaw=+127.4 d=2.20 goal_err=-9 carrot_err=  +8 c0=0.95 clear=0.63 prog=0.31 rel=0.92 bal=-0.00 obs=239 hard=230 obsc=249 yr=  0  nz=0.08 flt=0.01 dmap=+0/-0 shz=4.0 plan=11 cmd=(lx=+0.00,ly=+0.28,rx=+0.00)
  t= 53.3 ENG-GO pos=(-3.73,+1.14) yaw=+127.4 d=2.15 goal_err=-10 carrot_err=  +8 c0=0.91 clear=0.60 prog=0.31 rel=0.93 bal=+0.07 obs=238 hard=230 obsc=250 yr=  0  nz=0.07 flt=0.00 dmap=+0/-0 shz=4.0 plan=11 cmd=(lx=+0.00,ly=+0.28,rx=+0.00)
  t= 53.7 ENG-GO pos=(-3.75,+1.16) yaw=+127.4 d=2.12 goal_err=-10 carrot_err=  +8 c0=0.87 clear=0.58 prog=0.31 rel=0.93 bal=+0.06 obs=239 hard=229 obsc=249 yr=  0  nz=0.07 flt=0.01 dmap=+0/-0 shz=4.0 plan=10 cmd=(lx=+0.00,ly=+0.28,rx=+0.00)
  t= 54.2 ENG-GO pos=(-3.77,+1.19) yaw=+127.4 d=2.08 goal_err=-10 carrot_err=  +9 c0=0.84 clear=0.56 prog=0.29 rel=0.93 bal=+0.05 obs=238 hard=229 obsc=249 yr=  0  nz=0.07 flt=0.00 dmap=+0/-0 shz=4.0 plan=10 cmd=(lx=+0.00,ly=+0.28,rx=+0.00)
  t= 54.6 ENG-GO pos=(-3.79,+1.22) yaw=+127.4 d=2.05 goal_err=-10 carrot_err=  +9 c0=0.81 clear=0.54 prog=0.29 rel=0.93 bal=+0.04 obs=239 hard=230 obsc=249 yr=  0  nz=0.07 flt=0.00 dmap=+0/-0 shz=4.0 plan=10 cmd=(lx=+0.00,ly=+0.28,rx=+0.00)
  t= 55.0 ENG-GO pos=(-3.82,+1.26) yaw=+127.4 d=2.00 goal_err=-10 carrot_err=  +9 c0=0.76 clear=0.51 prog=0.31 rel=0.94 bal=+0.02 obs=237 hard=229 obsc=249 yr=  0  nz=0.06 flt=0.00 dmap=+0/-2 shz=4.0 plan=10 cmd=(lx=+0.00,ly=+0.28,rx=+0.00)
  t= 55.5 ENG-GO pos=(-3.84,+1.29) yaw=+127.4 d=1.97 goal_err=-11 carrot_err= +10 c0=1.64 clear=1.00 prog=0.29 rel=0.92 bal=+0.03 obs=238 hard=228 obsc=249 yr=  0  nz=0.08 flt=0.01 dmap=+1/-0 shz=4.0 plan=10 cmd=(lx=+0.00,ly=+0.28,rx=+0.00)
  t= 55.9 ENG-GO pos=(-3.87,+1.31) yaw=+127.4 d=1.93 goal_err=-11 carrot_err= +10 c0=1.60 clear=1.00 prog=0.29 rel=0.38 bal=+0.03 obs=239 hard=228 obsc=249 yr=  0  nz=0.62 flt=0.00 dmap=+0/-0 shz=4.0 plan=10 cmd=(lx=+0.00,ly=+0.28,rx=+0.00)
  t= 56.3 ENG-GO pos=(-3.89,+1.34) yaw=+127.4 d=1.89 goal_err=-11 carrot_err=  -7 c0=1.57 clear=1.00 prog=0.29 rel=0.39 bal=+0.03 obs=238 hard=228 obsc=248 yr=  0  nz=0.61 flt=0.00 dmap=+0/-0 shz=4.0 plan=10 cmd=(lx=+0.00,ly=+0.28,rx=+0.00)
  t= 56.7 ENG-GO pos=(-3.91,+1.37) yaw=+127.4 d=1.86 goal_err=-11 carrot_err=  -7 c0=1.53 clear=1.00 prog=0.29 rel=0.52 bal=+0.03 obs=235 hard=227 obsc=245 yr=  0  nz=0.48 flt=0.01 dmap=+0/-0 shz=4.0 plan=9 cmd=(lx=+0.00,ly=+0.28,rx=+0.00)
  t= 57.2 ENG-GO pos=(-3.94,+1.41) yaw=+127.4 d=1.82 goal_err=-11 carrot_err=  -7 c0=1.49 clear=0.99 prog=0.29 rel=0.93 bal=+0.03 obs=235 hard=227 obsc=246 yr=  0  nz=0.07 flt=0.00 dmap=+0/-0 shz=4.0 plan=9 cmd=(lx=+0.00,ly=+0.28,rx=+0.00)
  t= 57.6 ENG-GO pos=(-3.96,+1.44) yaw=+127.4 d=1.78 goal_err=-12 carrot_err=  -7 c0=1.46 clear=0.97 prog=0.29 rel=0.92 bal=+0.03 obs=239 hard=230 obsc=249 yr=  0  nz=0.08 flt=0.01 dmap=+0/-0 shz=4.0 plan=9 cmd=(lx=+0.00,ly=+0.28,rx=+0.00)
  t= 58.0 ENG-GO pos=(-3.98,+1.46) yaw=+127.4 d=1.75 goal_err=-12 carrot_err=  -8 c0=1.42 clear=0.95 prog=0.29 rel=0.92 bal=+0.03 obs=239 hard=230 obsc=249 yr=  0  nz=0.08 flt=0.00 dmap=+0/-0 shz=4.0 plan=9 cmd=(lx=+0.00,ly=+0.28,rx=+0.00)
  t= 58.5 ENG-GO pos=(-4.00,+1.49) yaw=+127.4 d=1.71 goal_err=-12 carrot_err=  -8 c0=1.39 clear=0.93 prog=0.29 rel=0.92 bal=+0.03 obs=240 hard=233 obsc=251 yr=  0  nz=0.08 flt=0.00 dmap=+0/-1 shz=4.0 plan=9 cmd=(lx=+0.00,ly=+0.28,rx=+0.00)
  t= 58.9 ENG-GO pos=(-4.03,+1.53) yaw=+127.4 d=1.67 goal_err=-13 carrot_err=  -8 c0=1.35 clear=0.90 prog=0.29 rel=0.93 bal=+0.02 obs=240 hard=231 obsc=250 yr=  0  nz=0.07 flt=0.00 dmap=+0/-0 shz=4.0 plan=9 cmd=(lx=+0.00,ly=+0.28,rx=+0.00)
  t= 59.3 ENG-GO pos=(-4.05,+1.56) yaw=+127.4 d=1.63 goal_err=-13 carrot_err=  -4 c0=1.32 clear=0.88 prog=0.29 rel=0.93 bal=+0.02 obs=241 hard=232 obsc=251 yr=  0  nz=0.07 flt=0.00 dmap=+0/-0 shz=4.0 plan=9 cmd=(lx=+0.00,ly=+0.28,rx=+0.00)
  t= 59.7 ENG-GO pos=(-4.07,+1.59) yaw=+127.4 d=1.60 goal_err=-13 carrot_err=  -9 c0=1.28 clear=0.86 prog=0.29 rel=0.93 bal=-0.03 obs=244 hard=236 obsc=255 yr=  0  nz=0.07 flt=0.00 dmap=+1/-1 shz=4.0 plan=9 cmd=(lx=+0.00,ly=+0.28,rx=+0.00)
  t= 60.2 ENG-GO pos=(-4.10,+1.61) yaw=+127.4 d=1.56 goal_err=-13 carrot_err= -10 c0=1.25 clear=0.83 prog=0.29 rel=0.93 bal=+0.10 obs=247 hard=239 obsc=257 yr=  0  nz=0.07 flt=0.01 dmap=+0/-0 shz=4.0 plan=9 cmd=(lx=+0.00,ly=+0.28,rx=+0.00)
  t= 60.6 ENG-GO pos=(-4.12,+1.65) yaw=+127.4 d=1.52 goal_err=-14 carrot_err=  -5 c0=1.31 clear=0.88 prog=0.29 rel=0.92 bal=+0.11 obs=249 hard=240 obsc=260 yr=  0  nz=0.08 flt=0.00 dmap=+0/-0 shz=4.0 plan=9 cmd=(lx=+0.00,ly=+0.28,rx=+0.00)
  t= 61.0 ENG-GO pos=(-4.14,+1.68) yaw=+127.4 d=1.48 goal_err=-14 carrot_err=  -5 c0=1.28 clear=0.85 prog=0.29 rel=0.93 bal=+0.12 obs=250 hard=239 obsc=260 yr=  0  nz=0.07 flt=0.01 dmap=+2/-0 shz=4.0 plan=9 cmd=(lx=+0.00,ly=+0.28,rx=+0.00)
  t= 61.5 ENG-GO pos=(-4.17,+1.71) yaw=+127.4 d=1.45 goal_err=-14 carrot_err= -11 c0=1.24 clear=0.83 prog=0.28 rel=0.94 bal=+0.20 obs=250 hard=239 obsc=260 yr=  0  nz=0.06 flt=0.01 dmap=+2/-2 shz=4.0 plan=7 cmd=(lx=+0.00,ly=+0.28,rx=+0.00)
  t= 61.9 ENG-GO pos=(-4.19,+1.74) yaw=+127.4 d=1.41 goal_err=-15 carrot_err= -12 c0=1.21 clear=0.81 prog=0.28 rel=0.94 bal=+0.20 obs=252 hard=242 obsc=262 yr=  0  nz=0.06 flt=0.00 dmap=+0/-0 shz=4.0 plan=7 cmd=(lx=+0.00,ly=+0.28,rx=+0.00)
  t= 62.3 ENG-GO pos=(-4.22,+1.77) yaw=+127.4 d=1.37 goal_err=-15 carrot_err= -12 c0=1.17 clear=0.78 prog=0.30 rel=0.95 bal=+0.20 obs=253 hard=245 obsc=264 yr=  0  nz=0.05 flt=0.00 dmap=+2/-1 shz=4.0 plan=7 cmd=(lx=+0.00,ly=+0.28,rx=+0.00)
  t= 62.7 ENG-GO pos=(-4.24,+1.81) yaw=+127.4 d=1.33 goal_err=-16 carrot_err= -13 c0=1.13 clear=0.75 prog=0.30 rel=0.92 bal=-0.19 obs=250 hard=241 obsc=261 yr=  0  nz=0.08 flt=0.00 dmap=+0/-1 shz=4.0 plan=7 cmd=(lx=+0.00,ly=+0.28,rx=+0.00)
  t= 63.2 DWA-F pos=(-4.26,+1.84) yaw=+127.4 d=1.29 goal_err=-16 carrot_err= -14 c0=1.09 clear=0.73 prog=0.30 rel=0.92 bal=-0.28 obs=251 hard=243 obsc=262 yr=  0  nz=0.08 flt=0.01 dmap=+0/-0 shz=4.0 plan=7 cmd=(lx=+0.00,ly=+0.40,rx=+0.00)
  t= 63.6 DWA-F pos=(-4.29,+1.86) yaw=+127.4 d=1.26 goal_err=-17 carrot_err= -14 c0=1.06 clear=0.71 prog=0.30 rel=0.93 bal=-0.29 obs=252 hard=241 obsc=262 yr=  0  nz=0.07 flt=0.00 dmap=+0/-0 shz=4.0 plan=7 cmd=(lx=+0.00,ly=+0.40,rx=+0.00)
  t= 64.1 DWA-F pos=(-4.31,+1.90) yaw=+127.4 d=1.21 goal_err=-17 carrot_err=  -9 c0=1.02 clear=0.68 prog=0.30 rel=0.93 bal=-0.29 obs=250 hard=238 obsc=260 yr=  0  nz=0.07 flt=0.01 dmap=+0/-0 shz=4.0 plan=7 cmd=(lx=+0.00,ly=+0.40,rx=+0.00)
  t= 64.5 DWA-F pos=(-4.34,+1.93) yaw=+127.4 d=1.18 goal_err=-18 carrot_err=  -9 c0=0.98 clear=0.66 prog=0.28 rel=0.94 bal=-0.31 obs=251 hard=239 obsc=261 yr=  0  nz=0.07 flt=0.00 dmap=+1/-0 shz=4.0 plan=6 cmd=(lx=+0.00,ly=+0.40,rx=+0.00)
  t= 64.9 DWA-F pos=(-4.36,+1.96) yaw=+127.4 d=1.14 goal_err=-18 carrot_err= -10 c0=0.95 clear=0.63 prog=0.28 rel=0.93 bal=-0.31 obs=249 hard=239 obsc=259 yr=  0  nz=0.07 flt=0.01 dmap=+0/-0 shz=4.0 plan=6 cmd=(lx=+0.00,ly=+0.40,rx=+0.00)
  t= 65.4 DWA-F pos=(-4.38,+1.99) yaw=+127.4 d=1.10 goal_err=-19 carrot_err= -10 c0=1.18 clear=0.79 prog=0.29 rel=0.85 bal=-0.32 obs=250 hard=241 obsc=260 yr=  0  nz=0.15 flt=0.00 dmap=+0/-0 shz=4.0 plan=6 cmd=(lx=+0.00,ly=+0.40,rx=+0.00)
  t= 65.8 DWA-F pos=(-4.41,+2.02) yaw=+127.4 d=1.07 goal_err=-20 carrot_err= -11 c0=1.15 clear=0.77 prog=0.28 rel=0.83 bal=-0.32 obs=251 hard=241 obsc=261 yr=  0  nz=0.17 flt=0.00 dmap=+1/-0 shz=4.0 plan=6 cmd=(lx=+0.00,ly=+0.40,rx=+0.00)
  t= 66.2 DWA-F pos=(-4.43,+2.05) yaw=+127.4 d=1.03 goal_err=-20 carrot_err= -11 c0=1.12 clear=0.74 prog=0.27 rel=0.85 bal=-0.50 obs=251 hard=243 obsc=262 yr=  0  nz=0.15 flt=0.00 dmap=+0/-0 shz=4.0 plan=6 cmd=(lx=+0.00,ly=+0.40,rx=+0.00)
  t= 66.7 DWA-F pos=(-4.46,+2.09) yaw=+127.4 d=0.99 goal_err=-21 carrot_err= -12 c0=1.07 clear=0.72 prog=0.29 rel=0.94 bal=-0.48 obs=251 hard=242 obsc=262 yr=  0  nz=0.06 flt=0.00 dmap=+0/-0 shz=4.0 plan=6 cmd=(lx=+0.00,ly=+0.40,rx=+0.00)
  t= 67.1 DWA-F pos=(-4.48,+2.12) yaw=+127.4 d=0.96 goal_err=-22 carrot_err= -17 c0=1.04 clear=0.69 prog=0.27 rel=0.94 bal=-0.47 obs=250 hard=242 obsc=262 yr=  0  nz=0.06 flt=0.00 dmap=+1/-1 shz=4.0 plan=6 cmd=(lx=+0.00,ly=+0.40,rx=+0.00)
  t= 67.5 DWA-F pos=(-4.50,+2.14) yaw=+127.4 d=0.93 goal_err=-23 carrot_err= -18 c0=1.39 clear=0.93 prog=0.27 rel=0.81 bal=-0.39 obs=252 hard=241 obsc=262 yr=  0  nz=0.19 flt=0.01 dmap=+0/-0 shz=4.0 plan=5 cmd=(lx=+0.00,ly=+0.40,rx=+0.00)
  t= 68.0 DWA-F pos=(-4.52,+2.17) yaw=+127.4 d=0.89 goal_err=-24 carrot_err= -19 c0=1.35 clear=0.90 prog=0.27 rel=0.75 bal=-0.39 obs=251 hard=241 obsc=263 yr=  0  nz=0.25 flt=0.00 dmap=+0/-0 shz=4.0 plan=5 cmd=(lx=+0.00,ly=+0.40,rx=+0.00)
  t= 68.4 DWA-F pos=(-4.55,+2.21) yaw=+127.4 d=0.85 goal_err=-25 carrot_err= -20 c0=1.31 clear=0.87 prog=0.27 rel=0.81 bal=-0.39 obs=253 hard=242 obsc=263 yr=  0  nz=0.19 flt=0.00 dmap=+0/-0 shz=4.0 plan=5 cmd=(lx=+0.00,ly=+0.40,rx=+0.00)
  t= 68.8 DWA-F pos=(-4.57,+2.24) yaw=+127.4 d=0.82 goal_err=-26 carrot_err= -21 c0=1.27 clear=0.85 prog=0.27 rel=0.93 bal=-0.39 obs=254 hard=243 obsc=264 yr=  0  nz=0.07 flt=0.00 dmap=+3/-0 shz=4.0 plan=5 cmd=(lx=+0.00,ly=+0.40,rx=+0.00)
  t= 69.3 DWA-F pos=(-4.59,+2.27) yaw=+127.4 d=0.79 goal_err=-27 carrot_err= -22 c0=1.23 clear=0.82 prog=0.27 rel=0.93 bal=-0.39 obs=255 hard=244 obsc=265 yr=  0  nz=0.07 flt=0.00 dmap=+0/-0 shz=4.0 plan=5 cmd=(lx=+0.00,ly=+0.40,rx=+0.00)
  t= 69.7 DWA-F pos=(-4.62,+2.30) yaw=+127.4 d=0.75 goal_err=-29 carrot_err= -23 c0=1.19 clear=0.79 prog=0.28 rel=0.93 bal=-0.39 obs=254 hard=245 obsc=265 yr=  0  nz=0.07 flt=0.00 dmap=+0/-0 shz=4.0 plan=5 cmd=(lx=+0.00,ly=+0.40,rx=+0.00)
  t= 70.2 DWA-F pos=(-4.65,+2.35) yaw=+127.4 d=0.70 goal_err=-31 carrot_err= -25 c0=1.13 clear=0.76 prog=0.30 rel=0.91 bal=-0.40 obs=255 hard=247 obsc=266 yr=  0  nz=0.09 flt=0.00 dmap=+0/-0 shz=4.0 plan=5 cmd=(lx=+0.00,ly=+0.40,rx=+0.00)
  t= 70.6 DWA-F pos=(-4.68,+2.38) yaw=+127.4 d=0.66 goal_err=-33 carrot_err= -27 c0=1.09 clear=0.73 prog=0.30 rel=0.91 bal=-0.27 obs=253 hard=246 obsc=265 yr=  0  nz=0.09 flt=0.00 dmap=+0/-2 shz=4.0 plan=4 cmd=(lx=+0.00,ly=+0.40,rx=+0.00)
  t= 71.0 DWA-F pos=(-4.71,+2.42) yaw=+127.4 d=0.62 goal_err=-35 carrot_err= -28 c0=1.05 clear=0.70 prog=0.30 rel=0.91 bal=-0.28 obs=254 hard=246 obsc=266 yr=  0G nz=0.09 flt=0.00 dmap=+0/-0 shz=4.0 plan=4 cmd=(lx=+0.00,ly=+0.40,rx=+0.45)
  t= 71.5 DWA-F pos=(-4.73,+2.45) yaw=+121.4 d=0.59 goal_err=-32 carrot_err= -25 c0=1.00 clear=0.67 prog=0.30 rel=0.92 bal=-0.28 obs=254 hard=246 obsc=266 yr= 19  nz=0.09 flt=0.00 dmap=+0/-0 shz=4.0 plan=4 cmd=(lx=+0.00,ly=+0.40,rx=+0.00)
  t= 71.9 DWA-F pos=(-4.76,+2.50) yaw=+119.4 d=0.54 goal_err=-33 carrot_err= -25 c0=0.95 clear=0.63 prog=0.30 rel=0.92 bal=-0.28 obs=256 hard=244 obsc=266 yr=  0  nz=0.08 flt=0.00 dmap=+3/-0 shz=4.0 plan=4 cmd=(lx=+0.00,ly=+0.40,rx=+0.00)
  t= 72.3 DWA-F pos=(-4.78,+2.54) yaw=+117.4 d=0.50 goal_err=-33 carrot_err= -25 c0=0.91 clear=0.60 prog=0.30 rel=0.91 bal=-0.28 obs=256 hard=244 obsc=266 yr= 18G nz=0.09 flt=0.01 dmap=+0/-0 shz=4.0 plan=3 cmd=(lx=+0.00,ly=+0.28,rx=+0.45)
  t= 72.8 DWA-T pos=(-4.80,+2.59) yaw=+109.3 d=0.45 goal_err=-29 carrot_err= -20 c0=1.00 clear=0.67 prog=0.32 rel=0.91 bal=-0.28 obs=256 hard=244 obsc=266 yr= 18  nz=0.09 flt=0.00 dmap=+0/-0 shz=4.0 plan=3 cmd=(lx=+0.00,ly=+0.00,rx=+0.00)
  t= 73.2 DWA-T pos=(-4.81,+2.60) yaw=+109.3 d=0.44 goal_err=-29 carrot_err= -21 c0=0.99 clear=0.66 prog=0.27 rel=0.92 bal=-0.27 obs=254 hard=244 obsc=265 yr=  0  nz=0.08 flt=0.00 dmap=+0/-0 shz=4.0 plan=3 cmd=(lx=+0.00,ly=+0.00,rx=+0.00)
  t= 73.6 DWA-T pos=(-4.81,+2.60) yaw=+109.3 d=0.44 goal_err=-29 carrot_err= -21 c0=0.99 clear=0.66 prog=0.19 rel=0.92 bal=-0.27 obs=254 hard=244 obsc=265 yr=  0  nz=0.08 flt=0.00 dmap=+0/-0 shz=4.0 plan=3 cmd=(lx=+0.00,ly=+0.00,rx=+0.00)
  t= 74.1 DWA-T pos=(-4.81,+2.60) yaw=+109.3 d=0.44 goal_err=-29 carrot_err= -21 c0=0.99 clear=0.66 prog=0.13 rel=0.92 bal=-0.27 obs=254 hard=244 obsc=265 yr=  0  nz=0.08 flt=0.00 dmap=+0/-0 shz=4.0 plan=0 cmd=(lx=+0.00,ly=+0.00,rx=+0.00)
  t= 74.5 BRK-BK pos=(-4.80,+2.58) yaw=+109.3 d=0.47 goal_err=-28 carrot_err= -19 c0=0.86 clear=0.58 prog=0.04 rel=0.92 bal=-0.28 obs=254 hard=244 obsc=265 yr=  0  nz=0.08 flt=0.00 dmap=+0/-0 shz=4.0 plan=0 cmd=(lx=+0.00,ly=-0.35,rx=+0.00)
  t= 74.9 BRK-TR pos=(-4.79,+2.55) yaw=+105.3 d=0.49 goal_err=-23 carrot_err= -14 c0=1.04 clear=0.69 prog=0.00 rel=0.87 bal=-0.28 obs=251 hard=243 obsc=262 yr= 18G nz=0.13 flt=0.01 dmap=+0/-0 shz=3.7 plan=0 cmd=(lx=+0.00,ly=+0.00,rx=+0.45)
  t= 75.4 BRK-TR pos=(-4.79,+2.55) yaw= +97.3 d=0.49 goal_err=-15 carrot_err=  -6 c0=1.21 clear=0.81 prog=0.00 rel=0.88 bal=-0.28 obs=251 hard=243 obsc=262 yr= 18G nz=0.12 flt=0.08 dmap=+0/-0 shz=3.7 plan=0 cmd=(lx=+0.00,ly=+0.00,rx=+0.45)
  t= 75.8 BRK-TR pos=(-4.79,+2.55) yaw= +89.3 d=0.49 goal_err=-7 carrot_err=  +2 c0=1.12 clear=0.74 prog=0.00 rel=0.83 bal=-0.18 obs=251 hard=243 obsc=262 yr= 19G nz=0.17 flt=0.00 dmap=+0/-0 shz=3.7 plan=0 cmd=(lx=+0.00,ly=+0.00,rx=+0.45)
  t= 76.2 BRK-TR pos=(-4.79,+2.55) yaw= +81.3 d=0.49 goal_err=+1 carrot_err= +10 c0=1.12 clear=0.74 prog=0.00 rel=0.92 bal=-0.20 obs=251 hard=243 obsc=262 yr= 18G nz=0.09 flt=0.00 dmap=+0/-0 shz=3.7 plan=0 cmd=(lx=+0.00,ly=+0.00,rx=+0.45)
  t= 76.7 BRK-TR pos=(-4.79,+2.55) yaw= +71.2 d=0.49 goal_err=+12 carrot_err= +20 c0=1.03 clear=0.69 prog=0.00 rel=0.91 bal=-0.20 obs=252 hard=244 obsc=263 yr= 19G nz=0.09 flt=0.16 dmap=+1/-0 shz=3.7 plan=0 cmd=(lx=+0.00,ly=+0.00,rx=+0.45)
  t= 77.1 DWA-F pos=(-4.79,+2.55) yaw= +63.2 d=0.49 goal_err=+20 carrot_err= +28 c0=1.03 clear=0.69 prog=0.00 rel=0.93 bal=-0.11 obs=252 hard=244 obsc=263 yr= 19G nz=0.07 flt=0.00 dmap=+0/-0 shz=3.7 plan=3 cmd=(lx=+0.00,ly=+0.28,rx=-0.45)
  t= 77.5 DWA-F pos=(-4.78,+2.57) yaw= +63.2 d=0.48 goal_err=+20 carrot_err= +29 c0=1.02 clear=0.68 prog=0.02 rel=0.94 bal=-0.11 obs=252 hard=244 obsc=263 yr= 18G nz=0.06 flt=0.15 dmap=+0/-0 shz=3.7 plan=3 cmd=(lx=+0.00,ly=+0.28,rx=-0.45)
  t= 78.0 DWA-T pos=(-4.77,+2.59) yaw= +71.2 d=0.45 goal_err=+13 carrot_err= +22 c0=0.99 clear=0.66 prog=0.07 rel=0.96 bal=-0.20 obs=252 hard=241 obsc=264 yr= 18  nz=0.04 flt=0.12 dmap=+0/-0 shz=3.7 plan=3 cmd=(lx=+0.00,ly=+0.00,rx=+0.00)
  t= 78.4 DWA-T pos=(-4.77,+2.59) yaw= +71.2 d=0.45 goal_err=+13 carrot_err= +22 c0=0.99 clear=0.66 prog=0.07 rel=0.96 bal=-0.20 obs=253 hard=244 obsc=262 yr=  0  nz=0.04 flt=0.01 dmap=+0/-0 shz=3.7 plan=3 cmd=(lx=+0.00,ly=+0.00,rx=+0.00)
  t= 78.8 DWA-T pos=(-4.77,+2.59) yaw= +71.2 d=0.45 goal_err=+13 carrot_err= +22 c0=0.99 clear=0.66 prog=0.07 rel=0.96 bal=-0.20 obs=253 hard=244 obsc=262 yr=  0  nz=0.04 flt=0.01 dmap=+0/-0 shz=3.7 plan=3 cmd=(lx=+0.00,ly=+0.00,rx=+0.00)
  t= 79.3 BRK-BK pos=(-4.77,+2.59) yaw= +71.2 d=0.45 goal_err=+13 carrot_err= +22 c0=0.99 clear=0.66 prog=0.07 rel=0.96 bal=-0.20 obs=253 hard=244 obsc=262 yr=  0  nz=0.04 flt=0.01 dmap=+0/-0 shz=3.7 plan=0 cmd=(lx=+0.00,ly=-0.35,rx=+0.00)
  t= 79.7 BRK-TR pos=(-4.79,+2.55) yaw= +71.2 d=0.50 goal_err=+12 carrot_err= +20 c0=1.04 clear=0.69 prog=0.00 rel=0.97 bal=-0.20 obs=245 hard=236 obsc=254 yr=  0G nz=0.03 flt=0.02 dmap=+0/-0 shz=3.5 plan=0 cmd=(lx=+0.00,ly=+0.00,rx=+0.45)
  t= 80.1 BRK-TR pos=(-4.79,+2.55) yaw= +63.2 d=0.50 goal_err=+20 carrot_err= +28 c0=1.04 clear=0.69 prog=0.00 rel=0.96 bal=-0.10 obs=245 hard=236 obsc=254 yr= 19G nz=0.04 flt=0.00 dmap=+0/-0 shz=3.5 plan=0 cmd=(lx=+0.00,ly=+0.00,rx=+0.45)
  t= 80.6 BRK-TR pos=(-4.79,+2.55) yaw= +55.2 d=0.50 goal_err=+28 carrot_err= +36 c0=1.04 clear=0.69 prog=0.00 rel=0.96 bal=-0.10 obs=245 hard=236 obsc=254 yr= 19G nz=0.04 flt=0.00 dmap=+0/-0 shz=3.5 plan=0 cmd=(lx=+0.00,ly=+0.00,rx=+0.45)
  t= 81.0 BRK-TR pos=(-4.79,+2.55) yaw= +45.2 d=0.50 goal_err=+38 carrot_err= +46 c0=1.04 clear=0.69 prog=0.00 rel=0.96 bal=+0.06 obs=245 hard=236 obsc=254 yr= 19G nz=0.04 flt=0.00 dmap=+0/-0 shz=3.5 plan=0 cmd=(lx=+0.00,ly=+0.00,rx=+0.45)
  t= 81.4 BRK-TR pos=(-4.79,+2.55) yaw= +37.1 d=0.50 goal_err=+46 carrot_err= +54 c0=1.04 clear=0.69 prog=0.00 rel=0.97 bal=+0.17 obs=245 hard=236 obsc=254 yr= 20G nz=0.03 flt=0.08 dmap=+0/-0 shz=3.5 plan=0 cmd=(lx=+0.00,ly=+0.00,rx=+0.45)
  t= 81.8 BRK-TR pos=(-4.79,+2.55) yaw= +29.1 d=0.50 goal_err=+54 carrot_err= +62 c0=1.16 clear=0.78 prog=0.00 rel=0.99 bal=+0.11 obs=245 hard=236 obsc=254 yr= 19G nz=0.01 flt=0.00 dmap=+0/-0 shz=3.5 plan=0 cmd=(lx=+0.00,ly=+0.00,rx=+0.45)
  t= 82.3 DWA-F pos=(-4.78,+2.55) yaw= +23.1 d=0.50 goal_err=+61 carrot_err= +69 c0=1.16 clear=0.77 prog=0.01 rel=0.90 bal=+0.11 obs=245 hard=236 obsc=254 yr= 19G nz=0.10 flt=0.00 dmap=+0/-0 shz=3.5 plan=3 cmd=(lx=+0.00,ly=+0.28,rx=-0.45)
  t= 82.7 DWA-F pos=(-4.76,+2.56) yaw= +31.1 d=0.48 goal_err=+56 carrot_err= +64 c0=1.13 clear=0.75 prog=0.03 rel=0.90 bal=+0.10 obs=245 hard=236 obsc=254 yr= 18G nz=0.10 flt=0.33 dmap=+0/-0 shz=3.5 plan=3 cmd=(lx=+0.00,ly=+0.28,rx=-0.45)
  t= 83.1 DWA-F pos=(-4.73,+2.58) yaw= +39.1 d=0.46 goal_err=+50 carrot_err= +60 c0=0.98 clear=0.66 prog=0.06 rel=0.86 bal=+0.19 obs=245 hard=236 obsc=254 yr= 18G nz=0.14 flt=0.01 dmap=+0/-0 shz=3.5 plan=3 cmd=(lx=+0.00,ly=+0.28,rx=-0.45)
  t= 83.6 DWA-F pos=(-4.71,+2.60) yaw= +49.2 d=0.44 goal_err=+44 carrot_err= +54 c0=0.95 clear=0.63 prog=0.10 rel=0.83 bal=+0.04 obs=246 hard=237 obsc=255 yr= 19G nz=0.17 flt=0.14 dmap=+0/-0 shz=3.5 plan=3 cmd=(lx=+0.00,ly=+0.28,rx=-0.45)

  >>> MODO AGRESIVO ON (12s sin acercarse a B): reduzco inflado y holgura (min seguridad 0.24m) para cruzar la puerta.
  t= 84.0 AGR-DWA-F pos=(-4.69,+2.62) yaw= +57.2 d=0.42 goal_err=+38 carrot_err= +49 c0=0.92 clear=0.61 prog=0.13 rel=0.88 bal=-0.05 obs=246 hard=237 obsc=255 yr= 18G nz=0.12 flt=0.05 dmap=+0/-0 shz=3.5 plan=3 cmd=(lx=+0.00,ly=+0.28,rx=-0.45)
  t= 84.5 AGR-DWA-F pos=(-4.68,+2.65) yaw= +65.2 d=0.40 goal_err=+32 carrot_err= +44 c0=0.89 clear=0.59 prog=0.15 rel=0.88 bal=-0.11 obs=246 hard=237 obsc=255 yr= 18G nz=0.12 flt=0.12 dmap=+0/-0 shz=3.5 plan=3 cmd=(lx=+0.00,ly=+0.28,rx=-0.45)
  t= 84.9 AGR-DWA-F pos=(-4.67,+2.67) yaw= +73.2 d=0.37 goal_err=+26 carrot_err= +39 c0=0.87 clear=0.58 prog=0.17 rel=0.94 bal=-0.11 obs=246 hard=237 obsc=255 yr= 19G nz=0.06 flt=0.09 dmap=+0/-0 shz=3.5 plan=3 cmd=(lx=+0.00,ly=+0.28,rx=-0.45)
  t= 85.3 AGR-DWA-T pos=(-4.66,+2.69) yaw= +79.3 d=0.35 goal_err=+22 carrot_err= +35 c0=0.85 clear=0.56 prog=0.16 rel=0.93 bal=-0.11 obs=240 hard=232 obsc=250 yr=  0  nz=0.07 flt=0.01 dmap=+0/-0 shz=3.5 plan=3 cmd=(lx=+0.00,ly=+0.00,rx=+0.00)
  t= 85.8 AGR-DWA-T pos=(-4.66,+2.69) yaw= +79.3 d=0.35 goal_err=+22 carrot_err= +35 c0=0.85 clear=0.56 prog=0.13 rel=0.93 bal=-0.11 obs=240 hard=232 obsc=250 yr=  0  nz=0.07 flt=0.01 dmap=+0/-0 shz=3.5 plan=3 cmd=(lx=+0.00,ly=+0.00,rx=+0.00)
  t= 86.2 AGR-DWA-T pos=(-4.66,+2.69) yaw= +79.3 d=0.35 goal_err=+22 carrot_err= +35 c0=0.85 clear=0.56 prog=0.09 rel=0.93 bal=-0.11 obs=240 hard=232 obsc=250 yr=  0  nz=0.07 flt=0.01 dmap=+0/-0 shz=3.5 plan=3 cmd=(lx=+0.00,ly=+0.00,rx=+0.00)
  t= 86.6 AGR-BRK-BK pos=(-4.66,+2.68) yaw= +79.3 d=0.37 goal_err=+21 carrot_err= +34 c0=0.86 clear=0.57 prog=0.03 rel=0.93 bal=-0.11 obs=234 hard=227 obsc=244 yr=  0  nz=0.07 flt=0.00 dmap=+0/-6 shz=3.3 plan=0 cmd=(lx=+0.00,ly=-0.35,rx=+0.00)
  t= 87.1 AGR-BRK-TR pos=(-4.67,+2.63) yaw= +79.3 d=0.41 goal_err=+19 carrot_err= +30 c0=0.90 clear=0.60 prog=0.00 rel=0.97 bal=-0.10 obs=234 hard=227 obsc=244 yr=  0G nz=0.03 flt=0.02 dmap=+0/-0 shz=3.2 plan=0 cmd=(lx=+0.00,ly=+0.00,rx=+0.45)
  t= 87.5 AGR-BRK-TR pos=(-4.67,+2.63) yaw= +71.2 d=0.41 goal_err=+27 carrot_err= +38 c0=0.90 clear=0.60 prog=0.00 rel=0.96 bal=-0.10 obs=234 hard=227 obsc=244 yr= 19G nz=0.04 flt=0.00 dmap=+0/-0 shz=3.3 plan=0 cmd=(lx=+0.00,ly=+0.00,rx=+0.45)
  t= 87.9 AGR-BRK-TR pos=(-4.67,+2.63) yaw= +63.2 d=0.41 goal_err=+35 carrot_err= +46 c0=0.90 clear=0.60 prog=0.00 rel=0.95 bal=-0.10 obs=234 hard=227 obsc=244 yr= 19G nz=0.05 flt=0.00 dmap=+0/-0 shz=3.3 plan=0 cmd=(lx=+0.00,ly=+0.00,rx=+0.45)
  t= 88.3 AGR-BRK-TR pos=(-4.67,+2.63) yaw= +55.2 d=0.41 goal_err=+43 carrot_err= +54 c0=0.90 clear=0.60 prog=0.00 rel=0.97 bal=+0.06 obs=234 hard=227 obsc=244 yr= 18G nz=0.03 flt=0.07 dmap=+0/-0 shz=3.3 plan=0 cmd=(lx=+0.00,ly=+0.00,rx=+0.45)
  t= 88.8 AGR-BRK-TR pos=(-4.67,+2.63) yaw= +45.2 d=0.41 goal_err=+53 carrot_err= +64 c0=0.90 clear=0.60 prog=0.00 rel=0.97 bal=+0.13 obs=234 hard=227 obsc=244 yr= 19G nz=0.03 flt=0.08 dmap=+0/-0 shz=3.3 plan=0 cmd=(lx=+0.00,ly=+0.00,rx=+0.45)
  t= 89.2 AGR-BRK-TR pos=(-4.67,+2.63) yaw= +35.1 d=0.41 goal_err=+63 carrot_err= +74 c0=0.90 clear=0.60 prog=0.00 rel=0.97 bal=+0.06 obs=234 hard=227 obsc=244 yr= 38G nz=0.03 flt=0.00 dmap=+0/-0 shz=3.3 plan=0 cmd=(lx=+0.00,ly=+0.00,rx=+0.45)
  t= 89.6 AGR-DWA-F pos=(-4.66,+2.64) yaw= +35.1 d=0.41 goal_err=+64 carrot_err= +76 c0=0.89 clear=0.59 prog=0.01 rel=0.91 bal=+0.05 obs=234 hard=227 obsc=244 yr= 19G nz=0.09 flt=0.00 dmap=+0/-0 shz=3.3 plan=3 cmd=(lx=+0.00,ly=+0.28,rx=-0.45)
  t= 90.0 AGR-DWA-F pos=(-4.64,+2.66) yaw= +43.2 d=0.39 goal_err=+60 carrot_err= +72 c0=0.86 clear=0.58 prog=0.03 rel=0.90 bal=+0.13 obs=235 hard=228 obsc=245 yr= 19G nz=0.10 flt=0.01 dmap=+0/-0 shz=3.3 plan=3 cmd=(lx=+0.00,ly=+0.28,rx=-0.45)
  t= 90.5 AGR-DWA-F pos=(-4.62,+2.68) yaw= +51.2 d=0.38 goal_err=+56 carrot_err= +68 c0=0.84 clear=0.56 prog=0.06 rel=0.90 bal=+0.12 obs=236 hard=229 obsc=246 yr= 19G nz=0.10 flt=0.13 dmap=+1/-0 shz=3.3 plan=3 cmd=(lx=+0.00,ly=+0.28,rx=-0.45)
  t= 90.9 AGR-DWA-F pos=(-4.60,+2.70) yaw= +59.2 d=0.36 goal_err=+51 carrot_err= +64 c0=0.81 clear=0.54 prog=0.08 rel=0.88 bal=+0.03 obs=236 hard=229 obsc=246 yr= 18G nz=0.12 flt=0.10 dmap=+0/-0 shz=3.3 plan=3 cmd=(lx=+0.00,ly=+0.28,rx=-0.45)

  LLEGADO a 'B' (-4.73,+3.04); error=0.35 m, colisiones=0.
  [spill] derrames=0 E[N]=0.00 eta_max=0.87 riesgo=1.0%
  [dataset] travesia guardada -> /Users/adrianlendinezibanez/Claude/Projects/G1 ROBOT/dataset/20260730_120521_ours_B.json
  [stats] fila anadida -> /Users/adrianlendinezibanez/Claude/Projects/G1 ROBOT/dataset/runs_stats.csv

Fin goto.
  [META2-L2] estado guardado (meta2_state_abctrl.json): Pl={'Efficient_Nav': 1.0, 'Cautious_Nav': 0.94} derrames_run=0
  backend grafico: TkAgg
>>> SIM ADAPTER: conectando a rosbridge ws://localhost:8765 ...
  esperando /odom (hasta 30s; el mundo del lab tarda en cargar)... ok
  /odom OK pose=(+0.99,+0.57) | /scan: OK
  escenario LAB: mapa/waypoints/puerta REALES (lab.world solo-paredes, frame G1)

>>> GOTO 'B' -> (-4.73,+3.04). Mando en mano (L2+B). Ctrl+C aborta.
    ENTORNO: SIM (id: lab_v1_ab_ctrl)  — esta run se registra como SIMULACION, no cuenta como run de robot
  Esperando pose localizada y primera nube... ok.
  FRAME-CHECK start=(+0.99,+0.57) wp_mas_cercano=A(+0.99,+0.57) offset=0.00m  -> frame OK (pose y waypoints alineados)
  [spill] payload de agua simulado (semilla=20260730_120844_ours_B.json)
  META2 ACTIVO (techo por analogia): Meta-Reasoner 2.0, analogia inicial Cautious_Nav

  !!!!!!!!!!!!!!!!!!!!!!!!!!!!!!!!!!!!!!!!!!!!!!!!!!!!!!!!!!!!!!!!!!!!!!!!!!
  !!  VISION OFF (G1_PERC sin definir) pero G1_NOVIS=1: navego SIN vision bajo tu responsabilidad.
  !!  La MESA invisible al LiDAR no se vera.
  !!!!!!!!!!!!!!!!!!!!!!!!!!!!!!!!!!!!!!!!!!!!!!!!!!!!!!!!!!!!!!!!!!!!!!!!!!

  mapa de referencia: 961 celdas | muebles estaticos (nav_map): 0 celdas | plan global: static
  t=  0.0 DWA-F pos=(+0.99,+0.57) yaw=-120.3 d=6.23 goal_err=-83 carrot_err= -62 c0=2.25 clear=1.00 prog=0.00 rel=1.00 bal=+0.19 obs=108 hard=108 obsc=108 yr=  0  nz=0.00 flt=0.19 dmap=+108/-0 shz=0.0 plan=34 cmd=(lx=+0.00,ly=+0.40,rx=+0.45)
  t=  0.5 DWA-F pos=(+0.97,+0.53) yaw=-126.3 d=6.22 goal_err=-77 carrot_err= -59 c0=2.21 clear=1.00 prog=0.05 rel=0.97 bal=+0.28 obs=111 hard=111 obsc=111 yr= 19G nz=0.03 flt=0.14 dmap=+0/-0 shz=3.2 plan=34 cmd=(lx=+0.00,ly=+0.40,rx=+0.45)
  t=  0.9 DWA-F pos=(+0.93,+0.49) yaw=-134.4 d=6.21 goal_err=-70 carrot_err= -55 c0=2.28 clear=1.00 prog=0.09 rel=0.95 bal=+0.41 obs=111 hard=111 obsc=111 yr= 19G nz=0.04 flt=0.07 dmap=+0/-0 shz=3.5 plan=34 cmd=(lx=+0.00,ly=+0.40,rx=+0.45)
  t=  1.3 DWA-F pos=(+0.87,+0.44) yaw=-142.4 d=6.18 goal_err=-63 carrot_err= -35 c0=2.50 clear=1.00 prog=0.14 rel=0.83 bal=+0.42 obs=118 hard=118 obsc=139 yr=  0  nz=0.17 flt=0.02 dmap=+7/-0 shz=3.9 plan=34 cmd=(lx=+0.00,ly=+0.40,rx=+0.00)
  t=  1.8 DWA-F pos=(+0.82,+0.40) yaw=-142.4 d=6.15 goal_err=-63 carrot_err= -38 c0=2.50 clear=1.00 prog=0.15 rel=0.79 bal=+0.42 obs=136 hard=118 obsc=141 yr=  0G nz=0.21 flt=0.02 dmap=+0/-0 shz=3.7 plan=33 cmd=(lx=+0.00,ly=+0.40,rx=+0.45)
  t=  2.2 DWA-F pos=(+0.78,+0.37) yaw=-150.4 d=6.12 goal_err=-56 carrot_err= -32 c0=2.50 clear=1.00 prog=0.18 rel=0.87 bal=+0.43 obs=141 hard=120 obsc=143 yr= 19  nz=0.13 flt=0.00 dmap=+0/-0 shz=3.9 plan=33 cmd=(lx=+0.00,ly=+0.40,rx=+0.00)
  t=  2.6 DWA-F pos=(+0.72,+0.34) yaw=-150.4 d=6.09 goal_err=-56 carrot_err= -35 c0=2.50 clear=1.00 prog=0.22 rel=0.88 bal=+0.44 obs=144 hard=124 obsc=147 yr=  0  nz=0.12 flt=0.00 dmap=+2/-1 shz=3.8 plan=33 cmd=(lx=+0.00,ly=+0.40,rx=+0.00)
  t=  3.1 DWA-F pos=(+0.66,+0.30) yaw=-150.4 d=6.05 goal_err=-57 carrot_err= -36 c0=2.50 clear=1.00 prog=0.24 rel=0.99 bal=+0.36 obs=145 hard=144 obsc=147 yr=  0  nz=0.01 flt=0.01 dmap=+0/-0 shz=4.0 plan=32 cmd=(lx=+0.00,ly=+0.40,rx=+0.00)
  t=  3.5 DWA-F pos=(+0.63,+0.28) yaw=-150.4 d=6.02 goal_err=-57 carrot_err= -38 c0=2.50 clear=1.00 prog=0.24 rel=0.99 bal=+0.36 obs=145 hard=144 obsc=147 yr=  0G nz=0.01 flt=0.00 dmap=+0/-0 shz=3.9 plan=32 cmd=(lx=+0.00,ly=+0.40,rx=+0.45)
  t=  3.9 DWA-F pos=(+0.58,+0.26) yaw=-156.4 d=5.99 goal_err=-51 carrot_err= -34 c0=2.50 clear=1.00 prog=0.25 rel=0.99 bal=+0.37 obs=148 hard=148 obsc=151 yr=  0  nz=0.01 flt=0.00 dmap=+4/-1 shz=3.8 plan=32 cmd=(lx=+0.00,ly=+0.40,rx=+0.00)
  t=  4.4 DWA-F pos=(+0.54,+0.24) yaw=-156.4 d=5.96 goal_err=-52 carrot_err= -36 c0=2.50 clear=1.00 prog=0.24 rel=0.99 bal=+0.38 obs=149 hard=148 obsc=151 yr=  0  nz=0.01 flt=0.01 dmap=+1/-0 shz=3.9 plan=32 cmd=(lx=+0.00,ly=+0.40,rx=+0.00)
  t=  4.8 DWA-F pos=(+0.48,+0.22) yaw=-156.4 d=5.93 goal_err=-52 carrot_err= -23 c0=2.50 clear=1.00 prog=0.23 rel=0.99 bal=+0.40 obs=151 hard=151 obsc=153 yr=  0  nz=0.01 flt=0.00 dmap=+0/-0 shz=3.9 plan=32 cmd=(lx=+0.00,ly=+0.40,rx=+0.00)
  t=  5.2 DWA-F pos=(+0.44,+0.20) yaw=-156.4 d=5.90 goal_err=-52 carrot_err= -24 c0=2.50 clear=1.00 prog=0.23 rel=0.99 bal=+0.41 obs=151 hard=151 obsc=153 yr=  0  nz=0.01 flt=0.02 dmap=+0/-0 shz=3.9 plan=32 cmd=(lx=+0.00,ly=+0.40,rx=+0.00)
  t=  5.7 DWA-F pos=(+0.40,+0.18) yaw=-156.4 d=5.88 goal_err=-53 carrot_err= -25 c0=2.50 clear=1.00 prog=0.23 rel=0.99 bal=+0.42 obs=154 hard=152 obsc=156 yr=  0  nz=0.01 flt=0.00 dmap=+3/-0 shz=3.9 plan=32 cmd=(lx=+0.00,ly=+0.40,rx=+0.00)
  t=  6.1 DWA-F pos=(+0.36,+0.16) yaw=-156.4 d=5.85 goal_err=-53 carrot_err= -26 c0=2.50 clear=1.00 prog=0.22 rel=0.99 bal=+0.43 obs=154 hard=153 obsc=157 yr=  0  nz=0.01 flt=0.01 dmap=+1/-1 shz=4.0 plan=31 cmd=(lx=+0.00,ly=+0.40,rx=+0.00)
  t=  6.5 DWA-F pos=(+0.31,+0.14) yaw=-156.4 d=5.82 goal_err=-53 carrot_err= -28 c0=2.50 clear=1.00 prog=0.23 rel=0.98 bal=+0.44 obs=154 hard=152 obsc=156 yr=  0  nz=0.02 flt=0.00 dmap=+0/-0 shz=3.9 plan=31 cmd=(lx=+0.00,ly=+0.40,rx=+0.00)
  t=  7.0 DWA-F pos=(+0.27,+0.12) yaw=-156.4 d=5.79 goal_err=-54 carrot_err= -16 c0=2.50 clear=1.00 prog=0.22 rel=0.98 bal=+0.45 obs=154 hard=154 obsc=156 yr=  0  nz=0.02 flt=0.00 dmap=+0/-0 shz=4.0 plan=31 cmd=(lx=+0.00,ly=+0.40,rx=+0.00)
  t=  7.4 DWA-F pos=(+0.23,+0.11) yaw=-156.4 d=5.76 goal_err=-54 carrot_err= -16 c0=2.50 clear=1.00 prog=0.21 rel=0.98 bal=+0.46 obs=154 hard=154 obsc=156 yr=  0  nz=0.02 flt=0.00 dmap=+0/-0 shz=3.9 plan=31 cmd=(lx=+0.00,ly=+0.40,rx=+0.00)
  t=  7.9 DWA-F pos=(+0.18,+0.08) yaw=-156.4 d=5.73 goal_err=-55 carrot_err= -18 c0=2.50 clear=1.00 prog=0.22 rel=0.98 bal=+0.39 obs=155 hard=156 obsc=158 yr=  0  nz=0.02 flt=0.00 dmap=+2/-1 shz=4.0 plan=30 cmd=(lx=+0.00,ly=+0.40,rx=+0.00)
  t=  8.3 DWA-F pos=(+0.14,+0.07) yaw=-156.4 d=5.71 goal_err=-55 carrot_err= -19 c0=2.48 clear=1.00 prog=0.21 rel=0.98 bal=+0.39 obs=157 hard=156 obsc=159 yr=  0  nz=0.02 flt=0.00 dmap=+0/-0 shz=3.9 plan=30 cmd=(lx=+0.00,ly=+0.40,rx=+0.00)
  t=  8.7 DWA-F pos=(+0.09,+0.04) yaw=-156.4 d=5.67 goal_err=-55 carrot_err= -21 c0=2.43 clear=1.00 prog=0.22 rel=0.96 bal=+0.40 obs=157 hard=156 obsc=159 yr=  0  nz=0.04 flt=0.01 dmap=+0/-0 shz=4.0 plan=30 cmd=(lx=+0.00,ly=+0.40,rx=+0.00)
  t=  9.2 DWA-F pos=(+0.04,+0.02) yaw=-156.4 d=5.64 goal_err=-56 carrot_err= -22 c0=2.37 clear=1.00 prog=0.23 rel=0.94 bal=+0.40 obs=159 hard=159 obsc=162 yr=  0  nz=0.06 flt=0.00 dmap=+1/-1 shz=3.9 plan=29 cmd=(lx=+0.00,ly=+0.40,rx=+0.00)
  t=  9.6 DWA-F pos=(-0.00,+0.00) yaw=-156.4 d=5.62 goal_err=-56 carrot_err= -23 c0=2.33 clear=1.00 prog=0.23 rel=0.92 bal=+0.41 obs=160 hard=160 obsc=162 yr=  0  nz=0.08 flt=0.02 dmap=+0/-0 shz=4.0 plan=29 cmd=(lx=+0.00,ly=+0.40,rx=+0.00)
  t= 10.0 DWA-F pos=(-0.04,-0.01) yaw=-156.4 d=5.59 goal_err=-57 carrot_err= -25 c0=2.29 clear=1.00 prog=0.21 rel=0.92 bal=+0.43 obs=161 hard=161 obsc=164 yr=  0  nz=0.08 flt=0.00 dmap=+0/-0 shz=3.9 plan=29 cmd=(lx=+0.00,ly=+0.40,rx=+0.00)
  t= 10.5 DWA-F pos=(-0.09,-0.03) yaw=-156.4 d=5.57 goal_err=-57 carrot_err= -26 c0=2.24 clear=1.00 prog=0.21 rel=0.93 bal=+0.44 obs=161 hard=162 obsc=166 yr=  0  nz=0.07 flt=0.02 dmap=+1/-1 shz=3.9 plan=29 cmd=(lx=+0.00,ly=+0.40,rx=+0.00)
  t= 10.9 DWA-F pos=(-0.14,-0.05) yaw=-156.4 d=5.54 goal_err=-58 carrot_err= -27 c0=2.19 clear=1.00 prog=0.21 rel=0.93 bal=+0.46 obs=166 hard=165 obsc=169 yr=  0  nz=0.07 flt=0.01 dmap=+1/-0 shz=4.0 plan=28 cmd=(lx=+0.00,ly=+0.40,rx=+0.00)
  t= 11.3 DWA-F pos=(-0.18,-0.07) yaw=-156.4 d=5.52 goal_err=-58 carrot_err= -29 c0=2.14 clear=1.00 prog=0.20 rel=0.92 bal=+0.48 obs=166 hard=164 obsc=170 yr=  0  nz=0.08 flt=0.00 dmap=+0/-0 shz=3.9 plan=28 cmd=(lx=+0.00,ly=+0.40,rx=+0.00)
  t= 11.8 DWA-F pos=(-0.22,-0.09) yaw=-156.4 d=5.49 goal_err=-58 carrot_err= -30 c0=2.10 clear=1.00 prog=0.19 rel=0.92 bal=+0.49 obs=168 hard=167 obsc=172 yr=  0  nz=0.08 flt=0.01 dmap=+0/-0 shz=4.0 plan=28 cmd=(lx=+0.00,ly=+0.40,rx=+0.00)
  t= 12.2 DWA-F pos=(-0.26,-0.11) yaw=-156.4 d=5.47 goal_err=-59 carrot_err= -32 c0=2.06 clear=1.00 prog=0.19 rel=0.92 bal=+0.50 obs=169 hard=167 obsc=172 yr=  0  nz=0.08 flt=0.00 dmap=+0/-0 shz=3.9 plan=28 cmd=(lx=+0.00,ly=+0.40,rx=+0.00)
  t= 12.6 DWA-F pos=(-0.31,-0.13) yaw=-156.4 d=5.44 goal_err=-59 carrot_err= -34 c0=2.00 clear=1.00 prog=0.20 rel=0.92 bal=+0.52 obs=168 hard=168 obsc=171 yr=  0  nz=0.08 flt=0.00 dmap=+0/-0 shz=4.0 plan=28 cmd=(lx=+0.00,ly=+0.40,rx=+0.00)
  t= 13.1 DWA-F pos=(-0.35,-0.15) yaw=-156.4 d=5.42 goal_err=-60 carrot_err= -33 c0=1.96 clear=1.00 prog=0.19 rel=0.92 bal=+0.52 obs=168 hard=168 obsc=171 yr=  0  nz=0.08 flt=0.01 dmap=+0/-0 shz=3.9 plan=28 cmd=(lx=+0.00,ly=+0.40,rx=+0.00)
  t= 13.5 DWA-F pos=(-0.39,-0.17) yaw=-156.4 d=5.40 goal_err=-60 carrot_err= -35 c0=1.91 clear=1.00 prog=0.18 rel=0.91 bal=+0.53 obs=169 hard=170 obsc=173 yr=  0  nz=0.09 flt=0.01 dmap=+0/-0 shz=4.0 plan=28 cmd=(lx=+0.00,ly=+0.40,rx=+0.00)
  t= 13.9 DWA-F pos=(-0.44,-0.19) yaw=-156.4 d=5.37 goal_err=-61 carrot_err= -37 c0=1.86 clear=1.00 prog=0.19 rel=0.92 bal=+0.53 obs=170 hard=170 obsc=174 yr=  0  nz=0.08 flt=0.00 dmap=+1/-0 shz=4.0 plan=27 cmd=(lx=+0.00,ly=+0.40,rx=+0.45)
  t= 14.4 DWA-F pos=(-0.48,-0.21) yaw=-160.4 d=5.35 goal_err=-57 carrot_err= -36 c0=1.81 clear=1.00 prog=0.18 rel=0.92 bal=+0.54 obs=170 hard=170 obsc=174 yr= 19G nz=0.09 flt=0.00 dmap=+0/-0 shz=4.0 plan=27 cmd=(lx=+0.00,ly=+0.40,rx=+0.00)
  t= 14.8 DWA-F pos=(-0.52,-0.22) yaw=-164.4 d=5.32 goal_err=-53 carrot_err= -33 c0=1.77 clear=1.00 prog=0.19 rel=0.92 bal=+0.55 obs=174 hard=172 obsc=177 yr=  0  nz=0.08 flt=0.00 dmap=+0/-0 shz=4.0 plan=27 cmd=(lx=+0.00,ly=+0.40,rx=+0.00)
  t= 15.2 DWA-F pos=(-0.57,-0.23) yaw=-164.4 d=5.29 goal_err=-54 carrot_err= -43 c0=1.73 clear=1.00 prog=0.19 rel=0.93 bal=+0.49 obs=176 hard=174 obsc=179 yr=  0  nz=0.07 flt=0.00 dmap=+2/-0 shz=4.0 plan=26 cmd=(lx=+0.00,ly=+0.40,rx=+0.45)
  t= 15.7 DWA-F pos=(-0.61,-0.24) yaw=-168.4 d=5.27 goal_err=-50 carrot_err= -41 c0=1.69 clear=1.00 prog=0.20 rel=0.93 bal=+0.50 obs=176 hard=174 obsc=179 yr= 18G nz=0.07 flt=0.01 dmap=+0/-0 shz=4.0 plan=26 cmd=(lx=+0.00,ly=+0.40,rx=+0.45)
  t= 16.1 DWA-F pos=(-0.68,-0.25) yaw=-176.5 d=5.22 goal_err=-43 carrot_err= -35 c0=1.88 clear=1.00 prog=0.23 rel=0.89 bal=+0.56 obs=193 hard=182 obsc=197 yr=  0  nz=0.11 flt=0.20 dmap=+0/-0 shz=4.0 plan=26 cmd=(lx=+0.00,ly=+0.40,rx=+0.00)
  t= 16.5 DWA-F pos=(-0.72,-0.25) yaw=-176.5 d=5.19 goal_err=-43 carrot_err= -37 c0=1.84 clear=1.00 prog=0.25 rel=0.86 bal=+0.53 obs=192 hard=191 obsc=197 yr=  0  nz=0.14 flt=0.01 dmap=+0/-0 shz=4.0 plan=26 cmd=(lx=+0.00,ly=+0.40,rx=+0.00)
  t= 17.0 DWA-F pos=(-0.76,-0.26) yaw=-176.5 d=5.16 goal_err=-43 carrot_err= -32 c0=1.80 clear=1.00 prog=0.26 rel=0.87 bal=+0.54 obs=191 hard=190 obsc=196 yr=  0  nz=0.13 flt=0.00 dmap=+0/-2 shz=4.0 plan=25 cmd=(lx=+0.00,ly=+0.40,rx=+0.00)
  t= 17.4 DWA-F pos=(-0.81,-0.26) yaw=-176.5 d=5.12 goal_err=-44 carrot_err= -34 c0=1.76 clear=1.00 prog=0.27 rel=0.93 bal=+0.54 obs=190 hard=189 obsc=194 yr=  0  nz=0.07 flt=0.02 dmap=+1/-1 shz=4.0 plan=25 cmd=(lx=+0.00,ly=+0.40,rx=+0.00)
  t= 17.8 DWA-F pos=(-0.86,-0.26) yaw=-176.5 d=5.08 goal_err=-44 carrot_err= -36 c0=1.70 clear=1.00 prog=0.26 rel=0.92 bal=+0.53 obs=190 hard=187 obsc=193 yr=  0  nz=0.08 flt=0.00 dmap=+0/-0 shz=4.0 plan=25 cmd=(lx=+0.00,ly=+0.40,rx=+0.00)
  t= 18.3 DWA-F pos=(-0.91,-0.26) yaw=-176.5 d=5.05 goal_err=-44 carrot_err= -40 c0=1.66 clear=1.00 prog=0.26 rel=0.92 bal=+0.35 obs=190 hard=187 obsc=193 yr=  0  nz=0.08 flt=0.00 dmap=+0/-0 shz=4.0 plan=24 cmd=(lx=+0.00,ly=+0.40,rx=+0.45)
  t= 18.7 DWA-F pos=(-0.95,-0.27) yaw=+179.5 d=5.02 goal_err=-41 carrot_err= -38 c0=1.80 clear=1.00 prog=0.26 rel=0.92 bal=+0.33 obs=190 hard=187 obsc=193 yr= 19G nz=0.08 flt=0.01 dmap=+0/-0 shz=4.0 plan=24 cmd=(lx=+0.00,ly=+0.40,rx=+0.00)
  t= 19.2 DWA-F pos=(-1.01,-0.26) yaw=+175.5 d=4.98 goal_err=-37 carrot_err= -35 c0=1.79 clear=1.00 prog=0.28 rel=0.89 bal=+0.32 obs=191 hard=188 obsc=194 yr=  0  nz=0.11 flt=0.00 dmap=+2/-0 shz=4.0 plan=24 cmd=(lx=+0.00,ly=+0.40,rx=+0.00)
  t= 19.6 DWA-F pos=(-1.05,-0.26) yaw=+175.5 d=4.94 goal_err=-37 carrot_err= -37 c0=1.75 clear=1.00 prog=0.27 rel=0.89 bal=+0.31 obs=191 hard=190 obsc=195 yr=  0  nz=0.11 flt=0.00 dmap=+0/-0 shz=4.0 plan=24 cmd=(lx=+0.00,ly=+0.40,rx=+0.00)
  t= 20.0 DWA-F pos=(-1.11,-0.26) yaw=+173.5 d=4.90 goal_err=-36 carrot_err= -37 c0=1.69 clear=1.00 prog=0.29 rel=0.90 bal=+0.29 obs=191 hard=189 obsc=194 yr= 19G nz=0.10 flt=0.00 dmap=+0/-0 shz=4.0 plan=24 cmd=(lx=+0.00,ly=+0.40,rx=+0.00)
  t= 20.5 DWA-F pos=(-1.16,-0.25) yaw=+171.5 d=4.85 goal_err=-34 carrot_err= -37 c0=1.64 clear=1.00 prog=0.31 rel=0.91 bal=+0.28 obs=190 hard=189 obsc=194 yr=  0  nz=0.09 flt=0.01 dmap=+0/-1 shz=4.0 plan=24 cmd=(lx=+0.00,ly=+0.40,rx=+0.00)
  t= 20.9 DWA-F pos=(-1.21,-0.24) yaw=+167.5 d=4.81 goal_err=-30 carrot_err= -35 c0=1.59 clear=1.00 prog=0.30 rel=0.92 bal=+0.27 obs=190 hard=189 obsc=194 yr= 19  nz=0.08 flt=0.01 dmap=+0/-0 shz=4.0 plan=24 cmd=(lx=+0.00,ly=+0.40,rx=+0.00)
  t= 21.3 DWA-F pos=(-1.25,-0.23) yaw=+167.5 d=4.78 goal_err=-31 carrot_err= -28 c0=1.55 clear=1.00 prog=0.31 rel=0.91 bal=+0.26 obs=193 hard=191 obsc=196 yr=  0  nz=0.09 flt=0.01 dmap=+0/-0 shz=4.0 plan=23 cmd=(lx=+0.00,ly=+0.40,rx=+0.00)
  t= 21.8 DWA-F pos=(-1.29,-0.22) yaw=+167.5 d=4.74 goal_err=-31 carrot_err= -29 c0=1.51 clear=1.00 prog=0.30 rel=0.91 bal=+0.25 obs=194 hard=191 obsc=196 yr=  0  nz=0.09 flt=0.00 dmap=+0/-0 shz=4.0 plan=23 cmd=(lx=+0.00,ly=+0.40,rx=+0.00)
  t= 22.2 DWA-F pos=(-1.35,-0.21) yaw=+167.5 d=4.69 goal_err=-31 carrot_err= -31 c0=1.45 clear=0.97 prog=0.32 rel=0.92 bal=+0.25 obs=190 hard=190 obsc=196 yr=  0  nz=0.08 flt=0.00 dmap=+2/-4 shz=4.0 plan=23 cmd=(lx=+0.00,ly=+0.40,rx=+0.00)
  t= 22.6 DWA-F pos=(-1.39,-0.20) yaw=+167.5 d=4.65 goal_err=-32 carrot_err= -32 c0=1.41 clear=0.94 prog=0.31 rel=0.90 bal=+0.25 obs=191 hard=188 obsc=193 yr=  0  nz=0.10 flt=0.02 dmap=+0/-0 shz=4.0 plan=23 cmd=(lx=+0.00,ly=+0.40,rx=+0.00)
  t= 23.1 DWA-F pos=(-1.43,-0.19) yaw=+167.5 d=4.61 goal_err=-32 carrot_err= -14 c0=1.37 clear=0.91 prog=0.30 rel=0.91 bal=+0.24 obs=192 hard=189 obsc=194 yr=  0  nz=0.09 flt=0.02 dmap=+0/-0 shz=4.0 plan=22 cmd=(lx=+0.00,ly=+0.40,rx=+0.00)
  t= 23.5 DWA-F pos=(-1.48,-0.18) yaw=+167.5 d=4.58 goal_err=-32 carrot_err= -15 c0=1.32 clear=0.88 prog=0.30 rel=0.92 bal=+0.24 obs=192 hard=190 obsc=194 yr=  0  nz=0.08 flt=0.01 dmap=+0/-0 shz=4.0 plan=22 cmd=(lx=+0.00,ly=+0.40,rx=+0.00)
  t= 24.0 DWA-F pos=(-1.54,-0.17) yaw=+167.5 d=4.52 goal_err=-33 carrot_err= -17 c0=1.26 clear=0.84 prog=0.33 rel=0.92 bal=+0.11 obs=190 hard=188 obsc=194 yr=  0  nz=0.09 flt=0.00 dmap=+0/-2 shz=4.0 plan=22 cmd=(lx=+0.00,ly=+0.40,rx=+0.00)
  t= 24.4 DWA-F pos=(-1.59,-0.16) yaw=+167.5 d=4.48 goal_err=-33 carrot_err= -22 c0=1.21 clear=0.81 prog=0.32 rel=0.90 bal=+0.11 obs=190 hard=189 obsc=194 yr=  0  nz=0.10 flt=0.02 dmap=+0/-0 shz=4.0 plan=21 cmd=(lx=+0.00,ly=+0.40,rx=+0.00)
  t= 24.8 DWA-F pos=(-1.63,-0.15) yaw=+167.5 d=4.45 goal_err=-33 carrot_err= -23 c0=1.17 clear=0.78 prog=0.32 rel=0.91 bal=+0.11 obs=193 hard=189 obsc=195 yr=  0  nz=0.09 flt=0.01 dmap=+0/-0 shz=4.0 plan=21 cmd=(lx=+0.00,ly=+0.40,rx=+0.00)
  t= 25.3 DWA-F pos=(-1.68,-0.13) yaw=+167.5 d=4.40 goal_err=-34 carrot_err= -24 c0=1.12 clear=0.74 prog=0.33 rel=0.91 bal=+0.12 obs=193 hard=191 obsc=196 yr=  0  nz=0.09 flt=0.02 dmap=+0/-1 shz=4.0 plan=21 cmd=(lx=+0.00,ly=+0.40,rx=+0.00)
  t= 25.7 DWA-F pos=(-1.73,-0.13) yaw=+167.5 d=4.36 goal_err=-34 carrot_err= -27 c0=1.08 clear=0.72 prog=0.30 rel=0.93 bal=+0.12 obs=193 hard=191 obsc=195 yr=  0  nz=0.07 flt=0.00 dmap=+0/-0 shz=4.0 plan=21 cmd=(lx=+0.00,ly=+0.40,rx=+0.00)
  t= 26.1 DWA-F pos=(-1.77,-0.12) yaw=+167.5 d=4.33 goal_err=-34 carrot_err= -19 c0=1.03 clear=0.69 prog=0.30 rel=0.92 bal=+0.11 obs=194 hard=192 obsc=196 yr=  0  nz=0.08 flt=0.01 dmap=+0/-0 shz=4.0 plan=20 cmd=(lx=+0.00,ly=+0.40,rx=+0.00)
  t= 26.6 DWA-F pos=(-1.81,-0.11) yaw=+167.5 d=4.29 goal_err=-35 carrot_err= -20 c0=0.99 clear=0.66 prog=0.30 rel=0.93 bal=+0.11 obs=195 hard=192 obsc=198 yr=  0  nz=0.07 flt=0.02 dmap=+0/-0 shz=4.0 plan=20 cmd=(lx=+0.00,ly=+0.40,rx=+0.00)
  t= 27.0 DWA-F pos=(-1.87,-0.09) yaw=+167.5 d=4.24 goal_err=-35 carrot_err= -21 c0=0.94 clear=0.62 prog=0.31 rel=0.92 bal=+0.10 obs=195 hard=191 obsc=198 yr=  0  nz=0.08 flt=0.02 dmap=+0/-0 shz=4.0 plan=20 cmd=(lx=+0.00,ly=+0.40,rx=+0.00)
  t= 27.4 DWA-F pos=(-1.91,-0.08) yaw=+167.5 d=4.21 goal_err=-35 carrot_err= -25 c0=0.90 clear=0.60 prog=0.30 rel=0.92 bal=+0.10 obs=194 hard=191 obsc=197 yr=  0  nz=0.08 flt=0.00 dmap=+0/-0 shz=4.0 plan=19 cmd=(lx=+0.00,ly=+0.40,rx=+0.00)
  t= 27.9 DWA-F pos=(-1.95,-0.07) yaw=+167.5 d=4.17 goal_err=-36 carrot_err= -26 c0=0.85 clear=0.57 prog=0.29 rel=0.92 bal=+0.10 obs=196 hard=194 obsc=198 yr=  0  nz=0.08 flt=0.00 dmap=+0/-0 shz=4.0 plan=19 cmd=(lx=+0.00,ly=+0.40,rx=+0.00)
  t= 28.3 DWA-F pos=(-2.01,-0.06) yaw=+167.5 d=4.13 goal_err=-36 carrot_err= -27 c0=0.80 clear=0.54 prog=0.31 rel=0.91 bal=-0.00 obs=194 hard=193 obsc=196 yr=  0  nz=0.09 flt=0.00 dmap=+0/-0 shz=4.0 plan=19 cmd=(lx=+0.00,ly=+0.40,rx=+0.00)
  t= 28.7 DWA-F pos=(-2.05,-0.05) yaw=+167.5 d=4.09 goal_err=-37 carrot_err= -29 c0=0.76 clear=0.51 prog=0.29 rel=0.92 bal=-0.02 obs=196 hard=196 obsc=199 yr=  0  nz=0.08 flt=0.01 dmap=+2/-1 shz=4.0 plan=19 cmd=(lx=+0.00,ly=+0.40,rx=+0.00)
  t= 29.2 DWA-F pos=(-2.11,-0.04) yaw=+167.5 d=4.05 goal_err=-37 carrot_err= -30 c0=0.91 clear=0.60 prog=0.30 rel=0.91 bal=-0.04 obs=197 hard=196 obsc=199 yr=  0  nz=0.09 flt=0.03 dmap=+0/-0 shz=4.0 plan=19 cmd=(lx=+0.00,ly=+0.40,rx=+0.00)
  t= 29.6 DWA-F pos=(-2.15,-0.03) yaw=+163.5 d=4.01 goal_err=-33 carrot_err= -28 c0=1.05 clear=0.70 prog=0.30 rel=0.82 bal=-0.06 obs=198 hard=197 obsc=200 yr= 19  nz=0.18 flt=0.17 dmap=+0/-0 shz=4.0 plan=19 cmd=(lx=+0.00,ly=+0.40,rx=+0.00)
  t= 30.0 DWA-F pos=(-2.20,-0.01) yaw=+161.5 d=3.96 goal_err=-32 carrot_err= -27 c0=1.00 clear=0.67 prog=0.32 rel=0.79 bal=-0.27 obs=205 hard=201 obsc=219 yr=  0  nz=0.21 flt=0.06 dmap=+2/-0 shz=4.0 plan=19 cmd=(lx=+0.00,ly=+0.40,rx=+0.00)
  t= 30.5 DWA-F pos=(-2.24,+0.00) yaw=+161.5 d=3.93 goal_err=-32 carrot_err= -20 c0=0.96 clear=0.64 prog=0.31 rel=0.83 bal=-0.42 obs=205 hard=201 obsc=219 yr=  0  nz=0.17 flt=0.01 dmap=+0/-0 shz=4.0 plan=18 cmd=(lx=+0.00,ly=+0.40,rx=+0.00)
  t= 30.9 DWA-F pos=(-2.29,+0.01) yaw=+161.5 d=3.89 goal_err=-33 carrot_err= -21 c0=0.91 clear=0.61 prog=0.31 rel=0.91 bal=-0.55 obs=206 hard=201 obsc=220 yr=  0  nz=0.09 flt=0.03 dmap=+0/-0 shz=4.0 plan=18 cmd=(lx=+0.00,ly=+0.40,rx=+0.00)
  t= 31.4 DWA-F pos=(-2.34,+0.03) yaw=+161.5 d=3.84 goal_err=-33 carrot_err= -22 c0=0.86 clear=0.57 prog=0.32 rel=0.92 bal=-0.55 obs=207 hard=203 obsc=222 yr=  0  nz=0.08 flt=0.03 dmap=+0/-0 shz=4.0 plan=18 cmd=(lx=+0.00,ly=+0.40,rx=+0.00)
  t= 31.8 DWA-F pos=(-2.38,+0.05) yaw=+161.5 d=3.81 goal_err=-33 carrot_err= -24 c0=0.82 clear=0.55 prog=0.30 rel=0.91 bal=-0.46 obs=206 hard=204 obsc=223 yr=  0  nz=0.09 flt=0.01 dmap=+0/-2 shz=4.0 plan=18 cmd=(lx=+0.00,ly=+0.40,rx=+0.00)
  t= 32.2 DWA-F pos=(-2.42,+0.06) yaw=+161.5 d=3.77 goal_err=-34 carrot_err= -25 c0=0.78 clear=0.52 prog=0.30 rel=0.92 bal=-0.46 obs=207 hard=204 obsc=221 yr=  0  nz=0.08 flt=0.02 dmap=+0/-0 shz=4.0 plan=17 cmd=(lx=+0.00,ly=+0.40,rx=+0.00)
  t= 32.7 DWA-F pos=(-2.48,+0.08) yaw=+161.5 d=3.72 goal_err=-34 carrot_err= -26 c0=0.73 clear=0.48 prog=0.32 rel=0.92 bal=-0.44 obs=207 hard=204 obsc=222 yr=  0  nz=0.08 flt=0.02 dmap=+0/-0 shz=4.0 plan=17 cmd=(lx=+0.00,ly=+0.40,rx=+0.00)
  t= 33.1 DWA-F pos=(-2.52,+0.09) yaw=+161.5 d=3.69 goal_err=-35 carrot_err= -28 c0=0.89 clear=0.59 prog=0.30 rel=0.90 bal=-0.43 obs=211 hard=208 obsc=226 yr=  0  nz=0.10 flt=0.01 dmap=+0/-0 shz=4.0 plan=17 cmd=(lx=+0.00,ly=+0.40,rx=+0.00)
  t= 33.5 ENG-F pos=(-2.56,+0.11) yaw=+161.5 d=3.65 goal_err=-35 carrot_err= -29 c0=1.05 clear=0.70 prog=0.30 rel=0.82 bal=-0.43 obs=211 hard=208 obsc=227 yr=  0  nz=0.17 flt=0.00 dmap=+2/-1 shz=4.0 plan=16 cmd=(lx=+0.00,ly=+0.28,rx=+0.00)
  t= 34.0 ENG-F pos=(-2.59,+0.12) yaw=+161.5 d=3.62 goal_err=-35 carrot_err= -30 c0=1.01 clear=0.67 prog=0.28 rel=0.82 bal=-0.31 obs=211 hard=209 obsc=228 yr=  0  nz=0.18 flt=0.00 dmap=+0/-0 shz=4.0 plan=16 cmd=(lx=+0.00,ly=+0.28,rx=+0.00)
  t= 34.4 ENG-F pos=(-2.64,+0.13) yaw=+161.5 d=3.58 goal_err=-36 carrot_err= -31 c0=0.97 clear=0.65 prog=0.28 rel=0.89 bal=-0.32 obs=214 hard=208 obsc=228 yr=  0  nz=0.11 flt=0.01 dmap=+0/-0 shz=4.0 plan=16 cmd=(lx=+0.00,ly=+0.28,rx=+0.00)
  t= 34.8 ENG-F pos=(-2.67,+0.14) yaw=+161.5 d=3.56 goal_err=-36 carrot_err= -33 c0=0.93 clear=0.62 prog=0.26 rel=0.92 bal=-0.32 obs=214 hard=208 obsc=228 yr=  0  nz=0.08 flt=0.03 dmap=+0/-0 shz=4.0 plan=16 cmd=(lx=+0.00,ly=+0.28,rx=+0.00)
  t= 35.2 ENG-F pos=(-2.71,+0.16) yaw=+161.5 d=3.52 goal_err=-36 carrot_err= -34 c0=0.89 clear=0.59 prog=0.26 rel=0.92 bal=-0.32 obs=216 hard=210 obsc=231 yr=  0  nz=0.08 flt=0.00 dmap=+1/-1 shz=4.0 plan=16 cmd=(lx=+0.00,ly=+0.28,rx=+0.00)
  t= 35.7 ENG-T pos=(-2.75,+0.17) yaw=+161.5 d=3.49 goal_err=-37 carrot_err= -36 c0=0.85 clear=0.57 prog=0.25 rel=0.92 bal=-0.32 obs=216 hard=211 obsc=230 yr=  0  nz=0.08 flt=0.01 dmap=+0/-0 shz=4.0 plan=16 cmd=(lx=+0.00,ly=+0.00,rx=+0.45)
  t= 36.1 ENG-F pos=(-2.76,+0.17) yaw=+155.5 d=3.48 goal_err=-31 carrot_err= -31 c0=0.84 clear=0.56 prog=0.23 rel=0.93 bal=-0.32 obs=216 hard=211 obsc=230 yr= 19  nz=0.07 flt=0.18 dmap=+0/-0 shz=4.0 plan=16 cmd=(lx=+0.00,ly=+0.28,rx=+0.00)
  t= 36.5 ENG-F pos=(-2.80,+0.19) yaw=+155.5 d=3.45 goal_err=-31 carrot_err= -21 c0=0.80 clear=0.54 prog=0.22 rel=0.93 bal=-0.31 obs=216 hard=211 obsc=230 yr=  0  nz=0.07 flt=0.04 dmap=+0/-0 shz=4.0 plan=16 cmd=(lx=+0.00,ly=+0.28,rx=+0.00)
  t= 37.0 ENG-F pos=(-2.83,+0.20) yaw=+155.5 d=3.41 goal_err=-32 carrot_err= -22 c0=0.77 clear=0.51 prog=0.22 rel=0.94 bal=-0.31 obs=217 hard=212 obsc=232 yr=  0  nz=0.06 flt=0.02 dmap=+0/-0 shz=4.0 plan=16 cmd=(lx=+0.00,ly=+0.28,rx=+0.00)
  t= 37.4 ENG-F pos=(-2.86,+0.22) yaw=+155.5 d=3.38 goal_err=-32 carrot_err= -23 c0=0.76 clear=0.51 prog=0.21 rel=0.94 bal=-0.27 obs=217 hard=212 obsc=231 yr=  0  nz=0.06 flt=0.00 dmap=+0/-0 shz=4.0 plan=16 cmd=(lx=+0.00,ly=+0.28,rx=+0.00)
  t= 37.8 ENG-F pos=(-2.89,+0.23) yaw=+155.5 d=3.35 goal_err=-32 carrot_err= -24 c0=0.73 clear=0.48 prog=0.21 rel=0.95 bal=-0.28 obs=218 hard=213 obsc=232 yr=  0  nz=0.05 flt=0.02 dmap=+1/-0 shz=4.0 plan=16 cmd=(lx=+0.00,ly=+0.28,rx=+0.00)
  t= 38.2 ENG-F pos=(-2.92,+0.25) yaw=+151.4 d=3.33 goal_err=-28 carrot_err= -20 c0=0.70 clear=0.47 prog=0.23 rel=0.94 bal=-0.28 obs=218 hard=213 obsc=232 yr= 18  nz=0.06 flt=0.00 dmap=+0/-0 shz=4.0 plan=16 cmd=(lx=+0.00,ly=+0.28,rx=+0.00)
  t= 38.7 ENG-F pos=(-2.95,+0.26) yaw=+151.4 d=3.30 goal_err=-29 carrot_err= -22 c0=0.66 clear=0.44 prog=0.23 rel=0.93 bal=-0.28 obs=222 hard=219 obsc=237 yr=  0  nz=0.07 flt=0.01 dmap=+0/-0 shz=4.0 plan=16 cmd=(lx=+0.00,ly=+0.28,rx=+0.00)
  t= 39.1 ENG-F pos=(-2.98,+0.28) yaw=+151.4 d=3.27 goal_err=-29 carrot_err= -23 c0=0.63 clear=0.42 prog=0.23 rel=0.94 bal=-0.28 obs=223 hard=220 obsc=237 yr=  0  nz=0.06 flt=0.00 dmap=+0/-0 shz=4.0 plan=16 cmd=(lx=+0.00,ly=+0.28,rx=+0.00)
  t= 39.5 ENG-F pos=(-3.01,+0.29) yaw=+149.4 d=3.24 goal_err=-27 carrot_err= -22 c0=0.60 clear=0.40 prog=0.22 rel=0.94 bal=-0.28 obs=223 hard=220 obsc=237 yr= 19G nz=0.06 flt=0.01 dmap=+0/-0 shz=4.0 plan=16 cmd=(lx=+0.00,ly=+0.28,rx=+0.00)
  t= 40.0 ENG-F pos=(-3.03,+0.31) yaw=+145.4 d=3.22 goal_err=-24 carrot_err= -18 c0=0.64 clear=0.43 prog=0.19 rel=0.95 bal=-0.27 obs=222 hard=219 obsc=237 yr=  0  nz=0.05 flt=0.01 dmap=+0/-0 shz=4.0 plan=16 cmd=(lx=+0.00,ly=+0.28,rx=+0.00)
  t= 40.4 ENG-F pos=(-3.06,+0.33) yaw=+145.4 d=3.19 goal_err=-24 carrot_err= -19 c0=0.61 clear=0.41 prog=0.22 rel=0.96 bal=-0.27 obs=221 hard=218 obsc=235 yr=  0  nz=0.04 flt=0.01 dmap=+0/-0 shz=4.0 plan=16 cmd=(lx=+0.00,ly=+0.28,rx=+0.00)
  t= 40.8 ENG-T pos=(-3.09,+0.35) yaw=+145.4 d=3.15 goal_err=-24 carrot_err= -17 c0=0.57 clear=0.38 prog=0.23 rel=0.96 bal=-0.26 obs=223 hard=221 obsc=238 yr=  0  nz=0.04 flt=0.01 dmap=+2/-0 shz=4.0 plan=16 cmd=(lx=+0.00,ly=+0.00,rx=+0.45)
  t= 41.2 ENG-F pos=(-3.10,+0.36) yaw=+141.4 d=3.14 goal_err=-20 carrot_err= -14 c0=0.55 clear=0.37 prog=0.20 rel=0.94 bal=-0.22 obs=223 hard=221 obsc=238 yr= 19  nz=0.06 flt=0.14 dmap=+0/-0 shz=4.0 plan=16 cmd=(lx=+0.00,ly=+0.28,rx=+0.00)
  t= 41.7 ENG-F pos=(-3.13,+0.38) yaw=+139.4 d=3.10 goal_err=-18 carrot_err= -12 c0=0.52 clear=0.35 prog=0.23 rel=0.93 bal=-0.23 obs=223 hard=221 obsc=239 yr=  0  nz=0.07 flt=0.01 dmap=+0/-0 shz=4.0 plan=15 cmd=(lx=+0.00,ly=+0.28,rx=+0.00)
  t= 42.1 ENG-T pos=(-3.15,+0.40) yaw=+139.4 d=3.07 goal_err=-19 carrot_err= -13 c0=0.49 clear=0.33 prog=0.23 rel=0.93 bal=-0.23 obs=225 hard=221 obsc=239 yr=  0  nz=0.07 flt=0.01 dmap=+0/-0 shz=4.0 plan=15 cmd=(lx=+0.00,ly=+0.00,rx=+0.45)
  t= 42.5 ENG-F pos=(-3.17,+0.42) yaw=+135.4 d=3.05 goal_err=-15 carrot_err=  -9 c0=0.47 clear=0.31 prog=0.21 rel=0.93 bal=-0.23 obs=231 hard=225 obsc=245 yr=  0  nz=0.07 flt=0.12 dmap=+0/-0 shz=3.9 plan=15 cmd=(lx=+0.00,ly=+0.28,rx=+0.00)
  t= 42.9 ENG-T pos=(-3.19,+0.44) yaw=+135.4 d=3.02 goal_err=-15 carrot_err=  -9 c0=0.44 clear=0.29 prog=0.20 rel=0.95 bal=-0.23 obs=231 hard=227 obsc=245 yr=  0G nz=0.05 flt=0.01 dmap=+0/-0 shz=4.0 plan=15 cmd=(lx=+0.00,ly=+0.00,rx=+0.45)
  t= 43.4 ENG-F pos=(-3.20,+0.45) yaw=+131.4 d=3.00 goal_err=-11 carrot_err=  -5 c0=1.32 clear=0.88 prog=0.20 rel=0.75 bal=-0.23 obs=240 hard=237 obsc=255 yr=  0  nz=0.24 flt=0.00 dmap=+0/-1 shz=4.0 plan=15 cmd=(lx=+0.00,ly=+0.28,rx=+0.00)
  t= 43.8 ENG-GO pos=(-3.22,+0.47) yaw=+131.4 d=2.98 goal_err=-11 carrot_err=  -6 c0=1.30 clear=0.86 prog=0.18 rel=0.43 bal=-0.23 obs=240 hard=237 obsc=254 yr=  0  nz=0.57 flt=0.01 dmap=+0/-0 shz=4.0 plan=15 cmd=(lx=+0.00,ly=+0.28,rx=+0.00)
  t= 44.2 ENG-GO pos=(-3.23,+0.48) yaw=+131.4 d=2.96 goal_err=-11 carrot_err=  -6 c0=1.28 clear=0.85 prog=0.16 rel=0.43 bal=-0.23 obs=239 hard=236 obsc=255 yr=  0  nz=0.57 flt=0.00 dmap=+0/-0 shz=4.0 plan=15 cmd=(lx=+0.00,ly=+0.28,rx=+0.00)
  t= 44.7 ENG-GO pos=(-3.25,+0.51) yaw=+131.4 d=2.93 goal_err=-11 carrot_err=  -3 c0=1.34 clear=0.89 prog=0.18 rel=0.75 bal=-0.22 obs=238 hard=234 obsc=252 yr=  0  nz=0.25 flt=0.01 dmap=+0/-0 shz=4.0 plan=15 cmd=(lx=+0.00,ly=+0.28,rx=+0.00)
  t= 45.1 ENG-GO pos=(-3.27,+0.53) yaw=+131.4 d=2.90 goal_err=-11 carrot_err=  -3 c0=1.31 clear=0.87 prog=0.21 rel=0.95 bal=-0.23 obs=237 hard=233 obsc=252 yr=  0  nz=0.05 flt=0.00 dmap=+0/-0 shz=4.0 plan=15 cmd=(lx=+0.00,ly=+0.28,rx=+0.00)
  t= 45.5 ENG-GO pos=(-3.30,+0.56) yaw=+131.4 d=2.86 goal_err=-11 carrot_err=  -3 c0=1.27 clear=0.85 prog=0.22 rel=0.95 bal=-0.23 obs=238 hard=234 obsc=252 yr=  0  nz=0.05 flt=0.01 dmap=+0/-0 shz=4.0 plan=15 cmd=(lx=+0.00,ly=+0.28,rx=+0.00)
  t= 45.9 ENG-GO pos=(-3.32,+0.59) yaw=+131.4 d=2.83 goal_err=-12 carrot_err=  -3 c0=1.24 clear=0.83 prog=0.25 rel=0.95 bal=-0.23 obs=237 hard=234 obsc=252 yr=  0  nz=0.05 flt=0.00 dmap=+0/-1 shz=4.0 plan=15 cmd=(lx=+0.00,ly=+0.28,rx=+0.00)
  t= 46.4 ENG-GO pos=(-3.34,+0.61) yaw=+131.4 d=2.79 goal_err=-12 carrot_err=  -2 c0=1.21 clear=0.81 prog=0.26 rel=0.93 bal=-0.22 obs=238 hard=236 obsc=253 yr=  0  nz=0.07 flt=0.00 dmap=+0/-0 shz=4.0 plan=13 cmd=(lx=+0.00,ly=+0.28,rx=+0.00)
  t= 46.8 ENG-GO pos=(-3.37,+0.64) yaw=+131.4 d=2.76 goal_err=-12 carrot_err=  -2 c0=1.17 clear=0.78 prog=0.27 rel=0.93 bal=-0.22 obs=239 hard=235 obsc=253 yr=  0  nz=0.07 flt=0.01 dmap=+0/-0 shz=3.9 plan=13 cmd=(lx=+0.00,ly=+0.28,rx=+0.00)
  t= 47.2 ENG-GO pos=(-3.40,+0.67) yaw=+131.4 d=2.72 goal_err=-12 carrot_err=  -2 c0=1.13 clear=0.75 prog=0.29 rel=0.92 bal=-0.21 obs=240 hard=236 obsc=254 yr=  0  nz=0.08 flt=0.01 dmap=+1/-0 shz=3.9 plan=13 cmd=(lx=+0.00,ly=+0.28,rx=+0.00)
  t= 47.6 ENG-GO pos=(-3.42,+0.70) yaw=+131.4 d=2.68 goal_err=-12 carrot_err=  -2 c0=1.10 clear=0.73 prog=0.29 rel=0.91 bal=-0.20 obs=238 hard=237 obsc=254 yr=  0  nz=0.09 flt=0.00 dmap=+0/-2 shz=4.0 plan=12 cmd=(lx=+0.00,ly=+0.28,rx=+0.00)
  t= 48.1 ENG-GO pos=(-3.45,+0.73) yaw=+131.4 d=2.64 goal_err=-12 carrot_err=  -2 c0=1.06 clear=0.71 prog=0.29 rel=0.93 bal=-0.07 obs=237 hard=236 obsc=251 yr=  0  nz=0.07 flt=0.00 dmap=+0/-0 shz=4.0 plan=12 cmd=(lx=+0.00,ly=+0.28,rx=+0.00)
  t= 48.5 ENG-GO pos=(-3.47,+0.75) yaw=+131.4 d=2.61 goal_err=-13 carrot_err=  -2 c0=1.03 clear=0.69 prog=0.29 rel=0.92 bal=-0.06 obs=237 hard=235 obsc=250 yr=  0  nz=0.08 flt=0.00 dmap=+1/-0 shz=4.0 plan=12 cmd=(lx=+0.00,ly=+0.28,rx=+0.00)
  t= 48.9 ENG-GO pos=(-3.49,+0.78) yaw=+131.4 d=2.57 goal_err=-13 carrot_err=  -2 c0=1.00 clear=0.67 prog=0.28 rel=0.93 bal=-0.05 obs=235 hard=233 obsc=251 yr=  0  nz=0.07 flt=0.00 dmap=+0/-1 shz=4.0 plan=12 cmd=(lx=+0.00,ly=+0.28,rx=+0.00)
  t= 49.3 ENG-GO pos=(-3.52,+0.81) yaw=+131.4 d=2.54 goal_err=-13 carrot_err=  -1 c0=0.97 clear=0.64 prog=0.28 rel=0.94 bal=+0.05 obs=237 hard=232 obsc=250 yr=  0  nz=0.06 flt=0.00 dmap=+0/-0 shz=4.0 plan=12 cmd=(lx=+0.00,ly=+0.28,rx=+0.00)
  t= 49.7 ENG-GO pos=(-3.54,+0.84) yaw=+131.4 d=2.50 goal_err=-13 carrot_err=  -1 c0=1.03 clear=0.69 prog=0.28 rel=0.94 bal=+0.05 obs=239 hard=233 obsc=252 yr=  0  nz=0.06 flt=0.01 dmap=+0/-0 shz=4.0 plan=12 cmd=(lx=+0.00,ly=+0.28,rx=+0.00)
  t= 50.2 ENG-GO pos=(-3.56,+0.86) yaw=+131.4 d=2.48 goal_err=-13 carrot_err=  -1 c0=1.00 clear=0.67 prog=0.26 rel=0.94 bal=+0.04 obs=238 hard=233 obsc=252 yr=  0  nz=0.06 flt=0.00 dmap=+0/-1 shz=3.9 plan=12 cmd=(lx=+0.00,ly=+0.28,rx=+0.00)
  t= 50.6 ENG-GO pos=(-3.57,+0.86) yaw=+131.4 d=2.47 goal_err=-13 carrot_err=  -1 c0=0.99 clear=0.66 prog=0.21 rel=0.95 bal=+0.04 obs=237 hard=234 obsc=251 yr=  0  nz=0.05 flt=0.00 dmap=+0/-1 shz=3.9 plan=12 cmd=(lx=+0.00,ly=+0.28,rx=+0.00)
  t= 51.1 ENG-GO pos=(-3.58,+0.88) yaw=+131.4 d=2.44 goal_err=-13 carrot_err=  -1 c0=0.97 clear=0.65 prog=0.19 rel=0.95 bal=+0.04 obs=235 hard=233 obsc=250 yr=  0  nz=0.05 flt=0.00 dmap=+0/-0 shz=3.8 plan=12 cmd=(lx=+0.00,ly=+0.28,rx=+0.00)
  t= 51.5 ENG-GO pos=(-3.61,+0.91) yaw=+131.4 d=2.41 goal_err=-14 carrot_err=  -1 c0=0.93 clear=0.62 prog=0.19 rel=0.96 bal=+0.03 obs=233 hard=232 obsc=247 yr=  0  nz=0.04 flt=0.00 dmap=+0/-1 shz=3.8 plan=12 cmd=(lx=+0.00,ly=+0.28,rx=+0.00)
  t= 51.9 ENG-GO pos=(-3.63,+0.94) yaw=+131.4 d=2.37 goal_err=-14 carrot_err=  -1 c0=0.90 clear=0.60 prog=0.20 rel=0.93 bal=+0.03 obs=234 hard=231 obsc=247 yr=  0  nz=0.07 flt=0.00 dmap=+2/-0 shz=3.9 plan=12 cmd=(lx=+0.00,ly=+0.28,rx=+0.00)
  t= 52.3 ENG-GO pos=(-3.65,+0.96) yaw=+131.4 d=2.34 goal_err=-14 carrot_err=  -1 c0=0.86 clear=0.58 prog=0.24 rel=0.94 bal=-0.20 obs=234 hard=231 obsc=247 yr=  0  nz=0.06 flt=0.00 dmap=+0/-0 shz=3.8 plan=11 cmd=(lx=+0.00,ly=+0.28,rx=+0.00)
  t= 52.8 ENG-GO pos=(-3.68,+0.99) yaw=+131.4 d=2.30 goal_err=-14 carrot_err=  -1 c0=0.83 clear=0.55 prog=0.26 rel=0.93 bal=-0.20 obs=235 hard=232 obsc=248 yr=  0  nz=0.07 flt=0.00 dmap=+0/-0 shz=3.9 plan=11 cmd=(lx=+0.00,ly=+0.28,rx=+0.00)
  t= 53.2 ENG-GO pos=(-3.70,+1.02) yaw=+131.4 d=2.27 goal_err=-14 carrot_err=  -1 c0=0.80 clear=0.53 prog=0.27 rel=0.93 bal=-0.19 obs=235 hard=233 obsc=248 yr=  0  nz=0.07 flt=0.00 dmap=+0/-0 shz=3.9 plan=11 cmd=(lx=+0.00,ly=+0.28,rx=+0.00)
  t= 53.6 ENG-GO pos=(-3.73,+1.04) yaw=+131.4 d=2.23 goal_err=-15 carrot_err=  -1 c0=0.76 clear=0.51 prog=0.27 rel=0.94 bal=-0.07 obs=235 hard=233 obsc=247 yr=  0  nz=0.06 flt=0.00 dmap=+0/-0 shz=3.8 plan=11 cmd=(lx=+0.00,ly=+0.28,rx=+0.00)
  t= 54.1 ENG-GO pos=(-3.75,+1.07) yaw=+131.4 d=2.20 goal_err=-15 carrot_err=  +0 c0=0.73 clear=0.49 prog=0.27 rel=0.93 bal=-0.07 obs=235 hard=233 obsc=248 yr=  0  nz=0.07 flt=0.03 dmap=+0/-0 shz=3.9 plan=11 cmd=(lx=+0.00,ly=+0.28,rx=+0.00)
  t= 54.5 ENG-GO pos=(-3.78,+1.11) yaw=+131.4 d=2.16 goal_err=-15 carrot_err=  +0 c0=0.69 clear=0.46 prog=0.29 rel=0.93 bal=-0.07 obs=234 hard=231 obsc=246 yr=  0  nz=0.07 flt=0.01 dmap=+0/-0 shz=3.8 plan=11 cmd=(lx=+0.00,ly=+0.28,rx=+0.00)
  t= 54.9 ENG-GO pos=(-3.80,+1.13) yaw=+131.4 d=2.12 goal_err=-15 carrot_err=  +0 c0=0.65 clear=0.44 prog=0.28 rel=0.93 bal=-0.01 obs=234 hard=231 obsc=246 yr=  0  nz=0.07 flt=0.00 dmap=+0/-0 shz=3.9 plan=11 cmd=(lx=+0.00,ly=+0.28,rx=+0.00)
  t= 55.4 ENG-GO pos=(-3.83,+1.16) yaw=+131.4 d=2.09 goal_err=-16 carrot_err=  +0 c0=0.89 clear=0.59 prog=0.28 rel=0.86 bal=-0.04 obs=234 hard=231 obsc=247 yr=  0  nz=0.14 flt=0.00 dmap=+0/-0 shz=3.8 plan=11 cmd=(lx=+0.00,ly=+0.28,rx=+0.00)
  t= 55.8 ENG-GO pos=(-3.85,+1.19) yaw=+131.4 d=2.05 goal_err=-16 carrot_err=  +0 c0=0.86 clear=0.57 prog=0.28 rel=0.84 bal=-0.04 obs=236 hard=232 obsc=248 yr=  0  nz=0.16 flt=0.00 dmap=+1/-0 shz=3.8 plan=10 cmd=(lx=+0.00,ly=+0.28,rx=+0.00)
  t= 56.2 ENG-GO pos=(-3.87,+1.21) yaw=+131.4 d=2.02 goal_err=-16 carrot_err=  +0 c0=0.82 clear=0.55 prog=0.27 rel=0.84 bal=-0.04 obs=236 hard=233 obsc=249 yr=  0  nz=0.16 flt=0.00 dmap=+0/-0 shz=3.8 plan=10 cmd=(lx=+0.00,ly=+0.28,rx=+0.00)
  t= 56.6 ENG-GO pos=(-3.90,+1.24) yaw=+131.4 d=1.98 goal_err=-17 carrot_err=  +1 c0=0.79 clear=0.53 prog=0.27 rel=0.94 bal=-0.04 obs=236 hard=234 obsc=248 yr=  0  nz=0.06 flt=0.01 dmap=+0/-0 shz=3.8 plan=10 cmd=(lx=+0.00,ly=+0.28,rx=+0.00)
  t= 57.1 ENG-GO pos=(-3.93,+1.27) yaw=+131.4 d=1.94 goal_err=-17 carrot_err=  -8 c0=0.75 clear=0.50 prog=0.28 rel=0.94 bal=-0.04 obs=234 hard=233 obsc=248 yr=  0  nz=0.06 flt=0.00 dmap=+1/-1 shz=3.8 plan=10 cmd=(lx=+0.00,ly=+0.28,rx=+0.00)
  t= 57.5 ENG-GO pos=(-3.95,+1.30) yaw=+131.4 d=1.90 goal_err=-17 carrot_err= -15 c0=0.71 clear=0.48 prog=0.28 rel=0.93 bal=-0.04 obs=234 hard=230 obsc=246 yr=  0  nz=0.07 flt=0.00 dmap=+0/-0 shz=3.8 plan=10 cmd=(lx=+0.00,ly=+0.28,rx=+0.00)
  t= 57.9 ENG-GO pos=(-3.98,+1.33) yaw=+131.4 d=1.87 goal_err=-18 carrot_err= -15 c0=1.50 clear=1.00 prog=0.28 rel=0.93 bal=-0.05 obs=234 hard=230 obsc=246 yr=  0  nz=0.07 flt=0.00 dmap=+0/-0 shz=3.8 plan=10 cmd=(lx=+0.00,ly=+0.28,rx=+0.00)
  t= 58.4 ENG-GO pos=(-4.00,+1.36) yaw=+131.4 d=1.84 goal_err=-18 carrot_err= -16 c0=1.47 clear=0.98 prog=0.28 rel=0.47 bal=-0.06 obs=233 hard=234 obsc=249 yr=  0  nz=0.53 flt=0.01 dmap=+1/-0 shz=3.8 plan=10 cmd=(lx=+0.00,ly=+0.28,rx=+0.00)
  t= 58.8 ENG-GO pos=(-4.02,+1.38) yaw=+131.4 d=1.80 goal_err=-18 carrot_err= -17 c0=1.43 clear=0.95 prog=0.27 rel=0.42 bal=-0.06 obs=233 hard=232 obsc=246 yr=  0  nz=0.58 flt=0.01 dmap=+2/-1 shz=3.8 plan=9 cmd=(lx=+0.00,ly=+0.28,rx=+0.00)
  t= 59.2 ENG-GO pos=(-4.05,+1.42) yaw=+131.4 d=1.76 goal_err=-19 carrot_err= -18 c0=1.39 clear=0.93 prog=0.28 rel=0.48 bal=-0.07 obs=233 hard=230 obsc=245 yr=  0  nz=0.52 flt=0.00 dmap=+0/-0 shz=3.8 plan=9 cmd=(lx=+0.00,ly=+0.28,rx=+0.00)
  t= 59.6 ENG-GO pos=(-4.08,+1.44) yaw=+131.4 d=1.73 goal_err=-19 carrot_err= -18 c0=1.35 clear=0.90 prog=0.28 rel=0.92 bal=-0.08 obs=234 hard=232 obsc=247 yr=  0  nz=0.08 flt=0.03 dmap=+0/-0 shz=3.8 plan=9 cmd=(lx=+0.00,ly=+0.28,rx=+0.00)
  t= 60.1 ENG-GO pos=(-4.10,+1.47) yaw=+131.4 d=1.69 goal_err=-20 carrot_err= -19 c0=1.32 clear=0.88 prog=0.28 rel=0.92 bal=-0.09 obs=234 hard=232 obsc=247 yr=  0  nz=0.08 flt=0.00 dmap=+1/-2 shz=3.8 plan=9 cmd=(lx=+0.00,ly=+0.28,rx=+0.00)
  t= 60.5 ENG-GO pos=(-4.12,+1.50) yaw=+131.4 d=1.66 goal_err=-20 carrot_err= -20 c0=1.28 clear=0.86 prog=0.28 rel=0.92 bal=-0.15 obs=234 hard=232 obsc=246 yr=  0  nz=0.08 flt=0.03 dmap=+0/-0 shz=3.8 plan=9 cmd=(lx=+0.00,ly=+0.28,rx=+0.00)
  t= 60.9 ENG-GO pos=(-4.15,+1.52) yaw=+131.4 d=1.62 goal_err=-20 carrot_err= -14 c0=1.25 clear=0.83 prog=0.26 rel=0.93 bal=-0.15 obs=237 hard=235 obsc=251 yr=  0  nz=0.07 flt=0.00 dmap=+0/-0 shz=3.8 plan=9 cmd=(lx=+0.00,ly=+0.28,rx=+0.00)
  t= 61.4 ENG-GO pos=(-4.17,+1.55) yaw=+131.4 d=1.59 goal_err=-21 carrot_err= -15 c0=1.22 clear=0.81 prog=0.26 rel=0.93 bal=-0.14 obs=239 hard=234 obsc=251 yr=  0  nz=0.07 flt=0.00 dmap=+0/-1 shz=3.8 plan=9 cmd=(lx=+0.00,ly=+0.28,rx=+0.00)
  t= 61.8 ENG-GO pos=(-4.20,+1.59) yaw=+131.4 d=1.55 goal_err=-21 carrot_err= -15 c0=1.17 clear=0.78 prog=0.28 rel=0.93 bal=-0.01 obs=242 hard=236 obsc=254 yr=  0  nz=0.07 flt=0.00 dmap=+2/-1 shz=3.8 plan=8 cmd=(lx=+0.00,ly=+0.28,rx=+0.00)
  t= 62.2 ENG-GO pos=(-4.23,+1.61) yaw=+131.4 d=1.51 goal_err=-22 carrot_err= -16 c0=1.14 clear=0.76 prog=0.28 rel=0.93 bal=-0.01 obs=241 hard=239 obsc=254 yr=  0  nz=0.07 flt=0.00 dmap=+0/-0 shz=3.8 plan=8 cmd=(lx=+0.00,ly=+0.28,rx=+0.00)
  t= 62.6 ENG-GO pos=(-4.25,+1.64) yaw=+131.4 d=1.48 goal_err=-22 carrot_err= -17 c0=1.10 clear=0.74 prog=0.28 rel=0.92 bal=-0.01 obs=248 hard=245 obsc=260 yr=  0  nz=0.08 flt=0.00 dmap=+2/-0 shz=3.8 plan=8 cmd=(lx=+0.00,ly=+0.28,rx=+0.00)
  t= 63.1 ENG-GO pos=(-4.27,+1.67) yaw=+131.4 d=1.45 goal_err=-23 carrot_err= -17 c0=1.07 clear=0.71 prog=0.27 rel=0.92 bal=+0.07 obs=246 hard=244 obsc=259 yr=  0  nz=0.08 flt=0.00 dmap=+2/-4 shz=3.8 plan=8 cmd=(lx=+0.00,ly=+0.28,rx=+0.00)
  t= 63.5 ENG-GO pos=(-4.30,+1.69) yaw=+131.4 d=1.41 goal_err=-24 carrot_err= -18 c0=1.04 clear=0.69 prog=0.27 rel=0.92 bal=-0.42 obs=246 hard=243 obsc=258 yr=  0  nz=0.08 flt=0.00 dmap=+0/-0 shz=3.8 plan=8 cmd=(lx=+0.00,ly=+0.28,rx=+0.00)
  t= 63.9 ENG-GO pos=(-4.32,+1.72) yaw=+131.4 d=1.38 goal_err=-24 carrot_err= -24 c0=1.00 clear=0.67 prog=0.26 rel=0.93 bal=-0.43 obs=248 hard=244 obsc=259 yr=  0  nz=0.07 flt=0.00 dmap=+0/-0 shz=3.8 plan=8 cmd=(lx=+0.00,ly=+0.28,rx=+0.00)
  t= 64.3 ENG-GO pos=(-4.34,+1.75) yaw=+131.4 d=1.35 goal_err=-25 carrot_err= -25 c0=0.97 clear=0.65 prog=0.26 rel=0.93 bal=-0.44 obs=248 hard=244 obsc=259 yr=  0  nz=0.07 flt=0.00 dmap=+0/-0 shz=3.8 plan=8 cmd=(lx=+0.00,ly=+0.28,rx=+0.00)
  t= 64.8 ENG-GO pos=(-4.37,+1.77) yaw=+131.4 d=1.32 goal_err=-25 carrot_err= -26 c0=0.93 clear=0.62 prog=0.26 rel=0.94 bal=-0.44 obs=249 hard=244 obsc=260 yr=  0  nz=0.06 flt=0.04 dmap=+0/-0 shz=3.8 plan=7 cmd=(lx=+0.00,ly=+0.28,rx=+0.00)
  t= 65.2 DWA-F pos=(-4.39,+1.80) yaw=+131.4 d=1.28 goal_err=-26 carrot_err= -27 c0=0.90 clear=0.60 prog=0.26 rel=0.93 bal=-0.55 obs=247 hard=244 obsc=258 yr=  0  nz=0.07 flt=0.00 dmap=+0/-0 shz=3.8 plan=7 cmd=(lx=+0.00,ly=+0.40,rx=+0.00)
  t= 65.6 DWA-F pos=(-4.42,+1.83) yaw=+131.4 d=1.25 goal_err=-27 carrot_err= -28 c0=0.87 clear=0.58 prog=0.25 rel=0.94 bal=-0.55 obs=248 hard=244 obsc=259 yr=  0  nz=0.06 flt=0.00 dmap=+1/-0 shz=3.8 plan=7 cmd=(lx=+0.00,ly=+0.40,rx=+0.00)
  t= 66.1 DWA-F pos=(-4.45,+1.86) yaw=+131.4 d=1.21 goal_err=-28 carrot_err= -30 c0=0.83 clear=0.55 prog=0.27 rel=0.93 bal=-0.47 obs=248 hard=245 obsc=259 yr=  0  nz=0.07 flt=0.01 dmap=+0/-0 shz=3.8 plan=7 cmd=(lx=+0.00,ly=+0.40,rx=+0.00)
  t= 66.5 DWA-F pos=(-4.47,+1.89) yaw=+129.8 d=1.18 goal_err=-27 carrot_err= -29 c0=0.89 clear=0.59 prog=0.27 rel=0.93 bal=-0.48 obs=247 hard=244 obsc=259 yr= 15G nz=0.07 flt=0.00 dmap=+0/-0 shz=3.9 plan=7 cmd=(lx=+0.00,ly=+0.40,rx=+0.00)
  t= 66.9 DWA-F pos=(-4.49,+1.92) yaw=+128.2 d=1.15 goal_err=-26 carrot_err= -19 c0=0.86 clear=0.57 prog=0.26 rel=0.94 bal=-0.44 obs=247 hard=245 obsc=258 yr=  0  nz=0.06 flt=0.01 dmap=+0/-0 shz=4.0 plan=7 cmd=(lx=+0.00,ly=+0.40,rx=+0.00)
  t= 67.3 DWA-F pos=(-4.51,+1.95) yaw=+128.2 d=1.12 goal_err=-27 carrot_err= -20 c0=0.82 clear=0.55 prog=0.26 rel=0.95 bal=-0.52 obs=249 hard=246 obsc=260 yr=  0  nz=0.05 flt=0.00 dmap=+1/-0 shz=4.0 plan=7 cmd=(lx=+0.00,ly=+0.40,rx=+0.00)
  t= 67.8 DWA-F pos=(-4.54,+1.97) yaw=+128.2 d=1.08 goal_err=-28 carrot_err= -21 c0=0.79 clear=0.53 prog=0.25 rel=0.94 bal=-0.52 obs=248 hard=245 obsc=260 yr=  0  nz=0.06 flt=0.00 dmap=+0/-0 shz=4.0 plan=7 cmd=(lx=+0.00,ly=+0.40,rx=+0.00)
  t= 68.2 DWA-F pos=(-4.56,+2.00) yaw=+128.2 d=1.05 goal_err=-29 carrot_err= -21 c0=0.75 clear=0.50 prog=0.25 rel=0.93 bal=-0.51 obs=249 hard=245 obsc=260 yr=  0  nz=0.07 flt=0.00 dmap=+2/-0 shz=4.0 plan=6 cmd=(lx=+0.00,ly=+0.40,rx=+0.00)
  t= 68.6 DWA-F pos=(-4.59,+2.04) yaw=+125.0 d=1.01 goal_err=-27 carrot_err= -19 c0=0.71 clear=0.47 prog=0.26 rel=0.93 bal=-0.52 obs=249 hard=245 obsc=260 yr= 30G nz=0.07 flt=0.06 dmap=+0/-0 shz=4.0 plan=6 cmd=(lx=+0.00,ly=+0.40,rx=+0.00)
  t= 69.0 DWA-F pos=(-4.61,+2.07) yaw=+123.4 d=0.98 goal_err=-26 carrot_err= -19 c0=0.96 clear=0.64 prog=0.27 rel=0.87 bal=-0.52 obs=247 hard=244 obsc=259 yr=  0  nz=0.13 flt=0.04 dmap=+0/-0 shz=4.0 plan=6 cmd=(lx=+0.00,ly=+0.40,rx=+0.00)
  t= 69.4 DWA-F pos=(-4.63,+2.10) yaw=+123.4 d=0.95 goal_err=-27 carrot_err= -19 c0=0.92 clear=0.61 prog=0.27 rel=0.85 bal=-0.53 obs=248 hard=244 obsc=261 yr=  0  nz=0.15 flt=0.02 dmap=+2/-1 shz=4.0 plan=6 cmd=(lx=+0.00,ly=+0.40,rx=+0.00)
  t= 69.9 DWA-F pos=(-4.65,+2.13) yaw=+123.4 d=0.92 goal_err=-28 carrot_err= -23 c0=0.89 clear=0.59 prog=0.26 rel=0.83 bal=-0.53 obs=248 hard=246 obsc=261 yr=  0  nz=0.17 flt=0.00 dmap=+0/-1 shz=4.0 plan=6 cmd=(lx=+0.00,ly=+0.40,rx=+0.00)
  t= 70.3 DWA-F pos=(-4.67,+2.16) yaw=+123.4 d=0.88 goal_err=-29 carrot_err= -24 c0=1.26 clear=0.84 prog=0.26 rel=0.79 bal=-0.53 obs=249 hard=246 obsc=260 yr=  0  nz=0.21 flt=0.02 dmap=+0/-0 shz=4.0 plan=6 cmd=(lx=+0.00,ly=+0.40,rx=+0.00)
  t= 70.8 DWA-F pos=(-4.69,+2.20) yaw=+123.4 d=0.84 goal_err=-31 carrot_err= -26 c0=1.21 clear=0.81 prog=0.26 rel=0.72 bal=-0.39 obs=250 hard=247 obsc=263 yr=  0  nz=0.28 flt=0.01 dmap=+1/-0 shz=4.0 plan=6 cmd=(lx=+0.00,ly=+0.40,rx=+0.00)
  t= 71.2 DWA-F pos=(-4.72,+2.23) yaw=+123.4 d=0.81 goal_err=-32 carrot_err= -27 c0=1.17 clear=0.78 prog=0.27 rel=0.74 bal=-0.39 obs=250 hard=247 obsc=263 yr=  0  nz=0.26 flt=0.00 dmap=+0/-1 shz=4.0 plan=5 cmd=(lx=+0.00,ly=+0.40,rx=+0.00)
  t= 71.6 DWA-F pos=(-4.74,+2.27) yaw=+119.4 d=0.77 goal_err=-30 carrot_err= -25 c0=1.13 clear=0.75 prog=0.28 rel=0.92 bal=-0.39 obs=250 hard=247 obsc=263 yr= 19  nz=0.08 flt=0.00 dmap=+0/-0 shz=4.0 plan=5 cmd=(lx=+0.00,ly=+0.40,rx=+0.00)
  t= 72.0 DWA-F pos=(-4.76,+2.31) yaw=+119.4 d=0.73 goal_err=-32 carrot_err= -26 c0=1.09 clear=0.72 prog=0.29 rel=0.92 bal=-0.39 obs=251 hard=247 obsc=262 yr=  0  nz=0.08 flt=0.01 dmap=+0/-0 shz=4.0 plan=5 cmd=(lx=+0.00,ly=+0.40,rx=+0.00)
  t= 72.5 DWA-F pos=(-4.78,+2.35) yaw=+119.4 d=0.69 goal_err=-34 carrot_err= -28 c0=1.04 clear=0.70 prog=0.30 rel=0.92 bal=-0.39 obs=250 hard=247 obsc=261 yr=  0  nz=0.08 flt=0.00 dmap=+0/-1 shz=4.0 plan=4 cmd=(lx=+0.00,ly=+0.40,rx=+0.45)
  t= 72.9 DWA-F pos=(-4.80,+2.39) yaw=+113.3 d=0.66 goal_err=-30 carrot_err= -24 c0=1.01 clear=0.67 prog=0.29 rel=0.91 bal=-0.39 obs=250 hard=248 obsc=264 yr= 19  nz=0.09 flt=0.00 dmap=+0/-1 shz=4.0 plan=4 cmd=(lx=+0.00,ly=+0.40,rx=+0.00)
  t= 73.3 DWA-F pos=(-4.83,+2.44) yaw=+113.3 d=0.61 goal_err=-32 carrot_err= -26 c0=0.95 clear=0.64 prog=0.31 rel=0.91 bal=-0.38 obs=252 hard=248 obsc=263 yr=  0  nz=0.09 flt=0.01 dmap=+0/-0 shz=4.0 plan=4 cmd=(lx=+0.00,ly=+0.40,rx=+0.00)
  t= 73.8 DWA-F pos=(-4.84,+2.48) yaw=+111.3 d=0.57 goal_err=-33 carrot_err= -26 c0=0.91 clear=0.61 prog=0.31 rel=0.92 bal=-0.37 obs=252 hard=249 obsc=265 yr= 19G nz=0.08 flt=0.00 dmap=+0/-0 shz=4.0 plan=4 cmd=(lx=+0.00,ly=+0.40,rx=+0.00)
  t= 74.2 DWA-F pos=(-4.86,+2.52) yaw=+109.3 d=0.53 goal_err=-33 carrot_err= -26 c0=0.87 clear=0.58 prog=0.31 rel=0.91 bal=-0.37 obs=252 hard=249 obsc=263 yr=  0G nz=0.09 flt=0.03 dmap=+0/-0 shz=4.0 plan=4 cmd=(lx=+0.00,ly=+0.40,rx=+0.45)
  t= 74.6 DWA-F pos=(-4.87,+2.56) yaw=+105.3 d=0.50 goal_err=-32 carrot_err= -25 c0=0.83 clear=0.55 prog=0.31 rel=0.92 bal=-0.36 obs=253 hard=252 obsc=267 yr=  0  nz=0.08 flt=0.04 dmap=+0/-0 shz=4.0 plan=4 cmd=(lx=+0.00,ly=+0.28,rx=+0.45)
  t= 75.1 DWA-T pos=(-4.88,+2.60) yaw= +99.3 d=0.46 goal_err=-28 carrot_err= -21 c0=0.95 clear=0.64 prog=0.28 rel=0.91 bal=-0.35 obs=254 hard=253 obsc=268 yr= 18  nz=0.09 flt=0.05 dmap=+0/-0 shz=4.0 plan=4 cmd=(lx=+0.00,ly=+0.00,rx=+0.00)
  t= 75.5 DWA-T pos=(-4.88,+2.61) yaw= +97.3 d=0.46 goal_err=-27 carrot_err= -19 c0=1.12 clear=0.74 prog=0.23 rel=0.84 bal=-0.35 obs=252 hard=251 obsc=264 yr=  0  nz=0.16 flt=0.00 dmap=+0/-0 shz=4.0 plan=3 cmd=(lx=+0.00,ly=+0.00,rx=+0.00)
  t= 75.9 DWA-T pos=(-4.88,+2.61) yaw= +97.3 d=0.46 goal_err=-27 carrot_err= -19 c0=1.12 clear=0.74 prog=0.17 rel=0.84 bal=-0.35 obs=252 hard=251 obsc=264 yr=  0  nz=0.16 flt=0.00 dmap=+0/-0 shz=4.0 plan=3 cmd=(lx=+0.00,ly=+0.00,rx=+0.00)
  t= 76.4 BRK-BK pos=(-4.88,+2.61) yaw= +97.3 d=0.46 goal_err=-27 carrot_err= -19 c0=1.12 clear=0.74 prog=0.10 rel=0.84 bal=-0.35 obs=252 hard=251 obsc=264 yr=  0  nz=0.16 flt=0.00 dmap=+0/-0 shz=4.0 plan=0 cmd=(lx=+0.00,ly=-0.35,rx=+0.00)
  t= 76.8 BRK-TR pos=(-4.88,+2.56) yaw= +97.3 d=0.50 goal_err=-24 carrot_err= -17 c0=0.99 clear=0.66 prog=0.00 rel=1.00 bal=-0.15 obs=248 hard=248 obsc=260 yr=  0  nz=0.00 flt=0.00 dmap=+0/-0 shz=3.7 plan=0 cmd=(lx=+0.00,ly=+0.00,rx=+0.45)
  t= 77.2 BRK-TR pos=(-4.87,+2.55) yaw= +91.3 d=0.51 goal_err=-18 carrot_err= -11 c0=1.28 clear=0.85 prog=0.00 rel=0.97 bal=-0.17 obs=248 hard=248 obsc=260 yr= 19G nz=0.03 flt=0.01 dmap=+0/-0 shz=3.7 plan=0 cmd=(lx=+0.00,ly=+0.00,rx=+0.45)
  t= 77.6 BRK-TR pos=(-4.87,+2.55) yaw= +83.3 d=0.51 goal_err=-10 carrot_err=  -3 c0=1.15 clear=0.77 prog=0.00 rel=0.91 bal=-0.26 obs=248 hard=248 obsc=260 yr= 19G nz=0.09 flt=0.00 dmap=+0/-0 shz=3.7 plan=0 cmd=(lx=+0.00,ly=+0.00,rx=+0.45)
  t= 78.1 BRK-TR pos=(-4.87,+2.55) yaw= +75.2 d=0.51 goal_err=-2 carrot_err=  +5 c0=1.09 clear=0.72 prog=0.00 rel=0.90 bal=-0.29 obs=251 hard=251 obsc=263 yr= 18G nz=0.10 flt=0.00 dmap=+0/-0 shz=3.7 plan=0 cmd=(lx=+0.00,ly=+0.00,rx=+0.45)
  t= 78.5 BRK-TR pos=(-4.87,+2.55) yaw= +67.2 d=0.51 goal_err=+6 carrot_err= +13 c0=1.09 clear=0.72 prog=0.00 rel=0.89 bal=-0.29 obs=251 hard=251 obsc=263 yr= 19G nz=0.11 flt=0.00 dmap=+0/-0 shz=3.7 plan=0 cmd=(lx=+0.00,ly=+0.00,rx=+0.45)
  t= 78.9 BRK-TR pos=(-4.87,+2.55) yaw= +59.2 d=0.51 goal_err=+14 carrot_err= +21 c0=1.09 clear=0.72 prog=0.00 rel=0.88 bal=-0.19 obs=251 hard=251 obsc=263 yr= 19G nz=0.12 flt=0.00 dmap=+0/-0 shz=3.7 plan=0 cmd=(lx=+0.00,ly=+0.00,rx=+0.45)
  t= 79.4 DWA-F pos=(-4.87,+2.55) yaw= +49.2 d=0.51 goal_err=+25 carrot_err= +32 c0=1.09 clear=0.72 prog=0.00 rel=0.93 bal=-0.13 obs=251 hard=251 obsc=263 yr= 35  nz=0.07 flt=0.09 dmap=+0/-0 shz=3.7 plan=3 cmd=(lx=+0.00,ly=+0.28,rx=-0.45)
  t= 79.8 DWA-F pos=(-4.86,+2.57) yaw= +55.2 d=0.49 goal_err=+20 carrot_err= +27 c0=1.06 clear=0.71 prog=0.04 rel=0.94 bal=-0.19 obs=251 hard=251 obsc=263 yr= 18G nz=0.06 flt=0.31 dmap=+0/-0 shz=3.7 plan=3 cmd=(lx=+0.00,ly=+0.28,rx=-0.45)
  t= 80.2 DWA-T pos=(-4.85,+2.58) yaw= +59.2 d=0.47 goal_err=+16 carrot_err= +24 c0=1.05 clear=0.70 prog=0.07 rel=0.90 bal=-0.07 obs=257 hard=246 obsc=279 yr=  0  nz=0.04 flt=0.09 dmap=+0/-1 shz=3.7 plan=3 cmd=(lx=+0.00,ly=+0.00,rx=+0.00)
  t= 80.7 DWA-T pos=(-4.85,+2.58) yaw= +59.2 d=0.47 goal_err=+16 carrot_err= +24 c0=1.05 clear=0.70 prog=0.07 rel=0.95 bal=-0.07 obs=257 hard=246 obsc=279 yr=  0  nz=0.05 flt=0.09 dmap=+0/-0 shz=3.7 plan=3 cmd=(lx=+0.00,ly=+0.00,rx=+0.00)
  t= 81.1 DWA-T pos=(-4.85,+2.58) yaw= +59.2 d=0.47 goal_err=+16 carrot_err= +24 c0=1.05 clear=0.70 prog=0.07 rel=0.95 bal=-0.07 obs=257 hard=246 obsc=279 yr=  0  nz=0.05 flt=0.09 dmap=+0/-0 shz=3.7 plan=3 cmd=(lx=+0.00,ly=+0.00,rx=+0.00)
  t= 81.5 BRK-BK pos=(-4.86,+2.57) yaw= +59.2 d=0.49 goal_err=+16 carrot_err= +23 c0=1.06 clear=0.70 prog=0.02 rel=0.95 bal=-0.07 obs=253 hard=244 obsc=275 yr=  0  nz=0.05 flt=0.00 dmap=+0/-4 shz=3.5 plan=0 cmd=(lx=+0.00,ly=-0.35,rx=+0.00)
  t= 81.9 BRK-TR pos=(-4.87,+2.54) yaw= +57.2 d=0.52 goal_err=+17 carrot_err= +24 c0=1.09 clear=0.73 prog=0.00 rel=0.98 bal=-0.06 obs=253 hard=247 obsc=274 yr= 19G nz=0.02 flt=0.03 dmap=+0/-0 shz=3.5 plan=0 cmd=(lx=+0.00,ly=+0.00,rx=+0.45)
  t= 82.4 BRK-TR pos=(-4.87,+2.54) yaw= +49.2 d=0.52 goal_err=+25 carrot_err= +32 c0=1.09 clear=0.73 prog=0.00 rel=0.95 bal=-0.06 obs=253 hard=249 obsc=274 yr= 19G nz=0.04 flt=0.00 dmap=+0/-0 shz=3.5 plan=0 cmd=(lx=+0.00,ly=+0.00,rx=+0.45)
  t= 82.8 BRK-TR pos=(-4.87,+2.54) yaw= +41.1 d=0.52 goal_err=+33 carrot_err= +40 c0=1.09 clear=0.73 prog=0.00 rel=0.96 bal=-0.01 obs=253 hard=249 obsc=274 yr= 19G nz=0.04 flt=0.00 dmap=+0/-0 shz=3.5 plan=0 cmd=(lx=+0.00,ly=+0.00,rx=+0.45)
  t= 83.2 BRK-TR pos=(-4.87,+2.54) yaw= +31.1 d=0.52 goal_err=+43 carrot_err= +50 c0=1.09 clear=0.73 prog=0.00 rel=0.96 bal=-0.01 obs=253 hard=249 obsc=274 yr= 18G nz=0.04 flt=0.00 dmap=+0/-0 shz=3.5 plan=0 cmd=(lx=+0.00,ly=+0.00,rx=+0.45)
  t= 83.7 BRK-TR pos=(-4.87,+2.54) yaw= +23.1 d=0.52 goal_err=+51 carrot_err= +58 c0=1.23 clear=0.82 prog=0.00 rel=0.90 bal=+0.11 obs=254 hard=250 obsc=275 yr= 19G nz=0.10 flt=0.00 dmap=+0/-0 shz=3.5 plan=0 cmd=(lx=+0.00,ly=+0.00,rx=+0.45)
  t= 84.1 BRK-TR pos=(-4.87,+2.54) yaw= +15.1 d=0.52 goal_err=+59 carrot_err= +66 c0=1.08 clear=0.72 prog=0.00 rel=0.88 bal=+0.11 obs=254 hard=250 obsc=275 yr= 19G nz=0.12 flt=0.15 dmap=+0/-0 shz=3.5 plan=0 cmd=(lx=+0.00,ly=+0.00,rx=+0.45)
  t= 84.5 DWA-F pos=(-4.86,+2.54) yaw= +15.1 d=0.52 goal_err=+60 carrot_err= +67 c0=1.07 clear=0.71 prog=0.01 rel=0.88 bal=+0.11 obs=255 hard=251 obsc=276 yr= 18G nz=0.12 flt=0.09 dmap=+0/-0 shz=3.5 plan=3 cmd=(lx=+0.00,ly=+0.28,rx=-0.45)
  t= 85.0 DWA-F pos=(-4.83,+2.55) yaw= +25.1 d=0.50 goal_err=+54 carrot_err= +61 c0=1.19 clear=0.79 prog=0.04 rel=0.88 bal=+0.12 obs=255 hard=251 obsc=276 yr= 37G nz=0.12 flt=0.15 dmap=+0/-0 shz=3.4 plan=3 cmd=(lx=+0.00,ly=+0.28,rx=-0.45)
  t= 85.4 DWA-F pos=(-4.80,+2.57) yaw= +33.1 d=0.48 goal_err=+48 carrot_err= +56 c0=1.03 clear=0.69 prog=0.07 rel=0.83 bal=+0.03 obs=256 hard=254 obsc=277 yr= 18G nz=0.13 flt=0.05 dmap=+0/-0 shz=3.5 plan=3 cmd=(lx=+0.00,ly=+0.28,rx=-0.45)
  t= 85.8 DWA-F pos=(-4.78,+2.58) yaw= +41.1 d=0.46 goal_err=+43 carrot_err= +52 c0=1.00 clear=0.67 prog=0.10 rel=0.85 bal=+0.03 obs=257 hard=255 obsc=278 yr= 18G nz=0.14 flt=0.00 dmap=+0/-0 shz=3.5 plan=3 cmd=(lx=+0.00,ly=+0.28,rx=-0.45)
  t= 86.3 DWA-F pos=(-4.76,+2.60) yaw= +49.2 d=0.44 goal_err=+37 carrot_err= +47 c0=0.98 clear=0.65 prog=0.14 rel=0.83 bal=+0.03 obs=257 hard=255 obsc=278 yr= 18G nz=0.17 flt=0.02 dmap=+0/-0 shz=3.5 plan=3 cmd=(lx=+0.00,ly=+0.28,rx=-0.45)

  >>> MODO AGRESIVO ON (12s sin acercarse a B): reduzco inflado y holgura (min seguridad 0.24m) para cruzar la puerta.
  t= 86.7 AGR-DWA-F pos=(-4.74,+2.63) yaw= +59.2 d=0.41 goal_err=+29 carrot_err= +40 c0=0.94 clear=0.63 prog=0.17 rel=0.85 bal=-0.06 obs=259 hard=257 obsc=280 yr= 19G nz=0.07 flt=0.33 dmap=+0/-0 shz=3.5 plan=3 cmd=(lx=+0.00,ly=+0.28,rx=-0.45)
  t= 87.2 AGR-DWA-T pos=(-4.73,+2.65) yaw= +67.2 d=0.39 goal_err=+23 carrot_err= +35 c0=0.91 clear=0.61 prog=0.17 rel=0.94 bal=-0.06 obs=259 hard=257 obsc=280 yr= 18G nz=0.06 flt=0.03 dmap=+0/-0 shz=3.5 plan=3 cmd=(lx=+0.00,ly=+0.00,rx=+0.00)
  t= 87.6 AGR-DWA-T pos=(-4.72,+2.66) yaw= +69.2 d=0.38 goal_err=+22 carrot_err= +33 c0=0.91 clear=0.60 prog=0.15 rel=0.94 bal=-0.06 obs=247 hard=238 obsc=273 yr=  0  nz=0.06 flt=0.04 dmap=+1/-5 shz=3.5 plan=3 cmd=(lx=+0.00,ly=+0.00,rx=+0.00)
  t= 88.0 AGR-DWA-T pos=(-4.72,+2.66) yaw= +69.2 d=0.38 goal_err=+22 carrot_err= +33 c0=0.91 clear=0.60 prog=0.12 rel=0.95 bal=-0.06 obs=247 hard=238 obsc=273 yr=  0  nz=0.05 flt=0.04 dmap=+0/-0 shz=3.5 plan=3 cmd=(lx=+0.00,ly=+0.00,rx=+0.00)
  t= 88.5 AGR-DWA-T pos=(-4.72,+2.66) yaw= +69.2 d=0.38 goal_err=+22 carrot_err= +33 c0=0.91 clear=0.60 prog=0.08 rel=0.95 bal=-0.06 obs=247 hard=238 obsc=273 yr=  0  nz=0.05 flt=0.04 dmap=+0/-0 shz=3.5 plan=0 cmd=(lx=+0.00,ly=+0.00,rx=+0.00)
  t= 88.9 AGR-BRK-BK pos=(-4.73,+2.64) yaw= +69.2 d=0.40 goal_err=+20 carrot_err= +31 c0=0.93 clear=0.62 prog=0.00 rel=0.95 bal=-0.06 obs=246 hard=234 obsc=268 yr=  0  nz=0.05 flt=0.00 dmap=+1/-2 shz=3.3 plan=0 cmd=(lx=+0.00,ly=-0.35,rx=+0.00)
  t= 89.3 AGR-BRK-TR pos=(-4.74,+2.61) yaw= +65.2 d=0.43 goal_err=+23 carrot_err= +33 c0=0.95 clear=0.64 prog=0.00 rel=0.97 bal=-0.06 obs=246 hard=234 obsc=268 yr= 19G nz=0.03 flt=0.04 dmap=+0/-0 shz=3.3 plan=0 cmd=(lx=+0.00,ly=+0.00,rx=+0.45)
  t= 89.8 AGR-BRK-TR pos=(-4.74,+2.61) yaw= +57.2 d=0.43 goal_err=+31 carrot_err= +41 c0=0.95 clear=0.64 prog=0.00 rel=0.95 bal=-0.06 obs=246 hard=234 obsc=268 yr= 18G nz=0.04 flt=0.10 dmap=+0/-0 shz=3.3 plan=0 cmd=(lx=+0.00,ly=+0.00,rx=+0.45)
  t= 90.2 AGR-BRK-TR pos=(-4.74,+2.61) yaw= +51.2 d=0.43 goal_err=+37 carrot_err= +47 c0=0.95 clear=0.64 prog=0.00 rel=0.96 bal=-0.04 obs=247 hard=236 obsc=269 yr=  0G nz=0.04 flt=0.10 dmap=+0/-0 shz=3.3 plan=0 cmd=(lx=+0.00,ly=+0.00,rx=+0.45)
  t= 90.6 AGR-BRK-TR pos=(-4.74,+2.61) yaw= +43.2 d=0.43 goal_err=+45 carrot_err= +55 c0=0.95 clear=0.64 prog=0.00 rel=0.98 bal=-0.03 obs=247 hard=236 obsc=269 yr= 19G nz=0.02 flt=0.00 dmap=+0/-0 shz=3.3 plan=0 cmd=(lx=+0.00,ly=+0.00,rx=+0.45)
  t= 91.0 AGR-BRK-TR pos=(-4.74,+2.61) yaw= +33.1 d=0.43 goal_err=+55 carrot_err= +65 c0=0.95 clear=0.64 prog=0.00 rel=0.99 bal=+0.02 obs=247 hard=236 obsc=269 yr= 19G nz=0.01 flt=0.14 dmap=+0/-0 shz=3.3 plan=0 cmd=(lx=+0.00,ly=+0.00,rx=+0.45)
  t= 91.5 AGR-DWA-F pos=(-4.74,+2.61) yaw= +25.1 d=0.43 goal_err=+63 carrot_err= +74 c0=1.08 clear=0.72 prog=0.00 rel=0.92 bal=+0.02 obs=247 hard=236 obsc=269 yr= 19G nz=0.09 flt=0.00 dmap=+0/-0 shz=3.3 plan=3 cmd=(lx=+0.00,ly=+0.28,rx=-0.45)
  t= 91.9 AGR-DWA-F pos=(-4.72,+2.62) yaw= +29.1 d=0.42 goal_err=+62 carrot_err= +73 c0=1.06 clear=0.71 prog=0.01 rel=0.90 bal=+0.02 obs=247 hard=236 obsc=269 yr= 18G nz=0.10 flt=0.01 dmap=+0/-0 shz=3.3 plan=3 cmd=(lx=+0.00,ly=+0.28,rx=-0.45)
  t= 92.4 AGR-DWA-F pos=(-4.70,+2.64) yaw= +37.1 d=0.40 goal_err=+57 carrot_err= +68 c0=0.91 clear=0.61 prog=0.04 rel=0.89 bal=+0.03 obs=247 hard=236 obsc=269 yr= 18G nz=0.11 flt=0.01 dmap=+0/-0 shz=3.3 plan=3 cmd=(lx=+0.00,ly=+0.28,rx=-0.45)
  t= 92.8 AGR-DWA-F pos=(-4.67,+2.66) yaw= +47.2 d=0.38 goal_err=+51 carrot_err= +63 c0=0.88 clear=0.58 prog=0.07 rel=0.85 bal=-0.00 obs=248 hard=237 obsc=270 yr= 18G nz=0.15 flt=0.01 dmap=+0/-0 shz=3.3 plan=3 cmd=(lx=+0.00,ly=+0.28,rx=-0.45)
  t= 93.2 AGR-DWA-F pos=(-4.65,+2.68) yaw= +55.2 d=0.37 goal_err=+47 carrot_err= +59 c0=0.85 clear=0.57 prog=0.10 rel=0.85 bal=+0.00 obs=249 hard=238 obsc=271 yr= 19G nz=0.15 flt=0.24 dmap=+0/-0 shz=3.3 plan=3 cmd=(lx=+0.00,ly=+0.28,rx=-0.45)

  LLEGADO a 'B' (-4.73,+3.04); error=0.35 m, colisiones=0.
  [spill] derrames=0 E[N]=0.00 eta_max=0.88 riesgo=1.2%
  [dataset] travesia guardada -> /Users/adrianlendinezibanez/Claude/Projects/G1 ROBOT/dataset/20260730_120844_ours_B.json
  [stats] fila anadida -> /Users/adrianlendinezibanez/Claude/Projects/G1 ROBOT/dataset/runs_stats.csv

Fin goto.
  [META2-L2] estado guardado (meta2_state_abctrl.json): Pl={'Efficient_Nav': 1.0, 'Cautious_Nav': 0.95} derrames_run=0
  backend grafico: TkAgg
>>> SIM ADAPTER: conectando a rosbridge ws://localhost:8765 ...
  esperando /odom (hasta 30s; el mundo del lab tarda en cargar)... ok
  /odom OK pose=(+0.99,+0.57) | /scan: OK
  escenario LAB: mapa/waypoints/puerta REALES (lab.world solo-paredes, frame G1)

>>> GOTO 'B' -> (-4.73,+3.04). Mando en mano (L2+B). Ctrl+C aborta.
    ENTORNO: SIM (id: lab_v1_ab_ctrl)  — esta run se registra como SIMULACION, no cuenta como run de robot
  Esperando pose localizada y primera nube... ok.
  FRAME-CHECK start=(+0.99,+0.57) wp_mas_cercano=A(+0.99,+0.57) offset=0.00m  -> frame OK (pose y waypoints alineados)
  [spill] payload de agua simulado (semilla=20260730_121214_ours_B.json)
  META2 ACTIVO (techo por analogia): Meta-Reasoner 2.0, analogia inicial Cautious_Nav

  !!!!!!!!!!!!!!!!!!!!!!!!!!!!!!!!!!!!!!!!!!!!!!!!!!!!!!!!!!!!!!!!!!!!!!!!!!
  !!  VISION OFF (G1_PERC sin definir) pero G1_NOVIS=1: navego SIN vision bajo tu responsabilidad.
  !!  La MESA invisible al LiDAR no se vera.
  !!!!!!!!!!!!!!!!!!!!!!!!!!!!!!!!!!!!!!!!!!!!!!!!!!!!!!!!!!!!!!!!!!!!!!!!!!

  mapa de referencia: 961 celdas | muebles estaticos (nav_map): 0 celdas | plan global: static
  t=  0.0 DWA-F pos=(+0.99,+0.57) yaw=-120.3 d=6.23 goal_err=-83 carrot_err= -62 c0=2.25 clear=1.00 prog=0.00 rel=1.00 bal=+0.19 obs=108 hard=108 obsc=108 yr=  0  nz=0.00 flt=0.19 dmap=+108/-0 shz=0.0 plan=34 cmd=(lx=+0.00,ly=+0.40,rx=+0.45)
  t=  0.5 DWA-F pos=(+0.97,+0.53) yaw=-126.3 d=6.22 goal_err=-77 carrot_err= -59 c0=2.21 clear=1.00 prog=0.06 rel=0.99 bal=+0.28 obs=111 hard=111 obsc=111 yr= 19G nz=0.01 flt=0.13 dmap=+0/-0 shz=4.7 plan=34 cmd=(lx=+0.00,ly=+0.40,rx=+0.45)
  t=  0.9 DWA-F pos=(+0.93,+0.49) yaw=-134.4 d=6.21 goal_err=-70 carrot_err= -55 c0=2.28 clear=1.00 prog=0.09 rel=0.96 bal=+0.41 obs=112 hard=112 obsc=112 yr= 18G nz=0.04 flt=0.01 dmap=+0/-0 shz=4.1 plan=34 cmd=(lx=+0.00,ly=+0.40,rx=+0.45)
  t=  1.3 DWA-F pos=(+0.88,+0.45) yaw=-142.4 d=6.18 goal_err=-62 carrot_err= -35 c0=2.50 clear=1.00 prog=0.12 rel=0.96 bal=+0.41 obs=129 hard=128 obsc=161 yr= 19  nz=0.04 flt=0.03 dmap=+17/-0 shz=3.9 plan=34 cmd=(lx=+0.00,ly=+0.40,rx=+0.00)
  t=  1.7 DWA-F pos=(+0.84,+0.41) yaw=-142.4 d=6.16 goal_err=-63 carrot_err= -37 c0=2.50 clear=1.00 prog=0.14 rel=0.81 bal=+0.42 obs=148 hard=133 obsc=160 yr=  0  nz=0.19 flt=0.05 dmap=+0/-0 shz=4.1 plan=33 cmd=(lx=+0.00,ly=+0.40,rx=+0.45)
  t=  2.2 DWA-F pos=(+0.79,+0.37) yaw=-148.4 d=6.13 goal_err=-57 carrot_err= -34 c0=2.50 clear=1.00 prog=0.17 rel=0.78 bal=+0.43 obs=148 hard=133 obsc=160 yr= 18  nz=0.22 flt=0.00 dmap=+0/-0 shz=4.0 plan=33 cmd=(lx=+0.00,ly=+0.40,rx=+0.00)
  t=  2.6 DWA-F pos=(+0.74,+0.34) yaw=-148.4 d=6.10 goal_err=-58 carrot_err= -36 c0=2.50 clear=1.00 prog=0.21 rel=0.85 bal=+0.43 obs=158 hard=137 obsc=171 yr=  0  nz=0.15 flt=0.00 dmap=+8/-0 shz=3.9 plan=33 cmd=(lx=+0.00,ly=+0.40,rx=+0.45)
  t=  3.0 DWA-F pos=(+0.69,+0.32) yaw=-154.4 d=6.07 goal_err=-52 carrot_err= -31 c0=2.50 clear=1.00 prog=0.22 rel=0.99 bal=+0.44 obs=166 hard=138 obsc=180 yr= 19  nz=0.01 flt=0.01 dmap=+13/-5 shz=4.0 plan=33 cmd=(lx=+0.00,ly=+0.40,rx=+0.00)
  t=  3.5 DWA-F pos=(+0.64,+0.29) yaw=-154.4 d=6.03 goal_err=-53 carrot_err= -33 c0=2.50 clear=1.00 prog=0.23 rel=0.99 bal=+0.44 obs=167 hard=149 obsc=172 yr=  0  nz=0.01 flt=0.05 dmap=+0/-0 shz=3.9 plan=32 cmd=(lx=+0.00,ly=+0.40,rx=+0.00)
  t=  3.9 DWA-F pos=(+0.60,+0.27) yaw=-154.4 d=6.01 goal_err=-53 carrot_err= -35 c0=2.50 clear=1.00 prog=0.23 rel=0.99 bal=+0.37 obs=171 hard=152 obsc=176 yr=  0  nz=0.01 flt=0.00 dmap=+0/-0 shz=4.0 plan=32 cmd=(lx=+0.00,ly=+0.40,rx=+0.00)
  t=  4.3 DWA-F pos=(+0.56,+0.25) yaw=-154.4 d=5.98 goal_err=-53 carrot_err= -37 c0=2.50 clear=1.00 prog=0.23 rel=0.99 bal=+0.38 obs=173 hard=159 obsc=177 yr=  0  nz=0.01 flt=0.00 dmap=+3/-0 shz=4.0 plan=32 cmd=(lx=+0.00,ly=+0.40,rx=+0.00)
  t=  4.7 DWA-F pos=(+0.52,+0.23) yaw=-158.4 d=5.95 goal_err=-50 carrot_err= -19 c0=2.50 clear=1.00 prog=0.22 rel=1.00 bal=+0.39 obs=173 hard=159 obsc=177 yr= 18  nz=0.00 flt=0.18 dmap=+0/-0 shz=3.9 plan=32 cmd=(lx=+0.00,ly=+0.40,rx=+0.00)
  t=  5.2 DWA-F pos=(+0.48,+0.22) yaw=-158.4 d=5.93 goal_err=-50 carrot_err= -20 c0=2.50 clear=1.00 prog=0.22 rel=0.99 bal=+0.40 obs=174 hard=163 obsc=178 yr=  0  nz=0.01 flt=0.00 dmap=+0/-0 shz=4.0 plan=32 cmd=(lx=+0.00,ly=+0.40,rx=+0.00)
  t=  5.6 DWA-F pos=(+0.43,+0.20) yaw=-158.4 d=5.89 goal_err=-50 carrot_err= -22 c0=2.50 clear=1.00 prog=0.23 rel=0.99 bal=+0.42 obs=174 hard=165 obsc=178 yr=  0  nz=0.01 flt=0.01 dmap=+1/-0 shz=4.0 plan=32 cmd=(lx=+0.00,ly=+0.40,rx=+0.00)
  t=  6.0 DWA-F pos=(+0.40,+0.19) yaw=-158.4 d=5.87 goal_err=-51 carrot_err= -23 c0=2.50 clear=1.00 prog=0.22 rel=0.99 bal=+0.43 obs=174 hard=166 obsc=180 yr=  0  nz=0.01 flt=0.00 dmap=+0/-0 shz=4.0 plan=32 cmd=(lx=+0.00,ly=+0.40,rx=+0.00)
  t=  6.5 DWA-F pos=(+0.36,+0.17) yaw=-158.4 d=5.84 goal_err=-51 carrot_err= -24 c0=2.50 clear=1.00 prog=0.22 rel=0.99 bal=+0.44 obs=175 hard=166 obsc=180 yr=  0  nz=0.01 flt=0.00 dmap=+0/-0 shz=4.0 plan=31 cmd=(lx=+0.00,ly=+0.40,rx=+0.00)
  t=  6.9 DWA-F pos=(+0.30,+0.15) yaw=-158.4 d=5.81 goal_err=-51 carrot_err= -26 c0=2.50 clear=1.00 prog=0.23 rel=0.99 bal=+0.45 obs=176 hard=166 obsc=180 yr=  0  nz=0.01 flt=0.00 dmap=+1/-0 shz=3.9 plan=31 cmd=(lx=+0.00,ly=+0.40,rx=+0.00)
  t=  7.3 DWA-F pos=(+0.26,+0.13) yaw=-158.4 d=5.78 goal_err=-52 carrot_err= -13 c0=2.50 clear=1.00 prog=0.23 rel=0.98 bal=+0.46 obs=175 hard=166 obsc=179 yr=  0  nz=0.02 flt=0.00 dmap=+0/-0 shz=4.0 plan=31 cmd=(lx=+0.00,ly=+0.40,rx=+0.00)
  t=  7.8 DWA-F pos=(+0.22,+0.12) yaw=-158.4 d=5.75 goal_err=-52 carrot_err= -14 c0=2.50 clear=1.00 prog=0.22 rel=0.98 bal=+0.46 obs=175 hard=167 obsc=179 yr=  0  nz=0.02 flt=0.00 dmap=+0/-0 shz=4.0 plan=30 cmd=(lx=+0.00,ly=+0.40,rx=+0.00)
  t=  8.2 DWA-F pos=(+0.17,+0.10) yaw=-158.4 d=5.72 goal_err=-53 carrot_err= -15 c0=2.50 clear=1.00 prog=0.23 rel=0.98 bal=+0.47 obs=176 hard=167 obsc=180 yr=  0  nz=0.02 flt=0.00 dmap=+0/-0 shz=4.0 plan=30 cmd=(lx=+0.00,ly=+0.40,rx=+0.00)
  t=  8.7 DWA-F pos=(+0.13,+0.08) yaw=-158.4 d=5.69 goal_err=-53 carrot_err= -15 c0=2.48 clear=1.00 prog=0.22 rel=0.98 bal=+0.40 obs=178 hard=170 obsc=183 yr=  0  nz=0.02 flt=0.00 dmap=+0/-1 shz=3.9 plan=30 cmd=(lx=+0.00,ly=+0.40,rx=+0.00)
  t=  9.1 DWA-F pos=(+0.09,+0.06) yaw=-158.4 d=5.66 goal_err=-53 carrot_err= -18 c0=2.44 clear=1.00 prog=0.22 rel=0.96 bal=+0.41 obs=178 hard=172 obsc=183 yr=  0  nz=0.04 flt=0.02 dmap=+1/-1 shz=4.0 plan=30 cmd=(lx=+0.00,ly=+0.40,rx=+0.00)
  t=  9.5 DWA-F pos=(+0.05,+0.05) yaw=-158.4 d=5.64 goal_err=-54 carrot_err= -18 c0=2.40 clear=1.00 prog=0.22 rel=0.94 bal=+0.42 obs=179 hard=172 obsc=183 yr=  0  nz=0.06 flt=0.01 dmap=+0/-0 shz=3.9 plan=29 cmd=(lx=+0.00,ly=+0.40,rx=+0.00)
  t= 10.0 DWA-F pos=(+0.01,+0.03) yaw=-158.4 d=5.61 goal_err=-54 carrot_err= -19 c0=2.35 clear=1.00 prog=0.21 rel=0.93 bal=+0.42 obs=181 hard=173 obsc=185 yr=  0  nz=0.07 flt=0.00 dmap=+0/-0 shz=4.0 plan=29 cmd=(lx=+0.00,ly=+0.40,rx=+0.00)
  t= 10.4 DWA-F pos=(-0.05,+0.01) yaw=-158.4 d=5.58 goal_err=-54 carrot_err= -21 c0=2.30 clear=1.00 prog=0.21 rel=0.92 bal=+0.43 obs=183 hard=175 obsc=188 yr=  0  nz=0.08 flt=0.02 dmap=+1/-0 shz=4.0 plan=29 cmd=(lx=+0.00,ly=+0.40,rx=+0.00)
  t= 10.8 DWA-F pos=(-0.09,-0.01) yaw=-158.4 d=5.55 goal_err=-55 carrot_err= -22 c0=2.25 clear=1.00 prog=0.21 rel=0.92 bal=+0.45 obs=183 hard=175 obsc=189 yr=  0  nz=0.09 flt=0.00 dmap=+0/-0 shz=4.0 plan=29 cmd=(lx=+0.00,ly=+0.40,rx=+0.00)
  t= 11.3 DWA-F pos=(-0.13,-0.02) yaw=-158.4 d=5.53 goal_err=-55 carrot_err= -23 c0=2.21 clear=1.00 prog=0.21 rel=0.91 bal=+0.47 obs=182 hard=176 obsc=190 yr=  0  nz=0.09 flt=0.00 dmap=+0/-0 shz=4.0 plan=29 cmd=(lx=+0.00,ly=+0.40,rx=+0.00)
  t= 11.7 DWA-F pos=(-0.18,-0.04) yaw=-158.4 d=5.50 goal_err=-56 carrot_err= -25 c0=2.16 clear=1.00 prog=0.22 rel=0.91 bal=+0.49 obs=185 hard=178 obsc=189 yr=  0  nz=0.09 flt=0.01 dmap=+0/-0 shz=4.0 plan=29 cmd=(lx=+0.00,ly=+0.40,rx=+0.00)
  t= 12.1 DWA-F pos=(-0.22,-0.06) yaw=-158.4 d=5.47 goal_err=-56 carrot_err= -26 c0=2.11 clear=1.00 prog=0.20 rel=0.92 bal=+0.51 obs=185 hard=177 obsc=189 yr=  0  nz=0.08 flt=0.01 dmap=+1/-0 shz=4.0 plan=29 cmd=(lx=+0.00,ly=+0.40,rx=+0.00)
  t= 12.6 DWA-F pos=(-0.26,-0.08) yaw=-158.4 d=5.45 goal_err=-56 carrot_err= -27 c0=2.07 clear=1.00 prog=0.20 rel=0.90 bal=+0.52 obs=184 hard=177 obsc=189 yr=  0  nz=0.10 flt=0.04 dmap=+0/-0 shz=4.0 plan=28 cmd=(lx=+0.00,ly=+0.40,rx=+0.00)
  t= 13.0 DWA-F pos=(-0.30,-0.09) yaw=-158.4 d=5.42 goal_err=-57 carrot_err= -27 c0=2.03 clear=1.00 prog=0.20 rel=0.92 bal=+0.53 obs=184 hard=177 obsc=189 yr=  0  nz=0.08 flt=0.00 dmap=+0/-0 shz=4.0 plan=28 cmd=(lx=+0.00,ly=+0.40,rx=+0.00)
  t= 13.5 DWA-F pos=(-0.35,-0.11) yaw=-158.4 d=5.40 goal_err=-57 carrot_err= -29 c0=1.98 clear=1.00 prog=0.19 rel=0.92 bal=+0.55 obs=184 hard=175 obsc=188 yr=  0  nz=0.08 flt=0.00 dmap=+0/-0 shz=4.0 plan=28 cmd=(lx=+0.00,ly=+0.40,rx=+0.00)
  t= 13.9 DWA-F pos=(-0.40,-0.13) yaw=-158.4 d=5.37 goal_err=-58 carrot_err= -31 c0=1.93 clear=1.00 prog=0.21 rel=0.92 bal=+0.56 obs=186 hard=180 obsc=190 yr=  0  nz=0.08 flt=0.01 dmap=+0/-0 shz=4.0 plan=27 cmd=(lx=+0.00,ly=+0.40,rx=+0.00)
  t= 14.3 DWA-F pos=(-0.44,-0.15) yaw=-158.4 d=5.34 goal_err=-58 carrot_err= -32 c0=1.88 clear=1.00 prog=0.19 rel=0.91 bal=+0.56 obs=186 hard=181 obsc=192 yr=  0  nz=0.09 flt=0.00 dmap=+0/-0 shz=4.0 plan=27 cmd=(lx=+0.00,ly=+0.40,rx=+0.00)
  t= 14.8 DWA-F pos=(-0.48,-0.16) yaw=-158.4 d=5.32 goal_err=-59 carrot_err= -34 c0=1.84 clear=1.00 prog=0.19 rel=0.92 bal=+0.57 obs=187 hard=181 obsc=192 yr=  0  nz=0.09 flt=0.01 dmap=+0/-0 shz=4.0 plan=27 cmd=(lx=+0.00,ly=+0.40,rx=+0.00)
  t= 15.2 DWA-F pos=(-0.52,-0.18) yaw=-158.4 d=5.30 goal_err=-59 carrot_err= -36 c0=1.80 clear=1.00 prog=0.19 rel=0.92 bal=+0.50 obs=189 hard=183 obsc=195 yr=  0  nz=0.08 flt=0.00 dmap=+1/-1 shz=4.0 plan=27 cmd=(lx=+0.00,ly=+0.40,rx=+0.45)
  t= 15.6 DWA-F pos=(-0.56,-0.19) yaw=-164.4 d=5.27 goal_err=-53 carrot_err= -41 c0=1.75 clear=1.00 prog=0.19 rel=0.93 bal=+0.57 obs=189 hard=183 obsc=195 yr= 19G nz=0.07 flt=0.01 dmap=+0/-0 shz=4.0 plan=26 cmd=(lx=+0.00,ly=+0.40,rx=+0.45)
  t= 16.1 DWA-F pos=(-0.62,-0.20) yaw=-172.5 d=5.24 goal_err=-46 carrot_err= -35 c0=1.87 clear=1.00 prog=0.20 rel=0.91 bal=+0.58 obs=201 hard=191 obsc=217 yr=  0  nz=0.09 flt=0.03 dmap=+0/-0 shz=4.0 plan=26 cmd=(lx=+0.00,ly=+0.40,rx=+0.00)
  t= 16.5 DWA-F pos=(-0.66,-0.21) yaw=-172.5 d=5.21 goal_err=-46 carrot_err= -37 c0=1.91 clear=1.00 prog=0.21 rel=0.90 bal=+0.58 obs=202 hard=191 obsc=210 yr=  0  nz=0.10 flt=0.00 dmap=+0/-0 shz=4.0 plan=26 cmd=(lx=+0.00,ly=+0.40,rx=+0.00)
  t= 16.9 DWA-F pos=(-0.71,-0.22) yaw=-172.5 d=5.18 goal_err=-47 carrot_err= -32 c0=1.87 clear=1.00 prog=0.23 rel=0.89 bal=+0.54 obs=202 hard=194 obsc=212 yr=  0G nz=0.11 flt=0.01 dmap=+0/-0 shz=4.0 plan=25 cmd=(lx=+0.00,ly=+0.40,rx=+0.00)
  t= 17.4 DWA-F pos=(-0.75,-0.22) yaw=-174.5 d=5.15 goal_err=-45 carrot_err= -32 c0=1.83 clear=1.00 prog=0.24 rel=0.96 bal=+0.55 obs=203 hard=195 obsc=213 yr=  0  nz=0.04 flt=0.01 dmap=+0/-0 shz=4.0 plan=25 cmd=(lx=+0.00,ly=+0.40,rx=+0.00)
  t= 17.8 DWA-F pos=(-0.79,-0.23) yaw=-174.5 d=5.11 goal_err=-45 carrot_err= -33 c0=1.78 clear=1.00 prog=0.24 rel=0.92 bal=+0.56 obs=201 hard=192 obsc=210 yr=  0  nz=0.08 flt=0.00 dmap=+0/-0 shz=4.0 plan=25 cmd=(lx=+0.00,ly=+0.40,rx=+0.00)
  t= 18.2 DWA-F pos=(-0.84,-0.23) yaw=-174.5 d=5.08 goal_err=-46 carrot_err= -35 c0=1.74 clear=1.00 prog=0.24 rel=0.93 bal=+0.57 obs=201 hard=193 obsc=210 yr=  0  nz=0.07 flt=0.00 dmap=+0/-0 shz=3.9 plan=25 cmd=(lx=+0.00,ly=+0.40,rx=+0.00)
  t= 18.7 DWA-F pos=(-0.88,-0.23) yaw=-174.5 d=5.05 goal_err=-46 carrot_err= -37 c0=1.70 clear=1.00 prog=0.24 rel=0.92 bal=+0.56 obs=201 hard=195 obsc=211 yr=  0  nz=0.08 flt=0.02 dmap=+0/-0 shz=4.0 plan=25 cmd=(lx=+0.00,ly=+0.40,rx=+0.00)
  t= 19.1 DWA-F pos=(-0.93,-0.24) yaw=-178.5 d=5.02 goal_err=-42 carrot_err= -35 c0=1.84 clear=1.00 prog=0.24 rel=0.92 bal=+0.53 obs=200 hard=195 obsc=211 yr= 18  nz=0.08 flt=0.14 dmap=+0/-0 shz=3.9 plan=25 cmd=(lx=+0.00,ly=+0.40,rx=+0.00)
  t= 19.5 DWA-F pos=(-0.98,-0.24) yaw=+179.5 d=4.98 goal_err=-41 carrot_err= -35 c0=1.82 clear=1.00 prog=0.26 rel=0.88 bal=+0.36 obs=211 hard=194 obsc=218 yr=  0  nz=0.12 flt=0.06 dmap=+0/-0 shz=4.0 plan=25 cmd=(lx=+0.00,ly=+0.40,rx=+0.00)
  t= 20.0 DWA-F pos=(-1.03,-0.24) yaw=+177.5 d=4.95 goal_err=-39 carrot_err= -37 c0=1.77 clear=1.00 prog=0.26 rel=0.88 bal=+0.34 obs=210 hard=194 obsc=218 yr= 18G nz=0.12 flt=0.14 dmap=+0/-0 shz=4.0 plan=24 cmd=(lx=+0.00,ly=+0.40,rx=+0.00)
  t= 20.4 DWA-F pos=(-1.07,-0.23) yaw=+175.5 d=4.91 goal_err=-37 carrot_err= -36 c0=1.73 clear=1.00 prog=0.27 rel=0.89 bal=+0.33 obs=209 hard=196 obsc=217 yr=  0  nz=0.11 flt=0.02 dmap=+0/-0 shz=4.0 plan=24 cmd=(lx=+0.00,ly=+0.40,rx=+0.00)
  t= 20.8 DWA-F pos=(-1.11,-0.23) yaw=+173.5 d=4.88 goal_err=-36 carrot_err= -36 c0=1.69 clear=1.00 prog=0.28 rel=0.92 bal=+0.32 obs=208 hard=195 obsc=216 yr= 18G nz=0.08 flt=0.00 dmap=+0/-0 shz=4.0 plan=24 cmd=(lx=+0.00,ly=+0.40,rx=+0.00)
  t= 21.3 DWA-F pos=(-1.17,-0.22) yaw=+171.5 d=4.83 goal_err=-34 carrot_err= -36 c0=1.63 clear=1.00 prog=0.30 rel=0.92 bal=+0.31 obs=207 hard=195 obsc=215 yr=  0  nz=0.08 flt=0.00 dmap=+0/-1 shz=4.0 plan=24 cmd=(lx=+0.00,ly=+0.40,rx=+0.00)
  t= 21.7 DWA-F pos=(-1.21,-0.22) yaw=+171.5 d=4.79 goal_err=-34 carrot_err= -30 c0=1.59 clear=1.00 prog=0.29 rel=0.92 bal=+0.30 obs=208 hard=195 obsc=215 yr=  0  nz=0.08 flt=0.02 dmap=+0/-0 shz=4.0 plan=23 cmd=(lx=+0.00,ly=+0.40,rx=+0.00)
  t= 22.2 DWA-F pos=(-1.26,-0.21) yaw=+171.5 d=4.76 goal_err=-35 carrot_err= -31 c0=1.54 clear=1.00 prog=0.29 rel=0.91 bal=+0.28 obs=207 hard=195 obsc=215 yr=  0  nz=0.09 flt=0.02 dmap=+0/-0 shz=4.0 plan=23 cmd=(lx=+0.00,ly=+0.40,rx=+0.00)
  t= 22.6 DWA-F pos=(-1.30,-0.20) yaw=+171.5 d=4.72 goal_err=-35 carrot_err= -32 c0=1.50 clear=1.00 prog=0.29 rel=0.92 bal=+0.27 obs=207 hard=193 obsc=214 yr=  0  nz=0.08 flt=0.00 dmap=+0/-0 shz=4.0 plan=23 cmd=(lx=+0.00,ly=+0.40,rx=+0.00)
  t= 23.0 DWA-F pos=(-1.35,-0.20) yaw=+171.5 d=4.68 goal_err=-35 carrot_err= -16 c0=1.45 clear=0.97 prog=0.29 rel=0.91 bal=+0.27 obs=206 hard=195 obsc=214 yr=  0  nz=0.09 flt=0.01 dmap=+1/-1 shz=4.0 plan=22 cmd=(lx=+0.00,ly=+0.40,rx=+0.00)
  t= 23.5 DWA-F pos=(-1.40,-0.19) yaw=+171.5 d=4.64 goal_err=-36 carrot_err= -17 c0=1.40 clear=0.93 prog=0.29 rel=0.92 bal=+0.26 obs=207 hard=195 obsc=214 yr=  0  nz=0.08 flt=0.01 dmap=+1/-0 shz=4.0 plan=22 cmd=(lx=+0.00,ly=+0.40,rx=+0.00)
  t= 23.9 DWA-F pos=(-1.44,-0.18) yaw=+171.5 d=4.60 goal_err=-36 carrot_err= -18 c0=1.36 clear=0.90 prog=0.29 rel=0.92 bal=+0.25 obs=207 hard=194 obsc=215 yr=  0  nz=0.09 flt=0.02 dmap=+0/-0 shz=4.0 plan=22 cmd=(lx=+0.00,ly=+0.40,rx=+0.00)
  t= 24.3 DWA-F pos=(-1.49,-0.18) yaw=+171.5 d=4.57 goal_err=-36 carrot_err= -19 c0=1.31 clear=0.88 prog=0.29 rel=0.92 bal=+0.11 obs=207 hard=196 obsc=214 yr=  0  nz=0.08 flt=0.01 dmap=+0/-0 shz=4.0 plan=22 cmd=(lx=+0.00,ly=+0.40,rx=+0.00)
  t= 24.8 DWA-F pos=(-1.54,-0.17) yaw=+171.5 d=4.52 goal_err=-37 carrot_err= -25 c0=1.26 clear=0.84 prog=0.30 rel=0.92 bal=+0.11 obs=206 hard=195 obsc=214 yr=  0  nz=0.08 flt=0.00 dmap=+0/-1 shz=4.0 plan=21 cmd=(lx=+0.00,ly=+0.40,rx=+0.00)
  t= 25.2 DWA-F pos=(-1.59,-0.16) yaw=+171.5 d=4.49 goal_err=-37 carrot_err= -26 c0=1.21 clear=0.81 prog=0.29 rel=0.91 bal=+0.11 obs=206 hard=196 obsc=216 yr=  0  nz=0.09 flt=0.02 dmap=+3/-2 shz=4.0 plan=21 cmd=(lx=+0.00,ly=+0.40,rx=+0.00)
  t= 25.7 DWA-F pos=(-1.63,-0.15) yaw=+171.5 d=4.45 goal_err=-37 carrot_err= -27 c0=1.17 clear=0.78 prog=0.29 rel=0.91 bal=+0.10 obs=207 hard=196 obsc=214 yr=  0  nz=0.09 flt=0.01 dmap=+0/-0 shz=4.0 plan=21 cmd=(lx=+0.00,ly=+0.40,rx=+0.00)
  t= 26.1 DWA-F pos=(-1.67,-0.15) yaw=+171.5 d=4.42 goal_err=-38 carrot_err= -29 c0=1.13 clear=0.75 prog=0.28 rel=0.91 bal=+0.10 obs=207 hard=197 obsc=215 yr=  0  nz=0.10 flt=0.02 dmap=+0/-0 shz=4.0 plan=21 cmd=(lx=+0.00,ly=+0.40,rx=+0.00)
  t= 26.5 DWA-F pos=(-1.73,-0.14) yaw=+171.5 d=4.37 goal_err=-38 carrot_err= -30 c0=1.07 clear=0.71 prog=0.30 rel=0.91 bal=+0.10 obs=207 hard=197 obsc=214 yr=  0  nz=0.09 flt=0.01 dmap=+1/-0 shz=4.0 plan=21 cmd=(lx=+0.00,ly=+0.40,rx=+0.00)
  t= 27.0 DWA-F pos=(-1.77,-0.13) yaw=+171.5 d=4.34 goal_err=-39 carrot_err= -33 c0=1.03 clear=0.69 prog=0.28 rel=0.92 bal=+0.09 obs=207 hard=196 obsc=214 yr=  0  nz=0.08 flt=0.02 dmap=+0/-0 shz=4.0 plan=21 cmd=(lx=+0.00,ly=+0.40,rx=+0.00)
  t= 27.4 DWA-F pos=(-1.82,-0.13) yaw=+169.5 d=4.30 goal_err=-37 carrot_err= -32 c0=0.99 clear=0.66 prog=0.28 rel=0.92 bal=+0.08 obs=207 hard=196 obsc=214 yr= 19G nz=0.08 flt=0.01 dmap=+0/-0 shz=4.0 plan=21 cmd=(lx=+0.00,ly=+0.40,rx=+0.00)
  t= 27.9 DWA-F pos=(-1.87,-0.11) yaw=+167.5 d=4.26 goal_err=-35 carrot_err= -23 c0=0.93 clear=0.62 prog=0.30 rel=0.93 bal=+0.08 obs=208 hard=197 obsc=216 yr=  0  nz=0.07 flt=0.03 dmap=+0/-0 shz=4.0 plan=20 cmd=(lx=+0.00,ly=+0.40,rx=+0.00)
  t= 28.3 DWA-F pos=(-1.91,-0.10) yaw=+167.5 d=4.22 goal_err=-36 carrot_err= -26 c0=0.89 clear=0.59 prog=0.29 rel=0.92 bal=+0.07 obs=208 hard=197 obsc=216 yr=  0  nz=0.08 flt=0.02 dmap=+1/-1 shz=4.0 plan=20 cmd=(lx=+0.00,ly=+0.40,rx=+0.00)
  t= 28.7 DWA-F pos=(-1.96,-0.10) yaw=+167.5 d=4.18 goal_err=-36 carrot_err= -27 c0=0.85 clear=0.57 prog=0.29 rel=0.92 bal=+0.07 obs=209 hard=198 obsc=216 yr=  0  nz=0.08 flt=0.02 dmap=+0/-0 shz=4.0 plan=20 cmd=(lx=+0.00,ly=+0.40,rx=+0.00)
  t= 29.2 DWA-F pos=(-2.00,-0.09) yaw=+167.5 d=4.15 goal_err=-36 carrot_err= -28 c0=0.81 clear=0.54 prog=0.29 rel=0.93 bal=+0.07 obs=209 hard=199 obsc=218 yr=  0  nz=0.07 flt=0.00 dmap=+0/-0 shz=4.0 plan=19 cmd=(lx=+0.00,ly=+0.40,rx=+0.00)
  t= 29.6 DWA-F pos=(-2.06,-0.07) yaw=+167.5 d=4.10 goal_err=-37 carrot_err= -30 c0=0.75 clear=0.50 prog=0.30 rel=0.93 bal=-0.04 obs=209 hard=199 obsc=217 yr=  0  nz=0.07 flt=0.01 dmap=+2/-1 shz=4.0 plan=19 cmd=(lx=+0.00,ly=+0.40,rx=+0.00)
  t= 30.0 DWA-F pos=(-2.10,-0.06) yaw=+165.5 d=4.07 goal_err=-35 carrot_err= -29 c0=0.91 clear=0.61 prog=0.29 rel=0.92 bal=-0.06 obs=209 hard=198 obsc=216 yr= 18G nz=0.08 flt=0.18 dmap=+0/-0 shz=4.0 plan=19 cmd=(lx=+0.00,ly=+0.40,rx=+0.00)
  t= 30.5 DWA-F pos=(-2.13,-0.05) yaw=+163.5 d=4.04 goal_err=-33 carrot_err= -28 c0=1.07 clear=0.71 prog=0.27 rel=0.82 bal=-0.07 obs=211 hard=200 obsc=219 yr=  0  nz=0.18 flt=0.02 dmap=+0/-0 shz=4.0 plan=19 cmd=(lx=+0.00,ly=+0.40,rx=+0.00)
  t= 30.9 DWA-F pos=(-2.18,-0.04) yaw=+163.5 d=3.99 goal_err=-34 carrot_err= -22 c0=1.02 clear=0.68 prog=0.29 rel=0.77 bal=-0.23 obs=212 hard=202 obsc=220 yr=  0  nz=0.23 flt=0.02 dmap=+0/-0 shz=4.0 plan=18 cmd=(lx=+0.00,ly=+0.40,rx=+0.00)
  t= 31.3 DWA-F pos=(-2.23,-0.03) yaw=+163.5 d=3.96 goal_err=-34 carrot_err= -22 c0=0.97 clear=0.65 prog=0.28 rel=0.78 bal=-0.38 obs=212 hard=201 obsc=221 yr=  0  nz=0.22 flt=0.03 dmap=+0/-0 shz=4.0 plan=18 cmd=(lx=+0.00,ly=+0.40,rx=+0.00)
  t= 31.8 DWA-F pos=(-2.27,-0.01) yaw=+163.5 d=3.92 goal_err=-35 carrot_err= -24 c0=0.93 clear=0.62 prog=0.28 rel=0.92 bal=-0.57 obs=215 hard=204 obsc=223 yr=  0  nz=0.08 flt=0.02 dmap=+2/-0 shz=4.0 plan=18 cmd=(lx=+0.00,ly=+0.40,rx=+0.00)
  t= 32.2 DWA-F pos=(-2.31,-0.00) yaw=+163.5 d=3.89 goal_err=-35 carrot_err= -25 c0=0.89 clear=0.59 prog=0.28 rel=0.92 bal=-0.57 obs=216 hard=204 obsc=223 yr=  0  nz=0.08 flt=0.00 dmap=+0/-0 shz=4.0 plan=17 cmd=(lx=+0.00,ly=+0.40,rx=+0.00)
  t= 32.7 DWA-F pos=(-2.37,+0.01) yaw=+163.5 d=3.84 goal_err=-35 carrot_err= -26 c0=0.83 clear=0.56 prog=0.31 rel=0.92 bal=-0.50 obs=215 hard=206 obsc=223 yr=  0  nz=0.08 flt=0.02 dmap=+0/-0 shz=4.0 plan=17 cmd=(lx=+0.00,ly=+0.40,rx=+0.00)
  t= 33.1 DWA-F pos=(-2.41,+0.03) yaw=+163.5 d=3.80 goal_err=-36 carrot_err= -28 c0=0.79 clear=0.53 prog=0.29 rel=0.92 bal=-0.49 obs=216 hard=205 obsc=224 yr=  0  nz=0.08 flt=0.00 dmap=+1/-0 shz=4.0 plan=17 cmd=(lx=+0.00,ly=+0.40,rx=+0.00)
  t= 33.5 DWA-F pos=(-2.45,+0.04) yaw=+161.5 d=3.77 goal_err=-34 carrot_err= -27 c0=0.75 clear=0.50 prog=0.29 rel=0.92 bal=-0.48 obs=217 hard=205 obsc=224 yr= 19G nz=0.08 flt=0.02 dmap=+0/-0 shz=4.0 plan=17 cmd=(lx=+0.00,ly=+0.40,rx=+0.00)
  t= 34.0 DWA-F pos=(-2.50,+0.06) yaw=+159.5 d=3.72 goal_err=-33 carrot_err= -27 c0=0.90 clear=0.60 prog=0.31 rel=0.93 bal=-0.46 obs=218 hard=206 obsc=226 yr=  0  nz=0.07 flt=0.02 dmap=+0/-0 shz=3.9 plan=17 cmd=(lx=+0.00,ly=+0.40,rx=+0.00)
  t= 34.4 ENG-F pos=(-2.54,+0.07) yaw=+159.5 d=3.68 goal_err=-33 carrot_err= -27 c0=1.06 clear=0.71 prog=0.30 rel=0.91 bal=-0.45 obs=219 hard=208 obsc=230 yr=  0  nz=0.10 flt=0.02 dmap=+2/-1 shz=4.0 plan=17 cmd=(lx=+0.00,ly=+0.28,rx=+0.00)
  t= 34.8 ENG-F pos=(-2.58,+0.09) yaw=+159.5 d=3.65 goal_err=-33 carrot_err= -28 c0=1.03 clear=0.68 prog=0.29 rel=0.78 bal=-0.34 obs=219 hard=210 obsc=229 yr=  0  nz=0.22 flt=0.03 dmap=+1/-1 shz=4.0 plan=17 cmd=(lx=+0.00,ly=+0.28,rx=+0.00)
  t= 35.3 ENG-F pos=(-2.61,+0.10) yaw=+159.5 d=3.62 goal_err=-34 carrot_err= -29 c0=0.99 clear=0.66 prog=0.28 rel=0.80 bal=-0.34 obs=220 hard=211 obsc=230 yr=  0  nz=0.20 flt=0.01 dmap=+0/-0 shz=4.0 plan=16 cmd=(lx=+0.00,ly=+0.28,rx=+0.00)
  t= 35.7 ENG-F pos=(-2.66,+0.12) yaw=+159.5 d=3.58 goal_err=-34 carrot_err= -31 c0=0.95 clear=0.63 prog=0.28 rel=0.94 bal=-0.34 obs=222 hard=210 obsc=230 yr=  0  nz=0.06 flt=0.01 dmap=+0/-0 shz=4.0 plan=16 cmd=(lx=+0.00,ly=+0.28,rx=+0.00)
  t= 36.1 ENG-F pos=(-2.69,+0.13) yaw=+159.5 d=3.55 goal_err=-34 carrot_err= -32 c0=0.91 clear=0.61 prog=0.26 rel=0.93 bal=-0.34 obs=224 hard=211 obsc=232 yr=  0  nz=0.07 flt=0.00 dmap=+2/-0 shz=4.0 plan=16 cmd=(lx=+0.00,ly=+0.28,rx=+0.00)
  t= 36.5 ENG-F pos=(-2.72,+0.14) yaw=+159.5 d=3.53 goal_err=-35 carrot_err= -34 c0=0.88 clear=0.59 prog=0.24 rel=0.93 bal=-0.34 obs=223 hard=211 obsc=232 yr=  0  nz=0.07 flt=0.00 dmap=+0/-0 shz=4.0 plan=16 cmd=(lx=+0.00,ly=+0.28,rx=+0.00)
  t= 37.0 ENG-F pos=(-2.76,+0.15) yaw=+159.5 d=3.50 goal_err=-35 carrot_err= -25 c0=0.84 clear=0.56 prog=0.24 rel=0.93 bal=-0.34 obs=224 hard=212 obsc=232 yr=  0  nz=0.07 flt=0.00 dmap=+0/-0 shz=4.0 plan=16 cmd=(lx=+0.00,ly=+0.28,rx=+0.00)
  t= 37.4 ENG-T pos=(-2.79,+0.17) yaw=+159.5 d=3.47 goal_err=-35 carrot_err= -26 c0=0.81 clear=0.54 prog=0.24 rel=0.94 bal=-0.34 obs=225 hard=214 obsc=233 yr=  0G nz=0.06 flt=0.01 dmap=+0/-0 shz=4.0 plan=16 cmd=(lx=+0.00,ly=+0.00,rx=+0.45)
  t= 37.8 ENG-F pos=(-2.81,+0.18) yaw=+153.4 d=3.45 goal_err=-30 carrot_err= -20 c0=0.79 clear=0.53 prog=0.20 rel=0.93 bal=-0.28 obs=234 hard=223 obsc=242 yr=  0  nz=0.07 flt=0.02 dmap=+0/-0 shz=4.0 plan=16 cmd=(lx=+0.00,ly=+0.28,rx=+0.00)
  t= 38.3 ENG-F pos=(-2.84,+0.19) yaw=+153.4 d=3.42 goal_err=-30 carrot_err= -21 c0=0.79 clear=0.53 prog=0.21 rel=0.95 bal=-0.29 obs=234 hard=222 obsc=243 yr=  0  nz=0.05 flt=0.01 dmap=+0/-0 shz=4.0 plan=16 cmd=(lx=+0.00,ly=+0.28,rx=+0.00)
  t= 38.7 ENG-F pos=(-2.87,+0.21) yaw=+153.4 d=3.39 goal_err=-30 carrot_err= -22 c0=0.75 clear=0.50 prog=0.21 rel=0.96 bal=-0.29 obs=234 hard=224 obsc=242 yr=  0  nz=0.04 flt=0.01 dmap=+0/-0 shz=4.0 plan=16 cmd=(lx=+0.00,ly=+0.28,rx=+0.00)
  t= 39.1 ENG-F pos=(-2.90,+0.22) yaw=+153.4 d=3.36 goal_err=-30 carrot_err= -23 c0=0.72 clear=0.48 prog=0.21 rel=0.95 bal=-0.29 obs=232 hard=223 obsc=241 yr=  0  nz=0.05 flt=0.02 dmap=+0/-1 shz=4.0 plan=16 cmd=(lx=+0.00,ly=+0.28,rx=+0.00)
  t= 39.5 ENG-T pos=(-2.94,+0.24) yaw=+153.4 d=3.33 goal_err=-31 carrot_err= -24 c0=0.68 clear=0.46 prog=0.24 rel=0.93 bal=-0.29 obs=232 hard=222 obsc=241 yr=  0G nz=0.07 flt=0.01 dmap=+0/-0 shz=4.0 plan=16 cmd=(lx=+0.00,ly=+0.00,rx=+0.45)
  t= 40.0 ENG-F pos=(-2.95,+0.25) yaw=+149.4 d=3.31 goal_err=-27 carrot_err= -20 c0=0.67 clear=0.44 prog=0.21 rel=0.93 bal=-0.29 obs=234 hard=224 obsc=242 yr=  0  nz=0.07 flt=0.00 dmap=+0/-0 shz=4.0 plan=16 cmd=(lx=+0.00,ly=+0.28,rx=+0.00)
  t= 40.4 ENG-F pos=(-2.99,+0.27) yaw=+149.4 d=3.27 goal_err=-27 carrot_err= -22 c0=0.62 clear=0.42 prog=0.23 rel=0.93 bal=-0.29 obs=234 hard=223 obsc=242 yr=  0  nz=0.07 flt=0.01 dmap=+0/-0 shz=4.0 plan=16 cmd=(lx=+0.00,ly=+0.28,rx=+0.00)
  t= 40.9 ENG-F pos=(-3.01,+0.29) yaw=+147.4 d=3.25 goal_err=-25 carrot_err= -20 c0=0.60 clear=0.40 prog=0.22 rel=0.93 bal=-0.29 obs=234 hard=223 obsc=242 yr= 18G nz=0.07 flt=0.02 dmap=+0/-0 shz=4.0 plan=16 cmd=(lx=+0.00,ly=+0.28,rx=+0.00)
  t= 41.3 ENG-F pos=(-3.04,+0.30) yaw=+145.4 d=3.22 goal_err=-24 carrot_err= -16 c0=0.57 clear=0.38 prog=0.21 rel=0.94 bal=-0.28 obs=234 hard=223 obsc=242 yr=  0  nz=0.06 flt=0.01 dmap=+0/-0 shz=4.0 plan=15 cmd=(lx=+0.00,ly=+0.28,rx=+0.00)
  t= 41.7 ENG-F pos=(-3.06,+0.32) yaw=+145.4 d=3.19 goal_err=-24 carrot_err= -17 c0=0.60 clear=0.40 prog=0.24 rel=0.95 bal=-0.28 obs=233 hard=222 obsc=242 yr=  0  nz=0.05 flt=0.01 dmap=+0/-1 shz=4.0 plan=15 cmd=(lx=+0.00,ly=+0.28,rx=+0.00)
  t= 42.1 ENG-F pos=(-3.08,+0.33) yaw=+141.4 d=3.17 goal_err=-20 carrot_err= -14 c0=0.59 clear=0.39 prog=0.20 rel=0.97 bal=-0.27 obs=231 hard=223 obsc=243 yr= 20  nz=0.03 flt=0.01 dmap=+0/-3 shz=4.0 plan=15 cmd=(lx=+0.00,ly=+0.28,rx=+0.00)
  t= 42.6 ENG-F pos=(-3.11,+0.35) yaw=+139.4 d=3.14 goal_err=-18 carrot_err= -12 c0=0.55 clear=0.37 prog=0.20 rel=0.96 bal=-0.24 obs=232 hard=222 obsc=240 yr=  0  nz=0.04 flt=0.00 dmap=+0/-0 shz=4.0 plan=15 cmd=(lx=+0.00,ly=+0.28,rx=+0.00)
  t= 43.0 ENG-F pos=(-3.13,+0.38) yaw=+139.4 d=3.11 goal_err=-18 carrot_err= -13 c0=0.52 clear=0.34 prog=0.23 rel=0.95 bal=-0.24 obs=234 hard=224 obsc=243 yr=  0  nz=0.05 flt=0.01 dmap=+0/-0 shz=4.0 plan=15 cmd=(lx=+0.00,ly=+0.28,rx=+0.00)
  t= 43.4 ENG-F pos=(-3.15,+0.39) yaw=+137.4 d=3.08 goal_err=-17 carrot_err= -11 c0=0.49 clear=0.33 prog=0.21 rel=0.93 bal=-0.24 obs=235 hard=224 obsc=244 yr= 19G nz=0.07 flt=0.12 dmap=+0/-0 shz=4.0 plan=15 cmd=(lx=+0.00,ly=+0.28,rx=+0.00)
  t= 43.8 ENG-F pos=(-3.17,+0.41) yaw=+135.4 d=3.06 goal_err=-15 carrot_err=  -9 c0=0.47 clear=0.31 prog=0.20 rel=0.94 bal=-0.24 obs=237 hard=225 obsc=246 yr=  0  nz=0.06 flt=0.00 dmap=+0/-0 shz=3.9 plan=15 cmd=(lx=+0.00,ly=+0.28,rx=+0.00)
  t= 44.3 ENG-F pos=(-3.19,+0.43) yaw=+133.4 d=3.04 goal_err=-13 carrot_err=  -8 c0=0.45 clear=0.30 prog=0.21 rel=0.94 bal=-0.24 obs=239 hard=225 obsc=247 yr= 19G nz=0.06 flt=0.00 dmap=+0/-0 shz=4.0 plan=15 cmd=(lx=+0.00,ly=+0.28,rx=+0.00)
  t= 44.7 ENG-F pos=(-3.20,+0.44) yaw=+131.4 d=3.02 goal_err=-11 carrot_err=  -6 c0=0.88 clear=0.58 prog=0.18 rel=0.76 bal=-0.24 obs=238 hard=225 obsc=247 yr=  0  nz=0.24 flt=0.01 dmap=+0/-1 shz=4.0 plan=15 cmd=(lx=+0.00,ly=+0.28,rx=+0.00)
  t= 45.1 ENG-GO pos=(-3.22,+0.46) yaw=+129.4 d=2.99 goal_err=-9 carrot_err=  -4 c0=1.39 clear=0.93 prog=0.18 rel=0.54 bal=-0.23 obs=238 hard=226 obsc=246 yr= 18  nz=0.46 flt=0.00 dmap=+0/-0 shz=4.0 plan=15 cmd=(lx=+0.00,ly=+0.28,rx=+0.00)
  t= 45.5 ENG-GO pos=(-3.23,+0.48) yaw=+129.4 d=2.97 goal_err=-9 carrot_err=  -4 c0=1.37 clear=0.91 prog=0.18 rel=0.48 bal=-0.23 obs=238 hard=229 obsc=247 yr=  0  nz=0.52 flt=0.00 dmap=+0/-0 shz=4.0 plan=15 cmd=(lx=+0.00,ly=+0.28,rx=+0.00)
  t= 46.0 ENG-GO pos=(-3.25,+0.50) yaw=+129.4 d=2.94 goal_err=-9 carrot_err=  -1 c0=1.35 clear=0.90 prog=0.18 rel=0.65 bal=-0.22 obs=237 hard=227 obsc=245 yr=  0  nz=0.35 flt=0.00 dmap=+0/-0 shz=4.0 plan=15 cmd=(lx=+0.00,ly=+0.28,rx=+0.00)
  t= 46.4 ENG-GO pos=(-3.27,+0.52) yaw=+129.4 d=2.91 goal_err=-9 carrot_err=  -1 c0=1.32 clear=0.88 prog=0.21 rel=0.73 bal=-0.23 obs=237 hard=227 obsc=245 yr=  0  nz=0.27 flt=0.02 dmap=+0/-0 shz=4.0 plan=14 cmd=(lx=+0.00,ly=+0.28,rx=+0.00)
  t= 46.8 ENG-GO pos=(-3.29,+0.55) yaw=+129.4 d=2.88 goal_err=-9 carrot_err=  -1 c0=1.29 clear=0.86 prog=0.20 rel=0.94 bal=-0.23 obs=237 hard=226 obsc=246 yr=  0  nz=0.06 flt=0.01 dmap=+0/-0 shz=4.0 plan=14 cmd=(lx=+0.00,ly=+0.28,rx=+0.00)
  t= 47.3 ENG-GO pos=(-3.32,+0.59) yaw=+129.4 d=2.83 goal_err=-9 carrot_err=  -1 c0=1.24 clear=0.83 prog=0.26 rel=0.95 bal=-0.23 obs=238 hard=226 obsc=246 yr=  0  nz=0.05 flt=0.00 dmap=+0/-0 shz=4.0 plan=14 cmd=(lx=+0.00,ly=+0.28,rx=+0.00)
  t= 47.7 ENG-GO pos=(-3.34,+0.61) yaw=+129.4 d=2.80 goal_err=-10 carrot_err=  +1 c0=1.21 clear=0.81 prog=0.27 rel=0.93 bal=-0.23 obs=238 hard=228 obsc=247 yr=  0  nz=0.07 flt=0.00 dmap=+0/-0 shz=4.0 plan=13 cmd=(lx=+0.00,ly=+0.28,rx=+0.00)
  t= 48.1 ENG-GO pos=(-3.36,+0.64) yaw=+129.4 d=2.76 goal_err=-10 carrot_err=  +1 c0=1.18 clear=0.79 prog=0.28 rel=0.92 bal=-0.21 obs=238 hard=228 obsc=247 yr=  0  nz=0.08 flt=0.00 dmap=+0/-0 shz=4.0 plan=13 cmd=(lx=+0.00,ly=+0.28,rx=+0.00)
  t= 48.5 ENG-GO pos=(-3.39,+0.67) yaw=+129.4 d=2.73 goal_err=-10 carrot_err=  +1 c0=1.14 clear=0.76 prog=0.29 rel=0.92 bal=-0.20 obs=239 hard=227 obsc=247 yr=  0  nz=0.08 flt=0.00 dmap=+0/-0 shz=3.9 plan=13 cmd=(lx=+0.00,ly=+0.28,rx=+0.00)
  t= 49.0 ENG-GO pos=(-3.41,+0.70) yaw=+129.4 d=2.69 goal_err=-10 carrot_err=  +1 c0=1.11 clear=0.74 prog=0.29 rel=0.92 bal=-0.19 obs=239 hard=228 obsc=248 yr=  0  nz=0.08 flt=0.01 dmap=+0/-1 shz=4.0 plan=13 cmd=(lx=+0.00,ly=+0.28,rx=+0.00)
  t= 49.4 ENG-GO pos=(-3.44,+0.73) yaw=+129.4 d=2.65 goal_err=-10 carrot_err=  +1 c0=1.07 clear=0.71 prog=0.29 rel=0.94 bal=-0.06 obs=237 hard=228 obsc=247 yr=  0  nz=0.06 flt=0.02 dmap=+0/-0 shz=3.9 plan=12 cmd=(lx=+0.00,ly=+0.28,rx=+0.00)
  t= 49.8 ENG-GO pos=(-3.46,+0.76) yaw=+129.4 d=2.61 goal_err=-10 carrot_err=  +1 c0=1.09 clear=0.73 prog=0.29 rel=0.93 bal=-0.05 obs=237 hard=226 obsc=246 yr=  0  nz=0.07 flt=0.00 dmap=+0/-0 shz=4.0 plan=12 cmd=(lx=+0.00,ly=+0.28,rx=+0.00)
  t= 50.3 ENG-GO pos=(-3.48,+0.79) yaw=+129.4 d=2.57 goal_err=-10 carrot_err=  +1 c0=1.06 clear=0.71 prog=0.29 rel=0.94 bal=-0.04 obs=235 hard=227 obsc=244 yr=  0  nz=0.06 flt=0.01 dmap=+0/-1 shz=4.0 plan=12 cmd=(lx=+0.00,ly=+0.28,rx=+0.00)
  t= 50.7 ENG-GO pos=(-3.51,+0.81) yaw=+129.4 d=2.54 goal_err=-11 carrot_err=  +1 c0=1.03 clear=0.69 prog=0.29 rel=0.95 bal=+0.06 obs=236 hard=227 obsc=244 yr=  0  nz=0.05 flt=0.02 dmap=+0/-0 shz=4.0 plan=12 cmd=(lx=+0.00,ly=+0.28,rx=+0.00)
  t= 51.1 ENG-GO pos=(-3.53,+0.84) yaw=+129.4 d=2.50 goal_err=-11 carrot_err=  +2 c0=0.99 clear=0.66 prog=0.29 rel=0.94 bal=+0.06 obs=238 hard=225 obsc=246 yr=  0  nz=0.06 flt=0.00 dmap=+0/-0 shz=4.0 plan=12 cmd=(lx=+0.00,ly=+0.28,rx=+0.00)
  t= 51.5 ENG-GO pos=(-3.56,+0.88) yaw=+129.4 d=2.46 goal_err=-11 carrot_err=  +2 c0=0.95 clear=0.64 prog=0.29 rel=0.94 bal=+0.06 obs=238 hard=226 obsc=247 yr=  0  nz=0.06 flt=0.01 dmap=+1/-1 shz=3.9 plan=12 cmd=(lx=+0.00,ly=+0.28,rx=+0.00)
  t= 52.0 ENG-GO pos=(-3.58,+0.91) yaw=+129.4 d=2.42 goal_err=-11 carrot_err=  +2 c0=0.96 clear=0.64 prog=0.29 rel=0.94 bal=+0.06 obs=237 hard=226 obsc=247 yr=  0  nz=0.06 flt=0.00 dmap=+0/-0 shz=4.0 plan=12 cmd=(lx=+0.00,ly=+0.28,rx=+0.00)
  t= 52.4 ENG-GO pos=(-3.60,+0.93) yaw=+129.4 d=2.39 goal_err=-11 carrot_err=  +2 c0=0.92 clear=0.61 prog=0.29 rel=0.94 bal=+0.05 obs=236 hard=227 obsc=244 yr=  0  nz=0.06 flt=0.00 dmap=+0/-0 shz=3.9 plan=11 cmd=(lx=+0.00,ly=+0.28,rx=+0.00)
  t= 52.8 ENG-GO pos=(-3.63,+0.96) yaw=+129.4 d=2.35 goal_err=-11 carrot_err=  +3 c0=0.89 clear=0.59 prog=0.29 rel=0.93 bal=+0.05 obs=234 hard=224 obsc=242 yr=  0  nz=0.07 flt=0.00 dmap=+0/-0 shz=3.9 plan=11 cmd=(lx=+0.00,ly=+0.28,rx=+0.00)
  t= 53.3 ENG-GO pos=(-3.65,+0.99) yaw=+129.4 d=2.32 goal_err=-12 carrot_err=  +3 c0=0.86 clear=0.57 prog=0.29 rel=0.92 bal=-0.17 obs=233 hard=224 obsc=242 yr=  0  nz=0.08 flt=0.00 dmap=+1/-1 shz=4.0 plan=11 cmd=(lx=+0.00,ly=+0.28,rx=+0.00)
  t= 53.7 ENG-GO pos=(-3.68,+1.02) yaw=+129.4 d=2.27 goal_err=-12 carrot_err=  +3 c0=0.81 clear=0.54 prog=0.29 rel=0.93 bal=-0.05 obs=233 hard=224 obsc=242 yr=  0  nz=0.07 flt=0.01 dmap=+0/-0 shz=3.9 plan=11 cmd=(lx=+0.00,ly=+0.28,rx=+0.00)
  t= 54.1 ENG-GO pos=(-3.70,+1.05) yaw=+129.4 d=2.24 goal_err=-12 carrot_err=  +3 c0=0.78 clear=0.52 prog=0.29 rel=0.93 bal=-0.04 obs=235 hard=226 obsc=243 yr=  0  nz=0.07 flt=0.00 dmap=+0/-0 shz=4.0 plan=11 cmd=(lx=+0.00,ly=+0.28,rx=+0.00)
  t= 54.6 ENG-GO pos=(-3.72,+1.08) yaw=+129.4 d=2.20 goal_err=-12 carrot_err=  +4 c0=0.96 clear=0.64 prog=0.29 rel=0.93 bal=-0.04 obs=235 hard=226 obsc=244 yr=  0  nz=0.07 flt=0.00 dmap=+0/-1 shz=3.9 plan=11 cmd=(lx=+0.00,ly=+0.28,rx=+0.00)
  t= 55.0 ENG-GO pos=(-3.75,+1.11) yaw=+129.4 d=2.17 goal_err=-12 carrot_err=  +4 c0=0.93 clear=0.62 prog=0.29 rel=0.86 bal=-0.04 obs=235 hard=225 obsc=243 yr=  0  nz=0.14 flt=0.01 dmap=+0/-0 shz=4.0 plan=11 cmd=(lx=+0.00,ly=+0.28,rx=+0.00)
  t= 55.4 ENG-GO pos=(-3.78,+1.14) yaw=+129.4 d=2.12 goal_err=-13 carrot_err=  +4 c0=0.89 clear=0.59 prog=0.29 rel=0.86 bal=+0.02 obs=236 hard=226 obsc=244 yr=  0  nz=0.14 flt=0.00 dmap=+0/-0 shz=3.9 plan=10 cmd=(lx=+0.00,ly=+0.28,rx=+0.00)
  t= 55.9 ENG-GO pos=(-3.79,+1.16) yaw=+129.4 d=2.10 goal_err=-13 carrot_err=  +4 c0=0.92 clear=0.61 prog=0.27 rel=0.88 bal=+0.01 obs=237 hard=228 obsc=245 yr=  0  nz=0.12 flt=0.01 dmap=+1/-0 shz=3.9 plan=10 cmd=(lx=+0.00,ly=+0.28,rx=+0.00)
  t= 56.3 ENG-GO pos=(-3.82,+1.20) yaw=+129.4 d=2.05 goal_err=-13 carrot_err=  +4 c0=0.88 clear=0.58 prog=0.29 rel=0.96 bal=-0.02 obs=237 hard=228 obsc=245 yr=  0  nz=0.04 flt=0.01 dmap=+0/-0 shz=4.0 plan=10 cmd=(lx=+0.00,ly=+0.28,rx=+0.00)
  t= 56.7 ENG-GO pos=(-3.84,+1.23) yaw=+129.4 d=2.02 goal_err=-13 carrot_err=  +5 c0=0.84 clear=0.56 prog=0.29 rel=0.96 bal=-0.01 obs=234 hard=227 obsc=245 yr=  0  nz=0.04 flt=0.00 dmap=+0/-0 shz=3.9 plan=10 cmd=(lx=+0.00,ly=+0.28,rx=+0.00)
  t= 57.1 ENG-GO pos=(-3.87,+1.25) yaw=+129.4 d=1.98 goal_err=-14 carrot_err=  +5 c0=1.64 clear=1.00 prog=0.29 rel=0.95 bal=-0.01 obs=234 hard=224 obsc=243 yr=  0  nz=0.05 flt=0.01 dmap=+1/-1 shz=3.9 plan=10 cmd=(lx=+0.00,ly=+0.28,rx=+0.00)
  t= 57.6 ENG-GO pos=(-3.89,+1.28) yaw=+129.4 d=1.95 goal_err=-14 carrot_err=  +5 c0=1.60 clear=1.00 prog=0.27 rel=0.48 bal=-0.01 obs=234 hard=222 obsc=242 yr=  0  nz=0.52 flt=0.00 dmap=+0/-0 shz=4.0 plan=10 cmd=(lx=+0.00,ly=+0.28,rx=+0.00)
  t= 58.0 ENG-GO pos=(-3.91,+1.31) yaw=+129.4 d=1.91 goal_err=-14 carrot_err= -11 c0=1.57 clear=1.00 prog=0.27 rel=0.43 bal=-0.01 obs=232 hard=223 obsc=242 yr=  0  nz=0.57 flt=0.00 dmap=+0/-0 shz=4.0 plan=10 cmd=(lx=+0.00,ly=+0.28,rx=+0.00)
  t= 58.4 ENG-GO pos=(-3.94,+1.34) yaw=+129.4 d=1.87 goal_err=-14 carrot_err= -11 c0=1.52 clear=1.00 prog=0.29 rel=0.58 bal=-0.01 obs=231 hard=222 obsc=241 yr=  0  nz=0.42 flt=0.00 dmap=+0/-0 shz=4.0 plan=10 cmd=(lx=+0.00,ly=+0.28,rx=+0.00)
  t= 58.8 ENG-GO pos=(-3.96,+1.37) yaw=+129.4 d=1.84 goal_err=-15 carrot_err= -12 c0=1.49 clear=0.99 prog=0.29 rel=0.92 bal=-0.01 obs=232 hard=223 obsc=241 yr=  0  nz=0.09 flt=0.00 dmap=+0/-1 shz=3.9 plan=9 cmd=(lx=+0.00,ly=+0.28,rx=+0.00)
  t= 59.3 ENG-GO pos=(-3.99,+1.40) yaw=+129.4 d=1.80 goal_err=-15 carrot_err= -12 c0=1.45 clear=0.97 prog=0.28 rel=0.93 bal=-0.02 obs=232 hard=222 obsc=240 yr=  0  nz=0.07 flt=0.00 dmap=+0/-0 shz=4.0 plan=9 cmd=(lx=+0.00,ly=+0.28,rx=+0.00)
  t= 59.7 ENG-GO pos=(-4.01,+1.43) yaw=+129.4 d=1.77 goal_err=-15 carrot_err= -13 c0=1.42 clear=0.95 prog=0.28 rel=0.93 bal=-0.02 obs=233 hard=225 obsc=242 yr=  0  nz=0.07 flt=0.00 dmap=+0/-0 shz=4.0 plan=9 cmd=(lx=+0.00,ly=+0.28,rx=+0.00)
  t= 60.1 ENG-GO pos=(-4.04,+1.46) yaw=+129.4 d=1.72 goal_err=-16 carrot_err= -13 c0=1.38 clear=0.92 prog=0.30 rel=0.94 bal=-0.03 obs=235 hard=225 obsc=243 yr=  0  nz=0.06 flt=0.00 dmap=+2/-0 shz=3.9 plan=9 cmd=(lx=+0.00,ly=+0.28,rx=+0.00)
  t= 60.6 ENG-GO pos=(-4.06,+1.49) yaw=+129.4 d=1.69 goal_err=-16 carrot_err= -14 c0=1.34 clear=0.90 prog=0.28 rel=0.93 bal=-0.04 obs=237 hard=227 obsc=245 yr=  0  nz=0.07 flt=0.00 dmap=+2/-0 shz=4.0 plan=9 cmd=(lx=+0.00,ly=+0.28,rx=+0.00)
  t= 61.0 ENG-GO pos=(-4.08,+1.52) yaw=+129.4 d=1.65 goal_err=-16 carrot_err=  -9 c0=1.31 clear=0.87 prog=0.28 rel=0.93 bal=-0.04 obs=238 hard=228 obsc=246 yr=  0  nz=0.07 flt=0.00 dmap=+0/-0 shz=3.9 plan=9 cmd=(lx=+0.00,ly=+0.28,rx=+0.00)
  t= 61.4 ENG-GO pos=(-4.11,+1.55) yaw=+129.4 d=1.62 goal_err=-17 carrot_err=  -9 c0=1.27 clear=0.85 prog=0.28 rel=0.94 bal=-0.09 obs=234 hard=225 obsc=243 yr=  0  nz=0.06 flt=0.01 dmap=+0/-0 shz=4.0 plan=9 cmd=(lx=+0.00,ly=+0.28,rx=+0.00)
  t= 61.9 ENG-GO pos=(-4.13,+1.58) yaw=+129.4 d=1.58 goal_err=-17 carrot_err= -10 c0=1.23 clear=0.82 prog=0.30 rel=0.94 bal=-0.08 obs=238 hard=227 obsc=247 yr=  0  nz=0.06 flt=0.00 dmap=+1/-0 shz=4.0 plan=8 cmd=(lx=+0.00,ly=+0.28,rx=+0.00)
  t= 62.3 ENG-GO pos=(-4.16,+1.61) yaw=+129.4 d=1.54 goal_err=-18 carrot_err= -10 c0=1.20 clear=0.80 prog=0.28 rel=0.93 bal=+0.04 obs=240 hard=228 obsc=248 yr=  0  nz=0.07 flt=0.01 dmap=+0/-0 shz=3.9 plan=8 cmd=(lx=+0.00,ly=+0.28,rx=+0.00)
  t= 62.7 ENG-GO pos=(-4.18,+1.64) yaw=+129.4 d=1.51 goal_err=-18 carrot_err= -11 c0=1.17 clear=0.78 prog=0.28 rel=0.92 bal=+0.05 obs=240 hard=230 obsc=249 yr=  0  nz=0.08 flt=0.02 dmap=+0/-0 shz=4.0 plan=8 cmd=(lx=+0.00,ly=+0.28,rx=+0.00)
  t= 63.2 ENG-GO pos=(-4.20,+1.66) yaw=+129.4 d=1.47 goal_err=-18 carrot_err= -11 c0=1.13 clear=0.76 prog=0.28 rel=0.93 bal=+0.06 obs=240 hard=231 obsc=247 yr=  0  nz=0.07 flt=0.01 dmap=+4/-5 shz=4.0 plan=8 cmd=(lx=+0.00,ly=+0.28,rx=+0.00)
  t= 63.6 ENG-GO pos=(-4.23,+1.69) yaw=+129.4 d=1.44 goal_err=-19 carrot_err= -12 c0=1.10 clear=0.73 prog=0.28 rel=0.92 bal=+0.13 obs=241 hard=232 obsc=248 yr=  0  nz=0.08 flt=0.01 dmap=+0/-0 shz=4.0 plan=8 cmd=(lx=+0.00,ly=+0.28,rx=+0.00)
  t= 64.0 ENG-GO pos=(-4.25,+1.72) yaw=+129.4 d=1.41 goal_err=-19 carrot_err= -12 c0=1.07 clear=0.71 prog=0.27 rel=0.93 bal=+0.13 obs=244 hard=233 obsc=251 yr=  0  nz=0.07 flt=0.00 dmap=+0/-0 shz=4.0 plan=8 cmd=(lx=+0.00,ly=+0.28,rx=+0.00)
  t= 64.4 ENG-GO pos=(-4.28,+1.75) yaw=+129.4 d=1.36 goal_err=-20 carrot_err= -19 c0=1.02 clear=0.68 prog=0.28 rel=0.94 bal=-0.36 obs=244 hard=232 obsc=252 yr=  0  nz=0.06 flt=0.00 dmap=+2/-1 shz=4.0 plan=8 cmd=(lx=+0.00,ly=+0.28,rx=+0.00)
  t= 64.9 ENG-GO pos=(-4.30,+1.78) yaw=+129.4 d=1.33 goal_err=-21 carrot_err= -19 c0=1.09 clear=0.73 prog=0.28 rel=0.94 bal=-0.36 obs=243 hard=232 obsc=250 yr=  0  nz=0.06 flt=0.00 dmap=+0/-3 shz=4.0 plan=7 cmd=(lx=+0.00,ly=+0.28,rx=+0.00)
  t= 65.3 DWA-F pos=(-4.32,+1.81) yaw=+129.4 d=1.30 goal_err=-21 carrot_err= -20 c0=1.06 clear=0.70 prog=0.28 rel=0.95 bal=-0.37 obs=243 hard=232 obsc=251 yr=  0  nz=0.05 flt=0.00 dmap=+0/-0 shz=4.0 plan=7 cmd=(lx=+0.00,ly=+0.40,rx=+0.00)
  t= 65.7 DWA-F pos=(-4.35,+1.84) yaw=+129.4 d=1.26 goal_err=-22 carrot_err= -21 c0=1.02 clear=0.68 prog=0.28 rel=0.95 bal=-0.37 obs=242 hard=233 obsc=250 yr=  0  nz=0.05 flt=0.01 dmap=+0/-1 shz=3.9 plan=7 cmd=(lx=+0.00,ly=+0.40,rx=+0.00)
  t= 66.2 DWA-F pos=(-4.37,+1.87) yaw=+129.4 d=1.23 goal_err=-22 carrot_err= -22 c0=0.99 clear=0.66 prog=0.27 rel=0.94 bal=-0.47 obs=242 hard=234 obsc=249 yr=  0  nz=0.06 flt=0.00 dmap=+1/-0 shz=4.0 plan=7 cmd=(lx=+0.00,ly=+0.40,rx=+0.00)
  t= 66.6 DWA-F pos=(-4.40,+1.90) yaw=+129.4 d=1.19 goal_err=-23 carrot_err= -15 c0=0.95 clear=0.63 prog=0.27 rel=0.94 bal=-0.39 obs=242 hard=234 obsc=249 yr=  0  nz=0.06 flt=0.01 dmap=+0/-0 shz=4.0 plan=7 cmd=(lx=+0.00,ly=+0.40,rx=+0.00)
  t= 67.1 DWA-F pos=(-4.42,+1.93) yaw=+129.4 d=1.15 goal_err=-24 carrot_err= -16 c0=0.91 clear=0.61 prog=0.27 rel=0.94 bal=-0.40 obs=244 hard=234 obsc=251 yr=  0  nz=0.06 flt=0.00 dmap=+0/-0 shz=4.0 plan=7 cmd=(lx=+0.00,ly=+0.40,rx=+0.00)
  t= 67.5 DWA-F pos=(-4.44,+1.96) yaw=+129.4 d=1.12 goal_err=-25 carrot_err= -16 c0=0.88 clear=0.58 prog=0.27 rel=0.93 bal=-0.41 obs=241 hard=232 obsc=248 yr=  0  nz=0.07 flt=0.00 dmap=+0/-1 shz=3.9 plan=7 cmd=(lx=+0.00,ly=+0.40,rx=+0.00)
  t= 67.9 DWA-F pos=(-4.47,+1.99) yaw=+129.4 d=1.08 goal_err=-26 carrot_err= -17 c0=0.84 clear=0.56 prog=0.28 rel=0.94 bal=-0.46 obs=240 hard=233 obsc=249 yr=  0  nz=0.07 flt=0.00 dmap=+1/-2 shz=4.0 plan=6 cmd=(lx=+0.00,ly=+0.40,rx=+0.00)
  t= 68.4 DWA-F pos=(-4.49,+2.02) yaw=+129.4 d=1.05 goal_err=-26 carrot_err= -18 c0=0.80 clear=0.54 prog=0.28 rel=0.93 bal=-0.46 obs=241 hard=233 obsc=248 yr=  0  nz=0.07 flt=0.00 dmap=+0/-0 shz=4.0 plan=6 cmd=(lx=+0.00,ly=+0.40,rx=+0.00)
  t= 68.8 DWA-F pos=(-4.52,+2.05) yaw=+129.4 d=1.02 goal_err=-27 carrot_err= -19 c0=0.77 clear=0.51 prog=0.26 rel=0.94 bal=-0.46 obs=240 hard=231 obsc=247 yr=  0  nz=0.06 flt=0.01 dmap=+0/-0 shz=4.0 plan=6 cmd=(lx=+0.00,ly=+0.40,rx=+0.00)
  t= 69.3 DWA-F pos=(-4.54,+2.07) yaw=+129.4 d=0.98 goal_err=-28 carrot_err= -20 c0=0.74 clear=0.49 prog=0.26 rel=0.93 bal=-0.46 obs=240 hard=229 obsc=247 yr=  0  nz=0.07 flt=0.00 dmap=+1/-0 shz=3.9 plan=6 cmd=(lx=+0.00,ly=+0.40,rx=+0.00)
  t= 69.7 DWA-F pos=(-4.57,+2.11) yaw=+129.4 d=0.95 goal_err=-30 carrot_err= -25 c0=0.97 clear=0.64 prog=0.27 rel=0.87 bal=-0.47 obs=239 hard=229 obsc=247 yr=  0  nz=0.13 flt=0.00 dmap=+0/-1 shz=4.0 plan=6 cmd=(lx=+0.00,ly=+0.40,rx=+0.00)
  t= 70.1 DWA-F pos=(-4.59,+2.14) yaw=+129.4 d=0.91 goal_err=-31 carrot_err= -26 c0=0.93 clear=0.62 prog=0.26 rel=0.84 bal=-0.47 obs=240 hard=231 obsc=248 yr=  0  nz=0.16 flt=0.02 dmap=+0/-0 shz=4.0 plan=6 cmd=(lx=+0.00,ly=+0.40,rx=+0.00)
  t= 70.6 DWA-F pos=(-4.61,+2.16) yaw=+129.4 d=0.88 goal_err=-32 carrot_err= -27 c0=0.90 clear=0.60 prog=0.25 rel=0.87 bal=-0.48 obs=240 hard=231 obsc=249 yr=  0  nz=0.13 flt=0.00 dmap=+0/-0 shz=4.0 plan=6 cmd=(lx=+0.00,ly=+0.40,rx=+0.00)
  t= 71.0 DWA-F pos=(-4.64,+2.19) yaw=+129.4 d=0.85 goal_err=-33 carrot_err= -28 c0=0.86 clear=0.58 prog=0.25 rel=0.88 bal=-0.48 obs=240 hard=231 obsc=248 yr=  0  nz=0.12 flt=0.00 dmap=+1/-2 shz=4.0 plan=5 cmd=(lx=+0.00,ly=+0.40,rx=+0.00)
  t= 71.4 DWA-F pos=(-4.67,+2.23) yaw=+129.4 d=0.81 goal_err=-35 carrot_err= -30 c0=0.82 clear=0.55 prog=0.25 rel=0.93 bal=-0.49 obs=242 hard=231 obsc=249 yr=  0G nz=0.07 flt=0.01 dmap=+0/-0 shz=4.0 plan=5 cmd=(lx=+0.00,ly=+0.40,rx=+0.45)
  t= 71.9 DWA-F pos=(-4.70,+2.28) yaw=+125.4 d=0.76 goal_err=-33 carrot_err= -28 c0=1.15 clear=0.77 prog=0.28 rel=0.81 bal=-0.48 obs=242 hard=233 obsc=250 yr=  0  nz=0.19 flt=0.00 dmap=+0/-0 shz=4.0 plan=5 cmd=(lx=+0.00,ly=+0.40,rx=+0.00)
  t= 72.3 DWA-F pos=(-4.74,+2.33) yaw=+125.4 d=0.71 goal_err=-36 carrot_err= -30 c0=1.09 clear=0.73 prog=0.31 rel=0.77 bal=-0.36 obs=242 hard=233 obsc=250 yr=  0G nz=0.23 flt=0.00 dmap=+0/-0 shz=4.0 plan=4 cmd=(lx=+0.00,ly=+0.40,rx=+0.45)
  t= 72.8 DWA-F pos=(-4.77,+2.38) yaw=+119.4 d=0.66 goal_err=-33 carrot_err= -27 c0=1.04 clear=0.69 prog=0.35 rel=0.78 bal=-0.36 obs=245 hard=236 obsc=252 yr=  0  nz=0.22 flt=0.04 dmap=+2/-0 shz=4.0 plan=4 cmd=(lx=+0.00,ly=+0.40,rx=+0.00)
  t= 73.2 DWA-F pos=(-4.81,+2.44) yaw=+115.3 d=0.60 goal_err=-33 carrot_err= -26 c0=0.96 clear=0.64 prog=0.40 rel=0.89 bal=-0.36 obs=245 hard=236 obsc=252 yr= 18G nz=0.11 flt=0.02 dmap=+0/-0 shz=4.0 plan=4 cmd=(lx=+0.00,ly=+0.40,rx=+0.00)
  t= 73.6 DWA-F pos=(-4.83,+2.50) yaw=+113.3 d=0.55 goal_err=-34 carrot_err= -27 c0=0.90 clear=0.60 prog=0.40 rel=0.89 bal=-0.35 obs=260 hard=250 obsc=267 yr=  0G nz=0.11 flt=0.03 dmap=+0/-0 shz=3.9 plan=4 cmd=(lx=+0.00,ly=+0.40,rx=+0.45)
  t= 74.1 DWA-F pos=(-4.85,+2.54) yaw=+107.3 d=0.52 goal_err=-30 carrot_err= -23 c0=0.86 clear=0.58 prog=0.38 rel=0.89 bal=-0.35 obs=257 hard=249 obsc=266 yr=  0  nz=0.11 flt=0.00 dmap=+0/-0 shz=4.0 plan=3 cmd=(lx=+0.00,ly=+0.40,rx=+0.00)
  t= 74.5 DWA-F pos=(-4.86,+2.58) yaw=+107.3 d=0.48 goal_err=-33 carrot_err= -26 c0=0.82 clear=0.55 prog=0.36 rel=0.92 bal=-0.34 obs=258 hard=249 obsc=266 yr=  0G nz=0.08 flt=0.00 dmap=+0/-0 shz=4.0 plan=3 cmd=(lx=+0.00,ly=+0.28,rx=+0.45)
  t= 74.9 DWA-T pos=(-4.87,+2.61) yaw=+101.3 d=0.45 goal_err=-29 carrot_err= -21 c0=0.95 clear=0.64 prog=0.30 rel=0.92 bal=-0.34 obs=258 hard=249 obsc=266 yr=  0  nz=0.08 flt=0.19 dmap=+0/-0 shz=4.0 plan=3 cmd=(lx=+0.00,ly=+0.00,rx=+0.00)
  t= 75.4 DWA-T pos=(-4.87,+2.61) yaw=+101.3 d=0.45 goal_err=-29 carrot_err= -21 c0=0.95 clear=0.64 prog=0.21 rel=0.91 bal=-0.34 obs=256 hard=249 obsc=265 yr=  0  nz=0.09 flt=0.01 dmap=+0/-0 shz=3.9 plan=3 cmd=(lx=+0.00,ly=+0.00,rx=+0.00)
  t= 75.8 DWA-T pos=(-4.87,+2.61) yaw=+101.3 d=0.45 goal_err=-29 carrot_err= -21 c0=0.95 clear=0.64 prog=0.13 rel=0.91 bal=-0.34 obs=256 hard=249 obsc=265 yr=  0  nz=0.09 flt=0.01 dmap=+0/-0 shz=3.9 plan=3 cmd=(lx=+0.00,ly=+0.00,rx=+0.00)
  t= 76.2 BRK-BK pos=(-4.87,+2.61) yaw=+101.3 d=0.45 goal_err=-29 carrot_err= -21 c0=0.95 clear=0.64 prog=0.08 rel=0.91 bal=-0.34 obs=256 hard=249 obsc=265 yr=  0  nz=0.09 flt=0.01 dmap=+0/-0 shz=3.9 plan=0 cmd=(lx=+0.00,ly=-0.35,rx=+0.00)
  t= 76.7 BRK-TR pos=(-4.86,+2.56) yaw=+101.3 d=0.50 goal_err=-26 carrot_err= -19 c0=1.00 clear=0.67 prog=0.00 rel=1.00 bal=-0.14 obs=253 hard=246 obsc=261 yr=  0G nz=0.00 flt=0.01 dmap=+0/-0 shz=3.7 plan=0 cmd=(lx=+0.00,ly=+0.00,rx=+0.45)
  t= 77.1 BRK-TR pos=(-4.86,+2.56) yaw= +93.3 d=0.50 goal_err=-18 carrot_err= -11 c0=1.17 clear=0.78 prog=0.00 rel=0.86 bal=-0.15 obs=253 hard=247 obsc=261 yr= 19G nz=0.14 flt=0.04 dmap=+0/-0 shz=3.7 plan=0 cmd=(lx=+0.00,ly=+0.00,rx=+0.45)
  t= 77.5 BRK-TR pos=(-4.86,+2.56) yaw= +85.3 d=0.50 goal_err=-10 carrot_err=  -3 c0=1.14 clear=0.76 prog=0.00 rel=0.87 bal=-0.24 obs=253 hard=247 obsc=261 yr= 18G nz=0.13 flt=0.00 dmap=+0/-0 shz=3.7 plan=0 cmd=(lx=+0.00,ly=+0.00,rx=+0.45)
  t= 77.9 BRK-TR pos=(-4.86,+2.56) yaw= +77.2 d=0.50 goal_err=-2 carrot_err=  +5 c0=1.14 clear=0.76 prog=0.00 rel=0.88 bal=-0.28 obs=253 hard=247 obsc=261 yr= 19G nz=0.12 flt=0.00 dmap=+0/-0 shz=3.7 plan=0 cmd=(lx=+0.00,ly=+0.00,rx=+0.45)
  t= 78.4 BRK-TR pos=(-4.86,+2.56) yaw= +69.2 d=0.50 goal_err=+6 carrot_err= +13 c0=1.07 clear=0.71 prog=0.00 rel=0.93 bal=-0.28 obs=253 hard=247 obsc=261 yr= 18G nz=0.07 flt=0.05 dmap=+0/-0 shz=3.7 plan=0 cmd=(lx=+0.00,ly=+0.00,rx=+0.45)
  t= 78.8 BRK-TR pos=(-4.86,+2.56) yaw= +59.2 d=0.50 goal_err=+16 carrot_err= +23 c0=1.07 clear=0.71 prog=0.00 rel=0.94 bal=-0.18 obs=255 hard=249 obsc=263 yr= 19G nz=0.06 flt=0.00 dmap=+0/-0 shz=3.7 plan=0 cmd=(lx=+0.00,ly=+0.00,rx=+0.45)
  t= 79.2 DWA-F pos=(-4.85,+2.56) yaw= +55.2 d=0.49 goal_err=+20 carrot_err= +28 c0=1.06 clear=0.71 prog=0.01 rel=0.95 bal=-0.18 obs=255 hard=249 obsc=263 yr= 17G nz=0.05 flt=0.08 dmap=+0/-0 shz=3.7 plan=3 cmd=(lx=+0.00,ly=+0.28,rx=-0.45)
  t= 79.7 DWA-T pos=(-4.85,+2.58) yaw= +59.2 d=0.48 goal_err=+17 carrot_err= +25 c0=1.05 clear=0.70 prog=0.03 rel=0.98 bal=-0.18 obs=242 hard=241 obsc=244 yr=  0  nz=0.02 flt=0.01 dmap=+0/-0 shz=3.7 plan=3 cmd=(lx=+0.00,ly=+0.00,rx=+0.00)
  t= 80.1 DWA-T pos=(-4.85,+2.58) yaw= +59.2 d=0.48 goal_err=+17 carrot_err= +25 c0=1.05 clear=0.70 prog=0.03 rel=0.98 bal=-0.18 obs=242 hard=241 obsc=244 yr=  0  nz=0.02 flt=0.01 dmap=+0/-0 shz=3.7 plan=3 cmd=(lx=+0.00,ly=+0.00,rx=+0.00)
  t= 80.5 DWA-T pos=(-4.85,+2.58) yaw= +59.2 d=0.48 goal_err=+17 carrot_err= +25 c0=1.05 clear=0.70 prog=0.03 rel=0.98 bal=-0.18 obs=242 hard=241 obsc=244 yr=  0  nz=0.02 flt=0.01 dmap=+0/-0 shz=3.7 plan=3 cmd=(lx=+0.00,ly=+0.00,rx=+0.00)
  t= 81.0 BRK-BK pos=(-4.85,+2.57) yaw= +59.2 d=0.49 goal_err=+16 carrot_err= +24 c0=1.06 clear=0.71 prog=0.01 rel=0.98 bal=-0.18 obs=242 hard=241 obsc=244 yr=  0  nz=0.02 flt=0.01 dmap=+0/-0 shz=3.7 plan=0 cmd=(lx=+0.00,ly=-0.35,rx=+0.00)
  t= 81.4 BRK-TR pos=(-4.88,+2.52) yaw= +59.2 d=0.54 goal_err=+15 carrot_err= +22 c0=1.11 clear=0.74 prog=0.00 rel=0.98 bal=-0.18 obs=241 hard=239 obsc=243 yr=  0G nz=0.02 flt=0.05 dmap=+0/-0 shz=3.4 plan=0 cmd=(lx=+0.00,ly=+0.00,rx=+0.45)
  t= 81.8 BRK-TR pos=(-4.88,+2.52) yaw= +49.2 d=0.54 goal_err=+25 carrot_err= +32 c0=1.11 clear=0.74 prog=0.00 rel=0.97 bal=-0.11 obs=241 hard=239 obsc=243 yr= 37G nz=0.03 flt=0.23 dmap=+0/-0 shz=3.4 plan=0 cmd=(lx=+0.00,ly=+0.00,rx=+0.45)
  t= 82.3 BRK-TR pos=(-4.88,+2.52) yaw= +41.1 d=0.54 goal_err=+33 carrot_err= +40 c0=1.11 clear=0.74 prog=0.00 rel=0.97 bal=-0.06 obs=241 hard=241 obsc=243 yr= 19G nz=0.03 flt=0.17 dmap=+0/-0 shz=3.4 plan=0 cmd=(lx=+0.00,ly=+0.00,rx=+0.45)
  t= 82.7 BRK-TR pos=(-4.88,+2.52) yaw= +33.1 d=0.54 goal_err=+41 carrot_err= +48 c0=1.11 clear=0.74 prog=0.00 rel=0.98 bal=-0.06 obs=241 hard=241 obsc=243 yr= 19G nz=0.02 flt=0.00 dmap=+0/-0 shz=3.4 plan=0 cmd=(lx=+0.00,ly=+0.00,rx=+0.45)
  t= 83.1 BRK-TR pos=(-4.88,+2.52) yaw= +25.1 d=0.54 goal_err=+49 carrot_err= +56 c0=1.24 clear=0.83 prog=0.00 rel=0.99 bal=+0.07 obs=241 hard=241 obsc=243 yr= 18G nz=0.01 flt=0.18 dmap=+0/-0 shz=3.4 plan=0 cmd=(lx=+0.00,ly=+0.00,rx=+0.45)
  t= 83.6 BRK-TR pos=(-4.88,+2.52) yaw= +17.1 d=0.54 goal_err=+57 carrot_err= +64 c0=1.28 clear=0.85 prog=0.00 rel=0.90 bal=+0.06 obs=241 hard=241 obsc=243 yr= 19G nz=0.10 flt=0.00 dmap=+0/-0 shz=3.4 plan=0 cmd=(lx=+0.00,ly=+0.00,rx=+0.45)
  t= 84.0 DWA-F pos=(-4.87,+2.52) yaw= +13.1 d=0.54 goal_err=+62 carrot_err= +68 c0=1.27 clear=0.85 prog=0.01 rel=0.88 bal=+0.06 obs=241 hard=241 obsc=243 yr= 15G nz=0.12 flt=0.05 dmap=+0/-0 shz=3.4 plan=3 cmd=(lx=+0.00,ly=+0.28,rx=-0.45)
  t= 84.5 DWA-F pos=(-4.84,+2.53) yaw= +21.1 d=0.52 goal_err=+56 carrot_err= +64 c0=1.21 clear=0.81 prog=0.03 rel=0.96 bal=+0.11 obs=241 hard=241 obsc=243 yr= 18G nz=0.04 flt=0.03 dmap=+0/-0 shz=3.4 plan=3 cmd=(lx=+0.00,ly=+0.28,rx=-0.45)
  t= 84.9 DWA-F pos=(-4.81,+2.55) yaw= +31.1 d=0.50 goal_err=+49 carrot_err= +57 c0=1.05 clear=0.70 prog=0.06 rel=0.85 bal=-0.03 obs=242 hard=242 obsc=244 yr= 18G nz=0.06 flt=0.06 dmap=+1/-0 shz=3.4 plan=3 cmd=(lx=+0.00,ly=+0.28,rx=-0.45)
  t= 85.4 DWA-F pos=(-4.79,+2.56) yaw= +39.1 d=0.48 goal_err=+44 carrot_err= +52 c0=1.02 clear=0.68 prog=0.09 rel=0.82 bal=-0.02 obs=243 hard=243 obsc=245 yr= 18G nz=0.17 flt=0.05 dmap=+0/-0 shz=3.4 plan=3 cmd=(lx=+0.00,ly=+0.28,rx=-0.45)
  t= 85.8 DWA-F pos=(-4.77,+2.58) yaw= +47.2 d=0.46 goal_err=+38 carrot_err= +47 c0=1.00 clear=0.67 prog=0.13 rel=0.78 bal=-0.02 obs=243 hard=243 obsc=245 yr= 19G nz=0.17 flt=0.25 dmap=+0/-0 shz=3.4 plan=3 cmd=(lx=+0.00,ly=+0.28,rx=-0.45)
  t= 86.2 DWA-F pos=(-4.75,+2.60) yaw= +55.2 d=0.44 goal_err=+32 carrot_err= +42 c0=0.97 clear=0.65 prog=0.15 rel=0.93 bal=+0.02 obs=247 hard=247 obsc=249 yr= 18G nz=0.07 flt=0.11 dmap=+1/-0 shz=3.4 plan=3 cmd=(lx=+0.00,ly=+0.28,rx=-0.45)

  >>> MODO AGRESIVO ON (12s sin acercarse a B): reduzco inflado y holgura (min seguridad 0.24m) para cruzar la puerta.
  t= 86.6 AGR-DWA-F pos=(-4.73,+2.63) yaw= +65.2 d=0.41 goal_err=+24 carrot_err= +35 c0=0.93 clear=0.62 prog=0.17 rel=0.86 bal=-0.06 obs=247 hard=247 obsc=249 yr= 19G nz=0.08 flt=0.06 dmap=+0/-0 shz=3.4 plan=3 cmd=(lx=+0.00,ly=+0.28,rx=-0.45)
  t= 87.1 AGR-DWA-T pos=(-4.72,+2.66) yaw= +71.2 d=0.38 goal_err=+20 carrot_err= +31 c0=0.91 clear=0.61 prog=0.18 rel=0.89 bal=-0.17 obs=237 hard=226 obsc=239 yr=  0  nz=0.06 flt=0.12 dmap=+1/-12 shz=3.4 plan=3 cmd=(lx=+0.00,ly=+0.00,rx=+0.00)
  t= 87.5 AGR-DWA-T pos=(-4.72,+2.66) yaw= +71.2 d=0.38 goal_err=+20 carrot_err= +31 c0=0.91 clear=0.61 prog=0.15 rel=0.93 bal=-0.17 obs=237 hard=226 obsc=239 yr=  0  nz=0.07 flt=0.12 dmap=+0/-0 shz=3.4 plan=3 cmd=(lx=+0.00,ly=+0.00,rx=+0.00)
  t= 87.9 AGR-DWA-T pos=(-4.72,+2.66) yaw= +71.2 d=0.38 goal_err=+20 carrot_err= +31 c0=0.91 clear=0.61 prog=0.11 rel=0.93 bal=-0.17 obs=237 hard=226 obsc=239 yr=  0  nz=0.07 flt=0.12 dmap=+0/-0 shz=3.4 plan=3 cmd=(lx=+0.00,ly=+0.00,rx=+0.00)
  t= 88.4 AGR-BRK-BK pos=(-4.72,+2.66) yaw= +71.2 d=0.38 goal_err=+20 carrot_err= +31 c0=0.91 clear=0.61 prog=0.06 rel=0.93 bal=-0.17 obs=237 hard=226 obsc=239 yr=  0  nz=0.07 flt=0.12 dmap=+0/-0 shz=3.4 plan=0 cmd=(lx=+0.00,ly=-0.35,rx=+0.00)
  t= 88.8 AGR-BRK-TR pos=(-4.74,+2.61) yaw= +71.2 d=0.43 goal_err=+18 carrot_err= +28 c0=0.96 clear=0.64 prog=0.00 rel=1.00 bal=-0.05 obs=234 hard=228 obsc=235 yr=  0G nz=0.00 flt=0.00 dmap=+0/-0 shz=3.2 plan=0 cmd=(lx=+0.00,ly=+0.00,rx=+0.45)
  t= 89.2 AGR-BRK-TR pos=(-4.74,+2.61) yaw= +63.2 d=0.43 goal_err=+26 carrot_err= +36 c0=0.96 clear=0.64 prog=0.00 rel=0.97 bal=-0.05 obs=235 hard=229 obsc=236 yr= 20G nz=0.03 flt=0.15 dmap=+0/-0 shz=3.2 plan=0 cmd=(lx=+0.00,ly=+0.00,rx=+0.45)
  t= 89.7 AGR-BRK-TR pos=(-4.74,+2.61) yaw= +55.2 d=0.43 goal_err=+34 carrot_err= +44 c0=0.96 clear=0.64 prog=0.00 rel=0.97 bal=+0.03 obs=235 hard=229 obsc=236 yr= 19G nz=0.03 flt=0.00 dmap=+0/-0 shz=3.2 plan=0 cmd=(lx=+0.00,ly=+0.00,rx=+0.45)
  t= 90.1 AGR-BRK-TR pos=(-4.74,+2.61) yaw= +47.2 d=0.43 goal_err=+42 carrot_err= +52 c0=0.96 clear=0.64 prog=0.00 rel=0.98 bal=+0.05 obs=235 hard=229 obsc=236 yr= 19G nz=0.02 flt=0.00 dmap=+0/-0 shz=3.2 plan=0 cmd=(lx=+0.00,ly=+0.00,rx=+0.45)
  t= 90.5 AGR-BRK-TR pos=(-4.74,+2.61) yaw= +39.1 d=0.43 goal_err=+50 carrot_err= +60 c0=0.96 clear=0.64 prog=0.00 rel=0.99 bal=+0.05 obs=236 hard=232 obsc=237 yr= 19G nz=0.01 flt=0.00 dmap=+0/-0 shz=3.2 plan=0 cmd=(lx=+0.00,ly=+0.00,rx=+0.45)
  t= 90.9 AGR-BRK-TR pos=(-4.74,+2.61) yaw= +33.1 d=0.43 goal_err=+56 carrot_err= +66 c0=0.96 clear=0.64 prog=0.00 rel=0.99 bal=+0.11 obs=236 hard=232 obsc=237 yr= 19G nz=0.01 flt=0.00 dmap=+0/-0 shz=3.2 plan=0 cmd=(lx=+0.00,ly=+0.00,rx=+0.45)
  t= 91.4 AGR-DWA-F pos=(-4.73,+2.61) yaw= +29.1 d=0.43 goal_err=+61 carrot_err= +71 c0=1.08 clear=0.72 prog=0.01 rel=0.93 bal=+0.10 obs=236 hard=232 obsc=237 yr= 19G nz=0.07 flt=0.00 dmap=+0/-0 shz=3.2 plan=3 cmd=(lx=+0.00,ly=+0.28,rx=-0.45)
  t= 91.8 AGR-DWA-F pos=(-4.70,+2.63) yaw= +39.1 d=0.41 goal_err=+55 carrot_err= +65 c0=0.92 clear=0.61 prog=0.04 rel=0.90 bal=+0.06 obs=236 hard=232 obsc=237 yr= 36G nz=0.10 flt=0.02 dmap=+0/-0 shz=3.2 plan=3 cmd=(lx=+0.00,ly=+0.28,rx=-0.45)
  t= 92.2 AGR-DWA-F pos=(-4.68,+2.65) yaw= +47.2 d=0.39 goal_err=+50 carrot_err= +61 c0=0.89 clear=0.59 prog=0.07 rel=0.84 bal=+0.06 obs=236 hard=232 obsc=237 yr= 18G nz=0.12 flt=0.02 dmap=+0/-0 shz=3.2 plan=3 cmd=(lx=+0.00,ly=+0.28,rx=-0.45)
  t= 92.7 AGR-DWA-F pos=(-4.66,+2.67) yaw= +55.2 d=0.38 goal_err=+45 carrot_err= +57 c0=0.86 clear=0.58 prog=0.10 rel=0.86 bal=-0.00 obs=236 hard=232 obsc=237 yr= 18G nz=0.14 flt=0.01 dmap=+0/-0 shz=3.2 plan=3 cmd=(lx=+0.00,ly=+0.28,rx=-0.45)
  t= 93.1 AGR-DWA-F pos=(-4.65,+2.69) yaw= +63.2 d=0.35 goal_err=+40 carrot_err= +53 c0=0.84 clear=0.56 prog=0.13 rel=0.89 bal=-0.00 obs=237 hard=233 obsc=238 yr= 18G nz=0.07 flt=0.25 dmap=+0/-0 shz=3.2 plan=3 cmd=(lx=+0.00,ly=+0.28,rx=-0.45)

  LLEGADO a 'B' (-4.73,+3.04); error=0.35 m, colisiones=0.
  [spill] derrames=0 E[N]=0.23 eta_max=1.30 riesgo=1.8%
  [dataset] travesia guardada -> /Users/adrianlendinezibanez/Claude/Projects/G1 ROBOT/dataset/20260730_121214_ours_B.json
  [stats] fila anadida -> /Users/adrianlendinezibanez/Claude/Projects/G1 ROBOT/dataset/runs_stats.csv

Fin goto.
  [META2-L2] estado guardado (meta2_state_abctrl.json): Pl={'Efficient_Nav': 1.0, 'Cautious_Nav': 0.96} derrames_run=0
