=== ROTADO 2026-08-20 20:12:26 -> archive/goto_hasta_20260820_201225.log.gz ===

=== GOTO 2026-08-20 20:12:26 ===

=== RUN ours 'B' -> (-4.73,+3.04)  2026-08-20 20:12:26 env=sim/lab_v1 ===
FRAME-CHECK start=(+0.99,+0.25) wp_mas_cercano=A(+0.99,+0.57) offset=0.32m
NO-VISION override G1_NOVIS=1 (G1_PERC sin definir)
GLOBALMAP src=static walls=961 static=0 soft=9.0/4.0
[VIS] perc_n=0 age=- free_c=- vismap=0/0 color=- carpet=- cnear=- crmin=- door=- dets=[-]
t=  0.0 DWA-T pos=(+0.99,+0.25) yaw= +40.9 d=6.36 goal_err=+113 carrot_err=+143 c0=2.34 clear=1.00 prog=0.00 rel=1.00 bal=-0.26 obs=110 hard=110 obsc=110 yr=  0  nz=0.00 flt=0.40 dmap=+110/-0 shz=0.0 plan=34 cmd=(lx=+0.00,ly=+0.00,rx=-0.45)
  TURN-CAL rx=-0.45 esperado=+46deg/s medido=+0deg/s OK
t=  0.1 DWA-T pos=(+0.99,+0.25) yaw= +40.9 d=6.36 goal_err=+113 carrot_err=+143 c0=2.34 clear=1.00 prog=0.00 rel=0.99 bal=-0.26 obs=113 hard=113 obsc=113 yr=  0G nz=0.00 flt=0.08 dmap=+3/-0 shz=9.5 plan=34 cmd=(lx=+0.00,ly=+0.00,rx=-0.45)
  TURN-CAL rx=-0.45 esperado=+46deg/s medido=+39deg/s OK
t=  0.2 DWA-T pos=(+0.99,+0.25) yaw= +44.9 d=6.36 goal_err=+109 carrot_err=+139 c0=2.42 clear=1.00 prog=0.00 rel=0.98 bal=-0.37 obs=113 hard=113 obsc=113 yr= 39G nz=0.02 flt=0.08 dmap=+0/-0 shz=9.5 plan=34 cmd=(lx=+0.00,ly=+0.00,rx=-0.45)
  TURN-CAL rx=-0.45 esperado=+46deg/s medido=+40deg/s OK
t=  0.3 DWA-T pos=(+0.99,+0.25) yaw= +48.9 d=6.36 goal_err=+105 carrot_err=+135 c0=2.42 clear=1.00 prog=0.00 rel=0.98 bal=-0.37 obs=113 hard=113 obsc=113 yr= 40G nz=0.02 flt=0.19 dmap=+0/-0 shz=6.5 plan=34 cmd=(lx=+0.00,ly=+0.00,rx=-0.45)
  TURN-CAL rx=-0.45 esperado=+46deg/s medido=+39deg/s OK
t=  0.4 DWA-T pos=(+0.99,+0.25) yaw= +52.9 d=6.36 goal_err=+101 carrot_err=+131 c0=2.42 clear=1.00 prog=0.00 rel=0.88 bal=-0.37 obs=113 hard=113 obsc=113 yr= 39G nz=0.09 flt=0.19 dmap=+0/-0 shz=6.5 plan=34 cmd=(lx=+0.00,ly=+0.00,rx=-0.45)
  TURN-CAL rx=-0.45 esperado=+46deg/s medido=+40deg/s OK
t=  0.5 DWA-T pos=(+0.99,+0.25) yaw= +56.9 d=6.36 goal_err=+97 carrot_err=+127 c0=2.42 clear=1.00 prog=0.00 rel=0.88 bal=-0.37 obs=113 hard=113 obsc=113 yr= 40G nz=0.09 flt=0.19 dmap=+0/-0 shz=6.5 plan=34 cmd=(lx=+0.00,ly=+0.00,rx=-0.45)
  TURN-CAL rx=-0.45 esperado=+46deg/s medido=+40deg/s OK
t=  0.6 DWA-T pos=(+0.99,+0.25) yaw= +60.9 d=6.36 goal_err=+93 carrot_err=+123 c0=2.46 clear=1.00 prog=0.00 rel=0.88 bal=-0.44 obs=115 hard=115 obsc=115 yr= 40G nz=0.09 flt=0.05 dmap=+2/-0 shz=4.9 plan=34 cmd=(lx=+0.00,ly=+0.00,rx=-0.45)
  TURN-CAL rx=-0.45 esperado=+46deg/s medido=+39deg/s OK
t=  0.7 DWA-T pos=(+0.99,+0.25) yaw= +64.9 d=6.36 goal_err=+89 carrot_err=+119 c0=2.46 clear=1.00 prog=0.00 rel=0.88 bal=-0.44 obs=115 hard=115 obsc=115 yr= 39G nz=0.11 flt=0.05 dmap=+0/-0 shz=4.9 plan=34 cmd=(lx=+0.00,ly=+0.00,rx=-0.45)
  TURN-CAL rx=-0.45 esperado=+46deg/s medido=+40deg/s OK
t=  0.8 DWA-T pos=(+0.99,+0.25) yaw= +69.0 d=6.36 goal_err=+85 carrot_err=+115 c0=2.46 clear=1.00 prog=0.00 rel=0.88 bal=-0.44 obs=115 hard=115 obsc=115 yr= 40G nz=0.11 flt=0.05 dmap=+0/-0 shz=4.9 plan=34 cmd=(lx=+0.00,ly=+0.00,rx=-0.45)
  TURN-CAL rx=-0.45 esperado=+46deg/s medido=+39deg/s OK
t=  0.9 DWA-T pos=(+0.99,+0.25) yaw= +73.0 d=6.36 goal_err=+81 carrot_err=+111 c0=1.36 clear=0.91 prog=0.00 rel=0.86 bal=-0.44 obs=115 hard=115 obsc=115 yr= 39G nz=0.12 flt=0.05 dmap=+0/-0 shz=4.9 plan=34 cmd=(lx=+0.00,ly=+0.00,rx=-0.45)
[VIS] perc_n=0 age=- free_c=- vismap=0/0 color=- carpet=- cnear=- crmin=- door=- dets=[-]
  TURN-CAL rx=-0.45 esperado=+46deg/s medido=+40deg/s OK
t=  1.0 DWA-F pos=(+0.99,+0.25) yaw= +77.0 d=6.36 goal_err=+77 carrot_err=+107 c0=1.16 clear=0.77 prog=0.00 rel=0.86 bal=-0.44 obs=115 hard=115 obsc=115 yr= 40G nz=0.12 flt=0.18 dmap=+0/-0 shz=4.9 plan=34 cmd=(lx=+0.00,ly=+0.40,rx=-0.45)
t=  1.1 DWA-F pos=(+0.99,+0.25) yaw= +81.0 d=6.36 goal_err=+73 carrot_err=+103 c0=1.16 clear=0.77 prog=0.00 rel=0.27 bal=-0.44 obs=115 hard=115 obsc=115 yr= 39G nz=0.73 flt=0.18 dmap=+0/-0 shz=4.9 plan=34 cmd=(lx=+0.00,ly=+0.40,rx=-0.45)
t=  1.2 DWA-F pos=(+0.98,+0.29) yaw= +85.5 d=6.34 goal_err=+69 carrot_err=+101 c0=1.13 clear=0.75 prog=0.07 rel=0.27 bal=-0.39 obs=116 hard=116 obsc=116 yr= 45G nz=0.73 flt=0.18 dmap=+1/-0 shz=4.9 plan=34 cmd=(lx=+0.00,ly=+0.40,rx=-0.45)
t=  1.3 DWA-F pos=(+0.99,+0.32) yaw= +89.3 d=6.33 goal_err=+65 carrot_err= +99 c0=1.10 clear=0.73 prog=0.07 rel=0.27 bal=-0.40 obs=116 hard=116 obsc=116 yr= 37G nz=0.73 flt=0.13 dmap=+0/-0 shz=4.5 plan=34 cmd=(lx=+0.00,ly=+0.40,rx=-0.45)
t=  1.4 DWA-F pos=(+1.00,+0.35) yaw= +92.9 d=6.33 goal_err=+62 carrot_err= +97 c0=1.07 clear=0.71 prog=0.07 rel=0.10 bal=-0.41 obs=117 hard=117 obsc=117 yr= 35G nz=0.89 flt=0.13 dmap=+1/-0 shz=4.5 plan=34 cmd=(lx=+0.00,ly=+0.40,rx=-0.45)
t=  1.5 DWA-F pos=(+1.01,+0.38) yaw= +96.5 d=6.32 goal_err=+59 carrot_err= +82 c0=0.92 clear=0.61 prog=0.08 rel=0.10 bal=-0.42 obs=119 hard=119 obsc=119 yr= 36G nz=0.89 flt=0.31 dmap=+2/-0 shz=4.6 plan=34 cmd=(lx=+0.00,ly=+0.40,rx=-0.45)
META-SM: NORMAL -> BLIND (trust=1.00 contra=0 iface=1.00 near=0.92) t=2s
t=  1.6 DOOR-AL pos=(+1.01,+0.41) yaw=+100.2 d=6.31 goal_err=+55 carrot_err= +81 c0=0.72 clear=0.48 prog=0.09 rel=0.00 bal=-0.43 obs=119 hard=119 obsc=119 yr= 36G nz=1.00 flt=0.31 dmap=+0/-0 shz=4.6 plan=34 cmd=(lx=+0.00,ly=+0.00,rx=-0.45)
  TURN-CAL rx=-0.45 esperado=+46deg/s medido=+38deg/s OK
t=  1.7 DOOR-AL pos=(+1.01,+0.43) yaw=+104.1 d=6.30 goal_err=+51 carrot_err= +78 c0=0.70 clear=0.47 prog=0.11 rel=0.00 bal=-0.41 obs=119 hard=119 obsc=119 yr= 38G nz=1.00 flt=0.31 dmap=+0/-0 shz=4.6 plan=34 cmd=(lx=+0.00,ly=+0.00,rx=-0.45)
  TURN-CAL rx=-0.45 esperado=+46deg/s medido=+40deg/s OK
t=  1.8 DOOR-AL pos=(+1.01,+0.43) yaw=+108.2 d=6.30 goal_err=+47 carrot_err= +74 c0=0.70 clear=0.47 prog=0.10 rel=0.00 bal=-0.58 obs=123 hard=123 obsc=123 yr= 40G nz=1.00 flt=0.22 dmap=+4/-0 shz=4.4 plan=34 cmd=(lx=+0.00,ly=+0.00,rx=-0.45)
  TURN-CAL rx=-0.45 esperado=+46deg/s medido=+41deg/s OK
t=  2.0 DOOR-AL pos=(+1.00,+0.43) yaw=+112.4 d=6.30 goal_err=+43 carrot_err= +70 c0=0.70 clear=0.46 prog=0.11 rel=0.00 bal=-0.58 obs=123 hard=123 obsc=123 yr= 41G nz=1.00 flt=0.22 dmap=+0/-0 shz=4.4 plan=34 cmd=(lx=+0.00,ly=+0.00,rx=-0.45)
[VIS] perc_n=0 age=- free_c=- vismap=0/0 color=- carpet=- cnear=- crmin=- door=- dets=[-]
  TURN-CAL rx=-0.45 esperado=+46deg/s medido=+43deg/s OK
t=  2.1 DOOR-AL pos=(+0.99,+0.43) yaw=+116.7 d=6.29 goal_err=+39 carrot_err= +65 c0=0.60 clear=0.40 prog=0.12 rel=0.00 bal=-0.59 obs=125 hard=125 obsc=125 yr= 43G nz=1.00 flt=0.22 dmap=+2/-0 shz=4.4 plan=34 cmd=(lx=+0.00,ly=+0.00,rx=-0.45)
  TURN-CAL rx=-0.45 esperado=+46deg/s medido=+43deg/s OK
t=  2.2 DOOR-AL pos=(+0.98,+0.42) yaw=+121.1 d=6.28 goal_err=+34 carrot_err= +60 c0=0.61 clear=0.40 prog=0.13 rel=0.00 bal=-0.59 obs=125 hard=125 obsc=125 yr= 43G nz=1.00 flt=0.22 dmap=+0/-0 shz=4.4 plan=34 cmd=(lx=+0.00,ly=+0.00,rx=-0.45)
  TURN-CAL rx=-0.45 esperado=+46deg/s medido=+43deg/s OK
t=  2.3 DOOR-AL pos=(+0.97,+0.42) yaw=+125.5 d=6.28 goal_err=+30 carrot_err= +56 c0=0.61 clear=0.41 prog=0.14 rel=0.00 bal=-0.12 obs=125 hard=125 obsc=125 yr= 43G nz=1.00 flt=0.22 dmap=+0/-0 shz=4.4 plan=34 cmd=(lx=+0.00,ly=+0.00,rx=-0.45)
  TURN-CAL rx=-0.45 esperado=+46deg/s medido=+42deg/s OK
t=  2.4 DOOR-AL pos=(+0.97,+0.41) yaw=+129.8 d=6.28 goal_err=+25 carrot_err= +51 c0=0.61 clear=0.41 prog=0.14 rel=0.00 bal=+0.13 obs=126 hard=126 obsc=126 yr= 42G nz=1.00 flt=0.15 dmap=+1/-0 shz=4.3 plan=34 cmd=(lx=+0.00,ly=+0.00,rx=-0.45)
  TURN-CAL rx=-0.45 esperado=+46deg/s medido=+32deg/s OK
t=  2.5 DOOR-AL pos=(+0.98,+0.42) yaw=+133.0 d=6.29 goal_err=+22 carrot_err= +49 c0=0.69 clear=0.46 prog=0.13 rel=0.53 bal=+0.15 obs=126 hard=126 obsc=126 yr= 32G nz=0.46 flt=0.15 dmap=+0/-0 shz=4.3 plan=34 cmd=(lx=+0.00,ly=+0.00,rx=-0.45)
  TURN-CAL rx=-0.45 esperado=+46deg/s medido=+40deg/s OK
t=  2.6 DOOR-AL pos=(+0.98,+0.42) yaw=+137.0 d=6.29 goal_err=+18 carrot_err= +45 c0=0.69 clear=0.46 prog=0.13 rel=0.53 bal=+0.48 obs=126 hard=126 obsc=126 yr= 40G nz=0.46 flt=0.06 dmap=+0/-0 shz=4.3 plan=34 cmd=(lx=+0.00,ly=+0.00,rx=-0.45)
  TURN-CAL rx=-0.45 esperado=+46deg/s medido=+39deg/s OK
t=  2.7 DOOR-AL pos=(+0.98,+0.42) yaw=+141.1 d=6.29 goal_err=+14 carrot_err= +41 c0=0.61 clear=0.41 prog=0.13 rel=0.60 bal=+0.48 obs=126 hard=126 obsc=126 yr= 39G nz=0.40 flt=0.06 dmap=+0/-0 shz=4.3 plan=34 cmd=(lx=+0.00,ly=+0.00,rx=-0.45)
  TURN-CAL rx=-0.45 esperado=+46deg/s medido=+40deg/s OK
t=  2.8 DOOR-AL pos=(+0.98,+0.42) yaw=+145.1 d=6.29 goal_err=+10 carrot_err= +37 c0=0.61 clear=0.41 prog=0.13 rel=0.60 bal=+0.60 obs=126 hard=126 obsc=126 yr= 40G nz=0.40 flt=0.06 dmap=+0/-0 shz=4.3 plan=34 cmd=(lx=+0.00,ly=+0.00,rx=-0.45)
  TURN-CAL rx=-0.45 esperado=+46deg/s medido=+40deg/s OK
t=  2.9 DOOR-AL. pos=(+0.98,+0.42) yaw=+149.1 d=6.29 goal_err=+6 carrot_err= +33 c0=0.61 clear=0.41 prog=0.13 rel=0.60 bal=+0.60 obs=126 hard=126 obsc=126 yr= 40G nz=0.40 flt=0.07 dmap=+0/-0 shz=4.2 plan=34 cmd=(lx=+0.00,ly=+0.00,rx=+0.00)
t=  3.0 DOOR-AL. pos=(+0.98,+0.42) yaw=+153.1 d=6.29 goal_err=+2 carrot_err= +29 c0=0.61 clear=0.41 prog=0.13 rel=0.70 bal=+0.60 obs=126 hard=126 obsc=126 yr= 39  nz=0.30 flt=0.07 dmap=+0/-0 shz=4.2 plan=34 cmd=(lx=+0.00,ly=+0.00,rx=+0.00)
[VIS] perc_n=0 age=- free_c=- vismap=0/0 color=- carpet=- cnear=- crmin=- door=- dets=[-]
t=  3.1 DOOR-CTR pos=(+0.98,+0.42) yaw=+155.1 d=6.29 goal_err=+0 carrot_err= +27 c0=0.61 clear=0.41 prog=0.13 rel=0.70 bal=+0.60 obs=162 hard=150 obsc=206 yr= 20  nz=0.30 flt=0.07 dmap=+36/-0 shz=4.3 plan=34 cmd=(lx=-0.34,ly=+0.00,rx=+0.00)
  STRAFE-CAL lx=-0.34 medido=+3.7cm/tick IZQ
t=  3.2 DOOR-CTR pos=(+0.97,+0.39) yaw=+156.0 d=6.29 goal_err=-1 carrot_err= +23 c0=0.61 clear=0.41 prog=0.09 rel=0.81 bal=+0.58 obs=162 hard=150 obsc=206 yr=  8  nz=0.19 flt=0.07 dmap=+0/-0 shz=4.3 plan=34 cmd=(lx=-0.34,ly=+0.00,rx=+0.00)
  STRAFE-CAL lx=-0.34 medido=+2.4cm/tick IZQ
t=  3.3 DOOR-CTR pos=(+0.96,+0.37) yaw=+155.9 d=6.28 goal_err=-1 carrot_err= +22 c0=0.60 clear=0.40 prog=0.08 rel=0.81 bal=+0.57 obs=162 hard=150 obsc=206 yr=  0  nz=0.19 flt=0.07 dmap=+0/-0 shz=4.3 plan=34 cmd=(lx=-0.34,ly=+0.00,rx=+0.00)
  STRAFE-CAL lx=-0.34 medido=+1.6cm/tick IZQ
t=  3.4 DOOR-CTR pos=(+0.95,+0.35) yaw=+155.7 d=6.29 goal_err=-1 carrot_err= +21 c0=0.60 clear=0.40 prog=0.08 rel=0.81 bal=+0.56 obs=199 hard=164 obsc=224 yr=  2  nz=0.19 flt=0.09 dmap=+37/-0 shz=4.2 plan=34 cmd=(lx=-0.34,ly=+0.00,rx=+0.00)
  STRAFE-CAL lx=-0.34 medido=+1.4cm/tick IZQ
t=  3.5 DOOR-CTR pos=(+0.95,+0.34) yaw=+155.3 d=6.29 goal_err=-1 carrot_err= +20 c0=0.60 clear=0.40 prog=0.07 rel=0.84 bal=+0.55 obs=199 hard=164 obsc=224 yr=  3  nz=0.16 flt=0.09 dmap=+0/-0 shz=4.2 plan=34 cmd=(lx=-0.34,ly=+0.00,rx=+0.00)
  STRAFE-CAL lx=-0.34 medido=+1.5cm/tick IZQ
t=  3.6 DOOR-AL. pos=(+0.94,+0.33) yaw=+154.9 d=6.29 goal_err=-1 carrot_err= +19 c0=0.61 clear=0.40 prog=0.05 rel=0.84 bal=+0.54 obs=215 hard=171 obsc=236 yr=  4  nz=0.16 flt=0.06 dmap=+18/-2 shz=4.2 plan=34 cmd=(lx=+0.00,ly=+0.00,rx=+0.00)
t=  3.7 DOOR-AL pos=(+0.94,+0.33) yaw=+154.6 d=6.29 goal_err=-0 carrot_err= +20 c0=0.61 clear=0.40 prog=0.03 rel=0.92 bal=+0.54 obs=215 hard=171 obsc=236 yr=  4  nz=0.07 flt=0.06 dmap=+0/-0 shz=4.2 plan=34 cmd=(lx=+0.00,ly=+0.00,rx=-0.45)
  TURN-CAL rx=-0.45 esperado=+46deg/s medido=+17deg/s OK
t=  3.8 DOOR-CTR pos=(+0.94,+0.33) yaw=+156.3 d=6.28 goal_err=-2 carrot_err= +19 c0=0.60 clear=0.40 prog=0.03 rel=0.92 bal=+0.55 obs=215 hard=171 obsc=236 yr= 17G nz=0.07 flt=0.06 dmap=+0/-0 shz=4.2 plan=34 cmd=(lx=-0.34,ly=+0.00,rx=+0.00)
t=  3.9 DOOR-CTR pos=(+0.94,+0.33) yaw=+158.2 d=6.28 goal_err=-4 carrot_err= +16 c0=0.60 clear=0.40 prog=0.02 rel=0.92 bal=+0.54 obs=237 hard=186 obsc=257 yr= 18  nz=0.07 flt=0.13 dmap=+23/-1 shz=4.1 plan=34 cmd=(lx=-0.34,ly=+0.00,rx=+0.00)
  STRAFE-CAL lx=-0.34 medido=+2.4cm/tick IZQ
t=  4.0 DOOR-CTR pos=(+0.93,+0.31) yaw=+158.2 d=6.29 goal_err=-4 carrot_err= +14 c0=0.61 clear=0.40 prog=0.01 rel=0.92 bal=+0.53 obs=237 hard=186 obsc=257 yr=  0  nz=0.07 flt=0.13 dmap=+0/-0 shz=4.1 plan=34 cmd=(lx=-0.34,ly=+0.00,rx=+0.00)
[VIS] perc_n=0 age=- free_c=- vismap=0/0 color=- carpet=- cnear=- crmin=- door=- dets=[-]
  STRAFE-CAL lx=-0.34 medido=+3.0cm/tick IZQ
t=  4.1 DOOR-CTR pos=(+0.92,+0.28) yaw=+158.4 d=6.29 goal_err=-4 carrot_err= +12 c0=0.74 clear=0.49 prog=0.00 rel=0.92 bal=+0.35 obs=227 hard=190 obsc=260 yr=  2  nz=0.07 flt=0.06 dmap=+9/-19 shz=4.2 plan=34 cmd=(lx=-0.34,ly=+0.00,rx=+0.00)
  STRAFE-CAL lx=-0.34 medido=+3.0cm/tick IZQ
t=  4.2 DWA-F pos=(+0.91,+0.25) yaw=+158.7 d=6.29 goal_err=-5 carrot_err=  +9 c0=1.16 clear=0.78 prog=0.00 rel=0.90 bal=+0.33 obs=227 hard=190 obsc=260 yr=  3  nz=0.10 flt=0.06 dmap=+0/-0 shz=4.2 plan=34 cmd=(lx=+0.00,ly=+0.40,rx=+0.00)
META-SM: BLIND -> NORMAL (trust=1.00 contra=0 iface=1.00 near=1.16) t=4s
t=  4.3 DWA-F pos=(+0.89,+0.23) yaw=+159.1 d=6.28 goal_err=-6 carrot_err= +10 c0=1.15 clear=0.77 prog=0.00 rel=0.90 bal=+0.39 obs=236 hard=202 obsc=248 yr=  4  nz=0.10 flt=0.05 dmap=+9/-0 shz=4.2 plan=34 cmd=(lx=+0.00,ly=+0.40,rx=+0.00)
t=  4.4 DWA-F pos=(+0.86,+0.23) yaw=+159.4 d=6.25 goal_err=-6 carrot_err= +10 c0=1.12 clear=0.75 prog=0.06 rel=0.69 bal=+0.41 obs=236 hard=202 obsc=248 yr=  3  nz=0.30 flt=0.05 dmap=+0/-0 shz=4.2 plan=34 cmd=(lx=+0.00,ly=+0.40,rx=+0.00)
t=  4.5 DWA-F pos=(+0.82,+0.24) yaw=+159.7 d=6.22 goal_err=-6 carrot_err=  +9 c0=1.09 clear=0.72 prog=0.11 rel=0.69 bal=+0.42 obs=236 hard=202 obsc=248 yr=  2  nz=0.30 flt=0.05 dmap=+0/-0 shz=4.2 plan=34 cmd=(lx=+0.00,ly=+0.40,rx=+0.00)
t=  4.6 DWA-F pos=(+0.80,+0.25) yaw=+159.7 d=6.19 goal_err=-6 carrot_err= +24 c0=1.06 clear=0.71 prog=0.16 rel=0.69 bal=+0.43 obs=239 hard=209 obsc=257 yr=  0  nz=0.30 flt=0.11 dmap=+7/-4 shz=4.1 plan=33 cmd=(lx=+0.00,ly=+0.40,rx=+0.00)
t=  4.7 DWA-F pos=(+0.77,+0.26) yaw=+159.7 d=6.16 goal_err=-6 carrot_err= +25 c0=1.03 clear=0.69 prog=0.21 rel=0.64 bal=+0.56 obs=239 hard=209 obsc=257 yr=  0  nz=0.36 flt=0.11 dmap=+0/-0 shz=4.1 plan=33 cmd=(lx=+0.00,ly=+0.40,rx=+0.00)
t=  4.8 DWA-F pos=(+0.75,+0.27) yaw=+159.5 d=6.14 goal_err=-6 carrot_err= +26 c0=1.00 clear=0.67 prog=0.25 rel=0.64 bal=+0.46 obs=238 hard=215 obsc=261 yr=  2  nz=0.36 flt=0.05 dmap=+4/-5 shz=4.2 plan=33 cmd=(lx=+0.00,ly=+0.40,rx=+0.00)
t=  4.9 DWA-F pos=(+0.73,+0.30) yaw=+159.1 d=6.11 goal_err=-6 carrot_err= +28 c0=0.98 clear=0.65 prog=0.30 rel=0.65 bal=+0.48 obs=238 hard=215 obsc=261 yr=  3  nz=0.35 flt=0.05 dmap=+0/-0 shz=4.2 plan=33 cmd=(lx=+0.00,ly=+0.40,rx=-0.45)
t=  5.0 DWA-F pos=(+0.71,+0.31) yaw=+160.8 d=6.08 goal_err=-7 carrot_err= +28 c0=0.95 clear=0.63 prog=0.35 rel=0.65 bal=+0.50 obs=238 hard=215 obsc=261 yr= 16G nz=0.35 flt=0.05 dmap=+0/-0 shz=4.2 plan=33 cmd=(lx=+0.00,ly=+0.40,rx=-0.45)
[VIS] perc_n=0 age=- free_c=- vismap=0/0 color=- carpet=- cnear=- crmin=- door=- dets=[-]
t=  5.1 DWA-F pos=(+0.69,+0.33) yaw=+164.4 d=6.06 goal_err=-11 carrot_err= +24 c0=0.93 clear=0.62 prog=0.38 rel=0.65 bal=+0.51 obs=239 hard=215 obsc=261 yr= 36G nz=0.35 flt=0.21 dmap=+1/-0 shz=4.1 plan=33 cmd=(lx=+0.00,ly=+0.40,rx=+0.00)
t=  5.2 DWA-F pos=(+0.67,+0.34) yaw=+166.2 d=6.04 goal_err=-13 carrot_err= +23 c0=0.91 clear=0.61 prog=0.41 rel=0.70 bal=+0.52 obs=239 hard=215 obsc=261 yr= 17  nz=0.29 flt=0.21 dmap=+0/-0 shz=4.1 plan=33 cmd=(lx=+0.00,ly=+0.40,rx=+0.00)
t=  5.3 DWA-F pos=(+0.66,+0.34) yaw=+166.1 d=6.02 goal_err=-13 carrot_err= +23 c0=0.97 clear=0.65 prog=0.45 rel=0.70 bal=+0.53 obs=243 hard=219 obsc=263 yr=  1  nz=0.29 flt=0.18 dmap=+6/-2 shz=4.2 plan=33 cmd=(lx=+0.00,ly=+0.40,rx=+0.00)
t=  5.4 DWA-F pos=(+0.64,+0.34) yaw=+166.1 d=6.01 goal_err=-13 carrot_err= +24 c0=0.96 clear=0.64 prog=0.47 rel=0.71 bal=+0.53 obs=243 hard=219 obsc=263 yr=  0  nz=0.28 flt=0.18 dmap=+0/-0 shz=4.2 plan=33 cmd=(lx=+0.00,ly=+0.40,rx=+0.00)
t=  5.5 DWA-F pos=(+0.62,+0.34) yaw=+166.3 d=5.99 goal_err=-13 carrot_err= +24 c0=0.94 clear=0.63 prog=0.51 rel=0.71 bal=+0.54 obs=243 hard=219 obsc=263 yr=  2  nz=0.28 flt=0.18 dmap=+0/-0 shz=4.2 plan=33 cmd=(lx=+0.00,ly=+0.40,rx=+0.00)
t=  5.6 DWA-F pos=(+0.60,+0.34) yaw=+166.7 d=5.98 goal_err=-14 carrot_err= +23 c0=0.92 clear=0.62 prog=0.53 rel=0.71 bal=+0.54 obs=250 hard=221 obsc=270 yr=  4  nz=0.28 flt=0.04 dmap=+7/-0 shz=4.1 plan=33 cmd=(lx=+0.00,ly=+0.40,rx=+0.00)
t=  5.7 DWA-F pos=(+0.58,+0.33) yaw=+167.0 d=5.96 goal_err=-14 carrot_err= +22 c0=0.91 clear=0.61 prog=0.56 rel=0.86 bal=+0.54 obs=250 hard=221 obsc=270 yr=  3  nz=0.14 flt=0.04 dmap=+0/-0 shz=4.1 plan=33 cmd=(lx=+0.00,ly=+0.40,rx=+0.00)
t=  5.8 DWA-F pos=(+0.56,+0.32) yaw=+167.4 d=5.94 goal_err=-15 carrot_err= +22 c0=0.90 clear=0.60 prog=0.58 rel=0.86 bal=+0.54 obs=250 hard=225 obsc=272 yr=  4  nz=0.14 flt=0.09 dmap=+3/-3 shz=4.1 plan=33 cmd=(lx=+0.00,ly=+0.40,rx=+0.00)
t=  5.9 DWA-F pos=(+0.54,+0.32) yaw=+167.6 d=5.93 goal_err=-15 carrot_err= +22 c0=0.88 clear=0.59 prog=0.61 rel=0.88 bal=+0.54 obs=250 hard=225 obsc=272 yr=  2  nz=0.10 flt=0.09 dmap=+0/-0 shz=4.1 plan=33 cmd=(lx=+0.00,ly=+0.40,rx=+0.00)
t=  6.0 DWA-F pos=(+0.52,+0.32) yaw=+167.8 d=5.91 goal_err=-15 carrot_err= +22 c0=0.87 clear=0.58 prog=0.65 rel=0.88 bal=+0.54 obs=250 hard=225 obsc=272 yr=  1  nz=0.10 flt=0.09 dmap=+0/-0 shz=4.1 plan=33 cmd=(lx=+0.00,ly=+0.40,rx=+0.00)
[VIS] perc_n=0 age=- free_c=- vismap=0/0 color=- carpet=- cnear=- crmin=- door=- dets=[-]
t=  6.1 DOOR-CTR pos=(+0.50,+0.33) yaw=+167.7 d=5.89 goal_err=-15 carrot_err=  +6 c0=0.85 clear=0.56 prog=0.68 rel=0.88 bal=+0.55 obs=249 hard=224 obsc=265 yr=  1  nz=0.10 flt=0.06 dmap=+2/-3 shz=4.1 plan=32 cmd=(lx=-0.34,ly=+0.00,rx=+0.00)
t=  6.2 DOOR-CTR pos=(+0.49,+0.33) yaw=+167.4 d=5.88 goal_err=-15 carrot_err= +21 c0=0.83 clear=0.55 prog=0.69 rel=0.89 bal=+0.55 obs=249 hard=224 obsc=265 yr=  2  nz=0.10 flt=0.06 dmap=+0/-0 shz=4.1 plan=32 cmd=(lx=-0.34,ly=+0.00,rx=+0.00)
  STRAFE-CAL lx=-0.34 medido=+1.5cm/tick IZQ
t=  6.3 DOOR-CTR pos=(+0.49,+0.32) yaw=+167.1 d=5.88 goal_err=-15 carrot_err= +21 c0=0.74 clear=0.49 prog=0.63 rel=0.89 bal=+0.54 obs=249 hard=229 obsc=268 yr=  3  nz=0.10 flt=0.07 dmap=+6/-6 shz=4.1 plan=32 cmd=(lx=-0.34,ly=+0.00,rx=+0.00)
  STRAFE-CAL lx=-0.34 medido=+1.6cm/tick IZQ
t=  6.4 DOOR-CTR pos=(+0.48,+0.30) yaw=+166.7 d=5.89 goal_err=-14 carrot_err= +20 c0=0.74 clear=0.50 prog=0.57 rel=0.85 bal=+0.53 obs=249 hard=229 obsc=268 yr=  4  nz=0.14 flt=0.07 dmap=+0/-0 shz=4.1 plan=32 cmd=(lx=-0.34,ly=+0.00,rx=+0.00)
  STRAFE-CAL lx=-0.34 medido=+1.6cm/tick IZQ
t=  6.5 DOOR-CTR pos=(+0.48,+0.29) yaw=+166.4 d=5.89 goal_err=-14 carrot_err= +19 c0=0.75 clear=0.50 prog=0.52 rel=0.85 bal=+0.52 obs=260 hard=233 obsc=272 yr=  3  nz=0.14 flt=0.06 dmap=+12/-1 shz=4.1 plan=32 cmd=(lx=-0.34,ly=+0.00,rx=+0.00)
  STRAFE-CAL lx=-0.34 medido=+1.6cm/tick IZQ
t=  6.6 DOOR-CTR pos=(+0.47,+0.27) yaw=+166.1 d=5.90 goal_err=-14 carrot_err= +19 c0=0.75 clear=0.50 prog=0.46 rel=0.85 bal=+0.51 obs=260 hard=233 obsc=272 yr=  3  nz=0.15 flt=0.06 dmap=+0/-0 shz=4.1 plan=32 cmd=(lx=-0.34,ly=+0.00,rx=+0.00)
  STRAFE-CAL lx=-0.34 medido=+2.3cm/tick IZQ
t=  6.7 DOOR-CTR pos=(+0.47,+0.25) yaw=+166.1 d=5.90 goal_err=-14 carrot_err= +17 c0=0.76 clear=0.50 prog=0.41 rel=0.85 bal=+0.50 obs=260 hard=233 obsc=272 yr=  1  nz=0.15 flt=0.06 dmap=+0/-0 shz=4.1 plan=32 cmd=(lx=-0.34,ly=+0.00,rx=+0.00)
  STRAFE-CAL lx=-0.34 medido=+2.6cm/tick IZQ
t=  6.8 DOOR-CTR pos=(+0.47,+0.22) yaw=+166.1 d=5.91 goal_err=-15 carrot_err= +16 c0=0.76 clear=0.51 prog=0.34 rel=0.85 bal=+0.48 obs=284 hard=257 obsc=302 yr=  0  nz=0.15 flt=0.35 dmap=+25/-1 shz=4.1 plan=32 cmd=(lx=-0.34,ly=+0.00,rx=+0.00)
  STRAFE-CAL lx=-0.34 medido=+3.1cm/tick IZQ
t=  6.9 DOOR-CTR pos=(+0.46,+0.19) yaw=+166.3 d=5.92 goal_err=-15 carrot_err= +13 c0=0.77 clear=0.52 prog=0.28 rel=0.67 bal=+0.46 obs=284 hard=257 obsc=302 yr=  2  nz=0.24 flt=0.35 dmap=+0/-0 shz=4.1 plan=32 cmd=(lx=-0.34,ly=+0.00,rx=+0.00)
  STRAFE-CAL lx=-0.34 medido=+3.1cm/tick IZQ
t=  7.0 DOOR-CTR pos=(+0.45,+0.16) yaw=+166.6 d=5.93 goal_err=-16 carrot_err= +11 c0=0.69 clear=0.46 prog=0.23 rel=0.67 bal=+0.54 obs=309 hard=278 obsc=346 yr=  3  nz=0.24 flt=0.26 dmap=+26/-1 shz=4.1 plan=32 cmd=(lx=-0.34,ly=+0.00,rx=+0.00)
[VIS] perc_n=0 age=- free_c=- vismap=0/0 color=- carpet=- cnear=- crmin=- door=- dets=[-]
  STRAFE-CAL lx=-0.34 medido=+3.5cm/tick IZQ
t=  7.1 DOOR-CTR pos=(+0.44,+0.13) yaw=+167.0 d=5.93 goal_err=-16 carrot_err=  +8 c0=0.70 clear=0.46 prog=0.19 rel=0.65 bal=+0.52 obs=309 hard=278 obsc=346 yr=  4  nz=0.27 flt=0.26 dmap=+0/-0 shz=4.1 plan=32 cmd=(lx=-0.34,ly=+0.00,rx=+0.00)
  STRAFE-CAL lx=-0.34 medido=+3.3cm/tick IZQ
t=  7.2 DOOR-CTR pos=(+0.43,+0.10) yaw=+167.4 d=5.94 goal_err=-17 carrot_err=  +6 c0=0.70 clear=0.47 prog=0.14 rel=0.65 bal=+0.56 obs=309 hard=278 obsc=346 yr=  4  nz=0.27 flt=0.26 dmap=+0/-0 shz=4.1 plan=32 cmd=(lx=-0.34,ly=+0.00,rx=+0.00)
  STRAFE-CAL lx=-0.34 medido=+3.4cm/tick IZQ
t=  7.3 DOOR-AL pos=(+0.42,+0.06) yaw=+167.7 d=5.95 goal_err=-18 carrot_err=  +3 c0=0.71 clear=0.47 prog=0.10 rel=0.65 bal=+0.54 obs=330 hard=295 obsc=381 yr=  3  nz=0.27 flt=0.20 dmap=+23/-2 shz=4.1 plan=32 cmd=(lx=+0.00,ly=+0.00,rx=-0.45)
  TURN-CAL rx=-0.45 esperado=+46deg/s medido=+1deg/s OK
t=  7.5 DOOR-AL pos=(+0.42,+0.04) yaw=+167.7 d=5.96 goal_err=-18 carrot_err=  +1 c0=0.72 clear=0.48 prog=0.05 rel=0.70 bal=+0.53 obs=330 hard=295 obsc=381 yr=  1G nz=0.23 flt=0.20 dmap=+0/-0 shz=4.1 plan=32 cmd=(lx=+0.00,ly=+0.00,rx=-0.45)
  TURN-CAL rx=-0.45 esperado=+46deg/s medido=+39deg/s OK
t=  7.6 DOOR-CTR pos=(+0.42,+0.04) yaw=+171.7 d=5.96 goal_err=-22 carrot_err=  -3 c0=0.72 clear=0.48 prog=0.03 rel=0.70 bal=+0.53 obs=330 hard=295 obsc=381 yr= 39G nz=0.23 flt=0.05 dmap=+0/-0 shz=4.1 plan=32 cmd=(lx=-0.34,ly=+0.00,rx=+0.00)
t=  7.7 DOOR-CTR pos=(+0.42,+0.04) yaw=+175.5 d=5.96 goal_err=-26 carrot_err=  +8 c0=0.90 clear=0.60 prog=0.00 rel=0.78 bal=+0.53 obs=330 hard=295 obsc=381 yr= 37  nz=0.22 flt=0.05 dmap=+0/-0 shz=4.1 plan=31 cmd=(lx=-0.34,ly=+0.00,rx=+0.00)
  STRAFE-CAL lx=-0.34 medido=+1.5cm/tick IZQ
t=  7.8 DWA-F pos=(+0.42,+0.03) yaw=+175.1 d=5.97 goal_err=-25 carrot_err=  +7 c0=0.90 clear=0.60 prog=0.00 rel=0.78 bal=+0.53 obs=330 hard=295 obsc=381 yr=  4  nz=0.22 flt=0.05 dmap=+0/-0 shz=4.1 plan=31 cmd=(lx=+0.00,ly=+0.40,rx=+0.00)
t=  7.9 DWA-F pos=(+0.42,+0.02) yaw=+174.7 d=5.98 goal_err=-25 carrot_err=  +6 c0=0.91 clear=0.61 prog=0.00 rel=0.78 bal=+0.52 obs=331 hard=291 obsc=373 yr=  4  nz=0.22 flt=0.05 dmap=+7/-6 shz=4.1 plan=31 cmd=(lx=+0.00,ly=+0.40,rx=+0.00)
t=  8.0 DOOR-CTR pos=(+0.41,+0.03) yaw=+174.4 d=5.95 goal_err=-25 carrot_err=  +8 c0=0.89 clear=0.59 prog=0.00 rel=0.76 bal=+0.53 obs=331 hard=291 obsc=373 yr=  4  nz=0.24 flt=0.05 dmap=+0/-0 shz=4.1 plan=31 cmd=(lx=-0.34,ly=+0.00,rx=+0.00)
t=  8.1 DOOR-CTR pos=(+0.39,+0.04) yaw=+174.1 d=5.93 goal_err=-25 carrot_err=  +9 c0=0.87 clear=0.58 prog=0.00 rel=0.76 bal=+0.54 obs=334 hard=291 obsc=374 yr=  2  nz=0.24 flt=0.09 dmap=+7/-4 shz=4.1 plan=31 cmd=(lx=-0.34,ly=+0.00,rx=+0.00)
[VIS] perc_n=0 age=- free_c=- vismap=0/0 color=- carpet=- cnear=- crmin=- door=- dets=[-]
  STRAFE-CAL lx=-0.34 medido=+0.9cm/tick IZQ
t=  8.2 DOOR-CTR pos=(+0.38,+0.03) yaw=+174.0 d=5.93 goal_err=-25 carrot_err=  +8 c0=0.86 clear=0.57 prog=0.00 rel=0.76 bal=+0.54 obs=334 hard=291 obsc=374 yr=  1  nz=0.24 flt=0.09 dmap=+0/-0 shz=4.1 plan=31 cmd=(lx=-0.34,ly=+0.00,rx=+0.00)
  STRAFE-CAL lx=-0.34 medido=+2.6cm/tick IZQ
t=  8.3 DOOR-CTR pos=(+0.38,+0.00) yaw=+174.0 d=5.94 goal_err=-25 carrot_err=  +6 c0=0.87 clear=0.58 prog=0.00 rel=0.76 bal=+0.53 obs=334 hard=291 obsc=374 yr=  0  nz=0.24 flt=0.09 dmap=+0/-0 shz=4.1 plan=31 cmd=(lx=-0.34,ly=+0.00,rx=+0.00)
  STRAFE-CAL lx=-0.34 medido=+3.0cm/tick IZQ
t=  8.4 DOOR-CTR pos=(+0.37,-0.03) yaw=+174.2 d=5.95 goal_err=-25 carrot_err=  +4 c0=0.88 clear=0.59 prog=0.00 rel=0.76 bal=+0.51 obs=333 hard=294 obsc=373 yr=  2  nz=0.24 flt=0.07 dmap=+3/-4 shz=4.1 plan=31 cmd=(lx=-0.34,ly=+0.00,rx=+0.00)
  STRAFE-CAL lx=-0.34 medido=+6.5cm/tick IZQ
t=  8.5 DWA-F pos=(+0.37,-0.09) yaw=+174.6 d=5.98 goal_err=-26 carrot_err=  -1 c0=1.45 clear=0.97 prog=0.00 rel=0.74 bal=+0.50 obs=333 hard=294 obsc=373 yr=  4  nz=0.26 flt=0.07 dmap=+0/-0 shz=4.1 plan=31 cmd=(lx=+0.00,ly=+0.40,rx=+0.00)
META-SM: BLIND -> NORMAL (trust=1.00 contra=0 iface=1.00 near=1.45) t=8s
t=  8.6 DWA-F pos=(+0.35,-0.11) yaw=+175.0 d=5.98 goal_err=-27 carrot_err=  -4 c0=1.44 clear=0.96 prog=0.00 rel=0.74 bal=+0.50 obs=327 hard=292 obsc=370 yr=  4  nz=0.26 flt=0.06 dmap=+4/-10 shz=4.1 plan=31 cmd=(lx=+0.00,ly=+0.40,rx=+0.00)
t=  8.7 DWA-F pos=(+0.31,-0.12) yaw=+175.4 d=5.95 goal_err=-27 carrot_err=  -5 c0=1.41 clear=0.94 prog=0.00 rel=0.52 bal=+0.51 obs=327 hard=292 obsc=370 yr=  4  nz=0.48 flt=0.06 dmap=+0/-0 shz=4.1 plan=31 cmd=(lx=+0.00,ly=+0.40,rx=+0.00)
t=  8.8 DWA-F pos=(+0.28,-0.13) yaw=+175.7 d=5.93 goal_err=-28 carrot_err=  -4 c0=1.39 clear=0.93 prog=0.00 rel=0.52 bal=+0.52 obs=327 hard=292 obsc=370 yr=  3  nz=0.48 flt=0.06 dmap=+0/-0 shz=4.1 plan=31 cmd=(lx=+0.00,ly=+0.40,rx=+0.00)
t=  8.9 DWA-F pos=(+0.26,-0.13) yaw=+175.8 d=5.91 goal_err=-28 carrot_err=  -5 c0=1.18 clear=0.79 prog=0.01 rel=0.52 bal=+0.42 obs=328 hard=304 obsc=376 yr=  1  nz=0.48 flt=0.40 dmap=+17/-16 shz=4.1 plan=31 cmd=(lx=+0.00,ly=+0.40,rx=+0.00)
t=  9.0 DWA-F pos=(+0.22,-0.12) yaw=+175.8 d=5.88 goal_err=-28 carrot_err=  -4 c0=1.15 clear=0.77 prog=0.08 rel=0.45 bal=+0.44 obs=328 hard=304 obsc=376 yr=  1  nz=0.47 flt=0.40 dmap=+0/-0 shz=4.1 plan=31 cmd=(lx=+0.00,ly=+0.40,rx=+0.00)
t=  9.1 DWA-F pos=(+0.19,-0.11) yaw=+175.6 d=5.85 goal_err=-28 carrot_err=  -4 c0=1.12 clear=0.75 prog=0.15 rel=0.45 bal=+0.51 obs=341 hard=310 obsc=389 yr=  2  nz=0.47 flt=0.28 dmap=+15/-2 shz=4.1 plan=31 cmd=(lx=+0.00,ly=+0.40,rx=+0.00)
[VIS] perc_n=0 age=- free_c=- vismap=0/0 color=- carpet=- cnear=- crmin=- door=- dets=[-]
t=  9.2 DWA-F pos=(+0.17,-0.10) yaw=+175.2 d=5.82 goal_err=-28 carrot_err=  -3 c0=1.09 clear=0.73 prog=0.21 rel=0.49 bal=+0.52 obs=341 hard=310 obsc=389 yr=  4  nz=0.44 flt=0.28 dmap=+0/-0 shz=4.1 plan=30 cmd=(lx=+0.00,ly=+0.40,rx=+0.00)
t=  9.3 DWA-F pos=(+0.13,-0.09) yaw=+174.9 d=5.78 goal_err=-28 carrot_err=  -2 c0=1.05 clear=0.70 prog=0.29 rel=0.49 bal=+0.53 obs=366 hard=323 obsc=426 yr=  3  nz=0.44 flt=0.20 dmap=+27/-2 shz=4.1 plan=30 cmd=(lx=+0.00,ly=+0.40,rx=+0.00)
t=  9.4 DWA-F pos=(+0.10,-0.07) yaw=+174.5 d=5.75 goal_err=-27 carrot_err=  +1 c0=1.02 clear=0.68 prog=0.36 rel=0.53 bal=+0.55 obs=366 hard=323 obsc=426 yr=  4  nz=0.41 flt=0.20 dmap=+0/-0 shz=4.1 plan=30 cmd=(lx=+0.00,ly=+0.40,rx=+0.00)
t=  9.5 DWA-F pos=(+0.07,-0.07) yaw=+174.2 d=5.72 goal_err=-27 carrot_err=  +1 c0=0.99 clear=0.66 prog=0.42 rel=0.53 bal=+0.55 obs=366 hard=323 obsc=426 yr=  3  nz=0.41 flt=0.20 dmap=+0/-0 shz=4.1 plan=30 cmd=(lx=+0.00,ly=+0.40,rx=+0.00)
META-SM: NORMAL -> BLIND (trust=1.00 contra=0 iface=1.00 near=0.99) t=9s
t=  9.6 DWA-F pos=(+0.05,-0.06) yaw=+174.1 d=5.69 goal_err=-27 carrot_err=  +2 c0=0.96 clear=0.64 prog=0.46 rel=0.53 bal=+0.56 obs=367 hard=317 obsc=415 yr=  1  nz=0.41 flt=0.08 dmap=+5/-4 shz=4.1 plan=30 cmd=(lx=+0.00,ly=+0.40,rx=+0.00)
t=  9.7 DWA-F pos=(+0.03,-0.06) yaw=+174.2 d=5.68 goal_err=-27 carrot_err=  +2 c0=0.95 clear=0.63 prog=0.50 rel=0.60 bal=+0.56 obs=367 hard=317 obsc=415 yr=  0  nz=0.40 flt=0.08 dmap=+0/-0 shz=4.1 plan=30 cmd=(lx=+0.00,ly=+0.40,rx=+0.00)
t=  9.8 DWA-F pos=(+0.01,-0.06) yaw=+174.4 d=5.66 goal_err=-28 carrot_err=  +1 c0=0.93 clear=0.62 prog=0.53 rel=0.60 bal=+0.56 obs=369 hard=322 obsc=418 yr=  2  nz=0.40 flt=0.04 dmap=+6/-4 shz=4.1 plan=30 cmd=(lx=+0.00,ly=+0.40,rx=+0.00)
t=  9.9 DWA-F pos=(-0.01,-0.07) yaw=+174.7 d=5.65 goal_err=-28 carrot_err=  +0 c0=1.10 clear=0.73 prog=0.51 rel=0.60 bal=+0.54 obs=369 hard=322 obsc=418 yr=  3  nz=0.40 flt=0.04 dmap=+0/-0 shz=4.1 plan=30 cmd=(lx=+0.00,ly=+0.40,rx=+0.00)
t= 10.0 DWA-F pos=(-0.04,-0.08) yaw=+175.1 d=5.64 goal_err=-29 carrot_err=  -1 c0=1.08 clear=0.72 prog=0.51 rel=0.60 bal=+0.54 obs=369 hard=322 obsc=418 yr=  4  nz=0.40 flt=0.04 dmap=+0/-0 shz=4.1 plan=30 cmd=(lx=+0.00,ly=+0.40,rx=+0.00)
t= 10.1 DWA-F pos=(-0.07,-0.08) yaw=+175.4 d=5.61 goal_err=-29 carrot_err=  -2 c0=1.05 clear=0.70 prog=0.55 rel=0.60 bal=+0.54 obs=366 hard=326 obsc=416 yr=  4  nz=0.40 flt=0.09 dmap=+6/-9 shz=4.1 plan=30 cmd=(lx=+0.00,ly=+0.40,rx=+0.00)
[VIS] perc_n=0 age=- free_c=- vismap=0/0 color=- carpet=- cnear=- crmin=- door=- dets=[-]
t= 10.2 DWA-F pos=(-0.10,-0.08) yaw=+175.7 d=5.59 goal_err=-30 carrot_err=  -3 c0=1.02 clear=0.68 prog=0.60 rel=0.75 bal=+0.54 obs=366 hard=326 obsc=416 yr=  3  nz=0.25 flt=0.09 dmap=+0/-0 shz=4.1 plan=30 cmd=(lx=+0.00,ly=+0.40,rx=+0.00)
t= 10.3 DWA-F pos=(-0.13,-0.08) yaw=+175.8 d=5.56 goal_err=-30 carrot_err=  -1 c0=1.00 clear=0.66 prog=0.67 rel=0.75 bal=+0.55 obs=359 hard=323 obsc=413 yr=  1  nz=0.25 flt=0.09 dmap=+3/-10 shz=4.1 plan=30 cmd=(lx=+0.00,ly=+0.40,rx=+0.00)
t= 10.4 DWA-F pos=(-0.16,-0.08) yaw=+175.7 d=5.53 goal_err=-30 carrot_err=  -1 c0=1.15 clear=0.76 prog=0.76 rel=0.76 bal=+0.57 obs=359 hard=323 obsc=413 yr=  1  nz=0.24 flt=0.09 dmap=+0/-0 shz=4.1 plan=30 cmd=(lx=+0.00,ly=+0.40,rx=+0.00)
t= 10.5 DWA-F pos=(-0.17,-0.07) yaw=+175.4 d=5.52 goal_err=-30 carrot_err=  -0 c0=0.95 clear=0.63 prog=0.78 rel=0.76 bal=+0.58 obs=359 hard=323 obsc=413 yr=  2  nz=0.24 flt=0.09 dmap=+0/-0 shz=4.1 plan=30 cmd=(lx=+0.00,ly=+0.40,rx=+0.00)
META-SM: NORMAL -> BLIND (trust=1.00 contra=0 iface=1.00 near=0.95) t=11s
t= 10.6 DWA-F pos=(-0.20,-0.06) yaw=+175.1 d=5.49 goal_err=-29 carrot_err=  +1 c0=0.92 clear=0.61 prog=0.79 rel=0.76 bal=+0.54 obs=347 hard=322 obsc=407 yr=  3  nz=0.24 flt=0.10 dmap=+4/-16 shz=4.1 plan=30 cmd=(lx=+0.00,ly=+0.40,rx=+0.00)
t= 10.7 DOOR-CTR pos=(-0.22,-0.04) yaw=+174.7 d=5.47 goal_err=-29 carrot_err=  +2 c0=0.90 clear=0.60 prog=0.79 rel=0.83 bal=+0.55 obs=347 hard=322 obsc=407 yr=  4  nz=0.17 flt=0.10 dmap=+0/-0 shz=4.1 plan=28 cmd=(lx=-0.34,ly=+0.00,rx=+0.00)
  STRAFE-CAL lx=-0.34 medido=-1.1cm/tick DCHA
t= 10.8 DOOR-CTR pos=(-0.23,-0.03) yaw=+174.3 d=5.45 goal_err=-29 carrot_err=  +3 c0=0.88 clear=0.59 prog=0.79 rel=0.83 bal=+0.57 obs=347 hard=311 obsc=395 yr=  4  nz=0.17 flt=0.08 dmap=+2/-2 shz=4.1 plan=28 cmd=(lx=-0.34,ly=+0.00,rx=+0.00)
  STRAFE-CAL lx=-0.34 medido=+1.7cm/tick IZQ
t= 10.9 DOOR-CTR pos=(-0.23,-0.05) yaw=+174.1 d=5.45 goal_err=-29 carrot_err=  +2 c0=0.89 clear=0.59 prog=0.72 rel=0.89 bal=+0.55 obs=347 hard=311 obsc=395 yr=  2  nz=0.11 flt=0.08 dmap=+0/-0 shz=4.1 plan=28 cmd=(lx=-0.34,ly=+0.00,rx=+0.00)
  STRAFE-CAL lx=-0.34 medido=+2.0cm/tick IZQ
t= 11.0 DWA-F pos=(-0.24,-0.07) yaw=+174.0 d=5.46 goal_err=-29 carrot_err=  +1 c0=1.07 clear=0.71 prog=0.66 rel=0.89 bal=+0.54 obs=344 hard=312 obsc=398 yr=  1  nz=0.11 flt=0.11 dmap=+2/-5 shz=4.1 plan=28 cmd=(lx=+0.00,ly=+0.40,rx=+0.00)
t= 11.1 DWA-F pos=(-0.24,-0.09) yaw=+174.1 d=5.48 goal_err=-29 carrot_err=  -1 c0=1.08 clear=0.72 prog=0.58 rel=0.87 bal=+0.52 obs=344 hard=312 obsc=398 yr=  1  nz=0.13 flt=0.11 dmap=+0/-0 shz=4.1 plan=28 cmd=(lx=+0.00,ly=+0.40,rx=+0.00)
[VIS] perc_n=0 age=- free_c=- vismap=0/0 color=- carpet=- cnear=- crmin=- door=- dets=[-]
t= 11.2 DWA-F pos=(-0.27,-0.10) yaw=+174.3 d=5.46 goal_err=-29 carrot_err=  -2 c0=1.06 clear=0.71 prog=0.55 rel=0.87 bal=+0.52 obs=344 hard=312 obsc=398 yr=  2  nz=0.13 flt=0.11 dmap=+0/-0 shz=4.1 plan=28 cmd=(lx=+0.00,ly=+0.40,rx=+0.00)
t= 11.3 DWA-F pos=(-0.30,-0.11) yaw=+174.6 d=5.44 goal_err=-30 carrot_err=  -2 c0=1.03 clear=0.69 prog=0.54 rel=0.87 bal=+0.52 obs=347 hard=311 obsc=394 yr=  3  nz=0.13 flt=0.06 dmap=+7/-4 shz=4.1 plan=28 cmd=(lx=+0.00,ly=+0.40,rx=+0.00)
t= 11.4 DWA-F pos=(-0.33,-0.12) yaw=+175.0 d=5.42 goal_err=-31 carrot_err=  -3 c0=1.46 clear=0.97 prog=0.51 rel=0.86 bal=+0.52 obs=347 hard=311 obsc=394 yr=  4  nz=0.14 flt=0.06 dmap=+0/-0 shz=4.1 plan=28 cmd=(lx=+0.00,ly=+0.40,rx=+0.00)
t= 11.5 DWA-F pos=(-0.36,-0.13) yaw=+175.4 d=5.40 goal_err=-31 carrot_err=  -4 c0=2.44 clear=1.00 prog=0.51 rel=0.86 bal=+0.54 obs=347 hard=311 obsc=396 yr=  4  nz=0.14 flt=0.05 dmap=+4/-4 shz=4.1 plan=28 cmd=(lx=+0.00,ly=+0.40,rx=+0.00)
t= 11.7 DWA-F pos=(-0.39,-0.13) yaw=+175.7 d=5.37 goal_err=-32 carrot_err=  -5 c0=2.41 clear=1.00 prog=0.52 rel=0.20 bal=+0.55 obs=347 hard=311 obsc=396 yr=  3  nz=0.80 flt=0.05 dmap=+0/-0 shz=4.1 plan=28 cmd=(lx=+0.00,ly=+0.40,rx=+0.00)
t= 11.8 DWA-F pos=(-0.42,-0.13) yaw=+175.9 d=5.35 goal_err=-32 carrot_err=  -5 c0=2.38 clear=1.00 prog=0.54 rel=0.20 bal=+0.56 obs=347 hard=311 obsc=396 yr=  1  nz=0.80 flt=0.05 dmap=+0/-0 shz=4.1 plan=28 cmd=(lx=+0.00,ly=+0.40,rx=+0.00)
t= 11.9 DWA-F pos=(-0.45,-0.13) yaw=+175.8 d=5.32 goal_err=-32 carrot_err=  -5 c0=2.35 clear=1.00 prog=0.56 rel=0.20 bal=+0.58 obs=346 hard=308 obsc=391 yr=  0  nz=0.80 flt=0.07 dmap=+1/-2 shz=4.1 plan=28 cmd=(lx=+0.00,ly=+0.40,rx=+0.00)
t= 12.0 DWA-F pos=(-0.48,-0.12) yaw=+175.6 d=5.30 goal_err=-32 carrot_err=  -5 c0=2.32 clear=1.00 prog=0.58 rel=0.00 bal=+0.59 obs=346 hard=308 obsc=391 yr=  2  nz=1.00 flt=0.07 dmap=+0/-0 shz=4.1 plan=28 cmd=(lx=+0.00,ly=+0.40,rx=+0.00)
t= 12.1 DWA-F pos=(-0.51,-0.10) yaw=+175.3 d=5.26 goal_err=-32 carrot_err=  -2 c0=2.30 clear=1.00 prog=0.59 rel=0.00 bal=+0.61 obs=349 hard=308 obsc=394 yr=  3  nz=1.00 flt=0.07 dmap=+5/-2 shz=4.1 plan=28 cmd=(lx=+0.00,ly=+0.40,rx=+0.00)
t= 12.2 DWA-F pos=(-0.53,-0.09) yaw=+174.9 d=5.23 goal_err=-32 carrot_err=  -1 c0=2.27 clear=1.00 prog=0.61 rel=0.00 bal=+0.63 obs=349 hard=308 obsc=394 yr=  3  nz=1.00 flt=0.07 dmap=+0/-0 shz=4.1 plan=28 cmd=(lx=+0.00,ly=+0.40,rx=+0.00)
[VIS] perc_n=0 age=- free_c=- vismap=0/0 color=- carpet=- cnear=- crmin=- door=- dets=[-]
t= 12.3 DWA-F pos=(-0.56,-0.07) yaw=+174.5 d=5.20 goal_err=-31 carrot_err=  +1 c0=2.25 clear=1.00 prog=0.61 rel=0.00 bal=+0.65 obs=349 hard=308 obsc=394 yr=  4  nz=1.00 flt=0.07 dmap=+0/-0 shz=4.1 plan=26 cmd=(lx=+0.00,ly=+0.40,rx=+0.00)
t= 12.4 DWA-F pos=(-0.59,-0.06) yaw=+174.4 d=5.17 goal_err=-31 carrot_err=  +1 c0=2.24 clear=1.00 prog=0.62 rel=0.00 bal=+0.66 obs=349 hard=309 obsc=395 yr=  2  nz=1.00 flt=0.10 dmap=+4/-4 shz=4.0 plan=26 cmd=(lx=+0.00,ly=+0.40,rx=+0.00)
t= 12.5 DWA-F pos=(-0.62,-0.05) yaw=+174.3 d=5.14 goal_err=-31 carrot_err=  +2 c0=2.21 clear=1.00 prog=0.64 rel=0.06 bal=+0.67 obs=349 hard=309 obsc=395 yr=  1  nz=0.94 flt=0.10 dmap=+0/-0 shz=4.0 plan=26 cmd=(lx=+0.00,ly=+0.40,rx=+0.00)
t= 12.6 DWA-F pos=(-0.65,-0.06) yaw=+174.4 d=5.12 goal_err=-32 carrot_err=  +1 c0=2.15 clear=1.00 prog=0.63 rel=0.06 bal=+0.68 obs=352 hard=314 obsc=402 yr=  1  nz=0.94 flt=0.10 dmap=+7/-4 shz=4.1 plan=26 cmd=(lx=+0.00,ly=+0.40,rx=+0.00)
t= 12.7 DWA-F pos=(-0.72,-0.05) yaw=+174.5 d=5.07 goal_err=-32 carrot_err= -11 c0=2.09 clear=1.00 prog=0.68 rel=0.26 bal=+0.69 obs=352 hard=314 obsc=402 yr=  1  nz=0.74 flt=0.10 dmap=+0/-0 shz=4.1 plan=26 cmd=(lx=+0.00,ly=+0.40,rx=+0.00)
t= 12.8 DWA-F pos=(-0.75,-0.06) yaw=+174.8 d=5.04 goal_err=-33 carrot_err= -12 c0=2.05 clear=1.00 prog=0.69 rel=0.26 bal=+0.69 obs=352 hard=314 obsc=402 yr=  3  nz=0.74 flt=0.10 dmap=+0/-0 shz=4.1 plan=26 cmd=(lx=+0.00,ly=+0.40,rx=+0.00)
t= 12.9 DWA-F pos=(-0.79,-0.07) yaw=+175.1 d=5.02 goal_err=-33 carrot_err= -14 c0=2.04 clear=1.00 prog=0.74 rel=0.26 bal=+0.68 obs=351 hard=314 obsc=397 yr=  4  nz=0.74 flt=0.10 dmap=+6/-7 shz=4.0 plan=26 cmd=(lx=+0.00,ly=+0.40,rx=+0.00)
t= 13.0 DWA-F pos=(-0.81,-0.08) yaw=+175.4 d=5.01 goal_err=-34 carrot_err= -15 c0=2.01 clear=1.00 prog=0.78 rel=0.78 bal=+0.66 obs=351 hard=314 obsc=397 yr=  3  nz=0.22 flt=0.10 dmap=+0/-0 shz=4.0 plan=26 cmd=(lx=+0.00,ly=+0.40,rx=+0.00)
t= 13.1 DWA-F pos=(-0.84,-0.08) yaw=+175.7 d=4.98 goal_err=-34 carrot_err= -16 c0=1.98 clear=1.00 prog=0.85 rel=0.78 bal=+0.66 obs=352 hard=317 obsc=396 yr=  2  nz=0.22 flt=0.07 dmap=+4/-3 shz=4.1 plan=26 cmd=(lx=+0.00,ly=+0.40,rx=+0.00)
t= 13.2 DWA-F pos=(-0.87,-0.08) yaw=+175.7 d=4.96 goal_err=-35 carrot_err= -17 c0=1.95 clear=1.00 prog=0.85 rel=0.79 bal=+0.67 obs=352 hard=317 obsc=396 yr=  1  nz=0.21 flt=0.07 dmap=+0/-0 shz=4.1 plan=26 cmd=(lx=+0.00,ly=+0.40,rx=+0.00)
[VIS] perc_n=0 age=- free_c=- vismap=0/0 color=- carpet=- cnear=- crmin=- door=- dets=[-]
t= 13.3 DWA-F pos=(-0.91,-0.08) yaw=+175.6 d=4.94 goal_err=-35 carrot_err= -13 c0=1.92 clear=1.00 prog=0.86 rel=0.79 bal=+0.67 obs=353 hard=318 obsc=397 yr=  1  nz=0.21 flt=0.04 dmap=+4/-3 shz=4.1 plan=26 cmd=(lx=+0.00,ly=+0.40,rx=+0.00)
t= 13.4 DWA-F pos=(-0.94,-0.07) yaw=+175.3 d=4.91 goal_err=-35 carrot_err= -13 c0=1.89 clear=1.00 prog=0.88 rel=0.76 bal=+0.68 obs=353 hard=318 obsc=397 yr=  3  nz=0.24 flt=0.04 dmap=+0/-0 shz=4.1 plan=26 cmd=(lx=+0.00,ly=+0.40,rx=+0.00)
t= 13.5 DWA-F pos=(-0.96,-0.06) yaw=+174.9 d=4.88 goal_err=-34 carrot_err= -12 c0=1.87 clear=1.00 prog=0.88 rel=0.76 bal=+0.69 obs=353 hard=318 obsc=397 yr=  4  nz=0.24 flt=0.04 dmap=+0/-0 shz=4.1 plan=26 cmd=(lx=+0.00,ly=+0.40,rx=+0.00)
t= 13.6 DWA-F pos=(-1.00,-0.05) yaw=+174.6 d=4.85 goal_err=-34 carrot_err= -12 c0=1.84 clear=1.00 prog=0.91 rel=0.76 bal=+0.67 obs=356 hard=313 obsc=396 yr=  3  nz=0.24 flt=0.06 dmap=+5/-2 shz=4.0 plan=26 cmd=(lx=+0.00,ly=+0.40,rx=+0.00)
t= 13.7 DWA-F pos=(-1.03,-0.04) yaw=+174.3 d=4.81 goal_err=-34 carrot_err= -11 c0=1.81 clear=1.00 prog=0.92 rel=0.79 bal=+0.69 obs=356 hard=313 obsc=396 yr=  4  nz=0.21 flt=0.06 dmap=+0/-0 shz=4.0 plan=26 cmd=(lx=+0.00,ly=+0.40,rx=+0.00)
t= 13.8 DWA-F pos=(-1.05,-0.03) yaw=+174.0 d=4.79 goal_err=-34 carrot_err= -11 c0=1.78 clear=1.00 prog=0.92 rel=0.79 bal=+0.70 obs=358 hard=318 obsc=398 yr=  2  nz=0.21 flt=0.07 dmap=+6/-4 shz=4.1 plan=24 cmd=(lx=+0.00,ly=+0.40,rx=+0.00)
t= 13.9 DWA-F pos=(-1.08,-0.02) yaw=+174.0 d=4.76 goal_err=-34 carrot_err= -11 c0=1.76 clear=1.00 prog=0.92 rel=0.76 bal=+0.71 obs=358 hard=318 obsc=398 yr=  0  nz=0.24 flt=0.07 dmap=+0/-0 shz=4.1 plan=24 cmd=(lx=+0.00,ly=+0.40,rx=+0.00)
t= 14.0 DWA-F pos=(-1.12,-0.02) yaw=+174.0 d=4.74 goal_err=-34 carrot_err= -20 c0=1.72 clear=1.00 prog=0.90 rel=0.76 bal=+0.69 obs=358 hard=318 obsc=398 yr=  0  nz=0.24 flt=0.07 dmap=+0/-0 shz=4.1 plan=24 cmd=(lx=+0.00,ly=+0.40,rx=+0.00)
t= 14.1 DWA-F pos=(-1.15,-0.03) yaw=+174.4 d=4.71 goal_err=-35 carrot_err= -21 c0=1.69 clear=1.00 prog=0.89 rel=0.76 bal=+0.63 obs=353 hard=314 obsc=395 yr=  4  nz=0.24 flt=0.06 dmap=+0/-5 shz=4.0 plan=24 cmd=(lx=+0.00,ly=+0.40,rx=+0.00)
t= 14.2 DWA-F pos=(-1.18,-0.03) yaw=+174.8 d=4.69 goal_err=-36 carrot_err= -23 c0=1.66 clear=1.00 prog=0.87 rel=0.80 bal=+0.63 obs=353 hard=314 obsc=395 yr=  4  nz=0.20 flt=0.06 dmap=+0/-0 shz=4.0 plan=24 cmd=(lx=+0.00,ly=+0.40,rx=+0.00)
[VIS] perc_n=0 age=- free_c=- vismap=0/0 color=- carpet=- cnear=- crmin=- door=- dets=[-]
t= 14.3 DWA-F pos=(-1.21,-0.04) yaw=+175.2 d=4.68 goal_err=-36 carrot_err= -25 c0=1.63 clear=1.00 prog=0.85 rel=0.80 bal=+0.61 obs=369 hard=328 obsc=412 yr=  4  nz=0.20 flt=0.36 dmap=+18/-2 shz=4.1 plan=24 cmd=(lx=+0.00,ly=+0.40,rx=+0.00)
t= 14.4 DWA-F pos=(-1.24,-0.05) yaw=+175.5 d=4.66 goal_err=-37 carrot_err= -26 c0=1.59 clear=1.00 prog=0.83 rel=0.60 bal=+0.60 obs=369 hard=328 obsc=412 yr=  2  nz=0.31 flt=0.36 dmap=+0/-0 shz=4.1 plan=24 cmd=(lx=+0.00,ly=+0.40,rx=+0.00)
t= 14.5 DWA-F pos=(-1.27,-0.06) yaw=+175.7 d=4.64 goal_err=-38 carrot_err= -28 c0=1.56 clear=1.00 prog=0.81 rel=0.60 bal=+0.58 obs=369 hard=328 obsc=412 yr=  2  nz=0.31 flt=0.36 dmap=+0/-0 shz=4.1 plan=24 cmd=(lx=+0.00,ly=+0.40,rx=+0.00)
t= 14.6 DWA-F pos=(-1.30,-0.07) yaw=+175.7 d=4.62 goal_err=-38 carrot_err= -29 c0=1.53 clear=1.00 prog=0.76 rel=0.60 bal=+0.46 obs=384 hard=340 obsc=439 yr=  0  nz=0.31 flt=0.32 dmap=+15/-0 shz=4.0 plan=24 cmd=(lx=+0.00,ly=+0.40,rx=+0.00)
t= 14.7 DWA-F pos=(-1.33,-0.06) yaw=+175.7 d=4.60 goal_err=-38 carrot_err= -30 c0=1.50 clear=1.00 prog=0.76 rel=0.58 bal=+0.46 obs=384 hard=340 obsc=439 yr=  1  nz=0.32 flt=0.32 dmap=+0/-0 shz=4.0 plan=24 cmd=(lx=+0.00,ly=+0.40,rx=+0.00)
t= 14.8 DWA-F pos=(-1.36,-0.05) yaw=+175.4 d=4.57 goal_err=-38 carrot_err= -30 c0=1.05 clear=0.70 prog=0.78 rel=0.58 bal=+0.04 obs=399 hard=347 obsc=469 yr=  3  nz=0.32 flt=0.20 dmap=+22/-7 shz=4.0 plan=24 cmd=(lx=+0.00,ly=+0.40,rx=+0.00)
t= 14.9 DWA-F pos=(-1.39,-0.03) yaw=+175.1 d=4.54 goal_err=-38 carrot_err= -30 c0=1.02 clear=0.68 prog=0.80 rel=0.40 bal=+0.04 obs=399 hard=347 obsc=469 yr=  3  nz=0.52 flt=0.20 dmap=+0/-0 shz=4.0 plan=24 cmd=(lx=+0.00,ly=+0.40,rx=+0.00)
t= 15.0 DWA-F pos=(-1.42,-0.02) yaw=+174.8 d=4.51 goal_err=-38 carrot_err= -33 c0=1.00 clear=0.67 prog=0.82 rel=0.40 bal=+0.04 obs=399 hard=347 obsc=469 yr=  3  nz=0.52 flt=0.20 dmap=+0/-0 shz=4.0 plan=24 cmd=(lx=+0.00,ly=+0.40,rx=+0.00)
META-SM: NORMAL -> BLIND (trust=1.00 contra=0 iface=1.00 near=1.00) t=15s
t= 15.1 DWA-F pos=(-1.44,-0.00) yaw=+174.5 d=4.48 goal_err=-37 carrot_err= -33 c0=0.97 clear=0.65 prog=0.82 rel=0.40 bal=+0.05 obs=401 hard=343 obsc=453 yr=  4  nz=0.52 flt=0.05 dmap=+10/-8 shz=4.0 plan=24 cmd=(lx=+0.00,ly=+0.40,rx=+0.00)
t= 15.2 DWA-F pos=(-1.46,+0.00) yaw=+174.2 d=4.46 goal_err=-37 carrot_err= -33 c0=0.96 clear=0.64 prog=0.81 rel=0.39 bal=+0.05 obs=401 hard=343 obsc=453 yr=  2  nz=0.61 flt=0.05 dmap=+0/-0 shz=4.0 plan=24 cmd=(lx=+0.00,ly=+0.40,rx=+0.00)
[VIS] perc_n=0 age=- free_c=- vismap=0/0 color=- carpet=- cnear=- crmin=- door=- dets=[-]
t= 15.3 DWA-F pos=(-1.48,+0.00) yaw=+174.2 d=4.45 goal_err=-37 carrot_err= -23 c0=0.94 clear=0.63 prog=0.78 rel=0.39 bal=+0.05 obs=404 hard=342 obsc=447 yr=  0  nz=0.61 flt=0.07 dmap=+5/-2 shz=4.0 plan=22 cmd=(lx=+0.00,ly=+0.40,rx=+0.00)
t= 15.4 DWA-F pos=(-1.50,+0.00) yaw=+174.3 d=4.44 goal_err=-37 carrot_err= -24 c0=0.92 clear=0.61 prog=0.76 rel=0.37 bal=+0.04 obs=404 hard=342 obsc=447 yr=  1  nz=0.63 flt=0.07 dmap=+0/-0 shz=4.0 plan=22 cmd=(lx=+0.00,ly=+0.40,rx=+0.00)
t= 15.6 DWA-F pos=(-1.52,-0.01) yaw=+174.5 d=4.43 goal_err=-38 carrot_err= -25 c0=0.90 clear=0.60 prog=0.71 rel=0.37 bal=+0.03 obs=400 hard=345 obsc=449 yr=  3  nz=0.63 flt=0.06 dmap=+2/-6 shz=4.1 plan=22 cmd=(lx=+0.00,ly=+0.40,rx=+0.00)
t= 15.7 DOOR-GO pos=(-1.54,-0.01) yaw=+174.9 d=4.42 goal_err=-39 carrot_err= -27 c0=0.88 clear=0.59 prog=0.68 rel=0.36 bal=+0.02 obs=400 hard=346 obsc=449 yr=  3  nz=0.64 flt=0.06 dmap=+0/-0 shz=4.1 plan=22 cmd=(lx=+0.00,ly=+0.28,rx=+0.00)
t= 15.8 DOOR-GO pos=(-1.55,-0.02) yaw=+175.2 d=4.41 goal_err=-39 carrot_err= -28 c0=0.87 clear=0.58 prog=0.64 rel=0.36 bal=+0.00 obs=400 hard=346 obsc=449 yr=  4  nz=0.64 flt=0.06 dmap=+0/-0 shz=4.1 plan=22 cmd=(lx=+0.00,ly=+0.28,rx=+0.00)
t= 15.9 DOOR-GO pos=(-1.57,-0.03) yaw=+175.6 d=4.40 goal_err=-40 carrot_err= -30 c0=0.85 clear=0.56 prog=0.61 rel=0.36 bal=-0.01 obs=388 hard=344 obsc=444 yr=  3  nz=0.64 flt=0.12 dmap=+4/-16 shz=4.0 plan=22 cmd=(lx=+0.00,ly=+0.28,rx=+0.00)
t= 16.0 DOOR-GO pos=(-1.59,-0.04) yaw=+175.8 d=4.40 goal_err=-40 carrot_err= -31 c0=0.83 clear=0.55 prog=0.58 rel=0.51 bal=-0.02 obs=388 hard=344 obsc=444 yr=  2  nz=0.49 flt=0.12 dmap=+0/-0 shz=4.0 plan=22 cmd=(lx=+0.00,ly=+0.28,rx=+0.00)
t= 16.1 DWA-F pos=(-1.61,-0.04) yaw=+175.8 d=4.38 goal_err=-40 carrot_err= -32 c0=1.20 clear=0.80 prog=0.57 rel=0.51 bal=+0.25 obs=377 hard=335 obsc=431 yr=  1  nz=0.49 flt=0.07 dmap=+5/-16 shz=4.0 plan=22 cmd=(lx=+0.00,ly=+0.40,rx=+0.00)
META-SM: BLIND -> NORMAL (trust=1.00 contra=0 iface=1.00 near=1.20) t=16s
t= 16.2 DWA-F pos=(-1.63,-0.03) yaw=+175.7 d=4.37 goal_err=-40 carrot_err= -33 c0=1.19 clear=0.79 prog=0.56 rel=0.52 bal=+0.26 obs=378 hard=336 obsc=432 yr=  1  nz=0.48 flt=0.07 dmap=+1/-0 shz=4.0 plan=22 cmd=(lx=+0.00,ly=+0.40,rx=+0.00)
t= 16.3 DWA-F pos=(-1.66,-0.02) yaw=+175.5 d=4.34 goal_err=-40 carrot_err= -35 c0=1.16 clear=0.77 prog=0.58 rel=0.52 bal=+0.27 obs=378 hard=336 obsc=432 yr=  2  nz=0.48 flt=0.07 dmap=+0/-0 shz=4.0 plan=22 cmd=(lx=+0.00,ly=+0.40,rx=+0.00)
[VIS] perc_n=0 age=- free_c=- vismap=0/0 color=- carpet=- cnear=- crmin=- door=- dets=[-]
t= 16.4 DWA-F pos=(-1.69,-0.01) yaw=+175.2 d=4.30 goal_err=-40 carrot_err= -36 c0=1.18 clear=0.78 prog=0.61 rel=0.52 bal=+0.33 obs=376 hard=327 obsc=418 yr=  3  nz=0.48 flt=0.08 dmap=+5/-7 shz=4.0 plan=22 cmd=(lx=+0.00,ly=+0.40,rx=+0.00)
t= 16.5 DWA-F pos=(-1.72,+0.00) yaw=+174.9 d=4.28 goal_err=-40 carrot_err= -37 c0=1.30 clear=0.86 prog=0.63 rel=0.77 bal=+0.34 obs=376 hard=327 obsc=418 yr=  3  nz=0.23 flt=0.08 dmap=+0/-0 shz=4.0 plan=22 cmd=(lx=+0.00,ly=+0.40,rx=+0.00)
t= 16.6 DWA-F pos=(-1.75,+0.02) yaw=+174.6 d=4.25 goal_err=-40 carrot_err= -37 c0=1.27 clear=0.85 prog=0.64 rel=0.77 bal=+0.35 obs=375 hard=327 obsc=413 yr=  3  nz=0.23 flt=0.08 dmap=+2/-3 shz=4.0 plan=22 cmd=(lx=+0.00,ly=+0.40,rx=+0.00)
t= 16.7 DWA-F pos=(-1.78,+0.03) yaw=+174.4 d=4.22 goal_err=-40 carrot_err= -37 c0=1.25 clear=0.83 prog=0.65 rel=0.73 bal=+0.36 obs=375 hard=327 obsc=413 yr=  2  nz=0.27 flt=0.08 dmap=+0/-0 shz=4.0 plan=22 cmd=(lx=+0.00,ly=+0.40,rx=+0.00)
t= 16.8 DWA-F pos=(-1.80,+0.04) yaw=+174.4 d=4.19 goal_err=-40 carrot_err= -38 c0=1.22 clear=0.81 prog=0.64 rel=0.73 bal=+0.36 obs=375 hard=327 obsc=413 yr=  0  nz=0.27 flt=0.08 dmap=+0/-0 shz=4.0 plan=22 cmd=(lx=+0.00,ly=+0.40,rx=+0.00)
t= 16.9 DWA-F pos=(-1.83,+0.04) yaw=+174.5 d=4.17 goal_err=-41 carrot_err= -31 c0=0.99 clear=0.66 prog=0.63 rel=0.73 bal=+0.21 obs=378 hard=331 obsc=419 yr=  1  nz=0.27 flt=0.06 dmap=+7/-4 shz=4.0 plan=20 cmd=(lx=+0.00,ly=+0.40,rx=+0.00)
t= 17.0 DWA-F pos=(-1.89,+0.03) yaw=+174.8 d=4.14 goal_err=-41 carrot_err= -34 c0=0.94 clear=0.62 prog=0.63 rel=0.72 bal=+0.20 obs=378 hard=331 obsc=419 yr=  3  nz=0.28 flt=0.06 dmap=+0/-0 shz=4.0 plan=20 cmd=(lx=+0.00,ly=+0.40,rx=+0.00)
t= 17.1 DWA-F pos=(-1.91,+0.02) yaw=+175.1 d=4.13 goal_err=-42 carrot_err= -35 c0=0.92 clear=0.61 prog=0.59 rel=0.72 bal=+0.18 obs=379 hard=338 obsc=415 yr=  3  nz=0.28 flt=0.11 dmap=+5/-4 shz=4.0 plan=20 cmd=(lx=+0.00,ly=+0.40,rx=+0.45)
t= 17.2 DWA-F pos=(-1.93,+0.01) yaw=+173.5 d=4.13 goal_err=-41 carrot_err= -35 c0=0.89 clear=0.60 prog=0.57 rel=0.72 bal=+0.16 obs=379 hard=339 obsc=415 yr= 16G nz=0.27 flt=0.11 dmap=+0/-0 shz=4.0 plan=20 cmd=(lx=+0.00,ly=+0.40,rx=+0.45)
t= 17.3 DWA-F pos=(-1.95,-0.00) yaw=+169.8 d=4.12 goal_err=-37 carrot_err= -33 c0=0.87 clear=0.58 prog=0.57 rel=0.72 bal=+0.09 obs=379 hard=339 obsc=415 yr= 37G nz=0.27 flt=0.20 dmap=+0/-0 shz=4.0 plan=20 cmd=(lx=+0.00,ly=+0.40,rx=+0.00)
[VIS] perc_n=0 age=- free_c=- vismap=0/0 color=- carpet=- cnear=- crmin=- door=- dets=[-]
t= 17.4 DWA-F pos=(-1.97,-0.00) yaw=+168.0 d=4.11 goal_err=-36 carrot_err= -32 c0=1.05 clear=0.70 prog=0.57 rel=0.70 bal=+0.08 obs=379 hard=339 obsc=415 yr= 17  nz=0.28 flt=0.20 dmap=+0/-0 shz=4.0 plan=20 cmd=(lx=+0.00,ly=+0.40,rx=+0.00)
META-SM: BLIND -> NORMAL (trust=1.00 contra=0 iface=1.00 near=1.05) t=17s
t= 17.5 DWA-F pos=(-1.99,+0.00) yaw=+168.0 d=4.09 goal_err=-36 carrot_err= -33 c0=1.03 clear=0.68 prog=0.58 rel=0.70 bal=+0.07 obs=379 hard=339 obsc=415 yr=  0  nz=0.28 flt=0.20 dmap=+0/-0 shz=4.0 plan=20 cmd=(lx=+0.00,ly=+0.40,rx=+0.45)
t= 17.6 DWA-F pos=(-2.02,+0.01) yaw=+165.9 d=4.06 goal_err=-34 carrot_err= -31 c0=1.18 clear=0.79 prog=0.61 rel=0.70 bal=+0.06 obs=380 hard=340 obsc=416 yr= 20G nz=0.28 flt=0.07 dmap=+1/-0 shz=4.0 plan=20 cmd=(lx=+0.00,ly=+0.40,rx=+0.00)
t= 17.7 DWA-F pos=(-2.05,+0.03) yaw=+163.6 d=4.04 goal_err=-32 carrot_err= -29 c0=1.15 clear=0.77 prog=0.65 rel=0.75 bal=+0.06 obs=380 hard=340 obsc=416 yr= 22  nz=0.25 flt=0.07 dmap=+0/-0 shz=4.0 plan=20 cmd=(lx=+0.00,ly=+0.40,rx=+0.00)
t= 17.8 DWA-F pos=(-2.07,+0.04) yaw=+163.3 d=4.00 goal_err=-32 carrot_err= -29 c0=1.13 clear=0.75 prog=0.69 rel=0.75 bal=+0.00 obs=384 hard=338 obsc=425 yr=  3  nz=0.25 flt=0.10 dmap=+6/-2 shz=4.0 plan=20 cmd=(lx=+0.00,ly=+0.40,rx=+0.00)
t= 17.9 DWA-F pos=(-2.10,+0.06) yaw=+162.9 d=3.97 goal_err=-31 carrot_err= -29 c0=1.10 clear=0.74 prog=0.72 rel=0.76 bal=+0.00 obs=385 hard=339 obsc=426 yr=  4  nz=0.24 flt=0.10 dmap=+1/-0 shz=4.0 plan=20 cmd=(lx=+0.00,ly=+0.40,rx=+0.00)
t= 18.0 DWA-F pos=(-2.12,+0.08) yaw=+162.6 d=3.95 goal_err=-31 carrot_err= -29 c0=1.08 clear=0.72 prog=0.75 rel=0.76 bal=+0.00 obs=385 hard=339 obsc=426 yr=  3  nz=0.24 flt=0.10 dmap=+0/-0 shz=4.0 plan=20 cmd=(lx=+0.00,ly=+0.40,rx=+0.00)
t= 18.1 DWA-F pos=(-2.15,+0.09) yaw=+162.4 d=3.92 goal_err=-31 carrot_err= -30 c0=1.05 clear=0.70 prog=0.77 rel=0.76 bal=-0.01 obs=392 hard=345 obsc=429 yr=  2  nz=0.24 flt=0.06 dmap=+12/-5 shz=4.0 plan=20 cmd=(lx=+0.00,ly=+0.40,rx=+0.00)
t= 18.2 DWA-F pos=(-2.18,+0.10) yaw=+162.3 d=3.89 goal_err=-31 carrot_err= -31 c0=1.03 clear=0.68 prog=0.76 rel=0.81 bal=-0.15 obs=392 hard=345 obsc=429 yr=  1  nz=0.18 flt=0.06 dmap=+0/-0 shz=4.0 plan=20 cmd=(lx=+0.00,ly=+0.40,rx=+0.00)
t= 18.3 DWA-F pos=(-2.20,+0.11) yaw=+162.4 d=3.87 goal_err=-32 carrot_err= -32 c0=1.00 clear=0.67 prog=0.74 rel=0.81 bal=-0.30 obs=415 hard=368 obsc=457 yr=  1  nz=0.18 flt=0.25 dmap=+25/-2 shz=4.0 plan=20 cmd=(lx=+0.00,ly=+0.40,rx=+0.00)
[VIS] perc_n=0 age=- free_c=- vismap=0/0 color=- carpet=- cnear=- crmin=- door=- dets=[-]
t= 18.4 DWA-F pos=(-2.23,+0.10) yaw=+162.6 d=3.85 goal_err=-32 carrot_err= -25 c0=0.97 clear=0.65 prog=0.72 rel=0.66 bal=-0.32 obs=415 hard=368 obsc=457 yr=  2  nz=0.28 flt=0.25 dmap=+0/-0 shz=4.0 plan=18 cmd=(lx=+0.00,ly=+0.40,rx=+0.00)
META-SM: NORMAL -> BLIND (trust=1.00 contra=0 iface=1.00 near=0.97) t=18s
t= 18.5 DWA-F pos=(-2.27,+0.10) yaw=+163.0 d=3.83 goal_err=-33 carrot_err= -27 c0=0.94 clear=0.63 prog=0.71 rel=0.66 bal=-0.59 obs=415 hard=368 obsc=457 yr=  4  nz=0.28 flt=0.25 dmap=+0/-0 shz=4.0 plan=18 cmd=(lx=+0.00,ly=+0.40,rx=+0.00)
t= 18.6 DOOR-CTR pos=(-2.29,+0.10) yaw=+163.4 d=3.82 goal_err=-34 carrot_err= -28 c0=0.72 clear=0.48 prog=0.68 rel=0.66 bal=-0.30 obs=430 hard=376 obsc=480 yr=  4  nz=0.28 flt=0.25 dmap=+16/-1 shz=4.0 plan=18 cmd=(lx=+0.34,ly=+0.00,rx=+0.00)
t= 18.7 DOOR-CTR pos=(-2.31,+0.10) yaw=+163.7 d=3.81 goal_err=-34 carrot_err= -29 c0=0.70 clear=0.46 prog=0.66 rel=0.53 bal=-0.30 obs=430 hard=376 obsc=480 yr=  3  nz=0.39 flt=0.25 dmap=+0/-0 shz=4.0 plan=18 cmd=(lx=+0.34,ly=+0.00,rx=+0.00)
  STRAFE-CAL lx=+0.34 medido=-1.6cm/tick DCHA
t= 18.8 DOOR-GO pos=(-2.31,+0.11) yaw=+163.9 d=3.80 goal_err=-34 carrot_err= -29 c0=0.70 clear=0.47 prog=0.63 rel=0.53 bal=-0.21 obs=443 hard=390 obsc=501 yr=  2  nz=0.39 flt=0.22 dmap=+19/-6 shz=4.0 plan=18 cmd=(lx=+0.00,ly=+0.28,rx=+0.00)
t= 18.9 DOOR-GO pos=(-2.30,+0.13) yaw=+163.9 d=3.79 goal_err=-34 carrot_err= -27 c0=0.70 clear=0.47 prog=0.59 rel=0.51 bal=-0.18 obs=443 hard=391 obsc=501 yr=  0  nz=0.43 flt=0.22 dmap=+0/-0 shz=4.0 plan=18 cmd=(lx=+0.00,ly=+0.28,rx=+0.00)
t= 19.0 DOOR-GO pos=(-2.31,+0.14) yaw=+163.7 d=3.77 goal_err=-34 carrot_err= -28 c0=0.69 clear=0.46 prog=0.61 rel=0.51 bal=-0.18 obs=443 hard=391 obsc=501 yr=  1  nz=0.43 flt=0.22 dmap=+0/-0 shz=4.0 plan=18 cmd=(lx=+0.00,ly=+0.28,rx=+0.00)
t= 19.1 DOOR-GO pos=(-2.33,+0.16) yaw=+163.5 d=3.75 goal_err=-34 carrot_err= -27 c0=0.67 clear=0.45 prog=0.64 rel=0.51 bal=-0.18 obs=443 hard=380 obsc=489 yr=  3  nz=0.43 flt=0.03 dmap=+4/-4 shz=4.0 plan=18 cmd=(lx=+0.00,ly=+0.28,rx=+0.00)
t= 19.2 DOOR-GO pos=(-2.34,+0.17) yaw=+163.1 d=3.73 goal_err=-33 carrot_err= -27 c0=0.66 clear=0.44 prog=0.66 rel=0.57 bal=-0.17 obs=443 hard=381 obsc=489 yr=  4  nz=0.43 flt=0.03 dmap=+0/-0 shz=4.0 plan=18 cmd=(lx=+0.00,ly=+0.28,rx=+0.00)
t= 19.3 DOOR-GO pos=(-2.36,+0.18) yaw=+162.7 d=3.71 goal_err=-33 carrot_err= -26 c0=0.65 clear=0.43 prog=0.67 rel=0.57 bal=-0.16 obs=443 hard=382 obsc=486 yr=  4  nz=0.43 flt=0.03 dmap=+2/-2 shz=4.0 plan=18 cmd=(lx=+0.00,ly=+0.28,rx=+0.00)
[VIS] perc_n=0 age=- free_c=- vismap=0/0 color=- carpet=- cnear=- crmin=- door=- dets=[-]
t= 19.4 DOOR-GO pos=(-2.37,+0.20) yaw=+162.4 d=3.69 goal_err=-33 carrot_err= -26 c0=0.63 clear=0.42 prog=0.68 rel=0.60 bal=-0.16 obs=443 hard=382 obsc=486 yr=  3  nz=0.40 flt=0.03 dmap=+0/-0 shz=4.0 plan=18 cmd=(lx=+0.00,ly=+0.28,rx=+0.00)
t= 19.5 DOOR-GO pos=(-2.39,+0.21) yaw=+162.1 d=3.67 goal_err=-33 carrot_err= -26 c0=0.61 clear=0.41 prog=0.67 rel=0.60 bal=-0.21 obs=443 hard=382 obsc=486 yr=  2  nz=0.40 flt=0.03 dmap=+0/-0 shz=4.0 plan=18 cmd=(lx=+0.00,ly=+0.28,rx=+0.00)
t= 19.6 DOOR-GO pos=(-2.40,+0.21) yaw=+162.1 d=3.66 goal_err=-33 carrot_err= -18 c0=0.60 clear=0.40 prog=0.65 rel=0.60 bal=-0.20 obs=437 hard=379 obsc=485 yr=  1  nz=0.40 flt=0.07 dmap=+3/-9 shz=4.0 plan=18 cmd=(lx=+0.00,ly=+0.28,rx=+0.00)
t= 19.7 DOOR-GO pos=(-2.42,+0.22) yaw=+162.2 d=3.65 goal_err=-33 carrot_err= -19 c0=0.58 clear=0.39 prog=0.61 rel=0.64 bal=-0.21 obs=437 hard=379 obsc=485 yr=  1  nz=0.36 flt=0.07 dmap=+0/-0 shz=4.0 plan=18 cmd=(lx=+0.00,ly=+0.28,rx=+0.00)
DOOR-ENG start t=20s pos=(-2.44,+0.21) sgn=AB
DOOR-CENTER medido: off=-0.04m gap=0.57m (jambas L=+0.25 R=-0.32)
t= 19.8 ENG-F pos=(-2.44,+0.21) yaw=+162.5 d=3.64 goal_err=-34 carrot_err= -20 c0=1.16 clear=0.77 prog=0.58 rel=0.64 bal=-0.21 obs=429 hard=373 obsc=480 yr=  2  nz=0.36 flt=0.04 dmap=+3/-11 shz=4.0 plan=18 cmd=(lx=+0.00,ly=+0.28,rx=+0.00)
META-SM: BLIND -> NORMAL (trust=1.00 contra=0 iface=1.00 near=1.16) t=20s
t= 19.9 ENG-F pos=(-2.46,+0.21) yaw=+162.9 d=3.63 goal_err=-34 carrot_err= -22 c0=1.14 clear=0.76 prog=0.55 rel=0.56 bal=-0.22 obs=429 hard=373 obsc=480 yr=  4  nz=0.44 flt=0.04 dmap=+0/-0 shz=4.0 plan=17 cmd=(lx=+0.00,ly=+0.28,rx=+0.00)
t= 20.0 ENG-F pos=(-2.48,+0.20) yaw=+163.2 d=3.62 goal_err=-35 carrot_err= -23 c0=1.12 clear=0.74 prog=0.51 rel=0.56 bal=-0.31 obs=435 hard=380 obsc=487 yr=  4  nz=0.44 flt=0.37 dmap=+17/-11 shz=4.0 plan=17 cmd=(lx=+0.00,ly=+0.28,rx=+0.00)
t= 20.1 ENG-F pos=(-2.50,+0.20) yaw=+163.6 d=3.61 goal_err=-36 carrot_err= -24 c0=1.10 clear=0.73 prog=0.48 rel=0.47 bal=-0.32 obs=435 hard=380 obsc=487 yr=  4  nz=0.48 flt=0.37 dmap=+0/-0 shz=4.0 plan=17 cmd=(lx=+0.00,ly=+0.28,rx=+0.00)
t= 20.2 ENG-F pos=(-2.52,+0.20) yaw=+163.8 d=3.60 goal_err=-36 carrot_err= -25 c0=1.08 clear=0.72 prog=0.47 rel=0.47 bal=-0.33 obs=435 hard=380 obsc=487 yr=  2  nz=0.48 flt=0.37 dmap=+0/-0 shz=4.0 plan=17 cmd=(lx=+0.00,ly=+0.28,rx=+0.00)
t= 20.4 ENG-F pos=(-2.54,+0.20) yaw=+163.9 d=3.59 goal_err=-36 carrot_err= -26 c0=0.86 clear=0.57 prog=0.46 rel=0.47 bal=-0.21 obs=458 hard=413 obsc=510 yr=  1  nz=0.48 flt=0.23 dmap=+26/-3 shz=4.0 plan=17 cmd=(lx=+0.00,ly=+0.28,rx=+0.00)
[VIS] perc_n=0 age=- free_c=- vismap=0/0 color=- carpet=- cnear=- crmin=- door=- dets=[-]
t= 20.5 ENG-F pos=(-2.56,+0.21) yaw=+163.8 d=3.57 goal_err=-36 carrot_err= -26 c0=0.84 clear=0.56 prog=0.46 rel=0.47 bal=-0.20 obs=458 hard=413 obsc=510 yr=  1  nz=0.49 flt=0.23 dmap=+0/-0 shz=4.0 plan=17 cmd=(lx=+0.00,ly=+0.28,rx=+0.00)
t= 20.6 ENG-F pos=(-2.57,+0.22) yaw=+163.5 d=3.55 goal_err=-36 carrot_err= -26 c0=0.65 clear=0.43 prog=0.48 rel=0.47 bal=-0.08 obs=481 hard=425 obsc=537 yr=  2  nz=0.49 flt=0.15 dmap=+23/-0 shz=4.0 plan=17 cmd=(lx=+0.00,ly=+0.28,rx=+0.00)
t= 20.7 ENG-F pos=(-2.59,+0.24) yaw=+163.2 d=3.53 goal_err=-36 carrot_err= -18 c0=0.63 clear=0.42 prog=0.49 rel=0.46 bal=-0.06 obs=481 hard=426 obsc=537 yr=  3  nz=0.48 flt=0.15 dmap=+0/-0 shz=4.0 plan=17 cmd=(lx=+0.00,ly=+0.28,rx=+0.00)
t= 20.8 ENG-F pos=(-2.60,+0.25) yaw=+162.8 d=3.51 goal_err=-35 carrot_err= -17 c0=0.62 clear=0.41 prog=0.51 rel=0.46 bal=-0.05 obs=481 hard=426 obsc=537 yr=  4  nz=0.48 flt=0.15 dmap=+0/-0 shz=4.0 plan=17 cmd=(lx=+0.00,ly=+0.28,rx=+0.00)
t= 20.9 ENG-F pos=(-2.61,+0.27) yaw=+162.5 d=3.49 goal_err=-35 carrot_err= -17 c0=0.60 clear=0.40 prog=0.52 rel=0.46 bal=-0.04 obs=485 hard=417 obsc=533 yr=  3  nz=0.48 flt=0.08 dmap=+7/-3 shz=4.0 plan=17 cmd=(lx=+0.00,ly=+0.28,rx=+0.00)
t= 21.0 ENG-F pos=(-2.63,+0.28) yaw=+162.3 d=3.47 goal_err=-35 carrot_err= -16 c0=0.58 clear=0.39 prog=0.52 rel=0.49 bal=-0.03 obs=485 hard=417 obsc=533 yr=  2  nz=0.51 flt=0.08 dmap=+0/-0 shz=4.0 plan=17 cmd=(lx=+0.00,ly=+0.28,rx=+0.00)
t= 21.1 ENG-F pos=(-2.65,+0.28) yaw=+162.2 d=3.45 goal_err=-35 carrot_err= -17 c0=0.56 clear=0.38 prog=0.52 rel=0.49 bal=-0.02 obs=488 hard=415 obsc=533 yr=  0  nz=0.51 flt=0.11 dmap=+6/-3 shz=4.0 plan=17 cmd=(lx=+0.00,ly=+0.28,rx=+0.00)
t= 21.2 ENG-F pos=(-2.67,+0.29) yaw=+162.3 d=3.44 goal_err=-35 carrot_err= -17 c0=0.55 clear=0.36 prog=0.50 rel=0.48 bal=-0.01 obs=488 hard=415 obsc=533 yr=  1  nz=0.52 flt=0.11 dmap=+0/-0 shz=4.0 plan=17 cmd=(lx=+0.00,ly=+0.28,rx=+0.00)
t= 21.3 ENG-F pos=(-2.68,+0.29) yaw=+162.5 d=3.43 goal_err=-36 carrot_err= -18 c0=0.53 clear=0.35 prog=0.49 rel=0.48 bal=-0.02 obs=488 hard=415 obsc=533 yr=  2  nz=0.52 flt=0.11 dmap=+0/-0 shz=4.0 plan=17 cmd=(lx=+0.00,ly=+0.28,rx=+0.00)
t= 21.4 ENG-F pos=(-2.70,+0.28) yaw=+162.9 d=3.42 goal_err=-37 carrot_err= -22 c0=0.51 clear=0.34 prog=0.46 rel=0.48 bal=-0.02 obs=485 hard=421 obsc=535 yr=  3  nz=0.52 flt=0.09 dmap=+6/-9 shz=4.0 plan=17 cmd=(lx=+0.00,ly=+0.28,rx=+0.00)
[VIS] perc_n=0 age=- free_c=- vismap=0/0 color=- carpet=- cnear=- crmin=- door=- dets=[-]
t= 21.5 ENG-F pos=(-2.72,+0.27) yaw=+163.3 d=3.42 goal_err=-37 carrot_err= -21 c0=0.50 clear=0.33 prog=0.44 rel=0.52 bal=-0.03 obs=485 hard=421 obsc=535 yr=  4  nz=0.48 flt=0.09 dmap=+0/-0 shz=4.0 plan=16 cmd=(lx=+0.00,ly=+0.28,rx=+0.00)
t= 21.6 ENG-F pos=(-2.74,+0.27) yaw=+163.6 d=3.41 goal_err=-38 carrot_err= -22 c0=0.48 clear=0.32 prog=0.43 rel=0.52 bal=-0.04 obs=471 hard=417 obsc=531 yr=  4  nz=0.48 flt=0.14 dmap=+3/-17 shz=4.0 plan=16 cmd=(lx=+0.00,ly=+0.28,rx=+0.00)
t= 21.7 ENG-F pos=(-2.76,+0.27) yaw=+163.8 d=3.40 goal_err=-38 carrot_err= -23 c0=0.46 clear=0.31 prog=0.43 rel=0.65 bal=-0.04 obs=471 hard=417 obsc=531 yr=  2  nz=0.35 flt=0.14 dmap=+0/-0 shz=4.0 plan=16 cmd=(lx=+0.00,ly=+0.28,rx=+0.00)
t= 21.8 ENG-F pos=(-2.77,+0.27) yaw=+163.9 d=3.39 goal_err=-39 carrot_err= -24 c0=0.44 clear=0.30 prog=0.43 rel=0.65 bal=-0.04 obs=471 hard=417 obsc=531 yr=  1  nz=0.35 flt=0.14 dmap=+0/-0 shz=4.0 plan=16 cmd=(lx=+0.00,ly=+0.28,rx=+0.00)
t= 21.9 ENG-F pos=(-2.79,+0.28) yaw=+163.8 d=3.38 goal_err=-39 carrot_err= -24 c0=0.61 clear=0.41 prog=0.43 rel=0.65 bal=-0.17 obs=470 hard=414 obsc=527 yr=  1  nz=0.35 flt=0.26 dmap=+18/-19 shz=4.0 plan=16 cmd=(lx=+0.00,ly=+0.28,rx=+0.00)
t= 22.0 ENG-F pos=(-2.81,+0.29) yaw=+163.5 d=3.35 goal_err=-39 carrot_err= -24 c0=0.60 clear=0.40 prog=0.46 rel=0.67 bal=-0.16 obs=470 hard=414 obsc=527 yr=  3  nz=0.24 flt=0.26 dmap=+0/-0 shz=4.0 plan=16 cmd=(lx=+0.00,ly=+0.28,rx=+0.00)
t= 22.1 ENG-F pos=(-2.82,+0.31) yaw=+163.2 d=3.33 goal_err=-38 carrot_err= -24 c0=0.59 clear=0.39 prog=0.48 rel=0.67 bal=-0.09 obs=480 hard=416 obsc=530 yr=  3  nz=0.24 flt=0.23 dmap=+14/-4 shz=4.0 plan=16 cmd=(lx=+0.00,ly=+0.28,rx=+0.00)
t= 22.2 ENG-F pos=(-2.84,+0.32) yaw=+162.8 d=3.31 goal_err=-38 carrot_err= -23 c0=0.57 clear=0.38 prog=0.50 rel=0.71 bal=-0.08 obs=480 hard=416 obsc=530 yr=  4  nz=0.21 flt=0.23 dmap=+0/-0 shz=4.0 plan=16 cmd=(lx=+0.00,ly=+0.28,rx=+0.00)
t= 22.3 ENG-F pos=(-2.85,+0.33) yaw=+162.5 d=3.29 goal_err=-38 carrot_err= -23 c0=0.55 clear=0.37 prog=0.51 rel=0.71 bal=-0.07 obs=481 hard=417 obsc=530 yr=  3  nz=0.21 flt=0.23 dmap=+1/-0 shz=4.0 plan=16 cmd=(lx=+0.00,ly=+0.28,rx=+0.00)
t= 22.4 ENG-F pos=(-2.87,+0.35) yaw=+162.2 d=3.28 goal_err=-38 carrot_err= -24 c0=0.54 clear=0.36 prog=0.51 rel=0.71 bal=+0.05 obs=505 hard=436 obsc=557 yr=  3  nz=0.21 flt=0.18 dmap=+25/-1 shz=4.0 plan=16 cmd=(lx=+0.00,ly=+0.28,rx=+0.00)
[VIS] perc_n=0 age=- free_c=- vismap=0/0 color=- carpet=- cnear=- crmin=- door=- dets=[-]
t= 22.5 ENG-F pos=(-2.88,+0.35) yaw=+162.1 d=3.26 goal_err=-38 carrot_err= -24 c0=0.52 clear=0.34 prog=0.50 rel=0.71 bal=+0.05 obs=505 hard=436 obsc=557 yr=  1  nz=0.21 flt=0.18 dmap=+0/-0 shz=4.0 plan=16 cmd=(lx=+0.00,ly=+0.28,rx=+0.00)
t= 22.6 ENG-F pos=(-2.90,+0.35) yaw=+162.3 d=3.25 goal_err=-38 carrot_err= -25 c0=0.50 clear=0.33 prog=0.48 rel=0.71 bal=-0.01 obs=508 hard=427 obsc=555 yr=  1  nz=0.21 flt=0.08 dmap=+5/-2 shz=4.0 plan=16 cmd=(lx=+0.00,ly=+0.28,rx=+0.00)
t= 22.7 ENG-T pos=(-2.94,+0.36) yaw=+162.5 d=3.22 goal_err=-39 carrot_err= -27 c0=0.46 clear=0.30 prog=0.49 rel=0.77 bal=-0.02 obs=508 hard=427 obsc=555 yr=  3  nz=0.22 flt=0.08 dmap=+0/-0 shz=4.0 plan=16 cmd=(lx=+0.00,ly=+0.00,rx=+0.45)
  TURN-CAL rx=+0.45 esperado=-46deg/s medido=-17deg/s OK
t= 22.8 ENG-T pos=(-2.96,+0.35) yaw=+160.9 d=3.22 goal_err=-37 carrot_err= -26 c0=0.45 clear=0.30 prog=0.46 rel=0.77 bal=-0.03 obs=508 hard=427 obsc=555 yr= 17G nz=0.22 flt=0.08 dmap=+0/-0 shz=4.0 plan=16 cmd=(lx=+0.00,ly=+0.00,rx=+0.45)
  TURN-CAL rx=+0.45 esperado=-46deg/s medido=-36deg/s OK
t= 22.9 ENG-F pos=(-2.96,+0.34) yaw=+157.2 d=3.23 goal_err=-34 carrot_err= -23 c0=0.44 clear=0.30 prog=0.42 rel=0.77 bal=-0.04 obs=508 hard=433 obsc=555 yr= 36G nz=0.22 flt=0.29 dmap=+0/-0 shz=4.0 plan=16 cmd=(lx=+0.00,ly=+0.28,rx=+0.00)
t= 23.0 ENG-F pos=(-2.97,+0.34) yaw=+155.6 d=3.22 goal_err=-33 carrot_err= -22 c0=0.43 clear=0.29 prog=0.40 rel=0.73 bal=-0.04 obs=508 hard=433 obsc=555 yr= 16  nz=0.23 flt=0.29 dmap=+0/-0 shz=4.0 plan=14 cmd=(lx=+0.00,ly=+0.28,rx=+0.00)
t= 23.1 ENG-T pos=(-2.99,+0.34) yaw=+155.8 d=3.21 goal_err=-33 carrot_err= -23 c0=0.41 clear=0.28 prog=0.40 rel=0.73 bal=-0.05 obs=508 hard=433 obsc=554 yr=  2  nz=0.23 flt=0.16 dmap=+2/-2 shz=4.0 plan=14 cmd=(lx=+0.00,ly=+0.00,rx=+0.45)
  TURN-CAL rx=+0.45 esperado=-46deg/s medido=-19deg/s OK
t= 23.2 ENG-F pos=(-3.00,+0.34) yaw=+153.9 d=3.20 goal_err=-31 carrot_err= -22 c0=0.40 clear=0.27 prog=0.39 rel=0.75 bal=-0.05 obs=508 hard=433 obsc=554 yr= 19G nz=0.25 flt=0.16 dmap=+0/-0 shz=4.0 plan=14 cmd=(lx=+0.00,ly=+0.28,rx=+0.00)
t= 23.3 ENG-F pos=(-3.01,+0.35) yaw=+151.8 d=3.19 goal_err=-29 carrot_err= -20 c0=0.59 clear=0.40 prog=0.40 rel=0.75 bal=+0.02 obs=510 hard=444 obsc=564 yr= 21  nz=0.25 flt=0.25 dmap=+8/-6 shz=4.0 plan=14 cmd=(lx=+0.00,ly=+0.28,rx=+0.00)
t= 23.4 ENG-F pos=(-3.02,+0.36) yaw=+151.5 d=3.18 goal_err=-29 carrot_err= -19 c0=0.58 clear=0.39 prog=0.42 rel=0.68 bal=+0.03 obs=511 hard=445 obsc=565 yr=  3  nz=0.25 flt=0.25 dmap=+1/-0 shz=4.0 plan=14 cmd=(lx=+0.00,ly=+0.28,rx=+0.00)
[VIS] perc_n=0 age=- free_c=- vismap=0/0 color=- carpet=- cnear=- crmin=- door=- dets=[-]
t= 23.5 ENG-F pos=(-3.03,+0.38) yaw=+151.1 d=3.16 goal_err=-29 carrot_err= -19 c0=0.61 clear=0.41 prog=0.44 rel=0.68 bal=+0.05 obs=511 hard=445 obsc=565 yr=  4  nz=0.25 flt=0.25 dmap=+0/-0 shz=4.0 plan=14 cmd=(lx=+0.00,ly=+0.28,rx=+0.00)
t= 23.6 ENG-F pos=(-3.04,+0.40) yaw=+150.8 d=3.13 goal_err=-28 carrot_err= -18 c0=0.59 clear=0.39 prog=0.46 rel=0.68 bal=-0.04 obs=518 hard=458 obsc=581 yr=  4  nz=0.25 flt=0.23 dmap=+12/-5 shz=4.0 plan=14 cmd=(lx=+0.00,ly=+0.28,rx=+0.00)
t= 23.7 ENG-F pos=(-3.05,+0.41) yaw=+150.3 d=3.12 goal_err=-28 carrot_err= -17 c0=0.58 clear=0.39 prog=0.47 rel=0.66 bal=-0.03 obs=518 hard=458 obsc=581 yr=  4  nz=0.25 flt=0.23 dmap=+0/-0 shz=4.0 plan=14 cmd=(lx=+0.00,ly=+0.28,rx=+0.00)
t= 23.8 ENG-F pos=(-3.06,+0.43) yaw=+150.2 d=3.10 goal_err=-28 carrot_err= -17 c0=0.56 clear=0.38 prog=0.48 rel=0.66 bal=-0.02 obs=526 hard=460 obsc=586 yr=  2  nz=0.25 flt=0.13 dmap=+16/-8 shz=4.0 plan=14 cmd=(lx=+0.00,ly=+0.28,rx=+0.00)
t= 23.9 ENG-F pos=(-3.08,+0.44) yaw=+150.1 d=3.08 goal_err=-28 carrot_err= -17 c0=0.55 clear=0.36 prog=0.47 rel=0.68 bal=-0.01 obs=526 hard=461 obsc=586 yr=  1  nz=0.24 flt=0.13 dmap=+0/-0 shz=4.0 plan=14 cmd=(lx=+0.00,ly=+0.28,rx=+0.00)
t= 24.0 ENG-F pos=(-3.10,+0.45) yaw=+150.2 d=3.07 goal_err=-28 carrot_err= -18 c0=0.53 clear=0.35 prog=0.46 rel=0.68 bal=-0.04 obs=526 hard=461 obsc=586 yr=  1  nz=0.24 flt=0.13 dmap=+0/-0 shz=4.0 plan=14 cmd=(lx=+0.00,ly=+0.28,rx=+0.00)
t= 24.1 ENG-T pos=(-3.12,+0.45) yaw=+150.4 d=3.05 goal_err=-28 carrot_err= -19 c0=0.51 clear=0.34 prog=0.45 rel=0.68 bal=-0.05 obs=527 hard=442 obsc=578 yr=  2  nz=0.24 flt=0.08 dmap=+4/-3 shz=4.0 plan=14 cmd=(lx=+0.00,ly=+0.00,rx=+0.45)
  TURN-CAL rx=+0.45 esperado=-46deg/s medido=-16deg/s OK
t= 24.2 ENG-T pos=(-3.13,+0.44) yaw=+148.7 d=3.05 goal_err=-27 carrot_err= -19 c0=0.49 clear=0.33 prog=0.42 rel=0.75 bal=-0.06 obs=527 hard=442 obsc=578 yr= 16G nz=0.25 flt=0.08 dmap=+0/-0 shz=4.0 plan=14 cmd=(lx=+0.00,ly=+0.00,rx=+0.45)
  TURN-CAL rx=+0.45 esperado=-46deg/s medido=-36deg/s OK
t= 24.3 ENG-T pos=(-3.14,+0.44) yaw=+145.1 d=3.05 goal_err=-24 carrot_err= -16 c0=0.49 clear=0.33 prog=0.38 rel=0.75 bal=-0.07 obs=527 hard=443 obsc=578 yr= 36G nz=0.25 flt=0.20 dmap=+0/-0 shz=4.0 plan=14 cmd=(lx=+0.00,ly=+0.00,rx=+0.45)
  TURN-CAL rx=+0.45 esperado=-46deg/s medido=-36deg/s OK
t= 24.4 ENG-F pos=(-3.14,+0.43) yaw=+141.4 d=3.06 goal_err=-20 carrot_err= -13 c0=0.49 clear=0.33 prog=0.35 rel=0.73 bal=-0.08 obs=527 hard=443 obsc=578 yr= 36G nz=0.25 flt=0.20 dmap=+0/-0 shz=4.0 plan=14 cmd=(lx=+0.00,ly=+0.28,rx=+0.00)
[VIS] perc_n=0 age=- free_c=- vismap=0/0 color=- carpet=- cnear=- crmin=- door=- dets=[-]
t= 24.5 ENG-F pos=(-3.16,+0.43) yaw=+139.7 d=3.05 goal_err=-19 carrot_err= -12 c0=0.48 clear=0.32 prog=0.34 rel=0.73 bal=-0.08 obs=527 hard=443 obsc=578 yr= 17  nz=0.25 flt=0.20 dmap=+0/-0 shz=4.0 plan=15 cmd=(lx=+0.00,ly=+0.28,rx=+0.00)
t= 24.6 ENG-T pos=(-3.17,+0.44) yaw=+139.7 d=3.03 goal_err=-19 carrot_err= -12 c0=0.46 clear=0.31 prog=0.32 rel=0.73 bal=-0.09 obs=526 hard=443 obsc=575 yr=  1  nz=0.25 flt=0.16 dmap=+1/-2 shz=4.0 plan=15 cmd=(lx=+0.00,ly=+0.00,rx=+0.45)
  TURN-CAL rx=+0.45 esperado=-46deg/s medido=-21deg/s OK
t= 24.7 ENG-F pos=(-3.18,+0.45) yaw=+137.6 d=3.02 goal_err=-17 carrot_err= -10 c0=0.45 clear=0.30 prog=0.34 rel=0.77 bal=-0.08 obs=526 hard=443 obsc=575 yr= 21G nz=0.23 flt=0.16 dmap=+0/-0 shz=4.0 plan=15 cmd=(lx=+0.00,ly=+0.28,rx=+0.00)
t= 24.8 ENG-F pos=(-3.18,+0.46) yaw=+135.4 d=3.01 goal_err=-14 carrot_err=  -7 c0=0.59 clear=0.39 prog=0.37 rel=0.77 bal=-0.08 obs=518 hard=444 obsc=580 yr= 22  nz=0.23 flt=0.04 dmap=+4/-12 shz=4.0 plan=15 cmd=(lx=+0.00,ly=+0.28,rx=+0.00)
DOOR-ENG at-position t=25s err=0.22m
t= 24.9 ENG-AL. pos=(-3.18,+0.48) yaw=+135.0 d=2.99 goal_err=-14 carrot_err=  -6 c0=0.57 clear=0.38 prog=0.40 rel=0.78 bal=-0.06 obs=518 hard=445 obsc=580 yr=  4  nz=0.22 flt=0.04 dmap=+0/-0 shz=4.0 plan=15 cmd=(lx=+0.00,ly=+0.00,rx=+0.00)
DOOR-ENG aligned t=25s yaw=+135 he=+0.5
DOOR-EXIT-CTR saliendo: ignoro centro medido (-0.04 m) y servoo al eje del mapa
t= 25.0 ENG-GO pos=(-3.19,+0.50) yaw=+134.5 d=2.97 goal_err=-13 carrot_err=  -5 c0=0.54 clear=0.36 prog=0.41 rel=0.78 bal=-0.05 obs=518 hard=445 obsc=580 yr=  4  nz=0.22 flt=0.04 dmap=+0/-0 shz=4.0 plan=15 cmd=(lx=+0.00,ly=+0.28,rx=+0.00)
t= 25.1 ENG-GO pos=(-3.18,+0.51) yaw=+134.2 d=2.97 goal_err=-13 carrot_err=  -2 c0=0.69 clear=0.46 prog=0.41 rel=0.78 bal=-0.17 obs=504 hard=435 obsc=567 yr=  3  nz=0.22 flt=0.07 dmap=+3/-17 shz=4.0 plan=15 cmd=(lx=+0.00,ly=+0.28,rx=+0.00)
t= 25.2 ENG-GO pos=(-3.19,+0.52) yaw=+134.0 d=2.95 goal_err=-12 carrot_err=  -2 c0=0.67 clear=0.45 prog=0.42 rel=0.77 bal=-0.17 obs=504 hard=435 obsc=567 yr=  2  nz=0.23 flt=0.07 dmap=+0/-0 shz=4.0 plan=15 cmd=(lx=+0.00,ly=+0.28,rx=+0.00)
t= 25.3 ENG-GO pos=(-3.20,+0.54) yaw=+133.9 d=2.93 goal_err=-12 carrot_err=  -2 c0=0.66 clear=0.44 prog=0.42 rel=0.77 bal=-0.17 obs=481 hard=425 obsc=557 yr=  1  nz=0.23 flt=0.09 dmap=+4/-27 shz=4.0 plan=15 cmd=(lx=+0.00,ly=+0.28,rx=+0.00)
t= 25.4 ENG-GO pos=(-3.21,+0.55) yaw=+133.9 d=2.92 goal_err=-13 carrot_err=  -2 c0=0.64 clear=0.43 prog=0.41 rel=0.84 bal=-0.17 obs=481 hard=425 obsc=557 yr=  0  nz=0.15 flt=0.09 dmap=+0/-0 shz=4.0 plan=15 cmd=(lx=+0.00,ly=+0.28,rx=+0.00)
[VIS] perc_n=0 age=- free_c=- vismap=0/0 color=- carpet=- cnear=- crmin=- door=- dets=[-]
t= 25.5 ENG-GO pos=(-3.23,+0.56) yaw=+134.2 d=2.90 goal_err=-13 carrot_err=  -3 c0=0.62 clear=0.41 prog=0.40 rel=0.84 bal=-0.18 obs=482 hard=426 obsc=558 yr=  2  nz=0.15 flt=0.09 dmap=+1/-0 shz=4.0 plan=15 cmd=(lx=+0.00,ly=+0.28,rx=+0.00)
t= 25.6 ENG-GO pos=(-3.25,+0.56) yaw=+134.5 d=2.89 goal_err=-14 carrot_err=  -4 c0=1.05 clear=0.70 prog=0.39 rel=0.84 bal=-0.19 obs=482 hard=414 obsc=532 yr=  3  nz=0.15 flt=0.13 dmap=+2/-2 shz=4.0 plan=15 cmd=(lx=+0.00,ly=+0.28,rx=+0.00)
META-SM: BLIND -> NORMAL (trust=1.00 contra=0 iface=1.00 near=1.05) t=26s
t= 25.7 ENG-GO pos=(-3.27,+0.56) yaw=+134.8 d=2.88 goal_err=-14 carrot_err=  -5 c0=1.03 clear=0.69 prog=0.38 rel=0.68 bal=-0.20 obs=482 hard=414 obsc=532 yr=  4  nz=0.32 flt=0.13 dmap=+0/-0 shz=4.0 plan=15 cmd=(lx=+0.00,ly=+0.28,rx=+0.00)
t= 25.8 ENG-GO pos=(-3.29,+0.57) yaw=+135.2 d=2.86 goal_err=-15 carrot_err=  -6 c0=1.01 clear=0.67 prog=0.38 rel=0.68 bal=-0.22 obs=479 hard=415 obsc=534 yr=  3  nz=0.32 flt=0.07 dmap=+3/-6 shz=4.0 plan=15 cmd=(lx=+0.00,ly=+0.28,rx=+0.00)
t= 25.9 ENG-GO pos=(-3.30,+0.58) yaw=+135.4 d=2.85 goal_err=-15 carrot_err=  -7 c0=0.99 clear=0.66 prog=0.38 rel=0.65 bal=-0.22 obs=479 hard=415 obsc=534 yr=  2  nz=0.35 flt=0.07 dmap=+0/-0 shz=4.0 plan=15 cmd=(lx=+0.00,ly=+0.28,rx=+0.00)
t= 26.0 ENG-GO pos=(-3.32,+0.59) yaw=+135.5 d=2.83 goal_err=-16 carrot_err=  -6 c0=0.97 clear=0.65 prog=0.38 rel=0.65 bal=-0.23 obs=479 hard=415 obsc=534 yr=  1  nz=0.35 flt=0.07 dmap=+0/-0 shz=4.0 plan=13 cmd=(lx=+0.00,ly=+0.28,rx=+0.00)
t= 26.1 ENG-GO pos=(-3.33,+0.60) yaw=+135.4 d=2.81 goal_err=-16 carrot_err=  -6 c0=0.95 clear=0.64 prog=0.41 rel=0.65 bal=-0.22 obs=484 hard=419 obsc=537 yr=  1  nz=0.35 flt=0.07 dmap=+9/-4 shz=4.0 plan=13 cmd=(lx=+0.00,ly=+0.28,rx=+0.00)
t= 26.2 ENG-GO pos=(-3.34,+0.62) yaw=+135.1 d=2.79 goal_err=-15 carrot_err=  -5 c0=0.94 clear=0.63 prog=0.45 rel=0.70 bal=-0.22 obs=484 hard=419 obsc=537 yr=  2  nz=0.30 flt=0.07 dmap=+0/-0 shz=4.0 plan=13 cmd=(lx=+0.00,ly=+0.28,rx=+0.00)
t= 26.3 ENG-GO pos=(-3.35,+0.64) yaw=+134.8 d=2.77 goal_err=-15 carrot_err=  -4 c0=0.92 clear=0.62 prog=0.49 rel=0.70 bal=-0.21 obs=485 hard=420 obsc=534 yr=  3  nz=0.30 flt=0.03 dmap=+3/-2 shz=4.0 plan=13 cmd=(lx=+0.00,ly=+0.28,rx=+0.00)
t= 26.4 ENG-GO pos=(-3.35,+0.66) yaw=+134.4 d=2.75 goal_err=-14 carrot_err=  -3 c0=0.91 clear=0.61 prog=0.51 rel=0.74 bal=-0.20 obs=485 hard=420 obsc=534 yr=  4  nz=0.26 flt=0.03 dmap=+0/-0 shz=4.0 plan=13 cmd=(lx=+0.00,ly=+0.28,rx=+0.00)
[VIS] perc_n=0 age=- free_c=- vismap=0/0 color=- carpet=- cnear=- crmin=- door=- dets=[-]
t= 26.6 ENG-GO pos=(-3.36,+0.68) yaw=+134.1 d=2.73 goal_err=-14 carrot_err=  -3 c0=0.90 clear=0.60 prog=0.52 rel=0.74 bal=-0.18 obs=480 hard=417 obsc=533 yr=  3  nz=0.26 flt=0.13 dmap=+1/-6 shz=4.0 plan=13 cmd=(lx=+0.00,ly=+0.28,rx=+0.00)
t= 26.7 ENG-GO pos=(-3.37,+0.69) yaw=+133.9 d=2.71 goal_err=-14 carrot_err=  -2 c0=1.01 clear=0.67 prog=0.53 rel=0.74 bal=-0.17 obs=480 hard=417 obsc=533 yr=  2  nz=0.24 flt=0.13 dmap=+0/-0 shz=4.0 plan=13 cmd=(lx=+0.00,ly=+0.28,rx=+0.00)
META-SM: BLIND -> NORMAL (trust=1.00 contra=0 iface=1.00 near=1.01) t=27s
t= 26.8 ENG-GO pos=(-3.38,+0.71) yaw=+133.8 d=2.70 goal_err=-14 carrot_err=  -2 c0=0.99 clear=0.66 prog=0.55 rel=0.74 bal=-0.17 obs=480 hard=417 obsc=533 yr=  1  nz=0.24 flt=0.13 dmap=+0/-0 shz=4.0 plan=13 cmd=(lx=+0.00,ly=+0.28,rx=+0.00)
t= 26.9 ENG-GO pos=(-3.40,+0.72) yaw=+133.9 d=2.68 goal_err=-14 carrot_err=  -2 c0=0.97 clear=0.65 prog=0.55 rel=0.74 bal=-0.16 obs=484 hard=417 obsc=532 yr=  1  nz=0.24 flt=0.07 dmap=+5/-1 shz=4.0 plan=13 cmd=(lx=+0.00,ly=+0.28,rx=+0.00)
t= 27.0 ENG-GO pos=(-3.41,+0.73) yaw=+134.1 d=2.66 goal_err=-14 carrot_err=  -3 c0=0.96 clear=0.64 prog=0.53 rel=0.88 bal=-0.17 obs=484 hard=417 obsc=532 yr=  3  nz=0.11 flt=0.07 dmap=+0/-0 shz=4.0 plan=13 cmd=(lx=+0.00,ly=+0.28,rx=+0.00)
t= 27.1 ENG-GO pos=(-3.43,+0.73) yaw=+134.5 d=2.65 goal_err=-15 carrot_err=  -4 c0=0.94 clear=0.63 prog=0.56 rel=0.88 bal=-0.17 obs=493 hard=429 obsc=543 yr=  3  nz=0.11 flt=0.30 dmap=+11/-2 shz=4.0 plan=13 cmd=(lx=+0.00,ly=+0.28,rx=+0.00)
t= 27.2 ENG-GO pos=(-3.45,+0.74) yaw=+134.8 d=2.63 goal_err=-16 carrot_err=  -5 c0=0.93 clear=0.62 prog=0.55 rel=0.74 bal=-0.06 obs=493 hard=429 obsc=543 yr=  4  nz=0.18 flt=0.30 dmap=+0/-0 shz=4.0 plan=13 cmd=(lx=+0.00,ly=+0.28,rx=+0.00)
t= 27.3 ENG-GO pos=(-3.47,+0.74) yaw=+135.2 d=2.62 goal_err=-17 carrot_err=  -7 c0=0.92 clear=0.61 prog=0.55 rel=0.74 bal=-0.07 obs=493 hard=429 obsc=543 yr=  4  nz=0.18 flt=0.30 dmap=+0/-0 shz=4.0 plan=13 cmd=(lx=+0.00,ly=+0.28,rx=+0.00)
t= 27.4 ENG-GO pos=(-3.49,+0.75) yaw=+135.5 d=2.60 goal_err=-17 carrot_err=  -7 c0=1.01 clear=0.68 prog=0.54 rel=0.74 bal=-0.08 obs=503 hard=439 obsc=560 yr=  2  nz=0.18 flt=0.27 dmap=+15/-5 shz=4.0 plan=13 cmd=(lx=+0.00,ly=+0.28,rx=+0.00)
t= 27.5 ENG-GO pos=(-3.51,+0.76) yaw=+135.6 d=2.59 goal_err=-17 carrot_err=  -8 c0=0.99 clear=0.66 prog=0.55 rel=0.71 bal=-0.08 obs=503 hard=439 obsc=560 yr=  1  nz=0.19 flt=0.27 dmap=+0/-0 shz=4.0 plan=13 cmd=(lx=+0.00,ly=+0.28,rx=+0.00)
[VIS] perc_n=0 age=- free_c=- vismap=0/0 color=- carpet=- cnear=- crmin=- door=- dets=[-]
t= 27.6 ENG-GO pos=(-3.52,+0.78) yaw=+135.5 d=2.57 goal_err=-17 carrot_err=  -6 c0=0.68 clear=0.46 prog=0.55 rel=0.71 bal=-0.07 obs=517 hard=453 obsc=575 yr=  1  nz=0.19 flt=0.19 dmap=+17/-3 shz=4.0 plan=12 cmd=(lx=+0.00,ly=+0.28,rx=+0.00)
t= 27.7 ENG-GO pos=(-3.53,+0.79) yaw=+135.3 d=2.55 goal_err=-17 carrot_err=  -5 c0=0.66 clear=0.44 prog=0.57 rel=0.62 bal=-0.06 obs=518 hard=454 obsc=576 yr=  2  nz=0.28 flt=0.19 dmap=+1/-0 shz=4.0 plan=12 cmd=(lx=+0.00,ly=+0.28,rx=+0.00)
t= 27.8 ENG-GO pos=(-3.53,+0.82) yaw=+135.0 d=2.53 goal_err=-17 carrot_err=  -5 c0=0.64 clear=0.43 prog=0.58 rel=0.62 bal=-0.04 obs=518 hard=454 obsc=576 yr=  3  nz=0.28 flt=0.19 dmap=+0/-0 shz=4.0 plan=12 cmd=(lx=+0.00,ly=+0.28,rx=+0.00)
t= 27.9 ENG-GO pos=(-3.54,+0.83) yaw=+134.6 d=2.51 goal_err=-16 carrot_err=  -4 c0=0.62 clear=0.42 prog=0.59 rel=0.62 bal=+0.05 obs=514 hard=432 obsc=569 yr=  4  nz=0.28 flt=0.07 dmap=+1/-5 shz=4.0 plan=12 cmd=(lx=+0.00,ly=+0.28,rx=+0.00)
t= 28.0 ENG-GO pos=(-3.54,+0.85) yaw=+134.3 d=2.49 goal_err=-16 carrot_err=  -3 c0=0.60 clear=0.40 prog=0.59 rel=0.63 bal=+0.06 obs=514 hard=432 obsc=569 yr=  4  nz=0.37 flt=0.07 dmap=+0/-0 shz=4.0 plan=12 cmd=(lx=+0.00,ly=+0.28,rx=+0.00)
t= 28.1 ENG-GO pos=(-3.54,+0.87) yaw=+134.0 d=2.47 goal_err=-15 carrot_err=  -2 c0=0.59 clear=0.39 prog=0.59 rel=0.63 bal=+0.07 obs=517 hard=430 obsc=571 yr=  3  nz=0.37 flt=0.10 dmap=+3/-0 shz=4.0 plan=12 cmd=(lx=+0.00,ly=+0.28,rx=+0.00)
t= 28.2 ENG-GO pos=(-3.56,+0.89) yaw=+133.9 d=2.45 goal_err=-15 carrot_err=  -2 c0=0.57 clear=0.38 prog=0.58 rel=0.58 bal=+0.07 obs=517 hard=430 obsc=571 yr=  1  nz=0.42 flt=0.10 dmap=+0/-0 shz=4.0 plan=12 cmd=(lx=+0.00,ly=+0.28,rx=+0.00)
t= 28.3 ENG-GO pos=(-3.57,+0.90) yaw=+133.9 d=2.44 goal_err=-16 carrot_err=  -2 c0=0.55 clear=0.37 prog=0.58 rel=0.58 bal=+0.06 obs=517 hard=430 obsc=571 yr=  1  nz=0.42 flt=0.10 dmap=+0/-0 shz=4.0 plan=12 cmd=(lx=+0.00,ly=+0.28,rx=+0.00)
t= 28.4 ENG-GO pos=(-3.59,+0.90) yaw=+134.1 d=2.42 goal_err=-16 carrot_err=  -3 c0=0.54 clear=0.36 prog=0.57 rel=0.58 bal=+0.05 obs=515 hard=429 obsc=571 yr=  2  nz=0.42 flt=0.08 dmap=+1/-3 shz=4.0 plan=12 cmd=(lx=+0.00,ly=+0.28,rx=+0.00)
t= 28.5 ENG-GO pos=(-3.60,+0.91) yaw=+134.5 d=2.41 goal_err=-17 carrot_err=  -4 c0=0.53 clear=0.35 prog=0.56 rel=0.56 bal=+0.04 obs=515 hard=429 obsc=571 yr=  3  nz=0.44 flt=0.08 dmap=+0/-0 shz=4.0 plan=12 cmd=(lx=+0.00,ly=+0.28,rx=+0.00)
[VIS] perc_n=0 age=- free_c=- vismap=0/0 color=- carpet=- cnear=- crmin=- door=- dets=[-]
t= 28.6 ENG-GO pos=(-3.63,+0.92) yaw=+134.8 d=2.39 goal_err=-17 carrot_err=  -5 c0=0.91 clear=0.61 prog=0.56 rel=0.56 bal=+0.02 obs=506 hard=427 obsc=570 yr=  4  nz=0.44 flt=0.11 dmap=+2/-11 shz=4.0 plan=12 cmd=(lx=+0.00,ly=+0.28,rx=+0.00)
t= 28.7 ENG-GO pos=(-3.65,+0.92) yaw=+135.2 d=2.38 goal_err=-18 carrot_err=  -6 c0=0.80 clear=0.54 prog=0.54 rel=0.57 bal=-0.07 obs=506 hard=427 obsc=570 yr=  3  nz=0.43 flt=0.11 dmap=+0/-0 shz=4.0 plan=12 cmd=(lx=+0.00,ly=+0.28,rx=+0.00)
t= 28.8 ENG-GO pos=(-3.67,+0.93) yaw=+135.4 d=2.37 goal_err=-19 carrot_err=  -7 c0=0.78 clear=0.52 prog=0.54 rel=0.57 bal=-0.08 obs=506 hard=427 obsc=570 yr=  3  nz=0.43 flt=0.11 dmap=+0/-0 shz=4.0 plan=12 cmd=(lx=+0.00,ly=+0.28,rx=+0.00)
t= 28.9 ENG-GO pos=(-3.68,+0.94) yaw=+135.6 d=2.35 goal_err=-19 carrot_err=  -7 c0=0.77 clear=0.51 prog=0.54 rel=0.57 bal=-0.21 obs=481 hard=424 obsc=560 yr=  1  nz=0.43 flt=0.07 dmap=+4/-29 shz=4.0 plan=12 cmd=(lx=+0.00,ly=+0.28,rx=+0.00)
t= 29.0 ENG-GO pos=(-3.69,+0.95) yaw=+135.5 d=2.33 goal_err=-19 carrot_err=  -7 c0=0.84 clear=0.56 prog=0.54 rel=0.67 bal=-0.20 obs=481 hard=424 obsc=560 yr=  1  nz=0.33 flt=0.07 dmap=+0/-0 shz=4.0 plan=12 cmd=(lx=+0.00,ly=+0.28,rx=+0.00)
t= 29.1 ENG-GO pos=(-3.70,+0.97) yaw=+135.3 d=2.31 goal_err=-19 carrot_err=  -5 c0=0.82 clear=0.55 prog=0.56 rel=0.67 bal=-0.19 obs=477 hard=418 obsc=533 yr=  2  nz=0.33 flt=0.07 dmap=+2/-6 shz=4.0 plan=11 cmd=(lx=+0.00,ly=+0.28,rx=+0.00)
t= 29.2 ENG-GO pos=(-3.71,+1.00) yaw=+134.9 d=2.28 goal_err=-18 carrot_err=  -4 c0=0.79 clear=0.53 prog=0.59 rel=0.75 bal=-0.17 obs=477 hard=418 obsc=533 yr=  3  nz=0.25 flt=0.07 dmap=+0/-0 shz=4.0 plan=11 cmd=(lx=+0.00,ly=+0.28,rx=+0.00)
t= 29.3 ENG-GO pos=(-3.72,+1.02) yaw=+134.6 d=2.26 goal_err=-18 carrot_err=  -3 c0=0.78 clear=0.52 prog=0.60 rel=0.75 bal=-0.15 obs=478 hard=416 obsc=529 yr=  3  nz=0.25 flt=0.09 dmap=+4/-3 shz=4.0 plan=11 cmd=(lx=+0.00,ly=+0.28,rx=+0.00)
t= 29.4 ENG-GO pos=(-3.73,+1.04) yaw=+134.2 d=2.23 goal_err=-18 carrot_err=  -3 c0=0.76 clear=0.51 prog=0.61 rel=0.77 bal=-0.06 obs=478 hard=416 obsc=529 yr=  3  nz=0.23 flt=0.09 dmap=+0/-0 shz=4.0 plan=11 cmd=(lx=+0.00,ly=+0.28,rx=+0.00)
t= 29.5 ENG-GO pos=(-3.73,+1.06) yaw=+134.0 d=2.22 goal_err=-17 carrot_err=  -2 c0=0.75 clear=0.50 prog=0.61 rel=0.77 bal=-0.05 obs=478 hard=416 obsc=529 yr=  2  nz=0.23 flt=0.09 dmap=+0/-0 shz=4.0 plan=11 cmd=(lx=+0.00,ly=+0.28,rx=+0.00)
[VIS] perc_n=0 age=- free_c=- vismap=0/0 color=- carpet=- cnear=- crmin=- door=- dets=[-]
t= 29.6 ENG-GO pos=(-3.74,+1.08) yaw=+133.9 d=2.20 goal_err=-17 carrot_err=  -1 c0=0.73 clear=0.49 prog=0.60 rel=0.77 bal=+0.01 obs=469 hard=415 obsc=529 yr=  1  nz=0.23 flt=0.12 dmap=+1/-10 shz=4.0 plan=11 cmd=(lx=+0.00,ly=+0.28,rx=+0.00)
t= 29.7 ENG-GO pos=(-3.75,+1.09) yaw=+133.9 d=2.18 goal_err=-17 carrot_err=  -2 c0=0.72 clear=0.48 prog=0.59 rel=0.79 bal=+0.01 obs=469 hard=415 obsc=529 yr=  0  nz=0.21 flt=0.12 dmap=+0/-0 shz=4.0 plan=11 cmd=(lx=+0.00,ly=+0.28,rx=+0.00)
t= 29.8 ENG-GO pos=(-3.77,+1.09) yaw=+134.1 d=2.17 goal_err=-18 carrot_err=  -2 c0=0.70 clear=0.47 prog=0.58 rel=0.79 bal=+0.01 obs=471 hard=411 obsc=522 yr=  2  nz=0.21 flt=0.06 dmap=+3/-1 shz=4.0 plan=11 cmd=(lx=+0.00,ly=+0.28,rx=+0.00)
t= 29.9 ENG-GO pos=(-3.79,+1.10) yaw=+134.4 d=2.16 goal_err=-19 carrot_err=  -3 c0=0.68 clear=0.45 prog=0.57 rel=0.80 bal=+0.00 obs=471 hard=411 obsc=522 yr=  3  nz=0.20 flt=0.06 dmap=+0/-0 shz=4.0 plan=11 cmd=(lx=+0.00,ly=+0.28,rx=+0.00)
t= 30.0 ENG-GO pos=(-3.81,+1.10) yaw=+134.8 d=2.14 goal_err=-19 carrot_err=  -5 c0=0.66 clear=0.44 prog=0.57 rel=0.80 bal=-0.00 obs=471 hard=411 obsc=522 yr=  4  nz=0.20 flt=0.06 dmap=+0/-0 shz=4.0 plan=11 cmd=(lx=+0.00,ly=+0.28,rx=+0.00)
t= 30.1 ENG-GO pos=(-3.83,+1.11) yaw=+135.2 d=2.13 goal_err=-20 carrot_err=  -6 c0=0.64 clear=0.43 prog=0.56 rel=0.80 bal=-0.01 obs=472 hard=410 obsc=523 yr=  4  nz=0.20 flt=0.07 dmap=+2/-1 shz=4.0 plan=11 cmd=(lx=+0.00,ly=+0.28,rx=+0.00)
t= 30.2 ENG-GO pos=(-3.85,+1.11) yaw=+135.5 d=2.12 goal_err=-21 carrot_err=  -7 c0=0.62 clear=0.41 prog=0.55 rel=0.87 bal=+0.04 obs=472 hard=410 obsc=523 yr=  3  nz=0.13 flt=0.07 dmap=+0/-0 shz=4.0 plan=11 cmd=(lx=+0.00,ly=+0.28,rx=+0.00)
t= 30.3 ENG-GO pos=(-3.87,+1.12) yaw=+135.6 d=2.10 goal_err=-21 carrot_err=  -7 c0=0.60 clear=0.40 prog=0.55 rel=0.87 bal=-0.09 obs=470 hard=411 obsc=525 yr=  1  nz=0.13 flt=0.16 dmap=+1/-3 shz=4.0 plan=11 cmd=(lx=+0.00,ly=+0.28,rx=+0.00)
t= 30.4 ENG-GO pos=(-3.88,+1.14) yaw=+135.5 d=2.08 goal_err=-21 carrot_err= -14 c0=0.58 clear=0.39 prog=0.56 rel=0.84 bal=-0.10 obs=470 hard=411 obsc=525 yr=  1  nz=0.15 flt=0.16 dmap=+0/-0 shz=4.0 plan=11 cmd=(lx=+0.00,ly=+0.28,rx=+0.00)
t= 30.5 ENG-GO pos=(-3.89,+1.15) yaw=+135.3 d=2.07 goal_err=-21 carrot_err= -14 c0=0.57 clear=0.38 prog=0.56 rel=0.84 bal=-0.09 obs=470 hard=411 obsc=525 yr=  2  nz=0.15 flt=0.16 dmap=+0/-0 shz=4.0 plan=11 cmd=(lx=+0.00,ly=+0.28,rx=+0.00)
[VIS] perc_n=0 age=- free_c=- vismap=0/0 color=- carpet=- cnear=- crmin=- door=- dets=[-]
t= 30.6 ENG-GO pos=(-3.89,+1.17) yaw=+135.0 d=2.05 goal_err=-21 carrot_err=  -6 c0=0.56 clear=0.37 prog=0.57 rel=0.84 bal=-0.08 obs=471 hard=413 obsc=524 yr=  3  nz=0.15 flt=0.04 dmap=+3/-2 shz=4.0 plan=10 cmd=(lx=+0.00,ly=+0.28,rx=+0.00)
t= 30.7 ENG-GO pos=(-3.90,+1.19) yaw=+134.6 d=2.03 goal_err=-20 carrot_err=  -5 c0=0.55 clear=0.36 prog=0.58 rel=0.85 bal=-0.07 obs=471 hard=413 obsc=524 yr=  4  nz=0.14 flt=0.04 dmap=+0/-0 shz=4.0 plan=10 cmd=(lx=+0.00,ly=+0.28,rx=+0.00)
t= 30.8 ENG-GO pos=(-3.90,+1.21) yaw=+134.3 d=2.01 goal_err=-20 carrot_err=  -4 c0=0.53 clear=0.36 prog=0.59 rel=0.85 bal=-0.07 obs=470 hard=413 obsc=524 yr=  3  nz=0.14 flt=0.13 dmap=+2/-3 shz=4.0 plan=10 cmd=(lx=+0.00,ly=+0.28,rx=+0.00)
t= 30.9 ENG-GO pos=(-3.91,+1.23) yaw=+134.1 d=1.99 goal_err=-20 carrot_err=  -3 c0=0.78 clear=0.52 prog=0.59 rel=0.87 bal=-0.06 obs=470 hard=413 obsc=524 yr=  2  nz=0.13 flt=0.13 dmap=+0/-0 shz=4.0 plan=10 cmd=(lx=+0.00,ly=+0.28,rx=+0.00)
t= 31.0 ENG-GO pos=(-3.92,+1.24) yaw=+133.9 d=1.97 goal_err=-20 carrot_err=  -3 c0=0.77 clear=0.51 prog=0.59 rel=0.87 bal=-0.05 obs=470 hard=413 obsc=524 yr=  1  nz=0.13 flt=0.13 dmap=+0/-0 shz=4.0 plan=10 cmd=(lx=+0.00,ly=+0.28,rx=+0.00)
t= 31.1 ENG-GO pos=(-3.93,+1.26) yaw=+134.0 d=1.95 goal_err=-20 carrot_err=  -3 c0=0.75 clear=0.50 prog=0.56 rel=0.87 bal=-0.05 obs=467 hard=411 obsc=524 yr=  0  nz=0.13 flt=0.08 dmap=+3/-6 shz=4.0 plan=10 cmd=(lx=+0.00,ly=+0.28,rx=+0.00)
t= 31.2 ENG-GO pos=(-3.95,+1.27) yaw=+134.2 d=1.94 goal_err=-20 carrot_err=  -9 c0=0.73 clear=0.49 prog=0.55 rel=0.86 bal=-0.05 obs=467 hard=411 obsc=524 yr=  2  nz=0.14 flt=0.08 dmap=+0/-0 shz=4.0 plan=10 cmd=(lx=+0.00,ly=+0.28,rx=+0.00)
t= 31.3 ENG-GO pos=(-3.97,+1.27) yaw=+134.5 d=1.92 goal_err=-21 carrot_err= -10 c0=0.71 clear=0.47 prog=0.54 rel=0.86 bal=-0.06 obs=465 hard=408 obsc=518 yr=  3  nz=0.14 flt=0.06 dmap=+2/-4 shz=4.0 plan=10 cmd=(lx=+0.00,ly=+0.28,rx=+0.00)
t= 31.4 ENG-GO pos=(-3.99,+1.28) yaw=+134.9 d=1.91 goal_err=-22 carrot_err= -11 c0=0.69 clear=0.46 prog=0.52 rel=0.86 bal=-0.07 obs=466 hard=409 obsc=519 yr=  4  nz=0.14 flt=0.06 dmap=+1/-0 shz=4.0 plan=10 cmd=(lx=+0.00,ly=+0.28,rx=+0.00)
t= 31.5 ENG-GO pos=(-4.01,+1.28) yaw=+135.3 d=1.90 goal_err=-23 carrot_err= -12 c0=0.67 clear=0.45 prog=0.51 rel=0.86 bal=-0.08 obs=466 hard=409 obsc=519 yr=  4  nz=0.14 flt=0.06 dmap=+0/-0 shz=4.0 plan=10 cmd=(lx=+0.00,ly=+0.28,rx=+0.00)
[VIS] perc_n=0 age=- free_c=- vismap=0/0 color=- carpet=- cnear=- crmin=- door=- dets=[-]
t= 31.6 ENG-GO pos=(-4.03,+1.29) yaw=+135.5 d=1.89 goal_err=-24 carrot_err= -13 c0=0.65 clear=0.43 prog=0.51 rel=0.86 bal=-0.09 obs=466 hard=405 obsc=517 yr=  2  nz=0.14 flt=0.07 dmap=+0/-0 shz=4.0 plan=10 cmd=(lx=+0.00,ly=+0.28,rx=+0.00)
t= 31.7 ENG-GO pos=(-4.04,+1.30) yaw=+135.7 d=1.87 goal_err=-24 carrot_err= -14 c0=0.63 clear=0.42 prog=0.52 rel=0.85 bal=-0.09 obs=466 hard=405 obsc=517 yr=  2  nz=0.15 flt=0.07 dmap=+0/-0 shz=4.0 plan=10 cmd=(lx=+0.00,ly=+0.28,rx=+0.00)
t= 31.8 ENG-GO pos=(-4.06,+1.31) yaw=+135.6 d=1.85 goal_err=-24 carrot_err= -14 c0=0.61 clear=0.41 prog=0.52 rel=0.85 bal=-0.13 obs=464 hard=407 obsc=519 yr=  1  nz=0.15 flt=0.07 dmap=+3/-5 shz=4.0 plan=10 cmd=(lx=+0.00,ly=+0.28,rx=+0.00)
t= 31.9 ENG-GO pos=(-4.07,+1.33) yaw=+135.4 d=1.83 goal_err=-24 carrot_err= -14 c0=0.60 clear=0.40 prog=0.53 rel=0.86 bal=-0.12 obs=464 hard=407 obsc=519 yr=  2  nz=0.14 flt=0.07 dmap=+0/-0 shz=4.0 plan=10 cmd=(lx=+0.00,ly=+0.28,rx=+0.00)
t= 32.0 ENG-GO pos=(-4.07,+1.35) yaw=+135.1 d=1.82 goal_err=-24 carrot_err= -13 c0=0.58 clear=0.39 prog=0.55 rel=0.86 bal=-0.13 obs=465 hard=408 obsc=520 yr=  3  nz=0.14 flt=0.07 dmap=+1/-0 shz=4.0 plan=10 cmd=(lx=+0.00,ly=+0.28,rx=+0.00)
t= 32.1 ENG-GO pos=(-4.08,+1.37) yaw=+134.7 d=1.80 goal_err=-23 carrot_err= -24 c0=0.57 clear=0.38 prog=0.56 rel=0.86 bal=-0.13 obs=468 hard=411 obsc=518 yr=  4  nz=0.14 flt=0.08 dmap=+4/-1 shz=4.0 plan=9 cmd=(lx=+0.00,ly=+0.28,rx=+0.00)
t= 32.2 ENG-GO pos=(-4.08,+1.39) yaw=+134.3 d=1.77 goal_err=-23 carrot_err= -23 c0=0.56 clear=0.37 prog=0.56 rel=0.85 bal=-0.12 obs=468 hard=411 obsc=518 yr=  4  nz=0.14 flt=0.08 dmap=+0/-0 shz=4.0 plan=9 cmd=(lx=+0.00,ly=+0.28,rx=+0.00)
t= 32.3 ENG-GO pos=(-4.09,+1.41) yaw=+134.0 d=1.75 goal_err=-23 carrot_err= -23 c0=1.26 clear=0.84 prog=0.57 rel=0.85 bal=-0.12 obs=468 hard=414 obsc=521 yr=  3  nz=0.14 flt=0.12 dmap=+2/-2 shz=4.0 plan=9 cmd=(lx=+0.00,ly=+0.28,rx=+0.00)
META-SM: BLIND -> NORMAL (trust=1.00 contra=0 iface=1.00 near=1.26) t=32s
t= 32.4 ENG-GO pos=(-4.10,+1.42) yaw=+133.8 d=1.74 goal_err=-23 carrot_err= -23 c0=1.24 clear=0.83 prog=0.57 rel=0.62 bal=-0.12 obs=468 hard=414 obsc=521 yr=  1  nz=0.38 flt=0.12 dmap=+0/-0 shz=4.0 plan=9 cmd=(lx=+0.00,ly=+0.28,rx=+0.00)
t= 32.5 ENG-GO pos=(-4.11,+1.43) yaw=+133.8 d=1.72 goal_err=-23 carrot_err= -23 c0=1.23 clear=0.82 prog=0.56 rel=0.62 bal=-0.13 obs=468 hard=414 obsc=521 yr=  0  nz=0.38 flt=0.12 dmap=+0/-0 shz=4.0 plan=9 cmd=(lx=+0.00,ly=+0.28,rx=+0.00)
[VIS] perc_n=0 age=- free_c=- vismap=0/0 color=- carpet=- cnear=- crmin=- door=- dets=[-]
t= 32.6 ENG-GO pos=(-4.13,+1.44) yaw=+134.0 d=1.71 goal_err=-23 carrot_err= -24 c0=1.21 clear=0.81 prog=0.55 rel=0.62 bal=-0.20 obs=470 hard=413 obsc=523 yr=  2  nz=0.38 flt=0.09 dmap=+3/-1 shz=4.0 plan=9 cmd=(lx=+0.00,ly=+0.28,rx=+0.00)
t= 32.7 ENG-GO pos=(-4.15,+1.44) yaw=+134.3 d=1.70 goal_err=-24 carrot_err= -26 c0=1.19 clear=0.79 prog=0.53 rel=0.55 bal=-0.21 obs=470 hard=413 obsc=523 yr=  3  nz=0.46 flt=0.09 dmap=+0/-0 shz=4.0 plan=9 cmd=(lx=+0.00,ly=+0.28,rx=+0.00)
t= 32.8 ENG-GO pos=(-4.16,+1.45) yaw=+134.7 d=1.69 goal_err=-25 carrot_err= -20 c0=1.17 clear=0.78 prog=0.52 rel=0.55 bal=-0.22 obs=471 hard=417 obsc=525 yr=  4  nz=0.46 flt=0.09 dmap=+5/-4 shz=4.0 plan=9 cmd=(lx=+0.00,ly=+0.28,rx=+0.00)
t= 33.0 ENG-GO pos=(-4.19,+1.46) yaw=+135.1 d=1.67 goal_err=-26 carrot_err= -21 c0=1.15 clear=0.77 prog=0.51 rel=0.52 bal=-0.24 obs=472 hard=418 obsc=526 yr=  4  nz=0.48 flt=0.09 dmap=+1/-0 shz=4.0 plan=9 cmd=(lx=+0.00,ly=+0.28,rx=+0.00)
t= 33.1 ENG-CG pos=(-4.20,+1.46) yaw=+135.3 d=1.66 goal_err=-27 carrot_err= -22 c0=1.13 clear=0.75 prog=0.50 rel=0.52 bal=-0.25 obs=475 hard=419 obsc=531 yr=  2  nz=0.48 flt=0.11 dmap=+5/-2 shz=4.0 plan=9 cmd=(lx=+0.34,ly=+0.28,rx=+0.00)
t= 33.2 ENG-CG pos=(-4.22,+1.47) yaw=+135.5 d=1.65 goal_err=-27 carrot_err= -23 c0=1.11 clear=0.74 prog=0.50 rel=0.53 bal=-0.25 obs=475 hard=419 obsc=531 yr=  1  nz=0.46 flt=0.11 dmap=+0/-0 shz=4.0 plan=9 cmd=(lx=+0.34,ly=+0.28,rx=+0.00)
t= 33.3 ENG-CG pos=(-4.21,+1.50) yaw=+135.4 d=1.62 goal_err=-27 carrot_err= -22 c0=1.10 clear=0.74 prog=0.52 rel=0.53 bal=-0.22 obs=475 hard=419 obsc=531 yr=  1  nz=0.46 flt=0.11 dmap=+0/-0 shz=4.0 plan=9 cmd=(lx=+0.34,ly=+0.28,rx=+0.00)
t= 33.4 ENG-GO pos=(-4.21,+1.54) yaw=+135.2 d=1.59 goal_err=-26 carrot_err= -21 c0=1.03 clear=0.69 prog=0.56 rel=0.53 bal=-0.18 obs=475 hard=420 obsc=533 yr=  2  nz=0.46 flt=0.10 dmap=+5/-5 shz=4.0 plan=9 cmd=(lx=+0.00,ly=+0.28,rx=+0.00)
t= 33.5 ENG-GO pos=(-4.19,+1.57) yaw=+134.8 d=1.57 goal_err=-25 carrot_err= -19 c0=1.03 clear=0.68 prog=0.58 rel=0.61 bal=-0.14 obs=476 hard=421 obsc=534 yr=  3  nz=0.36 flt=0.10 dmap=+1/-0 shz=4.0 plan=9 cmd=(lx=+0.00,ly=+0.28,rx=+0.00)
t= 33.6 ENG-GO pos=(-4.20,+1.59) yaw=+134.4 d=1.54 goal_err=-24 carrot_err= -18 c0=1.01 clear=0.67 prog=0.59 rel=0.61 bal=-0.01 obs=483 hard=424 obsc=537 yr=  4  nz=0.36 flt=0.09 dmap=+11/-4 shz=4.0 plan=9 cmd=(lx=+0.00,ly=+0.28,rx=+0.00)
[VIS] perc_n=0 age=- free_c=- vismap=0/0 color=- carpet=- cnear=- crmin=- door=- dets=[-]
t= 33.7 ENG-GO pos=(-4.20,+1.61) yaw=+134.1 d=1.52 goal_err=-24 carrot_err= -17 c0=0.99 clear=0.66 prog=0.60 rel=0.65 bal=+0.01 obs=484 hard=426 obsc=538 yr=  3  nz=0.34 flt=0.09 dmap=+1/-0 shz=4.0 plan=8 cmd=(lx=+0.00,ly=+0.28,rx=+0.00)
META-SM: NORMAL -> BLIND (trust=1.00 contra=0 iface=1.00 near=0.99) t=34s
t= 33.8 ENG-GO pos=(-4.21,+1.63) yaw=+133.8 d=1.50 goal_err=-24 carrot_err= -17 c0=0.98 clear=0.65 prog=0.60 rel=0.65 bal=+0.02 obs=484 hard=426 obsc=538 yr=  3  nz=0.34 flt=0.09 dmap=+0/-0 shz=4.0 plan=8 cmd=(lx=+0.00,ly=+0.28,rx=+0.00)
t= 33.9 ENG-GO pos=(-4.22,+1.64) yaw=+133.7 d=1.49 goal_err=-24 carrot_err= -17 c0=0.96 clear=0.64 prog=0.60 rel=0.65 bal=+0.02 obs=484 hard=428 obsc=542 yr=  1  nz=0.34 flt=0.09 dmap=+6/-6 shz=4.0 plan=8 cmd=(lx=+0.00,ly=+0.28,rx=+0.00)
t= 34.0 ENG-GO pos=(-4.23,+1.65) yaw=+133.6 d=1.47 goal_err=-24 carrot_err= -18 c0=0.94 clear=0.63 prog=0.59 rel=0.83 bal=+0.02 obs=484 hard=428 obsc=542 yr=  0  nz=0.16 flt=0.09 dmap=+0/-0 shz=4.0 plan=8 cmd=(lx=+0.00,ly=+0.28,rx=+0.00)
t= 34.1 ENG-GO pos=(-4.25,+1.66) yaw=+133.8 d=1.46 goal_err=-25 carrot_err= -19 c0=0.92 clear=0.61 prog=0.58 rel=0.83 bal=+0.01 obs=501 hard=434 obsc=550 yr=  2  nz=0.16 flt=0.30 dmap=+18/-1 shz=4.0 plan=8 cmd=(lx=+0.00,ly=+0.28,rx=+0.00)
t= 34.2 ENG-GO pos=(-4.27,+1.67) yaw=+134.1 d=1.45 goal_err=-26 carrot_err= -20 c0=0.90 clear=0.60 prog=0.57 rel=0.65 bal=+0.07 obs=501 hard=434 obsc=550 yr=  3  nz=0.28 flt=0.30 dmap=+0/-0 shz=4.0 plan=8 cmd=(lx=+0.00,ly=+0.28,rx=+0.00)
t= 34.3 ENG-GO pos=(-4.29,+1.67) yaw=+134.5 d=1.44 goal_err=-27 carrot_err= -22 c0=0.88 clear=0.59 prog=0.55 rel=0.65 bal=-0.43 obs=501 hard=434 obsc=550 yr=  4  nz=0.28 flt=0.30 dmap=+0/-0 shz=4.0 plan=8 cmd=(lx=+0.00,ly=+0.28,rx=+0.00)
t= 34.4 ENG-GO pos=(-4.31,+1.68) yaw=+134.8 d=1.43 goal_err=-28 carrot_err= -23 c0=0.76 clear=0.51 prog=0.54 rel=0.65 bal=-0.45 obs=511 hard=453 obsc=575 yr=  4  nz=0.28 flt=0.20 dmap=+15/-5 shz=4.0 plan=8 cmd=(lx=+0.00,ly=+0.28,rx=+0.00)
t= 34.5 ENG-GO pos=(-4.33,+1.68) yaw=+135.1 d=1.41 goal_err=-29 carrot_err= -29 c0=0.74 clear=0.49 prog=0.54 rel=0.60 bal=-0.46 obs=512 hard=454 obsc=576 yr=  3  nz=0.34 flt=0.20 dmap=+1/-0 shz=4.0 plan=8 cmd=(lx=+0.00,ly=+0.28,rx=+0.00)
t= 34.6 ENG-GO pos=(-4.35,+1.69) yaw=+135.3 d=1.40 goal_err=-29 carrot_err= -30 c0=0.72 clear=0.48 prog=0.53 rel=0.60 bal=-0.29 obs=527 hard=457 obsc=582 yr=  2  nz=0.34 flt=0.20 dmap=+15/-0 shz=4.0 plan=8 cmd=(lx=+0.00,ly=+0.28,rx=+0.00)
[VIS] perc_n=0 age=- free_c=- vismap=0/0 color=- carpet=- cnear=- crmin=- door=- dets=[-]
t= 34.7 ENG-GO pos=(-4.36,+1.71) yaw=+135.2 d=1.39 goal_err=-30 carrot_err= -30 c0=0.71 clear=0.47 prog=0.54 rel=0.59 bal=-0.29 obs=527 hard=457 obsc=582 yr=  0  nz=0.34 flt=0.20 dmap=+0/-0 shz=4.0 plan=8 cmd=(lx=+0.00,ly=+0.28,rx=+0.00)
t= 34.8 ENG-GO pos=(-4.37,+1.72) yaw=+135.0 d=1.37 goal_err=-30 carrot_err= -30 c0=0.69 clear=0.46 prog=0.55 rel=0.59 bal=-0.29 obs=527 hard=457 obsc=582 yr=  2  nz=0.34 flt=0.20 dmap=+0/-0 shz=4.0 plan=8 cmd=(lx=+0.00,ly=+0.28,rx=+0.00)
t= 34.9 ENG-GO pos=(-4.37,+1.74) yaw=+134.7 d=1.35 goal_err=-29 carrot_err= -30 c0=0.68 clear=0.45 prog=0.56 rel=0.59 bal=-0.39 obs=523 hard=452 obsc=580 yr=  3  nz=0.34 flt=0.06 dmap=+2/-6 shz=4.0 plan=8 cmd=(lx=+0.00,ly=+0.28,rx=+0.00)
t= 35.0 ENG-GO pos=(-4.38,+1.76) yaw=+134.4 d=1.33 goal_err=-29 carrot_err= -29 c0=0.67 clear=0.45 prog=0.58 rel=0.66 bal=-0.38 obs=523 hard=452 obsc=580 yr=  4  nz=0.34 flt=0.06 dmap=+0/-0 shz=4.0 plan=8 cmd=(lx=+0.00,ly=+0.28,rx=+0.00)
t= 35.1 ENG-GO pos=(-4.38,+1.78) yaw=+134.0 d=1.31 goal_err=-29 carrot_err= -29 c0=0.75 clear=0.50 prog=0.59 rel=0.66 bal=-0.37 obs=522 hard=448 obsc=577 yr=  4  nz=0.34 flt=0.09 dmap=+1/-2 shz=4.0 plan=8 cmd=(lx=+0.00,ly=+0.28,rx=+0.00)
t= 35.2 DWA-F pos=(-4.39,+1.80) yaw=+133.7 d=1.28 goal_err=-28 carrot_err= -29 c0=0.73 clear=0.49 prog=0.58 rel=0.69 bal=-0.36 obs=522 hard=448 obsc=577 yr=  3  nz=0.31 flt=0.09 dmap=+0/-0 shz=4.0 plan=7 cmd=(lx=+0.00,ly=+0.40,rx=+0.45)
DOOR-GUARD techo de zona-vano t=35s pos=(-4.39,+1.80)
t= 35.3 DWA-F pos=(-4.40,+1.82) yaw=+133.5 d=1.26 goal_err=-28 carrot_err= -29 c0=0.71 clear=0.47 prog=0.56 rel=0.69 bal=-0.35 obs=522 hard=448 obsc=577 yr=  1G nz=0.31 flt=0.09 dmap=+0/-0 shz=4.0 plan=7 cmd=(lx=+0.00,ly=+0.40,rx=+0.45)
t= 35.4 DWA-F pos=(-4.41,+1.83) yaw=+132.0 d=1.25 goal_err=-27 carrot_err= -28 c0=0.69 clear=0.46 prog=0.55 rel=0.69 bal=-0.36 obs=522 hard=450 obsc=577 yr= 15G nz=0.31 flt=0.16 dmap=+0/-0 shz=4.0 plan=7 cmd=(lx=+0.00,ly=+0.40,rx=+0.45)
t= 35.5 DWA-F pos=(-4.43,+1.84) yaw=+129.0 d=1.24 goal_err=-25 carrot_err= -26 c0=0.68 clear=0.45 prog=0.53 rel=0.71 bal=-0.36 obs=522 hard=450 obsc=577 yr= 29G nz=0.26 flt=0.16 dmap=+0/-0 shz=4.0 plan=7 cmd=(lx=+0.00,ly=+0.40,rx=+0.45)
t= 35.6 DWA-F pos=(-4.45,+1.85) yaw=+126.1 d=1.23 goal_err=-23 carrot_err= -25 c0=0.66 clear=0.44 prog=0.51 rel=0.71 bal=-0.29 obs=522 hard=450 obsc=577 yr= 28G nz=0.26 flt=0.07 dmap=+0/-0 shz=4.0 plan=7 cmd=(lx=+0.00,ly=+0.40,rx=+0.45)
[VIS] perc_n=0 age=- free_c=- vismap=0/0 color=- carpet=- cnear=- crmin=- door=- dets=[-]
t= 35.7 DWA-F pos=(-4.48,+1.87) yaw=+120.0 d=1.20 goal_err=-18 carrot_err= -21 c0=0.90 clear=0.60 prog=0.53 rel=0.78 bal=-0.22 obs=522 hard=450 obsc=577 yr= 58G nz=0.19 flt=0.07 dmap=+0/-0 shz=4.0 plan=7 cmd=(lx=+0.00,ly=+0.40,rx=+0.00)
t= 35.8 DWA-F pos=(-4.50,+1.88) yaw=+118.8 d=1.18 goal_err=-17 carrot_err= -21 c0=0.87 clear=0.58 prog=0.52 rel=0.78 bal=-0.24 obs=520 hard=451 obsc=583 yr= 12  nz=0.19 flt=0.06 dmap=+8/-10 shz=4.0 plan=7 cmd=(lx=+0.00,ly=+0.40,rx=+0.00)
t= 35.9 DWA-F pos=(-4.51,+1.89) yaw=+119.0 d=1.17 goal_err=-18 carrot_err= -22 c0=0.86 clear=0.57 prog=0.53 rel=0.75 bal=-0.25 obs=520 hard=451 obsc=583 yr=  3  nz=0.23 flt=0.06 dmap=+0/-0 shz=4.0 plan=7 cmd=(lx=+0.00,ly=+0.40,rx=+0.45)
t= 36.0 DWA-F pos=(-4.52,+1.91) yaw=+117.6 d=1.15 goal_err=-17 carrot_err= -10 c0=0.84 clear=0.56 prog=0.53 rel=0.75 bal=-0.26 obs=520 hard=451 obsc=583 yr= 14G nz=0.23 flt=0.06 dmap=+0/-0 shz=4.0 plan=7 cmd=(lx=+0.00,ly=+0.40,rx=+0.45)
t= 36.1 DWA-F pos=(-4.53,+1.93) yaw=+114.3 d=1.13 goal_err=-14 carrot_err=  -7 c0=0.82 clear=0.55 prog=0.54 rel=0.75 bal=-0.26 obs=520 hard=453 obsc=583 yr= 32G nz=0.23 flt=0.11 dmap=+0/-0 shz=4.0 plan=7 cmd=(lx=+0.00,ly=+0.40,rx=+0.45)
t= 36.2 DWA-F pos=(-4.53,+1.95) yaw=+110.9 d=1.11 goal_err=-11 carrot_err=  -4 c0=0.80 clear=0.54 prog=0.56 rel=0.85 bal=-0.26 obs=520 hard=453 obsc=583 yr= 33G nz=0.13 flt=0.11 dmap=+0/-0 shz=4.0 plan=7 cmd=(lx=+0.00,ly=+0.40,rx=+0.45)
t= 36.3 DWA-F pos=(-4.53,+1.97) yaw=+107.4 d=1.09 goal_err=-7 carrot_err=  +1 c0=0.79 clear=0.52 prog=0.58 rel=0.85 bal=-0.25 obs=520 hard=453 obsc=583 yr= 34G nz=0.13 flt=0.13 dmap=+0/-0 shz=4.0 plan=7 cmd=(lx=+0.00,ly=+0.40,rx=+0.00)
t= 36.4 DWA-F pos=(-4.52,+1.99) yaw=+105.4 d=1.07 goal_err=-4 carrot_err=  +3 c0=0.78 clear=0.52 prog=0.59 rel=0.84 bal=-0.24 obs=520 hard=454 obsc=583 yr= 19  nz=0.13 flt=0.13 dmap=+0/-0 shz=4.0 plan=7 cmd=(lx=+0.00,ly=+0.40,rx=+0.00)
t= 36.5 DWA-F pos=(-4.52,+2.01) yaw=+105.0 d=1.05 goal_err=-4 carrot_err=  +4 c0=0.76 clear=0.51 prog=0.59 rel=0.84 bal=-0.23 obs=520 hard=454 obsc=583 yr=  4  nz=0.13 flt=0.13 dmap=+0/-0 shz=4.0 plan=7 cmd=(lx=+0.00,ly=+0.40,rx=+0.00)
t= 36.6 DWA-F pos=(-4.52,+2.03) yaw=+104.7 d=1.03 goal_err=-3 carrot_err=  +6 c0=1.38 clear=0.92 prog=0.60 rel=0.84 bal=-0.21 obs=512 hard=447 obsc=576 yr=  3  nz=0.13 flt=0.08 dmap=+3/-11 shz=4.0 plan=7 cmd=(lx=+0.00,ly=+0.40,rx=+0.00)
META-SM: BLIND -> NORMAL (trust=1.00 contra=0 iface=1.00 near=1.38) t=37s
[VIS] perc_n=0 age=- free_c=- vismap=0/0 color=- carpet=- cnear=- crmin=- door=- dets=[-]
t= 36.7 DWA-F pos=(-4.52,+2.04) yaw=+104.5 d=1.02 goal_err=-3 carrot_err=  +6 c0=1.36 clear=0.91 prog=0.60 rel=0.62 bal=-0.21 obs=512 hard=447 obsc=576 yr=  2  nz=0.38 flt=0.08 dmap=+0/-0 shz=4.0 plan=6 cmd=(lx=+0.00,ly=+0.40,rx=+0.00)
t= 36.8 DWA-F pos=(-4.52,+2.06) yaw=+104.5 d=1.00 goal_err=-3 carrot_err=  +6 c0=1.35 clear=0.90 prog=0.59 rel=0.62 bal=-0.21 obs=509 hard=449 obsc=574 yr=  0  nz=0.38 flt=0.05 dmap=+8/-11 shz=4.0 plan=6 cmd=(lx=+0.00,ly=+0.40,rx=+0.00)
t= 36.9 DWA-F pos=(-4.53,+2.08) yaw=+104.8 d=0.98 goal_err=-3 carrot_err=  +5 c0=1.33 clear=0.89 prog=0.58 rel=0.55 bal=-0.22 obs=510 hard=450 obsc=575 yr=  3  nz=0.44 flt=0.05 dmap=+1/-0 shz=4.0 plan=6 cmd=(lx=+0.00,ly=+0.40,rx=+0.00)
t= 37.0 DWA-F pos=(-4.55,+2.09) yaw=+105.1 d=0.97 goal_err=-4 carrot_err=  +4 c0=1.32 clear=0.88 prog=0.58 rel=0.55 bal=-0.23 obs=510 hard=450 obsc=575 yr=  3  nz=0.44 flt=0.05 dmap=+0/-0 shz=4.0 plan=6 cmd=(lx=+0.00,ly=+0.40,rx=+0.00)
t= 37.1 DWA-F pos=(-4.56,+2.10) yaw=+105.4 d=0.95 goal_err=-5 carrot_err=  -1 c0=1.31 clear=0.87 prog=0.57 rel=0.55 bal=-0.25 obs=506 hard=442 obsc=568 yr=  3  nz=0.44 flt=0.04 dmap=+1/-5 shz=4.0 plan=6 cmd=(lx=+0.00,ly=+0.40,rx=+0.00)
t= 37.2 DWA-F pos=(-4.58,+2.12) yaw=+105.8 d=0.93 goal_err=-7 carrot_err=  -2 c0=1.29 clear=0.86 prog=0.57 rel=0.58 bal=-0.44 obs=506 hard=442 obsc=568 yr=  4  nz=0.41 flt=0.04 dmap=+0/-0 shz=4.0 plan=6 cmd=(lx=+0.00,ly=+0.40,rx=+0.00)
t= 37.3 DWA-F pos=(-4.60,+2.14) yaw=+106.1 d=0.91 goal_err=-8 carrot_err=  -3 c0=1.28 clear=0.85 prog=0.57 rel=0.58 bal=-0.33 obs=502 hard=446 obsc=566 yr=  3  nz=0.41 flt=0.09 dmap=+3/-7 shz=4.0 plan=6 cmd=(lx=+0.00,ly=+0.40,rx=+0.00)
t= 37.4 DWA-F pos=(-4.61,+2.15) yaw=+106.2 d=0.90 goal_err=-8 carrot_err=  -3 c0=1.31 clear=0.88 prog=0.59 rel=0.59 bal=-0.34 obs=502 hard=446 obsc=566 yr=  1  nz=0.40 flt=0.09 dmap=+0/-0 shz=4.0 plan=6 cmd=(lx=+0.00,ly=+0.40,rx=+0.00)
t= 37.6 DWA-F pos=(-4.61,+2.17) yaw=+106.1 d=0.88 goal_err=-8 carrot_err=  -3 c0=1.30 clear=0.86 prog=0.59 rel=0.59 bal=-0.22 obs=501 hard=443 obsc=564 yr=  1  nz=0.40 flt=0.06 dmap=+2/-3 shz=4.0 plan=6 cmd=(lx=+0.00,ly=+0.40,rx=+0.00)
t= 37.7 DWA-F pos=(-4.61,+2.19) yaw=+106.0 d=0.86 goal_err=-8 carrot_err=  -3 c0=1.28 clear=0.86 prog=0.58 rel=0.62 bal=-0.21 obs=501 hard=443 obsc=564 yr=  2  nz=0.38 flt=0.06 dmap=+0/-0 shz=4.0 plan=6 cmd=(lx=+0.00,ly=+0.40,rx=+0.00)
[VIS] perc_n=0 age=- free_c=- vismap=0/0 color=- carpet=- cnear=- crmin=- door=- dets=[-]
t= 37.8 DWA-F pos=(-4.61,+2.21) yaw=+105.6 d=0.84 goal_err=-7 carrot_err=  -2 c0=1.27 clear=0.85 prog=0.58 rel=0.62 bal=-0.20 obs=501 hard=443 obsc=564 yr=  3  nz=0.38 flt=0.06 dmap=+0/-0 shz=4.0 plan=6 cmd=(lx=+0.00,ly=+0.40,rx=+0.00)
t= 37.9 DWA-F pos=(-4.60,+2.23) yaw=+105.2 d=0.82 goal_err=-6 carrot_err=  -1 c0=1.19 clear=0.79 prog=0.59 rel=0.62 bal=-0.19 obs=504 hard=445 obsc=562 yr=  4  nz=0.38 flt=0.04 dmap=+5/-2 shz=4.0 plan=6 cmd=(lx=+0.00,ly=+0.40,rx=+0.00)
t= 38.0 DWA-F pos=(-4.59,+2.25) yaw=+104.9 d=0.80 goal_err=-5 carrot_err=  +0 c0=1.17 clear=0.78 prog=0.59 rel=0.88 bal=-0.17 obs=505 hard=446 obsc=563 yr=  4  nz=0.11 flt=0.04 dmap=+1/-0 shz=4.0 plan=6 cmd=(lx=+0.00,ly=+0.40,rx=+0.00)
t= 38.1 DWA-F pos=(-4.60,+2.28) yaw=+104.6 d=0.77 goal_err=-5 carrot_err=  +1 c0=1.14 clear=0.76 prog=0.61 rel=0.88 bal=-0.17 obs=502 hard=444 obsc=564 yr=  3  nz=0.11 flt=0.08 dmap=+2/-5 shz=4.0 plan=6 cmd=(lx=+0.00,ly=+0.40,rx=+0.00)
t= 38.2 DWA-F pos=(-4.61,+2.31) yaw=+104.5 d=0.74 goal_err=-5 carrot_err=  +1 c0=1.30 clear=0.87 prog=0.64 rel=0.83 bal=-0.17 obs=502 hard=444 obsc=564 yr=  1  nz=0.14 flt=0.08 dmap=+0/-0 shz=4.0 plan=6 cmd=(lx=+0.00,ly=+0.40,rx=+0.00)
t= 38.3 DWA-F pos=(-4.61,+2.34) yaw=+104.6 d=0.71 goal_err=-5 carrot_err=  +1 c0=1.28 clear=0.85 prog=0.65 rel=0.83 bal=-0.24 obs=502 hard=444 obsc=564 yr=  1  nz=0.14 flt=0.08 dmap=+0/-0 shz=4.0 plan=4 cmd=(lx=+0.00,ly=+0.40,rx=+0.00)
t= 38.4 DWA-F pos=(-4.63,+2.37) yaw=+104.8 d=0.67 goal_err=-6 carrot_err=  +0 c0=1.17 clear=0.78 prog=0.68 rel=0.83 bal=-0.24 obs=505 hard=446 obsc=562 yr=  2  nz=0.14 flt=0.09 dmap=+3/-0 shz=4.0 plan=4 cmd=(lx=+0.00,ly=+0.40,rx=+0.00)
t= 38.5 DWA-F pos=(-4.65,+2.40) yaw=+105.1 d=0.65 goal_err=-8 carrot_err=  -1 c0=1.15 clear=0.76 prog=0.69 rel=0.85 bal=-0.24 obs=506 hard=447 obsc=563 yr=  3  nz=0.12 flt=0.09 dmap=+1/-0 shz=4.0 plan=4 cmd=(lx=+0.00,ly=+0.40,rx=+0.00)
t= 38.6 DWA-F pos=(-4.67,+2.42) yaw=+105.5 d=0.62 goal_err=-10 carrot_err=  -3 c0=1.12 clear=0.74 prog=0.70 rel=0.85 bal=-0.25 obs=507 hard=449 obsc=568 yr=  4  nz=0.12 flt=0.09 dmap=+4/-3 shz=4.0 plan=4 cmd=(lx=+0.00,ly=+0.40,rx=+0.00)
t= 38.7 DWA-F pos=(-4.69,+2.44) yaw=+105.8 d=0.60 goal_err=-12 carrot_err=  -4 c0=1.09 clear=0.72 prog=0.71 rel=0.84 bal=-0.26 obs=507 hard=449 obsc=568 yr=  3  nz=0.13 flt=0.09 dmap=+0/-0 shz=4.0 plan=4 cmd=(lx=+0.00,ly=+0.40,rx=+0.00)
[VIS] perc_n=0 age=- free_c=- vismap=0/0 color=- carpet=- cnear=- crmin=- door=- dets=[-]
t= 38.8 DWA-F pos=(-4.70,+2.47) yaw=+106.0 d=0.57 goal_err=-13 carrot_err=  -5 c0=1.05 clear=0.70 prog=0.74 rel=0.84 bal=-0.25 obs=507 hard=449 obsc=568 yr=  2  nz=0.13 flt=0.09 dmap=+0/-0 shz=4.0 plan=4 cmd=(lx=+0.00,ly=+0.40,rx=+0.00)
t= 38.9 DWA-F pos=(-4.72,+2.50) yaw=+106.1 d=0.54 goal_err=-15 carrot_err=  -6 c0=0.90 clear=0.60 prog=0.76 rel=0.84 bal=-0.05 obs=515 hard=452 obsc=571 yr=  1  nz=0.13 flt=0.06 dmap=+10/-2 shz=4.0 plan=4 cmd=(lx=+0.00,ly=+0.40,rx=+0.00)
META-SM: NORMAL -> BLIND (trust=1.00 contra=0 iface=1.00 near=0.90) t=39s
t= 39.0 DWA-F pos=(-4.72,+2.53) yaw=+106.0 d=0.51 goal_err=-15 carrot_err=  -7 c0=0.88 clear=0.58 prog=0.78 rel=0.78 bal=-0.04 obs=516 hard=453 obsc=572 yr=  1  nz=0.20 flt=0.06 dmap=+1/-0 shz=4.0 plan=4 cmd=(lx=+0.00,ly=+0.40,rx=+0.00)
t= 39.1 DWA-F pos=(-4.72,+2.56) yaw=+105.8 d=0.48 goal_err=-15 carrot_err=  -6 c0=0.80 clear=0.54 prog=0.80 rel=0.78 bal=-0.03 obs=518 hard=449 obsc=575 yr=  2  nz=0.20 flt=0.03 dmap=+6/-4 shz=4.0 plan=4 cmd=(lx=+0.00,ly=+0.40,rx=+0.00)
t= 39.2 DWA-F pos=(-4.72,+2.58) yaw=+105.5 d=0.46 goal_err=-14 carrot_err=  -5 c0=0.79 clear=0.53 prog=0.80 rel=0.71 bal=-0.01 obs=518 hard=449 obsc=575 yr=  3  nz=0.25 flt=0.03 dmap=+0/-0 shz=4.0 plan=4 cmd=(lx=+0.00,ly=+0.40,rx=+0.00)
t= 39.3 DWA-T pos=(-4.71,+2.60) yaw=+105.1 d=0.44 goal_err=-13 carrot_err=  -3 c0=0.78 clear=0.52 prog=0.80 rel=0.71 bal=-0.03 obs=518 hard=449 obsc=575 yr=  4  nz=0.25 flt=0.03 dmap=+0/-0 shz=4.0 plan=4 cmd=(lx=+0.00,ly=+0.00,rx=+0.00)
t= 39.4 DWA-T pos=(-4.71,+2.61) yaw=+104.7 d=0.43 goal_err=-11 carrot_err=  -1 c0=0.79 clear=0.53 prog=0.80 rel=0.71 bal=-0.02 obs=517 hard=452 obsc=574 yr=  4  nz=0.25 flt=0.06 dmap=+5/-6 shz=4.0 plan=4 cmd=(lx=+0.00,ly=+0.00,rx=+0.00)
t= 39.5 DWA-T pos=(-4.70,+2.62) yaw=+104.5 d=0.42 goal_err=-10 carrot_err=  +0 c0=0.78 clear=0.52 prog=0.79 rel=0.72 bal=-0.02 obs=517 hard=452 obsc=574 yr=  2  nz=0.27 flt=0.06 dmap=+0/-0 shz=4.0 plan=4 cmd=(lx=+0.00,ly=+0.00,rx=+0.00)
t= 39.6 DWA-T pos=(-4.70,+2.62) yaw=+104.4 d=0.42 goal_err=-10 carrot_err=  +1 c0=0.78 clear=0.52 prog=0.76 rel=0.72 bal=-0.01 obs=539 hard=474 obsc=591 yr=  1  nz=0.27 flt=0.23 dmap=+22/-0 shz=4.0 plan=4 cmd=(lx=+0.00,ly=+0.00,rx=+0.00)
t= 39.7 DWA-T pos=(-4.70,+2.62) yaw=+104.4 d=0.42 goal_err=-10 carrot_err=  +1 c0=0.78 clear=0.52 prog=0.72 rel=0.53 bal=-0.02 obs=539 hard=474 obsc=591 yr=  1  nz=0.40 flt=0.23 dmap=+0/-0 shz=4.0 plan=4 cmd=(lx=+0.00,ly=+0.00,rx=+0.00)
[VIS] perc_n=0 age=- free_c=- vismap=0/0 color=- carpet=- cnear=- crmin=- door=- dets=[-]
t= 39.8 DWA-T pos=(-4.71,+2.62) yaw=+104.6 d=0.42 goal_err=-11 carrot_err=  -1 c0=0.78 clear=0.52 prog=0.69 rel=0.53 bal=-0.02 obs=554 hard=489 obsc=619 yr=  2  nz=0.40 flt=0.16 dmap=+15/-0 shz=4.0 plan=3 cmd=(lx=+0.00,ly=+0.00,rx=+0.00)
t= 39.9 DWA-T pos=(-4.72,+2.62) yaw=+105.0 d=0.42 goal_err=-13 carrot_err=  -2 c0=0.76 clear=0.50 prog=0.65 rel=0.49 bal=-0.03 obs=554 hard=489 obsc=619 yr=  3  nz=0.44 flt=0.16 dmap=+0/-0 shz=4.0 plan=3 cmd=(lx=+0.00,ly=+0.00,rx=+0.00)
t= 40.0 DWA-T pos=(-4.73,+2.62) yaw=+105.4 d=0.42 goal_err=-15 carrot_err=  -5 c0=0.75 clear=0.50 prog=0.59 rel=0.49 bal=-0.04 obs=554 hard=489 obsc=619 yr=  4  nz=0.44 flt=0.16 dmap=+0/-0 shz=4.0 plan=3 cmd=(lx=+0.00,ly=+0.00,rx=+0.00)
t= 40.1 DWA-T pos=(-4.74,+2.61) yaw=+105.7 d=0.43 goal_err=-17 carrot_err=  -6 c0=0.75 clear=0.50 prog=0.53 rel=0.49 bal=-0.01 obs=572 hard=498 obsc=632 yr=  3  nz=0.44 flt=0.17 dmap=+19/-1 shz=4.0 plan=3 cmd=(lx=+0.00,ly=+0.00,rx=+0.00)
t= 40.2 DWA-T pos=(-4.72,+2.62) yaw=+105.2 d=0.42 goal_err=-14 carrot_err=  -4 c0=0.75 clear=0.50 prog=0.49 rel=0.59 bal=-0.04 obs=572 hard=498 obsc=632 yr=  5  nz=0.29 flt=0.17 dmap=+0/-0 shz=4.0 plan=3 cmd=(lx=+0.00,ly=+0.00,rx=+0.00)
t= 40.3 DWA-T pos=(-4.72,+2.62) yaw=+105.2 d=0.42 goal_err=-14 carrot_err=  -4 c0=0.75 clear=0.50 prog=0.43 rel=0.59 bal=-0.04 obs=569 hard=483 obsc=627 yr=  0  nz=0.29 flt=0.04 dmap=+3/-6 shz=4.0 plan=3 cmd=(lx=+0.00,ly=+0.00,rx=+0.00)
t= 40.4 DWA-T pos=(-4.72,+2.62) yaw=+105.2 d=0.42 goal_err=-14 carrot_err=  -4 c0=0.75 clear=0.50 prog=0.39 rel=0.70 bal=-0.04 obs=569 hard=483 obsc=627 yr=  0  nz=0.29 flt=0.04 dmap=+0/-0 shz=4.0 plan=3 cmd=(lx=+0.00,ly=+0.00,rx=+0.00)
t= 40.5 DWA-T pos=(-4.72,+2.62) yaw=+105.2 d=0.42 goal_err=-14 carrot_err=  -4 c0=0.75 clear=0.50 prog=0.34 rel=0.70 bal=-0.04 obs=569 hard=483 obsc=627 yr=  0  nz=0.29 flt=0.04 dmap=+0/-0 shz=4.0 plan=0 cmd=(lx=+0.00,ly=+0.00,rx=+0.00)
t= 40.6 BRK-BK pos=(-4.72,+2.62) yaw=+105.2 d=0.42 goal_err=-14 carrot_err=  -4 c0=0.75 clear=0.50 prog=0.30 rel=0.70 bal=-0.04 obs=567 hard=488 obsc=622 yr=  0  nz=0.29 flt=0.03 dmap=+2/-4 shz=4.0 plan=0 cmd=(lx=+0.00,ly=-0.35,rx=+0.00)
t= 40.7 BRK-BK pos=(-4.72,+2.62) yaw=+105.2 d=0.42 goal_err=-14 carrot_err=  -4 c0=0.75 clear=0.50 prog=0.25 rel=0.76 bal=-0.04 obs=567 hard=488 obsc=622 yr=  0  nz=0.22 flt=0.03 dmap=+0/-0 shz=4.0 plan=0 cmd=(lx=+0.00,ly=-0.35,rx=+0.00)
[VIS] perc_n=0 age=- free_c=- vismap=0/0 color=- carpet=- cnear=- crmin=- door=- dets=[-]
t= 40.8 BRK-TR pos=(-4.74,+2.59) yaw=+105.9 d=0.45 goal_err=-17 carrot_err=  -8 c0=0.77 clear=0.51 prog=0.15 rel=0.76 bal=-0.03 obs=562 hard=489 obsc=621 yr=  7  nz=0.22 flt=0.08 dmap=+4/-9 shz=4.0 plan=0 cmd=(lx=+0.00,ly=+0.00,rx=+0.45)
  TURN-CAL rx=+0.45 esperado=-46deg/s medido=+1deg/s OK
t= 40.9 BRK-TR pos=(-4.74,+2.56) yaw=+106.0 d=0.48 goal_err=-17 carrot_err=  -8 c0=0.79 clear=0.52 prog=0.06 rel=0.75 bal=-0.04 obs=562 hard=489 obsc=621 yr=  1G nz=0.23 flt=0.08 dmap=+0/-0 shz=4.0 plan=0 cmd=(lx=+0.00,ly=+0.00,rx=+0.45)
  TURN-CAL rx=+0.45 esperado=-46deg/s medido=-40deg/s OK
t= 41.0 BRK-TR pos=(-4.74,+2.57) yaw=+101.9 d=0.47 goal_err=-13 carrot_err=  -3 c0=0.79 clear=0.52 prog=0.02 rel=0.75 bal=-0.05 obs=562 hard=489 obsc=621 yr= 40G nz=0.23 flt=0.08 dmap=+0/-0 shz=4.0 plan=0 cmd=(lx=+0.00,ly=+0.00,rx=+0.45)
  TURN-CAL rx=+0.45 esperado=-46deg/s medido=-42deg/s OK
t= 41.1 BRK-TR pos=(-4.73,+2.57) yaw= +97.7 d=0.47 goal_err=-8 carrot_err=  +2 c0=0.84 clear=0.56 prog=0.00 rel=0.75 bal=-0.05 obs=562 hard=490 obsc=621 yr= 42G nz=0.23 flt=0.08 dmap=+0/-0 shz=4.0 plan=0 cmd=(lx=+0.00,ly=+0.00,rx=+0.45)
  TURN-CAL rx=+0.45 esperado=-46deg/s medido=-43deg/s OK
t= 41.2 BRK-TR pos=(-4.72,+2.57) yaw= +93.4 d=0.47 goal_err=-2 carrot_err=  +7 c0=0.84 clear=0.56 prog=0.00 rel=0.72 bal=-0.07 obs=562 hard=490 obsc=621 yr= 43G nz=0.26 flt=0.08 dmap=+0/-0 shz=4.0 plan=0 cmd=(lx=+0.00,ly=+0.00,rx=+0.45)
  TURN-CAL rx=+0.45 esperado=-46deg/s medido=-43deg/s OK
t= 41.3 BRK-TR pos=(-4.71,+2.57) yaw= +89.0 d=0.47 goal_err=+4 carrot_err= +13 c0=0.84 clear=0.56 prog=0.00 rel=0.72 bal=-0.06 obs=562 hard=491 obsc=621 yr= 43G nz=0.26 flt=0.11 dmap=+0/-0 shz=4.0 plan=0 cmd=(lx=+0.00,ly=+0.00,rx=+0.45)
  TURN-CAL rx=+0.45 esperado=-46deg/s medido=-43deg/s OK
t= 41.4 BRK-TR pos=(-4.70,+2.57) yaw= +84.6 d=0.47 goal_err=+9 carrot_err= +19 c0=0.70 clear=0.47 prog=0.00 rel=0.74 bal=-0.03 obs=562 hard=491 obsc=621 yr= 43G nz=0.25 flt=0.11 dmap=+0/-0 shz=4.0 plan=0 cmd=(lx=+0.00,ly=+0.00,rx=+0.45)
  TURN-CAL rx=+0.45 esperado=-46deg/s medido=-34deg/s OK
t= 41.6 BRK-TR pos=(-4.71,+2.57) yaw= +81.1 d=0.47 goal_err=+11 carrot_err= +20 c0=0.70 clear=0.47 prog=0.00 rel=0.74 bal=-0.04 obs=562 hard=491 obsc=621 yr= 34G nz=0.25 flt=0.08 dmap=+0/-0 shz=4.0 plan=0 cmd=(lx=+0.00,ly=+0.00,rx=+0.45)
  TURN-CAL rx=+0.45 esperado=-46deg/s medido=-39deg/s OK
t= 41.7 BRK-TR pos=(-4.71,+2.57) yaw= +77.1 d=0.47 goal_err=+15 carrot_err= +24 c0=0.70 clear=0.47 prog=0.00 rel=0.75 bal=-0.04 obs=562 hard=491 obsc=621 yr= 39G nz=0.25 flt=0.08 dmap=+0/-0 shz=4.0 plan=0 cmd=(lx=+0.00,ly=+0.00,rx=+0.45)
  TURN-CAL rx=+0.45 esperado=-46deg/s medido=-40deg/s OK
t= 41.8 BRK-TR pos=(-4.71,+2.57) yaw= +73.1 d=0.47 goal_err=+19 carrot_err= +28 c0=0.70 clear=0.47 prog=0.00 rel=0.75 bal=-0.04 obs=562 hard=491 obsc=621 yr= 40G nz=0.25 flt=0.08 dmap=+0/-0 shz=4.0 plan=0 cmd=(lx=+0.00,ly=+0.00,rx=+0.45)
[VIS] perc_n=0 age=- free_c=- vismap=0/0 color=- carpet=- cnear=- crmin=- door=- dets=[-]
  TURN-CAL rx=+0.45 esperado=-46deg/s medido=-40deg/s OK
t= 41.9 BRK-TR pos=(-4.71,+2.57) yaw= +69.1 d=0.47 goal_err=+23 carrot_err= +32 c0=0.70 clear=0.47 prog=0.00 rel=0.75 bal=-0.04 obs=562 hard=491 obsc=621 yr= 40G nz=0.25 flt=0.07 dmap=+0/-0 shz=4.0 plan=0 cmd=(lx=+0.00,ly=+0.00,rx=+0.45)
  TURN-CAL rx=+0.45 esperado=-46deg/s medido=-39deg/s OK
t= 42.0 BRK-TR pos=(-4.71,+2.57) yaw= +65.1 d=0.47 goal_err=+27 carrot_err= +36 c0=0.70 clear=0.47 prog=0.00 rel=0.88 bal=-0.04 obs=562 hard=491 obsc=621 yr= 39G nz=0.10 flt=0.07 dmap=+0/-0 shz=4.0 plan=0 cmd=(lx=+0.00,ly=+0.00,rx=+0.45)
  TURN-CAL rx=+0.45 esperado=-46deg/s medido=-40deg/s OK
t= 42.1 BRK-TR pos=(-4.71,+2.57) yaw= +61.0 d=0.47 goal_err=+31 carrot_err= +40 c0=0.70 clear=0.47 prog=0.00 rel=0.88 bal=-0.04 obs=562 hard=492 obsc=621 yr= 40G nz=0.10 flt=0.12 dmap=+0/-0 shz=4.0 plan=0 cmd=(lx=+0.00,ly=+0.00,rx=+0.45)
  TURN-CAL rx=+0.45 esperado=-46deg/s medido=-39deg/s OK
t= 42.2 BRK-TR pos=(-4.71,+2.57) yaw= +57.0 d=0.47 goal_err=+35 carrot_err= +44 c0=0.70 clear=0.47 prog=0.00 rel=0.87 bal=-0.04 obs=562 hard=492 obsc=621 yr= 39G nz=0.10 flt=0.12 dmap=+0/-0 shz=4.0 plan=0 cmd=(lx=+0.00,ly=+0.00,rx=+0.45)
  TURN-CAL rx=+0.45 esperado=-46deg/s medido=-40deg/s OK
t= 42.3 BRK-TR pos=(-4.71,+2.57) yaw= +53.0 d=0.47 goal_err=+39 carrot_err= +49 c0=0.70 clear=0.47 prog=0.00 rel=0.87 bal=+0.05 obs=562 hard=492 obsc=621 yr= 40G nz=0.10 flt=0.12 dmap=+0/-0 shz=4.0 plan=0 cmd=(lx=+0.00,ly=+0.00,rx=+0.45)
  TURN-CAL rx=+0.45 esperado=-46deg/s medido=-40deg/s OK
t= 42.4 BRK-TR pos=(-4.71,+2.57) yaw= +49.0 d=0.47 goal_err=+43 carrot_err= +53 c0=0.70 clear=0.47 prog=0.00 rel=0.87 bal=+0.11 obs=562 hard=493 obsc=621 yr= 40G nz=0.10 flt=0.08 dmap=+0/-0 shz=4.0 plan=0 cmd=(lx=+0.00,ly=+0.00,rx=+0.45)
  TURN-CAL rx=+0.45 esperado=-46deg/s medido=-39deg/s OK
t= 42.5 BRK-TR pos=(-4.71,+2.57) yaw= +45.0 d=0.47 goal_err=+47 carrot_err= +57 c0=0.70 clear=0.47 prog=0.00 rel=0.82 bal=+0.11 obs=562 hard=493 obsc=621 yr= 39G nz=0.13 flt=0.08 dmap=+0/-0 shz=4.0 plan=0 cmd=(lx=+0.00,ly=+0.00,rx=+0.45)
  TURN-CAL rx=+0.45 esperado=-46deg/s medido=-40deg/s OK
t= 42.6 BRK-TR pos=(-4.71,+2.57) yaw= +41.0 d=0.47 goal_err=+51 carrot_err= +61 c0=0.70 clear=0.47 prog=0.00 rel=0.82 bal=+0.14 obs=562 hard=497 obsc=621 yr= 40G nz=0.13 flt=0.04 dmap=+0/-0 shz=4.0 plan=0 cmd=(lx=+0.00,ly=+0.00,rx=+0.45)
  TURN-CAL rx=+0.45 esperado=-46deg/s medido=-39deg/s OK
t= 42.7 BRK-TR pos=(-4.71,+2.57) yaw= +37.0 d=0.47 goal_err=+55 carrot_err= +65 c0=0.75 clear=0.50 prog=0.00 rel=0.82 bal=+0.14 obs=562 hard=497 obsc=621 yr= 39G nz=0.13 flt=0.04 dmap=+0/-0 shz=4.0 plan=0 cmd=(lx=+0.00,ly=+0.00,rx=+0.45)
  TURN-CAL rx=+0.45 esperado=-46deg/s medido=-40deg/s OK
t= 42.8 BRK-TR pos=(-4.71,+2.57) yaw= +33.0 d=0.47 goal_err=+59 carrot_err= +69 c0=0.75 clear=0.50 prog=0.00 rel=0.82 bal=+0.14 obs=562 hard=497 obsc=621 yr= 40G nz=0.13 flt=0.04 dmap=+0/-0 shz=4.0 plan=0 cmd=(lx=+0.00,ly=+0.00,rx=+0.45)
[VIS] perc_n=0 age=- free_c=- vismap=0/0 color=- carpet=- cnear=- crmin=- door=- dets=[-]
  TURN-CAL rx=+0.45 esperado=-46deg/s medido=-40deg/s OK
t= 42.9 BRK-TR pos=(-4.71,+2.57) yaw= +29.0 d=0.47 goal_err=+63 carrot_err= +73 c0=0.75 clear=0.50 prog=0.01 rel=0.82 bal=+0.14 obs=562 hard=497 obsc=621 yr= 40G nz=0.13 flt=0.06 dmap=+0/-0 shz=4.0 plan=0 cmd=(lx=+0.00,ly=+0.00,rx=+0.45)
  TURN-CAL rx=+0.45 esperado=-46deg/s medido=-39deg/s OK
t= 43.0 BRK-TR pos=(-4.71,+2.57) yaw= +24.9 d=0.47 goal_err=+67 carrot_err= +77 c0=0.71 clear=0.47 prog=0.01 rel=0.90 bal=+0.05 obs=562 hard=497 obsc=621 yr= 39G nz=0.06 flt=0.06 dmap=+0/-0 shz=4.0 plan=0 cmd=(lx=+0.00,ly=+0.00,rx=+0.45)
  TURN-CAL rx=+0.45 esperado=-46deg/s medido=-40deg/s OK
t= 43.1 BRK-TR pos=(-4.71,+2.57) yaw= +20.9 d=0.47 goal_err=+71 carrot_err= +81 c0=0.71 clear=0.47 prog=0.00 rel=0.90 bal=+0.05 obs=562 hard=498 obsc=621 yr= 40G nz=0.06 flt=0.04 dmap=+0/-0 shz=4.0 plan=0 cmd=(lx=+0.00,ly=+0.00,rx=+0.45)
  TURN-CAL rx=+0.45 esperado=-46deg/s medido=-39deg/s OK
t= 43.2 BRK-TR pos=(-4.71,+2.57) yaw= +16.9 d=0.47 goal_err=+75 carrot_err= +85 c0=0.71 clear=0.47 prog=0.00 rel=0.91 bal=+0.05 obs=562 hard=498 obsc=621 yr= 39G nz=0.06 flt=0.04 dmap=+0/-0 shz=4.0 plan=0 cmd=(lx=+0.00,ly=+0.00,rx=+0.45)
  TURN-CAL rx=+0.45 esperado=-46deg/s medido=-40deg/s OK
t= 43.3 DWA-F pos=(-4.71,+2.57) yaw= +12.9 d=0.47 goal_err=+79 carrot_err= +89 c0=0.71 clear=0.47 prog=0.00 rel=0.91 bal=+0.05 obs=562 hard=498 obsc=621 yr= 40G nz=0.06 flt=0.04 dmap=+0/-0 shz=4.0 plan=3 cmd=(lx=+0.00,ly=+0.28,rx=-0.45)
t= 43.4 DWA-F pos=(-4.71,+2.57) yaw=  +8.9 d=0.47 goal_err=+83 carrot_err= +93 c0=0.71 clear=0.47 prog=0.00 rel=0.91 bal=+0.05 obs=563 hard=501 obsc=622 yr= 38G nz=0.06 flt=0.04 dmap=+1/-0 shz=4.0 plan=3 cmd=(lx=+0.00,ly=+0.28,rx=-0.45)
t= 43.5 DWA-F pos=(-4.69,+2.55) yaw= +12.1 d=0.49 goal_err=+82 carrot_err= +92 c0=0.69 clear=0.46 prog=0.00 rel=0.89 bal=+0.07 obs=563 hard=501 obsc=622 yr= 31G nz=0.06 flt=0.04 dmap=+0/-0 shz=4.0 plan=3 cmd=(lx=+0.00,ly=+0.28,rx=-0.45)
t= 43.6 DWA-F pos=(-4.67,+2.56) yaw= +16.0 d=0.49 goal_err=+81 carrot_err= +90 c0=0.67 clear=0.45 prog=0.00 rel=0.89 bal=+0.07 obs=563 hard=501 obsc=622 yr= 38G nz=0.06 flt=0.03 dmap=+0/-0 shz=4.0 plan=3 cmd=(lx=+0.00,ly=+0.28,rx=-0.45)
t= 43.7 DWA-F pos=(-4.66,+2.56) yaw= +20.1 d=0.48 goal_err=+79 carrot_err= +88 c0=0.66 clear=0.44 prog=0.00 rel=0.90 bal=+0.07 obs=563 hard=501 obsc=622 yr= 39G nz=0.07 flt=0.03 dmap=+0/-0 shz=4.0 plan=3 cmd=(lx=+0.00,ly=+0.28,rx=-0.45)
t= 43.8 DWA-F pos=(-4.64,+2.58) yaw= +24.3 d=0.47 goal_err=+77 carrot_err= +86 c0=0.64 clear=0.43 prog=0.00 rel=0.90 bal=+0.06 obs=563 hard=501 obsc=622 yr= 41G nz=0.07 flt=0.03 dmap=+0/-0 shz=4.0 plan=3 cmd=(lx=+0.00,ly=+0.28,rx=-0.45)
[VIS] perc_n=0 age=- free_c=- vismap=0/0 color=- carpet=- cnear=- crmin=- door=- dets=[-]
t= 43.9 DWA-F pos=(-4.63,+2.60) yaw= +28.7 d=0.46 goal_err=+74 carrot_err= +84 c0=0.66 clear=0.44 prog=0.02 rel=0.90 bal=+0.04 obs=564 hard=502 obsc=623 yr= 43G nz=0.07 flt=0.16 dmap=+1/-0 shz=4.0 plan=3 cmd=(lx=+0.00,ly=+0.28,rx=-0.45)
t= 44.0 DWA-F pos=(-4.62,+2.61) yaw= +33.1 d=0.44 goal_err=+72 carrot_err= +82 c0=0.64 clear=0.43 prog=0.05 rel=0.92 bal=+0.03 obs=564 hard=502 obsc=623 yr= 42G nz=0.07 flt=0.16 dmap=+0/-0 shz=4.0 plan=3 cmd=(lx=+0.00,ly=+0.28,rx=-0.45)
t= 44.1 DWA-F pos=(-4.61,+2.63) yaw= +37.5 d=0.43 goal_err=+69 carrot_err= +80 c0=0.63 clear=0.42 prog=0.07 rel=0.92 bal=+0.12 obs=564 hard=502 obsc=623 yr= 43G nz=0.07 flt=0.05 dmap=+0/-0 shz=4.0 plan=3 cmd=(lx=+0.00,ly=+0.28,rx=-0.45)
t= 44.2 DWA-F pos=(-4.60,+2.65) yaw= +41.8 d=0.41 goal_err=+66 carrot_err= +78 c0=0.68 clear=0.46 prog=0.09 rel=0.89 bal=+0.10 obs=565 hard=503 obsc=624 yr= 41G nz=0.09 flt=0.05 dmap=+1/-0 shz=4.0 plan=3 cmd=(lx=+0.00,ly=+0.28,rx=-0.45)
t= 44.3 DWA-F pos=(-4.59,+2.66) yaw= +45.9 d=0.41 goal_err=+64 carrot_err= +76 c0=0.57 clear=0.38 prog=0.11 rel=0.89 bal=+0.10 obs=565 hard=505 obsc=624 yr= 40G nz=0.09 flt=0.25 dmap=+0/-0 shz=4.0 plan=3 cmd=(lx=+0.00,ly=+0.28,rx=-0.45)
t= 44.4 DWA-F pos=(-4.58,+2.67) yaw= +49.8 d=0.40 goal_err=+63 carrot_err= +74 c0=0.56 clear=0.37 prog=0.12 rel=0.67 bal=+0.10 obs=565 hard=505 obsc=624 yr= 38G nz=0.23 flt=0.25 dmap=+0/-0 shz=4.0 plan=3 cmd=(lx=+0.00,ly=+0.28,rx=-0.45)
t= 44.5 DWA-F pos=(-4.55,+2.69) yaw= +57.6 d=0.39 goal_err=+59 carrot_err= +71 c0=0.53 clear=0.35 prog=0.14 rel=0.67 bal=+0.10 obs=566 hard=506 obsc=625 yr= 75G nz=0.23 flt=0.25 dmap=+1/-0 shz=4.0 plan=3 cmd=(lx=+0.00,ly=+0.28,rx=-0.45)
t= 44.6 DWA-F pos=(-4.54,+2.70) yaw= +61.2 d=0.39 goal_err=+59 carrot_err= +70 c0=0.51 clear=0.34 prog=0.14 rel=0.67 bal=+0.19 obs=569 hard=510 obsc=628 yr= 36G nz=0.23 flt=0.18 dmap=+3/-0 shz=4.0 plan=3 cmd=(lx=+0.00,ly=+0.28,rx=-0.45)
t= 44.7 DWA-F pos=(-4.52,+2.71) yaw= +64.8 d=0.39 goal_err=+58 carrot_err= +70 c0=0.50 clear=0.33 prog=0.14 rel=0.63 bal=+0.21 obs=569 hard=510 obsc=628 yr= 35G nz=0.26 flt=0.18 dmap=+0/-0 shz=4.0 plan=3 cmd=(lx=+0.00,ly=+0.28,rx=-0.45)
t= 44.8 DWA-F pos=(-4.50,+2.73) yaw= +68.5 d=0.39 goal_err=+58 carrot_err= +69 c0=0.48 clear=0.32 prog=0.14 rel=0.63 bal=+0.23 obs=573 hard=514 obsc=632 yr= 36G nz=0.26 flt=0.16 dmap=+4/-0 shz=4.0 plan=2 cmd=(lx=+0.00,ly=+0.28,rx=-0.45)
[VIS] perc_n=0 age=- free_c=- vismap=0/0 color=- carpet=- cnear=- crmin=- door=- dets=[-]
t= 44.9 DWA-F pos=(-4.49,+2.75) yaw= +72.2 d=0.38 goal_err=+58 carrot_err= +69 c0=0.46 clear=0.31 prog=0.15 rel=0.61 bal=+0.24 obs=574 hard=515 obsc=633 yr= 36G nz=0.29 flt=0.16 dmap=+1/-0 shz=4.0 plan=2 cmd=(lx=+0.00,ly=+0.28,rx=-0.45)
t= 45.0 DWA-F pos=(-4.48,+2.77) yaw= +76.2 d=0.37 goal_err=+56 carrot_err= +68 c0=0.44 clear=0.29 prog=0.17 rel=0.61 bal=+0.24 obs=574 hard=515 obsc=633 yr= 39G nz=0.29 flt=0.16 dmap=+0/-0 shz=4.0 plan=2 cmd=(lx=+0.00,ly=+0.28,rx=-0.45)
t= 45.1 DWA-F pos=(-4.48,+2.78) yaw= +80.3 d=0.36 goal_err=+54 carrot_err= +66 c0=0.42 clear=0.28 prog=0.19 rel=0.61 bal=+0.18 obs=574 hard=515 obsc=633 yr= 40G nz=0.29 flt=0.08 dmap=+0/-0 shz=4.0 plan=2 cmd=(lx=+0.00,ly=+0.28,rx=-0.45)
REACHED B err=0.34 ncol=0 2026-08-20 20:13:11
STRAFE-CAL-RESUMEN lx>0 -> -0.4801395607787734cm/tick ; lx<0 -> 2.0306079793208176cm/tick (con el mapeo BIEN, lx>0 debe dar cm POSITIVOS=IZQ)
TURN-CAL-RESUMEN rx>0 -> medido~-39.399279839648855deg/s (modelo<0) ; rx<0 -> medido~39.55826707819577deg/s (modelo>0) :: OK (modelo correcto)
FASES {'DWA-T': 23, 'DWA-F': 178, 'DOOR-AL': 15, 'DOOR-AL.': 3, 'DOOR-CTR': 33, 'DOOR-GO': 14, 'ENG-F': 43, 'ENG-T': 7, 'ENG-AL.': 1, 'ENG-GO': 97, 'ENG-CG': 3, 'BRK-BK': 2, 'BRK-TR': 24}
FIN

=== GOTO 2026-08-20 20:13:14 ===

=== RUN ours 'A' -> (+0.99,+0.57)  2026-08-20 20:13:14 env=sim/lab_v1 ===
FRAME-CHECK start=(-4.47,+2.85) wp_mas_cercano=B(-4.73,+3.04) offset=0.32m
NO-VISION override G1_NOVIS=1 (G1_PERC sin definir)
GLOBALMAP src=static walls=961 static=0 soft=9.0/4.0
[VIS] perc_n=0 age=- free_c=- vismap=0/0 color=- carpet=- cnear=- crmin=- door=- dets=[-]
DOOR-ENG start t=0s pos=(-4.47,+2.85) sgn=BA
DOOR-CENTER medido: off=-0.18m gap=0.85m (jambas L=+0.25 R=-0.60)
t=  0.0 ENG-T pos=(-4.47,+2.85) yaw= +88.2 d=5.92 goal_err=-111 carrot_err=-173 c0=0.75 clear=0.50 prog=0.00 rel=1.00 bal=+0.18 obs=75 hard=75 obsc=75 yr=  0  nz=0.00 flt=0.36 dmap=+75/-0 shz=0.0 plan=33 cmd=(lx=+0.00,ly=+0.00,rx=+0.45)
META-SM: NORMAL -> BLIND (trust=1.00 contra=0 iface=1.00 near=0.75) t=0s
  TURN-CAL rx=+0.45 esperado=-46deg/s medido=+0deg/s OK
t=  0.1 ENG-T pos=(-4.47,+2.85) yaw= +88.2 d=5.92 goal_err=-111 carrot_err=-173 c0=0.61 clear=0.41 prog=0.00 rel=0.99 bal=+0.14 obs=90 hard=90 obsc=90 yr=  0G nz=0.00 flt=0.05 dmap=+15/-0 shz=9.7 plan=33 cmd=(lx=+0.00,ly=+0.00,rx=+0.45)
  TURN-CAL rx=+0.45 esperado=-46deg/s medido=-40deg/s OK
t=  0.2 ENG-T pos=(-4.47,+2.85) yaw= +84.2 d=5.92 goal_err=-107 carrot_err=-169 c0=0.61 clear=0.41 prog=0.00 rel=0.87 bal=+0.18 obs=90 hard=90 obsc=90 yr= 40G nz=0.13 flt=0.05 dmap=+0/-0 shz=9.7 plan=33 cmd=(lx=+0.00,ly=+0.00,rx=+0.45)
  TURN-CAL rx=+0.45 esperado=-46deg/s medido=-40deg/s OK
t=  0.3 ENG-T pos=(-4.47,+2.85) yaw= +80.2 d=5.92 goal_err=-103 carrot_err=-165 c0=0.61 clear=0.41 prog=0.00 rel=0.87 bal=+0.15 obs=94 hard=94 obsc=94 yr= 40G nz=0.13 flt=0.10 dmap=+4/-0 shz=6.6 plan=33 cmd=(lx=+0.00,ly=+0.00,rx=+0.45)
  TURN-CAL rx=+0.45 esperado=-46deg/s medido=-40deg/s OK
t=  0.4 ENG-T pos=(-4.47,+2.85) yaw= +76.2 d=5.92 goal_err=-99 carrot_err=-161 c0=0.61 clear=0.41 prog=0.00 rel=0.86 bal=+0.15 obs=94 hard=94 obsc=94 yr= 40G nz=0.13 flt=0.10 dmap=+0/-0 shz=6.6 plan=33 cmd=(lx=+0.00,ly=+0.00,rx=+0.45)
  TURN-CAL rx=+0.45 esperado=-46deg/s medido=-40deg/s OK
t=  0.5 ENG-T pos=(-4.47,+2.85) yaw= +72.2 d=5.92 goal_err=-95 carrot_err=-157 c0=0.61 clear=0.41 prog=0.00 rel=0.86 bal=+0.21 obs=94 hard=94 obsc=94 yr= 40G nz=0.13 flt=0.10 dmap=+0/-0 shz=6.6 plan=33 cmd=(lx=+0.00,ly=+0.00,rx=+0.45)
  TURN-CAL rx=+0.45 esperado=-46deg/s medido=-40deg/s OK
t=  0.6 ENG-T pos=(-4.47,+2.85) yaw= +68.2 d=5.92 goal_err=-91 carrot_err=-153 c0=0.61 clear=0.41 prog=0.00 rel=0.86 bal=+0.16 obs=97 hard=97 obsc=97 yr= 40G nz=0.13 flt=0.06 dmap=+3/-0 shz=4.9 plan=33 cmd=(lx=+0.00,ly=+0.00,rx=+0.45)
  TURN-CAL rx=+0.45 esperado=-46deg/s medido=-40deg/s OK
t=  0.7 ENG-T pos=(-4.47,+2.85) yaw= +64.1 d=5.92 goal_err=-87 carrot_err=-149 c0=0.61 clear=0.41 prog=0.00 rel=0.88 bal=+0.05 obs=97 hard=97 obsc=97 yr= 40G nz=0.12 flt=0.06 dmap=+0/-0 shz=4.9 plan=33 cmd=(lx=+0.00,ly=+0.00,rx=+0.45)
  TURN-CAL rx=+0.45 esperado=-46deg/s medido=-40deg/s OK
t=  0.8 ENG-T pos=(-4.47,+2.85) yaw= +60.1 d=5.92 goal_err=-83 carrot_err=-145 c0=0.61 clear=0.41 prog=0.00 rel=0.88 bal=+0.05 obs=98 hard=98 obsc=98 yr= 40G nz=0.12 flt=0.07 dmap=+1/-0 shz=4.9 plan=33 cmd=(lx=+0.00,ly=+0.00,rx=+0.45)
  TURN-CAL rx=+0.45 esperado=-46deg/s medido=-39deg/s OK
t=  0.9 ENG-T pos=(-4.47,+2.85) yaw= +56.1 d=5.92 goal_err=-79 carrot_err=-141 c0=0.61 clear=0.41 prog=0.00 rel=0.87 bal=+0.05 obs=98 hard=98 obsc=98 yr= 39G nz=0.12 flt=0.07 dmap=+0/-0 shz=4.9 plan=33 cmd=(lx=+0.00,ly=+0.00,rx=+0.45)
[VIS] perc_n=0 age=- free_c=- vismap=0/0 color=- carpet=- cnear=- crmin=- door=- dets=[-]
  TURN-CAL rx=+0.45 esperado=-46deg/s medido=-40deg/s OK
t=  1.0 ENG-T pos=(-4.47,+2.85) yaw= +52.1 d=5.92 goal_err=-75 carrot_err=-137 c0=0.61 clear=0.41 prog=0.00 rel=0.87 bal=+0.05 obs=98 hard=98 obsc=98 yr= 40G nz=0.12 flt=0.07 dmap=+0/-0 shz=4.9 plan=33 cmd=(lx=+0.00,ly=+0.00,rx=+0.45)
  TURN-CAL rx=+0.45 esperado=-46deg/s medido=-40deg/s OK
t=  1.1 ENG-T pos=(-4.47,+2.85) yaw= +48.1 d=5.92 goal_err=-71 carrot_err=-133 c0=0.61 clear=0.41 prog=0.00 rel=0.87 bal=+0.05 obs=98 hard=98 obsc=98 yr= 40G nz=0.12 flt=0.03 dmap=+0/-0 shz=4.5 plan=33 cmd=(lx=+0.00,ly=+0.00,rx=+0.45)
  TURN-CAL rx=+0.45 esperado=-46deg/s medido=-40deg/s OK
t=  1.2 ENG-T pos=(-4.47,+2.85) yaw= +44.1 d=5.92 goal_err=-67 carrot_err=-129 c0=0.61 clear=0.41 prog=0.00 rel=0.88 bal=+0.05 obs=98 hard=98 obsc=98 yr= 40G nz=0.11 flt=0.03 dmap=+0/-0 shz=4.5 plan=33 cmd=(lx=+0.00,ly=+0.00,rx=+0.45)
  TURN-CAL rx=+0.45 esperado=-46deg/s medido=-40deg/s OK
t=  1.3 ENG-T pos=(-4.47,+2.85) yaw= +40.1 d=5.92 goal_err=-63 carrot_err=-125 c0=0.61 clear=0.41 prog=0.00 rel=0.88 bal=+0.05 obs=99 hard=99 obsc=99 yr= 40G nz=0.11 flt=0.06 dmap=+1/-0 shz=4.6 plan=33 cmd=(lx=+0.00,ly=+0.00,rx=+0.45)
  TURN-CAL rx=+0.45 esperado=-46deg/s medido=-39deg/s OK
t=  1.4 ENG-T pos=(-4.47,+2.85) yaw= +36.1 d=5.92 goal_err=-59 carrot_err=-121 c0=0.73 clear=0.48 prog=0.00 rel=0.89 bal=+0.05 obs=99 hard=99 obsc=99 yr= 39G nz=0.11 flt=0.06 dmap=+0/-0 shz=4.6 plan=33 cmd=(lx=+0.00,ly=+0.00,rx=+0.45)
  TURN-CAL rx=+0.45 esperado=-46deg/s medido=-40deg/s OK
t=  1.5 ENG-T pos=(-4.47,+2.85) yaw= +32.1 d=5.92 goal_err=-55 carrot_err=-117 c0=0.73 clear=0.48 prog=0.00 rel=0.89 bal=+0.05 obs=99 hard=99 obsc=99 yr= 40G nz=0.11 flt=0.06 dmap=+0/-0 shz=4.6 plan=33 cmd=(lx=+0.00,ly=+0.00,rx=+0.45)
  TURN-CAL rx=+0.45 esperado=-46deg/s medido=-39deg/s OK
t=  1.6 ENG-T pos=(-4.47,+2.85) yaw= +28.1 d=5.92 goal_err=-51 carrot_err=-113 c0=0.73 clear=0.48 prog=0.00 rel=0.89 bal=-0.07 obs=99 hard=99 obsc=99 yr= 39G nz=0.11 flt=0.07 dmap=+0/-0 shz=4.3 plan=33 cmd=(lx=+0.00,ly=+0.00,rx=+0.45)
  TURN-CAL rx=+0.45 esperado=-46deg/s medido=-39deg/s OK
t=  1.7 ENG-T pos=(-4.47,+2.85) yaw= +24.0 d=5.92 goal_err=-47 carrot_err=-109 c0=0.76 clear=0.51 prog=0.00 rel=0.89 bal=-0.07 obs=99 hard=99 obsc=99 yr= 39G nz=0.10 flt=0.07 dmap=+0/-0 shz=4.3 plan=33 cmd=(lx=+0.00,ly=+0.00,rx=+0.45)
  TURN-CAL rx=+0.45 esperado=-46deg/s medido=-40deg/s OK
t=  1.8 ENG-T pos=(-4.47,+2.85) yaw= +20.0 d=5.92 goal_err=-43 carrot_err=-105 c0=0.68 clear=0.45 prog=0.00 rel=0.89 bal=-0.07 obs=99 hard=99 obsc=99 yr= 40G nz=0.10 flt=0.05 dmap=+0/-0 shz=4.4 plan=33 cmd=(lx=+0.00,ly=+0.00,rx=+0.45)
  TURN-CAL rx=+0.45 esperado=-46deg/s medido=-39deg/s OK
t=  1.9 ENG-T pos=(-4.47,+2.85) yaw= +16.0 d=5.92 goal_err=-39 carrot_err=-101 c0=0.68 clear=0.45 prog=0.00 rel=0.89 bal=-0.07 obs=99 hard=99 obsc=99 yr= 39G nz=0.09 flt=0.05 dmap=+0/-0 shz=4.4 plan=33 cmd=(lx=+0.00,ly=+0.00,rx=+0.45)
[VIS] perc_n=0 age=- free_c=- vismap=0/0 color=- carpet=- cnear=- crmin=- door=- dets=[-]
  TURN-CAL rx=+0.45 esperado=-46deg/s medido=-79deg/s OK
t=  2.0 ENG-T pos=(-4.47,+2.85) yaw=  +8.0 d=5.92 goal_err=-31 carrot_err= -93 c0=0.68 clear=0.45 prog=0.00 rel=0.89 bal=-0.13 obs=99 hard=99 obsc=99 yr= 79G nz=0.09 flt=0.05 dmap=+0/-0 shz=4.4 plan=33 cmd=(lx=+0.00,ly=+0.00,rx=+0.45)
  TURN-CAL rx=+0.45 esperado=-46deg/s medido=-40deg/s OK
t=  2.1 ENG-T pos=(-4.47,+2.85) yaw=  +4.0 d=5.92 goal_err=-27 carrot_err= -89 c0=0.68 clear=0.45 prog=0.00 rel=0.89 bal=-0.13 obs=99 hard=99 obsc=99 yr= 40G nz=0.09 flt=0.15 dmap=+0/-0 shz=4.2 plan=33 cmd=(lx=+0.00,ly=+0.00,rx=+0.45)
  TURN-CAL rx=+0.45 esperado=-46deg/s medido=-39deg/s OK
t=  2.2 ENG-T pos=(-4.47,+2.85) yaw=  -0.0 d=5.92 goal_err=-23 carrot_err= -85 c0=0.68 clear=0.45 prog=0.00 rel=0.88 bal=-0.13 obs=99 hard=99 obsc=99 yr= 39G nz=0.09 flt=0.15 dmap=+0/-0 shz=4.2 plan=33 cmd=(lx=+0.00,ly=+0.00,rx=+0.45)
  TURN-CAL rx=+0.45 esperado=-46deg/s medido=-40deg/s OK
t=  2.3 ENG-T pos=(-4.47,+2.85) yaw=  -4.0 d=5.92 goal_err=-19 carrot_err= -81 c0=0.68 clear=0.45 prog=0.00 rel=0.88 bal=-0.13 obs=99 hard=99 obsc=99 yr= 40G nz=0.09 flt=0.05 dmap=+0/-0 shz=4.3 plan=33 cmd=(lx=+0.00,ly=+0.00,rx=+0.45)
  TURN-CAL rx=+0.45 esperado=-46deg/s medido=-40deg/s OK
t=  2.4 ENG-T pos=(-4.47,+2.85) yaw=  -8.0 d=5.92 goal_err=-15 carrot_err= -77 c0=0.68 clear=0.45 prog=0.00 rel=0.92 bal=-0.13 obs=99 hard=99 obsc=99 yr= 40G nz=0.08 flt=0.05 dmap=+0/-0 shz=4.3 plan=33 cmd=(lx=+0.00,ly=+0.00,rx=+0.45)
  TURN-CAL rx=+0.45 esperado=-46deg/s medido=-40deg/s OK
t=  2.5 ENG-T pos=(-4.47,+2.85) yaw= -12.1 d=5.92 goal_err=-11 carrot_err= -73 c0=0.68 clear=0.45 prog=0.00 rel=0.92 bal=-0.13 obs=99 hard=99 obsc=99 yr= 40G nz=0.08 flt=0.05 dmap=+0/-0 shz=4.3 plan=33 cmd=(lx=+0.00,ly=+0.00,rx=+0.45)
  TURN-CAL rx=+0.45 esperado=-46deg/s medido=-40deg/s OK
t=  2.6 ENG-T pos=(-4.47,+2.85) yaw= -16.1 d=5.92 goal_err=-7 carrot_err= -69 c0=0.68 clear=0.45 prog=0.00 rel=0.92 bal=-0.13 obs=102 hard=102 obsc=102 yr= 40G nz=0.08 flt=0.05 dmap=+3/-0 shz=4.2 plan=33 cmd=(lx=+0.00,ly=+0.00,rx=+0.45)
  TURN-CAL rx=+0.45 esperado=-46deg/s medido=-40deg/s OK
t=  2.7 ENG-T pos=(-4.47,+2.85) yaw= -20.1 d=5.92 goal_err=-3 carrot_err= -65 c0=0.68 clear=0.45 prog=0.00 rel=0.93 bal=-0.24 obs=102 hard=102 obsc=102 yr= 40G nz=0.07 flt=0.05 dmap=+0/-0 shz=4.2 plan=33 cmd=(lx=+0.00,ly=+0.00,rx=+0.45)
  TURN-CAL rx=+0.45 esperado=-46deg/s medido=-40deg/s OK
t=  2.8 ENG-T pos=(-4.47,+2.85) yaw= -24.1 d=5.92 goal_err=+1 carrot_err= -61 c0=0.68 clear=0.45 prog=0.00 rel=0.93 bal=-0.17 obs=102 hard=102 obsc=102 yr= 40G nz=0.07 flt=0.05 dmap=+0/-0 shz=4.2 plan=33 cmd=(lx=+0.00,ly=+0.00,rx=+0.45)
  TURN-CAL rx=+0.45 esperado=-46deg/s medido=-39deg/s OK
t=  2.9 ENG-T pos=(-4.47,+2.85) yaw= -28.1 d=5.92 goal_err=+5 carrot_err= -57 c0=0.68 clear=0.45 prog=0.00 rel=0.95 bal=-0.22 obs=102 hard=102 obsc=102 yr= 39G nz=0.05 flt=0.05 dmap=+0/-0 shz=4.2 plan=33 cmd=(lx=+0.00,ly=+0.00,rx=+0.45)
[VIS] perc_n=0 age=- free_c=- vismap=0/0 color=- carpet=- cnear=- crmin=- door=- dets=[-]
  TURN-CAL rx=+0.45 esperado=-46deg/s medido=-40deg/s OK
t=  3.0 ENG-T pos=(-4.47,+2.85) yaw= -32.1 d=5.92 goal_err=+9 carrot_err= -53 c0=0.72 clear=0.48 prog=0.00 rel=0.95 bal=-0.22 obs=102 hard=102 obsc=102 yr= 40G nz=0.05 flt=0.05 dmap=+0/-0 shz=4.2 plan=33 cmd=(lx=+0.00,ly=+0.00,rx=+0.45)
  TURN-CAL rx=+0.45 esperado=-46deg/s medido=-39deg/s OK
t=  3.2 ENG-T pos=(-4.47,+2.85) yaw= -36.1 d=5.92 goal_err=+13 carrot_err= -49 c0=0.72 clear=0.48 prog=0.00 rel=0.95 bal=-0.20 obs=102 hard=102 obsc=102 yr= 39G nz=0.05 flt=0.11 dmap=+0/-0 shz=4.1 plan=33 cmd=(lx=+0.00,ly=+0.00,rx=+0.45)
  TURN-CAL rx=+0.45 esperado=-46deg/s medido=-39deg/s OK
t=  3.3 ENG-T pos=(-4.47,+2.85) yaw= -40.1 d=5.92 goal_err=+17 carrot_err= -45 c0=0.72 clear=0.48 prog=0.00 rel=0.93 bal=-0.22 obs=102 hard=102 obsc=102 yr= 39G nz=0.05 flt=0.11 dmap=+0/-0 shz=4.1 plan=33 cmd=(lx=+0.00,ly=+0.00,rx=+0.45)
  TURN-CAL rx=+0.45 esperado=-46deg/s medido=-40deg/s OK
t=  3.4 ENG-T pos=(-4.47,+2.85) yaw= -44.1 d=5.92 goal_err=+21 carrot_err= -41 c0=0.72 clear=0.48 prog=0.00 rel=0.93 bal=-0.22 obs=103 hard=103 obsc=103 yr= 40G nz=0.05 flt=0.09 dmap=+1/-0 shz=4.2 plan=33 cmd=(lx=+0.00,ly=+0.00,rx=+0.45)
  TURN-CAL rx=+0.45 esperado=-46deg/s medido=-40deg/s OK
t=  3.5 ENG-T pos=(-4.47,+2.85) yaw= -48.2 d=5.92 goal_err=+25 carrot_err= -37 c0=0.81 clear=0.54 prog=0.00 rel=0.91 bal=-0.22 obs=103 hard=103 obsc=103 yr= 40G nz=0.05 flt=0.09 dmap=+0/-0 shz=4.2 plan=33 cmd=(lx=+0.00,ly=+0.00,rx=+0.45)
  TURN-CAL rx=+0.45 esperado=-46deg/s medido=-40deg/s OK
t=  3.6 ENG-T pos=(-4.47,+2.85) yaw= -52.2 d=5.92 goal_err=+30 carrot_err= -33 c0=0.81 clear=0.54 prog=0.00 rel=0.91 bal=-0.22 obs=103 hard=103 obsc=103 yr= 40G nz=0.05 flt=0.09 dmap=+0/-0 shz=4.2 plan=33 cmd=(lx=+0.00,ly=+0.00,rx=+0.45)
  TURN-CAL rx=+0.45 esperado=-46deg/s medido=-40deg/s OK
t=  3.7 ENG-T pos=(-4.47,+2.85) yaw= -56.2 d=5.92 goal_err=+34 carrot_err= -29 c0=0.81 clear=0.54 prog=0.00 rel=0.91 bal=-0.20 obs=105 hard=105 obsc=105 yr= 40G nz=0.05 flt=0.03 dmap=+2/-0 shz=4.1 plan=33 cmd=(lx=+0.00,ly=+0.00,rx=+0.45)
  TURN-CAL rx=+0.45 esperado=-46deg/s medido=-39deg/s OK
t=  3.8 ENG-F pos=(-4.47,+2.85) yaw= -60.2 d=5.92 goal_err=+38 carrot_err= -25 c0=0.81 clear=0.54 prog=0.00 rel=0.89 bal=-0.20 obs=105 hard=105 obsc=105 yr= 39G nz=0.09 flt=0.03 dmap=+0/-0 shz=4.1 plan=33 cmd=(lx=+0.00,ly=+0.28,rx=+0.00)
t=  3.9 ENG-F pos=(-4.46,+2.85) yaw= -61.8 d=5.91 goal_err=+39 carrot_err= -24 c0=0.64 clear=0.43 prog=0.02 rel=0.89 bal=-0.21 obs=120 hard=113 obsc=138 yr= 16  nz=0.09 flt=0.10 dmap=+15/-0 shz=4.2 plan=33 cmd=(lx=+0.00,ly=+0.28,rx=+0.00)
t=  4.0 ENG-F pos=(-4.47,+2.83) yaw= -62.2 d=5.90 goal_err=+40 carrot_err= -23 c0=0.63 clear=0.42 prog=0.03 rel=0.90 bal=-0.20 obs=120 hard=113 obsc=138 yr=  4  nz=0.10 flt=0.10 dmap=+0/-0 shz=4.2 plan=33 cmd=(lx=+0.00,ly=+0.28,rx=+0.00)
[VIS] perc_n=0 age=- free_c=- vismap=0/0 color=- carpet=- cnear=- crmin=- door=- dets=[-]
t=  4.1 ENG-F pos=(-4.46,+2.80) yaw= -62.5 d=5.89 goal_err=+40 carrot_err= -23 c0=0.62 clear=0.41 prog=0.05 rel=0.90 bal=-0.00 obs=140 hard=116 obsc=145 yr=  4  nz=0.10 flt=0.04 dmap=+20/-0 shz=4.2 plan=33 cmd=(lx=+0.00,ly=+0.28,rx=+0.00)
t=  4.2 ENG-F pos=(-4.46,+2.79) yaw= -62.8 d=5.89 goal_err=+41 carrot_err= -23 c0=0.60 clear=0.40 prog=0.06 rel=0.87 bal=+0.00 obs=141 hard=118 obsc=146 yr=  3  nz=0.10 flt=0.04 dmap=+1/-0 shz=4.2 plan=33 cmd=(lx=+0.00,ly=+0.28,rx=+0.00)
t=  4.3 ENG-F pos=(-4.46,+2.77) yaw= -63.0 d=5.87 goal_err=+41 carrot_err= -23 c0=0.59 clear=0.39 prog=0.08 rel=0.87 bal=+0.00 obs=141 hard=118 obsc=146 yr=  2  nz=0.10 flt=0.04 dmap=+0/-0 shz=4.2 plan=33 cmd=(lx=+0.00,ly=+0.28,rx=+0.00)
t=  4.4 ENG-T pos=(-4.45,+2.75) yaw= -63.1 d=5.86 goal_err=+41 carrot_err= -23 c0=0.71 clear=0.48 prog=0.10 rel=0.87 bal=+0.00 obs=146 hard=119 obsc=151 yr=  1  nz=0.10 flt=0.06 dmap=+7/-2 shz=4.1 plan=33 cmd=(lx=+0.00,ly=+0.00,rx=+0.45)
  TURN-CAL rx=+0.45 esperado=-46deg/s medido=-18deg/s OK
t=  4.5 ENG-F pos=(-4.44,+2.75) yaw= -65.0 d=5.85 goal_err=+43 carrot_err= -22 c0=0.71 clear=0.47 prog=0.12 rel=0.86 bal=-0.01 obs=146 hard=119 obsc=151 yr= 18G nz=0.11 flt=0.06 dmap=+0/-0 shz=4.1 plan=33 cmd=(lx=+0.00,ly=+0.28,rx=+0.00)
t=  4.6 ENG-F pos=(-4.43,+2.74) yaw= -66.7 d=5.84 goal_err=+45 carrot_err= -21 c0=0.70 clear=0.46 prog=0.13 rel=0.86 bal=-0.02 obs=148 hard=122 obsc=154 yr= 17  nz=0.11 flt=0.02 dmap=+2/-0 shz=4.2 plan=33 cmd=(lx=+0.00,ly=+0.28,rx=+0.00)
t=  4.7 ENG-F pos=(-4.42,+2.73) yaw= -66.3 d=5.82 goal_err=+44 carrot_err= -22 c0=0.68 clear=0.45 prog=0.17 rel=0.87 bal=-0.03 obs=148 hard=122 obsc=154 yr=  4  nz=0.10 flt=0.02 dmap=+0/-0 shz=4.2 plan=33 cmd=(lx=+0.00,ly=+0.28,rx=+0.00)
t=  4.8 ENG-T pos=(-4.40,+2.72) yaw= -65.9 d=5.80 goal_err=+44 carrot_err= -24 c0=0.66 clear=0.44 prog=0.21 rel=0.87 bal=-0.23 obs=148 hard=122 obsc=154 yr=  4  nz=0.10 flt=0.02 dmap=+0/-0 shz=4.2 plan=33 cmd=(lx=+0.00,ly=+0.00,rx=+0.45)
  TURN-CAL rx=+0.45 esperado=-46deg/s medido=-17deg/s OK
t=  4.9 ENG-T pos=(-4.38,+2.72) yaw= -67.6 d=5.79 goal_err=+46 carrot_err= -24 c0=0.64 clear=0.43 prog=0.23 rel=0.87 bal=-0.24 obs=149 hard=123 obsc=155 yr= 17G nz=0.10 flt=0.08 dmap=+1/-0 shz=4.1 plan=33 cmd=(lx=+0.00,ly=+0.00,rx=+0.45)
  TURN-CAL rx=+0.45 esperado=-46deg/s medido=-38deg/s OK
t=  5.0 ENG-F pos=(-4.38,+2.72) yaw= -71.4 d=5.78 goal_err=+50 carrot_err= -20 c0=0.64 clear=0.43 prog=0.24 rel=0.87 bal=-0.08 obs=149 hard=123 obsc=155 yr= 38G nz=0.11 flt=0.08 dmap=+0/-0 shz=4.1 plan=33 cmd=(lx=+0.00,ly=+0.28,rx=+0.00)
[VIS] perc_n=0 age=- free_c=- vismap=0/0 color=- carpet=- cnear=- crmin=- door=- dets=[-]
t=  5.1 ENG-F pos=(-4.37,+2.71) yaw= -73.4 d=5.77 goal_err=+52 carrot_err= -19 c0=0.63 clear=0.42 prog=0.26 rel=0.87 bal=-0.08 obs=141 hard=124 obsc=155 yr= 20  nz=0.11 flt=0.12 dmap=+2/-10 shz=4.1 plan=33 cmd=(lx=+0.00,ly=+0.28,rx=+0.00)
t=  5.2 ENG-F pos=(-4.37,+2.69) yaw= -73.5 d=5.77 goal_err=+52 carrot_err= -18 c0=0.61 clear=0.41 prog=0.27 rel=0.86 bal=-0.15 obs=141 hard=124 obsc=155 yr=  1  nz=0.11 flt=0.12 dmap=+0/-0 shz=4.1 plan=33 cmd=(lx=+0.00,ly=+0.28,rx=+0.00)
t=  5.3 ENG-F pos=(-4.37,+2.67) yaw= -73.8 d=5.76 goal_err=+52 carrot_err= -18 c0=0.60 clear=0.40 prog=0.28 rel=0.86 bal=-0.15 obs=141 hard=124 obsc=155 yr=  2  nz=0.11 flt=0.12 dmap=+0/-0 shz=4.1 plan=33 cmd=(lx=+0.00,ly=+0.28,rx=+0.00)
t=  5.4 ENG-F pos=(-4.38,+2.65) yaw= -74.1 d=5.76 goal_err=+53 carrot_err= -17 c0=0.59 clear=0.39 prog=0.28 rel=0.86 bal=-0.14 obs=147 hard=132 obsc=152 yr=  3  nz=0.11 flt=0.01 dmap=+6/-0 shz=4.1 plan=33 cmd=(lx=+0.00,ly=+0.28,rx=+0.00)
t=  5.5 ENG-F pos=(-4.39,+2.63) yaw= -74.5 d=5.76 goal_err=+54 carrot_err= -16 c0=0.74 clear=0.49 prog=0.28 rel=0.89 bal=-0.14 obs=148 hard=133 obsc=153 yr=  4  nz=0.09 flt=0.01 dmap=+1/-0 shz=4.1 plan=33 cmd=(lx=+0.00,ly=+0.28,rx=+0.00)
t=  5.6 ENG-F pos=(-4.39,+2.61) yaw= -74.8 d=5.76 goal_err=+54 carrot_err= -16 c0=0.73 clear=0.48 prog=0.28 rel=0.89 bal=-0.09 obs=150 hard=136 obsc=159 yr=  3  nz=0.09 flt=0.05 dmap=+7/-5 shz=4.1 plan=33 cmd=(lx=+0.00,ly=+0.28,rx=+0.00)
t=  5.7 ENG-F pos=(-4.39,+2.59) yaw= -75.0 d=5.75 goal_err=+54 carrot_err= -15 c0=0.71 clear=0.47 prog=0.30 rel=0.87 bal=-0.08 obs=150 hard=136 obsc=159 yr=  2  nz=0.09 flt=0.05 dmap=+0/-0 shz=4.1 plan=33 cmd=(lx=+0.00,ly=+0.28,rx=+0.00)
t=  5.8 ENG-F pos=(-4.39,+2.57) yaw= -75.1 d=5.74 goal_err=+55 carrot_err= -16 c0=0.69 clear=0.46 prog=0.29 rel=0.87 bal=-0.08 obs=150 hard=136 obsc=159 yr=  1  nz=0.09 flt=0.05 dmap=+0/-0 shz=4.1 plan=33 cmd=(lx=+0.00,ly=+0.28,rx=+0.00)
t=  5.9 ENG-F pos=(-4.38,+2.56) yaw= -74.9 d=5.73 goal_err=+55 carrot_err= -16 c0=0.68 clear=0.45 prog=0.30 rel=0.87 bal=-0.08 obs=152 hard=138 obsc=157 yr=  1  nz=0.09 flt=0.06 dmap=+5/-3 shz=4.1 plan=33 cmd=(lx=+0.00,ly=+0.28,rx=+0.00)
t=  6.0 ENG-F pos=(-4.37,+2.54) yaw= -74.7 d=5.72 goal_err=+55 carrot_err= -17 c0=0.66 clear=0.44 prog=0.31 rel=0.86 bal=-0.09 obs=152 hard=138 obsc=157 yr=  2  nz=0.09 flt=0.06 dmap=+0/-0 shz=4.1 plan=33 cmd=(lx=+0.00,ly=+0.28,rx=+0.00)
[VIS] perc_n=0 age=- free_c=- vismap=0/0 color=- carpet=- cnear=- crmin=- door=- dets=[-]
t=  6.1 ENG-F pos=(-4.36,+2.53) yaw= -74.3 d=5.70 goal_err=+54 carrot_err= -19 c0=0.64 clear=0.42 prog=0.33 rel=0.86 bal=-0.10 obs=152 hard=136 obsc=158 yr=  4  nz=0.09 flt=0.04 dmap=+4/-4 shz=4.1 plan=32 cmd=(lx=+0.00,ly=+0.28,rx=+0.00)
t=  6.2 ENG-F pos=(-4.35,+2.51) yaw= -74.0 d=5.68 goal_err=+54 carrot_err= -20 c0=0.62 clear=0.41 prog=0.34 rel=0.89 bal=-0.11 obs=152 hard=136 obsc=158 yr=  3  nz=0.09 flt=0.04 dmap=+0/-0 shz=4.1 plan=32 cmd=(lx=+0.00,ly=+0.28,rx=+0.00)
t=  6.3 ENG-T pos=(-4.33,+2.50) yaw= -73.7 d=5.66 goal_err=+54 carrot_err=  -8 c0=0.60 clear=0.40 prog=0.35 rel=0.89 bal=-0.12 obs=152 hard=136 obsc=158 yr=  4  nz=0.09 flt=0.04 dmap=+0/-0 shz=4.1 plan=32 cmd=(lx=+0.00,ly=+0.00,rx=+0.45)
  TURN-CAL rx=+0.45 esperado=-46deg/s medido=+2deg/s OK
t=  6.4 ENG-T pos=(-4.32,+2.48) yaw= -73.4 d=5.64 goal_err=+54 carrot_err=  -9 c0=0.58 clear=0.38 prog=0.36 rel=0.89 bal=-0.14 obs=152 hard=137 obsc=158 yr=  2G nz=0.09 flt=0.04 dmap=+0/-0 shz=4.1 plan=32 cmd=(lx=+0.00,ly=+0.00,rx=+0.45)
  TURN-CAL rx=+0.45 esperado=-46deg/s medido=-39deg/s OK
t=  6.5 ENG-F pos=(-4.32,+2.48) yaw= -77.4 d=5.64 goal_err=+58 carrot_err=  -5 c0=0.57 clear=0.38 prog=0.35 rel=0.89 bal=-0.21 obs=152 hard=137 obsc=158 yr= 39G nz=0.10 flt=0.04 dmap=+0/-0 shz=4.1 plan=32 cmd=(lx=+0.00,ly=+0.28,rx=+0.00)
t=  6.6 ENG-F pos=(-4.32,+2.47) yaw= -81.5 d=5.64 goal_err=+62 carrot_err=  -0 c0=1.08 clear=0.72 prog=0.31 rel=0.89 bal=-0.13 obs=153 hard=126 obsc=158 yr= 41  nz=0.10 flt=0.06 dmap=+4/-3 shz=4.1 plan=32 cmd=(lx=+0.00,ly=+0.28,rx=+0.00)
META-SM: BLIND -> NORMAL (trust=1.00 contra=0 iface=1.00 near=1.08) t=7s
t=  6.7 ENG-F pos=(-4.33,+2.45) yaw= -81.8 d=5.64 goal_err=+62 carrot_err=  +0 c0=1.06 clear=0.70 prog=0.28 rel=0.71 bal=-0.12 obs=153 hard=126 obsc=158 yr=  2  nz=0.28 flt=0.06 dmap=+0/-0 shz=4.1 plan=32 cmd=(lx=+0.00,ly=+0.28,rx=+0.00)
t=  6.8 ENG-F pos=(-4.34,+2.44) yaw= -82.1 d=5.64 goal_err=+63 carrot_err=  +1 c0=1.04 clear=0.69 prog=0.25 rel=0.71 bal=-0.11 obs=153 hard=126 obsc=158 yr=  4  nz=0.28 flt=0.06 dmap=+0/-0 shz=4.1 plan=32 cmd=(lx=+0.00,ly=+0.28,rx=+0.00)
t=  6.9 ENG-F pos=(-4.34,+2.42) yaw= -82.5 d=5.65 goal_err=+63 carrot_err=  +3 c0=0.85 clear=0.57 prog=0.24 rel=0.71 bal=-0.10 obs=158 hard=130 obsc=162 yr=  3  nz=0.28 flt=0.08 dmap=+6/-1 shz=4.1 plan=32 cmd=(lx=+0.00,ly=+0.28,rx=+0.00)
t=  7.0 ENG-F pos=(-4.35,+2.39) yaw= -82.8 d=5.64 goal_err=+64 carrot_err=  +4 c0=0.83 clear=0.56 prog=0.23 rel=0.71 bal=-0.09 obs=158 hard=130 obsc=162 yr=  3  nz=0.28 flt=0.08 dmap=+0/-0 shz=4.1 plan=32 cmd=(lx=+0.00,ly=+0.28,rx=+0.00)
[VIS] perc_n=0 age=- free_c=- vismap=0/0 color=- carpet=- cnear=- crmin=- door=- dets=[-]
t=  7.1 ENG-F pos=(-4.35,+2.37) yaw= -83.1 d=5.64 goal_err=+64 carrot_err=  +4 c0=0.81 clear=0.54 prog=0.22 rel=0.71 bal=-0.10 obs=159 hard=132 obsc=164 yr=  2  nz=0.28 flt=0.08 dmap=+2/-1 shz=4.1 plan=32 cmd=(lx=+0.00,ly=+0.28,rx=+0.00)
t=  7.2 ENG-F pos=(-4.35,+2.36) yaw= -83.1 d=5.64 goal_err=+65 carrot_err=  +5 c0=0.80 clear=0.53 prog=0.22 rel=0.70 bal=-0.11 obs=160 hard=133 obsc=165 yr=  0  nz=0.28 flt=0.08 dmap=+1/-0 shz=4.1 plan=32 cmd=(lx=+0.00,ly=+0.28,rx=+0.00)
t=  7.3 ENG-F pos=(-4.35,+2.34) yaw= -82.9 d=5.63 goal_err=+65 carrot_err=  +4 c0=0.94 clear=0.63 prog=0.23 rel=0.70 bal=-0.12 obs=160 hard=133 obsc=165 yr=  2  nz=0.28 flt=0.08 dmap=+0/-0 shz=4.1 plan=32 cmd=(lx=+0.00,ly=+0.28,rx=+0.00)
t=  7.4 ENG-F pos=(-4.34,+2.32) yaw= -82.7 d=5.61 goal_err=+64 carrot_err=  +4 c0=0.92 clear=0.62 prog=0.26 rel=0.70 bal=-0.15 obs=161 hard=132 obsc=171 yr=  2  nz=0.28 flt=0.07 dmap=+7/-6 shz=4.1 plan=32 cmd=(lx=+0.00,ly=+0.28,rx=+0.00)
t=  7.5 ENG-T pos=(-4.33,+2.30) yaw= -82.3 d=5.60 goal_err=+64 carrot_err=  +3 c0=0.91 clear=0.60 prog=0.28 rel=0.71 bal=-0.08 obs=161 hard=132 obsc=171 yr=  3  nz=0.29 flt=0.07 dmap=+0/-0 shz=4.1 plan=32 cmd=(lx=+0.00,ly=+0.00,rx=+0.45)
  TURN-CAL rx=+0.45 esperado=-46deg/s medido=+3deg/s OK
t=  7.6 ENG-T pos=(-4.31,+2.29) yaw= -82.0 d=5.58 goal_err=+64 carrot_err= +12 c0=0.89 clear=0.59 prog=0.30 rel=0.71 bal=-0.09 obs=162 hard=140 obsc=171 yr=  3G nz=0.29 flt=0.09 dmap=+1/-0 shz=4.1 plan=30 cmd=(lx=+0.00,ly=+0.00,rx=+0.45)
  TURN-CAL rx=+0.45 esperado=-46deg/s medido=-35deg/s OK
t=  7.7 ENG-T pos=(-4.30,+2.29) yaw= -85.7 d=5.57 goal_err=+68 carrot_err= +15 c0=0.89 clear=0.59 prog=0.30 rel=0.71 bal=-0.10 obs=162 hard=140 obsc=171 yr= 35G nz=0.26 flt=0.09 dmap=+0/-0 shz=4.1 plan=30 cmd=(lx=+0.00,ly=+0.00,rx=+0.45)
  TURN-CAL rx=+0.45 esperado=-46deg/s medido=-37deg/s OK
t=  7.8 ENG-F pos=(-4.30,+2.29) yaw= -89.5 d=5.56 goal_err=+71 carrot_err= +18 c0=0.69 clear=0.46 prog=0.29 rel=0.71 bal=-0.19 obs=164 hard=143 obsc=173 yr= 37G nz=0.26 flt=0.13 dmap=+2/-0 shz=4.1 plan=30 cmd=(lx=+0.00,ly=+0.28,rx=+0.00)
t=  7.9 ENG-F pos=(-4.30,+2.28) yaw= -93.4 d=5.56 goal_err=+75 carrot_err= +22 c0=0.69 clear=0.46 prog=0.27 rel=0.72 bal=-0.19 obs=164 hard=143 obsc=173 yr= 39  nz=0.26 flt=0.13 dmap=+0/-0 shz=4.1 plan=30 cmd=(lx=+0.00,ly=+0.28,rx=+0.00)
t=  8.0 ENG-F pos=(-4.30,+2.26) yaw= -93.5 d=5.56 goal_err=+76 carrot_err= +23 c0=0.67 clear=0.45 prog=0.24 rel=0.72 bal=-0.19 obs=164 hard=143 obsc=173 yr=  1  nz=0.26 flt=0.13 dmap=+0/-0 shz=4.1 plan=30 cmd=(lx=+0.00,ly=+0.28,rx=+0.00)
[VIS] perc_n=0 age=- free_c=- vismap=0/0 color=- carpet=- cnear=- crmin=- door=- dets=[-]
t=  8.1 ENG-F pos=(-4.31,+2.25) yaw= -93.7 d=5.56 goal_err=+76 carrot_err= +24 c0=0.65 clear=0.43 prog=0.20 rel=0.72 bal=-0.18 obs=164 hard=139 obsc=173 yr=  2  nz=0.26 flt=0.05 dmap=+4/-4 shz=4.1 plan=30 cmd=(lx=+0.00,ly=+0.28,rx=+0.00)
t=  8.2 ENG-F pos=(-4.32,+2.23) yaw= -94.1 d=5.57 goal_err=+77 carrot_err= +25 c0=0.63 clear=0.42 prog=0.16 rel=0.82 bal=-0.16 obs=164 hard=139 obsc=173 yr=  3  nz=0.17 flt=0.05 dmap=+0/-0 shz=4.1 plan=30 cmd=(lx=+0.00,ly=+0.28,rx=+0.00)
t=  8.3 ENG-F pos=(-4.34,+2.21) yaw= -94.4 d=5.57 goal_err=+77 carrot_err= +27 c0=0.61 clear=0.41 prog=0.12 rel=0.82 bal=-0.15 obs=167 hard=143 obsc=171 yr=  4  nz=0.17 flt=0.07 dmap=+6/-3 shz=4.1 plan=30 cmd=(lx=+0.00,ly=+0.28,rx=+0.00)
t=  8.4 ENG-F pos=(-4.35,+2.19) yaw= -94.8 d=5.58 goal_err=+78 carrot_err= +29 c0=0.59 clear=0.40 prog=0.11 rel=0.79 bal=-0.13 obs=167 hard=143 obsc=171 yr=  4  nz=0.20 flt=0.07 dmap=+0/-0 shz=4.1 plan=30 cmd=(lx=+0.00,ly=+0.28,rx=+0.00)
t=  8.5 ENG-F pos=(-4.36,+2.17) yaw= -95.0 d=5.58 goal_err=+78 carrot_err= +30 c0=0.58 clear=0.38 prog=0.11 rel=0.79 bal=-0.12 obs=168 hard=144 obsc=172 yr=  2  nz=0.20 flt=0.07 dmap=+1/-0 shz=4.1 plan=30 cmd=(lx=+0.00,ly=+0.28,rx=+0.00)
t=  8.6 ENG-F pos=(-4.36,+2.16) yaw= -95.1 d=5.58 goal_err=+79 carrot_err= +30 c0=0.56 clear=0.37 prog=0.11 rel=0.79 bal=-0.12 obs=167 hard=142 obsc=173 yr=  1  nz=0.20 flt=0.11 dmap=+2/-3 shz=4.1 plan=30 cmd=(lx=+0.00,ly=+0.28,rx=+0.00)
t=  8.7 ENG-F pos=(-4.36,+2.14) yaw= -95.0 d=5.57 goal_err=+79 carrot_err= +31 c0=0.54 clear=0.36 prog=0.12 rel=0.76 bal=-0.12 obs=167 hard=142 obsc=173 yr=  1  nz=0.23 flt=0.11 dmap=+0/-0 shz=4.1 plan=30 cmd=(lx=+0.00,ly=+0.28,rx=+0.00)
t=  8.8 ENG-F pos=(-4.35,+2.12) yaw= -94.8 d=5.56 goal_err=+79 carrot_err= +31 c0=0.52 clear=0.35 prog=0.14 rel=0.76 bal=-0.12 obs=169 hard=143 obsc=170 yr=  2  nz=0.23 flt=0.05 dmap=+2/-0 shz=4.1 plan=30 cmd=(lx=+0.00,ly=+0.28,rx=+0.00)
t=  8.9 ENG-F pos=(-4.35,+2.11) yaw= -94.5 d=5.55 goal_err=+78 carrot_err= +31 c0=0.51 clear=0.34 prog=0.15 rel=0.76 bal=-0.12 obs=169 hard=143 obsc=170 yr=  3  nz=0.24 flt=0.05 dmap=+0/-0 shz=4.1 plan=30 cmd=(lx=+0.00,ly=+0.28,rx=+0.00)
t=  9.0 ENG-T pos=(-4.34,+2.09) yaw= -94.1 d=5.54 goal_err=+78 carrot_err= +35 c0=0.49 clear=0.33 prog=0.17 rel=0.76 bal=-0.13 obs=169 hard=143 obsc=170 yr=  4  nz=0.24 flt=0.05 dmap=+0/-0 shz=4.1 plan=30 cmd=(lx=+0.00,ly=+0.00,rx=+0.45)
[VIS] perc_n=0 age=- free_c=- vismap=0/0 color=- carpet=- cnear=- crmin=- door=- dets=[-]
  TURN-CAL rx=+0.45 esperado=-46deg/s medido=+3deg/s OK
t=  9.1 ENG-T pos=(-4.33,+2.07) yaw= -93.8 d=5.53 goal_err=+78 carrot_err= +35 c0=0.47 clear=0.32 prog=0.19 rel=0.76 bal=-0.14 obs=170 hard=149 obsc=171 yr=  3G nz=0.24 flt=0.13 dmap=+1/-0 shz=4.1 plan=29 cmd=(lx=+0.00,ly=+0.00,rx=+0.45)
  TURN-CAL rx=+0.45 esperado=-46deg/s medido=-36deg/s OK
t=  9.2 ENG-T pos=(-4.32,+2.07) yaw= -97.6 d=5.52 goal_err=+82 carrot_err= +39 c0=0.47 clear=0.32 prog=0.19 rel=0.83 bal=+0.03 obs=170 hard=149 obsc=171 yr= 36G nz=0.13 flt=0.13 dmap=+0/-0 shz=4.1 plan=29 cmd=(lx=+0.00,ly=+0.00,rx=+0.45)
  TURN-CAL rx=+0.45 esperado=-46deg/s medido=-39deg/s OK
t=  9.3 ENG-T pos=(-4.32,+2.06) yaw=-101.5 d=5.52 goal_err=+86 carrot_err= +43 c0=0.47 clear=0.31 prog=0.16 rel=0.83 bal=+0.02 obs=171 hard=150 obsc=172 yr= 39G nz=0.13 flt=0.18 dmap=+1/-0 shz=4.1 plan=29 cmd=(lx=+0.00,ly=+0.00,rx=+0.45)
  TURN-CAL rx=+0.45 esperado=-46deg/s medido=-40deg/s OK
t=  9.4 ENG-F pos=(-4.32,+2.06) yaw=-105.6 d=5.52 goal_err=+90 carrot_err= +47 c0=0.47 clear=0.31 prog=0.13 rel=0.83 bal=+0.03 obs=171 hard=150 obsc=172 yr= 40G nz=0.12 flt=0.18 dmap=+0/-0 shz=4.1 plan=29 cmd=(lx=+0.00,ly=+0.28,rx=+0.00)
t=  9.5 ENG-F pos=(-4.33,+2.06) yaw=-109.9 d=5.53 goal_err=+94 carrot_err= +51 c0=0.47 clear=0.31 prog=0.09 rel=0.83 bal=+0.04 obs=171 hard=150 obsc=172 yr= 42  nz=0.12 flt=0.18 dmap=+0/-0 shz=4.1 plan=29 cmd=(lx=+0.00,ly=+0.28,rx=+0.00)
DOOR-ENG at-position t=10s err=0.22m
t=  9.6 ENG-AL pos=(-4.35,+2.05) yaw=-110.2 d=5.54 goal_err=+95 carrot_err= +53 c0=0.45 clear=0.30 prog=0.05 rel=0.83 bal=+0.24 obs=180 hard=162 obsc=195 yr=  3  nz=0.12 flt=0.22 dmap=+15/-6 shz=4.1 plan=29 cmd=(lx=+0.00,ly=+0.00,rx=-0.45)
  TURN-CAL rx=-0.45 esperado=+46deg/s medido=-4deg/s OK
t=  9.7 ENG-AL pos=(-4.36,+2.04) yaw=-110.6 d=5.55 goal_err=+95 carrot_err= +54 c0=0.44 clear=0.29 prog=0.02 rel=0.69 bal=+0.25 obs=180 hard=162 obsc=195 yr=  4G nz=0.20 flt=0.22 dmap=+0/-0 shz=4.1 plan=29 cmd=(lx=+0.00,ly=+0.00,rx=-0.45)
  TURN-CAL rx=-0.45 esperado=+46deg/s medido=+36deg/s OK
t=  9.8 ENG-AL pos=(-4.37,+2.04) yaw=-106.9 d=5.56 goal_err=+92 carrot_err= +51 c0=0.44 clear=0.29 prog=0.00 rel=0.69 bal=+0.09 obs=190 hard=171 obsc=204 yr= 36G nz=0.20 flt=0.22 dmap=+10/-0 shz=4.1 plan=29 cmd=(lx=+0.00,ly=+0.00,rx=-0.45)
  TURN-CAL rx=-0.45 esperado=+46deg/s medido=+37deg/s OK
t=  9.9 ENG-AL pos=(-4.38,+2.04) yaw=-103.1 d=5.57 goal_err=+88 carrot_err= +48 c0=0.44 clear=0.29 prog=0.00 rel=0.70 bal=+0.09 obs=190 hard=171 obsc=204 yr= 37G nz=0.21 flt=0.22 dmap=+0/-0 shz=4.1 plan=29 cmd=(lx=+0.00,ly=+0.00,rx=-0.45)
  TURN-CAL rx=-0.45 esperado=+46deg/s medido=+39deg/s OK
t= 10.0 ENG-AL pos=(-4.38,+2.04) yaw= -99.2 d=5.57 goal_err=+84 carrot_err= +44 c0=0.44 clear=0.29 prog=0.00 rel=0.70 bal=+0.10 obs=190 hard=171 obsc=204 yr= 39G nz=0.21 flt=0.22 dmap=+0/-0 shz=4.1 plan=29 cmd=(lx=+0.00,ly=+0.00,rx=-0.45)
[VIS] perc_n=0 age=- free_c=- vismap=0/0 color=- carpet=- cnear=- crmin=- door=- dets=[-]
  TURN-CAL rx=-0.45 esperado=+46deg/s medido=+41deg/s OK
t= 10.1 ENG-AL pos=(-4.38,+2.04) yaw= -95.1 d=5.57 goal_err=+80 carrot_err= +40 c0=0.44 clear=0.29 prog=0.00 rel=0.70 bal=+0.10 obs=197 hard=179 obsc=210 yr= 41G nz=0.21 flt=0.15 dmap=+7/-0 shz=4.0 plan=29 cmd=(lx=+0.00,ly=+0.00,rx=-0.45)
  TURN-CAL rx=-0.45 esperado=+46deg/s medido=+47deg/s OK
t= 10.2 ENG-AL pos=(-4.36,+2.04) yaw= -90.3 d=5.54 goal_err=+75 carrot_err= +34 c0=0.44 clear=0.29 prog=0.05 rel=0.69 bal=-0.10 obs=197 hard=179 obsc=210 yr= 47G nz=0.20 flt=0.15 dmap=+0/-0 shz=4.0 plan=29 cmd=(lx=+0.00,ly=+0.00,rx=-0.45)
  TURN-CAL rx=-0.45 esperado=+46deg/s medido=+40deg/s OK
t= 10.3 ENG-AL pos=(-4.36,+2.04) yaw= -86.3 d=5.54 goal_err=+71 carrot_err= +30 c0=0.44 clear=0.29 prog=0.06 rel=0.69 bal=-0.10 obs=198 hard=180 obsc=211 yr= 40G nz=0.20 flt=0.08 dmap=+1/-0 shz=4.1 plan=29 cmd=(lx=+0.00,ly=+0.00,rx=-0.45)
  TURN-CAL rx=-0.45 esperado=+46deg/s medido=+40deg/s OK
t= 10.4 ENG-AL. pos=(-4.36,+2.04) yaw= -82.3 d=5.54 goal_err=+67 carrot_err= +26 c0=0.44 clear=0.29 prog=0.06 rel=0.75 bal=-0.09 obs=198 hard=180 obsc=211 yr= 40G nz=0.19 flt=0.08 dmap=+0/-0 shz=4.1 plan=29 cmd=(lx=+0.00,ly=+0.00,rx=+0.00)
t= 10.5 ENG-AL. pos=(-4.36,+2.04) yaw= -78.3 d=5.54 goal_err=+63 carrot_err= +22 c0=0.44 clear=0.29 prog=0.06 rel=0.75 bal=-0.09 obs=198 hard=180 obsc=211 yr= 40  nz=0.19 flt=0.08 dmap=+0/-0 shz=4.1 plan=29 cmd=(lx=+0.00,ly=+0.00,rx=+0.00)
t= 10.6 ENG-AL pos=(-4.36,+2.04) yaw= -76.3 d=5.54 goal_err=+61 carrot_err= +20 c0=0.44 clear=0.29 prog=0.05 rel=0.75 bal=-0.09 obs=201 hard=165 obsc=210 yr= 20  nz=0.19 flt=0.08 dmap=+4/-1 shz=4.0 plan=29 cmd=(lx=+0.00,ly=+0.00,rx=-0.45)
  TURN-CAL rx=-0.45 esperado=+46deg/s medido=+19deg/s OK
t= 10.7 ENG-AL pos=(-4.36,+2.04) yaw= -74.3 d=5.54 goal_err=+59 carrot_err= +18 c0=0.44 clear=0.29 prog=0.04 rel=0.78 bal=-0.09 obs=201 hard=165 obsc=210 yr= 19G nz=0.19 flt=0.08 dmap=+0/-0 shz=4.0 plan=29 cmd=(lx=+0.00,ly=+0.00,rx=-0.45)
  TURN-CAL rx=-0.45 esperado=+46deg/s medido=+40deg/s OK
t= 10.8 ENG-AL pos=(-4.36,+2.04) yaw= -70.3 d=5.54 goal_err=+55 carrot_err= +14 c0=0.64 clear=0.42 prog=0.01 rel=0.78 bal=-0.09 obs=201 hard=167 obsc=210 yr= 40G nz=0.19 flt=0.14 dmap=+0/-0 shz=4.1 plan=29 cmd=(lx=+0.00,ly=+0.00,rx=-0.45)
  TURN-CAL rx=-0.45 esperado=+46deg/s medido=+39deg/s OK
t= 11.0 ENG-AL. pos=(-4.36,+2.04) yaw= -66.2 d=5.54 goal_err=+51 carrot_err= +10 c0=0.66 clear=0.44 prog=0.00 rel=0.69 bal=-0.09 obs=201 hard=167 obsc=210 yr= 39G nz=0.29 flt=0.14 dmap=+0/-0 shz=4.1 plan=29 cmd=(lx=+0.00,ly=+0.00,rx=+0.00)
t= 11.1 ENG-AL. pos=(-4.36,+2.04) yaw= -64.2 d=5.54 goal_err=+49 carrot_err=  +8 c0=0.66 clear=0.44 prog=0.00 rel=0.69 bal=-0.09 obs=201 hard=167 obsc=210 yr= 20  nz=0.29 flt=0.14 dmap=+0/-0 shz=4.1 plan=29 cmd=(lx=+0.00,ly=+0.00,rx=+0.00)
[VIS] perc_n=0 age=- free_c=- vismap=0/0 color=- carpet=- cnear=- crmin=- door=- dets=[-]
t= 11.2 ENG-AL. pos=(-4.36,+2.04) yaw= -64.2 d=5.54 goal_err=+49 carrot_err=  +8 c0=0.66 clear=0.44 prog=0.00 rel=0.69 bal=-0.09 obs=199 hard=165 obsc=212 yr=  0  nz=0.29 flt=0.05 dmap=+3/-5 shz=4.0 plan=29 cmd=(lx=+0.00,ly=+0.00,rx=+0.00)
t= 11.3 ENG-AL pos=(-4.36,+2.04) yaw= -64.2 d=5.54 goal_err=+49 carrot_err=  +8 c0=0.66 clear=0.44 prog=0.00 rel=0.67 bal=-0.09 obs=199 hard=165 obsc=212 yr=  0  nz=0.33 flt=0.05 dmap=+0/-0 shz=4.0 plan=29 cmd=(lx=+0.00,ly=+0.00,rx=-0.45)
  TURN-CAL rx=-0.45 esperado=+46deg/s medido=+20deg/s OK
t= 11.4 ENG-AL pos=(-4.36,+2.04) yaw= -62.2 d=5.54 goal_err=+47 carrot_err=  +6 c0=0.66 clear=0.44 prog=0.00 rel=0.67 bal=-0.09 obs=201 hard=170 obsc=214 yr= 20G nz=0.33 flt=0.25 dmap=+2/-0 shz=4.1 plan=29 cmd=(lx=+0.00,ly=+0.00,rx=-0.45)
  TURN-CAL rx=-0.45 esperado=+46deg/s medido=+39deg/s OK
t= 11.5 ENG-AL pos=(-4.36,+2.04) yaw= -58.2 d=5.54 goal_err=+43 carrot_err=  +2 c0=0.66 clear=0.44 prog=0.00 rel=0.59 bal=-0.09 obs=201 hard=170 obsc=214 yr= 39G nz=0.35 flt=0.25 dmap=+0/-0 shz=4.1 plan=29 cmd=(lx=+0.00,ly=+0.00,rx=-0.45)
  TURN-CAL rx=-0.45 esperado=+46deg/s medido=+40deg/s OK
t= 11.6 ENG-AL. pos=(-4.36,+2.04) yaw= -54.2 d=5.54 goal_err=+39 carrot_err=  -2 c0=0.66 clear=0.44 prog=0.00 rel=0.59 bal=-0.09 obs=201 hard=170 obsc=214 yr= 40G nz=0.35 flt=0.25 dmap=+0/-0 shz=4.1 plan=29 cmd=(lx=+0.00,ly=+0.00,rx=+0.00)
t= 11.7 ENG-AL. pos=(-4.36,+2.04) yaw= -52.2 d=5.54 goal_err=+37 carrot_err=  -4 c0=0.66 clear=0.44 prog=0.01 rel=0.59 bal=-0.18 obs=216 hard=184 obsc=232 yr= 20  nz=0.35 flt=0.24 dmap=+17/-2 shz=4.0 plan=29 cmd=(lx=+0.00,ly=+0.00,rx=+0.00)
DOOR-ENG aligned t=12s yaw=-52 he=+7.2
DOOR-EXIT-CTR saliendo: ignoro centro medido (-0.04 m) y servoo al eje del mapa
t= 11.8 ENG-C pos=(-4.36,+2.04) yaw= -52.2 d=5.54 goal_err=+37 carrot_err=  -4 c0=0.66 clear=0.44 prog=0.03 rel=0.55 bal=-0.18 obs=216 hard=184 obsc=232 yr=  0  nz=0.33 flt=0.24 dmap=+0/-0 shz=4.0 plan=29 cmd=(lx=+0.34,ly=+0.00,rx=+0.00)
  STRAFE-CAL lx=+0.34 medido=-2.9cm/tick DCHA
t= 11.9 ENG-C pos=(-4.38,+2.02) yaw= -52.7 d=5.56 goal_err=+38 carrot_err=  -2 c0=0.64 clear=0.43 prog=0.01 rel=0.55 bal=-0.14 obs=232 hard=199 obsc=253 yr=  5  nz=0.33 flt=0.15 dmap=+18/-2 shz=4.1 plan=29 cmd=(lx=+0.34,ly=+0.00,rx=+0.00)
  STRAFE-CAL lx=+0.34 medido=-1.6cm/tick DCHA
t= 12.0 ENG-C pos=(-4.39,+2.01) yaw= -52.4 d=5.57 goal_err=+37 carrot_err=  -1 c0=0.64 clear=0.42 prog=0.00 rel=0.61 bal=-0.12 obs=232 hard=199 obsc=253 yr=  3  nz=0.29 flt=0.15 dmap=+0/-0 shz=4.1 plan=29 cmd=(lx=+0.34,ly=+0.00,rx=+0.00)
  STRAFE-CAL lx=+0.34 medido=-0.8cm/tick DCHA
t= 12.1 ENG-C pos=(-4.40,+2.00) yaw= -52.0 d=5.58 goal_err=+37 carrot_err=  -1 c0=0.64 clear=0.42 prog=0.00 rel=0.61 bal=-0.11 obs=221 hard=191 obsc=246 yr=  3  nz=0.29 flt=0.20 dmap=+1/-12 shz=4.1 plan=29 cmd=(lx=+0.34,ly=+0.00,rx=+0.00)
[VIS] perc_n=0 age=- free_c=- vismap=0/0 color=- carpet=- cnear=- crmin=- door=- dets=[-]
  STRAFE-CAL lx=+0.34 medido=-1.5cm/tick DCHA
t= 12.2 ENG-C pos=(-4.41,+1.99) yaw= -51.7 d=5.59 goal_err=+37 carrot_err=  -1 c0=0.63 clear=0.42 prog=0.00 rel=0.69 bal=-0.09 obs=221 hard=191 obsc=246 yr=  3  nz=0.28 flt=0.20 dmap=+0/-0 shz=4.1 plan=29 cmd=(lx=+0.34,ly=+0.00,rx=+0.00)
  STRAFE-CAL lx=+0.34 medido=-1.7cm/tick DCHA
t= 12.3 ENG-CG pos=(-4.42,+1.98) yaw= -51.5 d=5.59 goal_err=+37 carrot_err=  +0 c0=0.62 clear=0.41 prog=0.00 rel=0.69 bal=-0.08 obs=221 hard=191 obsc=246 yr=  2  nz=0.28 flt=0.20 dmap=+0/-0 shz=4.1 plan=29 cmd=(lx=+0.34,ly=+0.28,rx=+0.00)
t= 12.4 ENG-CG pos=(-4.43,+1.96) yaw= -51.3 d=5.60 goal_err=+37 carrot_err=  +1 c0=0.61 clear=0.41 prog=0.00 rel=0.69 bal=-0.05 obs=221 hard=185 obsc=238 yr=  1  nz=0.28 flt=0.09 dmap=+1/-1 shz=4.0 plan=29 cmd=(lx=+0.34,ly=+0.28,rx=+0.00)
t= 12.5 ENG-CG pos=(-4.44,+1.93) yaw= -51.3 d=5.60 goal_err=+37 carrot_err=  +3 c0=0.58 clear=0.39 prog=0.00 rel=0.79 bal=-0.07 obs=221 hard=185 obsc=238 yr=  0  nz=0.19 flt=0.09 dmap=+0/-0 shz=4.0 plan=29 cmd=(lx=+0.34,ly=+0.28,rx=+0.00)
t= 12.6 ENG-GO pos=(-4.46,+1.90) yaw= -51.5 d=5.61 goal_err=+38 carrot_err=  +5 c0=0.56 clear=0.37 prog=0.00 rel=0.79 bal=-0.03 obs=222 hard=185 obsc=239 yr=  2  nz=0.19 flt=0.07 dmap=+3/-2 shz=4.1 plan=29 cmd=(lx=+0.00,ly=+0.28,rx=+0.00)
t= 12.7 ENG-GO pos=(-4.46,+1.87) yaw= -51.9 d=5.61 goal_err=+39 carrot_err=  +7 c0=0.54 clear=0.36 prog=0.00 rel=0.77 bal=-0.00 obs=222 hard=185 obsc=239 yr=  4  nz=0.22 flt=0.07 dmap=+0/-0 shz=4.1 plan=29 cmd=(lx=+0.00,ly=+0.28,rx=+0.00)
t= 12.8 ENG-GO pos=(-4.46,+1.85) yaw= -52.3 d=5.60 goal_err=+39 carrot_err=  +8 c0=0.52 clear=0.35 prog=0.00 rel=0.77 bal=+0.01 obs=222 hard=185 obsc=239 yr=  4  nz=0.22 flt=0.07 dmap=+0/-0 shz=4.1 plan=29 cmd=(lx=+0.00,ly=+0.28,rx=+0.00)
t= 12.9 ENG-GO pos=(-4.46,+1.83) yaw= -52.7 d=5.60 goal_err=+40 carrot_err=  +9 c0=0.50 clear=0.34 prog=0.00 rel=0.77 bal=+0.03 obs=220 hard=193 obsc=245 yr=  4  nz=0.22 flt=0.12 dmap=+6/-8 shz=4.0 plan=29 cmd=(lx=+0.00,ly=+0.28,rx=+0.00)
t= 13.0 ENG-GO pos=(-4.46,+1.81) yaw= -53.0 d=5.59 goal_err=+40 carrot_err= +10 c0=0.48 clear=0.32 prog=0.00 rel=0.72 bal=+0.04 obs=220 hard=193 obsc=245 yr=  3  nz=0.25 flt=0.12 dmap=+0/-0 shz=4.0 plan=29 cmd=(lx=+0.00,ly=+0.28,rx=+0.00)
t= 13.1 ENG-GO pos=(-4.45,+1.79) yaw= -53.1 d=5.58 goal_err=+40 carrot_err= +11 c0=0.83 clear=0.55 prog=0.00 rel=0.72 bal=+0.05 obs=195 hard=184 obsc=241 yr=  1  nz=0.25 flt=0.05 dmap=+4/-29 shz=4.1 plan=29 cmd=(lx=+0.00,ly=+0.28,rx=+0.00)
[VIS] perc_n=0 age=- free_c=- vismap=0/0 color=- carpet=- cnear=- crmin=- door=- dets=[-]
t= 13.2 ENG-GO pos=(-4.44,+1.78) yaw= -53.0 d=5.56 goal_err=+40 carrot_err= +11 c0=0.81 clear=0.54 prog=0.00 rel=0.69 bal=+0.06 obs=195 hard=184 obsc=241 yr=  1  nz=0.31 flt=0.05 dmap=+0/-0 shz=4.1 plan=29 cmd=(lx=+0.00,ly=+0.28,rx=+0.00)
t= 13.3 ENG-GO pos=(-4.42,+1.77) yaw= -52.8 d=5.55 goal_err=+40 carrot_err= +11 c0=0.80 clear=0.53 prog=0.00 rel=0.69 bal=+0.05 obs=195 hard=184 obsc=241 yr=  2  nz=0.31 flt=0.05 dmap=+0/-0 shz=4.1 plan=29 cmd=(lx=+0.00,ly=+0.28,rx=+0.00)
t= 13.4 ENG-GO pos=(-4.40,+1.76) yaw= -52.5 d=5.52 goal_err=+40 carrot_err= +10 c0=0.79 clear=0.52 prog=0.04 rel=0.69 bal=+0.08 obs=197 hard=175 obsc=218 yr=  3  nz=0.31 flt=0.07 dmap=+7/-5 shz=4.0 plan=29 cmd=(lx=+0.00,ly=+0.28,rx=+0.00)
t= 13.5 ENG-GO pos=(-4.38,+1.75) yaw= -52.1 d=5.50 goal_err=+40 carrot_err=  +9 c0=0.77 clear=0.51 prog=0.07 rel=0.78 bal=+0.16 obs=198 hard=176 obsc=218 yr=  4  nz=0.20 flt=0.07 dmap=+1/-0 shz=4.0 plan=29 cmd=(lx=+0.00,ly=+0.28,rx=+0.00)
t= 13.6 ENG-GO pos=(-4.37,+1.74) yaw= -51.8 d=5.48 goal_err=+39 carrot_err=  +8 c0=1.01 clear=0.67 prog=0.11 rel=0.78 bal=+0.15 obs=201 hard=181 obsc=218 yr=  3  nz=0.20 flt=0.13 dmap=+4/-1 shz=4.1 plan=29 cmd=(lx=+0.00,ly=+0.28,rx=+0.00)
META-SM: BLIND -> NORMAL (trust=1.00 contra=0 iface=1.00 near=1.01) t=14s
t= 13.7 ENG-GO pos=(-4.35,+1.73) yaw= -51.5 d=5.46 goal_err=+39 carrot_err=  +8 c0=0.99 clear=0.66 prog=0.14 rel=0.69 bal=+0.15 obs=201 hard=181 obsc=218 yr=  2  nz=0.29 flt=0.13 dmap=+0/-0 shz=4.1 plan=28 cmd=(lx=+0.00,ly=+0.28,rx=+0.00)
t= 13.8 ENG-GO pos=(-4.33,+1.72) yaw= -51.4 d=5.45 goal_err=+39 carrot_err=  +7 c0=0.98 clear=0.65 prog=0.20 rel=0.69 bal=+0.14 obs=201 hard=181 obsc=218 yr=  1  nz=0.29 flt=0.13 dmap=+0/-0 shz=4.1 plan=28 cmd=(lx=+0.00,ly=+0.28,rx=+0.00)
t= 13.9 ENG-GO pos=(-4.32,+1.70) yaw= -51.4 d=5.43 goal_err=+39 carrot_err=  +8 c0=0.77 clear=0.52 prog=0.24 rel=0.69 bal=+0.15 obs=206 hard=183 obsc=224 yr=  0  nz=0.29 flt=0.12 dmap=+7/-2 shz=4.0 plan=28 cmd=(lx=+0.00,ly=+0.28,rx=+0.00)
t= 14.0 ENG-GO pos=(-4.32,+1.68) yaw= -51.6 d=5.42 goal_err=+40 carrot_err= +15 c0=0.75 clear=0.50 prog=0.27 rel=0.71 bal=+0.16 obs=206 hard=183 obsc=224 yr=  2  nz=0.28 flt=0.12 dmap=+0/-0 shz=4.0 plan=28 cmd=(lx=+0.00,ly=+0.28,rx=+0.00)
t= 14.1 ENG-GO pos=(-4.31,+1.67) yaw= -52.0 d=5.42 goal_err=+40 carrot_err= +16 c0=0.74 clear=0.49 prog=0.29 rel=0.71 bal=+0.17 obs=206 hard=187 obsc=224 yr=  3  nz=0.28 flt=0.07 dmap=+3/-3 shz=4.0 plan=28 cmd=(lx=+0.00,ly=+0.28,rx=+0.00)
[VIS] perc_n=0 age=- free_c=- vismap=0/0 color=- carpet=- cnear=- crmin=- door=- dets=[-]
t= 14.2 ENG-GO pos=(-4.31,+1.64) yaw= -52.3 d=5.41 goal_err=+41 carrot_err= +17 c0=0.72 clear=0.48 prog=0.32 rel=0.74 bal=+0.18 obs=206 hard=187 obsc=224 yr=  3  nz=0.25 flt=0.07 dmap=+0/-0 shz=4.0 plan=28 cmd=(lx=+0.00,ly=+0.28,rx=+0.00)
t= 14.3 ENG-GO pos=(-4.31,+1.62) yaw= -52.7 d=5.40 goal_err=+41 carrot_err= +18 c0=0.70 clear=0.46 prog=0.34 rel=0.74 bal=+0.20 obs=206 hard=187 obsc=224 yr=  4  nz=0.25 flt=0.07 dmap=+0/-0 shz=4.0 plan=28 cmd=(lx=+0.00,ly=+0.28,rx=+0.00)
t= 14.4 ENG-GO pos=(-4.31,+1.61) yaw= -53.0 d=5.40 goal_err=+42 carrot_err= +19 c0=0.68 clear=0.45 prog=0.35 rel=0.74 bal=+0.21 obs=206 hard=182 obsc=223 yr=  3  nz=0.25 flt=0.09 dmap=+1/-1 shz=4.0 plan=28 cmd=(lx=+0.00,ly=+0.28,rx=+0.00)
t= 14.5 ENG-GO pos=(-4.30,+1.59) yaw= -53.1 d=5.38 goal_err=+42 carrot_err= +20 c0=0.66 clear=0.44 prog=0.39 rel=0.79 bal=+0.22 obs=206 hard=182 obsc=223 yr=  1  nz=0.18 flt=0.09 dmap=+0/-0 shz=4.0 plan=28 cmd=(lx=+0.00,ly=+0.28,rx=+0.00)
t= 14.6 ENG-GO pos=(-4.28,+1.57) yaw= -53.0 d=5.37 goal_err=+42 carrot_err= +20 c0=0.64 clear=0.43 prog=0.41 rel=0.79 bal=+0.22 obs=206 hard=182 obsc=222 yr=  0  nz=0.18 flt=0.05 dmap=+1/-1 shz=4.0 plan=28 cmd=(lx=+0.00,ly=+0.28,rx=+0.00)
t= 14.7 ENG-GO pos=(-4.27,+1.56) yaw= -52.9 d=5.35 goal_err=+42 carrot_err= +20 c0=0.62 clear=0.41 prog=0.44 rel=0.78 bal=+0.21 obs=206 hard=182 obsc=222 yr=  2  nz=0.20 flt=0.05 dmap=+0/-0 shz=4.0 plan=28 cmd=(lx=+0.00,ly=+0.28,rx=+0.00)
t= 14.8 ENG-GO pos=(-4.25,+1.55) yaw= -52.6 d=5.33 goal_err=+42 carrot_err= +19 c0=0.61 clear=0.40 prog=0.46 rel=0.78 bal=+0.20 obs=206 hard=182 obsc=222 yr=  3  nz=0.20 flt=0.05 dmap=+0/-0 shz=4.0 plan=28 cmd=(lx=+0.00,ly=+0.28,rx=+0.00)
t= 14.9 ENG-GO pos=(-4.23,+1.55) yaw= -52.2 d=5.31 goal_err=+42 carrot_err= +19 c0=0.59 clear=0.40 prog=0.48 rel=0.78 bal=+0.07 obs=207 hard=183 obsc=227 yr=  4  nz=0.20 flt=0.14 dmap=+3/-2 shz=4.0 plan=28 cmd=(lx=+0.00,ly=+0.28,rx=+0.00)
t= 15.0 ENG-GO pos=(-4.21,+1.54) yaw= -51.9 d=5.29 goal_err=+41 carrot_err= +18 c0=0.58 clear=0.39 prog=0.50 rel=0.74 bal=+0.06 obs=207 hard=183 obsc=227 yr=  3  nz=0.23 flt=0.14 dmap=+0/-0 shz=4.0 plan=28 cmd=(lx=+0.00,ly=+0.28,rx=+0.00)
t= 15.1 ENG-GO pos=(-4.19,+1.53) yaw= -51.6 d=5.27 goal_err=+41 carrot_err= +18 c0=0.56 clear=0.38 prog=0.51 rel=0.74 bal=+0.14 obs=212 hard=188 obsc=231 yr=  3  nz=0.23 flt=0.10 dmap=+8/-3 shz=4.0 plan=28 cmd=(lx=+0.00,ly=+0.28,rx=+0.00)
[VIS] perc_n=0 age=- free_c=- vismap=0/0 color=- carpet=- cnear=- crmin=- door=- dets=[-]
t= 15.2 ENG-GO pos=(-4.17,+1.52) yaw= -51.5 d=5.25 goal_err=+41 carrot_err=  +9 c0=0.55 clear=0.36 prog=0.51 rel=0.84 bal=+0.13 obs=212 hard=188 obsc=231 yr=  1  nz=0.13 flt=0.10 dmap=+0/-0 shz=4.0 plan=28 cmd=(lx=+0.00,ly=+0.28,rx=+0.00)
t= 15.3 ENG-GO pos=(-4.17,+1.50) yaw= -51.6 d=5.24 goal_err=+41 carrot_err= +10 c0=0.53 clear=0.35 prog=0.49 rel=0.84 bal=+0.13 obs=212 hard=188 obsc=231 yr=  1  nz=0.13 flt=0.10 dmap=+0/-0 shz=4.0 plan=28 cmd=(lx=+0.00,ly=+0.28,rx=+0.00)
t= 15.4 ENG-GO pos=(-4.16,+1.49) yaw= -51.8 d=5.23 goal_err=+42 carrot_err= +11 c0=0.63 clear=0.42 prog=0.47 rel=0.84 bal=+0.13 obs=217 hard=186 obsc=236 yr=  3  nz=0.13 flt=0.06 dmap=+8/-3 shz=4.0 plan=28 cmd=(lx=+0.00,ly=+0.28,rx=+0.00)
t= 15.5 ENG-GO pos=(-4.16,+1.47) yaw= -52.1 d=5.23 goal_err=+42 carrot_err= +12 c0=0.68 clear=0.46 prog=0.45 rel=0.87 bal=+0.13 obs=217 hard=186 obsc=236 yr=  3  nz=0.11 flt=0.06 dmap=+0/-0 shz=4.0 plan=28 cmd=(lx=+0.00,ly=+0.28,rx=+0.00)
t= 15.6 ENG-GO pos=(-4.16,+1.44) yaw= -52.5 d=5.22 goal_err=+43 carrot_err= +14 c0=0.66 clear=0.44 prog=0.42 rel=0.87 bal=+0.14 obs=218 hard=190 obsc=235 yr=  4  nz=0.11 flt=0.11 dmap=+2/-1 shz=4.0 plan=28 cmd=(lx=+0.00,ly=+0.28,rx=+0.00)
t= 15.7 ENG-GO pos=(-4.15,+1.42) yaw= -52.9 d=5.21 goal_err=+43 carrot_err= +24 c0=0.64 clear=0.43 prog=0.41 rel=0.89 bal=-0.04 obs=218 hard=190 obsc=235 yr=  4  nz=0.09 flt=0.11 dmap=+0/-0 shz=4.0 plan=28 cmd=(lx=+0.00,ly=+0.28,rx=+0.00)
t= 15.8 ENG-GO pos=(-4.15,+1.40) yaw= -53.2 d=5.21 goal_err=+44 carrot_err= +25 c0=0.62 clear=0.41 prog=0.39 rel=0.89 bal=-0.04 obs=215 hard=188 obsc=235 yr=  3  nz=0.09 flt=0.10 dmap=+3/-6 shz=4.0 plan=28 cmd=(lx=+0.00,ly=+0.28,rx=+0.00)
t= 15.9 ENG-GO pos=(-4.14,+1.39) yaw= -53.2 d=5.19 goal_err=+44 carrot_err= +26 c0=0.60 clear=0.40 prog=0.40 rel=0.89 bal=-0.03 obs=215 hard=188 obsc=235 yr=  1  nz=0.09 flt=0.10 dmap=+0/-0 shz=4.0 plan=28 cmd=(lx=+0.00,ly=+0.28,rx=+0.00)
t= 16.0 ENG-GO pos=(-4.13,+1.37) yaw= -53.2 d=5.18 goal_err=+44 carrot_err= +26 c0=0.59 clear=0.39 prog=0.41 rel=0.89 bal=-0.03 obs=215 hard=188 obsc=235 yr=  1  nz=0.09 flt=0.10 dmap=+0/-0 shz=4.0 plan=28 cmd=(lx=+0.00,ly=+0.28,rx=+0.00)
t= 16.1 ENG-GO pos=(-4.11,+1.36) yaw= -52.9 d=5.16 goal_err=+44 carrot_err= +26 c0=0.64 clear=0.43 prog=0.43 rel=0.89 bal=-0.04 obs=216 hard=185 obsc=234 yr=  2  nz=0.09 flt=0.08 dmap=+3/-2 shz=4.0 plan=28 cmd=(lx=+0.00,ly=+0.28,rx=+0.00)
[VIS] perc_n=0 age=- free_c=- vismap=0/0 color=- carpet=- cnear=- crmin=- door=- dets=[-]
t= 16.2 ENG-GO pos=(-4.09,+1.35) yaw= -52.6 d=5.14 goal_err=+44 carrot_err= +26 c0=0.63 clear=0.42 prog=0.45 rel=0.89 bal=-0.05 obs=216 hard=185 obsc=234 yr=  3  nz=0.08 flt=0.08 dmap=+0/-0 shz=4.0 plan=28 cmd=(lx=+0.00,ly=+0.28,rx=+0.00)
t= 16.3 ENG-GO pos=(-4.07,+1.35) yaw= -52.2 d=5.12 goal_err=+44 carrot_err= +25 c0=0.61 clear=0.41 prog=0.47 rel=0.89 bal=-0.04 obs=216 hard=189 obsc=236 yr=  4  nz=0.08 flt=0.04 dmap=+4/-4 shz=4.0 plan=28 cmd=(lx=+0.00,ly=+0.28,rx=+0.00)
t= 16.4 ENG-GO pos=(-4.05,+1.34) yaw= -51.9 d=5.10 goal_err=+43 carrot_err= +24 c0=0.60 clear=0.40 prog=0.49 rel=0.91 bal=+0.06 obs=217 hard=190 obsc=237 yr=  4  nz=0.08 flt=0.04 dmap=+1/-0 shz=4.0 plan=28 cmd=(lx=+0.00,ly=+0.28,rx=+0.00)
t= 16.5 ENG-GO pos=(-4.04,+1.33) yaw= -51.5 d=5.09 goal_err=+43 carrot_err= +24 c0=0.58 clear=0.39 prog=0.49 rel=0.91 bal=+0.06 obs=217 hard=190 obsc=237 yr=  3  nz=0.08 flt=0.04 dmap=+0/-0 shz=4.0 plan=28 cmd=(lx=+0.00,ly=+0.28,rx=+0.00)
t= 16.6 ENG-GO pos=(-4.02,+1.32) yaw= -51.4 d=5.07 goal_err=+43 carrot_err= +24 c0=0.56 clear=0.38 prog=0.49 rel=0.91 bal=-0.05 obs=223 hard=192 obsc=238 yr=  1  nz=0.08 flt=0.22 dmap=+6/-0 shz=4.0 plan=28 cmd=(lx=+0.00,ly=+0.28,rx=+0.00)
t= 16.7 ENG-GO pos=(-4.01,+1.30) yaw= -51.4 d=5.05 goal_err=+43 carrot_err= +20 c0=0.55 clear=0.36 prog=0.47 rel=0.89 bal=-0.05 obs=223 hard=192 obsc=238 yr=  0  nz=0.08 flt=0.22 dmap=+0/-0 shz=4.0 plan=26 cmd=(lx=+0.00,ly=+0.28,rx=+0.00)
t= 16.8 ENG-GO pos=(-4.01,+1.29) yaw= -51.6 d=5.05 goal_err=+43 carrot_err= +20 c0=0.53 clear=0.35 prog=0.45 rel=0.89 bal=+0.08 obs=223 hard=193 obsc=246 yr=  2  nz=0.08 flt=0.10 dmap=+3/-3 shz=4.0 plan=26 cmd=(lx=+0.00,ly=+0.28,rx=+0.00)
t= 16.9 ENG-GO pos=(-4.00,+1.27) yaw= -51.9 d=5.04 goal_err=+44 carrot_err= +22 c0=0.51 clear=0.34 prog=0.42 rel=0.89 bal=+0.09 obs=223 hard=193 obsc=246 yr=  3  nz=0.10 flt=0.10 dmap=+0/-0 shz=4.0 plan=26 cmd=(lx=+0.00,ly=+0.28,rx=+0.00)
t= 17.0 ENG-GO pos=(-4.00,+1.25) yaw= -52.3 d=5.03 goal_err=+45 carrot_err= +23 c0=0.49 clear=0.33 prog=0.40 rel=0.89 bal=+0.10 obs=223 hard=193 obsc=246 yr=  4  nz=0.10 flt=0.10 dmap=+0/-0 shz=4.0 plan=26 cmd=(lx=+0.00,ly=+0.28,rx=+0.00)
t= 17.1 ENG-GO pos=(-4.00,+1.22) yaw= -52.7 d=5.03 goal_err=+45 carrot_err= +25 c0=0.47 clear=0.31 prog=0.38 rel=0.89 bal=+0.12 obs=228 hard=196 obsc=246 yr=  4  nz=0.10 flt=0.14 dmap=+8/-3 shz=4.0 plan=26 cmd=(lx=+0.00,ly=+0.28,rx=+0.00)
[VIS] perc_n=0 age=- free_c=- vismap=0/0 color=- carpet=- cnear=- crmin=- door=- dets=[-]
t= 17.2 ENG-GO pos=(-3.99,+1.20) yaw= -53.0 d=5.02 goal_err=+46 carrot_err= +31 c0=0.45 clear=0.30 prog=0.38 rel=0.85 bal=+0.12 obs=228 hard=196 obsc=246 yr=  3  nz=0.11 flt=0.14 dmap=+0/-0 shz=4.0 plan=26 cmd=(lx=+0.00,ly=+0.28,rx=+0.00)
t= 17.3 ENG-GO pos=(-3.98,+1.19) yaw= -53.1 d=5.01 goal_err=+46 carrot_err= +32 c0=0.43 clear=0.29 prog=0.38 rel=0.85 bal=+0.13 obs=242 hard=205 obsc=263 yr=  1  nz=0.11 flt=0.32 dmap=+17/-3 shz=4.0 plan=26 cmd=(lx=+0.00,ly=+0.28,rx=+0.00)
t= 17.4 ENG-GO pos=(-3.97,+1.17) yaw= -53.0 d=5.00 goal_err=+46 carrot_err= +32 c0=0.41 clear=0.28 prog=0.39 rel=0.65 bal=+0.13 obs=242 hard=205 obsc=263 yr=  1  nz=0.25 flt=0.32 dmap=+0/-0 shz=4.0 plan=26 cmd=(lx=+0.00,ly=+0.28,rx=+0.00)
t= 17.5 ENG-GO pos=(-3.96,+1.16) yaw= -52.8 d=4.98 goal_err=+46 carrot_err= +32 c0=0.40 clear=0.27 prog=0.41 rel=0.65 bal=+0.13 obs=242 hard=205 obsc=263 yr=  2  nz=0.25 flt=0.32 dmap=+0/-0 shz=4.0 plan=26 cmd=(lx=+0.00,ly=+0.28,rx=+0.00)
t= 17.6 ENG-GO pos=(-3.94,+1.16) yaw= -52.5 d=4.96 goal_err=+46 carrot_err= +32 c0=0.57 clear=0.38 prog=0.43 rel=0.65 bal=+0.12 obs=253 hard=214 obsc=280 yr=  3  nz=0.25 flt=0.24 dmap=+13/-2 shz=4.0 plan=26 cmd=(lx=+0.00,ly=+0.28,rx=+0.00)
t= 17.7 ENG-GO pos=(-3.92,+1.15) yaw= -52.1 d=4.94 goal_err=+45 carrot_err= +31 c0=0.63 clear=0.42 prog=0.46 rel=0.65 bal=+0.11 obs=253 hard=214 obsc=280 yr=  4  nz=0.24 flt=0.24 dmap=+0/-0 shz=4.0 plan=26 cmd=(lx=+0.00,ly=+0.28,rx=+0.00)
t= 17.8 ENG-GO pos=(-3.90,+1.14) yaw= -51.7 d=4.92 goal_err=+45 carrot_err= +31 c0=0.62 clear=0.41 prog=0.47 rel=0.65 bal=+0.10 obs=277 hard=232 obsc=303 yr=  4  nz=0.24 flt=0.26 dmap=+25/-1 shz=4.0 plan=26 cmd=(lx=+0.00,ly=+0.28,rx=+0.00)
t= 17.9 ENG-GO pos=(-3.88,+1.13) yaw= -51.4 d=4.90 goal_err=+45 carrot_err= +31 c0=0.60 clear=0.40 prog=0.48 rel=0.64 bal=+0.09 obs=277 hard=232 obsc=303 yr=  3  nz=0.25 flt=0.26 dmap=+0/-0 shz=4.0 plan=26 cmd=(lx=+0.00,ly=+0.28,rx=+0.00)
t= 18.0 ENG-GO pos=(-3.87,+1.12) yaw= -51.3 d=4.89 goal_err=+45 carrot_err= +31 c0=0.59 clear=0.39 prog=0.48 rel=0.64 bal=+0.08 obs=277 hard=232 obsc=303 yr=  2  nz=0.25 flt=0.26 dmap=+0/-0 shz=4.0 plan=26 cmd=(lx=+0.00,ly=+0.28,rx=+0.00)
t= 18.1 ENG-GO pos=(-3.86,+1.11) yaw= -51.2 d=4.88 goal_err=+45 carrot_err= +31 c0=0.57 clear=0.38 prog=0.46 rel=0.64 bal=+0.08 obs=274 hard=228 obsc=303 yr=  0  nz=0.25 flt=0.16 dmap=+4/-7 shz=4.0 plan=26 cmd=(lx=+0.00,ly=+0.28,rx=+0.00)
[VIS] perc_n=0 age=- free_c=- vismap=0/0 color=- carpet=- cnear=- crmin=- door=- dets=[-]
t= 18.2 ENG-GO pos=(-3.85,+1.09) yaw= -51.4 d=4.87 goal_err=+45 carrot_err= +21 c0=0.55 clear=0.37 prog=0.44 rel=0.75 bal=+0.09 obs=274 hard=228 obsc=303 yr=  2  nz=0.25 flt=0.16 dmap=+0/-0 shz=4.0 plan=25 cmd=(lx=+0.00,ly=+0.28,rx=+0.00)
t= 18.4 ENG-GO pos=(-3.85,+1.07) yaw= -51.8 d=4.86 goal_err=+46 carrot_err= +23 c0=0.53 clear=0.35 prog=0.41 rel=0.75 bal=+0.10 obs=279 hard=227 obsc=299 yr=  3  nz=0.25 flt=0.12 dmap=+7/-2 shz=4.0 plan=25 cmd=(lx=+0.00,ly=+0.28,rx=+0.00)
t= 18.5 ENG-GO pos=(-3.84,+1.05) yaw= -52.1 d=4.86 goal_err=+46 carrot_err= +24 c0=0.51 clear=0.34 prog=0.40 rel=0.73 bal=+0.12 obs=280 hard=228 obsc=300 yr=  4  nz=0.24 flt=0.12 dmap=+1/-0 shz=4.0 plan=25 cmd=(lx=+0.00,ly=+0.28,rx=+0.00)
t= 18.6 ENG-GO pos=(-3.84,+1.03) yaw= -52.5 d=4.85 goal_err=+47 carrot_err= +26 c0=0.49 clear=0.33 prog=0.37 rel=0.73 bal=+0.13 obs=280 hard=228 obsc=300 yr=  4  nz=0.24 flt=0.12 dmap=+0/-0 shz=4.0 plan=25 cmd=(lx=+0.00,ly=+0.28,rx=+0.00)
t= 18.7 ENG-GO pos=(-3.84,+1.01) yaw= -52.8 d=4.85 goal_err=+48 carrot_err= +27 c0=0.47 clear=0.32 prog=0.35 rel=0.73 bal=+0.14 obs=276 hard=230 obsc=300 yr=  3  nz=0.24 flt=0.22 dmap=+4/-8 shz=4.0 plan=25 cmd=(lx=+0.00,ly=+0.28,rx=+0.00)
t= 18.8 ENG-GO pos=(-3.82,+0.98) yaw= -53.0 d=4.83 goal_err=+48 carrot_err= +28 c0=0.44 clear=0.29 prog=0.38 rel=0.75 bal=+0.14 obs=277 hard=231 obsc=301 yr=  2  nz=0.23 flt=0.22 dmap=+1/-0 shz=4.0 plan=25 cmd=(lx=+0.00,ly=+0.28,rx=+0.00)
t= 18.9 ENG-GO pos=(-3.81,+0.97) yaw= -53.0 d=4.82 goal_err=+48 carrot_err= +28 c0=0.43 clear=0.28 prog=0.39 rel=0.75 bal=+0.14 obs=276 hard=230 obsc=300 yr=  0  nz=0.23 flt=0.13 dmap=+4/-5 shz=4.0 plan=25 cmd=(lx=+0.00,ly=+0.28,rx=+0.00)
t= 19.0 ENG-GO pos=(-3.80,+0.96) yaw= -52.9 d=4.81 goal_err=+48 carrot_err= +28 c0=0.41 clear=0.28 prog=0.40 rel=0.72 bal=+0.07 obs=277 hard=231 obsc=301 yr=  1  nz=0.23 flt=0.13 dmap=+1/-0 shz=4.0 plan=25 cmd=(lx=+0.00,ly=+0.28,rx=+0.00)
t= 19.1 ENG-GO pos=(-3.79,+0.96) yaw= -52.6 d=4.79 goal_err=+48 carrot_err= +28 c0=0.40 clear=0.27 prog=0.41 rel=0.72 bal=+0.07 obs=277 hard=231 obsc=301 yr=  3  nz=0.23 flt=0.13 dmap=+0/-0 shz=4.0 plan=25 cmd=(lx=+0.00,ly=+0.28,rx=+0.00)
t= 19.2 ENG-GO pos=(-3.77,+0.95) yaw= -52.2 d=4.78 goal_err=+48 carrot_err= +28 c0=0.39 clear=0.26 prog=0.42 rel=0.72 bal=+0.18 obs=270 hard=228 obsc=298 yr=  4  nz=0.23 flt=0.09 dmap=+4/-11 shz=4.0 plan=25 cmd=(lx=+0.00,ly=+0.28,rx=+0.00)
[VIS] perc_n=0 age=- free_c=- vismap=0/0 color=- carpet=- cnear=- crmin=- door=- dets=[-]
t= 19.3 ENG-GO pos=(-3.75,+0.95) yaw= -51.8 d=4.76 goal_err=+47 carrot_err= +27 c0=0.38 clear=0.26 prog=0.44 rel=0.75 bal=+0.17 obs=270 hard=228 obsc=298 yr=  4  nz=0.24 flt=0.09 dmap=+0/-0 shz=4.0 plan=25 cmd=(lx=+0.00,ly=+0.28,rx=+0.00)
t= 19.4 ENG-GO pos=(-3.74,+0.95) yaw= -51.5 d=4.75 goal_err=+47 carrot_err= +27 c0=0.37 clear=0.25 prog=0.44 rel=0.75 bal=+0.17 obs=278 hard=236 obsc=297 yr=  3  nz=0.24 flt=0.05 dmap=+10/-2 shz=4.0 plan=25 cmd=(lx=+0.00,ly=+0.28,rx=+0.00)
t= 19.5 ENG-GO pos=(-3.73,+0.94) yaw= -51.4 d=4.73 goal_err=+47 carrot_err= +26 c0=0.36 clear=0.24 prog=0.43 rel=0.86 bal=+0.16 obs=278 hard=236 obsc=297 yr=  2  nz=0.14 flt=0.05 dmap=+0/-0 shz=4.0 plan=25 cmd=(lx=+0.00,ly=+0.28,rx=+0.00)
t= 19.6 ENG-CG pos=(-3.72,+0.93) yaw= -51.3 d=4.73 goal_err=+47 carrot_err= +27 c0=0.35 clear=0.23 prog=0.41 rel=0.86 bal=+0.17 obs=281 hard=239 obsc=301 yr=  0  nz=0.14 flt=0.08 dmap=+5/-2 shz=4.0 plan=25 cmd=(lx=-0.34,ly=+0.28,rx=+0.00)
t= 19.7 ENG-CG pos=(-3.71,+0.93) yaw= -51.5 d=4.71 goal_err=+47 carrot_err= +27 c0=0.34 clear=0.23 prog=0.40 rel=0.85 bal=+0.16 obs=281 hard=239 obsc=301 yr=  1  nz=0.15 flt=0.08 dmap=+0/-0 shz=4.0 plan=25 cmd=(lx=-0.34,ly=+0.28,rx=+0.00)
t= 19.8 ENG-CG pos=(-3.69,+0.93) yaw= -51.8 d=4.69 goal_err=+47 carrot_err= +44 c0=0.34 clear=0.22 prog=0.40 rel=0.85 bal=+0.14 obs=281 hard=239 obsc=301 yr=  3  nz=0.15 flt=0.08 dmap=+0/-0 shz=4.0 plan=24 cmd=(lx=-0.34,ly=+0.28,rx=+0.00)
t= 19.9 ENG-CG pos=(-3.67,+0.92) yaw= -52.2 d=4.67 goal_err=+48 carrot_err= +44 c0=0.77 clear=0.51 prog=0.40 rel=0.85 bal=+0.13 obs=284 hard=240 obsc=302 yr=  4  nz=0.15 flt=0.07 dmap=+4/-1 shz=4.0 plan=24 cmd=(lx=-0.34,ly=+0.28,rx=+0.00)
t= 20.0 ENG-CG pos=(-3.64,+0.92) yaw= -52.6 d=4.65 goal_err=+48 carrot_err= +44 c0=0.76 clear=0.51 prog=0.41 rel=0.76 bal=+0.11 obs=284 hard=240 obsc=302 yr=  4  nz=0.24 flt=0.07 dmap=+0/-0 shz=4.0 plan=24 cmd=(lx=-0.34,ly=+0.28,rx=+0.00)
t= 20.1 ENG-CG pos=(-3.62,+0.91) yaw= -52.8 d=4.63 goal_err=+49 carrot_err= +45 c0=0.75 clear=0.50 prog=0.43 rel=0.76 bal=+0.22 obs=286 hard=243 obsc=306 yr=  2  nz=0.24 flt=0.14 dmap=+3/-1 shz=4.0 plan=24 cmd=(lx=-0.34,ly=+0.28,rx=+0.00)
t= 20.2 ENG-GO pos=(-3.60,+0.91) yaw= -52.9 d=4.60 goal_err=+49 carrot_err= +45 c0=0.74 clear=0.49 prog=0.46 rel=0.72 bal=+0.24 obs=286 hard=243 obsc=306 yr=  1  nz=0.28 flt=0.14 dmap=+0/-0 shz=4.0 plan=24 cmd=(lx=+0.00,ly=+0.28,rx=+0.00)
[VIS] perc_n=0 age=- free_c=- vismap=0/0 color=- carpet=- cnear=- crmin=- door=- dets=[-]
t= 20.3 ENG-GO pos=(-3.58,+0.90) yaw= -52.9 d=4.58 goal_err=+49 carrot_err= +45 c0=0.73 clear=0.48 prog=0.48 rel=0.72 bal=+0.23 obs=286 hard=243 obsc=306 yr=  0  nz=0.28 flt=0.14 dmap=+0/-0 shz=4.0 plan=24 cmd=(lx=+0.00,ly=+0.28,rx=+0.00)
t= 20.4 ENG-GO pos=(-3.57,+0.89) yaw= -52.7 d=4.57 goal_err=+49 carrot_err= +46 c0=0.71 clear=0.47 prog=0.50 rel=0.72 bal=+0.24 obs=287 hard=249 obsc=312 yr=  2  nz=0.28 flt=0.16 dmap=+4/-3 shz=4.0 plan=24 cmd=(lx=+0.00,ly=+0.28,rx=+0.00)
t= 20.5 ENG-GO pos=(-3.55,+0.88) yaw= -52.4 d=4.55 goal_err=+49 carrot_err= +46 c0=0.95 clear=0.63 prog=0.52 rel=0.69 bal=+0.23 obs=287 hard=249 obsc=312 yr=  2  nz=0.30 flt=0.16 dmap=+0/-0 shz=4.0 plan=24 cmd=(lx=+0.00,ly=+0.28,rx=+0.00)
t= 20.6 ENG-GO pos=(-3.53,+0.87) yaw= -52.0 d=4.53 goal_err=+48 carrot_err= +46 c0=0.93 clear=0.62 prog=0.55 rel=0.69 bal=+0.23 obs=289 hard=250 obsc=313 yr=  4  nz=0.30 flt=0.25 dmap=+5/-3 shz=4.0 plan=24 cmd=(lx=+0.00,ly=+0.28,rx=+0.00)
t= 20.7 ENG-GO pos=(-3.51,+0.87) yaw= -51.7 d=4.51 goal_err=+48 carrot_err= +46 c0=0.92 clear=0.61 prog=0.55 rel=0.63 bal=+0.22 obs=289 hard=250 obsc=313 yr=  4  nz=0.35 flt=0.25 dmap=+0/-0 shz=4.0 plan=24 cmd=(lx=+0.00,ly=+0.28,rx=+0.00)
t= 20.8 ENG-GO pos=(-3.49,+0.86) yaw= -51.3 d=4.49 goal_err=+48 carrot_err= +48 c0=0.91 clear=0.60 prog=0.56 rel=0.63 bal=+0.58 obs=289 hard=250 obsc=313 yr=  3  nz=0.35 flt=0.25 dmap=+0/-0 shz=4.0 plan=24 cmd=(lx=+0.00,ly=+0.28,rx=+0.00)
t= 20.9 ENG-GO pos=(-3.48,+0.85) yaw= -51.2 d=4.47 goal_err=+48 carrot_err= +48 c0=0.70 clear=0.47 prog=0.57 rel=0.63 bal=+0.57 obs=295 hard=252 obsc=321 yr=  2  nz=0.35 flt=0.09 dmap=+8/-2 shz=4.0 plan=24 cmd=(lx=+0.00,ly=+0.28,rx=+0.00)
t= 21.0 ENG-GO pos=(-3.46,+0.83) yaw= -51.1 d=4.46 goal_err=+48 carrot_err= +49 c0=0.68 clear=0.46 prog=0.57 rel=0.69 bal=+0.57 obs=295 hard=252 obsc=321 yr=  0  nz=0.29 flt=0.09 dmap=+0/-0 shz=4.0 plan=24 cmd=(lx=+0.00,ly=+0.28,rx=+0.00)
t= 21.1 ENG-GO pos=(-3.45,+0.81) yaw= -51.3 d=4.45 goal_err=+48 carrot_err= +50 c0=0.66 clear=0.44 prog=0.56 rel=0.69 bal=+0.54 obs=303 hard=256 obsc=326 yr=  2  nz=0.29 flt=0.14 dmap=+10/-2 shz=4.0 plan=24 cmd=(lx=+0.00,ly=+0.28,rx=+0.00)
t= 21.2 ENG-GO pos=(-3.45,+0.79) yaw= -51.6 d=4.45 goal_err=+49 carrot_err= +52 c0=0.64 clear=0.43 prog=0.54 rel=0.82 bal=+0.55 obs=304 hard=258 obsc=327 yr=  3  nz=0.17 flt=0.14 dmap=+1/-0 shz=4.0 plan=24 cmd=(lx=+0.00,ly=+0.28,rx=+0.00)
[VIS] perc_n=0 age=- free_c=- vismap=0/0 color=- carpet=- cnear=- crmin=- door=- dets=[-]
t= 21.3 ENG-GO pos=(-3.45,+0.77) yaw= -52.0 d=4.44 goal_err=+49 carrot_err= +41 c0=0.62 clear=0.42 prog=0.52 rel=0.82 bal=+0.56 obs=304 hard=258 obsc=327 yr=  4  nz=0.17 flt=0.14 dmap=+0/-0 shz=4.0 plan=23 cmd=(lx=+0.00,ly=+0.28,rx=+0.00)
t= 21.4 ENG-GO pos=(-3.44,+0.75) yaw= -52.4 d=4.44 goal_err=+50 carrot_err= +42 c0=0.60 clear=0.40 prog=0.51 rel=0.82 bal=+0.57 obs=306 hard=259 obsc=329 yr=  4  nz=0.17 flt=0.16 dmap=+4/-2 shz=4.0 plan=23 cmd=(lx=+0.00,ly=+0.28,rx=+0.00)
t= 21.5 ENG-CG pos=(-3.44,+0.73) yaw= -52.7 d=4.43 goal_err=+51 carrot_err= +44 c0=0.58 clear=0.39 prog=0.51 rel=0.76 bal=+0.47 obs=306 hard=259 obsc=329 yr=  3  nz=0.19 flt=0.16 dmap=+0/-0 shz=4.0 plan=23 cmd=(lx=-0.34,ly=+0.28,rx=+0.00)
t= 21.6 ENG-CG pos=(-3.42,+0.72) yaw= -52.9 d=4.41 goal_err=+51 carrot_err= +44 c0=0.57 clear=0.38 prog=0.51 rel=0.76 bal=+0.46 obs=309 hard=258 obsc=330 yr=  2  nz=0.19 flt=0.09 dmap=+4/-1 shz=4.0 plan=23 cmd=(lx=-0.34,ly=+0.28,rx=+0.00)
t= 21.7 ENG-GO pos=(-3.39,+0.72) yaw= -52.8 d=4.38 goal_err=+51 carrot_err= +44 c0=0.56 clear=0.37 prog=0.53 rel=0.77 bal=+0.43 obs=309 hard=259 obsc=330 yr=  0  nz=0.21 flt=0.09 dmap=+0/-0 shz=4.0 plan=23 cmd=(lx=+0.00,ly=+0.28,rx=+0.00)
DOOR-ENG CROSSED t=22s pos=(-3.36,+0.73)
t= 21.8 DOOR-AL pos=(-3.36,+0.73) yaw= -52.7 d=4.35 goal_err=+51 carrot_err= +43 c0=0.55 clear=0.37 prog=0.55 rel=0.77 bal=+0.39 obs=309 hard=259 obsc=330 yr=  1  nz=0.21 flt=0.09 dmap=+0/-0 shz=4.0 plan=23 cmd=(lx=+0.00,ly=+0.00,rx=-0.45)
  TURN-CAL rx=-0.45 esperado=+46deg/s medido=+2deg/s OK
t= 21.9 DOOR-AL pos=(-3.34,+0.72) yaw= -52.5 d=4.33 goal_err=+51 carrot_err= +44 c0=0.53 clear=0.36 prog=0.54 rel=0.77 bal=+0.38 obs=309 hard=259 obsc=330 yr=  2G nz=0.21 flt=0.08 dmap=+0/-0 shz=4.0 plan=23 cmd=(lx=+0.00,ly=+0.00,rx=-0.45)
  TURN-CAL rx=-0.45 esperado=+46deg/s medido=+43deg/s OK
t= 22.0 DOOR-AL pos=(-3.33,+0.72) yaw= -48.1 d=4.32 goal_err=+46 carrot_err= +39 c0=0.80 clear=0.53 prog=0.52 rel=0.73 bal=+0.37 obs=309 hard=259 obsc=330 yr= 43G nz=0.24 flt=0.08 dmap=+0/-0 shz=4.0 plan=23 cmd=(lx=+0.00,ly=+0.00,rx=-0.45)
  TURN-CAL rx=-0.45 esperado=+46deg/s medido=+43deg/s OK
t= 22.1 DOOR-AL pos=(-3.32,+0.73) yaw= -43.7 d=4.32 goal_err=+42 carrot_err= +34 c0=0.80 clear=0.53 prog=0.49 rel=0.73 bal=+0.29 obs=309 hard=259 obsc=330 yr= 43G nz=0.24 flt=0.17 dmap=+0/-0 shz=4.0 plan=23 cmd=(lx=+0.00,ly=+0.00,rx=-0.45)
  TURN-CAL rx=-0.45 esperado=+46deg/s medido=+42deg/s OK
t= 22.2 DWA-F pos=(-3.32,+0.74) yaw= -39.4 d=4.31 goal_err=+37 carrot_err= +29 c0=1.07 clear=0.71 prog=0.47 rel=0.81 bal=+0.27 obs=309 hard=259 obsc=330 yr= 42G nz=0.18 flt=0.17 dmap=+0/-0 shz=4.0 plan=23 cmd=(lx=+0.00,ly=+0.40,rx=+0.00)
META-SM: BLIND -> NORMAL (trust=1.00 contra=0 iface=1.00 near=1.07) t=22s
DOOR-GUARD techo de zona-vano t=22s pos=(-3.32,+0.74)
[VIS] perc_n=0 age=- free_c=- vismap=0/0 color=- carpet=- cnear=- crmin=- door=- dets=[-]
t= 22.3 DWA-F pos=(-3.32,+0.74) yaw= -35.2 d=4.31 goal_err=+33 carrot_err= +24 c0=2.07 clear=1.00 prog=0.45 rel=0.81 bal=+0.27 obs=309 hard=259 obsc=330 yr= 41  nz=0.18 flt=0.17 dmap=+0/-0 shz=4.0 plan=23 cmd=(lx=+0.00,ly=+0.40,rx=+0.00)
t= 22.4 DWA-F pos=(-3.30,+0.73) yaw= -35.2 d=4.30 goal_err=+33 carrot_err= +24 c0=2.06 clear=1.00 prog=0.44 rel=0.81 bal=+0.27 obs=315 hard=267 obsc=341 yr=  0  nz=0.18 flt=0.10 dmap=+9/-3 shz=4.0 plan=23 cmd=(lx=+0.00,ly=+0.40,rx=+0.00)
t= 22.5 DWA-F pos=(-3.29,+0.72) yaw= -35.3 d=4.29 goal_err=+33 carrot_err= +28 c0=2.04 clear=1.00 prog=0.42 rel=0.16 bal=+0.27 obs=315 hard=267 obsc=341 yr=  2  nz=0.83 flt=0.10 dmap=+0/-0 shz=4.0 plan=23 cmd=(lx=+0.00,ly=+0.40,rx=+0.00)
t= 22.6 DWA-F pos=(-3.28,+0.70) yaw= -35.6 d=4.28 goal_err=+34 carrot_err= +29 c0=2.02 clear=1.00 prog=0.41 rel=0.16 bal=+0.28 obs=317 hard=272 obsc=339 yr=  3  nz=0.83 flt=0.15 dmap=+6/-4 shz=4.0 plan=23 cmd=(lx=+0.00,ly=+0.40,rx=+0.00)
t= 22.7 DWA-F pos=(-3.27,+0.68) yaw= -36.0 d=4.27 goal_err=+34 carrot_err= +31 c0=2.00 clear=1.00 prog=0.39 rel=0.00 bal=+0.29 obs=317 hard=272 obsc=339 yr=  4  nz=1.00 flt=0.15 dmap=+0/-0 shz=4.0 plan=23 cmd=(lx=+0.00,ly=+0.40,rx=+0.00)
t= 22.8 DWA-F pos=(-3.27,+0.66) yaw= -36.3 d=4.26 goal_err=+35 carrot_err= +20 c0=1.98 clear=1.00 prog=0.37 rel=0.00 bal=+0.31 obs=317 hard=273 obsc=341 yr=  4  nz=1.00 flt=0.10 dmap=+3/-3 shz=4.0 plan=22 cmd=(lx=+0.00,ly=+0.40,rx=+0.00)
t= 22.9 DWA-F pos=(-3.26,+0.64) yaw= -36.6 d=4.25 goal_err=+36 carrot_err= +21 c0=0.96 clear=0.64 prog=0.36 rel=0.00 bal=+0.32 obs=317 hard=273 obsc=341 yr=  3  nz=1.00 flt=0.10 dmap=+0/-0 shz=4.0 plan=22 cmd=(lx=+0.00,ly=+0.40,rx=+0.00)
t= 23.0 DWA-F pos=(-3.25,+0.63) yaw= -36.8 d=4.24 goal_err=+36 carrot_err= +22 c0=0.94 clear=0.63 prog=0.37 rel=0.00 bal=+0.33 obs=317 hard=273 obsc=341 yr=  2  nz=1.00 flt=0.10 dmap=+0/-0 shz=4.0 plan=22 cmd=(lx=+0.00,ly=+0.40,rx=+0.00)
t= 23.1 DWA-F pos=(-3.23,+0.62) yaw= -36.8 d=4.22 goal_err=+36 carrot_err= +22 c0=1.92 clear=1.00 prog=0.39 rel=0.00 bal=+0.20 obs=327 hard=279 obsc=350 yr=  0  nz=1.00 flt=0.08 dmap=+12/-2 shz=4.0 plan=22 cmd=(lx=+0.00,ly=+0.40,rx=+0.00)
t= 23.2 DWA-F pos=(-3.21,+0.61) yaw= -36.6 d=4.20 goal_err=+36 carrot_err= +22 c0=1.90 clear=1.00 prog=0.41 rel=0.02 bal=+0.19 obs=327 hard=279 obsc=350 yr=  2  nz=0.98 flt=0.08 dmap=+0/-0 shz=4.0 plan=22 cmd=(lx=+0.00,ly=+0.40,rx=+0.00)
[VIS] perc_n=0 age=- free_c=- vismap=0/0 color=- carpet=- cnear=- crmin=- door=- dets=[-]
t= 23.3 DWA-F pos=(-3.20,+0.61) yaw= -36.4 d=4.19 goal_err=+36 carrot_err= +22 c0=1.89 clear=1.00 prog=0.43 rel=0.02 bal=+0.27 obs=329 hard=284 obsc=351 yr=  3  nz=0.98 flt=0.04 dmap=+6/-4 shz=4.0 plan=22 cmd=(lx=+0.00,ly=+0.40,rx=+0.00)
t= 23.4 DWA-F pos=(-3.18,+0.61) yaw= -36.0 d=4.17 goal_err=+35 carrot_err= +21 c0=1.88 clear=1.00 prog=0.46 rel=0.07 bal=+0.26 obs=329 hard=284 obsc=351 yr=  4  nz=0.93 flt=0.04 dmap=+0/-0 shz=4.0 plan=22 cmd=(lx=+0.00,ly=+0.40,rx=+0.00)
t= 23.5 DWA-F pos=(-3.15,+0.61) yaw= -35.6 d=4.14 goal_err=+35 carrot_err= +20 c0=1.87 clear=1.00 prog=0.47 rel=0.07 bal=+0.24 obs=329 hard=284 obsc=351 yr=  4  nz=0.93 flt=0.04 dmap=+0/-0 shz=4.0 plan=22 cmd=(lx=+0.00,ly=+0.40,rx=+0.00)
t= 23.6 DWA-F pos=(-3.14,+0.60) yaw= -35.2 d=4.13 goal_err=+35 carrot_err= +20 c0=1.86 clear=1.00 prog=0.45 rel=0.07 bal=+0.23 obs=338 hard=296 obsc=360 yr=  3  nz=0.93 flt=0.12 dmap=+11/-2 shz=4.0 plan=22 cmd=(lx=+0.00,ly=+0.40,rx=+0.00)
t= 23.7 DWA-F pos=(-3.12,+0.60) yaw= -35.1 d=4.11 goal_err=+35 carrot_err= +20 c0=2.50 clear=1.00 prog=0.42 rel=0.86 bal=+0.22 obs=338 hard=296 obsc=360 yr=  2  nz=0.14 flt=0.12 dmap=+0/-0 shz=4.0 plan=22 cmd=(lx=+0.00,ly=+0.40,rx=+0.00)
t= 23.8 DWA-F pos=(-3.10,+0.59) yaw= -35.0 d=4.09 goal_err=+35 carrot_err= +20 c0=2.50 clear=1.00 prog=0.41 rel=0.86 bal=+0.22 obs=339 hard=301 obsc=360 yr=  1  nz=0.14 flt=0.11 dmap=+2/-1 shz=4.0 plan=22 cmd=(lx=+0.00,ly=+0.40,rx=+0.00)
t= 23.9 DWA-F pos=(-3.09,+0.57) yaw= -35.1 d=4.08 goal_err=+35 carrot_err= +24 c0=2.50 clear=1.00 prog=0.42 rel=0.66 bal=+0.23 obs=339 hard=301 obsc=360 yr=  1  nz=0.34 flt=0.11 dmap=+0/-0 shz=4.0 plan=22 cmd=(lx=+0.00,ly=+0.40,rx=+0.00)
t= 24.0 DWA-F pos=(-3.08,+0.56) yaw= -35.4 d=4.07 goal_err=+36 carrot_err= +25 c0=2.50 clear=1.00 prog=0.42 rel=0.66 bal=+0.24 obs=339 hard=301 obsc=360 yr=  3  nz=0.34 flt=0.11 dmap=+0/-0 shz=4.0 plan=22 cmd=(lx=+0.00,ly=+0.40,rx=+0.00)
t= 24.1 DWA-F pos=(-3.08,+0.54) yaw= -35.8 d=4.07 goal_err=+36 carrot_err= +27 c0=1.77 clear=1.00 prog=0.42 rel=0.66 bal=+0.24 obs=357 hard=315 obsc=382 yr=  3  nz=0.34 flt=0.29 dmap=+20/-2 shz=4.0 plan=22 cmd=(lx=+0.00,ly=+0.40,rx=+0.00)
t= 24.3 DWA-F pos=(-3.07,+0.52) yaw= -36.1 d=4.06 goal_err=+37 carrot_err= +28 c0=1.75 clear=1.00 prog=0.43 rel=0.46 bal=+0.25 obs=357 hard=315 obsc=382 yr=  4  nz=0.48 flt=0.29 dmap=+0/-0 shz=4.0 plan=22 cmd=(lx=+0.00,ly=+0.40,rx=+0.00)
[VIS] perc_n=0 age=- free_c=- vismap=0/0 color=- carpet=- cnear=- crmin=- door=- dets=[-]
t= 24.4 DWA-F pos=(-3.06,+0.50) yaw= -36.4 d=4.05 goal_err=+37 carrot_err= +17 c0=1.73 clear=1.00 prog=0.42 rel=0.46 bal=+0.10 obs=379 hard=339 obsc=407 yr=  3  nz=0.48 flt=0.23 dmap=+24/-2 shz=4.0 plan=21 cmd=(lx=+0.00,ly=+0.40,rx=+0.00)
t= 24.5 DWA-F pos=(-3.05,+0.49) yaw= -36.5 d=4.04 goal_err=+38 carrot_err= +18 c0=1.71 clear=1.00 prog=0.42 rel=0.41 bal=+0.14 obs=379 hard=339 obsc=407 yr=  1  nz=0.53 flt=0.23 dmap=+0/-0 shz=4.0 plan=21 cmd=(lx=+0.00,ly=+0.40,rx=+0.00)
t= 24.6 DWA-F pos=(-3.02,+0.47) yaw= -36.5 d=4.01 goal_err=+38 carrot_err= +18 c0=1.69 clear=1.00 prog=0.45 rel=0.41 bal=+0.13 obs=379 hard=339 obsc=407 yr=  0  nz=0.53 flt=0.23 dmap=+0/-0 shz=4.0 plan=21 cmd=(lx=+0.00,ly=+0.40,rx=+0.00)
t= 24.7 DWA-F pos=(-3.01,+0.46) yaw= -36.3 d=4.00 goal_err=+38 carrot_err= +18 c0=1.67 clear=1.00 prog=0.46 rel=0.41 bal=+0.13 obs=400 hard=355 obsc=435 yr=  2  nz=0.53 flt=0.18 dmap=+24/-3 shz=4.0 plan=21 cmd=(lx=+0.00,ly=+0.40,rx=+0.00)
t= 24.8 DWA-F pos=(-2.99,+0.46) yaw= -36.0 d=3.98 goal_err=+38 carrot_err= +18 c0=2.48 clear=1.00 prog=0.48 rel=0.38 bal=+0.11 obs=400 hard=355 obsc=435 yr=  3  nz=0.56 flt=0.18 dmap=+0/-0 shz=4.0 plan=21 cmd=(lx=+0.00,ly=+0.40,rx=+0.00)
t= 24.9 DWA-F pos=(-2.96,+0.46) yaw= -35.7 d=3.95 goal_err=+37 carrot_err= +17 c0=1.92 clear=1.00 prog=0.51 rel=0.38 bal=+0.00 obs=405 hard=346 obsc=434 yr=  4  nz=0.56 flt=0.09 dmap=+7/-2 shz=4.0 plan=21 cmd=(lx=+0.00,ly=+0.40,rx=+0.00)
t= 25.0 DWA-F pos=(-2.93,+0.45) yaw= -35.3 d=3.92 goal_err=+37 carrot_err= +16 c0=2.44 clear=1.00 prog=0.54 rel=0.44 bal=-0.01 obs=406 hard=347 obsc=435 yr=  4  nz=0.55 flt=0.09 dmap=+1/-0 shz=4.0 plan=21 cmd=(lx=+0.00,ly=+0.40,rx=+0.00)
t= 25.1 DWA-F pos=(-2.90,+0.44) yaw= -35.1 d=3.90 goal_err=+37 carrot_err= +16 c0=2.42 clear=1.00 prog=0.56 rel=0.44 bal=-0.02 obs=411 hard=349 obsc=442 yr=  2  nz=0.55 flt=0.08 dmap=+6/-1 shz=4.0 plan=21 cmd=(lx=+0.00,ly=+0.40,rx=+0.00)
t= 25.2 DWA-F pos=(-2.87,+0.43) yaw= -34.8 d=3.87 goal_err=+37 carrot_err= +20 c0=2.40 clear=1.00 prog=0.58 rel=0.40 bal=-0.02 obs=411 hard=349 obsc=442 yr=  2  nz=0.60 flt=0.08 dmap=+0/-0 shz=4.0 plan=21 cmd=(lx=+0.00,ly=+0.40,rx=+0.00)
t= 25.3 DWA-F pos=(-2.85,+0.41) yaw= -34.8 d=3.84 goal_err=+37 carrot_err= +21 c0=2.37 clear=1.00 prog=0.59 rel=0.40 bal=-0.01 obs=412 hard=350 obsc=443 yr=  0  nz=0.60 flt=0.08 dmap=+1/-0 shz=4.0 plan=21 cmd=(lx=+0.00,ly=+0.40,rx=+0.00)
[VIS] perc_n=0 age=- free_c=- vismap=0/0 color=- carpet=- cnear=- crmin=- door=- dets=[-]
t= 25.4 DWA-F pos=(-2.83,+0.39) yaw= -35.0 d=3.82 goal_err=+38 carrot_err= +22 c0=2.34 clear=1.00 prog=0.58 rel=0.40 bal=+0.00 obs=411 hard=339 obsc=442 yr=  2  nz=0.60 flt=0.10 dmap=+3/-4 shz=4.0 plan=21 cmd=(lx=+0.00,ly=+0.40,rx=+0.00)
t= 25.5 DWA-F pos=(-2.81,+0.36) yaw= -35.3 d=3.80 goal_err=+38 carrot_err= +26 c0=2.30 clear=1.00 prog=0.58 rel=0.43 bal=+0.03 obs=411 hard=340 obsc=442 yr=  4  nz=0.56 flt=0.10 dmap=+0/-0 shz=4.0 plan=21 cmd=(lx=+0.00,ly=+0.40,rx=+0.00)
t= 25.6 DWA-F pos=(-2.79,+0.34) yaw= -35.7 d=3.79 goal_err=+39 carrot_err= +28 c0=2.38 clear=1.00 prog=0.58 rel=0.43 bal=+0.07 obs=407 hard=349 obsc=446 yr=  4  nz=0.56 flt=0.01 dmap=+7/-11 shz=4.0 plan=21 cmd=(lx=+0.00,ly=+0.40,rx=+0.00)
t= 25.7 DWA-F pos=(-2.77,+0.31) yaw= -36.1 d=3.77 goal_err=+40 carrot_err= +30 c0=2.35 clear=1.00 prog=0.57 rel=0.42 bal=+0.09 obs=407 hard=349 obsc=446 yr=  4  nz=0.58 flt=0.01 dmap=+0/-0 shz=4.0 plan=21 cmd=(lx=+0.00,ly=+0.40,rx=+0.00)
t= 25.8 DWA-F pos=(-2.75,+0.28) yaw= -36.5 d=3.75 goal_err=+41 carrot_err= +32 c0=2.32 clear=1.00 prog=0.58 rel=0.42 bal=+0.10 obs=407 hard=349 obsc=446 yr=  4  nz=0.58 flt=0.01 dmap=+0/-0 shz=4.0 plan=21 cmd=(lx=+0.00,ly=+0.40,rx=+0.00)
t= 25.9 DWA-F pos=(-2.73,+0.26) yaw= -36.7 d=3.73 goal_err=+41 carrot_err= +32 c0=2.29 clear=1.00 prog=0.59 rel=0.42 bal=+0.20 obs=395 hard=351 obsc=446 yr=  2  nz=0.58 flt=0.15 dmap=+10/-22 shz=4.0 plan=20 cmd=(lx=+0.00,ly=+0.40,rx=-0.45)
t= 26.0 DWA-F pos=(-2.71,+0.24) yaw= -36.6 d=3.71 goal_err=+42 carrot_err= +34 c0=2.26 clear=1.00 prog=0.61 rel=0.47 bal=+0.21 obs=395 hard=351 obsc=446 yr=  0G nz=0.53 flt=0.15 dmap=+0/-0 shz=4.0 plan=20 cmd=(lx=+0.00,ly=+0.40,rx=-0.45)
t= 26.1 DWA-F pos=(-2.68,+0.22) yaw= -32.4 d=3.68 goal_err=+38 carrot_err= +31 c0=2.23 clear=1.00 prog=0.65 rel=0.47 bal=+0.20 obs=397 hard=356 obsc=447 yr= 41G nz=0.53 flt=0.12 dmap=+2/-0 shz=4.0 plan=20 cmd=(lx=+0.00,ly=+0.40,rx=+0.00)
t= 26.2 DWA-F pos=(-2.65,+0.22) yaw= -28.1 d=3.65 goal_err=+34 carrot_err= +27 c0=2.32 clear=1.00 prog=0.69 rel=0.51 bal=+0.19 obs=397 hard=356 obsc=447 yr= 42  nz=0.49 flt=0.12 dmap=+0/-0 shz=4.0 plan=20 cmd=(lx=+0.00,ly=+0.40,rx=+0.00)
t= 26.3 DWA-F pos=(-2.61,+0.21) yaw= -27.8 d=3.62 goal_err=+33 carrot_err= +27 c0=2.30 clear=1.00 prog=0.73 rel=0.51 bal=+0.06 obs=398 hard=357 obsc=448 yr=  4  nz=0.49 flt=0.12 dmap=+1/-0 shz=4.0 plan=20 cmd=(lx=+0.00,ly=+0.40,rx=+0.00)
[VIS] perc_n=0 age=- free_c=- vismap=0/0 color=- carpet=- cnear=- crmin=- door=- dets=[-]
t= 26.4 DWA-F pos=(-2.58,+0.20) yaw= -27.3 d=3.59 goal_err=+33 carrot_err= +27 c0=2.40 clear=1.00 prog=0.76 rel=0.51 bal=+0.13 obs=400 hard=350 obsc=433 yr=  4  nz=0.49 flt=0.03 dmap=+7/-5 shz=4.0 plan=20 cmd=(lx=+0.00,ly=+0.40,rx=+0.00)
t= 26.5 DWA-F pos=(-2.55,+0.20) yaw= -27.0 d=3.56 goal_err=+33 carrot_err= +27 c0=2.38 clear=1.00 prog=0.77 rel=0.86 bal=-0.01 obs=400 hard=350 obsc=433 yr=  3  nz=0.14 flt=0.03 dmap=+0/-0 shz=4.0 plan=20 cmd=(lx=+0.00,ly=+0.40,rx=+0.00)
t= 26.6 DWA-F pos=(-2.53,+0.19) yaw= -26.8 d=3.54 goal_err=+33 carrot_err= +28 c0=2.35 clear=1.00 prog=0.79 rel=0.86 bal=-0.02 obs=403 hard=357 obsc=434 yr=  2  nz=0.14 flt=0.06 dmap=+6/-3 shz=4.0 plan=20 cmd=(lx=+0.00,ly=+0.40,rx=+0.00)
t= 26.7 DWA-F pos=(-2.50,+0.17) yaw= -26.9 d=3.52 goal_err=+33 carrot_err= +29 c0=2.32 clear=1.00 prog=0.79 rel=0.88 bal=-0.02 obs=403 hard=357 obsc=434 yr=  1  nz=0.12 flt=0.06 dmap=+0/-0 shz=4.0 plan=20 cmd=(lx=+0.00,ly=+0.40,rx=+0.00)
t= 26.8 DWA-F pos=(-2.48,+0.15) yaw= -27.2 d=3.49 goal_err=+34 carrot_err= +30 c0=2.29 clear=1.00 prog=0.79 rel=0.88 bal=-0.10 obs=419 hard=376 obsc=450 yr=  2  nz=0.12 flt=0.28 dmap=+19/-3 shz=4.0 plan=20 cmd=(lx=+0.00,ly=+0.40,rx=+0.00)
t= 26.9 DWA-F pos=(-2.45,+0.12) yaw= -27.5 d=3.47 goal_err=+35 carrot_err= +33 c0=2.26 clear=1.00 prog=0.77 rel=0.72 bal=-0.08 obs=419 hard=376 obsc=450 yr=  3  nz=0.19 flt=0.28 dmap=+0/-0 shz=4.0 plan=20 cmd=(lx=+0.00,ly=+0.40,rx=+0.00)
t= 27.0 DWA-F pos=(-2.44,+0.10) yaw= -27.8 d=3.46 goal_err=+36 carrot_err= +34 c0=2.23 clear=1.00 prog=0.75 rel=0.72 bal=-0.08 obs=419 hard=376 obsc=450 yr=  3  nz=0.19 flt=0.28 dmap=+0/-0 shz=4.0 plan=20 cmd=(lx=+0.00,ly=+0.40,rx=+0.00)
t= 27.1 DWA-F pos=(-2.41,+0.08) yaw= -28.2 d=3.44 goal_err=+36 carrot_err= +37 c0=2.35 clear=1.00 prog=0.73 rel=0.72 bal=-0.01 obs=442 hard=400 obsc=479 yr=  4  nz=0.19 flt=0.21 dmap=+24/-1 shz=4.0 plan=20 cmd=(lx=+0.00,ly=+0.40,rx=+0.00)
t= 27.2 DWA-F pos=(-2.39,+0.06) yaw= -28.4 d=3.42 goal_err=+37 carrot_err= +39 c0=2.32 clear=1.00 prog=0.72 rel=0.73 bal=-0.01 obs=443 hard=401 obsc=480 yr=  2  nz=0.20 flt=0.21 dmap=+1/-0 shz=4.0 plan=20 cmd=(lx=+0.00,ly=+0.40,rx=+0.00)
t= 27.3 DWA-F pos=(-2.36,+0.04) yaw= -28.6 d=3.39 goal_err=+38 carrot_err= +41 c0=2.29 clear=1.00 prog=0.74 rel=0.73 bal=-0.01 obs=467 hard=420 obsc=518 yr=  2  nz=0.20 flt=0.21 dmap=+25/-1 shz=4.0 plan=20 cmd=(lx=+0.00,ly=+0.40,rx=+0.00)
[VIS] perc_n=0 age=- free_c=- vismap=0/0 color=- carpet=- cnear=- crmin=- door=- dets=[-]
t= 27.4 DWA-F pos=(-2.33,+0.03) yaw= -28.6 d=3.36 goal_err=+38 carrot_err= +27 c0=2.38 clear=1.00 prog=0.75 rel=0.68 bal=-0.02 obs=467 hard=420 obsc=518 yr=  0  nz=0.21 flt=0.21 dmap=+0/-0 shz=4.0 plan=18 cmd=(lx=+0.00,ly=+0.40,rx=+0.00)
t= 27.5 DWA-F pos=(-2.30,+0.02) yaw= -28.4 d=3.34 goal_err=+38 carrot_err= +27 c0=2.36 clear=1.00 prog=0.77 rel=0.68 bal=-0.13 obs=467 hard=420 obsc=518 yr=  2  nz=0.21 flt=0.21 dmap=+0/-0 shz=4.0 plan=18 cmd=(lx=+0.00,ly=+0.40,rx=+0.00)
t= 27.6 DWA-F pos=(-2.28,+0.01) yaw= -28.1 d=3.31 goal_err=+38 carrot_err= +27 c0=2.34 clear=1.00 prog=0.78 rel=0.68 bal=-0.14 obs=466 hard=409 obsc=505 yr=  3  nz=0.21 flt=0.07 dmap=+4/-5 shz=4.0 plan=18 cmd=(lx=+0.00,ly=+0.40,rx=+0.00)
t= 27.8 DWA-F pos=(-2.24,+0.01) yaw= -27.7 d=3.28 goal_err=+38 carrot_err= +27 c0=2.31 clear=1.00 prog=0.80 rel=0.79 bal=-0.15 obs=466 hard=409 obsc=505 yr=  4  nz=0.21 flt=0.07 dmap=+0/-0 shz=4.0 plan=18 cmd=(lx=+0.00,ly=+0.40,rx=+0.00)
t= 27.9 DWA-F pos=(-2.21,+0.00) yaw= -27.3 d=3.25 goal_err=+37 carrot_err= +27 c0=2.29 clear=1.00 prog=0.82 rel=0.79 bal=-0.17 obs=471 hard=411 obsc=507 yr=  4  nz=0.21 flt=0.05 dmap=+5/-0 shz=4.0 plan=18 cmd=(lx=+0.00,ly=+0.40,rx=+0.00)
t= 28.0 DWA-F pos=(-2.18,-0.00) yaw= -27.1 d=3.22 goal_err=+37 carrot_err= +27 c0=2.40 clear=1.00 prog=0.83 rel=0.79 bal=-0.18 obs=471 hard=411 obsc=507 yr=  2  nz=0.21 flt=0.05 dmap=+0/-0 shz=4.0 plan=18 cmd=(lx=+0.00,ly=+0.40,rx=+0.00)
t= 28.1 DWA-F pos=(-2.15,-0.01) yaw= -26.9 d=3.20 goal_err=+37 carrot_err= +28 c0=2.37 clear=1.00 prog=0.83 rel=0.79 bal=-0.19 obs=471 hard=411 obsc=507 yr=  1  nz=0.21 flt=0.05 dmap=+0/-0 shz=4.0 plan=18 cmd=(lx=+0.00,ly=+0.40,rx=+0.00)
t= 28.2 DWA-F pos=(-2.12,-0.02) yaw= -27.0 d=3.17 goal_err=+38 carrot_err= +29 c0=2.34 clear=1.00 prog=0.82 rel=0.79 bal=-0.19 obs=479 hard=419 obsc=520 yr=  0  nz=0.21 flt=0.32 dmap=+11/-3 shz=4.0 plan=18 cmd=(lx=+0.00,ly=+0.40,rx=+0.00)
t= 28.3 DWA-F pos=(-2.10,-0.04) yaw= -27.1 d=3.15 goal_err=+38 carrot_err= +31 c0=2.31 clear=1.00 prog=0.80 rel=0.75 bal=-0.18 obs=479 hard=419 obsc=520 yr=  1  nz=0.17 flt=0.32 dmap=+0/-0 shz=4.0 plan=18 cmd=(lx=+0.00,ly=+0.40,rx=+0.00)
t= 28.4 DWA-F pos=(-2.06,-0.09) yaw= -27.4 d=3.12 goal_err=+40 carrot_err= +32 c0=2.40 clear=1.00 prog=0.81 rel=0.75 bal=-0.04 obs=487 hard=434 obsc=541 yr=  3  nz=0.17 flt=0.21 dmap=+15/-7 shz=4.0 plan=18 cmd=(lx=+0.00,ly=+0.40,rx=+0.00)
[VIS] perc_n=0 age=- free_c=- vismap=0/0 color=- carpet=- cnear=- crmin=- door=- dets=[-]
t= 28.5 DWA-F pos=(-2.03,-0.11) yaw= -27.8 d=3.10 goal_err=+41 carrot_err= +34 c0=2.36 clear=1.00 prog=0.79 rel=0.72 bal=-0.02 obs=487 hard=434 obsc=541 yr=  4  nz=0.20 flt=0.21 dmap=+0/-0 shz=4.0 plan=18 cmd=(lx=+0.00,ly=+0.40,rx=+0.00)
t= 28.6 DWA-F pos=(-2.01,-0.14) yaw= -28.2 d=3.08 goal_err=+41 carrot_err= +36 c0=2.21 clear=1.00 prog=0.77 rel=0.72 bal=-0.01 obs=485 hard=432 obsc=550 yr=  4  nz=0.20 flt=0.21 dmap=+10/-12 shz=4.0 plan=18 cmd=(lx=+0.00,ly=+0.40,rx=+0.00)
t= 28.7 DWA-F pos=(-1.99,-0.16) yaw= -28.4 d=3.07 goal_err=+42 carrot_err= +37 c0=2.18 clear=1.00 prog=0.76 rel=0.67 bal=+0.00 obs=485 hard=432 obsc=550 yr=  2  nz=0.22 flt=0.21 dmap=+0/-0 shz=4.0 plan=18 cmd=(lx=+0.00,ly=+0.40,rx=+0.00)
t= 28.8 DWA-F pos=(-1.96,-0.17) yaw= -28.6 d=3.05 goal_err=+43 carrot_err= +39 c0=2.15 clear=1.00 prog=0.76 rel=0.67 bal=+0.01 obs=485 hard=432 obsc=550 yr=  2  nz=0.22 flt=0.21 dmap=+0/-0 shz=4.0 plan=18 cmd=(lx=+0.00,ly=+0.40,rx=+0.00)
t= 28.9 DWA-F pos=(-1.93,-0.18) yaw= -28.6 d=3.02 goal_err=+43 carrot_err= +40 c0=2.28 clear=1.00 prog=0.77 rel=0.67 bal=-0.01 obs=483 hard=422 obsc=532 yr=  0  nz=0.22 flt=0.06 dmap=+5/-7 shz=4.0 plan=18 cmd=(lx=+0.00,ly=+0.40,rx=+0.00)
t= 29.0 DWA-F pos=(-1.90,-0.19) yaw= -28.3 d=2.99 goal_err=+43 carrot_err= +28 c0=2.25 clear=1.00 prog=0.79 rel=0.76 bal=-0.12 obs=483 hard=422 obsc=532 yr=  2  nz=0.24 flt=0.06 dmap=+0/-0 shz=4.0 plan=16 cmd=(lx=+0.00,ly=+0.40,rx=+0.00)
t= 29.1 DWA-F pos=(-1.87,-0.20) yaw= -28.0 d=2.97 goal_err=+43 carrot_err= +28 c0=2.22 clear=1.00 prog=0.80 rel=0.76 bal=-0.12 obs=479 hard=425 obsc=531 yr=  3  nz=0.24 flt=0.09 dmap=+4/-8 shz=4.0 plan=16 cmd=(lx=+0.00,ly=+0.40,rx=+0.00)
t= 29.2 DWA-F pos=(-1.84,-0.21) yaw= -27.6 d=2.94 goal_err=+43 carrot_err= +28 c0=2.20 clear=1.00 prog=0.82 rel=0.75 bal=-0.14 obs=479 hard=425 obsc=531 yr=  4  nz=0.25 flt=0.09 dmap=+0/-0 shz=4.0 plan=16 cmd=(lx=+0.00,ly=+0.40,rx=+0.00)
t= 29.3 DWA-F pos=(-1.81,-0.21) yaw= -27.2 d=2.91 goal_err=+43 carrot_err= +28 c0=2.17 clear=1.00 prog=0.83 rel=0.75 bal=-0.15 obs=479 hard=426 obsc=531 yr=  3  nz=0.25 flt=0.09 dmap=+0/-0 shz=4.0 plan=16 cmd=(lx=+0.00,ly=+0.40,rx=+0.00)
t= 29.4 DWA-F pos=(-1.78,-0.22) yaw= -26.9 d=2.88 goal_err=+43 carrot_err= +28 c0=2.14 clear=1.00 prog=0.82 rel=0.75 bal=-0.16 obs=479 hard=431 obsc=530 yr=  3  nz=0.25 flt=0.11 dmap=+10/-10 shz=4.0 plan=16 cmd=(lx=+0.00,ly=+0.40,rx=+0.00)
[VIS] perc_n=0 age=- free_c=- vismap=0/0 color=- carpet=- cnear=- crmin=- door=- dets=[-]
t= 29.5 DWA-F pos=(-1.75,-0.22) yaw= -26.8 d=2.86 goal_err=+43 carrot_err= +29 c0=2.11 clear=1.00 prog=0.82 rel=0.72 bal=-0.17 obs=479 hard=431 obsc=530 yr=  1  nz=0.28 flt=0.11 dmap=+0/-0 shz=4.0 plan=16 cmd=(lx=+0.00,ly=+0.40,rx=+0.00)
t= 29.6 DWA-F pos=(-1.73,-0.24) yaw= -26.9 d=2.84 goal_err=+44 carrot_err= +30 c0=2.08 clear=1.00 prog=0.81 rel=0.72 bal=+0.02 obs=475 hard=432 obsc=527 yr=  1  nz=0.28 flt=0.09 dmap=+7/-11 shz=4.0 plan=16 cmd=(lx=+0.00,ly=+0.40,rx=+0.00)
t= 29.7 DWA-F pos=(-1.70,-0.26) yaw= -27.2 d=2.81 goal_err=+44 carrot_err= +31 c0=2.05 clear=1.00 prog=0.80 rel=0.70 bal=+0.02 obs=475 hard=432 obsc=527 yr=  2  nz=0.30 flt=0.09 dmap=+0/-0 shz=4.0 plan=16 cmd=(lx=+0.00,ly=+0.40,rx=+0.00)
t= 29.8 DWA-F pos=(-1.68,-0.28) yaw= -27.6 d=2.80 goal_err=+45 carrot_err= +33 c0=2.02 clear=1.00 prog=0.77 rel=0.70 bal=-0.10 obs=475 hard=432 obsc=527 yr=  4  nz=0.30 flt=0.09 dmap=+0/-0 shz=4.0 plan=16 cmd=(lx=+0.00,ly=+0.40,rx=+0.00)
t= 29.9 DWA-F pos=(-1.66,-0.30) yaw= -28.0 d=2.79 goal_err=+46 carrot_err= +35 c0=2.10 clear=1.00 prog=0.75 rel=0.70 bal=+0.00 obs=457 hard=427 obsc=516 yr=  4  nz=0.30 flt=0.09 dmap=+1/-19 shz=4.0 plan=16 cmd=(lx=+0.00,ly=+0.40,rx=+0.00)
t= 30.0 DWA-F pos=(-1.63,-0.33) yaw= -28.4 d=2.77 goal_err=+47 carrot_err= +37 c0=2.07 clear=1.00 prog=0.73 rel=0.77 bal=+0.01 obs=457 hard=427 obsc=516 yr=  4  nz=0.23 flt=0.09 dmap=+0/-0 shz=4.0 plan=16 cmd=(lx=+0.00,ly=+0.40,rx=-0.45)
t= 30.1 DWA-F pos=(-1.61,-0.35) yaw= -28.6 d=2.76 goal_err=+48 carrot_err= +39 c0=2.04 clear=1.00 prog=0.70 rel=0.77 bal=-0.10 obs=458 hard=429 obsc=517 yr=  2G nz=0.23 flt=0.09 dmap=+1/-0 shz=4.0 plan=16 cmd=(lx=+0.00,ly=+0.40,rx=-0.45)
t= 30.2 DWA-F pos=(-1.59,-0.37) yaw= -24.7 d=2.74 goal_err=+45 carrot_err= +37 c0=2.01 clear=1.00 prog=0.70 rel=0.86 bal=-0.32 obs=458 hard=429 obsc=517 yr= 38G nz=0.14 flt=0.09 dmap=+0/-0 shz=4.0 plan=16 cmd=(lx=+0.00,ly=+0.40,rx=-0.45)
t= 30.3 DWA-F pos=(-1.56,-0.38) yaw= -20.6 d=2.72 goal_err=+41 carrot_err= +34 c0=1.98 clear=1.00 prog=0.68 rel=0.86 bal=-0.32 obs=458 hard=429 obsc=517 yr= 39G nz=0.14 flt=0.05 dmap=+0/-0 shz=4.0 plan=16 cmd=(lx=+0.00,ly=+0.40,rx=+0.00)
t= 30.4 DWA-F pos=(-1.53,-0.38) yaw= -16.4 d=2.69 goal_err=+37 carrot_err= +30 c0=1.96 clear=1.00 prog=0.70 rel=0.84 bal=-0.39 obs=458 hard=429 obsc=517 yr= 41  nz=0.16 flt=0.05 dmap=+0/-0 shz=4.0 plan=16 cmd=(lx=+0.00,ly=+0.40,rx=+0.00)
[VIS] perc_n=0 age=- free_c=- vismap=0/0 color=- carpet=- cnear=- crmin=- door=- dets=[-]
t= 30.5 DWA-F pos=(-1.49,-0.37) yaw= -16.1 d=2.65 goal_err=+37 carrot_err= +27 c0=1.93 clear=1.00 prog=0.73 rel=0.84 bal=-0.34 obs=458 hard=429 obsc=517 yr=  3  nz=0.16 flt=0.05 dmap=+0/-0 shz=4.0 plan=13 cmd=(lx=+0.00,ly=+0.40,rx=+0.00)
t= 30.6 DWA-F pos=(-1.46,-0.37) yaw= -15.7 d=2.62 goal_err=+37 carrot_err= +27 c0=1.91 clear=1.00 prog=0.76 rel=0.84 bal=-0.36 obs=469 hard=416 obsc=511 yr=  4  nz=0.16 flt=0.05 dmap=+12/-1 shz=4.0 plan=13 cmd=(lx=+0.00,ly=+0.40,rx=+0.00)
t= 30.7 DWA-F pos=(-1.42,-0.37) yaw= -15.4 d=2.59 goal_err=+37 carrot_err= +27 c0=2.04 clear=1.00 prog=0.78 rel=0.87 bal=-0.37 obs=469 hard=416 obsc=511 yr=  3  nz=0.13 flt=0.05 dmap=+0/-0 shz=4.0 plan=13 cmd=(lx=+0.00,ly=+0.40,rx=+0.00)
t= 30.8 DWA-F pos=(-1.39,-0.37) yaw= -15.2 d=2.56 goal_err=+37 carrot_err= +27 c0=2.01 clear=1.00 prog=0.78 rel=0.87 bal=-0.38 obs=472 hard=417 obsc=511 yr=  3  nz=0.13 flt=0.09 dmap=+4/-1 shz=4.0 plan=13 cmd=(lx=+0.00,ly=+0.40,rx=+0.00)
t= 30.9 DWA-F pos=(-1.36,-0.38) yaw= -15.1 d=2.54 goal_err=+37 carrot_err= +28 c0=1.99 clear=1.00 prog=0.78 rel=0.87 bal=-0.38 obs=472 hard=417 obsc=511 yr=  1  nz=0.13 flt=0.09 dmap=+0/-0 shz=4.0 plan=13 cmd=(lx=+0.00,ly=+0.40,rx=+0.00)
t= 31.0 DWA-F pos=(-1.33,-0.39) yaw= -15.1 d=2.51 goal_err=+37 carrot_err= +29 c0=1.96 clear=1.00 prog=0.77 rel=0.87 bal=-0.38 obs=472 hard=417 obsc=511 yr=  0  nz=0.13 flt=0.09 dmap=+0/-0 shz=4.0 plan=13 cmd=(lx=+0.00,ly=+0.40,rx=+0.00)
t= 31.1 DWA-F pos=(-1.31,-0.40) yaw= -15.3 d=2.49 goal_err=+38 carrot_err= +31 c0=1.92 clear=1.00 prog=0.76 rel=0.87 bal=-0.36 obs=475 hard=418 obsc=513 yr=  2  nz=0.13 flt=0.04 dmap=+3/-0 shz=4.0 plan=13 cmd=(lx=+0.00,ly=+0.40,rx=+0.00)
t= 31.3 DWA-F pos=(-1.28,-0.42) yaw= -15.5 d=2.48 goal_err=+39 carrot_err= +41 c0=1.89 clear=1.00 prog=0.74 rel=0.88 bal=-0.16 obs=476 hard=419 obsc=513 yr=  2  nz=0.12 flt=0.04 dmap=+1/-0 shz=4.0 plan=13 cmd=(lx=+0.00,ly=+0.40,rx=-0.45)
t= 31.4 DWA-F pos=(-1.25,-0.44) yaw= -16.0 d=2.46 goal_err=+40 carrot_err= +43 c0=1.86 clear=1.00 prog=0.72 rel=0.88 bal=-0.14 obs=476 hard=420 obsc=513 yr=  4G nz=0.12 flt=0.08 dmap=+0/-0 shz=4.0 plan=13 cmd=(lx=+0.00,ly=+0.40,rx=-0.45)
t= 31.5 DWA-F pos=(-1.23,-0.46) yaw= -12.3 d=2.44 goal_err=+37 carrot_err= +41 c0=1.99 clear=1.00 prog=0.70 rel=0.86 bal=-0.26 obs=476 hard=420 obsc=513 yr= 35G nz=0.14 flt=0.08 dmap=+0/-0 shz=4.0 plan=13 cmd=(lx=+0.00,ly=+0.40,rx=-0.45)
[VIS] perc_n=0 age=- free_c=- vismap=0/0 color=- carpet=- cnear=- crmin=- door=- dets=[-]
t= 31.6 DWA-F pos=(-1.20,-0.47) yaw=  -8.5 d=2.42 goal_err=+34 carrot_err= +39 c0=2.50 clear=1.00 prog=0.70 rel=0.86 bal=-0.25 obs=476 hard=420 obsc=513 yr= 38G nz=0.14 flt=0.08 dmap=+0/-0 shz=4.0 plan=13 cmd=(lx=+0.00,ly=+0.40,rx=-0.45)
t= 31.7 DWA-F pos=(-1.16,-0.48) yaw=  -4.6 d=2.40 goal_err=+31 carrot_err= +37 c0=2.50 clear=1.00 prog=0.71 rel=0.86 bal=-0.29 obs=476 hard=421 obsc=513 yr= 38G nz=0.14 flt=0.10 dmap=+0/-0 shz=4.0 plan=13 cmd=(lx=+0.00,ly=+0.40,rx=+0.00)
t= 31.8 DWA-F pos=(-1.13,-0.48) yaw=  -0.5 d=2.37 goal_err=+27 carrot_err= +34 c0=2.50 clear=1.00 prog=0.73 rel=0.67 bal=-0.29 obs=476 hard=421 obsc=513 yr= 40  nz=0.34 flt=0.10 dmap=+0/-0 shz=4.0 plan=13 cmd=(lx=+0.00,ly=+0.40,rx=+0.00)
t= 31.9 DWA-F pos=(-1.10,-0.47) yaw=  +1.9 d=2.34 goal_err=+25 carrot_err= +32 c0=2.50 clear=1.00 prog=0.77 rel=0.67 bal=-0.32 obs=475 hard=420 obsc=521 yr= 23  nz=0.34 flt=0.08 dmap=+4/-5 shz=4.0 plan=13 cmd=(lx=+0.00,ly=+0.40,rx=+0.00)
t= 32.0 DWA-F pos=(-1.07,-0.46) yaw=  +2.3 d=2.30 goal_err=+24 carrot_err= +26 c0=2.50 clear=1.00 prog=0.80 rel=0.58 bal=-0.34 obs=475 hard=420 obsc=521 yr=  4  nz=0.42 flt=0.08 dmap=+0/-0 shz=4.0 plan=13 cmd=(lx=+0.00,ly=+0.40,rx=+0.00)
t= 32.1 DWA-F pos=(-1.04,-0.45) yaw=  +2.6 d=2.27 goal_err=+24 carrot_err= +26 c0=2.50 clear=1.00 prog=0.84 rel=0.58 bal=-0.34 obs=475 hard=420 obsc=521 yr=  3  nz=0.42 flt=0.08 dmap=+0/-0 shz=4.0 plan=11 cmd=(lx=+0.00,ly=+0.40,rx=+0.00)
t= 32.2 DWA-F pos=(-0.98,-0.44) yaw=  +3.1 d=2.21 goal_err=+24 carrot_err= +26 c0=2.50 clear=1.00 prog=0.90 rel=0.58 bal=-0.43 obs=495 hard=439 obsc=540 yr=  4  nz=0.42 flt=0.36 dmap=+23/-3 shz=4.0 plan=11 cmd=(lx=+0.00,ly=+0.40,rx=+0.00)
t= 32.3 DWA-F pos=(-0.95,-0.44) yaw=  +3.4 d=2.19 goal_err=+24 carrot_err= +27 c0=2.50 clear=1.00 prog=0.91 rel=0.37 bal=-0.43 obs=495 hard=439 obsc=540 yr=  2  nz=0.56 flt=0.36 dmap=+0/-0 shz=4.0 plan=11 cmd=(lx=+0.00,ly=+0.40,rx=+0.00)
t= 32.4 DWA-F pos=(-0.92,-0.43) yaw=  +3.5 d=2.16 goal_err=+24 carrot_err= +28 c0=2.50 clear=1.00 prog=0.91 rel=0.37 bal=-0.12 obs=517 hard=459 obsc=574 yr=  1  nz=0.56 flt=0.23 dmap=+25/-3 shz=4.0 plan=11 cmd=(lx=+0.00,ly=+0.40,rx=+0.00)
t= 32.5 DWA-F pos=(-0.89,-0.44) yaw=  +3.4 d=2.13 goal_err=+25 carrot_err= +29 c0=2.50 clear=1.00 prog=0.89 rel=0.38 bal=-0.11 obs=519 hard=461 obsc=574 yr=  1  nz=0.57 flt=0.23 dmap=+2/-0 shz=4.0 plan=11 cmd=(lx=+0.00,ly=+0.40,rx=+0.00)
[VIS] perc_n=0 age=- free_c=- vismap=0/0 color=- carpet=- cnear=- crmin=- door=- dets=[-]
t= 32.6 DWA-F pos=(-0.86,-0.44) yaw=  +3.1 d=2.11 goal_err=+26 carrot_err= +31 c0=2.50 clear=1.00 prog=0.88 rel=0.38 bal=-0.14 obs=539 hard=474 obsc=610 yr=  3  nz=0.57 flt=0.22 dmap=+25/-5 shz=4.0 plan=11 cmd=(lx=+0.00,ly=+0.40,rx=+0.00)
t= 32.7 DWA-F pos=(-0.82,-0.45) yaw=  +2.8 d=2.08 goal_err=+27 carrot_err= +33 c0=2.50 clear=1.00 prog=0.86 rel=0.38 bal=+0.16 obs=539 hard=474 obsc=610 yr=  3  nz=0.56 flt=0.22 dmap=+0/-0 shz=4.0 plan=11 cmd=(lx=+0.00,ly=+0.40,rx=+0.00)
t= 32.8 DWA-F pos=(-0.79,-0.46) yaw=  +2.3 d=2.06 goal_err=+28 carrot_err= +36 c0=2.50 clear=1.00 prog=0.85 rel=0.38 bal=+0.19 obs=539 hard=474 obsc=610 yr=  4  nz=0.56 flt=0.22 dmap=+0/-0 shz=4.0 plan=11 cmd=(lx=+0.00,ly=+0.40,rx=-0.45)
t= 32.9 DWA-F pos=(-0.76,-0.48) yaw=  +4.0 d=2.04 goal_err=+27 carrot_err= +36 c0=2.47 clear=1.00 prog=0.85 rel=0.38 bal=+0.21 obs=539 hard=475 obsc=610 yr= 17G nz=0.56 flt=0.07 dmap=+0/-0 shz=4.0 plan=11 cmd=(lx=+0.00,ly=+0.40,rx=-0.45)
t= 33.0 DWA-F pos=(-0.73,-0.48) yaw=  +7.8 d=2.02 goal_err=+24 carrot_err= +34 c0=2.50 clear=1.00 prog=0.84 rel=0.84 bal=+0.23 obs=539 hard=475 obsc=610 yr= 36G nz=0.16 flt=0.07 dmap=+0/-0 shz=4.0 plan=11 cmd=(lx=+0.00,ly=+0.40,rx=+0.00)
t= 33.1 DWA-F pos=(-0.70,-0.48) yaw=  +9.8 d=1.99 goal_err=+22 carrot_err= +34 c0=2.50 clear=1.00 prog=0.86 rel=0.84 bal=+0.24 obs=541 hard=456 obsc=604 yr= 19  nz=0.16 flt=0.08 dmap=+8/-6 shz=4.0 plan=11 cmd=(lx=+0.00,ly=+0.40,rx=+0.00)
t= 33.2 DWA-F pos=(-0.67,-0.47) yaw= +10.0 d=1.95 goal_err=+22 carrot_err= +28 c0=2.50 clear=1.00 prog=0.89 rel=0.84 bal=+0.24 obs=541 hard=456 obsc=604 yr=  1  nz=0.15 flt=0.08 dmap=+0/-0 shz=4.0 plan=11 cmd=(lx=+0.00,ly=+0.40,rx=+0.00)
t= 33.3 DWA-F pos=(-0.64,-0.45) yaw= +10.3 d=1.92 goal_err=+22 carrot_err= +28 c0=2.50 clear=1.00 prog=0.92 rel=0.84 bal=+0.24 obs=541 hard=456 obsc=604 yr=  3  nz=0.15 flt=0.08 dmap=+0/-0 shz=4.0 plan=11 cmd=(lx=+0.00,ly=+0.40,rx=+0.00)
t= 33.4 DWA-F pos=(-0.61,-0.44) yaw= +10.6 d=1.89 goal_err=+22 carrot_err= +28 c0=2.47 clear=1.00 prog=0.94 rel=0.84 bal=+0.23 obs=541 hard=454 obsc=605 yr=  3  nz=0.15 flt=0.04 dmap=+3/-3 shz=4.0 plan=11 cmd=(lx=+0.00,ly=+0.40,rx=+0.00)
t= 33.5 DWA-F pos=(-0.58,-0.42) yaw= +11.0 d=1.86 goal_err=+21 carrot_err= +28 c0=2.45 clear=1.00 prog=0.96 rel=0.86 bal=+0.22 obs=541 hard=454 obsc=605 yr=  4  nz=0.14 flt=0.04 dmap=+0/-0 shz=4.0 plan=11 cmd=(lx=+0.00,ly=+0.40,rx=+0.00)
[VIS] perc_n=0 age=- free_c=- vismap=0/0 color=- carpet=- cnear=- crmin=- door=- dets=[-]
t= 33.6 DWA-F pos=(-0.56,-0.41) yaw= +11.2 d=1.83 goal_err=+21 carrot_err= +28 c0=2.50 clear=1.00 prog=0.96 rel=0.86 bal=+0.21 obs=542 hard=458 obsc=607 yr=  2  nz=0.14 flt=0.11 dmap=+10/-9 shz=4.0 plan=9 cmd=(lx=+0.00,ly=+0.40,rx=+0.00)
t= 33.7 DWA-F pos=(-0.53,-0.40) yaw= +11.4 d=1.80 goal_err=+21 carrot_err= +28 c0=2.50 clear=1.00 prog=0.97 rel=0.86 bal=+0.21 obs=542 hard=458 obsc=607 yr=  2  nz=0.14 flt=0.11 dmap=+0/-0 shz=4.0 plan=9 cmd=(lx=+0.00,ly=+0.40,rx=+0.00)
t= 33.8 DWA-F pos=(-0.50,-0.39) yaw= +11.4 d=1.77 goal_err=+21 carrot_err= +29 c0=2.50 clear=1.00 prog=0.96 rel=0.86 bal=+0.21 obs=540 hard=456 obsc=601 yr=  0  nz=0.14 flt=0.06 dmap=+7/-9 shz=4.0 plan=9 cmd=(lx=+0.00,ly=+0.40,rx=+0.00)
t= 33.9 DWA-F pos=(-0.47,-0.39) yaw= +11.3 d=1.74 goal_err=+22 carrot_err= +30 c0=2.50 clear=1.00 prog=0.95 rel=0.87 bal=+0.22 obs=540 hard=456 obsc=601 yr=  1  nz=0.13 flt=0.06 dmap=+0/-0 shz=4.0 plan=9 cmd=(lx=+0.00,ly=+0.40,rx=+0.00)
t= 34.0 DWA-F pos=(-0.43,-0.40) yaw= +11.0 d=1.72 goal_err=+23 carrot_err= +32 c0=2.50 clear=1.00 prog=0.93 rel=0.87 bal=+0.23 obs=540 hard=456 obsc=601 yr=  3  nz=0.13 flt=0.06 dmap=+0/-0 shz=4.0 plan=9 cmd=(lx=+0.00,ly=+0.40,rx=+0.00)
t= 34.1 DWA-F pos=(-0.41,-0.40) yaw= +10.7 d=1.70 goal_err=+24 carrot_err= +34 c0=2.48 clear=1.00 prog=0.87 rel=0.87 bal=-0.04 obs=508 hard=454 obsc=596 yr=  3  nz=0.13 flt=0.08 dmap=+2/-34 shz=4.0 plan=9 cmd=(lx=+0.00,ly=+0.40,rx=+0.00)
t= 34.2 DWA-F pos=(-0.37,-0.41) yaw= +10.3 d=1.68 goal_err=+25 carrot_err= +36 c0=2.45 clear=1.00 prog=0.86 rel=0.97 bal=-0.02 obs=508 hard=454 obsc=596 yr=  4  nz=0.03 flt=0.08 dmap=+0/-0 shz=4.0 plan=9 cmd=(lx=+0.00,ly=+0.40,rx=+0.00)
t= 34.3 DWA-F pos=(-0.34,-0.42) yaw=  +9.8 d=1.66 goal_err=+27 carrot_err= +38 c0=2.41 clear=1.00 prog=0.85 rel=0.97 bal=-0.01 obs=531 hard=467 obsc=588 yr=  4  nz=0.03 flt=0.40 dmap=+25/-2 shz=4.0 plan=9 cmd=(lx=+0.00,ly=+0.40,rx=-0.45)
t= 34.4 DWA-F pos=(-0.30,-0.41) yaw=  +9.7 d=1.63 goal_err=+28 carrot_err= +39 c0=2.38 clear=1.00 prog=0.86 rel=0.71 bal=-0.05 obs=531 hard=467 obsc=588 yr=  2G nz=0.15 flt=0.40 dmap=+0/-0 shz=4.0 plan=9 cmd=(lx=+0.00,ly=+0.40,rx=-0.45)
t= 34.5 DWA-F pos=(-0.28,-0.41) yaw= +13.6 d=1.60 goal_err=+24 carrot_err= +36 c0=2.50 clear=1.00 prog=0.86 rel=0.71 bal=-0.05 obs=531 hard=467 obsc=588 yr= 39G nz=0.15 flt=0.40 dmap=+0/-0 shz=4.0 plan=9 cmd=(lx=+0.00,ly=+0.40,rx=+0.00)
[VIS] perc_n=0 age=- free_c=- vismap=0/0 color=- carpet=- cnear=- crmin=- door=- dets=[-]
t= 34.7 DWA-F pos=(-0.25,-0.40) yaw= +17.7 d=1.57 goal_err=+20 carrot_err= +33 c0=2.50 clear=1.00 prog=0.87 rel=0.71 bal=-0.37 obs=550 hard=481 obsc=622 yr= 40  nz=0.15 flt=0.24 dmap=+22/-3 shz=4.0 plan=9 cmd=(lx=+0.00,ly=+0.40,rx=+0.00)
t= 34.8 DWA-F pos=(-0.22,-0.38) yaw= +18.0 d=1.54 goal_err=+20 carrot_err= +33 c0=2.50 clear=1.00 prog=0.89 rel=0.74 bal=-0.38 obs=550 hard=481 obsc=622 yr=  3  nz=0.18 flt=0.24 dmap=+0/-0 shz=4.0 plan=9 cmd=(lx=+0.00,ly=+0.40,rx=+0.00)
t= 34.9 DWA-F pos=(-0.20,-0.36) yaw= +18.3 d=1.51 goal_err=+20 carrot_err= +34 c0=2.50 clear=1.00 prog=0.90 rel=0.74 bal=-0.41 obs=573 hard=492 obsc=650 yr=  4  nz=0.18 flt=0.22 dmap=+25/-2 shz=4.0 plan=9 cmd=(lx=+0.00,ly=+0.40,rx=+0.00)
t= 35.0 DWA-F pos=(-0.17,-0.34) yaw= +18.8 d=1.48 goal_err=+19 carrot_err= +34 c0=2.50 clear=1.00 prog=0.91 rel=0.73 bal=-0.43 obs=573 hard=492 obsc=650 yr=  4  nz=0.17 flt=0.22 dmap=+0/-0 shz=4.0 plan=9 cmd=(lx=+0.00,ly=+0.40,rx=+0.00)
t= 35.1 DWA-F pos=(-0.15,-0.33) yaw= +19.1 d=1.45 goal_err=+19 carrot_err= +34 c0=2.50 clear=1.00 prog=0.92 rel=0.73 bal=-0.51 obs=574 hard=493 obsc=650 yr=  3  nz=0.17 flt=0.22 dmap=+1/-0 shz=4.0 plan=9 cmd=(lx=+0.00,ly=+0.40,rx=+0.00)
t= 35.2 DWA-F pos=(-0.12,-0.31) yaw= +19.3 d=1.42 goal_err=+19 carrot_err= +25 c0=2.50 clear=1.00 prog=0.92 rel=0.73 bal=-0.52 obs=572 hard=486 obsc=651 yr=  2  nz=0.17 flt=0.05 dmap=+8/-10 shz=4.0 plan=7 cmd=(lx=+0.00,ly=+0.40,rx=+0.00)
t= 35.3 DWA-F pos=(-0.09,-0.30) yaw= +19.3 d=1.39 goal_err=+20 carrot_err= +26 c0=2.50 clear=1.00 prog=0.91 rel=0.82 bal=-0.53 obs=572 hard=486 obsc=651 yr=  0  nz=0.17 flt=0.05 dmap=+0/-0 shz=4.0 plan=7 cmd=(lx=+0.00,ly=+0.40,rx=+0.00)
t= 35.4 DWA-F pos=(-0.03,-0.28) yaw= +19.1 d=1.33 goal_err=+21 carrot_err= +28 c0=2.50 clear=1.00 prog=0.96 rel=0.82 bal=-0.53 obs=571 hard=486 obsc=643 yr=  2  nz=0.17 flt=0.03 dmap=+4/-5 shz=4.0 plan=7 cmd=(lx=+0.00,ly=+0.40,rx=+0.00)
t= 35.5 DWA-F pos=(+0.00,-0.28) yaw= +18.8 d=1.30 goal_err=+22 carrot_err= +30 c0=2.50 clear=1.00 prog=0.94 rel=0.82 bal=-0.41 obs=571 hard=486 obsc=643 yr=  3  nz=0.18 flt=0.03 dmap=+0/-0 shz=4.0 plan=7 cmd=(lx=+0.00,ly=+0.40,rx=+0.00)
t= 35.6 DWA-F pos=(+0.04,-0.29) yaw= +18.4 d=1.28 goal_err=+23 carrot_err= +32 c0=2.50 clear=1.00 prog=0.93 rel=0.82 bal=-0.41 obs=570 hard=488 obsc=639 yr=  4  nz=0.18 flt=0.13 dmap=+4/-5 shz=4.0 plan=7 cmd=(lx=+0.00,ly=+0.40,rx=+0.00)
[VIS] perc_n=0 age=- free_c=- vismap=0/0 color=- carpet=- cnear=- crmin=- door=- dets=[-]
t= 35.7 DWA-F pos=(+0.07,-0.29) yaw= +18.0 d=1.26 goal_err=+25 carrot_err= +34 c0=2.50 clear=1.00 prog=0.92 rel=0.83 bal=-0.41 obs=570 hard=488 obsc=639 yr=  4  nz=0.17 flt=0.13 dmap=+0/-0 shz=4.0 plan=7 cmd=(lx=+0.00,ly=+0.40,rx=+0.00)
t= 35.8 DWA-F pos=(+0.10,-0.28) yaw= +17.7 d=1.23 goal_err=+26 carrot_err= +36 c0=2.50 clear=1.00 prog=0.91 rel=0.83 bal=-0.41 obs=570 hard=488 obsc=639 yr=  3  nz=0.17 flt=0.13 dmap=+0/-0 shz=4.0 plan=7 cmd=(lx=+0.00,ly=+0.40,rx=+0.00)
t= 35.9 DWA-F pos=(+0.13,-0.28) yaw= +17.6 d=1.21 goal_err=+27 carrot_err= +38 c0=2.50 clear=1.00 prog=0.91 rel=0.83 bal=-0.41 obs=564 hard=496 obsc=643 yr=  1  nz=0.17 flt=0.10 dmap=+7/-13 shz=4.0 plan=7 cmd=(lx=+0.00,ly=+0.40,rx=-0.45)
t= 36.0 DWA-F pos=(+0.17,-0.27) yaw= +19.6 d=1.18 goal_err=+26 carrot_err= +38 c0=2.50 clear=1.00 prog=0.92 rel=0.88 bal=-0.41 obs=564 hard=496 obsc=643 yr= 19G nz=0.12 flt=0.10 dmap=+0/-0 shz=4.0 plan=7 cmd=(lx=+0.00,ly=+0.40,rx=-0.45)
t= 36.1 DWA-F pos=(+0.19,-0.26) yaw= +23.8 d=1.15 goal_err=+22 carrot_err= +34 c0=2.50 clear=1.00 prog=0.94 rel=0.88 bal=-0.41 obs=564 hard=496 obsc=643 yr= 40G nz=0.12 flt=0.08 dmap=+0/-0 shz=4.0 plan=7 cmd=(lx=+0.00,ly=+0.40,rx=+0.00)
t= 36.2 DWA-F pos=(+0.22,-0.24) yaw= +26.1 d=1.12 goal_err=+20 carrot_err= +33 c0=2.50 clear=1.00 prog=0.95 rel=0.88 bal=-0.42 obs=564 hard=496 obsc=643 yr= 23  nz=0.11 flt=0.08 dmap=+0/-0 shz=4.0 plan=7 cmd=(lx=+0.00,ly=+0.40,rx=+0.00)
t= 36.3 DWA-F pos=(+0.24,-0.22) yaw= +26.5 d=1.09 goal_err=+20 carrot_err= +29 c0=2.50 clear=1.00 prog=0.97 rel=0.88 bal=-0.43 obs=564 hard=496 obsc=643 yr=  4  nz=0.11 flt=0.08 dmap=+0/-0 shz=4.0 plan=7 cmd=(lx=+0.00,ly=+0.40,rx=+0.00)
t= 36.4 DWA-F pos=(+0.26,-0.19) yaw= +26.9 d=1.06 goal_err=+19 carrot_err= +29 c0=2.50 clear=1.00 prog=0.97 rel=0.88 bal=-0.32 obs=550 hard=492 obsc=637 yr=  3  nz=0.11 flt=0.09 dmap=+6/-20 shz=4.0 plan=7 cmd=(lx=+0.00,ly=+0.40,rx=+0.00)
t= 36.5 DWA-F pos=(+0.28,-0.17) yaw= +27.1 d=1.02 goal_err=+19 carrot_err= +29 c0=2.50 clear=1.00 prog=0.98 rel=0.97 bal=-0.33 obs=550 hard=493 obsc=637 yr=  3  nz=0.02 flt=0.09 dmap=+0/-0 shz=4.0 plan=7 cmd=(lx=+0.00,ly=+0.40,rx=+0.00)
t= 36.6 DWA-F pos=(+0.31,-0.15) yaw= +27.3 d=0.99 goal_err=+19 carrot_err= +29 c0=2.50 clear=1.00 prog=0.99 rel=0.97 bal=-0.34 obs=553 hard=486 obsc=623 yr=  2  nz=0.02 flt=0.07 dmap=+6/-3 shz=4.0 plan=7 cmd=(lx=+0.00,ly=+0.40,rx=+0.00)
[VIS] perc_n=0 age=- free_c=- vismap=0/0 color=- carpet=- cnear=- crmin=- door=- dets=[-]
t= 36.7 DWA-F pos=(+0.34,-0.14) yaw= +27.4 d=0.96 goal_err=+20 carrot_err= +12 c0=2.50 clear=1.00 prog=0.98 rel=0.98 bal=-0.34 obs=553 hard=486 obsc=623 yr=  0  nz=0.02 flt=0.07 dmap=+0/-0 shz=4.0 plan=5 cmd=(lx=+0.00,ly=+0.40,rx=+0.00)
t= 36.8 DWA-F pos=(+0.37,-0.13) yaw= +27.2 d=0.94 goal_err=+21 carrot_err= +13 c0=2.50 clear=1.00 prog=0.97 rel=0.98 bal=-0.33 obs=553 hard=486 obsc=623 yr=  2  nz=0.02 flt=0.07 dmap=+0/-0 shz=4.0 plan=5 cmd=(lx=+0.00,ly=+0.40,rx=+0.00)
t= 36.9 DWA-F pos=(+0.39,-0.12) yaw= +26.9 d=0.91 goal_err=+22 carrot_err= +14 c0=2.50 clear=1.00 prog=0.96 rel=0.98 bal=-0.25 obs=553 hard=485 obsc=625 yr=  3  nz=0.02 flt=0.06 dmap=+3/-3 shz=4.0 plan=5 cmd=(lx=+0.00,ly=+0.40,rx=+0.00)
t= 37.0 DWA-F pos=(+0.43,-0.12) yaw= +26.6 d=0.89 goal_err=+24 carrot_err= +16 c0=2.50 clear=1.00 prog=0.94 rel=0.99 bal=-0.25 obs=553 hard=485 obsc=625 yr=  3  nz=0.01 flt=0.06 dmap=+0/-0 shz=4.0 plan=5 cmd=(lx=+0.00,ly=+0.40,rx=+0.00)
t= 37.1 DWA-F pos=(+0.46,-0.12) yaw= +26.3 d=0.87 goal_err=+26 carrot_err= +18 c0=2.50 clear=1.00 prog=0.92 rel=0.99 bal=-0.25 obs=559 hard=488 obsc=625 yr=  3  nz=0.01 flt=0.07 dmap=+6/-0 shz=4.0 plan=5 cmd=(lx=+0.00,ly=+0.40,rx=+0.00)
t= 37.2 DWA-F pos=(+0.49,-0.12) yaw= +25.9 d=0.85 goal_err=+28 carrot_err= +19 c0=2.50 clear=1.00 prog=0.91 rel=0.99 bal=-0.25 obs=559 hard=488 obsc=625 yr=  4  nz=0.01 flt=0.07 dmap=+0/-0 shz=4.0 plan=5 cmd=(lx=+0.00,ly=+0.40,rx=+0.00)
t= 37.3 DWA-F pos=(+0.51,-0.11) yaw= +25.7 d=0.83 goal_err=+29 carrot_err= +30 c0=2.50 clear=1.00 prog=0.85 rel=0.99 bal=-0.26 obs=556 hard=493 obsc=627 yr=  2  nz=0.01 flt=0.15 dmap=+2/-5 shz=4.0 plan=5 cmd=(lx=+0.00,ly=+0.40,rx=+0.00)
t= 37.4 DWA-F pos=(+0.54,-0.09) yaw= +25.7 d=0.80 goal_err=+30 carrot_err= +31 c0=2.50 clear=1.00 prog=0.85 rel=0.97 bal=-0.26 obs=556 hard=493 obsc=627 yr=  0  nz=0.02 flt=0.15 dmap=+0/-0 shz=4.0 plan=5 cmd=(lx=+0.00,ly=+0.40,rx=+0.00)
t= 37.5 DWA-F pos=(+0.56,-0.07) yaw= +25.9 d=0.77 goal_err=+30 carrot_err= +31 c0=2.50 clear=1.00 prog=0.86 rel=0.97 bal=-0.28 obs=556 hard=493 obsc=627 yr=  2  nz=0.02 flt=0.15 dmap=+0/-0 shz=4.0 plan=5 cmd=(lx=+0.00,ly=+0.40,rx=+0.00)
t= 37.6 DWA-F pos=(+0.59,-0.05) yaw= +26.2 d=0.74 goal_err=+31 carrot_err= +31 c0=2.50 clear=1.00 prog=0.87 rel=0.97 bal=-0.29 obs=555 hard=495 obsc=628 yr=  3  nz=0.02 flt=0.06 dmap=+3/-4 shz=4.0 plan=5 cmd=(lx=+0.00,ly=+0.40,rx=+0.00)
[VIS] perc_n=0 age=- free_c=- vismap=0/0 color=- carpet=- cnear=- crmin=- door=- dets=[-]
t= 37.8 DWA-F pos=(+0.61,-0.03) yaw= +26.5 d=0.71 goal_err=+31 carrot_err= +32 c0=2.50 clear=1.00 prog=0.89 rel=0.98 bal=-0.30 obs=555 hard=495 obsc=628 yr=  3  nz=0.02 flt=0.06 dmap=+0/-0 shz=4.0 plan=5 cmd=(lx=+0.00,ly=+0.40,rx=+0.00)
t= 37.9 DWA-F pos=(+0.63,-0.00) yaw= +26.8 d=0.68 goal_err=+31 carrot_err= +32 c0=2.50 clear=1.00 prog=0.90 rel=0.98 bal=-0.31 obs=551 hard=496 obsc=625 yr=  3  nz=0.02 flt=0.12 dmap=+6/-10 shz=4.0 plan=5 cmd=(lx=+0.00,ly=+0.40,rx=+0.00)
t= 38.0 DWA-F pos=(+0.65,+0.01) yaw= +27.1 d=0.65 goal_err=+32 carrot_err= +32 c0=2.50 clear=1.00 prog=0.90 rel=0.97 bal=-0.32 obs=551 hard=496 obsc=625 yr=  3  nz=0.02 flt=0.12 dmap=+0/-0 shz=4.0 plan=5 cmd=(lx=+0.00,ly=+0.40,rx=+0.00)
t= 38.1 DWA-F pos=(+0.68,+0.03) yaw= +27.3 d=0.62 goal_err=+33 carrot_err= +33 c0=2.50 clear=1.00 prog=0.90 rel=0.97 bal=-0.33 obs=551 hard=496 obsc=625 yr=  2  nz=0.02 flt=0.12 dmap=+0/-0 shz=4.0 plan=5 cmd=(lx=+0.00,ly=+0.40,rx=+0.00)
t= 38.2 DWA-F pos=(+0.71,+0.04) yaw= +27.3 d=0.60 goal_err=+34 carrot_err= +35 c0=2.50 clear=1.00 prog=0.88 rel=0.97 bal=-0.46 obs=546 hard=489 obsc=628 yr=  0  nz=0.02 flt=0.08 dmap=+5/-10 shz=4.0 plan=5 cmd=(lx=+0.00,ly=+0.40,rx=+0.00)
t= 38.3 DWA-F pos=(+0.73,+0.05) yaw= +27.1 d=0.58 goal_err=+36 carrot_err= +37 c0=2.50 clear=1.00 prog=0.86 rel=0.97 bal=-0.33 obs=546 hard=489 obsc=628 yr=  2  nz=0.02 flt=0.08 dmap=+0/-0 shz=4.0 plan=4 cmd=(lx=+0.00,ly=+0.40,rx=-0.45)
t= 38.4 DWA-F pos=(+0.76,+0.05) yaw= +26.8 d=0.57 goal_err=+40 carrot_err= +40 c0=2.50 clear=1.00 prog=0.83 rel=0.97 bal=-0.32 obs=546 hard=489 obsc=628 yr=  3G nz=0.02 flt=0.07 dmap=+0/-0 shz=4.0 plan=4 cmd=(lx=+0.00,ly=+0.40,rx=-0.45)
t= 38.5 DWA-F pos=(+0.80,+0.05) yaw= +28.4 d=0.55 goal_err=+41 carrot_err= +41 c0=2.50 clear=1.00 prog=0.80 rel=0.98 bal=-0.32 obs=546 hard=489 obsc=628 yr= 15G nz=0.02 flt=0.07 dmap=+0/-0 shz=4.0 plan=4 cmd=(lx=+0.00,ly=+0.40,rx=-0.45)
t= 38.6 DWA-F pos=(+0.83,+0.06) yaw= +31.9 d=0.54 goal_err=+40 carrot_err= +40 c0=2.49 clear=1.00 prog=0.77 rel=0.98 bal=-0.31 obs=546 hard=489 obsc=628 yr= 35G nz=0.02 flt=0.07 dmap=+0/-0 shz=4.0 plan=4 cmd=(lx=+0.00,ly=+0.40,rx=-0.45)
t= 38.7 DWA-F pos=(+0.86,+0.07) yaw= +35.7 d=0.52 goal_err=+40 carrot_err= +40 c0=2.45 clear=1.00 prog=0.76 rel=0.98 bal=-0.31 obs=546 hard=489 obsc=628 yr= 36G nz=0.02 flt=0.07 dmap=+0/-0 shz=4.0 plan=4 cmd=(lx=+0.00,ly=+0.40,rx=-0.45)
[VIS] perc_n=0 age=- free_c=- vismap=0/0 color=- carpet=- cnear=- crmin=- door=- dets=[-]
t= 38.8 DWA-F pos=(+0.91,+0.11) yaw= +43.5 d=0.47 goal_err=+37 carrot_err= +36 c0=2.41 clear=1.00 prog=0.79 rel=0.95 bal=-0.43 obs=546 hard=489 obsc=628 yr= 76G nz=0.04 flt=0.07 dmap=+0/-0 shz=4.0 plan=4 cmd=(lx=+0.00,ly=+0.28,rx=-0.45)
t= 38.9 DWA-F pos=(+0.93,+0.12) yaw= +47.6 d=0.45 goal_err=+34 carrot_err= +34 c0=2.38 clear=1.00 prog=0.79 rel=0.95 bal=-0.43 obs=549 hard=492 obsc=631 yr= 40G nz=0.04 flt=0.21 dmap=+3/-0 shz=4.0 plan=4 cmd=(lx=+0.00,ly=+0.40,rx=+0.00)
t= 39.0 DWA-F pos=(+0.94,+0.14) yaw= +49.9 d=0.43 goal_err=+33 carrot_err= +32 c0=2.36 clear=1.00 prog=0.79 rel=0.88 bal=-0.44 obs=549 hard=492 obsc=631 yr= 22  nz=0.07 flt=0.21 dmap=+0/-0 shz=4.0 plan=4 cmd=(lx=+0.00,ly=+0.40,rx=+0.00)
t= 39.1 DWA-F pos=(+0.95,+0.17) yaw= +50.1 d=0.40 goal_err=+34 carrot_err= +33 c0=2.34 clear=1.00 prog=0.81 rel=0.88 bal=-0.44 obs=557 hard=486 obsc=625 yr=  3  nz=0.07 flt=0.08 dmap=+12/-4 shz=4.0 plan=4 cmd=(lx=+0.00,ly=+0.28,rx=-0.45)
t= 39.2 DWA-T pos=(+0.96,+0.20) yaw= +52.5 d=0.37 goal_err=+32 carrot_err= +31 c0=2.32 clear=1.00 prog=0.81 rel=0.89 bal=-0.45 obs=557 hard=486 obsc=625 yr= 23G nz=0.10 flt=0.08 dmap=+0/-0 shz=4.0 plan=4 cmd=(lx=+0.00,ly=+0.00,rx=+0.00)
t= 39.3 DWA-T pos=(+0.95,+0.21) yaw= +54.9 d=0.36 goal_err=+29 carrot_err= +28 c0=2.31 clear=1.00 prog=0.79 rel=0.89 bal=-0.46 obs=557 hard=486 obsc=625 yr= 23  nz=0.10 flt=0.08 dmap=+0/-0 shz=4.0 plan=4 cmd=(lx=+0.00,ly=+0.00,rx=+0.00)
t= 39.4 DWA-T pos=(+0.95,+0.21) yaw= +55.2 d=0.36 goal_err=+28 carrot_err= +27 c0=2.43 clear=1.00 prog=0.76 rel=0.89 bal=-0.47 obs=552 hard=488 obsc=624 yr=  3  nz=0.10 flt=0.08 dmap=+1/-6 shz=4.0 plan=4 cmd=(lx=+0.00,ly=+0.00,rx=+0.00)
t= 39.5 DWA-T pos=(+0.94,+0.22) yaw= +55.3 d=0.36 goal_err=+27 carrot_err= +27 c0=2.43 clear=1.00 prog=0.71 rel=0.89 bal=-0.47 obs=552 hard=488 obsc=624 yr=  1  nz=0.10 flt=0.08 dmap=+0/-0 shz=4.0 plan=4 cmd=(lx=+0.00,ly=+0.00,rx=+0.00)
t= 39.6 DWA-T pos=(+0.95,+0.22) yaw= +55.2 d=0.36 goal_err=+28 carrot_err= +27 c0=2.35 clear=1.00 prog=0.65 rel=0.89 bal=-0.47 obs=558 hard=487 obsc=620 yr=  1  nz=0.10 flt=0.07 dmap=+7/-1 shz=4.0 plan=4 cmd=(lx=+0.00,ly=+0.00,rx=+0.00)
t= 39.7 DWA-T pos=(+0.95,+0.21) yaw= +55.0 d=0.36 goal_err=+29 carrot_err= +28 c0=2.35 clear=1.00 prog=0.60 rel=0.89 bal=-0.46 obs=558 hard=487 obsc=620 yr=  2  nz=0.11 flt=0.07 dmap=+0/-0 shz=4.0 plan=4 cmd=(lx=+0.00,ly=+0.00,rx=+0.00)
[VIS] perc_n=0 age=- free_c=- vismap=0/0 color=- carpet=- cnear=- crmin=- door=- dets=[-]
t= 39.8 DWA-T pos=(+0.96,+0.21) yaw= +54.7 d=0.37 goal_err=+30 carrot_err= +29 c0=2.35 clear=1.00 prog=0.53 rel=0.89 bal=-0.46 obs=558 hard=487 obsc=620 yr=  3  nz=0.11 flt=0.07 dmap=+0/-0 shz=4.0 plan=3 cmd=(lx=+0.00,ly=+0.00,rx=+0.00)
t= 39.9 DWA-T pos=(+0.97,+0.20) yaw= +54.3 d=0.37 goal_err=+32 carrot_err= +31 c0=2.19 clear=1.00 prog=0.47 rel=0.89 bal=-0.45 obs=557 hard=491 obsc=624 yr=  4  nz=0.11 flt=0.06 dmap=+2/-3 shz=4.0 plan=3 cmd=(lx=+0.00,ly=+0.00,rx=+0.00)
t= 40.0 DWA-T pos=(+0.97,+0.20) yaw= +54.4 d=0.37 goal_err=+32 carrot_err= +31 c0=2.19 clear=1.00 prog=0.43 rel=0.85 bal=-0.45 obs=557 hard=491 obsc=624 yr=  1  nz=0.15 flt=0.06 dmap=+0/-0 shz=4.0 plan=3 cmd=(lx=+0.00,ly=+0.00,rx=+0.00)
t= 40.1 DWA-T pos=(+0.97,+0.20) yaw= +54.4 d=0.37 goal_err=+32 carrot_err= +31 c0=2.19 clear=1.00 prog=0.39 rel=0.85 bal=-0.45 obs=561 hard=491 obsc=625 yr=  0  nz=0.15 flt=0.05 dmap=+5/-1 shz=4.0 plan=3 cmd=(lx=+0.00,ly=+0.00,rx=+0.00)
t= 40.2 DWA-T pos=(+0.97,+0.20) yaw= +54.4 d=0.37 goal_err=+32 carrot_err= +31 c0=2.19 clear=1.00 prog=0.36 rel=0.83 bal=-0.45 obs=561 hard=491 obsc=625 yr=  0  nz=0.17 flt=0.05 dmap=+0/-0 shz=4.0 plan=3 cmd=(lx=+0.00,ly=+0.00,rx=+0.00)
t= 40.3 DWA-T pos=(+0.97,+0.20) yaw= +54.4 d=0.37 goal_err=+32 carrot_err= +31 c0=2.19 clear=1.00 prog=0.34 rel=0.83 bal=-0.45 obs=561 hard=491 obsc=625 yr=  0  nz=0.17 flt=0.05 dmap=+0/-0 shz=4.0 plan=3 cmd=(lx=+0.00,ly=+0.00,rx=+0.00)
t= 40.4 DWA-T pos=(+0.97,+0.20) yaw= +54.4 d=0.37 goal_err=+32 carrot_err= +31 c0=2.19 clear=1.00 prog=0.31 rel=0.83 bal=-0.45 obs=562 hard=500 obsc=626 yr=  0  nz=0.17 flt=0.03 dmap=+4/-3 shz=4.0 plan=0 cmd=(lx=+0.00,ly=+0.00,rx=+0.00)
t= 40.5 BRK-BK pos=(+0.97,+0.20) yaw= +54.4 d=0.37 goal_err=+32 carrot_err= +31 c0=2.19 clear=1.00 prog=0.29 rel=0.84 bal=-0.45 obs=562 hard=500 obsc=626 yr=  0  nz=0.16 flt=0.03 dmap=+0/-0 shz=4.0 plan=0 cmd=(lx=+0.00,ly=-0.35,rx=+0.00)
t= 40.6 BRK-BK pos=(+0.97,+0.20) yaw= +54.4 d=0.37 goal_err=+32 carrot_err= +31 c0=2.19 clear=1.00 prog=0.26 rel=0.84 bal=-0.45 obs=564 hard=504 obsc=629 yr=  0  nz=0.16 flt=0.08 dmap=+5/-3 shz=4.0 plan=0 cmd=(lx=+0.00,ly=-0.35,rx=+0.00)
t= 40.7 BRK-BK pos=(+0.96,+0.17) yaw= +54.0 d=0.40 goal_err=+32 carrot_err= +31 c0=2.21 clear=1.00 prog=0.12 rel=0.82 bal=-0.44 obs=564 hard=504 obsc=629 yr=  5  nz=0.17 flt=0.08 dmap=+0/-0 shz=4.0 plan=0 cmd=(lx=+0.00,ly=-0.35,rx=+0.00)
[VIS] perc_n=0 age=- free_c=- vismap=0/0 color=- carpet=- cnear=- crmin=- door=- dets=[-]
t= 40.8 BRK-BK pos=(+0.95,+0.15) yaw= +53.7 d=0.42 goal_err=+31 carrot_err= +31 c0=2.23 clear=1.00 prog=0.05 rel=0.82 bal=-0.43 obs=566 hard=500 obsc=629 yr=  2  nz=0.17 flt=0.06 dmap=+4/-2 shz=4.0 plan=0 cmd=(lx=+0.00,ly=-0.35,rx=+0.00)
t= 40.9 BRK-TR pos=(+0.94,+0.12) yaw= +53.6 d=0.45 goal_err=+31 carrot_err= +30 c0=2.25 clear=1.00 prog=0.00 rel=0.84 bal=-0.42 obs=566 hard=500 obsc=629 yr=  1  nz=0.15 flt=0.06 dmap=+0/-0 shz=4.0 plan=0 cmd=(lx=+0.00,ly=+0.00,rx=+0.45)
  TURN-CAL rx=+0.45 esperado=-46deg/s medido=+0deg/s OK
t= 41.0 BRK-TR pos=(+0.93,+0.11) yaw= +53.6 d=0.47 goal_err=+29 carrot_err= +28 c0=2.27 clear=1.00 prog=0.00 rel=0.84 bal=-0.42 obs=566 hard=500 obsc=629 yr=  0G nz=0.15 flt=0.06 dmap=+0/-0 shz=4.0 plan=0 cmd=(lx=+0.00,ly=+0.00,rx=+0.45)
  TURN-CAL rx=+0.45 esperado=-46deg/s medido=-38deg/s OK
t= 41.1 BRK-TR pos=(+0.92,+0.11) yaw= +49.8 d=0.47 goal_err=+32 carrot_err= +32 c0=2.28 clear=1.00 prog=0.00 rel=0.84 bal=-0.42 obs=566 hard=501 obsc=629 yr= 38G nz=0.15 flt=0.33 dmap=+0/-0 shz=4.0 plan=0 cmd=(lx=+0.00,ly=+0.00,rx=+0.45)
  TURN-CAL rx=+0.45 esperado=-46deg/s medido=-36deg/s OK
t= 41.2 BRK-TR pos=(+0.92,+0.11) yaw= +46.1 d=0.46 goal_err=+35 carrot_err= +34 c0=2.28 clear=1.00 prog=0.00 rel=0.70 bal=-0.43 obs=566 hard=501 obsc=629 yr= 36G nz=0.17 flt=0.33 dmap=+0/-0 shz=4.0 plan=0 cmd=(lx=+0.00,ly=+0.00,rx=+0.45)
  TURN-CAL rx=+0.45 esperado=-46deg/s medido=-36deg/s OK
t= 41.3 BRK-TR pos=(+0.91,+0.12) yaw= +42.5 d=0.45 goal_err=+37 carrot_err= +37 c0=2.28 clear=1.00 prog=0.00 rel=0.70 bal=-0.50 obs=574 hard=509 obsc=637 yr= 36G nz=0.17 flt=0.29 dmap=+8/-0 shz=4.0 plan=0 cmd=(lx=+0.00,ly=+0.00,rx=+0.45)
  TURN-CAL rx=+0.45 esperado=-46deg/s medido=-36deg/s OK
t= 41.4 BRK-TR pos=(+0.90,+0.13) yaw= +38.8 d=0.45 goal_err=+40 carrot_err= +40 c0=2.28 clear=1.00 prog=0.00 rel=0.67 bal=-0.51 obs=574 hard=509 obsc=637 yr= 36G nz=0.19 flt=0.29 dmap=+0/-0 shz=4.0 plan=0 cmd=(lx=+0.00,ly=+0.00,rx=+0.45)
  TURN-CAL rx=+0.45 esperado=-46deg/s medido=-37deg/s OK
t= 41.5 BRK-TR pos=(+0.90,+0.14) yaw= +35.1 d=0.44 goal_err=+43 carrot_err= +43 c0=2.28 clear=1.00 prog=0.00 rel=0.67 bal=-0.52 obs=574 hard=509 obsc=637 yr= 37G nz=0.19 flt=0.29 dmap=+0/-0 shz=4.0 plan=0 cmd=(lx=+0.00,ly=+0.00,rx=+0.45)
  TURN-CAL rx=+0.45 esperado=-46deg/s medido=-39deg/s OK
t= 41.6 BRK-TR pos=(+0.90,+0.14) yaw= +31.2 d=0.44 goal_err=+47 carrot_err= +46 c0=2.28 clear=1.00 prog=0.00 rel=0.67 bal=-0.30 obs=574 hard=510 obsc=637 yr= 39G nz=0.19 flt=0.21 dmap=+0/-0 shz=4.0 plan=0 cmd=(lx=+0.00,ly=+0.00,rx=+0.45)
  TURN-CAL rx=+0.45 esperado=-46deg/s medido=-48deg/s OK
t= 41.7 BRK-TR pos=(+0.91,+0.12) yaw= +26.3 d=0.46 goal_err=+54 carrot_err= +53 c0=2.28 clear=1.00 prog=0.00 rel=0.68 bal=-0.14 obs=574 hard=510 obsc=637 yr= 48G nz=0.19 flt=0.21 dmap=+0/-0 shz=4.0 plan=0 cmd=(lx=+0.00,ly=+0.00,rx=+0.45)
[VIS] perc_n=0 age=- free_c=- vismap=0/0 color=- carpet=- cnear=- crmin=- door=- dets=[-]
  TURN-CAL rx=+0.45 esperado=-46deg/s medido=-40deg/s OK
t= 41.8 BRK-TR pos=(+0.91,+0.12) yaw= +22.3 d=0.46 goal_err=+58 carrot_err= +57 c0=2.28 clear=1.00 prog=0.00 rel=0.68 bal=-0.04 obs=574 hard=510 obsc=637 yr= 40G nz=0.19 flt=0.08 dmap=+0/-0 shz=4.0 plan=0 cmd=(lx=+0.00,ly=+0.00,rx=+0.45)
  TURN-CAL rx=+0.45 esperado=-46deg/s medido=-39deg/s OK
t= 42.0 BRK-TR pos=(+0.91,+0.12) yaw= +18.3 d=0.46 goal_err=+62 carrot_err= +61 c0=2.28 clear=1.00 prog=0.00 rel=0.81 bal=-0.04 obs=574 hard=510 obsc=637 yr= 39G nz=0.19 flt=0.08 dmap=+0/-0 shz=4.0 plan=0 cmd=(lx=+0.00,ly=+0.00,rx=+0.45)
  TURN-CAL rx=+0.45 esperado=-46deg/s medido=-40deg/s OK
t= 42.1 BRK-TR pos=(+0.91,+0.12) yaw= +14.3 d=0.46 goal_err=+66 carrot_err= +65 c0=2.28 clear=1.00 prog=0.00 rel=0.81 bal=-0.04 obs=574 hard=510 obsc=637 yr= 40G nz=0.19 flt=0.08 dmap=+0/-0 shz=4.0 plan=0 cmd=(lx=+0.00,ly=+0.00,rx=+0.45)
  TURN-CAL rx=+0.45 esperado=-46deg/s medido=-40deg/s OK
t= 42.2 BRK-TR pos=(+0.91,+0.12) yaw= +10.3 d=0.46 goal_err=+70 carrot_err= +69 c0=2.28 clear=1.00 prog=0.00 rel=0.81 bal=+0.09 obs=574 hard=510 obsc=637 yr= 40G nz=0.19 flt=0.03 dmap=+0/-0 shz=4.0 plan=0 cmd=(lx=+0.00,ly=+0.00,rx=+0.45)
  TURN-CAL rx=+0.45 esperado=-46deg/s medido=-39deg/s OK
t= 42.3 BRK-TR pos=(+0.91,+0.12) yaw=  +6.3 d=0.46 goal_err=+74 carrot_err= +73 c0=2.31 clear=1.00 prog=0.00 rel=0.84 bal=+0.22 obs=574 hard=510 obsc=637 yr= 39G nz=0.16 flt=0.03 dmap=+0/-0 shz=4.0 plan=0 cmd=(lx=+0.00,ly=+0.00,rx=+0.45)
  TURN-CAL rx=+0.45 esperado=-46deg/s medido=-40deg/s OK
t= 42.4 BRK-TR pos=(+0.91,+0.12) yaw=  +2.3 d=0.46 goal_err=+78 carrot_err= +77 c0=2.31 clear=1.00 prog=0.00 rel=0.84 bal=+0.22 obs=574 hard=510 obsc=637 yr= 40G nz=0.16 flt=0.07 dmap=+0/-0 shz=4.0 plan=0 cmd=(lx=+0.00,ly=+0.00,rx=+0.45)
  TURN-CAL rx=+0.45 esperado=-46deg/s medido=-39deg/s OK
t= 42.5 BRK-TR pos=(+0.91,+0.12) yaw=  -1.8 d=0.46 goal_err=+82 carrot_err= +81 c0=2.10 clear=1.00 prog=0.00 rel=0.85 bal=+0.23 obs=574 hard=510 obsc=637 yr= 39G nz=0.14 flt=0.07 dmap=+0/-0 shz=4.0 plan=0 cmd=(lx=+0.00,ly=+0.00,rx=+0.45)
  TURN-CAL rx=+0.45 esperado=-46deg/s medido=-40deg/s OK
t= 42.6 BRK-TR pos=(+0.91,+0.12) yaw=  -5.8 d=0.46 goal_err=+86 carrot_err= +85 c0=1.92 clear=1.00 prog=0.00 rel=0.85 bal=+0.23 obs=574 hard=510 obsc=637 yr= 40G nz=0.14 flt=0.07 dmap=+0/-0 shz=4.0 plan=0 cmd=(lx=+0.00,ly=+0.00,rx=+0.45)
  TURN-CAL rx=+0.45 esperado=-46deg/s medido=-40deg/s OK
t= 42.7 BRK-TR pos=(+0.91,+0.12) yaw=  -9.8 d=0.46 goal_err=+90 carrot_err= +89 c0=1.75 clear=1.00 prog=0.00 rel=0.85 bal=+0.23 obs=574 hard=510 obsc=637 yr= 40G nz=0.14 flt=0.11 dmap=+0/-0 shz=4.0 plan=0 cmd=(lx=+0.00,ly=+0.00,rx=+0.45)
  TURN-CAL rx=+0.45 esperado=-46deg/s medido=-39deg/s OK
t= 42.8 BRK-TR pos=(+0.91,+0.12) yaw= -13.8 d=0.46 goal_err=+94 carrot_err= +93 c0=1.58 clear=1.00 prog=0.00 rel=0.59 bal=+0.23 obs=574 hard=510 obsc=637 yr= 39G nz=0.41 flt=0.11 dmap=+0/-0 shz=4.0 plan=0 cmd=(lx=+0.00,ly=+0.00,rx=+0.45)
[VIS] perc_n=0 age=- free_c=- vismap=0/0 color=- carpet=- cnear=- crmin=- door=- dets=[-]
  TURN-CAL rx=+0.45 esperado=-46deg/s medido=-40deg/s OK
t= 42.9 BRK-TR pos=(+0.91,+0.12) yaw= -17.8 d=0.46 goal_err=+98 carrot_err= +97 c0=1.58 clear=1.00 prog=0.00 rel=0.59 bal=+0.23 obs=574 hard=510 obsc=637 yr= 40G nz=0.41 flt=0.06 dmap=+0/-0 shz=4.0 plan=0 cmd=(lx=+0.00,ly=+0.00,rx=+0.45)
  TURN-CAL rx=+0.45 esperado=-46deg/s medido=-39deg/s OK
t= 43.0 BRK-TR pos=(+0.91,+0.12) yaw= -21.8 d=0.46 goal_err=+102 carrot_err=+101 c0=1.56 clear=1.00 prog=0.02 rel=0.46 bal=+0.00 obs=574 hard=510 obsc=637 yr= 39G nz=0.54 flt=0.06 dmap=+0/-0 shz=4.0 plan=0 cmd=(lx=+0.00,ly=+0.00,rx=+0.45)
  TURN-CAL rx=+0.45 esperado=-46deg/s medido=-40deg/s OK
t= 43.1 BRK-TR pos=(+0.91,+0.12) yaw= -25.8 d=0.46 goal_err=+106 carrot_err=+105 c0=1.56 clear=1.00 prog=0.01 rel=0.46 bal=+0.00 obs=574 hard=510 obsc=637 yr= 40G nz=0.54 flt=0.06 dmap=+0/-0 shz=4.0 plan=0 cmd=(lx=+0.00,ly=+0.00,rx=+0.45)
  TURN-CAL rx=+0.45 esperado=-46deg/s medido=-40deg/s OK
t= 43.2 BRK-TR pos=(+0.91,+0.12) yaw= -29.8 d=0.46 goal_err=+110 carrot_err=+109 c0=1.15 clear=0.77 prog=0.01 rel=0.46 bal=+0.00 obs=574 hard=510 obsc=637 yr= 40G nz=0.54 flt=0.34 dmap=+0/-0 shz=4.0 plan=0 cmd=(lx=+0.00,ly=+0.00,rx=+0.45)
  TURN-CAL rx=+0.45 esperado=-46deg/s medido=-39deg/s OK
t= 43.3 BRK-TR pos=(+0.91,+0.12) yaw= -33.8 d=0.46 goal_err=+114 carrot_err=+113 c0=1.15 clear=0.77 prog=0.00 rel=0.19 bal=+0.00 obs=574 hard=510 obsc=637 yr= 39G nz=0.78 flt=0.34 dmap=+0/-0 shz=4.0 plan=0 cmd=(lx=+0.00,ly=+0.00,rx=+0.45)
  TURN-CAL rx=+0.45 esperado=-46deg/s medido=-40deg/s OK
t= 43.4 DWA-T pos=(+0.91,+0.12) yaw= -37.9 d=0.46 goal_err=+118 carrot_err=+117 c0=1.15 clear=0.77 prog=0.00 rel=0.19 bal=+0.00 obs=574 hard=510 obsc=637 yr= 40G nz=0.78 flt=0.20 dmap=+0/-0 shz=4.0 plan=3 cmd=(lx=+0.00,ly=+0.00,rx=-0.45)
  TURN-CAL rx=-0.45 esperado=+46deg/s medido=-38deg/s >>> SIGNO INVERTIDO <<<
t= 43.5 DWA-T pos=(+0.91,+0.12) yaw= -41.9 d=0.46 goal_err=+122 carrot_err=+121 c0=1.15 clear=0.77 prog=0.00 rel=0.14 bal=+0.00 obs=574 hard=510 obsc=637 yr= 38G nz=0.84 flt=0.20 dmap=+0/-0 shz=4.0 plan=3 cmd=(lx=+0.00,ly=+0.00,rx=-0.45)
  TURN-CAL rx=-0.45 esperado=+46deg/s medido=+0deg/s OK
t= 43.6 DWA-T pos=(+0.91,+0.12) yaw= -41.9 d=0.46 goal_err=+122 carrot_err=+121 c0=1.15 clear=0.77 prog=0.00 rel=0.14 bal=+0.00 obs=574 hard=510 obsc=637 yr=  0G nz=0.84 flt=0.20 dmap=+0/-0 shz=4.0 plan=3 cmd=(lx=+0.00,ly=+0.00,rx=-0.45)
  TURN-CAL rx=-0.45 esperado=+46deg/s medido=+39deg/s OK
t= 43.7 DWA-T pos=(+0.91,+0.12) yaw= -37.9 d=0.46 goal_err=+118 carrot_err=+117 c0=1.15 clear=0.77 prog=0.00 rel=0.14 bal=+0.00 obs=574 hard=510 obsc=637 yr= 39G nz=0.84 flt=0.21 dmap=+0/-0 shz=4.0 plan=3 cmd=(lx=+0.00,ly=+0.00,rx=-0.45)
  TURN-CAL rx=-0.45 esperado=+46deg/s medido=+39deg/s OK
t= 43.8 DWA-T pos=(+0.91,+0.12) yaw= -33.8 d=0.46 goal_err=+114 carrot_err=+113 c0=1.15 clear=0.77 prog=0.00 rel=0.20 bal=+0.00 obs=574 hard=510 obsc=637 yr= 39G nz=0.77 flt=0.21 dmap=+0/-0 shz=4.0 plan=3 cmd=(lx=+0.00,ly=+0.00,rx=-0.45)
[VIS] perc_n=0 age=- free_c=- vismap=0/0 color=- carpet=- cnear=- crmin=- door=- dets=[-]
  TURN-CAL rx=-0.45 esperado=+46deg/s medido=+78deg/s OK
t= 43.9 DWA-F pos=(+0.91,+0.12) yaw= -25.8 d=0.46 goal_err=+106 carrot_err=+105 c0=1.56 clear=1.00 prog=0.00 rel=0.20 bal=+0.00 obs=574 hard=510 obsc=637 yr= 78G nz=0.77 flt=0.19 dmap=+0/-0 shz=4.0 plan=3 cmd=(lx=+0.00,ly=+0.40,rx=-0.45)
t= 44.0 DWA-F pos=(+0.93,+0.13) yaw= -21.0 d=0.44 goal_err=+104 carrot_err=+103 c0=1.57 clear=1.00 prog=0.03 rel=0.48 bal=+0.00 obs=574 hard=510 obsc=637 yr= 47G nz=0.50 flt=0.19 dmap=+0/-0 shz=4.0 plan=3 cmd=(lx=+0.00,ly=+0.40,rx=-0.45)
t= 44.1 DWA-F pos=(+0.96,+0.12) yaw= -17.2 d=0.45 goal_err=+103 carrot_err=+102 c0=1.55 clear=1.00 prog=0.01 rel=0.48 bal=+0.25 obs=574 hard=510 obsc=637 yr= 37G nz=0.50 flt=0.06 dmap=+0/-0 shz=4.0 plan=3 cmd=(lx=+0.00,ly=+0.40,rx=-0.45)
t= 44.2 DWA-F pos=(+0.98,+0.10) yaw= -13.6 d=0.47 goal_err=+103 carrot_err=+102 c0=1.51 clear=1.00 prog=0.00 rel=0.51 bal=+0.27 obs=574 hard=510 obsc=637 yr= 36G nz=0.49 flt=0.06 dmap=+0/-0 shz=4.0 plan=3 cmd=(lx=+0.00,ly=+0.40,rx=-0.45)
t= 44.3 DWA-F pos=(+1.01,+0.08) yaw=  -9.9 d=0.49 goal_err=+102 carrot_err=+101 c0=1.64 clear=1.00 prog=0.00 rel=0.51 bal=+0.29 obs=574 hard=510 obsc=637 yr= 36G nz=0.49 flt=0.06 dmap=+0/-0 shz=4.0 plan=3 cmd=(lx=+0.00,ly=+0.40,rx=-0.45)
t= 44.4 DWA-F pos=(+1.04,+0.06) yaw=  -6.3 d=0.51 goal_err=+102 carrot_err=+101 c0=1.78 clear=1.00 prog=0.00 rel=0.51 bal=+0.32 obs=574 hard=510 obsc=637 yr= 35G nz=0.49 flt=0.09 dmap=+0/-0 shz=4.0 plan=3 cmd=(lx=+0.00,ly=+0.40,rx=-0.45)
t= 44.5 DWA-F pos=(+1.07,+0.05) yaw=  -2.6 d=0.53 goal_err=+101 carrot_err=+100 c0=1.93 clear=1.00 prog=0.00 rel=0.47 bal=+0.33 obs=574 hard=510 obsc=637 yr= 36G nz=0.52 flt=0.09 dmap=+0/-0 shz=4.0 plan=3 cmd=(lx=+0.00,ly=+0.40,rx=-0.45)
t= 44.6 DWA-F pos=(+1.10,+0.05) yaw=  +1.4 d=0.53 goal_err=+101 carrot_err= +99 c0=2.11 clear=1.00 prog=0.00 rel=0.47 bal=+0.34 obs=574 hard=510 obsc=637 yr= 39G nz=0.52 flt=0.12 dmap=+0/-0 shz=4.0 plan=3 cmd=(lx=+0.00,ly=+0.40,rx=-0.45)
t= 44.7 DWA-F pos=(+1.13,+0.05) yaw=  +5.5 d=0.54 goal_err=+100 carrot_err= +98 c0=2.08 clear=1.00 prog=0.00 rel=0.34 bal=+0.35 obs=574 hard=510 obsc=637 yr= 39G nz=0.66 flt=0.12 dmap=+0/-0 shz=4.0 plan=3 cmd=(lx=+0.00,ly=+0.40,rx=-0.45)
t= 44.8 DWA-F pos=(+1.17,+0.07) yaw=  +9.7 d=0.53 goal_err=+99 carrot_err= +98 c0=2.05 clear=1.00 prog=0.00 rel=0.34 bal=+0.35 obs=574 hard=510 obsc=637 yr= 41G nz=0.66 flt=0.12 dmap=+0/-0 shz=4.0 plan=3 cmd=(lx=+0.00,ly=+0.40,rx=-0.45)
[VIS] perc_n=0 age=- free_c=- vismap=0/0 color=- carpet=- cnear=- crmin=- door=- dets=[-]
t= 44.9 DWA-F pos=(+1.19,+0.08) yaw= +14.1 d=0.53 goal_err=+98 carrot_err= +96 c0=2.03 clear=1.00 prog=0.00 rel=0.34 bal=+0.35 obs=574 hard=510 obsc=637 yr= 43G nz=0.66 flt=0.11 dmap=+0/-0 shz=4.0 plan=4 cmd=(lx=+0.00,ly=+0.40,rx=-0.45)
t= 45.0 DWA-F pos=(+1.22,+0.10) yaw= +18.6 d=0.52 goal_err=+97 carrot_err= +95 c0=2.05 clear=1.00 prog=0.00 rel=0.39 bal=+0.11 obs=574 hard=510 obsc=637 yr= 42G nz=0.60 flt=0.11 dmap=+0/-0 shz=4.0 plan=4 cmd=(lx=+0.00,ly=+0.40,rx=-0.45)
t= 45.1 DWA-F pos=(+1.24,+0.12) yaw= +23.0 d=0.52 goal_err=+96 carrot_err= +94 c0=2.02 clear=1.00 prog=0.00 rel=0.39 bal=+0.12 obs=574 hard=510 obsc=637 yr= 43G nz=0.60 flt=0.33 dmap=+0/-0 shz=4.0 plan=4 cmd=(lx=+0.00,ly=+0.40,rx=-0.45)
t= 45.2 DWA-F pos=(+1.26,+0.13) yaw= +27.2 d=0.51 goal_err=+95 carrot_err= +92 c0=1.99 clear=1.00 prog=0.00 rel=0.32 bal=+0.02 obs=574 hard=510 obsc=637 yr= 41G nz=0.62 flt=0.33 dmap=+0/-0 shz=4.0 plan=4 cmd=(lx=+0.00,ly=+0.40,rx=-0.45)
t= 45.3 DWA-F pos=(+1.29,+0.15) yaw= +31.3 d=0.52 goal_err=+94 carrot_err= +91 c0=1.96 clear=1.00 prog=0.00 rel=0.32 bal=+0.08 obs=578 hard=514 obsc=641 yr= 40G nz=0.62 flt=0.23 dmap=+4/-0 shz=4.0 plan=4 cmd=(lx=+0.00,ly=+0.40,rx=-0.45)
t= 45.4 DWA-F pos=(+1.31,+0.16) yaw= +35.2 d=0.52 goal_err=+93 carrot_err= +90 c0=1.94 clear=1.00 prog=0.00 rel=0.46 bal=+0.09 obs=578 hard=514 obsc=641 yr= 38G nz=0.47 flt=0.23 dmap=+0/-0 shz=4.0 plan=4 cmd=(lx=+0.00,ly=+0.40,rx=-0.45)
t= 45.5 DWA-F pos=(+1.34,+0.17) yaw= +39.0 d=0.53 goal_err=+92 carrot_err= +89 c0=1.91 clear=1.00 prog=0.00 rel=0.46 bal=+0.09 obs=578 hard=514 obsc=641 yr= 37G nz=0.47 flt=0.23 dmap=+0/-0 shz=4.0 plan=4 cmd=(lx=+0.00,ly=+0.40,rx=-0.45)
t= 45.6 DWA-F pos=(+1.37,+0.19) yaw= +42.7 d=0.54 goal_err=+92 carrot_err= +89 c0=1.88 clear=1.00 prog=0.00 rel=0.46 bal=-0.08 obs=582 hard=518 obsc=645 yr= 36G nz=0.47 flt=0.18 dmap=+4/-0 shz=4.0 plan=4 cmd=(lx=+0.00,ly=+0.40,rx=-0.45)
t= 45.7 DWA-F pos=(+1.40,+0.20) yaw= +46.4 d=0.56 goal_err=+91 carrot_err= +88 c0=1.84 clear=1.00 prog=0.00 rel=0.60 bal=-0.06 obs=582 hard=518 obsc=645 yr= 36G nz=0.31 flt=0.18 dmap=+0/-0 shz=4.0 plan=4 cmd=(lx=+0.00,ly=+0.40,rx=-0.45)
t= 45.9 DWA-F pos=(+1.43,+0.21) yaw= +50.0 d=0.57 goal_err=+91 carrot_err= +88 c0=1.81 clear=1.00 prog=0.00 rel=0.60 bal=-0.40 obs=582 hard=518 obsc=645 yr= 35G nz=0.31 flt=0.11 dmap=+0/-0 shz=4.0 plan=4 cmd=(lx=+0.00,ly=+0.40,rx=-0.45)
[VIS] perc_n=0 age=- free_c=- vismap=0/0 color=- carpet=- cnear=- crmin=- door=- dets=[-]
t= 46.0 DWA-F pos=(+1.45,+0.23) yaw= +53.7 d=0.58 goal_err=+90 carrot_err= +87 c0=1.78 clear=1.00 prog=0.00 rel=0.67 bal=-0.40 obs=582 hard=518 obsc=645 yr= 36G nz=0.32 flt=0.11 dmap=+0/-0 shz=4.0 plan=4 cmd=(lx=+0.00,ly=+0.40,rx=-0.45)
t= 46.1 DWA-F pos=(+1.48,+0.26) yaw= +57.6 d=0.58 goal_err=+89 carrot_err= +86 c0=1.75 clear=1.00 prog=0.00 rel=0.67 bal=-0.41 obs=582 hard=518 obsc=645 yr= 38G nz=0.32 flt=0.11 dmap=+0/-0 shz=4.0 plan=4 cmd=(lx=+0.00,ly=+0.40,rx=-0.45)
t= 46.2 DWA-F pos=(+1.49,+0.28) yaw= +61.7 d=0.57 goal_err=+88 carrot_err= +85 c0=1.73 clear=1.00 prog=0.00 rel=0.67 bal=-0.42 obs=582 hard=518 obsc=645 yr= 39G nz=0.32 flt=0.09 dmap=+0/-0 shz=4.0 plan=4 cmd=(lx=+0.00,ly=+0.40,rx=-0.45)
t= 46.3 DWA-F pos=(+1.50,+0.31) yaw= +65.9 d=0.57 goal_err=+87 carrot_err= +84 c0=1.98 clear=1.00 prog=0.00 rel=0.67 bal=-0.44 obs=583 hard=519 obsc=646 yr= 41G nz=0.31 flt=0.09 dmap=+1/-0 shz=4.0 plan=4 cmd=(lx=+0.00,ly=+0.40,rx=-0.45)
t= 46.4 DWA-F pos=(+1.50,+0.34) yaw= +70.4 d=0.56 goal_err=+86 carrot_err= +82 c0=1.95 clear=1.00 prog=0.00 rel=0.67 bal=-0.45 obs=583 hard=519 obsc=646 yr= 43G nz=0.31 flt=0.04 dmap=+0/-0 shz=4.0 plan=4 cmd=(lx=+0.00,ly=+0.40,rx=-0.45)
t= 46.5 DWA-F pos=(+1.50,+0.37) yaw= +74.8 d=0.55 goal_err=+84 carrot_err= +81 c0=1.96 clear=1.00 prog=0.00 rel=0.68 bal=-0.47 obs=583 hard=519 obsc=646 yr= 42G nz=0.31 flt=0.04 dmap=+0/-0 shz=4.0 plan=3 cmd=(lx=+0.00,ly=+0.40,rx=-0.45)
t= 46.6 DWA-F pos=(+1.50,+0.40) yaw= +79.1 d=0.53 goal_err=+82 carrot_err= +79 c0=1.93 clear=1.00 prog=0.00 rel=0.68 bal=-0.48 obs=583 hard=519 obsc=646 yr= 42G nz=0.31 flt=0.04 dmap=+0/-0 shz=4.0 plan=3 cmd=(lx=+0.00,ly=+0.40,rx=-0.45)
t= 46.7 DWA-F pos=(+1.50,+0.43) yaw= +83.4 d=0.53 goal_err=+82 carrot_err= +78 c0=1.90 clear=1.00 prog=0.02 rel=0.68 bal=-0.50 obs=583 hard=519 obsc=646 yr= 42G nz=0.31 flt=0.11 dmap=+0/-0 shz=4.0 plan=3 cmd=(lx=+0.00,ly=+0.28,rx=-0.45)
t= 46.8 DWA-F pos=(+1.50,+0.46) yaw= +87.5 d=0.52 goal_err=+80 carrot_err= +77 c0=1.43 clear=0.96 prog=0.01 rel=0.71 bal=-0.51 obs=583 hard=519 obsc=646 yr= 39G nz=0.28 flt=0.11 dmap=+0/-0 shz=4.0 plan=3 cmd=(lx=+0.00,ly=+0.28,rx=-0.45)
t= 46.9 DWA-F pos=(+1.51,+0.48) yaw= +91.4 d=0.52 goal_err=+78 carrot_err= +75 c0=1.23 clear=0.82 prog=0.01 rel=0.71 bal=-0.51 obs=583 hard=520 obsc=646 yr= 38G nz=0.28 flt=0.09 dmap=+0/-0 shz=4.0 plan=3 cmd=(lx=+0.00,ly=+0.40,rx=-0.45)
[VIS] perc_n=0 age=- free_c=- vismap=0/0 color=- carpet=- cnear=- crmin=- door=- dets=[-]
t= 47.0 DWA-F pos=(+1.51,+0.49) yaw= +95.2 d=0.53 goal_err=+77 carrot_err= +73 c0=1.04 clear=0.69 prog=0.00 rel=0.50 bal=-0.52 obs=583 hard=520 obsc=646 yr= 37G nz=0.49 flt=0.09 dmap=+0/-0 shz=4.0 plan=3 cmd=(lx=+0.00,ly=+0.40,rx=-0.45)
t= 47.1 DWA-F pos=(+1.52,+0.52) yaw= +98.8 d=0.53 goal_err=+76 carrot_err= +72 c0=1.02 clear=0.68 prog=0.00 rel=0.50 bal=-0.53 obs=583 hard=520 obsc=646 yr= 35G nz=0.49 flt=0.15 dmap=+0/-0 shz=4.0 plan=3 cmd=(lx=+0.00,ly=+0.40,rx=-0.45)
t= 47.2 DWA-F pos=(+1.52,+0.59) yaw=+106.4 d=0.53 goal_err=+76 carrot_err= +72 c0=0.96 clear=0.64 prog=0.00 rel=0.36 bal=-0.56 obs=583 hard=521 obsc=646 yr= 73G nz=0.63 flt=0.15 dmap=+0/-0 shz=4.0 plan=3 cmd=(lx=+0.00,ly=+0.40,rx=-0.45)
META-SM: NORMAL -> BLIND (trust=1.00 contra=0 iface=1.00 near=0.96) t=47s
t= 47.3 DWA-F pos=(+1.52,+0.62) yaw=+110.0 d=0.53 goal_err=+75 carrot_err= +72 c0=0.94 clear=0.63 prog=0.00 rel=0.36 bal=-0.37 obs=583 hard=521 obsc=646 yr= 35G nz=0.63 flt=0.15 dmap=+0/-0 shz=4.0 plan=3 cmd=(lx=+0.00,ly=+0.40,rx=-0.45)
t= 47.4 DWA-F pos=(+1.52,+0.63) yaw=+113.8 d=0.54 goal_err=+73 carrot_err= +70 c0=0.93 clear=0.62 prog=0.00 rel=0.36 bal=-0.37 obs=583 hard=521 obsc=646 yr= 37G nz=0.63 flt=0.18 dmap=+0/-0 shz=4.0 plan=3 cmd=(lx=+0.00,ly=+0.40,rx=-0.45)
t= 47.5 DWA-F pos=(+1.51,+0.65) yaw=+117.7 d=0.53 goal_err=+71 carrot_err= +68 c0=0.90 clear=0.60 prog=0.00 rel=0.32 bal=-0.38 obs=583 hard=521 obsc=646 yr= 38G nz=0.65 flt=0.18 dmap=+0/-0 shz=4.0 plan=3 cmd=(lx=+0.00,ly=+0.40,rx=-0.45)
t= 47.6 DWA-F pos=(+1.50,+0.67) yaw=+121.9 d=0.52 goal_err=+69 carrot_err= +66 c0=0.60 clear=0.40 prog=0.03 rel=0.32 bal=-0.39 obs=583 hard=521 obsc=646 yr= 40G nz=0.65 flt=0.07 dmap=+0/-0 shz=4.0 plan=3 cmd=(lx=+0.00,ly=+0.40,rx=-0.45)
t= 47.7 DWA-F pos=(+1.49,+0.68) yaw=+126.2 d=0.51 goal_err=+67 carrot_err= +64 c0=0.58 clear=0.39 prog=0.08 rel=0.24 bal=-0.40 obs=583 hard=521 obsc=646 yr= 41G nz=0.76 flt=0.07 dmap=+0/-0 shz=4.0 plan=3 cmd=(lx=+0.00,ly=+0.40,rx=-0.45)
t= 47.8 DWA-F pos=(+1.46,+0.69) yaw=+130.5 d=0.49 goal_err=+63 carrot_err= +60 c0=0.56 clear=0.37 prog=0.13 rel=0.24 bal=-0.42 obs=583 hard=521 obsc=646 yr= 42G nz=0.76 flt=0.07 dmap=+0/-0 shz=4.0 plan=3 cmd=(lx=+0.00,ly=+0.28,rx=-0.45)
t= 47.9 DWA-F pos=(+1.44,+0.69) yaw=+134.9 d=0.47 goal_err=+60 carrot_err= +57 c0=0.54 clear=0.36 prog=0.18 rel=0.24 bal=-0.43 obs=584 hard=522 obsc=647 yr= 42G nz=0.76 flt=0.32 dmap=+1/-0 shz=4.0 plan=3 cmd=(lx=+0.00,ly=+0.28,rx=-0.45)
[VIS] perc_n=0 age=- free_c=- vismap=0/0 color=- carpet=- cnear=- crmin=- door=- dets=[-]
t= 48.0 DWA-F pos=(+1.43,+0.70) yaw=+139.2 d=0.45 goal_err=+57 carrot_err= +54 c0=0.52 clear=0.35 prog=0.21 rel=0.16 bal=-0.31 obs=584 hard=522 obsc=647 yr= 41G nz=0.80 flt=0.32 dmap=+0/-0 shz=4.0 plan=3 cmd=(lx=+0.00,ly=+0.28,rx=-0.45)
t= 48.1 DWA-F pos=(+1.41,+0.71) yaw=+143.4 d=0.44 goal_err=+55 carrot_err= +51 c0=0.50 clear=0.34 prog=0.23 rel=0.16 bal=-0.32 obs=584 hard=522 obsc=647 yr= 41G nz=0.80 flt=0.25 dmap=+0/-0 shz=4.0 plan=3 cmd=(lx=+0.00,ly=+0.28,rx=-0.45)
t= 48.2 DWA-F pos=(+1.39,+0.72) yaw=+147.5 d=0.43 goal_err=+52 carrot_err= +49 c0=0.48 clear=0.32 prog=0.23 rel=0.16 bal=-0.10 obs=584 hard=522 obsc=647 yr= 39G nz=0.81 flt=0.25 dmap=+0/-0 shz=4.0 plan=3 cmd=(lx=+0.00,ly=+0.28,rx=-0.45)
t= 48.3 DWA-F pos=(+1.38,+0.73) yaw=+151.3 d=0.42 goal_err=+51 carrot_err= +47 c0=0.47 clear=0.31 prog=0.23 rel=0.16 bal=+0.03 obs=584 hard=522 obsc=647 yr= 37G nz=0.81 flt=0.25 dmap=+0/-0 shz=4.0 plan=3 cmd=(lx=+0.00,ly=+0.28,rx=-0.45)
t= 48.4 DWA-F pos=(+1.37,+0.74) yaw=+155.1 d=0.42 goal_err=+50 carrot_err= +46 c0=0.45 clear=0.30 prog=0.22 rel=0.16 bal=+0.31 obs=585 hard=523 obsc=648 yr= 36G nz=0.81 flt=0.21 dmap=+1/-0 shz=4.0 plan=3 cmd=(lx=+0.00,ly=+0.28,rx=-0.45)
t= 48.5 DWA-F pos=(+1.36,+0.76) yaw=+158.7 d=0.42 goal_err=+49 carrot_err= +46 c0=0.43 clear=0.29 prog=0.20 rel=0.44 bal=+0.32 obs=585 hard=523 obsc=648 yr= 35G nz=0.46 flt=0.21 dmap=+0/-0 shz=4.0 plan=3 cmd=(lx=+0.00,ly=+0.28,rx=-0.45)
t= 48.6 DWA-F pos=(+1.35,+0.78) yaw=+162.3 d=0.42 goal_err=+47 carrot_err= +44 c0=0.42 clear=0.28 prog=0.19 rel=0.44 bal=+0.33 obs=585 hard=523 obsc=648 yr= 35G nz=0.46 flt=0.10 dmap=+0/-0 shz=4.0 plan=3 cmd=(lx=+0.00,ly=+0.28,rx=-0.45)
t= 48.7 DWA-F pos=(+1.34,+0.79) yaw=+166.0 d=0.41 goal_err=+46 carrot_err= +43 c0=0.40 clear=0.27 prog=0.18 rel=0.61 bal=+0.53 obs=585 hard=523 obsc=648 yr= 36G nz=0.39 flt=0.10 dmap=+0/-0 shz=4.0 plan=3 cmd=(lx=+0.00,ly=+0.28,rx=-0.45)
t= 48.8 DWA-F pos=(+1.33,+0.80) yaw=+169.9 d=0.41 goal_err=+44 carrot_err= +41 c0=0.39 clear=0.26 prog=0.20 rel=0.61 bal=+0.54 obs=585 hard=523 obsc=648 yr= 38G nz=0.39 flt=0.07 dmap=+0/-0 shz=4.0 plan=3 cmd=(lx=+0.00,ly=+0.28,rx=-0.45)
t= 48.9 DWA-F pos=(+1.32,+0.80) yaw=+173.8 d=0.40 goal_err=+41 carrot_err= +38 c0=0.55 clear=0.37 prog=0.22 rel=0.60 bal=+0.55 obs=585 hard=523 obsc=648 yr= 38G nz=0.39 flt=0.07 dmap=+0/-0 shz=4.0 plan=3 cmd=(lx=+0.00,ly=+0.28,rx=-0.45)
[VIS] perc_n=0 age=- free_c=- vismap=0/0 color=- carpet=- cnear=- crmin=- door=- dets=[-]
t= 49.1 DWA-F pos=(+1.30,+0.79) yaw=+178.0 d=0.38 goal_err=+38 carrot_err= +35 c0=0.54 clear=0.36 prog=0.25 rel=0.60 bal=+0.57 obs=585 hard=523 obsc=648 yr= 41G nz=0.39 flt=0.07 dmap=+0/-0 shz=4.0 plan=3 cmd=(lx=+0.00,ly=+0.28,rx=-0.45)
t= 49.2 DWA-T pos=(+1.28,+0.79) yaw=-177.7 d=0.36 goal_err=+34 carrot_err= +31 c0=0.68 clear=0.46 prog=0.28 rel=0.60 bal=+0.76 obs=585 hard=523 obsc=648 yr= 42G nz=0.39 flt=0.10 dmap=+0/-0 shz=4.0 plan=3 cmd=(lx=+0.00,ly=+0.00,rx=+0.00)
REACHED A err=0.34 ncol=0 2026-08-20 20:14:03
STRAFE-CAL-RESUMEN lx>0 -> -1.7123286602953598cm/tick ; lx<0 -> -cm/tick (con el mapeo BIEN, lx>0 debe dar cm POSITIVOS=IZQ)
TURN-CAL-RESUMEN rx>0 -> medido~-39.51765742057712deg/s (modelo<0) ; rx<0 -> medido~39.46360987248904deg/s (modelo>0) :: OK (modelo correcto)
FASES {'ENG-T': 49, 'ENG-F': 46, 'ENG-AL': 14, 'ENG-AL.': 7, 'ENG-C': 5, 'ENG-CG': 11, 'ENG-GO': 83, 'DOOR-AL': 4, 'DWA-F': 216, 'DWA-T': 19, 'BRK-BK': 4, 'BRK-TR': 24}
FIN

=== GOTO 2026-08-21 08:04:48 ===

=== RUN ours 'A' -> (+0.99,+0.57)  2026-08-21 08:04:48 env=sim/lab_v1 ===
FRAME-CHECK start=(-4.75,+2.60) wp_mas_cercano=B(-4.73,+3.04) offset=0.44m
NO-VISION override G1_NOVIS=1 (G1_PERC sin definir)
GLOBALMAP src=static walls=961 static=0 soft=9.0/4.0
[VIS] perc_n=0 age=- free_c=- vismap=0/0 color=- carpet=- cnear=- crmin=- door=- dets=[-]
DOOR-ENG start t=0s pos=(-4.75,+2.60) sgn=BA
DOOR-CENTER medido: off=-0.04m gap=0.57m (jambas L=+0.25 R=-0.32)
t=  0.0 ENG-F pos=(-4.75,+2.60) yaw= -51.6 d=6.09 goal_err=+32 carrot_err= -15 c0=0.96 clear=0.64 prog=0.00 rel=1.00 bal=+0.15 obs=72 hard=72 obsc=72 yr=  0  nz=0.00 flt=0.38 dmap=+72/-0 shz=0.0 plan=32 cmd=(lx=+0.00,ly=+0.28,rx=+0.00)
t=  0.1 ENG-F pos=(-4.76,+2.58) yaw= -52.0 d=6.09 goal_err=+33 carrot_err= -14 c0=0.96 clear=0.64 prog=0.00 rel=0.98 bal=+0.17 obs=72 hard=72 obsc=72 yr=  5  nz=0.00 flt=0.38 dmap=+0/-0 shz=0.0 plan=32 cmd=(lx=+0.00,ly=+0.28,rx=+0.00)
t=  0.2 ENG-F pos=(-4.75,+2.56) yaw= -52.3 d=6.08 goal_err=+33 carrot_err= -13 c0=0.94 clear=0.63 prog=0.18 rel=0.98 bal=+0.18 obs=72 hard=72 obsc=72 yr=  3  nz=0.00 flt=0.38 dmap=+0/-0 shz=0.0 plan=32 cmd=(lx=+0.00,ly=+0.28,rx=+0.00)
t=  0.3 ENG-F pos=(-4.74,+2.55) yaw= -52.5 d=6.06 goal_err=+33 carrot_err= -13 c0=0.92 clear=0.61 prog=0.28 rel=0.98 bal=+0.15 obs=108 hard=108 obsc=121 yr=  2  nz=0.00 flt=0.12 dmap=+36/-0 shz=3.3 plan=32 cmd=(lx=+0.00,ly=+0.28,rx=+0.00)
t=  0.4 ENG-F pos=(-4.73,+2.53) yaw= -52.5 d=6.05 goal_err=+34 carrot_err= -13 c0=0.90 clear=0.60 prog=0.34 rel=0.94 bal=+0.15 obs=108 hard=108 obsc=121 yr=  0  nz=0.04 flt=0.12 dmap=+0/-0 shz=3.3 plan=32 cmd=(lx=+0.00,ly=+0.28,rx=+0.00)
t=  0.5 ENG-F pos=(-4.71,+2.52) yaw= -52.3 d=6.03 goal_err=+33 carrot_err= -15 c0=0.88 clear=0.59 prog=0.41 rel=0.94 bal=+0.13 obs=126 hard=114 obsc=137 yr=  2  nz=0.04 flt=0.05 dmap=+18/-0 shz=3.9 plan=32 cmd=(lx=+0.00,ly=+0.28,rx=+0.00)
t=  0.6 ENG-F pos=(-4.69,+2.52) yaw= -52.0 d=6.01 goal_err=+33 carrot_err= -16 c0=0.86 clear=0.58 prog=0.44 rel=0.92 bal=+0.11 obs=126 hard=115 obsc=137 yr=  3  nz=0.07 flt=0.05 dmap=+0/-0 shz=3.9 plan=32 cmd=(lx=+0.00,ly=+0.28,rx=+0.00)
t=  0.7 ENG-F pos=(-4.67,+2.51) yaw= -51.7 d=5.99 goal_err=+33 carrot_err= -11 c0=0.84 clear=0.56 prog=0.48 rel=0.92 bal=+0.10 obs=126 hard=115 obsc=137 yr=  3  nz=0.07 flt=0.05 dmap=+0/-0 shz=3.9 plan=32 cmd=(lx=+0.00,ly=+0.28,rx=+0.00)
t=  0.8 ENG-F pos=(-4.65,+2.50) yaw= -51.3 d=5.97 goal_err=+32 carrot_err= -12 c0=0.82 clear=0.55 prog=0.50 rel=0.92 bal=+0.17 obs=136 hard=121 obsc=142 yr=  4  nz=0.07 flt=0.11 dmap=+10/-0 shz=3.7 plan=32 cmd=(lx=+0.00,ly=+0.28,rx=+0.00)
t=  0.9 ENG-F pos=(-4.64,+2.49) yaw= -51.0 d=5.95 goal_err=+32 carrot_err= -13 c0=0.81 clear=0.54 prog=0.51 rel=0.89 bal=+0.15 obs=136 hard=121 obsc=142 yr=  2  nz=0.09 flt=0.11 dmap=+0/-0 shz=3.7 plan=32 cmd=(lx=+0.00,ly=+0.28,rx=+0.00)
[VIS] perc_n=0 age=- free_c=1.0 vismap=0/0 color=- carpet=- cnear=- crmin=- door=- dets=[-]
t=  1.0 ENG-T pos=(-4.63,+2.48) yaw= -50.9 d=5.93 goal_err=+32 carrot_err= -13 c0=0.79 clear=0.53 prog=0.51 rel=0.89 bal=+0.15 obs=143 hard=124 obsc=153 yr=  1  nz=0.09 flt=0.07 dmap=+7/-0 shz=3.9 plan=32 cmd=(lx=+0.00,ly=+0.00,rx=+0.45)
  TURN-CAL rx=+0.45 esperado=-46deg/s medido=-20deg/s OK
t=  1.1 ENG-F pos=(-4.62,+2.47) yaw= -53.0 d=5.93 goal_err=+34 carrot_err= -11 c0=0.78 clear=0.52 prog=0.48 rel=0.86 bal=+0.14 obs=143 hard=124 obsc=153 yr= 20G nz=0.11 flt=0.07 dmap=+0/-0 shz=3.9 plan=32 cmd=(lx=+0.00,ly=+0.28,rx=+0.00)
t=  1.2 ENG-F pos=(-4.62,+2.46) yaw= -55.2 d=5.92 goal_err=+37 carrot_err=  -9 c0=0.77 clear=0.52 prog=0.46 rel=0.86 bal=+0.15 obs=149 hard=123 obsc=159 yr= 22  nz=0.11 flt=0.06 dmap=+8/-2 shz=4.1 plan=32 cmd=(lx=+0.00,ly=+0.28,rx=+0.00)
t=  1.3 ENG-F pos=(-4.62,+2.44) yaw= -55.5 d=5.91 goal_err=+37 carrot_err=  -8 c0=0.76 clear=0.51 prog=0.44 rel=0.87 bal=+0.16 obs=150 hard=124 obsc=160 yr=  3  nz=0.12 flt=0.06 dmap=+1/-0 shz=4.1 plan=32 cmd=(lx=+0.00,ly=+0.28,rx=+0.00)
t=  1.4 ENG-F pos=(-4.62,+2.42) yaw= -55.8 d=5.91 goal_err=+38 carrot_err=  -7 c0=0.75 clear=0.50 prog=0.43 rel=0.87 bal=+0.06 obs=150 hard=124 obsc=160 yr=  4  nz=0.12 flt=0.06 dmap=+0/-0 shz=4.1 plan=32 cmd=(lx=+0.00,ly=+0.28,rx=+0.00)
t=  1.5 ENG-F pos=(-4.62,+2.40) yaw= -56.2 d=5.90 goal_err=+38 carrot_err=  -6 c0=0.74 clear=0.49 prog=0.41 rel=0.87 bal=+0.07 obs=151 hard=135 obsc=164 yr=  4  nz=0.12 flt=0.13 dmap=+6/-5 shz=3.9 plan=31 cmd=(lx=+0.00,ly=+0.28,rx=+0.00)
t=  1.6 ENG-F pos=(-4.61,+2.38) yaw= -56.5 d=5.89 goal_err=+39 carrot_err=  -6 c0=0.72 clear=0.48 prog=0.41 rel=0.84 bal=+0.07 obs=151 hard=135 obsc=164 yr=  3  nz=0.12 flt=0.13 dmap=+0/-0 shz=3.9 plan=31 cmd=(lx=+0.00,ly=+0.28,rx=+0.00)
t=  1.7 ENG-F pos=(-4.61,+2.36) yaw= -56.7 d=5.88 goal_err=+39 carrot_err=  -5 c0=0.79 clear=0.53 prog=0.41 rel=0.84 bal=+0.05 obs=156 hard=134 obsc=169 yr=  2  nz=0.12 flt=0.05 dmap=+9/-4 shz=4.0 plan=31 cmd=(lx=+0.00,ly=+0.28,rx=+0.00)
t=  1.8 ENG-F pos=(-4.60,+2.35) yaw= -56.6 d=5.86 goal_err=+39 carrot_err=  -6 c0=0.77 clear=0.52 prog=0.41 rel=0.88 bal=+0.04 obs=157 hard=135 obsc=170 yr=  1  nz=0.12 flt=0.05 dmap=+1/-0 shz=4.0 plan=31 cmd=(lx=+0.00,ly=+0.28,rx=+0.00)
t=  1.9 ENG-F pos=(-4.58,+2.34) yaw= -56.4 d=5.84 goal_err=+39 carrot_err=  -6 c0=0.76 clear=0.51 prog=0.42 rel=0.88 bal=+0.03 obs=157 hard=135 obsc=170 yr=  2  nz=0.12 flt=0.05 dmap=+0/-0 shz=4.0 plan=31 cmd=(lx=+0.00,ly=+0.28,rx=+0.00)
[VIS] perc_n=0 age=- free_c=1.0 vismap=0/0 color=- carpet=- cnear=- crmin=- door=- dets=[-]
t=  2.0 ENG-F pos=(-4.56,+2.33) yaw= -56.1 d=5.83 goal_err=+38 carrot_err=  -7 c0=0.75 clear=0.50 prog=0.46 rel=0.88 bal=+0.02 obs=161 hard=136 obsc=172 yr=  3  nz=0.12 flt=0.05 dmap=+7/-3 shz=3.9 plan=31 cmd=(lx=+0.00,ly=+0.28,rx=+0.00)
t=  2.2 ENG-T pos=(-4.54,+2.32) yaw= -55.7 d=5.80 goal_err=+38 carrot_err=  -9 c0=0.74 clear=0.49 prog=0.47 rel=0.91 bal=+0.02 obs=161 hard=136 obsc=172 yr=  4  nz=0.07 flt=0.05 dmap=+0/-0 shz=3.9 plan=31 cmd=(lx=+0.00,ly=+0.00,rx=+0.45)
  TURN-CAL rx=+0.45 esperado=-46deg/s medido=+4deg/s OK
t=  2.3 ENG-T pos=(-4.52,+2.31) yaw= -55.3 d=5.78 goal_err=+38 carrot_err= -10 c0=0.61 clear=0.41 prog=0.48 rel=0.91 bal=+0.01 obs=161 hard=136 obsc=172 yr=  4G nz=0.07 flt=0.14 dmap=+0/-0 shz=4.0 plan=31 cmd=(lx=+0.00,ly=+0.00,rx=+0.45)
  TURN-CAL rx=+0.45 esperado=-46deg/s medido=-37deg/s OK
t=  2.4 ENG-T pos=(-4.52,+2.32) yaw= -59.0 d=5.78 goal_err=+41 carrot_err=  -7 c0=0.73 clear=0.48 prog=0.46 rel=0.84 bal=+0.00 obs=161 hard=136 obsc=172 yr= 37G nz=0.13 flt=0.14 dmap=+0/-0 shz=4.0 plan=31 cmd=(lx=+0.00,ly=+0.00,rx=+0.45)
  TURN-CAL rx=+0.45 esperado=-46deg/s medido=-38deg/s OK
t=  2.5 ENG-F pos=(-4.51,+2.32) yaw= -62.9 d=5.77 goal_err=+45 carrot_err=  -3 c0=0.72 clear=0.48 prog=0.44 rel=0.84 bal=-0.00 obs=161 hard=136 obsc=172 yr= 38G nz=0.13 flt=0.14 dmap=+0/-0 shz=4.0 plan=31 cmd=(lx=+0.00,ly=+0.28,rx=+0.00)
t=  2.6 ENG-F pos=(-4.51,+2.31) yaw= -67.0 d=5.77 goal_err=+49 carrot_err=  +1 c0=0.72 clear=0.48 prog=0.40 rel=0.84 bal=-0.05 obs=163 hard=135 obsc=172 yr= 40  nz=0.13 flt=0.08 dmap=+3/-1 shz=3.9 plan=31 cmd=(lx=+0.00,ly=+0.28,rx=+0.00)
t=  2.7 ENG-F pos=(-4.51,+2.29) yaw= -67.2 d=5.76 goal_err=+50 carrot_err=  +1 c0=0.70 clear=0.47 prog=0.38 rel=0.82 bal=-0.04 obs=163 hard=135 obsc=172 yr=  2  nz=0.13 flt=0.08 dmap=+0/-0 shz=3.9 plan=31 cmd=(lx=+0.00,ly=+0.28,rx=+0.00)
t=  2.8 ENG-F pos=(-4.51,+2.28) yaw= -67.5 d=5.76 goal_err=+50 carrot_err=  +8 c0=0.68 clear=0.46 prog=0.35 rel=0.82 bal=-0.03 obs=166 hard=140 obsc=174 yr=  4  nz=0.13 flt=0.05 dmap=+5/-2 shz=4.0 plan=31 cmd=(lx=+0.00,ly=+0.28,rx=+0.00)
t=  2.9 ENG-F pos=(-4.51,+2.26) yaw= -67.9 d=5.76 goal_err=+51 carrot_err=  +9 c0=0.66 clear=0.44 prog=0.33 rel=0.85 bal=-0.01 obs=166 hard=140 obsc=174 yr=  4  nz=0.13 flt=0.05 dmap=+0/-0 shz=4.0 plan=31 cmd=(lx=+0.00,ly=+0.28,rx=+0.00)
t=  3.0 ENG-F pos=(-4.52,+2.23) yaw= -68.3 d=5.75 goal_err=+51 carrot_err= +10 c0=0.64 clear=0.43 prog=0.31 rel=0.85 bal=+0.00 obs=166 hard=140 obsc=174 yr=  4  nz=0.13 flt=0.05 dmap=+0/-0 shz=4.0 plan=31 cmd=(lx=+0.00,ly=+0.28,rx=+0.00)
[VIS] perc_n=0 age=- free_c=1.0 vismap=0/0 color=- carpet=- cnear=- crmin=- door=- dets=[-]
t=  3.1 ENG-F pos=(-4.52,+2.21) yaw= -68.6 d=5.75 goal_err=+52 carrot_err= +11 c0=0.63 clear=0.42 prog=0.31 rel=0.85 bal=-0.08 obs=164 hard=141 obsc=174 yr=  3  nz=0.13 flt=0.10 dmap=+3/-5 shz=3.9 plan=30 cmd=(lx=+0.00,ly=+0.28,rx=+0.00)
t=  3.2 ENG-F pos=(-4.51,+2.20) yaw= -68.7 d=5.74 goal_err=+52 carrot_err= +12 c0=0.61 clear=0.40 prog=0.31 rel=0.82 bal=-0.08 obs=164 hard=141 obsc=174 yr=  1  nz=0.14 flt=0.10 dmap=+0/-0 shz=3.9 plan=30 cmd=(lx=+0.00,ly=+0.28,rx=+0.00)
t=  3.3 ENG-F pos=(-4.50,+2.18) yaw= -68.7 d=5.73 goal_err=+52 carrot_err= +12 c0=0.59 clear=0.39 prog=0.32 rel=0.82 bal=-0.06 obs=163 hard=144 obsc=172 yr=  0  nz=0.14 flt=0.03 dmap=+4/-5 shz=4.0 plan=30 cmd=(lx=+0.00,ly=+0.28,rx=+0.00)
t=  3.4 ENG-F pos=(-4.49,+2.17) yaw= -68.5 d=5.71 goal_err=+52 carrot_err= +11 c0=0.57 clear=0.38 prog=0.33 rel=0.86 bal=-0.07 obs=163 hard=144 obsc=172 yr=  2  nz=0.12 flt=0.03 dmap=+0/-0 shz=4.0 plan=30 cmd=(lx=+0.00,ly=+0.28,rx=+0.00)
t=  3.5 ENG-F pos=(-4.48,+2.15) yaw= -68.2 d=5.69 goal_err=+52 carrot_err= +10 c0=0.56 clear=0.37 prog=0.36 rel=0.86 bal=-0.09 obs=163 hard=144 obsc=172 yr=  3  nz=0.12 flt=0.03 dmap=+0/-0 shz=4.0 plan=30 cmd=(lx=+0.00,ly=+0.28,rx=+0.00)
t=  3.6 ENG-T pos=(-4.46,+2.14) yaw= -67.8 d=5.67 goal_err=+52 carrot_err= +10 c0=0.55 clear=0.36 prog=0.38 rel=0.86 bal=-0.05 obs=164 hard=148 obsc=173 yr=  4  nz=0.12 flt=0.06 dmap=+4/-3 shz=3.9 plan=30 cmd=(lx=+0.00,ly=+0.00,rx=+0.45)
  TURN-CAL rx=+0.45 esperado=-46deg/s medido=+4deg/s OK
t=  3.7 ENG-T pos=(-4.44,+2.13) yaw= -67.5 d=5.65 goal_err=+51 carrot_err= +12 c0=0.53 clear=0.35 prog=0.39 rel=0.85 bal=-0.06 obs=165 hard=149 obsc=174 yr=  4G nz=0.12 flt=0.06 dmap=+1/-0 shz=3.9 plan=30 cmd=(lx=+0.00,ly=+0.00,rx=+0.45)
  TURN-CAL rx=+0.45 esperado=-46deg/s medido=-37deg/s OK
t=  3.8 ENG-T pos=(-4.43,+2.13) yaw= -71.2 d=5.64 goal_err=+55 carrot_err= +15 c0=0.53 clear=0.35 prog=0.38 rel=0.85 bal=-0.07 obs=167 hard=152 obsc=176 yr= 37G nz=0.12 flt=0.16 dmap=+2/-0 shz=4.0 plan=30 cmd=(lx=+0.00,ly=+0.00,rx=+0.45)
  TURN-CAL rx=+0.45 esperado=-46deg/s medido=-38deg/s OK
t=  3.9 ENG-T pos=(-4.43,+2.13) yaw= -75.1 d=5.64 goal_err=+59 carrot_err= +19 c0=0.53 clear=0.35 prog=0.35 rel=0.82 bal=-0.13 obs=167 hard=152 obsc=176 yr= 38G nz=0.14 flt=0.16 dmap=+0/-0 shz=4.0 plan=30 cmd=(lx=+0.00,ly=+0.00,rx=+0.45)
  TURN-CAL rx=+0.45 esperado=-46deg/s medido=-40deg/s OK
t=  4.0 ENG-F pos=(-4.43,+2.13) yaw= -79.1 d=5.64 goal_err=+63 carrot_err= +23 c0=0.53 clear=0.35 prog=0.32 rel=0.82 bal=-0.13 obs=167 hard=152 obsc=176 yr= 40G nz=0.14 flt=0.16 dmap=+0/-0 shz=4.0 plan=30 cmd=(lx=+0.00,ly=+0.28,rx=+0.00)
[VIS] perc_n=0 age=- free_c=1.0 vismap=0/0 color=- carpet=- cnear=- crmin=- door=- dets=[-]
t=  4.1 ENG-F pos=(-4.44,+2.13) yaw= -83.3 d=5.65 goal_err=+67 carrot_err= +28 c0=0.53 clear=0.35 prog=0.27 rel=0.82 bal=-0.12 obs=170 hard=143 obsc=175 yr= 42  nz=0.14 flt=0.06 dmap=+3/-0 shz=3.9 plan=30 cmd=(lx=+0.00,ly=+0.28,rx=+0.00)
t=  4.2 ENG-F pos=(-4.44,+2.11) yaw= -83.6 d=5.65 goal_err=+68 carrot_err= +29 c0=0.51 clear=0.34 prog=0.23 rel=0.88 bal=-0.11 obs=170 hard=143 obsc=175 yr=  3  nz=0.12 flt=0.06 dmap=+0/-0 shz=3.9 plan=30 cmd=(lx=+0.00,ly=+0.28,rx=+0.00)
DOOR-ENG at-position t=4s err=0.21m
t=  4.3 ENG-AL. pos=(-4.45,+2.09) yaw= -84.0 d=5.65 goal_err=+68 carrot_err= +30 c0=0.51 clear=0.34 prog=0.22 rel=0.88 bal=-0.09 obs=169 hard=152 obsc=179 yr=  4  nz=0.12 flt=0.13 dmap=+2/-3 shz=4.0 plan=30 cmd=(lx=+0.00,ly=+0.00,rx=+0.00)
t=  4.4 ENG-AL. pos=(-4.46,+2.06) yaw= -84.4 d=5.65 goal_err=+69 carrot_err= +32 c0=0.49 clear=0.32 prog=0.21 rel=0.88 bal=-0.08 obs=169 hard=152 obsc=179 yr=  3  nz=0.09 flt=0.13 dmap=+0/-0 shz=4.0 plan=30 cmd=(lx=+0.00,ly=+0.00,rx=+0.00)
t=  4.5 ENG-AL. pos=(-4.47,+2.06) yaw= -84.6 d=5.66 goal_err=+69 carrot_err= +32 c0=0.67 clear=0.45 prog=0.20 rel=0.88 bal=-0.07 obs=174 hard=155 obsc=183 yr=  3  nz=0.09 flt=0.08 dmap=+6/-1 shz=4.0 plan=30 cmd=(lx=+0.00,ly=+0.00,rx=+0.00)
t=  4.6 ENG-AL pos=(-4.47,+2.06) yaw= -84.8 d=5.66 goal_err=+69 carrot_err= +33 c0=0.67 clear=0.45 prog=0.18 rel=0.87 bal=-0.06 obs=174 hard=155 obsc=183 yr=  1  nz=0.11 flt=0.08 dmap=+0/-0 shz=4.0 plan=29 cmd=(lx=+0.00,ly=+0.00,rx=-0.45)
  TURN-CAL rx=-0.45 esperado=+46deg/s medido=+19deg/s OK
t=  4.7 ENG-AL pos=(-4.47,+2.06) yaw= -82.7 d=5.66 goal_err=+67 carrot_err= +31 c0=0.67 clear=0.44 prog=0.17 rel=0.87 bal=-0.06 obs=174 hard=155 obsc=183 yr= 19G nz=0.11 flt=0.08 dmap=+0/-0 shz=4.0 plan=29 cmd=(lx=+0.00,ly=+0.00,rx=-0.45)
  TURN-CAL rx=-0.45 esperado=+46deg/s medido=+42deg/s OK
t=  4.8 ENG-AL pos=(-4.46,+2.06) yaw= -78.5 d=5.65 goal_err=+63 carrot_err= +26 c0=0.67 clear=0.44 prog=0.17 rel=0.87 bal=-0.07 obs=174 hard=157 obsc=183 yr= 42G nz=0.11 flt=0.23 dmap=+0/-0 shz=4.0 plan=29 cmd=(lx=+0.00,ly=+0.00,rx=-0.45)
  TURN-CAL rx=-0.45 esperado=+46deg/s medido=+43deg/s OK
t=  4.9 ENG-AL. pos=(-4.46,+2.06) yaw= -74.2 d=5.65 goal_err=+59 carrot_err= +21 c0=0.67 clear=0.44 prog=0.18 rel=0.81 bal=-0.08 obs=174 hard=158 obsc=183 yr= 43G nz=0.13 flt=0.23 dmap=+0/-0 shz=4.0 plan=29 cmd=(lx=+0.00,ly=+0.00,rx=+0.00)
t=  5.0 ENG-AL. pos=(-4.45,+2.07) yaw= -71.9 d=5.64 goal_err=+57 carrot_err= +19 c0=0.67 clear=0.45 prog=0.19 rel=0.81 bal=-0.09 obs=179 hard=157 obsc=186 yr= 23  nz=0.13 flt=0.08 dmap=+7/-2 shz=4.0 plan=29 cmd=(lx=+0.00,ly=+0.00,rx=+0.00)
[VIS] perc_n=0 age=- free_c=1.0 vismap=0/0 color=- carpet=- cnear=- crmin=- door=- dets=[-]
t=  5.1 ENG-AL. pos=(-4.45,+2.07) yaw= -71.9 d=5.64 goal_err=+57 carrot_err= +19 c0=0.67 clear=0.45 prog=0.17 rel=0.84 bal=-0.09 obs=179 hard=157 obsc=186 yr=  0  nz=0.14 flt=0.08 dmap=+0/-0 shz=4.0 plan=29 cmd=(lx=+0.00,ly=+0.00,rx=+0.00)
t=  5.2 ENG-AL pos=(-4.45,+2.07) yaw= -71.9 d=5.64 goal_err=+57 carrot_err= +19 c0=0.67 clear=0.45 prog=0.15 rel=0.84 bal=-0.09 obs=179 hard=157 obsc=186 yr=  0  nz=0.14 flt=0.08 dmap=+0/-0 shz=4.0 plan=29 cmd=(lx=+0.00,ly=+0.00,rx=-0.45)
  TURN-CAL rx=-0.45 esperado=+46deg/s medido=+20deg/s OK
t=  5.3 ENG-AL pos=(-4.45,+2.07) yaw= -69.9 d=5.64 goal_err=+55 carrot_err= +17 c0=0.67 clear=0.45 prog=0.13 rel=0.84 bal=-0.09 obs=179 hard=158 obsc=186 yr= 20G nz=0.14 flt=0.09 dmap=+0/-0 shz=4.0 plan=29 cmd=(lx=+0.00,ly=+0.00,rx=-0.45)
  TURN-CAL rx=-0.45 esperado=+46deg/s medido=+39deg/s OK
t=  5.4 ENG-AL pos=(-4.45,+2.07) yaw= -65.9 d=5.64 goal_err=+50 carrot_err= +13 c0=0.67 clear=0.45 prog=0.09 rel=0.85 bal=-0.09 obs=179 hard=158 obsc=186 yr= 39G nz=0.13 flt=0.09 dmap=+0/-0 shz=4.0 plan=29 cmd=(lx=+0.00,ly=+0.00,rx=-0.45)
  TURN-CAL rx=-0.45 esperado=+46deg/s medido=+40deg/s OK
t=  5.5 ENG-AL. pos=(-4.45,+2.07) yaw= -61.9 d=5.64 goal_err=+46 carrot_err=  +9 c0=0.67 clear=0.45 prog=0.06 rel=0.85 bal=-0.09 obs=179 hard=158 obsc=186 yr= 40G nz=0.13 flt=0.08 dmap=+0/-0 shz=4.0 plan=29 cmd=(lx=+0.00,ly=+0.00,rx=+0.00)
t=  5.6 ENG-AL. pos=(-4.45,+2.07) yaw= -59.9 d=5.64 goal_err=+44 carrot_err=  +7 c0=0.90 clear=0.60 prog=0.02 rel=0.84 bal=-0.09 obs=179 hard=158 obsc=186 yr= 20  nz=0.13 flt=0.08 dmap=+0/-0 shz=4.0 plan=29 cmd=(lx=+0.00,ly=+0.00,rx=+0.00)
t=  5.7 ENG-AL pos=(-4.45,+2.07) yaw= -59.9 d=5.64 goal_err=+44 carrot_err=  +7 c0=0.90 clear=0.60 prog=0.01 rel=0.84 bal=-0.09 obs=179 hard=158 obsc=186 yr=  0  nz=0.13 flt=0.08 dmap=+0/-0 shz=4.0 plan=29 cmd=(lx=+0.00,ly=+0.00,rx=-0.45)
  TURN-CAL rx=-0.45 esperado=+46deg/s medido=+20deg/s OK
t=  5.8 ENG-AL pos=(-4.45,+2.07) yaw= -57.9 d=5.64 goal_err=+42 carrot_err=  +5 c0=0.90 clear=0.60 prog=0.00 rel=0.84 bal=-0.09 obs=179 hard=158 obsc=186 yr= 20G nz=0.13 flt=0.11 dmap=+0/-0 shz=4.0 plan=29 cmd=(lx=+0.00,ly=+0.00,rx=-0.45)
  TURN-CAL rx=-0.45 esperado=+46deg/s medido=+39deg/s OK
t=  5.9 ENG-AL pos=(-4.45,+2.07) yaw= -53.8 d=5.64 goal_err=+38 carrot_err=  +1 c0=0.90 clear=0.60 prog=0.00 rel=0.82 bal=-0.09 obs=179 hard=158 obsc=186 yr= 39G nz=0.16 flt=0.11 dmap=+0/-0 shz=4.0 plan=29 cmd=(lx=+0.00,ly=+0.00,rx=-0.45)
  TURN-CAL rx=-0.45 esperado=+46deg/s medido=+40deg/s OK
t=  6.0 ENG-AL. pos=(-4.45,+2.07) yaw= -49.8 d=5.64 goal_err=+34 carrot_err=  -3 c0=0.90 clear=0.60 prog=0.01 rel=0.82 bal=-0.09 obs=179 hard=158 obsc=186 yr= 40G nz=0.16 flt=0.08 dmap=+0/-0 shz=4.0 plan=29 cmd=(lx=+0.00,ly=+0.00,rx=+0.00)
[VIS] perc_n=0 age=- free_c=1.0 vismap=0/0 color=- carpet=- cnear=- crmin=- door=- dets=[-]
DOOR-ENG aligned t=6s yaw=-48 he=+2.8
DOOR-EXIT-CTR saliendo: ignoro centro medido (-0.04 m) y servoo al eje del mapa
t=  6.1 ENG-C pos=(-4.45,+2.07) yaw= -47.8 d=5.64 goal_err=+32 carrot_err=  -5 c0=0.97 clear=0.64 prog=0.01 rel=0.78 bal=-0.09 obs=179 hard=158 obsc=186 yr= 20  nz=0.20 flt=0.08 dmap=+0/-0 shz=4.0 plan=29 cmd=(lx=+0.34,ly=+0.00,rx=+0.00)
  STRAFE-CAL lx=+0.34 medido=-0.9cm/tick DCHA
t=  6.2 ENG-C pos=(-4.45,+2.06) yaw= -47.7 d=5.64 goal_err=+32 carrot_err=  -5 c0=0.97 clear=0.65 prog=0.01 rel=0.78 bal=-0.08 obs=179 hard=158 obsc=186 yr=  1  nz=0.20 flt=0.08 dmap=+0/-0 shz=4.0 plan=29 cmd=(lx=+0.34,ly=+0.00,rx=+0.00)
  STRAFE-CAL lx=+0.34 medido=-1.5cm/tick DCHA
t=  6.3 ENG-C pos=(-4.46,+2.05) yaw= -47.4 d=5.65 goal_err=+32 carrot_err=  -5 c0=0.97 clear=0.65 prog=0.00 rel=0.78 bal=-0.06 obs=185 hard=159 obsc=191 yr=  4  nz=0.20 flt=0.07 dmap=+9/-3 shz=4.0 plan=29 cmd=(lx=+0.34,ly=+0.00,rx=+0.00)
  STRAFE-CAL lx=+0.34 medido=-1.8cm/tick DCHA
t=  6.4 ENG-CG pos=(-4.48,+2.04) yaw= -47.1 d=5.66 goal_err=+32 carrot_err=  -4 c0=0.88 clear=0.59 prog=0.00 rel=0.76 bal=-0.04 obs=185 hard=159 obsc=191 yr=  3  nz=0.24 flt=0.07 dmap=+0/-0 shz=4.0 plan=29 cmd=(lx=+0.34,ly=+0.28,rx=+0.00)
t=  6.5 ENG-CG pos=(-4.49,+2.02) yaw= -47.0 d=5.66 goal_err=+32 carrot_err=  -3 c0=0.87 clear=0.58 prog=0.00 rel=0.76 bal=-0.02 obs=187 hard=161 obsc=193 yr=  1  nz=0.24 flt=0.06 dmap=+5/-3 shz=4.0 plan=29 cmd=(lx=+0.34,ly=+0.28,rx=+0.00)
t=  6.6 ENG-CG pos=(-4.49,+1.99) yaw= -47.0 d=5.66 goal_err=+33 carrot_err=  -2 c0=0.84 clear=0.56 prog=0.00 rel=0.79 bal=-0.00 obs=187 hard=161 obsc=193 yr=  1  nz=0.21 flt=0.06 dmap=+0/-0 shz=4.0 plan=29 cmd=(lx=+0.34,ly=+0.28,rx=+0.00)
t=  6.7 ENG-CG pos=(-4.50,+1.95) yaw= -47.2 d=5.66 goal_err=+33 carrot_err=  +0 c0=0.81 clear=0.54 prog=0.00 rel=0.79 bal=+0.03 obs=187 hard=161 obsc=193 yr=  1  nz=0.21 flt=0.06 dmap=+0/-0 shz=4.0 plan=29 cmd=(lx=+0.34,ly=+0.28,rx=+0.00)
t=  6.8 ENG-GO pos=(-4.51,+1.92) yaw= -47.5 d=5.67 goal_err=+34 carrot_err=  +2 c0=0.78 clear=0.52 prog=0.00 rel=0.79 bal=+0.06 obs=195 hard=165 obsc=198 yr=  4  nz=0.21 flt=0.04 dmap=+8/-0 shz=4.0 plan=29 cmd=(lx=+0.00,ly=+0.28,rx=+0.00)
t=  6.9 ENG-GO pos=(-4.52,+1.89) yaw= -47.9 d=5.66 goal_err=+34 carrot_err=  +4 c0=0.76 clear=0.51 prog=0.00 rel=0.81 bal=+0.02 obs=195 hard=165 obsc=198 yr=  4  nz=0.18 flt=0.04 dmap=+0/-0 shz=4.0 plan=29 cmd=(lx=+0.00,ly=+0.28,rx=+0.00)
t=  7.0 ENG-GO pos=(-4.51,+1.87) yaw= -48.3 d=5.65 goal_err=+35 carrot_err=  +5 c0=0.74 clear=0.49 prog=0.00 rel=0.81 bal=+0.03 obs=196 hard=166 obsc=200 yr=  4  nz=0.18 flt=0.09 dmap=+3/-2 shz=4.0 plan=29 cmd=(lx=+0.00,ly=+0.28,rx=+0.00)
[VIS] perc_n=0 age=- free_c=1.0 vismap=0/0 color=- carpet=- cnear=- crmin=- door=- dets=[-]
t=  7.1 ENG-GO pos=(-4.50,+1.85) yaw= -48.6 d=5.64 goal_err=+35 carrot_err=  +6 c0=0.72 clear=0.48 prog=0.00 rel=0.85 bal=+0.04 obs=197 hard=167 obsc=201 yr=  3  nz=0.15 flt=0.09 dmap=+1/-0 shz=4.0 plan=29 cmd=(lx=+0.00,ly=+0.28,rx=+0.00)
t=  7.2 ENG-GO pos=(-4.50,+1.84) yaw= -48.8 d=5.63 goal_err=+36 carrot_err=  +6 c0=0.89 clear=0.59 prog=0.01 rel=0.85 bal=+0.05 obs=192 hard=168 obsc=201 yr=  2  nz=0.15 flt=0.06 dmap=+1/-6 shz=4.0 plan=29 cmd=(lx=+0.00,ly=+0.28,rx=+0.00)
t=  7.3 ENG-GO pos=(-4.48,+1.82) yaw= -48.8 d=5.61 goal_err=+36 carrot_err=  +6 c0=0.87 clear=0.58 prog=0.04 rel=0.84 bal=+0.05 obs=192 hard=168 obsc=201 yr=  0  nz=0.14 flt=0.06 dmap=+0/-0 shz=4.0 plan=29 cmd=(lx=+0.00,ly=+0.28,rx=+0.00)
t=  7.4 ENG-GO pos=(-4.47,+1.81) yaw= -48.6 d=5.60 goal_err=+36 carrot_err=  +6 c0=0.85 clear=0.57 prog=0.07 rel=0.84 bal=+0.05 obs=192 hard=168 obsc=201 yr=  2  nz=0.14 flt=0.06 dmap=+0/-0 shz=4.0 plan=29 cmd=(lx=+0.00,ly=+0.28,rx=+0.00)
t=  7.5 ENG-GO pos=(-4.45,+1.81) yaw= -48.4 d=5.58 goal_err=+36 carrot_err=  +5 c0=0.84 clear=0.56 prog=0.11 rel=0.84 bal=+0.04 obs=196 hard=167 obsc=201 yr=  3  nz=0.14 flt=0.04 dmap=+6/-2 shz=4.0 plan=29 cmd=(lx=+0.00,ly=+0.28,rx=+0.00)
t=  7.6 ENG-GO pos=(-4.43,+1.80) yaw= -48.0 d=5.56 goal_err=+35 carrot_err=  +4 c0=0.92 clear=0.61 prog=0.14 rel=0.85 bal=+0.05 obs=196 hard=167 obsc=201 yr=  4  nz=0.15 flt=0.04 dmap=+0/-0 shz=4.0 plan=28 cmd=(lx=+0.00,ly=+0.28,rx=+0.00)
t=  7.7 ENG-GO pos=(-4.41,+1.79) yaw= -47.6 d=5.53 goal_err=+35 carrot_err=  +3 c0=0.90 clear=0.60 prog=0.18 rel=0.85 bal=+0.05 obs=195 hard=175 obsc=202 yr=  3  nz=0.15 flt=0.12 dmap=+2/-3 shz=4.0 plan=28 cmd=(lx=+0.00,ly=+0.28,rx=+0.00)
t=  7.9 ENG-GO pos=(-4.39,+1.78) yaw= -47.3 d=5.52 goal_err=+35 carrot_err=  +3 c0=0.88 clear=0.59 prog=0.21 rel=0.84 bal=+0.04 obs=196 hard=176 obsc=203 yr=  3  nz=0.14 flt=0.12 dmap=+1/-0 shz=4.0 plan=28 cmd=(lx=+0.00,ly=+0.28,rx=+0.00)
t=  8.0 ENG-GO pos=(-4.38,+1.77) yaw= -47.2 d=5.50 goal_err=+35 carrot_err=  +2 c0=0.86 clear=0.57 prog=0.24 rel=0.84 bal=+0.04 obs=196 hard=176 obsc=203 yr=  1  nz=0.14 flt=0.12 dmap=+0/-0 shz=4.0 plan=28 cmd=(lx=+0.00,ly=+0.28,rx=+0.00)
t=  8.1 ENG-GO pos=(-4.36,+1.76) yaw= -47.2 d=5.48 goal_err=+35 carrot_err=  +2 c0=0.84 clear=0.56 prog=0.27 rel=0.84 bal=+0.05 obs=198 hard=179 obsc=206 yr=  0  nz=0.14 flt=0.11 dmap=+5/-3 shz=4.0 plan=28 cmd=(lx=+0.00,ly=+0.28,rx=+0.00)
[VIS] perc_n=0 age=- free_c=1.0 vismap=0/0 color=- carpet=- cnear=- crmin=- door=- dets=[-]
t=  8.2 ENG-GO pos=(-4.36,+1.74) yaw= -47.4 d=5.47 goal_err=+35 carrot_err=  +3 c0=0.82 clear=0.55 prog=0.29 rel=0.88 bal=+0.06 obs=198 hard=179 obsc=206 yr=  1  nz=0.10 flt=0.11 dmap=+0/-0 shz=4.0 plan=28 cmd=(lx=+0.00,ly=+0.28,rx=+0.00)
t=  8.3 ENG-GO pos=(-4.35,+1.72) yaw= -47.7 d=5.47 goal_err=+36 carrot_err=  +4 c0=0.81 clear=0.54 prog=0.32 rel=0.88 bal=+0.15 obs=197 hard=178 obsc=207 yr=  4  nz=0.10 flt=0.11 dmap=+3/-4 shz=4.0 plan=28 cmd=(lx=+0.00,ly=+0.28,rx=+0.00)
t=  8.4 ENG-GO pos=(-4.35,+1.70) yaw= -48.1 d=5.46 goal_err=+36 carrot_err=  +6 c0=0.79 clear=0.52 prog=0.35 rel=0.90 bal=+0.17 obs=197 hard=178 obsc=207 yr=  4  nz=0.10 flt=0.11 dmap=+0/-0 shz=4.0 plan=28 cmd=(lx=+0.00,ly=+0.28,rx=+0.00)
t=  8.5 ENG-GO pos=(-4.34,+1.68) yaw= -48.5 d=5.45 goal_err=+37 carrot_err=  +7 c0=0.77 clear=0.51 prog=0.37 rel=0.90 bal=+0.18 obs=197 hard=178 obsc=207 yr=  4  nz=0.10 flt=0.11 dmap=+0/-0 shz=4.0 plan=28 cmd=(lx=+0.00,ly=+0.28,rx=+0.00)
t=  8.6 ENG-GO pos=(-4.34,+1.66) yaw= -48.8 d=5.44 goal_err=+37 carrot_err=  +8 c0=0.74 clear=0.50 prog=0.38 rel=0.90 bal=+0.19 obs=200 hard=178 obsc=209 yr=  3  nz=0.10 flt=0.07 dmap=+5/-2 shz=4.0 plan=28 cmd=(lx=+0.00,ly=+0.28,rx=+0.00)
t=  8.7 ENG-GO pos=(-4.33,+1.65) yaw= -48.9 d=5.43 goal_err=+37 carrot_err= +14 c0=0.73 clear=0.48 prog=0.41 rel=0.88 bal=+0.20 obs=200 hard=178 obsc=209 yr=  1  nz=0.09 flt=0.07 dmap=+0/-0 shz=4.0 plan=28 cmd=(lx=+0.00,ly=+0.28,rx=+0.00)
t=  8.8 ENG-GO pos=(-4.32,+1.63) yaw= -48.9 d=5.41 goal_err=+38 carrot_err= +14 c0=0.71 clear=0.47 prog=0.44 rel=0.88 bal=+0.20 obs=201 hard=178 obsc=210 yr=  0  nz=0.09 flt=0.10 dmap=+4/-3 shz=4.0 plan=28 cmd=(lx=+0.00,ly=+0.28,rx=+0.00)
t=  8.9 ENG-GO pos=(-4.30,+1.62) yaw= -48.7 d=5.39 goal_err=+37 carrot_err= +14 c0=0.69 clear=0.46 prog=0.47 rel=0.84 bal=+0.19 obs=201 hard=178 obsc=210 yr=  2  nz=0.12 flt=0.10 dmap=+0/-0 shz=4.0 plan=28 cmd=(lx=+0.00,ly=+0.28,rx=+0.00)
t=  9.0 ENG-GO pos=(-4.28,+1.62) yaw= -48.4 d=5.37 goal_err=+37 carrot_err= +13 c0=0.68 clear=0.45 prog=0.48 rel=0.84 bal=+0.18 obs=201 hard=178 obsc=210 yr=  3  nz=0.12 flt=0.10 dmap=+0/-0 shz=4.0 plan=28 cmd=(lx=+0.00,ly=+0.28,rx=+0.00)
t=  9.1 ENG-GO pos=(-4.26,+1.61) yaw= -48.1 d=5.35 goal_err=+37 carrot_err= +13 c0=0.67 clear=0.44 prog=0.50 rel=0.84 bal=+0.16 obs=202 hard=176 obsc=208 yr=  3  nz=0.12 flt=0.08 dmap=+3/-2 shz=4.0 plan=28 cmd=(lx=+0.00,ly=+0.28,rx=+0.00)
[VIS] perc_n=0 age=- free_c=1.0 vismap=0/0 color=- carpet=- cnear=- crmin=- door=- dets=[-]
t=  9.2 ENG-GO pos=(-4.24,+1.61) yaw= -47.7 d=5.33 goal_err=+36 carrot_err= +12 c0=0.65 clear=0.43 prog=0.51 rel=0.84 bal=+0.15 obs=202 hard=176 obsc=208 yr=  4  nz=0.14 flt=0.08 dmap=+0/-0 shz=4.0 plan=27 cmd=(lx=+0.00,ly=+0.28,rx=+0.00)
t=  9.3 ENG-GO pos=(-4.22,+1.60) yaw= -47.4 d=5.31 goal_err=+36 carrot_err= +11 c0=0.64 clear=0.42 prog=0.52 rel=0.84 bal=+0.14 obs=205 hard=183 obsc=213 yr=  3  nz=0.14 flt=0.06 dmap=+6/-3 shz=4.0 plan=27 cmd=(lx=+0.00,ly=+0.28,rx=+0.00)
t=  9.4 ENG-GO pos=(-4.21,+1.59) yaw= -47.2 d=5.30 goal_err=+36 carrot_err= +11 c0=0.62 clear=0.41 prog=0.52 rel=0.85 bal=+0.02 obs=205 hard=183 obsc=213 yr=  2  nz=0.13 flt=0.06 dmap=+0/-0 shz=4.0 plan=27 cmd=(lx=+0.00,ly=+0.28,rx=+0.00)
t=  9.5 ENG-GO pos=(-4.20,+1.58) yaw= -47.2 d=5.28 goal_err=+36 carrot_err= +11 c0=0.61 clear=0.41 prog=0.51 rel=0.85 bal=+0.02 obs=205 hard=183 obsc=213 yr=  0  nz=0.13 flt=0.06 dmap=+0/-0 shz=4.0 plan=27 cmd=(lx=+0.00,ly=+0.28,rx=+0.00)
t=  9.6 ENG-GO pos=(-4.19,+1.56) yaw= -47.4 d=5.27 goal_err=+37 carrot_err= +12 c0=0.59 clear=0.39 prog=0.49 rel=0.85 bal=+0.03 obs=208 hard=177 obsc=216 yr=  2  nz=0.13 flt=0.09 dmap=+5/-2 shz=4.0 plan=27 cmd=(lx=+0.00,ly=+0.28,rx=+0.00)
t=  9.7 ENG-GO pos=(-4.18,+1.54) yaw= -47.7 d=5.26 goal_err=+37 carrot_err= +13 c0=0.57 clear=0.38 prog=0.47 rel=0.87 bal=+0.04 obs=208 hard=177 obsc=216 yr=  3  nz=0.13 flt=0.09 dmap=+0/-0 shz=4.0 plan=27 cmd=(lx=+0.00,ly=+0.28,rx=+0.00)
t=  9.8 ENG-GO pos=(-4.18,+1.52) yaw= -48.1 d=5.25 goal_err=+38 carrot_err= +14 c0=0.55 clear=0.37 prog=0.45 rel=0.87 bal=+0.05 obs=209 hard=179 obsc=217 yr=  4  nz=0.13 flt=0.12 dmap=+1/-0 shz=4.0 plan=27 cmd=(lx=+0.00,ly=+0.28,rx=+0.00)
t=  9.9 ENG-GO pos=(-4.17,+1.50) yaw= -48.5 d=5.24 goal_err=+38 carrot_err= +15 c0=0.53 clear=0.35 prog=0.44 rel=0.85 bal=+0.13 obs=209 hard=179 obsc=217 yr=  4  nz=0.12 flt=0.12 dmap=+0/-0 shz=4.0 plan=27 cmd=(lx=+0.00,ly=+0.28,rx=+0.00)
t= 10.0 ENG-GO pos=(-4.17,+1.48) yaw= -48.8 d=5.24 goal_err=+39 carrot_err= +17 c0=0.51 clear=0.34 prog=0.43 rel=0.85 bal=+0.14 obs=209 hard=179 obsc=217 yr=  3  nz=0.12 flt=0.12 dmap=+0/-0 shz=4.0 plan=27 cmd=(lx=+0.00,ly=+0.28,rx=+0.00)
t= 10.1 ENG-GO pos=(-4.16,+1.47) yaw= -48.9 d=5.22 goal_err=+39 carrot_err= +17 c0=0.49 clear=0.33 prog=0.43 rel=0.85 bal=+0.13 obs=213 hard=185 obsc=221 yr=  1  nz=0.12 flt=0.09 dmap=+5/-1 shz=4.0 plan=27 cmd=(lx=+0.00,ly=+0.28,rx=+0.00)
[VIS] perc_n=0 age=- free_c=1.0 vismap=0/0 color=- carpet=- cnear=- crmin=- door=- dets=[-]
t= 10.2 ENG-GO pos=(-4.14,+1.45) yaw= -48.9 d=5.21 goal_err=+39 carrot_err= +14 c0=0.48 clear=0.32 prog=0.45 rel=0.84 bal=+0.06 obs=213 hard=185 obsc=221 yr=  0  nz=0.13 flt=0.09 dmap=+0/-0 shz=4.0 plan=27 cmd=(lx=+0.00,ly=+0.28,rx=+0.00)
t= 10.3 ENG-GO pos=(-4.13,+1.44) yaw= -48.7 d=5.19 goal_err=+39 carrot_err= +14 c0=0.58 clear=0.39 prog=0.46 rel=0.84 bal=+0.01 obs=214 hard=181 obsc=224 yr=  2  nz=0.13 flt=0.06 dmap=+3/-2 shz=4.0 plan=27 cmd=(lx=+0.00,ly=+0.28,rx=+0.00)
t= 10.4 ENG-GO pos=(-4.11,+1.44) yaw= -48.4 d=5.17 goal_err=+39 carrot_err= +13 c0=0.56 clear=0.37 prog=0.48 rel=0.87 bal=-0.01 obs=214 hard=181 obsc=224 yr=  3  nz=0.11 flt=0.06 dmap=+0/-0 shz=4.0 plan=27 cmd=(lx=+0.00,ly=+0.28,rx=+0.00)
t= 10.5 ENG-GO pos=(-4.09,+1.43) yaw= -48.1 d=5.15 goal_err=+38 carrot_err= +13 c0=0.54 clear=0.36 prog=0.50 rel=0.87 bal=-0.10 obs=211 hard=184 obsc=223 yr=  4  nz=0.11 flt=0.08 dmap=+3/-6 shz=4.0 plan=27 cmd=(lx=+0.00,ly=+0.28,rx=+0.00)
t= 10.6 ENG-GO pos=(-4.07,+1.42) yaw= -47.7 d=5.13 goal_err=+38 carrot_err= +12 c0=0.52 clear=0.34 prog=0.52 rel=0.87 bal=-0.11 obs=211 hard=184 obsc=223 yr=  4  nz=0.12 flt=0.08 dmap=+0/-0 shz=4.0 plan=27 cmd=(lx=+0.00,ly=+0.28,rx=+0.00)
t= 10.7 ENG-GO pos=(-4.05,+1.42) yaw= -47.4 d=5.11 goal_err=+38 carrot_err= +11 c0=0.50 clear=0.33 prog=0.52 rel=0.87 bal=-0.11 obs=211 hard=184 obsc=223 yr=  3  nz=0.12 flt=0.08 dmap=+0/-0 shz=4.0 plan=26 cmd=(lx=+0.00,ly=+0.28,rx=+0.00)
t= 10.8 ENG-GO pos=(-4.03,+1.41) yaw= -47.2 d=5.09 goal_err=+38 carrot_err= +11 c0=0.48 clear=0.32 prog=0.52 rel=0.87 bal=+0.02 obs=222 hard=189 obsc=234 yr=  2  nz=0.12 flt=0.36 dmap=+15/-4 shz=4.0 plan=26 cmd=(lx=+0.00,ly=+0.28,rx=+0.00)
t= 10.9 ENG-GO pos=(-4.01,+1.38) yaw= -47.2 d=5.06 goal_err=+38 carrot_err= +12 c0=0.45 clear=0.30 prog=0.53 rel=0.70 bal=+0.02 obs=222 hard=189 obsc=234 yr=  0  nz=0.18 flt=0.36 dmap=+0/-0 shz=4.0 plan=26 cmd=(lx=+0.00,ly=+0.28,rx=+0.00)
t= 11.0 ENG-GO pos=(-4.00,+1.36) yaw= -47.4 d=5.05 goal_err=+38 carrot_err= +12 c0=0.60 clear=0.40 prog=0.52 rel=0.70 bal=+0.03 obs=239 hard=202 obsc=254 yr=  1  nz=0.18 flt=0.28 dmap=+18/-1 shz=4.0 plan=26 cmd=(lx=+0.00,ly=+0.28,rx=+0.00)
t= 11.1 ENG-GO pos=(-4.00,+1.34) yaw= -47.7 d=5.05 goal_err=+39 carrot_err= +14 c0=0.58 clear=0.38 prog=0.49 rel=0.68 bal=+0.04 obs=239 hard=202 obsc=254 yr=  3  nz=0.21 flt=0.28 dmap=+0/-0 shz=4.0 plan=26 cmd=(lx=+0.00,ly=+0.28,rx=+0.00)
[VIS] perc_n=0 age=- free_c=1.0 vismap=0/0 color=- carpet=- cnear=- crmin=- door=- dets=[-]
t= 11.2 ENG-GO pos=(-3.99,+1.32) yaw= -48.1 d=5.04 goal_err=+39 carrot_err= +15 c0=0.56 clear=0.37 prog=0.48 rel=0.68 bal=+0.05 obs=239 hard=202 obsc=254 yr=  4  nz=0.21 flt=0.28 dmap=+0/-0 shz=4.0 plan=26 cmd=(lx=+0.00,ly=+0.28,rx=+0.00)
t= 11.3 ENG-GO pos=(-3.99,+1.30) yaw= -48.4 d=5.03 goal_err=+40 carrot_err= +16 c0=0.54 clear=0.36 prog=0.46 rel=0.68 bal=+0.06 obs=266 hard=221 obsc=281 yr=  4  nz=0.21 flt=0.19 dmap=+29/-2 shz=4.0 plan=26 cmd=(lx=+0.00,ly=+0.28,rx=+0.00)
t= 11.4 ENG-GO pos=(-3.98,+1.28) yaw= -48.7 d=5.02 goal_err=+41 carrot_err= +17 c0=0.52 clear=0.34 prog=0.45 rel=0.67 bal=+0.07 obs=266 hard=221 obsc=281 yr=  3  nz=0.22 flt=0.19 dmap=+0/-0 shz=4.0 plan=26 cmd=(lx=+0.00,ly=+0.28,rx=+0.00)
t= 11.5 ENG-GO pos=(-3.97,+1.26) yaw= -48.9 d=5.01 goal_err=+41 carrot_err= +18 c0=0.50 clear=0.33 prog=0.45 rel=0.67 bal=+0.07 obs=264 hard=217 obsc=283 yr=  2  nz=0.22 flt=0.24 dmap=+3/-5 shz=4.0 plan=26 cmd=(lx=+0.00,ly=+0.28,rx=+0.00)
t= 11.6 ENG-GO pos=(-3.96,+1.25) yaw= -48.9 d=5.00 goal_err=+41 carrot_err= +18 c0=0.48 clear=0.32 prog=0.45 rel=0.72 bal=+0.07 obs=264 hard=218 obsc=283 yr=  0  nz=0.22 flt=0.24 dmap=+0/-0 shz=4.0 plan=26 cmd=(lx=+0.00,ly=+0.28,rx=+0.00)
t= 11.7 ENG-GO pos=(-3.95,+1.24) yaw= -48.7 d=4.98 goal_err=+41 carrot_err= +24 c0=0.47 clear=0.31 prog=0.47 rel=0.72 bal=+0.07 obs=264 hard=218 obsc=283 yr=  2  nz=0.22 flt=0.24 dmap=+0/-0 shz=4.0 plan=26 cmd=(lx=+0.00,ly=+0.28,rx=+0.00)
t= 11.8 ENG-GO pos=(-3.93,+1.23) yaw= -48.4 d=4.96 goal_err=+41 carrot_err= +23 c0=0.71 clear=0.48 prog=0.49 rel=0.72 bal=+0.06 obs=264 hard=217 obsc=282 yr=  3  nz=0.22 flt=0.09 dmap=+2/-2 shz=4.0 plan=26 cmd=(lx=+0.00,ly=+0.28,rx=+0.00)
t= 11.9 ENG-GO pos=(-3.91,+1.23) yaw= -48.1 d=4.94 goal_err=+40 carrot_err= +23 c0=0.70 clear=0.47 prog=0.50 rel=0.68 bal=+0.05 obs=265 hard=218 obsc=283 yr=  4  nz=0.28 flt=0.09 dmap=+1/-0 shz=4.0 plan=26 cmd=(lx=+0.00,ly=+0.28,rx=+0.00)
t= 12.0 ENG-GO pos=(-3.89,+1.22) yaw= -47.7 d=4.93 goal_err=+40 carrot_err= +22 c0=0.69 clear=0.46 prog=0.52 rel=0.68 bal=+0.04 obs=263 hard=221 obsc=286 yr=  3  nz=0.28 flt=0.13 dmap=+3/-5 shz=4.0 plan=26 cmd=(lx=+0.00,ly=+0.28,rx=+0.00)
t= 12.1 ENG-GO pos=(-3.87,+1.22) yaw= -47.4 d=4.91 goal_err=+40 carrot_err= +22 c0=0.67 clear=0.45 prog=0.52 rel=0.68 bal=+0.03 obs=263 hard=221 obsc=286 yr=  3  nz=0.29 flt=0.13 dmap=+0/-0 shz=4.0 plan=26 cmd=(lx=+0.00,ly=+0.28,rx=+0.00)
[VIS] perc_n=0 age=- free_c=1.0 vismap=0/0 color=- carpet=- cnear=- crmin=- door=- dets=[-]
t= 12.2 ENG-GO pos=(-3.86,+1.21) yaw= -47.3 d=4.89 goal_err=+40 carrot_err= +22 c0=0.66 clear=0.44 prog=0.52 rel=0.68 bal=+0.02 obs=264 hard=222 obsc=287 yr=  1  nz=0.29 flt=0.13 dmap=+1/-0 shz=4.0 plan=25 cmd=(lx=+0.00,ly=+0.28,rx=+0.00)
t= 12.3 ENG-GO pos=(-3.85,+1.19) yaw= -47.3 d=4.88 goal_err=+40 carrot_err= +22 c0=0.64 clear=0.43 prog=0.50 rel=0.68 bal=+0.02 obs=259 hard=218 obsc=286 yr=  0  nz=0.29 flt=0.14 dmap=+3/-8 shz=4.0 plan=25 cmd=(lx=+0.00,ly=+0.28,rx=+0.00)
t= 12.4 ENG-GO pos=(-3.84,+1.18) yaw= -47.4 d=4.87 goal_err=+40 carrot_err= +23 c0=0.62 clear=0.41 prog=0.48 rel=0.71 bal=+0.02 obs=259 hard=218 obsc=286 yr=  1  nz=0.28 flt=0.14 dmap=+0/-0 shz=4.0 plan=25 cmd=(lx=+0.00,ly=+0.28,rx=+0.00)
t= 12.5 ENG-GO pos=(-3.84,+1.16) yaw= -47.7 d=4.86 goal_err=+41 carrot_err= +25 c0=0.60 clear=0.40 prog=0.46 rel=0.71 bal=+0.03 obs=246 hard=219 obsc=282 yr=  3  nz=0.28 flt=0.06 dmap=+6/-19 shz=4.0 plan=25 cmd=(lx=+0.00,ly=+0.28,rx=+0.00)
t= 12.6 ENG-GO pos=(-3.83,+1.13) yaw= -48.1 d=4.85 goal_err=+41 carrot_err= +26 c0=0.58 clear=0.39 prog=0.44 rel=0.71 bal=+0.04 obs=246 hard=219 obsc=282 yr=  4  nz=0.27 flt=0.06 dmap=+0/-0 shz=4.0 plan=25 cmd=(lx=+0.00,ly=+0.28,rx=+0.00)
t= 12.7 ENG-GO pos=(-3.83,+1.12) yaw= -48.4 d=4.85 goal_err=+42 carrot_err= +28 c0=0.56 clear=0.38 prog=0.42 rel=0.71 bal=+0.05 obs=246 hard=219 obsc=282 yr=  4  nz=0.27 flt=0.06 dmap=+0/-0 shz=4.0 plan=25 cmd=(lx=+0.00,ly=+0.28,rx=+0.00)
t= 12.8 ENG-GO pos=(-3.82,+1.10) yaw= -48.8 d=4.84 goal_err=+43 carrot_err= +29 c0=0.54 clear=0.36 prog=0.39 rel=0.71 bal=+0.06 obs=245 hard=210 obsc=264 yr=  3  nz=0.27 flt=0.22 dmap=+1/-2 shz=4.0 plan=25 cmd=(lx=+0.00,ly=+0.28,rx=+0.00)
t= 12.9 ENG-GO pos=(-3.81,+1.08) yaw= -49.0 d=4.83 goal_err=+43 carrot_err= +30 c0=0.53 clear=0.35 prog=0.39 rel=0.81 bal=+0.06 obs=245 hard=210 obsc=264 yr=  2  nz=0.15 flt=0.22 dmap=+0/-0 shz=4.0 plan=25 cmd=(lx=+0.00,ly=+0.28,rx=+0.00)
t= 13.0 ENG-GO pos=(-3.80,+1.07) yaw= -49.0 d=4.82 goal_err=+43 carrot_err= +31 c0=0.51 clear=0.34 prog=0.39 rel=0.81 bal=+0.06 obs=246 hard=212 obsc=267 yr=  0  nz=0.15 flt=0.09 dmap=+3/-2 shz=4.0 plan=25 cmd=(lx=+0.00,ly=+0.28,rx=+0.00)
t= 13.1 ENG-GO pos=(-3.79,+1.06) yaw= -48.8 d=4.80 goal_err=+43 carrot_err= +31 c0=0.50 clear=0.33 prog=0.41 rel=0.80 bal=+0.05 obs=246 hard=212 obsc=267 yr=  2  nz=0.14 flt=0.09 dmap=+0/-0 shz=4.0 plan=25 cmd=(lx=+0.00,ly=+0.28,rx=+0.00)
[VIS] perc_n=0 age=- free_c=1.0 vismap=0/0 color=- carpet=- cnear=- crmin=- door=- dets=[-]
t= 13.2 ENG-GO pos=(-3.77,+1.05) yaw= -48.6 d=4.79 goal_err=+43 carrot_err= +31 c0=0.48 clear=0.32 prog=0.43 rel=0.80 bal=+0.04 obs=246 hard=212 obsc=267 yr=  2  nz=0.14 flt=0.09 dmap=+0/-0 shz=4.0 plan=25 cmd=(lx=+0.00,ly=+0.28,rx=+0.00)
t= 13.3 ENG-GO pos=(-3.75,+1.04) yaw= -48.2 d=4.76 goal_err=+43 carrot_err= +30 c0=0.47 clear=0.31 prog=0.45 rel=0.80 bal=-0.04 obs=248 hard=218 obsc=266 yr=  4  nz=0.14 flt=0.10 dmap=+5/-3 shz=4.0 plan=25 cmd=(lx=+0.00,ly=+0.28,rx=+0.00)
t= 13.4 ENG-GO pos=(-3.73,+1.04) yaw= -47.9 d=4.74 goal_err=+42 carrot_err= +30 c0=0.90 clear=0.60 prog=0.46 rel=0.82 bal=-0.05 obs=248 hard=218 obsc=266 yr=  3  nz=0.15 flt=0.10 dmap=+0/-0 shz=4.0 plan=25 cmd=(lx=+0.00,ly=+0.28,rx=+0.00)
t= 13.5 ENG-GO pos=(-3.71,+1.03) yaw= -47.6 d=4.72 goal_err=+42 carrot_err= +30 c0=0.88 clear=0.59 prog=0.48 rel=0.82 bal=-0.06 obs=248 hard=215 obsc=268 yr=  3  nz=0.15 flt=0.12 dmap=+3/-3 shz=4.0 plan=25 cmd=(lx=+0.00,ly=+0.28,rx=+0.00)
t= 13.6 ENG-GO pos=(-3.70,+1.02) yaw= -47.4 d=4.71 goal_err=+42 carrot_err= +34 c0=0.87 clear=0.58 prog=0.47 rel=0.75 bal=-0.05 obs=248 hard=215 obsc=268 yr=  2  nz=0.23 flt=0.12 dmap=+0/-0 shz=4.0 plan=25 cmd=(lx=+0.00,ly=+0.28,rx=+0.00)
t= 13.7 ENG-GO pos=(-3.68,+1.00) yaw= -47.4 d=4.69 goal_err=+42 carrot_err= +34 c0=0.85 clear=0.57 prog=0.46 rel=0.75 bal=-0.05 obs=254 hard=223 obsc=273 yr=  0  nz=0.23 flt=0.14 dmap=+6/-0 shz=4.0 plan=24 cmd=(lx=+0.00,ly=+0.28,rx=+0.00)
t= 13.9 ENG-GO pos=(-3.68,+0.99) yaw= -47.6 d=4.68 goal_err=+42 carrot_err= +36 c0=0.83 clear=0.56 prog=0.45 rel=0.73 bal=+0.08 obs=254 hard=224 obsc=273 yr=  2  nz=0.27 flt=0.14 dmap=+0/-0 shz=4.0 plan=24 cmd=(lx=+0.00,ly=+0.28,rx=+0.00)
t= 14.0 ENG-CG pos=(-3.67,+0.97) yaw= -47.9 d=4.68 goal_err=+43 carrot_err= +37 c0=0.81 clear=0.54 prog=0.43 rel=0.73 bal=+0.09 obs=254 hard=224 obsc=273 yr=  3  nz=0.27 flt=0.14 dmap=+0/-0 shz=4.0 plan=24 cmd=(lx=-0.34,ly=+0.28,rx=+0.00)
t= 14.1 ENG-CG pos=(-3.66,+0.95) yaw= -48.2 d=4.67 goal_err=+44 carrot_err= +39 c0=0.79 clear=0.53 prog=0.41 rel=0.73 bal=+0.10 obs=257 hard=223 obsc=276 yr=  4  nz=0.27 flt=0.09 dmap=+4/-1 shz=4.0 plan=24 cmd=(lx=-0.34,ly=+0.28,rx=+0.00)
t= 14.2 ENG-GO pos=(-3.64,+0.94) yaw= -48.6 d=4.65 goal_err=+44 carrot_err= +39 c0=0.78 clear=0.52 prog=0.42 rel=0.70 bal=+0.09 obs=258 hard=224 obsc=277 yr=  3  nz=0.28 flt=0.09 dmap=+1/-0 shz=4.0 plan=24 cmd=(lx=+0.00,ly=+0.28,rx=+0.00)
[VIS] perc_n=0 age=- free_c=1.0 vismap=0/0 color=- carpet=- cnear=- crmin=- door=- dets=[-]
t= 14.3 ENG-GO pos=(-3.62,+0.94) yaw= -48.9 d=4.62 goal_err=+44 carrot_err= +39 c0=0.77 clear=0.52 prog=0.44 rel=0.70 bal=+0.10 obs=275 hard=235 obsc=292 yr=  3  nz=0.28 flt=0.33 dmap=+19/-2 shz=4.0 plan=24 cmd=(lx=+0.00,ly=+0.28,rx=+0.00)
t= 14.4 ENG-GO pos=(-3.61,+0.93) yaw= -49.1 d=4.61 goal_err=+45 carrot_err= +40 c0=0.75 clear=0.50 prog=0.44 rel=0.56 bal=+0.11 obs=275 hard=235 obsc=292 yr=  2  nz=0.34 flt=0.33 dmap=+0/-0 shz=4.0 plan=24 cmd=(lx=+0.00,ly=+0.28,rx=+0.00)
t= 14.5 ENG-GO pos=(-3.60,+0.91) yaw= -49.1 d=4.60 goal_err=+45 carrot_err= +41 c0=0.81 clear=0.54 prog=0.45 rel=0.56 bal=+0.61 obs=276 hard=236 obsc=293 yr=  0  nz=0.34 flt=0.33 dmap=+1/-0 shz=4.0 plan=24 cmd=(lx=+0.00,ly=+0.28,rx=+0.00)
t= 14.6 ENG-GO pos=(-3.58,+0.90) yaw= -48.9 d=4.58 goal_err=+45 carrot_err= +42 c0=0.80 clear=0.53 prog=0.47 rel=0.56 bal=+0.24 obs=289 hard=252 obsc=320 yr=  2  nz=0.34 flt=0.23 dmap=+16/-3 shz=4.0 plan=24 cmd=(lx=+0.00,ly=+0.28,rx=+0.00)
t= 14.7 ENG-GO pos=(-3.56,+0.89) yaw= -48.6 d=4.56 goal_err=+45 carrot_err= +42 c0=0.78 clear=0.52 prog=0.49 rel=0.58 bal=+0.23 obs=289 hard=252 obsc=320 yr=  3  nz=0.34 flt=0.23 dmap=+0/-0 shz=4.0 plan=24 cmd=(lx=+0.00,ly=+0.28,rx=+0.00)
t= 14.8 ENG-GO pos=(-3.54,+0.89) yaw= -48.3 d=4.54 goal_err=+44 carrot_err= +42 c0=0.77 clear=0.51 prog=0.52 rel=0.58 bal=+0.22 obs=302 hard=259 obsc=328 yr=  4  nz=0.34 flt=0.21 dmap=+15/-2 shz=4.0 plan=24 cmd=(lx=+0.00,ly=+0.28,rx=+0.00)
t= 14.9 ENG-GO pos=(-3.52,+0.88) yaw= -47.9 d=4.52 goal_err=+44 carrot_err= +42 c0=0.75 clear=0.50 prog=0.53 rel=0.58 bal=+0.21 obs=302 hard=259 obsc=328 yr=  4  nz=0.33 flt=0.21 dmap=+0/-0 shz=4.0 plan=24 cmd=(lx=+0.00,ly=+0.28,rx=+0.00)
t= 15.0 ENG-GO pos=(-3.50,+0.87) yaw= -47.6 d=4.50 goal_err=+44 carrot_err= +42 c0=0.74 clear=0.49 prog=0.54 rel=0.58 bal=+0.21 obs=303 hard=260 obsc=329 yr=  3  nz=0.33 flt=0.21 dmap=+1/-0 shz=4.0 plan=24 cmd=(lx=+0.00,ly=+0.28,rx=+0.00)
t= 15.1 ENG-GO pos=(-3.49,+0.86) yaw= -47.5 d=4.49 goal_err=+44 carrot_err= +43 c0=0.72 clear=0.48 prog=0.55 rel=0.58 bal=+0.20 obs=304 hard=256 obsc=331 yr=  1  nz=0.33 flt=0.25 dmap=+4/-3 shz=4.0 plan=24 cmd=(lx=+0.00,ly=+0.28,rx=+0.00)
t= 15.2 ENG-GO pos=(-3.48,+0.85) yaw= -47.5 d=4.47 goal_err=+44 carrot_err= +44 c0=0.71 clear=0.47 prog=0.54 rel=0.80 bal=+0.21 obs=304 hard=256 obsc=331 yr=  0  nz=0.19 flt=0.25 dmap=+0/-0 shz=4.0 plan=24 cmd=(lx=+0.00,ly=+0.28,rx=+0.00)
[VIS] perc_n=0 age=- free_c=1.0 vismap=0/0 color=- carpet=- cnear=- crmin=- door=- dets=[-]
t= 15.3 ENG-GO pos=(-3.47,+0.84) yaw= -47.7 d=4.47 goal_err=+44 carrot_err= +45 c0=0.69 clear=0.46 prog=0.52 rel=0.80 bal=+0.41 obs=311 hard=257 obsc=335 yr=  2  nz=0.19 flt=0.11 dmap=+7/-0 shz=4.0 plan=23 cmd=(lx=+0.00,ly=+0.28,rx=+0.00)
t= 15.4 ENG-GO pos=(-3.46,+0.82) yaw= -47.9 d=4.46 goal_err=+45 carrot_err= +47 c0=0.67 clear=0.45 prog=0.49 rel=0.80 bal=+0.41 obs=311 hard=257 obsc=335 yr=  2  nz=0.19 flt=0.11 dmap=+0/-0 shz=4.0 plan=23 cmd=(lx=+0.00,ly=+0.28,rx=+0.00)
t= 15.5 ENG-GO pos=(-3.46,+0.79) yaw= -48.3 d=4.45 goal_err=+45 carrot_err= +49 c0=0.65 clear=0.43 prog=0.46 rel=0.80 bal=+0.43 obs=313 hard=259 obsc=336 yr=  4  nz=0.19 flt=0.11 dmap=+2/-0 shz=4.0 plan=23 cmd=(lx=+0.00,ly=+0.28,rx=+0.00)
t= 15.6 ENG-GO pos=(-3.45,+0.77) yaw= -48.7 d=4.45 goal_err=+46 carrot_err= +51 c0=0.63 clear=0.42 prog=0.45 rel=0.80 bal=+0.44 obs=314 hard=262 obsc=339 yr=  4  nz=0.19 flt=0.11 dmap=+5/-4 shz=4.0 plan=23 cmd=(lx=+0.00,ly=+0.28,rx=+0.00)
t= 15.7 ENG-GO pos=(-3.45,+0.75) yaw= -48.9 d=4.44 goal_err=+47 carrot_err= +52 c0=0.61 clear=0.41 prog=0.43 rel=0.76 bal=+0.33 obs=314 hard=262 obsc=339 yr=  3  nz=0.21 flt=0.11 dmap=+0/-0 shz=4.0 plan=23 cmd=(lx=+0.00,ly=+0.28,rx=+0.00)
t= 15.8 ENG-CG pos=(-3.44,+0.74) yaw= -49.1 d=4.43 goal_err=+47 carrot_err= +53 c0=0.59 clear=0.39 prog=0.43 rel=0.76 bal=+0.34 obs=314 hard=264 obsc=344 yr=  2  nz=0.21 flt=0.15 dmap=+7/-7 shz=4.0 plan=23 cmd=(lx=-0.34,ly=+0.28,rx=+0.00)
t= 15.9 ENG-CG pos=(-3.43,+0.72) yaw= -49.1 d=4.42 goal_err=+47 carrot_err= +54 c0=0.57 clear=0.38 prog=0.44 rel=0.73 bal=+0.34 obs=314 hard=264 obsc=344 yr=  0  nz=0.23 flt=0.15 dmap=+0/-0 shz=4.0 plan=23 cmd=(lx=-0.34,ly=+0.28,rx=+0.00)
t= 16.0 ENG-GO pos=(-3.40,+0.73) yaw= -49.0 d=4.39 goal_err=+47 carrot_err= +54 c0=0.56 clear=0.38 prog=0.48 rel=0.73 bal=+0.30 obs=315 hard=265 obsc=344 yr=  1  nz=0.23 flt=0.15 dmap=+1/-0 shz=4.0 plan=23 cmd=(lx=+0.00,ly=+0.28,rx=+0.00)
t= 16.1 ENG-GO pos=(-3.36,+0.74) yaw= -48.7 d=4.35 goal_err=+46 carrot_err= +53 c0=0.56 clear=0.37 prog=0.51 rel=0.73 bal=+0.39 obs=304 hard=263 obsc=343 yr=  4  nz=0.23 flt=0.08 dmap=+5/-16 shz=4.0 plan=23 cmd=(lx=+0.00,ly=+0.28,rx=+0.00)
DOOR-ENG CROSSED t=16s pos=(-3.34,+0.73)
t= 16.2 DOOR-CTR pos=(-3.34,+0.73) yaw= -48.3 d=4.33 goal_err=+46 carrot_err= +54 c0=0.80 clear=0.54 prog=0.50 rel=0.77 bal=+0.37 obs=304 hard=263 obsc=343 yr=  4  nz=0.20 flt=0.08 dmap=+0/-0 shz=4.0 plan=23 cmd=(lx=-0.34,ly=+0.00,rx=+0.00)
[VIS] perc_n=0 age=- free_c=1.0 vismap=0/0 color=- carpet=- cnear=- crmin=- door=- dets=[-]
  STRAFE-CAL lx=-0.34 medido=+1.1cm/tick IZQ
t= 16.3 DOOR-AL pos=(-3.32,+0.72) yaw= -47.8 d=4.31 goal_err=+46 carrot_err= +54 c0=0.79 clear=0.53 prog=0.52 rel=0.77 bal=+0.35 obs=307 hard=261 obsc=327 yr=  4  nz=0.20 flt=0.10 dmap=+4/-1 shz=4.0 plan=23 cmd=(lx=+0.00,ly=+0.00,rx=-0.45)
  TURN-CAL rx=-0.45 esperado=+46deg/s medido=+3deg/s OK
t= 16.4 DOOR-AL pos=(-3.29,+0.75) yaw= -47.5 d=4.29 goal_err=+45 carrot_err= +38 c0=0.80 clear=0.53 prog=0.54 rel=0.81 bal=+0.31 obs=307 hard=261 obsc=327 yr=  3G nz=0.16 flt=0.10 dmap=+0/-0 shz=4.0 plan=23 cmd=(lx=+0.00,ly=+0.00,rx=-0.45)
  TURN-CAL rx=-0.45 esperado=+46deg/s medido=+41deg/s OK
t= 16.5 DWA-F pos=(-3.29,+0.75) yaw= -43.4 d=4.28 goal_err=+41 carrot_err= +34 c0=1.07 clear=0.71 prog=0.52 rel=0.81 bal=+0.25 obs=307 hard=263 obsc=327 yr= 41G nz=0.16 flt=0.10 dmap=+0/-0 shz=4.0 plan=23 cmd=(lx=+0.00,ly=+0.40,rx=-0.45)
DOOR-GUARD techo de zona-vano t=16s pos=(-3.29,+0.75)
t= 16.6 DWA-F pos=(-3.29,+0.75) yaw= -39.3 d=4.29 goal_err=+37 carrot_err= +30 c0=1.07 clear=0.71 prog=0.48 rel=0.68 bal=+0.24 obs=307 hard=263 obsc=327 yr= 39G nz=0.29 flt=0.10 dmap=+0/-0 shz=4.0 plan=23 cmd=(lx=+0.00,ly=+0.40,rx=+0.00)
t= 16.7 DWA-F pos=(-3.28,+0.74) yaw= -36.3 d=4.27 goal_err=+34 carrot_err= +27 c0=2.05 clear=1.00 prog=0.46 rel=0.68 bal=+0.25 obs=307 hard=263 obsc=327 yr= 30  nz=0.29 flt=0.10 dmap=+0/-0 shz=4.0 plan=23 cmd=(lx=+0.00,ly=+0.40,rx=+0.00)
t= 16.8 DWA-F pos=(-3.27,+0.72) yaw= -34.9 d=4.26 goal_err=+33 carrot_err= +15 c0=2.03 clear=1.00 prog=0.44 rel=0.68 bal=+0.13 obs=307 hard=266 obsc=335 yr= 13  nz=0.29 flt=0.14 dmap=+3/-3 shz=4.0 plan=22 cmd=(lx=+0.00,ly=+0.40,rx=+0.00)
t= 16.9 DWA-F pos=(-3.25,+0.69) yaw= -35.3 d=4.24 goal_err=+34 carrot_err= +16 c0=1.99 clear=1.00 prog=0.45 rel=0.17 bal=+0.14 obs=307 hard=266 obsc=335 yr=  4  nz=0.81 flt=0.14 dmap=+0/-0 shz=4.0 plan=22 cmd=(lx=+0.00,ly=+0.40,rx=+0.00)
t= 17.0 DWA-F pos=(-3.24,+0.67) yaw= -35.7 d=4.23 goal_err=+34 carrot_err= +18 c0=1.97 clear=1.00 prog=0.44 rel=0.17 bal=+0.15 obs=319 hard=273 obsc=342 yr=  3  nz=0.81 flt=0.04 dmap=+12/-0 shz=4.0 plan=22 cmd=(lx=+0.00,ly=+0.40,rx=+0.00)
t= 17.1 DWA-F pos=(-3.23,+0.65) yaw= -36.0 d=4.22 goal_err=+35 carrot_err= +19 c0=1.95 clear=1.00 prog=0.44 rel=0.06 bal=+0.16 obs=319 hard=273 obsc=342 yr=  3  nz=0.94 flt=0.04 dmap=+0/-0 shz=4.0 plan=22 cmd=(lx=+0.00,ly=+0.40,rx=+0.00)
t= 17.2 DWA-F pos=(-3.22,+0.64) yaw= -36.2 d=4.21 goal_err=+35 carrot_err= +20 c0=1.93 clear=1.00 prog=0.44 rel=0.06 bal=+0.17 obs=321 hard=275 obsc=344 yr=  2  nz=0.94 flt=0.04 dmap=+2/-0 shz=4.0 plan=22 cmd=(lx=+0.00,ly=+0.40,rx=+0.00)
[VIS] perc_n=0 age=- free_c=1.0 vismap=0/0 color=- carpet=- cnear=- crmin=- door=- dets=[-]
t= 17.3 DWA-F pos=(-3.20,+0.63) yaw= -36.2 d=4.19 goal_err=+35 carrot_err= +20 c0=1.91 clear=1.00 prog=0.46 rel=0.06 bal=+0.17 obs=324 hard=279 obsc=350 yr=  0  nz=0.94 flt=0.14 dmap=+5/-2 shz=4.0 plan=22 cmd=(lx=+0.00,ly=+0.40,rx=+0.00)
t= 17.4 DWA-F pos=(-3.18,+0.62) yaw= -36.1 d=4.17 goal_err=+35 carrot_err= +20 c0=1.89 clear=1.00 prog=0.48 rel=0.07 bal=+0.17 obs=324 hard=279 obsc=350 yr=  1  nz=0.92 flt=0.14 dmap=+0/-0 shz=4.0 plan=22 cmd=(lx=+0.00,ly=+0.40,rx=+0.00)
t= 17.5 DWA-F pos=(-3.16,+0.61) yaw= -35.8 d=4.15 goal_err=+35 carrot_err= +20 c0=1.88 clear=1.00 prog=0.51 rel=0.07 bal=+0.16 obs=329 hard=283 obsc=352 yr=  3  nz=0.92 flt=0.09 dmap=+5/-0 shz=4.0 plan=22 cmd=(lx=+0.00,ly=+0.40,rx=+0.00)
t= 17.6 DWA-F pos=(-3.14,+0.62) yaw= -35.3 d=4.13 goal_err=+35 carrot_err= +19 c0=1.87 clear=1.00 prog=0.53 rel=0.10 bal=+0.15 obs=329 hard=283 obsc=352 yr=  4  nz=0.89 flt=0.09 dmap=+0/-0 shz=4.0 plan=22 cmd=(lx=+0.00,ly=+0.40,rx=+0.00)
t= 17.7 DWA-F pos=(-3.12,+0.61) yaw= -34.9 d=4.11 goal_err=+34 carrot_err= +18 c0=2.50 clear=1.00 prog=0.56 rel=0.10 bal=+0.13 obs=329 hard=283 obsc=352 yr=  4  nz=0.89 flt=0.09 dmap=+0/-0 shz=4.0 plan=22 cmd=(lx=+0.00,ly=+0.40,rx=+0.00)
t= 17.8 DWA-F pos=(-3.10,+0.61) yaw= -34.6 d=4.09 goal_err=+34 carrot_err= +21 c0=2.50 clear=1.00 prog=0.57 rel=0.10 bal=+0.12 obs=340 hard=295 obsc=367 yr=  3  nz=0.89 flt=0.09 dmap=+15/-4 shz=4.0 plan=22 cmd=(lx=+0.00,ly=+0.40,rx=+0.00)
t= 17.9 DWA-F pos=(-3.08,+0.60) yaw= -34.4 d=4.07 goal_err=+34 carrot_err= +21 c0=2.50 clear=1.00 prog=0.54 rel=0.34 bal=+0.12 obs=340 hard=296 obsc=367 yr=  2  nz=0.66 flt=0.09 dmap=+0/-0 shz=4.0 plan=22 cmd=(lx=+0.00,ly=+0.40,rx=+0.00)
t= 18.0 DWA-F pos=(-3.07,+0.59) yaw= -34.4 d=4.06 goal_err=+34 carrot_err= +22 c0=2.50 clear=1.00 prog=0.51 rel=0.34 bal=+0.20 obs=348 hard=301 obsc=372 yr=  0  nz=0.66 flt=0.07 dmap=+9/-1 shz=4.0 plan=22 cmd=(lx=+0.00,ly=+0.40,rx=+0.00)
t= 18.1 DWA-F pos=(-3.06,+0.58) yaw= -34.6 d=4.05 goal_err=+34 carrot_err= +23 c0=2.50 clear=1.00 prog=0.49 rel=0.57 bal=+0.20 obs=348 hard=301 obsc=372 yr=  2  nz=0.43 flt=0.07 dmap=+0/-0 shz=4.0 plan=22 cmd=(lx=+0.00,ly=+0.40,rx=+0.00)
t= 18.2 DWA-F pos=(-3.05,+0.56) yaw= -34.8 d=4.04 goal_err=+35 carrot_err= +24 c0=2.50 clear=1.00 prog=0.47 rel=0.57 bal=+0.21 obs=348 hard=301 obsc=372 yr=  2  nz=0.43 flt=0.07 dmap=+0/-0 shz=4.0 plan=22 cmd=(lx=+0.00,ly=+0.40,rx=+0.00)
[VIS] perc_n=0 age=- free_c=1.0 vismap=0/0 color=- carpet=- cnear=- crmin=- door=- dets=[-]
t= 18.3 DWA-F pos=(-3.04,+0.54) yaw= -35.2 d=4.03 goal_err=+36 carrot_err= +26 c0=2.50 clear=1.00 prog=0.45 rel=0.57 bal=+0.22 obs=351 hard=302 obsc=375 yr=  4  nz=0.43 flt=0.06 dmap=+4/-1 shz=4.0 plan=21 cmd=(lx=+0.00,ly=+0.40,rx=+0.00)
t= 18.4 DWA-F pos=(-3.03,+0.52) yaw= -35.6 d=4.02 goal_err=+36 carrot_err= +27 c0=2.50 clear=1.00 prog=0.46 rel=0.54 bal=+0.23 obs=351 hard=302 obsc=375 yr=  3  nz=0.46 flt=0.06 dmap=+0/-0 shz=4.0 plan=21 cmd=(lx=+0.00,ly=+0.40,rx=+0.00)
t= 18.5 DWA-F pos=(-3.02,+0.50) yaw= -35.9 d=4.01 goal_err=+37 carrot_err= +29 c0=2.50 clear=1.00 prog=0.47 rel=0.54 bal=+0.25 obs=354 hard=307 obsc=376 yr=  3  nz=0.46 flt=0.19 dmap=+3/-0 shz=4.0 plan=21 cmd=(lx=+0.00,ly=+0.40,rx=+0.00)
t= 18.7 DWA-F pos=(-3.01,+0.49) yaw= -36.0 d=4.00 goal_err=+37 carrot_err= +30 c0=2.50 clear=1.00 prog=0.47 rel=0.54 bal=+0.25 obs=354 hard=307 obsc=376 yr=  1  nz=0.45 flt=0.19 dmap=+0/-0 shz=4.0 plan=21 cmd=(lx=+0.00,ly=+0.40,rx=+0.00)
t= 18.8 DWA-F pos=(-2.99,+0.48) yaw= -36.0 d=3.98 goal_err=+37 carrot_err= +30 c0=2.50 clear=1.00 prog=0.48 rel=0.54 bal=+0.25 obs=354 hard=308 obsc=382 yr=  0  nz=0.45 flt=0.08 dmap=+3/-3 shz=4.0 plan=21 cmd=(lx=+0.00,ly=+0.40,rx=+0.00)
t= 18.9 DWA-F pos=(-2.97,+0.47) yaw= -35.8 d=3.97 goal_err=+37 carrot_err= +30 c0=2.49 clear=1.00 prog=0.47 rel=0.56 bal=+0.24 obs=354 hard=308 obsc=382 yr=  2  nz=0.43 flt=0.08 dmap=+0/-0 shz=4.0 plan=21 cmd=(lx=+0.00,ly=+0.40,rx=+0.00)
t= 19.0 DWA-F pos=(-2.95,+0.47) yaw= -35.5 d=3.95 goal_err=+37 carrot_err= +30 c0=2.47 clear=1.00 prog=0.49 rel=0.56 bal=+0.23 obs=354 hard=308 obsc=382 yr=  3  nz=0.43 flt=0.08 dmap=+0/-0 shz=4.0 plan=21 cmd=(lx=+0.00,ly=+0.40,rx=+0.00)
t= 19.1 DWA-F pos=(-2.93,+0.46) yaw= -35.1 d=3.92 goal_err=+37 carrot_err= +30 c0=2.50 clear=1.00 prog=0.52 rel=0.56 bal=+0.09 obs=356 hard=313 obsc=383 yr=  4  nz=0.43 flt=0.10 dmap=+5/-3 shz=4.0 plan=21 cmd=(lx=+0.00,ly=+0.40,rx=+0.00)
t= 19.2 DWA-F pos=(-2.90,+0.45) yaw= -34.7 d=3.89 goal_err=+36 carrot_err= +31 c0=2.50 clear=1.00 prog=0.54 rel=0.98 bal=+0.08 obs=356 hard=313 obsc=383 yr=  4  nz=0.02 flt=0.10 dmap=+0/-0 shz=4.0 plan=21 cmd=(lx=+0.00,ly=+0.40,rx=+0.00)
t= 19.3 DWA-F pos=(-2.87,+0.44) yaw= -34.5 d=3.86 goal_err=+36 carrot_err= +32 c0=2.50 clear=1.00 prog=0.56 rel=0.98 bal=+0.08 obs=357 hard=315 obsc=387 yr=  2  nz=0.02 flt=0.14 dmap=+5/-4 shz=4.0 plan=21 cmd=(lx=+0.00,ly=+0.40,rx=+0.00)
[VIS] perc_n=0 age=- free_c=1.0 vismap=0/0 color=- carpet=- cnear=- crmin=- door=- dets=[-]
t= 19.4 DWA-F pos=(-2.84,+0.43) yaw= -34.4 d=3.83 goal_err=+36 carrot_err= +32 c0=2.49 clear=1.00 prog=0.58 rel=0.96 bal=+0.07 obs=358 hard=316 obsc=388 yr=  1  nz=0.02 flt=0.14 dmap=+1/-0 shz=4.0 plan=21 cmd=(lx=+0.00,ly=+0.40,rx=+0.00)
t= 19.5 DWA-F pos=(-2.82,+0.41) yaw= -34.4 d=3.81 goal_err=+37 carrot_err= +33 c0=2.46 clear=1.00 prog=0.59 rel=0.96 bal=+0.07 obs=359 hard=317 obsc=389 yr=  0  nz=0.02 flt=0.14 dmap=+1/-0 shz=4.0 plan=21 cmd=(lx=+0.00,ly=+0.40,rx=+0.00)
t= 19.6 DWA-F pos=(-2.79,+0.39) yaw= -34.6 d=3.79 goal_err=+37 carrot_err= +35 c0=2.43 clear=1.00 prog=0.59 rel=0.96 bal=+0.08 obs=363 hard=315 obsc=388 yr=  2  nz=0.02 flt=0.07 dmap=+6/-2 shz=4.0 plan=21 cmd=(lx=+0.00,ly=+0.40,rx=+0.00)
t= 19.7 DWA-F pos=(-2.77,+0.37) yaw= -34.9 d=3.76 goal_err=+38 carrot_err= +37 c0=2.40 clear=1.00 prog=0.59 rel=0.93 bal=+0.10 obs=363 hard=316 obsc=388 yr=  3  nz=0.06 flt=0.07 dmap=+0/-0 shz=4.0 plan=21 cmd=(lx=+0.00,ly=+0.40,rx=-0.45)
t= 19.8 DWA-F pos=(-2.75,+0.34) yaw= -35.4 d=3.75 goal_err=+39 carrot_err= +40 c0=2.36 clear=1.00 prog=0.58 rel=0.93 bal=+0.12 obs=364 hard=318 obsc=389 yr=  4G nz=0.06 flt=0.19 dmap=+1/-0 shz=4.0 plan=21 cmd=(lx=+0.00,ly=+0.40,rx=-0.45)
t= 19.9 DWA-F pos=(-2.73,+0.32) yaw= -31.7 d=3.73 goal_err=+36 carrot_err= +38 c0=2.33 clear=1.00 prog=0.58 rel=0.89 bal=+0.13 obs=364 hard=318 obsc=389 yr= 35G nz=0.10 flt=0.19 dmap=+0/-0 shz=4.0 plan=20 cmd=(lx=+0.00,ly=+0.40,rx=-0.45)
t= 20.0 DWA-F pos=(-2.71,+0.30) yaw= -28.0 d=3.71 goal_err=+32 carrot_err= +36 c0=2.42 clear=1.00 prog=0.59 rel=0.89 bal=+0.14 obs=364 hard=318 obsc=389 yr= 35G nz=0.10 flt=0.19 dmap=+0/-0 shz=4.0 plan=20 cmd=(lx=+0.00,ly=+0.40,rx=-0.45)
t= 20.1 DWA-F pos=(-2.68,+0.28) yaw= -24.2 d=3.68 goal_err=+29 carrot_err= +19 c0=2.50 clear=1.00 prog=0.62 rel=0.89 bal=+0.15 obs=364 hard=319 obsc=389 yr= 38G nz=0.10 flt=0.11 dmap=+0/-0 shz=4.0 plan=20 cmd=(lx=+0.00,ly=+0.40,rx=+0.00)
t= 20.2 DWA-F pos=(-2.65,+0.26) yaw= -20.1 d=3.65 goal_err=+25 carrot_err= +16 c0=1.66 clear=1.00 prog=0.65 rel=0.90 bal=+0.01 obs=365 hard=320 obsc=390 yr= 39  nz=0.10 flt=0.11 dmap=+1/-0 shz=4.0 plan=20 cmd=(lx=+0.00,ly=+0.40,rx=+0.00)
t= 20.3 DWA-F pos=(-2.62,+0.26) yaw= -20.0 d=3.62 goal_err=+25 carrot_err= +16 c0=1.63 clear=1.00 prog=0.69 rel=0.90 bal=-0.25 obs=372 hard=322 obsc=402 yr=  1  nz=0.10 flt=0.08 dmap=+9/-2 shz=4.0 plan=20 cmd=(lx=+0.00,ly=+0.40,rx=+0.00)
[VIS] perc_n=0 age=- free_c=1.0 vismap=0/0 color=- carpet=- cnear=- crmin=- door=- dets=[-]
t= 20.4 DWA-F pos=(-2.59,+0.26) yaw= -19.7 d=3.59 goal_err=+25 carrot_err= +15 c0=1.59 clear=1.00 prog=0.73 rel=0.51 bal=-0.26 obs=373 hard=323 obsc=402 yr=  3  nz=0.49 flt=0.08 dmap=+1/-0 shz=4.0 plan=20 cmd=(lx=+0.00,ly=+0.40,rx=+0.00)
t= 20.5 DWA-F pos=(-2.56,+0.26) yaw= -19.4 d=3.56 goal_err=+24 carrot_err= +15 c0=1.56 clear=1.00 prog=0.77 rel=0.51 bal=-0.28 obs=379 hard=324 obsc=407 yr=  3  nz=0.49 flt=0.04 dmap=+8/-2 shz=4.0 plan=20 cmd=(lx=+0.00,ly=+0.40,rx=+0.00)
t= 20.6 DWA-F pos=(-2.52,+0.26) yaw= -19.0 d=3.52 goal_err=+24 carrot_err= +14 c0=1.33 clear=0.89 prog=0.81 rel=0.39 bal=-0.29 obs=379 hard=324 obsc=407 yr=  3  nz=0.61 flt=0.04 dmap=+0/-0 shz=4.0 plan=20 cmd=(lx=+0.00,ly=+0.40,rx=+0.00)
t= 20.7 DWA-F pos=(-2.49,+0.26) yaw= -18.8 d=3.50 goal_err=+24 carrot_err= +15 c0=1.30 clear=0.87 prog=0.83 rel=0.39 bal=-0.30 obs=379 hard=324 obsc=407 yr=  3  nz=0.61 flt=0.04 dmap=+0/-0 shz=4.0 plan=20 cmd=(lx=+0.00,ly=+0.40,rx=+0.00)
t= 20.8 DWA-F pos=(-2.43,+0.24) yaw= -18.7 d=3.44 goal_err=+24 carrot_err= +16 c0=2.50 clear=1.00 prog=0.91 rel=0.39 bal=-0.23 obs=384 hard=329 obsc=412 yr=  0  nz=0.61 flt=0.09 dmap=+10/-5 shz=4.0 plan=20 cmd=(lx=+0.00,ly=+0.40,rx=+0.00)
t= 20.9 DWA-F pos=(-2.40,+0.23) yaw= -18.8 d=3.41 goal_err=+25 carrot_err= +17 c0=2.50 clear=1.00 prog=0.92 rel=0.37 bal=-0.23 obs=384 hard=329 obsc=412 yr=  0  nz=0.63 flt=0.09 dmap=+0/-0 shz=4.0 plan=20 cmd=(lx=+0.00,ly=+0.40,rx=+0.00)
t= 21.0 DWA-F pos=(-2.39,+0.22) yaw= -18.9 d=3.39 goal_err=+25 carrot_err= +18 c0=2.50 clear=1.00 prog=0.89 rel=0.37 bal=-0.23 obs=384 hard=329 obsc=412 yr=  2  nz=0.63 flt=0.09 dmap=+0/-0 shz=4.0 plan=20 cmd=(lx=+0.00,ly=+0.40,rx=+0.00)
t= 21.1 DWA-F pos=(-2.39,+0.21) yaw= -19.2 d=3.40 goal_err=+25 carrot_err= +18 c0=2.50 clear=1.00 prog=0.84 rel=0.37 bal=-0.22 obs=384 hard=329 obsc=412 yr=  3  nz=0.63 flt=0.09 dmap=+0/-0 shz=4.0 plan=20 cmd=(lx=+0.00,ly=+0.40,rx=+0.00)
t= 21.2 DWA-F pos=(-2.39,+0.20) yaw= -19.6 d=3.40 goal_err=+26 carrot_err= +20 c0=2.50 clear=1.00 prog=0.78 rel=0.37 bal=-0.20 obs=384 hard=329 obsc=412 yr=  4  nz=0.63 flt=0.09 dmap=+0/-0 shz=4.0 plan=20 cmd=(lx=+0.00,ly=+0.40,rx=+0.00)
t= 21.3 DWA-F pos=(-2.40,+0.19) yaw= -20.0 d=3.41 goal_err=+26 carrot_err= +21 c0=2.50 clear=1.00 prog=0.73 rel=0.37 bal=-0.19 obs=384 hard=329 obsc=412 yr=  4  nz=0.63 flt=0.09 dmap=+0/-0 shz=4.0 plan=20 cmd=(lx=+0.00,ly=+0.40,rx=+0.00)
[VIS] perc_n=0 age=- free_c=1.0 vismap=0/0 color=- carpet=- cnear=- crmin=- door=- dets=[-]
t= 21.4 DWA-F pos=(-2.40,+0.18) yaw= -20.3 d=3.41 goal_err=+27 carrot_err= +22 c0=2.50 clear=1.00 prog=0.68 rel=0.37 bal=-0.18 obs=384 hard=329 obsc=412 yr=  3  nz=0.63 flt=0.09 dmap=+0/-0 shz=4.0 plan=18 cmd=(lx=+0.00,ly=+0.40,rx=+0.00)
t= 21.5 DWA-F pos=(-2.40,+0.18) yaw= -20.4 d=3.41 goal_err=+27 carrot_err= +22 c0=2.50 clear=1.00 prog=0.64 rel=0.37 bal=-0.18 obs=384 hard=329 obsc=412 yr=  1  nz=0.63 flt=0.09 dmap=+0/-0 shz=4.0 plan=18 cmd=(lx=+0.00,ly=+0.40,rx=+0.00)
t= 21.6 DWA-F pos=(-2.40,+0.18) yaw= -20.4 d=3.41 goal_err=+27 carrot_err= +22 c0=2.50 clear=1.00 prog=0.60 rel=0.37 bal=-0.18 obs=384 hard=329 obsc=412 yr=  0  nz=0.63 flt=0.09 dmap=+0/-0 shz=4.0 plan=18 cmd=(lx=+0.00,ly=+0.40,rx=+0.00)
t= 21.7 DWA-F pos=(-2.40,+0.18) yaw= -20.2 d=3.41 goal_err=+27 carrot_err= +21 c0=2.50 clear=1.00 prog=0.58 rel=0.37 bal=-0.18 obs=384 hard=329 obsc=412 yr=  2  nz=0.63 flt=0.09 dmap=+0/-0 shz=4.0 plan=18 cmd=(lx=+0.00,ly=+0.40,rx=+0.00)
SCAN-STALE nube 'location' sin refrescar 10 ticks (mapa congelado)
t= 21.8 DWA-F pos=(-2.39,+0.20) yaw= -19.6 d=3.40 goal_err=+26 carrot_err= +19 c0=2.50 clear=1.00 prog=0.56 rel=0.37 bal=-0.21 obs=384 hard=329 obsc=412 yr=  6  nz=0.63 flt=0.09 dmap=+0/-0 shz=4.0 plan=18 cmd=(lx=+0.00,ly=+0.40,rx=+0.00)
t= 21.9 DWA-F pos=(-2.39,+0.20) yaw= -19.6 d=3.40 goal_err=+26 carrot_err= +19 c0=2.50 clear=1.00 prog=0.53 rel=0.37 bal=-0.21 obs=384 hard=329 obsc=412 yr=  0  nz=0.63 flt=0.09 dmap=+0/-0 shz=4.0 plan=18 cmd=(lx=+0.00,ly=+0.40,rx=+0.00)
t= 22.0 DWA-F pos=(-2.39,+0.20) yaw= -19.6 d=3.40 goal_err=+26 carrot_err= +19 c0=2.50 clear=1.00 prog=0.48 rel=0.37 bal=-0.21 obs=384 hard=329 obsc=412 yr=  0  nz=0.63 flt=0.09 dmap=+0/-0 shz=4.0 plan=18 cmd=(lx=+0.00,ly=+0.40,rx=+0.00)
t= 22.1 DWA-F pos=(-2.39,+0.20) yaw= -19.6 d=3.40 goal_err=+26 carrot_err= +19 c0=2.50 clear=1.00 prog=0.43 rel=0.37 bal=-0.21 obs=384 hard=331 obsc=414 yr=  0  nz=0.63 flt=0.07 dmap=+4/-4 shz=3.7 plan=18 cmd=(lx=+0.00,ly=+0.40,rx=+0.00)
t= 22.2 DWA-F pos=(-2.39,+0.20) yaw= -19.6 d=3.40 goal_err=+26 carrot_err= +19 c0=2.50 clear=1.00 prog=0.38 rel=0.98 bal=-0.21 obs=384 hard=331 obsc=414 yr=  0  nz=0.02 flt=0.07 dmap=+0/-0 shz=3.7 plan=18 cmd=(lx=+0.00,ly=+0.40,rx=+0.00)
t= 22.3 DWA-F pos=(-2.39,+0.20) yaw= -19.6 d=3.40 goal_err=+26 carrot_err= +19 c0=2.50 clear=1.00 prog=0.32 rel=0.98 bal=-0.21 obs=384 hard=335 obsc=414 yr=  0  nz=0.02 flt=0.09 dmap=+4/-4 shz=3.7 plan=18 cmd=(lx=+0.00,ly=+0.40,rx=+0.00)
[VIS] perc_n=0 age=- free_c=1.0 vismap=0/0 color=- carpet=- cnear=- crmin=- door=- dets=[-]
t= 22.4 DWA-F pos=(-2.39,+0.20) yaw= -19.6 d=3.40 goal_err=+26 carrot_err= +19 c0=2.50 clear=1.00 prog=0.27 rel=1.00 bal=-0.21 obs=384 hard=335 obsc=414 yr=  0  nz=0.00 flt=0.09 dmap=+0/-0 shz=3.7 plan=18 cmd=(lx=+0.00,ly=+0.40,rx=+0.00)
t= 22.5 DWA-F pos=(-2.39,+0.20) yaw= -19.6 d=3.40 goal_err=+26 carrot_err= +19 c0=2.50 clear=1.00 prog=0.21 rel=1.00 bal=-0.21 obs=377 hard=336 obsc=415 yr=  0  nz=0.00 flt=0.04 dmap=+1/-8 shz=3.8 plan=18 cmd=(lx=+0.00,ly=+0.40,rx=+0.00)
t= 22.7 DWA-F pos=(-2.39,+0.20) yaw= -19.6 d=3.40 goal_err=+26 carrot_err= +19 c0=2.50 clear=1.00 prog=0.16 rel=0.99 bal=-0.21 obs=377 hard=336 obsc=415 yr=  0  nz=0.01 flt=0.04 dmap=+0/-0 shz=3.8 plan=18 cmd=(lx=+0.00,ly=+0.40,rx=+0.00)
t= 22.8 DWA-F pos=(-2.39,+0.20) yaw= -19.6 d=3.40 goal_err=+26 carrot_err= +19 c0=2.50 clear=1.00 prog=0.06 rel=0.99 bal=-0.21 obs=377 hard=337 obsc=411 yr=  0  nz=0.01 flt=0.08 dmap=+3/-3 shz=3.8 plan=18 cmd=(lx=+0.00,ly=+0.40,rx=+0.00)
t= 22.9 DWA-F pos=(-2.39,+0.20) yaw= -19.6 d=3.40 goal_err=+26 carrot_err= +19 c0=2.50 clear=1.00 prog=0.01 rel=0.98 bal=-0.21 obs=377 hard=337 obsc=411 yr=  0  nz=0.02 flt=0.08 dmap=+0/-0 shz=3.8 plan=18 cmd=(lx=+0.00,ly=+0.40,rx=+0.00)
t= 23.0 DWA-F pos=(-2.39,+0.20) yaw= -19.6 d=3.40 goal_err=+26 carrot_err= +19 c0=2.50 clear=1.00 prog=0.00 rel=0.98 bal=-0.21 obs=377 hard=337 obsc=411 yr=  0  nz=0.02 flt=0.08 dmap=+0/-0 shz=3.8 plan=18 cmd=(lx=+0.00,ly=+0.40,rx=+0.00)
t= 23.1 DWA-F pos=(-2.39,+0.20) yaw= -19.6 d=3.40 goal_err=+26 carrot_err= +19 c0=2.50 clear=1.00 prog=0.00 rel=0.98 bal=-0.21 obs=380 hard=341 obsc=412 yr=  0  nz=0.02 flt=0.10 dmap=+6/-3 shz=3.8 plan=18 cmd=(lx=+0.00,ly=+0.40,rx=+0.00)
t= 23.2 DWA-F pos=(-2.37,+0.19) yaw= -19.9 d=3.38 goal_err=+26 carrot_err= +21 c0=2.50 clear=1.00 prog=0.04 rel=0.98 bal=-0.21 obs=380 hard=342 obsc=412 yr=  3  nz=0.02 flt=0.10 dmap=+0/-0 shz=3.8 plan=18 cmd=(lx=+0.00,ly=+0.40,rx=+0.00)
t= 23.3 DWA-F pos=(-2.34,+0.19) yaw= -19.5 d=3.35 goal_err=+26 carrot_err= +21 c0=2.50 clear=1.00 prog=0.10 rel=0.98 bal=-0.34 obs=387 hard=343 obsc=416 yr=  4  nz=0.02 flt=0.07 dmap=+7/-0 shz=3.8 plan=18 cmd=(lx=+0.00,ly=+0.40,rx=+0.00)
t= 23.4 DWA-F pos=(-2.31,+0.18) yaw= -19.1 d=3.32 goal_err=+26 carrot_err= +20 c0=2.50 clear=1.00 prog=0.16 rel=0.97 bal=-0.36 obs=387 hard=343 obsc=416 yr=  4  nz=0.02 flt=0.07 dmap=+0/-0 shz=3.8 plan=18 cmd=(lx=+0.00,ly=+0.40,rx=+0.00)
[VIS] perc_n=0 age=- free_c=1.0 vismap=0/0 color=- carpet=- cnear=- crmin=- door=- dets=[-]
t= 23.5 DWA-F pos=(-2.28,+0.19) yaw= -18.9 d=3.29 goal_err=+26 carrot_err= +20 c0=2.50 clear=1.00 prog=0.21 rel=0.97 bal=-0.37 obs=387 hard=343 obsc=416 yr=  2  nz=0.02 flt=0.07 dmap=+0/-0 shz=3.8 plan=18 cmd=(lx=+0.00,ly=+0.40,rx=+0.00)
t= 23.6 DWA-F pos=(-2.25,+0.18) yaw= -18.7 d=3.26 goal_err=+26 carrot_err= +20 c0=2.50 clear=1.00 prog=0.26 rel=0.97 bal=-0.25 obs=388 hard=346 obsc=419 yr=  1  nz=0.02 flt=0.08 dmap=+5/-4 shz=3.8 plan=18 cmd=(lx=+0.00,ly=+0.40,rx=+0.00)
t= 23.7 DWA-F pos=(-2.22,+0.17) yaw= -18.6 d=3.24 goal_err=+26 carrot_err= +21 c0=2.50 clear=1.00 prog=0.30 rel=0.97 bal=-0.26 obs=389 hard=347 obsc=420 yr=  1  nz=0.03 flt=0.08 dmap=+1/-0 shz=3.8 plan=18 cmd=(lx=+0.00,ly=+0.40,rx=+0.00)
t= 23.8 DWA-F pos=(-2.19,+0.15) yaw= -18.8 d=3.21 goal_err=+26 carrot_err= +22 c0=2.50 clear=1.00 prog=0.33 rel=0.97 bal=-0.26 obs=394 hard=347 obsc=424 yr=  2  nz=0.03 flt=0.10 dmap=+8/-3 shz=3.8 plan=18 cmd=(lx=+0.00,ly=+0.40,rx=+0.00)
t= 23.9 DWA-F pos=(-2.17,+0.13) yaw= -19.1 d=3.19 goal_err=+27 carrot_err= +24 c0=2.50 clear=1.00 prog=0.36 rel=0.97 bal=-0.24 obs=394 hard=347 obsc=424 yr=  3  nz=0.03 flt=0.10 dmap=+0/-0 shz=3.8 plan=18 cmd=(lx=+0.00,ly=+0.40,rx=+0.00)
t= 24.0 DWA-F pos=(-2.14,+0.11) yaw= -19.6 d=3.17 goal_err=+28 carrot_err= +26 c0=2.46 clear=1.00 prog=0.40 rel=0.97 bal=-0.34 obs=394 hard=347 obsc=424 yr=  4  nz=0.03 flt=0.10 dmap=+0/-0 shz=3.8 plan=18 cmd=(lx=+0.00,ly=+0.40,rx=+0.00)
t= 24.1 DWA-F pos=(-2.12,+0.09) yaw= -19.8 d=3.15 goal_err=+29 carrot_err= +28 c0=2.43 clear=1.00 prog=0.43 rel=0.97 bal=-0.33 obs=396 hard=348 obsc=424 yr=  2  nz=0.03 flt=0.12 dmap=+5/-3 shz=3.7 plan=18 cmd=(lx=+0.00,ly=+0.40,rx=+0.00)
t= 24.2 DWA-F pos=(-2.10,+0.07) yaw= -20.1 d=3.13 goal_err=+29 carrot_err= +15 c0=2.40 clear=1.00 prog=0.47 rel=0.93 bal=-0.32 obs=396 hard=348 obsc=424 yr=  3  nz=0.07 flt=0.12 dmap=+0/-0 shz=3.7 plan=18 cmd=(lx=+0.00,ly=+0.40,rx=+0.00)
t= 24.3 DWA-F pos=(-2.07,+0.06) yaw= -20.2 d=3.10 goal_err=+30 carrot_err= +16 c0=2.37 clear=1.00 prog=0.51 rel=0.93 bal=-0.32 obs=403 hard=350 obsc=435 yr=  1  nz=0.07 flt=0.04 dmap=+8/-1 shz=3.8 plan=18 cmd=(lx=+0.00,ly=+0.40,rx=+0.00)
t= 24.4 DWA-F pos=(-2.05,+0.05) yaw= -20.1 d=3.08 goal_err=+30 carrot_err= +17 c0=2.35 clear=1.00 prog=0.55 rel=0.90 bal=-0.32 obs=403 hard=350 obsc=435 yr=  0  nz=0.10 flt=0.04 dmap=+0/-0 shz=3.8 plan=18 cmd=(lx=+0.00,ly=+0.40,rx=+0.00)
[VIS] perc_n=0 age=- free_c=1.0 vismap=0/0 color=- carpet=- cnear=- crmin=- door=- dets=[-]
t= 24.5 DWA-F pos=(-2.02,+0.05) yaw= -19.9 d=3.05 goal_err=+30 carrot_err= +17 c0=2.45 clear=1.00 prog=0.60 rel=0.90 bal=-0.34 obs=402 hard=352 obsc=434 yr=  2  nz=0.10 flt=0.09 dmap=+4/-5 shz=3.8 plan=16 cmd=(lx=+0.00,ly=+0.40,rx=+0.00)
t= 24.6 DWA-F pos=(-1.99,+0.05) yaw= -19.6 d=3.02 goal_err=+29 carrot_err= +17 c0=2.43 clear=1.00 prog=0.65 rel=0.90 bal=-0.35 obs=402 hard=352 obsc=434 yr=  3  nz=0.10 flt=0.09 dmap=+0/-0 shz=3.8 plan=16 cmd=(lx=+0.00,ly=+0.40,rx=+0.00)
t= 24.7 DWA-F pos=(-1.92,+0.04) yaw= -19.2 d=2.96 goal_err=+29 carrot_err= +17 c0=2.38 clear=1.00 prog=0.76 rel=0.90 bal=-0.38 obs=402 hard=353 obsc=434 yr=  4  nz=0.10 flt=0.09 dmap=+0/-0 shz=3.8 plan=16 cmd=(lx=+0.00,ly=+0.40,rx=+0.00)
t= 24.8 DWA-F pos=(-1.89,+0.04) yaw= -18.9 d=2.93 goal_err=+29 carrot_err= +16 c0=2.50 clear=1.00 prog=0.81 rel=0.90 bal=-0.39 obs=400 hard=355 obsc=438 yr=  3  nz=0.10 flt=0.09 dmap=+5/-7 shz=3.8 plan=16 cmd=(lx=+0.00,ly=+0.40,rx=+0.00)
t= 24.9 DWA-F pos=(-1.86,+0.04) yaw= -18.7 d=2.90 goal_err=+29 carrot_err= +16 c0=2.48 clear=1.00 prog=0.86 rel=0.90 bal=-0.41 obs=400 hard=355 obsc=438 yr=  2  nz=0.10 flt=0.09 dmap=+0/-0 shz=3.8 plan=16 cmd=(lx=+0.00,ly=+0.40,rx=+0.00)
t= 25.0 DWA-F pos=(-1.83,+0.04) yaw= -18.5 d=2.87 goal_err=+29 carrot_err= +16 c0=2.46 clear=1.00 prog=0.91 rel=0.90 bal=-0.41 obs=405 hard=363 obsc=437 yr=  1  nz=0.10 flt=0.11 dmap=+9/-4 shz=3.8 plan=16 cmd=(lx=+0.00,ly=+0.40,rx=+0.00)
t= 25.1 DWA-F pos=(-1.80,+0.02) yaw= -18.6 d=2.84 goal_err=+30 carrot_err= +17 c0=2.42 clear=1.00 prog=0.91 rel=0.90 bal=-0.41 obs=405 hard=363 obsc=437 yr=  1  nz=0.09 flt=0.11 dmap=+0/-0 shz=3.8 plan=16 cmd=(lx=+0.00,ly=+0.40,rx=+0.00)
t= 25.2 DWA-F pos=(-1.78,+0.01) yaw= -18.9 d=2.82 goal_err=+30 carrot_err= +18 c0=2.40 clear=1.00 prog=0.90 rel=0.90 bal=-0.40 obs=405 hard=363 obsc=437 yr=  2  nz=0.09 flt=0.11 dmap=+0/-0 shz=3.8 plan=16 cmd=(lx=+0.00,ly=+0.40,rx=+0.00)
t= 25.3 DWA-F pos=(-1.75,-0.01) yaw= -19.2 d=2.80 goal_err=+31 carrot_err= +20 c0=2.36 clear=1.00 prog=0.88 rel=0.90 bal=-0.32 obs=405 hard=364 obsc=439 yr=  3  nz=0.09 flt=0.13 dmap=+3/-3 shz=3.8 plan=16 cmd=(lx=+0.00,ly=+0.40,rx=+0.00)
t= 25.4 DWA-F pos=(-1.73,-0.03) yaw= -19.6 d=2.78 goal_err=+32 carrot_err= +22 c0=2.34 clear=1.00 prog=0.86 rel=0.90 bal=-0.44 obs=405 hard=364 obsc=439 yr=  4  nz=0.09 flt=0.13 dmap=+0/-0 shz=3.8 plan=16 cmd=(lx=+0.00,ly=+0.40,rx=+0.00)
[VIS] perc_n=0 age=- free_c=1.0 vismap=0/0 color=- carpet=- cnear=- crmin=- door=- dets=[-]
t= 25.5 DWA-F pos=(-1.70,-0.05) yaw= -20.0 d=2.76 goal_err=+33 carrot_err= +24 c0=2.02 clear=1.00 prog=0.85 rel=0.90 bal=-0.43 obs=405 hard=365 obsc=446 yr=  4  nz=0.09 flt=0.06 dmap=+8/-8 shz=3.8 plan=16 cmd=(lx=+0.00,ly=+0.40,rx=+0.00)
t= 25.6 DWA-F pos=(-1.68,-0.06) yaw= -20.3 d=2.74 goal_err=+34 carrot_err= +25 c0=1.99 clear=1.00 prog=0.84 rel=0.75 bal=-0.56 obs=405 hard=365 obsc=446 yr=  3  nz=0.24 flt=0.06 dmap=+0/-0 shz=3.8 plan=16 cmd=(lx=+0.00,ly=+0.40,rx=+0.00)
t= 25.7 DWA-F pos=(-1.65,-0.07) yaw= -20.4 d=2.72 goal_err=+34 carrot_err= +25 c0=1.96 clear=1.00 prog=0.84 rel=0.75 bal=-0.56 obs=405 hard=365 obsc=446 yr=  1  nz=0.24 flt=0.06 dmap=+0/-0 shz=3.8 plan=16 cmd=(lx=+0.00,ly=+0.40,rx=+0.00)
t= 25.8 DWA-F pos=(-1.62,-0.08) yaw= -20.4 d=2.69 goal_err=+34 carrot_err= +26 c0=2.22 clear=1.00 prog=0.85 rel=0.75 bal=-0.57 obs=429 hard=378 obsc=464 yr=  0  nz=0.24 flt=0.33 dmap=+29/-5 shz=3.8 plan=16 cmd=(lx=+0.00,ly=+0.40,rx=+0.00)
t= 25.9 DWA-F pos=(-1.60,-0.09) yaw= -20.2 d=2.67 goal_err=+34 carrot_err= +26 c0=2.20 clear=1.00 prog=0.85 rel=0.50 bal=-0.58 obs=429 hard=378 obsc=464 yr=  2  nz=0.39 flt=0.33 dmap=+0/-0 shz=3.8 plan=16 cmd=(lx=+0.00,ly=+0.40,rx=+0.00)
t= 26.0 DWA-F pos=(-1.56,-0.09) yaw= -19.8 d=2.64 goal_err=+34 carrot_err= +27 c0=1.89 clear=1.00 prog=0.87 rel=0.50 bal=-0.59 obs=448 hard=394 obsc=489 yr=  4  nz=0.39 flt=0.26 dmap=+22/-3 shz=3.8 plan=14 cmd=(lx=+0.00,ly=+0.40,rx=+0.00)
t= 26.2 DWA-F pos=(-1.53,-0.09) yaw= -19.5 d=2.60 goal_err=+34 carrot_err= +26 c0=2.30 clear=1.00 prog=0.89 rel=0.45 bal=-0.61 obs=448 hard=394 obsc=489 yr=  3  nz=0.49 flt=0.26 dmap=+0/-0 shz=3.8 plan=14 cmd=(lx=+0.00,ly=+0.40,rx=+0.00)
t= 26.3 DWA-F pos=(-1.50,-0.09) yaw= -19.2 d=2.57 goal_err=+34 carrot_err= +25 c0=2.27 clear=1.00 prog=0.90 rel=0.45 bal=-0.36 obs=467 hard=407 obsc=510 yr=  3  nz=0.49 flt=0.23 dmap=+23/-4 shz=3.8 plan=14 cmd=(lx=+0.00,ly=+0.40,rx=+0.00)
t= 26.4 DWA-F pos=(-1.47,-0.09) yaw= -18.9 d=2.55 goal_err=+34 carrot_err= +25 c0=2.25 clear=1.00 prog=0.91 rel=0.46 bal=-0.37 obs=467 hard=407 obsc=510 yr=  3  nz=0.47 flt=0.23 dmap=+0/-0 shz=3.8 plan=14 cmd=(lx=+0.00,ly=+0.40,rx=+0.00)
t= 26.5 DWA-F pos=(-1.44,-0.10) yaw= -18.8 d=2.52 goal_err=+34 carrot_err= +26 c0=2.22 clear=1.00 prog=0.91 rel=0.46 bal=-0.36 obs=467 hard=407 obsc=510 yr=  1  nz=0.47 flt=0.23 dmap=+0/-0 shz=3.8 plan=14 cmd=(lx=+0.00,ly=+0.40,rx=+0.00)
[VIS] perc_n=0 age=- free_c=1.0 vismap=0/0 color=- carpet=- cnear=- crmin=- door=- dets=[-]
t= 26.6 DWA-F pos=(-1.41,-0.11) yaw= -18.9 d=2.50 goal_err=+35 carrot_err= +27 c0=2.20 clear=1.00 prog=0.89 rel=0.46 bal=-0.29 obs=469 hard=406 obsc=510 yr=  1  nz=0.47 flt=0.15 dmap=+5/-3 shz=3.8 plan=14 cmd=(lx=+0.00,ly=+0.40,rx=+0.00)
t= 26.7 DWA-F pos=(-1.39,-0.13) yaw= -19.0 d=2.48 goal_err=+35 carrot_err= +28 c0=2.16 clear=1.00 prog=0.82 rel=0.60 bal=-0.28 obs=469 hard=406 obsc=510 yr=  1  nz=0.39 flt=0.15 dmap=+0/-0 shz=3.8 plan=14 cmd=(lx=+0.00,ly=+0.40,rx=+0.00)
t= 26.8 DWA-F pos=(-1.36,-0.15) yaw= -19.3 d=2.46 goal_err=+36 carrot_err= +30 c0=2.13 clear=1.00 prog=0.80 rel=0.60 bal=-0.27 obs=474 hard=407 obsc=510 yr=  3  nz=0.39 flt=0.10 dmap=+7/-2 shz=3.8 plan=14 cmd=(lx=+0.00,ly=+0.40,rx=+0.00)
t= 26.9 DWA-F pos=(-1.34,-0.17) yaw= -19.7 d=2.44 goal_err=+37 carrot_err= +33 c0=2.10 clear=1.00 prog=0.78 rel=0.62 bal=-0.25 obs=474 hard=407 obsc=510 yr=  4  nz=0.37 flt=0.10 dmap=+0/-0 shz=3.8 plan=14 cmd=(lx=+0.00,ly=+0.40,rx=+0.00)
t= 27.0 DWA-F pos=(-1.31,-0.19) yaw= -20.0 d=2.42 goal_err=+38 carrot_err= +35 c0=2.07 clear=1.00 prog=0.76 rel=0.62 bal=-0.23 obs=474 hard=408 obsc=510 yr=  3  nz=0.37 flt=0.10 dmap=+0/-0 shz=3.8 plan=14 cmd=(lx=+0.00,ly=+0.40,rx=+0.00)
t= 27.1 DWA-F pos=(-1.29,-0.21) yaw= -20.2 d=2.41 goal_err=+39 carrot_err= +33 c0=2.04 clear=1.00 prog=0.74 rel=0.62 bal=-0.22 obs=466 hard=408 obsc=509 yr=  2  nz=0.37 flt=0.11 dmap=+4/-12 shz=3.8 plan=14 cmd=(lx=+0.00,ly=+0.40,rx=+0.00)
t= 27.2 DWA-F pos=(-1.26,-0.22) yaw= -20.3 d=2.38 goal_err=+40 carrot_err= +34 c0=2.01 clear=1.00 prog=0.75 rel=0.65 bal=-0.15 obs=466 hard=409 obsc=509 yr=  1  nz=0.33 flt=0.11 dmap=+0/-0 shz=3.8 plan=14 cmd=(lx=+0.00,ly=+0.40,rx=+0.00)
t= 27.3 DWA-F pos=(-1.23,-0.22) yaw= -20.2 d=2.36 goal_err=+40 carrot_err= +35 c0=1.99 clear=1.00 prog=0.75 rel=0.65 bal=-0.16 obs=464 hard=405 obsc=507 yr=  1  nz=0.33 flt=0.10 dmap=+6/-8 shz=3.8 plan=14 cmd=(lx=+0.00,ly=+0.40,rx=+0.00)
t= 27.4 DWA-F pos=(-1.20,-0.23) yaw= -20.0 d=2.33 goal_err=+40 carrot_err= +36 c0=1.96 clear=1.00 prog=0.77 rel=0.65 bal=-0.17 obs=464 hard=405 obsc=507 yr=  2  nz=0.33 flt=0.10 dmap=+0/-0 shz=3.8 plan=14 cmd=(lx=+0.00,ly=+0.40,rx=+0.00)
t= 27.5 DWA-F pos=(-1.17,-0.22) yaw= -19.6 d=2.30 goal_err=+40 carrot_err= +36 c0=2.50 clear=1.00 prog=0.78 rel=0.65 bal=-0.18 obs=464 hard=405 obsc=507 yr=  3  nz=0.33 flt=0.10 dmap=+0/-0 shz=3.8 plan=14 cmd=(lx=+0.00,ly=+0.40,rx=+0.00)
[VIS] perc_n=0 age=- free_c=1.0 vismap=0/0 color=- carpet=- cnear=- crmin=- door=- dets=[-]
t= 27.6 DWA-F pos=(-1.14,-0.22) yaw= -19.2 d=2.27 goal_err=+40 carrot_err= +36 c0=2.07 clear=1.00 prog=0.80 rel=0.65 bal=-0.45 obs=446 hard=406 obsc=503 yr=  5  nz=0.33 flt=0.15 dmap=+7/-25 shz=3.8 plan=12 cmd=(lx=+0.00,ly=+0.40,rx=+0.00)
t= 27.7 DWA-F pos=(-1.11,-0.22) yaw= -18.8 d=2.24 goal_err=+39 carrot_err= +36 c0=2.04 clear=1.00 prog=0.81 rel=0.73 bal=-0.46 obs=446 hard=406 obsc=503 yr=  4  nz=0.26 flt=0.15 dmap=+0/-0 shz=3.8 plan=12 cmd=(lx=+0.00,ly=+0.40,rx=-0.45)
t= 27.8 DWA-F pos=(-1.07,-0.22) yaw= -18.5 d=2.21 goal_err=+40 carrot_err= +33 c0=2.02 clear=1.00 prog=0.82 rel=0.73 bal=-0.34 obs=448 hard=407 obsc=504 yr=  3G nz=0.26 flt=0.10 dmap=+2/-0 shz=3.7 plan=12 cmd=(lx=+0.00,ly=+0.40,rx=+0.00)
t= 27.9 DWA-F pos=(-1.05,-0.23) yaw= -14.3 d=2.19 goal_err=+36 carrot_err= +29 c0=2.50 clear=1.00 prog=0.82 rel=0.86 bal=-0.34 obs=448 hard=407 obsc=504 yr= 40  nz=0.13 flt=0.10 dmap=+0/-0 shz=3.7 plan=12 cmd=(lx=+0.00,ly=+0.40,rx=+0.00)
t= 28.0 DWA-F pos=(-1.02,-0.24) yaw= -14.4 d=2.17 goal_err=+36 carrot_err= +31 c0=2.50 clear=1.00 prog=0.80 rel=0.86 bal=-0.15 obs=450 hard=399 obsc=495 yr=  1  nz=0.13 flt=0.08 dmap=+7/-5 shz=3.8 plan=12 cmd=(lx=+0.00,ly=+0.40,rx=+0.00)
t= 28.1 DWA-F pos=(-0.99,-0.26) yaw= -14.7 d=2.15 goal_err=+37 carrot_err= +33 c0=2.50 clear=1.00 prog=0.77 rel=0.72 bal=-0.28 obs=450 hard=399 obsc=495 yr=  3  nz=0.27 flt=0.08 dmap=+0/-0 shz=3.8 plan=12 cmd=(lx=+0.00,ly=+0.40,rx=+0.00)
t= 28.2 DWA-F pos=(-0.94,-0.28) yaw= -15.0 d=2.11 goal_err=+39 carrot_err= +36 c0=2.50 clear=1.00 prog=0.79 rel=0.72 bal=-0.37 obs=450 hard=399 obsc=495 yr=  3  nz=0.27 flt=0.08 dmap=+0/-0 shz=3.8 plan=12 cmd=(lx=+0.00,ly=+0.40,rx=-0.45)
t= 28.3 DWA-F pos=(-0.91,-0.30) yaw= -13.4 d=2.09 goal_err=+38 carrot_err= +36 c0=2.48 clear=1.00 prog=0.77 rel=0.72 bal=-0.36 obs=450 hard=400 obsc=495 yr= 16G nz=0.27 flt=0.06 dmap=+0/-0 shz=3.7 plan=12 cmd=(lx=+0.00,ly=+0.40,rx=-0.45)
t= 28.4 DWA-F pos=(-0.88,-0.32) yaw=  -9.7 d=2.07 goal_err=+35 carrot_err= +40 c0=2.45 clear=1.00 prog=0.76 rel=0.63 bal=-0.35 obs=450 hard=400 obsc=495 yr= 36G nz=0.36 flt=0.06 dmap=+0/-0 shz=3.7 plan=12 cmd=(lx=+0.00,ly=+0.40,rx=-0.45)
t= 28.5 DWA-F pos=(-0.85,-0.33) yaw=  -5.8 d=2.05 goal_err=+32 carrot_err= +38 c0=2.42 clear=1.00 prog=0.76 rel=0.63 bal=-0.34 obs=453 hard=402 obsc=497 yr= 37G nz=0.36 flt=0.29 dmap=+3/-0 shz=3.8 plan=12 cmd=(lx=+0.00,ly=+0.40,rx=+0.00)
[VIS] perc_n=0 age=- free_c=1.0 vismap=0/0 color=- carpet=- cnear=- crmin=- door=- dets=[-]
t= 28.6 DWA-F pos=(-0.83,-0.33) yaw=  -4.0 d=2.03 goal_err=+30 carrot_err= +37 c0=2.39 clear=1.00 prog=0.76 rel=0.45 bal=-0.36 obs=453 hard=402 obsc=497 yr= 18  nz=0.46 flt=0.29 dmap=+0/-0 shz=3.8 plan=12 cmd=(lx=+0.00,ly=+0.40,rx=+0.00)
t= 28.7 DWA-F pos=(-0.80,-0.33) yaw=  -3.8 d=2.00 goal_err=+30 carrot_err= +37 c0=2.37 clear=1.00 prog=0.78 rel=0.45 bal=-0.37 obs=453 hard=402 obsc=497 yr=  1  nz=0.46 flt=0.29 dmap=+0/-0 shz=3.8 plan=12 cmd=(lx=+0.00,ly=+0.40,rx=+0.00)
t= 28.8 DWA-F pos=(-0.77,-0.32) yaw=  -3.5 d=1.97 goal_err=+30 carrot_err= +38 c0=2.50 clear=1.00 prog=0.80 rel=0.45 bal=-0.29 obs=479 hard=418 obsc=525 yr=  3  nz=0.46 flt=0.26 dmap=+29/-3 shz=3.7 plan=12 cmd=(lx=+0.00,ly=+0.40,rx=+0.00)
t= 28.9 DWA-F pos=(-0.74,-0.31) yaw=  -3.2 d=1.94 goal_err=+30 carrot_err= +38 c0=2.50 clear=1.00 prog=0.82 rel=0.46 bal=-0.29 obs=479 hard=418 obsc=525 yr=  4  nz=0.46 flt=0.26 dmap=+0/-0 shz=3.7 plan=12 cmd=(lx=+0.00,ly=+0.40,rx=+0.00)
t= 29.0 DWA-F pos=(-0.72,-0.30) yaw=  -2.8 d=1.92 goal_err=+30 carrot_err= +38 c0=2.49 clear=1.00 prog=0.83 rel=0.46 bal=-0.29 obs=479 hard=418 obsc=525 yr=  3  nz=0.46 flt=0.26 dmap=+0/-0 shz=3.7 plan=12 cmd=(lx=+0.00,ly=+0.40,rx=+0.00)
t= 29.1 DWA-F pos=(-0.72,-0.29) yaw=  -2.5 d=1.92 goal_err=+29 carrot_err= +37 c0=2.49 clear=1.00 prog=0.80 rel=0.46 bal=-0.30 obs=479 hard=418 obsc=525 yr=  3  nz=0.46 flt=0.26 dmap=+0/-0 shz=3.7 plan=10 cmd=(lx=+0.00,ly=+0.40,rx=+0.00)
t= 29.2 DWA-F pos=(-0.72,-0.29) yaw=  -2.3 d=1.91 goal_err=+29 carrot_err= +36 c0=2.49 clear=1.00 prog=0.77 rel=0.46 bal=-0.31 obs=479 hard=418 obsc=525 yr=  2  nz=0.46 flt=0.26 dmap=+0/-0 shz=3.7 plan=10 cmd=(lx=+0.00,ly=+0.40,rx=+0.00)
t= 29.3 DWA-F pos=(-0.72,-0.29) yaw=  -2.2 d=1.91 goal_err=+29 carrot_err= +36 c0=2.49 clear=1.00 prog=0.72 rel=0.46 bal=-0.31 obs=479 hard=418 obsc=525 yr=  1  nz=0.46 flt=0.26 dmap=+0/-0 shz=3.7 plan=10 cmd=(lx=+0.00,ly=+0.40,rx=+0.00)
t= 29.4 DWA-F pos=(-0.72,-0.29) yaw=  -2.3 d=1.91 goal_err=+29 carrot_err= +36 c0=2.49 clear=1.00 prog=0.66 rel=0.46 bal=-0.31 obs=479 hard=418 obsc=525 yr=  1  nz=0.46 flt=0.26 dmap=+0/-0 shz=3.7 plan=10 cmd=(lx=+0.00,ly=+0.40,rx=+0.00)
t= 29.5 DWA-F pos=(-0.72,-0.30) yaw=  -2.6 d=1.92 goal_err=+29 carrot_err= +37 c0=2.49 clear=1.00 prog=0.60 rel=0.46 bal=-0.30 obs=479 hard=418 obsc=525 yr=  3  nz=0.46 flt=0.26 dmap=+0/-0 shz=3.7 plan=10 cmd=(lx=+0.00,ly=+0.40,rx=+0.00)
[VIS] perc_n=0 age=- free_c=1.0 vismap=0/0 color=- carpet=- cnear=- crmin=- door=- dets=[-]
t= 29.6 DWA-F pos=(-0.72,-0.31) yaw=  -2.9 d=1.92 goal_err=+30 carrot_err= +38 c0=2.49 clear=1.00 prog=0.54 rel=0.46 bal=-0.29 obs=479 hard=418 obsc=525 yr=  4  nz=0.46 flt=0.26 dmap=+0/-0 shz=3.7 plan=10 cmd=(lx=+0.00,ly=+0.40,rx=+0.00)
t= 29.8 DWA-F pos=(-0.72,-0.32) yaw=  -3.3 d=1.93 goal_err=+31 carrot_err= +39 c0=2.48 clear=1.00 prog=0.48 rel=0.46 bal=-0.27 obs=479 hard=418 obsc=525 yr=  4  nz=0.46 flt=0.26 dmap=+0/-0 shz=3.7 plan=10 cmd=(lx=+0.00,ly=+0.40,rx=-0.45)
SCAN-STALE nube 'location' sin refrescar 10 ticks (mapa congelado)
t= 29.9 DWA-F pos=(-0.72,-0.31) yaw=  -3.1 d=1.92 goal_err=+30 carrot_err= +38 c0=2.49 clear=1.00 prog=0.45 rel=0.46 bal=-0.28 obs=479 hard=418 obsc=525 yr=  3G nz=0.46 flt=0.26 dmap=+0/-0 shz=3.7 plan=10 cmd=(lx=+0.00,ly=+0.40,rx=+0.00)
t= 30.0 DWA-F pos=(-0.72,-0.31) yaw=  -3.1 d=1.92 goal_err=+30 carrot_err= +38 c0=2.49 clear=1.00 prog=0.42 rel=0.46 bal=-0.28 obs=479 hard=418 obsc=525 yr=  0  nz=0.46 flt=0.26 dmap=+0/-0 shz=3.7 plan=10 cmd=(lx=+0.00,ly=+0.40,rx=+0.00)
t= 30.1 DWA-F pos=(-0.72,-0.31) yaw=  -3.1 d=1.92 goal_err=+30 carrot_err= +38 c0=2.49 clear=1.00 prog=0.39 rel=0.46 bal=-0.28 obs=479 hard=418 obsc=525 yr=  0  nz=0.46 flt=0.26 dmap=+0/-0 shz=3.7 plan=10 cmd=(lx=+0.00,ly=+0.40,rx=+0.00)
t= 30.2 DWA-F pos=(-0.72,-0.31) yaw=  -3.1 d=1.92 goal_err=+30 carrot_err= +38 c0=2.49 clear=1.00 prog=0.32 rel=0.46 bal=-0.21 obs=508 hard=445 obsc=565 yr=  0  nz=0.46 flt=0.20 dmap=+30/-1 shz=3.5 plan=10 cmd=(lx=+0.00,ly=+0.40,rx=+0.00)
t= 30.3 DWA-F pos=(-0.72,-0.31) yaw=  -3.1 d=1.92 goal_err=+30 carrot_err= +38 c0=2.49 clear=1.00 prog=0.29 rel=0.80 bal=-0.21 obs=501 hard=434 obsc=552 yr=  0  nz=0.04 flt=0.12 dmap=+3/-10 shz=3.6 plan=10 cmd=(lx=+0.00,ly=+0.40,rx=+0.00)
t= 30.4 DWA-F pos=(-0.72,-0.31) yaw=  -3.1 d=1.92 goal_err=+30 carrot_err= +38 c0=2.49 clear=1.00 prog=0.26 rel=0.85 bal=-0.21 obs=501 hard=434 obsc=552 yr=  0  nz=0.15 flt=0.12 dmap=+0/-0 shz=3.6 plan=10 cmd=(lx=+0.00,ly=+0.40,rx=+0.00)
t= 30.5 DWA-F pos=(-0.72,-0.31) yaw=  -3.1 d=1.92 goal_err=+30 carrot_err= +38 c0=2.49 clear=1.00 prog=0.22 rel=0.85 bal=-0.21 obs=501 hard=434 obsc=552 yr=  0  nz=0.15 flt=0.12 dmap=+0/-0 shz=3.6 plan=10 cmd=(lx=+0.00,ly=+0.40,rx=+0.00)
t= 30.6 DWA-F pos=(-0.72,-0.31) yaw=  -3.1 d=1.92 goal_err=+30 carrot_err= +38 c0=2.49 clear=1.00 prog=0.18 rel=0.85 bal=-0.21 obs=502 hard=431 obsc=548 yr=  0  nz=0.15 flt=0.06 dmap=+5/-4 shz=3.6 plan=10 cmd=(lx=+0.00,ly=+0.40,rx=+0.00)
[VIS] perc_n=0 age=- free_c=1.0 vismap=0/0 color=- carpet=- cnear=- crmin=- door=- dets=[-]
t= 30.7 DWA-F pos=(-0.72,-0.31) yaw=  -3.1 d=1.92 goal_err=+30 carrot_err= +38 c0=2.49 clear=1.00 prog=0.13 rel=0.83 bal=-0.21 obs=502 hard=431 obsc=548 yr=  0  nz=0.17 flt=0.06 dmap=+0/-0 shz=3.6 plan=10 cmd=(lx=+0.00,ly=+0.40,rx=+0.00)
t= 30.8 DWA-F pos=(-0.72,-0.31) yaw=  -3.1 d=1.92 goal_err=+30 carrot_err= +38 c0=2.49 clear=1.00 prog=0.08 rel=0.83 bal=-0.21 obs=503 hard=438 obsc=549 yr=  0  nz=0.17 flt=0.05 dmap=+4/-3 shz=3.6 plan=10 cmd=(lx=+0.00,ly=+0.40,rx=+0.00)
t= 30.9 DWA-F pos=(-0.72,-0.31) yaw=  -3.1 d=1.92 goal_err=+30 carrot_err= +38 c0=2.49 clear=1.00 prog=0.03 rel=0.84 bal=-0.21 obs=503 hard=438 obsc=549 yr=  0  nz=0.16 flt=0.05 dmap=+0/-0 shz=3.6 plan=10 cmd=(lx=+0.00,ly=+0.40,rx=+0.00)
t= 31.0 DWA-F pos=(-0.72,-0.31) yaw=  -3.1 d=1.92 goal_err=+30 carrot_err= +38 c0=2.49 clear=1.00 prog=0.00 rel=0.84 bal=-0.21 obs=503 hard=438 obsc=549 yr=  0  nz=0.16 flt=0.05 dmap=+0/-0 shz=3.6 plan=10 cmd=(lx=+0.00,ly=+0.40,rx=+0.00)
t= 31.1 DWA-F pos=(-0.72,-0.31) yaw=  -3.1 d=1.92 goal_err=+30 carrot_err= +38 c0=2.49 clear=1.00 prog=0.00 rel=0.84 bal=-0.21 obs=497 hard=440 obsc=552 yr=  0  nz=0.16 flt=0.06 dmap=+5/-11 shz=3.5 plan=10 cmd=(lx=+0.00,ly=+0.40,rx=+0.00)
t= 31.2 DWA-F pos=(-0.69,-0.33) yaw=  -3.7 d=1.91 goal_err=+32 carrot_err= +41 c0=2.45 clear=1.00 prog=0.01 rel=0.85 bal=-0.14 obs=497 hard=441 obsc=552 yr=  6  nz=0.15 flt=0.06 dmap=+0/-0 shz=3.5 plan=10 cmd=(lx=+0.00,ly=+0.40,rx=-0.45)
t= 31.3 DWA-F pos=(-0.66,-0.34) yaw=  -3.8 d=1.88 goal_err=+33 carrot_err= +36 c0=2.42 clear=1.00 prog=0.05 rel=0.85 bal=-0.13 obs=498 hard=442 obsc=553 yr=  1G nz=0.15 flt=0.19 dmap=+1/-0 shz=3.5 plan=10 cmd=(lx=+0.00,ly=+0.40,rx=+0.00)
t= 31.4 DWA-F pos=(-0.63,-0.33) yaw=  +0.2 d=1.86 goal_err=+29 carrot_err= +33 c0=2.39 clear=1.00 prog=0.10 rel=0.78 bal=-0.13 obs=498 hard=442 obsc=553 yr= 39  nz=0.18 flt=0.19 dmap=+0/-0 shz=3.5 plan=10 cmd=(lx=+0.00,ly=+0.40,rx=+0.00)
t= 31.5 DWA-F pos=(-0.60,-0.33) yaw=  +0.3 d=1.83 goal_err=+29 carrot_err= +33 c0=2.37 clear=1.00 prog=0.15 rel=0.78 bal=-0.14 obs=498 hard=442 obsc=553 yr=  1  nz=0.18 flt=0.19 dmap=+0/-0 shz=3.5 plan=10 cmd=(lx=+0.00,ly=+0.40,rx=+0.00)
t= 31.6 DWA-F pos=(-0.57,-0.32) yaw=  +0.5 d=1.80 goal_err=+29 carrot_err= +33 c0=2.47 clear=1.00 prog=0.21 rel=0.78 bal=-0.14 obs=473 hard=436 obsc=546 yr=  2  nz=0.18 flt=0.08 dmap=+3/-28 shz=3.5 plan=10 cmd=(lx=+0.00,ly=+0.40,rx=+0.00)
[VIS] perc_n=0 age=- free_c=1.0 vismap=0/0 color=- carpet=- cnear=- crmin=- door=- dets=[-]
t= 31.7 DWA-F pos=(-0.54,-0.31) yaw=  +0.9 d=1.77 goal_err=+29 carrot_err= +33 c0=2.44 clear=1.00 prog=0.28 rel=0.81 bal=-0.15 obs=473 hard=436 obsc=546 yr=  4  nz=0.17 flt=0.08 dmap=+0/-0 shz=3.5 plan=10 cmd=(lx=+0.00,ly=+0.40,rx=+0.00)
t= 31.8 DWA-F pos=(-0.51,-0.30) yaw=  +1.2 d=1.74 goal_err=+29 carrot_err= +34 c0=2.42 clear=1.00 prog=0.32 rel=0.81 bal=-0.16 obs=476 hard=426 obsc=523 yr=  3  nz=0.17 flt=0.05 dmap=+7/-4 shz=3.5 plan=10 cmd=(lx=+0.00,ly=+0.40,rx=+0.00)
t= 31.9 DWA-F pos=(-0.48,-0.28) yaw=  +1.6 d=1.70 goal_err=+29 carrot_err= +36 c0=2.39 clear=1.00 prog=0.38 rel=0.93 bal=-0.17 obs=476 hard=426 obsc=523 yr=  3  nz=0.06 flt=0.05 dmap=+0/-0 shz=3.5 plan=10 cmd=(lx=+0.00,ly=+0.40,rx=+0.00)
t= 32.0 DWA-F pos=(-0.45,-0.28) yaw=  +1.7 d=1.67 goal_err=+29 carrot_err= +37 c0=2.37 clear=1.00 prog=0.43 rel=0.93 bal=-0.18 obs=481 hard=430 obsc=523 yr=  2  nz=0.06 flt=0.07 dmap=+7/-2 shz=3.5 plan=10 cmd=(lx=+0.00,ly=+0.40,rx=+0.00)
t= 32.1 DWA-F pos=(-0.43,-0.28) yaw=  +1.8 d=1.65 goal_err=+29 carrot_err= +38 c0=2.34 clear=1.00 prog=0.47 rel=0.91 bal=-0.03 obs=482 hard=431 obsc=524 yr=  1  nz=0.08 flt=0.07 dmap=+1/-0 shz=3.5 plan=10 cmd=(lx=+0.00,ly=+0.40,rx=-0.45)
t= 32.2 DWA-F pos=(-0.36,-0.28) yaw=  +3.7 d=1.60 goal_err=+28 carrot_err= +38 c0=2.28 clear=1.00 prog=0.56 rel=0.91 bal=-0.06 obs=482 hard=432 obsc=524 yr= 19G nz=0.08 flt=0.07 dmap=+0/-0 shz=3.5 plan=8 cmd=(lx=+0.00,ly=+0.40,rx=-0.45)
t= 32.3 DWA-F pos=(-0.33,-0.28) yaw=  +7.4 d=1.57 goal_err=+25 carrot_err= +36 c0=2.44 clear=1.00 prog=0.60 rel=0.91 bal=-0.05 obs=482 hard=432 obsc=524 yr= 35G nz=0.08 flt=0.13 dmap=+0/-0 shz=3.5 plan=8 cmd=(lx=+0.00,ly=+0.40,rx=+0.00)
t= 32.4 DWA-F pos=(-0.30,-0.29) yaw=  +9.1 d=1.55 goal_err=+25 carrot_err= +35 c0=2.50 clear=1.00 prog=0.64 rel=0.90 bal=-0.04 obs=482 hard=432 obsc=524 yr= 16  nz=0.08 flt=0.13 dmap=+0/-0 shz=3.5 plan=8 cmd=(lx=+0.00,ly=+0.40,rx=+0.00)
t= 32.5 DWA-F pos=(-0.27,-0.29) yaw=  +8.8 d=1.52 goal_err=+26 carrot_err= +37 c0=2.50 clear=1.00 prog=0.68 rel=0.90 bal=-0.07 obs=483 hard=430 obsc=528 yr=  3  nz=0.08 flt=0.10 dmap=+3/-2 shz=3.5 plan=8 cmd=(lx=+0.00,ly=+0.40,rx=-0.45)
t= 32.6 DWA-F pos=(-0.23,-0.30) yaw= +10.4 d=1.50 goal_err=+25 carrot_err= +38 c0=2.48 clear=1.00 prog=0.73 rel=0.91 bal=-0.06 obs=483 hard=431 obsc=528 yr= 15G nz=0.08 flt=0.10 dmap=+0/-0 shz=3.5 plan=8 cmd=(lx=+0.00,ly=+0.40,rx=-0.45)
[VIS] perc_n=0 age=- free_c=1.0 vismap=0/0 color=- carpet=- cnear=- crmin=- door=- dets=[-]
t= 32.7 DWA-F pos=(-0.20,-0.29) yaw= +14.2 d=1.47 goal_err=+22 carrot_err= +35 c0=2.50 clear=1.00 prog=0.77 rel=0.91 bal=-0.05 obs=483 hard=431 obsc=528 yr= 37G nz=0.08 flt=0.10 dmap=+0/-0 shz=3.5 plan=8 cmd=(lx=+0.00,ly=+0.40,rx=+0.00)
t= 32.8 DWA-F pos=(-0.17,-0.29) yaw= +16.1 d=1.44 goal_err=+20 carrot_err= +34 c0=2.50 clear=1.00 prog=0.82 rel=0.91 bal=-0.36 obs=486 hard=429 obsc=531 yr= 19  nz=0.08 flt=0.09 dmap=+6/-3 shz=3.5 plan=8 cmd=(lx=+0.00,ly=+0.40,rx=+0.00)
t= 32.9 DWA-F pos=(-0.14,-0.28) yaw= +16.2 d=1.42 goal_err=+20 carrot_err= +35 c0=2.50 clear=1.00 prog=0.87 rel=0.91 bal=-0.37 obs=486 hard=429 obsc=531 yr=  1  nz=0.08 flt=0.09 dmap=+0/-0 shz=3.5 plan=8 cmd=(lx=+0.00,ly=+0.40,rx=+0.00)
t= 33.0 DWA-F pos=(-0.12,-0.26) yaw= +16.5 d=1.38 goal_err=+20 carrot_err= +26 c0=2.50 clear=1.00 prog=0.93 rel=0.91 bal=-0.42 obs=488 hard=434 obsc=533 yr=  3  nz=0.08 flt=0.09 dmap=+5/-3 shz=3.5 plan=8 cmd=(lx=+0.00,ly=+0.40,rx=+0.00)
t= 33.1 DWA-F pos=(-0.09,-0.24) yaw= +16.8 d=1.35 goal_err=+20 carrot_err= +26 c0=2.50 clear=1.00 prog=0.95 rel=0.89 bal=-0.44 obs=488 hard=434 obsc=533 yr=  3  nz=0.09 flt=0.09 dmap=+0/-0 shz=3.5 plan=8 cmd=(lx=+0.00,ly=+0.40,rx=+0.00)
t= 33.2 DWA-F pos=(-0.06,-0.22) yaw= +17.3 d=1.32 goal_err=+20 carrot_err= +26 c0=2.50 clear=1.00 prog=0.97 rel=0.89 bal=-0.45 obs=488 hard=434 obsc=533 yr=  4  nz=0.09 flt=0.09 dmap=+0/-0 shz=3.5 plan=8 cmd=(lx=+0.00,ly=+0.40,rx=+0.00)
t= 33.3 DWA-F pos=(-0.04,-0.21) yaw= +17.6 d=1.29 goal_err=+20 carrot_err= +26 c0=2.50 clear=1.00 prog=0.97 rel=0.89 bal=-0.45 obs=495 hard=436 obsc=538 yr=  3  nz=0.09 flt=0.03 dmap=+10/-3 shz=3.5 plan=8 cmd=(lx=+0.00,ly=+0.40,rx=+0.00)
t= 33.5 DWA-F pos=(-0.01,-0.19) yaw= +17.8 d=1.25 goal_err=+20 carrot_err= +27 c0=2.50 clear=1.00 prog=0.98 rel=0.91 bal=-0.34 obs=495 hard=436 obsc=538 yr=  2  nz=0.09 flt=0.03 dmap=+0/-0 shz=3.5 plan=8 cmd=(lx=+0.00,ly=+0.40,rx=+0.00)
t= 33.6 DWA-F pos=(+0.02,-0.19) yaw= +17.7 d=1.23 goal_err=+20 carrot_err= +28 c0=2.50 clear=1.00 prog=0.97 rel=0.91 bal=-0.34 obs=513 hard=462 obsc=566 yr=  0  nz=0.09 flt=0.34 dmap=+26/-8 shz=3.5 plan=8 cmd=(lx=+0.00,ly=+0.40,rx=+0.00)
t= 33.7 DWA-F pos=(+0.05,-0.18) yaw= +17.6 d=1.20 goal_err=+21 carrot_err= +29 c0=2.50 clear=1.00 prog=0.96 rel=0.71 bal=-0.34 obs=513 hard=462 obsc=566 yr=  1  nz=0.16 flt=0.34 dmap=+0/-0 shz=3.5 plan=8 cmd=(lx=+0.00,ly=+0.40,rx=+0.00)
[VIS] perc_n=0 age=- free_c=1.0 vismap=0/0 color=- carpet=- cnear=- crmin=- door=- dets=[-]
t= 33.8 DWA-F pos=(+0.08,-0.18) yaw= +17.5 d=1.18 goal_err=+22 carrot_err= +31 c0=2.50 clear=1.00 prog=0.95 rel=0.71 bal=-0.34 obs=532 hard=474 obsc=590 yr=  1  nz=0.16 flt=0.27 dmap=+24/-5 shz=3.6 plan=6 cmd=(lx=+0.00,ly=+0.40,rx=+0.00)
t= 33.9 DWA-F pos=(+0.12,-0.18) yaw= +17.0 d=1.15 goal_err=+24 carrot_err= +33 c0=2.50 clear=1.00 prog=0.94 rel=0.70 bal=-0.34 obs=532 hard=474 obsc=590 yr=  5  nz=0.17 flt=0.27 dmap=+0/-0 shz=3.6 plan=6 cmd=(lx=+0.00,ly=+0.40,rx=+0.00)
t= 34.0 DWA-F pos=(+0.15,-0.19) yaw= +16.7 d=1.13 goal_err=+25 carrot_err= +36 c0=2.50 clear=1.00 prog=0.93 rel=0.70 bal=-0.34 obs=532 hard=474 obsc=590 yr=  3  nz=0.17 flt=0.27 dmap=+0/-0 shz=3.6 plan=6 cmd=(lx=+0.00,ly=+0.40,rx=-0.45)
t= 34.1 DWA-F pos=(+0.18,-0.19) yaw= +16.4 d=1.11 goal_err=+26 carrot_err= +38 c0=2.50 clear=1.00 prog=0.92 rel=0.70 bal=-0.48 obs=536 hard=479 obsc=594 yr=  3G nz=0.17 flt=0.23 dmap=+4/-0 shz=3.5 plan=6 cmd=(lx=+0.00,ly=+0.40,rx=-0.45)
t= 34.2 DWA-F pos=(+0.21,-0.19) yaw= +20.2 d=1.09 goal_err=+24 carrot_err= +33 c0=2.50 clear=1.00 prog=0.87 rel=0.71 bal=-0.48 obs=536 hard=479 obsc=594 yr= 37G nz=0.14 flt=0.23 dmap=+0/-0 shz=3.5 plan=6 cmd=(lx=+0.00,ly=+0.40,rx=+0.00)
t= 34.3 DWA-F pos=(+0.23,-0.18) yaw= +24.3 d=1.06 goal_err=+20 carrot_err= +30 c0=2.50 clear=1.00 prog=0.87 rel=0.71 bal=-0.48 obs=535 hard=469 obsc=586 yr= 39  nz=0.14 flt=0.09 dmap=+3/-4 shz=3.5 plan=6 cmd=(lx=+0.00,ly=+0.40,rx=+0.00)
t= 34.4 DWA-F pos=(+0.26,-0.16) yaw= +24.5 d=1.03 goal_err=+20 carrot_err= +30 c0=2.50 clear=1.00 prog=0.87 rel=0.85 bal=-0.49 obs=535 hard=469 obsc=586 yr=  2  nz=0.14 flt=0.09 dmap=+0/-0 shz=3.5 plan=6 cmd=(lx=+0.00,ly=+0.40,rx=+0.00)
t= 34.5 DWA-F pos=(+0.28,-0.14) yaw= +24.7 d=1.01 goal_err=+20 carrot_err= +30 c0=2.50 clear=1.00 prog=0.88 rel=0.85 bal=-0.50 obs=535 hard=469 obsc=586 yr=  2  nz=0.14 flt=0.09 dmap=+0/-0 shz=3.5 plan=6 cmd=(lx=+0.00,ly=+0.40,rx=+0.00)
t= 34.6 DWA-F pos=(+0.30,-0.12) yaw= +25.2 d=0.97 goal_err=+20 carrot_err= +30 c0=2.50 clear=1.00 prog=0.89 rel=0.85 bal=-0.52 obs=537 hard=470 obsc=585 yr=  5  nz=0.14 flt=0.07 dmap=+5/-3 shz=3.5 plan=6 cmd=(lx=+0.00,ly=+0.40,rx=+0.00)
t= 34.7 DWA-F pos=(+0.32,-0.09) yaw= +25.6 d=0.94 goal_err=+19 carrot_err= +30 c0=2.50 clear=1.00 prog=0.90 rel=0.85 bal=-0.53 obs=537 hard=470 obsc=585 yr=  3  nz=0.14 flt=0.07 dmap=+0/-0 shz=3.5 plan=6 cmd=(lx=+0.00,ly=+0.40,rx=+0.00)
[VIS] perc_n=0 age=- free_c=1.0 vismap=0/0 color=- carpet=- cnear=- crmin=- door=- dets=[-]
t= 34.8 DWA-F pos=(+0.34,-0.07) yaw= +25.9 d=0.91 goal_err=+19 carrot_err= +30 c0=2.50 clear=1.00 prog=0.91 rel=0.85 bal=-0.54 obs=543 hard=478 obsc=589 yr=  3  nz=0.14 flt=0.13 dmap=+9/-3 shz=3.5 plan=6 cmd=(lx=+0.00,ly=+0.40,rx=+0.00)
t= 34.9 DWA-F pos=(+0.37,-0.06) yaw= +26.1 d=0.88 goal_err=+19 carrot_err= +30 c0=2.50 clear=1.00 prog=0.91 rel=0.85 bal=-0.55 obs=543 hard=478 obsc=589 yr=  2  nz=0.14 flt=0.13 dmap=+0/-0 shz=3.5 plan=6 cmd=(lx=+0.00,ly=+0.40,rx=+0.00)
t= 35.0 DWA-F pos=(+0.39,-0.04) yaw= +26.1 d=0.86 goal_err=+20 carrot_err= +32 c0=2.50 clear=1.00 prog=0.90 rel=0.85 bal=-0.55 obs=543 hard=478 obsc=589 yr=  0  nz=0.14 flt=0.13 dmap=+0/-0 shz=3.5 plan=6 cmd=(lx=+0.00,ly=+0.40,rx=+0.00)
t= 35.1 DWA-F pos=(+0.42,-0.04) yaw= +25.9 d=0.83 goal_err=+21 carrot_err= +33 c0=2.50 clear=1.00 prog=0.89 rel=0.85 bal=-0.55 obs=534 hard=479 obsc=592 yr=  2  nz=0.14 flt=0.05 dmap=+3/-12 shz=3.5 plan=6 cmd=(lx=+0.00,ly=+0.40,rx=+0.00)
t= 35.2 DWA-F pos=(+0.45,-0.03) yaw= +25.6 d=0.81 goal_err=+22 carrot_err= +23 c0=2.50 clear=1.00 prog=0.87 rel=0.84 bal=-0.45 obs=534 hard=479 obsc=592 yr=  3  nz=0.14 flt=0.05 dmap=+0/-0 shz=3.5 plan=6 cmd=(lx=+0.00,ly=+0.40,rx=+0.00)
t= 35.3 DWA-F pos=(+0.48,-0.02) yaw= +25.2 d=0.78 goal_err=+24 carrot_err= +25 c0=2.50 clear=1.00 prog=0.86 rel=0.84 bal=-0.45 obs=517 hard=476 obsc=579 yr=  4  nz=0.14 flt=0.05 dmap=+7/-24 shz=3.5 plan=4 cmd=(lx=+0.00,ly=+0.40,rx=+0.00)
t= 35.4 DWA-F pos=(+0.51,-0.02) yaw= +24.8 d=0.76 goal_err=+26 carrot_err= +27 c0=2.50 clear=1.00 prog=0.85 rel=0.87 bal=-0.45 obs=517 hard=476 obsc=579 yr=  4  nz=0.11 flt=0.05 dmap=+0/-0 shz=3.5 plan=4 cmd=(lx=+0.00,ly=+0.40,rx=+0.00)
t= 35.5 DWA-F pos=(+0.54,-0.01) yaw= +24.5 d=0.73 goal_err=+28 carrot_err= +29 c0=2.50 clear=1.00 prog=0.84 rel=0.87 bal=-0.45 obs=513 hard=459 obsc=558 yr=  3  nz=0.11 flt=0.10 dmap=+3/-7 shz=3.6 plan=4 cmd=(lx=+0.00,ly=+0.40,rx=+0.00)
t= 35.6 DWA-F pos=(+0.58,-0.00) yaw= +24.4 d=0.71 goal_err=+30 carrot_err= +31 c0=2.50 clear=1.00 prog=0.84 rel=0.89 bal=-0.45 obs=513 hard=459 obsc=558 yr=  2  nz=0.10 flt=0.10 dmap=+0/-0 shz=3.6 plan=4 cmd=(lx=+0.00,ly=+0.40,rx=+0.00)
t= 35.7 DWA-F pos=(+0.61,+0.00) yaw= +24.4 d=0.68 goal_err=+32 carrot_err= +32 c0=2.50 clear=1.00 prog=0.84 rel=0.89 bal=-0.45 obs=513 hard=459 obsc=558 yr=  0  nz=0.10 flt=0.10 dmap=+0/-0 shz=3.6 plan=4 cmd=(lx=+0.00,ly=+0.40,rx=+0.00)
[VIS] perc_n=0 age=- free_c=1.0 vismap=0/0 color=- carpet=- cnear=- crmin=- door=- dets=[-]
t= 35.8 DWA-F pos=(+0.66,+0.04) yaw= +24.5 d=0.62 goal_err=+34 carrot_err= +34 c0=2.46 clear=1.00 prog=0.91 rel=0.89 bal=-0.47 obs=512 hard=458 obsc=558 yr=  2  nz=0.10 flt=0.06 dmap=+2/-3 shz=3.5 plan=4 cmd=(lx=+0.00,ly=+0.40,rx=+0.00)
t= 35.9 DWA-F pos=(+0.69,+0.06) yaw= +24.8 d=0.59 goal_err=+34 carrot_err= +35 c0=2.43 clear=1.00 prog=0.93 rel=0.93 bal=-0.35 obs=512 hard=458 obsc=558 yr=  2  nz=0.05 flt=0.06 dmap=+0/-0 shz=3.5 plan=4 cmd=(lx=+0.00,ly=+0.40,rx=+0.00)
t= 36.0 DWA-F pos=(+0.71,+0.09) yaw= +25.1 d=0.56 goal_err=+35 carrot_err= +36 c0=2.39 clear=1.00 prog=0.95 rel=0.93 bal=-0.36 obs=514 hard=450 obsc=555 yr=  3  nz=0.05 flt=0.07 dmap=+5/-3 shz=3.6 plan=4 cmd=(lx=+0.00,ly=+0.40,rx=-0.45)
t= 36.1 DWA-F pos=(+0.74,+0.11) yaw= +27.5 d=0.52 goal_err=+34 carrot_err= +35 c0=2.36 clear=1.00 prog=0.96 rel=0.92 bal=-0.36 obs=514 hard=450 obsc=555 yr= 24G nz=0.08 flt=0.07 dmap=+0/-0 shz=3.6 plan=4 cmd=(lx=+0.00,ly=+0.40,rx=+0.00)
t= 36.2 DWA-F pos=(+0.77,+0.13) yaw= +29.8 d=0.49 goal_err=+33 carrot_err= +34 c0=2.33 clear=1.00 prog=0.97 rel=0.92 bal=-0.37 obs=514 hard=450 obsc=555 yr= 22  nz=0.08 flt=0.07 dmap=+0/-0 shz=3.6 plan=4 cmd=(lx=+0.00,ly=+0.40,rx=+0.00)
t= 36.3 DWA-F pos=(+0.78,+0.15) yaw= +29.9 d=0.47 goal_err=+34 carrot_err= +35 c0=2.31 clear=1.00 prog=0.97 rel=0.92 bal=-0.38 obs=520 hard=452 obsc=559 yr=  1  nz=0.08 flt=0.08 dmap=+9/-3 shz=3.5 plan=4 cmd=(lx=+0.00,ly=+0.40,rx=+0.00)
t= 36.4 DWA-F pos=(+0.81,+0.16) yaw= +29.9 d=0.44 goal_err=+36 carrot_err= +37 c0=2.28 clear=1.00 prog=0.96 rel=0.86 bal=-0.30 obs=520 hard=452 obsc=559 yr=  0  nz=0.13 flt=0.08 dmap=+0/-0 shz=3.5 plan=4 cmd=(lx=+0.00,ly=+0.28,rx=-0.45)
t= 36.5 DWA-F pos=(+0.83,+0.17) yaw= +31.7 d=0.43 goal_err=+37 carrot_err= +37 c0=2.25 clear=1.00 prog=0.94 rel=0.86 bal=-0.30 obs=520 hard=454 obsc=559 yr= 18G nz=0.13 flt=0.33 dmap=+0/-0 shz=3.5 plan=4 cmd=(lx=+0.00,ly=+0.28,rx=-0.45)
t= 36.6 DWA-F pos=(+0.86,+0.18) yaw= +35.5 d=0.42 goal_err=+36 carrot_err= +36 c0=2.23 clear=1.00 prog=0.90 rel=0.65 bal=-0.37 obs=520 hard=454 obsc=559 yr= 36G nz=0.24 flt=0.33 dmap=+0/-0 shz=3.5 plan=4 cmd=(lx=+0.00,ly=+0.28,rx=-0.45)
t= 36.7 DWA-F pos=(+0.88,+0.18) yaw= +39.1 d=0.41 goal_err=+35 carrot_err= +35 c0=2.21 clear=1.00 prog=0.86 rel=0.65 bal=-0.37 obs=520 hard=454 obsc=559 yr= 36G nz=0.24 flt=0.33 dmap=+0/-0 shz=3.5 plan=4 cmd=(lx=+0.00,ly=+0.28,rx=-0.45)
[VIS] perc_n=0 age=- free_c=1.0 vismap=0/0 color=- carpet=- cnear=- crmin=- door=- dets=[-]
t= 36.8 DWA-F pos=(+0.90,+0.18) yaw= +42.8 d=0.40 goal_err=+34 carrot_err= +33 c0=2.26 clear=1.00 prog=0.83 rel=0.65 bal=-0.36 obs=521 hard=457 obsc=560 yr= 36G nz=0.24 flt=0.32 dmap=+1/-0 shz=3.5 plan=3 cmd=(lx=+0.00,ly=+0.28,rx=-0.45)
t= 37.0 DWA-T pos=(+0.92,+0.19) yaw= +46.6 d=0.39 goal_err=+33 carrot_err= +32 c0=2.24 clear=1.00 prog=0.80 rel=0.61 bal=-0.47 obs=521 hard=457 obsc=560 yr= 36G nz=0.29 flt=0.32 dmap=+0/-0 shz=3.5 plan=3 cmd=(lx=+0.00,ly=+0.00,rx=+0.00)
t= 37.1 DWA-T pos=(+0.93,+0.20) yaw= +48.4 d=0.38 goal_err=+32 carrot_err= +31 c0=2.23 clear=1.00 prog=0.77 rel=0.61 bal=-0.54 obs=544 hard=473 obsc=604 yr= 18  nz=0.29 flt=0.22 dmap=+26/-3 shz=3.5 plan=3 cmd=(lx=+0.00,ly=+0.00,rx=+0.00)
t= 37.2 DWA-T pos=(+0.93,+0.20) yaw= +48.4 d=0.38 goal_err=+32 carrot_err= +31 c0=2.23 clear=1.00 prog=0.73 rel=0.65 bal=-0.54 obs=544 hard=473 obsc=604 yr=  0  nz=0.27 flt=0.22 dmap=+0/-0 shz=3.5 plan=3 cmd=(lx=+0.00,ly=+0.00,rx=+0.00)
t= 37.3 DWA-T pos=(+0.92,+0.20) yaw= +48.6 d=0.38 goal_err=+31 carrot_err= +30 c0=2.23 clear=1.00 prog=0.69 rel=0.65 bal=-0.55 obs=542 hard=468 obsc=593 yr=  2  nz=0.27 flt=0.12 dmap=+3/-5 shz=3.6 plan=3 cmd=(lx=+0.00,ly=+0.00,rx=+0.00)
t= 37.4 DWA-T pos=(+0.91,+0.21) yaw= +49.0 d=0.37 goal_err=+29 carrot_err= +29 c0=2.23 clear=1.00 prog=0.66 rel=0.72 bal=-0.55 obs=542 hard=469 obsc=593 yr=  3  nz=0.28 flt=0.12 dmap=+0/-0 shz=3.6 plan=3 cmd=(lx=+0.00,ly=+0.00,rx=+0.00)
t= 37.5 DWA-T pos=(+0.91,+0.21) yaw= +49.3 d=0.37 goal_err=+27 carrot_err= +27 c0=2.23 clear=1.00 prog=0.62 rel=0.72 bal=-0.56 obs=542 hard=469 obsc=593 yr=  4  nz=0.28 flt=0.12 dmap=+0/-0 shz=3.6 plan=3 cmd=(lx=+0.00,ly=+0.00,rx=+0.00)
t= 37.6 DWA-T pos=(+0.90,+0.22) yaw= +49.7 d=0.36 goal_err=+26 carrot_err= +25 c0=2.24 clear=1.00 prog=0.59 rel=0.72 bal=-0.57 obs=535 hard=467 obsc=588 yr=  4  nz=0.28 flt=0.09 dmap=+3/-10 shz=3.5 plan=3 cmd=(lx=+0.00,ly=+0.00,rx=+0.00)
t= 37.7 DWA-T pos=(+0.91,+0.21) yaw= +49.3 d=0.37 goal_err=+28 carrot_err= +27 c0=2.23 clear=1.00 prog=0.54 rel=0.80 bal=-0.56 obs=535 hard=467 obsc=588 yr=  4  nz=0.20 flt=0.09 dmap=+0/-0 shz=3.5 plan=3 cmd=(lx=+0.00,ly=+0.00,rx=+0.00)
t= 37.8 DWA-T pos=(+0.91,+0.21) yaw= +49.3 d=0.37 goal_err=+28 carrot_err= +27 c0=2.41 clear=1.00 prog=0.43 rel=0.80 bal=-0.56 obs=535 hard=473 obsc=589 yr=  0  nz=0.20 flt=0.09 dmap=+5/-5 shz=3.6 plan=3 cmd=(lx=+0.00,ly=+0.00,rx=+0.00)
[VIS] perc_n=0 age=- free_c=1.0 vismap=0/0 color=- carpet=- cnear=- crmin=- door=- dets=[-]
t= 37.9 DWA-T pos=(+0.91,+0.21) yaw= +49.3 d=0.37 goal_err=+28 carrot_err= +27 c0=2.41 clear=1.00 prog=0.38 rel=0.75 bal=-0.56 obs=535 hard=473 obsc=589 yr=  0  nz=0.24 flt=0.09 dmap=+0/-0 shz=3.6 plan=3 cmd=(lx=+0.00,ly=+0.00,rx=+0.00)
t= 38.0 DWA-T pos=(+0.91,+0.21) yaw= +49.3 d=0.37 goal_err=+28 carrot_err= +27 c0=2.41 clear=1.00 prog=0.32 rel=0.75 bal=-0.56 obs=535 hard=473 obsc=589 yr=  0  nz=0.24 flt=0.09 dmap=+0/-0 shz=3.6 plan=3 cmd=(lx=+0.00,ly=+0.00,rx=+0.00)
t= 38.1 DWA-T pos=(+0.91,+0.21) yaw= +49.3 d=0.37 goal_err=+28 carrot_err= +27 c0=2.23 clear=1.00 prog=0.27 rel=0.75 bal=-0.56 obs=539 hard=478 obsc=587 yr=  0  nz=0.24 flt=0.07 dmap=+7/-3 shz=3.5 plan=3 cmd=(lx=+0.00,ly=+0.00,rx=+0.00)
t= 38.2 DWA-T pos=(+0.91,+0.21) yaw= +49.3 d=0.37 goal_err=+28 carrot_err= +27 c0=2.23 clear=1.00 prog=0.22 rel=0.74 bal=-0.56 obs=539 hard=478 obsc=587 yr=  0  nz=0.25 flt=0.07 dmap=+0/-0 shz=3.5 plan=0 cmd=(lx=+0.00,ly=+0.00,rx=+0.00)
t= 38.3 BRK-BK pos=(+0.91,+0.21) yaw= +49.3 d=0.37 goal_err=+28 carrot_err= +27 c0=2.23 clear=1.00 prog=0.17 rel=0.74 bal=-0.56 obs=526 hard=485 obsc=594 yr=  0  nz=0.25 flt=0.11 dmap=+6/-19 shz=3.5 plan=0 cmd=(lx=+0.00,ly=-0.35,rx=+0.00)
t= 38.4 BRK-BK pos=(+0.91,+0.21) yaw= +49.3 d=0.37 goal_err=+28 carrot_err= +27 c0=2.23 clear=1.00 prog=0.13 rel=0.75 bal=-0.56 obs=526 hard=485 obsc=594 yr=  0  nz=0.24 flt=0.11 dmap=+0/-0 shz=3.5 plan=0 cmd=(lx=+0.00,ly=-0.35,rx=+0.00)
t= 38.5 BRK-BK pos=(+0.87,+0.21) yaw= +50.0 d=0.38 goal_err=+22 carrot_err= +22 c0=2.27 clear=1.00 prog=0.07 rel=0.75 bal=-0.56 obs=526 hard=485 obsc=594 yr=  7  nz=0.24 flt=0.11 dmap=+0/-0 shz=3.5 plan=0 cmd=(lx=+0.00,ly=-0.35,rx=+0.00)
t= 38.6 BRK-BK pos=(+0.85,+0.19) yaw= +50.1 d=0.40 goal_err=+20 carrot_err= +20 c0=2.29 clear=1.00 prog=0.02 rel=0.75 bal=-0.49 obs=524 hard=467 obsc=577 yr=  2  nz=0.24 flt=0.07 dmap=+3/-5 shz=3.5 plan=0 cmd=(lx=+0.00,ly=-0.35,rx=+0.00)
t= 38.7 BRK-TR pos=(+0.84,+0.17) yaw= +50.1 d=0.43 goal_err=+19 carrot_err= +19 c0=2.32 clear=1.00 prog=0.00 rel=0.85 bal=-0.49 obs=524 hard=467 obsc=577 yr=  0  nz=0.12 flt=0.07 dmap=+0/-0 shz=3.5 plan=0 cmd=(lx=+0.00,ly=+0.00,rx=+0.45)
  TURN-CAL rx=+0.45 esperado=-46deg/s medido=-2deg/s OK
t= 38.8 BRK-TR pos=(+0.82,+0.15) yaw= +50.0 d=0.45 goal_err=+19 carrot_err= +19 c0=2.34 clear=1.00 prog=0.00 rel=0.85 bal=-0.48 obs=524 hard=468 obsc=577 yr=  2G nz=0.12 flt=0.05 dmap=+0/-0 shz=3.8 plan=0 cmd=(lx=+0.00,ly=+0.00,rx=+0.45)
[VIS] perc_n=0 age=- free_c=1.0 vismap=0/0 color=- carpet=- cnear=- crmin=- door=- dets=[-]
  TURN-CAL rx=+0.45 esperado=-46deg/s medido=-42deg/s OK
t= 38.9 BRK-TR pos=(+0.83,+0.14) yaw= +45.6 d=0.46 goal_err=+24 carrot_err= +24 c0=2.34 clear=1.00 prog=0.00 rel=0.88 bal=-0.48 obs=524 hard=468 obsc=577 yr= 42G nz=0.11 flt=0.05 dmap=+0/-0 shz=3.8 plan=0 cmd=(lx=+0.00,ly=+0.00,rx=+0.45)
  TURN-CAL rx=+0.45 esperado=-46deg/s medido=-43deg/s OK
t= 39.0 BRK-TR pos=(+0.84,+0.14) yaw= +41.2 d=0.46 goal_err=+30 carrot_err= +30 c0=2.26 clear=1.00 prog=0.00 rel=0.88 bal=-0.47 obs=524 hard=468 obsc=577 yr= 43G nz=0.11 flt=0.05 dmap=+0/-0 shz=3.8 plan=0 cmd=(lx=+0.00,ly=+0.00,rx=+0.45)
  TURN-CAL rx=+0.45 esperado=-46deg/s medido=-43deg/s OK
t= 39.1 BRK-TR pos=(+0.85,+0.13) yaw= +36.9 d=0.47 goal_err=+35 carrot_err= +35 c0=2.26 clear=1.00 prog=0.00 rel=0.88 bal=-0.40 obs=524 hard=468 obsc=577 yr= 43G nz=0.11 flt=0.23 dmap=+0/-0 shz=3.8 plan=0 cmd=(lx=+0.00,ly=+0.00,rx=+0.45)
  TURN-CAL rx=+0.45 esperado=-46deg/s medido=-42deg/s OK
t= 39.2 BRK-TR pos=(+0.85,+0.12) yaw= +32.6 d=0.47 goal_err=+40 carrot_err= +40 c0=2.26 clear=1.00 prog=0.00 rel=0.87 bal=-0.37 obs=524 hard=468 obsc=577 yr= 42G nz=0.11 flt=0.23 dmap=+0/-0 shz=3.8 plan=0 cmd=(lx=+0.00,ly=+0.00,rx=+0.45)
  TURN-CAL rx=+0.45 esperado=-46deg/s medido=-41deg/s OK
t= 39.3 BRK-TR pos=(+0.85,+0.12) yaw= +28.4 d=0.48 goal_err=+44 carrot_err= +44 c0=2.26 clear=1.00 prog=0.00 rel=0.87 bal=-0.36 obs=525 hard=471 obsc=578 yr= 41G nz=0.11 flt=0.09 dmap=+1/-0 shz=3.8 plan=0 cmd=(lx=+0.00,ly=+0.00,rx=+0.45)
  TURN-CAL rx=+0.45 esperado=-46deg/s medido=-39deg/s OK
t= 39.4 BRK-TR pos=(+0.85,+0.12) yaw= +24.4 d=0.48 goal_err=+48 carrot_err= +48 c0=2.26 clear=1.00 prog=0.00 rel=0.88 bal=-0.36 obs=525 hard=471 obsc=578 yr= 39G nz=0.07 flt=0.09 dmap=+0/-0 shz=3.8 plan=0 cmd=(lx=+0.00,ly=+0.00,rx=+0.45)
  TURN-CAL rx=+0.45 esperado=-46deg/s medido=-31deg/s OK
t= 39.5 BRK-TR pos=(+0.84,+0.14) yaw= +21.3 d=0.46 goal_err=+49 carrot_err= +49 c0=2.26 clear=1.00 prog=0.00 rel=0.88 bal=-0.40 obs=526 hard=472 obsc=578 yr= 31G nz=0.07 flt=0.32 dmap=+1/-0 shz=3.8 plan=0 cmd=(lx=+0.00,ly=+0.00,rx=+0.45)
  TURN-CAL rx=+0.45 esperado=-46deg/s medido=-39deg/s OK
t= 39.6 BRK-TR pos=(+0.84,+0.14) yaw= +17.2 d=0.46 goal_err=+53 carrot_err= +53 c0=2.26 clear=1.00 prog=0.00 rel=0.69 bal=-0.14 obs=526 hard=472 obsc=578 yr= 39G nz=0.16 flt=0.32 dmap=+0/-0 shz=3.8 plan=0 cmd=(lx=+0.00,ly=+0.00,rx=+0.45)
  TURN-CAL rx=+0.45 esperado=-46deg/s medido=-40deg/s OK
t= 39.7 BRK-TR pos=(+0.84,+0.14) yaw= +13.2 d=0.46 goal_err=+57 carrot_err= +57 c0=2.26 clear=1.00 prog=0.00 rel=0.69 bal=-0.02 obs=526 hard=472 obsc=578 yr= 40G nz=0.16 flt=0.32 dmap=+0/-0 shz=3.8 plan=0 cmd=(lx=+0.00,ly=+0.00,rx=+0.45)
  TURN-CAL rx=+0.45 esperado=-46deg/s medido=-40deg/s OK
t= 39.8 BRK-TR pos=(+0.84,+0.14) yaw=  +9.2 d=0.46 goal_err=+61 carrot_err= +61 c0=2.26 clear=1.00 prog=0.00 rel=0.69 bal=+0.31 obs=527 hard=473 obsc=579 yr= 40G nz=0.16 flt=0.25 dmap=+1/-0 shz=3.8 plan=0 cmd=(lx=+0.00,ly=+0.00,rx=+0.45)
[VIS] perc_n=0 age=- free_c=1.0 vismap=0/0 color=- carpet=- cnear=- crmin=- door=- dets=[-]
  TURN-CAL rx=+0.45 esperado=-46deg/s medido=-39deg/s OK
t= 39.9 BRK-TR pos=(+0.84,+0.14) yaw=  +5.2 d=0.46 goal_err=+65 carrot_err= +65 c0=2.26 clear=1.00 prog=0.00 rel=0.67 bal=+0.33 obs=527 hard=473 obsc=579 yr= 39G nz=0.19 flt=0.25 dmap=+0/-0 shz=3.8 plan=0 cmd=(lx=+0.00,ly=+0.00,rx=+0.45)
  TURN-CAL rx=+0.45 esperado=-46deg/s medido=-40deg/s OK
t= 40.0 BRK-TR pos=(+0.84,+0.14) yaw=  +1.2 d=0.46 goal_err=+69 carrot_err= +69 c0=2.26 clear=1.00 prog=0.00 rel=0.67 bal=+0.33 obs=529 hard=475 obsc=581 yr= 40G nz=0.19 flt=0.18 dmap=+2/-0 shz=3.8 plan=0 cmd=(lx=+0.00,ly=+0.00,rx=+0.45)
  TURN-CAL rx=+0.45 esperado=-46deg/s medido=-39deg/s OK
t= 40.1 BRK-TR pos=(+0.84,+0.14) yaw=  -2.8 d=0.46 goal_err=+73 carrot_err= +74 c0=2.17 clear=1.00 prog=0.00 rel=0.68 bal=+0.33 obs=529 hard=475 obsc=581 yr= 39G nz=0.18 flt=0.18 dmap=+0/-0 shz=3.8 plan=0 cmd=(lx=+0.00,ly=+0.00,rx=+0.45)
  TURN-CAL rx=+0.45 esperado=-46deg/s medido=-40deg/s OK
t= 40.2 BRK-TR pos=(+0.84,+0.14) yaw=  -6.8 d=0.46 goal_err=+77 carrot_err= +78 c0=1.55 clear=1.00 prog=0.00 rel=0.68 bal=+0.33 obs=529 hard=475 obsc=581 yr= 40G nz=0.18 flt=0.18 dmap=+0/-0 shz=3.8 plan=0 cmd=(lx=+0.00,ly=+0.00,rx=+0.45)
  TURN-CAL rx=+0.45 esperado=-46deg/s medido=-40deg/s OK
t= 40.3 BRK-TR pos=(+0.84,+0.14) yaw= -10.8 d=0.46 goal_err=+81 carrot_err= +82 c0=1.55 clear=1.00 prog=0.00 rel=0.68 bal=+0.33 obs=529 hard=475 obsc=581 yr= 40G nz=0.18 flt=0.12 dmap=+0/-0 shz=3.8 plan=0 cmd=(lx=+0.00,ly=+0.00,rx=+0.45)
  TURN-CAL rx=+0.45 esperado=-46deg/s medido=-39deg/s OK
t= 40.4 BRK-TR pos=(+0.84,+0.14) yaw= -14.8 d=0.46 goal_err=+85 carrot_err= +86 c0=1.55 clear=1.00 prog=0.00 rel=0.45 bal=+0.33 obs=529 hard=475 obsc=581 yr= 39G nz=0.54 flt=0.12 dmap=+0/-0 shz=3.8 plan=0 cmd=(lx=+0.00,ly=+0.00,rx=+0.45)
  TURN-CAL rx=+0.45 esperado=-46deg/s medido=-79deg/s OK
t= 40.5 BRK-TR pos=(+0.84,+0.14) yaw= -22.9 d=0.46 goal_err=+93 carrot_err= +94 c0=1.55 clear=1.00 prog=0.00 rel=0.45 bal=+0.33 obs=529 hard=475 obsc=581 yr= 79G nz=0.54 flt=0.12 dmap=+0/-0 shz=3.8 plan=0 cmd=(lx=+0.00,ly=+0.00,rx=+0.45)
  TURN-CAL rx=+0.45 esperado=-46deg/s medido=-39deg/s OK
t= 40.6 BRK-TR pos=(+0.84,+0.14) yaw= -26.9 d=0.46 goal_err=+98 carrot_err= +98 c0=1.49 clear=0.99 prog=0.00 rel=0.36 bal=+0.33 obs=529 hard=475 obsc=581 yr= 39G nz=0.63 flt=0.12 dmap=+0/-0 shz=3.8 plan=0 cmd=(lx=+0.00,ly=+0.00,rx=+0.45)
  TURN-CAL rx=+0.45 esperado=-46deg/s medido=-40deg/s OK
t= 40.7 BRK-TR pos=(+0.84,+0.14) yaw= -30.9 d=0.46 goal_err=+102 carrot_err=+102 c0=1.49 clear=0.99 prog=0.00 rel=0.36 bal=+0.33 obs=529 hard=475 obsc=581 yr= 40G nz=0.63 flt=0.12 dmap=+0/-0 shz=3.8 plan=0 cmd=(lx=+0.00,ly=+0.00,rx=+0.45)
  TURN-CAL rx=+0.45 esperado=-46deg/s medido=-40deg/s OK
t= 40.8 BRK-TR pos=(+0.84,+0.14) yaw= -34.9 d=0.46 goal_err=+106 carrot_err=+106 c0=1.49 clear=0.99 prog=0.00 rel=0.36 bal=+0.00 obs=529 hard=475 obsc=581 yr= 40G nz=0.63 flt=0.30 dmap=+0/-0 shz=3.8 plan=0 cmd=(lx=+0.00,ly=+0.00,rx=+0.45)
[VIS] perc_n=0 age=- free_c=1.0 vismap=0/0 color=- carpet=- cnear=- crmin=- door=- dets=[-]
  TURN-CAL rx=+0.45 esperado=-46deg/s medido=-39deg/s OK
t= 40.9 BRK-TR pos=(+0.84,+0.14) yaw= -38.9 d=0.46 goal_err=+110 carrot_err=+110 c0=1.49 clear=0.99 prog=0.00 rel=0.26 bal=+0.00 obs=529 hard=475 obsc=581 yr= 39G nz=0.69 flt=0.30 dmap=+0/-0 shz=3.8 plan=0 cmd=(lx=+0.00,ly=+0.00,rx=+0.45)
  TURN-CAL rx=+0.45 esperado=-46deg/s medido=-40deg/s OK
t= 41.0 BRK-TR pos=(+0.84,+0.14) yaw= -42.9 d=0.46 goal_err=+114 carrot_err=+114 c0=1.49 clear=0.99 prog=0.01 rel=0.26 bal=+0.00 obs=529 hard=475 obsc=581 yr= 40G nz=0.69 flt=0.07 dmap=+0/-0 shz=3.8 plan=0 cmd=(lx=+0.00,ly=+0.00,rx=+0.45)
  TURN-CAL rx=+0.45 esperado=-46deg/s medido=-39deg/s OK
t= 41.1 DWA-T pos=(+0.84,+0.14) yaw= -46.9 d=0.46 goal_err=+118 carrot_err=+118 c0=1.00 clear=0.67 prog=0.02 rel=0.33 bal=+0.00 obs=529 hard=475 obsc=581 yr= 39G nz=0.67 flt=0.07 dmap=+0/-0 shz=3.8 plan=3 cmd=(lx=+0.00,ly=+0.00,rx=-0.45)
  TURN-CAL rx=-0.45 esperado=+46deg/s medido=-0deg/s OK
t= 41.2 DWA-T pos=(+0.84,+0.14) yaw= -46.9 d=0.46 goal_err=+118 carrot_err=+118 c0=1.00 clear=0.67 prog=0.03 rel=0.33 bal=+0.00 obs=529 hard=475 obsc=581 yr=  0G nz=0.67 flt=0.07 dmap=+0/-0 shz=3.8 plan=3 cmd=(lx=+0.00,ly=+0.00,rx=-0.45)
  TURN-CAL rx=-0.45 esperado=+46deg/s medido=+39deg/s OK
t= 41.3 DWA-T pos=(+0.84,+0.14) yaw= -42.9 d=0.46 goal_err=+114 carrot_err=+114 c0=1.49 clear=0.99 prog=0.03 rel=0.33 bal=+0.00 obs=529 hard=475 obsc=581 yr= 39G nz=0.67 flt=0.24 dmap=+0/-0 shz=3.7 plan=3 cmd=(lx=+0.00,ly=+0.00,rx=-0.45)
  TURN-CAL rx=-0.45 esperado=+46deg/s medido=+39deg/s OK
t= 41.4 DWA-F pos=(+0.84,+0.14) yaw= -38.9 d=0.46 goal_err=+110 carrot_err=+110 c0=1.49 clear=0.99 prog=0.00 rel=0.44 bal=+0.00 obs=529 hard=475 obsc=581 yr= 39G nz=0.53 flt=0.24 dmap=+0/-0 shz=3.7 plan=3 cmd=(lx=+0.00,ly=+0.40,rx=-0.45)
t= 41.5 DWA-F pos=(+0.84,+0.14) yaw= -36.9 d=0.46 goal_err=+108 carrot_err=+108 c0=1.49 clear=0.99 prog=0.00 rel=0.44 bal=+0.00 obs=529 hard=475 obsc=581 yr= 20G nz=0.53 flt=0.24 dmap=+0/-0 shz=3.7 plan=3 cmd=(lx=+0.00,ly=+0.40,rx=-0.45)
t= 41.6 DWA-F pos=(+0.84,+0.14) yaw= -36.9 d=0.46 goal_err=+108 carrot_err=+108 c0=1.49 clear=0.99 prog=0.00 rel=0.44 bal=+0.00 obs=529 hard=475 obsc=581 yr=  0G nz=0.53 flt=0.24 dmap=+0/-0 shz=3.7 plan=3 cmd=(lx=+0.00,ly=+0.40,rx=-0.45)
t= 41.8 DWA-F pos=(+0.84,+0.14) yaw= -36.9 d=0.46 goal_err=+108 carrot_err=+108 c0=1.49 clear=0.99 prog=0.00 rel=0.44 bal=+0.00 obs=529 hard=475 obsc=581 yr=  0G nz=0.53 flt=0.24 dmap=+0/-0 shz=3.7 plan=3 cmd=(lx=+0.00,ly=+0.40,rx=-0.45)
t= 41.9 DWA-F pos=(+0.84,+0.14) yaw= -36.9 d=0.46 goal_err=+108 carrot_err=+108 c0=1.49 clear=0.99 prog=0.00 rel=0.44 bal=+0.00 obs=529 hard=475 obsc=581 yr=  0G nz=0.53 flt=0.24 dmap=+0/-0 shz=3.7 plan=3 cmd=(lx=+0.00,ly=+0.40,rx=-0.45)
[VIS] perc_n=0 age=- free_c=1.0 vismap=0/0 color=- carpet=- cnear=- crmin=- door=- dets=[-]
t= 42.0 DWA-F pos=(+0.84,+0.14) yaw= -36.9 d=0.46 goal_err=+108 carrot_err=+108 c0=1.49 clear=0.99 prog=0.00 rel=0.44 bal=+0.00 obs=529 hard=475 obsc=581 yr=  0G nz=0.53 flt=0.24 dmap=+0/-0 shz=3.7 plan=3 cmd=(lx=+0.00,ly=+0.40,rx=-0.45)
t= 42.1 DWA-F pos=(+0.84,+0.14) yaw= -36.9 d=0.46 goal_err=+108 carrot_err=+108 c0=1.49 clear=0.99 prog=0.00 rel=0.44 bal=+0.00 obs=529 hard=475 obsc=581 yr=  0G nz=0.53 flt=0.24 dmap=+0/-0 shz=3.7 plan=3 cmd=(lx=+0.00,ly=+0.40,rx=-0.45)
t= 42.2 DWA-F pos=(+0.84,+0.14) yaw= -36.9 d=0.46 goal_err=+108 carrot_err=+108 c0=1.49 clear=0.99 prog=0.00 rel=0.44 bal=+0.00 obs=529 hard=475 obsc=581 yr=  0G nz=0.53 flt=0.24 dmap=+0/-0 shz=3.7 plan=3 cmd=(lx=+0.00,ly=+0.40,rx=-0.45)
t= 42.3 DWA-F pos=(+0.84,+0.14) yaw= -36.9 d=0.46 goal_err=+108 carrot_err=+108 c0=1.49 clear=0.99 prog=0.00 rel=0.44 bal=+0.00 obs=529 hard=475 obsc=581 yr=  0G nz=0.53 flt=0.24 dmap=+0/-0 shz=3.7 plan=3 cmd=(lx=+0.00,ly=+0.40,rx=-0.45)
SCAN-STALE nube 'location' sin refrescar 10 ticks (mapa congelado)
t= 42.4 DWA-F pos=(+0.84,+0.14) yaw= -36.9 d=0.46 goal_err=+108 carrot_err=+108 c0=1.49 clear=0.99 prog=0.00 rel=0.44 bal=+0.00 obs=529 hard=475 obsc=581 yr=  0G nz=0.53 flt=0.24 dmap=+0/-0 shz=3.7 plan=3 cmd=(lx=+0.00,ly=+0.40,rx=-0.45)
t= 42.5 DWA-F pos=(+0.84,+0.14) yaw= -36.9 d=0.46 goal_err=+108 carrot_err=+108 c0=1.49 clear=0.99 prog=0.00 rel=0.44 bal=+0.00 obs=529 hard=475 obsc=581 yr=  0G nz=0.53 flt=0.24 dmap=+0/-0 shz=3.7 plan=3 cmd=(lx=+0.00,ly=+0.40,rx=-0.45)
t= 42.6 DWA-F pos=(+0.84,+0.14) yaw= -36.9 d=0.46 goal_err=+108 carrot_err=+108 c0=1.49 clear=0.99 prog=0.00 rel=0.44 bal=+0.00 obs=529 hard=475 obsc=581 yr=  0G nz=0.53 flt=0.24 dmap=+0/-0 shz=3.7 plan=3 cmd=(lx=+0.00,ly=+0.40,rx=-0.45)
t= 42.7 DWA-F pos=(+0.84,+0.14) yaw= -36.9 d=0.46 goal_err=+108 carrot_err=+108 c0=1.49 clear=0.99 prog=0.00 rel=0.44 bal=+0.00 obs=529 hard=475 obsc=581 yr=  0G nz=0.53 flt=0.07 dmap=+0/-0 shz=3.5 plan=3 cmd=(lx=+0.00,ly=+0.40,rx=-0.45)
t= 42.8 DWA-F pos=(+0.84,+0.14) yaw= -36.9 d=0.46 goal_err=+108 carrot_err=+108 c0=1.49 clear=0.99 prog=0.00 rel=0.96 bal=+0.00 obs=529 hard=475 obsc=581 yr=  0G nz=0.04 flt=0.05 dmap=+0/-0 shz=3.5 plan=3 cmd=(lx=+0.00,ly=+0.40,rx=-0.45)
t= 42.9 DWA-F pos=(+0.84,+0.14) yaw= -36.9 d=0.46 goal_err=+108 carrot_err=+108 c0=1.49 clear=0.99 prog=0.00 rel=0.97 bal=+0.00 obs=529 hard=475 obsc=581 yr=  0G nz=0.03 flt=0.05 dmap=+0/-0 shz=3.5 plan=3 cmd=(lx=+0.00,ly=+0.40,rx=-0.45)
[VIS] perc_n=0 age=- free_c=1.0 vismap=0/0 color=- carpet=- cnear=- crmin=- door=- dets=[-]
t= 43.0 DWA-F pos=(+0.84,+0.14) yaw= -36.9 d=0.46 goal_err=+108 carrot_err=+108 c0=1.49 clear=0.99 prog=0.00 rel=0.97 bal=+0.00 obs=529 hard=475 obsc=581 yr=  0G nz=0.03 flt=0.05 dmap=+0/-0 shz=3.5 plan=3 cmd=(lx=+0.00,ly=+0.40,rx=-0.45)
t= 43.1 DWA-F pos=(+0.84,+0.14) yaw= -36.9 d=0.46 goal_err=+108 carrot_err=+108 c0=1.49 clear=0.99 prog=0.00 rel=0.97 bal=+0.00 obs=529 hard=475 obsc=581 yr=  0G nz=0.03 flt=0.04 dmap=+0/-0 shz=3.5 plan=3 cmd=(lx=+0.00,ly=+0.40,rx=-0.45)
t= 43.2 DWA-F pos=(+0.84,+0.14) yaw= -36.9 d=0.46 goal_err=+108 carrot_err=+108 c0=1.49 clear=0.99 prog=0.00 rel=0.96 bal=+0.00 obs=529 hard=475 obsc=581 yr=  0G nz=0.03 flt=0.04 dmap=+0/-0 shz=3.5 plan=3 cmd=(lx=+0.00,ly=+0.40,rx=-0.45)
t= 43.3 DWA-F pos=(+0.84,+0.14) yaw= -36.9 d=0.46 goal_err=+108 carrot_err=+108 c0=1.49 clear=0.99 prog=0.00 rel=0.96 bal=+0.00 obs=529 hard=475 obsc=581 yr=  0G nz=0.03 flt=0.05 dmap=+0/-0 shz=3.5 plan=3 cmd=(lx=+0.00,ly=+0.40,rx=-0.45)
t= 43.4 DWA-F pos=(+0.84,+0.14) yaw= -36.9 d=0.46 goal_err=+108 carrot_err=+108 c0=1.49 clear=0.99 prog=0.00 rel=0.97 bal=+0.00 obs=529 hard=475 obsc=581 yr=  0G nz=0.03 flt=0.05 dmap=+0/-0 shz=3.5 plan=3 cmd=(lx=+0.00,ly=+0.40,rx=-0.45)
t= 43.5 DWA-F pos=(+0.84,+0.14) yaw= -36.9 d=0.46 goal_err=+108 carrot_err=+108 c0=1.49 clear=0.99 prog=0.00 rel=0.97 bal=+0.00 obs=529 hard=475 obsc=581 yr=  0G nz=0.03 flt=0.05 dmap=+0/-0 shz=3.5 plan=3 cmd=(lx=+0.00,ly=+0.40,rx=-0.45)
t= 43.6 DWA-F pos=(+0.84,+0.14) yaw= -36.9 d=0.46 goal_err=+108 carrot_err=+108 c0=1.49 clear=0.99 prog=0.00 rel=0.97 bal=+0.00 obs=529 hard=475 obsc=581 yr=  0G nz=0.03 flt=0.07 dmap=+0/-0 shz=3.5 plan=3 cmd=(lx=+0.00,ly=+0.40,rx=-0.45)
t= 43.7 DWA-F pos=(+0.85,+0.11) yaw= -33.5 d=0.48 goal_err=+107 carrot_err=+107 c0=1.46 clear=0.97 prog=0.00 rel=0.96 bal=+0.35 obs=529 hard=475 obsc=581 yr= 33G nz=0.03 flt=0.07 dmap=+0/-0 shz=3.5 plan=3 cmd=(lx=+0.00,ly=+0.40,rx=-0.45)
t= 43.8 DWA-F pos=(+0.89,+0.10) yaw= -29.2 d=0.48 goal_err=+107 carrot_err=+106 c0=1.43 clear=0.95 prog=0.00 rel=0.96 bal=+0.36 obs=529 hard=475 obsc=581 yr= 42G nz=0.03 flt=0.12 dmap=+0/-0 shz=3.5 plan=3 cmd=(lx=+0.00,ly=+0.40,rx=-0.45)
t= 43.9 DWA-F pos=(+0.91,+0.10) yaw= -24.9 d=0.48 goal_err=+106 carrot_err=+105 c0=1.46 clear=0.97 prog=0.00 rel=0.93 bal=+0.37 obs=529 hard=475 obsc=581 yr= 42G nz=0.06 flt=0.12 dmap=+0/-0 shz=3.5 plan=3 cmd=(lx=+0.00,ly=+0.40,rx=-0.45)
[VIS] perc_n=0 age=- free_c=1.0 vismap=0/0 color=- carpet=- cnear=- crmin=- door=- dets=[-]
t= 44.0 DWA-F pos=(+0.94,+0.10) yaw= -20.5 d=0.48 goal_err=+105 carrot_err=+104 c0=1.44 clear=0.96 prog=0.00 rel=0.93 bal=+0.38 obs=529 hard=475 obsc=581 yr= 43G nz=0.06 flt=0.12 dmap=+0/-0 shz=3.5 plan=3 cmd=(lx=+0.00,ly=+0.40,rx=-0.45)
t= 44.1 DWA-F pos=(+0.97,+0.09) yaw= -16.1 d=0.48 goal_err=+104 carrot_err=+103 c0=1.41 clear=0.94 prog=0.00 rel=0.93 bal=+0.39 obs=529 hard=475 obsc=581 yr= 42G nz=0.06 flt=0.13 dmap=+0/-0 shz=3.5 plan=3 cmd=(lx=+0.00,ly=+0.40,rx=-0.45)
t= 44.2 DWA-F pos=(+1.00,+0.09) yaw= -12.1 d=0.48 goal_err=+104 carrot_err=+102 c0=1.38 clear=0.92 prog=0.00 rel=0.91 bal=+0.39 obs=529 hard=475 obsc=581 yr= 39G nz=0.08 flt=0.13 dmap=+0/-0 shz=3.5 plan=4 cmd=(lx=+0.00,ly=+0.40,rx=-0.45)
t= 44.3 DWA-F pos=(+1.03,+0.09) yaw=  -8.1 d=0.49 goal_err=+103 carrot_err=+101 c0=1.36 clear=0.91 prog=0.00 rel=0.91 bal=+0.40 obs=529 hard=475 obsc=581 yr= 38G nz=0.08 flt=0.10 dmap=+0/-0 shz=3.5 plan=4 cmd=(lx=+0.00,ly=+0.40,rx=-0.45)
t= 44.4 DWA-F pos=(+1.06,+0.08) yaw=  -4.3 d=0.50 goal_err=+102 carrot_err=+100 c0=1.95 clear=1.00 prog=0.00 rel=0.89 bal=+0.41 obs=529 hard=475 obsc=581 yr= 37G nz=0.09 flt=0.10 dmap=+0/-0 shz=3.5 plan=4 cmd=(lx=+0.00,ly=+0.40,rx=-0.45)
t= 44.5 DWA-F pos=(+1.09,+0.06) yaw=  -0.6 d=0.52 goal_err=+101 carrot_err=+100 c0=2.05 clear=1.00 prog=0.00 rel=0.89 bal=+0.42 obs=529 hard=475 obsc=581 yr= 36G nz=0.09 flt=0.21 dmap=+0/-0 shz=3.5 plan=4 cmd=(lx=+0.00,ly=+0.40,rx=-0.45)
t= 44.6 DWA-F pos=(+1.14,+0.05) yaw=  +7.2 d=0.54 goal_err=+99 carrot_err= +97 c0=2.00 clear=1.00 prog=0.00 rel=0.65 bal=+0.17 obs=529 hard=475 obsc=581 yr= 75G nz=0.34 flt=0.21 dmap=+0/-0 shz=3.5 plan=4 cmd=(lx=+0.00,ly=+0.40,rx=-0.45)
t= 44.7 DWA-F pos=(+1.18,+0.04) yaw= +10.8 d=0.56 goal_err=+99 carrot_err= +97 c0=1.97 clear=1.00 prog=0.00 rel=0.65 bal=+0.19 obs=529 hard=475 obsc=581 yr= 35G nz=0.34 flt=0.21 dmap=+0/-0 shz=3.5 plan=4 cmd=(lx=+0.00,ly=+0.40,rx=-0.45)
t= 44.8 DWA-F pos=(+1.21,+0.05) yaw= +14.6 d=0.57 goal_err=+98 carrot_err= +96 c0=1.94 clear=1.00 prog=0.00 rel=0.65 bal=+0.21 obs=529 hard=475 obsc=581 yr= 37G nz=0.34 flt=0.18 dmap=+0/-0 shz=3.5 plan=4 cmd=(lx=+0.00,ly=+0.40,rx=-0.45)
t= 44.9 DWA-F pos=(+1.24,+0.06) yaw= +18.5 d=0.57 goal_err=+98 carrot_err= +96 c0=1.91 clear=1.00 prog=0.00 rel=0.55 bal=+0.23 obs=529 hard=475 obsc=581 yr= 38G nz=0.44 flt=0.18 dmap=+0/-0 shz=3.5 plan=4 cmd=(lx=+0.00,ly=+0.40,rx=-0.45)
[VIS] perc_n=0 age=- free_c=1.0 vismap=0/0 color=- carpet=- cnear=- crmin=- door=- dets=[-]
t= 45.0 DWA-F pos=(+1.27,+0.07) yaw= +22.5 d=0.57 goal_err=+97 carrot_err= +95 c0=1.87 clear=1.00 prog=0.00 rel=0.55 bal=+0.24 obs=529 hard=476 obsc=581 yr= 39G nz=0.44 flt=0.10 dmap=+0/-0 shz=3.5 plan=4 cmd=(lx=+0.00,ly=+0.40,rx=-0.45)
t= 45.1 DWA-F pos=(+1.30,+0.09) yaw= +26.7 d=0.57 goal_err=+96 carrot_err= +94 c0=1.84 clear=1.00 prog=0.00 rel=0.57 bal=+0.24 obs=529 hard=476 obsc=581 yr= 41G nz=0.43 flt=0.10 dmap=+0/-0 shz=3.5 plan=4 cmd=(lx=+0.00,ly=+0.40,rx=-0.45)
t= 45.2 DWA-F pos=(+1.32,+0.11) yaw= +31.1 d=0.56 goal_err=+95 carrot_err= +92 c0=1.81 clear=1.00 prog=0.00 rel=0.57 bal=+0.24 obs=529 hard=476 obsc=581 yr= 42G nz=0.43 flt=0.10 dmap=+0/-0 shz=3.5 plan=4 cmd=(lx=+0.00,ly=+0.40,rx=-0.45)
t= 45.3 DWA-F pos=(+1.34,+0.14) yaw= +35.5 d=0.55 goal_err=+94 carrot_err= +91 c0=1.79 clear=1.00 prog=0.00 rel=0.57 bal=+0.21 obs=530 hard=477 obsc=582 yr= 43G nz=0.43 flt=0.15 dmap=+1/-0 shz=3.5 plan=4 cmd=(lx=+0.00,ly=+0.40,rx=-0.45)
t= 45.5 DWA-F pos=(+1.35,+0.17) yaw= +39.9 d=0.54 goal_err=+92 carrot_err= +89 c0=1.76 clear=1.00 prog=0.00 rel=0.53 bal=-0.09 obs=530 hard=477 obsc=582 yr= 42G nz=0.42 flt=0.15 dmap=+0/-0 shz=3.5 plan=4 cmd=(lx=+0.00,ly=+0.40,rx=-0.45)
t= 45.6 DWA-F pos=(+1.37,+0.19) yaw= +44.2 d=0.54 goal_err=+91 carrot_err= +88 c0=1.74 clear=1.00 prog=0.00 rel=0.53 bal=-0.34 obs=530 hard=477 obsc=582 yr= 42G nz=0.42 flt=0.10 dmap=+0/-0 shz=3.5 plan=4 cmd=(lx=+0.00,ly=+0.40,rx=-0.45)
t= 45.7 DWA-F pos=(+1.38,+0.21) yaw= +48.3 d=0.53 goal_err=+89 carrot_err= +86 c0=1.85 clear=1.00 prog=0.00 rel=0.59 bal=-0.35 obs=530 hard=477 obsc=582 yr= 39G nz=0.39 flt=0.10 dmap=+0/-0 shz=3.5 plan=4 cmd=(lx=+0.00,ly=+0.40,rx=-0.45)
t= 45.8 DWA-F pos=(+1.40,+0.23) yaw= +52.2 d=0.54 goal_err=+88 carrot_err= +85 c0=1.82 clear=1.00 prog=0.00 rel=0.59 bal=-0.35 obs=530 hard=477 obsc=582 yr= 38G nz=0.39 flt=0.10 dmap=+0/-0 shz=3.5 plan=3 cmd=(lx=+0.00,ly=+0.40,rx=-0.45)
t= 45.9 DWA-F pos=(+1.42,+0.25) yaw= +55.9 d=0.54 goal_err=+88 carrot_err= +85 c0=1.79 clear=1.00 prog=0.00 rel=0.59 bal=-0.35 obs=531 hard=478 obsc=583 yr= 36G nz=0.39 flt=0.14 dmap=+1/-0 shz=3.5 plan=3 cmd=(lx=+0.00,ly=+0.40,rx=-0.45)
t= 46.0 DWA-F pos=(+1.45,+0.27) yaw= +59.6 d=0.55 goal_err=+87 carrot_err= +84 c0=1.76 clear=1.00 prog=0.00 rel=0.74 bal=-0.35 obs=531 hard=478 obsc=583 yr= 35G nz=0.18 flt=0.14 dmap=+0/-0 shz=3.5 plan=3 cmd=(lx=+0.00,ly=+0.40,rx=-0.45)
[VIS] perc_n=0 age=- free_c=1.0 vismap=0/0 color=- carpet=- cnear=- crmin=- door=- dets=[-]
t= 46.1 DWA-F pos=(+1.47,+0.28) yaw= +63.2 d=0.56 goal_err=+86 carrot_err= +83 c0=1.73 clear=1.00 prog=0.00 rel=0.74 bal=-0.34 obs=531 hard=478 obsc=583 yr= 35G nz=0.18 flt=0.09 dmap=+0/-0 shz=3.5 plan=3 cmd=(lx=+0.00,ly=+0.40,rx=-0.45)
t= 46.2 DWA-F pos=(+1.50,+0.30) yaw= +66.8 d=0.57 goal_err=+86 carrot_err= +82 c0=1.98 clear=1.00 prog=0.00 rel=0.84 bal=-0.34 obs=531 hard=478 obsc=583 yr= 35G nz=0.13 flt=0.09 dmap=+0/-0 shz=3.5 plan=3 cmd=(lx=+0.00,ly=+0.40,rx=-0.45)
t= 46.3 DWA-F pos=(+1.51,+0.33) yaw= +70.5 d=0.57 goal_err=+85 carrot_err= +82 c0=1.95 clear=1.00 prog=0.00 rel=0.84 bal=-0.35 obs=531 hard=478 obsc=583 yr= 36G nz=0.13 flt=0.09 dmap=+0/-0 shz=3.5 plan=3 cmd=(lx=+0.00,ly=+0.40,rx=-0.45)
t= 46.4 DWA-F pos=(+1.52,+0.36) yaw= +74.5 d=0.57 goal_err=+84 carrot_err= +81 c0=2.04 clear=1.00 prog=0.00 rel=0.83 bal=-0.36 obs=531 hard=478 obsc=583 yr= 38G nz=0.15 flt=0.09 dmap=+0/-0 shz=3.5 plan=3 cmd=(lx=+0.00,ly=+0.40,rx=-0.45)
t= 46.5 DWA-F pos=(+1.53,+0.39) yaw= +78.6 d=0.57 goal_err=+83 carrot_err= +80 c0=2.01 clear=1.00 prog=0.00 rel=0.83 bal=-0.37 obs=531 hard=478 obsc=583 yr= 40G nz=0.15 flt=0.09 dmap=+0/-0 shz=3.5 plan=3 cmd=(lx=+0.00,ly=+0.40,rx=-0.45)
t= 46.6 DWA-F pos=(+1.53,+0.43) yaw= +82.9 d=0.56 goal_err=+82 carrot_err= +79 c0=1.98 clear=1.00 prog=0.00 rel=0.83 bal=-0.38 obs=531 hard=478 obsc=583 yr= 42G nz=0.15 flt=0.05 dmap=+0/-0 shz=3.5 plan=3 cmd=(lx=+0.00,ly=+0.40,rx=-0.45)
t= 46.7 DWA-F pos=(+1.52,+0.46) yaw= +87.4 d=0.54 goal_err=+81 carrot_err= +77 c0=1.44 clear=0.96 prog=0.03 rel=0.82 bal=-0.40 obs=532 hard=479 obsc=583 yr= 43G nz=0.17 flt=0.05 dmap=+1/-0 shz=3.5 plan=3 cmd=(lx=+0.00,ly=+0.40,rx=-0.45)
t= 46.8 DWA-F pos=(+1.51,+0.49) yaw= +91.8 d=0.52 goal_err=+79 carrot_err= +76 c0=1.41 clear=0.94 prog=0.07 rel=0.82 bal=-0.42 obs=532 hard=479 obsc=583 yr= 43G nz=0.17 flt=0.14 dmap=+0/-0 shz=3.8 plan=3 cmd=(lx=+0.00,ly=+0.28,rx=-0.45)
t= 46.9 DWA-F pos=(+1.50,+0.52) yaw= +96.1 d=0.51 goal_err=+78 carrot_err= +75 c0=1.19 clear=0.79 prog=0.11 rel=0.68 bal=-0.44 obs=533 hard=480 obsc=584 yr= 42G nz=0.28 flt=0.14 dmap=+1/-0 shz=3.8 plan=3 cmd=(lx=+0.00,ly=+0.28,rx=-0.45)
t= 47.0 DWA-F pos=(+1.49,+0.53) yaw=+100.4 d=0.50 goal_err=+76 carrot_err= +72 c0=1.17 clear=0.78 prog=0.13 rel=0.68 bal=-0.45 obs=533 hard=480 obsc=584 yr= 41G nz=0.28 flt=0.14 dmap=+0/-0 shz=3.8 plan=3 cmd=(lx=+0.00,ly=+0.28,rx=-0.45)
[VIS] perc_n=0 age=- free_c=1.0 vismap=0/0 color=- carpet=- cnear=- crmin=- door=- dets=[-]
t= 47.1 DWA-F pos=(+1.48,+0.55) yaw=+104.4 d=0.49 goal_err=+73 carrot_err= +70 c0=1.09 clear=0.73 prog=0.12 rel=0.68 bal=-0.46 obs=534 hard=481 obsc=585 yr= 40G nz=0.28 flt=0.08 dmap=+1/-0 shz=3.7 plan=3 cmd=(lx=+0.00,ly=+0.28,rx=-0.45)
t= 47.2 DWA-F pos=(+1.48,+0.57) yaw=+108.4 d=0.49 goal_err=+71 carrot_err= +68 c0=1.08 clear=0.72 prog=0.12 rel=0.48 bal=-0.46 obs=534 hard=481 obsc=585 yr= 37G nz=0.49 flt=0.08 dmap=+0/-0 shz=3.7 plan=3 cmd=(lx=+0.00,ly=+0.28,rx=-0.45)
t= 47.3 DWA-F pos=(+1.48,+0.59) yaw=+112.1 d=0.49 goal_err=+70 carrot_err= +66 c0=1.06 clear=0.71 prog=0.10 rel=0.48 bal=-0.47 obs=534 hard=482 obsc=585 yr= 36G nz=0.49 flt=0.07 dmap=+0/-0 shz=3.8 plan=3 cmd=(lx=+0.00,ly=+0.28,rx=-0.45)
t= 47.4 DWA-F pos=(+1.48,+0.61) yaw=+115.7 d=0.49 goal_err=+69 carrot_err= +65 c0=1.05 clear=0.70 prog=0.08 rel=0.41 bal=-0.40 obs=534 hard=482 obsc=585 yr= 34G nz=0.55 flt=0.07 dmap=+0/-0 shz=3.8 plan=3 cmd=(lx=+0.00,ly=+0.28,rx=-0.45)
t= 47.5 DWA-F pos=(+1.48,+0.63) yaw=+119.4 d=0.50 goal_err=+67 carrot_err= +64 c0=0.91 clear=0.61 prog=0.07 rel=0.41 bal=-0.40 obs=535 hard=483 obsc=586 yr= 36G nz=0.55 flt=0.21 dmap=+1/-0 shz=3.8 plan=3 cmd=(lx=+0.00,ly=+0.40,rx=-0.45)
t= 47.6 DWA-F pos=(+1.48,+0.65) yaw=+123.1 d=0.50 goal_err=+66 carrot_err= +63 c0=0.89 clear=0.59 prog=0.06 rel=0.35 bal=-0.40 obs=535 hard=483 obsc=586 yr= 36G nz=0.63 flt=0.21 dmap=+0/-0 shz=3.8 plan=3 cmd=(lx=+0.00,ly=+0.40,rx=-0.45)
t= 47.7 DWA-F pos=(+1.47,+0.67) yaw=+126.9 d=0.49 goal_err=+65 carrot_err= +62 c0=0.87 clear=0.58 prog=0.07 rel=0.35 bal=-0.41 obs=535 hard=483 obsc=586 yr= 37G nz=0.63 flt=0.21 dmap=+0/-0 shz=3.8 plan=3 cmd=(lx=+0.00,ly=+0.40,rx=-0.45)
t= 47.8 DWA-F pos=(+1.45,+0.70) yaw=+130.9 d=0.48 goal_err=+65 carrot_err= +62 c0=0.72 clear=0.48 prog=0.10 rel=0.35 bal=-0.43 obs=535 hard=484 obsc=586 yr= 39G nz=0.63 flt=0.07 dmap=+0/-0 shz=3.8 plan=3 cmd=(lx=+0.00,ly=+0.28,rx=-0.45)
t= 47.9 DWA-F pos=(+1.41,+0.74) yaw=+139.0 d=0.45 goal_err=+63 carrot_err= +60 c0=0.66 clear=0.44 prog=0.17 rel=0.35 bal=-0.46 obs=535 hard=484 obsc=586 yr= 78G nz=0.62 flt=0.07 dmap=+0/-0 shz=3.8 plan=3 cmd=(lx=+0.00,ly=+0.28,rx=-0.45)
t= 48.0 DWA-F pos=(+1.39,+0.74) yaw=+143.3 d=0.44 goal_err=+60 carrot_err= +57 c0=0.64 clear=0.43 prog=0.21 rel=0.35 bal=-0.20 obs=536 hard=485 obsc=587 yr= 42G nz=0.62 flt=0.09 dmap=+1/-0 shz=3.8 plan=3 cmd=(lx=+0.00,ly=+0.28,rx=-0.45)
[VIS] perc_n=0 age=- free_c=1.0 vismap=0/0 color=- carpet=- cnear=- crmin=- door=- dets=[-]
t= 48.1 DWA-F pos=(+1.37,+0.75) yaw=+147.7 d=0.42 goal_err=+57 carrot_err= +54 c0=0.62 clear=0.42 prog=0.26 rel=0.32 bal=+0.04 obs=536 hard=485 obsc=587 yr= 42G nz=0.65 flt=0.09 dmap=+0/-0 shz=3.8 plan=3 cmd=(lx=+0.00,ly=+0.28,rx=-0.45)
t= 48.2 DWA-F pos=(+1.35,+0.74) yaw=+152.1 d=0.40 goal_err=+54 carrot_err= +50 c0=0.61 clear=0.40 prog=0.30 rel=0.32 bal=+0.15 obs=536 hard=485 obsc=587 yr= 42G nz=0.65 flt=0.09 dmap=+0/-0 shz=3.8 plan=3 cmd=(lx=+0.00,ly=+0.28,rx=-0.45)
AGGRESSIVE-ON t=48s d=0.38
t= 48.3 AGR-DWA-F pos=(+1.33,+0.74) yaw=+156.4 d=0.38 goal_err=+50 carrot_err= +47 c0=0.59 clear=0.39 prog=0.33 rel=0.32 bal=+0.51 obs=536 hard=485 obsc=587 yr= 43G nz=0.65 flt=0.25 dmap=+0/-0 shz=3.8 plan=3 cmd=(lx=+0.00,ly=+0.28,rx=-0.45)
t= 48.5 AGR-DWA-F pos=(+1.31,+0.74) yaw=+160.6 d=0.37 goal_err=+47 carrot_err= +44 c0=0.57 clear=0.38 prog=0.34 rel=0.59 bal=+0.51 obs=536 hard=485 obsc=587 yr= 41G nz=0.31 flt=0.25 dmap=+0/-0 shz=3.8 plan=3 cmd=(lx=+0.00,ly=+0.28,rx=-0.45)
t= 48.6 AGR-DWA-T pos=(+1.30,+0.75) yaw=+164.7 d=0.36 goal_err=+45 carrot_err= +42 c0=0.56 clear=0.37 prog=0.34 rel=0.59 bal=+0.52 obs=536 hard=485 obsc=587 yr= 39G nz=0.31 flt=0.05 dmap=+0/-0 shz=3.8 plan=3 cmd=(lx=+0.00,ly=+0.00,rx=+0.00)
t= 48.7 AGR-DWA-T pos=(+1.29,+0.75) yaw=+166.5 d=0.35 goal_err=+45 carrot_err= +41 c0=0.55 clear=0.37 prog=0.32 rel=0.65 bal=+0.53 obs=536 hard=485 obsc=587 yr= 18  nz=0.32 flt=0.05 dmap=+0/-0 shz=3.8 plan=3 cmd=(lx=+0.00,ly=+0.00,rx=+0.00)
t= 48.8 AGR-DWA-F pos=(+1.29,+0.76) yaw=+166.3 d=0.36 goal_err=+46 carrot_err= +42 c0=0.55 clear=0.37 prog=0.28 rel=0.65 bal=+0.53 obs=536 hard=485 obsc=587 yr=  3  nz=0.32 flt=0.05 dmap=+0/-0 shz=3.8 plan=3 cmd=(lx=+0.00,ly=+0.28,rx=-0.45)
t= 48.9 AGR-DWA-F pos=(+1.29,+0.77) yaw=+167.9 d=0.36 goal_err=+46 carrot_err= +43 c0=0.54 clear=0.36 prog=0.25 rel=0.65 bal=+0.54 obs=536 hard=485 obsc=587 yr= 16G nz=0.32 flt=0.09 dmap=+0/-0 shz=3.7 plan=2 cmd=(lx=+0.00,ly=+0.28,rx=-0.45)
t= 49.0 AGR-DWA-F pos=(+1.27,+0.79) yaw=+171.5 d=0.36 goal_err=+46 carrot_err= +43 c0=0.52 clear=0.35 prog=0.24 rel=0.78 bal=+0.55 obs=536 hard=485 obsc=587 yr= 35G nz=0.20 flt=0.09 dmap=+0/-0 shz=3.7 plan=2 cmd=(lx=+0.00,ly=+0.28,rx=-0.45)
t= 49.1 AGR-DWA-T pos=(+1.26,+0.80) yaw=+175.2 d=0.35 goal_err=+45 carrot_err= +42 c0=0.50 clear=0.33 prog=0.24 rel=0.78 bal=+0.59 obs=536 hard=485 obsc=587 yr= 36G nz=0.20 flt=0.04 dmap=+0/-0 shz=3.8 plan=2 cmd=(lx=+0.00,ly=+0.00,rx=+0.00)
REACHED A err=0.34 ncol=0 2026-08-21 08:05:38
STRAFE-CAL-RESUMEN lx>0 -> -1.372155142179137cm/tick ; lx<0 -> 1.1376475749479762cm/tick (con el mapeo BIEN, lx>0 debe dar cm POSITIVOS=IZQ)
TURN-CAL-RESUMEN rx>0 -> medido~-39.359640418665805deg/s (modelo<0) ; rx<0 -> medido~39.42901563306013deg/s (modelo>0) :: OK (modelo correcto)
FASES {'ENG-F': 34, 'ENG-T': 8, 'ENG-AL.': 9, 'ENG-AL': 9, 'ENG-C': 3, 'ENG-CG': 8, 'ENG-GO': 88, 'DOOR-CTR': 1, 'DOOR-AL': 2, 'DWA-F': 271, 'DWA-T': 19, 'BRK-BK': 4, 'BRK-TR': 24}
FIN

=== GOTO 2026-08-21 08:05:41 ===

=== RUN ours 'B' -> (-4.73,+3.04)  2026-08-21 08:05:41 env=sim/lab_v1 ===
FRAME-CHECK start=(+0.99,+0.57) wp_mas_cercano=A(+0.99,+0.57) offset=0.00m
NO-VISION override G1_NOVIS=1 (G1_PERC sin definir)
GLOBALMAP src=static walls=961 static=0 soft=9.0/4.0
[VIS] perc_n=0 age=- free_c=- vismap=0/0 color=- carpet=- cnear=- crmin=- door=- dets=[-]
t=  0.0 DWA-F pos=(+0.99,+0.57) yaw=-120.3 d=6.23 goal_err=-83 carrot_err= -62 c0=2.31 clear=1.00 prog=0.00 rel=1.00 bal=+0.19 obs=100 hard=100 obsc=100 yr=  0  nz=0.00 flt=0.44 dmap=+100/-0 shz=0.0 plan=34 cmd=(lx=+0.00,ly=+0.40,rx=+0.45)
t=  0.1 DWA-F pos=(+0.99,+0.57) yaw=-120.3 d=6.23 goal_err=-83 carrot_err= -62 c0=2.31 clear=1.00 prog=0.00 rel=0.99 bal=+0.19 obs=100 hard=100 obsc=100 yr=  0G nz=0.00 flt=0.44 dmap=+0/-0 shz=0.0 plan=34 cmd=(lx=+0.00,ly=+0.40,rx=+0.45)
t=  0.2 DWA-F pos=(+0.99,+0.57) yaw=-120.3 d=6.23 goal_err=-83 carrot_err= -62 c0=2.31 clear=1.00 prog=0.00 rel=0.99 bal=+0.19 obs=100 hard=100 obsc=100 yr=  0G nz=0.00 flt=0.44 dmap=+0/-0 shz=0.0 plan=34 cmd=(lx=+0.00,ly=+0.40,rx=+0.45)
t=  0.3 DWA-F pos=(+0.99,+0.57) yaw=-120.3 d=6.23 goal_err=-83 carrot_err= -62 c0=2.31 clear=1.00 prog=0.00 rel=0.99 bal=+0.19 obs=100 hard=100 obsc=100 yr=  0G nz=0.00 flt=0.44 dmap=+0/-0 shz=0.0 plan=34 cmd=(lx=+0.00,ly=+0.40,rx=+0.45)
t=  0.4 DWA-F pos=(+0.99,+0.57) yaw=-120.3 d=6.23 goal_err=-83 carrot_err= -62 c0=2.31 clear=1.00 prog=0.00 rel=0.99 bal=+0.19 obs=100 hard=100 obsc=100 yr=  0G nz=0.00 flt=0.44 dmap=+0/-0 shz=0.0 plan=34 cmd=(lx=+0.00,ly=+0.40,rx=+0.45)
t=  0.5 DWA-F pos=(+0.99,+0.57) yaw=-120.3 d=6.23 goal_err=-83 carrot_err= -62 c0=2.31 clear=1.00 prog=0.00 rel=0.99 bal=+0.19 obs=100 hard=100 obsc=100 yr=  0G nz=0.00 flt=0.44 dmap=+0/-0 shz=0.0 plan=34 cmd=(lx=+0.00,ly=+0.40,rx=+0.45)
t=  0.6 DWA-F pos=(+0.99,+0.57) yaw=-120.3 d=6.23 goal_err=-83 carrot_err= -62 c0=2.31 clear=1.00 prog=0.00 rel=0.99 bal=+0.19 obs=100 hard=100 obsc=100 yr=  0G nz=0.00 flt=0.44 dmap=+0/-0 shz=0.0 plan=34 cmd=(lx=+0.00,ly=+0.40,rx=+0.45)
t=  0.7 DWA-F pos=(+0.99,+0.57) yaw=-120.3 d=6.23 goal_err=-83 carrot_err= -62 c0=2.31 clear=1.00 prog=0.00 rel=0.99 bal=+0.19 obs=100 hard=100 obsc=100 yr=  0G nz=0.00 flt=0.44 dmap=+0/-0 shz=0.0 plan=34 cmd=(lx=+0.00,ly=+0.40,rx=+0.45)
t=  0.8 DWA-F pos=(+0.99,+0.57) yaw=-120.3 d=6.23 goal_err=-83 carrot_err= -62 c0=2.31 clear=1.00 prog=0.00 rel=0.99 bal=+0.19 obs=100 hard=100 obsc=100 yr=  0G nz=0.00 flt=0.44 dmap=+0/-0 shz=0.0 plan=34 cmd=(lx=+0.00,ly=+0.40,rx=+0.45)
t=  0.9 DWA-F pos=(+0.99,+0.57) yaw=-120.3 d=6.23 goal_err=-83 carrot_err= -62 c0=2.31 clear=1.00 prog=0.00 rel=0.99 bal=+0.19 obs=100 hard=100 obsc=100 yr=  0G nz=0.00 flt=0.44 dmap=+0/-0 shz=0.0 plan=34 cmd=(lx=+0.00,ly=+0.40,rx=+0.45)
SCAN-STALE nube 'location' sin refrescar 10 ticks (mapa congelado)
[VIS] perc_n=0 age=- free_c=- vismap=0/0 color=- carpet=- cnear=- crmin=- door=- dets=[-]
t=  1.0 DWA-F pos=(+0.99,+0.57) yaw=-120.3 d=6.23 goal_err=-83 carrot_err= -62 c0=2.31 clear=1.00 prog=0.00 rel=0.99 bal=+0.19 obs=100 hard=100 obsc=100 yr=  0G nz=0.00 flt=0.44 dmap=+0/-0 shz=0.0 plan=34 cmd=(lx=+0.00,ly=+0.40,rx=+0.45)
t=  1.1 DWA-F pos=(+0.99,+0.57) yaw=-120.3 d=6.23 goal_err=-83 carrot_err= -62 c0=2.31 clear=1.00 prog=0.00 rel=0.99 bal=+0.19 obs=100 hard=100 obsc=100 yr=  0G nz=0.00 flt=0.44 dmap=+0/-0 shz=0.0 plan=34 cmd=(lx=+0.00,ly=+0.40,rx=+0.45)
t=  1.2 DWA-F pos=(+0.99,+0.57) yaw=-120.3 d=6.23 goal_err=-83 carrot_err= -62 c0=2.31 clear=1.00 prog=0.00 rel=0.99 bal=+0.28 obs=106 hard=106 obsc=106 yr=  0G nz=0.00 flt=0.06 dmap=+6/-0 shz=0.8 plan=34 cmd=(lx=+0.00,ly=+0.40,rx=+0.45)
t=  1.3 DWA-F pos=(+0.99,+0.57) yaw=-120.3 d=6.23 goal_err=-83 carrot_err= -62 c0=2.31 clear=1.00 prog=0.00 rel=0.98 bal=+0.28 obs=107 hard=107 obsc=107 yr=  0G nz=0.01 flt=0.04 dmap=+1/-0 shz=1.5 plan=34 cmd=(lx=+0.00,ly=+0.40,rx=+0.45)
t=  1.4 DWA-F pos=(+0.99,+0.57) yaw=-120.3 d=6.23 goal_err=-83 carrot_err= -62 c0=2.31 clear=1.00 prog=0.00 rel=0.99 bal=+0.28 obs=107 hard=107 obsc=107 yr=  0G nz=0.01 flt=0.04 dmap=+0/-0 shz=1.5 plan=34 cmd=(lx=+0.00,ly=+0.40,rx=+0.45)
t=  1.5 DWA-F pos=(+0.99,+0.57) yaw=-120.3 d=6.23 goal_err=-83 carrot_err= -62 c0=2.31 clear=1.00 prog=0.00 rel=0.99 bal=+0.28 obs=108 hard=108 obsc=108 yr=  0G nz=0.01 flt=0.06 dmap=+1/-0 shz=2.0 plan=34 cmd=(lx=+0.00,ly=+0.40,rx=+0.45)
t=  1.6 DWA-F pos=(+0.99,+0.57) yaw=-120.3 d=6.23 goal_err=-83 carrot_err= -62 c0=2.31 clear=1.00 prog=0.00 rel=0.98 bal=+0.28 obs=108 hard=108 obsc=108 yr=  0G nz=0.02 flt=0.06 dmap=+0/-0 shz=2.0 plan=34 cmd=(lx=+0.00,ly=+0.40,rx=+0.45)
t=  1.7 DWA-F pos=(+0.99,+0.57) yaw=-120.3 d=6.23 goal_err=-83 carrot_err= -62 c0=2.31 clear=1.00 prog=0.00 rel=0.98 bal=+0.28 obs=108 hard=108 obsc=108 yr=  0G nz=0.02 flt=0.06 dmap=+0/-0 shz=2.0 plan=34 cmd=(lx=+0.00,ly=+0.40,rx=+0.45)
t=  1.8 DWA-F pos=(+0.99,+0.57) yaw=-120.3 d=6.23 goal_err=-83 carrot_err= -62 c0=2.31 clear=1.00 prog=0.00 rel=0.98 bal=+0.28 obs=109 hard=109 obsc=109 yr=  0G nz=0.02 flt=0.04 dmap=+1/-0 shz=2.2 plan=34 cmd=(lx=+0.00,ly=+0.40,rx=+0.45)
t=  1.9 DWA-F pos=(+0.99,+0.57) yaw=-120.3 d=6.23 goal_err=-83 carrot_err= -62 c0=2.31 clear=1.00 prog=0.00 rel=0.98 bal=+0.28 obs=109 hard=109 obsc=109 yr=  0G nz=0.02 flt=0.04 dmap=+0/-0 shz=2.2 plan=34 cmd=(lx=+0.00,ly=+0.40,rx=+0.45)
[VIS] perc_n=0 age=- free_c=- vismap=0/0 color=- carpet=- cnear=- crmin=- door=- dets=[-]
t=  2.1 DWA-F pos=(+0.99,+0.57) yaw=-120.3 d=6.23 goal_err=-83 carrot_err= -62 c0=2.31 clear=1.00 prog=0.00 rel=0.98 bal=+0.28 obs=109 hard=109 obsc=109 yr=  0G nz=0.02 flt=0.04 dmap=+0/-0 shz=2.5 plan=34 cmd=(lx=+0.00,ly=+0.40,rx=+0.45)
t=  2.2 DWA-F pos=(+0.99,+0.57) yaw=-120.3 d=6.23 goal_err=-83 carrot_err= -62 c0=2.31 clear=1.00 prog=0.00 rel=0.98 bal=+0.28 obs=109 hard=109 obsc=109 yr=  0G nz=0.02 flt=0.04 dmap=+0/-0 shz=2.5 plan=34 cmd=(lx=+0.00,ly=+0.40,rx=+0.45)
t=  2.3 DWA-F pos=(+0.97,+0.56) yaw=-122.8 d=6.22 goal_err=-81 carrot_err= -60 c0=2.30 clear=1.00 prog=0.02 rel=0.98 bal=+0.29 obs=109 hard=109 obsc=109 yr= 24G nz=0.02 flt=0.20 dmap=+0/-0 shz=2.7 plan=34 cmd=(lx=+0.00,ly=+0.40,rx=+0.45)
t=  2.4 DWA-F pos=(+0.95,+0.51) yaw=-130.2 d=6.21 goal_err=-74 carrot_err= -56 c0=2.24 clear=1.00 prog=0.03 rel=0.96 bal=+0.41 obs=109 hard=109 obsc=109 yr= 72G nz=0.03 flt=0.20 dmap=+0/-0 shz=2.7 plan=34 cmd=(lx=+0.00,ly=+0.40,rx=+0.45)
t=  2.5 DWA-F pos=(+0.94,+0.49) yaw=-133.8 d=6.22 goal_err=-70 carrot_err= -55 c0=2.21 clear=1.00 prog=0.02 rel=0.96 bal=+0.40 obs=109 hard=109 obsc=109 yr= 36G nz=0.03 flt=0.20 dmap=+0/-0 shz=2.7 plan=34 cmd=(lx=+0.00,ly=+0.40,rx=+0.45)
t=  2.6 DWA-F pos=(+0.92,+0.46) yaw=-137.5 d=6.21 goal_err=-67 carrot_err= -54 c0=2.26 clear=1.00 prog=0.03 rel=0.96 bal=+0.40 obs=109 hard=109 obsc=109 yr= 37G nz=0.03 flt=0.17 dmap=+0/-0 shz=2.8 plan=34 cmd=(lx=+0.00,ly=+0.40,rx=+0.45)
t=  2.7 DWA-F pos=(+0.90,+0.44) yaw=-141.3 d=6.21 goal_err=-63 carrot_err= -52 c0=2.50 clear=1.00 prog=0.04 rel=0.95 bal=+0.40 obs=109 hard=109 obsc=109 yr= 37G nz=0.05 flt=0.17 dmap=+0/-0 shz=2.8 plan=34 cmd=(lx=+0.00,ly=+0.40,rx=+0.45)
t=  2.8 DWA-F pos=(+0.88,+0.42) yaw=-145.3 d=6.19 goal_err=-60 carrot_err= -34 c0=2.50 clear=1.00 prog=0.07 rel=0.95 bal=+0.40 obs=109 hard=109 obsc=109 yr= 40G nz=0.05 flt=0.09 dmap=+0/-0 shz=2.9 plan=34 cmd=(lx=+0.00,ly=+0.40,rx=+0.00)
t=  2.9 DWA-F pos=(+0.85,+0.40) yaw=-147.4 d=6.17 goal_err=-58 carrot_err= -32 c0=2.50 clear=1.00 prog=0.10 rel=0.86 bal=+0.41 obs=109 hard=109 obsc=109 yr= 20  nz=0.13 flt=0.09 dmap=+0/-0 shz=2.9 plan=34 cmd=(lx=+0.00,ly=+0.40,rx=+0.00)
t=  3.0 DWA-F pos=(+0.82,+0.39) yaw=-147.7 d=6.15 goal_err=-58 carrot_err= -33 c0=2.50 clear=1.00 prog=0.13 rel=0.86 bal=+0.42 obs=109 hard=109 obsc=109 yr=  3  nz=0.13 flt=0.09 dmap=+0/-0 shz=2.9 plan=34 cmd=(lx=+0.00,ly=+0.40,rx=+0.00)
[VIS] perc_n=0 age=- free_c=- vismap=0/0 color=- carpet=- cnear=- crmin=- door=- dets=[-]
t=  3.1 DWA-F pos=(+0.79,+0.38) yaw=-148.1 d=6.12 goal_err=-58 carrot_err= -33 c0=2.50 clear=1.00 prog=0.18 rel=0.86 bal=+0.43 obs=163 hard=159 obsc=176 yr=  4  nz=0.13 flt=0.07 dmap=+54/-0 shz=2.9 plan=33 cmd=(lx=+0.00,ly=+0.40,rx=+0.00)
t=  3.2 DWA-F pos=(+0.76,+0.38) yaw=-148.5 d=6.10 goal_err=-57 carrot_err= -33 c0=2.50 clear=1.00 prog=0.22 rel=0.83 bal=+0.44 obs=163 hard=159 obsc=176 yr=  4  nz=0.17 flt=0.07 dmap=+0/-0 shz=2.9 plan=33 cmd=(lx=+0.00,ly=+0.40,rx=+0.00)
t=  3.3 DWA-F pos=(+0.73,+0.37) yaw=-148.9 d=6.07 goal_err=-57 carrot_err= -33 c0=2.50 clear=1.00 prog=0.27 rel=0.83 bal=+0.45 obs=183 hard=170 obsc=194 yr=  3  nz=0.17 flt=0.08 dmap=+20/-0 shz=3.1 plan=33 cmd=(lx=+0.00,ly=+0.40,rx=+0.00)
t=  3.4 DWA-F pos=(+0.70,+0.36) yaw=-149.1 d=6.05 goal_err=-57 carrot_err= -33 c0=2.50 clear=1.00 prog=0.31 rel=0.82 bal=+0.46 obs=183 hard=170 obsc=194 yr=  2  nz=0.18 flt=0.08 dmap=+0/-0 shz=3.1 plan=33 cmd=(lx=+0.00,ly=+0.40,rx=+0.00)
t=  3.5 DWA-F pos=(+0.67,+0.35) yaw=-149.1 d=6.03 goal_err=-57 carrot_err= -34 c0=2.50 clear=1.00 prog=0.34 rel=0.82 bal=+0.38 obs=183 hard=170 obsc=194 yr=  1  nz=0.18 flt=0.08 dmap=+0/-0 shz=3.1 plan=33 cmd=(lx=+0.00,ly=+0.40,rx=+0.00)
t=  3.6 DWA-F pos=(+0.65,+0.33) yaw=-149.1 d=6.02 goal_err=-58 carrot_err= -35 c0=2.50 clear=1.00 prog=0.36 rel=0.82 bal=+0.38 obs=201 hard=179 obsc=215 yr=  1  nz=0.18 flt=0.10 dmap=+18/-0 shz=3.1 plan=33 cmd=(lx=+0.00,ly=+0.40,rx=+0.00)
t=  3.7 DWA-F pos=(+0.62,+0.31) yaw=-148.9 d=6.01 goal_err=-58 carrot_err= -38 c0=2.50 clear=1.00 prog=0.38 rel=0.81 bal=+0.38 obs=201 hard=179 obsc=215 yr=  2  nz=0.18 flt=0.10 dmap=+0/-0 shz=3.1 plan=33 cmd=(lx=+0.00,ly=+0.40,rx=+0.45)
t=  3.8 DWA-F pos=(+0.60,+0.28) yaw=-150.5 d=6.00 goal_err=-57 carrot_err= -38 c0=2.50 clear=1.00 prog=0.39 rel=0.81 bal=+0.37 obs=201 hard=179 obsc=215 yr= 16G nz=0.18 flt=0.04 dmap=+0/-0 shz=3.2 plan=33 cmd=(lx=+0.00,ly=+0.40,rx=+0.45)
t=  3.9 DWA-F pos=(+0.58,+0.26) yaw=-154.1 d=6.00 goal_err=-54 carrot_err= -36 c0=2.50 clear=1.00 prog=0.40 rel=0.83 bal=+0.37 obs=201 hard=179 obsc=215 yr= 35G nz=0.17 flt=0.04 dmap=+0/-0 shz=3.2 plan=33 cmd=(lx=+0.00,ly=+0.40,rx=+0.00)
t=  4.0 DWA-F pos=(+0.56,+0.23) yaw=-155.7 d=5.99 goal_err=-52 carrot_err= -37 c0=2.50 clear=1.00 prog=0.42 rel=0.83 bal=+0.37 obs=201 hard=179 obsc=215 yr= 16  nz=0.17 flt=0.04 dmap=+0/-0 shz=3.2 plan=33 cmd=(lx=+0.00,ly=+0.40,rx=+0.00)
[VIS] perc_n=0 age=- free_c=- vismap=0/0 color=- carpet=- cnear=- crmin=- door=- dets=[-]
t=  4.1 DWA-F pos=(+0.53,+0.22) yaw=-155.6 d=5.97 goal_err=-53 carrot_err= -38 c0=2.50 clear=1.00 prog=0.44 rel=0.83 bal=+0.37 obs=211 hard=185 obsc=225 yr=  2  nz=0.17 flt=0.13 dmap=+14/-4 shz=3.2 plan=33 cmd=(lx=+0.00,ly=+0.40,rx=+0.45)
t=  4.2 DWA-F pos=(+0.50,+0.20) yaw=-157.5 d=5.95 goal_err=-51 carrot_err= -38 c0=2.50 clear=1.00 prog=0.46 rel=0.96 bal=+0.39 obs=211 hard=185 obsc=225 yr= 19G nz=0.03 flt=0.13 dmap=+0/-0 shz=3.2 plan=33 cmd=(lx=+0.00,ly=+0.40,rx=+0.45)
t=  4.3 DWA-F pos=(+0.47,+0.20) yaw=-161.6 d=5.93 goal_err=-47 carrot_err= -32 c0=2.50 clear=1.00 prog=0.49 rel=0.96 bal=+0.56 obs=215 hard=189 obsc=229 yr= 41G nz=0.03 flt=0.07 dmap=+4/-0 shz=3.3 plan=33 cmd=(lx=+0.00,ly=+0.40,rx=+0.00)
t=  4.4 DWA-F pos=(+0.44,+0.20) yaw=-163.8 d=5.90 goal_err=-45 carrot_err= -30 c0=1.46 clear=0.97 prog=0.54 rel=0.96 bal=+0.57 obs=215 hard=189 obsc=229 yr= 21  nz=0.03 flt=0.07 dmap=+0/-0 shz=3.3 plan=33 cmd=(lx=+0.00,ly=+0.40,rx=+0.00)
t=  4.5 DWA-F pos=(+0.41,+0.20) yaw=-164.2 d=5.87 goal_err=-45 carrot_err= -30 c0=1.42 clear=0.95 prog=0.59 rel=0.96 bal=+0.52 obs=222 hard=191 obsc=241 yr=  3  nz=0.03 flt=0.09 dmap=+11/-4 shz=3.3 plan=33 cmd=(lx=+0.00,ly=+0.40,rx=+0.00)
t=  4.6 DWA-F pos=(+0.37,+0.20) yaw=-164.6 d=5.84 goal_err=-44 carrot_err= -15 c0=1.19 clear=0.79 prog=0.63 rel=0.40 bal=+0.53 obs=223 hard=192 obsc=241 yr=  4  nz=0.59 flt=0.09 dmap=+1/-0 shz=3.3 plan=31 cmd=(lx=+0.00,ly=+0.40,rx=+0.00)
t=  4.7 DWA-F pos=(+0.34,+0.20) yaw=-164.9 d=5.81 goal_err=-44 carrot_err= -15 c0=1.16 clear=0.77 prog=0.65 rel=0.40 bal=+0.55 obs=223 hard=192 obsc=241 yr=  3  nz=0.59 flt=0.09 dmap=+0/-0 shz=3.3 plan=31 cmd=(lx=+0.00,ly=+0.40,rx=+0.00)
t=  4.8 DWA-F pos=(+0.31,+0.20) yaw=-165.1 d=5.79 goal_err=-44 carrot_err= -15 c0=1.33 clear=0.89 prog=0.66 rel=0.40 bal=+0.57 obs=233 hard=199 obsc=253 yr=  2  nz=0.59 flt=0.13 dmap=+11/-1 shz=3.3 plan=31 cmd=(lx=+0.00,ly=+0.40,rx=+0.00)
t=  4.9 DWA-F pos=(+0.28,+0.19) yaw=-165.2 d=5.77 goal_err=-44 carrot_err=  -3 c0=1.30 clear=0.87 prog=0.66 rel=0.18 bal=+0.58 obs=233 hard=199 obsc=253 yr=  1  nz=0.82 flt=0.13 dmap=+0/-0 shz=3.3 plan=31 cmd=(lx=+0.00,ly=+0.40,rx=+0.00)
t=  5.0 DWA-F pos=(+0.26,+0.18) yaw=-165.1 d=5.75 goal_err=-45 carrot_err=  -3 c0=1.28 clear=0.85 prog=0.64 rel=0.18 bal=+0.58 obs=246 hard=203 obsc=268 yr=  1  nz=0.82 flt=0.10 dmap=+15/-2 shz=3.4 plan=31 cmd=(lx=+0.00,ly=+0.40,rx=+0.00)
[VIS] perc_n=0 age=- free_c=- vismap=0/0 color=- carpet=- cnear=- crmin=- door=- dets=[-]
t=  5.1 DWA-F pos=(+0.23,+0.16) yaw=-164.8 d=5.74 goal_err=-45 carrot_err=  -4 c0=2.50 clear=1.00 prog=0.62 rel=0.11 bal=+0.59 obs=246 hard=203 obsc=268 yr=  3  nz=0.89 flt=0.10 dmap=+0/-0 shz=3.4 plan=31 cmd=(lx=+0.00,ly=+0.40,rx=+0.00)
t=  5.2 DWA-F pos=(+0.21,+0.15) yaw=-164.4 d=5.72 goal_err=-46 carrot_err=  -5 c0=2.50 clear=1.00 prog=0.60 rel=0.11 bal=+0.59 obs=246 hard=203 obsc=268 yr=  4  nz=0.89 flt=0.10 dmap=+0/-0 shz=3.4 plan=31 cmd=(lx=+0.00,ly=+0.40,rx=+0.00)
t=  5.3 DWA-F pos=(+0.18,+0.13) yaw=-164.1 d=5.71 goal_err=-47 carrot_err=  -7 c0=2.45 clear=1.00 prog=0.59 rel=0.11 bal=+0.60 obs=251 hard=207 obsc=271 yr=  3  nz=0.89 flt=0.04 dmap=+11/-6 shz=3.4 plan=31 cmd=(lx=+0.00,ly=+0.40,rx=+0.00)
t=  5.4 DWA-F pos=(+0.15,+0.11) yaw=-163.9 d=5.69 goal_err=-47 carrot_err=  -7 c0=2.42 clear=1.00 prog=0.58 rel=0.12 bal=+0.60 obs=251 hard=207 obsc=271 yr=  2  nz=0.88 flt=0.04 dmap=+0/-0 shz=3.4 plan=31 cmd=(lx=+0.00,ly=+0.40,rx=+0.00)
t=  5.5 DWA-F pos=(+0.13,+0.10) yaw=-163.6 d=5.68 goal_err=-48 carrot_err=  -9 c0=2.49 clear=1.00 prog=0.59 rel=0.12 bal=+0.60 obs=256 hard=214 obsc=275 yr=  3  nz=0.88 flt=0.06 dmap=+9/-4 shz=3.4 plan=31 cmd=(lx=+0.00,ly=+0.40,rx=+0.00)
t=  5.6 DWA-F pos=(+0.10,+0.09) yaw=-163.6 d=5.66 goal_err=-48 carrot_err= -10 c0=2.46 clear=1.00 prog=0.61 rel=0.12 bal=+0.61 obs=256 hard=214 obsc=275 yr=  0  nz=0.88 flt=0.06 dmap=+0/-0 shz=3.4 plan=31 cmd=(lx=+0.00,ly=+0.40,rx=+0.00)
t=  5.7 DWA-F pos=(+0.06,+0.09) yaw=-163.7 d=5.63 goal_err=-48 carrot_err= -10 c0=2.44 clear=1.00 prog=0.65 rel=0.12 bal=+0.62 obs=256 hard=214 obsc=275 yr=  1  nz=0.88 flt=0.06 dmap=+0/-0 shz=3.4 plan=31 cmd=(lx=+0.00,ly=+0.40,rx=+0.00)
t=  5.8 DWA-F pos=(+0.03,+0.09) yaw=-164.1 d=5.60 goal_err=-48 carrot_err= -10 c0=2.31 clear=1.00 prog=0.68 rel=0.12 bal=+0.62 obs=264 hard=225 obsc=281 yr=  3  nz=0.88 flt=0.14 dmap=+11/-3 shz=3.4 plan=31 cmd=(lx=+0.00,ly=+0.40,rx=+0.00)
t=  5.9 DWA-F pos=(+0.00,+0.09) yaw=-164.4 d=5.58 goal_err=-47 carrot_err=  -9 c0=2.28 clear=1.00 prog=0.70 rel=0.16 bal=+0.63 obs=264 hard=225 obsc=281 yr=  4  nz=0.83 flt=0.14 dmap=+0/-0 shz=3.4 plan=31 cmd=(lx=+0.00,ly=+0.40,rx=+0.00)
t=  6.0 DWA-F pos=(-0.03,+0.10) yaw=-164.7 d=5.55 goal_err=-47 carrot_err=  -8 c0=2.26 clear=1.00 prog=0.73 rel=0.16 bal=+0.58 obs=264 hard=235 obsc=288 yr=  3  nz=0.83 flt=0.02 dmap=+6/-6 shz=3.5 plan=31 cmd=(lx=+0.00,ly=+0.40,rx=+0.00)
[VIS] perc_n=0 age=- free_c=- vismap=0/0 color=- carpet=- cnear=- crmin=- door=- dets=[-]
t=  6.1 DWA-F pos=(-0.06,+0.10) yaw=-165.1 d=5.52 goal_err=-47 carrot_err=  -7 c0=2.23 clear=1.00 prog=0.74 rel=0.21 bal=+0.60 obs=264 hard=235 obsc=288 yr=  4  nz=0.79 flt=0.02 dmap=+0/-0 shz=3.5 plan=29 cmd=(lx=+0.00,ly=+0.40,rx=+0.00)
t=  6.2 DWA-F pos=(-0.09,+0.10) yaw=-165.4 d=5.49 goal_err=-47 carrot_err=  -7 c0=2.20 clear=1.00 prog=0.75 rel=0.21 bal=+0.61 obs=264 hard=235 obsc=288 yr=  2  nz=0.79 flt=0.02 dmap=+0/-0 shz=3.5 plan=29 cmd=(lx=+0.00,ly=+0.40,rx=+0.00)
t=  6.3 DWA-F pos=(-0.12,+0.09) yaw=-165.4 d=5.47 goal_err=-47 carrot_err=  -9 c0=2.17 clear=1.00 prog=0.74 rel=0.21 bal=+0.62 obs=271 hard=238 obsc=288 yr=  0  nz=0.79 flt=0.05 dmap=+11/-4 shz=3.5 plan=29 cmd=(lx=+0.00,ly=+0.40,rx=+0.00)
t=  6.4 DWA-F pos=(-0.15,+0.08) yaw=-165.2 d=5.45 goal_err=-48 carrot_err=  -9 c0=2.14 clear=1.00 prog=0.71 rel=0.36 bal=+0.63 obs=271 hard=238 obsc=288 yr=  2  nz=0.63 flt=0.05 dmap=+0/-0 shz=3.5 plan=29 cmd=(lx=+0.00,ly=+0.40,rx=+0.00)
t=  6.6 DWA-F pos=(-0.18,+0.06) yaw=-165.0 d=5.44 goal_err=-48 carrot_err= -11 c0=2.11 clear=1.00 prog=0.69 rel=0.36 bal=+0.62 obs=276 hard=245 obsc=294 yr=  2  nz=0.63 flt=0.05 dmap=+11/-6 shz=3.5 plan=29 cmd=(lx=+0.00,ly=+0.40,rx=+0.00)
t=  6.7 DWA-F pos=(-0.21,+0.04) yaw=-164.6 d=5.43 goal_err=-49 carrot_err= -12 c0=2.07 clear=1.00 prog=0.66 rel=0.77 bal=+0.61 obs=276 hard=245 obsc=294 yr=  4  nz=0.23 flt=0.05 dmap=+0/-0 shz=3.5 plan=29 cmd=(lx=+0.00,ly=+0.40,rx=+0.00)
t=  6.8 DWA-F pos=(-0.23,+0.02) yaw=-164.3 d=5.42 goal_err=-50 carrot_err= -14 c0=2.04 clear=1.00 prog=0.63 rel=0.77 bal=+0.61 obs=283 hard=246 obsc=296 yr=  3  nz=0.23 flt=0.05 dmap=+8/-1 shz=3.6 plan=29 cmd=(lx=+0.00,ly=+0.40,rx=+0.00)
t=  6.9 DWA-F pos=(-0.25,+0.01) yaw=-164.0 d=5.41 goal_err=-50 carrot_err= -16 c0=2.02 clear=1.00 prog=0.61 rel=0.74 bal=+0.60 obs=283 hard=246 obsc=296 yr=  3  nz=0.26 flt=0.05 dmap=+0/-0 shz=3.6 plan=29 cmd=(lx=+0.00,ly=+0.40,rx=+0.00)
t=  7.0 DWA-F pos=(-0.31,-0.02) yaw=-163.8 d=5.38 goal_err=-51 carrot_err= -17 c0=1.96 clear=1.00 prog=0.64 rel=0.74 bal=+0.66 obs=283 hard=246 obsc=296 yr=  2  nz=0.26 flt=0.05 dmap=+0/-0 shz=3.6 plan=29 cmd=(lx=+0.00,ly=+0.40,rx=+0.00)
t=  7.1 DWA-F pos=(-0.33,-0.02) yaw=-163.7 d=5.36 goal_err=-51 carrot_err= -18 c0=1.93 clear=1.00 prog=0.65 rel=0.74 bal=+0.67 obs=282 hard=244 obsc=301 yr=  1  nz=0.26 flt=0.05 dmap=+4/-5 shz=3.5 plan=29 cmd=(lx=+0.00,ly=+0.40,rx=+0.00)
[VIS] perc_n=0 age=- free_c=- vismap=0/0 color=- carpet=- cnear=- crmin=- door=- dets=[-]
t=  7.2 DWA-F pos=(-0.37,-0.03) yaw=-163.8 d=5.33 goal_err=-51 carrot_err= -18 c0=1.90 clear=1.00 prog=0.67 rel=0.80 bal=+0.67 obs=282 hard=244 obsc=301 yr=  1  nz=0.20 flt=0.05 dmap=+0/-0 shz=3.5 plan=29 cmd=(lx=+0.00,ly=+0.40,rx=+0.00)
t=  7.3 DWA-F pos=(-0.40,-0.03) yaw=-164.0 d=5.31 goal_err=-51 carrot_err= -18 c0=1.88 clear=1.00 prog=0.68 rel=0.80 bal=+0.61 obs=284 hard=256 obsc=299 yr=  2  nz=0.20 flt=0.10 dmap=+5/-3 shz=3.6 plan=29 cmd=(lx=+0.00,ly=+0.40,rx=+0.00)
t=  7.4 DWA-F pos=(-0.43,-0.02) yaw=-164.4 d=5.28 goal_err=-51 carrot_err= -17 c0=1.85 clear=1.00 prog=0.70 rel=0.76 bal=+0.62 obs=284 hard=256 obsc=299 yr=  4  nz=0.24 flt=0.10 dmap=+0/-0 shz=3.6 plan=29 cmd=(lx=+0.00,ly=+0.40,rx=+0.00)
t=  7.5 DWA-F pos=(-0.46,-0.02) yaw=-164.7 d=5.26 goal_err=-51 carrot_err= -17 c0=1.83 clear=1.00 prog=0.72 rel=0.76 bal=+0.64 obs=284 hard=256 obsc=299 yr=  3  nz=0.24 flt=0.10 dmap=+0/-0 shz=3.6 plan=29 cmd=(lx=+0.00,ly=+0.40,rx=+0.00)
t=  7.6 DWA-F pos=(-0.49,-0.02) yaw=-165.0 d=5.23 goal_err=-51 carrot_err= -17 c0=1.92 clear=1.00 prog=0.73 rel=0.76 bal=+0.65 obs=281 hard=255 obsc=299 yr=  3  nz=0.24 flt=0.16 dmap=+1/-4 shz=3.6 plan=29 cmd=(lx=+0.00,ly=+0.40,rx=+0.00)
t=  7.7 DWA-F pos=(-0.52,-0.02) yaw=-165.3 d=5.20 goal_err=-51 carrot_err= -29 c0=1.89 clear=1.00 prog=0.73 rel=0.81 bal=+0.66 obs=281 hard=255 obsc=299 yr=  2  nz=0.18 flt=0.16 dmap=+0/-0 shz=3.6 plan=26 cmd=(lx=+0.00,ly=+0.40,rx=+0.00)
t=  7.8 DWA-F pos=(-0.55,-0.03) yaw=-165.2 d=5.19 goal_err=-51 carrot_err= -30 c0=1.86 clear=1.00 prog=0.71 rel=0.81 bal=+0.67 obs=285 hard=259 obsc=307 yr=  0  nz=0.18 flt=0.09 dmap=+7/-3 shz=3.6 plan=26 cmd=(lx=+0.00,ly=+0.40,rx=+0.00)
t=  7.9 DWA-F pos=(-0.58,-0.04) yaw=-165.1 d=5.17 goal_err=-51 carrot_err= -31 c0=1.83 clear=1.00 prog=0.69 rel=0.81 bal=+0.67 obs=285 hard=259 obsc=307 yr=  1  nz=0.19 flt=0.09 dmap=+0/-0 shz=3.6 plan=26 cmd=(lx=+0.00,ly=+0.40,rx=+0.00)
t=  8.0 DWA-F pos=(-0.60,-0.06) yaw=-164.9 d=5.16 goal_err=-52 carrot_err= -33 c0=1.80 clear=1.00 prog=0.66 rel=0.81 bal=+0.66 obs=285 hard=259 obsc=307 yr=  3  nz=0.19 flt=0.09 dmap=+0/-0 shz=3.6 plan=26 cmd=(lx=+0.00,ly=+0.40,rx=+0.00)
t=  8.1 DWA-F pos=(-0.63,-0.08) yaw=-164.5 d=5.16 goal_err=-53 carrot_err= -35 c0=1.77 clear=1.00 prog=0.62 rel=0.81 bal=+0.59 obs=298 hard=263 obsc=312 yr=  3  nz=0.19 flt=0.08 dmap=+13/-0 shz=3.6 plan=26 cmd=(lx=+0.00,ly=+0.40,rx=+0.00)
[VIS] perc_n=0 age=- free_c=- vismap=0/0 color=- carpet=- cnear=- crmin=- door=- dets=[-]
t=  8.2 DWA-F pos=(-0.64,-0.10) yaw=-164.2 d=5.16 goal_err=-53 carrot_err= -37 c0=1.75 clear=1.00 prog=0.57 rel=0.85 bal=+0.59 obs=298 hard=263 obsc=312 yr=  4  nz=0.14 flt=0.08 dmap=+0/-0 shz=3.6 plan=26 cmd=(lx=+0.00,ly=+0.40,rx=+0.00)
t=  8.3 DWA-F pos=(-0.64,-0.10) yaw=-163.9 d=5.16 goal_err=-54 carrot_err= -38 c0=1.75 clear=1.00 prog=0.53 rel=0.85 bal=+0.59 obs=298 hard=263 obsc=312 yr=  3  nz=0.14 flt=0.08 dmap=+0/-0 shz=3.6 plan=26 cmd=(lx=+0.00,ly=+0.40,rx=+0.00)
t=  8.4 DWA-F pos=(-0.63,-0.11) yaw=-163.7 d=5.17 goal_err=-54 carrot_err= -38 c0=1.75 clear=1.00 prog=0.49 rel=0.85 bal=+0.58 obs=298 hard=263 obsc=312 yr=  2  nz=0.14 flt=0.08 dmap=+0/-0 shz=3.6 plan=26 cmd=(lx=+0.00,ly=+0.40,rx=+0.00)
t=  8.5 DWA-F pos=(-0.63,-0.11) yaw=-163.7 d=5.17 goal_err=-54 carrot_err= -38 c0=1.75 clear=1.00 prog=0.46 rel=0.85 bal=+0.58 obs=298 hard=263 obsc=312 yr=  0  nz=0.14 flt=0.08 dmap=+0/-0 shz=3.6 plan=26 cmd=(lx=+0.00,ly=+0.40,rx=+0.00)
t=  8.6 DWA-F pos=(-0.63,-0.10) yaw=-163.8 d=5.16 goal_err=-54 carrot_err= -38 c0=1.75 clear=1.00 prog=0.45 rel=0.85 bal=+0.58 obs=298 hard=263 obsc=312 yr=  2  nz=0.14 flt=0.08 dmap=+0/-0 shz=3.6 plan=26 cmd=(lx=+0.00,ly=+0.40,rx=+0.00)
t=  8.7 DWA-F pos=(-0.64,-0.10) yaw=-164.1 d=5.16 goal_err=-53 carrot_err= -37 c0=1.75 clear=1.00 prog=0.45 rel=0.85 bal=+0.59 obs=298 hard=263 obsc=312 yr=  3  nz=0.14 flt=0.08 dmap=+0/-0 shz=3.6 plan=26 cmd=(lx=+0.00,ly=+0.40,rx=+0.00)
t=  8.8 DWA-F pos=(-0.64,-0.09) yaw=-164.5 d=5.15 goal_err=-53 carrot_err= -36 c0=1.76 clear=1.00 prog=0.45 rel=0.85 bal=+0.60 obs=298 hard=263 obsc=312 yr=  4  nz=0.14 flt=0.08 dmap=+0/-0 shz=3.6 plan=26 cmd=(lx=+0.00,ly=+0.40,rx=+0.00)
t=  8.9 DWA-F pos=(-0.64,-0.08) yaw=-164.9 d=5.14 goal_err=-52 carrot_err= -35 c0=1.76 clear=1.00 prog=0.41 rel=0.85 bal=+0.60 obs=298 hard=263 obsc=312 yr=  4  nz=0.14 flt=0.08 dmap=+0/-0 shz=3.6 plan=26 cmd=(lx=+0.00,ly=+0.40,rx=+0.00)
t=  9.0 DWA-F pos=(-0.64,-0.09) yaw=-164.5 d=5.15 goal_err=-53 carrot_err= -36 c0=1.76 clear=1.00 prog=0.36 rel=0.85 bal=+0.60 obs=298 hard=263 obsc=312 yr=  3  nz=0.14 flt=0.08 dmap=+0/-0 shz=3.6 plan=26 cmd=(lx=+0.00,ly=+0.40,rx=+0.00)
SCAN-STALE nube 'location' sin refrescar 10 ticks (mapa congelado)
t=  9.1 DWA-F pos=(-0.64,-0.09) yaw=-164.5 d=5.15 goal_err=-53 carrot_err= -36 c0=1.76 clear=1.00 prog=0.32 rel=0.85 bal=+0.60 obs=298 hard=263 obsc=312 yr=  0  nz=0.14 flt=0.08 dmap=+0/-0 shz=3.6 plan=26 cmd=(lx=+0.00,ly=+0.40,rx=+0.00)
[VIS] perc_n=0 age=- free_c=- vismap=0/0 color=- carpet=- cnear=- crmin=- door=- dets=[-]
t=  9.2 DWA-F pos=(-0.64,-0.09) yaw=-164.5 d=5.15 goal_err=-53 carrot_err= -22 c0=1.76 clear=1.00 prog=0.28 rel=0.85 bal=+0.60 obs=298 hard=263 obsc=312 yr=  0  nz=0.14 flt=0.08 dmap=+0/-0 shz=3.6 plan=26 cmd=(lx=+0.00,ly=+0.40,rx=+0.00)
t=  9.3 DWA-F pos=(-0.64,-0.09) yaw=-164.5 d=5.15 goal_err=-53 carrot_err= -22 c0=1.64 clear=1.00 prog=0.23 rel=0.85 bal=+0.60 obs=296 hard=267 obsc=316 yr=  0  nz=0.14 flt=0.03 dmap=+5/-7 shz=3.2 plan=26 cmd=(lx=+0.00,ly=+0.40,rx=+0.00)
t=  9.4 DWA-F pos=(-0.64,-0.09) yaw=-164.5 d=5.15 goal_err=-53 carrot_err= -22 c0=1.64 clear=1.00 prog=0.19 rel=0.89 bal=+0.60 obs=296 hard=267 obsc=316 yr=  0  nz=0.11 flt=0.03 dmap=+0/-0 shz=3.2 plan=26 cmd=(lx=+0.00,ly=+0.40,rx=+0.00)
t=  9.5 DWA-F pos=(-0.64,-0.09) yaw=-164.5 d=5.15 goal_err=-53 carrot_err= -22 c0=1.64 clear=1.00 prog=0.14 rel=0.89 bal=+0.60 obs=300 hard=269 obsc=311 yr=  0  nz=0.11 flt=0.04 dmap=+6/-2 shz=3.3 plan=26 cmd=(lx=+0.00,ly=+0.40,rx=+0.00)
t=  9.6 DWA-F pos=(-0.64,-0.09) yaw=-164.5 d=5.15 goal_err=-53 carrot_err= -22 c0=1.64 clear=1.00 prog=0.10 rel=0.90 bal=+0.60 obs=300 hard=269 obsc=311 yr=  0  nz=0.10 flt=0.04 dmap=+0/-0 shz=3.3 plan=26 cmd=(lx=+0.00,ly=+0.40,rx=+0.00)
t=  9.7 DWA-F pos=(-0.64,-0.09) yaw=-164.5 d=5.15 goal_err=-53 carrot_err= -22 c0=1.64 clear=1.00 prog=0.07 rel=0.90 bal=+0.60 obs=300 hard=269 obsc=311 yr=  0  nz=0.10 flt=0.04 dmap=+0/-0 shz=3.3 plan=26 cmd=(lx=+0.00,ly=+0.40,rx=+0.00)
t=  9.8 DWA-F pos=(-0.64,-0.09) yaw=-164.5 d=5.15 goal_err=-53 carrot_err= -22 c0=1.64 clear=1.00 prog=0.04 rel=0.90 bal=+0.60 obs=295 hard=267 obsc=312 yr=  0  nz=0.10 flt=0.04 dmap=+1/-6 shz=3.3 plan=26 cmd=(lx=+0.00,ly=+0.40,rx=+0.00)
t=  9.9 DWA-F pos=(-0.64,-0.09) yaw=-164.5 d=5.15 goal_err=-53 carrot_err= -22 c0=1.64 clear=1.00 prog=0.03 rel=0.98 bal=+0.60 obs=295 hard=267 obsc=312 yr=  0  nz=0.01 flt=0.04 dmap=+0/-0 shz=3.3 plan=26 cmd=(lx=+0.00,ly=+0.40,rx=+0.00)
t= 10.0 DWA-F pos=(-0.64,-0.09) yaw=-164.5 d=5.15 goal_err=-53 carrot_err= -22 c0=1.64 clear=1.00 prog=0.01 rel=0.98 bal=+0.60 obs=297 hard=273 obsc=313 yr=  0  nz=0.01 flt=0.07 dmap=+8/-6 shz=3.3 plan=26 cmd=(lx=+0.00,ly=+0.40,rx=+0.00)
t= 10.1 DWA-F pos=(-0.64,-0.09) yaw=-164.5 d=5.15 goal_err=-53 carrot_err= -22 c0=1.64 clear=1.00 prog=0.01 rel=0.97 bal=+0.60 obs=297 hard=273 obsc=313 yr=  0  nz=0.03 flt=0.07 dmap=+0/-0 shz=3.3 plan=26 cmd=(lx=+0.00,ly=+0.40,rx=+0.00)
[VIS] perc_n=0 age=- free_c=- vismap=0/0 color=- carpet=- cnear=- crmin=- door=- dets=[-]
t= 10.2 DWA-F pos=(-0.64,-0.09) yaw=-164.5 d=5.15 goal_err=-53 carrot_err= -22 c0=1.64 clear=1.00 prog=0.03 rel=0.97 bal=+0.60 obs=297 hard=273 obsc=313 yr=  0  nz=0.03 flt=0.07 dmap=+0/-0 shz=3.3 plan=26 cmd=(lx=+0.00,ly=+0.40,rx=+0.00)
t= 10.3 DWA-F pos=(-0.68,-0.07) yaw=-165.2 d=5.11 goal_err=-52 carrot_err= -21 c0=1.61 clear=1.00 prog=0.10 rel=0.97 bal=+0.62 obs=301 hard=270 obsc=317 yr=  6  nz=0.03 flt=0.11 dmap=+8/-4 shz=3.3 plan=26 cmd=(lx=+0.00,ly=+0.40,rx=+0.00)
t= 10.4 DWA-F pos=(-0.71,-0.08) yaw=-165.4 d=5.09 goal_err=-52 carrot_err= -32 c0=1.59 clear=1.00 prog=0.14 rel=0.95 bal=+0.63 obs=301 hard=270 obsc=317 yr=  2  nz=0.05 flt=0.11 dmap=+0/-0 shz=3.3 plan=26 cmd=(lx=+0.00,ly=+0.40,rx=+0.00)
t= 10.5 DWA-F pos=(-0.74,-0.09) yaw=-165.4 d=5.07 goal_err=-53 carrot_err= -33 c0=1.73 clear=1.00 prog=0.16 rel=0.95 bal=+0.63 obs=307 hard=281 obsc=319 yr=  0  nz=0.05 flt=0.06 dmap=+8/-2 shz=3.3 plan=26 cmd=(lx=+0.00,ly=+0.40,rx=+0.00)
t= 10.6 DWA-F pos=(-0.76,-0.10) yaw=-165.3 d=5.06 goal_err=-53 carrot_err= -35 c0=1.70 clear=1.00 prog=0.16 rel=0.91 bal=+0.63 obs=307 hard=281 obsc=319 yr=  1  nz=0.08 flt=0.06 dmap=+0/-0 shz=3.3 plan=26 cmd=(lx=+0.00,ly=+0.40,rx=+0.00)
t= 10.7 DWA-F pos=(-0.79,-0.11) yaw=-164.9 d=5.05 goal_err=-54 carrot_err= -36 c0=1.67 clear=1.00 prog=0.17 rel=0.91 bal=+0.63 obs=307 hard=281 obsc=319 yr=  3  nz=0.08 flt=0.06 dmap=+0/-0 shz=3.3 plan=25 cmd=(lx=+0.00,ly=+0.40,rx=+0.00)
t= 10.9 DWA-F pos=(-0.82,-0.13) yaw=-164.5 d=5.04 goal_err=-55 carrot_err= -39 c0=1.47 clear=0.98 prog=0.17 rel=0.91 bal=+0.56 obs=308 hard=279 obsc=322 yr=  4  nz=0.08 flt=0.05 dmap=+3/-2 shz=3.3 plan=25 cmd=(lx=+0.00,ly=+0.40,rx=+0.00)
t= 11.0 DWA-F pos=(-0.84,-0.15) yaw=-164.2 d=5.03 goal_err=-55 carrot_err= -41 c0=1.44 clear=0.96 prog=0.20 rel=0.85 bal=+0.56 obs=308 hard=279 obsc=322 yr=  3  nz=0.15 flt=0.05 dmap=+0/-0 shz=3.3 plan=25 cmd=(lx=+0.00,ly=+0.40,rx=+0.45)
t= 11.1 DWA-F pos=(-0.87,-0.17) yaw=-163.9 d=5.02 goal_err=-56 carrot_err= -43 c0=1.40 clear=0.94 prog=0.21 rel=0.85 bal=+0.54 obs=308 hard=281 obsc=322 yr=  2G nz=0.15 flt=0.09 dmap=+0/-0 shz=3.4 plan=25 cmd=(lx=+0.00,ly=+0.40,rx=+0.45)
t= 11.2 DWA-F pos=(-0.90,-0.18) yaw=-167.8 d=5.01 goal_err=-52 carrot_err= -41 c0=1.37 clear=0.92 prog=0.24 rel=0.80 bal=+0.53 obs=308 hard=281 obsc=322 yr= 38G nz=0.20 flt=0.09 dmap=+0/-0 shz=3.4 plan=25 cmd=(lx=+0.00,ly=+0.40,rx=+0.45)
[VIS] perc_n=0 age=- free_c=- vismap=0/0 color=- carpet=- cnear=- crmin=- door=- dets=[-]
t= 11.3 DWA-F pos=(-0.93,-0.19) yaw=-171.8 d=4.99 goal_err=-48 carrot_err= -38 c0=1.51 clear=1.00 prog=0.28 rel=0.80 bal=+0.53 obs=308 hard=281 obsc=322 yr= 39G nz=0.20 flt=0.06 dmap=+0/-0 shz=3.4 plan=25 cmd=(lx=+0.00,ly=+0.40,rx=+0.00)
t= 11.4 DWA-F pos=(-0.96,-0.18) yaw=-176.0 d=4.96 goal_err=-45 carrot_err= -35 c0=1.83 clear=1.00 prog=0.33 rel=0.81 bal=+0.54 obs=309 hard=282 obsc=323 yr= 40  nz=0.19 flt=0.06 dmap=+1/-0 shz=3.4 plan=25 cmd=(lx=+0.00,ly=+0.40,rx=+0.00)
t= 11.5 DWA-F pos=(-1.02,-0.17) yaw=-178.3 d=4.91 goal_err=-43 carrot_err= -27 c0=1.78 clear=1.00 prog=0.41 rel=0.81 bal=+0.45 obs=309 hard=282 obsc=323 yr= 23  nz=0.19 flt=0.06 dmap=+0/-0 shz=3.4 plan=25 cmd=(lx=+0.00,ly=+0.40,rx=+0.00)
t= 11.6 DWA-F pos=(-1.05,-0.16) yaw=-178.6 d=4.88 goal_err=-42 carrot_err= -27 c0=1.75 clear=1.00 prog=0.46 rel=0.81 bal=+0.55 obs=324 hard=297 obsc=340 yr=  3  nz=0.19 flt=0.38 dmap=+17/-2 shz=3.4 plan=25 cmd=(lx=+0.00,ly=+0.40,rx=+0.00)
t= 11.7 DWA-F pos=(-1.08,-0.15) yaw=-179.0 d=4.85 goal_err=-42 carrot_err= -27 c0=1.72 clear=1.00 prog=0.51 rel=0.60 bal=+0.55 obs=324 hard=297 obsc=340 yr=  4  nz=0.30 flt=0.38 dmap=+0/-0 shz=3.4 plan=25 cmd=(lx=+0.00,ly=+0.40,rx=+0.00)
t= 11.8 DWA-F pos=(-1.11,-0.15) yaw=-179.3 d=4.82 goal_err=-42 carrot_err= -32 c0=1.69 clear=1.00 prog=0.56 rel=0.60 bal=+0.26 obs=348 hard=319 obsc=386 yr=  3  nz=0.30 flt=0.26 dmap=+28/-4 shz=3.4 plan=25 cmd=(lx=+0.00,ly=+0.40,rx=+0.00)
t= 11.9 DWA-F pos=(-1.14,-0.14) yaw=-179.5 d=4.80 goal_err=-42 carrot_err= -33 c0=1.66 clear=1.00 prog=0.60 rel=0.61 bal=+0.26 obs=348 hard=319 obsc=386 yr=  2  nz=0.31 flt=0.26 dmap=+0/-0 shz=3.4 plan=25 cmd=(lx=+0.00,ly=+0.40,rx=+0.00)
t= 12.0 DWA-F pos=(-1.17,-0.14) yaw=-179.6 d=4.78 goal_err=-42 carrot_err= -33 c0=1.63 clear=1.00 prog=0.63 rel=0.61 bal=+0.22 obs=348 hard=320 obsc=386 yr=  0  nz=0.31 flt=0.26 dmap=+0/-0 shz=3.4 plan=25 cmd=(lx=+0.00,ly=+0.40,rx=+0.00)
t= 12.1 DWA-F pos=(-1.19,-0.15) yaw=-179.4 d=4.76 goal_err=-43 carrot_err= -35 c0=1.61 clear=1.00 prog=0.66 rel=0.61 bal=+0.12 obs=376 hard=332 obsc=413 yr=  2  nz=0.31 flt=0.18 dmap=+30/-2 shz=3.4 plan=25 cmd=(lx=+0.00,ly=+0.40,rx=+0.00)
t= 12.2 DWA-F pos=(-1.22,-0.15) yaw=-178.9 d=4.74 goal_err=-43 carrot_err= -37 c0=1.58 clear=1.00 prog=0.69 rel=0.62 bal=+0.11 obs=376 hard=332 obsc=413 yr=  5  nz=0.30 flt=0.18 dmap=+0/-0 shz=3.4 plan=25 cmd=(lx=+0.00,ly=+0.40,rx=+0.00)
[VIS] perc_n=0 age=- free_c=- vismap=0/0 color=- carpet=- cnear=- crmin=- door=- dets=[-]
t= 12.3 DWA-F pos=(-1.25,-0.16) yaw=-178.5 d=4.73 goal_err=-44 carrot_err= -39 c0=1.55 clear=1.00 prog=0.66 rel=0.62 bal=+0.09 obs=371 hard=329 obsc=404 yr=  4  nz=0.30 flt=0.11 dmap=+3/-8 shz=3.4 plan=23 cmd=(lx=+0.00,ly=+0.40,rx=+0.00)
t= 12.4 DWA-F pos=(-1.28,-0.17) yaw=-178.1 d=4.71 goal_err=-45 carrot_err= -41 c0=1.52 clear=1.00 prog=0.64 rel=0.70 bal=+0.08 obs=371 hard=329 obsc=404 yr=  4  nz=0.30 flt=0.11 dmap=+0/-0 shz=3.4 plan=23 cmd=(lx=+0.00,ly=+0.40,rx=+0.45)
t= 12.5 DWA-F pos=(-1.32,-0.18) yaw=-179.8 d=4.69 goal_err=-44 carrot_err= -41 c0=1.48 clear=0.99 prog=0.64 rel=0.70 bal=+0.06 obs=371 hard=329 obsc=404 yr= 17G nz=0.30 flt=0.11 dmap=+0/-0 shz=3.4 plan=23 cmd=(lx=+0.00,ly=+0.40,rx=+0.45)
t= 12.6 DWA-F pos=(-1.35,-0.18) yaw=+176.4 d=4.67 goal_err=-40 carrot_err= -38 c0=1.45 clear=0.96 prog=0.67 rel=0.70 bal=+0.05 obs=371 hard=331 obsc=404 yr= 37G nz=0.30 flt=0.15 dmap=+0/-0 shz=3.4 plan=23 cmd=(lx=+0.00,ly=+0.40,rx=+0.45)
t= 12.7 DWA-F pos=(-1.39,-0.18) yaw=+172.3 d=4.64 goal_err=-36 carrot_err= -36 c0=1.41 clear=0.94 prog=0.69 rel=0.68 bal=+0.05 obs=371 hard=331 obsc=404 yr= 40G nz=0.29 flt=0.15 dmap=+0/-0 shz=3.4 plan=23 cmd=(lx=+0.00,ly=+0.40,rx=+0.00)
t= 12.8 DWA-F pos=(-1.42,-0.17) yaw=+170.1 d=4.61 goal_err=-34 carrot_err= -35 c0=1.38 clear=0.92 prog=0.73 rel=0.68 bal=+0.06 obs=371 hard=331 obsc=404 yr= 22  nz=0.29 flt=0.11 dmap=+4/-4 shz=3.4 plan=23 cmd=(lx=+0.00,ly=+0.40,rx=+0.00)
t= 12.9 DWA-F pos=(-1.45,-0.15) yaw=+169.7 d=4.58 goal_err=-34 carrot_err= -35 c0=1.18 clear=0.79 prog=0.78 rel=0.66 bal=+0.12 obs=372 hard=332 obsc=404 yr=  3  nz=0.34 flt=0.11 dmap=+1/-0 shz=3.4 plan=23 cmd=(lx=+0.00,ly=+0.40,rx=+0.00)
t= 13.0 DWA-F pos=(-1.48,-0.14) yaw=+169.3 d=4.55 goal_err=-34 carrot_err= -35 c0=1.15 clear=0.77 prog=0.82 rel=0.66 bal=-0.00 obs=371 hard=337 obsc=398 yr=  5  nz=0.34 flt=0.11 dmap=+5/-6 shz=3.5 plan=23 cmd=(lx=+0.00,ly=+0.40,rx=+0.00)
t= 13.1 DWA-F pos=(-1.51,-0.12) yaw=+169.0 d=4.52 goal_err=-33 carrot_err= -35 c0=1.30 clear=0.86 prog=0.84 rel=0.56 bal=+0.01 obs=371 hard=337 obsc=398 yr=  3  nz=0.44 flt=0.11 dmap=+0/-0 shz=3.5 plan=23 cmd=(lx=+0.00,ly=+0.40,rx=+0.00)
t= 13.2 DWA-F pos=(-1.53,-0.11) yaw=+168.7 d=4.49 goal_err=-33 carrot_err= -35 c0=1.27 clear=0.85 prog=0.85 rel=0.56 bal=+0.02 obs=371 hard=337 obsc=398 yr=  2  nz=0.44 flt=0.11 dmap=+0/-0 shz=3.5 plan=23 cmd=(lx=+0.00,ly=+0.40,rx=+0.00)
[VIS] perc_n=0 age=- free_c=- vismap=0/0 color=- carpet=- cnear=- crmin=- door=- dets=[-]
t= 13.3 DWA-F pos=(-1.56,-0.10) yaw=+168.6 d=4.46 goal_err=-33 carrot_err= -36 c0=1.25 clear=0.83 prog=0.84 rel=0.56 bal=+0.03 obs=365 hard=336 obsc=399 yr=  1  nz=0.44 flt=0.05 dmap=+5/-11 shz=3.5 plan=23 cmd=(lx=+0.00,ly=+0.40,rx=+0.00)
t= 13.4 DWA-F pos=(-1.59,-0.09) yaw=+168.6 d=4.44 goal_err=-33 carrot_err= -37 c0=1.22 clear=0.81 prog=0.80 rel=0.64 bal=+0.03 obs=365 hard=336 obsc=399 yr=  0  nz=0.36 flt=0.05 dmap=+0/-0 shz=3.5 plan=23 cmd=(lx=+0.00,ly=+0.40,rx=+0.00)
t= 13.5 DWA-F pos=(-1.61,-0.09) yaw=+168.9 d=4.42 goal_err=-34 carrot_err= -39 c0=1.19 clear=0.80 prog=0.78 rel=0.64 bal=+0.15 obs=343 hard=333 obsc=388 yr=  2  nz=0.36 flt=0.06 dmap=+2/-24 shz=3.5 plan=23 cmd=(lx=+0.00,ly=+0.40,rx=+0.45)
t= 13.6 DWA-F pos=(-1.64,-0.10) yaw=+169.2 d=4.40 goal_err=-35 carrot_err= -41 c0=1.16 clear=0.77 prog=0.76 rel=0.63 bal=+0.13 obs=343 hard=334 obsc=388 yr=  3G nz=0.36 flt=0.06 dmap=+0/-0 shz=3.5 plan=23 cmd=(lx=+0.00,ly=+0.40,rx=+0.45)
t= 13.7 DWA-F pos=(-1.67,-0.10) yaw=+165.6 d=4.38 goal_err=-31 carrot_err= -39 c0=1.13 clear=0.75 prog=0.74 rel=0.63 bal=+0.11 obs=343 hard=334 obsc=388 yr= 35G nz=0.36 flt=0.06 dmap=+0/-0 shz=3.5 plan=23 cmd=(lx=+0.00,ly=+0.40,rx=+0.45)
t= 13.8 DWA-F pos=(-1.71,-0.11) yaw=+161.9 d=4.36 goal_err=-28 carrot_err= -11 c0=1.10 clear=0.73 prog=0.74 rel=0.63 bal=+0.09 obs=343 hard=335 obsc=388 yr= 36G nz=0.36 flt=0.22 dmap=+0/-0 shz=3.5 plan=20 cmd=(lx=+0.00,ly=+0.40,rx=+0.00)
t= 13.9 DWA-F pos=(-1.74,-0.10) yaw=+158.2 d=4.34 goal_err=-25 carrot_err=  -9 c0=1.27 clear=0.84 prog=0.74 rel=0.78 bal=+0.08 obs=343 hard=335 obsc=388 yr= 35  nz=0.20 flt=0.22 dmap=+0/-0 shz=3.5 plan=20 cmd=(lx=+0.00,ly=+0.40,rx=+0.00)
t= 14.0 DWA-F pos=(-1.77,-0.10) yaw=+158.3 d=4.32 goal_err=-25 carrot_err=  -9 c0=1.23 clear=0.82 prog=0.76 rel=0.78 bal=+0.07 obs=369 hard=339 obsc=395 yr=  1  nz=0.20 flt=0.32 dmap=+28/-2 shz=3.5 plan=20 cmd=(lx=+0.00,ly=+0.40,rx=+0.00)
t= 14.1 DWA-F pos=(-1.79,-0.09) yaw=+158.3 d=4.29 goal_err=-25 carrot_err=  -9 c0=1.21 clear=0.81 prog=0.77 rel=0.61 bal=+0.07 obs=369 hard=339 obsc=395 yr=  0  nz=0.28 flt=0.32 dmap=+0/-0 shz=3.5 plan=20 cmd=(lx=+0.00,ly=+0.40,rx=+0.00)
t= 14.2 DWA-F pos=(-1.82,-0.07) yaw=+158.1 d=4.26 goal_err=-25 carrot_err=  -9 c0=1.18 clear=0.79 prog=0.79 rel=0.61 bal=-0.03 obs=369 hard=340 obsc=395 yr=  1  nz=0.28 flt=0.32 dmap=+0/-0 shz=3.5 plan=20 cmd=(lx=+0.00,ly=+0.40,rx=+0.00)
[VIS] perc_n=0 age=- free_c=1.0 vismap=0/0 color=- carpet=- cnear=- crmin=- door=- dets=[-]
t= 14.3 DWA-F pos=(-1.85,-0.05) yaw=+157.8 d=4.23 goal_err=-25 carrot_err=  -9 c0=1.16 clear=0.77 prog=0.83 rel=0.61 bal=+0.00 obs=380 hard=353 obsc=420 yr=  3  nz=0.28 flt=0.23 dmap=+19/-8 shz=3.5 plan=20 cmd=(lx=+0.00,ly=+0.40,rx=+0.00)
t= 14.5 DWA-F pos=(-1.87,-0.03) yaw=+157.4 d=4.20 goal_err=-24 carrot_err= -11 c0=1.13 clear=0.76 prog=0.85 rel=0.69 bal=+0.02 obs=380 hard=353 obsc=420 yr=  4  nz=0.21 flt=0.23 dmap=+0/-0 shz=3.5 plan=20 cmd=(lx=+0.00,ly=+0.40,rx=+0.00)
t= 14.6 DWA-F pos=(-1.89,-0.01) yaw=+157.1 d=4.17 goal_err=-24 carrot_err= -11 c0=1.11 clear=0.74 prog=0.85 rel=0.69 bal=+0.02 obs=402 hard=368 obsc=445 yr=  3  nz=0.21 flt=0.17 dmap=+25/-3 shz=3.5 plan=20 cmd=(lx=+0.00,ly=+0.40,rx=+0.00)
t= 14.7 DWA-F pos=(-1.91,+0.01) yaw=+156.8 d=4.14 goal_err=-24 carrot_err= -10 c0=1.09 clear=0.73 prog=0.86 rel=0.64 bal=+0.03 obs=402 hard=368 obsc=445 yr=  3  nz=0.22 flt=0.17 dmap=+0/-0 shz=3.5 plan=20 cmd=(lx=+0.00,ly=+0.40,rx=+0.00)
t= 14.8 DWA-F pos=(-1.94,+0.03) yaw=+156.6 d=4.11 goal_err=-24 carrot_err= -10 c0=1.06 clear=0.71 prog=0.85 rel=0.64 bal=+0.04 obs=399 hard=367 obsc=435 yr=  2  nz=0.22 flt=0.11 dmap=+5/-8 shz=3.5 plan=20 cmd=(lx=+0.00,ly=+0.40,rx=+0.00)
t= 14.9 DWA-F pos=(-1.96,+0.04) yaw=+156.6 d=4.08 goal_err=-24 carrot_err= -11 c0=1.44 clear=0.96 prog=0.84 rel=0.75 bal=+0.03 obs=399 hard=367 obsc=435 yr=  0  nz=0.24 flt=0.11 dmap=+0/-0 shz=3.5 plan=20 cmd=(lx=+0.00,ly=+0.40,rx=+0.00)
t= 15.0 DWA-F pos=(-2.02,+0.06) yaw=+156.9 d=4.03 goal_err=-25 carrot_err= -12 c0=1.39 clear=0.93 prog=0.88 rel=0.75 bal=+0.03 obs=399 hard=367 obsc=435 yr=  4  nz=0.24 flt=0.11 dmap=+0/-0 shz=3.5 plan=20 cmd=(lx=+0.00,ly=+0.40,rx=+0.00)
t= 15.1 DWA-F pos=(-2.06,+0.06) yaw=+157.3 d=4.01 goal_err=-25 carrot_err= -13 c0=1.35 clear=0.90 prog=0.87 rel=0.75 bal=+0.02 obs=400 hard=362 obsc=434 yr=  4  nz=0.24 flt=0.06 dmap=+5/-4 shz=3.5 plan=20 cmd=(lx=+0.00,ly=+0.40,rx=+0.00)
t= 15.2 DWA-F pos=(-2.09,+0.06) yaw=+157.8 d=3.98 goal_err=-26 carrot_err= -15 c0=1.31 clear=0.88 prog=0.85 rel=0.69 bal=+0.01 obs=400 hard=362 obsc=434 yr=  4  nz=0.30 flt=0.06 dmap=+0/-0 shz=3.5 plan=20 cmd=(lx=+0.00,ly=+0.40,rx=+0.00)
t= 15.3 DWA-F pos=(-2.12,+0.06) yaw=+158.1 d=3.96 goal_err=-27 carrot_err= -16 c0=1.28 clear=0.85 prog=0.85 rel=0.69 bal=-0.01 obs=399 hard=362 obsc=432 yr=  3  nz=0.30 flt=0.10 dmap=+6/-7 shz=3.5 plan=20 cmd=(lx=+0.00,ly=+0.40,rx=+0.00)
[VIS] perc_n=0 age=- free_c=1.0 vismap=0/0 color=- carpet=- cnear=- crmin=- door=- dets=[-]
t= 15.4 DWA-F pos=(-2.15,+0.07) yaw=+158.4 d=3.94 goal_err=-27 carrot_err= -11 c0=1.25 clear=0.83 prog=0.86 rel=0.69 bal=-0.02 obs=399 hard=362 obsc=432 yr=  3  nz=0.30 flt=0.10 dmap=+0/-0 shz=3.5 plan=18 cmd=(lx=+0.00,ly=+0.40,rx=+0.00)
t= 15.5 DWA-F pos=(-2.18,+0.08) yaw=+158.5 d=3.91 goal_err=-28 carrot_err= -11 c0=1.22 clear=0.82 prog=0.87 rel=0.69 bal=-0.16 obs=399 hard=362 obsc=432 yr=  1  nz=0.30 flt=0.10 dmap=+0/-0 shz=3.5 plan=18 cmd=(lx=+0.00,ly=+0.40,rx=+0.00)
t= 15.6 DWA-F pos=(-2.21,+0.10) yaw=+158.4 d=3.88 goal_err=-28 carrot_err= -11 c0=1.19 clear=0.80 prog=0.89 rel=0.69 bal=-0.16 obs=390 hard=364 obsc=432 yr=  1  nz=0.30 flt=0.10 dmap=+4/-13 shz=3.5 plan=18 cmd=(lx=+0.00,ly=+0.40,rx=+0.00)
t= 15.7 DWA-F pos=(-2.23,+0.12) yaw=+158.2 d=3.85 goal_err=-28 carrot_err= -10 c0=1.17 clear=0.78 prog=0.92 rel=0.69 bal=-0.29 obs=391 hard=365 obsc=432 yr=  2  nz=0.31 flt=0.10 dmap=+1/-0 shz=3.5 plan=18 cmd=(lx=+0.00,ly=+0.40,rx=+0.00)
t= 15.8 DWA-F pos=(-2.25,+0.14) yaw=+157.8 d=3.82 goal_err=-27 carrot_err= -10 c0=1.15 clear=0.77 prog=0.93 rel=0.69 bal=-0.28 obs=373 hard=363 obsc=428 yr=  3  nz=0.31 flt=0.05 dmap=+8/-26 shz=3.5 plan=18 cmd=(lx=+0.00,ly=+0.40,rx=+0.00)
t= 15.9 DWA-F pos=(-2.28,+0.16) yaw=+157.5 d=3.78 goal_err=-27 carrot_err= -12 c0=1.12 clear=0.74 prog=0.95 rel=0.70 bal=-0.40 obs=373 hard=363 obsc=428 yr=  4  nz=0.29 flt=0.05 dmap=+0/-0 shz=3.5 plan=18 cmd=(lx=+0.00,ly=+0.40,rx=+0.00)
t= 16.0 DWA-F pos=(-2.30,+0.18) yaw=+157.1 d=3.75 goal_err=-27 carrot_err= -12 c0=1.10 clear=0.73 prog=0.96 rel=0.70 bal=-0.39 obs=373 hard=363 obsc=428 yr=  3  nz=0.29 flt=0.05 dmap=+0/-0 shz=3.5 plan=18 cmd=(lx=+0.00,ly=+0.40,rx=+0.00)
t= 16.1 DWA-F pos=(-2.33,+0.20) yaw=+156.9 d=3.72 goal_err=-27 carrot_err= -12 c0=1.07 clear=0.71 prog=0.96 rel=0.70 bal=-0.60 obs=396 hard=366 obsc=431 yr=  3  nz=0.29 flt=0.33 dmap=+26/-3 shz=3.5 plan=18 cmd=(lx=+0.00,ly=+0.40,rx=+0.00)
t= 16.2 DWA-F pos=(-2.35,+0.21) yaw=+156.8 d=3.70 goal_err=-27 carrot_err= -12 c0=1.05 clear=0.70 prog=0.96 rel=0.62 bal=-0.59 obs=396 hard=366 obsc=431 yr=  1  nz=0.27 flt=0.33 dmap=+0/-0 shz=3.5 plan=18 cmd=(lx=+0.00,ly=+0.40,rx=+0.00)
t= 16.3 DWA-F pos=(-2.36,+0.20) yaw=+156.9 d=3.70 goal_err=-27 carrot_err= -12 c0=1.04 clear=0.70 prog=0.90 rel=0.62 bal=-0.59 obs=396 hard=366 obsc=431 yr=  1  nz=0.27 flt=0.33 dmap=+0/-0 shz=3.5 plan=18 cmd=(lx=+0.00,ly=+0.40,rx=+0.00)
[VIS] perc_n=0 age=- free_c=1.0 vismap=0/0 color=- carpet=- cnear=- crmin=- door=- dets=[-]
t= 16.4 DWA-F pos=(-2.36,+0.20) yaw=+157.1 d=3.70 goal_err=-27 carrot_err= -13 c0=1.04 clear=0.69 prog=0.84 rel=0.62 bal=-0.60 obs=396 hard=366 obsc=431 yr=  2  nz=0.27 flt=0.33 dmap=+0/-0 shz=3.5 plan=18 cmd=(lx=+0.00,ly=+0.40,rx=+0.00)
t= 16.5 DWA-F pos=(-2.36,+0.19) yaw=+157.4 d=3.71 goal_err=-28 carrot_err= -14 c0=1.04 clear=0.69 prog=0.78 rel=0.62 bal=-0.49 obs=396 hard=366 obsc=431 yr=  3  nz=0.27 flt=0.33 dmap=+0/-0 shz=3.5 plan=18 cmd=(lx=+0.00,ly=+0.40,rx=+0.00)
t= 16.6 DWA-F pos=(-2.37,+0.18) yaw=+157.8 d=3.71 goal_err=-28 carrot_err= -15 c0=1.03 clear=0.69 prog=0.72 rel=0.62 bal=-0.50 obs=396 hard=366 obsc=431 yr=  4  nz=0.27 flt=0.33 dmap=+0/-0 shz=3.5 plan=18 cmd=(lx=+0.00,ly=+0.40,rx=+0.00)
t= 16.7 DWA-F pos=(-2.37,+0.17) yaw=+158.2 d=3.72 goal_err=-29 carrot_err= -15 c0=1.03 clear=0.69 prog=0.67 rel=0.62 bal=-0.51 obs=396 hard=366 obsc=431 yr=  3  nz=0.27 flt=0.33 dmap=+0/-0 shz=3.5 plan=18 cmd=(lx=+0.00,ly=+0.40,rx=+0.00)
t= 16.8 DWA-F pos=(-2.37,+0.16) yaw=+158.4 d=3.72 goal_err=-29 carrot_err= -16 c0=1.03 clear=0.69 prog=0.62 rel=0.62 bal=-0.52 obs=396 hard=366 obsc=431 yr=  2  nz=0.27 flt=0.33 dmap=+0/-0 shz=3.5 plan=18 cmd=(lx=+0.00,ly=+0.40,rx=+0.00)
t= 16.9 DWA-F pos=(-2.37,+0.16) yaw=+158.5 d=3.72 goal_err=-29 carrot_err=  -6 c0=1.03 clear=0.69 prog=0.53 rel=0.62 bal=-0.52 obs=396 hard=366 obsc=431 yr=  1  nz=0.27 flt=0.33 dmap=+0/-0 shz=3.5 plan=17 cmd=(lx=+0.00,ly=+0.40,rx=+0.00)
t= 17.0 DWA-F pos=(-2.36,+0.18) yaw=+157.6 d=3.71 goal_err=-28 carrot_err=  -4 c0=1.04 clear=0.69 prog=0.51 rel=0.62 bal=-0.50 obs=396 hard=366 obsc=431 yr=  8  nz=0.27 flt=0.33 dmap=+0/-0 shz=3.5 plan=17 cmd=(lx=+0.00,ly=+0.40,rx=+0.00)
SCAN-STALE nube 'location' sin refrescar 10 ticks (mapa congelado)
t= 17.1 DWA-F pos=(-2.36,+0.18) yaw=+157.6 d=3.71 goal_err=-28 carrot_err=  -4 c0=1.04 clear=0.69 prog=0.47 rel=0.62 bal=-0.50 obs=396 hard=366 obsc=431 yr=  0  nz=0.27 flt=0.33 dmap=+0/-0 shz=3.5 plan=17 cmd=(lx=+0.00,ly=+0.40,rx=+0.00)
t= 17.2 DWA-F pos=(-2.36,+0.18) yaw=+157.6 d=3.71 goal_err=-28 carrot_err=  -4 c0=1.04 clear=0.69 prog=0.43 rel=0.62 bal=-0.50 obs=396 hard=366 obsc=431 yr=  0  nz=0.27 flt=0.33 dmap=+0/-0 shz=3.5 plan=17 cmd=(lx=+0.00,ly=+0.40,rx=+0.00)
t= 17.3 DOOR-CTR pos=(-2.36,+0.18) yaw=+157.6 d=3.71 goal_err=-28 carrot_err=  -4 c0=0.64 clear=0.42 prog=0.39 rel=0.62 bal=-0.41 obs=420 hard=388 obsc=460 yr=  0  nz=0.27 flt=0.15 dmap=+26/-2 shz=3.3 plan=17 cmd=(lx=+0.34,ly=+0.00,rx=+0.00)
[VIS] perc_n=0 age=- free_c=1.0 vismap=0/0 color=- carpet=- cnear=- crmin=- door=- dets=[-]
t= 17.4 DOOR-CTR pos=(-2.36,+0.18) yaw=+157.6 d=3.71 goal_err=-28 carrot_err=  -4 c0=0.64 clear=0.42 prog=0.34 rel=0.58 bal=-0.41 obs=420 hard=388 obsc=460 yr=  0  nz=0.35 flt=0.15 dmap=+0/-0 shz=3.3 plan=17 cmd=(lx=+0.34,ly=+0.00,rx=+0.00)
t= 17.5 DOOR-CTR pos=(-2.36,+0.18) yaw=+157.6 d=3.71 goal_err=-28 carrot_err=  -4 c0=0.64 clear=0.42 prog=0.28 rel=0.58 bal=-0.23 obs=443 hard=402 obsc=487 yr=  0  nz=0.35 flt=0.16 dmap=+27/-4 shz=3.4 plan=17 cmd=(lx=+0.34,ly=+0.00,rx=+0.00)
t= 17.6 DOOR-CTR pos=(-2.36,+0.18) yaw=+157.6 d=3.71 goal_err=-28 carrot_err=  -4 c0=0.64 clear=0.42 prog=0.23 rel=0.59 bal=-0.23 obs=443 hard=402 obsc=487 yr=  0  nz=0.33 flt=0.16 dmap=+0/-0 shz=3.4 plan=17 cmd=(lx=+0.34,ly=+0.00,rx=+0.00)
t= 17.7 DOOR-CTR pos=(-2.36,+0.18) yaw=+157.6 d=3.71 goal_err=-28 carrot_err=  -4 c0=0.64 clear=0.42 prog=0.18 rel=0.59 bal=-0.23 obs=443 hard=402 obsc=487 yr=  0  nz=0.33 flt=0.16 dmap=+0/-0 shz=3.4 plan=17 cmd=(lx=+0.34,ly=+0.00,rx=+0.00)
t= 17.8 DOOR-CTR pos=(-2.36,+0.18) yaw=+157.6 d=3.71 goal_err=-28 carrot_err=  -4 c0=0.64 clear=0.42 prog=0.12 rel=0.59 bal=-0.23 obs=437 hard=388 obsc=478 yr=  0  nz=0.33 flt=0.03 dmap=+2/-8 shz=3.4 plan=17 cmd=(lx=+0.34,ly=+0.00,rx=+0.00)
t= 17.9 DOOR-CTR pos=(-2.36,+0.18) yaw=+157.6 d=3.71 goal_err=-28 carrot_err=  -4 c0=0.64 clear=0.42 prog=0.07 rel=0.86 bal=-0.23 obs=437 hard=388 obsc=478 yr=  0  nz=0.14 flt=0.03 dmap=+0/-0 shz=3.4 plan=17 cmd=(lx=+0.34,ly=+0.00,rx=+0.00)
t= 18.1 DOOR-CTR pos=(-2.36,+0.18) yaw=+157.6 d=3.71 goal_err=-28 carrot_err=  -4 c0=0.64 clear=0.42 prog=0.02 rel=0.86 bal=-0.23 obs=436 hard=383 obsc=472 yr=  0  nz=0.14 flt=0.02 dmap=+1/-2 shz=3.4 plan=17 cmd=(lx=+0.34,ly=+0.00,rx=+0.00)
t= 18.2 DOOR-CTR pos=(-2.36,+0.18) yaw=+157.6 d=3.71 goal_err=-28 carrot_err=  -4 c0=0.64 clear=0.42 prog=0.00 rel=0.84 bal=-0.23 obs=436 hard=383 obsc=472 yr=  0  nz=0.16 flt=0.02 dmap=+0/-0 shz=3.4 plan=17 cmd=(lx=+0.34,ly=+0.00,rx=+0.00)
t= 18.3 DOOR-GO pos=(-2.36,+0.18) yaw=+157.6 d=3.71 goal_err=-28 carrot_err=  -4 c0=0.64 clear=0.42 prog=0.00 rel=0.84 bal=-0.18 obs=435 hard=381 obsc=470 yr=  0  nz=0.16 flt=0.06 dmap=+2/-3 shz=3.4 plan=17 cmd=(lx=+0.00,ly=+0.28,rx=+0.00)
t= 18.4 DOOR-GO pos=(-2.36,+0.19) yaw=+158.4 d=3.71 goal_err=-29 carrot_err=  -5 c0=0.64 clear=0.42 prog=0.00 rel=0.84 bal=-0.17 obs=435 hard=381 obsc=470 yr=  8  nz=0.16 flt=0.06 dmap=+0/-0 shz=3.4 plan=17 cmd=(lx=+0.00,ly=+0.28,rx=+0.00)
[VIS] perc_n=0 age=- free_c=1.0 vismap=0/0 color=- carpet=- cnear=- crmin=- door=- dets=[-]
t= 18.5 DOOR-GO pos=(-2.38,+0.20) yaw=+158.2 d=3.69 goal_err=-29 carrot_err= -14 c0=0.62 clear=0.41 prog=0.03 rel=0.84 bal=-0.17 obs=435 hard=381 obsc=470 yr=  2  nz=0.16 flt=0.06 dmap=+0/-0 shz=3.4 plan=17 cmd=(lx=+0.00,ly=+0.28,rx=+0.00)
t= 18.6 DOOR-GO pos=(-2.39,+0.21) yaw=+157.9 d=3.67 goal_err=-28 carrot_err= -14 c0=0.83 clear=0.55 prog=0.07 rel=0.84 bal=-0.16 obs=424 hard=382 obsc=469 yr=  3  nz=0.16 flt=0.08 dmap=+2/-13 shz=3.4 plan=17 cmd=(lx=+0.00,ly=+0.28,rx=+0.00)
t= 18.7 DOOR-GO pos=(-2.41,+0.23) yaw=+157.5 d=3.65 goal_err=-28 carrot_err= -13 c0=0.81 clear=0.54 prog=0.12 rel=0.74 bal=-0.15 obs=424 hard=382 obsc=469 yr=  4  nz=0.26 flt=0.08 dmap=+0/-0 shz=3.4 plan=17 cmd=(lx=+0.00,ly=+0.28,rx=+0.00)
DOOR-ENG start t=19s pos=(-2.42,+0.24) sgn=AB
DOOR-CENTER medido: off=-0.04m gap=0.57m (jambas L=+0.25 R=-0.32)
t= 18.8 ENG-F pos=(-2.42,+0.24) yaw=+157.2 d=3.63 goal_err=-28 carrot_err= -13 c0=0.99 clear=0.66 prog=0.16 rel=0.74 bal=-0.33 obs=397 hard=376 obsc=458 yr=  3  nz=0.26 flt=0.13 dmap=+1/-28 shz=3.6 plan=17 cmd=(lx=+0.00,ly=+0.28,rx=+0.00)
t= 18.9 ENG-F pos=(-2.43,+0.26) yaw=+157.0 d=3.61 goal_err=-27 carrot_err= -12 c0=0.98 clear=0.65 prog=0.19 rel=0.65 bal=-0.32 obs=397 hard=376 obsc=458 yr=  2  nz=0.35 flt=0.13 dmap=+0/-0 shz=3.6 plan=17 cmd=(lx=+0.00,ly=+0.28,rx=+0.00)
t= 19.0 ENG-F pos=(-2.45,+0.27) yaw=+156.9 d=3.59 goal_err=-27 carrot_err= -12 c0=0.96 clear=0.64 prog=0.20 rel=0.65 bal=-0.31 obs=397 hard=376 obsc=458 yr=  1  nz=0.35 flt=0.13 dmap=+0/-0 shz=3.6 plan=17 cmd=(lx=+0.00,ly=+0.28,rx=+0.00)
t= 19.1 ENG-F pos=(-2.48,+0.28) yaw=+157.0 d=3.56 goal_err=-28 carrot_err= -13 c0=1.13 clear=0.75 prog=0.25 rel=0.65 bal=-0.43 obs=398 hard=369 obsc=434 yr=  1  nz=0.35 flt=0.07 dmap=+3/-2 shz=3.6 plan=17 cmd=(lx=+0.00,ly=+0.28,rx=+0.00)
t= 19.2 ENG-F pos=(-2.50,+0.28) yaw=+157.3 d=3.55 goal_err=-28 carrot_err= -14 c0=1.11 clear=0.74 prog=0.27 rel=0.70 bal=-0.44 obs=398 hard=369 obsc=434 yr=  3  nz=0.30 flt=0.07 dmap=+0/-0 shz=3.6 plan=17 cmd=(lx=+0.00,ly=+0.28,rx=+0.00)
t= 19.3 ENG-F pos=(-2.52,+0.28) yaw=+157.6 d=3.54 goal_err=-29 carrot_err= -15 c0=0.89 clear=0.59 prog=0.29 rel=0.70 bal=-0.45 obs=400 hard=371 obsc=435 yr=  3  nz=0.30 flt=0.06 dmap=+4/-2 shz=3.6 plan=17 cmd=(lx=+0.00,ly=+0.28,rx=+0.00)
t= 19.4 ENG-F pos=(-2.54,+0.27) yaw=+158.0 d=3.53 goal_err=-30 carrot_err= -10 c0=0.87 clear=0.58 prog=0.31 rel=0.70 bal=-0.22 obs=400 hard=371 obsc=435 yr=  3  nz=0.30 flt=0.06 dmap=+0/-0 shz=3.6 plan=17 cmd=(lx=+0.00,ly=+0.28,rx=+0.00)
[VIS] perc_n=0 age=- free_c=1.0 vismap=0/0 color=- carpet=- cnear=- crmin=- door=- dets=[-]
t= 19.5 ENG-F pos=(-2.56,+0.27) yaw=+158.3 d=3.52 goal_err=-30 carrot_err= -11 c0=0.85 clear=0.56 prog=0.33 rel=0.70 bal=-0.23 obs=400 hard=371 obsc=435 yr=  3  nz=0.30 flt=0.06 dmap=+0/-0 shz=3.6 plan=17 cmd=(lx=+0.00,ly=+0.28,rx=+0.00)
t= 19.6 ENG-F pos=(-2.58,+0.27) yaw=+158.5 d=3.51 goal_err=-31 carrot_err= -12 c0=0.83 clear=0.55 prog=0.35 rel=0.70 bal=-0.23 obs=400 hard=370 obsc=436 yr=  2  nz=0.30 flt=0.15 dmap=+4/-4 shz=3.6 plan=17 cmd=(lx=+0.00,ly=+0.28,rx=+0.00)
t= 19.7 ENG-F pos=(-2.60,+0.27) yaw=+158.6 d=3.49 goal_err=-31 carrot_err= -12 c0=0.81 clear=0.54 prog=0.37 rel=0.74 bal=-0.23 obs=400 hard=370 obsc=436 yr=  1  nz=0.26 flt=0.15 dmap=+0/-0 shz=3.6 plan=17 cmd=(lx=+0.00,ly=+0.28,rx=+0.00)
t= 19.8 ENG-F pos=(-2.62,+0.28) yaw=+158.6 d=3.48 goal_err=-31 carrot_err= -12 c0=0.79 clear=0.53 prog=0.40 rel=0.74 bal=-0.23 obs=403 hard=375 obsc=440 yr=  0  nz=0.26 flt=0.12 dmap=+7/-4 shz=3.6 plan=17 cmd=(lx=+0.00,ly=+0.28,rx=+0.00)
t= 19.9 ENG-F pos=(-2.63,+0.30) yaw=+158.3 d=3.46 goal_err=-31 carrot_err= -12 c0=0.78 clear=0.52 prog=0.43 rel=0.78 bal=-0.21 obs=403 hard=375 obsc=440 yr=  2  nz=0.22 flt=0.12 dmap=+0/-0 shz=3.6 plan=17 cmd=(lx=+0.00,ly=+0.28,rx=+0.00)
t= 20.0 ENG-F pos=(-2.64,+0.31) yaw=+158.0 d=3.44 goal_err=-31 carrot_err= -11 c0=0.76 clear=0.51 prog=0.47 rel=0.78 bal=-0.20 obs=403 hard=375 obsc=440 yr=  3  nz=0.22 flt=0.12 dmap=+0/-0 shz=3.6 plan=16 cmd=(lx=+0.00,ly=+0.28,rx=+0.00)
t= 20.1 ENG-F pos=(-2.65,+0.33) yaw=+157.6 d=3.41 goal_err=-30 carrot_err= -10 c0=0.75 clear=0.50 prog=0.51 rel=0.78 bal=-0.08 obs=402 hard=376 obsc=438 yr=  4  nz=0.22 flt=0.08 dmap=+4/-5 shz=3.5 plan=16 cmd=(lx=+0.00,ly=+0.28,rx=+0.00)
t= 20.2 ENG-F pos=(-2.67,+0.35) yaw=+157.3 d=3.39 goal_err=-30 carrot_err=  -9 c0=0.73 clear=0.49 prog=0.54 rel=0.75 bal=-0.07 obs=402 hard=376 obsc=438 yr=  3  nz=0.24 flt=0.08 dmap=+0/-0 shz=3.5 plan=16 cmd=(lx=+0.00,ly=+0.28,rx=+0.00)
t= 20.3 ENG-F pos=(-2.68,+0.36) yaw=+157.0 d=3.38 goal_err=-30 carrot_err=  -9 c0=0.72 clear=0.48 prog=0.57 rel=0.75 bal=-0.18 obs=403 hard=377 obsc=442 yr=  3  nz=0.24 flt=0.12 dmap=+7/-6 shz=3.6 plan=16 cmd=(lx=+0.00,ly=+0.28,rx=+0.00)
t= 20.4 ENG-F pos=(-2.70,+0.37) yaw=+157.0 d=3.36 goal_err=-30 carrot_err=  -9 c0=0.70 clear=0.47 prog=0.57 rel=0.75 bal=-0.17 obs=403 hard=377 obsc=442 yr=  1  nz=0.24 flt=0.12 dmap=+0/-0 shz=3.6 plan=16 cmd=(lx=+0.00,ly=+0.28,rx=+0.00)
[VIS] perc_n=0 age=- free_c=1.0 vismap=0/0 color=- carpet=- cnear=- crmin=- door=- dets=[-]
t= 20.5 ENG-F pos=(-2.72,+0.37) yaw=+157.1 d=3.34 goal_err=-30 carrot_err=  -9 c0=0.68 clear=0.46 prog=0.56 rel=0.75 bal=-0.18 obs=406 hard=380 obsc=440 yr=  1  nz=0.24 flt=0.11 dmap=+5/-2 shz=3.6 plan=16 cmd=(lx=+0.00,ly=+0.28,rx=+0.00)
t= 20.6 ENG-F pos=(-2.74,+0.37) yaw=+157.3 d=3.33 goal_err=-31 carrot_err= -10 c0=0.66 clear=0.44 prog=0.54 rel=0.74 bal=-0.19 obs=406 hard=380 obsc=440 yr=  2  nz=0.24 flt=0.11 dmap=+0/-0 shz=3.6 plan=16 cmd=(lx=+0.00,ly=+0.28,rx=+0.00)
t= 20.7 ENG-F pos=(-2.76,+0.37) yaw=+157.6 d=3.32 goal_err=-31 carrot_err= -11 c0=0.64 clear=0.43 prog=0.53 rel=0.74 bal=-0.19 obs=406 hard=380 obsc=440 yr=  3  nz=0.24 flt=0.11 dmap=+0/-0 shz=3.6 plan=16 cmd=(lx=+0.00,ly=+0.28,rx=+0.00)
t= 20.8 ENG-F pos=(-2.78,+0.37) yaw=+158.0 d=3.31 goal_err=-32 carrot_err= -13 c0=0.62 clear=0.41 prog=0.52 rel=0.74 bal=-0.20 obs=405 hard=379 obsc=441 yr=  3  nz=0.24 flt=0.14 dmap=+3/-4 shz=3.6 plan=16 cmd=(lx=+0.00,ly=+0.28,rx=+0.00)
t= 20.9 ENG-F pos=(-2.80,+0.37) yaw=+158.3 d=3.30 goal_err=-33 carrot_err= -14 c0=0.60 clear=0.40 prog=0.50 rel=0.86 bal=-0.14 obs=405 hard=379 obsc=441 yr=  3  nz=0.13 flt=0.14 dmap=+0/-0 shz=3.6 plan=16 cmd=(lx=+0.00,ly=+0.28,rx=+0.00)
t= 21.0 ENG-F pos=(-2.82,+0.37) yaw=+158.6 d=3.29 goal_err=-33 carrot_err= -15 c0=0.58 clear=0.39 prog=0.47 rel=0.86 bal=-0.14 obs=413 hard=385 obsc=449 yr=  3  nz=0.13 flt=0.08 dmap=+9/-1 shz=3.6 plan=16 cmd=(lx=+0.00,ly=+0.28,rx=+0.00)
t= 21.1 ENG-F pos=(-2.83,+0.37) yaw=+158.7 d=3.27 goal_err=-33 carrot_err= -18 c0=0.57 clear=0.38 prog=0.48 rel=0.84 bal=-0.14 obs=413 hard=385 obsc=449 yr=  1  nz=0.15 flt=0.08 dmap=+0/-0 shz=3.6 plan=16 cmd=(lx=+0.00,ly=+0.28,rx=+0.00)
t= 21.2 ENG-F pos=(-2.85,+0.38) yaw=+158.6 d=3.25 goal_err=-33 carrot_err= -18 c0=0.55 clear=0.37 prog=0.49 rel=0.84 bal=-0.13 obs=413 hard=385 obsc=449 yr=  1  nz=0.15 flt=0.08 dmap=+0/-0 shz=3.6 plan=16 cmd=(lx=+0.00,ly=+0.28,rx=+0.00)
t= 21.3 ENG-F pos=(-2.87,+0.40) yaw=+158.3 d=3.23 goal_err=-33 carrot_err= -18 c0=0.53 clear=0.36 prog=0.51 rel=0.84 bal=-0.07 obs=419 hard=383 obsc=452 yr=  3  nz=0.15 flt=0.08 dmap=+7/-1 shz=3.6 plan=16 cmd=(lx=+0.00,ly=+0.28,rx=+0.00)
t= 21.4 ENG-F pos=(-2.88,+0.41) yaw=+157.9 d=3.22 goal_err=-33 carrot_err= -17 c0=0.52 clear=0.35 prog=0.52 rel=0.84 bal=-0.05 obs=420 hard=384 obsc=453 yr=  3  nz=0.13 flt=0.08 dmap=+1/-0 shz=3.6 plan=16 cmd=(lx=+0.00,ly=+0.28,rx=+0.00)
[VIS] perc_n=0 age=- free_c=1.0 vismap=0/0 color=- carpet=- cnear=- crmin=- door=- dets=[-]
t= 21.5 ENG-F pos=(-2.89,+0.43) yaw=+157.6 d=3.20 goal_err=-32 carrot_err= -17 c0=0.54 clear=0.36 prog=0.53 rel=0.84 bal=-0.04 obs=422 hard=388 obsc=455 yr=  4  nz=0.13 flt=0.06 dmap=+4/-2 shz=3.6 plan=15 cmd=(lx=+0.00,ly=+0.28,rx=+0.00)
t= 21.6 ENG-F pos=(-2.90,+0.44) yaw=+157.2 d=3.18 goal_err=-32 carrot_err= -16 c0=0.52 clear=0.35 prog=0.54 rel=0.85 bal=-0.02 obs=422 hard=388 obsc=455 yr=  3  nz=0.14 flt=0.06 dmap=+0/-0 shz=3.6 plan=15 cmd=(lx=+0.00,ly=+0.28,rx=+0.00)
t= 21.7 ENG-F pos=(-2.92,+0.46) yaw=+157.0 d=3.16 goal_err=-32 carrot_err= -15 c0=0.50 clear=0.34 prog=0.55 rel=0.85 bal=-0.01 obs=422 hard=388 obsc=455 yr=  2  nz=0.14 flt=0.06 dmap=+0/-0 shz=3.6 plan=15 cmd=(lx=+0.00,ly=+0.28,rx=+0.00)
t= 21.8 ENG-F pos=(-2.93,+0.47) yaw=+156.9 d=3.14 goal_err=-32 carrot_err= -15 c0=0.49 clear=0.33 prog=0.55 rel=0.85 bal=+0.00 obs=423 hard=386 obsc=458 yr=  1  nz=0.14 flt=0.06 dmap=+4/-3 shz=3.6 plan=15 cmd=(lx=+0.00,ly=+0.28,rx=+0.00)
t= 21.9 ENG-F pos=(-2.95,+0.47) yaw=+157.0 d=3.13 goal_err=-32 carrot_err= -18 c0=0.47 clear=0.31 prog=0.53 rel=0.88 bal=-0.00 obs=423 hard=386 obsc=458 yr=  1  nz=0.12 flt=0.06 dmap=+0/-0 shz=3.6 plan=15 cmd=(lx=+0.00,ly=+0.28,rx=+0.00)
t= 22.0 ENG-F pos=(-2.97,+0.47) yaw=+157.3 d=3.11 goal_err=-33 carrot_err= -18 c0=0.45 clear=0.30 prog=0.52 rel=0.88 bal=-0.01 obs=421 hard=384 obsc=458 yr=  3  nz=0.12 flt=0.04 dmap=+4/-6 shz=3.6 plan=15 cmd=(lx=+0.00,ly=+0.28,rx=+0.00)
t= 22.1 ENG-F pos=(-2.99,+0.47) yaw=+157.6 d=3.10 goal_err=-34 carrot_err= -20 c0=0.43 clear=0.29 prog=0.50 rel=0.88 bal=-0.03 obs=421 hard=384 obsc=458 yr=  3  nz=0.12 flt=0.04 dmap=+0/-0 shz=3.6 plan=15 cmd=(lx=+0.00,ly=+0.28,rx=+0.00)
t= 22.2 ENG-F pos=(-3.01,+0.47) yaw=+158.0 d=3.09 goal_err=-34 carrot_err= -21 c0=0.41 clear=0.27 prog=0.48 rel=0.88 bal=-0.04 obs=421 hard=384 obsc=458 yr=  3  nz=0.12 flt=0.04 dmap=+0/-0 shz=3.6 plan=15 cmd=(lx=+0.00,ly=+0.28,rx=+0.00)
t= 22.3 ENG-F pos=(-3.03,+0.47) yaw=+158.4 d=3.08 goal_err=-35 carrot_err= -22 c0=0.58 clear=0.39 prog=0.47 rel=0.88 bal=+0.04 obs=418 hard=387 obsc=452 yr=  4  nz=0.12 flt=0.15 dmap=+1/-4 shz=3.5 plan=15 cmd=(lx=+0.00,ly=+0.28,rx=+0.00)
t= 22.4 ENG-F pos=(-3.05,+0.47) yaw=+158.6 d=3.07 goal_err=-35 carrot_err= -23 c0=0.56 clear=0.38 prog=0.47 rel=0.89 bal=+0.03 obs=418 hard=387 obsc=452 yr=  2  nz=0.11 flt=0.15 dmap=+0/-0 shz=3.5 plan=15 cmd=(lx=+0.00,ly=+0.28,rx=+0.00)
[VIS] perc_n=0 age=- free_c=1.0 vismap=0/0 color=- carpet=- cnear=- crmin=- door=- dets=[-]
t= 22.5 ENG-F pos=(-3.07,+0.47) yaw=+158.6 d=3.06 goal_err=-36 carrot_err= -23 c0=0.55 clear=0.36 prog=0.47 rel=0.89 bal=+0.02 obs=413 hard=387 obsc=451 yr=  0  nz=0.11 flt=0.09 dmap=+0/-5 shz=3.6 plan=15 cmd=(lx=+0.00,ly=+0.28,rx=+0.00)
t= 22.7 ENG-F pos=(-3.08,+0.48) yaw=+158.5 d=3.04 goal_err=-36 carrot_err= -24 c0=0.53 clear=0.35 prog=0.47 rel=0.89 bal=+0.03 obs=413 hard=387 obsc=451 yr=  1  nz=0.10 flt=0.09 dmap=+0/-0 shz=3.6 plan=15 cmd=(lx=+0.00,ly=+0.28,rx=+0.00)
t= 22.8 ENG-F pos=(-3.10,+0.49) yaw=+158.2 d=3.03 goal_err=-35 carrot_err= -23 c0=0.52 clear=0.34 prog=0.49 rel=0.89 bal=+0.04 obs=413 hard=387 obsc=451 yr=  3  nz=0.10 flt=0.09 dmap=+0/-0 shz=3.6 plan=15 cmd=(lx=+0.00,ly=+0.28,rx=+0.00)
t= 22.9 ENG-F pos=(-3.11,+0.51) yaw=+157.8 d=3.01 goal_err=-35 carrot_err= -23 c0=0.50 clear=0.33 prog=0.51 rel=0.89 bal=-0.08 obs=414 hard=383 obsc=451 yr=  3  nz=0.10 flt=0.07 dmap=+4/-3 shz=3.5 plan=15 cmd=(lx=+0.00,ly=+0.28,rx=+0.00)
DOOR-ENG at-position t=23s err=0.21m
t= 23.0 ENG-AL pos=(-3.12,+0.53) yaw=+157.4 d=2.98 goal_err=-35 carrot_err= -22 c0=0.48 clear=0.32 prog=0.52 rel=0.90 bal=-0.12 obs=414 hard=383 obsc=451 yr=  4  nz=0.10 flt=0.07 dmap=+0/-0 shz=3.5 plan=15 cmd=(lx=+0.00,ly=+0.00,rx=+0.45)
  TURN-CAL rx=+0.45 esperado=-46deg/s medido=-4deg/s OK
t= 23.1 ENG-AL pos=(-3.13,+0.54) yaw=+157.1 d=2.96 goal_err=-35 carrot_err= -22 c0=0.47 clear=0.31 prog=0.53 rel=0.90 bal=-0.12 obs=414 hard=385 obsc=451 yr=  4G nz=0.10 flt=0.13 dmap=+0/-0 shz=3.6 plan=14 cmd=(lx=+0.00,ly=+0.00,rx=+0.45)
  TURN-CAL rx=+0.45 esperado=-46deg/s medido=-41deg/s OK
t= 23.2 ENG-AL. pos=(-3.13,+0.55) yaw=+152.8 d=2.96 goal_err=-30 carrot_err= -17 c0=0.47 clear=0.32 prog=0.50 rel=0.90 bal=-0.11 obs=414 hard=385 obsc=451 yr= 41G nz=0.10 flt=0.13 dmap=+0/-0 shz=3.6 plan=14 cmd=(lx=+0.00,ly=+0.00,rx=+0.00)
t= 23.3 ENG-AL. pos=(-3.13,+0.55) yaw=+148.8 d=2.96 goal_err=-26 carrot_err= -13 c0=0.48 clear=0.32 prog=0.47 rel=0.90 bal=-0.11 obs=421 hard=394 obsc=458 yr= 40  nz=0.10 flt=0.11 dmap=+10/-3 shz=3.6 plan=14 cmd=(lx=+0.00,ly=+0.00,rx=+0.00)
t= 23.4 ENG-AL. pos=(-3.13,+0.54) yaw=+146.8 d=2.96 goal_err=-24 carrot_err= -11 c0=0.72 clear=0.48 prog=0.43 rel=0.90 bal=-0.11 obs=421 hard=394 obsc=458 yr= 19  nz=0.09 flt=0.11 dmap=+0/-0 shz=3.6 plan=14 cmd=(lx=+0.00,ly=+0.00,rx=+0.00)
t= 23.5 ENG-AL pos=(-3.13,+0.54) yaw=+147.1 d=2.97 goal_err=-25 carrot_err= -12 c0=0.72 clear=0.48 prog=0.39 rel=0.90 bal=-0.12 obs=421 hard=394 obsc=458 yr=  2  nz=0.09 flt=0.11 dmap=+0/-0 shz=3.6 plan=14 cmd=(lx=+0.00,ly=+0.00,rx=+0.45)
[VIS] perc_n=0 age=- free_c=1.0 vismap=0/0 color=- carpet=- cnear=- crmin=- door=- dets=[-]
  TURN-CAL rx=+0.45 esperado=-46deg/s medido=+3deg/s OK
t= 23.6 ENG-AL pos=(-3.14,+0.53) yaw=+147.5 d=2.97 goal_err=-25 carrot_err= -13 c0=0.47 clear=0.31 prog=0.35 rel=0.90 bal=-0.13 obs=421 hard=394 obsc=458 yr=  3G nz=0.09 flt=0.07 dmap=+0/-0 shz=3.6 plan=14 cmd=(lx=+0.00,ly=+0.00,rx=+0.45)
  TURN-CAL rx=+0.45 esperado=-46deg/s medido=-16deg/s OK
t= 23.7 ENG-AL pos=(-3.14,+0.52) yaw=+145.8 d=2.98 goal_err=-24 carrot_err= -12 c0=0.46 clear=0.31 prog=0.31 rel=0.91 bal=-0.14 obs=421 hard=394 obsc=458 yr= 16G nz=0.09 flt=0.07 dmap=+0/-0 shz=3.6 plan=14 cmd=(lx=+0.00,ly=+0.00,rx=+0.45)
  TURN-CAL rx=+0.45 esperado=-46deg/s medido=-42deg/s OK
t= 23.8 ENG-AL. pos=(-3.14,+0.53) yaw=+141.6 d=2.97 goal_err=-19 carrot_err=  -7 c0=0.71 clear=0.48 prog=0.28 rel=0.91 bal=-0.13 obs=421 hard=394 obsc=458 yr= 42G nz=0.09 flt=0.09 dmap=+0/-0 shz=3.6 plan=14 cmd=(lx=+0.00,ly=+0.00,rx=+0.00)
DOOR-ENG aligned t=24s yaw=+138 he=-2.6
DOOR-EXIT-CTR saliendo: ignoro centro medido (-0.04 m) y servoo al eje del mapa
t= 23.9 ENG-GO pos=(-3.14,+0.53) yaw=+137.6 d=2.97 goal_err=-15 carrot_err=  -3 c0=0.71 clear=0.48 prog=0.26 rel=0.85 bal=-0.13 obs=421 hard=394 obsc=458 yr= 39  nz=0.15 flt=0.09 dmap=+0/-0 shz=3.6 plan=14 cmd=(lx=+0.00,ly=+0.28,rx=+0.00)
t= 24.0 ENG-GO pos=(-3.14,+0.53) yaw=+135.6 d=2.97 goal_err=-13 carrot_err=  -1 c0=0.71 clear=0.48 prog=0.24 rel=0.85 bal=-0.14 obs=421 hard=394 obsc=458 yr= 19  nz=0.15 flt=0.09 dmap=+0/-0 shz=3.6 plan=14 cmd=(lx=+0.00,ly=+0.28,rx=+0.00)
t= 24.1 ENG-GO pos=(-3.17,+0.53) yaw=+136.2 d=2.95 goal_err=-14 carrot_err=  -3 c0=0.68 clear=0.45 prog=0.27 rel=0.85 bal=-0.16 obs=422 hard=390 obsc=456 yr=  6  nz=0.15 flt=0.16 dmap=+2/-1 shz=3.6 plan=14 cmd=(lx=+0.00,ly=+0.28,rx=+0.00)
t= 24.2 ENG-GO pos=(-3.19,+0.54) yaw=+136.4 d=2.93 goal_err=-15 carrot_err=  -4 c0=0.66 clear=0.44 prog=0.28 rel=0.83 bal=-0.16 obs=422 hard=390 obsc=456 yr=  2  nz=0.17 flt=0.16 dmap=+0/-0 shz=3.6 plan=14 cmd=(lx=+0.00,ly=+0.28,rx=+0.00)
t= 24.3 ENG-GO pos=(-3.20,+0.55) yaw=+136.4 d=2.92 goal_err=-15 carrot_err=  -4 c0=0.64 clear=0.43 prog=0.29 rel=0.83 bal=-0.17 obs=419 hard=390 obsc=460 yr=  1  nz=0.17 flt=0.12 dmap=+1/-4 shz=3.6 plan=14 cmd=(lx=+0.00,ly=+0.28,rx=+0.00)
t= 24.4 ENG-GO pos=(-3.21,+0.57) yaw=+136.4 d=2.90 goal_err=-15 carrot_err=  -3 c0=0.63 clear=0.42 prog=0.30 rel=0.82 bal=-0.16 obs=419 hard=390 obsc=460 yr=  1  nz=0.18 flt=0.12 dmap=+0/-0 shz=3.6 plan=14 cmd=(lx=+0.00,ly=+0.28,rx=+0.00)
t= 24.5 ENG-GO pos=(-3.22,+0.59) yaw=+136.2 d=2.88 goal_err=-15 carrot_err=  -3 c0=0.62 clear=0.41 prog=0.30 rel=0.82 bal=-0.16 obs=419 hard=390 obsc=460 yr=  2  nz=0.18 flt=0.12 dmap=+0/-0 shz=3.6 plan=14 cmd=(lx=+0.00,ly=+0.28,rx=+0.00)
[VIS] perc_n=0 age=- free_c=1.0 vismap=0/0 color=- carpet=- cnear=- crmin=- door=- dets=[-]
t= 24.6 ENG-GO pos=(-3.23,+0.60) yaw=+135.9 d=2.86 goal_err=-14 carrot_err=  -2 c0=1.05 clear=0.70 prog=0.31 rel=0.82 bal=-0.15 obs=425 hard=389 obsc=460 yr=  3  nz=0.18 flt=0.08 dmap=+7/-1 shz=3.5 plan=15 cmd=(lx=+0.00,ly=+0.28,rx=+0.00)
t= 24.7 ENG-GO pos=(-3.23,+0.62) yaw=+135.5 d=2.84 goal_err=-14 carrot_err=  -1 c0=1.04 clear=0.69 prog=0.31 rel=0.68 bal=-0.14 obs=425 hard=389 obsc=460 yr=  4  nz=0.32 flt=0.08 dmap=+0/-0 shz=3.5 plan=15 cmd=(lx=+0.00,ly=+0.28,rx=+0.00)
t= 24.8 ENG-GO pos=(-3.24,+0.64) yaw=+135.1 d=2.82 goal_err=-13 carrot_err=  +0 c0=1.02 clear=0.68 prog=0.31 rel=0.68 bal=-0.13 obs=426 hard=395 obsc=464 yr=  4  nz=0.32 flt=0.10 dmap=+6/-5 shz=3.6 plan=15 cmd=(lx=+0.00,ly=+0.28,rx=+0.00)
t= 24.9 ENG-GO pos=(-3.25,+0.66) yaw=+134.9 d=2.80 goal_err=-13 carrot_err=  +1 c0=1.00 clear=0.67 prog=0.31 rel=0.66 bal=-0.12 obs=426 hard=395 obsc=464 yr=  2  nz=0.34 flt=0.10 dmap=+0/-0 shz=3.6 plan=15 cmd=(lx=+0.00,ly=+0.28,rx=+0.00)
t= 25.0 ENG-GO pos=(-3.26,+0.67) yaw=+134.8 d=2.79 goal_err=-13 carrot_err=  +1 c0=0.99 clear=0.66 prog=0.31 rel=0.66 bal=-0.12 obs=426 hard=395 obsc=464 yr=  1  nz=0.34 flt=0.10 dmap=+0/-0 shz=3.6 plan=15 cmd=(lx=+0.00,ly=+0.28,rx=+0.00)
t= 25.1 ENG-GO pos=(-3.27,+0.68) yaw=+135.0 d=2.77 goal_err=-13 carrot_err=  +1 c0=1.06 clear=0.70 prog=0.33 rel=0.66 bal=-0.12 obs=428 hard=395 obsc=467 yr=  1  nz=0.34 flt=0.08 dmap=+6/-4 shz=3.5 plan=15 cmd=(lx=+0.00,ly=+0.28,rx=+0.00)
t= 25.2 ENG-GO pos=(-3.29,+0.69) yaw=+135.2 d=2.76 goal_err=-14 carrot_err=  -0 c0=1.04 clear=0.69 prog=0.35 rel=0.70 bal=-0.13 obs=428 hard=395 obsc=467 yr=  2  nz=0.30 flt=0.08 dmap=+0/-0 shz=3.5 plan=15 cmd=(lx=+0.00,ly=+0.28,rx=+0.00)
t= 25.3 ENG-GO pos=(-3.31,+0.69) yaw=+135.5 d=2.74 goal_err=-14 carrot_err=  -1 c0=1.02 clear=0.68 prog=0.38 rel=0.70 bal=-0.14 obs=429 hard=395 obsc=468 yr=  3  nz=0.30 flt=0.05 dmap=+4/-3 shz=3.6 plan=15 cmd=(lx=+0.00,ly=+0.28,rx=+0.00)
t= 25.4 ENG-GO pos=(-3.33,+0.70) yaw=+135.8 d=2.73 goal_err=-15 carrot_err=  -2 c0=1.00 clear=0.67 prog=0.41 rel=0.71 bal=-0.15 obs=430 hard=396 obsc=468 yr=  3  nz=0.29 flt=0.05 dmap=+1/-0 shz=3.6 plan=15 cmd=(lx=+0.00,ly=+0.28,rx=+0.00)
t= 25.5 ENG-GO pos=(-3.35,+0.70) yaw=+136.2 d=2.71 goal_err=-16 carrot_err=  -3 c0=0.98 clear=0.66 prog=0.44 rel=0.71 bal=-0.16 obs=432 hard=397 obsc=470 yr=  4  nz=0.29 flt=0.14 dmap=+4/-2 shz=3.6 plan=15 cmd=(lx=+0.00,ly=+0.28,rx=+0.00)
[VIS] perc_n=0 age=- free_c=1.0 vismap=0/0 color=- carpet=- cnear=- crmin=- door=- dets=[-]
t= 25.6 ENG-GO pos=(-3.37,+0.71) yaw=+136.4 d=2.70 goal_err=-16 carrot_err=  -4 c0=0.96 clear=0.64 prog=0.48 rel=0.72 bal=-0.16 obs=432 hard=397 obsc=470 yr=  2  nz=0.28 flt=0.14 dmap=+0/-0 shz=3.6 plan=15 cmd=(lx=+0.00,ly=+0.28,rx=+0.00)
t= 25.7 ENG-GO pos=(-3.38,+0.72) yaw=+136.5 d=2.68 goal_err=-16 carrot_err=  -4 c0=0.95 clear=0.63 prog=0.51 rel=0.72 bal=-0.15 obs=432 hard=397 obsc=470 yr=  1  nz=0.28 flt=0.14 dmap=+0/-0 shz=3.6 plan=15 cmd=(lx=+0.00,ly=+0.28,rx=+0.00)
t= 25.8 ENG-GO pos=(-3.39,+0.74) yaw=+136.4 d=2.66 goal_err=-16 carrot_err=  -4 c0=0.93 clear=0.62 prog=0.54 rel=0.72 bal=-0.14 obs=432 hard=400 obsc=476 yr=  1  nz=0.28 flt=0.07 dmap=+4/-4 shz=3.6 plan=15 cmd=(lx=+0.00,ly=+0.28,rx=+0.00)
t= 25.9 ENG-GO pos=(-3.40,+0.76) yaw=+136.2 d=2.64 goal_err=-16 carrot_err=  -3 c0=0.91 clear=0.61 prog=0.57 rel=0.90 bal=-0.13 obs=432 hard=400 obsc=476 yr=  2  nz=0.10 flt=0.07 dmap=+0/-0 shz=3.6 plan=15 cmd=(lx=+0.00,ly=+0.28,rx=+0.00)
t= 26.0 ENG-GO pos=(-3.41,+0.78) yaw=+135.8 d=2.62 goal_err=-16 carrot_err=  -2 c0=0.90 clear=0.60 prog=0.56 rel=0.90 bal=+0.01 obs=430 hard=394 obsc=472 yr=  3  nz=0.10 flt=0.10 dmap=+3/-5 shz=3.8 plan=15 cmd=(lx=+0.00,ly=+0.28,rx=+0.00)
t= 26.1 ENG-GO pos=(-3.41,+0.80) yaw=+135.4 d=2.60 goal_err=-15 carrot_err=  -1 c0=0.89 clear=0.59 prog=0.57 rel=0.89 bal=+0.02 obs=430 hard=394 obsc=472 yr=  4  nz=0.11 flt=0.10 dmap=+0/-0 shz=3.8 plan=12 cmd=(lx=+0.00,ly=+0.28,rx=+0.00)
t= 26.2 ENG-GO pos=(-3.42,+0.82) yaw=+135.1 d=2.58 goal_err=-15 carrot_err=  +0 c0=0.87 clear=0.58 prog=0.58 rel=0.89 bal=+0.04 obs=431 hard=395 obsc=473 yr=  3  nz=0.11 flt=0.10 dmap=+1/-0 shz=3.8 plan=12 cmd=(lx=+0.00,ly=+0.28,rx=+0.00)
t= 26.3 ENG-GO pos=(-3.42,+0.84) yaw=+134.8 d=2.56 goal_err=-14 carrot_err=  +1 c0=1.04 clear=0.69 prog=0.57 rel=0.89 bal=+0.05 obs=430 hard=396 obsc=470 yr=  3  nz=0.11 flt=0.14 dmap=+3/-4 shz=3.7 plan=12 cmd=(lx=+0.00,ly=+0.28,rx=+0.00)
t= 26.4 ENG-GO pos=(-3.44,+0.85) yaw=+134.8 d=2.54 goal_err=-14 carrot_err=  +1 c0=1.02 clear=0.68 prog=0.58 rel=0.88 bal=+0.06 obs=430 hard=396 obsc=470 yr=  1  nz=0.12 flt=0.14 dmap=+0/-0 shz=3.7 plan=12 cmd=(lx=+0.00,ly=+0.28,rx=+0.00)
t= 26.5 ENG-GO pos=(-3.45,+0.86) yaw=+134.8 d=2.53 goal_err=-14 carrot_err=  +1 c0=0.82 clear=0.55 prog=0.58 rel=0.88 bal=+0.06 obs=431 hard=397 obsc=474 yr=  1  nz=0.12 flt=0.05 dmap=+7/-6 shz=3.8 plan=12 cmd=(lx=+0.00,ly=+0.28,rx=+0.00)
[VIS] perc_n=0 age=- free_c=1.0 vismap=0/0 color=- carpet=- cnear=- crmin=- door=- dets=[-]
t= 26.6 ENG-GO pos=(-3.47,+0.87) yaw=+135.1 d=2.51 goal_err=-15 carrot_err=  +0 c0=0.80 clear=0.54 prog=0.57 rel=0.84 bal=+0.06 obs=431 hard=397 obsc=474 yr=  3  nz=0.16 flt=0.05 dmap=+0/-0 shz=3.8 plan=12 cmd=(lx=+0.00,ly=+0.28,rx=+0.00)
t= 26.7 ENG-GO pos=(-3.49,+0.88) yaw=+135.5 d=2.50 goal_err=-16 carrot_err=  -1 c0=0.78 clear=0.52 prog=0.56 rel=0.84 bal=+0.12 obs=431 hard=397 obsc=474 yr=  3  nz=0.16 flt=0.05 dmap=+0/-0 shz=3.8 plan=12 cmd=(lx=+0.00,ly=+0.28,rx=+0.00)
t= 26.8 ENG-GO pos=(-3.51,+0.88) yaw=+135.9 d=2.48 goal_err=-16 carrot_err=  -2 c0=0.76 clear=0.51 prog=0.56 rel=0.84 bal=+0.11 obs=429 hard=393 obsc=467 yr=  4  nz=0.16 flt=0.14 dmap=+0/-2 shz=3.7 plan=12 cmd=(lx=+0.00,ly=+0.28,rx=+0.00)
t= 26.9 ENG-GO pos=(-3.52,+0.88) yaw=+136.2 d=2.47 goal_err=-17 carrot_err=  -3 c0=0.75 clear=0.50 prog=0.54 rel=0.81 bal=+0.10 obs=429 hard=393 obsc=467 yr=  3  nz=0.18 flt=0.14 dmap=+0/-0 shz=3.7 plan=12 cmd=(lx=+0.00,ly=+0.28,rx=+0.00)
t= 27.0 ENG-GO pos=(-3.54,+0.89) yaw=+136.4 d=2.46 goal_err=-17 carrot_err=  -3 c0=0.73 clear=0.49 prog=0.54 rel=0.81 bal=+0.09 obs=428 hard=392 obsc=467 yr=  2  nz=0.18 flt=0.14 dmap=+1/-2 shz=3.8 plan=12 cmd=(lx=+0.00,ly=+0.28,rx=+0.00)
t= 27.1 ENG-GO pos=(-3.55,+0.91) yaw=+136.5 d=2.44 goal_err=-18 carrot_err=  -4 c0=0.71 clear=0.47 prog=0.55 rel=0.81 bal=+0.08 obs=428 hard=392 obsc=467 yr=  0  nz=0.19 flt=0.14 dmap=+0/-0 shz=3.8 plan=12 cmd=(lx=+0.00,ly=+0.28,rx=+0.00)
t= 27.2 ENG-GO pos=(-3.57,+0.92) yaw=+136.3 d=2.42 goal_err=-18 carrot_err=  -3 c0=0.69 clear=0.46 prog=0.56 rel=0.81 bal=+0.08 obs=428 hard=392 obsc=467 yr=  1  nz=0.19 flt=0.14 dmap=+0/-0 shz=3.8 plan=12 cmd=(lx=+0.00,ly=+0.28,rx=+0.00)
t= 27.4 ENG-GO pos=(-3.57,+0.94) yaw=+136.0 d=2.40 goal_err=-17 carrot_err=  -3 c0=0.68 clear=0.45 prog=0.57 rel=0.81 bal=+0.09 obs=427 hard=393 obsc=468 yr=  3  nz=0.19 flt=0.06 dmap=+3/-4 shz=3.7 plan=12 cmd=(lx=+0.00,ly=+0.28,rx=+0.00)
t= 27.5 ENG-GO pos=(-3.58,+0.96) yaw=+135.7 d=2.37 goal_err=-17 carrot_err=  -1 c0=0.66 clear=0.44 prog=0.58 rel=0.79 bal=+0.10 obs=427 hard=393 obsc=468 yr=  4  nz=0.21 flt=0.06 dmap=+0/-0 shz=3.7 plan=12 cmd=(lx=+0.00,ly=+0.28,rx=+0.00)
t= 27.6 ENG-GO pos=(-3.58,+0.98) yaw=+135.3 d=2.35 goal_err=-16 carrot_err=  -0 c0=0.92 clear=0.61 prog=0.59 rel=0.79 bal=-0.11 obs=426 hard=393 obsc=466 yr=  4  nz=0.21 flt=0.08 dmap=+3/-4 shz=3.8 plan=12 cmd=(lx=+0.00,ly=+0.28,rx=+0.00)
[VIS] perc_n=0 age=- free_c=1.0 vismap=0/0 color=- carpet=- cnear=- crmin=- door=- dets=[-]
t= 27.7 ENG-GO pos=(-3.59,+1.00) yaw=+134.9 d=2.34 goal_err=-16 carrot_err=  +1 c0=0.90 clear=0.60 prog=0.59 rel=0.78 bal=-0.10 obs=426 hard=393 obsc=466 yr=  3  nz=0.22 flt=0.08 dmap=+0/-0 shz=3.8 plan=11 cmd=(lx=+0.00,ly=+0.28,rx=+0.00)
t= 27.8 ENG-GO pos=(-3.60,+1.02) yaw=+134.7 d=2.32 goal_err=-16 carrot_err=  +1 c0=0.88 clear=0.59 prog=0.59 rel=0.78 bal=-0.09 obs=424 hard=393 obsc=465 yr=  2  nz=0.22 flt=0.07 dmap=+2/-4 shz=3.8 plan=11 cmd=(lx=+0.00,ly=+0.28,rx=+0.00)
t= 27.9 ENG-GO pos=(-3.61,+1.03) yaw=+134.7 d=2.30 goal_err=-16 carrot_err=  +1 c0=0.86 clear=0.58 prog=0.58 rel=0.79 bal=-0.08 obs=424 hard=393 obsc=465 yr=  0  nz=0.21 flt=0.07 dmap=+0/-0 shz=3.8 plan=11 cmd=(lx=+0.00,ly=+0.28,rx=+0.00)
t= 28.0 ENG-GO pos=(-3.63,+1.04) yaw=+134.8 d=2.28 goal_err=-16 carrot_err=  +1 c0=0.85 clear=0.56 prog=0.58 rel=0.79 bal=-0.08 obs=424 hard=393 obsc=465 yr=  1  nz=0.21 flt=0.07 dmap=+0/-0 shz=3.8 plan=11 cmd=(lx=+0.00,ly=+0.28,rx=+0.00)
t= 28.1 ENG-GO pos=(-3.65,+1.05) yaw=+135.1 d=2.27 goal_err=-17 carrot_err=  -0 c0=0.83 clear=0.56 prog=0.57 rel=0.79 bal=-0.08 obs=425 hard=392 obsc=467 yr=  2  nz=0.21 flt=0.06 dmap=+5/-4 shz=3.7 plan=11 cmd=(lx=+0.00,ly=+0.28,rx=+0.00)
t= 28.2 ENG-GO pos=(-3.67,+1.05) yaw=+135.5 d=2.25 goal_err=-17 carrot_err=  -1 c0=0.81 clear=0.54 prog=0.56 rel=0.84 bal=-0.09 obs=426 hard=393 obsc=467 yr=  4  nz=0.16 flt=0.06 dmap=+1/-0 shz=3.7 plan=11 cmd=(lx=+0.00,ly=+0.28,rx=+0.00)
t= 28.3 ENG-GO pos=(-3.69,+1.06) yaw=+135.9 d=2.24 goal_err=-18 carrot_err=  -3 c0=0.79 clear=0.53 prog=0.55 rel=0.84 bal=-0.10 obs=426 hard=390 obsc=467 yr=  4  nz=0.16 flt=0.08 dmap=+5/-5 shz=3.8 plan=11 cmd=(lx=+0.00,ly=+0.28,rx=+0.00)
t= 28.4 ENG-GO pos=(-3.71,+1.06) yaw=+136.2 d=2.23 goal_err=-19 carrot_err=  -4 c0=0.77 clear=0.51 prog=0.54 rel=0.85 bal=+0.01 obs=426 hard=390 obsc=467 yr=  3  nz=0.15 flt=0.08 dmap=+0/-0 shz=3.8 plan=11 cmd=(lx=+0.00,ly=+0.28,rx=+0.00)
t= 28.5 ENG-GO pos=(-3.72,+1.07) yaw=+136.4 d=2.21 goal_err=-19 carrot_err=  -4 c0=0.75 clear=0.50 prog=0.54 rel=0.85 bal=+0.00 obs=426 hard=390 obsc=467 yr=  2  nz=0.15 flt=0.08 dmap=+0/-0 shz=3.8 plan=11 cmd=(lx=+0.00,ly=+0.28,rx=+0.00)
t= 28.6 ENG-GO pos=(-3.74,+1.08) yaw=+136.4 d=2.20 goal_err=-20 carrot_err=  -4 c0=0.74 clear=0.49 prog=0.54 rel=0.85 bal=-0.05 obs=425 hard=392 obsc=466 yr=  1  nz=0.15 flt=0.08 dmap=+3/-4 shz=3.7 plan=11 cmd=(lx=+0.00,ly=+0.28,rx=+0.00)
[VIS] perc_n=0 age=- free_c=1.0 vismap=0/0 color=- carpet=- cnear=- crmin=- door=- dets=[-]
t= 28.7 ENG-GO pos=(-3.75,+1.09) yaw=+136.3 d=2.18 goal_err=-20 carrot_err=  -4 c0=0.72 clear=0.48 prog=0.54 rel=0.84 bal=-0.05 obs=425 hard=392 obsc=466 yr=  1  nz=0.16 flt=0.08 dmap=+0/-0 shz=3.7 plan=11 cmd=(lx=+0.00,ly=+0.28,rx=+0.00)
t= 28.8 ENG-GO pos=(-3.75,+1.11) yaw=+136.0 d=2.16 goal_err=-19 carrot_err=  -3 c0=0.71 clear=0.47 prog=0.55 rel=0.84 bal=-0.04 obs=423 hard=388 obsc=465 yr=  3  nz=0.16 flt=0.07 dmap=+2/-4 shz=3.8 plan=11 cmd=(lx=+0.00,ly=+0.28,rx=+0.00)
t= 28.9 ENG-GO pos=(-3.76,+1.13) yaw=+135.7 d=2.14 goal_err=-19 carrot_err=  -2 c0=0.69 clear=0.46 prog=0.56 rel=0.84 bal=-0.10 obs=423 hard=388 obsc=465 yr=  4  nz=0.16 flt=0.07 dmap=+0/-0 shz=3.8 plan=11 cmd=(lx=+0.00,ly=+0.28,rx=+0.00)
t= 29.0 ENG-GO pos=(-3.76,+1.15) yaw=+135.3 d=2.12 goal_err=-18 carrot_err=  -1 c0=0.68 clear=0.46 prog=0.57 rel=0.84 bal=-0.09 obs=423 hard=388 obsc=465 yr=  4  nz=0.16 flt=0.07 dmap=+0/-0 shz=3.8 plan=11 cmd=(lx=+0.00,ly=+0.28,rx=+0.00)
t= 29.1 ENG-GO pos=(-3.79,+1.19) yaw=+135.0 d=2.08 goal_err=-18 carrot_err=  +0 c0=0.91 clear=0.61 prog=0.61 rel=0.84 bal=+0.00 obs=419 hard=388 obsc=461 yr=  3  nz=0.16 flt=0.11 dmap=+0/-4 shz=3.7 plan=11 cmd=(lx=+0.00,ly=+0.28,rx=+0.00)
t= 29.2 ENG-GO pos=(-3.79,+1.20) yaw=+134.7 d=2.06 goal_err=-18 carrot_err=  +1 c0=0.90 clear=0.60 prog=0.61 rel=0.86 bal=+0.01 obs=419 hard=388 obsc=461 yr=  2  nz=0.14 flt=0.11 dmap=+0/-0 shz=3.7 plan=10 cmd=(lx=+0.00,ly=+0.28,rx=+0.00)
t= 29.3 ENG-GO pos=(-3.81,+1.22) yaw=+134.7 d=2.04 goal_err=-18 carrot_err=  +1 c0=0.88 clear=0.59 prog=0.61 rel=0.86 bal=+0.01 obs=422 hard=392 obsc=460 yr=  1  nz=0.14 flt=0.06 dmap=+5/-2 shz=3.8 plan=10 cmd=(lx=+0.00,ly=+0.28,rx=+0.00)
t= 29.4 ENG-GO pos=(-3.82,+1.23) yaw=+134.8 d=2.03 goal_err=-18 carrot_err=  +1 c0=0.86 clear=0.57 prog=0.60 rel=0.86 bal=+0.00 obs=422 hard=392 obsc=460 yr=  1  nz=0.14 flt=0.06 dmap=+0/-0 shz=3.8 plan=10 cmd=(lx=+0.00,ly=+0.28,rx=+0.00)
t= 29.5 ENG-GO pos=(-3.84,+1.24) yaw=+135.0 d=2.01 goal_err=-19 carrot_err=  -0 c0=0.84 clear=0.56 prog=0.59 rel=0.86 bal=-0.00 obs=422 hard=392 obsc=460 yr=  3  nz=0.14 flt=0.06 dmap=+0/-0 shz=3.8 plan=10 cmd=(lx=+0.00,ly=+0.28,rx=+0.00)
t= 29.6 ENG-GO pos=(-3.86,+1.24) yaw=+135.4 d=2.00 goal_err=-20 carrot_err=  -1 c0=0.82 clear=0.55 prog=0.58 rel=0.86 bal=-0.01 obs=419 hard=389 obsc=460 yr=  3  nz=0.14 flt=0.05 dmap=+0/-3 shz=3.8 plan=10 cmd=(lx=+0.00,ly=+0.28,rx=+0.00)
[VIS] perc_n=0 age=- free_c=1.0 vismap=0/0 color=- carpet=- cnear=- crmin=- door=- dets=[-]
t= 29.7 ENG-GO pos=(-3.88,+1.24) yaw=+135.8 d=1.99 goal_err=-20 carrot_err=  -3 c0=0.80 clear=0.54 prog=0.57 rel=0.86 bal=-0.03 obs=419 hard=389 obsc=460 yr=  4  nz=0.14 flt=0.05 dmap=+0/-0 shz=3.8 plan=10 cmd=(lx=+0.00,ly=+0.28,rx=+0.00)
t= 29.8 ENG-GO pos=(-3.90,+1.25) yaw=+136.1 d=1.97 goal_err=-21 carrot_err=  -4 c0=0.78 clear=0.52 prog=0.57 rel=0.86 bal=-0.04 obs=416 hard=386 obsc=457 yr=  4  nz=0.14 flt=0.16 dmap=+2/-5 shz=3.8 plan=10 cmd=(lx=+0.00,ly=+0.28,rx=+0.00)
t= 29.9 ENG-GO pos=(-3.92,+1.26) yaw=+136.4 d=1.95 goal_err=-22 carrot_err=  -5 c0=0.76 clear=0.51 prog=0.57 rel=0.86 bal=-0.04 obs=416 hard=386 obsc=457 yr=  2  nz=0.13 flt=0.16 dmap=+0/-0 shz=3.8 plan=10 cmd=(lx=+0.00,ly=+0.28,rx=+0.00)
t= 30.0 ENG-GO pos=(-3.94,+1.27) yaw=+136.4 d=1.94 goal_err=-22 carrot_err= -20 c0=0.74 clear=0.49 prog=0.57 rel=0.86 bal=-0.05 obs=416 hard=386 obsc=457 yr=  0  nz=0.13 flt=0.16 dmap=+0/-0 shz=3.8 plan=10 cmd=(lx=+0.00,ly=+0.28,rx=+0.00)
t= 30.1 ENG-GO pos=(-3.95,+1.29) yaw=+136.3 d=1.92 goal_err=-22 carrot_err= -20 c0=0.72 clear=0.48 prog=0.57 rel=0.86 bal=-0.05 obs=412 hard=386 obsc=456 yr=  1  nz=0.13 flt=0.16 dmap=+1/-5 shz=3.8 plan=10 cmd=(lx=+0.00,ly=+0.28,rx=+0.00)
t= 30.2 ENG-GO pos=(-3.95,+1.31) yaw=+136.0 d=1.90 goal_err=-22 carrot_err= -19 c0=0.71 clear=0.47 prog=0.58 rel=0.85 bal=-0.04 obs=412 hard=386 obsc=456 yr=  3  nz=0.14 flt=0.16 dmap=+0/-0 shz=3.8 plan=10 cmd=(lx=+0.00,ly=+0.28,rx=+0.00)
t= 30.3 ENG-GO pos=(-3.96,+1.32) yaw=+135.7 d=1.88 goal_err=-22 carrot_err= -19 c0=0.70 clear=0.47 prog=0.59 rel=0.85 bal=-0.03 obs=417 hard=387 obsc=459 yr=  3  nz=0.14 flt=0.08 dmap=+6/-1 shz=3.8 plan=10 cmd=(lx=+0.00,ly=+0.28,rx=+0.00)
t= 30.4 ENG-GO pos=(-3.96,+1.34) yaw=+135.4 d=1.86 goal_err=-21 carrot_err= -18 c0=0.69 clear=0.46 prog=0.60 rel=0.85 bal=-0.03 obs=417 hard=387 obsc=459 yr=  4  nz=0.14 flt=0.08 dmap=+0/-0 shz=3.8 plan=10 cmd=(lx=+0.00,ly=+0.28,rx=+0.00)
t= 30.5 ENG-GO pos=(-3.97,+1.36) yaw=+135.0 d=1.84 goal_err=-21 carrot_err= -18 c0=0.67 clear=0.45 prog=0.61 rel=0.85 bal=-0.03 obs=426 hard=393 obsc=466 yr=  3  nz=0.14 flt=0.31 dmap=+13/-4 shz=3.8 plan=10 cmd=(lx=+0.00,ly=+0.28,rx=+0.00)
t= 30.6 ENG-GO pos=(-3.98,+1.38) yaw=+134.8 d=1.82 goal_err=-21 carrot_err= -18 c0=0.92 clear=0.61 prog=0.61 rel=0.69 bal=-0.03 obs=427 hard=394 obsc=467 yr=  2  nz=0.25 flt=0.31 dmap=+1/-0 shz=3.8 plan=10 cmd=(lx=+0.00,ly=+0.28,rx=+0.00)
[VIS] perc_n=0 age=- free_c=1.0 vismap=0/0 color=- carpet=- cnear=- crmin=- door=- dets=[-]
t= 30.7 ENG-GO pos=(-3.99,+1.39) yaw=+134.8 d=1.81 goal_err=-21 carrot_err= -18 c0=0.90 clear=0.60 prog=0.61 rel=0.69 bal=-0.03 obs=427 hard=394 obsc=467 yr=  0  nz=0.25 flt=0.31 dmap=+0/-0 shz=3.8 plan=9 cmd=(lx=+0.00,ly=+0.28,rx=+0.00)
t= 30.8 ENG-GO pos=(-4.01,+1.40) yaw=+134.9 d=1.79 goal_err=-21 carrot_err= -19 c0=1.07 clear=0.71 prog=0.60 rel=0.69 bal=-0.04 obs=444 hard=410 obsc=490 yr=  1  nz=0.25 flt=0.27 dmap=+20/-3 shz=3.8 plan=9 cmd=(lx=+0.00,ly=+0.28,rx=+0.00)
t= 30.9 ENG-GO pos=(-4.03,+1.41) yaw=+135.2 d=1.78 goal_err=-22 carrot_err= -20 c0=1.05 clear=0.70 prog=0.59 rel=0.59 bal=-0.05 obs=444 hard=410 obsc=490 yr=  3  nz=0.34 flt=0.27 dmap=+0/-0 shz=3.8 plan=9 cmd=(lx=+0.00,ly=+0.28,rx=+0.00)
t= 31.0 ENG-GO pos=(-4.05,+1.41) yaw=+135.6 d=1.76 goal_err=-23 carrot_err= -21 c0=0.95 clear=0.64 prog=0.54 rel=0.59 bal=-0.07 obs=459 hard=414 obsc=502 yr=  4  nz=0.34 flt=0.19 dmap=+17/-2 shz=3.8 plan=9 cmd=(lx=+0.00,ly=+0.28,rx=+0.00)
t= 31.1 ENG-GO pos=(-4.07,+1.42) yaw=+135.9 d=1.75 goal_err=-24 carrot_err= -23 c0=0.93 clear=0.62 prog=0.53 rel=0.59 bal=-0.09 obs=459 hard=414 obsc=502 yr=  3  nz=0.35 flt=0.19 dmap=+0/-0 shz=3.8 plan=9 cmd=(lx=+0.00,ly=+0.28,rx=+0.00)
t= 31.2 ENG-GO pos=(-4.09,+1.42) yaw=+136.3 d=1.74 goal_err=-25 carrot_err= -24 c0=0.54 clear=0.36 prog=0.52 rel=0.59 bal=-0.10 obs=459 hard=415 obsc=502 yr=  4  nz=0.35 flt=0.19 dmap=+0/-0 shz=3.8 plan=9 cmd=(lx=+0.00,ly=+0.28,rx=+0.00)
t= 31.3 ENG-GO pos=(-4.10,+1.43) yaw=+136.5 d=1.73 goal_err=-25 carrot_err= -25 c0=0.52 clear=0.35 prog=0.52 rel=0.59 bal=-0.18 obs=457 hard=408 obsc=500 yr=  2  nz=0.35 flt=0.16 dmap=+2/-4 shz=3.8 plan=9 cmd=(lx=+0.00,ly=+0.28,rx=+0.00)
t= 31.4 ENG-GO pos=(-4.12,+1.45) yaw=+136.6 d=1.71 goal_err=-26 carrot_err= -26 c0=0.88 clear=0.59 prog=0.52 rel=0.57 bal=-0.19 obs=457 hard=408 obsc=500 yr=  1  nz=0.42 flt=0.16 dmap=+0/-0 shz=3.8 plan=9 cmd=(lx=+0.00,ly=+0.28,rx=+0.00)
t= 31.5 ENG-GO pos=(-4.13,+1.46) yaw=+136.4 d=1.69 goal_err=-26 carrot_err= -26 c0=0.86 clear=0.57 prog=0.53 rel=0.57 bal=-0.18 obs=459 hard=407 obsc=501 yr=  1  nz=0.42 flt=0.04 dmap=+5/-3 shz=3.8 plan=9 cmd=(lx=+0.00,ly=+0.28,rx=+0.00)
t= 31.6 ENG-GO pos=(-4.13,+1.48) yaw=+136.2 d=1.67 goal_err=-25 carrot_err= -19 c0=0.85 clear=0.56 prog=0.54 rel=0.59 bal=-0.17 obs=459 hard=408 obsc=501 yr=  2  nz=0.41 flt=0.04 dmap=+0/-0 shz=3.8 plan=9 cmd=(lx=+0.00,ly=+0.28,rx=+0.00)
[VIS] perc_n=0 age=- free_c=1.0 vismap=0/0 color=- carpet=- cnear=- crmin=- door=- dets=[-]
t= 31.7 ENG-GO pos=(-4.14,+1.50) yaw=+135.8 d=1.65 goal_err=-25 carrot_err= -19 c0=0.83 clear=0.55 prog=0.56 rel=0.59 bal=-0.16 obs=459 hard=408 obsc=501 yr=  4  nz=0.41 flt=0.04 dmap=+0/-0 shz=3.8 plan=9 cmd=(lx=+0.00,ly=+0.28,rx=+0.00)
t= 31.8 ENG-GO pos=(-4.14,+1.52) yaw=+135.4 d=1.63 goal_err=-24 carrot_err= -18 c0=0.81 clear=0.54 prog=0.56 rel=0.59 bal=-0.15 obs=452 hard=410 obsc=497 yr=  4  nz=0.41 flt=0.09 dmap=+1/-8 shz=3.8 plan=9 cmd=(lx=+0.00,ly=+0.28,rx=+0.00)
t= 32.0 ENG-GO pos=(-4.15,+1.54) yaw=+135.1 d=1.61 goal_err=-24 carrot_err= -17 c0=0.80 clear=0.53 prog=0.56 rel=0.57 bal=-0.13 obs=452 hard=410 obsc=497 yr=  3  nz=0.42 flt=0.09 dmap=+0/-0 shz=3.8 plan=9 cmd=(lx=+0.00,ly=+0.28,rx=+0.00)
t= 32.1 ENG-GO pos=(-4.16,+1.56) yaw=+134.9 d=1.59 goal_err=-24 carrot_err= -17 c0=0.78 clear=0.52 prog=0.57 rel=0.57 bal=-0.12 obs=446 hard=411 obsc=495 yr=  2  nz=0.42 flt=0.15 dmap=+5/-11 shz=3.8 plan=9 cmd=(lx=+0.00,ly=+0.28,rx=+0.00)
t= 32.2 ENG-GO pos=(-4.17,+1.57) yaw=+134.8 d=1.57 goal_err=-24 carrot_err= -17 c0=0.76 clear=0.51 prog=0.57 rel=0.60 bal=-0.12 obs=446 hard=411 obsc=495 yr=  0  nz=0.40 flt=0.15 dmap=+0/-0 shz=3.8 plan=9 cmd=(lx=+0.00,ly=+0.28,rx=+0.00)
t= 32.3 ENG-GO pos=(-4.19,+1.58) yaw=+135.0 d=1.56 goal_err=-24 carrot_err= -18 c0=0.74 clear=0.49 prog=0.56 rel=0.60 bal=-0.00 obs=448 hard=413 obsc=497 yr=  2  nz=0.40 flt=0.15 dmap=+2/-0 shz=3.8 plan=8 cmd=(lx=+0.00,ly=+0.28,rx=+0.00)
t= 32.4 ENG-GO pos=(-4.20,+1.59) yaw=+135.3 d=1.54 goal_err=-25 carrot_err= -19 c0=1.08 clear=0.72 prog=0.55 rel=0.60 bal=-0.01 obs=433 hard=412 obsc=488 yr=  3  nz=0.40 flt=0.10 dmap=+2/-17 shz=3.8 plan=8 cmd=(lx=+0.00,ly=+0.28,rx=+0.00)
t= 32.5 ENG-GO pos=(-4.22,+1.59) yaw=+135.6 d=1.53 goal_err=-26 carrot_err= -21 c0=1.06 clear=0.70 prog=0.53 rel=0.62 bal=-0.03 obs=433 hard=412 obsc=488 yr=  3  nz=0.38 flt=0.10 dmap=+0/-0 shz=3.8 plan=8 cmd=(lx=+0.00,ly=+0.28,rx=+0.00)
t= 32.6 ENG-GO pos=(-4.25,+1.60) yaw=+136.0 d=1.52 goal_err=-27 carrot_err= -22 c0=0.96 clear=0.64 prog=0.52 rel=0.62 bal=-0.04 obs=437 hard=409 obsc=479 yr=  4  nz=0.38 flt=0.10 dmap=+5/-1 shz=3.8 plan=8 cmd=(lx=+0.00,ly=+0.28,rx=+0.00)
t= 32.7 ENG-GO pos=(-4.26,+1.60) yaw=+136.4 d=1.51 goal_err=-28 carrot_err= -24 c0=0.95 clear=0.63 prog=0.51 rel=0.72 bal=-0.06 obs=437 hard=409 obsc=479 yr=  4  nz=0.28 flt=0.10 dmap=+0/-0 shz=3.8 plan=8 cmd=(lx=+0.00,ly=+0.28,rx=+0.00)
[VIS] perc_n=0 age=- free_c=1.0 vismap=0/0 color=- carpet=- cnear=- crmin=- door=- dets=[-]
t= 32.8 ENG-GO pos=(-4.28,+1.61) yaw=+136.6 d=1.50 goal_err=-29 carrot_err= -25 c0=0.93 clear=0.62 prog=0.51 rel=0.72 bal=-0.06 obs=443 hard=412 obsc=484 yr=  2  nz=0.28 flt=0.11 dmap=+7/-1 shz=3.8 plan=8 cmd=(lx=+0.00,ly=+0.28,rx=+0.00)
t= 32.9 ENG-GO pos=(-4.29,+1.62) yaw=+136.6 d=1.48 goal_err=-30 carrot_err= -25 c0=0.91 clear=0.61 prog=0.51 rel=0.72 bal=-0.06 obs=443 hard=412 obsc=484 yr=  0  nz=0.27 flt=0.11 dmap=+0/-0 shz=3.8 plan=8 cmd=(lx=+0.00,ly=+0.28,rx=+0.00)
t= 33.0 ENG-GO pos=(-4.30,+1.64) yaw=+136.5 d=1.46 goal_err=-30 carrot_err= -25 c0=0.89 clear=0.59 prog=0.52 rel=0.72 bal=-0.54 obs=443 hard=412 obsc=484 yr=  1  nz=0.27 flt=0.11 dmap=+0/-0 shz=3.8 plan=8 cmd=(lx=+0.00,ly=+0.28,rx=+0.00)
t= 33.1 ENG-GO pos=(-4.31,+1.66) yaw=+136.2 d=1.44 goal_err=-29 carrot_err= -25 c0=0.88 clear=0.58 prog=0.53 rel=0.72 bal=-0.46 obs=446 hard=414 obsc=486 yr=  3  nz=0.27 flt=0.05 dmap=+4/-1 shz=4.0 plan=8 cmd=(lx=+0.00,ly=+0.28,rx=+0.00)
t= 33.2 ENG-GO pos=(-4.32,+1.68) yaw=+135.8 d=1.42 goal_err=-29 carrot_err= -24 c0=0.86 clear=0.57 prog=0.55 rel=0.81 bal=-0.45 obs=446 hard=414 obsc=486 yr=  4  nz=0.18 flt=0.05 dmap=+0/-0 shz=4.0 plan=8 cmd=(lx=+0.00,ly=+0.28,rx=+0.00)
t= 33.3 ENG-GO pos=(-4.32,+1.70) yaw=+135.4 d=1.40 goal_err=-29 carrot_err= -28 c0=0.84 clear=0.56 prog=0.56 rel=0.81 bal=-0.26 obs=450 hard=420 obsc=492 yr=  4  nz=0.18 flt=0.07 dmap=+7/-3 shz=4.0 plan=8 cmd=(lx=+0.00,ly=+0.28,rx=+0.00)
t= 33.4 ENG-GO pos=(-4.33,+1.72) yaw=+135.1 d=1.38 goal_err=-28 carrot_err= -28 c0=0.82 clear=0.55 prog=0.56 rel=0.83 bal=-0.26 obs=450 hard=420 obsc=492 yr=  3  nz=0.17 flt=0.07 dmap=+0/-0 shz=4.0 plan=8 cmd=(lx=+0.00,ly=+0.28,rx=+0.00)
t= 33.5 ENG-GO pos=(-4.34,+1.73) yaw=+134.9 d=1.36 goal_err=-28 carrot_err= -28 c0=0.81 clear=0.54 prog=0.56 rel=0.83 bal=-0.25 obs=450 hard=420 obsc=492 yr=  2  nz=0.17 flt=0.07 dmap=+0/-0 shz=4.0 plan=8 cmd=(lx=+0.00,ly=+0.28,rx=+0.00)
t= 33.6 ENG-GO pos=(-4.36,+1.75) yaw=+134.9 d=1.34 goal_err=-29 carrot_err= -29 c0=0.79 clear=0.53 prog=0.56 rel=0.83 bal=-0.55 obs=458 hard=422 obsc=499 yr=  0  nz=0.17 flt=0.07 dmap=+9/-1 shz=4.0 plan=8 cmd=(lx=+0.00,ly=+0.28,rx=+0.00)
t= 33.7 ENG-GO pos=(-4.37,+1.76) yaw=+135.0 d=1.33 goal_err=-29 carrot_err= -30 c0=0.77 clear=0.51 prog=0.55 rel=0.82 bal=-0.56 obs=458 hard=422 obsc=499 yr=  1  nz=0.18 flt=0.07 dmap=+0/-0 shz=4.0 plan=8 cmd=(lx=+0.00,ly=+0.28,rx=+0.00)
[VIS] perc_n=0 age=- free_c=1.0 vismap=0/0 color=- carpet=- cnear=- crmin=- door=- dets=[-]
t= 33.8 ENG-GO pos=(-4.39,+1.77) yaw=+135.3 d=1.32 goal_err=-30 carrot_err= -31 c0=0.92 clear=0.61 prog=0.53 rel=0.82 bal=-0.57 obs=460 hard=421 obsc=500 yr=  3  nz=0.18 flt=0.03 dmap=+4/-2 shz=4.0 plan=7 cmd=(lx=+0.00,ly=+0.28,rx=+0.00)
t= 33.9 DWA-F pos=(-4.42,+1.78) yaw=+135.7 d=1.30 goal_err=-32 carrot_err= -33 c0=0.88 clear=0.59 prog=0.54 rel=0.83 bal=-0.59 obs=460 hard=421 obsc=500 yr=  4  nz=0.17 flt=0.03 dmap=+0/-0 shz=4.0 plan=7 cmd=(lx=+0.00,ly=+0.40,rx=+0.45)
DOOR-GUARD techo de zona-vano t=34s pos=(-4.42,+1.78)
t= 34.0 DWA-F pos=(-4.44,+1.79) yaw=+134.5 d=1.29 goal_err=-32 carrot_err= -34 c0=0.86 clear=0.57 prog=0.52 rel=0.83 bal=-0.61 obs=460 hard=421 obsc=500 yr= 12G nz=0.17 flt=0.03 dmap=+0/-0 shz=4.0 plan=7 cmd=(lx=+0.00,ly=+0.40,rx=+0.45)
t= 34.1 DWA-F pos=(-4.46,+1.80) yaw=+131.6 d=1.27 goal_err=-29 carrot_err= -32 c0=0.84 clear=0.56 prog=0.51 rel=0.83 bal=-0.62 obs=462 hard=425 obsc=502 yr= 28G nz=0.17 flt=0.17 dmap=+2/-0 shz=4.0 plan=7 cmd=(lx=+0.00,ly=+0.40,rx=+0.45)
t= 34.2 DWA-F pos=(-4.48,+1.81) yaw=+128.6 d=1.26 goal_err=-27 carrot_err= -30 c0=0.82 clear=0.55 prog=0.51 rel=0.88 bal=-0.63 obs=462 hard=425 obsc=502 yr= 29G nz=0.09 flt=0.17 dmap=+0/-0 shz=4.0 plan=7 cmd=(lx=+0.00,ly=+0.40,rx=+0.00)
t= 34.3 DWA-F pos=(-4.49,+1.82) yaw=+127.1 d=1.24 goal_err=-26 carrot_err= -29 c0=0.81 clear=0.54 prog=0.52 rel=0.88 bal=-0.54 obs=461 hard=427 obsc=507 yr= 15  nz=0.09 flt=0.05 dmap=+6/-7 shz=4.0 plan=7 cmd=(lx=+0.00,ly=+0.40,rx=+0.00)
t= 34.4 DWA-F pos=(-4.50,+1.84) yaw=+126.9 d=1.23 goal_err=-26 carrot_err= -29 c0=0.90 clear=0.60 prog=0.52 rel=0.91 bal=-0.54 obs=461 hard=427 obsc=507 yr=  1  nz=0.09 flt=0.05 dmap=+0/-0 shz=4.0 plan=7 cmd=(lx=+0.00,ly=+0.40,rx=+0.00)
t= 34.5 DWA-F pos=(-4.50,+1.86) yaw=+126.7 d=1.21 goal_err=-26 carrot_err= -29 c0=0.89 clear=0.59 prog=0.54 rel=0.91 bal=-0.53 obs=463 hard=423 obsc=501 yr=  3  nz=0.09 flt=0.11 dmap=+3/-1 shz=4.0 plan=7 cmd=(lx=+0.00,ly=+0.40,rx=+0.00)
t= 34.6 DWA-F pos=(-4.50,+1.88) yaw=+126.3 d=1.19 goal_err=-25 carrot_err= -29 c0=0.87 clear=0.58 prog=0.56 rel=0.91 bal=-0.52 obs=463 hard=423 obsc=501 yr=  4  nz=0.09 flt=0.11 dmap=+0/-0 shz=4.0 plan=7 cmd=(lx=+0.00,ly=+0.40,rx=+0.00)
t= 34.7 DWA-F pos=(-4.50,+1.90) yaw=+126.0 d=1.17 goal_err=-25 carrot_err= -28 c0=0.86 clear=0.57 prog=0.56 rel=0.91 bal=-0.51 obs=463 hard=423 obsc=501 yr=  3  nz=0.09 flt=0.11 dmap=+0/-0 shz=4.0 plan=7 cmd=(lx=+0.00,ly=+0.40,rx=+0.00)
[VIS] perc_n=0 age=- free_c=1.0 vismap=0/0 color=- carpet=- cnear=- crmin=- door=- dets=[-]
t= 34.8 DWA-F pos=(-4.51,+1.92) yaw=+125.7 d=1.14 goal_err=-24 carrot_err= -17 c0=0.84 clear=0.56 prog=0.58 rel=0.91 bal=-0.50 obs=463 hard=424 obsc=502 yr=  3  nz=0.09 flt=0.14 dmap=+3/-3 shz=4.0 plan=7 cmd=(lx=+0.00,ly=+0.40,rx=+0.00)
t= 34.9 DWA-F pos=(-4.51,+1.94) yaw=+125.5 d=1.12 goal_err=-24 carrot_err= -17 c0=0.83 clear=0.55 prog=0.58 rel=0.91 bal=-0.50 obs=463 hard=424 obsc=502 yr=  2  nz=0.09 flt=0.14 dmap=+0/-0 shz=4.0 plan=7 cmd=(lx=+0.00,ly=+0.40,rx=+0.00)
t= 35.0 DWA-F pos=(-4.52,+1.95) yaw=+125.4 d=1.11 goal_err=-25 carrot_err= -17 c0=0.81 clear=0.54 prog=0.58 rel=0.91 bal=-0.50 obs=460 hard=428 obsc=501 yr=  1  nz=0.09 flt=0.10 dmap=+1/-4 shz=4.0 plan=7 cmd=(lx=+0.00,ly=+0.40,rx=+0.00)
t= 35.1 DWA-F pos=(-4.54,+1.97) yaw=+125.6 d=1.09 goal_err=-25 carrot_err= -18 c0=0.79 clear=0.53 prog=0.56 rel=0.91 bal=-0.51 obs=461 hard=429 obsc=501 yr=  2  nz=0.09 flt=0.10 dmap=+1/-0 shz=4.0 plan=7 cmd=(lx=+0.00,ly=+0.40,rx=+0.00)
t= 35.2 DWA-F pos=(-4.55,+1.98) yaw=+125.9 d=1.08 goal_err=-26 carrot_err= -19 c0=0.77 clear=0.52 prog=0.55 rel=0.91 bal=-0.63 obs=461 hard=429 obsc=501 yr=  3  nz=0.09 flt=0.10 dmap=+0/-0 shz=4.0 plan=7 cmd=(lx=+0.00,ly=+0.40,rx=+0.00)
t= 35.3 DWA-F pos=(-4.57,+1.99) yaw=+126.2 d=1.07 goal_err=-28 carrot_err= -20 c0=0.75 clear=0.50 prog=0.54 rel=0.91 bal=-0.53 obs=460 hard=433 obsc=500 yr=  4  nz=0.09 flt=0.10 dmap=+2/-3 shz=4.0 plan=6 cmd=(lx=+0.00,ly=+0.40,rx=+0.00)
t= 35.4 DWA-F pos=(-4.59,+1.99) yaw=+126.6 d=1.06 goal_err=-29 carrot_err= -22 c0=0.73 clear=0.49 prog=0.52 rel=0.92 bal=-0.54 obs=460 hard=433 obsc=500 yr=  4  nz=0.08 flt=0.10 dmap=+0/-0 shz=4.0 plan=6 cmd=(lx=+0.00,ly=+0.40,rx=+0.45)
t= 35.5 DWA-F pos=(-4.61,+2.00) yaw=+126.9 d=1.04 goal_err=-30 carrot_err= -23 c0=0.71 clear=0.47 prog=0.51 rel=0.92 bal=-0.55 obs=461 hard=434 obsc=501 yr=  3G nz=0.08 flt=0.06 dmap=+1/-0 shz=4.0 plan=6 cmd=(lx=+0.00,ly=+0.40,rx=+0.45)
t= 35.6 DWA-F pos=(-4.63,+2.02) yaw=+123.9 d=1.03 goal_err=-28 carrot_err= -21 c0=0.69 clear=0.46 prog=0.51 rel=0.89 bal=-0.55 obs=461 hard=434 obsc=501 yr= 29G nz=0.10 flt=0.06 dmap=+0/-0 shz=4.0 plan=6 cmd=(lx=+0.00,ly=+0.40,rx=+0.45)
t= 35.8 DWA-F pos=(-4.64,+2.03) yaw=+120.7 d=1.01 goal_err=-25 carrot_err= -19 c0=0.80 clear=0.53 prog=0.53 rel=0.89 bal=-0.48 obs=461 hard=434 obsc=501 yr= 31G nz=0.10 flt=0.06 dmap=+0/-0 shz=4.0 plan=6 cmd=(lx=+0.00,ly=+0.40,rx=+0.45)
[VIS] perc_n=0 age=- free_c=1.0 vismap=0/0 color=- carpet=- cnear=- crmin=- door=- dets=[-]
t= 35.9 DWA-F pos=(-4.64,+2.05) yaw=+117.4 d=0.99 goal_err=-22 carrot_err= -15 c0=0.78 clear=0.52 prog=0.52 rel=0.89 bal=-0.48 obs=462 hard=435 obsc=502 yr= 33G nz=0.10 flt=0.12 dmap=+1/-0 shz=4.0 plan=6 cmd=(lx=+0.00,ly=+0.40,rx=+0.00)
t= 36.0 DWA-F pos=(-4.64,+2.07) yaw=+113.9 d=0.97 goal_err=-19 carrot_err= -12 c0=0.77 clear=0.51 prog=0.53 rel=0.89 bal=-0.47 obs=462 hard=435 obsc=502 yr= 34  nz=0.11 flt=0.12 dmap=+0/-0 shz=4.0 plan=6 cmd=(lx=+0.00,ly=+0.40,rx=+0.00)
t= 36.1 DWA-F pos=(-4.64,+2.09) yaw=+113.6 d=0.95 goal_err=-18 carrot_err= -11 c0=0.76 clear=0.51 prog=0.55 rel=0.89 bal=-0.27 obs=465 hard=430 obsc=505 yr=  4  nz=0.11 flt=0.12 dmap=+4/-1 shz=4.0 plan=6 cmd=(lx=+0.00,ly=+0.40,rx=+0.00)
t= 36.2 DWA-F pos=(-4.64,+2.11) yaw=+113.2 d=0.93 goal_err=-17 carrot_err= -13 c0=1.03 clear=0.68 prog=0.56 rel=0.90 bal=-0.26 obs=465 hard=430 obsc=505 yr=  3  nz=0.09 flt=0.12 dmap=+0/-0 shz=4.0 plan=6 cmd=(lx=+0.00,ly=+0.40,rx=+0.00)
t= 36.3 DWA-F pos=(-4.64,+2.13) yaw=+112.9 d=0.91 goal_err=-17 carrot_err= -12 c0=1.15 clear=0.77 prog=0.56 rel=0.90 bal=-0.26 obs=468 hard=433 obsc=512 yr=  3  nz=0.09 flt=0.05 dmap=+7/-4 shz=4.0 plan=6 cmd=(lx=+0.00,ly=+0.40,rx=+0.00)
t= 36.4 DWA-F pos=(-4.64,+2.15) yaw=+112.8 d=0.89 goal_err=-17 carrot_err= -12 c0=1.14 clear=0.76 prog=0.57 rel=0.76 bal=-0.26 obs=468 hard=433 obsc=512 yr=  2  nz=0.24 flt=0.05 dmap=+0/-0 shz=4.0 plan=6 cmd=(lx=+0.00,ly=+0.40,rx=+0.00)
t= 36.5 DWA-F pos=(-4.65,+2.17) yaw=+112.8 d=0.87 goal_err=-17 carrot_err= -12 c0=1.12 clear=0.75 prog=0.57 rel=0.76 bal=-0.45 obs=468 hard=433 obsc=512 yr=  0  nz=0.24 flt=0.05 dmap=+0/-0 shz=4.0 plan=6 cmd=(lx=+0.00,ly=+0.40,rx=+0.00)
t= 36.6 DWA-F pos=(-4.66,+2.18) yaw=+112.9 d=0.86 goal_err=-18 carrot_err= -13 c0=1.10 clear=0.73 prog=0.56 rel=0.76 bal=-0.46 obs=470 hard=430 obsc=508 yr=  1  nz=0.24 flt=0.05 dmap=+4/-2 shz=4.0 plan=6 cmd=(lx=+0.00,ly=+0.40,rx=+0.00)
t= 36.7 DWA-F pos=(-4.67,+2.20) yaw=+113.2 d=0.85 goal_err=-19 carrot_err= -14 c0=1.08 clear=0.72 prog=0.55 rel=0.69 bal=-0.47 obs=471 hard=431 obsc=509 yr=  3  nz=0.30 flt=0.05 dmap=+1/-0 shz=4.0 plan=6 cmd=(lx=+0.00,ly=+0.40,rx=+0.00)
t= 36.8 DWA-F pos=(-4.69,+2.21) yaw=+113.6 d=0.83 goal_err=-21 carrot_err= -16 c0=1.06 clear=0.70 prog=0.54 rel=0.69 bal=-0.48 obs=475 hard=429 obsc=512 yr=  4  nz=0.30 flt=0.09 dmap=+4/-0 shz=4.0 plan=6 cmd=(lx=+0.00,ly=+0.40,rx=+0.00)
[VIS] perc_n=0 age=- free_c=1.0 vismap=0/0 color=- carpet=- cnear=- crmin=- door=- dets=[-]
t= 36.9 DWA-F pos=(-4.72,+2.24) yaw=+113.9 d=0.80 goal_err=-23 carrot_err= -18 c0=1.03 clear=0.68 prog=0.54 rel=0.70 bal=-0.48 obs=475 hard=429 obsc=512 yr=  3  nz=0.30 flt=0.09 dmap=+0/-0 shz=4.0 plan=5 cmd=(lx=+0.00,ly=+0.40,rx=+0.00)
t= 37.0 DWA-F pos=(-4.73,+2.26) yaw=+114.3 d=0.78 goal_err=-25 carrot_err= -19 c0=0.99 clear=0.66 prog=0.56 rel=0.70 bal=-0.48 obs=475 hard=429 obsc=512 yr=  4  nz=0.30 flt=0.09 dmap=+0/-0 shz=4.0 plan=5 cmd=(lx=+0.00,ly=+0.40,rx=+0.00)
t= 37.1 DWA-F pos=(-4.75,+2.29) yaw=+114.5 d=0.75 goal_err=-26 carrot_err= -21 c0=0.96 clear=0.64 prog=0.57 rel=0.70 bal=-0.47 obs=474 hard=434 obsc=522 yr=  2  nz=0.30 flt=0.11 dmap=+7/-8 shz=4.0 plan=5 cmd=(lx=+0.00,ly=+0.40,rx=+0.00)
t= 37.2 DWA-F pos=(-4.77,+2.31) yaw=+114.4 d=0.73 goal_err=-27 carrot_err= -22 c0=0.94 clear=0.62 prog=0.59 rel=0.73 bal=-0.47 obs=474 hard=434 obsc=522 yr=  0  nz=0.27 flt=0.11 dmap=+0/-0 shz=4.0 plan=5 cmd=(lx=+0.00,ly=+0.40,rx=+0.00)
t= 37.3 DWA-F pos=(-4.77,+2.34) yaw=+114.3 d=0.70 goal_err=-28 carrot_err= -22 c0=0.91 clear=0.61 prog=0.62 rel=0.73 bal=-0.46 obs=479 hard=434 obsc=520 yr=  2  nz=0.27 flt=0.09 dmap=+7/-2 shz=4.0 plan=5 cmd=(lx=+0.00,ly=+0.40,rx=+0.00)
t= 37.4 DWA-F pos=(-4.77,+2.37) yaw=+113.9 d=0.67 goal_err=-27 carrot_err= -21 c0=0.89 clear=0.59 prog=0.66 rel=0.75 bal=-0.44 obs=480 hard=435 obsc=521 yr=  3  nz=0.25 flt=0.09 dmap=+1/-0 shz=4.0 plan=5 cmd=(lx=+0.00,ly=+0.40,rx=+0.00)
t= 37.5 DWA-F pos=(-4.78,+2.43) yaw=+113.6 d=0.61 goal_err=-29 carrot_err= -22 c0=0.84 clear=0.56 prog=0.73 rel=0.75 bal=-0.42 obs=480 hard=435 obsc=521 yr=  4  nz=0.25 flt=0.09 dmap=+0/-0 shz=4.0 plan=5 cmd=(lx=+0.00,ly=+0.40,rx=+0.00)
t= 37.6 DWA-F pos=(-4.78,+2.46) yaw=+113.1 d=0.58 goal_err=-28 carrot_err= -21 c0=0.96 clear=0.64 prog=0.76 rel=0.75 bal=-0.26 obs=480 hard=437 obsc=524 yr=  4  nz=0.25 flt=0.07 dmap=+6/-6 shz=4.0 plan=5 cmd=(lx=+0.00,ly=+0.40,rx=+0.00)
t= 37.7 DWA-F pos=(-4.79,+2.49) yaw=+112.8 d=0.55 goal_err=-29 carrot_err= -21 c0=0.94 clear=0.63 prog=0.78 rel=0.84 bal=-0.25 obs=480 hard=437 obsc=524 yr=  3  nz=0.16 flt=0.07 dmap=+0/-0 shz=4.0 plan=5 cmd=(lx=+0.00,ly=+0.40,rx=+0.00)
t= 37.8 DWA-F pos=(-4.79,+2.52) yaw=+112.7 d=0.53 goal_err=-30 carrot_err= -22 c0=0.91 clear=0.61 prog=0.79 rel=0.84 bal=-0.24 obs=494 hard=451 obsc=543 yr=  1  nz=0.16 flt=0.34 dmap=+18/-4 shz=4.0 plan=5 cmd=(lx=+0.00,ly=+0.40,rx=+0.00)
[VIS] perc_n=0 age=- free_c=1.0 vismap=0/0 color=- carpet=- cnear=- crmin=- door=- dets=[-]
t= 37.9 DWA-F pos=(-4.80,+2.54) yaw=+112.7 d=0.51 goal_err=-31 carrot_err= -23 c0=0.89 clear=0.59 prog=0.80 rel=0.65 bal=-0.23 obs=494 hard=451 obsc=543 yr=  0  nz=0.29 flt=0.34 dmap=+0/-0 shz=4.0 plan=5 cmd=(lx=+0.00,ly=+0.40,rx=+0.00)
t= 38.0 DWA-F pos=(-4.82,+2.57) yaw=+112.9 d=0.48 goal_err=-34 carrot_err= -26 c0=0.86 clear=0.57 prog=0.80 rel=0.65 bal=-0.24 obs=494 hard=451 obsc=543 yr=  2  nz=0.29 flt=0.34 dmap=+0/-0 shz=4.0 plan=5 cmd=(lx=+0.00,ly=+0.28,rx=+0.45)
t= 38.1 DWA-F pos=(-4.84,+2.59) yaw=+111.2 d=0.47 goal_err=-35 carrot_err= -27 c0=0.83 clear=0.55 prog=0.79 rel=0.65 bal=-0.22 obs=502 hard=465 obsc=550 yr= 16G nz=0.29 flt=0.18 dmap=+8/-0 shz=4.0 plan=5 cmd=(lx=+0.00,ly=+0.28,rx=+0.45)
t= 38.2 DWA-F pos=(-4.86,+2.60) yaw=+107.6 d=0.46 goal_err=-34 carrot_err= -25 c0=0.81 clear=0.54 prog=0.78 rel=0.65 bal=-0.23 obs=502 hard=465 obsc=550 yr= 35G nz=0.30 flt=0.18 dmap=+0/-0 shz=4.0 plan=5 cmd=(lx=+0.00,ly=+0.28,rx=+0.45)
t= 38.3 DWA-T pos=(-4.87,+2.62) yaw=+104.0 d=0.45 goal_err=-32 carrot_err= -24 c0=0.85 clear=0.57 prog=0.76 rel=0.65 bal=-0.07 obs=512 hard=476 obsc=559 yr= 35G nz=0.30 flt=0.12 dmap=+10/-0 shz=4.0 plan=5 cmd=(lx=+0.00,ly=+0.00,rx=+0.00)
t= 38.4 DWA-T pos=(-4.88,+2.63) yaw=+100.2 d=0.43 goal_err=-30 carrot_err= -22 c0=0.83 clear=0.55 prog=0.75 rel=0.68 bal=-0.07 obs=512 hard=476 obsc=559 yr= 36  nz=0.26 flt=0.12 dmap=+0/-0 shz=4.0 plan=3 cmd=(lx=+0.00,ly=+0.00,rx=+0.00)
t= 38.5 DWA-T pos=(-4.88,+2.63) yaw=+100.4 d=0.43 goal_err=-31 carrot_err= -23 c0=0.83 clear=0.55 prog=0.72 rel=0.68 bal=-0.08 obs=516 hard=458 obsc=559 yr=  1  nz=0.26 flt=0.12 dmap=+7/-3 shz=4.0 plan=3 cmd=(lx=+0.00,ly=+0.00,rx=+0.00)
t= 38.6 DWA-T pos=(-4.88,+2.63) yaw=+100.4 d=0.43 goal_err=-31 carrot_err= -23 c0=0.83 clear=0.55 prog=0.70 rel=0.73 bal=-0.08 obs=516 hard=458 obsc=559 yr=  0  nz=0.27 flt=0.12 dmap=+0/-0 shz=4.0 plan=3 cmd=(lx=+0.00,ly=+0.00,rx=+0.00)
t= 38.7 DWA-T pos=(-4.88,+2.63) yaw=+100.2 d=0.43 goal_err=-30 carrot_err= -22 c0=0.83 clear=0.55 prog=0.68 rel=0.73 bal=-0.07 obs=516 hard=458 obsc=559 yr=  2  nz=0.27 flt=0.12 dmap=+0/-0 shz=4.0 plan=3 cmd=(lx=+0.00,ly=+0.00,rx=+0.00)
t= 38.8 DWA-T pos=(-4.87,+2.64) yaw= +99.8 d=0.43 goal_err=-29 carrot_err= -20 c0=0.83 clear=0.56 prog=0.64 rel=0.73 bal=-0.06 obs=516 hard=455 obsc=558 yr=  3  nz=0.27 flt=0.03 dmap=+2/-2 shz=4.0 plan=3 cmd=(lx=+0.00,ly=+0.00,rx=+0.00)
[VIS] perc_n=0 age=- free_c=1.0 vismap=0/0 color=- carpet=- cnear=- crmin=- door=- dets=[-]
t= 38.9 DWA-T pos=(-4.86,+2.64) yaw= +99.4 d=0.42 goal_err=-27 carrot_err= -18 c0=0.84 clear=0.56 prog=0.61 rel=0.74 bal=-0.12 obs=516 hard=455 obsc=558 yr=  4  nz=0.26 flt=0.03 dmap=+0/-0 shz=4.0 plan=3 cmd=(lx=+0.00,ly=+0.00,rx=+0.00)
t= 39.0 DWA-T pos=(-4.85,+2.64) yaw= +99.1 d=0.42 goal_err=-25 carrot_err= -16 c0=0.84 clear=0.56 prog=0.57 rel=0.74 bal=-0.04 obs=525 hard=469 obsc=567 yr=  4  nz=0.26 flt=0.34 dmap=+12/-3 shz=4.0 plan=3 cmd=(lx=+0.00,ly=+0.00,rx=+0.00)
t= 39.2 DWA-T pos=(-4.86,+2.64) yaw= +99.5 d=0.42 goal_err=-27 carrot_err= -19 c0=0.84 clear=0.56 prog=0.53 rel=0.69 bal=-0.12 obs=525 hard=469 obsc=567 yr=  4  nz=0.25 flt=0.34 dmap=+0/-0 shz=4.0 plan=3 cmd=(lx=+0.00,ly=+0.00,rx=+0.00)
t= 39.3 DWA-T pos=(-4.86,+2.64) yaw= +99.5 d=0.42 goal_err=-27 carrot_err= -19 c0=0.84 clear=0.56 prog=0.47 rel=0.69 bal=-0.12 obs=525 hard=469 obsc=567 yr=  0  nz=0.25 flt=0.34 dmap=+0/-0 shz=4.0 plan=3 cmd=(lx=+0.00,ly=+0.00,rx=+0.00)
t= 39.4 DWA-T pos=(-4.86,+2.64) yaw= +99.5 d=0.42 goal_err=-27 carrot_err= -19 c0=0.66 clear=0.44 prog=0.42 rel=0.69 bal=-0.12 obs=535 hard=485 obsc=594 yr=  0  nz=0.25 flt=0.19 dmap=+11/-1 shz=4.0 plan=3 cmd=(lx=+0.00,ly=+0.00,rx=+0.00)
t= 39.5 DWA-T pos=(-4.86,+2.64) yaw= +99.5 d=0.42 goal_err=-27 carrot_err= -19 c0=0.66 clear=0.44 prog=0.32 rel=0.68 bal=-0.12 obs=535 hard=485 obsc=594 yr=  0  nz=0.26 flt=0.19 dmap=+0/-0 shz=4.0 plan=3 cmd=(lx=+0.00,ly=+0.00,rx=+0.00)
t= 39.6 DWA-T pos=(-4.86,+2.64) yaw= +99.5 d=0.42 goal_err=-27 carrot_err= -19 c0=0.66 clear=0.44 prog=0.27 rel=0.68 bal=-0.05 obs=540 hard=491 obsc=605 yr=  0  nz=0.26 flt=0.10 dmap=+18/-13 shz=4.0 plan=0 cmd=(lx=+0.00,ly=+0.00,rx=+0.00)
t= 39.7 BRK-BK pos=(-4.86,+2.64) yaw= +99.5 d=0.42 goal_err=-27 carrot_err= -19 c0=0.66 clear=0.44 prog=0.22 rel=0.68 bal=-0.05 obs=540 hard=491 obsc=605 yr=  0  nz=0.27 flt=0.10 dmap=+0/-0 shz=4.0 plan=0 cmd=(lx=+0.00,ly=-0.35,rx=+0.00)
t= 39.8 BRK-BK pos=(-4.86,+2.64) yaw= +99.5 d=0.42 goal_err=-27 carrot_err= -19 c0=0.66 clear=0.44 prog=0.18 rel=0.68 bal=-0.05 obs=530 hard=469 obsc=589 yr=  0  nz=0.27 flt=0.03 dmap=+2/-12 shz=4.0 plan=0 cmd=(lx=+0.00,ly=-0.35,rx=+0.00)
t= 39.9 BRK-BK pos=(-4.84,+2.62) yaw= +98.8 d=0.44 goal_err=-23 carrot_err= -14 c0=0.69 clear=0.46 prog=0.12 rel=0.69 bal=-0.03 obs=530 hard=469 obsc=589 yr=  7  nz=0.31 flt=0.03 dmap=+0/-0 shz=4.0 plan=0 cmd=(lx=+0.00,ly=-0.35,rx=+0.00)
[VIS] perc_n=0 age=- free_c=1.0 vismap=0/0 color=- carpet=- cnear=- crmin=- door=- dets=[-]
t= 40.0 BRK-TR pos=(-4.83,+2.59) yaw= +98.7 d=0.46 goal_err=-21 carrot_err= -12 c0=0.71 clear=0.48 prog=0.04 rel=0.69 bal=-0.03 obs=530 hard=469 obsc=589 yr=  1  nz=0.31 flt=0.03 dmap=+0/-0 shz=4.0 plan=0 cmd=(lx=+0.00,ly=+0.00,rx=-0.45)
  TURN-CAL rx=-0.45 esperado=+46deg/s medido=-0deg/s OK
t= 40.1 BRK-TR pos=(-4.82,+2.57) yaw= +98.7 d=0.48 goal_err=-20 carrot_err= -12 c0=0.74 clear=0.49 prog=0.00 rel=0.69 bal=-0.03 obs=530 hard=470 obsc=589 yr=  0G nz=0.31 flt=0.05 dmap=+0/-0 shz=4.0 plan=0 cmd=(lx=+0.00,ly=+0.00,rx=-0.45)
  TURN-CAL rx=-0.45 esperado=+46deg/s medido=+21deg/s OK
t= 40.2 BRK-TR pos=(-4.83,+2.55) yaw=+100.8 d=0.50 goal_err=-22 carrot_err= -14 c0=0.75 clear=0.50 prog=0.00 rel=0.69 bal=-0.03 obs=530 hard=470 obsc=589 yr= 21G nz=0.30 flt=0.05 dmap=+0/-0 shz=4.0 plan=0 cmd=(lx=+0.00,ly=+0.00,rx=-0.45)
  TURN-CAL rx=-0.45 esperado=+46deg/s medido=+43deg/s OK
t= 40.3 BRK-TR pos=(-4.84,+2.55) yaw=+105.2 d=0.50 goal_err=-27 carrot_err= -20 c0=0.74 clear=0.49 prog=0.00 rel=0.69 bal=+0.02 obs=530 hard=470 obsc=589 yr= 43G nz=0.30 flt=0.08 dmap=+0/-0 shz=4.0 plan=0 cmd=(lx=+0.00,ly=+0.00,rx=-0.45)
  TURN-CAL rx=-0.45 esperado=+46deg/s medido=+42deg/s OK
t= 40.4 BRK-TR pos=(-4.85,+2.55) yaw=+109.6 d=0.51 goal_err=-33 carrot_err= -26 c0=0.74 clear=0.49 prog=0.00 rel=0.70 bal=+0.04 obs=530 hard=470 obsc=589 yr= 42G nz=0.30 flt=0.08 dmap=+0/-0 shz=4.0 plan=0 cmd=(lx=+0.00,ly=+0.00,rx=-0.45)
  TURN-CAL rx=-0.45 esperado=+46deg/s medido=+43deg/s OK
t= 40.5 BRK-TR pos=(-4.86,+2.54) yaw=+113.9 d=0.51 goal_err=-38 carrot_err= -31 c0=0.74 clear=0.49 prog=0.00 rel=0.70 bal=-0.09 obs=530 hard=470 obsc=589 yr= 43G nz=0.30 flt=0.08 dmap=+0/-0 shz=4.0 plan=0 cmd=(lx=+0.00,ly=+0.00,rx=-0.45)
  TURN-CAL rx=-0.45 esperado=+46deg/s medido=+42deg/s OK
t= 40.6 BRK-TR pos=(-4.86,+2.54) yaw=+118.2 d=0.52 goal_err=-43 carrot_err= -36 c0=0.71 clear=0.47 prog=0.00 rel=0.70 bal=-0.10 obs=530 hard=472 obsc=589 yr= 42G nz=0.30 flt=0.17 dmap=+0/-0 shz=4.0 plan=0 cmd=(lx=+0.00,ly=+0.00,rx=-0.45)
  TURN-CAL rx=-0.45 esperado=+46deg/s medido=+41deg/s OK
t= 40.7 BRK-TR pos=(-4.87,+2.54) yaw=+122.4 d=0.52 goal_err=-47 carrot_err= -40 c0=0.71 clear=0.47 prog=0.00 rel=0.75 bal=-0.11 obs=530 hard=472 obsc=589 yr= 41G nz=0.25 flt=0.17 dmap=+0/-0 shz=4.0 plan=0 cmd=(lx=+0.00,ly=+0.00,rx=-0.45)
  TURN-CAL rx=-0.45 esperado=+46deg/s medido=+31deg/s OK
t= 40.8 BRK-TR pos=(-4.84,+2.55) yaw=+125.5 d=0.50 goal_err=-49 carrot_err= -41 c0=0.71 clear=0.48 prog=0.00 rel=0.75 bal=-0.08 obs=530 hard=473 obsc=589 yr= 31G nz=0.25 flt=0.08 dmap=+0/-0 shz=4.0 plan=0 cmd=(lx=+0.00,ly=+0.00,rx=-0.45)
  TURN-CAL rx=-0.45 esperado=+46deg/s medido=+39deg/s OK
t= 40.9 BRK-TR pos=(-4.84,+2.55) yaw=+129.5 d=0.50 goal_err=-53 carrot_err= -45 c0=0.71 clear=0.48 prog=0.00 rel=0.76 bal=-0.08 obs=530 hard=473 obsc=589 yr= 39G nz=0.24 flt=0.08 dmap=+0/-0 shz=4.0 plan=0 cmd=(lx=+0.00,ly=+0.00,rx=-0.45)
[VIS] perc_n=0 age=- free_c=1.0 vismap=0/0 color=- carpet=- cnear=- crmin=- door=- dets=[-]
  TURN-CAL rx=-0.45 esperado=+46deg/s medido=+40deg/s OK
t= 41.0 BRK-TR pos=(-4.84,+2.55) yaw=+133.5 d=0.50 goal_err=-57 carrot_err= -49 c0=0.71 clear=0.48 prog=0.00 rel=0.76 bal=-0.08 obs=530 hard=473 obsc=589 yr= 40G nz=0.24 flt=0.08 dmap=+0/-0 shz=4.0 plan=0 cmd=(lx=+0.00,ly=+0.00,rx=-0.45)
  TURN-CAL rx=-0.45 esperado=+46deg/s medido=+40deg/s OK
t= 41.1 BRK-TR pos=(-4.84,+2.55) yaw=+137.5 d=0.50 goal_err=-61 carrot_err= -53 c0=0.71 clear=0.48 prog=0.00 rel=0.76 bal=-0.08 obs=530 hard=475 obsc=589 yr= 40G nz=0.24 flt=0.08 dmap=+0/-0 shz=4.0 plan=0 cmd=(lx=+0.00,ly=+0.00,rx=-0.45)
  TURN-CAL rx=-0.45 esperado=+46deg/s medido=+39deg/s OK
t= 41.2 BRK-TR pos=(-4.84,+2.55) yaw=+141.6 d=0.50 goal_err=-65 carrot_err= -57 c0=0.71 clear=0.48 prog=0.00 rel=0.93 bal=-0.08 obs=530 hard=475 obsc=589 yr= 39G nz=0.07 flt=0.08 dmap=+0/-0 shz=4.0 plan=0 cmd=(lx=+0.00,ly=+0.00,rx=-0.45)
  TURN-CAL rx=-0.45 esperado=+46deg/s medido=+40deg/s OK
t= 41.3 BRK-TR pos=(-4.84,+2.55) yaw=+145.6 d=0.50 goal_err=-69 carrot_err= -61 c0=0.71 clear=0.48 prog=0.00 rel=0.93 bal=-0.08 obs=530 hard=475 obsc=589 yr= 40G nz=0.07 flt=0.05 dmap=+0/-0 shz=4.0 plan=0 cmd=(lx=+0.00,ly=+0.00,rx=-0.45)
  TURN-CAL rx=-0.45 esperado=+46deg/s medido=+39deg/s OK
t= 41.4 BRK-TR pos=(-4.84,+2.55) yaw=+149.6 d=0.50 goal_err=-73 carrot_err= -65 c0=0.71 clear=0.48 prog=0.00 rel=0.95 bal=-0.08 obs=530 hard=475 obsc=589 yr= 39G nz=0.05 flt=0.05 dmap=+0/-0 shz=4.0 plan=0 cmd=(lx=+0.00,ly=+0.00,rx=-0.45)
  TURN-CAL rx=-0.45 esperado=+46deg/s medido=+40deg/s OK
t= 41.5 BRK-TR pos=(-4.84,+2.55) yaw=+153.6 d=0.50 goal_err=-77 carrot_err= -69 c0=0.71 clear=0.48 prog=0.00 rel=0.95 bal=-0.08 obs=530 hard=475 obsc=589 yr= 40G nz=0.05 flt=0.05 dmap=+0/-0 shz=4.0 plan=0 cmd=(lx=+0.00,ly=+0.00,rx=-0.45)
  TURN-CAL rx=-0.45 esperado=+46deg/s medido=+40deg/s OK
t= 41.6 BRK-TR pos=(-4.84,+2.55) yaw=+157.6 d=0.50 goal_err=-81 carrot_err= -73 c0=0.71 clear=0.48 prog=0.00 rel=0.95 bal=-0.11 obs=530 hard=475 obsc=589 yr= 40G nz=0.05 flt=0.10 dmap=+0/-0 shz=4.0 plan=0 cmd=(lx=+0.00,ly=+0.00,rx=-0.45)
  TURN-CAL rx=-0.45 esperado=+46deg/s medido=+39deg/s OK
t= 41.7 BRK-TR pos=(-4.84,+2.55) yaw=+161.6 d=0.50 goal_err=-85 carrot_err= -77 c0=0.71 clear=0.48 prog=0.00 rel=0.95 bal=-0.06 obs=530 hard=475 obsc=589 yr= 39G nz=0.05 flt=0.10 dmap=+0/-0 shz=4.0 plan=0 cmd=(lx=+0.00,ly=+0.00,rx=-0.45)
  TURN-CAL rx=-0.45 esperado=+46deg/s medido=+40deg/s OK
t= 41.8 BRK-TR pos=(-4.84,+2.55) yaw=+165.6 d=0.50 goal_err=-89 carrot_err= -81 c0=0.71 clear=0.48 prog=0.00 rel=0.95 bal=-0.06 obs=530 hard=476 obsc=589 yr= 40G nz=0.05 flt=0.08 dmap=+0/-0 shz=4.0 plan=0 cmd=(lx=+0.00,ly=+0.00,rx=-0.45)
  TURN-CAL rx=-0.45 esperado=+46deg/s medido=+77deg/s OK
t= 41.9 BRK-TR pos=(-4.84,+2.55) yaw=+173.6 d=0.50 goal_err=-97 carrot_err= -89 c0=0.58 clear=0.38 prog=0.00 rel=0.97 bal=-0.11 obs=530 hard=476 obsc=589 yr= 77G nz=0.03 flt=0.08 dmap=+0/-0 shz=4.0 plan=0 cmd=(lx=+0.00,ly=+0.00,rx=-0.45)
[VIS] perc_n=0 age=- free_c=1.0 vismap=0/0 color=- carpet=- cnear=- crmin=- door=- dets=[-]
  TURN-CAL rx=-0.45 esperado=+46deg/s medido=+40deg/s OK
t= 42.0 BRK-TR pos=(-4.84,+2.55) yaw=+177.6 d=0.50 goal_err=-101 carrot_err= -93 c0=0.58 clear=0.38 prog=0.00 rel=0.97 bal=-0.10 obs=530 hard=476 obsc=589 yr= 40G nz=0.03 flt=0.08 dmap=+0/-0 shz=4.0 plan=0 cmd=(lx=+0.00,ly=+0.00,rx=-0.45)
  TURN-CAL rx=-0.45 esperado=+46deg/s medido=+40deg/s OK
t= 42.1 BRK-TR pos=(-4.84,+2.55) yaw=-178.3 d=0.50 goal_err=-105 carrot_err= -97 c0=0.58 clear=0.38 prog=0.00 rel=0.97 bal=-0.10 obs=530 hard=478 obsc=589 yr= 40G nz=0.03 flt=0.27 dmap=+0/-0 shz=4.0 plan=0 cmd=(lx=+0.00,ly=+0.00,rx=-0.45)
  TURN-CAL rx=-0.45 esperado=+46deg/s medido=+39deg/s OK
t= 42.2 BRK-TR pos=(-4.84,+2.55) yaw=-174.3 d=0.50 goal_err=-109 carrot_err=-101 c0=0.58 clear=0.38 prog=0.00 rel=0.83 bal=-0.10 obs=530 hard=478 obsc=589 yr= 39G nz=0.11 flt=0.27 dmap=+0/-0 shz=4.0 plan=0 cmd=(lx=+0.00,ly=+0.00,rx=-0.45)
  TURN-CAL rx=-0.45 esperado=+46deg/s medido=+40deg/s OK
t= 42.3 BRK-TR pos=(-4.84,+2.55) yaw=-170.3 d=0.50 goal_err=-113 carrot_err=-105 c0=0.58 clear=0.38 prog=0.00 rel=0.83 bal=-0.11 obs=531 hard=481 obsc=589 yr= 40G nz=0.11 flt=0.12 dmap=+1/-0 shz=4.0 plan=0 cmd=(lx=+0.00,ly=+0.00,rx=-0.45)
  TURN-CAL rx=-0.45 esperado=+46deg/s medido=+39deg/s OK
t= 42.4 DWA-T pos=(-4.84,+2.55) yaw=-166.3 d=0.50 goal_err=-117 carrot_err=-109 c0=0.58 clear=0.38 prog=0.01 rel=0.82 bal=-0.11 obs=531 hard=481 obsc=589 yr= 39G nz=0.12 flt=0.12 dmap=+0/-0 shz=4.0 plan=3 cmd=(lx=+0.00,ly=+0.00,rx=+0.45)
  TURN-CAL rx=+0.45 esperado=-46deg/s medido=+0deg/s OK
t= 42.5 DWA-T pos=(-4.84,+2.55) yaw=-166.3 d=0.50 goal_err=-117 carrot_err=-109 c0=0.58 clear=0.38 prog=0.02 rel=0.82 bal=-0.11 obs=531 hard=481 obsc=589 yr=  0G nz=0.12 flt=0.15 dmap=+0/-0 shz=4.0 plan=3 cmd=(lx=+0.00,ly=+0.00,rx=+0.45)
  TURN-CAL rx=+0.45 esperado=-46deg/s medido=-39deg/s OK
t= 42.6 DWA-T pos=(-4.84,+2.55) yaw=-170.3 d=0.50 goal_err=-113 carrot_err=-105 c0=0.58 clear=0.38 prog=0.03 rel=0.87 bal=-0.11 obs=531 hard=481 obsc=589 yr= 39G nz=0.13 flt=0.15 dmap=+0/-0 shz=4.0 plan=3 cmd=(lx=+0.00,ly=+0.00,rx=+0.45)
  TURN-CAL rx=+0.45 esperado=-46deg/s medido=-39deg/s OK
t= 42.7 DWA-T pos=(-4.84,+2.55) yaw=-174.3 d=0.50 goal_err=-109 carrot_err=-101 c0=0.58 clear=0.38 prog=0.00 rel=0.87 bal=-0.10 obs=531 hard=481 obsc=589 yr= 39G nz=0.13 flt=0.15 dmap=+0/-0 shz=4.0 plan=3 cmd=(lx=+0.00,ly=+0.00,rx=+0.45)
  TURN-CAL rx=+0.45 esperado=-46deg/s medido=-39deg/s OK
t= 42.8 DWA-F pos=(-4.84,+2.55) yaw=-178.3 d=0.50 goal_err=-105 carrot_err= -97 c0=0.58 clear=0.38 prog=0.00 rel=0.87 bal=-0.10 obs=531 hard=481 obsc=589 yr= 39G nz=0.13 flt=0.19 dmap=+0/-0 shz=4.0 plan=3 cmd=(lx=+0.00,ly=+0.28,rx=+0.45)
t= 42.9 DWA-F pos=(-4.84,+2.55) yaw=+177.6 d=0.50 goal_err=-101 carrot_err= -93 c0=0.58 clear=0.38 prog=0.00 rel=0.87 bal=-0.10 obs=531 hard=481 obsc=589 yr= 38G nz=0.13 flt=0.19 dmap=+0/-0 shz=4.0 plan=3 cmd=(lx=+0.00,ly=+0.28,rx=+0.45)
[VIS] perc_n=0 age=- free_c=1.0 vismap=0/0 color=- carpet=- cnear=- crmin=- door=- dets=[-]
t= 43.0 DWA-F pos=(-4.86,+2.53) yaw=+174.5 d=0.53 goal_err=-99 carrot_err= -92 c0=0.55 clear=0.37 prog=0.00 rel=0.87 bal=-0.11 obs=531 hard=481 obsc=589 yr= 31G nz=0.13 flt=0.06 dmap=+0/-0 shz=4.0 plan=3 cmd=(lx=+0.00,ly=+0.28,rx=+0.45)
t= 43.1 DWA-F pos=(-4.89,+2.54) yaw=+170.3 d=0.53 goal_err=-97 carrot_err= -91 c0=0.53 clear=0.35 prog=0.00 rel=0.86 bal=-0.08 obs=531 hard=481 obsc=589 yr= 41G nz=0.13 flt=0.06 dmap=+0/-0 shz=4.0 plan=3 cmd=(lx=+0.00,ly=+0.28,rx=+0.45)
t= 43.2 DWA-F pos=(-4.90,+2.55) yaw=+166.0 d=0.52 goal_err=-95 carrot_err= -89 c0=0.70 clear=0.47 prog=0.00 rel=0.86 bal=-0.07 obs=531 hard=481 obsc=589 yr= 42G nz=0.13 flt=0.06 dmap=+0/-0 shz=4.0 plan=3 cmd=(lx=+0.00,ly=+0.28,rx=+0.45)
t= 43.3 DWA-F pos=(-4.92,+2.56) yaw=+161.6 d=0.51 goal_err=-93 carrot_err= -86 c0=0.65 clear=0.43 prog=0.00 rel=0.86 bal=-0.12 obs=533 hard=483 obsc=591 yr= 43G nz=0.13 flt=0.07 dmap=+2/-0 shz=4.0 plan=3 cmd=(lx=+0.00,ly=+0.28,rx=+0.45)
t= 43.4 DWA-F pos=(-4.93,+2.58) yaw=+157.2 d=0.50 goal_err=-91 carrot_err= -84 c0=0.63 clear=0.42 prog=0.01 rel=0.93 bal=-0.11 obs=533 hard=483 obsc=591 yr= 41G nz=0.07 flt=0.07 dmap=+0/-0 shz=4.0 plan=3 cmd=(lx=+0.00,ly=+0.28,rx=+0.45)
t= 43.6 DWA-F pos=(-4.94,+2.60) yaw=+152.9 d=0.49 goal_err=-88 carrot_err= -82 c0=0.61 clear=0.41 prog=0.02 rel=0.93 bal=-0.10 obs=535 hard=485 obsc=593 yr= 42G nz=0.07 flt=0.13 dmap=+2/-0 shz=4.0 plan=3 cmd=(lx=+0.00,ly=+0.28,rx=+0.45)
t= 43.7 DWA-F pos=(-4.95,+2.61) yaw=+148.8 d=0.49 goal_err=-86 carrot_err= -80 c0=0.60 clear=0.40 prog=0.03 rel=0.92 bal=-0.10 obs=535 hard=485 obsc=593 yr= 40G nz=0.07 flt=0.13 dmap=+0/-0 shz=4.0 plan=3 cmd=(lx=+0.00,ly=+0.28,rx=+0.45)
t= 43.8 DWA-F pos=(-4.96,+2.61) yaw=+144.9 d=0.49 goal_err=-84 carrot_err= -78 c0=0.58 clear=0.39 prog=0.03 rel=0.92 bal=-0.23 obs=535 hard=485 obsc=593 yr= 39G nz=0.07 flt=0.13 dmap=+0/-0 shz=4.0 plan=3 cmd=(lx=+0.00,ly=+0.28,rx=+0.45)
t= 43.9 DWA-F pos=(-4.98,+2.62) yaw=+141.0 d=0.49 goal_err=-82 carrot_err= -76 c0=0.57 clear=0.38 prog=0.02 rel=0.92 bal=-0.15 obs=536 hard=488 obsc=594 yr= 37G nz=0.07 flt=0.11 dmap=+1/-0 shz=4.0 plan=3 cmd=(lx=+0.00,ly=+0.28,rx=+0.45)
t= 44.0 DWA-F pos=(-5.00,+2.62) yaw=+137.4 d=0.50 goal_err=-80 carrot_err= -75 c0=0.55 clear=0.37 prog=0.01 rel=0.92 bal=-0.16 obs=536 hard=488 obsc=594 yr= 35G nz=0.06 flt=0.11 dmap=+0/-0 shz=4.0 plan=3 cmd=(lx=+0.00,ly=+0.28,rx=+0.45)
[VIS] perc_n=0 age=- free_c=1.0 vismap=0/0 color=- carpet=- cnear=- crmin=- door=- dets=[-]
t= 44.1 DWA-F pos=(-5.02,+2.62) yaw=+133.8 d=0.50 goal_err=-78 carrot_err= -74 c0=0.54 clear=0.36 prog=0.00 rel=0.92 bal=-0.18 obs=536 hard=490 obsc=594 yr= 34G nz=0.06 flt=0.11 dmap=+0/-0 shz=4.0 plan=3 cmd=(lx=+0.00,ly=+0.28,rx=+0.45)
t= 44.2 DWA-F pos=(-5.03,+2.63) yaw=+130.2 d=0.51 goal_err=-77 carrot_err= -73 c0=0.52 clear=0.35 prog=0.00 rel=0.90 bal=-0.19 obs=536 hard=490 obsc=594 yr= 35G nz=0.07 flt=0.11 dmap=+0/-0 shz=4.0 plan=3 cmd=(lx=+0.00,ly=+0.28,rx=+0.45)
t= 44.3 DWA-F pos=(-5.05,+2.64) yaw=+126.4 d=0.51 goal_err=-76 carrot_err= -72 c0=0.50 clear=0.33 prog=0.00 rel=0.90 bal=-0.11 obs=536 hard=491 obsc=594 yr= 36G nz=0.07 flt=0.18 dmap=+0/-0 shz=4.0 plan=3 cmd=(lx=+0.00,ly=+0.28,rx=+0.45)
t= 44.4 DWA-F pos=(-5.07,+2.66) yaw=+122.5 d=0.51 goal_err=-74 carrot_err= -70 c0=0.48 clear=0.32 prog=0.00 rel=0.91 bal=-0.12 obs=536 hard=491 obsc=594 yr= 38G nz=0.09 flt=0.18 dmap=+0/-0 shz=4.0 plan=3 cmd=(lx=+0.00,ly=+0.28,rx=+0.45)
t= 44.5 DWA-F pos=(-5.07,+2.67) yaw=+120.4 d=0.50 goal_err=-73 carrot_err= -69 c0=0.47 clear=0.31 prog=0.00 rel=0.91 bal=-0.11 obs=536 hard=491 obsc=594 yr= 20G nz=0.09 flt=0.18 dmap=+0/-0 shz=4.0 plan=3 cmd=(lx=+0.00,ly=+0.28,rx=+0.45)
t= 44.6 DWA-F pos=(-5.06,+2.67) yaw=+120.2 d=0.50 goal_err=-72 carrot_err= -69 c0=0.47 clear=0.32 prog=0.01 rel=0.91 bal=-0.11 obs=536 hard=491 obsc=594 yr=  2G nz=0.09 flt=0.18 dmap=+0/-0 shz=4.0 plan=3 cmd=(lx=+0.00,ly=+0.28,rx=+0.45)
t= 44.7 DWA-F pos=(-5.05,+2.68) yaw=+119.9 d=0.49 goal_err=-71 carrot_err= -68 c0=0.47 clear=0.32 prog=0.03 rel=0.91 bal=-0.09 obs=536 hard=491 obsc=594 yr=  3G nz=0.09 flt=0.18 dmap=+0/-0 shz=4.0 plan=3 cmd=(lx=+0.00,ly=+0.28,rx=+0.45)
t= 44.8 DWA-F pos=(-5.04,+2.68) yaw=+119.5 d=0.48 goal_err=-71 carrot_err= -67 c0=0.48 clear=0.32 prog=0.04 rel=0.91 bal=-0.08 obs=536 hard=491 obsc=594 yr=  4G nz=0.09 flt=0.18 dmap=+0/-0 shz=4.0 plan=3 cmd=(lx=+0.00,ly=+0.28,rx=+0.45)
t= 44.9 DWA-F pos=(-5.03,+2.69) yaw=+119.1 d=0.47 goal_err=-70 carrot_err= -66 c0=0.48 clear=0.32 prog=0.06 rel=0.91 bal=-0.07 obs=536 hard=491 obsc=594 yr=  3G nz=0.09 flt=0.18 dmap=+0/-0 shz=4.0 plan=3 cmd=(lx=+0.00,ly=+0.28,rx=+0.45)
t= 45.0 DWA-F pos=(-5.03,+2.69) yaw=+118.9 d=0.46 goal_err=-69 carrot_err= -65 c0=0.48 clear=0.32 prog=0.12 rel=0.91 bal=-0.06 obs=536 hard=491 obsc=594 yr=  2G nz=0.09 flt=0.18 dmap=+0/-0 shz=4.0 plan=3 cmd=(lx=+0.00,ly=+0.28,rx=+0.45)
[VIS] perc_n=0 age=- free_c=1.0 vismap=0/0 color=- carpet=- cnear=- crmin=- door=- dets=[-]
t= 45.1 DWA-F pos=(-5.05,+2.68) yaw=+119.6 d=0.48 goal_err=-71 carrot_err= -67 c0=0.48 clear=0.32 prog=0.08 rel=0.91 bal=-0.09 obs=536 hard=491 obsc=594 yr=  7G nz=0.09 flt=0.18 dmap=+0/-0 shz=4.0 plan=3 cmd=(lx=+0.00,ly=+0.28,rx=+0.45)
t= 45.2 DWA-F pos=(-5.05,+2.68) yaw=+119.6 d=0.48 goal_err=-71 carrot_err= -67 c0=0.48 clear=0.32 prog=0.07 rel=0.91 bal=-0.09 obs=536 hard=491 obsc=594 yr=  0G nz=0.09 flt=0.18 dmap=+0/-0 shz=4.0 plan=3 cmd=(lx=+0.00,ly=+0.28,rx=+0.45)
SCAN-STALE nube 'location' sin refrescar 10 ticks (mapa congelado)
t= 45.3 DWA-F pos=(-5.05,+2.68) yaw=+119.6 d=0.48 goal_err=-71 carrot_err= -67 c0=0.48 clear=0.32 prog=0.05 rel=0.91 bal=-0.09 obs=536 hard=491 obsc=594 yr=  0G nz=0.09 flt=0.18 dmap=+0/-0 shz=4.0 plan=3 cmd=(lx=+0.00,ly=+0.28,rx=+0.45)
t= 45.4 DWA-F pos=(-5.05,+2.68) yaw=+119.6 d=0.48 goal_err=-71 carrot_err= -67 c0=0.48 clear=0.32 prog=0.03 rel=0.91 bal=-0.09 obs=536 hard=491 obsc=594 yr=  0G nz=0.09 flt=0.18 dmap=+0/-0 shz=4.0 plan=3 cmd=(lx=+0.00,ly=+0.28,rx=+0.45)
t= 45.5 DWA-F pos=(-5.05,+2.68) yaw=+119.6 d=0.48 goal_err=-71 carrot_err= -67 c0=0.48 clear=0.32 prog=0.02 rel=0.91 bal=-0.09 obs=536 hard=491 obsc=594 yr=  0G nz=0.09 flt=0.07 dmap=+0/-0 shz=3.8 plan=3 cmd=(lx=+0.00,ly=+0.28,rx=+0.45)
t= 45.6 DWA-F pos=(-5.05,+2.68) yaw=+119.6 d=0.48 goal_err=-71 carrot_err= -67 c0=0.48 clear=0.32 prog=0.01 rel=0.90 bal=-0.09 obs=536 hard=492 obsc=594 yr=  0G nz=0.09 flt=0.03 dmap=+0/-0 shz=3.8 plan=3 cmd=(lx=+0.00,ly=+0.28,rx=+0.45)
t= 45.7 DWA-F pos=(-5.05,+2.68) yaw=+119.6 d=0.48 goal_err=-71 carrot_err= -67 c0=0.48 clear=0.32 prog=0.01 rel=0.93 bal=-0.09 obs=536 hard=492 obsc=594 yr=  0G nz=0.06 flt=0.03 dmap=+0/-0 shz=3.8 plan=3 cmd=(lx=+0.00,ly=+0.28,rx=+0.45)
t= 45.8 DWA-F pos=(-5.05,+2.68) yaw=+119.6 d=0.48 goal_err=-71 carrot_err= -67 c0=0.48 clear=0.32 prog=0.02 rel=0.93 bal=-0.09 obs=536 hard=492 obsc=594 yr=  0G nz=0.06 flt=0.09 dmap=+0/-0 shz=3.8 plan=3 cmd=(lx=+0.00,ly=+0.28,rx=+0.45)
t= 45.9 DWA-F pos=(-5.05,+2.68) yaw=+119.6 d=0.48 goal_err=-71 carrot_err= -67 c0=0.48 clear=0.32 prog=0.03 rel=0.94 bal=-0.09 obs=536 hard=492 obsc=594 yr=  0G nz=0.04 flt=0.09 dmap=+0/-0 shz=3.8 plan=3 cmd=(lx=+0.00,ly=+0.28,rx=+0.45)
t= 46.0 DWA-F pos=(-5.05,+2.68) yaw=+119.6 d=0.48 goal_err=-71 carrot_err= -67 c0=0.48 clear=0.32 prog=0.04 rel=0.94 bal=-0.09 obs=536 hard=492 obsc=594 yr=  0G nz=0.04 flt=0.07 dmap=+0/-0 shz=3.8 plan=3 cmd=(lx=+0.00,ly=+0.28,rx=+0.45)
[VIS] perc_n=0 age=- free_c=1.0 vismap=0/0 color=- carpet=- cnear=- crmin=- door=- dets=[-]
t= 46.1 DWA-F pos=(-5.05,+2.68) yaw=+119.6 d=0.48 goal_err=-71 carrot_err= -67 c0=0.48 clear=0.32 prog=0.05 rel=0.92 bal=-0.09 obs=536 hard=492 obsc=594 yr=  0G nz=0.04 flt=0.07 dmap=+0/-0 shz=3.8 plan=3 cmd=(lx=+0.00,ly=+0.28,rx=+0.45)
t= 46.2 DWA-F pos=(-5.05,+2.68) yaw=+119.6 d=0.48 goal_err=-71 carrot_err= -67 c0=0.48 clear=0.32 prog=0.05 rel=0.92 bal=-0.09 obs=536 hard=492 obsc=594 yr=  0G nz=0.04 flt=0.07 dmap=+0/-0 shz=3.8 plan=3 cmd=(lx=+0.00,ly=+0.28,rx=+0.45)
t= 46.3 DWA-F pos=(-5.05,+2.68) yaw=+119.6 d=0.48 goal_err=-71 carrot_err= -67 c0=0.48 clear=0.32 prog=0.05 rel=0.92 bal=-0.09 obs=536 hard=494 obsc=594 yr=  0G nz=0.04 flt=0.06 dmap=+0/-0 shz=3.8 plan=3 cmd=(lx=+0.00,ly=+0.28,rx=+0.45)
t= 46.4 DWA-F pos=(-5.05,+2.68) yaw=+119.6 d=0.48 goal_err=-71 carrot_err= -67 c0=0.48 clear=0.32 prog=0.04 rel=0.92 bal=-0.09 obs=536 hard=494 obsc=594 yr=  0G nz=0.05 flt=0.06 dmap=+0/-0 shz=3.8 plan=3 cmd=(lx=+0.00,ly=+0.28,rx=+0.45)
t= 46.5 DWA-F pos=(-5.03,+2.70) yaw=+114.8 d=0.45 goal_err=-67 carrot_err= -63 c0=0.52 clear=0.35 prog=0.08 rel=0.92 bal=-0.05 obs=536 hard=494 obsc=594 yr= 46G nz=0.05 flt=0.08 dmap=+0/-0 shz=3.8 plan=3 cmd=(lx=+0.00,ly=+0.28,rx=+0.45)
t= 46.6 DWA-F pos=(-5.04,+2.72) yaw=+110.9 d=0.45 goal_err=-65 carrot_err= -61 c0=0.51 clear=0.34 prog=0.07 rel=0.91 bal=-0.06 obs=536 hard=494 obsc=594 yr= 38G nz=0.07 flt=0.08 dmap=+0/-0 shz=3.8 plan=3 cmd=(lx=+0.00,ly=+0.28,rx=+0.45)
t= 46.7 DWA-F pos=(-5.05,+2.73) yaw=+107.1 d=0.44 goal_err=-63 carrot_err= -60 c0=0.49 clear=0.33 prog=0.06 rel=0.91 bal=-0.14 obs=536 hard=494 obsc=594 yr= 37G nz=0.07 flt=0.08 dmap=+0/-0 shz=3.8 plan=3 cmd=(lx=+0.00,ly=+0.28,rx=+0.45)
t= 46.8 DWA-F pos=(-5.06,+2.74) yaw=+103.5 d=0.45 goal_err=-62 carrot_err= -59 c0=0.47 clear=0.32 prog=0.04 rel=0.91 bal=-0.15 obs=536 hard=494 obsc=594 yr= 36G nz=0.07 flt=0.16 dmap=+0/-0 shz=3.8 plan=3 cmd=(lx=+0.00,ly=+0.28,rx=+0.45)
t= 47.0 DWA-F pos=(-5.08,+2.76) yaw= +99.8 d=0.45 goal_err=-61 carrot_err= -59 c0=0.45 clear=0.30 prog=0.03 rel=0.90 bal=-0.17 obs=536 hard=494 obsc=594 yr= 35G nz=0.07 flt=0.16 dmap=+0/-0 shz=3.8 plan=3 cmd=(lx=+0.00,ly=+0.28,rx=+0.45)
t= 47.1 DWA-F pos=(-5.09,+2.78) yaw= +96.1 d=0.45 goal_err=-60 carrot_err= -59 c0=0.43 clear=0.29 prog=0.06 rel=0.90 bal=-0.18 obs=536 hard=494 obsc=594 yr= 35G nz=0.07 flt=0.16 dmap=+0/-0 shz=3.8 plan=2 cmd=(lx=+0.00,ly=+0.28,rx=+0.45)
[VIS] perc_n=0 age=- free_c=1.0 vismap=0/0 color=- carpet=- cnear=- crmin=- door=- dets=[-]
t= 47.2 DWA-F pos=(-5.10,+2.80) yaw= +92.3 d=0.44 goal_err=-59 carrot_err= -59 c0=0.41 clear=0.28 prog=0.07 rel=0.88 bal=-0.19 obs=537 hard=495 obsc=595 yr= 36G nz=0.08 flt=0.16 dmap=+1/-0 shz=3.8 plan=2 cmd=(lx=+0.00,ly=+0.28,rx=+0.45)
t= 47.3 DWA-F pos=(-5.10,+2.81) yaw= +88.4 d=0.43 goal_err=-57 carrot_err= -56 c0=0.40 clear=0.27 prog=0.08 rel=0.88 bal=-0.19 obs=537 hard=495 obsc=595 yr= 38G nz=0.08 flt=0.16 dmap=+0/-0 shz=3.8 plan=2 cmd=(lx=+0.00,ly=+0.28,rx=+0.45)
t= 47.4 DWA-F pos=(-5.10,+2.83) yaw= +84.3 d=0.42 goal_err=-54 carrot_err= -54 c0=0.39 clear=0.26 prog=0.10 rel=0.88 bal=-0.18 obs=537 hard=495 obsc=595 yr= 40G nz=0.08 flt=0.11 dmap=+0/-0 shz=3.8 plan=2 cmd=(lx=+0.00,ly=+0.28,rx=+0.45)
t= 47.5 DWA-F pos=(-5.09,+2.84) yaw= +80.0 d=0.41 goal_err=-51 carrot_err= -51 c0=0.57 clear=0.38 prog=0.12 rel=0.84 bal=-0.17 obs=537 hard=495 obsc=595 yr= 42G nz=0.11 flt=0.11 dmap=+0/-0 shz=3.8 plan=2 cmd=(lx=+0.00,ly=+0.28,rx=+0.45)
t= 47.6 DWA-T pos=(-5.07,+2.85) yaw= +75.7 d=0.39 goal_err=-47 carrot_err= -47 c0=0.89 clear=0.59 prog=0.15 rel=0.84 bal=-0.15 obs=537 hard=495 obsc=595 yr= 42G nz=0.11 flt=0.06 dmap=+0/-0 shz=3.8 plan=2 cmd=(lx=+0.00,ly=+0.00,rx=+0.00)
t= 47.7 DWA-T pos=(-5.06,+2.86) yaw= +71.3 d=0.37 goal_err=-43 carrot_err= -43 c0=0.71 clear=0.47 prog=0.18 rel=0.70 bal=-0.25 obs=537 hard=495 obsc=595 yr= 43  nz=0.28 flt=0.06 dmap=+0/-0 shz=3.8 plan=2 cmd=(lx=+0.00,ly=+0.00,rx=+0.00)
t= 47.8 DWA-T pos=(-5.05,+2.86) yaw= +71.0 d=0.37 goal_err=-41 carrot_err= -41 c0=0.70 clear=0.47 prog=0.19 rel=0.70 bal=-0.24 obs=539 hard=480 obsc=595 yr=  3  nz=0.28 flt=0.07 dmap=+5/-3 shz=3.8 plan=2 cmd=(lx=+0.00,ly=+0.00,rx=+0.00)
t= 47.9 DWA-T pos=(-5.04,+2.86) yaw= +70.7 d=0.36 goal_err=-40 carrot_err= -40 c0=0.70 clear=0.47 prog=0.20 rel=0.69 bal=-0.23 obs=539 hard=480 obsc=595 yr=  2  nz=0.28 flt=0.07 dmap=+0/-0 shz=3.8 plan=2 cmd=(lx=+0.00,ly=+0.00,rx=+0.00)
t= 48.0 DWA-T pos=(-5.04,+2.86) yaw= +70.7 d=0.36 goal_err=-40 carrot_err= -40 c0=0.70 clear=0.47 prog=0.20 rel=0.69 bal=-0.23 obs=539 hard=480 obsc=595 yr=  1  nz=0.28 flt=0.07 dmap=+0/-0 shz=3.8 plan=2 cmd=(lx=+0.00,ly=+0.00,rx=+0.00)
t= 48.1 DWA-T pos=(-5.04,+2.86) yaw= +70.8 d=0.36 goal_err=-41 carrot_err= -40 c0=0.70 clear=0.47 prog=0.20 rel=0.69 bal=-0.24 obs=538 hard=480 obsc=591 yr=  1  nz=0.28 flt=0.03 dmap=+8/-9 shz=3.8 plan=2 cmd=(lx=+0.00,ly=+0.00,rx=+0.00)
[VIS] perc_n=0 age=- free_c=1.0 vismap=0/0 color=- carpet=- cnear=- crmin=- door=- dets=[-]
t= 48.2 DWA-T pos=(-5.05,+2.86) yaw= +71.0 d=0.37 goal_err=-42 carrot_err= -42 c0=0.70 clear=0.47 prog=0.19 rel=0.67 bal=-0.24 obs=538 hard=480 obsc=591 yr=  3  nz=0.31 flt=0.03 dmap=+0/-0 shz=3.8 plan=2 cmd=(lx=+0.00,ly=+0.00,rx=+0.00)
t= 48.3 DWA-T pos=(-5.06,+2.86) yaw= +71.5 d=0.38 goal_err=-44 carrot_err= -44 c0=0.71 clear=0.47 prog=0.17 rel=0.67 bal=-0.14 obs=529 hard=474 obsc=582 yr=  5  nz=0.31 flt=0.07 dmap=+0/-9 shz=3.8 plan=2 cmd=(lx=+0.00,ly=+0.00,rx=+0.00)
t= 48.4 DWA-T pos=(-5.06,+2.86) yaw= +71.5 d=0.38 goal_err=-44 carrot_err= -44 c0=0.71 clear=0.47 prog=0.17 rel=0.71 bal=-0.14 obs=529 hard=474 obsc=582 yr=  0  nz=0.29 flt=0.07 dmap=+0/-0 shz=3.8 plan=2 cmd=(lx=+0.00,ly=+0.00,rx=+0.00)
t= 48.5 DWA-T pos=(-5.06,+2.86) yaw= +71.5 d=0.38 goal_err=-44 carrot_err= -44 c0=0.71 clear=0.47 prog=0.12 rel=0.71 bal=-0.14 obs=529 hard=474 obsc=582 yr=  0  nz=0.29 flt=0.07 dmap=+0/-0 shz=3.8 plan=2 cmd=(lx=+0.00,ly=+0.00,rx=+0.00)
t= 48.6 DWA-T pos=(-5.06,+2.86) yaw= +71.5 d=0.38 goal_err=-44 carrot_err= -44 c0=0.71 clear=0.47 prog=0.12 rel=0.71 bal=-0.26 obs=506 hard=469 obsc=576 yr=  0  nz=0.29 flt=0.08 dmap=+1/-24 shz=3.8 plan=2 cmd=(lx=+0.00,ly=+0.00,rx=+0.00)
t= 48.7 DWA-T pos=(-5.06,+2.86) yaw= +71.5 d=0.38 goal_err=-44 carrot_err= -44 c0=0.71 clear=0.47 prog=0.11 rel=0.73 bal=-0.26 obs=506 hard=469 obsc=576 yr=  0  nz=0.26 flt=0.08 dmap=+0/-0 shz=3.8 plan=2 cmd=(lx=+0.00,ly=+0.00,rx=+0.00)
t= 48.8 DWA-T pos=(-5.06,+2.86) yaw= +71.5 d=0.38 goal_err=-44 carrot_err= -44 c0=0.71 clear=0.47 prog=0.12 rel=0.73 bal=-0.26 obs=467 hard=456 obsc=551 yr=  0  nz=0.26 flt=0.02 dmap=+1/-40 shz=3.8 plan=0 cmd=(lx=+0.00,ly=+0.00,rx=+0.00)
t= 48.9 BRK-BK pos=(-5.06,+2.86) yaw= +71.5 d=0.38 goal_err=-44 carrot_err= -44 c0=0.71 clear=0.47 prog=0.12 rel=0.75 bal=-0.26 obs=467 hard=456 obsc=551 yr=  0  nz=0.24 flt=0.02 dmap=+0/-0 shz=3.8 plan=0 cmd=(lx=+0.00,ly=-0.35,rx=+0.00)
t= 49.0 BRK-BK pos=(-5.06,+2.85) yaw= +71.4 d=0.38 goal_err=-42 carrot_err= -42 c0=0.72 clear=0.48 prog=0.11 rel=0.75 bal=-0.26 obs=467 hard=456 obsc=551 yr=  2  nz=0.24 flt=0.02 dmap=+0/-0 shz=3.8 plan=0 cmd=(lx=+0.00,ly=-0.35,rx=+0.00)
t= 49.1 BRK-BK pos=(-5.09,+2.83) yaw= +71.7 d=0.41 goal_err=-41 carrot_err= -41 c0=0.75 clear=0.50 prog=0.05 rel=0.75 bal=-0.28 obs=470 hard=435 obsc=516 yr=  3  nz=0.24 flt=0.06 dmap=+4/-1 shz=3.8 plan=0 cmd=(lx=+0.00,ly=-0.35,rx=+0.00)
[VIS] perc_n=0 age=- free_c=1.0 vismap=0/0 color=- carpet=- cnear=- crmin=- door=- dets=[-]
t= 49.2 BRK-BK pos=(-5.10,+2.81) yaw= +72.1 d=0.44 goal_err=-40 carrot_err= -40 c0=0.77 clear=0.52 prog=0.00 rel=0.94 bal=-0.30 obs=470 hard=435 obsc=516 yr=  4  nz=0.06 flt=0.06 dmap=+0/-0 shz=3.8 plan=0 cmd=(lx=+0.00,ly=-0.35,rx=+0.00)
t= 49.3 BRK-TR pos=(-5.12,+2.79) yaw= +72.3 d=0.46 goal_err=-40 carrot_err= -39 c0=0.80 clear=0.53 prog=0.00 rel=0.94 bal=-0.31 obs=469 hard=436 obsc=517 yr=  2  nz=0.06 flt=0.11 dmap=+2/-3 shz=3.8 plan=0 cmd=(lx=+0.00,ly=+0.00,rx=+0.45)
  TURN-CAL rx=+0.45 esperado=-46deg/s medido=-19deg/s OK
t= 49.4 BRK-TR pos=(-5.12,+2.78) yaw= +70.3 d=0.47 goal_err=-37 carrot_err= -36 c0=0.81 clear=0.54 prog=0.00 rel=0.92 bal=-0.32 obs=469 hard=436 obsc=517 yr= 19G nz=0.08 flt=0.11 dmap=+0/-0 shz=3.8 plan=0 cmd=(lx=+0.00,ly=+0.00,rx=+0.45)
  TURN-CAL rx=+0.45 esperado=-46deg/s medido=-41deg/s OK
t= 49.5 BRK-TR pos=(-5.12,+2.78) yaw= +66.2 d=0.47 goal_err=-33 carrot_err= -32 c0=0.81 clear=0.54 prog=0.00 rel=0.92 bal=-0.43 obs=472 hard=439 obsc=520 yr= 41G nz=0.08 flt=0.10 dmap=+3/-0 shz=3.8 plan=0 cmd=(lx=+0.00,ly=+0.00,rx=+0.45)
  TURN-CAL rx=+0.45 esperado=-46deg/s medido=-41deg/s OK
t= 49.6 BRK-TR pos=(-5.11,+2.78) yaw= +62.0 d=0.46 goal_err=-28 carrot_err= -27 c0=0.81 clear=0.54 prog=0.00 rel=0.91 bal=-0.45 obs=472 hard=439 obsc=520 yr= 41G nz=0.09 flt=0.10 dmap=+0/-0 shz=3.8 plan=0 cmd=(lx=+0.00,ly=+0.00,rx=+0.45)
  TURN-CAL rx=+0.45 esperado=-46deg/s medido=-43deg/s OK
t= 49.7 BRK-TR pos=(-5.10,+2.77) yaw= +57.6 d=0.46 goal_err=-22 carrot_err= -21 c0=0.80 clear=0.54 prog=0.00 rel=0.91 bal=-0.44 obs=472 hard=439 obsc=520 yr= 43G nz=0.09 flt=0.10 dmap=+0/-0 shz=3.8 plan=0 cmd=(lx=+0.00,ly=+0.00,rx=+0.45)
  TURN-CAL rx=+0.45 esperado=-46deg/s medido=-43deg/s OK
t= 49.8 BRK-TR pos=(-5.09,+2.77) yaw= +53.2 d=0.46 goal_err=-16 carrot_err= -15 c0=0.80 clear=0.54 prog=0.00 rel=0.91 bal=-0.35 obs=472 hard=439 obsc=520 yr= 43G nz=0.09 flt=0.27 dmap=+0/-0 shz=3.8 plan=0 cmd=(lx=+0.00,ly=+0.00,rx=+0.45)
  TURN-CAL rx=+0.45 esperado=-46deg/s medido=-43deg/s OK
t= 49.9 BRK-TR pos=(-5.09,+2.76) yaw= +48.9 d=0.45 goal_err=-11 carrot_err=  -9 c0=0.80 clear=0.54 prog=0.00 rel=0.90 bal=-0.23 obs=472 hard=439 obsc=520 yr= 43G nz=0.09 flt=0.27 dmap=+0/-0 shz=3.8 plan=0 cmd=(lx=+0.00,ly=+0.00,rx=+0.45)
  TURN-CAL rx=+0.45 esperado=-46deg/s medido=-34deg/s OK
t= 50.0 BRK-TR pos=(-5.10,+2.77) yaw= +45.4 d=0.46 goal_err=-9 carrot_err=  -8 c0=0.80 clear=0.54 prog=0.00 rel=0.90 bal=-0.25 obs=472 hard=439 obsc=520 yr= 34G nz=0.09 flt=0.06 dmap=+0/-0 shz=3.8 plan=0 cmd=(lx=+0.00,ly=+0.00,rx=+0.45)
  TURN-CAL rx=+0.45 esperado=-46deg/s medido=-39deg/s OK
t= 50.1 BRK-TR pos=(-5.10,+2.77) yaw= +41.4 d=0.46 goal_err=-5 carrot_err=  -4 c0=0.80 clear=0.54 prog=0.00 rel=0.91 bal=-0.25 obs=472 hard=439 obsc=520 yr= 39G nz=0.09 flt=0.06 dmap=+0/-0 shz=3.8 plan=0 cmd=(lx=+0.00,ly=+0.00,rx=+0.45)
[VIS] perc_n=0 age=- free_c=1.0 vismap=0/0 color=- carpet=- cnear=- crmin=- door=- dets=[-]
AGGRESSIVE-ON t=50s d=0.46
  TURN-CAL rx=+0.45 esperado=-46deg/s medido=-40deg/s OK
t= 50.2 AGR-BRK-TR pos=(-5.10,+2.77) yaw= +37.4 d=0.46 goal_err=-1 carrot_err=  -0 c0=0.80 clear=0.54 prog=0.00 rel=0.91 bal=-0.25 obs=472 hard=439 obsc=520 yr= 40G nz=0.09 flt=0.06 dmap=+0/-0 shz=3.8 plan=0 cmd=(lx=+0.00,ly=+0.00,rx=+0.45)
  TURN-CAL rx=+0.45 esperado=-46deg/s medido=-40deg/s OK
t= 50.3 AGR-BRK-TR pos=(-5.10,+2.77) yaw= +33.4 d=0.46 goal_err=+3 carrot_err=  +4 c0=0.80 clear=0.54 prog=0.00 rel=0.91 bal=-0.29 obs=475 hard=442 obsc=523 yr= 40G nz=0.09 flt=0.07 dmap=+3/-0 shz=3.8 plan=0 cmd=(lx=+0.00,ly=+0.00,rx=+0.45)
  TURN-CAL rx=+0.45 esperado=-46deg/s medido=-39deg/s OK
t= 50.4 AGR-BRK-TR pos=(-5.10,+2.77) yaw= +29.4 d=0.46 goal_err=+7 carrot_err=  +8 c0=0.80 clear=0.54 prog=0.00 rel=0.95 bal=-0.29 obs=475 hard=442 obsc=523 yr= 39G nz=0.05 flt=0.07 dmap=+0/-0 shz=3.8 plan=0 cmd=(lx=+0.00,ly=+0.00,rx=+0.45)
  TURN-CAL rx=+0.45 esperado=-46deg/s medido=-40deg/s OK
t= 50.5 AGR-BRK-TR pos=(-5.10,+2.77) yaw= +25.4 d=0.46 goal_err=+11 carrot_err= +12 c0=0.94 clear=0.63 prog=0.00 rel=0.95 bal=-0.29 obs=475 hard=442 obsc=523 yr= 40G nz=0.05 flt=0.05 dmap=+0/-0 shz=3.8 plan=0 cmd=(lx=+0.00,ly=+0.00,rx=+0.45)
  TURN-CAL rx=+0.45 esperado=-46deg/s medido=-39deg/s OK
t= 50.6 AGR-BRK-TR pos=(-5.10,+2.77) yaw= +21.4 d=0.46 goal_err=+15 carrot_err= +16 c0=0.94 clear=0.63 prog=0.00 rel=0.90 bal=-0.29 obs=475 hard=442 obsc=523 yr= 39G nz=0.10 flt=0.05 dmap=+0/-0 shz=3.8 plan=0 cmd=(lx=+0.00,ly=+0.00,rx=+0.45)
  TURN-CAL rx=+0.45 esperado=-46deg/s medido=-40deg/s OK
t= 50.7 AGR-BRK-TR pos=(-5.10,+2.77) yaw= +17.3 d=0.46 goal_err=+19 carrot_err= +20 c0=0.94 clear=0.63 prog=0.00 rel=0.90 bal=-0.29 obs=475 hard=442 obsc=523 yr= 40G nz=0.10 flt=0.05 dmap=+0/-0 shz=3.8 plan=0 cmd=(lx=+0.00,ly=+0.00,rx=+0.45)
  TURN-CAL rx=+0.45 esperado=-46deg/s medido=-40deg/s OK
t= 50.8 AGR-BRK-TR pos=(-5.10,+2.77) yaw= +13.3 d=0.46 goal_err=+23 carrot_err= +24 c0=1.10 clear=0.73 prog=0.00 rel=0.90 bal=-0.18 obs=476 hard=443 obsc=524 yr= 40G nz=0.10 flt=0.13 dmap=+1/-0 shz=3.8 plan=0 cmd=(lx=+0.00,ly=+0.00,rx=+0.45)
  TURN-CAL rx=+0.45 esperado=-46deg/s medido=-39deg/s OK
t= 51.0 AGR-BRK-TR pos=(-5.10,+2.77) yaw=  +9.3 d=0.46 goal_err=+27 carrot_err= +28 c0=1.27 clear=0.84 prog=0.00 rel=0.82 bal=-0.14 obs=476 hard=443 obsc=524 yr= 39G nz=0.18 flt=0.13 dmap=+0/-0 shz=3.8 plan=0 cmd=(lx=+0.00,ly=+0.00,rx=+0.45)
  TURN-CAL rx=+0.45 esperado=-46deg/s medido=-40deg/s OK
t= 51.1 AGR-BRK-TR pos=(-5.10,+2.77) yaw=  +5.3 d=0.46 goal_err=+31 carrot_err= +32 c0=1.27 clear=0.84 prog=0.00 rel=0.82 bal=-0.14 obs=478 hard=445 obsc=526 yr= 40G nz=0.18 flt=0.04 dmap=+2/-0 shz=3.8 plan=0 cmd=(lx=+0.00,ly=+0.00,rx=+0.45)
  TURN-CAL rx=+0.45 esperado=-46deg/s medido=-39deg/s OK
t= 51.2 AGR-BRK-TR pos=(-5.10,+2.77) yaw=  +1.3 d=0.46 goal_err=+35 carrot_err= +36 c0=1.31 clear=0.87 prog=0.00 rel=0.72 bal=+0.02 obs=478 hard=445 obsc=526 yr= 39G nz=0.28 flt=0.04 dmap=+0/-0 shz=3.8 plan=0 cmd=(lx=+0.00,ly=+0.00,rx=+0.45)
[VIS] perc_n=0 age=- free_c=1.0 vismap=0/0 color=- carpet=- cnear=- crmin=- door=- dets=[-]
  TURN-CAL rx=+0.45 esperado=-46deg/s medido=-40deg/s OK
t= 51.3 AGR-BRK-TR pos=(-5.10,+2.77) yaw=  -2.7 d=0.46 goal_err=+39 carrot_err= +40 c0=1.24 clear=0.83 prog=0.01 rel=0.72 bal=+0.02 obs=478 hard=445 obsc=526 yr= 40G nz=0.28 flt=0.04 dmap=+0/-0 shz=3.8 plan=0 cmd=(lx=+0.00,ly=+0.00,rx=+0.45)
  TURN-CAL rx=+0.45 esperado=-46deg/s medido=-40deg/s OK
t= 51.4 AGR-BRK-TR pos=(-5.10,+2.77) yaw=  -6.7 d=0.46 goal_err=+43 carrot_err= +44 c0=1.24 clear=0.83 prog=0.03 rel=0.72 bal=+0.02 obs=478 hard=445 obsc=526 yr= 40G nz=0.28 flt=0.12 dmap=+0/-0 shz=3.8 plan=0 cmd=(lx=+0.00,ly=+0.00,rx=+0.45)
  TURN-CAL rx=+0.45 esperado=-46deg/s medido=-39deg/s OK
t= 51.5 AGR-BRK-TR pos=(-5.10,+2.77) yaw= -10.7 d=0.46 goal_err=+47 carrot_err= +48 c0=1.07 clear=0.71 prog=0.02 rel=0.69 bal=+0.02 obs=478 hard=445 obsc=526 yr= 39G nz=0.30 flt=0.12 dmap=+0/-0 shz=3.8 plan=0 cmd=(lx=+0.00,ly=+0.00,rx=+0.45)
  TURN-CAL rx=+0.45 esperado=-46deg/s medido=-39deg/s OK
t= 51.6 AGR-BRK-TR pos=(-5.10,+2.77) yaw= -14.7 d=0.46 goal_err=+51 carrot_err= +52 c0=1.07 clear=0.71 prog=0.01 rel=0.69 bal=+0.02 obs=478 hard=445 obsc=526 yr= 39G nz=0.30 flt=0.11 dmap=+0/-0 shz=3.8 plan=0 cmd=(lx=+0.00,ly=+0.00,rx=+0.45)
  TURN-CAL rx=+0.45 esperado=-46deg/s medido=-39deg/s OK
t= 51.7 AGR-BRK-TR pos=(-5.10,+2.77) yaw= -18.7 d=0.46 goal_err=+55 carrot_err= +56 c0=1.07 clear=0.71 prog=0.00 rel=0.74 bal=+0.15 obs=478 hard=445 obsc=526 yr= 39G nz=0.26 flt=0.11 dmap=+0/-0 shz=3.8 plan=0 cmd=(lx=+0.00,ly=+0.00,rx=+0.45)
  TURN-CAL rx=+0.45 esperado=-46deg/s medido=-40deg/s OK
t= 51.8 AGR-DWA-F pos=(-5.10,+2.77) yaw= -22.8 d=0.46 goal_err=+59 carrot_err= +60 c0=1.07 clear=0.71 prog=0.00 rel=0.74 bal=+0.15 obs=478 hard=445 obsc=526 yr= 40G nz=0.26 flt=0.11 dmap=+0/-0 shz=3.8 plan=2 cmd=(lx=+0.00,ly=+0.28,rx=-0.45)
t= 51.9 AGR-DWA-F pos=(-5.10,+2.77) yaw= -26.8 d=0.46 goal_err=+63 carrot_err= +64 c0=1.07 clear=0.71 prog=0.00 rel=0.74 bal=+0.15 obs=478 hard=445 obsc=526 yr= 39G nz=0.26 flt=0.02 dmap=+0/-0 shz=3.8 plan=2 cmd=(lx=+0.00,ly=+0.28,rx=-0.45)
t= 52.0 AGR-DWA-F pos=(-5.09,+2.74) yaw= -23.6 d=0.47 goal_err=+63 carrot_err= +65 c0=1.04 clear=0.69 prog=0.00 rel=0.81 bal=+0.19 obs=478 hard=445 obsc=526 yr= 31G nz=0.19 flt=0.02 dmap=+0/-0 shz=3.8 plan=2 cmd=(lx=+0.00,ly=+0.28,rx=-0.45)
t= 52.1 AGR-DWA-F pos=(-5.08,+2.73) yaw= -19.7 d=0.47 goal_err=+62 carrot_err= +64 c0=1.02 clear=0.68 prog=0.00 rel=0.81 bal=+0.19 obs=478 hard=445 obsc=526 yr= 38G nz=0.19 flt=0.06 dmap=+0/-0 shz=3.8 plan=2 cmd=(lx=+0.00,ly=+0.28,rx=-0.45)
t= 52.2 AGR-DWA-F pos=(-5.06,+2.72) yaw= -15.6 d=0.46 goal_err=+60 carrot_err= +63 c0=1.00 clear=0.67 prog=0.00 rel=0.83 bal=+0.06 obs=479 hard=446 obsc=527 yr= 40G nz=0.17 flt=0.06 dmap=+1/-0 shz=3.8 plan=2 cmd=(lx=+0.00,ly=+0.28,rx=-0.45)
[VIS] perc_n=0 age=- free_c=1.0 vismap=0/0 color=- carpet=- cnear=- crmin=- door=- dets=[-]
t= 52.3 AGR-DWA-F pos=(-5.04,+2.73) yaw= -11.3 d=0.44 goal_err=+57 carrot_err= +61 c0=0.99 clear=0.66 prog=0.03 rel=0.83 bal=+0.05 obs=482 hard=449 obsc=530 yr= 42G nz=0.17 flt=0.12 dmap=+3/-0 shz=3.8 plan=2 cmd=(lx=+0.00,ly=+0.28,rx=-0.45)
t= 52.4 AGR-DWA-F pos=(-5.02,+2.73) yaw=  -6.9 d=0.42 goal_err=+54 carrot_err= +58 c0=1.15 clear=0.77 prog=0.06 rel=0.82 bal=+0.04 obs=483 hard=450 obsc=531 yr= 42G nz=0.18 flt=0.12 dmap=+1/-0 shz=3.8 plan=2 cmd=(lx=+0.00,ly=+0.28,rx=-0.45)
t= 52.5 AGR-DWA-F pos=(-5.00,+2.74) yaw=  -2.5 d=0.40 goal_err=+50 carrot_err= +55 c0=1.21 clear=0.81 prog=0.10 rel=0.82 bal=-0.13 obs=485 hard=451 obsc=532 yr= 43G nz=0.18 flt=0.12 dmap=+2/-0 shz=3.8 plan=2 cmd=(lx=+0.00,ly=+0.28,rx=-0.45)
t= 52.6 AGR-DWA-F pos=(-4.98,+2.75) yaw=  +1.8 d=0.38 goal_err=+47 carrot_err= +52 c0=1.19 clear=0.79 prog=0.13 rel=0.82 bal=-0.14 obs=485 hard=451 obsc=532 yr= 43G nz=0.18 flt=0.12 dmap=+0/-0 shz=3.8 plan=2 cmd=(lx=+0.00,ly=+0.28,rx=-0.45)
t= 52.7 AGR-DWA-T pos=(-4.96,+2.76) yaw=  +6.1 d=0.36 goal_err=+44 carrot_err= +49 c0=1.18 clear=0.78 prog=0.16 rel=0.83 bal=-0.14 obs=485 hard=451 obsc=532 yr= 41G nz=0.17 flt=0.12 dmap=+0/-0 shz=3.8 plan=2 cmd=(lx=+0.00,ly=+0.00,rx=+0.00)
t= 52.8 AGR-DWA-T pos=(-4.95,+2.76) yaw= +10.1 d=0.35 goal_err=+42 carrot_err= +48 c0=1.14 clear=0.76 prog=0.18 rel=0.83 bal=-0.25 obs=487 hard=445 obsc=541 yr= 39  nz=0.17 flt=0.10 dmap=+5/-3 shz=3.8 plan=2 cmd=(lx=+0.00,ly=+0.00,rx=+0.00)
REACHED B err=0.35 ncol=0 2026-08-21 08:06:34
STRAFE-CAL-RESUMEN lx>0 -> 0.0cm/tick ; lx<0 -> -cm/tick (con el mapeo BIEN, lx>0 debe dar cm POSITIVOS=IZQ)
TURN-CAL-RESUMEN rx>0 -> medido~-39.40730962180246deg/s (modelo<0) ; rx<0 -> medido~39.65683821650524deg/s (modelo>0) :: OK (modelo correcto)
FASES {'DWA-F': 267, 'DOOR-CTR': 9, 'DOOR-GO': 5, 'ENG-F': 41, 'ENG-AL': 5, 'ENG-AL.': 4, 'ENG-GO': 98, 'DWA-T': 32, 'BRK-BK': 7, 'BRK-TR': 48}
FIN

=== GOTO 2026-08-21 08:08:03 ===

=== RUN ours 'B' -> (-4.73,+3.04)  2026-08-21 08:08:03 env=sim/lab_v1 ===
FRAME-CHECK start=(+0.99,+0.57) wp_mas_cercano=A(+0.99,+0.57) offset=0.00m
PERC-TEST OK dets=0 cells=0 lat=239ms floorcolor=off
GLOBALMAP src=static walls=961 static=0 soft=9.0/4.0
[VIS] perc_n=0 age=- free_c=- vismap=0/0 color=- carpet=- cnear=- crmin=- door=- dets=[-]
t=  0.3 DWA-F pos=(+0.99,+0.57) yaw=-120.3 d=6.23 goal_err=-83 carrot_err= -62 c0=2.25 clear=1.00 prog=0.00 rel=1.00 bal=+0.19 obs=121 hard=121 obsc=121 yr=  0  nz=0.00 flt=0.29 dmap=+121/-0 shz=0.0 plan=34 cmd=(lx=+0.00,ly=+0.40,rx=+0.45)
t=  0.4 DWA-F pos=(+0.99,+0.57) yaw=-120.3 d=6.23 goal_err=-83 carrot_err= -62 c0=2.25 clear=1.00 prog=0.00 rel=1.00 bal=+0.19 obs=121 hard=121 obsc=121 yr=  0G nz=0.00 flt=0.29 dmap=+0/-0 shz=0.0 plan=34 cmd=(lx=+0.00,ly=+0.40,rx=+0.45)
t=  0.5 DWA-F pos=(+0.99,+0.57) yaw=-120.3 d=6.23 goal_err=-83 carrot_err= -62 c0=2.25 clear=1.00 prog=0.00 rel=1.00 bal=+0.19 obs=121 hard=121 obsc=121 yr=  0G nz=0.00 flt=0.29 dmap=+0/-0 shz=0.0 plan=34 cmd=(lx=+0.00,ly=+0.40,rx=+0.45)
t=  0.6 DWA-F pos=(+0.99,+0.57) yaw=-120.3 d=6.23 goal_err=-83 carrot_err= -62 c0=2.25 clear=1.00 prog=0.00 rel=1.00 bal=+0.19 obs=121 hard=121 obsc=121 yr=  0G nz=0.00 flt=0.29 dmap=+0/-0 shz=0.0 plan=34 cmd=(lx=+0.00,ly=+0.40,rx=+0.45)
t=  0.7 DWA-F pos=(+0.99,+0.57) yaw=-120.3 d=6.23 goal_err=-83 carrot_err= -62 c0=2.25 clear=1.00 prog=0.00 rel=1.00 bal=+0.19 obs=121 hard=121 obsc=121 yr=  0G nz=0.00 flt=0.29 dmap=+0/-0 shz=0.0 plan=34 cmd=(lx=+0.00,ly=+0.40,rx=+0.45)
t=  0.8 DWA-F pos=(+0.99,+0.57) yaw=-120.3 d=6.23 goal_err=-83 carrot_err= -62 c0=2.25 clear=1.00 prog=0.00 rel=1.00 bal=+0.19 obs=121 hard=121 obsc=121 yr=  0G nz=0.00 flt=0.29 dmap=+0/-0 shz=0.0 plan=34 cmd=(lx=+0.00,ly=+0.40,rx=+0.45)
t=  0.9 DWA-F pos=(+0.99,+0.57) yaw=-120.3 d=6.23 goal_err=-83 carrot_err= -62 c0=2.25 clear=1.00 prog=0.00 rel=1.00 bal=+0.19 obs=121 hard=121 obsc=121 yr=  0G nz=0.00 flt=0.29 dmap=+0/-0 shz=0.0 plan=34 cmd=(lx=+0.00,ly=+0.40,rx=+0.45)
t=  1.0 DWA-F pos=(+0.99,+0.57) yaw=-120.3 d=6.23 goal_err=-83 carrot_err= -62 c0=2.25 clear=1.00 prog=0.00 rel=1.00 bal=+0.19 obs=121 hard=121 obsc=121 yr=  0G nz=0.00 flt=0.29 dmap=+0/-0 shz=0.0 plan=34 cmd=(lx=+0.00,ly=+0.40,rx=+0.45)
t=  1.1 DWA-F pos=(+0.99,+0.57) yaw=-120.3 d=6.23 goal_err=-83 carrot_err= -62 c0=2.25 clear=1.00 prog=0.00 rel=1.00 bal=+0.19 obs=121 hard=121 obsc=121 yr=  0G nz=0.00 flt=0.29 dmap=+0/-0 shz=0.0 plan=34 cmd=(lx=+0.00,ly=+0.40,rx=+0.45)
t=  1.2 DWA-F pos=(+0.99,+0.57) yaw=-120.3 d=6.23 goal_err=-83 carrot_err= -62 c0=2.25 clear=1.00 prog=0.00 rel=1.00 bal=+0.19 obs=121 hard=121 obsc=121 yr=  0G nz=0.00 flt=0.29 dmap=+0/-0 shz=0.0 plan=34 cmd=(lx=+0.00,ly=+0.40,rx=+0.45)
SCAN-STALE nube 'location' sin refrescar 10 ticks (mapa congelado)
[VIS] perc_n=0 age=0.8 free_c=- vismap=0/0 color=- carpet=- cnear=- crmin=- door=- dets=[-]
t=  1.3 DWA-F pos=(+0.99,+0.57) yaw=-120.3 d=6.23 goal_err=-83 carrot_err= -62 c0=2.25 clear=1.00 prog=0.00 rel=1.00 bal=+0.19 obs=121 hard=121 obsc=121 yr=  0G nz=0.00 flt=0.29 dmap=+0/-0 shz=0.0 plan=34 cmd=(lx=+0.00,ly=+0.40,rx=+0.45)
t=  1.4 DWA-F pos=(+0.99,+0.57) yaw=-120.3 d=6.23 goal_err=-83 carrot_err= -62 c0=2.25 clear=1.00 prog=0.00 rel=1.00 bal=+0.19 obs=121 hard=121 obsc=121 yr=  0G nz=0.00 flt=0.29 dmap=+0/-0 shz=0.0 plan=34 cmd=(lx=+0.00,ly=+0.40,rx=+0.45)
LOOK #1 hq=320x180 pos=(+0.99,+0.57) t=1s
t=  1.5 DWA-F pos=(+0.99,+0.57) yaw=-120.3 d=6.23 goal_err=-83 carrot_err= -62 c0=2.25 clear=1.00 prog=0.00 rel=1.00 bal=+0.28 obs=124 hard=124 obsc=124 yr=  0G nz=0.00 flt=0.12 dmap=+3/-0 shz=0.8 plan=34 cmd=(lx=+0.00,ly=+0.40,rx=+0.45)
t=  1.6 DWA-F pos=(+0.99,+0.57) yaw=-120.3 d=6.23 goal_err=-83 carrot_err= -62 c0=2.25 clear=1.00 prog=0.00 rel=0.97 bal=+0.32 obs=128 hard=128 obsc=128 yr=  0G nz=0.03 flt=0.40 dmap=+4/-0 shz=1.5 plan=34 cmd=(lx=+0.00,ly=+0.40,rx=+0.45)
t=  1.7 DWA-F pos=(+0.99,+0.57) yaw=-120.3 d=6.23 goal_err=-83 carrot_err= -62 c0=2.25 clear=1.00 prog=0.00 rel=0.74 bal=+0.32 obs=128 hard=128 obsc=128 yr=  0G nz=0.13 flt=0.40 dmap=+0/-0 shz=1.5 plan=34 cmd=(lx=+0.00,ly=+0.40,rx=+0.45)
t=  1.8 DWA-F pos=(+0.99,+0.57) yaw=-120.3 d=6.23 goal_err=-83 carrot_err= -48 c0=2.25 clear=1.00 prog=0.00 rel=0.74 bal=+0.58 obs=132 hard=132 obsc=132 yr=  0G nz=0.13 flt=0.23 dmap=+4/-0 shz=1.9 plan=34 cmd=(lx=+0.00,ly=+0.40,rx=+0.45)
t=  1.9 DWA-F pos=(+0.99,+0.57) yaw=-120.3 d=6.23 goal_err=-83 carrot_err= -48 c0=2.25 clear=1.00 prog=0.00 rel=0.75 bal=+0.58 obs=132 hard=132 obsc=132 yr=  0G nz=0.11 flt=0.23 dmap=+0/-0 shz=1.9 plan=34 cmd=(lx=+0.00,ly=+0.40,rx=+0.45)
t=  2.0 DWA-F pos=(+0.99,+0.57) yaw=-120.3 d=6.23 goal_err=-83 carrot_err= -48 c0=2.25 clear=1.00 prog=0.00 rel=0.75 bal=+0.58 obs=132 hard=132 obsc=132 yr=  0G nz=0.11 flt=0.23 dmap=+0/-0 shz=1.9 plan=34 cmd=(lx=+0.00,ly=+0.40,rx=+0.45)
t=  2.1 DWA-F pos=(+0.99,+0.57) yaw=-120.3 d=6.23 goal_err=-83 carrot_err= -48 c0=2.25 clear=1.00 prog=0.00 rel=0.75 bal=+0.58 obs=133 hard=133 obsc=133 yr=  0G nz=0.11 flt=0.20 dmap=+1/-0 shz=2.2 plan=34 cmd=(lx=+0.00,ly=+0.40,rx=+0.45)
t=  2.2 DWA-F pos=(+0.99,+0.57) yaw=-120.3 d=6.23 goal_err=-83 carrot_err= -48 c0=2.25 clear=1.00 prog=0.00 rel=0.75 bal=+0.58 obs=133 hard=133 obsc=133 yr=  0G nz=0.10 flt=0.20 dmap=+0/-0 shz=2.2 plan=34 cmd=(lx=+0.00,ly=+0.40,rx=+0.45)
[VIS] perc_n=0 age=0.4 free_c=- vismap=0/0 color=- carpet=- cnear=- crmin=- door=- dets=[-]
t=  2.3 DWA-F pos=(+0.99,+0.57) yaw=-120.3 d=6.23 goal_err=-83 carrot_err= -48 c0=2.25 clear=1.00 prog=0.00 rel=0.75 bal=+0.58 obs=133 hard=133 obsc=133 yr=  0G nz=0.10 flt=0.07 dmap=+0/-0 shz=2.4 plan=34 cmd=(lx=+0.00,ly=+0.40,rx=+0.45)
t=  2.4 DWA-F pos=(+1.00,+0.54) yaw=-121.4 d=6.25 goal_err=-82 carrot_err= -48 c0=2.23 clear=1.00 prog=0.00 rel=0.88 bal=+0.56 obs=134 hard=134 obsc=134 yr= 11G nz=0.12 flt=0.07 dmap=+1/-0 shz=2.4 plan=34 cmd=(lx=+0.00,ly=+0.40,rx=+0.45)
t=  2.5 DWA-F pos=(+0.98,+0.52) yaw=-125.6 d=6.24 goal_err=-78 carrot_err= -46 c0=2.20 clear=1.00 prog=0.00 rel=0.88 bal=+0.57 obs=134 hard=134 obsc=134 yr= 41G nz=0.12 flt=0.08 dmap=+0/-0 shz=2.7 plan=34 cmd=(lx=+0.00,ly=+0.40,rx=+0.45)
t=  2.6 DWA-F pos=(+0.95,+0.50) yaw=-129.9 d=6.22 goal_err=-74 carrot_err= -42 c0=2.23 clear=1.00 prog=0.01 rel=0.80 bal=+0.58 obs=134 hard=134 obsc=134 yr= 42G nz=0.16 flt=0.08 dmap=+0/-0 shz=2.7 plan=34 cmd=(lx=+0.00,ly=+0.40,rx=+0.45)
t=  2.7 DWA-F pos=(+0.92,+0.48) yaw=-134.3 d=6.20 goal_err=-70 carrot_err= -39 c0=2.28 clear=1.00 prog=0.05 rel=0.80 bal=+0.59 obs=134 hard=134 obsc=134 yr= 43G nz=0.16 flt=0.08 dmap=+0/-0 shz=2.7 plan=34 cmd=(lx=+0.00,ly=+0.40,rx=+0.45)
t=  2.8 DWA-F pos=(+0.90,+0.47) yaw=-138.7 d=6.19 goal_err=-66 carrot_err= -37 c0=2.50 clear=1.00 prog=0.08 rel=0.80 bal=+0.60 obs=134 hard=134 obsc=134 yr= 43G nz=0.16 flt=0.22 dmap=+0/-0 shz=2.7 plan=34 cmd=(lx=+0.00,ly=+0.40,rx=+0.00)
t=  2.9 DWA-F pos=(+0.87,+0.46) yaw=-143.0 d=6.17 goal_err=-62 carrot_err= -33 c0=2.50 clear=1.00 prog=0.11 rel=0.69 bal=+0.61 obs=134 hard=134 obsc=134 yr= 43  nz=0.27 flt=0.22 dmap=+0/-0 shz=2.7 plan=34 cmd=(lx=+0.00,ly=+0.40,rx=+0.00)
t=  3.0 DWA-F pos=(+0.85,+0.44) yaw=-143.2 d=6.15 goal_err=-62 carrot_err= -34 c0=2.50 clear=1.00 prog=0.14 rel=0.69 bal=+0.62 obs=146 hard=141 obsc=215 yr=  2  nz=0.27 flt=0.05 dmap=+12/-0 shz=2.9 plan=34 cmd=(lx=+0.00,ly=+0.40,rx=+0.00)
t=  3.1 DWA-F pos=(+0.82,+0.43) yaw=-143.1 d=6.13 goal_err=-62 carrot_err= -35 c0=2.50 clear=1.00 prog=0.16 rel=0.67 bal=+0.63 obs=146 hard=141 obsc=215 yr=  1  nz=0.32 flt=0.05 dmap=+0/-0 shz=2.9 plan=34 cmd=(lx=+0.00,ly=+0.40,rx=+0.00)
t=  3.2 DWA-F pos=(+0.80,+0.41) yaw=-142.9 d=6.13 goal_err=-63 carrot_err= -37 c0=2.50 clear=1.00 prog=0.18 rel=0.67 bal=+0.62 obs=146 hard=141 obsc=215 yr=  2  nz=0.32 flt=0.05 dmap=+0/-0 shz=2.9 plan=34 cmd=(lx=+0.00,ly=+0.40,rx=+0.45)
[VIS] perc_n=0 age=0.1 free_c=- vismap=0/0 color=- carpet=- cnear=- crmin=- door=- dets=[-]
t=  3.3 DWA-F pos=(+0.78,+0.38) yaw=-142.6 d=6.12 goal_err=-63 carrot_err= -39 c0=2.50 clear=1.00 prog=0.19 rel=0.67 bal=+0.62 obs=146 hard=141 obsc=215 yr=  3G nz=0.32 flt=0.13 dmap=+0/-0 shz=2.9 plan=33 cmd=(lx=+0.00,ly=+0.40,rx=+0.45)
t=  3.4 DWA-F pos=(+0.76,+0.35) yaw=-146.3 d=6.12 goal_err=-60 carrot_err= -37 c0=2.50 clear=1.00 prog=0.20 rel=0.65 bal=+0.62 obs=146 hard=141 obsc=215 yr= 35G nz=0.33 flt=0.13 dmap=+0/-0 shz=2.9 plan=33 cmd=(lx=+0.00,ly=+0.40,rx=+0.45)
t=  3.5 DWA-F pos=(+0.74,+0.33) yaw=-149.9 d=6.11 goal_err=-56 carrot_err= -36 c0=2.50 clear=1.00 prog=0.21 rel=0.65 bal=+0.61 obs=146 hard=142 obsc=215 yr= 36G nz=0.33 flt=0.02 dmap=+0/-0 shz=3.0 plan=33 cmd=(lx=+0.00,ly=+0.40,rx=+0.00)
t=  3.6 DWA-F pos=(+0.72,+0.31) yaw=-153.7 d=6.10 goal_err=-53 carrot_err= -34 c0=2.50 clear=1.00 prog=0.23 rel=0.68 bal=+0.61 obs=146 hard=142 obsc=215 yr= 33  nz=0.32 flt=0.02 dmap=+0/-0 shz=3.0 plan=33 cmd=(lx=+0.00,ly=+0.40,rx=+0.00)
t=  3.8 DWA-F pos=(+0.69,+0.29) yaw=-153.5 d=6.08 goal_err=-53 carrot_err= -34 c0=2.50 clear=1.00 prog=0.26 rel=0.68 bal=+0.53 obs=146 hard=142 obsc=215 yr=  2  nz=0.32 flt=0.02 dmap=+0/-0 shz=3.0 plan=33 cmd=(lx=+0.00,ly=+0.40,rx=+0.00)
t=  3.9 DWA-F pos=(+0.66,+0.28) yaw=-153.4 d=6.06 goal_err=-54 carrot_err= -35 c0=2.50 clear=1.00 prog=0.29 rel=0.68 bal=+0.54 obs=199 hard=150 obsc=223 yr=  0  nz=0.32 flt=0.11 dmap=+53/-0 shz=3.1 plan=33 cmd=(lx=+0.00,ly=+0.40,rx=+0.00)
t=  4.0 DWA-F pos=(+0.63,+0.27) yaw=-153.6 d=6.03 goal_err=-54 carrot_err= -35 c0=2.50 clear=1.00 prog=0.34 rel=0.78 bal=+0.55 obs=199 hard=150 obsc=223 yr=  2  nz=0.20 flt=0.11 dmap=+0/-0 shz=3.1 plan=33 cmd=(lx=+0.00,ly=+0.40,rx=+0.00)
t=  4.1 DWA-F pos=(+0.60,+0.27) yaw=-154.0 d=6.01 goal_err=-54 carrot_err= -35 c0=2.46 clear=1.00 prog=0.38 rel=0.78 bal=+0.56 obs=211 hard=156 obsc=234 yr=  4  nz=0.20 flt=0.10 dmap=+14/-2 shz=3.2 plan=33 cmd=(lx=+0.00,ly=+0.40,rx=+0.00)
t=  4.2 DWA-F pos=(+0.57,+0.27) yaw=-154.4 d=5.98 goal_err=-53 carrot_err= -35 c0=2.44 clear=1.00 prog=0.43 rel=0.93 bal=+0.57 obs=212 hard=157 obsc=234 yr=  4  nz=0.05 flt=0.10 dmap=+1/-0 shz=3.2 plan=33 cmd=(lx=+0.00,ly=+0.40,rx=+0.00)
t=  4.3 DWA-F pos=(+0.53,+0.26) yaw=-154.7 d=5.95 goal_err=-53 carrot_err= -36 c0=2.50 clear=1.00 prog=0.47 rel=0.93 bal=+0.58 obs=221 hard=157 obsc=241 yr=  4  nz=0.05 flt=0.07 dmap=+10/-1 shz=3.2 plan=33 cmd=(lx=+0.00,ly=+0.40,rx=+0.00)
[VIS] perc_n=0 age=0.2 free_c=- vismap=0/0 color=- carpet=- cnear=- crmin=- door=- dets=[-]
t=  4.4 DWA-F pos=(+0.50,+0.26) yaw=-155.1 d=5.93 goal_err=-53 carrot_err= -36 c0=2.50 clear=1.00 prog=0.56 rel=0.94 bal=+0.59 obs=221 hard=157 obsc=241 yr=  3  nz=0.04 flt=0.07 dmap=+0/-0 shz=3.2 plan=33 cmd=(lx=+0.00,ly=+0.40,rx=+0.00)
t=  4.5 DWA-F pos=(+0.47,+0.25) yaw=-155.3 d=5.90 goal_err=-53 carrot_err= -34 c0=2.50 clear=1.00 prog=0.58 rel=0.94 bal=+0.61 obs=221 hard=157 obsc=241 yr=  3  nz=0.04 flt=0.07 dmap=+0/-0 shz=3.2 plan=33 cmd=(lx=+0.00,ly=+0.40,rx=+0.00)
t=  4.6 DWA-F pos=(+0.45,+0.24) yaw=-155.3 d=5.89 goal_err=-53 carrot_err= -35 c0=2.47 clear=1.00 prog=0.58 rel=0.94 bal=+0.62 obs=227 hard=159 obsc=251 yr=  0  nz=0.04 flt=0.08 dmap=+11/-5 shz=3.2 plan=33 cmd=(lx=+0.00,ly=+0.40,rx=+0.00)
t=  4.7 DWA-F pos=(+0.43,+0.22) yaw=-155.1 d=5.88 goal_err=-54 carrot_err= -37 c0=2.44 clear=1.00 prog=0.56 rel=0.93 bal=+0.62 obs=227 hard=159 obsc=251 yr=  2  nz=0.04 flt=0.08 dmap=+0/-0 shz=3.2 plan=33 cmd=(lx=+0.00,ly=+0.40,rx=+0.00)
t=  4.8 DWA-F pos=(+0.38,+0.19) yaw=-155.0 d=5.85 goal_err=-54 carrot_err= -40 c0=2.39 clear=1.00 prog=0.57 rel=0.93 bal=+0.63 obs=226 hard=185 obsc=252 yr=  1  nz=0.04 flt=0.04 dmap=+5/-6 shz=3.3 plan=33 cmd=(lx=+0.00,ly=+0.40,rx=+0.00)
t=  4.9 DWA-F pos=(+0.36,+0.17) yaw=-154.6 d=5.85 goal_err=-55 carrot_err= -28 c0=2.36 clear=1.00 prog=0.55 rel=0.91 bal=+0.62 obs=226 hard=185 obsc=252 yr=  4  nz=0.07 flt=0.04 dmap=+0/-0 shz=3.3 plan=31 cmd=(lx=+0.00,ly=+0.40,rx=+0.00)
t=  5.0 DWA-F pos=(+0.34,+0.14) yaw=-154.3 d=5.84 goal_err=-55 carrot_err= -30 c0=2.32 clear=1.00 prog=0.53 rel=0.91 bal=+0.62 obs=226 hard=185 obsc=252 yr=  3  nz=0.07 flt=0.04 dmap=+0/-0 shz=3.3 plan=31 cmd=(lx=+0.00,ly=+0.40,rx=+0.00)
t=  5.1 DWA-F pos=(+0.31,+0.12) yaw=-154.0 d=5.83 goal_err=-56 carrot_err= -33 c0=2.29 clear=1.00 prog=0.52 rel=0.91 bal=+0.62 obs=237 hard=198 obsc=256 yr=  3  nz=0.07 flt=0.07 dmap=+14/-3 shz=3.3 plan=31 cmd=(lx=+0.00,ly=+0.40,rx=+0.00)
t=  5.2 DWA-F pos=(+0.29,+0.10) yaw=-153.8 d=5.82 goal_err=-57 carrot_err= -20 c0=2.26 clear=1.00 prog=0.53 rel=0.85 bal=+0.53 obs=237 hard=198 obsc=256 yr=  2  nz=0.13 flt=0.07 dmap=+0/-0 shz=3.3 plan=31 cmd=(lx=+0.00,ly=+0.40,rx=+0.00)
t=  5.3 DWA-F pos=(+0.26,+0.08) yaw=-153.8 d=5.80 goal_err=-57 carrot_err= -21 c0=2.23 clear=1.00 prog=0.55 rel=0.85 bal=+0.53 obs=239 hard=209 obsc=257 yr=  1  nz=0.13 flt=0.08 dmap=+3/-1 shz=3.4 plan=31 cmd=(lx=+0.00,ly=+0.40,rx=+0.00)
[VIS] perc_n=0 age=0.0 free_c=- vismap=0/0 color=- carpet=- cnear=- crmin=- door=- dets=[-]
t=  5.4 DWA-F pos=(+0.23,+0.08) yaw=-154.0 d=5.78 goal_err=-57 carrot_err= -21 c0=2.20 clear=1.00 prog=0.57 rel=0.81 bal=+0.53 obs=239 hard=209 obsc=257 yr=  2  nz=0.17 flt=0.08 dmap=+0/-0 shz=3.4 plan=31 cmd=(lx=+0.00,ly=+0.40,rx=+0.00)
t=  5.5 DWA-F pos=(+0.20,+0.07) yaw=-154.3 d=5.76 goal_err=-57 carrot_err= -21 c0=2.18 clear=1.00 prog=0.60 rel=0.81 bal=+0.54 obs=239 hard=209 obsc=257 yr=  3  nz=0.17 flt=0.08 dmap=+0/-0 shz=3.4 plan=31 cmd=(lx=+0.00,ly=+0.40,rx=+0.00)
t=  5.6 DWA-F pos=(+0.17,+0.07) yaw=-154.7 d=5.73 goal_err=-57 carrot_err= -20 c0=2.44 clear=1.00 prog=0.63 rel=0.81 bal=+0.55 obs=243 hard=218 obsc=261 yr=  4  nz=0.17 flt=0.10 dmap=+6/-2 shz=3.4 plan=31 cmd=(lx=+0.00,ly=+0.40,rx=+0.00)
t=  5.7 DWA-F pos=(+0.14,+0.06) yaw=-155.1 d=5.71 goal_err=-56 carrot_err= -20 c0=2.48 clear=1.00 prog=0.64 rel=0.84 bal=+0.56 obs=243 hard=218 obsc=261 yr=  3  nz=0.15 flt=0.10 dmap=+0/-0 shz=3.4 plan=31 cmd=(lx=+0.00,ly=+0.40,rx=+0.00)
t=  5.8 DWA-F pos=(+0.10,+0.06) yaw=-155.3 d=5.68 goal_err=-56 carrot_err= -20 c0=2.45 clear=1.00 prog=0.65 rel=0.84 bal=+0.48 obs=248 hard=223 obsc=263 yr=  2  nz=0.15 flt=0.07 dmap=+5/-0 shz=3.4 plan=31 cmd=(lx=+0.00,ly=+0.40,rx=+0.00)
t=  5.9 DWA-F pos=(+0.08,+0.05) yaw=-155.5 d=5.66 goal_err=-56 carrot_err= -21 c0=2.43 clear=1.00 prog=0.64 rel=0.84 bal=+0.48 obs=248 hard=223 obsc=263 yr=  1  nz=0.14 flt=0.07 dmap=+0/-0 shz=3.4 plan=31 cmd=(lx=+0.00,ly=+0.40,rx=+0.00)
t=  6.0 DWA-F pos=(+0.06,+0.04) yaw=-155.3 d=5.65 goal_err=-57 carrot_err= -22 c0=2.40 clear=1.00 prog=0.61 rel=0.84 bal=+0.48 obs=248 hard=223 obsc=263 yr=  1  nz=0.14 flt=0.07 dmap=+0/-0 shz=3.4 plan=31 cmd=(lx=+0.00,ly=+0.40,rx=+0.00)
t=  6.1 DWA-F pos=(+0.03,+0.02) yaw=-155.1 d=5.64 goal_err=-57 carrot_err= -24 c0=2.37 clear=1.00 prog=0.58 rel=0.84 bal=+0.46 obs=250 hard=224 obsc=273 yr=  2  nz=0.14 flt=0.05 dmap=+6/-4 shz=3.4 plan=31 cmd=(lx=+0.00,ly=+0.40,rx=+0.00)
t=  6.2 DWA-F pos=(+0.00,-0.00) yaw=-154.8 d=5.63 goal_err=-58 carrot_err= -25 c0=2.33 clear=1.00 prog=0.56 rel=0.86 bal=+0.45 obs=250 hard=224 obsc=273 yr=  3  nz=0.13 flt=0.05 dmap=+0/-0 shz=3.4 plan=31 cmd=(lx=+0.00,ly=+0.40,rx=+0.00)
t=  6.3 DWA-F pos=(-0.01,-0.03) yaw=-154.5 d=5.62 goal_err=-59 carrot_err= -27 c0=2.31 clear=1.00 prog=0.52 rel=0.86 bal=+0.43 obs=256 hard=236 obsc=278 yr=  3  nz=0.13 flt=0.07 dmap=+10/-4 shz=3.5 plan=31 cmd=(lx=+0.00,ly=+0.40,rx=+0.00)
[VIS] perc_n=0 age=0.1 free_c=- vismap=0/0 color=- carpet=- cnear=- crmin=- door=- dets=[-]
t=  6.4 DWA-F pos=(-0.03,-0.05) yaw=-154.1 d=5.62 goal_err=-59 carrot_err= -30 c0=2.28 clear=1.00 prog=0.48 rel=0.85 bal=+0.42 obs=256 hard=236 obsc=278 yr=  4  nz=0.14 flt=0.07 dmap=+0/-0 shz=3.5 plan=29 cmd=(lx=+0.00,ly=+0.40,rx=+0.00)
t=  6.5 DWA-F pos=(-0.06,-0.07) yaw=-153.8 d=5.62 goal_err=-60 carrot_err= -32 c0=2.25 clear=1.00 prog=0.46 rel=0.85 bal=+0.40 obs=259 hard=238 obsc=279 yr=  3  nz=0.14 flt=0.07 dmap=+7/-4 shz=3.5 plan=29 cmd=(lx=+0.00,ly=+0.40,rx=+0.00)
t=  6.6 DWA-F pos=(-0.08,-0.09) yaw=-153.7 d=5.61 goal_err=-60 carrot_err= -34 c0=2.22 clear=1.00 prog=0.46 rel=0.85 bal=+0.40 obs=259 hard=238 obsc=279 yr=  1  nz=0.14 flt=0.07 dmap=+0/-0 shz=3.5 plan=29 cmd=(lx=+0.00,ly=+0.40,rx=+0.00)
t=  6.7 DWA-F pos=(-0.11,-0.11) yaw=-153.7 d=5.59 goal_err=-61 carrot_err= -33 c0=2.18 clear=1.00 prog=0.45 rel=0.85 bal=+0.40 obs=259 hard=238 obsc=279 yr=  0  nz=0.14 flt=0.07 dmap=+0/-0 shz=3.5 plan=29 cmd=(lx=+0.00,ly=+0.40,rx=+0.00)
t=  6.8 DWA-F pos=(-0.14,-0.11) yaw=-154.0 d=5.57 goal_err=-60 carrot_err= -33 c0=2.16 clear=1.00 prog=0.48 rel=0.85 bal=+0.41 obs=264 hard=242 obsc=283 yr=  3  nz=0.14 flt=0.08 dmap=+7/-2 shz=3.5 plan=29 cmd=(lx=+0.00,ly=+0.40,rx=+0.00)
t=  6.9 DWA-F pos=(-0.17,-0.12) yaw=-154.3 d=5.55 goal_err=-60 carrot_err= -34 c0=2.13 clear=1.00 prog=0.50 rel=0.82 bal=+0.41 obs=264 hard=242 obsc=283 yr=  3  nz=0.17 flt=0.08 dmap=+0/-0 shz=3.5 plan=29 cmd=(lx=+0.00,ly=+0.40,rx=+0.00)
t=  7.0 DWA-F pos=(-0.21,-0.12) yaw=-154.7 d=5.52 goal_err=-60 carrot_err= -34 c0=2.10 clear=1.00 prog=0.53 rel=0.82 bal=+0.43 obs=266 hard=246 obsc=289 yr=  4  nz=0.17 flt=0.09 dmap=+5/-3 shz=3.5 plan=29 cmd=(lx=+0.00,ly=+0.40,rx=+0.00)
t=  7.1 DWA-F pos=(-0.24,-0.12) yaw=-155.1 d=5.49 goal_err=-60 carrot_err= -34 c0=2.07 clear=1.00 prog=0.55 rel=0.79 bal=+0.45 obs=266 hard=246 obsc=289 yr=  3  nz=0.21 flt=0.09 dmap=+0/-0 shz=3.5 plan=29 cmd=(lx=+0.00,ly=+0.40,rx=+0.00)
t=  7.2 DWA-F pos=(-0.27,-0.13) yaw=-155.3 d=5.47 goal_err=-60 carrot_err= -35 c0=2.04 clear=1.00 prog=0.56 rel=0.79 bal=+0.45 obs=266 hard=246 obsc=289 yr=  3  nz=0.21 flt=0.09 dmap=+0/-0 shz=3.5 plan=29 cmd=(lx=+0.00,ly=+0.40,rx=+0.00)
t=  7.3 DWA-F pos=(-0.30,-0.14) yaw=-155.5 d=5.45 goal_err=-60 carrot_err= -35 c0=2.01 clear=1.00 prog=0.55 rel=0.79 bal=+0.45 obs=271 hard=254 obsc=296 yr=  1  nz=0.21 flt=0.16 dmap=+9/-4 shz=3.5 plan=29 cmd=(lx=+0.00,ly=+0.40,rx=+0.00)
[VIS] perc_n=0 age=0.2 free_c=- vismap=0/0 color=- carpet=- cnear=- crmin=- door=- dets=[-]
t=  7.4 DWA-F pos=(-0.32,-0.15) yaw=-155.5 d=5.44 goal_err=-60 carrot_err= -34 c0=1.98 clear=1.00 prog=0.54 rel=0.78 bal=+0.38 obs=271 hard=254 obsc=296 yr=  0  nz=0.21 flt=0.16 dmap=+0/-0 shz=3.5 plan=29 cmd=(lx=+0.00,ly=+0.40,rx=+0.00)
t=  7.5 DWA-F pos=(-0.35,-0.17) yaw=-155.2 d=5.43 goal_err=-61 carrot_err= -36 c0=1.95 clear=1.00 prog=0.50 rel=0.78 bal=+0.36 obs=273 hard=253 obsc=304 yr=  3  nz=0.21 flt=0.10 dmap=+7/-5 shz=3.6 plan=29 cmd=(lx=+0.00,ly=+0.40,rx=+0.00)
t=  7.7 DWA-F pos=(-0.37,-0.19) yaw=-154.8 d=5.43 goal_err=-62 carrot_err= -38 c0=1.91 clear=1.00 prog=0.48 rel=0.74 bal=+0.35 obs=273 hard=253 obsc=304 yr=  4  nz=0.24 flt=0.10 dmap=+0/-0 shz=3.6 plan=29 cmd=(lx=+0.00,ly=+0.40,rx=+0.45)
t=  7.8 DWA-F pos=(-0.40,-0.22) yaw=-154.5 d=5.42 goal_err=-62 carrot_err= -41 c0=1.88 clear=1.00 prog=0.44 rel=0.74 bal=+0.31 obs=274 hard=254 obsc=304 yr=  4G nz=0.24 flt=0.10 dmap=+1/-0 shz=3.6 plan=29 cmd=(lx=+0.00,ly=+0.40,rx=+0.45)
t=  7.9 DWA-F pos=(-0.42,-0.24) yaw=-158.1 d=5.42 goal_err=-59 carrot_err= -39 c0=1.85 clear=1.00 prog=0.42 rel=0.74 bal=+0.29 obs=274 hard=255 obsc=304 yr= 36G nz=0.24 flt=0.16 dmap=+0/-0 shz=3.6 plan=29 cmd=(lx=+0.00,ly=+0.40,rx=+0.45)
t=  8.0 DWA-F pos=(-0.44,-0.26) yaw=-161.9 d=5.41 goal_err=-56 carrot_err= -37 c0=1.82 clear=1.00 prog=0.41 rel=0.73 bal=+0.28 obs=274 hard=255 obsc=304 yr= 37G nz=0.22 flt=0.16 dmap=+0/-0 shz=3.6 plan=27 cmd=(lx=+0.00,ly=+0.40,rx=+0.45)
t=  8.1 DWA-F pos=(-0.48,-0.27) yaw=-165.8 d=5.39 goal_err=-52 carrot_err= -35 c0=1.78 clear=1.00 prog=0.42 rel=0.73 bal=+0.41 obs=274 hard=255 obsc=304 yr= 37G nz=0.22 flt=0.08 dmap=+0/-0 shz=3.6 plan=27 cmd=(lx=+0.00,ly=+0.40,rx=+0.00)
t=  8.2 DWA-F pos=(-0.51,-0.28) yaw=-169.9 d=5.37 goal_err=-48 carrot_err= -32 c0=1.75 clear=1.00 prog=0.44 rel=0.78 bal=+0.41 obs=274 hard=255 obsc=304 yr= 40  nz=0.21 flt=0.08 dmap=+0/-0 shz=3.6 plan=27 cmd=(lx=+0.00,ly=+0.40,rx=+0.00)
t=  8.3 DWA-F pos=(-0.54,-0.27) yaw=-170.1 d=5.34 goal_err=-48 carrot_err= -32 c0=1.73 clear=1.00 prog=0.48 rel=0.78 bal=+0.51 obs=286 hard=257 obsc=312 yr=  2  nz=0.21 flt=0.06 dmap=+16/-4 shz=3.6 plan=27 cmd=(lx=+0.00,ly=+0.40,rx=+0.00)
t=  8.4 DWA-F pos=(-0.57,-0.27) yaw=-170.4 d=5.32 goal_err=-48 carrot_err= -33 c0=1.70 clear=1.00 prog=0.52 rel=0.76 bal=+0.51 obs=286 hard=257 obsc=312 yr=  4  nz=0.24 flt=0.06 dmap=+0/-0 shz=3.6 plan=27 cmd=(lx=+0.00,ly=+0.40,rx=+0.00)
[VIS] perc_n=0 age=0.2 free_c=- vismap=0/0 color=- carpet=- cnear=- crmin=- door=- dets=[-]
t=  8.5 DWA-F pos=(-0.59,-0.26) yaw=-170.8 d=5.30 goal_err=-48 carrot_err= -32 c0=1.70 clear=1.00 prog=0.55 rel=0.76 bal=+0.52 obs=286 hard=257 obsc=312 yr=  4  nz=0.24 flt=0.06 dmap=+0/-0 shz=3.6 plan=27 cmd=(lx=+0.00,ly=+0.40,rx=+0.00)
t=  8.6 DWA-F pos=(-0.59,-0.25) yaw=-171.2 d=5.29 goal_err=-47 carrot_err= -31 c0=1.78 clear=1.00 prog=0.54 rel=0.76 bal=+0.53 obs=286 hard=257 obsc=312 yr=  3  nz=0.24 flt=0.06 dmap=+0/-0 shz=3.6 plan=27 cmd=(lx=+0.00,ly=+0.40,rx=+0.00)
t=  8.7 DWA-F pos=(-0.59,-0.24) yaw=-171.4 d=5.28 goal_err=-47 carrot_err= -30 c0=1.78 clear=1.00 prog=0.53 rel=0.76 bal=+0.54 obs=286 hard=257 obsc=312 yr=  3  nz=0.24 flt=0.06 dmap=+0/-0 shz=3.6 plan=27 cmd=(lx=+0.00,ly=+0.40,rx=+0.00)
t=  8.8 DWA-F pos=(-0.59,-0.24) yaw=-171.5 d=5.28 goal_err=-47 carrot_err= -30 c0=1.78 clear=1.00 prog=0.49 rel=0.76 bal=+0.55 obs=286 hard=257 obsc=312 yr=  1  nz=0.24 flt=0.06 dmap=+0/-0 shz=3.6 plan=27 cmd=(lx=+0.00,ly=+0.40,rx=+0.00)
t=  8.9 DWA-F pos=(-0.59,-0.24) yaw=-171.5 d=5.28 goal_err=-47 carrot_err= -30 c0=1.78 clear=1.00 prog=0.46 rel=0.76 bal=+0.54 obs=286 hard=257 obsc=312 yr=  1  nz=0.24 flt=0.06 dmap=+0/-0 shz=3.6 plan=27 cmd=(lx=+0.00,ly=+0.40,rx=+0.00)
t=  9.0 DWA-F pos=(-0.59,-0.25) yaw=-171.3 d=5.29 goal_err=-47 carrot_err= -31 c0=1.78 clear=1.00 prog=0.40 rel=0.76 bal=+0.54 obs=286 hard=257 obsc=312 yr=  2  nz=0.24 flt=0.06 dmap=+0/-0 shz=3.6 plan=27 cmd=(lx=+0.00,ly=+0.40,rx=+0.00)
t=  9.1 DWA-F pos=(-0.59,-0.26) yaw=-170.9 d=5.29 goal_err=-48 carrot_err= -32 c0=1.70 clear=1.00 prog=0.34 rel=0.76 bal=+0.52 obs=286 hard=257 obsc=312 yr=  3  nz=0.24 flt=0.06 dmap=+0/-0 shz=3.6 plan=27 cmd=(lx=+0.00,ly=+0.40,rx=+0.00)
t=  9.2 DWA-F pos=(-0.59,-0.27) yaw=-170.6 d=5.30 goal_err=-48 carrot_err= -33 c0=1.69 clear=1.00 prog=0.29 rel=0.76 bal=+0.51 obs=286 hard=257 obsc=312 yr=  4  nz=0.24 flt=0.06 dmap=+0/-0 shz=3.6 plan=27 cmd=(lx=+0.00,ly=+0.40,rx=+0.00)
SCAN-STALE nube 'location' sin refrescar 10 ticks (mapa congelado)
t=  9.3 DWA-F pos=(-0.59,-0.26) yaw=-170.7 d=5.30 goal_err=-48 carrot_err= -33 c0=1.69 clear=1.00 prog=0.27 rel=0.76 bal=+0.52 obs=286 hard=257 obsc=312 yr=  1  nz=0.24 flt=0.06 dmap=+0/-0 shz=3.6 plan=27 cmd=(lx=+0.00,ly=+0.40,rx=+0.00)
t=  9.4 DWA-F pos=(-0.59,-0.26) yaw=-170.7 d=5.30 goal_err=-48 carrot_err= -33 c0=1.69 clear=1.00 prog=0.25 rel=0.76 bal=+0.52 obs=286 hard=257 obsc=312 yr=  0  nz=0.24 flt=0.06 dmap=+0/-0 shz=3.6 plan=27 cmd=(lx=+0.00,ly=+0.40,rx=+0.00)
LOOK #2 hq=320x180 pos=(-0.59,-0.26) t=9s
[VIS] perc_n=0 age=0.9 free_c=- vismap=0/0 color=- carpet=- cnear=- crmin=- door=- dets=[-]
t=  9.5 DWA-F pos=(-0.59,-0.26) yaw=-170.7 d=5.30 goal_err=-48 carrot_err= -27 c0=1.69 clear=1.00 prog=0.23 rel=0.76 bal=+0.52 obs=292 hard=264 obsc=317 yr=  0  nz=0.24 flt=0.07 dmap=+10/-4 shz=3.2 plan=26 cmd=(lx=+0.00,ly=+0.40,rx=+0.00)
t=  9.6 DWA-F pos=(-0.59,-0.26) yaw=-170.7 d=5.30 goal_err=-48 carrot_err= -27 c0=1.69 clear=1.00 prog=0.22 rel=0.92 bal=+0.47 obs=296 hard=264 obsc=318 yr=  0  nz=0.07 flt=0.04 dmap=+6/-2 shz=3.3 plan=26 cmd=(lx=+0.00,ly=+0.40,rx=+0.00)
t=  9.7 DWA-F pos=(-0.59,-0.26) yaw=-170.7 d=5.30 goal_err=-48 carrot_err= -27 c0=1.69 clear=1.00 prog=0.21 rel=0.95 bal=+0.47 obs=296 hard=264 obsc=318 yr=  0  nz=0.05 flt=0.04 dmap=+0/-0 shz=3.3 plan=26 cmd=(lx=+0.00,ly=+0.40,rx=+0.00)
t=  9.8 DWA-F pos=(-0.59,-0.26) yaw=-170.7 d=5.30 goal_err=-48 carrot_err= -27 c0=1.69 clear=1.00 prog=0.20 rel=0.95 bal=+0.52 obs=299 hard=268 obsc=319 yr=  0  nz=0.05 flt=0.05 dmap=+5/-2 shz=3.4 plan=26 cmd=(lx=+0.00,ly=+0.40,rx=+0.00)
t=  9.9 DWA-F pos=(-0.59,-0.26) yaw=-170.7 d=5.30 goal_err=-48 carrot_err= -27 c0=1.69 clear=1.00 prog=0.19 rel=0.97 bal=+0.52 obs=299 hard=268 obsc=319 yr=  0  nz=0.03 flt=0.05 dmap=+0/-0 shz=3.4 plan=26 cmd=(lx=+0.00,ly=+0.40,rx=+0.00)
t= 10.0 DWA-F pos=(-0.59,-0.26) yaw=-170.7 d=5.30 goal_err=-48 carrot_err= -27 c0=1.69 clear=1.00 prog=0.16 rel=0.97 bal=+0.52 obs=299 hard=268 obsc=319 yr=  0  nz=0.03 flt=0.05 dmap=+0/-0 shz=3.4 plan=26 cmd=(lx=+0.00,ly=+0.40,rx=+0.00)
t= 10.1 DWA-F pos=(-0.59,-0.26) yaw=-170.7 d=5.30 goal_err=-48 carrot_err= -27 c0=1.69 clear=1.00 prog=0.12 rel=0.97 bal=+0.52 obs=296 hard=266 obsc=323 yr=  0  nz=0.03 flt=0.05 dmap=+4/-7 shz=3.3 plan=26 cmd=(lx=+0.00,ly=+0.40,rx=+0.00)
t= 10.2 DWA-F pos=(-0.59,-0.26) yaw=-170.7 d=5.30 goal_err=-48 carrot_err= -27 c0=1.69 clear=1.00 prog=0.08 rel=0.97 bal=+0.52 obs=296 hard=266 obsc=323 yr=  0  nz=0.03 flt=0.05 dmap=+0/-0 shz=3.3 plan=26 cmd=(lx=+0.00,ly=+0.40,rx=+0.00)
t= 10.3 DWA-F pos=(-0.59,-0.26) yaw=-170.7 d=5.30 goal_err=-48 carrot_err= -27 c0=1.69 clear=1.00 prog=0.03 rel=0.97 bal=+0.52 obs=323 hard=291 obsc=344 yr=  0  nz=0.03 flt=0.35 dmap=+27/-0 shz=3.4 plan=26 cmd=(lx=+0.00,ly=+0.40,rx=+0.00)
t= 10.4 DWA-F pos=(-0.59,-0.26) yaw=-170.7 d=5.30 goal_err=-48 carrot_err= -27 c0=1.69 clear=1.00 prog=0.00 rel=0.78 bal=+0.52 obs=323 hard=291 obsc=344 yr=  0  nz=0.13 flt=0.35 dmap=+0/-0 shz=3.4 plan=26 cmd=(lx=+0.00,ly=+0.40,rx=+0.00)
[VIS] perc_n=0 age=0.7 free_c=- vismap=0/0 color=- carpet=- cnear=- crmin=- door=- dets=[-]
t= 10.5 DWA-F pos=(-0.61,-0.28) yaw=-170.3 d=5.29 goal_err=-49 carrot_err= -30 c0=1.66 clear=1.00 prog=0.00 rel=0.78 bal=+0.55 obs=345 hard=311 obsc=383 yr=  4  nz=0.13 flt=0.26 dmap=+24/-2 shz=3.4 plan=26 cmd=(lx=+0.00,ly=+0.40,rx=+0.00)
t= 10.6 DWA-F pos=(-0.64,-0.30) yaw=-170.0 d=5.28 goal_err=-49 carrot_err= -31 c0=1.63 clear=1.00 prog=0.01 rel=0.73 bal=+0.54 obs=345 hard=311 obsc=383 yr=  2  nz=0.16 flt=0.26 dmap=+0/-0 shz=3.4 plan=26 cmd=(lx=+0.00,ly=+0.40,rx=+0.00)
t= 10.7 DWA-F pos=(-0.67,-0.30) yaw=-169.9 d=5.26 goal_err=-50 carrot_err= -33 c0=1.60 clear=1.00 prog=0.04 rel=0.73 bal=+0.53 obs=345 hard=311 obsc=383 yr=  2  nz=0.16 flt=0.26 dmap=+0/-0 shz=3.4 plan=26 cmd=(lx=+0.00,ly=+0.40,rx=+0.00)
t= 10.8 DWA-F pos=(-0.70,-0.31) yaw=-169.9 d=5.24 goal_err=-50 carrot_err= -34 c0=1.58 clear=1.00 prog=0.07 rel=0.73 bal=+0.41 obs=370 hard=326 obsc=429 yr=  0  nz=0.16 flt=0.16 dmap=+27/-2 shz=3.4 plan=26 cmd=(lx=+0.00,ly=+0.40,rx=+0.00)
t= 10.9 DWA-F pos=(-0.73,-0.31) yaw=-170.1 d=5.22 goal_err=-50 carrot_err= -34 c0=1.63 clear=1.00 prog=0.12 rel=0.71 bal=+0.41 obs=370 hard=327 obsc=429 yr=  2  nz=0.20 flt=0.16 dmap=+0/-0 shz=3.4 plan=26 cmd=(lx=+0.00,ly=+0.40,rx=+0.00)
t= 11.0 DWA-F pos=(-0.76,-0.30) yaw=-170.4 d=5.19 goal_err=-50 carrot_err= -40 c0=1.70 clear=1.00 prog=0.17 rel=0.71 bal=+0.42 obs=364 hard=318 obsc=410 yr=  3  nz=0.20 flt=0.04 dmap=+6/-12 shz=3.4 plan=25 cmd=(lx=+0.00,ly=+0.40,rx=+0.00)
t= 11.2 DWA-F pos=(-0.79,-0.30) yaw=-170.8 d=5.17 goal_err=-49 carrot_err= -41 c0=1.68 clear=1.00 prog=0.23 rel=0.80 bal=+0.42 obs=364 hard=318 obsc=410 yr=  3  nz=0.20 flt=0.04 dmap=+0/-0 shz=3.4 plan=25 cmd=(lx=+0.00,ly=+0.40,rx=+0.00)
t= 11.3 DWA-F pos=(-0.82,-0.29) yaw=-171.1 d=5.14 goal_err=-49 carrot_err= -41 c0=1.65 clear=1.00 prog=0.27 rel=0.80 bal=+0.43 obs=364 hard=318 obsc=410 yr=  4  nz=0.20 flt=0.04 dmap=+0/-0 shz=3.4 plan=25 cmd=(lx=+0.00,ly=+0.40,rx=+0.00)
t= 11.4 DWA-F pos=(-0.85,-0.29) yaw=-171.4 d=5.11 goal_err=-49 carrot_err= -42 c0=1.70 clear=1.00 prog=0.32 rel=0.80 bal=+0.43 obs=367 hard=322 obsc=404 yr=  3  nz=0.20 flt=0.05 dmap=+7/-4 shz=3.4 plan=25 cmd=(lx=+0.00,ly=+0.40,rx=+0.45)
t= 11.5 DWA-F pos=(-0.89,-0.29) yaw=-171.6 d=5.09 goal_err=-49 carrot_err= -43 c0=1.67 clear=1.00 prog=0.35 rel=0.80 bal=+0.26 obs=367 hard=322 obsc=404 yr=  2G nz=0.20 flt=0.05 dmap=+0/-0 shz=3.4 plan=25 cmd=(lx=+0.00,ly=+0.40,rx=+0.45)
[VIS] perc_n=0 age=0.1 free_c=- vismap=0/0 color=- carpet=- cnear=- crmin=- door=- dets=[-]
t= 11.6 DWA-F pos=(-0.92,-0.30) yaw=-175.5 d=5.07 goal_err=-46 carrot_err= -43 c0=1.64 clear=1.00 prog=0.39 rel=0.80 bal=+0.42 obs=367 hard=323 obsc=404 yr= 38G nz=0.20 flt=0.12 dmap=+0/-0 shz=3.4 plan=25 cmd=(lx=+0.00,ly=+0.40,rx=+0.45)
t= 11.7 DWA-F pos=(-0.94,-0.31) yaw=-179.3 d=5.05 goal_err=-42 carrot_err= -40 c0=1.62 clear=1.00 prog=0.41 rel=0.80 bal=+0.41 obs=367 hard=323 obsc=404 yr= 37G nz=0.20 flt=0.12 dmap=+0/-0 shz=3.4 plan=25 cmd=(lx=+0.00,ly=+0.40,rx=+0.45)
t= 11.8 DWA-F pos=(-0.97,-0.31) yaw=+177.1 d=5.04 goal_err=-39 carrot_err= -38 c0=1.70 clear=1.00 prog=0.45 rel=0.80 bal=+0.40 obs=368 hard=324 obsc=405 yr= 35G nz=0.20 flt=0.06 dmap=+1/-0 shz=3.5 plan=25 cmd=(lx=+0.00,ly=+0.40,rx=+0.45)
t= 11.9 DWA-F pos=(-1.01,-0.32) yaw=+173.5 d=5.02 goal_err=-36 carrot_err= -36 c0=1.66 clear=1.00 prog=0.48 rel=0.80 bal=+0.53 obs=368 hard=324 obsc=405 yr= 35G nz=0.20 flt=0.06 dmap=+0/-0 shz=3.5 plan=25 cmd=(lx=+0.00,ly=+0.40,rx=+0.00)
t= 12.0 DWA-F pos=(-1.04,-0.33) yaw=+169.9 d=5.00 goal_err=-32 carrot_err= -34 c0=1.76 clear=1.00 prog=0.51 rel=0.80 bal=+0.43 obs=369 hard=325 obsc=406 yr= 35  nz=0.20 flt=0.06 dmap=+1/-0 shz=3.5 plan=25 cmd=(lx=+0.00,ly=+0.40,rx=+0.00)
t= 12.1 DWA-F pos=(-1.07,-0.33) yaw=+168.2 d=4.97 goal_err=-31 carrot_err= -33 c0=1.73 clear=1.00 prog=0.55 rel=0.80 bal=+0.28 obs=373 hard=324 obsc=409 yr= 17  nz=0.20 flt=0.11 dmap=+8/-4 shz=3.5 plan=25 cmd=(lx=+0.00,ly=+0.40,rx=+0.00)
t= 12.2 DWA-F pos=(-1.13,-0.32) yaw=+168.2 d=4.93 goal_err=-31 carrot_err= -35 c0=1.67 clear=1.00 prog=0.63 rel=0.81 bal=+0.26 obs=373 hard=324 obsc=409 yr=  0  nz=0.20 flt=0.11 dmap=+0/-0 shz=3.5 plan=25 cmd=(lx=+0.00,ly=+0.40,rx=+0.00)
t= 12.3 DWA-F pos=(-1.15,-0.31) yaw=+168.1 d=4.90 goal_err=-31 carrot_err= -36 c0=1.65 clear=1.00 prog=0.67 rel=0.81 bal=+0.25 obs=362 hard=331 obsc=412 yr=  1  nz=0.20 flt=0.10 dmap=+4/-15 shz=3.5 plan=25 cmd=(lx=+0.00,ly=+0.40,rx=+0.00)
t= 12.4 DWA-F pos=(-1.18,-0.30) yaw=+167.7 d=4.87 goal_err=-31 carrot_err= -36 c0=1.62 clear=1.00 prog=0.73 rel=0.81 bal=+0.25 obs=362 hard=331 obsc=412 yr=  4  nz=0.18 flt=0.10 dmap=+0/-0 shz=3.5 plan=25 cmd=(lx=+0.00,ly=+0.40,rx=+0.00)
t= 12.5 DWA-F pos=(-1.21,-0.28) yaw=+167.4 d=4.84 goal_err=-31 carrot_err= -37 c0=1.59 clear=1.00 prog=0.77 rel=0.81 bal=+0.26 obs=362 hard=331 obsc=412 yr=  3  nz=0.18 flt=0.10 dmap=+0/-0 shz=3.5 plan=25 cmd=(lx=+0.00,ly=+0.40,rx=+0.00)
[VIS] perc_n=0 age=0.1 free_c=- vismap=0/0 color=- carpet=- cnear=- crmin=- door=- dets=[-]
t= 12.6 DWA-F pos=(-1.24,-0.27) yaw=+167.0 d=4.81 goal_err=-30 carrot_err= -18 c0=1.57 clear=1.00 prog=0.80 rel=0.81 bal=+0.26 obs=346 hard=329 obsc=401 yr=  4  nz=0.18 flt=0.13 dmap=+6/-22 shz=3.5 plan=23 cmd=(lx=+0.00,ly=+0.40,rx=+0.00)
t= 12.7 DWA-F pos=(-1.26,-0.25) yaw=+166.7 d=4.78 goal_err=-30 carrot_err= -18 c0=1.54 clear=1.00 prog=0.82 rel=0.90 bal=+0.27 obs=346 hard=329 obsc=401 yr=  3  nz=0.10 flt=0.13 dmap=+0/-0 shz=3.5 plan=23 cmd=(lx=+0.00,ly=+0.40,rx=+0.00)
t= 12.8 DWA-F pos=(-1.29,-0.23) yaw=+166.4 d=4.75 goal_err=-30 carrot_err= -18 c0=1.52 clear=1.00 prog=0.84 rel=0.90 bal=+0.27 obs=344 hard=319 obsc=385 yr=  2  nz=0.10 flt=0.12 dmap=+2/-4 shz=3.5 plan=23 cmd=(lx=+0.00,ly=+0.40,rx=+0.00)
t= 12.9 DWA-F pos=(-1.32,-0.23) yaw=+166.4 d=4.72 goal_err=-30 carrot_err= -18 c0=1.49 clear=0.99 prog=0.84 rel=0.85 bal=+0.27 obs=344 hard=319 obsc=385 yr=  1  nz=0.14 flt=0.12 dmap=+0/-0 shz=3.5 plan=23 cmd=(lx=+0.00,ly=+0.40,rx=+0.00)
t= 13.0 DWA-F pos=(-1.35,-0.23) yaw=+166.4 d=4.70 goal_err=-30 carrot_err= -20 c0=1.46 clear=0.97 prog=0.84 rel=0.85 bal=+0.25 obs=344 hard=319 obsc=385 yr=  1  nz=0.14 flt=0.12 dmap=+0/-0 shz=3.5 plan=23 cmd=(lx=+0.00,ly=+0.40,rx=+0.00)
t= 13.1 DWA-F pos=(-1.39,-0.23) yaw=+166.6 d=4.68 goal_err=-31 carrot_err= -21 c0=1.23 clear=0.82 prog=0.84 rel=0.85 bal=+0.24 obs=342 hard=316 obsc=383 yr=  2  nz=0.14 flt=0.02 dmap=+7/-9 shz=3.5 plan=23 cmd=(lx=+0.00,ly=+0.40,rx=+0.00)
t= 13.2 DWA-F pos=(-1.42,-0.23) yaw=+167.0 d=4.66 goal_err=-32 carrot_err= -23 c0=1.20 clear=0.80 prog=0.82 rel=0.71 bal=+0.22 obs=342 hard=317 obsc=383 yr=  4  nz=0.29 flt=0.02 dmap=+0/-0 shz=3.5 plan=23 cmd=(lx=+0.00,ly=+0.40,rx=+0.00)
t= 13.3 DWA-F pos=(-1.45,-0.24) yaw=+167.4 d=4.64 goal_err=-32 carrot_err= -28 c0=1.16 clear=0.78 prog=0.81 rel=0.71 bal=+0.20 obs=345 hard=320 obsc=378 yr=  4  nz=0.29 flt=0.03 dmap=+8/-5 shz=3.5 plan=23 cmd=(lx=+0.00,ly=+0.40,rx=+0.00)
t= 13.4 DWA-F pos=(-1.48,-0.24) yaw=+167.8 d=4.62 goal_err=-33 carrot_err= -30 c0=1.13 clear=0.75 prog=0.80 rel=0.66 bal=+0.18 obs=345 hard=320 obsc=378 yr=  4  nz=0.34 flt=0.03 dmap=+0/-0 shz=3.5 plan=23 cmd=(lx=+0.00,ly=+0.40,rx=+0.00)
t= 13.5 DWA-F pos=(-1.51,-0.24) yaw=+168.1 d=4.60 goal_err=-34 carrot_err= -31 c0=1.10 clear=0.73 prog=0.80 rel=0.66 bal=+0.04 obs=343 hard=320 obsc=376 yr=  3  nz=0.34 flt=0.11 dmap=+3/-5 shz=3.5 plan=23 cmd=(lx=+0.00,ly=+0.40,rx=+0.00)
[VIS] perc_n=0 age=0.2 free_c=- vismap=0/0 color=- carpet=- cnear=- crmin=- door=- dets=[-]
t= 13.6 DWA-F pos=(-1.54,-0.24) yaw=+168.1 d=4.57 goal_err=-34 carrot_err= -32 c0=1.07 clear=0.71 prog=0.82 rel=0.62 bal=+0.03 obs=343 hard=320 obsc=376 yr=  1  nz=0.38 flt=0.11 dmap=+0/-0 shz=3.5 plan=23 cmd=(lx=+0.00,ly=+0.40,rx=+0.00)
t= 13.7 DWA-F pos=(-1.57,-0.23) yaw=+168.0 d=4.54 goal_err=-34 carrot_err= -33 c0=1.04 clear=0.69 prog=0.84 rel=0.62 bal=+0.04 obs=343 hard=320 obsc=376 yr=  2  nz=0.38 flt=0.11 dmap=+0/-0 shz=3.5 plan=23 cmd=(lx=+0.00,ly=+0.40,rx=+0.00)
[VIS] perc_n=0 age=0.0 free_c=- vismap=0/0 color=- carpet=- cnear=- crmin=- door=-17.1 dets=[-]
t= 13.8 DWA-F pos=(-1.60,-0.22) yaw=+167.7 d=4.52 goal_err=-34 carrot_err= -33 c0=1.02 clear=0.68 prog=0.85 rel=0.62 bal=+0.18 obs=344 hard=319 obsc=375 yr=  2  nz=0.38 flt=0.09 dmap=+3/-2 shz=3.5 plan=23 cmd=(lx=+0.00,ly=+0.40,rx=+0.00)
[VIS] perc_n=0 age=0.1 free_c=- vismap=0/0 color=- carpet=- cnear=- crmin=- door=-17.1 dets=[-]
t= 13.9 DWA-F pos=(-1.63,-0.20) yaw=+167.4 d=4.48 goal_err=-34 carrot_err= -33 c0=0.99 clear=0.66 prog=0.87 rel=0.67 bal=+0.19 obs=344 hard=320 obsc=375 yr=  4  nz=0.33 flt=0.09 dmap=+0/-0 shz=3.5 plan=23 cmd=(lx=+0.00,ly=+0.40,rx=+0.00)
[VIS] perc_n=0 age=0.0 free_c=- vismap=0/0 color=- carpet=- cnear=- crmin=- door=-19.4 dets=[-]
t= 14.0 DWA-F pos=(-1.65,-0.18) yaw=+167.0 d=4.46 goal_err=-33 carrot_err= -33 c0=1.15 clear=0.77 prog=0.88 rel=0.67 bal=+0.20 obs=353 hard=325 obsc=379 yr=  4  nz=0.33 flt=0.05 dmap=+10/-1 shz=3.6 plan=23 cmd=(lx=+0.00,ly=+0.40,rx=+0.00)
[VIS] perc_n=0 age=0.1 free_c=- vismap=0/0 color=- carpet=- cnear=- crmin=- door=-19.4 dets=[-]
t= 14.1 DWA-F pos=(-1.68,-0.17) yaw=+166.7 d=4.43 goal_err=-33 carrot_err= -25 c0=1.12 clear=0.75 prog=0.84 rel=0.68 bal=+0.21 obs=353 hard=325 obsc=379 yr=  3  nz=0.32 flt=0.05 dmap=+0/-0 shz=3.6 plan=21 cmd=(lx=+0.00,ly=+0.40,rx=+0.00)
[VIS] perc_n=0 age=0.2 free_c=- vismap=0/0 color=- carpet=- cnear=- crmin=- door=-19.4 dets=[-]
t= 14.2 DWA-F pos=(-1.70,-0.15) yaw=+166.6 d=4.40 goal_err=-33 carrot_err= -25 c0=1.10 clear=0.73 prog=0.85 rel=0.68 bal=+0.10 obs=353 hard=326 obsc=379 yr=  2  nz=0.32 flt=0.05 dmap=+0/-0 shz=3.6 plan=21 cmd=(lx=+0.00,ly=+0.40,rx=+0.00)
[VIS] perc_n=0 age=0.3 free_c=- vismap=0/0 color=- carpet=- cnear=- crmin=- door=-19.4 dets=[-]
t= 14.4 DWA-F pos=(-1.73,-0.14) yaw=+166.5 d=4.37 goal_err=-33 carrot_err= -26 c0=1.07 clear=0.71 prog=0.84 rel=0.68 bal=+0.13 obs=353 hard=329 obsc=382 yr=  0  nz=0.32 flt=0.11 dmap=+5/-5 shz=3.5 plan=21 cmd=(lx=+0.00,ly=+0.40,rx=+0.00)
[VIS] perc_n=0 age=0.0 free_c=- vismap=0/0 color=- carpet=- cnear=- crmin=- door=-21.0 dets=[-]
t= 14.5 DWA-F pos=(-1.76,-0.14) yaw=+166.6 d=4.35 goal_err=-34 carrot_err= -28 c0=1.04 clear=0.69 prog=0.83 rel=0.86 bal=+0.12 obs=353 hard=329 obsc=382 yr=  1  nz=0.12 flt=0.11 dmap=+0/-0 shz=3.5 plan=21 cmd=(lx=+0.00,ly=+0.40,rx=+0.00)
[VIS] perc_n=0 age=0.1 free_c=- vismap=0/0 color=- carpet=- cnear=- crmin=- door=-21.0 dets=[-]
t= 14.6 DWA-F pos=(-1.80,-0.14) yaw=+166.9 d=4.33 goal_err=-34 carrot_err= -30 c0=1.00 clear=0.67 prog=0.82 rel=0.86 bal=+0.10 obs=349 hard=325 obsc=385 yr=  3  nz=0.12 flt=0.06 dmap=+3/-7 shz=3.6 plan=21 cmd=(lx=+0.00,ly=+0.40,rx=+0.00)
[VIS] perc_n=0 age=0.2 free_c=- vismap=0/0 color=- carpet=- cnear=- crmin=- door=-21.0 dets=[-]
t= 14.7 DWA-F pos=(-1.83,-0.15) yaw=+167.3 d=4.31 goal_err=-35 carrot_err= -31 c0=0.97 clear=0.65 prog=0.80 rel=0.86 bal=+0.08 obs=350 hard=326 obsc=385 yr=  4  nz=0.13 flt=0.06 dmap=+1/-0 shz=3.6 plan=21 cmd=(lx=+0.00,ly=+0.40,rx=+0.00)
[VIS] perc_n=0 age=0.0 free_c=- vismap=0/0 color=- carpet=- cnear=- crmin=- door=-19.5 dets=[-]
t= 14.8 DWA-F pos=(-1.86,-0.15) yaw=+167.7 d=4.29 goal_err=-36 carrot_err= -33 c0=0.94 clear=0.63 prog=0.77 rel=0.86 bal=+0.06 obs=350 hard=326 obsc=385 yr=  4  nz=0.13 flt=0.06 dmap=+0/-0 shz=3.6 plan=21 cmd=(lx=+0.00,ly=+0.40,rx=+0.00)
[VIS] perc_n=0 age=0.1 free_c=- vismap=0/0 color=- carpet=- cnear=- crmin=- door=-19.5 dets=[-]
t= 14.9 DWA-F pos=(-1.89,-0.16) yaw=+168.0 d=4.28 goal_err=-36 carrot_err= -35 c0=0.91 clear=0.61 prog=0.75 rel=0.86 bal=-0.03 obs=369 hard=333 obsc=394 yr=  3  nz=0.13 flt=0.31 dmap=+19/-0 shz=3.6 plan=21 cmd=(lx=+0.00,ly=+0.40,rx=+0.45)
[VIS] perc_n=0 age=0.0 free_c=- vismap=0/0 color=- carpet=- cnear=- crmin=- door=-21.3 dets=[-]
t= 15.0 DWA-F pos=(-1.92,-0.16) yaw=+168.2 d=4.26 goal_err=-37 carrot_err= -36 c0=0.88 clear=0.59 prog=0.75 rel=0.63 bal=-0.17 obs=369 hard=333 obsc=394 yr=  2G nz=0.22 flt=0.31 dmap=+0/-0 shz=3.6 plan=21 cmd=(lx=+0.00,ly=+0.40,rx=+0.45)
[VIS] perc_n=0 age=0.1 free_c=- vismap=0/0 color=- carpet=- cnear=- crmin=- door=-21.3 dets=[-]
t= 15.1 DWA-F pos=(-1.95,-0.15) yaw=+164.2 d=4.23 goal_err=-33 carrot_err= -33 c0=0.85 clear=0.57 prog=0.76 rel=0.63 bal=-0.04 obs=372 hard=338 obsc=397 yr= 39G nz=0.22 flt=0.18 dmap=+3/-0 shz=3.6 plan=21 cmd=(lx=+0.00,ly=+0.40,rx=+0.00)
[VIS] perc_n=0 age=0.2 free_c=- vismap=0/0 color=- carpet=- cnear=- crmin=- door=-21.3 dets=[-]
t= 15.2 DWA-F pos=(-1.98,-0.14) yaw=+160.1 d=4.21 goal_err=-29 carrot_err= -30 c0=0.82 clear=0.55 prog=0.76 rel=0.62 bal=-0.04 obs=372 hard=338 obsc=397 yr= 39  nz=0.28 flt=0.18 dmap=+0/-0 shz=3.6 plan=21 cmd=(lx=+0.00,ly=+0.40,rx=+0.00)
[VIS] perc_n=0 age=0.0 free_c=- vismap=0/0 color=- carpet=- cnear=- crmin=- door=-15.8 dets=[-]
t= 15.3 DOOR-GO pos=(-2.00,-0.12) yaw=+159.8 d=4.18 goal_err=-29 carrot_err= -30 c0=0.81 clear=0.54 prog=0.79 rel=0.62 bal=-0.04 obs=397 hard=359 obsc=438 yr=  3  nz=0.28 flt=0.17 dmap=+30/-5 shz=3.6 plan=21 cmd=(lx=+0.00,ly=+0.28,rx=+0.00)
[VIS] perc_n=0 age=0.1 free_c=- vismap=0/0 color=- carpet=- cnear=- crmin=- door=-15.8 dets=[-]
t= 15.4 DOOR-GO pos=(-2.03,-0.10) yaw=+159.5 d=4.14 goal_err=-29 carrot_err= -30 c0=0.78 clear=0.52 prog=0.81 rel=0.60 bal=-0.04 obs=398 hard=360 obsc=438 yr=  3  nz=0.31 flt=0.17 dmap=+1/-0 shz=3.6 plan=21 cmd=(lx=+0.00,ly=+0.28,rx=+0.00)
[VIS] perc_n=0 age=0.2 free_c=- vismap=0/0 color=- carpet=- cnear=- crmin=- door=-15.8 dets=[-]
t= 15.5 DOOR-GO pos=(-2.05,-0.08) yaw=+159.1 d=4.12 goal_err=-28 carrot_err= -30 c0=0.76 clear=0.50 prog=0.82 rel=0.60 bal=-0.03 obs=398 hard=360 obsc=438 yr=  4  nz=0.31 flt=0.17 dmap=+0/-0 shz=3.6 plan=21 cmd=(lx=+0.00,ly=+0.28,rx=+0.00)
[VIS] perc_n=0 age=0.0 free_c=- vismap=0/0 color=- carpet=- cnear=- crmin=- door=-15.9 dets=[-]
t= 15.6 DOOR-GO pos=(-2.06,-0.07) yaw=+158.8 d=4.10 goal_err=-28 carrot_err= -30 c0=0.74 clear=0.49 prog=0.81 rel=0.60 bal=-0.03 obs=403 hard=362 obsc=433 yr=  3  nz=0.31 flt=0.11 dmap=+8/-3 shz=3.6 plan=21 cmd=(lx=+0.00,ly=+0.28,rx=+0.00)
[VIS] perc_n=0 age=0.1 free_c=- vismap=0/0 color=- carpet=- cnear=- crmin=- door=-15.9 dets=[-]
t= 15.7 DOOR-GO pos=(-2.09,-0.05) yaw=+158.5 d=4.06 goal_err=-28 carrot_err= -21 c0=0.71 clear=0.47 prog=0.83 rel=0.69 bal=-0.02 obs=403 hard=362 obsc=433 yr=  2  nz=0.31 flt=0.11 dmap=+0/-0 shz=3.6 plan=19 cmd=(lx=+0.00,ly=+0.28,rx=+0.00)
[VIS] perc_n=0 age=0.2 free_c=- vismap=0/0 color=- carpet=- cnear=- crmin=- door=-15.9 dets=[-]
t= 15.8 DOOR-GO pos=(-2.11,-0.04) yaw=+158.5 d=4.04 goal_err=-28 carrot_err= -21 c0=0.69 clear=0.46 prog=0.81 rel=0.69 bal=-0.03 obs=404 hard=361 obsc=431 yr=  0  nz=0.31 flt=0.08 dmap=+2/-1 shz=3.6 plan=19 cmd=(lx=+0.00,ly=+0.28,rx=+0.00)
[VIS] perc_n=0 age=0.3 free_c=- vismap=0/0 color=- carpet=- cnear=- crmin=- door=-15.9 dets=[-]
t= 15.9 DOOR-GO pos=(-2.13,-0.03) yaw=+158.6 d=4.03 goal_err=-28 carrot_err= -22 c0=0.67 clear=0.45 prog=0.78 rel=0.66 bal=-0.03 obs=404 hard=361 obsc=431 yr=  1  nz=0.34 flt=0.08 dmap=+0/-0 shz=3.6 plan=19 cmd=(lx=+0.00,ly=+0.28,rx=+0.00)
[VIS] perc_n=0 age=0.0 free_c=- vismap=0/0 color=- carpet=- cnear=- crmin=- door=-18.3 dets=[-]
t= 16.0 DOOR-GO pos=(-2.15,-0.03) yaw=+159.0 d=4.01 goal_err=-29 carrot_err= -23 c0=0.65 clear=0.43 prog=0.76 rel=0.66 bal=-0.05 obs=404 hard=361 obsc=431 yr=  4  nz=0.34 flt=0.08 dmap=+0/-0 shz=3.6 plan=19 cmd=(lx=+0.00,ly=+0.28,rx=+0.00)
[VIS] perc_n=0 age=0.0 free_c=- vismap=0/0 color=- carpet=- cnear=- crmin=- door=-13.4 dets=[-]
t= 16.1 DOOR-GO pos=(-2.17,-0.04) yaw=+159.3 d=4.00 goal_err=-30 carrot_err= -25 c0=0.63 clear=0.42 prog=0.73 rel=0.66 bal=-0.06 obs=402 hard=364 obsc=435 yr=  3  nz=0.34 flt=0.08 dmap=+1/-3 shz=3.6 plan=19 cmd=(lx=+0.00,ly=+0.28,rx=+0.00)
[VIS] perc_n=0 age=0.1 free_c=- vismap=0/0 color=- carpet=- cnear=- crmin=- door=-13.4 dets=[-]
t= 16.2 DOOR-GO pos=(-2.19,-0.04) yaw=+159.7 d=3.99 goal_err=-30 carrot_err= -26 c0=0.61 clear=0.41 prog=0.70 rel=0.70 bal=-0.14 obs=402 hard=364 obsc=435 yr=  3  nz=0.30 flt=0.08 dmap=+0/-0 shz=3.6 plan=19 cmd=(lx=+0.00,ly=+0.28,rx=+0.00)
[VIS] perc_n=0 age=0.2 free_c=- vismap=0/0 color=- carpet=- cnear=- crmin=- door=-13.4 dets=[-]
t= 16.3 DOOR-GO pos=(-2.21,-0.04) yaw=+160.0 d=3.98 goal_err=-31 carrot_err= -27 c0=0.59 clear=0.39 prog=0.68 rel=0.70 bal=-0.15 obs=396 hard=365 obsc=433 yr=  3  nz=0.30 flt=0.14 dmap=+3/-9 shz=3.6 plan=19 cmd=(lx=+0.00,ly=+0.28,rx=+0.00)
[VIS] perc_n=0 age=0.3 free_c=- vismap=0/0 color=- carpet=- cnear=- crmin=- door=-13.4 dets=[-]
t= 16.4 DOOR-GO pos=(-2.23,-0.04) yaw=+160.2 d=3.97 goal_err=-31 carrot_err= -29 c0=0.57 clear=0.38 prog=0.66 rel=0.67 bal=-0.15 obs=396 hard=365 obsc=433 yr=  2  nz=0.32 flt=0.14 dmap=+0/-0 shz=3.6 plan=19 cmd=(lx=+0.00,ly=+0.28,rx=+0.00)
[VIS] perc_n=0 age=0.0 free_c=- vismap=0/0 color=- carpet=- cnear=- crmin=- door=-14.6 dets=[-]
t= 16.5 DOOR-GO pos=(-2.25,-0.03) yaw=+160.2 d=3.95 goal_err=-31 carrot_err= -28 c0=0.55 clear=0.37 prog=0.65 rel=0.67 bal=-0.15 obs=396 hard=365 obsc=433 yr=  0  nz=0.32 flt=0.14 dmap=+0/-0 shz=3.6 plan=19 cmd=(lx=+0.00,ly=+0.28,rx=+0.00)
[VIS] perc_n=0 age=0.1 free_c=- vismap=0/0 color=- carpet=- cnear=- crmin=- door=-14.6 dets=[-]
t= 16.6 DWA-F pos=(-2.27,-0.03) yaw=+160.0 d=3.93 goal_err=-31 carrot_err= -28 c0=0.74 clear=0.49 prog=0.64 rel=0.67 bal=-0.22 obs=370 hard=360 obsc=429 yr=  1  nz=0.32 flt=0.07 dmap=+1/-27 shz=3.6 plan=19 cmd=(lx=+0.00,ly=+0.40,rx=+0.00)
[VIS] perc_n=0 age=0.2 free_c=- vismap=0/0 color=- carpet=- cnear=- crmin=- door=-14.6 dets=[-]
t= 16.7 DWA-F pos=(-2.27,-0.02) yaw=+159.7 d=3.92 goal_err=-31 carrot_err= -28 c0=0.73 clear=0.49 prog=0.64 rel=0.75 bal=-0.21 obs=370 hard=360 obsc=429 yr=  3  nz=0.25 flt=0.07 dmap=+0/-0 shz=3.6 plan=19 cmd=(lx=+0.00,ly=+0.40,rx=+0.00)
[VIS] perc_n=0 age=0.0 free_c=- vismap=0/0 color=- carpet=- cnear=- crmin=- door=-15.6 dets=[-]
t= 16.8 DWA-F pos=(-2.27,-0.01) yaw=+159.4 d=3.92 goal_err=-30 carrot_err= -27 c0=0.73 clear=0.49 prog=0.62 rel=0.75 bal=-0.19 obs=370 hard=360 obsc=429 yr=  4  nz=0.25 flt=0.07 dmap=+0/-0 shz=3.6 plan=19 cmd=(lx=+0.00,ly=+0.40,rx=+0.00)
[VIS] perc_n=0 age=0.1 free_c=- vismap=0/0 color=- carpet=- cnear=- crmin=- door=-15.6 dets=[-]
t= 16.9 DWA-F pos=(-2.26,+0.00) yaw=+159.0 d=3.91 goal_err=-30 carrot_err= -26 c0=0.74 clear=0.49 prog=0.59 rel=0.75 bal=-0.18 obs=370 hard=360 obsc=429 yr=  4  nz=0.25 flt=0.07 dmap=+0/-0 shz=3.6 plan=19 cmd=(lx=+0.00,ly=+0.40,rx=+0.00)
[VIS] perc_n=0 age=0.2 free_c=- vismap=0/0 color=- carpet=- cnear=- crmin=- door=-15.6 dets=[-]
t= 17.0 DWA-F pos=(-2.26,+0.01) yaw=+158.7 d=3.91 goal_err=-29 carrot_err= -25 c0=0.74 clear=0.49 prog=0.56 rel=0.75 bal=-0.17 obs=370 hard=360 obsc=429 yr=  3  nz=0.25 flt=0.07 dmap=+0/-0 shz=3.6 plan=19 cmd=(lx=+0.00,ly=+0.40,rx=+0.00)
[VIS] perc_n=0 age=0.3 free_c=- vismap=0/0 color=- carpet=- cnear=- crmin=- door=-15.6 dets=[-]
t= 17.1 DWA-F pos=(-2.26,+0.02) yaw=+158.5 d=3.90 goal_err=-29 carrot_err= -25 c0=0.74 clear=0.49 prog=0.52 rel=0.75 bal=-0.16 obs=370 hard=360 obsc=429 yr=  2  nz=0.25 flt=0.07 dmap=+0/-0 shz=3.6 plan=19 cmd=(lx=+0.00,ly=+0.40,rx=+0.00)
[VIS] perc_n=0 age=0.4 free_c=- vismap=0/0 color=- carpet=- cnear=- crmin=- door=-15.6 dets=[-]
t= 17.2 DWA-F pos=(-2.26,+0.02) yaw=+158.5 d=3.90 goal_err=-29 carrot_err= -16 c0=0.74 clear=0.49 prog=0.47 rel=0.75 bal=-0.16 obs=370 hard=360 obsc=429 yr=  0  nz=0.25 flt=0.07 dmap=+0/-0 shz=3.6 plan=18 cmd=(lx=+0.00,ly=+0.40,rx=+0.00)
[VIS] perc_n=0 age=0.5 free_c=- vismap=0/0 color=- carpet=- cnear=- crmin=- door=-15.6 dets=[-]
t= 17.3 DWA-F pos=(-2.27,-0.00) yaw=+159.3 d=3.92 goal_err=-30 carrot_err= -19 c0=0.73 clear=0.49 prog=0.39 rel=0.75 bal=-0.19 obs=370 hard=360 obsc=429 yr=  8  nz=0.25 flt=0.07 dmap=+0/-0 shz=3.6 plan=18 cmd=(lx=+0.00,ly=+0.40,rx=+0.00)
[VIS] perc_n=0 age=0.6 free_c=- vismap=0/0 color=- carpet=- cnear=- crmin=- door=-15.6 dets=[-]
t= 17.4 DWA-F pos=(-2.27,-0.00) yaw=+159.3 d=3.92 goal_err=-30 carrot_err= -19 c0=0.73 clear=0.49 prog=0.34 rel=0.75 bal=-0.19 obs=370 hard=360 obsc=429 yr=  0  nz=0.25 flt=0.07 dmap=+0/-0 shz=3.6 plan=18 cmd=(lx=+0.00,ly=+0.40,rx=+0.00)
[VIS] perc_n=0 age=0.7 free_c=- vismap=0/0 color=- carpet=- cnear=- crmin=- door=-15.6 dets=[-]
t= 17.5 DWA-F pos=(-2.27,-0.00) yaw=+159.3 d=3.92 goal_err=-30 carrot_err= -19 c0=0.73 clear=0.49 prog=0.31 rel=0.75 bal=-0.19 obs=370 hard=360 obsc=429 yr=  0  nz=0.25 flt=0.07 dmap=+0/-0 shz=3.6 plan=18 cmd=(lx=+0.00,ly=+0.40,rx=+0.00)
SCAN-STALE nube 'location' sin refrescar 10 ticks (mapa congelado)
[VIS] perc_n=0 age=0.8 free_c=- vismap=0/0 color=- carpet=- cnear=- crmin=- door=-15.6 dets=[-]
t= 17.6 DWA-F pos=(-2.27,-0.00) yaw=+159.3 d=3.92 goal_err=-30 carrot_err= -19 c0=0.73 clear=0.49 prog=0.24 rel=0.75 bal=-0.19 obs=370 hard=360 obsc=429 yr=  0  nz=0.25 flt=0.07 dmap=+0/-0 shz=3.6 plan=18 cmd=(lx=+0.00,ly=+0.40,rx=+0.00)
[VIS] perc_n=0 age=0.9 free_c=- vismap=0/0 color=- carpet=- cnear=- crmin=- door=-15.6 dets=[-]
t= 17.7 DWA-F pos=(-2.27,-0.00) yaw=+159.3 d=3.92 goal_err=-30 carrot_err= -19 c0=0.73 clear=0.49 prog=0.21 rel=0.75 bal=-0.19 obs=370 hard=360 obsc=429 yr=  0  nz=0.25 flt=0.07 dmap=+0/-0 shz=3.6 plan=18 cmd=(lx=+0.00,ly=+0.40,rx=+0.00)
LOOK #3 hq=320x180 pos=(-2.27,-0.00) t=18s
[VIS] perc_n=0 age=1.0 free_c=- vismap=0/0 color=- carpet=- cnear=- crmin=- door=-15.6 dets=[-]
t= 17.8 DWA-F pos=(-2.27,-0.00) yaw=+159.3 d=3.92 goal_err=-30 carrot_err= -19 c0=0.73 clear=0.49 prog=0.19 rel=0.75 bal=-0.16 obs=373 hard=342 obsc=407 yr=  0  nz=0.25 flt=0.11 dmap=+6/-3 shz=3.4 plan=18 cmd=(lx=+0.00,ly=+0.40,rx=+0.00)
[VIS] perc_n=0 age=1.1 free_c=- vismap=0/0 color=- carpet=- cnear=- crmin=- door=-15.6 dets=[-]
t= 18.0 DWA-F pos=(-2.27,-0.00) yaw=+159.3 d=3.92 goal_err=-30 carrot_err= -19 c0=0.73 clear=0.49 prog=0.16 rel=0.99 bal=-0.16 obs=373 hard=342 obsc=407 yr=  0  nz=0.00 flt=0.11 dmap=+0/-0 shz=3.4 plan=18 cmd=(lx=+0.00,ly=+0.40,rx=+0.00)
[VIS] perc_n=0 age=1.2 free_c=- vismap=0/0 color=- carpet=- cnear=- crmin=- door=-15.6 dets=[-]
t= 18.1 DWA-F pos=(-2.27,-0.00) yaw=+159.3 d=3.92 goal_err=-30 carrot_err= -19 c0=0.73 clear=0.49 prog=0.15 rel=0.99 bal=-0.16 obs=374 hard=345 obsc=409 yr=  0  nz=0.00 flt=0.10 dmap=+4/-3 shz=3.4 plan=18 cmd=(lx=+0.00,ly=+0.40,rx=+0.00)
[VIS] perc_n=0 age=0.0 free_c=- vismap=0/0 color=- carpet=- cnear=- crmin=- door=-16.9 dets=[-]
t= 18.2 DWA-F pos=(-2.27,-0.00) yaw=+159.3 d=3.92 goal_err=-30 carrot_err= -19 c0=0.73 clear=0.49 prog=0.13 rel=0.98 bal=-0.16 obs=374 hard=345 obsc=409 yr=  0  nz=0.00 flt=0.10 dmap=+0/-0 shz=3.4 plan=18 cmd=(lx=+0.00,ly=+0.40,rx=+0.00)
[VIS] perc_n=0 age=0.1 free_c=- vismap=0/0 color=- carpet=- cnear=- crmin=- door=-16.9 dets=[-]
t= 18.3 DWA-F pos=(-2.27,-0.00) yaw=+159.3 d=3.92 goal_err=-30 carrot_err= -19 c0=0.73 clear=0.49 prog=0.11 rel=0.98 bal=-0.16 obs=374 hard=345 obsc=409 yr=  0  nz=0.00 flt=0.10 dmap=+0/-0 shz=3.4 plan=18 cmd=(lx=+0.00,ly=+0.40,rx=+0.00)
[VIS] perc_n=0 age=0.2 free_c=- vismap=0/0 color=- carpet=- cnear=- crmin=- door=-16.9 dets=[-]
t= 18.4 DWA-F pos=(-2.27,-0.00) yaw=+159.3 d=3.92 goal_err=-30 carrot_err= -19 c0=0.73 clear=0.49 prog=0.09 rel=0.98 bal=-0.16 obs=375 hard=347 obsc=413 yr=  0  nz=0.00 flt=0.08 dmap=+4/-3 shz=3.4 plan=18 cmd=(lx=+0.00,ly=+0.40,rx=+0.00)
[VIS] perc_n=0 age=0.3 free_c=- vismap=0/0 color=- carpet=- cnear=- crmin=- door=-16.9 dets=[-]
t= 18.5 DWA-F pos=(-2.27,-0.00) yaw=+159.3 d=3.92 goal_err=-30 carrot_err= -19 c0=0.73 clear=0.49 prog=0.06 rel=0.95 bal=-0.16 obs=375 hard=347 obsc=413 yr=  0  nz=0.01 flt=0.08 dmap=+0/-0 shz=3.4 plan=18 cmd=(lx=+0.00,ly=+0.40,rx=+0.00)
[VIS] perc_n=0 age=0.4 free_c=- vismap=0/0 color=- carpet=- cnear=- crmin=- door=-16.9 dets=[-]
t= 18.6 DWA-F pos=(-2.27,-0.00) yaw=+159.3 d=3.92 goal_err=-30 carrot_err= -19 c0=0.73 clear=0.49 prog=0.03 rel=0.95 bal=+0.04 obs=397 hard=364 obsc=433 yr=  0  nz=0.01 flt=0.23 dmap=+26/-4 shz=3.4 plan=18 cmd=(lx=+0.00,ly=+0.40,rx=+0.00)
[VIS] perc_n=0 age=0.5 free_c=- vismap=0/0 color=- carpet=- cnear=- crmin=- door=-16.9 dets=[-]
t= 18.7 DWA-F pos=(-2.27,-0.00) yaw=+159.3 d=3.92 goal_err=-30 carrot_err= -19 c0=0.73 clear=0.49 prog=0.01 rel=0.72 bal=+0.04 obs=397 hard=364 obsc=433 yr=  0  nz=0.15 flt=0.23 dmap=+0/-0 shz=3.4 plan=18 cmd=(lx=+0.00,ly=+0.40,rx=+0.00)
[VIS] perc_n=0 age=0.6 free_c=- vismap=0/0 color=- carpet=- cnear=- crmin=- door=-16.9 dets=[-]
t= 18.8 DOOR-GO pos=(-2.27,-0.00) yaw=+159.3 d=3.92 goal_err=-30 carrot_err=  -8 c0=0.73 clear=0.49 prog=0.00 rel=0.72 bal=+0.04 obs=415 hard=381 obsc=459 yr=  0  nz=0.15 flt=0.20 dmap=+21/-3 shz=3.6 plan=18 cmd=(lx=+0.00,ly=+0.28,rx=+0.00)
[VIS] perc_n=0 age=0.7 free_c=- vismap=0/0 color=- carpet=- cnear=- crmin=- door=-16.9 dets=[-]
t= 18.9 DOOR-GO pos=(-2.29,+0.03) yaw=+158.6 d=3.88 goal_err=-30 carrot_err=  -6 c0=0.71 clear=0.48 prog=0.05 rel=0.69 bal=+0.06 obs=417 hard=384 obsc=460 yr=  6  nz=0.16 flt=0.20 dmap=+2/-0 shz=3.6 plan=18 cmd=(lx=+0.00,ly=+0.28,rx=+0.00)
[VIS] perc_n=0 age=0.8 free_c=- vismap=0/0 color=- carpet=- cnear=- crmin=- door=-16.9 dets=[-]
t= 19.0 DOOR-GO pos=(-2.31,+0.03) yaw=+158.9 d=3.86 goal_err=-30 carrot_err=  -7 c0=0.69 clear=0.46 prog=0.07 rel=0.69 bal=+0.05 obs=417 hard=384 obsc=460 yr=  3  nz=0.16 flt=0.20 dmap=+0/-0 shz=3.6 plan=18 cmd=(lx=+0.00,ly=+0.28,rx=+0.00)
[VIS] perc_n=0 age=0.0 free_c=- vismap=0/0 color=- carpet=- cnear=- crmin=- door=-15.5 dets=[-]
t= 19.1 DOOR-GO pos=(-2.33,+0.03) yaw=+159.3 d=3.85 goal_err=-31 carrot_err=  -8 c0=0.67 clear=0.45 prog=0.09 rel=0.69 bal=+0.03 obs=437 hard=391 obsc=477 yr=  3  nz=0.16 flt=0.17 dmap=+20/-0 shz=3.6 plan=18 cmd=(lx=+0.00,ly=+0.28,rx=+0.00)
[VIS] perc_n=0 age=0.1 free_c=- vismap=0/0 color=- carpet=- cnear=- crmin=- door=-15.5 dets=[-]
t= 19.2 DOOR-GO pos=(-2.35,+0.02) yaw=+159.7 d=3.84 goal_err=-31 carrot_err= -10 c0=0.65 clear=0.43 prog=0.10 rel=0.71 bal=+0.01 obs=437 hard=391 obsc=477 yr=  4  nz=0.19 flt=0.17 dmap=+0/-0 shz=3.6 plan=18 cmd=(lx=+0.00,ly=+0.28,rx=+0.00)
[VIS] perc_n=0 age=0.0 free_c=- vismap=0/0 color=- carpet=- cnear=- crmin=- door=-15.9 dets=[-]
t= 19.3 DOOR-GO pos=(-2.37,+0.02) yaw=+160.1 d=3.83 goal_err=-32 carrot_err= -11 c0=0.63 clear=0.42 prog=0.14 rel=0.71 bal=-0.13 obs=438 hard=391 obsc=475 yr=  3  nz=0.19 flt=0.10 dmap=+6/-5 shz=3.6 plan=18 cmd=(lx=+0.00,ly=+0.28,rx=+0.00)
[VIS] perc_n=0 age=0.1 free_c=- vismap=0/0 color=- carpet=- cnear=- crmin=- door=-15.9 dets=[-]
t= 19.4 DOOR-GO pos=(-2.41,+0.02) yaw=+160.3 d=3.81 goal_err=-33 carrot_err= -16 c0=0.59 clear=0.40 prog=0.19 rel=0.78 bal=-0.19 obs=438 hard=391 obsc=475 yr=  2  nz=0.21 flt=0.10 dmap=+0/-0 shz=3.6 plan=18 cmd=(lx=+0.00,ly=+0.28,rx=+0.00)
[VIS] perc_n=0 age=0.2 free_c=- vismap=0/0 color=- carpet=- cnear=- crmin=- door=-15.9 dets=[-]
t= 19.5 DOOR-GO pos=(-2.42,+0.03) yaw=+160.3 d=3.79 goal_err=-33 carrot_err= -16 c0=0.58 clear=0.39 prog=0.21 rel=0.78 bal=-0.19 obs=438 hard=391 obsc=475 yr=  0  nz=0.21 flt=0.10 dmap=+0/-0 shz=3.6 plan=18 cmd=(lx=+0.00,ly=+0.28,rx=+0.00)
[VIS] perc_n=0 age=0.0 free_c=- vismap=0/0 color=- carpet=- cnear=- crmin=- door=-18.3 dets=[-]
t= 19.6 DOOR-GO pos=(-2.44,+0.04) yaw=+160.1 d=3.77 goal_err=-33 carrot_err= -16 c0=0.56 clear=0.38 prog=0.24 rel=0.78 bal=-0.18 obs=436 hard=388 obsc=474 yr=  2  nz=0.21 flt=0.07 dmap=+0/-2 shz=3.6 plan=18 cmd=(lx=+0.00,ly=+0.28,rx=+0.00)
[VIS] perc_n=0 age=0.1 free_c=- vismap=0/0 color=- carpet=- cnear=- crmin=- door=-18.3 dets=[-]
t= 19.7 DOOR-GO pos=(-2.45,+0.06) yaw=+159.9 d=3.75 goal_err=-33 carrot_err= -16 c0=0.57 clear=0.38 prog=0.28 rel=0.76 bal=-0.16 obs=436 hard=388 obsc=474 yr=  2  nz=0.24 flt=0.07 dmap=+0/-0 shz=3.6 plan=18 cmd=(lx=+0.00,ly=+0.28,rx=+0.00)
[VIS] perc_n=0 age=0.2 free_c=- vismap=0/0 color=- carpet=- cnear=- crmin=- door=-18.3 dets=[-]
t= 19.8 DOOR-GO pos=(-2.46,+0.07) yaw=+159.5 d=3.73 goal_err=-32 carrot_err= -15 c0=0.55 clear=0.37 prog=0.31 rel=0.76 bal=-0.15 obs=435 hard=396 obsc=473 yr=  3  nz=0.24 flt=0.06 dmap=+5/-6 shz=3.6 plan=18 cmd=(lx=+0.00,ly=+0.28,rx=+0.00)
[VIS] perc_n=0 age=0.0 free_c=- vismap=0/0 color=- carpet=- cnear=- crmin=- door=-17.3 dets=[-]
t= 19.9 DOOR-GO pos=(-2.48,+0.09) yaw=+159.1 d=3.72 goal_err=-32 carrot_err= -14 c0=0.54 clear=0.36 prog=0.34 rel=0.74 bal=-0.13 obs=435 hard=396 obsc=473 yr=  4  nz=0.26 flt=0.06 dmap=+0/-0 shz=3.6 plan=18 cmd=(lx=+0.00,ly=+0.28,rx=+0.00)
[VIS] perc_n=0 age=0.1 free_c=- vismap=0/0 color=- carpet=- cnear=- crmin=- door=-17.3 dets=[-]
t= 20.0 DOOR-GO pos=(-2.49,+0.10) yaw=+158.8 d=3.69 goal_err=-31 carrot_err= -14 c0=0.52 clear=0.35 prog=0.38 rel=0.74 bal=-0.12 obs=435 hard=396 obsc=473 yr=  3  nz=0.26 flt=0.06 dmap=+0/-0 shz=3.6 plan=18 cmd=(lx=+0.00,ly=+0.28,rx=+0.00)
[VIS] perc_n=0 age=0.2 free_c=- vismap=0/0 color=- carpet=- cnear=- crmin=- door=-17.3 dets=[-]
t= 20.1 DOOR-GO pos=(-2.50,+0.11) yaw=+158.6 d=3.68 goal_err=-31 carrot_err= -14 c0=0.50 clear=0.34 prog=0.41 rel=0.74 bal=-0.11 obs=426 hard=389 obsc=471 yr=  2  nz=0.26 flt=0.09 dmap=+2/-11 shz=3.6 plan=18 cmd=(lx=+0.00,ly=+0.28,rx=+0.00)
[VIS] perc_n=0 age=0.3 free_c=- vismap=0/0 color=- carpet=- cnear=- crmin=- door=-17.3 dets=[-]
DOOR-ENG start t=20s pos=(-2.52,+0.12) sgn=AB
DOOR-CENTER medido: off=-0.04m gap=0.57m (jambas L=+0.25 R=-0.32)
t= 20.2 ENG-F pos=(-2.52,+0.12) yaw=+158.6 d=3.66 goal_err=-32 carrot_err= -14 c0=0.49 clear=0.32 prog=0.43 rel=0.74 bal=-0.16 obs=426 hard=389 obsc=471 yr=  0  nz=0.26 flt=0.09 dmap=+0/-0 shz=3.6 plan=18 cmd=(lx=+0.00,ly=+0.28,rx=+0.00)
[VIS] perc_n=0 age=0.0 free_c=- vismap=0/0 color=- carpet=- cnear=- crmin=- door=-20.7 dets=[-]
t= 20.3 ENG-F pos=(-2.54,+0.12) yaw=+158.7 d=3.65 goal_err=-32 carrot_err= -25 c0=0.86 clear=0.58 prog=0.46 rel=0.74 bal=-0.29 obs=408 hard=388 obsc=465 yr=  1  nz=0.26 flt=0.02 dmap=+6/-24 shz=3.6 plan=16 cmd=(lx=+0.00,ly=+0.28,rx=+0.00)
[VIS] perc_n=0 age=0.1 free_c=- vismap=0/0 color=- carpet=- cnear=- crmin=- door=-20.7 dets=[-]
t= 20.4 ENG-F pos=(-2.56,+0.12) yaw=+159.0 d=3.64 goal_err=-32 carrot_err= -26 c0=0.84 clear=0.56 prog=0.47 rel=0.70 bal=-0.30 obs=408 hard=388 obsc=465 yr=  3  nz=0.30 flt=0.02 dmap=+0/-0 shz=3.6 plan=16 cmd=(lx=+0.00,ly=+0.28,rx=+0.00)
[VIS] perc_n=0 age=0.2 free_c=- vismap=0/0 color=- carpet=- cnear=- crmin=- door=-20.7 dets=[-]
t= 20.5 ENG-F pos=(-2.58,+0.11) yaw=+159.4 d=3.63 goal_err=-33 carrot_err= -27 c0=0.82 clear=0.55 prog=0.49 rel=0.70 bal=-0.30 obs=408 hard=388 obsc=465 yr=  3  nz=0.30 flt=0.02 dmap=+0/-0 shz=3.6 plan=16 cmd=(lx=+0.00,ly=+0.28,rx=+0.00)
[VIS] perc_n=0 age=0.0 free_c=- vismap=0/0 color=- carpet=- cnear=- crmin=- door=-20.0 dets=[-]
t= 20.6 ENG-F pos=(-2.60,+0.11) yaw=+159.7 d=3.62 goal_err=-34 carrot_err= -29 c0=0.80 clear=0.54 prog=0.51 rel=0.70 bal=-0.31 obs=406 hard=376 obsc=444 yr=  4  nz=0.30 flt=0.15 dmap=+3/-5 shz=3.6 plan=16 cmd=(lx=+0.00,ly=+0.28,rx=+0.00)
[VIS] perc_n=0 age=0.1 free_c=- vismap=0/0 color=- carpet=- cnear=- crmin=- door=-20.0 dets=[-]
t= 20.7 ENG-F pos=(-2.62,+0.11) yaw=+160.1 d=3.61 goal_err=-34 carrot_err= -30 c0=0.78 clear=0.52 prog=0.53 rel=0.76 bal=-0.32 obs=406 hard=376 obsc=444 yr=  3  nz=0.23 flt=0.15 dmap=+0/-0 shz=3.6 plan=16 cmd=(lx=+0.00,ly=+0.28,rx=+0.00)
[VIS] perc_n=0 age=0.2 free_c=- vismap=0/0 color=- carpet=- cnear=- crmin=- door=-20.0 dets=[-]
t= 20.8 ENG-F pos=(-2.64,+0.11) yaw=+160.3 d=3.60 goal_err=-35 carrot_err= -31 c0=0.76 clear=0.51 prog=0.49 rel=0.76 bal=-0.32 obs=407 hard=380 obsc=443 yr=  2  nz=0.23 flt=0.14 dmap=+3/-2 shz=3.6 plan=16 cmd=(lx=+0.00,ly=+0.28,rx=+0.00)
[VIS] perc_n=0 age=0.0 free_c=- vismap=0/0 color=- carpet=- cnear=- crmin=- door=-19.7 dets=[-]
t= 20.9 ENG-F pos=(-2.66,+0.12) yaw=+160.3 d=3.58 goal_err=-35 carrot_err= -32 c0=0.75 clear=0.50 prog=0.48 rel=0.77 bal=-0.32 obs=407 hard=380 obsc=443 yr=  0  nz=0.23 flt=0.14 dmap=+0/-0 shz=3.6 plan=16 cmd=(lx=+0.00,ly=+0.28,rx=+0.00)
[VIS] perc_n=0 age=0.1 free_c=- vismap=0/0 color=- carpet=- cnear=- crmin=- door=-19.7 dets=[-]
t= 21.0 ENG-F pos=(-2.67,+0.13) yaw=+160.1 d=3.56 goal_err=-35 carrot_err= -32 c0=0.73 clear=0.49 prog=0.50 rel=0.77 bal=-0.31 obs=407 hard=380 obsc=443 yr=  2  nz=0.23 flt=0.14 dmap=+0/-0 shz=3.6 plan=16 cmd=(lx=+0.00,ly=+0.28,rx=+0.00)
[VIS] perc_n=0 age=0.2 free_c=- vismap=0/0 color=- carpet=- cnear=- crmin=- door=-19.7 dets=[-]
t= 21.1 ENG-F pos=(-2.69,+0.14) yaw=+159.9 d=3.55 goal_err=-35 carrot_err= -32 c0=0.71 clear=0.48 prog=0.52 rel=0.77 bal=-0.25 obs=407 hard=378 obsc=443 yr=  3  nz=0.23 flt=0.07 dmap=+3/-3 shz=3.6 plan=16 cmd=(lx=+0.00,ly=+0.28,rx=+0.00)
[VIS] perc_n=0 age=0.0 free_c=- vismap=0/0 color=- carpet=- cnear=- crmin=- door=-21.6 dets=[-]
t= 21.2 ENG-F pos=(-2.70,+0.16) yaw=+159.5 d=3.52 goal_err=-34 carrot_err= -32 c0=0.70 clear=0.47 prog=0.53 rel=0.78 bal=-0.25 obs=407 hard=378 obsc=443 yr=  4  nz=0.21 flt=0.07 dmap=+0/-0 shz=3.6 plan=16 cmd=(lx=+0.00,ly=+0.28,rx=+0.00)
[VIS] perc_n=0 age=0.1 free_c=- vismap=0/0 color=- carpet=- cnear=- crmin=- door=-21.6 dets=[-]
t= 21.3 ENG-F pos=(-2.71,+0.17) yaw=+159.1 d=3.50 goal_err=-34 carrot_err= -31 c0=0.69 clear=0.46 prog=0.52 rel=0.78 bal=-0.24 obs=406 hard=379 obsc=444 yr=  4  nz=0.21 flt=0.05 dmap=+3/-4 shz=3.6 plan=16 cmd=(lx=+0.00,ly=+0.28,rx=+0.00)
[VIS] perc_n=0 age=0.2 free_c=- vismap=0/0 color=- carpet=- cnear=- crmin=- door=-21.6 dets=[-]
t= 21.4 ENG-F pos=(-2.73,+0.19) yaw=+158.8 d=3.48 goal_err=-34 carrot_err= -31 c0=0.67 clear=0.45 prog=0.53 rel=0.81 bal=-0.23 obs=406 hard=379 obsc=444 yr=  3  nz=0.19 flt=0.05 dmap=+0/-0 shz=3.6 plan=16 cmd=(lx=+0.00,ly=+0.28,rx=+0.00)
[VIS] perc_n=0 age=0.0 free_c=- vismap=0/0 color=- carpet=- cnear=- crmin=- door=-23.7 dets=[-]
t= 21.5 ENG-F pos=(-2.74,+0.20) yaw=+158.6 d=3.47 goal_err=-34 carrot_err= -31 c0=0.66 clear=0.44 prog=0.53 rel=0.81 bal=-0.23 obs=406 hard=379 obsc=447 yr=  2  nz=0.19 flt=0.14 dmap=+6/-6 shz=3.6 plan=16 cmd=(lx=+0.00,ly=+0.28,rx=+0.00)
[VIS] perc_n=0 age=0.1 free_c=- vismap=0/0 color=- carpet=- cnear=- crmin=- door=-23.7 dets=[-]
t= 21.6 ENG-F pos=(-2.76,+0.21) yaw=+158.6 d=3.45 goal_err=-34 carrot_err= -32 c0=0.64 clear=0.43 prog=0.52 rel=0.82 bal=-0.23 obs=406 hard=379 obsc=447 yr=  0  nz=0.18 flt=0.14 dmap=+0/-0 shz=3.6 plan=16 cmd=(lx=+0.00,ly=+0.28,rx=+0.00)
[VIS] perc_n=0 age=0.0 free_c=- vismap=0/0 color=- carpet=- cnear=- crmin=- door=-19.3 dets=[-]
t= 21.7 ENG-F pos=(-2.77,+0.21) yaw=+158.7 d=3.44 goal_err=-34 carrot_err= -33 c0=0.63 clear=0.42 prog=0.51 rel=0.82 bal=-0.23 obs=406 hard=379 obsc=447 yr=  1  nz=0.18 flt=0.14 dmap=+0/-0 shz=3.6 plan=16 cmd=(lx=+0.00,ly=+0.28,rx=+0.00)
[VIS] perc_n=0 age=0.1 free_c=- vismap=0/0 color=- carpet=- cnear=- crmin=- door=-19.3 dets=[-]
t= 21.8 ENG-F pos=(-2.79,+0.21) yaw=+158.9 d=3.43 goal_err=-35 carrot_err= -23 c0=0.61 clear=0.41 prog=0.49 rel=0.82 bal=-0.16 obs=407 hard=378 obsc=443 yr=  2  nz=0.18 flt=0.11 dmap=+4/-3 shz=3.6 plan=16 cmd=(lx=+0.00,ly=+0.28,rx=+0.00)
[VIS] perc_n=0 age=0.2 free_c=- vismap=0/0 color=- carpet=- cnear=- crmin=- door=-19.3 dets=[-]
t= 21.9 ENG-F pos=(-2.81,+0.20) yaw=+159.3 d=3.42 goal_err=-35 carrot_err= -25 c0=0.59 clear=0.39 prog=0.47 rel=0.87 bal=-0.17 obs=407 hard=378 obsc=443 yr=  4  nz=0.11 flt=0.11 dmap=+0/-0 shz=3.6 plan=16 cmd=(lx=+0.00,ly=+0.28,rx=+0.00)
[VIS] perc_n=0 age=0.0 free_c=- vismap=0/0 color=- carpet=- cnear=- crmin=- door=-22.0 dets=[-]
t= 22.0 ENG-T pos=(-2.83,+0.20) yaw=+159.7 d=3.42 goal_err=-36 carrot_err= -26 c0=0.57 clear=0.38 prog=0.45 rel=0.87 bal=-0.18 obs=408 hard=378 obsc=445 yr=  4  nz=0.11 flt=0.14 dmap=+1/-0 shz=3.6 plan=16 cmd=(lx=+0.00,ly=+0.00,rx=+0.45)
[VIS] perc_n=0 age=0.1 free_c=- vismap=0/0 color=- carpet=- cnear=- crmin=- door=-22.0 dets=[-]
  TURN-CAL rx=+0.45 esperado=-46deg/s medido=+3deg/s OK
t= 22.1 ENG-T pos=(-2.85,+0.20) yaw=+160.1 d=3.41 goal_err=-37 carrot_err= -28 c0=0.55 clear=0.36 prog=0.44 rel=0.85 bal=-0.19 obs=408 hard=378 obsc=445 yr=  3G nz=0.14 flt=0.14 dmap=+0/-0 shz=3.6 plan=16 cmd=(lx=+0.00,ly=+0.00,rx=+0.45)
[VIS] perc_n=0 age=0.2 free_c=- vismap=0/0 color=- carpet=- cnear=- crmin=- door=-22.0 dets=[-]
  TURN-CAL rx=+0.45 esperado=-46deg/s medido=-38deg/s OK
t= 22.2 ENG-T pos=(-2.86,+0.19) yaw=+156.2 d=3.41 goal_err=-33 carrot_err= -25 c0=0.54 clear=0.36 prog=0.42 rel=0.85 bal=-0.20 obs=408 hard=378 obsc=445 yr= 38G nz=0.14 flt=0.14 dmap=+0/-0 shz=3.6 plan=16 cmd=(lx=+0.00,ly=+0.00,rx=+0.45)
[VIS] perc_n=0 age=0.0 free_c=- vismap=0/0 color=- carpet=- cnear=- crmin=- door=-16.3 dets=[-]
  TURN-CAL rx=+0.45 esperado=-46deg/s medido=-39deg/s OK
t= 22.3 ENG-F pos=(-2.86,+0.19) yaw=+152.3 d=3.41 goal_err=-29 carrot_err= -21 c0=0.58 clear=0.39 prog=0.40 rel=0.85 bal=-0.20 obs=408 hard=379 obsc=445 yr= 39G nz=0.14 flt=0.27 dmap=+0/-0 shz=3.6 plan=16 cmd=(lx=+0.00,ly=+0.28,rx=+0.00)
[VIS] perc_n=0 age=0.1 free_c=- vismap=0/0 color=- carpet=- cnear=- crmin=- door=-16.3 dets=[-]
t= 22.4 ENG-F pos=(-2.86,+0.20) yaw=+148.1 d=3.40 goal_err=-25 carrot_err= -16 c0=0.58 clear=0.39 prog=0.39 rel=0.85 bal=-0.19 obs=408 hard=379 obsc=445 yr= 41  nz=0.11 flt=0.27 dmap=+0/-0 shz=3.6 plan=16 cmd=(lx=+0.00,ly=+0.28,rx=+0.00)
[VIS] perc_n=0 age=0.2 free_c=- vismap=0/0 color=- carpet=- cnear=- crmin=- door=-16.3 dets=[-]
t= 22.5 ENG-F pos=(-2.87,+0.22) yaw=+147.8 d=3.38 goal_err=-24 carrot_err= -16 c0=0.56 clear=0.38 prog=0.41 rel=0.85 bal=-0.18 obs=412 hard=380 obsc=451 yr=  3  nz=0.11 flt=0.08 dmap=+4/-0 shz=3.6 plan=16 cmd=(lx=+0.00,ly=+0.28,rx=+0.00)
t= 22.7 ENG-F pos=(-2.88,+0.23) yaw=+147.5 d=3.36 goal_err=-24 carrot_err= -15 c0=0.55 clear=0.37 prog=0.42 rel=0.88 bal=-0.17 obs=412 hard=380 obsc=451 yr=  4  nz=0.11 flt=0.08 dmap=+0/-0 shz=3.6 plan=16 cmd=(lx=+0.00,ly=+0.28,rx=+0.00)
t= 22.8 ENG-F pos=(-2.89,+0.25) yaw=+147.0 d=3.34 goal_err=-24 carrot_err= -14 c0=0.54 clear=0.36 prog=0.43 rel=0.88 bal=-0.16 obs=412 hard=380 obsc=451 yr=  4  nz=0.11 flt=0.08 dmap=+0/-0 shz=3.6 plan=16 cmd=(lx=+0.00,ly=+0.28,rx=+0.00)
t= 22.9 ENG-F pos=(-2.90,+0.27) yaw=+146.7 d=3.32 goal_err=-23 carrot_err= -13 c0=0.52 clear=0.35 prog=0.44 rel=0.88 bal=-0.15 obs=412 hard=383 obsc=453 yr=  3  nz=0.11 flt=0.11 dmap=+4/-4 shz=3.6 plan=16 cmd=(lx=+0.00,ly=+0.28,rx=+0.00)
[VIS] perc_n=0 age=0.0 free_c=- vismap=0/0 color=- carpet=- cnear=- crmin=- door=-13.9 dets=[-]
t= 23.0 ENG-F pos=(-2.91,+0.28) yaw=+146.6 d=3.30 goal_err=-23 carrot_err= -13 c0=0.50 clear=0.34 prog=0.45 rel=0.91 bal=-0.15 obs=412 hard=383 obsc=453 yr=  1  nz=0.08 flt=0.11 dmap=+0/-0 shz=3.6 plan=16 cmd=(lx=+0.00,ly=+0.28,rx=+0.00)
[VIS] perc_n=0 age=0.1 free_c=- vismap=0/0 color=- carpet=- cnear=- crmin=- door=-13.9 dets=[-]
t= 23.1 ENG-F pos=(-2.92,+0.29) yaw=+146.5 d=3.29 goal_err=-23 carrot_err= -13 c0=0.49 clear=0.33 prog=0.44 rel=0.91 bal=-0.15 obs=414 hard=383 obsc=451 yr=  0  nz=0.08 flt=0.09 dmap=+4/-2 shz=3.6 plan=16 cmd=(lx=+0.00,ly=+0.28,rx=+0.00)
[VIS] perc_n=0 age=0.2 free_c=- vismap=0/0 color=- carpet=- cnear=- crmin=- door=-13.9 dets=[-]
t= 23.2 ENG-F pos=(-2.94,+0.30) yaw=+146.7 d=3.27 goal_err=-24 carrot_err= -13 c0=0.47 clear=0.31 prog=0.43 rel=0.91 bal=-0.15 obs=414 hard=383 obsc=451 yr=  1  nz=0.07 flt=0.09 dmap=+0/-0 shz=3.6 plan=16 cmd=(lx=+0.00,ly=+0.28,rx=+0.00)
[VIS] perc_n=0 age=0.0 free_c=- vismap=0/0 color=- carpet=- cnear=- crmin=- door=-10.6 dets=[-]
t= 23.3 ENG-F pos=(-2.96,+0.30) yaw=+146.9 d=3.26 goal_err=-24 carrot_err= -14 c0=0.45 clear=0.30 prog=0.41 rel=0.91 bal=-0.16 obs=414 hard=383 obsc=451 yr=  2  nz=0.07 flt=0.09 dmap=+0/-0 shz=3.6 plan=16 cmd=(lx=+0.00,ly=+0.28,rx=+0.00)
[VIS] perc_n=0 age=0.1 free_c=- vismap=0/0 color=- carpet=- cnear=- crmin=- door=-10.6 dets=[-]
t= 23.4 ENG-F pos=(-2.98,+0.30) yaw=+147.2 d=3.25 goal_err=-25 carrot_err= -16 c0=0.43 clear=0.29 prog=0.40 rel=0.91 bal=-0.12 obs=411 hard=385 obsc=454 yr=  3  nz=0.07 flt=0.07 dmap=+7/-10 shz=3.6 plan=15 cmd=(lx=+0.00,ly=+0.28,rx=+0.00)
[VIS] perc_n=0 age=0.2 free_c=- vismap=0/0 color=- carpet=- cnear=- crmin=- door=-10.6 dets=[-]
t= 23.5 ENG-F pos=(-3.00,+0.30) yaw=+147.6 d=3.24 goal_err=-25 carrot_err= -17 c0=0.41 clear=0.27 prog=0.39 rel=0.90 bal=-0.13 obs=411 hard=385 obsc=454 yr=  3  nz=0.09 flt=0.07 dmap=+0/-0 shz=3.6 plan=15 cmd=(lx=+0.00,ly=+0.28,rx=+0.00)
[VIS] perc_n=0 age=0.0 free_c=- vismap=0/0 color=- carpet=- cnear=- crmin=- door=-14.3 dets=[-]
t= 23.6 ENG-F pos=(-3.02,+0.30) yaw=+147.9 d=3.23 goal_err=-26 carrot_err= -18 c0=0.59 clear=0.39 prog=0.39 rel=0.90 bal=-0.14 obs=428 hard=397 obsc=463 yr=  3  nz=0.09 flt=0.36 dmap=+20/-3 shz=3.6 plan=15 cmd=(lx=+0.00,ly=+0.28,rx=+0.00)
[VIS] perc_n=0 age=0.1 free_c=- vismap=0/0 color=- carpet=- cnear=- crmin=- door=-14.3 dets=[-]
t= 23.7 ENG-F pos=(-3.04,+0.31) yaw=+148.0 d=3.21 goal_err=-26 carrot_err= -19 c0=0.57 clear=0.38 prog=0.39 rel=0.69 bal=-0.14 obs=428 hard=397 obsc=463 yr=  1  nz=0.21 flt=0.36 dmap=+0/-0 shz=3.6 plan=15 cmd=(lx=+0.00,ly=+0.28,rx=+0.00)
[VIS] perc_n=0 age=0.2 free_c=- vismap=0/0 color=- carpet=- cnear=- crmin=- door=-14.3 dets=[-]
t= 23.8 ENG-T pos=(-3.05,+0.32) yaw=+148.0 d=3.20 goal_err=-26 carrot_err= -19 c0=0.56 clear=0.37 prog=0.40 rel=0.69 bal=-0.14 obs=454 hard=419 obsc=490 yr=  0  nz=0.21 flt=0.21 dmap=+27/-1 shz=3.6 plan=15 cmd=(lx=+0.00,ly=+0.00,rx=+0.45)
[VIS] perc_n=0 age=0.0 free_c=- vismap=0/0 color=- carpet=- cnear=- crmin=- door=-13.9 dets=[-]
  TURN-CAL rx=+0.45 esperado=-46deg/s medido=-1deg/s OK
t= 23.9 ENG-T pos=(-3.06,+0.33) yaw=+147.8 d=3.18 goal_err=-26 carrot_err= -19 c0=0.60 clear=0.40 prog=0.42 rel=0.66 bal=-0.13 obs=455 hard=420 obsc=490 yr=  1G nz=0.21 flt=0.21 dmap=+1/-0 shz=3.6 plan=15 cmd=(lx=+0.00,ly=+0.00,rx=+0.45)
[VIS] perc_n=0 age=0.1 free_c=- vismap=0/0 color=- carpet=- cnear=- crmin=- door=-13.9 dets=[-]
  TURN-CAL rx=+0.45 esperado=-46deg/s medido=-23deg/s OK
t= 24.0 ENG-F pos=(-3.07,+0.35) yaw=+145.5 d=3.17 goal_err=-24 carrot_err= -15 c0=0.59 clear=0.39 prog=0.43 rel=0.66 bal=-0.12 obs=456 hard=421 obsc=491 yr= 23G nz=0.21 flt=0.21 dmap=+1/-0 shz=3.6 plan=15 cmd=(lx=+0.00,ly=+0.28,rx=+0.00)
[VIS] perc_n=0 age=0.2 free_c=- vismap=0/0 color=- carpet=- cnear=- crmin=- door=-13.9 dets=[-]
t= 24.1 ENG-F pos=(-3.06,+0.35) yaw=+141.1 d=3.16 goal_err=-19 carrot_err= -10 c0=0.59 clear=0.40 prog=0.42 rel=0.66 bal=-0.06 obs=466 hard=428 obsc=506 yr= 43  nz=0.21 flt=0.19 dmap=+12/-2 shz=3.6 plan=15 cmd=(lx=+0.00,ly=+0.28,rx=+0.00)
[VIS] perc_n=0 age=0.3 free_c=- vismap=0/0 color=- carpet=- cnear=- crmin=- door=-13.9 dets=[-]
t= 24.2 ENG-F pos=(-3.06,+0.37) yaw=+138.8 d=3.15 goal_err=-17 carrot_err=  -7 c0=0.59 clear=0.39 prog=0.44 rel=0.69 bal=-0.06 obs=466 hard=428 obsc=506 yr= 23  nz=0.22 flt=0.19 dmap=+0/-0 shz=3.6 plan=15 cmd=(lx=+0.00,ly=+0.28,rx=+0.00)
[VIS] perc_n=0 age=0.0 free_c=- vismap=0/0 color=- carpet=- cnear=- crmin=- door=-7.5 dets=[-]
t= 24.3 ENG-F pos=(-3.07,+0.39) yaw=+138.5 d=3.13 goal_err=-16 carrot_err=  -6 c0=0.57 clear=0.38 prog=0.48 rel=0.69 bal=-0.06 obs=466 hard=411 obsc=502 yr=  3  nz=0.22 flt=0.16 dmap=+3/-3 shz=3.6 plan=15 cmd=(lx=+0.00,ly=+0.28,rx=+0.00)
[VIS] perc_n=0 age=0.1 free_c=- vismap=0/0 color=- carpet=- cnear=- crmin=- door=-7.5 dets=[-]
t= 24.4 ENG-F pos=(-3.08,+0.40) yaw=+138.4 d=3.11 goal_err=-16 carrot_err=  -6 c0=0.56 clear=0.37 prog=0.50 rel=0.77 bal=-0.05 obs=467 hard=412 obsc=503 yr=  2  nz=0.22 flt=0.16 dmap=+1/-0 shz=3.6 plan=15 cmd=(lx=+0.00,ly=+0.28,rx=+0.00)
[VIS] perc_n=0 age=0.2 free_c=- vismap=0/0 color=- carpet=- cnear=- crmin=- door=-7.5 dets=[-]
t= 24.5 ENG-F pos=(-3.09,+0.42) yaw=+138.3 d=3.09 goal_err=-16 carrot_err=  -6 c0=0.54 clear=0.36 prog=0.50 rel=0.77 bal=-0.05 obs=467 hard=412 obsc=503 yr=  0  nz=0.22 flt=0.16 dmap=+0/-0 shz=3.6 plan=15 cmd=(lx=+0.00,ly=+0.28,rx=+0.00)
[VIS] perc_n=0 age=0.0 free_c=- vismap=0/0 color=- carpet=- cnear=- crmin=- door=-6.4 dets=[-]
t= 24.6 ENG-F pos=(-3.11,+0.42) yaw=+138.5 d=3.08 goal_err=-17 carrot_err=  -7 c0=0.52 clear=0.35 prog=0.49 rel=0.77 bal=-0.06 obs=468 hard=411 obsc=506 yr=  2  nz=0.22 flt=0.11 dmap=+3/-2 shz=3.6 plan=15 cmd=(lx=+0.00,ly=+0.28,rx=+0.00)
[VIS] perc_n=0 age=0.1 free_c=- vismap=0/0 color=- carpet=- cnear=- crmin=- door=-6.4 dets=[-]
t= 24.7 ENG-F pos=(-3.14,+0.44) yaw=+138.8 d=3.05 goal_err=-17 carrot_err=  -8 c0=0.49 clear=0.33 prog=0.51 rel=0.76 bal=-0.06 obs=469 hard=412 obsc=506 yr=  3  nz=0.23 flt=0.11 dmap=+1/-0 shz=3.6 plan=15 cmd=(lx=+0.00,ly=+0.28,rx=+0.00)
[VIS] perc_n=0 age=0.0 free_c=- vismap=0/0 color=- carpet=- cnear=- crmin=- door=-8.3 dets=[-]
t= 24.8 ENG-F pos=(-3.16,+0.45) yaw=+139.2 d=3.03 goal_err=-18 carrot_err=  -9 c0=0.47 clear=0.31 prog=0.50 rel=0.76 bal=-0.07 obs=462 hard=413 obsc=505 yr=  4  nz=0.23 flt=0.07 dmap=+1/-8 shz=3.6 plan=15 cmd=(lx=+0.00,ly=+0.28,rx=+0.00)
[VIS] perc_n=0 age=0.1 free_c=- vismap=0/0 color=- carpet=- cnear=- crmin=- door=-8.3 dets=[-]
t= 24.9 ENG-T pos=(-3.18,+0.45) yaw=+139.5 d=3.02 goal_err=-19 carrot_err= -12 c0=0.45 clear=0.30 prog=0.49 rel=0.77 bal=-0.08 obs=462 hard=413 obsc=505 yr=  3  nz=0.23 flt=0.07 dmap=+0/-0 shz=3.6 plan=15 cmd=(lx=+0.00,ly=+0.00,rx=+0.45)
[VIS] perc_n=0 age=0.2 free_c=- vismap=0/0 color=- carpet=- cnear=- crmin=- door=-8.3 dets=[-]
  TURN-CAL rx=+0.45 esperado=-46deg/s medido=-16deg/s OK
t= 25.0 ENG-T pos=(-3.19,+0.45) yaw=+137.8 d=3.01 goal_err=-17 carrot_err= -11 c0=0.44 clear=0.29 prog=0.47 rel=0.77 bal=-0.09 obs=462 hard=413 obsc=505 yr= 16G nz=0.23 flt=0.07 dmap=+0/-0 shz=3.6 plan=15 cmd=(lx=+0.00,ly=+0.00,rx=+0.45)
[VIS] perc_n=0 age=0.3 free_c=- vismap=0/0 color=- carpet=- cnear=- crmin=- door=-8.3 dets=[-]
  TURN-CAL rx=+0.45 esperado=-46deg/s medido=-38deg/s OK
t= 25.1 ENG-T pos=(-3.20,+0.45) yaw=+134.0 d=3.01 goal_err=-13 carrot_err=  -8 c0=0.43 clear=0.29 prog=0.45 rel=0.77 bal=-0.10 obs=462 hard=414 obsc=505 yr= 38G nz=0.23 flt=0.25 dmap=+0/-0 shz=3.6 plan=15 cmd=(lx=+0.00,ly=+0.00,rx=+0.45)
[VIS] perc_n=0 age=0.0 free_c=- vismap=0/0 color=- carpet=- cnear=- crmin=- door=-1.7 dets=[-]
  TURN-CAL rx=+0.45 esperado=-46deg/s medido=-39deg/s OK
t= 25.2 ENG-F pos=(-3.20,+0.45) yaw=+130.0 d=3.01 goal_err=-9 carrot_err=  -4 c0=0.70 clear=0.47 prog=0.43 rel=0.74 bal=-0.10 obs=462 hard=414 obsc=505 yr= 39G nz=0.22 flt=0.25 dmap=+0/-0 shz=3.6 plan=15 cmd=(lx=+0.00,ly=+0.28,rx=+0.00)
[VIS] perc_n=0 age=0.1 free_c=- vismap=0/0 color=- carpet=- cnear=- crmin=- door=-1.7 dets=[-]
t= 25.3 ENG-F pos=(-3.20,+0.46) yaw=+127.9 d=3.00 goal_err=-7 carrot_err=  -2 c0=0.69 clear=0.46 prog=0.43 rel=0.74 bal=-0.09 obs=452 hard=406 obsc=505 yr= 21  nz=0.22 flt=0.07 dmap=+4/-14 shz=3.6 plan=15 cmd=(lx=+0.00,ly=+0.28,rx=+0.00)
[VIS] perc_n=0 age=0.2 free_c=- vismap=0/0 color=- carpet=- cnear=- crmin=- door=-1.7 dets=[-]
DOOR-ENG at-position t=25s err=0.21m
t= 25.4 ENG-AL. pos=(-3.20,+0.48) yaw=+127.5 d=2.98 goal_err=-7 carrot_err=  -0 c0=0.68 clear=0.45 prog=0.45 rel=0.74 bal=-0.08 obs=452 hard=406 obsc=505 yr=  3  nz=0.24 flt=0.07 dmap=+0/-0 shz=3.6 plan=15 cmd=(lx=+0.00,ly=+0.00,rx=+0.00)
[VIS] perc_n=0 age=0.0 free_c=- vismap=0/0 color=- carpet=- cnear=- crmin=- door=5.4 dets=[-]
DOOR-ENG aligned t=26s yaw=+127 he=+7.8
DOOR-EXIT-CTR saliendo: ignoro centro medido (-0.04 m) y servoo al eje del mapa
t= 25.5 ENG-GO pos=(-3.20,+0.49) yaw=+127.2 d=2.97 goal_err=-6 carrot_err=  +1 c0=0.74 clear=0.49 prog=0.44 rel=0.74 bal=-0.07 obs=452 hard=406 obsc=505 yr=  3  nz=0.24 flt=0.07 dmap=+0/-0 shz=3.6 plan=15 cmd=(lx=+0.00,ly=+0.28,rx=+0.00)
[VIS] perc_n=0 age=0.1 free_c=- vismap=0/0 color=- carpet=- cnear=- crmin=- door=5.4 dets=[-]
t= 25.6 ENG-GO pos=(-3.20,+0.50) yaw=+126.8 d=2.96 goal_err=-6 carrot_err=  +4 c0=0.72 clear=0.48 prog=0.44 rel=0.74 bal=-0.06 obs=433 hard=399 obsc=491 yr=  4  nz=0.24 flt=0.11 dmap=+2/-21 shz=3.6 plan=15 cmd=(lx=+0.00,ly=+0.28,rx=+0.00)
[VIS] perc_n=0 age=0.0 free_c=- vismap=0/0 color=- carpet=- cnear=- crmin=- door=5.1 dets=[-]
t= 25.7 ENG-GO pos=(-3.20,+0.52) yaw=+126.5 d=2.94 goal_err=-5 carrot_err=  +5 c0=0.71 clear=0.47 prog=0.44 rel=0.82 bal=-0.05 obs=433 hard=399 obsc=491 yr=  3  nz=0.18 flt=0.11 dmap=+0/-0 shz=3.6 plan=15 cmd=(lx=+0.00,ly=+0.28,rx=+0.00)
[VIS] perc_n=0 age=0.1 free_c=- vismap=0/0 color=- carpet=- cnear=- crmin=- door=5.1 dets=[-]
t= 25.8 ENG-GO pos=(-3.21,+0.54) yaw=+126.4 d=2.93 goal_err=-5 carrot_err=  +5 c0=0.69 clear=0.46 prog=0.44 rel=0.82 bal=-0.18 obs=435 hard=394 obsc=474 yr=  2  nz=0.18 flt=0.08 dmap=+4/-2 shz=3.6 plan=15 cmd=(lx=+0.00,ly=+0.28,rx=+0.00)
[VIS] perc_n=0 age=0.2 free_c=- vismap=0/0 color=- carpet=- cnear=- crmin=- door=5.1 dets=[-]
t= 25.9 ENG-GO pos=(-3.22,+0.55) yaw=+126.4 d=2.91 goal_err=-5 carrot_err=  +5 c0=0.67 clear=0.45 prog=0.45 rel=0.80 bal=-0.18 obs=435 hard=394 obsc=474 yr=  0  nz=0.19 flt=0.08 dmap=+0/-0 shz=3.6 plan=15 cmd=(lx=+0.00,ly=+0.28,rx=+0.00)
[VIS] perc_n=0 age=0.0 free_c=- vismap=0/0 color=- carpet=- cnear=- crmin=- door=4.2 dets=[-]
t= 26.0 ENG-GO pos=(-3.24,+0.57) yaw=+126.5 d=2.89 goal_err=-5 carrot_err=  +5 c0=0.66 clear=0.44 prog=0.47 rel=0.80 bal=-0.18 obs=436 hard=395 obsc=475 yr=  1  nz=0.19 flt=0.08 dmap=+1/-0 shz=3.6 plan=15 cmd=(lx=+0.00,ly=+0.28,rx=+0.00)
[VIS] perc_n=0 age=0.1 free_c=- vismap=0/0 color=- carpet=- cnear=- crmin=- door=4.2 dets=[-]
t= 26.1 ENG-GO pos=(-3.25,+0.57) yaw=+126.8 d=2.88 goal_err=-6 carrot_err=  +4 c0=0.64 clear=0.43 prog=0.47 rel=0.80 bal=-0.19 obs=436 hard=392 obsc=475 yr=  3  nz=0.19 flt=0.07 dmap=+2/-2 shz=3.8 plan=15 cmd=(lx=+0.00,ly=+0.28,rx=+0.00)
[VIS] perc_n=0 age=0.2 free_c=- vismap=0/0 color=- carpet=- cnear=- crmin=- door=4.2 dets=[-]
t= 26.2 ENG-GO pos=(-3.27,+0.58) yaw=+127.1 d=2.86 goal_err=-6 carrot_err=  +3 c0=1.07 clear=0.71 prog=0.47 rel=0.81 bal=-0.20 obs=436 hard=392 obsc=475 yr=  3  nz=0.19 flt=0.07 dmap=+0/-0 shz=3.8 plan=15 cmd=(lx=+0.00,ly=+0.28,rx=+0.00)
[VIS] perc_n=0 age=0.0 free_c=- vismap=0/0 color=- carpet=- cnear=- crmin=- door=8.7 dets=[-]
t= 26.3 ENG-GO pos=(-3.29,+0.59) yaw=+127.4 d=2.84 goal_err=-7 carrot_err=  +2 c0=1.06 clear=0.70 prog=0.46 rel=0.81 bal=-0.21 obs=435 hard=393 obsc=474 yr=  3  nz=0.19 flt=0.12 dmap=+1/-2 shz=3.8 plan=15 cmd=(lx=+0.00,ly=+0.28,rx=+0.00)
[VIS] perc_n=0 age=0.1 free_c=- vismap=0/0 color=- carpet=- cnear=- crmin=- door=8.7 dets=[-]
t= 26.4 ENG-GO pos=(-3.31,+0.60) yaw=+127.8 d=2.83 goal_err=-8 carrot_err=  +3 c0=1.05 clear=0.70 prog=0.46 rel=0.71 bal=-0.22 obs=436 hard=394 obsc=475 yr=  3  nz=0.29 flt=0.12 dmap=+1/-0 shz=3.8 plan=13 cmd=(lx=+0.00,ly=+0.28,rx=+0.00)
[VIS] perc_n=0 age=0.2 free_c=- vismap=0/0 color=- carpet=- cnear=- crmin=- door=8.7 dets=[-]
t= 26.5 ENG-GO pos=(-3.32,+0.61) yaw=+127.9 d=2.81 goal_err=-8 carrot_err=  +2 c0=1.03 clear=0.69 prog=0.46 rel=0.71 bal=-0.22 obs=435 hard=399 obsc=478 yr=  1  nz=0.29 flt=0.13 dmap=+5/-6 shz=3.8 plan=13 cmd=(lx=+0.00,ly=+0.28,rx=+0.00)
[VIS] perc_n=0 age=0.0 free_c=- vismap=0/0 color=- carpet=- cnear=- crmin=- door=7.8 dets=[-]
t= 26.6 ENG-GO pos=(-3.34,+0.62) yaw=+128.0 d=2.79 goal_err=-8 carrot_err=  +2 c0=1.01 clear=0.68 prog=0.44 rel=0.66 bal=-0.22 obs=435 hard=399 obsc=478 yr=  1  nz=0.32 flt=0.13 dmap=+0/-0 shz=3.8 plan=13 cmd=(lx=+0.00,ly=+0.28,rx=+0.00)
[VIS] perc_n=0 age=0.1 free_c=- vismap=0/0 color=- carpet=- cnear=- crmin=- door=7.8 dets=[-]
t= 26.7 ENG-GO pos=(-3.34,+0.64) yaw=+127.9 d=2.78 goal_err=-8 carrot_err=  +3 c0=1.00 clear=0.67 prog=0.45 rel=0.66 bal=-0.21 obs=435 hard=399 obsc=478 yr=  1  nz=0.32 flt=0.13 dmap=+0/-0 shz=3.8 plan=13 cmd=(lx=+0.00,ly=+0.28,rx=+0.00)
[VIS] perc_n=0 age=0.2 free_c=- vismap=0/0 color=- carpet=- cnear=- crmin=- door=7.8 dets=[-]
t= 26.8 ENG-GO pos=(-3.35,+0.66) yaw=+127.6 d=2.75 goal_err=-7 carrot_err=  +4 c0=0.98 clear=0.65 prog=0.46 rel=0.66 bal=-0.20 obs=434 hard=394 obsc=476 yr=  2  nz=0.32 flt=0.08 dmap=+2/-3 shz=3.8 plan=13 cmd=(lx=+0.00,ly=+0.28,rx=+0.00)
[VIS] perc_n=0 age=0.0 free_c=- vismap=0/0 color=- carpet=- cnear=- crmin=- door=8.3 dets=[-]
t= 26.9 ENG-GO pos=(-3.35,+0.68) yaw=+127.3 d=2.74 goal_err=-7 carrot_err=  +5 c0=0.96 clear=0.64 prog=0.48 rel=0.72 bal=-0.19 obs=434 hard=394 obsc=476 yr=  4  nz=0.28 flt=0.08 dmap=+0/-0 shz=3.8 plan=13 cmd=(lx=+0.00,ly=+0.28,rx=+0.00)
[VIS] perc_n=0 age=0.1 free_c=- vismap=0/0 color=- carpet=- cnear=- crmin=- door=8.3 dets=[-]
t= 27.0 ENG-GO pos=(-3.35,+0.70) yaw=+126.9 d=2.72 goal_err=-6 carrot_err=  +6 c0=0.94 clear=0.62 prog=0.51 rel=0.72 bal=-0.17 obs=431 hard=393 obsc=473 yr=  4  nz=0.28 flt=0.12 dmap=+2/-5 shz=3.8 plan=13 cmd=(lx=+0.00,ly=+0.28,rx=+0.00)
[VIS] perc_n=0 age=0.2 free_c=- vismap=0/0 color=- carpet=- cnear=- crmin=- door=8.3 dets=[-]
t= 27.1 ENG-GO pos=(-3.35,+0.72) yaw=+126.5 d=2.70 goal_err=-6 carrot_err=  +7 c0=0.92 clear=0.61 prog=0.54 rel=0.72 bal=-0.16 obs=431 hard=393 obsc=473 yr=  4  nz=0.28 flt=0.12 dmap=+0/-0 shz=3.8 plan=13 cmd=(lx=+0.00,ly=+0.28,rx=+0.00)
[VIS] perc_n=0 age=0.0 free_c=- vismap=0/0 color=- carpet=- cnear=- crmin=- door=6.2 dets=[-]
t= 27.2 ENG-GO pos=(-3.36,+0.73) yaw=+126.3 d=2.68 goal_err=-6 carrot_err=  +7 c0=0.90 clear=0.60 prog=0.55 rel=0.72 bal=-0.15 obs=431 hard=393 obsc=473 yr=  2  nz=0.28 flt=0.12 dmap=+0/-0 shz=3.8 plan=13 cmd=(lx=+0.00,ly=+0.28,rx=+0.00)
[VIS] perc_n=0 age=0.1 free_c=- vismap=0/0 color=- carpet=- cnear=- crmin=- door=6.2 dets=[-]
t= 27.3 ENG-GO pos=(-3.37,+0.75) yaw=+126.3 d=2.66 goal_err=-6 carrot_err=  +8 c0=0.88 clear=0.59 prog=0.55 rel=0.72 bal=-0.02 obs=437 hard=400 obsc=475 yr=  0  nz=0.28 flt=0.06 dmap=+8/-2 shz=3.7 plan=13 cmd=(lx=+0.00,ly=+0.28,rx=+0.00)
[VIS] perc_n=0 age=0.2 free_c=- vismap=0/0 color=- carpet=- cnear=- crmin=- door=6.2 dets=[-]
t= 27.4 ENG-GO pos=(-3.38,+0.76) yaw=+126.4 d=2.65 goal_err=-6 carrot_err=  +7 c0=0.87 clear=0.58 prog=0.56 rel=0.76 bal=-0.02 obs=437 hard=400 obsc=475 yr=  2  nz=0.24 flt=0.06 dmap=+0/-0 shz=3.7 plan=13 cmd=(lx=+0.00,ly=+0.28,rx=+0.00)
[VIS] perc_n=0 age=0.3 free_c=- vismap=0/0 color=- carpet=- cnear=- crmin=- door=6.2 dets=[-]
t= 27.5 ENG-GO pos=(-3.40,+0.77) yaw=+126.7 d=2.63 goal_err=-6 carrot_err=  +7 c0=0.66 clear=0.44 prog=0.57 rel=0.76 bal=-0.00 obs=435 hard=397 obsc=472 yr=  3  nz=0.24 flt=0.07 dmap=+1/-3 shz=3.8 plan=13 cmd=(lx=+0.00,ly=+0.28,rx=+0.00)
[VIS] perc_n=0 age=0.0 free_c=- vismap=0/0 color=- carpet=- cnear=- crmin=- door=6.8 dets=[-]
t= 27.6 ENG-GO pos=(-3.42,+0.78) yaw=+127.1 d=2.62 goal_err=-7 carrot_err=  +6 c0=0.65 clear=0.43 prog=0.57 rel=0.72 bal=-0.01 obs=435 hard=397 obsc=472 yr=  4  nz=0.28 flt=0.07 dmap=+0/-0 shz=3.8 plan=13 cmd=(lx=+0.00,ly=+0.28,rx=+0.00)
[VIS] perc_n=0 age=0.1 free_c=- vismap=0/0 color=- carpet=- cnear=- crmin=- door=6.8 dets=[-]
t= 27.7 ENG-GO pos=(-3.44,+0.78) yaw=+127.4 d=2.60 goal_err=-8 carrot_err=  +5 c0=0.63 clear=0.42 prog=0.57 rel=0.72 bal=-0.01 obs=435 hard=398 obsc=472 yr=  4  nz=0.28 flt=0.07 dmap=+0/-0 shz=3.8 plan=13 cmd=(lx=+0.00,ly=+0.28,rx=+0.00)
[VIS] perc_n=0 age=0.2 free_c=- vismap=0/0 color=- carpet=- cnear=- crmin=- door=6.8 dets=[-]
t= 27.8 ENG-GO pos=(-3.46,+0.79) yaw=+127.7 d=2.58 goal_err=-8 carrot_err=  +4 c0=0.62 clear=0.41 prog=0.57 rel=0.72 bal=-0.01 obs=434 hard=399 obsc=473 yr=  3  nz=0.28 flt=0.14 dmap=+2/-3 shz=3.8 plan=13 cmd=(lx=+0.00,ly=+0.28,rx=+0.00)
t= 27.9 ENG-GO pos=(-3.48,+0.81) yaw=+127.9 d=2.56 goal_err=-9 carrot_err=  +3 c0=0.82 clear=0.55 prog=0.57 rel=0.72 bal=-0.01 obs=435 hard=400 obsc=474 yr=  2  nz=0.27 flt=0.14 dmap=+1/-0 shz=3.8 plan=13 cmd=(lx=+0.00,ly=+0.28,rx=+0.00)
t= 28.0 ENG-GO pos=(-3.49,+0.82) yaw=+128.0 d=2.54 goal_err=-9 carrot_err=  +3 c0=0.81 clear=0.54 prog=0.57 rel=0.72 bal=+0.08 obs=435 hard=397 obsc=475 yr=  1  nz=0.27 flt=0.08 dmap=+3/-3 shz=3.8 plan=13 cmd=(lx=+0.00,ly=+0.28,rx=+0.00)
t= 28.2 ENG-GO pos=(-3.49,+0.84) yaw=+127.9 d=2.53 goal_err=-9 carrot_err=  +4 c0=0.79 clear=0.53 prog=0.57 rel=0.77 bal=+0.09 obs=435 hard=397 obsc=475 yr=  1  nz=0.23 flt=0.08 dmap=+0/-0 shz=3.8 plan=13 cmd=(lx=+0.00,ly=+0.28,rx=+0.00)
t= 28.3 ENG-GO pos=(-3.50,+0.86) yaw=+127.6 d=2.51 goal_err=-8 carrot_err=  +5 c0=0.80 clear=0.54 prog=0.58 rel=0.77 bal=+0.10 obs=435 hard=397 obsc=475 yr=  3  nz=0.23 flt=0.08 dmap=+0/-0 shz=3.8 plan=13 cmd=(lx=+0.00,ly=+0.28,rx=+0.00)
t= 28.4 ENG-GO pos=(-3.50,+0.88) yaw=+127.2 d=2.49 goal_err=-8 carrot_err=  +6 c0=0.78 clear=0.52 prog=0.59 rel=0.77 bal=+0.11 obs=438 hard=394 obsc=474 yr=  3  nz=0.23 flt=0.04 dmap=+5/-2 shz=3.8 plan=13 cmd=(lx=+0.00,ly=+0.28,rx=+0.00)
t= 28.5 ENG-GO pos=(-3.51,+0.90) yaw=+126.9 d=2.47 goal_err=-7 carrot_err=  +8 c0=0.76 clear=0.51 prog=0.59 rel=0.81 bal=+0.12 obs=438 hard=394 obsc=474 yr=  4  nz=0.20 flt=0.04 dmap=+0/-0 shz=3.8 plan=13 cmd=(lx=+0.00,ly=+0.28,rx=+0.00)
t= 28.6 ENG-GO pos=(-3.51,+0.92) yaw=+126.5 d=2.45 goal_err=-7 carrot_err=  +9 c0=0.74 clear=0.49 prog=0.59 rel=0.81 bal=+0.14 obs=438 hard=400 obsc=477 yr=  3  nz=0.20 flt=0.10 dmap=+4/-4 shz=3.8 plan=13 cmd=(lx=+0.00,ly=+0.28,rx=+0.00)
t= 28.7 ENG-GO pos=(-3.52,+0.93) yaw=+126.3 d=2.43 goal_err=-6 carrot_err=  +9 c0=0.72 clear=0.48 prog=0.59 rel=0.83 bal=+0.14 obs=438 hard=400 obsc=477 yr=  2  nz=0.16 flt=0.10 dmap=+0/-0 shz=3.8 plan=13 cmd=(lx=+0.00,ly=+0.28,rx=+0.00)
t= 28.8 ENG-GO pos=(-3.53,+0.95) yaw=+126.3 d=2.41 goal_err=-6 carrot_err= +10 c0=0.71 clear=0.47 prog=0.59 rel=0.83 bal=+0.14 obs=438 hard=400 obsc=477 yr=  0  nz=0.16 flt=0.10 dmap=+0/-0 shz=3.8 plan=13 cmd=(lx=+0.00,ly=+0.28,rx=+0.00)
[VIS] perc_n=0 age=0.1 free_c=- vismap=0/0 color=- carpet=- cnear=- crmin=- door=- dets=[-]
t= 28.9 ENG-GO pos=(-3.54,+0.96) yaw=+126.4 d=2.40 goal_err=-7 carrot_err= +10 c0=0.69 clear=0.46 prog=0.59 rel=0.83 bal=+0.14 obs=435 hard=393 obsc=475 yr=  1  nz=0.16 flt=0.07 dmap=+2/-5 shz=3.8 plan=13 cmd=(lx=+0.00,ly=+0.28,rx=+0.00)
t= 29.0 ENG-GO pos=(-3.56,+0.97) yaw=+126.7 d=2.38 goal_err=-7 carrot_err=  +9 c0=0.67 clear=0.45 prog=0.59 rel=0.86 bal=+0.13 obs=435 hard=394 obsc=475 yr=  3  nz=0.14 flt=0.07 dmap=+0/-0 shz=3.8 plan=13 cmd=(lx=+0.00,ly=+0.28,rx=+0.00)
t= 29.1 ENG-GO pos=(-3.58,+0.98) yaw=+127.1 d=2.36 goal_err=-8 carrot_err=  +8 c0=0.66 clear=0.44 prog=0.58 rel=0.86 bal=+0.12 obs=434 hard=395 obsc=472 yr=  3  nz=0.14 flt=0.07 dmap=+2/-3 shz=3.8 plan=13 cmd=(lx=+0.00,ly=+0.28,rx=+0.00)
t= 29.2 ENG-GO pos=(-3.59,+0.99) yaw=+127.5 d=2.35 goal_err=-9 carrot_err=  +7 c0=0.65 clear=0.43 prog=0.58 rel=0.86 bal=+0.11 obs=434 hard=395 obsc=472 yr=  4  nz=0.14 flt=0.07 dmap=+0/-0 shz=3.8 plan=13 cmd=(lx=+0.00,ly=+0.28,rx=+0.00)
t= 29.3 ENG-GO pos=(-3.61,+1.00) yaw=+127.9 d=2.33 goal_err=-9 carrot_err=  +6 c0=0.63 clear=0.42 prog=0.57 rel=0.86 bal=+0.09 obs=434 hard=397 obsc=474 yr=  3  nz=0.14 flt=0.09 dmap=+6/-6 shz=3.8 plan=13 cmd=(lx=+0.00,ly=+0.28,rx=+0.00)
t= 29.4 ENG-GO pos=(-3.63,+1.00) yaw=+128.1 d=2.31 goal_err=-10 carrot_err=  +6 c0=0.62 clear=0.41 prog=0.57 rel=0.86 bal=-0.11 obs=434 hard=397 obsc=474 yr=  2  nz=0.14 flt=0.09 dmap=+0/-0 shz=3.8 plan=13 cmd=(lx=+0.00,ly=+0.28,rx=+0.00)
t= 29.5 ENG-GO pos=(-3.64,+1.02) yaw=+128.2 d=2.30 goal_err=-10 carrot_err=  +6 c0=0.60 clear=0.40 prog=0.57 rel=0.86 bal=-0.11 obs=434 hard=397 obsc=474 yr=  1  nz=0.14 flt=0.09 dmap=+0/-0 shz=3.8 plan=11 cmd=(lx=+0.00,ly=+0.28,rx=+0.00)
t= 29.6 ENG-GO pos=(-3.65,+1.04) yaw=+128.0 d=2.28 goal_err=-10 carrot_err=  +6 c0=1.03 clear=0.69 prog=0.58 rel=0.86 bal=+0.02 obs=430 hard=391 obsc=473 yr=  2  nz=0.14 flt=0.03 dmap=+5/-9 shz=3.8 plan=11 cmd=(lx=+0.00,ly=+0.28,rx=+0.00)
t= 29.7 ENG-GO pos=(-3.65,+1.06) yaw=+127.7 d=2.26 goal_err=-9 carrot_err=  +7 c0=1.01 clear=0.67 prog=0.58 rel=0.77 bal=+0.04 obs=430 hard=391 obsc=473 yr=  3  nz=0.23 flt=0.03 dmap=+0/-0 shz=3.8 plan=11 cmd=(lx=+0.00,ly=+0.28,rx=+0.00)
t= 29.8 ENG-GO pos=(-3.66,+1.08) yaw=+127.3 d=2.24 goal_err=-9 carrot_err=  +9 c0=0.99 clear=0.66 prog=0.58 rel=0.77 bal=+0.06 obs=426 hard=386 obsc=465 yr=  4  nz=0.23 flt=0.05 dmap=+3/-7 shz=3.8 plan=11 cmd=(lx=+0.00,ly=+0.28,rx=+0.00)
[VIS] perc_n=0 age=0.2 free_c=- vismap=0/0 color=- carpet=- cnear=- crmin=- door=- dets=[-]
t= 29.9 ENG-GO pos=(-3.66,+1.10) yaw=+127.0 d=2.22 goal_err=-8 carrot_err= +10 c0=0.97 clear=0.64 prog=0.59 rel=0.75 bal=+0.07 obs=426 hard=386 obsc=465 yr=  4  nz=0.25 flt=0.05 dmap=+0/-0 shz=3.8 plan=11 cmd=(lx=+0.00,ly=+0.28,rx=+0.00)
t= 30.0 ENG-GO pos=(-3.66,+1.12) yaw=+126.6 d=2.20 goal_err=-8 carrot_err= +11 c0=0.95 clear=0.63 prog=0.59 rel=0.75 bal=+0.09 obs=426 hard=386 obsc=465 yr=  4  nz=0.25 flt=0.05 dmap=+0/-0 shz=3.8 plan=11 cmd=(lx=+0.00,ly=+0.28,rx=+0.00)
t= 30.1 ENG-GO pos=(-3.67,+1.13) yaw=+126.3 d=2.18 goal_err=-7 carrot_err= +12 c0=0.93 clear=0.62 prog=0.59 rel=0.75 bal=+0.18 obs=427 hard=384 obsc=460 yr=  3  nz=0.25 flt=0.08 dmap=+2/-1 shz=3.8 plan=11 cmd=(lx=+0.00,ly=+0.28,rx=+0.00)
t= 30.2 ENG-GO pos=(-3.68,+1.15) yaw=+126.3 d=2.17 goal_err=-7 carrot_err= +11 c0=0.91 clear=0.61 prog=0.59 rel=0.73 bal=+0.17 obs=427 hard=384 obsc=460 yr=  0  nz=0.27 flt=0.08 dmap=+0/-0 shz=3.8 plan=11 cmd=(lx=+0.00,ly=+0.28,rx=+0.00)
t= 30.3 ENG-GO pos=(-3.69,+1.16) yaw=+126.4 d=2.15 goal_err=-7 carrot_err= +11 c0=0.89 clear=0.60 prog=0.58 rel=0.73 bal=+0.12 obs=425 hard=386 obsc=461 yr=  1  nz=0.27 flt=0.17 dmap=+2/-4 shz=3.8 plan=11 cmd=(lx=+0.00,ly=+0.28,rx=+0.00)
t= 30.4 ENG-GO pos=(-3.71,+1.17) yaw=+126.6 d=2.13 goal_err=-8 carrot_err= +11 c0=0.88 clear=0.59 prog=0.58 rel=0.74 bal=+0.11 obs=425 hard=386 obsc=461 yr=  3  nz=0.25 flt=0.17 dmap=+0/-0 shz=3.8 plan=11 cmd=(lx=+0.00,ly=+0.28,rx=+0.00)
t= 30.5 ENG-GO pos=(-3.73,+1.18) yaw=+127.0 d=2.11 goal_err=-9 carrot_err= +10 c0=0.87 clear=0.58 prog=0.58 rel=0.74 bal=+0.09 obs=425 hard=386 obsc=461 yr=  3  nz=0.25 flt=0.17 dmap=+0/-0 shz=3.8 plan=11 cmd=(lx=+0.00,ly=+0.28,rx=+0.00)
t= 30.6 ENG-GO pos=(-3.75,+1.19) yaw=+127.3 d=2.10 goal_err=-9 carrot_err=  +9 c0=0.85 clear=0.57 prog=0.57 rel=0.74 bal=+0.08 obs=424 hard=383 obsc=460 yr=  4  nz=0.25 flt=0.11 dmap=+1/-2 shz=3.8 plan=11 cmd=(lx=+0.00,ly=+0.28,rx=+0.00)
t= 30.7 ENG-GO pos=(-3.77,+1.19) yaw=+127.6 d=2.08 goal_err=-10 carrot_err=  +9 c0=0.84 clear=0.56 prog=0.57 rel=0.78 bal=+0.06 obs=424 hard=383 obsc=460 yr=  2  nz=0.22 flt=0.11 dmap=+0/-0 shz=3.8 plan=11 cmd=(lx=+0.00,ly=+0.28,rx=+0.00)
t= 30.8 ENG-GO pos=(-3.78,+1.20) yaw=+127.8 d=2.07 goal_err=-11 carrot_err=  +8 c0=0.63 clear=0.42 prog=0.57 rel=0.78 bal=+0.04 obs=424 hard=383 obsc=459 yr=  2  nz=0.22 flt=0.08 dmap=+2/-2 shz=3.8 plan=11 cmd=(lx=+0.00,ly=+0.28,rx=+0.00)
[VIS] perc_n=0 age=0.3 free_c=- vismap=0/0 color=- carpet=- cnear=- crmin=- door=- dets=[-]
t= 30.9 ENG-GO pos=(-3.80,+1.22) yaw=+127.8 d=2.05 goal_err=-11 carrot_err=  +8 c0=0.62 clear=0.41 prog=0.57 rel=0.77 bal=+0.03 obs=424 hard=383 obsc=459 yr=  0  nz=0.23 flt=0.08 dmap=+0/-0 shz=3.8 plan=11 cmd=(lx=+0.00,ly=+0.28,rx=+0.00)
t= 31.0 ENG-GO pos=(-3.81,+1.25) yaw=+127.7 d=2.01 goal_err=-11 carrot_err=  +9 c0=0.58 clear=0.39 prog=0.61 rel=0.77 bal=+0.03 obs=424 hard=383 obsc=459 yr=  1  nz=0.23 flt=0.08 dmap=+0/-0 shz=3.8 plan=10 cmd=(lx=+0.00,ly=+0.28,rx=+0.00)
t= 31.1 ENG-GO pos=(-3.82,+1.27) yaw=+127.4 d=1.99 goal_err=-10 carrot_err= +10 c0=0.56 clear=0.37 prog=0.61 rel=0.77 bal=+0.04 obs=420 hard=383 obsc=460 yr=  2  nz=0.23 flt=0.09 dmap=+2/-6 shz=3.8 plan=10 cmd=(lx=+0.00,ly=+0.28,rx=+0.00)
t= 31.2 ENG-GO pos=(-3.82,+1.29) yaw=+127.1 d=1.97 goal_err=-10 carrot_err= +12 c0=0.54 clear=0.36 prog=0.62 rel=0.72 bal=+0.05 obs=420 hard=383 obsc=460 yr=  3  nz=0.28 flt=0.09 dmap=+0/-0 shz=3.8 plan=10 cmd=(lx=+0.00,ly=+0.28,rx=+0.00)
t= 31.3 ENG-GO pos=(-3.82,+1.31) yaw=+126.7 d=1.95 goal_err=-9 carrot_err= +13 c0=0.52 clear=0.35 prog=0.63 rel=0.72 bal=+0.07 obs=416 hard=384 obsc=453 yr=  4  nz=0.28 flt=0.07 dmap=+1/-5 shz=3.8 plan=10 cmd=(lx=+0.00,ly=+0.28,rx=+0.00)
t= 31.4 ENG-GO pos=(-3.82,+1.34) yaw=+126.4 d=1.93 goal_err=-8 carrot_err= +15 c0=0.50 clear=0.33 prog=0.63 rel=0.71 bal=+0.08 obs=416 hard=384 obsc=453 yr=  3  nz=0.29 flt=0.07 dmap=+0/-0 shz=3.8 plan=10 cmd=(lx=+0.00,ly=+0.28,rx=+0.00)
t= 31.5 ENG-GO pos=(-3.83,+1.35) yaw=+126.2 d=1.91 goal_err=-8 carrot_err= +16 c0=0.48 clear=0.32 prog=0.63 rel=0.71 bal=+0.09 obs=416 hard=384 obsc=453 yr=  2  nz=0.29 flt=0.07 dmap=+0/-0 shz=3.8 plan=10 cmd=(lx=+0.00,ly=+0.28,rx=+0.00)
t= 31.6 ENG-GO pos=(-3.84,+1.37) yaw=+126.2 d=1.89 goal_err=-8 carrot_err=  +6 c0=0.46 clear=0.31 prog=0.63 rel=0.71 bal=+0.09 obs=422 hard=388 obsc=462 yr=  0  nz=0.29 flt=0.37 dmap=+9/-3 shz=3.8 plan=10 cmd=(lx=+0.00,ly=+0.28,rx=+0.00)
t= 31.7 ENG-GO pos=(-3.85,+1.38) yaw=+126.3 d=1.88 goal_err=-8 carrot_err=  +6 c0=0.45 clear=0.30 prog=0.62 rel=0.54 bal=+0.09 obs=422 hard=388 obsc=462 yr=  1  nz=0.39 flt=0.37 dmap=+0/-0 shz=3.8 plan=10 cmd=(lx=+0.00,ly=+0.28,rx=+0.00)
t= 31.8 ENG-GO pos=(-3.86,+1.39) yaw=+126.6 d=1.86 goal_err=-9 carrot_err=  +6 c0=0.43 clear=0.29 prog=0.62 rel=0.54 bal=+0.08 obs=440 hard=405 obsc=483 yr=  2  nz=0.39 flt=0.26 dmap=+21/-3 shz=3.8 plan=10 cmd=(lx=+0.00,ly=+0.28,rx=+0.00)
[VIS] perc_n=0 age=0.0 free_c=- vismap=0/0 color=- carpet=- cnear=- crmin=- door=- dets=[-]
t= 31.9 ENG-GO pos=(-3.89,+1.40) yaw=+127.0 d=1.85 goal_err=-10 carrot_err=  +5 c0=0.42 clear=0.28 prog=0.61 rel=0.53 bal=+0.07 obs=442 hard=407 obsc=484 yr=  3  nz=0.38 flt=0.26 dmap=+2/-0 shz=3.8 plan=10 cmd=(lx=+0.00,ly=+0.28,rx=+0.00)
t= 32.0 ENG-GO pos=(-3.90,+1.41) yaw=+127.3 d=1.83 goal_err=-10 carrot_err=  +4 c0=1.25 clear=0.83 prog=0.61 rel=0.53 bal=+0.06 obs=451 hard=408 obsc=501 yr=  4  nz=0.38 flt=0.22 dmap=+15/-6 shz=3.8 plan=10 cmd=(lx=+0.00,ly=+0.28,rx=+0.00)
t= 32.1 ENG-GO pos=(-3.92,+1.41) yaw=+127.6 d=1.81 goal_err=-11 carrot_err=  +3 c0=1.23 clear=0.82 prog=0.60 rel=0.37 bal=+0.05 obs=452 hard=409 obsc=501 yr=  3  nz=0.57 flt=0.22 dmap=+1/-0 shz=3.8 plan=10 cmd=(lx=+0.00,ly=+0.28,rx=+0.00)
t= 32.2 ENG-GO pos=(-3.94,+1.42) yaw=+127.8 d=1.80 goal_err=-12 carrot_err=  +3 c0=1.21 clear=0.80 prog=0.60 rel=0.37 bal=+0.04 obs=452 hard=409 obsc=501 yr=  2  nz=0.57 flt=0.22 dmap=+0/-0 shz=3.8 plan=10 cmd=(lx=+0.00,ly=+0.28,rx=+0.00)
t= 32.3 ENG-GO pos=(-3.95,+1.44) yaw=+127.8 d=1.78 goal_err=-12 carrot_err=  +3 c0=1.19 clear=0.79 prog=0.60 rel=0.37 bal=+0.04 obs=452 hard=398 obsc=494 yr=  0  nz=0.57 flt=0.11 dmap=+1/-1 shz=3.8 plan=10 cmd=(lx=+0.00,ly=+0.28,rx=+0.00)
t= 32.4 ENG-GO pos=(-3.96,+1.45) yaw=+127.7 d=1.76 goal_err=-12 carrot_err=  +3 c0=1.17 clear=0.78 prog=0.60 rel=0.31 bal=+0.04 obs=452 hard=398 obsc=494 yr=  1  nz=0.69 flt=0.11 dmap=+0/-0 shz=3.8 plan=10 cmd=(lx=+0.00,ly=+0.28,rx=+0.00)
t= 32.5 ENG-GO pos=(-3.97,+1.47) yaw=+127.4 d=1.74 goal_err=-12 carrot_err=  -7 c0=1.43 clear=0.95 prog=0.61 rel=0.31 bal=+0.05 obs=453 hard=399 obsc=497 yr=  3  nz=0.69 flt=0.07 dmap=+3/-2 shz=3.8 plan=9 cmd=(lx=+0.00,ly=+0.28,rx=+0.00)
t= 32.6 ENG-GO pos=(-3.97,+1.49) yaw=+127.0 d=1.72 goal_err=-11 carrot_err=  -6 c0=1.42 clear=0.94 prog=0.62 rel=0.22 bal=+0.06 obs=453 hard=399 obsc=497 yr=  4  nz=0.78 flt=0.07 dmap=+0/-0 shz=3.8 plan=9 cmd=(lx=+0.00,ly=+0.28,rx=+0.00)
t= 32.7 ENG-GO pos=(-3.97,+1.52) yaw=+126.7 d=1.70 goal_err=-10 carrot_err=  -5 c0=1.40 clear=0.94 prog=0.62 rel=0.22 bal=+0.07 obs=453 hard=399 obsc=497 yr=  4  nz=0.78 flt=0.07 dmap=+0/-0 shz=3.8 plan=9 cmd=(lx=+0.00,ly=+0.28,rx=+0.00)
t= 32.8 ENG-GO pos=(-3.98,+1.54) yaw=+126.3 d=1.68 goal_err=-10 carrot_err=  -4 c0=1.50 clear=1.00 prog=0.63 rel=0.22 bal=+0.08 obs=456 hard=403 obsc=499 yr=  3  nz=0.78 flt=0.12 dmap=+5/-2 shz=3.8 plan=9 cmd=(lx=+0.00,ly=+0.28,rx=+0.00)
[VIS] perc_n=0 age=0.3 free_c=- vismap=0/0 color=- carpet=- cnear=- crmin=- door=- dets=[-]
t= 32.9 ENG-GO pos=(-3.98,+1.56) yaw=+126.1 d=1.66 goal_err=-9 carrot_err=  -3 c0=1.48 clear=0.99 prog=0.60 rel=0.17 bal=+0.09 obs=457 hard=404 obsc=500 yr=  2  nz=0.83 flt=0.12 dmap=+1/-0 shz=3.8 plan=9 cmd=(lx=+0.00,ly=+0.28,rx=+0.00)
t= 33.0 ENG-GO pos=(-4.00,+1.57) yaw=+126.0 d=1.64 goal_err=-9 carrot_err=  -3 c0=1.19 clear=0.79 prog=0.60 rel=0.17 bal=+0.09 obs=455 hard=406 obsc=503 yr=  1  nz=0.83 flt=0.04 dmap=+6/-8 shz=3.8 plan=9 cmd=(lx=+0.00,ly=+0.28,rx=+0.00)
t= 33.1 ENG-GO pos=(-4.01,+1.58) yaw=+126.2 d=1.62 goal_err=-10 carrot_err=  -4 c0=1.17 clear=0.78 prog=0.60 rel=0.21 bal=+0.09 obs=455 hard=406 obsc=503 yr=  1  nz=0.79 flt=0.04 dmap=+0/-0 shz=3.8 plan=9 cmd=(lx=+0.00,ly=+0.28,rx=+0.00)
t= 33.2 ENG-GO pos=(-4.03,+1.59) yaw=+126.5 d=1.61 goal_err=-11 carrot_err=  -1 c0=1.15 clear=0.76 prog=0.59 rel=0.21 bal=+0.07 obs=455 hard=406 obsc=503 yr=  3  nz=0.79 flt=0.04 dmap=+0/-0 shz=3.8 plan=9 cmd=(lx=+0.00,ly=+0.28,rx=+0.00)
t= 33.3 ENG-CG pos=(-4.05,+1.60) yaw=+126.8 d=1.59 goal_err=-11 carrot_err=  -2 c0=1.13 clear=0.75 prog=0.58 rel=0.21 bal=+0.00 obs=437 hard=404 obsc=497 yr=  4  nz=0.79 flt=0.06 dmap=+3/-21 shz=3.8 plan=9 cmd=(lx=-0.34,ly=+0.28,rx=+0.00)
t= 33.5 ENG-CG pos=(-4.06,+1.61) yaw=+127.2 d=1.58 goal_err=-12 carrot_err=  -3 c0=1.11 clear=0.74 prog=0.57 rel=0.64 bal=-0.00 obs=437 hard=404 obsc=497 yr=  4  nz=0.36 flt=0.06 dmap=+0/-0 shz=3.8 plan=9 cmd=(lx=-0.34,ly=+0.28,rx=+0.00)
t= 33.6 ENG-GO pos=(-4.10,+1.60) yaw=+127.5 d=1.57 goal_err=-14 carrot_err=  -6 c0=1.08 clear=0.72 prog=0.55 rel=0.64 bal=+0.05 obs=440 hard=402 obsc=480 yr=  3  nz=0.36 flt=0.12 dmap=+3/-0 shz=4.0 plan=9 cmd=(lx=+0.00,ly=+0.28,rx=+0.00)
t= 33.7 ENG-GO pos=(-4.14,+1.59) yaw=+127.7 d=1.56 goal_err=-15 carrot_err=  -8 c0=1.05 clear=0.70 prog=0.54 rel=0.75 bal=+0.02 obs=440 hard=402 obsc=480 yr=  2  nz=0.25 flt=0.12 dmap=+0/-0 shz=4.0 plan=9 cmd=(lx=+0.00,ly=+0.28,rx=+0.00)
t= 33.8 ENG-GO pos=(-4.15,+1.60) yaw=+127.8 d=1.55 goal_err=-16 carrot_err=  -8 c0=1.04 clear=0.69 prog=0.54 rel=0.75 bal=+0.02 obs=440 hard=402 obsc=480 yr=  1  nz=0.25 flt=0.12 dmap=+0/-0 shz=4.0 plan=9 cmd=(lx=+0.00,ly=+0.28,rx=+0.00)
t= 33.9 ENG-GO pos=(-4.16,+1.62) yaw=+127.6 d=1.53 goal_err=-16 carrot_err=  -8 c0=1.02 clear=0.68 prog=0.54 rel=0.75 bal=+0.02 obs=438 hard=403 obsc=485 yr=  1  nz=0.25 flt=0.06 dmap=+2/-4 shz=4.0 plan=9 cmd=(lx=+0.00,ly=+0.28,rx=+0.00)
[VIS] perc_n=0 age=0.0 free_c=- vismap=0/0 color=- carpet=- cnear=- crmin=- door=- dets=[-]
t= 34.0 ENG-GO pos=(-4.16,+1.64) yaw=+127.4 d=1.51 goal_err=-15 carrot_err=  -7 c0=1.01 clear=0.67 prog=0.55 rel=0.71 bal=+0.03 obs=438 hard=403 obsc=485 yr=  3  nz=0.29 flt=0.06 dmap=+0/-0 shz=4.0 plan=9 cmd=(lx=+0.00,ly=+0.28,rx=+0.00)
t= 34.1 ENG-GO pos=(-4.17,+1.66) yaw=+127.0 d=1.49 goal_err=-15 carrot_err=  -7 c0=0.99 clear=0.66 prog=0.56 rel=0.71 bal=+0.04 obs=443 hard=406 obsc=485 yr=  4  nz=0.29 flt=0.05 dmap=+7/-2 shz=4.0 plan=8 cmd=(lx=+0.00,ly=+0.28,rx=+0.00)
t= 34.2 ENG-CG pos=(-4.17,+1.68) yaw=+126.7 d=1.47 goal_err=-14 carrot_err=  -5 c0=0.98 clear=0.65 prog=0.57 rel=0.71 bal=+0.06 obs=443 hard=406 obsc=485 yr=  3  nz=0.29 flt=0.05 dmap=+0/-0 shz=4.0 plan=8 cmd=(lx=-0.34,ly=+0.28,rx=+0.00)
t= 34.3 ENG-CG pos=(-4.17,+1.70) yaw=+126.4 d=1.45 goal_err=-13 carrot_err=  -4 c0=0.97 clear=0.65 prog=0.57 rel=0.71 bal=+0.07 obs=443 hard=406 obsc=485 yr=  3  nz=0.29 flt=0.05 dmap=+0/-0 shz=4.0 plan=8 cmd=(lx=-0.34,ly=+0.28,rx=+0.00)
t= 34.4 ENG-CG pos=(-4.19,+1.70) yaw=+126.2 d=1.44 goal_err=-14 carrot_err=  -6 c0=1.23 clear=0.82 prog=0.56 rel=0.71 bal=+0.18 obs=449 hard=412 obsc=492 yr=  2  nz=0.29 flt=0.10 dmap=+9/-3 shz=4.0 plan=8 cmd=(lx=-0.34,ly=+0.28,rx=+0.00)
t= 34.5 ENG-GO pos=(-4.22,+1.71) yaw=+126.0 d=1.42 goal_err=-15 carrot_err=  -7 c0=1.20 clear=0.80 prog=0.55 rel=0.83 bal=+0.15 obs=449 hard=412 obsc=492 yr=  1  nz=0.17 flt=0.10 dmap=+0/-0 shz=4.0 plan=8 cmd=(lx=+0.00,ly=+0.28,rx=+0.00)
t= 34.6 ENG-GO pos=(-4.26,+1.71) yaw=+126.0 d=1.41 goal_err=-17 carrot_err= -10 c0=1.17 clear=0.78 prog=0.54 rel=0.83 bal=+0.11 obs=466 hard=424 obsc=508 yr=  0  nz=0.17 flt=0.36 dmap=+17/-0 shz=4.0 plan=8 cmd=(lx=+0.00,ly=+0.28,rx=+0.00)
t= 34.7 ENG-GO pos=(-4.28,+1.72) yaw=+126.3 d=1.40 goal_err=-17 carrot_err= -11 c0=1.15 clear=0.77 prog=0.52 rel=0.65 bal=+0.09 obs=466 hard=424 obsc=508 yr=  2  nz=0.27 flt=0.36 dmap=+0/-0 shz=4.0 plan=8 cmd=(lx=+0.00,ly=+0.28,rx=+0.00)
t= 34.8 ENG-GO pos=(-4.29,+1.72) yaw=+126.6 d=1.39 goal_err=-18 carrot_err= -17 c0=1.13 clear=0.75 prog=0.51 rel=0.65 bal=+0.08 obs=466 hard=424 obsc=508 yr=  3  nz=0.27 flt=0.36 dmap=+0/-0 shz=4.0 plan=8 cmd=(lx=+0.00,ly=+0.28,rx=+0.00)
t= 34.9 ENG-GO pos=(-4.31,+1.73) yaw=+127.0 d=1.37 goal_err=-19 carrot_err= -19 c0=0.83 clear=0.55 prog=0.50 rel=0.65 bal=-0.13 obs=482 hard=445 obsc=532 yr=  4  nz=0.27 flt=0.16 dmap=+19/-3 shz=4.0 plan=8 cmd=(lx=+0.00,ly=+0.28,rx=+0.00)
[VIS] perc_n=0 age=0.1 free_c=- vismap=0/0 color=- carpet=- cnear=- crmin=- door=- dets=[-]
t= 35.0 ENG-GO pos=(-4.33,+1.74) yaw=+127.3 d=1.36 goal_err=-20 carrot_err= -20 c0=0.81 clear=0.54 prog=0.49 rel=0.60 bal=-0.24 obs=482 hard=445 obsc=532 yr=  3  nz=0.35 flt=0.16 dmap=+0/-0 shz=4.0 plan=8 cmd=(lx=+0.00,ly=+0.28,rx=+0.00)
t= 35.1 ENG-GO pos=(-4.35,+1.75) yaw=+127.6 d=1.35 goal_err=-21 carrot_err= -21 c0=0.79 clear=0.53 prog=0.48 rel=0.60 bal=-0.25 obs=498 hard=452 obsc=552 yr=  2  nz=0.35 flt=0.17 dmap=+17/-1 shz=4.0 plan=8 cmd=(lx=+0.00,ly=+0.28,rx=+0.00)
t= 35.2 ENG-GO pos=(-4.36,+1.76) yaw=+127.6 d=1.33 goal_err=-21 carrot_err= -22 c0=0.77 clear=0.52 prog=0.48 rel=0.54 bal=-0.25 obs=498 hard=452 obsc=552 yr=  0  nz=0.40 flt=0.17 dmap=+0/-0 shz=4.0 plan=8 cmd=(lx=+0.00,ly=+0.28,rx=+0.00)
t= 35.3 ENG-GO pos=(-4.37,+1.78) yaw=+127.5 d=1.31 goal_err=-21 carrot_err= -22 c0=0.76 clear=0.51 prog=0.49 rel=0.54 bal=-0.25 obs=497 hard=445 obsc=545 yr=  1  nz=0.40 flt=0.05 dmap=+3/-4 shz=4.0 plan=8 cmd=(lx=+0.00,ly=+0.28,rx=+0.00)
t= 35.4 DWA-F pos=(-4.37,+1.80) yaw=+127.2 d=1.29 goal_err=-21 carrot_err= -21 c0=0.74 clear=0.49 prog=0.50 rel=0.57 bal=-0.24 obs=497 hard=445 obsc=545 yr=  2  nz=0.42 flt=0.05 dmap=+0/-0 shz=4.0 plan=8 cmd=(lx=+0.00,ly=+0.40,rx=+0.45)
DOOR-GUARD techo de zona-vano t=35s pos=(-4.37,+1.80)
t= 35.5 DWA-F pos=(-4.38,+1.82) yaw=+126.8 d=1.27 goal_err=-21 carrot_err= -21 c0=0.73 clear=0.49 prog=0.52 rel=0.57 bal=-0.23 obs=497 hard=445 obsc=545 yr=  4G nz=0.42 flt=0.05 dmap=+0/-0 shz=4.0 plan=8 cmd=(lx=+0.00,ly=+0.40,rx=+0.00)
t= 35.6 DWA-F pos=(-4.38,+1.84) yaw=+123.2 d=1.25 goal_err=-17 carrot_err= -17 c0=0.99 clear=0.66 prog=0.54 rel=0.57 bal=-0.12 obs=499 hard=449 obsc=545 yr= 35  nz=0.42 flt=0.09 dmap=+5/-3 shz=4.0 plan=7 cmd=(lx=+0.00,ly=+0.40,rx=+0.00)
t= 35.7 DWA-F pos=(-4.38,+1.86) yaw=+122.9 d=1.23 goal_err=-16 carrot_err= -16 c0=0.98 clear=0.65 prog=0.55 rel=0.56 bal=-0.12 obs=499 hard=449 obsc=545 yr=  3  nz=0.44 flt=0.09 dmap=+0/-0 shz=4.0 plan=7 cmd=(lx=+0.00,ly=+0.40,rx=+0.00)
t= 35.8 DWA-F pos=(-4.39,+1.88) yaw=+122.6 d=1.21 goal_err=-16 carrot_err= -16 c0=0.97 clear=0.64 prog=0.55 rel=0.56 bal=-0.11 obs=491 hard=450 obsc=543 yr=  2  nz=0.44 flt=0.10 dmap=+0/-8 shz=4.0 plan=7 cmd=(lx=+0.00,ly=+0.40,rx=+0.00)
t= 35.9 DWA-F pos=(-4.40,+1.90) yaw=+122.6 d=1.19 goal_err=-16 carrot_err= -16 c0=1.22 clear=0.82 prog=0.55 rel=0.57 bal=-0.11 obs=491 hard=450 obsc=543 yr=  1  nz=0.42 flt=0.10 dmap=+0/-0 shz=4.0 plan=7 cmd=(lx=+0.00,ly=+0.40,rx=+0.00)
[VIS] perc_n=0 age=0.2 free_c=- vismap=0/0 color=- carpet=- cnear=- crmin=- door=- dets=[-]
t= 36.0 DWA-F pos=(-4.41,+1.91) yaw=+122.7 d=1.17 goal_err=-17 carrot_err=  -9 c0=1.21 clear=0.80 prog=0.54 rel=0.57 bal=-0.12 obs=491 hard=450 obsc=543 yr=  1  nz=0.42 flt=0.10 dmap=+0/-0 shz=4.0 plan=7 cmd=(lx=+0.00,ly=+0.40,rx=+0.00)
t= 36.1 DWA-F pos=(-4.43,+1.92) yaw=+122.9 d=1.16 goal_err=-18 carrot_err= -10 c0=1.19 clear=0.79 prog=0.53 rel=0.57 bal=-0.21 obs=484 hard=447 obsc=541 yr=  2  nz=0.42 flt=0.07 dmap=+6/-13 shz=4.0 plan=7 cmd=(lx=+0.00,ly=+0.40,rx=+0.00)
t= 36.2 DWA-F pos=(-4.44,+1.93) yaw=+123.3 d=1.14 goal_err=-19 carrot_err= -11 c0=1.16 clear=0.78 prog=0.53 rel=0.60 bal=-0.22 obs=484 hard=447 obsc=541 yr=  3  nz=0.39 flt=0.07 dmap=+0/-0 shz=4.0 plan=7 cmd=(lx=+0.00,ly=+0.40,rx=+0.00)
t= 36.3 DWA-F pos=(-4.47,+1.96) yaw=+123.8 d=1.11 goal_err=-20 carrot_err= -12 c0=0.69 clear=0.46 prog=0.57 rel=0.60 bal=-0.44 obs=467 hard=438 obsc=530 yr=  4  nz=0.39 flt=0.08 dmap=+2/-19 shz=4.0 plan=7 cmd=(lx=+0.00,ly=+0.40,rx=+0.45)
t= 36.4 DWA-F pos=(-4.49,+1.97) yaw=+122.5 d=1.10 goal_err=-20 carrot_err= -12 c0=0.67 clear=0.45 prog=0.56 rel=0.59 bal=-0.45 obs=467 hard=438 obsc=530 yr= 12G nz=0.40 flt=0.08 dmap=+0/-0 shz=4.0 plan=7 cmd=(lx=+0.00,ly=+0.40,rx=+0.45)
t= 36.5 DWA-F pos=(-4.51,+1.98) yaw=+119.5 d=1.08 goal_err=-17 carrot_err= -10 c0=0.65 clear=0.43 prog=0.57 rel=0.59 bal=-0.46 obs=467 hard=438 obsc=530 yr= 29G nz=0.40 flt=0.08 dmap=+0/-0 shz=4.0 plan=7 cmd=(lx=+0.00,ly=+0.40,rx=+0.45)
t= 36.6 DWA-F pos=(-4.52,+2.00) yaw=+116.3 d=1.06 goal_err=-15 carrot_err=  -7 c0=0.63 clear=0.42 prog=0.58 rel=0.59 bal=-0.38 obs=468 hard=439 obsc=530 yr= 31G nz=0.40 flt=0.13 dmap=+1/-0 shz=4.0 plan=7 cmd=(lx=+0.00,ly=+0.40,rx=+0.45)
t= 36.7 DWA-F pos=(-4.52,+2.02) yaw=+113.0 d=1.04 goal_err=-11 carrot_err=  -3 c0=1.32 clear=0.88 prog=0.59 rel=0.69 bal=-0.38 obs=468 hard=439 obsc=530 yr= 33G nz=0.31 flt=0.13 dmap=+0/-0 shz=4.0 plan=7 cmd=(lx=+0.00,ly=+0.40,rx=+0.00)
t= 36.8 DWA-F pos=(-4.52,+2.04) yaw=+111.0 d=1.02 goal_err=-9 carrot_err=  -1 c0=1.30 clear=0.87 prog=0.60 rel=0.69 bal=-0.20 obs=468 hard=429 obsc=517 yr= 19  nz=0.31 flt=0.08 dmap=+3/-3 shz=4.0 plan=7 cmd=(lx=+0.00,ly=+0.40,rx=+0.00)
t= 36.9 DWA-F pos=(-4.52,+2.06) yaw=+110.6 d=1.00 goal_err=-8 carrot_err=  +0 c0=1.29 clear=0.86 prog=0.61 rel=0.61 bal=-0.37 obs=468 hard=430 obsc=517 yr=  4  nz=0.39 flt=0.08 dmap=+0/-0 shz=4.0 plan=7 cmd=(lx=+0.00,ly=+0.40,rx=+0.00)
[VIS] perc_n=0 age=0.3 free_c=- vismap=0/0 color=- carpet=- cnear=- crmin=- door=- dets=[-]
t= 37.0 DWA-F pos=(-4.51,+2.08) yaw=+110.3 d=0.98 goal_err=-8 carrot_err=  +1 c0=1.28 clear=0.85 prog=0.62 rel=0.61 bal=-0.37 obs=468 hard=430 obsc=517 yr=  3  nz=0.39 flt=0.08 dmap=+0/-0 shz=4.0 plan=7 cmd=(lx=+0.00,ly=+0.40,rx=+0.00)
t= 37.1 DWA-F pos=(-4.51,+2.10) yaw=+110.0 d=0.96 goal_err=-7 carrot_err=  -2 c0=1.26 clear=0.84 prog=0.62 rel=0.61 bal=-0.36 obs=469 hard=427 obsc=520 yr=  3  nz=0.39 flt=0.09 dmap=+4/-3 shz=4.0 plan=5 cmd=(lx=+0.00,ly=+0.40,rx=+0.00)
t= 37.2 DWA-F pos=(-4.51,+2.12) yaw=+109.8 d=0.95 goal_err=-7 carrot_err=  -2 c0=1.29 clear=0.86 prog=0.62 rel=0.56 bal=-0.36 obs=469 hard=427 obsc=520 yr=  2  nz=0.42 flt=0.09 dmap=+0/-0 shz=4.0 plan=5 cmd=(lx=+0.00,ly=+0.40,rx=+0.00)
t= 37.3 DWA-F pos=(-4.52,+2.14) yaw=+109.7 d=0.93 goal_err=-7 carrot_err=  -2 c0=1.38 clear=0.92 prog=0.62 rel=0.56 bal=-0.36 obs=474 hard=434 obsc=521 yr=  1  nz=0.42 flt=0.05 dmap=+6/-1 shz=4.0 plan=5 cmd=(lx=+0.00,ly=+0.40,rx=+0.00)
t= 37.4 DWA-F pos=(-4.53,+2.15) yaw=+109.9 d=0.91 goal_err=-7 carrot_err=  -2 c0=1.36 clear=0.91 prog=0.62 rel=0.52 bal=-0.38 obs=474 hard=434 obsc=521 yr=  1  nz=0.47 flt=0.05 dmap=+0/-0 shz=4.0 plan=5 cmd=(lx=+0.00,ly=+0.40,rx=+0.00)
t= 37.5 DWA-F pos=(-4.55,+2.16) yaw=+110.2 d=0.89 goal_err=-8 carrot_err=  -3 c0=1.34 clear=0.90 prog=0.61 rel=0.52 bal=-0.39 obs=473 hard=434 obsc=523 yr=  3  nz=0.47 flt=0.07 dmap=+2/-3 shz=4.0 plan=5 cmd=(lx=+0.00,ly=+0.40,rx=+0.00)
t= 37.6 DWA-F pos=(-4.56,+2.18) yaw=+110.6 d=0.88 goal_err=-10 carrot_err=  -5 c0=1.17 clear=0.78 prog=0.60 rel=0.53 bal=-0.40 obs=473 hard=434 obsc=523 yr=  4  nz=0.46 flt=0.07 dmap=+0/-0 shz=4.0 plan=5 cmd=(lx=+0.00,ly=+0.40,rx=+0.00)
t= 37.7 DWA-F pos=(-4.58,+2.19) yaw=+110.9 d=0.86 goal_err=-11 carrot_err=  -6 c0=1.15 clear=0.77 prog=0.59 rel=0.53 bal=-0.41 obs=474 hard=436 obsc=523 yr=  3  nz=0.46 flt=0.07 dmap=+1/-0 shz=4.0 plan=5 cmd=(lx=+0.00,ly=+0.40,rx=+0.00)
t= 37.8 DWA-F pos=(-4.60,+2.20) yaw=+111.2 d=0.85 goal_err=-12 carrot_err=  -7 c0=1.13 clear=0.75 prog=0.59 rel=0.53 bal=-0.30 obs=473 hard=435 obsc=527 yr=  3  nz=0.46 flt=0.14 dmap=+5/-6 shz=4.0 plan=5 cmd=(lx=+0.00,ly=+0.40,rx=+0.00)
t= 38.0 DWA-F pos=(-4.61,+2.22) yaw=+111.4 d=0.83 goal_err=-13 carrot_err=  -8 c0=1.11 clear=0.74 prog=0.58 rel=0.60 bal=-0.42 obs=474 hard=436 obsc=528 yr=  1  nz=0.40 flt=0.14 dmap=+1/-0 shz=4.0 plan=5 cmd=(lx=+0.00,ly=+0.40,rx=+0.00)
[VIS] perc_n=0 age=0.1 free_c=- vismap=0/0 color=- carpet=- cnear=- crmin=- door=- dets=[-]
t= 38.1 DWA-F pos=(-4.61,+2.23) yaw=+111.4 d=0.81 goal_err=-13 carrot_err=  -8 c0=1.10 clear=0.73 prog=0.58 rel=0.60 bal=-0.31 obs=476 hard=436 obsc=526 yr=  0  nz=0.40 flt=0.07 dmap=+6/-4 shz=4.0 plan=5 cmd=(lx=+0.00,ly=+0.40,rx=+0.00)
t= 38.2 DWA-F pos=(-4.62,+2.25) yaw=+111.2 d=0.80 goal_err=-13 carrot_err=  -8 c0=1.11 clear=0.74 prog=0.59 rel=0.61 bal=-0.30 obs=476 hard=436 obsc=526 yr=  2  nz=0.38 flt=0.07 dmap=+0/-0 shz=4.0 plan=5 cmd=(lx=+0.00,ly=+0.40,rx=+0.00)
t= 38.3 DWA-F pos=(-4.62,+2.28) yaw=+110.9 d=0.77 goal_err=-13 carrot_err=  -7 c0=1.08 clear=0.72 prog=0.59 rel=0.61 bal=-0.28 obs=477 hard=437 obsc=527 yr=  3  nz=0.38 flt=0.07 dmap=+1/-0 shz=4.0 plan=5 cmd=(lx=+0.00,ly=+0.40,rx=+0.00)
t= 38.4 DWA-F pos=(-4.62,+2.32) yaw=+110.5 d=0.73 goal_err=-12 carrot_err=  -6 c0=1.06 clear=0.70 prog=0.62 rel=0.61 bal=-0.26 obs=479 hard=439 obsc=527 yr=  4  nz=0.38 flt=0.04 dmap=+5/-3 shz=4.0 plan=5 cmd=(lx=+0.00,ly=+0.40,rx=+0.00)
t= 38.5 DWA-F pos=(-4.63,+2.35) yaw=+110.1 d=0.70 goal_err=-12 carrot_err=  -5 c0=1.03 clear=0.68 prog=0.65 rel=0.79 bal=-0.25 obs=479 hard=439 obsc=527 yr=  4  nz=0.21 flt=0.04 dmap=+0/-0 shz=4.0 plan=5 cmd=(lx=+0.00,ly=+0.40,rx=+0.00)
t= 38.6 DWA-F pos=(-4.63,+2.38) yaw=+109.8 d=0.67 goal_err=-11 carrot_err=  -4 c0=1.00 clear=0.67 prog=0.67 rel=0.79 bal=-0.23 obs=487 hard=445 obsc=532 yr=  3  nz=0.21 flt=0.07 dmap=+10/-2 shz=4.0 plan=5 cmd=(lx=+0.00,ly=+0.40,rx=+0.00)
t= 38.7 DWA-F pos=(-4.63,+2.41) yaw=+109.6 d=0.64 goal_err=-11 carrot_err=  -4 c0=0.97 clear=0.65 prog=0.69 rel=0.76 bal=-0.22 obs=488 hard=447 obsc=533 yr=  2  nz=0.23 flt=0.07 dmap=+1/-0 shz=4.0 plan=4 cmd=(lx=+0.00,ly=+0.40,rx=+0.00)
t= 38.8 DWA-F pos=(-4.64,+2.44) yaw=+109.7 d=0.61 goal_err=-11 carrot_err=  -4 c0=1.11 clear=0.74 prog=0.70 rel=0.76 bal=-0.21 obs=492 hard=445 obsc=539 yr=  0  nz=0.23 flt=0.05 dmap=+5/-1 shz=4.0 plan=4 cmd=(lx=+0.00,ly=+0.40,rx=+0.00)
t= 38.9 DWA-F pos=(-4.66,+2.46) yaw=+109.8 d=0.58 goal_err=-13 carrot_err=  -5 c0=1.08 clear=0.72 prog=0.71 rel=0.77 bal=-0.21 obs=492 hard=445 obsc=539 yr=  1  nz=0.22 flt=0.05 dmap=+0/-0 shz=4.0 plan=4 cmd=(lx=+0.00,ly=+0.40,rx=+0.00)
t= 39.0 DWA-F pos=(-4.68,+2.49) yaw=+110.0 d=0.56 goal_err=-14 carrot_err=  -6 c0=1.05 clear=0.70 prog=0.72 rel=0.77 bal=-0.22 obs=492 hard=445 obsc=539 yr=  3  nz=0.22 flt=0.05 dmap=+0/-0 shz=4.0 plan=4 cmd=(lx=+0.00,ly=+0.40,rx=+0.00)
[VIS] perc_n=0 age=0.1 free_c=- vismap=0/0 color=- carpet=- cnear=- crmin=- door=- dets=[-]
t= 39.1 DWA-F pos=(-4.70,+2.51) yaw=+110.3 d=0.53 goal_err=-17 carrot_err=  -8 c0=1.02 clear=0.68 prog=0.73 rel=0.77 bal=-0.22 obs=492 hard=446 obsc=536 yr=  3  nz=0.22 flt=0.07 dmap=+1/-1 shz=4.0 plan=4 cmd=(lx=+0.00,ly=+0.40,rx=+0.00)
t= 39.2 DWA-F pos=(-4.72,+2.53) yaw=+110.7 d=0.51 goal_err=-19 carrot_err= -11 c0=0.95 clear=0.64 prog=0.74 rel=0.88 bal=-0.24 obs=493 hard=447 obsc=537 yr=  4  nz=0.11 flt=0.07 dmap=+1/-0 shz=4.0 plan=4 cmd=(lx=+0.00,ly=+0.40,rx=+0.00)
t= 39.3 DWA-F pos=(-4.74,+2.56) yaw=+111.1 d=0.48 goal_err=-22 carrot_err= -13 c0=0.92 clear=0.61 prog=0.76 rel=0.88 bal=-0.25 obs=496 hard=449 obsc=543 yr=  3  nz=0.11 flt=0.09 dmap=+7/-4 shz=4.0 plan=4 cmd=(lx=+0.00,ly=+0.40,rx=+0.00)
t= 39.4 DWA-F pos=(-4.75,+2.59) yaw=+111.2 d=0.46 goal_err=-24 carrot_err= -15 c0=0.93 clear=0.62 prog=0.77 rel=0.85 bal=-0.25 obs=496 hard=449 obsc=543 yr=  2  nz=0.14 flt=0.09 dmap=+0/-0 shz=4.0 plan=4 cmd=(lx=+0.00,ly=+0.40,rx=+0.00)
t= 39.5 DWA-T pos=(-4.76,+2.62) yaw=+111.3 d=0.43 goal_err=-26 carrot_err= -16 c0=0.90 clear=0.60 prog=0.80 rel=0.85 bal=-0.25 obs=496 hard=449 obsc=543 yr=  0  nz=0.14 flt=0.09 dmap=+0/-0 shz=4.0 plan=4 cmd=(lx=+0.00,ly=+0.00,rx=+0.00)
t= 39.6 DWA-T pos=(-4.77,+2.64) yaw=+111.1 d=0.40 goal_err=-27 carrot_err= -16 c0=0.87 clear=0.58 prog=0.82 rel=0.85 bal=-0.15 obs=498 hard=451 obsc=545 yr=  1  nz=0.14 flt=0.12 dmap=+4/-2 shz=4.0 plan=4 cmd=(lx=+0.00,ly=+0.00,rx=+0.00)
t= 39.7 DWA-T pos=(-4.77,+2.66) yaw=+110.8 d=0.38 goal_err=-26 carrot_err= -15 c0=0.86 clear=0.57 prog=0.82 rel=0.82 bal=-0.14 obs=498 hard=451 obsc=545 yr=  3  nz=0.16 flt=0.12 dmap=+0/-0 shz=4.0 plan=4 cmd=(lx=+0.00,ly=+0.00,rx=+0.00)
t= 39.8 DWA-T pos=(-4.75,+2.66) yaw=+110.4 d=0.38 goal_err=-24 carrot_err= -13 c0=0.86 clear=0.57 prog=0.80 rel=0.82 bal=+0.00 obs=499 hard=454 obsc=547 yr=  4  nz=0.16 flt=0.06 dmap=+6/-5 shz=4.0 plan=4 cmd=(lx=+0.00,ly=+0.00,rx=+0.00)
t= 39.9 DWA-T pos=(-4.74,+2.67) yaw=+110.1 d=0.37 goal_err=-22 carrot_err= -11 c0=0.86 clear=0.57 prog=0.78 rel=0.79 bal=+0.02 obs=499 hard=455 obsc=547 yr=  4  nz=0.17 flt=0.06 dmap=+0/-0 shz=4.0 plan=4 cmd=(lx=+0.00,ly=+0.00,rx=+0.00)
t= 40.0 DWA-T pos=(-4.74,+2.67) yaw=+109.8 d=0.37 goal_err=-21 carrot_err=  -9 c0=0.86 clear=0.58 prog=0.76 rel=0.79 bal=+0.03 obs=499 hard=455 obsc=547 yr=  3  nz=0.17 flt=0.06 dmap=+0/-0 shz=4.0 plan=4 cmd=(lx=+0.00,ly=+0.00,rx=+0.00)
[VIS] perc_n=0 age=0.2 free_c=- vismap=0/0 color=- carpet=- cnear=- crmin=- door=- dets=[-]
t= 40.1 DWA-T pos=(-4.73,+2.67) yaw=+109.6 d=0.37 goal_err=-20 carrot_err=  -8 c0=0.70 clear=0.47 prog=0.73 rel=0.79 bal=+0.03 obs=497 hard=455 obsc=548 yr=  1  nz=0.17 flt=0.02 dmap=+4/-6 shz=4.0 plan=4 cmd=(lx=+0.00,ly=+0.00,rx=+0.00)
t= 40.2 DWA-T pos=(-4.73,+2.67) yaw=+109.6 d=0.37 goal_err=-20 carrot_err=  -8 c0=0.70 clear=0.47 prog=0.68 rel=0.74 bal=+0.03 obs=497 hard=455 obsc=548 yr=  0  nz=0.23 flt=0.02 dmap=+0/-0 shz=4.0 plan=3 cmd=(lx=+0.00,ly=+0.00,rx=+0.00)
t= 40.3 DWA-T pos=(-4.74,+2.67) yaw=+109.8 d=0.37 goal_err=-21 carrot_err=  -9 c0=0.70 clear=0.47 prog=0.62 rel=0.74 bal=+0.03 obs=497 hard=456 obsc=543 yr=  2  nz=0.23 flt=0.03 dmap=+5/-5 shz=4.0 plan=3 cmd=(lx=+0.00,ly=+0.00,rx=+0.00)
t= 40.4 DWA-T pos=(-4.75,+2.67) yaw=+110.1 d=0.37 goal_err=-23 carrot_err= -11 c0=0.70 clear=0.47 prog=0.56 rel=0.77 bal=+0.01 obs=497 hard=456 obsc=543 yr=  3  nz=0.21 flt=0.03 dmap=+0/-0 shz=4.0 plan=3 cmd=(lx=+0.00,ly=+0.00,rx=+0.00)
t= 40.5 DWA-T pos=(-4.76,+2.66) yaw=+110.5 d=0.38 goal_err=-24 carrot_err= -13 c0=0.70 clear=0.46 prog=0.50 rel=0.77 bal=+0.00 obs=492 hard=451 obsc=538 yr=  3  nz=0.21 flt=0.03 dmap=+0/-5 shz=4.0 plan=3 cmd=(lx=+0.00,ly=+0.00,rx=+0.00)
t= 40.6 DWA-T pos=(-4.76,+2.66) yaw=+110.5 d=0.38 goal_err=-24 carrot_err= -13 c0=0.70 clear=0.46 prog=0.45 rel=0.78 bal=+0.00 obs=492 hard=451 obsc=538 yr=  0  nz=0.21 flt=0.03 dmap=+0/-0 shz=4.0 plan=3 cmd=(lx=+0.00,ly=+0.00,rx=+0.00)
t= 40.7 DWA-T pos=(-4.76,+2.66) yaw=+110.5 d=0.38 goal_err=-24 carrot_err= -13 c0=0.70 clear=0.46 prog=0.40 rel=0.78 bal=+0.00 obs=492 hard=451 obsc=538 yr=  0  nz=0.21 flt=0.03 dmap=+0/-0 shz=4.0 plan=0 cmd=(lx=+0.00,ly=+0.00,rx=+0.00)
t= 40.8 BRK-BK pos=(-4.76,+2.66) yaw=+110.5 d=0.38 goal_err=-24 carrot_err= -13 c0=0.70 clear=0.46 prog=0.35 rel=0.78 bal=+0.00 obs=493 hard=452 obsc=536 yr=  0  nz=0.21 flt=0.05 dmap=+2/-1 shz=4.0 plan=0 cmd=(lx=+0.00,ly=-0.35,rx=+0.00)
t= 40.9 BRK-BK pos=(-4.75,+2.65) yaw=+110.5 d=0.39 goal_err=-24 carrot_err= -13 c0=0.71 clear=0.47 prog=0.29 rel=0.83 bal=-0.00 obs=493 hard=452 obsc=536 yr=  1  nz=0.15 flt=0.05 dmap=+0/-0 shz=4.0 plan=0 cmd=(lx=+0.00,ly=-0.35,rx=+0.00)
t= 41.0 BRK-BK pos=(-4.75,+2.63) yaw=+110.8 d=0.41 goal_err=-24 carrot_err= -13 c0=0.73 clear=0.49 prog=0.20 rel=0.83 bal=-0.02 obs=494 hard=447 obsc=540 yr=  3  nz=0.15 flt=0.07 dmap=+4/-3 shz=4.0 plan=0 cmd=(lx=+0.00,ly=-0.35,rx=+0.00)
[VIS] perc_n=0 age=0.0 free_c=- vismap=0/0 color=- carpet=- cnear=- crmin=- door=- dets=[-]
t= 41.2 BRK-BK pos=(-4.75,+2.60) yaw=+111.1 d=0.44 goal_err=-24 carrot_err= -14 c0=0.75 clear=0.50 prog=0.12 rel=0.85 bal=-0.03 obs=494 hard=447 obsc=540 yr=  2  nz=0.14 flt=0.07 dmap=+0/-0 shz=4.0 plan=0 cmd=(lx=+0.00,ly=-0.35,rx=+0.00)
t= 41.3 BRK-TR pos=(-4.74,+2.58) yaw=+111.3 d=0.46 goal_err=-23 carrot_err= -14 c0=0.77 clear=0.51 prog=0.03 rel=0.85 bal=-0.04 obs=494 hard=447 obsc=540 yr=  2  nz=0.14 flt=0.07 dmap=+0/-0 shz=4.0 plan=0 cmd=(lx=+0.00,ly=+0.00,rx=-0.45)
  TURN-CAL rx=-0.45 esperado=+46deg/s medido=-1deg/s OK
t= 41.4 BRK-TR pos=(-4.74,+2.56) yaw=+111.3 d=0.48 goal_err=-22 carrot_err= -13 c0=0.79 clear=0.53 prog=0.00 rel=0.85 bal=-0.04 obs=495 hard=450 obsc=541 yr=  1G nz=0.14 flt=0.05 dmap=+1/-0 shz=4.0 plan=0 cmd=(lx=+0.00,ly=+0.00,rx=-0.45)
  TURN-CAL rx=-0.45 esperado=+46deg/s medido=+37deg/s OK
t= 41.5 BRK-TR pos=(-4.73,+2.56) yaw=+115.1 d=0.48 goal_err=-25 carrot_err= -16 c0=0.80 clear=0.53 prog=0.00 rel=0.91 bal=-0.03 obs=495 hard=450 obsc=541 yr= 37G nz=0.09 flt=0.05 dmap=+0/-0 shz=4.0 plan=0 cmd=(lx=+0.00,ly=+0.00,rx=-0.45)
  TURN-CAL rx=-0.45 esperado=+46deg/s medido=+36deg/s OK
t= 41.6 BRK-TR pos=(-4.72,+2.56) yaw=+118.8 d=0.48 goal_err=-28 carrot_err= -19 c0=0.80 clear=0.53 prog=0.00 rel=0.91 bal=-0.02 obs=496 hard=451 obsc=541 yr= 36G nz=0.09 flt=0.05 dmap=+1/-0 shz=4.0 plan=0 cmd=(lx=+0.00,ly=+0.00,rx=-0.45)
  TURN-CAL rx=-0.45 esperado=+46deg/s medido=+36deg/s OK
t= 41.7 BRK-TR pos=(-4.71,+2.57) yaw=+122.4 d=0.47 goal_err=-30 carrot_err= -21 c0=0.80 clear=0.53 prog=0.00 rel=0.91 bal=-0.01 obs=496 hard=451 obsc=541 yr= 36G nz=0.09 flt=0.05 dmap=+0/-0 shz=4.0 plan=0 cmd=(lx=+0.00,ly=+0.00,rx=-0.45)
  TURN-CAL rx=-0.45 esperado=+46deg/s medido=+36deg/s OK
t= 41.8 BRK-TR pos=(-4.70,+2.57) yaw=+126.0 d=0.47 goal_err=-33 carrot_err= -23 c0=0.80 clear=0.53 prog=0.00 rel=0.91 bal=-0.00 obs=496 hard=451 obsc=541 yr= 36G nz=0.09 flt=0.05 dmap=+0/-0 shz=4.0 plan=0 cmd=(lx=+0.00,ly=+0.00,rx=-0.45)
  TURN-CAL rx=-0.45 esperado=+46deg/s medido=+37deg/s OK
t= 41.9 BRK-TR pos=(-4.70,+2.58) yaw=+129.8 d=0.46 goal_err=-36 carrot_err= -26 c0=0.80 clear=0.53 prog=0.00 rel=0.91 bal=+0.01 obs=497 hard=452 obsc=542 yr= 37G nz=0.09 flt=0.16 dmap=+1/-0 shz=4.0 plan=0 cmd=(lx=+0.00,ly=+0.00,rx=-0.45)
  TURN-CAL rx=-0.45 esperado=+46deg/s medido=+38deg/s OK
t= 42.0 BRK-TR pos=(-4.70,+2.58) yaw=+133.7 d=0.46 goal_err=-39 carrot_err= -30 c0=0.80 clear=0.53 prog=0.00 rel=0.88 bal=-0.04 obs=497 hard=452 obsc=542 yr= 38G nz=0.09 flt=0.16 dmap=+0/-0 shz=4.0 plan=0 cmd=(lx=+0.00,ly=+0.00,rx=-0.45)
  TURN-CAL rx=-0.45 esperado=+46deg/s medido=+48deg/s OK
t= 42.1 BRK-TR pos=(-4.71,+2.56) yaw=+138.5 d=0.48 goal_err=-47 carrot_err= -37 c0=0.73 clear=0.48 prog=0.00 rel=0.88 bal=-0.07 obs=499 hard=454 obsc=544 yr= 48G nz=0.09 flt=0.26 dmap=+2/-0 shz=4.0 plan=0 cmd=(lx=+0.00,ly=+0.00,rx=-0.45)
[VIS] perc_n=0 age=0.2 free_c=- vismap=0/0 color=- carpet=- cnear=- crmin=- door=- dets=[-]
  TURN-CAL rx=-0.45 esperado=+46deg/s medido=+39deg/s OK
t= 42.2 BRK-TR pos=(-4.71,+2.56) yaw=+142.5 d=0.48 goal_err=-51 carrot_err= -41 c0=0.73 clear=0.48 prog=0.00 rel=0.67 bal=-0.07 obs=499 hard=454 obsc=544 yr= 39G nz=0.24 flt=0.26 dmap=+0/-0 shz=4.0 plan=0 cmd=(lx=+0.00,ly=+0.00,rx=-0.45)
  TURN-CAL rx=-0.45 esperado=+46deg/s medido=+40deg/s OK
t= 42.3 BRK-TR pos=(-4.71,+2.56) yaw=+146.5 d=0.48 goal_err=-55 carrot_err= -45 c0=0.73 clear=0.48 prog=0.00 rel=0.67 bal=-0.07 obs=499 hard=454 obsc=544 yr= 40G nz=0.24 flt=0.26 dmap=+0/-0 shz=4.0 plan=0 cmd=(lx=+0.00,ly=+0.00,rx=-0.45)
  TURN-CAL rx=-0.45 esperado=+46deg/s medido=+40deg/s OK
t= 42.4 BRK-TR pos=(-4.71,+2.56) yaw=+150.5 d=0.48 goal_err=-59 carrot_err= -49 c0=0.65 clear=0.43 prog=0.00 rel=0.67 bal=-0.02 obs=502 hard=458 obsc=547 yr= 40G nz=0.24 flt=0.19 dmap=+3/-0 shz=4.0 plan=0 cmd=(lx=+0.00,ly=+0.00,rx=-0.45)
  TURN-CAL rx=-0.45 esperado=+46deg/s medido=+39deg/s OK
t= 42.5 BRK-TR pos=(-4.71,+2.56) yaw=+154.6 d=0.48 goal_err=-63 carrot_err= -53 c0=0.65 clear=0.43 prog=0.00 rel=0.66 bal=-0.02 obs=502 hard=458 obsc=547 yr= 39G nz=0.28 flt=0.19 dmap=+0/-0 shz=4.0 plan=0 cmd=(lx=+0.00,ly=+0.00,rx=-0.45)
  TURN-CAL rx=-0.45 esperado=+46deg/s medido=+40deg/s OK
t= 42.6 BRK-TR pos=(-4.71,+2.56) yaw=+158.6 d=0.48 goal_err=-67 carrot_err= -57 c0=0.65 clear=0.43 prog=0.00 rel=0.66 bal=-0.02 obs=503 hard=460 obsc=548 yr= 40G nz=0.28 flt=0.16 dmap=+1/-0 shz=4.0 plan=0 cmd=(lx=+0.00,ly=+0.00,rx=-0.45)
  TURN-CAL rx=-0.45 esperado=+46deg/s medido=+39deg/s OK
t= 42.7 BRK-TR pos=(-4.71,+2.56) yaw=+162.6 d=0.48 goal_err=-71 carrot_err= -61 c0=0.65 clear=0.43 prog=0.00 rel=0.64 bal=-0.02 obs=503 hard=460 obsc=548 yr= 39G nz=0.28 flt=0.16 dmap=+0/-0 shz=4.0 plan=0 cmd=(lx=+0.00,ly=+0.00,rx=-0.45)
  TURN-CAL rx=-0.45 esperado=+46deg/s medido=+39deg/s OK
t= 42.8 BRK-TR pos=(-4.71,+2.56) yaw=+166.6 d=0.48 goal_err=-75 carrot_err= -65 c0=0.69 clear=0.46 prog=0.00 rel=0.64 bal=-0.13 obs=503 hard=460 obsc=548 yr= 39G nz=0.28 flt=0.07 dmap=+0/-0 shz=4.0 plan=0 cmd=(lx=+0.00,ly=+0.00,rx=-0.45)
  TURN-CAL rx=-0.45 esperado=+46deg/s medido=+39deg/s OK
t= 42.9 BRK-TR pos=(-4.71,+2.56) yaw=+170.6 d=0.48 goal_err=-79 carrot_err= -69 c0=0.69 clear=0.46 prog=0.00 rel=0.72 bal=-0.13 obs=503 hard=460 obsc=548 yr= 39G nz=0.28 flt=0.07 dmap=+0/-0 shz=4.0 plan=0 cmd=(lx=+0.00,ly=+0.00,rx=-0.45)
  TURN-CAL rx=-0.45 esperado=+46deg/s medido=+40deg/s OK
t= 43.0 BRK-TR pos=(-4.71,+2.56) yaw=+174.6 d=0.48 goal_err=-83 carrot_err= -73 c0=0.69 clear=0.46 prog=0.00 rel=0.72 bal=-0.03 obs=503 hard=460 obsc=548 yr= 40G nz=0.28 flt=0.07 dmap=+0/-0 shz=4.0 plan=0 cmd=(lx=+0.00,ly=+0.00,rx=-0.45)
  TURN-CAL rx=-0.45 esperado=+46deg/s medido=+39deg/s OK
t= 43.1 BRK-TR pos=(-4.71,+2.56) yaw=+178.6 d=0.48 goal_err=-87 carrot_err= -77 c0=0.69 clear=0.46 prog=0.00 rel=0.72 bal=-0.05 obs=503 hard=461 obsc=548 yr= 39G nz=0.28 flt=0.06 dmap=+0/-0 shz=4.0 plan=0 cmd=(lx=+0.00,ly=+0.00,rx=-0.45)
[VIS] perc_n=0 age=0.0 free_c=- vismap=0/0 color=- carpet=- cnear=- crmin=- door=- dets=[-]
  TURN-CAL rx=-0.45 esperado=+46deg/s medido=+39deg/s OK
t= 43.2 BRK-TR pos=(-4.71,+2.56) yaw=-177.4 d=0.48 goal_err=-91 carrot_err= -81 c0=0.69 clear=0.46 prog=0.00 rel=0.75 bal=-0.05 obs=503 hard=461 obsc=548 yr= 39G nz=0.24 flt=0.06 dmap=+0/-0 shz=4.0 plan=0 cmd=(lx=+0.00,ly=+0.00,rx=-0.45)
  TURN-CAL rx=-0.45 esperado=+46deg/s medido=+40deg/s OK
t= 43.3 BRK-TR pos=(-4.71,+2.56) yaw=-173.4 d=0.48 goal_err=-95 carrot_err= -85 c0=0.69 clear=0.46 prog=0.01 rel=0.75 bal=-0.05 obs=503 hard=461 obsc=548 yr= 40G nz=0.24 flt=0.09 dmap=+0/-0 shz=4.0 plan=0 cmd=(lx=+0.00,ly=+0.00,rx=-0.45)
  TURN-CAL rx=-0.45 esperado=+46deg/s medido=+39deg/s OK
t= 43.4 BRK-TR pos=(-4.71,+2.56) yaw=-169.3 d=0.48 goal_err=-99 carrot_err= -89 c0=0.69 clear=0.46 prog=0.01 rel=0.76 bal=-0.05 obs=503 hard=461 obsc=548 yr= 39G nz=0.24 flt=0.09 dmap=+0/-0 shz=4.0 plan=0 cmd=(lx=+0.00,ly=+0.00,rx=-0.45)
  TURN-CAL rx=-0.45 esperado=+46deg/s medido=+40deg/s OK
t= 43.5 BRK-TR pos=(-4.71,+2.56) yaw=-165.3 d=0.48 goal_err=-103 carrot_err= -93 c0=0.61 clear=0.41 prog=0.01 rel=0.76 bal=-0.05 obs=503 hard=461 obsc=548 yr= 40G nz=0.24 flt=0.09 dmap=+0/-0 shz=4.0 plan=0 cmd=(lx=+0.00,ly=+0.00,rx=-0.45)
  TURN-CAL rx=-0.45 esperado=+46deg/s medido=+40deg/s OK
t= 43.6 BRK-TR pos=(-4.71,+2.56) yaw=-161.3 d=0.48 goal_err=-107 carrot_err= -97 c0=0.61 clear=0.41 prog=0.00 rel=0.76 bal=-0.05 obs=503 hard=461 obsc=548 yr= 40G nz=0.24 flt=0.05 dmap=+0/-0 shz=4.0 plan=0 cmd=(lx=+0.00,ly=+0.00,rx=-0.45)
  TURN-CAL rx=-0.45 esperado=+46deg/s medido=+39deg/s OK
t= 43.7 DWA-T pos=(-4.71,+2.56) yaw=-157.3 d=0.48 goal_err=-111 carrot_err=-101 c0=0.61 clear=0.41 prog=0.00 rel=0.79 bal=-0.05 obs=503 hard=461 obsc=548 yr= 39G nz=0.21 flt=0.05 dmap=+0/-0 shz=4.0 plan=3 cmd=(lx=+0.00,ly=+0.00,rx=+0.45)
  TURN-CAL rx=+0.45 esperado=-46deg/s medido=+38deg/s >>> SIGNO INVERTIDO <<<
t= 43.8 DWA-T pos=(-4.71,+2.56) yaw=-153.3 d=0.48 goal_err=-115 carrot_err=-105 c0=0.61 clear=0.41 prog=0.00 rel=0.79 bal=-0.05 obs=503 hard=461 obsc=548 yr= 38G nz=0.21 flt=0.07 dmap=+0/-0 shz=4.0 plan=3 cmd=(lx=+0.00,ly=+0.00,rx=+0.45)
  TURN-CAL rx=+0.45 esperado=-46deg/s medido=-0deg/s OK
t= 43.9 DWA-T pos=(-4.71,+2.56) yaw=-153.3 d=0.48 goal_err=-115 carrot_err=-105 c0=0.61 clear=0.41 prog=0.00 rel=0.77 bal=-0.05 obs=503 hard=461 obsc=548 yr=  0G nz=0.22 flt=0.07 dmap=+0/-0 shz=4.0 plan=3 cmd=(lx=+0.00,ly=+0.00,rx=+0.45)
  TURN-CAL rx=+0.45 esperado=-46deg/s medido=-39deg/s OK
t= 44.0 DWA-T pos=(-4.71,+2.56) yaw=-157.3 d=0.48 goal_err=-111 carrot_err=-101 c0=0.61 clear=0.41 prog=0.00 rel=0.77 bal=-0.05 obs=503 hard=461 obsc=548 yr= 39G nz=0.22 flt=0.07 dmap=+0/-0 shz=4.0 plan=3 cmd=(lx=+0.00,ly=+0.00,rx=+0.45)
  TURN-CAL rx=+0.45 esperado=-46deg/s medido=-39deg/s OK
t= 44.1 DWA-T pos=(-4.71,+2.56) yaw=-161.3 d=0.48 goal_err=-107 carrot_err= -97 c0=0.61 clear=0.41 prog=0.00 rel=0.77 bal=-0.05 obs=503 hard=461 obsc=548 yr= 39G nz=0.22 flt=0.05 dmap=+0/-0 shz=4.0 plan=3 cmd=(lx=+0.00,ly=+0.00,rx=+0.45)
[VIS] perc_n=0 age=0.0 free_c=- vismap=0/0 color=- carpet=- cnear=- crmin=- door=- dets=[-]
  TURN-CAL rx=+0.45 esperado=-46deg/s medido=-39deg/s OK
t= 44.2 DWA-F pos=(-4.71,+2.56) yaw=-165.3 d=0.48 goal_err=-103 carrot_err= -93 c0=0.61 clear=0.41 prog=0.00 rel=0.91 bal=-0.05 obs=503 hard=461 obsc=548 yr= 39G nz=0.09 flt=0.05 dmap=+0/-0 shz=4.0 plan=3 cmd=(lx=+0.00,ly=+0.28,rx=+0.45)
t= 44.3 DWA-F pos=(-4.71,+2.56) yaw=-169.3 d=0.48 goal_err=-99 carrot_err= -89 c0=0.69 clear=0.46 prog=0.00 rel=0.91 bal=-0.05 obs=503 hard=461 obsc=548 yr= 39G nz=0.09 flt=0.08 dmap=+0/-0 shz=4.0 plan=3 cmd=(lx=+0.00,ly=+0.28,rx=+0.45)
t= 44.4 DWA-F pos=(-4.74,+2.59) yaw=-178.2 d=0.45 goal_err=-93 carrot_err= -84 c0=0.66 clear=0.44 prog=0.04 rel=0.92 bal=-0.02 obs=503 hard=461 obsc=548 yr= 86G nz=0.08 flt=0.08 dmap=+0/-0 shz=4.0 plan=3 cmd=(lx=+0.00,ly=+0.28,rx=+0.45)
t= 44.5 DWA-F pos=(-4.76,+2.58) yaw=+178.0 d=0.46 goal_err=-91 carrot_err= -82 c0=0.64 clear=0.43 prog=0.03 rel=0.92 bal=-0.02 obs=503 hard=461 obsc=548 yr= 37G nz=0.08 flt=0.08 dmap=+0/-0 shz=4.0 plan=3 cmd=(lx=+0.00,ly=+0.28,rx=+0.45)
t= 44.6 DWA-F pos=(-4.77,+2.57) yaw=+174.2 d=0.47 goal_err=-90 carrot_err= -81 c0=0.63 clear=0.42 prog=0.01 rel=0.92 bal=-0.03 obs=503 hard=461 obsc=548 yr= 36G nz=0.08 flt=0.19 dmap=+0/-0 shz=4.0 plan=3 cmd=(lx=+0.00,ly=+0.28,rx=+0.45)
t= 44.7 DWA-F pos=(-4.79,+2.56) yaw=+170.6 d=0.48 goal_err=-88 carrot_err= -80 c0=0.61 clear=0.41 prog=0.00 rel=0.90 bal=-0.04 obs=503 hard=461 obsc=548 yr= 35G nz=0.07 flt=0.19 dmap=+0/-0 shz=4.0 plan=3 cmd=(lx=+0.00,ly=+0.28,rx=+0.45)
t= 44.8 DWA-F pos=(-4.81,+2.55) yaw=+167.0 d=0.49 goal_err=-87 carrot_err= -79 c0=0.59 clear=0.39 prog=0.00 rel=0.90 bal=-0.05 obs=505 hard=463 obsc=550 yr= 36G nz=0.07 flt=0.06 dmap=+2/-0 shz=4.0 plan=3 cmd=(lx=+0.00,ly=+0.28,rx=+0.45)
t= 44.9 DWA-F pos=(-4.84,+2.55) yaw=+163.3 d=0.50 goal_err=-85 carrot_err= -78 c0=0.57 clear=0.38 prog=0.00 rel=0.92 bal=-0.16 obs=505 hard=463 obsc=550 yr= 36G nz=0.06 flt=0.06 dmap=+0/-0 shz=4.0 plan=3 cmd=(lx=+0.00,ly=+0.28,rx=+0.45)
t= 45.0 DWA-F pos=(-4.85,+2.55) yaw=+159.4 d=0.50 goal_err=-84 carrot_err= -76 c0=0.55 clear=0.36 prog=0.00 rel=0.92 bal=-0.16 obs=505 hard=463 obsc=550 yr= 38G nz=0.06 flt=0.08 dmap=+0/-0 shz=4.0 plan=3 cmd=(lx=+0.00,ly=+0.28,rx=+0.45)
t= 45.1 DWA-F pos=(-4.87,+2.56) yaw=+155.4 d=0.50 goal_err=-82 carrot_err= -74 c0=0.53 clear=0.35 prog=0.00 rel=0.91 bal=-0.16 obs=505 hard=463 obsc=550 yr= 39G nz=0.07 flt=0.08 dmap=+0/-0 shz=4.0 plan=3 cmd=(lx=+0.00,ly=+0.28,rx=+0.45)
[VIS] perc_n=0 age=0.2 free_c=- vismap=0/0 color=- carpet=- cnear=- crmin=- door=- dets=[-]
t= 45.2 DWA-F pos=(-4.89,+2.57) yaw=+151.1 d=0.49 goal_err=-80 carrot_err= -72 c0=0.53 clear=0.35 prog=0.00 rel=0.91 bal=-0.26 obs=505 hard=463 obsc=550 yr= 41G nz=0.07 flt=0.08 dmap=+0/-0 shz=4.0 plan=3 cmd=(lx=+0.00,ly=+0.28,rx=+0.45)
t= 45.3 DWA-F pos=(-4.90,+2.59) yaw=+146.8 d=0.48 goal_err=-77 carrot_err= -70 c0=0.51 clear=0.34 prog=0.00 rel=0.91 bal=-0.09 obs=505 hard=463 obsc=550 yr= 42G nz=0.07 flt=0.08 dmap=+0/-0 shz=4.0 plan=3 cmd=(lx=+0.00,ly=+0.28,rx=+0.45)
t= 45.4 DWA-F pos=(-4.90,+2.61) yaw=+142.4 d=0.46 goal_err=-74 carrot_err= -67 c0=0.49 clear=0.33 prog=0.02 rel=0.88 bal=-0.11 obs=505 hard=463 obsc=550 yr= 42G nz=0.10 flt=0.08 dmap=+0/-0 shz=4.0 plan=3 cmd=(lx=+0.00,ly=+0.28,rx=+0.45)
t= 45.6 DWA-F pos=(-4.91,+2.63) yaw=+138.0 d=0.45 goal_err=-72 carrot_err= -65 c0=0.47 clear=0.32 prog=0.04 rel=0.88 bal=-0.11 obs=505 hard=463 obsc=550 yr= 43G nz=0.10 flt=0.13 dmap=+0/-0 shz=4.0 plan=3 cmd=(lx=+0.00,ly=+0.28,rx=+0.45)
t= 45.7 DWA-F pos=(-4.92,+2.64) yaw=+133.8 d=0.44 goal_err=-69 carrot_err= -62 c0=0.45 clear=0.30 prog=0.07 rel=0.86 bal=-0.10 obs=505 hard=463 obsc=550 yr= 41G nz=0.12 flt=0.13 dmap=+0/-0 shz=4.0 plan=3 cmd=(lx=+0.00,ly=+0.28,rx=+0.45)
t= 45.8 DWA-F pos=(-4.92,+2.66) yaw=+129.6 d=0.43 goal_err=-66 carrot_err= -59 c0=0.44 clear=0.29 prog=0.08 rel=0.86 bal=-0.10 obs=505 hard=463 obsc=550 yr= 40G nz=0.12 flt=0.13 dmap=+0/-0 shz=4.0 plan=3 cmd=(lx=+0.00,ly=+0.28,rx=+0.45)
t= 45.9 DWA-F pos=(-4.94,+2.67) yaw=+125.7 d=0.43 goal_err=-65 carrot_err= -58 c0=0.42 clear=0.28 prog=0.09 rel=0.86 bal=-0.11 obs=505 hard=463 obsc=550 yr= 38G nz=0.12 flt=0.10 dmap=+0/-0 shz=4.0 plan=3 cmd=(lx=+0.00,ly=+0.28,rx=+0.45)
t= 46.0 DWA-F pos=(-4.95,+2.67) yaw=+121.9 d=0.43 goal_err=-62 carrot_err= -56 c0=0.41 clear=0.28 prog=0.08 rel=0.84 bal=-0.11 obs=505 hard=463 obsc=550 yr= 37G nz=0.12 flt=0.10 dmap=+0/-0 shz=4.0 plan=3 cmd=(lx=+0.00,ly=+0.28,rx=+0.45)
t= 46.1 DWA-F pos=(-4.96,+2.68) yaw=+118.2 d=0.43 goal_err=-61 carrot_err= -55 c0=0.40 clear=0.27 prog=0.08 rel=0.84 bal=-0.13 obs=505 hard=463 obsc=550 yr= 36G nz=0.12 flt=0.06 dmap=+0/-0 shz=4.0 plan=3 cmd=(lx=+0.00,ly=+0.28,rx=+0.45)
t= 46.2 DWA-F pos=(-4.98,+2.68) yaw=+114.6 d=0.43 goal_err=-59 carrot_err= -54 c0=0.39 clear=0.26 prog=0.07 rel=0.84 bal=-0.14 obs=505 hard=463 obsc=550 yr= 35G nz=0.14 flt=0.06 dmap=+0/-0 shz=4.0 plan=3 cmd=(lx=+0.00,ly=+0.28,rx=+0.45)
[VIS] perc_n=0 age=0.3 free_c=- vismap=0/0 color=- carpet=- cnear=- crmin=- door=- dets=[-]
t= 46.3 DWA-F pos=(-4.99,+2.69) yaw=+110.9 d=0.44 goal_err=-58 carrot_err= -53 c0=0.37 clear=0.25 prog=0.07 rel=0.84 bal=-0.15 obs=505 hard=463 obsc=550 yr= 36G nz=0.14 flt=0.06 dmap=+0/-0 shz=4.0 plan=3 cmd=(lx=+0.00,ly=+0.28,rx=+0.45)
t= 46.4 DWA-F pos=(-5.00,+2.70) yaw=+107.2 d=0.44 goal_err=-56 carrot_err= -51 c0=0.36 clear=0.24 prog=0.03 rel=0.84 bal=-0.15 obs=505 hard=463 obsc=550 yr= 37G nz=0.14 flt=0.06 dmap=+0/-0 shz=4.0 plan=3 cmd=(lx=+0.00,ly=+0.28,rx=+0.45)
t= 46.5 DWA-F pos=(-5.01,+2.70) yaw=+107.3 d=0.44 goal_err=-56 carrot_err= -52 c0=0.36 clear=0.24 prog=0.04 rel=0.84 bal=-0.16 obs=505 hard=463 obsc=550 yr=  1G nz=0.14 flt=0.06 dmap=+0/-0 shz=4.0 plan=3 cmd=(lx=+0.00,ly=+0.28,rx=+0.45)
t= 46.6 DWA-F pos=(-5.00,+2.70) yaw=+107.3 d=0.44 goal_err=-56 carrot_err= -51 c0=0.36 clear=0.24 prog=0.06 rel=0.84 bal=-0.16 obs=505 hard=463 obsc=550 yr=  1G nz=0.14 flt=0.06 dmap=+0/-0 shz=4.0 plan=3 cmd=(lx=+0.00,ly=+0.28,rx=+0.45)
t= 46.7 DWA-F pos=(-5.00,+2.70) yaw=+107.1 d=0.43 goal_err=-55 carrot_err= -51 c0=0.36 clear=0.24 prog=0.09 rel=0.84 bal=-0.15 obs=505 hard=463 obsc=550 yr=  2G nz=0.14 flt=0.06 dmap=+0/-0 shz=4.0 plan=3 cmd=(lx=+0.00,ly=+0.28,rx=+0.45)
t= 46.8 DWA-F pos=(-4.99,+2.70) yaw=+106.7 d=0.42 goal_err=-54 carrot_err= -49 c0=0.36 clear=0.24 prog=0.12 rel=0.84 bal=-0.14 obs=505 hard=463 obsc=550 yr=  3G nz=0.14 flt=0.06 dmap=+0/-0 shz=4.0 plan=3 cmd=(lx=+0.00,ly=+0.28,rx=+0.45)
t= 46.9 DWA-F pos=(-4.98,+2.71) yaw=+106.3 d=0.41 goal_err=-53 carrot_err= -48 c0=0.37 clear=0.24 prog=0.15 rel=0.84 bal=-0.13 obs=505 hard=463 obsc=550 yr=  4G nz=0.14 flt=0.06 dmap=+0/-0 shz=4.0 plan=3 cmd=(lx=+0.00,ly=+0.28,rx=+0.45)
t= 47.0 DWA-F pos=(-4.98,+2.71) yaw=+106.5 d=0.42 goal_err=-53 carrot_err= -48 c0=0.37 clear=0.24 prog=0.15 rel=0.84 bal=-0.13 obs=505 hard=463 obsc=550 yr=  1G nz=0.14 flt=0.06 dmap=+0/-0 shz=4.0 plan=3 cmd=(lx=+0.00,ly=+0.28,rx=+0.45)
SCAN-STALE nube 'location' sin refrescar 10 ticks (mapa congelado)
t= 47.1 DWA-F pos=(-4.98,+2.71) yaw=+106.5 d=0.42 goal_err=-53 carrot_err= -48 c0=0.37 clear=0.24 prog=0.14 rel=0.84 bal=-0.13 obs=505 hard=463 obsc=550 yr=  0G nz=0.14 flt=0.06 dmap=+0/-0 shz=4.0 plan=3 cmd=(lx=+0.00,ly=+0.28,rx=+0.45)
t= 47.2 DWA-F pos=(-4.98,+2.71) yaw=+106.5 d=0.42 goal_err=-53 carrot_err= -48 c0=0.37 clear=0.24 prog=0.13 rel=0.84 bal=-0.13 obs=505 hard=463 obsc=550 yr=  0G nz=0.14 flt=0.06 dmap=+0/-0 shz=4.0 plan=3 cmd=(lx=+0.00,ly=+0.28,rx=+0.45)
[VIS] perc_n=0 age=0.7 free_c=- vismap=0/0 color=- carpet=- cnear=- crmin=- door=- dets=[-]
t= 47.3 DWA-F pos=(-4.98,+2.71) yaw=+106.5 d=0.42 goal_err=-53 carrot_err= -48 c0=0.37 clear=0.24 prog=0.10 rel=0.84 bal=-0.13 obs=505 hard=463 obsc=550 yr=  0G nz=0.14 flt=0.06 dmap=+0/-0 shz=4.0 plan=3 cmd=(lx=+0.00,ly=+0.28,rx=+0.45)
t= 47.4 DWA-F pos=(-4.98,+2.71) yaw=+106.5 d=0.42 goal_err=-53 carrot_err= -48 c0=0.37 clear=0.24 prog=0.08 rel=0.84 bal=-0.13 obs=505 hard=463 obsc=550 yr=  0G nz=0.14 flt=0.06 dmap=+0/-0 shz=4.0 plan=3 cmd=(lx=+0.00,ly=+0.28,rx=+0.45)
LOOK #4 hq=320x180 pos=(-4.98,+2.71) t=47s
t= 47.5 DWA-F pos=(-4.98,+2.71) yaw=+106.5 d=0.42 goal_err=-53 carrot_err= -48 c0=0.37 clear=0.24 prog=0.06 rel=0.84 bal=-0.13 obs=506 hard=464 obsc=551 yr=  0G nz=0.14 flt=0.09 dmap=+1/-0 shz=3.7 plan=3 cmd=(lx=+0.00,ly=+0.28,rx=+0.45)
t= 47.6 DWA-F pos=(-4.98,+2.71) yaw=+106.5 d=0.42 goal_err=-53 carrot_err= -48 c0=0.37 clear=0.24 prog=0.03 rel=0.91 bal=-0.13 obs=506 hard=464 obsc=551 yr=  0G nz=0.08 flt=0.04 dmap=+0/-0 shz=3.7 plan=3 cmd=(lx=+0.00,ly=+0.28,rx=+0.45)
t= 47.7 DWA-F pos=(-4.98,+2.71) yaw=+106.5 d=0.42 goal_err=-53 carrot_err= -48 c0=0.37 clear=0.24 prog=0.02 rel=0.96 bal=-0.13 obs=506 hard=464 obsc=551 yr=  0G nz=0.02 flt=0.04 dmap=+0/-0 shz=3.7 plan=3 cmd=(lx=+0.00,ly=+0.28,rx=+0.45)
t= 47.8 DWA-F pos=(-4.98,+2.71) yaw=+106.5 d=0.42 goal_err=-53 carrot_err= -48 c0=0.37 clear=0.24 prog=0.01 rel=0.96 bal=-0.13 obs=508 hard=466 obsc=553 yr=  0G nz=0.02 flt=0.02 dmap=+2/-0 shz=3.8 plan=3 cmd=(lx=+0.00,ly=+0.28,rx=+0.45)
t= 47.9 DWA-F pos=(-4.98,+2.71) yaw=+106.5 d=0.42 goal_err=-53 carrot_err= -48 c0=0.37 clear=0.24 prog=0.01 rel=0.97 bal=-0.13 obs=508 hard=466 obsc=553 yr=  0G nz=0.02 flt=0.02 dmap=+0/-0 shz=3.8 plan=3 cmd=(lx=+0.00,ly=+0.28,rx=+0.45)
t= 48.0 DWA-F pos=(-4.98,+2.71) yaw=+106.5 d=0.42 goal_err=-53 carrot_err= -48 c0=0.37 clear=0.24 prog=0.02 rel=0.97 bal=-0.13 obs=508 hard=466 obsc=553 yr=  0G nz=0.02 flt=0.02 dmap=+0/-0 shz=3.8 plan=3 cmd=(lx=+0.00,ly=+0.28,rx=+0.45)
t= 48.1 DWA-F pos=(-4.98,+2.71) yaw=+106.5 d=0.42 goal_err=-53 carrot_err= -48 c0=0.37 clear=0.24 prog=0.03 rel=0.97 bal=-0.13 obs=508 hard=466 obsc=553 yr=  0G nz=0.02 flt=0.06 dmap=+0/-0 shz=3.7 plan=3 cmd=(lx=+0.00,ly=+0.28,rx=+0.45)
t= 48.2 DWA-F pos=(-4.98,+2.71) yaw=+106.5 d=0.42 goal_err=-53 carrot_err= -48 c0=0.37 clear=0.24 prog=0.03 rel=0.95 bal=-0.13 obs=508 hard=466 obsc=553 yr=  0G nz=0.05 flt=0.06 dmap=+0/-0 shz=3.7 plan=3 cmd=(lx=+0.00,ly=+0.28,rx=+0.45)
[VIS] perc_n=0 age=0.4 free_c=- vismap=0/0 color=- carpet=- cnear=- crmin=- door=- dets=[-]
t= 48.3 DWA-F pos=(-4.98,+2.71) yaw=+106.5 d=0.42 goal_err=-53 carrot_err= -48 c0=0.37 clear=0.24 prog=0.03 rel=0.95 bal=-0.13 obs=508 hard=466 obsc=553 yr=  0G nz=0.05 flt=0.03 dmap=+0/-0 shz=3.8 plan=3 cmd=(lx=+0.00,ly=+0.28,rx=+0.45)
t= 48.4 DWA-F pos=(-4.98,+2.71) yaw=+104.5 d=0.41 goal_err=-52 carrot_err= -47 c0=0.36 clear=0.24 prog=0.04 rel=0.96 bal=-0.13 obs=508 hard=466 obsc=553 yr= 18G nz=0.04 flt=0.03 dmap=+0/-0 shz=3.8 plan=3 cmd=(lx=+0.00,ly=+0.28,rx=+0.45)
t= 48.5 DWA-T pos=(-4.97,+2.73) yaw=+100.0 d=0.39 goal_err=-48 carrot_err= -42 c0=0.52 clear=0.35 prog=0.07 rel=0.96 bal=-0.11 obs=508 hard=466 obsc=553 yr= 44G nz=0.04 flt=0.06 dmap=+0/-0 shz=3.8 plan=3 cmd=(lx=+0.00,ly=+0.00,rx=+0.00)
t= 48.6 DWA-T pos=(-4.96,+2.73) yaw= +97.7 d=0.38 goal_err=-45 carrot_err= -39 c0=0.52 clear=0.35 prog=0.08 rel=0.86 bal=-0.10 obs=508 hard=466 obsc=553 yr= 22  nz=0.13 flt=0.06 dmap=+0/-0 shz=3.8 plan=3 cmd=(lx=+0.00,ly=+0.00,rx=+0.00)
t= 48.7 DWA-T pos=(-4.96,+2.74) yaw= +97.6 d=0.38 goal_err=-45 carrot_err= -39 c0=0.52 clear=0.35 prog=0.07 rel=0.86 bal=-0.10 obs=508 hard=466 obsc=553 yr=  1  nz=0.13 flt=0.06 dmap=+0/-0 shz=3.8 plan=3 cmd=(lx=+0.00,ly=+0.00,rx=+0.00)
t= 48.8 DWA-T pos=(-4.96,+2.73) yaw= +97.7 d=0.38 goal_err=-45 carrot_err= -39 c0=0.52 clear=0.35 prog=0.05 rel=0.86 bal=-0.10 obs=512 hard=455 obsc=556 yr=  1  nz=0.13 flt=0.06 dmap=+6/-2 shz=3.7 plan=3 cmd=(lx=+0.00,ly=+0.00,rx=+0.00)
t= 48.9 DWA-T pos=(-4.99,+2.73) yaw= +98.5 d=0.40 goal_err=-48 carrot_err= -43 c0=0.52 clear=0.34 prog=0.03 rel=0.83 bal=-0.12 obs=512 hard=455 obsc=556 yr=  8  nz=0.15 flt=0.06 dmap=+0/-0 shz=3.7 plan=3 cmd=(lx=+0.00,ly=+0.00,rx=+0.00)
t= 49.0 DWA-T pos=(-4.99,+2.73) yaw= +98.5 d=0.40 goal_err=-48 carrot_err= -43 c0=0.52 clear=0.34 prog=0.03 rel=0.83 bal=-0.12 obs=512 hard=453 obsc=553 yr=  0  nz=0.15 flt=0.04 dmap=+0/-0 shz=3.8 plan=3 cmd=(lx=+0.00,ly=+0.00,rx=+0.00)
t= 49.2 DWA-T pos=(-4.99,+2.73) yaw= +98.5 d=0.40 goal_err=-48 carrot_err= -43 c0=0.52 clear=0.34 prog=0.03 rel=0.82 bal=-0.12 obs=512 hard=453 obsc=553 yr=  0  nz=0.16 flt=0.04 dmap=+0/-0 shz=3.8 plan=3 cmd=(lx=+0.00,ly=+0.00,rx=+0.00)
t= 49.3 DWA-T pos=(-4.99,+2.73) yaw= +98.5 d=0.40 goal_err=-48 carrot_err= -43 c0=0.52 clear=0.34 prog=0.03 rel=0.82 bal=-0.12 obs=512 hard=453 obsc=553 yr=  0  nz=0.16 flt=0.04 dmap=+0/-0 shz=3.8 plan=3 cmd=(lx=+0.00,ly=+0.00,rx=+0.00)
[VIS] perc_n=0 age=0.1 free_c=- vismap=0/0 color=- carpet=- cnear=- crmin=- door=- dets=[-]
t= 49.4 DWA-T pos=(-4.99,+2.73) yaw= +98.5 d=0.40 goal_err=-48 carrot_err= -43 c0=0.52 clear=0.34 prog=0.03 rel=0.82 bal=-0.12 obs=512 hard=456 obsc=558 yr=  0  nz=0.16 flt=0.03 dmap=+2/-2 shz=3.7 plan=3 cmd=(lx=+0.00,ly=+0.00,rx=+0.00)
t= 49.5 DWA-T pos=(-4.99,+2.73) yaw= +98.5 d=0.40 goal_err=-48 carrot_err= -43 c0=0.52 clear=0.34 prog=0.03 rel=0.85 bal=-0.12 obs=512 hard=456 obsc=558 yr=  0  nz=0.15 flt=0.03 dmap=+0/-0 shz=3.7 plan=3 cmd=(lx=+0.00,ly=+0.00,rx=+0.00)
t= 49.6 DWA-T pos=(-4.99,+2.73) yaw= +98.5 d=0.40 goal_err=-48 carrot_err= -43 c0=0.52 clear=0.34 prog=0.03 rel=0.85 bal=-0.12 obs=507 hard=455 obsc=554 yr=  0  nz=0.15 flt=0.07 dmap=+1/-6 shz=3.8 plan=3 cmd=(lx=+0.00,ly=+0.00,rx=+0.00)
t= 49.7 DWA-T pos=(-4.99,+2.73) yaw= +98.5 d=0.40 goal_err=-48 carrot_err= -43 c0=0.52 clear=0.34 prog=0.03 rel=0.85 bal=-0.12 obs=507 hard=455 obsc=554 yr=  0  nz=0.15 flt=0.07 dmap=+0/-0 shz=3.8 plan=3 cmd=(lx=+0.00,ly=+0.00,rx=+0.00)
t= 49.8 DWA-T pos=(-4.99,+2.73) yaw= +98.5 d=0.40 goal_err=-48 carrot_err= -43 c0=0.52 clear=0.34 prog=0.03 rel=0.85 bal=-0.12 obs=507 hard=455 obsc=554 yr=  0  nz=0.15 flt=0.07 dmap=+0/-0 shz=3.8 plan=0 cmd=(lx=+0.00,ly=+0.00,rx=+0.00)
t= 49.9 BRK-BK pos=(-4.99,+2.73) yaw= +98.5 d=0.40 goal_err=-48 carrot_err= -43 c0=0.70 clear=0.47 prog=0.03 rel=0.85 bal=-0.18 obs=483 hard=449 obsc=553 yr=  0  nz=0.15 flt=0.04 dmap=+1/-25 shz=3.7 plan=0 cmd=(lx=+0.00,ly=-0.35,rx=+0.00)
t= 50.0 BRK-BK pos=(-4.99,+2.73) yaw= +98.5 d=0.40 goal_err=-48 carrot_err= -43 c0=0.70 clear=0.47 prog=0.03 rel=0.85 bal=-0.18 obs=483 hard=449 obsc=553 yr=  0  nz=0.15 flt=0.04 dmap=+0/-0 shz=3.7 plan=0 cmd=(lx=+0.00,ly=-0.35,rx=+0.00)
t= 50.1 BRK-BK pos=(-4.97,+2.71) yaw= +97.9 d=0.41 goal_err=-44 carrot_err= -38 c0=0.73 clear=0.49 prog=0.01 rel=0.85 bal=-0.17 obs=486 hard=440 obsc=531 yr=  5  nz=0.15 flt=0.05 dmap=+7/-4 shz=3.8 plan=0 cmd=(lx=+0.00,ly=-0.35,rx=+0.00)
t= 50.2 BRK-BK pos=(-4.98,+2.68) yaw= +98.3 d=0.44 goal_err=-43 carrot_err= -37 c0=0.75 clear=0.50 prog=0.00 rel=0.81 bal=-0.19 obs=486 hard=440 obsc=531 yr=  4  nz=0.19 flt=0.05 dmap=+0/-0 shz=3.8 plan=0 cmd=(lx=+0.00,ly=-0.35,rx=+0.00)
t= 50.3 BRK-TR pos=(-4.98,+2.65) yaw= +98.7 d=0.46 goal_err=-42 carrot_err= -37 c0=0.78 clear=0.52 prog=0.00 rel=0.81 bal=-0.21 obs=486 hard=440 obsc=531 yr=  4  nz=0.19 flt=0.05 dmap=+0/-0 shz=3.8 plan=0 cmd=(lx=+0.00,ly=+0.00,rx=+0.45)
[VIS] perc_n=0 age=0.2 free_c=- vismap=0/0 color=- carpet=- cnear=- crmin=- door=- dets=[-]
  TURN-CAL rx=+0.45 esperado=-46deg/s medido=+3deg/s OK
t= 50.4 BRK-TR pos=(-4.99,+2.63) yaw= +99.0 d=0.49 goal_err=-42 carrot_err= -37 c0=0.80 clear=0.53 prog=0.00 rel=0.81 bal=-0.24 obs=486 hard=444 obsc=531 yr=  3G nz=0.19 flt=0.17 dmap=+0/-0 shz=3.7 plan=0 cmd=(lx=+0.00,ly=+0.00,rx=+0.45)
  TURN-CAL rx=+0.45 esperado=-46deg/s medido=-37deg/s OK
t= 50.5 BRK-TR pos=(-5.00,+2.63) yaw= +95.2 d=0.49 goal_err=-39 carrot_err= -34 c0=0.79 clear=0.53 prog=0.00 rel=0.77 bal=-0.24 obs=486 hard=444 obsc=531 yr= 37G nz=0.22 flt=0.17 dmap=+0/-0 shz=3.7 plan=0 cmd=(lx=+0.00,ly=+0.00,rx=+0.45)
  TURN-CAL rx=+0.45 esperado=-46deg/s medido=-39deg/s OK
t= 50.6 BRK-TR pos=(-5.00,+2.63) yaw= +91.3 d=0.49 goal_err=-35 carrot_err= -30 c0=0.79 clear=0.53 prog=0.00 rel=0.77 bal=-0.24 obs=486 hard=445 obsc=531 yr= 39G nz=0.22 flt=0.07 dmap=+0/-0 shz=3.8 plan=0 cmd=(lx=+0.00,ly=+0.00,rx=+0.45)
  TURN-CAL rx=+0.45 esperado=-46deg/s medido=-40deg/s OK
t= 50.7 BRK-TR pos=(-5.00,+2.63) yaw= +87.3 d=0.49 goal_err=-31 carrot_err= -26 c0=0.79 clear=0.53 prog=0.00 rel=0.79 bal=-0.24 obs=486 hard=445 obsc=531 yr= 40G nz=0.21 flt=0.07 dmap=+0/-0 shz=3.8 plan=0 cmd=(lx=+0.00,ly=+0.00,rx=+0.45)
  TURN-CAL rx=+0.45 esperado=-46deg/s medido=-42deg/s OK
t= 50.8 BRK-TR pos=(-5.00,+2.63) yaw= +83.1 d=0.49 goal_err=-26 carrot_err= -21 c0=0.79 clear=0.53 prog=0.00 rel=0.79 bal=-0.32 obs=486 hard=445 obsc=531 yr= 42G nz=0.21 flt=0.07 dmap=+0/-0 shz=3.8 plan=0 cmd=(lx=+0.00,ly=+0.00,rx=+0.45)
  TURN-CAL rx=+0.45 esperado=-46deg/s medido=-43deg/s OK
t= 50.9 BRK-TR pos=(-4.99,+2.63) yaw= +78.7 d=0.48 goal_err=-21 carrot_err= -16 c0=1.04 clear=0.69 prog=0.00 rel=0.79 bal=-0.29 obs=487 hard=447 obsc=532 yr= 43G nz=0.21 flt=0.22 dmap=+1/-0 shz=3.7 plan=0 cmd=(lx=+0.00,ly=+0.00,rx=+0.45)
  TURN-CAL rx=+0.45 esperado=-46deg/s medido=-43deg/s OK
t= 51.0 BRK-TR pos=(-4.98,+2.63) yaw= +74.3 d=0.48 goal_err=-15 carrot_err= -10 c0=0.96 clear=0.64 prog=0.00 rel=0.72 bal=-0.28 obs=487 hard=448 obsc=532 yr= 43G nz=0.26 flt=0.22 dmap=+0/-0 shz=3.7 plan=0 cmd=(lx=+0.00,ly=+0.00,rx=+0.45)
  TURN-CAL rx=+0.45 esperado=-46deg/s medido=-39deg/s OK
t= 51.1 BRK-TR pos=(-4.98,+2.63) yaw= +70.4 d=0.48 goal_err=-12 carrot_err=  -6 c0=0.86 clear=0.57 prog=0.00 rel=0.72 bal=-0.28 obs=488 hard=449 obsc=533 yr= 39G nz=0.26 flt=0.07 dmap=+1/-0 shz=3.8 plan=0 cmd=(lx=+0.00,ly=+0.00,rx=+0.45)
  TURN-CAL rx=+0.45 esperado=-46deg/s medido=-39deg/s OK
t= 51.2 BRK-TR pos=(-4.98,+2.63) yaw= +66.4 d=0.48 goal_err=-8 carrot_err=  -2 c0=0.86 clear=0.57 prog=0.00 rel=0.80 bal=-0.28 obs=488 hard=449 obsc=533 yr= 39G nz=0.20 flt=0.07 dmap=+0/-0 shz=3.8 plan=0 cmd=(lx=+0.00,ly=+0.00,rx=+0.45)
AGGRESSIVE-ON t=51s d=0.48
  TURN-CAL rx=+0.45 esperado=-46deg/s medido=-40deg/s OK
t= 51.3 AGR-BRK-TR pos=(-4.98,+2.63) yaw= +62.4 d=0.48 goal_err=-4 carrot_err=  +2 c0=0.86 clear=0.57 prog=0.00 rel=0.80 bal=-0.33 obs=488 hard=449 obsc=533 yr= 40G nz=0.20 flt=0.06 dmap=+0/-0 shz=3.8 plan=0 cmd=(lx=+0.00,ly=+0.00,rx=+0.45)
[VIS] perc_n=0 age=0.3 free_c=- vismap=0/0 color=- carpet=- cnear=- crmin=- door=- dets=[-]
  TURN-CAL rx=+0.45 esperado=-46deg/s medido=-39deg/s OK
t= 51.4 AGR-BRK-TR pos=(-4.98,+2.63) yaw= +58.4 d=0.48 goal_err=+0 carrot_err=  +6 c0=0.86 clear=0.57 prog=0.00 rel=0.82 bal=-0.24 obs=488 hard=449 obsc=533 yr= 39G nz=0.18 flt=0.06 dmap=+0/-0 shz=3.8 plan=0 cmd=(lx=+0.00,ly=+0.00,rx=+0.45)
  TURN-CAL rx=+0.45 esperado=-46deg/s medido=-40deg/s OK
t= 51.5 AGR-BRK-TR pos=(-4.98,+2.63) yaw= +54.4 d=0.48 goal_err=+4 carrot_err= +10 c0=0.86 clear=0.57 prog=0.00 rel=0.82 bal=-0.24 obs=488 hard=449 obsc=533 yr= 40G nz=0.18 flt=0.06 dmap=+0/-0 shz=3.8 plan=0 cmd=(lx=+0.00,ly=+0.00,rx=+0.45)
  TURN-CAL rx=+0.45 esperado=-46deg/s medido=-40deg/s OK
t= 51.6 AGR-BRK-TR pos=(-4.98,+2.63) yaw= +50.4 d=0.48 goal_err=+8 carrot_err= +14 c0=0.86 clear=0.57 prog=0.00 rel=0.82 bal=-0.24 obs=489 hard=451 obsc=533 yr= 40G nz=0.18 flt=0.07 dmap=+1/-0 shz=3.8 plan=0 cmd=(lx=+0.00,ly=+0.00,rx=+0.45)
  TURN-CAL rx=+0.45 esperado=-46deg/s medido=-39deg/s OK
t= 51.7 AGR-BRK-TR pos=(-4.98,+2.63) yaw= +46.4 d=0.48 goal_err=+12 carrot_err= +18 c0=0.86 clear=0.57 prog=0.00 rel=0.85 bal=-0.24 obs=489 hard=451 obsc=533 yr= 39G nz=0.14 flt=0.07 dmap=+0/-0 shz=3.8 plan=0 cmd=(lx=+0.00,ly=+0.00,rx=+0.45)
  TURN-CAL rx=+0.45 esperado=-46deg/s medido=-40deg/s OK
t= 51.8 AGR-BRK-TR pos=(-4.98,+2.63) yaw= +42.4 d=0.48 goal_err=+16 carrot_err= +22 c0=0.86 clear=0.57 prog=0.00 rel=0.85 bal=-0.24 obs=489 hard=451 obsc=533 yr= 40G nz=0.14 flt=0.09 dmap=+0/-0 shz=3.8 plan=0 cmd=(lx=+0.00,ly=+0.00,rx=+0.45)
  TURN-CAL rx=+0.45 esperado=-46deg/s medido=-39deg/s OK
t= 51.9 AGR-BRK-TR pos=(-4.98,+2.63) yaw= +38.3 d=0.48 goal_err=+20 carrot_err= +26 c0=0.96 clear=0.64 prog=0.00 rel=0.87 bal=-0.18 obs=489 hard=451 obsc=533 yr= 39G nz=0.13 flt=0.09 dmap=+0/-0 shz=3.8 plan=0 cmd=(lx=+0.00,ly=+0.00,rx=+0.45)
  TURN-CAL rx=+0.45 esperado=-46deg/s medido=-40deg/s OK
t= 52.0 AGR-BRK-TR pos=(-4.98,+2.63) yaw= +34.3 d=0.48 goal_err=+24 carrot_err= +30 c0=0.96 clear=0.64 prog=0.00 rel=0.87 bal=-0.18 obs=489 hard=451 obsc=533 yr= 40G nz=0.13 flt=0.09 dmap=+0/-0 shz=3.8 plan=0 cmd=(lx=+0.00,ly=+0.00,rx=+0.45)
  TURN-CAL rx=+0.45 esperado=-46deg/s medido=-40deg/s OK
t= 52.1 AGR-BRK-TR pos=(-4.98,+2.63) yaw= +30.3 d=0.48 goal_err=+28 carrot_err= +34 c0=0.96 clear=0.64 prog=0.00 rel=0.87 bal=-0.18 obs=489 hard=451 obsc=533 yr= 40G nz=0.13 flt=0.04 dmap=+0/-0 shz=3.7 plan=0 cmd=(lx=+0.00,ly=+0.00,rx=+0.45)
  TURN-CAL rx=+0.45 esperado=-46deg/s medido=-39deg/s OK
t= 52.2 AGR-BRK-TR pos=(-4.98,+2.63) yaw= +26.3 d=0.48 goal_err=+32 carrot_err= +38 c0=1.09 clear=0.73 prog=0.00 rel=0.88 bal=-0.18 obs=489 hard=451 obsc=533 yr= 39G nz=0.12 flt=0.04 dmap=+0/-0 shz=3.7 plan=0 cmd=(lx=+0.00,ly=+0.00,rx=+0.45)
  TURN-CAL rx=+0.45 esperado=-46deg/s medido=-40deg/s OK
t= 52.3 AGR-BRK-TR pos=(-4.98,+2.63) yaw= +22.3 d=0.48 goal_err=+36 carrot_err= +42 c0=1.09 clear=0.73 prog=0.02 rel=0.88 bal=-0.18 obs=489 hard=451 obsc=533 yr= 40G nz=0.12 flt=0.11 dmap=+0/-0 shz=3.8 plan=0 cmd=(lx=+0.00,ly=+0.00,rx=+0.45)
[VIS] perc_n=0 age=0.0 free_c=- vismap=0/0 color=- carpet=- cnear=- crmin=- door=- dets=[-]
  TURN-CAL rx=+0.45 esperado=-46deg/s medido=-39deg/s OK
t= 52.4 AGR-BRK-TR pos=(-4.98,+2.63) yaw= +18.3 d=0.48 goal_err=+40 carrot_err= +46 c0=1.13 clear=0.76 prog=0.02 rel=0.81 bal=-0.14 obs=489 hard=451 obsc=533 yr= 39G nz=0.16 flt=0.11 dmap=+0/-0 shz=3.8 plan=0 cmd=(lx=+0.00,ly=+0.00,rx=+0.45)
  TURN-CAL rx=+0.45 esperado=-46deg/s medido=-40deg/s OK
t= 52.5 AGR-BRK-TR pos=(-4.98,+2.63) yaw= +14.3 d=0.48 goal_err=+44 carrot_err= +50 c0=1.13 clear=0.76 prog=0.02 rel=0.81 bal=-0.14 obs=489 hard=451 obsc=533 yr= 40G nz=0.16 flt=0.11 dmap=+0/-0 shz=3.8 plan=0 cmd=(lx=+0.00,ly=+0.00,rx=+0.45)
  TURN-CAL rx=+0.45 esperado=-46deg/s medido=-40deg/s OK
t= 52.6 AGR-BRK-TR pos=(-4.98,+2.63) yaw= +10.3 d=0.48 goal_err=+48 carrot_err= +54 c0=1.13 clear=0.76 prog=0.02 rel=0.81 bal=-0.16 obs=489 hard=451 obsc=533 yr= 40G nz=0.16 flt=0.05 dmap=+0/-0 shz=3.7 plan=0 cmd=(lx=+0.00,ly=+0.00,rx=+0.45)
  TURN-CAL rx=+0.45 esperado=-46deg/s medido=-39deg/s OK
t= 52.7 AGR-DWA-F pos=(-4.98,+2.63) yaw=  +6.3 d=0.48 goal_err=+52 carrot_err= +58 c0=1.13 clear=0.76 prog=0.01 rel=0.80 bal=+0.00 obs=489 hard=451 obsc=533 yr= 39G nz=0.19 flt=0.05 dmap=+0/-0 shz=3.7 plan=3 cmd=(lx=+0.00,ly=+0.28,rx=-0.45)
t= 52.8 AGR-DWA-F pos=(-4.98,+2.63) yaw=  +2.2 d=0.48 goal_err=+56 carrot_err= +62 c0=1.20 clear=0.80 prog=0.01 rel=0.80 bal=-0.03 obs=491 hard=453 obsc=535 yr= 39G nz=0.19 flt=0.05 dmap=+2/-0 shz=3.8 plan=3 cmd=(lx=+0.00,ly=+0.28,rx=-0.45)
t= 52.9 AGR-DWA-F pos=(-4.97,+2.62) yaw=  +1.7 d=0.48 goal_err=+59 carrot_err= +64 c0=1.19 clear=0.79 prog=0.00 rel=0.77 bal=-0.02 obs=491 hard=453 obsc=535 yr=  5G nz=0.22 flt=0.05 dmap=+0/-0 shz=3.8 plan=3 cmd=(lx=+0.00,ly=+0.28,rx=-0.45)
t= 53.0 AGR-DWA-F pos=(-4.95,+2.61) yaw=  +5.5 d=0.48 goal_err=+58 carrot_err= +64 c0=1.17 clear=0.78 prog=0.00 rel=0.77 bal=-0.18 obs=491 hard=453 obsc=535 yr= 37G nz=0.22 flt=0.05 dmap=+0/-0 shz=3.8 plan=3 cmd=(lx=+0.00,ly=+0.28,rx=-0.45)
t= 53.1 AGR-DWA-F pos=(-4.93,+2.61) yaw=  +9.4 d=0.47 goal_err=+56 carrot_err= +63 c0=1.10 clear=0.73 prog=0.01 rel=0.77 bal=-0.18 obs=492 hard=454 obsc=536 yr= 38G nz=0.22 flt=0.06 dmap=+1/-0 shz=3.7 plan=3 cmd=(lx=+0.00,ly=+0.28,rx=-0.45)
t= 53.2 AGR-DWA-F pos=(-4.91,+2.62) yaw= +13.4 d=0.46 goal_err=+54 carrot_err= +61 c0=1.08 clear=0.72 prog=0.03 rel=0.80 bal=-0.15 obs=492 hard=454 obsc=536 yr= 39G nz=0.19 flt=0.06 dmap=+0/-0 shz=3.7 plan=3 cmd=(lx=+0.00,ly=+0.28,rx=-0.45)
t= 53.3 AGR-DWA-F pos=(-4.89,+2.63) yaw= +17.6 d=0.44 goal_err=+51 carrot_err= +59 c0=0.90 clear=0.60 prog=0.06 rel=0.80 bal=-0.11 obs=493 hard=455 obsc=537 yr= 41G nz=0.19 flt=0.04 dmap=+1/-0 shz=3.8 plan=3 cmd=(lx=+0.00,ly=+0.28,rx=-0.45)
[VIS] perc_n=0 age=0.1 free_c=- vismap=0/0 color=- carpet=- cnear=- crmin=- door=- dets=[-]
t= 53.4 AGR-DWA-F pos=(-4.88,+2.64) yaw= +22.0 d=0.42 goal_err=+48 carrot_err= +56 c0=0.88 clear=0.58 prog=0.09 rel=0.82 bal=-0.12 obs=493 hard=455 obsc=537 yr= 42G nz=0.17 flt=0.04 dmap=+0/-0 shz=3.8 plan=3 cmd=(lx=+0.00,ly=+0.28,rx=-0.45)
t= 53.5 AGR-DWA-F pos=(-4.86,+2.66) yaw= +26.4 d=0.40 goal_err=+44 carrot_err= +53 c0=0.71 clear=0.47 prog=0.13 rel=0.82 bal=-0.13 obs=494 hard=456 obsc=537 yr= 43G nz=0.17 flt=0.04 dmap=+1/-0 shz=3.8 plan=3 cmd=(lx=+0.00,ly=+0.28,rx=-0.45)
t= 53.6 AGR-DWA-T pos=(-4.84,+2.69) yaw= +34.7 d=0.37 goal_err=+38 carrot_err= +48 c0=0.67 clear=0.45 prog=0.19 rel=0.82 bal=-0.15 obs=496 hard=458 obsc=539 yr= 81G nz=0.17 flt=0.24 dmap=+2/-0 shz=3.7 plan=3 cmd=(lx=+0.00,ly=+0.00,rx=+0.00)
t= 53.7 AGR-DWA-T pos=(-4.84,+2.70) yaw= +36.9 d=0.36 goal_err=+35 carrot_err= +46 c0=0.66 clear=0.44 prog=0.21 rel=0.69 bal=-0.13 obs=496 hard=458 obsc=539 yr= 22  nz=0.29 flt=0.24 dmap=+0/-0 shz=3.7 plan=3 cmd=(lx=+0.00,ly=+0.00,rx=+0.00)
t= 53.8 AGR-DWA-T pos=(-4.84,+2.70) yaw= +37.1 d=0.35 goal_err=+35 carrot_err= +45 c0=0.66 clear=0.44 prog=0.21 rel=0.69 bal=-0.13 obs=497 hard=451 obsc=543 yr=  1  nz=0.29 flt=0.08 dmap=+4/-3 shz=3.8 plan=3 cmd=(lx=+0.00,ly=+0.00,rx=+0.00)
t= 53.9 AGR-DWA-T pos=(-4.84,+2.70) yaw= +37.0 d=0.36 goal_err=+35 carrot_err= +45 c0=0.66 clear=0.44 prog=0.21 rel=0.65 bal=-0.13 obs=497 hard=451 obsc=543 yr=  1  nz=0.35 flt=0.08 dmap=+0/-0 shz=3.8 plan=3 cmd=(lx=+0.00,ly=+0.00,rx=+0.00)
t= 54.0 AGR-DWA-T pos=(-4.84,+2.70) yaw= +36.8 d=0.36 goal_err=+36 carrot_err= +47 c0=0.67 clear=0.44 prog=0.20 rel=0.65 bal=-0.12 obs=500 hard=451 obsc=546 yr=  2  nz=0.35 flt=0.05 dmap=+4/-1 shz=3.8 plan=3 cmd=(lx=+0.00,ly=+0.00,rx=+0.00)
t= 54.1 AGR-DWA-T pos=(-4.83,+2.69) yaw= +36.4 d=0.37 goal_err=+38 carrot_err= +48 c0=0.67 clear=0.45 prog=0.19 rel=0.63 bal=-0.14 obs=500 hard=451 obsc=546 yr=  3  nz=0.37 flt=0.05 dmap=+0/-0 shz=3.8 plan=3 cmd=(lx=+0.00,ly=+0.00,rx=+0.00)
t= 54.2 AGR-DWA-T pos=(-4.82,+2.68) yaw= +36.1 d=0.37 goal_err=+39 carrot_err= +50 c0=0.67 clear=0.45 prog=0.18 rel=0.63 bal=-0.13 obs=500 hard=451 obsc=546 yr=  4  nz=0.37 flt=0.05 dmap=+0/-0 shz=3.8 plan=3 cmd=(lx=+0.00,ly=+0.00,rx=+0.00)
t= 54.4 AGR-DWA-F pos=(-4.82,+2.67) yaw= +35.7 d=0.38 goal_err=+41 carrot_err= +51 c0=0.67 clear=0.45 prog=0.17 rel=0.63 bal=-0.12 obs=500 hard=445 obsc=545 yr=  3  nz=0.37 flt=0.09 dmap=+3/-3 shz=3.7 plan=3 cmd=(lx=+0.00,ly=+0.28,rx=-0.45)
[VIS] perc_n=0 age=0.0 free_c=- vismap=0/0 color=- carpet=- cnear=- crmin=- door=- dets=[-]
t= 54.5 AGR-DWA-T pos=(-4.83,+2.68) yaw= +36.2 d=0.37 goal_err=+39 carrot_err= +49 c0=0.67 clear=0.45 prog=0.18 rel=0.72 bal=-0.14 obs=500 hard=445 obsc=545 yr=  5G nz=0.28 flt=0.09 dmap=+0/-0 shz=3.7 plan=3 cmd=(lx=+0.00,ly=+0.00,rx=+0.00)
t= 54.6 AGR-DWA-F pos=(-4.80,+2.68) yaw= +39.4 d=0.37 goal_err=+40 carrot_err= +51 c0=0.66 clear=0.44 prog=0.18 rel=0.72 bal=-0.12 obs=501 hard=449 obsc=547 yr= 29  nz=0.28 flt=0.07 dmap=+4/-3 shz=3.8 plan=3 cmd=(lx=+0.00,ly=+0.28,rx=-0.45)
t= 54.7 AGR-DWA-F pos=(-4.80,+2.68) yaw= +39.3 d=0.37 goal_err=+40 carrot_err= +51 c0=0.66 clear=0.44 prog=0.18 rel=0.72 bal=-0.12 obs=501 hard=449 obsc=547 yr=  1G nz=0.27 flt=0.07 dmap=+0/-0 shz=3.8 plan=3 cmd=(lx=+0.00,ly=+0.28,rx=-0.45)
t= 54.8 AGR-DWA-T pos=(-4.78,+2.69) yaw= +43.4 d=0.35 goal_err=+38 carrot_err= +49 c0=0.64 clear=0.43 prog=0.21 rel=0.72 bal=-0.07 obs=501 hard=449 obsc=547 yr= 40G nz=0.27 flt=0.07 dmap=+0/-0 shz=3.8 plan=3 cmd=(lx=+0.00,ly=+0.00,rx=+0.00)
REACHED B err=0.34 ncol=0 2026-08-21 08:08:58
TURN-CAL-RESUMEN rx>0 -> medido~-39.37299828375816deg/s (modelo<0) ; rx<0 -> medido~39.336906844359426deg/s (modelo>0) :: OK (modelo correcto)
FASES {'DWA-F': 261, 'DOOR-GO': 27, 'ENG-F': 43, 'ENG-T': 8, 'ENG-AL.': 1, 'ENG-GO': 92, 'ENG-CG': 5, 'DWA-T': 40, 'BRK-BK': 8, 'BRK-TR': 48}
FIN
