[amcl-1] [0m[INFO] [1789739173.724476004] [robot.amcl]: Message Filter dropping message: frame 'robot_top_3d_laser_link' at time 1789739173.219 for reason 'the timestamp on the message is earlier than all the data in the transform cache'[0m
[amcl-1] [0m[INFO] [1789739292.320216321] [robot.amcl]: Message Filter dropping message: frame 'robot_top_3d_laser_link' at time 1789739291.816 for reason 'the timestamp on the message is earlier than all the data in the transform cache'[0m
[amcl-1] [0m[INFO] [1789739402.919533117] [robot.amcl]: Message Filter dropping message: frame 'robot_top_3d_laser_link' at time 1789739402.413 for reason 'the timestamp on the message is earlier than all the data in the transform cache'[0m
[amcl-1] [0m[INFO] [1789739718.867139014] [robot.amcl]: initialPoseReceived[0m
[amcl-1] [33m[WARN] [1789739718.867250445] [robot.amcl]: Failed to transform initial pose in time (Lookup would require extrapolation into the future.  Requested time 1789739718.867183 but the latest data is at time 1789739718.862952, when looking up transform from frame [robot_base_footprint] to frame [robot_odom])[0m
[amcl-1] [0m[INFO] [1789739718.867296419] [robot.amcl]: Setting pose (1789739718.867296): -0.019 0.018 -0.026[0m
[amcl-1] [0m[INFO] [1789739719.319993119] [robot.amcl]: initialPoseReceived[0m
[amcl-1] [33m[WARN] [1789739719.320082591] [robot.amcl]: Failed to transform initial pose in time (Lookup would require extrapolation into the future.  Requested time 1789739719.320037 but the latest data is at time 1789739719.309676, when looking up transform from frame [robot_base_footprint] to frame [robot_odom])[0m
[amcl-1] [0m[INFO] [1789739719.320100765] [robot.amcl]: Setting pose (1789739719.320101): -0.019 0.018 -0.026[0m
[amcl-1] [0m[INFO] [1789739719.820939936] [robot.amcl]: initialPoseReceived[0m
[amcl-1] [33m[WARN] [1789739719.821017191] [robot.amcl]: Failed to transform initial pose in time (Lookup would require extrapolation into the future.  Requested time 1789739719.820979 but the latest data is at time 1789739719.816490, when looking up transform from frame [robot_base_footprint] to frame [robot_odom])[0m
[amcl-1] [0m[INFO] [1789739719.821035035] [robot.amcl]: Setting pose (1789739719.821035): -0.019 0.018 -0.026[0m
[amcl-1] [0m[INFO] [1789740802.987185088] [robot.amcl]: Message Filter dropping message: frame 'robot_top_3d_laser_link' at time 1789740802.476 for reason 'the timestamp on the message is earlier than all the data in the transform cache'[0m
[amcl-1] [0m[INFO] [1789741193.169219341] [robot.amcl]: Message Filter dropping message: frame 'robot_top_3d_laser_link' at time 1789741192.665 for reason 'the timestamp on the message is earlier than all the data in the transform cache'[0m
[amcl-1] [0m[INFO] [1789741193.271577196] [robot.amcl]: Message Filter dropping message: frame 'robot_top_3d_laser_link' at time 1789741192.764 for reason 'the timestamp on the message is earlier than all the data in the transform cache'[0m
[amcl-1] [0m[INFO] [1789741193.570647354] [robot.amcl]: Message Filter dropping message: frame 'robot_top_3d_laser_link' at time 1789741193.064 for reason 'the timestamp on the message is earlier than all the data in the transform cache'[0m
[amcl-1] [0m[INFO] [1789741193.770841910] [robot.amcl]: Message Filter dropping message: frame 'robot_top_3d_laser_link' at time 1789741193.264 for reason 'the timestamp on the message is earlier than all the data in the transform cache'[0m
[amcl-1] [0m[INFO] [1789741260.868087141] [robot.amcl]: Message Filter dropping message: frame 'robot_top_3d_laser_link' at time 1789741260.363 for reason 'the timestamp on the message is earlier than all the data in the transform cache'[0m
[amcl-1] [0m[INFO] [1789741260.968206349] [robot.amcl]: Message Filter dropping message: frame 'robot_top_3d_laser_link' at time 1789741260.463 for reason 'the timestamp on the message is earlier than all the data in the transform cache'[0m
[amcl-1] [0m[INFO] [1789741261.067217571] [robot.amcl]: Message Filter dropping message: frame 'robot_top_3d_laser_link' at time 1789741260.563 for reason 'the timestamp on the message is earlier than all the data in the transform cache'[0m
[amcl-1] [0m[INFO] [1789741261.172705279] [robot.amcl]: Message Filter dropping message: frame 'robot_top_3d_laser_link' at time 1789741260.663 for reason 'the timestamp on the message is earlier than all the data in the transform cache'[0m
[amcl-1] [0m[INFO] [1789741261.268773342] [robot.amcl]: Message Filter dropping message: frame 'robot_top_3d_laser_link' at time 1789741260.763 for reason 'the timestamp on the message is earlier than all the data in the transform cache'[0m
[amcl-1] [0m[INFO] [1789741261.371203384] [robot.amcl]: Message Filter dropping message: frame 'robot_top_3d_laser_link' at time 1789741260.863 for reason 'the timestamp on the message is earlier than all the data in the transform cache'[0m
[amcl-1] [0m[INFO] [1789741261.469587330] [robot.amcl]: Message Filter dropping message: frame 'robot_top_3d_laser_link' at time 1789741260.963 for reason 'the timestamp on the message is earlier than all the data in the transform cache'[0m
[amcl-1] [0m[INFO] [1789741261.568942550] [robot.amcl]: Message Filter dropping message: frame 'robot_top_3d_laser_link' at time 1789741261.063 for reason 'the timestamp on the message is earlier than all the data in the transform cache'[0m
[amcl-1] [0m[INFO] [1789741274.766728847] [robot.amcl]: Message Filter dropping message: frame 'robot_top_3d_laser_link' at time 1789741274.262 for reason 'the timestamp on the message is earlier than all the data in the transform cache'[0m
[amcl-1] [0m[INFO] [1789741275.067711267] [robot.amcl]: Message Filter dropping message: frame 'robot_top_3d_laser_link' at time 1789741274.562 for reason 'the timestamp on the message is earlier than all the data in the transform cache'[0m
[amcl-1] [0m[INFO] [1789741275.168076688] [robot.amcl]: Message Filter dropping message: frame 'robot_top_3d_laser_link' at time 1789741274.662 for reason 'the timestamp on the message is earlier than all the data in the transform cache'[0m
[amcl-1] [0m[INFO] [1789741275.266981742] [robot.amcl]: Message Filter dropping message: frame 'robot_top_3d_laser_link' at time 1789741274.762 for reason 'the timestamp on the message is earlier than all the data in the transform cache'[0m
[amcl-1] [0m[INFO] [1789741275.565871667] [robot.amcl]: Message Filter dropping message: frame 'robot_top_3d_laser_link' at time 1789741275.062 for reason 'the timestamp on the message is earlier than all the data in the transform cache'[0m
[amcl-1] [0m[INFO] [1789741275.666241413] [robot.amcl]: Message Filter dropping message: frame 'robot_top_3d_laser_link' at time 1789741275.162 for reason 'the timestamp on the message is earlier than all the data in the transform cache'[0m
[amcl-1] [0m[INFO] [1789741275.766028145] [robot.amcl]: Message Filter dropping message: frame 'robot_top_3d_laser_link' at time 1789741275.262 for reason 'the timestamp on the message is earlier than all the data in the transform cache'[0m
[amcl-1] [0m[INFO] [1789741277.670852954] [robot.amcl]: Message Filter dropping message: frame 'robot_top_3d_laser_link' at time 1789741277.162 for reason 'the timestamp on the message is earlier than all the data in the transform cache'[0m
[amcl-1] [0m[INFO] [1789741277.765968512] [robot.amcl]: Message Filter dropping message: frame 'robot_top_3d_laser_link' at time 1789741277.262 for reason 'the timestamp on the message is earlier than all the data in the transform cache'[0m
[amcl-1] [0m[INFO] [1789741277.870427947] [robot.amcl]: Message Filter dropping message: frame 'robot_top_3d_laser_link' at time 1789741277.362 for reason 'the timestamp on the message is earlier than all the data in the transform cache'[0m
[amcl-1] [0m[INFO] [1789741278.170207158] [robot.amcl]: Message Filter dropping message: frame 'robot_top_3d_laser_link' at time 1789741277.662 for reason 'the timestamp on the message is earlier than all the data in the transform cache'[0m
[amcl-1] [0m[INFO] [1789741278.368873727] [robot.amcl]: Message Filter dropping message: frame 'robot_top_3d_laser_link' at time 1789741277.862 for reason 'the timestamp on the message is earlier than all the data in the transform cache'[0m
[amcl-1] [0m[INFO] [1789741279.269065840] [robot.amcl]: Message Filter dropping message: frame 'robot_top_3d_laser_link' at time 1789741278.762 for reason 'the timestamp on the message is earlier than all the data in the transform cache'[0m
[amcl-1] [0m[INFO] [1789741279.366888381] [robot.amcl]: Message Filter dropping message: frame 'robot_top_3d_laser_link' at time 1789741278.862 for reason 'the timestamp on the message is earlier than all the data in the transform cache'[0m
[amcl-1] [0m[INFO] [1789741279.767240688] [robot.amcl]: Message Filter dropping message: frame 'robot_top_3d_laser_link' at time 1789741279.262 for reason 'the timestamp on the message is earlier than all the data in the transform cache'[0m
[amcl-1] [0m[INFO] [1789741287.666577608] [robot.amcl]: Message Filter dropping message: frame 'robot_top_3d_laser_link' at time 1789741287.162 for reason 'the timestamp on the message is earlier than all the data in the transform cache'[0m
[amcl-1] [0m[INFO] [1789741288.166638575] [robot.amcl]: Message Filter dropping message: frame 'robot_top_3d_laser_link' at time 1789741287.662 for reason 'the timestamp on the message is earlier than all the data in the transform cache'[0m
[amcl-1] [0m[INFO] [1789741291.865861925] [robot.amcl]: Message Filter dropping message: frame 'robot_top_3d_laser_link' at time 1789741291.362 for reason 'the timestamp on the message is earlier than all the data in the transform cache'[0m
[amcl-1] [0m[INFO] [1789741291.965742705] [robot.amcl]: Message Filter dropping message: frame 'robot_top_3d_laser_link' at time 1789741291.462 for reason 'the timestamp on the message is earlier than all the data in the transform cache'[0m
[amcl-1] [0m[INFO] [1789741292.066086623] [robot.amcl]: Message Filter dropping message: frame 'robot_top_3d_laser_link' at time 1789741291.562 for reason 'the timestamp on the message is earlier than all the data in the transform cache'[0m
[amcl-1] [0m[INFO] [1789741292.365787733] [robot.amcl]: Message Filter dropping message: frame 'robot_top_3d_laser_link' at time 1789741291.861 for reason 'the timestamp on the message is earlier than all the data in the transform cache'[0m
[amcl-1] [0m[INFO] [1789741292.467124393] [robot.amcl]: Message Filter dropping message: frame 'robot_top_3d_laser_link' at time 1789741291.962 for reason 'the timestamp on the message is earlier than all the data in the transform cache'[0m
[amcl-1] [0m[INFO] [1789741293.266183439] [robot.amcl]: Message Filter dropping message: frame 'robot_top_3d_laser_link' at time 1789741292.762 for reason 'the timestamp on the message is earlier than all the data in the transform cache'[0m
[amcl-1] [0m[INFO] [1789741293.366085159] [robot.amcl]: Message Filter dropping message: frame 'robot_top_3d_laser_link' at time 1789741292.862 for reason 'the timestamp on the message is earlier than all the data in the transform cache'[0m
[amcl-1] [0m[INFO] [1789741293.468004562] [robot.amcl]: Message Filter dropping message: frame 'robot_top_3d_laser_link' at time 1789741292.962 for reason 'the timestamp on the message is earlier than all the data in the transform cache'[0m
[amcl-1] [0m[INFO] [1789741293.568266514] [robot.amcl]: Message Filter dropping message: frame 'robot_top_3d_laser_link' at time 1789741293.062 for reason 'the timestamp on the message is earlier than all the data in the transform cache'[0m
[amcl-1] [0m[INFO] [1789741293.965938168] [robot.amcl]: Message Filter dropping message: frame 'robot_top_3d_laser_link' at time 1789741293.462 for reason 'the timestamp on the message is earlier than all the data in the transform cache'[0m
[amcl-1] [0m[INFO] [1789741294.066026241] [robot.amcl]: Message Filter dropping message: frame 'robot_top_3d_laser_link' at time 1789741293.562 for reason 'the timestamp on the message is earlier than all the data in the transform cache'[0m
[amcl-1] [0m[INFO] [1789741306.467968599] [robot.amcl]: Message Filter dropping message: frame 'robot_top_3d_laser_link' at time 1789741305.961 for reason 'the timestamp on the message is earlier than all the data in the transform cache'[0m
[amcl-1] [0m[INFO] [1789741306.769104728] [robot.amcl]: Message Filter dropping message: frame 'robot_top_3d_laser_link' at time 1789741306.261 for reason 'the timestamp on the message is earlier than all the data in the transform cache'[0m
[amcl-1] [0m[INFO] [1789741306.890204456] [robot.amcl]: Message Filter dropping message: frame 'robot_top_3d_laser_link' at time 1789741306.361 for reason 'the timestamp on the message is earlier than all the data in the transform cache'[0m
[amcl-1] [0m[INFO] [1789741307.265667891] [robot.amcl]: Message Filter dropping message: frame 'robot_top_3d_laser_link' at time 1789741306.761 for reason 'the timestamp on the message is earlier than all the data in the transform cache'[0m
[amcl-1] [0m[INFO] [1789741307.366213600] [robot.amcl]: Message Filter dropping message: frame 'robot_top_3d_laser_link' at time 1789741306.861 for reason 'the timestamp on the message is earlier than all the data in the transform cache'[0m
[amcl-1] [0m[INFO] [1789741310.566226178] [robot.amcl]: Message Filter dropping message: frame 'robot_top_3d_laser_link' at time 1789741310.061 for reason 'the timestamp on the message is earlier than all the data in the transform cache'[0m
[amcl-1] [0m[INFO] [1789741310.665531448] [robot.amcl]: Message Filter dropping message: frame 'robot_top_3d_laser_link' at time 1789741310.161 for reason 'the timestamp on the message is earlier than all the data in the transform cache'[0m
[amcl-1] [0m[INFO] [1789741315.264944720] [robot.amcl]: Message Filter dropping message: frame 'robot_top_3d_laser_link' at time 1789741314.761 for reason 'the timestamp on the message is earlier than all the data in the transform cache'[0m
[amcl-1] [0m[INFO] [1789741315.365981053] [robot.amcl]: Message Filter dropping message: frame 'robot_top_3d_laser_link' at time 1789741314.861 for reason 'the timestamp on the message is earlier than all the data in the transform cache'[0m
[amcl-1] [0m[INFO] [1789741315.665198375] [robot.amcl]: Message Filter dropping message: frame 'robot_top_3d_laser_link' at time 1789741315.161 for reason 'the timestamp on the message is earlier than all the data in the transform cache'[0m
[amcl-1] [0m[INFO] [1789741315.765547336] [robot.amcl]: Message Filter dropping message: frame 'robot_top_3d_laser_link' at time 1789741315.261 for reason 'the timestamp on the message is earlier than all the data in the transform cache'[0m
[amcl-1] [0m[INFO] [1789741323.266986689] [robot.amcl]: Message Filter dropping message: frame 'robot_top_3d_laser_link' at time 1789741322.761 for reason 'the timestamp on the message is earlier than all the data in the transform cache'[0m
[amcl-1] [0m[INFO] [1789741323.366441635] [robot.amcl]: Message Filter dropping message: frame 'robot_top_3d_laser_link' at time 1789741322.861 for reason 'the timestamp on the message is earlier than all the data in the transform cache'[0m
[amcl-1] [0m[INFO] [1789741323.766958601] [robot.amcl]: Message Filter dropping message: frame 'robot_top_3d_laser_link' at time 1789741323.261 for reason 'the timestamp on the message is earlier than all the data in the transform cache'[0m
[amcl-1] [0m[INFO] [1789741324.370343366] [robot.amcl]: Message Filter dropping message: frame 'robot_top_3d_laser_link' at time 1789741323.861 for reason 'the timestamp on the message is earlier than all the data in the transform cache'[0m
[amcl-1] [0m[INFO] [1789741324.468517215] [robot.amcl]: Message Filter dropping message: frame 'robot_top_3d_laser_link' at time 1789741323.961 for reason 'the timestamp on the message is earlier than all the data in the transform cache'[0m
[amcl-1] [0m[INFO] [1789741324.567527426] [robot.amcl]: Message Filter dropping message: frame 'robot_top_3d_laser_link' at time 1789741324.061 for reason 'the timestamp on the message is earlier than all the data in the transform cache'[0m
[amcl-1] [0m[INFO] [1789741324.667006099] [robot.amcl]: Message Filter dropping message: frame 'robot_top_3d_laser_link' at time 1789741324.161 for reason 'the timestamp on the message is earlier than all the data in the transform cache'[0m
[amcl-1] [0m[INFO] [1789741324.966008893] [robot.amcl]: Message Filter dropping message: frame 'robot_top_3d_laser_link' at time 1789741324.461 for reason 'the timestamp on the message is earlier than all the data in the transform cache'[0m
[amcl-1] [0m[INFO] [1789741325.066823375] [robot.amcl]: Message Filter dropping message: frame 'robot_top_3d_laser_link' at time 1789741324.561 for reason 'the timestamp on the message is earlier than all the data in the transform cache'[0m
[amcl-1] [0m[INFO] [1789741325.167014227] [robot.amcl]: Message Filter dropping message: frame 'robot_top_3d_laser_link' at time 1789741324.661 for reason 'the timestamp on the message is earlier than all the data in the transform cache'[0m
[amcl-1] [0m[INFO] [1789741326.265629258] [robot.amcl]: Message Filter dropping message: frame 'robot_top_3d_laser_link' at time 1789741325.761 for reason 'the timestamp on the message is earlier than all the data in the transform cache'[0m
[amcl-1] [0m[INFO] [1789741326.365433460] [robot.amcl]: Message Filter dropping message: frame 'robot_top_3d_laser_link' at time 1789741325.861 for reason 'the timestamp on the message is earlier than all the data in the transform cache'[0m
[amcl-1] [0m[INFO] [1789741330.964749370] [robot.amcl]: Message Filter dropping message: frame 'robot_top_3d_laser_link' at time 1789741330.461 for reason 'the timestamp on the message is earlier than all the data in the transform cache'[0m
[amcl-1] [0m[INFO] [1789741331.064866935] [robot.amcl]: Message Filter dropping message: frame 'robot_top_3d_laser_link' at time 1789741330.561 for reason 'the timestamp on the message is earlier than all the data in the transform cache'[0m
[amcl-1] [0m[INFO] [1789741331.365046542] [robot.amcl]: Message Filter dropping message: frame 'robot_top_3d_laser_link' at time 1789741330.861 for reason 'the timestamp on the message is earlier than all the data in the transform cache'[0m
[amcl-1] [0m[INFO] [1789741331.564839339] [robot.amcl]: Message Filter dropping message: frame 'robot_top_3d_laser_link' at time 1789741331.061 for reason 'the timestamp on the message is earlier than all the data in the transform cache'[0m
[amcl-1] [0m[INFO] [1789741339.666412259] [robot.amcl]: Message Filter dropping message: frame 'robot_top_3d_laser_link' at time 1789741339.160 for reason 'the timestamp on the message is earlier than all the data in the transform cache'[0m
[amcl-1] [0m[INFO] [1789741339.765257587] [robot.amcl]: Message Filter dropping message: frame 'robot_top_3d_laser_link' at time 1789741339.260 for reason 'the timestamp on the message is earlier than all the data in the transform cache'[0m
[amcl-1] [0m[INFO] [1789741339.864336431] [robot.amcl]: Message Filter dropping message: frame 'robot_top_3d_laser_link' at time 1789741339.360 for reason 'the timestamp on the message is earlier than all the data in the transform cache'[0m
[amcl-1] [0m[INFO] [1789741339.964572836] [robot.amcl]: Message Filter dropping message: frame 'robot_top_3d_laser_link' at time 1789741339.460 for reason 'the timestamp on the message is earlier than all the data in the transform cache'[0m
[amcl-1] [0m[INFO] [1789741340.064331948] [robot.amcl]: Message Filter dropping message: frame 'robot_top_3d_laser_link' at time 1789741339.560 for reason 'the timestamp on the message is earlier than all the data in the transform cache'[0m
[amcl-1] [0m[INFO] [1789741340.364848976] [robot.amcl]: Message Filter dropping message: frame 'robot_top_3d_laser_link' at time 1789741339.860 for reason 'the timestamp on the message is earlier than all the data in the transform cache'[0m
[amcl-1] [0m[INFO] [1789741340.466019891] [robot.amcl]: Message Filter dropping message: frame 'robot_top_3d_laser_link' at time 1789741339.961 for reason 'the timestamp on the message is earlier than all the data in the transform cache'[0m
[amcl-1] [0m[INFO] [1789741340.864097410] [robot.amcl]: Message Filter dropping message: frame 'robot_top_3d_laser_link' at time 1789741340.360 for reason 'the timestamp on the message is earlier than all the data in the transform cache'[0m
[amcl-1] [0m[INFO] [1789741342.565277117] [robot.amcl]: Message Filter dropping message: frame 'robot_top_3d_laser_link' at time 1789741342.060 for reason 'the timestamp on the message is earlier than all the data in the transform cache'[0m
[amcl-1] [0m[INFO] [1789741342.666005010] [robot.amcl]: Message Filter dropping message: frame 'robot_top_3d_laser_link' at time 1789741342.160 for reason 'the timestamp on the message is earlier than all the data in the transform cache'[0m
[amcl-1] [0m[INFO] [1789741342.766184885] [robot.amcl]: Message Filter dropping message: frame 'robot_top_3d_laser_link' at time 1789741342.260 for reason 'the timestamp on the message is earlier than all the data in the transform cache'[0m
[amcl-1] [0m[INFO] [1789741342.865345049] [robot.amcl]: Message Filter dropping message: frame 'robot_top_3d_laser_link' at time 1789741342.360 for reason 'the timestamp on the message is earlier than all the data in the transform cache'[0m
[amcl-1] [0m[INFO] [1789741342.965610044] [robot.amcl]: Message Filter dropping message: frame 'robot_top_3d_laser_link' at time 1789741342.460 for reason 'the timestamp on the message is earlier than all the data in the transform cache'[0m
[amcl-1] [0m[INFO] [1789741343.065737295] [robot.amcl]: Message Filter dropping message: frame 'robot_top_3d_laser_link' at time 1789741342.560 for reason 'the timestamp on the message is earlier than all the data in the transform cache'[0m
[amcl-1] [0m[INFO] [1789741343.165882607] [robot.amcl]: Message Filter dropping message: frame 'robot_top_3d_laser_link' at time 1789741342.660 for reason 'the timestamp on the message is earlier than all the data in the transform cache'[0m
[amcl-1] [0m[INFO] [1789741343.266390543] [robot.amcl]: Message Filter dropping message: frame 'robot_top_3d_laser_link' at time 1789741342.760 for reason 'the timestamp on the message is earlier than all the data in the transform cache'[0m
[amcl-1] [0m[INFO] [1789741343.365759651] [robot.amcl]: Message Filter dropping message: frame 'robot_top_3d_laser_link' at time 1789741342.860 for reason 'the timestamp on the message is earlier than all the data in the transform cache'[0m
[amcl-1] [0m[INFO] [1789741343.465160703] [robot.amcl]: Message Filter dropping message: frame 'robot_top_3d_laser_link' at time 1789741342.960 for reason 'the timestamp on the message is earlier than all the data in the transform cache'[0m
[amcl-1] [0m[INFO] [1789741343.565404583] [robot.amcl]: Message Filter dropping message: frame 'robot_top_3d_laser_link' at time 1789741343.060 for reason 'the timestamp on the message is earlier than all the data in the transform cache'[0m
[amcl-1] [0m[INFO] [1789741343.765065928] [robot.amcl]: Message Filter dropping message: frame 'robot_top_3d_laser_link' at time 1789741343.260 for reason 'the timestamp on the message is earlier than all the data in the transform cache'[0m
[amcl-1] [0m[INFO] [1789741343.865166058] [robot.amcl]: Message Filter dropping message: frame 'robot_top_3d_laser_link' at time 1789741343.360 for reason 'the timestamp on the message is earlier than all the data in the transform cache'[0m
[amcl-1] [0m[INFO] [1789741343.965178572] [robot.amcl]: Message Filter dropping message: frame 'robot_top_3d_laser_link' at time 1789741343.460 for reason 'the timestamp on the message is earlier than all the data in the transform cache'[0m
[amcl-1] [0m[INFO] [1789741344.065187059] [robot.amcl]: Message Filter dropping message: frame 'robot_top_3d_laser_link' at time 1789741343.560 for reason 'the timestamp on the message is earlier than all the data in the transform cache'[0m
[amcl-1] [0m[INFO] [1789741348.565332996] [robot.amcl]: Message Filter dropping message: frame 'robot_top_3d_laser_link' at time 1789741348.060 for reason 'the timestamp on the message is earlier than all the data in the transform cache'[0m
[amcl-1] [0m[INFO] [1789741348.664421506] [robot.amcl]: Message Filter dropping message: frame 'robot_top_3d_laser_link' at time 1789741348.160 for reason 'the timestamp on the message is earlier than all the data in the transform cache'[0m
[amcl-1] [0m[INFO] [1789741348.765864272] [robot.amcl]: Message Filter dropping message: frame 'robot_top_3d_laser_link' at time 1789741348.260 for reason 'the timestamp on the message is earlier than all the data in the transform cache'[0m
[amcl-1] [0m[INFO] [1789741348.866045926] [robot.amcl]: Message Filter dropping message: frame 'robot_top_3d_laser_link' at time 1789741348.360 for reason 'the timestamp on the message is earlier than all the data in the transform cache'[0m
[amcl-1] [0m[INFO] [1789741348.964584990] [robot.amcl]: Message Filter dropping message: frame 'robot_top_3d_laser_link' at time 1789741348.460 for reason 'the timestamp on the message is earlier than all the data in the transform cache'[0m
[amcl-1] [0m[INFO] [1789741349.064675711] [robot.amcl]: Message Filter dropping message: frame 'robot_top_3d_laser_link' at time 1789741348.560 for reason 'the timestamp on the message is earlier than all the data in the transform cache'[0m
[amcl-1] [0m[INFO] [1789741349.265004405] [robot.amcl]: Message Filter dropping message: frame 'robot_top_3d_laser_link' at time 1789741348.760 for reason 'the timestamp on the message is earlier than all the data in the transform cache'[0m
[amcl-1] [0m[INFO] [1789741349.364502146] [robot.amcl]: Message Filter dropping message: frame 'robot_top_3d_laser_link' at time 1789741348.860 for reason 'the timestamp on the message is earlier than all the data in the transform cache'[0m
[amcl-1] [0m[INFO] [1789741352.964594188] [robot.amcl]: Message Filter dropping message: frame 'robot_top_3d_laser_link' at time 1789741352.460 for reason 'the timestamp on the message is earlier than all the data in the transform cache'[0m
[amcl-1] [0m[INFO] [1789741353.169272327] [robot.amcl]: Message Filter dropping message: frame 'robot_top_3d_laser_link' at time 1789741352.660 for reason 'the timestamp on the message is earlier than all the data in the transform cache'[0m
[amcl-1] [0m[INFO] [1789741362.064032744] [robot.amcl]: Message Filter dropping message: frame 'robot_top_3d_laser_link' at time 1789741361.560 for reason 'the timestamp on the message is earlier than all the data in the transform cache'[0m
[amcl-1] [0m[INFO] [1789741362.163814920] [robot.amcl]: Message Filter dropping message: frame 'robot_top_3d_laser_link' at time 1789741361.660 for reason 'the timestamp on the message is earlier than all the data in the transform cache'[0m
[amcl-1] [0m[INFO] [1789741362.263874194] [robot.amcl]: Message Filter dropping message: frame 'robot_top_3d_laser_link' at time 1789741361.760 for reason 'the timestamp on the message is earlier than all the data in the transform cache'[0m
[amcl-1] [0m[INFO] [1789741362.563770522] [robot.amcl]: Message Filter dropping message: frame 'robot_top_3d_laser_link' at time 1789741362.060 for reason 'the timestamp on the message is earlier than all the data in the transform cache'[0m
[amcl-1] [0m[INFO] [1789741362.663849833] [robot.amcl]: Message Filter dropping message: frame 'robot_top_3d_laser_link' at time 1789741362.160 for reason 'the timestamp on the message is earlier than all the data in the transform cache'[0m
[amcl-1] [0m[INFO] [1789741363.063568430] [robot.amcl]: Message Filter dropping message: frame 'robot_top_3d_laser_link' at time 1789741362.560 for reason 'the timestamp on the message is earlier than all the data in the transform cache'[0m
[amcl-1] [0m[INFO] [1789741363.163242180] [robot.amcl]: Message Filter dropping message: frame 'robot_top_3d_laser_link' at time 1789741362.660 for reason 'the timestamp on the message is earlier than all the data in the transform cache'[0m
[amcl-1] [0m[INFO] [1789741363.264337670] [robot.amcl]: Message Filter dropping message: frame 'robot_top_3d_laser_link' at time 1789741362.760 for reason 'the timestamp on the message is earlier than all the data in the transform cache'[0m
[amcl-1] [0m[INFO] [1789741363.368806115] [robot.amcl]: Message Filter dropping message: frame 'robot_top_3d_laser_link' at time 1789741362.860 for reason 'the timestamp on the message is earlier than all the data in the transform cache'[0m
[amcl-1] [0m[INFO] [1789741363.469194574] [robot.amcl]: Message Filter dropping message: frame 'robot_top_3d_laser_link' at time 1789741362.960 for reason 'the timestamp on the message is earlier than all the data in the transform cache'[0m
[amcl-1] [0m[INFO] [1789741363.878282066] [robot.amcl]: Message Filter dropping message: frame 'robot_top_3d_laser_link' at time 1789741363.360 for reason 'the timestamp on the message is earlier than all the data in the transform cache'[0m
[amcl-1] [0m[INFO] [1789741368.164189135] [robot.amcl]: Message Filter dropping message: frame 'robot_top_3d_laser_link' at time 1789741367.660 for reason 'the timestamp on the message is earlier than all the data in the transform cache'[0m
[amcl-1] [0m[INFO] [1789741368.267824384] [robot.amcl]: Message Filter dropping message: frame 'robot_top_3d_laser_link' at time 1789741367.760 for reason 'the timestamp on the message is earlier than all the data in the transform cache'[0m
[amcl-1] [0m[INFO] [1789741368.366338389] [robot.amcl]: Message Filter dropping message: frame 'robot_top_3d_laser_link' at time 1789741367.860 for reason 'the timestamp on the message is earlier than all the data in the transform cache'[0m
[amcl-1] [0m[INFO] [1789741372.364219618] [robot.amcl]: Message Filter dropping message: frame 'robot_top_3d_laser_link' at time 1789741371.860 for reason 'the timestamp on the message is earlier than all the data in the transform cache'[0m
[amcl-1] [0m[INFO] [1789741372.564095529] [robot.amcl]: Message Filter dropping message: frame 'robot_top_3d_laser_link' at time 1789741372.059 for reason 'the timestamp on the message is earlier than all the data in the transform cache'[0m
[amcl-1] [0m[INFO] [1789741374.463251338] [robot.amcl]: Message Filter dropping message: frame 'robot_top_3d_laser_link' at time 1789741373.959 for reason 'the timestamp on the message is earlier than all the data in the transform cache'[0m
[amcl-1] [0m[INFO] [1789741374.563758820] [robot.amcl]: Message Filter dropping message: frame 'robot_top_3d_laser_link' at time 1789741374.060 for reason 'the timestamp on the message is earlier than all the data in the transform cache'[0m
[amcl-1] [0m[INFO] [1789741374.663831409] [robot.amcl]: Message Filter dropping message: frame 'robot_top_3d_laser_link' at time 1789741374.159 for reason 'the timestamp on the message is earlier than all the data in the transform cache'[0m
[amcl-1] [0m[INFO] [1789741374.763834086] [robot.amcl]: Message Filter dropping message: frame 'robot_top_3d_laser_link' at time 1789741374.259 for reason 'the timestamp on the message is earlier than all the data in the transform cache'[0m
[amcl-1] [0m[INFO] [1789741374.863741522] [robot.amcl]: Message Filter dropping message: frame 'robot_top_3d_laser_link' at time 1789741374.359 for reason 'the timestamp on the message is earlier than all the data in the transform cache'[0m
[amcl-1] [0m[INFO] [1789741374.963728308] [robot.amcl]: Message Filter dropping message: frame 'robot_top_3d_laser_link' at time 1789741374.459 for reason 'the timestamp on the message is earlier than all the data in the transform cache'[0m
[amcl-1] [0m[INFO] [1789741375.064035872] [robot.amcl]: Message Filter dropping message: frame 'robot_top_3d_laser_link' at time 1789741374.560 for reason 'the timestamp on the message is earlier than all the data in the transform cache'[0m
[amcl-1] [0m[INFO] [1789741375.164058719] [robot.amcl]: Message Filter dropping message: frame 'robot_top_3d_laser_link' at time 1789741374.660 for reason 'the timestamp on the message is earlier than all the data in the transform cache'[0m
[amcl-1] [0m[INFO] [1789741375.263445175] [robot.amcl]: Message Filter dropping message: frame 'robot_top_3d_laser_link' at time 1789741374.760 for reason 'the timestamp on the message is earlier than all the data in the transform cache'[0m
[amcl-1] [0m[INFO] [1789741375.364339243] [robot.amcl]: Message Filter dropping message: frame 'robot_top_3d_laser_link' at time 1789741374.860 for reason 'the timestamp on the message is earlier than all the data in the transform cache'[0m
[amcl-1] [0m[INFO] [1789741375.465349195] [robot.amcl]: Message Filter dropping message: frame 'robot_top_3d_laser_link' at time 1789741374.959 for reason 'the timestamp on the message is earlier than all the data in the transform cache'[0m
[amcl-1] [0m[INFO] [1789741375.663493181] [robot.amcl]: Message Filter dropping message: frame 'robot_top_3d_laser_link' at time 1789741375.160 for reason 'the timestamp on the message is earlier than all the data in the transform cache'[0m
[amcl-1] [0m[INFO] [1789741377.663102779] [robot.amcl]: Message Filter dropping message: frame 'robot_top_3d_laser_link' at time 1789741377.159 for reason 'the timestamp on the message is earlier than all the data in the transform cache'[0m
[amcl-1] [0m[INFO] [1789741378.063298282] [robot.amcl]: Message Filter dropping message: frame 'robot_top_3d_laser_link' at time 1789741377.560 for reason 'the timestamp on the message is earlier than all the data in the transform cache'[0m
[amcl-1] [0m[INFO] [1789741378.763399970] [robot.amcl]: Message Filter dropping message: frame 'robot_top_3d_laser_link' at time 1789741378.260 for reason 'the timestamp on the message is earlier than all the data in the transform cache'[0m
[amcl-1] [0m[INFO] [1789741379.166577338] [robot.amcl]: Message Filter dropping message: frame 'robot_top_3d_laser_link' at time 1789741378.659 for reason 'the timestamp on the message is earlier than all the data in the transform cache'[0m
[amcl-1] [0m[INFO] [1789741732.457362907] [robot.amcl]: createLaserObject[0m
[amcl-1] [0m[INFO] [1789741733.755013105] [robot.amcl]: createLaserObject[0m
[amcl-1] [0m[INFO] [1789741735.061751569] [robot.amcl]: createLaserObject[0m
[amcl-1] [0m[INFO] [1789741736.253932831] [robot.amcl]: createLaserObject[0m
[amcl-1] [0m[INFO] [1789742067.444478015] [robot.amcl]: Message Filter dropping message: frame 'robot_top_3d_laser_link' at time 1789742066.940 for reason 'the timestamp on the message is earlier than all the data in the transform cache'[0m
[amcl-1] [0m[INFO] [1789742178.138046181] [robot.amcl]: initialPoseReceived[0m
[amcl-1] [33m[WARN] [1789742178.138143717] [robot.amcl]: Failed to transform initial pose in time (Lookup would require extrapolation into the future.  Requested time 1789742178.138093 but the latest data is at time 1789742178.123598, when looking up transform from frame [robot_base_footprint] to frame [robot_odom])[0m
[amcl-1] [0m[INFO] [1789742178.138163969] [robot.amcl]: Setting pose (1789742178.138164): -0.019 0.018 -0.026[0m
[amcl-1] [0m[INFO] [1789742178.638918898] [robot.amcl]: initialPoseReceived[0m
[amcl-1] [33m[WARN] [1789742178.639380929] [robot.amcl]: Failed to transform initial pose in time (Lookup would require extrapolation into the future.  Requested time 1789742178.639229 but the latest data is at time 1789742178.636421, when looking up transform from frame [robot_base_footprint] to frame [robot_odom])[0m
[amcl-1] [0m[INFO] [1789742178.639544775] [robot.amcl]: Setting pose (1789742178.639544): -0.019 0.018 -0.026[0m
[amcl-1] [0m[INFO] [1789742179.139954915] [robot.amcl]: initialPoseReceived[0m
[amcl-1] [33m[WARN] [1789742179.140227057] [robot.amcl]: Failed to transform initial pose in time (Lookup would require extrapolation into the future.  Requested time 1789742179.140011 but the latest data is at time 1789742179.130642, when looking up transform from frame [robot_base_footprint] to frame [robot_odom])[0m
[amcl-1] [0m[INFO] [1789742179.140255657] [robot.amcl]: Setting pose (1789742179.140256): -0.019 0.018 -0.026[0m
[amcl-1] [0m[INFO] [1789742419.937871464] [robot.amcl]: Message Filter dropping message: frame 'robot_top_3d_laser_link' at time 1789742419.431 for reason 'the timestamp on the message is earlier than all the data in the transform cache'[0m
[amcl-1] [0m[INFO] [1789742420.434874355] [robot.amcl]: Message Filter dropping message: frame 'robot_top_3d_laser_link' at time 1789742419.931 for reason 'the timestamp on the message is earlier than all the data in the transform cache'[0m
[amcl-1] [0m[INFO] [1789742421.034965941] [robot.amcl]: Message Filter dropping message: frame 'robot_top_3d_laser_link' at time 1789742420.531 for reason 'the timestamp on the message is earlier than all the data in the transform cache'[0m
[amcl-1] [0m[INFO] [1789742421.534686852] [robot.amcl]: Message Filter dropping message: frame 'robot_top_3d_laser_link' at time 1789742421.031 for reason 'the timestamp on the message is earlier than all the data in the transform cache'[0m
[amcl-1] [0m[INFO] [1789742435.934709838] [robot.amcl]: Message Filter dropping message: frame 'robot_top_3d_laser_link' at time 1789742435.430 for reason 'the timestamp on the message is earlier than all the data in the transform cache'[0m
[amcl-1] [0m[INFO] [1789742436.034786029] [robot.amcl]: Message Filter dropping message: frame 'robot_top_3d_laser_link' at time 1789742435.530 for reason 'the timestamp on the message is earlier than all the data in the transform cache'[0m
[amcl-1] [0m[INFO] [1789742436.435042247] [robot.amcl]: Message Filter dropping message: frame 'robot_top_3d_laser_link' at time 1789742435.930 for reason 'the timestamp on the message is earlier than all the data in the transform cache'[0m
[amcl-1] [0m[INFO] [1789742437.034974833] [robot.amcl]: Message Filter dropping message: frame 'robot_top_3d_laser_link' at time 1789742436.530 for reason 'the timestamp on the message is earlier than all the data in the transform cache'[0m
[amcl-1] [0m[INFO] [1789742437.135028383] [robot.amcl]: Message Filter dropping message: frame 'robot_top_3d_laser_link' at time 1789742436.630 for reason 'the timestamp on the message is earlier than all the data in the transform cache'[0m
[amcl-1] [0m[INFO] [1789742437.234922724] [robot.amcl]: Message Filter dropping message: frame 'robot_top_3d_laser_link' at time 1789742436.730 for reason 'the timestamp on the message is earlier than all the data in the transform cache'[0m
[amcl-1] [0m[INFO] [1789742437.334634438] [robot.amcl]: Message Filter dropping message: frame 'robot_top_3d_laser_link' at time 1789742436.830 for reason 'the timestamp on the message is earlier than all the data in the transform cache'[0m
[amcl-1] [0m[INFO] [1789742437.434537261] [robot.amcl]: Message Filter dropping message: frame 'robot_top_3d_laser_link' at time 1789742436.930 for reason 'the timestamp on the message is earlier than all the data in the transform cache'[0m
[amcl-1] [0m[INFO] [1789742437.535297968] [robot.amcl]: Message Filter dropping message: frame 'robot_top_3d_laser_link' at time 1789742437.030 for reason 'the timestamp on the message is earlier than all the data in the transform cache'[0m
[amcl-1] [0m[INFO] [1789742437.634729554] [robot.amcl]: Message Filter dropping message: frame 'robot_top_3d_laser_link' at time 1789742437.130 for reason 'the timestamp on the message is earlier than all the data in the transform cache'[0m
[amcl-1] [0m[INFO] [1789742437.734427710] [robot.amcl]: Message Filter dropping message: frame 'robot_top_3d_laser_link' at time 1789742437.230 for reason 'the timestamp on the message is earlier than all the data in the transform cache'[0m
[amcl-1] [0m[INFO] [1789742437.834448991] [robot.amcl]: Message Filter dropping message: frame 'robot_top_3d_laser_link' at time 1789742437.330 for reason 'the timestamp on the message is earlier than all the data in the transform cache'[0m
[amcl-1] [0m[INFO] [1789742437.934720736] [robot.amcl]: Message Filter dropping message: frame 'robot_top_3d_laser_link' at time 1789742437.430 for reason 'the timestamp on the message is earlier than all the data in the transform cache'[0m
[amcl-1] [0m[INFO] [1789742438.134580125] [robot.amcl]: Message Filter dropping message: frame 'robot_top_3d_laser_link' at time 1789742437.630 for reason 'the timestamp on the message is earlier than all the data in the transform cache'[0m
[amcl-1] [0m[INFO] [1789742451.333428485] [robot.amcl]: Message Filter dropping message: frame 'robot_top_3d_laser_link' at time 1789742450.830 for reason 'the timestamp on the message is earlier than all the data in the transform cache'[0m
[amcl-1] [0m[INFO] [1789742451.433890457] [robot.amcl]: Message Filter dropping message: frame 'robot_top_3d_laser_link' at time 1789742450.930 for reason 'the timestamp on the message is earlier than all the data in the transform cache'[0m
[amcl-1] [0m[INFO] [1789742451.533201582] [robot.amcl]: Message Filter dropping message: frame 'robot_top_3d_laser_link' at time 1789742451.030 for reason 'the timestamp on the message is earlier than all the data in the transform cache'[0m
[amcl-1] [0m[INFO] [1789742451.633160759] [robot.amcl]: Message Filter dropping message: frame 'robot_top_3d_laser_link' at time 1789742451.130 for reason 'the timestamp on the message is earlier than all the data in the transform cache'[0m
[amcl-1] [0m[INFO] [1789742451.734560817] [robot.amcl]: Message Filter dropping message: frame 'robot_top_3d_laser_link' at time 1789742451.230 for reason 'the timestamp on the message is earlier than all the data in the transform cache'[0m
[amcl-1] [0m[INFO] [1789742451.835306605] [robot.amcl]: Message Filter dropping message: frame 'robot_top_3d_laser_link' at time 1789742451.330 for reason 'the timestamp on the message is earlier than all the data in the transform cache'[0m
[amcl-1] [0m[INFO] [1789742451.934689944] [robot.amcl]: Message Filter dropping message: frame 'robot_top_3d_laser_link' at time 1789742451.430 for reason 'the timestamp on the message is earlier than all the data in the transform cache'[0m
[amcl-1] [0m[INFO] [1789742452.133174092] [robot.amcl]: Message Filter dropping message: frame 'robot_top_3d_laser_link' at time 1789742451.630 for reason 'the timestamp on the message is earlier than all the data in the transform cache'[0m
[amcl-1] [0m[INFO] [1789742452.233293062] [robot.amcl]: Message Filter dropping message: frame 'robot_top_3d_laser_link' at time 1789742451.730 for reason 'the timestamp on the message is earlier than all the data in the transform cache'[0m
[amcl-1] [0m[INFO] [1789742674.731942215] [robot.amcl]: Message Filter dropping message: frame 'robot_top_3d_laser_link' at time 1789742674.224 for reason 'the timestamp on the message is earlier than all the data in the transform cache'[0m
[amcl-1] [0m[INFO] [1789742675.028875831] [robot.amcl]: Message Filter dropping message: frame 'robot_top_3d_laser_link' at time 1789742674.524 for reason 'the timestamp on the message is earlier than all the data in the transform cache'[0m
[amcl-1] [0m[INFO] [1789742675.128981625] [robot.amcl]: Message Filter dropping message: frame 'robot_top_3d_laser_link' at time 1789742674.624 for reason 'the timestamp on the message is earlier than all the data in the transform cache'[0m
[amcl-1] [0m[INFO] [1789742679.629218739] [robot.amcl]: Message Filter dropping message: frame 'robot_top_3d_laser_link' at time 1789742679.124 for reason 'the timestamp on the message is earlier than all the data in the transform cache'[0m
[amcl-1] [0m[INFO] [1789742680.128826524] [robot.amcl]: Message Filter dropping message: frame 'robot_top_3d_laser_link' at time 1789742679.623 for reason 'the timestamp on the message is earlier than all the data in the transform cache'[0m
[amcl-1] [0m[INFO] [1789742683.528521799] [robot.amcl]: Message Filter dropping message: frame 'robot_top_3d_laser_link' at time 1789742683.023 for reason 'the timestamp on the message is earlier than all the data in the transform cache'[0m
[amcl-1] [0m[INFO] [1789742684.027748751] [robot.amcl]: Message Filter dropping message: frame 'robot_top_3d_laser_link' at time 1789742683.524 for reason 'the timestamp on the message is earlier than all the data in the transform cache'[0m
[amcl-1] [0m[INFO] [1789742687.327422495] [robot.amcl]: Message Filter dropping message: frame 'robot_top_3d_laser_link' at time 1789742686.823 for reason 'the timestamp on the message is earlier than all the data in the transform cache'[0m
[amcl-1] [0m[INFO] [1789742687.431405000] [robot.amcl]: Message Filter dropping message: frame 'robot_top_3d_laser_link' at time 1789742686.923 for reason 'the timestamp on the message is earlier than all the data in the transform cache'[0m
[amcl-1] [0m[INFO] [1789742687.726680018] [robot.amcl]: Message Filter dropping message: frame 'robot_top_3d_laser_link' at time 1789742687.223 for reason 'the timestamp on the message is earlier than all the data in the transform cache'[0m
[amcl-1] [0m[INFO] [1789742687.833136432] [robot.amcl]: Message Filter dropping message: frame 'robot_top_3d_laser_link' at time 1789742687.323 for reason 'the timestamp on the message is earlier than all the data in the transform cache'[0m
[amcl-1] [0m[INFO] [1789742688.132171280] [robot.amcl]: Message Filter dropping message: frame 'robot_top_3d_laser_link' at time 1789742687.623 for reason 'the timestamp on the message is earlier than all the data in the transform cache'[0m
[amcl-1] [0m[INFO] [1789742695.027287466] [robot.amcl]: Message Filter dropping message: frame 'robot_top_3d_laser_link' at time 1789742694.523 for reason 'the timestamp on the message is earlier than all the data in the transform cache'[0m
[amcl-1] [0m[INFO] [1789742695.127377556] [robot.amcl]: Message Filter dropping message: frame 'robot_top_3d_laser_link' at time 1789742694.623 for reason 'the timestamp on the message is earlier than all the data in the transform cache'[0m
[amcl-1] [0m[INFO] [1789742695.227979294] [robot.amcl]: Message Filter dropping message: frame 'robot_top_3d_laser_link' at time 1789742694.723 for reason 'the timestamp on the message is earlier than all the data in the transform cache'[0m
[amcl-1] [0m[INFO] [1789742695.327368349] [robot.amcl]: Message Filter dropping message: frame 'robot_top_3d_laser_link' at time 1789742694.823 for reason 'the timestamp on the message is earlier than all the data in the transform cache'[0m
[amcl-1] [0m[INFO] [1789742695.427300362] [robot.amcl]: Message Filter dropping message: frame 'robot_top_3d_laser_link' at time 1789742694.923 for reason 'the timestamp on the message is earlier than all the data in the transform cache'[0m
[amcl-1] [0m[INFO] [1789742695.527074718] [robot.amcl]: Message Filter dropping message: frame 'robot_top_3d_laser_link' at time 1789742695.023 for reason 'the timestamp on the message is earlier than all the data in the transform cache'[0m
[amcl-1] [0m[INFO] [1789742695.627620631] [robot.amcl]: Message Filter dropping message: frame 'robot_top_3d_laser_link' at time 1789742695.123 for reason 'the timestamp on the message is earlier than all the data in the transform cache'[0m
[amcl-1] [0m[INFO] [1789742695.727498285] [robot.amcl]: Message Filter dropping message: frame 'robot_top_3d_laser_link' at time 1789742695.223 for reason 'the timestamp on the message is earlier than all the data in the transform cache'[0m
[amcl-1] [0m[INFO] [1789742695.827380636] [robot.amcl]: Message Filter dropping message: frame 'robot_top_3d_laser_link' at time 1789742695.323 for reason 'the timestamp on the message is earlier than all the data in the transform cache'[0m
[amcl-1] [0m[INFO] [1789742695.927567101] [robot.amcl]: Message Filter dropping message: frame 'robot_top_3d_laser_link' at time 1789742695.423 for reason 'the timestamp on the message is earlier than all the data in the transform cache'[0m
[amcl-1] [0m[INFO] [1789742696.127541595] [robot.amcl]: Message Filter dropping message: frame 'robot_top_3d_laser_link' at time 1789742695.623 for reason 'the timestamp on the message is earlier than all the data in the transform cache'[0m
[amcl-1] [0m[INFO] [1789742696.227257497] [robot.amcl]: Message Filter dropping message: frame 'robot_top_3d_laser_link' at time 1789742695.723 for reason 'the timestamp on the message is earlier than all the data in the transform cache'[0m
[amcl-1] [0m[INFO] [1789742697.127185363] [robot.amcl]: Message Filter dropping message: frame 'robot_top_3d_laser_link' at time 1789742696.623 for reason 'the timestamp on the message is earlier than all the data in the transform cache'[0m
[amcl-1] [0m[INFO] [1789742697.227202730] [robot.amcl]: Message Filter dropping message: frame 'robot_top_3d_laser_link' at time 1789742696.723 for reason 'the timestamp on the message is earlier than all the data in the transform cache'[0m
[amcl-1] [0m[INFO] [1789742697.327182893] [robot.amcl]: Message Filter dropping message: frame 'robot_top_3d_laser_link' at time 1789742696.823 for reason 'the timestamp on the message is earlier than all the data in the transform cache'[0m
[amcl-1] [0m[INFO] [1789742697.431945815] [robot.amcl]: Message Filter dropping message: frame 'robot_top_3d_laser_link' at time 1789742696.923 for reason 'the timestamp on the message is earlier than all the data in the transform cache'[0m
[amcl-1] [0m[INFO] [1789742697.527815104] [robot.amcl]: Message Filter dropping message: frame 'robot_top_3d_laser_link' at time 1789742697.023 for reason 'the timestamp on the message is earlier than all the data in the transform cache'[0m
[amcl-1] [0m[INFO] [1789742697.627328242] [robot.amcl]: Message Filter dropping message: frame 'robot_top_3d_laser_link' at time 1789742697.123 for reason 'the timestamp on the message is earlier than all the data in the transform cache'[0m
[amcl-1] [0m[INFO] [1789742697.826865377] [robot.amcl]: Message Filter dropping message: frame 'robot_top_3d_laser_link' at time 1789742697.323 for reason 'the timestamp on the message is earlier than all the data in the transform cache'[0m
[amcl-1] [0m[INFO] [1789742697.926806958] [robot.amcl]: Message Filter dropping message: frame 'robot_top_3d_laser_link' at time 1789742697.423 for reason 'the timestamp on the message is earlier than all the data in the transform cache'[0m
[amcl-1] [0m[INFO] [1789742698.026958656] [robot.amcl]: Message Filter dropping message: frame 'robot_top_3d_laser_link' at time 1789742697.523 for reason 'the timestamp on the message is earlier than all the data in the transform cache'[0m
[amcl-1] [0m[INFO] [1789742698.127064889] [robot.amcl]: Message Filter dropping message: frame 'robot_top_3d_laser_link' at time 1789742697.623 for reason 'the timestamp on the message is earlier than all the data in the transform cache'[0m
[amcl-1] [0m[INFO] [1789742703.927183129] [robot.amcl]: Message Filter dropping message: frame 'robot_top_3d_laser_link' at time 1789742703.423 for reason 'the timestamp on the message is earlier than all the data in the transform cache'[0m
[amcl-1] [0m[INFO] [1789742704.326730093] [robot.amcl]: Message Filter dropping message: frame 'robot_top_3d_laser_link' at time 1789742703.823 for reason 'the timestamp on the message is earlier than all the data in the transform cache'[0m
[amcl-1] [0m[INFO] [1789742705.426594981] [robot.amcl]: Message Filter dropping message: frame 'robot_top_3d_laser_link' at time 1789742704.923 for reason 'the timestamp on the message is earlier than all the data in the transform cache'[0m
[amcl-1] [0m[INFO] [1789742705.826177174] [robot.amcl]: Message Filter dropping message: frame 'robot_top_3d_laser_link' at time 1789742705.323 for reason 'the timestamp on the message is earlier than all the data in the transform cache'[0m
[amcl-1] [0m[INFO] [1789742710.927738072] [robot.amcl]: Message Filter dropping message: frame 'robot_top_3d_laser_link' at time 1789742710.423 for reason 'the timestamp on the message is earlier than all the data in the transform cache'[0m
[amcl-1] [0m[INFO] [1789742711.028085246] [robot.amcl]: Message Filter dropping message: frame 'robot_top_3d_laser_link' at time 1789742710.523 for reason 'the timestamp on the message is earlier than all the data in the transform cache'[0m
[amcl-1] [0m[INFO] [1789742711.127908837] [robot.amcl]: Message Filter dropping message: frame 'robot_top_3d_laser_link' at time 1789742710.623 for reason 'the timestamp on the message is earlier than all the data in the transform cache'[0m
[amcl-1] [0m[INFO] [1789742711.428661470] [robot.amcl]: Message Filter dropping message: frame 'robot_top_3d_laser_link' at time 1789742710.923 for reason 'the timestamp on the message is earlier than all the data in the transform cache'[0m
[amcl-1] [0m[INFO] [1789742711.526938661] [robot.amcl]: Message Filter dropping message: frame 'robot_top_3d_laser_link' at time 1789742711.022 for reason 'the timestamp on the message is earlier than all the data in the transform cache'[0m
[amcl-1] [0m[INFO] [1789742711.628511346] [robot.amcl]: Message Filter dropping message: frame 'robot_top_3d_laser_link' at time 1789742711.122 for reason 'the timestamp on the message is earlier than all the data in the transform cache'[0m
[amcl-1] [0m[INFO] [1789742711.727079867] [robot.amcl]: Message Filter dropping message: frame 'robot_top_3d_laser_link' at time 1789742711.223 for reason 'the timestamp on the message is earlier than all the data in the transform cache'[0m
[amcl-1] [0m[INFO] [1789742711.826992076] [robot.amcl]: Message Filter dropping message: frame 'robot_top_3d_laser_link' at time 1789742711.323 for reason 'the timestamp on the message is earlier than all the data in the transform cache'[0m
[amcl-1] [0m[INFO] [1789742711.927082714] [robot.amcl]: Message Filter dropping message: frame 'robot_top_3d_laser_link' at time 1789742711.423 for reason 'the timestamp on the message is earlier than all the data in the transform cache'[0m
[amcl-1] [0m[INFO] [1789742712.127317441] [robot.amcl]: Message Filter dropping message: frame 'robot_top_3d_laser_link' at time 1789742711.622 for reason 'the timestamp on the message is earlier than all the data in the transform cache'[0m
[amcl-1] [0m[INFO] [1789742712.226967403] [robot.amcl]: Message Filter dropping message: frame 'robot_top_3d_laser_link' at time 1789742711.723 for reason 'the timestamp on the message is earlier than all the data in the transform cache'[0m
[amcl-1] [0m[INFO] [1789742712.327051447] [robot.amcl]: Message Filter dropping message: frame 'robot_top_3d_laser_link' at time 1789742711.822 for reason 'the timestamp on the message is earlier than all the data in the transform cache'[0m
[amcl-1] [0m[INFO] [1789742719.026462274] [robot.amcl]: Message Filter dropping message: frame 'robot_top_3d_laser_link' at time 1789742718.522 for reason 'the timestamp on the message is earlier than all the data in the transform cache'[0m
[amcl-1] [0m[INFO] [1789742719.127362664] [robot.amcl]: Message Filter dropping message: frame 'robot_top_3d_laser_link' at time 1789742718.622 for reason 'the timestamp on the message is earlier than all the data in the transform cache'[0m
[amcl-1] [0m[INFO] [1789742719.226896353] [robot.amcl]: Message Filter dropping message: frame 'robot_top_3d_laser_link' at time 1789742718.722 for reason 'the timestamp on the message is earlier than all the data in the transform cache'[0m
[amcl-1] [0m[INFO] [1789742719.326581410] [robot.amcl]: Message Filter dropping message: frame 'robot_top_3d_laser_link' at time 1789742718.822 for reason 'the timestamp on the message is earlier than all the data in the transform cache'[0m
[amcl-1] [0m[INFO] [1789742719.426537060] [robot.amcl]: Message Filter dropping message: frame 'robot_top_3d_laser_link' at time 1789742718.922 for reason 'the timestamp on the message is earlier than all the data in the transform cache'[0m
[amcl-1] [0m[INFO] [1789742719.526456947] [robot.amcl]: Message Filter dropping message: frame 'robot_top_3d_laser_link' at time 1789742719.023 for reason 'the timestamp on the message is earlier than all the data in the transform cache'[0m
[amcl-1] [0m[INFO] [1789742719.626455925] [robot.amcl]: Message Filter dropping message: frame 'robot_top_3d_laser_link' at time 1789742719.122 for reason 'the timestamp on the message is earlier than all the data in the transform cache'[0m
[amcl-1] [0m[INFO] [1789742719.728145621] [robot.amcl]: Message Filter dropping message: frame 'robot_top_3d_laser_link' at time 1789742719.222 for reason 'the timestamp on the message is earlier than all the data in the transform cache'[0m
[amcl-1] [0m[INFO] [1789742719.827198140] [robot.amcl]: Message Filter dropping message: frame 'robot_top_3d_laser_link' at time 1789742719.322 for reason 'the timestamp on the message is earlier than all the data in the transform cache'[0m
[amcl-1] [0m[INFO] [1789742720.026491600] [robot.amcl]: Message Filter dropping message: frame 'robot_top_3d_laser_link' at time 1789742719.522 for reason 'the timestamp on the message is earlier than all the data in the transform cache'[0m
[amcl-1] [0m[INFO] [1789742720.226479147] [robot.amcl]: Message Filter dropping message: frame 'robot_top_3d_laser_link' at time 1789742719.722 for reason 'the timestamp on the message is earlier than all the data in the transform cache'[0m
[amcl-1] [0m[INFO] [1789742726.927063016] [robot.amcl]: Message Filter dropping message: frame 'robot_top_3d_laser_link' at time 1789742726.422 for reason 'the timestamp on the message is earlier than all the data in the transform cache'[0m
[amcl-1] [0m[INFO] [1789742727.026278147] [robot.amcl]: Message Filter dropping message: frame 'robot_top_3d_laser_link' at time 1789742726.522 for reason 'the timestamp on the message is earlier than all the data in the transform cache'[0m
[amcl-1] [0m[INFO] [1789742727.126274419] [robot.amcl]: Message Filter dropping message: frame 'robot_top_3d_laser_link' at time 1789742726.623 for reason 'the timestamp on the message is earlier than all the data in the transform cache'[0m
[amcl-1] [0m[INFO] [1789742727.226607329] [robot.amcl]: Message Filter dropping message: frame 'robot_top_3d_laser_link' at time 1789742726.722 for reason 'the timestamp on the message is earlier than all the data in the transform cache'[0m
[amcl-1] [0m[INFO] [1789742727.326175503] [robot.amcl]: Message Filter dropping message: frame 'robot_top_3d_laser_link' at time 1789742726.822 for reason 'the timestamp on the message is earlier than all the data in the transform cache'[0m
[amcl-1] [0m[INFO] [1789742734.827056191] [robot.amcl]: Message Filter dropping message: frame 'robot_top_3d_laser_link' at time 1789742734.322 for reason 'the timestamp on the message is earlier than all the data in the transform cache'[0m
[amcl-1] [0m[INFO] [1789742734.926408306] [robot.amcl]: Message Filter dropping message: frame 'robot_top_3d_laser_link' at time 1789742734.422 for reason 'the timestamp on the message is earlier than all the data in the transform cache'[0m
[amcl-1] [0m[INFO] [1789742735.027841261] [robot.amcl]: Message Filter dropping message: frame 'robot_top_3d_laser_link' at time 1789742734.522 for reason 'the timestamp on the message is earlier than all the data in the transform cache'[0m
[amcl-1] [0m[INFO] [1789742735.127847641] [robot.amcl]: Message Filter dropping message: frame 'robot_top_3d_laser_link' at time 1789742734.622 for reason 'the timestamp on the message is earlier than all the data in the transform cache'[0m
[amcl-1] [0m[INFO] [1789742735.226774103] [robot.amcl]: Message Filter dropping message: frame 'robot_top_3d_laser_link' at time 1789742734.722 for reason 'the timestamp on the message is earlier than all the data in the transform cache'[0m
[amcl-1] [0m[INFO] [1789742735.326393512] [robot.amcl]: Message Filter dropping message: frame 'robot_top_3d_laser_link' at time 1789742734.822 for reason 'the timestamp on the message is earlier than all the data in the transform cache'[0m
[amcl-1] [0m[INFO] [1789742735.626407163] [robot.amcl]: Message Filter dropping message: frame 'robot_top_3d_laser_link' at time 1789742735.122 for reason 'the timestamp on the message is earlier than all the data in the transform cache'[0m
[amcl-1] [0m[INFO] [1789742742.325721925] [robot.amcl]: Message Filter dropping message: frame 'robot_top_3d_laser_link' at time 1789742741.822 for reason 'the timestamp on the message is earlier than all the data in the transform cache'[0m
[amcl-1] [0m[INFO] [1789742742.425975544] [robot.amcl]: Message Filter dropping message: frame 'robot_top_3d_laser_link' at time 1789742741.922 for reason 'the timestamp on the message is earlier than all the data in the transform cache'[0m
[amcl-1] [0m[INFO] [1789742742.526048712] [robot.amcl]: Message Filter dropping message: frame 'robot_top_3d_laser_link' at time 1789742742.022 for reason 'the timestamp on the message is earlier than all the data in the transform cache'[0m
[amcl-1] [0m[INFO] [1789742742.625900867] [robot.amcl]: Message Filter dropping message: frame 'robot_top_3d_laser_link' at time 1789742742.122 for reason 'the timestamp on the message is earlier than all the data in the transform cache'[0m
[amcl-1] [0m[INFO] [1789742742.726777371] [robot.amcl]: Message Filter dropping message: frame 'robot_top_3d_laser_link' at time 1789742742.222 for reason 'the timestamp on the message is earlier than all the data in the transform cache'[0m
[amcl-1] [0m[INFO] [1789742742.825784556] [robot.amcl]: Message Filter dropping message: frame 'robot_top_3d_laser_link' at time 1789742742.322 for reason 'the timestamp on the message is earlier than all the data in the transform cache'[0m
[amcl-1] [0m[INFO] [1789742742.934089917] [robot.amcl]: Message Filter dropping message: frame 'robot_top_3d_laser_link' at time 1789742742.422 for reason 'the timestamp on the message is earlier than all the data in the transform cache'[0m
[amcl-1] [0m[INFO] [1789742743.025735782] [robot.amcl]: Message Filter dropping message: frame 'robot_top_3d_laser_link' at time 1789742742.522 for reason 'the timestamp on the message is earlier than all the data in the transform cache'[0m
[amcl-1] [0m[INFO] [1789742743.125779666] [robot.amcl]: Message Filter dropping message: frame 'robot_top_3d_laser_link' at time 1789742742.622 for reason 'the timestamp on the message is earlier than all the data in the transform cache'[0m
[amcl-1] [0m[INFO] [1789742743.226031204] [robot.amcl]: Message Filter dropping message: frame 'robot_top_3d_laser_link' at time 1789742742.722 for reason 'the timestamp on the message is earlier than all the data in the transform cache'[0m
[amcl-1] [0m[INFO] [1789742743.426139972] [robot.amcl]: Message Filter dropping message: frame 'robot_top_3d_laser_link' at time 1789742742.922 for reason 'the timestamp on the message is earlier than all the data in the transform cache'[0m
[amcl-1] [0m[INFO] [1789742743.526111060] [robot.amcl]: Message Filter dropping message: frame 'robot_top_3d_laser_link' at time 1789742743.022 for reason 'the timestamp on the message is earlier than all the data in the transform cache'[0m
[amcl-1] [0m[INFO] [1789742749.926388181] [robot.amcl]: Message Filter dropping message: frame 'robot_top_3d_laser_link' at time 1789742749.422 for reason 'the timestamp on the message is earlier than all the data in the transform cache'[0m
[amcl-1] [0m[INFO] [1789742750.025847361] [robot.amcl]: Message Filter dropping message: frame 'robot_top_3d_laser_link' at time 1789742749.522 for reason 'the timestamp on the message is earlier than all the data in the transform cache'[0m
[amcl-1] [0m[INFO] [1789742750.127173273] [robot.amcl]: Message Filter dropping message: frame 'robot_top_3d_laser_link' at time 1789742749.621 for reason 'the timestamp on the message is earlier than all the data in the transform cache'[0m
[amcl-1] [0m[INFO] [1789742750.225207873] [robot.amcl]: Message Filter dropping message: frame 'robot_top_3d_laser_link' at time 1789742749.721 for reason 'the timestamp on the message is earlier than all the data in the transform cache'[0m
[amcl-1] [0m[INFO] [1789742750.324907035] [robot.amcl]: Message Filter dropping message: frame 'robot_top_3d_laser_link' at time 1789742749.821 for reason 'the timestamp on the message is earlier than all the data in the transform cache'[0m
[amcl-1] [0m[INFO] [1789742750.425329652] [robot.amcl]: Message Filter dropping message: frame 'robot_top_3d_laser_link' at time 1789742749.922 for reason 'the timestamp on the message is earlier than all the data in the transform cache'[0m
[amcl-1] [0m[INFO] [1789742750.526364625] [robot.amcl]: Message Filter dropping message: frame 'robot_top_3d_laser_link' at time 1789742750.022 for reason 'the timestamp on the message is earlier than all the data in the transform cache'[0m
[amcl-1] [0m[INFO] [1789742750.627368167] [robot.amcl]: Message Filter dropping message: frame 'robot_top_3d_laser_link' at time 1789742750.122 for reason 'the timestamp on the message is earlier than all the data in the transform cache'[0m
[amcl-1] [0m[INFO] [1789742750.725995740] [robot.amcl]: Message Filter dropping message: frame 'robot_top_3d_laser_link' at time 1789742750.221 for reason 'the timestamp on the message is earlier than all the data in the transform cache'[0m
[amcl-1] [0m[INFO] [1789742750.825129751] [robot.amcl]: Message Filter dropping message: frame 'robot_top_3d_laser_link' at time 1789742750.321 for reason 'the timestamp on the message is earlier than all the data in the transform cache'[0m
[amcl-1] [0m[INFO] [1789742761.525528665] [robot.amcl]: Message Filter dropping message: frame 'robot_top_3d_laser_link' at time 1789742761.021 for reason 'the timestamp on the message is earlier than all the data in the transform cache'[0m
[amcl-1] [0m[INFO] [1789742761.826768127] [robot.amcl]: Message Filter dropping message: frame 'robot_top_3d_laser_link' at time 1789742761.321 for reason 'the timestamp on the message is earlier than all the data in the transform cache'[0m
[amcl-1] [0m[INFO] [1789742762.127075490] [robot.amcl]: Message Filter dropping message: frame 'robot_top_3d_laser_link' at time 1789742761.621 for reason 'the timestamp on the message is earlier than all the data in the transform cache'[0m
[amcl-1] [0m[INFO] [1789742766.324897826] [robot.amcl]: Message Filter dropping message: frame 'robot_top_3d_laser_link' at time 1789742765.821 for reason 'the timestamp on the message is earlier than all the data in the transform cache'[0m
[amcl-1] [0m[INFO] [1789742766.425112420] [robot.amcl]: Message Filter dropping message: frame 'robot_top_3d_laser_link' at time 1789742765.921 for reason 'the timestamp on the message is earlier than all the data in the transform cache'[0m
[amcl-1] [0m[INFO] [1789742766.524911673] [robot.amcl]: Message Filter dropping message: frame 'robot_top_3d_laser_link' at time 1789742766.021 for reason 'the timestamp on the message is earlier than all the data in the transform cache'[0m
[amcl-1] [0m[INFO] [1789742766.625240615] [robot.amcl]: Message Filter dropping message: frame 'robot_top_3d_laser_link' at time 1789742766.121 for reason 'the timestamp on the message is earlier than all the data in the transform cache'[0m
[amcl-1] [0m[INFO] [1789742766.725726888] [robot.amcl]: Message Filter dropping message: frame 'robot_top_3d_laser_link' at time 1789742766.221 for reason 'the timestamp on the message is earlier than all the data in the transform cache'[0m
[amcl-1] [0m[INFO] [1789742766.825166486] [robot.amcl]: Message Filter dropping message: frame 'robot_top_3d_laser_link' at time 1789742766.321 for reason 'the timestamp on the message is earlier than all the data in the transform cache'[0m
[amcl-1] [0m[INFO] [1789742766.925660617] [robot.amcl]: Message Filter dropping message: frame 'robot_top_3d_laser_link' at time 1789742766.421 for reason 'the timestamp on the message is earlier than all the data in the transform cache'[0m
[amcl-1] [0m[INFO] [1789742767.026223994] [robot.amcl]: Message Filter dropping message: frame 'robot_top_3d_laser_link' at time 1789742766.521 for reason 'the timestamp on the message is earlier than all the data in the transform cache'[0m
[amcl-1] [0m[INFO] [1789742767.224888460] [robot.amcl]: Message Filter dropping message: frame 'robot_top_3d_laser_link' at time 1789742766.721 for reason 'the timestamp on the message is earlier than all the data in the transform cache'[0m
[amcl-1] [0m[INFO] [1789742767.325174250] [robot.amcl]: Message Filter dropping message: frame 'robot_top_3d_laser_link' at time 1789742766.821 for reason 'the timestamp on the message is earlier than all the data in the transform cache'[0m
[amcl-1] [0m[INFO] [1789742767.430333686] [robot.amcl]: Message Filter dropping message: frame 'robot_top_3d_laser_link' at time 1789742766.921 for reason 'the timestamp on the message is earlier than all the data in the transform cache'[0m
[amcl-1] [0m[INFO] [1789742773.025763912] [robot.amcl]: Message Filter dropping message: frame 'robot_top_3d_laser_link' at time 1789742772.521 for reason 'the timestamp on the message is earlier than all the data in the transform cache'[0m
[amcl-1] [0m[INFO] [1789742773.126565235] [robot.amcl]: Message Filter dropping message: frame 'robot_top_3d_laser_link' at time 1789742772.621 for reason 'the timestamp on the message is earlier than all the data in the transform cache'[0m
[amcl-1] [0m[INFO] [1789742773.226034184] [robot.amcl]: Message Filter dropping message: frame 'robot_top_3d_laser_link' at time 1789742772.721 for reason 'the timestamp on the message is earlier than all the data in the transform cache'[0m
[amcl-1] [0m[INFO] [1789742773.627332417] [robot.amcl]: Message Filter dropping message: frame 'robot_top_3d_laser_link' at time 1789742773.121 for reason 'the timestamp on the message is earlier than all the data in the transform cache'[0m
[amcl-1] [0m[INFO] [1789742774.625696842] [robot.amcl]: Message Filter dropping message: frame 'robot_top_3d_laser_link' at time 1789742774.121 for reason 'the timestamp on the message is earlier than all the data in the transform cache'[0m
[amcl-1] [0m[INFO] [1789742774.925848941] [robot.amcl]: Message Filter dropping message: frame 'robot_top_3d_laser_link' at time 1789742774.421 for reason 'the timestamp on the message is earlier than all the data in the transform cache'[0m
[amcl-1] [0m[INFO] [1789742776.926218225] [robot.amcl]: Message Filter dropping message: frame 'robot_top_3d_laser_link' at time 1789742776.421 for reason 'the timestamp on the message is earlier than all the data in the transform cache'[0m
[amcl-1] [0m[INFO] [1789742777.026420520] [robot.amcl]: Message Filter dropping message: frame 'robot_top_3d_laser_link' at time 1789742776.521 for reason 'the timestamp on the message is earlier than all the data in the transform cache'[0m
[amcl-1] [0m[INFO] [1789742777.125992650] [robot.amcl]: Message Filter dropping message: frame 'robot_top_3d_laser_link' at time 1789742776.621 for reason 'the timestamp on the message is earlier than all the data in the transform cache'[0m
[amcl-1] [0m[INFO] [1789742777.226369950] [robot.amcl]: Message Filter dropping message: frame 'robot_top_3d_laser_link' at time 1789742776.721 for reason 'the timestamp on the message is earlier than all the data in the transform cache'[0m
[amcl-1] [0m[INFO] [1789742777.325319119] [robot.amcl]: Message Filter dropping message: frame 'robot_top_3d_laser_link' at time 1789742776.821 for reason 'the timestamp on the message is earlier than all the data in the transform cache'[0m
[amcl-1] [0m[INFO] [1789742777.425240459] [robot.amcl]: Message Filter dropping message: frame 'robot_top_3d_laser_link' at time 1789742776.921 for reason 'the timestamp on the message is earlier than all the data in the transform cache'[0m
[amcl-1] [0m[INFO] [1789742777.525392529] [robot.amcl]: Message Filter dropping message: frame 'robot_top_3d_laser_link' at time 1789742777.021 for reason 'the timestamp on the message is earlier than all the data in the transform cache'[0m
[amcl-1] [0m[INFO] [1789742777.625534620] [robot.amcl]: Message Filter dropping message: frame 'robot_top_3d_laser_link' at time 1789742777.121 for reason 'the timestamp on the message is earlier than all the data in the transform cache'[0m
[amcl-1] [0m[INFO] [1789742777.926284119] [robot.amcl]: Message Filter dropping message: frame 'robot_top_3d_laser_link' at time 1789742777.421 for reason 'the timestamp on the message is earlier than all the data in the transform cache'[0m
[amcl-1] [0m[INFO] [1789742780.524949668] [robot.amcl]: Message Filter dropping message: frame 'robot_top_3d_laser_link' at time 1789742780.021 for reason 'the timestamp on the message is earlier than all the data in the transform cache'[0m
[amcl-1] [0m[INFO] [1789742780.624925833] [robot.amcl]: Message Filter dropping message: frame 'robot_top_3d_laser_link' at time 1789742780.121 for reason 'the timestamp on the message is earlier than all the data in the transform cache'[0m
[amcl-1] [0m[INFO] [1789742781.024870123] [robot.amcl]: Message Filter dropping message: frame 'robot_top_3d_laser_link' at time 1789742780.521 for reason 'the timestamp on the message is earlier than all the data in the transform cache'[0m
[amcl-1] [0m[INFO] [1789742781.124956813] [robot.amcl]: Message Filter dropping message: frame 'robot_top_3d_laser_link' at time 1789742780.621 for reason 'the timestamp on the message is earlier than all the data in the transform cache'[0m
[amcl-1] [0m[INFO] [1789742781.425282595] [robot.amcl]: Message Filter dropping message: frame 'robot_top_3d_laser_link' at time 1789742780.921 for reason 'the timestamp on the message is earlier than all the data in the transform cache'[0m
[amcl-1] [0m[INFO] [1789742781.925155288] [robot.amcl]: Message Filter dropping message: frame 'robot_top_3d_laser_link' at time 1789742781.421 for reason 'the timestamp on the message is earlier than all the data in the transform cache'[0m
[amcl-1] [0m[INFO] [1789742784.826854424] [robot.amcl]: Message Filter dropping message: frame 'robot_top_3d_laser_link' at time 1789742784.321 for reason 'the timestamp on the message is earlier than all the data in the transform cache'[0m
[amcl-1] [0m[INFO] [1789742784.926854204] [robot.amcl]: Message Filter dropping message: frame 'robot_top_3d_laser_link' at time 1789742784.421 for reason 'the timestamp on the message is earlier than all the data in the transform cache'[0m
[amcl-1] [0m[INFO] [1789742785.026403094] [robot.amcl]: Message Filter dropping message: frame 'robot_top_3d_laser_link' at time 1789742784.521 for reason 'the timestamp on the message is earlier than all the data in the transform cache'[0m
[amcl-1] [0m[INFO] [1789742785.126690812] [robot.amcl]: Message Filter dropping message: frame 'robot_top_3d_laser_link' at time 1789742784.621 for reason 'the timestamp on the message is earlier than all the data in the transform cache'[0m
[amcl-1] [0m[INFO] [1789742785.224511111] [robot.amcl]: Message Filter dropping message: frame 'robot_top_3d_laser_link' at time 1789742784.721 for reason 'the timestamp on the message is earlier than all the data in the transform cache'[0m
[amcl-1] [0m[INFO] [1789742785.325389179] [robot.amcl]: Message Filter dropping message: frame 'robot_top_3d_laser_link' at time 1789742784.821 for reason 'the timestamp on the message is earlier than all the data in the transform cache'[0m
[amcl-1] [0m[INFO] [1789742785.424474287] [robot.amcl]: Message Filter dropping message: frame 'robot_top_3d_laser_link' at time 1789742784.921 for reason 'the timestamp on the message is earlier than all the data in the transform cache'[0m
[amcl-1] [0m[INFO] [1789742785.524299023] [robot.amcl]: Message Filter dropping message: frame 'robot_top_3d_laser_link' at time 1789742785.021 for reason 'the timestamp on the message is earlier than all the data in the transform cache'[0m
[amcl-1] [0m[INFO] [1789742785.624480368] [robot.amcl]: Message Filter dropping message: frame 'robot_top_3d_laser_link' at time 1789742785.121 for reason 'the timestamp on the message is earlier than all the data in the transform cache'[0m
[amcl-1] [0m[INFO] [1789742785.724287734] [robot.amcl]: Message Filter dropping message: frame 'robot_top_3d_laser_link' at time 1789742785.221 for reason 'the timestamp on the message is earlier than all the data in the transform cache'[0m
[amcl-1] [0m[INFO] [1789742788.824334442] [robot.amcl]: Message Filter dropping message: frame 'robot_top_3d_laser_link' at time 1789742788.320 for reason 'the timestamp on the message is earlier than all the data in the transform cache'[0m
[amcl-1] [0m[INFO] [1789742788.924330537] [robot.amcl]: Message Filter dropping message: frame 'robot_top_3d_laser_link' at time 1789742788.420 for reason 'the timestamp on the message is earlier than all the data in the transform cache'[0m
[amcl-1] [0m[INFO] [1789742789.024077196] [robot.amcl]: Message Filter dropping message: frame 'robot_top_3d_laser_link' at time 1789742788.521 for reason 'the timestamp on the message is earlier than all the data in the transform cache'[0m
[amcl-1] [0m[INFO] [1789742789.124364548] [robot.amcl]: Message Filter dropping message: frame 'robot_top_3d_laser_link' at time 1789742788.621 for reason 'the timestamp on the message is earlier than all the data in the transform cache'[0m
[amcl-1] [0m[INFO] [1789742789.224243794] [robot.amcl]: Message Filter dropping message: frame 'robot_top_3d_laser_link' at time 1789742788.721 for reason 'the timestamp on the message is earlier than all the data in the transform cache'[0m
[amcl-1] [0m[INFO] [1789742789.324301452] [robot.amcl]: Message Filter dropping message: frame 'robot_top_3d_laser_link' at time 1789742788.821 for reason 'the timestamp on the message is earlier than all the data in the transform cache'[0m
[amcl-1] [0m[INFO] [1789742789.424211262] [robot.amcl]: Message Filter dropping message: frame 'robot_top_3d_laser_link' at time 1789742788.920 for reason 'the timestamp on the message is earlier than all the data in the transform cache'[0m
[amcl-1] [0m[INFO] [1789742789.524177944] [robot.amcl]: Message Filter dropping message: frame 'robot_top_3d_laser_link' at time 1789742789.020 for reason 'the timestamp on the message is earlier than all the data in the transform cache'[0m
[amcl-1] [0m[INFO] [1789742789.724086640] [robot.amcl]: Message Filter dropping message: frame 'robot_top_3d_laser_link' at time 1789742789.220 for reason 'the timestamp on the message is earlier than all the data in the transform cache'[0m
[amcl-1] [0m[INFO] [1789742789.824382746] [robot.amcl]: Message Filter dropping message: frame 'robot_top_3d_laser_link' at time 1789742789.320 for reason 'the timestamp on the message is earlier than all the data in the transform cache'[0m
[amcl-1] [0m[INFO] [1789742793.724624751] [robot.amcl]: Message Filter dropping message: frame 'robot_top_3d_laser_link' at time 1789742793.220 for reason 'the timestamp on the message is earlier than all the data in the transform cache'[0m
[amcl-1] [0m[INFO] [1789742793.824887787] [robot.amcl]: Message Filter dropping message: frame 'robot_top_3d_laser_link' at time 1789742793.320 for reason 'the timestamp on the message is earlier than all the data in the transform cache'[0m
[amcl-1] [0m[INFO] [1789742794.123772605] [robot.amcl]: Message Filter dropping message: frame 'robot_top_3d_laser_link' at time 1789742793.620 for reason 'the timestamp on the message is earlier than all the data in the transform cache'[0m
[amcl-1] [0m[INFO] [1789742794.230755969] [robot.amcl]: Message Filter dropping message: frame 'robot_top_3d_laser_link' at time 1789742793.720 for reason 'the timestamp on the message is earlier than all the data in the transform cache'[0m
[amcl-1] [0m[INFO] [1789742797.025334235] [robot.amcl]: Message Filter dropping message: frame 'robot_top_3d_laser_link' at time 1789742796.520 for reason 'the timestamp on the message is earlier than all the data in the transform cache'[0m
[amcl-1] [0m[INFO] [1789742797.125306781] [robot.amcl]: Message Filter dropping message: frame 'robot_top_3d_laser_link' at time 1789742796.620 for reason 'the timestamp on the message is earlier than all the data in the transform cache'[0m
[amcl-1] [0m[INFO] [1789742797.224895964] [robot.amcl]: Message Filter dropping message: frame 'robot_top_3d_laser_link' at time 1789742796.720 for reason 'the timestamp on the message is earlier than all the data in the transform cache'[0m
[amcl-1] [0m[INFO] [1789742797.324932166] [robot.amcl]: Message Filter dropping message: frame 'robot_top_3d_laser_link' at time 1789742796.820 for reason 'the timestamp on the message is earlier than all the data in the transform cache'[0m
[amcl-1] [0m[INFO] [1789742797.429277874] [robot.amcl]: Message Filter dropping message: frame 'robot_top_3d_laser_link' at time 1789742796.920 for reason 'the timestamp on the message is earlier than all the data in the transform cache'[0m
[amcl-1] [0m[INFO] [1789742797.525093402] [robot.amcl]: Message Filter dropping message: frame 'robot_top_3d_laser_link' at time 1789742797.020 for reason 'the timestamp on the message is earlier than all the data in the transform cache'[0m
[amcl-1] [0m[INFO] [1789742797.625099960] [robot.amcl]: Message Filter dropping message: frame 'robot_top_3d_laser_link' at time 1789742797.120 for reason 'the timestamp on the message is earlier than all the data in the transform cache'[0m
[amcl-1] [0m[INFO] [1789742797.725144486] [robot.amcl]: Message Filter dropping message: frame 'robot_top_3d_laser_link' at time 1789742797.220 for reason 'the timestamp on the message is earlier than all the data in the transform cache'[0m
[amcl-1] [0m[INFO] [1789742797.825148593] [robot.amcl]: Message Filter dropping message: frame 'robot_top_3d_laser_link' at time 1789742797.320 for reason 'the timestamp on the message is earlier than all the data in the transform cache'[0m
[amcl-1] [0m[INFO] [1789742797.929786886] [robot.amcl]: Message Filter dropping message: frame 'robot_top_3d_laser_link' at time 1789742797.420 for reason 'the timestamp on the message is earlier than all the data in the transform cache'[0m
[amcl-1] [0m[INFO] [1789742798.124815016] [robot.amcl]: Message Filter dropping message: frame 'robot_top_3d_laser_link' at time 1789742797.620 for reason 'the timestamp on the message is earlier than all the data in the transform cache'[0m
[amcl-1] [0m[INFO] [1789742798.227742335] [robot.amcl]: Message Filter dropping message: frame 'robot_top_3d_laser_link' at time 1789742797.720 for reason 'the timestamp on the message is earlier than all the data in the transform cache'[0m
[amcl-1] [0m[INFO] [1789742804.325214129] [robot.amcl]: Message Filter dropping message: frame 'robot_top_3d_laser_link' at time 1789742803.820 for reason 'the timestamp on the message is earlier than all the data in the transform cache'[0m
[amcl-1] [0m[INFO] [1789742804.424236887] [robot.amcl]: Message Filter dropping message: frame 'robot_top_3d_laser_link' at time 1789742803.920 for reason 'the timestamp on the message is earlier than all the data in the transform cache'[0m
[amcl-1] [0m[INFO] [1789742804.524217009] [robot.amcl]: Message Filter dropping message: frame 'robot_top_3d_laser_link' at time 1789742804.020 for reason 'the timestamp on the message is earlier than all the data in the transform cache'[0m
[amcl-1] [0m[INFO] [1789742804.624237308] [robot.amcl]: Message Filter dropping message: frame 'robot_top_3d_laser_link' at time 1789742804.120 for reason 'the timestamp on the message is earlier than all the data in the transform cache'[0m
[amcl-1] [0m[INFO] [1789742804.824392451] [robot.amcl]: Message Filter dropping message: frame 'robot_top_3d_laser_link' at time 1789742804.320 for reason 'the timestamp on the message is earlier than all the data in the transform cache'[0m
[amcl-1] [0m[INFO] [1789742804.924157598] [robot.amcl]: Message Filter dropping message: frame 'robot_top_3d_laser_link' at time 1789742804.420 for reason 'the timestamp on the message is earlier than all the data in the transform cache'[0m
[amcl-1] [0m[INFO] [1789742805.024484386] [robot.amcl]: Message Filter dropping message: frame 'robot_top_3d_laser_link' at time 1789742804.520 for reason 'the timestamp on the message is earlier than all the data in the transform cache'[0m
[amcl-1] [0m[INFO] [1789742812.223326574] [robot.amcl]: Message Filter dropping message: frame 'robot_top_3d_laser_link' at time 1789742811.720 for reason 'the timestamp on the message is earlier than all the data in the transform cache'[0m
[amcl-1] [0m[INFO] [1789742812.623342626] [robot.amcl]: Message Filter dropping message: frame 'robot_top_3d_laser_link' at time 1789742812.120 for reason 'the timestamp on the message is earlier than all the data in the transform cache'[0m
[amcl-1] [0m[INFO] [1789742815.223906490] [robot.amcl]: Message Filter dropping message: frame 'robot_top_3d_laser_link' at time 1789742814.720 for reason 'the timestamp on the message is earlier than all the data in the transform cache'[0m
[amcl-1] [0m[INFO] [1789742815.329191215] [robot.amcl]: Message Filter dropping message: frame 'robot_top_3d_laser_link' at time 1789742814.820 for reason 'the timestamp on the message is earlier than all the data in the transform cache'[0m
[amcl-1] [0m[INFO] [1789742815.425405370] [robot.amcl]: Message Filter dropping message: frame 'robot_top_3d_laser_link' at time 1789742814.920 for reason 'the timestamp on the message is earlier than all the data in the transform cache'[0m
[amcl-1] [0m[INFO] [1789742815.526011310] [robot.amcl]: Message Filter dropping message: frame 'robot_top_3d_laser_link' at time 1789742815.020 for reason 'the timestamp on the message is earlier than all the data in the transform cache'[0m
[amcl-1] [0m[INFO] [1789742824.623550797] [robot.amcl]: Message Filter dropping message: frame 'robot_top_3d_laser_link' at time 1789742824.120 for reason 'the timestamp on the message is earlier than all the data in the transform cache'[0m
[amcl-1] [0m[INFO] [1789742824.724060073] [robot.amcl]: Message Filter dropping message: frame 'robot_top_3d_laser_link' at time 1789742824.219 for reason 'the timestamp on the message is earlier than all the data in the transform cache'[0m
[amcl-1] [0m[INFO] [1789742824.823619628] [robot.amcl]: Message Filter dropping message: frame 'robot_top_3d_laser_link' at time 1789742824.320 for reason 'the timestamp on the message is earlier than all the data in the transform cache'[0m
[amcl-1] [0m[INFO] [1789742824.924925268] [robot.amcl]: Message Filter dropping message: frame 'robot_top_3d_laser_link' at time 1789742824.420 for reason 'the timestamp on the message is earlier than all the data in the transform cache'[0m
[amcl-1] [0m[INFO] [1789742825.024051455] [robot.amcl]: Message Filter dropping message: frame 'robot_top_3d_laser_link' at time 1789742824.520 for reason 'the timestamp on the message is earlier than all the data in the transform cache'[0m
[amcl-1] [0m[INFO] [1789742825.123773342] [robot.amcl]: Message Filter dropping message: frame 'robot_top_3d_laser_link' at time 1789742824.620 for reason 'the timestamp on the message is earlier than all the data in the transform cache'[0m
[amcl-1] [0m[INFO] [1789742825.226719733] [robot.amcl]: Message Filter dropping message: frame 'robot_top_3d_laser_link' at time 1789742824.720 for reason 'the timestamp on the message is earlier than all the data in the transform cache'[0m
[amcl-1] [0m[INFO] [1789742825.423484723] [robot.amcl]: Message Filter dropping message: frame 'robot_top_3d_laser_link' at time 1789742824.919 for reason 'the timestamp on the message is earlier than all the data in the transform cache'[0m
[amcl-1] [0m[INFO] [1789742825.523759067] [robot.amcl]: Message Filter dropping message: frame 'robot_top_3d_laser_link' at time 1789742825.019 for reason 'the timestamp on the message is earlier than all the data in the transform cache'[0m
[amcl-1] [0m[INFO] [1789742825.623493563] [robot.amcl]: Message Filter dropping message: frame 'robot_top_3d_laser_link' at time 1789742825.119 for reason 'the timestamp on the message is earlier than all the data in the transform cache'[0m
[amcl-1] [0m[INFO] [1789742826.323795262] [robot.amcl]: Message Filter dropping message: frame 'robot_top_3d_laser_link' at time 1789742825.819 for reason 'the timestamp on the message is earlier than all the data in the transform cache'[0m
[amcl-1] [0m[INFO] [1789742826.823403325] [robot.amcl]: Message Filter dropping message: frame 'robot_top_3d_laser_link' at time 1789742826.319 for reason 'the timestamp on the message is earlier than all the data in the transform cache'[0m
[amcl-1] [0m[INFO] [1789742827.125241590] [robot.amcl]: Message Filter dropping message: frame 'robot_top_3d_laser_link' at time 1789742826.619 for reason 'the timestamp on the message is earlier than all the data in the transform cache'[0m
[amcl-1] [0m[INFO] [1789742827.224051272] [robot.amcl]: Message Filter dropping message: frame 'robot_top_3d_laser_link' at time 1789742826.719 for reason 'the timestamp on the message is earlier than all the data in the transform cache'[0m
[amcl-1] [0m[INFO] [1789742827.324972763] [robot.amcl]: Message Filter dropping message: frame 'robot_top_3d_laser_link' at time 1789742826.819 for reason 'the timestamp on the message is earlier than all the data in the transform cache'[0m
[amcl-1] [0m[INFO] [1789742827.723514426] [robot.amcl]: Message Filter dropping message: frame 'robot_top_3d_laser_link' at time 1789742827.219 for reason 'the timestamp on the message is earlier than all the data in the transform cache'[0m
[amcl-1] [0m[INFO] [1789742828.323386647] [robot.amcl]: Message Filter dropping message: frame 'robot_top_3d_laser_link' at time 1789742827.819 for reason 'the timestamp on the message is earlier than all the data in the transform cache'[0m
[amcl-1] [0m[INFO] [1789742828.423195670] [robot.amcl]: Message Filter dropping message: frame 'robot_top_3d_laser_link' at time 1789742827.919 for reason 'the timestamp on the message is earlier than all the data in the transform cache'[0m
[amcl-1] [0m[INFO] [1789742828.523307382] [robot.amcl]: Message Filter dropping message: frame 'robot_top_3d_laser_link' at time 1789742828.020 for reason 'the timestamp on the message is earlier than all the data in the transform cache'[0m
[amcl-1] [0m[INFO] [1789742828.623260986] [robot.amcl]: Message Filter dropping message: frame 'robot_top_3d_laser_link' at time 1789742828.120 for reason 'the timestamp on the message is earlier than all the data in the transform cache'[0m
[amcl-1] [0m[INFO] [1789742828.724612628] [robot.amcl]: Message Filter dropping message: frame 'robot_top_3d_laser_link' at time 1789742828.219 for reason 'the timestamp on the message is earlier than all the data in the transform cache'[0m
[amcl-1] [0m[INFO] [1789742828.823244023] [robot.amcl]: Message Filter dropping message: frame 'robot_top_3d_laser_link' at time 1789742828.319 for reason 'the timestamp on the message is earlier than all the data in the transform cache'[0m
[amcl-1] [0m[INFO] [1789742828.923468050] [robot.amcl]: Message Filter dropping message: frame 'robot_top_3d_laser_link' at time 1789742828.419 for reason 'the timestamp on the message is earlier than all the data in the transform cache'[0m
[amcl-1] [0m[INFO] [1789742829.023219079] [robot.amcl]: Message Filter dropping message: frame 'robot_top_3d_laser_link' at time 1789742828.520 for reason 'the timestamp on the message is earlier than all the data in the transform cache'[0m
[amcl-1] [0m[INFO] [1789742829.123305317] [robot.amcl]: Message Filter dropping message: frame 'robot_top_3d_laser_link' at time 1789742828.620 for reason 'the timestamp on the message is earlier than all the data in the transform cache'[0m
[amcl-1] [0m[INFO] [1789742829.223284728] [robot.amcl]: Message Filter dropping message: frame 'robot_top_3d_laser_link' at time 1789742828.720 for reason 'the timestamp on the message is earlier than all the data in the transform cache'[0m
[amcl-1] [0m[INFO] [1789742829.323266192] [robot.amcl]: Message Filter dropping message: frame 'robot_top_3d_laser_link' at time 1789742828.819 for reason 'the timestamp on the message is earlier than all the data in the transform cache'[0m
[amcl-1] [0m[INFO] [1789742829.423267246] [robot.amcl]: Message Filter dropping message: frame 'robot_top_3d_laser_link' at time 1789742828.919 for reason 'the timestamp on the message is earlier than all the data in the transform cache'[0m
[amcl-1] [0m[INFO] [1789742829.523221673] [robot.amcl]: Message Filter dropping message: frame 'robot_top_3d_laser_link' at time 1789742829.019 for reason 'the timestamp on the message is earlier than all the data in the transform cache'[0m
[amcl-1] [0m[INFO] [1789742829.623344060] [robot.amcl]: Message Filter dropping message: frame 'robot_top_3d_laser_link' at time 1789742829.119 for reason 'the timestamp on the message is earlier than all the data in the transform cache'[0m
[amcl-1] [0m[INFO] [1789742830.223409974] [robot.amcl]: Message Filter dropping message: frame 'robot_top_3d_laser_link' at time 1789742829.719 for reason 'the timestamp on the message is earlier than all the data in the transform cache'[0m
[amcl-1] [0m[INFO] [1789742830.323668645] [robot.amcl]: Message Filter dropping message: frame 'robot_top_3d_laser_link' at time 1789742829.819 for reason 'the timestamp on the message is earlier than all the data in the transform cache'[0m
[amcl-1] [0m[INFO] [1789742830.423621963] [robot.amcl]: Message Filter dropping message: frame 'robot_top_3d_laser_link' at time 1789742829.919 for reason 'the timestamp on the message is earlier than all the data in the transform cache'[0m
[amcl-1] [0m[INFO] [1789742830.523077079] [robot.amcl]: Message Filter dropping message: frame 'robot_top_3d_laser_link' at time 1789742830.019 for reason 'the timestamp on the message is earlier than all the data in the transform cache'[0m
[amcl-1] [0m[INFO] [1789742830.623304924] [robot.amcl]: Message Filter dropping message: frame 'robot_top_3d_laser_link' at time 1789742830.119 for reason 'the timestamp on the message is earlier than all the data in the transform cache'[0m
[amcl-1] [0m[INFO] [1789742830.930598352] [robot.amcl]: Message Filter dropping message: frame 'robot_top_3d_laser_link' at time 1789742830.419 for reason 'the timestamp on the message is earlier than all the data in the transform cache'[0m
[amcl-1] [0m[INFO] [1789742836.127259330] [robot.amcl]: Message Filter dropping message: frame 'robot_top_3d_laser_link' at time 1789742835.619 for reason 'the timestamp on the message is earlier than all the data in the transform cache'[0m
[amcl-1] [0m[INFO] [1789742836.227560598] [robot.amcl]: Message Filter dropping message: frame 'robot_top_3d_laser_link' at time 1789742835.719 for reason 'the timestamp on the message is earlier than all the data in the transform cache'[0m
[amcl-1] [0m[INFO] [1789742850.722803727] [robot.amcl]: Message Filter dropping message: frame 'robot_top_3d_laser_link' at time 1789742850.219 for reason 'the timestamp on the message is earlier than all the data in the transform cache'[0m
[amcl-1] [0m[INFO] [1789742850.823691663] [robot.amcl]: Message Filter dropping message: frame 'robot_top_3d_laser_link' at time 1789742850.319 for reason 'the timestamp on the message is earlier than all the data in the transform cache'[0m
[amcl-1] [0m[INFO] [1789742850.923080865] [robot.amcl]: Message Filter dropping message: frame 'robot_top_3d_laser_link' at time 1789742850.419 for reason 'the timestamp on the message is earlier than all the data in the transform cache'[0m
[amcl-1] [0m[INFO] [1789742851.231523872] [robot.amcl]: Message Filter dropping message: frame 'robot_top_3d_laser_link' at time 1789742850.719 for reason 'the timestamp on the message is earlier than all the data in the transform cache'[0m
[amcl-1] [0m[INFO] [1789742851.330235833] [robot.amcl]: Message Filter dropping message: frame 'robot_top_3d_laser_link' at time 1789742850.819 for reason 'the timestamp on the message is earlier than all the data in the transform cache'[0m
[amcl-1] [0m[INFO] [1789742851.429861371] [robot.amcl]: Message Filter dropping message: frame 'robot_top_3d_laser_link' at time 1789742850.919 for reason 'the timestamp on the message is earlier than all the data in the transform cache'[0m
[amcl-1] [0m[INFO] [1789742851.534787544] [robot.amcl]: Message Filter dropping message: frame 'robot_top_3d_laser_link' at time 1789742851.019 for reason 'the timestamp on the message is earlier than all the data in the transform cache'[0m
[amcl-1] [0m[INFO] [1789742851.730958894] [robot.amcl]: Message Filter dropping message: frame 'robot_top_3d_laser_link' at time 1789742851.219 for reason 'the timestamp on the message is earlier than all the data in the transform cache'[0m
[amcl-1] [0m[INFO] [1789742851.822588834] [robot.amcl]: Message Filter dropping message: frame 'robot_top_3d_laser_link' at time 1789742851.319 for reason 'the timestamp on the message is earlier than all the data in the transform cache'[0m
[amcl-1] [0m[INFO] [1789742851.922855479] [robot.amcl]: Message Filter dropping message: frame 'robot_top_3d_laser_link' at time 1789742851.419 for reason 'the timestamp on the message is earlier than all the data in the transform cache'[0m
[amcl-1] [0m[INFO] [1789742852.022853925] [robot.amcl]: Message Filter dropping message: frame 'robot_top_3d_laser_link' at time 1789742851.519 for reason 'the timestamp on the message is earlier than all the data in the transform cache'[0m
[amcl-1] [0m[INFO] [1789742852.622811648] [robot.amcl]: Message Filter dropping message: frame 'robot_top_3d_laser_link' at time 1789742852.119 for reason 'the timestamp on the message is earlier than all the data in the transform cache'[0m
[amcl-1] [0m[INFO] [1789742852.723526458] [robot.amcl]: Message Filter dropping message: frame 'robot_top_3d_laser_link' at time 1789742852.219 for reason 'the timestamp on the message is earlier than all the data in the transform cache'[0m
[amcl-1] [0m[INFO] [1789742852.825759236] [robot.amcl]: Message Filter dropping message: frame 'robot_top_3d_laser_link' at time 1789742852.319 for reason 'the timestamp on the message is earlier than all the data in the transform cache'[0m
[amcl-1] [0m[INFO] [1789742852.923316593] [robot.amcl]: Message Filter dropping message: frame 'robot_top_3d_laser_link' at time 1789742852.419 for reason 'the timestamp on the message is earlier than all the data in the transform cache'[0m
[amcl-1] [0m[INFO] [1789742853.323817434] [robot.amcl]: Message Filter dropping message: frame 'robot_top_3d_laser_link' at time 1789742852.819 for reason 'the timestamp on the message is earlier than all the data in the transform cache'[0m
[amcl-1] [0m[INFO] [1789742853.422362119] [robot.amcl]: Message Filter dropping message: frame 'robot_top_3d_laser_link' at time 1789742852.919 for reason 'the timestamp on the message is earlier than all the data in the transform cache'[0m
[amcl-1] [0m[INFO] [1789742858.224378221] [robot.amcl]: Message Filter dropping message: frame 'robot_top_3d_laser_link' at time 1789742857.719 for reason 'the timestamp on the message is earlier than all the data in the transform cache'[0m
[amcl-1] [0m[INFO] [1789742858.323291558] [robot.amcl]: Message Filter dropping message: frame 'robot_top_3d_laser_link' at time 1789742857.819 for reason 'the timestamp on the message is earlier than all the data in the transform cache'[0m
[amcl-1] [0m[INFO] [1789742858.624760018] [robot.amcl]: Message Filter dropping message: frame 'robot_top_3d_laser_link' at time 1789742858.119 for reason 'the timestamp on the message is earlier than all the data in the transform cache'[0m
[amcl-1] [0m[INFO] [1789742859.490616672] [robot.amcl]: Message Filter dropping message: frame 'robot_top_3d_laser_link' at time 1789742858.818 for reason 'the timestamp on the message is earlier than all the data in the transform cache'[0m
[amcl-1] [0m[INFO] [1789742859.493146301] [robot.amcl]: Message Filter dropping message: frame 'robot_top_3d_laser_link' at time 1789742858.918 for reason 'the timestamp on the message is earlier than all the data in the transform cache'[0m
[amcl-1] [0m[INFO] [1789742859.523384935] [robot.amcl]: Message Filter dropping message: frame 'robot_top_3d_laser_link' at time 1789742859.019 for reason 'the timestamp on the message is earlier than all the data in the transform cache'[0m
[amcl-1] [0m[INFO] [1789742859.623450138] [robot.amcl]: Message Filter dropping message: frame 'robot_top_3d_laser_link' at time 1789742859.119 for reason 'the timestamp on the message is earlier than all the data in the transform cache'[0m
[amcl-1] [0m[INFO] [1789742859.723248438] [robot.amcl]: Message Filter dropping message: frame 'robot_top_3d_laser_link' at time 1789742859.219 for reason 'the timestamp on the message is earlier than all the data in the transform cache'[0m
[amcl-1] [0m[INFO] [1789742859.823161714] [robot.amcl]: Message Filter dropping message: frame 'robot_top_3d_laser_link' at time 1789742859.319 for reason 'the timestamp on the message is earlier than all the data in the transform cache'[0m
[amcl-1] [0m[INFO] [1789742859.926651009] [robot.amcl]: Message Filter dropping message: frame 'robot_top_3d_laser_link' at time 1789742859.419 for reason 'the timestamp on the message is earlier than all the data in the transform cache'[0m
[amcl-1] [0m[INFO] [1789742860.023710817] [robot.amcl]: Message Filter dropping message: frame 'robot_top_3d_laser_link' at time 1789742859.519 for reason 'the timestamp on the message is earlier than all the data in the transform cache'[0m
[amcl-1] [0m[INFO] [1789742860.125072308] [robot.amcl]: Message Filter dropping message: frame 'robot_top_3d_laser_link' at time 1789742859.619 for reason 'the timestamp on the message is earlier than all the data in the transform cache'[0m
[amcl-1] [0m[INFO] [1789742860.226001333] [robot.amcl]: Message Filter dropping message: frame 'robot_top_3d_laser_link' at time 1789742859.719 for reason 'the timestamp on the message is earlier than all the data in the transform cache'[0m
[amcl-1] [0m[INFO] [1789742860.325920287] [robot.amcl]: Message Filter dropping message: frame 'robot_top_3d_laser_link' at time 1789742859.819 for reason 'the timestamp on the message is earlier than all the data in the transform cache'[0m
[amcl-1] [0m[INFO] [1789742860.423398476] [robot.amcl]: Message Filter dropping message: frame 'robot_top_3d_laser_link' at time 1789742859.918 for reason 'the timestamp on the message is earlier than all the data in the transform cache'[0m
[amcl-1] [0m[INFO] [1789742860.525491313] [robot.amcl]: Message Filter dropping message: frame 'robot_top_3d_laser_link' at time 1789742860.019 for reason 'the timestamp on the message is earlier than all the data in the transform cache'[0m
[amcl-1] [0m[INFO] [1789742861.868628203] [robot.amcl]: Message Filter dropping message: frame 'robot_top_3d_laser_link' at time 1789742861.319 for reason 'the timestamp on the message is earlier than all the data in the transform cache'[0m
[amcl-1] [0m[INFO] [1789742861.923850978] [robot.amcl]: Message Filter dropping message: frame 'robot_top_3d_laser_link' at time 1789742861.419 for reason 'the timestamp on the message is earlier than all the data in the transform cache'[0m
[amcl-1] [0m[INFO] [1789742862.023894058] [robot.amcl]: Message Filter dropping message: frame 'robot_top_3d_laser_link' at time 1789742861.518 for reason 'the timestamp on the message is earlier than all the data in the transform cache'[0m
[amcl-1] [0m[INFO] [1789742862.124317505] [robot.amcl]: Message Filter dropping message: frame 'robot_top_3d_laser_link' at time 1789742861.619 for reason 'the timestamp on the message is earlier than all the data in the transform cache'[0m
[amcl-1] [0m[INFO] [1789742862.224470746] [robot.amcl]: Message Filter dropping message: frame 'robot_top_3d_laser_link' at time 1789742861.719 for reason 'the timestamp on the message is earlier than all the data in the transform cache'[0m
[amcl-1] [0m[INFO] [1789742862.323873438] [robot.amcl]: Message Filter dropping message: frame 'robot_top_3d_laser_link' at time 1789742861.819 for reason 'the timestamp on the message is earlier than all the data in the transform cache'[0m
[amcl-1] [0m[INFO] [1789742863.022964911] [robot.amcl]: Message Filter dropping message: frame 'robot_top_3d_laser_link' at time 1789742862.518 for reason 'the timestamp on the message is earlier than all the data in the transform cache'[0m
[amcl-1] [0m[INFO] [1789742863.122930399] [robot.amcl]: Message Filter dropping message: frame 'robot_top_3d_laser_link' at time 1789742862.618 for reason 'the timestamp on the message is earlier than all the data in the transform cache'[0m
[amcl-1] [0m[INFO] [1789742863.424993009] [robot.amcl]: Message Filter dropping message: frame 'robot_top_3d_laser_link' at time 1789742862.919 for reason 'the timestamp on the message is earlier than all the data in the transform cache'[0m
[amcl-1] [0m[INFO] [1789742863.525152180] [robot.amcl]: Message Filter dropping message: frame 'robot_top_3d_laser_link' at time 1789742863.019 for reason 'the timestamp on the message is earlier than all the data in the transform cache'[0m
[amcl-1] [0m[INFO] [1789742864.722745198] [robot.amcl]: Message Filter dropping message: frame 'robot_top_3d_laser_link' at time 1789742864.218 for reason 'the timestamp on the message is earlier than all the data in the transform cache'[0m
[amcl-1] [0m[INFO] [1789742864.824075989] [robot.amcl]: Message Filter dropping message: frame 'robot_top_3d_laser_link' at time 1789742864.318 for reason 'the timestamp on the message is earlier than all the data in the transform cache'[0m
[amcl-1] [0m[INFO] [1789742865.124940912] [robot.amcl]: Message Filter dropping message: frame 'robot_top_3d_laser_link' at time 1789742864.618 for reason 'the timestamp on the message is earlier than all the data in the transform cache'[0m
[amcl-1] [0m[INFO] [1789742865.322879443] [robot.amcl]: Message Filter dropping message: frame 'robot_top_3d_laser_link' at time 1789742864.818 for reason 'the timestamp on the message is earlier than all the data in the transform cache'[0m
[amcl-1] [0m[INFO] [1789742865.723163013] [robot.amcl]: Message Filter dropping message: frame 'robot_top_3d_laser_link' at time 1789742865.218 for reason 'the timestamp on the message is earlier than all the data in the transform cache'[0m
[amcl-1] [0m[INFO] [1789742865.822893822] [robot.amcl]: Message Filter dropping message: frame 'robot_top_3d_laser_link' at time 1789742865.318 for reason 'the timestamp on the message is earlier than all the data in the transform cache'[0m
[amcl-1] [0m[INFO] [1789742865.922904515] [robot.amcl]: Message Filter dropping message: frame 'robot_top_3d_laser_link' at time 1789742865.418 for reason 'the timestamp on the message is earlier than all the data in the transform cache'[0m
[amcl-1] [0m[INFO] [1789742866.023225021] [robot.amcl]: Message Filter dropping message: frame 'robot_top_3d_laser_link' at time 1789742865.518 for reason 'the timestamp on the message is earlier than all the data in the transform cache'[0m
[amcl-1] [0m[INFO] [1789742866.122848538] [robot.amcl]: Message Filter dropping message: frame 'robot_top_3d_laser_link' at time 1789742865.618 for reason 'the timestamp on the message is earlier than all the data in the transform cache'[0m
[amcl-1] [0m[INFO] [1789742866.223227236] [robot.amcl]: Message Filter dropping message: frame 'robot_top_3d_laser_link' at time 1789742865.718 for reason 'the timestamp on the message is earlier than all the data in the transform cache'[0m
[amcl-1] [0m[INFO] [1789742866.322650040] [robot.amcl]: Message Filter dropping message: frame 'robot_top_3d_laser_link' at time 1789742865.818 for reason 'the timestamp on the message is earlier than all the data in the transform cache'[0m
[amcl-1] [0m[INFO] [1789742866.422921242] [robot.amcl]: Message Filter dropping message: frame 'robot_top_3d_laser_link' at time 1789742865.918 for reason 'the timestamp on the message is earlier than all the data in the transform cache'[0m
[amcl-1] [0m[INFO] [1789742866.522900003] [robot.amcl]: Message Filter dropping message: frame 'robot_top_3d_laser_link' at time 1789742866.018 for reason 'the timestamp on the message is earlier than all the data in the transform cache'[0m
[amcl-1] [0m[INFO] [1789742867.122939375] [robot.amcl]: Message Filter dropping message: frame 'robot_top_3d_laser_link' at time 1789742866.618 for reason 'the timestamp on the message is earlier than all the data in the transform cache'[0m
[amcl-1] [0m[INFO] [1789742867.222532861] [robot.amcl]: Message Filter dropping message: frame 'robot_top_3d_laser_link' at time 1789742866.718 for reason 'the timestamp on the message is earlier than all the data in the transform cache'[0m
[amcl-1] [0m[INFO] [1789742867.622331646] [robot.amcl]: Message Filter dropping message: frame 'robot_top_3d_laser_link' at time 1789742867.118 for reason 'the timestamp on the message is earlier than all the data in the transform cache'[0m
[amcl-1] [0m[INFO] [1789742872.022216014] [robot.amcl]: Message Filter dropping message: frame 'robot_top_3d_laser_link' at time 1789742871.518 for reason 'the timestamp on the message is earlier than all the data in the transform cache'[0m
[amcl-1] [0m[INFO] [1789742872.122625559] [robot.amcl]: Message Filter dropping message: frame 'robot_top_3d_laser_link' at time 1789742871.618 for reason 'the timestamp on the message is earlier than all the data in the transform cache'[0m
[amcl-1] [0m[INFO] [1789742872.222645349] [robot.amcl]: Message Filter dropping message: frame 'robot_top_3d_laser_link' at time 1789742871.718 for reason 'the timestamp on the message is earlier than all the data in the transform cache'[0m
[amcl-1] [0m[INFO] [1789742872.322124264] [robot.amcl]: Message Filter dropping message: frame 'robot_top_3d_laser_link' at time 1789742871.818 for reason 'the timestamp on the message is earlier than all the data in the transform cache'[0m
[amcl-1] [0m[INFO] [1789742872.421968391] [robot.amcl]: Message Filter dropping message: frame 'robot_top_3d_laser_link' at time 1789742871.918 for reason 'the timestamp on the message is earlier than all the data in the transform cache'[0m
[amcl-1] [0m[INFO] [1789742872.522370481] [robot.amcl]: Message Filter dropping message: frame 'robot_top_3d_laser_link' at time 1789742872.018 for reason 'the timestamp on the message is earlier than all the data in the transform cache'[0m
[amcl-1] [0m[INFO] [1789742872.622982007] [robot.amcl]: Message Filter dropping message: frame 'robot_top_3d_laser_link' at time 1789742872.118 for reason 'the timestamp on the message is earlier than all the data in the transform cache'[0m
[amcl-1] [0m[INFO] [1789742872.723137806] [robot.amcl]: Message Filter dropping message: frame 'robot_top_3d_laser_link' at time 1789742872.218 for reason 'the timestamp on the message is earlier than all the data in the transform cache'[0m
[amcl-1] [0m[INFO] [1789742872.921943656] [robot.amcl]: Message Filter dropping message: frame 'robot_top_3d_laser_link' at time 1789742872.418 for reason 'the timestamp on the message is earlier than all the data in the transform cache'[0m
[amcl-1] [0m[INFO] [1789742873.422036914] [robot.amcl]: Message Filter dropping message: frame 'robot_top_3d_laser_link' at time 1789742872.918 for reason 'the timestamp on the message is earlier than all the data in the transform cache'[0m
[amcl-1] [0m[INFO] [1789742873.521961650] [robot.amcl]: Message Filter dropping message: frame 'robot_top_3d_laser_link' at time 1789742873.018 for reason 'the timestamp on the message is earlier than all the data in the transform cache'[0m
[amcl-1] [0m[INFO] [1789742873.623313061] [robot.amcl]: Message Filter dropping message: frame 'robot_top_3d_laser_link' at time 1789742873.118 for reason 'the timestamp on the message is earlier than all the data in the transform cache'[0m
[amcl-1] [0m[INFO] [1789742873.722049330] [robot.amcl]: Message Filter dropping message: frame 'robot_top_3d_laser_link' at time 1789742873.218 for reason 'the timestamp on the message is earlier than all the data in the transform cache'[0m
[amcl-1] [0m[INFO] [1789742873.822029030] [robot.amcl]: Message Filter dropping message: frame 'robot_top_3d_laser_link' at time 1789742873.318 for reason 'the timestamp on the message is earlier than all the data in the transform cache'[0m
[amcl-1] [0m[INFO] [1789742874.021967381] [robot.amcl]: Message Filter dropping message: frame 'robot_top_3d_laser_link' at time 1789742873.518 for reason 'the timestamp on the message is earlier than all the data in the transform cache'[0m
[amcl-1] [0m[INFO] [1789742874.122035539] [robot.amcl]: Message Filter dropping message: frame 'robot_top_3d_laser_link' at time 1789742873.618 for reason 'the timestamp on the message is earlier than all the data in the transform cache'[0m
[amcl-1] [0m[INFO] [1789742874.221839175] [robot.amcl]: Message Filter dropping message: frame 'robot_top_3d_laser_link' at time 1789742873.718 for reason 'the timestamp on the message is earlier than all the data in the transform cache'[0m
[amcl-1] [0m[INFO] [1789742875.221723053] [robot.amcl]: Message Filter dropping message: frame 'robot_top_3d_laser_link' at time 1789742874.718 for reason 'the timestamp on the message is earlier than all the data in the transform cache'[0m
[amcl-1] [0m[INFO] [1789742875.321710780] [robot.amcl]: Message Filter dropping message: frame 'robot_top_3d_laser_link' at time 1789742874.818 for reason 'the timestamp on the message is earlier than all the data in the transform cache'[0m
[amcl-1] [0m[INFO] [1789742875.421786468] [robot.amcl]: Message Filter dropping message: frame 'robot_top_3d_laser_link' at time 1789742874.918 for reason 'the timestamp on the message is earlier than all the data in the transform cache'[0m
[amcl-1] [0m[INFO] [1789742875.521779931] [robot.amcl]: Message Filter dropping message: frame 'robot_top_3d_laser_link' at time 1789742875.018 for reason 'the timestamp on the message is earlier than all the data in the transform cache'[0m
[amcl-1] [0m[INFO] [1789742875.623279959] [robot.amcl]: Message Filter dropping message: frame 'robot_top_3d_laser_link' at time 1789742875.118 for reason 'the timestamp on the message is earlier than all the data in the transform cache'[0m
[amcl-1] [0m[INFO] [1789742875.821762256] [robot.amcl]: Message Filter dropping message: frame 'robot_top_3d_laser_link' at time 1789742875.318 for reason 'the timestamp on the message is earlier than all the data in the transform cache'[0m
[amcl-1] [0m[INFO] [1789742876.022019078] [robot.amcl]: Message Filter dropping message: frame 'robot_top_3d_laser_link' at time 1789742875.518 for reason 'the timestamp on the message is earlier than all the data in the transform cache'[0m
[amcl-1] [0m[INFO] [1789742876.621566689] [robot.amcl]: Message Filter dropping message: frame 'robot_top_3d_laser_link' at time 1789742876.118 for reason 'the timestamp on the message is earlier than all the data in the transform cache'[0m
[amcl-1] [0m[INFO] [1789742876.721641392] [robot.amcl]: Message Filter dropping message: frame 'robot_top_3d_laser_link' at time 1789742876.218 for reason 'the timestamp on the message is earlier than all the data in the transform cache'[0m
[amcl-1] [0m[INFO] [1789742876.821525471] [robot.amcl]: Message Filter dropping message: frame 'robot_top_3d_laser_link' at time 1789742876.318 for reason 'the timestamp on the message is earlier than all the data in the transform cache'[0m
[amcl-1] [0m[INFO] [1789742876.921519764] [robot.amcl]: Message Filter dropping message: frame 'robot_top_3d_laser_link' at time 1789742876.418 for reason 'the timestamp on the message is earlier than all the data in the transform cache'[0m
[amcl-1] [0m[INFO] [1789742877.021775858] [robot.amcl]: Message Filter dropping message: frame 'robot_top_3d_laser_link' at time 1789742876.518 for reason 'the timestamp on the message is earlier than all the data in the transform cache'[0m
[amcl-1] [0m[INFO] [1789742877.121679145] [robot.amcl]: Message Filter dropping message: frame 'robot_top_3d_laser_link' at time 1789742876.618 for reason 'the timestamp on the message is earlier than all the data in the transform cache'[0m
[amcl-1] [0m[INFO] [1789742877.221695607] [robot.amcl]: Message Filter dropping message: frame 'robot_top_3d_laser_link' at time 1789742876.718 for reason 'the timestamp on the message is earlier than all the data in the transform cache'[0m
[amcl-1] [0m[INFO] [1789742877.321841695] [robot.amcl]: Message Filter dropping message: frame 'robot_top_3d_laser_link' at time 1789742876.818 for reason 'the timestamp on the message is earlier than all the data in the transform cache'[0m
[amcl-1] [0m[INFO] [1789742877.421842887] [robot.amcl]: Message Filter dropping message: frame 'robot_top_3d_laser_link' at time 1789742876.918 for reason 'the timestamp on the message is earlier than all the data in the transform cache'[0m
[amcl-1] [0m[INFO] [1789742877.523665091] [robot.amcl]: Message Filter dropping message: frame 'robot_top_3d_laser_link' at time 1789742877.018 for reason 'the timestamp on the message is earlier than all the data in the transform cache'[0m
[amcl-1] [0m[INFO] [1789742877.621904218] [robot.amcl]: Message Filter dropping message: frame 'robot_top_3d_laser_link' at time 1789742877.118 for reason 'the timestamp on the message is earlier than all the data in the transform cache'[0m
[amcl-1] [0m[INFO] [1789742877.724262326] [robot.amcl]: Message Filter dropping message: frame 'robot_top_3d_laser_link' at time 1789742877.218 for reason 'the timestamp on the message is earlier than all the data in the transform cache'[0m
[amcl-1] [0m[INFO] [1789742877.824200107] [robot.amcl]: Message Filter dropping message: frame 'robot_top_3d_laser_link' at time 1789742877.318 for reason 'the timestamp on the message is earlier than all the data in the transform cache'[0m
[amcl-1] [0m[INFO] [1789742877.923769856] [robot.amcl]: Message Filter dropping message: frame 'robot_top_3d_laser_link' at time 1789742877.418 for reason 'the timestamp on the message is earlier than all the data in the transform cache'[0m
[amcl-1] [0m[INFO] [1789742881.423253840] [robot.amcl]: Message Filter dropping message: frame 'robot_top_3d_laser_link' at time 1789742880.918 for reason 'the timestamp on the message is earlier than all the data in the transform cache'[0m
[amcl-1] [0m[INFO] [1789742881.523202309] [robot.amcl]: Message Filter dropping message: frame 'robot_top_3d_laser_link' at time 1789742881.018 for reason 'the timestamp on the message is earlier than all the data in the transform cache'[0m
[amcl-1] [0m[INFO] [1789742881.624051355] [robot.amcl]: Message Filter dropping message: frame 'robot_top_3d_laser_link' at time 1789742881.118 for reason 'the timestamp on the message is earlier than all the data in the transform cache'[0m
[amcl-1] [0m[INFO] [1789742881.726255865] [robot.amcl]: Message Filter dropping message: frame 'robot_top_3d_laser_link' at time 1789742881.218 for reason 'the timestamp on the message is earlier than all the data in the transform cache'[0m
[amcl-1] [0m[INFO] [1789742881.923305038] [robot.amcl]: Message Filter dropping message: frame 'robot_top_3d_laser_link' at time 1789742881.418 for reason 'the timestamp on the message is earlier than all the data in the transform cache'[0m
[amcl-1] [0m[INFO] [1789742885.422243289] [robot.amcl]: Message Filter dropping message: frame 'robot_top_3d_laser_link' at time 1789742884.918 for reason 'the timestamp on the message is earlier than all the data in the transform cache'[0m
[amcl-1] [0m[INFO] [1789742885.823008060] [robot.amcl]: Message Filter dropping message: frame 'robot_top_3d_laser_link' at time 1789742885.318 for reason 'the timestamp on the message is earlier than all the data in the transform cache'[0m
[amcl-1] [0m[INFO] [1789742887.521910759] [robot.amcl]: Message Filter dropping message: frame 'robot_top_3d_laser_link' at time 1789742887.018 for reason 'the timestamp on the message is earlier than all the data in the transform cache'[0m
[amcl-1] [0m[INFO] [1789742887.622723319] [robot.amcl]: Message Filter dropping message: frame 'robot_top_3d_laser_link' at time 1789742887.118 for reason 'the timestamp on the message is earlier than all the data in the transform cache'[0m
[amcl-1] [0m[INFO] [1789742887.723298277] [robot.amcl]: Message Filter dropping message: frame 'robot_top_3d_laser_link' at time 1789742887.218 for reason 'the timestamp on the message is earlier than all the data in the transform cache'[0m
[amcl-1] [0m[INFO] [1789742887.822667392] [robot.amcl]: Message Filter dropping message: frame 'robot_top_3d_laser_link' at time 1789742887.318 for reason 'the timestamp on the message is earlier than all the data in the transform cache'[0m
[amcl-1] [0m[INFO] [1789742887.921924298] [robot.amcl]: Message Filter dropping message: frame 'robot_top_3d_laser_link' at time 1789742887.418 for reason 'the timestamp on the message is earlier than all the data in the transform cache'[0m
[amcl-1] [0m[INFO] [1789742888.023402697] [robot.amcl]: Message Filter dropping message: frame 'robot_top_3d_laser_link' at time 1789742887.518 for reason 'the timestamp on the message is earlier than all the data in the transform cache'[0m
[amcl-1] [0m[INFO] [1789742888.123497384] [robot.amcl]: Message Filter dropping message: frame 'robot_top_3d_laser_link' at time 1789742887.618 for reason 'the timestamp on the message is earlier than all the data in the transform cache'[0m
[amcl-1] [0m[INFO] [1789742889.822130606] [robot.amcl]: Message Filter dropping message: frame 'robot_top_3d_laser_link' at time 1789742889.318 for reason 'the timestamp on the message is earlier than all the data in the transform cache'[0m
[amcl-1] [0m[INFO] [1789742890.224177302] [robot.amcl]: Message Filter dropping message: frame 'robot_top_3d_laser_link' at time 1789742889.718 for reason 'the timestamp on the message is earlier than all the data in the transform cache'[0m
[amcl-1] [0m[INFO] [1789742891.021607041] [robot.amcl]: Message Filter dropping message: frame 'robot_top_3d_laser_link' at time 1789742890.518 for reason 'the timestamp on the message is earlier than all the data in the transform cache'[0m
[amcl-1] [0m[INFO] [1789742891.121529058] [robot.amcl]: Message Filter dropping message: frame 'robot_top_3d_laser_link' at time 1789742890.618 for reason 'the timestamp on the message is earlier than all the data in the transform cache'[0m
[amcl-1] [0m[INFO] [1789742891.221923978] [robot.amcl]: Message Filter dropping message: frame 'robot_top_3d_laser_link' at time 1789742890.718 for reason 'the timestamp on the message is earlier than all the data in the transform cache'[0m
[amcl-1] [0m[INFO] [1789742891.321704806] [robot.amcl]: Message Filter dropping message: frame 'robot_top_3d_laser_link' at time 1789742890.818 for reason 'the timestamp on the message is earlier than all the data in the transform cache'[0m
[amcl-1] [0m[INFO] [1789742891.421564844] [robot.amcl]: Message Filter dropping message: frame 'robot_top_3d_laser_link' at time 1789742890.918 for reason 'the timestamp on the message is earlier than all the data in the transform cache'[0m
[amcl-1] [0m[INFO] [1789742891.521617007] [robot.amcl]: Message Filter dropping message: frame 'robot_top_3d_laser_link' at time 1789742891.018 for reason 'the timestamp on the message is earlier than all the data in the transform cache'[0m
[amcl-1] [0m[INFO] [1789742891.622210043] [robot.amcl]: Message Filter dropping message: frame 'robot_top_3d_laser_link' at time 1789742891.118 for reason 'the timestamp on the message is earlier than all the data in the transform cache'[0m
[amcl-1] [0m[INFO] [1789742891.921623945] [robot.amcl]: Message Filter dropping message: frame 'robot_top_3d_laser_link' at time 1789742891.418 for reason 'the timestamp on the message is earlier than all the data in the transform cache'[0m
[amcl-1] [0m[INFO] [1789742892.021560456] [robot.amcl]: Message Filter dropping message: frame 'robot_top_3d_laser_link' at time 1789742891.518 for reason 'the timestamp on the message is earlier than all the data in the transform cache'[0m
[amcl-1] [0m[INFO] [1789742893.321924449] [robot.amcl]: Message Filter dropping message: frame 'robot_top_3d_laser_link' at time 1789742892.018 for reason 'discarding message because the queue is full'[0m
[amcl-1] [0m[INFO] [1789742893.421195873] [robot.amcl]: Message Filter dropping message: frame 'robot_top_3d_laser_link' at time 1789742892.218 for reason 'discarding message because the queue is full'[0m
[amcl-1] [0m[INFO] [1789742893.447981751] [robot.amcl]: Message Filter dropping message: frame 'robot_top_3d_laser_link' at time 1789742892.318 for reason 'the timestamp on the message is earlier than all the data in the transform cache'[0m
[amcl-1] [0m[INFO] [1789742893.451667958] [robot.amcl]: Message Filter dropping message: frame 'robot_top_3d_laser_link' at time 1789742892.418 for reason 'the timestamp on the message is earlier than all the data in the transform cache'[0m
[amcl-1] [0m[INFO] [1789742893.455296600] [robot.amcl]: Message Filter dropping message: frame 'robot_top_3d_laser_link' at time 1789742892.518 for reason 'the timestamp on the message is earlier than all the data in the transform cache'[0m
[amcl-1] [0m[INFO] [1789742893.459173153] [robot.amcl]: Message Filter dropping message: frame 'robot_top_3d_laser_link' at time 1789742892.618 for reason 'the timestamp on the message is earlier than all the data in the transform cache'[0m
[amcl-1] [0m[INFO] [1789742893.463081587] [robot.amcl]: Message Filter dropping message: frame 'robot_top_3d_laser_link' at time 1789742892.718 for reason 'the timestamp on the message is earlier than all the data in the transform cache'[0m
[amcl-1] [0m[INFO] [1789742893.466377625] [robot.amcl]: Message Filter dropping message: frame 'robot_top_3d_laser_link' at time 1789742892.817 for reason 'the timestamp on the message is earlier than all the data in the transform cache'[0m
[amcl-1] [0m[INFO] [1789742893.469447111] [robot.amcl]: Message Filter dropping message: frame 'robot_top_3d_laser_link' at time 1789742892.918 for reason 'the timestamp on the message is earlier than all the data in the transform cache'[0m
[amcl-1] [0m[INFO] [1789742893.521697368] [robot.amcl]: Message Filter dropping message: frame 'robot_top_3d_laser_link' at time 1789742893.018 for reason 'the timestamp on the message is earlier than all the data in the transform cache'[0m
[amcl-1] [0m[INFO] [1789742893.921379231] [robot.amcl]: Message Filter dropping message: frame 'robot_top_3d_laser_link' at time 1789742893.417 for reason 'the timestamp on the message is earlier than all the data in the transform cache'[0m
[amcl-1] [0m[INFO] [1789742897.421156769] [robot.amcl]: Message Filter dropping message: frame 'robot_top_3d_laser_link' at time 1789742896.917 for reason 'the timestamp on the message is earlier than all the data in the transform cache'[0m
[amcl-1] [0m[INFO] [1789742897.521675758] [robot.amcl]: Message Filter dropping message: frame 'robot_top_3d_laser_link' at time 1789742897.017 for reason 'the timestamp on the message is earlier than all the data in the transform cache'[0m
[amcl-1] [0m[INFO] [1789742897.821426510] [robot.amcl]: Message Filter dropping message: frame 'robot_top_3d_laser_link' at time 1789742897.317 for reason 'the timestamp on the message is earlier than all the data in the transform cache'[0m
[amcl-1] [0m[INFO] [1789742897.921888371] [robot.amcl]: Message Filter dropping message: frame 'robot_top_3d_laser_link' at time 1789742897.417 for reason 'the timestamp on the message is earlier than all the data in the transform cache'[0m
[amcl-1] [0m[INFO] [1789742898.621173934] [robot.amcl]: Message Filter dropping message: frame 'robot_top_3d_laser_link' at time 1789742898.117 for reason 'the timestamp on the message is earlier than all the data in the transform cache'[0m
[amcl-1] [0m[INFO] [1789742898.721106375] [robot.amcl]: Message Filter dropping message: frame 'robot_top_3d_laser_link' at time 1789742898.217 for reason 'the timestamp on the message is earlier than all the data in the transform cache'[0m
[amcl-1] [0m[INFO] [1789742899.221098377] [robot.amcl]: Message Filter dropping message: frame 'robot_top_3d_laser_link' at time 1789742898.717 for reason 'the timestamp on the message is earlier than all the data in the transform cache'[0m
[amcl-1] [0m[INFO] [1789742902.821979140] [robot.amcl]: Message Filter dropping message: frame 'robot_top_3d_laser_link' at time 1789742902.317 for reason 'the timestamp on the message is earlier than all the data in the transform cache'[0m
[amcl-1] [0m[INFO] [1789742902.922047652] [robot.amcl]: Message Filter dropping message: frame 'robot_top_3d_laser_link' at time 1789742902.417 for reason 'the timestamp on the message is earlier than all the data in the transform cache'[0m
[amcl-1] [0m[INFO] [1789742903.021903706] [robot.amcl]: Message Filter dropping message: frame 'robot_top_3d_laser_link' at time 1789742902.517 for reason 'the timestamp on the message is earlier than all the data in the transform cache'[0m
[amcl-1] [0m[INFO] [1789742903.122669682] [robot.amcl]: Message Filter dropping message: frame 'robot_top_3d_laser_link' at time 1789742902.617 for reason 'the timestamp on the message is earlier than all the data in the transform cache'[0m
[amcl-1] [0m[INFO] [1789742903.923828215] [robot.amcl]: Message Filter dropping message: frame 'robot_top_3d_laser_link' at time 1789742903.417 for reason 'the timestamp on the message is earlier than all the data in the transform cache'[0m
[amcl-1] [0m[INFO] [1789742904.026484955] [robot.amcl]: Message Filter dropping message: frame 'robot_top_3d_laser_link' at time 1789742903.517 for reason 'the timestamp on the message is earlier than all the data in the transform cache'[0m
[amcl-1] [0m[INFO] [1789742904.124194130] [robot.amcl]: Message Filter dropping message: frame 'robot_top_3d_laser_link' at time 1789742903.617 for reason 'the timestamp on the message is earlier than all the data in the transform cache'[0m
[amcl-1] [0m[INFO] [1789742904.222410377] [robot.amcl]: Message Filter dropping message: frame 'robot_top_3d_laser_link' at time 1789742903.717 for reason 'the timestamp on the message is earlier than all the data in the transform cache'[0m
[amcl-1] [0m[INFO] [1789742904.521766011] [robot.amcl]: Message Filter dropping message: frame 'robot_top_3d_laser_link' at time 1789742904.017 for reason 'the timestamp on the message is earlier than all the data in the transform cache'[0m
[amcl-1] [0m[INFO] [1789742904.621930764] [robot.amcl]: Message Filter dropping message: frame 'robot_top_3d_laser_link' at time 1789742904.117 for reason 'the timestamp on the message is earlier than all the data in the transform cache'[0m
[amcl-1] [0m[INFO] [1789742904.721706572] [robot.amcl]: Message Filter dropping message: frame 'robot_top_3d_laser_link' at time 1789742904.217 for reason 'the timestamp on the message is earlier than all the data in the transform cache'[0m
[amcl-1] [0m[INFO] [1789742904.922486495] [robot.amcl]: Message Filter dropping message: frame 'robot_top_3d_laser_link' at time 1789742904.417 for reason 'the timestamp on the message is earlier than all the data in the transform cache'[0m
[amcl-1] [0m[INFO] [1789742905.023096418] [robot.amcl]: Message Filter dropping message: frame 'robot_top_3d_laser_link' at time 1789742904.517 for reason 'the timestamp on the message is earlier than all the data in the transform cache'[0m
[amcl-1] [0m[INFO] [1789742905.921754834] [robot.amcl]: Message Filter dropping message: frame 'robot_top_3d_laser_link' at time 1789742905.417 for reason 'the timestamp on the message is earlier than all the data in the transform cache'[0m
[amcl-1] [0m[INFO] [1789742906.021808394] [robot.amcl]: Message Filter dropping message: frame 'robot_top_3d_laser_link' at time 1789742905.517 for reason 'the timestamp on the message is earlier than all the data in the transform cache'[0m
[amcl-1] [0m[INFO] [1789742906.321977291] [robot.amcl]: Message Filter dropping message: frame 'robot_top_3d_laser_link' at time 1789742905.817 for reason 'the timestamp on the message is earlier than all the data in the transform cache'[0m
[amcl-1] [0m[INFO] [1789742906.425758607] [robot.amcl]: Message Filter dropping message: frame 'robot_top_3d_laser_link' at time 1789742905.917 for reason 'the timestamp on the message is earlier than all the data in the transform cache'[0m
[amcl-1] [0m[INFO] [1789742907.321473055] [robot.amcl]: Message Filter dropping message: frame 'robot_top_3d_laser_link' at time 1789742906.817 for reason 'the timestamp on the message is earlier than all the data in the transform cache'[0m
[amcl-1] [0m[INFO] [1789742907.421591371] [robot.amcl]: Message Filter dropping message: frame 'robot_top_3d_laser_link' at time 1789742906.917 for reason 'the timestamp on the message is earlier than all the data in the transform cache'[0m
[amcl-1] [0m[INFO] [1789742907.521515495] [robot.amcl]: Message Filter dropping message: frame 'robot_top_3d_laser_link' at time 1789742907.017 for reason 'the timestamp on the message is earlier than all the data in the transform cache'[0m
[amcl-1] [0m[INFO] [1789742907.621550213] [robot.amcl]: Message Filter dropping message: frame 'robot_top_3d_laser_link' at time 1789742907.117 for reason 'the timestamp on the message is earlier than all the data in the transform cache'[0m
[amcl-1] [0m[INFO] [1789742907.721905823] [robot.amcl]: Message Filter dropping message: frame 'robot_top_3d_laser_link' at time 1789742907.217 for reason 'the timestamp on the message is earlier than all the data in the transform cache'[0m
[amcl-1] [0m[INFO] [1789742907.821428026] [robot.amcl]: Message Filter dropping message: frame 'robot_top_3d_laser_link' at time 1789742907.317 for reason 'the timestamp on the message is earlier than all the data in the transform cache'[0m
[amcl-1] [0m[INFO] [1789742907.922221139] [robot.amcl]: Message Filter dropping message: frame 'robot_top_3d_laser_link' at time 1789742907.417 for reason 'the timestamp on the message is earlier than all the data in the transform cache'[0m
[amcl-1] [0m[INFO] [1789742908.022139116] [robot.amcl]: Message Filter dropping message: frame 'robot_top_3d_laser_link' at time 1789742907.517 for reason 'the timestamp on the message is earlier than all the data in the transform cache'[0m
[amcl-1] [0m[INFO] [1789742908.123254382] [robot.amcl]: Message Filter dropping message: frame 'robot_top_3d_laser_link' at time 1789742907.617 for reason 'the timestamp on the message is earlier than all the data in the transform cache'[0m
[amcl-1] [0m[INFO] [1789742908.621417761] [robot.amcl]: Message Filter dropping message: frame 'robot_top_3d_laser_link' at time 1789742908.117 for reason 'the timestamp on the message is earlier than all the data in the transform cache'[0m
[amcl-1] [0m[INFO] [1789742908.722211126] [robot.amcl]: Message Filter dropping message: frame 'robot_top_3d_laser_link' at time 1789742908.217 for reason 'the timestamp on the message is earlier than all the data in the transform cache'[0m
[amcl-1] [0m[INFO] [1789742908.821709642] [robot.amcl]: Message Filter dropping message: frame 'robot_top_3d_laser_link' at time 1789742908.317 for reason 'the timestamp on the message is earlier than all the data in the transform cache'[0m
[amcl-1] [0m[INFO] [1789742908.921492424] [robot.amcl]: Message Filter dropping message: frame 'robot_top_3d_laser_link' at time 1789742908.417 for reason 'the timestamp on the message is earlier than all the data in the transform cache'[0m
[amcl-1] [0m[INFO] [1789742909.021319865] [robot.amcl]: Message Filter dropping message: frame 'robot_top_3d_laser_link' at time 1789742908.517 for reason 'the timestamp on the message is earlier than all the data in the transform cache'[0m
[amcl-1] [0m[INFO] [1789742909.122932930] [robot.amcl]: Message Filter dropping message: frame 'robot_top_3d_laser_link' at time 1789742908.617 for reason 'the timestamp on the message is earlier than all the data in the transform cache'[0m
[amcl-1] [0m[INFO] [1789742909.223237217] [robot.amcl]: Message Filter dropping message: frame 'robot_top_3d_laser_link' at time 1789742908.717 for reason 'the timestamp on the message is earlier than all the data in the transform cache'[0m
[amcl-1] [0m[INFO] [1789742909.321937769] [robot.amcl]: Message Filter dropping message: frame 'robot_top_3d_laser_link' at time 1789742908.817 for reason 'the timestamp on the message is earlier than all the data in the transform cache'[0m
[amcl-1] [0m[INFO] [1789742909.621708794] [robot.amcl]: Message Filter dropping message: frame 'robot_top_3d_laser_link' at time 1789742909.117 for reason 'the timestamp on the message is earlier than all the data in the transform cache'[0m
[amcl-1] [0m[INFO] [1789742909.721984860] [robot.amcl]: Message Filter dropping message: frame 'robot_top_3d_laser_link' at time 1789742909.217 for reason 'the timestamp on the message is earlier than all the data in the transform cache'[0m
[amcl-1] [0m[INFO] [1789742910.421501817] [robot.amcl]: Message Filter dropping message: frame 'robot_top_3d_laser_link' at time 1789742909.917 for reason 'the timestamp on the message is earlier than all the data in the transform cache'[0m
[amcl-1] [0m[INFO] [1789742910.821991123] [robot.amcl]: Message Filter dropping message: frame 'robot_top_3d_laser_link' at time 1789742910.317 for reason 'the timestamp on the message is earlier than all the data in the transform cache'[0m
[amcl-1] [0m[INFO] [1789742911.021481253] [robot.amcl]: Message Filter dropping message: frame 'robot_top_3d_laser_link' at time 1789742910.517 for reason 'the timestamp on the message is earlier than all the data in the transform cache'[0m
[amcl-1] [0m[INFO] [1789742911.121202272] [robot.amcl]: Message Filter dropping message: frame 'robot_top_3d_laser_link' at time 1789742910.617 for reason 'the timestamp on the message is earlier than all the data in the transform cache'[0m
[amcl-1] [0m[INFO] [1789742913.221136277] [robot.amcl]: Message Filter dropping message: frame 'robot_top_3d_laser_link' at time 1789742912.717 for reason 'the timestamp on the message is earlier than all the data in the transform cache'[0m
[amcl-1] [0m[INFO] [1789742913.321390595] [robot.amcl]: Message Filter dropping message: frame 'robot_top_3d_laser_link' at time 1789742912.817 for reason 'the timestamp on the message is earlier than all the data in the transform cache'[0m
[amcl-1] [0m[INFO] [1789742914.021726919] [robot.amcl]: Message Filter dropping message: frame 'robot_top_3d_laser_link' at time 1789742913.517 for reason 'the timestamp on the message is earlier than all the data in the transform cache'[0m
[amcl-1] [0m[INFO] [1789742914.121093756] [robot.amcl]: Message Filter dropping message: frame 'robot_top_3d_laser_link' at time 1789742913.617 for reason 'the timestamp on the message is earlier than all the data in the transform cache'[0m
[amcl-1] [0m[INFO] [1789742914.222425676] [robot.amcl]: Message Filter dropping message: frame 'robot_top_3d_laser_link' at time 1789742913.717 for reason 'the timestamp on the message is earlier than all the data in the transform cache'[0m
[amcl-1] [0m[INFO] [1789742914.321089354] [robot.amcl]: Message Filter dropping message: frame 'robot_top_3d_laser_link' at time 1789742913.817 for reason 'the timestamp on the message is earlier than all the data in the transform cache'[0m
[amcl-1] [0m[INFO] [1789742914.721466720] [robot.amcl]: Message Filter dropping message: frame 'robot_top_3d_laser_link' at time 1789742914.217 for reason 'the timestamp on the message is earlier than all the data in the transform cache'[0m
[amcl-1] [0m[INFO] [1789742915.621563621] [robot.amcl]: Message Filter dropping message: frame 'robot_top_3d_laser_link' at time 1789742915.117 for reason 'the timestamp on the message is earlier than all the data in the transform cache'[0m
[amcl-1] [0m[INFO] [1789742915.725085924] [robot.amcl]: Message Filter dropping message: frame 'robot_top_3d_laser_link' at time 1789742915.217 for reason 'the timestamp on the message is earlier than all the data in the transform cache'[0m
[amcl-1] [0m[INFO] [1789742915.822159467] [robot.amcl]: Message Filter dropping message: frame 'robot_top_3d_laser_link' at time 1789742915.317 for reason 'the timestamp on the message is earlier than all the data in the transform cache'[0m
[amcl-1] [0m[INFO] [1789742915.921806183] [robot.amcl]: Message Filter dropping message: frame 'robot_top_3d_laser_link' at time 1789742915.417 for reason 'the timestamp on the message is earlier than all the data in the transform cache'[0m
[amcl-1] [0m[INFO] [1789742916.021621922] [robot.amcl]: Message Filter dropping message: frame 'robot_top_3d_laser_link' at time 1789742915.517 for reason 'the timestamp on the message is earlier than all the data in the transform cache'[0m
[amcl-1] [0m[INFO] [1789742916.223086465] [robot.amcl]: Message Filter dropping message: frame 'robot_top_3d_laser_link' at time 1789742915.717 for reason 'the timestamp on the message is earlier than all the data in the transform cache'[0m
[amcl-1] [0m[INFO] [1789742916.321342886] [robot.amcl]: Message Filter dropping message: frame 'robot_top_3d_laser_link' at time 1789742915.817 for reason 'the timestamp on the message is earlier than all the data in the transform cache'[0m
[amcl-1] [0m[INFO] [1789742916.421393409] [robot.amcl]: Message Filter dropping message: frame 'robot_top_3d_laser_link' at time 1789742915.917 for reason 'the timestamp on the message is earlier than all the data in the transform cache'[0m
[amcl-1] [0m[INFO] [1789742918.220681605] [robot.amcl]: Message Filter dropping message: frame 'robot_top_3d_laser_link' at time 1789742917.717 for reason 'the timestamp on the message is earlier than all the data in the transform cache'[0m
[amcl-1] [0m[INFO] [1789742918.320957481] [robot.amcl]: Message Filter dropping message: frame 'robot_top_3d_laser_link' at time 1789742917.817 for reason 'the timestamp on the message is earlier than all the data in the transform cache'[0m
[amcl-1] [0m[INFO] [1789742918.421190641] [robot.amcl]: Message Filter dropping message: frame 'robot_top_3d_laser_link' at time 1789742917.917 for reason 'the timestamp on the message is earlier than all the data in the transform cache'[0m
[amcl-1] [0m[INFO] [1789742918.520496820] [robot.amcl]: Message Filter dropping message: frame 'robot_top_3d_laser_link' at time 1789742918.017 for reason 'the timestamp on the message is earlier than all the data in the transform cache'[0m
[amcl-1] [0m[INFO] [1789742918.620523998] [robot.amcl]: Message Filter dropping message: frame 'robot_top_3d_laser_link' at time 1789742918.117 for reason 'the timestamp on the message is earlier than all the data in the transform cache'[0m
[amcl-1] [0m[INFO] [1789742918.721455125] [robot.amcl]: Message Filter dropping message: frame 'robot_top_3d_laser_link' at time 1789742918.217 for reason 'the timestamp on the message is earlier than all the data in the transform cache'[0m
[amcl-1] [0m[INFO] [1789742918.822825286] [robot.amcl]: Message Filter dropping message: frame 'robot_top_3d_laser_link' at time 1789742918.317 for reason 'the timestamp on the message is earlier than all the data in the transform cache'[0m
[amcl-1] [0m[INFO] [1789742918.921391582] [robot.amcl]: Message Filter dropping message: frame 'robot_top_3d_laser_link' at time 1789742918.417 for reason 'the timestamp on the message is earlier than all the data in the transform cache'[0m
[amcl-1] [0m[INFO] [1789742919.020754528] [robot.amcl]: Message Filter dropping message: frame 'robot_top_3d_laser_link' at time 1789742918.517 for reason 'the timestamp on the message is earlier than all the data in the transform cache'[0m
[amcl-1] [0m[INFO] [1789742921.621602819] [robot.amcl]: Message Filter dropping message: frame 'robot_top_3d_laser_link' at time 1789742921.117 for reason 'the timestamp on the message is earlier than all the data in the transform cache'[0m
[amcl-1] [0m[INFO] [1789742921.724016291] [robot.amcl]: Message Filter dropping message: frame 'robot_top_3d_laser_link' at time 1789742921.217 for reason 'the timestamp on the message is earlier than all the data in the transform cache'[0m
[amcl-1] [0m[INFO] [1789742921.824007322] [robot.amcl]: Message Filter dropping message: frame 'robot_top_3d_laser_link' at time 1789742921.317 for reason 'the timestamp on the message is earlier than all the data in the transform cache'[0m
[amcl-1] [0m[INFO] [1789742922.121060166] [robot.amcl]: Message Filter dropping message: frame 'robot_top_3d_laser_link' at time 1789742921.617 for reason 'the timestamp on the message is earlier than all the data in the transform cache'[0m
[amcl-1] [0m[INFO] [1789742922.226024560] [robot.amcl]: Message Filter dropping message: frame 'robot_top_3d_laser_link' at time 1789742921.717 for reason 'the timestamp on the message is earlier than all the data in the transform cache'[0m
[amcl-1] [0m[INFO] [1789742922.322718339] [robot.amcl]: Message Filter dropping message: frame 'robot_top_3d_laser_link' at time 1789742921.817 for reason 'the timestamp on the message is earlier than all the data in the transform cache'[0m
[amcl-1] [0m[INFO] [1789742923.322913131] [robot.amcl]: Message Filter dropping message: frame 'robot_top_3d_laser_link' at time 1789742922.817 for reason 'the timestamp on the message is earlier than all the data in the transform cache'[0m
[amcl-1] [0m[INFO] [1789742923.721593386] [robot.amcl]: Message Filter dropping message: frame 'robot_top_3d_laser_link' at time 1789742923.217 for reason 'the timestamp on the message is earlier than all the data in the transform cache'[0m
[amcl-1] [0m[INFO] [1789742924.321749951] [robot.amcl]: Message Filter dropping message: frame 'robot_top_3d_laser_link' at time 1789742923.817 for reason 'the timestamp on the message is earlier than all the data in the transform cache'[0m
[amcl-1] [0m[INFO] [1789742924.821770238] [robot.amcl]: Message Filter dropping message: frame 'robot_top_3d_laser_link' at time 1789742924.317 for reason 'the timestamp on the message is earlier than all the data in the transform cache'[0m
[amcl-1] [0m[INFO] [1789742931.628400993] [robot.amcl]: Message Filter dropping message: frame 'robot_top_3d_laser_link' at time 1789742931.117 for reason 'the timestamp on the message is earlier than all the data in the transform cache'[0m
[amcl-1] [0m[INFO] [1789742931.927473469] [robot.amcl]: Message Filter dropping message: frame 'robot_top_3d_laser_link' at time 1789742931.416 for reason 'the timestamp on the message is earlier than all the data in the transform cache'[0m
[amcl-1] [0m[INFO] [1789742933.321587107] [robot.amcl]: Message Filter dropping message: frame 'robot_top_3d_laser_link' at time 1789742932.816 for reason 'the timestamp on the message is earlier than all the data in the transform cache'[0m
[amcl-1] [0m[INFO] [1789742933.722994698] [robot.amcl]: Message Filter dropping message: frame 'robot_top_3d_laser_link' at time 1789742933.216 for reason 'the timestamp on the message is earlier than all the data in the transform cache'[0m
[amcl-1] [0m[INFO] [1789742936.520274835] [robot.amcl]: Message Filter dropping message: frame 'robot_top_3d_laser_link' at time 1789742936.016 for reason 'the timestamp on the message is earlier than all the data in the transform cache'[0m
[amcl-1] [0m[INFO] [1789742937.020210197] [robot.amcl]: Message Filter dropping message: frame 'robot_top_3d_laser_link' at time 1789742936.516 for reason 'the timestamp on the message is earlier than all the data in the transform cache'[0m
[amcl-1] [0m[INFO] [1789742938.020857571] [robot.amcl]: Message Filter dropping message: frame 'robot_top_3d_laser_link' at time 1789742937.516 for reason 'the timestamp on the message is earlier than all the data in the transform cache'[0m
[amcl-1] [0m[INFO] [1789742938.429630033] [robot.amcl]: Message Filter dropping message: frame 'robot_top_3d_laser_link' at time 1789742937.916 for reason 'the timestamp on the message is earlier than all the data in the transform cache'[0m
[amcl-1] [0m[INFO] [1789742939.522881653] [robot.amcl]: Message Filter dropping message: frame 'robot_top_3d_laser_link' at time 1789742939.016 for reason 'the timestamp on the message is earlier than all the data in the transform cache'[0m
[amcl-1] [0m[INFO] [1789742940.020046636] [robot.amcl]: Message Filter dropping message: frame 'robot_top_3d_laser_link' at time 1789742939.516 for reason 'the timestamp on the message is earlier than all the data in the transform cache'[0m
[amcl-1] [0m[INFO] [1789742951.123913961] [robot.amcl]: Message Filter dropping message: frame 'robot_top_3d_laser_link' at time 1789742950.617 for reason 'the timestamp on the message is earlier than all the data in the transform cache'[0m
[amcl-1] [0m[INFO] [1789742951.220581867] [robot.amcl]: Message Filter dropping message: frame 'robot_top_3d_laser_link' at time 1789742950.716 for reason 'the timestamp on the message is earlier than all the data in the transform cache'[0m
[amcl-1] [0m[INFO] [1789742951.320765661] [robot.amcl]: Message Filter dropping message: frame 'robot_top_3d_laser_link' at time 1789742950.816 for reason 'the timestamp on the message is earlier than all the data in the transform cache'[0m
[amcl-1] [0m[INFO] [1789742951.420185967] [robot.amcl]: Message Filter dropping message: frame 'robot_top_3d_laser_link' at time 1789742950.916 for reason 'the timestamp on the message is earlier than all the data in the transform cache'[0m
[amcl-1] [0m[INFO] [1789742951.520233179] [robot.amcl]: Message Filter dropping message: frame 'robot_top_3d_laser_link' at time 1789742951.016 for reason 'the timestamp on the message is earlier than all the data in the transform cache'[0m
[amcl-1] [0m[INFO] [1789742951.620247562] [robot.amcl]: Message Filter dropping message: frame 'robot_top_3d_laser_link' at time 1789742951.116 for reason 'the timestamp on the message is earlier than all the data in the transform cache'[0m
[amcl-1] [0m[INFO] [1789742951.720576822] [robot.amcl]: Message Filter dropping message: frame 'robot_top_3d_laser_link' at time 1789742951.216 for reason 'the timestamp on the message is earlier than all the data in the transform cache'[0m
[amcl-1] [0m[INFO] [1789742951.821721561] [robot.amcl]: Message Filter dropping message: frame 'robot_top_3d_laser_link' at time 1789742951.316 for reason 'the timestamp on the message is earlier than all the data in the transform cache'[0m
[amcl-1] [0m[INFO] [1789742951.921620965] [robot.amcl]: Message Filter dropping message: frame 'robot_top_3d_laser_link' at time 1789742951.416 for reason 'the timestamp on the message is earlier than all the data in the transform cache'[0m
[amcl-1] [0m[INFO] [1789742952.021966738] [robot.amcl]: Message Filter dropping message: frame 'robot_top_3d_laser_link' at time 1789742951.516 for reason 'the timestamp on the message is earlier than all the data in the transform cache'[0m
[amcl-1] [0m[INFO] [1789742956.923173375] [robot.amcl]: Message Filter dropping message: frame 'robot_top_3d_laser_link' at time 1789742956.416 for reason 'the timestamp on the message is earlier than all the data in the transform cache'[0m
[amcl-1] [0m[INFO] [1789742957.019746516] [robot.amcl]: Message Filter dropping message: frame 'robot_top_3d_laser_link' at time 1789742956.516 for reason 'the timestamp on the message is earlier than all the data in the transform cache'[0m
[amcl-1] [0m[INFO] [1789742957.120104093] [robot.amcl]: Message Filter dropping message: frame 'robot_top_3d_laser_link' at time 1789742956.616 for reason 'the timestamp on the message is earlier than all the data in the transform cache'[0m
[amcl-1] [0m[INFO] [1789742957.220063493] [robot.amcl]: Message Filter dropping message: frame 'robot_top_3d_laser_link' at time 1789742956.716 for reason 'the timestamp on the message is earlier than all the data in the transform cache'[0m
[amcl-1] [0m[INFO] [1789742957.319649052] [robot.amcl]: Message Filter dropping message: frame 'robot_top_3d_laser_link' at time 1789742956.816 for reason 'the timestamp on the message is earlier than all the data in the transform cache'[0m
[amcl-1] [0m[INFO] [1789742957.419989991] [robot.amcl]: Message Filter dropping message: frame 'robot_top_3d_laser_link' at time 1789742956.916 for reason 'the timestamp on the message is earlier than all the data in the transform cache'[0m
[amcl-1] [0m[INFO] [1789742957.519874468] [robot.amcl]: Message Filter dropping message: frame 'robot_top_3d_laser_link' at time 1789742957.016 for reason 'the timestamp on the message is earlier than all the data in the transform cache'[0m
[amcl-1] [0m[INFO] [1789742957.620140356] [robot.amcl]: Message Filter dropping message: frame 'robot_top_3d_laser_link' at time 1789742957.116 for reason 'the timestamp on the message is earlier than all the data in the transform cache'[0m
[amcl-1] [0m[INFO] [1789742957.920627183] [robot.amcl]: Message Filter dropping message: frame 'robot_top_3d_laser_link' at time 1789742957.416 for reason 'the timestamp on the message is earlier than all the data in the transform cache'[0m
[amcl-1] [0m[INFO] [1789742961.019283822] [robot.amcl]: Message Filter dropping message: frame 'robot_top_3d_laser_link' at time 1789742960.516 for reason 'the timestamp on the message is earlier than all the data in the transform cache'[0m
[amcl-1] [0m[INFO] [1789742961.120045871] [robot.amcl]: Message Filter dropping message: frame 'robot_top_3d_laser_link' at time 1789742960.616 for reason 'the timestamp on the message is earlier than all the data in the transform cache'[0m
[amcl-1] [0m[INFO] [1789742961.219333449] [robot.amcl]: Message Filter dropping message: frame 'robot_top_3d_laser_link' at time 1789742960.716 for reason 'the timestamp on the message is earlier than all the data in the transform cache'[0m
[amcl-1] [0m[INFO] [1789742961.319388732] [robot.amcl]: Message Filter dropping message: frame 'robot_top_3d_laser_link' at time 1789742960.816 for reason 'the timestamp on the message is earlier than all the data in the transform cache'[0m
[amcl-1] [0m[INFO] [1789742961.519318403] [robot.amcl]: Message Filter dropping message: frame 'robot_top_3d_laser_link' at time 1789742961.016 for reason 'the timestamp on the message is earlier than all the data in the transform cache'[0m
[amcl-1] [0m[INFO] [1789742961.619442725] [robot.amcl]: Message Filter dropping message: frame 'robot_top_3d_laser_link' at time 1789742961.116 for reason 'the timestamp on the message is earlier than all the data in the transform cache'[0m
[amcl-1] [0m[INFO] [1789742961.719375389] [robot.amcl]: Message Filter dropping message: frame 'robot_top_3d_laser_link' at time 1789742961.216 for reason 'the timestamp on the message is earlier than all the data in the transform cache'[0m
[amcl-1] [0m[INFO] [1789742965.920295347] [robot.amcl]: Message Filter dropping message: frame 'robot_top_3d_laser_link' at time 1789742965.416 for reason 'the timestamp on the message is earlier than all the data in the transform cache'[0m
[amcl-1] [0m[INFO] [1789742966.020575069] [robot.amcl]: Message Filter dropping message: frame 'robot_top_3d_laser_link' at time 1789742965.516 for reason 'the timestamp on the message is earlier than all the data in the transform cache'[0m
[amcl-1] [0m[INFO] [1789742966.120853354] [robot.amcl]: Message Filter dropping message: frame 'robot_top_3d_laser_link' at time 1789742965.616 for reason 'the timestamp on the message is earlier than all the data in the transform cache'[0m
[amcl-1] [0m[INFO] [1789742966.220384918] [robot.amcl]: Message Filter dropping message: frame 'robot_top_3d_laser_link' at time 1789742965.716 for reason 'the timestamp on the message is earlier than all the data in the transform cache'[0m
[amcl-1] [0m[INFO] [1789742966.320314539] [robot.amcl]: Message Filter dropping message: frame 'robot_top_3d_laser_link' at time 1789742965.816 for reason 'the timestamp on the message is earlier than all the data in the transform cache'[0m
[amcl-1] [0m[INFO] [1789742966.420350459] [robot.amcl]: Message Filter dropping message: frame 'robot_top_3d_laser_link' at time 1789742965.916 for reason 'the timestamp on the message is earlier than all the data in the transform cache'[0m
[amcl-1] [0m[INFO] [1789742966.520449360] [robot.amcl]: Message Filter dropping message: frame 'robot_top_3d_laser_link' at time 1789742966.016 for reason 'the timestamp on the message is earlier than all the data in the transform cache'[0m
[amcl-1] [0m[INFO] [1789742966.620247888] [robot.amcl]: Message Filter dropping message: frame 'robot_top_3d_laser_link' at time 1789742966.116 for reason 'the timestamp on the message is earlier than all the data in the transform cache'[0m
[amcl-1] [0m[INFO] [1789742966.720271054] [robot.amcl]: Message Filter dropping message: frame 'robot_top_3d_laser_link' at time 1789742966.216 for reason 'the timestamp on the message is earlier than all the data in the transform cache'[0m
[amcl-1] [0m[INFO] [1789742966.920127618] [robot.amcl]: Message Filter dropping message: frame 'robot_top_3d_laser_link' at time 1789742966.415 for reason 'the timestamp on the message is earlier than all the data in the transform cache'[0m
[amcl-1] [0m[INFO] [1789742967.020074612] [robot.amcl]: Message Filter dropping message: frame 'robot_top_3d_laser_link' at time 1789742966.516 for reason 'the timestamp on the message is earlier than all the data in the transform cache'[0m
[amcl-1] [0m[INFO] [1789742972.019799309] [robot.amcl]: Message Filter dropping message: frame 'robot_top_3d_laser_link' at time 1789742971.515 for reason 'the timestamp on the message is earlier than all the data in the transform cache'[0m
[amcl-1] [0m[INFO] [1789742972.120248739] [robot.amcl]: Message Filter dropping message: frame 'robot_top_3d_laser_link' at time 1789742971.615 for reason 'the timestamp on the message is earlier than all the data in the transform cache'[0m
[amcl-1] [0m[INFO] [1789742972.219614522] [robot.amcl]: Message Filter dropping message: frame 'robot_top_3d_laser_link' at time 1789742971.715 for reason 'the timestamp on the message is earlier than all the data in the transform cache'[0m
[amcl-1] [0m[INFO] [1789742972.321039937] [robot.amcl]: Message Filter dropping message: frame 'robot_top_3d_laser_link' at time 1789742971.815 for reason 'the timestamp on the message is earlier than all the data in the transform cache'[0m
[amcl-1] [0m[INFO] [1789742972.421249701] [robot.amcl]: Message Filter dropping message: frame 'robot_top_3d_laser_link' at time 1789742971.915 for reason 'the timestamp on the message is earlier than all the data in the transform cache'[0m
[amcl-1] [0m[INFO] [1789742972.620265291] [robot.amcl]: Message Filter dropping message: frame 'robot_top_3d_laser_link' at time 1789742972.115 for reason 'the timestamp on the message is earlier than all the data in the transform cache'[0m
[amcl-1] [0m[INFO] [1789742972.719881513] [robot.amcl]: Message Filter dropping message: frame 'robot_top_3d_laser_link' at time 1789742972.215 for reason 'the timestamp on the message is earlier than all the data in the transform cache'[0m
[amcl-1] [0m[INFO] [1789742972.820377613] [robot.amcl]: Message Filter dropping message: frame 'robot_top_3d_laser_link' at time 1789742972.315 for reason 'the timestamp on the message is earlier than all the data in the transform cache'[0m
[amcl-1] [0m[INFO] [1789742972.919546066] [robot.amcl]: Message Filter dropping message: frame 'robot_top_3d_laser_link' at time 1789742972.415 for reason 'the timestamp on the message is earlier than all the data in the transform cache'[0m
[amcl-1] [0m[INFO] [1789742973.320828591] [robot.amcl]: Message Filter dropping message: frame 'robot_top_3d_laser_link' at time 1789742972.815 for reason 'the timestamp on the message is earlier than all the data in the transform cache'[0m
[amcl-1] [0m[INFO] [1789742973.420212917] [robot.amcl]: Message Filter dropping message: frame 'robot_top_3d_laser_link' at time 1789742972.915 for reason 'the timestamp on the message is earlier than all the data in the transform cache'[0m
[amcl-1] [0m[INFO] [1789742973.520951429] [robot.amcl]: Message Filter dropping message: frame 'robot_top_3d_laser_link' at time 1789742973.015 for reason 'the timestamp on the message is earlier than all the data in the transform cache'[0m
[amcl-1] [0m[INFO] [1789742973.719963834] [robot.amcl]: Message Filter dropping message: frame 'robot_top_3d_laser_link' at time 1789742973.215 for reason 'the timestamp on the message is earlier than all the data in the transform cache'[0m
[amcl-1] [0m[INFO] [1789742973.825304823] [robot.amcl]: Message Filter dropping message: frame 'robot_top_3d_laser_link' at time 1789742973.315 for reason 'the timestamp on the message is earlier than all the data in the transform cache'[0m
[amcl-1] [0m[INFO] [1789742973.920646454] [robot.amcl]: Message Filter dropping message: frame 'robot_top_3d_laser_link' at time 1789742973.415 for reason 'the timestamp on the message is earlier than all the data in the transform cache'[0m
[amcl-1] [0m[INFO] [1789742976.719362259] [robot.amcl]: Message Filter dropping message: frame 'robot_top_3d_laser_link' at time 1789742976.215 for reason 'the timestamp on the message is earlier than all the data in the transform cache'[0m
[amcl-1] [0m[INFO] [1789742977.219787679] [robot.amcl]: Message Filter dropping message: frame 'robot_top_3d_laser_link' at time 1789742976.715 for reason 'the timestamp on the message is earlier than all the data in the transform cache'[0m
[amcl-1] [0m[INFO] [1789742979.818851872] [robot.amcl]: Message Filter dropping message: frame 'robot_top_3d_laser_link' at time 1789742979.315 for reason 'the timestamp on the message is earlier than all the data in the transform cache'[0m
[amcl-1] [0m[INFO] [1789742980.224911848] [robot.amcl]: Message Filter dropping message: frame 'robot_top_3d_laser_link' at time 1789742979.715 for reason 'the timestamp on the message is earlier than all the data in the transform cache'[0m
[amcl-1] [0m[INFO] [1789742983.820074733] [robot.amcl]: Message Filter dropping message: frame 'robot_top_3d_laser_link' at time 1789742983.315 for reason 'the timestamp on the message is earlier than all the data in the transform cache'[0m
[amcl-1] [0m[INFO] [1789742984.222022762] [robot.amcl]: Message Filter dropping message: frame 'robot_top_3d_laser_link' at time 1789742983.715 for reason 'the timestamp on the message is earlier than all the data in the transform cache'[0m
[amcl-1] [0m[INFO] [1789742988.319796970] [robot.amcl]: Message Filter dropping message: frame 'robot_top_3d_laser_link' at time 1789742987.815 for reason 'the timestamp on the message is earlier than all the data in the transform cache'[0m
[amcl-1] [0m[INFO] [1789742988.419689808] [robot.amcl]: Message Filter dropping message: frame 'robot_top_3d_laser_link' at time 1789742987.915 for reason 'the timestamp on the message is earlier than all the data in the transform cache'[0m
[amcl-1] [0m[INFO] [1789742988.520861908] [robot.amcl]: Message Filter dropping message: frame 'robot_top_3d_laser_link' at time 1789742988.015 for reason 'the timestamp on the message is earlier than all the data in the transform cache'[0m
[amcl-1] [0m[INFO] [1789742988.619355956] [robot.amcl]: Message Filter dropping message: frame 'robot_top_3d_laser_link' at time 1789742988.115 for reason 'the timestamp on the message is earlier than all the data in the transform cache'[0m
[amcl-1] [0m[INFO] [1789742988.721196772] [robot.amcl]: Message Filter dropping message: frame 'robot_top_3d_laser_link' at time 1789742988.215 for reason 'the timestamp on the message is earlier than all the data in the transform cache'[0m
[amcl-1] [0m[INFO] [1789742988.819748584] [robot.amcl]: Message Filter dropping message: frame 'robot_top_3d_laser_link' at time 1789742988.315 for reason 'the timestamp on the message is earlier than all the data in the transform cache'[0m
[amcl-1] [0m[INFO] [1789742988.919509491] [robot.amcl]: Message Filter dropping message: frame 'robot_top_3d_laser_link' at time 1789742988.415 for reason 'the timestamp on the message is earlier than all the data in the transform cache'[0m
[amcl-1] [0m[INFO] [1789742989.020424925] [robot.amcl]: Message Filter dropping message: frame 'robot_top_3d_laser_link' at time 1789742988.515 for reason 'the timestamp on the message is earlier than all the data in the transform cache'[0m
[amcl-1] [0m[INFO] [1789742990.019718177] [robot.amcl]: Message Filter dropping message: frame 'robot_top_3d_laser_link' at time 1789742989.515 for reason 'the timestamp on the message is earlier than all the data in the transform cache'[0m
[amcl-1] [0m[INFO] [1789742990.119332221] [robot.amcl]: Message Filter dropping message: frame 'robot_top_3d_laser_link' at time 1789742989.615 for reason 'the timestamp on the message is earlier than all the data in the transform cache'[0m
[amcl-1] [0m[INFO] [1789742990.219393724] [robot.amcl]: Message Filter dropping message: frame 'robot_top_3d_laser_link' at time 1789742989.715 for reason 'the timestamp on the message is earlier than all the data in the transform cache'[0m
[amcl-1] [0m[INFO] [1789742990.319351484] [robot.amcl]: Message Filter dropping message: frame 'robot_top_3d_laser_link' at time 1789742989.815 for reason 'the timestamp on the message is earlier than all the data in the transform cache'[0m
[amcl-1] [0m[INFO] [1789742990.419942974] [robot.amcl]: Message Filter dropping message: frame 'robot_top_3d_laser_link' at time 1789742989.915 for reason 'the timestamp on the message is earlier than all the data in the transform cache'[0m
[amcl-1] [0m[INFO] [1789742990.520074418] [robot.amcl]: Message Filter dropping message: frame 'robot_top_3d_laser_link' at time 1789742990.015 for reason 'the timestamp on the message is earlier than all the data in the transform cache'[0m
[amcl-1] [0m[INFO] [1789742990.619658659] [robot.amcl]: Message Filter dropping message: frame 'robot_top_3d_laser_link' at time 1789742990.115 for reason 'the timestamp on the message is earlier than all the data in the transform cache'[0m
[amcl-1] [0m[INFO] [1789742990.719425147] [robot.amcl]: Message Filter dropping message: frame 'robot_top_3d_laser_link' at time 1789742990.215 for reason 'the timestamp on the message is earlier than all the data in the transform cache'[0m
[amcl-1] [0m[INFO] [1789742990.820718523] [robot.amcl]: Message Filter dropping message: frame 'robot_top_3d_laser_link' at time 1789742990.315 for reason 'the timestamp on the message is earlier than all the data in the transform cache'[0m
[amcl-1] [0m[INFO] [1789742990.919490533] [robot.amcl]: Message Filter dropping message: frame 'robot_top_3d_laser_link' at time 1789742990.415 for reason 'the timestamp on the message is earlier than all the data in the transform cache'[0m
[amcl-1] [0m[INFO] [1789742991.021404970] [robot.amcl]: Message Filter dropping message: frame 'robot_top_3d_laser_link' at time 1789742990.515 for reason 'the timestamp on the message is earlier than all the data in the transform cache'[0m
[amcl-1] [0m[INFO] [1789742991.320553033] [robot.amcl]: Message Filter dropping message: frame 'robot_top_3d_laser_link' at time 1789742990.815 for reason 'the timestamp on the message is earlier than all the data in the transform cache'[0m
[amcl-1] [0m[INFO] [1789742991.419728647] [robot.amcl]: Message Filter dropping message: frame 'robot_top_3d_laser_link' at time 1789742990.915 for reason 'the timestamp on the message is earlier than all the data in the transform cache'[0m
[amcl-1] [0m[INFO] [1789742991.819425314] [robot.amcl]: Message Filter dropping message: frame 'robot_top_3d_laser_link' at time 1789742991.315 for reason 'the timestamp on the message is earlier than all the data in the transform cache'[0m
[amcl-1] [0m[INFO] [1789742991.919198280] [robot.amcl]: Message Filter dropping message: frame 'robot_top_3d_laser_link' at time 1789742991.415 for reason 'the timestamp on the message is earlier than all the data in the transform cache'[0m
[amcl-1] [0m[INFO] [1789742992.019338940] [robot.amcl]: Message Filter dropping message: frame 'robot_top_3d_laser_link' at time 1789742991.515 for reason 'the timestamp on the message is earlier than all the data in the transform cache'[0m
[amcl-1] [0m[INFO] [1789742992.420203087] [robot.amcl]: Message Filter dropping message: frame 'robot_top_3d_laser_link' at time 1789742991.915 for reason 'the timestamp on the message is earlier than all the data in the transform cache'[0m
[amcl-1] [0m[INFO] [1789742996.119580712] [robot.amcl]: Message Filter dropping message: frame 'robot_top_3d_laser_link' at time 1789742995.615 for reason 'the timestamp on the message is earlier than all the data in the transform cache'[0m
[amcl-1] [0m[INFO] [1789742996.219739735] [robot.amcl]: Message Filter dropping message: frame 'robot_top_3d_laser_link' at time 1789742995.715 for reason 'the timestamp on the message is earlier than all the data in the transform cache'[0m
[amcl-1] [0m[INFO] [1789742996.319592600] [robot.amcl]: Message Filter dropping message: frame 'robot_top_3d_laser_link' at time 1789742995.815 for reason 'the timestamp on the message is earlier than all the data in the transform cache'[0m
[amcl-1] [0m[INFO] [1789742996.419097811] [robot.amcl]: Message Filter dropping message: frame 'robot_top_3d_laser_link' at time 1789742995.915 for reason 'the timestamp on the message is earlier than all the data in the transform cache'[0m
[amcl-1] [0m[INFO] [1789742996.518976518] [robot.amcl]: Message Filter dropping message: frame 'robot_top_3d_laser_link' at time 1789742996.015 for reason 'the timestamp on the message is earlier than all the data in the transform cache'[0m
[amcl-1] [0m[INFO] [1789742996.619063142] [robot.amcl]: Message Filter dropping message: frame 'robot_top_3d_laser_link' at time 1789742996.115 for reason 'the timestamp on the message is earlier than all the data in the transform cache'[0m
[amcl-1] [0m[INFO] [1789742996.719138043] [robot.amcl]: Message Filter dropping message: frame 'robot_top_3d_laser_link' at time 1789742996.215 for reason 'the timestamp on the message is earlier than all the data in the transform cache'[0m
[amcl-1] [0m[INFO] [1789742996.819260153] [robot.amcl]: Message Filter dropping message: frame 'robot_top_3d_laser_link' at time 1789742996.315 for reason 'the timestamp on the message is earlier than all the data in the transform cache'[0m
[amcl-1] [0m[INFO] [1789742996.918872179] [robot.amcl]: Message Filter dropping message: frame 'robot_top_3d_laser_link' at time 1789742996.415 for reason 'the timestamp on the message is earlier than all the data in the transform cache'[0m
[amcl-1] [0m[INFO] [1789742997.219809644] [robot.amcl]: Message Filter dropping message: frame 'robot_top_3d_laser_link' at time 1789742996.715 for reason 'the timestamp on the message is earlier than all the data in the transform cache'[0m
[amcl-1] [0m[INFO] [1789742997.919788675] [robot.amcl]: Message Filter dropping message: frame 'robot_top_3d_laser_link' at time 1789742997.415 for reason 'the timestamp on the message is earlier than all the data in the transform cache'[0m
[amcl-1] [0m[INFO] [1789742998.018750334] [robot.amcl]: Message Filter dropping message: frame 'robot_top_3d_laser_link' at time 1789742997.515 for reason 'the timestamp on the message is earlier than all the data in the transform cache'[0m
[amcl-1] [0m[INFO] [1789742998.119383973] [robot.amcl]: Message Filter dropping message: frame 'robot_top_3d_laser_link' at time 1789742997.615 for reason 'the timestamp on the message is earlier than all the data in the transform cache'[0m
[amcl-1] [0m[INFO] [1789742998.219536724] [robot.amcl]: Message Filter dropping message: frame 'robot_top_3d_laser_link' at time 1789742997.715 for reason 'the timestamp on the message is earlier than all the data in the transform cache'[0m
[amcl-1] [0m[INFO] [1789742998.318761132] [robot.amcl]: Message Filter dropping message: frame 'robot_top_3d_laser_link' at time 1789742997.815 for reason 'the timestamp on the message is earlier than all the data in the transform cache'[0m
[amcl-1] [0m[INFO] [1789742998.418706209] [robot.amcl]: Message Filter dropping message: frame 'robot_top_3d_laser_link' at time 1789742997.915 for reason 'the timestamp on the message is earlier than all the data in the transform cache'[0m
[amcl-1] [0m[INFO] [1789742998.518730311] [robot.amcl]: Message Filter dropping message: frame 'robot_top_3d_laser_link' at time 1789742998.015 for reason 'the timestamp on the message is earlier than all the data in the transform cache'[0m
[amcl-1] [0m[INFO] [1789742998.618738195] [robot.amcl]: Message Filter dropping message: frame 'robot_top_3d_laser_link' at time 1789742998.115 for reason 'the timestamp on the message is earlier than all the data in the transform cache'[0m
[amcl-1] [0m[INFO] [1789742998.718529262] [robot.amcl]: Message Filter dropping message: frame 'robot_top_3d_laser_link' at time 1789742998.215 for reason 'the timestamp on the message is earlier than all the data in the transform cache'[0m
[amcl-1] [0m[INFO] [1789742998.818719333] [robot.amcl]: Message Filter dropping message: frame 'robot_top_3d_laser_link' at time 1789742998.315 for reason 'the timestamp on the message is earlier than all the data in the transform cache'[0m
[amcl-1] [0m[INFO] [1789743002.220458023] [robot.amcl]: Message Filter dropping message: frame 'robot_top_3d_laser_link' at time 1789743001.715 for reason 'the timestamp on the message is earlier than all the data in the transform cache'[0m
[amcl-1] [0m[INFO] [1789743002.319464042] [robot.amcl]: Message Filter dropping message: frame 'robot_top_3d_laser_link' at time 1789743001.815 for reason 'the timestamp on the message is earlier than all the data in the transform cache'[0m
[amcl-1] [0m[INFO] [1789743002.421661657] [robot.amcl]: Message Filter dropping message: frame 'robot_top_3d_laser_link' at time 1789743001.915 for reason 'the timestamp on the message is earlier than all the data in the transform cache'[0m
[amcl-1] [0m[INFO] [1789743002.718577791] [robot.amcl]: Message Filter dropping message: frame 'robot_top_3d_laser_link' at time 1789743002.215 for reason 'the timestamp on the message is earlier than all the data in the transform cache'[0m
[amcl-1] [0m[INFO] [1789743002.818563151] [robot.amcl]: Message Filter dropping message: frame 'robot_top_3d_laser_link' at time 1789743002.315 for reason 'the timestamp on the message is earlier than all the data in the transform cache'[0m
[amcl-1] [0m[INFO] [1789743002.918776604] [robot.amcl]: Message Filter dropping message: frame 'robot_top_3d_laser_link' at time 1789743002.415 for reason 'the timestamp on the message is earlier than all the data in the transform cache'[0m
[amcl-1] [0m[INFO] [1789743003.218917651] [robot.amcl]: Message Filter dropping message: frame 'robot_top_3d_laser_link' at time 1789743002.715 for reason 'the timestamp on the message is earlier than all the data in the transform cache'[0m
[amcl-1] [0m[INFO] [1789743003.718344821] [robot.amcl]: Message Filter dropping message: frame 'robot_top_3d_laser_link' at time 1789743003.215 for reason 'the timestamp on the message is earlier than all the data in the transform cache'[0m
[amcl-1] [0m[INFO] [1789743008.420606561] [robot.amcl]: Message Filter dropping message: frame 'robot_top_3d_laser_link' at time 1789743007.914 for reason 'the timestamp on the message is earlier than all the data in the transform cache'[0m
[amcl-1] [0m[INFO] [1789743008.520686542] [robot.amcl]: Message Filter dropping message: frame 'robot_top_3d_laser_link' at time 1789743008.014 for reason 'the timestamp on the message is earlier than all the data in the transform cache'[0m
[amcl-1] [0m[INFO] [1789743008.919918287] [robot.amcl]: Message Filter dropping message: frame 'robot_top_3d_laser_link' at time 1789743008.414 for reason 'the timestamp on the message is earlier than all the data in the transform cache'[0m
[amcl-1] [0m[INFO] [1789743009.019350671] [robot.amcl]: Message Filter dropping message: frame 'robot_top_3d_laser_link' at time 1789743008.514 for reason 'the timestamp on the message is earlier than all the data in the transform cache'[0m
[amcl-1] [0m[INFO] [1789743009.819107670] [robot.amcl]: Message Filter dropping message: frame 'robot_top_3d_laser_link' at time 1789743009.314 for reason 'the timestamp on the message is earlier than all the data in the transform cache'[0m
[amcl-1] [0m[INFO] [1789743009.919055796] [robot.amcl]: Message Filter dropping message: frame 'robot_top_3d_laser_link' at time 1789743009.414 for reason 'the timestamp on the message is earlier than all the data in the transform cache'[0m
[amcl-1] [0m[INFO] [1789743010.219411248] [robot.amcl]: Message Filter dropping message: frame 'robot_top_3d_laser_link' at time 1789743009.714 for reason 'the timestamp on the message is earlier than all the data in the transform cache'[0m
[amcl-1] [0m[INFO] [1789743010.419094789] [robot.amcl]: Message Filter dropping message: frame 'robot_top_3d_laser_link' at time 1789743009.914 for reason 'the timestamp on the message is earlier than all the data in the transform cache'[0m
[amcl-1] [0m[INFO] [1789743012.819376820] [robot.amcl]: Message Filter dropping message: frame 'robot_top_3d_laser_link' at time 1789743012.314 for reason 'the timestamp on the message is earlier than all the data in the transform cache'[0m
[amcl-1] [0m[INFO] [1789743013.318946841] [robot.amcl]: Message Filter dropping message: frame 'robot_top_3d_laser_link' at time 1789743012.814 for reason 'the timestamp on the message is earlier than all the data in the transform cache'[0m
[amcl-1] [0m[INFO] [1789743015.018561631] [robot.amcl]: Message Filter dropping message: frame 'robot_top_3d_laser_link' at time 1789743014.514 for reason 'the timestamp on the message is earlier than all the data in the transform cache'[0m
[amcl-1] [0m[INFO] [1789743015.118492718] [robot.amcl]: Message Filter dropping message: frame 'robot_top_3d_laser_link' at time 1789743014.614 for reason 'the timestamp on the message is earlier than all the data in the transform cache'[0m
[amcl-1] [0m[INFO] [1789743015.219706269] [robot.amcl]: Message Filter dropping message: frame 'robot_top_3d_laser_link' at time 1789743014.714 for reason 'the timestamp on the message is earlier than all the data in the transform cache'[0m
[amcl-1] [0m[INFO] [1789743015.320323066] [robot.amcl]: Message Filter dropping message: frame 'robot_top_3d_laser_link' at time 1789743014.814 for reason 'the timestamp on the message is earlier than all the data in the transform cache'[0m
[amcl-1] [0m[INFO] [1789743015.418723027] [robot.amcl]: Message Filter dropping message: frame 'robot_top_3d_laser_link' at time 1789743014.914 for reason 'the timestamp on the message is earlier than all the data in the transform cache'[0m
[amcl-1] [0m[INFO] [1789743015.519791779] [robot.amcl]: Message Filter dropping message: frame 'robot_top_3d_laser_link' at time 1789743015.014 for reason 'the timestamp on the message is earlier than all the data in the transform cache'[0m
[amcl-1] [0m[INFO] [1789743015.619830052] [robot.amcl]: Message Filter dropping message: frame 'robot_top_3d_laser_link' at time 1789743015.114 for reason 'the timestamp on the message is earlier than all the data in the transform cache'[0m
[amcl-1] [0m[INFO] [1789743015.719710538] [robot.amcl]: Message Filter dropping message: frame 'robot_top_3d_laser_link' at time 1789743015.214 for reason 'the timestamp on the message is earlier than all the data in the transform cache'[0m
[amcl-1] [0m[INFO] [1789743015.818630593] [robot.amcl]: Message Filter dropping message: frame 'robot_top_3d_laser_link' at time 1789743015.314 for reason 'the timestamp on the message is earlier than all the data in the transform cache'[0m
[amcl-1] [0m[INFO] [1789743015.919631671] [robot.amcl]: Message Filter dropping message: frame 'robot_top_3d_laser_link' at time 1789743015.414 for reason 'the timestamp on the message is earlier than all the data in the transform cache'[0m
[amcl-1] [0m[INFO] [1789743016.022049431] [robot.amcl]: Message Filter dropping message: frame 'robot_top_3d_laser_link' at time 1789743015.514 for reason 'the timestamp on the message is earlier than all the data in the transform cache'[0m
[amcl-1] [0m[INFO] [1789743016.218594887] [robot.amcl]: Message Filter dropping message: frame 'robot_top_3d_laser_link' at time 1789743015.714 for reason 'the timestamp on the message is earlier than all the data in the transform cache'[0m
