array('d', [46.866406250000004, -0.18671875000000002, -45.4193359375, -0.56015625])
array('d', [46.6796875, 0.6068359375, -45.092578125, 0.046679687500000004])
array('d', [47.053125, -0.42011718750000004, -45.4193359375, 0.7468750000000001])
array('d', [47.566601562500004, 0.09335937500000001, -45.466015625000004, 0.1400390625])
array('d', [46.959765625, -0.42011718750000004, -44.672460937500006, 0.1400390625])
array('d', [46.959765625, -0.42011718750000004, -45.4193359375, 1.1669921875])
array('d', [46.586328125, 0.09335937500000001, -44.62578125, 0.1400390625])
array('d', [47.1931640625, 0.09335937500000001, -44.62578125, 0.1400390625])
array('d', [46.586328125, 0.2333984375, -45.092578125, 0.1400390625])
array('d', [46.866406250000004, -0.42011718750000004, -45.839453125000006, -0.2333984375])
array('d', [46.773046875000006, -0.09335937500000001, -46.2595703125, 0.09335937500000001])
array('d', [46.773046875000006, 0.6068359375, -45.0458984375, 0.466796875])
array('d', [46.773046875000006, 0.6068359375, -45.0458984375, 0.466796875])
array('d', [47.566601562500004, -0.280078125, -45.839453125000006, -0.280078125])
array('d', [47.566601562500004, -0.280078125, -45.0458984375, 1.0736328125])
array('d', [46.866406250000004, -0.280078125, -45.0458984375, 0.1400390625])
array('d', [46.866406250000004, -0.280078125, -45.0458984375, 0.1400390625])
array('d', [47.333203125000004, 0.09335937500000001, -46.212890625, -0.2333984375])
array('d', [47.333203125000004, 0.09335937500000001, -46.212890625, -0.2333984375])
array('d', [46.8197265625, 0.09335937500000001, -45.092578125, 0.09335937500000001])
array('d', [46.8197265625, 0.09335937500000001, -45.092578125, 0.09335937500000001])
array('d', [46.8197265625, 0.09335937500000001, -45.092578125, 0.09335937500000001])
array('d', [46.4462890625, 0.2333984375, -45.092578125, -0.56015625])
array('d', [47.519921875, 0.3267578125, -45.0458984375, 0.5134765625000001])
array('d', [46.6796875, -0.42011718750000004, -45.0458984375, 0.1400390625])
array('d', [47.1931640625, -0.09335937500000001, -45.0458984375, 0.09335937500000001])
array('d', [46.773046875000006, 0.0, -44.25234375, 0.7468750000000001])
array('d', [47.053125, -0.09335937500000001, -45.466015625000004, 0.7468750000000001])
array('d', [47.053125, -0.09335937500000001, -45.466015625000004, 0.7468750000000001])
array('d', [47.053125, -0.09335937500000001, -45.466015625000004, 0.1400390625])
array('d', [46.586328125, 0.2333984375, -45.466015625000004, 0.1400390625])
array('d', [46.773046875000006, -0.09335937500000001, -45.466015625000004, -0.5134765625000001])
array('d', [46.773046875000006, -0.09335937500000001, -45.466015625000004, -0.5134765625000001])
array('d', [47.053125, 0.09335937500000001, -45.466015625000004, -0.56015625])
array('d', [47.3798828125, 0.09335937500000001, -45.839453125000006, -0.280078125])
array('d', [47.006445312500006, 0.42011718750000004, -45.4193359375, 0.5134765625000001])
array('d', [47.053125, 0.2333984375, -44.672460937500006, 0.466796875])
array('d', [47.053125, 0.42011718750000004, -45.8861328125, -0.5134765625000001])
array('d', [47.333203125000004, 0.42011718750000004, -45.8861328125, -0.280078125])
array('d', [47.333203125000004, 0.42011718750000004, -45.8861328125, -0.280078125])
array('d', [47.333203125000004, 0.42011718750000004, -45.8861328125, -0.280078125])
array('d', [47.053125, 0.09335937500000001, -45.092578125, 0.1400390625])
array('d', [46.866406250000004, 0.09335937500000001, -43.972265625000006, 1.2603515625000001])
array('d', [46.773046875000006, -0.280078125, -43.972265625000006, 1.2603515625000001])
array('d', [47.053125, 0.09335937500000001, -40.984765625, 1.9138671875000002])
array('d', [46.773046875000006, -0.09335937500000001, -39.117578125, 4.9947265625])
array('d', [46.773046875000006, 0.3267578125, -36.503515625, 7.888867187500001])
array('d', [47.519921875, 0.3267578125, -36.503515625, 7.888867187500001])
array('d', [46.773046875000006, -0.6068359375, -34.6830078125, 10.316210937500001])
array('d', [46.773046875000006, 0.2333984375, -30.9953125, 13.210351562500001])
array('d', [47.1931640625, -0.280078125, -27.541015625, 16.337890625])
array('d', [46.212890625, -0.6068359375, -25.720507812500003, 18.951953125])
array('d', [46.212890625, -0.7001953125, -24.366796875000002, 18.4384765625])
array('d', [44.8591796875, -0.7001953125, -25.020312500000003, 20.445703125])
array('d', [44.065625000000004, -2.0072265625, -25.020312500000003, 20.445703125])
array('d', [41.965039062500004, -2.7541015625000003, -20.258984375, 24.133398437500002])
array('d', [41.171484375000006, -3.734375, -18.85859375, 25.300390625000002])
array('d', [41.171484375000006, -3.734375, -16.8046875, 26.2806640625])
array('d', [42.0583984375, -2.0539062500000003, -16.8046875, 26.2806640625])
array('d', [42.38515625, -1.587109375, -16.898046875000002, 28.94140625])
array('d', [41.6849609375, -2.6140625, -14.750781250000001, 29.408203125])
array('d', [41.6849609375, -2.6140625, -14.750781250000001, 29.408203125])
array('d', [41.264843750000004, -4.1078125000000005, -12.276757812500001, 31.788867187500003])
array('d', [39.02421875, -5.4615234375, -9.1025390625, 33.889453125])
array('d', [36.6435546875, -5.41484375, -8.215625000000001, 34.16953125])
array('d', [36.6435546875, -5.41484375, -8.215625000000001, 34.16953125])
array('d', [36.6435546875, -5.41484375, -8.215625000000001, 34.16953125])
array('d', [36.6435546875, -5.41484375, -8.215625000000001, 34.16953125])
array('d', [35.2431640625, -7.1419921875000005, -8.682421875000001, 35.429882812500004])
array('d', [32.9091796875, -9.709375, -7.6087890625000005, 35.429882812500004])
array('d', [32.9091796875, -9.709375, -7.6087890625000005, 35.429882812500004])
array('d', [33.3759765625, -11.38984375, -4.761328125, 37.90390625])
array('d', [29.734960937500002, -12.9302734375, -5.0414062500000005, 38.9775390625])
array('d', [29.734960937500002, -12.9302734375, -3.5009765625, 40.2845703125])
array('d', [28.661328125, -13.723828125, -3.5009765625, 40.2845703125])
array('d', [28.334570312500002, -12.8369140625, -1.7271484375000001, 40.237890625])
array('d', [28.19453125, -13.4904296875, -1.6804687500000002, 40.984765625])
array('d', [28.19453125, -13.4904296875, -0.7001953125, 41.965039062500004])
array('d', [26.0939453125, -15.87109375, -0.7001953125, 41.965039062500004])
array('d', [24.2734375, -16.3845703125, 1.6337890625, 43.038671875000006])
array('d', [23.199804687500002, -17.73828125, 2.5207031250000003, 45.092578125])
array('d', [23.199804687500002, -17.73828125, 2.5207031250000003, 45.092578125])
array('d', [23.199804687500002, -17.73828125, 2.5207031250000003, 45.092578125])
array('d', [19.8388671875, -20.3056640625, 2.1005859375, 44.5791015625])
array('d', [18.391796875, -22.452929687500003, 0.9802734375000001, 43.505468750000006])
array('d', [18.391796875, -22.452929687500003, 0.9802734375000001, 41.171484375000006])
array('d', [15.917773437500001, -22.452929687500003, 0.9802734375000001, 41.171484375000006])
array('d', [15.917773437500001, -22.452929687500003, 0.9802734375000001, 41.171484375000006])
array('d', [15.917773437500001, -22.452929687500003, 0.9802734375000001, 41.171484375000006])
array('d', [13.8638671875, -26.8408203125, -2.42734375, 37.250390625])
array('d', [13.8638671875, -26.8408203125, -2.42734375, 40.0044921875])
array('d', [12.696875, -27.44765625, -0.466796875, 40.0044921875])
array('d', [12.696875, -27.44765625, -0.466796875, 40.0044921875])
array('d', [10.783007812500001, -28.8947265625, -0.2333984375, 40.2845703125])
array('d', [10.362890625, -30.2484375, 0.5134765625000001, 41.7783203125])
array('d', [8.869140625, -29.734960937500002, 0.9802734375000001, 42.478515625])
array('d', [8.869140625, -29.734960937500002, 0.9802734375000001, 41.638281250000006])
array('d', [10.409570312500001, -27.867773437500002, 1.3537109375, 41.638281250000006])
array('d', [10.9697265625, -29.688281250000003, 1.9138671875000002, 42.338476562500006])
array('d', [10.9697265625, -28.474609375, -0.2333984375, 39.7244140625])
array('d', [10.9697265625, -28.474609375, -0.2333984375, 39.7244140625])
array('d', [8.1689453125, -28.7080078125, -0.93359375, 39.164257812500004])
array('d', [8.40234375, -28.7080078125, -0.93359375, 39.164257812500004])
array('d', [7.562109375, -31.368750000000002, -1.4470703125000002, 37.810546875])
array('d', [6.3951171875, -31.0419921875, -2.42734375, 37.2037109375])
array('d', [6.3951171875, -31.0419921875, -3.17421875, 36.78359375])
array('d', [5.8349609375, -30.855273437500003, -3.17421875, 36.78359375])
array('d', [4.8080078125000005, -31.088671875000003, -4.3412109375000005, 34.35625])
array('d', [4.8080078125000005, -31.088671875000003, -4.3412109375000005, 34.35625])
array('d', [3.734375, -32.115625, -6.16171875, 32.955859375])
array('d', [4.6212890625, -32.769140625, -7.888867187500001, 32.30234375])
array('d', [4.6212890625, -32.769140625, -7.888867187500001, 32.3490234375])
array('d', [4.1078125000000005, -31.8822265625, -6.068359375, 32.3490234375])
array('d', [3.5009765625, -33.1892578125, -7.0486328125, 32.208984375])
array('d', [3.5009765625, -33.1892578125, -8.3556640625, 32.67578125])
array('d', [3.1275390625000004, -32.9091796875, -8.3556640625, 31.9755859375])
array('d', [10.45625, -23.900000000000002, 0.18671875000000002, 37.4837890625])
array('d', [9.7560546875, -23.33984375, -0.046679687500000004, 37.4837890625])
array('d', [10.316210937500001, -23.993359375, -0.5134765625000001, 38.697460937500004])
array('d', [9.4759765625, -25.720507812500003, -0.7935546875, 36.5501953125])
array('d', [9.4759765625, -17.4115234375, 5.0880859375, 47.333203125000004])
array('d', [-1.213671875, -17.4115234375, 5.0880859375, 50.9275390625])
array('d', [-6.8619140625, -20.1189453125, 11.483203125000001, 50.9275390625])
array('d', [-11.4365234375, -25.487109375000003, 15.217578125000001, 52.5146484375])
array('d', [-15.684375000000001, -28.754687500000003, 16.0578125, 56.0623046875])
array('d', [-20.5390625, -28.754687500000003, 16.0578125, 56.0623046875])
array('d', [-20.5390625, -28.754687500000003, 16.0578125, 56.0623046875])
array('d', [-20.5390625, -31.9755859375, 19.60546875, 58.5830078125])
array('d', [-26.5607421875, -39.7244140625, 23.1064453125, 62.270703125000004])
array('d', [-34.029492187500004, -45.74609375, 26.000585937500002, 67.03203125])
array('d', [-34.029492187500004, -45.74609375, 26.000585937500002, 67.03203125])
array('d', [-38.9775390625, -49.900585937500004, 31.4154296875, 71.13984375])
array('d', [-44.25234375, -52.701367187500004, 33.4693359375, 72.96035156250001])
array('d', [-44.25234375, -52.701367187500004, 33.4693359375, 77.9083984375])
array('d', [-44.25234375, -55.968945312500004, 37.530468750000004, 77.9083984375])
array('d', [-54.2884765625, -59.18984375, 38.8841796875, 80.9892578125])
array('d', [-54.2884765625, -60.496875, 43.972265625000006, 82.06289062500001])
array('d', [-85.0037109375, -55.875585937500006, 45.7927734375, 98.0740234375])
array('d', [-89.8583984375, -58.302929687500004, 48.080078125, 101.24824218750001])
array('d', [-95.5533203125, -60.4501953125, 49.760546875, 104.655859375])
array('d', [-100.26796875000001, -59.609960937500006, 50.1806640625, 107.9234375])
array('d', [-100.26796875000001, -57.5560546875, 50.133984375000004, 110.9576171875])
array('d', [-107.08320312500001, -57.69609375, 50.0873046875, 114.2251953125])
array('d', [-116.0923828125, -56.669140625000004, 51.674414062500006, 117.3994140625])
array('d', [-122.1140625, -58.25625, 52.561328125, 121.55390625000001])
array('d', [-125.66171875, -56.809179687500006, 51.254296875, 123.18769531250001])
array('d', [-131.169921875, -53.4482421875, 51.254296875, 123.18769531250001])
array('d', [-133.410546875, -51.4876953125, 44.065625000000004, 127.248828125])
array('d', [-134.6708984375, -47.706640625000006, 42.2451171875, 130.9365234375])
array('d', [-134.7642578125, -40.611328125, 38.1373046875, 130.9365234375])
array('d', [-134.7642578125, -40.611328125, 38.1373046875, 131.0765625])
array('d', [-134.5775390625, -35.2431640625, 32.955859375, 133.13046875])
array('d', [-133.3638671875, -36.830273437500004, 29.921679687500003, 134.95097656250002])
array('d', [-133.7373046875, -42.1517578125, 30.855273437500003, 135.18437500000002])
array('d', [-133.7373046875, -46.959765625, 26.0939453125, 134.1107421875])
array('d', [-134.157421875, -46.959765625, 30.388476562500003, 134.5775390625])
array('d', [-134.157421875, -47.239843750000006, 30.388476562500003, 134.5775390625])
array('d', [-134.8109375, -41.3115234375, 30.901953125000002, 133.7373046875])
array('d', [-133.690625, -36.6435546875, 32.30234375, 133.597265625])
array('d', [-133.690625, -36.6435546875, 33.7494140625, 134.71757812500002])
array('d', [-134.48417968750002, -36.03671875, 33.7494140625, 134.71757812500002])
array('d', [-133.410546875, -40.331250000000004, 35.943359375, 133.7373046875])
array('d', [-134.157421875, -44.999218750000004, 35.4765625, 133.55058593750002])
array('d', [-134.157421875, -44.999218750000004, 35.4765625, 133.55058593750002])
array('d', [-133.55058593750002, -45.559375, 36.41015625, 134.2974609375])
array('d', [-133.78398437500002, -46.3529296875, 39.0708984375, 133.55058593750002])
array('d', [-133.78398437500002, -46.3529296875, 39.0708984375, 133.78398437500002])
array('d', [-134.99765625, -45.559375, 36.9703125, 133.78398437500002])
array('d', [-133.410546875, -43.4587890625, 37.1103515625, 133.31718750000002])
array('d', [-134.48417968750002, -44.672460937500006, 38.7908203125, 134.157421875])
array('d', [-134.48417968750002, -44.672460937500006, 35.383203125, 134.157421875])
array('d', [-134.48417968750002, -44.672460937500006, 35.383203125, 134.157421875])
array('d', [-134.48417968750002, -44.672460937500006, 35.383203125, 134.157421875])
array('d', [-133.31718750000002, -41.5916015625, 35.383203125, 134.157421875])
array('d', [-134.2974609375, -39.677734375, 34.7763671875, 133.3638671875])
array('d', [-134.2974609375, -38.0439453125, 34.35625, 134.25078125000002])
array('d', [-134.2974609375, -38.0439453125, 34.35625, 134.25078125000002])
array('d', [-134.2974609375, -38.0439453125, 34.35625, 134.25078125000002])
array('d', [-133.87734375, -36.363476562500004, 29.221484375000003, 133.78398437500002])
array('d', [-133.690625, -38.65078125, 29.268164062500002, 134.01738281250002])
array('d', [-133.690625, -38.65078125, 29.268164062500002, 134.6708984375])
array('d', [-133.690625, -38.65078125, 29.268164062500002, 134.6708984375])
array('d', [-133.690625, -38.65078125, 29.268164062500002, 134.6708984375])
array('d', [-134.2974609375, -38.8375, 30.80859375, 134.6708984375])
array('d', [-134.71757812500002, -40.8447265625, 32.162304687500004, 134.2041015625])
array('d', [-133.223828125, -42.431835937500004, 32.395703125000004, 132.476953125])
array('d', [-133.037109375, -41.358203125, 34.496289062500004, 132.85039062500002])
array('d', [-133.223828125, -41.5916015625, 36.2234375, 133.9240234375])
array('d', [-133.8306640625, -43.4587890625, 34.91640625, 133.55058593750002])
array('d', [-133.8306640625, -43.4587890625, 34.91640625, 133.55058593750002])
array('d', [-133.8306640625, -42.478515625, 35.4765625, 134.157421875])
array('d', [-134.48417968750002, -41.965039062500004, 36.316796875, 133.55058593750002])
array('d', [-135.37109375, -42.338476562500006, 35.663281250000004, 133.597265625])
array('d', [-135.37109375, -42.338476562500006, 35.663281250000004, 133.597265625])
array('d', [-135.37109375, -42.338476562500006, 35.663281250000004, 133.597265625])
array('d', [-135.37109375, -42.338476562500006, 35.663281250000004, 133.597265625])
array('d', [-133.9240234375, -44.5791015625, 34.7763671875, 133.78398437500002])
array('d', [-134.1107421875, -44.205664062500006, 34.449609375, 134.01738281250002])
array('d', [-134.1107421875, -44.205664062500006, 34.449609375, 134.01738281250002])
array('d', [-134.1107421875, -44.205664062500006, 34.449609375, 134.01738281250002])
array('d', [-133.970703125, -43.6921875, 34.029492187500004, 134.1107421875])
array('d', [-134.904296875, -43.225390625, 33.0025390625, 134.99765625])
array('d', [-133.690625, -41.918359375, 32.5357421875, 133.597265625])
array('d', [-134.0640625, -9.52265625, 30.715234375, 35.7099609375])
array('d', [-134.0640625, -9.52265625, 30.715234375, 35.7099609375])
array('d', [-131.5900390625, -4.1544921875, 33.562695312500004, 27.587695312500003])
array('d', [-133.78398437500002, -2.0539062500000003, 39.02421875, 3.3142578125])
array('d', [-126.8287109375, 2.4740234375, 38.370703125, 9.055859375])
array('d', [-118.51972656250001, 3.734375, 41.825, 5.321484375000001])
array('d', [-118.51972656250001, 3.734375, 41.825, 4.761328125])
array('d', [-118.51972656250001, 3.734375, 41.825, 4.761328125])
array('d', [-118.51972656250001, 3.734375, 41.825, 4.761328125])
array('d', [-110.2107421875, 4.4345703125, 41.171484375000006, 4.761328125])
array('d', [-109.23046875, 5.0880859375, 45.5126953125, 6.2083984375000005])
array('d', [-106.709765625, 8.308984375, 45.606054687500006, 6.8619140625])
array('d', [-109.2771484375, 11.483203125000001, 47.146484375, 8.7291015625])
array('d', [-109.2771484375, 12.510156250000001, 49.807226562500006, 8.5890625])
array('d', [-110.1640625, 12.510156250000001, 49.807226562500006, 8.5890625])
array('d', [-109.04375, 10.5962890625, 49.807226562500006, 8.5890625])
array('d', [-109.04375, 10.5962890625, 49.807226562500006, 8.5890625])
array('d', [-106.84980468750001, 6.9085937500000005, 53.4482421875, 8.682421875000001])
array('d', [-106.84980468750001, 6.9085937500000005, 56.5291015625, 7.748828125])
array('d', [-103.30214843750001, 7.888867187500001, 56.5291015625, 6.955273437500001])
array('d', [-103.30214843750001, 7.888867187500001, 56.5291015625, 6.955273437500001])
array('d', [-99.33437500000001, 7.188671875000001, 55.642187500000006, 6.955273437500001])
array('d', [-98.3541015625, 5.9750000000000005, 54.1951171875, 5.788281250000001])
array('d', [-95.9267578125, 7.0953125, 54.801953125000004, 5.0880859375])
array('d', [-95.9267578125, 7.0953125, 54.801953125000004, 5.0880859375])
array('d', [-95.9267578125, 7.0953125, 54.801953125000004, 5.0880859375])
array('d', [-95.9267578125, 7.0953125, 54.801953125000004, 5.0880859375])
array('d', [-95.83339843750001, 4.7146484375, 56.295703125, 5.9283203125])
array('d', [-91.86562500000001, 5.3681640625, 58.442968750000006, 4.0611328125])
array('d', [-91.86562500000001, 5.3681640625, 57.1826171875, 4.1078125000000005])
array('d', [-91.86562500000001, 3.7810546875, 57.1826171875, 4.1078125000000005])
array('d', [-92.2857421875, 4.2478515625, 58.25625, 4.8080078125000005])
array('d', [-90.04511718750001, 3.734375, 58.442968750000006, 2.80078125])
array('d', [-89.718359375, 2.7541015625000003, 58.769726562500004, 2.147265625])
array('d', [-89.718359375, 2.7541015625000003, 59.8900390625, 2.147265625])
array('d', [-90.18515625, 2.4740234375, 59.8900390625, 2.147265625])
array('d', [-88.41132812500001, 3.0341796875, 59.8900390625, 2.0072265625])
array('d', [-88.36464843750001, 2.5673828125, 60.170117187500004, 1.4470703125000002])
array('d', [-87.19765625000001, 0.0, 59.656640625, -0.37343750000000003])
array('d', [-86.8708984375, 0.18671875000000002, 60.030078125, 0.18671875000000002])
array('d', [-86.8708984375, 0.18671875000000002, 60.030078125, 0.18671875000000002])
array('d', [-86.8708984375, -0.8402343750000001, 58.5830078125, 0.3267578125])
array('d', [-86.96425781250001, -0.280078125, 59.003125000000004, 0.5134765625000001])
array('d', [-87.71113281250001, 0.280078125, 58.909765625000006, -0.3267578125])
array('d', [-87.71113281250001, 0.280078125, 58.909765625000006, -0.3267578125])
array('d', [-87.71113281250001, 0.280078125, 58.909765625000006, -0.3267578125])
array('d', [-87.3376953125, 0.6068359375, 59.283203125, 0.280078125])
array('d', [-87.104296875, 0.18671875000000002, 59.9833984375, 0.9802734375000001])
array('d', [-87.104296875, 0.18671875000000002, 59.9833984375, 0.9802734375000001])
array('d', [-87.104296875, 0.18671875000000002, 59.9833984375, 0.9802734375000001])
array('d', [-87.104296875, 0.18671875000000002, 59.9833984375, 0.9802734375000001])
array('d', [-87.47773437500001, 0.046679687500000004, 59.003125000000004, 0.046679687500000004])
array('d', [-87.57109375, -0.42011718750000004, 60.170117187500004, 0.37343750000000003])
array('d', [-88.69140625, 0.046679687500000004, 57.8828125, -0.8402343750000001])
array('d', [-87.1509765625, 0.046679687500000004, 59.376562500000006, 0.046679687500000004])
array('d', [-87.1509765625, 0.046679687500000004, 60.496875, 0.7001953125])
array('d', [-87.0576171875, 0.046679687500000004, 60.496875, 0.7001953125])
array('d', [-87.851171875, 0.466796875, 60.1234375, 0.7001953125])
array('d', [-87.851171875, 0.466796875, 60.1234375, -0.8402343750000001])
array('d', [-87.7578125, 1.5404296875, 60.1234375, -0.8402343750000001])
array('d', [-87.57109375, 0.046679687500000004, 60.170117187500004, -0.2333984375])
array('d', [-87.57109375, 0.046679687500000004, 60.170117187500004, -0.2333984375])
array('d', [-87.57109375, 0.046679687500000004, 60.170117187500004, -0.2333984375])
array('d', [-87.94453125000001, -0.5134765625000001, 59.376562500000006, -0.0])
array('d', [-87.01093750000001, -0.5134765625000001, 59.75, -0.3267578125])
array('d', [-85.5171875, 0.18671875000000002, 60.8236328125, -0.3267578125])
array('d', [-85.5171875, -0.653515625, 60.8236328125, -0.3267578125])
array('d', [-87.24433593750001, -0.653515625, 57.8828125, 0.18671875000000002])
array('d', [-86.73085937500001, -0.7935546875, 59.4232421875, -0.2333984375])
array('d', [-86.96425781250001, -0.37343750000000003, 59.003125000000004, -0.653515625])
array('d', [-86.96425781250001, -0.37343750000000003, 59.003125000000004, -0.653515625])
array('d', [-86.917578125, 0.046679687500000004, 60.030078125, 0.046679687500000004])
array('d', [-87.104296875, -0.37343750000000003, 58.5830078125, 0.5134765625000001])
array('d', [-87.1509765625, -0.280078125, 60.4501953125, -0.280078125])
array('d', [-86.357421875, 0.6068359375, 60.1234375, -0.37343750000000003])
array('d', [-86.6375, 0.7935546875, 60.1234375, -0.280078125])
array('d', [-86.6375, 0.7935546875, 60.1234375, 0.6068359375])
array('d', [-87.43105468750001, -0.466796875, 60.496875, 0.6068359375])
array('d', [-87.0576171875, 0.1400390625, 59.75, -0.2333984375])
array('d', [-87.0576171875, 0.1400390625, 59.75, -0.2333984375])
array('d', [-87.6177734375, -0.37343750000000003, 59.003125000000004, 0.09335937500000001])
array('d', [-86.6375, -1.30703125, 59.4232421875, 0.09335937500000001])
array('d', [-86.6375, -1.30703125, 59.4232421875, 0.09335937500000001])
array('d', [-87.6177734375, 0.7001953125, 59.75, 0.5134765625000001])
array('d', [-85.983984375, 0.7001953125, 59.75, 0.1400390625])
array('d', [-87.57109375, 0.466796875, 60.1234375, 0.1400390625])
array('d', [-87.1509765625, 0.046679687500000004, 58.676367187500006, -0.280078125])
array('d', [-88.17792968750001, 0.9802734375000001, 59.75, -1.0269531250000001])
array('d', [-87.384375, 0.280078125, 59.75, 0.1400390625])
array('d', [-87.384375, 0.280078125, 59.75, 0.1400390625])
array('d', [-86.73085937500001, -0.1400390625, 59.75, 0.09335937500000001])
array('d', [-87.7578125, 1.0736328125, 58.676367187500006, -0.2333984375])
array('d', [-87.7578125, 0.280078125, 60.1234375, 0.5134765625000001])
array('d', [-87.47773437500001, 0.280078125, 60.1234375, 0.5134765625000001])
array('d', [-86.6375, 0.56015625, 59.3298828125, 0.5134765625000001])
array('d', [-86.6841796875, 0.5134765625000001, 59.3298828125, 0.5134765625000001])
array('d', [-86.6375, 0.5134765625000001, 58.6296875, 0.046679687500000004])
array('d', [-86.82421875, 0.5134765625000001, 60.4501953125, -0.0])
array('d', [-86.82421875, 0.5134765625000001, 58.25625, 0.046679687500000004])
array('d', [-85.70390625, 0.1400390625, 58.25625, 0.046679687500000004])
array('d', [-85.70390625, 0.1400390625, 58.25625, 0.046679687500000004])
array('d', [-85.70390625, 0.09335937500000001, 60.030078125, 0.18671875000000002])
array('d', [-86.5908203125, 0.09335937500000001, 59.75, 0.2333984375])
array('d', [-86.1240234375, 0.1400390625, 59.75, 0.2333984375])
array('d', [-86.1240234375, 0.1400390625, 59.75, 0.2333984375])
array('d', [-86.1240234375, 0.1400390625, 59.75, 0.2333984375])
array('d', [-86.1240234375, 0.1400390625, 59.75, 0.2333984375])
array('d', [-86.54414062500001, -0.280078125, 59.003125000000004, 0.18671875000000002])
array('d', [-87.66445312500001, -4.1544921875, 63.0642578125, 0.18671875000000002])
array('d', [-86.07734375000001, 0.09335937500000001, 59.75, 0.046679687500000004])
array('d', [-86.73085937500001, 0.09335937500000001, 59.4232421875, 0.3267578125])
array('d', [-86.73085937500001, 0.09335937500000001, 58.676367187500006, 0.2333984375])
array('d', [-86.6841796875, -0.280078125, 58.676367187500006, 0.2333984375])
array('d', [-86.917578125, 0.09335937500000001, 60.1234375, 0.2333984375])
array('d', [-86.917578125, 0.09335937500000001, 60.1234375, 0.2333984375])
array('d', [-86.917578125, 0.09335937500000001, 60.1234375, 0.2333984375])
array('d', [-85.84394531250001, 0.5134765625000001, 58.6296875, 0.18671875000000002])
array('d', [-85.84394531250001, 0.5134765625000001, 60.8236328125, 0.09335937500000001])
array('d', [-86.03066406250001, 0.8869140625, 60.8236328125, 0.09335937500000001])
array('d', [-86.03066406250001, 0.8869140625, 60.8236328125, 0.09335937500000001])
array('d', [-86.917578125, 0.1400390625, 58.6296875, -0.18671875000000002])
array('d', [-86.6841796875, 0.5134765625000001, 59.75, -0.0])
array('d', [-87.1509765625, -0.2333984375, 58.302929687500004, 0.2333984375])
array('d', [-87.1509765625, -0.2333984375, 58.302929687500004, 0.2333984375])
array('d', [-87.1509765625, -0.2333984375, 58.302929687500004, 0.2333984375])
array('d', [-87.1509765625, -0.2333984375, 58.302929687500004, 0.2333984375])
array('d', [-86.6841796875, 0.466796875, 59.75, -0.0])
array('d', [-87.7578125, 0.09335937500000001, 59.7966796875, -0.42011718750000004])
array('d', [-87.7578125, 0.09335937500000001, 60.8236328125, 0.466796875])
array('d', [-87.7578125, 0.09335937500000001, 60.8236328125, 0.466796875])
array('d', [-87.7578125, 0.09335937500000001, 60.8236328125, 0.466796875])
array('d', [-87.7578125, 0.09335937500000001, 60.8236328125, 0.466796875])
array('d', [-87.7578125, 0.09335937500000001, 60.8236328125, 0.466796875])
array('d', [-86.1240234375, -0.2333984375, 59.4232421875, 0.2333984375])
array('d', [-86.1240234375, -0.2333984375, 59.4232421875, -0.18671875000000002])
array('d', [-86.1240234375, 0.09335937500000001, 59.75, -0.18671875000000002])
array('d', [-86.1240234375, 0.09335937500000001, 59.75, -0.18671875000000002])
array('d', [-86.1240234375, 0.09335937500000001, 59.75, -0.18671875000000002])
array('d', [-86.1240234375, 0.09335937500000001, 59.75, -0.18671875000000002])
array('d', [-86.1240234375, 0.09335937500000001, 59.75, -0.18671875000000002])
array('d', [-86.1240234375, 0.09335937500000001, 59.75, -0.18671875000000002])
array('d', [-86.4041015625, 0.1400390625, 59.003125000000004, 0.046679687500000004])
array('d', [-87.24433593750001, -0.280078125, 60.030078125, 0.2333984375])
array('d', [-86.2173828125, -0.2333984375, 58.6296875, 0.2333984375])
array('d', [-86.2173828125, -0.2333984375, 58.6296875, 0.2333984375])
array('d', [-86.2173828125, -0.2333984375, 58.6296875, 0.2333984375])
array('d', [-86.170703125, -0.2333984375, 59.0498046875, -0.18671875000000002])
array('d', [-86.31074218750001, 0.42011718750000004, 58.9564453125, 0.046679687500000004])
array('d', [-86.31074218750001, 0.42011718750000004, 60.4501953125, 0.2333984375])
array('d', [-85.983984375, 0.7935546875, 60.4501953125, 0.2333984375])
array('d', [-86.170703125, -0.18671875000000002, 60.403515625000004, -0.18671875000000002])
array('d', [-85.890625, 0.37343750000000003, 59.75, 0.466796875])
array('d', [-85.890625, 0.37343750000000003, 59.75, 0.466796875])
array('d', [-85.890625, 0.37343750000000003, 59.75, 0.466796875])
array('d', [-85.890625, 0.37343750000000003, 59.75, 0.466796875])
array('d', [-86.1240234375, 0.09335937500000001, 60.496875, 0.1400390625])
array('d', [-85.56386718750001, -0.2333984375, 60.1234375, -0.1400390625])
array('d', [-85.56386718750001, -0.2333984375, 60.8236328125, -0.42011718750000004])
array('d', [-85.9373046875, 0.1400390625, 60.8236328125, -0.42011718750000004])
array('d', [-86.1240234375, 0.0, 59.75, -0.09335937500000001])
array('d', [-87.01093750000001, 0.37343750000000003, 57.9294921875, -0.1400390625])
array('d', [-86.1240234375, 0.1400390625, 59.003125000000004, -0.046679687500000004])
array('d', [-86.2173828125, -0.2333984375, 58.676367187500006, -0.1400390625])
array('d', [-86.2173828125, -0.2333984375, 59.75, 0.280078125])
array('d', [-85.6572265625, -0.18671875000000002, 59.75, 0.280078125])
array('d', [-86.357421875, 0.42011718750000004, 59.75, -0.0])
array('d', [-86.357421875, 0.42011718750000004, 59.75, -0.0])
array('d', [-86.73085937500001, -0.18671875000000002, 59.4232421875, -0.0])
array('d', [-86.5908203125, 0.1400390625, 59.75, 0.37343750000000003])
array('d', [-85.890625, 0.09335937500000001, 59.75, 0.1400390625])
array('d', [-85.890625, 0.09335937500000001, 59.75, -0.7001953125])
array('d', [-86.31074218750001, 0.7468750000000001, 59.376562500000006, -0.7001953125])
array('d', [-85.7505859375, -0.3267578125, 59.4232421875, -0.1400390625])
array('d', [-86.45078125, -0.09335937500000001, 61.150390625, -0.42011718750000004])
array('d', [-86.45078125, -0.09335937500000001, 61.150390625, -0.0])
array('d', [-86.07734375000001, 0.0, 59.75, -0.0])
array('d', [-86.07734375000001, 0.0, 59.75, -0.0])
array('d', [-86.07734375000001, 0.0, 59.75, -0.0])
array('d', [-86.6375, 0.09335937500000001, 59.376562500000006, -0.0])
array('d', [-86.6375, 0.09335937500000001, 60.1234375, -0.0])
array('d', [-86.2173828125, 0.09335937500000001, 60.1234375, -0.0])
array('d', [-86.54414062500001, 0.2333984375, 60.1234375, -0.1400390625])
array('d', [-85.890625, -0.1400390625, 59.4232421875, -0.280078125])
array('d', [-85.890625, 0.280078125, 59.4232421875, -0.1400390625])
array('d', [-86.2173828125, 0.280078125, 59.4232421875, -0.1400390625])
array('d', [-85.983984375, -0.37343750000000003, 59.75, 0.1400390625])
array('d', [-86.31074218750001, -0.046679687500000004, 59.003125000000004, 0.42011718750000004])
array('d', [-86.54414062500001, 0.37343750000000003, 60.1234375, 0.1400390625])
array('d', [-86.54414062500001, 0.37343750000000003, 60.1234375, 0.1400390625])
array('d', [-86.54414062500001, 0.37343750000000003, 60.1234375, 0.1400390625])
array('d', [-86.31074218750001, -0.3267578125, 60.1234375, -0.0])
array('d', [-86.45078125, 0.466796875, 59.7966796875, 0.3267578125])
array('d', [-86.45078125, 0.466796875, 59.4232421875, 0.09335937500000001])
array('d', [-86.03066406250001, 0.2333984375, 59.4232421875, 0.09335937500000001])
array('d', [-85.9373046875, 0.046679687500000004, 60.030078125, 0.046679687500000004])
array('d', [-85.9373046875, 0.046679687500000004, 59.75, 0.280078125])
array('d', [-85.6572265625, -0.37343750000000003, 59.4232421875, 0.280078125])
array('d', [-86.07734375000001, -0.37343750000000003, 58.676367187500006, -0.3267578125])
array('d', [-85.37714843750001, 0.3267578125, 58.676367187500006, -0.3267578125])
array('d', [-86.49746093750001, 0.046679687500000004, 59.376562500000006, 0.09335937500000001])
array('d', [-85.61054687500001, 0.046679687500000004, 59.376562500000006, 0.09335937500000001])
array('d', [-85.61054687500001, -0.09335937500000001, 60.170117187500004, 0.18671875000000002])
array('d', [-85.423828125, -0.09335937500000001, 59.283203125, 0.046679687500000004])
array('d', [-85.423828125, 0.18671875000000002, 61.150390625, -0.3267578125])
array('d', [-85.423828125, 0.18671875000000002, 61.150390625, -0.3267578125])
array('d', [-85.423828125, 0.18671875000000002, 61.150390625, -0.3267578125])
array('d', [-85.61054687500001, 0.1400390625, 59.656640625, 0.2333984375])
array('d', [-85.61054687500001, 0.1400390625, 58.909765625000006, 0.280078125])
array('d', [-85.1904296875, 0.18671875000000002, 58.909765625000006, 0.280078125])
array('d', [-85.1904296875, 0.18671875000000002, 58.909765625000006, 0.280078125])
array('d', [-85.1904296875, 0.18671875000000002, 58.909765625000006, 0.280078125])
array('d', [-85.983984375, 0.280078125, 59.656640625, -0.280078125])
array('d', [-85.983984375, -0.466796875, 59.656640625, 0.280078125])
array('d', [-85.2837890625, -0.42011718750000004, 57.8828125, 0.280078125])
array('d', [-85.2837890625, -0.42011718750000004, 57.8828125, 0.280078125])
array('d', [-85.2837890625, -0.42011718750000004, 57.8828125, 0.280078125])
array('d', [-85.7505859375, -0.18671875000000002, 59.656640625, -0.7468750000000001])
array('d', [-85.423828125, -0.18671875000000002, 59.656640625, 0.93359375])
array('d', [-85.423828125, -0.18671875000000002, 59.656640625, 0.2333984375])
array('d', [-85.423828125, -0.18671875000000002, 59.656640625, 0.2333984375])
array('d', [-85.423828125, -0.18671875000000002, 59.656640625, 0.2333984375])
array('d', [-84.8169921875, -0.466796875, 59.283203125, -0.046679687500000004])
array('d', [-85.1904296875, -0.466796875, 59.283203125, -0.046679687500000004])
array('d', [-85.37714843750001, 0.0, 59.236523437500004, 0.56015625])
array('d', [-85.37714843750001, 0.0, 59.236523437500004, 0.56015625])
array('d', [-85.37714843750001, 0.0, 59.236523437500004, 0.56015625])
array('d', [-85.37714843750001, 0.0, 59.236523437500004, 0.56015625])
array('d', [-85.423828125, 0.18671875000000002, 59.656640625, -0.0])
array('d', [-85.56386718750001, 0.2333984375, 60.030078125, 0.3267578125])
array('d', [-85.050390625, -0.18671875000000002, 59.656640625, -0.37343750000000003])
array('d', [-85.050390625, -0.18671875000000002, 59.656640625, -0.37343750000000003])
array('d', [-85.050390625, -0.18671875000000002, 59.656640625, -0.37343750000000003])
array('d', [-85.050390625, -0.18671875000000002, 59.656640625, -0.37343750000000003])
array('d', [-85.983984375, 0.18671875000000002, 59.3298828125, -0.09335937500000001])
array('d', [-85.983984375, 0.0, 59.003125000000004, -0.09335937500000001])
array('d', [-85.56386718750001, 0.0, 59.003125000000004, -0.09335937500000001])
array('d', [-85.56386718750001, 0.0, 59.003125000000004, -0.09335937500000001])
array('d', [-85.56386718750001, 0.0, 59.003125000000004, -0.09335937500000001])
array('d', [-85.56386718750001, 0.0, 59.003125000000004, -0.09335937500000001])
array('d', [-86.170703125, -0.046679687500000004, 59.003125000000004, -0.09335937500000001])
array('d', [-85.5171875, -0.18671875000000002, 58.5830078125, -0.046679687500000004])
array('d', [-85.2837890625, 0.0, 59.283203125, -0.42011718750000004])
array('d', [-85.2837890625, 0.0, 59.283203125, -0.42011718750000004])
array('d', [-85.0037109375, 0.0, 59.003125000000004, -0.09335937500000001])
array('d', [-86.170703125, 0.046679687500000004, 59.75, -0.09335937500000001])
array('d', [-85.4705078125, 0.046679687500000004, 59.003125000000004, 0.3267578125])
array('d', [-85.1904296875, 0.1400390625, 60.776953125000006, 0.653515625])
array('d', [-85.1904296875, 0.1400390625, 59.283203125, 0.3267578125])
array('d', [-84.2568359375, 1.3537109375, 59.283203125, 0.3267578125])
array('d', [-80.755859375, 1.3537109375, 59.283203125, 0.3267578125])
array('d', [-80.755859375, 1.3537109375, 59.283203125, 0.3267578125])
array('d', [-80.755859375, 5.134765625, 58.8630859375, -1.2603515625000001])
array('d', [-79.635546875, 5.41484375, 58.8630859375, -1.2603515625000001])
array('d', [-78.32851562500001, 7.2353515625, 60.076757812500006, 0.7001953125])
array('d', [-78.32851562500001, 11.109765625000001, 60.076757812500006, 0.7001953125])
array('d', [-75.0142578125, 11.109765625000001, 59.656640625, 0.7001953125])
array('d', [-71.79335937500001, 11.856640625, 60.030078125, 1.4470703125000002])
array('d', [-70.3462890625, 14.2373046875, 61.570507812500004, 1.8205078125])
array('d', [-70.3462890625, 14.2373046875, 64.2779296875, 4.014453125])
array('d', [-69.92617187500001, 17.084765625, 64.2779296875, 4.014453125])
array('d', [-67.82558593750001, 17.2248046875, 66.6119140625, 5.3681640625])
array('d', [-65.3982421875, 18.3451171875, 67.6388671875, 7.46875])
array('d', [-65.3982421875, 18.3451171875, 68.75917968750001, 8.5890625])
array('d', [-64.55800781250001, 20.399023437500002, 68.75917968750001, 8.5890625])
array('d', [-64.09121093750001, 20.7724609375, 69.7861328125, 12.043359375000001])
array('d', [-64.09121093750001, 20.7724609375, 69.7861328125, 12.043359375000001])
array('d', [-64.09121093750001, 20.7724609375, 69.7861328125, 12.043359375000001])
array('d', [-64.09121093750001, 20.7724609375, 69.7861328125, 12.043359375000001])
array('d', [-62.2240234375, 20.819140625000003, 71.13984375, 14.844140625000001])
array('d', [-62.410742187500006, 21.799414062500002, 74.220703125, 16.0578125])
array('d', [-62.92421875, 23.5732421875, 74.7341796875, 19.1853515625])
array('d', [-62.92421875, 23.5732421875, 74.7341796875, 19.1853515625])
array('d', [-62.92421875, 23.5732421875, 74.7341796875, 19.1853515625])
array('d', [-60.963671875, 21.005859375, 74.87421875, 18.85859375])
array('d', [-60.963671875, 23.993359375, 72.7736328125, 19.7455078125])
array('d', [-61.1970703125, 23.993359375, 72.7736328125, 19.7455078125])
array('d', [-58.769726562500004, 24.8802734375, 73.66054687500001, 21.659375])
array('d', [-59.843359375000006, 24.4134765625, 71.09316406250001, 20.9125])
array('d', [-59.843359375000006, 24.4134765625, 71.09316406250001, 20.9125])
array('d', [-56.9958984375, 25.3470703125, 69.179296875, 21.2392578125])
array('d', [-54.941992187500006, 27.541015625, 71.1865234375, 20.865820312500002])
array('d', [-55.035351562500004, 28.474609375, 68.05898437500001, 19.1853515625])
array('d', [-55.035351562500004, 27.167578125000002, 65.72500000000001, 17.458203125])
array('d', [-54.475195312500006, 27.634375000000002, 60.310156250000006, 14.5640625])
array('d', [-54.008398437500006, 28.0078125, 56.9958984375, 12.650195312500001])
array('d', [-54.008398437500006, 28.0078125, 56.9958984375, 11.669921875])
array('d', [-51.767773437500004, 27.354296875000003, 56.9958984375, 11.669921875])
array('d', [-49.760546875, 29.408203125, 54.568554687500004, 7.3287109375])
array('d', [-47.239843750000006, 29.408203125, 51.1609375, 5.1814453125])
array('d', [-47.239843750000006, 30.155078125000003, 47.519921875, 3.641015625])
array('d', [-49.2470703125, 29.501562500000002, 47.519921875, 3.641015625])
array('d', [-48.9203125, 29.5482421875, 45.232617187500004, 3.9677734375])
array('d', [-48.9203125, 29.968359375000002, 42.898632812500004, 1.4937500000000001])
array('d', [-48.9203125, 29.968359375000002, 42.898632812500004, 1.4937500000000001])
array('d', [-46.9130859375, 29.0814453125, 40.8447265625, -1.6804687500000002])
array('d', [-46.9130859375, 29.0814453125, 39.2109375, -3.9677734375])
array('d', [-45.139257812500006, 32.208984375, 39.2109375, -3.9677734375])
array('d', [-44.065625000000004, 34.91640625, 39.2109375, -3.9677734375])
array('d', [-44.065625000000004, 34.91640625, 39.2109375, -3.9677734375])
array('d', [-44.065625000000004, 34.91640625, 39.2109375, -3.9677734375])
array('d', [-44.065625000000004, 34.91640625, 33.42265625, -8.77578125])
array('d', [-44.25234375, 35.1498046875, 33.42265625, -8.77578125])
array('d', [-40.564648437500004, 35.7099609375, 29.688281250000003, -12.3701171875])
array('d', [-37.9505859375, 37.530468750000004, 25.6271484375, -14.143945312500001])
array('d', [-37.9505859375, 37.530468750000004, 24.133398437500002, -16.8513671875])
array('d', [-35.28984375, 38.8375, 24.133398437500002, -16.8513671875])
array('d', [-32.2556640625, 43.6455078125, 21.4259765625, -15.404296875])
array('d', [-27.9611328125, 46.8197265625, 17.5515625, -20.632421875000002])
array('d', [-27.9611328125, 46.8197265625, 17.5515625, -26.2806640625])
array('d', [-24.926953125, 49.48046875, 13.9572265625, -26.2806640625])
array('d', [-23.0130859375, 49.48046875, 9.4759765625, -26.2806640625])
array('d', [-17.73828125, 55.268750000000004, 7.1419921875000005, -33.329296875000004])
array('d', [-17.73828125, 55.268750000000004, 3.8744140625, -18.6251953125])
array('d', [-13.3037109375, 60.496875, 3.8744140625, -18.6251953125])
array('d', [-13.3037109375, 60.496875, 3.8744140625, -18.6251953125])
array('d', [-13.3037109375, 60.496875, 3.8744140625, -18.6251953125])
array('d', [-13.3037109375, 60.496875, 3.8744140625, -18.6251953125])
array('d', [-8.449023437500001, 65.444921875, 1.5404296875, -17.5515625])
array('d', [-3.4542968750000003, 68.99257812500001, -3.7810546875, -23.5732421875])
array('d', [-1.2603515625000001, 69.64609375, -8.5890625, -25.58046875])
array('d', [54.475195312500006, 129.11601562500002, -77.768359375, -59.143164062500006])
array('d', [52.561328125, 122.8142578125, -82.3896484375, -59.0498046875])
array('d', [52.561328125, 133.223828125, -79.96230468750001, -56.482421875])
array('d', [53.7283203125, 133.223828125, -79.96230468750001, -56.482421875])
array('d', [53.3548828125, 133.6439453125, -81.0826171875, -54.568554687500004])
array('d', [52.234570312500004, 133.31718750000002, -87.6177734375, -59.096484375])
array('d', [58.162890625, 136.024609375, -91.4921875, -55.362109375])
array('d', [54.6619140625, 132.9904296875, -94.66640625000001, -53.121484375])
array('d', [50.367382812500004, 131.91679687500002, -96.8603515625, -53.3548828125])
array('d', [50.367382812500004, 131.91679687500002, -96.8603515625, -53.3548828125])
array('d', [54.475195312500006, 128.0890625, -97.93398437500001, -50.834179687500004])
array('d', [46.4462890625, 136.398046875, -100.78144531250001, -47.4265625])
array('d', [46.4462890625, 134.1107421875, -100.78144531250001, -47.4265625])
array('d', [46.4462890625, 134.1107421875, -100.78144531250001, -47.4265625])
array('d', [46.4462890625, 134.1107421875, -100.78144531250001, -47.4265625])
array('d', [46.959765625, 134.1107421875, -99.241015625, -45.606054687500006])
array('d', [46.072851562500006, 132.4302734375, -100.50136718750001, -43.0853515625])
array('d', [46.2595703125, 131.1232421875, -100.78144531250001, -43.598828125000004])
array('d', [46.2595703125, 131.1232421875, -100.78144531250001, -43.598828125000004])
array('d', [46.2595703125, 131.1232421875, -100.78144531250001, -43.598828125000004])
array('d', [46.6796875, 135.88457031250002, -103.06875000000001, -44.672460937500006])
array('d', [46.6796875, 135.88457031250002, -103.25546875, -44.532421875000004])
array('d', [44.672460937500006, 134.25078125000002, -103.25546875, -44.532421875000004])
array('d', [44.672460937500006, 134.25078125000002, -103.25546875, -44.532421875000004])
array('d', [44.672460937500006, 134.25078125000002, -103.25546875, -44.532421875000004])
array('d', [44.672460937500006, 134.25078125000002, -103.25546875, -44.532421875000004])
array('d', [44.672460937500006, 134.25078125000002, -103.25546875, -44.532421875000004])
array('d', [49.107031250000006, 135.9779296875, -108.48359375000001, -43.4587890625])
array('d', [47.146484375, 133.31718750000002, -110.30410156250001, -41.4515625])
array('d', [46.026171875, 131.8234375, -111.47109375000001, -41.965039062500004])
array('d', [46.026171875, 131.8234375, -111.47109375000001, -41.965039062500004])
array('d', [46.026171875, 131.8234375, -111.47109375000001, -41.965039062500004])
array('d', [47.1931640625, 134.1107421875, -124.07460937500001, -37.250390625])
array('d', [42.1517578125, 133.223828125, -125.4283203125, -36.6435546875])
array('d', [45.092578125, 133.223828125, -126.2685546875, -36.2701171875])
array('d', [42.338476562500006, 134.530859375, -128.6025390625, -36.9703125])
array('d', [38.930859375000004, 133.7373046875, -122.767578125, -34.029492187500004])
array('d', [38.930859375000004, 133.7373046875, -121.55390625000001, -33.516015625])
array('d', [41.7783203125, 134.1107421875, -121.55390625000001, -32.395703125000004])
array('d', [33.796093750000004, 134.6708984375, -120.15351562500001, -32.395703125000004])
array('d', [32.8158203125, 136.35136718750002, -116.88593750000001, -28.848046875])
array('d', [37.763867187500004, 133.597265625, -114.78535156250001, -26.32734375])
array('d', [37.763867187500004, 133.597265625, -114.78535156250001, -26.467382812500002])
array('d', [39.164257812500004, 133.50390625, -113.058203125, -26.467382812500002])
array('d', [39.164257812500004, 133.9240234375, -112.311328125, -26.7474609375])
array('d', [38.8841796875, 133.9240234375, -108.85703125, -21.4259765625])
array('d', [42.2451171875, 134.2974609375, -108.85703125, -21.4259765625])
array('d', [43.132031250000004, 133.597265625, -105.68281250000001, -18.8119140625])
array('d', [39.7244140625, 134.95097656250002, -102.83535156250001, -16.3845703125])
array('d', [39.7244140625, 134.95097656250002, -101.43496093750001, -16.0111328125])
array('d', [38.930859375000004, 133.4572265625, -101.43496093750001, -16.0111328125])
array('d', [44.25234375, 133.6439453125, -101.43496093750001, -16.0111328125])
array('d', [44.25234375, 133.6439453125, -101.43496093750001, -16.0111328125])
array('d', [44.25234375, 133.6439453125, -102.13515625000001, -13.537109375])
array('d', [46.306250000000006, 133.597265625, -96.90703125, -13.537109375])
array('d', [45.232617187500004, 133.970703125, -96.253515625, -10.8296875])
array('d', [43.225390625, 133.78398437500002, -93.77949218750001, -9.709375])
array('d', [43.225390625, 133.78398437500002, -93.77949218750001, -9.709375])
array('d', [43.365429687500004, 132.663671875, -90.93203125000001, -8.40234375])
array('d', [43.972265625000006, 133.970703125, -89.8583984375, -5.3681640625])
array('d', [43.412109375, 132.8037109375, -91.2587890625, -3.3142578125])
array('d', [43.6455078125, 133.78398437500002, -87.104296875, -1.4937500000000001])
array('d', [40.6580078125, 133.970703125, -85.050390625, 1.30703125])
array('d', [40.1912109375, 131.730078125, -85.0037109375, 1.30703125])
array('d', [39.584375, 127.995703125, -82.623046875, 1.7271484375000001])
array('d', [37.997265625000004, 127.715625, -82.29628906250001, 1.2603515625000001])
array('d', [31.835546875000002, 125.6150390625, -81.6427734375, 3.1275390625000004])
array('d', [31.135351562500002, 122.72089843750001, -81.1759765625, 1.7271484375000001])
array('d', [31.135351562500002, 120.246875, -80.008984375, 2.9875000000000003])
array('d', [29.221484375000003, 120.246875, -77.62832031250001, 1.9605468750000001])
array('d', [29.221484375000003, 120.246875, -77.62832031250001, 1.9605468750000001])
array('d', [22.032812500000002, 113.71171875, -77.86171875000001, 2.5673828125])
array('d', [22.032812500000002, 110.257421875, -75.6677734375, 1.9138671875000002])
array('d', [19.325390625, 106.98984375, -75.6677734375, 3.17421875])
array('d', [18.065039062500002, 100.1279296875, -78.0017578125, 2.5207031250000003])
array('d', [16.24453125, 99.14765625000001, -77.581640625, 3.1275390625000004])
array('d', [16.24453125, 99.14765625000001, -77.581640625, 3.1275390625000004])
array('d', [9.6626953125, 97.1404296875, -76.18125, 2.8941406250000004])
array('d', [8.869140625, 97.00039062500001, -73.42714843750001, 2.6607421875000004])
array('d', [8.3556640625, 94.1529296875, -73.42714843750001, 2.6607421875000004])
array('d', [8.3556640625, 94.1529296875, -73.42714843750001, 2.6607421875000004])
array('d', [5.2748046875000005, 90.93203125000001, -74.12734375000001, 3.1275390625000004])
array('d', [5.2748046875000005, 90.93203125000001, -72.4001953125, 5.0880859375])
array('d', [4.8080078125000005, 89.8583984375, -72.4001953125, 5.0880859375])
array('d', [2.6140625, 87.6177734375, -69.8328125, 3.5943359375000004])
array('d', [3.080859375, 86.26406250000001, -68.0123046875, 5.228125])
array('d', [1.3537109375, 83.08984375, -67.82558593750001, 6.9085937500000005])
array('d', [1.3537109375, 83.08984375, -67.82558593750001, 6.9085937500000005])
array('d', [1.1203125, 82.6697265625, -66.0984375, 7.28203125])
array('d', [-0.7001953125, 82.3896484375, -66.938671875, 5.4615234375])
array('d', [0.5134765625000001, 81.7361328125, -66.938671875, 5.4615234375])
array('d', [0.5134765625000001, 81.7361328125, -66.938671875, 5.4615234375])
array('d', [1.0736328125, 82.34296875000001, -66.1451171875, 7.0486328125])
array('d', [2.0072265625, 83.1365234375, -65.818359375, 8.0755859375])
array('d', [1.6337890625, 83.1365234375, -65.818359375, 8.0755859375])
array('d', [1.6337890625, 84.8169921875, -64.6046875, 6.021679687500001])
array('d', [4.3412109375000005, 85.84394531250001, -66.42519531250001, 6.021679687500001])
array('d', [6.5818359375, 85.890625, -66.19179687500001, 6.255078125000001])
array('d', [8.308984375, 85.423828125, -68.05898437500001, 4.014453125])
array('d', [8.7291015625, 86.73085937500001, -68.05898437500001, 4.761328125])
array('d', [10.176171875, 88.5513671875, -67.40546875, 4.3412109375000005])
array('d', [10.176171875, 88.5513671875, -67.40546875, 4.3412109375000005])
array('d', [8.77578125, 87.66445312500001, -67.77890625, 2.707421875])
array('d', [9.0091796875, 87.43105468750001, -65.72500000000001, 3.080859375])
array('d', [9.0091796875, 87.43105468750001, -65.72500000000001, 3.080859375])
array('d', [8.308984375, 85.423828125, -64.1845703125, 5.788281250000001])
array('d', [9.6626953125, 85.423828125, -64.1845703125, 6.53515625])
array('d', [9.4759765625, 86.357421875, -61.990625, 6.53515625])
array('d', [9.4759765625, 86.357421875, -61.990625, 6.53515625])
array('d', [10.923046875, 89.76503906250001, -63.5310546875, 5.0414062500000005])
array('d', [14.050585937500001, 89.29824218750001, -61.943945312500006, 6.2083984375000005])
array('d', [14.00390625, 89.718359375, -62.270703125000004, 2.6140625])
array('d', [14.00390625, 89.718359375, -62.270703125000004, 2.6140625])
array('d', [14.00390625, 89.718359375, -62.270703125000004, 2.6140625])
array('d', [16.3845703125, 91.67890625000001, -63.484375, 2.9875000000000003])
array('d', [20.258984375, 93.359375, -68.9458984375, -2.707421875])
array('d', [21.84609375, 92.6591796875, -69.8328125, -3.17421875])
array('d', [21.2392578125, 95.64667968750001, -68.52578125000001, -5.41484375])
array('d', [21.2392578125, 95.64667968750001, -68.52578125000001, -5.41484375])
array('d', [23.1064453125, 96.53359375000001, -71.3732421875, -4.014453125])
array('d', [29.6416015625, 102.64863281250001, -76.18125, -8.8224609375])
array('d', [29.6416015625, 102.6953125, -76.6013671875, -13.723828125])
array('d', [31.275390625, 103.53554687500001, -77.86171875000001, -14.283984375000001])
array('d', [31.275390625, 105.5427734375, -77.5349609375, -14.9375])
array('d', [32.4890625, 107.6900390625, -79.2154296875, -18.3451171875])
array('d', [36.9236328125, 109.4638671875, -83.93007812500001, -18.7185546875])
array('d', [37.15703125, 111.84453125, -87.57109375, -21.379296875])
array('d', [36.130078125000004, 111.84453125, -86.73085937500001, -23.199804687500002])
array('d', [37.5771484375, 116.88593750000001, -88.64472656250001, -23.666601562500002])
array('d', [42.851953125, 117.07265625000001, -90.97871093750001, -24.553515625000003])
array('d', [43.505468750000006, 118.3330078125, -94.5263671875, -26.233984375000002])
array('d', [41.1248046875, 121.833984375, -94.853125, -27.634375000000002])
array('d', [42.5251953125, 121.833984375, -97.04707031250001, -28.801367187500002])
array('d', [42.5251953125, 121.833984375, -97.04707031250001, -28.801367187500002])
array('d', [42.5251953125, 121.833984375, -97.04707031250001, -28.801367187500002])
array('d', [45.559375, 126.5486328125, -97.00039062500001, -29.688281250000003])
array('d', [45.559375, 129.5361328125, -99.7078125, -28.848046875])
array('d', [45.092578125, 132.476953125, -100.8748046875, -28.2412109375])
array('d', [43.31875, 133.223828125, -101.48164062500001, -28.334570312500002])
array('d', [41.731640625000004, 133.87734375, -102.36855468750001, -14.610742187500001])
array('d', [42.9453125, 133.87734375, -102.36855468750001, -16.8513671875])
array('d', [42.9453125, 133.87734375, -102.36855468750001, -16.8513671875])
array('d', [41.2181640625, 134.2041015625, -103.6755859375, -16.99140625])
array('d', [40.14453125, 133.690625, -105.5427734375, -18.531835937500002])
array('d', [32.955859375, 133.690625, -105.5427734375, -18.531835937500002])
array('d', [33.562695312500004, 134.344140625, -110.1640625, -20.9591796875])
array('d', [33.562695312500004, 135.18437500000002, -111.8912109375, -17.598242187500002])
array('d', [33.1892578125, 135.18437500000002, -111.8912109375, -17.598242187500002])
array('d', [33.1892578125, 135.18437500000002, -111.8912109375, -17.598242187500002])
array('d', [33.1892578125, 135.18437500000002, -111.8912109375, -17.598242187500002])
array('d', [34.5896484375, 134.62421875, -115.3455078125, -20.072265625])
array('d', [33.2359375, 133.13046875, -116.69921875, -19.932226562500002])
array('d', [33.2359375, 133.13046875, -117.0259765625, -19.932226562500002])
array('d', [35.009765625, 133.50390625, -117.0259765625, -21.799414062500002])
array('d', [35.383203125, 133.7373046875, -114.08515625000001, -24.2267578125])
array('d', [35.1498046875, 133.1771484375, -115.3455078125, -24.2267578125])
array('d', [31.835546875000002, 134.25078125000002, -116.69921875, -20.9591796875])
array('d', [39.677734375, 133.597265625, -115.0654296875, -22.8263671875])
array('d', [39.117578125, 133.6439453125, -125.8017578125, -32.5357421875])
array('d', [41.918359375, 134.0640625, -127.38886718750001, -30.715234375])
array('d', [38.4173828125, 134.8109375, -127.38886718750001, -30.668554687500002])
array('d', [38.6041015625, 133.7373046875, -127.062109375, -30.388476562500003])
array('d', [44.719140625, 133.1771484375, -124.07460937500001, -7.748828125])
array('d', [41.498242187500004, 134.01738281250002, -122.44082031250001, -4.3412109375000005])
array('d', [40.14453125, 133.690625, -123.0943359375, -4.48125])
array('d', [41.544921875, 133.87734375, -121.74062500000001, -5.694921875])
array('d', [42.478515625, 133.55058593750002, -120.43359375, -5.3681640625])
array('d', [43.785546875, 133.55058593750002, -120.43359375, -5.3681640625])
array('d', [43.785546875, 133.08378906250002, -120.06015625, -3.3142578125])
array('d', [45.932812500000004, 133.8306640625, -120.10683593750001, -3.3142578125])
array('d', [47.053125, 134.3908203125, -118.23964843750001, -2.9408203125])
array('d', [43.4587890625, 133.597265625, -119.1265625, -5.788281250000001])
array('d', [42.0583984375, 133.6439453125, -119.2666015625, -6.2083984375000005])
array('d', [42.0583984375, 133.4572265625, -119.033203125, -6.815234375])
array('d', [46.539648437500006, 133.4572265625, -119.033203125, -6.815234375])
array('d', [48.406835937500006, 134.3908203125, -119.593359375, -6.4417968750000005])
array('d', [44.1123046875, 133.597265625, -116.4658203125, -6.3017578125])
array('d', [35.943359375, 134.4375, -116.4658203125, -6.3017578125])
array('d', [35.943359375, 134.4375, -114.31855468750001, -4.761328125])
array('d', [38.65078125, 133.7373046875, -114.31855468750001, -5.6015625])
array('d', [41.264843750000004, 133.7373046875, -114.45859375, -5.6015625])
array('d', [41.264843750000004, 133.7373046875, -114.45859375, -5.6015625])
array('d', [41.4515625, 133.3638671875, -113.80507812500001, -6.8619140625])
array('d', [41.965039062500004, 133.6439453125, -113.33828125000001, -5.9750000000000005])
array('d', [41.965039062500004, 133.6439453125, -111.3310546875, -6.021679687500001])
array('d', [38.7908203125, 134.5775390625, -110.35078125000001, -7.7955078125])
array('d', [40.051171875, 134.5775390625, -111.70449218750001, -8.869140625])
array('d', [41.638281250000006, 133.3638671875, -111.70449218750001, -8.869140625])
array('d', [44.4857421875, 132.61699218750002, -112.124609375, -6.2083984375000005])
array('d', [44.205664062500006, 132.94375, -111.7978515625, -6.3951171875])
array('d', [39.864453125000004, 134.0640625, -113.244921875, -8.7291015625])
array('d', [36.830273437500004, 132.9904296875, -111.8912109375, -8.122265625])
array('d', [36.830273437500004, 132.9904296875, -112.17128906250001, -8.40234375])
array('d', [36.830273437500004, 134.1107421875, -112.17128906250001, -8.40234375])
array('d', [34.91640625, 133.8306640625, -111.75117187500001, -10.082812500000001])
array('d', [33.7494140625, 133.3638671875, -111.6578125, -11.5298828125])
array('d', [33.7494140625, 133.3638671875, -111.6578125, -11.5298828125])
array('d', [33.7494140625, 133.3638671875, -111.6578125, -11.5298828125])
array('d', [38.744140625, 133.55058593750002, -108.3435546875, -9.709375])
array('d', [38.744140625, 133.55058593750002, -109.37050781250001, -10.9697265625])
array('d', [39.0708984375, 132.2435546875, -109.37050781250001, -10.549609375000001])
array('d', [39.0708984375, 132.2435546875, -109.37050781250001, -10.549609375000001])
array('d', [39.0708984375, 132.2435546875, -109.37050781250001, -10.549609375000001])
array('d', [39.2576171875, 133.3638671875, -110.77089843750001, -10.549609375000001])
array('d', [41.825, 133.50390625, -109.7439453125, -10.0361328125])
array('d', [41.4515625, 134.95097656250002, -110.77089843750001, -10.082812500000001])
array('d', [41.4515625, 134.95097656250002, -110.77089843750001, -10.082812500000001])
array('d', [41.4515625, 134.95097656250002, -110.77089843750001, -10.082812500000001])
array('d', [43.225390625, 134.25078125000002, -111.6578125, -11.1564453125])
array('d', [40.564648437500004, 134.01738281250002, -110.11738281250001, -12.976953125000001])
array('d', [40.564648437500004, 135.0443359375, -110.30410156250001, -12.976953125000001])
array('d', [40.564648437500004, 135.0443359375, -110.30410156250001, -11.6232421875])
array('d', [41.498242187500004, 134.99765625, -107.4099609375, -8.9625])
array('d', [42.431835937500004, 133.55058593750002, -107.1298828125, -8.5423828125])
array('d', [42.431835937500004, 133.55058593750002, -107.1298828125, -8.2623046875])
array('d', [42.571875000000006, 134.8576171875, -106.4296875, -7.1419921875000005])
array('d', [40.051171875, 134.6708984375, -106.4296875, -7.1419921875000005])
array('d', [35.569921875, 134.01738281250002, -103.81562500000001, -7.1419921875000005])
array('d', [35.569921875, 134.01738281250002, -103.81562500000001, -7.1419921875000005])
array('d', [35.569921875, 134.01738281250002, -103.81562500000001, -7.1419921875000005])
array('d', [36.1767578125, 133.223828125, -102.7419921875, -7.0953125])
array('d', [36.1767578125, 133.223828125, -100.8748046875, -4.9013671875])
array('d', [38.370703125, 134.01738281250002, -100.8748046875, -4.9013671875])
array('d', [38.370703125, 134.01738281250002, -100.8748046875, -4.9013671875])
array('d', [38.370703125, 134.01738281250002, -100.8748046875, -4.9013671875])
array('d', [36.03671875, 133.4572265625, -100.96816406250001, -3.734375])
array('d', [36.503515625, 133.597265625, -100.96816406250001, -3.734375])
array('d', [38.090625, 132.4302734375, -99.61445312500001, -4.1078125000000005])
array('d', [38.090625, 132.663671875, -96.81367187500001, -2.9875000000000003])
array('d', [39.9578125, 132.663671875, -96.81367187500001, -2.9875000000000003])
array('d', [38.464062500000004, 134.8576171875, -96.440234375, -2.9875000000000003])
array('d', [36.5501953125, 133.08378906250002, -96.7203125, -0.7468750000000001])
array('d', [34.636328125, 134.48417968750002, -96.9537109375, -3.4542968750000003])
array('d', [34.636328125, 134.48417968750002, -95.36660156250001, -2.1005859375])
array('d', [35.103125, 132.75703125, -95.36660156250001, -2.1005859375])
array('d', [31.0419921875, 128.555859375, -96.253515625, -2.0539062500000003])
array('d', [28.988085937500003, 125.28828125000001, -95.9267578125, -0.9802734375000001])
array('d', [26.980859375, 122.394140625, -94.0595703125, -1.400390625])
array('d', [26.980859375, 122.394140625, -94.0595703125, -1.400390625])
array('d', [27.541015625, 124.8681640625, -89.81171875000001, -0.56015625])
array('d', [25.9072265625, 121.55390625000001, -90.51191406250001, 0.5134765625000001])
array('d', [24.8802734375, 118.70644531250001, -91.44550781250001, -0.09335937500000001])
array('d', [24.8802734375, 118.70644531250001, -91.44550781250001, -0.09335937500000001])
array('d', [22.1728515625, 117.58613281250001, -92.42578125, -2.147265625])
array('d', [22.1728515625, 117.58613281250001, -92.42578125, -2.147265625])
array('d', [20.585742187500003, 114.73867187500001, -90.1384765625, -1.30703125])
array('d', [-14.2373046875, 62.92421875, -44.999218750000004, 29.781640625])
array('d', [-15.217578125000001, 61.05703125, -44.9525390625, 30.201757812500002])
array('d', [-15.2642578125, 59.283203125, -43.505468750000006, 30.201757812500002])
array('d', [-16.151171875, 58.769726562500004, -42.9919921875, 30.2951171875])
array('d', [-11.9033203125, 63.6244140625, -45.4193359375, 26.607421875])
array('d', [-11.9033203125, 63.6244140625, -45.4193359375, 26.607421875])
array('d', [-11.9033203125, 63.6244140625, -45.4193359375, 26.607421875])
array('d', [-11.249804687500001, 65.53828125, -44.999218750000004, 26.700781250000002])
array('d', [-11.109765625000001, 65.444921875, -45.652734375, 26.654101562500003])
array('d', [-11.109765625000001, 63.6244140625, -44.532421875000004, 28.661328125])
array('d', [-11.109765625000001, 63.6244140625, -44.532421875000004, 28.661328125])
array('d', [-11.109765625000001, 63.6244140625, -44.532421875000004, 28.661328125])
array('d', [-10.876367187500001, 61.8505859375, -45.932812500000004, 27.0275390625])
array('d', [-10.549609375000001, 61.8505859375, -45.932812500000004, 27.0275390625])
array('d', [-9.6626953125, 61.2904296875, -43.272070312500006, 29.3615234375])
array('d', [-9.6626953125, 61.2904296875, -43.272070312500006, 29.3615234375])
array('d', [-11.4365234375, 62.737500000000004, -43.038671875000006, 26.5607421875])
array('d', [-11.4365234375, 62.737500000000004, -41.6849609375, 28.101171875000002])
array('d', [-12.743554687500001, 60.543554687500006, -40.424609375, 28.94140625])
array('d', [-12.790234375, 60.543554687500006, -40.424609375, 28.94140625])
array('d', [-14.7041015625, 56.7158203125, -39.3509765625, 30.0150390625])
array('d', [-15.777734375000001, 54.8953125, -36.4568359375, 30.621875000000003])
array('d', [-18.2517578125, 53.3548828125, -36.5501953125, 30.621875000000003])
array('d', [-18.2517578125, 53.3548828125, -36.5501953125, 32.769140625])
array('d', [-17.7849609375, 52.187890625, -36.130078125000004, 33.3759765625])
array('d', [-22.59296875, 48.500195312500004, -33.2359375, 34.3095703125])
array('d', [-22.59296875, 48.500195312500004, -33.2359375, 34.3095703125])
array('d', [-22.312890625, 48.266796875000004, -31.0419921875, 37.063671875000004])
array('d', [-25.20703125, 44.299023437500004, -28.754687500000003, 37.5771484375])
array('d', [-25.20703125, 44.299023437500004, -28.754687500000003, 39.3509765625])
array('d', [-25.20703125, 44.299023437500004, -28.754687500000003, 39.3509765625])
array('d', [-25.20703125, 44.299023437500004, -28.754687500000003, 39.3509765625])
array('d', [-26.980859375, 39.584375, -26.700781250000002, 40.1912109375])
array('d', [-28.661328125, 39.584375, -26.700781250000002, 43.6455078125])
array('d', [-31.7421875, 37.7171875, -23.619921875000003, 44.5791015625])
array('d', [-31.648828125, 35.6166015625, -21.2392578125, 44.5791015625])
array('d', [-35.6166015625, 33.4693359375, -19.0453125, 46.3529296875])
array('d', [-36.5501953125, 30.388476562500003, -17.131445312500002, 45.839453125000006])
array('d', [-39.0708984375, 27.2142578125, -15.12421875, 49.013671875])
array('d', [-43.785546875, 25.020312500000003, -13.0236328125, 52.467968750000004])
array('d', [-45.8861328125, 21.052539062500003, -13.0236328125, 52.467968750000004])
array('d', [-45.8861328125, 18.391796875, -6.5818359375, 55.362109375])
array('d', [-47.893359375, 16.0111328125, -4.1078125000000005, 59.18984375])
array('d', [-50.320703125, 16.0111328125, -0.7001953125, 59.18984375])
array('d', [-50.320703125, 16.0111328125, -0.7001953125, 59.18984375])
array('d', [-52.28125, 11.716601562500001, -0.7001953125, 61.477148437500006])
array('d', [-56.015625, 7.7955078125, 1.30703125, 63.671093750000004])
array('d', [-58.349609375, 5.134765625, 3.9677734375, 69.0859375])
array('d', [-60.2634765625, -3.9210937500000003, 8.6357421875, 73.0537109375])
array('d', [-65.72500000000001, -9.0091796875, 13.3037109375, 74.780859375])
array('d', [-65.72500000000001, -9.6626953125, 15.544335937500001, 75.901171875])
array('d', [-65.72500000000001, -9.6626953125, 15.544335937500001, 75.901171875])
array('d', [-67.498828125, -10.9697265625, 17.644921875, 79.6822265625])
array('d', [-70.39296875000001, -12.510156250000001, 20.072265625, 81.876171875])
array('d', [-73.9873046875, -15.7310546875, 22.1728515625, 86.357421875])
array('d', [-73.9873046875, -17.084765625, 27.541015625, 87.3376953125])
array('d', [-75.62109375, -17.084765625, 27.541015625, 87.3376953125])
array('d', [-77.3015625, -19.1853515625, 31.18203125, 90.51191406250001])
array('d', [-77.3015625, -19.1853515625, 31.18203125, 90.51191406250001])
array('d', [-77.3015625, -19.1853515625, 31.18203125, 90.51191406250001])
array('d', [-77.3015625, -19.1853515625, 31.18203125, 90.51191406250001])
array('d', [-77.3015625, -19.1853515625, 31.18203125, 90.51191406250001])
array('d', [-80.942578125, -23.153125000000003, 31.18203125, 93.31269531250001])
array('d', [-79.8689453125, -23.666601562500002, 33.562695312500004, 96.11347656250001])
array('d', [-79.8689453125, -26.000585937500002, 35.6166015625, 99.7078125])
array('d', [-79.8689453125, -26.000585937500002, 35.6166015625, 99.7078125])
array('d', [-83.65, -26.000585937500002, 38.090625, 99.1943359375])
array('d', [-86.1240234375, -26.980859375, 38.090625, 99.1943359375])
array('d', [-91.67890625000001, -17.364843750000002, 40.2845703125, 101.66835937500001])
array('d', [-91.67890625000001, -17.364843750000002, 40.2845703125, 101.66835937500001])
array('d', [-92.6591796875, -16.0578125, 40.89140625, 106.14960937500001])
array('d', [-96.34687500000001, -20.2123046875, 41.4515625, 109.97734375])
array('d', [-98.16738281250001, -23.246484375, 42.805273437500006, 110.6775390625])
array('d', [-98.16738281250001, -23.246484375, 42.805273437500006, 113.71171875])
array('d', [-103.4888671875, -24.553515625000003, 47.800000000000004, 113.71171875])
array('d', [-105.21601562500001, -26.8408203125, 47.800000000000004, 113.85175781250001])
array('d', [-107.4099609375, -27.400976562500002, 48.3134765625, 113.85175781250001])
array('d', [-107.4099609375, -27.400976562500002, 48.3134765625, 113.85175781250001])
array('d', [-107.4099609375, -27.400976562500002, 48.3134765625, 117.912890625])
array('d', [-108.95039062500001, -29.221484375000003, 44.4857421875, 117.912890625])
array('d', [-108.95039062500001, -29.734960937500002, 48.36015625, 121.1337890625])
array('d', [-108.95039062500001, -29.734960937500002, 48.36015625, 121.1337890625])
array('d', [-114.27187500000001, -31.0419921875, 41.078125, 123.84121093750001])
array('d', [-116.69921875, -29.454882812500003, 38.3240234375, 122.90761718750001])
array('d', [-113.1982421875, -28.521289062500003, 40.1912109375, 126.315234375])
array('d', [-113.1982421875, -28.521289062500003, 40.1912109375, 126.315234375])
array('d', [-113.85175781250001, -28.7080078125, 34.16953125, 130.3763671875])
array('d', [-118.75312500000001, -29.921679687500003, 39.02421875, 132.3369140625])
array('d', [-118.75312500000001, -29.921679687500003, 41.6849609375, 133.13046875])
array('d', [-118.75312500000001, -29.921679687500003, 41.6849609375, 133.13046875])
array('d', [-118.75312500000001, -29.921679687500003, 41.6849609375, 133.13046875])
array('d', [-118.75312500000001, -29.921679687500003, 41.6849609375, 133.13046875])
array('d', [-121.55390625000001, -30.341796875, 41.6849609375, 131.9634765625])
array('d', [-120.85371093750001, -32.4423828125, 39.164257812500004, 131.9634765625])
array('d', [-122.90761718750001, -32.208984375, 32.629101562500004, 134.0640625])
array('d', [-122.90761718750001, -32.208984375, 32.629101562500004, 134.0640625])
array('d', [-127.57558593750001, -31.835546875000002, 34.076171875, 132.8037109375])
array('d', [-129.58281250000002, -30.341796875, 33.562695312500004, 134.3908203125])
array('d', [-127.10878906250001, -30.4818359375, 33.562695312500004, 132.290234375])
array('d', [-127.10878906250001, -30.4818359375, 33.562695312500004, 132.290234375])
array('d', [-127.10878906250001, -30.4818359375, 33.562695312500004, 135.091015625])
array('d', [-126.68867187500001, -32.208984375, 31.6955078125, 133.4572265625])
array('d', [-129.1626953125, -11.38984375, 26.8408203125, 133.4572265625])
array('d', [-129.1626953125, -11.38984375, 26.8408203125, 133.4572265625])
array('d', [-129.1626953125, -11.38984375, 26.8408203125, 133.4572265625])
array('d', [-129.1626953125, -11.38984375, 26.8408203125, 133.4572265625])
array('d', [-128.8359375, -12.183398437500001, 27.2142578125, 132.38359375000002])
array('d', [-130.14296875, -11.109765625000001, 33.0025390625, 134.95097656250002])
array('d', [-130.28300781250002, -14.470703125, 31.18203125, 134.01738281250002])
array('d', [-130.236328125, -14.750781250000001, 32.162304687500004, 133.410546875])
array('d', [-133.08378906250002, -14.00390625, 33.1892578125, 132.8970703125])
array('d', [-133.08378906250002, -14.00390625, 33.1892578125, 133.13046875])
array('d', [-132.196875, -13.583789062500001, 34.076171875, 133.13046875])
array('d', [-124.12128906250001, -9.055859375, 28.19453125, 134.48417968750002])
array('d', [-124.12128906250001, -9.055859375, 28.19453125, 134.48417968750002])
array('d', [-122.6275390625, -7.8421875000000005, 27.6810546875, 134.2974609375])
array('d', [-123.0009765625, -7.7955078125, 27.6810546875, 134.2974609375])
array('d', [-117.9595703125, -6.3484375, 28.101171875000002, 134.3908203125])
array('d', [-117.30605468750001, -5.0414062500000005, 29.734960937500002, 133.31718750000002])
array('d', [-117.30605468750001, -5.0414062500000005, 29.734960937500002, 133.08378906250002])
array('d', [-119.1265625, -2.8941406250000004, 30.5751953125, 133.08378906250002])
array('d', [-115.43886718750001, -1.2603515625000001, 29.408203125, 134.2041015625])
array('d', [-114.925390625, -0.56015625, 29.921679687500003, 134.95097656250002])
array('d', [-114.925390625, -0.56015625, 29.734960937500002, 133.08378906250002])
array('d', [-110.2107421875, 1.3537109375, 29.734960937500002, 133.08378906250002])
array('d', [-112.778125, 1.3537109375, 29.734960937500002, 133.08378906250002])
array('d', [-112.778125, 1.3537109375, 29.734960937500002, 133.08378906250002])
array('d', [-112.778125, 1.3537109375, 29.734960937500002, 133.08378906250002])
array('d', [-112.778125, 1.3537109375, 29.734960937500002, 133.08378906250002])
array('d', [-112.778125, 1.9605468750000001, 28.4279296875, 130.423046875])
array('d', [-110.3974609375, 2.80078125, 26.5140625, 130.423046875])
array('d', [-107.55000000000001, 4.6212890625, 26.7474609375, 131.5900390625])
array('d', [-107.55000000000001, 4.6212890625, 26.7474609375, 131.5900390625])
array('d', [-107.8767578125, 4.387890625, 25.8138671875, 130.1896484375])
array('d', [-107.830078125, 4.201171875, 23.5732421875, 128.6025390625])
array('d', [-105.7294921875, 5.788281250000001, 20.9125, 125.98847656250001])
array('d', [-105.7294921875, 5.788281250000001, 20.9125, 123.14101562500001])
array('d', [-105.776171875, 5.0880859375, 19.5587890625, 123.14101562500001])
array('d', [-103.6755859375, 4.9947265625, 16.61796875, 120.99375])
array('d', [-104.00234375000001, 5.694921875, 16.337890625, 120.99375])
array('d', [-104.46914062500001, 6.5818359375, 14.844140625000001, 118.00625000000001])
array('d', [-102.041796875, 7.0486328125, 12.883593750000001, 113.7583984375])
array('d', [-102.041796875, 7.0486328125, 12.883593750000001, 113.7583984375])
array('d', [-102.60195312500001, 5.694921875, 12.650195312500001, 111.3310546875])
array('d', [-101.1548828125, 5.9283203125, 8.449023437500001, 111.6578125])
array('d', [-102.228515625, 7.46875, 9.429296875, 107.9234375])
array('d', [-102.228515625, 7.0953125, 7.748828125, 106.9431640625])
array('d', [-103.34882812500001, 7.0953125, 7.748828125, 106.9431640625])
array('d', [-104.04902343750001, 7.001953125, 7.28203125, 104.00234375000001])
array('d', [-101.90175781250001, 5.228125, 6.255078125000001, 106.1962890625])
array('d', [-99.2876953125, 5.5082031250000005, 5.881640625, 105.21601562500001])
array('d', [-99.2876953125, 5.5082031250000005, 4.387890625, 103.162109375])
array('d', [-99.61445312500001, 5.9750000000000005, 1.7271484375000001, 102.041796875])
array('d', [-99.61445312500001, 5.9750000000000005, 1.7271484375000001, 102.041796875])
array('d', [-99.4744140625, 6.8619140625, 1.7271484375000001, 102.041796875])
array('d', [-100.64140625, 5.788281250000001, 4.29453125, 101.38828125])
array('d', [-98.63417968750001, 6.6751953125000005, 4.2478515625, 101.38828125])
array('d', [-97.23378906250001, 8.0755859375, 3.267578125, 98.63417968750001])
array('d', [-94.853125, 7.748828125, 0.9802734375000001, 99.4744140625])
array('d', [-93.5927734375, 10.26953125, 3.267578125, 97.1404296875])
array('d', [-93.5927734375, 10.26953125, 3.267578125, 97.1404296875])
array('d', [-93.5927734375, 10.26953125, 3.267578125, 97.1404296875])
array('d', [-91.67890625000001, 8.682421875000001, 3.1275390625000004, 95.03984375])
array('d', [-91.4921875, 9.7560546875, 3.5943359375000004, 93.4060546875])
array('d', [-91.4921875, 12.416796875000001, 2.5673828125, 93.4060546875])
array('d', [-89.905078125, 12.416796875000001, 2.5673828125, 94.71308593750001])
array('d', [-90.4185546875, 11.0630859375, 2.0072265625, 95.17988281250001])
array('d', [-88.971484375, 12.5568359375, 2.42734375, 93.6861328125])
array('d', [-88.224609375, 13.25703125, 1.213671875, 92.7525390625])
array('d', [-88.224609375, 13.25703125, 3.0341796875, 91.4921875])
array('d', [-87.71113281250001, 13.0703125, 3.0341796875, 91.4921875])
array('d', [-85.423828125, 12.8369140625, 0.9802734375000001, 91.2587890625])
array('d', [-86.26406250000001, 13.210351562500001, 1.8671875, 91.30546875])
array('d', [-85.423828125, 15.077539062500001, 1.1203125, 89.06484375000001])
array('d', [-85.423828125, 15.077539062500001, 2.147265625, 89.43828125])
array('d', [-84.490234375, 15.030859375, 2.147265625, 89.43828125])
array('d', [-83.556640625, 15.310937500000001, 0.9802734375000001, 88.4580078125])
array('d', [-82.2029296875, 14.050585937500001, 0.2333984375, 89.2048828125])
array('d', [-80.66250000000001, 14.2373046875, 0.9802734375000001, 88.17792968750001])
array('d', [-79.822265625, 15.8244140625, 1.400390625, 88.13125000000001])
array('d', [-78.0017578125, 16.7580078125, -0.0, 83.83671875])
array('d', [-78.3751953125, 17.178125, -0.5134765625000001, 84.303515625])
array('d', [-75.99453125000001, 19.2787109375, -2.8474609375, 80.9892578125])
array('d', [-75.99453125000001, 19.2787109375, -5.0880859375, 78.701953125])
array('d', [-73.75390625, 21.4259765625, -5.0880859375, 78.701953125])
array('d', [-71.233203125, 21.47265625, -6.6751953125000005, 77.955078125])
array('d', [-69.4126953125, 22.919726562500003, -6.9085937500000005, 77.2548828125])
array('d', [-69.4126953125, 22.919726562500003, -6.9085937500000005, 77.2548828125])
array('d', [-69.4126953125, 22.919726562500003, -6.9085937500000005, 77.2548828125])
array('d', [-69.4126953125, 22.919726562500003, -6.9085937500000005, 77.2548828125])
array('d', [-69.4126953125, 22.919726562500003, -6.9085937500000005, 77.2548828125])
array('d', [-69.4126953125, 22.919726562500003, -6.9085937500000005, 77.2548828125])
array('d', [-68.99257812500001, 27.120898437500003, -8.495703125, 73.00703125])
array('d', [-66.65859375000001, 27.120898437500003, -8.495703125, 70.0662109375])
array('d', [-64.8380859375, 28.0078125, -11.716601562500001, 70.0662109375])
array('d', [-61.897265625, 30.155078125000003, -13.63046875, 68.05898437500001])
array('d', [-59.4232421875, 31.368750000000002, -17.0380859375, 66.751953125])
array('d', [-59.4232421875, 33.562695312500004, -17.8783203125, 63.904492187500004])
array('d', [-59.4232421875, 33.562695312500004, -17.8783203125, 63.904492187500004])
array('d', [-59.4232421875, 33.562695312500004, -17.8783203125, 63.904492187500004])
array('d', [-52.9814453125, 36.2701171875, -18.7185546875, 62.083984375])
array('d', [-52.9814453125, 36.2701171875, -21.285937500000003, 57.0892578125])
array('d', [-51.441015625000006, 37.530468750000004, -21.285937500000003, 57.0892578125])
array('d', [-49.7138671875, 39.3509765625, -22.266210937500002, 57.042578125000006])
array('d', [-46.399609375000004, 40.237890625, -24.0400390625, 54.708593750000006])
array('d', [-45.7927734375, 43.038671875000006, -25.113671875, 52.608007812500006])
array('d', [-45.7927734375, 43.038671875000006, -25.113671875, 52.608007812500006])
array('d', [-45.7927734375, 43.038671875000006, -25.113671875, 52.608007812500006])
array('d', [-41.358203125, 46.633007812500004, -30.201757812500002, 50.6474609375])
array('d', [-39.491015625, 48.9203125, -31.555468750000003, 46.4462890625])
array('d', [-39.491015625, 48.9203125, -31.555468750000003, 46.072851562500006])
array('d', [-35.756640625, 51.627734375, -33.796093750000004, 46.072851562500006])
array('d', [-33.889453125, 53.96171875, -35.896679687500004, 40.331250000000004])
array('d', [-29.6416015625, 54.7552734375, -37.15703125, 38.6041015625])
array('d', [-28.054492187500003, 58.3962890625, -37.15703125, 34.8697265625])
array('d', [-28.054492187500003, 58.3962890625, -41.2181640625, 33.9361328125])
array('d', [-23.059765625, 61.150390625, -41.2181640625, 33.9361328125])
array('d', [-21.939453125, 61.05703125, -44.299023437500004, 31.555468750000003])
array('d', [-21.939453125, 61.05703125, -44.299023437500004, 31.555468750000003])
array('d', [-19.138671875, 64.32460937500001, -45.559375, 27.634375000000002])
array('d', [-16.8513671875, 66.42519531250001, -48.5935546875, 25.767187500000002])
array('d', [-16.8513671875, 69.92617187500001, -50.040625000000006, 22.3595703125])
array('d', [-13.63046875, 69.92617187500001, -50.040625000000006, 22.3595703125])
array('d', [-13.63046875, 69.92617187500001, -50.040625000000006, 22.3595703125])
array('d', [-13.63046875, 69.92617187500001, -50.040625000000006, 22.3595703125])
array('d', [-11.1564453125, 73.2404296875, -51.534375000000004, 20.072265625])
array('d', [-11.1564453125, 73.2404296875, -55.268750000000004, 17.73828125])
array('d', [-5.694921875, 74.5474609375, -55.268750000000004, 17.73828125])
array('d', [-2.5207031250000003, 77.5349609375, -58.6296875, 14.143945312500001])
array('d', [0.046679687500000004, 80.2890625, -60.403515625000004, 12.3701171875])
array('d', [0.046679687500000004, 80.2890625, -61.943945312500006, 8.869140625])
array('d', [2.7541015625000003, 82.76308593750001, -61.943945312500006, 8.869140625])
array('d', [6.5818359375, 85.237109375, -63.0642578125, 7.0486328125])
array('d', [6.5818359375, 87.291015625, -65.25820312500001, 5.1814453125])
array('d', [8.449023437500001, 87.291015625, -65.25820312500001, 5.1814453125])
array('d', [8.449023437500001, 87.291015625, -67.872265625, 2.0072265625])
array('d', [13.9572265625, 93.77949218750001, -69.8794921875, -2.147265625])
array('d', [19.1853515625, 97.51386718750001, -73.75390625, -4.0611328125])
array('d', [19.1853515625, 97.51386718750001, -73.75390625, -6.488476562500001])
array('d', [19.1853515625, 97.51386718750001, -73.75390625, -6.488476562500001])
array('d', [19.1853515625, 97.51386718750001, -73.75390625, -6.488476562500001])
array('d', [19.1853515625, 97.51386718750001, -73.75390625, -6.488476562500001])
array('d', [22.126171875, 101.24824218750001, -74.6408203125, -6.488476562500001])
array('d', [25.20703125, 102.88203125000001, -77.62832031250001, -10.176171875])
array('d', [42.7119140625, 132.8037109375, -104.1423828125, -22.5462890625])
array('d', [42.7119140625, 133.55058593750002, -104.6091796875, -21.2392578125])
array('d', [42.7119140625, 133.55058593750002, -104.6091796875, -21.2392578125])
array('d', [42.7119140625, 133.55058593750002, -104.6091796875, -21.2392578125])
array('d', [42.7119140625, 133.55058593750002, -104.6091796875, -21.2392578125])
array('d', [43.272070312500006, 133.55058593750002, -104.6091796875, -21.2392578125])
array('d', [43.225390625, 134.01738281250002, -105.21601562500001, -21.285937500000003])
array('d', [43.5521484375, 133.3638671875, -105.40273437500001, -21.379296875])
array('d', [43.5521484375, 133.3638671875, -105.40273437500001, -21.379296875])
array('d', [43.5521484375, 134.344140625, -103.6755859375, -21.7060546875])
array('d', [43.972265625000006, 134.1107421875, -104.46914062500001, -21.379296875])
array('d', [43.972265625000006, 134.1107421875, -104.46914062500001, -8.495703125])
array('d', [46.633007812500004, 133.13046875, -105.2626953125, -8.495703125])
array('d', [44.0189453125, 133.597265625, -105.16933593750001, -6.8619140625])
array('d', [41.544921875, 133.597265625, -105.68281250000001, -5.41484375])
array('d', [41.544921875, 133.597265625, -105.68281250000001, -3.4542968750000003])
array('d', [45.5126953125, 132.3369140625, -105.309375, -3.4542968750000003])
array('d', [42.431835937500004, 133.78398437500002, -104.74921875000001, -5.228125])
array('d', [45.4193359375, 132.8970703125, -104.37578125, -6.4417968750000005])
array('d', [45.4193359375, 134.0640625, -106.1962890625, -4.2478515625])
array('d', [50.5541015625, 133.1771484375, -106.84980468750001, -4.1078125000000005])
array('d', [50.5541015625, 133.1771484375, -105.12265625, -5.6015625])
array('d', [43.9255859375, 133.1771484375, -105.12265625, -5.6015625])
array('d', [41.6849609375, 133.13046875, -106.4763671875, -8.449023437500001])
array('d', [47.7533203125, 134.157421875, -108.43691406250001, -9.9427734375])
array('d', [47.7533203125, 134.0640625, -108.48359375000001, -11.669921875])
array('d', [47.7533203125, 134.0640625, -108.48359375000001, -11.669921875])
array('d', [48.173437500000006, 134.0640625, -108.48359375000001, -11.4365234375])
array('d', [45.232617187500004, 133.08378906250002, -110.630859375, -11.4365234375])
array('d', [47.1931640625, 133.597265625, -109.790625, -12.3701171875])
array('d', [47.1931640625, 133.597265625, -109.790625, -12.3701171875])
array('d', [40.8447265625, 133.31718750000002, -109.4638671875, -13.0236328125])
array('d', [42.38515625, 132.5236328125, -109.9306640625, -13.537109375])
array('d', [42.38515625, 133.3638671875, -109.323828125, -12.13671875])
array('d', [42.38515625, 133.3638671875, -109.323828125, -12.13671875])
array('d', [42.38515625, 133.3638671875, -109.323828125, -12.13671875])
array('d', [45.4193359375, 133.970703125, -108.71699218750001, -11.76328125])
array('d', [41.918359375, 134.62421875, -109.323828125, -12.0900390625])
array('d', [41.918359375, 134.62421875, -109.65058593750001, -13.63046875])
array('d', [41.918359375, 134.62421875, -109.65058593750001, -13.63046875])
array('d', [44.299023437500004, 134.0640625, -108.85703125, -13.8638671875])
array('d', [40.14453125, 133.87734375, -109.97734375, -14.190625])
array('d', [40.4712890625, 132.8970703125, -108.85703125, -15.077539062500001])
array('d', [40.4712890625, 132.8970703125, -108.85703125, -7.7021484375])
array('d', [43.132031250000004, 134.2974609375, -109.97734375, -7.7021484375])
array('d', [43.785546875, 132.94375, -109.97734375, -7.7021484375])
array('d', [46.49296875, 134.530859375, -113.244921875, -9.0091796875])
array('d', [40.1912109375, 133.4572265625, -109.60390625000001, -19.465429687500002])
array('d', [38.7908203125, 134.01738281250002, -109.23046875, -19.97890625])
array('d', [42.2451171875, 133.31718750000002, -109.60390625000001, -20.072265625])
array('d', [41.825, 133.223828125, -109.2771484375, -18.298437500000002])
array('d', [41.825, 133.223828125, -109.2771484375, -18.298437500000002])
array('d', [39.631054687500004, 133.3638671875, -108.85703125, -5.7416015625000005])
array('d', [42.7119140625, 132.8970703125, -108.48359375000001, -4.8546875])
array('d', [42.2451171875, 133.410546875, -107.78339843750001, -4.66796875])
array('d', [42.2451171875, 133.410546875, -108.11015625, -3.17421875])
array('d', [44.3923828125, 134.2041015625, -108.11015625, -3.17421875])
array('d', [48.080078125, 133.2705078125, -108.1568359375, -5.1814453125])
array('d', [51.1609375, 134.530859375, -111.23769531250001, -6.2083984375000005])
array('d', [51.5810546875, 133.3638671875, -111.7978515625, -9.055859375])
array('d', [47.099804687500004, 134.99765625, -110.257421875, -7.422070312500001])
array('d', [47.099804687500004, 134.99765625, -110.257421875, -7.422070312500001])
array('d', [47.099804687500004, 134.99765625, -110.257421875, -7.422070312500001])
array('d', [43.6455078125, 132.85039062500002, -107.31660156250001, -7.748828125])
array('d', [43.6455078125, 132.85039062500002, -108.67031250000001, -8.682421875000001])
array('d', [41.264843750000004, 134.71757812500002, -108.67031250000001, -8.682421875000001])
array('d', [41.264843750000004, 134.71757812500002, -108.67031250000001, -8.682421875000001])
array('d', [41.264843750000004, 134.71757812500002, -108.67031250000001, -8.682421875000001])
array('d', [42.9919921875, 134.7642578125, -109.7439453125, -8.02890625])
array('d', [46.166210937500004, 134.71757812500002, -111.377734375, -8.02890625])
array('d', [44.299023437500004, 134.5775390625, -110.257421875, -7.5154296875])
array('d', [44.299023437500004, 134.5775390625, -110.257421875, -7.5154296875])
array('d', [39.9578125, 133.410546875, -108.11015625, -9.709375])
array('d', [39.9578125, 135.091015625, -108.5302734375, -10.876367187500001])
array('d', [35.943359375, 135.091015625, -108.48359375000001, -11.0630859375])
array('d', [39.7244140625, 134.2041015625, -108.48359375000001, -11.0630859375])
array('d', [43.738867187500006, 134.2041015625, -107.4099609375, -12.650195312500001])
array('d', [46.6796875, 133.4572265625, -109.23046875, -4.48125])
array('d', [48.7802734375, 133.3638671875, -108.48359375000001, -4.48125])
array('d', [49.9939453125, 133.7373046875, -110.35078125000001, -7.748828125])
array('d', [53.868359375000004, 133.4572265625, -113.244921875, -7.748828125])
array('d', [52.0478515625, 135.37109375, -113.6650390625, -9.055859375])
array('d', [43.0853515625, 134.5775390625, -114.8787109375, -11.6232421875])
array('d', [43.0853515625, 134.5775390625, -114.8787109375, -11.6232421875])
array('d', [43.0853515625, 134.5775390625, -110.72421875, -6.4417968750000005])
array('d', [40.984765625, 132.85039062500002, -110.72421875, -6.4417968750000005])
array('d', [36.2234375, 134.25078125000002, -108.43691406250001, -6.6751953125000005])
array('d', [40.097851562500004, 133.690625, -109.18378906250001, -6.3951171875])
array('d', [46.2595703125, 133.31718750000002, -111.84453125, -6.3017578125])
array('d', [45.606054687500006, 133.6439453125, -112.311328125, -7.7021484375])
array('d', [45.606054687500006, 133.6439453125, -112.311328125, -7.7021484375])
array('d', [45.606054687500006, 133.6439453125, -112.311328125, -7.7021484375])
array('d', [38.4173828125, 132.8970703125, -108.6236328125, -10.316210937500001])
array('d', [39.304296875, 134.25078125000002, -109.697265625, -10.736328125])
array('d', [39.304296875, 134.25078125000002, -109.697265625, -10.409570312500001])
array('d', [43.9255859375, 134.25078125000002, -109.697265625, -10.409570312500001])
array('d', [48.7802734375, 132.476953125, -111.98457031250001, -11.5298828125])
array('d', [50.740820312500006, 134.1107421875, -115.9990234375, -9.0091796875])
array('d', [50.740820312500006, 134.99765625, -114.83203125, -9.0091796875])
array('d', [50.740820312500006, 134.99765625, -114.83203125, -9.0091796875])
array('d', [50.740820312500006, 134.99765625, -114.83203125, -9.0091796875])
array('d', [46.773046875000006, 134.99765625, -114.83203125, -8.495703125])
array('d', [38.5107421875, 133.50390625, -112.778125, -8.495703125])
array('d', [41.264843750000004, 132.94375, -111.47109375000001, -8.2623046875])
array('d', [42.571875000000006, 131.8234375, -111.70449218750001, -9.055859375])
array('d', [42.571875000000006, 131.8234375, -111.70449218750001, -9.429296875])
array('d', [44.765820312500004, 134.01738281250002, -115.43886718750001, -9.1025390625])
array('d', [44.765820312500004, 134.01738281250002, -115.43886718750001, -9.1025390625])
array('d', [43.87890625, 134.530859375, -115.43886718750001, -10.45625])
array('d', [39.02421875, 133.690625, -111.7978515625, -10.45625])
array('d', [35.663281250000004, 133.4572265625, -111.51777343750001, -12.4634765625])
array('d', [40.6580078125, 134.3908203125, -111.51777343750001, -12.4634765625])
array('d', [40.6580078125, 134.3908203125, -111.51777343750001, -12.4634765625])
array('d', [40.6580078125, 134.3908203125, -111.191015625, -15.404296875])
array('d', [43.6455078125, 135.0443359375, -113.15156250000001, -13.116992187500001])
array('d', [47.3798828125, 133.6439453125, -114.27187500000001, -17.178125])
array('d', [42.9453125, 133.410546875, -113.61835937500001, -18.2517578125])
array('d', [42.9453125, 133.410546875, -113.61835937500001, -18.2517578125])
array('d', [42.9453125, 133.410546875, -113.61835937500001, -18.2517578125])
array('d', [41.731640625000004, 134.99765625, -112.0779296875, -17.458203125])
array('d', [39.584375, 133.1771484375, -110.9576171875, -17.364843750000002])
array('d', [39.584375, 133.1771484375, -110.11738281250001, -17.2248046875])
array('d', [39.584375, 133.1771484375, -110.11738281250001, -17.2248046875])
array('d', [38.4173828125, 133.7373046875, -110.35078125000001, -18.065039062500002])
array('d', [40.564648437500004, 133.7373046875, -110.35078125000001, -18.065039062500002])
array('d', [45.559375, 133.9240234375, -112.3580078125, -18.1583984375])
array('d', [45.559375, 133.9240234375, -112.3580078125, -18.1583984375])
array('d', [45.559375, 133.9240234375, -112.3580078125, -18.1583984375])
array('d', [45.559375, 133.9240234375, -112.3580078125, -18.1583984375])
array('d', [44.8591796875, 132.94375, -111.377734375, -18.298437500000002])
array('d', [43.6455078125, 133.410546875, -110.11738281250001, -20.7724609375])
array('d', [41.031445312500004, 133.9240234375, -108.5302734375, -19.325390625])
array('d', [41.031445312500004, 133.9240234375, -108.5302734375, -18.018359375])
array('d', [38.744140625, 133.50390625, -108.763671875, -18.018359375])
array('d', [42.198437500000004, 134.48417968750002, -108.01679687500001, -19.138671875])
array('d', [45.232617187500004, 134.0640625, -107.830078125, -13.443750000000001])
array('d', [45.232617187500004, 134.0640625, -107.830078125, -13.443750000000001])
array('d', [42.291796875, 133.9240234375, -106.98984375, -17.364843750000002])
array('d', [41.2181640625, 133.2705078125, -105.40273437500001, -17.364843750000002])
array('d', [41.498242187500004, 133.2705078125, -105.3560546875, -16.9447265625])
array('d', [42.898632812500004, 133.08378906250002, -104.1890625, -16.151171875])
array('d', [42.898632812500004, 134.2041015625, -107.1765625, -17.5048828125])
array('d', [45.232617187500004, 134.2041015625, -105.7294921875, -17.5048828125])
array('d', [44.9525390625, 133.50390625, -105.7294921875, -17.5048828125])
array('d', [43.31875, 134.95097656250002, -105.16933593750001, -18.2517578125])
array('d', [40.51796875, 134.2974609375, -105.16933593750001, -18.2517578125])
array('d', [40.51796875, 134.2974609375, -103.81562500000001, -16.4779296875])
array('d', [37.297070312500004, 133.78398437500002, -102.50859375, -16.4779296875])
array('d', [39.02421875, 133.4572265625, -102.228515625, -16.5712890625])
array('d', [39.02421875, 133.4572265625, -102.228515625, -16.5712890625])
array('d', [39.02421875, 133.4572265625, -102.228515625, -16.5712890625])
array('d', [42.898632812500004, 134.2041015625, -103.11542968750001, -16.8046875])
array('d', [41.1248046875, 133.690625, -101.94843750000001, -16.337890625])
array('d', [41.1248046875, 133.690625, -101.94843750000001, -15.7310546875])
array('d', [39.117578125, 134.8109375, -101.8083984375, -15.7310546875])
array('d', [41.358203125, 133.6439453125, -100.78144531250001, -13.910546875000001])
array('d', [38.1373046875, 132.85039062500002, -98.02734375, -13.0703125])
array('d', [38.1373046875, 132.85039062500002, -97.74726562500001, -12.0900390625])
array('d', [39.9111328125, 133.410546875, -97.74726562500001, -12.0900390625])
array('d', [38.183984375, 134.4375, -97.187109375, -10.1294921875])
array('d', [40.1912109375, 134.2041015625, -94.386328125, -9.616015625000001])
array('d', [40.1912109375, 134.2041015625, -94.386328125, -9.616015625000001])
array('d', [40.1912109375, 134.2041015625, -94.386328125, -9.616015625000001])
array('d', [40.1912109375, 134.2041015625, -94.386328125, -9.616015625000001])
array('d', [40.1912109375, 134.2041015625, -94.386328125, -9.616015625000001])
array('d', [38.4173828125, 134.2041015625, -92.9859375, -9.429296875])
array('d', [41.638281250000006, 134.530859375, -92.0056640625, -7.001953125])
array('d', [41.638281250000006, 134.530859375, -91.0720703125, -8.495703125])
array('d', [41.638281250000006, 134.530859375, -91.0720703125, -8.495703125])
array('d', [42.9453125, 133.13046875, -90.97871093750001, -8.2623046875])
array('d', [42.9453125, 133.13046875, -92.2857421875, -8.308984375])
array('d', [43.038671875000006, 133.3638671875, -92.2857421875, -8.308984375])
array('d', [42.431835937500004, 134.904296875, -91.2587890625, -9.0091796875])
array('d', [42.6185546875, 132.2435546875, -91.21210937500001, -7.188671875000001])
array('d', [42.6185546875, 133.6439453125, -90.838671875, -9.1958984375])
array('d', [40.611328125, 133.6439453125, -90.838671875, -9.1958984375])
array('d', [39.397656250000004, 132.5236328125, -90.93203125000001, -8.9625])
array('d', [35.756640625, 133.6439453125, -91.91230468750001, -8.869140625])
array('d', [37.4837890625, 133.2705078125, -90.7919921875, -7.888867187500001])
array('d', [37.810546875, 133.690625, -92.9859375, -9.1025390625])
array('d', [37.810546875, 134.25078125000002, -92.0056640625, -10.362890625])
array('d', [37.063671875000004, 134.25078125000002, -92.0056640625, -10.362890625])
array('d', [36.876953125, 134.95097656250002, -91.63222656250001, -11.203125])
array('d', [36.4568359375, 132.94375, -91.5388671875, -13.116992187500001])
array('d', [36.4568359375, 132.94375, -91.5388671875, -12.5568359375])
array('d', [32.3490234375, 133.78398437500002, -93.1259765625, -12.5568359375])
array('d', [32.3490234375, 133.78398437500002, -93.1259765625, -12.5568359375])
array('d', [32.3490234375, 133.78398437500002, -93.1259765625, -12.5568359375])
array('d', [32.3490234375, 133.78398437500002, -93.1259765625, -12.5568359375])
array('d', [33.2359375, 132.8037109375, -93.1259765625, -12.883593750000001])
array('d', [33.2359375, 131.45000000000002, -94.6197265625, -13.350390625000001])
array('d', [33.2359375, 133.08378906250002, -97.1404296875, -13.7705078125])
array('d', [33.2359375, 133.08378906250002, -97.1404296875, -13.7705078125])
array('d', [32.629101562500004, 132.5236328125, -97.840625, -13.8638671875])
array('d', [33.9828125, 133.223828125, -99.14765625000001, -15.310937500000001])
array('d', [33.9828125, 133.223828125, -99.14765625000001, -15.964453125])
array('d', [35.383203125, 133.410546875, -98.494140625, -15.964453125])
array('d', [32.629101562500004, 134.904296875, -97.3271484375, -16.9447265625])
array('d', [33.889453125, 134.2974609375, -99.56777343750001, -17.458203125])
array('d', [33.889453125, 134.2974609375, -99.56777343750001, -17.458203125])
array('d', [33.702734375, 134.8109375, -100.828125, -17.4115234375])
array('d', [36.130078125000004, 132.8037109375, -102.13515625000001, -16.7580078125])
array('d', [36.130078125000004, 132.8037109375, -102.13515625000001, -19.7921875])
array('d', [37.063671875000004, 131.7767578125, -101.76171875, -19.7921875])
array('d', [35.5232421875, 134.95097656250002, -103.0220703125, -19.97890625])
array('d', [35.5232421875, 133.597265625, -104.37578125, -20.165625000000002])
array('d', [36.7369140625, 133.597265625, -104.37578125, -20.165625000000002])
array('d', [36.7369140625, 133.1771484375, -104.23574218750001, -21.519335937500003])
array('d', [37.810546875, 133.78398437500002, -104.1423828125, -20.6791015625])
array('d', [37.810546875, 133.78398437500002, -104.70253906250001, -21.986132812500003])
array('d', [38.744140625, 132.75703125, -104.70253906250001, -21.986132812500003])
array('d', [40.3779296875, 134.2041015625, -106.80312500000001, -21.47265625])
array('d', [42.478515625, 133.410546875, -104.3291015625, -20.165625000000002])
array('d', [38.65078125, 133.8306640625, -104.4224609375, -22.40625])
array('d', [38.65078125, 133.8306640625, -104.4224609375, -22.40625])
array('d', [40.611328125, 133.3638671875, -105.21601562500001, -19.7455078125])
array('d', [39.8177734375, 133.50390625, -103.06875000000001, -20.6791015625])
array('d', [41.4515625, 134.25078125000002, -104.655859375, -19.0919921875])
array('d', [41.4515625, 134.25078125000002, -104.655859375, -19.0919921875])
array('d', [41.4515625, 134.25078125000002, -104.655859375, -19.0919921875])
array('d', [41.4515625, 134.25078125000002, -104.655859375, -19.0919921875])
array('d', [45.279296875, 132.5236328125, -104.00234375000001, -18.9052734375])
array('d', [42.851953125, 133.50390625, -104.23574218750001, -18.4384765625])
array('d', [42.851953125, 133.50390625, -105.21601562500001, -7.9822265625])
array('d', [42.01171875, 133.690625, -105.21601562500001, -7.9822265625])
array('d', [43.505468750000006, 134.1107421875, -106.523046875, -6.7685546875])
array('d', [43.738867187500006, 134.0640625, -109.18378906250001, -8.6357421875])
array('d', [43.738867187500006, 134.0640625, -109.18378906250001, -8.6357421875])
array('d', [43.738867187500006, 134.0640625, -109.18378906250001, -8.6357421875])
array('d', [40.3779296875, 134.4375, -109.323828125, -9.4759765625])
array('d', [40.3779296875, 134.4375, -109.97734375, -10.9697265625])
array('d', [46.6796875, 133.6439453125, -109.97734375, -10.9697265625])
array('d', [46.6796875, 133.6439453125, -109.97734375, -10.9697265625])
array('d', [44.205664062500006, 133.55058593750002, -113.71171875, -12.8369140625])
array('d', [45.652734375, 134.2041015625, -116.5125, -14.470703125])
array('d', [44.999218750000004, 134.5775390625, -117.259375, -16.898046875000002])
array('d', [44.999218750000004, 134.5775390625, -119.40664062500001, -19.465429687500002])
array('d', [42.2451171875, 134.48417968750002, -119.40664062500001, -19.465429687500002])
array('d', [38.557421875, 132.61699218750002, -121.92734375, -21.099218750000002])
array('d', [39.77109375, 134.1107421875, -124.77480468750001, -23.153125000000003])
array('d', [44.158984375, 133.597265625, -127.4822265625, -24.2734375])
array('d', [44.158984375, 133.597265625, -127.4822265625, -24.2734375])
array('d', [46.072851562500006, 134.5775390625, -128.7892578125, -25.39375])
array('d', [46.072851562500006, 134.5775390625, -128.7892578125, -25.39375])
array('d', [46.072851562500006, 134.5775390625, -128.7892578125, -25.39375])
array('d', [46.072851562500006, 134.5775390625, -128.7892578125, -25.39375])
array('d', [42.0583984375, 133.597265625, -130.796484375, -26.7474609375])
array('d', [41.264843750000004, 133.8306640625, -130.9365234375, -29.408203125])
array('d', [42.01171875, 134.3908203125, -133.037109375, -30.2951171875])
array('d', [42.01171875, 134.3908203125, -133.037109375, -30.2951171875])
array('d', [38.930859375000004, 132.3369140625, -132.5703125, -30.855273437500003])
array('d', [45.232617187500004, 134.01738281250002, -134.01738281250002, -30.621875000000003])
array('d', [45.232617187500004, 133.7373046875, -134.157421875, -30.855273437500003])
array('d', [45.232617187500004, 133.7373046875, -134.157421875, -30.855273437500003])
array('d', [45.8861328125, 133.55058593750002, -134.25078125000002, -32.862500000000004])
array('d', [40.564648437500004, 133.50390625, -133.7373046875, -35.429882812500004])
array('d', [40.564648437500004, 133.50390625, -133.7373046875, -32.3490234375])
array('d', [44.3923828125, 133.9240234375, -133.690625, -32.3490234375])
array('d', [43.738867187500006, 132.5703125, -133.9240234375, -32.769140625])
array('d', [43.738867187500006, 132.5703125, -133.87734375, -32.30234375])
array('d', [49.200390625000004, 132.8037109375, -133.87734375, -33.9361328125])
array('d', [49.760546875, 132.5236328125, -133.78398437500002, -33.9361328125])
array('d', [49.013671875, 133.87734375, -133.2705078125, -34.6830078125])
array('d', [49.013671875, 134.7642578125, -134.5775390625, -33.609375])
array('d', [47.053125, 134.7642578125, -134.5775390625, -33.609375])
array('d', [43.5521484375, 133.410546875, -133.6439453125, -33.609375])
array('d', [48.826953125, 133.4572265625, -133.4572265625, -31.788867187500003])
array('d', [48.826953125, 133.8306640625, -133.9240234375, -34.449609375])
array('d', [46.072851562500006, 133.8306640625, -133.9240234375, -34.449609375])
array('d', [41.3115234375, 133.8306640625, -134.904296875, -35.943359375])
array('d', [38.697460937500004, 134.157421875, -133.410546875, -37.297070312500004])
array('d', [38.697460937500004, 133.690625, -134.157421875, -37.3904296875])
array('d', [37.997265625000004, 133.690625, -134.157421875, -37.3904296875])
array('d', [46.3529296875, 134.0640625, -134.530859375, -37.34375])
array('d', [42.9919921875, 133.690625, -133.2705078125, -37.063671875000004])
array('d', [42.9919921875, 133.690625, -133.08378906250002, -35.429882812500004])
array('d', [37.437109375, 134.530859375, -133.08378906250002, -35.429882812500004])
array('d', [36.78359375, 133.7373046875, -133.7373046875, -35.663281250000004])
array('d', [37.997265625000004, 133.690625, -133.7373046875, -35.663281250000004])
array('d', [37.997265625000004, 133.690625, -133.7373046875, -35.943359375])
array('d', [42.2451171875, 132.9904296875, -134.2041015625, -34.7763671875])
array('d', [41.918359375, 132.9904296875, -134.1107421875, -34.91640625])
array('d', [41.918359375, 132.9904296875, -134.1107421875, -34.91640625])
array('d', [41.918359375, 132.9904296875, -134.1107421875, -34.91640625])
array('d', [41.918359375, 132.9904296875, -134.1107421875, -34.91640625])
array('d', [37.530468750000004, 134.8109375, -133.87734375, -35.9900390625])
array('d', [40.7513671875, 134.4375, -133.55058593750002, -36.876953125])
array('d', [42.338476562500006, 133.690625, -133.970703125, -37.763867187500004])
array('d', [42.338476562500006, 133.690625, -133.970703125, -37.763867187500004])
array('d', [42.338476562500006, 133.690625, -133.970703125, -37.763867187500004])
array('d', [43.87890625, 133.31718750000002, -134.25078125000002, -36.4568359375])
array('d', [43.87890625, 133.31718750000002, -132.3369140625, -40.14453125])
array('d', [43.598828125000004, 133.690625, -132.3369140625, -40.14453125])
array('d', [43.598828125000004, 133.3638671875, -134.1107421875, -42.431835937500004])
array('d', [44.8125, 134.0640625, -133.13046875, -41.031445312500004])
array('d', [41.031445312500004, 133.8306640625, -133.31718750000002, -39.4443359375])
array('d', [38.744140625, 132.75703125, -134.344140625, -41.544921875])
array('d', [38.744140625, 133.1771484375, -134.904296875, -41.544921875])
array('d', [38.744140625, 133.1771484375, -134.904296875, -41.544921875])
array('d', [38.744140625, 133.1771484375, -134.904296875, -41.544921875])
array('d', [47.98671875, 133.50390625, -133.7373046875, -41.825])
array('d', [47.98671875, 132.8037109375, -133.78398437500002, -40.89140625])
array('d', [44.439062500000006, 132.8037109375, -133.78398437500002, -39.3509765625])
array('d', [44.439062500000006, 132.8037109375, -133.78398437500002, -39.3509765625])
array('d', [44.439062500000006, 132.8037109375, -133.78398437500002, -39.3509765625])
array('d', [44.439062500000006, 132.8037109375, -133.78398437500002, -39.3509765625])
array('d', [43.505468750000006, 134.0640625, -133.597265625, -37.8572265625])
array('d', [43.272070312500006, 134.6708984375, -134.4375, -38.1373046875])
array('d', [40.798046875000004, 135.091015625, -134.4375, -38.1373046875])
array('d', [44.719140625, 134.2974609375, -135.0443359375, -37.250390625])
array('d', [40.9380859375, 135.0443359375, -133.4572265625, -39.397656250000004])
array('d', [37.90390625, 132.75703125, -133.9240234375, -41.825])
array('d', [37.90390625, 132.75703125, -133.9240234375, -41.825])
array('d', [42.0583984375, 133.55058593750002, -133.2705078125, -40.564648437500004])
array('d', [40.51796875, 133.8306640625, -133.87734375, -39.117578125])
array('d', [40.51796875, 133.8306640625, -133.87734375, -39.117578125])
array('d', [38.183984375, 133.55058593750002, -133.55058593750002, -38.7908203125])
array('d', [42.9453125, 134.2974609375, -133.597265625, -38.744140625])
array('d', [41.171484375000006, 133.31718750000002, -134.157421875, -40.1912109375])
array('d', [41.171484375000006, 133.31718750000002, -134.157421875, -40.1912109375])
array('d', [39.677734375, 133.31718750000002, -134.25078125000002, -40.097851562500004])
array('d', [43.87890625, 133.50390625, -134.71757812500002, -40.097851562500004])
array('d', [43.4587890625, 133.1771484375, -134.71757812500002, -40.097851562500004])
array('d', [43.4587890625, 132.4302734375, -134.2974609375, -39.631054687500004])
array('d', [46.11953125, 133.037109375, -133.9240234375, -39.677734375])
array('d', [46.2595703125, 134.157421875, -133.78398437500002, -38.8841796875])
array('d', [42.291796875, 134.157421875, -133.037109375, -39.4443359375])
array('d', [42.571875000000006, 134.1107421875, -133.037109375, -39.4443359375])
array('d', [42.5251953125, 133.9240234375, -133.9240234375, -41.7783203125])
array('d', [43.832226562500004, 134.2041015625, -133.597265625, -40.798046875000004])
array('d', [42.2451171875, 133.1771484375, -134.2974609375, -38.557421875])
array('d', [43.272070312500006, 132.5703125, -133.50390625, -39.164257812500004])
array('d', [40.1912109375, 132.5703125, -133.50390625, -39.864453125000004])
array('d', [39.2576171875, 134.25078125000002, -134.2041015625, -40.611328125])
array('d', [40.6580078125, 134.5775390625, -133.6439453125, -38.5107421875])
array('d', [43.5521484375, 133.1771484375, -133.9240234375, -37.4837890625])
array('d', [37.34375, 133.9240234375, -134.48417968750002, -38.930859375000004])
array('d', [37.15703125, 134.2974609375, -133.31718750000002, -39.4443359375])
array('d', [45.3259765625, 133.1771484375, -133.223828125, -39.5376953125])
array('d', [44.5791015625, 134.344140625, -133.223828125, -40.051171875])
array('d', [39.9578125, 135.0443359375, -133.597265625, -38.464062500000004])
array('d', [41.918359375, 133.1771484375, -133.2705078125, -36.9703125])
array('d', [41.918359375, 133.1771484375, -133.2705078125, -36.9703125])
array('d', [45.0458984375, 133.1771484375, -133.87734375, -36.503515625])
array('d', [44.672460937500006, 134.25078125000002, -133.55058593750002, -37.297070312500004])
array('d', [41.498242187500004, 135.2310546875, -134.2974609375, -36.9703125])
array('d', [41.498242187500004, 135.2310546875, -134.2974609375, -36.9703125])
array('d', [41.498242187500004, 135.2310546875, -133.55058593750002, -36.78359375])
array('d', [44.5791015625, 133.3638671875, -133.55058593750002, -36.78359375])
array('d', [43.412109375, 134.48417968750002, -133.8306640625, -38.5107421875])
array('d', [43.412109375, 134.48417968750002, -133.8306640625, -38.5107421875])
array('d', [45.232617187500004, 134.0640625, -134.0640625, -39.0708984375])
array('d', [45.232617187500004, 134.157421875, -134.7642578125, -37.0169921875])
array('d', [44.719140625, 134.48417968750002, -134.1107421875, -39.02421875])
array('d', [44.719140625, 134.48417968750002, -134.1107421875, -39.02421875])
array('d', [43.365429687500004, 134.1107421875, -134.1107421875, -40.798046875000004])
array('d', [43.365429687500004, 134.1107421875, -134.1107421875, -42.431835937500004])
array('d', [44.999218750000004, 134.904296875, -134.8576171875, -42.431835937500004])
array('d', [44.672460937500006, 134.8576171875, -133.87734375, -41.7783203125])
array('d', [44.672460937500006, 133.6439453125, -134.48417968750002, -42.338476562500006])
array('d', [49.5271484375, 133.6439453125, -136.3046875, -40.51796875])
array('d', [47.239843750000006, 134.157421875, -136.3046875, -40.51796875])
array('d', [47.239843750000006, 134.157421875, -136.3046875, -40.51796875])
array('d', [47.239843750000006, 134.157421875, -136.3046875, -40.51796875])
array('d', [44.345703125, 133.31718750000002, -133.7373046875, -40.89140625])
array('d', [47.099804687500004, 133.78398437500002, -133.7373046875, -41.2181640625])
array('d', [47.099804687500004, 133.78398437500002, -133.7373046875, -43.038671875000006])
array('d', [43.412109375, 133.6439453125, -133.7373046875, -43.038671875000006])
array('d', [43.412109375, 133.6439453125, -133.7373046875, -43.038671875000006])
array('d', [43.412109375, 133.6439453125, -133.7373046875, -43.038671875000006])
array('d', [48.406835937500006, 134.7642578125, -134.48417968750002, -43.038671875000006])
array('d', [48.406835937500006, 132.9904296875, -134.5775390625, -43.132031250000004])
array('d', [48.2201171875, 132.9904296875, -134.5775390625, -43.132031250000004])
array('d', [42.5251953125, 133.3638671875, -132.9904296875, -41.871679687500006])
array('d', [46.586328125, 133.7373046875, -133.223828125, -41.7783203125])
array('d', [46.586328125, 133.7373046875, -133.223828125, -39.4443359375])
array('d', [43.0853515625, 134.1107421875, -134.2974609375, -39.4443359375])
array('d', [48.453515625, 134.48417968750002, -133.08378906250002, -38.744140625])
array('d', [48.453515625, 132.9904296875, -133.2705078125, -37.8572265625])
array('d', [49.200390625000004, 132.9904296875, -133.2705078125, -37.8572265625])
array('d', [48.033398437500004, 132.61699218750002, -133.2705078125, -37.8572265625])
array('d', [48.033398437500004, 132.61699218750002, -134.344140625, -36.4568359375])
array('d', [48.546875, 134.48417968750002, -134.344140625, -36.4568359375])
array('d', [52.28125, 135.2310546875, -134.6708984375, -37.250390625])
array('d', [46.8197265625, 134.344140625, -134.3908203125, -41.825])
array('d', [53.775000000000006, 134.01738281250002, -134.0640625, -41.1248046875])
array('d', [53.775000000000006, 133.7373046875, -133.410546875, -40.8447265625])
array('d', [56.3890625, 133.7373046875, -133.410546875, -40.8447265625])
array('d', [56.3890625, 133.7373046875, -133.410546875, -40.8447265625])
array('d', [56.3890625, 133.7373046875, -133.410546875, -40.8447265625])
array('d', [56.3890625, 133.7373046875, -133.410546875, -40.8447265625])
array('d', [54.6619140625, 133.7373046875, -133.8306640625, -42.805273437500006])
array('d', [53.21484375, 134.157421875, -133.87734375, -42.805273437500006])
array('d', [53.96171875, 134.2041015625, -134.344140625, -40.611328125])
array('d', [53.96171875, 134.2041015625, -134.344140625, -40.611328125])
array('d', [53.96171875, 134.2041015625, -134.344140625, -40.611328125])
array('d', [49.013671875, 133.970703125, -133.410546875, -38.3240234375])
array('d', [47.053125, 134.8109375, -133.410546875, -38.3240234375])
array('d', [47.053125, 134.8109375, -133.410546875, -38.3240234375])
array('d', [49.900585937500004, 133.55058593750002, -133.970703125, -37.4837890625])
array('d', [44.9525390625, 132.94375, -133.1771484375, -39.677734375])
array('d', [45.5126953125, 133.13046875, -133.1771484375, -39.677734375])
array('d', [46.3529296875, 134.62421875, -133.6439453125, -41.2181640625])
array('d', [41.171484375000006, 132.94375, -133.55058593750002, -38.183984375])
array('d', [43.832226562500004, 132.75703125, -133.3638671875, -36.41015625])
array('d', [42.478515625, 133.3638671875, -134.7642578125, -35.663281250000004])
array('d', [42.478515625, 133.410546875, -133.223828125, -36.03671875])
array('d', [40.8447265625, 133.410546875, -134.99765625, -40.097851562500004])
array('d', [40.8447265625, 133.410546875, -134.99765625, -40.097851562500004])
array('d', [42.5251953125, 133.13046875, -134.99765625, -40.097851562500004])
array('d', [41.264843750000004, 133.7373046875, -133.2705078125, -42.01171875])
array('d', [44.1123046875, 134.01738281250002, -134.8109375, -42.9919921875])
array('d', [44.1123046875, 134.01738281250002, -134.8109375, -42.9919921875])
array('d', [47.1931640625, 133.31718750000002, -133.597265625, -41.871679687500006])
array('d', [47.099804687500004, 133.7373046875, -133.4572265625, -41.4515625])
array('d', [44.5791015625, 134.157421875, -134.157421875, -41.4515625])
array('d', [44.8591796875, 134.157421875, -133.3638671875, -40.6580078125])
array('d', [44.999218750000004, 133.9240234375, -133.50390625, -39.77109375])
array('d', [42.291796875, 133.9240234375, -133.50390625, -39.77109375])
array('d', [42.291796875, 133.31718750000002, -132.75703125, -41.031445312500004])
array('d', [48.546875, 134.0640625, -133.55058593750002, -41.031445312500004])
array('d', [47.006445312500006, 133.9240234375, -135.0443359375, -39.2576171875])
array('d', [43.038671875000006, 133.31718750000002, -133.970703125, -41.731640625000004])
array('d', [45.232617187500004, 133.597265625, -133.31718750000002, -40.89140625])
array('d', [46.212890625, 133.50390625, -133.9240234375, -38.1373046875])
array('d', [46.212890625, 133.50390625, -133.9240234375, -38.1373046875])
array('d', [49.200390625000004, 133.50390625, -133.55058593750002, -36.316796875])
array('d', [51.814453125, 134.2974609375, -133.87734375, -37.34375])
array('d', [51.3943359375, 133.690625, -134.2974609375, -37.34375])
array('d', [51.3943359375, 133.690625, -134.2974609375, -39.8177734375])
array('d', [49.9939453125, 134.157421875, -133.55058593750002, -44.439062500000006])
array('d', [53.121484375, 134.4375, -133.55058593750002, -44.439062500000006])
array('d', [54.428515625, 133.55058593750002, -133.970703125, -41.731640625000004])
array('d', [50.367382812500004, 132.663671875, -134.7642578125, -40.8447265625])
array('d', [49.48046875, 133.7373046875, -134.25078125000002, -41.7783203125])
array('d', [52.3279296875, 133.55058593750002, -133.410546875, -38.697460937500004])
array('d', [50.0873046875, 133.78398437500002, -133.970703125, -38.464062500000004])
array('d', [50.0873046875, 133.78398437500002, -133.970703125, -38.464062500000004])
array('d', [47.006445312500006, 133.8306640625, -133.13046875, -39.2576171875])
array('d', [47.006445312500006, 133.690625, -133.410546875, -39.3509765625])
array('d', [43.132031250000004, 133.690625, -134.0640625, -41.404882812500006])
array('d', [44.672460937500006, 132.663671875, -134.0640625, -40.89140625])
array('d', [47.8466796875, 134.8109375, -133.690625, -39.2109375])
array('d', [47.8466796875, 134.8109375, -133.690625, -39.2109375])
array('d', [43.412109375, 133.6439453125, -133.3638671875, -37.90390625])
array('d', [47.333203125000004, 133.78398437500002, -133.78398437500002, -40.237890625])
array('d', [47.333203125000004, 133.78398437500002, -133.78398437500002, -40.237890625])
array('d', [52.001171875000004, 133.7373046875, -134.1107421875, -39.304296875])
array('d', [52.141210937500006, 134.3908203125, -133.31718750000002, -39.02421875])
array('d', [51.3943359375, 133.78398437500002, -132.663671875, -39.677734375])
array('d', [48.826953125, 134.6708984375, -133.7373046875, -44.158984375])
array('d', [54.2884765625, 133.78398437500002, -134.0640625, -42.01171875])
array('d', [55.3154296875, 133.1771484375, -132.85039062500002, -42.01171875])
array('d', [53.9150390625, 133.50390625, -134.157421875, -41.3115234375])
array('d', [54.2884765625, 134.0640625, -133.970703125, -40.89140625])
array('d', [54.988671875, 133.8306640625, -134.1107421875, -41.031445312500004])
array('d', [54.988671875, 133.2705078125, -133.9240234375, -42.851953125])
array('d', [49.48046875, 133.2705078125, -133.08378906250002, -43.365429687500004])
array('d', [49.48046875, 133.8306640625, -133.08378906250002, -43.365429687500004])
array('d', [48.6869140625, 134.01738281250002, -133.08378906250002, -40.14453125])
array('d', [48.3134765625, 133.87734375, -133.2705078125, -38.4173828125])
array('d', [48.5935546875, 133.3638671875, -132.663671875, -38.557421875])
array('d', [49.340429687500006, 133.87734375, -133.037109375, -40.097851562500004])
array('d', [46.773046875000006, 133.690625, -132.8037109375, -40.984765625])
array('d', [46.773046875000006, 133.690625, -132.9904296875, -41.6849609375])
array('d', [46.11953125, 133.690625, -132.9904296875, -38.8841796875])
array('d', [46.306250000000006, 133.690625, -134.1107421875, -38.8841796875])
array('d', [46.959765625, 133.2705078125, -133.6439453125, -40.424609375])
array('d', [46.959765625, 133.2705078125, -133.6439453125, -40.424609375])
array('d', [49.760546875, 132.8970703125, -133.31718750000002, -41.825])
array('d', [47.099804687500004, 132.85039062500002, -134.01738281250002, -38.65078125])
array('d', [47.053125, 132.8970703125, -134.4375, -39.3509765625])
array('d', [47.239843750000006, 132.2435546875, -134.01738281250002, -38.8841796875])
array('d', [47.239843750000006, 132.2435546875, -133.6439453125, -39.631054687500004])
array('d', [49.1537109375, 132.4302734375, -133.6439453125, -39.631054687500004])
array('d', [49.1537109375, 131.730078125, -133.78398437500002, -39.631054687500004])
array('d', [47.239843750000006, 131.3099609375, -132.663671875, -37.997265625000004])
array('d', [49.7138671875, 131.5900390625, -133.8306640625, -37.15703125])
array('d', [49.7138671875, 130.9365234375, -133.6439453125, -39.2576171875])
array('d', [48.3134765625, 130.9365234375, -133.6439453125, -39.2576171875])
array('d', [43.038671875000006, 130.88984375, -133.597265625, -39.677734375])
array('d', [47.7533203125, 130.609765625, -134.2041015625, -41.638281250000006])
array('d', [49.9939453125, 130.28300781250002, -133.410546875, -40.7046875])
array('d', [47.146484375, 130.8431640625, -134.157421875, -43.365429687500004])
array('d', [47.146484375, 129.489453125, -133.50390625, -42.338476562500006])
array('d', [46.49296875, 129.489453125, -133.50390625, -42.338476562500006])
array('d', [46.633007812500004, 129.6294921875, -134.48417968750002, -40.1912109375])
array('d', [47.4265625, 128.7892578125, -133.6439453125, -38.6041015625])
array('d', [47.4265625, 128.88261718750002, -134.62421875, -38.8375])
array('d', [43.4587890625, 128.41582031250002, -133.55058593750002, -40.424609375])
array('d', [45.092578125, 128.41582031250002, -133.55058593750002, -39.677734375])
array('d', [47.333203125000004, 128.4625, -133.970703125, -39.677734375])
array('d', [42.898632812500004, 128.0890625, -134.25078125000002, -39.491015625])
array('d', [41.358203125, 128.5091796875, -133.78398437500002, -42.6185546875])
array('d', [41.358203125, 128.5091796875, -133.78398437500002, -39.9111328125])
array('d', [45.4193359375, 127.7623046875, -132.663671875, -39.9111328125])
array('d', [44.765820312500004, 127.52890625, -133.410546875, -37.5771484375])
array('d', [43.365429687500004, 127.715625, -133.55058593750002, -39.397656250000004])
array('d', [42.1517578125, 126.5953125, -133.55058593750002, -39.397656250000004])
array('d', [42.1517578125, 126.5953125, -133.87734375, -38.744140625])
array('d', [47.3798828125, 126.501953125, -134.157421875, -38.744140625])
array('d', [47.473242187500006, 127.0154296875, -132.9904296875, -37.2037109375])
array('d', [47.473242187500006, 127.0154296875, -132.9904296875, -37.2037109375])
array('d', [44.345703125, 126.3619140625, -133.87734375, -38.930859375000004])
array('d', [45.74609375, 126.501953125, -133.690625, -38.6041015625])
array('d', [50.133984375000004, 125.94179687500001, -133.7373046875, -37.763867187500004])
array('d', [50.133984375000004, 125.94179687500001, -133.7373046875, -38.8375])
array('d', [50.740820312500006, 125.8484375, -132.8970703125, -38.8375])
array('d', [46.959765625, 125.28828125000001, -134.5775390625, -42.198437500000004])
array('d', [47.4265625, 124.4947265625, -133.78398437500002, -39.864453125000004])
array('d', [42.291796875, 121.55390625000001, -133.690625, -36.2701171875])
array('d', [39.2576171875, 121.460546875, -133.970703125, -38.230664062500004])
array('d', [40.2845703125, 121.04042968750001, -133.970703125, -37.5771484375])
array('d', [42.851953125, 120.6669921875, -133.9240234375, -37.9505859375])
array('d', [42.851953125, 120.6669921875, -133.3638671875, -35.28984375])
array('d', [42.6185546875, 120.713671875, -133.3638671875, -35.28984375])
array('d', [40.7513671875, 120.0134765625, -133.1771484375, -37.297070312500004])
array('d', [45.466015625000004, 120.2935546875, -132.196875, -34.16953125])
array('d', [45.466015625000004, 120.2935546875, -131.8701171875, -34.029492187500004])
array('d', [45.232617187500004, 119.593359375, -131.8701171875, -34.029492187500004])
array('d', [41.544921875, 119.2666015625, -130.796484375, -36.2701171875])
array('d', [40.89140625, 119.17324218750001, -130.74980468750002, -33.9361328125])
array('d', [40.89140625, 119.17324218750001, -129.862890625, -34.729687500000004])
array('d', [40.89140625, 119.17324218750001, -129.862890625, -34.729687500000004])
array('d', [47.893359375, 119.17324218750001, -130.423046875, -35.383203125])
array('d', [45.932812500000004, 118.4263671875, -130.423046875, -35.383203125])
array('d', [42.805273437500006, 118.4263671875, -130.6564453125, -34.6830078125])
array('d', [42.805273437500006, 118.4263671875, -130.6564453125, -34.6830078125])
array('d', [42.805273437500006, 118.4263671875, -130.6564453125, -34.6830078125])
array('d', [47.98671875, 117.912890625, -128.929296875, -7.8421875000000005])
array('d', [48.9203125, 117.4927734375, -130.703125, -2.8474609375])
array('d', [46.866406250000004, 117.77285156250001, -131.1232421875, -2.6607421875000004])
array('d', [46.866406250000004, 117.77285156250001, -131.1232421875, -2.6607421875000004])
array('d', [46.866406250000004, 117.77285156250001, -131.1232421875, -2.6607421875000004])
array('d', [46.866406250000004, 117.77285156250001, -130.51640625000002, -1.8671875])
array('d', [46.959765625, 117.4927734375, -130.51640625000002, -1.8671875])
array('d', [56.435742187500004, 116.5591796875, -130.51640625000002, -3.54765625])
array('d', [63.391015625, 132.9904296875, -130.51640625000002, -3.54765625])
array('d', [63.391015625, 132.9904296875, -128.742578125, -1.213671875])
array('d', [62.504101562500004, 134.48417968750002, -127.62226562500001, -0.5134765625000001])
array('d', [55.7822265625, 133.4572265625, -126.68867187500001, -1.773828125])
array('d', [47.1931640625, 134.157421875, -127.85566406250001, -4.761328125])
array('d', [47.1931640625, 134.157421875, -128.0423828125, -5.788281250000001])
array('d', [50.4140625, 133.597265625, -128.0423828125, -5.788281250000001])
array('d', [53.074804687500006, 133.4572265625, -129.11601562500002, -5.788281250000001])
array('d', [53.074804687500006, 133.4572265625, -129.11601562500002, -5.788281250000001])
array('d', [52.001171875000004, 134.530859375, -130.98320312500002, -6.021679687500001])
array('d', [52.001171875000004, 134.530859375, -130.98320312500002, -7.0953125])
array('d', [46.4462890625, 134.2041015625, -129.4427734375, -7.0953125])
array('d', [51.4876953125, 111.8912109375, -133.87734375, -18.7185546875])
array('d', [51.4876953125, 112.7314453125, -133.87734375, -18.7185546875])
array('d', [54.7552734375, 113.058203125, -133.7373046875, -18.018359375])
array('d', [54.7552734375, 113.61835937500001, -133.78398437500002, -18.998632812500002])
array('d', [53.681640625, 113.61835937500001, -133.78398437500002, -18.998632812500002])
array('d', [50.880859375, 112.91816406250001, -133.7373046875, -20.165625000000002])
array('d', [54.521875, 112.8248046875, -133.3638671875, -20.632421875000002])
array('d', [54.3818359375, 111.47109375000001, -133.50390625, -22.40625])
array('d', [54.3818359375, 111.47109375000001, -133.50390625, -22.40625])
array('d', [54.3818359375, 111.47109375000001, -133.50390625, -22.40625])
array('d', [50.880859375, 111.70449218750001, -133.2705078125, -24.926953125])
array('d', [51.907812500000006, 110.72421875, -133.410546875, -26.2806640625])
array('d', [51.907812500000006, 110.72421875, -133.410546875, -26.980859375])
array('d', [52.234570312500004, 110.0240234375, -134.25078125000002, -26.980859375])
array('d', [53.028125, 111.6111328125, -133.037109375, -28.101171875000002])
array('d', [52.001171875000004, 110.9109375, -134.25078125000002, -31.602148437500002])
array('d', [52.001171875000004, 110.2107421875, -134.25078125000002, -34.496289062500004])
array('d', [48.36015625, 110.2107421875, -133.970703125, -34.029492187500004])
array('d', [47.566601562500004, 109.697265625, -133.690625, -34.7763671875])
array('d', [47.566601562500004, 109.697265625, -133.690625, -34.7763671875])
array('d', [49.107031250000006, 109.88398437500001, -133.08378906250002, -34.496289062500004])
array('d', [46.49296875, 110.257421875, -132.663671875, -36.41015625])
array('d', [46.2595703125, 108.6236328125, -133.3638671875, -37.623828125])
array('d', [46.2595703125, 108.6236328125, -133.2705078125, -39.397656250000004])
array('d', [47.940039062500006, 108.6236328125, -133.2705078125, -39.397656250000004])
array('d', [47.61328125, 108.9970703125, -134.8109375, -38.27734375])
array('d', [48.36015625, 108.763671875, -134.157421875, -40.14453125])
array('d', [48.36015625, 108.763671875, -134.157421875, -41.4515625])
array('d', [49.6205078125, 107.6900390625, -134.157421875, -41.4515625])
array('d', [46.49296875, 107.9234375, -133.037109375, -41.171484375000006])
array('d', [46.49296875, 107.9234375, -133.037109375, -41.171484375000006])
array('d', [49.0603515625, 107.08320312500001, -133.50390625, -42.01171875])
array('d', [50.1806640625, 106.6630859375, -133.78398437500002, -37.2037109375])
array('d', [48.546875, 107.26992187500001, -133.8306640625, -36.41015625])
array('d', [48.546875, 107.26992187500001, -133.8306640625, -36.41015625])
array('d', [48.546875, 107.26992187500001, -133.8306640625, -36.41015625])
array('d', [48.546875, 107.26992187500001, -133.8306640625, -36.41015625])
array('d', [46.4462890625, 106.38300781250001, -133.13046875, -37.15703125])
array('d', [46.4462890625, 106.38300781250001, -134.71757812500002, -38.7908203125])
array('d', [43.832226562500004, 106.709765625, -134.71757812500002, -38.7908203125])
array('d', [43.832226562500004, 106.709765625, -134.71757812500002, -38.7908203125])
array('d', [43.832226562500004, 106.709765625, -134.71757812500002, -38.7908203125])
array('d', [44.065625000000004, 106.10292968750001, -133.31718750000002, -39.117578125])
array('d', [41.2181640625, 106.61640625000001, -133.87734375, -36.5501953125])
array('d', [40.424609375, 107.830078125, -133.55058593750002, -35.4765625])
array('d', [40.424609375, 105.44941406250001, -134.62421875, -34.4029296875])
array('d', [42.198437500000004, 105.44941406250001, -134.62421875, -34.4029296875])
array('d', [39.9111328125, 105.5427734375, -133.223828125, -34.4029296875])
array('d', [39.2109375, 104.8892578125, -132.7103515625, -32.5357421875])
array('d', [39.2576171875, 104.4224609375, -133.410546875, -34.4029296875])
array('d', [39.2576171875, 104.4224609375, -130.5630859375, -33.796093750000004])
array('d', [40.0044921875, 105.5427734375, -130.5630859375, -33.796093750000004])
array('d', [40.0044921875, 105.5427734375, -130.5630859375, -33.796093750000004])
array('d', [40.0044921875, 105.5427734375, -130.5630859375, -33.796093750000004])
array('d', [40.0044921875, 105.5427734375, -130.5630859375, -33.796093750000004])
array('d', [40.424609375, 105.8228515625, -131.4966796875, -33.42265625])
array('d', [40.051171875, 107.78339843750001, -128.1357421875, -32.115625])
array('d', [40.51796875, 109.04375, -129.209375, -31.6955078125])
array('d', [40.51796875, 109.04375, -129.209375, -31.6955078125])
array('d', [38.697460937500004, 30.80859375, -127.34218750000001, -6.255078125000001])
array('d', [46.026171875, 6.955273437500001, -127.062109375, -0.8869140625])
array('d', [46.026171875, 6.955273437500001, -124.54140625000001, 1.6804687500000002])
array('d', [46.026171875, 6.955273437500001, -124.54140625000001, 1.6804687500000002])
array('d', [46.026171875, 6.955273437500001, -124.54140625000001, 1.6804687500000002])
array('d', [46.026171875, 6.955273437500001, -124.54140625000001, 1.6804687500000002])
array('d', [51.300976562500004, 9.5693359375, -120.526953125, 3.5009765625])
array('d', [51.674414062500006, 9.5693359375, -120.526953125, 3.5009765625])
array('d', [52.9814453125, 6.628515625, -114.83203125, 4.66796875])
array('d', [52.9814453125, 6.628515625, -114.83203125, 4.66796875])
array('d', [52.561328125, 6.2083984375000005, -109.9306640625, 6.9085937500000005])
array('d', [53.308203125000006, 8.215625000000001, -105.776171875, 12.276757812500001])
array('d', [57.1826171875, 9.149218750000001, -103.4421875, 10.6896484375])
array('d', [57.1826171875, 9.149218750000001, -101.66835937500001, 9.7560546875])
array('d', [59.0498046875, 8.915820312500001, -101.66835937500001, 9.7560546875])
array('d', [60.7302734375, 8.3556640625, -99.7544921875, 10.176171875])
array('d', [62.6908203125, 8.7291015625, -98.0740234375, 9.4759765625])
array('d', [63.110937500000006, 9.0091796875, -95.36660156250001, 8.308984375])
array('d', [63.110937500000006, 9.0091796875, -95.36660156250001, 9.382617187500001])
array('d', [64.698046875, 7.9822265625, -94.43300781250001, 9.382617187500001])
array('d', [64.698046875, 7.9822265625, -94.43300781250001, 9.382617187500001])
array('d', [64.698046875, 7.9822265625, -94.43300781250001, 9.382617187500001])
array('d', [64.698046875, 7.9822265625, -94.43300781250001, 9.382617187500001])
array('d', [64.698046875, 7.9822265625, -94.43300781250001, 9.382617187500001])
array('d', [68.6658203125, 7.7955078125, -92.56582031250001, 9.0091796875])
array('d', [67.312109375, 6.7685546875, -89.81171875000001, 8.308984375])
array('d', [67.312109375, 5.4615234375, -89.76503906250001, 8.122265625])
array('d', [67.312109375, 5.4615234375, -89.76503906250001, 8.122265625])
array('d', [67.312109375, 5.4615234375, -89.76503906250001, 8.122265625])
array('d', [67.312109375, 5.4615234375, -89.76503906250001, 8.122265625])
array('d', [67.9189453125, 5.9283203125, -87.6177734375, 8.2623046875])
array('d', [67.9189453125, 5.9283203125, -86.96425781250001, 6.488476562500001])
array('d', [69.0859375, 4.29453125, -86.96425781250001, 6.488476562500001])
array('d', [69.0859375, 4.66796875, -85.1904296875, 4.3412109375000005])
array('d', [70.39296875000001, 4.6212890625, -83.74335937500001, 3.4542968750000003])
array('d', [70.39296875000001, 4.6212890625, -83.74335937500001, 3.8277343750000004])
array('d', [68.3390625, 3.4076171875, -82.52968750000001, 3.8277343750000004])
array('d', [68.7125, 2.6607421875000004, -82.10957031250001, 3.5009765625])
array('d', [69.27265625, 2.5673828125, -82.623046875, 1.6337890625])
array('d', [69.27265625, 2.5673828125, -82.623046875, 3.267578125])
array('d', [68.52578125000001, 2.0539062500000003, -82.623046875, 3.267578125])
array('d', [69.5060546875, 2.147265625, -80.942578125, 1.773828125])
array('d', [69.5060546875, 2.147265625, -83.08984375, 0.8402343750000001])
array('d', [69.92617187500001, 0.653515625, -83.08984375, 0.8402343750000001])
array('d', [69.92617187500001, 0.653515625, -83.08984375, 0.8402343750000001])
array('d', [69.4126953125, 1.2603515625000001, -82.29628906250001, 0.466796875])
array('d', [69.64609375, 0.56015625, -82.29628906250001, 0.37343750000000003])
array('d', [69.64609375, 0.56015625, -83.7900390625, 0.37343750000000003])
array('d', [69.3193359375, -0.2333984375, -83.7900390625, -0.2333984375])
array('d', [69.64609375, -0.2333984375, -82.249609375, 0.1400390625])
array('d', [69.64609375, -0.37343750000000003, -83.1365234375, -0.2333984375])
array('d', [69.64609375, -0.37343750000000003, -83.1365234375, -0.2333984375])
array('d', [69.64609375, -0.37343750000000003, -83.1365234375, -0.2333984375])
array('d', [69.64609375, -0.37343750000000003, -83.1365234375, -0.2333984375])
array('d', [69.3193359375, -0.2333984375, -83.46328125000001, -0.2333984375])
array('d', [69.3193359375, -0.2333984375, -82.71640625, -0.1400390625])
array('d', [68.89921875, -0.2333984375, -82.71640625, -0.1400390625])
array('d', [68.9458984375, 1.0269531250000001, -82.71640625, -0.280078125])
array('d', [69.22597656250001, 0.18671875000000002, -82.2029296875, 0.1400390625])
array('d', [69.22597656250001, -0.2333984375, -83.65, -0.2333984375])
array('d', [69.4126953125, -0.2333984375, -83.65, -0.2333984375])
array('d', [69.5060546875, -0.1400390625, -82.623046875, 0.466796875])
array('d', [69.5060546875, 0.18671875000000002, -81.6427734375, -0.280078125])
array('d', [69.9728515625, -0.2333984375, -82.71640625, -0.2333984375])
array('d', [69.9728515625, -0.2333984375, -82.71640625, -0.2333984375])
array('d', [69.69277343750001, -0.7935546875, -81.2693359375, 0.1400390625])
array('d', [69.22597656250001, -0.2333984375, -82.99648437500001, 0.466796875])
array('d', [69.22597656250001, 0.18671875000000002, -82.623046875, -0.280078125])
array('d', [69.22597656250001, 0.18671875000000002, -82.623046875, -0.280078125])
array('d', [69.179296875, 0.18671875000000002, -82.15625, 0.2333984375])
array('d', [69.5060546875, -0.5134765625000001, -82.15625, 0.2333984375])
array('d', [69.0859375, -0.7001953125, -82.06289062500001, 0.7935546875])
array('d', [69.0859375, -0.7001953125, -82.06289062500001, 0.7935546875])
array('d', [69.0859375, -0.7001953125, -82.06289062500001, 0.7935546875])
array('d', [68.5724609375, 0.7001953125, -81.59609375000001, 0.280078125])
array('d', [69.22597656250001, -0.93359375, -81.7828125, 0.046679687500000004])
array('d', [69.22597656250001, -0.93359375, -83.183203125, 0.046679687500000004])
array('d', [69.22597656250001, -0.93359375, -83.183203125, 0.046679687500000004])
array('d', [69.22597656250001, -0.93359375, -83.183203125, 0.046679687500000004])
array('d', [69.5060546875, 1.30703125, -83.08984375, -0.7935546875])
array('d', [69.5060546875, 1.30703125, -81.9228515625, -0.5134765625000001])
array('d', [69.64609375, -0.8869140625, -81.9228515625, -0.5134765625000001])
array('d', [69.22597656250001, -0.8869140625, -81.12929687500001, -0.93359375])
array('d', [69.22597656250001, 0.42011718750000004, -82.57636718750001, -0.5134765625000001])
array('d', [69.22597656250001, -0.7001953125, -82.57636718750001, -0.5134765625000001])
array('d', [69.64609375, -1.1203125, -81.4560546875, 0.18671875000000002])
array('d', [69.22597656250001, -0.2333984375, -81.0826171875, 0.42011718750000004])
array('d', [69.22597656250001, -0.2333984375, -82.4830078125, 0.18671875000000002])
array('d', [69.179296875, 0.18671875000000002, -82.4830078125, 0.18671875000000002])
array('d', [69.5060546875, 0.18671875000000002, -81.7828125, -0.56015625])
array('d', [69.0859375, -0.2333984375, -81.4560546875, 0.466796875])
array('d', [69.0859375, -0.2333984375, -81.4560546875, 0.6068359375])
array('d', [69.22597656250001, 0.18671875000000002, -81.1759765625, 0.6068359375])
array('d', [69.22597656250001, 0.18671875000000002, -81.1759765625, 0.6068359375])
array('d', [69.22597656250001, 0.18671875000000002, -81.1759765625, 0.6068359375])
array('d', [69.22597656250001, 0.18671875000000002, -81.1759765625, 0.6068359375])
array('d', [69.22597656250001, 0.18671875000000002, -81.1759765625, 0.6068359375])
array('d', [68.89921875, 0.8402343750000001, -81.6427734375, -0.5134765625000001])
array('d', [69.179296875, 1.4470703125000002, -82.15625, 0.18671875000000002])
array('d', [69.22597656250001, 0.18671875000000002, -81.4560546875, -0.09335937500000001])
array('d', [69.22597656250001, 0.18671875000000002, -81.4560546875, -0.09335937500000001])
array('d', [69.5060546875, -0.42011718750000004, -81.36269531250001, 0.7468750000000001])
array('d', [68.8525390625, 0.8402343750000001, -82.249609375, 0.18671875000000002])
array('d', [69.179296875, -0.8402343750000001, -80.89589843750001, 0.42011718750000004])
array('d', [69.179296875, -0.8402343750000001, -80.89589843750001, 0.42011718750000004])
array('d', [69.179296875, -0.8402343750000001, -80.89589843750001, 0.42011718750000004])
array('d', [69.179296875, 0.37343750000000003, -81.502734375, 0.3267578125])
array('d', [69.9728515625, 0.37343750000000003, -81.502734375, 0.3267578125])
array('d', [69.4126953125, 0.0, -81.59609375000001, -0.653515625])
array('d', [69.3193359375, 0.280078125, -81.59609375000001, -0.653515625])
array('d', [69.3193359375, 0.280078125, -81.409375, -0.7001953125])
array('d', [69.179296875, 1.587109375, -81.502734375, -0.2333984375])
array('d', [69.552734375, 0.1400390625, -81.96953125, 0.42011718750000004])
array('d', [69.552734375, -1.2603515625000001, -82.71640625, 1.1669921875])
array('d', [69.5060546875, -1.2603515625000001, -82.71640625, 1.1669921875])
array('d', [69.5060546875, 0.5134765625000001, -81.409375, 0.42011718750000004])
array('d', [68.8525390625, 0.6068359375, -81.7828125, 0.466796875])
array('d', [68.8525390625, -0.653515625, -82.8564453125, 0.42011718750000004])
array('d', [69.3193359375, -0.653515625, -81.689453125, 0.42011718750000004])
array('d', [70.0662109375, -0.1400390625, -81.689453125, 0.42011718750000004])
array('d', [69.7861328125, 0.18671875000000002, -82.0162109375, 0.3267578125])
array('d', [69.5060546875, -0.046679687500000004, -82.623046875, 1.5404296875])
array('d', [69.5060546875, -0.046679687500000004, -82.623046875, 0.93359375])
array('d', [69.22597656250001, 1.1203125, -81.59609375000001, 0.93359375])
array('d', [69.64609375, -0.2333984375, -81.0359375, 0.09335937500000001])
array('d', [69.4126953125, -0.5134765625000001, -83.22988281250001, 0.18671875000000002])
array('d', [69.4126953125, -0.5134765625000001, -82.29628906250001, 0.8869140625])
array('d', [69.4126953125, -0.5134765625000001, -82.29628906250001, 0.8869140625])
array('d', [69.4126953125, -0.5134765625000001, -82.29628906250001, 0.8869140625])
array('d', [69.22597656250001, -0.09335937500000001, -82.80976562500001, 0.37343750000000003])
array('d', [69.0859375, -0.466796875, -82.80976562500001, 0.37343750000000003])
array('d', [69.3193359375, 0.37343750000000003, -81.689453125, -1.0269531250000001])
array('d', [69.45937500000001, 0.046679687500000004, -81.6427734375, -0.2333984375])
array('d', [69.45937500000001, 0.046679687500000004, -81.2693359375, 0.5134765625000001])
array('d', [69.64609375, -0.09335937500000001, -81.2693359375, 0.5134765625000001])
array('d', [68.6658203125, 0.466796875, -80.942578125, -0.42011718750000004])
array('d', [68.6658203125, 0.466796875, -82.29628906250001, -0.5134765625000001])
array('d', [69.1326171875, -0.7935546875, -82.29628906250001, -0.5134765625000001])
array('d', [69.3193359375, 1.1669921875, -81.1759765625, 0.42011718750000004])
array('d', [68.7125, 0.6068359375, -80.89589843750001, 0.42011718750000004])
array('d', [68.7125, 0.6068359375, -82.10957031250001, -0.0])
array('d', [69.0859375, 0.3267578125, -82.10957031250001, -0.0])
array('d', [70.01953125, 0.7468750000000001, -82.249609375, -0.18671875000000002])
array('d', [69.3193359375, -0.2333984375, -80.7091796875, -0.0])
array('d', [69.3193359375, -0.2333984375, -80.7091796875, -0.0])
array('d', [69.22597656250001, 0.6068359375, -82.0162109375, -0.0])
array('d', [69.552734375, -0.3267578125, -81.502734375, -0.42011718750000004])
array('d', [69.552734375, -0.3267578125, -81.502734375, -0.42011718750000004])
array('d', [69.552734375, -0.3267578125, -81.502734375, -0.42011718750000004])
array('d', [69.552734375, -0.3267578125, -81.502734375, -0.42011718750000004])
array('d', [69.7861328125, 0.42011718750000004, -81.2693359375, 0.18671875000000002])
array('d', [69.7861328125, 1.0269531250000001, -81.7828125, -0.6068359375])
array('d', [69.552734375, 1.0269531250000001, -81.7828125, -0.6068359375])
array('d', [69.3193359375, 1.0269531250000001, -81.7828125, -0.6068359375])
array('d', [69.3193359375, -0.7468750000000001, -80.8025390625, -0.0])
array('d', [69.45937500000001, 1.1669921875, -81.1759765625, 0.8402343750000001])
array('d', [69.8794921875, 0.6068359375, -81.7828125, 0.8402343750000001])
array('d', [69.8794921875, 0.6068359375, -81.7828125, 0.8402343750000001])
array('d', [69.69277343750001, -0.18671875000000002, -81.6427734375, -1.0736328125])
array('d', [69.64609375, 0.42011718750000004, -80.5224609375, -0.42011718750000004])
array('d', [69.64609375, 0.42011718750000004, -82.4830078125, 0.18671875000000002])
array('d', [69.64609375, 0.42011718750000004, -82.4830078125, 0.18671875000000002])
array('d', [69.64609375, 0.42011718750000004, -82.4830078125, 0.18671875000000002])
array('d', [69.64609375, 0.42011718750000004, -82.4830078125, 0.18671875000000002])
array('d', [69.22597656250001, -0.3267578125, -81.7828125, -0.653515625])
array('d', [69.69277343750001, 0.653515625, -80.755859375, 0.8869140625])
array('d', [69.0859375, -0.1400390625, -80.89589843750001, 0.466796875])
array('d', [69.0859375, 0.2333984375, -80.755859375, 0.653515625])
array('d', [69.4126953125, 0.2333984375, -80.755859375, 0.653515625])
array('d', [69.8328125, 0.2333984375, -82.06289062500001, 0.466796875])
array('d', [69.3193359375, -0.18671875000000002, -81.0826171875, 0.466796875])
array('d', [69.3193359375, -0.18671875000000002, -80.9892578125, -0.466796875])
array('d', [70.0662109375, 0.2333984375, -80.9892578125, -0.466796875])
array('d', [68.6658203125, -0.18671875000000002, -80.9892578125, -0.466796875])
array('d', [68.6658203125, -0.18671875000000002, -80.9892578125, -0.466796875])
array('d', [68.6658203125, -0.18671875000000002, -80.9892578125, -0.466796875])
array('d', [68.6658203125, 0.2333984375, -80.9892578125, 0.1400390625])
array('d', [69.552734375, 0.2333984375, -80.9892578125, 0.1400390625])
array('d', [69.4126953125, 0.6068359375, -81.409375, -1.400390625])
array('d', [69.4126953125, 0.6068359375, -81.409375, -1.400390625])
array('d', [69.4126953125, 0.6068359375, -81.409375, -1.400390625])
array('d', [69.4126953125, 0.6068359375, -81.409375, -1.400390625])
array('d', [69.0392578125, 0.2333984375, -81.409375, -0.2333984375])
array('d', [69.4126953125, 0.2333984375, -81.12929687500001, 1.0736328125])
array('d', [69.4126953125, 0.2333984375, -80.9892578125, 0.7001953125])
array('d', [69.4126953125, 0.2333984375, -80.9892578125, 0.7001953125])
array('d', [69.179296875, -0.18671875000000002, -80.2423828125, -0.466796875])
array('d', [69.179296875, 0.2333984375, -81.9228515625, 0.37343750000000003])
array('d', [69.179296875, 0.2333984375, -81.9228515625, 0.37343750000000003])
array('d', [68.89921875, 0.2333984375, -81.7361328125, 0.2333984375])
array('d', [69.552734375, 0.2333984375, -81.409375, 0.8869140625])
array('d', [69.552734375, 0.6068359375, -79.7755859375, -0.2333984375])
array('d', [69.179296875, 0.6068359375, -79.7755859375, 0.2333984375])
array('d', [69.0859375, 0.18671875000000002, -81.5494140625, 0.2333984375])
array('d', [68.89921875, 0.6068359375, -81.0359375, -0.046679687500000004])
array('d', [69.69277343750001, -0.1400390625, -80.6158203125, -0.046679687500000004])
array('d', [69.45937500000001, 0.56015625, -80.6158203125, -0.046679687500000004])
array('d', [69.3193359375, 0.1400390625, -81.12929687500001, 0.09335937500000001])
array('d', [69.0859375, -0.1400390625, -80.6158203125, -0.046679687500000004])
array('d', [69.0859375, -0.1400390625, -81.36269531250001, -0.6068359375])
array('d', [68.5724609375, 0.18671875000000002, -81.36269531250001, -0.6068359375])
array('d', [69.0859375, 0.18671875000000002, -81.2693359375, 0.93359375])
array('d', [69.69277343750001, 0.2333984375, -80.8025390625, -1.213671875])
array('d', [68.89921875, 0.56015625, -80.42910156250001, -0.046679687500000004])
array('d', [68.89921875, 0.56015625, -80.42910156250001, -0.046679687500000004])
array('d', [68.89921875, 0.280078125, -80.2423828125, -0.046679687500000004])
array('d', [68.89921875, 0.280078125, -80.6158203125, -1.213671875])
array('d', [68.89921875, 0.1400390625, -80.6158203125, -1.213671875])
array('d', [69.179296875, 0.18671875000000002, -80.2423828125, -1.9138671875000002])
array('d', [69.4126953125, 0.18671875000000002, -80.755859375, -0.2333984375])
array('d', [69.4126953125, 0.18671875000000002, -80.755859375, 0.5134765625000001])
array('d', [69.0859375, 0.2333984375, -80.7091796875, 0.5134765625000001])
array('d', [69.0859375, 0.2333984375, -80.7091796875, 0.5134765625000001])
array('d', [69.179296875, -0.09335937500000001, -81.4560546875, 0.2333984375])
array('d', [68.99257812500001, 0.8869140625, -79.915625, 0.2333984375])
array('d', [68.99257812500001, 0.2333984375, -81.36269531250001, -0.93359375])
array('d', [68.99257812500001, 0.2333984375, -81.36269531250001, -0.93359375])
array('d', [69.69277343750001, 0.1400390625, -81.36269531250001, -0.046679687500000004])
array('d', [69.69277343750001, 0.1400390625, -81.36269531250001, 0.93359375])
array('d', [68.6658203125, -0.046679687500000004, -81.22265625, 0.93359375])
array('d', [68.6658203125, -0.046679687500000004, -81.22265625, 0.93359375])
array('d', [68.6658203125, -0.046679687500000004, -81.22265625, 0.93359375])
array('d', [68.6658203125, -0.046679687500000004, -81.22265625, 0.93359375])
array('d', [69.3193359375, 0.5134765625000001, -81.22265625, -1.0736328125])
array('d', [68.89921875, 0.1400390625, -79.96230468750001, 0.09335937500000001])
array('d', [68.8525390625, -0.18671875000000002, -81.82949218750001, 0.2333984375])
array('d', [68.8525390625, -0.18671875000000002, -81.82949218750001, 0.2333984375])
array('d', [68.8525390625, -0.18671875000000002, -81.82949218750001, 0.2333984375])
array('d', [68.8525390625, -0.18671875000000002, -81.82949218750001, 0.2333984375])
array('d', [69.179296875, -0.1400390625, -81.1759765625, 0.5134765625000001])
array('d', [68.805859375, 1.213671875, -80.755859375, 3.641015625])
array('d', [68.805859375, 1.213671875, -80.755859375, -0.046679687500000004])
array('d', [68.805859375, 1.213671875, -80.755859375, -0.046679687500000004])
array('d', [68.805859375, 1.213671875, -80.755859375, -0.046679687500000004])
array('d', [68.805859375, -0.18671875000000002, -79.96230468750001, 0.2333984375])
array('d', [68.5724609375, -0.09335937500000001, -79.96230468750001, 0.93359375])
array('d', [69.0859375, -0.1400390625, -80.5224609375, 0.93359375])
array('d', [69.366015625, 0.1400390625, -80.5224609375, 0.93359375])
array('d', [68.89921875, -0.1400390625, -80.6158203125, 0.93359375])
array('d', [69.27265625, -0.046679687500000004, -80.2423828125, -1.2603515625000001])
array('d', [69.27265625, -0.466796875, -80.942578125, -0.6068359375])
array('d', [69.27265625, -0.1400390625, -80.755859375, -0.6068359375])
array('d', [69.27265625, -0.1400390625, -80.755859375, -0.6068359375])
array('d', [69.5060546875, -0.1400390625, -80.755859375, 1.3537109375])
array('d', [69.179296875, -0.37343750000000003, -80.66250000000001, 1.3537109375])
array('d', [69.5060546875, 0.42011718750000004, -80.5224609375, 0.9802734375000001])
array('d', [69.5060546875, 0.42011718750000004, -80.5224609375, 0.9802734375000001])
array('d', [68.9458984375, 0.42011718750000004, -81.0826171875, 0.5134765625000001])
array('d', [69.27265625, -0.42011718750000004, -80.382421875, -0.09335937500000001])
array('d', [69.179296875, -0.653515625, -80.47578125, 0.1400390625])
array('d', [68.89921875, -0.2333984375, -80.1490234375, -1.2603515625000001])
array('d', [68.89921875, -0.2333984375, -80.8025390625, -0.93359375])
array('d', [69.366015625, -0.3267578125, -80.8025390625, -0.93359375])
array('d', [69.366015625, -0.3267578125, -80.8025390625, -0.93359375])
array('d', [69.366015625, -0.3267578125, -80.8025390625, -0.93359375])
array('d', [69.366015625, -0.3267578125, -80.382421875, -0.0])
array('d', [69.366015625, -0.8402343750000001, -80.1490234375, -0.0])
array('d', [69.27265625, 0.280078125, -80.1490234375, 0.280078125])
array('d', [68.805859375, 0.0, -80.3357421875, 0.2333984375])
array('d', [69.27265625, 0.7001953125, -80.8025390625, 0.653515625])
array('d', [69.27265625, 0.09335937500000001, -80.7091796875, -0.8402343750000001])
array('d', [69.27265625, 0.18671875000000002, -80.66250000000001, 0.653515625])
array('d', [69.4126953125, 0.0, -80.47578125, -0.5134765625000001])
array('d', [69.4126953125, 0.3267578125, -80.6158203125, 0.56015625])
array('d', [68.805859375, 0.3267578125, -80.6158203125, 0.56015625])
array('d', [68.9458984375, 0.1400390625, -80.6158203125, 0.56015625])
array('d', [69.27265625, -0.280078125, -80.755859375, 0.2333984375])
array('d', [69.27265625, -0.280078125, -81.409375, 0.2333984375])
array('d', [68.99257812500001, 0.280078125, -79.915625, -0.18671875000000002])
array('d', [68.99257812500001, 0.280078125, -79.915625, -0.18671875000000002])
array('d', [69.366015625, 0.046679687500000004, -79.7755859375, 1.0269531250000001])
array('d', [69.366015625, 0.18671875000000002, -80.382421875, 0.653515625])
array('d', [69.366015625, 0.18671875000000002, -80.382421875, -1.2603515625000001])
array('d', [69.366015625, 0.18671875000000002, -80.382421875, -1.2603515625000001])
array('d', [68.805859375, -0.5134765625000001, -80.0556640625, -0.8869140625])
array('d', [68.805859375, -0.5134765625000001, -80.0556640625, -0.5134765625000001])
array('d', [69.366015625, -0.09335937500000001, -80.3357421875, -0.5134765625000001])
array('d', [69.366015625, -0.09335937500000001, -80.3357421875, -0.5134765625000001])
array('d', [69.366015625, -0.09335937500000001, -80.3357421875, -0.5134765625000001])
array('d', [69.0859375, 0.1400390625, -80.3357421875, -0.1400390625])
array('d', [69.366015625, -0.09335937500000001, -80.10234375, -0.1400390625])
array('d', [69.366015625, -0.09335937500000001, -79.822265625, 0.56015625])
array('d', [69.366015625, -0.09335937500000001, -79.822265625, 0.56015625])
array('d', [68.89921875, 0.046679687500000004, -79.96230468750001, -0.5134765625000001])
array('d', [69.0859375, -0.09335937500000001, -80.2890625, 0.9802734375000001])
array('d', [70.15957031250001, 0.56015625, -79.96230468750001, 1.7271484375000001])
array('d', [70.15957031250001, 0.56015625, -79.96230468750001, 1.7271484375000001])
array('d', [70.15957031250001, 0.37343750000000003, -79.8689453125, 0.9802734375000001])
array('d', [68.89921875, 0.37343750000000003, -79.8689453125, -1.2603515625000001])
array('d', [68.9458984375, 0.18671875000000002, -80.0556640625, -1.2603515625000001])
array('d', [68.9458984375, -0.046679687500000004, -80.755859375, -0.1400390625])
array('d', [69.179296875, -0.046679687500000004, -80.10234375, 0.6068359375])
array('d', [69.179296875, -0.046679687500000004, -80.10234375, -0.5134765625000001])
array('d', [69.64609375, 0.1400390625, -79.8689453125, -0.5134765625000001])
array('d', [69.366015625, -0.280078125, -80.47578125, 0.6068359375])
array('d', [69.366015625, -0.5134765625000001, -79.7755859375, -0.8869140625])
array('d', [69.69277343750001, -0.5134765625000001, -79.7755859375, -0.8869140625])
array('d', [68.4791015625, 0.7935546875, -79.635546875, 0.6068359375])
array('d', [69.0859375, 0.0, -79.26210937500001, 0.653515625])
array('d', [69.0859375, 0.466796875, -78.9353515625, 0.7935546875])
array('d', [68.4791015625, 0.280078125, -79.72890625000001, 0.7935546875])
array('d', [68.89921875, -0.046679687500000004, -79.2154296875, 0.93359375])
array('d', [68.9458984375, 0.046679687500000004, -79.448828125, 0.653515625])
array('d', [69.27265625, -0.466796875, -78.9353515625, -0.09335937500000001])
array('d', [69.27265625, 0.280078125, -79.49550781250001, 0.37343750000000003])
array('d', [68.9458984375, -0.046679687500000004, -79.3087890625, -0.09335937500000001])
array('d', [68.9458984375, -0.046679687500000004, -79.3087890625, -0.09335937500000001])
array('d', [68.9458984375, -0.046679687500000004, -79.3087890625, -0.09335937500000001])
array('d', [68.9458984375, -0.046679687500000004, -78.7486328125, -0.09335937500000001])
array('d', [69.179296875, 0.466796875, -78.7486328125, -0.09335937500000001])
array('d', [69.366015625, -0.2333984375, -79.2154296875, 1.0269531250000001])
array('d', [69.366015625, -0.2333984375, -79.2154296875, 1.0269531250000001])
array('d', [69.366015625, -0.2333984375, -79.2154296875, 1.0269531250000001])
array('d', [69.366015625, -0.2333984375, -79.2154296875, 1.0269531250000001])
array('d', [68.7125, -0.653515625, -79.26210937500001, -0.18671875000000002])
array('d', [68.805859375, 0.09335937500000001, -78.4685546875, -1.213671875])
array('d', [68.619140625, 0.0, -79.5421875, 0.046679687500000004])
array('d', [68.619140625, 0.0, -79.5421875, 0.046679687500000004])
array('d', [68.619140625, 0.0, -79.5421875, 0.046679687500000004])
array('d', [69.69277343750001, -0.37343750000000003, -78.4685546875, -0.466796875])
array('d', [68.6658203125, 0.0, -79.075390625, 0.653515625])
array('d', [68.6658203125, 0.0, -79.075390625, -0.6068359375])
array('d', [69.5060546875, 0.046679687500000004, -78.9353515625, -0.6068359375])
array('d', [68.7125, 0.7001953125, -79.5888671875, -0.653515625])
array('d', [68.7125, -0.280078125, -79.16875, -0.8869140625])
array('d', [69.0859375, -0.280078125, -79.16875, -0.8869140625])
array('d', [69.179296875, 0.046679687500000004, -79.5421875, -1.0736328125])
array('d', [69.179296875, 0.42011718750000004, -78.3751953125, -1.1669921875])
array('d', [69.179296875, -0.280078125, -79.16875, -0.18671875000000002])
array('d', [69.179296875, -0.280078125, -79.16875, -0.18671875000000002])
array('d', [69.179296875, -0.280078125, -79.16875, -0.18671875000000002])
array('d', [69.179296875, -0.280078125, -79.16875, -0.18671875000000002])
array('d', [68.89921875, -0.280078125, -79.16875, 0.42011718750000004])
array('d', [68.89921875, -0.280078125, -79.26210937500001, 0.2333984375])
array('d', [69.4126953125, 0.046679687500000004, -79.26210937500001, 0.2333984375])
array('d', [69.4126953125, 0.046679687500000004, -78.9353515625, -0.8869140625])
array('d', [69.179296875, 0.046679687500000004, -77.768359375, -0.0])
array('d', [69.179296875, 0.046679687500000004, -77.768359375, -0.7001953125])
array('d', [69.0859375, -0.3267578125, -78.56191406250001, -0.7001953125])
array('d', [69.0859375, -0.3267578125, -78.56191406250001, -0.7001953125])
array('d', [69.0859375, -0.3267578125, -78.56191406250001, -0.7001953125])
array('d', [68.9458984375, 0.466796875, -80.008984375, -0.8869140625])
array('d', [69.45937500000001, 0.046679687500000004, -79.3087890625, 0.8869140625])
array('d', [69.45937500000001, 0.046679687500000004, -78.98203125, -0.466796875])
array('d', [69.45937500000001, 0.046679687500000004, -78.98203125, -0.466796875])
array('d', [69.45937500000001, 0.046679687500000004, -78.98203125, -0.466796875])
array('d', [69.45937500000001, 0.046679687500000004, -78.98203125, -0.466796875])
array('d', [69.27265625, -0.280078125, -79.49550781250001, 0.2333984375])
array('d', [69.27265625, -0.42011718750000004, -79.1220703125, -0.653515625])
array('d', [69.27265625, -0.42011718750000004, -78.60859375, -0.653515625])
array('d', [69.45937500000001, 0.466796875, -78.60859375, -0.0])
array('d', [69.179296875, 0.466796875, -78.23515625, 0.6068359375])
array('d', [69.179296875, 0.09335937500000001, -79.075390625, -0.2333984375])
array('d', [68.6658203125, 0.09335937500000001, -79.075390625, -0.2333984375])
array('d', [69.27265625, 0.8402343750000001, -77.955078125, 0.466796875])
array('d', [69.27265625, 0.09335937500000001, -78.515234375, -0.046679687500000004])
array('d', [69.179296875, 0.09335937500000001, -78.515234375, -0.046679687500000004])
array('d', [68.9458984375, 0.09335937500000001, -78.79531250000001, 0.42011718750000004])
array('d', [69.0859375, 0.8402343750000001, -79.5888671875, -0.42011718750000004])
array('d', [69.0859375, 0.8402343750000001, -79.5888671875, -0.2333984375])
array('d', [69.0859375, 0.0, -78.515234375, -0.2333984375])
array('d', [69.0859375, 0.0, -78.515234375, -0.2333984375])
array('d', [69.179296875, 0.0, -79.35546875, 0.42011718750000004])
array('d', [68.89921875, 1.30703125, -78.9353515625, -0.2333984375])
array('d', [68.89921875, 1.30703125, -78.515234375, -0.42011718750000004])
array('d', [69.8794921875, 1.30703125, -78.515234375, -0.42011718750000004])
array('d', [69.8794921875, 1.30703125, -78.515234375, -0.42011718750000004])
array('d', [68.9458984375, -0.046679687500000004, -77.8150390625, -0.42011718750000004])
array('d', [68.9458984375, -0.046679687500000004, -77.8150390625, -0.42011718750000004])
array('d', [69.5994140625, -0.7468750000000001, -78.6552734375, 0.466796875])
array('d', [68.8525390625, 0.09335937500000001, -78.6552734375, -0.2333984375])
array('d', [69.45937500000001, -0.280078125, -78.515234375, 0.6068359375])
array('d', [69.45937500000001, -0.280078125, -78.7486328125, 0.1400390625])
array('d', [68.99257812500001, 0.0, -78.7486328125, 0.1400390625])
array('d', [68.9458984375, -0.93359375, -79.16875, 0.466796875])
array('d', [69.0859375, -0.93359375, -79.16875, 0.466796875])
array('d', [69.179296875, 0.2333984375, -78.60859375, -0.0])
array('d', [69.0859375, 0.09335937500000001, -77.48828125, 0.6068359375])
array('d', [69.366015625, 0.466796875, -78.56191406250001, -0.42011718750000004])
array('d', [68.75917968750001, 0.0, -78.141796875, -0.2333984375])
array('d', [68.75917968750001, 0.0, -78.421875, 0.7935546875])
array('d', [69.0859375, -0.653515625, -78.421875, 0.7935546875])
array('d', [69.0859375, -0.280078125, -78.2818359375, 0.37343750000000003])
array('d', [68.3857421875, 0.42011718750000004, -78.421875, -0.37343750000000003])
array('d', [68.3857421875, 0.42011718750000004, -78.421875, -0.2333984375])
array('d', [69.7861328125, 0.280078125, -79.5421875, -0.2333984375])
array('d', [68.8525390625, -0.280078125, -78.98203125, -0.7001953125])
array('d', [69.0859375, -0.7468750000000001, -78.60859375, -0.37343750000000003])
array('d', [69.0859375, -0.7468750000000001, -78.60859375, 0.18671875000000002])
array('d', [69.0859375, 0.7935546875, -78.421875, 0.18671875000000002])
array('d', [69.366015625, 0.42011718750000004, -78.2818359375, 0.046679687500000004])
array('d', [69.0859375, 0.7001953125, -78.7486328125, 0.466796875])
array('d', [69.0859375, 0.7001953125, -77.7216796875, 0.37343750000000003])
array('d', [69.4126953125, 0.0, -77.7216796875, 0.37343750000000003])
array('d', [69.4126953125, -0.56015625, -78.32851562500001, 0.18671875000000002])
array('d', [69.0859375, 0.0, -78.98203125, -0.2333984375])
array('d', [69.0859375, 0.0, -77.62832031250001, 0.6068359375])
array('d', [69.0859375, 0.0, -77.62832031250001, -1.0736328125])
array('d', [69.4126953125, -0.18671875000000002, -79.26210937500001, -1.0736328125])
array('d', [69.179296875, 0.42011718750000004, -78.98203125, -0.93359375])
array('d', [68.8525390625, -0.1400390625, -77.675, -0.2333984375])
array('d', [68.8525390625, -0.1400390625, -77.675, 0.046679687500000004])
array('d', [69.69277343750001, 0.1400390625, -77.3482421875, 0.046679687500000004])
array('d', [68.9458984375, -0.280078125, -78.56191406250001, 0.046679687500000004])
array('d', [68.6658203125, -0.18671875000000002, -78.3751953125, 0.6068359375])
array('d', [68.6658203125, 1.5404296875, -78.79531250000001, 0.3267578125])
array('d', [68.75917968750001, 1.5404296875, -78.79531250000001, 0.046679687500000004])
array('d', [68.75917968750001, 1.5404296875, -78.79531250000001, 0.046679687500000004])
array('d', [68.75917968750001, 1.5404296875, -78.79531250000001, 0.046679687500000004])
array('d', [68.75917968750001, 1.5404296875, -78.79531250000001, 0.046679687500000004])
array('d', [68.8525390625, 0.3267578125, -78.2818359375, 0.046679687500000004])
array('d', [68.9458984375, -0.046679687500000004, -78.1884765625, -0.7935546875])
array('d', [69.45937500000001, 0.8402343750000001, -77.675, -0.37343750000000003])
array('d', [69.45937500000001, 1.1669921875, -78.4685546875, 0.7468750000000001])
array('d', [69.4126953125, 1.1669921875, -78.4685546875, 0.7468750000000001])
array('d', [68.99257812500001, -0.046679687500000004, -78.6552734375, -0.5134765625000001])
array('d', [69.69277343750001, -0.466796875, -79.02871093750001, -0.37343750000000003])
array('d', [69.69277343750001, -0.466796875, -78.0017578125, -0.37343750000000003])
array('d', [68.89921875, -0.280078125, -78.0017578125, -0.37343750000000003])
array('d', [68.99257812500001, 0.466796875, -78.6552734375, 0.7001953125])
array('d', [69.366015625, 0.466796875, -77.8150390625, 0.5134765625000001])
array('d', [69.366015625, 0.466796875, -77.955078125, -0.8869140625])
array('d', [69.4126953125, 0.466796875, -77.955078125, -0.8869140625])
array('d', [68.9458984375, -0.1400390625, -78.8419921875, 0.280078125])
array('d', [69.366015625, -0.9802734375000001, -78.515234375, -0.3267578125])
array('d', [69.366015625, -0.9802734375000001, -78.60859375, 0.18671875000000002])
array('d', [69.27265625, -0.466796875, -78.60859375, 0.18671875000000002])
array('d', [69.5994140625, -0.466796875, -78.60859375, 0.18671875000000002])
array('d', [69.5994140625, -0.466796875, -78.60859375, 0.18671875000000002])
array('d', [69.5994140625, -0.466796875, -78.60859375, 0.18671875000000002])
array('d', [69.5994140625, -0.8869140625, -78.0484375, -2.6607421875000004])
array('d', [69.5994140625, -0.8869140625, -78.0484375, -0.653515625])
array('d', [68.9458984375, -0.1400390625, -79.5421875, 0.046679687500000004])
array('d', [69.179296875, -0.280078125, -79.5421875, 0.046679687500000004])
array('d', [68.8525390625, -0.18671875000000002, -79.075390625, -1.0736328125])
array('d', [69.0859375, 0.1400390625, -77.581640625, -0.3267578125])
array('d', [68.99257812500001, -0.653515625, -78.79531250000001, 0.18671875000000002])
array('d', [68.99257812500001, 0.3267578125, -78.0017578125, -0.2333984375])
array('d', [68.75917968750001, 0.3267578125, -78.0017578125, -0.2333984375])
array('d', [70.112890625, 0.1400390625, -78.23515625, 1.0736328125])
array('d', [70.112890625, 0.1400390625, -78.23515625, 1.0736328125])
array('d', [70.112890625, 0.1400390625, -78.23515625, 1.0736328125])
array('d', [70.112890625, 0.1400390625, -78.23515625, 1.0736328125])
array('d', [69.179296875, -0.280078125, -79.075390625, 0.046679687500000004])
array('d', [69.179296875, -0.280078125, -76.92812500000001, 0.18671875000000002])
array('d', [69.179296875, -0.280078125, -76.92812500000001, -0.42011718750000004])
array('d', [68.8525390625, -0.280078125, -76.92812500000001, -0.42011718750000004])
array('d', [68.8525390625, -0.046679687500000004, -78.60859375, 1.0736328125])
array('d', [69.179296875, 0.7468750000000001, -77.768359375, 1.0736328125])
array('d', [69.179296875, 0.7468750000000001, -77.768359375, 1.0736328125])
array('d', [68.9458984375, -0.280078125, -78.141796875, 0.18671875000000002])
array('d', [68.9458984375, -0.280078125, -78.141796875, -0.3267578125])
array('d', [68.805859375, -1.6337890625, -78.141796875, -0.3267578125])
array('d', [69.5994140625, -0.046679687500000004, -77.3015625, -0.2333984375])
array('d', [69.5994140625, -0.046679687500000004, -78.98203125, 0.5134765625000001])
array('d', [69.8794921875, 0.3267578125, -78.98203125, 0.5134765625000001])
array('d', [69.92617187500001, 0.1400390625, -77.7216796875, -0.2333984375])
array('d', [69.5060546875, -0.653515625, -78.56191406250001, 0.653515625])
array('d', [69.5060546875, -0.18671875000000002, -77.48828125, -0.3267578125])
array('d', [69.0859375, -0.18671875000000002, -77.48828125, -0.3267578125])
array('d', [69.0859375, -0.280078125, -77.0681640625, -0.653515625])
array('d', [68.99257812500001, -0.046679687500000004, -77.9083984375, 0.09335937500000001])
array('d', [68.99257812500001, -0.046679687500000004, -77.0681640625, -0.2333984375])
array('d', [69.4126953125, 0.7468750000000001, -77.0681640625, -0.2333984375])
array('d', [69.7861328125, 0.42011718750000004, -78.3751953125, 0.09335937500000001])
array('d', [69.0859375, -0.280078125, -78.79531250000001, -0.3267578125])
array('d', [69.3193359375, 0.1400390625, -78.56191406250001, -0.3267578125])
array('d', [69.45937500000001, 0.56015625, -77.955078125, -0.2333984375])
array('d', [69.27265625, -0.466796875, -78.141796875, -0.2333984375])
array('d', [69.27265625, 0.1400390625, -78.56191406250001, 1.4937500000000001])
array('d', [69.27265625, 0.1400390625, -78.56191406250001, 1.4937500000000001])
array('d', [69.27265625, 0.1400390625, -78.56191406250001, -0.3267578125])
array('d', [69.27265625, 0.56015625, -79.2154296875, -0.3267578125])
array('d', [68.9458984375, 0.56015625, -78.56191406250001, -0.2333984375])
array('d', [69.366015625, -0.7468750000000001, -79.49550781250001, 0.56015625])
array('d', [69.366015625, 0.56015625, -79.49550781250001, 0.56015625])
array('d', [69.5060546875, -0.653515625, -77.48828125, -0.2333984375])
array('d', [69.5060546875, -0.466796875, -77.7216796875, 0.09335937500000001])
array('d', [68.805859375, 0.56015625, -77.39492187500001, -0.7001953125])
array('d', [68.805859375, 0.9802734375000001, -78.421875, -0.280078125])
array('d', [69.179296875, 0.9802734375000001, -78.421875, -0.280078125])
array('d', [69.179296875, 0.1400390625, -77.581640625, 0.1400390625])
array('d', [68.9458984375, 0.7468750000000001, -78.1884765625, -0.7001953125])
array('d', [68.9458984375, 0.7468750000000001, -78.0484375, 0.1400390625])
array('d', [69.3193359375, 0.1400390625, -78.0484375, 0.1400390625])
array('d', [69.1326171875, 0.56015625, -78.0017578125, -0.280078125])
array('d', [69.1326171875, 0.56015625, -78.0017578125, -0.280078125])
array('d', [68.805859375, -0.1400390625, -77.39492187500001, 0.6068359375])
array('d', [69.0859375, -0.466796875, -77.4416015625, 0.09335937500000001])
array('d', [69.0859375, -0.466796875, -77.4416015625, 0.1400390625])
array('d', [69.0859375, -0.466796875, -77.4416015625, 0.1400390625])
array('d', [69.366015625, -0.280078125, -78.0484375, 0.1400390625])
array('d', [69.1326171875, -0.1400390625, -78.515234375, 0.1400390625])
array('d', [69.179296875, -0.466796875, -78.4685546875, -0.280078125])
array('d', [69.27265625, 0.56015625, -78.515234375, 0.56015625])
array('d', [68.99257812500001, -0.046679687500000004, -77.4416015625, 0.5134765625000001])
array('d', [69.27265625, 0.3267578125, -77.4416015625, -0.2333984375])
array('d', [69.27265625, 0.3267578125, -77.4416015625, -0.2333984375])
array('d', [69.179296875, 0.42011718750000004, -79.2154296875, 0.18671875000000002])
array('d', [68.15234375, 1.1669921875, -78.3751953125, -0.653515625])
array('d', [69.0859375, 0.7468750000000001, -77.2548828125, -0.653515625])
array('d', [68.9458984375, 0.37343750000000003, -78.60859375, 0.5134765625000001])
array('d', [68.9458984375, -0.653515625, -79.02871093750001, 0.09335937500000001])
array('d', [69.27265625, -0.653515625, -79.02871093750001, 0.5134765625000001])
array('d', [69.179296875, 0.1400390625, -77.11484375, 0.5134765625000001])
array('d', [69.1326171875, -0.046679687500000004, -78.3751953125, -0.2333984375])
array('d', [68.619140625, 0.42011718750000004, -77.3015625, -0.2333984375])
array('d', [69.5994140625, -0.7468750000000001, -77.5349609375, -1.0269531250000001])
array('d', [69.5994140625, -0.7468750000000001, -77.5349609375, 0.9802734375000001])
array('d', [69.179296875, 0.7935546875, -77.5349609375, 0.09335937500000001])
array('d', [69.179296875, 0.7935546875, -77.5349609375, 0.09335937500000001])
array('d', [69.64609375, -0.280078125, -78.23515625, -0.653515625])
array('d', [69.69277343750001, -0.466796875, -77.3015625, 0.09335937500000001])
array('d', [68.89921875, 0.37343750000000003, -78.23515625, 0.09335937500000001])
array('d', [68.89921875, 0.37343750000000003, -78.23515625, 0.1400390625])
array('d', [69.366015625, 0.56015625, -78.0484375, 0.1400390625])
array('d', [69.5060546875, -0.280078125, -77.62832031250001, 0.1400390625])
array('d', [69.45937500000001, -0.280078125, -77.4416015625, -0.653515625])
array('d', [69.45937500000001, -0.280078125, -77.675, 0.09335937500000001])
array('d', [69.27265625, -0.466796875, -77.675, 0.09335937500000001])
array('d', [68.99257812500001, 0.42011718750000004, -78.4685546875, 0.18671875000000002])
array('d', [68.99257812500001, 0.42011718750000004, -78.4685546875, 0.18671875000000002])
array('d', [68.99257812500001, 0.8402343750000001, -78.09511718750001, -0.280078125])
array('d', [69.179296875, 0.8402343750000001, -78.09511718750001, -0.280078125])
array('d', [69.27265625, -0.466796875, -77.62832031250001, 0.18671875000000002])
array('d', [69.179296875, -1.7271484375000001, -78.9353515625, 0.18671875000000002])
array('d', [69.179296875, -1.7271484375000001, -78.9353515625, 0.18671875000000002])
array('d', [68.89921875, -0.09335937500000001, -78.3751953125, 0.1400390625])
array('d', [68.89921875, -0.09335937500000001, -77.675, 0.1400390625])
array('d', [69.0859375, -0.09335937500000001, -77.675, 0.1400390625])
array('d', [69.0859375, -0.09335937500000001, -77.675, 0.1400390625])
array('d', [69.179296875, -0.280078125, -79.26210937500001, -0.2333984375])
array('d', [69.0859375, -0.280078125, -79.26210937500001, -0.2333984375])
array('d', [69.0859375, -0.2333984375, -77.2548828125, -0.2333984375])
array('d', [69.5060546875, -0.5134765625000001, -78.888671875, 0.1400390625])
array('d', [69.5060546875, -0.2333984375, -77.48828125, 0.1400390625])
array('d', [69.27265625, -0.2333984375, -77.48828125, 0.1400390625])
array('d', [69.27265625, 0.6068359375, -78.888671875, -1.3537109375])
array('d', [69.27265625, 0.6068359375, -78.888671875, -1.3537109375])
array('d', [69.27265625, 0.6068359375, -78.888671875, -1.3537109375])
array('d', [69.27265625, 0.6068359375, -78.888671875, -1.3537109375])
array('d', [69.8794921875, -0.2333984375, -77.9083984375, 0.1400390625])
array('d', [69.8794921875, 1.0269531250000001, -76.92812500000001, 0.1400390625])
array('d', [69.5994140625, 1.0269531250000001, -76.92812500000001, 0.1400390625])
array('d', [69.5994140625, 1.0269531250000001, -76.92812500000001, 0.1400390625])
array('d', [69.5994140625, 1.0269531250000001, -76.92812500000001, 0.1400390625])
array('d', [69.5994140625, 1.0269531250000001, -76.92812500000001, 0.1400390625])
array('d', [69.179296875, 0.8402343750000001, -78.60859375, -0.2333984375])
array('d', [69.3193359375, -0.93359375, -78.60859375, -0.2333984375])
array('d', [68.6658203125, 0.42011718750000004, -77.3482421875, -0.2333984375])
array('d', [69.27265625, 0.18671875000000002, -77.8150390625, 0.5134765625000001])
array('d', [69.179296875, 0.8402343750000001, -78.1884765625, 0.5134765625000001])
array('d', [69.366015625, -0.09335937500000001, -77.48828125, -0.2333984375])
array('d', [68.805859375, 0.18671875000000002, -77.8150390625, -0.6068359375])
array('d', [68.805859375, 0.18671875000000002, -78.141796875, 0.1400390625])
array('d', [68.7125, 1.4937500000000001, -78.141796875, 0.1400390625])
array('d', [68.9458984375, 0.42011718750000004, -79.3087890625, -0.2333984375])
array('d', [69.366015625, 0.18671875000000002, -77.4416015625, -0.6068359375])
array('d', [68.9458984375, 0.42011718750000004, -77.4416015625, -0.6068359375])
array('d', [68.9458984375, 0.42011718750000004, -77.3015625, -0.2333984375])
array('d', [69.366015625, -0.09335937500000001, -78.701953125, 0.1400390625])
array('d', [69.366015625, 0.8402343750000001, -77.62832031250001, 0.1400390625])
array('d', [69.8794921875, -0.5134765625000001, -79.16875, -0.2333984375])
array('d', [69.8794921875, -0.5134765625000001, -78.4685546875, 0.5134765625000001])
array('d', [68.89921875, -0.93359375, -78.4685546875, 0.5134765625000001])
array('d', [69.27265625, 0.42011718750000004, -77.7216796875, -0.2333984375])
array('d', [69.0859375, 0.6068359375, -78.701953125, 0.1400390625])
array('d', [68.805859375, 0.6068359375, -75.76113281250001, -0.2333984375])
array('d', [68.805859375, -0.09335937500000001, -75.76113281250001, -0.2333984375])
array('d', [68.805859375, 0.1400390625, -77.86171875000001, -0.2333984375])
array('d', [69.3193359375, -0.2333984375, -77.86171875000001, -0.2333984375])
array('d', [69.3193359375, -0.2333984375, -77.86171875000001, 0.5134765625000001])
array('d', [69.0859375, 0.6068359375, -77.021484375, 0.5134765625000001])
array('d', [69.366015625, -0.09335937500000001, -77.581640625, 0.1400390625])
array('d', [69.3193359375, 0.42011718750000004, -77.581640625, 0.1400390625])
array('d', [69.3193359375, 0.42011718750000004, -77.581640625, 1.2603515625000001])
array('d', [69.0859375, 0.42011718750000004, -77.581640625, 1.2603515625000001])
array('d', [69.5060546875, 0.37343750000000003, -77.021484375, -0.6068359375])
array('d', [69.5060546875, 0.37343750000000003, -78.0017578125, 0.1400390625])
array('d', [69.179296875, 0.42011718750000004, -78.0017578125, 0.1400390625])
array('d', [69.179296875, 0.42011718750000004, -78.2818359375, 0.1400390625])
array('d', [68.619140625, -0.5134765625000001, -77.86171875000001, 0.1400390625])
array('d', [69.179296875, -0.280078125, -78.0017578125, -0.280078125])
array('d', [69.179296875, -0.280078125, -78.0017578125, -0.280078125])
array('d', [69.179296875, -0.2333984375, -78.421875, 0.466796875])
array('d', [68.89921875, -0.7468750000000001, -78.0017578125, -0.280078125])
array('d', [68.89921875, -0.5134765625000001, -78.701953125, 0.18671875000000002])
array('d', [69.0859375, -0.5134765625000001, -78.701953125, 0.18671875000000002])
array('d', [68.99257812500001, 1.0736328125, -78.0017578125, 0.1400390625])
array('d', [68.99257812500001, 0.6068359375, -77.021484375, 0.466796875])
array('d', [69.0859375, 0.6068359375, -77.021484375, 0.466796875])
array('d', [69.5060546875, 1.0736328125, -78.8419921875, -0.2333984375])
array('d', [68.89921875, 0.42011718750000004, -78.56191406250001, -0.2333984375])
array('d', [68.89921875, 0.8402343750000001, -78.421875, -0.2333984375])
array('d', [68.89921875, 0.8402343750000001, -78.421875, -0.2333984375])
array('d', [68.89921875, 0.8402343750000001, -78.421875, -0.2333984375])
array('d', [69.179296875, -0.2333984375, -77.16152343750001, 0.18671875000000002])
array('d', [69.366015625, 0.8402343750000001, -77.3015625, 0.1400390625])
array('d', [69.739453125, -0.09335937500000001, -76.8814453125, 0.1400390625])
array('d', [68.805859375, 0.18671875000000002, -77.7216796875, -0.6068359375])
array('d', [68.805859375, 0.18671875000000002, -77.7216796875, -0.6068359375])
array('d', [69.5060546875, -0.93359375, -76.6013671875, -0.9802734375000001])
array('d', [69.5060546875, 0.18671875000000002, -77.86171875000001, 0.8402343750000001])
array('d', [69.3193359375, 0.18671875000000002, -78.8419921875, -0.2333984375])
array('d', [68.89921875, 1.0736328125, -78.8419921875, 0.1400390625])
array('d', [69.27265625, -1.400390625, -78.8419921875, 0.1400390625])
array('d', [69.27265625, -1.400390625, -78.8419921875, 0.1400390625])
array('d', [69.179296875, -0.2333984375, -77.86171875000001, 0.1400390625])
array('d', [69.179296875, 0.18671875000000002, -77.86171875000001, -0.2333984375])
array('d', [69.3193359375, 0.18671875000000002, -77.86171875000001, 0.42011718750000004])
array('d', [69.45937500000001, 0.42011718750000004, -77.768359375, 0.466796875])
array('d', [68.99257812500001, -0.7468750000000001, -77.021484375, 0.466796875])
array('d', [68.432421875, -0.7468750000000001, -77.16152343750001, -0.56015625])
array('d', [68.4791015625, -0.09335937500000001, -77.16152343750001, -0.6068359375])
array('d', [68.4791015625, -0.09335937500000001, -78.4685546875, -0.2333984375])
array('d', [69.179296875, -0.2333984375, -77.021484375, -0.2333984375])
array('d', [69.5060546875, 0.6068359375, -77.48828125, 0.1400390625])
array('d', [69.5060546875, 0.6068359375, -77.48828125, 0.1400390625])
array('d', [69.1326171875, 0.37343750000000003, -78.141796875, 0.1400390625])
array('d', [69.5060546875, -0.9802734375000001, -77.0681640625, 0.1400390625])
array('d', [68.52578125000001, -0.7935546875, -78.9353515625, -0.6068359375])
array('d', [68.52578125000001, -0.7935546875, -78.9353515625, -0.6068359375])
array('d', [69.45937500000001, 0.18671875000000002, -78.60859375, -0.18671875000000002])
array('d', [69.27265625, 0.18671875000000002, -77.9083984375, 0.56015625])
array('d', [69.27265625, 0.0, -77.48828125, 0.1400390625])
array('d', [68.99257812500001, 0.0, -77.62832031250001, 0.1400390625])
array('d', [68.99257812500001, 0.0, -77.62832031250001, 0.1400390625])
array('d', [69.1326171875, -0.2333984375, -77.62832031250001, 0.466796875])
array('d', [69.3193359375, 1.0269531250000001, -79.35546875, -0.6068359375])
array('d', [70.01953125, 0.18671875000000002, -77.768359375, -0.6068359375])
array('d', [70.01953125, 0.18671875000000002, -77.768359375, -0.6068359375])
array('d', [69.3193359375, -0.5134765625000001, -78.421875, 0.1400390625])
array('d', [68.8525390625, -0.2333984375, -77.16152343750001, 0.18671875000000002])
array('d', [68.8525390625, -0.2333984375, -78.1884765625, 2.6140625])
array('d', [69.27265625, -0.09335937500000001, -78.1884765625, 2.6140625])
array('d', [69.45937500000001, 0.18671875000000002, -78.421875, -0.280078125])
array('d', [69.0859375, 0.6068359375, -78.2818359375, 0.1400390625])
array('d', [69.1326171875, 0.18671875000000002, -77.955078125, -0.2333984375])
array('d', [69.1326171875, 0.18671875000000002, -77.955078125, -0.2333984375])
array('d', [69.27265625, -0.2333984375, -77.675, 0.466796875])
array('d', [69.5994140625, 0.37343750000000003, -77.675, 0.1400390625])
array('d', [69.5994140625, 0.37343750000000003, -77.675, 0.1400390625])
array('d', [69.5994140625, 0.37343750000000003, -77.675, 0.1400390625])
array('d', [69.22597656250001, -1.213671875, -78.3751953125, 0.42011718750000004])
array('d', [68.805859375, 0.466796875, -78.3751953125, -0.56015625])
array('d', [69.1326171875, 0.466796875, -78.4685546875, -0.18671875000000002])
array('d', [69.1326171875, 0.466796875, -77.62832031250001, -0.18671875000000002])
array('d', [68.6658203125, -0.2333984375, -77.62832031250001, -0.18671875000000002])
array('d', [68.99257812500001, 0.7001953125, -77.3482421875, 0.1400390625])
array('d', [69.1326171875, 0.7001953125, -77.62832031250001, 0.1400390625])
array('d', [69.1326171875, -0.5134765625000001, -78.0484375, 0.1400390625])
array('d', [68.9458984375, -0.5134765625000001, -78.0484375, 0.1400390625])
array('d', [69.27265625, 0.8869140625, -77.62832031250001, 0.1400390625])
array('d', [69.27265625, 0.8869140625, -77.62832031250001, 0.1400390625])
array('d', [69.27265625, -0.5134765625000001, -79.075390625, -0.5134765625000001])
array('d', [69.8328125, 0.6068359375, -77.62832031250001, -0.1400390625])
array('d', [69.22597656250001, -0.3267578125, -78.4685546875, -0.2333984375])
array('d', [69.22597656250001, -0.3267578125, -78.4685546875, -0.2333984375])
array('d', [69.22597656250001, -0.3267578125, -78.4685546875, -0.2333984375])
array('d', [69.22597656250001, -0.3267578125, -78.4685546875, -0.2333984375])
array('d', [69.22597656250001, 0.18671875000000002, -77.675, 0.5134765625000001])
array('d', [69.22597656250001, 0.18671875000000002, -77.675, 0.5134765625000001])
array('d', [69.1326171875, -0.7001953125, -78.1884765625, 0.466796875])
array('d', [69.1326171875, -0.7001953125, -78.1884765625, 0.466796875])
array('d', [69.552734375, -0.7935546875, -77.768359375, 0.466796875])
array('d', [69.0859375, 0.466796875, -77.86171875000001, 0.1400390625])
array('d', [69.7861328125, -0.09335937500000001, -77.16152343750001, 0.1400390625])
array('d', [69.7861328125, -0.09335937500000001, -77.16152343750001, 0.1400390625])
array('d', [69.7861328125, -0.09335937500000001, -77.16152343750001, 0.1400390625])
array('d', [69.27265625, -0.3267578125, -78.1884765625, 0.1400390625])
array('d', [68.805859375, -0.09335937500000001, -78.23515625, 0.09335937500000001])
array('d', [68.805859375, -0.09335937500000001, -78.4685546875, 0.09335937500000001])
array('d', [69.552734375, -0.09335937500000001, -78.4685546875, 0.09335937500000001])
array('d', [68.8525390625, 0.6068359375, -77.16152343750001, -0.2333984375])
array('d', [68.8525390625, 0.6068359375, -77.16152343750001, 0.2333984375])
array('d', [69.8328125, 0.466796875, -77.16152343750001, 0.2333984375])
array('d', [69.8328125, 0.466796875, -77.16152343750001, 0.2333984375])
array('d', [69.8328125, 0.466796875, -77.16152343750001, 0.2333984375])
array('d', [69.0859375, -1.213671875, -77.2548828125, 0.09335937500000001])
array('d', [69.0859375, -0.2333984375, -77.2548828125, -0.1400390625])
array('d', [68.7125, 0.18671875000000002, -76.5546875, -0.1400390625])
array('d', [68.7125, 0.18671875000000002, -76.5546875, -0.1400390625])
array('d', [69.5060546875, -0.7001953125, -78.56191406250001, -0.1400390625])
array('d', [69.366015625, -0.09335937500000001, -77.86171875000001, -0.18671875000000002])
array('d', [69.27265625, 1.0269531250000001, -78.6552734375, -0.5134765625000001])
array('d', [69.27265625, 1.0269531250000001, -78.6552734375, 0.7468750000000001])
array('d', [68.9458984375, 0.466796875, -78.141796875, 0.7468750000000001])
array('d', [68.3857421875, 1.1203125, -78.56191406250001, 0.466796875])
array('d', [68.3857421875, -1.213671875, -78.23515625, 1.0736328125])
array('d', [69.64609375, -1.213671875, -77.48828125, 0.1400390625])
array('d', [68.9458984375, -0.09335937500000001, -77.48828125, 0.1400390625])
array('d', [68.7125, -0.7935546875, -76.834765625, -0.2333984375])
array('d', [69.64609375, -0.7001953125, -76.92812500000001, -0.2333984375])
array('d', [69.64609375, 1.400390625, -77.208203125, -0.2333984375])
array('d', [68.805859375, 1.400390625, -77.208203125, 0.1400390625])
array('d', [68.805859375, 1.400390625, -77.208203125, 0.1400390625])
array('d', [68.805859375, 1.400390625, -77.208203125, 0.1400390625])
array('d', [68.805859375, 1.400390625, -77.208203125, 0.1400390625])
array('d', [69.22597656250001, -0.7001953125, -77.208203125, 0.5134765625000001])
array('d', [69.0859375, -0.2333984375, -77.4416015625, 0.5134765625000001])
array('d', [68.7125, 0.18671875000000002, -78.79531250000001, -0.5134765625000001])
array('d', [68.7125, 0.18671875000000002, -78.79531250000001, -0.5134765625000001])
array('d', [68.7125, 0.18671875000000002, -78.79531250000001, -0.5134765625000001])
array('d', [69.1326171875, -0.5134765625000001, -77.955078125, 0.466796875])
array('d', [69.0859375, 0.37343750000000003, -77.955078125, 0.09335937500000001])
array('d', [68.6658203125, -0.37343750000000003, -78.98203125, 0.2333984375])
array('d', [68.6658203125, -0.37343750000000003, -78.98203125, 0.466796875])
array('d', [69.0859375, -0.93359375, -77.581640625, 0.466796875])
array('d', [69.0859375, -0.2333984375, -76.74140625, 0.466796875])
array('d', [69.5060546875, 0.466796875, -78.141796875, -0.2333984375])
array('d', [69.5060546875, 0.466796875, -78.141796875, -0.6068359375])
array('d', [69.0859375, 0.0, -78.515234375, -0.6068359375])
array('d', [69.22597656250001, 0.046679687500000004, -76.834765625, -0.2333984375])
array('d', [69.22597656250001, 0.046679687500000004, -76.834765625, -0.2333984375])
array('d', [69.22597656250001, 0.046679687500000004, -76.834765625, -0.2333984375])
array('d', [69.22597656250001, 0.046679687500000004, -76.834765625, -0.2333984375])
array('d', [69.22597656250001, 0.046679687500000004, -76.834765625, -0.2333984375])
array('d', [69.22597656250001, 0.046679687500000004, -76.834765625, -0.2333984375])
array('d', [68.8525390625, 0.6068359375, -78.515234375, 0.09335937500000001])
array('d', [68.8525390625, 0.466796875, -76.9748046875, 0.7935546875])
array('d', [68.8525390625, -0.2333984375, -76.648046875, 0.42011718750000004])
array('d', [68.7125, -0.2333984375, -78.60859375, -0.280078125])
array('d', [69.0859375, 0.18671875000000002, -78.60859375, -0.280078125])
array('d', [68.99257812500001, -0.5134765625000001, -78.515234375, 0.466796875])
array('d', [69.22597656250001, -0.5134765625000001, -76.9748046875, 0.1400390625])
array('d', [69.22597656250001, -0.8402343750000001, -78.7486328125, -0.7935546875])
array('d', [69.0859375, 0.466796875, -78.7486328125, -0.7935546875])
array('d', [68.15234375, -0.93359375, -77.7216796875, 0.2333984375])
array('d', [68.15234375, -0.93359375, -77.7216796875, 0.2333984375])
array('d', [68.15234375, -0.93359375, -77.7216796875, 0.2333984375])
array('d', [69.0859375, 0.18671875000000002, -76.5546875, -0.280078125])
array('d', [68.6658203125, -0.09335937500000001, -78.421875, -0.1400390625])
array('d', [68.6658203125, -0.93359375, -77.955078125, 0.466796875])
array('d', [68.99257812500001, -0.93359375, -77.955078125, 0.466796875])
array('d', [69.0859375, 0.046679687500000004, -77.7216796875, 0.7935546875])
array('d', [69.366015625, -1.3537109375, -78.141796875, -0.1400390625])
array('d', [69.366015625, -1.3537109375, -76.9748046875, -0.1400390625])
array('d', [68.99257812500001, 0.6068359375, -78.1884765625, -0.2333984375])
array('d', [68.99257812500001, 0.3267578125, -78.1884765625, -0.37343750000000003])
array('d', [69.22597656250001, 0.18671875000000002, -77.208203125, -0.37343750000000003])
array('d', [69.4126953125, 0.5134765625000001, -77.39492187500001, 0.09335937500000001])
array('d', [69.4126953125, 0.5134765625000001, -77.39492187500001, 0.09335937500000001])
array('d', [69.4126953125, 0.5134765625000001, -77.39492187500001, 0.09335937500000001])
array('d', [69.4126953125, 0.5134765625000001, -77.39492187500001, 0.09335937500000001])
array('d', [69.4126953125, 0.5134765625000001, -77.39492187500001, 0.09335937500000001])
array('d', [69.22597656250001, 0.18671875000000002, -77.7216796875, 0.09335937500000001])
array('d', [69.1326171875, -0.5134765625000001, -77.3015625, 0.09335937500000001])
array('d', [69.1326171875, -0.5134765625000001, -78.09511718750001, -0.8869140625])
array('d', [69.0859375, 0.18671875000000002, -78.09511718750001, -0.8869140625])
array('d', [69.0859375, 0.18671875000000002, -78.09511718750001, -0.8869140625])
array('d', [69.0859375, 0.18671875000000002, -78.09511718750001, -0.8869140625])
array('d', [69.22597656250001, 0.6068359375, -77.3015625, 0.8402343750000001])
array('d', [68.7125, 0.7468750000000001, -78.0017578125, -0.42011718750000004])
array('d', [68.99257812500001, -1.1203125, -77.581640625, -0.3267578125])
array('d', [68.99257812500001, -1.1203125, -77.581640625, -0.3267578125])
array('d', [68.99257812500001, -1.1203125, -78.6552734375, -0.1400390625])
array('d', [69.64609375, -0.5134765625000001, -78.6552734375, -0.1400390625])
array('d', [68.99257812500001, -0.5134765625000001, -77.581640625, -0.466796875])
array('d', [69.27265625, -0.5134765625000001, -77.581640625, -0.466796875])
array('d', [69.27265625, -0.5134765625000001, -77.581640625, -0.466796875])
array('d', [69.27265625, -0.5134765625000001, -77.581640625, -0.466796875])
array('d', [69.27265625, 0.18671875000000002, -77.8150390625, 0.5134765625000001])
array('d', [68.99257812500001, 0.18671875000000002, -78.23515625, 0.18671875000000002])
array('d', [68.29238281250001, -0.2333984375, -78.23515625, 0.42011718750000004])
array('d', [68.29238281250001, -0.2333984375, -78.23515625, 0.42011718750000004])
array('d', [68.29238281250001, -0.2333984375, -78.23515625, 0.42011718750000004])
array('d', [68.99257812500001, -0.93359375, -76.46132812500001, 0.37343750000000003])
array('d', [68.99257812500001, -0.93359375, -78.701953125, -0.2333984375])
array('d', [68.75917968750001, -0.5134765625000001, -78.701953125, -0.2333984375])
array('d', [68.75917968750001, -0.5134765625000001, -78.701953125, -0.2333984375])
array('d', [68.75917968750001, -0.5134765625000001, -78.701953125, -0.2333984375])
array('d', [68.8525390625, 0.6068359375, -77.7216796875, -0.2333984375])
array('d', [69.45937500000001, 0.93359375, -77.7216796875, -0.2333984375])
array('d', [69.5060546875, -0.93359375, -77.4416015625, 0.37343750000000003])
array('d', [69.5060546875, -0.93359375, -77.4416015625, 0.37343750000000003])
array('d', [69.5060546875, -0.93359375, -77.4416015625, 0.37343750000000003])
array('d', [69.5060546875, -0.93359375, -77.4416015625, 0.37343750000000003])
array('d', [69.5060546875, -0.93359375, -77.4416015625, 0.37343750000000003])
array('d', [69.5060546875, -0.93359375, -77.4416015625, 0.37343750000000003])
array('d', [68.89921875, -0.2333984375, -75.434375, -0.653515625])
array('d', [69.1326171875, 0.93359375, -76.9748046875, -2.707421875])
array('d', [69.1326171875, 0.3267578125, -78.98203125, 0.09335937500000001])
array('d', [69.1326171875, 0.3267578125, -78.98203125, 0.5134765625000001])
array('d', [69.27265625, -0.5134765625000001, -77.62832031250001, 0.5134765625000001])
array('d', [68.8525390625, 0.046679687500000004, -78.0017578125, 0.046679687500000004])
array('d', [68.8525390625, 0.046679687500000004, -78.0017578125, 0.046679687500000004])
array('d', [68.8525390625, 0.046679687500000004, -78.0017578125, 0.046679687500000004])
array('d', [68.4791015625, -1.9605468750000001, -77.62832031250001, -0.1400390625])
array('d', [69.1326171875, 0.5134765625000001, -77.62832031250001, -0.1400390625])
array('d', [69.1326171875, 0.5134765625000001, -77.62832031250001, 0.42011718750000004])
array('d', [69.1326171875, -0.1400390625, -77.62832031250001, 0.42011718750000004])
array('d', [69.1326171875, 0.93359375, -78.60859375, -0.2333984375])
array('d', [69.1326171875, 0.93359375, -77.62832031250001, -0.09335937500000001])
array('d', [68.8525390625, -0.37343750000000003, -77.62832031250001, -0.09335937500000001])
array('d', [69.1326171875, -0.93359375, -77.62832031250001, -0.09335937500000001])
array('d', [69.1326171875, -0.93359375, -78.60859375, 0.37343750000000003])
array('d', [69.27265625, 0.93359375, -78.60859375, 0.37343750000000003])
array('d', [68.4791015625, 0.3267578125, -77.5349609375, 0.42011718750000004])
array('d', [69.0859375, 0.3267578125, -77.86171875000001, 0.3267578125])
array('d', [69.0859375, 0.3267578125, -77.86171875000001, -0.046679687500000004])
array('d', [69.27265625, -0.5134765625000001, -77.0681640625, -0.046679687500000004])
array('d', [69.22597656250001, -0.1400390625, -77.86171875000001, 0.046679687500000004])
array('d', [69.22597656250001, -0.1400390625, -77.86171875000001, 0.046679687500000004])
array('d', [69.22597656250001, -0.1400390625, -77.86171875000001, 0.046679687500000004])
array('d', [69.22597656250001, -0.1400390625, -77.86171875000001, 0.046679687500000004])
array('d', [68.6658203125, -0.5134765625000001, -77.86171875000001, -0.7001953125])
array('d', [68.6658203125, -0.2333984375, -76.7880859375, 0.18671875000000002])
array('d', [68.9458984375, -0.2333984375, -76.7880859375, 0.18671875000000002])
array('d', [68.99257812500001, -0.2333984375, -76.7880859375, 0.18671875000000002])
array('d', [68.99257812500001, -0.2333984375, -76.7880859375, 0.18671875000000002])
array('d', [68.99257812500001, -0.2333984375, -76.7880859375, 0.18671875000000002])
array('d', [68.99257812500001, -0.1400390625, -78.6552734375, -0.1400390625])
array('d', [68.89921875, -0.5134765625000001, -78.6552734375, -0.1400390625])
array('d', [68.619140625, 0.6068359375, -77.5349609375, -0.1400390625])
array('d', [68.619140625, 0.6068359375, -77.5349609375, -0.1400390625])
array('d', [68.619140625, 0.6068359375, -77.5349609375, -0.1400390625])
array('d', [68.619140625, 0.6068359375, -77.5349609375, -0.1400390625])
array('d', [69.27265625, 0.046679687500000004, -77.9083984375, 0.5134765625000001])
array('d', [68.99257812500001, 0.5134765625000001, -79.26210937500001, 0.046679687500000004])
array('d', [68.99257812500001, 0.5134765625000001, -79.26210937500001, 0.280078125])
array('d', [68.8525390625, 0.3267578125, -78.1884765625, 0.280078125])
array('d', [68.89921875, 0.6068359375, -78.1884765625, -0.466796875])
array('d', [68.89921875, 0.6068359375, -78.1884765625, 0.42011718750000004])
array('d', [68.89921875, 0.6068359375, -78.1884765625, -0.046679687500000004])
array('d', [68.3857421875, -0.2333984375, -77.4416015625, -0.046679687500000004])
array('d', [69.3193359375, 0.046679687500000004, -77.768359375, -0.0])
array('d', [69.3193359375, -1.1203125, -78.9353515625, -0.2333984375])
array('d', [69.3193359375, 1.30703125, -77.4416015625, -0.3267578125])
array('d', [68.619140625, 1.30703125, -77.4416015625, -0.3267578125])
array('d', [68.89921875, -0.93359375, -78.56191406250001, 0.1400390625])
array('d', [69.45937500000001, 0.3267578125, -77.021484375, -0.1400390625])
array('d', [69.45937500000001, 0.3267578125, -77.021484375, -0.1400390625])
array('d', [69.45937500000001, 0.3267578125, -77.021484375, -0.1400390625])
array('d', [69.45937500000001, 0.3267578125, -77.021484375, -0.1400390625])
array('d', [69.45937500000001, 0.3267578125, -77.021484375, 0.42011718750000004])
array('d', [69.22597656250001, 0.6068359375, -77.4416015625, 0.42011718750000004])
array('d', [68.805859375, -0.2333984375, -77.3015625, -0.1400390625])
array('d', [69.22597656250001, -0.3267578125, -77.3015625, -0.1400390625])
array('d', [69.22597656250001, -0.3267578125, -78.09511718750001, -0.0])
array('d', [69.0859375, -0.1400390625, -77.3015625, -0.42011718750000004])
array('d', [69.366015625, 0.18671875000000002, -77.3015625, -0.3267578125])
array('d', [69.366015625, 0.18671875000000002, -77.3015625, -0.3267578125])
array('d', [69.366015625, 0.18671875000000002, -77.3015625, -0.3267578125])
array('d', [69.366015625, 0.18671875000000002, -77.3015625, -0.3267578125])
array('d', [69.366015625, 0.18671875000000002, -77.3015625, -0.3267578125])
array('d', [69.3193359375, -0.1400390625, -77.3015625, -0.2333984375])
array('d', [68.619140625, 0.93359375, -78.0484375, -0.3267578125])
array('d', [68.619140625, 0.93359375, -76.5546875, 0.280078125])
array('d', [68.619140625, 0.93359375, -76.5546875, 0.280078125])
array('d', [68.619140625, 0.93359375, -76.5546875, 0.280078125])
array('d', [68.619140625, 0.93359375, -76.5546875, 0.280078125])
array('d', [68.619140625, 0.93359375, -76.5546875, 0.280078125])
array('d', [68.6658203125, -0.2333984375, -76.5546875, 0.280078125])
array('d', [69.3193359375, 0.18671875000000002, -78.4685546875, -0.1400390625])
array('d', [68.29238281250001, 0.5134765625000001, -77.675, 0.56015625])
array('d', [68.29238281250001, 0.5134765625000001, -77.675, 0.56015625])
array('d', [69.22597656250001, -1.6804687500000002, -78.09511718750001, 0.7001953125])
array('d', [68.805859375, -0.1400390625, -76.5546875, -0.0])
array('d', [68.805859375, -0.93359375, -78.421875, -0.3267578125])
array('d', [69.3193359375, -0.93359375, -78.421875, -0.3267578125])
array('d', [68.89921875, 0.93359375, -77.675, -0.2333984375])
array('d', [69.0859375, -0.5134765625000001, -78.4685546875, -0.3267578125])
array('d', [69.0859375, -0.5134765625000001, -77.675, 0.09335937500000001])
array('d', [68.6658203125, 0.93359375, -77.675, 0.09335937500000001])
array('d', [68.619140625, 1.30703125, -77.675, 0.8402343750000001])
array('d', [68.8525390625, -0.3267578125, -78.32851562500001, 0.09335937500000001])
array('d', [68.8525390625, -0.3267578125, -78.32851562500001, 0.6068359375])
array('d', [68.6658203125, -0.5134765625000001, -76.8814453125, 0.6068359375])
array('d', [68.6658203125, 0.93359375, -77.208203125, -0.1400390625])
array('d', [69.1326171875, 0.18671875000000002, -78.0017578125, -0.2333984375])
array('d', [69.1326171875, 0.18671875000000002, -78.0017578125, -0.42011718750000004])
array('d', [68.9458984375, 0.7935546875, -78.0017578125, -0.42011718750000004])
array('d', [68.75917968750001, 1.0269531250000001, -77.2548828125, 0.09335937500000001])
array('d', [68.9458984375, -0.7001953125, -78.32851562500001, 0.09335937500000001])
array('d', [68.9458984375, -0.7001953125, -78.32851562500001, 0.09335937500000001])
array('d', [68.9458984375, -0.7001953125, -78.32851562500001, 0.09335937500000001])
array('d', [68.9458984375, -0.7001953125, -78.32851562500001, 0.09335937500000001])
array('d', [68.9458984375, -0.7001953125, -78.32851562500001, -0.42011718750000004])
array('d', [68.8525390625, 0.18671875000000002, -78.32851562500001, -0.42011718750000004])
array('d', [68.8525390625, -0.8402343750000001, -78.32851562500001, -0.2333984375])
array('d', [68.8525390625, -0.8402343750000001, -75.714453125, 0.42011718750000004])
array('d', [68.6658203125, 0.7468750000000001, -75.714453125, 0.42011718750000004])
array('d', [68.9458984375, -0.5134765625000001, -77.208203125, 0.18671875000000002])
array('d', [69.3193359375, -0.1400390625, -78.32851562500001, -0.1400390625])
array('d', [69.3193359375, -0.1400390625, -78.32851562500001, -0.1400390625])
array('d', [69.3193359375, -0.1400390625, -78.32851562500001, -0.1400390625])
array('d', [69.3193359375, -1.3537109375, -77.208203125, -0.2333984375])
array('d', [68.29238281250001, -1.3537109375, -77.208203125, -0.2333984375])
array('d', [68.619140625, -0.93359375, -77.208203125, -0.1400390625])
array('d', [68.9458984375, -0.93359375, -77.208203125, -0.1400390625])
array('d', [68.9458984375, -0.93359375, -77.208203125, -0.1400390625])
array('d', [68.9458984375, -0.1400390625, -77.11484375, -0.046679687500000004])
array('d', [69.0392578125, -0.653515625, -76.7880859375, 0.09335937500000001])
array('d', [69.3193359375, -2.0539062500000003, -77.11484375, 0.5134765625000001])
array('d', [68.7125, -0.2333984375, -78.6552734375, -0.42011718750000004])
array('d', [69.0392578125, 0.6068359375, -77.11484375, -0.09335937500000001])
array('d', [69.0392578125, 0.6068359375, -77.11484375, -0.18671875000000002])
array('d', [68.9458984375, -0.5134765625000001, -77.11484375, -0.18671875000000002])
array('d', [68.9458984375, -0.5134765625000001, -77.11484375, -0.18671875000000002])
array('d', [69.366015625, 0.6068359375, -76.7880859375, 0.18671875000000002])
array('d', [69.366015625, 0.6068359375, -76.7880859375, -0.09335937500000001])
array('d', [69.27265625, -0.5134765625000001, -76.3212890625, -0.09335937500000001])
array('d', [69.1326171875, 0.046679687500000004, -78.1884765625, -0.42011718750000004])
array('d', [68.75917968750001, -0.93359375, -76.36796875, -0.18671875000000002])
array('d', [68.75917968750001, -0.93359375, -76.36796875, -0.18671875000000002])
array('d', [69.0392578125, 0.18671875000000002, -77.8150390625, -0.18671875000000002])
array('d', [69.1326171875, 0.3267578125, -76.7880859375, -0.42011718750000004])
array('d', [69.1326171875, 0.18671875000000002, -78.23515625, -0.18671875000000002])
array('d', [69.22597656250001, 0.18671875000000002, -78.23515625, -0.18671875000000002])
array('d', [69.1326171875, -0.2333984375, -76.648046875, -0.18671875000000002])
array('d', [68.5724609375, -1.1203125, -77.39492187500001, -0.5134765625000001])
array('d', [68.5724609375, -1.1203125, -77.39492187500001, -0.5134765625000001])
array('d', [68.89921875, -0.2333984375, -77.4416015625, -0.0])
array('d', [69.22597656250001, 0.18671875000000002, -77.4416015625, -0.0])
array('d', [69.22597656250001, 0.18671875000000002, -77.39492187500001, -0.09335937500000001])
array('d', [69.64609375, 0.18671875000000002, -76.648046875, 0.09335937500000001])
array('d', [69.179296875, -0.93359375, -77.7216796875, -0.18671875000000002])
array('d', [69.45937500000001, -0.93359375, -77.675, -0.280078125])
array('d', [69.45937500000001, 0.6068359375, -77.675, -0.280078125])
array('d', [69.22597656250001, 0.5134765625000001, -76.274609375, 0.18671875000000002])
array('d', [68.432421875, 0.18671875000000002, -76.648046875, 0.09335937500000001])
array('d', [68.432421875, -0.2333984375, -76.5546875, 0.09335937500000001])
array('d', [68.9458984375, -0.2333984375, -76.5546875, -0.7935546875])
array('d', [69.366015625, 0.18671875000000002, -77.675, -0.7935546875])
array('d', [68.9458984375, -1.1669921875, -77.675, -0.18671875000000002])
array('d', [69.22597656250001, -0.5134765625000001, -77.675, -0.09335937500000001])
array('d', [69.22597656250001, -0.5134765625000001, -77.675, -0.0])
array('d', [68.89921875, 0.93359375, -78.79531250000001, -0.0])
array('d', [68.805859375, 0.18671875000000002, -78.421875, -0.09335937500000001])
array('d', [68.4791015625, 0.3267578125, -77.3015625, -0.09335937500000001])
array('d', [68.4791015625, 0.3267578125, -77.3015625, -0.09335937500000001])
array('d', [68.619140625, 0.18671875000000002, -77.3015625, -0.09335937500000001])
array('d', [68.89921875, -0.93359375, -76.92812500000001, 0.5134765625000001])
array('d', [68.89921875, -0.93359375, -76.92812500000001, -0.37343750000000003])
array('d', [68.89921875, -0.93359375, -76.92812500000001, -0.37343750000000003])
array('d', [68.89921875, -0.93359375, -76.92812500000001, -0.37343750000000003])
array('d', [68.89921875, -0.93359375, -76.92812500000001, -0.37343750000000003])
array('d', [69.0392578125, 0.18671875000000002, -76.92812500000001, -0.37343750000000003])
array('d', [68.619140625, -0.046679687500000004, -76.92812500000001, -0.37343750000000003])
array('d', [69.1326171875, 0.18671875000000002, -77.675, 0.046679687500000004])
array('d', [69.1326171875, 0.18671875000000002, -77.675, 0.046679687500000004])
array('d', [69.1326171875, 0.18671875000000002, -77.675, 0.046679687500000004])
array('d', [69.1326171875, 0.18671875000000002, -77.675, 0.046679687500000004])
array('d', [69.1326171875, 0.18671875000000002, -77.675, 0.046679687500000004])
array('d', [69.22597656250001, -0.1400390625, -77.3015625, -0.09335937500000001])
array('d', [69.22597656250001, 0.5134765625000001, -76.92812500000001, 0.6068359375])
array('d', [69.22597656250001, 0.5134765625000001, -77.675, -0.2333984375])
array('d', [68.805859375, -0.1400390625, -77.675, -0.2333984375])
array('d', [69.3193359375, 0.6068359375, -76.92812500000001, 0.37343750000000003])
array('d', [68.89921875, -0.93359375, -77.3015625, 0.466796875])
array('d', [68.89921875, -0.93359375, -77.3015625, -0.046679687500000004])
array('d', [68.75917968750001, 1.6804687500000002, -78.79531250000001, -0.046679687500000004])
array('d', [69.22597656250001, -0.8869140625, -77.675, 0.09335937500000001])
array('d', [69.22597656250001, -0.18671875000000002, -76.9748046875, -0.046679687500000004])
array('d', [69.22597656250001, -0.18671875000000002, -76.9748046875, -0.046679687500000004])
array('d', [69.22597656250001, 0.6068359375, -78.4685546875, 0.09335937500000001])
array('d', [68.619140625, -0.1400390625, -76.9748046875, 0.3267578125])
array('d', [68.619140625, -0.1400390625, -77.768359375, -0.2333984375])
array('d', [68.619140625, -0.1400390625, -77.768359375, -0.2333984375])
array('d', [68.619140625, -0.1400390625, -77.768359375, -0.2333984375])
array('d', [68.619140625, -0.1400390625, -77.768359375, -0.2333984375])
array('d', [68.619140625, -0.1400390625, -77.768359375, -0.2333984375])
array('d', [68.805859375, 0.5134765625000001, -76.274609375, 0.046679687500000004])
array('d', [68.6658203125, 0.5134765625000001, -76.274609375, 0.046679687500000004])
array('d', [68.99257812500001, -0.18671875000000002, -77.0681640625, -0.09335937500000001])
array('d', [68.99257812500001, -0.18671875000000002, -77.0681640625, -0.09335937500000001])
array('d', [68.99257812500001, -0.18671875000000002, -77.0681640625, -0.09335937500000001])
array('d', [68.619140625, 1.0736328125, -77.0681640625, -0.0])
array('d', [68.9458984375, -0.56015625, -78.515234375, -0.466796875])
array('d', [68.432421875, -0.18671875000000002, -77.0681640625, -0.046679687500000004])
array('d', [68.432421875, -0.18671875000000002, -77.0681640625, -0.046679687500000004])
array('d', [68.89921875, -0.466796875, -77.0681640625, 0.2333984375])
array('d', [69.5060546875, 0.18671875000000002, -77.0681640625, -0.37343750000000003])
array('d', [69.5060546875, 0.93359375, -79.35546875, 0.046679687500000004])
array('d', [69.5060546875, 0.93359375, -79.35546875, 0.046679687500000004])
array('d', [69.5060546875, 0.93359375, -79.35546875, 0.046679687500000004])
array('d', [69.5060546875, 0.93359375, -79.35546875, 0.046679687500000004])
array('d', [69.5060546875, 0.93359375, -79.35546875, 0.046679687500000004])
array('d', [68.3857421875, 0.93359375, -79.35546875, 0.046679687500000004])
array('d', [68.432421875, -1.2603515625000001, -76.46132812500001, -0.18671875000000002])
array('d', [68.619140625, 0.6068359375, -76.69472656250001, 0.37343750000000003])
array('d', [68.619140625, 0.6068359375, -76.69472656250001, 0.37343750000000003])
array('d', [68.619140625, 0.6068359375, -76.69472656250001, 0.37343750000000003])
array('d', [68.619140625, 0.6068359375, -76.69472656250001, 0.37343750000000003])
array('d', [68.805859375, -2.0539062500000003, -77.5349609375, -0.18671875000000002])
array('d', [68.99257812500001, 0.6068359375, -76.46132812500001, -0.1400390625])
array('d', [68.99257812500001, -0.653515625, -77.16152343750001, 0.7468750000000001])
array('d', [68.805859375, -0.653515625, -76.7880859375, 0.046679687500000004])
array('d', [69.179296875, 0.18671875000000002, -76.7880859375, 0.046679687500000004])
array('d', [68.29238281250001, 0.9802734375000001, -77.955078125, 0.466796875])
array('d', [69.179296875, -0.56015625, -76.7880859375, 0.3267578125])
array('d', [69.179296875, -0.56015625, -76.8814453125, 0.09335937500000001])
array('d', [69.3193359375, -1.30703125, -76.8814453125, 0.09335937500000001])
array('d', [69.0392578125, -0.18671875000000002, -78.4685546875, 0.466796875])
array('d', [69.1326171875, -0.56015625, -77.2548828125, 0.3267578125])
array('d', [69.1326171875, -0.56015625, -75.434375, -0.0])
array('d', [68.89921875, 1.3537109375, -75.434375, -0.0])
array('d', [68.432421875, -0.6068359375, -77.39492187500001, -0.09335937500000001])
array('d', [68.432421875, -0.6068359375, -77.7216796875, 0.18671875000000002])
array('d', [68.89921875, -0.1400390625, -76.74140625, 0.2333984375])
array('d', [68.15234375, -0.1400390625, -76.74140625, 0.2333984375])
array('d', [68.619140625, 0.6068359375, -77.86171875000001, 0.2333984375])
array('d', [69.22597656250001, 0.93359375, -76.46132812500001, 0.8869140625])
array('d', [68.89921875, -0.56015625, -76.834765625, 0.046679687500000004])
array('d', [68.89921875, -0.56015625, -76.834765625, 0.046679687500000004])
array('d', [69.22597656250001, 0.18671875000000002, -76.9748046875, -0.18671875000000002])
array('d', [68.619140625, 0.18671875000000002, -76.5546875, -0.18671875000000002])
array('d', [69.3193359375, -0.93359375, -77.208203125, 0.046679687500000004])
array('d', [69.3193359375, 0.18671875000000002, -77.208203125, 0.466796875])
array('d', [69.3193359375, 0.18671875000000002, -77.208203125, -0.1400390625])
array('d', [68.9458984375, 0.5134765625000001, -76.9748046875, -0.1400390625])
array('d', [68.6658203125, 0.56015625, -76.7880859375, 0.2333984375])
array('d', [69.0392578125, -1.30703125, -77.4416015625, 0.3267578125])
array('d', [69.0392578125, -0.93359375, -77.2548828125, 0.1400390625])
array('d', [69.0392578125, -0.93359375, -77.2548828125, 0.1400390625])
array('d', [68.89921875, -1.30703125, -76.3212890625, 0.42011718750000004])
array('d', [69.22597656250001, -0.18671875000000002, -76.834765625, -0.1400390625])
array('d', [69.22597656250001, -0.18671875000000002, -77.3482421875, 0.653515625])
array('d', [68.9458984375, -0.93359375, -77.3482421875, 0.653515625])
array('d', [69.0392578125, -0.18671875000000002, -76.36796875, -0.0])
array('d', [69.0392578125, -0.18671875000000002, -78.23515625, -0.0])
array('d', [69.179296875, -0.18671875000000002, -78.23515625, -0.0])
array('d', [69.1326171875, -0.18671875000000002, -78.23515625, -0.0])
array('d', [69.1326171875, -0.18671875000000002, -78.23515625, -0.0])
array('d', [69.1326171875, -0.18671875000000002, -77.0681640625, 1.0269531250000001])
array('d', [69.0392578125, -0.93359375, -77.0681640625, 1.0269531250000001])
array('d', [68.89921875, 0.93359375, -76.22792968750001, 0.7001953125])
array('d', [68.8525390625, -0.1400390625, -76.8814453125, 0.3267578125])
array('d', [68.8525390625, 0.6068359375, -77.11484375, 0.653515625])
array('d', [69.22597656250001, 0.6068359375, -77.11484375, 0.653515625])
array('d', [68.805859375, 0.6068359375, -77.581640625, 0.37343750000000003])
array('d', [68.99257812500001, 0.56015625, -77.11484375, 0.37343750000000003])
array('d', [68.99257812500001, 0.56015625, -77.11484375, -0.42011718750000004])
array('d', [68.89921875, -0.18671875000000002, -76.8814453125, -0.42011718750000004])
array('d', [68.89921875, -0.18671875000000002, -76.8814453125, -0.42011718750000004])
array('d', [68.5724609375, -0.1400390625, -77.0681640625, -0.09335937500000001])
array('d', [68.3857421875, -0.93359375, -75.9478515625, 0.3267578125])
array('d', [68.3857421875, -0.18671875000000002, -76.087890625, -0.046679687500000004])
array('d', [69.366015625, -0.18671875000000002, -76.087890625, -0.046679687500000004])
array('d', [68.5724609375, 0.18671875000000002, -77.2548828125, -0.42011718750000004])
array('d', [68.5724609375, -0.56015625, -75.901171875, -0.046679687500000004])
array('d', [68.5724609375, 0.18671875000000002, -77.3015625, -0.42011718750000004])
array('d', [69.3193359375, 0.18671875000000002, -77.3015625, -0.42011718750000004])
array('d', [68.99257812500001, -0.18671875000000002, -76.087890625, -0.09335937500000001])
array('d', [68.805859375, 0.9802734375000001, -76.648046875, -0.0])
array('d', [68.805859375, 0.9802734375000001, -76.5546875, -0.09335937500000001])
array('d', [68.52578125000001, -0.56015625, -76.5546875, -0.09335937500000001])
array('d', [69.1326171875, 0.56015625, -76.4146484375, -0.0])
array('d', [69.1326171875, -0.56015625, -76.18125, 0.2333984375])
array('d', [69.1326171875, -0.56015625, -76.18125, 0.2333984375])
array('d', [68.805859375, -0.18671875000000002, -75.9478515625, 0.37343750000000003])
array('d', [68.805859375, -0.1400390625, -75.9478515625, -0.5134765625000001])
array('d', [69.22597656250001, -0.8869140625, -76.7880859375, 1.213671875])
array('d', [69.22597656250001, -0.8869140625, -76.7880859375, -0.09335937500000001])
array('d', [68.805859375, 0.18671875000000002, -77.86171875000001, -0.93359375])
array('d', [68.805859375, 0.18671875000000002, -77.86171875000001, -0.93359375])
array('d', [68.805859375, 0.18671875000000002, -77.86171875000001, -0.93359375])
array('d', [68.805859375, 0.18671875000000002, -77.86171875000001, -0.93359375])
array('d', [68.805859375, 1.3537109375, -76.46132812500001, -1.0736328125])
array('d', [68.805859375, 1.3537109375, -76.46132812500001, 0.18671875000000002])
array('d', [69.4126953125, 0.5134765625000001, -76.22792968750001, 0.18671875000000002])
array('d', [69.0392578125, 0.5134765625000001, -76.22792968750001, 0.7001953125])
array('d', [69.0392578125, -0.09335937500000001, -76.22792968750001, -0.653515625])
array('d', [69.3193359375, -0.93359375, -77.11484375, -0.653515625])
array('d', [68.619140625, 0.18671875000000002, -76.0412109375, 0.42011718750000004])
array('d', [68.619140625, 0.5134765625000001, -75.8544921875, 0.42011718750000004])
array('d', [68.805859375, 0.5134765625000001, -75.8544921875, 0.42011718750000004])
array('d', [68.5724609375, 0.18671875000000002, -77.9083984375, -0.8402343750000001])
array('d', [69.0392578125, -0.09335937500000001, -76.8814453125, 0.42011718750000004])
array('d', [69.0392578125, -0.09335937500000001, -77.7216796875, -0.42011718750000004])
array('d', [68.75917968750001, 0.5134765625000001, -77.7216796875, -0.42011718750000004])
array('d', [68.805859375, -0.5134765625000001, -76.648046875, 2.4740234375])
array('d', [68.29238281250001, -0.93359375, -76.5080078125, 2.4740234375])
array('d', [68.29238281250001, -0.93359375, -76.5080078125, 0.42011718750000004])
array('d', [68.619140625, 1.0736328125, -76.74140625, 0.3267578125])
array('d', [68.6658203125, -0.93359375, -75.9478515625, -0.56015625])
array('d', [68.6658203125, -0.93359375, -75.9478515625, -0.56015625])
array('d', [68.6658203125, -0.93359375, -75.9478515625, -0.56015625])
array('d', [68.15234375, -0.93359375, -76.5546875, -0.1400390625])
array('d', [68.15234375, 0.5134765625000001, -76.1345703125, -0.7001953125])
array('d', [68.805859375, 0.5134765625000001, -76.1345703125, -0.7001953125])
array('d', [69.22597656250001, 0.5134765625000001, -76.1345703125, -0.7001953125])
array('d', [69.22597656250001, 0.5134765625000001, -76.1345703125, -0.7001953125])
array('d', [69.0392578125, 0.18671875000000002, -77.581640625, -0.0])
array('d', [69.0392578125, 0.18671875000000002, -75.9478515625, 0.3267578125])
array('d', [69.0392578125, -0.2333984375, -75.9478515625, 0.3267578125])
array('d', [69.0392578125, -0.2333984375, -75.9478515625, 0.3267578125])
array('d', [69.0392578125, -0.2333984375, -75.9478515625, 0.3267578125])
array('d', [69.0392578125, -0.2333984375, -75.9478515625, 0.3267578125])
array('d', [69.22597656250001, -0.09335937500000001, -76.36796875, -0.0])
array('d', [69.1326171875, -0.93359375, -76.74140625, -0.7001953125])
array('d', [68.619140625, 1.3537109375, -76.7880859375, 0.8869140625])
array('d', [68.619140625, 1.3537109375, -76.7880859375, 0.8869140625])
array('d', [69.3193359375, 1.3537109375, -76.7880859375, 0.8869140625])
array('d', [69.3193359375, 1.3537109375, -76.7880859375, 0.8869140625])
array('d', [69.3193359375, 1.3537109375, -76.7880859375, 0.8869140625])
array('d', [69.3193359375, -0.42011718750000004, -78.6552734375, -0.37343750000000003])
array('d', [68.99257812500001, -0.5134765625000001, -77.8150390625, 0.280078125])
array('d', [69.1326171875, 0.280078125, -74.6875, 0.046679687500000004])
array('d', [69.1326171875, 0.93359375, -76.648046875, -0.280078125])
array('d', [68.9458984375, 0.93359375, -76.648046875, -0.280078125])
array('d', [69.1326171875, 0.653515625, -76.22792968750001, 0.7935546875])
array('d', [68.805859375, -0.09335937500000001, -76.648046875, -0.37343750000000003])
array('d', [68.805859375, -0.09335937500000001, -76.22792968750001, 0.56015625])
array('d', [69.1326171875, 0.653515625, -76.22792968750001, 0.56015625])
array('d', [69.0392578125, -0.5134765625000001, -76.0412109375, 0.466796875])
array('d', [69.22597656250001, -0.2333984375, -76.648046875, -0.1400390625])
array('d', [69.22597656250001, 0.18671875000000002, -76.0412109375, 0.280078125])
array('d', [68.89921875, 0.18671875000000002, -76.0412109375, 0.280078125])
array('d', [69.22597656250001, 0.18671875000000002, -76.46132812500001, 0.046679687500000004])
array('d', [68.89921875, -0.5134765625000001, -76.3212890625, 0.280078125])
array('d', [68.89921875, -0.5134765625000001, -76.3212890625, 0.280078125])
array('d', [68.89921875, -0.5134765625000001, -76.3212890625, 0.280078125])
array('d', [68.89921875, -0.5134765625000001, -76.3212890625, 0.280078125])
array('d', [69.69277343750001, 0.3267578125, -76.3212890625, -0.1400390625])
array('d', [69.739453125, 0.93359375, -75.901171875, -0.1400390625])
array('d', [69.739453125, 0.93359375, -75.76113281250001, -1.773828125])
array('d', [69.179296875, 0.93359375, -75.76113281250001, -1.773828125])
array('d', [69.1326171875, -1.213671875, -76.8814453125, 0.93359375])
array('d', [69.3193359375, 1.213671875, -76.74140625, -0.3267578125])
array('d', [69.3193359375, 1.213671875, -76.74140625, 0.280078125])
array('d', [69.3193359375, 1.213671875, -76.74140625, 0.280078125])
array('d', [69.3193359375, 1.213671875, -76.74140625, 0.280078125])
array('d', [69.3193359375, 1.213671875, -76.74140625, 0.280078125])
array('d', [68.89921875, 0.18671875000000002, -76.46132812500001, 0.280078125])
array('d', [69.0392578125, -0.2333984375, -76.46132812500001, 0.653515625])
array('d', [69.0392578125, -0.2333984375, -76.6013671875, -0.09335937500000001])
array('d', [69.1326171875, 0.7468750000000001, -76.6013671875, -0.09335937500000001])
array('d', [68.805859375, -0.09335937500000001, -75.4810546875, -0.1400390625])
array('d', [68.9458984375, -0.2333984375, -75.62109375, 0.93359375])
array('d', [68.9458984375, -0.2333984375, -75.62109375, 0.653515625])
array('d', [68.6658203125, -0.2333984375, -75.62109375, 0.653515625])
array('d', [68.6658203125, -0.2333984375, -75.62109375, 0.653515625])
array('d', [68.6658203125, -0.2333984375, -75.62109375, 0.653515625])
array('d', [68.6658203125, -0.2333984375, -75.62109375, 0.653515625])
array('d', [68.5724609375, 0.7468750000000001, -76.087890625, -0.5134765625000001])
array('d', [68.5724609375, 0.7468750000000001, -76.087890625, 0.7001953125])
array('d', [68.75917968750001, -0.2333984375, -76.5080078125, 0.7001953125])
array('d', [68.89921875, -0.37343750000000003, -76.92812500000001, -0.3267578125])
array('d', [68.805859375, 0.18671875000000002, -76.274609375, -0.56015625])
array('d', [69.0392578125, 0.18671875000000002, -75.8078125, 0.046679687500000004])
array('d', [68.89921875, 0.3267578125, -75.8078125, 0.046679687500000004])
array('d', [68.9458984375, 0.046679687500000004, -77.0681640625, -0.56015625])
array('d', [69.552734375, 0.466796875, -76.5546875, -0.93359375])
array('d', [69.552734375, 1.30703125, -75.62109375, -0.37343750000000003])
array('d', [69.4126953125, 1.30703125, -75.62109375, -0.37343750000000003])
array('d', [69.3193359375, -0.5134765625000001, -77.021484375, -0.37343750000000003])
array('d', [69.179296875, 0.18671875000000002, -76.5546875, -0.6068359375])
array('d', [69.179296875, 0.18671875000000002, -76.5546875, -0.6068359375])
array('d', [69.22597656250001, -0.046679687500000004, -77.62832031250001, 0.653515625])
array('d', [68.9458984375, -0.93359375, -76.5546875, -0.1400390625])
array('d', [68.9458984375, -0.93359375, -75.9478515625, -0.7935546875])
array('d', [68.99257812500001, 0.18671875000000002, -75.9478515625, -0.7935546875])
array('d', [69.179296875, -0.046679687500000004, -75.8544921875, 1.3537109375])
array('d', [69.22597656250001, 0.93359375, -76.36796875, 0.280078125])
array('d', [69.22597656250001, 0.93359375, -76.5546875, 0.046679687500000004])
array('d', [69.22597656250001, 0.93359375, -76.5546875, 0.046679687500000004])
array('d', [69.366015625, -0.046679687500000004, -75.9478515625, 0.09335937500000001])
array('d', [68.9458984375, 0.18671875000000002, -75.9478515625, 0.09335937500000001])
array('d', [68.619140625, 0.18671875000000002, -75.6677734375, -0.6068359375])
array('d', [68.619140625, 0.18671875000000002, -75.6677734375, -0.6068359375])
array('d', [68.619140625, 0.18671875000000002, -75.6677734375, -0.6068359375])
array('d', [69.0392578125, 0.18671875000000002, -76.18125, 0.280078125])
array('d', [68.75917968750001, -1.0269531250000001, -77.11484375, 0.09335937500000001])
array('d', [68.75917968750001, -0.2333984375, -76.36796875, 0.466796875])
array('d', [68.75917968750001, -0.2333984375, -76.74140625, 0.046679687500000004])
array('d', [68.9458984375, -0.37343750000000003, -76.74140625, 0.046679687500000004])
array('d', [68.9458984375, -0.2333984375, -76.69472656250001, 0.466796875])
array('d', [68.245703125, 0.653515625, -77.208203125, 0.046679687500000004])
array('d', [68.245703125, 0.653515625, -77.208203125, 0.046679687500000004])
array('d', [68.805859375, -0.2333984375, -76.5546875, 0.09335937500000001])
array('d', [68.805859375, -0.2333984375, -76.5546875, 0.046679687500000004])
array('d', [69.22597656250001, 0.18671875000000002, -75.62109375, 0.046679687500000004])
array('d', [69.22597656250001, 0.18671875000000002, -75.62109375, 0.046679687500000004])
array('d', [69.22597656250001, 0.18671875000000002, -75.62109375, 0.046679687500000004])
array('d', [69.22597656250001, 0.18671875000000002, -75.62109375, 0.046679687500000004])
array('d', [68.75917968750001, 0.3267578125, -77.0681640625, 0.280078125])
array('d', [69.22597656250001, -1.213671875, -76.5546875, 0.280078125])
array('d', [68.75917968750001, -0.2333984375, -76.5546875, -0.6068359375])
array('d', [68.75917968750001, -0.2333984375, -76.5546875, 0.7001953125])
array('d', [68.9458984375, -0.2333984375, -75.62109375, 0.7001953125])
array('d', [68.9458984375, 1.30703125, -76.5546875, 0.280078125])
array('d', [68.9458984375, 0.3267578125, -76.0412109375, -0.37343750000000003])
array('d', [68.75917968750001, 0.3267578125, -76.0412109375, -0.37343750000000003])
array('d', [68.99257812500001, 0.3267578125, -76.087890625, 0.5134765625000001])
array('d', [68.432421875, 0.466796875, -76.087890625, -0.1400390625])
array('d', [68.432421875, 0.466796875, -75.62109375, -0.56015625])
array('d', [68.99257812500001, -1.3537109375, -75.62109375, -0.56015625])
array('d', [68.99257812500001, -0.93359375, -76.5546875, 0.046679687500000004])
array('d', [68.99257812500001, -0.7468750000000001, -76.0412109375, 0.5134765625000001])
array('d', [68.99257812500001, -0.7468750000000001, -76.0412109375, 0.5134765625000001])
array('d', [68.99257812500001, -0.7468750000000001, -76.0412109375, 0.5134765625000001])
array('d', [68.99257812500001, -0.7468750000000001, -76.0412109375, 0.5134765625000001])
array('d', [68.9458984375, -0.2333984375, -76.087890625, -0.1400390625])
array('d', [69.179296875, -1.213671875, -76.4146484375, 0.7001953125])
array('d', [68.99257812500001, -0.5134765625000001, -76.4146484375, 0.046679687500000004])
array('d', [68.99257812500001, -0.5134765625000001, -76.4146484375, 0.046679687500000004])
array('d', [68.99257812500001, -1.0269531250000001, -75.62109375, 0.93359375])
array('d', [68.75917968750001, 1.587109375, -76.087890625, -1.4470703125000002])
array('d', [68.75917968750001, 1.587109375, -76.3212890625, 0.7001953125])
array('d', [68.75917968750001, 1.587109375, -76.3212890625, 0.7001953125])
array('d', [68.75917968750001, 1.587109375, -76.3212890625, 0.7001953125])
array('d', [69.22597656250001, 0.653515625, -76.648046875, 0.046679687500000004])
array('d', [69.22597656250001, 0.653515625, -76.7880859375, 0.280078125])
array('d', [69.0392578125, 0.37343750000000003, -76.7880859375, 0.280078125])
array('d', [69.0392578125, 0.37343750000000003, -76.7880859375, 0.280078125])
array('d', [69.0392578125, 0.37343750000000003, -76.7880859375, 0.280078125])
array('d', [69.0392578125, 0.37343750000000003, -76.7880859375, 0.280078125])
array('d', [69.0392578125, 0.37343750000000003, -76.7880859375, 0.280078125])
array('d', [69.179296875, -1.213671875, -76.1345703125, -0.7935546875])
array('d', [68.9458984375, -0.7468750000000001, -75.4810546875, -0.1400390625])
array('d', [69.22597656250001, 0.653515625, -76.46132812500001, 0.046679687500000004])
array('d', [69.22597656250001, 0.653515625, -76.46132812500001, 0.046679687500000004])
array('d', [69.22597656250001, 0.653515625, -76.46132812500001, 0.046679687500000004])
array('d', [69.22597656250001, 0.653515625, -76.46132812500001, 0.046679687500000004])
array('d', [68.805859375, -0.2333984375, -75.8544921875, 0.046679687500000004])
array('d', [68.75917968750001, -0.2333984375, -76.5546875, -0.7935546875])
array('d', [68.75917968750001, -0.2333984375, -76.9748046875, 0.5134765625000001])
array('d', [68.4791015625, 0.653515625, -76.9748046875, 0.5134765625000001])
array('d', [68.75917968750001, 0.653515625, -76.087890625, 0.7001953125])
array('d', [68.7125, -0.5134765625000001, -75.1076171875, -0.1400390625])
array('d', [68.7125, -0.5134765625000001, -75.1076171875, -0.37343750000000003])
array('d', [68.7125, -0.5134765625000001, -75.1076171875, -0.37343750000000003])
array('d', [68.7125, -0.5134765625000001, -75.1076171875, -0.37343750000000003])
array('d', [68.7125, -0.5134765625000001, -75.1076171875, -0.37343750000000003])
array('d', [68.75917968750001, 0.466796875, -76.5546875, -0.37343750000000003])
array('d', [68.89921875, 0.8869140625, -76.087890625, 0.046679687500000004])
array('d', [68.3857421875, 1.1669921875, -76.1345703125, -0.6068359375])
array('d', [68.3857421875, 1.1669921875, -76.36796875, 0.5134765625000001])
array('d', [69.22597656250001, -0.5134765625000001, -76.36796875, 0.280078125])
array('d', [69.1326171875, -0.37343750000000003, -76.7880859375, 0.280078125])
array('d', [68.9458984375, 0.046679687500000004, -76.7880859375, 0.280078125])
array('d', [68.9458984375, 0.046679687500000004, -76.7880859375, 0.280078125])
array('d', [68.9458984375, 0.046679687500000004, -76.7880859375, 0.280078125])
array('d', [68.9458984375, 0.046679687500000004, -76.3212890625, -0.1400390625])
array('d', [68.805859375, -0.2333984375, -76.3212890625, -0.1400390625])
array('d', [68.99257812500001, -0.5134765625000001, -75.0142578125, 0.93359375])
array('d', [68.99257812500001, -0.5134765625000001, -75.0142578125, 0.93359375])
array('d', [69.22597656250001, -0.7468750000000001, -76.5546875, -0.6068359375])
array('d', [68.4791015625, 0.653515625, -76.3212890625, -0.7935546875])
array('d', [68.4791015625, -0.7468750000000001, -76.087890625, -0.7935546875])
array('d', [68.4791015625, -0.7468750000000001, -76.087890625, -0.7935546875])
array('d', [68.7125, 0.37343750000000003, -76.7880859375, -0.6068359375])
array('d', [68.7125, 0.37343750000000003, -76.7880859375, -0.3267578125])
array('d', [68.75917968750001, 0.046679687500000004, -76.36796875, -0.3267578125])
array('d', [68.75917968750001, 0.046679687500000004, -76.36796875, -0.3267578125])
array('d', [68.99257812500001, 0.653515625, -75.901171875, -1.0269531250000001])
array('d', [68.619140625, 0.653515625, -75.8544921875, -1.0269531250000001])
array('d', [69.5994140625, -0.5134765625000001, -76.74140625, -0.8402343750000001])
array('d', [69.5994140625, -0.5134765625000001, -76.74140625, -0.8402343750000001])
array('d', [69.0392578125, -0.466796875, -75.714453125, -1.213671875])
array('d', [69.45937500000001, -0.046679687500000004, -76.1345703125, -0.1400390625])
array('d', [69.45937500000001, -0.046679687500000004, -75.6677734375, 0.280078125])
array('d', [69.45937500000001, -0.046679687500000004, -75.6677734375, 0.280078125])
array('d', [69.45937500000001, -0.046679687500000004, -75.6677734375, 0.280078125])
array('d', [69.0859375, 0.653515625, -76.36796875, 0.280078125])
array('d', [68.75917968750001, -0.046679687500000004, -76.36796875, 0.280078125])
array('d', [68.89921875, 0.7001953125, -76.1345703125, -0.37343750000000003])
array('d', [68.7125, 0.653515625, -76.087890625, 0.280078125])
array('d', [68.7125, 0.653515625, -76.087890625, 0.280078125])
array('d', [68.89921875, 0.653515625, -76.087890625, -1.2603515625000001])
array('d', [69.1326171875, 0.8869140625, -75.901171875, 0.046679687500000004])
array('d', [69.1326171875, 0.466796875, -76.8814453125, 0.5134765625000001])
array('d', [68.6658203125, 0.466796875, -76.8814453125, 0.5134765625000001])
array('d', [68.9458984375, -0.93359375, -76.5546875, -0.3267578125])
array('d', [69.1326171875, 0.280078125, -76.6013671875, 0.5134765625000001])
array('d', [69.1326171875, 0.280078125, -76.6013671875, 0.5134765625000001])
array('d', [69.1326171875, 0.280078125, -76.6013671875, 0.5134765625000001])
array('d', [69.1326171875, 0.280078125, -76.6013671875, 0.5134765625000001])
array('d', [68.8525390625, -0.42011718750000004, -76.22792968750001, -0.3267578125])
array('d', [68.8525390625, -0.42011718750000004, -76.22792968750001, -0.56015625])
array('d', [68.9458984375, -0.466796875, -75.2009765625, -0.56015625])
array('d', [68.9458984375, -0.466796875, -75.2009765625, -0.56015625])
array('d', [68.9458984375, -0.466796875, -75.2009765625, -0.56015625])
array('d', [68.9458984375, -0.466796875, -75.2009765625, -0.56015625])
array('d', [68.9458984375, 0.18671875000000002, -75.99453125000001, -0.1400390625])
array('d', [68.7125, 0.37343750000000003, -76.6013671875, -0.1400390625])
array('d', [68.7125, -0.2333984375, -75.62109375, 0.280078125])
array('d', [68.7125, -0.2333984375, -75.62109375, 0.280078125])
array('d', [68.9458984375, 0.18671875000000002, -75.62109375, 0.7468750000000001])
array('d', [69.4126953125, 0.18671875000000002, -76.36796875, 0.280078125])
array('d', [69.179296875, -0.2333984375, -75.99453125000001, 0.3267578125])
array('d', [69.179296875, -0.2333984375, -75.99453125000001, 0.3267578125])
array('d', [69.179296875, -0.046679687500000004, -76.74140625, 0.5134765625000001])
array('d', [69.179296875, -0.046679687500000004, -76.74140625, 0.7468750000000001])
array('d', [69.1326171875, -0.9802734375000001, -76.36796875, 0.7468750000000001])
array('d', [68.9458984375, 1.1203125, -75.901171875, -3.0341796875])
array('d', [68.9458984375, 0.8869140625, -75.06093750000001, 1.1669921875])
array('d', [68.8525390625, 0.8869140625, -75.06093750000001, 1.1669921875])
array('d', [69.179296875, 0.653515625, -76.274609375, 0.7468750000000001])
array('d', [68.6658203125, 0.18671875000000002, -76.18125, -0.1400390625])
array('d', [68.7125, 0.18671875000000002, -75.901171875, 0.93359375])
array('d', [68.7125, 0.18671875000000002, -75.901171875, -0.37343750000000003])
array('d', [68.75917968750001, -0.2333984375, -76.36796875, -0.37343750000000003])
array('d', [68.7125, 0.7935546875, -76.74140625, -0.8402343750000001])
array('d', [68.7125, 0.7935546875, -75.2009765625, 0.046679687500000004])
array('d', [68.6658203125, -0.3267578125, -75.2009765625, 0.046679687500000004])
array('d', [68.619140625, -0.3267578125, -75.2009765625, 0.046679687500000004])
array('d', [68.619140625, -0.3267578125, -75.2009765625, 0.046679687500000004])
array('d', [68.619140625, -0.3267578125, -75.2009765625, 0.046679687500000004])
array('d', [68.619140625, -0.2333984375, -75.901171875, 0.046679687500000004])
array('d', [68.7125, 0.18671875000000002, -77.2548828125, 0.046679687500000004])
array('d', [69.0859375, 0.37343750000000003, -76.834765625, -0.1400390625])
array('d', [69.0859375, 0.37343750000000003, -76.834765625, -0.1400390625])
array('d', [68.89921875, -0.7468750000000001, -76.18125, 1.1669921875])
array('d', [68.89921875, 0.280078125, -75.901171875, 0.280078125])
array('d', [68.89921875, 0.280078125, -75.8078125, 0.5134765625000001])
array('d', [69.1326171875, -0.7468750000000001, -75.8078125, 0.5134765625000001])
array('d', [68.6658203125, 0.466796875, -75.8078125, -0.6068359375])
array('d', [68.89921875, 0.37343750000000003, -76.18125, -0.3267578125])
array('d', [68.89921875, 0.37343750000000003, -76.18125, 0.5134765625000001])
array('d', [68.89921875, 0.37343750000000003, -76.18125, 0.5134765625000001])
array('d', [68.89921875, 0.37343750000000003, -76.18125, 0.5134765625000001])
array('d', [68.89921875, 0.37343750000000003, -76.18125, 0.5134765625000001])
array('d', [69.0859375, 0.37343750000000003, -74.9208984375, 0.5134765625000001])
array('d', [69.1326171875, 0.466796875, -76.6013671875, 0.046679687500000004])
array('d', [69.1326171875, -0.2333984375, -75.8078125, -0.3267578125])
array('d', [69.1326171875, -0.2333984375, -75.8078125, -0.3267578125])
array('d', [69.1326171875, -0.2333984375, -75.8078125, -0.3267578125])
array('d', [69.1326171875, -0.2333984375, -75.8078125, -0.3267578125])
array('d', [69.1326171875, -0.2333984375, -75.8078125, -0.3267578125])
array('d', [68.619140625, 0.466796875, -76.18125, -0.3267578125])
array('d', [68.619140625, -1.3537109375, -76.18125, -1.0269531250000001])
array('d', [68.619140625, -1.3537109375, -76.18125, -0.6068359375])
array('d', [68.619140625, -1.3537109375, -76.18125, -0.6068359375])
array('d', [68.619140625, -1.3537109375, -76.18125, -0.6068359375])
array('d', [68.619140625, -1.3537109375, -76.18125, -0.6068359375])
array('d', [68.619140625, -1.3537109375, -76.18125, -0.6068359375])
array('d', [68.619140625, -1.587109375, -76.274609375, -0.3267578125])
array('d', [68.4791015625, -1.587109375, -76.274609375, -0.3267578125])
array('d', [69.0859375, 0.18671875000000002, -75.3876953125, -0.1400390625])
array('d', [68.8525390625, 0.466796875, -76.274609375, 0.046679687500000004])
array('d', [68.8525390625, 0.466796875, -76.274609375, -1.0269531250000001])
array('d', [68.8525390625, 0.8869140625, -76.648046875, -1.0269531250000001])
array('d', [69.0392578125, -0.2333984375, -75.8544921875, -0.1400390625])
array('d', [69.0392578125, -0.2333984375, -75.8544921875, -0.1400390625])
array('d', [69.0392578125, -0.2333984375, -75.8544921875, -0.1400390625])
array('d', [69.0392578125, -0.2333984375, -75.8544921875, -0.1400390625])
array('d', [68.8525390625, -0.93359375, -76.18125, -0.3267578125])
array('d', [68.8525390625, -0.93359375, -76.4146484375, 0.046679687500000004])
array('d', [68.4791015625, -1.0736328125, -76.4146484375, 0.046679687500000004])
array('d', [68.619140625, -0.7468750000000001, -76.0412109375, 0.046679687500000004])
array('d', [69.0859375, -0.2333984375, -75.8544921875, -0.3267578125])
array('d', [69.0859375, -0.2333984375, -76.0412109375, -0.6068359375])
array('d', [69.22597656250001, 0.466796875, -76.0412109375, -0.6068359375])
array('d', [68.6658203125, -0.046679687500000004, -76.46132812500001, -1.0269531250000001])
array('d', [68.5724609375, 0.466796875, -76.0412109375, 0.046679687500000004])
array('d', [68.5724609375, 0.466796875, -76.0412109375, 0.046679687500000004])
array('d', [68.619140625, -1.400390625, -75.8544921875, 0.046679687500000004])
array('d', [68.619140625, -1.400390625, -75.8544921875, 0.046679687500000004])
array('d', [68.619140625, -1.400390625, -75.8544921875, 0.046679687500000004])
array('d', [68.8525390625, -0.7468750000000001, -75.6677734375, -0.37343750000000003])
array('d', [68.8525390625, 0.653515625, -76.0412109375, 0.046679687500000004])
array('d', [68.8525390625, 0.653515625, -76.0412109375, -1.4470703125000002])
array('d', [69.27265625, 0.653515625, -76.0412109375, -1.4470703125000002])
array('d', [69.27265625, 0.653515625, -76.0412109375, -1.4470703125000002])
array('d', [68.99257812500001, -0.2333984375, -76.46132812500001, 0.7468750000000001])
array('d', [68.99257812500001, -0.2333984375, -76.46132812500001, -0.6068359375])
array('d', [68.805859375, -0.2333984375, -75.6677734375, -0.6068359375])
array('d', [68.805859375, -0.3267578125, -76.1345703125, 0.046679687500000004])
array('d', [68.8525390625, -0.3267578125, -76.3212890625, 0.280078125])
array('d', [68.8525390625, -0.466796875, -76.3212890625, 0.280078125])
array('d', [69.0392578125, 0.7935546875, -76.3212890625, -0.6068359375])
array('d', [68.8525390625, 0.18671875000000002, -76.46132812500001, -1.0269531250000001])
array('d', [68.8525390625, 0.18671875000000002, -76.46132812500001, 0.046679687500000004])
array('d', [68.99257812500001, -0.7468750000000001, -75.8544921875, 0.046679687500000004])
array('d', [68.805859375, -0.466796875, -76.3212890625, 0.7001953125])
array('d', [69.27265625, 0.653515625, -75.9478515625, -0.7935546875])
array('d', [69.27265625, 0.653515625, -75.9478515625, -0.6068359375])
array('d', [68.3857421875, -0.466796875, -75.8544921875, -0.6068359375])
array('d', [68.619140625, 0.37343750000000003, -75.1076171875, -0.37343750000000003])
array('d', [68.619140625, 0.37343750000000003, -75.8544921875, 0.280078125])
array('d', [68.5724609375, -0.8402343750000001, -75.8544921875, 0.280078125])
array('d', [69.0392578125, -0.466796875, -75.3876953125, 0.09335937500000001])
array('d', [68.805859375, 0.8869140625, -76.3212890625, 0.7468750000000001])
array('d', [68.805859375, 0.8869140625, -76.3212890625, 0.280078125])
array('d', [68.619140625, -0.466796875, -75.8544921875, 0.280078125])
array('d', [68.805859375, 1.1203125, -75.434375, 0.280078125])
array('d', [68.805859375, 1.1203125, -75.9478515625, 0.3267578125])
array('d', [68.3857421875, 0.8869140625, -75.9478515625, 0.3267578125])
array('d', [68.5724609375, -0.93359375, -76.3212890625, -0.8402343750000001])
array('d', [68.5724609375, -0.046679687500000004, -75.0142578125, 0.93359375])
array('d', [68.5724609375, -0.046679687500000004, -76.18125, -0.1400390625])
array('d', [68.3857421875, -0.466796875, -76.18125, -0.1400390625])
array('d', [68.619140625, -0.93359375, -76.6013671875, -0.1400390625])
array('d', [68.805859375, -0.466796875, -75.29433593750001, -1.4937500000000001])
array('d', [68.805859375, -0.466796875, -75.29433593750001, -0.37343750000000003])
array('d', [69.0392578125, 0.046679687500000004, -75.76113281250001, -0.37343750000000003])
array('d', [68.5724609375, 0.1400390625, -74.407421875, 0.5134765625000001])
array('d', [68.5724609375, -0.2333984375, -75.29433593750001, -0.0])
array('d', [68.5724609375, -0.2333984375, -75.29433593750001, -0.2333984375])
array('d', [68.5724609375, -0.466796875, -75.0142578125, -0.2333984375])
array('d', [68.5724609375, -0.466796875, -75.0142578125, -0.2333984375])
array('d', [68.1990234375, 0.42011718750000004, -75.76113281250001, -0.37343750000000003])
array('d', [68.805859375, -0.466796875, -75.3876953125, 1.400390625])
array('d', [68.1990234375, -0.2333984375, -75.76113281250001, -0.6068359375])
array('d', [68.1990234375, -0.2333984375, -75.76113281250001, -0.09335937500000001])
array('d', [69.0392578125, 1.30703125, -76.18125, -0.09335937500000001])
array('d', [68.805859375, -0.2333984375, -76.1345703125, 0.280078125])
array('d', [69.22597656250001, -0.046679687500000004, -75.714453125, 0.280078125])
array('d', [69.22597656250001, -0.046679687500000004, -76.274609375, 0.7468750000000001])
array('d', [68.5724609375, -0.2333984375, -76.1345703125, -0.8402343750000001])
array('d', [68.5724609375, -0.93359375, -75.29433593750001, -1.0269531250000001])
array('d', [68.99257812500001, -0.93359375, -75.29433593750001, 0.5134765625000001])
array('d', [68.805859375, -0.2333984375, -76.18125, 0.5134765625000001])
array('d', [68.805859375, 0.280078125, -75.6677734375, 0.280078125])
array('d', [68.8525390625, 0.8869140625, -76.1345703125, 0.5134765625000001])
array('d', [68.5724609375, -0.466796875, -76.8814453125, 0.7468750000000001])
array('d', [68.5724609375, -0.466796875, -76.834765625, 0.466796875])
array('d', [69.5060546875, 0.653515625, -76.834765625, 0.466796875])
array('d', [68.8525390625, -0.046679687500000004, -75.62109375, -0.6068359375])
array('d', [68.619140625, -0.2333984375, -75.714453125, 0.280078125])
array('d', [68.5724609375, 0.42011718750000004, -76.087890625, 0.280078125])
array('d', [68.5724609375, 0.42011718750000004, -76.087890625, 0.280078125])
array('d', [68.5724609375, 0.42011718750000004, -76.087890625, 0.280078125])
array('d', [68.5724609375, 0.42011718750000004, -76.087890625, 0.5134765625000001])
array('d', [69.0392578125, -0.653515625, -76.087890625, 0.93359375])
array('d', [69.0392578125, -0.2333984375, -76.0412109375, 0.5134765625000001])
array('d', [69.0392578125, -0.2333984375, -76.0412109375, 0.5134765625000001])
array('d', [69.0392578125, -0.2333984375, -76.0412109375, 0.5134765625000001])
array('d', [69.0392578125, 0.653515625, -76.36796875, 0.280078125])
array('d', [68.3857421875, -0.466796875, -74.82753906250001, -0.56015625])
array('d', [68.3857421875, 0.0, -75.4810546875, 0.09335937500000001])
array('d', [68.5724609375, 0.0, -75.4810546875, 0.09335937500000001])
array('d', [68.8525390625, 0.18671875000000002, -75.714453125, -0.8402343750000001])
array('d', [69.45937500000001, -0.466796875, -75.714453125, -0.3267578125])
array('d', [68.8525390625, 0.18671875000000002, -75.714453125, -0.3267578125])
array('d', [68.8525390625, 0.18671875000000002, -75.714453125, -0.3267578125])
array('d', [68.8525390625, 0.18671875000000002, -76.1345703125, -0.3267578125])
array('d', [69.0392578125, -0.2333984375, -76.1345703125, -0.3267578125])
array('d', [69.22597656250001, -0.7001953125, -76.087890625, 0.93359375])
array('d', [69.22597656250001, -0.7001953125, -76.087890625, 0.93359375])
array('d', [69.22597656250001, -0.7001953125, -76.087890625, 0.93359375])
array('d', [68.432421875, -0.2333984375, -75.62109375, 0.7468750000000001])
array('d', [69.0392578125, -1.587109375, -75.9478515625, -0.1400390625])
array('d', [69.0392578125, -1.587109375, -76.36796875, 0.09335937500000001])
array('d', [69.0392578125, -1.587109375, -76.36796875, 0.09335937500000001])
array('d', [69.5060546875, -0.046679687500000004, -76.3212890625, 0.7468750000000001])
array('d', [68.619140625, 0.18671875000000002, -76.3212890625, 0.7468750000000001])
array('d', [68.619140625, -0.046679687500000004, -75.901171875, -0.8402343750000001])
array('d', [68.1990234375, -0.046679687500000004, -75.901171875, -0.8402343750000001])
array('d', [68.1990234375, -0.046679687500000004, -75.901171875, -0.8402343750000001])
array('d', [68.1990234375, 0.6068359375, -75.9478515625, 0.7468750000000001])
array('d', [68.8525390625, -0.466796875, -75.5744140625, 0.3267578125])
array('d', [68.619140625, 0.37343750000000003, -76.3212890625, -0.8402343750000001])
array('d', [68.619140625, 0.37343750000000003, -76.3212890625, -0.8402343750000001])
array('d', [69.0859375, 0.653515625, -75.24765625, 0.09335937500000001])
array('d', [69.0859375, 0.653515625, -75.2009765625, 0.09335937500000001])
array('d', [68.8525390625, -0.2333984375, -75.2009765625, 0.09335937500000001])
array('d', [68.8525390625, -0.2333984375, -75.2009765625, 0.09335937500000001])
array('d', [68.8525390625, -0.2333984375, -75.2009765625, 0.09335937500000001])
array('d', [68.8525390625, -0.7001953125, -75.5744140625, 0.466796875])
array('d', [68.619140625, 0.42011718750000004, -75.52773437500001, 0.466796875])
array('d', [68.7125, -0.93359375, -75.8544921875, -0.37343750000000003])
array('d', [68.7125, 0.18671875000000002, -76.648046875, -0.6068359375])
array('d', [68.7125, 0.18671875000000002, -76.648046875, -0.6068359375])
array('d', [68.7125, 0.2333984375, -75.76113281250001, 0.3267578125])
array('d', [68.9458984375, -1.1669921875, -75.341015625, -0.8402343750000001])
array('d', [68.9458984375, -1.1669921875, -75.341015625, 0.09335937500000001])
array('d', [68.1990234375, 0.2333984375, -75.341015625, 0.09335937500000001])
array('d', [68.1990234375, 0.2333984375, -75.341015625, 0.09335937500000001])
array('d', [68.1990234375, 0.2333984375, -75.341015625, 0.09335937500000001])
array('d', [68.1990234375, 0.2333984375, -75.341015625, 0.09335937500000001])
array('d', [68.245703125, -0.93359375, -75.714453125, -0.6068359375])
array('d', [68.75917968750001, -1.3537109375, -75.341015625, 0.280078125])
array('d', [68.9458984375, 0.42011718750000004, -76.1345703125, 0.5134765625000001])
array('d', [68.9458984375, 0.42011718750000004, -76.1345703125, 0.5134765625000001])
array('d', [68.9458984375, 0.42011718750000004, -76.1345703125, 0.5134765625000001])
array('d', [68.245703125, -0.466796875, -75.8078125, 0.5134765625000001])
array('d', [68.245703125, -0.466796875, -75.3876953125, 0.93359375])
array('d', [68.75917968750001, -0.280078125, -75.3876953125, 0.93359375])
array('d', [68.75917968750001, -0.280078125, -75.3876953125, 0.93359375])
array('d', [68.75917968750001, -0.280078125, -75.3876953125, 0.93359375])
array('d', [69.1326171875, 0.37343750000000003, -76.1345703125, -0.3267578125])
array('d', [68.805859375, -0.046679687500000004, -76.1345703125, -0.42011718750000004])
array('d', [68.805859375, 0.18671875000000002, -75.341015625, -0.1400390625])
array('d', [68.9458984375, 0.42011718750000004, -75.714453125, 0.09335937500000001])
array('d', [68.9458984375, 0.42011718750000004, -75.714453125, 0.09335937500000001])
array('d', [68.9458984375, 0.42011718750000004, -75.714453125, 0.09335937500000001])
array('d', [68.9458984375, 0.42011718750000004, -75.714453125, 0.09335937500000001])
array('d', [68.99257812500001, 1.0736328125, -75.341015625, -0.1400390625])
array('d', [68.619140625, 0.42011718750000004, -76.5080078125, -0.8402343750000001])
array('d', [68.619140625, 0.42011718750000004, -75.714453125, -0.42011718750000004])
array('d', [69.22597656250001, 0.653515625, -75.76113281250001, -1.2603515625000001])
array('d', [69.22597656250001, 0.653515625, -75.714453125, -0.8402343750000001])
array('d', [67.9189453125, -0.046679687500000004, -75.714453125, -0.8402343750000001])
array('d', [68.619140625, 0.37343750000000003, -76.087890625, -0.1400390625])
array('d', [68.805859375, 0.18671875000000002, -75.714453125, 0.09335937500000001])
array('d', [68.805859375, -0.466796875, -75.341015625, -0.8402343750000001])
array('d', [68.805859375, -0.466796875, -75.341015625, -0.8402343750000001])
array('d', [68.245703125, -0.8869140625, -76.087890625, -0.1400390625])
array('d', [68.432421875, 0.37343750000000003, -75.714453125, -0.653515625])
array('d', [68.432421875, 0.37343750000000003, -75.714453125, -0.653515625])
array('d', [68.432421875, 0.37343750000000003, -75.714453125, -0.653515625])
array('d', [68.99257812500001, -0.466796875, -75.714453125, -0.3267578125])
array('d', [68.99257812500001, -0.466796875, -75.714453125, -0.8402343750000001])
array('d', [69.0392578125, -0.7001953125, -75.714453125, -0.8402343750000001])
array('d', [69.0392578125, -0.7001953125, -75.714453125, -0.8402343750000001])
array('d', [69.0392578125, -0.7001953125, -75.714453125, -0.8402343750000001])
array('d', [69.0392578125, -0.7001953125, -75.714453125, -0.8402343750000001])
array('d', [69.0392578125, -0.7001953125, -75.714453125, -0.8402343750000001])
array('d', [69.0392578125, -0.7001953125, -75.714453125, -0.8402343750000001])
array('d', [68.1990234375, -0.046679687500000004, -75.714453125, 0.09335937500000001])
array('d', [68.619140625, 0.42011718750000004, -76.087890625, -0.2333984375])
array('d', [68.75917968750001, -0.2333984375, -75.714453125, 0.37343750000000003])
array('d', [69.366015625, -0.466796875, -76.087890625, 0.5134765625000001])
array('d', [69.366015625, -0.466796875, -76.087890625, -0.1400390625])
array('d', [68.619140625, 1.2603515625000001, -75.714453125, -0.1400390625])
array('d', [68.619140625, 1.2603515625000001, -75.714453125, -0.1400390625])
array('d', [68.619140625, 1.2603515625000001, -75.714453125, -0.1400390625])
array('d', [68.619140625, -0.280078125, -76.087890625, 0.5134765625000001])
array('d', [68.432421875, -1.1203125, -76.087890625, 0.5134765625000001])
array('d', [69.22597656250001, 0.42011718750000004, -76.087890625, -0.3267578125])
array('d', [69.22597656250001, 0.42011718750000004, -76.087890625, -0.3267578125])
array('d', [69.22597656250001, 0.42011718750000004, -76.087890625, -0.3267578125])
array('d', [68.75917968750001, -0.8869140625, -76.087890625, -0.1400390625])
array('d', [68.619140625, 1.4937500000000001, -76.834765625, 1.213671875])
array('d', [68.619140625, -1.5404296875, -76.087890625, 0.7001953125])
array('d', [68.432421875, -1.5404296875, -76.087890625, 0.7001953125])
array('d', [68.619140625, 0.653515625, -76.087890625, -0.3267578125])
array('d', [68.6658203125, 1.0736328125, -76.087890625, -0.3267578125])
array('d', [68.52578125000001, 0.37343750000000003, -75.6677734375, -0.3267578125])
array('d', [68.52578125000001, 0.37343750000000003, -75.6677734375, -0.0])
array('d', [68.619140625, 0.8402343750000001, -76.087890625, 0.09335937500000001])
array('d', [68.432421875, 0.653515625, -74.967578125, -1.3537109375])
array('d', [68.432421875, 0.653515625, -74.967578125, -1.3537109375])
array('d', [68.8525390625, 0.18671875000000002, -75.6677734375, -0.1400390625])
array('d', [68.9458984375, 0.6068359375, -75.6677734375, -0.6068359375])
array('d', [68.245703125, 0.6068359375, -75.6677734375, -0.6068359375])
array('d', [68.9458984375, 0.0, -75.6677734375, -0.8402343750000001])
array('d', [68.9458984375, 0.0, -76.087890625, 0.280078125])
array('d', [68.9458984375, -0.7001953125, -76.834765625, 0.09335937500000001])
array('d', [68.9458984375, -0.466796875, -75.29433593750001, 0.09335937500000001])
array('d', [68.8525390625, -0.466796875, -75.29433593750001, 0.09335937500000001])
array('d', [69.552734375, -1.1203125, -75.714453125, -0.3267578125])
array('d', [69.552734375, -1.1203125, -75.714453125, -0.3267578125])
array('d', [69.552734375, -1.1203125, -75.714453125, -0.3267578125])
array('d', [68.8525390625, 0.8402343750000001, -76.087890625, 1.213671875])
array('d', [68.5724609375, -0.466796875, -75.6677734375, -0.42011718750000004])
array('d', [68.52578125000001, -0.466796875, -75.341015625, 0.7468750000000001])
array('d', [68.52578125000001, -0.466796875, -75.6677734375, 0.280078125])
array('d', [68.05898437500001, -0.2333984375, -75.6677734375, 0.7468750000000001])
array('d', [68.52578125000001, 0.0, -76.087890625, -0.0])
array('d', [68.8525390625, 0.653515625, -76.087890625, 0.5134765625000001])
array('d', [68.619140625, -0.280078125, -75.714453125, 0.09335937500000001])
array('d', [68.619140625, -0.280078125, -75.714453125, 0.09335937500000001])
array('d', [68.619140625, -0.280078125, -75.714453125, 0.09335937500000001])
array('d', [68.619140625, -0.280078125, -75.714453125, 0.09335937500000001])
array('d', [68.619140625, -0.280078125, -75.714453125, 0.09335937500000001])
array('d', [68.6658203125, 0.8402343750000001, -75.76113281250001, -0.1400390625])
array('d', [68.432421875, -0.653515625, -76.834765625, 1.213671875])
array('d', [68.432421875, -0.653515625, -76.7880859375, -0.1400390625])
array('d', [68.52578125000001, 0.8402343750000001, -76.7880859375, -0.1400390625])
array('d', [68.619140625, 0.0, -75.714453125, 0.9802734375000001])
array('d', [68.245703125, 0.37343750000000003, -75.0142578125, 0.7468750000000001])
array('d', [68.245703125, 0.37343750000000003, -75.341015625, 0.7468750000000001])
array('d', [68.05898437500001, -0.7001953125, -75.341015625, -0.6068359375])
array('d', [69.0859375, 0.18671875000000002, -75.714453125, -0.6068359375])
array('d', [68.52578125000001, -0.8869140625, -75.714453125, 0.5134765625000001])
array('d', [68.52578125000001, 0.18671875000000002, -75.6677734375, -0.6068359375])
array('d', [68.432421875, 0.18671875000000002, -75.6677734375, -0.6068359375])
array('d', [69.0392578125, -0.8869140625, -75.341015625, 0.280078125])
array('d', [68.3390625, -0.2333984375, -76.087890625, -0.6068359375])
array('d', [68.3390625, -0.2333984375, -76.087890625, -0.1400390625])
array('d', [67.77890625, -0.2333984375, -76.087890625, -0.1400390625])
array('d', [68.99257812500001, 0.18671875000000002, -75.341015625, -0.6068359375])
array('d', [68.432421875, 0.18671875000000002, -75.341015625, -0.6068359375])
array('d', [68.432421875, 0.18671875000000002, -75.341015625, -0.6068359375])
array('d', [68.432421875, 0.18671875000000002, -75.341015625, -0.6068359375])
array('d', [68.432421875, -0.653515625, -76.087890625, -0.3267578125])
array('d', [68.5724609375, 1.4937500000000001, -76.087890625, 1.4470703125000002])
array('d', [68.8525390625, 0.653515625, -75.0142578125, 0.09335937500000001])
array('d', [68.8525390625, 0.18671875000000002, -76.4146484375, -0.42011718750000004])
array('d', [68.245703125, 0.18671875000000002, -75.341015625, 0.7001953125])
array('d', [68.245703125, 0.0, -75.341015625, 0.7001953125])
array('d', [68.29238281250001, -0.2333984375, -76.4146484375, 0.280078125])
array('d', [68.6658203125, 0.653515625, -75.06093750000001, 0.280078125])
array('d', [68.805859375, 0.18671875000000002, -74.6408203125, 0.37343750000000003])
array('d', [68.245703125, -0.2333984375, -76.087890625, 0.280078125])
array('d', [68.245703125, -0.2333984375, -76.087890625, 0.5134765625000001])
array('d', [68.245703125, -0.2333984375, -76.087890625, 0.5134765625000001])
array('d', [68.3857421875, -0.2333984375, -76.087890625, -0.42011718750000004])
array('d', [68.3857421875, -0.2333984375, -76.087890625, -0.42011718750000004])
array('d', [68.3857421875, -0.2333984375, -76.087890625, -0.42011718750000004])
array('d', [69.27265625, 0.8402343750000001, -76.4146484375, -0.7468750000000001])
array('d', [69.27265625, -0.8869140625, -75.3876953125, 0.280078125])
array('d', [68.245703125, -0.8869140625, -75.3876953125, 0.280078125])
array('d', [68.245703125, -0.8869140625, -75.3876953125, 1.4470703125000002])
array('d', [68.1056640625, 0.653515625, -76.46132812500001, 0.09335937500000001])
array('d', [68.245703125, 0.8402343750000001, -76.46132812500001, 0.09335937500000001])
array('d', [68.805859375, 0.0, -75.714453125, -0.42011718750000004])
array('d', [68.6658203125, -0.653515625, -75.3876953125, 0.280078125])
array('d', [68.6658203125, -0.653515625, -75.3876953125, 0.7935546875])
array('d', [68.9458984375, 0.0, -75.3876953125, 0.7935546875])
array('d', [69.1326171875, 0.6068359375, -76.5080078125, 0.09335937500000001])
array('d', [69.1326171875, 0.6068359375, -76.5080078125, 0.09335937500000001])
array('d', [68.3857421875, -1.1203125, -75.76113281250001, 0.42011718750000004])
array('d', [68.805859375, 0.18671875000000002, -76.1345703125, -0.1400390625])
array('d', [68.805859375, -0.2333984375, -76.087890625, 0.9802734375000001])
array('d', [68.805859375, -0.2333984375, -76.087890625, 0.9802734375000001])
array('d', [68.805859375, -0.2333984375, -76.087890625, 0.9802734375000001])
array('d', [68.3857421875, -0.2333984375, -76.087890625, 0.5134765625000001])
array('d', [68.52578125000001, 0.18671875000000002, -76.1345703125, 0.5134765625000001])
array('d', [68.1056640625, 0.42011718750000004, -75.06093750000001, 0.09335937500000001])
array('d', [68.6658203125, -0.466796875, -75.8078125, 0.09335937500000001])
array('d', [68.6658203125, -0.466796875, -75.8078125, 0.280078125])
array('d', [68.6658203125, 0.0, -75.3876953125, 0.280078125])
array('d', [68.52578125000001, 1.2603515625000001, -75.8078125, -0.1400390625])
array('d', [68.1056640625, 0.0, -75.8078125, 0.5134765625000001])
array('d', [68.1056640625, 0.0, -75.8078125, 0.09335937500000001])
array('d', [68.3857421875, 0.8402343750000001, -75.8078125, 0.09335937500000001])
array('d', [67.965625, 0.37343750000000003, -75.8078125, 0.09335937500000001])
array('d', [67.965625, 0.37343750000000003, -75.3876953125, -0.6068359375])
array('d', [68.9458984375, 0.18671875000000002, -75.4810546875, -0.1400390625])
array('d', [68.52578125000001, -0.466796875, -75.8078125, -3.6876953125000003])
array('d', [68.432421875, 0.0, -75.901171875, -0.8402343750000001])
array('d', [68.432421875, 0.0, -75.901171875, -0.8402343750000001])
array('d', [68.432421875, 0.0, -75.901171875, -0.8402343750000001])
array('d', [68.432421875, 0.18671875000000002, -75.1076171875, 0.5134765625000001])
array('d', [68.1056640625, 0.42011718750000004, -75.8078125, 0.09335937500000001])
array('d', [68.5724609375, 0.18671875000000002, -75.8078125, -0.42011718750000004])
array('d', [68.8525390625, 0.18671875000000002, -75.901171875, 0.5134765625000001])
array('d', [68.8525390625, -1.1203125, -76.22792968750001, 0.7468750000000001])
array('d', [68.99257812500001, -1.1203125, -76.22792968750001, 0.7468750000000001])
array('d', [68.15234375, 0.653515625, -76.1345703125, 0.7468750000000001])
array('d', [68.15234375, 0.653515625, -76.1345703125, -0.6068359375])
array('d', [68.8525390625, 1.2603515625000001, -75.8544921875, -0.6068359375])
array('d', [68.0123046875, -0.466796875, -75.8078125, 0.280078125])
array('d', [68.29238281250001, -0.466796875, -75.8078125, 0.280078125])
array('d', [68.29238281250001, -0.466796875, -75.8078125, 0.280078125])
array('d', [68.29238281250001, -0.466796875, -75.8078125, 0.280078125])
array('d', [68.29238281250001, -0.466796875, -75.8078125, 0.280078125])
array('d', [68.29238281250001, 0.18671875000000002, -75.901171875, 0.09335937500000001])
array('d', [68.1056640625, -0.466796875, -76.5546875, -0.18671875000000002])
array('d', [68.432421875, -0.8869140625, -75.1076171875, -0.0])
array('d', [68.75917968750001, -0.466796875, -75.901171875, 0.09335937500000001])
array('d', [68.75917968750001, -0.466796875, -75.4810546875, 0.5134765625000001])
array('d', [68.432421875, -1.30703125, -75.4810546875, 0.5134765625000001])
array('d', [68.05898437500001, 0.8402343750000001, -75.24765625, 0.5134765625000001])
array('d', [68.05898437500001, 0.0, -75.52773437500001, -0.8402343750000001])
array('d', [68.15234375, 0.0, -75.52773437500001, -0.8402343750000001])
array('d', [69.179296875, -0.2333984375, -75.901171875, -0.18671875000000002])
array('d', [68.3390625, -0.2333984375, -75.5744140625, 1.3537109375])
array('d', [68.3390625, -0.466796875, -75.5744140625, 1.400390625])
array('d', [68.7125, 0.18671875000000002, -75.5744140625, 1.400390625])
array('d', [68.15234375, 0.6068359375, -75.2009765625, -0.9802734375000001])
array('d', [68.15234375, 0.6068359375, -75.2009765625, -0.9802734375000001])
array('d', [68.15234375, 0.18671875000000002, -75.9478515625, -0.8869140625])
array('d', [68.619140625, 0.18671875000000002, -75.9478515625, -0.8869140625])
array('d', [68.8525390625, -0.8869140625, -76.22792968750001, 0.280078125])
array('d', [68.15234375, -0.8869140625, -76.22792968750001, 0.280078125])
array('d', [68.15234375, -1.2603515625000001, -75.901171875, 0.09335937500000001])
array('d', [68.15234375, 0.42011718750000004, -76.274609375, 0.09335937500000001])
array('d', [68.05898437500001, -0.2333984375, -75.1076171875, -0.18671875000000002])
array('d', [68.05898437500001, 0.18671875000000002, -75.9478515625, 0.09335937500000001])
array('d', [69.0392578125, 0.18671875000000002, -75.9478515625, 0.09335937500000001])
array('d', [69.0392578125, -0.653515625, -75.2009765625, -2.0072265625])
array('d', [68.7125, -0.653515625, -76.18125, 0.42011718750000004])
array('d', [68.7125, -0.653515625, -76.18125, 0.42011718750000004])
array('d', [68.619140625, 1.0269531250000001, -76.087890625, -0.6068359375])
array('d', [68.29238281250001, 0.18671875000000002, -75.99453125000001, -1.1669921875])
array('d', [68.29238281250001, 0.18671875000000002, -75.99453125000001, -0.046679687500000004])
array('d', [68.1990234375, 0.42011718750000004, -75.714453125, -0.046679687500000004])
array('d', [67.685546875, -0.466796875, -75.901171875, 0.56015625])
array('d', [67.685546875, -0.466796875, -75.714453125, 0.9802734375000001])
array('d', [68.5724609375, -0.653515625, -75.714453125, 0.9802734375000001])
array('d', [68.89921875, -0.653515625, -74.967578125, 0.7935546875])
array('d', [68.89921875, -0.653515625, -74.967578125, 0.7935546875])
array('d', [68.89921875, -0.653515625, -74.967578125, 0.7935546875])
array('d', [68.89921875, -0.653515625, -74.967578125, 0.7935546875])
array('d', [68.8525390625, 0.37343750000000003, -75.52773437500001, -0.18671875000000002])
array('d', [67.872265625, -0.466796875, -75.4810546875, 0.42011718750000004])
array('d', [67.872265625, -0.466796875, -75.4810546875, 0.56015625])
array('d', [68.0123046875, 0.42011718750000004, -75.714453125, 0.56015625])
array('d', [68.3857421875, -0.653515625, -75.714453125, 0.56015625])
array('d', [68.3857421875, 0.0, -75.1076171875, 0.9802734375000001])
array('d', [68.6658203125, 0.0, -75.1076171875, 0.9802734375000001])
array('d', [68.6658203125, 0.0, -75.1076171875, 0.9802734375000001])
array('d', [68.6658203125, 0.0, -75.1076171875, 0.9802734375000001])
array('d', [68.6658203125, 0.0, -75.1076171875, 0.9802734375000001])
array('d', [68.3857421875, 0.37343750000000003, -75.76113281250001, 0.56015625])
array('d', [68.4791015625, -0.466796875, -75.4810546875, -0.8869140625])
array('d', [68.4791015625, -0.466796875, -75.4810546875, -0.8869140625])
array('d', [68.4791015625, -0.466796875, -75.4810546875, -0.8869140625])
array('d', [69.0859375, -0.8869140625, -75.8544921875, -1.4937500000000001])
array('d', [68.6658203125, -0.8402343750000001, -75.2009765625, -0.18671875000000002])
array('d', [67.872265625, 0.18671875000000002, -75.341015625, -0.046679687500000004])
array('d', [67.872265625, 0.18671875000000002, -75.341015625, 0.280078125])
array('d', [68.6658203125, -0.466796875, -75.9478515625, 0.280078125])
array('d', [67.965625, 0.37343750000000003, -75.714453125, 0.280078125])
array('d', [67.965625, 0.18671875000000002, -75.9478515625, -0.280078125])
array('d', [68.6658203125, -0.2333984375, -76.4146484375, -1.4470703125000002])
array('d', [68.245703125, -0.2333984375, -76.4146484375, -1.4470703125000002])
array('d', [68.15234375, 0.37343750000000003, -74.6408203125, 0.42011718750000004])
array('d', [68.15234375, 0.37343750000000003, -74.6408203125, 0.42011718750000004])
array('d', [68.15234375, 0.37343750000000003, -74.6408203125, 0.42011718750000004])
array('d', [68.15234375, 0.37343750000000003, -74.6408203125, 0.42011718750000004])
array('d', [68.15234375, 0.37343750000000003, -74.6408203125, 0.42011718750000004])
array('d', [68.3857421875, 0.0, -75.9478515625, -0.18671875000000002])
array('d', [68.3857421875, -0.8869140625, -75.6677734375, -0.6068359375])
array('d', [68.3857421875, -0.466796875, -76.274609375, -0.18671875000000002])
array('d', [68.15234375, -0.466796875, -76.274609375, 0.280078125])
array('d', [68.15234375, -0.2333984375, -75.52773437500001, 0.280078125])
array('d', [68.75917968750001, 0.42011718750000004, -74.967578125, 0.09335937500000001])
array('d', [68.75917968750001, 0.0, -75.8544921875, 0.9802734375000001])
array('d', [68.75917968750001, 0.0, -75.8544921875, 0.9802734375000001])
array('d', [68.75917968750001, 0.0, -75.8544921875, 0.9802734375000001])
array('d', [68.3857421875, 0.0, -75.8544921875, 0.8402343750000001])
array('d', [68.3857421875, 0.7935546875, -75.3876953125, 0.8402343750000001])
array('d', [68.05898437500001, 0.0, -75.8078125, -0.18671875000000002])
array('d', [68.05898437500001, 0.0, -75.8078125, -0.18671875000000002])
array('d', [68.15234375, 0.6068359375, -75.8544921875, 0.56015625])
array('d', [68.15234375, 1.0269531250000001, -76.0412109375, 1.2603515625000001])
array('d', [68.15234375, 1.0269531250000001, -75.6677734375, -0.18671875000000002])
array('d', [67.965625, 0.42011718750000004, -75.6677734375, -0.18671875000000002])
array('d', [67.965625, 0.0, -75.8078125, 0.1400390625])
array('d', [68.05898437500001, 0.42011718750000004, -75.434375, -1.9138671875000002])
array('d', [68.3857421875, 0.18671875000000002, -75.5744140625, 0.2333984375])
array('d', [68.3857421875, 0.37343750000000003, -74.967578125, 0.2333984375])
array('d', [67.312109375, 0.37343750000000003, -74.967578125, 0.2333984375])
array('d', [67.312109375, 0.37343750000000003, -74.967578125, 0.2333984375])
array('d', [67.312109375, 0.37343750000000003, -74.967578125, 0.2333984375])
array('d', [67.312109375, -0.42011718750000004, -76.274609375, -0.7935546875])
array('d', [68.15234375, 1.213671875, -75.901171875, 0.8402343750000001])
array('d', [68.15234375, -0.8869140625, -75.52773437500001, -0.280078125])
array('d', [68.15234375, -0.8869140625, -75.52773437500001, -0.280078125])
array('d', [68.245703125, -0.42011718750000004, -76.18125, -0.18671875000000002])
array('d', [68.245703125, 0.18671875000000002, -75.901171875, -0.18671875000000002])
array('d', [68.245703125, 0.18671875000000002, -75.901171875, 0.653515625])
array('d', [68.245703125, 0.18671875000000002, -75.901171875, 0.653515625])
array('d', [68.245703125, 0.18671875000000002, -75.901171875, 0.653515625])
array('d', [68.245703125, 0.18671875000000002, -75.901171875, 0.653515625])
array('d', [68.245703125, 0.18671875000000002, -75.901171875, 0.653515625])
array('d', [68.805859375, -1.0736328125, -75.52773437500001, -0.280078125])
array('d', [67.9189453125, 0.37343750000000003, -75.52773437500001, -0.18671875000000002])
array('d', [68.3857421875, -0.8869140625, -75.8078125, -0.18671875000000002])
array('d', [68.15234375, -0.6068359375, -75.154296875, 0.56015625])
array('d', [68.15234375, -0.6068359375, -75.4810546875, -0.466796875])
array('d', [68.15234375, -0.6068359375, -75.4810546875, -0.466796875])
array('d', [68.29238281250001, 1.213671875, -75.06093750000001, -0.09335937500000001])
array('d', [68.15234375, 0.8402343750000001, -75.99453125000001, 0.1400390625])
array('d', [68.15234375, 0.8402343750000001, -75.99453125000001, 0.1400390625])
array('d', [67.82558593750001, 1.213671875, -75.901171875, 0.466796875])
array('d', [68.3857421875, -0.046679687500000004, -75.06093750000001, 0.466796875])
array('d', [68.3857421875, -0.046679687500000004, -75.06093750000001, 0.466796875])
array('d', [68.3857421875, -0.046679687500000004, -75.901171875, 1.6804687500000002])
array('d', [68.15234375, 0.0, -75.901171875, 1.6804687500000002])
array('d', [67.82558593750001, 0.6068359375, -74.780859375, -0.280078125])
array('d', [68.805859375, 0.42011718750000004, -75.714453125, 0.56015625])
array('d', [68.805859375, 0.42011718750000004, -75.4810546875, -0.09335937500000001])
array('d', [68.15234375, 0.18671875000000002, -75.4810546875, -0.09335937500000001])
array('d', [68.7125, 0.42011718750000004, -75.434375, 0.56015625])
array('d', [68.7125, 0.42011718750000004, -75.434375, 0.56015625])
array('d', [68.7125, 0.42011718750000004, -75.434375, 0.56015625])
array('d', [68.7125, 0.42011718750000004, -75.99453125000001, -0.09335937500000001])
array('d', [68.805859375, -0.653515625, -75.99453125000001, -0.09335937500000001])
array('d', [67.965625, 0.7935546875, -75.4810546875, 0.56015625])
array('d', [68.1990234375, -0.8869140625, -75.4810546875, 0.56015625])
array('d', [68.1990234375, -0.8869140625, -75.4810546875, 0.56015625])
array('d', [68.1990234375, -0.8869140625, -75.3876953125, 0.2333984375])
array('d', [68.4791015625, 0.6068359375, -75.4810546875, 0.2333984375])
array('d', [68.05898437500001, 0.42011718750000004, -75.52773437500001, -0.280078125])
array('d', [68.05898437500001, 1.2603515625000001, -75.29433593750001, -0.18671875000000002])
array('d', [68.619140625, 1.2603515625000001, -75.29433593750001, -0.18671875000000002])
array('d', [68.29238281250001, 0.7935546875, -75.8078125, -0.280078125])
array('d', [68.29238281250001, -0.42011718750000004, -75.8078125, 0.56015625])
array('d', [68.29238281250001, -0.42011718750000004, -75.434375, 0.8402343750000001])
array('d', [68.29238281250001, -0.42011718750000004, -75.434375, 0.8402343750000001])
array('d', [68.1990234375, -0.046679687500000004, -75.9478515625, 0.56015625])
array('d', [68.1990234375, -0.6068359375, -75.9478515625, 0.56015625])
array('d', [68.1990234375, -0.6068359375, -75.9478515625, 0.56015625])
array('d', [68.1990234375, -0.6068359375, -75.29433593750001, 0.1400390625])
array('d', [68.1990234375, -0.42011718750000004, -75.29433593750001, -0.7935546875])
array('d', [68.1990234375, -0.42011718750000004, -75.901171875, 0.1400390625])
array('d', [68.1056640625, -1.4937500000000001, -75.901171875, 0.1400390625])
array('d', [68.1990234375, -0.8869140625, -76.087890625, -0.8869140625])
array('d', [68.619140625, 1.213671875, -75.29433593750001, -0.280078125])
array('d', [68.619140625, 1.213671875, -75.154296875, 0.56015625])
array('d', [68.619140625, 0.0, -75.154296875, 0.56015625])
array('d', [68.1990234375, 0.18671875000000002, -75.434375, 0.1400390625])
array('d', [67.965625, 0.18671875000000002, -74.9208984375, -0.93359375])
array('d', [67.965625, -1.0736328125, -75.6677734375, -0.93359375])
array('d', [67.965625, -1.0736328125, -75.6677734375, -0.93359375])
array('d', [67.965625, -1.0736328125, -75.6677734375, -0.18671875000000002])
array('d', [68.619140625, 1.400390625, -74.967578125, 0.1400390625])
array('d', [68.3857421875, -0.42011718750000004, -75.714453125, 0.56015625])
array('d', [68.3857421875, -0.42011718750000004, -75.714453125, 0.56015625])
array('d', [68.3857421875, -0.42011718750000004, -75.714453125, 0.56015625])
array('d', [68.619140625, 0.18671875000000002, -74.967578125, -0.18671875000000002])
array('d', [68.619140625, 0.18671875000000002, -75.4810546875, 0.9802734375000001])
array('d', [68.619140625, 0.37343750000000003, -75.4810546875, 0.9802734375000001])
array('d', [67.685546875, 0.18671875000000002, -75.4810546875, -0.42011718750000004])
array('d', [68.7125, 0.6068359375, -75.3876953125, -0.18671875000000002])
array('d', [68.7125, -0.42011718750000004, -75.99453125000001, 1.30703125])
array('d', [68.1056640625, -0.42011718750000004, -75.99453125000001, 1.30703125])
array('d', [68.5724609375, -0.5134765625000001, -75.29433593750001, -0.8869140625])
array('d', [68.5724609375, 1.0269531250000001, -75.62109375, 0.1400390625])
array('d', [68.0123046875, 0.0, -75.29433593750001, -0.6068359375])
array('d', [68.0123046875, 0.0, -75.62109375, 0.56015625])
array('d', [68.7125, 0.2333984375, -75.4810546875, 1.1669921875])
array('d', [68.7125, 0.2333984375, -75.901171875, 0.8402343750000001])
array('d', [68.7125, 0.2333984375, -75.901171875, 0.8402343750000001])
array('d', [68.7125, 0.2333984375, -75.901171875, 0.8402343750000001])
array('d', [68.7125, 0.2333984375, -75.901171875, 0.8402343750000001])
array('d', [68.3390625, -0.42011718750000004, -75.62109375, 1.30703125])
array('d', [68.3390625, -0.42011718750000004, -75.901171875, -0.280078125])
array('d', [68.3390625, -1.0269531250000001, -75.901171875, -0.280078125])
array('d', [68.3390625, -0.42011718750000004, -75.4810546875, -0.93359375])
array('d', [68.3390625, -0.046679687500000004, -75.62109375, -0.6068359375])
array('d', [67.59218750000001, -0.046679687500000004, -75.62109375, -0.6068359375])
array('d', [68.3390625, 0.18671875000000002, -75.06093750000001, 0.3267578125])
array('d', [68.3390625, 0.18671875000000002, -75.06093750000001, 0.3267578125])
array('d', [68.3390625, 0.18671875000000002, -75.06093750000001, 0.3267578125])
array('d', [68.3390625, 0.18671875000000002, -75.06093750000001, 0.3267578125])
array('d', [68.3390625, 0.0, -75.4810546875, 0.653515625])
array('d', [68.432421875, 0.37343750000000003, -75.4810546875, 0.2333984375])
array('d', [68.432421875, 0.37343750000000003, -75.4810546875, -0.5134765625000001])
array('d', [68.432421875, 0.37343750000000003, -75.4810546875, -0.5134765625000001])
array('d', [68.432421875, 0.37343750000000003, -75.4810546875, -0.5134765625000001])
array('d', [68.432421875, 0.37343750000000003, -75.4810546875, -0.5134765625000001])
array('d', [68.432421875, 0.37343750000000003, -75.4810546875, -0.5134765625000001])
array('d', [68.4791015625, 0.0, -75.6677734375, 0.1400390625])
array('d', [68.432421875, -0.42011718750000004, -75.6677734375, 0.1400390625])
array('d', [68.3390625, 1.0269531250000001, -75.154296875, 0.8869140625])
array('d', [69.1326171875, 0.56015625, -75.3876953125, 0.56015625])
array('d', [69.1326171875, 0.56015625, -75.3876953125, -0.280078125])
array('d', [68.3390625, 0.9802734375000001, -75.3876953125, -0.280078125])
array('d', [68.6658203125, 0.18671875000000002, -74.87421875, -0.280078125])
array('d', [68.805859375, -0.2333984375, -75.3876953125, -0.466796875])
array('d', [68.805859375, -0.2333984375, -75.3876953125, 0.653515625])
array('d', [68.6658203125, -1.1203125, -75.6677734375, 0.653515625])
array('d', [68.89921875, -0.18671875000000002, -75.901171875, -0.93359375])
array('d', [68.6658203125, 0.42011718750000004, -75.3876953125, 0.56015625])
array('d', [68.6658203125, 0.42011718750000004, -74.87421875, 0.56015625])
array('d', [67.9189453125, 0.18671875000000002, -74.87421875, 0.56015625])
array('d', [68.1990234375, 0.18671875000000002, -75.4810546875, 0.2333984375])
array('d', [68.1990234375, 0.0, -75.901171875, -0.653515625])
array('d', [68.75917968750001, 0.0, -75.901171875, -0.653515625])
array('d', [68.89921875, -0.653515625, -75.901171875, -0.653515625])
array('d', [68.89921875, -0.653515625, -75.901171875, -0.653515625])
array('d', [68.89921875, -0.653515625, -75.8078125, 0.2333984375])
array('d', [68.5724609375, -0.37343750000000003, -75.8078125, 0.2333984375])
array('d', [68.432421875, 0.18671875000000002, -75.99453125000001, 0.8869140625])
array('d', [67.9189453125, -1.0269531250000001, -75.99453125000001, 0.8869140625])
array('d', [67.9189453125, -1.0269531250000001, -75.99453125000001, 0.8869140625])
array('d', [67.9189453125, -1.0269531250000001, -75.154296875, -0.93359375])
array('d', [68.6658203125, -0.2333984375, -75.24765625, -0.93359375])
array('d', [68.0123046875, 0.6068359375, -75.76113281250001, 0.2333984375])
array('d', [68.6658203125, -0.8869140625, -74.780859375, 1.9138671875000002])
array('d', [68.6658203125, -0.8869140625, -75.29433593750001, 0.56015625])
array('d', [68.1056640625, -0.42011718750000004, -75.29433593750001, 0.56015625])
array('d', [68.6658203125, -0.42011718750000004, -75.24765625, -0.09335937500000001])
array('d', [68.5724609375, -0.2333984375, -75.8078125, 0.466796875])
array('d', [68.1056640625, 0.7935546875, -75.3876953125, 0.1400390625])
array('d', [68.1056640625, 0.7935546875, -75.3876953125, 0.1400390625])
array('d', [68.1056640625, 0.7935546875, -75.3876953125, 0.1400390625])
array('d', [68.29238281250001, -0.8869140625, -75.1076171875, -0.93359375])
array('d', [68.29238281250001, 1.400390625, -75.29433593750001, 0.56015625])
array('d', [68.52578125000001, 1.400390625, -75.29433593750001, 0.56015625])
array('d', [68.52578125000001, 1.400390625, -75.434375, 0.56015625])
array('d', [68.805859375, 1.0269531250000001, -75.99453125000001, 0.2333984375])
array('d', [68.805859375, 1.0269531250000001, -75.99453125000001, -0.18671875000000002])
array('d', [68.6658203125, -0.42011718750000004, -75.3876953125, -0.18671875000000002])
array('d', [67.685546875, 1.213671875, -75.6677734375, -0.18671875000000002])
array('d', [68.1056640625, -0.18671875000000002, -75.8078125, -1.6337890625])
array('d', [68.1056640625, -0.18671875000000002, -75.8078125, 0.046679687500000004])
array('d', [67.77890625, -0.6068359375, -75.8078125, 0.046679687500000004])
array('d', [68.3390625, 0.37343750000000003, -75.52773437500001, 0.653515625])
array('d', [68.3390625, 0.37343750000000003, -75.52773437500001, 0.1400390625])
array('d', [68.3390625, 0.18671875000000002, -75.52773437500001, 0.1400390625])
array('d', [68.3390625, 0.18671875000000002, -75.52773437500001, 0.1400390625])
array('d', [68.3390625, 0.18671875000000002, -75.52773437500001, 0.1400390625])
array('d', [68.52578125000001, -0.18671875000000002, -75.8078125, -0.18671875000000002])
array('d', [67.59218750000001, -1.2603515625000001, -75.9478515625, -0.18671875000000002])
array('d', [68.75917968750001, 0.0, -76.087890625, -0.18671875000000002])
array('d', [68.75917968750001, 0.0, -76.087890625, -0.18671875000000002])
array('d', [68.75917968750001, 0.0, -76.087890625, -0.18671875000000002])
array('d', [68.29238281250001, 0.42011718750000004, -75.52773437500001, -0.9802734375000001])
array('d', [68.15234375, -0.6068359375, -75.52773437500001, 0.56015625])
array('d', [68.15234375, -0.6068359375, -75.52773437500001, -0.2333984375])
array('d', [68.15234375, -0.653515625, -75.52773437500001, -0.2333984375])
array('d', [68.9458984375, -0.046679687500000004, -74.5474609375, 0.9802734375000001])
array('d', [68.9458984375, -0.046679687500000004, -75.24765625, -1.400390625])
array('d', [68.29238281250001, -0.8402343750000001, -75.24765625, -1.400390625])
array('d', [68.29238281250001, -0.8402343750000001, -75.24765625, -1.400390625])
array('d', [68.29238281250001, -0.8402343750000001, -75.24765625, -1.400390625])
array('d', [68.29238281250001, -0.8402343750000001, -75.24765625, -1.400390625])
array('d', [68.29238281250001, 0.6068359375, -75.52773437500001, 0.8869140625])
array('d', [68.3857421875, 0.6068359375, -74.87421875, 0.8869140625])
array('d', [68.3857421875, 0.6068359375, -74.87421875, -0.18671875000000002])
array('d', [67.7322265625, -0.42011718750000004, -75.06093750000001, -0.18671875000000002])
array('d', [68.1990234375, 0.18671875000000002, -75.341015625, -0.5134765625000001])
array('d', [68.1990234375, 0.18671875000000002, -75.434375, -0.5134765625000001])
array('d', [68.3857421875, 0.280078125, -75.434375, -0.18671875000000002])
array('d', [67.7322265625, 0.93359375, -75.0142578125, 0.56015625])
array('d', [67.7322265625, 0.0, -75.8078125, 0.56015625])
array('d', [68.9458984375, 0.0, -75.8078125, 0.56015625])
array('d', [68.7125, 0.466796875, -75.0142578125, -0.93359375])
array('d', [68.1990234375, 0.3267578125, -75.341015625, -0.18671875000000002])
array('d', [68.15234375, 0.8869140625, -75.1076171875, -0.7935546875])
array('d', [68.15234375, -0.56015625, -74.967578125, -0.18671875000000002])
array('d', [68.245703125, -0.56015625, -74.967578125, -0.18671875000000002])
array('d', [68.245703125, 0.18671875000000002, -75.0142578125, -0.93359375])
array('d', [68.245703125, 0.18671875000000002, -75.52773437500001, -0.18671875000000002])
array('d', [68.245703125, 0.18671875000000002, -74.780859375, 0.046679687500000004])
array('d', [68.15234375, -0.09335937500000001, -74.780859375, 0.046679687500000004])
array('d', [68.1990234375, 0.18671875000000002, -75.52773437500001, 0.56015625])
array('d', [67.5455078125, -0.56015625, -75.4810546875, -0.7935546875])
array('d', [67.5455078125, -0.56015625, -75.4810546875, -0.2333984375])
array('d', [67.5455078125, -0.280078125, -75.29433593750001, -0.2333984375])
array('d', [68.4791015625, -0.56015625, -75.29433593750001, -0.9802734375000001])
array('d', [68.4791015625, -0.56015625, -75.4810546875, -0.6068359375])
array('d', [68.4791015625, -0.56015625, -75.4810546875, -0.6068359375])
array('d', [68.4791015625, -0.56015625, -75.4810546875, -0.6068359375])
array('d', [68.4791015625, -0.56015625, -75.4810546875, -0.6068359375])
array('d', [67.9189453125, 1.0269531250000001, -75.4810546875, -0.6068359375])
array('d', [68.1990234375, 0.046679687500000004, -75.06093750000001, 0.56015625])
array('d', [68.5724609375, -1.1203125, -75.29433593750001, 0.1400390625])
array('d', [67.77890625, 0.7468750000000001, -74.9208984375, 0.1400390625])
array('d', [68.0123046875, 1.0269531250000001, -75.2009765625, 0.1400390625])
array('d', [68.05898437500001, -0.280078125, -75.434375, -0.6068359375])
array('d', [68.432421875, -0.280078125, -75.434375, -0.6068359375])
array('d', [68.432421875, -0.280078125, -75.434375, -0.6068359375])
array('d', [68.432421875, -0.280078125, -75.434375, -0.6068359375])
array('d', [68.432421875, -0.280078125, -75.434375, -0.6068359375])
array('d', [68.432421875, 0.18671875000000002, -75.341015625, 0.2333984375])
array('d', [68.0123046875, 0.7468750000000001, -75.1076171875, 0.2333984375])
array('d', [68.0123046875, -1.400390625, -74.9208984375, -0.5134765625000001])
array('d', [68.805859375, -1.400390625, -74.9208984375, -0.5134765625000001])
array('d', [68.805859375, -1.400390625, -74.9208984375, -0.5134765625000001])
array('d', [68.4791015625, -0.8402343750000001, -74.6875, -1.213671875])
array('d', [68.4791015625, -0.280078125, -75.5744140625, 0.2333984375])
array('d', [68.4791015625, -0.280078125, -75.5744140625, 0.1400390625])
array('d', [67.7322265625, 0.6068359375, -75.4810546875, 0.1400390625])
array('d', [68.3390625, 0.18671875000000002, -74.967578125, -0.5134765625000001])
array('d', [68.3390625, 0.3267578125, -76.0412109375, -1.30703125])
array('d', [68.0123046875, 0.3267578125, -76.0412109375, -1.30703125])
array('d', [68.0123046875, -0.37343750000000003, -75.341015625, 2.6607421875000004])
array('d', [67.7322265625, 0.18671875000000002, -75.2009765625, -2.0539062500000003])
array('d', [67.7322265625, 0.18671875000000002, -75.2009765625, -2.0539062500000003])
array('d', [68.15234375, 0.18671875000000002, -75.341015625, -1.213671875])
array('d', [68.15234375, 0.18671875000000002, -75.341015625, -1.213671875])
array('d', [68.4791015625, -0.09335937500000001, -75.29433593750001, -0.466796875])
array('d', [68.8525390625, 0.18671875000000002, -75.29433593750001, 1.0736328125])
array('d', [68.8525390625, -9.989453125, -75.29433593750001, 1.0736328125])
array('d', [67.82558593750001, -9.989453125, -75.29433593750001, 13.3970703125])
array('d', [52.6546875, -29.221484375000003, -59.236523437500004, 31.0419921875])
array('d', [38.1373046875, -43.4587890625, -43.4587890625, 40.7513671875])
array('d', [38.1373046875, -43.4587890625, -43.4587890625, 40.7513671875])
array('d', [38.1373046875, -43.4587890625, -43.4587890625, 40.7513671875])
array('d', [38.1373046875, -43.4587890625, -43.4587890625, 40.7513671875])
array('d', [38.1373046875, -43.4587890625, -43.4587890625, 40.7513671875])
array('d', [27.541015625, -48.453515625, -32.395703125000004, 52.3279296875])
array('d', [27.541015625, -54.801953125000004, -25.860546875, 57.789453125])
array('d', [16.8513671875, -54.801953125000004, -25.860546875, 57.789453125])
array('d', [11.809960937500001, -63.110937500000006, -18.1583984375, 77.2548828125])
array('d', [1.9605468750000001, -70.9064453125, -8.6357421875, 77.2548828125])
array('d', [-3.7810546875, -74.36074218750001, 0.2333984375, 85.56386718750001])
array('d', [-3.7810546875, -77.8150390625, 5.6015625, 85.56386718750001])
array('d', [-16.337890625, -77.8150390625, 5.6015625, 94.9931640625])
array('d', [-24.740234375, -81.6427734375, 13.910546875000001, 102.64863281250001])
array('d', [-33.4693359375, -81.2693359375, 22.219531250000003, 107.643359375])
array('d', [-33.4693359375, -81.2693359375, 22.219531250000003, 107.643359375])
array('d', [-44.345703125, -80.47578125, 28.1478515625, 116.4658203125])
array('d', [-51.300976562500004, -76.087890625, 33.4693359375, 121.08710937500001])
array('d', [-51.300976562500004, -76.087890625, 36.9703125, 124.77480468750001])
array('d', [-134.0640625, -32.4890625, 28.8947265625, 134.6708984375])
array('d', [-134.1107421875, -37.2037109375, 29.128125, 133.50390625])
array('d', [-134.1107421875, -37.2037109375, 29.128125, 133.50390625])
array('d', [-134.1107421875, -37.2037109375, 29.128125, 133.50390625])
array('d', [-134.1107421875, -37.2037109375, 29.128125, 133.50390625])
array('d', [-134.01738281250002, -35.2431640625, 30.80859375, 134.1107421875])
array('d', [-133.3638671875, -42.431835937500004, 35.009765625, 133.55058593750002])
array('d', [-133.3638671875, -41.404882812500006, 34.3095703125, 134.25078125000002])
array('d', [-133.3638671875, -41.404882812500006, 34.3095703125, 134.25078125000002])
array('d', [-134.01738281250002, -36.5501953125, 39.631054687500004, 134.3908203125])
array('d', [-133.410546875, -42.571875000000006, 39.7244140625, 133.78398437500002])
array('d', [-133.410546875, -42.571875000000006, 43.0853515625, 133.223828125])
array('d', [-134.2974609375, -41.6849609375, 43.0853515625, 133.223828125])
array('d', [-134.2041015625, -44.3923828125, 43.31875, 133.1771484375])
array('d', [-133.13046875, -45.4193359375, 42.0583984375, 133.970703125])
array('d', [-133.13046875, -45.4193359375, 42.0583984375, 133.970703125])
array('d', [-133.13046875, -45.4193359375, 42.0583984375, 133.970703125])
array('d', [-133.13046875, -41.544921875, 38.183984375, 134.1107421875])
array('d', [-133.690625, -38.3240234375, 41.4515625, 134.2974609375])
array('d', [-133.410546875, -36.130078125000004, 38.6041015625, 131.63671875])
array('d', [-133.410546875, -36.130078125000004, 38.6041015625, 131.63671875])
array('d', [-133.410546875, -36.130078125000004, 38.6041015625, 131.63671875])
array('d', [-133.690625, -41.498242187500004, 35.196484375000004, 133.410546875])
array('d', [-133.690625, -41.498242187500004, 32.8158203125, 134.157421875])
array('d', [-133.87734375, -44.3923828125, 32.8158203125, 134.157421875])
array('d', [-133.6439453125, -40.89140625, 35.569921875, 134.4375])
array('d', [-133.55058593750002, -40.51796875, 38.1373046875, 134.4375])
array('d', [-133.55058593750002, -40.51796875, 38.8375, 134.2974609375])
array('d', [-133.410546875, -44.3923828125, 38.8375, 134.2974609375])
array('d', [-134.25078125000002, -47.8466796875, 35.0564453125, 134.4375])
array('d', [-134.25078125000002, -47.8466796875, 38.697460937500004, 133.223828125])
array('d', [-133.970703125, -49.48046875, 38.697460937500004, 133.223828125])
array('d', [-133.597265625, -49.200390625000004, 38.697460937500004, 133.223828125])
array('d', [-133.597265625, -49.200390625000004, 45.932812500000004, 133.08378906250002])
array('d', [-133.690625, -45.092578125, 45.932812500000004, 133.08378906250002])
array('d', [-132.85039062500002, -48.500195312500004, 45.092578125, 133.2705078125])
array('d', [-134.01738281250002, -50.367382812500004, 45.652734375, 134.0640625])
array('d', [-134.01738281250002, -50.367382812500004, 45.652734375, 134.0640625])
array('d', [-133.31718750000002, -56.1556640625, 47.3798828125, 134.01738281250002])
array('d', [-133.8306640625, -53.775000000000006, 47.893359375, 133.6439453125])
array('d', [-133.8306640625, -53.775000000000006, 50.4607421875, 134.530859375])
array('d', [-133.7373046875, -47.4265625, 50.4607421875, 134.530859375])
array('d', [-132.0568359375, -44.345703125, 48.546875, 133.970703125])
array('d', [-133.31718750000002, -43.5521484375, 42.571875000000006, 133.78398437500002])
array('d', [-133.31718750000002, -43.5521484375, 42.571875000000006, 133.78398437500002])
array('d', [-133.7373046875, -46.586328125, 38.930859375000004, 133.50390625])
array('d', [-134.4375, -44.8591796875, 36.2701171875, 133.78398437500002])
array('d', [-134.4375, -44.8591796875, 36.2701171875, 133.78398437500002])
array('d', [-134.4375, -44.8591796875, 36.2701171875, 133.78398437500002])
array('d', [-134.01738281250002, -39.677734375, 39.864453125000004, 133.597265625])
array('d', [-133.78398437500002, -40.0044921875, 41.078125, 133.7373046875])
array('d', [-133.78398437500002, -40.0044921875, 39.7244140625, 133.55058593750002])
array('d', [-133.037109375, -41.498242187500004, 39.7244140625, 133.55058593750002])
array('d', [-133.410546875, -43.1787109375, 35.896679687500004, 133.223828125])
array('d', [-133.970703125, -45.8861328125, 35.383203125, 133.50390625])
array('d', [-133.970703125, -45.8861328125, 35.383203125, 134.2041015625])
array('d', [-133.970703125, -45.8861328125, 35.383203125, 134.2041015625])
array('d', [-134.48417968750002, -44.1123046875, 39.4443359375, 134.2041015625])
array('d', [-133.7373046875, -44.1123046875, 39.4443359375, 134.2041015625])
array('d', [-134.48417968750002, -43.132031250000004, 40.8447265625, 134.1107421875])
array('d', [-134.48417968750002, -44.4857421875, 39.4443359375, 133.6439453125])
array('d', [-133.8306640625, -47.519921875, 38.9775390625, 134.6708984375])
array('d', [-135.1376953125, -47.519921875, 38.9775390625, 134.6708984375])
array('d', [-134.4375, -47.893359375, 34.729687500000004, 134.6708984375])
array('d', [-134.4375, -47.893359375, 34.729687500000004, 134.6708984375])
array('d', [-133.7373046875, -45.652734375, 40.14453125, 133.597265625])
array('d', [-133.6439453125, -43.738867187500006, 43.31875, 133.597265625])
array('d', [-133.6439453125, -47.4265625, 43.31875, 133.597265625])
array('d', [-133.78398437500002, -47.706640625000006, 43.9255859375, 133.690625])
array('d', [-133.78398437500002, -50.320703125, 46.8197265625, 133.597265625])
array('d', [-132.85039062500002, -50.320703125, 46.8197265625, 133.7373046875])
array('d', [-134.4375, -48.453515625, 46.4462890625, 133.7373046875])
array('d', [-133.87734375, -47.4265625, 44.999218750000004, 134.0640625])
array('d', [-133.87734375, -47.4265625, 44.765820312500004, 132.196875])
array('d', [-133.9240234375, -47.519921875, 44.765820312500004, 132.196875])
array('d', [-133.6439453125, -47.61328125, 38.4173828125, 134.01738281250002])
array('d', [-133.6439453125, -11.9966796875, 39.677734375, 134.95097656250002])
array('d', [-131.45000000000002, -11.9966796875, 39.677734375, 134.95097656250002])
array('d', [-128.1357421875, -4.5746093750000005, 41.1248046875, 133.223828125])
array('d', [-127.34218750000001, -5.9750000000000005, 37.297070312500004, 133.970703125])
array('d', [-127.34218750000001, -5.9750000000000005, 37.297070312500004, 132.9904296875])
array('d', [-121.833984375, -5.134765625, 35.429882812500004, 132.9904296875])
array('d', [-120.57363281250001, -2.8474609375, 27.9611328125, 134.0640625])
array('d', [-118.56640625, 1.30703125, 29.454882812500003, 133.597265625])
array('d', [-118.56640625, 1.30703125, 29.454882812500003, 132.85039062500002])
array('d', [-113.7583984375, 1.6804687500000002, 28.0078125, 132.85039062500002])
array('d', [-114.08515625000001, 4.2478515625, 38.744140625, 133.4572265625])
array('d', [-112.45136718750001, 7.888867187500001, 35.896679687500004, 134.62421875])
array('d', [-112.45136718750001, 7.888867187500001, 35.896679687500004, 134.62421875])
array('d', [-107.5966796875, 8.7291015625, 38.183984375, 133.4572265625])
array('d', [-106.7564453125, 10.45625, 38.1373046875, 133.4572265625])
array('d', [-106.38300781250001, 12.650195312500001, 30.1083984375, 134.8109375])
array('d', [-101.20156250000001, 12.650195312500001, 30.1083984375, 134.8109375])
array('d', [-101.20156250000001, 12.650195312500001, 30.1083984375, 134.8109375])
array('d', [-101.20156250000001, 12.650195312500001, 30.1083984375, 134.8109375])
array('d', [-101.20156250000001, 15.450976562500001, 30.80859375, 133.690625])
array('d', [-101.20156250000001, 15.450976562500001, 37.7171875, 134.71757812500002])
array('d', [-97.00039062500001, 20.35234375, 37.7171875, 134.71757812500002])
array('d', [-94.386328125, 21.519335937500003, 34.35625, 134.71757812500002])
array('d', [-92.892578125, 24.786914062500003, 33.609375, 130.796484375])
array('d', [-92.892578125, 24.786914062500003, 33.609375, 130.796484375])
array('d', [-91.67890625000001, 24.740234375, 36.4568359375, 130.8431640625])
array('d', [-91.67890625000001, 24.740234375, 36.4568359375, 130.8431640625])
array('d', [-88.13125000000001, 27.44765625, 32.2556640625, 130.3296875])
array('d', [-83.6033203125, 27.44765625, 34.91640625, 130.796484375])
array('d', [-82.0162109375, 29.734960937500002, 31.788867187500003, 129.11601562500002])
array('d', [-82.0162109375, 29.734960937500002, 31.788867187500003, 129.11601562500002])
array('d', [-80.66250000000001, 27.6810546875, 27.4943359375, 124.91484375])
array('d', [-80.66250000000001, 28.6146484375, 27.44765625, 123.2810546875])
array('d', [-75.9478515625, 28.6146484375, 27.44765625, 123.2810546875])
array('d', [-77.021484375, 28.334570312500002, 27.44765625, 123.2810546875])
array('d', [-77.021484375, 28.334570312500002, 27.44765625, 123.2810546875])
array('d', [-77.021484375, 28.334570312500002, 27.44765625, 123.2810546875])
array('d', [-77.021484375, 28.334570312500002, 27.44765625, 123.2810546875])
array('d', [-77.021484375, 28.334570312500002, 27.44765625, 123.2810546875])
array('d', [-77.021484375, 28.334570312500002, 27.44765625, 123.2810546875])
array('d', [-77.021484375, 28.334570312500002, 27.44765625, 123.2810546875])
array('d', [-77.021484375, 23.246484375, 19.8388671875, 115.5322265625])
array('d', [-81.0359375, 23.246484375, 19.8388671875, 115.5322265625])
array('d', [-86.54414062500001, 23.71328125, 15.404296875, 109.97734375])
array('d', [-85.7505859375, 18.3451171875, 10.6896484375, 109.97734375])
array('d', [-85.7505859375, 18.3451171875, 10.6896484375, 109.97734375])
array('d', [-85.7505859375, 18.3451171875, 10.6896484375, 109.97734375])
array('d', [-85.7505859375, 18.3451171875, 10.6896484375, 100.03457031250001])
array('d', [-90.1384765625, 14.2373046875, 6.5818359375, 100.03457031250001])
array('d', [-90.23183593750001, 11.76328125, 2.333984375, 93.73281250000001])
array('d', [-90.23183593750001, 4.6212890625, 1.4937500000000001, 93.91953125])
array('d', [-89.6716796875, 4.6212890625, 1.4937500000000001, 85.79726562500001])
array('d', [-95.9267578125, 2.147265625, -0.7935546875, 85.79726562500001])
array('d', [-98.120703125, 1.5404296875, -2.42734375, 84.44355468750001])
array('d', [-98.120703125, 1.5404296875, -2.42734375, 84.44355468750001])
array('d', [-98.120703125, 1.5404296875, -2.42734375, 84.44355468750001])
array('d', [-102.321875, -5.4615234375, -4.6212890625, 84.16347656250001])
array('d', [-102.321875, -5.4615234375, -4.6212890625, 83.93007812500001])
array('d', [-106.0095703125, -7.935546875, -4.6212890625, 83.93007812500001])
array('d', [-106.98984375, -10.736328125, -2.6140625, 79.822265625])
array('d', [-108.20351562500001, -13.583789062500001, -2.6140625, 79.1220703125])
array('d', [-108.20351562500001, -13.583789062500001, -1.6337890625, 83.97675781250001])
array('d', [-113.38496093750001, -12.416796875000001, -1.6337890625, 83.97675781250001])
array('d', [-113.38496093750001, -12.416796875000001, -1.6337890625, 83.97675781250001])
array('d', [-113.38496093750001, -12.416796875000001, -1.6337890625, 83.97675781250001])
array('d', [-115.112109375, -15.450976562500001, 0.2333984375, 81.4560546875])
array('d', [-115.43886718750001, -17.8783203125, 2.0072265625, 89.8583984375])
array('d', [-115.43886718750001, -17.8783203125, 7.1419921875000005, 91.30546875])
array('d', [-120.526953125, -21.986132812500003, 33.9361328125, 113.33828125000001])
array('d', [-121.647265625, -21.986132812500003, 33.9361328125, 113.33828125000001])
array('d', [-121.647265625, -20.6791015625, 35.663281250000004, 118.099609375])
array('d', [-122.394140625, -20.819140625000003, 35.663281250000004, 122.67421875000001])
array('d', [-129.0693359375, -21.566015625000002, 37.4837890625, 122.67421875000001])
array('d', [-129.0693359375, -18.018359375, 44.25234375, 129.489453125])
array('d', [-131.63671875, -18.018359375, 39.864453125000004, 135.1376953125])
array('d', [-134.1107421875, -18.578515625, 39.864453125000004, 135.1376953125])
array('d', [-133.1771484375, -19.41875, 36.0833984375, 134.01738281250002])
array('d', [-134.5775390625, -24.6935546875, 31.648828125, 130.98320312500002])
array('d', [-134.5775390625, -24.6935546875, 30.388476562500003, 131.9634765625])
array('d', [-134.0640625, -26.700781250000002, 30.388476562500003, 131.9634765625])
array('d', [-133.78398437500002, -27.7744140625, 31.18203125, 134.48417968750002])
array('d', [-133.50390625, -28.19453125, 31.0419921875, 133.8306640625])
array('d', [-133.50390625, -28.19453125, 31.0419921875, 133.7373046875])
array('d', [-133.7373046875, -29.0814453125, 27.167578125000002, 133.7373046875])
array('d', [-133.7373046875, -29.0814453125, 27.167578125000002, 133.7373046875])
array('d', [-133.7373046875, -29.0814453125, 27.167578125000002, 133.7373046875])
array('d', [-134.5775390625, -35.103125, 26.140625, 132.61699218750002])
array('d', [-134.25078125000002, -39.4443359375, 27.541015625, 133.970703125])
array('d', [-134.48417968750002, -37.8572265625, 27.821093750000003, 133.690625])
array('d', [-134.48417968750002, -36.5501953125, 32.629101562500004, 133.1771484375])
array('d', [-133.4572265625, -36.5501953125, 32.629101562500004, 134.344140625])
array('d', [-133.6439453125, -35.896679687500004, 37.8572265625, 134.344140625])
array('d', [-133.970703125, -35.3365234375, 34.823046875, 132.9904296875])
array('d', [-133.970703125, -35.3365234375, 32.955859375, 134.7642578125])
array('d', [-132.9904296875, -38.0439453125, 32.955859375, 134.7642578125])
array('d', [-133.8306640625, -39.304296875, 36.596875000000004, 135.7912109375])
array('d', [-133.78398437500002, -37.623828125, 32.2556640625, 133.3638671875])
array('d', [-133.78398437500002, -37.623828125, 32.2556640625, 133.3638671875])
array('d', [-133.87734375, -37.763867187500004, 37.250390625, 133.690625])
array('d', [-134.0640625, -35.7099609375, 34.963085937500004, 133.2705078125])
array('d', [-135.93125, -34.3095703125, 37.763867187500004, 133.970703125])
array('d', [-135.93125, -34.3095703125, 37.763867187500004, 134.71757812500002])
array('d', [-134.01738281250002, -32.115625, 38.4173828125, 134.71757812500002])
array('d', [-134.2974609375, -27.914453125, 39.7244140625, 133.4572265625])
array('d', [-134.2974609375, -27.914453125, 39.7244140625, 133.4572265625])
array('d', [-133.9240234375, -30.668554687500002, 35.6166015625, 133.410546875])
array('d', [-133.9240234375, -30.668554687500002, 36.596875000000004, 134.01738281250002])
array('d', [-133.87734375, -33.609375, 36.596875000000004, 134.3908203125])
array('d', [-133.87734375, -33.609375, 36.596875000000004, 134.3908203125])
array('d', [-133.6439453125, -31.555468750000003, 38.230664062500004, 134.3908203125])
array('d', [-133.7373046875, -30.9953125, 32.162304687500004, 133.223828125])
array('d', [-133.2705078125, -30.5751953125, 34.4029296875, 135.74453125])
array('d', [-133.2705078125, -30.5751953125, 32.769140625, 134.0640625])
array('d', [-133.7373046875, -32.629101562500004, 32.769140625, 134.0640625])
array('d', [-133.50390625, -32.4423828125, 32.0689453125, 134.2041015625])
array('d', [-134.25078125000002, -31.6955078125, 29.221484375000003, 135.091015625])
array('d', [-133.7373046875, -34.1228515625, 34.35625, 134.1107421875])
array('d', [-133.7373046875, -34.1228515625, 34.35625, 133.2705078125])
array('d', [-134.1107421875, -33.0025390625, 31.368750000000002, 133.2705078125])
array('d', [-133.50390625, -7.46875, 32.955859375, 134.3908203125])
array('d', [-133.50390625, -3.267578125, 36.41015625, 133.8306640625])
array('d', [-132.9904296875, -3.267578125, 36.41015625, 133.8306640625])
array('d', [-132.5236328125, -3.1275390625000004, 36.830273437500004, 133.50390625])
array('d', [-131.169921875, -0.56015625, 36.5501953125, 132.663671875])
array('d', [-130.423046875, 0.653515625, 32.30234375, 133.037109375])
array('d', [-130.423046875, 0.653515625, 32.30234375, 133.037109375])
array('d', [-130.423046875, 0.653515625, 32.30234375, 133.037109375])
array('d', [-130.423046875, 0.653515625, 32.30234375, 133.037109375])
array('d', [-130.423046875, 0.653515625, 32.30234375, 133.037109375])
array('d', [-127.248828125, 2.0539062500000003, 36.6435546875, 133.08378906250002])
array('d', [-123.60781250000001, 2.0539062500000003, 36.6435546875, 133.2705078125])
array('d', [-123.4677734375, 3.6876953125000003, 36.2234375, 133.2705078125])
array('d', [-123.4677734375, 3.6876953125000003, 36.2234375, 133.2705078125])
array('d', [-123.4677734375, 3.6876953125000003, 36.2234375, 133.2705078125])
array('d', [-123.4677734375, 3.6876953125000003, 36.2234375, 133.2705078125])
array('d', [-119.92011718750001, 6.6751953125000005, 40.4712890625, 134.01738281250002])
array('d', [-115.95234375000001, 9.1025390625, 33.4693359375, 133.037109375])
array('d', [-115.95234375000001, 10.2228515625, 34.4029296875, 132.9904296875])
array('d', [-115.95234375000001, 10.2228515625, 34.4029296875, 132.9904296875])
array('d', [-111.377734375, 13.910546875000001, 36.1767578125, 133.7373046875])
array('d', [56.3890625, 133.55058593750002, 30.7619140625, 134.3908203125])
array('d', [57.4626953125, 133.6439453125, 35.9900390625, 133.87734375])
array('d', [59.096484375, 133.50390625, 35.9900390625, 133.87734375])
array('d', [56.0623046875, 133.78398437500002, 31.4154296875, 133.55058593750002])
array('d', [44.8125, 133.50390625, 20.4923828125, 133.9240234375])
array('d', [44.8125, 133.50390625, 14.9375, 134.4375])
array('d', [37.9505859375, 133.690625, 14.9375, 134.4375])
array('d', [30.388476562500003, 121.04042968750001, 10.26953125, 24.833593750000002])
array('d', [19.8388671875, 103.30214843750001, 2.3806640625, -1.0736328125])
array('d', [19.8388671875, 94.24628906250001, -3.1275390625000004, -22.0794921875])
array('d', [12.8369140625, 94.24628906250001, -3.1275390625000004, -23.0130859375])
array('d', [3.8744140625, 86.357421875, -10.409570312500001, -23.0130859375])
array('d', [0.5134765625000001, 84.16347656250001, -18.7185546875, -29.268164062500002])
array('d', [0.5134765625000001, 84.16347656250001, -18.7185546875, -29.268164062500002])
array('d', [0.5134765625000001, 84.16347656250001, -18.7185546875, -29.268164062500002])
array('d', [0.5134765625000001, 78.3751953125, -22.3595703125, -34.91640625])
array('d', [-0.42011718750000004, 78.3751953125, -22.3595703125, -34.91640625])
array('d', [-7.1419921875000005, 73.8005859375, -27.4943359375, -38.557421875])
array('d', [-12.3701171875, 71.980078125, -28.7080078125, -40.51796875])
array('d', [-21.332617187500002, 48.546875, -28.7080078125, -40.51796875])
array('d', [-20.9125, 48.873632812500006, -30.341796875, -36.41015625])
array('d', [-20.9125, 48.873632812500006, -30.341796875, -35.896679687500004])
array('d', [-20.165625000000002, 50.22734375, -27.634375000000002, -35.896679687500004])
array('d', [-29.501562500000002, 40.331250000000004, -27.7744140625, -31.788867187500003])
array('d', [-32.9091796875, 35.6166015625, -35.7099609375, -40.798046875000004])
array('d', [-32.9091796875, 35.6166015625, -35.7099609375, -40.798046875000004])
array('d', [-31.835546875000002, 35.663281250000004, -38.557421875, -43.598828125000004])
array('d', [-31.835546875000002, 35.663281250000004, -38.557421875, -43.598828125000004])
array('d', [-31.835546875000002, 35.663281250000004, -38.557421875, -43.598828125000004])
array('d', [-34.4029296875, 33.6560546875, -39.9578125, -42.431835937500004])
array('d', [-34.4029296875, 33.6560546875, -37.297070312500004, -39.9111328125])
array('d', [-36.503515625, 32.9091796875, -37.297070312500004, -39.9111328125])
array('d', [-35.383203125, 31.7421875, -32.769140625, -41.825])
array('d', [-36.9236328125, 31.462109375, -34.4029296875, -39.117578125])
array('d', [-36.9236328125, 31.462109375, -34.4029296875, -39.117578125])
array('d', [-31.135351562500002, 31.275390625, -32.0689453125, -34.3095703125])
array('d', [-28.474609375, 33.6560546875, -32.0689453125, -34.3095703125])
array('d', [-28.474609375, 33.6560546875, -32.0689453125, -34.3095703125])
array('d', [-28.474609375, 33.6560546875, -32.0689453125, -34.3095703125])
array('d', [-18.9052734375, 35.6166015625, -16.431250000000002, -18.9052734375])
array('d', [-18.9052734375, 35.6166015625, -16.431250000000002, -18.9052734375])
array('d', [-18.9052734375, 35.6166015625, -16.431250000000002, -18.9052734375])
array('d', [-18.85859375, 33.516015625, -16.1044921875, -19.698828125000002])
array('d', [-18.85859375, 33.516015625, -15.450976562500001, -16.8046875])
array('d', [-18.7185546875, 34.16953125, -15.450976562500001, -16.8046875])
array('d', [-17.2248046875, 35.2431640625, -13.63046875, -17.4115234375])
array('d', [-18.1583984375, 32.2556640625, -15.030859375, -16.24453125])
array('d', [-18.1583984375, 32.2556640625, -12.790234375, -17.084765625])
array('d', [-18.9052734375, 32.7224609375, -12.790234375, -17.084765625])
array('d', [-21.659375, 31.602148437500002, -14.3306640625, -17.271484375])
array('d', [-18.765234375000002, 30.901953125000002, -12.976953125000001, -16.9447265625])
array('d', [-18.765234375000002, 30.901953125000002, -13.7705078125, -16.337890625])
array('d', [-18.765234375000002, 30.901953125000002, -13.7705078125, -16.337890625])
array('d', [-18.765234375000002, 30.901953125000002, -13.7705078125, -16.337890625])
array('d', [-18.765234375000002, 30.901953125000002, -13.7705078125, -16.337890625])
array('d', [-21.6126953125, 31.275390625, -15.404296875, -14.610742187500001])
array('d', [-18.1583984375, 27.9611328125, -15.404296875, -14.610742187500001])
array('d', [-19.1853515625, 28.4279296875, -11.856640625, -15.777734375000001])
array('d', [-21.752734375000003, 28.521289062500003, -13.4904296875, -17.364843750000002])
array('d', [-21.752734375000003, 26.980859375, -14.470703125, -15.6376953125])
array('d', [-21.84609375, 26.980859375, -14.470703125, -14.5640625])
array('d', [-19.6521484375, 29.408203125, -13.116992187500001, -14.5640625])
array('d', [-19.6521484375, 29.408203125, -13.116992187500001, -14.5640625])
array('d', [-19.6521484375, 29.408203125, -13.116992187500001, -14.5640625])
array('d', [-22.8263671875, 25.8138671875, -15.87109375, -17.644921875])
array('d', [-18.998632812500002, 25.066992187500002, -12.3234375, -15.7310546875])
array('d', [-18.998632812500002, 25.066992187500002, -12.3234375, -18.065039062500002])
array('d', [-18.998632812500002, 25.066992187500002, -12.3234375, -18.065039062500002])
array('d', [-18.998632812500002, 25.066992187500002, -12.3234375, -18.065039062500002])
array('d', [-21.939453125, 20.632421875000002, -14.4240234375, -15.3576171875])
array('d', [-24.086718750000003, 20.632421875000002, -14.4240234375, -15.3576171875])
array('d', [-19.465429687500002, 25.4404296875, -16.664648437500002, -16.3845703125])
array('d', [-19.465429687500002, 25.4404296875, -16.664648437500002, -16.3845703125])
array('d', [-19.465429687500002, 25.4404296875, -16.664648437500002, -16.3845703125])
array('d', [-19.465429687500002, 25.4404296875, -16.664648437500002, -16.3845703125])
array('d', [-25.720507812500003, 20.585742187500003, -15.87109375, -14.984179687500001])
array('d', [-22.126171875, 19.5587890625, -14.7974609375, -17.271484375])
array('d', [-22.126171875, 21.84609375, -16.711328125, -16.4779296875])
array('d', [-23.806640625, 21.84609375, -16.711328125, -16.4779296875])
array('d', [-23.806640625, 21.84609375, -16.711328125, -16.4779296875])
array('d', [-23.386523437500003, 20.632421875000002, -15.684375000000001, -17.178125])
array('d', [-23.386523437500003, 19.932226562500002, -16.8513671875, -15.964453125])
array('d', [-20.258984375, 19.932226562500002, -16.8513671875, -15.964453125])
array('d', [-20.258984375, 19.932226562500002, -16.8513671875, -15.964453125])
array('d', [-20.258984375, 19.932226562500002, -16.8513671875, -15.964453125])
array('d', [-20.258984375, 19.932226562500002, -16.8513671875, -15.964453125])
array('d', [-24.553515625000003, 20.5390625, -14.9375, -16.524609375])
array('d', [-21.2392578125, 18.531835937500002, -14.9375, -16.524609375])
array('d', [-21.1458984375, 18.4384765625, -16.0578125, -15.7310546875])
array('d', [-24.833593750000002, 18.298437500000002, -14.7974609375, -14.517382812500001])
array('d', [-24.833593750000002, 18.298437500000002, -14.7974609375, -15.3576171875])
array('d', [-18.671875, 17.364843750000002, -15.544335937500001, -15.3576171875])
array('d', [-22.59296875, 17.8783203125, -15.030859375, -16.711328125])
array('d', [-22.59296875, 16.8046875, -14.283984375000001, -13.63046875])
array('d', [-21.052539062500003, 16.8046875, -14.283984375000001, -13.63046875])
array('d', [-20.165625000000002, 17.3181640625, -16.24453125, -14.5640625])
array('d', [-20.258984375, 18.8119140625, -18.018359375, -14.5640625])
array('d', [-20.258984375, 18.8119140625, -18.018359375, -14.5640625])
array('d', [-20.258984375, 18.8119140625, -18.018359375, -17.8783203125])
array('d', [-19.2787109375, 18.531835937500002, -18.951953125, -17.8783203125])
array('d', [-13.350390625000001, 21.4259765625, -20.165625000000002, -19.698828125000002])
array('d', [-11.9966796875, 23.7599609375, -21.379296875, -22.452929687500003])
array('d', [-11.9966796875, 25.487109375000003, -25.58046875, -22.919726562500003])
array('d', [-9.382617187500001, 25.487109375000003, -25.58046875, -22.919726562500003])
array('d', [-7.0486328125, 28.848046875, -25.58046875, -22.919726562500003])
array('d', [-7.0486328125, 28.848046875, -25.58046875, -22.919726562500003])
array('d', [-7.0486328125, 28.848046875, -25.58046875, -22.919726562500003])
array('d', [-7.0486328125, 28.848046875, -25.58046875, -22.919726562500003])
array('d', [-7.0486328125, 28.848046875, -25.58046875, -22.919726562500003])
array('d', [-7.0486328125, 28.848046875, -25.58046875, -22.919726562500003])
array('d', [-3.3142578125, 32.115625, -32.115625, -27.914453125])
array('d', [-3.3142578125, 32.115625, -34.029492187500004, -33.7494140625])
array('d', [-0.5134765625000001, 35.4765625, -34.029492187500004, -33.7494140625])
array('d', [3.54765625, 41.5916015625, -37.15703125, -34.54296875])
array('d', [9.89609375, 44.345703125, -38.7908203125, -39.3509765625])
array('d', [9.89609375, 44.345703125, -38.7908203125, -39.3509765625])
array('d', [13.677148437500001, 47.893359375, -47.566601562500004, -43.6921875])
array('d', [13.677148437500001, 47.893359375, -47.566601562500004, -43.6921875])
array('d', [13.677148437500001, 47.893359375, -47.566601562500004, -43.6921875])
array('d', [16.711328125, 54.2884765625, -48.640234375000006, -44.719140625])
array('d', [16.711328125, 54.988671875, -53.168164062500004, -49.107031250000006])
array('d', [21.6126953125, 54.988671875, -53.168164062500004, -49.107031250000006])
array('d', [24.086718750000003, 58.676367187500006, -55.7822265625, -49.107031250000006])
array('d', [28.988085937500003, 67.40546875, -62.177343750000006, -54.988671875])
array('d', [28.988085937500003, 67.40546875, -62.177343750000006, -54.988671875])
array('d', [33.9361328125, 69.0859375, -65.49160156250001, -55.2220703125])
array('d', [33.9361328125, 69.0859375, -65.49160156250001, -55.2220703125])
array('d', [33.9361328125, 69.0859375, -65.49160156250001, -55.2220703125])
array('d', [34.8697265625, 71.13984375, -74.220703125, -57.9294921875])
array('d', [37.063671875000004, 75.99453125000001, -74.12734375000001, -57.369335937500004])
array('d', [39.584375, 80.5224609375, -80.3357421875, -57.5560546875])
array('d', [39.584375, 80.5224609375, -84.303515625, -59.376562500000006])
array('d', [42.898632812500004, 84.86367187500001, -84.303515625, -59.376562500000006])
array('d', [42.291796875, 87.89785156250001, -88.4580078125, -60.543554687500006])
array('d', [42.5251953125, 96.16015625, -87.89785156250001, -60.310156250000006])
array('d', [42.5251953125, 96.16015625, -87.89785156250001, -60.310156250000006])
array('d', [43.785546875, 99.52109375, -94.3396484375, -59.609960937500006])
array('d', [44.345703125, 100.64140625, -99.241015625, -57.509375000000006])
array('d', [44.345703125, 100.64140625, -99.241015625, -57.509375000000006])
array('d', [40.051171875, 102.321875, -97.04707031250001, -58.3962890625])
array('d', [38.370703125, 106.9431640625, -99.0076171875, -57.976171875000006])
array('d', [38.557421875, 111.47109375000001, -101.01484375000001, -55.82890625])
array('d', [38.557421875, 111.47109375000001, -101.01484375000001, -55.82890625])
array('d', [37.9505859375, 109.88398437500001, -102.50859375, -52.748046875])
array('d', [36.2234375, 111.05097656250001, -99.14765625000001, -52.608007812500006])
array('d', [36.2234375, 111.05097656250001, -99.14765625000001, -47.3798828125])
array('d', [35.2431640625, 114.925390625, -105.962890625, -47.3798828125])
array('d', [33.1892578125, 115.90566406250001, -106.33632812500001, -44.3923828125])
array('d', [32.5357421875, 117.35273437500001, -105.589453125, -45.4193359375])
array('d', [32.5357421875, 117.35273437500001, -105.589453125, -45.4193359375])
array('d', [32.5357421875, 117.35273437500001, -105.589453125, -45.4193359375])
array('d', [32.5357421875, 117.35273437500001, -105.589453125, -45.4193359375])
array('d', [32.5357421875, 117.35273437500001, -105.589453125, -45.4193359375])
array('d', [32.5357421875, 117.35273437500001, -105.589453125, -45.4193359375])
array('d', [31.368750000000002, 117.77285156250001, -107.5966796875, -46.49296875])
array('d', [14.2373046875, 119.5466796875, -133.08378906250002, -42.01171875])
array('d', [14.470703125, 119.5466796875, -133.08378906250002, -42.01171875])
array('d', [14.470703125, 122.0673828125, -133.970703125, -34.496289062500004])
array('d', [13.0703125, 121.1337890625, -133.410546875, -32.0689453125])
array('d', [13.0703125, 121.1337890625, -132.9904296875, -20.7724609375])
array('d', [13.723828125, 38.090625, -132.9904296875, -20.7724609375])
array('d', [13.0236328125, 37.297070312500004, -121.97402343750001, -17.2248046875])
array('d', [25.39375, 5.2748046875000005, -119.5, -12.043359375000001])
array('d', [25.39375, 5.2748046875000005, -119.5, -12.043359375000001])
array('d', [35.0564453125, 26.467382812500002, -111.23769531250001, -12.043359375000001])
array('d', [35.0564453125, 26.467382812500002, -111.23769531250001, -12.043359375000001])
array('d', [35.0564453125, 26.467382812500002, -111.23769531250001, -12.043359375000001])
array('d', [35.0564453125, 27.867773437500002, -101.71503906250001, -1.0736328125])
array('d', [40.331250000000004, 27.867773437500002, -101.71503906250001, -1.0736328125])
array('d', [45.8861328125, 32.862500000000004, -93.639453125, 3.267578125])
array('d', [49.667187500000004, 37.15703125, -88.5046875, 4.387890625])
array('d', [49.667187500000004, 37.15703125, -82.6697265625, 10.736328125])
array('d', [42.2451171875, 40.89140625, -82.6697265625, 10.736328125])
array('d', [39.164257812500004, 42.898632812500004, -78.8419921875, 15.8244140625])
array('d', [39.164257812500004, 42.898632812500004, -78.8419921875, 15.8244140625])
array('d', [39.164257812500004, 42.898632812500004, -78.8419921875, 15.8244140625])
array('d', [41.4515625, 46.49296875, -77.39492187500001, 22.59296875])
array('d', [48.080078125, 22.8263671875, -76.7880859375, 28.801367187500002])
array('d', [51.0208984375, 9.802734375, -74.7341796875, 29.921679687500003])
array('d', [51.0208984375, 9.802734375, -74.7341796875, 29.921679687500003])
array('d', [54.1484375, 10.9697265625, -73.6138671875, 17.178125])
array('d', [55.875585937500006, 8.915820312500001, -71.419921875, 10.176171875])
array('d', [55.875585937500006, 8.915820312500001, -68.619140625, 5.8349609375])
array('d', [55.875585937500006, 8.915820312500001, -68.619140625, 5.8349609375])
array('d', [55.875585937500006, 8.915820312500001, -68.619140625, 5.8349609375])
array('d', [55.875585937500006, 8.915820312500001, -68.619140625, 5.8349609375])
array('d', [57.135937500000004, 9.3359375, -68.619140625, 7.748828125])
array('d', [56.342382812500006, 7.28203125, -65.444921875, 7.748828125])
array('d', [57.0892578125, 5.694921875, -65.02480468750001, 7.001953125])
array('d', [57.0892578125, 5.694921875, -65.02480468750001, 7.001953125])
array('d', [57.416015625, 5.3681640625, -63.951171875, 5.228125])
array('d', [59.3298828125, 3.8277343750000004, -61.6171875, 4.6212890625])
array('d', [59.3298828125, 3.8277343750000004, -61.6171875, 4.6212890625])
array('d', [60.1234375, 3.5009765625, -61.6171875, 4.1078125000000005])
array('d', [61.010351562500006, 2.3806640625, -61.710546875000006, 3.7810546875])
array('d', [61.010351562500006, 2.3806640625, -61.710546875000006, 1.6804687500000002])
array('d', [61.150390625, 3.0341796875, -60.7302734375, 1.6804687500000002])
array('d', [61.150390625, 3.0341796875, -60.7302734375, 1.6804687500000002])
array('d', [61.150390625, 3.0341796875, -60.7302734375, 1.6804687500000002])
array('d', [61.150390625, 3.0341796875, -60.7302734375, 1.6804687500000002])
array('d', [61.150390625, 3.0341796875, -60.7302734375, 1.6804687500000002])
array('d', [59.656640625, 0.1400390625, -63.391015625, 0.18671875000000002])
array('d', [59.656640625, 0.1400390625, -63.391015625, 0.046679687500000004])
array('d', [58.909765625000006, -1.0269531250000001, -62.644140625000006, 0.046679687500000004])
array('d', [59.656640625, 13.817187500000001, -62.2240234375, -0.046679687500000004])
array('d', [73.0537109375, 31.648828125, -47.800000000000004, 12.5568359375])
array('d', [73.0537109375, 31.648828125, -30.7619140625, 29.128125])
array('d', [89.158203125, 42.665234375000004, -30.7619140625, 29.128125])
array('d', [73.5671875, 50.1806640625, -23.153125000000003, 38.557421875])
array('d', [73.5671875, 50.1806640625, -22.40625, 40.6580078125])
array('d', [75.76113281250001, 51.1142578125, -22.40625, 40.6580078125])
array('d', [75.76113281250001, 51.1142578125, -22.40625, 40.6580078125])
array('d', [73.38046875, 48.6869140625, -22.5462890625, 39.584375])
array('d', [71.51328125, 46.3529296875, -24.2267578125, 38.5107421875])
array('d', [69.739453125, 43.87890625, -24.926953125, 35.9900390625])
array('d', [69.739453125, 43.87890625, -24.926953125, 35.9900390625])
array('d', [69.739453125, 43.87890625, -24.926953125, 35.9900390625])
array('d', [69.739453125, 43.87890625, -24.926953125, 35.9900390625])
array('d', [66.005078125, 40.0044921875, -25.8138671875, 30.2951171875])
array('d', [59.5166015625, 36.316796875, -27.867773437500002, 28.567968750000002])
array('d', [59.5166015625, 36.316796875, -27.867773437500002, 26.654101562500003])
array('d', [57.0892578125, 26.654101562500003, -34.262890625000004, 26.654101562500003])
array('d', [51.4876953125, 24.833593750000002, -38.4173828125, 21.052539062500003])
array('d', [43.225390625, 17.6916015625, -41.7783203125, 13.723828125])
array('d', [43.225390625, 17.6916015625, -46.4462890625, 9.4759765625])
array('d', [41.5916015625, 15.12421875, -46.4462890625, 9.4759765625])
array('d', [34.963085937500004, 10.0361328125, -48.080078125, 6.721875000000001])
array('d', [30.668554687500002, 6.3017578125, -49.807226562500006, 1.0736328125])
array('d', [28.6146484375, 2.80078125, -53.634960937500004, -0.466796875])
array('d', [28.6146484375, 0.0, -57.742773437500006, -3.267578125])
array('d', [23.5732421875, 0.0, -57.742773437500006, -3.267578125])
array('d', [20.399023437500002, -1.8671875, -59.376562500000006, -6.16171875])
array('d', [16.9447265625, -4.5279296875, -61.150390625, -7.001953125])
array('d', [15.684375000000001, -6.488476562500001, -63.344335937500006, -10.409570312500001])
array('d', [15.684375000000001, -6.488476562500001, -63.344335937500006, -10.409570312500001])
array('d', [15.684375000000001, -6.488476562500001, -63.344335937500006, -10.409570312500001])
array('d', [15.684375000000001, -6.488476562500001, -63.344335937500006, -10.409570312500001])
array('d', [15.684375000000001, -6.488476562500001, -63.344335937500006, -10.409570312500001])
array('d', [16.197851562500002, -7.6087890625000005, -64.6046875, -10.176171875])
array('d', [14.657421875, -8.215625000000001, -65.49160156250001, -10.9697265625])
array('d', [14.3306640625, -10.1294921875, -65.25820312500001, -10.783007812500001])
array('d', [14.3306640625, -10.1294921875, -65.25820312500001, -10.642968750000001])
array('d', [16.5712890625, -1.1203125, -63.951171875, -9.149218750000001])
array('d', [17.6916015625, 0.8402343750000001, -63.391015625, -0.8402343750000001])
array('d', [17.6916015625, 0.8402343750000001, -62.410742187500006, 1.7271484375000001])
array('d', [19.41875, 1.9138671875000002, -62.410742187500006, 1.7271484375000001])
array('d', [21.8927734375, 4.4345703125, -58.4896484375, 3.1275390625000004])
array('d', [22.8263671875, 5.4615234375, -56.669140625000004, 4.48125])
array('d', [24.8802734375, 4.1078125000000005, -53.96171875, 2.0539062500000003])
array('d', [24.926953125, 4.4345703125, -53.308203125000006, 5.554882812500001])
array('d', [24.926953125, 4.4345703125, -53.308203125000006, 5.9283203125])
array('d', [27.867773437500002, 4.1078125000000005, -51.814453125, 5.9283203125])
array('d', [29.128125, 4.5279296875, -49.29375, 4.1078125000000005])
array('d', [31.088671875000003, 5.3681640625, -48.453515625, 6.068359375])
array('d', [31.088671875000003, 5.3681640625, -49.387109375, 6.815234375])
array('d', [30.201757812500002, 6.4417968750000005, -49.387109375, 6.815234375])
array('d', [28.6146484375, 5.1814453125, -47.333203125000004, 4.948046875])
array('d', [28.334570312500002, 3.54765625, -51.534375000000004, 3.4076171875])
array('d', [28.334570312500002, 3.54765625, -51.534375000000004, 3.4076171875])
array('d', [28.334570312500002, 3.54765625, -51.534375000000004, 3.4076171875])
array('d', [28.334570312500002, 3.5943359375000004, -52.3279296875, 3.4076171875])
array('d', [27.07421875, 3.5943359375000004, -52.3279296875, 3.4076171875])
array('d', [24.786914062500003, 0.466796875, -52.934765625000004, 1.9138671875000002])
array('d', [24.786914062500003, 0.466796875, -57.32265625, 1.9138671875000002])
array('d', [24.786914062500003, 0.466796875, -57.32265625, 1.9138671875000002])
array('d', [24.786914062500003, 0.466796875, -57.32265625, 1.9138671875000002])
array('d', [24.786914062500003, 0.466796875, -57.32265625, 1.9138671875000002])
array('d', [24.786914062500003, 0.466796875, -57.32265625, 1.9138671875000002])
array('d', [21.799414062500002, 0.2333984375, -48.5935546875, 3.3142578125])
array('d', [19.885546875, 0.8869140625, -49.013671875, 3.5943359375000004])
array('d', [19.885546875, 0.8869140625, -48.266796875000004, 3.4542968750000003])
array('d', [19.512109375, 0.93359375, -36.1767578125, 12.183398437500001])
array('d', [21.8927734375, 0.93359375, -36.1767578125, 12.183398437500001])
array('d', [8.915820312500001, -14.050585937500001, -19.0453125, 28.287890625000003])
array('d', [-5.3681640625, -30.80859375, -3.3609375000000004, 45.839453125000006])
array('d', [-5.3681640625, -30.80859375, -3.3609375000000004, 45.839453125000006])
array('d', [-5.3681640625, -36.0833984375, 2.6607421875000004, 53.868359375000004])
array('d', [-13.537109375, -36.0833984375, 2.6607421875000004, 61.897265625])
array('d', [-18.4384765625, -39.864453125000004, 9.989453125, 61.897265625])
array('d', [-29.408203125, -48.033398437500004, 19.2787109375, 71.09316406250001])
array('d', [-37.3904296875, -55.5955078125, 27.867773437500002, 79.3087890625])
array('d', [-37.3904296875, -55.5955078125, 34.823046875, 87.6177734375])
array('d', [-44.158984375, -61.6171875, 34.823046875, 87.6177734375])
array('d', [-53.9150390625, -64.698046875, 39.9111328125, 96.3935546875])
array('d', [-53.9150390625, -64.698046875, 39.9111328125, 96.3935546875])
array('d', [-134.4375, -42.75859375, 44.905859375000006, 132.85039062500002])
array('d', [-134.4375, -43.272070312500006, 47.519921875, 136.024609375])
array('d', [-132.8970703125, -43.272070312500006, 47.519921875, 136.024609375])
array('d', [-133.597265625, -38.183984375, 49.200390625000004, 133.7373046875])
array('d', [-134.6708984375, -41.5916015625, 42.9453125, 134.5775390625])
array('d', [-134.6708984375, -41.5916015625, 35.896679687500004, 133.690625])
array('d', [-132.7103515625, -48.080078125, 36.6435546875, 133.410546875])
array('d', [-133.08378906250002, -41.358203125, 40.6580078125, 134.157421875])
array('d', [-133.08378906250002, -41.358203125, 40.6580078125, 134.0640625])
array('d', [-133.7373046875, -41.731640625000004, 46.7263671875, 134.0640625])
array('d', [-133.7373046875, -41.731640625000004, 46.7263671875, 134.0640625])
array('d', [-133.7373046875, -41.731640625000004, 46.7263671875, 134.0640625])
array('d', [-133.9240234375, -45.139257812500006, 40.6580078125, 134.99765625])
array('d', [-133.9240234375, -50.507421875000006, 37.0169921875, 133.50390625])
array('d', [-133.7373046875, -50.507421875000006, 37.0169921875, 133.13046875])
array('d', [-133.87734375, -49.48046875, 35.85, 133.13046875])
array('d', [-133.410546875, -43.6455078125, 38.183984375, 133.9240234375])
array('d', [-133.410546875, -35.569921875, 39.2109375, 133.9240234375])
array('d', [-133.6439453125, -35.569921875, 39.2109375, 133.9240234375])
array('d', [-133.6439453125, -35.569921875, 39.2109375, 133.9240234375])
array('d', [-133.9240234375, -36.316796875, 37.7171875, 133.4572265625])
array('d', [-133.55058593750002, -39.491015625, 35.383203125, 134.2041015625])
array('d', [-134.1107421875, -40.611328125, 33.095898437500004, 133.8306640625])
array('d', [-134.1107421875, -40.611328125, 33.095898437500004, 133.8306640625])
array('d', [-133.87734375, -38.27734375, 32.955859375, 134.95097656250002])
array('d', [-133.87734375, -38.27734375, 38.697460937500004, 134.01738281250002])
array('d', [-134.157421875, -36.596875000000004, 38.697460937500004, 134.01738281250002])
array('d', [-133.4572265625, -37.250390625, 34.262890625000004, 134.1107421875])
array('d', [-133.31718750000002, -40.611328125, 41.031445312500004, 133.50390625])
array('d', [-133.31718750000002, -40.7513671875, 35.28984375, 133.970703125])
array('d', [-132.8970703125, -40.7513671875, 35.28984375, 133.970703125])
array('d', [-134.4375, -37.2037109375, 37.623828125, 133.597265625])
array('d', [-134.2974609375, -37.34375, 35.663281250000004, 134.1107421875])
array('d', [-134.2974609375, -37.34375, 35.663281250000004, 134.2974609375])
array('d', [-133.87734375, -40.7513671875, 37.34375, 134.2974609375])
array('d', [-133.597265625, -44.158984375, 36.4568359375, 135.93125])
array('d', [-132.94375, -46.49296875, 35.0564453125, 133.3638671875])
array('d', [-133.970703125, -44.8591796875, 37.297070312500004, 133.3638671875])
array('d', [-133.970703125, -44.8591796875, 37.297070312500004, 133.3638671875])
array('d', [-133.970703125, -44.8591796875, 37.297070312500004, 133.3638671875])
array('d', [-133.970703125, -43.272070312500006, 42.01171875, 132.5236328125])
array('d', [-134.7642578125, -43.272070312500006, 42.01171875, 132.5236328125])
array('d', [-133.2705078125, -45.8861328125, 42.571875000000006, 134.344140625])
array('d', [-133.13046875, -46.7263671875, 39.864453125000004, 133.410546875])
array('d', [-133.13046875, -46.7263671875, 39.864453125000004, 133.78398437500002])
array('d', [-133.7373046875, -50.4607421875, 40.984765625, 133.78398437500002])
array('d', [-133.13046875, -45.466015625000004, 36.7369140625, 133.3638671875])
array('d', [-134.25078125000002, -44.065625000000004, 44.672460937500006, 132.5703125])
array('d', [-134.25078125000002, -44.065625000000004, 44.672460937500006, 135.2310546875])
array('d', [-132.8970703125, -45.232617187500004, 44.439062500000006, 135.2310546875])
array('d', [-133.223828125, -44.62578125, 36.2234375, 132.9904296875])
array('d', [-135.091015625, -49.340429687500006, 36.78359375, 134.71757812500002])
array('d', [-135.091015625, -49.2470703125, 40.6580078125, 133.690625])
array('d', [-133.8306640625, -49.2470703125, 40.6580078125, 133.690625])
array('d', [-133.8306640625, -49.2470703125, 40.6580078125, 133.690625])
array('d', [-133.8306640625, -49.2470703125, 40.6580078125, 133.690625])
array('d', [-134.4375, -44.3923828125, 41.078125, 134.4375])
array('d', [-132.8970703125, -43.272070312500006, 38.8375, 134.2974609375])
array('d', [-132.8970703125, -45.466015625000004, 41.1248046875, 134.62421875])
array('d', [-133.08378906250002, -45.466015625000004, 41.1248046875, 134.62421875])
array('d', [-134.4375, -47.239843750000006, 36.830273437500004, 133.1771484375])
array('d', [-134.2041015625, -46.586328125, 36.690234375, 134.1107421875])
array('d', [-135.091015625, -42.571875000000006, 43.272070312500006, 133.2705078125])
array('d', [-133.2705078125, -40.6580078125, 46.7263671875, 133.597265625])
array('d', [-133.2705078125, -42.291796875, 42.571875000000006, 133.78398437500002])
array('d', [-133.597265625, -42.291796875, 42.571875000000006, 133.78398437500002])
array('d', [-133.597265625, -42.291796875, 42.571875000000006, 133.78398437500002])
array('d', [-133.597265625, -42.291796875, 42.571875000000006, 133.78398437500002])
array('d', [-133.597265625, -42.291796875, 42.571875000000006, 133.78398437500002])
array('d', [-134.157421875, -48.640234375000006, 35.9900390625, 134.25078125000002])
array('d', [-133.9240234375, -45.8861328125, 34.5896484375, 133.037109375])
array('d', [-134.25078125000002, -42.338476562500006, 41.171484375000006, 133.970703125])
array('d', [-134.25078125000002, -42.338476562500006, 41.171484375000006, 133.970703125])
array('d', [-134.4375, -42.0583984375, 45.372656250000006, 133.8306640625])
array('d', [-133.50390625, -44.8125, 38.370703125, 133.78398437500002])
array('d', [-133.50390625, -44.8125, 38.370703125, 133.55058593750002])
array('d', [-133.08378906250002, -48.5935546875, 36.7369140625, 133.4572265625])
array('d', [-134.904296875, -48.5935546875, 36.7369140625, 133.4572265625])
array('d', [-133.690625, -41.731640625000004, 41.171484375000006, 133.9240234375])
array('d', [-134.1107421875, -43.132031250000004, 46.6796875, 134.4375])
array('d', [-134.1107421875, -43.132031250000004, 46.6796875, 134.4375])
array('d', [-134.1107421875, -43.132031250000004, 46.6796875, 134.4375])
array('d', [-134.1107421875, -43.132031250000004, 46.6796875, 134.4375])
array('d', [-134.1107421875, -43.132031250000004, 41.4515625, 134.157421875])
array('d', [-134.48417968750002, -47.566601562500004, 41.4515625, 134.157421875])
array('d', [-134.0640625, -52.9814453125, 38.9775390625, 134.3908203125])
array('d', [-134.0640625, -52.9814453125, 38.9775390625, 134.3908203125])
array('d', [-134.0640625, -52.9814453125, 38.9775390625, 134.3908203125])
array('d', [-134.5775390625, -52.561328125, 36.6435546875, 133.9240234375])
array('d', [-133.3638671875, -45.4193359375, 46.6796875, 134.01738281250002])
array('d', [-133.3638671875, -45.559375, 52.0478515625, 133.8306640625])
array('d', [-133.55058593750002, -45.559375, 52.0478515625, 133.8306640625])
array('d', [-134.4375, -48.36015625, 42.75859375, 133.6439453125])
array('d', [-134.7642578125, -54.1484375, 40.331250000000004, 133.9240234375])
array('d', [-134.7642578125, -54.1484375, 39.5376953125, 133.55058593750002])
array('d', [-134.7642578125, -54.1484375, 39.5376953125, 133.55058593750002])
array('d', [-134.904296875, -46.633007812500004, 43.598828125000004, 133.690625])
array('d', [-134.904296875, -46.633007812500004, 50.694140625, 133.55058593750002])
array('d', [-133.87734375, -43.6921875, 50.694140625, 133.55058593750002])
array('d', [-133.87734375, -43.6921875, 50.694140625, 133.55058593750002])
array('d', [-133.87734375, -43.6921875, 50.694140625, 133.55058593750002])
array('d', [-133.87734375, -43.6921875, 50.694140625, 133.55058593750002])
array('d', [-134.2041015625, -48.5935546875, 44.532421875000004, 134.48417968750002])
array('d', [-133.690625, -54.6619140625, 37.763867187500004, 133.410546875])
array('d', [-133.2705078125, -54.3818359375, 39.584375, 134.1107421875])
array('d', [-133.55058593750002, -47.7533203125, 43.972265625000006, 133.78398437500002])
array('d', [-133.55058593750002, -44.3923828125, 50.040625000000006, 133.78398437500002])
array('d', [-133.410546875, -44.3923828125, 50.040625000000006, 133.597265625])
array('d', [-133.8306640625, -47.6599609375, 45.1859375, 133.597265625])
array('d', [-133.78398437500002, -51.254296875, 37.7171875, 133.87734375])
array('d', [-133.6439453125, -56.2490234375, 37.3904296875, 133.87734375])
array('d', [-133.6439453125, -56.2490234375, 37.3904296875, 133.87734375])
array('d', [-133.6439453125, -56.2490234375, 37.3904296875, 133.87734375])
array('d', [-133.8306640625, -47.3798828125, 41.638281250000006, 133.037109375])
array('d', [-133.50390625, -42.291796875, 44.532421875000004, 134.0640625])
array('d', [-133.50390625, -42.291796875, 44.532421875000004, 134.0640625])
array('d', [-133.50390625, -42.291796875, 44.532421875000004, 134.0640625])
array('d', [-133.50390625, -42.291796875, 44.532421875000004, 134.0640625])
array('d', [-134.0640625, -48.266796875000004, 41.918359375, 134.4375])
array('d', [-133.690625, -45.139257812500006, 40.7513671875, 134.5775390625])
array('d', [-133.690625, -44.158984375, 44.765820312500004, 134.3908203125])
array('d', [-133.690625, -44.158984375, 39.491015625, 133.78398437500002])
array('d', [-134.344140625, -34.4029296875, 39.491015625, 133.78398437500002])
array('d', [-132.290234375, -32.208984375, 36.2234375, 134.0640625])
array('d', [-131.0765625, -36.596875000000004, 42.571875000000006, 134.2974609375])
array('d', [-131.0765625, -36.596875000000004, 42.571875000000006, 133.8306640625])
array('d', [-128.2291015625, -33.9828125, 41.031445312500004, 133.8306640625])
array('d', [-125.24160156250001, -29.6416015625, 39.397656250000004, 133.31718750000002])
array('d', [-125.24160156250001, -29.6416015625, 39.397656250000004, 133.31718750000002])
array('d', [-125.24160156250001, -29.6416015625, 39.397656250000004, 133.31718750000002])
array('d', [-123.42109375000001, -30.7619140625, 42.0583984375, 133.3638671875])
array('d', [-121.3671875, -30.668554687500002, 36.5501953125, 133.410546875])
array('d', [-122.5341796875, -28.94140625, 37.063671875000004, 133.970703125])
array('d', [-122.5341796875, -28.94140625, 37.063671875000004, 133.970703125])
array('d', [-122.5341796875, -28.94140625, 37.063671875000004, 133.970703125])
array('d', [-122.5341796875, -28.94140625, 37.063671875000004, 133.970703125])
array('d', [-120.06015625, -27.541015625, 37.250390625, 134.2974609375])
array('d', [-120.06015625, -26.3740234375, 34.4029296875, 134.01738281250002])
array('d', [-118.4263671875, -26.3740234375, 34.4029296875, 134.01738281250002])
array('d', [-118.51972656250001, -26.233984375000002, 34.7763671875, 134.0640625])
array('d', [-117.77285156250001, -25.533789062500002, 35.943359375, 134.2041015625])
array('d', [-117.77285156250001, -25.533789062500002, 35.943359375, 133.50390625])
array('d', [-117.11933593750001, -25.9072265625, 33.9828125, 133.50390625])
array('d', [-117.11933593750001, -25.9072265625, 33.9828125, 133.50390625])
array('d', [-117.11933593750001, -25.9072265625, 33.9828125, 133.50390625])
array('d', [-117.11933593750001, -25.9072265625, 33.9828125, 133.50390625])
array('d', [-117.11933593750001, -25.9072265625, 33.9828125, 133.50390625])
array('d', [-118.3796875, -26.000585937500002, 33.3759765625, 133.78398437500002])
array('d', [-118.099609375, -25.533789062500002, 33.3759765625, 134.1107421875])
array('d', [-118.8931640625, -23.5732421875, 35.6166015625, 133.7373046875])
array('d', [-118.8931640625, -23.5732421875, 35.6166015625, 133.31718750000002])
array('d', [-119.780078125, -22.452929687500003, 35.943359375, 133.31718750000002])
array('d', [-118.6130859375, -24.6935546875, 36.503515625, 134.1107421875])
array('d', [-118.6130859375, -24.740234375, 36.2701171875, 133.4572265625])
array('d', [-118.98652343750001, -24.740234375, 36.2701171875, 133.4572265625])
array('d', [-118.47304687500001, -25.39375, 36.0833984375, 133.9240234375])
array('d', [-119.1265625, -25.066992187500002, 34.5896484375, 132.9904296875])
array('d', [-119.1265625, -25.066992187500002, 34.5896484375, 132.9904296875])
array('d', [-120.34023437500001, -25.6271484375, 33.889453125, 133.31718750000002])
array('d', [-120.34023437500001, -26.2806640625, 32.5357421875, 134.1107421875])
array('d', [-120.43359375, -26.2806640625, 32.5357421875, 134.1107421875])
array('d', [-120.9470703125, -26.5607421875, 31.135351562500002, 131.4966796875])
array('d', [-121.460546875, -9.2892578125, 29.688281250000003, 131.0765625])
array('d', [-121.460546875, -3.9677734375, 26.7474609375, 34.4029296875])
array('d', [-120.7603515625, -3.9677734375, 26.7474609375, 34.4029296875])
array('d', [-120.7603515625, -3.9677734375, 26.7474609375, 34.4029296875])
array('d', [-120.7603515625, -3.9677734375, 26.7474609375, 34.4029296875])
array('d', [-120.7603515625, -3.9677734375, 26.7474609375, 34.4029296875])
array('d', [-122.3474609375, -6.1150390625, 30.0150390625, 1.7271484375000001])
array('d', [-121.50722656250001, -0.6068359375, 37.3904296875, 1.7271484375000001])
array('d', [-118.3330078125, 2.6140625, 37.8572265625, 8.915820312500001])
array('d', [-118.3330078125, 2.6140625, 37.8572265625, 8.915820312500001])
array('d', [-118.3330078125, 2.6140625, 37.8572265625, 8.915820312500001])
array('d', [-118.3330078125, 2.6140625, 37.8572265625, 8.915820312500001])
array('d', [-112.17128906250001, 4.9947265625, 39.9578125, 5.5082031250000005])
array('d', [-103.722265625, 7.562109375, 40.097851562500004, 4.8080078125000005])
array('d', [-103.722265625, 7.562109375, 40.7513671875, 5.6015625])
array('d', [-103.908984375, 7.655468750000001, 40.7513671875, 5.6015625])
array('d', [-107.456640625, 9.4759765625, 44.158984375, 7.46875])
array('d', [-105.7294921875, 10.9697265625, 45.839453125000006, 7.1419921875000005])
array('d', [-105.7294921875, 7.9822265625, 48.2201171875, 7.1419921875000005])
array('d', [-102.9287109375, 7.9822265625, 48.2201171875, 8.915820312500001])
array('d', [-100.828125, 8.308984375, 50.1806640625, 7.8421875000000005])
array('d', [-95.13320312500001, 6.068359375, 52.234570312500004, 6.021679687500001])
array('d', [-95.13320312500001, 6.068359375, 52.234570312500004, 6.021679687500001])
array('d', [-95.13320312500001, 6.068359375, 52.234570312500004, 6.021679687500001])
array('d', [-95.13320312500001, 6.068359375, 52.234570312500004, 6.021679687500001])
array('d', [-92.1923828125, 5.0880859375, 50.834179687500004, 6.6751953125000005])
array('d', [-89.06484375000001, 4.9013671875, 52.934765625000004, 6.021679687500001])
array('d', [-89.06484375000001, 4.9013671875, 52.934765625000004, 4.5746093750000005])
array('d', [-89.57832031250001, 5.41484375, 52.187890625, 4.5746093750000005])
array('d', [-88.5046875, 4.5746093750000005, 54.2884765625, 4.3412109375000005])
array('d', [-88.5046875, 4.5746093750000005, 55.5955078125, 5.554882812500001])
array('d', [-87.89785156250001, 5.6015625, 55.5955078125, 5.554882812500001])
array('d', [-87.89785156250001, 5.6015625, 55.5955078125, 5.554882812500001])
array('d', [-88.5046875, 5.0414062500000005, 55.922265625, 4.2478515625])
array('d', [-87.7578125, 4.2478515625, 56.202343750000004, 2.7541015625000003])
array('d', [-87.7578125, 4.2478515625, 57.6494140625, 3.4542968750000003])
array('d', [-86.5908203125, 4.2478515625, 57.6494140625, 3.4542968750000003])
array('d', [-86.5908203125, 4.2478515625, 57.6494140625, 3.4542968750000003])
array('d', [-86.5908203125, 4.2478515625, 57.6494140625, 3.4542968750000003])
array('d', [-86.5908203125, 2.9875000000000003, 57.1826171875, 3.267578125])
array('d', [-86.357421875, 2.3806640625, 57.1826171875, 3.267578125])
array('d', [-86.6841796875, 1.6804687500000002, 56.669140625000004, 3.641015625])
array('d', [-85.56386718750001, 2.7541015625000003, 56.3890625, 3.641015625])
array('d', [-85.56386718750001, 2.7541015625000003, 56.3890625, 3.641015625])
array('d', [-85.56386718750001, 2.7541015625000003, 56.3890625, 3.641015625])
array('d', [-85.56386718750001, 2.7541015625000003, 56.3890625, 0.93359375])
array('d', [-85.983984375, 0.6068359375, 57.4626953125, 0.93359375])
array('d', [-85.56386718750001, -0.2333984375, 57.229296875, 1.3537109375])
array('d', [-85.56386718750001, -0.2333984375, 56.7625, 0.7001953125])
array('d', [-85.7505859375, -0.2333984375, 56.7625, 0.7001953125])
array('d', [-86.357421875, 0.8869140625, 56.94921875, -0.8402343750000001])
array('d', [-86.2173828125, -0.7468750000000001, 56.902539062500004, 0.7935546875])
array('d', [-86.6841796875, 0.09335937500000001, 56.9958984375, -0.18671875000000002])
array('d', [-86.6841796875, 0.09335937500000001, 56.669140625000004, 0.93359375])
array('d', [-86.357421875, -0.2333984375, 56.669140625000004, -0.6068359375])
array('d', [-85.9373046875, -0.3267578125, 56.669140625000004, -0.6068359375])
array('d', [-86.31074218750001, -0.3267578125, 56.575781250000006, 0.5134765625000001])
array('d', [-85.9373046875, -0.653515625, 57.042578125000006, 0.2333984375])
array('d', [-85.9373046875, -0.653515625, 57.042578125000006, 0.2333984375])
array('d', [-85.9373046875, 1.1669921875, 56.669140625000004, -0.7001953125])
array('d', [-87.47773437500001, 0.3267578125, 56.9958984375, 0.42011718750000004])
array('d', [-85.9373046875, 0.7468750000000001, 56.2490234375, -0.8869140625])
array('d', [-85.9373046875, 0.7468750000000001, 57.0892578125, 0.5134765625000001])
array('d', [-85.890625, 0.2333984375, 57.0892578125, 0.5134765625000001])
array('d', [-85.4705078125, -0.7468750000000001, 56.482421875, -0.8869140625])
array('d', [-85.890625, -0.7468750000000001, 56.669140625000004, -0.8869140625])
array('d', [-85.890625, -0.7468750000000001, 56.669140625000004, -0.8869140625])
array('d', [-85.890625, -0.7468750000000001, 56.669140625000004, -0.8869140625])
array('d', [-85.890625, -0.7468750000000001, 56.6224609375, 0.2333984375])
array('d', [-85.890625, -0.09335937500000001, 56.6224609375, 0.2333984375])
array('d', [-86.357421875, -0.2333984375, 56.855859375, 0.2333984375])
array('d', [-86.357421875, -0.2333984375, 56.855859375, 0.2333984375])
array('d', [-86.357421875, -0.2333984375, 56.855859375, 0.2333984375])
array('d', [-86.6375, 0.6068359375, 56.855859375, -0.42011718750000004])
array('d', [-86.73085937500001, -0.5134765625000001, 56.435742187500004, 0.93359375])
array('d', [-86.73085937500001, -0.5134765625000001, 56.94921875, -1.4937500000000001])
array('d', [-85.4705078125, -0.8869140625, 56.94921875, -1.4937500000000001])
array('d', [-86.31074218750001, -0.2333984375, 56.669140625000004, -1.5404296875])
array('d', [-85.890625, -0.7468750000000001, 56.6224609375, 0.7935546875])
array('d', [-85.890625, -0.7468750000000001, 56.6224609375, 0.5134765625000001])
array('d', [-85.890625, -0.7468750000000001, 56.6224609375, 0.5134765625000001])
array('d', [-85.890625, -0.7468750000000001, 56.6224609375, 0.5134765625000001])
array('d', [-85.890625, -0.7468750000000001, 56.6224609375, 0.5134765625000001])
array('d', [-85.890625, -0.7468750000000001, 56.575781250000006, 0.5134765625000001])
array('d', [-86.357421875, 0.3267578125, 56.669140625000004, -1.6804687500000002])
array('d', [-86.73085937500001, 0.046679687500000004, 56.855859375, -0.653515625])
array('d', [-86.73085937500001, 0.046679687500000004, 56.9958984375, 1.213671875])
array('d', [-87.0576171875, -0.3267578125, 56.9958984375, 1.213671875])
array('d', [-86.26406250000001, -0.653515625, 56.1556640625, -0.6068359375])
array('d', [-86.26406250000001, -0.2333984375, 56.2490234375, -0.37343750000000003])
array('d', [-86.26406250000001, -0.2333984375, 56.2490234375, -0.37343750000000003])
array('d', [-86.26406250000001, -0.2333984375, 56.2490234375, -0.37343750000000003])
array('d', [-86.26406250000001, -0.2333984375, 56.2490234375, -0.37343750000000003])
array('d', [-86.26406250000001, -0.09335937500000001, 56.3890625, 0.2333984375])
array('d', [-87.01093750000001, -0.09335937500000001, 56.3890625, 0.2333984375])
array('d', [-86.26406250000001, -0.2333984375, 56.94921875, 0.5134765625000001])
array('d', [-86.26406250000001, -0.3267578125, 56.94921875, 1.1669921875])
array('d', [-86.26406250000001, -0.3267578125, 56.482421875, 1.1669921875])
array('d', [-87.01093750000001, 0.046679687500000004, 56.809179687500006, 0.93359375])
array('d', [-85.890625, 0.3267578125, 56.575781250000006, 0.1400390625])
array('d', [-85.890625, -0.3267578125, 56.6224609375, -0.42011718750000004])
array('d', [-85.890625, -0.3267578125, 55.875585937500006, -0.18671875000000002])
array('d', [-86.6375, 0.09335937500000001, 55.875585937500006, -0.18671875000000002])
array('d', [-86.6375, 0.2333984375, 56.435742187500004, -0.18671875000000002])
array('d', [-86.6375, 0.2333984375, 56.482421875, 0.7468750000000001])
array('d', [-85.4705078125, 0.2333984375, 56.482421875, 0.7468750000000001])
array('d', [-85.4705078125, 0.2333984375, 57.1826171875, 1.1669921875])
array('d', [-85.890625, -0.09335937500000001, 56.9958984375, 0.2333984375])
array('d', [-85.890625, -0.09335937500000001, 56.9958984375, 1.1203125])
array('d', [-86.2173828125, 0.3267578125, 56.3890625, 1.1203125])
array('d', [-85.4705078125, -0.5134765625000001, 56.342382812500006, 0.2333984375])
array('d', [-85.4705078125, -0.5134765625000001, 56.342382812500006, 0.2333984375])
array('d', [-86.6375, 0.7468750000000001, 56.94921875, -1.0269531250000001])
array('d', [-86.6375, 0.7468750000000001, 57.602734375000004, 0.93359375])
array('d', [-86.2173828125, -0.7468750000000001, 57.602734375000004, 0.93359375])
array('d', [-85.423828125, -0.7468750000000001, 57.1826171875, -0.18671875000000002])
array('d', [-86.2173828125, -0.09335937500000001, 56.482421875, 0.09335937500000001])
array('d', [-86.2173828125, -0.09335937500000001, 56.482421875, 0.09335937500000001])
array('d', [-85.84394531250001, 0.09335937500000001, 57.1826171875, -0.6068359375])
array('d', [-86.5908203125, -0.653515625, 56.9958984375, -0.42011718750000004])
array('d', [-86.5908203125, -0.653515625, 56.9958984375, 0.466796875])
array('d', [-86.5908203125, -0.2333984375, 56.575781250000006, 0.466796875])
array('d', [-86.2173828125, -0.09335937500000001, 56.575781250000006, -0.56015625])
array('d', [-86.2173828125, -0.2333984375, 56.575781250000006, 0.046679687500000004])
array('d', [-86.5908203125, -0.2333984375, 56.575781250000006, 0.046679687500000004])
array('d', [-85.79726562500001, 0.2333984375, 56.5291015625, 0.8869140625])
array('d', [-86.54414062500001, -0.2333984375, 56.575781250000006, 0.8869140625])
array('d', [-86.54414062500001, -0.2333984375, 56.575781250000006, 0.8869140625])
array('d', [-86.54414062500001, -0.2333984375, 56.575781250000006, 0.8869140625])
array('d', [-86.54414062500001, -0.2333984375, 56.575781250000006, 0.8869140625])
array('d', [-86.54414062500001, -0.2333984375, 56.575781250000006, 0.8869140625])
array('d', [-85.84394531250001, -0.3267578125, 56.669140625000004, 0.8869140625])
array('d', [-85.050390625, 2.3806640625, 56.7625, -0.7935546875])
array('d', [-83.22988281250001, 3.4542968750000003, 59.56328125, 2.8474609375])
array('d', [-83.22988281250001, 3.4542968750000003, 59.56328125, 4.48125])
array('d', [-81.36269531250001, 4.014453125, 61.05703125, 4.48125])
array('d', [-77.675, 7.888867187500001, 63.437695312500004, 6.3484375])
array('d', [-74.5474609375, 9.429296875, 65.02480468750001, 8.682421875000001])
array('d', [-74.5474609375, 9.429296875, 65.02480468750001, 10.549609375000001])
array('d', [-73.38046875, 12.696875, 67.6388671875, 10.549609375000001])
array('d', [-71.3732421875, 14.3306640625, 67.6388671875, 10.549609375000001])
array('d', [-71.3732421875, 14.3306640625, 67.6388671875, 10.549609375000001])
array('d', [-71.3732421875, 14.3306640625, 68.75917968750001, 16.99140625])
array('d', [-66.7986328125, 17.8783203125, 71.79335937500001, 16.99140625])
array('d', [-65.6783203125, 20.1189453125, 74.5474609375, 19.7455078125])
array('d', [-62.644140625000006, 23.246484375, 76.834765625, 22.0794921875])
array('d', [-62.644140625000006, 23.246484375, 77.3482421875, 23.7599609375])
array('d', [-60.310156250000006, 25.6271484375, 77.3482421875, 23.7599609375])
array('d', [-55.502148437500004, 25.6271484375, 76.1345703125, 24.8802734375])
array('d', [-57.0892578125, 29.688281250000003, 76.69472656250001, 28.1478515625])
array('d', [-57.0892578125, 29.688281250000003, 76.69472656250001, 28.0078125])
array('d', [-54.428515625, 30.0150390625, 77.581640625, 28.0078125])
array('d', [-51.300976562500004, 30.0150390625, 77.581640625, 28.0078125])
array('d', [-51.300976562500004, 30.0150390625, 77.581640625, 28.0078125])
array('d', [-51.300976562500004, 33.1892578125, 78.32851562500001, 31.0419921875])
array('d', [-50.4607421875, 34.076171875, 75.76113281250001, 31.0419921875])
array('d', [-48.080078125, 34.8697265625, 74.36074218750001, 34.3095703125])
array('d', [-48.080078125, 35.85, 72.166796875, 35.7099609375])
array('d', [-44.345703125, 35.85, 72.166796875, 35.7099609375])
array('d', [-44.4857421875, 37.810546875, 70.5796875, 35.0564453125])
array('d', [-44.719140625, 37.7171875, 70.2529296875, 33.8427734375])
array('d', [-44.719140625, 37.7171875, 70.2529296875, 33.8427734375])
array('d', [-44.719140625, 37.7171875, 70.2529296875, 33.8427734375])
array('d', [-44.719140625, 37.7171875, 70.2529296875, 33.8427734375])
array('d', [-44.719140625, 35.0564453125, 65.91171875, 35.9900390625])
array('d', [-39.117578125, 35.943359375, 63.2509765625, 36.363476562500004])
array('d', [-39.117578125, 35.943359375, 63.2509765625, 31.2287109375])
array('d', [-39.77109375, 39.2576171875, 67.21875, 31.2287109375])
array('d', [-39.164257812500004, 39.117578125, 64.8380859375, 30.621875000000003])
array('d', [-37.297070312500004, 36.316796875, 63.484375, 32.4890625])
array('d', [-37.297070312500004, 36.316796875, 63.484375, 32.4890625])
array('d', [-40.6580078125, 34.963085937500004, 55.1287109375, 28.94140625])
array('d', [-38.183984375, 32.2556640625, 56.7158203125, 28.054492187500003])
array('d', [-38.183984375, 30.668554687500002, 53.9150390625, 24.786914062500003])
array('d', [-40.3779296875, 30.668554687500002, 53.9150390625, 24.786914062500003])
array('d', [-42.571875000000006, 30.9953125, 54.055078125, 25.953906250000003])
array('d', [-44.719140625, 25.300390625000002, 46.026171875, 20.165625000000002])
array('d', [-44.719140625, 25.300390625000002, 46.026171875, 20.165625000000002])
array('d', [-44.719140625, 25.300390625000002, 46.026171875, 20.165625000000002])
array('d', [-44.719140625, 25.300390625000002, 46.026171875, 20.165625000000002])
array('d', [-45.9794921875, 24.320117187500003, 42.431835937500004, 17.364843750000002])
array('d', [-48.2201171875, 18.4384765625, 37.997265625000004, 13.910546875000001])
array('d', [-51.767773437500004, 16.24453125, 34.449609375, 7.888867187500001])
array('d', [-51.767773437500004, 16.24453125, 34.449609375, 7.888867187500001])
array('d', [-51.767773437500004, 16.24453125, 34.449609375, 7.888867187500001])
array('d', [-57.275976562500006, 12.0900390625, 31.462109375, 6.1150390625])
array('d', [-55.922265625, 10.45625, 25.39375, 2.0072265625])
array('d', [-55.922265625, 10.45625, 25.39375, 0.280078125])
array('d', [-55.922265625, 5.321484375000001, 24.2267578125, 0.280078125])
array('d', [-62.92421875, 1.3537109375, 18.951953125, -3.3142578125])
array('d', [-62.92421875, 1.3537109375, 16.9447265625, -5.788281250000001])
array('d', [-62.037304687500004, 1.400390625, 16.9447265625, -5.788281250000001])
array('d', [-62.037304687500004, 1.400390625, 16.9447265625, -5.788281250000001])
array('d', [-62.037304687500004, 1.400390625, 16.9447265625, -5.788281250000001])
array('d', [-62.037304687500004, 1.400390625, 16.9447265625, -5.788281250000001])
array('d', [-67.6388671875, -0.7001953125, 17.084765625, -7.6087890625000005])
array('d', [-68.89921875, -2.80078125, 11.4365234375, -10.549609375000001])
array('d', [-68.245703125, -2.5207031250000003, 12.416796875000001, -11.669921875])
array('d', [-68.245703125, -2.5207031250000003, 12.416796875000001, -10.923046875])
array('d', [-68.7125, -3.4076171875, 10.642968750000001, -10.923046875])
array('d', [-67.9189453125, -5.0414062500000005, 9.802734375, -11.0630859375])
array('d', [-67.9189453125, -4.66796875, 13.443750000000001, -9.989453125])
array('d', [-67.9189453125, -4.66796875, 13.443750000000001, -9.989453125])
array('d', [-67.9189453125, -4.66796875, 13.443750000000001, -9.989453125])
array('d', [-67.9189453125, -4.66796875, 13.443750000000001, -9.989453125])
array('d', [-67.40546875, -4.66796875, 13.443750000000001, -7.5154296875])
array('d', [-65.818359375, -3.3609375000000004, 17.3181640625, -7.5154296875])
array('d', [-65.818359375, -4.0611328125, 20.819140625000003, -3.3609375000000004])
array('d', [-65.818359375, -4.0611328125, 20.819140625000003, -3.3609375000000004])
array('d', [-65.818359375, -4.0611328125, 20.819140625000003, -3.3609375000000004])
array('d', [-67.82558593750001, -3.9210937500000003, 24.5068359375, 1.213671875])
array('d', [-66.0517578125, -4.014453125, 29.5482421875, 5.9750000000000005])
array('d', [-66.0517578125, -4.29453125, 32.0689453125, 11.343164062500001])
array('d', [-66.0517578125, -4.29453125, 32.0689453125, 11.343164062500001])
array('d', [-66.0517578125, -4.29453125, 32.0689453125, 11.343164062500001])
array('d', [-66.0517578125, -4.29453125, 32.0689453125, 11.343164062500001])
array('d', [-65.631640625, -5.0414062500000005, 38.4173828125, 17.0380859375])
array('d', [-65.631640625, -5.0414062500000005, 38.4173828125, 17.0380859375])
array('d', [-66.3318359375, -5.134765625, 45.092578125, 20.72578125])
array('d', [-68.9458984375, -7.7955078125, 49.947265625, 29.5482421875])
array('d', [-70.5796875, -8.215625000000001, 54.6619140625, 35.429882812500004])
array('d', [-70.5796875, -8.215625000000001, 54.6619140625, 39.8177734375])
array('d', [-70.9998046875, -4.66796875, 59.003125000000004, 39.8177734375])
array('d', [-70.9998046875, -4.66796875, 59.003125000000004, 39.8177734375])
array('d', [-70.9998046875, -4.66796875, 59.003125000000004, 39.8177734375])
array('d', [-109.9306640625, -36.1767578125, 57.1826171875, 107.8767578125])
array('d', [-113.8984375, -37.623828125, 57.602734375000004, 112.96484375])
array('d', [-114.97207031250001, -38.6041015625, 54.475195312500006, 114.27187500000001])
array('d', [-114.97207031250001, -38.6041015625, 54.475195312500006, 117.44609375])
array('d', [-118.6130859375, -43.598828125000004, 49.6205078125, 117.44609375])
array('d', [-133.7373046875, -52.561328125, 56.669140625000004, 130.3763671875])
array('d', [-133.690625, -55.82890625, 46.2595703125, 132.476953125])
array('d', [-133.690625, -55.82890625, 46.2595703125, 133.08378906250002])
array('d', [-133.970703125, -52.0478515625, 35.4765625, 133.08378906250002])
array('d', [-133.970703125, -52.0478515625, 35.4765625, 133.08378906250002])
array('d', [-133.970703125, -52.0478515625, 35.4765625, 133.08378906250002])
array('d', [-133.970703125, -47.8466796875, 31.555468750000003, 133.597265625])
array('d', [-134.344140625, -42.431835937500004, 30.621875000000003, 134.2974609375])
array('d', [-134.344140625, -42.431835937500004, 24.5068359375, 135.37109375])
array('d', [-134.2974609375, -43.132031250000004, 24.5068359375, 135.37109375])
array('d', [-133.690625, -43.832226562500004, 25.860546875, 135.277734375])
array('d', [-133.410546875, -47.2865234375, 29.034765625000002, 134.4375])
array('d', [-133.410546875, -47.2865234375, 36.363476562500004, 133.690625])
array('d', [-133.410546875, -47.2865234375, 36.363476562500004, 133.690625])
array('d', [-133.970703125, -47.519921875, 36.363476562500004, 134.344140625])
array('d', [-133.78398437500002, -47.6599609375, 40.237890625, 134.344140625])
array('d', [-134.25078125000002, -51.3943359375, 43.505468750000006, 134.904296875])
array('d', [-134.25078125000002, -51.3943359375, 43.505468750000006, 134.904296875])
array('d', [-133.08378906250002, -54.101757812500004, 43.9255859375, 132.8970703125])
array('d', [-133.08378906250002, -50.320703125, 44.999218750000004, 134.5775390625])
array('d', [-133.690625, -50.320703125, 44.999218750000004, 133.87734375])
array('d', [-133.690625, -44.62578125, 46.306250000000006, 133.87734375])
array('d', [-134.157421875, -41.404882812500006, 40.8447265625, 132.4302734375])
array('d', [-133.2705078125, -40.7513671875, 37.297070312500004, 133.597265625])
array('d', [-133.2705078125, -40.7513671875, 37.297070312500004, 133.2705078125])
array('d', [-133.2705078125, -40.7513671875, 37.297070312500004, 133.2705078125])
array('d', [-133.2705078125, -40.7513671875, 37.297070312500004, 133.2705078125])
array('d', [-133.2705078125, -40.7513671875, 37.297070312500004, 133.2705078125])
array('d', [-133.87734375, -41.7783203125, 36.2701171875, 133.2705078125])
array('d', [-134.157421875, -42.198437500000004, 38.464062500000004, 134.530859375])
array('d', [-134.157421875, -43.832226562500004, 38.464062500000004, 133.13046875])
array('d', [-133.55058593750002, -43.832226562500004, 38.464062500000004, 133.13046875])
array('d', [-133.87734375, -43.6921875, 35.896679687500004, 133.6439453125])
array('d', [-134.1107421875, -39.304296875, 35.28984375, 133.31718750000002])
array('d', [-134.1107421875, -39.304296875, 37.810546875, 134.2974609375])
array('d', [-134.1107421875, -39.304296875, 37.810546875, 134.2974609375])
array('d', [-134.1107421875, -39.304296875, 37.810546875, 134.2974609375])
array('d', [-134.1107421875, -39.304296875, 37.810546875, 134.2974609375])
array('d', [-132.663671875, -41.5916015625, 35.663281250000004, 134.7642578125])
array('d', [-132.663671875, -41.5916015625, 30.1083984375, 133.223828125])
array('d', [-133.690625, -42.105078125000006, 30.1083984375, 133.223828125])
array('d', [-134.71757812500002, -41.965039062500004, 31.322070312500003, 133.6439453125])
array('d', [-134.01738281250002, -40.2845703125, 35.85, 133.4572265625])
array('d', [-134.01738281250002, -40.2845703125, 35.85, 133.50390625])
array('d', [-133.6439453125, -38.8841796875, 37.1103515625, 133.50390625])
array('d', [-133.3638671875, -40.9380859375, 34.4029296875, 134.344140625])
array('d', [-134.1107421875, -44.8125, 32.9091796875, 134.4375])
array('d', [-134.0640625, -44.299023437500004, 33.095898437500004, 131.68339843750002])
array('d', [-134.0640625, -42.105078125000006, 35.943359375, 133.7373046875])
array('d', [-134.3908203125, -42.105078125000006, 35.943359375, 133.7373046875])
array('d', [-135.0443359375, -42.9453125, 37.34375, 134.8576171875])
array('d', [-134.1107421875, -46.399609375000004, 37.34375, 134.8576171875])
array('d', [-134.1107421875, -46.399609375000004, 37.34375, 134.8576171875])
array('d', [-134.1107421875, -46.399609375000004, 37.34375, 134.8576171875])
array('d', [-134.1107421875, -46.399609375000004, 37.15703125, 134.01738281250002])
array('d', [-134.1107421875, -46.49296875, 37.15703125, 134.01738281250002])
array('d', [-134.2041015625, -43.505468750000006, 38.6041015625, 133.31718750000002])
array('d', [-134.2041015625, -43.505468750000006, 38.6041015625, 133.31718750000002])
array('d', [-134.2041015625, -43.505468750000006, 38.6041015625, 133.31718750000002])
array('d', [-133.690625, -12.696875, 39.77109375, 133.55058593750002])
array('d', [-132.7103515625, -7.3287109375, 37.7171875, 133.13046875])
array('d', [-129.9095703125, -9.52265625, 33.42265625, 133.13046875])
array('d', [-129.9095703125, -9.52265625, 33.42265625, 133.13046875])
array('d', [-127.248828125, -8.1689453125, 30.341796875, 133.2705078125])
array('d', [-127.248828125, -8.1689453125, 28.101171875000002, 133.8306640625])
array('d', [-128.0423828125, -6.255078125000001, 28.101171875000002, 133.8306640625])
array('d', [-128.0423828125, -6.255078125000001, 29.221484375000003, 133.410546875])
array('d', [-120.526953125, -0.466796875, 33.4693359375, 134.01738281250002])
array('d', [-120.526953125, -0.466796875, 33.4693359375, 134.01738281250002])
array('d', [-120.99375, 1.3537109375, 34.91640625, 133.4572265625])
array('d', [-118.19296875, 3.54765625, 36.41015625, 133.690625])
array('d', [-118.19296875, 3.54765625, 36.41015625, 133.690625])
array('d', [-114.78535156250001, 5.0880859375, 36.41015625, 134.01738281250002])
array('d', [-116.5125, 5.9283203125, 33.142578125, 134.3908203125])
array('d', [-116.5125, 5.9283203125, 31.92890625, 133.037109375])
array('d', [-110.6775390625, 8.869140625, 31.92890625, 133.037109375])
array('d', [-104.70253906250001, 11.576562500000001, 32.022265625, 132.85039062500002])
array('d', [-103.34882812500001, 15.2642578125, 34.6830078125, 134.71757812500002])
array('d', [-103.34882812500001, 15.2642578125, 34.6830078125, 131.21660156250002])
array('d', [-100.50136718750001, 17.598242187500002, 35.896679687500004, 131.21660156250002])
array('d', [-95.319921875, 20.165625000000002, 34.496289062500004, 132.8037109375])
array('d', [-93.91953125, 21.752734375000003, 31.322070312500003, 135.0443359375])
array('d', [-90.371875, 22.499609375000002, 33.142578125, 131.0765625])
array('d', [-90.371875, 23.853320312500003, 28.334570312500002, 131.543359375])
array('d', [-89.6716796875, 23.853320312500003, 28.334570312500002, 131.543359375])
array('d', [-87.384375, 24.646875, 31.462109375, 130.236328125])
array('d', [-86.54414062500001, 26.047265625, 32.2556640625, 126.87539062500001])
array('d', [-83.65, 26.980859375, 26.794140625, 126.87539062500001])
array('d', [-83.65, 26.980859375, 26.794140625, 126.87539062500001])
array('d', [-83.65, 26.980859375, 24.646875, 128.1357421875])
array('d', [-81.96953125, 28.567968750000002, 24.646875, 128.1357421875])
array('d', [-81.22265625, 27.914453125, 26.3740234375, 133.08378906250002])
array('d', [-80.7091796875, 24.4134765625, 23.5732421875, 119.45332031250001])
array('d', [-80.7091796875, 24.4134765625, 19.512109375, 115.298828125])
array('d', [-78.60859375, 25.6271484375, 19.512109375, 115.298828125])
array('d', [-84.63027343750001, 25.6271484375, 16.2912109375, 115.298828125])
array('d', [-84.63027343750001, 25.6271484375, 16.2912109375, 115.298828125])
array('d', [-84.63027343750001, 25.6271484375, 16.2912109375, 115.298828125])
array('d', [-82.9498046875, 22.8263671875, 12.883593750000001, 104.93593750000001])
array('d', [-82.9498046875, 20.165625000000002, 9.6626953125, 103.53554687500001])
array('d', [-51.1609375, 15.2642578125, -1.213671875, 54.521875])
array('d', [-51.1609375, 15.2642578125, -1.213671875, 59.143164062500006])
array('d', [-52.608007812500006, 17.5048828125, -0.93359375, 59.143164062500006])
array('d', [-53.3548828125, 14.283984375000001, -0.93359375, 49.433789062500004])
array('d', [-53.3548828125, 14.283984375000001, -0.93359375, 49.433789062500004])
array('d', [-53.3548828125, 14.283984375000001, -0.93359375, 49.433789062500004])
array('d', [-64.3712890625, 1.6337890625, -14.00390625, 43.0853515625])
array('d', [-81.22265625, -10.362890625, -29.1748046875, 23.666601562500002])
array('d', [-81.22265625, -10.362890625, -33.9361328125, 19.138671875])
array('d', [-81.22265625, -10.362890625, -33.9361328125, 19.138671875])
array('d', [-81.22265625, -10.362890625, -33.9361328125, 19.138671875])
array('d', [-81.22265625, -10.362890625, -33.9361328125, 19.138671875])
array('d', [-85.09707031250001, -20.5390625, -37.997265625000004, 15.8244140625])
array('d', [-87.57109375, -20.5390625, -37.997265625000004, 15.8244140625])
array('d', [-88.17792968750001, -21.8927734375, -35.4765625, 14.610742187500001])
array('d', [-88.17792968750001, -21.8927734375, -35.4765625, 14.610742187500001])
array('d', [-88.17792968750001, -21.8927734375, -35.4765625, 14.610742187500001])
array('d', [-91.585546875, -14.517382812500001, -40.7513671875, 13.0236328125])
array('d', [-88.2712890625, -9.2892578125, -39.491015625, -0.56015625])
array('d', [-86.1240234375, -3.7810546875, -35.0564453125, -2.0539062500000003])
array('d', [-86.1240234375, -3.7810546875, -35.0564453125, -2.0539062500000003])
array('d', [-59.376562500000006, 19.465429687500002, -11.9966796875, 20.4923828125])
array('d', [-60.030078125, 18.065039062500002, -11.950000000000001, 20.4923828125])
array('d', [-60.076757812500006, 18.7185546875, -12.276757812500001, 20.4923828125])
array('d', [-60.076757812500006, 18.7185546875, -13.723828125, 20.445703125])
array('d', [-60.1234375, 18.018359375, -13.723828125, 20.445703125])
array('d', [-73.42714843750001, 5.2748046875000005, -27.44765625, 5.881640625])
array('d', [-88.784765625, -7.3753906250000005, -40.424609375, -5.881640625])
array('d', [-91.3521484375, -10.5029296875, -44.9525390625, -12.416796875000001])
array('d', [-92.61250000000001, -14.2373046875, -44.62578125, -11.38984375])
array('d', [-92.42578125, -14.377343750000001, -44.439062500000006, -14.657421875])
array('d', [-94.573046875, -17.598242187500002, -46.9130859375, -13.443750000000001])
array('d', [-94.573046875, -17.598242187500002, -46.9130859375, -14.050585937500001])
array('d', [-95.13320312500001, -16.7580078125, -47.6599609375, -14.050585937500001])
array('d', [-85.9373046875, -17.3181640625, -44.62578125, -14.097265625])
array('d', [-84.91035156250001, -13.25703125, -42.571875000000006, -13.0236328125])
array('d', [-84.91035156250001, -13.25703125, -42.571875000000006, -13.0236328125])
array('d', [-84.91035156250001, -13.25703125, -42.571875000000006, -13.0236328125])
array('d', [-88.9248046875, -11.343164062500001, -39.397656250000004, -7.2353515625])
array('d', [-76.9748046875, -9.055859375, -35.8033203125, -6.955273437500001])
array('d', [-81.502734375, -4.8080078125000005, -32.9091796875, -4.29453125])
array('d', [-81.502734375, -2.0539062500000003, -28.1478515625, 1.3537109375])
array('d', [-73.75390625, -2.0539062500000003, -28.1478515625, 5.6015625])
array('d', [-63.904492187500004, 3.3609375000000004, -22.8263671875, 5.6015625])
array('d', [-60.8236328125, 5.8349609375, -18.6251953125, 9.429296875])
array('d', [-60.4501953125, 9.1025390625, -15.917773437500001, 11.9033203125])
array('d', [-60.4501953125, 9.1025390625, -14.470703125, 14.283984375000001])
array('d', [-51.72109375, 13.0236328125, -14.470703125, 14.283984375000001])
array('d', [-46.212890625, 16.0578125, -9.989453125, 16.61796875])
array('d', [-43.225390625, 20.2123046875, -6.3951171875, 19.932226562500002])
array('d', [-45.606054687500006, 20.865820312500002, -3.0341796875, 22.40625])
array('d', [-45.606054687500006, 20.865820312500002, -3.0341796875, 22.40625])
array('d', [-45.606054687500006, 20.865820312500002, -3.0341796875, 22.40625])
array('d', [-45.606054687500006, 20.865820312500002, -3.0341796875, 22.40625])
array('d', [-38.4173828125, 23.386523437500003, -3.641015625, 23.4798828125])
array('d', [-34.1228515625, 25.113671875, -1.4937500000000001, 24.926953125])
array('d', [-34.1228515625, 25.113671875, -1.4937500000000001, 24.926953125])
array('d', [-32.395703125000004, 27.7744140625, 0.9802734375000001, 30.201757812500002])
array('d', [-27.914453125, 28.054492187500003, 5.9283203125, 31.088671875000003])
array('d', [-26.420703125000003, 33.04921875, 6.1150390625, 33.2359375])
array('d', [-21.099218750000002, 34.54296875, 9.1025390625, 33.7494140625])
array('d', [-24.086718750000003, 34.823046875, 6.628515625, 34.8697265625])
array('d', [-24.086718750000003, 34.823046875, 6.628515625, 34.8697265625])
array('d', [-24.8802734375, 31.92890625, 8.1689453125, 34.729687500000004])
array('d', [-24.8802734375, 32.395703125000004, 6.6751953125000005, 32.0689453125])
array('d', [-22.6396484375, 32.395703125000004, 6.6751953125000005, 31.5087890625])
array('d', [-20.865820312500002, 34.076171875, 6.6751953125000005, 31.5087890625])
array('d', [-20.865820312500002, 34.076171875, 6.6751953125000005, 31.5087890625])
array('d', [-20.865820312500002, 34.076171875, 6.6751953125000005, 31.5087890625])
array('d', [-24.553515625000003, 33.42265625, 6.9085937500000005, 34.496289062500004])
array('d', [-24.553515625000003, 32.629101562500004, 8.0755859375, 32.0689453125])
array('d', [-23.853320312500003, 32.629101562500004, 8.0755859375, 31.8822265625])
array('d', [-23.853320312500003, 32.629101562500004, 8.0755859375, 31.8822265625])
array('d', [-24.46015625, 33.4693359375, 6.6751953125000005, 31.8822265625])
array('d', [-23.993359375, 29.408203125, 5.694921875, 28.7080078125])
array('d', [-26.5140625, 29.734960937500002, 3.5009765625, 28.94140625])
array('d', [-26.5140625, 29.734960937500002, 3.5009765625, 26.654101562500003])
array('d', [-27.7744140625, 28.4279296875, 1.213671875, 26.654101562500003])
array('d', [-30.2484375, 24.2267578125, -2.1939453125, 24.6935546875])
array('d', [-37.063671875000004, 20.7724609375, -3.1275390625000004, 20.5390625])
array('d', [-37.063671875000004, 20.7724609375, -3.1275390625000004, 20.5390625])
array('d', [-37.063671875000004, 20.7724609375, -3.1275390625000004, 20.5390625])
array('d', [-39.9578125, 15.684375000000001, -9.7560546875, 14.470703125])
array('d', [-39.9578125, 15.684375000000001, -9.7560546875, 12.603515625])
array('d', [-46.4462890625, 11.716601562500001, -14.097265625, 12.603515625])
array('d', [-46.4462890625, 11.716601562500001, -14.097265625, 12.603515625])
array('d', [-46.4462890625, 11.716601562500001, -14.097265625, 12.603515625])
array('d', [-51.1142578125, 4.9013671875, -17.8783203125, 8.3556640625])
array('d', [-53.168164062500004, 2.1939453125, -22.7796875, 3.7810546875])
array('d', [-53.168164062500004, 2.1939453125, -24.9736328125, 0.1400390625])
array('d', [-59.469921875000004, -1.3537109375, -24.9736328125, 0.1400390625])
array('d', [-61.103710937500004, -3.8744140625, -28.0078125, -4.6212890625])
array('d', [-63.110937500000006, -8.77578125, -33.2826171875, -6.021679687500001])
array('d', [-63.110937500000006, -8.77578125, -33.2826171875, -6.021679687500001])
array('d', [-66.0984375, -10.316210937500001, -33.6560546875, -8.8224609375])
array('d', [-68.0123046875, -11.1564453125, -34.6830078125, -9.149218750000001])
array('d', [-69.27265625, -13.3037109375, -37.9505859375, -12.13671875])
array('d', [-69.27265625, -13.3037109375, -37.9505859375, -12.13671875])
array('d', [-67.872265625, -13.537109375, -36.690234375, -11.9033203125])
array('d', [-70.7197265625, -14.2373046875, -37.8572265625, -12.790234375])
array('d', [-70.7197265625, -14.2373046875, -39.304296875, -12.4634765625])
array('d', [-66.565234375, -12.510156250000001, -39.304296875, -12.4634765625])
array('d', [-66.565234375, -12.510156250000001, -39.304296875, -12.4634765625])
array('d', [-68.432421875, -13.7705078125, -34.8697265625, -11.809960937500001])
array('d', [-68.05898437500001, -12.0900390625, -34.449609375, -11.38984375])
array('d', [-64.9314453125, -9.9427734375, -34.5896484375, -8.7291015625])
array('d', [-64.9314453125, -9.9427734375, -34.5896484375, -8.7291015625])
array('d', [-64.9314453125, -9.242578125, -31.602148437500002, -6.3951171875])
array('d', [-57.742773437500006, -9.242578125, -31.602148437500002, -6.3951171875])
array('d', [-59.0498046875, -4.761328125, -25.953906250000003, -4.761328125])
array('d', [-51.674414062500006, -2.707421875, -25.953906250000003, -4.761328125])
array('d', [-51.674414062500006, -2.707421875, -25.953906250000003, -4.761328125])
array('d', [-51.674414062500006, -2.707421875, -25.953906250000003, -4.761328125])
array('d', [-51.674414062500006, -2.707421875, -22.59296875, -0.56015625])
array('d', [-46.3529296875, -1.6337890625, -20.6791015625, -0.56015625])
array('d', [-44.8125, 2.6140625, -16.9447265625, 4.1078125000000005])
array('d', [-44.8125, 2.6140625, -16.9447265625, 4.1078125000000005])
array('d', [-40.1912109375, 6.16171875, -14.750781250000001, 5.4615234375])
array('d', [-34.262890625000004, 7.0953125, -10.9697265625, 9.89609375])
array('d', [-34.262890625000004, 10.642968750000001, -9.5693359375, 9.9427734375])
array('d', [-36.41015625, 10.642968750000001, -9.5693359375, 9.9427734375])
array('d', [-29.1748046875, 13.4904296875, -6.53515625, 12.9302734375])
array('d', [-26.000585937500002, 17.271484375, -2.8941406250000004, 16.7580078125])
array('d', [-21.2392578125, 20.445703125, -2.8941406250000004, 16.7580078125])
array('d', [-21.2392578125, 20.445703125, -2.8941406250000004, 16.7580078125])
array('d', [-21.2392578125, 20.445703125, -1.400390625, 21.379296875])
array('d', [-21.659375, 20.5390625, -0.42011718750000004, 20.0255859375])
array('d', [-16.5712890625, 25.9072265625, 3.2208984375000003, 23.0130859375])
array('d', [-14.7041015625, 26.607421875, 5.881640625, 27.4943359375])
array('d', [-14.7041015625, 27.867773437500002, 7.422070312500001, 27.120898437500003])
array('d', [-15.077539062500001, 27.867773437500002, 7.422070312500001, 27.44765625])
array('d', [-11.0630859375, 27.867773437500002, 7.422070312500001, 27.44765625])
array('d', [-11.0630859375, 27.867773437500002, 7.422070312500001, 27.44765625])
array('d', [-11.0630859375, 27.867773437500002, 7.422070312500001, 27.44765625])
array('d', [-12.4634765625, 29.221484375000003, 9.3359375, 29.5482421875])
array('d', [-12.4634765625, 29.221484375000003, 9.3359375, 29.781640625])
array('d', [-10.8296875, 31.835546875000002, 9.849414062500001, 29.781640625])
array('d', [-10.8296875, 31.835546875000002, 9.849414062500001, 29.781640625])
array('d', [-10.8296875, 31.835546875000002, 9.849414062500001, 29.781640625])
array('d', [-9.989453125, 30.715234375, 10.409570312500001, 29.268164062500002])
array('d', [-11.483203125000001, 30.06171875, 10.45625, 29.921679687500003])
array('d', [-10.923046875, 30.155078125000003, 7.888867187500001, 28.8947265625])
array('d', [-10.923046875, 30.4818359375, 8.5890625, 27.0275390625])
array('d', [-11.856640625, 30.4818359375, 8.5890625, 26.607421875])
array('d', [-11.4365234375, 28.101171875000002, 7.422070312500001, 26.607421875])
array('d', [-13.0703125, 27.167578125000002, 6.1150390625, 26.7474609375])
array('d', [-13.0703125, 25.9072265625, 4.6212890625, 25.113671875])
array('d', [-13.677148437500001, 25.9072265625, 4.6212890625, 25.113671875])
array('d', [-14.283984375000001, 23.806640625, 4.0611328125, 24.133398437500002])
array('d', [-18.48515625, 23.9466796875, 3.267578125, 20.632421875000002])
array('d', [-18.205078125, 21.379296875, 0.3267578125, 21.6126953125])
array('d', [-18.205078125, 21.379296875, 0.3267578125, 21.6126953125])
array('d', [-21.8927734375, 18.4384765625, -2.1939453125, 18.531835937500002])
array('d', [-21.8927734375, 18.4384765625, -2.1939453125, 18.531835937500002])
array('d', [-21.8927734375, 18.4384765625, -2.1939453125, 18.531835937500002])
array('d', [-27.587695312500003, 14.984179687500001, -2.8474609375, 14.750781250000001])
array('d', [-27.587695312500003, 10.45625, -9.149218750000001, 7.9822265625])
array('d', [-31.8822265625, 10.45625, -9.149218750000001, 7.9822265625])
array('d', [-31.8822265625, 10.45625, -9.149218750000001, 7.9822265625])
array('d', [-31.8822265625, 10.45625, -9.149218750000001, 7.9822265625])
array('d', [-36.596875000000004, 4.6212890625, -18.065039062500002, -0.37343750000000003])
array('d', [-39.631054687500004, 0.0, -18.065039062500002, -0.37343750000000003])
array('d', [-43.412109375, -3.9677734375, -22.733007812500002, -2.9408203125])
array('d', [-43.412109375, -3.9677734375, -22.733007812500002, -2.9408203125])
array('d', [-43.412109375, -3.9677734375, -22.733007812500002, -2.9408203125])
array('d', [-43.412109375, -3.9677734375, -22.733007812500002, -2.9408203125])
array('d', [-46.306250000000006, -6.3951171875, -26.7474609375, -7.655468750000001])
array('d', [-51.067578125000004, -6.488476562500001, -28.7080078125, -11.203125])
array('d', [-52.0478515625, -10.8296875, -30.528515625, -11.9033203125])
array('d', [-52.0478515625, -10.8296875, -30.528515625, -11.9033203125])
array('d', [-52.0478515625, -10.8296875, -30.528515625, -11.9033203125])
array('d', [-52.0478515625, -10.8296875, -30.528515625, -11.9033203125])
array('d', [-54.7552734375, -13.9572265625, -33.6560546875, -15.310937500000001])
array('d', [-54.7552734375, -13.9572265625, -36.503515625, -16.8513671875])
array('d', [-56.855859375, -15.3576171875, -36.503515625, -16.8513671875])
array('d', [-58.723046875, -16.3845703125, -37.15703125, -15.450976562500001])
array('d', [-57.8828125, -17.6916015625, -36.316796875, -17.831640625000002])
array('d', [-57.8828125, -17.6916015625, -34.6830078125, -16.8046875])
array('d', [-56.669140625000004, -16.898046875000002, -34.6830078125, -16.8046875])
array('d', [-56.669140625000004, -16.898046875000002, -34.6830078125, -16.8046875])
array('d', [-56.669140625000004, -16.898046875000002, -34.6830078125, -16.8046875])
array('d', [-58.81640625, -16.99140625, -34.5896484375, -16.61796875])
array('d', [-58.81640625, -18.065039062500002, -35.2431640625, -16.664648437500002])
array('d', [-56.6224609375, -18.065039062500002, -35.2431640625, -16.664648437500002])
array('d', [-55.968945312500004, -15.404296875, -34.16953125, -16.2912109375])
array('d', [-50.974218750000006, -15.49765625, -31.088671875000003, -14.984179687500001])
array('d', [-50.974218750000006, -15.49765625, -31.088671875000003, -13.9572265625])
array('d', [-54.6619140625, -14.750781250000001, -32.30234375, -13.9572265625])
array('d', [-43.6921875, -9.709375, -26.934179687500002, -9.1958984375])
array('d', [-43.6921875, -6.53515625, -22.312890625, -5.788281250000001])
array('d', [-40.611328125, -6.53515625, -22.312890625, -5.788281250000001])
array('d', [-37.0169921875, -1.7271484375000001, -18.578515625, -1.9605468750000001])
array('d', [-33.702734375, 3.7810546875, -11.809960937500001, 4.48125])
array('d', [-33.702734375, 3.7810546875, -8.8224609375, 7.562109375])
array('d', [-22.919726562500003, 8.869140625, -8.8224609375, 7.562109375])
array('d', [-18.9052734375, 14.143945312500001, -2.2873046875000003, 12.230078125])
array('d', [-18.9052734375, 14.143945312500001, -2.2873046875000003, 17.458203125])
array('d', [-16.2912109375, 15.777734375000001, -0.046679687500000004, 17.458203125])
array('d', [-12.603515625, 21.052539062500003, 2.1005859375, 19.698828125000002])
array('d', [-12.603515625, 23.5732421875, 6.3951171875, 24.5068359375])
array('d', [-9.3359375, 23.5732421875, 6.3951171875, 24.833593750000002])
array('d', [-5.7416015625000005, 26.607421875, 8.308984375, 24.833593750000002])
array('d', [-3.7810546875, 30.855273437500003, 11.856640625, 28.2412109375])
array('d', [-3.7810546875, 30.855273437500003, 11.856640625, 28.2412109375])
array('d', [-3.7810546875, 30.855273437500003, 11.856640625, 28.2412109375])
array('d', [-3.7810546875, 30.855273437500003, 11.856640625, 28.2412109375])
array('d', [-4.48125, 28.801367187500002, 12.650195312500001, 30.9953125])
array('d', [-2.7541015625000003, 30.2484375, 13.3037109375, 32.67578125])
array('d', [-2.7541015625000003, 30.2484375, 14.190625, 31.648828125])
array('d', [-2.7541015625000003, 30.2484375, 14.190625, 31.648828125])
array('d', [-10.1294921875, 22.686328125000003, 16.4779296875, 33.1892578125])
array('d', [-10.1294921875, 22.686328125000003, 16.4779296875, 34.076171875])
array('d', [-13.9572265625, 19.7921875, 16.1044921875, 34.076171875])
array('d', [-18.298437500000002, 15.1708984375, 15.777734375000001, 32.208984375])
array('d', [-24.6935546875, 10.6896484375, 17.9716796875, 35.28984375])
array('d', [-24.6935546875, 10.6896484375, 17.4115234375, 33.796093750000004])
array('d', [-29.3615234375, 4.1078125000000005, 17.4115234375, 33.796093750000004])
array('d', [-35.5232421875, -1.9138671875000002, 18.065039062500002, 34.3095703125])
array('d', [-41.264843750000004, -7.0486328125, 19.465429687500002, 36.0833984375])
array('d', [-47.519921875, -13.3037109375, 19.5587890625, 36.830273437500004])
array('d', [-47.519921875, -13.3037109375, 19.5587890625, 36.830273437500004])
array('d', [-54.101757812500004, -20.0255859375, 20.399023437500002, 38.8841796875])
array('d', [-61.710546875000006, -28.0078125, 24.133398437500002, 13.677148437500001])
array('d', [-61.710546875000006, -28.0078125, 24.133398437500002, 11.809960937500001])
array('d', [-65.8650390625, -32.629101562500004, 30.668554687500002, 11.809960937500001])
array('d', [-74.5474609375, -38.370703125, 34.729687500000004, 18.48515625])
array('d', [-74.5474609375, -43.598828125000004, 38.464062500000004, 22.219531250000003])
array('d', [-79.02871093750001, -43.598828125000004, 38.464062500000004, 22.219531250000003])
array('d', [-82.3896484375, -47.566601562500004, 39.0708984375, 28.1478515625])
array('d', [-87.5244140625, -50.1806640625, 44.765820312500004, 33.3759765625])
array('d', [-87.5244140625, -50.1806640625, 49.85390625, 37.1103515625])
array('d', [-91.8189453125, -50.1806640625, 49.85390625, 37.1103515625])
array('d', [-91.8189453125, -53.21484375, 51.254296875, 43.6921875])
array('d', [-93.91953125, -53.21484375, 51.254296875, 43.6921875])
array('d', [-98.9609375, -54.8486328125, 55.7822265625, 57.0892578125])
array('d', [-104.095703125, -56.2490234375, 59.283203125, 57.0892578125])
array('d', [-103.81562500000001, -55.502148437500004, 57.69609375, 64.04453125])
array('d', [-107.08320312500001, -57.416015625, 58.676367187500006, 71.8400390625])
array('d', [-107.08320312500001, -57.416015625, 58.676367187500006, 71.8400390625])
array('d', [-107.08320312500001, -57.416015625, 58.676367187500006, 71.8400390625])
array('d', [-107.08320312500001, -57.416015625, 58.676367187500006, 71.8400390625])
array('d', [-107.08320312500001, -54.8486328125, 61.010351562500006, 77.3482421875])
array('d', [-111.84453125, -54.8486328125, 61.010351562500006, 77.3482421875])
array('d', [-118.98652343750001, -55.922265625, 61.337109375000004, 83.97675781250001])
array('d', [-119.31328125, -57.4626953125, 59.75, 83.97675781250001])
array('d', [-119.31328125, -57.4626953125, 59.75, 83.97675781250001])
array('d', [-119.31328125, -57.4626953125, 59.75, 83.97675781250001])
array('d', [-119.31328125, -57.4626953125, 59.75, 101.66835937500001])
array('d', [-122.72089843750001, -57.9294921875, 57.836132812500004, 101.66835937500001])
array('d', [-123.5611328125, -63.437695312500004, 57.69609375, 110.77089843750001])
array('d', [-123.5611328125, -63.437695312500004, 57.69609375, 110.77089843750001])
array('d', [-123.5611328125, -63.437695312500004, 57.69609375, 110.77089843750001])
array('d', [-132.61699218750002, -59.656640625, 55.408789062500006, 120.6669921875])
array('d', [-136.2580078125, -53.9150390625, 53.168164062500004, 128.0890625])
array('d', [-136.2580078125, -53.9150390625, 53.168164062500004, 128.0890625])
array('d', [-133.223828125, -48.36015625, 47.98671875, 133.50390625])
array('d', [-134.344140625, -46.072851562500006, 40.424609375, 133.6439453125])
array('d', [-134.344140625, -46.072851562500006, 35.009765625, 133.6439453125])
array('d', [-132.103515625, -44.065625000000004, 35.009765625, 133.6439453125])
array('d', [-132.103515625, -44.065625000000004, 35.009765625, 133.6439453125])
array('d', [-132.103515625, -44.065625000000004, 35.009765625, 133.6439453125])
array('d', [-132.103515625, -44.065625000000004, 35.009765625, 133.6439453125])
array('d', [-132.196875, -42.01171875, 29.034765625000002, 134.48417968750002])
array('d', [-135.5578125, -36.876953125, 27.400976562500002, 134.157421875])
array('d', [-134.62421875, -45.3259765625, 24.180078125, 134.71757812500002])
array('d', [-134.62421875, -51.72109375, 28.567968750000002, 133.87734375])
array('d', [-134.48417968750002, -51.72109375, 28.567968750000002, 133.87734375])
array('d', [-136.7248046875, -55.735546875000004, 34.963085937500004, 133.6439453125])
array('d', [-134.5775390625, -51.4876953125, 37.8572265625, 133.55058593750002])
array('d', [-134.5775390625, -51.4876953125, 37.8572265625, 133.55058593750002])
array('d', [-134.5775390625, -50.4140625, 43.598828125000004, 134.2974609375])
array('d', [-133.1771484375, -50.4140625, 43.598828125000004, 134.2974609375])
array('d', [-133.13046875, -54.7552734375, 38.4173828125, 133.410546875])
array('d', [-135.5578125, -55.875585937500006, 34.729687500000004, 136.7248046875])
array('d', [-135.5578125, -55.875585937500006, 34.729687500000004, 133.6439453125])
array('d', [-134.8109375, -54.1484375, 34.729687500000004, 133.6439453125])
array('d', [-134.157421875, -52.467968750000004, 33.1892578125, 134.2974609375])
array('d', [-134.71757812500002, -48.033398437500004, 34.262890625000004, 134.4375])
array('d', [-134.71757812500002, -48.033398437500004, 38.183984375, 132.85039062500002])
array('d', [-136.0712890625, -47.6599609375, 38.183984375, 132.85039062500002])
array('d', [-132.85039062500002, -44.065625000000004, 38.183984375, 132.85039062500002])
array('d', [-132.85039062500002, -44.065625000000004, 38.183984375, 132.85039062500002])
array('d', [-132.85039062500002, -44.065625000000004, 38.183984375, 132.85039062500002])
array('d', [-132.85039062500002, -43.31875, 43.4587890625, 133.2705078125])
array('d', [-132.476953125, -43.31875, 43.4587890625, 133.2705078125])
array('d', [-133.9240234375, -43.9255859375, 40.1912109375, 133.8306640625])
array('d', [-133.9240234375, -43.9255859375, 40.1912109375, 134.71757812500002])
array('d', [-134.2041015625, -47.473242187500006, 37.9505859375, 134.71757812500002])
array('d', [-133.2705078125, -52.141210937500006, 36.7369140625, 133.55058593750002])
array('d', [-133.9240234375, -53.681640625, 40.3779296875, 134.01738281250002])
array('d', [-133.9240234375, -53.681640625, 40.3779296875, 133.50390625])
array('d', [-133.970703125, -50.5541015625, 42.0583984375, 133.50390625])
array('d', [-133.8306640625, -49.29375, 45.5126953125, 134.48417968750002])
array('d', [-133.55058593750002, -54.008398437500006, 34.54296875, 134.904296875])
array('d', [-133.55058593750002, -54.008398437500006, 34.54296875, 134.904296875])
array('d', [-133.037109375, -57.229296875, 35.009765625, 133.4572265625])
array('d', [-133.9240234375, -54.801953125000004, 38.464062500000004, 133.78398437500002])
array('d', [-133.9240234375, -46.7263671875, 46.959765625, 132.663671875])
array('d', [-134.7642578125, -46.7263671875, 46.959765625, 132.663671875])
array('d', [-133.970703125, -44.719140625, 49.6205078125, 133.4572265625])
array('d', [-134.5775390625, -49.29375, 42.478515625, 132.8970703125])
array('d', [-134.5775390625, -49.29375, 42.478515625, 132.8970703125])
array('d', [-134.5775390625, -49.29375, 42.478515625, 132.8970703125])
array('d', [-134.5775390625, -49.29375, 42.478515625, 132.8970703125])
array('d', [-134.48417968750002, -57.416015625, 38.0439453125, 134.4375])
array('d', [-134.48417968750002, -57.416015625, 37.6705078125, 133.2705078125])
array('d', [-133.7373046875, -57.5560546875, 37.6705078125, 133.2705078125])
array('d', [-134.95097656250002, -49.85390625, 42.2451171875, 133.13046875])
array('d', [-134.95097656250002, -48.966992187500004, 45.932812500000004, 134.4375])
array('d', [-133.2705078125, -53.775000000000006, 41.264843750000004, 133.55058593750002])
array('d', [-133.2705078125, -53.775000000000006, 41.264843750000004, 133.55058593750002])
array('d', [-133.8306640625, -61.710546875000006, 37.063671875000004, 134.99765625])
array('d', [-135.277734375, -58.3962890625, 41.6849609375, 133.7373046875])
array('d', [-135.277734375, -58.3962890625, 46.773046875000006, 133.410546875])
array('d', [-133.223828125, -58.3962890625, 46.773046875000006, 133.410546875])
array('d', [-134.6708984375, -41.918359375, 52.4212890625, 133.4572265625])
array('d', [-134.6708984375, -41.264843750000004, 45.466015625000004, 134.6708984375])
array('d', [-133.50390625, -41.264843750000004, 45.466015625000004, 134.6708984375])
array('d', [-133.6439453125, -49.0603515625, 32.629101562500004, 134.4375])
array('d', [-133.970703125, -48.266796875000004, 31.135351562500002, 134.25078125000002])
array('d', [-133.970703125, -48.266796875000004, 31.135351562500002, 133.970703125])
array('d', [-132.8037109375, -42.1517578125, 37.8572265625, 133.970703125])
array('d', [-132.8037109375, -42.1517578125, 37.8572265625, 133.970703125])
array('d', [-133.410546875, -36.6435546875, 43.272070312500006, 133.037109375])
array('d', [-133.78398437500002, -39.9578125, 39.5376953125, 134.8109375])
array('d', [-133.78398437500002, -39.9578125, 39.5376953125, 133.4572265625])
array('d', [-132.85039062500002, -50.740820312500006, 32.7224609375, 133.4572265625])
array('d', [-134.157421875, -55.3154296875, 34.636328125, 134.0640625])
array('d', [-134.157421875, -51.3943359375, 40.7046875, 134.01738281250002])
array('d', [-133.3638671875, -51.3943359375, 40.7046875, 134.01738281250002])
array('d', [-135.0443359375, -50.880859375, 41.6849609375, 132.4302734375])
array('d', [-132.5703125, -51.3943359375, 40.8447265625, 134.25078125000002])
array('d', [-132.5703125, -51.3943359375, 40.8447265625, 133.13046875])
array('d', [-133.31718750000002, -52.8880859375, 42.665234375000004, 133.13046875])
array('d', [-133.31718750000002, -52.8880859375, 42.665234375000004, 133.13046875])
array('d', [-133.31718750000002, -52.8880859375, 42.665234375000004, 133.13046875])
array('d', [-133.31718750000002, -52.8880859375, 42.665234375000004, 133.13046875])
array('d', [-133.31718750000002, -52.8880859375, 42.665234375000004, 133.13046875])
array('d', [-133.31718750000002, -52.8880859375, 42.665234375000004, 133.13046875])
array('d', [-134.71757812500002, -54.241796875000006, 43.132031250000004, 133.31718750000002])
array('d', [-134.3908203125, -53.074804687500006, 41.7783203125, 133.970703125])
array('d', [-134.3908203125, -53.074804687500006, 41.7783203125, 134.904296875])
array('d', [-133.690625, -52.9814453125, 43.412109375, 134.904296875])
array('d', [-135.0443359375, -51.5810546875, 40.6580078125, 134.530859375])
array('d', [-135.0443359375, -50.6474609375, 38.464062500000004, 133.597265625])
array('d', [-132.9904296875, -50.6474609375, 38.464062500000004, 133.597265625])
array('d', [-132.9904296875, -50.6474609375, 38.464062500000004, 133.597265625])
array('d', [-132.9904296875, -50.6474609375, 38.464062500000004, 133.597265625])
array('d', [-132.9904296875, -50.6474609375, 38.464062500000004, 133.597265625])
array('d', [-134.71757812500002, -50.320703125, 38.090625, 133.597265625])
array('d', [-133.31718750000002, -50.4607421875, 38.230664062500004, 133.87734375])
array('d', [-133.8306640625, -48.966992187500004, 38.744140625, 133.9240234375])
array('d', [-133.8306640625, -48.966992187500004, 38.744140625, 133.9240234375])
array('d', [-133.8306640625, -48.966992187500004, 38.744140625, 133.9240234375])
array('d', [-132.7103515625, -48.546875, 39.7244140625, 133.13046875])
array('d', [-132.7103515625, -46.6796875, 40.424609375, 134.3908203125])
array('d', [-133.1771484375, -46.6796875, 40.424609375, 134.3908203125])
array('d', [-134.25078125000002, -46.072851562500006, 40.564648437500004, 133.55058593750002])
array('d', [-132.8970703125, -12.8369140625, 39.0708984375, 133.690625])
array('d', [-132.8970703125, -6.9085937500000005, 38.183984375, 133.87734375])
array('d', [-131.8234375, -6.9085937500000005, 38.183984375, 133.87734375])
array('d', [-131.8234375, -6.9085937500000005, 38.183984375, 133.87734375])
array('d', [-131.8234375, -6.9085937500000005, 38.183984375, 133.87734375])
array('d', [-131.8234375, -6.9085937500000005, 38.183984375, 133.87734375])
array('d', [-131.8234375, -6.9085937500000005, 38.183984375, 133.87734375])
array('d', [-129.209375, -8.869140625, 35.85, 133.1771484375])
array('d', [-125.8017578125, -7.935546875, 33.1892578125, 133.970703125])
array('d', [-124.728125, -7.28203125, 23.619921875000003, 124.82148437500001])
array('d', [-125.568359375, -6.9085937500000005, 22.8263671875, 125.381640625])
array('d', [-125.568359375, -6.9085937500000005, 22.452929687500003, 125.94179687500001])
array('d', [-125.6150390625, -7.188671875000001, 22.452929687500003, 125.94179687500001])
array('d', [-134.530859375, -6.2083984375000005, 22.686328125000003, 126.96875])
array('d', [-134.530859375, -18.8119140625, 10.736328125, 114.73867187500001])
array('d', [-134.344140625, -18.8119140625, 10.736328125, 97.74726562500001])
array('d', [-133.3638671875, -29.968359375000002, 0.42011718750000004, 97.74726562500001])
array('d', [-133.690625, -43.272070312500006, -14.750781250000001, 76.834765625])
array('d', [-134.344140625, -42.431835937500004, -29.268164062500002, 62.5974609375])
array('d', [-134.344140625, -42.431835937500004, -43.972265625000006, 56.7625])
array('d', [-134.344140625, -42.431835937500004, -43.972265625000006, 56.7625])
array('d', [-134.344140625, -42.431835937500004, -43.972265625000006, 56.7625])
array('d', [-134.344140625, -42.431835937500004, -43.972265625000006, 56.7625])
array('d', [-134.344140625, -42.431835937500004, -43.972265625000006, 56.7625])
array('d', [-134.344140625, -42.431835937500004, -43.972265625000006, 56.7625])
array('d', [-133.78398437500002, -42.571875000000006, -43.972265625000006, 56.7625])
array('d', [-133.7373046875, -41.078125, -48.873632812500006, 54.941992187500006])
array('d', [-132.9904296875, -40.0044921875, -50.600781250000004, 52.4212890625])
array('d', [-132.8037109375, -39.77109375, -48.6869140625, 51.627734375])
array('d', [-132.94375, -44.3923828125, -50.694140625, 50.22734375])
array('d', [-131.68339843750002, -47.006445312500006, -46.072851562500006, 48.2201171875])
array('d', [-131.68339843750002, -47.006445312500006, -46.072851562500006, 48.2201171875])
array('d', [-131.68339843750002, -41.918359375, -43.0853515625, 49.48046875])
array('d', [-121.1337890625, -34.4029296875, -39.397656250000004, 52.234570312500004])
array('d', [-112.0779296875, -34.4029296875, -39.397656250000004, 52.234570312500004])
array('d', [-112.0779296875, -34.4029296875, -39.397656250000004, 52.234570312500004])
array('d', [-112.0779296875, -24.926953125, -31.555468750000003, 59.0498046875])
array('d', [-116.37246093750001, -24.926953125, -31.555468750000003, 63.8578125])
array('d', [-108.9970703125, -18.298437500000002, -24.8802734375, 63.8578125])
array('d', [-96.8603515625, -11.4365234375, -20.35234375, 69.739453125])
array('d', [-84.8169921875, -5.9283203125, -16.664648437500002, 72.8203125])
array('d', [-84.44355468750001, -2.707421875, -10.082812500000001, 79.96230468750001])
array('d', [-84.44355468750001, -2.707421875, -10.082812500000001, 79.96230468750001])
array('d', [-84.44355468750001, -2.707421875, -10.082812500000001, 79.96230468750001])
array('d', [-84.44355468750001, -2.707421875, -10.082812500000001, 79.96230468750001])
array('d', [-74.36074218750001, 1.773828125, -8.2623046875, 82.9498046875])
array('d', [-74.36074218750001, 9.055859375, -1.5404296875, 83.7900390625])
array('d', [-74.87421875, 9.055859375, -1.5404296875, 83.7900390625])
array('d', [-63.9978515625, 12.883593750000001, 0.653515625, 87.94453125000001])
array('d', [-62.644140625000006, 16.4779296875, 3.4076171875, 91.025390625])
array('d', [-62.644140625000006, 15.777734375000001, 4.387890625, 89.9517578125])
array('d', [-57.042578125000006, 15.777734375000001, 4.387890625, 89.8583984375])
array('d', [-60.3568359375, 19.465429687500002, 5.0880859375, 89.8583984375])
array('d', [-61.570507812500004, 17.4115234375, 0.8869140625, 87.8044921875])
array('d', [-62.457421875, 13.7705078125, 0.8869140625, 87.8044921875])
array('d', [-62.457421875, 13.7705078125, 0.8869140625, 87.8044921875])
array('d', [-62.457421875, 13.7705078125, 0.8869140625, 87.8044921875])
array('d', [-67.5455078125, 10.45625, -3.8744140625, 79.35546875])
array('d', [-68.3390625, 7.46875, -4.5746093750000005, 78.23515625])
array('d', [-73.100390625, 5.3681640625, -8.0755859375, 74.6875])
array('d', [-73.100390625, 5.3681640625, -8.682421875000001, 74.407421875])
array('d', [-70.62636718750001, 2.42734375, -8.682421875000001, 74.407421875])
array('d', [-71.2798828125, 3.4542968750000003, -9.2892578125, 74.0806640625])
array('d', [-72.8203125, 1.6804687500000002, -10.45625, 72.7736328125])
array('d', [-72.8203125, 1.6804687500000002, -11.856640625, 72.4001953125])
array('d', [-70.62636718750001, 2.42734375, -11.856640625, 72.4001953125])
array('d', [-70.486328125, 4.1078125000000005, -11.76328125, 70.299609375])
array('d', [-71.9333984375, 3.3142578125, -12.13671875, 73.19375000000001])
array('d', [-72.63359375, 2.0072265625, -11.5298828125, 70.20625])
array('d', [-72.63359375, 2.0072265625, -11.5298828125, 70.9064453125])
array('d', [-70.5796875, 2.80078125, -10.9697265625, 70.9064453125])
array('d', [-70.4396484375, 3.8744140625, -10.5029296875, 71.6533203125])
array('d', [-71.6533203125, 4.48125, -9.7560546875, 71.980078125])
array('d', [-71.6533203125, 5.3681640625, -10.26953125, 71.1865234375])
array('d', [-69.3193359375, 5.3681640625, -10.26953125, 71.1865234375])
array('d', [-69.45937500000001, 4.7146484375, -8.8224609375, 72.913671875])
array('d', [-68.4791015625, 1.6804687500000002, -9.9427734375, 22.7796875])
array('d', [-68.4791015625, 1.6804687500000002, -9.9427734375, 22.7796875])
array('d', [-68.75917968750001, 1.2603515625000001, -5.9750000000000005, 6.815234375])
array('d', [-68.75917968750001, 1.2603515625000001, -2.5673828125, 5.7416015625000005])
array('d', [-67.35878906250001, 1.9605468750000001, -1.1203125, 9.0091796875])
array('d', [-67.35878906250001, 1.9605468750000001, -1.1203125, 9.0091796875])
array('d', [-62.7841796875, 3.641015625, -0.6068359375, 4.9013671875])
array('d', [-58.5830078125, 7.7021484375, 1.0269531250000001, 4.9947265625])
array('d', [-58.5830078125, 7.46875, 3.17421875, 6.068359375])
array('d', [-54.8953125, 7.46875, 3.17421875, 6.068359375])
array('d', [-55.3154296875, 7.7021484375, 5.3681640625, 4.201171875])
array('d', [-51.34765625, 6.2083984375000005, 5.0880859375, 6.4417968750000005])
array('d', [-51.34765625, 6.2083984375000005, 5.0880859375, 6.4417968750000005])
array('d', [-51.34765625, 6.2083984375000005, 5.0880859375, 6.4417968750000005])
array('d', [-51.34765625, 6.2083984375000005, 5.0880859375, 6.4417968750000005])
array('d', [-53.401562500000004, 4.9947265625, 6.9085937500000005, 7.6087890625000005])
array('d', [-53.401562500000004, 4.9013671875, 9.709375, 6.7685546875])
array('d', [-50.600781250000004, 4.9013671875, 9.709375, 6.7685546875])
array('d', [-50.600781250000004, 4.9013671875, 9.709375, 6.7685546875])
array('d', [-50.600781250000004, 4.9013671875, 9.709375, 6.7685546875])
array('d', [-50.600781250000004, 4.9013671875, 9.709375, 6.7685546875])
array('d', [-53.168164062500004, 6.068359375, 8.915820312500001, 8.5423828125])
array('d', [-54.2884765625, 5.554882812500001, 7.7021484375, 5.554882812500001])
array('d', [-52.841406250000006, 3.7810546875, 5.1814453125, 6.6751953125000005])
array('d', [-56.015625, 3.8744140625, 3.5943359375000004, 3.267578125])
array('d', [-50.040625000000006, 7.935546875, 6.7685546875, 8.215625000000001])
array('d', [-49.947265625, 8.77578125, 7.562109375, 8.215625000000001])
array('d', [-49.947265625, 8.77578125, 7.5154296875, 8.3556640625])
array('d', [-49.0603515625, 9.382617187500001, 7.5154296875, 8.3556640625])
array('d', [-49.29375, 8.308984375, 5.8349609375, 6.5818359375])
array('d', [-60.68359375, -4.66796875, -6.16171875, -3.4542968750000003])
array('d', [-60.68359375, -4.66796875, -6.16171875, -3.4542968750000003])
array('d', [-69.45937500000001, -11.296484375, -10.876367187500001, -13.3970703125])
array('d', [-71.13984375, -13.910546875000001, -14.750781250000001, -15.1708984375])
array('d', [-67.03203125, -15.684375000000001, -15.1708984375, -14.610742187500001])
array('d', [-67.03203125, -15.684375000000001, -15.1708984375, -17.3181640625])
array('d', [-71.6533203125, -18.018359375, -21.005859375, -17.3181640625])
array('d', [-71.6533203125, -18.018359375, -21.005859375, -17.3181640625])
array('d', [-71.6533203125, -18.018359375, -21.005859375, -17.3181640625])
array('d', [-71.6533203125, -18.018359375, -21.005859375, -17.3181640625])
array('d', [-71.6533203125, -18.018359375, -21.005859375, -17.3181640625])
array('d', [-75.52773437500001, -16.3845703125, -18.7185546875, -15.6376953125])
array('d', [-69.366015625, -13.4904296875, -17.178125, -15.6376953125])
array('d', [-62.644140625000006, -15.2642578125, -14.470703125, -13.116992187500001])
array('d', [-62.644140625000006, -15.2642578125, -14.470703125, -13.116992187500001])
array('d', [-62.644140625000006, -15.2642578125, -14.470703125, -13.116992187500001])
array('d', [-68.619140625, -13.7705078125, -8.682421875000001, -10.409570312500001])
array('d', [-66.7052734375, -14.7974609375, -6.2083984375000005, -4.5746093750000005])
array('d', [-61.43046875, -18.018359375, 28.0078125, 39.584375])
array('d', [-61.570507812500004, -20.4923828125, 28.754687500000003, 38.27734375])
array('d', [-61.570507812500004, -20.4923828125, 28.754687500000003, 38.27734375])
array('d', [-68.619140625, -23.246484375, 33.3759765625, 39.677734375])
array('d', [-57.602734375000004, -12.883593750000001, 39.8177734375, 39.117578125])
array('d', [-57.602734375000004, -12.883593750000001, 47.3798828125, 54.6619140625])
array('d', [-40.3779296875, -0.466796875, 47.3798828125, 54.6619140625])
array('d', [-40.097851562500004, 2.240625, 48.033398437500004, 58.6296875])
array('d', [-40.097851562500004, 4.6212890625, 45.4193359375, 62.270703125000004])
array('d', [-34.91640625, 4.6212890625, 45.4193359375, 62.270703125000004])
array('d', [-29.594921875, 6.6751953125000005, 45.139257812500006, 63.811132812500006])
array('d', [-31.0419921875, 8.308984375, 48.546875, 63.484375])
array('d', [-31.0419921875, 7.5154296875, 49.947265625, 65.53828125])
array('d', [-31.0419921875, 7.5154296875, 49.947265625, 65.53828125])
array('d', [-31.0419921875, 7.5154296875, 49.947265625, 65.53828125])
array('d', [-37.3904296875, 4.201171875, 51.3943359375, 65.49160156250001])
array('d', [-42.5251953125, -2.80078125, 49.9939453125, 64.79140625000001])
array('d', [-42.5251953125, -6.021679687500001, 50.133984375000004, 20.5390625])
array('d', [-47.6599609375, -6.021679687500001, 50.133984375000004, 20.5390625])
array('d', [-55.175390625000006, -12.510156250000001, 56.575781250000006, 14.097265625])
array('d', [-59.9833984375, -19.41875, 60.590234375, 19.41875])
array('d', [-59.9833984375, -25.533789062500002, 61.103710937500004, 19.232031250000002])
array('d', [-65.91171875, -25.533789062500002, 61.103710937500004, 19.232031250000002])
array('d', [-68.3857421875, -28.474609375, 64.41796875, 21.052539062500003])
array('d', [-75.8078125, -33.609375, 66.751953125, 26.0939453125])
array('d', [-81.876171875, -38.090625, 71.4666015625, 30.668554687500002])
array('d', [-81.876171875, -38.090625, 72.49355468750001, 36.7369140625])
array('d', [-87.384375, -42.338476562500006, 72.49355468750001, 36.7369140625])
array('d', [-87.384375, -42.338476562500006, 72.49355468750001, 36.7369140625])
array('d', [-87.384375, -42.338476562500006, 72.49355468750001, 36.7369140625])
array('d', [-95.36660156250001, -46.633007812500004, 72.913671875, 45.092578125])
array('d', [-99.33437500000001, -50.880859375, 74.1740234375, 45.092578125])
array('d', [-103.25546875, -53.541601562500006, 73.19375000000001, 48.640234375000006])
array('d', [-112.124609375, -56.342382812500006, 73.6138671875, 56.202343750000004])
array('d', [-112.124609375, -56.342382812500006, 73.6138671875, 61.243750000000006])
array('d', [-114.55195312500001, -55.548828125, 74.407421875, 61.243750000000006])
array('d', [-120.15351562500001, -57.509375000000006, 70.953125, 66.89199218750001])
array('d', [-120.15351562500001, -57.509375000000006, 70.953125, 76.087890625])
array('d', [-123.98125, -57.9294921875, 67.685546875, 84.63027343750001])
array('d', [-126.0818359375, -57.135937500000004, 70.0662109375, 90.23183593750001])
array('d', [-134.25078125000002, -55.362109375, 71.7, 90.23183593750001])
array('d', [-134.1107421875, -57.69609375, 61.05703125, 96.0201171875])
array('d', [-133.3638671875, -61.43046875, 57.836132812500004, 107.456640625])
array('d', [-133.3638671875, -61.43046875, 57.836132812500004, 107.456640625])
array('d', [-132.61699218750002, -59.376562500000006, 57.229296875, 113.8984375])
array('d', [-134.62421875, -58.162890625, 51.1142578125, 122.95429687500001])
array('d', [-133.9240234375, -52.09453125, 49.340429687500006, 131.4966796875])
array('d', [-133.9240234375, -52.09453125, 49.340429687500006, 133.410546875])
array('d', [-134.3908203125, -50.5541015625, 45.7927734375, 133.410546875])
array('d', [-134.1107421875, -48.6869140625, 40.237890625, 133.223828125])
array('d', [-134.2041015625, -40.984765625, 35.569921875, 134.157421875])
array('d', [-134.2041015625, -40.984765625, 35.569921875, 133.7373046875])
array('d', [-134.99765625, -38.5107421875, 32.769140625, 133.7373046875])
array('d', [-134.25078125000002, -39.164257812500004, 30.9953125, 133.1771484375])
array('d', [-134.25078125000002, -45.932812500000004, 31.9755859375, 134.1107421875])
array('d', [-132.8037109375, -45.932812500000004, 31.9755859375, 134.1107421875])
array('d', [-134.25078125000002, -53.074804687500006, 28.4279296875, 134.2974609375])
array('d', [-134.530859375, -57.6494140625, 27.44765625, 134.2041015625])
array('d', [-134.530859375, -57.6494140625, 27.44765625, 134.2041015625])
array('d', [-133.7373046875, -58.209570312500006, 32.30234375, 133.87734375])
array('d', [-134.62421875, -54.801953125000004, 46.9130859375, 133.6439453125])
array('d', [-133.597265625, -50.1806640625, 46.9130859375, 133.6439453125])
array('d', [-133.597265625, -50.1806640625, 46.9130859375, 133.6439453125])
array('d', [-133.597265625, -50.1806640625, 46.9130859375, 133.6439453125])
array('d', [-133.597265625, -50.1806640625, 47.473242187500006, 134.2974609375])
array('d', [-134.0640625, -47.566601562500004, 42.9919921875, 134.2974609375])
array('d', [-133.3638671875, -43.365429687500004, 39.117578125, 133.55058593750002])
array('d', [-133.3638671875, -43.365429687500004, 39.117578125, 133.55058593750002])
array('d', [-134.71757812500002, -42.898632812500004, 35.2431640625, 134.7642578125])
array('d', [-134.1107421875, -40.8447265625, 35.0564453125, 133.8306640625])
array('d', [-134.1107421875, -40.8447265625, 31.555468750000003, 133.9240234375])
array('d', [-134.1107421875, -40.8447265625, 31.555468750000003, 133.9240234375])
array('d', [-134.344140625, -47.61328125, 36.2701171875, 133.7373046875])
array('d', [-134.344140625, -48.873632812500006, 37.34375, 134.2974609375])
array('d', [-134.344140625, -48.873632812500006, 37.34375, 133.8306640625])
array('d', [-133.690625, -48.406835937500006, 43.87890625, 133.8306640625])
array('d', [-134.3908203125, -52.09453125, 42.105078125000006, 133.410546875])
array('d', [-134.3908203125, -53.7283203125, 43.87890625, 134.2041015625])
array('d', [-133.31718750000002, -53.7283203125, 43.87890625, 134.2041015625])
array('d', [-133.690625, -53.9150390625, 41.965039062500004, 133.970703125])
array('d', [-132.5703125, -52.09453125, 38.744140625, 134.2974609375])
array('d', [-133.31718750000002, -51.1142578125, 40.611328125, 132.38359375000002])
array('d', [-133.31718750000002, -51.1142578125, 40.611328125, 132.38359375000002])
array('d', [-135.1376953125, -50.600781250000004, 38.27734375, 134.2041015625])
array('d', [-134.344140625, -52.141210937500006, 34.4029296875, 133.55058593750002])
array('d', [-133.597265625, -51.3943359375, 37.34375, 133.1771484375])
array('d', [-133.597265625, -50.5541015625, 38.8841796875, 133.410546875])
array('d', [-134.344140625, -50.5541015625, 38.8841796875, 133.410546875])
array('d', [-133.597265625, -49.5271484375, 38.230664062500004, 133.7373046875])
array('d', [-133.597265625, -49.5271484375, 38.230664062500004, 133.7373046875])
array('d', [-133.597265625, -48.080078125, 36.5501953125, 130.609765625])
array('d', [-133.597265625, -48.033398437500004, 34.5896484375, 128.3224609375])
array('d', [-132.8970703125, -48.033398437500004, 34.5896484375, 33.9828125])
array('d', [-134.01738281250002, -50.974218750000006, 30.388476562500003, 33.9828125])
array('d', [-133.690625, -53.308203125000006, 33.329296875000004, 22.219531250000003])
array('d', [-134.8109375, -59.8900390625, 38.230664062500004, 11.4365234375])
array('d', [-134.8109375, -59.8900390625, 38.230664062500004, 18.85859375])
array('d', [-134.8109375, -59.8900390625, 38.230664062500004, 18.85859375])
array('d', [-134.8109375, -59.8900390625, 38.230664062500004, 18.85859375])
array('d', [-134.8109375, -59.8900390625, 38.230664062500004, 18.85859375])
array('d', [-134.8109375, -59.8900390625, 38.230664062500004, 18.85859375])
array('d', [-132.75703125, -64.8380859375, 34.636328125, 18.85859375])
array('d', [-116.13906250000001, -37.5771484375, 40.237890625, 70.112890625])
array('d', [-116.83925781250001, -39.3509765625, 40.14453125, 68.619140625])
array('d', [-116.83925781250001, -39.3509765625, 38.8841796875, 69.1326171875])
array('d', [-117.9595703125, -43.598828125000004, 39.2576171875, 71.09316406250001])
array('d', [-125.1015625, -43.598828125000004, 39.2576171875, 71.09316406250001])
array('d', [-129.76953125, -49.5271484375, 48.9203125, 20.35234375])
array('d', [-132.5236328125, -47.566601562500004, 61.943945312500006, 43.132031250000004])
array('d', [-132.5236328125, -47.566601562500004, 61.943945312500006, 43.132031250000004])
array('d', [-132.5236328125, -47.566601562500004, 61.943945312500006, 43.132031250000004])
array('d', [-132.5236328125, -47.566601562500004, 61.943945312500006, 43.132031250000004])
array('d', [-134.99765625, -49.7138671875, 82.57636718750001, 59.469921875000004])
array('d', [-136.2580078125, -48.033398437500004, 83.65, 74.59414062500001])
array('d', [-136.2580078125, -48.033398437500004, 78.4685546875, 83.8833984375])
array('d', [-136.024609375, -48.033398437500004, 78.4685546875, 83.8833984375])
array('d', [-136.024609375, -48.033398437500004, 78.4685546875, 83.8833984375])
array('d', [-136.024609375, -48.033398437500004, 78.4685546875, 83.8833984375])
array('d', [-131.543359375, -52.748046875, 65.91171875, 95.36660156250001])
array('d', [-131.543359375, -52.748046875, 65.91171875, 107.03652343750001])
array('d', [-123.14101562500001, -47.940039062500006, 56.5291015625, 107.03652343750001])
array('d', [-138.21855468750002, -47.940039062500006, 56.5291015625, 115.67226562500001])
array('d', [-138.21855468750002, -45.232617187500004, 51.627734375, 124.728125])
array('d', [-132.663671875, -40.6580078125, 47.006445312500006, 124.728125])
array('d', [-135.5578125, -37.437109375, 35.6166015625, 131.169921875])
array('d', [-135.5578125, -37.437109375, 35.6166015625, 131.169921875])
array('d', [-133.31718750000002, -40.0044921875, 29.921679687500003, 133.9240234375])
array('d', [-135.464453125, -40.9380859375, 27.634375000000002, 134.1107421875])
array('d', [-135.464453125, -40.9380859375, 27.634375000000002, 133.2705078125])
array('d', [-131.543359375, -40.7046875, 26.980859375, 133.2705078125])
array('d', [-133.037109375, -43.598828125000004, 25.113671875, 134.5775390625])
array('d', [-136.49140625, -47.3798828125, 25.3470703125, 134.25078125000002])
array('d', [-136.49140625, -47.3798828125, 25.3470703125, 134.25078125000002])
array('d', [-136.49140625, -47.3798828125, 25.3470703125, 134.25078125000002])
array('d', [-136.49140625, -47.3798828125, 25.3470703125, 134.25078125000002])
array('d', [-132.103515625, -52.841406250000006, 30.1083984375, 133.7373046875])
array('d', [-130.1896484375, -52.28125, 31.322070312500003, 132.8037109375])
array('d', [-130.1896484375, -45.839453125000006, 32.2556640625, 133.4572265625])
array('d', [-132.8970703125, -45.839453125000006, 32.2556640625, 133.4572265625])
array('d', [-133.410546875, -37.4837890625, 32.30234375, 134.904296875])
array('d', [-134.01738281250002, -38.4173828125, 31.322070312500003, 133.78398437500002])
array('d', [-134.01738281250002, -47.1931640625, 23.71328125, 133.970703125])
array('d', [-135.464453125, -47.1931640625, 23.71328125, 133.970703125])
array('d', [-132.3369140625, -53.541601562500006, 27.7744140625, 134.2041015625])
array('d', [-132.3369140625, -49.573828125000006, 29.5482421875, 133.9240234375])
array('d', [-135.091015625, -49.573828125000006, 29.5482421875, 133.9240234375])
array('d', [-134.6708984375, -44.3923828125, 31.9755859375, 134.8576171875])
array('d', [-133.78398437500002, -39.491015625, 35.663281250000004, 134.904296875])
array('d', [-133.78398437500002, -39.491015625, 35.663281250000004, 132.476953125])
array('d', [-132.61699218750002, -39.02421875, 33.796093750000004, 132.476953125])
array('d', [-134.2041015625, -42.38515625, 31.0419921875, 133.9240234375])
array('d', [-134.2041015625, -45.932812500000004, 27.6810546875, 133.9240234375])
array('d', [-134.3908203125, -45.932812500000004, 27.6810546875, 133.9240234375])
array('d', [-133.7373046875, -45.932812500000004, 29.968359375000002, 134.530859375])
array('d', [-134.48417968750002, -45.699414062500004, 32.862500000000004, 133.690625])
array('d', [-134.48417968750002, -45.699414062500004, 32.862500000000004, 135.0443359375])
array('d', [-132.9904296875, -43.9255859375, 33.2359375, 135.0443359375])
array('d', [-132.9904296875, -43.9255859375, 33.2359375, 135.0443359375])
array('d', [-132.9904296875, -43.9255859375, 33.2359375, 135.0443359375])
array('d', [-132.9904296875, -43.9255859375, 33.2359375, 135.0443359375])
array('d', [-133.2705078125, -49.387109375, 33.8427734375, 132.663671875])
array('d', [-133.2705078125, -48.7802734375, 32.4423828125, 134.0640625])
array('d', [-133.7373046875, -46.866406250000004, 33.609375, 133.7373046875])
array('d', [-133.7373046875, -46.866406250000004, 33.609375, 131.9634765625])
array('d', [-133.690625, -47.053125, 34.5896484375, 131.9634765625])
array('d', [-133.690625, -47.053125, 34.5896484375, 131.9634765625])
array('d', [-133.690625, -47.053125, 34.5896484375, 131.9634765625])
array('d', [-133.690625, -47.053125, 34.5896484375, 131.9634765625])
array('d', [-133.690625, -47.053125, 34.5896484375, 131.9634765625])
array('d', [-126.40859375000001, -35.6166015625, 21.566015625000002, 23.2931640625])
array('d', [-126.40859375000001, -32.115625, 17.5515625, 19.885546875])
array('d', [-119.3599609375, -32.115625, 17.5515625, 19.885546875])
array('d', [-116.37246093750001, -28.101171875000002, 21.659375, 7.28203125])
array('d', [-106.4763671875, -19.0919921875, 17.6916015625, 4.1544921875])
array('d', [-106.4763671875, -10.2228515625, 15.544335937500001, 2.7541015625000003])
array('d', [-95.0865234375, -10.2228515625, 15.544335937500001, 2.7541015625000003])
array('d', [-95.0865234375, -10.2228515625, 15.544335937500001, 2.7541015625000003])
array('d', [-95.0865234375, -10.2228515625, 15.544335937500001, 2.7541015625000003])
array('d', [-79.448828125, -1.773828125, 13.723828125, -2.333984375])
array('d', [-72.26015625000001, 4.5746093750000005, 13.9572265625, -4.761328125])
array('d', [-72.26015625000001, 4.5746093750000005, 11.716601562500001, -3.734375])
array('d', [-66.938671875, 16.61796875, 11.716601562500001, -3.734375])
array('d', [-56.575781250000006, 28.4279296875, 7.888867187500001, -8.215625000000001])
array('d', [-47.146484375, 35.28984375, 4.5279296875, -9.989453125])
array('d', [-47.146484375, 35.28984375, 4.5279296875, -9.989453125])
array('d', [-47.146484375, 35.28984375, 4.5279296875, -9.989453125])
array('d', [-47.146484375, 35.28984375, 4.5279296875, -9.989453125])
array('d', [-47.146484375, 35.28984375, 4.5279296875, -9.989453125])
array('d', [-38.6041015625, 43.0853515625, 1.213671875, -19.0919921875])
array('d', [-28.6146484375, 53.541601562500006, -2.9875000000000003, -19.0919921875])
array('d', [-19.465429687500002, 61.1970703125, -7.748828125, -25.066992187500002])
array('d', [-10.316210937500001, 71.1865234375, -15.077539062500001, -31.92890625])
array('d', [-10.316210937500001, 71.1865234375, -15.077539062500001, -38.744140625])
array('d', [-2.240625, 80.008984375, -21.799414062500002, -38.744140625])
array('d', [6.2083984375000005, 89.43828125, -27.727734375, -43.87890625])
array('d', [6.2083984375000005, 89.43828125, -27.727734375, -43.87890625])
array('d', [6.2083984375000005, 89.43828125, -27.727734375, -43.87890625])
array('d', [6.2083984375000005, 100.361328125, -38.4173828125, -53.7283203125])
array('d', [14.5640625, 100.361328125, -38.4173828125, -62.2240234375])
array('d', [22.7796875, 110.81757812500001, -45.092578125, -62.2240234375])
array('d', [32.67578125, 118.23964843750001, -45.092578125, -62.2240234375])
array('d', [32.67578125, 118.23964843750001, -56.669140625000004, -67.312109375])
array('d', [41.498242187500004, 125.568359375, -72.63359375, -71.3732421875])
array('d', [45.466015625000004, 129.489453125, -72.63359375, -71.3732421875])
array('d', [45.466015625000004, 129.489453125, -72.63359375, -71.3732421875])
array('d', [45.466015625000004, 129.489453125, -72.63359375, -71.3732421875])
array('d', [48.500195312500004, 134.0640625, -80.42910156250001, -71.32656250000001])
array('d', [48.500195312500004, 134.0640625, -86.2173828125, -70.76640625])
array('d', [53.028125, 134.0640625, -86.2173828125, -70.76640625])
array('d', [54.521875, 133.31718750000002, -93.73281250000001, -65.49160156250001])
array('d', [55.5955078125, 134.25078125000002, -101.1548828125, -64.8380859375])
array('d', [55.5955078125, 134.25078125000002, -107.73671875000001, -60.030078125])
array('d', [54.101757812500004, 134.01738281250002, -107.73671875000001, -60.030078125])
array('d', [52.701367187500004, 133.410546875, -114.03847656250001, -60.310156250000006])
array('d', [38.65078125, 132.290234375, -133.55058593750002, -38.230664062500004])
array('d', [37.90390625, 134.25078125000002, -133.87734375, -37.6705078125])
array('d', [34.54296875, 133.6439453125, -133.6439453125, -39.117578125])
array('d', [34.54296875, 133.6439453125, -132.75703125, -39.117578125])
array('d', [34.54296875, 133.6439453125, -132.75703125, -39.117578125])
array('d', [37.2037109375, 133.3638671875, -132.75703125, -38.8841796875])
array('d', [19.60546875, 134.1107421875, -134.8576171875, -28.4279296875])
array('d', [16.5712890625, 130.796484375, -127.435546875, -22.3595703125])
array('d', [16.5712890625, 130.796484375, -127.435546875, -22.3595703125])
array('d', [10.409570312500001, 113.0115234375, -118.3330078125, -19.7921875])
array('d', [10.409570312500001, 113.0115234375, -112.40468750000001, -14.470703125])
array('d', [-2.6607421875000004, 94.386328125, -112.40468750000001, -14.470703125])
array('d', [-2.6607421875000004, 94.386328125, -112.40468750000001, -14.470703125])
array('d', [-2.6607421875000004, 94.386328125, -112.40468750000001, -14.470703125])
array('d', [-23.4798828125, 75.52773437500001, -111.00429687500001, -12.0900390625])
array('d', [-40.9380859375, 58.25625, -107.1765625, -9.802734375])
array('d', [-54.6619140625, 49.667187500000004, -103.162109375, -5.5082031250000005])
array('d', [-54.6619140625, 49.667187500000004, -103.162109375, -5.5082031250000005])
array('d', [-65.8650390625, 41.171484375000006, -97.74726562500001, 1.30703125])
array('d', [-73.00703125, 30.9486328125, -89.2048828125, 9.055859375])
array('d', [-73.00703125, 30.9486328125, -89.2048828125, 9.055859375])
array('d', [-82.2029296875, 20.258984375, -89.2048828125, 9.055859375])
array('d', [-82.2029296875, 20.258984375, -89.2048828125, 9.055859375])
array('d', [-82.2029296875, 20.258984375, -89.2048828125, 9.055859375])
array('d', [-90.74531250000001, 11.9966796875, -70.5330078125, 29.1748046875])
array('d', [-90.74531250000001, 11.9966796875, -70.5330078125, 37.3904296875])
array('d', [-102.4619140625, 5.0414062500000005, -60.7302734375, 37.3904296875])
array('d', [-102.4619140625, 5.0414062500000005, -60.7302734375, 37.3904296875])
array('d', [-102.4619140625, 5.0414062500000005, -60.7302734375, 37.3904296875])
array('d', [-102.4619140625, 5.0414062500000005, -60.7302734375, 37.3904296875])
array('d', [-107.4099609375, -2.240625, -50.600781250000004, 46.399609375000004])
array('d', [-116.5591796875, -7.28203125, -38.697460937500004, 54.428515625])
array('d', [-118.00625000000001, -12.883593750000001, -31.275390625, 62.1306640625])
array('d', [-118.00625000000001, -12.883593750000001, -23.0130859375, 72.7736328125])
array('d', [-111.3310546875, -18.951953125, -23.0130859375, 72.7736328125])
array('d', [-115.6255859375, -24.46015625, -14.470703125, 80.42910156250001])
array('d', [-130.236328125, -51.627734375, 21.752734375000003, 133.7373046875])
array('d', [-136.6314453125, -47.98671875, 25.39375, 133.50390625])
array('d', [-138.0318359375, -42.851953125, 25.533789062500002, 133.4572265625])
array('d', [-138.0318359375, -42.851953125, 25.533789062500002, 133.4572265625])
array('d', [-138.0318359375, -42.851953125, 25.533789062500002, 133.410546875])
array('d', [-130.6564453125, -48.873632812500006, 25.487109375000003, 133.410546875])
array('d', [-138.73203125, -41.264843750000004, 24.2267578125, 133.78398437500002])
array('d', [-138.73203125, -41.264843750000004, 24.2267578125, 133.78398437500002])
array('d', [-138.73203125, -41.264843750000004, 24.2267578125, 133.78398437500002])
array('d', [-138.73203125, -41.264843750000004, 24.2267578125, 133.78398437500002])
array('d', [-136.9115234375, -40.237890625, 23.153125000000003, 133.50390625])
array('d', [-136.3046875, -41.6849609375, 22.312890625, 133.223828125])
array('d', [-122.767578125, -39.491015625, 23.4798828125, 134.2041015625])
array('d', [-122.767578125, -39.491015625, 23.4798828125, 134.2041015625])
array('d', [-117.35273437500001, -34.963085937500004, 26.700781250000002, 133.50390625])
array('d', [-134.8576171875, -35.756640625, 24.646875, 133.037109375])
array('d', [-132.85039062500002, -37.2037109375, 24.833593750000002, 133.597265625])
array('d', [-132.85039062500002, -37.2037109375, 24.833593750000002, 134.25078125000002])
array('d', [-134.0640625, -42.38515625, 23.2931640625, 134.25078125000002])
array('d', [-138.4986328125, -48.1267578125, 25.020312500000003, 135.5111328125])
array('d', [-138.4986328125, -48.1267578125, 26.187304687500003, 134.62421875])
array('d', [-135.7912109375, -44.719140625, 26.187304687500003, 134.62421875])
array('d', [-133.7373046875, -40.331250000000004, 26.8408203125, 133.4572265625])
array('d', [-134.8576171875, -38.697460937500004, 28.801367187500002, 134.01738281250002])
array('d', [-134.8576171875, -38.697460937500004, 28.801367187500002, 134.01738281250002])
array('d', [-134.8576171875, -38.697460937500004, 28.801367187500002, 134.01738281250002])
array('d', [-134.1107421875, -38.370703125, 28.38125, 134.4375])
array('d', [-134.157421875, -40.14453125, 24.600195312500002, 134.344140625])
array('d', [-134.157421875, -47.2865234375, 24.133398437500002, 134.344140625])
array('d', [-134.157421875, -47.2865234375, 24.133398437500002, 134.344140625])
array('d', [-134.157421875, -47.2865234375, 24.133398437500002, 134.344140625])
array('d', [-133.223828125, -47.2865234375, 24.133398437500002, 133.597265625])
array('d', [-134.5775390625, -46.072851562500006, 24.180078125, 133.597265625])
array('d', [-133.31718750000002, -40.097851562500004, 28.801367187500002, 134.0640625])
array('d', [-133.31718750000002, -40.097851562500004, 28.801367187500002, 134.0640625])
array('d', [-133.6439453125, -34.3095703125, 29.781640625, 133.223828125])
array('d', [-133.6439453125, -33.6560546875, 28.334570312500002, 133.597265625])
array('d', [-133.6439453125, -33.6560546875, 28.334570312500002, 132.5236328125])
array('d', [-133.6439453125, -40.051171875, 25.4404296875, 132.5236328125])
array('d', [-132.663671875, -45.092578125, 26.3740234375, 134.48417968750002])
array('d', [-134.1107421875, -46.2595703125, 24.9736328125, 133.78398437500002])
array('d', [-134.1107421875, -46.2595703125, 24.9736328125, 133.1771484375])
array('d', [-134.1107421875, -46.2595703125, 24.9736328125, 133.1771484375])
array('d', [-134.1107421875, -46.2595703125, 24.9736328125, 133.1771484375])
array('d', [-133.4572265625, -42.898632812500004, 26.654101562500003, 133.410546875])
array('d', [-134.344140625, -37.34375, 28.801367187500002, 133.410546875])
array('d', [-133.55058593750002, -38.464062500000004, 28.661328125, 132.61699218750002])
array('d', [-133.55058593750002, -40.984765625, 27.867773437500002, 132.4302734375])
array('d', [-133.55058593750002, -43.4587890625, 26.467382812500002, 133.223828125])
array('d', [-133.7373046875, -43.4587890625, 26.467382812500002, 133.223828125])
array('d', [-133.970703125, -42.898632812500004, 26.934179687500002, 133.223828125])
array('d', [-133.970703125, -42.898632812500004, 26.934179687500002, 133.223828125])
array('d', [-133.037109375, -11.016406250000001, 22.873046875, 32.4423828125])
array('d', [-133.037109375, -11.016406250000001, 27.167578125000002, 28.754687500000003])
array('d', [-132.85039062500002, -3.8744140625, 27.167578125000002, 2.6140625])
array('d', [-132.85039062500002, -3.8744140625, 27.167578125000002, 2.6140625])
array('d', [-132.85039062500002, -3.8744140625, 27.167578125000002, 2.6140625])
array('d', [-133.78398437500002, -1.5404296875, 34.076171875, 2.6140625])
array('d', [-127.062109375, -0.09335937500000001, 33.9828125, 10.783007812500001])
array('d', [-119.7333984375, 1.5404296875, 34.963085937500004, 7.9822265625])
array('d', [-119.7333984375, 1.5404296875, 34.963085937500004, 7.9822265625])
array('d', [-113.80507812500001, 5.4615234375, 38.557421875, 4.8080078125000005])
array('d', [-107.5966796875, 6.16171875, 40.051171875, 6.628515625])
array('d', [-108.20351562500001, 9.242578125, 40.051171875, 6.628515625])
array('d', [-108.5302734375, 11.809960937500001, 41.2181640625, 8.5890625])
array('d', [-109.0904296875, 12.650195312500001, 46.166210937500004, 8.682421875000001])
array('d', [-106.24296875, 8.9625, 48.640234375000006, 10.6896484375])
array('d', [-101.855078125, 7.7021484375, 51.814453125, 8.682421875000001])
array('d', [-101.855078125, 7.7021484375, 53.168164062500004, 5.5082031250000005])
array('d', [-98.68085937500001, 7.655468750000001, 53.168164062500004, 5.5082031250000005])
array('d', [-95.4599609375, 7.3753906250000005, 54.6619140625, 7.0486328125])
array('d', [-94.386328125, 5.9750000000000005, 53.3548828125, 6.2083984375000005])
array('d', [-92.0056640625, 5.8349609375, 55.268750000000004, 5.9750000000000005])
array('d', [-88.784765625, 5.554882812500001, 57.6494140625, 7.2353515625])
array('d', [-88.36464843750001, 6.53515625, 57.6494140625, 7.2353515625])
array('d', [-88.36464843750001, 6.53515625, 57.6494140625, 7.2353515625])
array('d', [-88.36464843750001, 6.53515625, 57.6494140625, 7.2353515625])
array('d', [-88.36464843750001, 6.53515625, 57.836132812500004, 3.641015625])
array('d', [-88.9248046875, 3.8744140625, 57.369335937500004, 4.9013671875])
array('d', [-89.43828125, 3.8744140625, 57.4626953125, 4.5279296875])
array('d', [-89.43828125, 3.3142578125, 57.416015625, 1.773828125])
array('d', [-87.384375, 3.3142578125, 57.416015625, 1.773828125])
array('d', [-87.851171875, 3.5009765625, 59.3298828125, 2.3806640625])
array('d', [-86.26406250000001, 1.6804687500000002, 59.0498046875, 2.5673828125])
array('d', [-86.26406250000001, 1.6804687500000002, 59.0498046875, 2.5673828125])
array('d', [-86.26406250000001, 1.6804687500000002, 59.0498046875, 2.5673828125])
array('d', [-85.70390625, 1.1669921875, 58.8630859375, 1.7271484375000001])
array('d', [-87.66445312500001, 1.400390625, 58.5830078125, 1.30703125])
array('d', [-87.66445312500001, 1.400390625, 58.5830078125, 0.42011718750000004])
array('d', [-89.0181640625, 0.42011718750000004, 57.789453125, 0.42011718750000004])
array('d', [-91.5388671875, -0.8402343750000001, 55.642187500000006, -0.2333984375])
array('d', [-81.2693359375, 0.8402343750000001, 47.473242187500006, 0.280078125])
array('d', [-81.22265625, 3.267578125, 48.826953125, 0.09335937500000001])
array('d', [-80.2423828125, 1.30703125, 46.866406250000004, -0.1400390625])
array('d', [-80.2423828125, 0.09335937500000001, 46.49296875, -1.6804687500000002])
array('d', [-81.9228515625, 0.09335937500000001, 46.49296875, -12.603515625])
array('d', [-81.9228515625, 0.09335937500000001, 46.49296875, -12.603515625])
array('d', [-81.9228515625, 0.09335937500000001, 46.49296875, -12.603515625])
array('d', [-81.9228515625, 0.09335937500000001, 46.49296875, -12.603515625])
array('d', [-81.9228515625, 0.09335937500000001, 46.49296875, -12.603515625])
array('d', [-94.3396484375, -12.883593750000001, 32.208984375, -12.603515625])
array('d', [-109.60390625000001, -26.233984375000002, 18.018359375, -29.968359375000002])
array('d', [-114.27187500000001, -30.155078125000003, 14.9375, -33.142578125])
array('d', [-114.27187500000001, -30.155078125000003, 10.736328125, -34.076171875])
array('d', [-116.60585937500001, -33.42265625, 10.736328125, -36.03671875])
array('d', [-117.726171875, -35.6166015625, 7.422070312500001, -36.03671875])
array('d', [-118.23964843750001, -34.076171875, 7.935546875, -37.763867187500004])
array('d', [-118.23964843750001, -32.022265625, 9.5693359375, -37.437109375])
array('d', [-109.18378906250001, -32.022265625, 9.5693359375, -37.437109375])
array('d', [-104.5625, -29.1748046875, 7.8421875000000005, -33.0025390625])
array('d', [-97.3271484375, -26.980859375, 12.13671875, -31.368750000000002])
array('d', [-109.0904296875, -24.366796875000002, 13.7705078125, -26.934179687500002])
array('d', [-109.0904296875, -24.366796875000002, 13.7705078125, -22.59296875])
array('d', [-98.91425781250001, -19.0453125, 14.377343750000001, -22.59296875])
array('d', [-88.83144531250001, -15.49765625, 19.3720703125, -21.659375])
array('d', [-88.83144531250001, -11.343164062500001, 19.512109375, -15.12421875])
array('d', [-82.8564453125, -11.343164062500001, 19.512109375, -15.12421875])
array('d', [-80.2423828125, -8.40234375, 26.000585937500002, -10.549609375000001])
array('d', [-77.021484375, -2.5673828125, 25.020312500000003, -8.869140625])
array('d', [-69.739453125, 0.42011718750000004, 29.8283203125, -5.9283203125])
array('d', [-69.739453125, 3.3142578125, 30.201757812500002, -2.1005859375])
array('d', [-62.083984375, 3.3142578125, 33.0025390625, -0.2333984375])
array('d', [-64.1845703125, 9.0091796875, 33.0025390625, -0.2333984375])
array('d', [-59.936718750000004, 11.343164062500001, 30.2484375, 3.641015625])
array('d', [-40.097851562500004, 4.7146484375, 30.2484375, 3.641015625])
array('d', [-40.097851562500004, 4.7146484375, 30.2484375, 3.641015625])
array('d', [-40.097851562500004, 4.7146484375, 30.2484375, 3.641015625])
array('d', [-40.097851562500004, 4.7146484375, 30.2484375, 3.641015625])
array('d', [-39.304296875, 3.9210937500000003, 9.0091796875, -3.4542968750000003])
array('d', [-37.297070312500004, 6.4417968750000005, 9.802734375, -4.48125])
array('d', [-40.051171875, 4.9013671875, 6.488476562500001, -4.6212890625])
array('d', [-40.051171875, 4.9013671875, 6.488476562500001, -4.6212890625])
array('d', [-40.051171875, 4.9013671875, 6.488476562500001, -4.6212890625])
array('d', [-26.233984375000002, 18.065039062500002, 21.519335937500003, 9.849414062500001])
array('d', [-26.233984375000002, 18.065039062500002, 21.519335937500003, 9.849414062500001])
array('d', [-9.2892578125, 33.702734375, 37.250390625, 23.5265625])
array('d', [-9.2892578125, 33.702734375, 37.250390625, 23.5265625])
array('d', [-9.2892578125, 33.702734375, 37.250390625, 23.5265625])
array('d', [-9.2892578125, 33.702734375, 37.250390625, 23.5265625])
array('d', [-3.080859375, 41.031445312500004, 40.237890625, 37.2037109375])
array('d', [1.0736328125, 45.3259765625, 44.999218750000004, 37.2037109375])
array('d', [1.2603515625000001, 45.8861328125, 44.205664062500006, 39.0708984375])
array('d', [1.2603515625000001, 45.8861328125, 44.205664062500006, 39.0708984375])
array('d', [1.2603515625000001, 45.8861328125, 44.205664062500006, 39.0708984375])
array('d', [1.2603515625000001, 45.8861328125, 44.205664062500006, 39.0708984375])
array('d', [1.0269531250000001, 44.065625000000004, 45.9794921875, 41.825])
array('d', [-3.4076171875, 40.051171875, 47.3798828125, 40.14453125])
array('d', [-3.4076171875, 40.051171875, 44.25234375, 36.7369140625])
array('d', [-3.4076171875, 40.051171875, 44.25234375, 36.7369140625])
array('d', [-17.178125, 27.2609375, 41.918359375, 35.1498046875])
array('d', [-17.178125, 27.2609375, 41.498242187500004, 6.3951171875])
array('d', [-23.806640625, 19.932226562500002, 41.498242187500004, 6.3951171875])
array('d', [-23.806640625, 19.932226562500002, 41.498242187500004, 6.3951171875])
array('d', [-31.368750000000002, 13.8638671875, 41.871679687500006, -0.046679687500000004])
array('d', [-37.3904296875, 7.5154296875, 40.9380859375, 3.5009765625])
array('d', [-44.205664062500006, 0.653515625, 38.3240234375, -0.2333984375])
array('d', [-44.205664062500006, 0.653515625, 38.3240234375, -0.2333984375])
array('d', [-44.205664062500006, 0.653515625, 38.3240234375, -0.2333984375])
array('d', [-48.6869140625, -3.3609375000000004, 37.7171875, -1.7271484375000001])
array('d', [-52.7947265625, -7.1419921875000005, 37.5771484375, -1.7271484375000001])
array('d', [-54.428515625, -9.802734375, 37.7171875, -0.9802734375000001])
array('d', [-57.1826171875, -12.743554687500001, 39.397656250000004, 0.7001953125])
array('d', [-57.1826171875, -12.743554687500001, 39.397656250000004, 0.09335937500000001])
array('d', [-59.376562500000006, -15.404296875, 39.9578125, 0.09335937500000001])
array('d', [-60.590234375, -14.657421875, 40.1912109375, 0.9802734375000001])
array('d', [-59.75, -14.984179687500001, 40.6580078125, 2.0072265625])
array('d', [-59.75, -14.5640625, 40.798046875000004, 2.0072265625])
array('d', [-59.75, -14.5640625, 40.798046875000004, 2.0072265625])
array('d', [-59.75, -14.5640625, 40.798046875000004, 2.0072265625])
array('d', [-58.676367187500006, -14.610742187500001, 41.171484375000006, 3.641015625])
array('d', [-57.9294921875, -13.0236328125, 41.965039062500004, 2.0539062500000003])
array('d', [-57.9294921875, -13.0236328125, 41.965039062500004, 3.5943359375000004])
array('d', [-58.769726562500004, -17.0380859375, 42.75859375, 4.3412109375000005])
array('d', [-61.337109375000004, -17.0380859375, 42.75859375, 4.3412109375000005])
array('d', [-64.23125, -18.9052734375, 43.832226562500004, 6.3951171875])
array('d', [-66.2384765625, -21.519335937500003, 44.62578125, 6.3484375])
array('d', [-69.552734375, -24.086718750000003, 47.006445312500006, 7.748828125])
array('d', [-69.552734375, -24.086718750000003, 46.586328125, 8.215625000000001])
array('d', [-71.13984375, -27.0275390625, 46.586328125, 8.215625000000001])
array('d', [-75.8078125, -31.648828125, 48.1267578125, 10.736328125])
array('d', [-79.49550781250001, -34.029492187500004, 49.7138671875, 11.856640625])
array('d', [-82.71640625, -36.6435546875, 52.141210937500006, 15.87109375])
array('d', [-88.037890625, -41.031445312500004, 52.3279296875, 15.87109375])
array('d', [-88.83144531250001, -42.9453125, 54.568554687500004, 19.138671875])
array('d', [-93.26601562500001, -45.9794921875, 54.568554687500004, 19.138671875])
array('d', [-93.26601562500001, -45.9794921875, 54.568554687500004, 19.138671875])
array('d', [-93.26601562500001, -45.9794921875, 54.568554687500004, 19.138671875])
array('d', [-93.26601562500001, -45.9794921875, 54.568554687500004, 19.138671875])
array('d', [-93.26601562500001, -45.9794921875, 55.268750000000004, 22.032812500000002])
array('d', [-97.1404296875, -47.7533203125, 55.3154296875, 23.4798828125])
array('d', [-100.6880859375, -51.5810546875, 61.1970703125, 26.3740234375])
array('d', [-100.6880859375, -51.5810546875, 59.703320312500004, 29.594921875])
array('d', [-103.11542968750001, -52.841406250000006, 59.703320312500004, 29.594921875])
array('d', [-108.576953125, -52.234570312500004, 61.243750000000006, 34.54296875])
array('d', [-108.576953125, -52.561328125, 60.8236328125, 35.9900390625])
array('d', [-112.21796875000001, -52.561328125, 60.8236328125, 35.9900390625])
array('d', [-115.8123046875, -55.362109375, 61.1970703125, 40.564648437500004])
array('d', [-115.67226562500001, -56.202343750000004, 63.204296875000004, 44.5791015625])
array('d', [-118.23964843750001, -53.681640625, 64.6046875, 48.2201171875])
array('d', [-122.1607421875, -48.500195312500004, 64.4646484375, 50.740820312500006])
array('d', [-122.1607421875, -48.500195312500004, 64.4646484375, 51.0208984375])
array('d', [-127.34218750000001, -47.4265625, 64.1845703125, 51.0208984375])
array('d', [-129.6294921875, -45.5126953125, 61.6171875, 55.1287109375])
array('d', [-129.209375, -50.274023437500006, 59.003125000000004, 22.126171875])
array('d', [-131.26328125, -50.694140625, 61.897265625, 19.232031250000002])
array('d', [-131.26328125, -50.694140625, 61.897265625, 19.232031250000002])
array('d', [-131.26328125, -45.652734375, 63.577734375000006, 24.646875])
array('d', [-135.7912109375, -45.652734375, 63.577734375000006, 24.646875])
array('d', [-132.290234375, -46.2595703125, 62.970898437500004, 25.673828125])
array('d', [-137.98515625000002, -46.2595703125, 58.9564453125, 25.673828125])
array('d', [-137.98515625000002, -50.320703125, 53.8216796875, 29.6416015625])
array('d', [-134.2974609375, -50.320703125, 53.8216796875, 34.4029296875])
array('d', [-129.02265625, -47.940039062500006, 55.3154296875, 34.4029296875])
array('d', [-126.64199218750001, -48.826953125, 58.162890625, 33.889453125])
array('d', [-139.47890625, -49.667187500000004, 56.669140625000004, 38.5107421875])
array('d', [-136.58476562500002, -46.6796875, 54.521875, 43.365429687500004])
array('d', [-121.97402343750001, -42.805273437500006, 53.868359375000004, 47.800000000000004])
array('d', [-128.7892578125, -36.363476562500004, 55.642187500000006, 48.733593750000004])
array('d', [-123.7478515625, -35.6166015625, 55.2220703125, 53.96171875])
array('d', [-123.7478515625, -35.6166015625, 55.2220703125, 58.442968750000006])
array('d', [-113.244921875, -33.9828125, 50.320703125, 58.442968750000006])
array('d', [-115.48554687500001, -33.9828125, 47.800000000000004, 63.671093750000004])
array('d', [-109.41718750000001, -29.408203125, 48.873632812500006, 67.82558593750001])
array('d', [-109.41718750000001, -25.6271484375, 50.5541015625, 71.51328125])
array('d', [-112.63808593750001, -25.6271484375, 46.6796875, 73.0537109375])
array('d', [-99.7078125, -25.6271484375, 46.6796875, 73.0537109375])
array('d', [-99.2876953125, -26.187304687500003, 40.3779296875, 77.5349609375])
array('d', [-95.0865234375, -25.58046875, 37.9505859375, 75.76113281250001])
array('d', [-97.00039062500001, -24.553515625000003, 41.4515625, 74.36074218750001])
array('d', [-97.00039062500001, -24.6935546875, 41.031445312500004, 74.0806640625])
array('d', [-105.68281250000001, -24.6935546875, 41.4515625, 73.89394531250001])
array('d', [-106.7564453125, -28.334570312500002, 41.4515625, 73.89394531250001])
array('d', [-108.5302734375, -32.862500000000004, 37.6705078125, 70.01953125])
array('d', [-109.7439453125, -34.54296875, 36.78359375, 70.01953125])
array('d', [-107.2232421875, -35.0564453125, 33.095898437500004, 70.01953125])
array('d', [-107.2232421875, -35.0564453125, 33.095898437500004, 70.01953125])
array('d', [-112.7314453125, -37.250390625, 31.648828125, 64.6513671875])
array('d', [-114.178515625, -38.697460937500004, 31.18203125, 62.7841796875])
array('d', [-115.9990234375, -40.1912109375, 25.860546875, 58.5830078125])
array('d', [-115.9990234375, -40.1912109375, 25.860546875, 58.5830078125])
array('d', [-115.9990234375, -40.1912109375, 25.860546875, 58.5830078125])
array('d', [-116.2791015625, -38.744140625, 25.1603515625, 59.4232421875])
array('d', [-116.2791015625, -39.117578125, 24.46015625, 57.742773437500006])
array('d', [-109.18378906250001, -39.117578125, 24.46015625, 57.742773437500006])
array('d', [-109.18378906250001, -39.117578125, 24.46015625, 57.742773437500006])
array('d', [-109.18378906250001, -39.117578125, 24.46015625, 57.742773437500006])
array('d', [-106.98984375, -37.0169921875, 25.673828125, 59.9833984375])
array('d', [-109.04375, -34.16953125, 27.7744140625, 60.543554687500006])
array('d', [-108.20351562500001, -32.8158203125, 28.801367187500002, 63.0642578125])
array('d', [-108.20351562500001, -32.8158203125, 28.801367187500002, 60.4501953125])
array('d', [-103.6755859375, -33.8427734375, 25.8138671875, 60.4501953125])
array('d', [-105.91621093750001, -33.095898437500004, 25.300390625000002, 60.216796875])
array('d', [-105.962890625, -34.636328125, 22.3595703125, 58.909765625000006])
array('d', [-105.962890625, -34.636328125, 22.3595703125, 58.909765625000006])
array('d', [-105.962890625, -35.4765625, 21.752734375000003, 55.875585937500006])
array('d', [-105.3560546875, -35.4765625, 21.752734375000003, 55.875585937500006])
array('d', [-104.37578125, -36.2701171875, 19.885546875, 54.1484375])
array('d', [-112.21796875000001, -36.2234375, 15.030859375, 51.72109375])
array('d', [-112.21796875000001, -34.636328125, 14.190625, 48.733593750000004])
array('d', [-107.1765625, -34.636328125, 14.190625, 48.733593750000004])
array('d', [-113.10488281250001, -34.35625, 13.350390625000001, 47.706640625000006])
array('d', [-111.564453125, -36.596875000000004, 9.709375, 44.672460937500006])
array('d', [-106.61640625000001, -36.596875000000004, 5.5082031250000005, 42.478515625])
array('d', [-106.61640625000001, -36.596875000000004, 5.5082031250000005, 42.105078125000006])
array('d', [-102.13515625000001, -36.6435546875, 4.8080078125000005, 42.105078125000006])
array('d', [-99.427734375, -36.0833984375, 5.9750000000000005, 38.930859375000004])
array('d', [-99.427734375, -33.0025390625, 5.41484375, 38.4173828125])
array('d', [-106.05625, -33.0025390625, 5.41484375, 38.4173828125])
array('d', [-106.05625, -33.0025390625, 5.41484375, 38.4173828125])
array('d', [-106.05625, -33.0025390625, 5.41484375, 38.4173828125])
array('d', [-96.3935546875, -30.2484375, 4.4345703125, 41.358203125])
array('d', [-100.50136718750001, -29.968359375000002, 5.8349609375, 39.164257812500004])
array('d', [-96.440234375, -28.0078125, 6.3484375, 38.183984375])
array('d', [-96.440234375, -28.0078125, 6.3484375, 38.183984375])
array('d', [-97.28046875000001, -23.9466796875, 5.8349609375, 40.798046875000004])
array('d', [-92.05234375, -20.819140625000003, 7.1419921875000005, 40.611328125])
array('d', [-92.05234375, -21.099218750000002, 7.3753906250000005, 43.038671875000006])
array('d', [-92.05234375, -21.099218750000002, 7.3753906250000005, 43.038671875000006])
array('d', [-92.05234375, -21.099218750000002, 7.3753906250000005, 43.038671875000006])
array('d', [-92.05234375, -21.099218750000002, 7.3753906250000005, 43.038671875000006])
array('d', [-87.8044921875, -21.099218750000002, 7.3753906250000005, 43.038671875000006])
array('d', [-81.5494140625, -16.711328125, 9.7560546875, 42.6185546875])
array('d', [-84.39687500000001, -14.750781250000001, 9.7560546875, 40.564648437500004])
array('d', [-84.39687500000001, -14.750781250000001, 9.7560546875, 44.672460937500006])
array('d', [-80.942578125, -13.4904296875, 9.6626953125, 44.672460937500006])
array('d', [-75.06093750000001, -11.38984375, 9.429296875, 42.9453125])
array('d', [-70.15957031250001, -12.0900390625, 9.2892578125, 43.785546875])
array('d', [-70.15957031250001, -12.0900390625, 9.2892578125, 45.606054687500006])
array('d', [-70.15957031250001, -6.3484375, 11.1564453125, 45.606054687500006])
array('d', [-66.28515625, -7.7021484375, 10.362890625, 43.832226562500004])
array('d', [-66.28515625, -7.748828125, 10.082812500000001, 45.932812500000004])
array('d', [-72.49355468750001, -7.748828125, 10.082812500000001, 45.932812500000004])
array('d', [-67.872265625, -7.5154296875, 8.9625, 42.851953125])
array('d', [-62.970898437500004, -6.8619140625, 8.7291015625, 44.532421875000004])
array('d', [-62.970898437500004, -6.8619140625, 9.1958984375, 44.532421875000004])
array('d', [-62.970898437500004, -6.8619140625, 9.1958984375, 44.532421875000004])
array('d', [-62.970898437500004, -6.8619140625, 9.1958984375, 44.532421875000004])
array('d', [-67.59218750000001, -3.54765625, 9.1958984375, 42.805273437500006])
array('d', [-63.5310546875, -4.8080078125000005, 7.188671875000001, 42.9919921875])
array('d', [-57.602734375000004, -4.2478515625, 7.888867187500001, 41.171484375000006])
array('d', [-57.602734375000004, -4.2478515625, 7.888867187500001, 41.171484375000006])
array('d', [-69.22597656250001, -7.28203125, 8.1689453125, 37.9505859375])
array('d', [-62.5974609375, -5.9750000000000005, 5.41484375, 38.65078125])
array('d', [-62.5974609375, -5.0880859375, 5.788281250000001, 38.230664062500004])
array('d', [-62.5974609375, -5.0880859375, 5.788281250000001, 38.230664062500004])
array('d', [-62.5974609375, -5.0880859375, 5.788281250000001, 38.230664062500004])
array('d', [-62.5974609375, -5.0880859375, 5.788281250000001, 38.230664062500004])
array('d', [-64.8380859375, -5.0880859375, 4.8080078125000005, 35.103125])
array('d', [-59.75, -7.655468750000001, 4.8080078125000005, 35.103125])
array('d', [-56.342382812500006, -6.815234375, 2.9408203125, 35.429882812500004])
array('d', [-56.342382812500006, -6.815234375, 2.9408203125, 35.429882812500004])
array('d', [-56.342382812500006, -6.815234375, 2.9408203125, 35.429882812500004])
array('d', [-56.342382812500006, -6.815234375, 2.9408203125, 35.429882812500004])
array('d', [-56.342382812500006, -6.815234375, 2.9408203125, 35.429882812500004])
array('d', [-61.477148437500006, -6.9085937500000005, 3.6876953125000003, 33.142578125])
array('d', [-63.6244140625, -7.3287109375, 1.8671875, 34.5896484375])
array('d', [-63.6244140625, -6.53515625, -0.09335937500000001, 34.029492187500004])
array('d', [-60.403515625000004, -6.53515625, -0.09335937500000001, 34.029492187500004])
array('d', [-62.3173828125, -9.0091796875, 2.2873046875000003, 31.788867187500003])
array('d', [-65.49160156250001, -7.562109375, -1.773828125, 30.388476562500003])
array('d', [-65.49160156250001, -8.7291015625, 0.7001953125, 29.5482421875])
array('d', [-65.49160156250001, -8.7291015625, 0.7001953125, 29.5482421875])
array('d', [-59.143164062500006, -8.7291015625, 0.7001953125, 26.5140625])
array('d', [-61.523828125, -7.28203125, -1.400390625, 26.5140625])
array('d', [-63.204296875000004, -7.3287109375, -2.42734375, 27.0275390625])
array('d', [-63.204296875000004, -7.748828125, -2.6607421875000004, 28.054492187500003])
array('d', [-62.92421875, -7.748828125, -2.6607421875000004, 28.054492187500003])
array('d', [-61.943945312500006, -8.5890625, -1.4937500000000001, 26.233984375000002])
array('d', [-57.976171875000006, -6.3484375, -2.9408203125, 27.400976562500002])
array('d', [-51.907812500000006, -8.8224609375, -2.9875000000000003, 25.6271484375])
array('d', [-51.907812500000006, -5.2748046875000005, -2.2873046875000003, 25.533789062500002])
array('d', [-53.121484375, -5.2748046875000005, -2.2873046875000003, 25.533789062500002])
array('d', [-54.6619140625, -5.9750000000000005, -2.7541015625000003, 25.4404296875])
array('d', [-57.976171875000006, -5.2748046875000005, -2.1939453125, 22.7796875])
array('d', [-57.976171875000006, -5.2748046875000005, -1.5404296875, 24.4134765625])
array('d', [-56.3890625, -5.228125, -1.5404296875, 24.4134765625])
array('d', [-56.3890625, -5.228125, -1.5404296875, 24.4134765625])
array('d', [-57.1826171875, -5.881640625, -1.6804687500000002, 23.5732421875])
array('d', [-54.941992187500006, -4.1544921875, -3.5943359375000004, 22.0794921875])
array('d', [-54.941992187500006, -4.1544921875, -1.7271484375000001, 25.300390625000002])
array('d', [-46.4462890625, -5.0414062500000005, -1.7271484375000001, 25.300390625000002])
array('d', [-47.519921875, -2.80078125, -2.0539062500000003, 21.379296875])
array('d', [-43.972265625000006, -2.6140625, -2.147265625, 23.993359375])
array('d', [-43.972265625000006, -2.6140625, -2.147265625, 22.032812500000002])
array('d', [-43.972265625000006, -2.6140625, -2.147265625, 22.032812500000002])
array('d', [-43.972265625000006, -2.6140625, -2.147265625, 22.032812500000002])
array('d', [-43.972265625000006, -2.6140625, -2.147265625, 22.032812500000002])
array('d', [-52.001171875000004, -3.267578125, -2.240625, 22.032812500000002])
array('d', [-49.9939453125, -1.6337890625, -4.014453125, 20.0255859375])
array('d', [-47.6599609375, -2.1005859375, -4.3412109375000005, 21.752734375000003])
array('d', [-47.6599609375, -2.1005859375, -4.3412109375000005, 21.752734375000003])
array('d', [-48.640234375000006, -1.9138671875000002, -3.5943359375000004, 23.619921875000003])
array('d', [-47.099804687500004, -1.7271484375000001, -4.201171875, 18.4384765625])
array('d', [-47.099804687500004, -1.7271484375000001, -4.201171875, 18.4384765625])
array('d', [-46.9130859375, -2.707421875, -1.587109375, 20.585742187500003])
array('d', [-44.9525390625, -1.30703125, -4.387890625, 20.165625000000002])
array('d', [-44.9525390625, -1.30703125, -4.387890625, 19.1853515625])
array('d', [-44.765820312500004, -1.9138671875000002, -4.014453125, 19.1853515625])
array('d', [-44.765820312500004, -1.9138671875000002, -5.7416015625000005, 19.1853515625])
array('d', [-46.212890625, -1.587109375, -5.7416015625000005, 21.1458984375])
array('d', [-41.825, -1.587109375, -6.721875000000001, 19.0919921875])
array('d', [-41.358203125, -2.80078125, -4.6212890625, 18.065039062500002])
array('d', [-41.358203125, -2.80078125, -4.6212890625, 19.3720703125])
array('d', [-39.397656250000004, -2.3806640625, -6.6751953125000005, 19.3720703125])
array('d', [-38.557421875, -2.1005859375, -5.41484375, 19.698828125000002])
array('d', [-38.557421875, -0.6068359375, -6.2083984375000005, 17.644921875])
array('d', [-40.51796875, -0.6068359375, -6.2083984375000005, 17.644921875])
array('d', [-43.505468750000006, -2.3806640625, -7.001953125, 16.0111328125])
array('d', [-41.3115234375, -2.0072265625, -4.014453125, 16.898046875000002])
array('d', [-41.3115234375, -2.8941406250000004, -8.1689453125, 14.2373046875])
array('d', [-39.397656250000004, -2.8941406250000004, -8.1689453125, 14.2373046875])
array('d', [-37.6705078125, -2.0072265625, -6.2083984375000005, 14.610742187500001])
array('d', [-35.5232421875, -0.56015625, -6.7685546875, 18.2517578125])
array('d', [-35.5232421875, -0.56015625, -6.7685546875, 18.2517578125])
array('d', [-40.14453125, -1.773828125, -7.5154296875, 15.12421875])
array('d', [-41.6849609375, -1.5404296875, -5.9283203125, 14.8908203125])
array('d', [-41.6849609375, -1.5404296875, -5.9283203125, 14.8908203125])
array('d', [-39.164257812500004, -2.8941406250000004, -5.9283203125, 14.8908203125])
array('d', [-39.164257812500004, -2.8941406250000004, -5.9283203125, 14.8908203125])
array('d', [-39.164257812500004, -2.8941406250000004, -7.422070312500001, 14.470703125])
array('d', [-34.1228515625, -1.1669921875, -6.4417968750000005, 14.470703125])
array('d', [-33.4693359375, -0.653515625, -5.7416015625000005, 15.3576171875])
array('d', [-35.1498046875, -1.4470703125000002, -6.488476562500001, 15.3576171875])
array('d', [-35.1498046875, -1.4470703125000002, -6.488476562500001, 12.230078125])
array('d', [-37.9505859375, -1.213671875, -7.1419921875000005, 14.3306640625])
array('d', [-38.183984375, -1.2603515625000001, -8.495703125, 15.8244140625])
array('d', [-38.183984375, -1.2603515625000001, -8.495703125, 15.8244140625])
array('d', [-38.183984375, -1.2603515625000001, -8.495703125, 15.8244140625])
array('d', [-36.596875000000004, -1.2603515625000001, -6.5818359375, 13.350390625000001])
array('d', [-31.6955078125, 0.7468750000000001, -6.815234375, 15.49765625])
array('d', [-31.6955078125, 0.7468750000000001, -6.53515625, 12.650195312500001])
array('d', [-31.6955078125, 0.7468750000000001, -6.53515625, 12.650195312500001])
array('d', [-31.6955078125, 0.7468750000000001, -6.53515625, 12.650195312500001])
array('d', [-31.6955078125, 0.7468750000000001, -6.53515625, 12.650195312500001])
array('d', [-31.6955078125, 0.7468750000000001, -6.53515625, 12.650195312500001])
array('d', [-31.6955078125, 0.7468750000000001, -6.53515625, 12.650195312500001])
array('d', [-36.596875000000004, -0.5134765625000001, -6.255078125000001, 13.537109375])
array('d', [-35.9900390625, -1.0269531250000001, -6.16171875, 10.8296875])
array('d', [-35.9900390625, -1.0269531250000001, -6.16171875, 10.8296875])
array('d', [-35.9900390625, -1.0269531250000001, -6.16171875, 10.8296875])
array('d', [-31.275390625, -0.5134765625000001, -7.8421875000000005, 11.5298828125])
array('d', [-31.602148437500002, 0.2333984375, -6.5818359375, 14.143945312500001])
array('d', [-37.4837890625, -1.1203125, -8.6357421875, 11.343164062500001])
array('d', [-37.4837890625, -1.1203125, -5.694921875, 11.6232421875])
array('d', [-34.636328125, -2.707421875, -5.694921875, 11.6232421875])
array('d', [-32.4890625, -1.7271484375000001, -7.5154296875, 12.790234375])
array('d', [-34.823046875, -0.7001953125, -7.001953125, 11.856640625])
array('d', [-34.823046875, -0.7001953125, -7.001953125, 12.043359375000001])
array('d', [-32.955859375, -0.18671875000000002, -7.8421875000000005, 12.043359375000001])
array('d', [-29.31484375, -1.1669921875, -8.3556640625, 10.9697265625])
array('d', [-29.31484375, -1.1669921875, -8.3556640625, 10.9697265625])
array('d', [-29.31484375, -1.1669921875, -8.3556640625, 10.9697265625])
array('d', [-30.4818359375, -1.773828125, -7.9822265625, 11.1564453125])
array('d', [-35.943359375, -0.42011718750000004, -7.655468750000001, 11.1564453125])
array('d', [-27.354296875000003, -1.5404296875, -9.149218750000001, 9.802734375])
array('d', [-27.354296875000003, -1.5404296875, -9.149218750000001, 9.802734375])
array('d', [-27.354296875000003, -1.5404296875, -9.149218750000001, 9.802734375])
array('d', [-27.354296875000003, -1.5404296875, -9.149218750000001, 9.802734375])
array('d', [-29.5482421875, 0.6068359375, -8.215625000000001, 12.230078125])
array('d', [-34.636328125, -1.0736328125, -9.709375, 9.3359375])
array('d', [-34.636328125, -1.0736328125, -7.6087890625000005, 9.429296875])
array('d', [-28.287890625000003, -1.0736328125, -7.6087890625000005, 9.429296875])
array('d', [-28.287890625000003, -1.0736328125, -7.6087890625000005, 9.429296875])
array('d', [-29.0814453125, -2.1939453125, -8.77578125, 8.308984375])
array('d', [-29.0814453125, -2.1939453125, -8.77578125, 9.055859375])
array('d', [-32.7224609375, -1.2603515625000001, -8.122265625, 9.055859375])
array('d', [-32.2556640625, 0.42011718750000004, -7.935546875, 10.362890625])
array('d', [-28.848046875, -1.3537109375, -9.709375, 10.8296875])
array('d', [-28.848046875, -1.3537109375, -9.709375, 9.4759765625])
array('d', [-31.92890625, -1.400390625, -8.308984375, 9.4759765625])
array('d', [-32.30234375, -1.9605468750000001, -8.7291015625, 10.923046875])
array('d', [-32.30234375, -1.9605468750000001, -9.382617187500001, 8.77578125])
array('d', [-30.5751953125, -2.4740234375, -9.382617187500001, 8.77578125])
array('d', [-31.4154296875, -0.37343750000000003, -7.9822265625, 8.5423828125])
array('d', [-28.38125, -1.7271484375000001, -8.2623046875, 8.869140625])
array('d', [-28.38125, -1.7271484375000001, -8.869140625, 7.188671875000001])
array('d', [-24.46015625, -0.466796875, -8.869140625, 7.188671875000001])
array('d', [-29.5482421875, -1.587109375, -7.9822265625, 8.7291015625])
array('d', [-30.2951171875, -1.587109375, -9.89609375, 6.815234375])
array('d', [-30.2951171875, -1.587109375, -9.89609375, 8.5890625])
array('d', [-29.734960937500002, 1.7271484375000001, -8.6357421875, 8.5890625])
array('d', [-24.646875, 1.7271484375000001, -10.2228515625, 6.955273437500001])
array('d', [-24.646875, -0.42011718750000004, -10.2228515625, 6.955273437500001])
array('d', [-23.153125000000003, -0.6068359375, -7.562109375, 7.935546875])
array('d', [-28.19453125, -1.400390625, -9.149218750000001, 8.449023437500001])
array('d', [-28.19453125, -1.400390625, -8.308984375, 8.02890625])
array('d', [-27.4943359375, -0.046679687500000004, -8.308984375, 8.02890625])
array('d', [-26.5140625, 1.4937500000000001, -7.888867187500001, 9.1958984375])
array('d', [-22.499609375000002, -0.09335937500000001, -9.055859375, 9.1958984375])
array('d', [-22.499609375000002, -0.09335937500000001, -9.055859375, 7.7955078125])
array('d', [-24.926953125, 0.1400390625, -7.3753906250000005, 6.255078125000001])
array('d', [-27.587695312500003, 0.0, -8.6357421875, 6.8619140625])
array('d', [-27.587695312500003, 0.0, -8.6357421875, 8.1689453125])
array('d', [-25.3470703125, -1.3537109375, -8.308984375, 8.1689453125])
array('d', [-22.266210937500002, 0.8869140625, -8.0755859375, 6.7685546875])
array('d', [-25.4404296875, -0.56015625, -9.149218750000001, 6.9085937500000005])
array('d', [-25.4404296875, -0.56015625, -9.802734375, 4.1078125000000005])
array('d', [-26.187304687500003, -0.09335937500000001, -9.802734375, 4.1078125000000005])
array('d', [-21.47265625, -0.2333984375, -9.6626953125, 4.9013671875])
array('d', [-21.47265625, -1.2603515625000001, -9.7560546875, 4.948046875])
array('d', [-22.919726562500003, -1.2603515625000001, -9.7560546875, 4.948046875])
array('d', [-26.887500000000003, 0.7935546875, -9.89609375, 4.387890625])
array('d', [-21.285937500000003, -0.6068359375, -10.783007812500001, 5.9283203125])
array('d', [-21.285937500000003, -0.6068359375, -10.783007812500001, 5.9283203125])
array('d', [-21.659375, -1.1203125, -10.2228515625, 5.2748046875000005])
array('d', [-21.659375, -0.18671875000000002, -9.055859375, 6.488476562500001])
array('d', [-24.8802734375, -0.18671875000000002, -9.055859375, 6.488476562500001])
array('d', [-21.2392578125, -2.3806640625, -12.416796875000001, 4.9013671875])
array('d', [-27.541015625, 1.1669921875, -11.203125, 3.9677734375])
array('d', [-27.541015625, 1.1669921875, -12.9302734375, 3.9677734375])
array('d', [-21.799414062500002, -1.400390625, -12.9302734375, 3.9677734375])
array('d', [-21.799414062500002, -0.2333984375, -9.849414062500001, 4.5279296875])
array('d', [-24.180078125, -0.466796875, -11.6232421875, 3.54765625])
array('d', [-24.180078125, -0.466796875, -11.6232421875, 3.734375])
array('d', [-20.632421875000002, -1.587109375, -11.669921875, 3.734375])
array('d', [-23.0130859375, -0.6068359375, -10.736328125, 2.9408203125])
array('d', [-23.0130859375, -0.6068359375, -11.4365234375, 4.2478515625])
array('d', [-23.5265625, 0.2333984375, -11.4365234375, 4.2478515625])
array('d', [-21.986132812500003, -0.2333984375, -10.923046875, 4.2478515625])
array('d', [-21.986132812500003, -0.2333984375, -10.923046875, 4.2478515625])
array('d', [-21.8927734375, -0.6068359375, -10.2228515625, 4.387890625])
array('d', [-21.8927734375, -0.6068359375, -10.2228515625, 3.9677734375])
array('d', [-24.133398437500002, 0.046679687500000004, -11.109765625000001, 3.9677734375])
array('d', [-20.72578125, -0.046679687500000004, -9.89609375, 4.6212890625])
array('d', [-17.6916015625, 0.1400390625, -10.876367187500001, 3.734375])
array('d', [-17.6916015625, 0.1400390625, -9.9427734375, 3.9677734375])
array('d', [-23.4798828125, 0.7935546875, -9.9427734375, 3.9677734375])
array('d', [-23.4798828125, 0.7935546875, -9.9427734375, 3.9677734375])
array('d', [-23.4798828125, 0.7935546875, -9.9427734375, 3.9677734375])
array('d', [-20.35234375, 0.9802734375000001, -11.343164062500001, 3.5009765625])
array('d', [-16.4779296875, 1.6337890625, -8.40234375, 5.9283203125])
array('d', [-16.4779296875, 1.6337890625, -5.881640625, 6.4417968750000005])
array('d', [-18.998632812500002, 3.267578125, -5.881640625, 6.4417968750000005])
array('d', [-14.7041015625, 1.5404296875, -10.082812500000001, 7.001953125])
array('d', [-22.59296875, 0.1400390625, -9.849414062500001, 4.014453125])
array('d', [-22.59296875, -0.09335937500000001, -9.89609375, 3.54765625])
array('d', [-16.3845703125, -0.09335937500000001, -9.89609375, 3.54765625])
array('d', [-21.1458984375, -1.0736328125, -10.316210937500001, 3.8744140625])
array('d', [-18.205078125, -0.3267578125, -10.176171875, 2.8941406250000004])
array('d', [-18.205078125, -0.3267578125, -10.176171875, 2.8941406250000004])
array('d', [-18.205078125, -0.3267578125, -10.176171875, 2.8941406250000004])
array('d', [-18.205078125, -0.3267578125, -10.176171875, 2.8941406250000004])
array('d', [-18.205078125, -0.3267578125, -10.176171875, 2.8941406250000004])
array('d', [-20.7724609375, -0.2333984375, -12.183398437500001, 4.1078125000000005])
array('d', [-18.9052734375, -1.6337890625, -8.122265625, 3.2208984375000003])
array('d', [-18.9052734375, -1.6337890625, -10.5029296875, 2.8474609375])
array('d', [-20.4923828125, -1.587109375, -10.5029296875, 2.8474609375])
array('d', [-19.7455078125, -1.0736328125, -12.416796875000001, 4.387890625])
array('d', [-20.632421875000002, -1.3537109375, -10.45625, 1.6804687500000002])
array('d', [-19.232031250000002, -1.4937500000000001, -11.203125, 1.6804687500000002])
array('d', [-19.232031250000002, -1.4937500000000001, -11.203125, 2.8941406250000004])
array('d', [-22.219531250000003, -2.3806640625, -11.669921875, 1.3537109375])
array('d', [-22.873046875, -1.30703125, -9.9427734375, 1.4937500000000001])
array('d', [-20.258984375, -2.3806640625, -12.9302734375, 1.587109375])
array('d', [-20.258984375, -2.3806640625, -10.409570312500001, 1.9138671875000002])
array('d', [-20.072265625, -1.400390625, -10.409570312500001, 1.9138671875000002])
array('d', [-22.219531250000003, -1.2603515625000001, -12.3701171875, 2.4740234375])
array('d', [-18.765234375000002, -1.3537109375, -11.483203125000001, 3.080859375])
array('d', [-18.765234375000002, -1.3537109375, -11.483203125000001, 1.587109375])
array('d', [-21.379296875, -1.773828125, -11.809960937500001, 1.587109375])
array('d', [-20.4923828125, -1.773828125, -11.576562500000001, 2.8474609375])
array('d', [-17.5515625, -1.2603515625000001, -11.669921875, 1.6337890625])
array('d', [-17.5515625, -1.2603515625000001, -11.669921875, 3.8277343750000004])
array('d', [-19.41875, -0.8869140625, -11.856640625, 3.8277343750000004])
array('d', [-21.332617187500002, -1.587109375, -11.483203125000001, 2.9875000000000003])
array('d', [-21.332617187500002, -1.587109375, -10.6896484375, 1.4937500000000001])
array('d', [-16.99140625, -2.0072265625, -10.6896484375, 1.4937500000000001])
array('d', [-20.9591796875, -1.30703125, -10.2228515625, 2.147265625])
array('d', [-17.5048828125, -1.1203125, -10.736328125, 1.213671875])
array('d', [-17.5048828125, -1.1203125, -10.6896484375, 2.5207031250000003])
array('d', [-17.598242187500002, -0.466796875, -10.6896484375, 2.5207031250000003])
array('d', [-21.332617187500002, -0.466796875, -10.316210937500001, 2.240625])
array('d', [-21.332617187500002, 0.18671875000000002, -10.1294921875, 2.42734375])
array('d', [-16.24453125, 0.18671875000000002, -10.1294921875, 2.5207031250000003])
array('d', [-20.1189453125, -2.80078125, -10.923046875, 2.5207031250000003])
array('d', [-20.0255859375, -0.466796875, -8.7291015625, 3.4076171875])
array('d', [-20.0255859375, -0.466796875, -8.7291015625, 3.4076171875])
array('d', [-17.271484375, -1.0736328125, -10.409570312500001, 2.8474609375])
array('d', [-20.399023437500002, -2.3806640625, -10.0361328125, 3.54765625])
array('d', [-20.399023437500002, -2.3806640625, -10.0361328125, 3.54765625])
array('d', [-16.2912109375, -0.8869140625, -10.783007812500001, 2.6607421875000004])
array('d', [-16.2912109375, -0.8869140625, -11.669921875, 1.773828125])
array('d', [-16.0111328125, -2.1939453125, -11.669921875, 1.773828125])
array('d', [-20.4923828125, -0.280078125, -9.802734375, 2.2873046875000003])
array('d', [-15.544335937500001, 0.0, -10.5962890625, 2.6607421875000004])
array('d', [-15.544335937500001, 0.0, -10.5029296875, 2.8941406250000004])
array('d', [-16.337890625, -0.93359375, -10.5029296875, 2.8941406250000004])
array('d', [-16.337890625, -0.93359375, -10.5029296875, 2.8941406250000004])
array('d', [-19.885546875, 0.18671875000000002, -10.316210937500001, 1.30703125])
array('d', [-19.885546875, -2.1005859375, -9.1958984375, 4.3412109375000005])
array('d', [-19.932226562500002, -2.1005859375, -9.1958984375, 4.3412109375000005])
array('d', [-19.0919921875, -3.080859375, -5.3681640625, 3.1275390625000004])
array('d', [-19.0919921875, -2.80078125, -7.001953125, 5.9750000000000005])
array('d', [-19.0919921875, -2.80078125, -5.8349609375, 5.554882812500001])
array('d', [-22.40625, -3.8277343750000004, -5.8349609375, 5.554882812500001])
array('d', [-16.898046875000002, -2.6140625, -5.228125, 4.5279296875])
array('d', [-19.232031250000002, -2.9875000000000003, -8.915820312500001, 3.9677734375])
array('d', [-19.232031250000002, -3.267578125, -7.2353515625, 4.29453125])
array('d', [-15.3576171875, -2.5673828125, -8.308984375, 4.1078125000000005])
array('d', [-20.165625000000002, -3.8744140625, -7.7955078125, 2.5207031250000003])
array('d', [-16.61796875, -1.8205078125, -10.409570312500001, 2.240625])
array('d', [-16.61796875, -4.29453125, -10.549609375000001, 1.2603515625000001])
array('d', [-17.9716796875, -4.29453125, -10.549609375000001, 1.2603515625000001])
array('d', [-22.6396484375, -4.761328125, -7.46875, 0.046679687500000004])
array('d', [-21.566015625000002, -4.761328125, -7.46875, 0.046679687500000004])
array('d', [-21.566015625000002, -4.761328125, -7.46875, 0.046679687500000004])
array('d', [-23.5265625, -8.0755859375, -4.6212890625, 8.0755859375])
array('d', [-23.5265625, -10.549609375000001, -1.4470703125000002, 6.955273437500001])
array('d', [-25.8138671875, -10.549609375000001, -1.4470703125000002, 10.176171875])
array('d', [-32.022265625, -13.583789062500001, -2.42734375, 10.176171875])
array('d', [-33.3759765625, -16.61796875, 0.7935546875, 12.183398437500001])
array('d', [-36.41015625, -19.138671875, 4.9947265625, 15.404296875])
array('d', [-35.896679687500004, -19.138671875, 4.9947265625, 15.404296875])
array('d', [-35.896679687500004, -19.138671875, 4.9947265625, 15.404296875])
array('d', [-35.896679687500004, -19.138671875, 4.9947265625, 15.404296875])
array('d', [-35.896679687500004, -21.752734375000003, 7.1419921875000005, 19.0919921875])
array('d', [-38.697460937500004, -26.654101562500003, 10.1294921875, 22.6396484375])
array('d', [-46.8197265625, -29.781640625, 13.723828125, 24.2267578125])
array('d', [-46.8197265625, -29.781640625, 13.723828125, 32.115625])
array('d', [-47.8466796875, -34.3095703125, 19.3720703125, 32.115625])
array('d', [-52.001171875000004, -34.496289062500004, 24.926953125, 33.2359375])
array('d', [-53.121484375, -37.34375, 21.799414062500002, 35.3365234375])
array('d', [-53.121484375, -37.34375, 21.799414062500002, 35.3365234375])
array('d', [-53.121484375, -37.34375, 21.799414062500002, 35.3365234375])
array('d', [-53.121484375, -37.34375, 21.799414062500002, 37.250390625])
array('d', [-52.3279296875, -38.557421875, 23.5265625, 37.250390625])
array('d', [-53.681640625, -39.77109375, 25.1603515625, 37.4837890625])
array('d', [-53.681640625, -39.77109375, 25.1603515625, 37.4837890625])
array('d', [-53.681640625, -39.77109375, 25.1603515625, 37.4837890625])
array('d', [-51.907812500000006, -38.090625, 21.84609375, 36.41015625])
array('d', [-52.467968750000004, -36.7369140625, 25.253710937500003, 37.2037109375])
array('d', [-52.467968750000004, -37.9505859375, 24.2267578125, 35.196484375000004])
array('d', [-59.003125000000004, -37.9505859375, 24.2267578125, 35.196484375000004])
array('d', [-54.008398437500006, -39.304296875, 22.499609375000002, 38.65078125])
array('d', [-60.170117187500004, -44.0189453125, 25.6271484375, 39.584375])
array('d', [-60.170117187500004, -44.62578125, 27.167578125000002, 41.358203125])
array('d', [-60.170117187500004, -44.62578125, 27.167578125000002, 41.358203125])
array('d', [-63.8578125, -44.62578125, 27.167578125000002, 44.5791015625])
array('d', [-59.143164062500006, -43.31875, 26.420703125000003, 44.5791015625])
array('d', [-70.2529296875, -46.959765625, 31.788867187500003, 45.9794921875])
array('d', [-70.2529296875, -46.959765625, 32.67578125, 48.546875])
array('d', [-70.9998046875, -49.900585937500004, 30.7619140625, 54.055078125])
array('d', [-71.2798828125, -49.900585937500004, 30.7619140625, 54.055078125])
array('d', [-68.3857421875, -49.900585937500004, 30.7619140625, 54.055078125])
array('d', [-68.3857421875, -49.900585937500004, 30.7619140625, 54.055078125])
array('d', [-68.3857421875, -48.6869140625, 33.42265625, 50.320703125])
array('d', [-78.1884765625, -48.6869140625, 33.42265625, 50.320703125])
array('d', [-68.9458984375, -47.98671875, 29.5482421875, 51.534375000000004])
array('d', [-69.4126953125, -47.98671875, 29.5482421875, 51.534375000000004])
array('d', [-69.4126953125, -47.98671875, 29.5482421875, 51.534375000000004])
array('d', [-69.4126953125, -46.4462890625, 29.688281250000003, 53.028125])
array('d', [-73.9873046875, -45.0458984375, 30.9953125, 48.640234375000006])
array('d', [-81.5494140625, -47.333203125000004, 28.801367187500002, 51.72109375])
array('d', [-81.5494140625, -47.333203125000004, 28.801367187500002, 51.72109375])
array('d', [-81.5494140625, -47.333203125000004, 28.801367187500002, 51.72109375])
array('d', [-81.5494140625, -47.333203125000004, 28.801367187500002, 51.72109375])
array('d', [-76.648046875, -50.1806640625, 30.155078125000003, 52.467968750000004])
array('d', [-82.10957031250001, -49.807226562500006, 31.4154296875, 53.681640625])
array('d', [-82.10957031250001, -49.807226562500006, 31.4154296875, 53.681640625])
array('d', [-77.768359375, -51.72109375, 32.582421875, 55.502148437500004])
array('d', [-89.57832031250001, -51.8611328125, 31.18203125, 57.976171875000006])
array('d', [-85.79726562500001, -51.814453125, 36.0833984375, 57.6494140625])
array('d', [-86.82421875, -52.9814453125, 33.7494140625, 57.5560546875])
array('d', [-86.82421875, -52.9814453125, 30.621875000000003, 59.3298828125])
array('d', [-81.59609375000001, -51.814453125, 30.621875000000003, 59.3298828125])
array('d', [-81.6427734375, -47.706640625000006, 29.968359375000002, 58.3962890625])
array('d', [-81.6427734375, -47.706640625000006, 29.968359375000002, 58.3962890625])
array('d', [-81.1759765625, -47.706640625000006, 30.06171875, 55.735546875000004])
array('d', [-78.23515625, -47.8466796875, 27.07421875, 54.055078125])
array('d', [-78.23515625, -47.8466796875, 27.07421875, 53.494921875])
array('d', [-78.23515625, -47.8466796875, 27.07421875, 53.494921875])
array('d', [-78.23515625, -47.8466796875, 27.07421875, 53.494921875])
array('d', [-81.689453125, -45.9794921875, 28.0078125, 52.841406250000006])
array('d', [-81.876171875, -40.7046875, 28.0078125, 52.841406250000006])
array('d', [-76.18125, -43.272070312500006, 23.900000000000002, 50.507421875000006])
array('d', [-76.18125, -43.272070312500006, 23.900000000000002, 50.507421875000006])
array('d', [-71.7466796875, -40.564648437500004, 18.391796875, 49.340429687500006])
array('d', [-75.24765625, -38.697460937500004, 20.3056640625, 49.340429687500006])
array('d', [-77.955078125, -38.0439453125, 20.4923828125, 49.340429687500006])
array('d', [-69.8794921875, -35.85, 16.4779296875, 45.466015625000004])
array('d', [-65.5849609375, -35.756640625, 16.9447265625, 46.633007812500004])
array('d', [-69.739453125, -35.009765625, 15.7310546875, 46.633007812500004])
array('d', [-69.739453125, -35.009765625, 15.7310546875, 46.633007812500004])
array('d', [-69.739453125, -35.009765625, 15.7310546875, 42.9453125])
array('d', [-64.6513671875, -32.8158203125, 14.7041015625, 42.9453125])
array('d', [-69.69277343750001, -30.80859375, 15.450976562500001, 43.272070312500006])
array('d', [-67.03203125, -31.088671875000003, 12.510156250000001, 40.237890625])
array('d', [-67.03203125, -31.088671875000003, 12.510156250000001, 40.237890625])
array('d', [-56.809179687500006, -30.388476562500003, 11.716601562500001, 43.365429687500004])
array('d', [-58.442968750000006, -29.408203125, 12.3234375, 41.1248046875])
array('d', [-60.4501953125, -27.587695312500003, 13.210351562500001, 39.164257812500004])
array('d', [-56.2490234375, -26.934179687500002, 12.043359375000001, 41.404882812500006])
array('d', [-56.2490234375, -26.934179687500002, 12.043359375000001, 38.230664062500004])
array('d', [-55.502148437500004, -30.0150390625, 12.043359375000001, 38.230664062500004])
array('d', [-58.769726562500004, -26.5607421875, 8.869140625, 40.0044921875])
array('d', [-52.187890625, -23.993359375, 10.409570312500001, 39.677734375])
array('d', [-52.187890625, -23.993359375, 10.409570312500001, 39.677734375])
array('d', [-52.374609375000006, -23.4798828125, 9.6626953125, 35.6166015625])
array('d', [-52.7947265625, -23.153125000000003, 8.915820312500001, 36.690234375])
array('d', [-52.7947265625, -23.153125000000003, 8.1689453125, 34.449609375])
array('d', [-52.7947265625, -23.153125000000003, 8.1689453125, 34.449609375])
array('d', [-52.7947265625, -23.153125000000003, 8.1689453125, 34.449609375])
array('d', [-54.3818359375, -23.853320312500003, 6.721875000000001, 33.4693359375])
array('d', [-54.3818359375, -21.566015625000002, 7.7021484375, 34.262890625000004])
array('d', [-57.1826171875, -21.566015625000002, 7.7021484375, 33.2359375])
array('d', [-55.408789062500006, -22.3595703125, 7.7021484375, 33.2359375])
array('d', [-54.708593750000006, -21.192578125, 6.8619140625, 31.368750000000002])
array('d', [-50.040625000000006, -21.285937500000003, 6.4417968750000005, 34.449609375])
array('d', [-50.040625000000006, -21.285937500000003, 6.4417968750000005, 34.449609375])
array('d', [-51.907812500000006, -18.531835937500002, 7.422070312500001, 34.449609375])
array('d', [-43.225390625, -14.7041015625, 8.122265625, 34.963085937500004])
array('d', [-43.225390625, -13.63046875, 11.296484375, 36.41015625])
array('d', [-44.532421875000004, -13.63046875, 11.296484375, 36.41015625])
array('d', [-35.9900390625, -11.76328125, 12.276757812500001, 38.8841796875])
array('d', [-33.516015625, -10.923046875, 14.050585937500001, 39.9111328125])
array('d', [-33.516015625, -10.923046875, 14.050585937500001, 40.51796875])
array('d', [-37.3904296875, -8.122265625, 14.517382812500001, 40.51796875])
array('d', [-32.9091796875, -4.8080078125000005, 12.883593750000001, 40.051171875])
array('d', [-31.368750000000002, -3.641015625, 16.5712890625, 42.75859375])
array('d', [-31.368750000000002, -3.641015625, 16.5712890625, 42.75859375])
array('d', [-32.162304687500004, -1.0269531250000001, 17.3181640625, 42.9919921875])
array('d', [-29.8283203125, -1.5404296875, 17.2248046875, 42.291796875])
array('d', [-29.8283203125, -1.5404296875, 16.3845703125, 42.478515625])
array('d', [-28.521289062500003, -1.773828125, 16.3845703125, 42.478515625])
array('d', [-25.4404296875, -1.9605468750000001, 17.8783203125, 42.9453125])
array('d', [-26.934179687500002, -0.18671875000000002, 18.48515625, 43.598828125000004])
array('d', [-26.934179687500002, -1.400390625, 16.431250000000002, 41.078125])
array('d', [-27.727734375, -1.400390625, 16.431250000000002, 41.078125])
array('d', [-31.322070312500003, -2.6607421875000004, 12.976953125000001, 40.097851562500004])
array('d', [-34.029492187500004, -7.7021484375, 8.869140625, 34.729687500000004])
array('d', [-34.029492187500004, -7.7021484375, 8.869140625, 29.734960937500002])
array('d', [-39.164257812500004, -11.38984375, 5.4615234375, 29.734960937500002])
array('d', [-44.205664062500006, -16.0578125, 2.3806640625, 26.980859375])
array('d', [-48.266796875000004, -19.932226562500002, -1.6804687500000002, 21.659375])
array('d', [-48.266796875000004, -19.932226562500002, -1.6804687500000002, 21.659375])
array('d', [-48.266796875000004, -19.932226562500002, -1.6804687500000002, 21.659375])
array('d', [-49.760546875, -21.939453125, -1.587109375, 22.219531250000003])
array('d', [-49.760546875, -21.939453125, -4.29453125, 18.578515625])
array('d', [-57.1826171875, -26.8408203125, -4.29453125, 18.578515625])
array('d', [-57.1826171875, -26.8408203125, -4.29453125, 18.578515625])
array('d', [-57.1826171875, -26.8408203125, -4.29453125, 18.578515625])
array('d', [-56.108984375000006, -34.1228515625, -6.955273437500001, 18.3451171875])
array('d', [-62.504101562500004, -34.1228515625, -6.955273437500001, 18.3451171875])
array('d', [-63.204296875000004, -36.503515625, -7.0953125, 19.465429687500002])
array('d', [-63.204296875000004, -36.503515625, -7.0953125, 19.465429687500002])
array('d', [-63.204296875000004, -36.503515625, -7.0953125, 19.465429687500002])
array('d', [-65.2115234375, -39.491015625, -4.1078125000000005, 20.1189453125])
array('d', [-67.5455078125, -41.7783203125, -1.2603515625000001, 21.47265625])
array('d', [-67.5455078125, -42.01171875, 0.280078125, 24.8802734375])
array('d', [-69.69277343750001, -42.01171875, 4.7146484375, 29.31484375])
array('d', [-72.5869140625, -43.4587890625, 4.7146484375, 32.208984375])
array('d', [-78.1884765625, -48.546875, 7.7021484375, 32.208984375])
array('d', [-81.9228515625, -49.947265625, 12.650195312500001, 35.28984375])
array('d', [-82.34296875000001, -48.36015625, 16.4779296875, 41.2181640625])
array('d', [-82.34296875000001, -50.274023437500006, 20.3056640625, 45.4193359375])
array('d', [-86.73085937500001, -51.3943359375, 24.833593750000002, 48.546875])
array('d', [-86.73085937500001, -52.934765625000004, 27.7744140625, 54.428515625])
array('d', [-86.49746093750001, -53.2615234375, 28.2412109375, 59.469921875000004])
array('d', [-89.53164062500001, -51.627734375, 36.9236328125, 62.644140625000006])
array('d', [-89.53164062500001, -51.627734375, 36.9236328125, 66.8453125])
array('d', [-101.855078125, -51.814453125, 39.397656250000004, 66.8453125])
array('d', [-103.4888671875, -56.9958984375, 39.397656250000004, 66.8453125])
array('d', [-103.4888671875, -58.1162109375, 38.65078125, 78.60859375])
array('d', [-98.5408203125, -58.1162109375, 38.65078125, 78.60859375])
array('d', [-109.4638671875, -55.175390625000006, 42.2451171875, 84.5369140625])
array('d', [-109.4638671875, -55.175390625000006, 42.2451171875, 84.5369140625])
array('d', [-109.4638671875, -55.175390625000006, 42.2451171875, 84.5369140625])
array('d', [-109.4638671875, -55.175390625000006, 42.2451171875, 84.5369140625])
array('d', [-110.9109375, -53.168164062500004, 46.539648437500006, 86.31074218750001])
array('d', [-113.38496093750001, -58.3962890625, 44.205664062500006, 90.23183593750001])
array('d', [-110.11738281250001, -58.069531250000004, 42.9919921875, 95.03984375])
array('d', [-110.11738281250001, -58.069531250000004, 44.299023437500004, 98.77421875])
array('d', [-115.95234375000001, -53.2615234375, 44.299023437500004, 98.77421875])
array('d', [-118.19296875, -49.5271484375, 40.564648437500004, 99.054296875])
array('d', [-121.50722656250001, -49.573828125000006, 38.370703125, 100.4546875])
array('d', [-121.50722656250001, -49.573828125000006, 38.744140625, 105.0759765625])
array('d', [-115.112109375, -50.9275390625, 38.744140625, 105.0759765625])
array('d', [-114.97207031250001, -49.29375, 38.65078125, 110.58417968750001])
array('d', [-114.97207031250001, -49.29375, 38.65078125, 110.58417968750001])
array('d', [-114.97207031250001, -49.29375, 38.65078125, 110.58417968750001])
array('d', [-117.81953125000001, -48.9203125, 35.569921875, 106.33632812500001])
array('d', [-116.83925781250001, -47.6599609375, 31.92890625, 108.763671875])
array('d', [-119.87343750000001, -43.31875, 26.980859375, 110.630859375])
array('d', [-119.87343750000001, -43.31875, 26.980859375, 110.630859375])
array('d', [-119.87343750000001, -43.31875, 26.980859375, 110.630859375])
array('d', [-127.0154296875, -45.4193359375, 24.833593750000002, 109.88398437500001])
array('d', [-127.0154296875, -45.4193359375, 22.40625, 109.88398437500001])
array('d', [-129.76953125, -41.871679687500006, 22.40625, 109.88398437500001])
array('d', [-125.47500000000001, -40.51796875, 20.632421875000002, 109.60390625000001])
array('d', [-137.0048828125, -43.5521484375, 18.998632812500002, 108.20351562500001])
array('d', [-137.0048828125, -43.5521484375, 18.998632812500002, 108.90371093750001])
array('d', [-136.6314453125, -44.3923828125, 19.41875, 108.90371093750001])
array('d', [-126.2685546875, -42.6185546875, 20.7724609375, 110.53750000000001])
array('d', [-131.45000000000002, -43.0853515625, 20.9591796875, 110.81757812500001])
array('d', [-131.45000000000002, -43.0853515625, 20.9591796875, 110.77089843750001])
array('d', [-135.9779296875, -43.598828125000004, 18.9052734375, 110.77089843750001])
array('d', [-124.448046875, -42.7119140625, 20.0255859375, 114.1318359375])
array('d', [-137.331640625, -36.596875000000004, 21.2392578125, 114.178515625])
array('d', [-137.331640625, -31.555468750000003, 21.47265625, 113.2916015625])
array('d', [-137.331640625, -31.555468750000003, 21.47265625, 113.2916015625])
array('d', [-137.331640625, -31.555468750000003, 21.47265625, 113.2916015625])
array('d', [-128.0890625, -33.2359375, 21.005859375, 113.33828125000001])
array('d', [-132.5236328125, -36.690234375, 20.0255859375, 116.65253906250001])
array('d', [-132.5236328125, -36.690234375, 20.0255859375, 116.65253906250001])
array('d', [-132.5236328125, -36.690234375, 20.0255859375, 116.65253906250001])
array('d', [-132.5236328125, -36.690234375, 20.0255859375, 116.65253906250001])
array('d', [-124.261328125, -36.9236328125, 19.0453125, 120.526953125])
array('d', [-122.0673828125, -31.368750000000002, 21.566015625000002, 120.62031250000001])
array('d', [-128.18242187500002, -30.528515625, 21.1458984375, 117.0259765625])
array('d', [-128.18242187500002, -30.528515625, 21.8927734375, 120.10683593750001])
array('d', [-127.435546875, -33.142578125, 21.8927734375, 120.10683593750001])
array('d', [-125.05488281250001, -34.496289062500004, 19.512109375, 122.25410156250001])
array('d', [-124.58808593750001, -33.4693359375, 18.765234375000002, 122.72089843750001])
array('d', [-120.57363281250001, -33.1892578125, 18.531835937500002, 124.4947265625])
array('d', [-120.43359375, -31.2287109375, 18.765234375000002, 122.394140625])
array('d', [-123.234375, -28.988085937500003, 18.578515625, 121.8806640625])
array('d', [-123.234375, -28.661328125, 18.998632812500002, 122.25410156250001])
array('d', [-125.1482421875, -28.661328125, 18.998632812500002, 122.25410156250001])
array('d', [-125.05488281250001, -31.462109375, 17.644921875, 121.2271484375])
array('d', [-125.05488281250001, -31.462109375, 17.644921875, 121.2271484375])
array('d', [-125.3349609375, -36.2234375, 15.87109375, 120.246875])
array('d', [-127.248828125, -36.830273437500004, 14.8908203125, 119.780078125])
array('d', [-132.3369140625, -37.297070312500004, 13.0236328125, 116.37246093750001])
array('d', [-132.3369140625, -37.297070312500004, 13.0236328125, 111.4244140625])
array('d', [-134.2041015625, -38.464062500000004, 11.4365234375, 111.4244140625])
array('d', [-132.15019531250002, -39.2576171875, 9.429296875, 109.23046875])
array('d', [-133.410546875, -42.665234375000004, 7.2353515625, 108.5302734375])
array('d', [-133.410546875, -42.665234375000004, 7.2353515625, 108.5302734375])
array('d', [-133.410546875, -42.665234375000004, 7.2353515625, 108.5302734375])
array('d', [-133.597265625, -43.225390625, 6.628515625, 108.71699218750001])
array('d', [-133.597265625, -43.225390625, 7.3287109375, 110.3974609375])
array('d', [-134.2041015625, -41.544921875, 7.3287109375, 110.3974609375])
array('d', [-134.2041015625, -41.544921875, 7.3287109375, 110.3974609375])
array('d', [-134.2041015625, -41.544921875, 7.3287109375, 110.3974609375])
array('d', [-134.2041015625, -41.544921875, 7.3287109375, 110.3974609375])
array('d', [-134.2974609375, -38.7908203125, 6.3951171875, 110.58417968750001])
array('d', [-133.223828125, -36.1767578125, 8.215625000000001, 107.50332031250001])
array('d', [-130.5630859375, -35.4765625, 9.0091796875, 109.790625])
array('d', [-130.5630859375, -35.4765625, 8.915820312500001, 112.124609375])
array('d', [-129.1626953125, -33.9361328125, 8.915820312500001, 112.124609375])
array('d', [-127.57558593750001, -31.0419921875, 8.7291015625, 111.28437500000001])
array('d', [-124.2146484375, -30.388476562500003, 11.809960937500001, 112.96484375])
array('d', [-124.2146484375, -30.388476562500003, 11.809960937500001, 112.96484375])
array('d', [-122.1140625, -28.2412109375, 13.163671875, 114.78535156250001])
array('d', [-121.4138671875, -4.387890625, 11.203125, 116.18574218750001])
array('d', [-121.4138671875, -4.387890625, 12.230078125, 113.244921875])
array('d', [-121.1337890625, 0.42011718750000004, 12.230078125, 113.244921875])
array('d', [-123.42109375000001, -4.0611328125, 12.230078125, 111.84453125])
array('d', [-126.92207031250001, -5.6015625, 12.3234375, 109.37050781250001])
array('d', [-126.92207031250001, -5.6015625, 12.3234375, 109.37050781250001])
array('d', [-126.92207031250001, -5.6015625, 12.3234375, 109.37050781250001])
array('d', [-126.92207031250001, -5.6015625, 12.3234375, 109.37050781250001])
array('d', [-129.489453125, -7.46875, 5.8349609375, 106.4296875])
array('d', [-129.489453125, -11.1564453125, 2.5207031250000003, 104.00234375000001])
array('d', [-131.7767578125, -11.1564453125, 2.5207031250000003, 100.361328125])
array('d', [-131.7767578125, -11.1564453125, 2.5207031250000003, 100.361328125])
array('d', [-131.7767578125, -11.1564453125, 2.5207031250000003, 100.361328125])
array('d', [-131.7767578125, -11.1564453125, 2.5207031250000003, 100.361328125])
array('d', [-132.9904296875, -14.844140625000001, -1.6337890625, 96.30019531250001])
array('d', [-132.8037109375, -20.2123046875, -2.8474609375, 96.30019531250001])
array('d', [-134.71757812500002, -21.4259765625, -6.815234375, 93.73281250000001])
array('d', [-134.71757812500002, -21.4259765625, -6.815234375, 93.73281250000001])
array('d', [-133.223828125, -25.6271484375, -12.0900390625, 90.69863281250001])
array('d', [-133.3638671875, -28.0078125, -14.3306640625, 88.037890625])
array('d', [-133.3638671875, -28.0078125, -14.3306640625, 84.490234375])
array('d', [-134.01738281250002, -30.1083984375, -16.9447265625, 84.490234375])
array('d', [-133.3638671875, -34.496289062500004, -20.5390625, 79.915625])
array('d', [-133.3638671875, -34.496289062500004, -20.5390625, 77.581640625])
array('d', [-133.31718750000002, -37.297070312500004, -22.8263671875, 77.581640625])
array('d', [-133.597265625, -37.297070312500004, -25.673828125, 74.033984375])
array('d', [-133.597265625, -39.677734375, -27.120898437500003, 70.2529296875])
array('d', [-133.9240234375, -39.677734375, -27.120898437500003, 67.59218750000001])
array('d', [-135.5111328125, -39.9111328125, -29.688281250000003, 67.59218750000001])
array('d', [-135.1376953125, -40.14453125, -31.088671875000003, 68.3857421875])
array('d', [-135.1376953125, -40.7513671875, -31.088671875000003, 64.698046875])
array('d', [-134.904296875, -40.7513671875, -31.088671875000003, 64.698046875])
array('d', [-130.88984375, -38.370703125, -33.7494140625, 64.698046875])
array('d', [-130.88984375, -38.370703125, -33.7494140625, 64.698046875])
array('d', [-130.88984375, -38.370703125, -33.7494140625, 64.698046875])
array('d', [-134.2974609375, -36.2234375, -34.5896484375, 63.7177734375])
array('d', [-134.2974609375, -36.2234375, -35.756640625, 61.943945312500006])
array('d', [-126.96875, -34.029492187500004, -35.756640625, 61.943945312500006])
array('d', [-125.66171875, -33.3759765625, -33.6560546875, 60.7302734375])
array('d', [-132.7103515625, -31.368750000000002, -33.329296875000004, 58.676367187500006])
array('d', [-132.7103515625, -30.715234375, -33.329296875000004, 60.8236328125])
array('d', [-132.290234375, -30.715234375, -31.835546875000002, 62.504101562500004])
array('d', [-123.60781250000001, -28.334570312500002, -31.835546875000002, 62.504101562500004])
array('d', [-121.04042968750001, -23.900000000000002, -30.155078125000003, 61.523828125])
array('d', [-112.59140625, -20.632421875000002, -26.3740234375, 61.3837890625])
array('d', [-109.88398437500001, -18.298437500000002, -24.0400390625, 62.7841796875])
array('d', [-109.88398437500001, -18.298437500000002, -24.0400390625, 62.7841796875])
array('d', [-103.9556640625, -14.050585937500001, -23.246484375, 62.644140625000006])
array('d', [-104.5625, -14.050585937500001, -19.932226562500002, 67.4521484375])
array('d', [-104.5625, -11.1564453125, -18.531835937500002, 65.49160156250001])
array('d', [-98.3541015625, -7.655468750000001, -18.531835937500002, 65.49160156250001])
array('d', [-93.17265625, -5.6482421875, -15.49765625, 67.498828125])
array('d', [-87.6177734375, -2.3806640625, -15.404296875, 67.965625])
array('d', [-80.9892578125, -0.8402343750000001, -11.9033203125, 68.619140625])
array('d', [-80.9892578125, -0.8402343750000001, -11.9033203125, 67.0787109375])
array('d', [-80.6158203125, 1.6804687500000002, -10.5962890625, 67.0787109375])
array('d', [-75.4810546875, 3.9677734375, -8.77578125, 68.1056640625])
array('d', [-75.4810546875, 4.5746093750000005, -8.77578125, 69.92617187500001])
array('d', [-79.16875, 4.5746093750000005, -8.77578125, 69.92617187500001])
array('d', [-79.16875, 4.5746093750000005, -8.77578125, 69.92617187500001])
array('d', [-79.16875, 4.5746093750000005, -8.77578125, 69.92617187500001])
array('d', [-76.3212890625, 4.9947265625, -9.429296875, 68.619140625])
array('d', [-70.3462890625, 5.5082031250000005, -7.655468750000001, 68.619140625])
array('d', [-65.25820312500001, 4.761328125, -9.1025390625, 66.42519531250001])
array('d', [-65.25820312500001, 4.761328125, -9.1025390625, 66.42519531250001])
array('d', [-65.25820312500001, 4.761328125, -9.1025390625, 66.42519531250001])
array('d', [-65.25820312500001, 4.761328125, -9.1025390625, 66.42519531250001])
array('d', [-65.25820312500001, 4.761328125, -9.1025390625, 66.42519531250001])
array('d', [-65.25820312500001, 4.761328125, -9.1025390625, 66.42519531250001])
array('d', [-67.312109375, 5.41484375, -10.1294921875, 67.35878906250001])
array('d', [-68.1990234375, 5.3681640625, -10.923046875, 66.89199218750001])
array('d', [-68.1990234375, 5.3681640625, -10.6896484375, 61.05703125])
array('d', [-73.287109375, 5.694921875, -10.6896484375, 61.05703125])
array('d', [-73.8005859375, 3.8744140625, -10.923046875, 62.504101562500004])
array('d', [-73.8005859375, 2.147265625, -13.583789062500001, 60.2634765625])
array('d', [-69.9728515625, 2.147265625, -13.583789062500001, 60.2634765625])
array('d', [-74.9208984375, 3.3609375000000004, -13.723828125, 57.135937500000004])
array('d', [-65.16484375, 2.1005859375, -13.723828125, 57.135937500000004])
array('d', [-68.6658203125, 1.0736328125, -14.4240234375, 55.362109375])
array('d', [-72.913671875, -0.37343750000000003, -15.7310546875, 51.72109375])
array('d', [-72.913671875, -0.37343750000000003, -15.7310546875, 54.475195312500006])
array('d', [-70.62636718750001, -4.48125, -14.9375, 54.475195312500006])
array('d', [-74.0806640625, -4.201171875, -14.517382812500001, 53.3548828125])
array('d', [-79.635546875, -7.748828125, -13.4904296875, 52.234570312500004])
array('d', [-79.635546875, -9.055859375, -10.2228515625, 54.521875])
array('d', [-84.7236328125, -9.055859375, -10.2228515625, 54.521875])
array('d', [-84.7236328125, -9.055859375, -10.2228515625, 54.521875])
array('d', [-85.70390625, -14.5640625, -9.1958984375, 56.1556640625])
array('d', [-79.49550781250001, -18.671875, -7.3753906250000005, 55.502148437500004])
array('d', [-80.2890625, -19.1853515625, -3.5009765625, 59.0498046875])
array('d', [-80.2890625, -19.1853515625, -1.30703125, 63.110937500000006])
array('d', [-93.96621093750001, -23.0130859375, -1.30703125, 63.110937500000006])
array('d', [-91.11875, -25.673828125, -2.3806640625, 63.437695312500004])
array('d', [-96.440234375, -29.454882812500003, 5.554882812500001, 66.42519531250001])
array('d', [-96.440234375, -29.454882812500003, 5.554882812500001, 66.42519531250001])
array('d', [-96.440234375, -29.454882812500003, 5.554882812500001, 66.42519531250001])
array('d', [-96.440234375, -29.454882812500003, 5.554882812500001, 66.42519531250001])
array('d', [-96.440234375, -29.454882812500003, 5.554882812500001, 66.42519531250001])
array('d', [-96.440234375, -31.088671875000003, 7.9822265625, 70.39296875000001])
array('d', [-99.84785156250001, -31.088671875000003, 7.9822265625, 70.39296875000001])
array('d', [-105.44941406250001, -33.796093750000004, 10.6896484375, 72.353515625])
array('d', [-107.50332031250001, -39.8177734375, 17.7849609375, 77.3015625])
array('d', [-107.50332031250001, -39.8177734375, 17.8783203125, 82.71640625])
array('d', [-108.95039062500001, -41.7783203125, 17.8783203125, 82.71640625])
array('d', [-117.07265625000001, -42.2451171875, 24.833593750000002, 85.423828125])
array('d', [-117.07265625000001, -42.2451171875, 24.833593750000002, 85.423828125])
array('d', [-117.07265625000001, -42.2451171875, 24.833593750000002, 85.423828125])
array('d', [-117.07265625000001, -42.2451171875, 24.833593750000002, 85.423828125])
array('d', [-120.246875, -42.75859375, 26.000585937500002, 87.6177734375])
array('d', [-115.67226562500001, -45.139257812500006, 26.794140625, 90.838671875])
array('d', [-115.67226562500001, -45.139257812500006, 26.794140625, 98.68085937500001])
array('d', [-120.15351562500001, -49.2470703125, 28.94140625, 98.68085937500001])
array('d', [-123.0943359375, -50.040625000000006, 31.788867187500003, 103.4421875])
array('d', [-123.0943359375, -49.107031250000006, 33.8427734375, 103.62890625])
array('d', [-135.6044921875, -49.107031250000006, 33.8427734375, 103.62890625])
array('d', [-130.3296875, -48.546875, 32.30234375, 106.1962890625])
array('d', [-137.5650390625, -46.6796875, 29.6416015625, 107.9234375])
array('d', [-136.4447265625, -47.800000000000004, 29.968359375000002, 110.9576171875])
array('d', [-136.4447265625, -47.800000000000004, 29.968359375000002, 110.9576171875])
array('d', [-136.4447265625, -47.800000000000004, 29.968359375000002, 110.9576171875])
array('d', [-136.4447265625, -47.800000000000004, 29.968359375000002, 110.9576171875])
array('d', [-130.5630859375, -43.505468750000006, 28.988085937500003, 112.8248046875])
array('d', [-130.5630859375, -43.505468750000006, 28.988085937500003, 115.48554687500001])
array('d', [-138.45195312500002, -41.4515625, 26.980859375, 115.48554687500001])
array('d', [-131.8701171875, -39.677734375, 24.600195312500002, 115.3455078125])
array('d', [-131.8701171875, -39.677734375, 24.600195312500002, 115.3455078125])
array('d', [-131.8701171875, -39.677734375, 24.600195312500002, 115.3455078125])
array('d', [-139.2921875, -40.798046875000004, 21.47265625, 117.912890625])
array('d', [-139.2921875, -40.798046875000004, 21.47265625, 117.912890625])
array('d', [-128.3224609375, -42.898632812500004, 18.85859375, 120.15351562500001])
array('d', [-128.3224609375, -42.898632812500004, 18.85859375, 120.15351562500001])
array('d', [-128.3224609375, -42.898632812500004, 18.85859375, 120.15351562500001])
array('d', [-128.3224609375, -42.898632812500004, 18.85859375, 120.15351562500001])
array('d', [-129.02265625, -38.3240234375, 17.831640625000002, 125.75507812500001])
array('d', [-127.6689453125, -36.9703125, 17.73828125, 124.77480468750001])
array('d', [-132.196875, -41.825, 17.7849609375, 128.18242187500002])
array('d', [-132.196875, -41.825, 17.7849609375, 128.18242187500002])
array('d', [-128.369140625, -39.584375, 17.364843750000002, 128.929296875])
array('d', [-128.369140625, -36.41015625, 17.9716796875, 132.75703125])
array('d', [-131.543359375, -36.41015625, 17.9716796875, 132.75703125])
array('d', [-131.543359375, -36.41015625, 17.9716796875, 132.75703125])
array('d', [-131.543359375, -36.41015625, 17.9716796875, 132.75703125])
array('d', [-138.7787109375, -37.90390625, 16.524609375, 128.6958984375])
array('d', [-133.037109375, -37.763867187500004, 16.524609375, 128.6958984375])
array('d', [-138.8720703125, -35.429882812500004, 17.925, 133.223828125])
array('d', [-138.8720703125, -35.429882812500004, 17.925, 133.223828125])
array('d', [-138.8720703125, -35.429882812500004, 17.925, 133.223828125])
array('d', [-133.970703125, -35.009765625, 17.5048828125, 133.8306640625])
array('d', [-130.3763671875, -37.530468750000004, 16.2912109375, 133.410546875])
array('d', [-130.3763671875, -36.503515625, 14.844140625000001, 133.8306640625])
array('d', [-134.157421875, -36.503515625, 14.844140625000001, 133.8306640625])
array('d', [-136.678125, -35.383203125, 15.12421875, 133.9240234375])
array('d', [-131.91679687500002, -33.889453125, 18.7185546875, 132.5236328125])
array('d', [-131.91679687500002, -33.889453125, 18.7185546875, 128.64921875000002])
array('d', [-133.6439453125, -34.16953125, 15.450976562500001, 128.64921875000002])
array('d', [-131.21660156250002, -38.557421875, 15.591015625, 129.9095703125])
array('d', [-131.21660156250002, -39.4443359375, 15.49765625, 133.690625])
array('d', [-132.38359375000002, -39.4443359375, 15.49765625, 133.690625])
array('d', [-129.676171875, -37.4837890625, 14.283984375000001, 134.2041015625])
array('d', [-129.02265625, -34.2162109375, 16.0111328125, 133.50390625])
array('d', [-129.02265625, -34.2162109375, 16.2912109375, 133.50390625])
array('d', [-133.970703125, -30.9953125, 16.2912109375, 133.50390625])
array('d', [-134.344140625, -30.855273437500003, 17.271484375, 130.796484375])
array('d', [-132.94375, -33.8427734375, 14.8908203125, 129.76953125])
array('d', [-132.94375, -33.8427734375, 14.8908203125, 130.5630859375])
array('d', [-133.1771484375, -36.6435546875, 13.116992187500001, 130.5630859375])
array('d', [-132.9904296875, -35.756640625, 13.3970703125, 134.5775390625])
array('d', [-134.25078125000002, -33.7494140625, 13.583789062500001, 132.94375])
array('d', [-134.25078125000002, -33.7494140625, 13.583789062500001, 132.94375])
array('d', [-134.25078125000002, -33.7494140625, 13.583789062500001, 132.94375])
array('d', [-134.25078125000002, -33.7494140625, 13.583789062500001, 132.94375])
array('d', [-134.25078125000002, -33.7494140625, 13.583789062500001, 132.94375])
array('d', [-133.7373046875, -33.609375, 14.5640625, 133.4572265625])
array('d', [-133.7373046875, -33.1892578125, 16.5712890625, 131.91679687500002])
array('d', [-133.78398437500002, -33.1892578125, 16.5712890625, 131.91679687500002])
array('d', [-134.3908203125, -33.9828125, 16.524609375, 131.68339843750002])
array('d', [-134.530859375, -36.2701171875, 15.777734375000001, 131.543359375])
array('d', [-134.530859375, -36.2701171875, 13.9572265625, 133.2705078125])
array('d', [-133.6439453125, -35.756640625, 13.9572265625, 133.2705078125])
array('d', [-133.6439453125, -35.756640625, 13.9572265625, 133.2705078125])
array('d', [-134.344140625, -36.830273437500004, 14.3306640625, 133.2705078125])
array('d', [-134.157421875, -34.5896484375, 15.450976562500001, 133.08378906250002])
array('d', [-134.157421875, -34.5896484375, 14.844140625000001, 133.2705078125])
array('d', [-133.597265625, -34.7763671875, 14.844140625000001, 133.2705078125])
array('d', [-132.4302734375, -34.729687500000004, 14.7041015625, 35.28984375])
array('d', [-132.4302734375, -6.955273437500001, 14.517382812500001, 35.383203125])
array('d', [-132.0568359375, -6.955273437500001, 14.517382812500001, 35.383203125])
array('d', [-132.5236328125, -6.955273437500001, 14.517382812500001, 35.383203125])
array('d', [-132.5236328125, 0.37343750000000003, 25.113671875, 10.642968750000001])
array('d', [-125.1482421875, 2.9408203125, 24.320117187500003, 13.677148437500001])
array('d', [-117.6328125, 3.54765625, 28.8947265625, 8.9625])
array('d', [-117.6328125, 3.54765625, 29.875, 7.188671875000001])
array('d', [-108.0634765625, 4.6212890625, 29.875, 7.188671875000001])
array('d', [-105.21601562500001, 7.2353515625, 33.142578125, 7.655468750000001])
array('d', [-102.0884765625, 9.5693359375, 33.562695312500004, 9.52265625])
array('d', [-102.0884765625, 9.5693359375, 36.7369140625, 9.1958984375])
array('d', [-101.66835937500001, 14.00390625, 36.7369140625, 9.1958984375])
array('d', [-102.64863281250001, 18.4384765625, 40.051171875, 9.7560546875])
array('d', [-102.64863281250001, 11.4365234375, 44.9525390625, 12.0900390625])
array('d', [-102.64863281250001, 11.4365234375, 44.9525390625, 12.0900390625])
array('d', [-101.8083984375, 11.4365234375, 44.9525390625, 12.0900390625])
array('d', [-101.38828125, 9.9427734375, 43.785546875, 9.9427734375])
array('d', [-94.5263671875, 9.429296875, 48.7802734375, 9.3359375])
array('d', [-94.5263671875, 9.429296875, 48.7802734375, 9.3359375])
array('d', [-94.5263671875, 9.429296875, 48.7802734375, 9.3359375])
array('d', [-94.5263671875, 9.429296875, 48.7802734375, 9.3359375])
array('d', [-92.09902343750001, 9.149218750000001, 48.1267578125, 9.9427734375])
array('d', [-87.94453125000001, 8.5890625, 48.453515625, 6.4417968750000005])
array('d', [-87.94453125000001, 8.5890625, 48.453515625, 6.4417968750000005])
array('d', [-87.94453125000001, 8.5890625, 48.453515625, 6.4417968750000005])
array('d', [-87.94453125000001, 8.5890625, 48.453515625, 6.4417968750000005])
array('d', [-84.7236328125, 5.9750000000000005, 49.1537109375, 6.021679687500001])
array('d', [-84.7236328125, 5.9750000000000005, 52.187890625, 7.001953125])
array('d', [-84.44355468750001, 5.2748046875000005, 52.187890625, 5.41484375])
array('d', [-84.44355468750001, 5.2748046875000005, 52.187890625, 5.41484375])
array('d', [-84.44355468750001, 5.2748046875000005, 52.187890625, 5.41484375])
array('d', [-81.7828125, 4.9947265625, 53.168164062500004, 5.0880859375])
array('d', [-82.76308593750001, 5.1814453125, 53.9150390625, 5.0880859375])
array('d', [-80.2890625, 3.3142578125, 55.08203125, 4.761328125])
array('d', [-80.2890625, 3.3142578125, 55.08203125, 4.761328125])
array('d', [-80.2890625, 3.3142578125, 55.08203125, 4.761328125])
array('d', [-80.2890625, 3.3142578125, 55.08203125, 4.761328125])
array('d', [-80.2890625, 3.3142578125, 55.08203125, 4.761328125])
array('d', [-78.79531250000001, 3.4542968750000003, 55.3154296875, 2.1005859375])
array('d', [-80.19570312500001, 3.5943359375000004, 55.175390625000006, 3.17421875])
array('d', [-80.19570312500001, 3.5943359375000004, 55.5955078125, 2.80078125])
array('d', [-80.10234375, 4.1078125000000005, 55.5955078125, 2.80078125])
array('d', [-77.9083984375, 1.4470703125000002, 55.548828125, 2.1005859375])
array('d', [-78.701953125, 1.6804687500000002, 53.868359375000004, 2.5207031250000003])
array('d', [-78.701953125, 1.6804687500000002, 53.868359375000004, 1.587109375])
array('d', [-78.701953125, 1.30703125, 55.175390625000006, 1.587109375])
array('d', [-78.9353515625, 0.2333984375, 55.45546875, -0.280078125])
array('d', [-78.9353515625, 0.93359375, 55.408789062500006, -0.09335937500000001])
array('d', [-78.4685546875, 0.93359375, 55.408789062500006, -0.09335937500000001])
array('d', [-78.7486328125, 0.18671875000000002, 55.268750000000004, 0.1400390625])
array('d', [-78.7486328125, 0.653515625, 54.801953125000004, 1.30703125])
array('d', [-79.3087890625, 0.653515625, 54.801953125000004, 1.30703125])
array('d', [-79.02871093750001, -0.5134765625000001, 55.035351562500004, -1.0269531250000001])
array('d', [-79.16875, -0.09335937500000001, 55.268750000000004, 0.2333984375])
array('d', [-79.16875, -0.09335937500000001, 55.1287109375, -0.2333984375])
array('d', [-78.60859375, -0.37343750000000003, 55.1287109375, -0.2333984375])
array('d', [-78.4685546875, 0.653515625, 55.3154296875, -0.18671875000000002])
array('d', [-79.3087890625, 0.466796875, 54.8486328125, 0.56015625])
array('d', [-79.3087890625, 0.466796875, 54.8486328125, -0.1400390625])
array('d', [-78.60859375, 0.18671875000000002, 55.1287109375, -0.1400390625])
array('d', [-77.86171875000001, -1.6337890625, 55.45546875, 0.1400390625])
array('d', [-77.86171875000001, -1.6337890625, 55.642187500000006, -0.18671875000000002])
array('d', [-78.2818359375, -1.0736328125, 55.642187500000006, -0.18671875000000002])
array('d', [-78.4685546875, 0.653515625, 55.45546875, 0.1400390625])
array('d', [-79.02871093750001, 1.30703125, 54.8486328125, -0.5134765625000001])
array('d', [-79.02871093750001, 1.30703125, 56.015625, -0.18671875000000002])
array('d', [-79.35546875, 0.653515625, 56.015625, -0.18671875000000002])
array('d', [-79.35546875, 0.653515625, 56.015625, -0.18671875000000002])
array('d', [-79.35546875, 0.653515625, 56.015625, -0.18671875000000002])
array('d', [-79.35546875, 0.653515625, 56.015625, -0.18671875000000002])
array('d', [-79.35546875, 0.653515625, 56.015625, -0.18671875000000002])
array('d', [-79.16875, -1.0736328125, 55.408789062500006, -2.80078125])
array('d', [-78.8419921875, -0.5134765625000001, 51.907812500000006, -2.80078125])
array('d', [-78.8419921875, 0.3267578125, 50.040625000000006, -4.7146484375])
array('d', [-78.8419921875, 0.3267578125, 47.893359375, -7.188671875000001])
array('d', [-78.32851562500001, 0.3267578125, 47.893359375, -7.188671875000001])
array('d', [-77.208203125, 0.653515625, 45.652734375, -9.429296875])
array('d', [-77.4416015625, 2.240625, 41.965039062500004, -12.3701171875])
array('d', [-77.4416015625, 2.240625, 41.965039062500004, -15.7310546875])
array('d', [-76.22792968750001, 3.1275390625000004, 38.5107421875, -15.7310546875])
array('d', [-74.4541015625, 4.2478515625, 36.596875000000004, -16.711328125])
array('d', [-73.100390625, 6.068359375, 32.395703125000004, -21.099218750000002])
array('d', [-73.100390625, 6.068359375, 32.395703125000004, -21.099218750000002])
array('d', [-73.100390625, 6.068359375, 32.395703125000004, -26.980859375])
array('d', [-70.3462890625, 8.6357421875, 28.6146484375, -26.980859375])
array('d', [-68.432421875, 10.6896484375, 24.2734375, -28.19453125])
array('d', [-68.432421875, 10.6896484375, 24.2734375, -28.19453125])
array('d', [-68.432421875, 10.6896484375, 24.2734375, -28.19453125])
array('d', [-68.432421875, 10.6896484375, 24.2734375, -28.19453125])
array('d', [-68.432421875, 10.6896484375, 24.2734375, -28.19453125])
array('d', [-65.071484375, 13.0703125, 19.698828125000002, -30.7619140625])
array('d', [-60.870312500000004, 15.87109375, 16.524609375, -36.596875000000004])
array('d', [-60.870312500000004, 15.87109375, 16.524609375, -36.596875000000004])
array('d', [-59.143164062500006, 19.0453125, 13.0703125, -36.596875000000004])
array('d', [-55.502148437500004, 23.993359375, 7.8421875000000005, -44.765820312500004])
array('d', [-55.502148437500004, 23.993359375, 2.1939453125, -49.200390625000004])
array('d', [-50.040625000000006, 27.4943359375, 2.1939453125, -49.200390625000004])
array('d', [-50.040625000000006, 32.0689453125, -0.93359375, -51.72109375])
array('d', [-46.9130859375, 36.130078125000004, -3.8744140625, -54.941992187500006])
array('d', [-42.1517578125, 36.130078125000004, -3.8744140625, -54.941992187500006])
array('d', [-36.5501953125, 39.9578125, -8.0755859375, -60.403515625000004])
array('d', [-36.5501953125, 39.9578125, -13.9572265625, -62.92421875])
array('d', [-31.602148437500002, 45.092578125, -13.9572265625, -62.92421875])
array('d', [-25.58046875, 49.29375, -19.0919921875, -67.312109375])
array('d', [-18.065039062500002, 54.521875, -24.786914062500003, -69.552734375])
array('d', [-18.065039062500002, 54.521875, -24.786914062500003, -69.552734375])
array('d', [-14.610742187500001, 59.143164062500006, -29.221484375000003, -70.7197265625])
array('d', [-9.709375, 64.8380859375, -33.889453125, -72.8669921875])
array('d', [-9.709375, 64.8380859375, -39.2576171875, -73.3337890625])
array('d', [-9.709375, 64.8380859375, -39.2576171875, -73.3337890625])
array('d', [-9.709375, 64.8380859375, -39.2576171875, -73.3337890625])
array('d', [-9.709375, 64.8380859375, -39.2576171875, -73.3337890625])
array('d', [-2.8474609375, 70.15957031250001, -39.2576171875, -73.75390625])
array('d', [0.09335937500000001, 75.5744140625, -48.7802734375, -73.75390625])
array('d', [4.8080078125000005, 78.9353515625, -51.72109375, -77.581640625])
array('d', [4.8080078125000005, 78.9353515625, -51.72109375, -77.581640625])
array('d', [4.8080078125000005, 78.9353515625, -51.72109375, -77.581640625])
array('d', [4.8080078125000005, 78.9353515625, -51.72109375, -77.581640625])
array('d', [4.8080078125000005, 78.9353515625, -51.72109375, -77.581640625])
array('d', [9.52265625, 83.65, -57.369335937500004, -80.008984375])
array('d', [9.52265625, 83.65, -64.09121093750001, -71.79335937500001])
array('d', [16.337890625, 89.34492187500001, -64.09121093750001, -71.79335937500001])
array('d', [19.232031250000002, 89.34492187500001, -64.09121093750001, -71.79335937500001])
array('d', [19.232031250000002, 89.34492187500001, -64.09121093750001, -71.79335937500001])
array('d', [22.126171875, 95.2732421875, -70.62636718750001, -63.204296875000004])
array('d', [22.126171875, 95.2732421875, -70.62636718750001, -62.410742187500006])
array('d', [24.366796875000002, 98.86757812500001, -75.99453125000001, -62.410742187500006])
array('d', [27.400976562500002, 102.9287109375, -79.3087890625, -62.55078125])
array('d', [30.4818359375, 103.62890625, -83.08984375, -60.9169921875])
array('d', [30.4818359375, 105.63613281250001, -86.07734375000001, -61.8505859375])
array('d', [31.6955078125, 105.63613281250001, -86.07734375000001, -61.8505859375])
array('d', [31.6955078125, 105.63613281250001, -86.07734375000001, -61.8505859375])
array('d', [31.0419921875, 109.37050781250001, -90.651953125, -63.204296875000004])
array('d', [32.208984375, 111.7978515625, -89.76503906250001, -61.103710937500004])
array('d', [32.208984375, 113.1982421875, -92.892578125, -54.1484375])
array('d', [32.208984375, 113.1982421875, -92.892578125, -54.1484375])
array('d', [33.6560546875, 113.10488281250001, -96.253515625, -52.608007812500006])
array('d', [33.6560546875, 113.10488281250001, -97.3271484375, -49.107031250000006])
array('d', [33.562695312500004, 112.87148437500001, -97.3271484375, -49.107031250000006])
array('d', [35.943359375, 114.27187500000001, -101.5283203125, -50.6474609375])
array('d', [34.6830078125, 116.232421875, -101.9951171875, -52.4212890625])
array('d', [34.6830078125, 116.232421875, -102.50859375, -50.974218750000006])
array('d', [35.85, 116.4658203125, -102.50859375, -50.974218750000006])
array('d', [35.85, 116.4658203125, -102.50859375, -50.974218750000006])
array('d', [35.103125, 118.23964843750001, -105.21601562500001, -45.652734375])
array('d', [32.955859375, 117.6328125, -107.08320312500001, -42.1517578125])
array('d', [32.955859375, 117.6328125, -107.08320312500001, -43.87890625])
array('d', [31.8822265625, 118.70644531250001, -109.323828125, -43.87890625])
array('d', [31.8822265625, 118.70644531250001, -109.323828125, -43.87890625])
array('d', [31.8822265625, 118.70644531250001, -109.323828125, -43.87890625])
array('d', [32.162304687500004, 118.98652343750001, -109.37050781250001, -44.299023437500004])
array('d', [32.162304687500004, 121.1337890625, -110.2107421875, -45.9794921875])
array('d', [33.9361328125, 121.1337890625, -110.2107421875, -45.9794921875])
array('d', [33.9361328125, 121.1337890625, -110.2107421875, -45.9794921875])
array('d', [33.9361328125, 121.1337890625, -110.2107421875, -45.9794921875])
array('d', [33.9361328125, 121.1337890625, -110.2107421875, -45.9794921875])
array('d', [33.42265625, 121.4138671875, -108.90371093750001, -49.0603515625])
array('d', [34.91640625, 120.43359375, -110.35078125000001, -49.0603515625])
array('d', [36.316796875, 121.4138671875, -110.72421875, -45.3259765625])
array('d', [36.316796875, 121.4138671875, -110.72421875, -45.3259765625])
array('d', [36.316796875, 121.4138671875, -110.72421875, -45.3259765625])
array('d', [36.503515625, 120.85371093750001, -110.2107421875, -43.31875])
array('d', [36.2234375, 121.833984375, -112.124609375, -45.1859375])
array('d', [36.2234375, 121.833984375, -110.35078125000001, -44.8591796875])
array('d', [36.2234375, 121.833984375, -110.35078125000001, -44.8591796875])
array('d', [36.2234375, 121.833984375, -110.35078125000001, -44.8591796875])
array('d', [35.4765625, 121.1337890625, -109.510546875, -44.065625000000004])
array('d', [35.4765625, 121.1337890625, -109.510546875, -43.505468750000006])
array('d', [35.8033203125, 120.6669921875, -109.510546875, -43.505468750000006])
array('d', [35.196484375000004, -39.0708984375, -106.7564453125, -10.176171875])
array('d', [31.92890625, 32.3490234375, -108.48359375000001, -4.3412109375000005])
array('d', [38.370703125, 7.188671875000001, -107.6900390625, -3.9210937500000003])
array('d', [38.370703125, 7.188671875000001, -107.6900390625, -3.9210937500000003])
array('d', [38.370703125, 7.188671875000001, -107.6900390625, -3.9210937500000003])
array('d', [38.370703125, 7.6087890625000005, -107.78339843750001, 0.8402343750000001])
array('d', [42.431835937500004, 7.6087890625000005, -107.78339843750001, 0.8402343750000001])
array('d', [39.397656250000004, 7.0486328125, -103.6755859375, 0.2333984375])
array('d', [39.4443359375, 4.9013671875, -99.38105468750001, 1.1203125])
array('d', [39.4443359375, 1.8205078125, -95.693359375, 3.9677734375])
array('d', [39.584375, 1.8205078125, -95.693359375, 3.8744140625])
array('d', [36.596875000000004, 2.5207031250000003, -95.506640625, 3.8744140625])
array('d', [36.596875000000004, 2.5207031250000003, -95.506640625, 3.8744140625])
array('d', [36.596875000000004, 2.5207031250000003, -95.506640625, 3.8744140625])
array('d', [35.85, 2.6140625, -92.9392578125, 10.1294921875])
array('d', [35.383203125, 2.707421875, -92.79921875000001, 12.3701171875])
array('d', [35.383203125, 2.707421875, -90.69863281250001, 13.723828125])
array('d', [36.9703125, 4.014453125, -90.69863281250001, 13.723828125])
array('d', [36.9703125, 4.014453125, -90.69863281250001, 13.723828125])
array('d', [31.555468750000003, 1.9138671875000002, -90.651953125, 16.4779296875])
array('d', [30.0150390625, 1.0269531250000001, -85.9373046875, 20.35234375])
array('d', [30.0150390625, 1.0269531250000001, -85.9373046875, 20.4923828125])
array('d', [29.688281250000003, -1.213671875, -81.9228515625, 20.4923828125])
array('d', [25.300390625000002, -3.734375, -76.6013671875, 22.59296875])
array('d', [21.47265625, -7.3287109375, -73.0537109375, 29.221484375000003])
array('d', [21.47265625, -7.3287109375, -73.0537109375, 29.221484375000003])
array('d', [21.47265625, -7.3287109375, -73.0537109375, 29.221484375000003])
array('d', [19.2787109375, -11.76328125, -69.69277343750001, 18.1583984375])
array('d', [14.143945312500001, -14.470703125, -66.65859375000001, 18.48515625])
array('d', [10.923046875, -17.831640625000002, -59.5166015625, 24.8802734375])
array('d', [10.923046875, -17.831640625000002, -59.5166015625, 24.8802734375])
array('d', [5.694921875, -22.126171875, -56.6224609375, 28.6146484375])
array('d', [2.1005859375, -24.4134765625, -52.0478515625, 32.022265625])
array('d', [0.466796875, -28.101171875000002, -47.146484375, 35.663281250000004])
array('d', [0.466796875, -28.101171875000002, -47.146484375, 35.663281250000004])
array('d', [0.466796875, -28.101171875000002, -40.4712890625, 39.631054687500004])
array('d', [-1.1669921875, -31.2287109375, -40.4712890625, 39.631054687500004])
array('d', [-5.1814453125, -32.862500000000004, -37.7171875, 45.559375])
array('d', [-8.122265625, -33.42265625, -33.095898437500004, 49.48046875])
array('d', [-11.109765625000001, -36.830273437500004, -28.287890625000003, 51.814453125])
array('d', [-11.109765625000001, -36.830273437500004, -28.287890625000003, 58.069531250000004])
array('d', [-12.230078125, -38.4173828125, -23.2931640625, 58.069531250000004])
array('d', [-12.230078125, -38.4173828125, -23.2931640625, 58.069531250000004])
array('d', [-12.230078125, -38.4173828125, -23.2931640625, 58.069531250000004])
array('d', [-13.4904296875, -39.164257812500004, -18.6251953125, 62.083984375])
array('d', [-13.4904296875, -40.051171875, -13.25703125, 64.2779296875])
array('d', [-14.470703125, -40.051171875, -13.25703125, 67.685546875])
array('d', [-14.470703125, -40.051171875, -13.25703125, 67.685546875])
array('d', [-14.470703125, -40.051171875, -13.25703125, 67.685546875])
array('d', [-13.537109375, -40.984765625, -10.8296875, 71.980078125])
array('d', [-14.7041015625, -41.358203125, -8.215625000000001, 71.980078125])
array('d', [-15.030859375, -40.611328125, -4.9013671875, 71.88671875])
array('d', [-15.030859375, -40.611328125, -4.9013671875, 71.88671875])
array('d', [-15.030859375, -40.611328125, -4.9013671875, 71.88671875])
array('d', [-15.030859375, -40.611328125, -4.9013671875, 71.88671875])
array('d', [-15.030859375, -40.611328125, -4.9013671875, 71.88671875])
array('d', [-15.030859375, -40.611328125, -4.9013671875, 71.88671875])
array('d', [-14.7041015625, -39.7244140625, -4.48125, 76.7880859375])
array('d', [-16.197851562500002, -41.7783203125, -3.734375, 75.1076171875])
array('d', [-17.7849609375, -42.571875000000006, -1.6804687500000002, 77.021484375])
array('d', [-17.7849609375, -42.571875000000006, -1.6804687500000002, 77.021484375])
array('d', [-17.7849609375, -42.571875000000006, -1.6804687500000002, 77.021484375])
array('d', [-17.7849609375, -42.571875000000006, -1.6804687500000002, 77.021484375])
array('d', [-16.5712890625, -42.665234375000004, -1.30703125, 75.8078125])
array('d', [-16.5712890625, -42.665234375000004, -1.30703125, 76.8814453125])
array('d', [-21.659375, -46.3529296875, -0.7468750000000001, 76.8814453125])
array('d', [-21.659375, -46.3529296875, -0.7468750000000001, 76.8814453125])
array('d', [-23.993359375, -48.826953125, -1.773828125, 25.113671875])
array('d', [-28.848046875, -49.900585937500004, -2.333984375, 14.5640625])
array('d', [-29.454882812500003, -53.3548828125, 2.1939453125, 16.197851562500002])
array('d', [-29.454882812500003, -53.3548828125, 2.9408203125, 18.065039062500002])
array('d', [-33.04921875, -57.976171875000006, 2.9408203125, 18.065039062500002])
array('d', [-32.769140625, -55.7822265625, 3.8744140625, 16.2912109375])
array('d', [-33.1892578125, -54.521875, 4.48125, 18.205078125])
array('d', [-33.1892578125, -54.521875, 4.48125, 18.205078125])
array('d', [-33.1892578125, -54.521875, 4.48125, 18.205078125])
array('d', [-33.1892578125, -54.521875, 4.48125, 18.205078125])
array('d', [-35.009765625, -56.108984375000006, 9.242578125, 18.998632812500002])
array('d', [-38.0439453125, -57.135937500000004, 10.549609375000001, 22.0794921875])
array('d', [-39.304296875, -57.69609375, 12.976953125000001, 22.0794921875])
array('d', [-39.304296875, -57.69609375, 12.976953125000001, 28.0078125])
array('d', [-40.89140625, -60.8236328125, 18.065039062500002, 31.92890625])
array('d', [-45.652734375, -62.5974609375, 20.6791015625, 35.663281250000004])
array('d', [-45.652734375, -62.5974609375, 25.253710937500003, 39.2576171875])
array('d', [-48.640234375000006, -61.150390625, 25.253710937500003, 39.2576171875])
array('d', [-52.0478515625, -62.644140625000006, 28.101171875000002, 41.078125])
array('d', [-55.362109375, -65.53828125, 30.06171875, 47.940039062500006])
array('d', [-55.362109375, -65.53828125, 30.06171875, 48.640234375000006])
array('d', [-59.143164062500006, -68.1990234375, 31.555468750000003, 48.640234375000006])
array('d', [-63.204296875000004, -66.751953125, 34.823046875, 52.8880859375])
array('d', [-63.204296875000004, -66.751953125, 36.830273437500004, 56.575781250000006])
array('d', [-66.28515625, -70.39296875000001, 36.830273437500004, 56.575781250000006])
array('d', [-66.1451171875, -70.112890625, 40.8447265625, 60.590234375])
array('d', [-69.5060546875, -64.6046875, 43.5521484375, 65.16484375])
array('d', [-69.5060546875, -64.6046875, 43.225390625, 64.79140625000001])
array('d', [-75.4810546875, -62.504101562500004, 43.225390625, 64.79140625000001])
array('d', [-76.46132812500001, -63.29765625, 42.9453125, 67.03203125])
array('d', [-76.46132812500001, -63.29765625, 42.9453125, 67.03203125])
array('d', [-73.940625, -66.6119140625, 42.9453125, 75.3876953125])
array('d', [-74.12734375000001, -66.938671875, 43.738867187500006, 75.3876953125])
array('d', [-77.86171875000001, -64.04453125, 45.7927734375, 76.22792968750001])
array('d', [-76.5080078125, -62.6908203125, 45.139257812500006, 78.98203125])
array('d', [-76.5080078125, -62.6908203125, 45.139257812500006, 78.98203125])
array('d', [-78.888671875, -62.504101562500004, 45.092578125, 83.27656250000001])
array('d', [-79.2154296875, -62.083984375, 43.412109375, 83.556640625])
array('d', [-78.7486328125, -65.818359375, 43.038671875000006, 88.2712890625])
array('d', [-78.7486328125, -65.818359375, 43.038671875000006, 89.625])
array('d', [-76.74140625, -65.91171875, 45.092578125, 89.625])
array('d', [-79.8689453125, -62.504101562500004, 45.092578125, 92.42578125])
array('d', [-79.8689453125, -62.504101562500004, 44.158984375, 91.8189453125])
array('d', [-78.9353515625, -61.3837890625, 43.87890625, 91.8189453125])
array('d', [-81.0826171875, -61.990625, 44.672460937500006, 93.452734375])
array('d', [-81.0826171875, -61.990625, 44.672460937500006, 93.452734375])
array('d', [-81.0826171875, -61.990625, 44.672460937500006, 93.452734375])
array('d', [-81.0826171875, -61.990625, 44.672460937500006, 93.452734375])
array('d', [-81.0826171875, -61.990625, 44.672460937500006, 93.452734375])
array('d', [-81.0826171875, -61.990625, 44.672460937500006, 93.452734375])
array('d', [-81.9228515625, -63.811132812500006, 41.638281250000006, 26.654101562500003])
array('d', [-84.2568359375, -63.8578125, 50.367382812500004, 14.8908203125])
array('d', [-84.2568359375, -63.8578125, 56.7158203125, 22.1728515625])
array('d', [-86.6841796875, -63.8578125, 56.7158203125, 22.1728515625])
array('d', [-86.6841796875, -63.8578125, 56.7158203125, 22.1728515625])
array('d', [-90.7919921875, -61.710546875000006, 52.0478515625, 20.72578125])
array('d', [-90.7919921875, -61.710546875000006, 49.7138671875, 20.258984375])
array('d', [-87.66445312500001, -62.92421875, 49.7138671875, 24.646875])
array('d', [-87.66445312500001, -58.162890625, 51.72109375, 24.646875])
array('d', [-84.8169921875, -54.988671875, 55.175390625000006, 24.553515625000003])
array('d', [-80.10234375, -54.988671875, 55.175390625000006, 24.553515625000003])
array('d', [-80.5224609375, -51.441015625000006, 56.855859375, 28.287890625000003])
array('d', [-80.5224609375, -51.441015625000006, 56.855859375, 28.287890625000003])
array('d', [-76.3212890625, -50.1806640625, 55.548828125, 32.4890625])
array('d', [-72.166796875, -49.760546875, 55.3154296875, 36.9703125])
array('d', [-68.619140625, -45.092578125, 55.3154296875, 36.9703125])
array('d', [-66.42519531250001, -39.7244140625, 54.521875, 42.01171875])
array('d', [-66.42519531250001, -39.7244140625, 54.521875, 44.25234375])
array('d', [-63.811132812500006, -37.9505859375, 52.467968750000004, 44.25234375])
array('d', [-61.337109375000004, -33.7494140625, 52.467968750000004, 44.25234375])
array('d', [-61.337109375000004, -33.7494140625, 52.467968750000004, 44.25234375])
array('d', [-61.337109375000004, -33.7494140625, 52.467968750000004, 44.25234375])
array('d', [-61.337109375000004, -33.7494140625, 53.494921875, 45.139257812500006])
array('d', [-57.229296875, -31.2287109375, 54.055078125, 50.320703125])
array('d', [-56.575781250000006, -31.648828125, 51.674414062500006, 48.546875])
array('d', [-58.349609375, -31.5087890625, 47.2865234375, 46.866406250000004])
array('d', [-58.349609375, -31.5087890625, 47.519921875, 48.266796875000004])
array('d', [-58.442968750000006, -31.8822265625, 47.519921875, 48.266796875000004])
array('d', [-63.2509765625, -33.9828125, 48.5935546875, 45.559375])
array('d', [-63.2509765625, -33.9828125, 48.5935546875, 45.559375])
array('d', [-63.2509765625, -33.9828125, 48.5935546875, 45.559375])
array('d', [-66.5185546875, -37.9505859375, 47.3798828125, 43.4587890625])
array('d', [-66.5185546875, -37.9505859375, 47.3798828125, 41.171484375000006])
array('d', [-68.75917968750001, -41.825, 45.139257812500006, 41.171484375000006])
array('d', [-72.5869140625, -44.8125, 47.333203125000004, 42.105078125000006])
array('d', [-75.9478515625, -47.3798828125, 45.559375, 43.225390625])
array('d', [-75.9478515625, -47.3798828125, 45.559375, 43.225390625])
array('d', [-80.0556640625, -49.433789062500004, 44.719140625, 41.965039062500004])
array('d', [-84.490234375, -52.141210937500006, 45.279296875, 41.171484375000006])
array('d', [-89.53164062500001, -54.6619140625, 45.5126953125, 42.0583984375])
array('d', [-89.53164062500001, -54.6619140625, 45.5126953125, 42.38515625])
array('d', [-94.1529296875, -56.6224609375, 44.345703125, 42.38515625])
array('d', [-96.76699218750001, -58.81640625, 44.3923828125, 41.825])
array('d', [-96.76699218750001, -58.81640625, 44.3923828125, 44.999218750000004])
array('d', [-102.13515625000001, -57.976171875000006, 44.8125, 44.999218750000004])
array('d', [-102.13515625000001, -57.976171875000006, 44.8125, 44.999218750000004])
array('d', [-102.13515625000001, -57.976171875000006, 44.8125, 44.999218750000004])
array('d', [-107.2232421875, -56.855859375, 45.839453125000006, 46.586328125])
array('d', [-112.91816406250001, -57.742773437500006, 45.7927734375, 48.2201171875])
array('d', [-118.099609375, -55.5955078125, 47.98671875, 51.674414062500006])
array('d', [-118.099609375, -55.5955078125, 47.98671875, 51.674414062500006])
array('d', [-120.9470703125, -56.342382812500006, 47.61328125, 53.401562500000004])
array('d', [-125.66171875, -56.809179687500006, 48.173437500000006, 56.809179687500006])
array('d', [-131.4966796875, -60.636914062500004, 47.519921875, 60.403515625000004])
array('d', [-131.4966796875, -60.636914062500004, 47.519921875, 60.403515625000004])
array('d', [-133.31718750000002, -58.6296875, 49.0603515625, 22.686328125000003])
array('d', [-133.31718750000002, -58.6296875, 56.669140625000004, 21.192578125])
array('d', [-134.95097656250002, -50.880859375, 56.669140625000004, 21.192578125])
array('d', [-132.4302734375, -46.959765625, 60.9169921875, 28.474609375])
array('d', [-135.277734375, -47.146484375, 62.037304687500004, 34.6830078125])
array('d', [-135.277734375, -47.146484375, 57.135937500000004, 34.2162109375])
array('d', [-129.676171875, -50.9275390625, 57.135937500000004, 34.2162109375])
array('d', [-122.72089843750001, -50.880859375, 55.7822265625, 44.532421875000004])
array('d', [-126.5953125, -43.225390625, 56.202343750000004, 47.61328125])
array('d', [-125.70839843750001, -37.530468750000004, 56.015625, 52.934765625000004])
array('d', [-125.70839843750001, -37.530468750000004, 56.015625, 52.934765625000004])
array('d', [-123.60781250000001, -37.15703125, 53.9150390625, 59.096484375])
array('d', [-123.60781250000001, -37.15703125, 53.9150390625, 59.096484375])
array('d', [-118.56640625, -36.9703125, 50.0873046875, 65.16484375])
array('d', [-118.56640625, -36.9703125, 50.0873046875, 65.16484375])
array('d', [-118.56640625, -36.9703125, 50.0873046875, 65.16484375])
array('d', [-118.56640625, -36.9703125, 50.0873046875, 65.16484375])
array('d', [-105.962890625, -32.9091796875, 50.600781250000004, 70.5796875])
array('d', [-107.2232421875, -32.629101562500004, 48.7802734375, 73.847265625])
array('d', [-104.6091796875, -30.201757812500002, 44.719140625, 76.46132812500001])
array('d', [-104.6091796875, -30.201757812500002, 42.338476562500006, 80.755859375])
array('d', [-106.10292968750001, -27.587695312500003, 42.338476562500006, 80.755859375])
array('d', [-102.788671875, -29.221484375000003, 41.918359375, 81.876171875])
array('d', [-104.98261718750001, -29.221484375000003, 41.825, 84.0234375])
array('d', [-104.98261718750001, -29.221484375000003, 41.825, 84.0234375])
array('d', [-104.98261718750001, -29.221484375000003, 41.825, 84.0234375])
array('d', [-104.98261718750001, -29.221484375000003, 41.825, 84.0234375])
array('d', [-108.25019531250001, -30.155078125000003, 40.424609375, 83.08984375])
array('d', [-108.763671875, -33.04921875, 38.9775390625, 86.07734375000001])
array('d', [-113.431640625, -34.7763671875, 37.763867187500004, 87.8044921875])
array('d', [-115.25214843750001, -38.4173828125, 37.90390625, 88.64472656250001])
array('d', [-115.25214843750001, -39.9578125, 35.28984375, 92.4724609375])
array('d', [-117.81953125000001, -39.9578125, 35.28984375, 92.05234375])
array('d', [-124.2146484375, -44.065625000000004, 36.4568359375, 92.05234375])
array('d', [-128.88261718750002, -46.8197265625, 37.250390625, 95.9734375])
array('d', [-132.2435546875, -46.959765625, 37.997265625000004, 32.8158203125])
array('d', [-132.2435546875, -46.959765625, 37.997265625000004, 32.8158203125])
array('d', [-134.530859375, -48.546875, 46.306250000000006, 24.2734375])
array('d', [-131.9634765625, -45.3259765625, 55.5955078125, 34.262890625000004])
array('d', [-133.597265625, -46.7263671875, 58.162890625, 41.544921875])
array('d', [-133.597265625, -46.7263671875, 58.162890625, 49.7138671875])
array('d', [-131.3099609375, -52.0478515625, 56.108984375000006, 49.7138671875])
array('d', [-135.9779296875, -51.34765625, 55.45546875, 56.5291015625])
array('d', [-135.9779296875, -46.3529296875, 60.8236328125, 66.42519531250001])
array('d', [-130.88984375, -46.3529296875, 60.8236328125, 66.42519531250001])
array('d', [-136.3046875, -42.805273437500006, 60.68359375, 70.20625])
array('d', [-130.3763671875, -45.8861328125, 60.68359375, 70.20625])
array('d', [-130.3763671875, -45.8861328125, 60.68359375, 70.20625])
array('d', [-130.3763671875, -45.8861328125, 55.408789062500006, 78.1884765625])
array('d', [-137.98515625000002, -47.566601562500004, 50.974218750000006, 88.36464843750001])
array('d', [-139.2455078125, -48.033398437500004, 49.900585937500004, 97.187109375])
array('d', [-139.2455078125, -48.033398437500004, 49.900585937500004, 97.187109375])
array('d', [-139.2455078125, -48.033398437500004, 49.900585937500004, 97.187109375])
array('d', [-134.530859375, -47.940039062500006, 48.406835937500006, 108.576953125])
array('d', [-136.81816406250002, -45.0458984375, 44.672460937500006, 112.498046875])
array('d', [-128.27578125, -43.038671875000006, 41.3115234375, 117.35273437500001])
array('d', [-128.27578125, -43.038671875000006, 41.3115234375, 120.99375])
array('d', [-129.4427734375, -44.439062500000006, 34.729687500000004, 120.99375])
array('d', [-128.9759765625, -42.9919921875, 27.541015625, 129.02265625])
array('d', [-139.2921875, -38.0439453125, 26.047265625, 129.02265625])
array('d', [-139.2921875, -38.0439453125, 26.047265625, 129.02265625])
array('d', [-139.2921875, -38.0439453125, 26.047265625, 131.8701171875])
array('d', [-130.609765625, -37.0169921875, 24.8802734375, 131.7767578125])
array('d', [-139.198828125, -35.429882812500004, 23.806640625, 132.38359375000002])
array('d', [-139.198828125, -41.825, 20.165625000000002, 134.0640625])
array('d', [-138.35859375, -41.825, 20.165625000000002, 134.0640625])
array('d', [-135.88457031250002, -40.89140625, 22.8263671875, 134.01738281250002])
array('d', [-126.68867187500001, -40.1912109375, 22.219531250000003, 133.970703125])
array('d', [-126.68867187500001, -40.1912109375, 24.46015625, 132.5703125])
array('d', [-132.663671875, -36.596875000000004, 24.46015625, 132.5703125])
array('d', [-132.75703125, -29.921679687500003, 29.501562500000002, 133.2705078125])
array('d', [-134.2974609375, -27.7744140625, 29.501562500000002, 133.2705078125])
array('d', [-134.2974609375, -27.7744140625, 30.341796875, 133.3638671875])
array('d', [-134.48417968750002, -33.6560546875, 26.654101562500003, 134.0640625])
array('d', [-132.5236328125, -39.5376953125, 23.386523437500003, 133.3638671875])
array('d', [-128.0890625, -39.4443359375, 26.187304687500003, 134.48417968750002])
array('d', [-128.0890625, -39.4443359375, 26.467382812500002, 133.223828125])
array('d', [-130.88984375, -37.297070312500004, 26.467382812500002, 133.223828125])
array('d', [-133.3638671875, -37.297070312500004, 28.4279296875, 134.1107421875])
array('d', [-133.55058593750002, -31.648828125, 31.5087890625, 133.50390625])
array('d', [-133.55058593750002, -32.5357421875, 28.334570312500002, 133.410546875])
array('d', [-133.9240234375, -32.5357421875, 28.334570312500002, 133.410546875])
array('d', [-133.9240234375, -32.5357421875, 28.334570312500002, 133.410546875])
array('d', [-133.31718750000002, -36.1767578125, 27.867773437500002, 134.344140625])
array('d', [-133.223828125, -36.876953125, 27.3076171875, 133.13046875])
array('d', [-133.50390625, -36.9703125, 29.31484375, 134.48417968750002])
array('d', [-133.50390625, -36.9703125, 29.31484375, 134.48417968750002])
array('d', [-132.85039062500002, -34.963085937500004, 30.06171875, 133.08378906250002])
array('d', [-133.4572265625, -32.629101562500004, 30.715234375, 133.6439453125])
array('d', [-134.01738281250002, -32.629101562500004, 28.521289062500003, 132.61699218750002])
array('d', [-133.223828125, -34.3095703125, 27.9611328125, 133.597265625])
array('d', [-133.223828125, -34.3095703125, 27.9611328125, 132.5236328125])
array('d', [-133.2705078125, -33.6560546875, 26.5140625, 132.5236328125])
array('d', [-133.2705078125, -33.6560546875, 26.5140625, 132.5236328125])
array('d', [-133.2705078125, -33.6560546875, 26.5140625, 132.5236328125])
array('d', [-133.223828125, -8.1689453125, 26.047265625, 34.262890625000004])
array('d', [-133.970703125, -4.3412109375000005, 22.8263671875, 34.262890625000004])
array('d', [-133.2705078125, -4.7146484375, 25.39375, 24.4134765625])
array('d', [-133.2705078125, -4.7146484375, 25.39375, 24.4134765625])
array('d', [-133.2705078125, -4.7146484375, 25.39375, 24.4134765625])
array('d', [-133.2705078125, -4.7146484375, 25.39375, 24.4134765625])
array('d', [-133.2705078125, -4.7146484375, 25.39375, 24.4134765625])
array('d', [-133.2705078125, -4.7146484375, 25.39375, 24.4134765625])
array('d', [-134.4375, -1.9138671875000002, 33.329296875000004, 2.1005859375])
array('d', [-129.11601562500002, 2.147265625, 33.2359375, 9.055859375])
array('d', [-120.80703125000001, 2.7541015625000003, 34.823046875, 6.53515625])
array('d', [-120.80703125000001, 2.7541015625000003, 34.823046875, 6.53515625])
array('d', [-120.80703125000001, 2.7541015625000003, 34.823046875, 6.53515625])
array('d', [-120.80703125000001, 2.7541015625000003, 34.823046875, 6.53515625])
array('d', [-113.61835937500001, 6.6751953125000005, 36.316796875, 3.8744140625])
array('d', [-113.61835937500001, 6.6751953125000005, 36.316796875, 6.6751953125000005])
array('d', [-112.03125, 6.7685546875, 38.930859375000004, 6.6751953125000005])
array('d', [-112.03125, 6.7685546875, 38.930859375000004, 6.6751953125000005])
array('d', [-112.03125, 6.7685546875, 38.930859375000004, 6.6751953125000005])
array('d', [-112.03125, 6.7685546875, 38.930859375000004, 6.6751953125000005])
array('d', [-112.7314453125, 8.449023437500001, 37.763867187500004, 7.748828125])
array('d', [-113.2916015625, 11.4365234375, 40.6580078125, 8.3556640625])
array('d', [-111.564453125, 12.8369140625, 44.0189453125, 10.362890625])
array('d', [-111.564453125, 12.8369140625, 48.080078125, 9.802734375])
array('d', [-111.191015625, 8.5890625, 48.080078125, 9.802734375])
array('d', [-107.97011718750001, 8.40234375, 49.807226562500006, 8.7291015625])
array('d', [-102.228515625, 8.7291015625, 50.274023437500006, 8.3556640625])
array('d', [-102.228515625, 8.7291015625, 51.534375000000004, 6.255078125000001])
array('d', [-97.373828125, 8.7291015625, 49.433789062500004, 7.5154296875])
array('d', [-93.96621093750001, 7.28203125, 49.433789062500004, 7.5154296875])
array('d', [-93.96621093750001, 7.28203125, 49.433789062500004, 7.5154296875])
array('d', [-93.96621093750001, 7.28203125, 49.433789062500004, 7.5154296875])
array('d', [-93.96621093750001, 7.28203125, 49.433789062500004, 7.5154296875])
array('d', [-93.359375, 10.783007812500001, 52.6546875, 8.77578125])
array('d', [-89.76503906250001, 14.657421875, 55.408789062500006, 13.350390625000001])
array('d', [-87.6177734375, 16.431250000000002, 59.18984375, 15.591015625])
array('d', [-87.6177734375, 16.431250000000002, 59.18984375, 15.591015625])
array('d', [-83.93007812500001, 20.072265625, 62.177343750000006, 18.9052734375])
array('d', [-81.22265625, 20.9125, 64.09121093750001, 20.2123046875])
array('d', [-78.56191406250001, 24.786914062500003, 68.1990234375, 22.032812500000002])
array('d', [-76.4146484375, 26.233984375000002, 68.432421875, 26.000585937500002])
array('d', [-76.4146484375, 26.233984375000002, 68.89921875, 27.3076171875])
array('d', [-73.847265625, 28.661328125, 68.89921875, 27.3076171875])
array('d', [-71.51328125, 31.602148437500002, 70.5796875, 30.1083984375])
array('d', [-68.29238281250001, 32.0689453125, 71.7466796875, 31.8822265625])
array('d', [-66.2384765625, 33.9361328125, 71.8400390625, 32.9091796875])
array('d', [-66.2384765625, 33.9361328125, 71.8400390625, 32.9091796875])
array('d', [-63.951171875, 34.6830078125, 72.02675781250001, 33.7494140625])
array('d', [-64.4646484375, 35.5232421875, 69.9728515625, 35.569921875])
array('d', [-64.4646484375, 35.5232421875, 67.12539062500001, 35.943359375])
array('d', [-64.4646484375, 35.5232421875, 67.12539062500001, 35.943359375])
array('d', [-60.776953125000006, 41.078125, 66.1451171875, 37.15703125])
array('d', [-60.776953125000006, 41.078125, 68.805859375, 38.744140625])
array('d', [-59.3298828125, 40.2845703125, 68.805859375, 38.744140625])
array('d', [-57.602734375000004, 41.3115234375, 68.805859375, 38.744140625])
array('d', [-55.502148437500004, 42.5251953125, 60.1234375, 38.697460937500004])
array('d', [-54.708593750000006, 42.851953125, 63.671093750000004, 39.117578125])
array('d', [-54.055078125, 41.358203125, 63.671093750000004, 38.090625])
array('d', [-54.055078125, 41.358203125, 64.2779296875, 36.4568359375])
array('d', [-53.7283203125, 38.4173828125, 58.349609375, 36.4568359375])
array('d', [-56.575781250000006, 35.196484375000004, 53.028125, 31.0419921875])
array('d', [-61.7572265625, 32.582421875, 51.254296875, 28.7080078125])
array('d', [-61.7572265625, 27.354296875000003, 43.1787109375, 23.71328125])
array('d', [-64.698046875, 27.354296875000003, 43.1787109375, 17.644921875])
array('d', [-67.82558593750001, 27.354296875000003, 41.404882812500006, 17.644921875])
array('d', [-74.59414062500001, 18.11171875, 35.4765625, 15.1708984375])
array('d', [-74.59414062500001, 18.11171875, 31.6955078125, 12.696875])
array('d', [-72.49355468750001, 16.24453125, 31.6955078125, 12.696875])
array('d', [-74.6875, 13.63046875, 31.275390625, 8.6357421875])
array('d', [-78.1884765625, 8.308984375, 27.07421875, 5.6482421875])
array('d', [-78.1884765625, 8.308984375, 27.07421875, 1.9605468750000001])
array('d', [-80.382421875, 9.1025390625, 22.452929687500003, 1.9605468750000001])
array('d', [-81.9228515625, 5.881640625, 21.1458984375, 0.18671875000000002])
array('d', [-84.63027343750001, 2.5207031250000003, 18.11171875, -2.7541015625000003])
array('d', [-84.63027343750001, 2.5207031250000003, 18.11171875, -3.8277343750000004])
array('d', [-84.39687500000001, 0.9802734375000001, 17.458203125, -3.8277343750000004])
array('d', [-86.917578125, -0.046679687500000004, 16.8046875, -3.9677734375])
array('d', [-87.0576171875, 0.6068359375, 15.6376953125, -4.1544921875])
array('d', [-87.0576171875, 0.6068359375, 15.3576171875, -4.1544921875])
array('d', [-84.91035156250001, 0.7001953125, 15.3576171875, -6.1150390625])
array('d', [-87.89785156250001, 0.2333984375, 15.2642578125, -5.1814453125])
array('d', [-84.95703125, 1.6804687500000002, 16.9447265625, -4.9013671875])
array('d', [-84.95703125, 1.6804687500000002, 16.9447265625, -0.5134765625000001])
array('d', [-81.7361328125, 5.134765625, 19.325390625, -0.5134765625000001])
array('d', [-76.3212890625, 9.6626953125, 23.5732421875, 3.3609375000000004])
array('d', [-76.3212890625, 12.8369140625, 28.054492187500003, 6.9085937500000005])
array('d', [-76.3212890625, 12.8369140625, 28.054492187500003, 6.9085937500000005])
array('d', [-76.3212890625, 12.8369140625, 28.054492187500003, 6.9085937500000005])
