array('d', [-31.275390625, 49.667187500000004, 49.760546875, -3.5943359375000004])
array('d', [-31.275390625, 49.667187500000004, 49.760546875, -4.7146484375])
array('d', [-27.0275390625, 51.8611328125, 46.959765625, -6.628515625])
array('d', [-21.005859375, 55.875585937500006, 43.4587890625, -9.7560546875])
array('d', [-21.005859375, 55.875585937500006, 43.4587890625, -9.7560546875])
array('d', [-21.005859375, 55.875585937500006, 43.4587890625, -9.7560546875])
array('d', [-21.005859375, 55.875585937500006, 43.4587890625, -9.7560546875])
array('d', [-21.005859375, 55.875585937500006, 43.4587890625, -9.7560546875])
array('d', [-21.005859375, 55.875585937500006, 43.4587890625, -9.7560546875])
array('d', [-17.644921875, 61.337109375000004, 42.431835937500004, -8.1689453125])
array('d', [-13.163671875, 65.3048828125, 40.0044921875, -9.242578125])
array('d', [-13.163671875, 67.498828125, 34.636328125, -14.517382812500001])
array('d', [-10.5029296875, 67.498828125, 34.636328125, -14.517382812500001])
array('d', [-8.5423828125, 70.85976562500001, 31.462109375, -14.984179687500001])
array('d', [-5.0414062500000005, 71.233203125, 29.688281250000003, -18.765234375000002])
array('d', [-5.0414062500000005, 71.233203125, 29.688281250000003, -18.765234375000002])
array('d', [-4.1078125000000005, 74.780859375, 25.4404296875, -22.733007812500002])
array('d', [-1.3537109375, 75.99453125000001, 22.266210937500002, -24.9736328125])
array('d', [0.0, 73.5205078125, 17.598242187500002, -28.8947265625])
array('d', [0.0, 73.5205078125, 17.598242187500002, -31.4154296875])
array('d', [1.587109375, 76.7880859375, 14.190625, -31.4154296875])
array('d', [3.5009765625, 79.16875, 8.2623046875, -37.297070312500004])
array('d', [3.5009765625, 81.22265625, 6.068359375, -41.871679687500006])
array('d', [4.7146484375, 81.22265625, 6.068359375, -41.871679687500006])
array('d', [7.0486328125, 81.4560546875, 4.4345703125, -43.505468750000006])
array('d', [8.9625, 81.4560546875, -0.93359375, -47.4265625])
array('d', [8.9625, 79.72890625000001, -5.6015625, -47.4265625])
array('d', [8.9625, 79.72890625000001, -5.6015625, -47.4265625])
array('d', [8.9625, 79.72890625000001, -5.6015625, -47.4265625])
array('d', [8.9625, 79.72890625000001, -5.6015625, -47.4265625])
array('d', [8.9625, 79.72890625000001, -5.6015625, -47.4265625])
array('d', [9.055859375, 79.72890625000001, -10.1294921875, -52.5146484375])
array('d', [9.382617187500001, 82.57636718750001, -10.1294921875, -52.5146484375])
array('d', [12.603515625, 82.80976562500001, -14.470703125, -54.568554687500004])
array('d', [14.2373046875, 82.80976562500001, -17.5515625, -56.342382812500006])
array('d', [14.2373046875, 84.7703125, -17.5515625, -56.342382812500006])
array('d', [16.7580078125, 86.6841796875, -20.0255859375, -59.096484375])
array('d', [19.512109375, 88.971484375, -23.900000000000002, -59.096484375])
array('d', [19.512109375, 88.971484375, -23.900000000000002, -59.096484375])
array('d', [20.585742187500003, 89.8583984375, -26.5140625, -59.236523437500004])
array('d', [20.585742187500003, 89.8583984375, -30.1083984375, -58.3962890625])
array('d', [23.9466796875, 90.27851562500001, -30.1083984375, -58.3962890625])
array('d', [23.9466796875, 90.27851562500001, -30.1083984375, -58.3962890625])
array('d', [26.420703125000003, 91.4921875, -34.729687500000004, -58.5830078125])
array('d', [25.720507812500003, 95.2265625, -35.756640625, -61.2904296875])
array('d', [28.474609375, 97.373828125, -36.78359375, -58.909765625000006])
array('d', [28.474609375, 97.373828125, -37.2037109375, -57.275976562500006])
array('d', [31.275390625, 99.1943359375, -37.2037109375, -57.275976562500006])
array('d', [33.796093750000004, 99.56777343750001, -43.038671875000006, -58.442968750000006])
array('d', [35.5232421875, 101.294921875, -43.038671875000006, -57.1826171875])
array('d', [36.2234375, 102.13515625000001, -48.406835937500006, -56.5291015625])
array('d', [36.2234375, 104.4224609375, -50.5541015625, -58.5830078125])
array('d', [41.871679687500006, 104.4224609375, -55.968945312500004, -58.442968750000006])
array('d', [41.871679687500006, 104.4224609375, -55.968945312500004, -58.442968750000006])
array('d', [44.0189453125, 114.08515625000001, -58.0228515625, -59.0498046875])
array('d', [44.0189453125, 114.50527343750001, -61.010351562500006, -60.1234375])
array('d', [48.6869140625, 114.50527343750001, -61.010351562500006, -60.1234375])
array('d', [51.441015625000006, 116.4658203125, -64.884765625, -60.1234375])
array('d', [52.28125, 119.0798828125, -68.6658203125, -60.7302734375])
array('d', [50.320703125, 116.83925781250001, -70.2529296875, -61.103710937500004])
array('d', [50.320703125, 116.83925781250001, -70.2529296875, -61.103710937500004])
array('d', [50.320703125, 116.83925781250001, -70.2529296875, -61.103710937500004])
array('d', [50.5541015625, 119.68671875000001, -73.00703125, -62.2240234375])
array('d', [50.5541015625, 119.68671875000001, -76.36796875, -61.337109375000004])
array('d', [55.875585937500006, 123.701171875, -76.36796875, -60.310156250000006])
array('d', [56.855859375, 127.38886718750001, -79.448828125, -60.310156250000006])
array('d', [52.3279296875, 127.995703125, -80.2423828125, -60.030078125])
array('d', [56.902539062500004, 128.929296875, -82.71640625, -57.042578125000006])
array('d', [56.902539062500004, 128.929296875, -84.3501953125, -55.642187500000006])
array('d', [53.96171875, 126.45527343750001, -84.3501953125, -55.642187500000006])
array('d', [51.0208984375, 132.38359375000002, -86.26406250000001, -54.708593750000006])
array('d', [52.187890625, 135.18437500000002, -87.1509765625, -56.108984375000006])
array('d', [52.187890625, 133.1771484375, -88.0845703125, -53.7283203125])
array('d', [50.9275390625, 133.1771484375, -88.0845703125, -50.600781250000004])
array('d', [48.406835937500006, 135.464453125, -90.371875, -47.099804687500004])
array('d', [48.406835937500006, 135.464453125, -90.371875, -47.099804687500004])
array('d', [46.539648437500006, 135.9779296875, -94.43300781250001, -45.74609375])
array('d', [46.866406250000004, 129.58281250000002, -97.840625, -44.532421875000004])
array('d', [46.866406250000004, 129.58281250000002, -97.840625, -43.412109375])
array('d', [42.0583984375, 133.223828125, -96.7203125, -43.412109375])
array('d', [39.9578125, 136.2580078125, -98.120703125, -44.205664062500006])
array('d', [39.304296875, 134.344140625, -100.73476562500001, -41.3115234375])
array('d', [39.304296875, 134.344140625, -102.228515625, -37.3904296875])
array('d', [47.1931640625, 134.6708984375, -102.228515625, -37.3904296875])
array('d', [49.760546875, 136.49140625, -102.41523437500001, -39.0708984375])
array('d', [43.225390625, 136.678125, -104.74921875000001, -40.51796875])
array('d', [44.672460937500006, 131.3099609375, -107.50332031250001, -41.3115234375])
array('d', [40.3779296875, 135.93125, -105.86953125000001, -39.2109375])
array('d', [42.291796875, 133.7373046875, -107.1765625, -39.2109375])
array('d', [42.291796875, 133.6439453125, -107.9234375, -33.4693359375])
array('d', [42.1517578125, 133.6439453125, -107.9234375, -33.4693359375])
array('d', [37.9505859375, 132.85039062500002, -109.9306640625, -31.0419921875])
array('d', [42.9453125, 134.6708984375, -110.11738281250001, -30.1083984375])
array('d', [44.672460937500006, 134.157421875, -110.6775390625, -28.1478515625])
array('d', [48.266796875000004, 133.50390625, -114.27187500000001, -29.221484375000003])
array('d', [45.1859375, 133.78398437500002, -116.88593750000001, -29.875])
array('d', [45.932812500000004, 134.7642578125, -115.1587890625, -32.022265625])
array('d', [39.9578125, 134.95097656250002, -116.18574218750001, -35.0564453125])
array('d', [39.9578125, 134.95097656250002, -116.18574218750001, -35.0564453125])
array('d', [38.5107421875, 134.1107421875, -116.5591796875, -33.516015625])
array('d', [38.5107421875, 131.26328125, -117.3994140625, -33.889453125])
array('d', [44.439062500000006, 131.26328125, -117.3994140625, -33.6560546875])
array('d', [44.439062500000006, 131.26328125, -117.3994140625, -33.6560546875])
array('d', [48.1267578125, 133.50390625, -118.3796875, -33.889453125])
array('d', [47.099804687500004, 133.2705078125, -118.7998046875, -33.889453125])
array('d', [44.0189453125, 133.7373046875, -119.45332031250001, -33.889453125])
array('d', [44.0189453125, 133.7373046875, -119.45332031250001, -33.889453125])
array('d', [44.0189453125, 133.7373046875, -119.45332031250001, -33.889453125])
array('d', [44.0189453125, 133.7373046875, -119.45332031250001, -33.889453125])
array('d', [41.2181640625, 134.2041015625, -120.38691406250001, -34.029492187500004])
array('d', [43.785546875, 134.0640625, -120.99375, -33.889453125])
array('d', [43.785546875, 133.08378906250002, -122.8142578125, -35.383203125])
array('d', [43.785546875, 133.08378906250002, -122.8142578125, -35.383203125])
array('d', [49.0603515625, 133.8306640625, -122.48750000000001, -37.250390625])
array('d', [49.0603515625, 133.8306640625, -122.767578125, -39.584375])
array('d', [44.999218750000004, 134.344140625, -122.767578125, -39.584375])
array('d', [44.999218750000004, 134.344140625, -122.767578125, -39.584375])
array('d', [44.999218750000004, 134.344140625, -122.767578125, -39.584375])
array('d', [44.999218750000004, 134.344140625, -122.767578125, -39.584375])
array('d', [44.999218750000004, 134.344140625, -122.767578125, -39.584375])
array('d', [48.453515625, 133.970703125, -124.0279296875, -35.4765625])
array('d', [46.6796875, 133.3638671875, -122.02070312500001, -35.4765625])
array('d', [45.699414062500004, 134.2041015625, -123.327734375, -37.810546875])
array('d', [45.699414062500004, 134.2041015625, -123.327734375, -37.810546875])
array('d', [45.699414062500004, 134.2041015625, -123.327734375, -37.810546875])
array('d', [45.699414062500004, 134.2041015625, -123.327734375, -37.810546875])
array('d', [44.8591796875, 134.2974609375, -124.4013671875, -38.5107421875])
array('d', [49.0603515625, 133.1771484375, -125.70839843750001, -37.6705078125])
array('d', [45.1859375, 133.970703125, -124.12128906250001, -38.4173828125])
array('d', [45.1859375, 133.970703125, -121.92734375, -9.149218750000001])
array('d', [47.7533203125, 133.690625, -121.92734375, -9.149218750000001])
array('d', [48.1267578125, 133.50390625, -122.0673828125, -3.1275390625000004])
array('d', [49.573828125000006, 133.8306640625, -122.0673828125, -3.1275390625000004])
array('d', [49.573828125000006, 133.8306640625, -122.0673828125, -3.1275390625000004])
array('d', [49.573828125000006, 133.8306640625, -122.20742187500001, -4.66796875])
array('d', [43.225390625, 135.1376953125, -123.04765625, -5.694921875])
array('d', [43.412109375, 134.2041015625, -123.04765625, -5.694921875])
array('d', [43.412109375, 134.2041015625, -123.04765625, -5.694921875])
array('d', [44.532421875000004, 134.157421875, -121.6005859375, -2.8474609375])
array('d', [52.561328125, 135.2310546875, -122.5341796875, -2.2873046875000003])
array('d', [52.561328125, 133.87734375, -121.4138671875, -3.6876953125000003])
array('d', [52.561328125, 133.87734375, -121.4138671875, -3.6876953125000003])
array('d', [52.561328125, 133.87734375, -121.4138671875, -3.6876953125000003])
array('d', [52.561328125, 133.87734375, -121.4138671875, -3.6876953125000003])
array('d', [50.974218750000006, 134.2974609375, -119.966796875, -0.6068359375])
array('d', [53.868359375000004, 133.8306640625, -118.51972656250001, -1.2603515625000001])
array('d', [54.3818359375, 133.9240234375, -118.7998046875, -1.587109375])
array('d', [56.295703125, 134.62421875, -117.8662109375, -1.4470703125000002])
array('d', [56.295703125, 134.1107421875, -120.85371093750001, -4.29453125])
array('d', [54.708593750000006, 134.1107421875, -120.85371093750001, -4.29453125])
array('d', [53.58828125, 134.71757812500002, -119.2666015625, -6.068359375])
array('d', [48.3134765625, 132.94375, -118.099609375, -4.948046875])
array('d', [39.491015625, 133.1771484375, -117.53945312500001, -4.48125])
array('d', [39.491015625, 133.1771484375, -117.53945312500001, -4.48125])
array('d', [44.158984375, 133.87734375, -117.166015625, -4.5746093750000005])
array('d', [44.158984375, 132.5703125, -117.07265625000001, -5.6482421875])
array('d', [47.519921875, 132.5703125, -117.07265625000001, -6.488476562500001])
array('d', [47.519921875, 132.5703125, -117.07265625000001, -6.488476562500001])
array('d', [47.519921875, 132.5703125, -117.07265625000001, -6.488476562500001])
array('d', [47.519921875, 132.5703125, -117.07265625000001, -6.488476562500001])
array('d', [47.519921875, 132.5703125, -117.07265625000001, -6.488476562500001])
array('d', [47.519921875, 132.5703125, -117.07265625000001, -6.488476562500001])
array('d', [45.652734375, 134.5775390625, -117.4927734375, -6.488476562500001])
array('d', [44.9525390625, 134.344140625, -117.11933593750001, -8.40234375])
array('d', [46.212890625, 132.8970703125, -116.2791015625, -7.562109375])
array('d', [46.212890625, 132.8970703125, -116.2791015625, -7.562109375])
array('d', [46.212890625, 132.8970703125, -116.2791015625, -7.562109375])
array('d', [45.606054687500006, 132.8037109375, -115.9990234375, -6.5818359375])
array('d', [49.387109375, 132.8037109375, -115.90566406250001, -7.2353515625])
array('d', [51.254296875, 132.8970703125, -118.099609375, -4.948046875])
array('d', [51.254296875, 132.8970703125, -118.099609375, -4.948046875])
array('d', [45.4193359375, 132.75703125, -117.4927734375, -8.3556640625])
array('d', [45.4193359375, 133.7373046875, -117.77285156250001, -7.3753906250000005])
array('d', [45.139257812500006, 133.7373046875, -117.77285156250001, -6.53515625])
array('d', [43.832226562500004, 133.3638671875, -116.37246093750001, -3.8277343750000004])
array('d', [46.8197265625, 133.9240234375, -116.7458984375, -3.8277343750000004])
array('d', [48.733593750000004, 134.01738281250002, -117.77285156250001, -6.068359375])
array('d', [48.733593750000004, 134.01738281250002, -117.77285156250001, -6.068359375])
array('d', [48.733593750000004, 134.01738281250002, -117.77285156250001, -6.068359375])
array('d', [45.559375, 134.48417968750002, -119.21992187500001, -6.5818359375])
array('d', [40.7046875, 134.95097656250002, -116.88593750000001, -5.9283203125])
array('d', [43.132031250000004, 133.037109375, -114.55195312500001, -7.46875])
array('d', [43.132031250000004, 133.037109375, -114.55195312500001, -7.46875])
array('d', [43.132031250000004, 133.037109375, -114.55195312500001, -7.46875])
array('d', [40.237890625, 134.157421875, -116.979296875, -8.869140625])
array('d', [40.237890625, 134.62421875, -117.2126953125, -10.26953125])
array('d', [49.807226562500006, 134.62421875, -117.2126953125, -10.26953125])
array('d', [48.733593750000004, 135.7912109375, -119.2666015625, -10.362890625])
array('d', [45.932812500000004, 133.6439453125, -117.2126953125, -5.6482421875])
array('d', [45.932812500000004, 133.6439453125, -113.61835937500001, -7.655468750000001])
array('d', [45.0458984375, 133.8306640625, -113.61835937500001, -7.655468750000001])
array('d', [46.399609375000004, 135.18437500000002, -117.35273437500001, -4.948046875])
array('d', [47.4265625, 130.88984375, -116.5125, -6.255078125000001])
array('d', [47.4265625, 130.88984375, -119.7333984375, -9.4759765625])
array('d', [47.4265625, 130.88984375, -119.7333984375, -9.4759765625])
array('d', [47.4265625, 130.88984375, -119.7333984375, -9.4759765625])
array('d', [47.4265625, 130.88984375, -119.7333984375, -9.4759765625])
array('d', [47.4265625, 130.88984375, -119.7333984375, -9.4759765625])
array('d', [41.7783203125, 134.8109375, -116.69921875, -7.8421875000000005])
array('d', [41.7783203125, 134.8109375, -116.69921875, -8.869140625])
array('d', [37.0169921875, 132.9904296875, -115.3455078125, -8.869140625])
array('d', [37.0169921875, 132.9904296875, -115.3455078125, -8.869140625])
array('d', [37.0169921875, 132.9904296875, -115.3455078125, -8.869140625])
array('d', [34.5896484375, 133.1771484375, -114.365234375, -11.4365234375])
array('d', [35.2431640625, 134.0640625, -114.73867187500001, -10.5962890625])
array('d', [42.898632812500004, 133.7373046875, -116.83925781250001, -9.7560546875])
array('d', [42.898632812500004, 133.7373046875, -116.83925781250001, -9.7560546875])
array('d', [42.898632812500004, 133.7373046875, -116.83925781250001, -9.7560546875])
array('d', [42.898632812500004, 133.7373046875, -116.83925781250001, -9.7560546875])
array('d', [44.0189453125, 134.0640625, -116.7458984375, -10.1294921875])
array('d', [38.8375, 134.62421875, -114.365234375, -11.716601562500001])
array('d', [38.8375, 134.62421875, -113.10488281250001, -13.723828125])
array('d', [38.8375, 134.62421875, -113.10488281250001, -13.723828125])
array('d', [42.0583984375, 133.8306640625, -112.68476562500001, -13.7705078125])
array('d', [42.0583984375, 133.8306640625, -112.68476562500001, -11.343164062500001])
array('d', [46.49296875, 132.9904296875, -112.96484375, -11.343164062500001])
array('d', [47.2865234375, 133.7373046875, -117.11933593750001, -12.883593750000001])
array('d', [44.999218750000004, 135.1376953125, -115.765625, -14.00390625])
array('d', [37.8572265625, 134.01738281250002, -111.6578125, -14.984179687500001])
array('d', [37.8572265625, 134.01738281250002, -111.6578125, -14.984179687500001])
array('d', [37.8572265625, 134.01738281250002, -111.6578125, -14.984179687500001])
array('d', [33.796093750000004, 133.6439453125, -110.53750000000001, -13.583789062500001])
array('d', [38.0439453125, 132.8037109375, -108.67031250000001, -14.00390625])
array('d', [38.0439453125, 132.75703125, -109.23046875, -12.5568359375])
array('d', [45.839453125000006, 132.75703125, -109.23046875, -12.5568359375])
array('d', [49.433789062500004, 134.2974609375, -112.68476562500001, -14.3306640625])
array('d', [46.8197265625, 132.5703125, -111.23769531250001, -12.9302734375])
array('d', [41.638281250000006, 133.9240234375, -111.23769531250001, -12.9302734375])
array('d', [41.638281250000006, 133.9240234375, -108.25019531250001, -14.750781250000001])
array('d', [37.297070312500004, 132.8970703125, -106.33632812500001, -13.910546875000001])
array('d', [37.530468750000004, 133.410546875, -104.51582031250001, -13.9572265625])
array('d', [37.530468750000004, 133.410546875, -104.51582031250001, -13.9572265625])
array('d', [37.530468750000004, 133.410546875, -104.51582031250001, -13.9572265625])
array('d', [37.530468750000004, 133.410546875, -104.51582031250001, -13.9572265625])
array('d', [43.225390625, 134.344140625, -106.709765625, -13.116992187500001])
array('d', [44.8125, 133.3638671875, -107.73671875000001, -11.016406250000001])
array('d', [44.8125, 133.3638671875, -107.73671875000001, -10.45625])
array('d', [41.965039062500004, 134.7642578125, -106.6630859375, -10.45625])
array('d', [33.7494140625, 132.75703125, -104.04902343750001, -12.230078125])
array('d', [33.7494140625, 132.75703125, -103.58222656250001, -13.0236328125])
array('d', [32.955859375, 134.344140625, -103.58222656250001, -13.0236328125])
array('d', [32.955859375, 134.344140625, -103.58222656250001, -13.0236328125])
array('d', [32.955859375, 134.344140625, -103.58222656250001, -13.0236328125])
array('d', [37.1103515625, 134.3908203125, -100.6880859375, -12.9302734375])
array('d', [42.478515625, 133.2705078125, -101.43496093750001, -11.296484375])
array('d', [46.3529296875, 133.690625, -103.58222656250001, -11.1564453125])
array('d', [46.3529296875, 133.690625, -103.58222656250001, -9.849414062500001])
array('d', [45.232617187500004, 132.85039062500002, -101.855078125, -9.849414062500001])
array('d', [42.0583984375, 132.8970703125, -101.294921875, -10.409570312500001])
array('d', [40.6580078125, 134.2974609375, -100.6880859375, -10.6896484375])
array('d', [40.6580078125, 134.01738281250002, -99.56777343750001, -11.669921875])
array('d', [40.097851562500004, 134.01738281250002, -99.56777343750001, -11.669921875])
array('d', [37.437109375, 133.87734375, -99.987890625, -12.883593750000001])
array('d', [43.785546875, 133.410546875, -99.7078125, -9.242578125])
array('d', [43.785546875, 133.410546875, -99.80117187500001, -9.0091796875])
array('d', [43.272070312500006, 133.3638671875, -99.80117187500001, -9.0091796875])
array('d', [38.9775390625, 134.25078125000002, -99.0076171875, -9.0091796875])
array('d', [38.9775390625, 134.25078125000002, -99.0076171875, -9.0091796875])
array('d', [38.9775390625, 134.25078125000002, -99.0076171875, -9.0091796875])
array('d', [36.9703125, 132.476953125, -99.427734375, -8.0755859375])
array('d', [36.9703125, 132.476953125, -96.253515625, -8.308984375])
array('d', [39.0708984375, 134.2974609375, -96.253515625, -8.308984375])
array('d', [38.1373046875, 134.2974609375, -96.253515625, -8.308984375])
array('d', [38.1373046875, 134.2974609375, -96.253515625, -8.308984375])
array('d', [38.1373046875, 133.2705078125, -96.626953125, -7.5154296875])
array('d', [40.6580078125, 133.597265625, -96.626953125, -7.5154296875])
array('d', [42.665234375000004, 134.8576171875, -95.4599609375, -7.7021484375])
array('d', [42.665234375000004, 133.31718750000002, -95.9267578125, -7.001953125])
array('d', [42.75859375, 133.31718750000002, -95.9267578125, -7.28203125])
array('d', [42.7119140625, 133.690625, -97.09375, -7.28203125])
array('d', [39.4443359375, 133.87734375, -94.29296875, -8.6357421875])
array('d', [39.631054687500004, 132.3369140625, -95.17988281250001, -8.5890625])
array('d', [39.631054687500004, 132.3369140625, -95.17988281250001, -6.3484375])
array('d', [38.9775390625, 134.01738281250002, -96.34687500000001, -6.3484375])
array('d', [37.8572265625, 132.9904296875, -94.8064453125, -7.888867187500001])
array('d', [37.8572265625, 134.4375, -95.7400390625, -10.5029296875])
array('d', [36.503515625, 134.4375, -95.7400390625, -10.5029296875])
array('d', [37.34375, 133.4572265625, -95.9734375, -9.429296875])
array('d', [37.34375, 133.4572265625, -95.9734375, -9.429296875])
array('d', [37.34375, 133.4572265625, -95.9734375, -9.429296875])
array('d', [37.34375, 133.4572265625, -95.9734375, -9.429296875])
array('d', [35.8033203125, 133.13046875, -96.7203125, -9.849414062500001])
array('d', [38.370703125, 134.8576171875, -95.60000000000001, -8.77578125])
array('d', [38.370703125, 131.68339843750002, -96.626953125, -10.0361328125])
array('d', [34.076171875, 131.68339843750002, -96.626953125, -10.0361328125])
array('d', [35.4765625, 134.3908203125, -96.3935546875, -9.52265625])
array('d', [36.2701171875, 133.410546875, -96.440234375, -9.52265625])
array('d', [36.2701171875, 133.410546875, -97.23378906250001, -11.343164062500001])
array('d', [35.9900390625, 134.0640625, -97.23378906250001, -11.343164062500001])
array('d', [36.876953125, 133.970703125, -97.560546875, -12.8369140625])
array('d', [36.876953125, 133.597265625, -98.91425781250001, -13.3970703125])
array('d', [36.2701171875, 133.597265625, -98.91425781250001, -13.3970703125])
array('d', [36.2701171875, 133.597265625, -98.91425781250001, -13.3970703125])
array('d', [36.2701171875, 133.597265625, -98.91425781250001, -13.3970703125])
array('d', [36.2701171875, 133.597265625, -98.91425781250001, -13.3970703125])
array('d', [36.6435546875, 132.01015625, -97.98066406250001, -12.790234375])
array('d', [34.54296875, 133.08378906250002, -98.120703125, -13.8638671875])
array('d', [34.54296875, 132.7103515625, -98.120703125, -13.3037109375])
array('d', [34.076171875, 132.7103515625, -98.02734375, -13.3037109375])
array('d', [34.91640625, 133.13046875, -98.307421875, -12.976953125000001])
array('d', [34.91640625, 133.31718750000002, -98.16738281250001, -11.716601562500001])
array('d', [34.35625, 133.31718750000002, -98.16738281250001, -11.716601562500001])
array('d', [33.42265625, 131.8234375, -98.8208984375, -13.116992187500001])
array('d', [34.636328125, 134.01738281250002, -98.02734375, -11.343164062500001])
array('d', [34.636328125, 134.01738281250002, -99.427734375, -12.743554687500001])
array('d', [36.7369140625, 133.9240234375, -99.427734375, -12.743554687500001])
array('d', [37.437109375, 134.8576171875, -99.4744140625, -11.950000000000001])
array('d', [36.0833984375, 133.1771484375, -98.7275390625, -12.790234375])
array('d', [36.0833984375, 135.1376953125, -97.70058593750001, -13.116992187500001])
array('d', [36.0833984375, 135.1376953125, -97.70058593750001, -13.116992187500001])
array('d', [36.0833984375, 135.1376953125, -97.70058593750001, -13.116992187500001])
array('d', [36.0833984375, 135.1376953125, -97.70058593750001, -13.116992187500001])
array('d', [35.0564453125, 132.4302734375, -98.8208984375, -12.510156250000001])
array('d', [35.0564453125, 132.4302734375, -98.8208984375, -12.3234375])
array('d', [33.095898437500004, 130.28300781250002, -96.16015625, -12.3234375])
array('d', [32.582421875, 129.81621093750002, -95.78671875, -12.230078125])
array('d', [33.142578125, 132.3369140625, -94.89980468750001, -10.5029296875])
array('d', [33.142578125, 132.3369140625, -93.639453125, -10.316210937500001])
array('d', [33.796093750000004, 132.75703125, -93.639453125, -10.316210937500001])
array('d', [33.796093750000004, 132.75703125, -93.639453125, -10.316210937500001])
array('d', [33.796093750000004, 132.75703125, -93.639453125, -10.316210937500001])
array('d', [32.4890625, 129.02265625, -95.319921875, -10.923046875])
array('d', [30.7619140625, 130.796484375, -94.19960937500001, -9.4759765625])
array('d', [30.7619140625, 128.6958984375, -93.452734375, -10.362890625])
array('d', [30.7619140625, 128.6958984375, -93.452734375, -10.362890625])
array('d', [30.201757812500002, 128.7892578125, -92.6591796875, -9.52265625])
array('d', [29.5482421875, 124.634765625, -92.2390625, -11.203125])
array('d', [29.5482421875, 124.634765625, -92.2390625, -11.203125])
array('d', [29.5482421875, 124.634765625, -92.2390625, -11.203125])
array('d', [29.5482421875, 124.634765625, -92.2390625, -11.203125])
array('d', [26.32734375, 123.5611328125, -91.30546875, -6.721875000000001])
array('d', [26.187304687500003, 123.0943359375, -89.81171875000001, -6.721875000000001])
array('d', [26.934179687500002, 121.8806640625, -90.27851562500001, -6.8619140625])
array('d', [24.553515625000003, 118.6130859375, -89.9517578125, -6.1150390625])
array('d', [24.553515625000003, 118.6130859375, -89.9517578125, -6.1150390625])
array('d', [22.3595703125, 117.4927734375, -89.06484375000001, -4.6212890625])
array('d', [20.258984375, 116.32578125, -85.7505859375, -4.5279296875])
array('d', [20.258984375, 116.32578125, -85.7505859375, -4.5279296875])
array('d', [20.258984375, 116.32578125, -85.7505859375, -4.5279296875])
array('d', [20.258984375, 116.32578125, -85.7505859375, -4.5279296875])
array('d', [18.9052734375, 112.7314453125, -83.6033203125, -3.2208984375000003])
array('d', [18.9052734375, 112.7314453125, -83.6033203125, -2.42734375])
array('d', [20.0255859375, 112.21796875000001, -80.7091796875, -2.42734375])
array('d', [20.819140625000003, 108.01679687500001, -82.06289062500001, -2.80078125])
array('d', [18.065039062500002, 106.24296875, -82.76308593750001, -2.1939453125])
array('d', [18.065039062500002, 106.24296875, -80.6158203125, -0.56015625])
array('d', [15.030859375, 105.8228515625, -80.6158203125, -0.56015625])
array('d', [15.030859375, 105.8228515625, -80.6158203125, -0.56015625])
array('d', [15.030859375, 105.8228515625, -80.6158203125, -0.56015625])
array('d', [14.050585937500001, 106.9431640625, -78.56191406250001, -0.466796875])
array('d', [13.677148437500001, 105.962890625, -78.701953125, 0.280078125])
array('d', [13.677148437500001, 102.4619140625, -76.8814453125, 1.3537109375])
array('d', [14.984179687500001, 102.4619140625, -76.8814453125, 1.3537109375])
array('d', [13.443750000000001, 102.975390625, -77.3015625, 1.30703125])
array('d', [12.4634765625, 101.94843750000001, -75.714453125, 2.1939453125])
array('d', [12.4634765625, 101.94843750000001, -74.407421875, 2.707421875])
array('d', [10.8296875, 98.63417968750001, -74.407421875, 2.707421875])
array('d', [10.409570312500001, 97.4205078125, -72.96035156250001, 4.1078125000000005])
array('d', [8.449023437500001, 95.2732421875, -71.6533203125, 5.0880859375])
array('d', [8.449023437500001, 95.2732421875, -71.6533203125, 5.0880859375])
array('d', [8.449023437500001, 95.2732421875, -71.6533203125, 5.0880859375])
array('d', [8.77578125, 93.54609375000001, -70.85976562500001, 6.9085937500000005])
array('d', [7.46875, 92.9859375, -68.3857421875, 7.3287109375])
array('d', [7.46875, 92.9859375, -66.28515625, 9.2892578125])
array('d', [7.46875, 92.9859375, -66.28515625, 9.2892578125])
array('d', [4.9947265625, 89.905078125, -65.8650390625, 10.0361328125])
array('d', [4.9947265625, 89.905078125, -65.8650390625, 11.4365234375])
array('d', [3.734375, 87.57109375, -64.3712890625, 11.4365234375])
array('d', [2.9408203125, 87.19765625000001, -64.3712890625, 12.0900390625])
array('d', [2.9408203125, 87.851171875, -61.6638671875, 12.0900390625])
array('d', [2.8941406250000004, 87.851171875, -61.6638671875, 12.0900390625])
array('d', [1.8205078125, 87.6177734375, -59.75, 13.210351562500001])
array('d', [1.8205078125, 87.6177734375, -59.75, 13.210351562500001])
array('d', [0.8402343750000001, 82.80976562500001, -60.216796875, 13.537109375])
array('d', [1.400390625, 79.4021484375, -59.703320312500004, 15.2642578125])
array('d', [-1.0736328125, 80.2890625, -58.4896484375, 15.6376953125])
array('d', [-1.0736328125, 80.2890625, -58.4896484375, 15.6376953125])
array('d', [-2.80078125, 77.208203125, -54.941992187500006, 18.671875])
array('d', [-4.8546875, 75.714453125, -54.1484375, 16.197851562500002])
array('d', [-4.8546875, 75.714453125, -49.85390625, 19.232031250000002])
array('d', [-4.201171875, 75.24765625, -49.85390625, 19.232031250000002])
array('d', [-5.788281250000001, 73.0537109375, -49.107031250000006, 20.258984375])
array('d', [-7.188671875000001, 73.1470703125, -48.826953125, 21.799414062500002])
array('d', [-7.188671875000001, 73.1470703125, -48.826953125, 21.799414062500002])
array('d', [-7.188671875000001, 73.1470703125, -48.826953125, 21.799414062500002])
array('d', [-7.188671875000001, 73.1470703125, -48.826953125, 21.799414062500002])
array('d', [-7.188671875000001, 73.1470703125, -48.826953125, 21.799414062500002])
array('d', [-9.382617187500001, 71.233203125, -48.453515625, 22.452929687500003])
array('d', [-10.549609375000001, 69.0392578125, -47.6599609375, 23.059765625])
array('d', [-12.790234375, 66.89199218750001, -45.652734375, 21.519335937500003])
array('d', [-12.790234375, 66.89199218750001, -45.652734375, 21.519335937500003])
array('d', [-11.296484375, 64.3712890625, -43.598828125000004, 23.71328125])
array('d', [-13.7705078125, 62.410742187500006, -42.5251953125, 24.320117187500003])
array('d', [-13.7705078125, 62.410742187500006, -42.5251953125, 29.0814453125])
array('d', [-13.7705078125, 62.410742187500006, -42.5251953125, 29.0814453125])
array('d', [-13.7705078125, 62.410742187500006, -42.5251953125, 29.0814453125])
array('d', [-13.7705078125, 62.410742187500006, -42.5251953125, 29.0814453125])
array('d', [-13.3970703125, 62.970898437500004, -43.038671875000006, 25.860546875])
array('d', [-15.684375000000001, 62.55078125, -43.038671875000006, 25.860546875])
array('d', [-16.8513671875, 61.2904296875, -42.38515625, 25.9072265625])
array('d', [-16.8513671875, 61.2904296875, -39.2576171875, 25.9072265625])
array('d', [-14.657421875, 59.936718750000004, -39.2576171875, 24.786914062500003])
array('d', [-15.3576171875, 58.723046875, -39.7244140625, 24.786914062500003])
array('d', [-14.657421875, 58.209570312500006, -38.557421875, 26.187304687500003])
array('d', [-14.657421875, 58.209570312500006, -38.557421875, 28.101171875000002])
array('d', [-16.8513671875, 57.5560546875, -38.3240234375, 28.101171875000002])
array('d', [-16.0111328125, 56.855859375, -38.65078125, 26.140625])
array('d', [-18.4384765625, 54.941992187500006, -36.503515625, 26.934179687500002])
array('d', [-18.4384765625, 54.941992187500006, -36.503515625, 26.934179687500002])
array('d', [-17.458203125, 53.541601562500006, -34.963085937500004, 26.5607421875])
array('d', [-20.2123046875, 52.7947265625, -35.28984375, 28.7080078125])
array('d', [-20.2123046875, 52.374609375000006, -34.076171875, 28.054492187500003])
array('d', [-18.7185546875, 52.374609375000006, -34.076171875, 28.054492187500003])
array('d', [-19.7921875, 52.6546875, -35.1498046875, 29.408203125])
array('d', [-20.1189453125, 51.534375000000004, -34.16953125, 28.521289062500003])
array('d', [-20.1189453125, 49.85390625, -32.5357421875, 29.1748046875])
array('d', [-20.585742187500003, 49.85390625, -32.5357421875, 29.1748046875])
array('d', [-21.799414062500002, 47.1931640625, -30.9953125, 28.287890625000003])
array('d', [-22.266210937500002, 47.4265625, -29.31484375, 30.855273437500003])
array('d', [-22.266210937500002, 47.4265625, -29.31484375, 30.855273437500003])
array('d', [-22.499609375000002, 47.800000000000004, -29.221484375000003, 30.855273437500003])
array('d', [-21.8927734375, 46.633007812500004, -29.034765625000002, 31.92890625])
array('d', [-24.0400390625, 43.972265625000006, -27.541015625, 31.8822265625])
array('d', [-24.0400390625, 43.972265625000006, -27.541015625, 33.095898437500004])
array('d', [-23.386523437500003, 44.719140625, -26.5607421875, 33.095898437500004])
array('d', [-25.3470703125, 42.75859375, -25.300390625000002, 33.142578125])
array('d', [-25.3470703125, 42.75859375, -25.300390625000002, 33.142578125])
array('d', [-25.3470703125, 42.75859375, -25.300390625000002, 33.142578125])
array('d', [-25.3470703125, 42.75859375, -25.300390625000002, 33.142578125])
array('d', [-25.533789062500002, 42.7119140625, -26.7474609375, 34.5896484375])
array('d', [-24.646875, 41.871679687500006, -25.020312500000003, 34.35625])
array('d', [-25.720507812500003, 41.264843750000004, -24.0400390625, 33.8427734375])
array('d', [-25.720507812500003, 41.264843750000004, -24.0400390625, 34.35625])
array('d', [-24.366796875000002, 40.1912109375, -22.919726562500003, 34.35625])
array('d', [-27.44765625, 38.9775390625, -22.59296875, 36.0833984375])
array('d', [-27.44765625, 39.5376953125, -21.379296875, 35.383203125])
array('d', [-27.44765625, 39.5376953125, -21.379296875, 35.383203125])
array('d', [-27.44765625, 39.5376953125, -21.379296875, 35.383203125])
array('d', [-27.44765625, 39.5376953125, -21.379296875, 35.383203125])
array('d', [-27.44765625, 39.5376953125, -21.379296875, 35.383203125])
array('d', [-27.354296875000003, 39.5376953125, -21.379296875, 36.6435546875])
array('d', [-28.661328125, 37.9505859375, -20.399023437500002, 36.6435546875])
array('d', [-30.668554687500002, 37.90390625, -19.8388671875, 36.7369140625])
array('d', [-30.668554687500002, 36.503515625, -18.531835937500002, 36.363476562500004])
array('d', [-27.2609375, 36.503515625, -18.531835937500002, 36.363476562500004])
array('d', [-28.474609375, 36.41015625, -18.48515625, 36.78359375])
array('d', [-26.700781250000002, 35.383203125, -17.5515625, 37.5771484375])
array('d', [-26.700781250000002, 35.383203125, -17.644921875, 38.370703125])
array('d', [-29.6416015625, 34.54296875, -17.644921875, 38.370703125])
array('d', [-27.4943359375, 34.496289062500004, -16.197851562500002, 39.631054687500004])
array('d', [-29.688281250000003, 32.769140625, -16.3845703125, 39.631054687500004])
array('d', [-29.688281250000003, 32.769140625, -16.3845703125, 39.631054687500004])
array('d', [-29.688281250000003, 32.769140625, -16.3845703125, 39.164257812500004])
array('d', [-29.0814453125, 33.142578125, -16.151171875, 38.7908203125])
array('d', [-28.6146484375, 32.955859375, -15.544335937500001, 40.424609375])
array('d', [-28.6146484375, 32.955859375, -15.1708984375, 39.864453125000004])
array('d', [-30.2484375, 32.4890625, -15.1708984375, 39.864453125000004])
array('d', [-30.201757812500002, 31.2287109375, -13.583789062500001, 40.4712890625])
array('d', [-32.208984375, 30.9486328125, -13.443750000000001, 40.097851562500004])
array('d', [-32.208984375, 29.501562500000002, -11.296484375, 41.264843750000004])
array('d', [-29.408203125, 29.501562500000002, -11.296484375, 41.264843750000004])
array('d', [-31.18203125, 30.155078125000003, -11.9966796875, 39.9111328125])
array('d', [-30.5751953125, 28.94140625, -11.950000000000001, 41.6849609375])
array('d', [-30.5751953125, 28.94140625, -11.249804687500001, 40.564648437500004])
array('d', [-29.734960937500002, 27.7744140625, -11.249804687500001, 40.564648437500004])
array('d', [-30.901953125000002, 27.867773437500002, -11.249804687500001, 41.6849609375])
array('d', [-31.835546875000002, 27.120898437500003, -8.77578125, 40.097851562500004])
array('d', [-32.67578125, 27.0275390625, -9.52265625, 40.51796875])
array('d', [-32.67578125, 27.0275390625, -9.52265625, 40.51796875])
array('d', [-32.67578125, 27.0275390625, -9.52265625, 40.51796875])
array('d', [-32.67578125, 27.0275390625, -9.52265625, 40.51796875])
array('d', [-32.67578125, 27.0275390625, -9.52265625, 40.51796875])
array('d', [-30.668554687500002, 26.980859375, -11.296484375, 39.584375])
array('d', [-31.462109375, 26.887500000000003, -11.1564453125, 40.7513671875])
array('d', [-30.06171875, 26.3740234375, -9.4759765625, 39.2109375])
array('d', [-30.06171875, 26.7474609375, -11.016406250000001, 39.02421875])
array('d', [-31.088671875000003, 26.7474609375, -11.016406250000001, 39.02421875])
array('d', [-33.3759765625, 26.654101562500003, -9.89609375, 38.230664062500004])
array('d', [-29.734960937500002, 26.8408203125, -12.510156250000001, 37.810546875])
array('d', [-29.734960937500002, 26.8408203125, -12.510156250000001, 37.810546875])
array('d', [-30.341796875, 26.980859375, -12.416796875000001, 35.8033203125])
array('d', [-26.32734375, 27.167578125000002, -14.143945312500001, 35.2431640625])
array('d', [-26.32734375, 29.31484375, -14.283984375000001, 32.8158203125])
array('d', [-26.32734375, 29.31484375, -14.283984375000001, 32.8158203125])
array('d', [-26.32734375, 29.31484375, -14.283984375000001, 32.8158203125])
array('d', [-26.32734375, 29.31484375, -14.283984375000001, 32.8158203125])
array('d', [-26.0939453125, 29.31484375, -15.777734375000001, 31.835546875000002])
array('d', [-23.5265625, 30.5751953125, -15.777734375000001, 31.835546875000002])
array('d', [-24.600195312500002, 32.3490234375, -16.898046875000002, 30.388476562500003])
array('d', [-20.9125, 32.9091796875, -17.925, 29.268164062500002])
array('d', [-20.585742187500003, 33.1892578125, -19.7455078125, 26.934179687500002])
array('d', [-20.585742187500003, 33.1892578125, -20.865820312500002, 26.467382812500002])
array('d', [-17.925, 35.009765625, -20.865820312500002, 26.467382812500002])
array('d', [-18.7185546875, 36.2234375, -21.192578125, 24.600195312500002])
array('d', [-17.458203125, 37.5771484375, -20.632421875000002, 24.740234375])
array('d', [-17.458203125, 37.5771484375, -22.873046875, 22.59296875])
array('d', [-17.458203125, 37.5771484375, -22.873046875, 22.59296875])
array('d', [-17.458203125, 37.5771484375, -22.873046875, 22.59296875])
array('d', [-17.458203125, 37.5771484375, -22.873046875, 22.59296875])
array('d', [-14.984179687500001, 39.02421875, -22.873046875, 21.6126953125])
array('d', [-15.12421875, 38.7908203125, -23.246484375, 21.6126953125])
array('d', [-12.790234375, 40.331250000000004, -23.7599609375, 22.219531250000003])
array('d', [-12.790234375, 40.331250000000004, -25.487109375000003, 20.5390625])
array('d', [-11.0630859375, 43.9255859375, -24.46015625, 19.97890625])
array('d', [-8.2623046875, 45.839453125000006, -26.3740234375, 17.0380859375])
array('d', [-7.748828125, 45.839453125000006, -26.3740234375, 16.5712890625])
array('d', [-5.6015625, 45.559375, -26.980859375, 16.5712890625])
array('d', [-4.0611328125, 47.566601562500004, -26.700781250000002, 14.984179687500001])
array('d', [-2.3806640625, 48.453515625, -27.3076171875, 15.777734375000001])
array('d', [-2.3806640625, 48.453515625, -27.3076171875, 15.777734375000001])
array('d', [-1.6804687500000002, 50.274023437500006, -30.06171875, 12.9302734375])
array('d', [-1.6804687500000002, 51.814453125, -30.388476562500003, 12.790234375])
array('d', [-1.1203125, 51.814453125, -30.388476562500003, 12.790234375])
array('d', [-1.1203125, 51.814453125, -30.388476562500003, 12.790234375])
array('d', [-1.1203125, 51.814453125, -30.388476562500003, 12.790234375])
array('d', [0.8869140625, 52.561328125, -31.135351562500002, 9.0091796875])
array('d', [1.1203125, 53.868359375000004, -31.135351562500002, 9.0091796875])
array('d', [3.734375, 53.121484375, -31.6955078125, 8.915820312500001])
array('d', [3.267578125, 54.8953125, -33.095898437500004, 9.3359375])
array('d', [3.267578125, 54.8953125, -33.095898437500004, 7.7955078125])
array('d', [4.201171875, 55.922265625, -32.862500000000004, 7.7955078125])
array('d', [5.5082031250000005, 56.669140625000004, -33.609375, 8.02890625])
array('d', [5.5082031250000005, 56.669140625000004, -33.609375, 8.02890625])
array('d', [5.5082031250000005, 56.669140625000004, -33.609375, 8.02890625])
array('d', [7.1419921875000005, 57.135937500000004, -35.756640625, 5.788281250000001])
array('d', [7.1419921875000005, 57.135937500000004, -37.34375, 4.1544921875])
array('d', [8.1689453125, 57.32265625, -36.130078125000004, 1.587109375])
array('d', [8.1689453125, 57.32265625, -36.130078125000004, 1.587109375])
array('d', [10.082812500000001, 58.209570312500006, -36.130078125000004, 1.587109375])
array('d', [11.483203125000001, 60.170117187500004, -37.4837890625, 1.8205078125])
array('d', [11.016406250000001, 62.457421875, -38.27734375, 2.42734375])
array('d', [11.016406250000001, 62.457421875, -38.27734375, 2.42734375])
array('d', [11.016406250000001, 62.457421875, -38.27734375, 2.42734375])
array('d', [12.043359375000001, 61.7572265625, -39.164257812500004, 0.8402343750000001])
array('d', [14.7974609375, 61.943945312500006, -40.984765625, -0.6068359375])
array('d', [14.7974609375, 61.943945312500006, -40.984765625, -1.30703125])
array('d', [14.7974609375, 61.943945312500006, -43.505468750000006, -1.30703125])
array('d', [15.917773437500001, 63.204296875000004, -43.225390625, -3.5943359375000004])
array('d', [15.917773437500001, 63.204296875000004, -43.225390625, -3.5943359375000004])
array('d', [17.271484375, 65.16484375, -43.832226562500004, -5.2748046875000005])
array('d', [18.2517578125, 64.9314453125, -43.272070312500006, -6.3951171875])
array('d', [18.2517578125, 64.9314453125, -45.466015625000004, -5.694921875])
array('d', [18.9052734375, 66.19179687500001, -45.466015625000004, -5.694921875])
array('d', [20.865820312500002, 67.82558593750001, -44.999218750000004, -8.682421875000001])
array('d', [21.332617187500002, 67.40546875, -46.166210937500004, -8.122265625])
array('d', [21.332617187500002, 67.40546875, -46.166210937500004, -10.2228515625])
array('d', [22.499609375000002, 69.7861328125, -46.6796875, -10.2228515625])
array('d', [23.853320312500003, 69.179296875, -46.6796875, -10.2228515625])
array('d', [23.853320312500003, 69.179296875, -50.22734375, -12.696875])
array('d', [25.020312500000003, 69.27265625, -50.22734375, -12.696875])
array('d', [25.720507812500003, 71.32656250000001, -50.0873046875, -13.910546875000001])
array('d', [25.720507812500003, 71.32656250000001, -50.0873046875, -13.910546875000001])
array('d', [25.720507812500003, 71.32656250000001, -50.0873046875, -13.910546875000001])
array('d', [25.720507812500003, 71.32656250000001, -50.0873046875, -13.910546875000001])
array('d', [25.720507812500003, 71.32656250000001, -50.0873046875, -13.910546875000001])
array('d', [26.233984375000002, 71.4666015625, -50.974218750000006, -14.097265625])
array('d', [27.44765625, 73.473828125, -52.608007812500006, -15.2642578125])
array('d', [27.44765625, 73.473828125, -53.028125, -16.24453125])
array('d', [27.44765625, 73.473828125, -53.028125, -16.24453125])
array('d', [27.44765625, 73.473828125, -53.028125, -16.24453125])
array('d', [31.5087890625, 74.12734375000001, -53.634960937500004, -17.458203125])
array('d', [31.5087890625, 74.033984375, -56.342382812500006, -18.11171875])
array('d', [31.5087890625, 74.033984375, -56.342382812500006, -18.11171875])
array('d', [31.135351562500002, 75.9478515625, -55.5955078125, -18.85859375])
array('d', [31.8822265625, 76.18125, -55.82890625, -19.7455078125])
array('d', [34.3095703125, 76.087890625, -56.482421875, -22.0794921875])
array('d', [34.3095703125, 76.087890625, -56.482421875, -22.0794921875])
array('d', [35.429882812500004, 79.2154296875, -56.2490234375, -21.7060546875])
array('d', [36.5501953125, 79.26210937500001, -57.1826171875, -21.099218750000002])
array('d', [36.5501953125, 80.66250000000001, -56.3890625, -22.7796875])
array('d', [36.690234375, 80.66250000000001, -56.3890625, -22.7796875])
array('d', [37.4837890625, 81.7361328125, -58.302929687500004, -22.686328125000003])
array('d', [38.744140625, 82.57636718750001, -57.742773437500006, -21.519335937500003])
array('d', [38.744140625, 82.57636718750001, -58.536328125000004, -24.2734375])
array('d', [38.744140625, 82.57636718750001, -58.536328125000004, -24.2734375])
array('d', [38.744140625, 82.57636718750001, -58.536328125000004, -24.2734375])
array('d', [38.744140625, 82.57636718750001, -58.536328125000004, -24.2734375])
array('d', [41.031445312500004, 82.903125, -58.536328125000004, -24.2734375])
array('d', [40.424609375, 83.97675781250001, -58.9564453125, -25.066992187500002])
array('d', [40.4712890625, 85.4705078125, -59.8900390625, -24.366796875000002])
array('d', [40.4712890625, 85.4705078125, -59.8900390625, -24.366796875000002])
array('d', [40.4712890625, 85.4705078125, -59.8900390625, -24.366796875000002])
array('d', [42.478515625, 85.423828125, -58.81640625, -24.646875])
array('d', [42.75859375, 85.14375000000001, -58.442968750000006, -22.6396484375])
array('d', [42.75859375, 85.14375000000001, -59.096484375, -24.2734375])
array('d', [42.75859375, 85.14375000000001, -59.096484375, -24.2734375])
array('d', [42.75859375, 85.14375000000001, -59.096484375, -24.2734375])
array('d', [44.62578125, 84.5369140625, -59.096484375, -24.2734375])
array('d', [42.9453125, 85.4705078125, -58.3962890625, -23.433203125000002])
array('d', [42.9919921875, 87.01093750000001, -60.2634765625, -24.0400390625])
array('d', [42.9919921875, 86.73085937500001, -59.3298828125, -23.666601562500002])
array('d', [41.7783203125, 86.73085937500001, -59.3298828125, -23.666601562500002])
array('d', [41.871679687500006, 87.7578125, -57.8828125, -24.2267578125])
array('d', [44.205664062500006, 86.54414062500001, -59.4232421875, -23.153125000000003])
array('d', [44.205664062500006, 86.54414062500001, -59.4232421875, -23.153125000000003])
array('d', [44.299023437500004, 85.9373046875, -59.3298828125, -24.600195312500002])
array('d', [42.291796875, 86.96425781250001, -58.349609375, -24.2267578125])
array('d', [42.291796875, 86.96425781250001, -58.81640625, -22.919726562500003])
array('d', [41.544921875, 85.5171875, -58.81640625, -22.919726562500003])
array('d', [42.478515625, 87.8044921875, -58.909765625000006, -22.966406250000002])
array('d', [43.6455078125, 85.050390625, -58.723046875, -23.4798828125])
array('d', [44.25234375, 85.14375000000001, -59.469921875000004, -25.113671875])
array('d', [44.25234375, 85.14375000000001, -59.469921875000004, -25.113671875])
array('d', [41.4515625, 84.303515625, -58.769726562500004, -25.113671875])
array('d', [41.3115234375, 85.37714843750001, -58.442968750000006, -24.0400390625])
array('d', [41.3115234375, 85.37714843750001, -58.442968750000006, -24.0400390625])
array('d', [41.3115234375, 85.37714843750001, -58.442968750000006, -24.0400390625])
array('d', [40.984765625, 84.7703125, -58.25625, -23.71328125])
array('d', [40.984765625, 84.7703125, -57.5560546875, -23.2931640625])
array('d', [42.898632812500004, 84.21015625000001, -57.5560546875, -23.2931640625])
array('d', [42.898632812500004, 84.21015625000001, -57.5560546875, -23.2931640625])
array('d', [42.898632812500004, 84.21015625000001, -57.5560546875, -23.2931640625])
array('d', [41.264843750000004, 81.9228515625, -58.069531250000004, -24.786914062500003])
array('d', [40.424609375, 83.83671875, -59.236523437500004, -24.6935546875])
array('d', [38.6041015625, 82.623046875, -58.3962890625, -25.39375])
array('d', [38.6041015625, 82.623046875, -58.162890625, -24.2267578125])
array('d', [41.031445312500004, 82.06289062500001, -58.162890625, -24.2267578125])
array('d', [42.198437500000004, 83.22988281250001, -58.81640625, -24.086718750000003])
array('d', [40.8447265625, 80.3357421875, -58.349609375, -24.2267578125])
array('d', [40.8447265625, 80.3357421875, -58.349609375, -24.2267578125])
array('d', [39.7244140625, 82.2029296875, -55.82890625, -24.5068359375])
array('d', [38.65078125, 81.7828125, -56.342382812500006, -23.199804687500002])
array('d', [38.65078125, 81.7828125, -56.342382812500006, -22.3595703125])
array('d', [38.65078125, 81.7828125, -56.342382812500006, -22.3595703125])
array('d', [38.65078125, 81.7828125, -56.342382812500006, -22.3595703125])
array('d', [38.65078125, 81.7828125, -56.342382812500006, -22.3595703125])
array('d', [39.0708984375, 80.66250000000001, -55.45546875, -22.3595703125])
array('d', [40.331250000000004, 79.6822265625, -56.3890625, -21.6126953125])
array('d', [39.677734375, 79.6822265625, -56.202343750000004, -22.686328125000003])
array('d', [39.677734375, 79.6822265625, -55.3154296875, -23.1064453125])
array('d', [39.4443359375, 80.47578125, -55.3154296875, -23.1064453125])
array('d', [36.363476562500004, 81.96953125, -54.941992187500006, -21.8927734375])
array('d', [37.250390625, 79.49550781250001, -54.241796875000006, -18.85859375])
array('d', [37.250390625, 79.49550781250001, -54.475195312500006, -21.4259765625])
array('d', [37.0169921875, 78.2818359375, -54.475195312500006, -21.4259765625])
array('d', [37.530468750000004, 77.16152343750001, -55.268750000000004, -20.1189453125])
array('d', [37.763867187500004, 77.3015625, -53.3548828125, -21.799414062500002])
array('d', [37.763867187500004, 77.3015625, -53.3548828125, -21.84609375])
array('d', [37.437109375, 79.1220703125, -55.6888671875, -21.84609375])
array('d', [37.063671875000004, 77.39492187500001, -54.8953125, -20.35234375])
array('d', [37.063671875000004, 78.56191406250001, -52.748046875, -22.032812500000002])
array('d', [38.557421875, 78.56191406250001, -52.748046875, -22.032812500000002])
array('d', [37.1103515625, 77.5349609375, -54.568554687500004, -21.099218750000002])
array('d', [38.464062500000004, 78.6552734375, -52.934765625000004, -20.6791015625])
array('d', [38.464062500000004, 78.6552734375, -52.934765625000004, -20.6791015625])
array('d', [38.464062500000004, 78.6552734375, -52.934765625000004, -20.6791015625])
array('d', [38.464062500000004, 78.6552734375, -52.934765625000004, -20.6791015625])
array('d', [38.464062500000004, 78.6552734375, -52.934765625000004, -20.6791015625])
array('d', [38.090625, 78.3751953125, -55.408789062500006, -22.59296875])
array('d', [38.090625, 78.3751953125, -55.408789062500006, -22.7796875])
array('d', [39.02421875, 80.6158203125, -57.0892578125, -22.7796875])
array('d', [39.02421875, 80.6158203125, -57.0892578125, -22.7796875])
array('d', [41.031445312500004, 81.0359375, -56.2490234375, -23.386523437500003])
array('d', [42.38515625, 80.2890625, -57.6494140625, -24.086718750000003])
array('d', [40.14453125, 82.34296875000001, -57.1826171875, -25.6271484375])
array('d', [40.14453125, 82.34296875000001, -57.1826171875, -25.6271484375])
array('d', [40.14453125, 82.34296875000001, -57.1826171875, -25.6271484375])
array('d', [40.14453125, 82.34296875000001, -57.1826171875, -25.6271484375])
array('d', [40.14453125, 82.34296875000001, -57.1826171875, -25.6271484375])
array('d', [41.918359375, 84.16347656250001, -57.229296875, -25.58046875])
array('d', [42.9919921875, 83.04316406250001, -59.4232421875, -25.066992187500002])
array('d', [42.9919921875, 85.14375000000001, -59.003125000000004, -25.300390625000002])
array('d', [44.439062500000006, 85.14375000000001, -59.003125000000004, -25.300390625000002])
array('d', [44.1123046875, 84.116796875, -59.7966796875, -28.101171875000002])
array('d', [43.505468750000006, 84.3501953125, -60.403515625000004, -27.120898437500003])
array('d', [43.505468750000006, 85.7505859375, -59.8900390625, -27.167578125000002])
array('d', [43.505468750000006, 85.7505859375, -59.8900390625, -27.167578125000002])
array('d', [43.6921875, 85.7505859375, -59.8900390625, -27.727734375])
array('d', [44.62578125, 88.9248046875, -58.8630859375, -27.727734375])
array('d', [48.033398437500004, 88.31796875, -61.7572265625, -26.420703125000003])
array('d', [47.61328125, 87.104296875, -61.43046875, -26.654101562500003])
array('d', [47.61328125, 87.104296875, -61.43046875, -28.4279296875])
array('d', [46.8197265625, 88.41132812500001, -60.216796875, -28.4279296875])
array('d', [46.4462890625, 88.17792968750001, -61.010351562500006, -28.19453125])
array('d', [47.1931640625, 90.1384765625, -59.843359375000006, -27.7744140625])
array('d', [50.4140625, 88.2712890625, -61.6171875, -28.1478515625])
array('d', [50.4140625, 89.625, -61.943945312500006, -28.287890625000003])
array('d', [49.760546875, 89.625, -61.943945312500006, -28.287890625000003])
array('d', [48.6869140625, 91.44550781250001, -60.9169921875, -26.934179687500002])
array('d', [47.566601562500004, 91.2587890625, -62.5974609375, -28.474609375])
array('d', [47.566601562500004, 91.2587890625, -62.5974609375, -28.474609375])
array('d', [49.760546875, 92.14570312500001, -61.6638671875, -28.1478515625])
array('d', [50.7875, 91.772265625, -62.2240234375, -29.501562500000002])
array('d', [50.507421875000006, 90.55859375, -62.083984375, -28.054492187500003])
array('d', [48.2201171875, 89.43828125, -62.55078125, -28.6146484375])
array('d', [48.2201171875, 89.43828125, -62.1306640625, -30.435156250000002])
array('d', [47.61328125, 92.705859375, -62.1306640625, -30.435156250000002])
array('d', [48.2201171875, 91.772265625, -62.3640625, -28.94140625])
array('d', [50.274023437500006, 90.3251953125, -61.05703125, -27.7744140625])
array('d', [50.274023437500006, 91.3521484375, -61.010351562500006, -28.287890625000003])
array('d', [49.29375, 91.3521484375, -61.010351562500006, -28.287890625000003])
array('d', [47.61328125, 91.86562500000001, -60.9169921875, -29.034765625000002])
array('d', [45.932812500000004, 91.11875, -61.05703125, -28.661328125])
array('d', [46.399609375000004, 90.838671875, -60.1234375, -27.2609375])
array('d', [48.546875, 90.1384765625, -62.410742187500006, -28.567968750000002])
array('d', [48.546875, 90.1384765625, -62.3640625, -27.727734375])
array('d', [47.053125, 88.13125000000001, -62.3640625, -27.727734375])
array('d', [47.053125, 88.13125000000001, -62.3640625, -27.727734375])
array('d', [47.053125, 88.13125000000001, -62.3640625, -27.727734375])
array('d', [47.053125, 88.13125000000001, -62.3640625, -27.727734375])
array('d', [42.665234375000004, 87.89785156250001, -62.083984375, -28.4279296875])
array('d', [44.672460937500006, 89.718359375, -61.337109375000004, -28.4279296875])
array('d', [46.166210937500004, 90.4185546875, -61.6171875, -26.934179687500002])
array('d', [46.166210937500004, 90.4185546875, -61.6171875, -26.934179687500002])
array('d', [46.866406250000004, 88.41132812500001, -62.457421875, -28.19453125])
array('d', [45.092578125, 88.971484375, -63.391015625, -27.727734375])
array('d', [45.092578125, 88.971484375, -61.7572265625, -28.6146484375])
array('d', [45.092578125, 88.971484375, -61.7572265625, -28.6146484375])
array('d', [42.851953125, 88.41132812500001, -63.1576171875, -27.6810546875])
array('d', [42.851953125, 85.84394531250001, -62.083984375, -27.0275390625])
array('d', [42.9919921875, 85.84394531250001, -62.083984375, -26.5140625])
array('d', [42.9919921875, 85.84394531250001, -62.083984375, -26.5140625])
array('d', [42.9919921875, 85.84394531250001, -62.083984375, -26.5140625])
array('d', [42.851953125, 86.96425781250001, -61.1970703125, -26.5140625])
array('d', [40.331250000000004, 84.67695312500001, -59.56328125, -24.740234375])
array('d', [39.2109375, 84.63027343750001, -58.0228515625, -24.6935546875])
array('d', [39.2109375, 84.63027343750001, -58.0228515625, -24.6935546875])
array('d', [39.2109375, 84.63027343750001, -58.0228515625, -24.6935546875])
array('d', [39.3509765625, 84.63027343750001, -56.108984375000006, -22.59296875])
array('d', [39.117578125, 83.7900390625, -55.875585937500006, -21.84609375])
array('d', [39.117578125, 82.71640625, -54.3818359375, -20.35234375])
array('d', [39.117578125, 82.71640625, -54.3818359375, -20.35234375])
array('d', [37.530468750000004, 81.876171875, -54.241796875000006, -21.005859375])
array('d', [36.2234375, 82.8564453125, -53.308203125000006, -20.165625000000002])
array('d', [36.9703125, 83.4166015625, -53.868359375000004, -18.391796875])
array('d', [39.117578125, 83.04316406250001, -54.521875, -19.325390625])
array('d', [38.230664062500004, 81.502734375, -53.8216796875, -18.765234375000002])
array('d', [38.230664062500004, 82.0162109375, -53.775000000000006, -19.512109375])
array('d', [37.6705078125, 82.0162109375, -53.775000000000006, -19.512109375])
array('d', [36.03671875, 83.6033203125, -54.3818359375, -20.165625000000002])
array('d', [36.2234375, 83.27656250000001, -54.3818359375, -20.165625000000002])
array('d', [36.2234375, 83.27656250000001, -54.3818359375, -20.165625000000002])
array('d', [38.5107421875, 82.3896484375, -52.748046875, -20.0255859375])
array('d', [38.5107421875, 82.3896484375, -54.2884765625, -19.512109375])
array('d', [39.2109375, 81.0359375, -54.2884765625, -19.512109375])
array('d', [36.503515625, 79.7755859375, -53.074804687500006, -18.1583984375])
array('d', [35.429882812500004, 81.12929687500001, -50.694140625, -18.48515625])
array('d', [35.429882812500004, 82.4830078125, -51.767773437500004, -19.41875])
array('d', [35.009765625, 82.4830078125, -51.767773437500004, -19.41875])
array('d', [36.2701171875, 82.06289062500001, -51.1142578125, -19.0453125])
array('d', [36.1767578125, 81.9228515625, -53.634960937500004, -18.298437500000002])
array('d', [36.1767578125, 80.66250000000001, -51.254296875, -17.178125])
array('d', [35.756640625, 80.66250000000001, -51.254296875, -17.178125])
array('d', [35.756640625, 80.66250000000001, -51.1609375, -19.5587890625])
array('d', [33.04921875, 79.26210937500001, -51.1609375, -17.458203125])
array('d', [32.582421875, 78.9353515625, -50.5541015625, -17.458203125])
array('d', [33.095898437500004, 79.822265625, -49.5271484375, -15.591015625])
array('d', [34.4029296875, 77.86171875000001, -51.067578125000004, -15.6376953125])
array('d', [34.4029296875, 77.86171875000001, -51.067578125000004, -16.0111328125])
array('d', [32.4423828125, 76.69472656250001, -49.760546875, -16.0111328125])
array('d', [31.135351562500002, 75.1076171875, -51.067578125000004, -17.4115234375])
array('d', [29.734960937500002, 77.62832031250001, -50.4607421875, -16.898046875000002])
array('d', [29.734960937500002, 77.62832031250001, -50.4607421875, -18.4384765625])
array('d', [30.06171875, 78.421875, -50.507421875000006, -18.4384765625])
array('d', [30.06171875, 78.421875, -50.507421875000006, -18.4384765625])
array('d', [30.06171875, 74.4541015625, -52.234570312500004, -15.3576171875])
array('d', [31.788867187500003, 74.4541015625, -52.234570312500004, -15.3576171875])
array('d', [32.022265625, 75.5744140625, -51.441015625000006, -16.524609375])
array('d', [31.6955078125, 74.6875, -50.1806640625, -16.524609375])
array('d', [31.6955078125, 74.6875, -50.1806640625, -17.0380859375])
array('d', [29.781640625, 75.3876953125, -50.1806640625, -16.898046875000002])
array('d', [30.2951171875, 75.76113281250001, -49.0603515625, -17.5515625])
array('d', [31.462109375, 76.1345703125, -49.573828125000006, -16.8046875])
array('d', [31.462109375, 76.74140625, -50.694140625, -17.4115234375])
array('d', [33.095898437500004, 76.74140625, -50.694140625, -17.4115234375])
array('d', [32.115625, 75.154296875, -50.600781250000004, -19.7921875])
array('d', [31.9755859375, 77.955078125, -50.740820312500006, -18.4384765625])
array('d', [31.9755859375, 76.5546875, -50.9275390625, -18.11171875])
array('d', [30.855273437500003, 76.5546875, -50.9275390625, -18.6251953125])
array('d', [30.855273437500003, 76.5546875, -50.9275390625, -18.6251953125])
array('d', [30.855273437500003, 76.5546875, -50.9275390625, -18.6251953125])
array('d', [33.516015625, 75.29433593750001, -51.8611328125, -18.8119140625])
array('d', [33.8427734375, 75.29433593750001, -52.09453125, -20.632421875000002])
array('d', [34.3095703125, 76.6013671875, -52.09453125, -20.632421875000002])
array('d', [34.3095703125, 76.6013671875, -52.09453125, -20.632421875000002])
array('d', [33.095898437500004, 76.648046875, -51.627734375, -18.8119140625])
array('d', [33.142578125, 77.86171875000001, -50.5541015625, -18.765234375000002])
array('d', [34.076171875, 77.5349609375, -51.1609375, -19.2787109375])
array('d', [34.076171875, 77.5349609375, -51.1609375, -18.391796875])
array('d', [34.54296875, 76.1345703125, -50.974218750000006, -18.391796875])
array('d', [34.449609375, 77.2548828125, -49.29375, -19.7921875])
array('d', [34.35625, 76.274609375, -51.814453125, -19.60546875])
array('d', [34.35625, 76.274609375, -51.814453125, -19.60546875])
array('d', [34.35625, 76.274609375, -51.814453125, -19.60546875])
array('d', [34.35625, 76.274609375, -51.814453125, -19.0453125])
array('d', [32.162304687500004, 76.9748046875, -51.72109375, -19.0453125])
array('d', [32.629101562500004, 76.648046875, -51.254296875, -21.84609375])
array('d', [32.629101562500004, 76.648046875, -51.254296875, -21.84609375])
array('d', [32.629101562500004, 76.648046875, -51.254296875, -21.84609375])
array('d', [36.1767578125, 76.6013671875, -50.367382812500004, -19.512109375])
array('d', [34.1228515625, 75.714453125, -51.72109375, -19.465429687500002])
array('d', [36.41015625, 76.92812500000001, -50.834179687500004, -19.41875])
array('d', [36.41015625, 76.92812500000001, -50.834179687500004, -19.41875])
array('d', [36.41015625, 76.92812500000001, -50.834179687500004, -19.41875])
array('d', [36.41015625, 76.92812500000001, -50.834179687500004, -19.41875])
array('d', [34.729687500000004, 76.74140625, -52.5146484375, -19.3720703125])
array('d', [34.729687500000004, 76.74140625, -52.5146484375, -19.3720703125])
array('d', [33.796093750000004, 76.087890625, -51.907812500000006, -21.005859375])
array('d', [33.6560546875, 76.087890625, -51.907812500000006, -21.005859375])
array('d', [33.6560546875, 76.087890625, -51.907812500000006, -21.005859375])
array('d', [33.6560546875, 76.087890625, -51.907812500000006, -21.005859375])
array('d', [33.6560546875, 76.087890625, -51.907812500000006, -21.005859375])
array('d', [33.6560546875, 76.087890625, -51.907812500000006, -21.005859375])
array('d', [33.6560546875, 76.087890625, -52.5146484375, -20.632421875000002])
array('d', [35.943359375, 74.407421875, -52.6546875, -20.632421875000002])
array('d', [35.1498046875, 76.36796875, -51.814453125, -22.1728515625])
array('d', [35.1498046875, 76.36796875, -51.814453125, -22.1728515625])
array('d', [35.1498046875, 76.36796875, -51.814453125, -22.1728515625])
array('d', [35.1498046875, 76.36796875, -51.814453125, -22.1728515625])
array('d', [34.496289062500004, 78.6552734375, -52.187890625, -21.986132812500003])
array('d', [34.496289062500004, 78.98203125, -50.880859375, -22.126171875])
array('d', [35.3365234375, 78.98203125, -50.880859375, -22.126171875])
array('d', [39.2109375, 78.98203125, -50.880859375, -22.126171875])
array('d', [39.2109375, 78.98203125, -50.880859375, -22.126171875])
array('d', [39.2109375, 78.98203125, -50.880859375, -22.126171875])
array('d', [39.2109375, 79.075390625, -53.7283203125, -21.6126953125])
array('d', [38.0439453125, 79.5888671875, -53.7283203125, -21.6126953125])
array('d', [39.677734375, 79.075390625, -54.2884765625, -24.833593750000002])
array('d', [36.830273437500004, 81.409375, -54.801953125000004, -23.993359375])
array('d', [36.830273437500004, 81.409375, -54.801953125000004, -23.900000000000002])
array('d', [38.744140625, 82.15625, -55.2220703125, -23.900000000000002])
array('d', [38.744140625, 82.15625, -55.2220703125, -23.900000000000002])
array('d', [41.5916015625, 82.249609375, -57.6494140625, -25.767187500000002])
array('d', [41.825, 82.34296875000001, -58.349609375, -26.233984375000002])
array('d', [41.825, 82.34296875000001, -59.18984375, -29.0814453125])
array('d', [41.498242187500004, 85.79726562500001, -59.18984375, -29.0814453125])
array('d', [42.01171875, 87.43105468750001, -59.236523437500004, -27.914453125])
array('d', [44.205664062500006, 88.31796875, -58.442968750000006, -27.587695312500003])
array('d', [46.539648437500006, 85.6572265625, -60.870312500000004, -28.7080078125])
array('d', [46.539648437500006, 85.6572265625, -60.870312500000004, -29.408203125])
array('d', [44.439062500000006, 86.07734375000001, -61.477148437500006, -29.408203125])
array('d', [43.87890625, 86.917578125, -59.3298828125, -28.6146484375])
array('d', [43.505468750000006, 88.2712890625, -59.283203125, -28.661328125])
array('d', [43.505468750000006, 88.2712890625, -59.283203125, -28.661328125])
array('d', [45.279296875, 88.7380859375, -59.469921875000004, -28.287890625000003])
array('d', [47.61328125, 89.29824218750001, -59.0498046875, -28.287890625000003])
array('d', [47.61328125, 89.29824218750001, -59.0498046875, -28.287890625000003])
array('d', [47.61328125, 89.29824218750001, -59.0498046875, -28.287890625000003])
array('d', [47.61328125, 89.29824218750001, -59.0498046875, -27.867773437500002])
array('d', [45.8861328125, 86.82421875, -60.310156250000006, -29.6416015625])
array('d', [44.672460937500006, 89.11152343750001, -59.7966796875, -29.31484375])
array('d', [44.672460937500006, 89.11152343750001, -59.7966796875, -29.6416015625])
array('d', [44.672460937500006, 89.11152343750001, -59.7966796875, -29.6416015625])
array('d', [44.672460937500006, 89.11152343750001, -59.7966796875, -29.6416015625])
array('d', [42.38515625, 89.99843750000001, -60.7302734375, -29.6416015625])
array('d', [45.839453125000006, 92.0056640625, -60.963671875, -29.968359375000002])
array('d', [45.839453125000006, 88.971484375, -63.0642578125, -28.848046875])
array('d', [46.3529296875, 90.18515625, -62.1306640625, -29.5482421875])
array('d', [45.092578125, 90.18515625, -62.1306640625, -30.715234375])
array('d', [46.072851562500006, 92.1923828125, -61.710546875000006, -30.715234375])
array('d', [45.0458984375, 92.1923828125, -61.710546875000006, -30.715234375])
array('d', [45.0458984375, 92.1923828125, -61.710546875000006, -30.715234375])
array('d', [45.0458984375, 90.8853515625, -61.990625, -29.128125])
array('d', [48.033398437500004, 92.56582031250001, -61.1970703125, -29.128125])
array('d', [47.3798828125, 90.74531250000001, -62.6908203125, -30.2951171875])
array('d', [47.3798828125, 91.86562500000001, -64.04453125, -30.4818359375])
array('d', [45.5126953125, 91.86562500000001, -64.04453125, -30.4818359375])
array('d', [44.999218750000004, 92.61250000000001, -62.270703125000004, -30.668554687500002])
array('d', [45.466015625000004, 94.3396484375, -59.8900390625, -31.2287109375])
array('d', [45.466015625000004, 94.3396484375, -62.504101562500004, -30.155078125000003])
array('d', [48.2201171875, 92.7525390625, -62.504101562500004, -30.155078125000003])
array('d', [46.212890625, 92.33242187500001, -61.010351562500006, -28.6146484375])
array('d', [45.0458984375, 92.05234375, -61.103710937500004, -31.0419921875])
array('d', [45.0458984375, 95.17988281250001, -62.2240234375, -29.875])
array('d', [43.0853515625, 95.17988281250001, -62.2240234375, -29.875])
array('d', [44.345703125, 94.10625, -60.9169921875, -29.0814453125])
array('d', [44.345703125, 94.9931640625, -59.8900390625, -29.0814453125])
array('d', [44.905859375000006, 94.9931640625, -59.8900390625, -28.7080078125])
array('d', [45.699414062500004, 92.7525390625, -62.3640625, -29.128125])
array('d', [45.699414062500004, 92.7525390625, -62.3640625, -29.128125])
array('d', [45.699414062500004, 92.7525390625, -62.3640625, -29.128125])
array('d', [45.699414062500004, 92.7525390625, -62.3640625, -29.128125])
array('d', [42.9919921875, 94.66640625000001, -60.543554687500006, -30.621875000000003])
array('d', [42.9919921875, 94.66640625000001, -60.543554687500006, -29.0814453125])
array('d', [44.3923828125, 96.30019531250001, -60.543554687500006, -29.0814453125])
array('d', [45.5126953125, 94.43300781250001, -61.010351562500006, -28.334570312500002])
array('d', [45.279296875, 91.958984375, -60.8236328125, -30.1083984375])
array('d', [45.279296875, 91.958984375, -60.8236328125, -29.268164062500002])
array('d', [41.7783203125, 92.37910156250001, -62.410742187500006, -29.268164062500002])
array('d', [41.6849609375, 93.31269531250001, -63.110937500000006, -29.034765625000002])
array('d', [41.6849609375, 92.6591796875, -61.477148437500006, -28.101171875000002])
array('d', [43.5521484375, 92.6591796875, -61.477148437500006, -28.101171875000002])
array('d', [43.272070312500006, 92.61250000000001, -60.963671875, -26.607421875])
array('d', [41.825, 91.8189453125, -60.870312500000004, -27.3076171875])
array('d', [41.825, 91.8189453125, -58.9564453125, -27.120898437500003])
array('d', [39.164257812500004, 90.651953125, -58.9564453125, -27.120898437500003])
array('d', [38.744140625, 91.3521484375, -59.283203125, -28.4279296875])
array('d', [40.6580078125, 91.4921875, -57.0892578125, -27.3076171875])
array('d', [40.6580078125, 91.21210937500001, -58.0228515625, -25.767187500000002])
array('d', [39.9578125, 91.21210937500001, -58.0228515625, -25.767187500000002])
array('d', [39.9578125, 91.21210937500001, -58.0228515625, -25.767187500000002])
array('d', [39.9578125, 91.21210937500001, -58.0228515625, -25.767187500000002])
array('d', [39.9578125, 91.21210937500001, -58.0228515625, -25.767187500000002])
array('d', [37.623828125, 87.6177734375, -57.369335937500004, -24.833593750000002])
array('d', [35.5232421875, 88.7380859375, -57.4626953125, -25.720507812500003])
array('d', [35.5232421875, 88.59804687500001, -58.81640625, -24.366796875000002])
array('d', [35.5232421875, 88.59804687500001, -58.81640625, -24.366796875000002])
array('d', [38.930859375000004, 87.8044921875, -58.6296875, -25.767187500000002])
array('d', [38.930859375000004, 89.2515625, -60.543554687500006, -26.887500000000003])
array('d', [39.9578125, 89.2515625, -60.543554687500006, -26.887500000000003])
array('d', [38.1373046875, 88.83144531250001, -59.843359375000006, -27.167578125000002])
array('d', [37.7171875, 90.4185546875, -61.43046875, -28.2412109375])
array('d', [37.7171875, 91.91230468750001, -63.671093750000004, -27.9611328125])
array('d', [39.304296875, 91.91230468750001, -63.671093750000004, -27.9611328125])
array('d', [39.304296875, 91.91230468750001, -63.671093750000004, -27.9611328125])
array('d', [39.304296875, 91.91230468750001, -63.671093750000004, -27.9611328125])
array('d', [40.7046875, 89.76503906250001, -62.970898437500004, -29.454882812500003])
array('d', [40.984765625, 92.56582031250001, -62.644140625000006, -30.9953125])
array('d', [40.984765625, 93.1259765625, -62.970898437500004, -29.034765625000002])
array('d', [40.984765625, 93.1259765625, -62.970898437500004, -29.034765625000002])
array('d', [40.2845703125, 92.61250000000001, -62.504101562500004, -30.201757812500002])
array('d', [41.3115234375, 93.8728515625, -62.970898437500004, -30.155078125000003])
array('d', [41.3115234375, 94.43300781250001, -63.110937500000006, -30.155078125000003])
array('d', [41.3115234375, 94.43300781250001, -63.110937500000006, -30.155078125000003])
array('d', [41.3115234375, 94.43300781250001, -63.110937500000006, -30.155078125000003])
array('d', [41.3115234375, 94.43300781250001, -63.110937500000006, -30.155078125000003])
array('d', [43.225390625, 94.43300781250001, -63.110937500000006, -29.781640625])
array('d', [42.431835937500004, 95.2732421875, -62.970898437500004, -29.781640625])
array('d', [41.078125, 95.2265625, -64.511328125, -31.7421875])
array('d', [41.078125, 96.8603515625, -64.79140625000001, -30.528515625])
array('d', [40.3779296875, 96.8603515625, -64.79140625000001, -30.528515625])
array('d', [44.5791015625, 98.494140625, -65.02480468750001, -29.875])
array('d', [46.399609375000004, 98.77421875, -64.884765625, -29.8283203125])
array('d', [46.399609375000004, 98.77421875, -64.884765625, -29.8283203125])
array('d', [46.399609375000004, 98.77421875, -64.884765625, -29.8283203125])
array('d', [44.8591796875, 99.61445312500001, -66.7052734375, -31.9755859375])
array('d', [44.8591796875, 99.61445312500001, -66.7052734375, -31.835546875000002])
array('d', [44.62578125, 99.10097656250001, -65.6783203125, -31.835546875000002])
array('d', [44.62578125, 99.10097656250001, -65.6783203125, -31.835546875000002])
array('d', [44.62578125, 99.10097656250001, -65.6783203125, -31.835546875000002])
array('d', [43.132031250000004, 101.43496093750001, -66.65859375000001, -32.2556640625])
array('d', [45.932812500000004, 101.48164062500001, -68.8525390625, -32.9091796875])
array('d', [46.2595703125, 101.6216796875, -67.7322265625, -31.648828125])
array('d', [46.2595703125, 101.6216796875, -67.7322265625, -31.648828125])
array('d', [46.2595703125, 101.6216796875, -67.7322265625, -31.648828125])
array('d', [46.539648437500006, 102.975390625, -68.15234375, -33.1892578125])
array('d', [46.539648437500006, 103.4421875, -68.3390625, -32.30234375])
array('d', [45.232617187500004, 103.4421875, -68.3390625, -32.30234375])
array('d', [45.9794921875, 105.12265625, -66.751953125, -31.9755859375])
array('d', [48.640234375000006, 102.788671875, -68.619140625, -32.022265625])
array('d', [48.640234375000006, 102.788671875, -68.1056640625, -31.648828125])
array('d', [48.7802734375, 105.21601562500001, -68.1056640625, -31.648828125])
array('d', [46.11953125, 105.86953125000001, -70.486328125, -32.629101562500004])
array('d', [45.559375, 107.50332031250001, -68.245703125, -32.7224609375])
array('d', [45.559375, 107.50332031250001, -68.245703125, -32.30234375])
array('d', [46.026171875, 107.78339843750001, -66.7986328125, -32.30234375])
array('d', [47.333203125000004, 106.80312500000001, -69.9728515625, -32.395703125000004])
array('d', [46.4462890625, 107.31660156250001, -68.89921875, -31.7421875])
array('d', [46.4462890625, 107.31660156250001, -68.89921875, -31.788867187500003])
array('d', [46.4462890625, 107.31660156250001, -68.89921875, -31.788867187500003])
array('d', [46.4462890625, 107.31660156250001, -68.89921875, -31.788867187500003])
array('d', [43.225390625, 108.8103515625, -68.1056640625, -31.322070312500003])
array('d', [44.719140625, 107.36328125, -69.366015625, -31.322070312500003])
array('d', [47.3798828125, 109.41718750000001, -68.9458984375, -31.648828125])
array('d', [47.3798828125, 109.13710937500001, -69.0392578125, -30.9486328125])
array('d', [47.4265625, 109.13710937500001, -69.0392578125, -30.9486328125])
array('d', [45.092578125, 108.48359375000001, -70.85976562500001, -31.7421875])
array('d', [42.75859375, 108.25019531250001, -68.619140625, -32.5357421875])
array('d', [42.75859375, 106.98984375, -69.552734375, -31.135351562500002])
array('d', [44.719140625, 106.98984375, -69.552734375, -31.135351562500002])
array('d', [43.272070312500006, 104.93593750000001, -69.552734375, -29.875])
array('d', [41.4515625, 104.93593750000001, -67.35878906250001, -30.435156250000002])
array('d', [41.4515625, 107.36328125, -67.35878906250001, -28.474609375])
array('d', [39.7244140625, 106.7564453125, -67.35878906250001, -28.474609375])
array('d', [40.424609375, 105.589453125, -67.965625, -29.1748046875])
array('d', [40.424609375, 105.589453125, -67.965625, -29.1748046875])
array('d', [40.424609375, 105.589453125, -67.965625, -29.1748046875])
array('d', [42.2451171875, 104.51582031250001, -65.72500000000001, -28.334570312500002])
array('d', [40.564648437500004, 105.49609375, -65.6783203125, -28.19453125])
array('d', [40.564648437500004, 105.49609375, -65.631640625, -28.754687500000003])
array('d', [39.164257812500004, 103.76894531250001, -65.631640625, -28.754687500000003])
array('d', [37.8572265625, 105.0759765625, -64.55800781250001, -29.734960937500002])
array('d', [37.7171875, 103.3955078125, -65.7716796875, -28.754687500000003])
array('d', [37.7171875, 103.3955078125, -65.7716796875, -27.727734375])
array('d', [37.7171875, 103.3955078125, -65.7716796875, -27.727734375])
array('d', [37.7171875, 103.3955078125, -65.7716796875, -27.727734375])
array('d', [37.7171875, 103.3955078125, -65.7716796875, -27.727734375])
array('d', [39.304296875, 100.54804687500001, -66.6119140625, -27.727734375])
array('d', [36.78359375, 102.975390625, -65.16484375, -27.4943359375])
array('d', [36.6435546875, 104.37578125, -67.12539062500001, -29.594921875])
array('d', [36.6435546875, 104.37578125, -67.12539062500001, -29.594921875])
array('d', [37.15703125, 104.00234375000001, -68.7125, -30.0150390625])
array('d', [38.744140625, 104.5625, -69.179296875, -28.474609375])
array('d', [38.744140625, 104.5625, -69.179296875, -29.0814453125])
array('d', [38.744140625, 104.5625, -69.179296875, -29.0814453125])
array('d', [38.744140625, 104.5625, -69.179296875, -29.0814453125])
array('d', [38.744140625, 104.5625, -69.179296875, -29.0814453125])
array('d', [40.611328125, 104.6091796875, -69.739453125, -31.275390625])
array('d', [37.0169921875, 104.04902343750001, -70.2529296875, -31.275390625])
array('d', [37.15703125, 105.8228515625, -70.20625, -30.4818359375])
array('d', [38.27734375, 105.8228515625, -69.5994140625, -29.408203125])
array('d', [38.27734375, 105.44941406250001, -69.9728515625, -29.921679687500003])
array('d', [40.14453125, 104.8892578125, -69.9728515625, -29.921679687500003])
array('d', [40.7513671875, 102.5552734375, -70.7197265625, -30.1083984375])
array('d', [40.7513671875, 102.5552734375, -70.7197265625, -30.1083984375])
array('d', [40.7513671875, 102.5552734375, -70.7197265625, -30.1083984375])
array('d', [36.03671875, 104.842578125, -70.01953125, -31.7421875])
array('d', [37.15703125, 105.44941406250001, -69.1326171875, -29.3615234375])
array('d', [39.864453125000004, 106.4296875, -69.22597656250001, -29.31484375])
array('d', [39.864453125000004, 106.4296875, -69.22597656250001, -29.31484375])
array('d', [40.4712890625, 105.309375, -69.1326171875, -29.0814453125])
array('d', [39.117578125, 104.5625, -69.5060546875, -28.6146484375])
array('d', [39.117578125, 104.5625, -69.7861328125, -29.034765625000002])
array('d', [39.117578125, 104.5625, -69.7861328125, -29.034765625000002])
array('d', [37.9505859375, 107.4099609375, -69.7861328125, -29.034765625000002])
array('d', [39.864453125000004, 107.97011718750001, -68.3857421875, -29.454882812500003])
array('d', [41.3115234375, 107.73671875000001, -69.22597656250001, -28.334570312500002])
array('d', [41.3115234375, 107.73671875000001, -69.22597656250001, -28.334570312500002])
array('d', [41.3115234375, 107.73671875000001, -69.22597656250001, -28.334570312500002])
array('d', [42.0583984375, 103.76894531250001, -67.5455078125, -29.8283203125])
array('d', [38.65078125, 105.589453125, -67.965625, -27.44765625])
array('d', [38.65078125, 106.2896484375, -67.35878906250001, -27.167578125000002])
array('d', [38.65078125, 106.2896484375, -67.35878906250001, -27.167578125000002])
array('d', [37.6705078125, 107.08320312500001, -67.498828125, -27.167578125000002])
array('d', [37.34375, 107.08320312500001, -67.498828125, -25.953906250000003])
array('d', [39.304296875, 103.908984375, -67.4521484375, -25.953906250000003])
array('d', [39.117578125, 104.1890625, -65.6783203125, -25.487109375000003])
array('d', [39.117578125, 106.10292968750001, -66.65859375000001, -27.7744140625])
array('d', [39.491015625, 106.10292968750001, -66.65859375000001, -27.7744140625])
array('d', [36.830273437500004, 104.46914062500001, -66.5185546875, -25.860546875])
array('d', [36.9236328125, 105.86953125000001, -65.444921875, -26.5140625])
array('d', [40.14453125, 103.908984375, -65.444921875, -27.44765625])
array('d', [40.14453125, 100.78144531250001, -65.72500000000001, -24.646875])
array('d', [38.230664062500004, 102.041796875, -65.7716796875, -26.5140625])
array('d', [37.4837890625, 102.041796875, -64.23125, -26.0939453125])
array('d', [34.262890625000004, 101.0615234375, -64.23125, -26.0939453125])
array('d', [33.42265625, 101.76171875, -65.1181640625, -25.253710937500003])
array('d', [38.090625, 101.0615234375, -65.95839843750001, -25.720507812500003])
array('d', [35.7099609375, 100.4546875, -65.53828125, -23.5265625])
array('d', [33.4693359375, 100.1279296875, -65.53828125, -23.5265625])
array('d', [33.4693359375, 100.1279296875, -65.53828125, -23.5265625])
array('d', [33.4693359375, 100.1279296875, -65.071484375, -26.2806640625])
array('d', [32.7224609375, 97.7939453125, -63.9978515625, -26.2806640625])
array('d', [32.3490234375, 99.987890625, -66.378515625, -23.1064453125])
array('d', [32.3490234375, 99.987890625, -66.378515625, -23.1064453125])
array('d', [32.3490234375, 99.987890625, -66.378515625, -23.1064453125])
array('d', [33.609375, 97.3271484375, -63.8578125, -24.0400390625])
array('d', [33.8427734375, 95.693359375, -64.32460937500001, -24.8802734375])
array('d', [31.322070312500003, 93.17265625, -64.4646484375, -22.686328125000003])
array('d', [31.322070312500003, 93.17265625, -64.4646484375, -22.686328125000003])
array('d', [30.668554687500002, 96.06679687500001, -63.904492187500004, -24.786914062500003])
array('d', [29.501562500000002, 94.24628906250001, -60.7302734375, -22.452929687500003])
array('d', [29.501562500000002, 90.23183593750001, -59.936718750000004, -21.47265625])
array('d', [28.8947265625, 90.23183593750001, -59.936718750000004, -21.47265625])
array('d', [28.988085937500003, 91.21210937500001, -60.3568359375, -23.0130859375])
array('d', [28.988085937500003, 91.16542968750001, -60.590234375, -21.566015625000002])
array('d', [27.354296875000003, 91.16542968750001, -60.590234375, -21.566015625000002])
array('d', [27.354296875000003, 91.16542968750001, -60.590234375, -21.566015625000002])
array('d', [27.354296875000003, 91.16542968750001, -60.590234375, -21.566015625000002])
array('d', [27.354296875000003, 91.16542968750001, -60.590234375, -21.566015625000002])
array('d', [27.120898437500003, 91.7255859375, -59.56328125, -21.285937500000003])
array('d', [26.233984375000002, 90.8853515625, -59.0498046875, -19.465429687500002])
array('d', [26.233984375000002, 90.8853515625, -59.236523437500004, -18.065039062500002])
array('d', [29.034765625000002, 90.8853515625, -59.236523437500004, -18.065039062500002])
array('d', [28.334570312500002, 88.41132812500001, -58.302929687500004, -21.1458984375])
array('d', [28.334570312500002, 88.41132812500001, -58.209570312500006, -20.258984375])
array('d', [25.860546875, 88.0845703125, -58.209570312500006, -20.258984375])
array('d', [25.860546875, 88.0845703125, -58.209570312500006, -20.258984375])
array('d', [25.860546875, 88.0845703125, -58.209570312500006, -20.258984375])
array('d', [25.860546875, 88.0845703125, -58.209570312500006, -20.258984375])
array('d', [25.4404296875, 86.357421875, -58.0228515625, -18.531835937500002])
array('d', [24.6935546875, 86.54414062500001, -54.7552734375, -17.3181640625])
array('d', [23.9466796875, 85.5171875, -55.408789062500006, -17.5515625])
array('d', [23.9466796875, 89.2515625, -56.015625, -20.0255859375])
array('d', [26.934179687500002, 89.2515625, -56.015625, -20.0255859375])
array('d', [25.720507812500003, 88.5513671875, -56.3890625, -18.48515625])
array('d', [28.848046875, 88.037890625, -56.575781250000006, -18.531835937500002])
array('d', [28.848046875, 88.037890625, -56.575781250000006, -18.531835937500002])
array('d', [28.848046875, 88.037890625, -56.575781250000006, -18.531835937500002])
array('d', [28.848046875, 87.89785156250001, -57.509375000000006, -19.41875])
array('d', [27.914453125, 87.89785156250001, -57.509375000000006, -19.698828125000002])
array('d', [31.2287109375, 90.04511718750001, -57.229296875, -19.698828125000002])
array('d', [31.2287109375, 90.04511718750001, -57.229296875, -19.698828125000002])
array('d', [31.2287109375, 90.04511718750001, -57.229296875, -19.698828125000002])
array('d', [30.341796875, 88.83144531250001, -58.909765625000006, -20.865820312500002])
array('d', [31.462109375, 89.2515625, -58.723046875, -21.6126953125])
array('d', [30.80859375, 91.30546875, -58.302929687500004, -22.312890625])
array('d', [30.80859375, 91.30546875, -58.302929687500004, -23.4798828125])
array('d', [31.368750000000002, 91.958984375, -58.9564453125, -23.4798828125])
array('d', [31.92890625, 92.705859375, -60.030078125, -21.099218750000002])
array('d', [31.92890625, 91.44550781250001, -59.3298828125, -21.566015625000002])
array('d', [34.496289062500004, 91.44550781250001, -59.3298828125, -21.566015625000002])
array('d', [33.9828125, 95.17988281250001, -60.636914062500004, -22.8263671875])
array('d', [34.4029296875, 92.56582031250001, -60.496875, -23.5265625])
array('d', [34.4029296875, 92.56582031250001, -61.7572265625, -23.993359375])
array('d', [34.54296875, 93.8728515625, -61.7572265625, -23.993359375])
array('d', [34.262890625000004, 95.03984375, -61.05703125, -24.6935546875])
array('d', [34.7763671875, 92.37910156250001, -60.4501953125, -24.133398437500002])
array('d', [34.7763671875, 92.37910156250001, -60.4501953125, -24.133398437500002])
array('d', [34.7763671875, 92.37910156250001, -60.4501953125, -24.133398437500002])
array('d', [37.763867187500004, 94.29296875, -62.2240234375, -23.806640625])
array('d', [37.763867187500004, 94.29296875, -60.1234375, -25.1603515625])
array('d', [35.8033203125, 93.77949218750001, -60.1234375, -25.1603515625])
array('d', [35.8033203125, 93.77949218750001, -60.1234375, -25.1603515625])
array('d', [34.4029296875, 94.19960937500001, -59.8900390625, -24.2267578125])
array('d', [35.2431640625, 93.6861328125, -61.010351562500006, -23.5732421875])
array('d', [35.896679687500004, 93.73281250000001, -60.496875, -23.619921875000003])
array('d', [35.896679687500004, 93.73281250000001, -60.496875, -23.619921875000003])
array('d', [35.896679687500004, 93.73281250000001, -60.496875, -23.619921875000003])
array('d', [36.316796875, 93.6861328125, -61.150390625, -23.806640625])
array('d', [35.8033203125, 92.9392578125, -61.8505859375, -24.4134765625])
array('d', [35.8033203125, 92.9392578125, -61.570507812500004, -23.853320312500003])
array('d', [36.5501953125, 92.6591796875, -61.570507812500004, -23.853320312500003])
array('d', [36.41015625, 92.892578125, -60.4501953125, -23.433203125000002])
array('d', [36.5501953125, 93.8728515625, -60.076757812500006, -24.786914062500003])
array('d', [36.5501953125, 93.8728515625, -59.7966796875, -22.6396484375])
array('d', [36.316796875, 92.1923828125, -59.7966796875, -22.6396484375])
array('d', [36.596875000000004, 95.2732421875, -61.43046875, -23.666601562500002])
array('d', [34.7763671875, 92.79921875000001, -59.9833984375, -24.5068359375])
array('d', [34.7763671875, 92.79921875000001, -59.9833984375, -24.5068359375])
array('d', [34.6830078125, 91.958984375, -59.936718750000004, -22.40625])
array('d', [32.5357421875, 91.5388671875, -60.7302734375, -21.519335937500003])
array('d', [32.5357421875, 91.5388671875, -57.509375000000006, -20.9591796875])
array('d', [32.5357421875, 91.5388671875, -57.509375000000006, -20.9591796875])
array('d', [32.5357421875, 91.5388671875, -57.509375000000006, -20.9591796875])
array('d', [33.702734375, 91.44550781250001, -56.3890625, -21.099218750000002])
array('d', [33.702734375, 91.44550781250001, -56.3890625, -23.246484375])
array('d', [33.1892578125, 91.0720703125, -56.202343750000004, -23.246484375])
array('d', [31.92890625, 89.8583984375, -55.502148437500004, -20.1189453125])
array('d', [31.135351562500002, 89.9517578125, -56.7625, -19.932226562500002])
array('d', [31.135351562500002, 89.9517578125, -56.7625, -19.512109375])
array('d', [33.889453125, 90.091796875, -56.6224609375, -19.512109375])
array('d', [31.5087890625, 88.59804687500001, -55.6888671875, -19.0919921875])
array('d', [30.435156250000002, 87.8044921875, -54.8486328125, -19.2787109375])
array('d', [30.435156250000002, 88.36464843750001, -54.008398437500006, -17.4115234375])
array('d', [30.06171875, 88.36464843750001, -54.008398437500006, -17.4115234375])
array('d', [28.1478515625, 85.09707031250001, -53.168164062500004, -16.3845703125])
array('d', [27.867773437500002, 83.7900390625, -52.9814453125, -16.7580078125])
array('d', [27.867773437500002, 83.7900390625, -52.9814453125, -16.7580078125])
array('d', [27.867773437500002, 83.7900390625, -52.9814453125, -16.7580078125])
array('d', [27.4943359375, 85.5171875, -53.21484375, -17.831640625000002])
array('d', [27.400976562500002, 82.29628906250001, -53.21484375, -17.831640625000002])
array('d', [26.2806640625, 80.5224609375, -51.300976562500004, -16.711328125])
array('d', [25.066992187500002, 82.52968750000001, -50.834179687500004, -15.6376953125])
array('d', [25.066992187500002, 82.52968750000001, -50.834179687500004, -14.7974609375])
array('d', [24.086718750000003, 79.7755859375, -50.974218750000006, -14.7974609375])
array('d', [22.919726562500003, 78.79531250000001, -48.873632812500006, -13.163671875])
array('d', [23.33984375, 77.208203125, -48.826953125, -14.750781250000001])
array('d', [21.099218750000002, 76.92812500000001, -46.8197265625, -13.210351562500001])
array('d', [21.099218750000002, 76.92812500000001, -46.8197265625, -14.143945312500001])
array('d', [22.3595703125, 76.8814453125, -46.8197265625, -14.143945312500001])
array('d', [21.659375, 75.3876953125, -49.7138671875, -13.443750000000001])
array('d', [21.659375, 75.3876953125, -49.340429687500006, -14.190625])
array('d', [24.320117187500003, 77.4416015625, -49.340429687500006, -14.190625])
array('d', [23.993359375, 77.5349609375, -50.740820312500006, -16.0111328125])
array('d', [25.39375, 78.1884765625, -50.22734375, -15.12421875])
array('d', [25.39375, 77.11484375, -52.28125, -18.578515625])
array('d', [24.320117187500003, 77.11484375, -52.28125, -18.578515625])
array('d', [26.047265625, 80.0556640625, -53.401562500000004, -17.73828125])
array('d', [26.700781250000002, 79.4021484375, -52.467968750000004, -19.0919921875])
array('d', [27.9611328125, 80.89589843750001, -55.45546875, -20.585742187500003])
array('d', [27.9611328125, 80.89589843750001, -55.45546875, -20.585742187500003])
array('d', [28.054492187500003, 79.6822265625, -53.028125, -19.5587890625])
array('d', [28.8947265625, 81.502734375, -53.681640625, -18.671875])
array('d', [28.8947265625, 81.502734375, -53.681640625, -19.60546875])
array('d', [28.8947265625, 81.502734375, -53.681640625, -19.60546875])
array('d', [28.8947265625, 81.502734375, -53.681640625, -19.60546875])
array('d', [28.474609375, 81.502734375, -54.2884765625, -19.60546875])
array('d', [29.501562500000002, 80.8025390625, -53.4482421875, -18.48515625])
array('d', [29.501562500000002, 82.71640625, -53.121484375, -19.512109375])
array('d', [30.621875000000003, 82.71640625, -53.121484375, -19.512109375])
array('d', [32.4890625, 83.22988281250001, -54.8953125, -19.138671875])
array('d', [30.201757812500002, 83.08984375, -52.8880859375, -18.8119140625])
array('d', [30.201757812500002, 83.08984375, -52.8880859375, -19.2787109375])
array('d', [31.788867187500003, 83.46328125000001, -53.3548828125, -19.2787109375])
array('d', [30.155078125000003, 83.74335937500001, -53.074804687500006, -18.2517578125])
array('d', [30.155078125000003, 83.6033203125, -52.187890625, -17.5048828125])
array('d', [32.395703125000004, 83.6033203125, -52.187890625, -17.5048828125])
array('d', [31.92890625, 84.7703125, -52.608007812500006, -18.1583984375])
array('d', [32.022265625, 83.50996093750001, -52.3279296875, -18.2517578125])
array('d', [32.022265625, 83.50996093750001, -51.767773437500004, -18.065039062500002])
array('d', [29.8283203125, 82.29628906250001, -51.767773437500004, -18.065039062500002])
array('d', [29.8283203125, 82.29628906250001, -51.767773437500004, -18.065039062500002])
array('d', [29.8283203125, 82.29628906250001, -51.767773437500004, -18.065039062500002])
array('d', [29.408203125, 83.4166015625, -51.8611328125, -17.5515625])
array('d', [29.408203125, 84.2568359375, -51.8611328125, -16.8046875])
array('d', [30.201757812500002, 84.2568359375, -51.8611328125, -16.8046875])
array('d', [30.715234375, 83.74335937500001, -51.1609375, -17.831640625000002])
array('d', [29.968359375000002, 83.183203125, -50.367382812500004, -15.8244140625])
array('d', [29.968359375000002, 83.183203125, -50.367382812500004, -15.917773437500001])
array('d', [29.408203125, 81.82949218750001, -48.966992187500004, -15.917773437500001])
array('d', [29.408203125, 81.82949218750001, -48.966992187500004, -15.917773437500001])
array('d', [27.400976562500002, 82.3896484375, -49.013671875, -15.964453125])
array('d', [28.848046875, 81.876171875, -48.9203125, -15.591015625])
array('d', [28.848046875, 81.876171875, -49.48046875, -15.217578125000001])
array('d', [28.1478515625, 81.876171875, -49.48046875, -15.217578125000001])
array('d', [29.875, 81.0359375, -49.2470703125, -15.964453125])
array('d', [27.354296875000003, 81.316015625, -48.640234375000006, -15.450976562500001])
array('d', [27.354296875000003, 81.316015625, -47.6599609375, -15.077539062500001])
array('d', [27.354296875000003, 81.316015625, -47.6599609375, -15.077539062500001])
array('d', [26.2806640625, 80.10234375, -47.6599609375, -15.077539062500001])
array('d', [24.0400390625, 79.5421875, -48.1267578125, -13.63046875])
array('d', [24.5068359375, 78.56191406250001, -47.053125, -14.097265625])
array('d', [24.5068359375, 78.56191406250001, -47.053125, -14.097265625])
array('d', [24.5068359375, 78.56191406250001, -47.053125, -14.097265625])
array('d', [24.5068359375, 78.56191406250001, -47.053125, -14.097265625])
array('d', [27.07421875, 77.581640625, -48.3134765625, -15.2642578125])
array('d', [25.6271484375, 77.3015625, -47.8466796875, -15.544335937500001])
array('d', [25.6271484375, 77.3015625, -47.8466796875, -15.544335937500001])
array('d', [25.6271484375, 77.3015625, -47.8466796875, -15.544335937500001])
array('d', [25.6271484375, 77.3015625, -47.8466796875, -15.544335937500001])
array('d', [23.5265625, 76.6013671875, -46.9130859375, -13.9572265625])
array('d', [23.4798828125, 76.4146484375, -46.9130859375, -13.9572265625])
array('d', [23.5732421875, 77.208203125, -45.9794921875, -12.9302734375])
array('d', [23.5732421875, 77.208203125, -45.9794921875, -12.9302734375])
array('d', [23.5732421875, 77.208203125, -45.9794921875, -12.9302734375])
array('d', [23.5732421875, 77.208203125, -45.9794921875, -12.9302734375])
array('d', [23.5732421875, 77.208203125, -45.9794921875, -12.9302734375])
array('d', [22.966406250000002, 75.1076171875, -45.139257812500006, -12.9302734375])
array('d', [22.966406250000002, 74.87421875, -45.559375, -13.7705078125])
array('d', [22.966406250000002, 74.87421875, -46.866406250000004, -13.443750000000001])
array('d', [21.2392578125, 74.87421875, -46.866406250000004, -13.443750000000001])
array('d', [19.1853515625, 72.8669921875, -44.25234375, -11.5298828125])
array('d', [19.1853515625, 72.166796875, -43.598828125000004, -11.4365234375])
array('d', [18.998632812500002, 72.166796875, -43.598828125000004, -11.4365234375])
array('d', [20.4923828125, 71.55996093750001, -43.038671875000006, -9.7560546875])
array('d', [18.85859375, 71.3732421875, -42.01171875, -11.4365234375])
array('d', [18.85859375, 71.3732421875, -42.01171875, -10.1294921875])
array('d', [19.325390625, 69.552734375, -42.9453125, -10.1294921875])
array('d', [19.932226562500002, 68.4791015625, -45.0458984375, -12.13671875])
array('d', [19.932226562500002, 70.2529296875, -43.87890625, -12.3234375])
array('d', [18.7185546875, 70.2529296875, -43.87890625, -12.3234375])
array('d', [19.0919921875, 69.3193359375, -43.272070312500006, -12.3234375])
array('d', [19.512109375, 69.8328125, -43.505468750000006, -11.809960937500001])
array('d', [19.512109375, 69.8328125, -43.505468750000006, -12.13671875])
array('d', [19.97890625, 70.39296875000001, -44.4857421875, -12.13671875])
array('d', [19.97890625, 70.39296875000001, -44.4857421875, -12.13671875])
array('d', [19.97890625, 70.39296875000001, -44.4857421875, -12.13671875])
array('d', [19.97890625, 70.39296875000001, -44.4857421875, -12.13671875])
array('d', [21.8927734375, 70.953125, -44.299023437500004, -14.143945312500001])
array('d', [20.72578125, 71.606640625, -43.1787109375, -14.190625])
array('d', [23.33984375, 72.7736328125, -46.399609375000004, -15.1708984375])
array('d', [23.33984375, 72.7736328125, -47.519921875, -16.524609375])
array('d', [23.7599609375, 72.2134765625, -47.519921875, -16.524609375])
array('d', [22.7796875, 73.0537109375, -47.146484375, -14.3306640625])
array('d', [22.7796875, 70.673046875, -46.3529296875, -16.3845703125])
array('d', [25.20703125, 70.673046875, -46.3529296875, -16.3845703125])
array('d', [26.233984375000002, 73.1470703125, -48.873632812500006, -18.1583984375])
array('d', [25.39375, 73.847265625, -48.2201171875, -16.431250000000002])
array('d', [25.39375, 73.847265625, -48.080078125, -17.6916015625])
array('d', [25.39375, 73.847265625, -48.080078125, -17.6916015625])
array('d', [27.44765625, 73.847265625, -48.080078125, -17.6916015625])
array('d', [28.101171875000002, 73.287109375, -51.300976562500004, -17.9716796875])
array('d', [27.167578125000002, 73.66054687500001, -50.320703125, -20.3056640625])
array('d', [27.167578125000002, 73.66054687500001, -50.320703125, -19.7921875])
array('d', [27.634375000000002, 75.6677734375, -49.760546875, -19.7921875])
array('d', [26.700781250000002, 74.36074218750001, -49.387109375, -18.998632812500002])
array('d', [26.700781250000002, 75.6677734375, -49.200390625000004, -19.5587890625])
array('d', [29.594921875, 75.6677734375, -49.200390625000004, -19.5587890625])
array('d', [30.7619140625, 75.29433593750001, -49.29375, -19.465429687500002])
array('d', [29.734960937500002, 76.8814453125, -48.733593750000004, -19.5587890625])
array('d', [29.734960937500002, 76.8814453125, -48.733593750000004, -19.5587890625])
array('d', [29.734960937500002, 76.8814453125, -48.733593750000004, -19.5587890625])
array('d', [29.734960937500002, 76.8814453125, -48.733593750000004, -19.5587890625])
array('d', [31.0419921875, 74.407421875, -48.1267578125, -20.445703125])
array('d', [30.341796875, 78.09511718750001, -49.433789062500004, -20.35234375])
array('d', [30.341796875, 77.3015625, -49.200390625000004, -18.671875])
array('d', [30.341796875, 77.3015625, -49.200390625000004, -18.671875])
array('d', [30.341796875, 77.3015625, -49.200390625000004, -18.671875])
array('d', [31.648828125, 77.3015625, -49.433789062500004, -19.3720703125])
array('d', [32.115625, 77.3015625, -49.433789062500004, -20.258984375])
array('d', [34.2162109375, 78.0484375, -50.974218750000006, -20.258984375])
array('d', [33.329296875000004, 78.1884765625, -48.2201171875, -20.0255859375])
array('d', [33.329296875000004, 78.23515625, -49.0603515625, -19.885546875])
array('d', [32.208984375, 78.23515625, -49.0603515625, -18.9052734375])
array('d', [32.30234375, 78.79531250000001, -49.807226562500006, -18.9052734375])
array('d', [32.162304687500004, 77.5349609375, -50.22734375, -21.052539062500003])
array('d', [32.162304687500004, 77.5349609375, -50.0873046875, -18.85859375])
array('d', [32.4423828125, 77.768359375, -50.0873046875, -18.85859375])
array('d', [35.8033203125, 76.648046875, -50.320703125, -21.2392578125])
array('d', [33.702734375, 77.0681640625, -48.2201171875, -19.325390625])
array('d', [33.702734375, 77.0681640625, -49.947265625, -20.1189453125])
array('d', [34.449609375, 77.581640625, -49.947265625, -20.1189453125])
array('d', [34.449609375, 77.581640625, -49.947265625, -20.1189453125])
array('d', [31.088671875000003, 75.9478515625, -47.519921875, -20.819140625000003])
array('d', [33.3759765625, 75.714453125, -46.586328125, -18.9052734375])
array('d', [32.5357421875, 74.780859375, -46.773046875000006, -18.765234375000002])
array('d', [32.5357421875, 74.780859375, -46.773046875000006, -18.765234375000002])
array('d', [32.5357421875, 74.780859375, -46.773046875000006, -18.765234375000002])
array('d', [32.162304687500004, 75.06093750000001, -46.539648437500006, -18.85859375])
array('d', [32.162304687500004, 74.50078125, -47.800000000000004, -17.4115234375])
array('d', [30.621875000000003, 74.50078125, -47.800000000000004, -17.4115234375])
array('d', [30.9486328125, 74.2673828125, -46.11953125, -18.7185546875])
array('d', [30.2951171875, 73.847265625, -44.25234375, -16.1044921875])
array('d', [30.2951171875, 73.847265625, -43.225390625, -15.8244140625])
array('d', [29.268164062500002, 71.8400390625, -43.225390625, -15.8244140625])
array('d', [29.268164062500002, 69.179296875, -42.105078125000006, -15.917773437500001])
array('d', [27.167578125000002, 69.179296875, -41.918359375, -14.610742187500001])
array('d', [25.720507812500003, 68.29238281250001, -41.918359375, -14.610742187500001])
array('d', [24.786914062500003, 68.245703125, -41.638281250000006, -14.3306640625])
array('d', [24.786914062500003, 68.245703125, -41.638281250000006, -14.3306640625])
array('d', [25.533789062500002, 68.4791015625, -40.424609375, -10.2228515625])
array('d', [24.9736328125, 65.95839843750001, -39.5376953125, -12.043359375000001])
array('d', [24.9736328125, 65.95839843750001, -39.5376953125, -11.109765625000001])
array('d', [23.900000000000002, 65.444921875, -38.3240234375, -11.109765625000001])
array('d', [23.71328125, 64.4646484375, -38.8375, -12.790234375])
array('d', [21.799414062500002, 62.737500000000004, -38.0439453125, -12.276757812500001])
array('d', [21.4259765625, 62.737500000000004, -38.0439453125, -12.276757812500001])
array('d', [21.4259765625, 60.68359375, -38.4173828125, -10.26953125])
array('d', [20.2123046875, 60.8236328125, -37.15703125, -9.3359375])
array('d', [20.35234375, 58.723046875, -35.7099609375, -8.5890625])
array('d', [17.925, 56.902539062500004, -34.8697265625, -10.5029296875])
array('d', [18.1583984375, 57.6494140625, -34.449609375, -8.308984375])
array('d', [17.271484375, 59.003125000000004, -36.363476562500004, -8.682421875000001])
array('d', [17.271484375, 59.003125000000004, -36.363476562500004, -8.682421875000001])
array('d', [17.271484375, 59.003125000000004, -36.363476562500004, -8.682421875000001])
array('d', [18.671875, 57.32265625, -34.91640625, -8.7291015625])
array('d', [18.671875, 57.32265625, -34.91640625, -10.45625])
array('d', [18.85859375, 58.0228515625, -37.437109375, -10.45625])
array('d', [18.85859375, 58.0228515625, -36.2701171875, -11.1564453125])
array('d', [19.0919921875, 58.442968750000006, -36.2234375, -10.783007812500001])
array('d', [18.11171875, 58.069531250000004, -36.2234375, -10.783007812500001])
array('d', [18.9052734375, 57.836132812500004, -35.756640625, -11.1564453125])
array('d', [18.9052734375, 57.836132812500004, -35.756640625, -11.343164062500001])
array('d', [19.232031250000002, 56.902539062500004, -35.756640625, -11.343164062500001])
array('d', [19.60546875, 55.968945312500004, -37.3904296875, -12.0900390625])
array('d', [18.531835937500002, 56.7158203125, -37.3904296875, -12.0900390625])
array('d', [18.9052734375, 55.922265625, -37.3904296875, -10.736328125])
array('d', [18.1583984375, 56.482421875, -34.4029296875, -10.409570312500001])
array('d', [18.1583984375, 56.482421875, -34.4029296875, -9.4759765625])
array('d', [18.1583984375, 56.482421875, -34.4029296875, -9.4759765625])
array('d', [19.698828125000002, 56.295703125, -35.28984375, -9.52265625])
array('d', [17.8783203125, 55.5955078125, -34.4029296875, -9.52265625])
array('d', [19.512109375, 55.6888671875, -34.449609375, -10.2228515625])
array('d', [19.512109375, 55.6888671875, -34.449609375, -10.2228515625])
array('d', [19.512109375, 55.6888671875, -34.449609375, -10.2228515625])
array('d', [19.512109375, 55.6888671875, -34.449609375, -10.2228515625])
array('d', [19.512109375, 55.6888671875, -34.449609375, -10.2228515625])
array('d', [17.178125, 54.6619140625, -32.582421875, -10.082812500000001])
array('d', [19.1853515625, 56.669140625000004, -33.8427734375, -8.77578125])
array('d', [19.1853515625, 56.669140625000004, -33.8427734375, -9.52265625])
array('d', [19.1853515625, 56.669140625000004, -33.8427734375, -9.52265625])
array('d', [19.6521484375, 55.82890625, -31.0419921875, -7.3287109375])
array('d', [20.632421875000002, 55.82890625, -31.0419921875, -7.3287109375])
array('d', [19.41875, 53.775000000000006, -30.7619140625, -7.46875])
array('d', [19.41875, 53.775000000000006, -30.7619140625, -7.46875])
array('d', [19.41875, 53.775000000000006, -30.7619140625, -7.46875])
array('d', [17.7849609375, 51.907812500000006, -30.201757812500002, -7.8421875000000005])
array('d', [15.964453125, 51.5810546875, -29.781640625, -5.6015625])
array('d', [14.5640625, 52.141210937500006, -27.541015625, -6.2083984375000005])
array('d', [14.5640625, 52.141210937500006, -27.541015625, -6.2083984375000005])
array('d', [16.711328125, 51.9544921875, -27.400976562500002, -4.66796875])
array('d', [15.310937500000001, 50.507421875000006, -26.233984375000002, -2.9408203125])
array('d', [15.310937500000001, 50.5541015625, -26.140625, -2.0072265625])
array('d', [12.3701171875, 48.36015625, -24.740234375, -1.6804687500000002])
array('d', [12.3701171875, 46.959765625, -25.113671875, -2.147265625])
array('d', [12.043359375000001, 46.959765625, -25.113671875, -2.147265625])
array('d', [11.483203125000001, 46.539648437500006, -25.673828125, -1.6804687500000002])
array('d', [10.876367187500001, 47.146484375, -23.9466796875, -1.1203125])
array('d', [10.8296875, 46.306250000000006, -22.40625, -0.8869140625])
array('d', [10.26953125, 43.6921875, -21.799414062500002, -0.8869140625])
array('d', [10.26953125, 43.6921875, -21.285937500000003, -2.1939453125])
array('d', [10.5962890625, 42.851953125, -21.285937500000003, -2.1939453125])
array('d', [7.7021484375, 41.4515625, -20.258984375, 1.0269531250000001])
array('d', [7.1419921875000005, 41.965039062500004, -19.698828125000002, 1.30703125])
array('d', [6.3951171875, 40.611328125, -19.0453125, 2.42734375])
array('d', [6.3951171875, 40.611328125, -19.0453125, 2.42734375])
array('d', [7.2353515625, 40.097851562500004, -18.531835937500002, 2.147265625])
array('d', [4.8546875, 38.0439453125, -17.831640625000002, 3.0341796875])
array('d', [4.8546875, 38.0439453125, -17.8783203125, 3.0341796875])
array('d', [5.0880859375, 36.9236328125, -17.8783203125, 3.0341796875])
array('d', [5.0880859375, 36.9236328125, -17.8783203125, 3.0341796875])
array('d', [3.267578125, 37.34375, -18.578515625, 3.6876953125000003])
array('d', [3.2208984375000003, 37.297070312500004, -17.0380859375, 4.5279296875])
array('d', [3.2208984375000003, 35.85, -16.9447265625, 5.0414062500000005])
array('d', [3.3142578125, 35.85, -16.9447265625, 5.0414062500000005])
array('d', [2.5673828125, 34.54296875, -15.404296875, 3.7810546875])
array('d', [0.8402343750000001, 33.2359375, -15.87109375, 4.8080078125000005])
array('d', [0.8402343750000001, 32.395703125000004, -14.00390625, 6.021679687500001])
array('d', [0.8402343750000001, 32.395703125000004, -14.00390625, 6.021679687500001])
array('d', [0.8402343750000001, 32.395703125000004, -14.00390625, 6.021679687500001])
array('d', [1.587109375, 32.395703125000004, -14.00390625, 6.021679687500001])
array('d', [0.2333984375, 32.30234375, -13.25703125, 6.488476562500001])
array('d', [-1.9605468750000001, 31.18203125, -12.3701171875, 7.0953125])
array('d', [-1.9605468750000001, 30.668554687500002, -13.910546875000001, 7.28203125])
array('d', [-0.42011718750000004, 30.668554687500002, -13.910546875000001, 7.28203125])
array('d', [-2.7541015625000003, 29.734960937500002, -12.4634765625, 6.488476562500001])
array('d', [-1.6337890625, 28.474609375, -10.26953125, 8.77578125])
array('d', [-1.6337890625, 28.474609375, -10.26953125, 8.77578125])
array('d', [-1.6337890625, 28.474609375, -10.26953125, 8.77578125])
array('d', [-1.6337890625, 28.474609375, -10.26953125, 8.77578125])
array('d', [-2.6140625, 28.6146484375, -11.669921875, 7.6087890625000005])
array('d', [-2.6140625, 29.268164062500002, -11.6232421875, 8.5890625])
array('d', [-3.1275390625000004, 29.268164062500002, -11.6232421875, 9.6626953125])
array('d', [-3.3609375000000004, 29.594921875, -10.176171875, 8.3556640625])
array('d', [-3.7810546875, 29.594921875, -10.549609375000001, 8.682421875000001])
array('d', [-2.4740234375, 26.32734375, -10.549609375000001, 8.682421875000001])
array('d', [-2.4740234375, 26.32734375, -10.549609375000001, 8.682421875000001])
array('d', [-2.4740234375, 26.32734375, -10.549609375000001, 8.682421875000001])
array('d', [-2.4740234375, 26.32734375, -10.549609375000001, 8.682421875000001])
array('d', [-2.4740234375, 26.32734375, -10.549609375000001, 8.682421875000001])
array('d', [-1.773828125, 28.8947265625, -10.783007812500001, 7.8421875000000005])
array('d', [-1.1669921875, 27.167578125000002, -12.510156250000001, 7.8421875000000005])
array('d', [-2.707421875, 28.801367187500002, -10.923046875, 7.46875])
array('d', [-2.707421875, 28.801367187500002, -10.923046875, 7.46875])
array('d', [-2.707421875, 28.801367187500002, -10.923046875, 7.46875])
array('d', [-1.0736328125, 28.7080078125, -11.38984375, 6.6751953125000005])
array('d', [-1.7271484375000001, 28.1478515625, -12.276757812500001, 8.1689453125])
array('d', [-1.7271484375000001, 28.1478515625, -12.276757812500001, 8.3556640625])
array('d', [0.6068359375, 28.1478515625, -12.276757812500001, 8.3556640625])
array('d', [0.6068359375, 28.1478515625, -12.276757812500001, 8.3556640625])
array('d', [0.6068359375, 28.1478515625, -12.276757812500001, 8.3556640625])
array('d', [-1.30703125, 27.6810546875, -12.416796875000001, 7.28203125])
array('d', [-1.30703125, 27.6810546875, -12.416796875000001, 7.28203125])
array('d', [0.3267578125, 28.474609375, -11.1564453125, 7.1419921875000005])
array('d', [-1.4937500000000001, 28.474609375, -11.1564453125, 7.1419921875000005])
array('d', [-1.4937500000000001, 28.474609375, -11.1564453125, 7.1419921875000005])
array('d', [-1.4937500000000001, 28.661328125, -11.950000000000001, 6.8619140625])
array('d', [-0.7935546875, 29.968359375000002, -11.0630859375, 7.3287109375])
array('d', [-0.18671875000000002, 27.727734375, -10.5962890625, 8.02890625])
array('d', [-0.18671875000000002, 27.727734375, -10.5962890625, 7.7021484375])
array('d', [-1.4470703125000002, 27.2142578125, -10.5962890625, 7.7021484375])
array('d', [1.8205078125, 28.2412109375, -9.5693359375, 8.8224609375])
array('d', [0.466796875, 28.7080078125, -10.176171875, 8.8224609375])
array('d', [0.466796875, 30.528515625, -9.1025390625, 7.9822265625])
array('d', [1.6337890625, 30.528515625, -9.1025390625, 7.9822265625])
array('d', [1.4937500000000001, 30.528515625, -9.89609375, 8.5890625])
array('d', [0.7468750000000001, 31.4154296875, -9.429296875, 7.46875])
array('d', [1.587109375, 31.135351562500002, -9.616015625000001, 7.0486328125])
array('d', [1.587109375, 31.135351562500002, -9.616015625000001, 7.0486328125])
array('d', [3.641015625, 30.901953125000002, -10.316210937500001, 7.422070312500001])
array('d', [3.54765625, 32.582421875, -11.016406250000001, 7.001953125])
array('d', [4.1078125000000005, 32.862500000000004, -10.736328125, 6.1150390625])
array('d', [4.1078125000000005, 32.862500000000004, -11.109765625000001, 5.694921875])
array('d', [5.3681640625, 33.8427734375, -11.109765625000001, 5.694921875])
array('d', [4.3412109375000005, 33.4693359375, -12.4634765625, 4.948046875])
array('d', [4.3412109375000005, 34.1228515625, -14.3306640625, 4.9013671875])
array('d', [5.321484375000001, 34.1228515625, -14.3306640625, 4.9013671875])
array('d', [4.1078125000000005, 32.9091796875, -12.650195312500001, 4.8080078125000005])
array('d', [5.7416015625000005, 32.8158203125, -12.230078125, 3.54765625])
array('d', [3.734375, 32.582421875, -12.416796875000001, 5.134765625])
array('d', [3.734375, 32.582421875, -12.416796875000001, 5.134765625])
array('d', [3.734375, 32.582421875, -12.416796875000001, 5.134765625])
array('d', [3.734375, 32.582421875, -12.416796875000001, 5.134765625])
array('d', [3.734375, 32.582421875, -12.416796875000001, 5.134765625])
array('d', [4.761328125, 32.4423828125, -12.230078125, 3.7810546875])
array('d', [3.4076171875, 31.835546875000002, -10.736328125, 3.9677734375])
array('d', [3.4076171875, 32.208984375, -13.163671875, 3.267578125])
array('d', [3.4076171875, 32.208984375, -13.163671875, 3.267578125])
array('d', [3.4076171875, 32.208984375, -13.163671875, 3.267578125])
array('d', [3.4076171875, 32.208984375, -13.163671875, 3.267578125])
array('d', [3.4076171875, 32.208984375, -13.163671875, 3.267578125])
array('d', [3.3142578125, 31.368750000000002, -12.183398437500001, 3.9677734375])
array('d', [3.3142578125, 30.06171875, -12.043359375000001, 1.4937500000000001])
array('d', [2.6140625, 30.06171875, -12.043359375000001, 1.4937500000000001])
array('d', [3.4076171875, 30.668554687500002, -11.483203125000001, 3.54765625])
array('d', [2.707421875, 30.2484375, -12.13671875, 2.1939453125])
array('d', [2.707421875, 30.2484375, -12.230078125, 4.5279296875])
array('d', [4.1544921875, 30.5751953125, -12.230078125, 4.5279296875])
array('d', [2.147265625, 29.0814453125, -12.416796875000001, 3.080859375])
array('d', [4.4345703125, 29.501562500000002, -12.0900390625, 3.080859375])
array('d', [2.0539062500000003, 28.848046875, -12.0900390625, 3.080859375])
array('d', [2.0539062500000003, 28.848046875, -12.0900390625, 3.080859375])
array('d', [3.54765625, 29.31484375, -10.176171875, 2.9408203125])
array('d', [1.7271484375000001, 29.594921875, -10.876367187500001, 4.761328125])
array('d', [1.7271484375000001, 27.821093750000003, -11.669921875, 4.4345703125])
array('d', [3.080859375, 27.821093750000003, -11.669921875, 4.4345703125])
array('d', [1.0269531250000001, 27.727734375, -11.576562500000001, 4.29453125])
array('d', [3.641015625, 29.31484375, -11.109765625000001, 3.17421875])
array('d', [2.0072265625, 29.734960937500002, -11.109765625000001, 3.17421875])
array('d', [2.0072265625, 29.734960937500002, -11.109765625000001, 3.17421875])
array('d', [2.0072265625, 29.734960937500002, -10.409570312500001, 4.761328125])
array('d', [2.147265625, 29.968359375000002, -9.9427734375, 2.8474609375])
array('d', [3.9677734375, 30.7619140625, -9.849414062500001, 3.267578125])
array('d', [3.9677734375, 30.7619140625, -9.849414062500001, 3.6876953125000003])
array('d', [2.6140625, 28.94140625, -9.9427734375, 3.6876953125000003])
array('d', [4.6212890625, 29.454882812500003, -10.549609375000001, 3.4542968750000003])
array('d', [2.7541015625000003, 28.848046875, -10.9697265625, 4.387890625])
array('d', [2.7541015625000003, 28.848046875, -10.9697265625, 4.387890625])
array('d', [4.0611328125, 28.988085937500003, -10.642968750000001, 2.147265625])
array('d', [2.3806640625, 29.5482421875, -9.616015625000001, 2.42734375])
array('d', [2.3806640625, 30.0150390625, -9.709375, 2.4740234375])
array('d', [3.7810546875, 30.0150390625, -9.709375, 2.4740234375])
array('d', [4.0611328125, 28.754687500000003, -9.9427734375, 1.9138671875000002])
array('d', [4.0611328125, 27.867773437500002, -10.736328125, 2.42734375])
array('d', [4.0611328125, 28.94140625, -10.736328125, 3.3142578125])
array('d', [4.2478515625, 28.94140625, -10.736328125, 3.8277343750000004])
array('d', [3.267578125, 29.034765625000002, -10.0361328125, 3.8277343750000004])
array('d', [4.014453125, 30.0150390625, -10.082812500000001, 1.9605468750000001])
array('d', [4.014453125, 30.0150390625, -10.082812500000001, 1.9605468750000001])
array('d', [3.080859375, 28.754687500000003, -11.016406250000001, 2.3806640625])
array('d', [3.080859375, 28.754687500000003, -10.316210937500001, 2.333984375])
array('d', [4.201171875, 29.5482421875, -10.316210937500001, 2.333984375])
array('d', [4.201171875, 29.5482421875, -10.316210937500001, 2.333984375])
array('d', [4.201171875, 29.5482421875, -10.316210937500001, 2.333984375])
array('d', [4.201171875, 29.5482421875, -10.316210937500001, 2.333984375])
array('d', [3.9677734375, 27.2609375, -11.856640625, 3.080859375])
array('d', [5.5082031250000005, 28.38125, -10.923046875, 0.2333984375])
array('d', [3.8277343750000004, 28.101171875000002, -11.343164062500001, 1.3537109375])
array('d', [3.8277343750000004, 28.101171875000002, -10.783007812500001, 1.2603515625000001])
array('d', [5.5082031250000005, 28.6146484375, -10.783007812500001, 1.2603515625000001])
array('d', [3.8744140625, 30.1083984375, -10.5029296875, 1.6804687500000002])
array('d', [5.1814453125, 28.848046875, -8.495703125, 2.0072265625])
array('d', [2.147265625, 25.953906250000003, -9.055859375, 3.4076171875])
array('d', [1.8671875, 26.7474609375, -7.28203125, 5.2748046875000005])
array('d', [1.8671875, 26.32734375, -6.7685546875, 4.1078125000000005])
array('d', [2.7541015625000003, 26.32734375, -6.7685546875, 4.1078125000000005])
array('d', [2.0072265625, 26.420703125000003, -6.1150390625, 5.4615234375])
array('d', [2.4740234375, 25.39375, -5.321484375000001, 5.4615234375])
array('d', [2.4740234375, 23.9466796875, -3.8744140625, 7.28203125])
array('d', [1.587109375, 23.9466796875, -3.8744140625, 6.53515625])
array('d', [2.333984375, 25.066992187500002, -2.9875000000000003, 6.53515625])
array('d', [0.280078125, 23.5265625, -3.5009765625, 9.055859375])
array('d', [0.0, 23.806640625, -2.5673828125, 8.1689453125])
array('d', [0.0, 23.806640625, -2.5673828125, 7.0486328125])
array('d', [0.8869140625, 22.873046875, -3.0341796875, 7.0486328125])
array('d', [-0.7001953125, 22.966406250000002, -2.1939453125, 8.308984375])
array('d', [0.0, 20.165625000000002, -1.8205078125, 8.9625])
array('d', [0.0, 20.165625000000002, -1.8205078125, 10.736328125])
array('d', [-1.8205078125, 19.7921875, -1.587109375, 10.736328125])
array('d', [-1.587109375, 20.072265625, -0.8402343750000001, 9.3359375])
array('d', [-1.587109375, 19.0453125, -1.0269531250000001, 10.736328125])
array('d', [-3.267578125, 19.0453125, -1.0269531250000001, 10.736328125])
array('d', [-1.8205078125, 18.2517578125, 0.5134765625000001, 9.1025390625])
array('d', [-3.7810546875, 17.8783203125, 0.1400390625, 11.483203125000001])
array('d', [-3.7810546875, 17.8783203125, 2.0539062500000003, 11.669921875])
array('d', [-4.48125, 15.1708984375, 2.0539062500000003, 11.669921875])
array('d', [-5.5082031250000005, 15.1708984375, 2.0539062500000003, 11.669921875])
array('d', [-5.5082031250000005, 15.217578125000001, 1.1203125, 12.883593750000001])
array('d', [-5.8349609375, 15.3576171875, 0.7001953125, 11.109765625000001])
array('d', [-5.694921875, 13.817187500000001, 1.0736328125, 12.5568359375])
array('d', [-5.694921875, 13.817187500000001, 1.0736328125, 12.5568359375])
array('d', [-6.5818359375, 14.7041015625, 0.9802734375000001, 10.5029296875])
array('d', [-6.3484375, 13.583789062500001, 1.6804687500000002, 13.350390625000001])
array('d', [-6.3484375, 13.583789062500001, 1.6804687500000002, 12.0900390625])
array('d', [-8.215625000000001, 12.696875, 1.6804687500000002, 12.0900390625])
array('d', [-7.188671875000001, 12.230078125, 2.42734375, 14.470703125])
array('d', [-7.188671875000001, 12.3234375, 2.3806640625, 13.116992187500001])
array('d', [-9.7560546875, 12.3234375, 2.3806640625, 13.116992187500001])
array('d', [-6.955273437500001, 10.45625, 1.213671875, 13.583789062500001])
array('d', [-8.5890625, 11.38984375, 3.734375, 13.723828125])
array('d', [-8.5890625, 10.876367187500001, 4.48125, 15.3576171875])
array('d', [-8.5423828125, 10.876367187500001, 4.48125, 15.3576171875])
array('d', [-9.802734375, 9.7560546875, 4.387890625, 15.12421875])
array('d', [-9.9427734375, 10.9697265625, 4.8546875, 15.8244140625])
array('d', [-9.9427734375, 10.9697265625, 4.5746093750000005, 15.8244140625])
array('d', [-8.915820312500001, 10.9697265625, 4.5746093750000005, 15.8244140625])
array('d', [-9.989453125, 9.4759765625, 6.2083984375000005, 16.1044921875])
array('d', [-9.989453125, 9.149218750000001, 6.255078125000001, 17.73828125])
array('d', [-8.8224609375, 9.149218750000001, 6.255078125000001, 17.73828125])
array('d', [-9.6626953125, 9.055859375, 6.8619140625, 16.99140625])
array('d', [-11.0630859375, 8.7291015625, 7.655468750000001, 17.644921875])
array('d', [-11.0630859375, 8.7291015625, 7.0953125, 16.99140625])
array('d', [-9.849414062500001, 7.6087890625000005, 7.0953125, 16.99140625])
array('d', [-9.849414062500001, 7.6087890625000005, 7.0953125, 16.99140625])
array('d', [-9.849414062500001, 7.6087890625000005, 7.0953125, 16.99140625])
array('d', [-9.849414062500001, 7.6087890625000005, 7.0953125, 16.99140625])
array('d', [-11.76328125, 8.3556640625, 7.7021484375, 18.018359375])
array('d', [-10.26953125, 7.1419921875000005, 8.3556640625, 16.1044921875])
array('d', [-10.26953125, 7.1419921875000005, 9.2892578125, 17.5048828125])
array('d', [-11.0630859375, 8.3556640625, 9.2892578125, 17.5048828125])
array('d', [-10.316210937500001, 7.2353515625, 9.616015625000001, 19.512109375])
array('d', [-11.576562500000001, 6.5818359375, 9.4759765625, 20.585742187500003])
array('d', [-11.576562500000001, 6.5818359375, 9.4759765625, 20.585742187500003])
array('d', [-11.576562500000001, 6.5818359375, 9.4759765625, 20.585742187500003])
array('d', [-11.576562500000001, 6.5818359375, 9.4759765625, 20.585742187500003])
array('d', [-13.0236328125, 4.0611328125, 9.2892578125, 19.41875])
array('d', [-12.4634765625, 4.9947265625, 10.0361328125, 18.48515625])
array('d', [-13.3037109375, 3.4542968750000003, 10.6896484375, 19.3720703125])
array('d', [-13.3037109375, 3.4542968750000003, 11.38984375, 20.1189453125])
array('d', [-12.650195312500001, 4.1078125000000005, 11.38984375, 20.1189453125])
array('d', [-13.8638671875, 3.5943359375000004, 11.109765625000001, 19.97890625])
array('d', [-13.583789062500001, 3.734375, 11.203125, 20.1189453125])
array('d', [-13.583789062500001, 3.734375, 11.203125, 21.285937500000003])
array('d', [-15.964453125, 1.9138671875000002, 10.923046875, 21.285937500000003])
array('d', [-14.7041015625, 1.1669921875, 11.576562500000001, 20.819140625000003])
array('d', [-14.7041015625, 1.1669921875, 11.576562500000001, 20.819140625000003])
array('d', [-14.7041015625, 1.1669921875, 11.576562500000001, 20.819140625000003])
array('d', [-14.7041015625, 1.1669921875, 11.576562500000001, 20.819140625000003])
array('d', [-14.7041015625, 1.1669921875, 11.576562500000001, 20.819140625000003])
array('d', [-16.1044921875, 0.8869140625, 12.5568359375, 21.8927734375])
array('d', [-16.2912109375, 0.1400390625, 13.350390625000001, 22.3595703125])
array('d', [-14.750781250000001, 2.0539062500000003, 11.856640625, 23.71328125])
array('d', [-14.750781250000001, 2.0539062500000003, 11.856640625, 23.71328125])
array('d', [-17.178125, -0.1400390625, 13.3970703125, 22.7796875])
array('d', [-16.2912109375, -0.7468750000000001, 13.210351562500001, 24.133398437500002])
array('d', [-16.2912109375, -0.7468750000000001, 14.750781250000001, 23.2931640625])
array('d', [-16.2912109375, -0.7468750000000001, 14.750781250000001, 23.2931640625])
array('d', [-16.2912109375, -0.7468750000000001, 14.750781250000001, 23.2931640625])
array('d', [-18.8119140625, -0.09335937500000001, 14.844140625000001, 24.2734375])
array('d', [-16.9447265625, -0.93359375, 14.844140625000001, 24.320117187500003])
array('d', [-17.644921875, -1.8671875, 15.777734375000001, 24.320117187500003])
array('d', [-17.73828125, -0.8869140625, 14.8908203125, 24.786914062500003])
array('d', [-15.1708984375, -0.7001953125, 15.404296875, 23.666601562500002])
array('d', [-15.1708984375, -0.7001953125, 16.337890625, 25.58046875])
array('d', [-18.531835937500002, -1.6804687500000002, 16.337890625, 25.58046875])
array('d', [-18.8119140625, -1.3537109375, 16.664648437500002, 25.673828125])
array('d', [-19.6521484375, -1.587109375, 17.3181640625, 25.673828125])
array('d', [-18.11171875, -2.5673828125, 17.3181640625, 25.673828125])
array('d', [-18.11171875, -2.5673828125, 17.3181640625, 25.673828125])
array('d', [-18.11171875, -2.5673828125, 16.9447265625, 26.607421875])
array('d', [-18.4384765625, -2.2873046875000003, 18.48515625, 27.587695312500003])
array('d', [-18.4384765625, -2.8941406250000004, 19.8388671875, 29.221484375000003])
array('d', [-20.072265625, -2.8941406250000004, 19.8388671875, 28.661328125])
array('d', [-20.4923828125, -4.387890625, 18.951953125, 28.661328125])
array('d', [-22.266210937500002, -4.7146484375, 19.232031250000002, 29.268164062500002])
array('d', [-21.47265625, -5.2748046875000005, 21.005859375, 29.921679687500003])
array('d', [-21.47265625, -5.2748046875000005, 21.005859375, 29.921679687500003])
array('d', [-21.47265625, -5.2748046875000005, 21.005859375, 29.921679687500003])
array('d', [-22.499609375000002, -6.068359375, 20.0255859375, 30.7619140625])
array('d', [-22.499609375000002, -6.068359375, 20.0255859375, 29.594921875])
array('d', [-22.266210937500002, -5.41484375, 21.4259765625, 29.594921875])
array('d', [-20.7724609375, -6.16171875, 20.9125, 30.715234375])
array('d', [-23.1064453125, -6.9085937500000005, 20.6791015625, 30.5751953125])
array('d', [-23.1064453125, -6.9085937500000005, 20.6791015625, 30.855273437500003])
array('d', [-21.519335937500003, -7.188671875000001, 22.452929687500003, 30.855273437500003])
array('d', [-21.519335937500003, -7.188671875000001, 22.452929687500003, 30.855273437500003])
array('d', [-24.600195312500002, -7.9822265625, 23.1064453125, 31.7421875])
array('d', [-24.366796875000002, -8.122265625, 21.84609375, 33.142578125])
array('d', [-24.553515625000003, -9.1025390625, 23.806640625, 30.4818359375])
array('d', [-24.553515625000003, -9.1025390625, 23.806640625, 32.395703125000004])
array('d', [-24.2267578125, -9.52265625, 23.33984375, 32.395703125000004])
array('d', [-23.71328125, -8.40234375, 23.386523437500003, 32.022265625])
array('d', [-25.533789062500002, -9.6626953125, 22.3595703125, 32.30234375])
array('d', [-25.533789062500002, -9.6626953125, 22.3595703125, 32.30234375])
array('d', [-24.6935546875, -8.682421875000001, 24.2734375, 32.4890625])
array('d', [-24.600195312500002, -9.055859375, 24.926953125, 35.1498046875])
array('d', [-24.600195312500002, -9.6626953125, 25.767187500000002, 33.609375])
array('d', [-26.140625, -9.6626953125, 25.767187500000002, 33.609375])
array('d', [-24.5068359375, -9.382617187500001, 25.533789062500002, 33.2359375])
array('d', [-25.6271484375, -10.176171875, 24.2734375, 33.2359375])
array('d', [-25.6271484375, -10.176171875, 24.2734375, 33.2359375])
array('d', [-24.0400390625, -8.77578125, 24.740234375, 34.029492187500004])
array('d', [-25.253710937500003, -11.1564453125, 24.833593750000002, 34.729687500000004])
array('d', [-25.253710937500003, -11.016406250000001, 24.646875, 33.9361328125])
array('d', [-26.934179687500002, -11.0630859375, 25.1603515625, 31.92890625])
array('d', [-26.934179687500002, -11.0630859375, 24.9736328125, 33.2359375])
array('d', [-24.5068359375, -9.616015625000001, 24.9736328125, 33.2359375])
array('d', [-24.5068359375, -9.616015625000001, 24.9736328125, 33.2359375])
array('d', [-24.5068359375, -9.616015625000001, 24.9736328125, 33.2359375])
array('d', [-24.5068359375, -9.616015625000001, 24.9736328125, 33.2359375])
array('d', [-26.000585937500002, -10.26953125, 24.646875, 32.4423828125])
array('d', [-25.253710937500003, -9.989453125, 23.199804687500002, 33.516015625])
array('d', [-24.0400390625, -9.9427734375, 22.686328125000003, 33.889453125])
array('d', [-24.0400390625, -9.9427734375, 22.686328125000003, 33.889453125])
array('d', [-26.5140625, -11.1564453125, 23.5265625, 33.4693359375])
array('d', [-26.5140625, -11.016406250000001, 24.180078125, 32.862500000000004])
array('d', [-25.066992187500002, -11.016406250000001, 24.180078125, 32.862500000000004])
array('d', [-25.066992187500002, -11.016406250000001, 24.180078125, 32.862500000000004])
array('d', [-25.066992187500002, -11.016406250000001, 24.180078125, 32.862500000000004])
array('d', [-25.720507812500003, -12.13671875, 23.5732421875, 33.702734375])
array('d', [-26.047265625, -11.203125, 24.740234375, 33.329296875000004])
array('d', [-25.8138671875, -10.9697265625, 24.786914062500003, 36.1767578125])
array('d', [-25.8138671875, -11.109765625000001, 24.740234375, 34.3095703125])
array('d', [-25.673828125, -11.109765625000001, 24.740234375, 34.3095703125])
array('d', [-24.9736328125, -11.9966796875, 25.253710937500003, 32.629101562500004])
array('d', [-26.420703125000003, -12.13671875, 24.086718750000003, 33.1892578125])
array('d', [-26.420703125000003, -12.13671875, 24.600195312500002, 34.7763671875])
array('d', [-25.3470703125, -10.45625, 24.600195312500002, 34.7763671875])
array('d', [-26.980859375, -12.230078125, 23.900000000000002, 33.2826171875])
array('d', [-25.720507812500003, -11.809960937500001, 25.066992187500002, 34.5896484375])
array('d', [-26.7474609375, -11.4365234375, 24.46015625, 33.516015625])
array('d', [-26.7474609375, -11.249804687500001, 24.320117187500003, 34.076171875])
array('d', [-25.720507812500003, -11.249804687500001, 24.320117187500003, 34.076171875])
array('d', [-25.253710937500003, -11.6232421875, 24.180078125, 34.5896484375])
array('d', [-26.700781250000002, -12.743554687500001, 25.20703125, 35.429882812500004])
array('d', [-25.3470703125, -12.976953125000001, 22.686328125000003, 33.516015625])
array('d', [-25.3470703125, -12.230078125, 22.266210937500002, 31.7421875])
array('d', [-28.94140625, -12.230078125, 22.266210937500002, 31.7421875])
array('d', [-27.634375000000002, -12.603515625, 19.5587890625, 30.0150390625])
array('d', [-26.2806640625, -13.7705078125, 19.2787109375, 28.801367187500002])
array('d', [-26.2806640625, -13.7705078125, 19.2787109375, 28.38125])
array('d', [-27.7744140625, -13.210351562500001, 18.85859375, 28.38125])
array('d', [-28.7080078125, -14.7041015625, 18.48515625, 28.19453125])
array('d', [-28.7080078125, -14.7041015625, 18.48515625, 28.19453125])
array('d', [-28.7080078125, -14.7041015625, 18.48515625, 28.19453125])
array('d', [-28.7080078125, -14.7041015625, 18.48515625, 28.19453125])
array('d', [-28.7080078125, -14.7041015625, 18.48515625, 28.19453125])
array('d', [-28.7080078125, -14.7041015625, 18.48515625, 28.19453125])
array('d', [-29.034765625000002, -15.3576171875, 17.178125, 27.167578125000002])
array('d', [-30.388476562500003, -16.0111328125, 16.2912109375, 26.980859375])
array('d', [-30.388476562500003, -16.0111328125, 15.7310546875, 24.46015625])
array('d', [-29.31484375, -15.7310546875, 15.7310546875, 24.46015625])
array('d', [-29.594921875, -16.431250000000002, 16.197851562500002, 26.32734375])
array('d', [-31.4154296875, -14.750781250000001, 14.517382812500001, 24.320117187500003])
array('d', [-31.4154296875, -14.750781250000001, 14.00390625, 24.320117187500003])
array('d', [-30.06171875, -15.217578125000001, 14.00390625, 24.320117187500003])
array('d', [-31.088671875000003, -17.084765625, 14.470703125, 23.33984375])
array('d', [-31.788867187500003, -15.917773437500001, 14.097265625, 25.113671875])
array('d', [-31.788867187500003, -15.917773437500001, 14.097265625, 25.113671875])
array('d', [-29.221484375000003, -15.8244140625, 14.844140625000001, 23.5732421875])
array('d', [-30.435156250000002, -15.684375000000001, 15.217578125000001, 25.20703125])
array('d', [-30.435156250000002, -15.684375000000001, 14.9375, 25.3470703125])
array('d', [-31.135351562500002, -15.684375000000001, 14.9375, 25.3470703125])
array('d', [-31.135351562500002, -15.684375000000001, 14.9375, 25.3470703125])
array('d', [-30.4818359375, -15.7310546875, 14.8908203125, 24.5068359375])
array('d', [-30.4818359375, -15.7310546875, 14.5640625, 25.113671875])
array('d', [-30.5751953125, -16.2912109375, 14.5640625, 25.113671875])
array('d', [-30.715234375, -2.6140625, 15.7310546875, 25.113671875])
array('d', [-31.135351562500002, 0.5134765625000001, 15.7310546875, 5.134765625])
array('d', [-31.135351562500002, 0.5134765625000001, 18.018359375, 1.1203125])
array('d', [-30.341796875, 0.466796875, 18.018359375, 1.1203125])
array('d', [-29.875, 0.466796875, 19.0453125, 2.707421875])
array('d', [-28.8947265625, 0.8869140625, 16.8046875, 2.147265625])
array('d', [-28.8947265625, 2.1005859375, 18.951953125, 1.3537109375])
array('d', [-28.8947265625, 2.1005859375, 18.951953125, 1.3537109375])
array('d', [-28.8947265625, 2.1005859375, 18.951953125, 1.3537109375])
array('d', [-27.2609375, 2.4740234375, 19.138671875, 0.2333984375])
array('d', [-27.6810546875, 2.4740234375, 19.138671875, 0.2333984375])
array('d', [-26.420703125000003, 2.42734375, 18.7185546875, 1.3537109375])
array('d', [-27.354296875000003, 2.42734375, 18.7185546875, 1.3537109375])
array('d', [-27.354296875000003, 1.213671875, 20.35234375, 2.3806640625])
array('d', [-27.0275390625, 0.1400390625, 20.399023437500002, 2.5673828125])
array('d', [-27.727734375, -0.2333984375, 20.0255859375, 1.213671875])
array('d', [-27.727734375, -0.2333984375, 20.0255859375, 1.213671875])
array('d', [-27.727734375, -0.2333984375, 20.0255859375, 1.213671875])
array('d', [-27.727734375, -0.2333984375, 20.0255859375, 1.213671875])
array('d', [-27.587695312500003, 0.5134765625000001, 20.819140625000003, 0.5134765625000001])
array('d', [-27.587695312500003, 0.5134765625000001, 20.819140625000003, 0.466796875])
array('d', [-26.140625, 0.8869140625, 20.1189453125, 0.466796875])
array('d', [-27.167578125000002, 0.046679687500000004, 18.998632812500002, -0.6068359375])
array('d', [-27.167578125000002, 0.56015625, 19.885546875, 0.2333984375])
array('d', [-26.7474609375, 0.56015625, 19.885546875, 0.2333984375])
array('d', [-27.587695312500003, 0.37343750000000003, 19.512109375, 0.046679687500000004])
array('d', [-27.727734375, -0.2333984375, 18.998632812500002, 0.466796875])
array('d', [-27.727734375, -0.2333984375, 19.698828125000002, -0.6068359375])
array('d', [-26.420703125000003, -0.18671875000000002, 19.698828125000002, -0.6068359375])
array('d', [-26.7474609375, 0.56015625, 19.60546875, 0.046679687500000004])
array('d', [-26.7474609375, 0.56015625, 19.60546875, 0.046679687500000004])
array('d', [-26.7474609375, 0.56015625, 19.60546875, 0.046679687500000004])
array('d', [-26.2806640625, 0.18671875000000002, 19.512109375, 0.046679687500000004])
array('d', [-27.167578125000002, -0.56015625, 19.60546875, 0.046679687500000004])
array('d', [-27.167578125000002, -0.56015625, 19.60546875, 0.046679687500000004])
array('d', [-26.7474609375, 0.466796875, 19.7921875, 0.046679687500000004])
array('d', [-26.2806640625, 0.466796875, 18.998632812500002, 0.2333984375])
array('d', [-26.2806640625, 0.466796875, 19.512109375, 0.046679687500000004])
array('d', [-27.587695312500003, 0.18671875000000002, 19.512109375, 0.046679687500000004])
array('d', [-27.0275390625, -0.56015625, 19.698828125000002, 0.046679687500000004])
array('d', [-26.7474609375, 0.8869140625, 19.512109375, -0.18671875000000002])
array('d', [-26.7474609375, 0.8869140625, 19.512109375, 0.466796875])
array('d', [-27.167578125000002, 0.8869140625, 19.512109375, 0.466796875])
array('d', [-27.167578125000002, 0.8869140625, 19.512109375, 0.466796875])
array('d', [-26.7474609375, 0.56015625, 19.7921875, -0.18671875000000002])
array('d', [-27.167578125000002, 1.213671875, 19.885546875, 0.046679687500000004])
array('d', [-27.167578125000002, -0.2333984375, 19.885546875, 0.046679687500000004])
array('d', [-27.167578125000002, -0.2333984375, 19.885546875, -0.18671875000000002])
array('d', [-25.720507812500003, -0.7001953125, 19.512109375, 0.2333984375])
array('d', [-26.887500000000003, 0.7935546875, 19.512109375, -0.18671875000000002])
array('d', [-26.887500000000003, 0.7935546875, 20.2123046875, 0.466796875])
array('d', [-27.167578125000002, 0.466796875, 20.2123046875, 0.466796875])
array('d', [-26.5607421875, 0.56015625, 19.60546875, 0.046679687500000004])
array('d', [-27.0275390625, 0.18671875000000002, 19.885546875, 0.046679687500000004])
array('d', [-27.0275390625, 0.18671875000000002, 19.885546875, 0.046679687500000004])
array('d', [-27.0275390625, 0.18671875000000002, 19.885546875, 0.046679687500000004])
array('d', [-27.0275390625, 0.18671875000000002, 19.885546875, 0.046679687500000004])
array('d', [-27.0275390625, 0.18671875000000002, 19.885546875, 0.2333984375])
array('d', [-27.0275390625, -0.2333984375, 19.7921875, 0.2333984375])
array('d', [-28.1478515625, 0.466796875, 19.698828125000002, 0.046679687500000004])
array('d', [-28.1478515625, -0.7001953125, 19.0919921875, 0.046679687500000004])
array('d', [-26.7474609375, -0.7001953125, 19.0919921875, 0.046679687500000004])
array('d', [-26.047265625, -0.3267578125, 19.60546875, 0.046679687500000004])
array('d', [-26.2806640625, -0.7001953125, 19.512109375, -0.42011718750000004])
array('d', [-26.887500000000003, -0.18671875000000002, 19.7921875, 0.7001953125])
array('d', [-26.887500000000003, -0.18671875000000002, 19.7921875, -0.18671875000000002])
array('d', [-27.167578125000002, 0.18671875000000002, 19.7455078125, -0.18671875000000002])
array('d', [-26.5607421875, -0.9802734375000001, 19.7455078125, -0.18671875000000002])
array('d', [-26.5607421875, -0.9802734375000001, 19.7455078125, -0.18671875000000002])
array('d', [-26.5607421875, -0.9802734375000001, 19.7455078125, -0.18671875000000002])
array('d', [-26.5607421875, -0.9802734375000001, 19.7455078125, -0.18671875000000002])
array('d', [-26.5607421875, -0.9802734375000001, 19.7455078125, -0.42011718750000004])
array('d', [-27.587695312500003, -1.30703125, 19.7455078125, -0.42011718750000004])
array('d', [-27.0275390625, 0.18671875000000002, 19.512109375, 0.046679687500000004])
array('d', [-27.3076171875, 1.587109375, 19.138671875, 0.2333984375])
array('d', [-26.187304687500003, -0.56015625, 19.885546875, -0.18671875000000002])
array('d', [-28.0078125, -1.0736328125, 20.1189453125, 0.2333984375])
array('d', [-28.0078125, -1.0736328125, 20.1189453125, 0.2333984375])
array('d', [-28.0078125, -1.0736328125, 20.1189453125, 0.2333984375])
array('d', [-26.5607421875, -0.2333984375, 19.7455078125, -0.18671875000000002])
array('d', [-26.5607421875, -0.2333984375, 20.1189453125, 0.046679687500000004])
array('d', [-26.420703125000003, 0.18671875000000002, 20.1189453125, 0.046679687500000004])
array('d', [-26.420703125000003, 0.18671875000000002, 20.1189453125, 0.046679687500000004])
array('d', [-26.420703125000003, 0.18671875000000002, 20.1189453125, 0.046679687500000004])
array('d', [-26.047265625, 0.466796875, 19.5587890625, -0.42011718750000004])
array('d', [-26.5607421875, -0.18671875000000002, 19.0919921875, 0.2333984375])
array('d', [-27.0275390625, 0.18671875000000002, 19.885546875, 0.2333984375])
array('d', [-27.0275390625, 0.18671875000000002, 19.7921875, 0.466796875])
array('d', [-26.887500000000003, -0.56015625, 19.7921875, 0.466796875])
array('d', [-26.420703125000003, 0.18671875000000002, 19.5587890625, -0.42011718750000004])
array('d', [-26.887500000000003, -0.56015625, 20.2123046875, -0.18671875000000002])
array('d', [-26.887500000000003, -0.56015625, 20.2123046875, -0.18671875000000002])
array('d', [-26.887500000000003, -0.56015625, 20.2123046875, -0.18671875000000002])
array('d', [-26.887500000000003, -0.56015625, 20.2123046875, -0.18671875000000002])
array('d', [-28.567968750000002, -0.046679687500000004, 19.7921875, 0.046679687500000004])
array('d', [-28.567968750000002, -0.046679687500000004, 19.7921875, 0.2333984375])
array('d', [-27.587695312500003, 0.37343750000000003, 18.85859375, 0.2333984375])
array('d', [-27.587695312500003, 0.37343750000000003, 18.85859375, -0.42011718750000004])
array('d', [-27.167578125000002, 0.37343750000000003, 19.7921875, -0.42011718750000004])
array('d', [-26.420703125000003, -0.2333984375, 19.7455078125, 0.046679687500000004])
array('d', [-26.420703125000003, 0.466796875, 19.138671875, 0.2333984375])
array('d', [-26.5607421875, -0.56015625, 19.3720703125, 0.046679687500000004])
array('d', [-26.5607421875, -0.56015625, 19.3720703125, -0.18671875000000002])
array('d', [-26.420703125000003, -0.2333984375, 19.885546875, -0.18671875000000002])
array('d', [-28.567968750000002, 0.046679687500000004, 19.2787109375, 0.046679687500000004])
array('d', [-26.420703125000003, -1.400390625, 20.2123046875, 0.046679687500000004])
array('d', [-26.420703125000003, -1.400390625, 20.2123046875, 0.046679687500000004])
array('d', [-26.887500000000003, 0.466796875, 19.2787109375, 0.046679687500000004])
array('d', [-26.7474609375, 0.2333984375, 19.2787109375, 0.280078125])
array('d', [-26.5607421875, 0.18671875000000002, 19.7921875, 0.2333984375])
array('d', [-26.5607421875, 0.18671875000000002, 19.138671875, 0.046679687500000004])
array('d', [-27.0275390625, 0.37343750000000003, 19.138671875, 0.046679687500000004])
array('d', [-27.587695312500003, -0.2333984375, 19.7455078125, 0.046679687500000004])
array('d', [-27.167578125000002, 0.466796875, 19.7921875, 0.2333984375])
array('d', [-27.167578125000002, 0.466796875, 19.5587890625, 0.280078125])
array('d', [-27.867773437500002, 0.466796875, 19.5587890625, 0.280078125])
array('d', [-27.0275390625, 0.8869140625, 19.5587890625, 0.2333984375])
array('d', [-27.0275390625, 0.8869140625, 19.5587890625, 0.2333984375])
array('d', [-26.420703125000003, -0.2333984375, 19.5587890625, 0.2333984375])
array('d', [-26.420703125000003, 1.0736328125, 19.6521484375, 0.2333984375])
array('d', [-27.167578125000002, -0.2333984375, 19.7921875, 0.280078125])
array('d', [-27.167578125000002, -0.2333984375, 19.7921875, 0.280078125])
array('d', [-27.167578125000002, 0.046679687500000004, 19.0919921875, -0.1400390625])
array('d', [-27.167578125000002, 0.046679687500000004, 19.0919921875, -0.1400390625])
array('d', [-27.0275390625, -0.9802734375000001, 18.85859375, 0.2333984375])
array('d', [-27.167578125000002, 0.466796875, 19.512109375, 0.466796875])
array('d', [-27.167578125000002, 0.37343750000000003, 19.7921875, 0.466796875])
array('d', [-27.167578125000002, 0.37343750000000003, 19.7921875, -0.2333984375])
array('d', [-26.2806640625, -1.7271484375000001, 19.7455078125, -0.2333984375])
array('d', [-27.0275390625, -0.2333984375, 19.7455078125, -0.1400390625])
array('d', [-27.0275390625, -0.7001953125, 19.512109375, -0.6068359375])
array('d', [-26.2806640625, -0.7001953125, 19.512109375, -0.6068359375])
array('d', [-27.3076171875, -0.56015625, 20.1189453125, 0.653515625])
array('d', [-27.3076171875, -0.56015625, 19.3720703125, -0.18671875000000002])
array('d', [-27.0275390625, 0.2333984375, 19.3720703125, -0.18671875000000002])
array('d', [-27.0275390625, 0.2333984375, 19.3720703125, -0.18671875000000002])
array('d', [-27.167578125000002, 1.30703125, 19.5587890625, -0.3267578125])
array('d', [-26.2806640625, -1.400390625, 19.138671875, 0.2333984375])
array('d', [-26.2806640625, -1.400390625, 19.138671875, 0.046679687500000004])
array('d', [-27.0275390625, -0.18671875000000002, 19.138671875, 0.046679687500000004])
array('d', [-27.0275390625, -0.18671875000000002, 19.138671875, 0.046679687500000004])
array('d', [-27.0275390625, -0.18671875000000002, 19.138671875, 0.046679687500000004])
array('d', [-25.58046875, -0.8869140625, 20.0255859375, -0.18671875000000002])
array('d', [-25.58046875, -0.8869140625, 20.0255859375, -0.18671875000000002])
array('d', [-26.7474609375, -0.7001953125, 19.512109375, -0.18671875000000002])
array('d', [-26.7474609375, -0.7001953125, 19.512109375, -0.18671875000000002])
array('d', [-26.7474609375, -0.7001953125, 19.512109375, -0.18671875000000002])
array('d', [-26.7474609375, -0.7001953125, 19.512109375, -0.18671875000000002])
array('d', [-27.867773437500002, 0.046679687500000004, 19.7921875, 0.046679687500000004])
array('d', [-28.0078125, -0.7001953125, 19.7921875, -0.1400390625])
array('d', [-26.5607421875, -1.400390625, 19.512109375, -0.42011718750000004])
array('d', [-26.5607421875, -1.400390625, 19.7921875, -0.18671875000000002])
array('d', [-27.167578125000002, -0.2333984375, 19.7921875, -0.18671875000000002])
array('d', [-26.887500000000003, -0.2333984375, 19.7921875, 0.2333984375])
array('d', [-27.587695312500003, -0.8869140625, 19.138671875, -0.3267578125])
array('d', [-27.587695312500003, -0.8869140625, 19.138671875, -0.3267578125])
array('d', [-27.587695312500003, -0.8869140625, 19.138671875, -0.3267578125])
array('d', [-27.587695312500003, -0.8869140625, 19.138671875, -0.3267578125])
array('d', [-27.587695312500003, 0.18671875000000002, 19.2787109375, 0.046679687500000004])
array('d', [-26.7474609375, 0.18671875000000002, 19.2787109375, 0.046679687500000004])
array('d', [-27.587695312500003, 0.8869140625, 19.5587890625, 0.046679687500000004])
array('d', [-27.587695312500003, 0.8869140625, 19.5587890625, 0.046679687500000004])
array('d', [-27.587695312500003, 0.8869140625, 19.5587890625, 0.046679687500000004])
array('d', [-27.587695312500003, 0.8869140625, 19.5587890625, 0.046679687500000004])
array('d', [-27.587695312500003, 0.8869140625, 19.5587890625, 0.046679687500000004])
array('d', [-26.5607421875, -0.9802734375000001, 19.7455078125, 0.09335937500000001])
array('d', [-27.587695312500003, -0.7001953125, 20.0255859375, -0.18671875000000002])
array('d', [-27.587695312500003, -0.3267578125, 19.2787109375, 0.046679687500000004])
array('d', [-27.587695312500003, -0.3267578125, 19.2787109375, 0.046679687500000004])
array('d', [-27.587695312500003, -0.3267578125, 19.2787109375, 0.046679687500000004])
array('d', [-26.7474609375, 0.7935546875, 19.3720703125, -0.18671875000000002])
array('d', [-26.7474609375, 0.7935546875, 19.3720703125, 0.046679687500000004])
array('d', [-26.5607421875, -0.9802734375000001, 19.3720703125, 0.046679687500000004])
array('d', [-26.5607421875, -0.9802734375000001, 19.3720703125, 0.046679687500000004])
array('d', [-26.5607421875, -0.9802734375000001, 19.3720703125, 0.046679687500000004])
array('d', [-26.5607421875, -0.9802734375000001, 19.3720703125, 0.046679687500000004])
array('d', [-26.5607421875, -0.2333984375, 19.7455078125, 0.2333984375])
array('d', [-26.187304687500003, -0.2333984375, 19.3720703125, 0.466796875])
array('d', [-27.167578125000002, -0.7001953125, 20.0255859375, -0.42011718750000004])
array('d', [-27.167578125000002, -0.7001953125, 20.0255859375, -0.42011718750000004])
array('d', [-26.420703125000003, -0.56015625, 20.4923828125, -0.18671875000000002])
array('d', [-27.0275390625, -0.56015625, 19.7921875, 0.2333984375])
array('d', [-27.0275390625, -0.56015625, 19.7921875, 0.046679687500000004])
array('d', [-27.167578125000002, -0.56015625, 19.7921875, 0.046679687500000004])
array('d', [-27.167578125000002, -0.56015625, 19.7921875, 0.046679687500000004])
array('d', [-27.167578125000002, -0.56015625, 19.7921875, 0.046679687500000004])
array('d', [-27.167578125000002, -0.56015625, 19.7921875, 0.046679687500000004])
array('d', [-27.167578125000002, -0.56015625, 19.7921875, 0.046679687500000004])
array('d', [-26.420703125000003, 0.466796875, 20.0255859375, -0.0])
array('d', [-26.420703125000003, 0.466796875, 19.512109375, 0.2333984375])
array('d', [-27.167578125000002, 0.18671875000000002, 19.512109375, 0.2333984375])
array('d', [-27.0275390625, 0.18671875000000002, 19.7455078125, -0.42011718750000004])
array('d', [-27.0275390625, -1.400390625, 19.7455078125, -0.18671875000000002])
array('d', [-27.0275390625, -1.400390625, 19.7455078125, -0.18671875000000002])
array('d', [-27.727734375, 0.466796875, 19.512109375, 0.046679687500000004])
array('d', [-27.167578125000002, 0.466796875, 19.512109375, 0.2333984375])
array('d', [-27.167578125000002, 0.18671875000000002, 19.7921875, 0.2333984375])
array('d', [-27.587695312500003, 0.046679687500000004, 19.7455078125, 0.046679687500000004])
array('d', [-27.3076171875, 0.046679687500000004, 19.512109375, -0.0])
array('d', [-27.3076171875, 0.046679687500000004, 19.512109375, -0.0])
array('d', [-25.860546875, 0.37343750000000003, 19.3720703125, 0.2333984375])
array('d', [-27.2609375, -1.400390625, 19.60546875, -0.18671875000000002])
array('d', [-27.2609375, -0.2333984375, 19.7455078125, 0.5134765625000001])
array('d', [-26.7474609375, -0.2333984375, 19.7455078125, 0.5134765625000001])
array('d', [-26.7474609375, -0.2333984375, 19.7455078125, 0.2333984375])
array('d', [-26.7474609375, 1.213671875, 19.0919921875, -0.1400390625])
array('d', [-26.7474609375, 1.213671875, 19.0919921875, -0.6068359375])
array('d', [-26.7474609375, -0.18671875000000002, 19.60546875, -0.6068359375])
array('d', [-26.887500000000003, -1.0736328125, 19.0919921875, 0.2333984375])
array('d', [-26.887500000000003, -1.7271484375000001, 20.1189453125, -0.7468750000000001])
array('d', [-26.887500000000003, -1.7271484375000001, 20.1189453125, -0.7468750000000001])
array('d', [-27.167578125000002, -0.2333984375, 19.138671875, 0.046679687500000004])
array('d', [-27.0275390625, 0.466796875, 19.885546875, -0.42011718750000004])
array('d', [-27.0275390625, 0.466796875, 19.885546875, 0.09335937500000001])
array('d', [-26.047265625, 0.56015625, 19.3720703125, 0.09335937500000001])
array('d', [-27.44765625, 0.466796875, 19.512109375, -0.18671875000000002])
array('d', [-27.44765625, 0.7935546875, 20.3056640625, 0.046679687500000004])
array('d', [-27.44765625, 0.7935546875, 20.3056640625, 0.046679687500000004])
array('d', [-26.887500000000003, 0.466796875, 19.7921875, 0.2333984375])
array('d', [-25.58046875, -0.2333984375, 19.7921875, -0.0])
array('d', [-25.58046875, -0.9802734375000001, 19.7455078125, 0.046679687500000004])
array('d', [-26.187304687500003, -0.9802734375000001, 19.7455078125, 0.046679687500000004])
array('d', [-27.44765625, 0.046679687500000004, 19.3720703125, -0.2333984375])
array('d', [-26.887500000000003, 0.18671875000000002, 20.1189453125, -0.3267578125])
array('d', [-26.887500000000003, -0.56015625, 19.3720703125, 0.2333984375])
array('d', [-27.727734375, -0.56015625, 19.3720703125, 0.2333984375])
array('d', [-27.0275390625, 0.466796875, 20.2123046875, 0.466796875])
array('d', [-26.887500000000003, 0.18671875000000002, 19.932226562500002, 0.466796875])
array('d', [-26.887500000000003, 0.18671875000000002, 19.3720703125, 0.2333984375])
array('d', [-26.887500000000003, 0.046679687500000004, 19.3720703125, 0.466796875])
array('d', [-27.3076171875, 0.046679687500000004, 19.3720703125, 0.466796875])
array('d', [-27.0275390625, 0.046679687500000004, 19.3720703125, 0.466796875])
array('d', [-27.0275390625, -0.7001953125, 19.5587890625, -0.18671875000000002])
array('d', [-27.0275390625, 0.18671875000000002, 19.3720703125, -0.42011718750000004])
array('d', [-27.0275390625, -0.56015625, 19.0919921875, -0.466796875])
array('d', [-27.0275390625, -0.56015625, 19.0919921875, -0.466796875])
array('d', [-26.887500000000003, 0.8869140625, 19.7921875, -0.18671875000000002])
array('d', [-27.44765625, -0.18671875000000002, 19.5587890625, 0.280078125])
array('d', [-27.44765625, -0.2333984375, 19.60546875, 0.046679687500000004])
array('d', [-27.44765625, -0.2333984375, 19.60546875, 0.046679687500000004])
array('d', [-27.44765625, -0.2333984375, 19.60546875, 0.046679687500000004])
array('d', [-27.167578125000002, 1.213671875, 19.138671875, -0.18671875000000002])
array('d', [-27.167578125000002, 1.213671875, 19.138671875, -0.18671875000000002])
array('d', [-27.0275390625, -0.2333984375, 19.512109375, -0.18671875000000002])
array('d', [-26.467382812500002, 1.30703125, 19.3720703125, 0.2333984375])
array('d', [-27.44765625, 0.8869140625, 19.7455078125, -0.18671875000000002])
array('d', [-27.44765625, 0.466796875, 19.3720703125, 0.046679687500000004])
array('d', [-26.887500000000003, 0.466796875, 19.3720703125, 0.046679687500000004])
array('d', [-28.0078125, 0.466796875, 19.932226562500002, 0.466796875])
array('d', [-26.7474609375, 0.280078125, 20.1189453125, 0.280078125])
array('d', [-26.5607421875, -0.56015625, 19.7455078125, 0.046679687500000004])
array('d', [-26.5607421875, -0.56015625, 19.7455078125, 0.046679687500000004])
array('d', [-26.5607421875, -0.56015625, 19.7455078125, 0.046679687500000004])
array('d', [-26.5607421875, -0.56015625, 19.7455078125, 0.046679687500000004])
array('d', [-26.32734375, 0.18671875000000002, 19.7921875, -0.42011718750000004])
array('d', [-26.32734375, -0.2333984375, 19.60546875, -0.18671875000000002])
array('d', [-27.0275390625, -0.2333984375, 19.60546875, -0.18671875000000002])
array('d', [-27.0275390625, -0.2333984375, 19.60546875, -0.18671875000000002])
array('d', [-27.0275390625, -0.2333984375, 19.60546875, -0.18671875000000002])
array('d', [-27.727734375, 0.56015625, 19.325390625, 0.466796875])
array('d', [-26.047265625, -0.2333984375, 20.0255859375, 0.466796875])
array('d', [-26.7474609375, 0.18671875000000002, 19.2787109375, -0.0])
array('d', [-27.0275390625, 0.466796875, 19.325390625, -0.5134765625000001])
array('d', [-27.0275390625, 0.466796875, 19.325390625, -0.5134765625000001])
array('d', [-27.0275390625, -0.56015625, 20.0255859375, -0.18671875000000002])
array('d', [-27.0275390625, 0.37343750000000003, 18.998632812500002, 0.2333984375])
array('d', [-27.0275390625, 0.37343750000000003, 18.998632812500002, 0.2333984375])
array('d', [-27.0275390625, 0.37343750000000003, 18.998632812500002, 0.2333984375])
array('d', [-26.887500000000003, -0.9802734375000001, 19.60546875, -0.18671875000000002])
array('d', [-26.887500000000003, -0.9802734375000001, 19.512109375, -0.18671875000000002])
array('d', [-26.047265625, 0.466796875, 19.512109375, -0.18671875000000002])
array('d', [-26.047265625, 0.466796875, 19.512109375, -0.18671875000000002])
array('d', [-26.047265625, 0.466796875, 19.512109375, -0.18671875000000002])
array('d', [-26.047265625, 0.466796875, 19.512109375, -0.18671875000000002])
array('d', [-26.467382812500002, -0.2333984375, 19.2787109375, 0.046679687500000004])
array('d', [-26.887500000000003, -0.18671875000000002, 20.0255859375, 0.046679687500000004])
array('d', [-26.467382812500002, 0.18671875000000002, 19.512109375, -0.18671875000000002])
array('d', [-26.467382812500002, 0.046679687500000004, 19.7455078125, 0.2333984375])
array('d', [-27.867773437500002, 0.046679687500000004, 19.7455078125, 0.2333984375])
array('d', [-27.867773437500002, 0.18671875000000002, 19.7921875, 0.18671875000000002])
array('d', [-26.32734375, 0.466796875, 19.3720703125, -0.0])
array('d', [-26.32734375, 0.466796875, 19.3720703125, -0.2333984375])
array('d', [-26.7474609375, 0.466796875, 19.885546875, -0.2333984375])
array('d', [-26.887500000000003, 0.466796875, 19.7921875, -0.0])
array('d', [-27.0275390625, -0.3267578125, 19.0919921875, 0.18671875000000002])
array('d', [-27.0275390625, -0.3267578125, 19.0919921875, 0.18671875000000002])
array('d', [-27.120898437500003, 0.18671875000000002, 20.399023437500002, -0.1400390625])
array('d', [-26.467382812500002, 0.466796875, 19.932226562500002, -0.2333984375])
array('d', [-26.467382812500002, 0.466796875, 19.932226562500002, -0.37343750000000003])
array('d', [-27.120898437500003, 0.8869140625, 18.85859375, -0.046679687500000004])
array('d', [-26.047265625, 1.0736328125, 18.7185546875, 0.2333984375])
array('d', [-26.047265625, 1.0736328125, 18.7185546875, 0.2333984375])
array('d', [-28.0078125, -0.2333984375, 20.0255859375, 0.09335937500000001])
array('d', [-28.0078125, -1.0736328125, 20.3056640625, -0.2333984375])
array('d', [-26.7474609375, -1.0736328125, 20.3056640625, -0.2333984375])
array('d', [-26.7474609375, -2.2873046875000003, 19.7455078125, -0.1400390625])
array('d', [-26.467382812500002, 0.18671875000000002, 19.60546875, -0.0])
array('d', [-26.467382812500002, 0.18671875000000002, 20.3056640625, -0.0])
array('d', [-26.887500000000003, -0.3267578125, 20.3056640625, -0.0])
array('d', [-26.887500000000003, -0.3267578125, 20.3056640625, -0.0])
array('d', [-26.887500000000003, -0.3267578125, 20.3056640625, -0.0])
array('d', [-26.887500000000003, -0.7001953125, 19.60546875, 0.2333984375])
array('d', [-28.0078125, 0.466796875, 19.0919921875, -0.0])
array('d', [-27.0275390625, -0.8402343750000001, 19.0919921875, -0.1400390625])
array('d', [-27.0275390625, -0.8402343750000001, 19.0919921875, -0.1400390625])
array('d', [-27.0275390625, -0.8402343750000001, 19.0919921875, -0.1400390625])
array('d', [-27.0275390625, -0.8402343750000001, 19.0919921875, -0.1400390625])
array('d', [-27.44765625, -0.3267578125, 19.7455078125, -0.1400390625])
array('d', [-27.44765625, -0.3267578125, 19.7455078125, -0.2333984375])
array('d', [-26.187304687500003, -0.2333984375, 19.138671875, -0.2333984375])
array('d', [-27.3076171875, -0.2333984375, 19.138671875, 0.09335937500000001])
array('d', [-27.3076171875, -0.2333984375, 19.60546875, -0.046679687500000004])
array('d', [-27.587695312500003, 0.466796875, 19.60546875, -0.046679687500000004])
array('d', [-25.860546875, 0.18671875000000002, 19.325390625, 0.18671875000000002])
array('d', [-25.860546875, 0.18671875000000002, 19.325390625, 0.18671875000000002])
array('d', [-25.860546875, 0.18671875000000002, 19.325390625, 0.18671875000000002])
array('d', [-25.860546875, 0.18671875000000002, 19.325390625, 0.18671875000000002])
array('d', [-25.860546875, 0.18671875000000002, 19.325390625, 0.18671875000000002])
array('d', [-27.867773437500002, 0.466796875, 19.0919921875, -0.466796875])
array('d', [-27.867773437500002, 0.18671875000000002, 20.0255859375, -0.1400390625])
array('d', [-26.5607421875, 0.18671875000000002, 20.0255859375, -0.1400390625])
array('d', [-27.0275390625, 0.466796875, 19.138671875, -0.5134765625000001])
array('d', [-26.7474609375, -0.2333984375, 19.885546875, 0.5134765625000001])
array('d', [-27.167578125000002, 0.56015625, 19.138671875, -0.2333984375])
array('d', [-27.167578125000002, 0.56015625, 19.138671875, -0.2333984375])
array('d', [-27.44765625, -1.30703125, 19.325390625, -0.466796875])
array('d', [-27.0275390625, 0.466796875, 19.7455078125, -0.0])
array('d', [-27.0275390625, -0.56015625, 19.138671875, 0.2333984375])
array('d', [-26.887500000000003, -0.56015625, 19.138671875, 0.2333984375])
array('d', [-26.32734375, 0.466796875, 20.0255859375, 0.09335937500000001])
array('d', [-26.32734375, -1.9605468750000001, 19.7455078125, 0.18671875000000002])
array('d', [-27.44765625, -1.9605468750000001, 19.7455078125, 0.18671875000000002])
array('d', [-27.44765625, -0.56015625, 19.7455078125, 0.18671875000000002])
array('d', [-27.44765625, -0.56015625, 19.7455078125, 0.18671875000000002])
array('d', [-26.187304687500003, -0.7001953125, 19.932226562500002, 0.09335937500000001])
array('d', [-26.187304687500003, -0.7001953125, 19.932226562500002, -0.0])
array('d', [-28.0078125, 0.046679687500000004, 18.998632812500002, -0.0])
array('d', [-26.7474609375, 0.046679687500000004, 19.325390625, -0.0])
array('d', [-26.887500000000003, -0.18671875000000002, 20.0255859375, 0.3267578125])
array('d', [-26.32734375, 0.9802734375000001, 18.765234375000002, 0.653515625])
array('d', [-26.32734375, 0.9802734375000001, 18.765234375000002, 0.653515625])
array('d', [-26.32734375, 0.9802734375000001, 18.765234375000002, 0.653515625])
array('d', [-26.187304687500003, -0.9802734375000001, 19.932226562500002, -0.0])
array('d', [-27.44765625, -0.2333984375, 19.7455078125, -0.1400390625])
array('d', [-27.44765625, -0.2333984375, 19.7455078125, -0.0])
array('d', [-27.44765625, -0.2333984375, 19.7455078125, -0.0])
array('d', [-27.44765625, -0.2333984375, 19.7455078125, -0.0])
array('d', [-27.0275390625, 0.466796875, 19.0453125, -0.09335937500000001])
array('d', [-27.0275390625, 0.466796875, 19.0453125, -0.046679687500000004])
array('d', [-28.287890625000003, 0.7935546875, 19.5587890625, -0.046679687500000004])
array('d', [-28.287890625000003, 1.587109375, 19.932226562500002, -0.0])
array('d', [-26.887500000000003, 1.587109375, 19.932226562500002, -0.42011718750000004])
array('d', [-27.867773437500002, -2.6140625, 19.325390625, -0.42011718750000004])
array('d', [-26.887500000000003, 0.18671875000000002, 19.3720703125, -0.0])
array('d', [-26.887500000000003, -0.2333984375, 19.3720703125, -0.09335937500000001])
array('d', [-27.44765625, -0.2333984375, 19.5587890625, -0.0])
array('d', [-27.867773437500002, 1.213671875, 19.5587890625, -0.0])
array('d', [-26.467382812500002, 0.8869140625, 19.7921875, -0.046679687500000004])
array('d', [-26.467382812500002, 0.8869140625, 19.7921875, -0.046679687500000004])
array('d', [-26.467382812500002, 0.8869140625, 19.7921875, -0.046679687500000004])
array('d', [-26.467382812500002, 0.8869140625, 19.7921875, -0.046679687500000004])
array('d', [-26.467382812500002, 0.8869140625, 19.7921875, -0.046679687500000004])
array('d', [-26.887500000000003, -1.7271484375000001, 19.60546875, -0.09335937500000001])
array('d', [-25.860546875, -0.2333984375, 19.512109375, -0.09335937500000001])
array('d', [-25.860546875, -0.2333984375, 19.512109375, 0.2333984375])
array('d', [-25.860546875, -0.2333984375, 19.0919921875, 0.2333984375])
array('d', [-27.3076171875, 0.466796875, 19.7921875, -0.37343750000000003])
array('d', [-27.3076171875, 0.466796875, 19.7921875, -0.2333984375])
array('d', [-27.0275390625, 0.9802734375000001, 19.885546875, -0.2333984375])
array('d', [-26.7474609375, 0.8869140625, 19.60546875, -0.1400390625])
array('d', [-26.7474609375, 0.8869140625, 19.7455078125, 0.18671875000000002])
array('d', [-27.0275390625, -0.2333984375, 19.7455078125, 0.18671875000000002])
array('d', [-26.7474609375, 0.18671875000000002, 18.951953125, -0.466796875])
array('d', [-28.0078125, 1.587109375, 19.5587890625, 0.5134765625000001])
array('d', [-28.0078125, 1.587109375, 19.5587890625, -0.0])
array('d', [-27.120898437500003, -0.2333984375, 19.60546875, -0.0])
array('d', [-27.0275390625, 0.18671875000000002, 19.325390625, -0.046679687500000004])
array('d', [-27.0275390625, 0.18671875000000002, 18.998632812500002, -0.37343750000000003])
array('d', [-25.860546875, -0.7001953125, 18.998632812500002, -0.37343750000000003])
array('d', [-26.2806640625, 0.046679687500000004, 19.138671875, -0.42011718750000004])
array('d', [-27.44765625, 0.7935546875, 19.3720703125, -0.0])
array('d', [-27.44765625, 0.046679687500000004, 19.7921875, -0.046679687500000004])
array('d', [-26.467382812500002, 0.046679687500000004, 19.7921875, -0.046679687500000004])
array('d', [-26.887500000000003, 0.046679687500000004, 19.5587890625, -0.1400390625])
array('d', [-27.44765625, 0.466796875, 19.7921875, -0.09335937500000001])
array('d', [-27.44765625, 1.0736328125, 19.7455078125, -0.466796875])
array('d', [-27.44765625, 1.0736328125, 19.7455078125, -0.466796875])
array('d', [-26.7474609375, 0.046679687500000004, 19.138671875, 0.2333984375])
array('d', [-26.5607421875, -0.56015625, 19.7921875, 0.09335937500000001])
array('d', [-26.5607421875, -0.56015625, 19.7455078125, -0.2333984375])
array('d', [-27.0275390625, 0.466796875, 19.7455078125, -0.2333984375])
array('d', [-26.887500000000003, 0.8869140625, 19.5587890625, 0.09335937500000001])
array('d', [-26.7474609375, -0.2333984375, 19.885546875, 0.09335937500000001])
array('d', [-27.44765625, 0.18671875000000002, 20.258984375, 0.5134765625000001])
array('d', [-27.0275390625, -0.3267578125, 19.7921875, 0.18671875000000002])
array('d', [-27.0275390625, 0.046679687500000004, 19.3720703125, -0.1400390625])
array('d', [-26.32734375, 0.046679687500000004, 19.3720703125, -0.1400390625])
array('d', [-26.32734375, 0.046679687500000004, 19.3720703125, -0.1400390625])
array('d', [-26.32734375, 0.046679687500000004, 19.3720703125, -0.1400390625])
array('d', [-26.32734375, 0.046679687500000004, 19.3720703125, -0.1400390625])
array('d', [-26.32734375, -1.0736328125, 20.0255859375, -0.1400390625])
array('d', [-27.3076171875, 0.9802734375000001, 20.0255859375, -0.0])
array('d', [-26.32734375, 0.18671875000000002, 20.0255859375, 0.09335937500000001])
array('d', [-26.32734375, 0.18671875000000002, 20.0255859375, 0.09335937500000001])
array('d', [-27.0275390625, 0.8869140625, 19.5587890625, -0.09335937500000001])
array('d', [-26.5607421875, -0.2333984375, 20.3056640625, -0.0])
array('d', [-27.0275390625, 0.37343750000000003, 19.60546875, 0.18671875000000002])
array('d', [-27.867773437500002, 0.56015625, 20.1189453125, 0.7001953125])
array('d', [-27.120898437500003, 0.56015625, 19.7455078125, -0.42011718750000004])
array('d', [-27.120898437500003, 0.56015625, 19.885546875, 0.5134765625000001])
array('d', [-27.120898437500003, 0.56015625, 19.885546875, 0.5134765625000001])
array('d', [-26.32734375, -0.56015625, 19.885546875, 0.5134765625000001])
array('d', [-26.5607421875, -0.56015625, 19.7921875, -0.0])
array('d', [-26.887500000000003, 0.046679687500000004, 19.5587890625, -0.0])
array('d', [-26.887500000000003, 0.046679687500000004, 19.5587890625, -0.42011718750000004])
array('d', [-26.7474609375, -0.56015625, 19.5587890625, -0.42011718750000004])
array('d', [-26.887500000000003, 0.56015625, 20.0255859375, -0.37343750000000003])
array('d', [-26.887500000000003, 0.56015625, 20.0255859375, -0.37343750000000003])
array('d', [-27.44765625, 0.466796875, 19.7921875, -0.1400390625])
array('d', [-27.44765625, 0.56015625, 19.512109375, -0.2333984375])
array('d', [-27.44765625, 0.56015625, 19.512109375, -0.2333984375])
array('d', [-26.887500000000003, 0.7935546875, 19.138671875, -0.2333984375])
array('d', [-27.727734375, 0.046679687500000004, 20.1189453125, 0.280078125])
array('d', [-26.32734375, 0.18671875000000002, 19.512109375, -0.653515625])
array('d', [-26.32734375, 0.18671875000000002, 19.512109375, -0.653515625])
array('d', [-25.860546875, 0.56015625, 19.3720703125, -0.1400390625])
array('d', [-26.467382812500002, -0.18671875000000002, 19.60546875, -0.0])
array('d', [-26.467382812500002, -0.18671875000000002, 19.60546875, -0.42011718750000004])
array('d', [-27.44765625, -0.466796875, 20.0255859375, -0.42011718750000004])
array('d', [-27.3076171875, -0.56015625, 19.97890625, -0.09335937500000001])
array('d', [-27.587695312500003, 0.046679687500000004, 19.932226562500002, -0.0])
array('d', [-26.887500000000003, 1.30703125, 19.6521484375, -0.0])
array('d', [-26.887500000000003, -0.7001953125, 19.3720703125, -0.6068359375])
array('d', [-26.887500000000003, -0.7001953125, 19.3720703125, -0.6068359375])
array('d', [-27.867773437500002, -0.2333984375, 19.7921875, -0.2333984375])
array('d', [-26.7474609375, -0.9802734375000001, 19.325390625, 0.3267578125])
array('d', [-26.7474609375, 1.30703125, 19.60546875, 0.280078125])
array('d', [-27.587695312500003, 1.30703125, 19.60546875, 0.280078125])
array('d', [-26.32734375, -0.7001953125, 19.325390625, 0.280078125])
array('d', [-26.32734375, -0.7001953125, 19.325390625, 0.280078125])
array('d', [-26.32734375, -0.7001953125, 19.325390625, 0.280078125])
array('d', [-26.32734375, -0.7001953125, 19.325390625, 0.37343750000000003])
array('d', [-27.867773437500002, 0.466796875, 19.465429687500002, 0.37343750000000003])
array('d', [-26.887500000000003, 0.8869140625, 20.0255859375, 0.280078125])
array('d', [-26.887500000000003, 0.8869140625, 19.60546875, 0.18671875000000002])
array('d', [-26.887500000000003, 0.8869140625, 19.60546875, 0.18671875000000002])
array('d', [-26.887500000000003, 0.8869140625, 19.60546875, 0.18671875000000002])
array('d', [-26.887500000000003, 0.466796875, 19.60546875, 0.18671875000000002])
array('d', [-25.860546875, -0.56015625, 19.325390625, 0.09335937500000001])
array('d', [-26.7474609375, 0.56015625, 19.60546875, -0.046679687500000004])
array('d', [-27.3076171875, 1.213671875, 19.3720703125, 0.09335937500000001])
array('d', [-27.867773437500002, -0.7001953125, 19.465429687500002, 0.18671875000000002])
array('d', [-27.867773437500002, -0.7001953125, 19.2787109375, -0.2333984375])
array('d', [-27.867773437500002, -0.2333984375, 19.2787109375, -0.2333984375])
array('d', [-25.767187500000002, 0.280078125, 19.5587890625, -0.09335937500000001])
array('d', [-26.467382812500002, 0.7001953125, 19.885546875, -0.0])
array('d', [-26.467382812500002, 0.18671875000000002, 19.885546875, -0.0])
array('d', [-26.467382812500002, 0.18671875000000002, 19.885546875, -0.0])
array('d', [-26.467382812500002, 0.18671875000000002, 19.885546875, -0.0])
array('d', [-27.0275390625, 0.18671875000000002, 19.885546875, -0.1400390625])
array('d', [-26.467382812500002, 0.18671875000000002, 19.325390625, 0.466796875])
array('d', [-26.467382812500002, 0.18671875000000002, 19.0453125, -0.2333984375])
array('d', [-27.3076171875, 0.18671875000000002, 19.0453125, -0.2333984375])
array('d', [-26.7474609375, -1.1669921875, 19.3720703125, 0.18671875000000002])
array('d', [-27.0275390625, -1.30703125, 19.465429687500002, -0.046679687500000004])
array('d', [-27.0275390625, -1.30703125, 19.885546875, -0.280078125])
array('d', [-26.047265625, 0.56015625, 19.885546875, -0.280078125])
array('d', [-27.867773437500002, 0.18671875000000002, 19.60546875, -0.0])
array('d', [-27.727734375, 0.046679687500000004, 19.0453125, -0.046679687500000004])
array('d', [-27.727734375, 0.046679687500000004, 19.0453125, -0.046679687500000004])
array('d', [-27.727734375, 0.046679687500000004, 19.0453125, -0.046679687500000004])
array('d', [-27.727734375, 0.046679687500000004, 19.0453125, -0.046679687500000004])
array('d', [-27.727734375, 0.046679687500000004, 19.0453125, -0.046679687500000004])
array('d', [-25.860546875, -0.2333984375, 19.7455078125, 0.466796875])
array('d', [-27.3076171875, 0.7935546875, 19.7455078125, -0.42011718750000004])
array('d', [-27.3076171875, 0.7935546875, 19.3720703125, 0.1400390625])
array('d', [-26.887500000000003, 0.7935546875, 19.3720703125, 0.1400390625])
array('d', [-26.887500000000003, 0.8869140625, 19.885546875, -0.1400390625])
array('d', [-27.0275390625, 0.8869140625, 19.885546875, -0.1400390625])
array('d', [-27.44765625, 0.8869140625, 19.7455078125, -0.046679687500000004])
array('d', [-26.187304687500003, -1.400390625, 19.7921875, -0.7935546875])
array('d', [-26.187304687500003, -0.2333984375, 19.60546875, -0.2333984375])
array('d', [-26.467382812500002, -0.2333984375, 19.60546875, 0.5134765625000001])
array('d', [-27.3076171875, -0.7001953125, 20.258984375, 0.5134765625000001])
array('d', [-27.44765625, 0.466796875, 19.0453125, -0.0])
array('d', [-27.587695312500003, -0.2333984375, 19.60546875, 0.1400390625])
array('d', [-27.587695312500003, -0.2333984375, 19.60546875, 0.1400390625])
array('d', [-26.7474609375, -0.9802734375000001, 19.885546875, -0.5134765625000001])
array('d', [-27.867773437500002, -0.7001953125, 19.932226562500002, 0.280078125])
array('d', [-27.867773437500002, -0.18671875000000002, 19.3720703125, 0.466796875])
array('d', [-26.887500000000003, -0.18671875000000002, 19.3720703125, 0.466796875])
array('d', [-26.887500000000003, -0.18671875000000002, 19.3720703125, 0.466796875])
array('d', [-26.887500000000003, -0.18671875000000002, 19.3720703125, 0.466796875])
array('d', [-27.44765625, 0.466796875, 19.60546875, -0.0])
array('d', [-25.860546875, -0.2333984375, 19.932226562500002, 0.09335937500000001])
array('d', [-27.3076171875, 0.18671875000000002, 20.0255859375, -0.1400390625])
array('d', [-27.3076171875, 0.18671875000000002, 20.0255859375, 0.466796875])
array('d', [-27.0275390625, -0.7468750000000001, 19.932226562500002, 0.466796875])
array('d', [-26.7474609375, 0.046679687500000004, 19.885546875, -0.2333984375])
array('d', [-26.7474609375, -1.30703125, 19.60546875, 0.5134765625000001])
array('d', [-26.7474609375, -1.30703125, 19.60546875, 0.5134765625000001])
array('d', [-27.44765625, 0.7935546875, 19.465429687500002, -0.1400390625])
array('d', [-27.44765625, 0.7935546875, 19.465429687500002, -0.0])
array('d', [-26.7474609375, -0.2333984375, 20.0255859375, -0.0])
array('d', [-26.7474609375, -0.2333984375, 20.0255859375, -0.0])
array('d', [-26.7474609375, -0.2333984375, 20.0255859375, -0.0])
array('d', [-26.7474609375, -0.2333984375, 20.0255859375, -0.0])
array('d', [-26.7474609375, -0.2333984375, 20.0255859375, -0.0])
array('d', [-25.58046875, -0.466796875, 19.932226562500002, 0.466796875])
array('d', [-27.587695312500003, -0.9802734375000001, 19.60546875, -0.653515625])
array('d', [-27.587695312500003, 0.046679687500000004, 19.885546875, -0.0])
array('d', [-27.0275390625, 0.046679687500000004, 19.885546875, -0.0])
array('d', [-26.467382812500002, -0.56015625, 19.7455078125, 0.09335937500000001])
array('d', [-28.0078125, -0.2333984375, 19.7921875, -0.0])
array('d', [-28.0078125, -0.2333984375, 19.7921875, -0.09335937500000001])
array('d', [-27.44765625, -0.9802734375000001, 19.932226562500002, -0.09335937500000001])
array('d', [-25.860546875, -0.2333984375, 19.325390625, 0.09335937500000001])
array('d', [-26.5607421875, -0.7001953125, 19.5587890625, 0.09335937500000001])
array('d', [-26.5607421875, -0.7001953125, 19.7921875, -0.1400390625])
array('d', [-26.047265625, -0.2333984375, 19.7921875, -0.1400390625])
array('d', [-26.887500000000003, 0.18671875000000002, 19.60546875, -0.2333984375])
array('d', [-27.120898437500003, -0.3267578125, 19.932226562500002, -0.1400390625])
array('d', [-27.120898437500003, -0.3267578125, 19.932226562500002, -0.1400390625])
array('d', [-26.5607421875, 0.7935546875, 19.465429687500002, -0.0])
array('d', [-26.32734375, 1.213671875, 19.0453125, 0.18671875000000002])
array('d', [-26.32734375, 0.37343750000000003, 18.998632812500002, 0.09335937500000001])
array('d', [-26.467382812500002, 0.37343750000000003, 18.998632812500002, 0.09335937500000001])
array('d', [-27.867773437500002, 0.8869140625, 19.7455078125, 0.466796875])
array('d', [-27.0275390625, -0.18671875000000002, 19.932226562500002, 0.280078125])
array('d', [-27.0275390625, -0.18671875000000002, 19.932226562500002, 0.5134765625000001])
array('d', [-27.0275390625, -0.18671875000000002, 19.932226562500002, 0.5134765625000001])
array('d', [-27.0275390625, -0.18671875000000002, 19.932226562500002, 0.5134765625000001])
array('d', [-27.0275390625, -0.18671875000000002, 19.932226562500002, 0.5134765625000001])
array('d', [-27.0275390625, 0.8869140625, 19.3720703125, 0.5134765625000001])
array('d', [-27.587695312500003, -0.2333984375, 19.0453125, -0.0])
array('d', [-26.187304687500003, -0.9802734375000001, 19.325390625, -0.2333984375])
array('d', [-26.187304687500003, -0.9802734375000001, 19.7455078125, 0.09335937500000001])
array('d', [-27.167578125000002, 0.56015625, 19.7455078125, 0.09335937500000001])
array('d', [-25.860546875, -0.7001953125, 19.60546875, -0.5134765625000001])
array('d', [-26.467382812500002, 0.280078125, 18.765234375000002, -0.09335937500000001])
array('d', [-26.467382812500002, 0.280078125, 18.765234375000002, 0.09335937500000001])
array('d', [-27.587695312500003, 1.587109375, 19.885546875, 0.09335937500000001])
array('d', [-27.3076171875, 0.046679687500000004, 19.3720703125, -0.0])
array('d', [-27.3076171875, -0.9802734375000001, 19.3720703125, -0.0])
array('d', [-27.3076171875, -0.9802734375000001, 19.3720703125, -0.0])
array('d', [-26.32734375, -0.9802734375000001, 19.3720703125, -0.2333984375])
array('d', [-27.867773437500002, -0.2333984375, 19.60546875, -0.1400390625])
array('d', [-27.0275390625, -0.56015625, 19.7455078125, 0.280078125])
array('d', [-27.0275390625, -0.56015625, 19.7455078125, 0.280078125])
array('d', [-27.0275390625, -0.466796875, 19.60546875, 0.37343750000000003])
array('d', [-26.7474609375, 0.466796875, 20.0255859375, 0.3267578125])
array('d', [-27.120898437500003, 0.37343750000000003, 19.5587890625, -0.3267578125])
array('d', [-27.120898437500003, 0.37343750000000003, 19.7455078125, 0.18671875000000002])
array('d', [-27.167578125000002, 0.466796875, 19.7455078125, 0.18671875000000002])
array('d', [-26.467382812500002, -1.400390625, 19.7455078125, -0.1400390625])
array('d', [-26.467382812500002, -1.400390625, 18.998632812500002, -0.2333984375])
array('d', [-26.467382812500002, 0.046679687500000004, 18.998632812500002, 0.09335937500000001])
array('d', [-26.887500000000003, -0.7001953125, 19.885546875, 0.09335937500000001])
array('d', [-26.887500000000003, -0.3267578125, 19.465429687500002, 0.09335937500000001])
array('d', [-26.887500000000003, -0.3267578125, 19.465429687500002, 0.6068359375])
array('d', [-28.0078125, 0.56015625, 20.0255859375, -0.0])
array('d', [-28.0078125, 0.280078125, 19.325390625, 0.09335937500000001])
array('d', [-26.467382812500002, 0.280078125, 19.325390625, 0.09335937500000001])
array('d', [-26.467382812500002, 0.280078125, 19.325390625, 0.09335937500000001])
array('d', [-27.120898437500003, 0.466796875, 19.5587890625, -0.37343750000000003])
array('d', [-27.120898437500003, 0.466796875, 19.3720703125, -0.42011718750000004])
array('d', [-27.44765625, -0.56015625, 19.3720703125, -0.42011718750000004])
array('d', [-27.3076171875, 0.37343750000000003, 19.885546875, -0.1400390625])
array('d', [-26.887500000000003, 0.466796875, 19.325390625, -0.0])
array('d', [-26.887500000000003, 0.466796875, 19.932226562500002, 0.7001953125])
array('d', [-26.32734375, -0.3267578125, 19.932226562500002, 0.7001953125])
array('d', [-26.887500000000003, 0.046679687500000004, 19.465429687500002, -0.0])
array('d', [-26.887500000000003, 0.046679687500000004, 19.325390625, 0.09335937500000001])
array('d', [-27.587695312500003, -0.2333984375, 19.325390625, 0.09335937500000001])
array('d', [-26.7474609375, 0.37343750000000003, 19.3720703125, -0.42011718750000004])
array('d', [-26.7474609375, 0.37343750000000003, 19.3720703125, -0.42011718750000004])
array('d', [-26.7474609375, 0.37343750000000003, 19.3720703125, -0.42011718750000004])
array('d', [-26.7474609375, 0.37343750000000003, 19.3720703125, -0.42011718750000004])
array('d', [-26.607421875, 0.046679687500000004, 18.8119140625, -0.1400390625])
array('d', [-27.3076171875, -0.56015625, 19.885546875, 0.280078125])
array('d', [-25.9072265625, -0.56015625, 19.885546875, -0.3267578125])
array('d', [-25.9072265625, -0.2333984375, 19.60546875, -0.42011718750000004])
array('d', [-27.3076171875, -0.2333984375, 19.60546875, -0.42011718750000004])
array('d', [-26.5607421875, -0.56015625, 19.7455078125, 0.280078125])
array('d', [-26.5607421875, -0.56015625, 19.7455078125, 0.280078125])
array('d', [-26.5607421875, -0.56015625, 19.7455078125, 0.280078125])
array('d', [-26.467382812500002, 0.466796875, 19.5587890625, -0.1400390625])
array('d', [-28.1478515625, 0.8869140625, 19.325390625, -0.1400390625])
array('d', [-28.1478515625, 0.8869140625, 19.465429687500002, -0.09335937500000001])
array('d', [-27.3076171875, 1.213671875, 19.465429687500002, -0.09335937500000001])
array('d', [-26.887500000000003, 0.7935546875, 19.5587890625, -0.1400390625])
array('d', [-28.1478515625, 0.18671875000000002, 20.165625000000002, 0.09335937500000001])
array('d', [-28.1478515625, 0.18671875000000002, 20.165625000000002, -0.0])
array('d', [-26.887500000000003, -0.2333984375, 19.7921875, -0.0])
array('d', [-26.887500000000003, 0.56015625, 19.60546875, -0.5134765625000001])
array('d', [-27.167578125000002, 0.7935546875, 19.932226562500002, 0.280078125])
array('d', [-27.167578125000002, 0.7935546875, 19.932226562500002, 0.280078125])
array('d', [-27.167578125000002, 0.7935546875, 19.932226562500002, 0.280078125])
array('d', [-27.167578125000002, 0.7935546875, 19.932226562500002, 0.280078125])
array('d', [-27.167578125000002, 0.7935546875, 19.932226562500002, 0.280078125])
array('d', [-26.980859375, 0.18671875000000002, 19.3720703125, 0.18671875000000002])
array('d', [-27.0275390625, 0.8869140625, 20.165625000000002, -0.0])
array('d', [-27.0275390625, 0.8869140625, 19.3720703125, -0.6068359375])
array('d', [-26.32734375, 0.8869140625, 19.3720703125, -0.6068359375])
array('d', [-26.32734375, 0.8869140625, 19.3720703125, -0.6068359375])
array('d', [-27.727734375, -0.9802734375000001, 19.7921875, -0.09335937500000001])
array('d', [-27.727734375, -0.9802734375000001, 19.7921875, -0.09335937500000001])
array('d', [-26.7474609375, -1.30703125, 19.60546875, -0.2333984375])
array('d', [-27.44765625, 0.18671875000000002, 19.7455078125, 0.18671875000000002])
array('d', [-27.44765625, 0.18671875000000002, 19.7455078125, 0.18671875000000002])
array('d', [-25.487109375000003, 1.30703125, 19.7455078125, 0.18671875000000002])
array('d', [-26.887500000000003, 0.18671875000000002, 19.0453125, -0.2333984375])
array('d', [-26.607421875, 0.466796875, 19.0453125, 0.280078125])
array('d', [-26.607421875, 0.466796875, 19.0453125, 0.280078125])
array('d', [-26.887500000000003, 1.30703125, 19.7455078125, -0.1400390625])
array('d', [-26.7474609375, 1.30703125, 19.3720703125, 0.09335937500000001])
array('d', [-26.7474609375, 1.30703125, 19.3720703125, 0.09335937500000001])
array('d', [-26.7474609375, 1.30703125, 19.3720703125, 0.09335937500000001])
array('d', [-26.7474609375, -0.18671875000000002, 19.7455078125, 0.09335937500000001])
array('d', [-27.3076171875, -0.18671875000000002, 19.7455078125, 0.09335937500000001])
array('d', [-26.887500000000003, 1.213671875, 19.465429687500002, -0.0])
array('d', [-26.887500000000003, 1.213671875, 19.465429687500002, -0.0])
array('d', [-26.887500000000003, 1.213671875, 19.465429687500002, -0.0])
array('d', [-26.887500000000003, 1.213671875, 19.465429687500002, -0.0])
array('d', [-27.3076171875, -0.56015625, 20.0255859375, -0.0])
array('d', [-26.7474609375, -0.7001953125, 19.60546875, 0.09335937500000001])
array('d', [-26.32734375, -0.18671875000000002, 19.325390625, -0.0])
array('d', [-26.32734375, -0.18671875000000002, 19.325390625, -0.0])
array('d', [-27.167578125000002, 0.280078125, 19.885546875, 0.3267578125])
array('d', [-27.727734375, 0.046679687500000004, 19.7455078125, -0.1400390625])
array('d', [-27.727734375, -0.2333984375, 19.7921875, -0.046679687500000004])
array('d', [-27.727734375, -0.2333984375, 19.7921875, -0.046679687500000004])
array('d', [-27.727734375, -0.2333984375, 19.7921875, -0.046679687500000004])
array('d', [-26.7474609375, -0.2333984375, 18.9052734375, 0.280078125])
array('d', [-26.7474609375, 0.466796875, 18.9052734375, 0.280078125])
array('d', [-26.7474609375, -0.56015625, 19.7921875, 0.09335937500000001])
array('d', [-27.587695312500003, 0.466796875, 19.7921875, 0.09335937500000001])
array('d', [-27.587695312500003, 0.466796875, 19.3720703125, -0.1400390625])
array('d', [-26.7474609375, 0.466796875, 19.138671875, 0.18671875000000002])
array('d', [-26.887500000000003, -0.2333984375, 19.60546875, -0.09335937500000001])
array('d', [-26.887500000000003, -0.2333984375, 19.60546875, -0.09335937500000001])
array('d', [-26.887500000000003, -0.2333984375, 19.60546875, -0.09335937500000001])
array('d', [-26.887500000000003, -0.2333984375, 19.60546875, -0.09335937500000001])
array('d', [-26.887500000000003, 0.046679687500000004, 19.7921875, -0.2333984375])
array('d', [-26.887500000000003, 0.046679687500000004, 19.60546875, -0.42011718750000004])
array('d', [-27.167578125000002, -0.56015625, 19.60546875, -0.42011718750000004])
array('d', [-26.7474609375, -0.56015625, 19.60546875, -0.42011718750000004])
array('d', [-26.7474609375, -0.56015625, 19.885546875, -0.046679687500000004])
array('d', [-26.32734375, -0.2333984375, 19.465429687500002, -0.046679687500000004])
array('d', [-26.887500000000003, 0.466796875, 19.325390625, -0.09335937500000001])
array('d', [-26.887500000000003, 0.466796875, 19.325390625, -0.09335937500000001])
array('d', [-25.767187500000002, -1.30703125, 19.7921875, -0.09335937500000001])
array('d', [-26.467382812500002, -0.2333984375, 19.7921875, -0.653515625])
array('d', [-26.467382812500002, -0.2333984375, 19.7921875, -0.653515625])
array('d', [-26.7474609375, 0.466796875, 19.325390625, 0.5134765625000001])
array('d', [-27.541015625, 0.18671875000000002, 19.5587890625, 0.280078125])
array('d', [-26.887500000000003, -0.56015625, 20.0255859375, 0.280078125])
array('d', [-26.887500000000003, -0.56015625, 20.0255859375, 0.280078125])
array('d', [-26.467382812500002, -0.56015625, 19.3720703125, 0.466796875])
array('d', [-26.467382812500002, 0.37343750000000003, 19.465429687500002, -0.1400390625])
array('d', [-27.120898437500003, 0.37343750000000003, 19.465429687500002, -0.1400390625])
array('d', [-26.187304687500003, -0.56015625, 20.2123046875, -0.2333984375])
array('d', [-27.3076171875, -0.56015625, 19.8388671875, -0.0])
array('d', [-27.3076171875, 0.046679687500000004, 19.2787109375, 0.18671875000000002])
array('d', [-27.167578125000002, 0.046679687500000004, 19.2787109375, -0.046679687500000004])
array('d', [-26.5607421875, 0.37343750000000003, 20.0255859375, -0.046679687500000004])
array('d', [-26.887500000000003, -0.9802734375000001, 19.465429687500002, -0.2333984375])
array('d', [-26.887500000000003, -0.9802734375000001, 19.465429687500002, -0.5134765625000001])
array('d', [-26.32734375, 0.56015625, 19.465429687500002, -0.5134765625000001])
array('d', [-26.607421875, 0.56015625, 19.465429687500002, -0.5134765625000001])
array('d', [-26.607421875, -0.3267578125, 19.7455078125, 0.280078125])
array('d', [-26.700781250000002, 0.18671875000000002, 19.932226562500002, 0.3267578125])
array('d', [-26.7474609375, 0.466796875, 20.258984375, 0.18671875000000002])
array('d', [-26.32734375, 0.466796875, 20.258984375, 0.18671875000000002])
array('d', [-26.32734375, 0.466796875, 20.258984375, 0.18671875000000002])
array('d', [-26.32734375, -0.046679687500000004, 19.60546875, 0.09335937500000001])
array('d', [-27.821093750000003, 0.37343750000000003, 19.325390625, -0.1400390625])
array('d', [-27.821093750000003, 0.37343750000000003, 19.325390625, -0.6068359375])
array('d', [-26.980859375, 0.7935546875, 19.325390625, -0.6068359375])
array('d', [-26.980859375, 0.7935546875, 19.325390625, -0.6068359375])
array('d', [-26.980859375, 0.7935546875, 19.325390625, -0.6068359375])
array('d', [-26.980859375, -0.8402343750000001, 20.1189453125, 0.3267578125])
array('d', [-27.3076171875, -0.8402343750000001, 20.1189453125, -0.5134765625000001])
array('d', [-27.167578125000002, 0.18671875000000002, 19.7455078125, -0.5134765625000001])
array('d', [-26.32734375, -0.2333984375, 20.3056640625, 0.7001953125])
array('d', [-27.167578125000002, 0.8869140625, 19.7921875, 0.3267578125])
array('d', [-27.167578125000002, 0.8869140625, 19.7921875, 0.3267578125])
array('d', [-27.167578125000002, -0.9802734375000001, 19.3720703125, 0.280078125])
array('d', [-26.187304687500003, 0.18671875000000002, 19.60546875, -0.3267578125])
array('d', [-26.187304687500003, 0.18671875000000002, 19.60546875, -0.3267578125])
array('d', [-26.32734375, 0.56015625, 19.3720703125, 0.3267578125])
array('d', [-27.3076171875, 0.56015625, 19.885546875, -0.1400390625])
array('d', [-27.3076171875, 0.56015625, 19.885546875, -0.1400390625])
array('d', [-27.3076171875, 0.56015625, 19.885546875, -0.1400390625])
array('d', [-27.3076171875, 0.56015625, 19.885546875, -0.1400390625])
array('d', [-27.3076171875, 0.56015625, 19.60546875, -0.0])
array('d', [-26.7474609375, 0.280078125, 19.60546875, -0.0])
array('d', [-26.887500000000003, 0.18671875000000002, 19.0453125, -0.2333984375])
array('d', [-27.167578125000002, 0.56015625, 19.7455078125, 0.280078125])
array('d', [-26.7474609375, -0.9802734375000001, 19.5587890625, -0.1400390625])
array('d', [-26.467382812500002, 0.18671875000000002, 19.7455078125, -0.1400390625])
array('d', [-26.467382812500002, 0.18671875000000002, 19.7455078125, -0.1400390625])
array('d', [-27.727734375, 1.587109375, 19.138671875, -0.6068359375])
array('d', [-27.120898437500003, 0.56015625, 20.1189453125, 0.09335937500000001])
array('d', [-27.120898437500003, 0.56015625, 19.3720703125, -0.0])
array('d', [-26.607421875, 0.56015625, 19.3720703125, -0.0])
array('d', [-26.607421875, 0.56015625, 19.3720703125, -0.0])
array('d', [-26.467382812500002, 0.466796875, 19.932226562500002, -0.1400390625])
array('d', [-26.467382812500002, 0.466796875, 19.932226562500002, 0.280078125])
array('d', [-26.7474609375, 0.18671875000000002, 19.3720703125, 0.280078125])
array('d', [-26.467382812500002, 0.18671875000000002, 19.5587890625, 0.09335937500000001])
array('d', [-26.467382812500002, -0.56015625, 19.325390625, -0.0])
array('d', [-26.7474609375, 0.37343750000000003, 19.325390625, -0.0])
array('d', [-27.3076171875, 0.18671875000000002, 20.2123046875, -0.42011718750000004])
array('d', [-27.3076171875, 0.18671875000000002, 19.3720703125, 0.3267578125])
array('d', [-27.0275390625, 0.18671875000000002, 19.3720703125, 0.280078125])
array('d', [-26.7474609375, -0.18671875000000002, 20.1189453125, 0.280078125])
array('d', [-26.187304687500003, -0.18671875000000002, 20.399023437500002, -0.1400390625])
array('d', [-26.187304687500003, 1.9138671875000002, 20.1189453125, -0.0])
array('d', [-26.187304687500003, 1.9138671875000002, 20.1189453125, -0.0])
array('d', [-26.7474609375, 0.18671875000000002, 19.7455078125, -0.1400390625])
array('d', [-28.0078125, 0.18671875000000002, 19.7455078125, -0.1400390625])
array('d', [-28.0078125, 0.18671875000000002, 19.325390625, 0.280078125])
array('d', [-27.167578125000002, -0.046679687500000004, 20.0255859375, -0.6068359375])
array('d', [-27.3076171875, 0.18671875000000002, 20.1189453125, 0.6068359375])
array('d', [-27.3076171875, 0.18671875000000002, 19.5587890625, -0.0])
array('d', [-27.167578125000002, 0.18671875000000002, 19.5587890625, -0.0])
array('d', [-26.607421875, -1.30703125, 20.1189453125, -0.42011718750000004])
array('d', [-27.727734375, -0.2333984375, 19.3720703125, -0.42011718750000004])
array('d', [-27.727734375, -0.2333984375, 19.3720703125, -0.42011718750000004])
array('d', [-27.727734375, -0.9802734375000001, 19.932226562500002, 0.18671875000000002])
array('d', [-26.7474609375, -0.9802734375000001, 19.932226562500002, 0.18671875000000002])
array('d', [-27.167578125000002, -0.2333984375, 19.60546875, 0.280078125])
array('d', [-26.467382812500002, 0.18671875000000002, 19.465429687500002, 0.09335937500000001])
array('d', [-26.467382812500002, 0.37343750000000003, 19.465429687500002, -0.3267578125])
array('d', [-26.7474609375, 0.37343750000000003, 19.465429687500002, -0.3267578125])
array('d', [-26.140625, -0.9802734375000001, 19.60546875, -0.42011718750000004])
array('d', [-26.140625, -0.9802734375000001, 19.60546875, -0.42011718750000004])
array('d', [-26.187304687500003, -0.7001953125, 19.465429687500002, -0.2333984375])
array('d', [-26.187304687500003, -0.7001953125, 19.465429687500002, 0.3267578125])
array('d', [-27.727734375, -0.56015625, 19.60546875, 0.3267578125])
array('d', [-27.0275390625, -0.9802734375000001, 19.138671875, 0.3267578125])
array('d', [-27.0275390625, -0.9802734375000001, 19.138671875, 0.3267578125])
array('d', [-27.0275390625, -0.9802734375000001, 19.138671875, 0.3267578125])
array('d', [-27.0275390625, -0.56015625, 19.3720703125, 0.280078125])
array('d', [-26.32734375, -0.56015625, 19.3720703125, 0.280078125])
array('d', [-25.767187500000002, 0.56015625, 20.1189453125, -0.2333984375])
array('d', [-26.32734375, 0.18671875000000002, 20.1189453125, 0.280078125])
array('d', [-26.32734375, 0.18671875000000002, 20.1189453125, -0.046679687500000004])
array('d', [-26.607421875, 0.18671875000000002, 18.998632812500002, -0.046679687500000004])
array('d', [-26.887500000000003, -0.7001953125, 19.7455078125, -0.6068359375])
array('d', [-26.887500000000003, -0.7001953125, 19.7455078125, -0.6068359375])
array('d', [-26.887500000000003, 0.466796875, 19.5587890625, -0.1400390625])
array('d', [-25.9072265625, 0.466796875, 19.5587890625, -0.1400390625])
array('d', [-26.7474609375, 0.18671875000000002, 19.465429687500002, 0.6068359375])
array('d', [-28.0078125, -0.9802734375000001, 19.7921875, 0.6068359375])
array('d', [-28.0078125, -0.9802734375000001, 19.7921875, 0.6068359375])
array('d', [-28.0078125, -0.9802734375000001, 19.7921875, 0.6068359375])
array('d', [-28.0078125, -0.9802734375000001, 19.7921875, 0.3267578125])
array('d', [-27.727734375, 1.213671875, 19.138671875, -0.09335937500000001])
array('d', [-26.467382812500002, 0.466796875, 20.0255859375, 0.09335937500000001])
array('d', [-26.467382812500002, 0.466796875, 20.0255859375, 0.09335937500000001])
array('d', [-26.467382812500002, 0.466796875, 20.0255859375, 0.09335937500000001])
array('d', [-26.467382812500002, 0.466796875, 20.0255859375, 0.09335937500000001])
array('d', [-26.607421875, 0.046679687500000004, 18.765234375000002, 0.466796875])
array('d', [-26.607421875, -0.9802734375000001, 19.3720703125, -0.1400390625])
array('d', [-27.167578125000002, -0.9802734375000001, 19.3720703125, -0.1400390625])
array('d', [-26.7474609375, 0.18671875000000002, 19.3720703125, 0.3267578125])
array('d', [-26.887500000000003, -1.7271484375000001, 19.885546875, 0.18671875000000002])
array('d', [-26.887500000000003, -1.7271484375000001, 19.885546875, 0.18671875000000002])
array('d', [-26.32734375, -0.8402343750000001, 19.885546875, 0.18671875000000002])
array('d', [-26.32734375, -0.2333984375, 19.325390625, 0.5134765625000001])
array('d', [-25.9072265625, -0.2333984375, 19.325390625, 0.18671875000000002])
array('d', [-26.7474609375, 0.7935546875, 19.325390625, 0.18671875000000002])
array('d', [-26.887500000000003, -0.18671875000000002, 19.5587890625, -0.1400390625])
array('d', [-26.887500000000003, -0.18671875000000002, 19.5587890625, -0.1400390625])
array('d', [-26.887500000000003, -0.18671875000000002, 19.5587890625, -0.1400390625])
array('d', [-26.887500000000003, -0.18671875000000002, 19.5587890625, -0.1400390625])
array('d', [-26.887500000000003, -0.18671875000000002, 19.5587890625, -0.1400390625])
array('d', [-27.120898437500003, 0.466796875, 19.60546875, -0.42011718750000004])
array('d', [-27.120898437500003, 0.466796875, 19.60546875, 0.18671875000000002])
array('d', [-27.3076171875, -0.3267578125, 19.60546875, 0.18671875000000002])
array('d', [-27.3076171875, 1.30703125, 19.465429687500002, 0.280078125])
array('d', [-26.887500000000003, -0.56015625, 19.3720703125, 0.09335937500000001])
array('d', [-26.887500000000003, -0.56015625, 19.3720703125, 0.18671875000000002])
array('d', [-26.7474609375, -0.56015625, 19.3720703125, 0.18671875000000002])
array('d', [-27.44765625, -0.9802734375000001, 19.932226562500002, -0.3267578125])
array('d', [-27.44765625, 0.56015625, 19.0453125, -0.09335937500000001])
array('d', [-27.44765625, 0.56015625, 19.0453125, -0.0])
array('d', [-26.980859375, -0.3267578125, 19.7455078125, -0.0])
array('d', [-26.980859375, -0.3267578125, 19.7455078125, -0.0])
array('d', [-26.980859375, -0.3267578125, 19.7455078125, -0.0])
array('d', [-26.980859375, -0.3267578125, 19.7455078125, -0.0])
array('d', [-26.187304687500003, -0.3267578125, 19.5587890625, 0.18671875000000002])
array('d', [-26.187304687500003, -0.3267578125, 19.465429687500002, -0.3267578125])
array('d', [-27.44765625, -0.8402343750000001, 19.465429687500002, -0.3267578125])
array('d', [-26.5607421875, -0.8402343750000001, 19.465429687500002, 0.09335937500000001])
array('d', [-26.5607421875, -0.8402343750000001, 20.0255859375, -0.0])
array('d', [-27.3076171875, -0.18671875000000002, 19.325390625, -0.0])
array('d', [-26.887500000000003, 0.8869140625, 19.3720703125, -0.42011718750000004])
array('d', [-26.887500000000003, -0.56015625, 19.0453125, 0.280078125])
array('d', [-26.887500000000003, -0.56015625, 19.0453125, -0.0])
array('d', [-26.7474609375, 0.18671875000000002, 19.465429687500002, -0.0])
array('d', [-26.607421875, -0.56015625, 19.7455078125, -0.42011718750000004])
array('d', [-26.607421875, -0.56015625, 19.0453125, 0.466796875])
array('d', [-27.821093750000003, -0.9802734375000001, 19.0453125, 0.466796875])
array('d', [-27.44765625, 0.7935546875, 19.7921875, 0.18671875000000002])
array('d', [-27.541015625, -0.7001953125, 19.2787109375, 0.37343750000000003])
array('d', [-27.541015625, -0.7001953125, 19.2787109375, 0.37343750000000003])
array('d', [-27.541015625, -0.7001953125, 19.2787109375, 0.37343750000000003])
array('d', [-27.541015625, -0.7001953125, 19.2787109375, 0.37343750000000003])
array('d', [-27.541015625, -0.7001953125, 19.2787109375, 0.37343750000000003])
array('d', [-27.541015625, -0.7001953125, 20.165625000000002, -0.1400390625])
array('d', [-27.3076171875, 0.7935546875, 20.165625000000002, -0.1400390625])
array('d', [-26.467382812500002, 0.37343750000000003, 19.7455078125, 0.18671875000000002])
array('d', [-27.167578125000002, -0.2333984375, 20.258984375, -0.8402343750000001])
array('d', [-27.167578125000002, -0.2333984375, 20.258984375, 1.30703125])
array('d', [-25.9072265625, 0.466796875, 20.0255859375, 1.30703125])
array('d', [-26.7474609375, 0.466796875, 19.2787109375, 0.09335937500000001])
array('d', [-26.7474609375, 0.466796875, 19.885546875, -0.37343750000000003])
array('d', [-26.7474609375, 0.466796875, 20.399023437500002, 0.046679687500000004])
array('d', [-27.44765625, -0.2333984375, 20.399023437500002, 0.046679687500000004])
array('d', [-27.3076171875, 0.18671875000000002, 19.465429687500002, -0.09335937500000001])
array('d', [-27.167578125000002, -0.9802734375000001, 20.35234375, 0.56015625])
array('d', [-27.167578125000002, -0.9802734375000001, 19.1853515625, 0.280078125])
array('d', [-27.167578125000002, 0.046679687500000004, 19.1853515625, 0.280078125])
array('d', [-28.1478515625, -0.18671875000000002, 18.8119140625, -0.8869140625])
array('d', [-26.140625, -0.56015625, 19.885546875, -0.2333984375])
array('d', [-26.140625, -0.56015625, 19.465429687500002, -0.0])
array('d', [-26.887500000000003, 0.8869140625, 19.465429687500002, -0.0])
array('d', [-26.467382812500002, 0.18671875000000002, 19.60546875, 0.09335937500000001])
array('d', [-26.887500000000003, 0.046679687500000004, 19.325390625, -0.3267578125])
array('d', [-26.887500000000003, 0.37343750000000003, 19.7455078125, 0.09335937500000001])
array('d', [-26.887500000000003, 0.37343750000000003, 19.7455078125, 0.09335937500000001])
array('d', [-27.727734375, 0.37343750000000003, 19.7455078125, 0.37343750000000003])
array('d', [-26.5607421875, -0.7001953125, 19.5587890625, 0.37343750000000003])
array('d', [-27.3076171875, -0.9802734375000001, 19.932226562500002, 0.37343750000000003])
array('d', [-26.980859375, 0.046679687500000004, 19.325390625, -0.1400390625])
array('d', [-26.980859375, 0.046679687500000004, 19.3720703125, 0.09335937500000001])
array('d', [-26.187304687500003, -0.2333984375, 19.3720703125, 0.09335937500000001])
array('d', [-26.887500000000003, 0.18671875000000002, 19.60546875, -0.5134765625000001])
array('d', [-26.887500000000003, 0.466796875, 19.3720703125, 0.37343750000000003])
array('d', [-26.887500000000003, 0.466796875, 19.3720703125, 0.18671875000000002])
array('d', [-26.980859375, 0.18671875000000002, 19.60546875, 0.18671875000000002])
array('d', [-26.980859375, 0.18671875000000002, 19.2787109375, -0.0])
array('d', [-26.187304687500003, 0.56015625, 19.7455078125, 0.18671875000000002])
array('d', [-26.187304687500003, 0.56015625, 19.7455078125, 0.18671875000000002])
array('d', [-26.887500000000003, 0.18671875000000002, 19.7455078125, 0.18671875000000002])
array('d', [-26.887500000000003, 0.18671875000000002, 19.7455078125, 0.18671875000000002])
array('d', [-26.887500000000003, 0.18671875000000002, 19.7455078125, 0.18671875000000002])
array('d', [-27.44765625, 0.18671875000000002, 19.0453125, -0.1400390625])
array('d', [-27.120898437500003, 0.18671875000000002, 19.932226562500002, 0.18671875000000002])
array('d', [-25.487109375000003, 0.466796875, 19.932226562500002, 0.18671875000000002])
array('d', [-25.487109375000003, 0.466796875, 19.932226562500002, 0.18671875000000002])
array('d', [-28.287890625000003, 0.466796875, 19.8388671875, -0.2333984375])
array('d', [-26.32734375, 0.37343750000000003, 19.2787109375, -0.5134765625000001])
array('d', [-26.32734375, 0.37343750000000003, 19.2787109375, -0.5134765625000001])
array('d', [-26.7474609375, -0.3267578125, 18.7185546875, -0.0])
array('d', [-26.7474609375, -0.7001953125, 19.3720703125, 0.09335937500000001])
array('d', [-26.047265625, -0.18671875000000002, 19.232031250000002, 0.18671875000000002])
array('d', [-26.047265625, -0.18671875000000002, 19.232031250000002, 0.18671875000000002])
array('d', [-25.9072265625, 0.18671875000000002, 19.8388671875, 0.280078125])
array('d', [-27.120898437500003, -0.8402343750000001, 19.138671875, 0.7001953125])
array('d', [-27.120898437500003, -0.8402343750000001, 19.138671875, 0.7001953125])
array('d', [-27.0275390625, 1.213671875, 19.325390625, -0.09335937500000001])
array('d', [-26.467382812500002, 0.56015625, 19.60546875, -0.1400390625])
array('d', [-26.980859375, -1.5404296875, 18.9052734375, -0.1400390625])
array('d', [-26.887500000000003, -0.466796875, 19.232031250000002, -0.09335937500000001])
array('d', [-26.887500000000003, -0.466796875, 19.232031250000002, 0.7001953125])
array('d', [-26.467382812500002, -0.7001953125, 19.325390625, 0.7001953125])
array('d', [-26.5607421875, -0.2333984375, 19.0453125, 0.09335937500000001])
array('d', [-26.5607421875, -0.56015625, 19.465429687500002, -0.09335937500000001])
array('d', [-27.3076171875, -0.56015625, 19.465429687500002, 0.466796875])
array('d', [-26.887500000000003, -0.8402343750000001, 19.7921875, 0.466796875])
array('d', [-27.587695312500003, -0.18671875000000002, 19.7921875, -0.1400390625])
array('d', [-27.587695312500003, -1.7271484375000001, 20.3056640625, -0.42011718750000004])
array('d', [-26.887500000000003, -1.7271484375000001, 20.3056640625, -0.42011718750000004])
array('d', [-27.167578125000002, -0.2333984375, 19.60546875, 0.37343750000000003])
array('d', [-27.3076171875, -0.2333984375, 19.932226562500002, 0.56015625])
array('d', [-27.3076171875, -0.2333984375, 19.932226562500002, 0.56015625])
array('d', [-27.3076171875, -0.2333984375, 19.932226562500002, 0.56015625])
array('d', [-27.3076171875, -0.2333984375, 19.932226562500002, 0.56015625])
array('d', [-26.887500000000003, -0.56015625, 19.7455078125, -0.0])
array('d', [-26.887500000000003, -0.3267578125, 19.932226562500002, 0.09335937500000001])
array('d', [-26.467382812500002, -0.3267578125, 19.932226562500002, 0.09335937500000001])
array('d', [-26.32734375, -0.2333984375, 19.932226562500002, 0.37343750000000003])
array('d', [-26.5607421875, 0.8869140625, 19.932226562500002, 0.09335937500000001])
array('d', [-27.3076171875, -1.1669921875, 19.885546875, 0.18671875000000002])
array('d', [-27.3076171875, -1.1669921875, 19.885546875, 0.18671875000000002])
array('d', [-26.7474609375, 0.466796875, 19.3720703125, 0.37343750000000003])
array('d', [-26.980859375, -0.56015625, 18.998632812500002, 0.09335937500000001])
array('d', [-26.980859375, -0.56015625, 19.7455078125, -0.37343750000000003])
array('d', [-26.7474609375, -0.56015625, 19.7455078125, -0.37343750000000003])
array('d', [-26.7474609375, -0.56015625, 19.7455078125, -0.37343750000000003])
array('d', [-25.767187500000002, -0.9802734375000001, 19.60546875, 0.18671875000000002])
array('d', [-25.767187500000002, -0.9802734375000001, 19.885546875, 0.09335937500000001])
array('d', [-27.3076171875, 0.466796875, 19.885546875, 0.09335937500000001])
array('d', [-27.3076171875, 0.466796875, 19.885546875, 0.09335937500000001])
array('d', [-27.3076171875, 0.466796875, 19.885546875, 0.09335937500000001])
array('d', [-26.980859375, -0.56015625, 20.0255859375, -0.0])
array('d', [-26.7474609375, -0.18671875000000002, 19.885546875, -0.42011718750000004])
array('d', [-27.44765625, 1.587109375, 19.885546875, 0.37343750000000003])
array('d', [-27.44765625, 1.587109375, 19.885546875, 0.37343750000000003])
array('d', [-27.44765625, 1.587109375, 19.885546875, 0.37343750000000003])
array('d', [-27.44765625, 1.587109375, 19.885546875, 0.37343750000000003])
array('d', [-26.467382812500002, 0.466796875, 19.3720703125, 0.37343750000000003])
array('d', [-26.467382812500002, 0.8869140625, 19.465429687500002, 0.18671875000000002])
array('d', [-28.287890625000003, 0.8869140625, 19.465429687500002, 0.18671875000000002])
array('d', [-26.887500000000003, 0.8869140625, 19.7455078125, 0.280078125])
array('d', [-26.887500000000003, 0.046679687500000004, 19.7455078125, 0.280078125])
array('d', [-27.0275390625, -0.2333984375, 19.932226562500002, 0.09335937500000001])
array('d', [-26.467382812500002, 1.0736328125, 19.885546875, -0.2333984375])
array('d', [-26.467382812500002, 1.0736328125, 19.885546875, -0.2333984375])
array('d', [-26.467382812500002, 1.0736328125, 19.885546875, -0.2333984375])
array('d', [-27.167578125000002, 0.18671875000000002, 19.2787109375, -0.2333984375])
array('d', [-26.467382812500002, -0.18671875000000002, 19.60546875, -0.0])
array('d', [-26.467382812500002, -0.18671875000000002, 19.60546875, -0.0])
array('d', [-27.3076171875, -0.56015625, 20.165625000000002, 0.18671875000000002])
array('d', [-26.5607421875, 0.046679687500000004, 19.325390625, -0.37343750000000003])
array('d', [-27.44765625, 1.8205078125, 19.60546875, 0.09335937500000001])
array('d', [-27.44765625, 1.8205078125, 19.60546875, 0.09335937500000001])
array('d', [-26.7474609375, -0.9802734375000001, 19.8388671875, 0.09335937500000001])
array('d', [-27.727734375, 0.8869140625, 19.0453125, -0.1400390625])
array('d', [-27.727734375, 0.56015625, 19.7455078125, 0.37343750000000003])
array('d', [-26.887500000000003, 0.56015625, 19.7455078125, 0.37343750000000003])
array('d', [-27.2609375, 0.18671875000000002, 19.0453125, 0.18671875000000002])
array('d', [-27.2609375, -0.7001953125, 19.60546875, 0.37343750000000003])
array('d', [-27.2609375, -0.7001953125, 19.60546875, -0.37343750000000003])
array('d', [-27.44765625, -0.2333984375, 19.60546875, -0.37343750000000003])
array('d', [-27.2609375, 0.18671875000000002, 19.138671875, 0.37343750000000003])
array('d', [-27.587695312500003, 1.4937500000000001, 19.325390625, 0.09335937500000001])
array('d', [-27.587695312500003, 0.8869140625, 19.60546875, 0.09335937500000001])
array('d', [-27.867773437500002, 0.8869140625, 19.60546875, 0.09335937500000001])
array('d', [-27.587695312500003, -0.18671875000000002, 19.2787109375, -0.046679687500000004])
array('d', [-26.420703125000003, 1.213671875, 19.60546875, 0.09335937500000001])
array('d', [-26.420703125000003, 1.213671875, 19.60546875, 0.09335937500000001])
array('d', [-27.587695312500003, -0.2333984375, 19.0453125, 0.37343750000000003])
array('d', [-26.607421875, -0.56015625, 19.60546875, 0.09335937500000001])
array('d', [-26.607421875, -0.56015625, 19.60546875, 0.09335937500000001])
array('d', [-26.607421875, -0.56015625, 19.60546875, 0.09335937500000001])
array('d', [-26.607421875, -0.56015625, 19.60546875, 0.09335937500000001])
array('d', [-27.0275390625, 0.466796875, 20.4923828125, -0.2333984375])
array('d', [-26.420703125000003, -0.2333984375, 19.932226562500002, -0.1400390625])
array('d', [-26.420703125000003, -0.2333984375, 19.41875, -0.046679687500000004])
array('d', [-26.887500000000003, 1.7271484375000001, 19.41875, -0.046679687500000004])
array('d', [-26.607421875, 0.18671875000000002, 19.7455078125, 0.280078125])
array('d', [-25.9072265625, -0.56015625, 19.932226562500002, 0.280078125])
array('d', [-25.9072265625, -0.56015625, 19.0453125, -0.0])
array('d', [-25.9072265625, -0.56015625, 19.0453125, -0.0])
array('d', [-25.9072265625, -0.56015625, 19.0453125, -0.0])
array('d', [-25.9072265625, -0.56015625, 19.0453125, -0.0])
array('d', [-26.7474609375, -0.2333984375, 19.0453125, -0.0])
array('d', [-27.0275390625, -0.2333984375, 19.2787109375, -0.0])
array('d', [-27.587695312500003, -2.333984375, 19.7921875, -0.046679687500000004])
array('d', [-27.587695312500003, -0.2333984375, 18.6251953125, 0.18671875000000002])
array('d', [-27.44765625, -0.2333984375, 19.60546875, -0.2333984375])
array('d', [-26.887500000000003, -0.7001953125, 19.60546875, -0.2333984375])
array('d', [-27.587695312500003, 0.18671875000000002, 19.60546875, -0.046679687500000004])
array('d', [-27.587695312500003, 0.18671875000000002, 19.60546875, -0.046679687500000004])
array('d', [-27.587695312500003, 0.18671875000000002, 19.60546875, -0.046679687500000004])
array('d', [-27.821093750000003, 0.8869140625, 19.60546875, 0.09335937500000001])
array('d', [-27.821093750000003, 0.8869140625, 19.60546875, -0.0])
array('d', [-27.0275390625, 0.466796875, 19.7455078125, -0.0])
array('d', [-27.0275390625, 0.466796875, 19.7455078125, -0.0])
array('d', [-27.0275390625, 0.466796875, 19.7455078125, -0.0])
array('d', [-27.0275390625, 0.466796875, 19.7455078125, -0.0])
array('d', [-27.44765625, 0.18671875000000002, 19.932226562500002, -0.1400390625])
array('d', [-27.167578125000002, -0.56015625, 19.60546875, -0.1400390625])
array('d', [-27.0275390625, 0.046679687500000004, 19.7455078125, -0.1400390625])
array('d', [-27.0275390625, 0.046679687500000004, 19.7921875, -0.046679687500000004])
array('d', [-26.187304687500003, -0.9802734375000001, 19.7921875, -0.046679687500000004])
array('d', [-27.587695312500003, -0.9802734375000001, 19.3720703125, 0.18671875000000002])
array('d', [-27.2609375, -0.18671875000000002, 19.138671875, 0.09335937500000001])
array('d', [-28.0078125, 0.466796875, 20.165625000000002, -0.2333984375])
array('d', [-28.0078125, -1.7271484375000001, 18.578515625, 0.18671875000000002])
array('d', [-27.400976562500002, -1.7271484375000001, 18.578515625, 0.280078125])
array('d', [-27.400976562500002, -1.7271484375000001, 18.578515625, 0.280078125])
array('d', [-27.400976562500002, -1.7271484375000001, 18.578515625, 0.280078125])
array('d', [-26.887500000000003, 1.213671875, 19.0453125, 0.280078125])
array('d', [-27.2609375, 0.7935546875, 19.60546875, -0.2333984375])
array('d', [-27.167578125000002, -0.7001953125, 18.998632812500002, -0.1400390625])
array('d', [-27.167578125000002, -0.7001953125, 18.998632812500002, -0.1400390625])
array('d', [-27.0275390625, -0.3267578125, 19.7455078125, -0.046679687500000004])
array('d', [-27.0275390625, -0.7001953125, 19.60546875, -0.2333984375])
array('d', [-27.0275390625, -0.7001953125, 19.60546875, -0.09335937500000001])
array('d', [-27.0275390625, -0.7001953125, 19.60546875, -0.09335937500000001])
array('d', [-27.0275390625, -0.7001953125, 19.60546875, -0.09335937500000001])
array('d', [-27.44765625, 0.280078125, 20.1189453125, -0.42011718750000004])
array('d', [-26.980859375, 0.280078125, 20.1189453125, -0.42011718750000004])
array('d', [-26.7474609375, 1.4937500000000001, 19.60546875, -0.0])
array('d', [-27.587695312500003, -0.56015625, 20.258984375, 0.18671875000000002])
array('d', [-27.587695312500003, -0.56015625, 19.932226562500002, 0.37343750000000003])
array('d', [-26.467382812500002, 0.8869140625, 19.932226562500002, 0.37343750000000003])
array('d', [-26.607421875, -0.7001953125, 19.932226562500002, -0.42011718750000004])
array('d', [-26.607421875, -0.7001953125, 19.932226562500002, -0.42011718750000004])
array('d', [-27.2609375, -0.7001953125, 19.7455078125, -0.5134765625000001])
array('d', [-27.2609375, -0.3267578125, 19.60546875, 0.09335937500000001])
array('d', [-26.420703125000003, -0.3267578125, 19.60546875, 0.09335937500000001])
array('d', [-27.2609375, -1.400390625, 19.41875, -0.09335937500000001])
array('d', [-27.167578125000002, 0.18671875000000002, 19.932226562500002, -0.2333984375])
array('d', [-27.167578125000002, 0.18671875000000002, 19.3720703125, 0.280078125])
array('d', [-27.3076171875, -0.56015625, 19.3720703125, 0.280078125])
array('d', [-26.187304687500003, -0.56015625, 20.0255859375, 0.56015625])
array('d', [-26.7474609375, -0.56015625, 20.165625000000002, -0.2333984375])
array('d', [-26.7474609375, -0.7001953125, 19.325390625, 0.37343750000000003])
array('d', [-26.7474609375, -0.7001953125, 19.325390625, 0.37343750000000003])
array('d', [-26.467382812500002, -1.4937500000000001, 19.7455078125, 0.09335937500000001])
array('d', [-27.0275390625, -0.2333984375, 19.885546875, 0.7001953125])
array('d', [-26.187304687500003, 1.587109375, 19.325390625, 0.18671875000000002])
array('d', [-26.187304687500003, 1.587109375, 19.325390625, 0.18671875000000002])
array('d', [-27.167578125000002, 0.18671875000000002, 20.165625000000002, 0.18671875000000002])
array('d', [-27.587695312500003, 0.9802734375000001, 20.0255859375, -0.42011718750000004])
array('d', [-27.587695312500003, 0.9802734375000001, 20.0255859375, -0.42011718750000004])
array('d', [-26.187304687500003, 0.18671875000000002, 19.232031250000002, -0.3267578125])
array('d', [-26.187304687500003, 0.8869140625, 19.932226562500002, -0.046679687500000004])
array('d', [-26.887500000000003, -0.56015625, 19.325390625, -0.09335937500000001])
array('d', [-26.887500000000003, -0.56015625, 19.325390625, -0.09335937500000001])
array('d', [-27.727734375, 2.0072265625, 20.0255859375, 0.18671875000000002])
array('d', [-26.607421875, -0.18671875000000002, 20.258984375, 0.42011718750000004])
array('d', [-26.607421875, -0.18671875000000002, 20.258984375, 0.42011718750000004])
array('d', [-27.2609375, -0.9802734375000001, 19.932226562500002, 0.280078125])
array('d', [-27.167578125000002, -0.2333984375, 19.7455078125, -0.2333984375])
array('d', [-27.167578125000002, 0.466796875, 20.445703125, -0.5134765625000001])
array('d', [-27.167578125000002, 1.4937500000000001, 19.7455078125, -0.7001953125])
array('d', [-26.7474609375, 1.4937500000000001, 19.7455078125, 0.09335937500000001])
array('d', [-27.167578125000002, -0.7001953125, 19.325390625, 0.09335937500000001])
array('d', [-27.821093750000003, -0.9802734375000001, 19.7455078125, 0.09335937500000001])
array('d', [-27.821093750000003, -0.9802734375000001, 19.7455078125, 0.09335937500000001])
array('d', [-27.821093750000003, -0.9802734375000001, 19.7455078125, 0.09335937500000001])
array('d', [-27.821093750000003, -0.9802734375000001, 19.7455078125, 0.09335937500000001])
array('d', [-27.0275390625, -0.9802734375000001, 18.998632812500002, 0.18671875000000002])
array('d', [-27.0275390625, 0.18671875000000002, 19.0453125, 0.653515625])
array('d', [-27.2609375, 0.18671875000000002, 19.0453125, 0.653515625])
array('d', [-26.467382812500002, 1.213671875, 19.7455078125, 0.280078125])
array('d', [-26.607421875, -0.56015625, 19.8388671875, -0.42011718750000004])
array('d', [-25.533789062500002, 0.18671875000000002, 19.0453125, 0.09335937500000001])
array('d', [-25.533789062500002, 0.18671875000000002, 19.0453125, 0.09335937500000001])
array('d', [-27.44765625, 0.18671875000000002, 19.0453125, 0.18671875000000002])
array('d', [-27.587695312500003, -0.2333984375, 20.0255859375, -0.1400390625])
array('d', [-27.587695312500003, -0.2333984375, 19.3720703125, 0.3267578125])
array('d', [-27.587695312500003, -0.2333984375, 19.3720703125, 0.3267578125])
array('d', [-27.587695312500003, -0.2333984375, 19.3720703125, 0.3267578125])
array('d', [-26.607421875, 0.466796875, 18.9052734375, -0.2333984375])
array('d', [-26.607421875, 0.466796875, 18.9052734375, 0.37343750000000003])
array('d', [-26.467382812500002, 0.466796875, 19.932226562500002, 0.37343750000000003])
array('d', [-28.1478515625, 1.30703125, 19.60546875, -0.1400390625])
array('d', [-28.1478515625, 0.18671875000000002, 19.932226562500002, 0.09335937500000001])
array('d', [-27.167578125000002, 0.18671875000000002, 19.932226562500002, 0.09335937500000001])
array('d', [-26.7474609375, -0.7001953125, 19.465429687500002, -0.1400390625])
array('d', [-26.7474609375, -0.7001953125, 19.465429687500002, -0.1400390625])
array('d', [-26.980859375, -1.30703125, 19.2787109375, -0.09335937500000001])
array('d', [-26.980859375, 0.18671875000000002, 20.585742187500003, -0.5134765625000001])
array('d', [-26.607421875, 0.18671875000000002, 20.585742187500003, -0.5134765625000001])
array('d', [-26.607421875, 0.18671875000000002, 20.585742187500003, -0.5134765625000001])
array('d', [-26.607421875, 0.18671875000000002, 20.585742187500003, -0.5134765625000001])
array('d', [-26.607421875, 0.18671875000000002, 20.585742187500003, -0.5134765625000001])
array('d', [-27.0275390625, -1.1669921875, 19.138671875, -0.1400390625])
array('d', [-26.7474609375, -0.2333984375, 19.138671875, -0.1400390625])
array('d', [-26.047265625, 0.7935546875, 19.465429687500002, 0.09335937500000001])
array('d', [-27.867773437500002, 0.466796875, 18.998632812500002, 0.280078125])
array('d', [-26.7474609375, -0.56015625, 19.932226562500002, 0.280078125])
array('d', [-26.7474609375, 0.466796875, 19.885546875, -0.0])
array('d', [-26.607421875, 0.466796875, 19.885546875, -0.0])
array('d', [-27.821093750000003, 0.046679687500000004, 19.885546875, -0.0])
array('d', [-27.587695312500003, -0.2333984375, 19.0453125, -0.3267578125])
array('d', [-27.587695312500003, 0.466796875, 19.60546875, 0.09335937500000001])
array('d', [-27.867773437500002, 0.466796875, 19.60546875, 0.09335937500000001])
array('d', [-26.32734375, 0.56015625, 20.1189453125, 0.56015625])
array('d', [-26.32734375, 0.56015625, 19.60546875, 0.09335937500000001])
array('d', [-26.187304687500003, 0.466796875, 19.60546875, 0.09335937500000001])
array('d', [-26.187304687500003, 0.466796875, 19.60546875, 0.09335937500000001])
array('d', [-26.187304687500003, 0.466796875, 19.60546875, 0.09335937500000001])
array('d', [-26.187304687500003, 0.466796875, 19.60546875, 0.09335937500000001])
array('d', [-27.587695312500003, 0.046679687500000004, 19.465429687500002, -0.1400390625])
array('d', [-27.2609375, -0.2333984375, 19.60546875, -0.046679687500000004])
array('d', [-27.2609375, -0.2333984375, 20.0255859375, -0.1400390625])
array('d', [-27.0275390625, -0.2333984375, 20.0255859375, -0.1400390625])
array('d', [-26.607421875, -0.18671875000000002, 19.325390625, 0.37343750000000003])
array('d', [-26.607421875, 0.18671875000000002, 19.325390625, -0.7001953125])
array('d', [-27.167578125000002, 0.18671875000000002, 19.325390625, -0.7001953125])
array('d', [-27.2609375, 0.046679687500000004, 19.465429687500002, -0.1400390625])
array('d', [-27.2609375, -0.1400390625, 19.465429687500002, 0.09335937500000001])
array('d', [-27.2609375, -0.1400390625, 19.465429687500002, 0.18671875000000002])
array('d', [-27.167578125000002, -0.466796875, 19.885546875, 0.18671875000000002])
array('d', [-27.167578125000002, -0.466796875, 19.885546875, 0.18671875000000002])
array('d', [-27.167578125000002, -0.466796875, 19.885546875, 0.18671875000000002])
array('d', [-27.167578125000002, -0.466796875, 19.885546875, 0.18671875000000002])
array('d', [-27.167578125000002, -0.466796875, 19.885546875, 0.18671875000000002])
array('d', [-27.167578125000002, -0.466796875, 19.885546875, 0.18671875000000002])
array('d', [-27.400976562500002, -0.2333984375, 19.932226562500002, 0.09335937500000001])
array('d', [-27.44765625, 0.046679687500000004, 19.932226562500002, 0.18671875000000002])
array('d', [-27.44765625, 0.046679687500000004, 19.932226562500002, -1.0269531250000001])
array('d', [-27.727734375, -0.2333984375, 19.3720703125, -1.0269531250000001])
array('d', [-26.7474609375, 0.466796875, 19.60546875, -0.1400390625])
array('d', [-26.7474609375, 0.466796875, 19.60546875, 0.09335937500000001])
array('d', [-26.887500000000003, -0.56015625, 19.60546875, 0.09335937500000001])
array('d', [-26.887500000000003, -0.56015625, 19.60546875, 0.09335937500000001])
array('d', [-26.887500000000003, -0.56015625, 19.60546875, 0.09335937500000001])
array('d', [-27.0275390625, -0.2333984375, 18.998632812500002, -0.42011718750000004])
array('d', [-26.187304687500003, 0.466796875, 19.2787109375, 0.09335937500000001])
array('d', [-26.607421875, -0.2333984375, 19.60546875, -0.1400390625])
array('d', [-26.607421875, 1.213671875, 19.7455078125, 0.09335937500000001])
array('d', [-26.607421875, 1.213671875, 19.7455078125, -0.0])
array('d', [-27.0275390625, -0.2333984375, 19.138671875, -0.0])
array('d', [-26.887500000000003, -0.2333984375, 19.0453125, -0.1400390625])
array('d', [-26.7474609375, -0.7001953125, 19.932226562500002, -0.2333984375])
array('d', [-26.7474609375, -0.7001953125, 19.932226562500002, 0.280078125])
array('d', [-26.607421875, 0.7935546875, 18.998632812500002, 0.280078125])
array('d', [-26.887500000000003, -0.7001953125, 19.3720703125, -0.3267578125])
array('d', [-26.32734375, -0.2333984375, 19.60546875, -0.1400390625])
array('d', [-26.32734375, -0.2333984375, 19.60546875, 0.280078125])
array('d', [-27.0275390625, 0.046679687500000004, 20.0255859375, 0.280078125])
array('d', [-26.607421875, -0.9802734375000001, 19.325390625, 0.37343750000000003])
array('d', [-26.887500000000003, 0.466796875, 18.9052734375, -0.046679687500000004])
array('d', [-26.887500000000003, 0.466796875, 18.9052734375, 0.18671875000000002])
array('d', [-26.887500000000003, 0.466796875, 18.9052734375, 0.18671875000000002])
array('d', [-26.887500000000003, 0.466796875, 18.9052734375, 0.18671875000000002])
array('d', [-26.187304687500003, -1.7271484375000001, 19.3720703125, -0.37343750000000003])
array('d', [-27.167578125000002, -0.9802734375000001, 19.3720703125, -0.37343750000000003])
array('d', [-27.587695312500003, -0.7001953125, 19.60546875, -0.046679687500000004])
array('d', [-27.167578125000002, 0.466796875, 19.932226562500002, 0.280078125])
array('d', [-27.167578125000002, 0.466796875, 19.8388671875, -0.42011718750000004])
array('d', [-27.0275390625, -0.18671875000000002, 19.8388671875, -0.42011718750000004])
array('d', [-26.7474609375, 1.213671875, 19.3720703125, -0.09335937500000001])
array('d', [-26.7474609375, 1.213671875, 19.3720703125, -0.09335937500000001])
array('d', [-26.7474609375, 1.213671875, 19.3720703125, -0.09335937500000001])
array('d', [-26.7474609375, 1.213671875, 19.3720703125, -0.09335937500000001])
array('d', [-27.3076171875, -1.0736328125, 19.60546875, -0.2333984375])
array('d', [-27.3076171875, -0.56015625, 19.325390625, -0.1400390625])
array('d', [-27.821093750000003, -0.56015625, 19.325390625, -0.1400390625])
array('d', [-27.587695312500003, 1.30703125, 19.60546875, 0.18671875000000002])
array('d', [-26.607421875, 0.56015625, 19.60546875, 0.09335937500000001])
array('d', [-26.607421875, 0.56015625, 19.7455078125, 0.09335937500000001])
array('d', [-27.587695312500003, 0.466796875, 19.7455078125, 0.09335937500000001])
array('d', [-27.587695312500003, 0.466796875, 19.7455078125, 0.09335937500000001])
array('d', [-27.587695312500003, 0.466796875, 19.7455078125, 0.09335937500000001])
array('d', [-27.0275390625, 0.18671875000000002, 19.7455078125, -0.2333984375])
array('d', [-27.167578125000002, -0.046679687500000004, 19.932226562500002, -0.046679687500000004])
array('d', [-27.167578125000002, -0.046679687500000004, 19.932226562500002, 0.280078125])
array('d', [-25.953906250000003, -0.046679687500000004, 19.932226562500002, 0.280078125])
array('d', [-25.953906250000003, -0.046679687500000004, 19.932226562500002, 0.280078125])
array('d', [-25.953906250000003, -0.046679687500000004, 19.932226562500002, 0.280078125])
array('d', [-26.187304687500003, 0.56015625, 19.60546875, -0.0])
array('d', [-26.187304687500003, 0.56015625, 19.60546875, 0.18671875000000002])
array('d', [-26.607421875, -0.2333984375, 19.325390625, 0.18671875000000002])
array('d', [-26.607421875, -0.2333984375, 19.325390625, 0.18671875000000002])
array('d', [-26.607421875, -0.2333984375, 19.325390625, 0.18671875000000002])
array('d', [-27.2609375, -0.37343750000000003, 20.0255859375, -0.1400390625])
array('d', [-27.587695312500003, 0.7935546875, 20.1189453125, 0.18671875000000002])
array('d', [-27.167578125000002, 1.4937500000000001, 19.3720703125, -0.1400390625])
array('d', [-27.167578125000002, 1.4937500000000001, 19.60546875, 0.8402343750000001])
array('d', [-27.400976562500002, -1.2603515625000001, 19.60546875, 0.8402343750000001])
array('d', [-26.887500000000003, 0.8869140625, 19.60546875, -0.09335937500000001])
array('d', [-28.1478515625, 0.280078125, 19.465429687500002, 0.18671875000000002])
array('d', [-28.1478515625, 0.280078125, 19.465429687500002, 0.18671875000000002])
array('d', [-28.1478515625, 0.280078125, 19.465429687500002, 0.18671875000000002])
array('d', [-28.1478515625, 0.280078125, 19.465429687500002, 0.18671875000000002])
array('d', [-28.1478515625, 0.466796875, 19.3720703125, -0.2333984375])
array('d', [-26.7474609375, 0.466796875, 19.3720703125, -0.2333984375])
array('d', [-27.44765625, -0.56015625, 19.2787109375, -0.3267578125])
array('d', [-27.44765625, 0.466796875, 19.60546875, -0.5134765625000001])
array('d', [-26.887500000000003, 0.466796875, 19.60546875, -0.1400390625])
array('d', [-27.167578125000002, 0.18671875000000002, 19.885546875, -0.1400390625])
array('d', [-27.0275390625, 0.466796875, 19.7921875, -0.1400390625])
array('d', [-26.607421875, -0.1400390625, 19.60546875, 0.09335937500000001])
array('d', [-26.607421875, -0.1400390625, 19.60546875, 0.56015625])
array('d', [-26.187304687500003, 0.653515625, 20.0255859375, 0.56015625])
array('d', [-26.187304687500003, 0.18671875000000002, 19.60546875, -0.046679687500000004])
array('d', [-26.607421875, -0.56015625, 19.932226562500002, 0.42011718750000004])
array('d', [-26.607421875, -0.56015625, 19.932226562500002, 0.42011718750000004])
array('d', [-27.44765625, -1.2603515625000001, 19.325390625, -0.653515625])
array('d', [-27.44765625, -1.2603515625000001, 19.325390625, -0.653515625])
array('d', [-26.607421875, -0.56015625, 19.138671875, 0.046679687500000004])
array('d', [-26.187304687500003, 0.18671875000000002, 19.465429687500002, 0.280078125])
array('d', [-26.187304687500003, 0.18671875000000002, 19.465429687500002, -0.3267578125])
array('d', [-26.887500000000003, 0.466796875, 19.7455078125, -0.3267578125])
array('d', [-26.607421875, 0.466796875, 19.60546875, 0.09335937500000001])
array('d', [-26.7474609375, 0.56015625, 19.60546875, 0.1400390625])
array('d', [-26.7474609375, 0.56015625, 19.60546875, -0.2333984375])
array('d', [-26.7474609375, 1.213671875, 19.3720703125, -0.2333984375])
array('d', [-26.32734375, 0.37343750000000003, 19.2787109375, 0.37343750000000003])
array('d', [-26.32734375, 0.37343750000000003, 19.2787109375, 0.37343750000000003])
array('d', [-27.167578125000002, 0.466796875, 19.0453125, -0.18671875000000002])
array('d', [-27.0275390625, -0.2333984375, 19.932226562500002, -0.5134765625000001])
array('d', [-27.0275390625, -0.2333984375, 20.0255859375, 0.42011718750000004])
array('d', [-26.32734375, -0.56015625, 20.0255859375, 0.42011718750000004])
array('d', [-27.0275390625, 0.466796875, 19.932226562500002, -0.046679687500000004])
array('d', [-27.0275390625, 0.466796875, 19.932226562500002, -0.046679687500000004])
array('d', [-27.727734375, -0.2333984375, 19.885546875, -0.09335937500000001])
array('d', [-27.727734375, -0.2333984375, 19.885546875, 0.280078125])
array('d', [-26.32734375, 0.7935546875, 19.60546875, 0.280078125])
array('d', [-26.3740234375, 0.280078125, 19.325390625, 0.09335937500000001])
array('d', [-26.3740234375, 0.18671875000000002, 19.60546875, 0.37343750000000003])
array('d', [-28.1478515625, 0.18671875000000002, 19.60546875, 0.37343750000000003])
array('d', [-26.7474609375, -1.2603515625000001, 19.60546875, 0.09335937500000001])
array('d', [-26.607421875, -0.9802734375000001, 19.60546875, -0.18671875000000002])
array('d', [-26.607421875, -0.9802734375000001, 19.60546875, 0.09335937500000001])
array('d', [-26.32734375, 0.046679687500000004, 19.60546875, 0.09335937500000001])
array('d', [-26.7474609375, -0.9802734375000001, 19.465429687500002, 0.09335937500000001])
array('d', [-26.607421875, 0.18671875000000002, 19.885546875, -0.1400390625])
array('d', [-26.607421875, 0.466796875, 20.165625000000002, -0.0])
array('d', [-26.7474609375, 0.466796875, 20.165625000000002, 0.2333984375])
array('d', [-27.3076171875, -0.56015625, 19.60546875, 0.2333984375])
array('d', [-26.7474609375, 0.8869140625, 19.885546875, 0.280078125])
array('d', [-27.2609375, -0.2333984375, 19.885546875, -0.0])
array('d', [-27.2609375, -0.2333984375, 19.885546875, -0.0])
array('d', [-27.2609375, -0.2333984375, 19.885546875, -0.0])
array('d', [-27.167578125000002, -0.466796875, 19.885546875, -0.1400390625])
array('d', [-27.167578125000002, 0.046679687500000004, 19.3720703125, 0.09335937500000001])
array('d', [-27.587695312500003, 0.046679687500000004, 19.3720703125, 0.09335937500000001])
array('d', [-27.167578125000002, 0.466796875, 19.3720703125, 0.09335937500000001])
array('d', [-26.047265625, 0.046679687500000004, 19.7455078125, -0.42011718750000004])
array('d', [-26.047265625, 0.046679687500000004, 19.7455078125, -0.0])
array('d', [-26.7474609375, -0.56015625, 19.3720703125, -0.0])
array('d', [-26.7474609375, -0.2333984375, 19.3720703125, -0.1400390625])
array('d', [-27.167578125000002, -0.2333984375, 20.3056640625, 0.37343750000000003])
array('d', [-26.32734375, -0.2333984375, 19.325390625, 0.37343750000000003])
array('d', [-26.7474609375, -0.9802734375000001, 20.165625000000002, -0.2333984375])
array('d', [-26.32734375, 0.046679687500000004, 19.885546875, -0.1400390625])
array('d', [-26.32734375, 0.046679687500000004, 19.885546875, -0.1400390625])
array('d', [-27.587695312500003, 0.18671875000000002, 19.60546875, 0.09335937500000001])
array('d', [-27.167578125000002, 0.56015625, 19.3720703125, 0.42011718750000004])
array('d', [-27.167578125000002, 0.56015625, 19.3720703125, 0.42011718750000004])
array('d', [-27.167578125000002, 0.56015625, 19.3720703125, 0.42011718750000004])
array('d', [-27.44765625, -0.9802734375000001, 19.325390625, -0.2333984375])
array('d', [-25.9072265625, -0.56015625, 19.932226562500002, 0.09335937500000001])
array('d', [-26.7474609375, -0.37343750000000003, 20.0255859375, -0.0])
array('d', [-26.7474609375, -0.37343750000000003, 20.0255859375, -0.0])
array('d', [-26.7474609375, -0.37343750000000003, 20.0255859375, -0.0])
array('d', [-27.167578125000002, 0.18671875000000002, 20.0255859375, 0.1400390625])
array('d', [-27.167578125000002, 0.18671875000000002, 19.932226562500002, 0.09335937500000001])
array('d', [-26.607421875, 0.8869140625, 19.8388671875, -0.046679687500000004])
array('d', [-26.607421875, 0.8869140625, 19.8388671875, -0.046679687500000004])
array('d', [-26.607421875, 0.8869140625, 19.8388671875, -0.046679687500000004])
array('d', [-27.44765625, 0.8869140625, 19.8388671875, -0.046679687500000004])
array('d', [-26.794140625, -0.1400390625, 19.60546875, -0.1400390625])
array('d', [-27.167578125000002, -0.8402343750000001, 19.60546875, -0.0])
array('d', [-27.167578125000002, -0.8402343750000001, 19.60546875, -0.0])
array('d', [-26.607421875, -0.1400390625, 19.2787109375, 0.8869140625])
array('d', [-26.467382812500002, -0.2333984375, 19.0453125, -0.0])
array('d', [-26.467382812500002, 0.18671875000000002, 20.258984375, -0.1400390625])
array('d', [-27.587695312500003, 0.18671875000000002, 20.258984375, -0.1400390625])
array('d', [-27.6810546875, 0.466796875, 19.60546875, 0.37343750000000003])
array('d', [-27.867773437500002, -0.7001953125, 19.138671875, -0.1400390625])
array('d', [-27.867773437500002, -0.7001953125, 19.60546875, 0.1400390625])
array('d', [-27.867773437500002, -0.7001953125, 19.60546875, 0.1400390625])
array('d', [-27.867773437500002, -0.7001953125, 19.60546875, 0.1400390625])
array('d', [-26.047265625, -0.56015625, 19.60546875, -0.2333984375])
array('d', [-26.934179687500002, -0.2333984375, 20.1189453125, -0.2333984375])
array('d', [-26.047265625, -0.046679687500000004, 19.8388671875, -0.2333984375])
array('d', [-26.047265625, -1.2603515625000001, 19.1853515625, 0.2333984375])
array('d', [-26.607421875, -1.2603515625000001, 19.1853515625, 0.1400390625])
array('d', [-25.953906250000003, 0.56015625, 20.0255859375, 0.1400390625])
array('d', [-27.867773437500002, 0.466796875, 19.60546875, 0.1400390625])
array('d', [-27.867773437500002, 0.466796875, 19.60546875, 0.1400390625])
array('d', [-27.867773437500002, 0.466796875, 19.60546875, 0.1400390625])
array('d', [-27.44765625, 0.466796875, 19.60546875, 0.42011718750000004])
array('d', [-27.44765625, 0.466796875, 19.7455078125, -0.0])
array('d', [-27.44765625, 0.56015625, 19.7455078125, -0.0])
array('d', [-27.44765625, 0.56015625, 19.932226562500002, 0.09335937500000001])
array('d', [-26.467382812500002, -0.56015625, 19.932226562500002, 0.1400390625])
array('d', [-26.467382812500002, 0.18671875000000002, 19.932226562500002, 0.1400390625])
array('d', [-26.607421875, -0.37343750000000003, 19.885546875, -0.0])
array('d', [-26.607421875, 0.046679687500000004, 19.325390625, 0.1400390625])
array('d', [-27.167578125000002, 0.046679687500000004, 19.325390625, 0.1400390625])
array('d', [-27.2609375, -0.2333984375, 19.60546875, -0.2333984375])
array('d', [-27.167578125000002, -0.2333984375, 19.3720703125, -0.3267578125])
array('d', [-27.167578125000002, -0.2333984375, 20.3056640625, 0.1400390625])
array('d', [-25.9072265625, -0.2333984375, 20.3056640625, 0.1400390625])
array('d', [-27.44765625, -0.7001953125, 19.60546875, 0.37343750000000003])
array('d', [-27.167578125000002, -0.9802734375000001, 19.885546875, 0.56015625])
array('d', [-27.167578125000002, -0.9802734375000001, 19.885546875, 0.56015625])
array('d', [-27.167578125000002, -0.9802734375000001, 19.885546875, 0.56015625])
array('d', [-27.167578125000002, -0.9802734375000001, 19.1853515625, 0.09335937500000001])
array('d', [-26.934179687500002, 0.8869140625, 19.1853515625, 0.09335937500000001])
array('d', [-27.0275390625, -1.2603515625000001, 19.0453125, 0.3267578125])
array('d', [-27.0275390625, -1.2603515625000001, 19.0453125, 0.3267578125])
array('d', [-27.0275390625, -1.2603515625000001, 19.0453125, 0.3267578125])
array('d', [-27.2609375, 0.8869140625, 19.325390625, -0.42011718750000004])
array('d', [-27.167578125000002, -0.2333984375, 19.3720703125, -0.1400390625])
array('d', [-27.0275390625, -0.56015625, 20.1189453125, -0.1400390625])
array('d', [-27.0275390625, -0.56015625, 20.1189453125, -0.1400390625])
array('d', [-26.32734375, 1.587109375, 20.1189453125, 0.2333984375])
array('d', [-26.32734375, 1.587109375, 19.465429687500002, 0.280078125])
array('d', [-26.467382812500002, 0.37343750000000003, 19.465429687500002, 0.280078125])
array('d', [-26.934179687500002, 0.466796875, 19.885546875, 0.42011718750000004])
array('d', [-27.0275390625, 0.37343750000000003, 19.932226562500002, 0.37343750000000003])
array('d', [-27.0275390625, 0.37343750000000003, 19.932226562500002, -0.046679687500000004])
array('d', [-26.607421875, -0.466796875, 19.7455078125, -0.046679687500000004])
array('d', [-26.187304687500003, 0.18671875000000002, 19.932226562500002, -0.0])
array('d', [-27.2142578125, 0.466796875, 19.932226562500002, -0.18671875000000002])
array('d', [-27.2142578125, 0.466796875, 19.932226562500002, -0.18671875000000002])
array('d', [-27.0275390625, -0.2333984375, 19.932226562500002, -0.18671875000000002])
array('d', [-26.047265625, 0.046679687500000004, 19.0453125, 0.37343750000000003])
array('d', [-27.587695312500003, 0.18671875000000002, 20.0255859375, -0.2333984375])
array('d', [-27.587695312500003, -0.56015625, 19.60546875, 0.42011718750000004])
array('d', [-27.587695312500003, -0.56015625, 19.60546875, 0.42011718750000004])
array('d', [-27.587695312500003, -0.56015625, 19.60546875, 0.42011718750000004])
array('d', [-27.587695312500003, -0.56015625, 19.60546875, 0.42011718750000004])
array('d', [-27.587695312500003, -0.56015625, 19.60546875, 0.42011718750000004])
array('d', [-27.0275390625, -0.56015625, 19.60546875, 0.09335937500000001])
array('d', [-27.44765625, 0.466796875, 19.325390625, 0.09335937500000001])
array('d', [-26.934179687500002, 1.213671875, 19.3720703125, -0.56015625])
array('d', [-25.767187500000002, 1.213671875, 19.3720703125, 0.280078125])
array('d', [-25.767187500000002, -0.9802734375000001, 19.60546875, 0.280078125])
array('d', [-28.0078125, -0.1400390625, 20.165625000000002, -0.046679687500000004])
array('d', [-26.32734375, -0.8402343750000001, 20.258984375, -0.1400390625])
array('d', [-26.32734375, -0.8402343750000001, 20.258984375, -0.1400390625])
array('d', [-26.32734375, -0.8402343750000001, 19.885546875, -0.1400390625])
array('d', [-27.44765625, -0.18671875000000002, 19.885546875, -0.1400390625])
array('d', [-27.44765625, 0.18671875000000002, 19.60546875, -0.3267578125])
array('d', [-26.3740234375, 0.8869140625, 19.60546875, -0.3267578125])
array('d', [-26.3740234375, 0.8869140625, 19.60546875, -0.3267578125])
array('d', [-26.3740234375, 0.8869140625, 19.60546875, 0.280078125])
array('d', [-27.3076171875, 1.213671875, 19.325390625, 0.280078125])
array('d', [-27.44765625, 0.046679687500000004, 19.2787109375, -0.42011718750000004])
array('d', [-27.44765625, -0.2333984375, 19.465429687500002, 0.42011718750000004])
array('d', [-27.0275390625, -0.2333984375, 19.465429687500002, 0.42011718750000004])
array('d', [-27.0275390625, -0.2333984375, 20.1189453125, -0.7001953125])
array('d', [-27.07421875, 0.280078125, 19.60546875, -0.2333984375])
array('d', [-27.44765625, 0.466796875, 19.60546875, -0.42011718750000004])
array('d', [-26.7474609375, 0.18671875000000002, 19.3720703125, -0.42011718750000004])
array('d', [-26.7474609375, 0.18671875000000002, 19.3720703125, -0.42011718750000004])
array('d', [-25.953906250000003, -0.56015625, 19.465429687500002, -0.42011718750000004])
array('d', [-26.467382812500002, -0.9802734375000001, 19.60546875, 0.1400390625])
array('d', [-26.467382812500002, -0.9802734375000001, 19.60546875, -0.1400390625])
array('d', [-26.8408203125, -0.56015625, 19.60546875, -0.1400390625])
array('d', [-26.8408203125, -0.56015625, 19.60546875, -0.1400390625])
array('d', [-26.8408203125, -0.56015625, 19.60546875, -0.1400390625])
array('d', [-26.8408203125, -0.56015625, 19.60546875, -0.1400390625])
array('d', [-26.607421875, 0.18671875000000002, 19.3720703125, -0.0])
array('d', [-26.607421875, 0.18671875000000002, 20.0255859375, 0.046679687500000004])
array('d', [-26.7474609375, -0.7001953125, 20.0255859375, 0.046679687500000004])
array('d', [-26.607421875, -0.2333984375, 19.932226562500002, -0.18671875000000002])
array('d', [-26.607421875, 0.56015625, 19.1853515625, -0.2333984375])
array('d', [-26.607421875, 0.56015625, 19.1853515625, -0.0])
array('d', [-26.934179687500002, 0.37343750000000003, 20.258984375, -0.0])
array('d', [-27.0275390625, 0.046679687500000004, 19.325390625, -0.2333984375])
array('d', [-26.420703125000003, 0.18671875000000002, 18.998632812500002, -0.0])
array('d', [-26.420703125000003, 0.18671875000000002, 18.998632812500002, -0.0])
array('d', [-27.0275390625, -0.2333984375, 18.998632812500002, 0.280078125])
array('d', [-26.187304687500003, 0.280078125, 19.885546875, -0.5134765625000001])
array('d', [-26.187304687500003, 0.280078125, 19.8388671875, 0.09335937500000001])
array('d', [-27.867773437500002, 0.9802734375000001, 19.8388671875, 0.09335937500000001])
array('d', [-27.587695312500003, 0.18671875000000002, 19.885546875, -0.18671875000000002])
array('d', [-26.607421875, 0.280078125, 19.60546875, -0.0])
array('d', [-26.607421875, 0.280078125, 19.60546875, -0.3267578125])
array('d', [-27.0275390625, -0.8402343750000001, 19.465429687500002, -0.3267578125])
array('d', [-27.0275390625, -0.8402343750000001, 19.465429687500002, -0.3267578125])
array('d', [-27.3076171875, 1.30703125, 20.0255859375, -0.0])
array('d', [-26.934179687500002, 1.213671875, 20.165625000000002, 0.5134765625000001])
array('d', [-26.607421875, -1.400390625, 20.165625000000002, -0.1400390625])
array('d', [-26.607421875, 0.18671875000000002, 19.0453125, -0.0])
array('d', [-27.167578125000002, 0.18671875000000002, 19.0453125, -0.0])
array('d', [-26.607421875, -0.2333984375, 19.932226562500002, -0.0])
array('d', [-26.934179687500002, 0.56015625, 19.932226562500002, 0.09335937500000001])
array('d', [-26.934179687500002, 0.56015625, 19.932226562500002, 0.09335937500000001])
array('d', [-26.934179687500002, 0.56015625, 19.932226562500002, 0.09335937500000001])
array('d', [-26.047265625, -0.2333984375, 19.60546875, -0.42011718750000004])
array('d', [-26.047265625, -0.2333984375, 19.60546875, -0.046679687500000004])
array('d', [-26.187304687500003, 0.466796875, 19.1853515625, -0.046679687500000004])
array('d', [-26.187304687500003, 0.466796875, 19.1853515625, -0.046679687500000004])
array('d', [-26.187304687500003, 0.466796875, 19.1853515625, -0.046679687500000004])
array('d', [-26.187304687500003, 0.466796875, 19.1853515625, -0.046679687500000004])
array('d', [-25.673828125, 0.046679687500000004, 19.885546875, -0.0])
array('d', [-27.44765625, 1.213671875, 20.165625000000002, 0.7001953125])
array('d', [-26.467382812500002, 0.18671875000000002, 19.465429687500002, 0.280078125])
array('d', [-26.467382812500002, 0.18671875000000002, 19.465429687500002, 0.280078125])
array('d', [-26.607421875, -0.2333984375, 19.3720703125, 0.280078125])
array('d', [-26.233984375000002, -0.2333984375, 19.325390625, 0.280078125])
array('d', [-26.233984375000002, -0.2333984375, 20.0255859375, -0.1400390625])
array('d', [-26.233984375000002, -1.400390625, 20.0255859375, -0.1400390625])
array('d', [-26.467382812500002, 0.7935546875, 19.932226562500002, 0.1400390625])
array('d', [-26.467382812500002, 0.7935546875, 19.932226562500002, 0.2333984375])
array('d', [-27.0275390625, 0.8869140625, 19.3720703125, 0.2333984375])
array('d', [-26.7474609375, -0.2333984375, 19.325390625, -0.046679687500000004])
array('d', [-25.673828125, 0.56015625, 19.7455078125, -0.1400390625])
array('d', [-25.673828125, 0.56015625, 19.885546875, 0.56015625])
array('d', [-27.3076171875, 0.046679687500000004, 19.885546875, 0.56015625])
array('d', [-27.3076171875, 0.046679687500000004, 19.885546875, 0.56015625])
array('d', [-27.587695312500003, 0.56015625, 19.7455078125, -0.2333984375])
array('d', [-27.587695312500003, 0.56015625, 19.885546875, -0.3267578125])
array('d', [-27.587695312500003, -0.1400390625, 19.885546875, -0.3267578125])
array('d', [-27.587695312500003, 0.18671875000000002, 19.3720703125, 0.280078125])
array('d', [-27.44765625, -0.2333984375, 20.0255859375, 0.1400390625])
array('d', [-27.6810546875, -0.2333984375, 20.0255859375, 0.1400390625])
array('d', [-25.953906250000003, -0.1400390625, 19.2787109375, 0.37343750000000003])
array('d', [-25.953906250000003, -0.1400390625, 19.2787109375, 0.37343750000000003])
array('d', [-25.953906250000003, -0.1400390625, 19.2787109375, 0.37343750000000003])
array('d', [-25.953906250000003, -0.1400390625, 19.2787109375, 0.37343750000000003])
array('d', [-25.953906250000003, -0.1400390625, 19.2787109375, 0.37343750000000003])
array('d', [-26.934179687500002, -0.1400390625, 20.632421875000002, -0.0])
array('d', [-26.233984375000002, -1.400390625, 20.165625000000002, -0.466796875])
array('d', [-26.233984375000002, 0.18671875000000002, 19.3720703125, 0.56015625])
array('d', [-26.233984375000002, 0.18671875000000002, 19.3720703125, 0.56015625])
array('d', [-25.39375, -0.8402343750000001, 18.998632812500002, -0.1400390625])
array('d', [-25.39375, -0.8402343750000001, 19.7455078125, -0.42011718750000004])
array('d', [-27.0275390625, -0.9802734375000001, 19.7455078125, -0.42011718750000004])
array('d', [-27.0275390625, -0.9802734375000001, 19.7455078125, -0.42011718750000004])
array('d', [-26.934179687500002, -0.9802734375000001, 19.2787109375, -0.0])
array('d', [-26.607421875, -0.1400390625, 19.885546875, 0.09335937500000001])
array('d', [-27.2609375, -1.2603515625000001, 19.1853515625, -0.09335937500000001])
array('d', [-27.2609375, -1.2603515625000001, 19.60546875, 0.1400390625])
array('d', [-26.3740234375, -0.9802734375000001, 19.60546875, 0.1400390625])
array('d', [-26.467382812500002, -0.2333984375, 19.465429687500002, -0.0])
array('d', [-26.467382812500002, 0.18671875000000002, 19.3720703125, -0.09335937500000001])
array('d', [-27.0275390625, 0.18671875000000002, 19.3720703125, -0.09335937500000001])
array('d', [-27.167578125000002, 0.8869140625, 19.60546875, 0.09335937500000001])
array('d', [-26.32734375, -1.7271484375000001, 19.7455078125, -0.0])
array('d', [-26.607421875, 0.7935546875, 19.60546875, -0.0])
array('d', [-26.607421875, 0.7935546875, 19.60546875, 0.42011718750000004])
array('d', [-27.2609375, -0.2333984375, 19.698828125000002, 0.42011718750000004])
array('d', [-26.934179687500002, -1.0736328125, 19.0453125, -0.046679687500000004])
array('d', [-26.934179687500002, -1.0736328125, 19.0453125, -0.046679687500000004])
array('d', [-26.047265625, 0.046679687500000004, 19.60546875, -0.046679687500000004])
array('d', [-27.867773437500002, 0.8869140625, 19.932226562500002, -0.09335937500000001])
array('d', [-27.867773437500002, 0.046679687500000004, 18.998632812500002, -0.09335937500000001])
array('d', [-27.867773437500002, 0.046679687500000004, 18.998632812500002, -0.09335937500000001])
array('d', [-27.867773437500002, 0.046679687500000004, 18.998632812500002, -0.09335937500000001])
array('d', [-27.867773437500002, 0.046679687500000004, 18.998632812500002, -0.09335937500000001])
array('d', [-27.867773437500002, 0.046679687500000004, 18.998632812500002, -0.09335937500000001])
array('d', [-27.727734375, -0.9802734375000001, 19.0453125, 0.1400390625])
array('d', [-27.727734375, -0.9802734375000001, 19.0453125, 0.1400390625])
array('d', [-26.467382812500002, -0.37343750000000003, 19.60546875, 0.09335937500000001])
array('d', [-27.587695312500003, -0.37343750000000003, 19.2787109375, -0.2333984375])
array('d', [-27.587695312500003, 0.18671875000000002, 19.2787109375, -0.18671875000000002])
array('d', [-26.047265625, 0.466796875, 19.8388671875, -0.18671875000000002])
array('d', [-26.467382812500002, -0.2333984375, 19.698828125000002, 0.7001953125])
array('d', [-26.467382812500002, -0.2333984375, 19.698828125000002, 0.7001953125])
array('d', [-26.467382812500002, -0.2333984375, 19.698828125000002, 0.7001953125])
array('d', [-26.607421875, -0.56015625, 19.0453125, -0.42011718750000004])
array('d', [-27.44765625, -0.7001953125, 19.8388671875, 0.37343750000000003])
array('d', [-27.44765625, -0.7001953125, 19.8388671875, -0.09335937500000001])
array('d', [-26.187304687500003, -0.046679687500000004, 19.2787109375, -0.09335937500000001])
array('d', [-26.794140625, -0.56015625, 20.2123046875, 0.2333984375])
array('d', [-27.0275390625, 0.56015625, 19.3720703125, 0.09335937500000001])
array('d', [-27.0275390625, 0.56015625, 19.3720703125, -0.2333984375])
array('d', [-27.0275390625, 0.56015625, 19.3720703125, -0.2333984375])
array('d', [-27.0275390625, 0.56015625, 19.3720703125, -0.2333984375])
array('d', [-27.0275390625, 0.56015625, 19.3720703125, -0.2333984375])
array('d', [-26.607421875, 0.046679687500000004, 19.2787109375, -0.2333984375])
array('d', [-27.587695312500003, 0.37343750000000003, 20.258984375, 0.09335937500000001])
array('d', [-26.607421875, -0.2333984375, 19.3720703125, 0.42011718750000004])
array('d', [-26.607421875, -0.2333984375, 19.3720703125, 0.42011718750000004])
array('d', [-27.0275390625, -0.2333984375, 18.998632812500002, -0.09335937500000001])
array('d', [-27.44765625, 0.18671875000000002, 19.60546875, -0.42011718750000004])
array('d', [-27.44765625, -0.37343750000000003, 20.2123046875, -0.3267578125])
array('d', [-27.44765625, -0.37343750000000003, 20.2123046875, -0.3267578125])
array('d', [-27.44765625, -0.37343750000000003, 20.2123046875, -0.3267578125])
array('d', [-26.607421875, -0.37343750000000003, 19.512109375, -0.3267578125])
array('d', [-27.167578125000002, -0.9802734375000001, 19.512109375, -0.3267578125])
array('d', [-26.607421875, -0.2333984375, 18.998632812500002, -0.1400390625])
array('d', [-27.167578125000002, -0.2333984375, 19.2787109375, 0.280078125])
array('d', [-26.607421875, -0.9802734375000001, 20.1189453125, -0.0])
array('d', [-26.607421875, -0.9802734375000001, 19.512109375, -0.09335937500000001])
array('d', [-27.167578125000002, -0.18671875000000002, 19.512109375, -0.09335937500000001])
array('d', [-27.167578125000002, -0.18671875000000002, 19.512109375, -0.09335937500000001])
array('d', [-27.167578125000002, -0.18671875000000002, 19.512109375, -0.09335937500000001])
array('d', [-25.953906250000003, 1.213671875, 19.60546875, -0.09335937500000001])
array('d', [-25.953906250000003, -0.7001953125, 19.60546875, -0.09335937500000001])
array('d', [-26.8408203125, -0.7001953125, 19.60546875, -0.09335937500000001])
array('d', [-26.8408203125, -0.9802734375000001, 18.6251953125, -0.3267578125])
array('d', [-27.587695312500003, 0.8869140625, 19.3720703125, -0.046679687500000004])
array('d', [-27.587695312500003, 0.8869140625, 19.3720703125, 0.3267578125])
array('d', [-26.607421875, 0.466796875, 19.3720703125, 0.3267578125])
array('d', [-26.607421875, 0.466796875, 19.3720703125, 0.3267578125])
array('d', [-26.607421875, 0.466796875, 19.3720703125, 0.3267578125])
array('d', [-26.607421875, 0.466796875, 19.3720703125, 0.3267578125])
array('d', [-25.767187500000002, 0.046679687500000004, 19.698828125000002, 0.09335937500000001])
array('d', [-26.467382812500002, 0.18671875000000002, 19.60546875, 0.09335937500000001])
array('d', [-26.467382812500002, 0.18671875000000002, 19.0453125, 0.37343750000000003])
array('d', [-26.794140625, -0.56015625, 19.0453125, 0.37343750000000003])
array('d', [-27.0275390625, 0.18671875000000002, 19.2787109375, 0.37343750000000003])
array('d', [-27.0275390625, 0.18671875000000002, 19.1853515625, -0.09335937500000001])
array('d', [-27.0275390625, 0.18671875000000002, 19.1853515625, -0.09335937500000001])
array('d', [-27.0275390625, 0.18671875000000002, 19.1853515625, -0.09335937500000001])
array('d', [-27.0275390625, 0.18671875000000002, 19.1853515625, -0.09335937500000001])
array('d', [-27.0275390625, 0.18671875000000002, 19.1853515625, -0.09335937500000001])
array('d', [-26.794140625, 0.18671875000000002, 19.512109375, -0.046679687500000004])
array('d', [-26.654101562500003, -0.56015625, 19.8388671875, 0.09335937500000001])
array('d', [-27.167578125000002, 0.8869140625, 19.932226562500002, 0.09335937500000001])
array('d', [-27.2142578125, 1.213671875, 19.932226562500002, -0.2333984375])
array('d', [-27.727734375, 0.18671875000000002, 19.60546875, -0.1400390625])
array('d', [-27.727734375, 0.18671875000000002, 19.60546875, -0.1400390625])
array('d', [-27.44765625, 0.56015625, 18.7185546875, 0.09335937500000001])
array('d', [-27.0275390625, 0.18671875000000002, 19.932226562500002, -0.09335937500000001])
array('d', [-27.0275390625, 0.56015625, 19.2787109375, -0.3267578125])
array('d', [-26.467382812500002, 0.56015625, 19.2787109375, -0.3267578125])
array('d', [-26.934179687500002, 0.37343750000000003, 19.2787109375, -0.046679687500000004])
array('d', [-26.047265625, -0.56015625, 19.60546875, -0.3267578125])
array('d', [-26.047265625, -0.56015625, 19.60546875, -0.5134765625000001])
array('d', [-27.44765625, -0.56015625, 19.0453125, -0.5134765625000001])
array('d', [-27.44765625, -0.56015625, 19.0453125, -0.5134765625000001])
array('d', [-26.467382812500002, 0.18671875000000002, 19.0453125, -0.1400390625])
array('d', [-27.0275390625, 0.8869140625, 19.932226562500002, -0.1400390625])
array('d', [-27.0275390625, 0.8869140625, 19.932226562500002, -0.2333984375])
array('d', [-26.467382812500002, 0.466796875, 19.2787109375, -0.2333984375])
array('d', [-27.0275390625, -0.2333984375, 19.698828125000002, 0.09335937500000001])
array('d', [-27.0275390625, -0.2333984375, 19.60546875, 0.56015625])
array('d', [-27.44765625, 0.56015625, 19.60546875, 0.56015625])
array('d', [-27.587695312500003, 0.18671875000000002, 18.6251953125, -0.0])
array('d', [-27.867773437500002, -0.3267578125, 18.998632812500002, 0.3267578125])
array('d', [-27.867773437500002, -0.3267578125, 18.998632812500002, 0.3267578125])
array('d', [-26.3740234375, -0.56015625, 19.60546875, -0.1400390625])
array('d', [-26.3740234375, -0.56015625, 19.60546875, -0.1400390625])
array('d', [-26.3740234375, -0.56015625, 19.60546875, -0.1400390625])
array('d', [-26.3740234375, -0.56015625, 19.60546875, -0.1400390625])
array('d', [-27.167578125000002, 0.37343750000000003, 19.60546875, -0.0])
array('d', [-27.167578125000002, 0.37343750000000003, 19.932226562500002, -0.09335937500000001])
array('d', [-26.467382812500002, 0.8869140625, 19.932226562500002, -0.09335937500000001])
array('d', [-27.0275390625, 0.046679687500000004, 19.1853515625, -0.0])
array('d', [-27.3076171875, -1.773828125, 19.2787109375, -0.37343750000000003])
array('d', [-27.3076171875, -1.773828125, 19.512109375, 0.37343750000000003])
array('d', [-26.607421875, -0.2333984375, 19.512109375, 0.37343750000000003])
array('d', [-26.607421875, -0.2333984375, 19.512109375, -0.3267578125])
array('d', [-26.934179687500002, 0.56015625, 19.2787109375, 0.09335937500000001])
array('d', [-26.934179687500002, 0.56015625, 19.2787109375, 0.09335937500000001])
array('d', [-26.7474609375, -0.2333984375, 19.512109375, 0.56015625])
array('d', [-26.7474609375, -0.2333984375, 19.512109375, 0.56015625])
array('d', [-26.7474609375, -0.2333984375, 19.512109375, 0.56015625])
array('d', [-27.6810546875, -0.7001953125, 19.60546875, -0.046679687500000004])
array('d', [-27.0275390625, -0.7001953125, 19.3720703125, -0.1400390625])
array('d', [-27.0275390625, -0.7001953125, 19.3720703125, 0.42011718750000004])
array('d', [-27.0275390625, -0.7001953125, 19.3720703125, 0.42011718750000004])
array('d', [-27.0275390625, -0.7001953125, 19.3720703125, 0.42011718750000004])
array('d', [-27.0275390625, -0.7001953125, 19.3720703125, 0.42011718750000004])
array('d', [-27.0275390625, -0.7001953125, 19.3720703125, 0.42011718750000004])
array('d', [-27.6810546875, 0.7935546875, 19.698828125000002, -0.1400390625])
array('d', [-26.934179687500002, -0.56015625, 19.698828125000002, -0.1400390625])
array('d', [-26.467382812500002, 0.046679687500000004, 19.932226562500002, -0.42011718750000004])
array('d', [-25.673828125, 0.046679687500000004, 19.932226562500002, -0.42011718750000004])
array('d', [-25.673828125, 0.046679687500000004, 19.932226562500002, -0.42011718750000004])
array('d', [-25.673828125, -0.7001953125, 18.7185546875, -0.42011718750000004])
array('d', [-26.607421875, 1.213671875, 19.2787109375, -0.046679687500000004])
array('d', [-26.467382812500002, -0.1400390625, 19.932226562500002, 0.09335937500000001])
array('d', [-26.467382812500002, -0.1400390625, 19.932226562500002, 0.09335937500000001])
array('d', [-26.467382812500002, -0.1400390625, 19.932226562500002, 0.09335937500000001])
array('d', [-26.467382812500002, 0.046679687500000004, 19.60546875, -0.09335937500000001])
array('d', [-26.467382812500002, -0.56015625, 19.698828125000002, 0.56015625])
array('d', [-27.587695312500003, -0.56015625, 19.698828125000002, 0.56015625])
array('d', [-27.587695312500003, -0.56015625, 19.698828125000002, 0.56015625])
array('d', [-27.587695312500003, -0.56015625, 19.698828125000002, 0.56015625])
array('d', [-27.587695312500003, -0.56015625, 19.698828125000002, 0.56015625])
array('d', [-26.7474609375, -0.37343750000000003, 19.60546875, 0.1400390625])
array('d', [-27.0275390625, -0.9802734375000001, 19.60546875, 0.1400390625])
array('d', [-27.0275390625, -0.8402343750000001, 19.2787109375, 0.280078125])
array('d', [-27.0275390625, -0.8402343750000001, 19.2787109375, 0.280078125])
array('d', [-27.821093750000003, -0.56015625, 20.0255859375, -0.0])
array('d', [-26.467382812500002, -0.466796875, 18.9052734375, 0.42011718750000004])
array('d', [-26.047265625, 1.213671875, 19.512109375, 0.56015625])
array('d', [-26.047265625, 1.213671875, 19.512109375, 0.56015625])
array('d', [-26.047265625, 1.213671875, 19.512109375, 0.56015625])
array('d', [-26.047265625, 1.213671875, 19.512109375, 0.56015625])
array('d', [-27.3076171875, 0.466796875, 19.3720703125, -0.1400390625])
array('d', [-26.047265625, -0.1400390625, 19.60546875, 0.280078125])
array('d', [-26.047265625, -0.1400390625, 19.60546875, 0.09335937500000001])
array('d', [-26.047265625, -0.1400390625, 19.60546875, 0.09335937500000001])
array('d', [-26.047265625, -0.1400390625, 19.60546875, 0.09335937500000001])
array('d', [-27.0275390625, -0.56015625, 19.3720703125, 0.09335937500000001])
array('d', [-27.167578125000002, -0.2333984375, 19.932226562500002, -0.09335937500000001])
array('d', [-26.934179687500002, -0.7001953125, 19.8388671875, 0.09335937500000001])
array('d', [-27.0275390625, -0.466796875, 19.698828125000002, -0.1400390625])
array('d', [-27.0275390625, -0.466796875, 19.3720703125, 0.280078125])
array('d', [-26.7474609375, 0.56015625, 19.3720703125, 0.280078125])
array('d', [-27.167578125000002, 0.046679687500000004, 19.60546875, 0.09335937500000001])
array('d', [-27.2142578125, 0.466796875, 19.932226562500002, 0.280078125])
array('d', [-26.7474609375, 0.466796875, 19.60546875, 0.37343750000000003])
array('d', [-26.7474609375, 0.466796875, 19.60546875, -0.2333984375])
array('d', [-26.7474609375, 0.466796875, 19.60546875, -0.2333984375])
array('d', [-26.7474609375, 0.466796875, 19.60546875, -0.2333984375])
array('d', [-26.467382812500002, 0.56015625, 18.998632812500002, -0.42011718750000004])
array('d', [-26.047265625, 0.466796875, 19.60546875, -0.1400390625])
array('d', [-26.934179687500002, -1.2603515625000001, 19.60546875, 0.2333984375])
array('d', [-26.934179687500002, -1.2603515625000001, 19.8388671875, 0.280078125])
array('d', [-27.400976562500002, -1.30703125, 19.8388671875, -0.0])
array('d', [-26.934179687500002, -0.7001953125, 19.8388671875, -0.0])
array('d', [-27.587695312500003, 1.213671875, 19.932226562500002, -0.1400390625])
array('d', [-27.587695312500003, 1.213671875, 19.698828125000002, 0.09335937500000001])
array('d', [-27.0275390625, -0.2333984375, 19.698828125000002, 0.09335937500000001])
array('d', [-26.467382812500002, -0.56015625, 18.998632812500002, -0.0])
array('d', [-26.467382812500002, 1.213671875, 19.60546875, 0.09335937500000001])
array('d', [-25.9072265625, 0.8869140625, 19.698828125000002, -0.1400390625])
array('d', [-25.953906250000003, -0.7001953125, 19.2787109375, -0.0])
array('d', [-25.953906250000003, -0.7001953125, 19.2787109375, -0.1400390625])
array('d', [-27.6810546875, 0.7935546875, 19.60546875, -0.1400390625])
array('d', [-26.467382812500002, 0.466796875, 19.60546875, -0.09335937500000001])
array('d', [-26.047265625, 0.466796875, 19.2787109375, -0.046679687500000004])
array('d', [-26.047265625, 0.466796875, 19.60546875, -0.1400390625])
array('d', [-26.607421875, 0.18671875000000002, 19.60546875, -0.1400390625])
array('d', [-26.607421875, 0.18671875000000002, 19.60546875, -0.1400390625])
array('d', [-26.467382812500002, -0.2333984375, 19.60546875, -0.2333984375])
array('d', [-27.587695312500003, 1.213671875, 20.445703125, -0.1400390625])
array('d', [-26.3740234375, 0.466796875, 19.60546875, -0.7001953125])
array('d', [-26.3740234375, 0.466796875, 19.60546875, -0.7001953125])
array('d', [-26.3740234375, 0.466796875, 19.60546875, -0.7001953125])
array('d', [-26.3740234375, 0.466796875, 19.60546875, -0.7001953125])
array('d', [-25.953906250000003, 0.56015625, 19.0453125, -0.0])
array('d', [-26.7474609375, 1.213671875, 19.60546875, 0.1400390625])
array('d', [-26.7474609375, -0.7001953125, 18.765234375000002, -0.1400390625])
array('d', [-26.7474609375, -0.7001953125, 18.765234375000002, -0.1400390625])
array('d', [-26.7474609375, -0.7001953125, 18.765234375000002, -0.1400390625])
array('d', [-26.7474609375, -0.7001953125, 18.765234375000002, -0.1400390625])
array('d', [-27.0275390625, 1.213671875, 19.60546875, -0.42011718750000004])
array('d', [-27.0275390625, 0.466796875, 19.698828125000002, -0.1400390625])
array('d', [-27.587695312500003, 0.466796875, 19.698828125000002, -0.1400390625])
array('d', [-26.467382812500002, 0.466796875, 19.698828125000002, -0.0])
array('d', [-26.467382812500002, 0.7935546875, 19.60546875, 0.7935546875])
array('d', [-26.467382812500002, 0.37343750000000003, 19.60546875, 0.7935546875])
array('d', [-27.0275390625, 0.466796875, 19.2787109375, 0.09335937500000001])
array('d', [-27.0275390625, 0.466796875, 19.2787109375, 0.09335937500000001])
array('d', [-27.44765625, -0.046679687500000004, 19.698828125000002, -0.0])
array('d', [-27.44765625, 1.587109375, 18.998632812500002, -0.0])
array('d', [-27.727734375, 1.587109375, 18.998632812500002, -0.0])
array('d', [-26.934179687500002, -1.7271484375000001, 18.998632812500002, -0.0])
array('d', [-27.2609375, -0.7001953125, 19.2787109375, 0.56015625])
array('d', [-28.4279296875, 0.18671875000000002, 18.998632812500002, -0.37343750000000003])
array('d', [-28.4279296875, 0.18671875000000002, 18.998632812500002, -0.37343750000000003])
array('d', [-27.587695312500003, -0.3267578125, 18.998632812500002, -0.37343750000000003])
array('d', [-26.3740234375, 0.18671875000000002, 19.698828125000002, 0.2333984375])
array('d', [-26.3740234375, 0.466796875, 19.932226562500002, 0.1400390625])
array('d', [-26.934179687500002, 0.466796875, 19.932226562500002, 0.1400390625])
array('d', [-26.187304687500003, 1.587109375, 19.932226562500002, 0.37343750000000003])
array('d', [-25.953906250000003, -1.2603515625000001, 19.698828125000002, 0.09335937500000001])
array('d', [-25.953906250000003, -1.2603515625000001, 20.0255859375, 0.09335937500000001])
array('d', [-26.607421875, 0.7935546875, 20.0255859375, 0.09335937500000001])
array('d', [-26.187304687500003, -1.400390625, 18.998632812500002, 0.2333984375])
array('d', [-26.467382812500002, -1.2603515625000001, 19.2787109375, -0.42011718750000004])
array('d', [-26.467382812500002, -1.2603515625000001, 19.2787109375, -0.42011718750000004])
array('d', [-26.467382812500002, 0.18671875000000002, 19.932226562500002, -0.2333984375])
array('d', [-27.3076171875, -0.1400390625, 19.1853515625, -0.2333984375])
array('d', [-26.32734375, -0.2333984375, 19.2787109375, -0.09335937500000001])
array('d', [-26.32734375, -0.2333984375, 19.2787109375, -0.09335937500000001])
array('d', [-26.32734375, -0.2333984375, 19.2787109375, -0.09335937500000001])
array('d', [-26.32734375, -0.2333984375, 19.2787109375, -0.09335937500000001])
array('d', [-26.32734375, -0.2333984375, 19.2787109375, -0.09335937500000001])
array('d', [-26.32734375, -0.2333984375, 19.2787109375, -0.09335937500000001])
array('d', [-27.587695312500003, -0.7001953125, 19.8388671875, 0.2333984375])
array('d', [-27.587695312500003, -0.37343750000000003, 19.2787109375, -0.046679687500000004])
array('d', [-27.587695312500003, -0.37343750000000003, 19.2787109375, -0.046679687500000004])
array('d', [-27.587695312500003, 0.18671875000000002, 19.3720703125, -0.046679687500000004])
array('d', [-27.587695312500003, -0.7001953125, 19.60546875, -0.37343750000000003])
array('d', [-27.0275390625, -0.7001953125, 19.60546875, -0.37343750000000003])
array('d', [-27.44765625, -0.466796875, 19.932226562500002, 0.09335937500000001])
array('d', [-26.794140625, -0.466796875, 19.60546875, -0.3267578125])
array('d', [-26.794140625, -0.2333984375, 19.60546875, -0.42011718750000004])
array('d', [-27.0275390625, -0.2333984375, 20.2123046875, -0.42011718750000004])
array('d', [-26.3740234375, 0.18671875000000002, 19.2787109375, 0.09335937500000001])
array('d', [-26.467382812500002, 0.046679687500000004, 18.998632812500002, -0.3267578125])
array('d', [-26.047265625, 0.56015625, 19.698828125000002, 0.09335937500000001])
array('d', [-26.047265625, 0.56015625, 19.698828125000002, 0.280078125])
array('d', [-26.467382812500002, 0.56015625, 19.698828125000002, 0.280078125])
array('d', [-26.467382812500002, 0.56015625, 19.698828125000002, 0.280078125])
array('d', [-25.953906250000003, 0.18671875000000002, 19.60546875, 0.09335937500000001])
array('d', [-25.953906250000003, 0.18671875000000002, 19.2787109375, -0.1400390625])
array('d', [-27.0275390625, 0.046679687500000004, 19.2787109375, -0.1400390625])
array('d', [-27.0275390625, 0.046679687500000004, 19.2787109375, -0.1400390625])
array('d', [-27.0275390625, 0.046679687500000004, 19.2787109375, -0.1400390625])
array('d', [-27.587695312500003, 0.466796875, 19.60546875, 0.1400390625])
array('d', [-26.047265625, 0.56015625, 19.512109375, -0.09335937500000001])
array('d', [-26.047265625, 0.56015625, 19.2787109375, -0.3267578125])
array('d', [-26.607421875, 0.7935546875, 19.2787109375, -0.3267578125])
array('d', [-26.467382812500002, -0.9802734375000001, 19.7455078125, -0.42011718750000004])
array('d', [-26.467382812500002, -0.1400390625, 19.0919921875, -0.09335937500000001])
array('d', [-26.467382812500002, -0.1400390625, 19.0919921875, -0.09335937500000001])
array('d', [-26.467382812500002, -0.1400390625, 19.0919921875, -0.09335937500000001])
array('d', [-26.467382812500002, -0.1400390625, 19.0919921875, -0.09335937500000001])
array('d', [-26.467382812500002, -1.773828125, 19.8388671875, 0.046679687500000004])
array('d', [-26.607421875, -1.773828125, 19.8388671875, 0.046679687500000004])
array('d', [-26.794140625, 1.0736328125, 19.698828125000002, -0.0])
array('d', [-27.587695312500003, 0.466796875, 19.2787109375, -0.2333984375])
array('d', [-27.0275390625, -0.9802734375000001, 20.1189453125, 0.09335937500000001])
array('d', [-26.32734375, -0.56015625, 19.465429687500002, -0.1400390625])
array('d', [-26.32734375, -0.56015625, 19.465429687500002, -0.1400390625])
array('d', [-26.32734375, -0.56015625, 19.465429687500002, -0.1400390625])
array('d', [-27.44765625, -0.9802734375000001, 19.60546875, 0.37343750000000003])
array('d', [-26.233984375000002, 0.8869140625, 19.8388671875, 0.2333984375])
array('d', [-26.3740234375, 0.046679687500000004, 19.698828125000002, -0.1400390625])
array('d', [-26.3740234375, 0.046679687500000004, 19.698828125000002, -0.1400390625])
array('d', [-26.3740234375, 0.046679687500000004, 19.698828125000002, -0.1400390625])
array('d', [-26.047265625, 0.046679687500000004, 19.932226562500002, -0.93359375])
array('d', [-26.047265625, 0.046679687500000004, 19.2787109375, 0.1400390625])
array('d', [-27.2142578125, -0.466796875, 19.2787109375, 0.1400390625])
array('d', [-27.2142578125, 0.046679687500000004, 19.2787109375, 0.3267578125])
array('d', [-25.953906250000003, -0.8402343750000001, 19.60546875, -0.37343750000000003])
array('d', [-25.953906250000003, -0.8402343750000001, 19.60546875, -0.37343750000000003])
array('d', [-27.0275390625, -0.7001953125, 19.2787109375, 0.2333984375])
array('d', [-27.0275390625, -0.7001953125, 19.2787109375, 0.2333984375])
array('d', [-27.0275390625, -0.7001953125, 19.2787109375, 0.2333984375])
array('d', [-26.3740234375, -0.2333984375, 19.932226562500002, 0.09335937500000001])
array('d', [-27.3076171875, 0.7935546875, 19.2787109375, 0.2333984375])
array('d', [-27.3076171875, 0.7935546875, 19.60546875, 0.37343750000000003])
array('d', [-27.3076171875, 0.7935546875, 19.60546875, 0.37343750000000003])
array('d', [-27.3076171875, 0.7935546875, 19.60546875, 0.37343750000000003])
array('d', [-26.467382812500002, -0.046679687500000004, 19.8388671875, -0.56015625])
array('d', [-26.467382812500002, -0.046679687500000004, 19.512109375, -0.0])
array('d', [-27.0275390625, 1.213671875, 19.512109375, -0.0])
array('d', [-26.187304687500003, -0.56015625, 19.512109375, -0.09335937500000001])
array('d', [-26.467382812500002, -0.9802734375000001, 19.698828125000002, -0.09335937500000001])
array('d', [-26.467382812500002, -0.9802734375000001, 19.698828125000002, 0.1400390625])
array('d', [-26.8408203125, -0.7001953125, 19.0919921875, 0.1400390625])
array('d', [-26.8408203125, -0.7001953125, 19.0919921875, 0.1400390625])
array('d', [-27.44765625, -0.7001953125, 20.0255859375, -0.1400390625])
array('d', [-27.44765625, 0.046679687500000004, 19.932226562500002, -0.42011718750000004])
array('d', [-27.44765625, 0.046679687500000004, 19.60546875, 0.1400390625])
array('d', [-26.047265625, -0.7001953125, 19.60546875, 0.1400390625])
array('d', [-27.3076171875, -1.0736328125, 20.1189453125, 0.42011718750000004])
array('d', [-25.953906250000003, -0.56015625, 19.8388671875, -0.0])
array('d', [-25.953906250000003, -0.56015625, 19.0919921875, -0.046679687500000004])
array('d', [-27.0275390625, -1.0736328125, 19.0919921875, -0.046679687500000004])
array('d', [-27.44765625, -0.56015625, 19.465429687500002, 0.1400390625])
array('d', [-26.187304687500003, 0.280078125, 19.698828125000002, -0.0])
array('d', [-26.187304687500003, 0.280078125, 19.698828125000002, -0.42011718750000004])
array('d', [-26.187304687500003, -0.2333984375, 19.2787109375, -0.42011718750000004])
array('d', [-27.587695312500003, 0.18671875000000002, 19.60546875, -0.0])
array('d', [-26.467382812500002, -0.8402343750000001, 18.998632812500002, -0.8402343750000001])
array('d', [-26.467382812500002, -0.8402343750000001, 18.998632812500002, -0.8402343750000001])
array('d', [-26.467382812500002, -0.8402343750000001, 18.998632812500002, -0.8402343750000001])
array('d', [-26.467382812500002, -0.8402343750000001, 19.7455078125, -0.0])
array('d', [-26.607421875, -0.2333984375, 19.7455078125, -0.0])
array('d', [-27.727734375, 0.466796875, 19.7921875, -0.046679687500000004])
array('d', [-27.727734375, 0.466796875, 19.7921875, -0.046679687500000004])
array('d', [-27.0275390625, -0.2333984375, 19.2787109375, 0.37343750000000003])
array('d', [-27.0275390625, -0.1400390625, 19.932226562500002, -0.42011718750000004])
array('d', [-27.0275390625, 0.18671875000000002, 19.932226562500002, -0.0])
array('d', [-27.0275390625, 0.18671875000000002, 19.932226562500002, -0.0])
array('d', [-27.0275390625, 0.18671875000000002, 19.932226562500002, -0.0])
array('d', [-27.0275390625, 0.18671875000000002, 19.932226562500002, -0.0])
array('d', [-27.587695312500003, -1.2603515625000001, 18.998632812500002, -0.1400390625])
array('d', [-27.587695312500003, -1.2603515625000001, 19.1853515625, 0.37343750000000003])
array('d', [-26.467382812500002, 0.046679687500000004, 19.1853515625, 0.37343750000000003])
array('d', [-26.467382812500002, 0.046679687500000004, 19.1853515625, 0.09335937500000001])
array('d', [-26.187304687500003, -0.2333984375, 19.698828125000002, 0.09335937500000001])
array('d', [-26.934179687500002, 0.56015625, 19.932226562500002, 0.09335937500000001])
array('d', [-25.953906250000003, -0.1400390625, 19.7455078125, 0.42011718750000004])
array('d', [-25.953906250000003, -0.56015625, 19.2787109375, -0.0])
array('d', [-27.44765625, -0.56015625, 19.2787109375, -0.0])
array('d', [-26.934179687500002, -0.7001953125, 18.998632812500002, -0.046679687500000004])
array('d', [-26.607421875, 1.213671875, 19.2787109375, 0.09335937500000001])
array('d', [-26.607421875, 1.213671875, 19.2787109375, 0.09335937500000001])
array('d', [-26.607421875, 1.213671875, 19.2787109375, 0.09335937500000001])
array('d', [-26.934179687500002, -1.5404296875, 19.2787109375, -0.1400390625])
array('d', [-26.934179687500002, -1.5404296875, 19.2787109375, -0.1400390625])
array('d', [-27.3076171875, 1.587109375, 19.60546875, -0.1400390625])
array('d', [-26.607421875, 0.466796875, 19.932226562500002, -0.280078125])
array('d', [-27.867773437500002, -0.7001953125, 19.465429687500002, -0.280078125])
array('d', [-27.867773437500002, -0.7001953125, 19.465429687500002, 0.42011718750000004])
array('d', [-26.934179687500002, 0.466796875, 19.3720703125, 0.42011718750000004])
array('d', [-27.3076171875, 0.046679687500000004, 19.698828125000002, 0.1400390625])
array('d', [-26.047265625, -0.1400390625, 19.3720703125, -0.0])
array('d', [-26.047265625, -0.1400390625, 19.3720703125, -0.56015625])
array('d', [-26.607421875, 0.8869140625, 19.3720703125, -0.56015625])
array('d', [-26.607421875, 0.8869140625, 19.3720703125, -0.56015625])
array('d', [-27.44765625, 0.466796875, 20.258984375, 0.280078125])
array('d', [-27.44765625, 0.466796875, 20.258984375, -0.0])
array('d', [-26.187304687500003, -0.2333984375, 19.2787109375, -0.0])
array('d', [-27.0275390625, -0.2333984375, 19.2787109375, -0.0])
array('d', [-27.0275390625, -0.2333984375, 19.2787109375, -0.0])
array('d', [-27.0275390625, 0.8869140625, 19.2787109375, 0.09335937500000001])
array('d', [-27.167578125000002, -0.8402343750000001, 18.7185546875, -0.0])
array('d', [-27.587695312500003, -0.56015625, 20.258984375, -0.1400390625])
array('d', [-27.587695312500003, 0.18671875000000002, 19.60546875, -0.0])
array('d', [-26.7474609375, 0.18671875000000002, 19.60546875, -0.0])
array('d', [-27.2142578125, 0.7935546875, 19.698828125000002, 0.42011718750000004])
array('d', [-27.44765625, -0.2333984375, 19.2787109375, 0.8402343750000001])
array('d', [-27.44765625, -0.2333984375, 19.2787109375, 0.8402343750000001])
array('d', [-28.0078125, 0.8869140625, 19.2787109375, -0.1400390625])
array('d', [-27.0275390625, -0.56015625, 19.60546875, -0.0])
array('d', [-27.0275390625, -0.56015625, 19.2787109375, -0.0])
array('d', [-25.673828125, -0.1400390625, 19.2787109375, -0.0])
array('d', [-26.3740234375, 0.466796875, 19.932226562500002, -0.56015625])
array('d', [-26.3740234375, 0.466796875, 19.465429687500002, 0.2333984375])
array('d', [-26.3740234375, -0.56015625, 19.465429687500002, 0.2333984375])
array('d', [-27.0275390625, 0.18671875000000002, 19.932226562500002, 0.56015625])
array('d', [-27.2142578125, -0.1400390625, 19.2787109375, 0.09335937500000001])
array('d', [-27.2142578125, -0.1400390625, 19.2787109375, -0.56015625])
array('d', [-27.587695312500003, -0.56015625, 19.2787109375, -0.56015625])
array('d', [-26.047265625, 0.466796875, 20.0255859375, -0.09335937500000001])
array('d', [-26.047265625, 0.466796875, 19.932226562500002, -0.42011718750000004])
array('d', [-26.7474609375, -0.2333984375, 19.932226562500002, -0.42011718750000004])
array('d', [-26.7474609375, 1.30703125, 20.0255859375, -0.09335937500000001])
array('d', [-27.3076171875, 1.213671875, 19.1853515625, -0.1400390625])
array('d', [-27.3076171875, 1.213671875, 19.1853515625, -0.0])
array('d', [-26.467382812500002, 0.046679687500000004, 19.2787109375, -0.0])
array('d', [-26.467382812500002, 0.046679687500000004, 19.2787109375, -0.0])
array('d', [-26.3740234375, -0.7001953125, 19.60546875, -0.1400390625])
array('d', [-26.8408203125, -0.2333984375, 19.2787109375, -0.3267578125])
array('d', [-26.8408203125, -1.400390625, 19.8388671875, -0.280078125])
array('d', [-26.187304687500003, -1.400390625, 19.8388671875, -0.280078125])
array('d', [-26.187304687500003, -1.400390625, 19.8388671875, -0.280078125])
array('d', [-27.0275390625, -1.0736328125, 20.2123046875, 0.1400390625])
array('d', [-27.0275390625, 0.046679687500000004, 19.2787109375, -0.56015625])
array('d', [-26.3740234375, 0.046679687500000004, 19.2787109375, -0.56015625])
array('d', [-27.44765625, 0.046679687500000004, 19.2787109375, -0.56015625])
array('d', [-27.44765625, 0.18671875000000002, 19.698828125000002, -0.0])
array('d', [-26.7474609375, -0.56015625, 19.60546875, -0.37343750000000003])
array('d', [-27.867773437500002, 0.8869140625, 19.698828125000002, -0.046679687500000004])
array('d', [-27.867773437500002, 0.8869140625, 19.698828125000002, -0.046679687500000004])
array('d', [-27.867773437500002, 0.8869140625, 19.698828125000002, -0.046679687500000004])
array('d', [-27.867773437500002, 0.8869140625, 19.698828125000002, -0.046679687500000004])
array('d', [-27.867773437500002, 0.8869140625, 19.698828125000002, -0.046679687500000004])
array('d', [-27.0275390625, 0.280078125, 19.512109375, -0.1400390625])
array('d', [-26.187304687500003, 1.587109375, 19.932226562500002, -0.0])
array('d', [-26.187304687500003, -0.9802734375000001, 18.9052734375, 0.09335937500000001])
array('d', [-26.187304687500003, -0.9802734375000001, 18.9052734375, 0.09335937500000001])
array('d', [-26.607421875, -0.2333984375, 19.465429687500002, -0.0])
array('d', [-27.587695312500003, 0.466796875, 19.2787109375, -0.466796875])
array('d', [-27.587695312500003, 0.466796875, 19.2787109375, 0.1400390625])
array('d', [-25.673828125, 0.046679687500000004, 19.1853515625, 0.1400390625])
array('d', [-26.7474609375, -0.56015625, 19.2787109375, -0.280078125])
array('d', [-27.44765625, 0.466796875, 18.998632812500002, 0.1400390625])
array('d', [-27.44765625, 0.466796875, 18.998632812500002, 0.1400390625])
array('d', [-27.44765625, 0.466796875, 18.998632812500002, 0.1400390625])
array('d', [-27.44765625, 0.466796875, 18.998632812500002, 0.1400390625])
array('d', [-27.44765625, 0.466796875, 18.998632812500002, 0.1400390625])
array('d', [-26.607421875, 0.37343750000000003, 19.932226562500002, -0.1400390625])
array('d', [-25.673828125, -1.2603515625000001, 20.258984375, -0.280078125])
array('d', [-25.673828125, -1.2603515625000001, 20.258984375, -0.09335937500000001])
array('d', [-25.673828125, 0.466796875, 20.0255859375, -0.09335937500000001])
array('d', [-27.0275390625, -0.9802734375000001, 20.585742187500003, -0.09335937500000001])
array('d', [-27.0275390625, -0.9802734375000001, 19.2787109375, -0.2333984375])
array('d', [-27.167578125000002, -0.2333984375, 19.2787109375, -0.2333984375])
array('d', [-27.167578125000002, -0.2333984375, 19.2787109375, -0.2333984375])
array('d', [-27.44765625, -1.400390625, 19.2787109375, -0.09335937500000001])
array('d', [-27.867773437500002, -0.2333984375, 19.932226562500002, -0.09335937500000001])
array('d', [-26.607421875, -0.56015625, 20.0255859375, 0.280078125])
array('d', [-26.607421875, -0.56015625, 20.0255859375, 0.653515625])
array('d', [-26.047265625, -0.466796875, 19.60546875, 0.653515625])
array('d', [-26.607421875, 1.587109375, 19.932226562500002, -0.42011718750000004])
array('d', [-26.607421875, 0.8869140625, 19.2787109375, 0.1400390625])
array('d', [-27.0275390625, 0.8869140625, 19.2787109375, -0.0])
array('d', [-25.767187500000002, -0.1400390625, 19.0453125, -0.0])
array('d', [-27.0275390625, -0.7001953125, 19.2787109375, -0.280078125])
array('d', [-27.0275390625, 0.7935546875, 19.0453125, -0.0])
array('d', [-27.0275390625, 0.7935546875, 19.0453125, -0.2333984375])
array('d', [-26.187304687500003, 0.8869140625, 19.698828125000002, -0.2333984375])
array('d', [-26.8408203125, 0.18671875000000002, 19.2787109375, 0.280078125])
array('d', [-26.934179687500002, -0.56015625, 19.0453125, 0.280078125])
array('d', [-26.934179687500002, -0.56015625, 20.3056640625, 0.046679687500000004])
array('d', [-27.0275390625, -0.56015625, 20.3056640625, 0.046679687500000004])
array('d', [-25.953906250000003, 1.30703125, 19.2787109375, -0.0])
array('d', [-27.587695312500003, -0.2333984375, 19.60546875, -0.3267578125])
array('d', [-27.587695312500003, 0.18671875000000002, 19.60546875, 0.280078125])
array('d', [-27.44765625, 0.18671875000000002, 19.60546875, 0.280078125])
array('d', [-27.0275390625, 0.466796875, 19.698828125000002, 0.653515625])
array('d', [-27.3076171875, 1.587109375, 19.7921875, -0.046679687500000004])
array('d', [-27.0275390625, -0.56015625, 19.1853515625, -0.046679687500000004])
array('d', [-26.934179687500002, -0.2333984375, 19.60546875, -0.0])
array('d', [-26.934179687500002, -0.2333984375, 19.60546875, -0.0])
array('d', [-27.0275390625, 1.213671875, 19.60546875, -0.0])
array('d', [-26.7474609375, -1.0736328125, 19.60546875, -0.0])
array('d', [-26.7474609375, -1.0736328125, 19.60546875, -0.0])
array('d', [-26.7474609375, -1.0736328125, 19.60546875, -0.0])
array('d', [-26.7474609375, -1.0736328125, 19.60546875, -0.280078125])
array('d', [-26.5140625, 0.37343750000000003, 19.7921875, -0.3267578125])
array('d', [-26.7474609375, 0.046679687500000004, 19.60546875, -0.42011718750000004])
array('d', [-26.7474609375, 0.046679687500000004, 19.60546875, -0.42011718750000004])
array('d', [-26.7474609375, 0.046679687500000004, 19.60546875, -0.42011718750000004])
array('d', [-26.794140625, 0.8869140625, 19.0453125, -0.42011718750000004])
array('d', [-27.3076171875, 0.466796875, 19.60546875, -0.1400390625])
array('d', [-27.3076171875, 0.466796875, 19.60546875, -0.280078125])
array('d', [-26.794140625, 0.18671875000000002, 19.60546875, -0.280078125])
array('d', [-26.3740234375, 0.18671875000000002, 18.998632812500002, 0.09335937500000001])
array('d', [-27.44765625, -0.9802734375000001, 19.60546875, -0.42011718750000004])
array('d', [-27.867773437500002, -1.4937500000000001, 19.2787109375, -0.42011718750000004])
array('d', [-27.867773437500002, -1.4937500000000001, 19.2787109375, 0.280078125])
array('d', [-26.187304687500003, 0.18671875000000002, 19.2787109375, -0.3267578125])
array('d', [-26.934179687500002, 0.046679687500000004, 19.698828125000002, -0.1400390625])
array('d', [-26.934179687500002, 0.046679687500000004, 19.698828125000002, -0.1400390625])
array('d', [-26.934179687500002, 0.046679687500000004, 19.698828125000002, -0.1400390625])
array('d', [-26.934179687500002, 0.046679687500000004, 19.698828125000002, -0.1400390625])
array('d', [-26.934179687500002, 0.046679687500000004, 19.698828125000002, -0.1400390625])
array('d', [-26.3740234375, 0.8869140625, 19.1853515625, -0.0])
array('d', [-26.607421875, -0.1400390625, 19.2787109375, 0.1400390625])
array('d', [-26.607421875, -0.1400390625, 18.578515625, -0.046679687500000004])
array('d', [-26.607421875, -0.1400390625, 18.578515625, -0.046679687500000004])
array('d', [-26.934179687500002, -0.9802734375000001, 19.0919921875, 0.280078125])
array('d', [-26.934179687500002, -0.9802734375000001, 19.0919921875, -0.1400390625])
array('d', [-25.860546875, -1.5404296875, 19.60546875, -0.1400390625])
array('d', [-25.860546875, -1.5404296875, 19.60546875, -0.1400390625])
array('d', [-25.860546875, -1.5404296875, 19.60546875, -0.1400390625])
array('d', [-25.860546875, -1.5404296875, 19.60546875, -0.1400390625])
array('d', [-26.187304687500003, -0.2333984375, 19.932226562500002, 0.280078125])
array('d', [-26.794140625, 0.56015625, 19.2787109375, 0.280078125])
array('d', [-26.3740234375, -0.046679687500000004, 19.698828125000002, -0.1400390625])
array('d', [-26.3740234375, -0.046679687500000004, 19.698828125000002, -0.1400390625])
array('d', [-26.934179687500002, -0.2333984375, 19.60546875, -0.0])
array('d', [-26.794140625, -0.37343750000000003, 19.60546875, 0.1400390625])
array('d', [-26.607421875, 0.8869140625, 19.932226562500002, -0.0])
array('d', [-26.607421875, 0.8869140625, 19.932226562500002, -0.0])
array('d', [-26.607421875, 0.8869140625, 19.932226562500002, -0.0])
array('d', [-26.607421875, 0.046679687500000004, 19.3720703125, -0.1400390625])
array('d', [-26.5140625, 0.046679687500000004, 19.0453125, -0.7001953125])
array('d', [-26.607421875, 0.18671875000000002, 19.0453125, -0.7001953125])
array('d', [-27.0275390625, -0.7001953125, 20.445703125, 0.09335937500000001])
array('d', [-26.5140625, 0.046679687500000004, 19.2787109375, -0.56015625])
array('d', [-26.934179687500002, -1.0736328125, 19.932226562500002, -0.0])
array('d', [-26.934179687500002, -1.0736328125, 19.932226562500002, -0.0])
array('d', [-26.934179687500002, -1.0736328125, 19.932226562500002, -0.0])
array('d', [-26.047265625, -0.2333984375, 18.85859375, -0.42011718750000004])
array('d', [-26.934179687500002, -0.9802734375000001, 19.932226562500002, 0.3267578125])
array('d', [-26.934179687500002, -0.9802734375000001, 19.512109375, -0.1400390625])
array('d', [-26.934179687500002, -0.9802734375000001, 19.512109375, -0.1400390625])
array('d', [-26.934179687500002, -0.9802734375000001, 19.512109375, -0.1400390625])
array('d', [-26.934179687500002, -0.9802734375000001, 19.512109375, -0.1400390625])
array('d', [-26.934179687500002, -0.9802734375000001, 19.512109375, -0.1400390625])
array('d', [-27.587695312500003, 0.18671875000000002, 19.932226562500002, -0.37343750000000003])
array('d', [-27.587695312500003, 0.18671875000000002, 19.932226562500002, 0.37343750000000003])
array('d', [-26.934179687500002, -0.7001953125, 19.3720703125, 0.37343750000000003])
array('d', [-26.934179687500002, -0.7001953125, 19.3720703125, 0.37343750000000003])
array('d', [-26.934179687500002, -0.7001953125, 19.3720703125, 0.37343750000000003])
array('d', [-27.44765625, -0.7001953125, 19.2787109375, 0.1400390625])
array('d', [-26.5140625, 0.56015625, 19.698828125000002, -0.0])
array('d', [-27.727734375, 0.7001953125, 19.60546875, -0.3267578125])
array('d', [-27.727734375, 0.7001953125, 19.60546875, -0.3267578125])
array('d', [-27.727734375, 0.7001953125, 19.60546875, -0.3267578125])
array('d', [-27.727734375, 0.18671875000000002, 19.932226562500002, -0.1400390625])
array('d', [-26.654101562500003, 0.18671875000000002, 19.932226562500002, -0.1400390625])
array('d', [-26.934179687500002, -0.9802734375000001, 19.7921875, -0.046679687500000004])
array('d', [-26.934179687500002, -0.9802734375000001, 19.60546875, -0.1400390625])
array('d', [-27.727734375, 0.046679687500000004, 19.3720703125, 0.42011718750000004])
array('d', [-27.727734375, 0.046679687500000004, 20.2123046875, -0.1400390625])
array('d', [-27.0275390625, -0.2333984375, 20.2123046875, -0.1400390625])
array('d', [-27.0275390625, -0.2333984375, 20.2123046875, -0.1400390625])
array('d', [-26.3740234375, -0.2333984375, 19.60546875, -0.3267578125])
array('d', [-26.934179687500002, -0.7001953125, 19.932226562500002, -0.1400390625])
array('d', [-26.607421875, 0.18671875000000002, 19.60546875, 0.1400390625])
array('d', [-26.607421875, 0.18671875000000002, 19.60546875, -0.1400390625])
array('d', [-27.0275390625, -0.1400390625, 19.2787109375, -0.1400390625])
array('d', [-26.794140625, -1.0736328125, 20.1189453125, -0.09335937500000001])
array('d', [-27.634375000000002, 0.37343750000000003, 19.932226562500002, -0.3267578125])
array('d', [-27.634375000000002, 0.37343750000000003, 19.932226562500002, -0.3267578125])
array('d', [-26.3740234375, -0.1400390625, 20.0255859375, -0.0])
array('d', [-26.2806640625, -0.56015625, 20.5390625, 0.42011718750000004])
array('d', [-26.5140625, 0.18671875000000002, 20.1189453125, -0.56015625])
array('d', [-26.5140625, 0.18671875000000002, 20.1189453125, -0.046679687500000004])
array('d', [-27.0275390625, -0.56015625, 19.465429687500002, -0.046679687500000004])
array('d', [-26.047265625, -0.9802734375000001, 19.60546875, -0.3267578125])
array('d', [-26.047265625, -0.9802734375000001, 19.60546875, -0.3267578125])
array('d', [-26.047265625, -0.1400390625, 19.932226562500002, -0.3267578125])
array('d', [-26.5140625, -1.0736328125, 19.932226562500002, -0.0])
array('d', [-26.5140625, -1.0736328125, 19.2787109375, -0.18671875000000002])
array('d', [-26.5140625, -1.0736328125, 19.2787109375, -0.18671875000000002])
array('d', [-26.5140625, -1.0736328125, 19.2787109375, -0.18671875000000002])
array('d', [-26.5140625, -1.0736328125, 19.2787109375, -0.18671875000000002])
array('d', [-26.047265625, -0.37343750000000003, 19.2787109375, -0.18671875000000002])
array('d', [-26.607421875, -0.56015625, 19.60546875, 0.09335937500000001])
array('d', [-26.2806640625, 0.56015625, 19.512109375, 0.1400390625])
array('d', [-26.2806640625, 0.56015625, 19.512109375, 0.1400390625])
array('d', [-26.794140625, 0.18671875000000002, 19.60546875, 0.1400390625])
array('d', [-27.44765625, -0.2333984375, 19.932226562500002, -0.3267578125])
array('d', [-26.934179687500002, -0.56015625, 19.465429687500002, -0.0])
array('d', [-26.934179687500002, -0.56015625, 19.465429687500002, -0.0])
array('d', [-26.934179687500002, -0.56015625, 19.465429687500002, -0.0])
array('d', [-26.934179687500002, -0.56015625, 19.465429687500002, -0.0])
array('d', [-26.934179687500002, -0.56015625, 19.465429687500002, -0.0])
array('d', [-26.2806640625, -0.2333984375, 19.60546875, -0.1400390625])
array('d', [-26.2806640625, -0.2333984375, 19.698828125000002, 0.280078125])
array('d', [-26.3740234375, 0.466796875, 19.698828125000002, 0.046679687500000004])
array('d', [-26.3740234375, 0.466796875, 19.698828125000002, 0.046679687500000004])
array('d', [-26.3740234375, 0.466796875, 19.698828125000002, 0.046679687500000004])
array('d', [-26.3740234375, 0.466796875, 19.698828125000002, 0.046679687500000004])
array('d', [-26.934179687500002, 0.466796875, 19.932226562500002, -0.280078125])
array('d', [-26.607421875, 0.56015625, 19.7921875, -0.280078125])
array('d', [-26.187304687500003, -0.56015625, 19.60546875, 0.280078125])
array('d', [-26.187304687500003, -0.56015625, 19.2787109375, -0.280078125])
array('d', [-27.9611328125, 0.046679687500000004, 19.2787109375, -0.280078125])
array('d', [-27.44765625, 0.37343750000000003, 19.8388671875, 0.1400390625])
array('d', [-27.2142578125, -0.56015625, 19.932226562500002, 0.280078125])
array('d', [-27.2142578125, -0.56015625, 19.932226562500002, 0.280078125])
array('d', [-27.2142578125, -0.56015625, 19.932226562500002, 0.280078125])
array('d', [-27.2142578125, -0.56015625, 19.932226562500002, 0.280078125])
array('d', [-27.2142578125, 0.466796875, 19.60546875, -0.280078125])
array('d', [-26.047265625, 0.466796875, 19.60546875, -0.280078125])
array('d', [-27.3076171875, -0.2333984375, 19.512109375, -0.8402343750000001])
array('d', [-27.3076171875, -0.2333984375, 19.512109375, -0.8402343750000001])
array('d', [-27.3076171875, -0.2333984375, 19.512109375, -0.8402343750000001])
array('d', [-27.3076171875, -0.2333984375, 19.512109375, -0.8402343750000001])
array('d', [-27.120898437500003, 0.18671875000000002, 19.932226562500002, -0.0])
array('d', [-27.0275390625, -0.8402343750000001, 19.932226562500002, -0.280078125])
array('d', [-27.867773437500002, 0.466796875, 19.698828125000002, 0.37343750000000003])
array('d', [-27.867773437500002, 0.466796875, 19.698828125000002, 0.37343750000000003])
array('d', [-26.934179687500002, 0.18671875000000002, 19.932226562500002, 0.1400390625])
array('d', [-26.934179687500002, -0.9802734375000001, 19.932226562500002, -0.7935546875])
array('d', [-26.5140625, -0.9802734375000001, 19.932226562500002, -0.7935546875])
array('d', [-26.2806640625, 0.466796875, 19.512109375, 0.7001953125])
array('d', [-27.867773437500002, -0.7001953125, 19.2787109375, 0.1400390625])
array('d', [-27.867773437500002, -0.7001953125, 20.0255859375, 0.046679687500000004])
array('d', [-27.3076171875, -0.7001953125, 20.0255859375, 0.046679687500000004])
array('d', [-26.3740234375, -0.2333984375, 19.60546875, -0.1400390625])
array('d', [-26.3740234375, -0.2333984375, 19.60546875, -0.0])
array('d', [-26.047265625, 0.7935546875, 19.932226562500002, -0.0])
array('d', [-27.44765625, 0.8869140625, 19.7921875, -0.1400390625])
array('d', [-27.44765625, 0.18671875000000002, 19.60546875, 0.37343750000000003])
array('d', [-26.3740234375, 0.18671875000000002, 19.60546875, 0.37343750000000003])
array('d', [-26.5140625, 0.466796875, 19.512109375, 0.280078125])
array('d', [-26.5140625, -0.1400390625, 18.998632812500002, -0.280078125])
array('d', [-26.5140625, -0.1400390625, 19.8388671875, 0.280078125])
array('d', [-26.934179687500002, -1.2603515625000001, 19.8388671875, 0.280078125])
array('d', [-26.934179687500002, 0.8869140625, 18.998632812500002, -0.42011718750000004])
array('d', [-26.934179687500002, -0.7001953125, 19.932226562500002, 0.6068359375])
array('d', [-26.934179687500002, -0.7001953125, 19.932226562500002, 0.6068359375])
array('d', [-26.934179687500002, -0.2333984375, 19.60546875, 0.09335937500000001])
array('d', [-26.5140625, 0.8869140625, 19.60546875, 0.1400390625])
array('d', [-26.5140625, 0.8869140625, 19.60546875, 0.1400390625])
array('d', [-26.3740234375, -0.37343750000000003, 19.3720703125, -0.0])
array('d', [-26.3740234375, -0.37343750000000003, 19.932226562500002, 0.42011718750000004])
array('d', [-26.5140625, 0.466796875, 19.932226562500002, 0.42011718750000004])
array('d', [-26.5140625, 0.466796875, 19.60546875, 0.09335937500000001])
array('d', [-26.047265625, -0.1400390625, 19.60546875, -0.56015625])
array('d', [-26.3740234375, 0.046679687500000004, 19.60546875, -0.56015625])
array('d', [-26.934179687500002, -0.8402343750000001, 19.2787109375, -0.046679687500000004])
array('d', [-27.3076171875, 0.8869140625, 19.932226562500002, -0.1400390625])
array('d', [-27.3076171875, 0.8869140625, 19.932226562500002, -0.046679687500000004])
array('d', [-26.934179687500002, -0.1400390625, 18.9052734375, -0.046679687500000004])
array('d', [-26.047265625, -0.56015625, 19.8388671875, 0.2333984375])
array('d', [-26.5140625, -0.56015625, 19.932226562500002, 0.280078125])
array('d', [-26.5140625, -0.56015625, 19.932226562500002, -0.046679687500000004])
array('d', [-27.44765625, -0.56015625, 19.2787109375, -0.046679687500000004])
array('d', [-27.3076171875, -0.9802734375000001, 19.8388671875, -0.42011718750000004])
array('d', [-26.5140625, -0.1400390625, 19.60546875, -0.09335937500000001])
array('d', [-26.5140625, -0.1400390625, 19.60546875, 0.09335937500000001])
array('d', [-26.934179687500002, -0.56015625, 19.932226562500002, 0.09335937500000001])
array('d', [-26.934179687500002, -0.56015625, 19.932226562500002, 0.09335937500000001])
array('d', [-27.44765625, -0.2333984375, 20.0255859375, -0.3267578125])
array('d', [-26.3740234375, 0.046679687500000004, 20.0255859375, -0.046679687500000004])
array('d', [-26.3740234375, 0.046679687500000004, 20.0255859375, 0.280078125])
array('d', [-26.3740234375, 0.046679687500000004, 20.0255859375, 0.280078125])
array('d', [-26.3740234375, 0.046679687500000004, 20.0255859375, 0.280078125])
array('d', [-26.3740234375, 0.046679687500000004, 20.0255859375, 0.280078125])
array('d', [-26.3740234375, 0.046679687500000004, 20.0255859375, 0.280078125])
array('d', [-26.794140625, -0.9802734375000001, 19.932226562500002, -0.280078125])
array('d', [-26.794140625, -0.9802734375000001, 19.60546875, -0.0])
array('d', [-25.953906250000003, -1.7271484375000001, 19.60546875, -0.0])
array('d', [-25.953906250000003, -1.7271484375000001, 19.60546875, -0.0])
array('d', [-25.953906250000003, -1.7271484375000001, 19.60546875, -0.0])
array('d', [-25.953906250000003, -1.7271484375000001, 19.60546875, -0.0])
array('d', [-27.44765625, -0.56015625, 19.2787109375, 0.09335937500000001])
array('d', [-27.2142578125, -0.2333984375, 19.698828125000002, -0.56015625])
array('d', [-26.3740234375, 0.466796875, 18.765234375000002, 0.09335937500000001])
array('d', [-26.3740234375, 0.466796875, 20.1189453125, 0.280078125])
array('d', [-27.0275390625, 0.18671875000000002, 20.1189453125, 0.280078125])
array('d', [-26.3740234375, 0.18671875000000002, 19.932226562500002, -0.1400390625])
array('d', [-27.44765625, -0.9802734375000001, 19.2787109375, 0.09335937500000001])
array('d', [-27.44765625, 0.466796875, 19.932226562500002, 0.6068359375])
array('d', [-26.2806640625, 0.466796875, 19.932226562500002, 0.6068359375])
array('d', [-27.9611328125, -0.046679687500000004, 19.60546875, -0.42011718750000004])
array('d', [-26.5140625, 0.466796875, 20.0255859375, 0.1400390625])
array('d', [-26.5140625, 0.466796875, 20.0255859375, 0.09335937500000001])
array('d', [-26.794140625, 0.18671875000000002, 19.1853515625, 0.09335937500000001])
array('d', [-27.44765625, -0.1400390625, 20.0255859375, 0.09335937500000001])
array('d', [-27.44765625, -0.1400390625, 20.0255859375, 0.09335937500000001])
array('d', [-27.44765625, -0.1400390625, 20.0255859375, 0.09335937500000001])
array('d', [-27.44765625, -1.2603515625000001, 19.2787109375, 1.0736328125])
array('d', [-27.44765625, 0.7935546875, 19.60546875, -0.1400390625])
array('d', [-27.44765625, 0.7935546875, 19.60546875, -0.1400390625])
array('d', [-26.3740234375, -0.2333984375, 19.60546875, 0.2333984375])
array('d', [-27.727734375, 0.37343750000000003, 19.60546875, -0.3267578125])
array('d', [-27.727734375, 0.37343750000000003, 18.7185546875, 0.280078125])
array('d', [-26.3740234375, 0.046679687500000004, 18.7185546875, 0.280078125])
array('d', [-26.934179687500002, 0.046679687500000004, 19.2787109375, 0.1400390625])
array('d', [-26.3740234375, 0.046679687500000004, 19.698828125000002, -0.7001953125])
array('d', [-26.3740234375, 0.046679687500000004, 19.698828125000002, 0.7935546875])
array('d', [-26.3740234375, -0.9802734375000001, 20.2123046875, 0.7935546875])
array('d', [-26.654101562500003, -0.2333984375, 19.512109375, 0.046679687500000004])
array('d', [-26.654101562500003, -0.2333984375, 19.0919921875, -0.280078125])
array('d', [-27.3076171875, -0.2333984375, 19.0919921875, -0.280078125])
array('d', [-27.3076171875, -0.2333984375, 19.0919921875, -0.280078125])
array('d', [-26.934179687500002, 0.466796875, 19.932226562500002, 0.09335937500000001])
array('d', [-26.934179687500002, 0.18671875000000002, 20.0255859375, 0.280078125])
array('d', [-27.3076171875, 0.7935546875, 19.932226562500002, 0.046679687500000004])
array('d', [-27.3076171875, 0.7935546875, 19.932226562500002, 0.046679687500000004])
array('d', [-27.3076171875, 0.7935546875, 19.932226562500002, 0.046679687500000004])
array('d', [-27.3076171875, 0.56015625, 19.2787109375, 0.09335937500000001])
array('d', [-26.5140625, -0.2333984375, 19.698828125000002, -0.37343750000000003])
array('d', [-26.5140625, 0.466796875, 19.60546875, 0.2333984375])
array('d', [-26.5140625, 0.466796875, 19.60546875, 0.2333984375])
array('d', [-26.5140625, 0.466796875, 19.60546875, 0.2333984375])
array('d', [-26.5140625, 0.466796875, 19.60546875, 0.2333984375])
array('d', [-26.934179687500002, -0.37343750000000003, 19.932226562500002, -0.1400390625])
array('d', [-26.934179687500002, -0.37343750000000003, 19.932226562500002, -0.1400390625])
array('d', [-26.5140625, 0.18671875000000002, 19.60546875, -0.0])
array('d', [-26.934179687500002, 0.046679687500000004, 19.60546875, 0.280078125])
array('d', [-26.934179687500002, 0.046679687500000004, 19.698828125000002, -0.37343750000000003])
array('d', [-27.2142578125, 1.213671875, 19.698828125000002, -0.37343750000000003])
array('d', [-26.047265625, -0.56015625, 19.512109375, -0.42011718750000004])
array('d', [-26.047265625, -0.56015625, 19.512109375, -0.42011718750000004])
array('d', [-26.047265625, -0.56015625, 19.512109375, -0.42011718750000004])
array('d', [-26.047265625, -0.56015625, 19.512109375, -0.42011718750000004])
array('d', [-27.44765625, -0.7001953125, 19.60546875, 0.046679687500000004])
array('d', [-26.5140625, 0.18671875000000002, 19.60546875, -0.42011718750000004])
array('d', [-26.5140625, 0.18671875000000002, 19.60546875, -0.280078125])
array('d', [-27.0275390625, -0.046679687500000004, 19.0919921875, -0.280078125])
array('d', [-27.0275390625, -0.7001953125, 19.2787109375, 0.09335937500000001])
array('d', [-26.794140625, -0.7001953125, 19.2787109375, -0.3267578125])
array('d', [-26.794140625, -0.7001953125, 19.2787109375, 0.280078125])
array('d', [-26.794140625, -0.7001953125, 19.2787109375, 0.280078125])
array('d', [-27.3076171875, 0.7935546875, 19.932226562500002, 0.280078125])
array('d', [-27.867773437500002, 0.37343750000000003, 18.2517578125, -0.1400390625])
array('d', [-27.867773437500002, 0.046679687500000004, 19.932226562500002, -0.56015625])
array('d', [-27.867773437500002, 0.046679687500000004, 19.932226562500002, -0.56015625])
array('d', [-27.867773437500002, 0.046679687500000004, 19.932226562500002, -0.56015625])
array('d', [-27.867773437500002, 0.046679687500000004, 19.932226562500002, -0.56015625])
array('d', [-27.867773437500002, 0.046679687500000004, 19.932226562500002, -0.56015625])
array('d', [-27.867773437500002, 0.046679687500000004, 19.932226562500002, -0.56015625])
array('d', [-28.1478515625, -0.1400390625, 19.932226562500002, 0.280078125])
array('d', [-25.953906250000003, -0.1400390625, 19.932226562500002, 0.280078125])
array('d', [-26.794140625, 0.046679687500000004, 19.932226562500002, -0.0])
array('d', [-26.3740234375, -0.2333984375, 19.932226562500002, -0.0])
array('d', [-26.3740234375, -0.2333984375, 19.1853515625, 0.466796875])
array('d', [-25.720507812500003, -0.9802734375000001, 19.60546875, 0.09335937500000001])
array('d', [-26.794140625, -0.2333984375, 19.3720703125, -0.09335937500000001])
array('d', [-26.794140625, -0.2333984375, 19.3720703125, -0.09335937500000001])
array('d', [-27.0275390625, -0.1400390625, 18.6251953125, -0.1400390625])
array('d', [-26.934179687500002, -1.2603515625000001, 19.698828125000002, -0.0])
array('d', [-26.934179687500002, -1.2603515625000001, 19.698828125000002, -0.09335937500000001])
array('d', [-26.934179687500002, 0.466796875, 19.698828125000002, -0.09335937500000001])
array('d', [-26.934179687500002, 0.466796875, 19.698828125000002, -0.09335937500000001])
array('d', [-26.934179687500002, 0.466796875, 19.698828125000002, -0.09335937500000001])
array('d', [-26.934179687500002, 0.466796875, 19.698828125000002, -0.09335937500000001])
array('d', [-27.3076171875, 0.7935546875, 19.2787109375, -0.1400390625])
array('d', [-26.5140625, 1.30703125, 19.60546875, -0.0])
array('d', [-27.867773437500002, 0.046679687500000004, 19.60546875, -0.0])
array('d', [-27.867773437500002, 0.046679687500000004, 19.60546875, -0.0])
array('d', [-27.867773437500002, 0.046679687500000004, 19.60546875, -0.0])
array('d', [-27.867773437500002, 0.046679687500000004, 19.932226562500002, -0.046679687500000004])
array('d', [-26.187304687500003, 0.8869140625, 18.765234375000002, -0.1400390625])
array('d', [-26.794140625, -0.56015625, 19.41875, -0.280078125])
array('d', [-26.794140625, -0.56015625, 19.41875, -0.1400390625])
array('d', [-26.794140625, 1.30703125, 19.60546875, -0.1400390625])
array('d', [-26.934179687500002, 0.466796875, 18.9052734375, 0.280078125])
array('d', [-26.934179687500002, 0.466796875, 19.2787109375, 0.280078125])
array('d', [-26.5140625, 0.18671875000000002, 19.2787109375, 0.280078125])
array('d', [-27.3076171875, 0.8869140625, 19.2787109375, -0.09335937500000001])
array('d', [-26.5140625, -0.2333984375, 19.8388671875, 0.37343750000000003])
array('d', [-26.5140625, -0.2333984375, 19.8388671875, 0.37343750000000003])
array('d', [-26.3740234375, 0.046679687500000004, 19.60546875, -0.1400390625])
array('d', [-26.5140625, 0.046679687500000004, 19.932226562500002, -0.466796875])
array('d', [-26.5140625, 0.046679687500000004, 19.932226562500002, 0.09335937500000001])
array('d', [-27.0275390625, 0.18671875000000002, 19.3720703125, 0.09335937500000001])
array('d', [-27.0275390625, -0.56015625, 20.0255859375, 0.37343750000000003])
array('d', [-27.0275390625, -0.56015625, 19.932226562500002, 0.1400390625])
array('d', [-26.934179687500002, -0.2333984375, 19.932226562500002, 0.1400390625])
array('d', [-26.047265625, 0.046679687500000004, 19.932226562500002, 0.1400390625])
array('d', [-26.047265625, 0.046679687500000004, 19.932226562500002, 0.1400390625])
array('d', [-27.0275390625, -0.56015625, 19.60546875, 0.3267578125])
array('d', [-27.0275390625, -0.56015625, 19.60546875, 0.3267578125])
array('d', [-25.673828125, 0.7935546875, 19.698828125000002, -0.42011718750000004])
array('d', [-25.673828125, -1.2603515625000001, 19.465429687500002, 0.09335937500000001])
array('d', [-27.0275390625, -1.2603515625000001, 19.465429687500002, 0.37343750000000003])
array('d', [-26.934179687500002, -0.56015625, 18.4384765625, 0.37343750000000003])
array('d', [-26.794140625, 0.046679687500000004, 19.60546875, 0.37343750000000003])
array('d', [-26.794140625, 0.046679687500000004, 19.60546875, -0.0])
array('d', [-26.607421875, 0.466796875, 19.932226562500002, -0.0])
array('d', [-27.3076171875, -0.1400390625, 19.932226562500002, -0.0])
array('d', [-27.3076171875, 1.213671875, 19.512109375, -0.56015625])
array('d', [-27.3076171875, 1.213671875, 19.512109375, -0.56015625])
array('d', [-27.3076171875, 1.213671875, 19.512109375, -0.56015625])
array('d', [-27.3076171875, 1.213671875, 19.512109375, -0.56015625])
array('d', [-26.420703125000003, -1.2603515625000001, 19.465429687500002, -0.09335937500000001])
array('d', [-27.3076171875, -1.2603515625000001, 19.465429687500002, -0.09335937500000001])
array('d', [-26.5140625, -0.9802734375000001, 19.1853515625, -0.0])
array('d', [-27.727734375, -0.9802734375000001, 19.1853515625, -0.0])
array('d', [-27.727734375, -0.9802734375000001, 19.1853515625, -0.0])
array('d', [-27.727734375, -0.8402343750000001, 18.998632812500002, -0.1400390625])
array('d', [-26.607421875, 0.18671875000000002, 19.698828125000002, 0.5134765625000001])
array('d', [-26.607421875, -0.2333984375, 19.2787109375, -0.0])
array('d', [-26.934179687500002, -0.2333984375, 19.2787109375, -0.0])
array('d', [-26.3740234375, 0.046679687500000004, 19.1853515625, -0.8402343750000001])
array('d', [-27.0275390625, 0.046679687500000004, 19.8388671875, 0.42011718750000004])
array('d', [-27.0275390625, 0.046679687500000004, 19.60546875, -0.3267578125])
array('d', [-27.0275390625, 0.046679687500000004, 19.60546875, -0.3267578125])
array('d', [-27.0275390625, 0.046679687500000004, 19.60546875, -0.3267578125])
array('d', [-27.0275390625, 0.046679687500000004, 19.60546875, -0.3267578125])
array('d', [-27.0275390625, 0.18671875000000002, 19.60546875, 0.280078125])
array('d', [-27.3076171875, 0.466796875, 19.60546875, 0.280078125])
array('d', [-26.3740234375, 0.280078125, 19.0453125, 0.1400390625])
array('d', [-26.3740234375, 0.280078125, 19.0453125, 0.1400390625])
array('d', [-26.32734375, 0.7935546875, 19.932226562500002, -0.37343750000000003])
array('d', [-26.32734375, 2.0072265625, 19.932226562500002, 0.09335937500000001])
array('d', [-26.5140625, -0.2333984375, 19.1853515625, -0.0])
array('d', [-27.44765625, -0.2333984375, 19.1853515625, -0.0])
array('d', [-26.047265625, 0.466796875, 20.1189453125, -0.42011718750000004])
array('d', [-27.9611328125, 0.18671875000000002, 19.2787109375, -0.280078125])
array('d', [-27.9611328125, 0.18671875000000002, 19.2787109375, -0.7001953125])
array('d', [-27.9611328125, 0.18671875000000002, 19.2787109375, -0.7001953125])
array('d', [-27.9611328125, 0.18671875000000002, 19.2787109375, -0.7001953125])
array('d', [-26.794140625, 0.046679687500000004, 19.3720703125, -0.7001953125])
array('d', [-26.3740234375, 0.18671875000000002, 19.2787109375, -0.1400390625])
array('d', [-26.794140625, 0.046679687500000004, 19.932226562500002, -0.37343750000000003])
array('d', [-26.794140625, 0.046679687500000004, 19.932226562500002, -0.37343750000000003])
array('d', [-26.794140625, 0.046679687500000004, 19.932226562500002, -0.37343750000000003])
array('d', [-26.794140625, 0.046679687500000004, 19.932226562500002, -0.37343750000000003])
array('d', [-26.5140625, 0.466796875, 19.60546875, 0.09335937500000001])
array('d', [-27.3076171875, 1.213671875, 19.7455078125, -0.09335937500000001])
array('d', [-26.934179687500002, -0.2333984375, 19.2787109375, -0.1400390625])
array('d', [-26.934179687500002, -0.2333984375, 19.2787109375, -0.1400390625])
array('d', [-26.5140625, 0.466796875, 20.0255859375, -0.1400390625])
array('d', [-27.9611328125, 0.466796875, 18.998632812500002, -0.0])
array('d', [-27.44765625, 0.8869140625, 18.998632812500002, -0.0])
array('d', [-27.44765625, 0.8869140625, 18.998632812500002, -0.0])
array('d', [-27.44765625, 0.8869140625, 18.998632812500002, -0.0])
array('d', [-27.44765625, 0.8869140625, 19.60546875, 0.37343750000000003])
array('d', [-26.5140625, 0.466796875, 20.258984375, -0.1400390625])
array('d', [-26.934179687500002, -0.1400390625, 19.2787109375, 0.1400390625])
array('d', [-26.934179687500002, -0.1400390625, 19.2787109375, 0.09335937500000001])
array('d', [-26.934179687500002, 0.046679687500000004, 19.60546875, 0.09335937500000001])
array('d', [-27.0275390625, 1.30703125, 19.8388671875, -0.42011718750000004])
array('d', [-25.953906250000003, 0.18671875000000002, 19.3720703125, -0.280078125])
array('d', [-25.953906250000003, 0.18671875000000002, 19.3720703125, -0.280078125])
array('d', [-25.953906250000003, 0.18671875000000002, 19.3720703125, -0.280078125])
array('d', [-26.607421875, 0.046679687500000004, 19.932226562500002, -0.1400390625])
array('d', [-26.607421875, 0.046679687500000004, 19.932226562500002, 0.09335937500000001])
array('d', [-26.934179687500002, 0.18671875000000002, 19.0453125, 0.09335937500000001])
array('d', [-26.5140625, -0.1400390625, 19.465429687500002, -0.0])
array('d', [-26.5140625, -0.7001953125, 19.0919921875, 0.1400390625])
array('d', [-25.860546875, -0.7001953125, 19.0919921875, -0.09335937500000001])
array('d', [-26.7474609375, 0.8869140625, 20.2123046875, -0.09335937500000001])
array('d', [-26.047265625, -0.56015625, 19.60546875, 0.56015625])
array('d', [-26.047265625, -0.56015625, 19.512109375, 0.653515625])
array('d', [-26.047265625, 2.0072265625, 19.512109375, 0.653515625])
array('d', [-26.047265625, 0.466796875, 19.932226562500002, 0.37343750000000003])
array('d', [-27.2142578125, 0.7935546875, 19.698828125000002, 0.1400390625])
array('d', [-27.3076171875, 0.18671875000000002, 19.8388671875, 0.5134765625000001])
array('d', [-27.3076171875, 0.18671875000000002, 19.512109375, -0.09335937500000001])
array('d', [-27.44765625, -1.0736328125, 19.512109375, -0.09335937500000001])
array('d', [-25.720507812500003, -0.37343750000000003, 19.932226562500002, -0.280078125])
array('d', [-26.5140625, -0.2333984375, 19.932226562500002, -0.280078125])
array('d', [-27.2609375, 0.18671875000000002, 19.60546875, -0.280078125])
array('d', [-26.187304687500003, -0.9802734375000001, 19.0453125, 0.09335937500000001])
array('d', [-27.3076171875, 0.18671875000000002, 19.60546875, -0.046679687500000004])
array('d', [-27.3076171875, 0.18671875000000002, 19.60546875, -0.56015625])
array('d', [-26.3740234375, 0.7935546875, 19.932226562500002, -0.56015625])
array('d', [-27.9611328125, 0.8869140625, 20.3056640625, -0.046679687500000004])
array('d', [-26.5140625, -0.2333984375, 18.998632812500002, 0.09335937500000001])
array('d', [-26.794140625, 0.466796875, 20.2123046875, 0.09335937500000001])
array('d', [-26.187304687500003, 1.587109375, 19.3720703125, -0.56015625])
array('d', [-27.44765625, 0.466796875, 19.3720703125, -0.56015625])
array('d', [-27.44765625, 0.466796875, 19.3720703125, -0.56015625])
array('d', [-27.44765625, 0.466796875, 18.998632812500002, -0.3267578125])
array('d', [-27.44765625, 0.8869140625, 19.0453125, -0.280078125])
array('d', [-26.794140625, 0.7935546875, 19.465429687500002, -0.3267578125])
array('d', [-26.794140625, 0.7935546875, 19.465429687500002, -0.3267578125])
array('d', [-27.44765625, 0.18671875000000002, 19.512109375, 0.09335937500000001])
array('d', [-25.953906250000003, -0.56015625, 19.60546875, -0.1400390625])
array('d', [-27.44765625, 0.18671875000000002, 19.698828125000002, -0.0])
array('d', [-27.44765625, 0.18671875000000002, 19.698828125000002, -0.0])
array('d', [-27.44765625, 0.046679687500000004, 19.512109375, 0.37343750000000003])
array('d', [-26.5140625, 0.046679687500000004, 19.512109375, 0.37343750000000003])
array('d', [-26.794140625, 0.466796875, 19.698828125000002, 0.280078125])
array('d', [-26.934179687500002, 0.466796875, 19.698828125000002, 0.6068359375])
array('d', [-26.934179687500002, -0.2333984375, 20.1189453125, 0.6068359375])
array('d', [-25.953906250000003, -0.466796875, 19.698828125000002, 0.280078125])
array('d', [-25.953906250000003, 0.56015625, 19.1853515625, 0.1400390625])
array('d', [-26.794140625, 0.56015625, 19.1853515625, 0.1400390625])
array('d', [-27.0275390625, -1.2603515625000001, 19.698828125000002, 0.280078125])
array('d', [-26.794140625, -0.9802734375000001, 19.932226562500002, -0.42011718750000004])
array('d', [-26.794140625, -0.9802734375000001, 19.932226562500002, -0.42011718750000004])
array('d', [-26.794140625, -0.9802734375000001, 19.932226562500002, -0.42011718750000004])
array('d', [-26.794140625, -0.9802734375000001, 19.932226562500002, -0.42011718750000004])
array('d', [-26.934179687500002, 0.9802734375000001, 19.2787109375, -0.42011718750000004])
array('d', [-26.187304687500003, 1.213671875, 19.60546875, -0.42011718750000004])
array('d', [-27.0275390625, 0.8869140625, 19.698828125000002, -0.0])
array('d', [-27.0275390625, 0.8869140625, 19.698828125000002, -0.0])
array('d', [-27.0275390625, 0.8869140625, 19.698828125000002, -0.0])
array('d', [-26.654101562500003, 0.8869140625, 19.698828125000002, -0.3267578125])
array('d', [-26.5140625, -0.1400390625, 19.932226562500002, -0.42011718750000004])
array('d', [-26.5140625, 0.56015625, 19.2787109375, -0.3267578125])
array('d', [-26.5140625, 0.56015625, 19.2787109375, -0.3267578125])
array('d', [-26.5140625, 0.56015625, 19.2787109375, -0.3267578125])
array('d', [-27.44765625, 0.046679687500000004, 19.7455078125, 0.046679687500000004])
array('d', [-27.44765625, 1.213671875, 19.2787109375, -0.1400390625])
array('d', [-25.953906250000003, 1.213671875, 19.2787109375, -0.1400390625])
array('d', [-25.953906250000003, 1.213671875, 19.2787109375, -0.1400390625])
array('d', [-25.953906250000003, 1.213671875, 19.2787109375, -0.1400390625])
array('d', [-27.0275390625, 0.466796875, 19.60546875, -0.42011718750000004])
array('d', [-27.2142578125, 0.046679687500000004, 19.8388671875, -0.2333984375])
array('d', [-27.2142578125, 0.280078125, 19.2787109375, 0.653515625])
array('d', [-26.607421875, 0.280078125, 19.2787109375, 0.653515625])
array('d', [-25.953906250000003, -0.2333984375, 19.60546875, -0.3267578125])
array('d', [-25.953906250000003, -0.2333984375, 19.1853515625, -0.1400390625])
array('d', [-27.0275390625, -0.2333984375, 19.1853515625, -0.1400390625])
array('d', [-27.0275390625, -0.2333984375, 19.1853515625, -0.1400390625])
array('d', [-27.0275390625, -0.2333984375, 19.1853515625, -0.1400390625])
array('d', [-27.634375000000002, 1.213671875, 19.8388671875, -0.1400390625])
array('d', [-26.934179687500002, -0.37343750000000003, 19.8388671875, -0.1400390625])
array('d', [-27.44765625, 0.8869140625, 19.932226562500002, -0.1400390625])
array('d', [-27.44765625, 0.8869140625, 19.932226562500002, -0.1400390625])
array('d', [-27.44765625, 0.8869140625, 19.932226562500002, -0.1400390625])
array('d', [-27.44765625, 0.046679687500000004, 19.2787109375, -0.046679687500000004])
array('d', [-26.934179687500002, 0.18671875000000002, 19.932226562500002, 0.09335937500000001])
array('d', [-26.934179687500002, 0.466796875, 19.2787109375, 0.37343750000000003])
array('d', [-26.934179687500002, 0.466796875, 19.2787109375, -0.046679687500000004])
array('d', [-26.607421875, 0.466796875, 19.2787109375, -0.046679687500000004])
array('d', [-25.953906250000003, -0.56015625, 18.6251953125, 0.280078125])
array('d', [-27.3076171875, -0.2333984375, 19.2787109375, -0.1400390625])
array('d', [-27.3076171875, -0.2333984375, 19.2787109375, -0.1400390625])
array('d', [-27.3076171875, -0.2333984375, 19.2787109375, -0.1400390625])
array('d', [-25.953906250000003, -0.37343750000000003, 19.2787109375, 0.1400390625])
array('d', [-26.934179687500002, 0.56015625, 19.1853515625, 0.37343750000000003])
array('d', [-26.934179687500002, 0.56015625, 19.1853515625, 0.37343750000000003])
array('d', [-26.934179687500002, 0.56015625, 19.1853515625, 0.37343750000000003])
array('d', [-27.634375000000002, 1.4937500000000001, 19.512109375, 0.09335937500000001])
array('d', [-26.5140625, -0.1400390625, 19.2787109375, -0.0])
array('d', [-26.5140625, -0.2333984375, 19.2787109375, -0.56015625])
array('d', [-26.5140625, -0.2333984375, 19.2787109375, -0.56015625])
array('d', [-26.5140625, -0.2333984375, 19.2787109375, -0.56015625])
array('d', [-27.587695312500003, 0.8869140625, 19.512109375, 0.42011718750000004])
array('d', [-27.587695312500003, 0.8869140625, 20.0255859375, -0.046679687500000004])
array('d', [-26.047265625, -0.1400390625, 20.0255859375, -0.046679687500000004])
array('d', [-26.934179687500002, -0.2333984375, 19.2787109375, -0.1400390625])
array('d', [-25.860546875, 0.18671875000000002, 19.0453125, -0.09335937500000001])
array('d', [-25.860546875, 0.18671875000000002, 19.0453125, -0.09335937500000001])
array('d', [-27.0275390625, -0.56015625, 19.8388671875, 0.046679687500000004])
array('d', [-26.5140625, 0.9802734375000001, 19.0919921875, 0.42011718750000004])
array('d', [-26.5140625, 0.9802734375000001, 19.512109375, 0.37343750000000003])
array('d', [-27.44765625, 0.18671875000000002, 19.512109375, 0.37343750000000003])
array('d', [-27.44765625, 0.18671875000000002, 19.512109375, 0.37343750000000003])
array('d', [-26.5140625, -0.9802734375000001, 18.998632812500002, 0.3267578125])
array('d', [-27.3076171875, -0.9802734375000001, 19.2787109375, 0.56015625])
array('d', [-27.3076171875, 0.046679687500000004, 18.998632812500002, -0.0])
array('d', [-26.2806640625, 0.046679687500000004, 18.998632812500002, 0.37343750000000003])
array('d', [-27.3076171875, 1.587109375, 19.698828125000002, 0.37343750000000003])
array('d', [-26.794140625, 0.56015625, 19.698828125000002, -0.42011718750000004])
array('d', [-27.6810546875, 0.9802734375000001, 19.8388671875, -0.42011718750000004])
array('d', [-27.6810546875, 0.9802734375000001, 19.8388671875, -0.42011718750000004])
array('d', [-27.6810546875, 0.9802734375000001, 19.8388671875, 0.37343750000000003])
array('d', [-26.3740234375, -0.8402343750000001, 19.932226562500002, -0.0])
array('d', [-25.39375, -0.2333984375, 19.60546875, -0.046679687500000004])
array('d', [-27.44765625, 0.18671875000000002, 19.932226562500002, -0.09335937500000001])
array('d', [-27.44765625, 0.18671875000000002, 19.2787109375, -0.3267578125])
array('d', [-26.3740234375, -0.2333984375, 19.2787109375, -0.3267578125])
array('d', [-27.44765625, 0.18671875000000002, 19.8388671875, -0.0])
array('d', [-27.44765625, 0.8869140625, 18.9052734375, -0.0])
array('d', [-27.44765625, 0.8869140625, 19.932226562500002, -0.1400390625])
array('d', [-26.5140625, -1.400390625, 19.932226562500002, -0.1400390625])
array('d', [-26.5140625, -1.400390625, 19.932226562500002, -0.1400390625])
array('d', [-25.953906250000003, -0.7001953125, 19.60546875, -0.1400390625])
array('d', [-26.5140625, 0.7001953125, 19.2787109375, 0.3267578125])
array('d', [-26.5140625, 0.37343750000000003, 19.2787109375, 0.280078125])
array('d', [-28.287890625000003, 0.37343750000000003, 19.2787109375, 0.280078125])
array('d', [-28.287890625000003, 0.37343750000000003, 19.2787109375, 0.280078125])
array('d', [-26.794140625, -0.1400390625, 18.9052734375, 0.2333984375])
array('d', [-26.794140625, 0.37343750000000003, 18.9052734375, 0.09335937500000001])
array('d', [-28.101171875000002, 0.37343750000000003, 18.9052734375, 0.09335937500000001])
array('d', [-28.101171875000002, 0.37343750000000003, 18.9052734375, 0.09335937500000001])
array('d', [-28.101171875000002, 0.37343750000000003, 18.9052734375, 0.09335937500000001])
array('d', [-28.101171875000002, 0.37343750000000003, 18.9052734375, 0.09335937500000001])
array('d', [-25.860546875, 0.8869140625, 19.3720703125, 0.56015625])
array('d', [-25.953906250000003, -0.7001953125, 20.0255859375, 0.56015625])
array('d', [-26.934179687500002, 0.8869140625, 19.60546875, -0.42011718750000004])
array('d', [-26.934179687500002, 0.8869140625, 19.60546875, -0.42011718750000004])
array('d', [-26.934179687500002, 0.8869140625, 19.60546875, -0.42011718750000004])
array('d', [-26.5140625, 0.18671875000000002, 19.512109375, -0.0])
array('d', [-26.934179687500002, 0.466796875, 19.1853515625, -0.1400390625])
array('d', [-26.934179687500002, 0.466796875, 19.1853515625, -0.09335937500000001])
array('d', [-27.44765625, 0.466796875, 19.1853515625, -0.09335937500000001])
array('d', [-27.44765625, 0.466796875, 19.1853515625, -0.09335937500000001])
array('d', [-27.44765625, 0.466796875, 19.1853515625, -0.09335937500000001])
array('d', [-25.953906250000003, -0.56015625, 19.60546875, 0.56015625])
array('d', [-25.953906250000003, -0.56015625, 19.60546875, 0.56015625])
array('d', [-27.44765625, 0.56015625, 19.8388671875, 0.1400390625])
array('d', [-27.867773437500002, 0.56015625, 19.8388671875, 0.1400390625])
array('d', [-27.867773437500002, 0.56015625, 19.8388671875, 0.1400390625])
array('d', [-27.867773437500002, 0.18671875000000002, 19.60546875, 0.09335937500000001])
array('d', [-26.607421875, 0.18671875000000002, 19.2787109375, 0.046679687500000004])
array('d', [-27.44765625, 1.213671875, 19.0453125, -0.7935546875])
array('d', [-27.44765625, 1.213671875, 19.0453125, -0.7935546875])
array('d', [-27.44765625, 0.37343750000000003, 19.698828125000002, -0.1400390625])
array('d', [-27.44765625, 0.37343750000000003, 19.698828125000002, -0.280078125])
array('d', [-26.047265625, 0.18671875000000002, 18.998632812500002, -0.280078125])
array('d', [-27.587695312500003, 0.466796875, 19.2787109375, -0.56015625])
array('d', [-27.587695312500003, -0.2333984375, 19.60546875, -0.280078125])
array('d', [-27.867773437500002, -0.2333984375, 19.60546875, -0.280078125])
array('d', [-26.934179687500002, -0.1400390625, 19.7921875, -0.280078125])
array('d', [-26.934179687500002, -0.1400390625, 19.2787109375, 0.37343750000000003])
array('d', [-26.934179687500002, -0.1400390625, 19.60546875, -0.280078125])
array('d', [-26.187304687500003, -0.9802734375000001, 19.60546875, -0.280078125])
array('d', [-26.934179687500002, 0.18671875000000002, 19.60546875, 0.2333984375])
array('d', [-26.934179687500002, 0.18671875000000002, 19.60546875, 0.2333984375])
array('d', [-26.934179687500002, 0.18671875000000002, 19.60546875, 0.2333984375])
array('d', [-26.934179687500002, 0.18671875000000002, 19.60546875, 0.2333984375])
array('d', [-25.533789062500002, 0.8869140625, 19.60546875, 0.09335937500000001])
array('d', [-25.533789062500002, 0.8869140625, 19.2787109375, -0.0])
array('d', [-25.953906250000003, -1.5404296875, 19.2787109375, -0.0])
array('d', [-27.587695312500003, -1.5404296875, 19.2787109375, -0.3267578125])
array('d', [-27.587695312500003, 0.466796875, 19.465429687500002, -0.0])
array('d', [-25.953906250000003, 0.466796875, 19.465429687500002, -0.0])
array('d', [-27.4943359375, -1.2603515625000001, 19.932226562500002, -0.0])
array('d', [-27.3076171875, 0.56015625, 19.512109375, -0.42011718750000004])
array('d', [-27.3076171875, 0.56015625, 19.60546875, -0.56015625])
array('d', [-26.654101562500003, 0.046679687500000004, 19.60546875, -0.56015625])
array('d', [-25.860546875, -1.0736328125, 19.60546875, -0.56015625])
array('d', [-25.860546875, -1.0736328125, 19.60546875, -0.56015625])
array('d', [-26.934179687500002, 0.18671875000000002, 19.2787109375, -0.1400390625])
array('d', [-26.934179687500002, 0.18671875000000002, 19.60546875, -0.1400390625])
array('d', [-27.867773437500002, -1.2603515625000001, 19.60546875, -0.1400390625])
array('d', [-27.867773437500002, -1.2603515625000001, 19.60546875, -0.1400390625])
array('d', [-27.867773437500002, -1.2603515625000001, 19.60546875, -0.1400390625])
array('d', [-27.867773437500002, -1.2603515625000001, 19.60546875, -0.1400390625])
array('d', [-27.867773437500002, -1.2603515625000001, 19.60546875, -0.1400390625])
array('d', [-27.867773437500002, -1.2603515625000001, 19.60546875, -0.1400390625])
array('d', [-27.3076171875, -0.7001953125, 18.998632812500002, 0.09335937500000001])
array('d', [-27.44765625, 0.466796875, 19.2787109375, 0.09335937500000001])
array('d', [-27.0275390625, 0.56015625, 19.60546875, -0.0])
array('d', [-26.934179687500002, -1.2603515625000001, 19.8388671875, 0.09335937500000001])
array('d', [-26.934179687500002, -1.2603515625000001, 19.8388671875, -0.42011718750000004])
array('d', [-26.047265625, 0.56015625, 19.698828125000002, -0.42011718750000004])
array('d', [-27.0275390625, 0.8869140625, 19.2787109375, -0.42011718750000004])
array('d', [-27.0275390625, -0.2333984375, 19.465429687500002, -0.046679687500000004])
array('d', [-27.727734375, -0.2333984375, 19.465429687500002, -0.280078125])
array('d', [-26.3740234375, 0.18671875000000002, 20.2123046875, -0.280078125])
array('d', [-26.5140625, 0.18671875000000002, 19.60546875, -0.1400390625])
array('d', [-26.5140625, 0.18671875000000002, 18.998632812500002, -0.0])
array('d', [-27.400976562500002, 0.046679687500000004, 18.998632812500002, -0.0])
array('d', [-26.794140625, -1.2603515625000001, 19.3720703125, 0.09335937500000001])
array('d', [-26.794140625, -1.2603515625000001, 19.3720703125, 0.09335937500000001])
array('d', [-26.607421875, 0.18671875000000002, 19.3720703125, 0.42011718750000004])
array('d', [-26.607421875, -0.7001953125, 18.6251953125, -0.42011718750000004])
array('d', [-26.607421875, -0.7001953125, 19.2787109375, -0.0])
array('d', [-26.607421875, -0.2333984375, 19.2787109375, -0.0])
array('d', [-27.9611328125, 0.7935546875, 19.2787109375, -0.046679687500000004])
array('d', [-26.047265625, 1.30703125, 19.2787109375, -0.466796875])
array('d', [-26.047265625, 1.30703125, 19.2787109375, -0.466796875])
array('d', [-26.5140625, -0.56015625, 19.8388671875, 0.37343750000000003])
array('d', [-26.5140625, 0.046679687500000004, 19.932226562500002, -0.046679687500000004])
array('d', [-26.5140625, 0.046679687500000004, 19.7455078125, -0.0])
array('d', [-27.867773437500002, -0.2333984375, 19.7455078125, -0.0])
array('d', [-27.867773437500002, -0.2333984375, 19.7455078125, -0.0])
array('d', [-27.867773437500002, -0.2333984375, 19.7455078125, -0.0])
array('d', [-25.860546875, 1.7271484375000001, 19.512109375, 0.42011718750000004])
array('d', [-26.794140625, -0.37343750000000003, 19.60546875, -0.0])
array('d', [-26.794140625, -0.37343750000000003, 19.2787109375, -0.1400390625])
array('d', [-25.953906250000003, -0.2333984375, 19.2787109375, -0.1400390625])
array('d', [-26.607421875, 0.466796875, 19.932226562500002, -0.42011718750000004])
array('d', [-25.673828125, -0.7001953125, 19.698828125000002, -0.3267578125])
array('d', [-25.673828125, 0.18671875000000002, 19.2787109375, 0.653515625])
array('d', [-26.934179687500002, 0.18671875000000002, 19.2787109375, 0.653515625])
array('d', [-27.727734375, 0.18671875000000002, 19.2787109375, -0.0])
array('d', [-26.794140625, 0.046679687500000004, 19.2787109375, -0.42011718750000004])
array('d', [-26.794140625, 0.046679687500000004, 19.2787109375, -0.42011718750000004])
array('d', [-27.44765625, 0.8869140625, 19.60546875, -0.0])
array('d', [-27.3076171875, -0.7001953125, 20.1189453125, -0.046679687500000004])
array('d', [-27.3076171875, -0.7001953125, 20.1189453125, -0.1400390625])
array('d', [-26.934179687500002, 1.213671875, 19.698828125000002, -0.1400390625])
array('d', [-27.0275390625, 0.466796875, 19.60546875, 0.280078125])
array('d', [-27.0275390625, 0.466796875, 19.3720703125, -0.1400390625])
array('d', [-27.44765625, -0.466796875, 19.3720703125, -0.1400390625])
array('d', [-27.44765625, -0.466796875, 19.3720703125, -0.1400390625])
array('d', [-27.44765625, -0.466796875, 19.3720703125, -0.1400390625])
array('d', [-27.44765625, -0.466796875, 19.3720703125, -0.1400390625])
array('d', [-26.794140625, 0.18671875000000002, 19.60546875, -0.1400390625])
array('d', [-26.5140625, -0.2333984375, 19.698828125000002, -0.1400390625])
array('d', [-26.794140625, 0.046679687500000004, 19.8388671875, -0.1400390625])
array('d', [-26.607421875, 0.18671875000000002, 19.2787109375, -0.0])
array('d', [-26.607421875, 0.18671875000000002, 19.2787109375, -0.0])
array('d', [-26.934179687500002, -0.56015625, 18.9052734375, 0.09335937500000001])
array('d', [-26.5140625, -0.7001953125, 19.60546875, 0.09335937500000001])
array('d', [-26.5140625, -0.7001953125, 19.60546875, 0.09335937500000001])
array('d', [-26.5140625, -0.7001953125, 19.60546875, 0.09335937500000001])
array('d', [-26.5140625, -0.7001953125, 19.60546875, 0.653515625])
array('d', [-27.2142578125, 0.18671875000000002, 19.932226562500002, 0.653515625])
array('d', [-26.934179687500002, 0.18671875000000002, 20.1189453125, 0.09335937500000001])
array('d', [-27.3076171875, 0.18671875000000002, 18.6251953125, -0.1400390625])
array('d', [-27.3076171875, 0.18671875000000002, 18.6251953125, -0.1400390625])
array('d', [-26.2806640625, 0.18671875000000002, 20.0255859375, -0.1400390625])
array('d', [-26.3740234375, 0.466796875, 19.932226562500002, -0.280078125])
array('d', [-26.3740234375, 0.466796875, 19.932226562500002, -0.280078125])
array('d', [-26.3740234375, 0.466796875, 19.932226562500002, -0.280078125])
array('d', [-27.3076171875, 0.466796875, 20.0255859375, -0.0])
array('d', [-27.3076171875, -0.1400390625, 20.2123046875, -0.09335937500000001])
array('d', [-27.44765625, -0.1400390625, 20.2123046875, -0.09335937500000001])
array('d', [-25.953906250000003, -0.1400390625, 20.2123046875, -0.09335937500000001])
array('d', [-25.953906250000003, -0.37343750000000003, 19.0919921875, -0.0])
array('d', [-27.3076171875, -0.2333984375, 19.0919921875, -0.42011718750000004])
array('d', [-26.3740234375, -1.1669921875, 19.2787109375, -0.42011718750000004])
array('d', [-26.3740234375, -1.1669921875, 19.2787109375, -0.42011718750000004])
array('d', [-26.3740234375, -1.1669921875, 19.2787109375, -0.42011718750000004])
array('d', [-27.2142578125, -0.2333984375, 18.9052734375, -0.0])
array('d', [-26.7474609375, -0.56015625, 18.9052734375, -0.42011718750000004])
array('d', [-26.7474609375, -0.56015625, 18.998632812500002, -0.1400390625])
array('d', [-26.7474609375, -0.56015625, 18.998632812500002, -0.1400390625])
array('d', [-26.3740234375, -0.1400390625, 20.2123046875, 0.280078125])
array('d', [-27.2142578125, 0.466796875, 18.531835937500002, 0.37343750000000003])
array('d', [-27.9611328125, 0.466796875, 18.531835937500002, 0.37343750000000003])
array('d', [-27.9611328125, 0.466796875, 18.531835937500002, 0.37343750000000003])
array('d', [-27.9611328125, 0.7935546875, 19.932226562500002, -0.1400390625])
array('d', [-25.533789062500002, -0.2333984375, 19.2787109375, -0.1400390625])
array('d', [-27.44765625, 0.56015625, 19.3720703125, 0.56015625])
array('d', [-27.44765625, 0.56015625, 19.3720703125, 0.56015625])
array('d', [-27.44765625, 0.56015625, 19.3720703125, 0.56015625])
array('d', [-27.44765625, 0.18671875000000002, 19.932226562500002, -0.0])
array('d', [-26.187304687500003, 0.046679687500000004, 19.1853515625, -0.0])
array('d', [-27.07421875, 0.18671875000000002, 19.932226562500002, 0.1400390625])
array('d', [-27.07421875, 0.18671875000000002, 19.932226562500002, -0.2333984375])
array('d', [-27.44765625, 0.046679687500000004, 19.1853515625, -0.2333984375])
array('d', [-25.953906250000003, 0.18671875000000002, 19.1853515625, -0.42011718750000004])
array('d', [-26.047265625, 0.18671875000000002, 19.60546875, -0.42011718750000004])
array('d', [-27.44765625, -1.5404296875, 19.2787109375, 0.56015625])
array('d', [-26.5140625, 0.18671875000000002, 19.465429687500002, -0.0])
array('d', [-26.5140625, 0.18671875000000002, 19.465429687500002, -0.0])
array('d', [-26.5140625, 0.18671875000000002, 19.465429687500002, -0.0])
array('d', [-26.5140625, 0.18671875000000002, 19.60546875, 0.1400390625])
array('d', [-27.0275390625, -0.466796875, 19.60546875, 0.1400390625])
array('d', [-26.934179687500002, 0.8869140625, 19.0919921875, -0.0])
array('d', [-27.0275390625, 0.56015625, 20.2123046875, -0.0])
array('d', [-27.0275390625, 0.56015625, 20.2123046875, -0.0])
array('d', [-27.2142578125, -0.2333984375, 20.1189453125, -0.1400390625])
array('d', [-26.5140625, 0.18671875000000002, 19.2787109375, -0.1400390625])
array('d', [-26.5140625, 0.18671875000000002, 19.3720703125, -0.1400390625])
array('d', [-25.953906250000003, 0.046679687500000004, 19.512109375, 0.1400390625])
array('d', [-27.3076171875, 0.046679687500000004, 19.932226562500002, -0.3267578125])
array('d', [-26.047265625, -0.2333984375, 19.932226562500002, -0.3267578125])
array('d', [-26.047265625, -0.2333984375, 19.932226562500002, -0.3267578125])
array('d', [-26.047265625, -0.2333984375, 19.932226562500002, -0.3267578125])
array('d', [-26.047265625, -0.2333984375, 19.932226562500002, -0.3267578125])
array('d', [-26.5140625, 0.8869140625, 19.698828125000002, 0.280078125])
array('d', [-26.934179687500002, -0.2333984375, 19.698828125000002, 0.7001953125])
array('d', [-26.934179687500002, -0.2333984375, 19.698828125000002, -0.1400390625])
array('d', [-26.607421875, 0.466796875, 19.8388671875, -0.1400390625])
array('d', [-28.101171875000002, -0.2333984375, 19.932226562500002, 0.37343750000000003])
array('d', [-27.44765625, -0.7001953125, 20.2123046875, 0.280078125])
array('d', [-27.44765625, -0.7001953125, 20.2123046875, -0.0])
array('d', [-26.794140625, -0.7001953125, 19.2787109375, -0.0])
array('d', [-27.0275390625, 0.56015625, 19.2787109375, -0.3267578125])
array('d', [-27.0275390625, 0.56015625, 19.2787109375, -0.3267578125])
array('d', [-27.3076171875, -1.2603515625000001, 19.0453125, -0.0])
array('d', [-27.3076171875, -1.2603515625000001, 19.0453125, -0.0])
array('d', [-27.3076171875, -1.2603515625000001, 19.0453125, -0.0])
array('d', [-27.0275390625, -0.046679687500000004, 18.998632812500002, 0.1400390625])
array('d', [-27.0275390625, 0.56015625, 19.3720703125, -0.1400390625])
array('d', [-27.0275390625, 0.56015625, 20.258984375, -0.3267578125])
array('d', [-27.0275390625, 0.56015625, 20.258984375, -0.3267578125])
array('d', [-26.3740234375, 0.7935546875, 19.2787109375, 0.280078125])
array('d', [-26.3740234375, 0.7935546875, 19.3720703125, -0.0])
array('d', [-27.3076171875, -0.2333984375, 19.3720703125, -0.0])
array('d', [-26.607421875, -1.400390625, 19.698828125000002, 0.1400390625])
array('d', [-27.3076171875, -0.1400390625, 19.3720703125, -0.0])
array('d', [-27.3076171875, -0.1400390625, 19.3720703125, 0.280078125])
array('d', [-27.3076171875, 0.56015625, 18.9052734375, 0.280078125])
array('d', [-27.3076171875, 0.56015625, 18.9052734375, 0.280078125])
array('d', [-27.3076171875, 0.56015625, 18.9052734375, 0.280078125])
array('d', [-27.0275390625, -0.7001953125, 19.932226562500002, 0.046679687500000004])
array('d', [-27.0275390625, -0.7001953125, 19.465429687500002, 0.280078125])
array('d', [-27.120898437500003, -0.7001953125, 19.465429687500002, 0.280078125])
array('d', [-26.5140625, 1.213671875, 18.998632812500002, 0.1400390625])
array('d', [-26.794140625, -0.2333984375, 19.1853515625, 0.1400390625])
array('d', [-26.794140625, -0.2333984375, 19.2787109375, 0.42011718750000004])
array('d', [-27.727734375, 0.18671875000000002, 19.2787109375, 0.42011718750000004])
array('d', [-26.2806640625, 0.8869140625, 19.60546875, 0.1400390625])
array('d', [-27.120898437500003, -0.9802734375000001, 19.512109375, 0.2333984375])
array('d', [-27.120898437500003, -0.9802734375000001, 19.932226562500002, 0.1400390625])
array('d', [-26.794140625, 0.18671875000000002, 19.932226562500002, 0.1400390625])
array('d', [-26.467382812500002, -0.37343750000000003, 19.698828125000002, 0.280078125])
array('d', [-26.794140625, -0.37343750000000003, 19.2787109375, 0.2333984375])
array('d', [-26.794140625, -0.37343750000000003, 20.1189453125, 0.280078125])
array('d', [-26.794140625, -0.37343750000000003, 20.1189453125, 0.280078125])
array('d', [-26.794140625, -0.37343750000000003, 20.1189453125, 0.280078125])
array('d', [-26.794140625, -0.37343750000000003, 20.1189453125, 0.280078125])
array('d', [-26.794140625, 0.466796875, 19.932226562500002, 0.1400390625])
array('d', [-25.860546875, 0.466796875, 19.932226562500002, 0.1400390625])
array('d', [-26.934179687500002, 0.56015625, 18.998632812500002, -0.42011718750000004])
array('d', [-26.934179687500002, 0.56015625, 18.998632812500002, -0.42011718750000004])
array('d', [-26.5607421875, 1.213671875, 19.60546875, -0.56015625])
array('d', [-26.700781250000002, 0.7935546875, 19.60546875, 0.1400390625])
array('d', [-26.700781250000002, -0.1400390625, 19.0453125, -0.2333984375])
array('d', [-26.700781250000002, -0.1400390625, 19.0453125, -0.2333984375])
array('d', [-27.0275390625, 1.213671875, 19.512109375, 0.37343750000000003])
array('d', [-26.2806640625, -0.56015625, 18.9052734375, -0.1400390625])
array('d', [-27.3076171875, 0.466796875, 19.2787109375, -0.1400390625])
array('d', [-27.3076171875, 0.466796875, 19.2787109375, -0.1400390625])
array('d', [-27.3076171875, 0.466796875, 19.2787109375, -0.1400390625])
array('d', [-27.3076171875, 0.466796875, 19.2787109375, -0.1400390625])
array('d', [-27.0275390625, 0.466796875, 19.60546875, -0.1400390625])
array('d', [-27.541015625, -0.56015625, 19.932226562500002, -0.1400390625])
array('d', [-27.541015625, -0.56015625, 19.932226562500002, -0.1400390625])
array('d', [-27.541015625, -0.56015625, 19.932226562500002, -0.1400390625])
array('d', [-27.541015625, -0.56015625, 19.932226562500002, -0.1400390625])
array('d', [-27.541015625, -0.56015625, 19.932226562500002, -0.1400390625])
array('d', [-27.44765625, -0.8402343750000001, 19.932226562500002, 0.1400390625])
array('d', [-26.794140625, 0.466796875, 19.8388671875, 0.280078125])
array('d', [-26.794140625, 0.466796875, 19.8388671875, -0.1400390625])
array('d', [-26.2806640625, 0.56015625, 19.512109375, -0.1400390625])
array('d', [-26.2806640625, -0.9802734375000001, 19.512109375, -0.280078125])
array('d', [-26.2806640625, -0.1400390625, 19.932226562500002, -0.0])
array('d', [-26.700781250000002, -0.2333984375, 19.3720703125, -0.42011718750000004])
array('d', [-26.467382812500002, -1.2603515625000001, 18.578515625, -0.1400390625])
array('d', [-26.467382812500002, -1.2603515625000001, 19.60546875, 0.7001953125])
array('d', [-26.467382812500002, -0.9802734375000001, 19.60546875, 0.7001953125])
array('d', [-26.467382812500002, -0.9802734375000001, 19.60546875, 0.7001953125])
array('d', [-26.467382812500002, -0.9802734375000001, 19.60546875, 0.7001953125])
array('d', [-26.467382812500002, -0.9802734375000001, 19.60546875, 0.7001953125])
array('d', [-26.2806640625, 0.466796875, 19.2787109375, 0.37343750000000003])
array('d', [-26.3740234375, 0.466796875, 19.0453125, 0.1400390625])
array('d', [-26.3740234375, 0.466796875, 19.0453125, 0.280078125])
array('d', [-27.44765625, 0.8869140625, 19.0453125, 0.280078125])
array('d', [-26.934179687500002, -0.9802734375000001, 19.2787109375, 0.37343750000000003])
array('d', [-26.934179687500002, -0.9802734375000001, 19.2787109375, 0.37343750000000003])
array('d', [-26.3740234375, 0.466796875, 18.6251953125, 0.280078125])
array('d', [-26.3740234375, 0.466796875, 19.8388671875, 0.280078125])
array('d', [-26.794140625, 0.046679687500000004, 19.8388671875, -0.1400390625])
array('d', [-26.467382812500002, -1.400390625, 19.60546875, -0.1400390625])
array('d', [-26.047265625, -1.2603515625000001, 19.60546875, 0.37343750000000003])
array('d', [-26.047265625, -1.2603515625000001, 19.60546875, 0.37343750000000003])
array('d', [-26.047265625, -1.2603515625000001, 19.60546875, 0.37343750000000003])
array('d', [-26.2806640625, 0.2333984375, 19.512109375, -0.0])
array('d', [-26.794140625, 0.466796875, 19.2787109375, 0.2333984375])
array('d', [-26.794140625, -1.2603515625000001, 19.932226562500002, -0.1400390625])
array('d', [-26.794140625, -1.2603515625000001, 19.932226562500002, -0.1400390625])
array('d', [-26.794140625, -1.2603515625000001, 19.932226562500002, -0.1400390625])
array('d', [-26.794140625, 0.56015625, 19.8388671875, -0.56015625])
array('d', [-26.794140625, 0.56015625, 19.698828125000002, -0.7001953125])
array('d', [-26.934179687500002, 0.18671875000000002, 19.698828125000002, -0.7001953125])
array('d', [-26.934179687500002, 0.18671875000000002, 19.932226562500002, -0.1400390625])
array('d', [-25.533789062500002, 0.18671875000000002, 18.998632812500002, -0.280078125])
array('d', [-25.533789062500002, 0.18671875000000002, 19.932226562500002, -0.1400390625])
array('d', [-27.2142578125, -0.1400390625, 19.932226562500002, -0.1400390625])
array('d', [-25.720507812500003, -0.7001953125, 19.932226562500002, 0.1400390625])
array('d', [-27.2142578125, 0.466796875, 19.2787109375, 0.046679687500000004])
array('d', [-27.2142578125, 0.466796875, 19.0919921875, -0.0])
array('d', [-27.2142578125, -0.1400390625, 19.0919921875, -0.0])
array('d', [-27.3076171875, -0.7001953125, 19.932226562500002, 0.2333984375])
array('d', [-25.953906250000003, -0.8402343750000001, 19.932226562500002, -0.0])
array('d', [-25.953906250000003, -0.8402343750000001, 19.932226562500002, 0.56015625])
array('d', [-26.794140625, -0.2333984375, 19.0919921875, 0.56015625])
array('d', [-27.44765625, 0.7935546875, 19.8388671875, 0.42011718750000004])
array('d', [-27.44765625, -0.1400390625, 19.932226562500002, -0.0])
array('d', [-25.953906250000003, -0.1400390625, 19.932226562500002, -0.0])
array('d', [-25.953906250000003, -0.1400390625, 19.932226562500002, -0.0])
array('d', [-26.934179687500002, 0.18671875000000002, 19.932226562500002, -0.1400390625])
array('d', [-27.0275390625, -0.2333984375, 19.7455078125, -0.42011718750000004])
array('d', [-27.2142578125, 0.046679687500000004, 19.60546875, -0.1400390625])
array('d', [-27.2142578125, -0.8402343750000001, 19.932226562500002, -0.1400390625])
array('d', [-26.794140625, -0.8402343750000001, 19.932226562500002, -0.1400390625])
array('d', [-27.3076171875, 0.18671875000000002, 19.1853515625, 0.1400390625])
array('d', [-26.047265625, 0.18671875000000002, 19.2787109375, 0.56015625])
array('d', [-26.047265625, 0.18671875000000002, 19.2787109375, 0.37343750000000003])
array('d', [-25.953906250000003, 0.466796875, 19.3720703125, 0.37343750000000003])
array('d', [-26.140625, -1.2603515625000001, 19.698828125000002, -0.0])
array('d', [-26.140625, 0.466796875, 19.932226562500002, -0.0])
array('d', [-26.140625, 0.466796875, 19.932226562500002, -0.0])
array('d', [-26.140625, 0.466796875, 19.932226562500002, -0.0])
array('d', [-26.2806640625, 0.466796875, 19.932226562500002, -0.0])
array('d', [-26.3740234375, 0.7935546875, 18.765234375000002, -0.280078125])
array('d', [-27.120898437500003, -0.1400390625, 19.698828125000002, -0.1400390625])
array('d', [-27.120898437500003, -0.9802734375000001, 19.2787109375, -0.0])
array('d', [-26.2806640625, -0.9802734375000001, 19.2787109375, -0.0])
array('d', [-26.700781250000002, 0.466796875, 19.932226562500002, -0.0])
array('d', [-26.700781250000002, -0.2333984375, 19.60546875, -0.1400390625])
array('d', [-26.700781250000002, -0.2333984375, 19.60546875, -0.1400390625])
array('d', [-26.2806640625, -0.2333984375, 19.932226562500002, -0.1400390625])
array('d', [-26.794140625, 0.046679687500000004, 18.998632812500002, 0.280078125])
array('d', [-26.794140625, 0.046679687500000004, 20.2123046875, -0.0])
array('d', [-26.794140625, -0.2333984375, 20.2123046875, -0.0])
array('d', [-26.934179687500002, -0.2333984375, 19.512109375, -0.0])
array('d', [-26.934179687500002, 0.466796875, 19.2787109375, -0.0])
array('d', [-26.934179687500002, 0.466796875, 19.2787109375, -0.0])
array('d', [-27.44765625, 0.56015625, 19.932226562500002, -0.280078125])
array('d', [-27.2142578125, -0.56015625, 19.932226562500002, 0.5134765625000001])
array('d', [-27.2142578125, 0.466796875, 19.932226562500002, -0.1400390625])
array('d', [-27.2142578125, 0.466796875, 19.932226562500002, -0.1400390625])
array('d', [-27.2142578125, 0.466796875, 19.932226562500002, -0.1400390625])
array('d', [-26.5607421875, 0.466796875, 19.932226562500002, 0.280078125])
array('d', [-26.934179687500002, 0.046679687500000004, 19.932226562500002, 0.280078125])
array('d', [-26.3740234375, 0.046679687500000004, 19.60546875, 0.280078125])
array('d', [-26.3740234375, 0.046679687500000004, 19.60546875, 0.280078125])
array('d', [-26.3740234375, 0.046679687500000004, 19.60546875, 0.280078125])
array('d', [-26.047265625, 1.30703125, 19.60546875, -0.280078125])
array('d', [-27.0275390625, -0.7001953125, 20.0255859375, -0.1400390625])
array('d', [-27.727734375, -0.7001953125, 19.0453125, -0.42011718750000004])
array('d', [-27.727734375, -0.7001953125, 19.0453125, -0.42011718750000004])
array('d', [-26.2806640625, 0.8869140625, 19.8388671875, -0.280078125])
array('d', [-26.3740234375, 0.18671875000000002, 19.0453125, 0.280078125])
array('d', [-26.3740234375, 0.18671875000000002, 19.465429687500002, -0.1400390625])
array('d', [-26.3740234375, 0.18671875000000002, 19.465429687500002, -0.1400390625])
array('d', [-26.3740234375, 0.18671875000000002, 19.465429687500002, -0.1400390625])
array('d', [-26.3740234375, 0.18671875000000002, 19.465429687500002, -0.1400390625])
array('d', [-26.700781250000002, 0.466796875, 19.465429687500002, -0.1400390625])
array('d', [-26.2806640625, -1.400390625, 19.2787109375, 0.1400390625])
array('d', [-26.3740234375, -0.56015625, 18.998632812500002, -0.0])
array('d', [-26.3740234375, -0.56015625, 18.998632812500002, -0.0])
array('d', [-26.3740234375, -0.56015625, 18.998632812500002, -0.0])
array('d', [-26.934179687500002, 0.046679687500000004, 19.932226562500002, 0.1400390625])
array('d', [-26.140625, 0.18671875000000002, 19.3720703125, -0.1400390625])
array('d', [-26.140625, 0.18671875000000002, 19.60546875, 0.37343750000000003])
array('d', [-26.140625, 0.18671875000000002, 19.60546875, 0.37343750000000003])
array('d', [-26.140625, 0.18671875000000002, 19.60546875, 0.37343750000000003])
array('d', [-26.140625, 0.18671875000000002, 19.60546875, 0.37343750000000003])
array('d', [-26.140625, 0.18671875000000002, 19.60546875, 0.37343750000000003])
array('d', [-26.700781250000002, 0.18671875000000002, 19.60546875, 0.37343750000000003])
array('d', [-28.054492187500003, 0.466796875, 19.512109375, 0.1400390625])
array('d', [-26.794140625, 1.4937500000000001, 19.60546875, 0.56015625])
array('d', [-26.2806640625, 1.4937500000000001, 19.60546875, 0.56015625])
array('d', [-26.2806640625, 1.4937500000000001, 19.60546875, 0.56015625])
array('d', [-26.2806640625, 1.4937500000000001, 19.60546875, 0.56015625])
array('d', [-26.2806640625, 0.37343750000000003, 19.512109375, 0.1400390625])
array('d', [-26.2806640625, -0.1400390625, 19.512109375, 0.1400390625])
array('d', [-25.953906250000003, -0.1400390625, 19.512109375, 0.1400390625])
array('d', [-26.2806640625, -1.4937500000000001, 20.0255859375, 0.1400390625])
array('d', [-26.2806640625, -1.4937500000000001, 20.0255859375, 0.1400390625])
array('d', [-26.2806640625, -1.4937500000000001, 20.0255859375, 0.1400390625])
array('d', [-27.3076171875, -0.56015625, 19.2787109375, -0.0])
array('d', [-27.3076171875, -0.56015625, 19.60546875, -0.1400390625])
array('d', [-26.794140625, -0.56015625, 19.60546875, -0.1400390625])
array('d', [-26.794140625, -0.56015625, 19.60546875, -0.1400390625])
array('d', [-26.794140625, -0.56015625, 19.60546875, -0.1400390625])
array('d', [-26.794140625, -0.56015625, 19.60546875, -0.1400390625])
array('d', [-26.467382812500002, 0.18671875000000002, 19.0453125, -0.0])
array('d', [-26.794140625, 1.30703125, 19.2787109375, -0.1400390625])
array('d', [-25.860546875, -0.2333984375, 19.2787109375, 0.280078125])
array('d', [-25.860546875, -0.2333984375, 19.2787109375, 0.280078125])
array('d', [-25.860546875, -0.2333984375, 19.2787109375, 0.280078125])
array('d', [-26.934179687500002, 0.466796875, 19.60546875, 0.280078125])
array('d', [-26.700781250000002, -0.2333984375, 19.60546875, -0.42011718750000004])
array('d', [-26.700781250000002, -1.0736328125, 19.8388671875, -0.1400390625])
array('d', [-26.607421875, -1.0736328125, 19.8388671875, -0.1400390625])
array('d', [-26.700781250000002, 0.56015625, 19.3720703125, 0.7001953125])
array('d', [-26.794140625, 0.466796875, 18.951953125, -0.1400390625])
array('d', [-26.794140625, 0.466796875, 19.932226562500002, -0.3267578125])
array('d', [-26.700781250000002, 0.466796875, 19.932226562500002, -0.3267578125])
array('d', [-27.0275390625, 1.30703125, 19.512109375, 0.37343750000000003])
array('d', [-26.467382812500002, -0.7001953125, 19.60546875, -0.0])
array('d', [-26.467382812500002, -0.7001953125, 19.60546875, -0.0])
array('d', [-27.44765625, 0.56015625, 20.445703125, -0.1400390625])
array('d', [-26.140625, 0.18671875000000002, 19.932226562500002, 0.280078125])
array('d', [-26.140625, 0.18671875000000002, 19.932226562500002, 0.56015625])
array('d', [-26.5607421875, 0.18671875000000002, 19.932226562500002, 0.56015625])
array('d', [-26.5607421875, 0.18671875000000002, 19.932226562500002, 0.56015625])
array('d', [-26.140625, -1.5404296875, 19.2787109375, -0.280078125])
array('d', [-26.140625, -1.5404296875, 19.932226562500002, 0.280078125])
array('d', [-27.2142578125, -0.56015625, 19.932226562500002, 0.280078125])
array('d', [-27.3076171875, -0.7001953125, 18.998632812500002, 0.7001953125])
array('d', [-26.794140625, -1.2603515625000001, 19.0453125, 0.56015625])
array('d', [-26.794140625, -1.2603515625000001, 19.0453125, 0.56015625])
array('d', [-26.3740234375, -1.7271484375000001, 19.2787109375, 0.280078125])
array('d', [-27.4943359375, -0.7001953125, 19.60546875, 0.1400390625])
array('d', [-26.700781250000002, -0.2333984375, 19.60546875, -0.0])
array('d', [-26.700781250000002, -0.2333984375, 19.60546875, -0.0])
array('d', [-26.467382812500002, 0.56015625, 19.60546875, -0.0])
array('d', [-26.467382812500002, 0.56015625, 19.60546875, -0.0])
array('d', [-25.720507812500003, 1.9138671875000002, 19.2787109375, 0.1400390625])
array('d', [-25.720507812500003, 1.9138671875000002, 19.2787109375, 0.1400390625])
array('d', [-26.934179687500002, 0.046679687500000004, 19.60546875, 0.1400390625])
array('d', [-26.934179687500002, 0.046679687500000004, 19.60546875, 0.1400390625])
array('d', [-26.934179687500002, 0.046679687500000004, 19.60546875, 0.1400390625])
array('d', [-26.934179687500002, 0.046679687500000004, 19.60546875, 0.1400390625])
array('d', [-26.934179687500002, 0.046679687500000004, 19.60546875, 0.1400390625])
array('d', [-27.120898437500003, 0.280078125, 19.932226562500002, 0.1400390625])
array('d', [-27.3076171875, 0.7935546875, 19.0919921875, -0.1400390625])
array('d', [-26.3740234375, 0.18671875000000002, 19.3720703125, -0.0])
array('d', [-26.3740234375, 0.18671875000000002, 19.3720703125, -0.0])
array('d', [-27.634375000000002, -0.2333984375, 19.60546875, 0.56015625])
array('d', [-27.2142578125, 1.213671875, 20.072265625, 0.1400390625])
array('d', [-27.2142578125, 1.213671875, 20.072265625, -0.280078125])
array('d', [-27.2142578125, 1.213671875, 20.072265625, -0.280078125])
array('d', [-27.2142578125, 1.213671875, 20.072265625, -0.280078125])
array('d', [-27.2142578125, 1.213671875, 20.072265625, -0.280078125])
array('d', [-26.934179687500002, 0.466796875, 20.2123046875, 0.56015625])
array('d', [-26.3740234375, 0.046679687500000004, 20.2123046875, 0.56015625])
array('d', [-26.2806640625, 0.046679687500000004, 19.60546875, -0.0])
array('d', [-26.467382812500002, 0.18671875000000002, 19.60546875, -0.0])
array('d', [-26.467382812500002, 0.18671875000000002, 19.7455078125, 0.280078125])
array('d', [-27.44765625, -0.56015625, 19.932226562500002, -0.1400390625])
array('d', [-27.44765625, -0.56015625, 19.60546875, 0.1400390625])
array('d', [-27.867773437500002, -0.2333984375, 19.60546875, 0.1400390625])
array('d', [-26.700781250000002, 0.046679687500000004, 19.2787109375, 0.37343750000000003])
array('d', [-27.3076171875, -0.2333984375, 19.3720703125, -0.1400390625])
array('d', [-27.3076171875, -0.2333984375, 19.3720703125, -0.1400390625])
array('d', [-27.3076171875, -0.2333984375, 19.3720703125, -0.1400390625])
array('d', [-26.467382812500002, -0.2333984375, 19.60546875, 0.1400390625])
array('d', [-27.2142578125, -0.8402343750000001, 20.072265625, -0.0])
array('d', [-25.860546875, 0.56015625, 19.2787109375, -0.0])
array('d', [-25.860546875, 0.56015625, 19.2787109375, -0.0])
array('d', [-25.860546875, 0.56015625, 19.2787109375, -0.0])
array('d', [-25.860546875, 0.8869140625, 19.3720703125, 0.1400390625])
array('d', [-27.44765625, 0.8869140625, 19.3720703125, 0.1400390625])
array('d', [-26.3740234375, -0.1400390625, 19.60546875, -0.42011718750000004])
array('d', [-26.700781250000002, 1.213671875, 19.60546875, -0.42011718750000004])
array('d', [-26.700781250000002, 1.213671875, 19.60546875, -0.42011718750000004])
array('d', [-26.700781250000002, 1.213671875, 19.60546875, -0.42011718750000004])
array('d', [-26.700781250000002, 1.213671875, 19.60546875, 0.1400390625])
array('d', [-27.3076171875, 0.466796875, 19.60546875, -0.280078125])
array('d', [-26.794140625, -0.56015625, 20.2123046875, -0.0])
array('d', [-26.934179687500002, 0.280078125, 19.3720703125, 0.56015625])
array('d', [-26.934179687500002, 0.280078125, 19.3720703125, 0.37343750000000003])
array('d', [-26.607421875, 0.466796875, 19.932226562500002, 0.37343750000000003])
array('d', [-27.120898437500003, -0.7001953125, 19.2787109375, -0.1400390625])
array('d', [-27.120898437500003, 0.8869140625, 19.60546875, 0.280078125])
array('d', [-27.120898437500003, 0.8869140625, 19.60546875, 0.280078125])
array('d', [-26.934179687500002, 0.18671875000000002, 19.932226562500002, -0.0])
array('d', [-27.3076171875, 0.18671875000000002, 19.60546875, -0.0])
array('d', [-27.3076171875, 0.18671875000000002, 19.60546875, -0.0])
array('d', [-25.860546875, -0.9802734375000001, 19.2787109375, 0.2333984375])
array('d', [-27.2142578125, -0.56015625, 19.2787109375, 0.37343750000000003])
array('d', [-27.2142578125, -0.56015625, 19.2787109375, 0.37343750000000003])
array('d', [-27.2142578125, -0.56015625, 19.2787109375, 0.37343750000000003])
array('d', [-26.700781250000002, 0.56015625, 19.512109375, -0.1400390625])
array('d', [-27.3076171875, -0.1400390625, 19.2787109375, -0.18671875000000002])
array('d', [-27.3076171875, -0.1400390625, 19.2787109375, -0.18671875000000002])
array('d', [-27.3076171875, -0.1400390625, 19.2787109375, -0.18671875000000002])
array('d', [-27.3076171875, -0.1400390625, 19.2787109375, -0.18671875000000002])
array('d', [-27.3076171875, -0.1400390625, 19.2787109375, -0.18671875000000002])
array('d', [-27.3076171875, 0.37343750000000003, 19.97890625, 0.37343750000000003])
array('d', [-26.934179687500002, 0.37343750000000003, 19.97890625, 0.37343750000000003])
array('d', [-27.0275390625, -0.56015625, 19.932226562500002, -0.3267578125])
array('d', [-27.0275390625, -0.56015625, 19.932226562500002, -0.3267578125])
array('d', [-27.0275390625, -0.56015625, 19.932226562500002, -0.3267578125])
array('d', [-27.0275390625, -0.56015625, 19.932226562500002, -0.3267578125])
array('d', [-26.3740234375, -0.2333984375, 19.512109375, -0.1400390625])
array('d', [-27.3076171875, 0.7001953125, 19.60546875, -0.0])
array('d', [-26.934179687500002, 1.213671875, 19.512109375, -0.1400390625])
array('d', [-26.934179687500002, 1.213671875, 19.512109375, -0.1400390625])
array('d', [-26.934179687500002, 1.213671875, 19.512109375, -0.1400390625])
array('d', [-27.541015625, -0.9802734375000001, 19.1853515625, -0.0])
array('d', [-27.541015625, -0.9802734375000001, 20.072265625, 0.280078125])
array('d', [-26.467382812500002, 0.18671875000000002, 20.072265625, 0.280078125])
array('d', [-26.794140625, -0.8402343750000001, 20.0255859375, -0.280078125])
array('d', [-26.934179687500002, -0.42011718750000004, 18.9052734375, 0.2333984375])
array('d', [-26.934179687500002, -0.42011718750000004, 19.2787109375, -0.3267578125])
array('d', [-26.467382812500002, 0.56015625, 19.2787109375, -0.3267578125])
array('d', [-26.467382812500002, 0.56015625, 19.2787109375, -0.3267578125])
array('d', [-27.2142578125, 0.18671875000000002, 19.1853515625, 0.1400390625])
array('d', [-27.2142578125, 0.8869140625, 19.2787109375, 0.56015625])
array('d', [-27.2142578125, 0.8869140625, 19.2787109375, -0.1400390625])
array('d', [-25.953906250000003, -0.8402343750000001, 19.2787109375, -0.1400390625])
array('d', [-27.120898437500003, 0.7468750000000001, 19.932226562500002, -0.42011718750000004])
array('d', [-27.120898437500003, 0.7468750000000001, 19.1853515625, -0.1400390625])
array('d', [-26.467382812500002, 0.466796875, 19.1853515625, -0.1400390625])
array('d', [-26.467382812500002, 0.466796875, 19.60546875, 0.7001953125])
array('d', [-27.3076171875, 0.56015625, 19.60546875, 0.2333984375])
array('d', [-27.3076171875, 0.56015625, 19.60546875, -0.5134765625000001])
array('d', [-26.467382812500002, -0.2333984375, 19.932226562500002, -0.5134765625000001])
array('d', [-26.467382812500002, -0.2333984375, 19.932226562500002, -0.5134765625000001])
array('d', [-26.467382812500002, -0.2333984375, 19.932226562500002, -0.5134765625000001])
array('d', [-27.2142578125, 0.046679687500000004, 19.60546875, -0.1400390625])
array('d', [-27.634375000000002, 0.18671875000000002, 19.512109375, -0.1400390625])
array('d', [-27.634375000000002, 0.18671875000000002, 19.512109375, -0.1400390625])
array('d', [-26.700781250000002, 1.587109375, 19.41875, 0.56015625])
array('d', [-27.3076171875, 0.466796875, 19.2787109375, 0.1400390625])
array('d', [-27.3076171875, 0.280078125, 19.698828125000002, -0.280078125])
array('d', [-27.3076171875, 0.280078125, 19.698828125000002, -0.280078125])
array('d', [-26.934179687500002, -0.1400390625, 19.932226562500002, -0.1400390625])
array('d', [-28.054492187500003, 1.213671875, 19.8388671875, -0.1400390625])
array('d', [-28.054492187500003, 1.213671875, 19.8388671875, -0.1400390625])
array('d', [-26.3740234375, 0.18671875000000002, 19.3720703125, 0.1400390625])
array('d', [-26.3740234375, 0.18671875000000002, 19.3720703125, 0.1400390625])
array('d', [-26.3740234375, 0.18671875000000002, 19.3720703125, 0.1400390625])
array('d', [-27.3076171875, -0.56015625, 19.2787109375, 0.1400390625])
array('d', [-26.047265625, -0.42011718750000004, 19.1853515625, -0.1400390625])
array('d', [-26.047265625, -0.42011718750000004, 19.60546875, -0.0])
array('d', [-26.047265625, -0.2333984375, 19.60546875, -0.0])
array('d', [-26.2806640625, -1.2603515625000001, 19.60546875, 0.37343750000000003])
array('d', [-26.047265625, -1.2603515625000001, 19.932226562500002, -0.0])
array('d', [-26.047265625, -1.2603515625000001, 19.932226562500002, 0.280078125])
array('d', [-26.047265625, -1.2603515625000001, 19.932226562500002, 0.280078125])
array('d', [-26.047265625, -1.2603515625000001, 19.932226562500002, 0.280078125])
array('d', [-26.047265625, -1.2603515625000001, 19.932226562500002, 0.280078125])
array('d', [-25.953906250000003, -0.2333984375, 19.60546875, 0.1400390625])
array('d', [-25.860546875, 0.466796875, 19.2787109375, 0.1400390625])
array('d', [-27.2142578125, -0.1400390625, 19.8388671875, 0.2333984375])
array('d', [-27.2142578125, -0.1400390625, 19.8388671875, 0.2333984375])
array('d', [-27.2142578125, -0.1400390625, 19.8388671875, 0.2333984375])
array('d', [-27.2142578125, -0.1400390625, 19.8388671875, 0.2333984375])
array('d', [-26.934179687500002, -0.9802734375000001, 19.8388671875, -0.0])
array('d', [-26.2806640625, 0.280078125, 18.951953125, -0.466796875])
array('d', [-26.2806640625, 0.280078125, 18.951953125, -0.1400390625])
array('d', [-27.3076171875, -0.9802734375000001, 19.932226562500002, -0.1400390625])
array('d', [-26.3740234375, -0.42011718750000004, 19.8388671875, 0.280078125])
array('d', [-27.2142578125, -0.2333984375, 19.1853515625, 0.1400390625])
array('d', [-27.2142578125, -0.7001953125, 19.932226562500002, -0.0])
array('d', [-27.3076171875, -0.7001953125, 19.932226562500002, -0.0])
array('d', [-27.2142578125, 0.046679687500000004, 20.2123046875, -0.56015625])
array('d', [-26.934179687500002, -0.9802734375000001, 19.8388671875, 0.42011718750000004])
array('d', [-26.934179687500002, -0.9802734375000001, 19.8388671875, 0.42011718750000004])
array('d', [-26.934179687500002, -0.9802734375000001, 19.8388671875, 0.42011718750000004])
array('d', [-26.934179687500002, -0.9802734375000001, 19.8388671875, 0.42011718750000004])
array('d', [-26.794140625, -0.9802734375000001, 19.512109375, -0.0])
array('d', [-26.794140625, -0.9802734375000001, 19.932226562500002, -0.42011718750000004])
array('d', [-26.934179687500002, -0.7001953125, 19.932226562500002, -0.42011718750000004])
array('d', [-26.934179687500002, -0.7001953125, 19.932226562500002, -0.42011718750000004])
array('d', [-25.953906250000003, 0.18671875000000002, 19.2787109375, 0.1400390625])
array('d', [-27.120898437500003, -0.56015625, 19.2787109375, -0.0])
array('d', [-26.3740234375, -0.56015625, 19.2787109375, 0.1400390625])
array('d', [-26.934179687500002, -0.2333984375, 19.60546875, -0.42011718750000004])
array('d', [-26.934179687500002, -0.2333984375, 19.60546875, -0.5134765625000001])
array('d', [-27.0275390625, 0.046679687500000004, 18.951953125, -0.5134765625000001])
array('d', [-27.2142578125, 0.046679687500000004, 19.698828125000002, -0.0])
array('d', [-27.541015625, 0.046679687500000004, 19.2787109375, 0.37343750000000003])
array('d', [-27.541015625, -0.9802734375000001, 19.512109375, 0.1400390625])
array('d', [-26.467382812500002, -0.9802734375000001, 19.932226562500002, 0.56015625])
array('d', [-27.44765625, 0.7468750000000001, 19.932226562500002, 0.56015625])
array('d', [-26.934179687500002, 0.8869140625, 19.60546875, 0.1400390625])
array('d', [-26.934179687500002, 1.0269531250000001, 19.2787109375, 0.1400390625])
array('d', [-26.467382812500002, 0.18671875000000002, 18.951953125, 2.7541015625000003])
array('d', [-26.467382812500002, 0.18671875000000002, 18.951953125, 0.1400390625])
array('d', [-26.794140625, 0.046679687500000004, 19.8388671875, 0.1400390625])
array('d', [-26.934179687500002, -0.56015625, 19.2787109375, 0.1400390625])
array('d', [-26.934179687500002, -0.56015625, 19.60546875, -0.1400390625])
array('d', [-25.20703125, 0.18671875000000002, 19.60546875, -0.1400390625])
array('d', [-26.3740234375, -0.2333984375, 19.512109375, -0.280078125])
array('d', [-26.794140625, 0.18671875000000002, 19.60546875, 0.280078125])
array('d', [-26.794140625, 1.30703125, 19.932226562500002, 0.1400390625])
array('d', [-26.794140625, 1.30703125, 19.932226562500002, 0.7001953125])
array('d', [-26.3740234375, 0.18671875000000002, 19.97890625, 0.7001953125])
array('d', [-27.3076171875, 0.466796875, 19.7455078125, -0.42011718750000004])
array('d', [-27.4943359375, -0.9802734375000001, 19.932226562500002, -0.42011718750000004])
array('d', [-27.3076171875, -0.2333984375, 19.60546875, 0.1400390625])
array('d', [-26.467382812500002, -0.8402343750000001, 19.60546875, -0.0])
array('d', [-26.467382812500002, -0.37343750000000003, 19.60546875, 0.1400390625])
array('d', [-25.860546875, -0.37343750000000003, 19.60546875, 0.1400390625])
array('d', [-26.140625, 0.8869140625, 19.1853515625, 0.280078125])
array('d', [-26.140625, 0.8869140625, 19.1853515625, 0.280078125])
array('d', [-26.3740234375, 0.046679687500000004, 19.512109375, 0.56015625])
array('d', [-26.934179687500002, -0.2333984375, 19.2787109375, -0.1400390625])
array('d', [-26.467382812500002, -0.9802734375000001, 19.8388671875, -0.1400390625])
array('d', [-26.467382812500002, -0.9802734375000001, 19.932226562500002, 0.42011718750000004])
array('d', [-27.2142578125, -0.9802734375000001, 19.932226562500002, 0.42011718750000004])
array('d', [-25.953906250000003, 0.8869140625, 19.2787109375, -0.3267578125])
array('d', [-27.120898437500003, 0.466796875, 19.60546875, -0.1400390625])
array('d', [-27.120898437500003, 0.466796875, 19.60546875, -0.1400390625])
array('d', [-26.2806640625, -0.046679687500000004, 20.2123046875, -0.1400390625])
array('d', [-27.2142578125, 0.7468750000000001, 19.932226562500002, -0.3267578125])
array('d', [-27.2142578125, 0.7468750000000001, 19.932226562500002, -0.3267578125])
array('d', [-27.2142578125, 0.7468750000000001, 19.932226562500002, -0.3267578125])
array('d', [-27.2142578125, 0.7468750000000001, 19.932226562500002, -0.3267578125])
array('d', [-27.2142578125, 0.7468750000000001, 19.932226562500002, -0.3267578125])
array('d', [-26.700781250000002, -0.1400390625, 19.41875, -0.3267578125])
array('d', [-26.700781250000002, -0.9802734375000001, 20.2123046875, -0.42011718750000004])
array('d', [-26.700781250000002, -0.9802734375000001, 20.2123046875, -0.0])
array('d', [-26.2806640625, 0.37343750000000003, 19.698828125000002, -0.1400390625])
array('d', [-26.467382812500002, 0.7468750000000001, 19.932226562500002, 0.09335937500000001])
array('d', [-26.3740234375, 0.56015625, 19.932226562500002, 0.09335937500000001])
array('d', [-27.3076171875, 0.046679687500000004, 20.0255859375, -0.3267578125])
array('d', [-26.794140625, 0.466796875, 19.60546875, -0.0])
array('d', [-26.3740234375, 0.7468750000000001, 19.60546875, -0.280078125])
array('d', [-26.3740234375, 0.7468750000000001, 19.60546875, -0.280078125])
array('d', [-27.634375000000002, 0.466796875, 19.60546875, 0.2333984375])
array('d', [-27.634375000000002, -0.56015625, 19.41875, -0.280078125])
array('d', [-27.44765625, -0.56015625, 19.41875, -0.280078125])
array('d', [-26.794140625, 0.280078125, 19.8388671875, -0.280078125])
array('d', [-26.794140625, 0.280078125, 19.8388671875, -0.280078125])
array('d', [-26.794140625, -0.8402343750000001, 19.2787109375, -0.1400390625])
array('d', [-26.794140625, -0.8402343750000001, 19.2787109375, 0.2333984375])
array('d', [-26.934179687500002, 0.466796875, 19.512109375, 0.2333984375])
array('d', [-27.634375000000002, -0.046679687500000004, 19.512109375, 0.56015625])
array('d', [-25.860546875, 0.7468750000000001, 19.60546875, -0.1400390625])
array('d', [-25.860546875, 0.7468750000000001, 19.60546875, -0.280078125])
array('d', [-26.700781250000002, 0.18671875000000002, 20.2123046875, -0.280078125])
array('d', [-26.794140625, 0.046679687500000004, 19.512109375, -0.1400390625])
array('d', [-27.727734375, -1.0736328125, 19.60546875, -0.0])
array('d', [-27.727734375, -1.0736328125, 19.60546875, 0.046679687500000004])
array('d', [-25.953906250000003, -1.0736328125, 19.8388671875, 0.046679687500000004])
array('d', [-26.3740234375, 0.18671875000000002, 19.2787109375, -0.42011718750000004])
array('d', [-26.3740234375, 0.18671875000000002, 19.2787109375, -0.42011718750000004])
array('d', [-27.3076171875, 0.18671875000000002, 19.2787109375, -0.42011718750000004])
array('d', [-27.3076171875, 0.18671875000000002, 19.2787109375, 0.046679687500000004])
array('d', [-27.0275390625, -0.2333984375, 19.2787109375, -0.42011718750000004])
array('d', [-26.794140625, -0.2333984375, 19.2787109375, -0.42011718750000004])
array('d', [-26.047265625, -0.9802734375000001, 19.2787109375, -0.0])
array('d', [-26.047265625, -0.9802734375000001, 19.2787109375, -0.0])
array('d', [-26.047265625, -0.9802734375000001, 19.2787109375, -0.0])
array('d', [-26.047265625, -0.9802734375000001, 19.2787109375, -0.0])
array('d', [-27.634375000000002, 0.280078125, 18.9052734375, 0.37343750000000003])
array('d', [-27.3076171875, 0.466796875, 19.7455078125, -0.1400390625])
array('d', [-27.3076171875, 0.466796875, 19.7455078125, 0.046679687500000004])
array('d', [-27.3076171875, -0.2333984375, 19.7455078125, 0.046679687500000004])
array('d', [-27.3076171875, -0.2333984375, 19.7455078125, 0.046679687500000004])
array('d', [-27.3076171875, -0.2333984375, 19.2787109375, -0.42011718750000004])
array('d', [-26.934179687500002, 0.56015625, 19.2787109375, -0.42011718750000004])
array('d', [-27.727734375, -0.2333984375, 19.2787109375, -0.1400390625])
array('d', [-27.2142578125, 0.8869140625, 19.2787109375, -0.1400390625])
array('d', [-27.2142578125, 0.8869140625, 19.2787109375, -0.1400390625])
array('d', [-27.2142578125, 0.8869140625, 19.2787109375, -0.1400390625])
array('d', [-27.2142578125, 0.8869140625, 19.2787109375, -0.1400390625])
array('d', [-27.2142578125, 0.8869140625, 19.2787109375, -0.1400390625])
array('d', [-27.2142578125, 0.8869140625, 19.8388671875, -0.0])
array('d', [-26.794140625, 0.56015625, 19.512109375, -0.0])
array('d', [-28.1478515625, 0.046679687500000004, 19.932226562500002, 0.280078125])
array('d', [-28.1478515625, -0.1400390625, 19.512109375, 0.56015625])
array('d', [-26.467382812500002, -0.1400390625, 19.512109375, 0.56015625])
array('d', [-25.953906250000003, 0.046679687500000004, 19.8388671875, 0.280078125])
array('d', [-26.3740234375, 0.7468750000000001, 19.60546875, -0.42011718750000004])
array('d', [-26.3740234375, 0.7468750000000001, 19.60546875, -0.42011718750000004])
array('d', [-26.3740234375, -0.8402343750000001, 19.60546875, -0.1400390625])
array('d', [-26.794140625, -0.8402343750000001, 19.60546875, -0.1400390625])
array('d', [-26.700781250000002, -0.1400390625, 19.3720703125, -0.280078125])
array('d', [-25.953906250000003, 1.30703125, 19.1853515625, 0.1400390625])
array('d', [-26.5607421875, -0.7001953125, 19.2787109375, 0.1400390625])
array('d', [-27.3076171875, 0.280078125, 19.60546875, -0.56015625])
array('d', [-27.3076171875, -1.2603515625000001, 19.512109375, -0.0])
array('d', [-26.467382812500002, -1.2603515625000001, 19.512109375, -0.0])
array('d', [-26.140625, 0.8869140625, 19.7455078125, 0.1400390625])
array('d', [-27.2142578125, 0.466796875, 19.60546875, -0.1400390625])
array('d', [-27.2142578125, 0.466796875, 19.60546875, 0.1400390625])
array('d', [-26.794140625, 0.37343750000000003, 19.60546875, 0.1400390625])
array('d', [-26.934179687500002, -1.2603515625000001, 19.97890625, -0.42011718750000004])
array('d', [-27.2142578125, -0.8402343750000001, 20.072265625, -0.42011718750000004])
array('d', [-27.2142578125, -0.8402343750000001, 20.072265625, -0.42011718750000004])
array('d', [-27.2142578125, -0.8402343750000001, 20.072265625, -0.42011718750000004])
array('d', [-27.2142578125, -0.8402343750000001, 20.072265625, -0.8402343750000001])
array('d', [-26.047265625, -0.2333984375, 19.512109375, -0.56015625])
array('d', [-26.047265625, 1.587109375, 19.60546875, 0.1400390625])
array('d', [-27.120898437500003, 1.587109375, 19.60546875, 0.1400390625])
array('d', [-26.934179687500002, 0.466796875, 19.2787109375, 0.280078125])
array('d', [-26.140625, 0.8869140625, 19.8388671875, -0.1400390625])
array('d', [-26.140625, 0.8869140625, 19.2787109375, 0.280078125])
array('d', [-26.140625, 0.8869140625, 19.2787109375, 0.280078125])
array('d', [-27.44765625, -1.6804687500000002, 19.0453125, 0.37343750000000003])
array('d', [-26.700781250000002, -0.56015625, 20.0255859375, -0.0])
array('d', [-26.700781250000002, -0.56015625, 20.0255859375, 0.280078125])
array('d', [-27.2142578125, 0.56015625, 19.512109375, 0.280078125])
array('d', [-26.934179687500002, 0.7468750000000001, 19.2787109375, -0.0])
array('d', [-26.934179687500002, -0.7001953125, 19.932226562500002, -0.1400390625])
array('d', [-27.44765625, -0.7001953125, 19.932226562500002, -0.1400390625])
array('d', [-27.120898437500003, -0.7001953125, 19.932226562500002, -0.42011718750000004])
array('d', [-25.300390625000002, 0.7468750000000001, 19.60546875, 0.37343750000000003])
array('d', [-25.300390625000002, -0.1400390625, 19.60546875, 0.1400390625])
array('d', [-27.3076171875, -0.1400390625, 19.60546875, 0.1400390625])
array('d', [-27.120898437500003, -0.56015625, 19.932226562500002, -0.280078125])
array('d', [-27.120898437500003, -0.7001953125, 19.698828125000002, -0.0])
array('d', [-27.2142578125, -0.7001953125, 19.698828125000002, -0.0])
array('d', [-27.2142578125, -0.7001953125, 19.698828125000002, -0.0])
array('d', [-27.2142578125, -0.7001953125, 19.8388671875, -0.1400390625])
array('d', [-27.2142578125, -0.2333984375, 19.8388671875, -0.1400390625])
array('d', [-26.794140625, 0.18671875000000002, 19.512109375, -0.0])
array('d', [-27.634375000000002, -0.7001953125, 19.8388671875, -0.1400390625])
array('d', [-27.634375000000002, -0.7001953125, 19.8388671875, 0.5134765625000001])
array('d', [-25.860546875, -0.2333984375, 19.932226562500002, 0.5134765625000001])
array('d', [-27.867773437500002, -0.1400390625, 19.60546875, -0.1400390625])
array('d', [-27.867773437500002, 0.466796875, 19.60546875, -0.1400390625])
array('d', [-25.4404296875, 0.466796875, 19.60546875, -0.1400390625])
array('d', [-27.2142578125, 0.8869140625, 19.60546875, 0.37343750000000003])
array('d', [-27.541015625, -0.56015625, 19.3720703125, -0.0])
array('d', [-27.541015625, -0.56015625, 19.3720703125, -0.42011718750000004])
array('d', [-26.2806640625, 0.18671875000000002, 19.2787109375, -0.42011718750000004])
array('d', [-27.3076171875, -1.6804687500000002, 19.2787109375, 0.56015625])
array('d', [-26.5607421875, -1.6804687500000002, 19.2787109375, 0.56015625])
array('d', [-26.5607421875, -1.6804687500000002, 19.2787109375, 0.56015625])
array('d', [-26.5607421875, -1.6804687500000002, 19.2787109375, 0.56015625])
array('d', [-26.5607421875, 1.213671875, 19.60546875, -0.42011718750000004])
array('d', [-26.2806640625, -0.1400390625, 18.951953125, 0.1400390625])
array('d', [-26.2806640625, -0.1400390625, 18.951953125, -0.1400390625])
array('d', [-25.720507812500003, 0.466796875, 18.9052734375, -0.1400390625])
array('d', [-26.2806640625, 0.18671875000000002, 19.41875, -0.0])
array('d', [-26.700781250000002, 1.213671875, 19.512109375, 0.37343750000000003])
array('d', [-26.700781250000002, 1.213671875, 19.932226562500002, -0.0])
array('d', [-26.794140625, -0.2333984375, 19.932226562500002, -0.0])
array('d', [-27.634375000000002, -0.56015625, 19.60546875, -0.1400390625])
array('d', [-27.0275390625, -0.37343750000000003, 19.60546875, 0.280078125])
array('d', [-27.0275390625, -0.37343750000000003, 19.60546875, -0.0])
array('d', [-27.0275390625, -0.2333984375, 19.60546875, -0.0])
array('d', [-26.934179687500002, 0.046679687500000004, 19.512109375, -0.42011718750000004])
array('d', [-27.634375000000002, 0.18671875000000002, 19.41875, -0.280078125])
array('d', [-27.634375000000002, 0.18671875000000002, 19.41875, 0.046679687500000004])
array('d', [-26.3740234375, -0.1400390625, 19.7455078125, 0.046679687500000004])
array('d', [-27.867773437500002, 0.18671875000000002, 19.512109375, -0.0])
array('d', [-27.867773437500002, 0.18671875000000002, 19.8388671875, -0.280078125])
array('d', [-27.3076171875, 0.18671875000000002, 19.8388671875, -0.280078125])
array('d', [-27.2142578125, 0.18671875000000002, 19.3720703125, 0.1400390625])
array('d', [-26.794140625, -0.2333984375, 19.2787109375, -0.42011718750000004])
array('d', [-26.794140625, -0.2333984375, 19.2787109375, 0.5134765625000001])
array('d', [-27.0275390625, -0.37343750000000003, 19.2787109375, 0.5134765625000001])
array('d', [-27.0275390625, -1.3537109375, 19.60546875, 0.280078125])
array('d', [-27.3076171875, -0.7001953125, 19.60546875, 0.1400390625])
array('d', [-27.3076171875, -0.7001953125, 19.60546875, 0.1400390625])
array('d', [-27.3076171875, -0.7001953125, 19.60546875, 0.1400390625])
array('d', [-27.3076171875, -0.7001953125, 19.60546875, 0.1400390625])
array('d', [-27.3076171875, -0.1400390625, 19.60546875, 0.280078125])
array('d', [-27.2142578125, -0.1400390625, 19.60546875, 0.280078125])
array('d', [-26.934179687500002, -0.42011718750000004, 19.60546875, -0.18671875000000002])
array('d', [-26.2806640625, -0.42011718750000004, 19.60546875, -0.0])
array('d', [-26.2806640625, 0.56015625, 19.60546875, -0.0])
array('d', [-26.467382812500002, 0.7468750000000001, 19.8388671875, 0.280078125])
array('d', [-26.700781250000002, -1.1203125, 19.0453125, 0.42011718750000004])
array('d', [-26.700781250000002, -1.1203125, 19.0453125, 0.42011718750000004])
array('d', [-26.700781250000002, -1.1203125, 19.0453125, 0.42011718750000004])
array('d', [-27.2142578125, 0.466796875, 19.3720703125, 0.1400390625])
array('d', [-27.2142578125, -0.56015625, 19.60546875, 0.1400390625])
array('d', [-26.794140625, -0.56015625, 19.60546875, 0.1400390625])
array('d', [-27.3076171875, 0.18671875000000002, 19.698828125000002, -0.1400390625])
array('d', [-26.2806640625, 0.046679687500000004, 19.932226562500002, -0.0])
array('d', [-26.2806640625, 0.046679687500000004, 19.932226562500002, 0.280078125])
array('d', [-26.700781250000002, 0.7468750000000001, 18.9052734375, 0.280078125])
array('d', [-26.2806640625, -0.8402343750000001, 19.1853515625, -0.56015625])
array('d', [-26.2806640625, 0.046679687500000004, 19.512109375, 0.280078125])
array('d', [-26.794140625, 0.046679687500000004, 19.512109375, 0.280078125])
array('d', [-27.867773437500002, -0.9802734375000001, 20.0255859375, -0.1400390625])
array('d', [-25.860546875, -0.37343750000000003, 19.2787109375, -0.1400390625])
array('d', [-25.860546875, -0.37343750000000003, 19.2787109375, 0.42011718750000004])
array('d', [-26.700781250000002, 0.18671875000000002, 19.60546875, 0.42011718750000004])
array('d', [-27.120898437500003, 0.18671875000000002, 19.60546875, -0.653515625])
array('d', [-27.120898437500003, -0.2333984375, 19.1853515625, -0.653515625])
array('d', [-26.140625, -0.1400390625, 19.0453125, 0.7001953125])
array('d', [-26.887500000000003, -0.56015625, 19.60546875, -0.3267578125])
array('d', [-26.887500000000003, -0.56015625, 19.60546875, -0.3267578125])
array('d', [-26.140625, -0.7001953125, 19.932226562500002, -0.280078125])
array('d', [-26.887500000000003, 0.046679687500000004, 19.8388671875, 0.2333984375])
array('d', [-26.887500000000003, -0.56015625, 19.512109375, 0.280078125])
array('d', [-26.887500000000003, -0.56015625, 19.512109375, 0.280078125])
array('d', [-26.887500000000003, -0.56015625, 19.512109375, 0.280078125])
array('d', [-27.2142578125, 0.8869140625, 19.60546875, 0.046679687500000004])
array('d', [-27.2142578125, 0.8869140625, 19.60546875, -0.1400390625])
array('d', [-27.120898437500003, -0.9802734375000001, 19.0453125, -0.1400390625])
array('d', [-26.980859375, -0.9802734375000001, 19.0453125, -0.1400390625])
array('d', [-26.980859375, -0.9802734375000001, 19.0453125, -0.1400390625])
array('d', [-26.980859375, -0.9802734375000001, 19.0453125, -0.1400390625])
array('d', [-26.980859375, -0.9802734375000001, 19.8388671875, -0.1400390625])
array('d', [-26.467382812500002, 0.046679687500000004, 19.8388671875, -0.1400390625])
array('d', [-26.5607421875, 0.7468750000000001, 18.85859375, -0.280078125])
array('d', [-26.5607421875, 0.7468750000000001, 18.85859375, -0.280078125])
array('d', [-26.5607421875, 0.7468750000000001, 18.85859375, -0.280078125])
array('d', [-26.5607421875, 0.7468750000000001, 18.85859375, -0.280078125])
array('d', [-27.3076171875, -1.2603515625000001, 19.2787109375, -0.0])
array('d', [-26.980859375, 0.8869140625, 19.2787109375, 0.1400390625])
array('d', [-26.980859375, 0.8869140625, 19.2787109375, 0.1400390625])
array('d', [-26.980859375, 0.8869140625, 19.2787109375, 0.1400390625])
array('d', [-26.980859375, 0.8869140625, 19.2787109375, 0.1400390625])
array('d', [-26.140625, -0.37343750000000003, 19.60546875, 0.9802734375000001])
array('d', [-26.700781250000002, 1.1669921875, 19.60546875, 0.9802734375000001])
array('d', [-26.794140625, -0.1400390625, 20.2123046875, 0.280078125])
array('d', [-26.794140625, -0.1400390625, 20.2123046875, 0.280078125])
array('d', [-26.794140625, -0.1400390625, 20.2123046875, 0.280078125])
array('d', [-26.794140625, -0.1400390625, 20.2123046875, 0.280078125])
array('d', [-26.980859375, 0.18671875000000002, 18.85859375, 0.280078125])
array('d', [-26.700781250000002, 1.1669921875, 19.41875, -0.1400390625])
array('d', [-26.700781250000002, 1.1669921875, 19.41875, -0.1400390625])
array('d', [-26.794140625, -0.1400390625, 19.698828125000002, -0.1400390625])
array('d', [-26.980859375, -0.2333984375, 19.512109375, -0.42011718750000004])
array('d', [-26.140625, 0.046679687500000004, 19.3720703125, 0.280078125])
array('d', [-25.767187500000002, 0.466796875, 19.7455078125, -0.0])
array('d', [-25.767187500000002, 0.466796875, 19.7455078125, 0.7001953125])
array('d', [-26.887500000000003, -1.3537109375, 19.60546875, 0.7001953125])
array('d', [-26.700781250000002, -0.56015625, 19.932226562500002, -0.0])
array('d', [-26.700781250000002, -0.56015625, 19.932226562500002, -0.1400390625])
array('d', [-26.140625, -0.2333984375, 19.138671875, -0.1400390625])
array('d', [-27.634375000000002, -0.2333984375, 19.512109375, -0.0])
array('d', [-26.794140625, -1.3537109375, 19.60546875, 0.1400390625])
array('d', [-26.794140625, -1.3537109375, 19.60546875, 0.1400390625])
array('d', [-26.794140625, -1.3537109375, 19.60546875, 0.1400390625])
array('d', [-26.794140625, -1.3537109375, 19.60546875, 0.1400390625])
array('d', [-27.4943359375, 0.280078125, 19.2787109375, 0.42011718750000004])
array('d', [-27.4943359375, 0.280078125, 19.8388671875, -0.0])
array('d', [-27.400976562500002, 0.18671875000000002, 19.8388671875, -0.0])
array('d', [-25.860546875, -0.8402343750000001, 19.60546875, 0.280078125])
array('d', [-26.047265625, 0.8869140625, 19.3720703125, 0.42011718750000004])
array('d', [-26.700781250000002, 0.7468750000000001, 19.8388671875, 0.42011718750000004])
array('d', [-27.2142578125, 0.7468750000000001, 18.9052734375, -0.280078125])
array('d', [-27.2142578125, 0.7468750000000001, 18.9052734375, 0.1400390625])
array('d', [-27.120898437500003, 0.046679687500000004, 19.7455078125, 0.1400390625])
array('d', [-25.953906250000003, 0.18671875000000002, 19.7455078125, 0.1400390625])
array('d', [-26.5607421875, -0.8402343750000001, 19.60546875, -0.56015625])
array('d', [-26.5607421875, -0.9802734375000001, 19.0453125, -0.42011718750000004])
array('d', [-26.5607421875, -0.9802734375000001, 19.60546875, -0.1400390625])
array('d', [-26.794140625, -0.9802734375000001, 19.60546875, -0.1400390625])
array('d', [-27.120898437500003, -0.42011718750000004, 19.60546875, -0.1400390625])
array('d', [-27.120898437500003, -0.42011718750000004, 19.2787109375, 0.1400390625])
array('d', [-26.467382812500002, -0.7001953125, 19.2787109375, 0.1400390625])
array('d', [-26.5607421875, 0.8869140625, 19.41875, -0.0])
array('d', [-27.634375000000002, -0.2333984375, 19.512109375, 0.1400390625])
array('d', [-27.727734375, -0.2333984375, 19.932226562500002, -0.1400390625])
array('d', [-26.794140625, -0.7001953125, 18.85859375, 0.1400390625])
array('d', [-26.794140625, 0.37343750000000003, 19.3720703125, 0.56015625])
array('d', [-27.3076171875, 0.37343750000000003, 19.3720703125, 0.56015625])
array('d', [-26.140625, -0.9802734375000001, 19.512109375, -0.0])
array('d', [-26.5607421875, 0.7468750000000001, 19.41875, -0.0])
array('d', [-26.5607421875, 0.7468750000000001, 19.1853515625, 0.7001953125])
array('d', [-27.727734375, -0.9802734375000001, 19.1853515625, 0.7001953125])
array('d', [-26.980859375, -0.2333984375, 19.698828125000002, 0.1400390625])
array('d', [-26.700781250000002, 0.18671875000000002, 19.41875, -0.0])
array('d', [-26.700781250000002, 0.18671875000000002, 18.85859375, -0.280078125])
array('d', [-26.700781250000002, 0.8869140625, 18.85859375, -0.280078125])
array('d', [-26.700781250000002, 0.8869140625, 18.85859375, -0.280078125])
array('d', [-26.700781250000002, 0.8869140625, 18.85859375, -0.280078125])
array('d', [-26.700781250000002, 0.466796875, 19.0453125, -0.0])
array('d', [-26.887500000000003, 0.18671875000000002, 20.165625000000002, -0.1400390625])
array('d', [-26.887500000000003, 0.18671875000000002, 19.8388671875, -0.1400390625])
array('d', [-26.887500000000003, 0.18671875000000002, 19.8388671875, -0.1400390625])
array('d', [-26.887500000000003, 0.18671875000000002, 19.8388671875, -0.1400390625])
array('d', [-27.120898437500003, -0.7001953125, 19.932226562500002, -0.280078125])
array('d', [-26.467382812500002, -0.9802734375000001, 19.932226562500002, -0.280078125])
array('d', [-27.3076171875, 0.046679687500000004, 19.0453125, 0.280078125])
array('d', [-27.120898437500003, 0.7468750000000001, 19.932226562500002, -0.1400390625])
array('d', [-27.120898437500003, 0.7468750000000001, 19.932226562500002, -0.0])
array('d', [-25.953906250000003, 0.046679687500000004, 19.60546875, -0.0])
array('d', [-26.5607421875, -0.7001953125, 19.60546875, -0.42011718750000004])
array('d', [-26.5607421875, 0.046679687500000004, 19.3720703125, -0.0])
array('d', [-26.887500000000003, 0.046679687500000004, 19.3720703125, -0.0])
array('d', [-26.3740234375, 0.18671875000000002, 18.9052734375, -0.280078125])
array('d', [-26.887500000000003, 1.1669921875, 19.60546875, -0.42011718750000004])
array('d', [-26.887500000000003, 1.1669921875, 19.60546875, -0.42011718750000004])
array('d', [-26.887500000000003, 0.466796875, 20.399023437500002, -0.1400390625])
array('d', [-26.700781250000002, 0.466796875, 20.399023437500002, -0.1400390625])
array('d', [-27.634375000000002, -0.1400390625, 19.60546875, -0.0])
array('d', [-27.727734375, -0.42011718750000004, 19.60546875, -0.1400390625])
array('d', [-27.727734375, -0.42011718750000004, 19.60546875, -0.56015625])
array('d', [-27.2142578125, 0.18671875000000002, 19.2787109375, -0.56015625])
array('d', [-26.2806640625, -0.9802734375000001, 19.932226562500002, -0.0])
array('d', [-26.2806640625, -0.9802734375000001, 19.932226562500002, -0.0])
array('d', [-26.5607421875, 0.56015625, 19.512109375, -0.0])
array('d', [-26.140625, 0.8869140625, 18.578515625, 0.1400390625])
array('d', [-26.140625, 1.1669921875, 20.165625000000002, 0.7001953125])
array('d', [-26.140625, 1.1669921875, 20.165625000000002, 0.7001953125])
array('d', [-26.140625, 1.1669921875, 20.165625000000002, 0.7001953125])
array('d', [-26.140625, 1.1669921875, 20.165625000000002, 0.7001953125])
array('d', [-27.3076171875, 1.1669921875, 19.2787109375, 0.1400390625])
array('d', [-26.700781250000002, -0.1400390625, 19.2787109375, 0.1400390625])
array('d', [-27.3076171875, 0.18671875000000002, 19.698828125000002, 0.280078125])
array('d', [-27.3076171875, 0.18671875000000002, 19.698828125000002, 0.280078125])
array('d', [-27.3076171875, 0.18671875000000002, 19.698828125000002, 0.280078125])
array('d', [-26.980859375, 0.18671875000000002, 19.60546875, 0.1400390625])
array('d', [-27.3076171875, -0.8402343750000001, 19.60546875, -0.0])
array('d', [-27.3076171875, 0.466796875, 19.60546875, 0.1400390625])
array('d', [-26.700781250000002, 0.466796875, 19.60546875, 0.1400390625])
array('d', [-27.914453125, -0.7001953125, 19.932226562500002, 0.1400390625])
array('d', [-27.2142578125, 0.046679687500000004, 20.258984375, -0.280078125])
array('d', [-27.2142578125, -0.2333984375, 19.932226562500002, 0.42011718750000004])
array('d', [-27.2142578125, -0.2333984375, 19.932226562500002, 0.42011718750000004])
array('d', [-27.120898437500003, -0.2333984375, 19.932226562500002, 0.42011718750000004])
array('d', [-27.634375000000002, -0.2333984375, 18.9052734375, -0.280078125])
array('d', [-26.700781250000002, 0.56015625, 19.0453125, -0.42011718750000004])
array('d', [-26.700781250000002, 0.56015625, 19.512109375, 0.280078125])
array('d', [-27.400976562500002, -0.1400390625, 19.512109375, 0.280078125])
array('d', [-26.700781250000002, -0.56015625, 19.8388671875, -0.280078125])
array('d', [-26.5607421875, 0.18671875000000002, 19.2787109375, -0.1400390625])
array('d', [-26.5607421875, 0.18671875000000002, 19.2787109375, -0.0])
array('d', [-27.2142578125, 0.7468750000000001, 19.60546875, -0.0])
array('d', [-27.120898437500003, 0.7468750000000001, 19.8388671875, 0.1400390625])
array('d', [-26.887500000000003, 0.8869140625, 19.3720703125, 0.1400390625])
array('d', [-26.887500000000003, 0.8869140625, 19.3720703125, 0.1400390625])
array('d', [-26.887500000000003, 0.8869140625, 19.3720703125, 0.1400390625])
array('d', [-27.3076171875, 0.8869140625, 18.9052734375, 0.56015625])
array('d', [-27.3076171875, 0.18671875000000002, 19.2787109375, -0.1400390625])
array('d', [-27.120898437500003, 0.18671875000000002, 19.2787109375, -0.1400390625])
array('d', [-27.120898437500003, 0.18671875000000002, 19.2787109375, -0.1400390625])
array('d', [-27.2142578125, 0.37343750000000003, 19.1853515625, 0.56015625])
array('d', [-26.140625, 1.0269531250000001, 18.951953125, -0.42011718750000004])
array('d', [-26.140625, 1.0269531250000001, 18.951953125, -0.42011718750000004])
array('d', [-26.5607421875, 1.0269531250000001, 18.951953125, -0.42011718750000004])
array('d', [-26.5607421875, -0.2333984375, 19.698828125000002, 0.42011718750000004])
array('d', [-27.727734375, 0.046679687500000004, 19.932226562500002, 0.1400390625])
array('d', [-26.700781250000002, -0.2333984375, 19.60546875, -0.42011718750000004])
array('d', [-26.700781250000002, -0.2333984375, 19.60546875, -0.42011718750000004])
array('d', [-26.700781250000002, -0.2333984375, 19.60546875, -0.42011718750000004])
array('d', [-27.2142578125, -0.56015625, 19.8388671875, -0.280078125])
array('d', [-26.980859375, -0.2333984375, 19.2787109375, 0.280078125])
array('d', [-26.887500000000003, -0.1400390625, 19.2787109375, 0.280078125])
array('d', [-26.887500000000003, -0.1400390625, 19.2787109375, 0.280078125])
array('d', [-26.700781250000002, -0.2333984375, 19.7455078125, 0.1400390625])
array('d', [-27.120898437500003, 0.466796875, 19.932226562500002, 0.280078125])
array('d', [-27.120898437500003, 0.466796875, 19.932226562500002, 0.280078125])
array('d', [-27.120898437500003, 0.466796875, 19.932226562500002, 0.280078125])
array('d', [-27.120898437500003, 0.466796875, 19.932226562500002, 0.280078125])
array('d', [-27.120898437500003, 0.466796875, 19.932226562500002, 0.280078125])
array('d', [-26.047265625, 0.046679687500000004, 19.7455078125, 0.280078125])
array('d', [-26.794140625, -0.9802734375000001, 19.932226562500002, 0.280078125])
array('d', [-26.700781250000002, -0.9802734375000001, 19.7455078125, -0.0])
array('d', [-26.700781250000002, -0.9802734375000001, 19.7455078125, -0.0])
array('d', [-26.700781250000002, -0.9802734375000001, 19.7455078125, -0.0])
array('d', [-26.700781250000002, -0.9802734375000001, 19.2787109375, 0.42011718750000004])
array('d', [-27.120898437500003, 0.18671875000000002, 19.2787109375, -0.0])
array('d', [-27.120898437500003, 0.046679687500000004, 18.951953125, -0.42011718750000004])
array('d', [-26.5607421875, 0.046679687500000004, 18.951953125, -0.42011718750000004])
array('d', [-27.634375000000002, 0.18671875000000002, 19.8388671875, -0.1400390625])
array('d', [-27.120898437500003, -0.2333984375, 20.258984375, 0.56015625])
array('d', [-27.120898437500003, -0.2333984375, 20.258984375, 0.56015625])
array('d', [-26.5607421875, 0.18671875000000002, 19.2787109375, 0.280078125])
array('d', [-26.140625, -0.56015625, 19.60546875, -0.280078125])
array('d', [-26.140625, 0.466796875, 18.951953125, 0.1400390625])
array('d', [-26.467382812500002, 0.466796875, 18.951953125, 0.1400390625])
array('d', [-27.120898437500003, -0.1400390625, 20.2123046875, -0.42011718750000004])
array('d', [-26.3740234375, -0.9802734375000001, 19.8388671875, -0.1400390625])
array('d', [-26.3740234375, -0.9802734375000001, 20.3056640625, -0.280078125])
array('d', [-27.2142578125, 0.42011718750000004, 20.3056640625, -0.280078125])
array('d', [-27.120898437500003, -1.6804687500000002, 19.60546875, -0.0])
array('d', [-26.700781250000002, -0.2333984375, 19.932226562500002, -0.7001953125])
array('d', [-26.700781250000002, 0.466796875, 19.932226562500002, -0.280078125])
array('d', [-26.5607421875, 0.466796875, 19.932226562500002, -0.280078125])
array('d', [-26.980859375, -0.2333984375, 19.60546875, 0.280078125])
array('d', [-26.980859375, 0.466796875, 19.60546875, -0.0])
array('d', [-26.980859375, 0.466796875, 19.60546875, -0.0])
array('d', [-27.120898437500003, -0.56015625, 19.512109375, -0.0])
array('d', [-26.5607421875, 0.18671875000000002, 19.60546875, 0.280078125])
array('d', [-27.634375000000002, 0.8869140625, 19.2787109375, -0.0])
array('d', [-27.634375000000002, 0.8869140625, 19.2787109375, -0.0])
array('d', [-27.634375000000002, 0.8869140625, 19.2787109375, -0.0])
array('d', [-27.634375000000002, 0.8869140625, 19.2787109375, -0.1400390625])
array('d', [-27.2142578125, 1.1669921875, 19.60546875, -0.1400390625])
array('d', [-26.467382812500002, -0.9802734375000001, 19.8388671875, 0.1400390625])
array('d', [-26.467382812500002, 0.280078125, 18.951953125, 0.1400390625])
array('d', [-27.120898437500003, 0.280078125, 18.951953125, -0.0])
array('d', [-26.980859375, -1.3537109375, 18.951953125, -0.0])
array('d', [-26.5607421875, 0.466796875, 19.41875, -0.42011718750000004])
array('d', [-26.5607421875, 0.466796875, 19.41875, -0.42011718750000004])
array('d', [-26.5607421875, 0.466796875, 19.41875, -0.42011718750000004])
array('d', [-26.5607421875, 0.466796875, 19.41875, -0.42011718750000004])
array('d', [-27.914453125, -0.2333984375, 19.60546875, -0.42011718750000004])
array('d', [-27.914453125, -0.2333984375, 19.2787109375, 0.1400390625])
array('d', [-26.794140625, 0.046679687500000004, 19.2787109375, 0.1400390625])
array('d', [-26.794140625, 0.046679687500000004, 19.2787109375, 0.1400390625])
array('d', [-26.5607421875, 0.7468750000000001, 19.60546875, -0.1400390625])
array('d', [-26.5607421875, -0.9802734375000001, 19.60546875, -0.1400390625])
array('d', [-26.5607421875, 1.1669921875, 19.60546875, 0.280078125])
array('d', [-26.5607421875, -0.2333984375, 19.60546875, -0.0])
array('d', [-26.047265625, -0.2333984375, 19.60546875, -0.0])
array('d', [-27.120898437500003, 0.466796875, 18.9052734375, 0.7001953125])
array('d', [-27.120898437500003, -0.8402343750000001, 19.1853515625, -0.280078125])
array('d', [-27.120898437500003, -0.8402343750000001, 19.1853515625, -0.280078125])
array('d', [-27.120898437500003, -0.8402343750000001, 19.1853515625, -0.280078125])
array('d', [-27.3076171875, -0.2333984375, 19.7455078125, -0.42011718750000004])
array('d', [-27.3076171875, 0.466796875, 19.512109375, -0.1400390625])
array('d', [-27.2142578125, 0.466796875, 19.512109375, -0.1400390625])
array('d', [-27.120898437500003, 0.7468750000000001, 19.932226562500002, -0.1400390625])
array('d', [-27.4943359375, 0.046679687500000004, 19.512109375, 0.280078125])
array('d', [-27.4943359375, 0.046679687500000004, 19.512109375, -0.0])
array('d', [-26.2806640625, -0.7001953125, 19.41875, -0.0])
array('d', [-26.2806640625, -0.7001953125, 19.41875, -0.0])
array('d', [-26.2806640625, -0.7001953125, 19.41875, -0.0])
array('d', [-26.2806640625, -0.7001953125, 19.41875, -0.0])
array('d', [-26.2806640625, 0.466796875, 19.932226562500002, -0.0])
array('d', [-26.3740234375, 0.466796875, 19.2787109375, -0.280078125])
array('d', [-26.3740234375, 0.466796875, 19.2787109375, -0.280078125])
array('d', [-26.794140625, 0.18671875000000002, 19.932226562500002, -0.280078125])
array('d', [-27.120898437500003, -0.56015625, 19.932226562500002, -0.37343750000000003])
array('d', [-27.120898437500003, 0.280078125, 19.60546875, 0.280078125])
array('d', [-26.5607421875, 0.280078125, 19.60546875, 0.280078125])
array('d', [-26.5607421875, 0.280078125, 19.60546875, 0.280078125])
array('d', [-26.5607421875, 0.280078125, 19.60546875, 0.280078125])
array('d', [-26.5607421875, 0.280078125, 19.60546875, 0.280078125])
array('d', [-25.860546875, 0.046679687500000004, 19.8388671875, 0.1400390625])
array('d', [-26.5607421875, -0.9802734375000001, 19.8388671875, -0.280078125])
array('d', [-26.5607421875, -0.56015625, 20.2123046875, 0.280078125])
array('d', [-26.5607421875, -0.56015625, 20.2123046875, 0.280078125])
array('d', [-26.5607421875, -0.56015625, 20.2123046875, 0.280078125])
array('d', [-27.2142578125, 0.18671875000000002, 19.698828125000002, -0.42011718750000004])
array('d', [-26.5607421875, 0.8869140625, 19.60546875, -0.280078125])
array('d', [-26.5607421875, 0.8869140625, 19.60546875, 0.1400390625])
array('d', [-27.4943359375, 0.046679687500000004, 19.60546875, 0.1400390625])
array('d', [-27.120898437500003, -0.37343750000000003, 19.2787109375, 0.1400390625])
array('d', [-26.5607421875, -0.42011718750000004, 19.60546875, -0.1400390625])
array('d', [-26.5607421875, -0.42011718750000004, 19.41875, 0.7001953125])
array('d', [-26.5607421875, 0.56015625, 19.41875, 0.7001953125])
array('d', [-26.5607421875, -0.1400390625, 19.2787109375, 0.1400390625])
array('d', [-25.767187500000002, -0.9802734375000001, 20.165625000000002, -0.1400390625])
array('d', [-25.767187500000002, -0.9802734375000001, 20.165625000000002, -0.1400390625])
array('d', [-25.767187500000002, -0.9802734375000001, 20.165625000000002, -0.1400390625])
array('d', [-25.767187500000002, -0.9802734375000001, 20.165625000000002, -0.1400390625])
array('d', [-25.767187500000002, -0.9802734375000001, 20.165625000000002, -0.1400390625])
array('d', [-27.120898437500003, 0.046679687500000004, 19.0453125, -0.0])
array('d', [-26.700781250000002, 0.18671875000000002, 19.60546875, -0.1400390625])
array('d', [-26.700781250000002, 0.466796875, 19.8388671875, -0.0])
array('d', [-26.700781250000002, 0.466796875, 19.8388671875, -0.0])
array('d', [-26.700781250000002, 0.466796875, 19.8388671875, -0.0])
array('d', [-27.120898437500003, -0.2333984375, 19.2787109375, -0.1400390625])
array('d', [-27.120898437500003, -0.2333984375, 19.2787109375, 0.1400390625])
array('d', [-26.2806640625, -0.2333984375, 19.60546875, 0.1400390625])
array('d', [-26.2806640625, -0.1400390625, 19.3720703125, 0.1400390625])
array('d', [-26.794140625, -0.9802734375000001, 19.8388671875, 0.56015625])
array('d', [-27.120898437500003, -0.9802734375000001, 19.8388671875, 0.56015625])
array('d', [-26.700781250000002, 1.9138671875000002, 19.60546875, -0.42011718750000004])
array('d', [-26.700781250000002, 1.9138671875000002, 19.60546875, -0.42011718750000004])
array('d', [-26.700781250000002, 1.9138671875000002, 19.60546875, -0.42011718750000004])
array('d', [-27.3076171875, -0.2333984375, 19.0453125, 0.1400390625])
array('d', [-26.3740234375, 1.4470703125000002, 19.1853515625, -0.280078125])
array('d', [-26.3740234375, 1.4470703125000002, 19.1853515625, -0.1400390625])
array('d', [-26.3740234375, 1.4470703125000002, 19.1853515625, -0.1400390625])
array('d', [-26.3740234375, 1.4470703125000002, 19.1853515625, -0.1400390625])
array('d', [-26.3740234375, 1.4470703125000002, 19.1853515625, -0.1400390625])
array('d', [-26.794140625, 0.466796875, 19.60546875, -0.0])
array('d', [-26.794140625, 0.466796875, 19.60546875, -0.0])
array('d', [-26.2806640625, 0.046679687500000004, 19.2787109375, -0.1400390625])
array('d', [-26.3740234375, 1.30703125, 19.2787109375, 0.56015625])
array('d', [-26.3740234375, 1.30703125, 19.2787109375, 0.280078125])
array('d', [-26.980859375, 0.046679687500000004, 20.0255859375, 0.280078125])
array('d', [-26.794140625, -0.9802734375000001, 19.932226562500002, 0.1400390625])
array('d', [-26.794140625, -0.9802734375000001, 19.932226562500002, 0.1400390625])
array('d', [-26.794140625, -0.9802734375000001, 19.932226562500002, 0.1400390625])
array('d', [-26.794140625, -0.9802734375000001, 19.932226562500002, 0.1400390625])
array('d', [-26.700781250000002, 0.466796875, 19.932226562500002, -0.1400390625])
array('d', [-26.700781250000002, 0.466796875, 19.2787109375, -0.42011718750000004])
array('d', [-26.140625, 1.1669921875, 19.2787109375, -0.42011718750000004])
array('d', [-26.5607421875, 0.7468750000000001, 19.2787109375, -0.0])
array('d', [-27.634375000000002, -0.1400390625, 19.2787109375, 0.1400390625])
array('d', [-27.634375000000002, -0.1400390625, 19.2787109375, 0.1400390625])
array('d', [-26.047265625, 0.046679687500000004, 19.512109375, -0.42011718750000004])
array('d', [-26.980859375, -0.2333984375, 18.951953125, -0.0])
array('d', [-26.980859375, -0.2333984375, 18.951953125, -0.280078125])
array('d', [-25.767187500000002, 0.18671875000000002, 19.60546875, -0.280078125])
array('d', [-27.2142578125, 0.18671875000000002, 19.932226562500002, -0.1400390625])
array('d', [-27.2142578125, 0.18671875000000002, 19.932226562500002, -0.1400390625])
array('d', [-27.634375000000002, 0.56015625, 19.932226562500002, -0.1400390625])
array('d', [-27.120898437500003, 0.56015625, 19.2787109375, -0.0])
array('d', [-26.140625, 0.466796875, 19.1853515625, -0.280078125])
array('d', [-26.140625, 0.466796875, 19.1853515625, -0.280078125])
array('d', [-26.140625, 0.466796875, 19.1853515625, -0.280078125])
array('d', [-26.140625, 0.466796875, 19.2787109375, 0.280078125])
array('d', [-26.140625, -0.2333984375, 19.2787109375, 0.280078125])
array('d', [-26.467382812500002, -0.7001953125, 19.512109375, 0.1400390625])
array('d', [-27.634375000000002, -0.7001953125, 19.512109375, 0.1400390625])
array('d', [-27.634375000000002, -0.7001953125, 19.512109375, 0.1400390625])
array('d', [-27.634375000000002, -0.56015625, 19.60546875, -0.0])
array('d', [-26.794140625, -1.0736328125, 19.512109375, 0.42011718750000004])
array('d', [-27.120898437500003, -0.56015625, 18.531835937500002, 0.280078125])
array('d', [-27.120898437500003, -0.56015625, 18.531835937500002, 0.280078125])
array('d', [-27.120898437500003, -0.56015625, 18.531835937500002, 0.280078125])
array('d', [-27.120898437500003, -0.56015625, 18.531835937500002, 0.280078125])
array('d', [-26.700781250000002, 0.466796875, 19.2787109375, -0.280078125])
array('d', [-26.700781250000002, 0.046679687500000004, 19.512109375, -0.0])
array('d', [-26.700781250000002, 0.046679687500000004, 19.512109375, -0.0])
array('d', [-26.700781250000002, 0.046679687500000004, 19.512109375, -0.0])
array('d', [-26.700781250000002, 0.046679687500000004, 19.512109375, -0.0])
array('d', [-26.700781250000002, 0.466796875, 19.1853515625, -0.0])
array('d', [-26.700781250000002, 0.466796875, 19.2787109375, -0.0])
array('d', [-26.140625, -0.37343750000000003, 19.60546875, 0.1400390625])
array('d', [-26.140625, 0.046679687500000004, 19.60546875, 0.42011718750000004])
array('d', [-27.634375000000002, 0.046679687500000004, 19.60546875, 0.42011718750000004])
array('d', [-26.140625, -0.9802734375000001, 18.951953125, -0.0])
array('d', [-26.2806640625, -2.2873046875000003, 19.60546875, -0.1400390625])
array('d', [-26.2806640625, -2.2873046875000003, 19.60546875, -0.1400390625])
array('d', [-26.3740234375, -0.1400390625, 18.9052734375, 0.56015625])
array('d', [-26.3740234375, -0.1400390625, 19.932226562500002, -0.42011718750000004])
array('d', [-26.140625, -0.9802734375000001, 19.932226562500002, -0.42011718750000004])
array('d', [-26.140625, 0.7468750000000001, 19.512109375, -0.1400390625])
array('d', [-26.5607421875, 0.18671875000000002, 19.2787109375, 0.1400390625])
array('d', [-26.5607421875, 0.18671875000000002, 19.2787109375, 0.1400390625])
array('d', [-26.794140625, -0.1400390625, 19.8388671875, 0.1400390625])
array('d', [-26.794140625, -0.9802734375000001, 19.8388671875, -0.1400390625])
array('d', [-27.2142578125, -1.2603515625000001, 19.8388671875, 0.1400390625])
array('d', [-27.2142578125, -1.2603515625000001, 19.8388671875, 0.1400390625])
array('d', [-27.727734375, -0.2333984375, 19.2787109375, 0.1400390625])
array('d', [-26.3740234375, -1.2603515625000001, 19.60546875, -0.56015625])
array('d', [-26.3740234375, -1.2603515625000001, 19.60546875, -0.56015625])
array('d', [-27.120898437500003, -0.56015625, 19.1853515625, -0.0])
array('d', [-26.700781250000002, -0.56015625, 19.60546875, -0.42011718750000004])
array('d', [-26.700781250000002, -0.2333984375, 19.2787109375, -0.1400390625])
array('d', [-26.700781250000002, -0.37343750000000003, 19.2787109375, -0.1400390625])
array('d', [-27.120898437500003, 0.046679687500000004, 19.60546875, -0.1400390625])
array('d', [-27.120898437500003, 0.046679687500000004, 19.60546875, -0.1400390625])
array('d', [-27.120898437500003, 0.046679687500000004, 19.60546875, -0.1400390625])
array('d', [-27.120898437500003, 0.046679687500000004, 19.60546875, -0.1400390625])
array('d', [-27.120898437500003, 0.046679687500000004, 19.60546875, -0.1400390625])
array('d', [-27.120898437500003, 0.046679687500000004, 19.60546875, -0.1400390625])
array('d', [-26.5607421875, -0.1400390625, 19.512109375, -0.0])
array('d', [-26.5607421875, 1.0269531250000001, 20.0255859375, 0.280078125])
array('d', [-26.5607421875, 1.0269531250000001, 19.512109375, 0.42011718750000004])
array('d', [-26.2806640625, 1.0269531250000001, 19.512109375, 0.42011718750000004])
array('d', [-26.2806640625, 1.0269531250000001, 19.512109375, 0.42011718750000004])
array('d', [-26.2806640625, 1.0269531250000001, 19.512109375, 0.42011718750000004])
array('d', [-26.794140625, -0.2333984375, 19.2787109375, -0.280078125])
array('d', [-26.794140625, -0.2333984375, 19.2787109375, 0.56015625])
array('d', [-26.980859375, -0.8402343750000001, 19.2787109375, 0.56015625])
array('d', [-27.120898437500003, 0.466796875, 19.60546875, -0.56015625])
array('d', [-27.120898437500003, 0.466796875, 19.60546875, -0.56015625])
array('d', [-27.120898437500003, 0.466796875, 19.60546875, -0.56015625])
array('d', [-26.700781250000002, -0.1400390625, 19.932226562500002, -0.280078125])
array('d', [-26.980859375, -0.1400390625, 19.932226562500002, 0.56015625])
array('d', [-26.980859375, -0.2333984375, 18.951953125, 0.56015625])
array('d', [-26.140625, -0.56015625, 18.9052734375, -0.280078125])
array('d', [-27.4943359375, -0.7001953125, 19.698828125000002, 0.1400390625])
array('d', [-27.4943359375, -0.7001953125, 19.698828125000002, 0.1400390625])
array('d', [-27.4943359375, -0.7001953125, 19.698828125000002, 0.1400390625])
array('d', [-27.4943359375, -0.7001953125, 19.698828125000002, 0.1400390625])
array('d', [-27.4943359375, -0.7001953125, 19.698828125000002, 0.1400390625])
array('d', [-26.3740234375, -0.37343750000000003, 19.60546875, 0.7001953125])
array('d', [-26.3740234375, -0.37343750000000003, 19.60546875, 0.42011718750000004])
array('d', [-26.980859375, -0.2333984375, 19.2787109375, 0.42011718750000004])
array('d', [-26.980859375, -0.2333984375, 19.2787109375, 0.42011718750000004])
array('d', [-26.980859375, -0.2333984375, 19.2787109375, 0.42011718750000004])
array('d', [-26.2806640625, -0.7001953125, 20.4923828125, 0.56015625])
array('d', [-27.2142578125, 0.046679687500000004, 20.072265625, 0.1400390625])
array('d', [-27.2142578125, 1.1669921875, 19.2787109375, -0.280078125])
array('d', [-27.2142578125, 1.1669921875, 19.2787109375, -0.280078125])
array('d', [-27.2142578125, 1.1669921875, 19.2787109375, -0.280078125])
array('d', [-27.2142578125, 1.1669921875, 19.2787109375, -0.280078125])
array('d', [-28.1478515625, 0.466796875, 19.2787109375, -0.280078125])
array('d', [-28.1478515625, 0.466796875, 19.8388671875, 0.280078125])
array('d', [-27.120898437500003, 0.466796875, 19.8388671875, 0.280078125])
array('d', [-25.673828125, 0.466796875, 19.8388671875, -0.280078125])
array('d', [-25.673828125, -0.9802734375000001, 19.1853515625, -0.280078125])
array('d', [-26.5607421875, -0.7001953125, 19.1853515625, -0.280078125])
array('d', [-27.2142578125, 0.56015625, 19.8388671875, 0.1400390625])
array('d', [-27.2142578125, 0.56015625, 19.8388671875, 0.1400390625])
array('d', [-27.2142578125, 0.56015625, 19.8388671875, 0.1400390625])
array('d', [-27.400976562500002, -0.9802734375000001, 19.60546875, 0.280078125])
array('d', [-26.607421875, 0.7468750000000001, 19.2787109375, -0.0])
array('d', [-25.953906250000003, 0.8869140625, 18.9052734375, 0.1400390625])
array('d', [-25.953906250000003, 0.8869140625, 18.9052734375, 0.1400390625])
array('d', [-26.3740234375, -0.2333984375, 20.2123046875, -0.0])
array('d', [-26.887500000000003, 0.466796875, 19.2787109375, -0.0])
array('d', [-26.887500000000003, 0.466796875, 19.41875, -0.1400390625])
array('d', [-27.400976562500002, 0.56015625, 19.41875, -0.1400390625])
array('d', [-27.400976562500002, -1.6804687500000002, 20.072265625, -0.0])
array('d', [-26.700781250000002, 0.8869140625, 19.932226562500002, -0.42011718750000004])
array('d', [-26.700781250000002, 0.8869140625, 19.932226562500002, -0.42011718750000004])
array('d', [-26.607421875, -0.7001953125, 19.932226562500002, -0.1400390625])
array('d', [-26.794140625, -0.7001953125, 19.932226562500002, 0.280078125])
array('d', [-26.794140625, -0.7001953125, 19.60546875, 0.280078125])
array('d', [-27.3076171875, -0.7001953125, 19.60546875, 0.280078125])
array('d', [-26.794140625, -0.2333984375, 19.60546875, 0.1400390625])
array('d', [-26.794140625, -0.2333984375, 19.60546875, 0.280078125])
array('d', [-26.2806640625, 0.046679687500000004, 19.8388671875, 0.280078125])
array('d', [-26.2806640625, 0.046679687500000004, 19.8388671875, 0.280078125])
array('d', [-26.2806640625, 0.046679687500000004, 19.8388671875, 0.280078125])
array('d', [-27.120898437500003, -0.9802734375000001, 19.8388671875, -0.0])
array('d', [-26.794140625, -0.2333984375, 19.2787109375, 0.280078125])
array('d', [-26.794140625, -0.37343750000000003, 19.0919921875, 0.1400390625])
array('d', [-26.980859375, -0.37343750000000003, 19.0919921875, 0.1400390625])
array('d', [-26.980859375, -0.37343750000000003, 19.0919921875, 0.1400390625])
array('d', [-26.467382812500002, -0.9802734375000001, 19.698828125000002, -0.1400390625])
array('d', [-26.467382812500002, -0.1400390625, 20.258984375, -0.0])
array('d', [-26.467382812500002, -0.1400390625, 20.258984375, -0.0])
array('d', [-26.607421875, -0.9802734375000001, 19.512109375, -0.42011718750000004])
array('d', [-26.607421875, 0.466796875, 19.3720703125, -0.42011718750000004])
array('d', [-27.4943359375, -0.2333984375, 19.1853515625, 0.1400390625])
array('d', [-27.4943359375, -0.2333984375, 19.1853515625, -0.1400390625])
array('d', [-26.0939453125, 0.18671875000000002, 20.0255859375, -0.1400390625])
array('d', [-27.400976562500002, -0.37343750000000003, 19.512109375, -0.1400390625])
array('d', [-27.120898437500003, -0.7001953125, 19.932226562500002, -0.0])
array('d', [-27.120898437500003, -0.7001953125, 19.932226562500002, -0.0])
array('d', [-26.980859375, -0.7001953125, 18.9052734375, -0.280078125])
array('d', [-26.187304687500003, 0.56015625, 19.1853515625, -0.1400390625])
array('d', [-26.700781250000002, 1.587109375, 19.60546875, -0.0])
array('d', [-27.4943359375, 0.8869140625, 19.2787109375, -0.1400390625])
array('d', [-27.2142578125, 0.466796875, 18.951953125, -0.1400390625])
array('d', [-27.2142578125, 0.466796875, 19.7455078125, -0.1400390625])
array('d', [-27.2142578125, 0.466796875, 19.7455078125, -0.1400390625])
array('d', [-26.607421875, 0.466796875, 19.7455078125, 0.1400390625])
array('d', [-26.607421875, 1.1669921875, 19.60546875, -0.0])
array('d', [-25.673828125, 0.466796875, 19.2787109375, -0.1400390625])
array('d', [-25.673828125, 0.466796875, 19.2787109375, 0.280078125])
array('d', [-26.607421875, -0.1400390625, 19.932226562500002, 0.280078125])
array('d', [-25.953906250000003, -0.2333984375, 20.165625000000002, 0.9802734375000001])
array('d', [-26.3740234375, -0.2333984375, 19.1853515625, 0.56015625])
array('d', [-26.3740234375, -0.2333984375, 19.1853515625, -0.280078125])
array('d', [-26.2806640625, 0.7468750000000001, 20.165625000000002, -0.280078125])
array('d', [-26.0939453125, -0.8402343750000001, 19.8388671875, -0.0])
array('d', [-26.0939453125, -0.8402343750000001, 19.8388671875, -0.0])
array('d', [-26.607421875, -0.2333984375, 19.60546875, -0.42011718750000004])
array('d', [-26.980859375, 0.56015625, 19.512109375, 0.280078125])
array('d', [-26.980859375, -0.2333984375, 19.2787109375, -0.280078125])
array('d', [-26.0939453125, -0.2333984375, 19.2787109375, -0.280078125])
array('d', [-27.4943359375, -0.7001953125, 19.2787109375, -0.0])
array('d', [-26.794140625, 0.046679687500000004, 19.60546875, -0.280078125])
array('d', [-28.287890625000003, 0.8869140625, 19.60546875, -0.1400390625])
array('d', [-28.287890625000003, -0.56015625, 19.698828125000002, 0.56015625])
array('d', [-26.980859375, -0.56015625, 19.698828125000002, 0.56015625])
array('d', [-26.607421875, 1.1669921875, 19.60546875, -0.280078125])
array('d', [-26.187304687500003, -0.56015625, 19.60546875, -0.280078125])
array('d', [-26.187304687500003, -0.56015625, 19.60546875, 0.1400390625])
array('d', [-26.980859375, 0.8869140625, 19.932226562500002, 0.1400390625])
array('d', [-27.120898437500003, 0.466796875, 18.951953125, -0.280078125])
array('d', [-27.400976562500002, 0.046679687500000004, 19.2787109375, 0.280078125])
array('d', [-27.400976562500002, 0.046679687500000004, 19.2787109375, -0.42011718750000004])
array('d', [-26.0939453125, -0.56015625, 18.6251953125, -0.42011718750000004])
array('d', [-26.607421875, 0.56015625, 19.41875, -0.1400390625])
array('d', [-26.607421875, 0.653515625, 18.9052734375, 0.280078125])
array('d', [-26.607421875, -0.37343750000000003, 19.1853515625, 0.56015625])
array('d', [-26.700781250000002, -0.37343750000000003, 18.951953125, -0.1400390625])
array('d', [-26.980859375, 0.7468750000000001, 19.8388671875, -0.280078125])
array('d', [-26.467382812500002, -0.8402343750000001, 19.8388671875, -0.280078125])
array('d', [-26.607421875, -0.7001953125, 19.60546875, -0.1400390625])
array('d', [-26.607421875, -0.8402343750000001, 19.7455078125, -0.1400390625])
array('d', [-27.120898437500003, 0.466796875, 19.932226562500002, -0.1400390625])
array('d', [-27.120898437500003, 0.466796875, 19.932226562500002, 0.42011718750000004])
array('d', [-26.980859375, 0.18671875000000002, 19.60546875, -0.1400390625])
array('d', [-26.980859375, 0.18671875000000002, 19.60546875, -0.1400390625])
array('d', [-26.607421875, 0.466796875, 19.512109375, 0.280078125])
array('d', [-26.887500000000003, -0.37343750000000003, 19.60546875, 0.1400390625])
array('d', [-26.887500000000003, 0.046679687500000004, 19.512109375, -0.0])
array('d', [-26.700781250000002, 0.046679687500000004, 19.512109375, -0.0])
array('d', [-26.0939453125, 0.56015625, 19.512109375, -0.0])
array('d', [-27.120898437500003, -0.1400390625, 19.60546875, 0.7001953125])
array('d', [-27.120898437500003, -0.1400390625, 19.60546875, 0.280078125])
array('d', [-25.673828125, 0.7468750000000001, 19.60546875, 0.280078125])
array('d', [-27.120898437500003, 0.18671875000000002, 19.60546875, -0.42011718750000004])
array('d', [-27.120898437500003, 0.18671875000000002, 19.60546875, -0.42011718750000004])
array('d', [-27.120898437500003, 0.18671875000000002, 19.60546875, -0.42011718750000004])
array('d', [-27.120898437500003, 0.18671875000000002, 19.60546875, -0.42011718750000004])
array('d', [-26.607421875, -0.7001953125, 19.2787109375, -0.9802734375000001])
array('d', [-26.607421875, -0.7001953125, 19.2787109375, -0.9802734375000001])
array('d', [-26.980859375, 1.1669921875, 18.8119140625, -0.280078125])
array('d', [-26.980859375, 1.1669921875, 18.8119140625, -0.280078125])
array('d', [-26.980859375, 1.1669921875, 18.8119140625, -0.280078125])
array('d', [-26.607421875, 0.56015625, 19.512109375, -0.42011718750000004])
array('d', [-26.187304687500003, 0.8869140625, 19.932226562500002, -0.7001953125])
array('d', [-25.767187500000002, 0.466796875, 19.2787109375, -0.280078125])
array('d', [-25.767187500000002, 0.466796875, 19.2787109375, -0.280078125])
array('d', [-25.767187500000002, 0.466796875, 19.2787109375, -0.280078125])
array('d', [-26.700781250000002, -0.56015625, 19.3720703125, 0.56015625])
array('d', [-26.700781250000002, -0.56015625, 19.2787109375, 0.1400390625])
array('d', [-26.607421875, 0.280078125, 19.2787109375, 0.56015625])
array('d', [-26.607421875, 0.280078125, 19.2787109375, 0.56015625])
array('d', [-26.607421875, 0.280078125, 19.2787109375, 0.56015625])
array('d', [-26.980859375, -0.56015625, 19.932226562500002, -0.56015625])
array('d', [-26.980859375, 1.587109375, 19.932226562500002, -0.56015625])
array('d', [-26.700781250000002, 0.466796875, 19.512109375, -0.0])
array('d', [-26.700781250000002, 0.466796875, 19.512109375, -0.0])
array('d', [-26.700781250000002, 0.466796875, 19.512109375, -0.0])
array('d', [-27.120898437500003, 0.466796875, 19.2787109375, -0.42011718750000004])
array('d', [-26.980859375, 0.046679687500000004, 19.698828125000002, -0.1400390625])
array('d', [-26.980859375, 0.046679687500000004, 19.932226562500002, 0.56015625])
array('d', [-26.187304687500003, 0.046679687500000004, 19.932226562500002, 0.56015625])
array('d', [-26.187304687500003, 0.046679687500000004, 19.932226562500002, 0.56015625])
array('d', [-27.3076171875, -0.56015625, 19.512109375, 0.1400390625])
array('d', [-27.3076171875, -0.56015625, 20.4923828125, -0.1400390625])
array('d', [-26.794140625, -0.56015625, 20.4923828125, -0.1400390625])
array('d', [-26.794140625, 1.0269531250000001, 20.0255859375, -0.0])
array('d', [-26.980859375, -0.56015625, 19.60546875, -0.0])
array('d', [-26.980859375, 1.1669921875, 19.60546875, 0.280078125])
array('d', [-27.120898437500003, 1.1669921875, 19.60546875, 0.280078125])
array('d', [-27.120898437500003, 1.1669921875, 19.60546875, 0.280078125])
array('d', [-27.120898437500003, 1.1669921875, 19.60546875, 0.280078125])
array('d', [-26.887500000000003, 0.466796875, 19.932226562500002, -0.7001953125])
array('d', [-27.120898437500003, -0.2333984375, 19.1853515625, 0.280078125])
array('d', [-27.120898437500003, -0.2333984375, 19.0919921875, 0.42011718750000004])
array('d', [-26.467382812500002, -0.37343750000000003, 19.0919921875, 0.42011718750000004])
array('d', [-26.2806640625, 0.046679687500000004, 19.60546875, -0.42011718750000004])
array('d', [-26.187304687500003, -0.7001953125, 19.7455078125, -0.1400390625])
array('d', [-26.187304687500003, -0.7001953125, 19.512109375, -0.7001953125])
array('d', [-26.2806640625, -0.7001953125, 19.512109375, -0.7001953125])
array('d', [-26.607421875, -0.1400390625, 20.258984375, -0.1400390625])
array('d', [-27.634375000000002, -0.2333984375, 19.2787109375, -0.56015625])
array('d', [-27.634375000000002, -0.2333984375, 19.2787109375, -0.56015625])
array('d', [-27.634375000000002, -0.2333984375, 19.2787109375, -0.56015625])
array('d', [-27.4943359375, 0.18671875000000002, 19.60546875, 0.42011718750000004])
array('d', [-27.4943359375, -0.2333984375, 19.8388671875, -0.1400390625])
array('d', [-26.187304687500003, 0.18671875000000002, 19.932226562500002, -0.280078125])
array('d', [-26.187304687500003, 0.18671875000000002, 19.932226562500002, 0.42011718750000004])
array('d', [-27.4943359375, 0.18671875000000002, 19.8388671875, 0.42011718750000004])
array('d', [-26.980859375, -0.7001953125, 19.932226562500002, 0.42011718750000004])
array('d', [-26.980859375, 0.046679687500000004, 19.932226562500002, -0.0])
array('d', [-26.980859375, 0.046679687500000004, 19.932226562500002, -0.0])
array('d', [-26.980859375, 0.046679687500000004, 19.60546875, -0.0])
array('d', [-26.887500000000003, 0.466796875, 19.60546875, -0.0])
array('d', [-25.673828125, 0.18671875000000002, 19.512109375, 0.42011718750000004])
array('d', [-26.607421875, 0.18671875000000002, 19.512109375, 0.42011718750000004])
array('d', [-26.607421875, 0.18671875000000002, 19.512109375, 0.42011718750000004])
array('d', [-26.607421875, 0.18671875000000002, 19.512109375, 0.42011718750000004])
array('d', [-26.607421875, -1.2603515625000001, 18.9052734375, 0.1400390625])
array('d', [-26.887500000000003, -0.56015625, 19.1853515625, 0.1400390625])
array('d', [-26.980859375, -0.1400390625, 19.8388671875, -0.42011718750000004])
array('d', [-26.980859375, -0.1400390625, 19.8388671875, -0.42011718750000004])
array('d', [-27.400976562500002, 0.18671875000000002, 20.0255859375, -0.280078125])
array('d', [-27.400976562500002, 1.1669921875, 18.951953125, -0.1400390625])
array('d', [-26.980859375, 0.046679687500000004, 19.512109375, -0.1400390625])
array('d', [-26.980859375, 0.046679687500000004, 19.2787109375, -0.280078125])
array('d', [-27.120898437500003, 0.8869140625, 19.2787109375, -0.280078125])
array('d', [-26.980859375, 0.8869140625, 20.258984375, -0.42011718750000004])
array('d', [-26.980859375, 0.8869140625, 19.60546875, 0.280078125])
array('d', [-26.980859375, 0.8869140625, 19.60546875, 0.280078125])
array('d', [-26.3740234375, -0.2333984375, 19.2787109375, -0.0])
array('d', [-27.4943359375, 0.8869140625, 19.512109375, -0.1400390625])
array('d', [-27.4943359375, 0.8869140625, 19.512109375, -0.1400390625])
array('d', [-27.4943359375, 0.8869140625, 19.512109375, -0.1400390625])
array('d', [-27.914453125, -0.2333984375, 19.3720703125, -0.1400390625])
array('d', [-27.914453125, -0.2333984375, 19.3720703125, 0.280078125])
array('d', [-26.607421875, -0.7001953125, 20.165625000000002, 0.280078125])
array('d', [-28.0078125, -0.37343750000000003, 19.7455078125, 0.42011718750000004])
array('d', [-28.0078125, 0.046679687500000004, 19.932226562500002, 0.1400390625])
array('d', [-26.980859375, 0.466796875, 19.60546875, -0.0])
array('d', [-25.767187500000002, 0.466796875, 19.60546875, -0.0])
array('d', [-25.767187500000002, 0.466796875, 19.60546875, -0.0])
array('d', [-25.767187500000002, 0.466796875, 19.60546875, -0.0])
array('d', [-27.4943359375, -0.2333984375, 19.2787109375, -0.280078125])
array('d', [-26.607421875, 0.18671875000000002, 19.932226562500002, -0.1400390625])
array('d', [-26.607421875, 0.18671875000000002, 20.072265625, -0.1400390625])
array('d', [-27.120898437500003, 1.1669921875, 20.072265625, -0.1400390625])
array('d', [-27.821093750000003, 0.18671875000000002, 19.932226562500002, -0.42011718750000004])
array('d', [-27.120898437500003, -0.2333984375, 19.2787109375, -0.280078125])
array('d', [-27.120898437500003, -0.2333984375, 19.2787109375, -0.280078125])
array('d', [-27.3076171875, 0.18671875000000002, 19.60546875, 0.56015625])
array('d', [-26.3740234375, 0.18671875000000002, 19.932226562500002, 0.1400390625])
array('d', [-27.120898437500003, 0.046679687500000004, 19.8388671875, -0.1400390625])
array('d', [-27.120898437500003, 0.56015625, 19.7455078125, -0.280078125])
array('d', [-26.887500000000003, -0.9802734375000001, 19.2787109375, -0.0])
array('d', [-26.700781250000002, -0.9802734375000001, 19.2787109375, 0.280078125])
array('d', [-26.700781250000002, -0.9802734375000001, 19.2787109375, 0.280078125])
array('d', [-26.980859375, 0.8869140625, 18.9052734375, -0.1400390625])
array('d', [-26.980859375, -0.2333984375, 20.0255859375, 0.1400390625])
array('d', [-26.607421875, -0.2333984375, 20.0255859375, 0.1400390625])
array('d', [-27.2142578125, -0.56015625, 19.2787109375, 0.1400390625])
array('d', [-26.887500000000003, 0.37343750000000003, 19.2787109375, 0.1400390625])
array('d', [-25.673828125, -1.2603515625000001, 20.258984375, 0.1400390625])
array('d', [-25.673828125, -1.2603515625000001, 20.258984375, 0.1400390625])
array('d', [-25.673828125, -1.2603515625000001, 20.258984375, 0.1400390625])
array('d', [-25.673828125, -1.2603515625000001, 20.258984375, 0.1400390625])
array('d', [-26.2806640625, 0.466796875, 19.512109375, -0.1400390625])
array('d', [-26.0939453125, -0.37343750000000003, 19.2787109375, -0.56015625])
array('d', [-26.0939453125, -0.37343750000000003, 19.2787109375, 0.1400390625])
array('d', [-26.0939453125, -0.37343750000000003, 19.2787109375, 0.1400390625])
array('d', [-26.3740234375, -0.2333984375, 19.2787109375, 0.280078125])
array('d', [-25.953906250000003, -0.2333984375, 19.2787109375, 0.280078125])
array('d', [-27.120898437500003, 1.1669921875, 19.60546875, -0.0])
array('d', [-26.607421875, -0.42011718750000004, 19.60546875, 0.280078125])
array('d', [-26.607421875, -0.42011718750000004, 19.60546875, 0.8402343750000001])
array('d', [-27.120898437500003, 1.587109375, 19.2787109375, 0.8402343750000001])
array('d', [-26.887500000000003, 0.046679687500000004, 19.41875, -0.42011718750000004])
array('d', [-27.4943359375, -0.9802734375000001, 19.60546875, -0.1400390625])
array('d', [-27.4943359375, -0.9802734375000001, 19.60546875, -0.0])
array('d', [-26.607421875, 0.466796875, 19.512109375, -0.0])
array('d', [-27.120898437500003, 0.18671875000000002, 19.60546875, 0.280078125])
array('d', [-27.120898437500003, -0.56015625, 20.072265625, -0.0])
array('d', [-26.980859375, -0.56015625, 20.072265625, -0.0])
array('d', [-26.0939453125, -0.56015625, 19.60546875, -0.0])
array('d', [-26.700781250000002, -0.9802734375000001, 19.60546875, -0.1400390625])
array('d', [-26.700781250000002, 0.18671875000000002, 19.2787109375, -0.0])
array('d', [-26.0939453125, 0.18671875000000002, 19.2787109375, -0.0])
array('d', [-26.187304687500003, 0.18671875000000002, 19.60546875, -0.0])
array('d', [-26.887500000000003, -1.3537109375, 19.8388671875, 0.1400390625])
array('d', [-26.887500000000003, -1.3537109375, 19.8388671875, -0.0])
array('d', [-26.700781250000002, -0.1400390625, 19.1853515625, -0.0])
array('d', [-26.980859375, 1.30703125, 19.1853515625, -0.0])
array('d', [-26.980859375, 1.30703125, 19.932226562500002, 0.1400390625])
array('d', [-26.2806640625, 0.18671875000000002, 18.951953125, -0.0])
array('d', [-26.887500000000003, 0.18671875000000002, 19.2787109375, 0.1400390625])
array('d', [-26.887500000000003, -0.8402343750000001, 19.1853515625, -0.280078125])
array('d', [-26.607421875, -0.8402343750000001, 19.1853515625, -0.280078125])
array('d', [-27.400976562500002, -0.1400390625, 19.932226562500002, 0.1400390625])
array('d', [-27.400976562500002, 0.8869140625, 19.932226562500002, 0.1400390625])
array('d', [-27.400976562500002, 0.8869140625, 19.932226562500002, 0.1400390625])
array('d', [-27.400976562500002, 0.8869140625, 19.932226562500002, 0.1400390625])
array('d', [-27.400976562500002, 0.8869140625, 19.932226562500002, 0.1400390625])
array('d', [-27.400976562500002, 0.8869140625, 19.932226562500002, 0.1400390625])
array('d', [-27.120898437500003, 0.18671875000000002, 19.3720703125, 0.280078125])
array('d', [-27.120898437500003, 0.18671875000000002, 19.512109375, 0.280078125])
array('d', [-26.700781250000002, -0.2333984375, 19.512109375, 0.280078125])
array('d', [-26.700781250000002, -0.2333984375, 19.512109375, 0.280078125])
array('d', [-26.700781250000002, -0.2333984375, 19.512109375, 0.280078125])
array('d', [-26.700781250000002, -0.2333984375, 19.512109375, 0.280078125])
array('d', [-26.467382812500002, -0.37343750000000003, 19.2787109375, 0.280078125])
array('d', [-27.634375000000002, 0.18671875000000002, 19.2787109375, 0.1400390625])
array('d', [-26.794140625, -0.7001953125, 19.512109375, -0.42011718750000004])
array('d', [-26.794140625, -0.7001953125, 19.512109375, -0.42011718750000004])
array('d', [-26.794140625, -0.7001953125, 19.512109375, -0.42011718750000004])
array('d', [-26.794140625, -0.7001953125, 19.512109375, -0.42011718750000004])
array('d', [-27.3076171875, -0.56015625, 19.2787109375, 0.7001953125])
array('d', [-26.980859375, -0.9802734375000001, 19.932226562500002, -0.0])
array('d', [-26.980859375, -0.9802734375000001, 19.932226562500002, -0.1400390625])
array('d', [-27.4943359375, -0.9802734375000001, 19.932226562500002, -0.1400390625])
array('d', [-27.4943359375, -0.9802734375000001, 19.932226562500002, -0.1400390625])
array('d', [-27.4943359375, 1.587109375, 19.60546875, -0.0])
array('d', [-26.980859375, 1.587109375, 19.60546875, -0.0])
array('d', [-26.980859375, 0.18671875000000002, 19.60546875, -0.0])
array('d', [-26.980859375, 0.18671875000000002, 19.60546875, -0.0])
array('d', [-26.980859375, 0.18671875000000002, 19.60546875, -0.0])
array('d', [-26.0939453125, -0.1400390625, 18.6251953125, 0.280078125])
array('d', [-26.794140625, -0.8402343750000001, 19.60546875, 0.1400390625])
array('d', [-26.187304687500003, 0.8869140625, 19.60546875, 0.42011718750000004])
array('d', [-26.187304687500003, 0.8869140625, 19.932226562500002, -0.0])
array('d', [-25.533789062500002, 0.18671875000000002, 19.932226562500002, -0.0])
array('d', [-26.0939453125, -0.9802734375000001, 18.578515625, -0.0])
array('d', [-27.3076171875, 0.18671875000000002, 20.165625000000002, 0.280078125])
array('d', [-27.3076171875, 0.18671875000000002, 20.165625000000002, -0.0])
array('d', [-27.120898437500003, 1.1669921875, 19.512109375, -0.0])
array('d', [-26.887500000000003, 0.466796875, 19.60546875, -0.280078125])
array('d', [-26.887500000000003, -0.42011718750000004, 19.60546875, -0.280078125])
array('d', [-26.887500000000003, -0.42011718750000004, 19.60546875, -0.1400390625])
array('d', [-27.3076171875, -0.1400390625, 19.8388671875, -0.0])
array('d', [-26.794140625, 0.18671875000000002, 19.7455078125, 0.42011718750000004])
array('d', [-26.794140625, 0.18671875000000002, 19.7455078125, 0.42011718750000004])
array('d', [-26.607421875, 0.280078125, 19.512109375, 0.280078125])
array('d', [-26.607421875, -0.7001953125, 19.2787109375, 0.1400390625])
array('d', [-26.607421875, -0.7001953125, 19.932226562500002, -0.1400390625])
array('d', [-26.607421875, -0.7001953125, 19.932226562500002, -0.1400390625])
array('d', [-26.700781250000002, -0.7001953125, 19.932226562500002, -0.1400390625])
array('d', [-26.607421875, -0.2333984375, 19.512109375, -0.1400390625])
array('d', [-26.607421875, -0.37343750000000003, 18.9052734375, -0.0])
array('d', [-26.980859375, -0.9802734375000001, 19.0453125, 0.280078125])
array('d', [-26.980859375, -0.9802734375000001, 19.0453125, -0.0])
array('d', [-26.980859375, 0.466796875, 19.2787109375, -0.0])
array('d', [-26.700781250000002, 0.466796875, 20.2123046875, -0.1400390625])
array('d', [-26.980859375, -0.56015625, 19.932226562500002, -0.0])
array('d', [-26.980859375, -0.56015625, 20.0255859375, 0.280078125])
array('d', [-26.700781250000002, 0.466796875, 20.0255859375, 0.280078125])
array('d', [-26.607421875, -2.1939453125, 19.8388671875, -0.7001953125])
array('d', [-26.700781250000002, 0.046679687500000004, 19.3720703125, 0.1400390625])
array('d', [-26.700781250000002, 0.046679687500000004, 19.3720703125, 0.1400390625])
array('d', [-27.4943359375, 0.18671875000000002, 19.2787109375, 0.1400390625])
array('d', [-25.253710937500003, 1.30703125, 19.0453125, 0.1400390625])
array('d', [-25.253710937500003, 1.30703125, 19.0453125, -0.1400390625])
array('d', [-26.980859375, -1.2603515625000001, 19.7455078125, -0.1400390625])
array('d', [-26.607421875, -0.2333984375, 19.7455078125, -0.0])
array('d', [-26.607421875, -0.37343750000000003, 20.2123046875, 0.1400390625])
array('d', [-25.860546875, -0.37343750000000003, 20.2123046875, -0.1400390625])
array('d', [-26.607421875, -0.8402343750000001, 19.41875, -0.1400390625])
array('d', [-26.980859375, -0.2333984375, 19.2787109375, 0.280078125])
array('d', [-26.980859375, -0.2333984375, 19.2787109375, 0.280078125])
array('d', [-26.187304687500003, 0.046679687500000004, 19.60546875, -0.0])
array('d', [-27.4943359375, 1.30703125, 19.512109375, 0.1400390625])
array('d', [-26.607421875, -0.42011718750000004, 19.932226562500002, -0.280078125])
array('d', [-26.607421875, -0.9802734375000001, 19.2787109375, -0.42011718750000004])
array('d', [-27.2142578125, -0.9802734375000001, 19.2787109375, -0.42011718750000004])
array('d', [-27.400976562500002, -0.56015625, 19.932226562500002, 0.1400390625])
array('d', [-26.700781250000002, -0.37343750000000003, 19.8388671875, -0.0])
array('d', [-26.700781250000002, -0.37343750000000003, 19.8388671875, -0.280078125])
array('d', [-26.700781250000002, -0.2333984375, 19.512109375, -0.280078125])
array('d', [-26.607421875, -0.2333984375, 19.2787109375, -0.1400390625])
array('d', [-27.120898437500003, 0.7468750000000001, 19.2787109375, -0.1400390625])
array('d', [-27.120898437500003, 0.7468750000000001, 19.2787109375, 0.1400390625])
array('d', [-26.980859375, 0.280078125, 19.2787109375, 0.1400390625])
array('d', [-26.980859375, 0.280078125, 19.2787109375, 0.1400390625])
array('d', [-26.980859375, 0.280078125, 19.2787109375, 0.1400390625])
array('d', [-26.980859375, 0.280078125, 19.2787109375, 0.1400390625])
array('d', [-26.700781250000002, -0.9802734375000001, 19.1853515625, 0.280078125])
array('d', [-26.2806640625, 0.466796875, 19.2787109375, 0.280078125])
array('d', [-26.2806640625, 0.18671875000000002, 20.2123046875, 0.280078125])
array('d', [-27.120898437500003, 0.37343750000000003, 19.2787109375, 0.1400390625])
array('d', [-27.4943359375, 0.18671875000000002, 19.698828125000002, 0.1400390625])
array('d', [-26.887500000000003, 0.18671875000000002, 19.2787109375, 0.280078125])
array('d', [-26.887500000000003, 0.18671875000000002, 19.2787109375, 0.280078125])
array('d', [-26.887500000000003, 0.18671875000000002, 19.2787109375, 0.280078125])
array('d', [-26.887500000000003, 0.18671875000000002, 19.2787109375, 0.280078125])
array('d', [-26.980859375, 0.466796875, 19.2787109375, -0.0])
array('d', [-26.980859375, 0.466796875, 19.60546875, 0.1400390625])
array('d', [-27.400976562500002, 0.046679687500000004, 19.60546875, 0.1400390625])
array('d', [-27.400976562500002, 1.587109375, 19.698828125000002, 0.280078125])
array('d', [-26.980859375, 0.56015625, 19.1853515625, -0.280078125])
array('d', [-26.980859375, 0.56015625, 19.1853515625, -0.280078125])
array('d', [-26.607421875, -1.6804687500000002, 19.60546875, 0.1400390625])
array('d', [-26.467382812500002, 0.8869140625, 18.951953125, -0.0])
array('d', [-26.467382812500002, 0.8869140625, 18.951953125, -0.0])
array('d', [-27.4943359375, 0.466796875, 19.932226562500002, -0.42011718750000004])
array('d', [-26.887500000000003, 0.046679687500000004, 19.8388671875, -0.280078125])
array('d', [-26.887500000000003, 0.046679687500000004, 19.8388671875, -0.280078125])
array('d', [-26.887500000000003, 0.046679687500000004, 19.8388671875, -0.280078125])
array('d', [-26.980859375, 1.1669921875, 19.8388671875, 0.280078125])
array('d', [-26.980859375, 1.1669921875, 19.8388671875, -0.0])
array('d', [-28.287890625000003, 1.1669921875, 19.2787109375, -0.0])
array('d', [-28.287890625000003, 0.046679687500000004, 19.60546875, -0.280078125])
array('d', [-26.700781250000002, -0.2333984375, 19.60546875, 0.1400390625])
array('d', [-27.400976562500002, -0.2333984375, 19.60546875, 0.1400390625])
array('d', [-26.700781250000002, -0.7001953125, 19.698828125000002, -0.0])
array('d', [-25.533789062500002, -1.2603515625000001, 20.2123046875, -0.280078125])
array('d', [-25.533789062500002, -1.2603515625000001, 19.512109375, 0.1400390625])
array('d', [-26.607421875, 0.046679687500000004, 19.512109375, 0.1400390625])
array('d', [-26.467382812500002, -0.56015625, 19.2787109375, -0.42011718750000004])
array('d', [-25.860546875, 0.466796875, 19.2787109375, 0.280078125])
array('d', [-25.860546875, 0.56015625, 19.2787109375, 0.42011718750000004])
array('d', [-26.607421875, 0.56015625, 19.2787109375, 0.42011718750000004])
array('d', [-26.607421875, 0.56015625, 19.2787109375, 0.42011718750000004])
array('d', [-26.607421875, 0.56015625, 19.2787109375, 0.42011718750000004])
array('d', [-26.607421875, 0.56015625, 19.2787109375, 0.42011718750000004])
array('d', [-26.607421875, 0.56015625, 19.2787109375, 0.42011718750000004])
array('d', [-25.673828125, -0.9802734375000001, 20.0255859375, -0.1400390625])
array('d', [-26.607421875, 0.046679687500000004, 19.932226562500002, 0.280078125])
array('d', [-27.400976562500002, 0.37343750000000003, 19.60546875, -0.1400390625])
array('d', [-27.400976562500002, -0.2333984375, 19.932226562500002, -0.1400390625])
array('d', [-26.5140625, -0.2333984375, 19.932226562500002, -0.1400390625])
array('d', [-27.400976562500002, -0.2333984375, 18.951953125, -0.1400390625])
array('d', [-26.000585937500002, 0.466796875, 18.85859375, -0.56015625])
array('d', [-26.000585937500002, 0.466796875, 18.85859375, -0.56015625])
array('d', [-26.000585937500002, 0.466796875, 18.85859375, -0.56015625])
array('d', [-26.000585937500002, 0.466796875, 18.85859375, -0.56015625])
array('d', [-26.000585937500002, 0.466796875, 18.85859375, -0.0])
array('d', [-26.887500000000003, 0.8869140625, 19.2787109375, -0.0])
array('d', [-26.5140625, -0.9802734375000001, 19.512109375, -0.0])
array('d', [-26.5140625, 1.0269531250000001, 19.8388671875, -0.0])
array('d', [-26.5140625, 1.0269531250000001, 19.8388671875, -0.0])
array('d', [-26.5140625, 1.0269531250000001, 19.8388671875, -0.0])
array('d', [-26.5140625, 1.0269531250000001, 19.8388671875, -0.0])
array('d', [-26.887500000000003, 1.0269531250000001, 19.8388671875, 0.1400390625])
array('d', [-26.794140625, 0.18671875000000002, 19.512109375, -0.56015625])
array('d', [-26.794140625, 0.18671875000000002, 19.7455078125, -0.1400390625])
array('d', [-26.5140625, -1.3537109375, 19.7455078125, -0.1400390625])
array('d', [-26.887500000000003, -0.7001953125, 19.2787109375, -0.0])
array('d', [-26.0939453125, 0.280078125, 19.60546875, -0.1400390625])
array('d', [-26.0939453125, 0.280078125, 19.60546875, 0.1400390625])
array('d', [-26.0939453125, 0.7468750000000001, 19.2787109375, 0.1400390625])
array('d', [-26.420703125000003, 0.18671875000000002, 19.60546875, -0.0])
array('d', [-26.420703125000003, -0.1400390625, 19.512109375, 0.1400390625])
array('d', [-26.2806640625, -0.1400390625, 19.512109375, -0.1400390625])
array('d', [-26.887500000000003, -0.2333984375, 19.3720703125, -0.1400390625])
array('d', [-26.5140625, -0.7001953125, 20.165625000000002, 0.1400390625])
array('d', [-26.5140625, -0.56015625, 18.9052734375, 0.280078125])
array('d', [-26.2806640625, -0.56015625, 18.9052734375, 0.280078125])
array('d', [-26.0939453125, 0.8869140625, 19.2787109375, -0.0])
array('d', [-29.1748046875, 1.30703125, 19.512109375, -0.1400390625])
array('d', [-29.1748046875, 1.30703125, 19.8388671875, -0.0])
array('d', [-29.1748046875, 1.30703125, 19.8388671875, -0.0])
array('d', [-29.1748046875, 1.30703125, 19.8388671875, -0.0])
array('d', [-29.1748046875, 1.30703125, 19.8388671875, -0.0])
array('d', [-29.1748046875, 1.30703125, 19.8388671875, -0.0])
array('d', [-26.794140625, 0.56015625, 18.951953125, -0.42011718750000004])
array('d', [-26.000585937500002, 0.56015625, 18.951953125, -0.42011718750000004])
array('d', [-26.420703125000003, 0.466796875, 19.3720703125, 0.1400390625])
array('d', [-26.420703125000003, 0.466796875, 19.60546875, 0.1400390625])
array('d', [-26.5140625, 0.466796875, 19.60546875, -0.1400390625])
array('d', [-26.0939453125, 0.7468750000000001, 19.2787109375, -0.1400390625])
array('d', [-26.420703125000003, 0.18671875000000002, 19.1853515625, 0.280078125])
array('d', [-27.400976562500002, 0.18671875000000002, 19.8388671875, -0.280078125])
array('d', [-27.400976562500002, -0.37343750000000003, 19.1853515625, -0.42011718750000004])
array('d', [-26.794140625, -0.37343750000000003, 19.1853515625, -0.42011718750000004])
array('d', [-26.700781250000002, 0.466796875, 19.60546875, 0.280078125])
array('d', [-26.700781250000002, 0.466796875, 19.60546875, 0.280078125])
array('d', [-26.700781250000002, 0.466796875, 19.60546875, 0.280078125])
array('d', [-28.101171875000002, -0.2333984375, 19.1853515625, -0.42011718750000004])
array('d', [-28.101171875000002, 0.046679687500000004, 19.932226562500002, 0.42011718750000004])
array('d', [-26.607421875, 0.046679687500000004, 19.932226562500002, 0.42011718750000004])
array('d', [-26.607421875, 0.046679687500000004, 19.932226562500002, 0.42011718750000004])
array('d', [-26.607421875, 0.046679687500000004, 19.932226562500002, 0.42011718750000004])
array('d', [-26.607421875, 0.046679687500000004, 19.932226562500002, 0.42011718750000004])
array('d', [-26.980859375, 0.046679687500000004, 19.2787109375, 0.8402343750000001])
array('d', [-26.000585937500002, 0.046679687500000004, 19.2787109375, 0.8402343750000001])
array('d', [-26.794140625, 0.466796875, 19.2787109375, -0.280078125])
array('d', [-26.794140625, 0.466796875, 19.2787109375, -0.280078125])
array('d', [-26.794140625, 0.466796875, 19.2787109375, -0.280078125])
array('d', [-26.420703125000003, 0.046679687500000004, 19.8388671875, -0.280078125])
array('d', [-27.3076171875, -0.9802734375000001, 19.698828125000002, -0.0])
array('d', [-25.9072265625, -0.37343750000000003, 19.60546875, 0.56015625])
array('d', [-26.887500000000003, 0.7468750000000001, 19.1853515625, -0.42011718750000004])
array('d', [-26.887500000000003, 0.7468750000000001, 19.1853515625, -0.280078125])
array('d', [-26.980859375, 0.046679687500000004, 19.512109375, -0.280078125])
array('d', [-26.980859375, 0.046679687500000004, 19.512109375, -0.280078125])
array('d', [-26.980859375, 0.046679687500000004, 19.512109375, -0.280078125])
array('d', [-26.980859375, 0.046679687500000004, 19.512109375, -0.280078125])
array('d', [-26.5140625, 0.466796875, 18.9052734375, 0.1400390625])
array('d', [-27.3076171875, 0.18671875000000002, 19.8388671875, 0.280078125])
array('d', [-26.980859375, -1.2603515625000001, 20.258984375, -0.1400390625])
array('d', [-26.980859375, -1.2603515625000001, 20.258984375, -0.1400390625])
array('d', [-26.187304687500003, -0.56015625, 18.9052734375, 0.280078125])
array('d', [-26.187304687500003, -0.56015625, 18.9052734375, -0.56015625])
array('d', [-27.07421875, -1.2603515625000001, 19.60546875, -0.56015625])
array('d', [-26.887500000000003, -0.7001953125, 19.7455078125, -0.56015625])
array('d', [-26.420703125000003, 0.37343750000000003, 19.60546875, -0.280078125])
array('d', [-26.420703125000003, 0.37343750000000003, 19.60546875, -0.280078125])
array('d', [-26.5140625, -0.2333984375, 20.165625000000002, -0.280078125])
array('d', [-26.887500000000003, 0.8869140625, 18.951953125, 0.1400390625])
array('d', [-26.887500000000003, 0.8869140625, 20.165625000000002, -0.0])
array('d', [-26.887500000000003, -0.7001953125, 20.165625000000002, -0.0])
array('d', [-26.2806640625, 0.18671875000000002, 19.60546875, -0.42011718750000004])
array('d', [-26.2806640625, 0.18671875000000002, 19.60546875, -0.42011718750000004])
array('d', [-26.2806640625, 0.18671875000000002, 19.60546875, -0.42011718750000004])
array('d', [-26.980859375, -1.0736328125, 19.2787109375, 0.7001953125])
array('d', [-26.980859375, -1.0736328125, 19.41875, -0.280078125])
array('d', [-27.400976562500002, -0.7001953125, 19.41875, -0.280078125])
array('d', [-26.794140625, -0.2333984375, 19.41875, -0.1400390625])
array('d', [-26.0939453125, 0.466796875, 19.2787109375, 0.1400390625])
array('d', [-26.0939453125, 0.466796875, 19.2787109375, 0.1400390625])
array('d', [-27.3076171875, 0.18671875000000002, 19.60546875, 0.1400390625])
array('d', [-27.3076171875, 0.18671875000000002, 19.60546875, 0.1400390625])
array('d', [-27.3076171875, 0.18671875000000002, 19.60546875, 0.1400390625])
array('d', [-27.4943359375, -0.2333984375, 19.1853515625, 0.1400390625])
array('d', [-27.400976562500002, 0.18671875000000002, 19.2787109375, -0.0])
array('d', [-27.400976562500002, 0.18671875000000002, 19.2787109375, 0.42011718750000004])
array('d', [-26.980859375, 0.8869140625, 19.2787109375, 0.42011718750000004])
array('d', [-26.794140625, -0.37343750000000003, 19.60546875, 0.1400390625])
array('d', [-26.794140625, -0.37343750000000003, 19.60546875, -0.280078125])
array('d', [-26.607421875, -0.9802734375000001, 19.8388671875, -0.280078125])
array('d', [-27.400976562500002, -0.9802734375000001, 19.8388671875, -0.280078125])
array('d', [-27.400976562500002, -0.9802734375000001, 19.8388671875, -0.280078125])
array('d', [-27.400976562500002, -0.9802734375000001, 19.8388671875, -0.280078125])
array('d', [-27.400976562500002, -0.1400390625, 19.2787109375, -0.0])
array('d', [-27.3076171875, 0.18671875000000002, 19.698828125000002, -0.280078125])
array('d', [-26.654101562500003, 0.046679687500000004, 19.2787109375, 0.42011718750000004])
array('d', [-26.654101562500003, 0.046679687500000004, 19.2787109375, 0.280078125])
array('d', [-26.420703125000003, -0.56015625, 19.2787109375, 0.280078125])
array('d', [-26.5140625, -0.7001953125, 19.3720703125, -0.0])
array('d', [-27.07421875, 0.18671875000000002, 19.60546875, -0.7001953125])
array('d', [-27.07421875, 0.18671875000000002, 19.60546875, -0.7001953125])
array('d', [-27.07421875, 0.18671875000000002, 19.60546875, -0.7001953125])
array('d', [-27.07421875, 0.18671875000000002, 19.60546875, -0.7001953125])
array('d', [-27.400976562500002, -0.8402343750000001, 19.8388671875, -0.0])
array('d', [-27.400976562500002, -0.8402343750000001, 19.8388671875, -0.1400390625])
array('d', [-26.887500000000003, 0.653515625, 19.60546875, -0.1400390625])
array('d', [-27.400976562500002, 0.046679687500000004, 19.41875, -0.0])
array('d', [-26.000585937500002, -0.2333984375, 19.2787109375, -0.56015625])
array('d', [-26.000585937500002, -0.2333984375, 19.2787109375, -0.56015625])
array('d', [-27.400976562500002, 0.046679687500000004, 19.1853515625, -0.0])
array('d', [-27.400976562500002, 0.046679687500000004, 19.1853515625, -0.0])
array('d', [-27.400976562500002, 0.046679687500000004, 19.1853515625, -0.0])
array('d', [-27.400976562500002, 0.046679687500000004, 19.1853515625, -0.0])
array('d', [-26.980859375, 0.18671875000000002, 19.60546875, 0.1400390625])
array('d', [-26.794140625, -0.8402343750000001, 19.60546875, 0.1400390625])
array('d', [-26.794140625, -0.8402343750000001, 19.60546875, 0.1400390625])
array('d', [-26.0939453125, -0.8402343750000001, 19.60546875, 0.1400390625])
array('d', [-26.0939453125, 1.1669921875, 18.9052734375, -0.0])
array('d', [-27.4943359375, 0.18671875000000002, 19.8388671875, -0.0])
array('d', [-26.607421875, -0.2333984375, 19.512109375, -0.42011718750000004])
array('d', [-26.607421875, 1.9138671875000002, 19.512109375, -0.42011718750000004])
array('d', [-27.3076171875, 1.9138671875000002, 19.2787109375, -0.42011718750000004])
array('d', [-27.3076171875, 0.18671875000000002, 18.9052734375, -0.1400390625])
array('d', [-27.3076171875, 0.18671875000000002, 20.072265625, -0.0])
array('d', [-27.400976562500002, 0.18671875000000002, 20.072265625, -0.0])
array('d', [-26.0939453125, -0.56015625, 19.932226562500002, 0.1400390625])
array('d', [-26.0939453125, -0.56015625, 19.932226562500002, 0.56015625])
array('d', [-26.980859375, 0.466796875, 19.932226562500002, 0.56015625])
array('d', [-26.980859375, 0.466796875, 19.932226562500002, 0.56015625])
array('d', [-26.980859375, 0.466796875, 19.932226562500002, 0.56015625])
array('d', [-26.980859375, 0.466796875, 19.932226562500002, 0.56015625])
array('d', [-27.400976562500002, -0.2333984375, 20.165625000000002, 0.1400390625])
array('d', [-26.5140625, -0.2333984375, 20.0255859375, -0.56015625])
array('d', [-26.980859375, 0.046679687500000004, 19.512109375, -0.280078125])
array('d', [-26.980859375, 0.046679687500000004, 19.8388671875, -0.0])
array('d', [-26.887500000000003, 0.18671875000000002, 19.8388671875, -0.0])
array('d', [-27.400976562500002, 0.8869140625, 19.41875, -0.0])
array('d', [-25.39375, 0.18671875000000002, 19.60546875, -0.1400390625])
array('d', [-25.39375, 0.18671875000000002, 19.60546875, -0.1400390625])
array('d', [-25.39375, 0.18671875000000002, 19.60546875, -0.1400390625])
array('d', [-25.39375, 0.046679687500000004, 18.951953125, -0.280078125])
array('d', [-26.980859375, 0.046679687500000004, 18.951953125, -0.280078125])
array('d', [-26.794140625, 0.37343750000000003, 19.932226562500002, 0.280078125])
array('d', [-26.420703125000003, -0.1400390625, 19.60546875, -0.8402343750000001])
array('d', [-26.420703125000003, -0.1400390625, 19.932226562500002, 0.42011718750000004])
array('d', [-26.980859375, -0.56015625, 19.932226562500002, 0.42011718750000004])
array('d', [-27.3076171875, -0.9802734375000001, 19.932226562500002, -0.280078125])
array('d', [-25.9072265625, -0.9802734375000001, 19.932226562500002, 0.1400390625])
array('d', [-25.9072265625, -0.9802734375000001, 19.932226562500002, 0.1400390625])
array('d', [-27.400976562500002, 0.18671875000000002, 19.6521484375, -0.0])
array('d', [-26.5140625, -0.9802734375000001, 19.60546875, -0.0])
array('d', [-26.5140625, -0.9802734375000001, 19.60546875, -0.0])
array('d', [-26.5140625, -0.9802734375000001, 19.60546875, -0.0])
array('d', [-26.5140625, -0.9802734375000001, 19.60546875, -0.0])
array('d', [-27.07421875, 0.18671875000000002, 19.60546875, -0.0])
array('d', [-26.607421875, -0.2333984375, 19.1853515625, 0.280078125])
array('d', [-27.07421875, 0.046679687500000004, 19.7455078125, -0.0])
array('d', [-27.07421875, 0.046679687500000004, 19.7455078125, -0.0])
array('d', [-26.980859375, 0.18671875000000002, 19.932226562500002, 0.1400390625])
array('d', [-26.000585937500002, -0.2333984375, 19.698828125000002, -0.42011718750000004])
array('d', [-26.000585937500002, -0.2333984375, 19.7455078125, -0.42011718750000004])
array('d', [-26.000585937500002, -1.3537109375, 19.7455078125, -0.42011718750000004])
array('d', [-26.420703125000003, 0.18671875000000002, 19.8388671875, -0.1400390625])
array('d', [-27.2142578125, 1.1669921875, 19.698828125000002, 0.56015625])
array('d', [-27.2142578125, 1.1669921875, 19.698828125000002, 0.56015625])
array('d', [-27.2142578125, 1.1669921875, 19.698828125000002, 0.56015625])
array('d', [-27.2142578125, 1.1669921875, 19.698828125000002, 0.56015625])
array('d', [-27.2142578125, 1.1669921875, 19.698828125000002, 0.56015625])
array('d', [-26.5140625, 0.18671875000000002, 20.165625000000002, 0.1400390625])
array('d', [-26.5140625, 0.18671875000000002, 19.2787109375, -0.280078125])
array('d', [-26.5140625, 0.18671875000000002, 19.2787109375, -0.280078125])
array('d', [-26.980859375, -0.2333984375, 19.41875, 0.1400390625])
array('d', [-26.980859375, 0.37343750000000003, 19.512109375, 0.280078125])
array('d', [-25.58046875, -0.2333984375, 19.2787109375, 0.280078125])
array('d', [-26.980859375, 0.466796875, 19.1853515625, -0.0])
array('d', [-26.980859375, 0.466796875, 19.1853515625, -0.0])
array('d', [-26.794140625, -0.2333984375, 19.932226562500002, -0.1400390625])
array('d', [-26.607421875, 1.587109375, 18.578515625, -0.0])
array('d', [-26.607421875, -0.56015625, 18.391796875, -0.1400390625])
array('d', [-26.607421875, -0.56015625, 18.391796875, -0.1400390625])
array('d', [-27.3076171875, -0.56015625, 19.60546875, -0.1400390625])
array('d', [-27.3076171875, -0.56015625, 19.60546875, -0.1400390625])
array('d', [-27.821093750000003, -0.7001953125, 19.60546875, -0.0])
array('d', [-27.821093750000003, -0.7001953125, 19.41875, -0.280078125])
array('d', [-27.3076171875, 0.466796875, 19.41875, -0.280078125])
array('d', [-26.2806640625, -0.7001953125, 19.41875, -0.1400390625])
array('d', [-25.58046875, 1.1669921875, 19.2787109375, -0.280078125])
array('d', [-25.58046875, 1.1669921875, 19.2787109375, -0.42011718750000004])
array('d', [-26.420703125000003, -0.2333984375, 19.932226562500002, -0.42011718750000004])
array('d', [-26.420703125000003, -0.2333984375, 19.932226562500002, -0.42011718750000004])
array('d', [-26.420703125000003, -0.2333984375, 19.932226562500002, -0.42011718750000004])
array('d', [-26.420703125000003, -0.2333984375, 19.932226562500002, -0.42011718750000004])
array('d', [-26.420703125000003, -0.2333984375, 19.698828125000002, 0.42011718750000004])
array('d', [-26.0939453125, 0.8869140625, 19.2787109375, -0.0])
array('d', [-26.887500000000003, -0.7001953125, 19.3720703125, -0.1400390625])
array('d', [-25.9072265625, 0.7468750000000001, 19.932226562500002, -0.280078125])
array('d', [-25.9072265625, 0.7468750000000001, 19.8388671875, -0.0])
array('d', [-26.187304687500003, 0.7468750000000001, 19.8388671875, -0.0])
array('d', [-26.794140625, -0.2333984375, 19.8388671875, -0.0])
array('d', [-26.794140625, -0.2333984375, 19.8388671875, -0.0])
array('d', [-26.887500000000003, -0.9802734375000001, 19.512109375, -0.280078125])
array('d', [-26.887500000000003, -0.9802734375000001, 19.2787109375, -0.0])
array('d', [-26.420703125000003, -0.9802734375000001, 19.2787109375, -0.0])
array('d', [-26.420703125000003, -0.9802734375000001, 19.2787109375, -0.0])
array('d', [-26.420703125000003, -0.9802734375000001, 19.2787109375, -0.0])
array('d', [-26.420703125000003, -0.9802734375000001, 19.2787109375, -0.0])
array('d', [-27.120898437500003, 0.18671875000000002, 19.2787109375, 0.280078125])
array('d', [-26.794140625, 0.8869140625, 19.932226562500002, 0.1400390625])
array('d', [-27.400976562500002, -0.56015625, 19.60546875, -0.0])
array('d', [-27.400976562500002, -0.56015625, 19.932226562500002, -0.42011718750000004])
array('d', [-26.607421875, -0.56015625, 19.932226562500002, 0.1400390625])
array('d', [-26.980859375, -0.2333984375, 19.7455078125, 0.1400390625])
array('d', [-26.887500000000003, -0.7001953125, 19.138671875, -0.0])
array('d', [-27.400976562500002, -0.56015625, 18.9052734375, -0.1400390625])
array('d', [-27.400976562500002, -0.56015625, 18.9052734375, -0.280078125])
array('d', [-26.980859375, 0.37343750000000003, 18.9052734375, -0.280078125])
array('d', [-26.887500000000003, -0.7001953125, 19.2787109375, -0.280078125])
array('d', [-27.07421875, 0.7468750000000001, 19.60546875, -0.1400390625])
array('d', [-27.07421875, 0.7468750000000001, 20.165625000000002, 0.280078125])
array('d', [-26.794140625, -1.773828125, 20.165625000000002, 0.280078125])
array('d', [-26.0939453125, 0.18671875000000002, 19.8388671875, -0.1400390625])
array('d', [-26.887500000000003, 0.466796875, 19.60546875, -0.0])
array('d', [-26.887500000000003, 0.466796875, 19.60546875, 0.1400390625])
array('d', [-26.887500000000003, 0.37343750000000003, 19.60546875, 0.1400390625])
array('d', [-26.980859375, 0.37343750000000003, 19.60546875, -0.280078125])
array('d', [-26.980859375, 0.37343750000000003, 19.60546875, 0.280078125])
array('d', [-27.821093750000003, 0.37343750000000003, 19.60546875, 0.280078125])
array('d', [-27.821093750000003, 0.37343750000000003, 19.60546875, 0.280078125])
array('d', [-27.821093750000003, 0.37343750000000003, 19.60546875, 0.280078125])
array('d', [-27.821093750000003, 0.37343750000000003, 19.60546875, 0.280078125])
array('d', [-27.400976562500002, -0.2333984375, 19.8388671875, -0.0])
array('d', [-26.887500000000003, 1.1669921875, 19.0453125, 0.280078125])
array('d', [-26.887500000000003, -0.9802734375000001, 19.512109375, -0.280078125])
array('d', [-26.887500000000003, -0.9802734375000001, 19.512109375, -0.280078125])
array('d', [-27.587695312500003, -0.8402343750000001, 19.60546875, -0.466796875])
array('d', [-26.5140625, 0.8869140625, 19.2787109375, 0.56015625])
array('d', [-26.5140625, 0.8869140625, 18.6251953125, -0.42011718750000004])
array('d', [-26.887500000000003, 0.046679687500000004, 18.6251953125, -0.42011718750000004])
array('d', [-26.5140625, -0.9802734375000001, 19.698828125000002, -0.1400390625])
array('d', [-26.794140625, 0.046679687500000004, 19.8388671875, -0.0])
array('d', [-26.794140625, 0.046679687500000004, 19.8388671875, -0.0])
array('d', [-26.420703125000003, 0.18671875000000002, 19.138671875, -0.0])
array('d', [-27.4943359375, -0.56015625, 19.932226562500002, 0.1400390625])
array('d', [-27.4943359375, -0.2333984375, 19.3720703125, -0.1400390625])
array('d', [-26.0939453125, -0.2333984375, 19.3720703125, -0.1400390625])
array('d', [-26.887500000000003, -0.7935546875, 19.932226562500002, -0.1400390625])
array('d', [-26.887500000000003, 1.0269531250000001, 19.932226562500002, -0.0])
array('d', [-26.887500000000003, 1.0269531250000001, 19.512109375, 0.1400390625])
array('d', [-26.887500000000003, 1.0269531250000001, 19.512109375, 0.1400390625])
array('d', [-26.887500000000003, 1.0269531250000001, 19.512109375, 0.1400390625])
array('d', [-26.887500000000003, 1.0269531250000001, 19.512109375, 0.1400390625])
array('d', [-27.2142578125, -0.2333984375, 19.512109375, 0.1400390625])
array('d', [-26.980859375, 0.8869140625, 19.512109375, -0.1400390625])
array('d', [-26.5140625, -0.7001953125, 19.60546875, -0.1400390625])
array('d', [-26.5140625, -0.7001953125, 19.60546875, -0.1400390625])
array('d', [-25.767187500000002, -0.9802734375000001, 18.951953125, 0.280078125])
array('d', [-26.607421875, 0.18671875000000002, 19.932226562500002, -0.42011718750000004])
array('d', [-26.607421875, -0.2333984375, 20.165625000000002, 0.280078125])
array('d', [-26.607421875, -0.2333984375, 20.165625000000002, 0.280078125])
array('d', [-26.607421875, -0.2333984375, 20.165625000000002, 0.280078125])
array('d', [-26.607421875, -0.2333984375, 20.165625000000002, 0.280078125])
array('d', [-26.0939453125, 0.466796875, 19.60546875, 0.1400390625])
array('d', [-26.0939453125, 0.18671875000000002, 19.1853515625, -0.280078125])
array('d', [-26.980859375, 0.18671875000000002, 19.1853515625, -0.280078125])
array('d', [-26.607421875, 0.466796875, 19.8388671875, 0.1400390625])
array('d', [-25.767187500000002, 0.56015625, 19.932226562500002, 0.280078125])
array('d', [-25.767187500000002, -1.0736328125, 19.60546875, -0.1400390625])
array('d', [-27.07421875, -1.0736328125, 19.60546875, -0.1400390625])
array('d', [-27.07421875, -1.0736328125, 19.60546875, -0.1400390625])
array('d', [-27.07421875, -1.0736328125, 19.60546875, -0.1400390625])
array('d', [-26.980859375, -0.37343750000000003, 19.7455078125, 0.1400390625])
array('d', [-26.5140625, 0.046679687500000004, 19.512109375, 0.1400390625])
array('d', [-26.5140625, 0.046679687500000004, 19.512109375, 0.1400390625])
array('d', [-26.980859375, 0.046679687500000004, 19.512109375, 0.1400390625])
array('d', [-26.980859375, 0.046679687500000004, 19.512109375, 0.1400390625])
array('d', [-27.727734375, -0.2333984375, 19.512109375, -0.1400390625])
array('d', [-27.727734375, -0.2333984375, 19.512109375, 0.1400390625])
array('d', [-26.0939453125, -0.2333984375, 19.2787109375, 0.1400390625])
array('d', [-26.5140625, -0.7001953125, 18.951953125, -0.280078125])
array('d', [-26.5140625, 0.18671875000000002, 19.8388671875, -0.1400390625])
array('d', [-26.887500000000003, 0.18671875000000002, 19.8388671875, -0.1400390625])
array('d', [-27.400976562500002, -0.7001953125, 19.512109375, 0.42011718750000004])
array('d', [-27.400976562500002, -0.7001953125, 19.512109375, 0.42011718750000004])
array('d', [-26.0939453125, -0.1400390625, 19.2787109375, 0.280078125])
array('d', [-27.4943359375, -0.1400390625, 19.512109375, -0.0])
array('d', [-27.4943359375, -0.37343750000000003, 19.8388671875, -0.1400390625])
array('d', [-26.187304687500003, -0.1400390625, 19.8388671875, -0.1400390625])
array('d', [-26.5140625, -0.9802734375000001, 19.60546875, -0.0])
array('d', [-27.587695312500003, 0.280078125, 19.41875, -0.0])
array('d', [-26.607421875, 1.587109375, 19.932226562500002, -0.0])
array('d', [-27.4943359375, 0.7468750000000001, 19.932226562500002, 0.280078125])
array('d', [-27.4943359375, -0.2333984375, 19.512109375, -0.8869140625])
array('d', [-26.607421875, -0.2333984375, 19.512109375, -0.8869140625])
array('d', [-26.607421875, -0.2333984375, 19.512109375, -0.8869140625])
array('d', [-26.607421875, -0.2333984375, 19.512109375, -0.8869140625])
array('d', [-27.400976562500002, -0.9802734375000001, 19.8388671875, -0.1400390625])
array('d', [-26.794140625, -0.37343750000000003, 19.3720703125, 0.280078125])
array('d', [-26.794140625, -0.37343750000000003, 19.8388671875, -0.280078125])
array('d', [-26.980859375, 0.046679687500000004, 19.8388671875, -0.280078125])
array('d', [-26.980859375, 0.8869140625, 19.60546875, 0.42011718750000004])
array('d', [-26.0939453125, -0.1400390625, 19.3720703125, -0.1400390625])
array('d', [-26.0939453125, -0.1400390625, 19.3720703125, 0.280078125])
array('d', [-26.0939453125, -0.1400390625, 19.3720703125, 0.280078125])
array('d', [-26.654101562500003, -0.56015625, 19.60546875, 0.280078125])
array('d', [-26.5140625, 0.046679687500000004, 19.8388671875, 0.280078125])
array('d', [-26.794140625, 1.4470703125000002, 19.2787109375, -0.42011718750000004])
array('d', [-26.794140625, 0.466796875, 19.932226562500002, -0.0])
array('d', [-26.980859375, 0.466796875, 19.932226562500002, -0.0])
array('d', [-26.654101562500003, 1.30703125, 20.1189453125, -0.280078125])
array('d', [-27.400976562500002, -0.2333984375, 18.85859375, -0.7468750000000001])
array('d', [-27.400976562500002, -0.2333984375, 18.85859375, -0.7468750000000001])
array('d', [-27.400976562500002, -0.2333984375, 18.85859375, -0.7468750000000001])
array('d', [-25.673828125, -0.37343750000000003, 19.41875, -0.42011718750000004])
array('d', [-25.673828125, -0.37343750000000003, 19.60546875, 0.1400390625])
array('d', [-26.0939453125, -0.9802734375000001, 19.60546875, 0.1400390625])
array('d', [-27.400976562500002, -0.9802734375000001, 19.60546875, 0.280078125])
array('d', [-26.0939453125, 0.56015625, 18.951953125, -0.0])
array('d', [-26.607421875, -0.1400390625, 19.60546875, -0.0])
array('d', [-26.607421875, -0.1400390625, 19.512109375, 0.42011718750000004])
array('d', [-27.400976562500002, -0.56015625, 19.512109375, 0.42011718750000004])
array('d', [-26.0939453125, 1.1669921875, 19.932226562500002, 0.1400390625])
array('d', [-26.420703125000003, 0.046679687500000004, 19.1853515625, 0.1400390625])
array('d', [-26.420703125000003, 0.280078125, 19.932226562500002, 0.56015625])
array('d', [-27.4943359375, 0.280078125, 19.932226562500002, 0.56015625])
array('d', [-26.887500000000003, -1.4937500000000001, 19.60546875, -0.42011718750000004])
array('d', [-26.887500000000003, -1.4937500000000001, 19.60546875, -0.42011718750000004])
array('d', [-26.887500000000003, -1.4937500000000001, 19.60546875, -0.42011718750000004])
array('d', [-26.187304687500003, 0.18671875000000002, 19.2787109375, 0.280078125])
array('d', [-26.0939453125, -0.2333984375, 19.60546875, 0.1400390625])
array('d', [-26.0939453125, -0.2333984375, 19.41875, -0.0])
array('d', [-26.607421875, -0.2333984375, 19.41875, -0.0])
array('d', [-26.607421875, -0.2333984375, 19.41875, -0.0])
array('d', [-26.887500000000003, -0.5134765625000001, 19.2787109375, 0.1400390625])
array('d', [-26.887500000000003, -0.5134765625000001, 19.2787109375, 0.280078125])
array('d', [-26.887500000000003, 1.0269531250000001, 19.0453125, 0.280078125])
array('d', [-26.5140625, -1.2603515625000001, 19.3720703125, -0.1400390625])
array('d', [-27.400976562500002, -0.8402343750000001, 20.165625000000002, 0.1400390625])
array('d', [-27.400976562500002, -0.56015625, 19.60546875, -0.280078125])
array('d', [-26.5140625, -0.56015625, 19.60546875, -0.280078125])
array('d', [-27.2142578125, 0.466796875, 19.60546875, -0.7001953125])
array('d', [-26.420703125000003, -0.56015625, 19.7455078125, -0.1400390625])
array('d', [-26.0939453125, -0.2333984375, 19.60546875, -0.8869140625])
array('d', [-26.0939453125, -0.2333984375, 19.60546875, -0.8869140625])
array('d', [-26.187304687500003, 0.8869140625, 20.2123046875, -0.42011718750000004])
array('d', [-27.400976562500002, -1.0736328125, 18.85859375, 0.7001953125])
array('d', [-27.400976562500002, -1.0736328125, 19.60546875, -0.6068359375])
array('d', [-27.400976562500002, -1.0736328125, 19.60546875, -0.6068359375])
array('d', [-27.400976562500002, 0.56015625, 19.60546875, -0.6068359375])
array('d', [-26.0939453125, -0.2333984375, 19.60546875, -0.0])
array('d', [-26.607421875, 0.18671875000000002, 19.932226562500002, 0.1400390625])
array('d', [-26.607421875, -0.56015625, 19.60546875, 0.56015625])
array('d', [-26.980859375, -0.56015625, 19.60546875, 0.56015625])
array('d', [-27.120898437500003, 0.8869140625, 19.932226562500002, 0.280078125])
array('d', [-26.980859375, 1.587109375, 19.60546875, 0.280078125])
array('d', [-26.980859375, 1.587109375, 19.60546875, 0.280078125])
array('d', [-26.794140625, 0.7468750000000001, 19.2787109375, 0.1400390625])
array('d', [-26.794140625, 0.7468750000000001, 19.2787109375, -0.6068359375])
array('d', [-26.980859375, 0.37343750000000003, 19.2787109375, -0.6068359375])
array('d', [-26.980859375, 0.046679687500000004, 19.2787109375, -0.0])
array('d', [-26.887500000000003, -0.1400390625, 19.2787109375, -0.6068359375])
array('d', [-26.887500000000003, -0.1400390625, 19.2787109375, -0.6068359375])
array('d', [-26.980859375, 0.8869140625, 19.932226562500002, 0.1400390625])
array('d', [-26.980859375, 0.8869140625, 19.932226562500002, 0.1400390625])
array('d', [-26.980859375, 0.8869140625, 19.932226562500002, 0.1400390625])
array('d', [-26.980859375, 0.8869140625, 19.932226562500002, 0.1400390625])
array('d', [-26.980859375, 0.8869140625, 19.932226562500002, 0.1400390625])
array('d', [-27.07421875, 0.046679687500000004, 19.60546875, 0.280078125])
array('d', [-26.5140625, 0.37343750000000003, 19.512109375, -0.42011718750000004])
array('d', [-26.5140625, 0.37343750000000003, 19.512109375, -0.42011718750000004])
array('d', [-26.5140625, 0.37343750000000003, 19.512109375, -0.42011718750000004])
array('d', [-26.887500000000003, 0.046679687500000004, 19.2787109375, -0.1400390625])
array('d', [-26.607421875, 0.18671875000000002, 19.41875, -0.280078125])
array('d', [-26.654101562500003, 0.18671875000000002, 19.2787109375, -0.1400390625])
array('d', [-26.654101562500003, 0.18671875000000002, 19.2787109375, -0.1400390625])
array('d', [-27.07421875, -0.7001953125, 19.932226562500002, -0.280078125])
array('d', [-26.187304687500003, -0.56015625, 19.60546875, 0.56015625])
array('d', [-26.187304687500003, -0.56015625, 19.8388671875, -0.1400390625])
array('d', [-26.0939453125, 1.1669921875, 19.8388671875, -0.1400390625])
array('d', [-27.400976562500002, -0.2333984375, 19.2787109375, -0.280078125])
array('d', [-26.7474609375, 0.18671875000000002, 19.60546875, 0.280078125])
array('d', [-26.7474609375, 0.18671875000000002, 19.60546875, 0.280078125])
array('d', [-26.7474609375, 0.18671875000000002, 19.60546875, 0.280078125])
array('d', [-26.7474609375, 0.18671875000000002, 19.60546875, 0.280078125])
array('d', [-26.7474609375, 0.18671875000000002, 19.60546875, 0.280078125])
array('d', [-27.3076171875, -0.7001953125, 19.60546875, -0.0])
array('d', [-26.887500000000003, -0.2333984375, 19.1853515625, 0.6068359375])
array('d', [-26.887500000000003, -0.2333984375, 18.9052734375, -0.0])
array('d', [-26.887500000000003, -0.2333984375, 18.9052734375, -0.0])
array('d', [-27.120898437500003, -0.9802734375000001, 19.60546875, 0.280078125])
array('d', [-27.120898437500003, -0.9802734375000001, 19.60546875, 0.280078125])
array('d', [-27.400976562500002, 0.7468750000000001, 18.9052734375, 0.280078125])
array('d', [-26.980859375, 0.7468750000000001, 18.9052734375, 0.280078125])
array('d', [-26.980859375, -0.1400390625, 18.951953125, 0.42011718750000004])
array('d', [-26.187304687500003, -0.1400390625, 19.512109375, -0.0])
array('d', [-25.487109375000003, 0.8869140625, 19.60546875, -0.280078125])
array('d', [-25.487109375000003, 0.8869140625, 19.60546875, -0.280078125])
array('d', [-27.3076171875, 1.9138671875000002, 20.165625000000002, -0.1400390625])
array('d', [-25.9072265625, -0.9802734375000001, 19.60546875, -0.0])
array('d', [-25.9072265625, -0.9802734375000001, 19.8388671875, -0.1400390625])
array('d', [-25.9072265625, -0.9802734375000001, 19.8388671875, -0.1400390625])
array('d', [-26.0939453125, 0.3267578125, 18.951953125, 0.1400390625])
array('d', [-26.607421875, -0.2333984375, 19.512109375, -0.7001953125])
array('d', [-26.980859375, -1.2603515625000001, 19.932226562500002, -0.0])
array('d', [-27.400976562500002, 1.0269531250000001, 20.0255859375, -0.0])
array('d', [-27.400976562500002, 1.0269531250000001, 20.0255859375, -0.0])
array('d', [-27.400976562500002, 0.466796875, 20.0255859375, 0.1400390625])
array('d', [-27.400976562500002, 0.466796875, 20.0255859375, 0.1400390625])
array('d', [-27.400976562500002, 0.466796875, 20.0255859375, 0.1400390625])
array('d', [-26.887500000000003, 0.8869140625, 19.932226562500002, 0.42011718750000004])
array('d', [-26.980859375, -0.8402343750000001, 19.2787109375, 0.280078125])
array('d', [-26.980859375, -0.8402343750000001, 19.2787109375, 0.42011718750000004])
array('d', [-26.980859375, -0.8402343750000001, 19.2787109375, 0.42011718750000004])
array('d', [-26.980859375, -0.8402343750000001, 19.2787109375, 0.42011718750000004])
array('d', [-26.420703125000003, -0.56015625, 19.41875, 0.280078125])
array('d', [-26.607421875, -0.56015625, 19.41875, 0.280078125])
array('d', [-27.400976562500002, -1.3537109375, 19.3720703125, 0.1400390625])
array('d', [-26.980859375, -1.3537109375, 19.932226562500002, -0.0])
array('d', [-26.980859375, -0.2333984375, 19.932226562500002, -0.0])
array('d', [-27.07421875, -0.2333984375, 20.258984375, -0.280078125])
array('d', [-26.700781250000002, -1.0736328125, 19.2787109375, -0.1400390625])
array('d', [-26.187304687500003, 0.046679687500000004, 18.578515625, 0.56015625])
array('d', [-26.187304687500003, -0.7001953125, 19.8388671875, 0.42011718750000004])
array('d', [-27.821093750000003, -0.7001953125, 19.41875, 0.1400390625])
array('d', [-27.821093750000003, -0.7001953125, 19.41875, 0.1400390625])
array('d', [-27.821093750000003, -0.7001953125, 19.41875, 0.1400390625])
array('d', [-27.821093750000003, -0.7001953125, 19.41875, 0.1400390625])
array('d', [-27.821093750000003, -0.7001953125, 19.41875, 0.1400390625])
array('d', [-26.887500000000003, -0.7001953125, 18.7185546875, -0.1400390625])
array('d', [-27.400976562500002, -1.4937500000000001, 18.7185546875, -0.1400390625])
array('d', [-26.887500000000003, -1.6804687500000002, 19.512109375, -0.280078125])
array('d', [-26.887500000000003, -1.6804687500000002, 19.512109375, -0.280078125])
array('d', [-25.39375, -0.56015625, 19.7455078125, 0.280078125])
array('d', [-26.980859375, -0.1400390625, 18.9052734375, -0.280078125])
array('d', [-26.980859375, 0.18671875000000002, 19.932226562500002, 0.1400390625])
array('d', [-26.980859375, 0.18671875000000002, 19.932226562500002, 0.1400390625])
array('d', [-26.980859375, 0.18671875000000002, 19.932226562500002, 0.1400390625])
array('d', [-26.980859375, 0.18671875000000002, 19.932226562500002, 0.1400390625])
array('d', [-26.980859375, 0.18671875000000002, 19.932226562500002, 0.1400390625])
array('d', [-26.887500000000003, 0.466796875, 19.2787109375, -0.280078125])
array('d', [-26.887500000000003, 0.466796875, 19.932226562500002, 0.1400390625])
array('d', [-26.887500000000003, -0.7001953125, 19.932226562500002, 0.1400390625])
array('d', [-26.887500000000003, -0.7001953125, 19.932226562500002, 0.1400390625])
array('d', [-26.887500000000003, -0.7001953125, 19.932226562500002, 0.1400390625])
array('d', [-27.4943359375, -0.56015625, 20.0255859375, -0.1400390625])
array('d', [-25.9072265625, 0.18671875000000002, 19.60546875, 0.9802734375000001])
array('d', [-27.400976562500002, -0.7001953125, 19.932226562500002, -0.1400390625])
array('d', [-27.400976562500002, -0.7001953125, 19.512109375, 0.56015625])
array('d', [-25.767187500000002, -0.2333984375, 19.512109375, 0.56015625])
array('d', [-26.420703125000003, -2.2873046875000003, 19.512109375, -0.56015625])
array('d', [-27.120898437500003, -0.2333984375, 19.3720703125, -0.280078125])
array('d', [-27.120898437500003, -0.2333984375, 19.3720703125, -0.280078125])
array('d', [-26.654101562500003, 0.18671875000000002, 19.8388671875, -0.0])
array('d', [-26.5140625, -0.9802734375000001, 19.3720703125, 0.280078125])
array('d', [-26.5140625, -0.9802734375000001, 19.3720703125, -0.0])
array('d', [-26.5140625, -0.9802734375000001, 19.3720703125, -0.0])
array('d', [-26.5140625, -0.9802734375000001, 19.3720703125, -0.0])
array('d', [-26.5140625, -0.9802734375000001, 19.3720703125, -0.0])
array('d', [-27.3076171875, 0.18671875000000002, 19.60546875, -0.0])
array('d', [-25.487109375000003, 0.37343750000000003, 19.60546875, -0.0])
array('d', [-26.980859375, -0.42011718750000004, 19.1853515625, -0.6068359375])
array('d', [-26.980859375, -0.42011718750000004, 19.7455078125, -0.56015625])
array('d', [-26.420703125000003, -0.1400390625, 19.7455078125, -0.56015625])
array('d', [-25.673828125, -0.9802734375000001, 19.7455078125, -0.0])
array('d', [-27.821093750000003, -0.7001953125, 18.951953125, -0.42011718750000004])
array('d', [-27.821093750000003, -0.7001953125, 18.951953125, -0.42011718750000004])
array('d', [-27.821093750000003, -0.7001953125, 18.951953125, -0.42011718750000004])
array('d', [-27.821093750000003, -0.7001953125, 18.951953125, -0.42011718750000004])
array('d', [-27.400976562500002, 0.18671875000000002, 19.2787109375, 0.280078125])
array('d', [-27.400976562500002, 0.18671875000000002, 19.2787109375, 0.280078125])
array('d', [-26.5140625, -1.0736328125, 19.512109375, 0.280078125])
array('d', [-26.5140625, -1.0736328125, 19.512109375, 0.280078125])
array('d', [-26.980859375, -1.0736328125, 19.932226562500002, -0.1400390625])
array('d', [-26.0939453125, 0.466796875, 19.2787109375, -0.280078125])
array('d', [-27.400976562500002, -0.42011718750000004, 19.60546875, -0.046679687500000004])
array('d', [-27.400976562500002, -0.42011718750000004, 19.60546875, -0.046679687500000004])
array('d', [-27.400976562500002, -0.42011718750000004, 19.60546875, -0.046679687500000004])
array('d', [-27.400976562500002, -0.42011718750000004, 19.60546875, -0.046679687500000004])
array('d', [-27.4943359375, -0.1400390625, 19.698828125000002, -0.6068359375])
array('d', [-26.420703125000003, -0.2333984375, 19.2787109375, -0.56015625])
array('d', [-26.420703125000003, -0.2333984375, 19.2787109375, -0.56015625])
array('d', [-26.5140625, -0.2333984375, 19.2787109375, 0.1400390625])
array('d', [-26.5140625, -0.2333984375, 19.8388671875, 0.1400390625])
array('d', [-26.187304687500003, -0.2333984375, 19.8388671875, 0.1400390625])
array('d', [-26.887500000000003, 0.046679687500000004, 19.932226562500002, 0.42011718750000004])
array('d', [-27.400976562500002, 0.18671875000000002, 19.60546875, -0.7001953125])
array('d', [-27.400976562500002, 0.18671875000000002, 19.932226562500002, 0.1400390625])
array('d', [-26.5140625, 0.046679687500000004, 19.932226562500002, 0.1400390625])
array('d', [-26.654101562500003, 0.18671875000000002, 19.2787109375, 0.1400390625])
array('d', [-26.654101562500003, 0.18671875000000002, 19.2787109375, 0.1400390625])
array('d', [-26.654101562500003, 0.18671875000000002, 19.2787109375, 0.1400390625])
array('d', [-26.420703125000003, 0.466796875, 19.60546875, -0.0])
array('d', [-26.420703125000003, 0.466796875, 19.512109375, -0.1400390625])
array('d', [-26.5140625, -1.2603515625000001, 19.512109375, -0.1400390625])
array('d', [-27.400976562500002, -0.1400390625, 19.512109375, 0.280078125])
array('d', [-26.887500000000003, 0.466796875, 19.698828125000002, 0.42011718750000004])
array('d', [-26.887500000000003, 0.466796875, 19.698828125000002, 0.42011718750000004])
array('d', [-26.5140625, -0.2333984375, 18.9052734375, -0.280078125])
array('d', [-26.5140625, -0.2333984375, 18.9052734375, -0.280078125])
array('d', [-26.5140625, -0.2333984375, 18.9052734375, -0.280078125])
array('d', [-26.5140625, -0.2333984375, 18.9052734375, -0.280078125])
array('d', [-26.5140625, -0.2333984375, 18.9052734375, -0.280078125])
array('d', [-26.5140625, -0.2333984375, 18.9052734375, -0.280078125])
array('d', [-26.980859375, -0.9802734375000001, 19.60546875, 0.1400390625])
array('d', [-26.607421875, 0.8869140625, 18.85859375, -0.0])
array('d', [-26.607421875, 0.8869140625, 18.85859375, -0.280078125])
array('d', [-27.400976562500002, 0.046679687500000004, 19.60546875, -0.280078125])
array('d', [-26.980859375, 0.046679687500000004, 19.2787109375, -0.280078125])
array('d', [-26.420703125000003, 0.18671875000000002, 18.951953125, 0.1400390625])
array('d', [-26.420703125000003, 0.18671875000000002, 18.951953125, -0.1400390625])
array('d', [-25.673828125, -0.2333984375, 19.932226562500002, -0.1400390625])
array('d', [-26.980859375, -0.2333984375, 19.2787109375, 0.280078125])
array('d', [-26.980859375, -0.5134765625000001, 20.0255859375, -0.1400390625])
array('d', [-26.887500000000003, -0.5134765625000001, 20.0255859375, -0.1400390625])
array('d', [-26.0939453125, 0.3267578125, 19.60546875, 0.42011718750000004])
array('d', [-27.400976562500002, 0.7468750000000001, 19.60546875, -0.0])
array('d', [-27.400976562500002, 0.7468750000000001, 19.60546875, -0.42011718750000004])
array('d', [-26.5140625, -0.2333984375, 19.60546875, -0.42011718750000004])
array('d', [-25.1603515625, 0.046679687500000004, 20.0255859375, -0.7001953125])
array('d', [-25.1603515625, 0.046679687500000004, 19.60546875, 0.1400390625])
array('d', [-26.000585937500002, -0.2333984375, 19.60546875, 0.1400390625])
array('d', [-27.400976562500002, -0.2333984375, 19.8388671875, 0.42011718750000004])
array('d', [-27.400976562500002, -0.2333984375, 20.165625000000002, 0.280078125])
array('d', [-26.0939453125, -0.2333984375, 20.165625000000002, 0.280078125])
array('d', [-26.887500000000003, -0.1400390625, 19.60546875, -0.56015625])
array('d', [-27.914453125, -0.56015625, 18.85859375, -0.0])
array('d', [-27.914453125, -0.56015625, 19.512109375, -0.3267578125])
array('d', [-28.1478515625, -1.0736328125, 19.512109375, -0.3267578125])
array('d', [-26.887500000000003, 0.466796875, 20.165625000000002, 0.7001953125])
array('d', [-26.887500000000003, 0.466796875, 20.165625000000002, 0.42011718750000004])
array('d', [-26.420703125000003, 1.30703125, 19.8388671875, 0.42011718750000004])
array('d', [-26.887500000000003, -0.2333984375, 19.60546875, -0.466796875])
array('d', [-25.58046875, -0.2333984375, 19.932226562500002, -0.1400390625])
array('d', [-25.58046875, -0.2333984375, 19.932226562500002, 0.280078125])
array('d', [-27.07421875, -0.7001953125, 19.2787109375, 0.280078125])
array('d', [-27.821093750000003, -1.0736328125, 19.60546875, -0.280078125])
array('d', [-27.821093750000003, -1.0736328125, 19.60546875, -0.280078125])
array('d', [-27.821093750000003, -1.0736328125, 19.60546875, -0.280078125])
array('d', [-27.821093750000003, -1.0736328125, 19.60546875, -0.280078125])
array('d', [-26.607421875, -0.56015625, 19.2787109375, 0.1400390625])
array('d', [-27.3076171875, -0.56015625, 19.1853515625, 0.7001953125])
array('d', [-26.420703125000003, 2.2873046875000003, 19.932226562500002, -0.1400390625])
array('d', [-26.420703125000003, 2.2873046875000003, 19.932226562500002, -0.1400390625])
array('d', [-26.420703125000003, 2.2873046875000003, 19.932226562500002, -0.1400390625])
array('d', [-26.420703125000003, 2.2873046875000003, 19.932226562500002, -0.1400390625])
array('d', [-26.887500000000003, 0.466796875, 18.765234375000002, 0.7001953125])
array('d', [-26.887500000000003, 0.466796875, 18.765234375000002, -0.42011718750000004])
array('d', [-26.980859375, -0.2333984375, 20.399023437500002, -0.42011718750000004])
array('d', [-26.980859375, -0.56015625, 20.399023437500002, -0.1400390625])
array('d', [-26.5140625, -0.56015625, 20.165625000000002, 0.280078125])
array('d', [-26.5140625, 0.466796875, 19.0453125, 0.280078125])
array('d', [-26.887500000000003, 1.1669921875, 19.2787109375, 0.1400390625])
array('d', [-26.887500000000003, 0.8869140625, 19.932226562500002, 0.280078125])
array('d', [-27.07421875, 0.8869140625, 19.932226562500002, 0.280078125])
array('d', [-27.07421875, -0.9802734375000001, 19.60546875, 0.1400390625])
array('d', [-26.887500000000003, 0.18671875000000002, 19.60546875, 0.1400390625])
array('d', [-26.887500000000003, 0.18671875000000002, 19.60546875, 0.1400390625])
array('d', [-26.887500000000003, 0.18671875000000002, 19.60546875, 0.1400390625])
array('d', [-26.5140625, -1.3537109375, 19.60546875, 0.09335937500000001])
array('d', [-26.5140625, -1.3537109375, 19.60546875, -0.280078125])
array('d', [-26.980859375, 1.1669921875, 19.932226562500002, -0.280078125])
array('d', [-26.980859375, 1.1669921875, 19.932226562500002, -0.280078125])
array('d', [-26.980859375, 1.1669921875, 19.932226562500002, -0.280078125])
array('d', [-26.980859375, 1.1669921875, 19.932226562500002, -0.280078125])
array('d', [-26.2806640625, 0.18671875000000002, 19.60546875, 0.42011718750000004])
array('d', [-26.5140625, -1.3537109375, 19.2787109375, 0.42011718750000004])
array('d', [-26.5140625, -1.3537109375, 19.60546875, -0.280078125])
array('d', [-27.400976562500002, 1.3537109375, 19.60546875, -0.280078125])
array('d', [-27.400976562500002, 1.3537109375, 19.60546875, -0.280078125])
array('d', [-26.980859375, -0.9802734375000001, 19.8388671875, -0.1400390625])
array('d', [-26.2806640625, 0.18671875000000002, 19.512109375, 0.280078125])
array('d', [-26.2806640625, 0.18671875000000002, 19.512109375, 0.280078125])
array('d', [-26.2806640625, 0.18671875000000002, 19.512109375, 0.280078125])
array('d', [-26.2806640625, 0.18671875000000002, 19.512109375, 0.280078125])
array('d', [-26.2806640625, 0.18671875000000002, 19.512109375, 0.280078125])
array('d', [-26.2806640625, 0.18671875000000002, 19.512109375, 0.280078125])
array('d', [-26.420703125000003, -1.0736328125, 19.512109375, -0.8869140625])
array('d', [-26.887500000000003, 0.7468750000000001, 19.512109375, -0.8869140625])
array('d', [-27.634375000000002, -0.7001953125, 19.2787109375, -0.1400390625])
array('d', [-27.634375000000002, -0.7001953125, 19.2787109375, -0.1400390625])
array('d', [-27.634375000000002, -0.7001953125, 19.2787109375, -0.1400390625])
array('d', [-27.4943359375, -0.2333984375, 19.698828125000002, -0.280078125])
array('d', [-26.980859375, -0.2333984375, 19.512109375, 0.42011718750000004])
array('d', [-26.0939453125, 0.18671875000000002, 18.951953125, -0.280078125])
array('d', [-26.0939453125, 0.18671875000000002, 18.951953125, 0.42011718750000004])
array('d', [-27.4943359375, -0.56015625, 19.8388671875, 0.42011718750000004])
array('d', [-26.794140625, -0.8402343750000001, 19.2787109375, 0.1400390625])
array('d', [-26.794140625, -0.8402343750000001, 20.165625000000002, -0.1400390625])
array('d', [-27.07421875, -0.56015625, 19.932226562500002, -0.280078125])
array('d', [-26.980859375, -0.9802734375000001, 19.0919921875, -0.466796875])
array('d', [-26.980859375, -0.9802734375000001, 19.0919921875, -0.466796875])
array('d', [-26.980859375, -0.9802734375000001, 19.0919921875, -0.466796875])
array('d', [-27.821093750000003, -0.2333984375, 19.932226562500002, 0.42011718750000004])
array('d', [-27.400976562500002, 0.37343750000000003, 19.512109375, 0.280078125])
array('d', [-27.400976562500002, 0.37343750000000003, 19.60546875, -0.1400390625])
array('d', [-26.607421875, 0.18671875000000002, 19.60546875, -0.1400390625])
array('d', [-27.07421875, 0.8869140625, 18.9052734375, -0.1400390625])
array('d', [-27.400976562500002, -0.9802734375000001, 19.698828125000002, 0.42011718750000004])
array('d', [-27.400976562500002, -0.9802734375000001, 19.2787109375, -0.1400390625])
array('d', [-27.400976562500002, -0.9802734375000001, 19.2787109375, -0.1400390625])
array('d', [-27.400976562500002, -0.9802734375000001, 19.2787109375, -0.1400390625])
array('d', [-26.420703125000003, 0.18671875000000002, 19.2787109375, -0.1400390625])
array('d', [-26.000585937500002, 0.046679687500000004, 19.512109375, 0.280078125])
array('d', [-26.887500000000003, -0.2333984375, 19.60546875, 0.1400390625])
array('d', [-26.887500000000003, -0.2333984375, 19.60546875, 0.1400390625])
array('d', [-26.887500000000003, -0.2333984375, 19.60546875, 0.1400390625])
array('d', [-26.980859375, 0.37343750000000003, 19.60546875, 0.1400390625])
array('d', [-26.794140625, 0.18671875000000002, 19.2787109375, -0.1400390625])
array('d', [-26.794140625, 0.18671875000000002, 19.2787109375, -0.1400390625])
array('d', [-26.794140625, 0.18671875000000002, 19.2787109375, -0.1400390625])
array('d', [-26.794140625, 0.18671875000000002, 19.2787109375, -0.1400390625])
array('d', [-26.5140625, -0.09335937500000001, 18.951953125, 0.1400390625])
array('d', [-27.400976562500002, -0.09335937500000001, 19.60546875, 0.1400390625])
array('d', [-27.400976562500002, 0.56015625, 19.8388671875, 0.42011718750000004])
array('d', [-26.2806640625, -0.1400390625, 19.60546875, -0.1400390625])
array('d', [-26.887500000000003, -0.09335937500000001, 19.60546875, 0.280078125])
array('d', [-26.887500000000003, -0.09335937500000001, 19.60546875, -0.0])
array('d', [-26.5140625, 0.466796875, 19.932226562500002, -0.0])
array('d', [-27.3076171875, 0.18671875000000002, 19.60546875, 0.1400390625])
array('d', [-27.3076171875, 0.18671875000000002, 19.512109375, 0.1400390625])
array('d', [-27.2142578125, 0.18671875000000002, 19.512109375, 0.1400390625])
array('d', [-26.187304687500003, -0.1400390625, 19.2787109375, -0.42011718750000004])
array('d', [-27.2142578125, 0.8869140625, 20.072265625, 1.0736328125])
array('d', [-27.2142578125, 0.8869140625, 20.072265625, 0.42011718750000004])
array('d', [-26.980859375, -0.56015625, 19.60546875, 0.42011718750000004])
array('d', [-26.980859375, -0.56015625, 19.60546875, 0.42011718750000004])
array('d', [-26.980859375, -0.56015625, 19.60546875, 0.42011718750000004])
array('d', [-26.420703125000003, -0.37343750000000003, 19.8388671875, -0.56015625])
array('d', [-27.2142578125, -0.2333984375, 18.85859375, -1.2603515625000001])
array('d', [-27.2142578125, -0.2333984375, 19.512109375, 0.1400390625])
array('d', [-27.821093750000003, 0.8869140625, 19.512109375, 0.1400390625])
array('d', [-26.887500000000003, 0.7468750000000001, 19.512109375, 0.280078125])
array('d', [-26.887500000000003, 0.7468750000000001, 19.512109375, 0.280078125])
array('d', [-26.887500000000003, -0.1400390625, 19.6521484375, 0.280078125])
array('d', [-27.4943359375, 0.8869140625, 19.6521484375, 0.280078125])
array('d', [-27.4943359375, 0.8869140625, 19.6521484375, 0.280078125])
array('d', [-27.4943359375, 0.8869140625, 19.932226562500002, 0.1400390625])
array('d', [-27.821093750000003, 0.18671875000000002, 20.0255859375, -0.0])
array('d', [-27.4943359375, 1.1669921875, 19.138671875, 0.42011718750000004])
array('d', [-27.4943359375, 1.1669921875, 19.138671875, 0.42011718750000004])
array('d', [-27.4943359375, 1.1669921875, 19.138671875, 0.42011718750000004])
array('d', [-27.4943359375, 1.1669921875, 19.138671875, 0.42011718750000004])
array('d', [-26.654101562500003, -0.2333984375, 19.60546875, -2.8474609375])
array('d', [-26.0939453125, 0.046679687500000004, 19.1853515625, 0.42011718750000004])
array('d', [-26.0939453125, 0.046679687500000004, 19.932226562500002, 0.1400390625])
array('d', [-26.420703125000003, -0.1400390625, 19.932226562500002, 0.1400390625])
array('d', [-27.4943359375, -0.2333984375, 19.2787109375, -0.280078125])
array('d', [-26.887500000000003, -1.6804687500000002, 19.512109375, -0.42011718750000004])
array('d', [-26.3740234375, 0.18671875000000002, 19.60546875, -0.6068359375])
array('d', [-26.3740234375, 0.18671875000000002, 19.60546875, -0.0])
array('d', [-26.607421875, 0.046679687500000004, 19.60546875, -0.0])
array('d', [-27.4943359375, 0.466796875, 19.2787109375, 0.280078125])
array('d', [-26.887500000000003, -0.9802734375000001, 19.60546875, 0.280078125])
array('d', [-26.887500000000003, -0.9802734375000001, 19.60546875, 0.280078125])
array('d', [-26.0939453125, 1.9138671875000002, 19.8388671875, -0.1400390625])
array('d', [-26.887500000000003, 1.9138671875000002, 19.8388671875, -0.1400390625])
array('d', [-26.887500000000003, -0.2333984375, 20.2123046875, 0.1400390625])
array('d', [-27.4943359375, 0.8869140625, 20.2123046875, 0.1400390625])
array('d', [-26.5140625, -0.2333984375, 20.165625000000002, -0.1400390625])
array('d', [-26.5140625, -0.2333984375, 20.165625000000002, -0.1400390625])
array('d', [-26.980859375, 0.18671875000000002, 20.165625000000002, -0.1400390625])
array('d', [-26.5140625, -0.2333984375, 19.512109375, 0.280078125])
array('d', [-27.400976562500002, 0.7468750000000001, 19.3720703125, -0.280078125])
array('d', [-27.400976562500002, 0.7468750000000001, 19.60546875, -0.0])
array('d', [-26.420703125000003, -0.2333984375, 19.60546875, -0.0])
array('d', [-26.980859375, 0.8869140625, 18.85859375, -0.280078125])
array('d', [-27.2142578125, 1.30703125, 19.932226562500002, 0.1400390625])
array('d', [-27.2142578125, 1.30703125, 19.932226562500002, -0.0])
array('d', [-26.887500000000003, 0.046679687500000004, 19.2787109375, -0.0])
array('d', [-25.767187500000002, 0.18671875000000002, 19.932226562500002, -0.280078125])
array('d', [-25.767187500000002, 0.18671875000000002, 19.932226562500002, 0.42011718750000004])
array('d', [-27.3076171875, 0.18671875000000002, 19.932226562500002, 0.42011718750000004])
array('d', [-26.0939453125, -0.8402343750000001, 20.165625000000002, -0.280078125])
array('d', [-26.5140625, 0.8869140625, 19.2787109375, 0.1400390625])
array('d', [-26.5140625, 0.8869140625, 19.2787109375, 0.1400390625])
array('d', [-26.5140625, 0.37343750000000003, 19.60546875, 0.280078125])
array('d', [-27.400976562500002, 0.37343750000000003, 19.60546875, -0.0])
array('d', [-26.420703125000003, -0.8402343750000001, 19.8388671875, -0.0])
array('d', [-26.794140625, -0.2333984375, 19.8388671875, -0.280078125])
array('d', [-27.3076171875, -0.56015625, 19.2787109375, 0.1400390625])
array('d', [-26.5140625, -0.1400390625, 19.3720703125, -0.0])
array('d', [-26.5140625, -0.1400390625, 19.3720703125, 0.280078125])
array('d', [-25.673828125, -0.56015625, 19.698828125000002, 0.280078125])
array('d', [-26.420703125000003, 0.7468750000000001, 18.9052734375, -0.1400390625])
array('d', [-26.607421875, -1.9605468750000001, 19.60546875, -0.280078125])
array('d', [-26.607421875, -1.9605468750000001, 19.60546875, -0.280078125])
array('d', [-26.980859375, 0.8869140625, 19.60546875, 0.1400390625])
array('d', [-26.794140625, -0.2333984375, 19.8388671875, 0.42011718750000004])
array('d', [-26.794140625, -0.8402343750000001, 19.60546875, -0.280078125])
array('d', [-26.794140625, -0.8402343750000001, 19.60546875, -0.280078125])
array('d', [-26.794140625, -0.8402343750000001, 19.60546875, -0.280078125])
array('d', [-27.400976562500002, -0.8402343750000001, 19.60546875, -0.280078125])
array('d', [-27.3076171875, -0.37343750000000003, 19.2787109375, 0.1400390625])
array('d', [-26.187304687500003, 0.56015625, 19.2787109375, 0.1400390625])
array('d', [-26.187304687500003, 0.56015625, 19.2787109375, -0.1400390625])
array('d', [-26.0939453125, -0.2333984375, 19.932226562500002, -0.1400390625])
array('d', [-27.400976562500002, -0.2333984375, 20.165625000000002, 0.42011718750000004])
array('d', [-26.0939453125, -0.37343750000000003, 19.138671875, -0.1400390625])
array('d', [-26.0939453125, -0.37343750000000003, 19.138671875, -0.1400390625])
array('d', [-26.794140625, 1.1669921875, 19.60546875, 0.280078125])
array('d', [-27.914453125, -0.9802734375000001, 19.7455078125, -0.0])
array('d', [-26.654101562500003, -0.1400390625, 19.7455078125, -0.0])
array('d', [-26.654101562500003, -0.1400390625, 19.7455078125, -0.1400390625])
array('d', [-27.634375000000002, -0.2333984375, 19.2787109375, -0.0])
array('d', [-26.187304687500003, 0.466796875, 19.932226562500002, 0.1400390625])
array('d', [-26.5140625, -0.2333984375, 18.9052734375, -0.280078125])
array('d', [-26.5140625, -0.2333984375, 18.9052734375, 0.42011718750000004])
array('d', [-26.887500000000003, -1.2603515625000001, 19.932226562500002, 0.42011718750000004])
array('d', [-26.794140625, -0.09335937500000001, 18.951953125, -0.0])
array('d', [-26.654101562500003, -0.2333984375, 19.7455078125, 0.280078125])
array('d', [-26.654101562500003, -0.2333984375, 19.7455078125, 0.280078125])
array('d', [-23.71328125, -1.3537109375, 19.2787109375, -0.0])
array('d', [-23.71328125, -1.3537109375, 19.2787109375, -0.0])
array('d', [-23.71328125, -1.3537109375, 19.2787109375, -0.0])
array('d', [-26.5140625, 0.466796875, 20.2123046875, -0.1400390625])
array('d', [-27.3076171875, 0.18671875000000002, 19.97890625, 0.42011718750000004])
array('d', [-27.3076171875, 0.18671875000000002, 19.60546875, -0.1400390625])
array('d', [-26.607421875, -0.2333984375, 19.60546875, -0.1400390625])
array('d', [-27.400976562500002, -0.2333984375, 18.7185546875, -0.280078125])
array('d', [-27.914453125, -0.1400390625, 19.60546875, -0.280078125])
array('d', [-27.4943359375, 0.8869140625, 18.951953125, -0.0])
array('d', [-27.4943359375, 0.8869140625, 18.951953125, -0.0])
array('d', [-27.4943359375, 0.8869140625, 18.951953125, -0.0])
array('d', [-27.4943359375, 0.8869140625, 18.951953125, -0.0])
array('d', [-27.4943359375, -0.42011718750000004, 19.512109375, -0.0])
array('d', [-26.5140625, -0.42011718750000004, 19.512109375, -0.0])
array('d', [-26.980859375, -0.9802734375000001, 19.8388671875, -0.0])
array('d', [-26.980859375, -0.9802734375000001, 19.8388671875, -0.0])
array('d', [-26.980859375, -0.9802734375000001, 19.8388671875, -0.0])
array('d', [-26.980859375, -0.9802734375000001, 19.8388671875, -0.0])
array('d', [-26.887500000000003, 0.7468750000000001, 18.9052734375, -0.0])
array('d', [-26.000585937500002, -0.42011718750000004, 19.41875, 0.280078125])
array('d', [-26.980859375, -0.7001953125, 19.2787109375, 0.1400390625])
array('d', [-26.980859375, -0.7001953125, 19.932226562500002, 0.1400390625])
array('d', [-25.673828125, 0.8869140625, 19.932226562500002, 0.1400390625])
array('d', [-26.980859375, 0.18671875000000002, 19.7455078125, -0.0])
array('d', [-26.980859375, -0.2333984375, 19.7455078125, -0.0])
array('d', [-26.980859375, -0.2333984375, 19.3720703125, 0.1400390625])
array('d', [-26.794140625, -0.42011718750000004, 19.0919921875, 0.1400390625])
array('d', [-27.400976562500002, -0.1400390625, 19.932226562500002, -0.280078125])
array('d', [-26.420703125000003, -0.7001953125, 19.60546875, -0.0])
array('d', [-26.420703125000003, -0.7001953125, 20.165625000000002, -0.280078125])
array('d', [-27.3076171875, 0.280078125, 20.165625000000002, -0.280078125])
array('d', [-26.5140625, 0.56015625, 20.072265625, -0.280078125])
array('d', [-26.887500000000003, -0.2333984375, 19.2787109375, -0.0])
array('d', [-26.887500000000003, -0.1400390625, 19.2787109375, -0.0])
array('d', [-27.400976562500002, -0.1400390625, 19.2787109375, -0.0])
array('d', [-27.400976562500002, -0.1400390625, 19.2787109375, -0.0])
array('d', [-27.400976562500002, -0.1400390625, 19.2787109375, -0.0])
array('d', [-26.654101562500003, 0.8869140625, 19.60546875, 0.1400390625])
array('d', [-26.654101562500003, 1.1669921875, 19.60546875, 0.1400390625])
array('d', [-25.58046875, -0.2333984375, 19.2787109375, -0.1400390625])
array('d', [-26.5140625, -1.2603515625000001, 19.512109375, -0.280078125])
array('d', [-26.980859375, -0.1400390625, 19.2787109375, -0.0])
array('d', [-26.980859375, -0.1400390625, 19.3720703125, 0.42011718750000004])
array('d', [-26.654101562500003, -0.2333984375, 19.3720703125, 0.42011718750000004])
array('d', [-26.654101562500003, -0.2333984375, 19.3720703125, 0.42011718750000004])
array('d', [-26.654101562500003, -0.2333984375, 19.3720703125, 0.42011718750000004])
array('d', [-26.654101562500003, -0.37343750000000003, 19.932226562500002, -0.0])
array('d', [-26.0939453125, -0.37343750000000003, 19.932226562500002, -0.1400390625])
array('d', [-26.5140625, 1.587109375, 18.9052734375, -0.1400390625])
array('d', [-26.5140625, 1.587109375, 18.9052734375, -0.1400390625])
array('d', [-26.5140625, 1.587109375, 18.9052734375, -0.1400390625])
array('d', [-27.3076171875, 1.0269531250000001, 19.512109375, -0.42011718750000004])
array('d', [-26.980859375, 0.046679687500000004, 19.1853515625, 0.1400390625])
array('d', [-27.727734375, -0.9802734375000001, 18.951953125, 0.1400390625])
array('d', [-27.727734375, -0.9802734375000001, 18.951953125, 0.1400390625])
array('d', [-27.727734375, -0.9802734375000001, 18.951953125, 0.1400390625])
array('d', [-27.727734375, -0.9802734375000001, 18.951953125, 0.1400390625])
array('d', [-27.727734375, -0.9802734375000001, 18.951953125, 0.1400390625])
array('d', [-27.727734375, -0.9802734375000001, 18.951953125, 0.1400390625])
array('d', [-26.420703125000003, -0.37343750000000003, 18.531835937500002, 0.1400390625])
array('d', [-26.420703125000003, -0.37343750000000003, 18.298437500000002, -0.1400390625])
array('d', [-26.000585937500002, 0.18671875000000002, 18.298437500000002, -0.1400390625])
array('d', [-26.980859375, -0.09335937500000001, 19.60546875, 0.42011718750000004])
array('d', [-26.980859375, -0.09335937500000001, 19.60546875, 0.42011718750000004])
array('d', [-26.980859375, -0.09335937500000001, 19.60546875, 0.42011718750000004])
array('d', [-26.887500000000003, 0.466796875, 19.2787109375, -0.0])
array('d', [-26.887500000000003, 0.466796875, 18.9052734375, 0.280078125])
array('d', [-26.980859375, -0.9802734375000001, 18.9052734375, 0.280078125])
array('d', [-26.5140625, -0.9802734375000001, 19.8388671875, -0.42011718750000004])
array('d', [-26.794140625, 1.0269531250000001, 19.8388671875, 0.280078125])
array('d', [-26.794140625, 1.0269531250000001, 19.8388671875, 0.280078125])
array('d', [-26.607421875, 0.18671875000000002, 19.60546875, 0.42011718750000004])
array('d', [-26.607421875, 0.18671875000000002, 19.60546875, 0.42011718750000004])
array('d', [-26.607421875, 0.18671875000000002, 19.60546875, 0.42011718750000004])
array('d', [-26.607421875, 0.18671875000000002, 19.60546875, 0.42011718750000004])
array('d', [-26.607421875, 0.18671875000000002, 19.60546875, 0.42011718750000004])
array('d', [-25.487109375000003, 0.466796875, 20.2123046875, -0.280078125])
array('d', [-27.400976562500002, 0.18671875000000002, 19.60546875, -0.280078125])
array('d', [-27.400976562500002, 0.18671875000000002, 19.60546875, -0.280078125])
array('d', [-26.5140625, 0.7468750000000001, 19.512109375, 0.42011718750000004])
array('d', [-25.767187500000002, -0.2333984375, 19.60546875, 0.1400390625])
array('d', [-25.58046875, 0.18671875000000002, 19.3720703125, 0.56015625])
array('d', [-25.58046875, 0.18671875000000002, 19.3720703125, 0.1400390625])
array('d', [-26.5140625, 0.046679687500000004, 19.1853515625, 0.1400390625])
array('d', [-26.5140625, -0.1400390625, 19.8388671875, -0.56015625])
array('d', [-26.5140625, -0.2333984375, 19.512109375, -0.1400390625])
array('d', [-26.607421875, -0.2333984375, 19.512109375, -0.1400390625])
array('d', [-26.0939453125, 0.56015625, 19.60546875, -0.280078125])
array('d', [-26.420703125000003, 0.466796875, 16.197851562500002, 0.1400390625])
array('d', [-26.420703125000003, 0.466796875, 19.60546875, 0.42011718750000004])
array('d', [-26.420703125000003, 0.466796875, 19.60546875, 0.42011718750000004])
array('d', [-26.420703125000003, 0.466796875, 19.60546875, 0.42011718750000004])
array('d', [-26.980859375, 1.0269531250000001, 19.2787109375, 0.280078125])
array('d', [-26.980859375, 1.0269531250000001, 19.2787109375, -0.0])
array('d', [-26.607421875, 0.466796875, 19.932226562500002, -0.0])
array('d', [-26.887500000000003, 0.466796875, 19.932226562500002, 0.1400390625])
array('d', [-26.0939453125, 0.37343750000000003, 19.7455078125, -0.6068359375])
array('d', [-26.0939453125, 0.37343750000000003, 19.7455078125, -0.6068359375])
array('d', [-26.980859375, 0.56015625, 19.60546875, -0.0])
array('d', [-26.607421875, -0.7935546875, 20.072265625, -0.42011718750000004])
array('d', [-27.400976562500002, 0.046679687500000004, 19.60546875, -0.280078125])
array('d', [-26.607421875, 0.466796875, 19.3720703125, 0.280078125])
array('d', [-26.607421875, 0.466796875, 19.1853515625, 0.280078125])
array('d', [-26.420703125000003, 0.046679687500000004, 19.1853515625, 0.280078125])
array('d', [-27.400976562500002, -0.2333984375, 19.512109375, -0.42011718750000004])
array('d', [-27.914453125, 0.18671875000000002, 19.7455078125, -0.42011718750000004])
array('d', [-27.914453125, 0.18671875000000002, 19.7455078125, 0.56015625])
array('d', [-26.420703125000003, 0.046679687500000004, 18.85859375, -0.1400390625])
array('d', [-27.07421875, 2.0072265625, 18.951953125, 0.42011718750000004])
array('d', [-27.07421875, 2.0072265625, 18.951953125, 0.42011718750000004])
array('d', [-27.07421875, 2.0072265625, 18.951953125, 0.42011718750000004])
array('d', [-27.07421875, 2.0072265625, 18.951953125, 0.42011718750000004])
array('d', [-26.5140625, 0.18671875000000002, 19.8388671875, 0.1400390625])
array('d', [-26.607421875, 0.56015625, 19.512109375, -0.1400390625])
array('d', [-26.607421875, 0.56015625, 20.2123046875, -0.1400390625])
array('d', [-26.607421875, 0.56015625, 20.2123046875, -0.1400390625])
array('d', [-26.607421875, 0.56015625, 20.2123046875, -0.1400390625])
array('d', [-26.5140625, 1.1669921875, 19.60546875, 0.280078125])
array('d', [-26.607421875, -0.37343750000000003, 19.60546875, 0.280078125])
array('d', [-27.400976562500002, -0.56015625, 19.2787109375, -0.1400390625])
array('d', [-25.9072265625, 0.18671875000000002, 19.60546875, 0.56015625])
array('d', [-25.9072265625, 0.18671875000000002, 19.60546875, 0.56015625])
array('d', [-26.420703125000003, 1.1669921875, 19.512109375, 0.1400390625])
array('d', [-26.187304687500003, 0.56015625, 20.165625000000002, -0.56015625])
array('d', [-26.187304687500003, 0.56015625, 20.165625000000002, -0.56015625])
array('d', [-26.187304687500003, 0.56015625, 20.165625000000002, -0.56015625])
array('d', [-26.187304687500003, 0.56015625, 20.165625000000002, -0.56015625])
array('d', [-26.000585937500002, 0.37343750000000003, 19.60546875, -0.42011718750000004])
array('d', [-26.000585937500002, 0.37343750000000003, 19.932226562500002, 0.280078125])
array('d', [-26.607421875, -0.1400390625, 19.932226562500002, 0.280078125])
array('d', [-26.5140625, 0.18671875000000002, 19.60546875, -0.1400390625])
array('d', [-27.4943359375, 0.280078125, 18.6251953125, -0.0])
array('d', [-27.4943359375, 0.280078125, 18.6251953125, -0.0])
array('d', [-28.567968750000002, -0.7001953125, 19.512109375, -0.0])
array('d', [-28.567968750000002, -0.7001953125, 19.512109375, -0.0])
array('d', [-28.567968750000002, -0.7001953125, 19.512109375, -0.0])
array('d', [-28.567968750000002, -0.7001953125, 19.512109375, -0.0])
array('d', [-28.567968750000002, -0.7001953125, 19.512109375, -0.0])
array('d', [-26.0939453125, -0.2333984375, 18.531835937500002, -0.1400390625])
array('d', [-26.0939453125, -0.2333984375, 19.8388671875, -0.0])
array('d', [-27.3076171875, -0.7001953125, 19.8388671875, -0.0])
array('d', [-26.980859375, -0.9802734375000001, 19.932226562500002, -0.0])
array('d', [-26.980859375, -0.9802734375000001, 19.932226562500002, -0.0])
array('d', [-26.980859375, -0.9802734375000001, 19.932226562500002, -0.0])
array('d', [-26.887500000000003, -0.2333984375, 19.2787109375, 0.280078125])
array('d', [-26.887500000000003, -0.2333984375, 19.1853515625, -0.1400390625])
array('d', [-27.3076171875, 0.7468750000000001, 19.1853515625, -0.1400390625])
array('d', [-27.3076171875, -0.9802734375000001, 19.1853515625, -0.42011718750000004])
array('d', [-26.420703125000003, -0.1400390625, 19.60546875, -0.280078125])
array('d', [-26.420703125000003, -0.1400390625, 19.60546875, -0.280078125])
array('d', [-26.980859375, -0.42011718750000004, 19.60546875, 0.1400390625])
array('d', [-26.980859375, -0.42011718750000004, 19.60546875, 0.1400390625])
array('d', [-26.980859375, -0.42011718750000004, 19.60546875, 0.1400390625])
array('d', [-26.980859375, -0.42011718750000004, 19.60546875, 0.1400390625])
array('d', [-26.980859375, -0.42011718750000004, 19.60546875, 0.1400390625])
array('d', [-26.5140625, -0.56015625, 19.60546875, -0.1400390625])
array('d', [-26.887500000000003, 0.466796875, 19.60546875, -0.0])
array('d', [-26.887500000000003, 0.466796875, 19.60546875, -0.1400390625])
array('d', [-26.420703125000003, 0.466796875, 19.60546875, -0.1400390625])
array('d', [-26.420703125000003, 0.466796875, 19.60546875, -0.1400390625])
array('d', [-26.420703125000003, 0.466796875, 19.60546875, -0.1400390625])
array('d', [-26.420703125000003, 0.466796875, 19.60546875, -0.1400390625])
array('d', [-27.3076171875, -0.9802734375000001, 19.932226562500002, -0.0])
array('d', [-27.3076171875, -0.9802734375000001, 19.932226562500002, -0.0])
array('d', [-26.2806640625, 0.18671875000000002, 19.1853515625, -0.1400390625])
array('d', [-26.607421875, 0.466796875, 20.2123046875, 0.1400390625])
array('d', [-26.607421875, 0.466796875, 19.1853515625, -0.1400390625])
array('d', [-25.9072265625, 0.046679687500000004, 19.1853515625, -0.1400390625])
array('d', [-27.3076171875, -0.42011718750000004, 19.932226562500002, 0.8869140625])
array('d', [-26.5140625, 0.18671875000000002, 19.60546875, 0.280078125])
array('d', [-26.5140625, 0.18671875000000002, 19.60546875, -0.1400390625])
array('d', [-26.0939453125, 0.046679687500000004, 19.60546875, -0.1400390625])
array('d', [-26.420703125000003, -0.7001953125, 19.2787109375, 0.42011718750000004])
array('d', [-26.420703125000003, -0.7001953125, 19.2787109375, 0.42011718750000004])
array('d', [-26.420703125000003, -0.7001953125, 19.2787109375, 0.42011718750000004])
array('d', [-26.420703125000003, -0.7001953125, 19.2787109375, 0.42011718750000004])
array('d', [-26.420703125000003, -0.7001953125, 19.2787109375, 0.42011718750000004])
array('d', [-26.5140625, 0.18671875000000002, 19.8388671875, 0.280078125])
array('d', [-26.5140625, 0.18671875000000002, 19.8388671875, 0.280078125])
array('d', [-25.58046875, 0.466796875, 19.60546875, -0.0])
array('d', [-25.58046875, 0.466796875, 19.60546875, -0.0])
array('d', [-25.58046875, 0.466796875, 19.60546875, -0.0])
array('d', [-25.58046875, 0.466796875, 19.60546875, -0.0])
array('d', [-26.000585937500002, 0.18671875000000002, 19.41875, 0.1400390625])
array('d', [-27.07421875, 0.046679687500000004, 19.1853515625, -0.1400390625])
array('d', [-27.4943359375, 0.466796875, 19.60546875, 0.280078125])
array('d', [-27.4943359375, 0.466796875, 19.60546875, 0.280078125])
array('d', [-26.980859375, 1.0269531250000001, 20.2123046875, 0.1400390625])
array('d', [-27.07421875, -0.1400390625, 19.698828125000002, -0.0])
array('d', [-27.07421875, -0.1400390625, 19.60546875, -0.1400390625])
array('d', [-27.07421875, -0.1400390625, 19.60546875, -0.1400390625])
array('d', [-27.07421875, -0.1400390625, 19.60546875, -0.1400390625])
array('d', [-27.07421875, -0.1400390625, 19.60546875, -0.1400390625])
array('d', [-26.794140625, 0.18671875000000002, 19.932226562500002, -0.1400390625])
array('d', [-26.5140625, 2.7541015625000003, 19.932226562500002, -0.1400390625])
array('d', [-26.5140625, -0.37343750000000003, 18.765234375000002, -0.6068359375])
array('d', [-26.5140625, -0.37343750000000003, 18.765234375000002, -0.6068359375])
array('d', [-26.5140625, -0.37343750000000003, 18.765234375000002, -0.6068359375])
array('d', [-26.5140625, -0.37343750000000003, 18.765234375000002, -0.6068359375])
array('d', [-26.420703125000003, 0.8869140625, 19.2787109375, -0.0])
array('d', [-25.9072265625, -0.1400390625, 18.951953125, -0.1400390625])
array('d', [-25.9072265625, 0.466796875, 19.60546875, -0.0])
array('d', [-26.607421875, 0.466796875, 19.60546875, -0.0])
array('d', [-26.5140625, -0.8402343750000001, 19.60546875, -0.280078125])
array('d', [-26.420703125000003, 0.18671875000000002, 19.8388671875, -0.6068359375])
array('d', [-26.420703125000003, 0.7468750000000001, 19.1853515625, 0.280078125])
array('d', [-27.914453125, 0.7468750000000001, 19.1853515625, 0.280078125])
array('d', [-26.887500000000003, -1.3537109375, 19.60546875, -0.1400390625])
array('d', [-26.420703125000003, -0.56015625, 19.932226562500002, -0.0])
array('d', [-26.420703125000003, -0.56015625, 19.932226562500002, -0.0])
array('d', [-26.187304687500003, 0.18671875000000002, 19.41875, 0.280078125])
array('d', [-26.794140625, -0.2333984375, 19.60546875, 0.1400390625])
array('d', [-26.794140625, 0.18671875000000002, 19.60546875, -0.0])
array('d', [-26.794140625, 0.18671875000000002, 19.60546875, -0.0])
array('d', [-26.794140625, 0.18671875000000002, 19.60546875, -0.0])
array('d', [-27.400976562500002, 0.18671875000000002, 19.60546875, -0.1400390625])
array('d', [-27.4943359375, 0.56015625, 19.60546875, -0.1400390625])
array('d', [-26.980859375, 0.8869140625, 20.165625000000002, -0.56015625])
array('d', [-26.5140625, 0.8869140625, 19.932226562500002, 0.280078125])
array('d', [-26.5140625, -0.2333984375, 20.072265625, 0.42011718750000004])
array('d', [-27.400976562500002, -0.2333984375, 20.072265625, 0.42011718750000004])
array('d', [-26.607421875, 0.653515625, 19.932226562500002, -0.280078125])
array('d', [-26.607421875, 0.653515625, 19.932226562500002, -0.280078125])
array('d', [-26.607421875, 0.653515625, 19.932226562500002, -0.280078125])
array('d', [-26.607421875, 0.653515625, 19.932226562500002, -0.280078125])
array('d', [-26.607421875, 0.653515625, 19.932226562500002, -0.280078125])
array('d', [-25.58046875, 0.046679687500000004, 20.072265625, -0.1400390625])
array('d', [-27.400976562500002, -0.56015625, 19.2787109375, -0.280078125])
array('d', [-27.400976562500002, -0.56015625, 19.2787109375, 0.1400390625])
array('d', [-27.4943359375, -0.56015625, 18.9052734375, -0.0])
array('d', [-27.634375000000002, -0.8402343750000001, 18.9052734375, -0.1400390625])
array('d', [-26.980859375, -0.2333984375, 19.60546875, -0.1400390625])
array('d', [-25.9072265625, 0.466796875, 19.60546875, -0.1400390625])
array('d', [-25.9072265625, 0.466796875, 18.951953125, 0.7001953125])
array('d', [-26.5140625, 1.587109375, 19.2787109375, 0.7001953125])
array('d', [-26.420703125000003, 0.18671875000000002, 19.932226562500002, 0.280078125])
array('d', [-27.3076171875, -0.2333984375, 18.951953125, -0.280078125])
array('d', [-27.3076171875, -0.2333984375, 19.2787109375, 0.280078125])
array('d', [-26.887500000000003, -0.7001953125, 19.2787109375, 0.280078125])
array('d', [-26.420703125000003, -0.2333984375, 19.60546875, -0.0])
array('d', [-26.794140625, 0.18671875000000002, 20.072265625, -0.280078125])
array('d', [-26.794140625, 0.18671875000000002, 20.072265625, 0.42011718750000004])
array('d', [-27.400976562500002, 0.046679687500000004, 19.60546875, 0.42011718750000004])
array('d', [-26.0939453125, 0.466796875, 19.2787109375, 0.1400390625])
array('d', [-27.2142578125, 0.046679687500000004, 19.932226562500002, 0.280078125])
array('d', [-27.2142578125, 0.046679687500000004, 19.932226562500002, -0.1400390625])
array('d', [-26.0939453125, -0.56015625, 19.2787109375, -0.1400390625])
array('d', [-26.5140625, 1.1669921875, 19.2787109375, -0.1400390625])
array('d', [-26.5140625, 0.18671875000000002, 19.8388671875, -0.1400390625])
array('d', [-26.32734375, 0.18671875000000002, 19.8388671875, -0.1400390625])
array('d', [-26.887500000000003, -0.56015625, 18.951953125, 0.280078125])
array('d', [-26.420703125000003, -0.8402343750000001, 19.60546875, -0.280078125])
array('d', [-26.420703125000003, -0.8402343750000001, 20.072265625, -0.7001953125])
array('d', [-26.794140625, -0.09335937500000001, 20.072265625, -0.7001953125])
array('d', [-26.5140625, 0.18671875000000002, 19.932226562500002, -0.1400390625])
array('d', [-26.887500000000003, -0.2333984375, 19.7455078125, 0.1400390625])
array('d', [-26.887500000000003, -0.2333984375, 19.7455078125, -0.1400390625])
array('d', [-26.887500000000003, 0.18671875000000002, 19.2787109375, -0.1400390625])
array('d', [-26.887500000000003, 0.18671875000000002, 19.2787109375, -0.1400390625])
array('d', [-26.887500000000003, 0.18671875000000002, 19.2787109375, -0.1400390625])
array('d', [-26.794140625, 0.046679687500000004, 19.512109375, 0.280078125])
array('d', [-26.794140625, 0.18671875000000002, 19.41875, 0.1400390625])
array('d', [-26.420703125000003, 0.18671875000000002, 19.41875, 0.1400390625])
array('d', [-26.420703125000003, -1.6804687500000002, 18.951953125, 0.1400390625])
array('d', [-26.32734375, -0.2333984375, 19.2787109375, 0.280078125])
array('d', [-26.32734375, -0.2333984375, 19.2787109375, -0.0])
array('d', [-25.9072265625, 1.1669921875, 19.1853515625, -0.0])
array('d', [-26.32734375, 0.56015625, 19.60546875, -0.466796875])
array('d', [-26.794140625, -0.7001953125, 19.8388671875, -0.046679687500000004])
array('d', [-26.794140625, 0.18671875000000002, 19.2787109375, -1.2603515625000001])
array('d', [-26.887500000000003, 0.18671875000000002, 19.2787109375, -1.2603515625000001])
array('d', [-27.2142578125, -0.7001953125, 19.8388671875, 0.1400390625])
array('d', [-27.400976562500002, 0.466796875, 19.60546875, -0.0])
array('d', [-27.400976562500002, -0.9802734375000001, 19.2787109375, -0.0])
array('d', [-27.400976562500002, -0.9802734375000001, 19.2787109375, -0.0])
array('d', [-27.3076171875, -0.2333984375, 18.6251953125, 0.1400390625])
array('d', [-27.3076171875, -0.2333984375, 18.6251953125, 0.7001953125])
array('d', [-26.420703125000003, -0.56015625, 19.60546875, 0.7001953125])
array('d', [-26.794140625, -0.1400390625, 20.165625000000002, -0.0])
array('d', [-26.5140625, 0.56015625, 19.60546875, -0.1400390625])
array('d', [-26.5140625, 0.56015625, 19.512109375, -0.0])
array('d', [-27.3076171875, 0.56015625, 19.512109375, -0.0])
array('d', [-26.000585937500002, 0.7468750000000001, 19.512109375, -0.466796875])
array('d', [-26.000585937500002, 0.7468750000000001, 19.932226562500002, -0.0])
array('d', [-27.120898437500003, 0.280078125, 19.932226562500002, -0.0])
array('d', [-26.700781250000002, 0.466796875, 19.512109375, 0.42011718750000004])
array('d', [-27.2142578125, 1.0269531250000001, 19.2787109375, -0.1400390625])
array('d', [-27.2142578125, 1.0269531250000001, 19.2787109375, -0.0])
array('d', [-26.233984375000002, -0.2333984375, 19.2787109375, -0.0])
array('d', [-26.233984375000002, -0.2333984375, 19.2787109375, -0.0])
array('d', [-26.233984375000002, -0.2333984375, 19.2787109375, -0.0])
array('d', [-26.233984375000002, -0.2333984375, 19.2787109375, -0.0])
array('d', [-26.420703125000003, 0.046679687500000004, 19.60546875, -0.0])
array('d', [-25.58046875, 0.18671875000000002, 19.512109375, -0.280078125])
array('d', [-24.9736328125, -0.37343750000000003, 19.2787109375, 0.8869140625])
array('d', [-26.887500000000003, 0.18671875000000002, 19.60546875, 0.1400390625])
array('d', [-27.3076171875, 0.18671875000000002, 18.6251953125, 0.1400390625])
array('d', [-27.3076171875, 0.18671875000000002, 18.6251953125, -0.1400390625])
array('d', [-27.3076171875, 0.18671875000000002, 18.6251953125, -0.1400390625])
array('d', [-27.3076171875, 0.18671875000000002, 18.6251953125, -0.1400390625])
array('d', [-26.000585937500002, 0.466796875, 19.60546875, -0.0])
array('d', [-26.980859375, 1.1669921875, 20.0255859375, -0.0])
array('d', [-26.420703125000003, 0.18671875000000002, 19.2787109375, 0.1400390625])
array('d', [-26.420703125000003, 0.18671875000000002, 19.2787109375, 0.1400390625])
array('d', [-26.420703125000003, 0.18671875000000002, 19.2787109375, 0.1400390625])
array('d', [-26.420703125000003, 0.18671875000000002, 19.2787109375, 0.1400390625])
array('d', [-26.420703125000003, 0.18671875000000002, 19.2787109375, 0.1400390625])
array('d', [-26.000585937500002, -0.56015625, 19.3720703125, -0.0])
array('d', [-26.700781250000002, 0.8869140625, 20.165625000000002, -0.280078125])
array('d', [-26.700781250000002, 0.8869140625, 19.138671875, 0.280078125])
array('d', [-25.58046875, 0.8869140625, 19.138671875, 0.280078125])
array('d', [-27.2142578125, -1.2603515625000001, 19.932226562500002, 0.42011718750000004])
array('d', [-27.2142578125, 0.466796875, 19.60546875, -0.280078125])
array('d', [-26.794140625, 0.466796875, 19.2787109375, -0.280078125])
array('d', [-26.887500000000003, -0.2333984375, 19.2787109375, -0.280078125])
array('d', [-26.700781250000002, -0.7001953125, 19.932226562500002, 0.1400390625])
array('d', [-26.5607421875, 1.30703125, 19.1853515625, -0.0])
array('d', [-26.5607421875, -0.5134765625000001, 19.932226562500002, 0.42011718750000004])
array('d', [-26.794140625, -0.5134765625000001, 19.932226562500002, -0.0])
array('d', [-26.32734375, -0.1400390625, 19.2787109375, -0.0])
array('d', [-26.887500000000003, 0.466796875, 19.2787109375, -0.0])
array('d', [-26.887500000000003, 0.466796875, 19.2787109375, -0.0])
array('d', [-26.887500000000003, 0.466796875, 19.2787109375, -0.0])
array('d', [-26.887500000000003, 0.466796875, 19.2787109375, -0.0])
array('d', [-27.727734375, 1.1669921875, 19.512109375, -0.0])
array('d', [-27.727734375, 1.1669921875, 19.512109375, -0.280078125])
array('d', [-26.0939453125, -0.9802734375000001, 18.951953125, -0.280078125])
array('d', [-27.3076171875, -0.2333984375, 19.932226562500002, 0.1400390625])
array('d', [-27.3076171875, -0.2333984375, 19.932226562500002, 0.56015625])
array('d', [-27.3076171875, 0.466796875, 19.932226562500002, 0.56015625])
array('d', [-26.794140625, 0.37343750000000003, 19.0453125, 0.6068359375])
array('d', [-26.794140625, 0.37343750000000003, 19.0453125, 0.6068359375])
array('d', [-26.5140625, 0.18671875000000002, 19.932226562500002, 0.280078125])
array('d', [-26.5140625, -0.7001953125, 19.41875, -0.466796875])
array('d', [-26.887500000000003, -0.7001953125, 19.41875, -0.466796875])
array('d', [-26.887500000000003, 1.1669921875, 19.3720703125, 0.1400390625])
array('d', [-27.400976562500002, -0.2333984375, 19.698828125000002, 0.1400390625])
array('d', [-27.400976562500002, 0.046679687500000004, 19.60546875, -0.0])
array('d', [-26.887500000000003, 0.046679687500000004, 19.60546875, -0.0])
array('d', [-26.980859375, -0.56015625, 20.165625000000002, 0.1400390625])
array('d', [-26.233984375000002, 0.8869140625, 19.512109375, 0.56015625])
array('d', [-26.233984375000002, 0.046679687500000004, 20.0255859375, -0.18671875000000002])
array('d', [-26.420703125000003, 0.046679687500000004, 20.0255859375, -0.18671875000000002])
array('d', [-26.887500000000003, -0.56015625, 18.9052734375, -0.0])
array('d', [-27.400976562500002, -0.37343750000000003, 18.951953125, -0.0])
array('d', [-27.400976562500002, 0.046679687500000004, 19.60546875, 0.1400390625])
array('d', [-26.654101562500003, 0.046679687500000004, 19.698828125000002, 0.42011718750000004])
array('d', [-27.3076171875, -0.2333984375, 19.698828125000002, 0.42011718750000004])
array('d', [-26.5607421875, -0.56015625, 19.60546875, -0.42011718750000004])
array('d', [-26.700781250000002, -0.7001953125, 19.512109375, -0.1400390625])
array('d', [-26.700781250000002, 0.18671875000000002, 19.41875, -0.280078125])
array('d', [-27.07421875, 0.18671875000000002, 19.41875, -0.280078125])
array('d', [-26.794140625, -0.56015625, 19.8388671875, -0.0])
array('d', [-26.794140625, -0.56015625, 19.8388671875, -0.0])
array('d', [-26.794140625, -0.56015625, 19.8388671875, -0.0])
array('d', [-26.32734375, -0.2333984375, 19.932226562500002, -0.09335937500000001])
array('d', [-27.3076171875, -0.1400390625, 20.165625000000002, -0.18671875000000002])
array('d', [-27.3076171875, -0.1400390625, 20.165625000000002, 0.3267578125])
array('d', [-26.5140625, -0.2333984375, 18.7185546875, 0.3267578125])
array('d', [-26.794140625, 1.30703125, 19.60546875, -0.42011718750000004])
array('d', [-26.794140625, 0.7468750000000001, 19.512109375, 0.56015625])
array('d', [-26.887500000000003, 0.7468750000000001, 19.512109375, 0.56015625])
array('d', [-26.794140625, -0.1400390625, 19.512109375, 0.1400390625])
array('d', [-26.980859375, -0.56015625, 19.138671875, -0.1400390625])
array('d', [-26.980859375, 0.466796875, 19.512109375, 0.1400390625])
array('d', [-26.32734375, 0.466796875, 19.932226562500002, 0.2333984375])
array('d', [-24.9736328125, -0.1400390625, 18.578515625, 0.1400390625])
array('d', [-25.58046875, 0.8869140625, 18.578515625, 0.1400390625])
array('d', [-25.9072265625, -1.3537109375, 19.60546875, -0.42011718750000004])
array('d', [-26.887500000000003, -0.56015625, 19.932226562500002, -0.1400390625])
array('d', [-26.887500000000003, -0.56015625, 19.60546875, 0.280078125])
array('d', [-26.32734375, 0.56015625, 19.60546875, 0.280078125])
array('d', [-27.400976562500002, -0.2333984375, 19.60546875, -0.1400390625])
array('d', [-26.700781250000002, 0.466796875, 19.60546875, 0.280078125])
array('d', [-26.700781250000002, 0.466796875, 19.932226562500002, 0.280078125])
array('d', [-27.400976562500002, -0.2333984375, 19.932226562500002, 0.280078125])
array('d', [-26.5607421875, -1.2603515625000001, 19.512109375, -0.280078125])
array('d', [-26.794140625, -0.2333984375, 19.932226562500002, -0.0])
array('d', [-26.794140625, -0.2333984375, 19.932226562500002, -0.42011718750000004])
array('d', [-26.980859375, -0.2333984375, 19.932226562500002, -0.42011718750000004])
array('d', [-26.980859375, 0.18671875000000002, 19.60546875, 0.1400390625])
array('d', [-26.420703125000003, 0.18671875000000002, 19.2787109375, 0.280078125])
array('d', [-26.887500000000003, -0.2333984375, 19.2787109375, -0.18671875000000002])
array('d', [-26.000585937500002, -0.9802734375000001, 19.7455078125, -0.18671875000000002])
array('d', [-26.233984375000002, -0.9802734375000001, 19.60546875, 0.1400390625])
array('d', [-27.821093750000003, -0.1400390625, 19.8388671875, 0.1400390625])
array('d', [-27.821093750000003, -0.1400390625, 19.8388671875, 0.1400390625])
array('d', [-26.887500000000003, 0.56015625, 19.60546875, -0.0])
array('d', [-26.980859375, -0.7001953125, 19.2787109375, 0.6068359375])
array('d', [-26.980859375, -0.7001953125, 19.60546875, -0.0])
array('d', [-26.980859375, 0.18671875000000002, 19.60546875, -0.0])
array('d', [-27.3076171875, -1.2603515625000001, 19.2787109375, -0.0])
array('d', [-27.2142578125, -0.5134765625000001, 19.3720703125, 0.1400390625])
array('d', [-27.2142578125, -0.5134765625000001, 19.3720703125, 0.1400390625])
array('d', [-27.2142578125, -0.5134765625000001, 19.3720703125, 0.1400390625])
array('d', [-25.8138671875, 0.37343750000000003, 19.60546875, -0.0])
array('d', [-25.8138671875, 0.37343750000000003, 19.2787109375, -0.0])
array('d', [-26.887500000000003, 0.046679687500000004, 19.2787109375, -0.0])
array('d', [-25.58046875, -0.56015625, 19.60546875, 0.18671875000000002])
array('d', [-27.07421875, 0.18671875000000002, 19.932226562500002, -0.18671875000000002])
array('d', [-27.07421875, 0.18671875000000002, 19.932226562500002, 0.42011718750000004])
array('d', [-26.887500000000003, -0.1400390625, 20.2123046875, 0.42011718750000004])
array('d', [-26.32734375, -0.1400390625, 19.698828125000002, -0.280078125])
array('d', [-26.32734375, -0.1400390625, 19.60546875, 0.1400390625])
array('d', [-27.727734375, -1.6804687500000002, 19.60546875, 0.1400390625])
array('d', [-26.794140625, -0.5134765625000001, 19.0919921875, -0.42011718750000004])
array('d', [-26.794140625, -0.2333984375, 19.60546875, -0.280078125])
array('d', [-26.980859375, -0.2333984375, 19.60546875, -0.280078125])
array('d', [-26.0939453125, -0.37343750000000003, 19.0453125, 0.280078125])
array('d', [-26.980859375, -0.7001953125, 19.932226562500002, -0.1400390625])
array('d', [-26.980859375, -0.7001953125, 19.932226562500002, -0.1400390625])
array('d', [-26.980859375, -0.7001953125, 19.932226562500002, -0.1400390625])
array('d', [-26.980859375, -0.7001953125, 19.932226562500002, -0.1400390625])
array('d', [-25.9072265625, 0.7468750000000001, 19.60546875, -0.280078125])
array('d', [-25.9072265625, 0.7468750000000001, 19.60546875, -0.280078125])
array('d', [-26.420703125000003, 0.280078125, 19.60546875, -0.280078125])
array('d', [-27.3076171875, -1.2603515625000001, 19.698828125000002, 0.1400390625])
array('d', [-27.3076171875, -0.56015625, 19.512109375, 0.1400390625])
array('d', [-26.5607421875, -0.56015625, 19.512109375, 0.1400390625])
array('d', [-27.821093750000003, 1.587109375, 18.85859375, -0.0])
array('d', [-27.821093750000003, 1.587109375, 18.85859375, -0.0])
array('d', [-27.821093750000003, 1.587109375, 18.85859375, -0.0])
array('d', [-27.0275390625, 0.046679687500000004, 19.2787109375, -0.42011718750000004])
array('d', [-27.0275390625, -1.2603515625000001, 19.2787109375, -0.7001953125])
array('d', [-26.887500000000003, -1.2603515625000001, 19.3720703125, 0.2333984375])
array('d', [-26.887500000000003, -0.2333984375, 19.3720703125, 0.2333984375])
array('d', [-26.794140625, -0.9802734375000001, 19.8388671875, -0.0])
array('d', [-26.794140625, 0.046679687500000004, 19.512109375, -0.280078125])
array('d', [-26.5140625, 0.046679687500000004, 19.512109375, -0.280078125])
array('d', [-26.5140625, -0.7001953125, 19.698828125000002, -0.6068359375])
array('d', [-26.887500000000003, 0.466796875, 18.951953125, -0.42011718750000004])
array('d', [-26.887500000000003, 0.466796875, 20.258984375, -0.56015625])
array('d', [-26.794140625, 0.466796875, 20.258984375, -0.56015625])
array('d', [-26.794140625, 0.466796875, 20.258984375, -0.56015625])
array('d', [-26.794140625, 0.466796875, 20.258984375, -0.56015625])
array('d', [-26.233984375000002, -0.2333984375, 19.932226562500002, -0.18671875000000002])
array('d', [-26.233984375000002, -0.2333984375, 19.2787109375, 0.1400390625])
array('d', [-26.32734375, -0.56015625, 19.2787109375, 0.1400390625])
array('d', [-30.621875000000003, -0.5134765625000001, 19.932226562500002, -0.1400390625])
array('d', [-25.9072265625, 0.18671875000000002, 19.8388671875, -0.280078125])
array('d', [-25.9072265625, 0.18671875000000002, 19.8388671875, 0.1400390625])
array('d', [-26.794140625, -0.7001953125, 19.60546875, 0.1400390625])
array('d', [-26.794140625, -0.7001953125, 19.60546875, 0.1400390625])
array('d', [-26.794140625, -0.7001953125, 19.60546875, 0.1400390625])
array('d', [-26.794140625, -0.7001953125, 19.60546875, 0.1400390625])
array('d', [-26.794140625, -0.7001953125, 19.60546875, 0.1400390625])
array('d', [-26.794140625, -0.7001953125, 19.60546875, 0.1400390625])
array('d', [-27.400976562500002, -0.7935546875, 19.698828125000002, 0.280078125])
array('d', [-26.0939453125, 0.56015625, 20.072265625, -0.280078125])
array('d', [-26.0939453125, 0.56015625, 20.072265625, 0.280078125])
array('d', [-26.794140625, -0.2333984375, 19.0453125, 0.280078125])
array('d', [-26.000585937500002, -0.56015625, 20.2123046875, -0.1400390625])
array('d', [-26.5140625, 0.046679687500000004, 18.85859375, -0.0])
array('d', [-26.5140625, 0.046679687500000004, 18.85859375, -0.0])
array('d', [-26.5140625, -0.5134765625000001, 18.85859375, 0.280078125])
array('d', [-26.794140625, -0.5134765625000001, 19.60546875, -0.280078125])
array('d', [-27.120898437500003, -0.5134765625000001, 19.60546875, -0.280078125])
array('d', [-27.587695312500003, -0.9802734375000001, 20.165625000000002, 0.42011718750000004])
array('d', [-27.587695312500003, -0.9802734375000001, 19.932226562500002, -0.280078125])
array('d', [-26.794140625, -0.7001953125, 19.932226562500002, -0.280078125])
array('d', [-26.420703125000003, 1.7271484375000001, 19.2787109375, 0.6068359375])
array('d', [-26.420703125000003, -1.4937500000000001, 18.951953125, -0.046679687500000004])
array('d', [-26.420703125000003, -1.4937500000000001, 18.951953125, -0.046679687500000004])
array('d', [-26.420703125000003, -1.4937500000000001, 18.951953125, -0.046679687500000004])
array('d', [-26.420703125000003, -1.4937500000000001, 18.951953125, -0.046679687500000004])
array('d', [-26.420703125000003, -0.7001953125, 20.072265625, 0.1400390625])
array('d', [-26.420703125000003, -0.7001953125, 20.072265625, 0.1400390625])
array('d', [-26.700781250000002, 0.466796875, 19.512109375, -0.1400390625])
array('d', [-26.794140625, -1.2603515625000001, 20.072265625, 0.1400390625])
array('d', [-26.794140625, -1.2603515625000001, 19.7455078125, -0.1400390625])
array('d', [-25.8138671875, -0.09335937500000001, 19.7455078125, -0.1400390625])
array('d', [-26.5140625, -1.6804687500000002, 19.2787109375, 0.1400390625])
array('d', [-26.5140625, -1.6804687500000002, 19.2787109375, 0.1400390625])
array('d', [-26.5140625, -1.6804687500000002, 19.2787109375, 0.1400390625])
array('d', [-26.32734375, 0.18671875000000002, 19.932226562500002, -0.1400390625])
array('d', [-26.5140625, 0.18671875000000002, 19.60546875, 0.56015625])
array('d', [-26.5140625, 0.18671875000000002, 19.60546875, 0.56015625])
array('d', [-27.2142578125, -0.2333984375, 20.165625000000002, -0.0])
array('d', [-26.420703125000003, 0.466796875, 19.2787109375, -0.280078125])
array('d', [-27.2142578125, -0.2333984375, 19.932226562500002, 0.2333984375])
array('d', [-27.2142578125, -0.2333984375, 19.932226562500002, 0.2333984375])
array('d', [-27.2142578125, -0.2333984375, 19.932226562500002, 0.2333984375])
array('d', [-27.2142578125, -0.2333984375, 19.932226562500002, 0.2333984375])
array('d', [-26.32734375, -0.2333984375, 19.1853515625, -0.1400390625])
array('d', [-26.794140625, -0.7935546875, 19.698828125000002, 0.280078125])
array('d', [-26.794140625, 0.18671875000000002, 19.1853515625, 0.1400390625])
array('d', [-26.887500000000003, 0.18671875000000002, 19.1853515625, 0.1400390625])
array('d', [-26.420703125000003, -0.7001953125, 19.2787109375, 0.280078125])
array('d', [-26.32734375, 0.3267578125, 19.60546875, -0.0])
array('d', [-26.32734375, 0.7468750000000001, 20.072265625, -0.18671875000000002])
array('d', [-26.420703125000003, 0.7468750000000001, 20.072265625, -0.18671875000000002])
array('d', [-26.5607421875, 0.56015625, 19.0453125, -0.42011718750000004])
array('d', [-26.420703125000003, 0.046679687500000004, 19.2787109375, 0.18671875000000002])
array('d', [-26.420703125000003, -1.4937500000000001, 19.2787109375, 0.18671875000000002])
array('d', [-26.887500000000003, -1.4937500000000001, 19.60546875, 0.280078125])
array('d', [-27.400976562500002, 0.56015625, 19.60546875, 0.1400390625])
array('d', [-27.400976562500002, 0.046679687500000004, 18.9052734375, 0.1400390625])
array('d', [-26.794140625, 0.046679687500000004, 18.9052734375, 0.1400390625])
array('d', [-26.0939453125, -0.2333984375, 19.60546875, 0.1400390625])
array('d', [-26.0939453125, -0.2333984375, 19.60546875, -0.42011718750000004])
array('d', [-26.887500000000003, 0.466796875, 19.60546875, -0.42011718750000004])
array('d', [-28.054492187500003, 0.7468750000000001, 20.2123046875, -0.1400390625])
array('d', [-26.700781250000002, 0.56015625, 19.1853515625, -0.0])
array('d', [-26.700781250000002, 0.56015625, 19.1853515625, 0.280078125])
array('d', [-26.980859375, -0.9802734375000001, 19.932226562500002, 0.280078125])
array('d', [-26.980859375, -0.9802734375000001, 19.932226562500002, 0.280078125])
array('d', [-26.980859375, -0.9802734375000001, 19.932226562500002, 0.280078125])
array('d', [-26.980859375, -0.9802734375000001, 19.932226562500002, 0.280078125])
array('d', [-26.887500000000003, -0.37343750000000003, 18.765234375000002, 0.280078125])
array('d', [-26.794140625, 0.466796875, 19.138671875, 0.2333984375])
array('d', [-26.887500000000003, 0.466796875, 18.9052734375, -0.0])
array('d', [-26.887500000000003, 0.466796875, 18.9052734375, -0.0])
array('d', [-26.420703125000003, -0.7001953125, 19.932226562500002, -0.0])
array('d', [-26.420703125000003, -0.7001953125, 19.932226562500002, -0.0])
array('d', [-26.887500000000003, -0.9802734375000001, 19.932226562500002, -0.0])
array('d', [-26.887500000000003, -0.9802734375000001, 19.932226562500002, -0.0])
array('d', [-26.887500000000003, -0.9802734375000001, 19.932226562500002, -0.0])
array('d', [-26.887500000000003, -0.9802734375000001, 19.932226562500002, -0.0])
array('d', [-26.5140625, -0.2333984375, 19.60546875, -0.046679687500000004])
array('d', [-27.2142578125, 0.466796875, 19.0453125, -0.0])
array('d', [-26.000585937500002, -0.2333984375, 19.2787109375, -0.280078125])
array('d', [-26.000585937500002, -1.3537109375, 19.932226562500002, -0.1400390625])
array('d', [-26.420703125000003, -1.3537109375, 19.932226562500002, -0.1400390625])
array('d', [-26.000585937500002, 0.18671875000000002, 18.951953125, 0.1400390625])
array('d', [-26.187304687500003, -0.5134765625000001, 19.2787109375, 0.280078125])
array('d', [-26.187304687500003, -0.5134765625000001, 19.932226562500002, -0.046679687500000004])
array('d', [-26.5140625, 0.18671875000000002, 19.932226562500002, -0.046679687500000004])
array('d', [-26.000585937500002, -0.2333984375, 19.3720703125, -0.42011718750000004])
array('d', [-26.887500000000003, -0.1400390625, 19.2787109375, -0.42011718750000004])
array('d', [-26.887500000000003, -0.1400390625, 19.2787109375, 0.42011718750000004])
array('d', [-27.634375000000002, 0.56015625, 19.60546875, -0.280078125])
array('d', [-26.887500000000003, -0.37343750000000003, 19.60546875, 0.7468750000000001])
array('d', [-26.887500000000003, -0.37343750000000003, 19.60546875, 0.7468750000000001])
array('d', [-26.887500000000003, -0.37343750000000003, 19.60546875, 0.7468750000000001])
array('d', [-27.400976562500002, -0.37343750000000003, 19.8388671875, 0.1400390625])
array('d', [-26.5140625, 0.8869140625, 19.2787109375, 0.1400390625])
array('d', [-26.5140625, 0.8869140625, 19.932226562500002, -0.0])
array('d', [-26.5140625, -0.5134765625000001, 19.932226562500002, -0.0])
array('d', [-27.3076171875, -0.2333984375, 19.3720703125, 0.1400390625])
array('d', [-26.32734375, 0.466796875, 19.932226562500002, 0.1400390625])
array('d', [-26.32734375, 0.3267578125, 20.258984375, 0.42011718750000004])
array('d', [-27.120898437500003, 0.3267578125, 20.258984375, 0.42011718750000004])
array('d', [-26.794140625, -0.2333984375, 19.60546875, -0.42011718750000004])
array('d', [-26.887500000000003, -0.5134765625000001, 19.512109375, 0.3267578125])
array('d', [-26.887500000000003, -0.5134765625000001, 19.512109375, -0.1400390625])
array('d', [-27.3076171875, -0.2333984375, 19.60546875, -0.1400390625])
array('d', [-26.794140625, -0.2333984375, 19.60546875, -0.1400390625])
array('d', [-26.420703125000003, 1.1669921875, 19.2787109375, -0.56015625])
array('d', [-26.420703125000003, 1.1669921875, 19.932226562500002, 0.1400390625])
array('d', [-26.980859375, 0.18671875000000002, 19.932226562500002, 0.1400390625])
array('d', [-25.9072265625, 0.18671875000000002, 19.512109375, -0.280078125])
array('d', [-27.914453125, -0.2333984375, 19.512109375, 0.1400390625])
array('d', [-27.914453125, -0.7001953125, 20.4923828125, 0.1400390625])
array('d', [-26.700781250000002, -0.7001953125, 20.4923828125, -0.42011718750000004])
array('d', [-26.794140625, -0.1400390625, 19.60546875, -0.42011718750000004])
array('d', [-26.794140625, -0.1400390625, 19.60546875, -0.42011718750000004])
array('d', [-26.794140625, -0.1400390625, 19.60546875, -0.42011718750000004])
array('d', [-26.794140625, -0.7001953125, 18.951953125, 0.1400390625])
array('d', [-27.400976562500002, 0.3267578125, 19.8388671875, -0.0])
array('d', [-26.794140625, -0.2333984375, 19.2787109375, -0.0])
array('d', [-26.233984375000002, 0.56015625, 19.138671875, -0.1400390625])
array('d', [-26.233984375000002, 0.56015625, 19.138671875, 0.7468750000000001])
array('d', [-26.5140625, 0.466796875, 18.951953125, 0.7468750000000001])
array('d', [-26.000585937500002, 0.466796875, 18.951953125, 0.7468750000000001])
array('d', [-26.000585937500002, 0.466796875, 18.951953125, 0.7468750000000001])
array('d', [-26.000585937500002, 0.466796875, 18.951953125, 0.7468750000000001])
array('d', [-26.000585937500002, -0.1400390625, 19.512109375, -0.18671875000000002])
array('d', [-27.120898437500003, 0.56015625, 19.512109375, -0.18671875000000002])
array('d', [-27.2142578125, 0.18671875000000002, 19.60546875, 0.280078125])
array('d', [-26.000585937500002, -1.3537109375, 19.512109375, 0.1400390625])
array('d', [-26.000585937500002, -1.3537109375, 19.512109375, 0.3267578125])
array('d', [-26.420703125000003, 0.56015625, 19.60546875, 0.3267578125])
array('d', [-27.3076171875, 0.466796875, 19.932226562500002, -0.0])
array('d', [-27.3076171875, 0.466796875, 19.7455078125, 0.1400390625])
array('d', [-26.420703125000003, 0.7468750000000001, 19.7455078125, 0.1400390625])
array('d', [-26.5607421875, 1.1669921875, 19.8388671875, -0.1400390625])
array('d', [-26.0939453125, -0.7001953125, 19.7455078125, -0.0])
array('d', [-26.0939453125, -0.7001953125, 19.7455078125, -0.18671875000000002])
array('d', [-26.654101562500003, -0.1400390625, 19.60546875, -0.18671875000000002])
array('d', [-26.233984375000002, 0.56015625, 18.85859375, -0.280078125])
array('d', [-26.233984375000002, -0.42011718750000004, 19.932226562500002, -0.0])
array('d', [-27.2142578125, -0.42011718750000004, 19.932226562500002, -0.0])
array('d', [-27.2142578125, 0.18671875000000002, 20.399023437500002, 0.1400390625])
array('d', [-26.5140625, 0.18671875000000002, 19.8388671875, -0.18671875000000002])
array('d', [-26.5140625, 0.18671875000000002, 19.512109375, 0.280078125])
array('d', [-26.5140625, 0.8869140625, 19.512109375, 0.280078125])
array('d', [-26.887500000000003, 1.30703125, 18.951953125, -0.6068359375])
array('d', [-25.8138671875, 0.18671875000000002, 18.951953125, -0.6068359375])
array('d', [-25.8138671875, 0.18671875000000002, 19.2787109375, 0.1400390625])
array('d', [-26.794140625, -0.5134765625000001, 19.932226562500002, 0.280078125])
array('d', [-27.400976562500002, 0.466796875, 19.60546875, 0.280078125])
array('d', [-27.400976562500002, 0.466796875, 19.60546875, 0.280078125])
array('d', [-26.000585937500002, 0.18671875000000002, 19.512109375, -0.42011718750000004])
array('d', [-26.32734375, 0.046679687500000004, 19.698828125000002, -0.280078125])
array('d', [-26.32734375, 0.046679687500000004, 19.2787109375, -0.280078125])
array('d', [-26.980859375, 0.046679687500000004, 19.2787109375, 0.42011718750000004])
array('d', [-26.420703125000003, -0.2333984375, 19.2787109375, 0.42011718750000004])
array('d', [-26.887500000000003, -0.1400390625, 19.3720703125, -0.0])
array('d', [-26.420703125000003, -0.5134765625000001, 19.41875, 0.1400390625])
array('d', [-26.420703125000003, -0.5134765625000001, 19.41875, -0.466796875])
array('d', [-26.887500000000003, -0.2333984375, 19.0453125, -0.466796875])
array('d', [-26.5607421875, -1.2603515625000001, 19.512109375, -0.1400390625])
array('d', [-26.233984375000002, -0.5134765625000001, 20.165625000000002, 0.280078125])
array('d', [-26.233984375000002, -0.5134765625000001, 20.165625000000002, 0.280078125])
array('d', [-27.400976562500002, 0.18671875000000002, 20.165625000000002, 0.3267578125])
array('d', [-27.400976562500002, 0.466796875, 19.932226562500002, -0.0])
array('d', [-27.400976562500002, 0.7468750000000001, 19.3720703125, -0.0])
array('d', [-26.0939453125, 0.7468750000000001, 19.3720703125, -0.0])
array('d', [-26.0939453125, 0.18671875000000002, 19.1853515625, -0.0])
array('d', [-26.0939453125, 0.18671875000000002, 19.1853515625, -0.0])
array('d', [-26.0939453125, 0.18671875000000002, 19.1853515625, -0.0])
array('d', [-26.0939453125, 0.18671875000000002, 19.1853515625, -0.0])
array('d', [-27.2142578125, 0.046679687500000004, 19.2787109375, -0.42011718750000004])
array('d', [-26.887500000000003, -1.2603515625000001, 19.2787109375, 0.1400390625])
array('d', [-26.887500000000003, -0.7001953125, 19.512109375, -0.0])
array('d', [-27.2142578125, -0.7001953125, 19.512109375, -0.0])
array('d', [-26.5140625, -0.1400390625, 19.60546875, -0.1400390625])
array('d', [-26.420703125000003, -0.7935546875, 19.512109375, 0.1400390625])
array('d', [-26.980859375, -0.2333984375, 19.60546875, 0.8402343750000001])
array('d', [-26.980859375, -0.2333984375, 19.60546875, 0.8402343750000001])
array('d', [-26.980859375, -0.2333984375, 19.60546875, -0.280078125])
array('d', [-27.2142578125, -0.5134765625000001, 19.60546875, -0.280078125])
array('d', [-26.233984375000002, 0.18671875000000002, 19.3720703125, -0.0])
array('d', [-26.233984375000002, 0.18671875000000002, 19.3720703125, -0.0])
array('d', [-26.233984375000002, 0.18671875000000002, 19.3720703125, -0.0])
array('d', [-26.5140625, 0.7468750000000001, 19.60546875, -0.280078125])
array('d', [-27.3076171875, 0.466796875, 18.9052734375, 0.280078125])
array('d', [-27.3076171875, 0.466796875, 19.512109375, -0.280078125])
array('d', [-26.420703125000003, 0.466796875, 19.512109375, -0.280078125])
array('d', [-26.420703125000003, 0.466796875, 19.512109375, -0.280078125])
array('d', [-26.420703125000003, -0.2333984375, 19.512109375, -0.1400390625])
array('d', [-26.0939453125, 0.18671875000000002, 19.2787109375, -0.1400390625])
array('d', [-26.32734375, 0.56015625, 19.60546875, -0.09335937500000001])
array('d', [-27.2142578125, 0.7468750000000001, 19.2787109375, -0.280078125])
array('d', [-27.400976562500002, -0.7935546875, 19.8388671875, 0.1400390625])
array('d', [-26.420703125000003, 0.466796875, 19.1853515625, -0.1400390625])
array('d', [-26.420703125000003, 0.046679687500000004, 19.932226562500002, -0.1400390625])
array('d', [-26.887500000000003, 0.046679687500000004, 19.932226562500002, -0.1400390625])
array('d', [-26.887500000000003, 0.18671875000000002, 19.512109375, 0.280078125])
array('d', [-26.32734375, -0.5134765625000001, 19.2787109375, -0.7001953125])
array('d', [-26.32734375, -0.5134765625000001, 19.2787109375, -0.7001953125])
array('d', [-26.32734375, 0.18671875000000002, 19.932226562500002, 0.42011718750000004])
array('d', [-27.914453125, 0.18671875000000002, 19.932226562500002, 0.42011718750000004])
array('d', [-25.9072265625, -1.3537109375, 19.2787109375, -0.0])
array('d', [-26.5140625, 2.2873046875000003, 19.932226562500002, 0.280078125])
array('d', [-26.5140625, 2.2873046875000003, 19.1853515625, 0.56015625])
array('d', [-26.32734375, 0.56015625, 19.1853515625, 0.56015625])
array('d', [-26.887500000000003, 0.18671875000000002, 19.60546875, -0.0])
array('d', [-26.887500000000003, 0.18671875000000002, 19.60546875, -0.0])
array('d', [-26.000585937500002, -0.42011718750000004, 18.2517578125, -0.0])
array('d', [-26.420703125000003, 0.466796875, 19.7455078125, -0.0])
array('d', [-26.420703125000003, 0.466796875, 19.7455078125, -0.0])
array('d', [-26.5140625, -0.2333984375, 19.7455078125, -0.0])
array('d', [-26.5140625, -0.2333984375, 19.7455078125, -0.0])
array('d', [-26.5140625, -0.2333984375, 19.7455078125, -0.0])
array('d', [-26.5140625, -0.2333984375, 19.7455078125, -0.0])
array('d', [-26.420703125000003, -0.5134765625000001, 20.2123046875, -0.0])
array('d', [-26.420703125000003, -0.5134765625000001, 20.2123046875, 0.2333984375])
array('d', [-27.07421875, -0.5134765625000001, 19.512109375, 0.2333984375])
array('d', [-26.5607421875, -0.2333984375, 19.932226562500002, 0.42011718750000004])
array('d', [-26.5607421875, 0.466796875, 19.2787109375, 0.1400390625])
array('d', [-26.5140625, 0.466796875, 19.2787109375, 0.1400390625])
array('d', [-26.887500000000003, 0.18671875000000002, 19.60546875, -0.0])
array('d', [-26.887500000000003, 0.18671875000000002, 19.60546875, -0.0])
array('d', [-26.887500000000003, -0.9802734375000001, 19.60546875, -0.42011718750000004])
array('d', [-26.794140625, -0.9802734375000001, 19.60546875, -0.0])
array('d', [-25.9072265625, 0.466796875, 19.60546875, -0.0])
array('d', [-27.3076171875, 0.8869140625, 19.60546875, 0.1400390625])
array('d', [-26.794140625, 0.466796875, 19.60546875, 0.7468750000000001])
array('d', [-26.0939453125, 0.280078125, 19.2787109375, -0.280078125])
array('d', [-26.0939453125, 0.280078125, 19.60546875, -0.280078125])
array('d', [-27.727734375, 0.18671875000000002, 19.60546875, 0.280078125])
array('d', [-26.0939453125, -0.2333984375, 20.0255859375, -0.046679687500000004])
array('d', [-27.120898437500003, -0.1400390625, 19.512109375, -0.42011718750000004])
array('d', [-27.120898437500003, -0.1400390625, 19.512109375, -0.7001953125])
array('d', [-26.32734375, 0.046679687500000004, 19.60546875, -0.7001953125])
array('d', [-26.0939453125, -0.09335937500000001, 19.60546875, -0.280078125])
array('d', [-26.0939453125, 0.18671875000000002, 19.60546875, -0.1400390625])
array('d', [-26.420703125000003, 0.18671875000000002, 19.60546875, -0.42011718750000004])
array('d', [-27.400976562500002, 0.466796875, 19.60546875, -0.42011718750000004])
array('d', [-26.794140625, -0.7935546875, 19.60546875, -0.280078125])
array('d', [-26.794140625, -0.7001953125, 19.60546875, -0.280078125])
array('d', [-26.794140625, -0.7001953125, 19.60546875, -0.280078125])
array('d', [-26.794140625, -0.7001953125, 19.60546875, -0.280078125])
array('d', [-27.400976562500002, -0.7001953125, 19.932226562500002, 0.280078125])
array('d', [-26.0939453125, -0.1400390625, 19.60546875, -0.56015625])
array('d', [-26.0939453125, -1.0736328125, 20.9125, -0.1400390625])
array('d', [-26.0939453125, -1.0736328125, 20.9125, -0.1400390625])
array('d', [-26.0939453125, -1.0736328125, 20.9125, -0.1400390625])
array('d', [-26.0939453125, -1.0736328125, 20.9125, -0.1400390625])
array('d', [-26.0939453125, -1.0736328125, 20.9125, -0.1400390625])
array('d', [-26.000585937500002, 1.1669921875, 19.512109375, -0.1400390625])
array('d', [-26.000585937500002, 1.1669921875, 19.41875, -0.0])
array('d', [-26.980859375, 1.30703125, 19.41875, -0.0])
array('d', [-26.980859375, 1.30703125, 19.41875, -0.0])
array('d', [-26.980859375, 1.30703125, 19.41875, -0.0])
array('d', [-26.980859375, 1.30703125, 19.41875, -0.0])
array('d', [-26.980859375, 1.30703125, 19.41875, -0.0])
array('d', [-26.794140625, -0.2333984375, 19.2787109375, -0.0])
array('d', [-27.3076171875, -0.1400390625, 19.2787109375, 0.1400390625])
array('d', [-25.487109375000003, 0.046679687500000004, 19.3720703125, 0.1400390625])
array('d', [-25.487109375000003, 0.046679687500000004, 19.60546875, -0.0])
array('d', [-26.887500000000003, -0.7001953125, 19.60546875, -0.0])
array('d', [-26.000585937500002, -0.7001953125, 19.932226562500002, -0.1400390625])
array('d', [-25.9072265625, -0.9802734375000001, 19.60546875, -0.280078125])
array('d', [-25.9072265625, -0.9802734375000001, 19.60546875, -0.280078125])
array('d', [-26.887500000000003, -0.1400390625, 19.2787109375, -0.0])
array('d', [-27.400976562500002, -0.5134765625000001, 19.60546875, -0.1400390625])
array('d', [-27.400976562500002, -0.5134765625000001, 19.60546875, 0.42011718750000004])
array('d', [-26.000585937500002, 0.8869140625, 19.60546875, 0.42011718750000004])
array('d', [-26.794140625, 0.0, 19.512109375, -0.280078125])
array('d', [-26.5140625, -0.2333984375, 18.85859375, -0.280078125])
array('d', [-26.5140625, -0.2333984375, 18.85859375, -0.280078125])
array('d', [-26.5140625, -0.2333984375, 18.85859375, -0.280078125])
array('d', [-26.5140625, -0.2333984375, 18.85859375, -0.280078125])
array('d', [-26.5140625, -0.2333984375, 18.85859375, -0.280078125])
array('d', [-26.420703125000003, -0.7935546875, 19.512109375, -0.42011718750000004])
array('d', [-27.4943359375, -0.37343750000000003, 19.41875, -0.280078125])
array('d', [-27.4943359375, -0.37343750000000003, 19.2787109375, -0.046679687500000004])
array('d', [-26.887500000000003, -0.37343750000000003, 19.2787109375, -0.046679687500000004])
array('d', [-26.887500000000003, 0.7468750000000001, 19.512109375, -0.42011718750000004])
array('d', [-26.887500000000003, -0.5134765625000001, 19.932226562500002, 0.1400390625])
array('d', [-27.2142578125, -0.5134765625000001, 19.932226562500002, 0.1400390625])
array('d', [-25.39375, -1.213671875, 19.512109375, -0.1400390625])
array('d', [-26.700781250000002, 0.8869140625, 19.1853515625, -0.18671875000000002])
array('d', [-26.700781250000002, 0.8869140625, 19.1853515625, -0.0])
array('d', [-27.2142578125, 0.0, 19.932226562500002, -0.0])
array('d', [-27.400976562500002, 0.6068359375, 20.072265625, -0.42011718750000004])
array('d', [-27.400976562500002, 0.6068359375, 20.072265625, -0.18671875000000002])
array('d', [-25.487109375000003, -0.2333984375, 19.512109375, -0.18671875000000002])
array('d', [-25.9072265625, -0.2333984375, 19.698828125000002, -0.280078125])
array('d', [-25.9072265625, -0.2333984375, 19.60546875, -0.18671875000000002])
array('d', [-26.420703125000003, 0.3267578125, 19.60546875, -0.18671875000000002])
array('d', [-27.3076171875, 0.8869140625, 20.258984375, -0.1400390625])
array('d', [-27.587695312500003, -0.2333984375, 18.9052734375, -0.1400390625])
array('d', [-27.587695312500003, -0.2333984375, 18.9052734375, 0.280078125])
array('d', [-26.420703125000003, 1.587109375, 18.9052734375, 0.1400390625])
array('d', [-26.887500000000003, 0.3267578125, 19.7455078125, -0.1400390625])
array('d', [-26.887500000000003, 0.3267578125, 19.7455078125, 0.3267578125])
array('d', [-26.654101562500003, 1.30703125, 19.2787109375, 0.3267578125])
array('d', [-26.420703125000003, 0.18671875000000002, 19.932226562500002, -0.046679687500000004])
array('d', [-26.420703125000003, -0.7001953125, 19.8388671875, -0.0])
array('d', [-26.420703125000003, -0.7001953125, 19.8388671875, -0.0])
array('d', [-26.794140625, 1.4470703125000002, 18.9052734375, -0.1400390625])
array('d', [-26.794140625, 1.4470703125000002, 19.60546875, -0.1400390625])
array('d', [-26.420703125000003, -0.2333984375, 19.60546875, -0.1400390625])
array('d', [-27.541015625, -0.7001953125, 19.932226562500002, 0.1400390625])
array('d', [-26.980859375, 0.6068359375, 19.60546875, 0.280078125])
array('d', [-26.980859375, 0.6068359375, 19.60546875, 0.280078125])
array('d', [-26.32734375, 0.3267578125, 19.60546875, -0.18671875000000002])
array('d', [-26.32734375, 0.18671875000000002, 19.698828125000002, 0.280078125])
array('d', [-26.794140625, 0.18671875000000002, 19.698828125000002, 0.280078125])
array('d', [-26.0939453125, 0.6068359375, 18.7185546875, 0.1400390625])
array('d', [-26.700781250000002, -0.9802734375000001, 19.2787109375, -0.280078125])
array('d', [-26.700781250000002, 0.6068359375, 19.7455078125, -0.1400390625])
array('d', [-26.0939453125, 0.6068359375, 19.7455078125, -0.1400390625])
array('d', [-26.980859375, 0.0, 19.60546875, -0.56015625])
array('d', [-26.420703125000003, 0.0, 19.512109375, 0.280078125])
array('d', [-26.420703125000003, 0.0, 18.85859375, -0.280078125])
array('d', [-26.887500000000003, 0.18671875000000002, 18.85859375, -0.280078125])
array('d', [-26.233984375000002, -0.5134765625000001, 19.8388671875, -0.3267578125])
array('d', [-26.233984375000002, -0.5134765625000001, 19.8388671875, -0.3267578125])
array('d', [-26.233984375000002, -0.5134765625000001, 19.8388671875, -0.3267578125])
array('d', [-27.07421875, -1.213671875, 19.60546875, -0.1400390625])
array('d', [-26.420703125000003, 0.18671875000000002, 19.2787109375, 0.1400390625])
array('d', [-26.420703125000003, 0.18671875000000002, 19.2787109375, -0.8869140625])
array('d', [-26.887500000000003, -0.1400390625, 19.2787109375, -0.8869140625])
array('d', [-26.887500000000003, -0.1400390625, 19.2787109375, -0.8869140625])
array('d', [-26.887500000000003, -0.1400390625, 19.2787109375, -0.8869140625])
array('d', [-26.233984375000002, 0.18671875000000002, 19.2787109375, -0.18671875000000002])
array('d', [-26.233984375000002, 0.18671875000000002, 19.2787109375, -0.1400390625])
array('d', [-26.794140625, 0.3267578125, 19.60546875, -0.1400390625])
array('d', [-26.5607421875, -0.2333984375, 19.932226562500002, -0.1400390625])
array('d', [-26.5607421875, -0.2333984375, 19.0453125, -0.0])
array('d', [-27.120898437500003, 0.0, 19.0453125, -0.0])
array('d', [-26.887500000000003, -0.2333984375, 19.60546875, -0.42011718750000004])
array('d', [-26.887500000000003, -0.2333984375, 19.60546875, -0.42011718750000004])
array('d', [-26.887500000000003, -0.2333984375, 19.60546875, -0.42011718750000004])
array('d', [-26.887500000000003, -0.2333984375, 19.60546875, -0.42011718750000004])
array('d', [-26.887500000000003, -0.2333984375, 19.60546875, -0.42011718750000004])
array('d', [-27.400976562500002, 0.6068359375, 19.1853515625, -0.18671875000000002])
array('d', [-26.700781250000002, -0.7001953125, 19.2787109375, 0.046679687500000004])
array('d', [-26.700781250000002, -0.7001953125, 19.2787109375, 0.046679687500000004])
array('d', [-27.3076171875, 0.0, 20.258984375, 0.046679687500000004])
array('d', [-27.2142578125, -0.2333984375, 18.951953125, 0.466796875])
array('d', [-27.2142578125, -0.2333984375, 18.951953125, 0.09335937500000001])
array('d', [-27.400976562500002, -0.5134765625000001, 18.9052734375, 0.09335937500000001])
array('d', [-27.400976562500002, -0.5134765625000001, 18.9052734375, 0.046679687500000004])
array('d', [-26.980859375, -0.9802734375000001, 19.60546875, 0.046679687500000004])
array('d', [-25.58046875, -0.5134765625000001, 19.7455078125, -0.42011718750000004])
array('d', [-27.634375000000002, -0.7935546875, 19.60546875, 0.56015625])
array('d', [-27.634375000000002, -0.7935546875, 19.60546875, 0.56015625])
array('d', [-27.634375000000002, -0.7935546875, 19.60546875, 0.56015625])
array('d', [-26.5140625, -0.5134765625000001, 18.951953125, 0.280078125])
array('d', [-26.000585937500002, 0.466796875, 19.8388671875, -0.0])
array('d', [-26.000585937500002, 0.466796875, 19.8388671875, 0.280078125])
array('d', [-27.2142578125, 0.18671875000000002, 19.8388671875, 0.280078125])
array('d', [-27.2142578125, 1.1669921875, 19.2787109375, 0.8869140625])
array('d', [-27.2142578125, 1.1669921875, 19.60546875, 0.7468750000000001])
array('d', [-27.3076171875, 1.1669921875, 19.60546875, 0.7468750000000001])
array('d', [-27.2142578125, -0.7935546875, 19.512109375, 0.466796875])
array('d', [-26.420703125000003, -0.7001953125, 19.8388671875, -0.42011718750000004])
array('d', [-26.420703125000003, -0.7001953125, 19.8388671875, 0.09335937500000001])
array('d', [-26.887500000000003, 0.466796875, 19.8388671875, 0.09335937500000001])
array('d', [-27.2142578125, 0.466796875, 19.512109375, -0.42011718750000004])
array('d', [-26.794140625, -0.37343750000000003, 19.932226562500002, -0.1400390625])
array('d', [-28.054492187500003, -0.37343750000000003, 19.2787109375, -0.280078125])
array('d', [-28.054492187500003, -0.37343750000000003, 19.2787109375, -0.09335937500000001])
array('d', [-26.420703125000003, -0.9802734375000001, 19.2787109375, -0.09335937500000001])
array('d', [-26.794140625, -1.773828125, 19.2787109375, -0.280078125])
array('d', [-26.794140625, -1.0736328125, 19.60546875, 0.280078125])
array('d', [-26.794140625, -1.0736328125, 19.60546875, -0.0])
array('d', [-27.0275390625, -0.2333984375, 19.512109375, -0.0])
array('d', [-26.467382812500002, 0.7468750000000001, 19.60546875, 0.1400390625])
array('d', [-26.467382812500002, 0.7468750000000001, 19.60546875, 0.1400390625])
array('d', [-26.887500000000003, 1.1669921875, 19.60546875, 0.280078125])
array('d', [-25.9072265625, -0.2333984375, 19.60546875, 0.466796875])
array('d', [-25.9072265625, -0.2333984375, 19.60546875, -0.5134765625000001])
array('d', [-26.887500000000003, -0.7001953125, 19.60546875, -0.5134765625000001])
array('d', [-26.7474609375, 0.466796875, 19.698828125000002, -0.42011718750000004])
array('d', [-26.887500000000003, 0.18671875000000002, 19.698828125000002, -0.1400390625])
array('d', [-26.887500000000003, 0.18671875000000002, 19.60546875, -0.3267578125])
array('d', [-26.887500000000003, 0.18671875000000002, 19.60546875, -0.3267578125])
array('d', [-26.887500000000003, 0.18671875000000002, 19.60546875, -0.3267578125])
array('d', [-26.794140625, 0.18671875000000002, 19.60546875, -0.3267578125])
array('d', [-27.727734375, 0.466796875, 18.951953125, -0.280078125])
array('d', [-26.794140625, 0.7468750000000001, 18.9052734375, -0.1400390625])
array('d', [-26.794140625, 0.7468750000000001, 18.9052734375, 0.09335937500000001])
array('d', [-26.5607421875, -0.7001953125, 20.4923828125, 0.09335937500000001])
array('d', [-26.7474609375, 0.466796875, 18.9052734375, -0.1400390625])
array('d', [-26.32734375, 0.6068359375, 18.9052734375, -0.1400390625])
array('d', [-26.233984375000002, 0.0, 19.932226562500002, -0.280078125])
array('d', [-26.233984375000002, 0.0, 19.932226562500002, 0.280078125])
array('d', [-27.2142578125, 0.0, 19.60546875, 0.280078125])
array('d', [-27.2142578125, -0.8402343750000001, 19.60546875, -0.0])
array('d', [-26.887500000000003, 0.18671875000000002, 19.932226562500002, 0.466796875])
array('d', [-26.420703125000003, 0.18671875000000002, 19.932226562500002, 0.466796875])
array('d', [-27.2142578125, -0.09335937500000001, 20.072265625, -0.18671875000000002])
array('d', [-27.2142578125, -0.09335937500000001, 20.072265625, -0.18671875000000002])
array('d', [-27.2142578125, -0.09335937500000001, 20.072265625, -0.18671875000000002])
array('d', [-27.2142578125, -0.09335937500000001, 20.072265625, -0.18671875000000002])
array('d', [-27.2142578125, -0.09335937500000001, 20.072265625, -0.18671875000000002])
array('d', [-27.2142578125, -0.09335937500000001, 20.072265625, -0.18671875000000002])
array('d', [-26.654101562500003, 0.8869140625, 19.7455078125, -0.56015625])
array('d', [-27.541015625, 0.7468750000000001, 19.60546875, 0.09335937500000001])
array('d', [-27.541015625, 0.7468750000000001, 19.60546875, 0.09335937500000001])
array('d', [-26.7474609375, -0.9802734375000001, 19.60546875, 0.09335937500000001])
array('d', [-26.233984375000002, -0.7001953125, 19.932226562500002, -0.7935546875])
array('d', [-26.233984375000002, -0.7001953125, 19.60546875, -0.0])
array('d', [-27.541015625, -0.7001953125, 19.60546875, -0.0])
array('d', [-26.794140625, -0.2333984375, 19.2787109375, 0.046679687500000004])
array('d', [-26.467382812500002, 0.466796875, 19.3720703125, -0.280078125])
array('d', [-26.467382812500002, 0.466796875, 19.3720703125, 0.1400390625])
array('d', [-26.32734375, 0.466796875, 19.2787109375, 0.1400390625])
array('d', [-26.32734375, 0.466796875, 19.2787109375, 0.1400390625])
array('d', [-26.32734375, 0.466796875, 19.2787109375, 0.1400390625])
array('d', [-26.32734375, 0.466796875, 19.2787109375, 0.1400390625])
array('d', [-26.32734375, 0.466796875, 19.2787109375, 0.1400390625])
array('d', [-26.420703125000003, 0.046679687500000004, 19.8388671875, 0.046679687500000004])
array('d', [-26.32734375, 0.3267578125, 19.3720703125, -0.6068359375])
array('d', [-26.32734375, 0.3267578125, 19.3720703125, -0.6068359375])
array('d', [-26.794140625, 0.3267578125, 18.951953125, 0.3267578125])
array('d', [-26.7474609375, 0.8869140625, 19.2787109375, 0.7468750000000001])
array('d', [-25.9072265625, -0.2333984375, 18.951953125, 0.280078125])
array('d', [-25.9072265625, -0.2333984375, 18.951953125, 0.280078125])
array('d', [-25.9072265625, -0.2333984375, 18.951953125, 0.280078125])
array('d', [-25.9072265625, -0.2333984375, 18.951953125, 0.280078125])
array('d', [-27.634375000000002, -0.37343750000000003, 19.1853515625, -0.466796875])
array('d', [-26.32734375, -0.9802734375000001, 19.60546875, -0.466796875])
array('d', [-26.420703125000003, 1.587109375, 19.932226562500002, -0.280078125])
array('d', [-26.420703125000003, 1.587109375, 19.932226562500002, -0.280078125])
array('d', [-26.420703125000003, 1.587109375, 19.932226562500002, -0.280078125])
array('d', [-26.420703125000003, 1.587109375, 19.932226562500002, -0.280078125])
array('d', [-26.420703125000003, 1.587109375, 19.932226562500002, -0.280078125])
array('d', [-26.420703125000003, 1.587109375, 19.932226562500002, -0.280078125])
array('d', [-27.120898437500003, 0.0, 19.8388671875, 0.1400390625])
array('d', [-26.233984375000002, -0.09335937500000001, 18.951953125, 0.280078125])
array('d', [-26.233984375000002, -0.09335937500000001, 18.7185546875, 0.1400390625])
array('d', [-25.4404296875, -0.2333984375, 18.7185546875, 0.1400390625])
array('d', [-27.2142578125, -0.2333984375, 19.932226562500002, -0.280078125])
array('d', [-27.3076171875, -0.9802734375000001, 19.3720703125, 0.046679687500000004])
array('d', [-27.3076171875, -0.9802734375000001, 19.3720703125, 0.046679687500000004])
array('d', [-26.233984375000002, -0.1400390625, 19.60546875, -0.42011718750000004])
array('d', [-26.7474609375, 1.1669921875, 19.512109375, 0.42011718750000004])
array('d', [-26.794140625, 0.0, 19.60546875, -0.18671875000000002])
array('d', [-26.794140625, 0.0, 19.60546875, -0.18671875000000002])
array('d', [-24.366796875000002, 0.3267578125, 18.85859375, 0.1400390625])
array('d', [-27.727734375, 0.8869140625, 19.97890625, 0.1400390625])
array('d', [-27.727734375, 0.8869140625, 19.2787109375, -0.18671875000000002])
array('d', [-27.727734375, 0.8869140625, 19.2787109375, -0.18671875000000002])
array('d', [-25.8138671875, 0.0, 19.8388671875, -0.1400390625])
array('d', [-25.8138671875, 0.0, 19.60546875, 0.1400390625])
array('d', [-26.420703125000003, 0.466796875, 19.60546875, 0.1400390625])
array('d', [-26.420703125000003, 0.466796875, 19.60546875, 0.1400390625])
array('d', [-26.420703125000003, 0.466796875, 19.60546875, 0.1400390625])
array('d', [-26.420703125000003, 0.466796875, 19.60546875, 0.1400390625])
array('d', [-26.7474609375, 0.18671875000000002, 19.932226562500002, 0.56015625])
array('d', [-26.233984375000002, 0.0, 18.7185546875, 0.09335937500000001])
array('d', [-27.541015625, -0.5134765625000001, 19.932226562500002, 0.56015625])
array('d', [-27.541015625, 0.6068359375, 19.512109375, 0.1400390625])
array('d', [-26.7474609375, 0.6068359375, 19.512109375, -0.42011718750000004])
array('d', [-27.3076171875, 0.18671875000000002, 19.698828125000002, -0.42011718750000004])
array('d', [-25.8138671875, -0.37343750000000003, 19.2787109375, 0.1400390625])
array('d', [-25.8138671875, -0.37343750000000003, 19.2787109375, 0.1400390625])
array('d', [-25.8138671875, -0.37343750000000003, 19.2787109375, 0.1400390625])
array('d', [-25.8138671875, -0.37343750000000003, 19.2787109375, 0.1400390625])
array('d', [-25.8138671875, -0.37343750000000003, 19.2787109375, -0.280078125])
array('d', [-26.794140625, 0.466796875, 19.8388671875, -0.280078125])
array('d', [-27.727734375, -0.9802734375000001, 19.60546875, -0.280078125])
array('d', [-27.727734375, 0.0, 20.3056640625, -0.0])
array('d', [-27.120898437500003, 0.0, 20.3056640625, -0.0])
array('d', [-26.0939453125, -0.1400390625, 19.60546875, 0.466796875])
array('d', [-26.7474609375, -0.5134765625000001, 19.60546875, -0.280078125])
array('d', [-26.7474609375, -0.5134765625000001, 19.60546875, -0.280078125])
array('d', [-26.7474609375, -0.5134765625000001, 19.60546875, -0.280078125])
array('d', [-26.7474609375, -0.2333984375, 19.512109375, -0.280078125])
array('d', [-26.7474609375, -0.2333984375, 19.512109375, 0.466796875])
array('d', [-26.887500000000003, -0.2333984375, 19.8388671875, 0.466796875])
array('d', [-27.2142578125, 0.3267578125, 19.512109375, -0.18671875000000002])
array('d', [-26.233984375000002, -0.09335937500000001, 19.3720703125, 0.3267578125])
array('d', [-26.233984375000002, -0.7001953125, 19.8388671875, -0.280078125])
array('d', [-27.3076171875, -0.7001953125, 19.8388671875, 0.466796875])
array('d', [-26.233984375000002, -0.37343750000000003, 19.2787109375, 0.466796875])
array('d', [-26.887500000000003, 0.466796875, 19.60546875, 0.280078125])
array('d', [-27.2142578125, -0.2333984375, 19.7455078125, -0.1400390625])
array('d', [-27.2142578125, -0.2333984375, 19.7455078125, -0.1400390625])
array('d', [-27.2142578125, -0.2333984375, 19.7455078125, -0.1400390625])
array('d', [-27.2142578125, 0.18671875000000002, 19.2787109375, 0.1400390625])
array('d', [-26.7474609375, 0.6068359375, 19.698828125000002, -0.42011718750000004])
array('d', [-26.7474609375, 0.6068359375, 19.698828125000002, 0.09335937500000001])
array('d', [-27.2142578125, 0.0, 19.8388671875, 0.09335937500000001])
array('d', [-26.7474609375, 0.18671875000000002, 19.2787109375, 0.466796875])
array('d', [-26.794140625, -0.5134765625000001, 20.2123046875, -0.280078125])
array('d', [-26.794140625, -0.5134765625000001, 20.2123046875, -0.280078125])
array('d', [-26.794140625, -0.5134765625000001, 20.2123046875, -0.280078125])
array('d', [-26.794140625, -0.5134765625000001, 20.2123046875, -0.280078125])
array('d', [-26.7474609375, 0.466796875, 19.60546875, 0.1400390625])
array('d', [-27.2142578125, -0.7001953125, 19.8388671875, 0.7468750000000001])
array('d', [-27.2142578125, -0.7001953125, 19.7455078125, -0.0])
array('d', [-26.887500000000003, -0.7001953125, 19.7455078125, -0.0])
array('d', [-27.3076171875, -0.5134765625000001, 19.0453125, 0.42011718750000004])
array('d', [-27.634375000000002, 0.466796875, 19.2787109375, -0.42011718750000004])
array('d', [-26.794140625, -0.37343750000000003, 20.165625000000002, -0.42011718750000004])
array('d', [-26.794140625, -0.37343750000000003, 20.165625000000002, -0.42011718750000004])
array('d', [-26.794140625, -0.37343750000000003, 20.165625000000002, -0.42011718750000004])
array('d', [-26.794140625, -0.37343750000000003, 20.165625000000002, -0.42011718750000004])
array('d', [-26.794140625, -0.37343750000000003, 20.165625000000002, -0.42011718750000004])
array('d', [-26.794140625, -0.37343750000000003, 20.165625000000002, 0.42011718750000004])
array('d', [-28.054492187500003, -1.0736328125, 19.932226562500002, 0.280078125])
array('d', [-26.7474609375, -0.5134765625000001, 19.932226562500002, -0.280078125])
array('d', [-26.7474609375, -0.5134765625000001, 19.932226562500002, -0.280078125])
array('d', [-26.7474609375, -0.5134765625000001, 19.932226562500002, -0.280078125])
array('d', [-26.7474609375, -0.5134765625000001, 19.932226562500002, -0.280078125])
array('d', [-27.2142578125, 0.18671875000000002, 19.8388671875, 0.280078125])
array('d', [-25.9072265625, 0.466796875, 20.165625000000002, 0.1400390625])
array('d', [-27.0275390625, 0.3267578125, 19.2787109375, -0.1400390625])
array('d', [-27.0275390625, 0.3267578125, 19.2787109375, -0.1400390625])
array('d', [-27.0275390625, -0.2333984375, 19.512109375, 0.1400390625])
array('d', [-26.794140625, 0.18671875000000002, 19.512109375, -0.42011718750000004])
array('d', [-26.794140625, 0.18671875000000002, 19.41875, 0.046679687500000004])
array('d', [-27.120898437500003, 0.18671875000000002, 19.41875, 0.046679687500000004])
array('d', [-26.7474609375, 0.18671875000000002, 19.60546875, 0.3267578125])
array('d', [-26.654101562500003, 0.18671875000000002, 19.932226562500002, 0.280078125])
array('d', [-26.654101562500003, 0.18671875000000002, 19.932226562500002, 0.280078125])
array('d', [-26.654101562500003, 0.18671875000000002, 19.932226562500002, 0.280078125])
array('d', [-26.654101562500003, 0.18671875000000002, 19.932226562500002, 0.280078125])
array('d', [-25.8138671875, 0.7468750000000001, 19.2787109375, -0.280078125])
array('d', [-26.887500000000003, 1.1669921875, 20.072265625, -0.42011718750000004])
array('d', [-26.887500000000003, 1.1669921875, 19.698828125000002, 0.09335937500000001])
array('d', [-26.887500000000003, -0.5134765625000001, 19.698828125000002, 0.09335937500000001])
array('d', [-27.2142578125, -0.2333984375, 20.2123046875, -0.6068359375])
array('d', [-26.420703125000003, -0.5134765625000001, 19.7455078125, -0.1400390625])
array('d', [-26.420703125000003, -0.5134765625000001, 19.7455078125, -0.1400390625])
array('d', [-26.420703125000003, -0.5134765625000001, 19.7455078125, -0.1400390625])
array('d', [-26.794140625, -0.2333984375, 19.932226562500002, -0.18671875000000002])
array('d', [-26.32734375, -0.2333984375, 19.2787109375, 0.466796875])
array('d', [-25.9072265625, 0.0, 19.60546875, 0.2333984375])
array('d', [-25.9072265625, -0.7001953125, 19.60546875, -0.9802734375000001])
array('d', [-27.3076171875, -0.7001953125, 19.60546875, 0.3267578125])
array('d', [-26.794140625, -0.7001953125, 19.2787109375, 0.3267578125])
array('d', [-26.887500000000003, -0.7001953125, 19.3720703125, 0.3267578125])
array('d', [-26.887500000000003, -0.7001953125, 19.3720703125, 0.3267578125])
array('d', [-26.32734375, 0.466796875, 18.9052734375, 0.466796875])
array('d', [-26.420703125000003, 1.0269531250000001, 19.932226562500002, 0.09335937500000001])
array('d', [-26.420703125000003, 1.0269531250000001, 19.698828125000002, 0.09335937500000001])
array('d', [-26.32734375, -0.9802734375000001, 19.698828125000002, 0.1400390625])
array('d', [-26.7474609375, -0.5134765625000001, 20.072265625, -0.0])
array('d', [-26.7474609375, -0.2333984375, 19.3720703125, -0.6068359375])
array('d', [-26.7474609375, -0.2333984375, 19.3720703125, -0.6068359375])
array('d', [-26.7474609375, -0.2333984375, 19.3720703125, -0.6068359375])
array('d', [-26.7474609375, -0.2333984375, 19.3720703125, -0.6068359375])
array('d', [-26.420703125000003, 0.6068359375, 19.60546875, 0.466796875])
array('d', [-27.3076171875, -0.37343750000000003, 19.2787109375, -0.0])
array('d', [-27.3076171875, -0.37343750000000003, 19.2787109375, 0.09335937500000001])
array('d', [-27.120898437500003, -0.7001953125, 19.932226562500002, 0.09335937500000001])
array('d', [-25.8138671875, -0.09335937500000001, 19.2787109375, 0.1400390625])
array('d', [-25.9072265625, -0.5134765625000001, 19.932226562500002, 0.280078125])
array('d', [-25.9072265625, -0.5134765625000001, 19.932226562500002, 0.280078125])
array('d', [-26.467382812500002, 0.466796875, 18.9052734375, 0.3267578125])
array('d', [-26.32734375, 0.466796875, 19.60546875, -0.280078125])
array('d', [-26.32734375, -0.5134765625000001, 19.7455078125, -0.280078125])
array('d', [-27.727734375, -0.5134765625000001, 19.7455078125, 0.09335937500000001])
array('d', [-26.000585937500002, 0.8869140625, 19.698828125000002, -0.280078125])
array('d', [-26.000585937500002, 0.8869140625, 19.698828125000002, -0.280078125])
array('d', [-26.980859375, 0.8869140625, 19.698828125000002, 0.280078125])
array('d', [-26.980859375, 0.0, 19.932226562500002, -0.18671875000000002])
array('d', [-26.420703125000003, 0.0, 19.932226562500002, -0.18671875000000002])
array('d', [-27.867773437500002, -1.213671875, 19.60546875, 0.1400390625])
array('d', [-27.867773437500002, -1.213671875, 19.60546875, 0.1400390625])
array('d', [-27.867773437500002, -1.213671875, 19.60546875, 0.1400390625])
array('d', [-26.794140625, 0.8869140625, 19.1853515625, -0.1400390625])
array('d', [-25.9072265625, -0.09335937500000001, 18.9052734375, -0.046679687500000004])
array('d', [-25.9072265625, -0.09335937500000001, 20.072265625, 0.1400390625])
array('d', [-26.32734375, -0.2333984375, 20.072265625, 0.1400390625])
array('d', [-26.794140625, -0.5134765625000001, 19.698828125000002, -0.42011718750000004])
array('d', [-26.467382812500002, -0.9802734375000001, 19.2787109375, 0.466796875])
array('d', [-26.467382812500002, -0.9802734375000001, 19.2787109375, -0.56015625])
array('d', [-27.2142578125, -0.2333984375, 19.60546875, -0.56015625])
array('d', [-27.541015625, 0.18671875000000002, 19.2787109375, -0.280078125])
array('d', [-27.541015625, -0.2333984375, 19.60546875, 0.09335937500000001])
array('d', [-26.654101562500003, -0.2333984375, 19.60546875, 0.09335937500000001])
array('d', [-26.654101562500003, -0.2333984375, 19.60546875, 0.09335937500000001])
array('d', [-26.654101562500003, -0.2333984375, 19.60546875, 0.09335937500000001])
array('d', [-26.654101562500003, -0.2333984375, 19.60546875, 0.09335937500000001])
array('d', [-26.654101562500003, -0.2333984375, 19.60546875, 0.09335937500000001])
array('d', [-26.7474609375, -1.0736328125, 19.8388671875, 0.280078125])
array('d', [-27.2142578125, -0.9802734375000001, 19.932226562500002, -0.18671875000000002])
array('d', [-27.2142578125, -0.9802734375000001, 19.8388671875, 0.1400390625])
array('d', [-26.32734375, 0.18671875000000002, 19.8388671875, 0.1400390625])
array('d', [-26.32734375, 0.466796875, 19.1853515625, 0.1400390625])
array('d', [-25.9072265625, -0.7935546875, 19.8388671875, 0.56015625])
array('d', [-25.9072265625, -0.7935546875, 19.8388671875, 0.56015625])
array('d', [-25.9072265625, -0.7935546875, 19.8388671875, 0.56015625])
array('d', [-25.9072265625, -0.7935546875, 19.8388671875, 0.56015625])
array('d', [-26.0939453125, -0.7935546875, 19.1853515625, 0.046679687500000004])
array('d', [-26.654101562500003, -0.7001953125, 19.932226562500002, 0.046679687500000004])
array('d', [-26.794140625, 0.6068359375, 19.512109375, -0.1400390625])
array('d', [-26.794140625, 1.0269531250000001, 19.2787109375, 0.046679687500000004])
array('d', [-27.541015625, 1.0269531250000001, 19.2787109375, 0.046679687500000004])
array('d', [-26.7474609375, -1.3537109375, 19.60546875, 0.1400390625])
array('d', [-26.7474609375, 0.466796875, 19.512109375, 0.1400390625])
array('d', [-26.7474609375, 0.466796875, 19.512109375, 0.1400390625])
array('d', [-26.7474609375, 0.466796875, 19.512109375, 0.1400390625])
array('d', [-26.654101562500003, -0.5134765625000001, 19.1853515625, 0.280078125])
array('d', [-26.654101562500003, -0.5134765625000001, 19.1853515625, 0.466796875])
array('d', [-25.58046875, 0.8869140625, 19.8388671875, 0.466796875])
array('d', [-25.58046875, 0.8869140625, 19.60546875, -0.3267578125])
array('d', [-26.420703125000003, -0.37343750000000003, 19.60546875, -0.0])
array('d', [-26.420703125000003, -0.09335937500000001, 19.2787109375, -0.0])
array('d', [-26.794140625, 0.18671875000000002, 20.165625000000002, 0.046679687500000004])
array('d', [-26.794140625, 0.18671875000000002, 19.2787109375, -0.1400390625])
array('d', [-26.7474609375, -0.2333984375, 19.2787109375, -0.1400390625])
array('d', [-27.3076171875, -0.7001953125, 18.9052734375, 0.046679687500000004])
array('d', [-26.32734375, -0.2333984375, 19.2787109375, -0.18671875000000002])
array('d', [-26.32734375, -0.2333984375, 19.2787109375, -0.18671875000000002])
array('d', [-26.32734375, -0.2333984375, 19.2787109375, -0.18671875000000002])
array('d', [-26.32734375, -0.2333984375, 19.60546875, 0.56015625])
array('d', [-26.420703125000003, 0.18671875000000002, 19.60546875, 0.56015625])
array('d', [-26.794140625, 0.6068359375, 19.8388671875, 0.42011718750000004])
array('d', [-26.794140625, 0.6068359375, 19.8388671875, 0.42011718750000004])
array('d', [-26.794140625, 0.6068359375, 19.8388671875, 0.42011718750000004])
array('d', [-26.794140625, 0.6068359375, 19.8388671875, 0.42011718750000004])
array('d', [-27.2142578125, 0.8869140625, 19.2787109375, -0.0])
array('d', [-26.420703125000003, -0.09335937500000001, 19.932226562500002, -0.18671875000000002])
array('d', [-26.420703125000003, -0.09335937500000001, 19.698828125000002, -0.1400390625])
array('d', [-26.420703125000003, -0.09335937500000001, 19.698828125000002, -0.1400390625])
array('d', [-26.420703125000003, -0.09335937500000001, 19.698828125000002, -0.1400390625])
array('d', [-27.2142578125, 0.6068359375, 19.932226562500002, 0.42011718750000004])
array('d', [-27.2142578125, 0.6068359375, 19.932226562500002, -0.1400390625])
array('d', [-26.32734375, -1.213671875, 19.2787109375, -0.1400390625])
array('d', [-26.887500000000003, 0.8869140625, 19.512109375, -0.1400390625])
array('d', [-26.887500000000003, 1.587109375, 19.0453125, -1.0736328125])
array('d', [-26.32734375, 1.587109375, 19.0453125, -1.0736328125])
array('d', [-26.7474609375, -0.5134765625000001, 19.1853515625, -0.0])
array('d', [-26.7474609375, -0.5134765625000001, 19.1853515625, -0.0])
array('d', [-26.7474609375, -0.5134765625000001, 19.1853515625, -0.0])
array('d', [-26.7474609375, -0.5134765625000001, 19.1853515625, -0.0])
array('d', [-27.3076171875, 1.0269531250000001, 19.512109375, 0.1400390625])
array('d', [-27.634375000000002, 0.18671875000000002, 19.932226562500002, 0.280078125])
array('d', [-27.634375000000002, 0.18671875000000002, 19.932226562500002, -0.18671875000000002])
array('d', [-27.2142578125, 0.18671875000000002, 19.932226562500002, -0.18671875000000002])
array('d', [-27.2142578125, 0.18671875000000002, 19.932226562500002, -0.18671875000000002])
array('d', [-27.2142578125, 0.18671875000000002, 19.932226562500002, -0.18671875000000002])
array('d', [-26.7474609375, 0.466796875, 19.932226562500002, -0.18671875000000002])
array('d', [-26.7474609375, 0.466796875, 19.932226562500002, -0.0])
array('d', [-26.887500000000003, 0.0, 19.3720703125, -0.0])
array('d', [-26.887500000000003, 0.0, 19.3720703125, -0.0])
array('d', [-26.887500000000003, 0.0, 19.3720703125, -0.0])
array('d', [-26.887500000000003, 0.0, 19.3720703125, -0.0])
array('d', [-26.980859375, -0.09335937500000001, 20.258984375, -0.1400390625])
array('d', [-27.727734375, -0.2333984375, 19.60546875, 0.046679687500000004])
array('d', [-26.420703125000003, 0.0, 18.578515625, -0.280078125])
array('d', [-26.420703125000003, 0.0, 18.578515625, -0.280078125])
array('d', [-26.420703125000003, 0.0, 18.578515625, -0.280078125])
array('d', [-25.8138671875, -0.5134765625000001, 19.7455078125, -0.0])
array('d', [-25.8138671875, -0.2333984375, 19.60546875, -0.1400390625])
array('d', [-26.32734375, -0.2333984375, 19.60546875, -0.1400390625])
array('d', [-27.3076171875, 0.466796875, 19.60546875, 0.046679687500000004])
array('d', [-26.887500000000003, -0.7001953125, 20.0255859375, 0.046679687500000004])
array('d', [-25.8138671875, 0.18671875000000002, 19.2787109375, -0.1400390625])
array('d', [-25.8138671875, 0.18671875000000002, 19.2787109375, -0.1400390625])
array('d', [-25.8138671875, 0.18671875000000002, 19.2787109375, -0.1400390625])
array('d', [-25.9072265625, -0.7001953125, 19.932226562500002, -0.0])
array('d', [-26.32734375, 0.0, 19.8388671875, -0.1400390625])
array('d', [-26.000585937500002, 0.466796875, 19.932226562500002, -0.0])
array('d', [-26.000585937500002, 0.466796875, 19.932226562500002, -0.0])
array('d', [-26.000585937500002, 0.466796875, 19.932226562500002, -0.0])
array('d', [-27.120898437500003, -0.5134765625000001, 19.60546875, 0.09335937500000001])
array('d', [-27.120898437500003, -0.5134765625000001, 20.72578125, 0.1400390625])
array('d', [-26.140625, -0.2333984375, 20.72578125, 0.1400390625])
array('d', [-27.400976562500002, -0.09335937500000001, 20.4923828125, -0.280078125])
array('d', [-26.887500000000003, -0.1400390625, 18.85859375, -0.42011718750000004])
array('d', [-26.887500000000003, -0.1400390625, 18.85859375, -0.1400390625])
array('d', [-27.2142578125, 0.18671875000000002, 19.2787109375, -0.1400390625])
array('d', [-26.467382812500002, 0.9802734375000001, 19.60546875, 0.280078125])
array('d', [-26.420703125000003, -0.9802734375000001, 19.60546875, -0.0])
array('d', [-26.420703125000003, -0.9802734375000001, 19.60546875, -0.0])
array('d', [-26.32734375, -0.2333984375, 19.2787109375, 0.280078125])
array('d', [-26.000585937500002, -0.5134765625000001, 19.1853515625, 0.6068359375])
array('d', [-26.000585937500002, -0.5134765625000001, 19.1853515625, 0.6068359375])
array('d', [-26.794140625, -0.7001953125, 19.60546875, -0.280078125])
array('d', [-26.32734375, -0.2333984375, 18.951953125, -0.0])
array('d', [-26.32734375, -0.2333984375, 18.951953125, -0.09335937500000001])
array('d', [-26.420703125000003, 0.466796875, 18.951953125, -0.09335937500000001])
array('d', [-26.32734375, 1.30703125, 19.60546875, 0.7468750000000001])
array('d', [-26.32734375, 1.30703125, 19.60546875, 0.7468750000000001])
array('d', [-26.32734375, 1.30703125, 19.60546875, 0.7468750000000001])
array('d', [-26.887500000000003, -0.37343750000000003, 19.2787109375, 0.1400390625])
array('d', [-25.8138671875, -1.213671875, 19.932226562500002, -0.1400390625])
array('d', [-25.8138671875, -1.213671875, 19.512109375, 0.1400390625])
array('d', [-26.794140625, 0.466796875, 19.512109375, 0.1400390625])
array('d', [-27.3076171875, -0.5134765625000001, 19.60546875, -0.0])
array('d', [-27.2142578125, 0.6068359375, 19.2787109375, -0.1400390625])
array('d', [-27.2142578125, 0.6068359375, 19.2787109375, -0.280078125])
array('d', [-27.2142578125, 0.6068359375, 19.2787109375, -0.280078125])
array('d', [-27.2142578125, 0.6068359375, 19.2787109375, -0.280078125])
array('d', [-27.2142578125, 0.6068359375, 19.2787109375, -0.280078125])
array('d', [-27.3076171875, -1.4470703125000002, 19.60546875, -0.280078125])
array('d', [-26.233984375000002, -0.2333984375, 19.60546875, -0.1400390625])
array('d', [-26.5607421875, 0.7468750000000001, 19.60546875, 0.5134765625000001])
array('d', [-26.5607421875, 0.8869140625, 19.8388671875, -0.18671875000000002])
array('d', [-25.9072265625, 0.8869140625, 19.8388671875, 0.3267578125])
array('d', [-26.7474609375, -0.09335937500000001, 20.258984375, 0.3267578125])
array('d', [-26.7474609375, -0.5134765625000001, 18.578515625, -0.280078125])
array('d', [-27.120898437500003, -1.213671875, 19.8388671875, 0.7468750000000001])
array('d', [-26.233984375000002, -0.7001953125, 19.0453125, -0.1400390625])
array('d', [-26.654101562500003, 0.6068359375, 19.8388671875, 0.09335937500000001])
array('d', [-26.654101562500003, 0.18671875000000002, 20.072265625, 0.280078125])
array('d', [-26.32734375, 0.18671875000000002, 20.072265625, 0.280078125])
array('d', [-25.9072265625, -1.213671875, 18.951953125, -0.280078125])
array('d', [-25.487109375000003, -0.2333984375, 19.60546875, 0.046679687500000004])
array('d', [-25.487109375000003, -0.2333984375, 19.2787109375, 0.7001953125])
array('d', [-25.720507812500003, 0.18671875000000002, 19.2787109375, 0.7001953125])
array('d', [-26.32734375, 1.1669921875, 19.2787109375, 0.56015625])
array('d', [-27.2142578125, -0.09335937500000001, 19.60546875, 0.280078125])
array('d', [-27.2142578125, -0.09335937500000001, 19.60546875, -0.1400390625])
array('d', [-27.3076171875, -0.2333984375, 20.072265625, -0.1400390625])
array('d', [-27.120898437500003, -0.7001953125, 20.072265625, -0.1400390625])
array('d', [-27.120898437500003, -0.7001953125, 19.932226562500002, 0.046679687500000004])
array('d', [-25.9072265625, -0.2333984375, 19.7455078125, 0.046679687500000004])
array('d', [-27.120898437500003, 0.466796875, 19.512109375, 0.1400390625])
array('d', [-27.541015625, -1.3537109375, 19.932226562500002, 0.7001953125])
array('d', [-27.541015625, -1.3537109375, 19.932226562500002, 0.1400390625])
array('d', [-26.887500000000003, -0.37343750000000003, 18.9052734375, 0.1400390625])
array('d', [-26.140625, -0.5134765625000001, 19.1853515625, 0.6068359375])
array('d', [-26.140625, -0.5134765625000001, 19.1853515625, 0.6068359375])
array('d', [-26.140625, -0.5134765625000001, 19.1853515625, 0.6068359375])
array('d', [-26.140625, -0.5134765625000001, 19.1853515625, 0.6068359375])
array('d', [-26.980859375, -0.9802734375000001, 20.5390625, 0.466796875])
array('d', [-26.980859375, -0.9802734375000001, 20.5390625, -0.0])
array('d', [-26.794140625, 0.18671875000000002, 19.932226562500002, -0.0])
array('d', [-26.467382812500002, 0.18671875000000002, 19.3720703125, 0.1400390625])
array('d', [-26.467382812500002, -0.5134765625000001, 19.2787109375, -0.1400390625])
array('d', [-26.7474609375, -0.5134765625000001, 19.2787109375, 0.1400390625])
array('d', [-25.58046875, -0.09335937500000001, 19.512109375, 0.1400390625])
array('d', [-25.58046875, -0.09335937500000001, 19.512109375, 0.1400390625])
array('d', [-27.2142578125, 0.0, 19.932226562500002, -0.0])
array('d', [-26.654101562500003, -1.213671875, 19.8388671875, -0.18671875000000002])
array('d', [-27.634375000000002, 0.8869140625, 19.2787109375, -0.280078125])
array('d', [-27.634375000000002, 0.8869140625, 19.2787109375, -0.280078125])
array('d', [-27.634375000000002, 0.8869140625, 19.2787109375, -0.280078125])
array('d', [-27.634375000000002, 0.8869140625, 19.2787109375, -0.280078125])
array('d', [-27.634375000000002, 0.8869140625, 19.2787109375, 0.280078125])
array('d', [-25.720507812500003, 0.8869140625, 19.60546875, 0.280078125])
array('d', [-26.794140625, 0.7468750000000001, 19.932226562500002, 0.1400390625])
array('d', [-27.2142578125, 0.7468750000000001, 19.932226562500002, 0.1400390625])
array('d', [-27.2142578125, 0.6068359375, 19.932226562500002, -0.0])
array('d', [-26.794140625, -0.2333984375, 19.698828125000002, -0.42011718750000004])
array('d', [-26.000585937500002, -0.7935546875, 19.698828125000002, 0.09335937500000001])
array('d', [-26.000585937500002, -0.7935546875, 19.698828125000002, 0.09335937500000001])
array('d', [-26.000585937500002, -0.7935546875, 19.698828125000002, 0.09335937500000001])
array('d', [-26.0939453125, 0.18671875000000002, 18.9052734375, -0.3267578125])
array('d', [-26.654101562500003, 0.18671875000000002, 18.9052734375, -0.0])
array('d', [-26.654101562500003, 0.18671875000000002, 18.9052734375, -0.0])
array('d', [-27.120898437500003, -0.7001953125, 19.932226562500002, -0.0])
array('d', [-26.7474609375, 0.18671875000000002, 19.2787109375, 0.280078125])
array('d', [-27.3076171875, -0.2333984375, 19.2787109375, -0.280078125])
array('d', [-27.3076171875, 0.3267578125, 19.2787109375, -0.280078125])
array('d', [-26.233984375000002, 0.3267578125, 19.7455078125, -0.09335937500000001])
array('d', [-26.887500000000003, 0.18671875000000002, 19.8388671875, -0.1400390625])
array('d', [-26.887500000000003, -0.5134765625000001, 19.0453125, 0.3267578125])
array('d', [-26.7474609375, -0.5134765625000001, 19.0453125, 0.3267578125])
array('d', [-26.32734375, 0.7468750000000001, 18.9052734375, -0.0])
array('d', [-27.2142578125, 0.7468750000000001, 19.512109375, -0.0])
array('d', [-26.140625, 0.18671875000000002, 19.932226562500002, 0.280078125])
array('d', [-26.140625, 0.18671875000000002, 19.932226562500002, 0.280078125])
array('d', [-26.794140625, -0.7001953125, 19.8388671875, 0.466796875])
array('d', [-26.7474609375, -0.2333984375, 19.8388671875, 0.046679687500000004])
array('d', [-26.7474609375, -0.2333984375, 19.8388671875, 0.046679687500000004])
array('d', [-26.32734375, -1.213671875, 19.512109375, -0.7468750000000001])
array('d', [-26.32734375, 0.18671875000000002, 19.1853515625, 0.6068359375])
array('d', [-26.32734375, 0.18671875000000002, 19.60546875, 0.2333984375])
array('d', [-25.9072265625, -1.213671875, 19.60546875, 0.2333984375])
array('d', [-26.000585937500002, -0.2333984375, 19.2787109375, 0.2333984375])
array('d', [-26.000585937500002, -0.2333984375, 19.8388671875, -0.0])
array('d', [-26.794140625, -0.9802734375000001, 19.8388671875, -0.0])
array('d', [-26.794140625, -0.9802734375000001, 19.8388671875, -0.0])
array('d', [-26.794140625, -0.9802734375000001, 19.8388671875, -0.0])
array('d', [-27.3076171875, 0.7468750000000001, 19.2787109375, 0.280078125])
array('d', [-27.3076171875, 0.7468750000000001, 19.2787109375, 0.280078125])
array('d', [-26.794140625, 2.147265625, 19.2787109375, 0.1400390625])
array('d', [-26.794140625, 2.147265625, 19.2787109375, 0.1400390625])
array('d', [-26.794140625, 2.147265625, 19.2787109375, 0.1400390625])
array('d', [-26.794140625, 2.147265625, 19.2787109375, 0.1400390625])
array('d', [-26.000585937500002, -0.37343750000000003, 19.60546875, 0.2333984375])
array('d', [-27.120898437500003, 0.8869140625, 19.512109375, 0.466796875])
array('d', [-27.120898437500003, 0.8869140625, 19.3720703125, 0.046679687500000004])
array('d', [-26.420703125000003, 0.8869140625, 19.3720703125, 0.046679687500000004])
array('d', [-25.9072265625, 0.6068359375, 19.932226562500002, 0.1400390625])
array('d', [-26.654101562500003, 0.18671875000000002, 19.60546875, 0.1400390625])
array('d', [-26.654101562500003, 0.18671875000000002, 19.60546875, 0.1400390625])
array('d', [-26.7474609375, -0.9802734375000001, 19.60546875, 0.280078125])
array('d', [-27.9611328125, 0.18671875000000002, 20.0255859375, -0.0])
array('d', [-27.9611328125, 0.18671875000000002, 19.60546875, -0.280078125])
array('d', [-26.794140625, 0.18671875000000002, 19.60546875, -0.280078125])
array('d', [-27.7744140625, -0.9802734375000001, 19.932226562500002, -0.1400390625])
array('d', [-27.120898437500003, -1.213671875, 19.512109375, -0.0])
array('d', [-26.467382812500002, 0.18671875000000002, 19.60546875, 0.1400390625])
array('d', [-26.467382812500002, 0.18671875000000002, 19.60546875, 0.1400390625])
array('d', [-26.7474609375, -0.5134765625000001, 18.951953125, -0.1400390625])
array('d', [-26.7474609375, 0.3267578125, 19.60546875, 0.6068359375])
array('d', [-26.887500000000003, 0.3267578125, 19.60546875, 0.1400390625])
array('d', [-27.7744140625, -0.2333984375, 19.932226562500002, 0.1400390625])
array('d', [-26.887500000000003, 0.3267578125, 19.60546875, 0.1400390625])
array('d', [-26.0939453125, -1.3537109375, 19.60546875, 0.046679687500000004])
array('d', [-26.0939453125, -1.3537109375, 19.60546875, -0.0])
array('d', [-25.58046875, 1.587109375, 19.932226562500002, -0.0])
array('d', [-26.467382812500002, 0.466796875, 19.41875, -0.1400390625])
array('d', [-27.3076171875, 0.0, 20.399023437500002, -0.1400390625])
array('d', [-27.3076171875, 0.0, 20.399023437500002, -0.1400390625])
array('d', [-27.3076171875, 0.0, 20.399023437500002, -0.1400390625])
array('d', [-27.3076171875, 0.0, 20.399023437500002, -0.1400390625])
array('d', [-25.8138671875, 0.0, 20.165625000000002, -0.42011718750000004])
array('d', [-25.8138671875, 0.0, 20.165625000000002, -0.42011718750000004])
array('d', [-26.887500000000003, -0.5134765625000001, 18.4384765625, -0.0])
array('d', [-27.634375000000002, -0.2333984375, 19.2787109375, 0.1400390625])
array('d', [-27.634375000000002, -0.2333984375, 19.2787109375, -0.1400390625])
array('d', [-26.654101562500003, 0.18671875000000002, 19.2787109375, -0.1400390625])
array('d', [-25.9072265625, -1.3537109375, 19.1853515625, -0.0])
array('d', [-26.7474609375, 0.3267578125, 19.2787109375, 0.3267578125])
array('d', [-26.7474609375, 0.3267578125, 19.2787109375, -0.0])
array('d', [-27.400976562500002, -0.7001953125, 19.2787109375, -0.0])
array('d', [-26.233984375000002, -0.37343750000000003, 18.9052734375, 0.1400390625])
array('d', [-26.32734375, -0.5134765625000001, 20.165625000000002, -0.0])
array('d', [-26.32734375, 0.0, 19.512109375, -0.42011718750000004])
array('d', [-26.140625, 0.0, 19.512109375, -0.42011718750000004])
array('d', [-26.7474609375, -0.37343750000000003, 19.60546875, 0.6068359375])
array('d', [-26.7474609375, 0.3267578125, 18.85859375, 0.09335937500000001])
array('d', [-26.000585937500002, 0.3267578125, 18.85859375, 0.09335937500000001])
array('d', [-27.120898437500003, -0.37343750000000003, 18.85859375, 0.42011718750000004])
array('d', [-27.120898437500003, -0.37343750000000003, 18.85859375, 0.42011718750000004])
array('d', [-26.7474609375, -0.37343750000000003, 19.2787109375, 0.1400390625])
array('d', [-26.7474609375, -0.09335937500000001, 18.9052734375, 0.5134765625000001])
array('d', [-27.3076171875, -0.09335937500000001, 18.9052734375, 0.5134765625000001])
array('d', [-27.3076171875, -0.9802734375000001, 18.9052734375, -0.1400390625])
array('d', [-26.233984375000002, -0.5134765625000001, 19.2787109375, 0.1400390625])
array('d', [-26.233984375000002, -0.5134765625000001, 19.2787109375, 0.280078125])
array('d', [-27.541015625, 0.466796875, 19.2787109375, 0.280078125])
array('d', [-26.5140625, -0.9802734375000001, 19.2787109375, -0.42011718750000004])
array('d', [-26.7474609375, -0.2333984375, 19.2787109375, -0.3267578125])
array('d', [-26.7474609375, -0.2333984375, 19.2787109375, 0.42011718750000004])
array('d', [-25.8138671875, 0.18671875000000002, 19.2787109375, 0.42011718750000004])
array('d', [-26.5607421875, -0.2333984375, 19.932226562500002, -0.0])
array('d', [-26.7474609375, -0.7935546875, 19.60546875, 0.466796875])
array('d', [-26.7474609375, -0.7935546875, 19.60546875, -0.3267578125])
array('d', [-26.7474609375, -0.7935546875, 19.60546875, -0.3267578125])
array('d', [-26.7474609375, -0.7935546875, 19.60546875, -0.3267578125])
array('d', [-27.6810546875, 0.7468750000000001, 18.578515625, -0.56015625])
array('d', [-27.541015625, 0.7468750000000001, 18.578515625, -0.56015625])
array('d', [-27.3076171875, -0.8402343750000001, 19.60546875, -0.18671875000000002])
array('d', [-27.3076171875, -0.8402343750000001, 19.60546875, -0.18671875000000002])
array('d', [-27.3076171875, -0.8402343750000001, 19.60546875, -0.18671875000000002])
array('d', [-27.3076171875, -0.8402343750000001, 19.60546875, -0.18671875000000002])
array('d', [-27.634375000000002, -1.6804687500000002, 19.932226562500002, -0.42011718750000004])
array('d', [-26.7474609375, -0.7001953125, 19.60546875, 0.046679687500000004])
array('d', [-26.7474609375, -0.7001953125, 19.60546875, -0.18671875000000002])
array('d', [-26.32734375, -0.9802734375000001, 19.60546875, -0.18671875000000002])
array('d', [-26.32734375, -0.9802734375000001, 19.60546875, -0.18671875000000002])
array('d', [-26.32734375, -0.9802734375000001, 19.60546875, -0.18671875000000002])
array('d', [-27.541015625, 0.466796875, 19.3720703125, 0.1400390625])
array('d', [-27.541015625, 0.466796875, 19.2787109375, -0.6068359375])
array('d', [-26.233984375000002, 0.3267578125, 19.2787109375, -0.6068359375])
array('d', [-26.420703125000003, 0.18671875000000002, 20.819140625000003, -0.1400390625])
array('d', [-26.7474609375, -0.37343750000000003, 18.9052734375, -0.3267578125])
array('d', [-26.7474609375, -0.37343750000000003, 19.60546875, 0.466796875])
array('d', [-26.32734375, 0.0, 19.60546875, 0.466796875])
array('d', [-26.32734375, 0.0, 19.60546875, 0.466796875])
array('d', [-26.32734375, 0.0, 19.60546875, 0.466796875])
array('d', [-26.654101562500003, -0.2333984375, 18.6251953125, 0.466796875])
array('d', [-26.654101562500003, 1.30703125, 20.3056640625, -0.3267578125])
array('d', [-27.2142578125, 1.30703125, 20.3056640625, 0.09335937500000001])
array('d', [-27.07421875, -0.37343750000000003, 19.60546875, 0.09335937500000001])
array('d', [-26.794140625, 0.6068359375, 19.8388671875, 0.653515625])
array('d', [-26.794140625, 0.466796875, 19.60546875, 0.046679687500000004])
array('d', [-26.233984375000002, 0.466796875, 19.60546875, 0.046679687500000004])
array('d', [-27.541015625, 0.3267578125, 19.3720703125, -0.0])
array('d', [-27.541015625, 0.6068359375, 19.2787109375, -0.5134765625000001])
array('d', [-25.8138671875, 0.6068359375, 19.2787109375, -0.5134765625000001])
array('d', [-26.233984375000002, 0.0, 19.3720703125, 0.5134765625000001])
array('d', [-27.541015625, -0.5134765625000001, 19.60546875, 0.466796875])
array('d', [-27.541015625, -0.5134765625000001, 19.2787109375, 0.046679687500000004])
array('d', [-26.140625, 0.466796875, 19.2787109375, 0.046679687500000004])
array('d', [-27.2142578125, 0.0, 19.2787109375, 0.046679687500000004])
array('d', [-27.2142578125, 0.0, 19.2787109375, 0.046679687500000004])
array('d', [-27.2142578125, 0.0, 19.2787109375, 0.046679687500000004])
array('d', [-27.2142578125, 0.0, 19.1853515625, -0.1400390625])
array('d', [-27.07421875, 0.0, 19.60546875, 0.6068359375])
array('d', [-26.7474609375, 0.7468750000000001, 19.60546875, -0.1400390625])
array('d', [-26.7474609375, -0.9802734375000001, 20.165625000000002, 0.046679687500000004])
array('d', [-26.7474609375, 0.18671875000000002, 19.512109375, -0.0])
array('d', [-26.420703125000003, 0.3267578125, 19.1853515625, -0.42011718750000004])
array('d', [-26.420703125000003, 0.3267578125, 19.1853515625, -0.42011718750000004])
array('d', [-26.980859375, -0.7935546875, 19.60546875, -0.5134765625000001])
array('d', [-25.9072265625, -0.2333984375, 19.60546875, -0.0])
array('d', [-25.9072265625, -0.2333984375, 19.60546875, -0.3267578125])
array('d', [-26.654101562500003, -0.2333984375, 19.60546875, -0.3267578125])
array('d', [-26.654101562500003, -0.2333984375, 19.60546875, -0.3267578125])
array('d', [-26.654101562500003, -0.2333984375, 19.60546875, -0.3267578125])
array('d', [-27.3076171875, -1.213671875, 19.8388671875, -0.1400390625])
array('d', [-27.3076171875, 0.18671875000000002, 19.2787109375, -0.0])
array('d', [-27.120898437500003, 0.18671875000000002, 19.2787109375, -0.0])
array('d', [-27.120898437500003, 0.18671875000000002, 19.2787109375, -0.0])
array('d', [-27.120898437500003, 0.18671875000000002, 19.2787109375, -0.0])
array('d', [-27.07421875, -0.2333984375, 19.512109375, -0.18671875000000002])
array('d', [-25.8138671875, -0.2333984375, 19.60546875, 0.1400390625])
array('d', [-26.7474609375, -0.9802734375000001, 19.8388671875, -0.1400390625])
array('d', [-26.7474609375, -0.9802734375000001, 19.8388671875, -0.1400390625])
array('d', [-26.7474609375, -0.9802734375000001, 19.8388671875, -0.1400390625])
array('d', [-26.32734375, -0.2333984375, 19.2787109375, -0.1400390625])
array('d', [-27.6810546875, -0.2333984375, 19.8388671875, 0.280078125])
array('d', [-27.6810546875, -0.2333984375, 19.8388671875, 0.280078125])
array('d', [-27.120898437500003, -0.2333984375, 19.8388671875, 0.280078125])
array('d', [-27.120898437500003, -0.2333984375, 19.8388671875, 0.280078125])
array('d', [-27.120898437500003, -0.7935546875, 19.8388671875, -0.1400390625])
array('d', [-26.233984375000002, -0.7935546875, 19.8388671875, -0.1400390625])
array('d', [-26.32734375, -0.37343750000000003, 19.932226562500002, -0.37343750000000003])
array('d', [-26.32734375, -0.37343750000000003, 19.932226562500002, -0.37343750000000003])
array('d', [-26.32734375, -0.37343750000000003, 19.932226562500002, -0.37343750000000003])
array('d', [-26.32734375, -0.37343750000000003, 19.932226562500002, -0.37343750000000003])
array('d', [-27.634375000000002, 0.18671875000000002, 19.2787109375, 0.280078125])
array('d', [-26.7474609375, 0.18671875000000002, 20.0255859375, -0.0])
array('d', [-27.2142578125, -1.213671875, 19.512109375, 0.1400390625])
array('d', [-27.2142578125, -1.213671875, 19.512109375, 0.1400390625])
array('d', [-27.2142578125, -1.213671875, 19.512109375, 0.1400390625])
array('d', [-27.2142578125, -1.213671875, 19.512109375, 0.1400390625])
array('d', [-27.3076171875, -0.2333984375, 18.951953125, -0.1400390625])
array('d', [-27.3076171875, 0.18671875000000002, 19.7455078125, -0.0])
array('d', [-27.3076171875, 0.18671875000000002, 19.7455078125, -0.0])
array('d', [-27.3076171875, 0.18671875000000002, 19.7455078125, -0.0])
array('d', [-27.3076171875, 0.18671875000000002, 19.7455078125, -0.0])
array('d', [-27.3076171875, 0.18671875000000002, 19.7455078125, -0.0])
array('d', [-27.3076171875, 0.18671875000000002, 19.7455078125, -0.0])
array('d', [-27.120898437500003, 0.8869140625, 19.60546875, -0.09335937500000001])
array('d', [-26.32734375, 0.18671875000000002, 18.578515625, -0.09335937500000001])
array('d', [-26.7474609375, -0.37343750000000003, 19.932226562500002, 0.466796875])
array('d', [-26.7474609375, -0.37343750000000003, 19.932226562500002, 0.1400390625])
array('d', [-26.233984375000002, 0.466796875, 18.951953125, 0.1400390625])
array('d', [-27.2142578125, -0.5134765625000001, 18.765234375000002, 0.09335937500000001])
array('d', [-26.654101562500003, -0.5134765625000001, 19.698828125000002, -0.0])
array('d', [-26.654101562500003, -0.5134765625000001, 19.698828125000002, 0.5134765625000001])
array('d', [-26.7474609375, -1.213671875, 19.932226562500002, 0.5134765625000001])
array('d', [-26.7474609375, -0.5134765625000001, 19.2787109375, -0.18671875000000002])
array('d', [-26.7474609375, -0.5134765625000001, 18.951953125, -0.1400390625])
array('d', [-26.7474609375, -0.5134765625000001, 18.951953125, -0.1400390625])
array('d', [-26.7474609375, -0.5134765625000001, 18.951953125, -0.1400390625])
array('d', [-25.673828125, 0.466796875, 18.951953125, 0.42011718750000004])
array('d', [-26.654101562500003, 0.466796875, 19.60546875, 0.42011718750000004])
array('d', [-26.233984375000002, -0.9802734375000001, 19.3720703125, -0.6068359375])
array('d', [-26.233984375000002, -0.9802734375000001, 19.3720703125, -0.6068359375])
array('d', [-26.233984375000002, -0.9802734375000001, 19.3720703125, -0.6068359375])
array('d', [-26.233984375000002, -0.9802734375000001, 19.3720703125, -0.6068359375])
array('d', [-27.120898437500003, 0.18671875000000002, 18.6251953125, -0.09335937500000001])
array('d', [-26.32734375, 0.18671875000000002, 19.41875, -0.1400390625])
array('d', [-26.32734375, 0.18671875000000002, 19.512109375, 0.046679687500000004])
array('d', [-26.32734375, 0.18671875000000002, 19.512109375, 0.046679687500000004])
array('d', [-26.32734375, 0.18671875000000002, 19.512109375, 0.046679687500000004])
array('d', [-26.32734375, 1.30703125, 19.2787109375, 0.6068359375])
array('d', [-26.32734375, 1.30703125, 19.2787109375, -0.1400390625])
array('d', [-27.07421875, -0.37343750000000003, 19.60546875, -0.1400390625])
array('d', [-27.07421875, -0.37343750000000003, 19.60546875, -0.1400390625])
array('d', [-27.07421875, -0.37343750000000003, 19.60546875, -0.1400390625])
array('d', [-27.07421875, -0.37343750000000003, 19.60546875, -0.1400390625])
array('d', [-26.000585937500002, 0.466796875, 19.2787109375, -0.1400390625])
array('d', [-26.654101562500003, 1.1669921875, 19.3720703125, -0.3267578125])
array('d', [-25.9072265625, 0.18671875000000002, 19.60546875, 0.046679687500000004])
array('d', [-25.9072265625, 0.18671875000000002, 19.60546875, 0.046679687500000004])
array('d', [-26.233984375000002, -0.2333984375, 19.3720703125, 0.42011718750000004])
array('d', [-27.120898437500003, -0.5134765625000001, 19.698828125000002, -0.18671875000000002])
array('d', [-27.120898437500003, -0.5134765625000001, 19.2787109375, 0.466796875])
array('d', [-27.120898437500003, -0.5134765625000001, 19.2787109375, 0.466796875])
array('d', [-27.120898437500003, -0.5134765625000001, 19.2787109375, 0.466796875])
array('d', [-26.233984375000002, 0.18671875000000002, 19.2787109375, 0.466796875])
array('d', [-27.541015625, -0.5134765625000001, 19.60546875, -0.0])
array('d', [-25.8138671875, 0.466796875, 19.8388671875, 0.2333984375])
array('d', [-27.3076171875, 0.466796875, 19.2787109375, -0.18671875000000002])
array('d', [-27.3076171875, 0.466796875, 19.2787109375, 0.1400390625])
array('d', [-27.2142578125, 0.6068359375, 19.698828125000002, 0.1400390625])
array('d', [-25.9072265625, -0.2333984375, 19.60546875, 0.42011718750000004])
array('d', [-25.9072265625, -0.2333984375, 19.60546875, 0.42011718750000004])
array('d', [-25.9072265625, -0.2333984375, 19.60546875, 0.42011718750000004])
array('d', [-25.9072265625, -0.2333984375, 19.60546875, 0.42011718750000004])
array('d', [-25.9072265625, -0.2333984375, 19.60546875, 0.42011718750000004])
array('d', [-26.794140625, -0.5134765625000001, 19.2787109375, 0.280078125])
array('d', [-26.794140625, -0.5134765625000001, 19.512109375, -0.18671875000000002])
array('d', [-26.32734375, 0.7468750000000001, 19.512109375, -0.18671875000000002])
array('d', [-26.32734375, 0.7468750000000001, 19.512109375, -0.18671875000000002])
array('d', [-26.32734375, 0.7468750000000001, 19.512109375, -0.18671875000000002])
array('d', [-26.32734375, 0.7468750000000001, 19.512109375, -0.18671875000000002])
array('d', [-25.4404296875, -0.2333984375, 19.1853515625, 0.2333984375])
array('d', [-27.120898437500003, 0.466796875, 19.41875, 0.6068359375])
array('d', [-26.794140625, 0.18671875000000002, 20.3056640625, -0.1400390625])
array('d', [-26.794140625, 0.18671875000000002, 20.3056640625, 0.7001953125])
array('d', [-26.654101562500003, -1.213671875, 19.3720703125, 0.7001953125])
array('d', [-26.794140625, -0.9802734375000001, 19.7455078125, 0.466796875])
array('d', [-26.794140625, 0.8869140625, 19.932226562500002, 0.466796875])
array('d', [-26.794140625, 0.8869140625, 19.932226562500002, 0.466796875])
array('d', [-26.32734375, -0.37343750000000003, 19.3720703125, -0.42011718750000004])
array('d', [-26.887500000000003, -0.7001953125, 19.2787109375, -0.3267578125])
array('d', [-26.887500000000003, -0.7001953125, 19.2787109375, -0.3267578125])
array('d', [-26.7474609375, 0.18671875000000002, 19.60546875, -0.3267578125])
array('d', [-27.6810546875, 0.3267578125, 19.0453125, -0.37343750000000003])
array('d', [-27.6810546875, -0.7935546875, 19.2787109375, 0.280078125])
array('d', [-26.5607421875, -0.7935546875, 19.2787109375, 0.280078125])
array('d', [-26.654101562500003, 0.7468750000000001, 19.512109375, 0.09335937500000001])
array('d', [-27.914453125, -0.9802734375000001, 19.8388671875, 0.046679687500000004])
array('d', [-27.914453125, -0.7001953125, 19.60546875, -0.09335937500000001])
array('d', [-26.233984375000002, -0.7001953125, 19.60546875, -0.09335937500000001])
array('d', [-26.420703125000003, -0.5134765625000001, 19.512109375, 0.6068359375])
array('d', [-27.634375000000002, -0.2333984375, 18.85859375, 0.1400390625])
array('d', [-27.634375000000002, -0.2333984375, 19.512109375, -0.0])
array('d', [-25.9072265625, 1.0269531250000001, 19.512109375, -0.0])
array('d', [-26.32734375, -0.7935546875, 19.60546875, 0.1400390625])
array('d', [-26.32734375, 1.30703125, 19.0453125, -0.3267578125])
array('d', [-26.32734375, 1.30703125, 19.0453125, -0.3267578125])
array('d', [-26.420703125000003, 0.3267578125, 19.60546875, 0.1400390625])
array('d', [-27.2609375, 0.7468750000000001, 19.1853515625, 0.09335937500000001])
array('d', [-26.7474609375, 0.466796875, 19.41875, 0.1400390625])
array('d', [-26.7474609375, 0.466796875, 19.41875, 0.1400390625])
array('d', [-25.487109375000003, -0.5134765625000001, 19.932226562500002, -0.0])
array('d', [-25.487109375000003, -0.09335937500000001, 19.2787109375, -0.0])
array('d', [-26.32734375, -0.09335937500000001, 19.2787109375, -0.0])
array('d', [-26.5607421875, 0.0, 19.1853515625, -0.1400390625])
array('d', [-26.000585937500002, 0.6068359375, 19.2787109375, -0.0])
array('d', [-26.000585937500002, 0.6068359375, 19.2787109375, -0.0])
array('d', [-26.654101562500003, 0.3267578125, 18.951953125, -0.8869140625])
array('d', [-26.794140625, 0.18671875000000002, 19.8388671875, -0.280078125])
array('d', [-26.794140625, 0.18671875000000002, 19.8388671875, -0.1400390625])
array('d', [-26.7474609375, 0.0, 19.8388671875, -0.1400390625])
array('d', [-26.32734375, -0.2333984375, 19.60546875, -0.18671875000000002])
array('d', [-26.32734375, 0.6068359375, 20.0255859375, -0.0])
array('d', [-26.654101562500003, 0.6068359375, 20.0255859375, -0.1400390625])
array('d', [-26.654101562500003, 0.0, 19.512109375, -0.1400390625])
array('d', [-26.420703125000003, -0.7001953125, 19.2787109375, -0.42011718750000004])
array('d', [-26.420703125000003, -0.7001953125, 19.8388671875, 0.046679687500000004])
array('d', [-26.654101562500003, 1.8671875, 19.8388671875, 0.046679687500000004])
array('d', [-25.8138671875, -0.2333984375, 19.3720703125, 0.6068359375])
array('d', [-26.420703125000003, -0.7001953125, 19.60546875, -0.3267578125])
array('d', [-26.420703125000003, -0.7001953125, 19.60546875, 0.1400390625])
array('d', [-26.233984375000002, -0.09335937500000001, 19.512109375, 0.1400390625])
array('d', [-26.887500000000003, -0.09335937500000001, 19.512109375, 0.1400390625])
array('d', [-26.887500000000003, -0.09335937500000001, 19.512109375, 0.1400390625])
array('d', [-26.887500000000003, -0.09335937500000001, 19.512109375, 0.1400390625])
array('d', [-26.887500000000003, 1.30703125, 19.932226562500002, -0.0])
array('d', [-26.233984375000002, 0.466796875, 19.512109375, -0.0])
array('d', [-27.120898437500003, -0.2333984375, 18.85859375, 0.466796875])
array('d', [-27.120898437500003, -0.2333984375, 18.85859375, 0.466796875])
array('d', [-27.120898437500003, -0.37343750000000003, 19.932226562500002, 0.1400390625])
array('d', [-26.32734375, 0.18671875000000002, 19.60546875, -0.1400390625])
array('d', [-26.32734375, 0.18671875000000002, 19.2787109375, -0.18671875000000002])
array('d', [-27.3076171875, -1.213671875, 19.2787109375, -0.18671875000000002])
array('d', [-26.654101562500003, 0.0, 19.932226562500002, -0.6068359375])
array('d', [-27.120898437500003, -1.213671875, 19.60546875, -0.3267578125])
array('d', [-27.120898437500003, -1.213671875, 19.60546875, -0.280078125])
array('d', [-26.887500000000003, 0.466796875, 19.60546875, -0.280078125])
array('d', [-27.2142578125, 0.0, 19.2787109375, 0.046679687500000004])
array('d', [-27.2142578125, -0.7935546875, 19.0453125, -0.0])
array('d', [-27.2142578125, -0.7935546875, 19.0453125, -0.0])
array('d', [-27.2142578125, -0.7935546875, 19.0453125, -0.0])
array('d', [-26.794140625, -0.7001953125, 19.512109375, 0.046679687500000004])
array('d', [-25.767187500000002, 0.3267578125, 20.165625000000002, 0.280078125])
array('d', [-25.767187500000002, 0.3267578125, 20.165625000000002, -0.1400390625])
array('d', [-27.634375000000002, 0.3267578125, 20.165625000000002, -0.1400390625])
array('d', [-26.7474609375, 2.2873046875000003, 18.951953125, 0.1400390625])
array('d', [-26.7474609375, 2.2873046875000003, 19.512109375, 0.2333984375])
array('d', [-26.233984375000002, 0.466796875, 19.512109375, 0.2333984375])
array('d', [-26.794140625, 1.1669921875, 19.60546875, -0.0])
array('d', [-26.7474609375, -1.6804687500000002, 19.8388671875, 0.09335937500000001])
array('d', [-26.7474609375, -0.2333984375, 19.60546875, -0.0])
array('d', [-26.7474609375, 0.3267578125, 19.2787109375, 0.280078125])
array('d', [-26.5607421875, 0.3267578125, 19.2787109375, 0.280078125])
array('d', [-26.32734375, 0.466796875, 19.60546875, -0.3267578125])
array('d', [-26.233984375000002, 0.18671875000000002, 19.60546875, -0.280078125])
array('d', [-26.233984375000002, 0.18671875000000002, 19.60546875, -0.280078125])
array('d', [-26.654101562500003, -0.9802734375000001, 19.8388671875, -0.5134765625000001])
array('d', [-25.767187500000002, 0.6068359375, 19.1853515625, -0.1400390625])
array('d', [-27.07421875, 0.8869140625, 19.2787109375, -0.1400390625])
array('d', [-27.07421875, 0.8869140625, 19.2787109375, 0.7001953125])
array('d', [-26.7474609375, 0.6068359375, 19.60546875, 0.7001953125])
array('d', [-26.7474609375, -0.2333984375, 19.932226562500002, -0.18671875000000002])
array('d', [-26.7474609375, 0.466796875, 19.60546875, 0.09335937500000001])
array('d', [-25.4404296875, 0.466796875, 19.60546875, -0.3267578125])
array('d', [-26.7474609375, 0.466796875, 19.8388671875, -0.3267578125])
array('d', [-27.44765625, 0.466796875, 20.2123046875, 0.280078125])
array('d', [-26.654101562500003, 0.18671875000000002, 19.698828125000002, -0.1400390625])
array('d', [-26.654101562500003, 0.18671875000000002, 19.698828125000002, -0.42011718750000004])
array('d', [-27.2142578125, 0.466796875, 19.932226562500002, -0.42011718750000004])
array('d', [-25.8138671875, 0.466796875, 19.60546875, -0.1400390625])
array('d', [-26.887500000000003, 0.18671875000000002, 19.8388671875, 0.3267578125])
array('d', [-26.887500000000003, 0.18671875000000002, 19.932226562500002, -0.18671875000000002])
array('d', [-26.654101562500003, -0.37343750000000003, 19.932226562500002, -0.18671875000000002])
array('d', [-26.654101562500003, -0.37343750000000003, 19.932226562500002, -0.18671875000000002])
array('d', [-26.654101562500003, -0.37343750000000003, 19.932226562500002, -0.18671875000000002])
array('d', [-26.654101562500003, -0.37343750000000003, 19.932226562500002, -0.18671875000000002])
array('d', [-26.420703125000003, -0.2333984375, 19.2787109375, -0.1400390625])
array('d', [-25.8138671875, 0.18671875000000002, 19.8388671875, -0.1400390625])
array('d', [-27.6810546875, 0.8869140625, 19.932226562500002, 0.280078125])
array('d', [-27.6810546875, 0.8869140625, 19.932226562500002, 0.280078125])
array('d', [-25.9072265625, -0.5134765625000001, 19.1853515625, 0.09335937500000001])
array('d', [-25.9072265625, -0.5134765625000001, 19.698828125000002, 0.3267578125])
array('d', [-26.140625, -0.37343750000000003, 19.698828125000002, 0.3267578125])
array('d', [-27.07421875, 0.18671875000000002, 19.2787109375, 0.09335937500000001])
array('d', [-27.07421875, 0.0, 19.1853515625, 0.3267578125])
array('d', [-26.794140625, 0.0, 19.1853515625, 0.3267578125])
array('d', [-26.32734375, -0.7001953125, 19.512109375, 0.09335937500000001])
array('d', [-26.794140625, -0.2333984375, 18.9052734375, 0.466796875])
array('d', [-26.794140625, -0.2333984375, 19.60546875, -0.18671875000000002])
array('d', [-27.07421875, -0.5134765625000001, 19.60546875, -0.18671875000000002])
array('d', [-26.32734375, 0.7468750000000001, 19.60546875, -0.18671875000000002])
array('d', [-26.32734375, 0.7468750000000001, 19.60546875, -0.18671875000000002])
array('d', [-26.32734375, 0.7468750000000001, 19.60546875, -0.18671875000000002])
array('d', [-27.120898437500003, 0.0, 19.2787109375, -0.0])
array('d', [-27.120898437500003, 0.0, 19.2787109375, -0.0])
array('d', [-26.420703125000003, -1.0736328125, 19.932226562500002, -0.37343750000000003])
array('d', [-26.654101562500003, 0.0, 19.932226562500002, 0.1400390625])
array('d', [-26.654101562500003, 0.0, 19.932226562500002, 0.280078125])
array('d', [-28.101171875000002, 0.466796875, 19.1853515625, 0.280078125])
array('d', [-27.120898437500003, -1.9138671875000002, 19.0453125, 0.046679687500000004])
array('d', [-27.120898437500003, -0.09335937500000001, 20.2123046875, 0.280078125])
array('d', [-26.654101562500003, -0.09335937500000001, 20.2123046875, -1.1669921875])
array('d', [-26.7474609375, -0.2333984375, 20.2123046875, -1.1669921875])
array('d', [-27.2142578125, -0.2333984375, 20.2123046875, -0.1400390625])
array('d', [-25.8138671875, 0.466796875, 19.60546875, -0.0])
array('d', [-25.8138671875, 0.466796875, 19.60546875, -0.3267578125])
array('d', [-26.7474609375, 0.0, 19.2787109375, -0.3267578125])
array('d', [-26.7474609375, 0.0, 19.2787109375, -0.3267578125])
array('d', [-26.7474609375, 0.0, 19.2787109375, -0.3267578125])
array('d', [-26.233984375000002, 0.18671875000000002, 19.2787109375, -0.3267578125])
array('d', [-25.767187500000002, 0.466796875, 19.8388671875, 0.1400390625])
array('d', [-27.2142578125, -0.7001953125, 20.2123046875, 0.046679687500000004])
array('d', [-27.2142578125, -0.7001953125, 20.2123046875, 0.046679687500000004])
array('d', [-27.2142578125, -0.7001953125, 20.2123046875, 0.046679687500000004])
array('d', [-27.2142578125, -0.7001953125, 20.2123046875, 0.046679687500000004])
array('d', [-27.3076171875, -0.7001953125, 20.072265625, 0.046679687500000004])
array('d', [-27.44765625, -1.6804687500000002, 19.60546875, -0.1400390625])
array('d', [-27.44765625, -1.6804687500000002, 19.60546875, -0.42011718750000004])
array('d', [-26.654101562500003, 0.6068359375, 19.2787109375, -0.42011718750000004])
array('d', [-26.140625, -0.5134765625000001, 19.3720703125, -0.1400390625])
array('d', [-26.140625, -0.5134765625000001, 19.1853515625, -0.09335937500000001])
array('d', [-27.120898437500003, -0.09335937500000001, 19.1853515625, -0.09335937500000001])
array('d', [-26.233984375000002, 0.466796875, 19.2787109375, 0.280078125])
array('d', [-27.07421875, -0.37343750000000003, 19.698828125000002, -0.1400390625])
array('d', [-27.07421875, -0.37343750000000003, 19.698828125000002, 0.1400390625])
array('d', [-25.860546875, 0.18671875000000002, 20.2123046875, 0.1400390625])
array('d', [-26.654101562500003, 0.0, 19.2787109375, 0.1400390625])
array('d', [-26.654101562500003, 0.0, 19.8388671875, -0.5134765625000001])
array('d', [-27.2142578125, 0.0, 19.8388671875, -0.5134765625000001])
array('d', [-26.654101562500003, 0.8869140625, 20.165625000000002, 0.046679687500000004])
array('d', [-26.420703125000003, -0.2333984375, 20.165625000000002, 0.1400390625])
array('d', [-26.420703125000003, -0.2333984375, 20.165625000000002, -0.42011718750000004])
array('d', [-26.7474609375, 0.8869140625, 19.2787109375, -0.42011718750000004])
array('d', [-26.7474609375, 0.8869140625, 19.2787109375, -0.42011718750000004])
array('d', [-25.8138671875, -0.2333984375, 19.512109375, 0.2333984375])
array('d', [-27.6810546875, 0.0, 19.932226562500002, 0.1400390625])
array('d', [-27.6810546875, 0.0, 18.7185546875, 0.3267578125])
array('d', [-27.120898437500003, -0.5134765625000001, 18.7185546875, 0.3267578125])
array('d', [-27.07421875, 0.6068359375, 19.8388671875, -0.42011718750000004])
array('d', [-27.07421875, 0.3267578125, 19.60546875, 0.046679687500000004])
array('d', [-26.654101562500003, 0.3267578125, 19.60546875, 0.280078125])
array('d', [-26.420703125000003, 0.0, 19.2787109375, 0.280078125])
array('d', [-25.4404296875, 0.18671875000000002, 19.932226562500002, 0.280078125])
array('d', [-26.233984375000002, -0.2333984375, 18.85859375, -0.0])
array('d', [-26.233984375000002, -0.2333984375, 18.85859375, -0.0])
array('d', [-27.120898437500003, 0.7468750000000001, 19.60546875, -0.0])
array('d', [-27.120898437500003, -0.5134765625000001, 19.8388671875, -0.3267578125])
array('d', [-26.7474609375, -0.5134765625000001, 19.8388671875, -0.3267578125])
array('d', [-26.887500000000003, 0.7001953125, 19.932226562500002, 0.1400390625])
array('d', [-26.887500000000003, 0.7001953125, 19.932226562500002, -0.42011718750000004])
array('d', [-27.07421875, 0.466796875, 19.60546875, -0.42011718750000004])
array('d', [-27.07421875, 0.466796875, 19.60546875, -0.42011718750000004])
array('d', [-27.07421875, 0.466796875, 19.60546875, -0.42011718750000004])
array('d', [-27.120898437500003, 0.466796875, 19.60546875, -0.1400390625])
array('d', [-26.654101562500003, 0.3267578125, 18.9052734375, 0.09335937500000001])
array('d', [-26.654101562500003, -0.2333984375, 19.512109375, 0.280078125])
array('d', [-26.654101562500003, -0.2333984375, 19.512109375, 0.280078125])
array('d', [-26.654101562500003, -0.2333984375, 19.512109375, 0.280078125])
array('d', [-26.654101562500003, -0.2333984375, 19.512109375, 0.280078125])
array('d', [-26.7474609375, -0.5134765625000001, 18.9052734375, 0.280078125])
array('d', [-26.32734375, -0.5134765625000001, 18.9052734375, 0.280078125])
array('d', [-26.654101562500003, -1.213671875, 19.8388671875, 0.046679687500000004])
array('d', [-26.654101562500003, -1.213671875, 19.8388671875, 0.046679687500000004])
array('d', [-26.654101562500003, -1.213671875, 19.8388671875, 0.046679687500000004])
array('d', [-26.654101562500003, -1.213671875, 19.8388671875, 0.046679687500000004])
array('d', [-26.467382812500002, -0.37343750000000003, 19.698828125000002, -0.1400390625])
array('d', [-26.32734375, 1.7271484375000001, 19.2787109375, -0.1400390625])
array('d', [-27.120898437500003, -0.37343750000000003, 19.2787109375, 0.280078125])
array('d', [-27.120898437500003, -0.37343750000000003, 19.2787109375, -0.0])
array('d', [-27.541015625, 1.1669921875, 19.7455078125, -0.0])
array('d', [-26.5607421875, 0.8869140625, 19.60546875, -0.3267578125])
array('d', [-26.000585937500002, -1.0736328125, 19.8388671875, 0.1400390625])
array('d', [-26.000585937500002, -1.0736328125, 19.8388671875, 0.1400390625])
array('d', [-26.000585937500002, -1.0736328125, 19.8388671875, 0.1400390625])
array('d', [-26.000585937500002, -1.0736328125, 19.8388671875, 0.1400390625])
array('d', [-27.07421875, -0.5134765625000001, 19.512109375, -0.0])
array('d', [-27.07421875, -0.5134765625000001, 19.512109375, -0.1400390625])
array('d', [-26.32734375, 0.18671875000000002, 19.60546875, -0.1400390625])
array('d', [-26.654101562500003, 0.18671875000000002, 19.932226562500002, -0.1400390625])
array('d', [-26.32734375, -0.2333984375, 19.932226562500002, -0.0])
array('d', [-26.32734375, 0.466796875, 18.85859375, -0.3267578125])
array('d', [-25.767187500000002, 0.466796875, 18.85859375, -0.3267578125])
array('d', [-27.3076171875, 0.18671875000000002, 19.3720703125, 0.280078125])
array('d', [-27.2142578125, 0.6068359375, 19.60546875, 0.466796875])
array('d', [-26.233984375000002, -0.37343750000000003, 19.2787109375, 0.1400390625])
array('d', [-26.233984375000002, -0.37343750000000003, 19.2787109375, 0.1400390625])
array('d', [-26.233984375000002, 0.18671875000000002, 19.60546875, -0.0])
array('d', [-26.233984375000002, -0.2333984375, 19.512109375, 0.1400390625])
array('d', [-26.654101562500003, -0.2333984375, 19.512109375, 0.1400390625])
array('d', [-26.654101562500003, -0.2333984375, 19.512109375, 0.1400390625])
array('d', [-26.654101562500003, -0.2333984375, 19.512109375, 0.1400390625])
array('d', [-27.120898437500003, -0.2333984375, 19.60546875, -0.1400390625])
array('d', [-26.32734375, 1.8671875, 19.60546875, -0.1400390625])
array('d', [-26.654101562500003, -0.9802734375000001, 18.9052734375, 0.1400390625])
array('d', [-26.654101562500003, -0.9802734375000001, 18.9052734375, 0.1400390625])
array('d', [-26.654101562500003, -0.9802734375000001, 18.9052734375, 0.1400390625])
array('d', [-25.8138671875, -0.2333984375, 19.60546875, -0.09335937500000001])
array('d', [-27.2142578125, -0.2333984375, 19.7455078125, -0.09335937500000001])
array('d', [-27.2142578125, -0.2333984375, 19.60546875, -0.18671875000000002])
array('d', [-27.07421875, -0.2333984375, 19.60546875, -0.18671875000000002])
array('d', [-27.07421875, -0.2333984375, 19.60546875, -0.18671875000000002])
array('d', [-27.9611328125, -0.37343750000000003, 18.951953125, -0.3267578125])
array('d', [-27.9611328125, -0.37343750000000003, 18.951953125, -0.0])
array('d', [-26.420703125000003, 0.7468750000000001, 19.2787109375, -0.0])
array('d', [-26.5607421875, 0.8869140625, 18.9052734375, 0.1400390625])
array('d', [-27.07421875, -0.2333984375, 19.932226562500002, -0.56015625])
array('d', [-27.2142578125, -0.7935546875, 19.3720703125, -0.0])
array('d', [-27.2142578125, -0.7935546875, 19.3720703125, -0.18671875000000002])
array('d', [-27.07421875, -0.09335937500000001, 19.60546875, -0.18671875000000002])
array('d', [-27.07421875, -1.213671875, 19.8388671875, 0.7468750000000001])
array('d', [-27.120898437500003, -0.37343750000000003, 19.60546875, 0.1400390625])
array('d', [-27.120898437500003, -0.37343750000000003, 19.2787109375, -0.5134765625000001])
array('d', [-27.120898437500003, 1.30703125, 19.2787109375, -0.5134765625000001])
array('d', [-27.07421875, 0.18671875000000002, 19.60546875, -0.0])
array('d', [-26.980859375, 0.3267578125, 19.60546875, -0.0])
array('d', [-26.980859375, -0.9802734375000001, 19.8388671875, 0.6068359375])
array('d', [-26.794140625, -0.9802734375000001, 19.512109375, -0.3267578125])
array('d', [-25.8138671875, -0.37343750000000003, 19.512109375, -0.3267578125])
array('d', [-27.07421875, 1.30703125, 19.60546875, -0.0])
array('d', [-27.07421875, 1.30703125, 19.512109375, 0.1400390625])
array('d', [-26.420703125000003, 1.4470703125000002, 19.512109375, 0.1400390625])
array('d', [-25.3470703125, -0.5134765625000001, 19.932226562500002, 0.09335937500000001])
array('d', [-25.767187500000002, 0.8869140625, 20.4923828125, -0.0])
array('d', [-25.767187500000002, 0.8869140625, 20.4923828125, 0.42011718750000004])
array('d', [-25.9072265625, -0.37343750000000003, 19.932226562500002, 0.42011718750000004])
array('d', [-25.9072265625, -0.37343750000000003, 19.932226562500002, 0.42011718750000004])
array('d', [-27.634375000000002, 0.18671875000000002, 19.2787109375, 0.09335937500000001])
array('d', [-26.887500000000003, 0.3267578125, 19.2787109375, 0.09335937500000001])
array('d', [-26.32734375, -1.3537109375, 19.512109375, 0.1400390625])
array('d', [-26.32734375, 0.18671875000000002, 19.1853515625, -0.280078125])
array('d', [-26.5607421875, 0.18671875000000002, 19.1853515625, -0.0])
array('d', [-25.3470703125, 0.8869140625, 19.512109375, -0.0])
array('d', [-26.7474609375, -1.213671875, 19.60546875, -0.42011718750000004])
array('d', [-26.7474609375, -1.213671875, 19.60546875, -0.42011718750000004])
array('d', [-26.7474609375, -1.213671875, 19.60546875, -0.42011718750000004])
array('d', [-27.44765625, -0.5134765625000001, 19.932226562500002, -0.42011718750000004])
array('d', [-27.44765625, -0.5134765625000001, 19.932226562500002, 0.1400390625])
array('d', [-26.654101562500003, -0.09335937500000001, 19.60546875, 0.1400390625])
array('d', [-26.5607421875, -0.09335937500000001, 19.60546875, 0.1400390625])
array('d', [-26.5607421875, -0.09335937500000001, 19.60546875, 0.1400390625])
array('d', [-26.5607421875, -0.09335937500000001, 19.60546875, 0.1400390625])
array('d', [-26.5607421875, 0.3267578125, 19.698828125000002, -0.1400390625])
array('d', [-26.7474609375, 1.30703125, 20.165625000000002, 0.280078125])
array('d', [-26.32734375, -1.3537109375, 19.60546875, -0.0])
array('d', [-26.32734375, -1.3537109375, 19.60546875, -0.0])
array('d', [-26.32734375, -1.3537109375, 19.60546875, -0.0])
array('d', [-26.140625, 0.18671875000000002, 19.60546875, -0.0])
array('d', [-26.233984375000002, 0.3267578125, 19.2787109375, 0.42011718750000004])
array('d', [-26.233984375000002, 0.3267578125, 19.2787109375, -0.3267578125])
array('d', [-26.5607421875, 0.0, 19.932226562500002, -0.3267578125])
array('d', [-27.400976562500002, 0.466796875, 18.9052734375, -0.0])
array('d', [-27.400976562500002, -1.6804687500000002, 19.932226562500002, 0.1400390625])
array('d', [-27.541015625, -1.6804687500000002, 19.932226562500002, 0.1400390625])
array('d', [-26.654101562500003, 0.18671875000000002, 19.60546875, -0.0])
array('d', [-26.233984375000002, 0.466796875, 19.932226562500002, -0.0])
array('d', [-26.233984375000002, 0.466796875, 19.932226562500002, 0.280078125])
array('d', [-26.32734375, -0.7001953125, 19.60546875, 0.280078125])
array('d', [-26.32734375, -0.7001953125, 19.60546875, 0.280078125])
array('d', [-26.140625, -0.7001953125, 19.2787109375, -0.3267578125])
array('d', [-26.140625, -0.9802734375000001, 19.7455078125, -0.3267578125])
array('d', [-26.233984375000002, -0.9802734375000001, 19.7455078125, -0.3267578125])
array('d', [-26.654101562500003, 0.466796875, 19.60546875, 0.09335937500000001])
array('d', [-27.3076171875, -0.37343750000000003, 20.072265625, 0.09335937500000001])
array('d', [-27.3076171875, -0.37343750000000003, 19.8388671875, 0.046679687500000004])
array('d', [-27.541015625, 0.18671875000000002, 19.8388671875, 0.046679687500000004])
array('d', [-27.541015625, -0.2333984375, 19.60546875, -0.6068359375])
array('d', [-25.8138671875, -0.2333984375, 19.60546875, -0.6068359375])
array('d', [-26.654101562500003, 0.18671875000000002, 19.2787109375, -0.18671875000000002])
array('d', [-26.654101562500003, 0.18671875000000002, 19.2787109375, 0.046679687500000004])
array('d', [-26.654101562500003, 0.18671875000000002, 19.2787109375, 0.046679687500000004])
array('d', [-26.654101562500003, 0.18671875000000002, 19.2787109375, 0.046679687500000004])
array('d', [-26.654101562500003, 1.30703125, 19.932226562500002, 0.280078125])
array('d', [-26.654101562500003, 0.3267578125, 19.60546875, 0.1400390625])
array('d', [-26.7474609375, 0.3267578125, 19.60546875, 0.1400390625])
array('d', [-27.120898437500003, 0.8869140625, 19.41875, 0.046679687500000004])
array('d', [-26.7474609375, 0.18671875000000002, 20.165625000000002, -0.1400390625])
array('d', [-26.7474609375, 0.18671875000000002, 19.1853515625, 0.1400390625])
array('d', [-26.654101562500003, -0.7001953125, 19.1853515625, 0.1400390625])
array('d', [-26.654101562500003, -0.7001953125, 19.1853515625, 0.1400390625])
array('d', [-26.654101562500003, -0.7001953125, 19.1853515625, 0.1400390625])
array('d', [-26.654101562500003, -0.7001953125, 19.1853515625, 0.1400390625])
array('d', [-26.654101562500003, -0.7001953125, 19.1853515625, 0.1400390625])
array('d', [-26.654101562500003, -0.7001953125, 19.1853515625, 0.1400390625])
array('d', [-26.887500000000003, -0.09335937500000001, 19.2787109375, -0.1400390625])
array('d', [-27.120898437500003, 0.7468750000000001, 19.60546875, 0.42011718750000004])
array('d', [-27.120898437500003, 1.1669921875, 19.2787109375, 0.1400390625])
array('d', [-27.120898437500003, 1.1669921875, 19.2787109375, 0.1400390625])
array('d', [-27.120898437500003, 1.1669921875, 19.2787109375, 0.1400390625])
array('d', [-27.120898437500003, 1.1669921875, 19.2787109375, 0.1400390625])
array('d', [-26.654101562500003, -1.6804687500000002, 19.2787109375, -0.1400390625])
array('d', [-26.654101562500003, -1.6804687500000002, 19.2787109375, 0.7001953125])
array('d', [-27.07421875, 1.1669921875, 19.60546875, 0.7001953125])
array('d', [-26.7474609375, 1.1669921875, 19.60546875, -0.3267578125])
array('d', [-26.7474609375, 0.466796875, 19.60546875, 0.7935546875])
array('d', [-26.32734375, 0.466796875, 19.60546875, 0.7935546875])
array('d', [-26.420703125000003, 0.18671875000000002, 19.2787109375, -0.1400390625])
array('d', [-26.420703125000003, 0.18671875000000002, 19.2787109375, -0.1400390625])
array('d', [-26.420703125000003, 0.18671875000000002, 19.2787109375, -0.1400390625])
array('d', [-26.32734375, -0.37343750000000003, 19.8388671875, -0.5134765625000001])
array('d', [-26.32734375, 0.466796875, 19.8388671875, 0.653515625])
array('d', [-26.32734375, 0.466796875, 18.9052734375, 0.18671875000000002])
array('d', [-27.07421875, -0.7001953125, 18.9052734375, 0.18671875000000002])
array('d', [-26.654101562500003, 0.9802734375000001, 19.8388671875, -0.1400390625])
array('d', [-26.140625, -0.7001953125, 19.41875, 0.18671875000000002])
array('d', [-26.140625, -0.7001953125, 19.2787109375, -0.0])
array('d', [-26.7474609375, -0.5134765625000001, 19.2787109375, -0.0])
array('d', [-26.654101562500003, 0.0, 19.1853515625, -0.046679687500000004])
array('d', [-26.7474609375, -0.09335937500000001, 20.165625000000002, -0.56015625])
array('d', [-26.7474609375, -0.09335937500000001, 20.165625000000002, -0.56015625])
array('d', [-26.233984375000002, 0.466796875, 19.60546875, 0.280078125])
array('d', [-26.467382812500002, 0.8869140625, 19.60546875, -0.046679687500000004])
array('d', [-27.2142578125, 1.4470703125000002, 19.512109375, -0.2333984375])
array('d', [-27.2142578125, 0.466796875, 19.1853515625, -0.3267578125])
array('d', [-27.2142578125, 0.466796875, 19.8388671875, -0.1400390625])
array('d', [-26.5607421875, -0.2333984375, 19.8388671875, -0.1400390625])
array('d', [-26.654101562500003, -0.5134765625000001, 19.2787109375, 0.280078125])
array('d', [-26.7474609375, -0.09335937500000001, 18.6251953125, -0.42011718750000004])
array('d', [-26.7474609375, -0.09335937500000001, 18.6251953125, 0.466796875])
array('d', [-27.07421875, 0.0, 19.1853515625, 0.466796875])
array('d', [-27.120898437500003, -1.0736328125, 19.2787109375, -0.6068359375])
array('d', [-26.233984375000002, 0.6068359375, 18.951953125, -0.42011718750000004])
array('d', [-26.233984375000002, 0.6068359375, 19.2787109375, -0.1400390625])
array('d', [-26.654101562500003, 0.6068359375, 19.2787109375, -0.1400390625])
array('d', [-27.07421875, -0.5134765625000001, 19.1853515625, 0.466796875])
array('d', [-27.07421875, -0.5134765625000001, 19.3720703125, 0.7935546875])
array('d', [-26.654101562500003, -0.37343750000000003, 19.3720703125, 0.7935546875])
array('d', [-26.7474609375, -0.37343750000000003, 19.3720703125, 0.7935546875])
array('d', [-26.7474609375, -0.37343750000000003, 19.3720703125, 0.7935546875])
array('d', [-26.7474609375, -0.37343750000000003, 19.698828125000002, -0.0])
array('d', [-26.794140625, -0.5134765625000001, 19.8388671875, 0.09335937500000001])
array('d', [-26.7474609375, 0.8869140625, 19.7455078125, 0.09335937500000001])
array('d', [-26.7474609375, 0.8869140625, 19.7455078125, 0.09335937500000001])
array('d', [-27.120898437500003, -0.2333984375, 19.60546875, -0.09335937500000001])
array('d', [-25.253710937500003, -0.5134765625000001, 19.2787109375, -0.0])
array('d', [-25.253710937500003, -0.5134765625000001, 19.1853515625, 0.37343750000000003])
array('d', [-26.654101562500003, -0.7001953125, 19.1853515625, 0.37343750000000003])
array('d', [-27.2142578125, 0.6068359375, 19.60546875, -0.3267578125])
array('d', [-26.32734375, 0.466796875, 19.932226562500002, 0.18671875000000002])
array('d', [-26.32734375, 0.466796875, 19.60546875, 0.18671875000000002])
array('d', [-27.120898437500003, -0.09335937500000001, 19.60546875, 0.18671875000000002])
array('d', [-26.233984375000002, -0.09335937500000001, 19.60546875, -0.1400390625])
array('d', [-27.120898437500003, 0.6068359375, 19.2787109375, 0.18671875000000002])
array('d', [-27.120898437500003, 0.6068359375, 19.2787109375, 0.18671875000000002])
array('d', [-27.120898437500003, 0.6068359375, 19.2787109375, 0.18671875000000002])
array('d', [-27.120898437500003, 0.6068359375, 19.2787109375, 0.18671875000000002])
array('d', [-27.120898437500003, 0.6068359375, 19.2787109375, 0.18671875000000002])
array('d', [-27.120898437500003, 0.6068359375, 19.2787109375, 0.18671875000000002])
array('d', [-27.120898437500003, 0.6068359375, 19.2787109375, 0.18671875000000002])
array('d', [-26.7474609375, 0.18671875000000002, 20.072265625, -0.0])
array('d', [-26.233984375000002, 0.466796875, 19.41875, 0.09335937500000001])
array('d', [-26.233984375000002, 0.466796875, 19.41875, -0.2333984375])
array('d', [-28.054492187500003, 1.1669921875, 19.2787109375, -0.2333984375])
array('d', [-26.5607421875, -0.09335937500000001, 20.072265625, -0.1400390625])
array('d', [-26.5607421875, -0.2333984375, 19.8388671875, 0.18671875000000002])
array('d', [-26.7474609375, -0.2333984375, 19.8388671875, -0.42011718750000004])
array('d', [-25.9072265625, 0.466796875, 19.8388671875, -0.42011718750000004])
array('d', [-27.44765625, 0.3267578125, 19.932226562500002, -0.1400390625])
array('d', [-26.7474609375, -0.7001953125, 19.932226562500002, -0.42011718750000004])
array('d', [-26.7474609375, -0.7001953125, 19.932226562500002, -0.42011718750000004])
array('d', [-26.7474609375, -0.7001953125, 19.932226562500002, -0.42011718750000004])
array('d', [-26.420703125000003, 0.3267578125, 20.165625000000002, 0.18671875000000002])
array('d', [-27.634375000000002, 0.466796875, 19.2787109375, 0.18671875000000002])
array('d', [-27.634375000000002, -0.09335937500000001, 20.165625000000002, 0.2333984375])
array('d', [-27.634375000000002, -0.09335937500000001, 20.165625000000002, 0.2333984375])
array('d', [-27.634375000000002, -0.09335937500000001, 20.165625000000002, 0.2333984375])
array('d', [-27.634375000000002, -0.09335937500000001, 20.165625000000002, 0.2333984375])
array('d', [-27.634375000000002, -0.09335937500000001, 20.165625000000002, 0.2333984375])
array('d', [-26.7474609375, 0.8869140625, 19.8388671875, 0.6068359375])
array('d', [-27.120898437500003, 0.8869140625, 19.8388671875, 0.6068359375])
array('d', [-26.233984375000002, -0.9802734375000001, 18.9052734375, -0.5134765625000001])
array('d', [-27.07421875, 0.466796875, 19.512109375, 0.18671875000000002])
array('d', [-27.07421875, -0.2333984375, 19.932226562500002, -0.2333984375])
array('d', [-25.8138671875, -0.2333984375, 19.932226562500002, -0.2333984375])
array('d', [-26.000585937500002, 0.0, 19.41875, 0.046679687500000004])
array('d', [-26.000585937500002, 0.6068359375, 19.3720703125, 0.6068359375])
array('d', [-26.233984375000002, 0.6068359375, 19.3720703125, 0.6068359375])
array('d', [-26.794140625, 0.0, 20.2123046875, 0.046679687500000004])
array('d', [-26.420703125000003, -0.2333984375, 19.2787109375, -0.2333984375])
array('d', [-26.420703125000003, -0.2333984375, 19.2787109375, -0.2333984375])
array('d', [-26.420703125000003, -0.2333984375, 19.2787109375, -0.2333984375])
array('d', [-26.420703125000003, 0.466796875, 19.512109375, 0.466796875])
array('d', [-26.7474609375, 0.466796875, 19.512109375, 0.466796875])
array('d', [-26.794140625, -1.213671875, 19.932226562500002, 0.09335937500000001])
array('d', [-26.7474609375, -1.213671875, 19.932226562500002, 0.09335937500000001])
array('d', [-26.7474609375, -1.213671875, 19.932226562500002, 0.09335937500000001])
array('d', [-26.7474609375, -1.213671875, 19.932226562500002, 0.09335937500000001])
array('d', [-26.7474609375, 0.0, 19.698828125000002, -0.18671875000000002])
array('d', [-26.887500000000003, 0.0, 19.2787109375, -0.0])
array('d', [-26.7474609375, 0.8869140625, 19.1853515625, -0.2333984375])
array('d', [-26.7474609375, 0.8869140625, 19.1853515625, -0.2333984375])
array('d', [-26.7474609375, 0.8869140625, 19.1853515625, -0.2333984375])
array('d', [-26.7474609375, 0.8869140625, 19.1853515625, -0.2333984375])
array('d', [-26.654101562500003, -0.09335937500000001, 19.60546875, -0.0])
array('d', [-26.980859375, 0.466796875, 19.60546875, 0.7001953125])
array('d', [-26.980859375, 0.466796875, 19.60546875, 0.653515625])
array('d', [-27.07421875, -0.2333984375, 19.2787109375, 0.653515625])
array('d', [-27.07421875, 0.0, 19.7455078125, -0.42011718750000004])
array('d', [-26.794140625, -0.2333984375, 19.60546875, 0.18671875000000002])
array('d', [-26.794140625, -0.2333984375, 19.60546875, -0.6068359375])
array('d', [-26.233984375000002, 0.466796875, 19.2787109375, -0.6068359375])
array('d', [-27.07421875, 0.18671875000000002, 19.60546875, -0.1400390625])
array('d', [-27.07421875, -0.7001953125, 20.2123046875, -0.18671875000000002])
array('d', [-27.07421875, 0.0, 19.8388671875, -0.0])
array('d', [-26.654101562500003, 0.18671875000000002, 19.0453125, 0.42011718750000004])
array('d', [-27.541015625, 0.18671875000000002, 19.0453125, 0.42011718750000004])
array('d', [-27.120898437500003, -0.09335937500000001, 19.1853515625, 0.09335937500000001])
array('d', [-26.5607421875, 0.466796875, 19.7455078125, 0.653515625])
array('d', [-26.5607421875, 0.466796875, 19.512109375, -0.42011718750000004])
array('d', [-27.07421875, -0.5134765625000001, 19.512109375, -0.42011718750000004])
array('d', [-27.07421875, -0.5134765625000001, 19.512109375, -0.42011718750000004])
array('d', [-27.07421875, -0.5134765625000001, 19.512109375, -0.42011718750000004])
array('d', [-27.2142578125, -0.9802734375000001, 19.1853515625, -0.7935546875])
array('d', [-26.794140625, 0.18671875000000002, 19.698828125000002, -0.42011718750000004])
array('d', [-26.5607421875, 0.8869140625, 19.932226562500002, -0.1400390625])
array('d', [-26.5607421875, 0.8869140625, 19.932226562500002, -0.1400390625])
array('d', [-26.5607421875, 0.8869140625, 19.932226562500002, -0.1400390625])
array('d', [-27.400976562500002, -0.09335937500000001, 20.2123046875, 0.42011718750000004])
array('d', [-27.400976562500002, -0.09335937500000001, 19.60546875, -0.0])
array('d', [-27.44765625, -0.5134765625000001, 19.60546875, -0.0])
array('d', [-26.187304687500003, -0.5134765625000001, 19.60546875, -0.0])
array('d', [-26.187304687500003, -0.2333984375, 19.3720703125, -0.56015625])
array('d', [-27.44765625, -0.5134765625000001, 19.512109375, 0.42011718750000004])
array('d', [-25.720507812500003, 0.18671875000000002, 19.60546875, 0.37343750000000003])
array('d', [-25.720507812500003, 0.18671875000000002, 19.1853515625, 0.046679687500000004])
array('d', [-26.654101562500003, -0.2333984375, 19.1853515625, 0.046679687500000004])
array('d', [-26.233984375000002, 1.1669921875, 19.41875, 0.37343750000000003])
array('d', [-26.654101562500003, 0.18671875000000002, 19.932226562500002, -0.0])
array('d', [-26.654101562500003, 0.18671875000000002, 19.932226562500002, -0.0])
array('d', [-26.233984375000002, -0.9802734375000001, 19.138671875, 0.6068359375])
array('d', [-25.8138671875, 0.18671875000000002, 19.512109375, 0.046679687500000004])
array('d', [-25.8138671875, 0.18671875000000002, 19.60546875, -0.1400390625])
array('d', [-25.8138671875, 0.18671875000000002, 19.60546875, -0.1400390625])
array('d', [-25.8138671875, 0.18671875000000002, 19.60546875, -0.1400390625])
array('d', [-26.5607421875, 0.18671875000000002, 19.60546875, -0.1400390625])
array('d', [-27.07421875, 1.0269531250000001, 19.8388671875, 0.09335937500000001])
array('d', [-27.07421875, 0.8869140625, 18.9052734375, 0.466796875])
array('d', [-26.980859375, 0.8869140625, 18.9052734375, 0.466796875])
array('d', [-26.980859375, 0.8869140625, 18.9052734375, 0.466796875])
array('d', [-26.887500000000003, 0.8869140625, 19.932226562500002, -0.1400390625])
array('d', [-27.07421875, -0.2333984375, 19.932226562500002, 0.046679687500000004])
array('d', [-27.07421875, -0.2333984375, 19.932226562500002, 0.42011718750000004])
array('d', [-26.187304687500003, -0.2333984375, 19.932226562500002, 0.42011718750000004])
array('d', [-26.187304687500003, -0.2333984375, 19.932226562500002, 0.42011718750000004])
array('d', [-26.187304687500003, -0.2333984375, 19.932226562500002, 0.42011718750000004])
array('d', [-27.07421875, 0.7001953125, 19.60546875, 0.09335937500000001])
array('d', [-27.07421875, 0.7001953125, 19.60546875, 0.09335937500000001])
array('d', [-26.980859375, 0.18671875000000002, 19.932226562500002, 0.046679687500000004])
array('d', [-26.5607421875, -0.09335937500000001, 19.932226562500002, 0.046679687500000004])
array('d', [-26.5607421875, -0.09335937500000001, 19.60546875, 0.6068359375])
array('d', [-26.0939453125, -1.0736328125, 19.2787109375, 0.6068359375])
array('d', [-26.7474609375, 0.046679687500000004, 18.951953125, 0.18671875000000002])
array('d', [-25.8138671875, -0.37343750000000003, 19.1853515625, -0.046679687500000004])
array('d', [-25.8138671875, -0.37343750000000003, 19.1853515625, 0.37343750000000003])
array('d', [-26.654101562500003, -0.9802734375000001, 19.8388671875, 0.37343750000000003])
array('d', [-26.187304687500003, -0.7935546875, 19.8388671875, 0.046679687500000004])
array('d', [-26.187304687500003, -0.7935546875, 20.165625000000002, -0.5134765625000001])
array('d', [-26.980859375, 0.466796875, 20.165625000000002, -0.5134765625000001])
array('d', [-26.32734375, 0.18671875000000002, 19.2787109375, -0.42011718750000004])
array('d', [-27.541015625, -0.2333984375, 19.2787109375, -0.42011718750000004])
array('d', [-27.541015625, -0.2333984375, 19.2787109375, -0.42011718750000004])
array('d', [-27.541015625, -0.2333984375, 19.8388671875, -0.2333984375])
array('d', [-26.233984375000002, -0.2333984375, 18.7185546875, -0.56015625])
array('d', [-27.541015625, 0.18671875000000002, 18.9052734375, 0.280078125])
array('d', [-27.541015625, 0.18671875000000002, 18.9052734375, 0.280078125])
array('d', [-25.9072265625, -0.2333984375, 20.2123046875, -0.0])
array('d', [-27.07421875, -0.5134765625000001, 19.2787109375, -0.0])
array('d', [-26.654101562500003, -0.09335937500000001, 19.41875, 0.466796875])
array('d', [-26.654101562500003, -0.09335937500000001, 19.41875, -0.1400390625])
array('d', [-27.07421875, 0.0, 19.8388671875, -0.1400390625])
array('d', [-27.07421875, 0.18671875000000002, 20.258984375, -0.3267578125])
array('d', [-26.187304687500003, 1.400390625, 19.1853515625, -0.3267578125])
array('d', [-26.187304687500003, 1.400390625, 19.1853515625, -0.3267578125])
array('d', [-27.07421875, 0.6068359375, 19.2787109375, -0.046679687500000004])
array('d', [-27.07421875, -0.1400390625, 19.2787109375, 0.7935546875])
array('d', [-27.07421875, -0.1400390625, 20.0255859375, 0.42011718750000004])
array('d', [-26.187304687500003, -0.2333984375, 20.0255859375, 0.42011718750000004])
array('d', [-27.44765625, 1.1669921875, 19.41875, 0.18671875000000002])
array('d', [-27.07421875, 0.0, 19.60546875, -0.0])
array('d', [-26.654101562500003, 0.466796875, 19.932226562500002, -0.0])
array('d', [-26.654101562500003, 0.466796875, 19.7455078125, 0.18671875000000002])
array('d', [-25.8138671875, 0.18671875000000002, 19.7455078125, 0.18671875000000002])
array('d', [-25.8138671875, 0.18671875000000002, 19.7455078125, 0.18671875000000002])
array('d', [-25.8138671875, 0.18671875000000002, 19.7455078125, 0.18671875000000002])
array('d', [-27.07421875, -2.9875000000000003, 19.932226562500002, 0.09335937500000001])
array('d', [-26.654101562500003, 0.466796875, 19.932226562500002, -0.3267578125])
array('d', [-27.867773437500002, 0.7468750000000001, 19.2787109375, -0.18671875000000002])
array('d', [-27.867773437500002, 0.7468750000000001, 19.2787109375, -0.3267578125])
array('d', [-26.654101562500003, 0.0, 19.60546875, -0.3267578125])
array('d', [-25.8138671875, 0.18671875000000002, 20.0255859375, 0.6068359375])
array('d', [-26.5607421875, 0.18671875000000002, 18.8119140625, 0.37343750000000003])
array('d', [-26.5607421875, 0.18671875000000002, 18.8119140625, 0.37343750000000003])
array('d', [-26.654101562500003, 0.18671875000000002, 18.951953125, 0.466796875])
array('d', [-26.5607421875, 1.1669921875, 19.8388671875, -0.09335937500000001])
array('d', [-26.5607421875, 1.1669921875, 19.8388671875, -0.09335937500000001])
array('d', [-26.5607421875, 1.1669921875, 19.8388671875, -0.09335937500000001])
array('d', [-26.5607421875, 1.1669921875, 19.8388671875, -0.09335937500000001])
array('d', [-27.07421875, -0.7001953125, 19.512109375, -0.42011718750000004])
array('d', [-26.187304687500003, 0.466796875, 19.2787109375, 0.18671875000000002])
array('d', [-26.187304687500003, 0.466796875, 19.2787109375, 0.18671875000000002])
array('d', [-26.32734375, -0.37343750000000003, 19.2787109375, 0.18671875000000002])
array('d', [-26.32734375, 0.3267578125, 19.2787109375, 0.18671875000000002])
array('d', [-26.654101562500003, 0.3267578125, 19.2787109375, 0.18671875000000002])
array('d', [-27.120898437500003, 0.3267578125, 19.932226562500002, -0.2333984375])
array('d', [-27.120898437500003, 0.3267578125, 19.932226562500002, -0.2333984375])
array('d', [-27.120898437500003, 0.3267578125, 19.932226562500002, -0.2333984375])
array('d', [-27.541015625, 0.18671875000000002, 19.932226562500002, -0.3267578125])
array('d', [-27.07421875, 0.466796875, 19.932226562500002, -0.3267578125])
array('d', [-26.980859375, -0.93359375, 19.41875, -0.1400390625])
array('d', [-26.980859375, -0.93359375, 19.1853515625, 0.18671875000000002])
array('d', [-27.07421875, -0.93359375, 19.1853515625, 0.18671875000000002])
array('d', [-26.7474609375, -0.2333984375, 19.60546875, 0.466796875])
array('d', [-27.44765625, -0.5134765625000001, 19.932226562500002, 0.466796875])
array('d', [-25.767187500000002, 0.6068359375, 19.1853515625, -0.0])
array('d', [-25.767187500000002, 0.6068359375, 19.1853515625, 0.09335937500000001])
array('d', [-27.07421875, -0.2333984375, 19.41875, 0.09335937500000001])
array('d', [-26.187304687500003, 0.18671875000000002, 19.2787109375, -0.0])
array('d', [-26.187304687500003, 0.18671875000000002, 19.60546875, 0.466796875])
array('d', [-26.7474609375, 0.18671875000000002, 19.60546875, 0.466796875])
array('d', [-26.654101562500003, 0.8869140625, 19.60546875, 0.18671875000000002])
array('d', [-27.07421875, 0.18671875000000002, 19.60546875, 0.18671875000000002])
array('d', [-27.07421875, 0.18671875000000002, 19.60546875, 0.42011718750000004])
array('d', [-26.7474609375, -0.7935546875, 19.60546875, 0.42011718750000004])
array('d', [-26.980859375, 0.0, 19.2787109375, 0.6068359375])
array('d', [-27.2142578125, -0.7001953125, 19.8388671875, 0.466796875])
array('d', [-27.2142578125, -0.7001953125, 19.8388671875, 0.466796875])
array('d', [-25.767187500000002, -0.2333984375, 20.165625000000002, 0.046679687500000004])
array('d', [-26.654101562500003, 0.466796875, 19.60546875, -0.0])
array('d', [-26.654101562500003, 0.466796875, 19.932226562500002, -0.3267578125])
array('d', [-27.587695312500003, -0.2333984375, 19.932226562500002, -0.3267578125])
array('d', [-27.541015625, 0.18671875000000002, 19.3720703125, 0.280078125])
array('d', [-27.541015625, 0.18671875000000002, 19.3720703125, 0.280078125])
array('d', [-27.541015625, 0.18671875000000002, 19.3720703125, 0.280078125])
array('d', [-27.541015625, 0.18671875000000002, 19.3720703125, 0.280078125])
array('d', [-27.120898437500003, 0.466796875, 19.2787109375, -0.3267578125])
array('d', [-26.5607421875, 0.0, 19.2787109375, -0.1400390625])
array('d', [-26.5607421875, 0.0, 19.60546875, -0.0])
array('d', [-26.5607421875, 0.0, 19.60546875, -0.0])
array('d', [-26.5607421875, 0.0, 19.60546875, -0.0])
array('d', [-26.5607421875, 0.0, 19.60546875, -0.0])
array('d', [-26.5607421875, 0.0, 19.60546875, -0.0])
array('d', [-26.32734375, -0.2333984375, 19.512109375, -0.42011718750000004])
array('d', [-26.32734375, -0.2333984375, 19.512109375, -0.42011718750000004])
array('d', [-25.720507812500003, 0.466796875, 19.7455078125, 0.6068359375])
array('d', [-27.120898437500003, 0.466796875, 19.7455078125, 0.6068359375])
array('d', [-27.120898437500003, 0.466796875, 19.2787109375, -0.1400390625])
array('d', [-26.654101562500003, -0.09335937500000001, 19.3720703125, -0.1400390625])
array('d', [-26.654101562500003, -0.5134765625000001, 19.7455078125, -0.1400390625])
array('d', [-26.5607421875, -0.5134765625000001, 19.7455078125, -0.1400390625])
array('d', [-26.5607421875, -0.5134765625000001, 19.7455078125, -0.1400390625])
array('d', [-26.5607421875, 0.466796875, 19.512109375, 0.09335937500000001])
array('d', [-27.120898437500003, 0.466796875, 19.512109375, 0.09335937500000001])
array('d', [-26.5140625, -0.2333984375, 19.3720703125, -0.0])
array('d', [-27.400976562500002, -0.09335937500000001, 18.9052734375, -0.0])
array('d', [-27.400976562500002, -0.09335937500000001, 18.9052734375, -0.0])
array('d', [-27.400976562500002, -0.09335937500000001, 19.3720703125, 0.18671875000000002])
array('d', [-26.7474609375, -0.5134765625000001, 19.3720703125, 0.18671875000000002])
array('d', [-26.794140625, -0.09335937500000001, 19.2787109375, -0.0])
array('d', [-26.5140625, 0.18671875000000002, 18.85859375, 0.18671875000000002])
array('d', [-26.5140625, 0.18671875000000002, 18.85859375, 0.18671875000000002])
array('d', [-27.120898437500003, -1.213671875, 19.60546875, 0.18671875000000002])
array('d', [-26.654101562500003, 0.0, 20.072265625, -0.3267578125])
array('d', [-26.654101562500003, 0.0, 20.072265625, -0.3267578125])
array('d', [-26.654101562500003, 0.0, 20.072265625, -0.3267578125])
array('d', [-26.5140625, -0.7001953125, 19.2787109375, 0.42011718750000004])
array('d', [-26.5140625, -0.7001953125, 19.2787109375, 0.466796875])
array('d', [-26.187304687500003, -0.2333984375, 19.2787109375, 0.466796875])
array('d', [-27.07421875, -0.5134765625000001, 19.8388671875, 0.7001953125])
array('d', [-26.7474609375, -0.5134765625000001, 19.60546875, -0.18671875000000002])
array('d', [-26.7474609375, -0.5134765625000001, 19.60546875, -0.18671875000000002])
array('d', [-26.980859375, -0.6068359375, 19.932226562500002, 0.09335937500000001])
array('d', [-26.5140625, 0.466796875, 19.932226562500002, 0.18671875000000002])
array('d', [-26.5140625, 0.466796875, 19.2787109375, 0.18671875000000002])
array('d', [-27.07421875, 1.8671875, 19.2787109375, 0.18671875000000002])
array('d', [-26.187304687500003, 0.0, 18.9052734375, -0.93359375])
array('d', [-26.187304687500003, 0.0, 18.9052734375, -0.93359375])
array('d', [-26.187304687500003, 0.0, 18.9052734375, -0.93359375])
array('d', [-26.0939453125, -0.09335937500000001, 19.2787109375, 0.42011718750000004])
array('d', [-26.0939453125, -0.09335937500000001, 19.2787109375, -0.0])
array('d', [-26.32734375, 0.0, 19.60546875, -0.0])
array('d', [-26.187304687500003, -0.09335937500000001, 19.60546875, 0.653515625])
array('d', [-27.44765625, 0.466796875, 19.932226562500002, 0.280078125])
array('d', [-27.44765625, 0.466796875, 19.932226562500002, 0.280078125])
array('d', [-26.654101562500003, 0.8869140625, 19.1853515625, -0.3267578125])
array('d', [-26.654101562500003, 0.8869140625, 19.1853515625, -0.3267578125])
array('d', [-26.654101562500003, 0.8869140625, 19.1853515625, -0.3267578125])
array('d', [-26.654101562500003, 0.8869140625, 19.1853515625, -0.3267578125])
array('d', [-25.8138671875, -0.7935546875, 19.1853515625, -0.3267578125])
array('d', [-26.654101562500003, 0.0, 19.2787109375, -0.56015625])
array('d', [-26.654101562500003, 0.0, 19.2787109375, -0.3267578125])
array('d', [-26.233984375000002, 0.8869140625, 19.2787109375, -0.3267578125])
array('d', [-26.794140625, 0.18671875000000002, 19.0453125, -0.0])
array('d', [-26.794140625, 0.18671875000000002, 19.0453125, 0.280078125])
array('d', [-26.654101562500003, 0.18671875000000002, 18.951953125, 0.280078125])
array('d', [-26.654101562500003, 0.18671875000000002, 18.951953125, 0.280078125])
array('d', [-26.654101562500003, 0.18671875000000002, 18.951953125, 0.280078125])
array('d', [-26.654101562500003, -1.0736328125, 19.512109375, -0.18671875000000002])
array('d', [-26.32734375, 0.6068359375, 19.698828125000002, -0.42011718750000004])
array('d', [-27.120898437500003, -0.5134765625000001, 19.41875, -0.0])
array('d', [-27.120898437500003, -0.5134765625000001, 19.41875, -0.0])
array('d', [-27.120898437500003, -0.5134765625000001, 19.41875, -0.0])
array('d', [-27.120898437500003, -0.5134765625000001, 19.41875, -0.0])
array('d', [-27.120898437500003, -0.5134765625000001, 19.41875, -0.0])
array('d', [-26.5140625, 1.1669921875, 19.2787109375, 0.18671875000000002])
array('d', [-26.5140625, 1.1669921875, 19.2787109375, -0.42011718750000004])
array('d', [-26.654101562500003, 0.0, 19.1853515625, -0.42011718750000004])
array('d', [-26.654101562500003, -0.7001953125, 19.60546875, -0.1400390625])
array('d', [-26.654101562500003, -0.7001953125, 19.60546875, -0.1400390625])
array('d', [-26.654101562500003, -0.7001953125, 19.60546875, -0.1400390625])
array('d', [-26.654101562500003, -0.7001953125, 19.60546875, -0.1400390625])
array('d', [-26.654101562500003, -0.7001953125, 19.60546875, -0.1400390625])
array('d', [-26.654101562500003, -0.2333984375, 19.2787109375, -0.0])
array('d', [-26.187304687500003, -0.2333984375, 19.2787109375, -0.0])
array('d', [-26.187304687500003, 0.8869140625, 19.7455078125, -0.2333984375])
array('d', [-26.187304687500003, 0.8869140625, 19.7455078125, -0.2333984375])
array('d', [-26.187304687500003, 0.8869140625, 19.7455078125, -0.2333984375])
array('d', [-27.120898437500003, -0.09335937500000001, 19.932226562500002, -0.3267578125])
array('d', [-26.654101562500003, -0.7001953125, 19.60546875, -0.1400390625])
array('d', [-26.654101562500003, 1.8671875, 19.932226562500002, 0.280078125])
array('d', [-27.2142578125, 1.8671875, 19.932226562500002, 0.280078125])
array('d', [-26.654101562500003, 0.466796875, 18.951953125, 0.6068359375])
array('d', [-27.07421875, 0.18671875000000002, 19.60546875, -0.1400390625])
array('d', [-27.07421875, 0.18671875000000002, 19.60546875, -0.1400390625])
array('d', [-27.07421875, 0.18671875000000002, 19.60546875, -0.1400390625])
array('d', [-27.07421875, 0.18671875000000002, 19.60546875, -0.1400390625])
array('d', [-27.07421875, 0.18671875000000002, 19.60546875, -0.1400390625])
array('d', [-27.587695312500003, 0.0, 19.60546875, -0.1400390625])
array('d', [-26.7474609375, -1.213671875, 19.60546875, -0.1400390625])
array('d', [-26.654101562500003, 0.466796875, 19.60546875, 0.7001953125])
array('d', [-26.7474609375, 0.466796875, 19.932226562500002, 0.37343750000000003])
array('d', [-26.7474609375, 0.466796875, 19.932226562500002, -0.56015625])
array('d', [-26.654101562500003, 1.8671875, 19.512109375, -0.56015625])
array('d', [-27.44765625, 0.18671875000000002, 19.932226562500002, -0.42011718750000004])
array('d', [-27.44765625, 0.18671875000000002, 19.932226562500002, -0.42011718750000004])
array('d', [-27.44765625, 0.18671875000000002, 19.932226562500002, -0.42011718750000004])
array('d', [-27.44765625, 0.18671875000000002, 19.932226562500002, -0.42011718750000004])
array('d', [-26.0939453125, 0.8869140625, 19.2787109375, 0.046679687500000004])
array('d', [-26.0939453125, -1.213671875, 19.512109375, -0.42011718750000004])
array('d', [-26.0939453125, -1.213671875, 19.512109375, -0.42011718750000004])
array('d', [-26.654101562500003, 0.0, 19.932226562500002, 0.18671875000000002])
array('d', [-27.541015625, -0.7001953125, 19.2787109375, -0.1400390625])
array('d', [-27.541015625, -0.7001953125, 19.932226562500002, 0.466796875])
array('d', [-26.233984375000002, -0.2333984375, 19.932226562500002, 0.466796875])
array('d', [-26.233984375000002, -0.2333984375, 19.932226562500002, 0.466796875])
array('d', [-26.233984375000002, -0.2333984375, 19.932226562500002, 0.466796875])
array('d', [-26.233984375000002, -0.2333984375, 19.932226562500002, 0.466796875])
array('d', [-26.5607421875, -0.5134765625000001, 18.951953125, 0.09335937500000001])
array('d', [-27.541015625, 0.6068359375, 19.41875, -0.0])
array('d', [-27.541015625, -0.5134765625000001, 19.60546875, 0.466796875])
array('d', [-27.541015625, -0.5134765625000001, 19.60546875, 0.466796875])
array('d', [-27.120898437500003, -2.0072265625, 19.932226562500002, 0.09335937500000001])
array('d', [-27.120898437500003, -2.0072265625, 19.2787109375, -0.6068359375])
array('d', [-26.233984375000002, 1.6804687500000002, 19.2787109375, -0.6068359375])
array('d', [-26.233984375000002, 1.6804687500000002, 19.2787109375, -0.6068359375])
array('d', [-26.233984375000002, 1.6804687500000002, 19.2787109375, -0.6068359375])
array('d', [-26.233984375000002, 1.6804687500000002, 19.2787109375, -0.6068359375])
array('d', [-26.233984375000002, -0.37343750000000003, 19.2787109375, 0.7468750000000001])
array('d', [-26.654101562500003, 0.7001953125, 19.932226562500002, -0.42011718750000004])
array('d', [-27.541015625, 0.0, 19.8388671875, -0.18671875000000002])
array('d', [-27.541015625, 0.0, 19.8388671875, -0.18671875000000002])
array('d', [-25.720507812500003, -0.7001953125, 19.1853515625, -0.1400390625])
array('d', [-27.541015625, 0.3267578125, 19.60546875, -0.56015625])
array('d', [-27.07421875, 0.466796875, 19.698828125000002, 0.466796875])
array('d', [-27.07421875, 0.466796875, 19.698828125000002, 0.466796875])
array('d', [-27.07421875, 0.466796875, 19.698828125000002, 0.466796875])
array('d', [-26.187304687500003, -0.7001953125, 19.512109375, 0.280078125])
array('d', [-26.187304687500003, -0.7001953125, 19.2787109375, 0.046679687500000004])
array('d', [-26.32734375, -0.93359375, 19.2787109375, 0.046679687500000004])
array('d', [-26.32734375, -0.93359375, 19.2787109375, 0.046679687500000004])
array('d', [-26.32734375, -0.93359375, 19.2787109375, 0.046679687500000004])
array('d', [-27.07421875, -0.09335937500000001, 19.2787109375, -0.0])
array('d', [-26.654101562500003, 0.0, 19.60546875, -0.1400390625])
array('d', [-26.5607421875, -1.3537109375, 19.932226562500002, -0.2333984375])
array('d', [-26.5607421875, -1.3537109375, 19.932226562500002, 0.18671875000000002])
array('d', [-27.07421875, -0.7001953125, 19.41875, 0.18671875000000002])
array('d', [-26.654101562500003, -0.2333984375, 19.932226562500002, 0.653515625])
array('d', [-26.187304687500003, 0.466796875, 19.512109375, -0.2333984375])
array('d', [-26.187304687500003, 0.466796875, 19.512109375, -0.2333984375])
array('d', [-26.187304687500003, 0.466796875, 19.512109375, -0.1400390625])
array('d', [-26.187304687500003, 0.0, 18.951953125, -0.1400390625])
array('d', [-26.654101562500003, -0.93359375, 19.512109375, -0.1400390625])
array('d', [-26.654101562500003, -0.93359375, 19.512109375, -0.1400390625])
array('d', [-27.07421875, -0.09335937500000001, 20.165625000000002, -0.1400390625])
array('d', [-27.587695312500003, 0.18671875000000002, 19.2787109375, 0.18671875000000002])
array('d', [-26.187304687500003, 0.18671875000000002, 19.932226562500002, 0.18671875000000002])
array('d', [-26.187304687500003, 0.18671875000000002, 19.932226562500002, 0.42011718750000004])
array('d', [-27.541015625, -0.09335937500000001, 20.165625000000002, 0.42011718750000004])
array('d', [-26.654101562500003, 0.18671875000000002, 19.8388671875, 0.046679687500000004])
array('d', [-26.654101562500003, -0.2333984375, 20.165625000000002, -0.0])
array('d', [-26.654101562500003, -0.2333984375, 20.165625000000002, -0.0])
array('d', [-26.654101562500003, -0.2333984375, 20.165625000000002, -0.0])
array('d', [-26.654101562500003, -0.2333984375, 20.165625000000002, -0.0])
array('d', [-26.7474609375, -0.2333984375, 20.165625000000002, 0.466796875])
array('d', [-26.980859375, 0.8869140625, 19.3720703125, 0.466796875])
array('d', [-27.120898437500003, 0.466796875, 19.698828125000002, 0.280078125])
array('d', [-27.120898437500003, 0.466796875, 19.698828125000002, -0.3267578125])
array('d', [-25.767187500000002, -0.7001953125, 19.1853515625, -0.3267578125])
array('d', [-27.120898437500003, -0.5134765625000001, 19.2787109375, 0.37343750000000003])
array('d', [-25.767187500000002, -0.37343750000000003, 18.9052734375, -0.2333984375])
array('d', [-25.767187500000002, -0.37343750000000003, 20.072265625, 0.37343750000000003])
array('d', [-26.887500000000003, -0.09335937500000001, 20.072265625, 0.37343750000000003])
array('d', [-26.654101562500003, -1.6337890625, 19.60546875, 0.466796875])
array('d', [-26.654101562500003, -1.6337890625, 19.60546875, 0.466796875])
array('d', [-26.654101562500003, -1.6337890625, 19.60546875, 0.466796875])
array('d', [-26.654101562500003, -1.6337890625, 19.60546875, 0.466796875])
array('d', [-26.654101562500003, 0.18671875000000002, 19.60546875, -0.0])
array('d', [-26.654101562500003, 0.7001953125, 20.399023437500002, -0.1400390625])
array('d', [-26.5140625, 0.0, 19.698828125000002, 0.5134765625000001])
array('d', [-26.5140625, 0.0, 19.698828125000002, 0.5134765625000001])
array('d', [-26.5140625, 0.0, 19.698828125000002, 0.5134765625000001])
array('d', [-25.8138671875, 0.8869140625, 19.512109375, -0.1400390625])
array('d', [-27.07421875, -1.773828125, 19.512109375, 0.42011718750000004])
array('d', [-27.07421875, -1.773828125, 19.512109375, 0.42011718750000004])
array('d', [-26.233984375000002, 0.8869140625, 19.60546875, -0.3267578125])
array('d', [-26.980859375, -0.7001953125, 19.60546875, -0.42011718750000004])
array('d', [-26.654101562500003, 0.7001953125, 19.1853515625, -0.1400390625])
array('d', [-26.654101562500003, 0.7001953125, 19.1853515625, 0.42011718750000004])
array('d', [-26.654101562500003, 0.7001953125, 19.1853515625, 0.42011718750000004])
array('d', [-26.654101562500003, 0.7001953125, 19.1853515625, 0.42011718750000004])
array('d', [-26.5607421875, -0.2333984375, 19.512109375, 0.42011718750000004])
array('d', [-26.980859375, -0.7001953125, 19.2787109375, -0.42011718750000004])
array('d', [-26.233984375000002, -0.37343750000000003, 19.2787109375, -0.3267578125])
array('d', [-26.233984375000002, -0.37343750000000003, 19.2787109375, -0.3267578125])
array('d', [-26.233984375000002, -0.37343750000000003, 19.2787109375, -0.3267578125])
array('d', [-26.654101562500003, -0.7001953125, 19.512109375, -0.1400390625])
array('d', [-27.120898437500003, -0.7001953125, 19.0919921875, -0.1400390625])
array('d', [-27.120898437500003, -0.7001953125, 19.1853515625, 0.18671875000000002])
array('d', [-27.120898437500003, -0.7001953125, 19.1853515625, 0.18671875000000002])
array('d', [-27.120898437500003, -0.7001953125, 19.1853515625, 0.18671875000000002])
array('d', [-27.120898437500003, -0.7001953125, 19.1853515625, 0.18671875000000002])
array('d', [-26.32734375, -1.3537109375, 19.3720703125, 0.42011718750000004])
array('d', [-26.32734375, -0.2333984375, 20.072265625, -0.0])
array('d', [-26.187304687500003, -0.2333984375, 20.072265625, -0.0])
array('d', [-26.654101562500003, -0.09335937500000001, 19.932226562500002, -0.1400390625])
array('d', [-26.5607421875, -0.93359375, 19.1853515625, 0.280078125])
array('d', [-26.5607421875, -0.93359375, 19.1853515625, -0.1400390625])
array('d', [-26.980859375, -0.5134765625000001, 19.60546875, -0.1400390625])
array('d', [-26.980859375, -0.5134765625000001, 19.60546875, -0.1400390625])
array('d', [-26.980859375, -0.5134765625000001, 19.60546875, -0.1400390625])
array('d', [-26.5140625, 0.18671875000000002, 19.932226562500002, -0.1400390625])
array('d', [-26.5140625, -0.09335937500000001, 20.165625000000002, -0.18671875000000002])
array('d', [-27.44765625, -0.09335937500000001, 20.165625000000002, -0.18671875000000002])
array('d', [-27.44765625, -0.09335937500000001, 20.165625000000002, -0.18671875000000002])
array('d', [-26.794140625, -0.37343750000000003, 20.0255859375, 0.280078125])
array('d', [-26.794140625, -0.37343750000000003, 20.0255859375, -0.1400390625])
array('d', [-27.120898437500003, -0.93359375, 20.165625000000002, -0.1400390625])
array('d', [-27.120898437500003, -0.93359375, 20.165625000000002, -0.1400390625])
array('d', [-27.120898437500003, -0.93359375, 20.165625000000002, -0.1400390625])
array('d', [-25.3470703125, 0.18671875000000002, 19.60546875, -0.0])
array('d', [-26.654101562500003, 1.30703125, 20.165625000000002, -0.1400390625])
array('d', [-26.654101562500003, 0.8869140625, 19.512109375, 0.18671875000000002])
array('d', [-26.654101562500003, 0.8869140625, 19.512109375, 0.18671875000000002])
array('d', [-26.5607421875, -0.5134765625000001, 19.7455078125, -0.1400390625])
array('d', [-26.187304687500003, -1.213671875, 18.85859375, 0.42011718750000004])
array('d', [-27.120898437500003, -1.213671875, 18.85859375, 0.42011718750000004])
array('d', [-27.120898437500003, 0.8869140625, 19.512109375, -0.42011718750000004])
array('d', [-26.654101562500003, 0.0, 19.512109375, -0.42011718750000004])
array('d', [-26.654101562500003, 0.466796875, 19.2787109375, 0.6068359375])
array('d', [-27.07421875, -0.09335937500000001, 19.3720703125, 0.046679687500000004])
array('d', [-27.07421875, -0.09335937500000001, 19.41875, -0.1400390625])
array('d', [-27.07421875, -0.2333984375, 19.41875, -0.1400390625])
array('d', [-27.120898437500003, 0.6068359375, 19.932226562500002, 0.653515625])
array('d', [-27.120898437500003, -0.7935546875, 19.8388671875, -0.3267578125])
array('d', [-26.654101562500003, -0.7935546875, 19.8388671875, -0.3267578125])
array('d', [-27.07421875, -0.37343750000000003, 19.2787109375, 0.046679687500000004])
array('d', [-27.400976562500002, -0.5134765625000001, 20.165625000000002, 0.09335937500000001])
array('d', [-27.400976562500002, -0.5134765625000001, 19.60546875, -0.3267578125])
array('d', [-26.047265625, -0.2333984375, 19.60546875, -0.3267578125])
array('d', [-26.187304687500003, 0.6068359375, 19.0453125, 0.18671875000000002])
array('d', [-27.400976562500002, 0.466796875, 19.932226562500002, -0.18671875000000002])
array('d', [-27.400976562500002, 0.466796875, 19.932226562500002, -0.5134765625000001])
array('d', [-26.7474609375, -0.5134765625000001, 19.512109375, -0.5134765625000001])
array('d', [-26.934179687500002, -0.09335937500000001, 19.1853515625, 0.280078125])
array('d', [-26.934179687500002, -0.09335937500000001, 19.1853515625, 0.280078125])
array('d', [-26.934179687500002, -0.09335937500000001, 19.1853515625, 0.280078125])
array('d', [-26.934179687500002, -0.09335937500000001, 19.1853515625, 0.280078125])
array('d', [-26.654101562500003, -0.37343750000000003, 19.1853515625, -0.18671875000000002])
array('d', [-26.654101562500003, -0.37343750000000003, 19.1853515625, -0.5134765625000001])
array('d', [-27.120898437500003, -0.5134765625000001, 19.512109375, -0.5134765625000001])
array('d', [-26.654101562500003, -0.5134765625000001, 19.60546875, 0.280078125])
array('d', [-26.654101562500003, 0.0, 20.2123046875, -0.6068359375])
array('d', [-26.654101562500003, 0.7001953125, 20.2123046875, -0.6068359375])
array('d', [-27.44765625, 0.6068359375, 19.60546875, 0.18671875000000002])
array('d', [-27.44765625, 0.6068359375, 19.60546875, 0.18671875000000002])
array('d', [-27.44765625, 0.6068359375, 19.60546875, 0.18671875000000002])
array('d', [-26.5607421875, -0.5134765625000001, 19.0453125, -0.1400390625])
array('d', [-26.654101562500003, -0.5134765625000001, 19.932226562500002, -0.1400390625])
array('d', [-27.44765625, 0.0, 19.8388671875, -0.18671875000000002])
array('d', [-27.44765625, 0.0, 19.8388671875, -0.1400390625])
array('d', [-25.767187500000002, 0.0, 20.2123046875, -0.1400390625])
array('d', [-27.07421875, -0.5134765625000001, 19.7455078125, -0.2333984375])
array('d', [-27.9611328125, 0.18671875000000002, 19.2787109375, -0.7468750000000001])
array('d', [-27.9611328125, 0.18671875000000002, 19.2787109375, 0.18671875000000002])
array('d', [-26.5607421875, 0.18671875000000002, 19.60546875, 0.18671875000000002])
array('d', [-26.7474609375, -1.0736328125, 19.512109375, 0.280078125])
array('d', [-27.587695312500003, -0.37343750000000003, 19.0453125, 0.280078125])
array('d', [-27.587695312500003, -0.2333984375, 19.512109375, -0.42011718750000004])
array('d', [-27.07421875, -0.2333984375, 19.512109375, -0.42011718750000004])
array('d', [-26.5607421875, 0.0, 19.60546875, -0.0])
array('d', [-26.980859375, 0.466796875, 20.2123046875, -0.1400390625])
array('d', [-26.980859375, -0.7001953125, 19.1853515625, 0.280078125])
array('d', [-27.120898437500003, -0.7001953125, 19.1853515625, 0.280078125])
array('d', [-27.120898437500003, 1.1669921875, 19.512109375, 0.7935546875])
array('d', [-26.934179687500002, 0.18671875000000002, 19.512109375, -0.09335937500000001])
array('d', [-27.120898437500003, 0.18671875000000002, 19.60546875, -0.0])
array('d', [-27.120898437500003, 0.18671875000000002, 19.60546875, -0.0])
array('d', [-29.8283203125, 1.30703125, 18.9052734375, 0.466796875])
array('d', [-26.233984375000002, -0.2333984375, 19.2787109375, -0.1400390625])
array('d', [-27.07421875, 0.466796875, 19.1853515625, -0.42011718750000004])
array('d', [-27.07421875, 0.466796875, 19.1853515625, -0.42011718750000004])
array('d', [-27.07421875, 0.466796875, 19.1853515625, -0.42011718750000004])
array('d', [-27.07421875, 0.466796875, 19.1853515625, -0.42011718750000004])
array('d', [-26.0939453125, 0.3267578125, 19.60546875, 0.6068359375])
array('d', [-27.2142578125, 1.1669921875, 19.2787109375, -0.3267578125])
array('d', [-27.2142578125, 1.1669921875, 19.2787109375, -0.3267578125])
array('d', [-25.8138671875, -0.7001953125, 19.60546875, -0.2333984375])
array('d', [-26.32734375, -1.3537109375, 18.9052734375, 0.09335937500000001])
array('d', [-26.32734375, -0.2333984375, 19.8388671875, 0.09335937500000001])
array('d', [-26.5140625, -0.2333984375, 19.8388671875, 0.09335937500000001])
array('d', [-26.5140625, -0.2333984375, 19.8388671875, 0.09335937500000001])
array('d', [-27.2142578125, -0.5134765625000001, 19.2787109375, -0.18671875000000002])
array('d', [-27.07421875, 0.466796875, 19.1853515625, -0.1400390625])
array('d', [-27.07421875, 0.466796875, 19.1853515625, 0.046679687500000004])
array('d', [-26.0939453125, -0.2333984375, 20.2123046875, 0.046679687500000004])
array('d', [-26.32734375, 0.7001953125, 19.60546875, 0.42011718750000004])
array('d', [-27.07421875, -0.5134765625000001, 19.60546875, 0.37343750000000003])
array('d', [-27.07421875, -0.5134765625000001, 19.8388671875, -0.0])
array('d', [-26.233984375000002, 0.7001953125, 19.8388671875, -0.0])
array('d', [-26.7474609375, -0.93359375, 19.1853515625, 0.42011718750000004])
array('d', [-27.120898437500003, -0.2333984375, 19.932226562500002, 0.09335937500000001])
array('d', [-27.120898437500003, -0.2333984375, 19.932226562500002, 0.09335937500000001])
array('d', [-27.120898437500003, 0.0, 19.2787109375, -0.2333984375])
array('d', [-27.120898437500003, -0.09335937500000001, 20.0255859375, -0.2333984375])
array('d', [-27.120898437500003, -0.09335937500000001, 19.7455078125, 0.18671875000000002])
array('d', [-27.587695312500003, -0.09335937500000001, 19.7455078125, 0.18671875000000002])
array('d', [-26.7474609375, 0.18671875000000002, 19.8388671875, 0.42011718750000004])
array('d', [-26.654101562500003, -0.2333984375, 19.7455078125, -0.0])
array('d', [-26.654101562500003, -0.2333984375, 19.7455078125, -0.0])
array('d', [-26.654101562500003, -0.2333984375, 19.7455078125, -0.0])
array('d', [-26.233984375000002, -0.37343750000000003, 19.0453125, -0.1400390625])
array('d', [-26.654101562500003, 0.466796875, 19.8388671875, 0.42011718750000004])
array('d', [-26.654101562500003, 0.466796875, 19.8388671875, 0.42011718750000004])
array('d', [-27.44765625, 0.8869140625, 19.2787109375, -0.0])
array('d', [-27.44765625, 0.8869140625, 19.41875, 0.7935546875])
array('d', [-26.233984375000002, -0.93359375, 19.41875, 0.7935546875])
array('d', [-26.187304687500003, 0.3267578125, 19.60546875, -0.1400390625])
array('d', [-26.187304687500003, -0.7001953125, 20.2123046875, -0.0])
array('d', [-26.654101562500003, -0.7001953125, 20.2123046875, -0.18671875000000002])
array('d', [-26.7474609375, 0.6068359375, 19.2787109375, -0.18671875000000002])
array('d', [-26.7474609375, 0.6068359375, 19.2787109375, -0.18671875000000002])
array('d', [-26.7474609375, 0.6068359375, 19.2787109375, -0.18671875000000002])
array('d', [-27.2142578125, 0.8869140625, 20.4923828125, 0.18671875000000002])
array('d', [-26.7474609375, 0.3267578125, 19.2787109375, 0.56015625])
array('d', [-26.7474609375, 0.466796875, 20.165625000000002, 0.09335937500000001])
array('d', [-26.7474609375, 0.466796875, 20.165625000000002, 0.09335937500000001])
array('d', [-26.32734375, -0.7935546875, 19.932226562500002, 0.18671875000000002])
array('d', [-26.5607421875, -1.213671875, 19.932226562500002, -0.1400390625])
array('d', [-26.5607421875, -1.213671875, 19.932226562500002, -0.1400390625])
array('d', [-26.5607421875, -1.213671875, 19.932226562500002, -0.1400390625])
array('d', [-27.07421875, 0.8869140625, 20.0255859375, -0.046679687500000004])
array('d', [-26.32734375, 0.8869140625, 20.0255859375, -0.046679687500000004])
array('d', [-27.44765625, -1.213671875, 19.2787109375, -0.046679687500000004])
array('d', [-27.44765625, -1.213671875, 19.2787109375, -0.046679687500000004])
array('d', [-27.44765625, -1.213671875, 19.2787109375, -0.046679687500000004])
array('d', [-26.934179687500002, -1.213671875, 20.165625000000002, -0.6068359375])
array('d', [-26.654101562500003, -0.93359375, 19.932226562500002, -0.6068359375])
array('d', [-26.654101562500003, -0.2333984375, 19.60546875, -0.42011718750000004])
array('d', [-26.187304687500003, -0.5134765625000001, 19.7455078125, 0.280078125])
array('d', [-26.187304687500003, 0.8869140625, 19.60546875, -0.42011718750000004])
array('d', [-26.187304687500003, 0.8869140625, 20.4923828125, -0.2333984375])
array('d', [-26.187304687500003, 0.8869140625, 20.4923828125, -0.2333984375])
array('d', [-26.187304687500003, 0.8869140625, 20.4923828125, -0.2333984375])
array('d', [-26.7474609375, 0.466796875, 20.2123046875, 0.18671875000000002])
array('d', [-27.400976562500002, -0.5134765625000001, 19.2787109375, 0.09335937500000001])
array('d', [-26.187304687500003, -0.5134765625000001, 19.2787109375, -0.42011718750000004])
array('d', [-26.187304687500003, -0.5134765625000001, 19.2787109375, -0.42011718750000004])
array('d', [-26.187304687500003, -0.5134765625000001, 19.2787109375, -0.42011718750000004])
array('d', [-26.5607421875, -1.213671875, 19.2787109375, 0.280078125])
array('d', [-26.654101562500003, -1.213671875, 19.2787109375, 0.6068359375])
array('d', [-27.07421875, -0.7001953125, 19.2787109375, 0.6068359375])
array('d', [-27.07421875, -0.7001953125, 19.2787109375, 0.6068359375])
array('d', [-27.07421875, -0.7001953125, 19.2787109375, 0.6068359375])
array('d', [-27.07421875, -0.7001953125, 19.2787109375, 0.6068359375])
array('d', [-27.2142578125, 1.400390625, 19.60546875, 0.09335937500000001])
array('d', [-27.2142578125, -0.09335937500000001, 19.2787109375, -0.18671875000000002])
array('d', [-27.2142578125, 0.3267578125, 19.698828125000002, 0.7935546875])
array('d', [-27.2142578125, 0.3267578125, 19.698828125000002, 0.7935546875])
array('d', [-26.654101562500003, -0.2333984375, 19.8388671875, -0.3267578125])
array('d', [-26.233984375000002, 0.466796875, 18.951953125, -0.0])
array('d', [-26.3740234375, -0.2333984375, 19.512109375, -0.0])
array('d', [-26.3740234375, -0.2333984375, 19.512109375, -0.0])
array('d', [-26.3740234375, -0.2333984375, 19.512109375, -0.42011718750000004])
array('d', [-27.9611328125, 0.18671875000000002, 19.60546875, -0.42011718750000004])
array('d', [-27.07421875, 0.3267578125, 19.60546875, -0.3267578125])
array('d', [-27.07421875, 0.3267578125, 20.072265625, 0.653515625])
array('d', [-26.0939453125, 1.30703125, 20.072265625, 0.653515625])
array('d', [-27.07421875, 0.466796875, 19.932226562500002, -0.42011718750000004])
array('d', [-26.233984375000002, -1.213671875, 19.60546875, 0.18671875000000002])
array('d', [-26.233984375000002, -1.213671875, 19.60546875, 0.18671875000000002])
array('d', [-26.654101562500003, -0.2333984375, 19.698828125000002, -0.1400390625])
array('d', [-26.654101562500003, -0.2333984375, 19.698828125000002, -0.1400390625])
array('d', [-26.7474609375, -0.37343750000000003, 19.1853515625, -0.0])
array('d', [-26.187304687500003, -0.09335937500000001, 19.512109375, 0.3267578125])
array('d', [-26.5607421875, 0.8869140625, 19.60546875, 0.37343750000000003])
array('d', [-26.5607421875, 0.8869140625, 19.60546875, 0.42011718750000004])
array('d', [-25.767187500000002, 0.18671875000000002, 19.698828125000002, 0.42011718750000004])
array('d', [-25.767187500000002, 0.18671875000000002, 19.698828125000002, 0.42011718750000004])
array('d', [-25.8138671875, 0.8869140625, 19.512109375, -0.3267578125])
array('d', [-27.120898437500003, 1.1669921875, 19.512109375, 0.046679687500000004])
array('d', [-27.120898437500003, 1.1669921875, 19.512109375, -0.0])
array('d', [-26.5607421875, -0.2333984375, 19.932226562500002, -0.1400390625])
array('d', [-26.5607421875, 0.466796875, 19.60546875, -0.1400390625])
array('d', [-27.07421875, 0.466796875, 19.60546875, 0.280078125])
array('d', [-27.07421875, -0.2333984375, 19.3720703125, 0.280078125])
array('d', [-26.233984375000002, -0.37343750000000003, 19.1853515625, -0.37343750000000003])
array('d', [-26.233984375000002, -0.93359375, 19.0453125, -0.18671875000000002])
array('d', [-26.233984375000002, -0.93359375, 19.0453125, -0.18671875000000002])
array('d', [-27.120898437500003, -0.7001953125, 19.60546875, -0.1400390625])
array('d', [-25.300390625000002, -0.2333984375, 19.2787109375, 0.046679687500000004])
array('d', [-25.300390625000002, 0.7001953125, 19.8388671875, 0.6068359375])
array('d', [-25.300390625000002, 0.7001953125, 19.8388671875, 0.6068359375])
array('d', [-25.300390625000002, 0.7001953125, 19.8388671875, 0.6068359375])
array('d', [-25.300390625000002, 0.7001953125, 19.8388671875, 0.6068359375])
array('d', [-27.541015625, 0.466796875, 18.531835937500002, 0.42011718750000004])
array('d', [-27.541015625, 0.466796875, 18.531835937500002, 0.09335937500000001])
array('d', [-26.187304687500003, -0.37343750000000003, 19.698828125000002, 0.09335937500000001])
array('d', [-26.5607421875, -0.5134765625000001, 19.698828125000002, 0.09335937500000001])
array('d', [-26.5607421875, -0.5134765625000001, 19.3720703125, -0.42011718750000004])
array('d', [-27.120898437500003, -0.5134765625000001, 19.3720703125, -0.42011718750000004])
array('d', [-26.32734375, -0.2333984375, 20.072265625, -0.42011718750000004])
array('d', [-25.8138671875, -0.2333984375, 19.512109375, -0.18671875000000002])
array('d', [-25.8138671875, -0.2333984375, 19.512109375, 0.6068359375])
array('d', [-26.32734375, -0.5134765625000001, 19.512109375, 0.6068359375])
array('d', [-27.120898437500003, -0.2333984375, 19.2787109375, 0.046679687500000004])
array('d', [-27.120898437500003, -0.2333984375, 19.932226562500002, -0.3267578125])
array('d', [-26.5140625, -0.2333984375, 19.932226562500002, -0.3267578125])
array('d', [-26.233984375000002, 0.0, 19.60546875, -0.1400390625])
array('d', [-26.980859375, 0.466796875, 20.258984375, -0.1400390625])
array('d', [-27.07421875, 0.0, 19.8388671875, -0.0])
array('d', [-27.07421875, 0.0, 19.8388671875, -0.0])
array('d', [-26.187304687500003, 0.7468750000000001, 19.932226562500002, 0.046679687500000004])
array('d', [-26.187304687500003, -0.56015625, 19.512109375, -0.2333984375])
array('d', [-26.187304687500003, -0.56015625, 19.60546875, -0.37343750000000003])
array('d', [-26.5607421875, 0.0, 19.60546875, -0.37343750000000003])
array('d', [-27.120898437500003, 0.466796875, 19.2787109375, -0.1400390625])
array('d', [-27.120898437500003, 0.466796875, 19.2787109375, -0.1400390625])
array('d', [-27.120898437500003, 0.466796875, 19.2787109375, -0.1400390625])
array('d', [-27.120898437500003, 0.466796875, 19.2787109375, -0.1400390625])
array('d', [-27.120898437500003, 0.466796875, 19.2787109375, -0.1400390625])
array('d', [-27.120898437500003, 0.466796875, 19.2787109375, -0.1400390625])
array('d', [-27.120898437500003, 0.466796875, 19.2787109375, -0.1400390625])
array('d', [-26.7474609375, 0.8869140625, 19.8388671875, -0.6068359375])
array('d', [-26.7474609375, 0.8869140625, 19.512109375, 0.2333984375])
array('d', [-26.654101562500003, 0.6068359375, 19.512109375, 0.2333984375])
array('d', [-26.654101562500003, 0.6068359375, 19.512109375, 0.2333984375])
array('d', [-26.654101562500003, 0.6068359375, 19.512109375, 0.2333984375])
array('d', [-26.654101562500003, 0.6068359375, 19.512109375, 0.2333984375])
array('d', [-25.767187500000002, 0.6068359375, 19.60546875, 0.2333984375])
array('d', [-26.5140625, 0.6068359375, 19.2787109375, -0.1400390625])
array('d', [-27.587695312500003, -0.37343750000000003, 19.2787109375, -0.1400390625])
array('d', [-27.587695312500003, -0.37343750000000003, 19.2787109375, -0.1400390625])
array('d', [-27.2142578125, -0.5134765625000001, 19.60546875, 0.42011718750000004])
array('d', [-26.654101562500003, 0.0, 19.932226562500002, -0.18671875000000002])
array('d', [-26.654101562500003, 0.466796875, 19.60546875, -0.0])
array('d', [-26.5607421875, 0.466796875, 19.60546875, -0.0])
array('d', [-26.654101562500003, 0.18671875000000002, 19.2787109375, -0.0])
array('d', [-26.233984375000002, -0.09335937500000001, 19.932226562500002, -0.2333984375])
array('d', [-26.233984375000002, -0.09335937500000001, 19.932226562500002, 0.09335937500000001])
array('d', [-27.07421875, -0.37343750000000003, 19.2787109375, 0.09335937500000001])
array('d', [-27.07421875, -0.2333984375, 19.1853515625, 0.09335937500000001])
array('d', [-27.07421875, -0.7935546875, 19.60546875, -0.0])
array('d', [-27.07421875, -0.7935546875, 19.60546875, -0.0])
array('d', [-26.654101562500003, -1.4470703125000002, 19.8388671875, 0.18671875000000002])
array('d', [-26.7474609375, 0.7001953125, 19.2787109375, 0.42011718750000004])
array('d', [-26.7474609375, 0.7001953125, 19.2787109375, 0.42011718750000004])
array('d', [-27.07421875, 0.18671875000000002, 19.8388671875, -0.42011718750000004])
array('d', [-26.654101562500003, -1.0736328125, 19.2787109375, -0.1400390625])
array('d', [-26.654101562500003, -1.0736328125, 19.2787109375, -0.7468750000000001])
array('d', [-26.5140625, -0.37343750000000003, 19.2787109375, -0.7468750000000001])
array('d', [-26.5140625, -0.37343750000000003, 19.2787109375, -0.7468750000000001])
array('d', [-26.5140625, -0.37343750000000003, 19.2787109375, -0.7468750000000001])
array('d', [-26.980859375, 0.0, 19.512109375, -0.5134765625000001])
array('d', [-26.32734375, 0.0, 19.60546875, -0.0])
array('d', [-26.654101562500003, 0.466796875, 19.2787109375, 0.280078125])
array('d', [-26.654101562500003, 0.466796875, 19.2787109375, 0.280078125])
array('d', [-27.9611328125, 0.6068359375, 19.698828125000002, -0.1400390625])
array('d', [-27.9611328125, 0.6068359375, 19.512109375, 0.09335937500000001])
array('d', [-26.654101562500003, -1.213671875, 19.512109375, 0.09335937500000001])
array('d', [-26.187304687500003, -1.213671875, 19.512109375, 0.09335937500000001])
array('d', [-26.187304687500003, -0.93359375, 19.2787109375, 0.18671875000000002])
array('d', [-27.120898437500003, 0.8869140625, 19.512109375, 0.18671875000000002])
array('d', [-26.980859375, -0.2333984375, 19.2787109375, 0.466796875])
array('d', [-26.980859375, -0.7001953125, 19.932226562500002, 0.18671875000000002])
array('d', [-26.7474609375, -0.7001953125, 19.932226562500002, 0.18671875000000002])
array('d', [-26.654101562500003, -0.09335937500000001, 19.8388671875, 0.09335937500000001])
array('d', [-26.7474609375, 0.466796875, 20.165625000000002, 0.280078125])
array('d', [-26.7474609375, 0.466796875, 20.165625000000002, 0.280078125])
array('d', [-26.7474609375, 0.466796875, 20.165625000000002, 0.280078125])
array('d', [-26.7474609375, 0.466796875, 20.165625000000002, 0.280078125])
array('d', [-27.07421875, 0.466796875, 19.2787109375, 0.09335937500000001])
array('d', [-27.07421875, 0.466796875, 19.2787109375, -0.1400390625])
array('d', [-26.187304687500003, 0.3267578125, 19.7455078125, -0.1400390625])
array('d', [-27.07421875, 0.3267578125, 19.60546875, 0.466796875])
array('d', [-27.07421875, -0.5134765625000001, 18.951953125, -0.2333984375])
array('d', [-26.5140625, -0.7001953125, 18.951953125, -0.2333984375])
array('d', [-26.233984375000002, 0.3267578125, 18.951953125, 0.280078125])
array('d', [-26.233984375000002, 0.3267578125, 19.932226562500002, -0.2333984375])
array('d', [-26.187304687500003, -0.93359375, 19.932226562500002, -0.1400390625])
array('d', [-26.233984375000002, -0.7935546875, 19.8388671875, -0.1400390625])
array('d', [-26.7474609375, 0.6068359375, 19.60546875, -0.1400390625])
array('d', [-26.7474609375, 0.6068359375, 19.60546875, -0.1400390625])
array('d', [-26.7474609375, 0.6068359375, 19.60546875, -0.1400390625])
array('d', [-26.7474609375, 0.6068359375, 19.60546875, -0.1400390625])
array('d', [-26.5607421875, -0.5134765625000001, 19.60546875, -0.1400390625])
array('d', [-26.5607421875, 0.18671875000000002, 20.165625000000002, -0.2333984375])
array('d', [-26.654101562500003, 0.18671875000000002, 19.8388671875, -0.2333984375])
array('d', [-26.654101562500003, 0.18671875000000002, 19.8388671875, 0.18671875000000002])
array('d', [-26.980859375, -0.09335937500000001, 19.3720703125, -0.42011718750000004])
array('d', [-27.07421875, 1.0269531250000001, 19.932226562500002, 0.09335937500000001])
array('d', [-27.07421875, 1.0269531250000001, 19.932226562500002, 0.09335937500000001])
array('d', [-26.934179687500002, -0.2333984375, 19.2787109375, -0.3267578125])
array('d', [-26.654101562500003, 1.1669921875, 19.932226562500002, -0.1400390625])
array('d', [-26.654101562500003, 1.1669921875, 19.2787109375, 0.280078125])
array('d', [-26.654101562500003, 0.18671875000000002, 19.2787109375, 0.280078125])
array('d', [-27.07421875, -0.37343750000000003, 19.512109375, 0.18671875000000002])
array('d', [-27.07421875, 0.7001953125, 18.951953125, -0.42011718750000004])
array('d', [-26.7474609375, 0.7001953125, 18.951953125, -0.42011718750000004])
array('d', [-26.654101562500003, 0.466796875, 19.932226562500002, 0.09335937500000001])
array('d', [-25.3470703125, -0.2333984375, 19.2787109375, -0.1400390625])
array('d', [-25.3470703125, -0.2333984375, 19.2787109375, -0.3267578125])
array('d', [-27.07421875, 0.466796875, 19.512109375, -0.3267578125])
array('d', [-26.654101562500003, -0.2333984375, 20.165625000000002, -0.09335937500000001])
array('d', [-25.8138671875, 0.8869140625, 19.932226562500002, -0.0])
array('d', [-25.8138671875, 0.8869140625, 19.932226562500002, -0.2333984375])
array('d', [-25.8138671875, 0.8869140625, 19.932226562500002, -0.2333984375])
array('d', [-25.8138671875, 0.8869140625, 19.932226562500002, -0.2333984375])
array('d', [-25.8138671875, 0.8869140625, 19.932226562500002, -0.2333984375])
array('d', [-27.821093750000003, 1.5404296875, 19.0453125, -0.1400390625])
array('d', [-26.654101562500003, 0.18671875000000002, 19.0453125, -0.1400390625])
array('d', [-26.187304687500003, 1.1669921875, 19.60546875, -0.1400390625])
array('d', [-26.187304687500003, 1.1669921875, 19.60546875, -0.1400390625])
array('d', [-26.187304687500003, 1.1669921875, 19.60546875, -0.1400390625])
array('d', [-26.187304687500003, 1.1669921875, 19.60546875, -0.1400390625])
array('d', [-26.5607421875, -0.09335937500000001, 19.60546875, 0.18671875000000002])
array('d', [-26.233984375000002, 0.6068359375, 19.1853515625, 0.09335937500000001])
array('d', [-26.654101562500003, -0.37343750000000003, 18.9052734375, 0.6068359375])
array('d', [-26.654101562500003, -0.37343750000000003, 18.9052734375, 0.6068359375])
array('d', [-26.654101562500003, -0.37343750000000003, 18.9052734375, 0.6068359375])
array('d', [-25.3470703125, -0.2333984375, 19.60546875, 0.466796875])
array('d', [-25.3470703125, -0.2333984375, 19.60546875, 0.09335937500000001])
array('d', [-26.654101562500003, -0.7001953125, 19.1853515625, 0.09335937500000001])
array('d', [-26.233984375000002, -0.5134765625000001, 18.7185546875, -0.3267578125])
array('d', [-26.5607421875, -1.213671875, 19.8388671875, -0.3267578125])
array('d', [-26.5607421875, -1.213671875, 19.8388671875, -0.3267578125])
array('d', [-26.32734375, -0.2333984375, 18.9052734375, -0.1400390625])
array('d', [-26.32734375, -0.2333984375, 18.9052734375, -0.1400390625])
array('d', [-26.5607421875, 0.18671875000000002, 19.512109375, -0.3267578125])
array('d', [-26.5607421875, 0.18671875000000002, 19.60546875, -0.3267578125])
array('d', [-27.07421875, -1.3537109375, 19.60546875, -0.3267578125])
array('d', [-26.654101562500003, -0.37343750000000003, 19.932226562500002, -0.2333984375])
array('d', [-26.654101562500003, -0.37343750000000003, 19.932226562500002, -0.2333984375])
array('d', [-26.654101562500003, -0.37343750000000003, 19.932226562500002, -0.3267578125])
array('d', [-26.794140625, 0.6068359375, 19.932226562500002, -0.3267578125])
array('d', [-26.980859375, -0.37343750000000003, 19.60546875, 0.37343750000000003])
array('d', [-26.654101562500003, -0.2333984375, 19.60546875, 0.37343750000000003])
array('d', [-26.654101562500003, -0.2333984375, 19.60546875, 0.09335937500000001])
array('d', [-26.7474609375, 0.18671875000000002, 19.512109375, 0.18671875000000002])
array('d', [-26.654101562500003, -1.8671875, 19.512109375, 0.280078125])
array('d', [-26.654101562500003, -1.8671875, 19.932226562500002, 0.37343750000000003])
array('d', [-26.5607421875, -0.09335937500000001, 19.932226562500002, 0.37343750000000003])
array('d', [-26.5607421875, 0.466796875, 19.3720703125, -0.0])
array('d', [-26.794140625, 0.18671875000000002, 19.0453125, -0.653515625])
array('d', [-26.794140625, 0.18671875000000002, 19.0453125, -0.653515625])
array('d', [-26.794140625, 0.18671875000000002, 19.0453125, -0.653515625])
array('d', [-26.5607421875, 0.466796875, 19.0453125, 0.466796875])
array('d', [-26.5607421875, 0.466796875, 19.0453125, 0.6068359375])
array('d', [-26.140625, -0.93359375, 19.932226562500002, 0.6068359375])
array('d', [-26.980859375, -0.09335937500000001, 19.41875, 0.18671875000000002])
array('d', [-26.233984375000002, -0.93359375, 19.512109375, 0.18671875000000002])
array('d', [-26.233984375000002, -0.93359375, 19.512109375, 0.280078125])
array('d', [-26.047265625, -0.93359375, 19.512109375, 0.280078125])
array('d', [-26.5607421875, -0.2333984375, 19.1853515625, 0.18671875000000002])
array('d', [-26.5607421875, -0.2333984375, 19.2787109375, -0.2333984375])
array('d', [-27.0275390625, -0.93359375, 19.2787109375, -0.2333984375])
array('d', [-26.140625, 0.0, 19.2787109375, -0.0])
array('d', [-27.0275390625, 0.18671875000000002, 19.698828125000002, 0.18671875000000002])
array('d', [-27.0275390625, -0.5134765625000001, 19.932226562500002, 0.18671875000000002])
array('d', [-26.794140625, -0.5134765625000001, 18.7185546875, -0.1400390625])
array('d', [-26.794140625, -0.5134765625000001, 18.7185546875, -0.1400390625])
array('d', [-26.794140625, -0.5134765625000001, 18.7185546875, -0.1400390625])
array('d', [-26.794140625, -0.5134765625000001, 18.7185546875, -0.1400390625])
array('d', [-26.5140625, -0.2333984375, 18.7185546875, -0.1400390625])
array('d', [-26.5140625, -0.93359375, 19.41875, 0.42011718750000004])
array('d', [-27.0275390625, -0.37343750000000003, 19.60546875, -0.3267578125])
array('d', [-26.980859375, -0.37343750000000003, 19.60546875, -0.3267578125])
array('d', [-26.980859375, -0.37343750000000003, 19.60546875, -0.3267578125])
array('d', [-26.980859375, -0.93359375, 20.2123046875, 0.466796875])
array('d', [-27.0275390625, 0.8869140625, 19.512109375, -0.0])
array('d', [-27.0275390625, 0.8869140625, 19.60546875, -0.3267578125])
array('d', [-26.654101562500003, 0.8869140625, 19.60546875, -0.3267578125])
array('d', [-25.767187500000002, -2.0072265625, 19.0453125, -0.2333984375])
array('d', [-25.767187500000002, -2.0072265625, 19.3720703125, -0.42011718750000004])
array('d', [-26.5140625, 0.466796875, 19.3720703125, -0.42011718750000004])
array('d', [-26.5140625, 0.466796875, 19.3720703125, -0.42011718750000004])
array('d', [-26.5140625, 0.466796875, 19.3720703125, -0.42011718750000004])
array('d', [-26.5140625, 0.466796875, 19.3720703125, -0.42011718750000004])
array('d', [-27.0275390625, -0.37343750000000003, 20.585742187500003, -0.42011718750000004])
array('d', [-26.187304687500003, 1.400390625, 19.932226562500002, -0.3267578125])
array('d', [-27.0275390625, 0.18671875000000002, 19.698828125000002, 0.37343750000000003])
array('d', [-27.0275390625, 0.18671875000000002, 19.698828125000002, 0.37343750000000003])
array('d', [-27.0275390625, 0.18671875000000002, 19.698828125000002, 0.37343750000000003])
array('d', [-26.5607421875, 0.6068359375, 19.2787109375, 0.37343750000000003])
array('d', [-26.980859375, 0.7001953125, 19.2787109375, 0.37343750000000003])
array('d', [-26.980859375, 0.7001953125, 19.2787109375, -0.0])
array('d', [-26.980859375, 0.18671875000000002, 19.60546875, -0.0])
array('d', [-26.5140625, 0.18671875000000002, 19.7455078125, 0.280078125])
array('d', [-27.0275390625, 0.18671875000000002, 19.2787109375, -0.2333984375])
array('d', [-27.0275390625, 0.18671875000000002, 19.2787109375, -0.3267578125])
array('d', [-27.0275390625, 0.18671875000000002, 19.2787109375, -0.3267578125])
array('d', [-25.720507812500003, 0.3267578125, 18.9052734375, -0.3267578125])
array('d', [-26.5140625, 0.18671875000000002, 19.41875, 0.280078125])
array('d', [-26.5607421875, 0.9802734375000001, 19.3720703125, -0.42011718750000004])
array('d', [-26.5607421875, 0.9802734375000001, 19.3720703125, -0.42011718750000004])
array('d', [-26.5140625, -0.7001953125, 19.60546875, 0.280078125])
array('d', [-26.5140625, -0.7001953125, 19.60546875, 0.280078125])
array('d', [-26.233984375000002, -0.7001953125, 19.2787109375, -0.42011718750000004])
array('d', [-27.0275390625, 0.466796875, 19.2787109375, -0.653515625])
array('d', [-27.0275390625, 0.466796875, 19.2787109375, -0.2333984375])
array('d', [-26.5607421875, -0.5134765625000001, 19.2787109375, -0.2333984375])
array('d', [-26.980859375, 0.8869140625, 18.85859375, 0.280078125])
array('d', [-26.980859375, 0.8869140625, 18.85859375, 0.280078125])
array('d', [-26.980859375, 0.8869140625, 18.85859375, 0.280078125])
array('d', [-26.187304687500003, -0.7935546875, 19.2787109375, -0.8402343750000001])
array('d', [-26.654101562500003, 0.18671875000000002, 19.2787109375, 0.280078125])
array('d', [-26.654101562500003, -1.213671875, 19.932226562500002, 0.37343750000000003])
array('d', [-26.654101562500003, -1.213671875, 19.932226562500002, 0.37343750000000003])
array('d', [-26.187304687500003, -0.5134765625000001, 19.2787109375, -0.0])
array('d', [-27.167578125000002, -0.09335937500000001, 19.932226562500002, -0.0])
array('d', [-27.167578125000002, -0.09335937500000001, 19.932226562500002, -0.1400390625])
array('d', [-27.167578125000002, -0.09335937500000001, 19.932226562500002, -0.1400390625])
array('d', [-27.167578125000002, -0.09335937500000001, 19.932226562500002, -0.1400390625])
array('d', [-27.167578125000002, -0.09335937500000001, 19.932226562500002, -0.1400390625])
array('d', [-25.720507812500003, -0.5134765625000001, 19.8388671875, -0.1400390625])
array('d', [-27.3076171875, -0.2333984375, 20.258984375, 0.6068359375])
array('d', [-26.187304687500003, 0.6068359375, 19.512109375, -0.2333984375])
array('d', [-26.187304687500003, 0.6068359375, 19.512109375, -0.2333984375])
array('d', [-26.187304687500003, 0.6068359375, 19.512109375, -0.2333984375])
array('d', [-26.187304687500003, 0.6068359375, 19.512109375, -0.2333984375])
array('d', [-27.120898437500003, 0.8869140625, 16.9447265625, -0.1400390625])
array('d', [-27.120898437500003, -0.2333984375, 19.60546875, 0.280078125])
array('d', [-27.167578125000002, -0.2333984375, 19.60546875, 0.280078125])
array('d', [-26.654101562500003, 1.30703125, 19.2787109375, 0.280078125])
array('d', [-26.654101562500003, 0.6068359375, 20.2123046875, -0.5134765625000001])
array('d', [-27.400976562500002, 0.6068359375, 20.2123046875, -0.5134765625000001])
array('d', [-26.934179687500002, -1.6337890625, 19.8388671875, -0.3267578125])
array('d', [-27.0275390625, -1.6337890625, 19.8388671875, -0.3267578125])
array('d', [-27.0275390625, -1.6337890625, 19.8388671875, -0.3267578125])
array('d', [-27.0275390625, -1.6337890625, 19.8388671875, -0.3267578125])
array('d', [-27.0275390625, 0.18671875000000002, 19.2787109375, 0.09335937500000001])
array('d', [-27.120898437500003, 0.6068359375, 19.60546875, 0.09335937500000001])
array('d', [-26.187304687500003, -0.7001953125, 19.3720703125, -0.0])
array('d', [-26.187304687500003, -0.7001953125, 19.3720703125, -0.0])
array('d', [-27.0275390625, 0.18671875000000002, 19.7455078125, 0.09335937500000001])
array('d', [-26.233984375000002, -0.2333984375, 19.60546875, 0.18671875000000002])
array('d', [-26.467382812500002, -1.213671875, 19.3720703125, 0.18671875000000002])
array('d', [-25.58046875, 0.6068359375, 19.60546875, -0.0])
array('d', [-25.58046875, 0.6068359375, 19.60546875, 0.18671875000000002])
array('d', [-26.980859375, -0.7935546875, 18.951953125, 0.18671875000000002])
array('d', [-27.400976562500002, 1.1669921875, 19.60546875, -0.0])
array('d', [-27.400976562500002, -0.37343750000000003, 20.165625000000002, -1.400390625])
array('d', [-26.980859375, -0.37343750000000003, 20.165625000000002, -1.400390625])
array('d', [-26.5607421875, -0.2333984375, 19.932226562500002, 0.42011718750000004])
array('d', [-26.5607421875, -0.2333984375, 19.932226562500002, 0.42011718750000004])
array('d', [-26.5607421875, -0.2333984375, 19.932226562500002, 0.42011718750000004])
array('d', [-26.5140625, -0.5134765625000001, 19.1853515625, -0.0])
array('d', [-26.5140625, -0.5134765625000001, 19.8388671875, -0.1400390625])
array('d', [-26.32734375, -0.37343750000000003, 19.8388671875, -0.1400390625])
array('d', [-26.5607421875, 0.0, 19.0453125, -0.1400390625])
array('d', [-26.5607421875, 0.0, 19.7455078125, -0.1400390625])
array('d', [-26.654101562500003, 0.6068359375, 19.7455078125, -0.1400390625])
array('d', [-26.187304687500003, 0.466796875, 19.2787109375, 0.466796875])
array('d', [-27.120898437500003, -0.2333984375, 19.932226562500002, 0.466796875])
array('d', [-27.120898437500003, -0.2333984375, 19.932226562500002, 0.18671875000000002])
array('d', [-26.3740234375, -0.93359375, 19.2787109375, -0.0])
array('d', [-26.654101562500003, 0.7001953125, 19.8388671875, 0.09335937500000001])
array('d', [-26.654101562500003, 0.7001953125, 19.8388671875, 0.09335937500000001])
array('d', [-26.233984375000002, 0.18671875000000002, 19.60546875, 0.18671875000000002])
array('d', [-26.047265625, 0.0, 18.9052734375, 0.280078125])
array('d', [-26.047265625, 0.3267578125, 19.932226562500002, 0.8869140625])
array('d', [-25.720507812500003, 0.3267578125, 19.932226562500002, 0.8869140625])
array('d', [-26.5140625, 0.8869140625, 19.932226562500002, 0.09335937500000001])
array('d', [-26.934179687500002, -0.7001953125, 20.399023437500002, 0.280078125])
array('d', [-26.934179687500002, -0.7001953125, 20.399023437500002, 0.280078125])
array('d', [-26.934179687500002, -0.7001953125, 20.399023437500002, 0.280078125])
array('d', [-26.934179687500002, -0.7001953125, 20.399023437500002, 0.280078125])
array('d', [-27.0275390625, 0.0, 19.512109375, -0.5134765625000001])
array('d', [-26.654101562500003, 1.7271484375000001, 19.932226562500002, -0.2333984375])
array('d', [-26.654101562500003, 0.7001953125, 19.8388671875, -0.8402343750000001])
array('d', [-26.654101562500003, 0.7001953125, 19.8388671875, -0.8402343750000001])
array('d', [-26.654101562500003, -0.37343750000000003, 20.2123046875, -0.1400390625])
array('d', [-27.0275390625, -0.5134765625000001, 19.932226562500002, -0.0])
array('d', [-27.0275390625, -0.5134765625000001, 19.932226562500002, -0.2333984375])
array('d', [-27.0275390625, -0.5134765625000001, 19.932226562500002, -0.2333984375])
array('d', [-27.0275390625, -0.5134765625000001, 19.932226562500002, -0.2333984375])
array('d', [-27.0275390625, -0.5134765625000001, 19.932226562500002, -0.2333984375])
array('d', [-26.5607421875, 0.09335937500000001, 19.60546875, 0.7001953125])
array('d', [-27.44765625, -0.7001953125, 19.60546875, 0.7001953125])
array('d', [-27.400976562500002, 0.7935546875, 19.512109375, 0.09335937500000001])
array('d', [-27.400976562500002, 0.7935546875, 19.2787109375, 0.09335937500000001])
array('d', [-27.727734375, 0.466796875, 19.2787109375, 0.09335937500000001])
array('d', [-26.140625, -0.7001953125, 19.60546875, -0.0])
array('d', [-26.5607421875, -0.7001953125, 19.1853515625, -0.2333984375])
array('d', [-26.5607421875, -0.7001953125, 19.1853515625, -0.2333984375])
array('d', [-26.5607421875, -1.0269531250000001, 19.2787109375, -0.3267578125])
array('d', [-25.6271484375, -1.0269531250000001, 19.2787109375, -0.3267578125])
array('d', [-25.6271484375, 0.8869140625, 19.2787109375, -0.046679687500000004])
array('d', [-26.5140625, 0.8869140625, 19.2787109375, -0.046679687500000004])
array('d', [-26.5140625, 0.8869140625, 19.2787109375, -0.046679687500000004])
array('d', [-26.5140625, -0.1400390625, 19.7455078125, 0.09335937500000001])
array('d', [-25.767187500000002, 0.3267578125, 19.2787109375, 0.09335937500000001])
array('d', [-26.047265625, 0.8869140625, 19.2787109375, 0.6068359375])
array('d', [-26.047265625, 0.8869140625, 19.2787109375, -0.0])
array('d', [-26.980859375, 1.30703125, 19.60546875, -0.0])
array('d', [-26.5607421875, -0.7935546875, 19.0453125, -0.0])
array('d', [-26.5607421875, 0.18671875000000002, 19.2787109375, 0.280078125])
array('d', [-26.140625, 0.18671875000000002, 19.2787109375, 0.280078125])
array('d', [-27.400976562500002, 0.466796875, 19.0453125, 0.37343750000000003])
array('d', [-26.233984375000002, -0.5134765625000001, 19.60546875, 0.18671875000000002])
array('d', [-26.233984375000002, -0.5134765625000001, 19.932226562500002, 0.18671875000000002])
array('d', [-26.700781250000002, 0.6068359375, 19.932226562500002, 0.09335937500000001])
array('d', [-26.654101562500003, 0.18671875000000002, 19.8388671875, -0.42011718750000004])
array('d', [-26.654101562500003, -0.09335937500000001, 18.951953125, 0.09335937500000001])
array('d', [-27.120898437500003, -0.09335937500000001, 18.951953125, 0.09335937500000001])
array('d', [-27.120898437500003, -0.09335937500000001, 18.951953125, 0.09335937500000001])
array('d', [-26.140625, 0.18671875000000002, 19.1853515625, 0.280078125])
array('d', [-26.140625, 1.30703125, 19.60546875, -0.3267578125])
array('d', [-26.980859375, 1.30703125, 19.60546875, -0.0])
array('d', [-26.980859375, 1.30703125, 19.60546875, -0.0])
array('d', [-26.980859375, 1.30703125, 19.60546875, -0.0])
array('d', [-26.980859375, 1.30703125, 19.60546875, -0.0])
array('d', [-26.654101562500003, -0.2333984375, 19.2787109375, 0.18671875000000002])
array('d', [-27.44765625, 1.0269531250000001, 20.072265625, 0.18671875000000002])
array('d', [-26.140625, -0.5134765625000001, 19.60546875, 0.18671875000000002])
array('d', [-26.140625, -0.7001953125, 19.2787109375, 0.8869140625])
array('d', [-26.980859375, -0.7001953125, 19.2787109375, 0.37343750000000003])
array('d', [-27.3076171875, -0.2333984375, 19.60546875, 0.37343750000000003])
array('d', [-26.233984375000002, 0.466796875, 19.932226562500002, -0.56015625])
array('d', [-26.233984375000002, 0.466796875, 19.932226562500002, -0.56015625])
array('d', [-26.233984375000002, 0.466796875, 19.932226562500002, -0.56015625])
array('d', [-26.233984375000002, 0.466796875, 19.932226562500002, -0.56015625])
array('d', [-26.233984375000002, 0.466796875, 19.932226562500002, -0.2333984375])
array('d', [-26.5140625, 0.0, 19.512109375, -0.2333984375])
array('d', [-27.167578125000002, 0.18671875000000002, 19.8388671875, -0.09335937500000001])
array('d', [-27.167578125000002, 0.18671875000000002, 19.2787109375, 0.37343750000000003])
array('d', [-27.167578125000002, 0.18671875000000002, 19.2787109375, 0.37343750000000003])
array('d', [-27.167578125000002, 0.18671875000000002, 19.2787109375, 0.37343750000000003])
array('d', [-25.860546875, 1.30703125, 19.2787109375, 0.37343750000000003])
array('d', [-26.187304687500003, 0.466796875, 19.60546875, 0.5134765625000001])
array('d', [-26.32734375, 0.0, 19.2787109375, -0.2333984375])
array('d', [-26.32734375, 0.0, 19.60546875, 0.18671875000000002])
array('d', [-26.700781250000002, 0.0, 19.60546875, 0.18671875000000002])
array('d', [-26.047265625, -0.2333984375, 19.60546875, 0.09335937500000001])
array('d', [-27.400976562500002, -0.93359375, 19.2787109375, 0.18671875000000002])
array('d', [-27.400976562500002, -0.93359375, 19.60546875, -0.0])
array('d', [-26.187304687500003, -0.93359375, 19.60546875, -0.0])
array('d', [-27.0275390625, 0.0, 20.0255859375, -0.653515625])
array('d', [-26.5607421875, 0.18671875000000002, 19.2787109375, -0.0])
array('d', [-26.5607421875, 0.18671875000000002, 19.2787109375, -0.1400390625])
array('d', [-26.980859375, 0.9802734375000001, 19.8388671875, -0.1400390625])
array('d', [-26.5607421875, 0.466796875, 19.2787109375, 0.7001953125])
array('d', [-26.5607421875, 0.466796875, 19.2787109375, 0.7001953125])
array('d', [-26.5607421875, 0.466796875, 19.2787109375, 0.7001953125])
array('d', [-26.5607421875, 0.466796875, 19.2787109375, 0.7001953125])
array('d', [-26.5140625, 0.0, 19.3720703125, -0.1400390625])
array('d', [-26.5140625, -0.2333984375, 19.698828125000002, 0.42011718750000004])
array('d', [-26.980859375, -0.2333984375, 19.698828125000002, 0.42011718750000004])
array('d', [-26.980859375, -0.2333984375, 19.698828125000002, 0.42011718750000004])
array('d', [-26.980859375, -0.2333984375, 19.698828125000002, 0.42011718750000004])
array('d', [-26.980859375, 0.3267578125, 20.165625000000002, 0.42011718750000004])
array('d', [-26.654101562500003, 0.0, 20.165625000000002, 0.42011718750000004])
array('d', [-25.720507812500003, -0.37343750000000003, 19.60546875, 0.7935546875])
array('d', [-26.32734375, 0.0, 19.8388671875, -0.3267578125])
array('d', [-26.32734375, 0.0, 19.8388671875, -0.3267578125])
array('d', [-26.5607421875, -0.93359375, 19.8388671875, -0.0])
array('d', [-26.5607421875, -0.5134765625000001, 19.512109375, 0.09335937500000001])
array('d', [-26.5607421875, -0.5134765625000001, 19.512109375, 0.09335937500000001])
array('d', [-26.5607421875, -0.5134765625000001, 19.512109375, 0.09335937500000001])
array('d', [-26.5607421875, -0.2333984375, 19.60546875, 0.18671875000000002])
array('d', [-26.5607421875, -0.2333984375, 19.60546875, 0.18671875000000002])
array('d', [-26.187304687500003, 0.466796875, 19.2787109375, -0.2333984375])
array('d', [-27.0275390625, -0.7001953125, 19.2787109375, 0.42011718750000004])
array('d', [-27.0275390625, -0.7001953125, 19.60546875, -0.653515625])
array('d', [-26.980859375, 0.6068359375, 19.2787109375, -0.653515625])
array('d', [-26.5607421875, 0.18671875000000002, 19.932226562500002, 0.18671875000000002])
array('d', [-26.5607421875, -0.2333984375, 18.9052734375, -0.0])
array('d', [-26.654101562500003, -0.2333984375, 18.9052734375, -0.0])
array('d', [-26.980859375, 0.18671875000000002, 19.2787109375, -0.3267578125])
array('d', [-26.233984375000002, 0.6068359375, 19.932226562500002, -0.42011718750000004])
array('d', [-26.233984375000002, 0.6068359375, 19.932226562500002, -0.42011718750000004])
array('d', [-26.187304687500003, 0.7001953125, 19.0453125, -0.0])
array('d', [-26.140625, 0.6068359375, 18.9052734375, 0.466796875])
array('d', [-26.140625, 0.466796875, 19.7455078125, -0.42011718750000004])
array('d', [-26.5607421875, 0.466796875, 19.7455078125, -0.42011718750000004])
array('d', [-25.767187500000002, 0.7001953125, 19.2787109375, -0.0])
array('d', [-26.934179687500002, -0.7935546875, 19.932226562500002, -0.653515625])
array('d', [-26.934179687500002, -0.7935546875, 19.932226562500002, -0.653515625])
array('d', [-26.140625, 0.466796875, 20.0255859375, 0.18671875000000002])
array('d', [-26.187304687500003, -1.0269531250000001, 20.2123046875, 0.18671875000000002])
array('d', [-26.187304687500003, -1.0269531250000001, 19.698828125000002, 0.42011718750000004])
array('d', [-27.867773437500002, -0.09335937500000001, 19.698828125000002, 0.42011718750000004])
array('d', [-26.233984375000002, -1.0269531250000001, 19.932226562500002, 0.280078125])
array('d', [-26.934179687500002, -0.7001953125, 19.698828125000002, -0.3267578125])
array('d', [-26.934179687500002, -0.7001953125, 19.698828125000002, -0.3267578125])
array('d', [-26.233984375000002, 0.0, 19.8388671875, -0.3267578125])
array('d', [-26.980859375, 0.3267578125, 19.512109375, 0.280078125])
array('d', [-26.980859375, 0.466796875, 19.512109375, -0.3267578125])
array('d', [-27.0275390625, 0.466796875, 19.512109375, -0.3267578125])
array('d', [-26.934179687500002, 0.466796875, 19.60546875, -0.42011718750000004])
array('d', [-26.5607421875, 1.5404296875, 19.932226562500002, -0.1400390625])
array('d', [-26.5607421875, 1.5404296875, 19.512109375, 0.18671875000000002])
array('d', [-26.5607421875, 0.18671875000000002, 19.512109375, 0.18671875000000002])
array('d', [-26.654101562500003, 0.466796875, 19.8388671875, 0.09335937500000001])
array('d', [-26.654101562500003, 0.466796875, 19.8388671875, -0.8402343750000001])
array('d', [-26.5607421875, -0.7001953125, 19.2787109375, -0.8402343750000001])
array('d', [-27.0275390625, -0.7001953125, 19.2787109375, -0.8402343750000001])
array('d', [-27.0275390625, -0.7001953125, 19.60546875, 0.09335937500000001])
array('d', [-26.140625, -0.2333984375, 18.9052734375, 0.466796875])
array('d', [-26.140625, 1.1669921875, 18.85859375, -0.0])
array('d', [-25.860546875, 1.1669921875, 18.85859375, -0.0])
array('d', [-25.860546875, 1.1669921875, 18.85859375, -0.0])
array('d', [-25.860546875, 1.1669921875, 18.85859375, -0.0])
array('d', [-25.860546875, 1.1669921875, 18.85859375, -0.0])
array('d', [-25.860546875, 1.1669921875, 18.85859375, -0.0])
array('d', [-26.934179687500002, -1.213671875, 19.2787109375, -0.1400390625])
array('d', [-26.934179687500002, -0.7001953125, 19.512109375, -0.0])
array('d', [-26.8408203125, -0.7001953125, 19.512109375, -0.0])
array('d', [-26.233984375000002, 0.8869140625, 19.41875, -0.0])
array('d', [-26.233984375000002, 0.8869140625, 19.41875, -0.0])
array('d', [-26.233984375000002, 0.8869140625, 19.41875, -0.0])
array('d', [-26.187304687500003, 0.8869140625, 19.60546875, 0.18671875000000002])
array('d', [-26.187304687500003, 0.8869140625, 19.1853515625, -0.1400390625])
array('d', [-26.5607421875, 0.18671875000000002, 19.1853515625, -0.1400390625])
array('d', [-26.5607421875, 0.18671875000000002, 19.2787109375, -0.3267578125])
array('d', [-26.187304687500003, -0.7001953125, 19.1853515625, -0.09335937500000001])
array('d', [-26.5607421875, 1.1669921875, 19.1853515625, -0.09335937500000001])
array('d', [-26.934179687500002, 0.0, 19.60546875, -0.0])
array('d', [-26.934179687500002, 0.0, 19.60546875, -0.0])
array('d', [-27.120898437500003, -0.5134765625000001, 19.932226562500002, -0.0])
array('d', [-26.654101562500003, -0.5134765625000001, 19.2787109375, -0.0])
array('d', [-26.654101562500003, -0.37343750000000003, 19.60546875, 0.7001953125])
array('d', [-26.5140625, -0.37343750000000003, 19.60546875, 0.7001953125])
array('d', [-26.654101562500003, 0.0, 19.7455078125, -0.0])
array('d', [-26.980859375, 0.3267578125, 20.2123046875, 0.37343750000000003])
array('d', [-26.980859375, -0.2333984375, 19.2787109375, 0.18671875000000002])
array('d', [-26.5607421875, -0.2333984375, 19.2787109375, 0.18671875000000002])
array('d', [-26.980859375, 0.18671875000000002, 19.932226562500002, 0.466796875])
array('d', [-26.5607421875, 0.0, 19.3720703125, -0.1400390625])
array('d', [-26.5607421875, 0.0, 19.3720703125, -0.1400390625])
array('d', [-26.980859375, -0.09335937500000001, 19.60546875, -0.3267578125])
array('d', [-26.980859375, -0.37343750000000003, 18.951953125, -0.0])
array('d', [-26.980859375, -0.5134765625000001, 19.932226562500002, 0.18671875000000002])
array('d', [-26.980859375, -0.5134765625000001, 19.932226562500002, 0.18671875000000002])
array('d', [-26.187304687500003, 1.1669921875, 19.0453125, -0.3267578125])
array('d', [-26.187304687500003, 1.1669921875, 19.932226562500002, -0.1400390625])
array('d', [-27.0275390625, 0.7001953125, 19.932226562500002, -0.1400390625])
array('d', [-26.654101562500003, -0.09335937500000001, 19.60546875, 0.7001953125])
array('d', [-27.541015625, -0.2333984375, 19.2787109375, -0.0])
array('d', [-27.541015625, -0.2333984375, 20.072265625, 0.6068359375])
array('d', [-26.5607421875, 0.466796875, 20.072265625, 0.6068359375])
array('d', [-26.980859375, -0.7001953125, 19.8388671875, -0.42011718750000004])
array('d', [-25.6271484375, -0.37343750000000003, 19.60546875, 0.280078125])
array('d', [-25.6271484375, -0.37343750000000003, 19.60546875, -0.09335937500000001])
array('d', [-26.5607421875, 0.466796875, 19.60546875, -0.09335937500000001])
array('d', [-26.934179687500002, 1.0269531250000001, 19.932226562500002, -0.2333984375])
array('d', [-26.934179687500002, 1.0269531250000001, 19.2787109375, 0.466796875])
array('d', [-26.187304687500003, -0.5134765625000001, 19.2787109375, 0.466796875])
array('d', [-26.187304687500003, -0.5134765625000001, 19.2787109375, 0.466796875])
array('d', [-26.187304687500003, -0.5134765625000001, 19.2787109375, 0.466796875])
array('d', [-26.187304687500003, 0.0, 19.41875, -0.09335937500000001])
array('d', [-26.980859375, -0.7001953125, 18.9052734375, -0.5134765625000001])
array('d', [-25.860546875, 0.466796875, 19.8388671875, -0.1400390625])
array('d', [-25.860546875, 0.466796875, 19.8388671875, -0.1400390625])
array('d', [-26.047265625, -0.2333984375, 19.8388671875, 0.280078125])
array('d', [-26.467382812500002, 0.7001953125, 19.932226562500002, -0.0])
array('d', [-26.467382812500002, 0.7001953125, 19.932226562500002, -0.0])
array('d', [-26.233984375000002, 0.7001953125, 19.932226562500002, -0.2333984375])
array('d', [-26.233984375000002, -0.2333984375, 19.932226562500002, 0.09335937500000001])
array('d', [-26.233984375000002, 1.1669921875, 19.932226562500002, 0.18671875000000002])
array('d', [-27.0275390625, 1.1669921875, 19.932226562500002, 0.18671875000000002])
array('d', [-27.0275390625, 1.1669921875, 19.932226562500002, 0.18671875000000002])
array('d', [-26.5140625, -0.93359375, 19.698828125000002, -0.42011718750000004])
array('d', [-26.187304687500003, 0.6068359375, 19.8388671875, 0.6068359375])
array('d', [-26.187304687500003, 0.6068359375, 19.8388671875, 0.6068359375])
array('d', [-27.0275390625, -0.2333984375, 19.8388671875, -0.3267578125])
array('d', [-26.187304687500003, -0.2333984375, 19.2787109375, -0.0])
array('d', [-26.187304687500003, -0.2333984375, 19.512109375, -0.3267578125])
array('d', [-27.0275390625, 0.0, 19.512109375, -0.3267578125])
array('d', [-26.5607421875, -0.93359375, 19.138671875, 0.280078125])
array('d', [-26.934179687500002, 1.30703125, 18.578515625, -0.5134765625000001])
array('d', [-26.934179687500002, 1.30703125, 18.578515625, 0.280078125])
array('d', [-26.934179687500002, 1.30703125, 18.578515625, 0.280078125])
array('d', [-27.821093750000003, 0.466796875, 19.2787109375, 0.5134765625000001])
array('d', [-26.140625, -1.0736328125, 19.2787109375, 0.5134765625000001])
array('d', [-26.5607421875, -0.37343750000000003, 19.2787109375, 0.09335937500000001])
array('d', [-26.5607421875, -0.37343750000000003, 19.2787109375, 0.09335937500000001])
array('d', [-27.0275390625, 0.0, 19.2787109375, -0.0])
array('d', [-25.767187500000002, 0.466796875, 19.60546875, -0.0])
array('d', [-25.767187500000002, 0.466796875, 19.512109375, 0.18671875000000002])
array('d', [-25.767187500000002, 0.466796875, 19.512109375, 0.18671875000000002])
array('d', [-25.767187500000002, 0.466796875, 19.512109375, 0.18671875000000002])
array('d', [-25.767187500000002, 0.466796875, 19.512109375, 0.18671875000000002])
array('d', [-27.587695312500003, -0.2333984375, 19.512109375, -0.0])
array('d', [-27.587695312500003, -0.2333984375, 19.512109375, -0.0])
array('d', [-26.654101562500003, -0.7001953125, 19.60546875, -0.0])
array('d', [-26.980859375, -0.7001953125, 19.60546875, -0.0])
array('d', [-26.980859375, -0.93359375, 19.8388671875, -0.2333984375])
array('d', [-25.860546875, 0.466796875, 19.512109375, -0.653515625])
array('d', [-27.0275390625, -0.2333984375, 19.60546875, 0.37343750000000003])
array('d', [-27.0275390625, -0.2333984375, 19.512109375, 0.5134765625000001])
array('d', [-26.187304687500003, -0.2333984375, 19.512109375, 0.5134765625000001])
array('d', [-27.0275390625, 0.3267578125, 19.7455078125, 0.37343750000000003])
array('d', [-26.5140625, -0.37343750000000003, 19.41875, -0.3267578125])
array('d', [-26.5140625, -0.37343750000000003, 19.41875, -0.3267578125])
array('d', [-26.700781250000002, -0.93359375, 20.4923828125, -0.42011718750000004])
array('d', [-26.5140625, 0.0, 19.8388671875, -0.1400390625])
array('d', [-26.980859375, 0.0, 18.578515625, 0.280078125])
array('d', [-26.980859375, 0.7001953125, 18.951953125, 0.37343750000000003])
array('d', [-27.541015625, 0.7001953125, 18.951953125, 0.37343750000000003])
array('d', [-26.187304687500003, 0.466796875, 18.9052734375, -0.0])
array('d', [-27.0275390625, -0.5134765625000001, 19.60546875, -0.3267578125])
array('d', [-26.5607421875, 1.0269531250000001, 19.60546875, -0.2333984375])
array('d', [-26.5607421875, 1.0269531250000001, 19.60546875, 0.280078125])
array('d', [-26.980859375, 0.18671875000000002, 19.3720703125, 0.280078125])
array('d', [-26.187304687500003, -0.93359375, 19.60546875, -0.0])
array('d', [-26.187304687500003, 0.6068359375, 19.8388671875, -0.1400390625])
array('d', [-26.654101562500003, 0.6068359375, 19.8388671875, -0.1400390625])
array('d', [-26.5140625, 0.466796875, 19.512109375, -0.2333984375])
array('d', [-26.5607421875, -1.3537109375, 19.2787109375, -0.1400390625])
array('d', [-26.5607421875, 0.3267578125, 19.3720703125, -0.0])
array('d', [-26.467382812500002, 0.3267578125, 19.3720703125, -0.0])
array('d', [-26.5140625, -0.2333984375, 18.578515625, -0.0])
array('d', [-26.654101562500003, 1.1669921875, 19.2787109375, -0.2333984375])
array('d', [-26.654101562500003, 1.1669921875, 19.60546875, -0.2333984375])
array('d', [-26.5140625, -0.7001953125, 19.60546875, -0.2333984375])
array('d', [-28.287890625000003, -0.7001953125, 19.1853515625, 0.7001953125])
array('d', [-26.5140625, -0.93359375, 19.8388671875, -0.0])
array('d', [-26.5140625, -0.93359375, 19.2787109375, 0.7001953125])
array('d', [-26.5607421875, 0.8869140625, 19.2787109375, 0.7001953125])
array('d', [-26.140625, 0.8869140625, 19.2787109375, -0.7468750000000001])
array('d', [-26.654101562500003, 0.466796875, 19.60546875, -0.2333984375])
array('d', [-26.654101562500003, 0.466796875, 19.60546875, -0.42011718750000004])
array('d', [-26.140625, -0.7935546875, 19.60546875, -0.42011718750000004])
array('d', [-25.767187500000002, -0.2333984375, 20.165625000000002, 0.5134765625000001])
array('d', [-26.140625, -0.8402343750000001, 19.7455078125, 0.37343750000000003])
array('d', [-26.140625, -0.8402343750000001, 19.932226562500002, -0.1400390625])
array('d', [-26.187304687500003, -0.7935546875, 19.932226562500002, -0.1400390625])
array('d', [-27.0275390625, 0.0, 19.512109375, -0.0])
array('d', [-26.5140625, 0.09335937500000001, 19.512109375, -0.0])
array('d', [-26.5140625, 0.09335937500000001, 19.512109375, -0.3267578125])
array('d', [-26.654101562500003, 0.466796875, 19.2787109375, -0.0])
array('d', [-26.654101562500003, 0.466796875, 19.932226562500002, -0.7468750000000001])
array('d', [-26.654101562500003, -0.2333984375, 19.932226562500002, -0.7468750000000001])
array('d', [-26.654101562500003, -0.2333984375, 19.932226562500002, -0.7468750000000001])
array('d', [-26.654101562500003, -0.2333984375, 19.932226562500002, -0.7468750000000001])
array('d', [-26.980859375, 0.18671875000000002, 19.41875, 0.09335937500000001])
array('d', [-26.980859375, 0.18671875000000002, 19.60546875, -0.0])
array('d', [-26.5607421875, 1.1669921875, 19.60546875, -0.0])
array('d', [-26.233984375000002, -0.5134765625000001, 19.2787109375, -0.0])
array('d', [-27.541015625, 0.18671875000000002, 20.2123046875, 0.09335937500000001])
array('d', [-27.541015625, -0.8402343750000001, 19.2787109375, -0.1400390625])
array('d', [-26.5607421875, -0.8402343750000001, 19.60546875, -0.1400390625])
array('d', [-27.0275390625, 1.5404296875, 19.60546875, 0.37343750000000003])
array('d', [-26.5140625, -0.2333984375, 20.165625000000002, -0.0])
array('d', [-26.5140625, -0.2333984375, 19.932226562500002, -0.3267578125])
array('d', [-25.300390625000002, 0.18671875000000002, 19.60546875, 0.37343750000000003])
array('d', [-25.300390625000002, 0.18671875000000002, 19.60546875, 0.37343750000000003])
array('d', [-26.700781250000002, -0.93359375, 20.165625000000002, -0.3267578125])
array('d', [-26.654101562500003, -0.5134765625000001, 19.60546875, -0.3267578125])
array('d', [-26.654101562500003, -0.5134765625000001, 19.2787109375, -0.1400390625])
array('d', [-26.700781250000002, 0.18671875000000002, 19.2787109375, -0.1400390625])
array('d', [-25.720507812500003, 0.3267578125, 19.41875, -0.2333984375])
array('d', [-26.980859375, 0.3267578125, 19.41875, -0.3267578125])
array('d', [-26.980859375, 0.3267578125, 19.512109375, -0.3267578125])
array('d', [-26.934179687500002, -0.5134765625000001, 19.512109375, 0.5134765625000001])
array('d', [-26.5607421875, 0.6068359375, 20.165625000000002, -0.1400390625])
array('d', [-26.5607421875, 0.6068359375, 19.60546875, -0.3267578125])
array('d', [-26.467382812500002, 0.18671875000000002, 19.60546875, -0.3267578125])
array('d', [-26.5607421875, 0.466796875, 19.60546875, 0.09335937500000001])
array('d', [-26.5607421875, 0.466796875, 19.60546875, 0.09335937500000001])
array('d', [-26.5607421875, 0.466796875, 19.60546875, 0.09335937500000001])
array('d', [-26.140625, -0.2333984375, 20.165625000000002, 0.18671875000000002])
array('d', [-26.140625, -0.2333984375, 20.165625000000002, -0.1400390625])
array('d', [-25.767187500000002, -0.09335937500000001, 20.165625000000002, -0.1400390625])
array('d', [-26.654101562500003, -0.2333984375, 19.8388671875, -0.0])
array('d', [-27.0275390625, 1.30703125, 19.932226562500002, -0.3267578125])
array('d', [-26.980859375, 0.6068359375, 19.3720703125, 0.09335937500000001])
array('d', [-26.980859375, 0.6068359375, 19.3720703125, 0.09335937500000001])
array('d', [-26.980859375, 0.6068359375, 19.3720703125, 0.09335937500000001])
array('d', [-27.0275390625, 0.18671875000000002, 19.512109375, -0.56015625])
array('d', [-27.0275390625, 0.18671875000000002, 19.138671875, 0.6068359375])
array('d', [-27.0275390625, -0.2333984375, 19.60546875, -0.0])
array('d', [-25.767187500000002, -0.2333984375, 19.60546875, -0.0])
array('d', [-27.0275390625, 0.466796875, 19.60546875, -0.0])
array('d', [-27.0275390625, 1.1669921875, 19.3720703125, 0.37343750000000003])
array('d', [-27.0275390625, 1.1669921875, 19.3720703125, 0.37343750000000003])
array('d', [-27.0275390625, 1.1669921875, 19.3720703125, 0.37343750000000003])
array('d', [-27.0275390625, 1.1669921875, 19.3720703125, 0.37343750000000003])
array('d', [-26.140625, 1.1669921875, 19.3720703125, 0.37343750000000003])
array('d', [-25.860546875, 0.466796875, 19.60546875, 0.09335937500000001])
array('d', [-26.140625, -0.37343750000000003, 18.951953125, 0.37343750000000003])
array('d', [-26.140625, -0.2333984375, 19.698828125000002, 0.37343750000000003])
array('d', [-26.5140625, -0.2333984375, 19.698828125000002, 0.37343750000000003])
array('d', [-26.5140625, 0.3267578125, 19.512109375, -0.0])
array('d', [-26.187304687500003, 1.30703125, 19.60546875, -0.0])
array('d', [-26.187304687500003, 1.30703125, 19.2787109375, 0.5134765625000001])
array('d', [-26.32734375, 0.3267578125, 19.2787109375, 0.5134765625000001])
array('d', [-27.120898437500003, 0.8869140625, 18.9052734375, -0.42011718750000004])
array('d', [-26.5607421875, 0.6068359375, 19.3720703125, -0.42011718750000004])
array('d', [-26.5607421875, 0.6068359375, 19.3720703125, -0.0])
array('d', [-26.5140625, -0.7001953125, 18.9052734375, -0.3267578125])
array('d', [-26.140625, -0.09335937500000001, 19.8388671875, -0.42011718750000004])
array('d', [-26.140625, -0.5134765625000001, 19.60546875, -0.3267578125])
array('d', [-26.187304687500003, -0.5134765625000001, 19.60546875, -0.3267578125])
array('d', [-26.980859375, -0.93359375, 19.60546875, -0.56015625])
array('d', [-26.654101562500003, 0.3267578125, 18.7185546875, -0.1400390625])
array('d', [-26.5607421875, 0.18671875000000002, 20.258984375, -0.56015625])
array('d', [-26.5607421875, 0.18671875000000002, 20.258984375, -0.56015625])
array('d', [-26.980859375, 0.18671875000000002, 19.2787109375, -0.1400390625])
array('d', [-26.654101562500003, 0.8869140625, 19.2787109375, -0.1400390625])
array('d', [-26.654101562500003, 0.8869140625, 19.3720703125, 0.280078125])
array('d', [-26.654101562500003, -0.93359375, 19.60546875, 0.280078125])
array('d', [-27.44765625, -2.147265625, 19.1853515625, 0.18671875000000002])
array('d', [-27.44765625, -2.147265625, 19.1853515625, 0.18671875000000002])
array('d', [-27.44765625, -2.147265625, 19.1853515625, 0.18671875000000002])
array('d', [-25.720507812500003, 0.18671875000000002, 19.512109375, -0.2333984375])
array('d', [-27.0275390625, 0.18671875000000002, 18.9052734375, 0.280078125])
array('d', [-27.0275390625, 0.18671875000000002, 18.9052734375, -0.1400390625])
array('d', [-27.0275390625, 0.18671875000000002, 18.9052734375, -0.1400390625])
array('d', [-27.0275390625, 0.18671875000000002, 18.9052734375, -0.1400390625])
array('d', [-27.44765625, 1.1669921875, 19.512109375, 0.09335937500000001])
array('d', [-27.0275390625, -1.0736328125, 19.512109375, 0.09335937500000001])
array('d', [-26.700781250000002, 0.6068359375, 19.8388671875, 0.280078125])
array('d', [-26.700781250000002, 0.6068359375, 19.8388671875, 0.280078125])
array('d', [-26.700781250000002, 0.6068359375, 19.8388671875, 0.280078125])
array('d', [-26.5607421875, 0.6068359375, 19.932226562500002, -1.0736328125])
array('d', [-26.047265625, -0.2333984375, 19.41875, -0.56015625])
array('d', [-26.047265625, 0.466796875, 18.9052734375, 0.5134765625000001])
array('d', [-27.44765625, 0.466796875, 18.9052734375, 0.5134765625000001])
array('d', [-25.860546875, -0.5134765625000001, 19.1853515625, 0.09335937500000001])
array('d', [-26.187304687500003, -1.3537109375, 19.2787109375, -0.1400390625])
array('d', [-26.187304687500003, 0.466796875, 19.3720703125, 0.18671875000000002])
array('d', [-27.120898437500003, 0.466796875, 19.3720703125, 0.18671875000000002])
array('d', [-26.654101562500003, 0.7001953125, 19.512109375, 0.37343750000000003])
array('d', [-26.654101562500003, -0.5134765625000001, 19.2787109375, 0.18671875000000002])
array('d', [-25.6271484375, -0.5134765625000001, 19.2787109375, 0.18671875000000002])
array('d', [-25.6271484375, -0.5134765625000001, 19.2787109375, 0.18671875000000002])
array('d', [-25.6271484375, -0.5134765625000001, 19.2787109375, 0.18671875000000002])
array('d', [-26.5140625, -0.09335937500000001, 19.7455078125, -0.2333984375])
array('d', [-26.654101562500003, 1.400390625, 19.60546875, -0.56015625])
array('d', [-26.654101562500003, 1.1669921875, 19.7455078125, 0.18671875000000002])
array('d', [-26.187304687500003, 1.1669921875, 19.7455078125, 0.18671875000000002])
array('d', [-26.140625, 0.8869140625, 19.60546875, -0.42011718750000004])
array('d', [-26.140625, 0.8869140625, 19.2787109375, -0.3267578125])
array('d', [-25.767187500000002, 0.0, 19.2787109375, -0.3267578125])
array('d', [-26.980859375, -0.09335937500000001, 19.60546875, 0.09335937500000001])
array('d', [-27.821093750000003, -0.93359375, 19.2787109375, 0.18671875000000002])
array('d', [-27.821093750000003, -0.93359375, 19.1853515625, -0.56015625])
array('d', [-26.5607421875, 0.18671875000000002, 19.1853515625, -0.56015625])
array('d', [-26.5607421875, 0.18671875000000002, 19.1853515625, -0.56015625])
array('d', [-26.5607421875, 0.18671875000000002, 19.1853515625, -0.56015625])
array('d', [-26.32734375, -0.93359375, 19.8388671875, 0.280078125])
array('d', [-27.400976562500002, 0.18671875000000002, 19.8388671875, 0.6068359375])
array('d', [-25.720507812500003, 0.466796875, 19.698828125000002, -0.42011718750000004])
array('d', [-25.720507812500003, 0.466796875, 19.698828125000002, -0.42011718750000004])
array('d', [-25.720507812500003, 0.466796875, 19.698828125000002, -0.42011718750000004])
array('d', [-25.720507812500003, 0.466796875, 19.698828125000002, -0.42011718750000004])
array('d', [-26.140625, 0.6068359375, 19.60546875, -0.3267578125])
array('d', [-26.140625, 0.6068359375, 19.60546875, 0.5134765625000001])
array('d', [-26.5607421875, -0.2333984375, 19.2787109375, -0.3267578125])
array('d', [-26.140625, 0.0, 19.60546875, 0.09335937500000001])
array('d', [-26.140625, 0.0, 20.2123046875, -0.2333984375])
array('d', [-26.233984375000002, 0.8869140625, 20.2123046875, -0.2333984375])
array('d', [-26.654101562500003, 0.6068359375, 20.165625000000002, -0.56015625])
array('d', [-26.187304687500003, -0.7001953125, 20.165625000000002, 0.18671875000000002])
array('d', [-26.187304687500003, -0.7001953125, 20.165625000000002, 0.280078125])
array('d', [-26.654101562500003, 1.30703125, 19.512109375, 0.280078125])
array('d', [-26.5140625, -0.2333984375, 19.60546875, 0.18671875000000002])
array('d', [-26.5140625, 0.18671875000000002, 19.1853515625, -0.2333984375])
array('d', [-26.5607421875, 0.18671875000000002, 19.1853515625, -0.2333984375])
array('d', [-27.120898437500003, 0.0, 19.932226562500002, 0.18671875000000002])
array('d', [-26.5140625, 0.3267578125, 19.41875, 0.18671875000000002])
array('d', [-26.5140625, 0.3267578125, 19.60546875, -0.42011718750000004])
array('d', [-26.000585937500002, 0.3267578125, 19.60546875, -0.42011718750000004])
array('d', [-27.400976562500002, -0.09335937500000001, 19.932226562500002, -0.0])
array('d', [-26.5140625, 0.466796875, 19.60546875, -0.0])
array('d', [-26.5140625, 0.466796875, 19.60546875, -0.1400390625])
array('d', [-26.654101562500003, -0.7001953125, 19.8388671875, -0.1400390625])
array('d', [-26.233984375000002, 0.0, 20.165625000000002, -0.0])
array('d', [-26.233984375000002, 0.8869140625, 19.60546875, -0.42011718750000004])
array('d', [-26.047265625, 0.8869140625, 19.60546875, -0.42011718750000004])
array('d', [-26.047265625, 0.8869140625, 19.60546875, -0.42011718750000004])
array('d', [-26.047265625, 0.8869140625, 19.60546875, -0.42011718750000004])
array('d', [-26.5140625, -0.7001953125, 19.60546875, 0.18671875000000002])
array('d', [-26.980859375, -0.5134765625000001, 19.60546875, 0.18671875000000002])
array('d', [-27.541015625, 0.466796875, 19.2787109375, 0.09335937500000001])
array('d', [-27.541015625, 0.466796875, 19.2787109375, 0.09335937500000001])
array('d', [-27.541015625, 0.466796875, 19.2787109375, 0.09335937500000001])
array('d', [-26.187304687500003, -0.5134765625000001, 19.2787109375, 0.37343750000000003])
array('d', [-26.980859375, 0.466796875, 19.698828125000002, 0.18671875000000002])
array('d', [-25.720507812500003, 0.466796875, 19.3720703125, -0.3267578125])
array('d', [-25.720507812500003, 0.466796875, 19.3720703125, -0.3267578125])
array('d', [-27.44765625, -1.213671875, 19.60546875, 0.18671875000000002])
array('d', [-25.720507812500003, 0.466796875, 19.60546875, 0.09335937500000001])
array('d', [-25.720507812500003, -1.4470703125000002, 19.932226562500002, 0.18671875000000002])
array('d', [-25.720507812500003, -1.4470703125000002, 19.932226562500002, 0.18671875000000002])
array('d', [-25.720507812500003, -1.4470703125000002, 19.932226562500002, 0.18671875000000002])
array('d', [-26.140625, -1.4470703125000002, 19.932226562500002, 0.18671875000000002])
array('d', [-26.5607421875, 0.466796875, 19.8388671875, 0.280078125])
array('d', [-27.167578125000002, 0.56015625, 19.932226562500002, 0.09335937500000001])
array('d', [-27.167578125000002, 0.56015625, 19.932226562500002, 0.09335937500000001])
array('d', [-27.167578125000002, 0.56015625, 19.932226562500002, 0.09335937500000001])
array('d', [-27.167578125000002, 0.56015625, 19.932226562500002, 0.09335937500000001])
array('d', [-26.980859375, 1.5404296875, 19.60546875, 0.18671875000000002])
array('d', [-26.5607421875, 0.18671875000000002, 19.60546875, 0.37343750000000003])
array('d', [-26.5607421875, 0.18671875000000002, 19.60546875, 0.18671875000000002])
array('d', [-27.541015625, 0.18671875000000002, 19.60546875, 0.18671875000000002])
array('d', [-27.541015625, 0.18671875000000002, 19.60546875, 0.18671875000000002])
array('d', [-26.187304687500003, -1.0736328125, 18.951953125, 0.18671875000000002])
array('d', [-26.187304687500003, -1.213671875, 19.60546875, -0.1400390625])
array('d', [-27.3076171875, -1.213671875, 19.60546875, -0.1400390625])
array('d', [-27.727734375, 0.18671875000000002, 19.60546875, -0.2333984375])
array('d', [-27.9611328125, 0.7001953125, 19.138671875, 0.09335937500000001])
array('d', [-27.9611328125, 0.7001953125, 19.0453125, -0.0])
array('d', [-26.980859375, 0.0, 19.0453125, 0.09335937500000001])
array('d', [-25.860546875, -0.2333984375, 19.60546875, 0.09335937500000001])
array('d', [-25.767187500000002, -0.5134765625000001, 19.7455078125, -0.3267578125])
array('d', [-26.700781250000002, 1.30703125, 19.932226562500002, -0.0])
array('d', [-26.700781250000002, 1.30703125, 19.932226562500002, 0.09335937500000001])
array('d', [-27.0275390625, -0.7935546875, 19.932226562500002, 0.09335937500000001])
array('d', [-26.654101562500003, -0.7001953125, 19.41875, 0.280078125])
array('d', [-26.980859375, 0.466796875, 19.932226562500002, 0.280078125])
array('d', [-26.980859375, 0.466796875, 19.932226562500002, 0.280078125])
array('d', [-26.000585937500002, -0.09335937500000001, 19.60546875, -0.42011718750000004])
array('d', [-26.187304687500003, 0.18671875000000002, 19.60546875, 0.09335937500000001])
array('d', [-26.187304687500003, 0.18671875000000002, 19.1853515625, -0.0])
array('d', [-26.140625, -0.2333984375, 19.1853515625, -0.0])
array('d', [-26.5607421875, -0.7001953125, 19.60546875, -0.8402343750000001])
array('d', [-26.233984375000002, 0.7001953125, 19.932226562500002, -0.1400390625])
array('d', [-26.233984375000002, 0.7001953125, 19.932226562500002, -0.1400390625])
array('d', [-26.233984375000002, 0.7001953125, 19.932226562500002, -0.1400390625])
array('d', [-26.233984375000002, 0.7001953125, 19.932226562500002, -0.1400390625])
array('d', [-26.654101562500003, 0.8869140625, 20.258984375, -0.3267578125])
array('d', [-26.654101562500003, 1.1669921875, 19.60546875, -0.1400390625])
array('d', [-26.934179687500002, 1.1669921875, 19.60546875, -0.1400390625])
array('d', [-26.654101562500003, 0.3267578125, 19.2787109375, 0.18671875000000002])
array('d', [-27.120898437500003, -0.37343750000000003, 19.2787109375, 0.93359375])
array('d', [-27.120898437500003, -0.37343750000000003, 19.2787109375, 0.09335937500000001])
array('d', [-26.140625, -0.2333984375, 19.0453125, 0.09335937500000001])
array('d', [-26.140625, -0.2333984375, 19.0453125, 0.09335937500000001])
array('d', [-26.140625, -0.2333984375, 19.0453125, 0.09335937500000001])
array('d', [-27.120898437500003, 0.6068359375, 19.932226562500002, -0.1400390625])
array('d', [-26.5607421875, -0.5134765625000001, 19.1853515625, -0.2333984375])
array('d', [-26.5607421875, -0.5134765625000001, 19.1853515625, 0.18671875000000002])
array('d', [-27.120898437500003, -0.2333984375, 19.1853515625, 0.18671875000000002])
array('d', [-26.233984375000002, 0.466796875, 18.9052734375, -0.1400390625])
array('d', [-27.400976562500002, 0.466796875, 19.512109375, -0.2333984375])
array('d', [-27.400976562500002, 0.466796875, 19.60546875, 0.5134765625000001])
array('d', [-27.400976562500002, 0.466796875, 19.60546875, 0.5134765625000001])
array('d', [-27.400976562500002, 0.466796875, 19.60546875, 0.5134765625000001])
array('d', [-26.5140625, 1.400390625, 19.60546875, 0.5134765625000001])
array('d', [-26.5607421875, -0.2333984375, 19.138671875, -0.2333984375])
array('d', [-26.980859375, 0.18671875000000002, 19.3720703125, 0.18671875000000002])
array('d', [-26.980859375, 0.18671875000000002, 19.3720703125, 0.18671875000000002])
array('d', [-26.980859375, 0.18671875000000002, 19.3720703125, 0.18671875000000002])
array('d', [-26.980859375, 0.18671875000000002, 19.3720703125, 0.18671875000000002])
array('d', [-27.167578125000002, -0.37343750000000003, 18.951953125, 0.5134765625000001])
array('d', [-26.233984375000002, 0.18671875000000002, 19.3720703125, -0.1400390625])
array('d', [-26.233984375000002, 0.18671875000000002, 19.3720703125, 0.5134765625000001])
array('d', [-26.5607421875, -0.2333984375, 19.60546875, 0.5134765625000001])
array('d', [-27.0275390625, 0.466796875, 19.512109375, 0.7935546875])
array('d', [-26.654101562500003, 0.18671875000000002, 19.1853515625, 0.37343750000000003])
array('d', [-26.654101562500003, 0.18671875000000002, 19.1853515625, 0.37343750000000003])
array('d', [-26.654101562500003, 0.18671875000000002, 19.1853515625, 0.37343750000000003])
array('d', [-26.5607421875, -0.5134765625000001, 19.2787109375, 0.5134765625000001])
array('d', [-26.5607421875, -0.2333984375, 19.1853515625, 0.280078125])
array('d', [-26.5607421875, -0.2333984375, 19.1853515625, 0.280078125])
array('d', [-26.654101562500003, 0.7001953125, 19.1853515625, 0.280078125])
array('d', [-26.140625, 0.7001953125, 19.60546875, 0.6068359375])
array('d', [-26.140625, -0.7001953125, 19.2787109375, -0.2333984375])
array('d', [-27.167578125000002, -0.7001953125, 19.2787109375, -0.2333984375])
array('d', [-26.5607421875, 0.3267578125, 19.3720703125, -0.0])
array('d', [-26.8408203125, 0.466796875, 19.60546875, -0.56015625])
array('d', [-26.8408203125, 0.466796875, 19.60546875, 0.09335937500000001])
array('d', [-26.5607421875, 0.6068359375, 19.60546875, 0.09335937500000001])
array('d', [-26.654101562500003, 0.6068359375, 19.60546875, 0.37343750000000003])
array('d', [-25.6271484375, -0.2333984375, 19.60546875, -0.3267578125])
array('d', [-26.934179687500002, -0.5134765625000001, 19.2787109375, -0.42011718750000004])
array('d', [-26.934179687500002, -0.5134765625000001, 19.2787109375, -0.42011718750000004])
array('d', [-26.5140625, -1.0269531250000001, 19.512109375, -0.42011718750000004])
array('d', [-27.167578125000002, 0.18671875000000002, 19.512109375, -0.56015625])
array('d', [-27.167578125000002, 0.18671875000000002, 19.512109375, -0.56015625])
array('d', [-27.167578125000002, 0.18671875000000002, 19.512109375, -0.56015625])
array('d', [-26.233984375000002, 1.400390625, 19.60546875, 0.37343750000000003])
array('d', [-26.467382812500002, 0.466796875, 19.60546875, 0.37343750000000003])
array('d', [-26.140625, -0.2333984375, 19.932226562500002, 0.18671875000000002])
array('d', [-26.140625, -0.2333984375, 19.932226562500002, 0.18671875000000002])
array('d', [-26.140625, -0.2333984375, 19.932226562500002, 0.18671875000000002])
array('d', [-26.140625, -0.2333984375, 19.932226562500002, 0.18671875000000002])
array('d', [-26.934179687500002, 0.466796875, 19.60546875, -0.3267578125])
array('d', [-26.980859375, 0.0, 18.9052734375, -0.2333984375])
array('d', [-26.980859375, -0.09335937500000001, 19.2787109375, 0.280078125])
array('d', [-26.980859375, -0.09335937500000001, 19.2787109375, 0.280078125])
array('d', [-27.400976562500002, -0.37343750000000003, 19.60546875, -0.0])
array('d', [-27.120898437500003, 1.0269531250000001, 20.0255859375, -0.56015625])
array('d', [-27.120898437500003, 1.0269531250000001, 19.60546875, 0.6068359375])
array('d', [-27.120898437500003, 1.0269531250000001, 19.60546875, 0.6068359375])
array('d', [-27.120898437500003, 1.0269531250000001, 19.60546875, 0.6068359375])
array('d', [-26.467382812500002, 0.8869140625, 19.60546875, -0.3267578125])
array('d', [-26.5140625, 0.0, 19.60546875, -0.3267578125])
array('d', [-27.0275390625, 0.7001953125, 19.932226562500002, -0.42011718750000004])
array('d', [-27.0275390625, 0.7001953125, 19.932226562500002, -0.42011718750000004])
array('d', [-27.0275390625, 0.7001953125, 19.932226562500002, -0.42011718750000004])
array('d', [-26.5607421875, -0.2333984375, 19.2787109375, 0.18671875000000002])
array('d', [-26.5607421875, 0.0, 19.8388671875, -1.0736328125])
array('d', [-26.5607421875, 0.0, 19.60546875, -0.3267578125])
array('d', [-26.5607421875, 0.0, 19.60546875, -0.3267578125])
array('d', [-26.5607421875, 0.0, 19.60546875, -0.3267578125])
array('d', [-26.5607421875, 0.0, 19.60546875, -0.3267578125])
array('d', [-25.767187500000002, 0.3267578125, 19.1853515625, 0.37343750000000003])
array('d', [-26.5140625, 1.0269531250000001, 19.1853515625, 0.37343750000000003])
array('d', [-26.000585937500002, 0.0, 19.60546875, 0.5134765625000001])
array('d', [-26.467382812500002, 0.6068359375, 19.60546875, 0.5134765625000001])
array('d', [-26.467382812500002, 0.6068359375, 19.60546875, 0.18671875000000002])
array('d', [-26.140625, 0.8869140625, 19.60546875, 0.18671875000000002])
array('d', [-26.980859375, 0.8869140625, 19.2787109375, 0.18671875000000002])
array('d', [-26.980859375, 0.8869140625, 19.2787109375, 0.18671875000000002])
array('d', [-26.980859375, 0.8869140625, 19.2787109375, 0.18671875000000002])
array('d', [-26.5140625, 0.466796875, 19.7455078125, 0.09335937500000001])
array('d', [-26.5140625, 0.7001953125, 19.932226562500002, 0.280078125])
array('d', [-26.5140625, 0.18671875000000002, 19.932226562500002, -0.1400390625])
array('d', [-27.3076171875, 0.18671875000000002, 19.932226562500002, -0.1400390625])
array('d', [-26.980859375, -0.2333984375, 19.1853515625, -0.0])
array('d', [-26.980859375, -0.93359375, 19.3720703125, -0.0])
array('d', [-26.980859375, -0.93359375, 19.3720703125, -0.1400390625])
array('d', [-26.467382812500002, -0.7001953125, 19.698828125000002, -0.1400390625])
array('d', [-26.8408203125, 0.7001953125, 19.3720703125, -0.56015625])
array('d', [-26.5607421875, -0.5134765625000001, 19.2787109375, -0.42011718750000004])
array('d', [-26.5607421875, -0.5134765625000001, 19.2787109375, -0.42011718750000004])
array('d', [-26.5607421875, -0.5134765625000001, 19.2787109375, -0.42011718750000004])
array('d', [-26.980859375, -0.7001953125, 19.932226562500002, -0.56015625])
array('d', [-26.5140625, 0.18671875000000002, 18.85859375, 0.09335937500000001])
array('d', [-27.0275390625, 0.18671875000000002, 19.2787109375, 0.18671875000000002])
array('d', [-27.0275390625, 0.18671875000000002, 19.2787109375, 0.18671875000000002])
array('d', [-26.5140625, 1.1669921875, 20.2123046875, 0.18671875000000002])
array('d', [-27.0275390625, 0.0, 19.60546875, 0.09335937500000001])
array('d', [-26.654101562500003, 0.18671875000000002, 19.138671875, -0.1400390625])
array('d', [-26.654101562500003, 0.18671875000000002, 19.138671875, -0.1400390625])
array('d', [-27.400976562500002, -0.93359375, 19.2787109375, 0.280078125])
array('d', [-26.934179687500002, -0.7001953125, 19.932226562500002, -0.2333984375])
array('d', [-26.934179687500002, 0.3267578125, 20.5390625, 0.280078125])
array('d', [-28.1478515625, 0.3267578125, 18.85859375, -0.2333984375])
array('d', [-26.654101562500003, -0.7935546875, 18.85859375, -0.2333984375])
array('d', [-27.3076171875, -0.93359375, 19.932226562500002, -0.3267578125])
array('d', [-27.3076171875, 0.18671875000000002, 19.2787109375, -0.1400390625])
array('d', [-26.5607421875, 0.18671875000000002, 19.2787109375, -0.1400390625])
array('d', [-26.467382812500002, 0.0, 20.258984375, -0.56015625])
array('d', [-26.467382812500002, -0.2333984375, 19.1853515625, -0.0])
array('d', [-26.467382812500002, 0.8869140625, 18.9052734375, -0.3267578125])
array('d', [-26.654101562500003, 0.8869140625, 18.9052734375, -0.3267578125])
array('d', [-27.400976562500002, -1.213671875, 18.4384765625, 0.18671875000000002])
array('d', [-27.400976562500002, -1.213671875, 18.4384765625, 0.18671875000000002])
array('d', [-27.400976562500002, -1.213671875, 18.4384765625, 0.18671875000000002])
array('d', [-26.140625, -0.93359375, 19.698828125000002, 0.6068359375])
array('d', [-27.727734375, 0.18671875000000002, 19.932226562500002, -1.3537109375])
array('d', [-27.727734375, 0.18671875000000002, 19.932226562500002, 0.5134765625000001])
array('d', [-26.047265625, -0.7001953125, 19.932226562500002, 0.5134765625000001])
array('d', [-26.047265625, -0.7001953125, 19.932226562500002, 0.5134765625000001])
array('d', [-26.934179687500002, 0.3267578125, 20.2123046875, 0.280078125])
array('d', [-26.8408203125, -0.2333984375, 19.60546875, -0.653515625])
array('d', [-26.8408203125, -0.2333984375, 19.60546875, -0.653515625])
array('d', [-26.5140625, 0.8869140625, 20.072265625, -0.42011718750000004])
array('d', [-26.047265625, -0.2333984375, 19.60546875, -0.1400390625])
array('d', [-26.047265625, 0.466796875, 19.698828125000002, -0.1400390625])
array('d', [-26.233984375000002, 0.466796875, 19.698828125000002, -0.1400390625])
array('d', [-26.5607421875, -0.5134765625000001, 19.60546875, 0.37343750000000003])
array('d', [-26.047265625, -0.2333984375, 19.41875, -0.0])
array('d', [-26.047265625, -0.2333984375, 19.41875, 0.37343750000000003])
array('d', [-26.5140625, -0.2333984375, 19.41875, 0.37343750000000003])
array('d', [-26.5140625, -0.2333984375, 19.41875, 0.37343750000000003])
array('d', [-26.5140625, -0.2333984375, 19.41875, 0.37343750000000003])
array('d', [-26.5140625, -0.2333984375, 19.41875, 0.37343750000000003])
array('d', [-26.5607421875, 0.6068359375, 19.8388671875, -0.1400390625])
array('d', [-26.5607421875, 0.6068359375, 19.8388671875, 0.18671875000000002])
array('d', [-26.980859375, 0.7001953125, 19.698828125000002, 0.18671875000000002])
array('d', [-26.980859375, 0.7001953125, 19.932226562500002, -0.1400390625])
array('d', [-27.400976562500002, 1.5404296875, 19.7455078125, 0.280078125])
array('d', [-26.980859375, 1.30703125, 19.7455078125, 0.280078125])
array('d', [-26.047265625, 0.0, 19.8388671875, -0.0])
array('d', [-26.980859375, 0.466796875, 20.0255859375, 0.37343750000000003])
array('d', [-26.980859375, 0.466796875, 20.0255859375, -0.0])
array('d', [-26.5607421875, -0.2333984375, 19.7455078125, -0.0])
array('d', [-26.140625, -0.5134765625000001, 20.165625000000002, -0.0])
array('d', [-26.140625, -0.5134765625000001, 20.165625000000002, -0.0])
array('d', [-26.140625, -0.5134765625000001, 20.165625000000002, -0.0])
array('d', [-26.140625, -0.37343750000000003, 19.1853515625, -0.1400390625])
array('d', [-26.5607421875, -0.37343750000000003, 19.1853515625, -0.1400390625])
array('d', [-26.980859375, 0.466796875, 20.165625000000002, 0.18671875000000002])
array('d', [-26.047265625, 0.18671875000000002, 20.2123046875, -0.42011718750000004])
array('d', [-26.047265625, 0.18671875000000002, 20.2123046875, -0.2333984375])
array('d', [-26.5607421875, -0.93359375, 19.60546875, -0.2333984375])
array('d', [-26.140625, 0.0, 19.512109375, -0.2333984375])
array('d', [-26.140625, 0.0, 19.512109375, -0.2333984375])
array('d', [-26.980859375, -0.7935546875, 18.951953125, -0.42011718750000004])
array('d', [-26.980859375, -0.7935546875, 18.951953125, -0.1400390625])
array('d', [-27.4943359375, 0.18671875000000002, 19.512109375, -0.1400390625])
array('d', [-26.980859375, 0.466796875, 18.85859375, -0.0])
array('d', [-26.980859375, -1.3537109375, 19.512109375, 0.280078125])
array('d', [-26.140625, -1.3537109375, 19.512109375, 0.280078125])
array('d', [-25.720507812500003, 0.8869140625, 19.60546875, -0.42011718750000004])
array('d', [-25.720507812500003, -0.5134765625000001, 18.951953125, 0.37343750000000003])
array('d', [-26.654101562500003, -0.5134765625000001, 18.951953125, 0.37343750000000003])
array('d', [-26.5140625, -0.2333984375, 19.138671875, -0.3267578125])
array('d', [-26.187304687500003, -0.37343750000000003, 19.932226562500002, 0.6068359375])
array('d', [-26.187304687500003, -0.37343750000000003, 19.2787109375, 0.280078125])
array('d', [-27.3076171875, -0.09335937500000001, 19.2787109375, 0.280078125])
array('d', [-26.5140625, -0.2333984375, 19.60546875, -0.0])
array('d', [-26.5140625, 0.466796875, 19.60546875, -0.653515625])
array('d', [-26.5140625, 0.466796875, 19.60546875, -0.1400390625])
array('d', [-26.140625, 0.466796875, 19.2787109375, -0.1400390625])
array('d', [-26.934179687500002, -1.6337890625, 19.512109375, -0.56015625])
array('d', [-26.934179687500002, -1.6337890625, 19.138671875, -0.0])
array('d', [-26.140625, -0.2333984375, 19.138671875, -0.0])
array('d', [-26.5607421875, -0.93359375, 19.932226562500002, -0.0])
array('d', [-26.934179687500002, 0.6068359375, 19.60546875, 0.5134765625000001])
array('d', [-26.934179687500002, 0.6068359375, 19.60546875, 0.5134765625000001])
array('d', [-26.934179687500002, 0.6068359375, 19.60546875, 0.5134765625000001])
array('d', [-26.5607421875, 0.7001953125, 19.2787109375, 0.18671875000000002])
array('d', [-26.5607421875, 0.7001953125, 19.2787109375, 0.18671875000000002])
array('d', [-26.8408203125, 0.8869140625, 19.60546875, 0.18671875000000002])
array('d', [-26.5140625, 0.8869140625, 19.60546875, 0.18671875000000002])
array('d', [-26.5140625, 0.8869140625, 19.60546875, 0.18671875000000002])
array('d', [-26.5140625, 0.8869140625, 19.60546875, 0.18671875000000002])
array('d', [-26.5140625, 0.8869140625, 19.60546875, 0.18671875000000002])
array('d', [-26.5140625, -0.7001953125, 19.2787109375, 0.09335937500000001])
array('d', [-26.8408203125, -0.2333984375, 19.41875, 0.09335937500000001])
array('d', [-27.400976562500002, 0.6068359375, 19.932226562500002, -0.1400390625])
array('d', [-27.400976562500002, 0.6068359375, 19.932226562500002, -0.0])
array('d', [-26.934179687500002, 1.8671875, 19.932226562500002, -0.0])
array('d', [-26.654101562500003, -0.2333984375, 20.165625000000002, 0.09335937500000001])
array('d', [-26.934179687500002, -0.5134765625000001, 19.2787109375, 0.09335937500000001])
array('d', [-26.934179687500002, -0.5134765625000001, 19.2787109375, 0.09335937500000001])
array('d', [-26.467382812500002, -0.2333984375, 18.578515625, 0.09335937500000001])
array('d', [-25.39375, -0.5134765625000001, 20.585742187500003, 0.09335937500000001])
array('d', [-25.39375, -0.5134765625000001, 19.932226562500002, -0.93359375])
array('d', [-25.39375, -0.5134765625000001, 19.932226562500002, -0.93359375])
array('d', [-26.980859375, -1.4937500000000001, 19.932226562500002, -0.93359375])
array('d', [-26.5140625, -0.7001953125, 19.60546875, 0.37343750000000003])
array('d', [-27.3076171875, 0.466796875, 20.0255859375, -0.42011718750000004])
array('d', [-27.3076171875, 0.466796875, 20.0255859375, -0.42011718750000004])
array('d', [-27.3076171875, 0.466796875, 20.0255859375, -0.42011718750000004])
array('d', [-26.5140625, 0.3267578125, 19.2787109375, 0.5134765625000001])
array('d', [-26.5140625, -0.7001953125, 19.60546875, -0.0])
array('d', [-26.5140625, -0.7001953125, 19.60546875, -0.0])
array('d', [-26.5140625, -0.93359375, 19.512109375, 0.18671875000000002])
array('d', [-27.44765625, 0.466796875, 19.60546875, -0.93359375])
array('d', [-27.44765625, -0.2333984375, 18.951953125, 0.18671875000000002])
array('d', [-27.44765625, -0.2333984375, 18.951953125, 0.18671875000000002])
array('d', [-26.140625, -0.09335937500000001, 19.60546875, 0.09335937500000001])
array('d', [-26.5140625, 0.6068359375, 18.951953125, 0.09335937500000001])
array('d', [-26.5140625, 0.6068359375, 18.951953125, -0.3267578125])
array('d', [-26.934179687500002, -0.93359375, 19.2787109375, -0.3267578125])
array('d', [-26.934179687500002, -0.93359375, 19.2787109375, -0.3267578125])
array('d', [-26.934179687500002, -0.93359375, 19.2787109375, -0.3267578125])
array('d', [-26.934179687500002, -0.93359375, 19.2787109375, -0.3267578125])
array('d', [-26.934179687500002, -0.93359375, 19.2787109375, -0.3267578125])
array('d', [-27.3076171875, 0.0, 19.2787109375, -0.0])
array('d', [-27.3076171875, 0.0, 18.2517578125, 0.37343750000000003])
array('d', [-26.5607421875, 0.466796875, 18.2517578125, 0.37343750000000003])
array('d', [-26.3740234375, -0.5134765625000001, 20.165625000000002, -0.42011718750000004])
array('d', [-26.3740234375, -0.5134765625000001, 20.165625000000002, -0.42011718750000004])
array('d', [-26.934179687500002, -0.09335937500000001, 19.8388671875, 0.09335937500000001])
array('d', [-26.934179687500002, -0.09335937500000001, 19.8388671875, -0.93359375])
array('d', [-26.467382812500002, 0.18671875000000002, 19.3720703125, -0.93359375])
array('d', [-26.467382812500002, 0.18671875000000002, 19.3720703125, -0.93359375])
array('d', [-26.467382812500002, 0.18671875000000002, 19.3720703125, -0.93359375])
array('d', [-26.467382812500002, 0.18671875000000002, 19.3720703125, -0.93359375])
array('d', [-26.3740234375, -0.2333984375, 19.1853515625, 0.09335937500000001])
array('d', [-27.44765625, -0.5134765625000001, 19.60546875, -0.3267578125])
array('d', [-27.44765625, -0.5134765625000001, 19.60546875, 0.37343750000000003])
array('d', [-26.5607421875, -0.2333984375, 19.60546875, 0.37343750000000003])
array('d', [-26.5607421875, -0.2333984375, 19.60546875, 0.37343750000000003])
array('d', [-26.5607421875, -0.2333984375, 19.60546875, 0.37343750000000003])
array('d', [-26.5607421875, -0.2333984375, 19.60546875, 0.37343750000000003])
array('d', [-26.980859375, -1.773828125, 19.698828125000002, -0.3267578125])
array('d', [-26.980859375, -1.773828125, 19.8388671875, 0.37343750000000003])
array('d', [-26.5140625, 0.466796875, 19.8388671875, 0.37343750000000003])
array('d', [-26.8408203125, -0.7935546875, 19.932226562500002, -0.3267578125])
array('d', [-27.4943359375, -0.7935546875, 19.60546875, 0.18671875000000002])
array('d', [-27.4943359375, -0.7935546875, 19.60546875, 0.09335937500000001])
array('d', [-26.233984375000002, 0.466796875, 19.60546875, 0.09335937500000001])
array('d', [-26.654101562500003, 0.18671875000000002, 19.60546875, -0.42011718750000004])
array('d', [-26.654101562500003, 0.18671875000000002, 19.698828125000002, -0.3267578125])
array('d', [-26.233984375000002, 0.18671875000000002, 19.698828125000002, -0.3267578125])
array('d', [-26.140625, -1.213671875, 19.60546875, 0.09335937500000001])
array('d', [-26.140625, -1.213671875, 19.60546875, 0.09335937500000001])
array('d', [-26.187304687500003, 0.7001953125, 19.2787109375, -0.653515625])
array('d', [-26.187304687500003, 0.0, 19.2787109375, -0.1400390625])
array('d', [-26.5607421875, -0.2333984375, 20.165625000000002, -0.2333984375])
array('d', [-26.5607421875, -0.2333984375, 20.165625000000002, -0.2333984375])
array('d', [-26.5607421875, -0.2333984375, 20.165625000000002, -0.2333984375])
array('d', [-26.5607421875, -0.2333984375, 20.165625000000002, -0.2333984375])
array('d', [-26.467382812500002, -0.2333984375, 20.165625000000002, -0.2333984375])
array('d', [-26.140625, 0.3267578125, 19.1853515625, -0.2333984375])
array('d', [-26.654101562500003, -0.7001953125, 20.5390625, 0.6068359375])
array('d', [-26.654101562500003, -0.7001953125, 20.5390625, 0.6068359375])
array('d', [-26.980859375, 0.7001953125, 20.2123046875, 0.280078125])
array('d', [-26.5140625, -0.93359375, 19.3720703125, 0.37343750000000003])
array('d', [-26.5140625, -0.2333984375, 18.951953125, -0.2333984375])
array('d', [-26.5140625, -0.2333984375, 18.951953125, -0.2333984375])
array('d', [-26.794140625, 0.0, 19.2787109375, 0.37343750000000003])
array('d', [-27.0275390625, -1.213671875, 19.1853515625, -0.1400390625])
array('d', [-27.0275390625, -1.213671875, 19.1853515625, -0.653515625])
array('d', [-26.934179687500002, 0.0, 19.512109375, -0.653515625])
array('d', [-28.19453125, 0.09335937500000001, 19.512109375, 0.09335937500000001])
array('d', [-26.3740234375, -0.2333984375, 18.85859375, -0.2333984375])
array('d', [-26.3740234375, -0.2333984375, 18.85859375, -0.2333984375])
array('d', [-26.5607421875, -0.7001953125, 19.60546875, 0.6068359375])
array('d', [-26.047265625, -0.5134765625000001, 19.698828125000002, -0.2333984375])
array('d', [-26.047265625, -0.2333984375, 19.7455078125, -0.653515625])
array('d', [-26.047265625, -0.2333984375, 19.7455078125, -0.653515625])
array('d', [-27.400976562500002, 0.466796875, 19.2787109375, -0.046679687500000004])
array('d', [-26.5140625, -0.5134765625000001, 19.512109375, -0.0])
array('d', [-26.5140625, -0.5134765625000001, 19.512109375, -0.0])
array('d', [-26.5140625, 0.18671875000000002, 19.512109375, 0.18671875000000002])
array('d', [-26.980859375, 0.18671875000000002, 19.2787109375, -0.0])
array('d', [-27.120898437500003, 0.0, 19.2787109375, -0.0])
array('d', [-26.794140625, -0.37343750000000003, 19.8388671875, 0.280078125])
array('d', [-26.794140625, -0.37343750000000003, 19.8388671875, 0.280078125])
array('d', [-26.794140625, -0.37343750000000003, 19.8388671875, 0.280078125])
array('d', [-26.794140625, -0.37343750000000003, 19.8388671875, 0.280078125])
array('d', [-26.794140625, -0.37343750000000003, 19.8388671875, 0.280078125])
array('d', [-26.794140625, 0.18671875000000002, 19.932226562500002, -0.2333984375])
array('d', [-26.654101562500003, 0.18671875000000002, 19.932226562500002, -0.2333984375])
array('d', [-26.140625, 0.8869140625, 19.2787109375, -0.3267578125])
array('d', [-26.5140625, 0.7001953125, 19.60546875, 0.09335937500000001])
array('d', [-26.5140625, 0.7001953125, 19.60546875, 0.09335937500000001])
array('d', [-26.5607421875, 0.7001953125, 19.138671875, -0.1400390625])
array('d', [-26.5607421875, 0.7001953125, 19.138671875, -0.0])
array('d', [-27.400976562500002, -0.37343750000000003, 19.1853515625, -0.0])
array('d', [-26.187304687500003, 0.7001953125, 19.2787109375, 0.18671875000000002])
array('d', [-26.934179687500002, 0.0, 19.138671875, 0.18671875000000002])
array('d', [-26.934179687500002, 0.0, 19.138671875, -0.0])
array('d', [-26.467382812500002, 0.0, 19.8388671875, -0.0])
array('d', [-26.467382812500002, 0.0, 19.8388671875, 0.09335937500000001])
array('d', [-26.187304687500003, 0.0, 19.698828125000002, 0.09335937500000001])
array('d', [-26.467382812500002, 1.30703125, 19.932226562500002, -0.3267578125])
array('d', [-26.5607421875, -0.5134765625000001, 19.2787109375, -0.653515625])
array('d', [-26.5607421875, -0.5134765625000001, 19.2787109375, -0.2333984375])
array('d', [-26.934179687500002, -0.93359375, 19.2787109375, -0.2333984375])
array('d', [-27.727734375, 0.0, 19.41875, -0.3267578125])
array('d', [-26.5607421875, -0.5134765625000001, 20.258984375, -0.3267578125])
array('d', [-26.5607421875, -0.5134765625000001, 20.258984375, -0.1400390625])
array('d', [-27.0275390625, 0.18671875000000002, 19.932226562500002, -0.1400390625])
array('d', [-25.20703125, -1.3537109375, 19.1853515625, -0.0])
array('d', [-26.5607421875, 0.0, 19.60546875, 0.09335937500000001])
array('d', [-26.5607421875, 0.0, 19.60546875, -0.3267578125])
array('d', [-26.5140625, -0.5134765625000001, 19.60546875, -0.3267578125])
array('d', [-27.0275390625, 0.466796875, 19.60546875, 0.09335937500000001])
array('d', [-27.0275390625, 0.466796875, 19.60546875, 0.09335937500000001])
array('d', [-27.0275390625, 0.466796875, 19.60546875, 0.09335937500000001])
array('d', [-27.0275390625, 0.466796875, 19.60546875, 0.09335937500000001])
array('d', [-27.0275390625, 0.466796875, 19.8388671875, -0.8402343750000001])
array('d', [-26.980859375, -0.93359375, 19.8388671875, -0.8402343750000001])
array('d', [-26.980859375, 0.18671875000000002, 20.0255859375, -0.0])
array('d', [-26.980859375, -0.37343750000000003, 19.2787109375, 0.5134765625000001])
array('d', [-26.980859375, -0.37343750000000003, 19.2787109375, -0.2333984375])
array('d', [-25.720507812500003, -0.7935546875, 19.41875, -0.2333984375])
array('d', [-27.0275390625, 0.18671875000000002, 19.8388671875, -0.2333984375])
array('d', [-27.0275390625, 0.18671875000000002, 19.8388671875, -0.2333984375])
array('d', [-27.0275390625, 0.18671875000000002, 19.8388671875, -0.2333984375])
array('d', [-26.654101562500003, -0.2333984375, 19.512109375, 0.37343750000000003])
array('d', [-26.5607421875, 0.0, 20.165625000000002, 0.280078125])
array('d', [-26.5607421875, 0.18671875000000002, 19.8388671875, -0.42011718750000004])
array('d', [-26.047265625, 0.18671875000000002, 19.8388671875, -0.42011718750000004])
array('d', [-26.467382812500002, 0.0, 19.60546875, -0.2333984375])
array('d', [-26.047265625, 0.18671875000000002, 19.932226562500002, -0.3267578125])
array('d', [-26.047265625, 0.18671875000000002, 19.932226562500002, -0.42011718750000004])
array('d', [-26.047265625, 0.18671875000000002, 19.932226562500002, -0.42011718750000004])
array('d', [-26.047265625, 0.18671875000000002, 19.932226562500002, -0.42011718750000004])
array('d', [-26.5607421875, 0.466796875, 18.7185546875, -0.42011718750000004])
array('d', [-26.5140625, 0.466796875, 18.951953125, -0.653515625])
array('d', [-26.047265625, 1.0269531250000001, 19.2787109375, -0.653515625])
array('d', [-26.047265625, 1.0269531250000001, 19.138671875, 0.5134765625000001])
array('d', [-26.467382812500002, 1.1669921875, 19.138671875, -0.2333984375])
array('d', [-26.187304687500003, 0.3267578125, 18.6251953125, -0.2333984375])
array('d', [-27.0275390625, 0.466796875, 19.60546875, -0.56015625])
array('d', [-26.5140625, 0.8869140625, 19.60546875, 0.37343750000000003])
array('d', [-26.5140625, 0.8869140625, 20.2123046875, -0.1400390625])
array('d', [-26.467382812500002, -0.7001953125, 20.2123046875, -0.1400390625])
array('d', [-26.467382812500002, -0.7001953125, 20.2123046875, -0.1400390625])
array('d', [-26.467382812500002, -0.7001953125, 20.2123046875, -0.1400390625])
array('d', [-26.467382812500002, -0.7001953125, 20.2123046875, -0.1400390625])
array('d', [-26.467382812500002, 0.3267578125, 19.8388671875, -0.2333984375])
array('d', [-26.980859375, 0.6068359375, 19.2787109375, 0.09335937500000001])
array('d', [-26.5607421875, 1.5404296875, 19.60546875, -0.1400390625])
array('d', [-26.5607421875, 1.5404296875, 19.0919921875, -0.0])
array('d', [-26.8408203125, 0.0, 19.0919921875, -0.0])
array('d', [-26.934179687500002, 0.8869140625, 19.0453125, 0.18671875000000002])
array('d', [-26.934179687500002, 0.6068359375, 19.932226562500002, -0.1400390625])
array('d', [-26.934179687500002, 0.6068359375, 19.932226562500002, -0.1400390625])
array('d', [-26.654101562500003, -0.5134765625000001, 19.932226562500002, -0.3267578125])
array('d', [-26.654101562500003, -0.5134765625000001, 19.932226562500002, 0.37343750000000003])
array('d', [-27.400976562500002, 0.466796875, 18.951953125, 0.37343750000000003])
array('d', [-26.047265625, 0.466796875, 19.60546875, 0.18671875000000002])
array('d', [-26.047265625, 0.466796875, 19.60546875, -0.0])
array('d', [-26.187304687500003, -0.7001953125, 19.512109375, 0.18671875000000002])
array('d', [-26.140625, 0.466796875, 19.2787109375, 0.18671875000000002])
array('d', [-26.654101562500003, 0.466796875, 19.60546875, 0.280078125])
array('d', [-26.187304687500003, 0.466796875, 18.951953125, 0.6068359375])
array('d', [-26.187304687500003, -0.93359375, 20.165625000000002, -0.1400390625])
array('d', [-26.187304687500003, -0.93359375, 20.165625000000002, -0.1400390625])
array('d', [-26.187304687500003, -0.93359375, 20.165625000000002, -0.1400390625])
array('d', [-26.5607421875, -0.93359375, 20.165625000000002, -0.0])
array('d', [-26.5140625, 0.8869140625, 19.932226562500002, -0.0])
array('d', [-26.794140625, -0.5134765625000001, 19.60546875, 0.18671875000000002])
array('d', [-26.233984375000002, -0.2333984375, 19.60546875, 0.280078125])
array('d', [-26.5140625, 0.466796875, 19.2787109375, -0.2333984375])
array('d', [-26.5140625, 0.466796875, 20.165625000000002, 0.37343750000000003])
array('d', [-26.5140625, 0.466796875, 20.165625000000002, 0.37343750000000003])
array('d', [-27.2609375, -0.7935546875, 20.165625000000002, 0.5134765625000001])
array('d', [-26.5140625, 0.18671875000000002, 19.60546875, 0.5134765625000001])
array('d', [-26.187304687500003, -0.93359375, 19.8388671875, -0.0])
array('d', [-26.934179687500002, -0.5134765625000001, 18.951953125, -0.3267578125])
array('d', [-26.934179687500002, 0.0, 19.512109375, -0.1400390625])
array('d', [-26.5607421875, 0.0, 19.512109375, -0.1400390625])
array('d', [-26.000585937500002, 0.18671875000000002, 19.2787109375, 0.18671875000000002])
array('d', [-26.000585937500002, 0.18671875000000002, 19.2787109375, 0.18671875000000002])
array('d', [-26.000585937500002, 0.18671875000000002, 19.2787109375, 0.18671875000000002])
array('d', [-26.467382812500002, 1.0269531250000001, 19.0453125, -0.0])
array('d', [-25.58046875, -0.37343750000000003, 19.932226562500002, 0.18671875000000002])
array('d', [-26.794140625, -0.7001953125, 19.932226562500002, -0.56015625])
array('d', [-26.794140625, -0.7001953125, 19.932226562500002, -0.56015625])
array('d', [-26.794140625, -0.7001953125, 19.932226562500002, -0.56015625])
array('d', [-26.467382812500002, -0.2333984375, 19.0453125, 0.8402343750000001])
array('d', [-26.467382812500002, -0.2333984375, 19.0453125, 0.8402343750000001])
array('d', [-26.934179687500002, 0.18671875000000002, 19.512109375, 0.18671875000000002])
array('d', [-26.140625, -0.2333984375, 19.512109375, 0.18671875000000002])
array('d', [-26.140625, -0.2333984375, 19.60546875, -0.8402343750000001])
array('d', [-26.980859375, -0.5134765625000001, 19.932226562500002, 0.280078125])
array('d', [-26.5140625, 0.0, 19.932226562500002, 0.5134765625000001])
array('d', [-26.5140625, 0.0, 19.932226562500002, 0.5134765625000001])
array('d', [-26.934179687500002, 0.18671875000000002, 19.60546875, 0.18671875000000002])
array('d', [-26.467382812500002, 0.9802734375000001, 19.932226562500002, 0.280078125])
array('d', [-26.5607421875, 0.9802734375000001, 19.932226562500002, 0.280078125])
array('d', [-26.5607421875, 0.9802734375000001, 19.932226562500002, 0.280078125])
array('d', [-26.5607421875, 0.9802734375000001, 19.932226562500002, 0.280078125])
array('d', [-26.5607421875, -0.7001953125, 18.9052734375, 0.5134765625000001])
array('d', [-26.467382812500002, -0.7001953125, 18.9052734375, 0.5134765625000001])
array('d', [-26.5140625, -0.2333984375, 19.932226562500002, 0.280078125])
array('d', [-26.5140625, 0.6068359375, 19.60546875, 0.046679687500000004])
array('d', [-27.400976562500002, 0.6068359375, 19.932226562500002, -0.3267578125])
array('d', [-26.5607421875, -0.09335937500000001, 19.932226562500002, -0.653515625])
array('d', [-26.5607421875, -0.2333984375, 19.60546875, -0.653515625])
array('d', [-26.5607421875, -0.2333984375, 19.60546875, -0.653515625])
array('d', [-26.5607421875, -0.2333984375, 19.60546875, -0.653515625])
array('d', [-26.5607421875, -0.2333984375, 19.60546875, -0.653515625])
array('d', [-27.400976562500002, 0.466796875, 19.512109375, 0.42011718750000004])
array('d', [-25.673828125, 0.18671875000000002, 19.512109375, -0.046679687500000004])
array('d', [-25.673828125, 0.18671875000000002, 19.512109375, -0.046679687500000004])
array('d', [-25.673828125, 0.18671875000000002, 19.512109375, -0.046679687500000004])
array('d', [-26.5607421875, -0.7001953125, 19.1853515625, -0.42011718750000004])
array('d', [-27.400976562500002, -0.93359375, 19.1853515625, -0.42011718750000004])
array('d', [-26.934179687500002, -0.5134765625000001, 19.41875, -0.1400390625])
array('d', [-26.187304687500003, 0.3267578125, 18.9052734375, -0.1400390625])
array('d', [-26.187304687500003, -0.2333984375, 19.932226562500002, 0.18671875000000002])
array('d', [-26.934179687500002, -0.2333984375, 19.932226562500002, 0.18671875000000002])
array('d', [-26.8408203125, -0.5134765625000001, 18.85859375, 0.18671875000000002])
array('d', [-26.467382812500002, 0.6068359375, 19.512109375, -0.1400390625])
array('d', [-26.467382812500002, 0.6068359375, 19.512109375, -0.046679687500000004])
array('d', [-26.467382812500002, -0.5134765625000001, 19.698828125000002, -0.046679687500000004])
array('d', [-27.6810546875, 0.18671875000000002, 19.1853515625, 0.280078125])
array('d', [-27.6810546875, 0.18671875000000002, 19.60546875, -0.1400390625])
array('d', [-26.5140625, -0.2333984375, 19.60546875, -0.1400390625])
array('d', [-26.5607421875, 0.18671875000000002, 19.2787109375, -0.046679687500000004])
array('d', [-26.5607421875, 0.18671875000000002, 19.2787109375, -0.046679687500000004])
array('d', [-26.5607421875, 0.18671875000000002, 19.2787109375, -0.046679687500000004])
array('d', [-26.5607421875, -0.2333984375, 19.60546875, 0.09335937500000001])
array('d', [-26.5140625, 1.30703125, 19.698828125000002, 0.09335937500000001])
array('d', [-27.120898437500003, 0.0, 19.2787109375, 0.18671875000000002])
array('d', [-27.120898437500003, 0.0, 19.2787109375, -0.046679687500000004])
array('d', [-27.587695312500003, -0.7001953125, 19.60546875, -0.046679687500000004])
array('d', [-26.140625, 0.18671875000000002, 19.2787109375, -0.3267578125])
array('d', [-26.467382812500002, -0.09335937500000001, 19.932226562500002, 0.18671875000000002])
array('d', [-26.467382812500002, -0.09335937500000001, 19.932226562500002, 0.18671875000000002])
array('d', [-26.5607421875, -1.6337890625, 19.2787109375, 0.18671875000000002])
array('d', [-26.980859375, 1.30703125, 19.2787109375, -0.5134765625000001])
array('d', [-26.980859375, 1.30703125, 19.932226562500002, -0.5134765625000001])
array('d', [-26.5607421875, -0.09335937500000001, 19.932226562500002, -0.046679687500000004])
array('d', [-26.5140625, -1.213671875, 19.60546875, 0.18671875000000002])
array('d', [-26.047265625, 0.8869140625, 19.1853515625, 0.09335937500000001])
array('d', [-26.047265625, 0.8869140625, 19.1853515625, -0.1400390625])
array('d', [-26.467382812500002, 0.466796875, 18.9052734375, -0.046679687500000004])
array('d', [-26.140625, 0.466796875, 19.8388671875, -0.0])
array('d', [-26.5607421875, 0.18671875000000002, 19.8388671875, -0.0])
array('d', [-26.140625, 0.18671875000000002, 19.512109375, -0.1400390625])
array('d', [-26.5140625, -1.213671875, 19.698828125000002, -0.7468750000000001])
array('d', [-26.467382812500002, -0.5134765625000001, 19.60546875, 0.42011718750000004])
array('d', [-26.467382812500002, -0.5134765625000001, 19.60546875, 0.42011718750000004])
array('d', [-26.654101562500003, 0.0, 19.2787109375, -0.1400390625])
array('d', [-27.7744140625, 0.18671875000000002, 19.8388671875, -0.3267578125])
array('d', [-27.7744140625, -0.2333984375, 19.932226562500002, -0.5134765625000001])
array('d', [-26.3740234375, -0.2333984375, 19.932226562500002, -0.5134765625000001])
array('d', [-26.980859375, -0.5134765625000001, 19.60546875, -0.046679687500000004])
array('d', [-25.953906250000003, -0.2333984375, 19.60546875, -0.046679687500000004])
array('d', [-25.953906250000003, -0.2333984375, 19.60546875, -0.046679687500000004])
array('d', [-25.953906250000003, -0.2333984375, 19.60546875, -0.046679687500000004])
array('d', [-25.953906250000003, -0.2333984375, 19.60546875, -0.046679687500000004])
array('d', [-25.953906250000003, -0.2333984375, 18.9052734375, -0.8869140625])
array('d', [-25.673828125, -0.37343750000000003, 19.512109375, -0.8869140625])
array('d', [-26.467382812500002, -0.2333984375, 19.698828125000002, -0.3267578125])
array('d', [-26.467382812500002, -0.2333984375, 19.698828125000002, -0.3267578125])
array('d', [-26.467382812500002, -0.2333984375, 19.698828125000002, -0.3267578125])
array('d', [-26.5140625, 0.8869140625, 19.60546875, 0.6068359375])
array('d', [-26.140625, -0.2333984375, 19.932226562500002, 0.280078125])
array('d', [-26.5607421875, 3.8744140625, 19.60546875, 0.280078125])
array('d', [-26.5607421875, 0.8869140625, 19.698828125000002, -0.1400390625])
array('d', [-26.467382812500002, 0.8869140625, 19.698828125000002, 0.280078125])
array('d', [-27.6810546875, 0.3267578125, 19.932226562500002, 0.280078125])
array('d', [-27.6810546875, 0.3267578125, 19.932226562500002, 0.280078125])
array('d', [-27.6810546875, 0.3267578125, 19.932226562500002, 0.280078125])
array('d', [-27.6810546875, 0.3267578125, 19.932226562500002, 0.280078125])
array('d', [-26.3740234375, -0.2333984375, 19.512109375, 0.18671875000000002])
array('d', [-26.3740234375, -0.2333984375, 19.932226562500002, 0.37343750000000003])
array('d', [-26.467382812500002, 0.466796875, 19.932226562500002, 0.37343750000000003])
array('d', [-26.000585937500002, 0.466796875, 19.41875, -0.1400390625])
array('d', [-26.8408203125, 0.0, 19.60546875, 0.046679687500000004])
array('d', [-26.140625, 0.7001953125, 19.60546875, 0.046679687500000004])
array('d', [-26.000585937500002, -0.93359375, 20.0255859375, 0.046679687500000004])
array('d', [-27.400976562500002, -0.2333984375, 19.2787109375, 0.280078125])
array('d', [-27.400976562500002, -0.2333984375, 20.2123046875, -0.3267578125])
array('d', [-26.5140625, -0.5134765625000001, 20.2123046875, 0.280078125])
array('d', [-26.934179687500002, -0.2333984375, 19.2787109375, 0.280078125])
array('d', [-27.400976562500002, -0.2333984375, 19.41875, 0.5134765625000001])
array('d', [-26.187304687500003, 0.0, 18.951953125, 0.09335937500000001])
array('d', [-25.673828125, 0.466796875, 18.951953125, -0.42011718750000004])
array('d', [-25.673828125, 0.0, 19.3720703125, 0.18671875000000002])
array('d', [-26.794140625, 0.0, 19.3720703125, 0.18671875000000002])
array('d', [-26.8408203125, -0.2333984375, 19.3720703125, -0.2333984375])
array('d', [-26.047265625, 0.18671875000000002, 19.2787109375, 0.18671875000000002])
array('d', [-27.0275390625, -0.7001953125, 19.60546875, 0.046679687500000004])
array('d', [-27.0275390625, -0.7001953125, 19.60546875, 0.046679687500000004])
array('d', [-26.700781250000002, 0.466796875, 19.60546875, 0.6068359375])
array('d', [-26.700781250000002, 0.466796875, 19.60546875, -0.1400390625])
array('d', [-26.047265625, 0.466796875, 19.60546875, 0.42011718750000004])
array('d', [-26.047265625, -0.2333984375, 19.7455078125, 0.42011718750000004])
array('d', [-27.44765625, -0.09335937500000001, 19.2787109375, 0.6068359375])
array('d', [-26.980859375, -0.5134765625000001, 19.932226562500002, -0.3267578125])
array('d', [-26.980859375, -0.5134765625000001, 19.932226562500002, -0.3267578125])
array('d', [-26.980859375, -0.09335937500000001, 19.512109375, -0.046679687500000004])
array('d', [-26.980859375, -1.9138671875000002, 19.2787109375, -0.1400390625])
array('d', [-26.980859375, -1.9138671875000002, 19.1853515625, 0.18671875000000002])
array('d', [-26.980859375, -1.9138671875000002, 19.1853515625, 0.18671875000000002])
array('d', [-26.980859375, -1.9138671875000002, 19.1853515625, 0.18671875000000002])
array('d', [-25.720507812500003, 0.3267578125, 19.60546875, 0.280078125])
array('d', [-26.8408203125, 0.56015625, 18.951953125, 0.18671875000000002])
array('d', [-26.140625, -0.09335937500000001, 19.698828125000002, 0.18671875000000002])
array('d', [-26.140625, -0.09335937500000001, 19.698828125000002, 0.37343750000000003])
array('d', [-26.980859375, -0.2333984375, 19.2787109375, 0.37343750000000003])
array('d', [-26.140625, 0.6068359375, 19.60546875, 0.18671875000000002])
array('d', [-26.140625, 0.6068359375, 19.60546875, 0.18671875000000002])
array('d', [-26.654101562500003, -0.7001953125, 19.8388671875, -0.1400390625])
array('d', [-25.720507812500003, -0.5134765625000001, 19.512109375, 0.18671875000000002])
array('d', [-26.467382812500002, 0.18671875000000002, 19.932226562500002, -0.046679687500000004])
array('d', [-26.467382812500002, 0.18671875000000002, 19.932226562500002, -0.046679687500000004])
array('d', [-26.467382812500002, 0.18671875000000002, 19.932226562500002, -0.046679687500000004])
array('d', [-26.934179687500002, -0.7935546875, 19.8388671875, -0.5134765625000001])
array('d', [-26.934179687500002, -0.7935546875, 20.2123046875, 0.5134765625000001])
array('d', [-26.047265625, 0.0, 20.2123046875, 0.5134765625000001])
array('d', [-26.5607421875, -0.2333984375, 19.3720703125, -0.8869140625])
array('d', [-26.5140625, 1.1669921875, 18.9052734375, -0.3267578125])
array('d', [-26.5140625, 1.1669921875, 18.9052734375, 0.18671875000000002])
array('d', [-26.8408203125, -0.93359375, 20.0255859375, 0.18671875000000002])
array('d', [-25.720507812500003, -0.2333984375, 19.512109375, -0.046679687500000004])
array('d', [-26.5140625, -0.09335937500000001, 19.512109375, -0.1400390625])
array('d', [-26.5140625, -0.09335937500000001, 19.512109375, 0.18671875000000002])
array('d', [-27.0275390625, -0.09335937500000001, 19.512109375, 0.18671875000000002])
array('d', [-26.5607421875, 0.8869140625, 18.85859375, -0.3267578125])
array('d', [-26.5607421875, 0.8869140625, 18.85859375, -0.1400390625])
array('d', [-26.5140625, -0.7001953125, 19.2787109375, -0.1400390625])
array('d', [-27.44765625, -0.7001953125, 19.512109375, 0.5134765625000001])
array('d', [-27.120898437500003, 0.466796875, 19.8388671875, 0.046679687500000004])
array('d', [-27.120898437500003, 0.466796875, 19.8388671875, 0.046679687500000004])
array('d', [-27.400976562500002, -0.2333984375, 19.60546875, 0.18671875000000002])
array('d', [-27.400976562500002, -0.2333984375, 19.60546875, 0.18671875000000002])
array('d', [-27.400976562500002, -0.2333984375, 19.60546875, 0.18671875000000002])
array('d', [-27.400976562500002, -0.2333984375, 19.60546875, 0.18671875000000002])
array('d', [-26.934179687500002, 0.6068359375, 19.60546875, 0.18671875000000002])
array('d', [-26.980859375, 0.466796875, 19.41875, -0.1400390625])
array('d', [-26.980859375, 0.466796875, 19.932226562500002, -0.3267578125])
array('d', [-26.980859375, 0.466796875, 19.932226562500002, -0.3267578125])
array('d', [-26.5140625, 0.6068359375, 19.60546875, 0.046679687500000004])
array('d', [-26.5140625, 0.6068359375, 19.60546875, 0.046679687500000004])
array('d', [-26.794140625, -0.7001953125, 19.8388671875, -0.046679687500000004])
array('d', [-26.934179687500002, -0.5134765625000001, 19.2787109375, -0.1400390625])
array('d', [-26.467382812500002, 1.1669921875, 19.60546875, 0.18671875000000002])
array('d', [-26.467382812500002, 1.1669921875, 19.60546875, -0.1400390625])
array('d', [-27.400976562500002, 0.0, 19.60546875, -0.1400390625])
array('d', [-27.400976562500002, 0.0, 19.60546875, -0.1400390625])
array('d', [-27.400976562500002, 0.0, 19.60546875, -0.1400390625])
array('d', [-26.934179687500002, 1.30703125, 19.7455078125, 0.18671875000000002])
array('d', [-26.3740234375, 1.4937500000000001, 19.2787109375, 0.18671875000000002])
array('d', [-26.467382812500002, 0.466796875, 19.2787109375, 0.280078125])
array('d', [-26.467382812500002, 0.466796875, 19.2787109375, -0.046679687500000004])
array('d', [-26.8408203125, -0.2333984375, 19.2787109375, -0.046679687500000004])
array('d', [-26.5607421875, -0.5134765625000001, 19.60546875, -0.2333984375])
array('d', [-26.5607421875, 0.9802734375000001, 19.2787109375, -0.2333984375])
array('d', [-26.980859375, 0.9802734375000001, 19.2787109375, -0.2333984375])
array('d', [-26.140625, 0.8869140625, 19.932226562500002, -0.5134765625000001])
array('d', [-27.3076171875, -0.09335937500000001, 19.60546875, -0.046679687500000004])
array('d', [-27.3076171875, -0.09335937500000001, 19.60546875, -0.1400390625])
array('d', [-27.0275390625, -0.5134765625000001, 19.512109375, -0.1400390625])
array('d', [-26.5140625, 0.6068359375, 19.60546875, 0.09335937500000001])
array('d', [-26.5140625, 0.6068359375, 19.60546875, -0.046679687500000004])
array('d', [-26.8408203125, -0.5134765625000001, 19.60546875, -0.046679687500000004])
array('d', [-27.0275390625, -2.6607421875000004, 19.512109375, -0.2333984375])
array('d', [-26.467382812500002, 1.30703125, 18.9052734375, 0.046679687500000004])
array('d', [-26.467382812500002, 1.30703125, 18.9052734375, -0.2333984375])
array('d', [-26.140625, 0.466796875, 19.60546875, -0.2333984375])
array('d', [-26.187304687500003, 0.466796875, 19.7455078125, 0.09335937500000001])
array('d', [-26.187304687500003, 0.466796875, 19.512109375, -0.3267578125])
array('d', [-26.5607421875, 0.466796875, 19.512109375, -0.3267578125])
array('d', [-26.467382812500002, 0.466796875, 19.0453125, 0.6068359375])
array('d', [-26.980859375, 0.466796875, 19.932226562500002, 0.37343750000000003])
array('d', [-26.980859375, 0.466796875, 19.932226562500002, 0.6068359375])
array('d', [-26.980859375, 0.466796875, 19.932226562500002, 0.6068359375])
array('d', [-26.980859375, 0.466796875, 19.932226562500002, 0.6068359375])
array('d', [-26.980859375, 0.466796875, 19.932226562500002, 0.6068359375])
array('d', [-26.980859375, -0.93359375, 20.072265625, 0.6068359375])
array('d', [-27.120898437500003, -1.213671875, 19.7455078125, 0.18671875000000002])
array('d', [-26.5140625, 0.0, 19.2787109375, -0.3267578125])
array('d', [-26.5140625, 0.0, 19.932226562500002, 0.280078125])
array('d', [-27.44765625, 0.18671875000000002, 19.932226562500002, 0.280078125])
array('d', [-26.047265625, -2.0072265625, 19.2787109375, 0.5134765625000001])
array('d', [-26.5607421875, 0.18671875000000002, 19.2787109375, 0.5134765625000001])
array('d', [-26.5607421875, 0.18671875000000002, 19.2787109375, 0.5134765625000001])
array('d', [-26.5607421875, 0.18671875000000002, 19.2787109375, 0.5134765625000001])
array('d', [-26.5607421875, 0.18671875000000002, 19.2787109375, 0.5134765625000001])
array('d', [-26.934179687500002, 0.466796875, 19.3720703125, -0.1400390625])
array('d', [-26.934179687500002, -0.2333984375, 19.7455078125, -0.3267578125])
array('d', [-25.673828125, -0.2333984375, 19.7455078125, 0.5134765625000001])
array('d', [-26.5607421875, 1.2603515625000001, 19.0453125, 0.5134765625000001])
array('d', [-27.0275390625, 0.7001953125, 19.512109375, 0.046679687500000004])
array('d', [-27.0275390625, 0.7001953125, 19.60546875, -0.2333984375])
array('d', [-26.934179687500002, 0.7001953125, 19.60546875, -0.2333984375])
array('d', [-26.654101562500003, 0.18671875000000002, 19.932226562500002, -0.2333984375])
array('d', [-26.654101562500003, 0.18671875000000002, 19.932226562500002, -0.046679687500000004])
array('d', [-26.934179687500002, -0.7001953125, 19.60546875, -0.046679687500000004])
array('d', [-26.467382812500002, 0.3267578125, 19.60546875, -0.42011718750000004])
array('d', [-26.467382812500002, -0.5134765625000001, 19.932226562500002, -0.3267578125])
array('d', [-27.400976562500002, -0.5134765625000001, 20.072265625, -0.2333984375])
array('d', [-26.140625, -0.2333984375, 20.072265625, -0.2333984375])
array('d', [-26.5607421875, -0.93359375, 20.2123046875, -0.56015625])
array('d', [-26.5607421875, -0.09335937500000001, 19.932226562500002, -0.046679687500000004])
array('d', [-27.7744140625, 0.8869140625, 19.60546875, 0.09335937500000001])
array('d', [-27.7744140625, 0.8869140625, 19.60546875, 0.09335937500000001])
array('d', [-26.047265625, 1.1669921875, 18.9052734375, -0.5134765625000001])
array('d', [-27.0275390625, 0.3267578125, 19.60546875, 0.09335937500000001])
array('d', [-26.980859375, 0.6068359375, 19.512109375, 0.280078125])
array('d', [-26.980859375, 0.6068359375, 19.512109375, 0.280078125])
array('d', [-26.5607421875, -1.3537109375, 19.932226562500002, -0.3267578125])
array('d', [-26.934179687500002, -0.2333984375, 19.1853515625, 0.18671875000000002])
array('d', [-26.934179687500002, -0.2333984375, 19.932226562500002, 0.37343750000000003])
array('d', [-26.140625, 0.6068359375, 19.932226562500002, 0.37343750000000003])
array('d', [-25.673828125, 0.18671875000000002, 19.512109375, 0.8402343750000001])
array('d', [-26.980859375, 0.18671875000000002, 19.60546875, 0.046679687500000004])
array('d', [-26.980859375, 0.18671875000000002, 19.60546875, -0.42011718750000004])
array('d', [-26.000585937500002, -0.37343750000000003, 19.698828125000002, -0.42011718750000004])
array('d', [-26.5140625, -0.7935546875, 19.698828125000002, 0.42011718750000004])
array('d', [-27.400976562500002, -0.7001953125, 19.8388671875, -0.1400390625])
array('d', [-27.400976562500002, -0.7001953125, 19.8388671875, 0.18671875000000002])
array('d', [-25.253710937500003, -1.773828125, 19.8388671875, 0.18671875000000002])
array('d', [-26.5607421875, -0.7935546875, 19.2787109375, 0.280078125])
array('d', [-26.5607421875, 0.3267578125, 19.932226562500002, 0.37343750000000003])
array('d', [-26.934179687500002, 0.3267578125, 19.932226562500002, 0.37343750000000003])
array('d', [-26.980859375, -0.5134765625000001, 19.8388671875, -0.1400390625])
array('d', [-26.467382812500002, 0.9802734375000001, 19.2787109375, -0.653515625])
array('d', [-26.467382812500002, 0.9802734375000001, 19.2787109375, -0.653515625])
array('d', [-26.467382812500002, 0.9802734375000001, 19.2787109375, -0.653515625])
array('d', [-26.187304687500003, 1.30703125, 19.2787109375, -0.3267578125])
array('d', [-26.047265625, 0.6068359375, 19.60546875, 0.18671875000000002])
array('d', [-26.047265625, 0.18671875000000002, 18.951953125, 0.18671875000000002])
array('d', [-26.047265625, 0.18671875000000002, 18.951953125, 0.18671875000000002])
array('d', [-26.467382812500002, -0.93359375, 20.2123046875, 0.046679687500000004])
array('d', [-26.467382812500002, -0.93359375, 20.2123046875, -0.2333984375])
array('d', [-26.047265625, -0.5134765625000001, 19.1853515625, -0.2333984375])
array('d', [-27.400976562500002, -0.5134765625000001, 19.1853515625, -0.2333984375])
array('d', [-27.400976562500002, -0.5134765625000001, 19.1853515625, -0.2333984375])
array('d', [-27.400976562500002, -0.2333984375, 19.138671875, 0.18671875000000002])
array('d', [-26.140625, 0.0, 19.8388671875, 0.8402343750000001])
array('d', [-26.980859375, 0.6068359375, 19.60546875, 0.280078125])
array('d', [-27.3076171875, 0.8869140625, 19.932226562500002, 0.42011718750000004])
array('d', [-27.3076171875, 0.8869140625, 19.2787109375, -0.3267578125])
array('d', [-25.8138671875, -0.1400390625, 19.2787109375, -0.3267578125])
array('d', [-26.3740234375, 0.18671875000000002, 19.2787109375, -0.046679687500000004])
array('d', [-27.0275390625, -0.2333984375, 19.932226562500002, -0.42011718750000004])
array('d', [-27.727734375, -0.42011718750000004, 19.2787109375, -0.1400390625])
array('d', [-27.727734375, -0.42011718750000004, 19.2787109375, -0.1400390625])
array('d', [-26.187304687500003, -0.2333984375, 18.85859375, -0.42011718750000004])
array('d', [-26.980859375, -0.5134765625000001, 20.2123046875, -0.42011718750000004])
array('d', [-26.5607421875, 0.18671875000000002, 18.9052734375, 0.5134765625000001])
array('d', [-26.8408203125, -0.93359375, 19.1853515625, -0.046679687500000004])
array('d', [-26.187304687500003, -0.7935546875, 20.2123046875, 0.5134765625000001])
array('d', [-26.187304687500003, -0.7935546875, 20.2123046875, 0.37343750000000003])
array('d', [-26.187304687500003, -0.5134765625000001, 20.2123046875, 0.37343750000000003])
array('d', [-26.980859375, 0.18671875000000002, 19.512109375, -0.3267578125])
array('d', [-26.980859375, 0.18671875000000002, 19.512109375, -0.3267578125])
array('d', [-26.047265625, 0.466796875, 19.8388671875, -0.3267578125])
array('d', [-27.7744140625, -0.7935546875, 20.4923828125, 0.18671875000000002])
array('d', [-27.400976562500002, -0.09335937500000001, 19.932226562500002, -0.046679687500000004])
array('d', [-27.400976562500002, -0.09335937500000001, 19.932226562500002, -0.046679687500000004])
array('d', [-26.5607421875, 0.7001953125, 19.41875, -0.046679687500000004])
array('d', [-26.934179687500002, -0.2333984375, 19.8388671875, 0.09335937500000001])
array('d', [-26.934179687500002, -0.2333984375, 18.951953125, 0.280078125])
array('d', [-26.5140625, 0.0, 18.951953125, 0.280078125])
array('d', [-26.934179687500002, 0.0, 19.60546875, 0.18671875000000002])
array('d', [-26.934179687500002, -0.5134765625000001, 19.512109375, 0.046679687500000004])
array('d', [-26.934179687500002, -0.5134765625000001, 19.512109375, 0.046679687500000004])
array('d', [-26.5140625, 0.466796875, 19.7455078125, -0.42011718750000004])
array('d', [-26.980859375, 0.6068359375, 19.2787109375, 0.37343750000000003])
array('d', [-26.980859375, 0.6068359375, 19.2787109375, -0.046679687500000004])
array('d', [-27.0275390625, 0.18671875000000002, 19.2787109375, -0.046679687500000004])
array('d', [-26.8408203125, 0.6068359375, 19.41875, -0.046679687500000004])
array('d', [-26.8408203125, 0.6068359375, 19.41875, -0.046679687500000004])
array('d', [-26.467382812500002, -0.2333984375, 19.7455078125, 0.5134765625000001])
array('d', [-26.467382812500002, -0.2333984375, 19.7455078125, -0.046679687500000004])
array('d', [-26.980859375, -0.7001953125, 19.60546875, -0.046679687500000004])
array('d', [-26.980859375, -1.6337890625, 19.60546875, 0.5134765625000001])
array('d', [-26.980859375, -1.6337890625, 19.60546875, 0.18671875000000002])
array('d', [-26.980859375, -0.2333984375, 19.8388671875, 0.18671875000000002])
array('d', [-27.400976562500002, -0.2333984375, 19.2787109375, -0.1400390625])
array('d', [-26.5140625, -0.5134765625000001, 19.932226562500002, 0.046679687500000004])
array('d', [-26.467382812500002, 1.1669921875, 19.932226562500002, 0.046679687500000004])
array('d', [-26.467382812500002, 0.18671875000000002, 19.60546875, -0.046679687500000004])
array('d', [-26.980859375, 0.18671875000000002, 19.60546875, -0.046679687500000004])
array('d', [-26.5607421875, 0.3267578125, 19.8388671875, -0.2333984375])
array('d', [-26.5140625, 0.18671875000000002, 19.60546875, -0.046679687500000004])
array('d', [-26.5140625, -0.09335937500000001, 18.85859375, -0.046679687500000004])
array('d', [-25.720507812500003, -0.09335937500000001, 18.85859375, -0.046679687500000004])
array('d', [-26.5607421875, -0.5134765625000001, 19.2787109375, -0.42011718750000004])
array('d', [-26.000585937500002, 1.0269531250000001, 19.2787109375, -0.1400390625])
array('d', [-26.000585937500002, 1.0269531250000001, 19.2787109375, -0.1400390625])
array('d', [-25.58046875, 0.18671875000000002, 20.165625000000002, 0.046679687500000004])
array('d', [-26.934179687500002, 0.18671875000000002, 19.1853515625, 0.18671875000000002])
array('d', [-26.934179687500002, -0.93359375, 19.60546875, -0.1400390625])
array('d', [-26.187304687500003, -0.93359375, 19.60546875, -0.1400390625])
array('d', [-26.5140625, 0.18671875000000002, 19.512109375, -0.3267578125])
array('d', [-26.654101562500003, -0.5134765625000001, 20.0255859375, -0.1400390625])
array('d', [-27.2609375, -0.2333984375, 19.512109375, -0.1400390625])
array('d', [-27.2609375, -0.2333984375, 19.512109375, -0.1400390625])
array('d', [-27.2609375, -0.2333984375, 19.512109375, -0.653515625])
array('d', [-26.980859375, 0.0, 19.8388671875, -0.046679687500000004])
