  backend grafico: TkAgg
>>> SIM ADAPTER: conectando a rosbridge ws://localhost:8765 ...
  esperando /odom (hasta 30s; el mundo del lab tarda en cargar)... ok
  /odom OK pose=(-4.75,+2.60) | /scan: OK
  escenario LAB: mapa/waypoints/puerta REALES (lab.world solo-paredes, frame G1)
  RUIDO DE SENSORES ON: laser sigma=0.090m drop=1.0% | odom deriva=0.070m/m yaw=1.50deg/m

>>> GOTO 'A' -> (+0.99,+0.57). Mando en mano (L2+B). Ctrl+C aborta.
    ENTORNO: SIM (id: lab_v1_vox)  — esta run se registra como SIMULACION, no cuenta como run de robot
  Esperando pose localizada y primera nube... ok.
  FRAME-CHECK start=(-4.75,+2.60) wp_mas_cercano=B(-4.73,+3.04) offset=0.44m
  >>> OJO: arrancas lejos del waypoint mas cercano. Si fisicamente estas EN un waypoint, la relocalizacion difiere de la captura -> re-captura A/B/C en ESTA sesion.
  [spill] payload de agua simulado (semilla=20260814_171702_ours_A.json)
  [META2-DOOR] variante de engagement: Door_Direct (Pl={Door_Direct:1.00, Door_Far:1.00, Door_BiasPlus:1.00})
  META2 ACTIVO (techo por analogia): Meta-Reasoner 2.0, analogia inicial Cautious_Nav

  !!!!!!!!!!!!!!!!!!!!!!!!!!!!!!!!!!!!!!!!!!!!!!!!!!!!!!!!!!!!!!!!!!!!!!!!!!
  !!  VISION OFF (G1_PERC sin definir) pero G1_NOVIS=1: navego SIN vision bajo tu responsabilidad.
  !!  La MESA invisible al LiDAR no se vera.
  !!!!!!!!!!!!!!!!!!!!!!!!!!!!!!!!!!!!!!!!!!!!!!!!!!!!!!!!!!!!!!!!!!!!!!!!!!

  mapa de referencia: 961 celdas | muebles estaticos (nav_map): 0 celdas | plan global: static
  t=  0.0 ENG-F pos=(-4.75,+2.60) yaw= -51.6 d=6.09 goal_err=+32 carrot_err= -15 c0=0.96 clear=0.64 prog=0.00 rel=1.00 bal=+0.15 obs=77 hard=77 obsc=77 yr=  0  nz=0.00 flt=0.34 dmap=+77/-0 shz=0.0 plan=32 cmd=(lx=+0.00,ly=+0.28,rx=+0.00)
  t=  0.5 ENG-F pos=(-4.73,+2.58) yaw= -51.6 d=6.06 goal_err=+32 carrot_err= -15 c0=0.65 clear=0.43 prog=0.18 rel=0.78 bal=+0.13 obs=126 hard=113 obsc=130 yr=  0  nz=0.21 flt=0.05 dmap=+0/-0 shz=6.3 plan=32 cmd=(lx=+0.00,ly=+0.28,rx=+0.00)
  t=  0.9 ENG-F pos=(-4.70,+2.54) yaw= -51.5 d=6.03 goal_err=+32 carrot_err= -16 c0=0.61 clear=0.41 prog=0.25 rel=0.79 bal=+0.11 obs=141 hard=123 obsc=147 yr=  0  nz=0.21 flt=0.05 dmap=+8/-0 shz=4.7 plan=32 cmd=(lx=+0.00,ly=+0.28,rx=+0.00)
  t=  1.3 ENG-F pos=(-4.68,+2.51) yaw= -51.5 d=6.00 goal_err=+33 carrot_err= -11 c0=0.57 clear=0.38 prog=0.24 rel=0.80 bal=+0.11 obs=142 hard=124 obsc=147 yr=  0  nz=0.20 flt=0.06 dmap=+0/-0 shz=4.7 plan=32 cmd=(lx=+0.00,ly=+0.28,rx=+0.00)
  t=  1.7 ENG-F pos=(-4.66,+2.49) yaw= -51.6 d=5.96 goal_err=+33 carrot_err= -11 c0=0.54 clear=0.36 prog=0.24 rel=0.89 bal=+0.18 obs=149 hard=139 obsc=158 yr=  0  nz=0.09 flt=0.13 dmap=+0/-0 shz=4.4 plan=31 cmd=(lx=+0.00,ly=+0.28,rx=+0.00)
  t=  2.2 ENG-F pos=(-4.64,+2.45) yaw= -51.5 d=5.93 goal_err=+33 carrot_err= -11 c0=0.51 clear=0.34 prog=0.26 rel=0.90 bal=+0.17 obs=155 hard=144 obsc=166 yr=  0  nz=0.09 flt=0.02 dmap=+7/-3 shz=4.2 plan=31 cmd=(lx=+0.00,ly=+0.28,rx=+0.00)
  t=  2.6 ENG-F pos=(-4.61,+2.43) yaw= -51.5 d=5.90 goal_err=+33 carrot_err= -12 c0=0.47 clear=0.32 prog=0.25 rel=0.90 bal=+0.11 obs=160 hard=145 obsc=165 yr=  0  nz=0.09 flt=0.06 dmap=+6/-1 shz=4.3 plan=31 cmd=(lx=+0.00,ly=+0.28,rx=+0.00)

  ESCAPE [laser]: nazco encajonado (c0=0.45m carpet=-) -> retrocedo 0.5m antes de planificar.
  t=  3.0 ESC-BK pos=(-4.59,+2.40) yaw= -53.6 d=5.87 goal_err=+35 carrot_err= -10 c0=0.71 clear=0.48 prog=0.23 rel=0.91 bal=+0.10 obs=161 hard=146 obsc=166 yr= 19  nz=0.07 flt=0.07 dmap=+0/-0 shz=4.2 plan=31 cmd=(lx=+0.00,ly=-0.35,rx=+0.00)
  t=  3.4 ESC-BK pos=(-4.62,+2.44) yaw= -53.5 d=5.91 goal_err=+35 carrot_err= -10 c0=0.49 clear=0.32 prog=0.11 rel=0.84 bal=+0.10 obs=189 hard=176 obsc=200 yr=  0  nz=0.16 flt=0.22 dmap=+28/-2 shz=4.1 plan=31 cmd=(lx=+0.00,ly=-0.35,rx=+0.00)

  COLISION #1 [odom] en (-4.64,+2.46) -> marco y recupero.
  t=  3.9 R-BACK pos=(-4.65,+2.48) yaw= -53.4 d=5.95 goal_err=+35 carrot_err= -10 c0=0.38 clear=0.25 prog=0.00 rel=0.61 bal=-0.03 obs=229 hard=193 obsc=247 yr=  0  nz=0.29 flt=0.15 dmap=+13/-1 shz=4.2 plan=0 cmd=(lx=+0.00,ly=-0.35,rx=+0.00)
  t=  4.3 R-TURN pos=(-4.68,+2.52) yaw= -53.4 d=5.99 goal_err=+34 carrot_err=  -9 c0=0.33 clear=0.22 prog=0.00 rel=0.64 bal=+0.05 obs=225 hard=201 obsc=237 yr=  0G nz=0.36 flt=0.05 dmap=+0/-0 shz=4.1 plan=0 cmd=(lx=+0.00,ly=+0.00,rx=+0.45)
  t=  4.7 R-TURN pos=(-4.68,+2.52) yaw= -61.5 d=5.99 goal_err=+42 carrot_err=  -1 c0=0.33 clear=0.22 prog=0.00 rel=0.61 bal=+0.05 obs=225 hard=201 obsc=237 yr= 19G nz=0.38 flt=0.03 dmap=+0/-0 shz=4.2 plan=0 cmd=(lx=+0.00,ly=+0.00,rx=+0.45)
  t=  5.1 R-TURN pos=(-4.68,+2.52) yaw= -69.5 d=5.99 goal_err=+50 carrot_err=  +7 c0=0.33 clear=0.22 prog=0.00 rel=0.69 bal=-0.02 obs=225 hard=201 obsc=237 yr= 19G nz=0.29 flt=0.05 dmap=+0/-0 shz=4.1 plan=0 cmd=(lx=+0.00,ly=+0.00,rx=+0.45)
  t=  5.6 ESC-BK pos=(-4.68,+2.52) yaw= -77.5 d=5.99 goal_err=+59 carrot_err= +15 c0=0.33 clear=0.22 prog=0.00 rel=0.97 bal=-0.02 obs=227 hard=203 obsc=239 yr= 19G nz=0.02 flt=0.09 dmap=+0/-0 shz=4.1 plan=0 cmd=(lx=+0.00,ly=-0.35,rx=+0.00)
  t=  6.0 ESC-BK pos=(-4.69,+2.56) yaw= -79.5 d=6.01 goal_err=+60 carrot_err= +16 c0=0.37 clear=0.25 prog=0.00 rel=0.96 bal=+0.04 obs=226 hard=205 obsc=236 yr=  0  nz=0.03 flt=0.07 dmap=+0/-0 shz=4.1 plan=0 cmd=(lx=+0.00,ly=-0.35,rx=+0.00)
  t=  6.4 ESC-BK pos=(-4.69,+2.61) yaw= -79.5 d=6.04 goal_err=+60 carrot_err= +16 c0=0.42 clear=0.28 prog=0.00 rel=0.95 bal=+0.06 obs=201 hard=192 obsc=220 yr=  0  nz=0.05 flt=0.06 dmap=+3/-15 shz=4.1 plan=0 cmd=(lx=+0.00,ly=-0.35,rx=+0.00)
  t=  6.8 ESC-BK pos=(-4.70,+2.66) yaw= -79.5 d=6.07 goal_err=+59 carrot_err= +15 c0=0.47 clear=0.32 prog=0.00 rel=0.91 bal=+0.08 obs=197 hard=184 obsc=207 yr=  0  nz=0.08 flt=0.13 dmap=+0/-0 shz=4.1 plan=0 cmd=(lx=+0.00,ly=-0.35,rx=+0.00)
  t=  7.3 ESC-BK pos=(-4.72,+2.72) yaw= -79.4 d=6.10 goal_err=+59 carrot_err= +14 c0=0.53 clear=0.36 prog=0.00 rel=0.88 bal=+0.05 obs=200 hard=187 obsc=205 yr=  0  nz=0.11 flt=0.06 dmap=+0/-0 shz=4.1 plan=0 cmd=(lx=+0.00,ly=-0.35,rx=+0.00)
  t=  7.7 ESC-BK pos=(-4.73,+2.77) yaw= -79.4 d=6.13 goal_err=+58 carrot_err= +14 c0=0.58 clear=0.39 prog=0.00 rel=0.89 bal=+0.05 obs=196 hard=183 obsc=202 yr=  0  nz=0.11 flt=0.10 dmap=+3/-4 shz=4.0 plan=0 cmd=(lx=+0.00,ly=-0.35,rx=+0.00)
  t=  8.1 ESC-BK pos=(-4.74,+2.82) yaw= -79.4 d=6.15 goal_err=+58 carrot_err= +13 c0=0.63 clear=0.42 prog=0.00 rel=0.87 bal=+0.15 obs=197 hard=177 obsc=198 yr=  0  nz=0.12 flt=0.04 dmap=+2/-0 shz=4.1 plan=0 cmd=(lx=+0.00,ly=-0.35,rx=+0.00)
  t=  8.5 ESC-BK pos=(-4.75,+2.87) yaw= -79.3 d=6.18 goal_err=+58 carrot_err= +13 c0=0.68 clear=0.46 prog=0.00 rel=0.88 bal=+0.15 obs=192 hard=178 obsc=197 yr=  0  nz=0.12 flt=0.09 dmap=+0/-0 shz=4.0 plan=0 cmd=(lx=+0.00,ly=-0.35,rx=+0.00)
  ESCAPE fin [distancia hecha]: retrocedi 0.51m, c0=0.71m carpet=- -> planifico.
  t=  9.0 ENG-F pos=(-4.75,+2.90) yaw= -79.3 d=6.20 goal_err=+57 carrot_err=  -1 c0=0.71 clear=0.47 prog=0.00 rel=0.87 bal=+0.16 obs=192 hard=174 obsc=193 yr=  0  nz=0.12 flt=0.04 dmap=+1/-0 shz=4.0 plan=33 cmd=(lx=+0.00,ly=+0.28,rx=+0.00)
  t=  9.4 ENG-F pos=(-4.75,+2.87) yaw= -79.3 d=6.18 goal_err=+57 carrot_err=  -1 c0=0.69 clear=0.46 prog=0.00 rel=0.88 bal=+0.16 obs=190 hard=180 obsc=195 yr=  0  nz=0.10 flt=0.06 dmap=+1/-5 shz=4.1 plan=33 cmd=(lx=+0.00,ly=+0.28,rx=+0.00)
  t=  9.8 ENG-F pos=(-4.74,+2.84) yaw= -79.3 d=6.16 goal_err=+58 carrot_err=  -1 c0=0.65 clear=0.43 prog=0.00 rel=0.93 bal=+0.15 obs=190 hard=179 obsc=193 yr=  0  nz=0.07 flt=0.03 dmap=+0/-0 shz=4.0 plan=33 cmd=(lx=+0.00,ly=+0.28,rx=+0.00)
  t= 10.3 ENG-F pos=(-4.74,+2.81) yaw= -79.3 d=6.15 goal_err=+58 carrot_err=  -1 c0=0.62 clear=0.42 prog=0.03 rel=0.93 bal=+0.15 obs=190 hard=180 obsc=191 yr=  0  nz=0.06 flt=0.04 dmap=+0/-0 shz=4.1 plan=33 cmd=(lx=+0.00,ly=+0.28,rx=+0.00)
  t= 10.7 ENG-F pos=(-4.73,+2.78) yaw= -79.3 d=6.13 goal_err=+58 carrot_err=  -1 c0=0.60 clear=0.40 prog=0.10 rel=0.92 bal=+0.15 obs=191 hard=178 obsc=196 yr=  0  nz=0.08 flt=0.11 dmap=+1/-3 shz=4.0 plan=33 cmd=(lx=+0.00,ly=+0.28,rx=+0.00)
  t= 11.1 ENG-F pos=(-4.73,+2.75) yaw= -79.3 d=6.12 goal_err=+58 carrot_err=  -1 c0=0.57 clear=0.38 prog=0.12 rel=0.91 bal=+0.15 obs=193 hard=182 obsc=200 yr=  0  nz=0.08 flt=0.07 dmap=+0/-0 shz=4.1 plan=33 cmd=(lx=+0.00,ly=+0.28,rx=+0.00)
  t= 11.5 ENG-F pos=(-4.72,+2.72) yaw= -79.4 d=6.10 goal_err=+59 carrot_err=  -1 c0=0.54 clear=0.36 prog=0.12 rel=0.88 bal=+0.14 obs=194 hard=179 obsc=200 yr=  0  nz=0.08 flt=0.06 dmap=+0/-0 shz=4.0 plan=33 cmd=(lx=+0.00,ly=+0.28,rx=+0.00)
  t= 12.0 ENG-F pos=(-4.72,+2.70) yaw= -79.4 d=6.09 goal_err=+59 carrot_err=  +9 c0=0.51 clear=0.34 prog=0.12 rel=0.91 bal=+0.10 obs=193 hard=179 obsc=200 yr=  0  nz=0.07 flt=0.03 dmap=+2/-3 shz=4.0 plan=32 cmd=(lx=+0.00,ly=+0.28,rx=+0.00)
  t= 12.4 ENG-F pos=(-4.71,+2.67) yaw= -79.4 d=6.08 goal_err=+59 carrot_err=  +9 c0=0.48 clear=0.32 prog=0.11 rel=0.89 bal=+0.09 obs=193 hard=179 obsc=198 yr=  0  nz=0.09 flt=0.10 dmap=+0/-0 shz=4.0 plan=32 cmd=(lx=+0.00,ly=+0.28,rx=+0.00)
  t= 12.8 ENG-F pos=(-4.70,+2.62) yaw= -79.4 d=6.05 goal_err=+60 carrot_err= +10 c0=0.44 clear=0.29 prog=0.13 rel=0.89 bal=+0.08 obs=191 hard=183 obsc=195 yr=  0  nz=0.08 flt=0.08 dmap=+0/-0 shz=4.0 plan=32 cmd=(lx=+0.00,ly=+0.28,rx=+0.00)
  t= 13.2 ENG-F pos=(-4.70,+2.60) yaw= -79.4 d=6.04 goal_err=+60 carrot_err= +10 c0=0.41 clear=0.28 prog=0.12 rel=0.89 bal=+0.07 obs=190 hard=184 obsc=196 yr=  0  nz=0.08 flt=0.07 dmap=+3/-4 shz=4.0 plan=32 cmd=(lx=+0.00,ly=+0.28,rx=+0.00)
  t= 13.7 ENG-F pos=(-4.70,+2.58) yaw= -79.4 d=6.03 goal_err=+60 carrot_err=  -1 c0=0.39 clear=0.26 prog=0.12 rel=0.89 bal=+0.06 obs=194 hard=183 obsc=197 yr=  0  nz=0.08 flt=0.03 dmap=+2/-0 shz=4.0 plan=33 cmd=(lx=+0.00,ly=+0.28,rx=+0.00)
  t= 14.1 ENG-F pos=(-4.69,+2.55) yaw= -79.4 d=6.02 goal_err=+60 carrot_err=  -1 c0=0.37 clear=0.24 prog=0.11 rel=0.89 bal=+0.05 obs=192 hard=183 obsc=197 yr=  0  nz=0.06 flt=0.09 dmap=+0/-0 shz=4.0 plan=33 cmd=(lx=+0.00,ly=+0.28,rx=+0.00)

  >>> MODO AGRESIVO ON (12s sin acercarse a B): reduzco inflado y holgura (min seguridad 0.24m) para cruzar la puerta.
  t= 14.5 AGR-ENG-WT pos=(-4.69,+2.53) yaw= -79.4 d=6.00 goal_err=+60 carrot_err=  -1 c0=0.34 clear=0.23 prog=0.11 rel=0.90 bal=-0.01 obs=191 hard=184 obsc=195 yr=  0  nz=0.07 flt=0.07 dmap=+0/-0 shz=4.0 plan=33 cmd=(lx=+0.00,ly=+0.00,rx=+0.00)
  t= 15.0 AGR-ENG-WT pos=(-4.69,+2.53) yaw= -79.4 d=6.00 goal_err=+60 carrot_err=  -1 c0=0.34 clear=0.23 prog=0.07 rel=0.91 bal=-0.01 obs=195 hard=182 obsc=197 yr=  0  nz=0.07 flt=0.04 dmap=+3/-1 shz=4.0 plan=33 cmd=(lx=+0.00,ly=+0.00,rx=+0.00)
  t= 15.4 AGR-ENG-WT pos=(-4.69,+2.53) yaw= -79.4 d=6.00 goal_err=+60 carrot_err= +33 c0=0.34 clear=0.23 prog=0.05 rel=0.92 bal=-0.01 obs=195 hard=184 obsc=197 yr=  0  nz=0.07 flt=0.05 dmap=+0/-0 shz=4.0 plan=31 cmd=(lx=+0.00,ly=+0.00,rx=+0.00)
  [META2-DOOR] Door_Direct: FALLO (cols=1) -> Pl=0.90
  t= 15.8 AGR-DOOR-AL pos=(-4.69,+2.53) yaw= -79.4 d=6.00 goal_err=+60 carrot_err= +33 c0=0.34 clear=0.23 prog=0.04 rel=0.96 bal=-0.01 obs=200 hard=185 obsc=203 yr=  0  nz=0.04 flt=0.03 dmap=+0/-0 shz=4.0 plan=31 cmd=(lx=+0.00,ly=+0.00,rx=-0.45)
  t= 16.2 AGR-DOOR-GO pos=(-4.69,+2.52) yaw= -75.4 d=6.00 goal_err=+56 carrot_err= +29 c0=0.33 clear=0.22 prog=0.02 rel=0.96 bal=-0.02 obs=204 hard=187 obsc=207 yr=  0  nz=0.04 flt=0.10 dmap=+4/-0 shz=4.0 plan=31 cmd=(lx=+0.00,ly=+0.28,rx=+0.00)
  t= 16.7 AGR-DOOR-GO pos=(-4.68,+2.50) yaw= -75.4 d=5.99 goal_err=+57 carrot_err= +23 c0=0.31 clear=0.20 prog=0.03 rel=0.96 bal=-0.02 obs=203 hard=186 obsc=206 yr=  0  nz=0.04 flt=0.10 dmap=+0/-0 shz=4.0 plan=30 cmd=(lx=+0.00,ly=+0.28,rx=+0.00)
  t= 17.1 AGR-DOOR-GO pos=(-4.67,+2.47) yaw= -75.4 d=5.97 goal_err=+57 carrot_err= +23 c0=0.28 clear=0.18 prog=0.06 rel=0.92 bal=-0.02 obs=200 hard=186 obsc=204 yr=  0  nz=0.06 flt=0.03 dmap=+0/-0 shz=4.0 plan=30 cmd=(lx=+0.00,ly=+0.28,rx=+0.00)
  t= 17.5 AGR-DOOR-GO pos=(-4.67,+2.44) yaw= -75.5 d=5.96 goal_err=+57 carrot_err= +24 c0=0.25 clear=0.17 prog=0.08 rel=0.91 bal=-0.02 obs=193 hard=180 obsc=202 yr=  0  nz=0.07 flt=0.08 dmap=+1/-8 shz=4.0 plan=30 cmd=(lx=+0.00,ly=+0.28,rx=+0.00)
  t= 17.9 AGR-DOOR-WT pos=(-4.66,+2.43) yaw= -75.5 d=5.95 goal_err=+57 carrot_err= +24 c0=0.23 clear=0.16 prog=0.10 rel=0.94 bal=-0.02 obs=194 hard=182 obsc=197 yr=  0  nz=0.06 flt=0.09 dmap=+1/-2 shz=4.0 plan=30 cmd=(lx=+0.00,ly=+0.00,rx=+0.00)
  t= 18.4 AGR-DOOR-WT pos=(-4.66,+2.43) yaw= -75.5 d=5.95 goal_err=+57 carrot_err= +24 c0=0.23 clear=0.16 prog=0.08 rel=0.94 bal=-0.02 obs=196 hard=181 obsc=200 yr=  0  nz=0.06 flt=0.04 dmap=+0/-0 shz=4.0 plan=30 cmd=(lx=+0.00,ly=+0.00,rx=+0.00)
  t= 18.8 AGR-DOOR-WT pos=(-4.66,+2.43) yaw= -75.5 d=5.95 goal_err=+57 carrot_err= +24 c0=0.23 clear=0.16 prog=0.06 rel=0.91 bal=-0.02 obs=198 hard=182 obsc=198 yr=  0  nz=0.05 flt=0.07 dmap=+3/-1 shz=4.0 plan=30 cmd=(lx=+0.00,ly=+0.00,rx=+0.00)

  COLISION #2 [odom] en (-4.66,+2.43) -> marco y recupero.
  t= 19.2 AGR-R-BACK pos=(-4.66,+2.44) yaw= -75.5 d=5.96 goal_err=+57 carrot_err= +24 c0=0.25 clear=0.16 prog=0.02 rel=0.96 bal=-0.04 obs=195 hard=183 obsc=196 yr=  0  nz=0.03 flt=0.02 dmap=+3/-3 shz=4.0 plan=0 cmd=(lx=+0.00,ly=-0.35,rx=+0.00)
  t= 19.6 AGR-R-TURN pos=(-4.67,+2.47) yaw= -75.5 d=5.97 goal_err=+57 carrot_err= +23 c0=0.28 clear=0.18 prog=0.00 rel=0.95 bal=-0.03 obs=195 hard=183 obsc=196 yr=  0G nz=0.04 flt=0.03 dmap=+0/-0 shz=4.0 plan=0 cmd=(lx=+0.00,ly=+0.00,rx=+0.45)
  t= 20.1 AGR-R-TURN pos=(-4.68,+2.49) yaw= -75.4 d=5.99 goal_err=+57 carrot_err= +23 c0=0.30 clear=0.20 prog=0.00 rel=0.92 bal=-0.02 obs=195 hard=184 obsc=196 yr=  0G nz=0.06 flt=0.07 dmap=+0/-0 shz=4.0 plan=0 cmd=(lx=+0.00,ly=+0.00,rx=+0.45)
  t= 20.5 AGR-R-TURN pos=(-4.69,+2.51) yaw= -75.5 d=6.00 goal_err=+57 carrot_err= +22 c0=0.32 clear=0.22 prog=0.00 rel=0.92 bal=-0.01 obs=197 hard=186 obsc=197 yr=  0G nz=0.07 flt=0.03 dmap=+2/-0 shz=4.0 plan=0 cmd=(lx=+0.00,ly=+0.00,rx=+0.45)
  t= 20.9 AGR-DOOR-GO pos=(-4.69,+2.54) yaw= -75.6 d=6.01 goal_err=+56 carrot_err= +29 c0=0.35 clear=0.23 prog=0.00 rel=0.92 bal=-0.01 obs=197 hard=186 obsc=197 yr=  0  nz=0.06 flt=0.04 dmap=+0/-0 shz=4.0 plan=31 cmd=(lx=+0.00,ly=+0.28,rx=+0.00)
  t= 21.3 AGR-DOOR-GO pos=(-4.70,+2.56) yaw= -75.7 d=6.02 goal_err=+56 carrot_err= +28 c0=0.37 clear=0.25 prog=0.00 rel=0.92 bal=-0.00 obs=197 hard=184 obsc=198 yr=  0  nz=0.06 flt=0.10 dmap=+0/-0 shz=4.0 plan=31 cmd=(lx=+0.00,ly=+0.28,rx=+0.00)

  DESATASCO #1 en (-4.70,+2.58).
  t= 21.8 AGR-BRK-BK pos=(-4.71,+2.59) yaw= -76.0 d=6.05 goal_err=+57 carrot_err= +28 c0=0.41 clear=0.27 prog=0.00 rel=0.91 bal=+0.01 obs=200 hard=189 obsc=202 yr=  0  nz=0.06 flt=0.06 dmap=+2/-0 shz=4.0 plan=0 cmd=(lx=+0.00,ly=-0.35,rx=+0.00)
  t= 22.2 AGR-BRK-TR pos=(-4.72,+2.64) yaw= -76.1 d=6.07 goal_err=+56 carrot_err= +27 c0=0.46 clear=0.30 prog=0.00 rel=0.92 bal=+0.02 obs=202 hard=190 obsc=204 yr=  0G nz=0.07 flt=0.02 dmap=+0/-0 shz=4.0 plan=0 cmd=(lx=+0.00,ly=+0.00,rx=-0.45)
  t= 22.6 AGR-BRK-TR pos=(-4.72,+2.64) yaw= -68.1 d=6.07 goal_err=+48 carrot_err= +19 c0=0.46 clear=0.30 prog=0.00 rel=0.89 bal=+0.07 obs=202 hard=190 obsc=204 yr= 19G nz=0.08 flt=0.12 dmap=+0/-0 shz=4.0 plan=0 cmd=(lx=+0.00,ly=+0.00,rx=-0.45)
  t= 23.1 AGR-BRK-TR pos=(-4.72,+2.64) yaw= -60.0 d=6.07 goal_err=+40 carrot_err= +11 c0=0.46 clear=0.30 prog=0.00 rel=0.90 bal=+0.07 obs=202 hard=190 obsc=204 yr= 19G nz=0.08 flt=0.08 dmap=+0/-0 shz=4.0 plan=0 cmd=(lx=+0.00,ly=+0.00,rx=-0.45)
  t= 23.5 AGR-BRK-TR pos=(-4.72,+2.64) yaw= -52.0 d=6.07 goal_err=+32 carrot_err=  +3 c0=0.46 clear=0.30 prog=0.00 rel=0.93 bal=+0.15 obs=203 hard=191 obsc=205 yr= 20G nz=0.06 flt=0.08 dmap=+1/-0 shz=4.0 plan=0 cmd=(lx=+0.00,ly=+0.00,rx=-0.45)
  t= 23.9 AGR-BRK-TR pos=(-4.72,+2.64) yaw= -44.0 d=6.07 goal_err=+24 carrot_err=  -5 c0=0.54 clear=0.36 prog=0.00 rel=0.89 bal=+0.17 obs=203 hard=191 obsc=205 yr= 19G nz=0.08 flt=0.09 dmap=+0/-0 shz=4.0 plan=0 cmd=(lx=+0.00,ly=+0.00,rx=-0.45)
  t= 24.3 AGR-BRK-TR pos=(-4.72,+2.64) yaw= -34.0 d=6.07 goal_err=+14 carrot_err= -16 c0=0.54 clear=0.36 prog=0.00 rel=0.89 bal=+0.20 obs=203 hard=191 obsc=205 yr= 19G nz=0.10 flt=0.06 dmap=+0/-0 shz=4.0 plan=0 cmd=(lx=+0.00,ly=+0.00,rx=-0.45)
  t= 24.8 AGR-DOOR-AL. pos=(-4.71,+2.64) yaw= -27.9 d=6.07 goal_err=+8 carrot_err= -31 c0=0.67 clear=0.45 prog=0.01 rel=0.87 bal=+0.21 obs=201 hard=187 obsc=205 yr=  0  nz=0.08 flt=0.06 dmap=+1/-3 shz=4.0 plan=31 cmd=(lx=+0.00,ly=+0.00,rx=+0.00)
  t= 25.2 AGR-DOOR-GO pos=(-4.71,+2.64) yaw= -31.9 d=6.07 goal_err=+12 carrot_err= -27 c0=0.54 clear=0.36 prog=0.01 rel=0.90 bal=+0.21 obs=202 hard=189 obsc=206 yr= 19  nz=0.10 flt=0.09 dmap=+0/-0 shz=4.0 plan=31 cmd=(lx=+0.00,ly=+0.28,rx=+0.00)
  t= 25.6 AGR-DOOR-GO pos=(-4.69,+2.62) yaw= -32.0 d=6.04 goal_err=+12 carrot_err= -27 c0=0.51 clear=0.34 prog=0.06 rel=0.90 bal=+0.22 obs=208 hard=188 obsc=210 yr=  0  nz=0.10 flt=0.11 dmap=+0/-0 shz=4.0 plan=31 cmd=(lx=+0.00,ly=+0.28,rx=+0.00)

  COLISION #3 [odom] en (-4.67,+2.62) -> marco y recupero.
  t= 26.0 AGR-R-BACK pos=(-4.68,+2.62) yaw= -32.0 d=6.03 goal_err=+12 carrot_err= -28 c0=0.36 clear=0.24 prog=0.07 rel=0.88 bal=+0.21 obs=241 hard=217 obsc=243 yr=  0  nz=0.11 flt=0.28 dmap=+34/-2 shz=4.0 plan=0 cmd=(lx=+0.00,ly=-0.35,rx=+0.00)
  t= 26.4 AGR-R-TURN pos=(-4.72,+2.65) yaw= -32.0 d=6.08 goal_err=+12 carrot_err= -27 c0=0.33 clear=0.22 prog=0.00 rel=0.57 bal=+0.19 obs=258 hard=239 obsc=266 yr=  0G nz=0.37 flt=0.18 dmap=+0/-0 shz=4.0 plan=0 cmd=(lx=+0.00,ly=+0.00,rx=-0.45)
  t= 26.9 AGR-R-TURN pos=(-4.72,+2.65) yaw= -24.0 d=6.08 goal_err=+4 carrot_err= -35 c0=0.33 clear=0.22 prog=0.00 rel=0.65 bal=+0.11 obs=260 hard=242 obsc=268 yr= 19G nz=0.34 flt=0.05 dmap=+0/-0 shz=4.0 plan=0 cmd=(lx=+0.00,ly=+0.00,rx=-0.45)
  t= 27.3 AGR-R-TURN pos=(-4.72,+2.65) yaw= -14.0 d=6.08 goal_err=-6 carrot_err= -45 c0=0.33 clear=0.22 prog=0.00 rel=0.69 bal=+0.11 obs=261 hard=243 obsc=269 yr= 37G nz=0.31 flt=0.17 dmap=+1/-0 shz=4.0 plan=0 cmd=(lx=+0.00,ly=+0.00,rx=-0.45)
  t= 27.7 AGR-DOOR-AL pos=(-4.72,+2.65) yaw=  -5.9 d=6.08 goal_err=-14 carrot_err= -53 c0=0.33 clear=0.22 prog=0.00 rel=0.75 bal=+0.11 obs=261 hard=243 obsc=269 yr= 18G nz=0.25 flt=0.07 dmap=+0/-0 shz=4.0 plan=31 cmd=(lx=+0.00,ly=+0.00,rx=+0.45)
  t= 28.2 AGR-DOOR-AL. pos=(-4.72,+2.65) yaw=  -9.9 d=6.08 goal_err=-10 carrot_err= -49 c0=0.33 clear=0.22 prog=0.00 rel=0.80 bal=+0.11 obs=261 hard=243 obsc=269 yr= 18G nz=0.20 flt=0.15 dmap=+0/-0 shz=4.0 plan=31 cmd=(lx=+0.00,ly=+0.00,rx=+0.00)
  t= 28.6 AGR-DOOR-AL pos=(-4.72,+2.65) yaw= -12.0 d=6.08 goal_err=-8 carrot_err= -47 c0=0.33 clear=0.22 prog=0.00 rel=0.95 bal=+0.11 obs=266 hard=248 obsc=270 yr=  0G nz=0.03 flt=0.15 dmap=+0/-0 shz=4.0 plan=31 cmd=(lx=+0.00,ly=+0.00,rx=+0.45)
  t= 29.0 AGR-ENG-T pos=(-4.72,+2.65) yaw= -18.0 d=6.08 goal_err=-2 carrot_err= -41 c0=0.33 clear=0.22 prog=0.00 rel=0.96 bal=+0.11 obs=266 hard=248 obsc=270 yr=  0G nz=0.03 flt=0.05 dmap=+0/-0 shz=4.0 plan=31 cmd=(lx=+0.00,ly=+0.00,rx=+0.45)
  t= 29.4 AGR-ENG-T pos=(-4.72,+2.65) yaw= -28.0 d=6.08 goal_err=+8 carrot_err= -31 c0=0.33 clear=0.22 prog=0.00 rel=0.97 bal=+0.18 obs=266 hard=248 obsc=270 yr= 36G nz=0.03 flt=0.09 dmap=+0/-0 shz=4.0 plan=31 cmd=(lx=+0.00,ly=+0.00,rx=+0.45)
  t= 29.9 AGR-ENG-T pos=(-4.72,+2.65) yaw= -36.0 d=6.08 goal_err=+16 carrot_err= -23 c0=0.41 clear=0.27 prog=0.00 rel=0.96 bal=+0.18 obs=266 hard=248 obsc=270 yr= 19G nz=0.03 flt=0.03 dmap=+0/-0 shz=4.0 plan=31 cmd=(lx=+0.00,ly=+0.00,rx=+0.45)
  t= 30.3 AGR-ENG-T pos=(-4.72,+2.65) yaw= -44.0 d=6.08 goal_err=+24 carrot_err= -14 c0=0.41 clear=0.27 prog=0.00 rel=0.90 bal=+0.04 obs=266 hard=248 obsc=270 yr= 19G nz=0.08 flt=0.04 dmap=+0/-0 shz=4.0 plan=31 cmd=(lx=+0.00,ly=+0.00,rx=+0.45)
  t= 30.7 AGR-ENG-F pos=(-4.72,+2.65) yaw= -50.1 d=6.08 goal_err=+30 carrot_err=  -9 c0=0.40 clear=0.27 prog=0.01 rel=0.91 bal=-0.22 obs=266 hard=248 obsc=270 yr=  0  nz=0.08 flt=0.07 dmap=+0/-0 shz=4.0 plan=31 cmd=(lx=+0.00,ly=+0.28,rx=+0.00)
  t= 31.2 AGR-ENG-F pos=(-4.70,+2.63) yaw= -50.1 d=6.05 goal_err=+30 carrot_err=  -9 c0=0.38 clear=0.25 prog=0.05 rel=0.93 bal=-0.22 obs=264 hard=240 obsc=264 yr=  0  nz=0.07 flt=0.05 dmap=+0/-0 shz=4.0 plan=31 cmd=(lx=+0.00,ly=+0.28,rx=+0.00)
  t= 31.6 AGR-ENG-F pos=(-4.68,+2.61) yaw= -50.1 d=6.03 goal_err=+30 carrot_err=  -9 c0=0.35 clear=0.23 prog=0.09 rel=0.93 bal=-0.22 obs=228 hard=222 obsc=247 yr=  0  nz=0.07 flt=0.08 dmap=+0/-19 shz=4.0 plan=31 cmd=(lx=+0.00,ly=+0.28,rx=+0.00)
  t= 32.0 AGR-ENG-WT pos=(-4.68,+2.60) yaw= -50.1 d=6.02 goal_err=+30 carrot_err=  -9 c0=0.34 clear=0.23 prog=0.11 rel=0.91 bal=-0.27 obs=214 hard=207 obsc=215 yr=  0  nz=0.08 flt=0.07 dmap=+1/-3 shz=4.0 plan=31 cmd=(lx=+0.00,ly=+0.00,rx=+0.00)
  t= 32.4 AGR-ENG-WT pos=(-4.68,+2.60) yaw= -50.1 d=6.02 goal_err=+30 carrot_err=  -9 c0=0.34 clear=0.23 prog=0.11 rel=0.91 bal=-0.27 obs=218 hard=207 obsc=219 yr=  0  nz=0.07 flt=0.04 dmap=+0/-0 shz=4.0 plan=31 cmd=(lx=+0.00,ly=+0.00,rx=+0.00)
  t= 32.9 AGR-ENG-WT pos=(-4.68,+2.60) yaw= -50.1 d=6.02 goal_err=+30 carrot_err=  -9 c0=0.34 clear=0.23 prog=0.08 rel=0.96 bal=-0.27 obs=217 hard=204 obsc=216 yr=  0  nz=0.04 flt=0.06 dmap=+0/-0 shz=4.0 plan=31 cmd=(lx=+0.00,ly=+0.00,rx=+0.00)
  [META2-DOOR] Door_Direct: FALLO (cols=0) -> Pl=0.80
  t= 33.3 AGR-DOOR-CTR pos=(-4.69,+2.59) yaw= -50.1 d=6.02 goal_err=+30 carrot_err=  -8 c0=0.34 clear=0.23 prog=0.03 rel=0.94 bal=-0.26 obs=236 hard=221 obsc=237 yr=  0  nz=0.04 flt=0.28 dmap=+19/-0 shz=4.0 plan=31 cmd=(lx=+0.34,ly=+0.00,rx=+0.00)
  t= 33.7 AGR-DOOR-GO pos=(-4.72,+2.56) yaw= -50.1 d=6.05 goal_err=+31 carrot_err=  -6 c0=0.36 clear=0.24 prog=0.00 rel=0.72 bal=-0.20 obs=250 hard=239 obsc=266 yr=  0  nz=0.20 flt=0.14 dmap=+1/-0 shz=4.0 plan=31 cmd=(lx=+0.00,ly=+0.28,rx=+0.00)
  t= 34.2 AGR-DOOR-GO pos=(-4.70,+2.54) yaw= -50.1 d=6.03 goal_err=+31 carrot_err=  -6 c0=0.36 clear=0.24 prog=0.00 rel=0.81 bal=-0.21 obs=264 hard=249 obsc=270 yr=  0  nz=0.19 flt=0.05 dmap=+0/-0 shz=4.0 plan=31 cmd=(lx=+0.00,ly=+0.28,rx=+0.00)
  t= 34.6 AGR-DOOR-GO pos=(-4.69,+2.52) yaw= -50.1 d=6.00 goal_err=+31 carrot_err=  -6 c0=0.33 clear=0.22 prog=0.03 rel=0.81 bal=-0.21 obs=261 hard=250 obsc=267 yr=  0  nz=0.19 flt=0.05 dmap=+2/-5 shz=4.0 plan=31 cmd=(lx=+0.00,ly=+0.28,rx=+0.00)
  t= 35.0 AGR-DOOR-GO pos=(-4.67,+2.50) yaw= -50.1 d=5.98 goal_err=+31 carrot_err=  -3 c0=0.41 clear=0.27 prog=0.06 rel=0.79 bal=-0.21 obs=253 hard=244 obsc=263 yr=  0  nz=0.21 flt=0.06 dmap=+0/-0 shz=4.0 plan=31 cmd=(lx=+0.00,ly=+0.28,rx=+0.00)
  t= 35.4 AGR-DOOR-GO pos=(-4.66,+2.49) yaw= -50.1 d=5.96 goal_err=+31 carrot_err=  -3 c0=0.38 clear=0.26 prog=0.13 rel=0.82 bal=-0.21 obs=243 hard=229 obsc=247 yr=  0  nz=0.18 flt=0.05 dmap=+0/-0 shz=4.0 plan=31 cmd=(lx=+0.00,ly=+0.28,rx=+0.00)

  DESATASCO #2 en (-4.65,+2.48).
  t= 35.9 AGR-BRK-BK pos=(-4.67,+2.50) yaw= -50.2 d=5.98 goal_err=+31 carrot_err=  -3 c0=0.40 clear=0.27 prog=0.11 rel=0.93 bal=-0.21 obs=243 hard=229 obsc=248 yr=  0  nz=0.07 flt=0.05 dmap=+2/-3 shz=4.0 plan=0 cmd=(lx=+0.00,ly=-0.35,rx=+0.00)
  t= 36.3 AGR-BRK-TR pos=(-4.69,+2.52) yaw= -52.2 d=6.01 goal_err=+33 carrot_err=  -1 c0=0.34 clear=0.22 prog=0.01 rel=0.93 bal=-0.21 obs=242 hard=231 obsc=248 yr= 19G nz=0.07 flt=0.06 dmap=+0/-0 shz=4.0 plan=0 cmd=(lx=+0.00,ly=+0.00,rx=+0.45)
  t= 36.7 AGR-BRK-TR pos=(-4.69,+2.52) yaw= -60.2 d=6.01 goal_err=+41 carrot_err=  +7 c0=0.34 clear=0.22 prog=0.00 rel=0.93 bal=-0.21 obs=242 hard=231 obsc=248 yr= 19G nz=0.07 flt=0.09 dmap=+0/-0 shz=4.0 plan=0 cmd=(lx=+0.00,ly=+0.00,rx=+0.45)
  t= 37.1 AGR-BRK-TR pos=(-4.69,+2.52) yaw= -70.2 d=6.01 goal_err=+51 carrot_err= +17 c0=0.34 clear=0.22 prog=0.00 rel=0.92 bal=-0.20 obs=242 hard=231 obsc=248 yr= 38G nz=0.08 flt=0.17 dmap=+0/-0 shz=4.0 plan=0 cmd=(lx=+0.00,ly=+0.00,rx=+0.45)
  t= 37.6 AGR-BRK-TR pos=(-4.69,+2.52) yaw= -78.2 d=6.01 goal_err=+59 carrot_err= +25 c0=0.34 clear=0.22 prog=0.00 rel=0.92 bal=-0.19 obs=242 hard=231 obsc=248 yr= 19G nz=0.08 flt=0.05 dmap=+0/-0 shz=4.0 plan=0 cmd=(lx=+0.00,ly=+0.00,rx=+0.45)
  t= 38.0 AGR-BRK-TR pos=(-4.69,+2.52) yaw= -86.3 d=6.01 goal_err=+67 carrot_err= +33 c0=0.34 clear=0.22 prog=0.00 rel=0.98 bal=-0.19 obs=242 hard=231 obsc=248 yr= 18G nz=0.02 flt=0.09 dmap=+0/-0 shz=4.0 plan=0 cmd=(lx=+0.00,ly=+0.00,rx=+0.45)
  t= 38.4 AGR-BRK-TR pos=(-4.69,+2.52) yaw= -94.3 d=6.01 goal_err=+75 carrot_err= +41 c0=0.34 clear=0.22 prog=0.00 rel=0.99 bal=-0.19 obs=244 hard=233 obsc=250 yr= 19G nz=0.01 flt=0.02 dmap=+0/-0 shz=4.0 plan=0 cmd=(lx=+0.00,ly=+0.00,rx=+0.45)
  t= 38.9 AGR-DOOR-AL pos=(-4.69,+2.52) yaw= -96.3 d=6.01 goal_err=+77 carrot_err= +50 c0=0.34 clear=0.22 prog=0.00 rel=0.99 bal=-0.19 obs=249 hard=215 obsc=257 yr= 19G nz=0.01 flt=0.15 dmap=+0/-0 shz=4.0 plan=31 cmd=(lx=+0.00,ly=+0.00,rx=-0.45)
  t= 39.3 AGR-DOOR-AL pos=(-4.69,+2.52) yaw= -92.3 d=6.01 goal_err=+73 carrot_err= +46 c0=0.34 clear=0.22 prog=0.00 rel=0.98 bal=-0.19 obs=249 hard=216 obsc=254 yr=  0  nz=0.01 flt=0.06 dmap=+0/-0 shz=4.0 plan=31 cmd=(lx=+0.00,ly=+0.00,rx=-0.45)
  t= 39.7 AGR-DOOR-AL. pos=(-4.69,+2.52) yaw= -84.2 d=6.01 goal_err=+65 carrot_err= +38 c0=0.34 clear=0.22 prog=0.00 rel=0.97 bal=-0.19 obs=249 hard=216 obsc=254 yr= 18  nz=0.02 flt=0.09 dmap=+0/-0 shz=4.0 plan=31 cmd=(lx=+0.00,ly=+0.00,rx=+0.00)
  t= 40.1 AGR-DOOR-AL. pos=(-4.69,+2.52) yaw= -82.2 d=6.01 goal_err=+63 carrot_err= +36 c0=0.34 clear=0.22 prog=0.00 rel=0.98 bal=-0.19 obs=249 hard=213 obsc=257 yr= 18G nz=0.02 flt=0.15 dmap=+0/-0 shz=4.0 plan=31 cmd=(lx=+0.00,ly=+0.00,rx=+0.00)
  t= 40.6 AGR-DOOR-GO pos=(-4.69,+2.51) yaw= -80.3 d=6.00 goal_err=+61 carrot_err= +34 c0=0.33 clear=0.22 prog=0.01 rel=0.73 bal=-0.19 obs=262 hard=227 obsc=270 yr=  0  nz=0.17 flt=0.31 dmap=+0/-0 shz=4.0 plan=31 cmd=(lx=+0.00,ly=+0.28,rx=+0.00)
  t= 41.0 AGR-ENG-WT pos=(-4.69,+2.49) yaw= -80.3 d=5.99 goal_err=+62 carrot_err= +35 c0=0.30 clear=0.20 prog=0.03 rel=0.71 bal=-0.19 obs=271 hard=256 obsc=294 yr=  0  nz=0.20 flt=0.14 dmap=+1/-0 shz=4.0 plan=31 cmd=(lx=+0.00,ly=+0.00,rx=+0.00)
  t= 41.4 AGR-ENG-WT pos=(-4.68,+2.48) yaw= -80.3 d=5.99 goal_err=+62 carrot_err= +35 c0=0.30 clear=0.20 prog=0.03 rel=0.78 bal=-0.19 obs=270 hard=251 obsc=280 yr=  0  nz=0.21 flt=0.02 dmap=+2/-1 shz=4.0 plan=31 cmd=(lx=+0.00,ly=+0.00,rx=+0.00)
  t= 41.9 AGR-ENG-WT pos=(-4.68,+2.48) yaw= -80.3 d=5.99 goal_err=+62 carrot_err= +28 c0=0.30 clear=0.20 prog=0.03 rel=0.80 bal=-0.19 obs=272 hard=251 obsc=289 yr=  0  nz=0.20 flt=0.30 dmap=+16/-7 shz=4.0 plan=30 cmd=(lx=+0.00,ly=+0.00,rx=+0.00)
  [META2-DOOR] Door_Direct: FALLO (cols=0) -> Pl=0.68
  t= 42.3 AGR-ENG-WT pos=(-4.68,+2.48) yaw= -80.3 d=5.99 goal_err=+62 carrot_err= +28 c0=0.30 clear=0.20 prog=0.03 rel=0.72 bal=-0.19 obs=273 hard=264 obsc=306 yr=  0  nz=0.20 flt=0.20 dmap=+0/-0 shz=4.0 plan=30 cmd=(lx=+0.00,ly=+0.00,rx=+0.00)
  t= 42.7 AGR-DOOR-GO pos=(-4.68,+2.47) yaw= -80.2 d=5.98 goal_err=+62 carrot_err= +28 c0=0.28 clear=0.19 prog=0.03 rel=0.80 bal=-0.20 obs=287 hard=268 obsc=302 yr=  0  nz=0.20 flt=0.04 dmap=+0/-0 shz=4.0 plan=30 cmd=(lx=+0.00,ly=+0.28,rx=+0.00)
  t= 43.1 AGR-DOOR-GO pos=(-4.68,+2.45) yaw= -80.2 d=5.97 goal_err=+62 carrot_err= +29 c0=0.26 clear=0.17 prog=0.03 rel=0.79 bal=-0.20 obs=274 hard=265 obsc=291 yr=  0  nz=0.21 flt=0.04 dmap=+0/-11 shz=4.0 plan=30 cmd=(lx=+0.00,ly=+0.28,rx=+0.00)
  t= 43.6 AGR-DOOR-WT pos=(-4.67,+2.42) yaw= -80.2 d=5.96 goal_err=+62 carrot_err= +29 c0=0.24 clear=0.16 prog=0.05 rel=0.77 bal=-0.20 obs=262 hard=258 obsc=283 yr=  0  nz=0.23 flt=0.07 dmap=+0/-0 shz=4.0 plan=30 cmd=(lx=+0.00,ly=+0.00,rx=+0.00)
  t= 44.0 AGR-DOOR-WT pos=(-4.67,+2.41) yaw= -80.2 d=5.95 goal_err=+62 carrot_err= +30 c0=0.22 clear=0.15 prog=0.06 rel=0.94 bal=-0.20 obs=250 hard=238 obsc=261 yr=  0  nz=0.06 flt=0.05 dmap=+0/-0 shz=4.0 plan=30 cmd=(lx=+0.00,ly=+0.00,rx=+0.00)
  t= 44.4 AGR-DOOR-CTR pos=(-4.67,+2.41) yaw= -80.2 d=5.95 goal_err=+62 carrot_err= +30 c0=0.22 clear=0.15 prog=0.06 rel=0.94 bal=-0.27 obs=245 hard=235 obsc=256 yr=  0  nz=0.06 flt=0.07 dmap=+0/-3 shz=4.0 plan=30 cmd=(lx=+0.34,ly=+0.00,rx=+0.00)
  t= 44.9 AGR-DOOR-CTR pos=(-4.71,+2.41) yaw= -80.3 d=5.99 goal_err=+62 carrot_err= +32 c0=0.23 clear=0.15 prog=0.00 rel=0.95 bal=-0.22 obs=264 hard=242 obsc=276 yr=  0  nz=0.05 flt=0.30 dmap=+17/-1 shz=4.0 plan=30 cmd=(lx=+0.34,ly=+0.00,rx=+0.00)
  t= 45.3 AGR-DOOR-WT pos=(-4.73,+2.40) yaw= -80.3 d=6.01 goal_err=+63 carrot_err= +33 c0=0.24 clear=0.16 prog=0.00 rel=0.72 bal=-0.19 obs=275 hard=258 obsc=293 yr=  0  nz=0.18 flt=0.23 dmap=+0/-0 shz=4.0 plan=30 cmd=(lx=+0.00,ly=+0.00,rx=+0.00)
  t= 45.7 AGR-DOOR-WT pos=(-4.73,+2.40) yaw= -80.3 d=6.01 goal_err=+63 carrot_err= +33 c0=0.24 clear=0.16 prog=0.00 rel=0.81 bal=-0.19 obs=291 hard=272 obsc=304 yr=  0  nz=0.19 flt=0.07 dmap=+0/-0 shz=4.0 plan=30 cmd=(lx=+0.00,ly=+0.00,rx=+0.00)
  t= 46.1 AGR-DOOR-WT pos=(-4.73,+2.40) yaw= -80.3 d=6.01 goal_err=+63 carrot_err= +33 c0=0.24 clear=0.16 prog=0.00 rel=0.81 bal=-0.19 obs=284 hard=271 obsc=296 yr=  0  nz=0.19 flt=0.04 dmap=+1/-6 shz=4.0 plan=30 cmd=(lx=+0.00,ly=+0.00,rx=+0.00)
  t= 46.6 AGR-DOOR-AL pos=(-4.73,+2.40) yaw= -80.3 d=6.01 goal_err=+63 carrot_err= +32 c0=0.24 clear=0.16 prog=0.00 rel=0.74 bal=-0.19 obs=282 hard=269 obsc=296 yr=  0G nz=0.19 flt=0.28 dmap=+0/-0 shz=4.0 plan=30 cmd=(lx=+0.00,ly=+0.00,rx=-0.45)
  t= 47.0 AGR-DOOR-AL. pos=(-4.73,+2.40) yaw= -74.2 d=6.01 goal_err=+56 carrot_err= +26 c0=0.24 clear=0.16 prog=0.00 rel=0.69 bal=-0.19 obs=283 hard=271 obsc=315 yr=  0  nz=0.19 flt=0.18 dmap=+0/-0 shz=4.0 plan=30 cmd=(lx=+0.00,ly=+0.00,rx=+0.00)
  t= 47.4 AGR-DOOR-WT pos=(-4.73,+2.40) yaw= -70.2 d=6.01 goal_err=+52 carrot_err= +22 c0=0.24 clear=0.16 prog=0.00 rel=0.78 bal=-0.19 obs=283 hard=271 obsc=315 yr= 19G nz=0.21 flt=0.06 dmap=+0/-0 shz=4.0 plan=30 cmd=(lx=+0.00,ly=+0.00,rx=+0.00)
  t= 47.9 AGR-DOOR-WT pos=(-4.73,+2.40) yaw= -68.2 d=6.01 goal_err=+50 carrot_err= +20 c0=0.24 clear=0.16 prog=0.00 rel=0.79 bal=-0.19 obs=281 hard=269 obsc=292 yr=  0  nz=0.20 flt=0.08 dmap=+0/-0 shz=4.0 plan=30 cmd=(lx=+0.00,ly=+0.00,rx=+0.00)
  t= 48.3 AGR-DOOR-WT pos=(-4.73,+2.40) yaw= -68.2 d=6.01 goal_err=+50 carrot_err= +20 c0=0.24 clear=0.16 prog=0.00 rel=0.73 bal=-0.19 obs=294 hard=275 obsc=316 yr=  0  nz=0.19 flt=0.14 dmap=+0/-0 shz=4.0 plan=30 cmd=(lx=+0.00,ly=+0.00,rx=+0.00)
  t= 48.7 AGR-DOOR-WT pos=(-4.73,+2.40) yaw= -68.2 d=6.01 goal_err=+50 carrot_err= +20 c0=0.24 clear=0.16 prog=0.00 rel=0.70 bal=-0.19 obs=289 hard=283 obsc=317 yr=  0  nz=0.19 flt=0.06 dmap=+1/-17 shz=4.0 plan=30 cmd=(lx=+0.00,ly=+0.00,rx=+0.00)
  t= 49.1 AGR-DOOR-WT pos=(-4.73,+2.40) yaw= -68.2 d=6.01 goal_err=+50 carrot_err= +20 c0=0.24 clear=0.16 prog=0.00 rel=0.81 bal=-0.19 obs=286 hard=271 obsc=303 yr=  0  nz=0.19 flt=0.05 dmap=+1/-6 shz=4.0 plan=30 cmd=(lx=+0.00,ly=+0.00,rx=+0.00)

  DESATASCO #3 en (-4.73,+2.40).
  t= 49.6 AGR-BRK-BK pos=(-4.73,+2.40) yaw= -68.2 d=6.01 goal_err=+50 carrot_err= +20 c0=0.24 clear=0.16 prog=0.00 rel=0.79 bal=-0.19 obs=279 hard=269 obsc=299 yr=  0  nz=0.19 flt=0.07 dmap=+0/-0 shz=4.0 plan=0 cmd=(lx=+0.00,ly=-0.35,rx=+0.00)
  t= 50.0 AGR-BRK-TR pos=(-4.75,+2.45) yaw= -68.3 d=6.04 goal_err=+50 carrot_err= +19 c0=0.29 clear=0.19 prog=0.00 rel=0.93 bal=-0.19 obs=266 hard=251 obsc=277 yr=  0  nz=0.04 flt=0.09 dmap=+0/-0 shz=4.0 plan=0 cmd=(lx=+0.00,ly=+0.00,rx=+0.45)
  t= 50.4 AGR-BRK-TR pos=(-4.75,+2.46) yaw= -74.3 d=6.05 goal_err=+56 carrot_err= +24 c0=0.30 clear=0.20 prog=0.00 rel=0.91 bal=-0.19 obs=267 hard=253 obsc=279 yr= 19G nz=0.05 flt=0.04 dmap=+1/-0 shz=4.0 plan=0 cmd=(lx=+0.00,ly=+0.00,rx=+0.45)
  t= 50.8 AGR-BRK-TR pos=(-4.75,+2.46) yaw= -82.3 d=6.05 goal_err=+64 carrot_err= +32 c0=0.30 clear=0.20 prog=0.00 rel=0.91 bal=-0.19 obs=267 hard=254 obsc=279 yr= 18G nz=0.06 flt=0.08 dmap=+0/-0 shz=4.0 plan=0 cmd=(lx=+0.00,ly=+0.00,rx=+0.45)
  t= 51.3 AGR-BRK-TR pos=(-4.75,+2.46) yaw= -90.4 d=6.05 goal_err=+72 carrot_err= +40 c0=0.48 clear=0.32 prog=0.00 rel=0.82 bal=-0.19 obs=267 hard=254 obsc=279 yr= 19G nz=0.16 flt=0.01 dmap=+0/-0 shz=4.0 plan=0 cmd=(lx=+0.00,ly=+0.00,rx=+0.45)
  t= 51.7 AGR-BRK-TR pos=(-4.75,+2.46) yaw= -98.4 d=6.05 goal_err=+80 carrot_err= +49 c0=0.66 clear=0.44 prog=0.00 rel=0.83 bal=-0.23 obs=267 hard=254 obsc=279 yr= 19G nz=0.16 flt=0.04 dmap=+0/-0 shz=4.0 plan=0 cmd=(lx=+0.00,ly=+0.00,rx=+0.45)
  t= 52.1 AGR-BRK-TR pos=(-4.75,+2.46) yaw=-108.4 d=6.05 goal_err=+90 carrot_err= +59 c0=0.66 clear=0.44 prog=0.00 rel=0.75 bal=-0.23 obs=267 hard=254 obsc=279 yr= 19G nz=0.22 flt=0.11 dmap=+0/-0 shz=4.0 plan=0 cmd=(lx=+0.00,ly=+0.00,rx=+0.45)
  t= 52.5 AGR-ENG-T pos=(-4.75,+2.46) yaw=-116.4 d=6.05 goal_err=+98 carrot_err= +67 c0=0.64 clear=0.43 prog=0.00 rel=0.86 bal=-0.23 obs=267 hard=254 obsc=279 yr= 19G nz=0.13 flt=0.05 dmap=+0/-0 shz=4.0 plan=30 cmd=(lx=+0.00,ly=+0.00,rx=-0.45)
  t= 53.0 AGR-ENG-T pos=(-4.75,+2.46) yaw=-108.4 d=6.05 goal_err=+90 carrot_err= +59 c0=0.66 clear=0.44 prog=0.00 rel=0.87 bal=-0.23 obs=267 hard=254 obsc=279 yr= 18G nz=0.12 flt=0.04 dmap=+0/-0 shz=4.0 plan=30 cmd=(lx=+0.00,ly=+0.00,rx=-0.45)
  t= 53.4 AGR-ENG-T pos=(-4.75,+2.46) yaw=-100.4 d=6.05 goal_err=+82 carrot_err= +51 c0=0.66 clear=0.44 prog=0.00 rel=0.95 bal=-0.23 obs=267 hard=254 obsc=279 yr= 19G nz=0.04 flt=0.07 dmap=+0/-0 shz=4.0 plan=30 cmd=(lx=+0.00,ly=+0.00,rx=-0.45)
  t= 53.8 AGR-ENG-T pos=(-4.75,+2.46) yaw= -92.4 d=6.05 goal_err=+74 carrot_err= +43 c0=0.48 clear=0.32 prog=0.00 rel=0.85 bal=-0.19 obs=267 hard=254 obsc=279 yr= 19G nz=0.12 flt=0.10 dmap=+0/-0 shz=4.0 plan=30 cmd=(lx=+0.00,ly=+0.00,rx=-0.45)
  t= 54.3 AGR-ENG-F pos=(-4.75,+2.46) yaw= -84.3 d=6.05 goal_err=+66 carrot_err= +34 c0=0.48 clear=0.32 prog=0.00 rel=0.85 bal=-0.19 obs=267 hard=240 obsc=279 yr= 19  nz=0.14 flt=0.10 dmap=+0/-0 shz=4.0 plan=30 cmd=(lx=+0.00,ly=+0.28,rx=+0.00)
  t= 54.7 AGR-ENG-F pos=(-4.75,+2.42) yaw= -84.4 d=6.03 goal_err=+66 carrot_err= +36 c0=0.45 clear=0.30 prog=0.02 rel=0.82 bal=-0.18 obs=268 hard=246 obsc=280 yr=  0  nz=0.16 flt=0.09 dmap=+2/-1 shz=4.0 plan=30 cmd=(lx=+0.00,ly=+0.28,rx=+0.00)
  t= 55.1 AGR-ENG-F pos=(-4.75,+2.40) yaw= -84.3 d=6.02 goal_err=+67 carrot_err= +37 c0=0.43 clear=0.28 prog=0.04 rel=0.83 bal=-0.17 obs=264 hard=243 obsc=282 yr=  0  nz=0.14 flt=0.04 dmap=+0/-0 shz=4.0 plan=30 cmd=(lx=+0.00,ly=+0.28,rx=+0.00)
  t= 55.5 AGR-ENG-F pos=(-4.75,+2.37) yaw= -84.3 d=6.02 goal_err=+67 carrot_err= +38 c0=0.40 clear=0.27 prog=0.05 rel=0.92 bal=-0.13 obs=248 hard=240 obsc=264 yr=  0  nz=0.07 flt=0.10 dmap=+0/-0 shz=4.0 plan=30 cmd=(lx=+0.00,ly=+0.28,rx=+0.00)
  t= 56.0 AGR-ENG-F pos=(-4.75,+2.35) yaw= -84.3 d=6.01 goal_err=+67 carrot_err= +39 c0=0.38 clear=0.25 prog=0.07 rel=0.91 bal=-0.24 obs=248 hard=233 obsc=264 yr=  0  nz=0.07 flt=0.06 dmap=+3/-4 shz=4.0 plan=30 cmd=(lx=+0.00,ly=+0.28,rx=+0.00)
  t= 56.4 AGR-ENG-F pos=(-4.74,+2.33) yaw= -84.3 d=6.00 goal_err=+67 carrot_err= +40 c0=0.36 clear=0.24 prog=0.07 rel=0.93 bal=-0.25 obs=253 hard=239 obsc=264 yr=  0  nz=0.06 flt=0.05 dmap=+0/-0 shz=4.0 plan=30 cmd=(lx=+0.00,ly=+0.28,rx=+0.00)
  t= 56.8 AGR-ENG-WT pos=(-4.74,+2.31) yaw= -82.3 d=5.99 goal_err=+65 carrot_err= +39 c0=0.34 clear=0.23 prog=0.07 rel=0.94 bal=-0.25 obs=256 hard=245 obsc=268 yr= 19G nz=0.05 flt=0.04 dmap=+0/-0 shz=4.0 plan=30 cmd=(lx=+0.00,ly=+0.00,rx=+0.00)
  t= 57.2 AGR-ENG-WT pos=(-4.74,+2.31) yaw= -78.3 d=5.99 goal_err=+61 carrot_err= +35 c0=0.34 clear=0.23 prog=0.05 rel=0.93 bal=-0.25 obs=258 hard=240 obsc=270 yr=  0  nz=0.04 flt=0.05 dmap=+1/-2 shz=4.0 plan=30 cmd=(lx=+0.00,ly=+0.00,rx=+0.00)
  t= 57.7 AGR-ENG-WT pos=(-4.74,+2.31) yaw= -78.3 d=5.99 goal_err=+61 carrot_err= +35 c0=0.34 clear=0.23 prog=0.04 rel=0.95 bal=-0.25 obs=256 hard=240 obsc=268 yr=  0  nz=0.04 flt=0.06 dmap=+0/-0 shz=4.0 plan=30 cmd=(lx=+0.00,ly=+0.00,rx=+0.00)
  [META2-DOOR] Door_Direct: FALLO (cols=0) -> Pl=0.56
  t= 58.1 AGR-ENG-WT pos=(-4.74,+2.31) yaw= -78.3 d=5.99 goal_err=+61 carrot_err= +35 c0=0.34 clear=0.23 prog=0.02 rel=0.97 bal=-0.25 obs=258 hard=240 obsc=270 yr=  0  nz=0.03 flt=0.05 dmap=+0/-0 shz=4.0 plan=30 cmd=(lx=+0.00,ly=+0.00,rx=+0.00)
  t= 58.5 AGR-DOOR-AL pos=(-4.74,+2.31) yaw= -78.3 d=5.99 goal_err=+61 carrot_err= +35 c0=0.34 clear=0.23 prog=0.00 rel=0.96 bal=-0.25 obs=258 hard=236 obsc=267 yr=  0  nz=0.02 flt=0.10 dmap=+3/-1 shz=4.0 plan=30 cmd=(lx=+0.00,ly=+0.00,rx=-0.45)
  t= 58.9 AGR-DOOR-AL. pos=(-4.74,+2.31) yaw= -72.3 d=5.99 goal_err=+55 carrot_err= +29 c0=0.34 clear=0.23 prog=0.00 rel=0.98 bal=-0.13 obs=258 hard=239 obsc=267 yr= 19  nz=0.02 flt=0.11 dmap=+0/-0 shz=4.0 plan=30 cmd=(lx=+0.00,ly=+0.00,rx=+0.00)
  t= 59.3 AGR-DOOR-AL pos=(-4.74,+2.31) yaw= -70.3 d=5.99 goal_err=+53 carrot_err= +27 c0=0.34 clear=0.23 prog=0.00 rel=0.98 bal=-0.13 obs=259 hard=243 obsc=271 yr= 19G nz=0.01 flt=0.05 dmap=+0/-0 shz=4.0 plan=30 cmd=(lx=+0.00,ly=+0.00,rx=-0.45)
  t= 59.8 AGR-DOOR-GO pos=(-4.74,+2.30) yaw= -66.3 d=5.98 goal_err=+50 carrot_err= +23 c0=0.33 clear=0.22 prog=0.01 rel=0.98 bal=-0.14 obs=260 hard=244 obsc=274 yr=  0  nz=0.02 flt=0.06 dmap=+1/-3 shz=4.0 plan=30 cmd=(lx=+0.00,ly=+0.28,rx=+0.00)
  t= 60.2 AGR-DOOR-CTR pos=(-4.73,+2.27) yaw= -66.3 d=5.97 goal_err=+50 carrot_err= +24 c0=0.30 clear=0.20 prog=0.04 rel=0.96 bal=-0.27 obs=259 hard=246 obsc=273 yr=  0  nz=0.04 flt=0.03 dmap=+2/-3 shz=4.0 plan=30 cmd=(lx=+0.34,ly=+0.00,rx=+0.00)
  t= 60.6 AGR-DOOR-AL. pos=(-4.75,+2.26) yaw= -64.3 d=5.98 goal_err=+48 carrot_err= +23 c0=0.29 clear=0.20 prog=0.02 rel=0.95 bal=-0.24 obs=260 hard=247 obsc=274 yr= 19G nz=0.05 flt=0.04 dmap=+0/-0 shz=4.0 plan=30 cmd=(lx=+0.00,ly=+0.00,rx=+0.00)
  t= 61.1 AGR-DOOR-AL pos=(-4.75,+2.27) yaw= -63.2 d=5.99 goal_err=+47 carrot_err= +22 c0=0.31 clear=0.20 prog=0.01 rel=0.96 bal=-0.32 obs=257 hard=246 obsc=272 yr=  4G nz=0.04 flt=0.07 dmap=+0/-0 shz=4.0 plan=30 cmd=(lx=+0.00,ly=+0.00,rx=-0.45)
  t= 61.5 AGR-DOOR-AL pos=(-4.76,+2.29) yaw= -65.1 d=6.00 goal_err=+48 carrot_err= +23 c0=0.33 clear=0.22 prog=0.00 rel=0.96 bal=-0.31 obs=254 hard=244 obsc=269 yr=  4  nz=0.04 flt=0.04 dmap=+0/-1 shz=4.0 plan=30 cmd=(lx=+0.00,ly=+0.00,rx=-0.45)
  t= 61.9 AGR-DOOR-GO pos=(-4.77,+2.31) yaw= -66.9 d=6.02 goal_err=+50 carrot_err= +25 c0=0.35 clear=0.24 prog=0.00 rel=0.95 bal=-0.19 obs=254 hard=244 obsc=269 yr=  4  nz=0.05 flt=0.05 dmap=+0/-0 shz=4.0 plan=30 cmd=(lx=+0.00,ly=+0.28,rx=+0.00)
  t= 62.3 AGR-DOOR-GO pos=(-4.78,+2.33) yaw= -68.7 d=6.03 goal_err=+52 carrot_err= +26 c0=0.38 clear=0.25 prog=0.00 rel=0.94 bal=-0.19 obs=250 hard=239 obsc=267 yr=  4  nz=0.06 flt=0.08 dmap=+0/-0 shz=4.0 plan=30 cmd=(lx=+0.00,ly=+0.28,rx=+0.00)
  t= 62.8 AGR-DOOR-AL pos=(-4.79,+2.35) yaw= -70.6 d=6.05 goal_err=+53 carrot_err= +27 c0=0.40 clear=0.27 prog=0.00 rel=0.94 bal=-0.20 obs=252 hard=242 obsc=267 yr=  4G nz=0.06 flt=0.03 dmap=+1/-0 shz=4.0 plan=30 cmd=(lx=+0.00,ly=+0.00,rx=-0.45)
  t= 63.2 AGR-DOOR-AL. pos=(-4.80,+2.38) yaw= -72.9 d=6.07 goal_err=+56 carrot_err= +29 c0=0.43 clear=0.29 prog=0.00 rel=0.94 bal=-0.14 obs=254 hard=244 obsc=269 yr=  4  nz=0.06 flt=0.04 dmap=+0/-0 shz=4.0 plan=30 cmd=(lx=+0.00,ly=+0.00,rx=+0.00)

  DESATASCO #4 en (-4.80,+2.39).
  t= 63.6 AGR-BRK-BK pos=(-4.81,+2.41) yaw= -74.3 d=6.08 goal_err=+57 carrot_err= +29 c0=0.46 clear=0.31 prog=0.00 rel=0.93 bal=-0.21 obs=252 hard=246 obsc=269 yr=  0  nz=0.07 flt=0.06 dmap=+1/-0 shz=4.0 plan=0 cmd=(lx=+0.00,ly=-0.35,rx=+0.00)
  t= 64.0 AGR-BRK-TR pos=(-4.82,+2.46) yaw= -74.3 d=6.11 goal_err=+56 carrot_err= +28 c0=0.51 clear=0.34 prog=0.00 rel=0.93 bal=-0.14 obs=254 hard=246 obsc=266 yr=  0G nz=0.07 flt=0.06 dmap=+0/-0 shz=4.0 plan=0 cmd=(lx=+0.00,ly=+0.00,rx=+0.45)
  t= 64.5 AGR-BRK-TR pos=(-4.82,+2.46) yaw= -82.3 d=6.11 goal_err=+64 carrot_err= +36 c0=0.51 clear=0.34 prog=0.00 rel=0.91 bal=-0.14 obs=255 hard=248 obsc=267 yr= 19G nz=0.09 flt=0.05 dmap=+1/-0 shz=4.0 plan=0 cmd=(lx=+0.00,ly=+0.00,rx=+0.45)
  t= 64.9 AGR-BRK-TR pos=(-4.82,+2.46) yaw= -90.3 d=6.11 goal_err=+72 carrot_err= +44 c0=0.66 clear=0.44 prog=0.00 rel=0.91 bal=-0.16 obs=256 hard=249 obsc=268 yr= 19G nz=0.09 flt=0.13 dmap=+0/-0 shz=4.0 plan=0 cmd=(lx=+0.00,ly=+0.00,rx=+0.45)
  t= 65.3 AGR-BRK-TR pos=(-4.82,+2.46) yaw= -98.3 d=6.11 goal_err=+80 carrot_err= +52 c0=0.66 clear=0.44 prog=0.00 rel=0.85 bal=-0.16 obs=258 hard=251 obsc=270 yr= 19G nz=0.14 flt=0.06 dmap=+0/-0 shz=4.0 plan=0 cmd=(lx=+0.00,ly=+0.00,rx=+0.45)
  t= 65.7 AGR-BRK-TR pos=(-4.82,+2.46) yaw=-106.4 d=6.11 goal_err=+88 carrot_err= +60 c0=0.66 clear=0.44 prog=0.00 rel=0.84 bal=-0.16 obs=259 hard=252 obsc=271 yr= 19G nz=0.15 flt=0.10 dmap=+1/-0 shz=4.0 plan=0 cmd=(lx=+0.00,ly=+0.00,rx=+0.45)
  t= 66.2 AGR-BRK-TR pos=(-4.82,+2.46) yaw=-114.4 d=6.11 goal_err=+96 carrot_err= +68 c0=0.68 clear=0.45 prog=0.00 rel=0.85 bal=-0.16 obs=261 hard=254 obsc=273 yr= 19G nz=0.12 flt=0.11 dmap=+0/-0 shz=4.0 plan=0 cmd=(lx=+0.00,ly=+0.00,rx=+0.45)
  t= 66.6 AGR-DOOR-AL pos=(-4.82,+2.46) yaw=-118.4 d=6.11 goal_err=+100 carrot_err= +72 c0=0.68 clear=0.45 prog=0.00 rel=0.91 bal=-0.16 obs=262 hard=255 obsc=275 yr= 19G nz=0.05 flt=0.10 dmap=+0/-0 shz=4.0 plan=30 cmd=(lx=+0.00,ly=+0.00,rx=-0.45)
  t= 67.0 AGR-DOOR-AL pos=(-4.82,+2.46) yaw=-108.4 d=6.11 goal_err=+90 carrot_err= +62 c0=0.66 clear=0.44 prog=0.00 rel=0.91 bal=-0.16 obs=264 hard=257 obsc=277 yr= 19G nz=0.07 flt=0.09 dmap=+0/-0 shz=4.0 plan=30 cmd=(lx=+0.00,ly=+0.00,rx=-0.45)
  t= 67.4 AGR-DOOR-AL pos=(-4.82,+2.46) yaw=-100.4 d=6.11 goal_err=+82 carrot_err= +54 c0=0.66 clear=0.44 prog=0.00 rel=0.83 bal=-0.16 obs=264 hard=257 obsc=277 yr= 19G nz=0.07 flt=0.17 dmap=+0/-0 shz=4.0 plan=30 cmd=(lx=+0.00,ly=+0.00,rx=-0.45)
  t= 67.8 AGR-DOOR-AL pos=(-4.82,+2.46) yaw= -92.3 d=6.11 goal_err=+74 carrot_err= +46 c0=0.66 clear=0.44 prog=0.00 rel=0.92 bal=-0.16 obs=264 hard=257 obsc=277 yr= 19G nz=0.06 flt=0.08 dmap=+0/-0 shz=4.0 plan=30 cmd=(lx=+0.00,ly=+0.00,rx=-0.45)
  t= 68.3 AGR-DOOR-AL pos=(-4.82,+2.46) yaw= -84.3 d=6.11 goal_err=+66 carrot_err= +38 c0=0.51 clear=0.34 prog=0.00 rel=0.83 bal=-0.20 obs=266 hard=259 obsc=279 yr= 19G nz=0.11 flt=0.13 dmap=+0/-0 shz=4.0 plan=30 cmd=(lx=+0.00,ly=+0.00,rx=-0.45)
  t= 68.7 AGR-DOOR-AL pos=(-4.82,+2.46) yaw= -80.3 d=6.11 goal_err=+62 carrot_err= +34 c0=0.51 clear=0.34 prog=0.00 rel=0.79 bal=-0.14 obs=268 hard=257 obsc=299 yr=  0  nz=0.13 flt=0.04 dmap=+0/-0 shz=4.0 plan=30 cmd=(lx=+0.00,ly=+0.00,rx=-0.45)
  t= 69.1 AGR-DOOR-AL. pos=(-4.82,+2.46) yaw= -74.3 d=6.11 goal_err=+56 carrot_err= +28 c0=0.51 clear=0.34 prog=0.00 rel=0.87 bal=-0.14 obs=268 hard=257 obsc=299 yr= 19  nz=0.12 flt=0.08 dmap=+0/-0 shz=4.0 plan=30 cmd=(lx=+0.00,ly=+0.00,rx=+0.00)
  t= 69.5 AGR-DOOR-AL pos=(-4.82,+2.46) yaw= -72.3 d=6.11 goal_err=+54 carrot_err= +26 c0=0.34 clear=0.23 prog=0.00 rel=0.96 bal=-0.14 obs=270 hard=256 obsc=292 yr= 19G nz=0.03 flt=0.07 dmap=+0/-0 shz=4.0 plan=30 cmd=(lx=+0.00,ly=+0.00,rx=-0.45)
  t= 69.9 AGR-DOOR-GO pos=(-4.82,+2.45) yaw= -68.3 d=6.11 goal_err=+50 carrot_err= +22 c0=0.33 clear=0.22 prog=0.01 rel=0.84 bal=-0.17 obs=270 hard=251 obsc=292 yr=  0  nz=0.14 flt=0.11 dmap=+0/-0 shz=4.0 plan=30 cmd=(lx=+0.00,ly=+0.28,rx=+0.00)
  t= 70.4 AGR-DOOR-GO pos=(-4.81,+2.43) yaw= -68.3 d=6.09 goal_err=+51 carrot_err= +23 c0=0.31 clear=0.21 prog=0.03 rel=0.84 bal=-0.16 obs=260 hard=253 obsc=291 yr=  0  nz=0.16 flt=0.06 dmap=+0/-0 shz=4.0 plan=30 cmd=(lx=+0.00,ly=+0.28,rx=+0.00)
  t= 70.8 AGR-ENG-WT pos=(-4.80,+2.40) yaw= -68.3 d=6.08 goal_err=+51 carrot_err= +23 c0=0.29 clear=0.19 prog=0.06 rel=0.87 bal=-0.15 obs=259 hard=245 obsc=283 yr=  0  nz=0.13 flt=0.04 dmap=+4/-5 shz=4.0 plan=30 cmd=(lx=+0.00,ly=+0.00,rx=+0.00)
  t= 71.2 AGR-ENG-WT pos=(-4.80,+2.40) yaw= -68.3 d=6.07 goal_err=+51 carrot_err= +23 c0=0.28 clear=0.19 prog=0.07 rel=0.94 bal=-0.15 obs=257 hard=247 obsc=278 yr=  0  nz=0.06 flt=0.05 dmap=+0/-0 shz=4.0 plan=30 cmd=(lx=+0.00,ly=+0.00,rx=+0.00)
  t= 71.7 AGR-ENG-WT pos=(-4.80,+2.40) yaw= -68.3 d=6.07 goal_err=+51 carrot_err= +23 c0=0.28 clear=0.19 prog=0.06 rel=0.94 bal=-0.15 obs=259 hard=248 obsc=279 yr=  0  nz=0.05 flt=0.07 dmap=+0/-0 shz=4.0 plan=30 cmd=(lx=+0.00,ly=+0.00,rx=+0.00)

  COLISION #4 [odom] en (-4.80,+2.40) -> marco y recupero.
  t= 72.1 AGR-R-BACK pos=(-4.80,+2.40) yaw= -68.3 d=6.07 goal_err=+51 carrot_err= +23 c0=0.28 clear=0.19 prog=0.04 rel=0.95 bal=-0.15 obs=265 hard=251 obsc=286 yr=  0  nz=0.03 flt=0.05 dmap=+4/-2 shz=4.0 plan=0 cmd=(lx=+0.00,ly=-0.35,rx=+0.00)
  t= 72.5 AGR-R-TURN pos=(-4.82,+2.45) yaw= -68.3 d=6.11 goal_err=+50 carrot_err= +22 c0=0.33 clear=0.22 prog=0.00 rel=0.97 bal=-0.17 obs=267 hard=250 obsc=288 yr=  0  nz=0.03 flt=0.06 dmap=+3/-5 shz=4.0 plan=0 cmd=(lx=+0.00,ly=+0.00,rx=+0.45)
  t= 72.9 AGR-R-TURN pos=(-4.83,+2.46) yaw= -74.3 d=6.12 goal_err=+56 carrot_err= +28 c0=0.46 clear=0.31 prog=0.00 rel=0.92 bal=-0.13 obs=267 hard=251 obsc=288 yr= 19G nz=0.07 flt=0.20 dmap=+0/-0 shz=4.0 plan=0 cmd=(lx=+0.00,ly=+0.00,rx=+0.45)
  t= 73.4 AGR-R-TURN pos=(-4.83,+2.46) yaw= -82.4 d=6.12 goal_err=+64 carrot_err= +36 c0=0.46 clear=0.31 prog=0.00 rel=0.64 bal=-0.13 obs=272 hard=257 obsc=293 yr= 19G nz=0.27 flt=0.25 dmap=+0/-0 shz=4.0 plan=0 cmd=(lx=+0.00,ly=+0.00,rx=+0.45)
  t= 73.8 AGR-R-TURN pos=(-4.83,+2.46) yaw= -90.4 d=6.12 goal_err=+72 carrot_err= +44 c0=0.46 clear=0.31 prog=0.00 rel=0.62 bal=-0.19 obs=281 hard=267 obsc=302 yr= 19G nz=0.29 flt=0.10 dmap=+5/-0 shz=4.0 plan=0 cmd=(lx=+0.00,ly=+0.00,rx=+0.45)
  t= 74.2 AGR-ENG-T pos=(-4.83,+2.46) yaw= -90.4 d=6.12 goal_err=+72 carrot_err= +44 c0=0.46 clear=0.31 prog=0.00 rel=0.76 bal=-0.19 obs=281 hard=267 obsc=302 yr= 18G nz=0.24 flt=0.09 dmap=+0/-0 shz=4.0 plan=30 cmd=(lx=+0.00,ly=+0.00,rx=-0.45)
  t= 74.6 AGR-ENG-F pos=(-4.83,+2.46) yaw= -82.4 d=6.12 goal_err=+64 carrot_err= +36 c0=0.46 clear=0.31 prog=0.00 rel=0.79 bal=-0.13 obs=281 hard=267 obsc=302 yr= 19G nz=0.17 flt=0.08 dmap=+0/-0 shz=4.0 plan=30 cmd=(lx=+0.00,ly=+0.28,rx=+0.00)
  t= 75.1 AGR-ENG-F pos=(-4.82,+2.44) yaw= -80.3 d=6.11 goal_err=+63 carrot_err= +35 c0=0.44 clear=0.29 prog=0.01 rel=0.84 bal=-0.13 obs=277 hard=258 obsc=299 yr=  0  nz=0.15 flt=0.06 dmap=+2/-4 shz=4.0 plan=30 cmd=(lx=+0.00,ly=+0.28,rx=+0.00)
  t= 75.5 AGR-ENG-F pos=(-4.82,+2.41) yaw= -80.3 d=6.09 goal_err=+63 carrot_err= +36 c0=0.41 clear=0.27 prog=0.04 rel=0.83 bal=-0.21 obs=278 hard=260 obsc=295 yr=  0  nz=0.16 flt=0.03 dmap=+0/-0 shz=4.0 plan=30 cmd=(lx=+0.00,ly=+0.28,rx=+0.00)
  t= 75.9 AGR-ENG-F pos=(-4.82,+2.39) yaw= -80.3 d=6.08 goal_err=+63 carrot_err= +37 c0=0.39 clear=0.26 prog=0.06 rel=0.90 bal=-0.22 obs=266 hard=259 obsc=294 yr=  0  nz=0.07 flt=0.09 dmap=+0/-0 shz=4.0 plan=30 cmd=(lx=+0.00,ly=+0.28,rx=+0.00)
  t= 76.4 AGR-ENG-F pos=(-4.81,+2.36) yaw= -80.4 d=6.07 goal_err=+63 carrot_err= +38 c0=0.36 clear=0.24 prog=0.08 rel=0.92 bal=-0.23 obs=267 hard=251 obsc=284 yr=  0  nz=0.06 flt=0.06 dmap=+3/-1 shz=4.0 plan=30 cmd=(lx=+0.00,ly=+0.28,rx=+0.00)
  t= 76.8 AGR-ENG-F pos=(-4.81,+2.35) yaw= -76.3 d=6.07 goal_err=+59 carrot_err= +34 c0=0.35 clear=0.23 prog=0.08 rel=0.93 bal=-0.28 obs=269 hard=254 obsc=285 yr= 19  nz=0.07 flt=0.05 dmap=+4/-2 shz=4.0 plan=30 cmd=(lx=+0.00,ly=+0.28,rx=+0.00)
  t= 77.2 AGR-ENG-WT pos=(-4.81,+2.34) yaw= -76.3 d=6.06 goal_err=+59 carrot_err= +35 c0=0.34 clear=0.23 prog=0.07 rel=0.94 bal=-0.28 obs=270 hard=246 obsc=287 yr=  0  nz=0.06 flt=0.07 dmap=+0/-0 shz=4.0 plan=30 cmd=(lx=+0.00,ly=+0.00,rx=+0.00)

  DESATASCO #5 en (-4.81,+2.34).
  t= 77.6 AGR-BRK-BK pos=(-4.81,+2.36) yaw= -76.3 d=6.07 goal_err=+59 carrot_err= +34 c0=0.36 clear=0.24 prog=0.03 rel=0.95 bal=-0.28 obs=271 hard=249 obsc=288 yr=  0  nz=0.05 flt=0.05 dmap=+0/-0 shz=4.0 plan=0 cmd=(lx=+0.00,ly=-0.35,rx=+0.00)
  t= 78.1 AGR-BRK-TR pos=(-4.82,+2.41) yaw= -76.3 d=6.09 goal_err=+59 carrot_err= +32 c0=0.41 clear=0.27 prog=0.00 rel=0.94 bal=-0.13 obs=273 hard=253 obsc=293 yr=  0G nz=0.06 flt=0.05 dmap=+0/-0 shz=4.0 plan=0 cmd=(lx=+0.00,ly=+0.00,rx=+0.45)
  t= 78.5 AGR-BRK-TR pos=(-4.82,+2.41) yaw= -84.3 d=6.09 goal_err=+67 carrot_err= +40 c0=0.41 clear=0.27 prog=0.00 rel=0.93 bal=-0.21 obs=274 hard=254 obsc=294 yr= 19G nz=0.07 flt=0.07 dmap=+0/-0 shz=4.0 plan=0 cmd=(lx=+0.00,ly=+0.00,rx=+0.45)
  t= 78.9 AGR-BRK-TR pos=(-4.82,+2.41) yaw= -92.4 d=6.09 goal_err=+75 carrot_err= +48 c0=0.41 clear=0.27 prog=0.00 rel=0.94 bal=-0.21 obs=276 hard=256 obsc=296 yr= 19G nz=0.06 flt=0.12 dmap=+0/-0 shz=4.0 plan=0 cmd=(lx=+0.00,ly=+0.00,rx=+0.45)
  t= 79.3 AGR-BRK-TR pos=(-4.82,+2.41) yaw=-102.4 d=6.09 goal_err=+85 carrot_err= +58 c0=0.41 clear=0.27 prog=0.00 rel=0.97 bal=-0.21 obs=276 hard=256 obsc=296 yr= 38G nz=0.03 flt=0.08 dmap=+0/-0 shz=4.0 plan=0 cmd=(lx=+0.00,ly=+0.00,rx=+0.45)
  t= 79.7 AGR-BRK-TR pos=(-4.82,+2.41) yaw=-110.4 d=6.09 goal_err=+93 carrot_err= +66 c0=0.41 clear=0.27 prog=0.00 rel=0.73 bal=-0.21 obs=278 hard=257 obsc=297 yr= 19G nz=0.14 flt=0.32 dmap=+0/-0 shz=4.0 plan=0 cmd=(lx=+0.00,ly=+0.00,rx=+0.45)
  t= 80.2 AGR-BRK-TR pos=(-4.82,+2.41) yaw=-118.4 d=6.09 goal_err=+101 carrot_err= +74 c0=0.63 clear=0.42 prog=0.00 rel=0.61 bal=-0.21 obs=281 hard=265 obsc=301 yr= 19G nz=0.31 flt=0.09 dmap=+0/-0 shz=4.0 plan=0 cmd=(lx=+0.00,ly=+0.00,rx=+0.45)
  t= 80.6 AGR-ENG-T pos=(-4.82,+2.41) yaw=-118.4 d=6.09 goal_err=+101 carrot_err= +74 c0=0.63 clear=0.42 prog=0.00 rel=0.65 bal=-0.21 obs=282 hard=266 obsc=302 yr= 18G nz=0.34 flt=0.23 dmap=+0/-0 shz=4.0 plan=30 cmd=(lx=+0.00,ly=+0.00,rx=-0.45)
  t= 81.0 AGR-ENG-T pos=(-4.82,+2.41) yaw=-110.4 d=6.09 goal_err=+93 carrot_err= +66 c0=0.41 clear=0.27 prog=0.00 rel=0.65 bal=-0.21 obs=282 hard=266 obsc=302 yr= 19G nz=0.34 flt=0.14 dmap=+0/-0 shz=4.0 plan=30 cmd=(lx=+0.00,ly=+0.00,rx=-0.45)
  t= 81.5 AGR-ENG-T pos=(-4.82,+2.41) yaw=-102.4 d=6.09 goal_err=+85 carrot_err= +58 c0=0.41 clear=0.27 prog=0.00 rel=0.65 bal=-0.21 obs=284 hard=268 obsc=304 yr= 18G nz=0.33 flt=0.07 dmap=+0/-0 shz=4.0 plan=30 cmd=(lx=+0.00,ly=+0.00,rx=-0.45)
  t= 81.9 AGR-ENG-T pos=(-4.82,+2.41) yaw= -92.4 d=6.09 goal_err=+75 carrot_err= +48 c0=0.41 clear=0.27 prog=0.00 rel=0.69 bal=-0.21 obs=284 hard=268 obsc=304 yr= 19G nz=0.31 flt=0.07 dmap=+0/-0 shz=4.0 plan=30 cmd=(lx=+0.00,ly=+0.00,rx=-0.45)
  t= 82.3 AGR-ENG-T pos=(-4.82,+2.41) yaw= -84.3 d=6.09 goal_err=+67 carrot_err= +40 c0=0.41 clear=0.27 prog=0.00 rel=0.80 bal=-0.21 obs=284 hard=268 obsc=304 yr= 19G nz=0.17 flt=0.05 dmap=+0/-0 shz=4.0 plan=30 cmd=(lx=+0.00,ly=+0.00,rx=-0.45)
  t= 82.7 AGR-ENG-F pos=(-4.82,+2.40) yaw= -78.3 d=6.09 goal_err=+61 carrot_err= +34 c0=0.40 clear=0.27 prog=0.01 rel=0.94 bal=-0.21 obs=289 hard=264 obsc=311 yr=  0  nz=0.02 flt=0.15 dmap=+0/-0 shz=4.0 plan=30 cmd=(lx=+0.00,ly=+0.28,rx=+0.00)
  t= 83.2 AGR-ENG-F pos=(-4.82,+2.38) yaw= -78.3 d=6.08 goal_err=+61 carrot_err= +35 c0=0.38 clear=0.25 prog=0.02 rel=0.96 bal=-0.22 obs=288 hard=266 obsc=306 yr=  0  nz=0.04 flt=0.02 dmap=+0/-0 shz=4.0 plan=30 cmd=(lx=+0.00,ly=+0.28,rx=+0.00)
  t= 83.6 AGR-ENG-F pos=(-4.81,+2.36) yaw= -78.4 d=6.07 goal_err=+61 carrot_err= +36 c0=0.36 clear=0.24 prog=0.04 rel=0.94 bal=-0.28 obs=278 hard=257 obsc=306 yr=  0  nz=0.05 flt=0.05 dmap=+1/-9 shz=4.0 plan=30 cmd=(lx=+0.00,ly=+0.28,rx=+0.00)
  t= 84.0 AGR-ENG-WT pos=(-4.81,+2.34) yaw= -78.4 d=6.06 goal_err=+61 carrot_err= +37 c0=0.34 clear=0.23 prog=0.06 rel=0.91 bal=-0.28 obs=275 hard=256 obsc=298 yr=  0  nz=0.07 flt=0.09 dmap=+0/-0 shz=4.0 plan=30 cmd=(lx=+0.00,ly=+0.00,rx=+0.00)
  t= 84.4 AGR-ENG-WT pos=(-4.81,+2.34) yaw= -78.4 d=6.06 goal_err=+61 carrot_err= +37 c0=0.34 clear=0.23 prog=0.06 rel=0.94 bal=-0.28 obs=261 hard=239 obsc=286 yr=  0  nz=0.06 flt=0.06 dmap=+0/-0 shz=4.0 plan=30 cmd=(lx=+0.00,ly=+0.00,rx=+0.00)
  t= 84.9 AGR-ENG-WT pos=(-4.81,+2.34) yaw= -78.4 d=6.06 goal_err=+61 carrot_err= +37 c0=0.34 clear=0.23 prog=0.04 rel=0.95 bal=-0.28 obs=260 hard=239 obsc=280 yr=  0  nz=0.04 flt=0.04 dmap=+3/-5 shz=4.0 plan=30 cmd=(lx=+0.00,ly=+0.00,rx=+0.00)

  COLISION #5 [odom] en (-4.81,+2.34) -> marco y recupero.
  t= 85.3 AGR-R-BACK pos=(-4.81,+2.36) yaw= -78.4 d=6.08 goal_err=+61 carrot_err= +36 c0=0.36 clear=0.24 prog=0.00 rel=0.95 bal=-0.28 obs=261 hard=243 obsc=278 yr=  0  nz=0.04 flt=0.06 dmap=+0/-0 shz=4.0 plan=0 cmd=(lx=+0.00,ly=-0.35,rx=+0.00)
  t= 85.7 AGR-R-TURN pos=(-4.82,+2.40) yaw= -80.4 d=6.09 goal_err=+63 carrot_err= +36 c0=0.40 clear=0.27 prog=0.00 rel=0.93 bal=-0.21 obs=260 hard=246 obsc=279 yr= 19G nz=0.06 flt=0.06 dmap=+0/-0 shz=4.0 plan=0 cmd=(lx=+0.00,ly=+0.00,rx=+0.45)
  t= 86.1 AGR-R-TURN pos=(-4.82,+2.40) yaw= -88.4 d=6.09 goal_err=+71 carrot_err= +44 c0=0.40 clear=0.27 prog=0.00 rel=0.93 bal=-0.21 obs=261 hard=247 obsc=280 yr= 19G nz=0.07 flt=0.09 dmap=+0/-0 shz=4.0 plan=0 cmd=(lx=+0.00,ly=+0.00,rx=+0.45)
  t= 86.6 AGR-R-TURN pos=(-4.82,+2.40) yaw= -96.5 d=6.09 goal_err=+79 carrot_err= +52 c0=0.40 clear=0.27 prog=0.00 rel=0.95 bal=-0.21 obs=262 hard=248 obsc=281 yr= 19G nz=0.05 flt=0.08 dmap=+0/-0 shz=4.0 plan=0 cmd=(lx=+0.00,ly=+0.00,rx=+0.45)
  t= 87.0 AGR-ENG-T pos=(-4.82,+2.40) yaw=-104.5 d=6.09 goal_err=+87 carrot_err= +61 c0=0.40 clear=0.27 prog=0.00 rel=0.97 bal=-0.21 obs=262 hard=248 obsc=281 yr= 18G nz=0.03 flt=0.04 dmap=+0/-0 shz=4.0 plan=30 cmd=(lx=+0.00,ly=+0.00,rx=-0.45)
  t= 87.4 AGR-ENG-T pos=(-4.82,+2.40) yaw= -98.5 d=6.09 goal_err=+81 carrot_err= +54 c0=0.40 clear=0.27 prog=0.00 rel=0.98 bal=-0.21 obs=262 hard=248 obsc=281 yr= 19G nz=0.02 flt=0.22 dmap=+0/-0 shz=4.0 plan=30 cmd=(lx=+0.00,ly=+0.00,rx=-0.45)
  t= 87.8 AGR-ENG-T pos=(-4.82,+2.40) yaw= -90.5 d=6.09 goal_err=+73 carrot_err= +46 c0=0.40 clear=0.27 prog=0.00 rel=0.95 bal=-0.21 obs=263 hard=249 obsc=281 yr= 19G nz=0.02 flt=0.04 dmap=+1/-0 shz=4.0 plan=30 cmd=(lx=+0.00,ly=+0.00,rx=-0.45)
  t= 88.3 AGR-ENG-T pos=(-4.82,+2.40) yaw= -82.4 d=6.09 goal_err=+65 carrot_err= +38 c0=0.40 clear=0.27 prog=0.00 rel=0.97 bal=-0.21 obs=263 hard=249 obsc=281 yr= 19G nz=0.02 flt=0.20 dmap=+0/-0 shz=4.0 plan=30 cmd=(lx=+0.00,ly=+0.00,rx=-0.45)
  t= 88.7 AGR-ENG-F pos=(-4.82,+2.39) yaw= -78.4 d=6.09 goal_err=+61 carrot_err= +35 c0=0.39 clear=0.26 prog=0.01 rel=0.71 bal=-0.21 obs=290 hard=270 obsc=313 yr=  0  nz=0.18 flt=0.19 dmap=+0/-0 shz=4.0 plan=30 cmd=(lx=+0.00,ly=+0.28,rx=+0.00)
  t= 89.1 AGR-ENG-F pos=(-4.82,+2.37) yaw= -78.4 d=6.08 goal_err=+61 carrot_err= +36 c0=0.37 clear=0.24 prog=0.03 rel=0.73 bal=-0.27 obs=302 hard=277 obsc=324 yr=  0  nz=0.18 flt=0.12 dmap=+0/-5 shz=4.0 plan=30 cmd=(lx=+0.00,ly=+0.28,rx=+0.00)
  t= 89.5 AGR-ENG-WT pos=(-4.81,+2.34) yaw= -78.5 d=6.07 goal_err=+61 carrot_err= +37 c0=0.34 clear=0.23 prog=0.05 rel=0.79 bal=-0.28 obs=299 hard=279 obsc=319 yr=  0  nz=0.20 flt=0.06 dmap=+0/-0 shz=4.0 plan=30 cmd=(lx=+0.00,ly=+0.00,rx=+0.00)
  t= 89.9 AGR-ENG-WT pos=(-4.81,+2.34) yaw= -78.5 d=6.07 goal_err=+61 carrot_err= +37 c0=0.34 clear=0.23 prog=0.05 rel=0.78 bal=-0.28 obs=292 hard=280 obsc=319 yr=  0  nz=0.20 flt=0.08 dmap=+0/-0 shz=4.0 plan=30 cmd=(lx=+0.00,ly=+0.00,rx=+0.00)
  t= 90.4 AGR-ENG-WT pos=(-4.81,+2.34) yaw= -78.5 d=6.07 goal_err=+61 carrot_err= +37 c0=0.34 clear=0.23 prog=0.05 rel=0.83 bal=-0.28 obs=279 hard=258 obsc=296 yr=  0  nz=0.16 flt=0.08 dmap=+3/-1 shz=4.0 plan=30 cmd=(lx=+0.00,ly=+0.00,rx=+0.00)

  COLISION #6 [odom] en (-4.81,+2.34) -> marco y recupero.
  t= 90.8 AGR-R-BACK pos=(-4.81,+2.36) yaw= -78.5 d=6.07 goal_err=+61 carrot_err= +36 c0=0.36 clear=0.24 prog=0.02 rel=0.96 bal=-0.27 obs=277 hard=258 obsc=296 yr=  0  nz=0.02 flt=0.06 dmap=+0/-0 shz=4.0 plan=0 cmd=(lx=+0.00,ly=-0.35,rx=+0.00)
  t= 91.2 AGR-R-TURN pos=(-4.82,+2.41) yaw= -78.5 d=6.10 goal_err=+61 carrot_err= +34 c0=0.41 clear=0.27 prog=0.00 rel=0.94 bal=-0.20 obs=279 hard=262 obsc=297 yr=  0G nz=0.04 flt=0.05 dmap=+0/-0 shz=4.0 plan=0 cmd=(lx=+0.00,ly=+0.00,rx=+0.45)
  t= 91.7 AGR-R-TURN pos=(-4.82,+2.41) yaw= -86.5 d=6.10 goal_err=+69 carrot_err= +42 c0=0.41 clear=0.27 prog=0.00 rel=0.94 bal=-0.20 obs=280 hard=264 obsc=298 yr= 19G nz=0.06 flt=0.31 dmap=+1/-0 shz=4.0 plan=0 cmd=(lx=+0.00,ly=+0.00,rx=+0.45)
  t= 92.1 AGR-R-TURN pos=(-4.82,+2.41) yaw= -94.5 d=6.10 goal_err=+77 carrot_err= +50 c0=0.41 clear=0.27 prog=0.00 rel=0.71 bal=-0.20 obs=284 hard=268 obsc=302 yr= 19G nz=0.22 flt=0.18 dmap=+0/-0 shz=4.0 plan=0 cmd=(lx=+0.00,ly=+0.00,rx=+0.45)

  DESATASCO #6 en (-4.82,+2.41).
  t= 92.5 AGR-BRK-BK pos=(-4.82,+2.41) yaw=-104.6 d=6.10 goal_err=+87 carrot_err= +60 c0=0.41 clear=0.27 prog=0.00 rel=0.80 bal=-0.20 obs=284 hard=268 obsc=302 yr= 38G nz=0.20 flt=0.08 dmap=+0/-0 shz=4.0 plan=0 cmd=(lx=+0.00,ly=-0.35,rx=+0.00)
  t= 92.9 AGR-BRK-TR pos=(-4.81,+2.44) yaw=-106.6 d=6.10 goal_err=+89 carrot_err= +60 c0=0.44 clear=0.29 prog=0.00 rel=0.81 bal=-0.21 obs=287 hard=261 obsc=306 yr=  0  nz=0.19 flt=0.08 dmap=+5/-3 shz=4.0 plan=0 cmd=(lx=+0.00,ly=+0.00,rx=+0.45)
  t= 93.4 AGR-BRK-TR pos=(-4.81,+2.45) yaw=-112.6 d=6.10 goal_err=+95 carrot_err= +66 c0=0.45 clear=0.30 prog=0.00 rel=0.79 bal=-0.19 obs=287 hard=261 obsc=306 yr= 18G nz=0.20 flt=0.11 dmap=+0/-0 shz=4.0 plan=0 cmd=(lx=+0.00,ly=+0.00,rx=+0.45)
  t= 93.8 AGR-BRK-TR pos=(-4.81,+2.45) yaw=-120.6 d=6.10 goal_err=+103 carrot_err= +74 c0=0.68 clear=0.46 prog=0.00 rel=0.68 bal=-0.19 obs=287 hard=262 obsc=306 yr= 18G nz=0.31 flt=0.10 dmap=+0/-0 shz=4.0 plan=0 cmd=(lx=+0.00,ly=+0.00,rx=+0.45)
  t= 94.2 AGR-BRK-TR pos=(-4.81,+2.45) yaw=-128.6 d=6.10 goal_err=+111 carrot_err= +82 c0=0.68 clear=0.46 prog=0.00 rel=0.77 bal=-0.19 obs=287 hard=262 obsc=306 yr= 19G nz=0.21 flt=0.07 dmap=+0/-0 shz=4.0 plan=0 cmd=(lx=+0.00,ly=+0.00,rx=+0.45)
  t= 94.6 AGR-BRK-TR pos=(-4.81,+2.45) yaw=-136.6 d=6.10 goal_err=+119 carrot_err= +90 c0=0.64 clear=0.43 prog=0.00 rel=0.80 bal=-0.10 obs=287 hard=262 obsc=306 yr= 19G nz=0.19 flt=0.15 dmap=+0/-0 shz=4.0 plan=0 cmd=(lx=+0.00,ly=+0.00,rx=+0.45)
  t= 95.1 AGR-BRK-TR pos=(-4.81,+2.45) yaw=-144.7 d=6.10 goal_err=+127 carrot_err= +98 c0=0.64 clear=0.43 prog=0.00 rel=0.92 bal=-0.10 obs=287 hard=262 obsc=306 yr= 19G nz=0.06 flt=0.06 dmap=+0/-0 shz=4.0 plan=0 cmd=(lx=+0.00,ly=+0.00,rx=+0.45)
  t= 95.5 AGR-ENG-T pos=(-4.81,+2.45) yaw=-154.7 d=6.10 goal_err=+137 carrot_err=+108 c0=0.64 clear=0.43 prog=0.00 rel=0.92 bal=-0.10 obs=287 hard=263 obsc=306 yr= 18G nz=0.06 flt=0.12 dmap=+0/-0 shz=4.0 plan=30 cmd=(lx=+0.00,ly=+0.00,rx=-0.45)
  t= 95.9 AGR-ENG-T pos=(-4.81,+2.45) yaw=-146.7 d=6.10 goal_err=+129 carrot_err=+100 c0=0.64 clear=0.43 prog=0.00 rel=0.92 bal=-0.10 obs=287 hard=263 obsc=306 yr= 19G nz=0.04 flt=0.14 dmap=+0/-0 shz=4.0 plan=30 cmd=(lx=+0.00,ly=+0.00,rx=-0.45)
  t= 96.4 AGR-ENG-T pos=(-4.81,+2.45) yaw=-138.7 d=6.10 goal_err=+121 carrot_err= +92 c0=0.64 clear=0.43 prog=0.00 rel=0.94 bal=-0.10 obs=287 hard=263 obsc=306 yr= 19G nz=0.04 flt=0.08 dmap=+0/-0 shz=4.0 plan=30 cmd=(lx=+0.00,ly=+0.00,rx=-0.45)
  t= 96.8 AGR-ENG-T pos=(-4.81,+2.45) yaw=-130.6 d=6.10 goal_err=+113 carrot_err= +84 c0=0.68 clear=0.46 prog=0.00 rel=0.94 bal=-0.19 obs=287 hard=263 obsc=306 yr= 19G nz=0.04 flt=0.05 dmap=+0/-0 shz=4.0 plan=30 cmd=(lx=+0.00,ly=+0.00,rx=-0.45)
  t= 97.2 AGR-ENG-T pos=(-4.81,+2.45) yaw=-122.6 d=6.10 goal_err=+105 carrot_err= +76 c0=0.68 clear=0.46 prog=0.00 rel=0.92 bal=-0.19 obs=287 hard=263 obsc=306 yr= 19G nz=0.07 flt=0.11 dmap=+0/-0 shz=4.0 plan=30 cmd=(lx=+0.00,ly=+0.00,rx=-0.45)
  t= 97.6 AGR-ENG-T pos=(-4.81,+2.45) yaw=-112.6 d=6.10 goal_err=+95 carrot_err= +66 c0=0.45 clear=0.30 prog=0.00 rel=0.70 bal=-0.19 obs=287 hard=263 obsc=306 yr= 38G nz=0.22 flt=0.31 dmap=+0/-0 shz=4.0 plan=30 cmd=(lx=+0.00,ly=+0.00,rx=-0.45)
  t= 98.1 AGR-ENG-T pos=(-4.81,+2.45) yaw=-104.6 d=6.10 goal_err=+87 carrot_err= +58 c0=0.45 clear=0.30 prog=0.00 rel=0.57 bal=-0.21 obs=291 hard=267 obsc=310 yr= 19G nz=0.34 flt=0.18 dmap=+0/-0 shz=4.0 plan=30 cmd=(lx=+0.00,ly=+0.00,rx=-0.45)
  t= 98.5 AGR-ENG-T pos=(-4.81,+2.45) yaw= -96.5 d=6.10 goal_err=+79 carrot_err= +49 c0=0.45 clear=0.30 prog=0.00 rel=0.65 bal=-0.21 obs=291 hard=267 obsc=310 yr= 19G nz=0.35 flt=0.14 dmap=+0/-0 shz=4.0 plan=30 cmd=(lx=+0.00,ly=+0.00,rx=-0.45)
  t= 98.9 AGR-ENG-T pos=(-4.81,+2.45) yaw= -88.5 d=6.10 goal_err=+71 carrot_err= +41 c0=0.45 clear=0.30 prog=0.00 rel=0.62 bal=-0.21 obs=291 hard=267 obsc=310 yr= 19G nz=0.34 flt=0.04 dmap=+0/-0 shz=4.0 plan=30 cmd=(lx=+0.00,ly=+0.00,rx=-0.45)
  t= 99.4 AGR-ENG-F pos=(-4.81,+2.45) yaw= -82.5 d=6.10 goal_err=+65 carrot_err= +36 c0=0.45 clear=0.30 prog=0.00 rel=0.83 bal=-0.15 obs=286 hard=250 obsc=299 yr=  0  nz=0.16 flt=0.06 dmap=+0/-0 shz=4.0 plan=30 cmd=(lx=+0.00,ly=+0.28,rx=+0.00)
  t= 99.8 AGR-ENG-F pos=(-4.81,+2.42) yaw= -82.5 d=6.08 goal_err=+65 carrot_err= +37 c0=0.42 clear=0.28 prog=0.02 rel=0.95 bal=-0.22 obs=279 hard=251 obsc=296 yr=  0  nz=0.03 flt=0.08 dmap=+0/-0 shz=4.0 plan=30 cmd=(lx=+0.00,ly=+0.28,rx=+0.00)
  t=100.2 AGR-ENG-F pos=(-4.80,+2.39) yaw= -82.5 d=6.07 goal_err=+65 carrot_err= +38 c0=0.39 clear=0.26 prog=0.04 rel=0.94 bal=-0.23 obs=267 hard=255 obsc=295 yr=  0  nz=0.05 flt=0.07 dmap=+1/-17 shz=4.0 plan=30 cmd=(lx=+0.00,ly=+0.28,rx=+0.00)
  t=100.6 AGR-ENG-F pos=(-4.80,+2.38) yaw= -80.5 d=6.07 goal_err=+63 carrot_err= +37 c0=0.38 clear=0.25 prog=0.06 rel=0.92 bal=-0.24 obs=269 hard=254 obsc=283 yr= 19G nz=0.07 flt=0.08 dmap=+0/-0 shz=4.0 plan=30 cmd=(lx=+0.00,ly=+0.28,rx=+0.00)
  t=101.1 AGR-ENG-F pos=(-4.80,+2.36) yaw= -78.5 d=6.06 goal_err=+61 carrot_err= +35 c0=0.36 clear=0.24 prog=0.07 rel=0.89 bal=-0.29 obs=272 hard=252 obsc=284 yr=  0  nz=0.07 flt=0.12 dmap=+0/-0 shz=4.0 plan=30 cmd=(lx=+0.00,ly=+0.28,rx=+0.00)
  t=101.5 AGR-ENG-WT pos=(-4.79,+2.34) yaw= -78.5 d=6.05 goal_err=+61 carrot_err= +36 c0=0.34 clear=0.23 prog=0.07 rel=0.93 bal=-0.29 obs=271 hard=252 obsc=284 yr=  0  nz=0.07 flt=0.06 dmap=+0/-3 shz=4.0 plan=30 cmd=(lx=+0.00,ly=+0.00,rx=+0.00)
  t=101.9 AGR-ENG-WT pos=(-4.79,+2.34) yaw= -78.5 d=6.05 goal_err=+61 carrot_err= +36 c0=0.34 clear=0.23 prog=0.05 rel=0.90 bal=-0.29 obs=262 hard=248 obsc=278 yr=  0  nz=0.07 flt=0.04 dmap=+0/-8 shz=4.0 plan=30 cmd=(lx=+0.00,ly=+0.00,rx=+0.00)

  COLISION #7 [odom] en (-4.79,+2.34) -> marco y recupero.
  t=102.4 AGR-R-BACK pos=(-4.79,+2.34) yaw= -78.5 d=6.05 goal_err=+61 carrot_err= +36 c0=0.34 clear=0.23 prog=0.03 rel=0.92 bal=-0.29 obs=261 hard=246 obsc=271 yr=  0  nz=0.04 flt=0.07 dmap=+0/-0 shz=4.0 plan=0 cmd=(lx=+0.00,ly=-0.35,rx=+0.00)
  t=102.8 AGR-R-TURN pos=(-4.80,+2.39) yaw= -78.5 d=6.07 goal_err=+61 carrot_err= +34 c0=0.39 clear=0.26 prog=0.00 rel=0.91 bal=-0.15 obs=259 hard=243 obsc=270 yr=  0  nz=0.05 flt=0.05 dmap=+0/-0 shz=4.0 plan=0 cmd=(lx=+0.00,ly=+0.00,rx=+0.45)
  t=103.2 AGR-R-TURN pos=(-4.80,+2.40) yaw= -84.5 d=6.08 goal_err=+67 carrot_err= +39 c0=0.40 clear=0.27 prog=0.00 rel=0.89 bal=-0.23 obs=259 hard=243 obsc=270 yr= 19G nz=0.07 flt=0.05 dmap=+0/-0 shz=4.0 plan=0 cmd=(lx=+0.00,ly=+0.00,rx=+0.45)
  t=103.7 AGR-R-TURN pos=(-4.80,+2.40) yaw= -92.5 d=6.08 goal_err=+75 carrot_err= +47 c0=0.40 clear=0.27 prog=0.00 rel=0.90 bal=-0.23 obs=259 hard=243 obsc=270 yr= 19G nz=0.06 flt=0.22 dmap=+0/-0 shz=4.0 plan=0 cmd=(lx=+0.00,ly=+0.00,rx=+0.45)
  t=104.1 AGR-R-TURN pos=(-4.80,+2.40) yaw=-100.5 d=6.08 goal_err=+83 carrot_err= +56 c0=0.40 clear=0.27 prog=0.00 rel=0.93 bal=-0.20 obs=260 hard=245 obsc=270 yr= 18G nz=0.03 flt=0.04 dmap=+0/-0 shz=4.0 plan=0 cmd=(lx=+0.00,ly=+0.00,rx=+0.45)
  t=104.5 AGR-ENG-T pos=(-4.80,+2.40) yaw=-102.5 d=6.08 goal_err=+85 carrot_err= +58 c0=0.40 clear=0.27 prog=0.00 rel=0.94 bal=-0.20 obs=260 hard=245 obsc=270 yr= 20G nz=0.01 flt=0.16 dmap=+0/-0 shz=4.0 plan=30 cmd=(lx=+0.00,ly=+0.00,rx=-0.45)
  t=104.9 AGR-ENG-T pos=(-4.80,+2.40) yaw= -94.5 d=6.08 goal_err=+77 carrot_err= +50 c0=0.40 clear=0.27 prog=0.00 rel=0.96 bal=-0.23 obs=260 hard=245 obsc=270 yr= 19G nz=0.01 flt=0.10 dmap=+0/-0 shz=4.0 plan=30 cmd=(lx=+0.00,ly=+0.00,rx=-0.45)
  t=105.4 AGR-ENG-T pos=(-4.80,+2.40) yaw= -86.5 d=6.08 goal_err=+69 carrot_err= +41 c0=0.40 clear=0.27 prog=0.00 rel=0.90 bal=-0.23 obs=260 hard=245 obsc=270 yr= 19G nz=0.01 flt=0.16 dmap=+0/-0 shz=4.0 plan=30 cmd=(lx=+0.00,ly=+0.00,rx=-0.45)
  t=105.8 AGR-ENG-F pos=(-4.80,+2.40) yaw= -80.5 d=6.08 goal_err=+63 carrot_err= +36 c0=0.40 clear=0.27 prog=0.00 rel=0.73 bal=-0.23 obs=273 hard=251 obsc=289 yr=  0  nz=0.14 flt=0.18 dmap=+18/-6 shz=3.9 plan=30 cmd=(lx=+0.00,ly=+0.28,rx=+0.00)
  t=106.2 AGR-ENG-F pos=(-4.80,+2.37) yaw= -80.5 d=6.06 goal_err=+63 carrot_err= +37 c0=0.37 clear=0.25 prog=0.03 rel=0.73 bal=-0.24 obs=284 hard=263 obsc=299 yr=  0  nz=0.18 flt=0.07 dmap=+1/-4 shz=4.0 plan=30 cmd=(lx=+0.00,ly=+0.28,rx=+0.00)

  DESATASCO #7 en (-4.80,+2.36).
  t=106.7 AGR-BRK-BK pos=(-4.80,+2.38) yaw= -80.5 d=6.07 goal_err=+63 carrot_err= +37 c0=0.38 clear=0.25 prog=0.02 rel=0.79 bal=-0.24 obs=284 hard=270 obsc=299 yr=  0  nz=0.18 flt=0.07 dmap=+0/-0 shz=4.0 plan=0 cmd=(lx=+0.00,ly=-0.35,rx=+0.00)
  t=107.1 AGR-BRK-TR pos=(-4.81,+2.42) yaw= -82.6 d=6.09 goal_err=+65 carrot_err= +37 c0=0.42 clear=0.28 prog=0.00 rel=0.79 bal=-0.22 obs=286 hard=269 obsc=299 yr= 19G nz=0.19 flt=0.06 dmap=+0/-0 shz=4.0 plan=0 cmd=(lx=+0.00,ly=+0.00,rx=+0.45)
  t=107.5 AGR-BRK-TR pos=(-4.81,+2.42) yaw= -90.6 d=6.09 goal_err=+73 carrot_err= +45 c0=0.42 clear=0.28 prog=0.00 rel=0.77 bal=-0.22 obs=286 hard=269 obsc=299 yr= 18G nz=0.19 flt=0.04 dmap=+0/-0 shz=4.0 plan=0 cmd=(lx=+0.00,ly=+0.00,rx=+0.45)
  t=107.9 AGR-BRK-TR pos=(-4.81,+2.42) yaw= -98.7 d=6.09 goal_err=+81 carrot_err= +53 c0=0.42 clear=0.28 prog=0.00 rel=0.89 bal=-0.19 obs=286 hard=269 obsc=299 yr= 19G nz=0.06 flt=0.01 dmap=+0/-0 shz=4.0 plan=0 cmd=(lx=+0.00,ly=+0.00,rx=+0.45)
  t=108.4 AGR-BRK-TR pos=(-4.81,+2.42) yaw=-106.7 d=6.09 goal_err=+89 carrot_err= +61 c0=0.42 clear=0.28 prog=0.00 rel=0.94 bal=-0.19 obs=286 hard=269 obsc=299 yr= 18G nz=0.04 flt=0.03 dmap=+0/-0 shz=4.0 plan=0 cmd=(lx=+0.00,ly=+0.00,rx=+0.45)
  t=108.8 AGR-BRK-TR pos=(-4.81,+2.42) yaw=-114.7 d=6.09 goal_err=+97 carrot_err= +69 c0=0.65 clear=0.43 prog=0.00 rel=0.93 bal=-0.19 obs=286 hard=269 obsc=299 yr= 19G nz=0.03 flt=0.13 dmap=+0/-0 shz=4.0 plan=0 cmd=(lx=+0.00,ly=+0.00,rx=+0.45)
  t=109.2 AGR-BRK-TR pos=(-4.81,+2.42) yaw=-124.7 d=6.09 goal_err=+107 carrot_err= +79 c0=0.65 clear=0.43 prog=0.00 rel=0.81 bal=-0.19 obs=286 hard=269 obsc=299 yr= 19G nz=0.18 flt=0.02 dmap=+0/-0 shz=4.0 plan=0 cmd=(lx=+0.00,ly=+0.00,rx=+0.45)
  t=109.7 AGR-ENG-T pos=(-4.81,+2.42) yaw=-124.7 d=6.09 goal_err=+107 carrot_err= +79 c0=0.65 clear=0.43 prog=0.00 rel=0.80 bal=-0.19 obs=286 hard=269 obsc=299 yr= 18G nz=0.18 flt=0.11 dmap=+0/-0 shz=4.0 plan=30 cmd=(lx=+0.00,ly=+0.00,rx=-0.45)
  t=110.1 AGR-ENG-T pos=(-4.81,+2.42) yaw=-116.7 d=6.09 goal_err=+99 carrot_err= +71 c0=0.65 clear=0.43 prog=0.00 rel=0.91 bal=-0.19 obs=286 hard=269 obsc=299 yr= 19G nz=0.02 flt=0.10 dmap=+0/-0 shz=4.0 plan=30 cmd=(lx=+0.00,ly=+0.00,rx=-0.45)
  t=110.5 AGR-ENG-T pos=(-4.81,+2.42) yaw=-108.7 d=6.09 goal_err=+91 carrot_err= +63 c0=0.42 clear=0.28 prog=0.00 rel=0.83 bal=-0.19 obs=286 hard=269 obsc=299 yr= 19G nz=0.16 flt=0.05 dmap=+0/-0 shz=4.0 plan=30 cmd=(lx=+0.00,ly=+0.00,rx=-0.45)
  t=110.9 AGR-ENG-T pos=(-4.81,+2.42) yaw=-100.7 d=6.09 goal_err=+83 carrot_err= +55 c0=0.42 clear=0.28 prog=0.00 rel=0.79 bal=-0.19 obs=286 hard=269 obsc=299 yr= 19G nz=0.21 flt=0.15 dmap=+0/-0 shz=4.0 plan=30 cmd=(lx=+0.00,ly=+0.00,rx=-0.45)
  t=111.4 AGR-ENG-T pos=(-4.81,+2.42) yaw= -90.6 d=6.09 goal_err=+73 carrot_err= +45 c0=0.42 clear=0.28 prog=0.00 rel=0.83 bal=-0.22 obs=286 hard=269 obsc=299 yr= 18G nz=0.17 flt=0.06 dmap=+0/-0 shz=4.0 plan=30 cmd=(lx=+0.00,ly=+0.00,rx=-0.45)
  t=111.8 AGR-ENG-F pos=(-4.81,+2.42) yaw= -82.6 d=6.09 goal_err=+65 carrot_err= +37 c0=0.42 clear=0.28 prog=0.00 rel=0.96 bal=-0.22 obs=286 hard=269 obsc=299 yr= 18G nz=0.04 flt=0.14 dmap=+0/-0 shz=4.0 plan=30 cmd=(lx=+0.00,ly=+0.28,rx=+0.00)
  t=112.2 AGR-ENG-F pos=(-4.80,+2.40) yaw= -80.6 d=6.08 goal_err=+63 carrot_err= +36 c0=0.40 clear=0.27 prog=0.02 rel=0.96 bal=-0.23 obs=280 hard=254 obsc=294 yr=  0  nz=0.04 flt=0.05 dmap=+0/-0 shz=4.0 plan=30 cmd=(lx=+0.00,ly=+0.28,rx=+0.00)
  t=112.7 AGR-ENG-F pos=(-4.80,+2.38) yaw= -80.6 d=6.07 goal_err=+63 carrot_err= +37 c0=0.38 clear=0.25 prog=0.03 rel=0.95 bal=-0.24 obs=278 hard=243 obsc=286 yr=  0  nz=0.05 flt=0.12 dmap=+0/-0 shz=4.0 plan=30 cmd=(lx=+0.00,ly=+0.28,rx=+0.00)
  t=113.1 AGR-ENG-F pos=(-4.80,+2.35) yaw= -80.6 d=6.05 goal_err=+63 carrot_err= +38 c0=0.35 clear=0.23 prog=0.05 rel=0.95 bal=-0.29 obs=261 hard=239 obsc=284 yr=  0  nz=0.05 flt=0.07 dmap=+2/-15 shz=4.0 plan=30 cmd=(lx=+0.00,ly=+0.28,rx=+0.00)
  t=113.5 AGR-ENG-WT pos=(-4.79,+2.33) yaw= -76.6 d=6.05 goal_err=+60 carrot_err= +35 c0=0.33 clear=0.22 prog=0.07 rel=0.93 bal=-0.29 obs=258 hard=234 obsc=273 yr= 19  nz=0.07 flt=0.10 dmap=+3/-6 shz=4.0 plan=30 cmd=(lx=+0.00,ly=+0.00,rx=+0.00)
  t=113.9 AGR-ENG-WT pos=(-4.79,+2.33) yaw= -76.6 d=6.05 goal_err=+60 carrot_err= +35 c0=0.33 clear=0.22 prog=0.06 rel=0.94 bal=-0.29 obs=255 hard=232 obsc=267 yr=  0  nz=0.06 flt=0.06 dmap=+0/-0 shz=4.0 plan=30 cmd=(lx=+0.00,ly=+0.00,rx=+0.00)
  t=114.4 AGR-ENG-WT pos=(-4.79,+2.33) yaw= -76.6 d=6.05 goal_err=+60 carrot_err= +35 c0=0.33 clear=0.22 prog=0.04 rel=0.96 bal=-0.29 obs=253 hard=235 obsc=267 yr=  0  nz=0.04 flt=0.06 dmap=+0/-0 shz=4.0 plan=30 cmd=(lx=+0.00,ly=+0.00,rx=+0.00)
  [META2-DOOR] Door_Direct: FALLO (cols=4) -> Pl=0.36
  t=114.8 AGR-DOOR-AL. pos=(-4.79,+2.33) yaw= -76.6 d=6.05 goal_err=+60 carrot_err= +35 c0=0.33 clear=0.22 prog=0.02 rel=0.96 bal=-0.29 obs=248 hard=229 obsc=260 yr=  0  nz=0.04 flt=0.08 dmap=+2/-1 shz=4.0 plan=30 cmd=(lx=+0.00,ly=+0.00,rx=+0.00)
  t=115.2 AGR-DOOR-AL. pos=(-4.79,+2.33) yaw= -72.6 d=6.05 goal_err=+56 carrot_err= +31 c0=0.33 clear=0.22 prog=0.00 rel=0.97 bal=-0.22 obs=248 hard=230 obsc=260 yr= 19G nz=0.03 flt=0.05 dmap=+0/-0 shz=4.0 plan=30 cmd=(lx=+0.00,ly=+0.00,rx=+0.00)
  t=115.7 AGR-DOOR-AL pos=(-4.79,+2.33) yaw= -70.6 d=6.05 goal_err=+54 carrot_err= +29 c0=0.33 clear=0.22 prog=0.00 rel=0.97 bal=-0.22 obs=249 hard=234 obsc=266 yr=  0G nz=0.03 flt=0.09 dmap=+0/-0 shz=4.0 plan=30 cmd=(lx=+0.00,ly=+0.00,rx=-0.45)
  t=116.1 AGR-DOOR-GO pos=(-4.79,+2.32) yaw= -66.6 d=6.04 goal_err=+50 carrot_err= +25 c0=0.37 clear=0.25 prog=0.01 rel=0.98 bal=-0.11 obs=251 hard=234 obsc=267 yr=  0  nz=0.02 flt=0.08 dmap=+6/-5 shz=4.0 plan=30 cmd=(lx=+0.00,ly=+0.28,rx=+0.00)
  t=116.5 AGR-DOOR-GO pos=(-4.80,+2.30) yaw= -66.5 d=6.05 goal_err=+50 carrot_err= +27 c0=0.30 clear=0.20 prog=0.00 rel=0.95 bal=-0.21 obs=251 hard=232 obsc=261 yr=  0  nz=0.05 flt=0.08 dmap=+4/-2 shz=4.0 plan=30 cmd=(lx=+0.00,ly=+0.28,rx=+0.00)
  t=116.9 AGR-DOOR-GO pos=(-4.79,+2.28) yaw= -66.5 d=6.03 goal_err=+50 carrot_err= +28 c0=0.34 clear=0.22 prog=0.03 rel=0.92 bal=-0.21 obs=249 hard=229 obsc=262 yr=  0  nz=0.07 flt=0.06 dmap=+0/-0 shz=4.0 plan=30 cmd=(lx=+0.00,ly=+0.28,rx=+0.00)
  t=117.4 AGR-DOOR-AL pos=(-4.80,+2.26) yaw= -66.4 d=6.03 goal_err=+50 carrot_err= +27 c0=0.26 clear=0.17 prog=0.03 rel=0.92 bal=-0.27 obs=248 hard=226 obsc=256 yr=  0  nz=0.08 flt=0.06 dmap=+1/-2 shz=4.0 plan=30 cmd=(lx=+0.00,ly=+0.00,rx=-0.45)
  t=117.8 AGR-DOOR-AL. pos=(-4.80,+2.26) yaw= -60.4 d=6.03 goal_err=+44 carrot_err= +21 c0=0.33 clear=0.22 prog=0.03 rel=0.69 bal=-0.27 obs=276 hard=257 obsc=294 yr= 19  nz=0.21 flt=0.21 dmap=+28/-2 shz=4.0 plan=30 cmd=(lx=+0.00,ly=+0.00,rx=+0.00)
  t=118.2 AGR-DOOR-CTR pos=(-4.80,+2.26) yaw= -58.4 d=6.03 goal_err=+42 carrot_err= +19 c0=0.33 clear=0.22 prog=0.00 rel=0.68 bal=-0.27 obs=283 hard=264 obsc=302 yr= 19G nz=0.23 flt=0.14 dmap=+0/-0 shz=4.0 plan=30 cmd=(lx=+0.34,ly=+0.00,rx=+0.00)
  t=118.6 AGR-DOOR-CTR pos=(-4.83,+2.24) yaw= -56.4 d=6.05 goal_err=+40 carrot_err= +19 c0=0.33 clear=0.22 prog=0.00 rel=0.76 bal=-0.23 obs=280 hard=256 obsc=295 yr=  0  nz=0.24 flt=0.06 dmap=+0/-0 shz=4.0 plan=30 cmd=(lx=+0.34,ly=+0.00,rx=+0.00)
  t=119.0 AGR-DOOR-WT pos=(-4.85,+2.23) yaw= -56.4 d=6.07 goal_err=+41 carrot_err= +20 c0=0.23 clear=0.15 prog=0.00 rel=0.74 bal=-0.20 obs=281 hard=254 obsc=293 yr=  0  nz=0.26 flt=0.12 dmap=+1/-2 shz=4.0 plan=30 cmd=(lx=+0.00,ly=+0.00,rx=+0.00)
  t=119.5 AGR-DOOR-WT pos=(-4.85,+2.23) yaw= -56.4 d=6.07 goal_err=+41 carrot_err= +20 c0=0.23 clear=0.15 prog=0.00 rel=0.74 bal=-0.20 obs=261 hard=257 obsc=294 yr=  0  nz=0.26 flt=0.04 dmap=+0/-0 shz=4.0 plan=30 cmd=(lx=+0.00,ly=+0.00,rx=+0.00)
  t=119.9 AGR-DOOR-WT pos=(-4.85,+2.23) yaw= -56.4 d=6.07 goal_err=+41 carrot_err= +20 c0=0.23 clear=0.15 prog=0.00 rel=0.90 bal=-0.20 obs=261 hard=247 obsc=274 yr=  0  nz=0.09 flt=0.04 dmap=+0/-0 shz=4.0 plan=30 cmd=(lx=+0.00,ly=+0.00,rx=+0.00)

  DESATASCO #8 en (-4.85,+2.23).
  t=120.3 AGR-BRK-BK pos=(-4.85,+2.23) yaw= -56.4 d=6.07 goal_err=+41 carrot_err= +20 c0=0.23 clear=0.15 prog=0.00 rel=0.76 bal=-0.20 obs=283 hard=263 obsc=304 yr=  0  nz=0.15 flt=0.14 dmap=+14/-2 shz=4.0 plan=0 cmd=(lx=+0.00,ly=-0.35,rx=+0.00)
  t=120.7 AGR-BRK-BK pos=(-4.87,+2.26) yaw= -56.4 d=6.10 goal_err=+40 carrot_err= +19 c0=0.27 clear=0.18 prog=0.00 rel=0.71 bal=-0.19 obs=291 hard=269 obsc=313 yr=  0  nz=0.18 flt=0.17 dmap=+0/-0 shz=4.0 plan=0 cmd=(lx=+0.00,ly=-0.35,rx=+0.00)
  t=121.2 AGR-BRK-TR pos=(-4.90,+2.29) yaw= -60.5 d=6.13 goal_err=+44 carrot_err= +23 c0=0.30 clear=0.20 prog=0.00 rel=0.77 bal=-0.18 obs=292 hard=272 obsc=307 yr= 19G nz=0.20 flt=0.14 dmap=+0/-0 shz=4.0 plan=0 cmd=(lx=+0.00,ly=+0.00,rx=+0.45)
  t=121.6 AGR-BRK-TR pos=(-4.90,+2.29) yaw= -68.5 d=6.13 goal_err=+52 carrot_err= +31 c0=0.30 clear=0.20 prog=0.00 rel=0.76 bal=-0.18 obs=293 hard=273 obsc=308 yr= 19G nz=0.20 flt=0.06 dmap=+0/-0 shz=4.0 plan=0 cmd=(lx=+0.00,ly=+0.00,rx=+0.45)
  t=122.0 AGR-BRK-TR pos=(-4.90,+2.29) yaw= -76.5 d=6.13 goal_err=+60 carrot_err= +39 c0=0.30 clear=0.20 prog=0.00 rel=0.79 bal=-0.18 obs=293 hard=273 obsc=308 yr= 19G nz=0.18 flt=0.12 dmap=+0/-0 shz=4.0 plan=0 cmd=(lx=+0.00,ly=+0.00,rx=+0.45)
  t=122.4 AGR-BRK-TR pos=(-4.90,+2.29) yaw= -84.5 d=6.13 goal_err=+68 carrot_err= +47 c0=0.30 clear=0.20 prog=0.00 rel=0.94 bal=-0.18 obs=293 hard=273 obsc=308 yr= 19G nz=0.04 flt=0.03 dmap=+0/-0 shz=4.0 plan=0 cmd=(lx=+0.00,ly=+0.00,rx=+0.45)
  t=122.9 AGR-BRK-TR pos=(-4.90,+2.29) yaw= -92.5 d=6.13 goal_err=+76 carrot_err= +55 c0=0.30 clear=0.20 prog=0.00 rel=0.92 bal=-0.13 obs=293 hard=273 obsc=308 yr= 19G nz=0.03 flt=0.07 dmap=+0/-0 shz=4.0 plan=0 cmd=(lx=+0.00,ly=+0.00,rx=+0.45)
  t=123.3 AGR-ENG-T pos=(-4.90,+2.29) yaw=-100.6 d=6.13 goal_err=+84 carrot_err= +63 c0=0.50 clear=0.33 prog=0.00 rel=0.67 bal=-0.13 obs=293 hard=273 obsc=308 yr= 18G nz=0.23 flt=0.28 dmap=+0/-0 shz=4.0 plan=30 cmd=(lx=+0.00,ly=+0.00,rx=-0.45)
  t=123.7 AGR-ENG-T pos=(-4.90,+2.29) yaw= -94.5 d=6.13 goal_err=+78 carrot_err= +57 c0=0.30 clear=0.20 prog=0.00 rel=0.60 bal=-0.13 obs=297 hard=278 obsc=312 yr= 37G nz=0.32 flt=0.18 dmap=+0/-0 shz=4.0 plan=30 cmd=(lx=+0.00,ly=+0.00,rx=-0.45)
  t=124.1 AGR-DOOR-AL pos=(-4.90,+2.30) yaw= -93.9 d=6.14 goal_err=+77 carrot_err= +56 c0=0.32 clear=0.21 prog=0.00 rel=0.69 bal=-0.13 obs=297 hard=278 obsc=312 yr=  5G nz=0.31 flt=0.12 dmap=+0/-0 shz=4.0 plan=30 cmd=(lx=+0.00,ly=+0.00,rx=-0.45)
  t=124.6 AGR-DOOR-AL pos=(-4.89,+2.33) yaw= -95.7 d=6.14 goal_err=+79 carrot_err= +57 c0=0.34 clear=0.23 prog=0.00 rel=0.68 bal=-0.14 obs=297 hard=279 obsc=312 yr=  4G nz=0.31 flt=0.07 dmap=+0/-0 shz=4.0 plan=30 cmd=(lx=+0.00,ly=+0.00,rx=-0.45)
  t=125.0 AGR-DOOR-AL pos=(-4.89,+2.35) yaw= -97.5 d=6.15 goal_err=+81 carrot_err= +59 c0=0.36 clear=0.24 prog=0.00 rel=0.71 bal=-0.13 obs=297 hard=279 obsc=312 yr=  4G nz=0.28 flt=0.07 dmap=+0/-0 shz=4.0 plan=30 cmd=(lx=+0.00,ly=+0.00,rx=-0.45)
  t=125.4 AGR-DOOR-AL pos=(-4.89,+2.38) yaw= -99.4 d=6.15 goal_err=+82 carrot_err= +59 c0=0.39 clear=0.26 prog=0.00 rel=0.90 bal=-0.12 obs=297 hard=279 obsc=312 yr=  4G nz=0.08 flt=0.08 dmap=+0/-0 shz=4.0 plan=30 cmd=(lx=+0.00,ly=+0.00,rx=-0.45)
  t=125.8 AGR-DOOR-AL pos=(-4.88,+2.40) yaw=-101.2 d=6.15 goal_err=+84 carrot_err= +60 c0=0.41 clear=0.27 prog=0.00 rel=0.92 bal=-0.11 obs=299 hard=282 obsc=314 yr=  4G nz=0.08 flt=0.09 dmap=+1/-0 shz=4.0 plan=30 cmd=(lx=+0.00,ly=+0.00,rx=-0.45)
  t=126.3 AGR-DOOR-AL pos=(-4.88,+2.42) yaw=-103.1 d=6.15 goal_err=+86 carrot_err= +61 c0=0.43 clear=0.29 prog=0.00 rel=0.94 bal=-0.11 obs=299 hard=282 obsc=315 yr=  4G nz=0.06 flt=0.03 dmap=+0/-0 shz=4.0 plan=30 cmd=(lx=+0.00,ly=+0.00,rx=-0.45)
  t=126.7 AGR-DOOR-AL pos=(-4.88,+2.43) yaw=-104.0 d=6.15 goal_err=+86 carrot_err= +61 c0=0.44 clear=0.29 prog=0.00 rel=0.71 bal=-0.11 obs=301 hard=284 obsc=317 yr=  0G nz=0.21 flt=0.17 dmap=+0/-0 shz=4.0 plan=30 cmd=(lx=+0.00,ly=+0.00,rx=-0.45)
  t=127.1 AGR-DOOR-AL pos=(-4.88,+2.43) yaw=-104.0 d=6.15 goal_err=+86 carrot_err= +61 c0=0.44 clear=0.29 prog=0.00 rel=0.75 bal=-0.11 obs=302 hard=285 obsc=318 yr=  0G nz=0.19 flt=0.06 dmap=+0/-0 shz=4.0 plan=30 cmd=(lx=+0.00,ly=+0.00,rx=-0.45)
  t=127.6 AGR-DOOR-AL pos=(-4.88,+2.43) yaw=-104.0 d=6.15 goal_err=+86 carrot_err= +61 c0=0.44 clear=0.29 prog=0.00 rel=0.82 bal=-0.11 obs=302 hard=285 obsc=318 yr=  0G nz=0.18 flt=0.04 dmap=+0/-0 shz=4.0 plan=30 cmd=(lx=+0.00,ly=+0.00,rx=-0.45)
  t=128.0 AGR-DOOR-AL pos=(-4.88,+2.43) yaw=-104.0 d=6.15 goal_err=+86 carrot_err= +61 c0=0.44 clear=0.29 prog=0.00 rel=0.82 bal=-0.11 obs=302 hard=285 obsc=318 yr=  0G nz=0.18 flt=0.13 dmap=+0/-0 shz=4.0 plan=30 cmd=(lx=+0.00,ly=+0.00,rx=-0.45)
  t=128.4 AGR-DOOR-AL pos=(-4.88,+2.43) yaw=-104.0 d=6.15 goal_err=+86 carrot_err= +61 c0=0.44 clear=0.29 prog=0.00 rel=0.73 bal=-0.11 obs=302 hard=285 obsc=318 yr=  0G nz=0.18 flt=0.17 dmap=+0/-0 shz=4.0 plan=30 cmd=(lx=+0.00,ly=+0.00,rx=-0.45)
  t=128.9 AGR-DOOR-AL pos=(-4.88,+2.43) yaw=-104.0 d=6.15 goal_err=+86 carrot_err= +61 c0=0.44 clear=0.29 prog=0.00 rel=0.73 bal=-0.11 obs=302 hard=285 obsc=318 yr=  0G nz=0.18 flt=0.11 dmap=+0/-0 shz=4.0 plan=30 cmd=(lx=+0.00,ly=+0.00,rx=-0.45)
  t=129.3 AGR-DOOR-AL pos=(-4.88,+2.43) yaw=-104.0 d=6.15 goal_err=+86 carrot_err= +61 c0=0.44 clear=0.29 prog=0.00 rel=0.83 bal=-0.11 obs=302 hard=285 obsc=318 yr=  0G nz=0.17 flt=0.05 dmap=+0/-0 shz=4.0 plan=30 cmd=(lx=+0.00,ly=+0.00,rx=-0.45)
  t=129.7 AGR-DOOR-AL pos=(-4.88,+2.43) yaw=-104.0 d=6.15 goal_err=+86 carrot_err= +61 c0=0.44 clear=0.29 prog=0.00 rel=0.73 bal=-0.11 obs=302 hard=285 obsc=318 yr=  0G nz=0.16 flt=0.31 dmap=+0/-0 shz=4.0 plan=30 cmd=(lx=+0.00,ly=+0.00,rx=-0.45)
  t=130.1 AGR-DOOR-AL pos=(-4.88,+2.43) yaw=-104.0 d=6.15 goal_err=+86 carrot_err= +61 c0=0.44 clear=0.29 prog=0.00 rel=0.76 bal=-0.11 obs=302 hard=285 obsc=318 yr=  0G nz=0.15 flt=0.12 dmap=+0/-0 shz=4.0 plan=30 cmd=(lx=+0.00,ly=+0.00,rx=-0.45)
  t=130.6 AGR-DOOR-AL pos=(-4.88,+2.43) yaw=-104.0 d=6.15 goal_err=+86 carrot_err= +61 c0=0.44 clear=0.29 prog=0.00 rel=0.83 bal=-0.11 obs=302 hard=285 obsc=318 yr=  0G nz=0.16 flt=0.12 dmap=+0/-0 shz=4.0 plan=30 cmd=(lx=+0.00,ly=+0.00,rx=-0.45)
  t=131.0 AGR-DOOR-AL pos=(-4.88,+2.43) yaw=-104.0 d=6.15 goal_err=+86 carrot_err= +61 c0=0.44 clear=0.29 prog=0.00 rel=0.83 bal=-0.11 obs=302 hard=285 obsc=318 yr=  0G nz=0.16 flt=0.03 dmap=+0/-0 shz=4.0 plan=30 cmd=(lx=+0.00,ly=+0.00,rx=-0.45)
  t=131.4 AGR-DOOR-AL pos=(-4.88,+2.43) yaw=-104.0 d=6.15 goal_err=+86 carrot_err= +61 c0=0.44 clear=0.29 prog=0.00 rel=0.83 bal=-0.11 obs=302 hard=285 obsc=318 yr=  0G nz=0.16 flt=0.04 dmap=+0/-0 shz=4.0 plan=30 cmd=(lx=+0.00,ly=+0.00,rx=-0.45)
  t=131.9 AGR-DOOR-AL pos=(-4.88,+2.43) yaw=-104.0 d=6.15 goal_err=+86 carrot_err= +61 c0=0.44 clear=0.29 prog=0.00 rel=0.87 bal=-0.11 obs=302 hard=285 obsc=318 yr=  0G nz=0.13 flt=0.02 dmap=+0/-0 shz=4.0 plan=30 cmd=(lx=+0.00,ly=+0.00,rx=-0.45)
  t=132.3 AGR-DOOR-AL pos=(-4.88,+2.43) yaw=-104.0 d=6.15 goal_err=+86 carrot_err= +61 c0=0.44 clear=0.29 prog=0.00 rel=0.97 bal=-0.11 obs=302 hard=285 obsc=318 yr=  0G nz=0.03 flt=0.11 dmap=+0/-0 shz=4.0 plan=30 cmd=(lx=+0.00,ly=+0.00,rx=-0.45)
  t=132.7 AGR-DOOR-AL pos=(-4.88,+2.43) yaw=-104.0 d=6.15 goal_err=+86 carrot_err= +61 c0=0.44 clear=0.29 prog=0.00 rel=0.97 bal=-0.11 obs=302 hard=285 obsc=318 yr=  0G nz=0.03 flt=0.06 dmap=+0/-0 shz=4.0 plan=30 cmd=(lx=+0.00,ly=+0.00,rx=-0.45)
  t=133.1 AGR-DOOR-AL pos=(-4.88,+2.43) yaw=-104.0 d=6.15 goal_err=+86 carrot_err= +61 c0=0.44 clear=0.29 prog=0.00 rel=0.96 bal=-0.11 obs=302 hard=285 obsc=318 yr=  0G nz=0.03 flt=0.05 dmap=+0/-0 shz=4.0 plan=30 cmd=(lx=+0.00,ly=+0.00,rx=-0.45)
  t=133.6 AGR-DOOR-AL pos=(-4.88,+2.43) yaw=-104.0 d=6.15 goal_err=+86 carrot_err= +61 c0=0.44 clear=0.29 prog=0.00 rel=0.97 bal=-0.11 obs=302 hard=285 obsc=318 yr=  0G nz=0.03 flt=0.02 dmap=+0/-0 shz=4.0 plan=30 cmd=(lx=+0.00,ly=+0.00,rx=-0.45)
  t=134.0 AGR-ENG-T pos=(-4.88,+2.43) yaw=-104.0 d=6.15 goal_err=+86 carrot_err= +61 c0=0.44 clear=0.29 prog=0.00 rel=0.97 bal=-0.11 obs=302 hard=285 obsc=318 yr=  0G nz=0.03 flt=0.09 dmap=+0/-0 shz=4.0 plan=30 cmd=(lx=+0.00,ly=+0.00,rx=-0.45)

  DESATASCO #9 en (-4.88,+2.43).
  t=134.4 AGR-BRK-TR pos=(-4.88,+2.43) yaw=-104.0 d=6.15 goal_err=+86 carrot_err= +61 c0=0.44 clear=0.29 prog=0.00 rel=0.97 bal=-0.11 obs=302 hard=285 obsc=318 yr=  0G nz=0.03 flt=0.07 dmap=+0/-0 shz=4.0 plan=0 cmd=(lx=+0.00,ly=+0.00,rx=+0.45)
  t=134.8 AGR-BRK-TR pos=(-4.88,+2.43) yaw=-104.0 d=6.15 goal_err=+86 carrot_err= +61 c0=0.44 clear=0.29 prog=0.00 rel=0.97 bal=-0.11 obs=302 hard=285 obsc=318 yr=  0G nz=0.03 flt=0.05 dmap=+0/-0 shz=4.0 plan=0 cmd=(lx=+0.00,ly=+0.00,rx=+0.45)
  t=135.3 AGR-BRK-TR pos=(-4.88,+2.43) yaw=-104.0 d=6.15 goal_err=+86 carrot_err= +61 c0=0.44 clear=0.29 prog=0.00 rel=0.96 bal=-0.11 obs=302 hard=285 obsc=318 yr=  0G nz=0.03 flt=0.05 dmap=+0/-0 shz=4.0 plan=0 cmd=(lx=+0.00,ly=+0.00,rx=+0.45)
  t=135.7 AGR-BRK-TR pos=(-4.88,+2.43) yaw=-104.0 d=6.15 goal_err=+86 carrot_err= +61 c0=0.44 clear=0.29 prog=0.00 rel=0.95 bal=-0.11 obs=302 hard=285 obsc=318 yr=  0G nz=0.03 flt=0.05 dmap=+0/-0 shz=4.0 plan=0 cmd=(lx=+0.00,ly=+0.00,rx=+0.45)
  t=136.1 AGR-BRK-TR pos=(-4.88,+2.43) yaw=-104.0 d=6.15 goal_err=+86 carrot_err= +61 c0=0.44 clear=0.29 prog=0.00 rel=0.97 bal=-0.11 obs=302 hard=285 obsc=318 yr=  0G nz=0.02 flt=0.05 dmap=+0/-0 shz=4.0 plan=0 cmd=(lx=+0.00,ly=+0.00,rx=+0.45)
  t=136.5 AGR-BRK-TR pos=(-4.88,+2.43) yaw=-104.0 d=6.15 goal_err=+86 carrot_err= +61 c0=0.44 clear=0.29 prog=0.00 rel=0.97 bal=-0.11 obs=302 hard=285 obsc=318 yr=  0G nz=0.03 flt=0.04 dmap=+0/-0 shz=4.0 plan=0 cmd=(lx=+0.00,ly=+0.00,rx=+0.45)
  t=137.0 AGR-ENG-T pos=(-4.88,+2.43) yaw=-104.0 d=6.15 goal_err=+86 carrot_err= +61 c0=0.44 clear=0.29 prog=0.00 rel=0.97 bal=-0.11 obs=302 hard=285 obsc=318 yr=  0G nz=0.03 flt=0.03 dmap=+0/-0 shz=3.9 plan=30 cmd=(lx=+0.00,ly=+0.00,rx=-0.45)
  [META-SM] ASISTENCIA: parado esperando al humano ('m <cm>' en el marcador)
  [META-SM] ASISTENCIA: parado esperando al humano ('m <cm>' en el marcador)
  [META-SM] ASISTENCIA: parado esperando al humano ('m <cm>' en el marcador)
  t=137.4 AGR-ENG-T pos=(-4.88,+2.43) yaw=-104.0 d=6.15 goal_err=+86 carrot_err= +61 c0=0.44 clear=0.29 prog=0.00 rel=0.97 bal=-0.11 obs=302 hard=285 obsc=318 yr=  0G nz=0.03 flt=0.11 dmap=+0/-0 shz=4.0 plan=30 cmd=(lx=+0.00,ly=+0.00,rx=-0.45)
  [META-SM] ASISTENCIA: parado esperando al humano ('m <cm>' en el marcador)
  [META-SM] ASISTENCIA: parado esperando al humano ('m <cm>' en el marcador)
  [META-SM] ASISTENCIA: parado esperando al humano ('m <cm>' en el marcador)
  [META-SM] ASISTENCIA: parado esperando al humano ('m <cm>' en el marcador)
  t=137.9 AGR-ENG-T pos=(-4.88,+2.43) yaw=-104.0 d=6.15 goal_err=+86 carrot_err= +61 c0=0.44 clear=0.29 prog=0.00 rel=0.98 bal=-0.11 obs=302 hard=285 obsc=318 yr=  0G nz=0.02 flt=0.06 dmap=+0/-0 shz=4.0 plan=30 cmd=(lx=+0.00,ly=+0.00,rx=-0.45)
  [META-SM] ASISTENCIA: parado esperando al humano ('m <cm>' en el marcador)
  [META-SM] ASISTENCIA: parado esperando al humano ('m <cm>' en el marcador)
  t=138.3 AGR-ENG-T pos=(-4.88,+2.43) yaw=-104.0 d=6.15 goal_err=+86 carrot_err= +61 c0=0.44 clear=0.29 prog=0.00 rel=0.97 bal=-0.11 obs=302 hard=285 obsc=318 yr=  0G nz=0.03 flt=0.08 dmap=+0/-0 shz=4.0 plan=30 cmd=(lx=+0.00,ly=+0.00,rx=-0.45)
  t=138.7 AGR-ENG-T pos=(-4.88,+2.43) yaw=-104.0 d=6.15 goal_err=+86 carrot_err= +61 c0=0.44 clear=0.29 prog=0.00 rel=0.97 bal=-0.11 obs=302 hard=285 obsc=318 yr=  0G nz=0.02 flt=0.08 dmap=+0/-0 shz=4.0 plan=30 cmd=(lx=+0.00,ly=+0.00,rx=-0.45)
  t=139.1 AGR-ENG-T pos=(-4.88,+2.43) yaw=-104.0 d=6.15 goal_err=+86 carrot_err= +61 c0=0.44 clear=0.29 prog=0.00 rel=0.95 bal=-0.11 obs=302 hard=285 obsc=318 yr=  0G nz=0.04 flt=0.09 dmap=+0/-0 shz=4.0 plan=30 cmd=(lx=+0.00,ly=+0.00,rx=-0.45)
  t=139.6 AGR-ENG-T pos=(-4.88,+2.43) yaw=-104.0 d=6.15 goal_err=+86 carrot_err= +61 c0=0.44 clear=0.29 prog=0.00 rel=0.96 bal=-0.11 obs=302 hard=285 obsc=318 yr=  0G nz=0.04 flt=0.05 dmap=+0/-0 shz=4.0 plan=30 cmd=(lx=+0.00,ly=+0.00,rx=-0.45)
  t=140.0 AGR-ENG-T pos=(-4.88,+2.43) yaw=-104.0 d=6.15 goal_err=+86 carrot_err= +61 c0=0.44 clear=0.29 prog=0.00 rel=0.96 bal=-0.11 obs=302 hard=285 obsc=318 yr=  0G nz=0.03 flt=0.06 dmap=+0/-0 shz=4.0 plan=30 cmd=(lx=+0.00,ly=+0.00,rx=-0.45)
  t=140.4 AGR-ENG-T pos=(-4.88,+2.43) yaw=-104.0 d=6.15 goal_err=+86 carrot_err= +61 c0=0.44 clear=0.29 prog=0.00 rel=0.96 bal=-0.11 obs=302 hard=285 obsc=318 yr=  0G nz=0.04 flt=0.11 dmap=+0/-0 shz=4.0 plan=30 cmd=(lx=+0.00,ly=+0.00,rx=-0.45)
  t=140.8 AGR-ENG-T pos=(-4.88,+2.43) yaw=-104.0 d=6.15 goal_err=+86 carrot_err= +61 c0=0.44 clear=0.29 prog=0.00 rel=0.95 bal=-0.11 obs=302 hard=285 obsc=318 yr=  0G nz=0.03 flt=0.07 dmap=+0/-0 shz=4.0 plan=30 cmd=(lx=+0.00,ly=+0.00,rx=-0.45)
  t=141.3 AGR-ENG-T pos=(-4.88,+2.43) yaw=-104.0 d=6.15 goal_err=+86 carrot_err= +61 c0=0.44 clear=0.29 prog=0.00 rel=0.96 bal=-0.11 obs=302 hard=285 obsc=318 yr=  0G nz=0.04 flt=0.37 dmap=+0/-0 shz=4.0 plan=30 cmd=(lx=+0.00,ly=+0.00,rx=-0.45)
  t=141.7 AGR-ENG-T pos=(-4.88,+2.43) yaw=-104.0 d=6.15 goal_err=+86 carrot_err= +61 c0=0.44 clear=0.29 prog=0.00 rel=0.74 bal=-0.11 obs=304 hard=287 obsc=320 yr=  0G nz=0.17 flt=0.15 dmap=+1/-0 shz=4.0 plan=30 cmd=(lx=+0.00,ly=+0.00,rx=-0.45)
  t=142.1 AGR-ENG-T pos=(-4.88,+2.43) yaw=-104.0 d=6.15 goal_err=+86 carrot_err= +61 c0=0.44 clear=0.29 prog=0.00 rel=0.81 bal=-0.11 obs=304 hard=287 obsc=320 yr=  0G nz=0.17 flt=0.11 dmap=+0/-0 shz=4.0 plan=30 cmd=(lx=+0.00,ly=+0.00,rx=-0.45)
  t=142.5 AGR-ENG-T pos=(-4.88,+2.43) yaw=-104.0 d=6.15 goal_err=+86 carrot_err= +61 c0=0.44 clear=0.29 prog=0.00 rel=0.81 bal=-0.11 obs=304 hard=287 obsc=320 yr=  0G nz=0.18 flt=0.05 dmap=+0/-0 shz=4.0 plan=30 cmd=(lx=+0.00,ly=+0.00,rx=-0.45)
  t=143.0 AGR-ENG-T pos=(-4.88,+2.43) yaw=-104.0 d=6.15 goal_err=+86 carrot_err= +61 c0=0.44 clear=0.29 prog=0.00 rel=0.79 bal=-0.11 obs=304 hard=287 obsc=320 yr=  0G nz=0.19 flt=0.02 dmap=+0/-0 shz=4.0 plan=30 cmd=(lx=+0.00,ly=+0.00,rx=-0.45)
  t=143.4 AGR-ENG-T pos=(-4.88,+2.43) yaw=-104.0 d=6.15 goal_err=+86 carrot_err= +61 c0=0.44 clear=0.29 prog=0.00 rel=0.93 bal=-0.11 obs=304 hard=287 obsc=320 yr=  0G nz=0.03 flt=0.06 dmap=+0/-0 shz=4.0 plan=30 cmd=(lx=+0.00,ly=+0.00,rx=-0.45)
  t=143.8 AGR-ENG-T pos=(-4.88,+2.43) yaw=-104.0 d=6.15 goal_err=+86 carrot_err= +61 c0=0.44 clear=0.29 prog=0.00 rel=0.95 bal=-0.11 obs=304 hard=287 obsc=320 yr=  0G nz=0.04 flt=0.06 dmap=+0/-0 shz=4.0 plan=30 cmd=(lx=+0.00,ly=+0.00,rx=-0.45)
  t=144.2 AGR-ENG-T pos=(-4.88,+2.43) yaw=-104.0 d=6.15 goal_err=+86 carrot_err= +61 c0=0.44 clear=0.29 prog=0.00 rel=0.95 bal=-0.11 obs=304 hard=287 obsc=320 yr=  0G nz=0.04 flt=0.07 dmap=+0/-0 shz=4.0 plan=30 cmd=(lx=+0.00,ly=+0.00,rx=-0.45)
  t=144.7 AGR-ENG-T pos=(-4.88,+2.43) yaw=-104.0 d=6.15 goal_err=+86 carrot_err= +61 c0=0.44 clear=0.29 prog=0.00 rel=0.97 bal=-0.11 obs=304 hard=287 obsc=320 yr=  0G nz=0.02 flt=0.06 dmap=+0/-0 shz=4.0 plan=30 cmd=(lx=+0.00,ly=+0.00,rx=-0.45)
  t=145.1 AGR-ENG-T pos=(-4.88,+2.43) yaw=-104.0 d=6.15 goal_err=+86 carrot_err= +61 c0=0.44 clear=0.29 prog=0.00 rel=0.97 bal=-0.11 obs=304 hard=287 obsc=320 yr=  0G nz=0.02 flt=0.07 dmap=+0/-0 shz=4.0 plan=30 cmd=(lx=+0.00,ly=+0.00,rx=-0.45)
  t=145.5 AGR-ENG-T pos=(-4.88,+2.43) yaw=-104.0 d=6.15 goal_err=+86 carrot_err= +61 c0=0.44 clear=0.29 prog=0.00 rel=0.98 bal=-0.11 obs=304 hard=287 obsc=320 yr=  0G nz=0.02 flt=0.05 dmap=+0/-0 shz=4.0 plan=30 cmd=(lx=+0.00,ly=+0.00,rx=-0.45)
  t=145.9 AGR-ENG-T pos=(-4.88,+2.43) yaw=-104.0 d=6.15 goal_err=+86 carrot_err= +61 c0=0.44 clear=0.29 prog=0.00 rel=0.98 bal=-0.11 obs=304 hard=287 obsc=320 yr=  0G nz=0.02 flt=0.04 dmap=+0/-0 shz=4.0 plan=30 cmd=(lx=+0.00,ly=+0.00,rx=-0.45)
  t=146.4 AGR-ENG-T pos=(-4.88,+2.43) yaw=-104.0 d=6.15 goal_err=+86 carrot_err= +61 c0=0.44 clear=0.29 prog=0.00 rel=0.98 bal=-0.11 obs=304 hard=287 obsc=320 yr=  0G nz=0.02 flt=0.04 dmap=+0/-0 shz=4.0 plan=30 cmd=(lx=+0.00,ly=+0.00,rx=-0.45)
  t=146.8 AGR-ENG-T pos=(-4.88,+2.43) yaw=-104.0 d=6.15 goal_err=+86 carrot_err= +61 c0=0.44 clear=0.29 prog=0.00 rel=0.97 bal=-0.11 obs=304 hard=287 obsc=320 yr=  0G nz=0.02 flt=0.05 dmap=+0/-0 shz=4.0 plan=30 cmd=(lx=+0.00,ly=+0.00,rx=-0.45)
  [META-SM] ASISTENCIA: parado esperando al humano ('m <cm>' en el marcador)
  t=147.2 AGR-ENG-T pos=(-4.88,+2.43) yaw=-104.0 d=6.15 goal_err=+86 carrot_err= +61 c0=0.44 clear=0.29 prog=0.00 rel=0.98 bal=-0.11 obs=304 hard=287 obsc=320 yr=  0G nz=0.02 flt=0.05 dmap=+0/-0 shz=4.0 plan=30 cmd=(lx=+0.00,ly=+0.00,rx=-0.45)
  [META-SM] ASISTENCIA: parado esperando al humano ('m <cm>' en el marcador)
  [META-SM] ASISTENCIA: parado esperando al humano ('m <cm>' en el marcador)
  [META-SM] ASISTENCIA: parado esperando al humano ('m <cm>' en el marcador)
  [META-SM] ASISTENCIA: parado esperando al humano ('m <cm>' en el marcador)

  DESATASCO #10 en (-4.88,+2.43).
  t=147.7 AGR-BRK-TR pos=(-4.88,+2.43) yaw=-104.0 d=6.15 goal_err=+86 carrot_err= +61 c0=0.44 clear=0.29 prog=0.00 rel=0.97 bal=-0.11 obs=304 hard=287 obsc=320 yr=  0G nz=0.03 flt=0.02 dmap=+0/-0 shz=4.0 plan=0 cmd=(lx=+0.00,ly=+0.00,rx=+0.45)
  [META-SM] ASISTENCIA: parado esperando al humano ('m <cm>' en el marcador)
  [META-SM] ASISTENCIA: parado esperando al humano ('m <cm>' en el marcador)
  [META-SM] ASISTENCIA: parado esperando al humano ('m <cm>' en el marcador)
  [META-SM] ASISTENCIA: parado esperando al humano ('m <cm>' en el marcador)
  t=148.1 AGR-BRK-TR pos=(-4.88,+2.43) yaw=-104.0 d=6.15 goal_err=+86 carrot_err= +61 c0=0.44 clear=0.29 prog=0.00 rel=0.97 bal=-0.11 obs=304 hard=287 obsc=320 yr=  0G nz=0.03 flt=0.13 dmap=+0/-0 shz=4.0 plan=0 cmd=(lx=+0.00,ly=+0.00,rx=+0.45)
  t=148.5 AGR-BRK-TR pos=(-4.88,+2.43) yaw=-104.0 d=6.15 goal_err=+86 carrot_err= +61 c0=0.44 clear=0.29 prog=0.00 rel=0.96 bal=-0.11 obs=304 hard=287 obsc=320 yr=  0G nz=0.04 flt=0.07 dmap=+0/-0 shz=4.0 plan=0 cmd=(lx=+0.00,ly=+0.00,rx=+0.45)
  t=148.9 AGR-BRK-TR pos=(-4.88,+2.43) yaw=-104.0 d=6.15 goal_err=+86 carrot_err= +61 c0=0.44 clear=0.29 prog=0.00 rel=0.95 bal=-0.11 obs=304 hard=287 obsc=320 yr=  0G nz=0.03 flt=0.08 dmap=+0/-0 shz=4.0 plan=0 cmd=(lx=+0.00,ly=+0.00,rx=+0.45)
  t=149.4 AGR-BRK-TR pos=(-4.88,+2.43) yaw=-104.0 d=6.15 goal_err=+86 carrot_err= +61 c0=0.44 clear=0.29 prog=0.00 rel=0.97 bal=-0.11 obs=304 hard=287 obsc=320 yr=  0G nz=0.02 flt=0.04 dmap=+0/-0 shz=4.0 plan=0 cmd=(lx=+0.00,ly=+0.00,rx=+0.45)
  t=149.8 AGR-BRK-TR pos=(-4.88,+2.43) yaw=-104.0 d=6.15 goal_err=+86 carrot_err= +61 c0=0.44 clear=0.29 prog=0.00 rel=0.98 bal=-0.11 obs=304 hard=287 obsc=320 yr=  0G nz=0.02 flt=0.01 dmap=+0/-0 shz=4.0 plan=0 cmd=(lx=+0.00,ly=+0.00,rx=+0.45)
  t=150.2 AGR-ENG-T pos=(-4.88,+2.43) yaw=-104.0 d=6.15 goal_err=+86 carrot_err= +61 c0=0.44 clear=0.29 prog=0.00 rel=0.97 bal=-0.11 obs=304 hard=287 obsc=320 yr=  0G nz=0.02 flt=0.05 dmap=+0/-0 shz=4.0 plan=30 cmd=(lx=+0.00,ly=+0.00,rx=-0.45)
  t=150.6 AGR-ENG-T pos=(-4.88,+2.43) yaw=-104.0 d=6.15 goal_err=+86 carrot_err= +61 c0=0.44 clear=0.29 prog=0.00 rel=0.97 bal=-0.11 obs=304 hard=287 obsc=320 yr=  0G nz=0.02 flt=0.05 dmap=+0/-0 shz=4.0 plan=30 cmd=(lx=+0.00,ly=+0.00,rx=-0.45)
  t=151.0 AGR-ENG-T pos=(-4.88,+2.43) yaw=-104.0 d=6.15 goal_err=+86 carrot_err= +61 c0=0.44 clear=0.29 prog=0.00 rel=0.76 bal=-0.11 obs=304 hard=287 obsc=320 yr=  0G nz=0.16 flt=0.18 dmap=+0/-0 shz=4.0 plan=30 cmd=(lx=+0.00,ly=+0.00,rx=-0.45)
  t=151.5 AGR-ENG-T pos=(-4.88,+2.43) yaw=-104.0 d=6.15 goal_err=+86 carrot_err= +61 c0=0.44 clear=0.29 prog=0.00 rel=0.76 bal=-0.11 obs=304 hard=287 obsc=320 yr=  0G nz=0.18 flt=0.12 dmap=+0/-0 shz=4.0 plan=30 cmd=(lx=+0.00,ly=+0.00,rx=-0.45)
  t=151.9 AGR-ENG-T pos=(-4.88,+2.43) yaw=-104.0 d=6.15 goal_err=+86 carrot_err= +61 c0=0.44 clear=0.29 prog=0.00 rel=0.82 bal=-0.11 obs=304 hard=287 obsc=320 yr=  0G nz=0.18 flt=0.03 dmap=+0/-0 shz=4.0 plan=30 cmd=(lx=+0.00,ly=+0.00,rx=-0.45)
  t=152.3 AGR-ENG-T pos=(-4.88,+2.43) yaw=-104.0 d=6.15 goal_err=+86 carrot_err= +61 c0=0.44 clear=0.29 prog=0.00 rel=0.81 bal=-0.11 obs=304 hard=287 obsc=320 yr=  0G nz=0.19 flt=0.06 dmap=+0/-0 shz=4.0 plan=30 cmd=(lx=+0.00,ly=+0.00,rx=-0.45)
  t=152.8 AGR-ENG-T pos=(-4.88,+2.43) yaw=-104.0 d=6.15 goal_err=+86 carrot_err= +61 c0=0.44 clear=0.29 prog=0.00 rel=0.82 bal=-0.11 obs=304 hard=287 obsc=320 yr=  0G nz=0.17 flt=0.07 dmap=+0/-0 shz=4.0 plan=30 cmd=(lx=+0.00,ly=+0.00,rx=-0.45)
  t=153.2 AGR-ENG-T pos=(-4.88,+2.43) yaw=-104.0 d=6.15 goal_err=+86 carrot_err= +61 c0=0.44 clear=0.29 prog=0.00 rel=0.98 bal=-0.11 obs=304 hard=287 obsc=320 yr=  0G nz=0.02 flt=0.06 dmap=+0/-0 shz=4.0 plan=30 cmd=(lx=+0.00,ly=+0.00,rx=-0.45)
  t=153.6 AGR-ENG-T pos=(-4.88,+2.43) yaw=-104.0 d=6.15 goal_err=+86 carrot_err= +61 c0=0.44 clear=0.29 prog=0.00 rel=0.97 bal=-0.11 obs=304 hard=287 obsc=320 yr=  0G nz=0.03 flt=0.04 dmap=+0/-0 shz=4.0 plan=30 cmd=(lx=+0.00,ly=+0.00,rx=-0.45)
  t=154.0 AGR-ENG-T pos=(-4.88,+2.43) yaw=-104.0 d=6.15 goal_err=+86 carrot_err= +61 c0=0.44 clear=0.29 prog=0.00 rel=0.95 bal=-0.11 obs=304 hard=287 obsc=320 yr=  0G nz=0.03 flt=0.08 dmap=+0/-0 shz=4.0 plan=30 cmd=(lx=+0.00,ly=+0.00,rx=-0.45)
  t=154.5 AGR-ENG-T pos=(-4.88,+2.43) yaw=-104.0 d=6.15 goal_err=+86 carrot_err= +61 c0=0.44 clear=0.29 prog=0.00 rel=0.95 bal=-0.11 obs=304 hard=287 obsc=320 yr=  0G nz=0.03 flt=0.02 dmap=+0/-0 shz=4.0 plan=30 cmd=(lx=+0.00,ly=+0.00,rx=-0.45)
  t=154.9 AGR-ENG-T pos=(-4.88,+2.43) yaw=-104.0 d=6.15 goal_err=+86 carrot_err= +61 c0=0.44 clear=0.29 prog=0.00 rel=0.96 bal=-0.11 obs=304 hard=287 obsc=320 yr=  0G nz=0.03 flt=0.06 dmap=+0/-0 shz=4.0 plan=30 cmd=(lx=+0.00,ly=+0.00,rx=-0.45)
  t=155.3 AGR-ENG-T pos=(-4.88,+2.43) yaw=-104.0 d=6.15 goal_err=+86 carrot_err= +61 c0=0.44 clear=0.29 prog=0.00 rel=0.97 bal=-0.11 obs=304 hard=287 obsc=320 yr=  0G nz=0.03 flt=0.07 dmap=+0/-0 shz=4.0 plan=30 cmd=(lx=+0.00,ly=+0.00,rx=-0.45)
  t=155.8 AGR-ENG-T pos=(-4.88,+2.43) yaw=-104.0 d=6.15 goal_err=+86 carrot_err= +61 c0=0.44 clear=0.29 prog=0.00 rel=0.98 bal=-0.11 obs=304 hard=287 obsc=320 yr=  0G nz=0.02 flt=0.08 dmap=+0/-0 shz=4.0 plan=30 cmd=(lx=+0.00,ly=+0.00,rx=-0.45)
  t=156.2 AGR-ENG-T pos=(-4.88,+2.43) yaw=-104.0 d=6.15 goal_err=+86 carrot_err= +61 c0=0.44 clear=0.29 prog=0.00 rel=0.94 bal=-0.11 obs=304 hard=287 obsc=320 yr=  0G nz=0.02 flt=0.07 dmap=+0/-0 shz=4.0 plan=30 cmd=(lx=+0.00,ly=+0.00,rx=-0.45)
  t=156.6 AGR-ENG-T pos=(-4.88,+2.43) yaw=-104.0 d=6.15 goal_err=+86 carrot_err= +61 c0=0.44 clear=0.29 prog=0.00 rel=0.96 bal=-0.11 obs=304 hard=287 obsc=320 yr=  0G nz=0.02 flt=0.07 dmap=+0/-0 shz=4.0 plan=30 cmd=(lx=+0.00,ly=+0.00,rx=-0.45)
  t=157.0 AGR-ENG-T pos=(-4.88,+2.43) yaw=-104.0 d=6.15 goal_err=+86 carrot_err= +61 c0=0.44 clear=0.29 prog=0.00 rel=0.96 bal=-0.11 obs=304 hard=287 obsc=320 yr=  0G nz=0.04 flt=0.06 dmap=+0/-0 shz=4.0 plan=30 cmd=(lx=+0.00,ly=+0.00,rx=-0.45)
  [META-SM] ASISTENCIA: parado esperando al humano ('m <cm>' en el marcador)
  [META-SM] ASISTENCIA: parado esperando al humano ('m <cm>' en el marcador)
  [META-SM] ASISTENCIA: parado esperando al humano ('m <cm>' en el marcador)
  t=157.5 AGR-ENG-T pos=(-4.88,+2.43) yaw=-104.0 d=6.15 goal_err=+86 carrot_err= +61 c0=0.44 clear=0.29 prog=0.00 rel=0.97 bal=-0.11 obs=304 hard=287 obsc=320 yr=  0G nz=0.03 flt=0.05 dmap=+0/-0 shz=4.0 plan=30 cmd=(lx=+0.00,ly=+0.00,rx=-0.45)
  [META-SM] ASISTENCIA: parado esperando al humano ('m <cm>' en el marcador)
  [META-SM] ASISTENCIA: parado esperando al humano ('m <cm>' en el marcador)
  [META-SM] ASISTENCIA: parado esperando al humano ('m <cm>' en el marcador)
  [META-SM] ASISTENCIA: parado esperando al humano ('m <cm>' en el marcador)
  t=157.9 AGR-ENG-T pos=(-4.88,+2.43) yaw=-104.0 d=6.15 goal_err=+86 carrot_err= +61 c0=0.44 clear=0.29 prog=0.00 rel=0.95 bal=-0.11 obs=304 hard=287 obsc=320 yr=  0G nz=0.03 flt=0.15 dmap=+0/-0 shz=4.0 plan=30 cmd=(lx=+0.00,ly=+0.00,rx=-0.45)
  [META-SM] ASISTENCIA: parado esperando al humano ('m <cm>' en el marcador)
  [META-SM] ASISTENCIA: parado esperando al humano ('m <cm>' en el marcador)
  t=158.3 AGR-ENG-T pos=(-4.88,+2.43) yaw=-104.0 d=6.15 goal_err=+86 carrot_err= +61 c0=0.44 clear=0.29 prog=0.00 rel=0.96 bal=-0.11 obs=304 hard=287 obsc=320 yr=  0G nz=0.03 flt=0.03 dmap=+0/-0 shz=4.0 plan=30 cmd=(lx=+0.00,ly=+0.00,rx=-0.45)
  t=158.8 AGR-ENG-T pos=(-4.88,+2.43) yaw=-104.0 d=6.15 goal_err=+86 carrot_err= +61 c0=0.44 clear=0.29 prog=0.00 rel=0.97 bal=-0.11 obs=304 hard=287 obsc=320 yr=  0G nz=0.03 flt=0.04 dmap=+0/-0 shz=4.0 plan=30 cmd=(lx=+0.00,ly=+0.00,rx=-0.45)
  t=159.2 AGR-ENG-T pos=(-4.88,+2.43) yaw=-104.0 d=6.15 goal_err=+86 carrot_err= +61 c0=0.44 clear=0.29 prog=0.00 rel=0.97 bal=-0.11 obs=304 hard=287 obsc=320 yr=  0G nz=0.03 flt=0.03 dmap=+0/-0 shz=4.0 plan=30 cmd=(lx=+0.00,ly=+0.00,rx=-0.45)
  t=159.6 AGR-ENG-T pos=(-4.88,+2.43) yaw=-104.0 d=6.15 goal_err=+86 carrot_err= +61 c0=0.44 clear=0.29 prog=0.00 rel=0.97 bal=-0.11 obs=304 hard=287 obsc=320 yr=  0G nz=0.03 flt=0.12 dmap=+0/-0 shz=4.0 plan=30 cmd=(lx=+0.00,ly=+0.00,rx=-0.45)
  t=160.0 AGR-ENG-T pos=(-4.88,+2.43) yaw=-104.0 d=6.15 goal_err=+86 carrot_err= +61 c0=0.44 clear=0.29 prog=0.00 rel=0.97 bal=-0.11 obs=304 hard=287 obsc=320 yr=  0G nz=0.02 flt=0.06 dmap=+0/-0 shz=4.0 plan=30 cmd=(lx=+0.00,ly=+0.00,rx=-0.45)
  t=160.5 AGR-ENG-T pos=(-4.88,+2.43) yaw=-104.0 d=6.15 goal_err=+86 carrot_err= +61 c0=0.44 clear=0.29 prog=0.00 rel=0.97 bal=-0.11 obs=304 hard=287 obsc=320 yr=  0G nz=0.02 flt=0.08 dmap=+0/-0 shz=4.0 plan=30 cmd=(lx=+0.00,ly=+0.00,rx=-0.45)
  t=160.9 AGR-ENG-T pos=(-4.88,+2.43) yaw=-104.0 d=6.15 goal_err=+86 carrot_err= +61 c0=0.44 clear=0.29 prog=0.00 rel=0.98 bal=-0.11 obs=304 hard=287 obsc=320 yr=  0G nz=0.02 flt=0.04 dmap=+0/-0 shz=4.0 plan=30 cmd=(lx=+0.00,ly=+0.00,rx=-0.45)

  DESATASCO #11 en (-4.88,+2.43).
  t=161.3 AGR-BRK-TR pos=(-4.88,+2.43) yaw=-104.0 d=6.15 goal_err=+86 carrot_err= +61 c0=0.44 clear=0.29 prog=0.00 rel=0.98 bal=-0.11 obs=304 hard=287 obsc=320 yr=  0G nz=0.02 flt=0.08 dmap=+0/-0 shz=4.0 plan=0 cmd=(lx=+0.00,ly=+0.00,rx=+0.45)
  t=161.8 AGR-BRK-TR pos=(-4.88,+2.43) yaw=-104.0 d=6.15 goal_err=+86 carrot_err= +61 c0=0.44 clear=0.29 prog=0.00 rel=0.97 bal=-0.11 obs=304 hard=287 obsc=320 yr=  0G nz=0.03 flt=0.05 dmap=+0/-0 shz=4.0 plan=0 cmd=(lx=+0.00,ly=+0.00,rx=+0.45)
  t=162.2 AGR-BRK-TR pos=(-4.88,+2.43) yaw=-104.0 d=6.15 goal_err=+86 carrot_err= +61 c0=0.44 clear=0.29 prog=0.00 rel=0.75 bal=-0.11 obs=304 hard=287 obsc=320 yr=  0G nz=0.16 flt=0.36 dmap=+0/-0 shz=4.0 plan=0 cmd=(lx=+0.00,ly=+0.00,rx=+0.45)
  t=162.6 AGR-BRK-TR pos=(-4.88,+2.43) yaw=-104.0 d=6.15 goal_err=+86 carrot_err= +61 c0=0.44 clear=0.29 prog=0.00 rel=0.72 bal=-0.11 obs=304 hard=287 obsc=320 yr=  0G nz=0.19 flt=0.11 dmap=+0/-0 shz=4.0 plan=0 cmd=(lx=+0.00,ly=+0.00,rx=+0.45)
  t=163.0 AGR-BRK-TR pos=(-4.88,+2.43) yaw=-104.0 d=6.15 goal_err=+86 carrot_err= +61 c0=0.44 clear=0.29 prog=0.00 rel=0.82 bal=-0.11 obs=304 hard=287 obsc=320 yr=  0G nz=0.18 flt=0.05 dmap=+0/-0 shz=4.0 plan=0 cmd=(lx=+0.00,ly=+0.00,rx=+0.45)
  t=163.4 AGR-BRK-TR pos=(-4.88,+2.43) yaw=-104.0 d=6.15 goal_err=+86 carrot_err= +61 c0=0.44 clear=0.29 prog=0.00 rel=0.80 bal=-0.11 obs=304 hard=287 obsc=320 yr=  0G nz=0.14 flt=0.17 dmap=+0/-0 shz=4.0 plan=0 cmd=(lx=+0.00,ly=+0.00,rx=+0.45)
  t=163.9 AGR-ENG-T pos=(-4.88,+2.43) yaw=-104.0 d=6.15 goal_err=+86 carrot_err= +61 c0=0.44 clear=0.29 prog=0.00 rel=0.83 bal=-0.11 obs=304 hard=287 obsc=320 yr=  0G nz=0.10 flt=0.06 dmap=+0/-0 shz=4.0 plan=30 cmd=(lx=+0.00,ly=+0.00,rx=-0.45)
  t=164.3 AGR-ENG-T pos=(-4.88,+2.43) yaw=-104.0 d=6.15 goal_err=+86 carrot_err= +61 c0=0.44 clear=0.29 prog=0.00 rel=0.84 bal=-0.11 obs=304 hard=287 obsc=320 yr=  0G nz=0.16 flt=0.06 dmap=+0/-0 shz=4.0 plan=30 cmd=(lx=+0.00,ly=+0.00,rx=-0.45)
  t=164.7 AGR-ENG-T pos=(-4.88,+2.43) yaw=-104.0 d=6.15 goal_err=+86 carrot_err= +61 c0=0.44 clear=0.29 prog=0.00 rel=0.83 bal=-0.11 obs=304 hard=287 obsc=320 yr=  0G nz=0.17 flt=0.07 dmap=+0/-0 shz=4.0 plan=30 cmd=(lx=+0.00,ly=+0.00,rx=-0.45)
  t=165.1 AGR-ENG-T pos=(-4.88,+2.43) yaw=-104.0 d=6.15 goal_err=+86 carrot_err= +61 c0=0.44 clear=0.29 prog=0.00 rel=0.84 bal=-0.11 obs=304 hard=287 obsc=320 yr=  0G nz=0.16 flt=0.08 dmap=+0/-0 shz=4.0 plan=30 cmd=(lx=+0.00,ly=+0.00,rx=-0.45)
  t=165.6 AGR-ENG-T pos=(-4.88,+2.43) yaw=-104.0 d=6.15 goal_err=+86 carrot_err= +61 c0=0.44 clear=0.29 prog=0.00 rel=0.99 bal=-0.11 obs=304 hard=287 obsc=320 yr=  0G nz=0.01 flt=0.06 dmap=+0/-0 shz=4.0 plan=30 cmd=(lx=+0.00,ly=+0.00,rx=-0.45)
  t=166.0 AGR-ENG-T pos=(-4.88,+2.43) yaw=-104.0 d=6.15 goal_err=+86 carrot_err= +61 c0=0.44 clear=0.29 prog=0.00 rel=0.98 bal=-0.11 obs=304 hard=287 obsc=320 yr=  0G nz=0.02 flt=0.08 dmap=+0/-0 shz=4.0 plan=30 cmd=(lx=+0.00,ly=+0.00,rx=-0.45)
  t=166.4 AGR-ENG-T pos=(-4.88,+2.43) yaw=-104.0 d=6.15 goal_err=+86 carrot_err= +61 c0=0.44 clear=0.29 prog=0.00 rel=0.97 bal=-0.11 obs=304 hard=287 obsc=320 yr=  0G nz=0.02 flt=0.04 dmap=+0/-0 shz=4.0 plan=30 cmd=(lx=+0.00,ly=+0.00,rx=-0.45)
  t=166.8 AGR-ENG-T pos=(-4.88,+2.43) yaw=-104.0 d=6.15 goal_err=+86 carrot_err= +61 c0=0.44 clear=0.29 prog=0.00 rel=0.95 bal=-0.11 obs=304 hard=287 obsc=320 yr=  0G nz=0.03 flt=0.05 dmap=+0/-0 shz=4.0 plan=30 cmd=(lx=+0.00,ly=+0.00,rx=-0.45)
  [META-SM] ASISTENCIA: parado esperando al humano ('m <cm>' en el marcador)
  t=167.3 AGR-ENG-T pos=(-4.88,+2.43) yaw=-104.0 d=6.15 goal_err=+86 carrot_err= +61 c0=0.44 clear=0.29 prog=0.00 rel=0.98 bal=-0.11 obs=304 hard=287 obsc=320 yr=  0G nz=0.02 flt=0.06 dmap=+0/-0 shz=4.0 plan=30 cmd=(lx=+0.00,ly=+0.00,rx=-0.45)
  [META-SM] ASISTENCIA: parado esperando al humano ('m <cm>' en el marcador)
  [META-SM] ASISTENCIA: parado esperando al humano ('m <cm>' en el marcador)
  [META-SM] ASISTENCIA: parado esperando al humano ('m <cm>' en el marcador)
  [META-SM] ASISTENCIA: parado esperando al humano ('m <cm>' en el marcador)
  t=167.7 AGR-ENG-T pos=(-4.88,+2.43) yaw=-104.0 d=6.15 goal_err=+86 carrot_err= +61 c0=0.44 clear=0.29 prog=0.00 rel=0.97 bal=-0.11 obs=304 hard=287 obsc=320 yr=  0G nz=0.02 flt=0.08 dmap=+0/-0 shz=4.0 plan=30 cmd=(lx=+0.00,ly=+0.00,rx=-0.45)
  [META-SM] ASISTENCIA: parado esperando al humano ('m <cm>' en el marcador)
  [META-SM] ASISTENCIA: parado esperando al humano ('m <cm>' en el marcador)
  [META-SM] ASISTENCIA: parado esperando al humano ('m <cm>' en el marcador)
  [META-SM] ASISTENCIA: parado esperando al humano ('m <cm>' en el marcador)
  t=168.1 AGR-ENG-T pos=(-4.88,+2.43) yaw=-104.0 d=6.15 goal_err=+86 carrot_err= +61 c0=0.44 clear=0.29 prog=0.00 rel=0.99 bal=-0.11 obs=304 hard=287 obsc=320 yr=  0G nz=0.01 flt=0.04 dmap=+0/-0 shz=4.0 plan=30 cmd=(lx=+0.00,ly=+0.00,rx=-0.45)
  t=168.5 AGR-ENG-T pos=(-4.88,+2.43) yaw=-104.0 d=6.15 goal_err=+86 carrot_err= +61 c0=0.44 clear=0.29 prog=0.00 rel=0.98 bal=-0.11 obs=304 hard=287 obsc=320 yr=  0G nz=0.02 flt=0.07 dmap=+0/-0 shz=4.0 plan=30 cmd=(lx=+0.00,ly=+0.00,rx=-0.45)
  t=169.0 AGR-ENG-T pos=(-4.88,+2.43) yaw=-104.0 d=6.15 goal_err=+86 carrot_err= +61 c0=0.44 clear=0.29 prog=0.00 rel=0.96 bal=-0.11 obs=304 hard=287 obsc=320 yr=  0G nz=0.04 flt=0.11 dmap=+0/-0 shz=4.0 plan=30 cmd=(lx=+0.00,ly=+0.00,rx=-0.45)
  t=169.4 AGR-ENG-T pos=(-4.88,+2.43) yaw=-104.0 d=6.15 goal_err=+86 carrot_err= +61 c0=0.44 clear=0.29 prog=0.00 rel=0.97 bal=-0.11 obs=304 hard=287 obsc=320 yr=  0G nz=0.03 flt=0.04 dmap=+0/-0 shz=4.0 plan=30 cmd=(lx=+0.00,ly=+0.00,rx=-0.45)
  t=169.8 AGR-ENG-T pos=(-4.88,+2.43) yaw=-104.0 d=6.15 goal_err=+86 carrot_err= +61 c0=0.44 clear=0.29 prog=0.00 rel=0.74 bal=-0.11 obs=304 hard=287 obsc=320 yr=  0G nz=0.16 flt=0.35 dmap=+0/-0 shz=4.0 plan=30 cmd=(lx=+0.00,ly=+0.00,rx=-0.45)
  t=170.2 AGR-ENG-T pos=(-4.88,+2.43) yaw=-104.0 d=6.15 goal_err=+86 carrot_err= +61 c0=0.44 clear=0.29 prog=0.00 rel=0.73 bal=-0.11 obs=304 hard=287 obsc=320 yr=  0G nz=0.19 flt=0.10 dmap=+0/-0 shz=4.0 plan=30 cmd=(lx=+0.00,ly=+0.00,rx=-0.45)
  t=170.7 AGR-ENG-T pos=(-4.88,+2.43) yaw=-104.0 d=6.15 goal_err=+86 carrot_err= +61 c0=0.44 clear=0.29 prog=0.00 rel=0.81 bal=-0.11 obs=304 hard=287 obsc=320 yr=  0G nz=0.17 flt=0.09 dmap=+0/-0 shz=4.0 plan=30 cmd=(lx=+0.00,ly=+0.00,rx=-0.45)
  t=171.1 AGR-ENG-T pos=(-4.88,+2.43) yaw=-104.0 d=6.15 goal_err=+86 carrot_err= +61 c0=0.44 clear=0.29 prog=0.00 rel=0.83 bal=-0.11 obs=304 hard=287 obsc=320 yr=  0G nz=0.17 flt=0.06 dmap=+0/-0 shz=4.0 plan=30 cmd=(lx=+0.00,ly=+0.00,rx=-0.45)
  t=171.5 AGR-ENG-T pos=(-4.88,+2.43) yaw=-104.0 d=6.15 goal_err=+86 carrot_err= +61 c0=0.44 clear=0.29 prog=0.00 rel=0.83 bal=-0.11 obs=304 hard=287 obsc=320 yr=  0G nz=0.17 flt=0.03 dmap=+0/-0 shz=4.0 plan=30 cmd=(lx=+0.00,ly=+0.00,rx=-0.45)
  t=171.9 AGR-ENG-T pos=(-4.88,+2.43) yaw=-104.0 d=6.15 goal_err=+86 carrot_err= +61 c0=0.44 clear=0.29 prog=0.00 rel=0.87 bal=-0.11 obs=304 hard=287 obsc=320 yr=  0G nz=0.13 flt=0.08 dmap=+0/-0 shz=4.0 plan=30 cmd=(lx=+0.00,ly=+0.00,rx=-0.45)
  t=172.4 AGR-ENG-T pos=(-4.88,+2.43) yaw=-104.0 d=6.15 goal_err=+86 carrot_err= +61 c0=0.44 clear=0.29 prog=0.00 rel=0.99 bal=-0.11 obs=304 hard=287 obsc=320 yr=  0G nz=0.01 flt=0.00 dmap=+0/-0 shz=4.0 plan=30 cmd=(lx=+0.00,ly=+0.00,rx=-0.45)
  t=172.8 AGR-ENG-T pos=(-4.88,+2.43) yaw=-104.0 d=6.15 goal_err=+86 carrot_err= +61 c0=0.44 clear=0.29 prog=0.00 rel=0.97 bal=-0.11 obs=304 hard=287 obsc=320 yr=  0G nz=0.01 flt=0.06 dmap=+0/-0 shz=4.0 plan=30 cmd=(lx=+0.00,ly=+0.00,rx=-0.45)
  t=173.2 AGR-ENG-T pos=(-4.88,+2.43) yaw=-104.0 d=6.15 goal_err=+86 carrot_err= +61 c0=0.44 clear=0.29 prog=0.00 rel=0.99 bal=-0.11 obs=304 hard=287 obsc=320 yr=  0G nz=0.01 flt=0.07 dmap=+0/-0 shz=4.0 plan=30 cmd=(lx=+0.00,ly=+0.00,rx=-0.45)
  t=173.6 AGR-ENG-T pos=(-4.88,+2.43) yaw=-104.0 d=6.15 goal_err=+86 carrot_err= +61 c0=0.44 clear=0.29 prog=0.00 rel=0.98 bal=-0.11 obs=304 hard=287 obsc=320 yr=  0G nz=0.01 flt=0.05 dmap=+0/-0 shz=4.0 plan=30 cmd=(lx=+0.00,ly=+0.00,rx=-0.45)
  t=174.1 AGR-ENG-T pos=(-4.88,+2.43) yaw=-104.0 d=6.15 goal_err=+86 carrot_err= +61 c0=0.44 clear=0.29 prog=0.00 rel=0.78 bal=-0.11 obs=304 hard=287 obsc=320 yr=  0G nz=0.16 flt=0.28 dmap=+0/-0 shz=4.0 plan=30 cmd=(lx=+0.00,ly=+0.00,rx=-0.45)

  DESATASCO #12 en (-4.88,+2.43).
  t=174.5 AGR-BRK-TR pos=(-4.88,+2.43) yaw=-104.0 d=6.15 goal_err=+86 carrot_err= +61 c0=0.44 clear=0.29 prog=0.00 rel=0.73 bal=-0.11 obs=304 hard=287 obsc=320 yr=  0G nz=0.18 flt=0.16 dmap=+0/-0 shz=4.0 plan=0 cmd=(lx=+0.00,ly=+0.00,rx=+0.45)
  t=174.9 AGR-BRK-TR pos=(-4.88,+2.43) yaw=-104.0 d=6.15 goal_err=+86 carrot_err= +61 c0=0.44 clear=0.29 prog=0.00 rel=0.82 bal=-0.11 obs=304 hard=287 obsc=320 yr=  0G nz=0.18 flt=0.03 dmap=+0/-0 shz=4.0 plan=0 cmd=(lx=+0.00,ly=+0.00,rx=+0.45)
  t=175.4 AGR-BRK-TR pos=(-4.88,+2.43) yaw=-104.0 d=6.15 goal_err=+86 carrot_err= +61 c0=0.44 clear=0.29 prog=0.00 rel=0.82 bal=-0.11 obs=304 hard=287 obsc=320 yr=  0G nz=0.18 flt=0.05 dmap=+0/-0 shz=4.0 plan=0 cmd=(lx=+0.00,ly=+0.00,rx=+0.45)
  t=175.8 AGR-BRK-TR pos=(-4.88,+2.43) yaw=-104.0 d=6.15 goal_err=+86 carrot_err= +61 c0=0.44 clear=0.29 prog=0.00 rel=0.84 bal=-0.11 obs=304 hard=287 obsc=320 yr=  0G nz=0.16 flt=0.02 dmap=+0/-0 shz=4.0 plan=0 cmd=(lx=+0.00,ly=+0.00,rx=+0.45)
  t=176.2 AGR-BRK-TR pos=(-4.88,+2.43) yaw=-104.0 d=6.15 goal_err=+86 carrot_err= +61 c0=0.44 clear=0.29 prog=0.00 rel=0.97 bal=-0.11 obs=304 hard=287 obsc=320 yr=  0G nz=0.03 flt=0.07 dmap=+0/-0 shz=4.0 plan=0 cmd=(lx=+0.00,ly=+0.00,rx=+0.45)
  t=176.6 AGR-BRK-TR pos=(-4.88,+2.43) yaw=-104.0 d=6.15 goal_err=+86 carrot_err= +61 c0=0.44 clear=0.29 prog=0.00 rel=0.97 bal=-0.11 obs=304 hard=287 obsc=320 yr=  0G nz=0.03 flt=0.08 dmap=+0/-0 shz=4.0 plan=0 cmd=(lx=+0.00,ly=+0.00,rx=+0.45)
  t=177.1 AGR-ENG-T pos=(-4.88,+2.43) yaw=-104.0 d=6.15 goal_err=+86 carrot_err= +61 c0=0.44 clear=0.29 prog=0.00 rel=0.97 bal=-0.11 obs=304 hard=287 obsc=320 yr=  0G nz=0.03 flt=0.04 dmap=+0/-0 shz=4.0 plan=30 cmd=(lx=+0.00,ly=+0.00,rx=-0.45)
  [META-SM] ASISTENCIA: parado esperando al humano ('m <cm>' en el marcador)
  [META-SM] ASISTENCIA: parado esperando al humano ('m <cm>' en el marcador)
  [META-SM] ASISTENCIA: parado esperando al humano ('m <cm>' en el marcador)
  [META-SM] ASISTENCIA: parado esperando al humano ('m <cm>' en el marcador)
  t=177.5 AGR-ENG-T pos=(-4.88,+2.43) yaw=-104.0 d=6.15 goal_err=+86 carrot_err= +61 c0=0.44 clear=0.29 prog=0.00 rel=0.96 bal=-0.11 obs=304 hard=287 obsc=320 yr=  0G nz=0.04 flt=0.07 dmap=+0/-0 shz=4.0 plan=30 cmd=(lx=+0.00,ly=+0.00,rx=-0.45)
  [META-SM] ASISTENCIA: parado esperando al humano ('m <cm>' en el marcador)
  [META-SM] ASISTENCIA: parado esperando al humano ('m <cm>' en el marcador)
  [META-SM] ASISTENCIA: parado esperando al humano ('m <cm>' en el marcador)
  [META-SM] ASISTENCIA: parado esperando al humano ('m <cm>' en el marcador)
  t=177.9 AGR-ENG-T pos=(-4.88,+2.43) yaw=-104.0 d=6.15 goal_err=+86 carrot_err= +61 c0=0.44 clear=0.29 prog=0.00 rel=0.97 bal=-0.11 obs=304 hard=287 obsc=320 yr=  0G nz=0.03 flt=0.07 dmap=+0/-0 shz=4.0 plan=30 cmd=(lx=+0.00,ly=+0.00,rx=-0.45)
  [META-SM] ASISTENCIA: parado esperando al humano ('m <cm>' en el marcador)
  [META-SM] ASISTENCIA: parado esperando al humano ('m <cm>' en el marcador)
  t=178.3 AGR-ENG-T pos=(-4.88,+2.43) yaw=-104.0 d=6.15 goal_err=+86 carrot_err= +61 c0=0.44 clear=0.29 prog=0.00 rel=0.97 bal=-0.11 obs=304 hard=287 obsc=320 yr=  0G nz=0.03 flt=0.07 dmap=+0/-0 shz=4.0 plan=30 cmd=(lx=+0.00,ly=+0.00,rx=-0.45)
  t=178.8 AGR-ENG-T pos=(-4.88,+2.43) yaw=-104.0 d=6.15 goal_err=+86 carrot_err= +61 c0=0.44 clear=0.29 prog=0.00 rel=0.97 bal=-0.11 obs=304 hard=287 obsc=320 yr=  0G nz=0.03 flt=0.07 dmap=+0/-0 shz=4.0 plan=30 cmd=(lx=+0.00,ly=+0.00,rx=-0.45)
  t=179.2 AGR-ENG-T pos=(-4.88,+2.43) yaw=-104.0 d=6.15 goal_err=+86 carrot_err= +61 c0=0.44 clear=0.29 prog=0.00 rel=0.97 bal=-0.11 obs=304 hard=287 obsc=320 yr=  0G nz=0.02 flt=0.10 dmap=+0/-0 shz=4.0 plan=30 cmd=(lx=+0.00,ly=+0.00,rx=-0.45)
  t=179.6 AGR-ENG-T pos=(-4.88,+2.43) yaw=-104.0 d=6.15 goal_err=+86 carrot_err= +61 c0=0.44 clear=0.29 prog=0.00 rel=0.95 bal=-0.11 obs=304 hard=287 obsc=320 yr=  0G nz=0.04 flt=0.10 dmap=+0/-0 shz=4.0 plan=30 cmd=(lx=+0.00,ly=+0.00,rx=-0.45)
  t=180.1 AGR-ENG-T pos=(-4.88,+2.43) yaw=-104.0 d=6.15 goal_err=+86 carrot_err= +61 c0=0.44 clear=0.29 prog=0.00 rel=0.95 bal=-0.11 obs=304 hard=287 obsc=320 yr=  0G nz=0.03 flt=0.12 dmap=+0/-0 shz=4.0 plan=30 cmd=(lx=+0.00,ly=+0.00,rx=-0.45)
  t=180.5 AGR-ENG-T pos=(-4.88,+2.43) yaw=-104.0 d=6.15 goal_err=+86 carrot_err= +61 c0=0.44 clear=0.29 prog=0.00 rel=0.95 bal=-0.11 obs=304 hard=287 obsc=320 yr=  0G nz=0.03 flt=0.04 dmap=+0/-0 shz=4.0 plan=30 cmd=(lx=+0.00,ly=+0.00,rx=-0.45)
  t=180.9 AGR-ENG-T pos=(-4.88,+2.43) yaw=-104.0 d=6.15 goal_err=+86 carrot_err= +61 c0=0.44 clear=0.29 prog=0.00 rel=0.98 bal=-0.11 obs=304 hard=287 obsc=320 yr=  0G nz=0.02 flt=0.02 dmap=+0/-0 shz=4.0 plan=30 cmd=(lx=+0.00,ly=+0.00,rx=-0.45)
  t=181.3 AGR-ENG-T pos=(-4.88,+2.43) yaw=-104.0 d=6.15 goal_err=+86 carrot_err= +61 c0=0.44 clear=0.29 prog=0.00 rel=0.97 bal=-0.11 obs=304 hard=287 obsc=320 yr=  0G nz=0.03 flt=0.03 dmap=+0/-0 shz=4.0 plan=30 cmd=(lx=+0.00,ly=+0.00,rx=-0.45)
  t=181.7 AGR-ENG-T pos=(-4.88,+2.43) yaw=-104.0 d=6.15 goal_err=+86 carrot_err= +61 c0=0.44 clear=0.29 prog=0.00 rel=0.97 bal=-0.11 obs=304 hard=287 obsc=320 yr=  0G nz=0.03 flt=0.06 dmap=+0/-0 shz=4.0 plan=30 cmd=(lx=+0.00,ly=+0.00,rx=-0.45)
  t=182.2 AGR-ENG-T pos=(-4.88,+2.43) yaw=-104.0 d=6.15 goal_err=+86 carrot_err= +61 c0=0.44 clear=0.29 prog=0.00 rel=0.96 bal=-0.11 obs=304 hard=287 obsc=320 yr=  0G nz=0.03 flt=0.06 dmap=+0/-0 shz=4.0 plan=30 cmd=(lx=+0.00,ly=+0.00,rx=-0.45)
  t=182.6 AGR-ENG-T pos=(-4.88,+2.43) yaw=-104.0 d=6.15 goal_err=+86 carrot_err= +61 c0=0.44 clear=0.29 prog=0.00 rel=0.96 bal=-0.11 obs=304 hard=287 obsc=320 yr=  0G nz=0.02 flt=0.07 dmap=+0/-0 shz=4.0 plan=30 cmd=(lx=+0.00,ly=+0.00,rx=-0.45)
  t=183.0 AGR-ENG-T pos=(-4.88,+2.43) yaw=-104.0 d=6.15 goal_err=+86 carrot_err= +61 c0=0.44 clear=0.29 prog=0.00 rel=0.96 bal=-0.11 obs=304 hard=287 obsc=320 yr=  0G nz=0.03 flt=0.03 dmap=+0/-0 shz=4.0 plan=30 cmd=(lx=+0.00,ly=+0.00,rx=-0.45)
  t=183.4 AGR-ENG-T pos=(-4.88,+2.43) yaw=-104.0 d=6.15 goal_err=+86 carrot_err= +61 c0=0.44 clear=0.29 prog=0.00 rel=0.98 bal=-0.11 obs=304 hard=287 obsc=320 yr=  0G nz=0.02 flt=0.08 dmap=+0/-0 shz=4.0 plan=30 cmd=(lx=+0.00,ly=+0.00,rx=-0.45)
  t=183.9 AGR-ENG-T pos=(-4.88,+2.43) yaw=-104.0 d=6.15 goal_err=+86 carrot_err= +61 c0=0.44 clear=0.29 prog=0.00 rel=0.98 bal=-0.11 obs=304 hard=287 obsc=320 yr=  0G nz=0.02 flt=0.06 dmap=+0/-0 shz=4.0 plan=30 cmd=(lx=+0.00,ly=+0.00,rx=-0.45)
  t=184.3 AGR-ENG-T pos=(-4.88,+2.43) yaw=-104.0 d=6.15 goal_err=+86 carrot_err= +61 c0=0.44 clear=0.29 prog=0.00 rel=0.80 bal=-0.11 obs=304 hard=287 obsc=320 yr=  0G nz=0.14 flt=0.23 dmap=+0/-0 shz=3.9 plan=30 cmd=(lx=+0.00,ly=+0.00,rx=-0.45)
  t=184.7 AGR-ENG-T pos=(-4.88,+2.43) yaw=-104.0 d=6.15 goal_err=+86 carrot_err= +61 c0=0.44 clear=0.29 prog=0.00 rel=0.74 bal=-0.11 obs=304 hard=287 obsc=320 yr=  0G nz=0.18 flt=0.08 dmap=+0/-0 shz=4.0 plan=30 cmd=(lx=+0.00,ly=+0.00,rx=-0.45)
  t=185.1 AGR-ENG-T pos=(-4.88,+2.43) yaw=-104.0 d=6.15 goal_err=+86 carrot_err= +61 c0=0.44 clear=0.29 prog=0.00 rel=0.82 bal=-0.11 obs=304 hard=287 obsc=320 yr=  0G nz=0.18 flt=0.03 dmap=+0/-0 shz=4.0 plan=30 cmd=(lx=+0.00,ly=+0.00,rx=-0.45)
  t=185.6 AGR-ENG-T pos=(-4.88,+2.43) yaw=-104.0 d=6.15 goal_err=+86 carrot_err= +61 c0=0.44 clear=0.29 prog=0.00 rel=0.82 bal=-0.11 obs=304 hard=287 obsc=320 yr=  0G nz=0.18 flt=0.09 dmap=+0/-0 shz=4.0 plan=30 cmd=(lx=+0.00,ly=+0.00,rx=-0.45)
  t=186.0 AGR-ENG-T pos=(-4.88,+2.43) yaw=-104.0 d=6.15 goal_err=+86 carrot_err= +61 c0=0.44 clear=0.29 prog=0.00 rel=0.83 bal=-0.11 obs=304 hard=287 obsc=320 yr=  0G nz=0.17 flt=0.07 dmap=+0/-0 shz=4.0 plan=30 cmd=(lx=+0.00,ly=+0.00,rx=-0.45)
  t=186.4 AGR-ENG-T pos=(-4.88,+2.43) yaw=-104.0 d=6.15 goal_err=+86 carrot_err= +61 c0=0.44 clear=0.29 prog=0.00 rel=0.78 bal=-0.11 obs=304 hard=287 obsc=320 yr=  0G nz=0.14 flt=0.30 dmap=+0/-0 shz=4.0 plan=30 cmd=(lx=+0.00,ly=+0.00,rx=-0.45)
  t=186.8 AGR-ENG-T pos=(-4.88,+2.43) yaw=-104.0 d=6.15 goal_err=+86 carrot_err= +61 c0=0.44 clear=0.29 prog=0.00 rel=0.73 bal=-0.11 obs=304 hard=287 obsc=320 yr=  0G nz=0.16 flt=0.14 dmap=+0/-0 shz=4.0 plan=30 cmd=(lx=+0.00,ly=+0.00,rx=-0.45)
  [META-SM] ASISTENCIA: parado esperando al humano ('m <cm>' en el marcador)
  t=187.3 AGR-ENG-T pos=(-4.88,+2.43) yaw=-104.0 d=6.15 goal_err=+86 carrot_err= +61 c0=0.44 clear=0.29 prog=0.00 rel=0.83 bal=-0.11 obs=304 hard=287 obsc=320 yr=  0G nz=0.16 flt=0.08 dmap=+0/-0 shz=4.0 plan=30 cmd=(lx=+0.00,ly=+0.00,rx=-0.45)
  [META-SM] ASISTENCIA: parado esperando al humano ('m <cm>' en el marcador)
  [META-SM] ASISTENCIA: parado esperando al humano ('m <cm>' en el marcador)
  [META-SM] ASISTENCIA: parado esperando al humano ('m <cm>' en el marcador)
  [META-SM] ASISTENCIA: parado esperando al humano ('m <cm>' en el marcador)
  t=187.7 AGR-ENG-T pos=(-4.88,+2.43) yaw=-104.0 d=6.15 goal_err=+86 carrot_err= +61 c0=0.44 clear=0.29 prog=0.00 rel=0.81 bal=-0.11 obs=304 hard=287 obsc=320 yr=  0G nz=0.18 flt=0.06 dmap=+0/-0 shz=4.0 plan=30 cmd=(lx=+0.00,ly=+0.00,rx=-0.45)
  [META-SM] ASISTENCIA: parado esperando al humano ('m <cm>' en el marcador)
  [META-SM] ASISTENCIA: parado esperando al humano ('m <cm>' en el marcador)

  DESATASCO #13 en (-4.88,+2.43).
  [META-SM] ASISTENCIA: parado esperando al humano ('m <cm>' en el marcador)
  [META-SM] ASISTENCIA: parado esperando al humano ('m <cm>' en el marcador)
  t=188.1 AGR-BRK-TR pos=(-4.88,+2.43) yaw=-104.0 d=6.15 goal_err=+86 carrot_err= +61 c0=0.44 clear=0.29 prog=0.00 rel=0.85 bal=-0.11 obs=304 hard=287 obsc=320 yr=  0G nz=0.14 flt=0.05 dmap=+0/-0 shz=4.0 plan=0 cmd=(lx=+0.00,ly=+0.00,rx=+0.45)
  t=188.5 AGR-BRK-TR pos=(-4.88,+2.43) yaw=-104.0 d=6.15 goal_err=+86 carrot_err= +61 c0=0.44 clear=0.29 prog=0.00 rel=0.96 bal=-0.11 obs=304 hard=287 obsc=320 yr=  0G nz=0.02 flt=0.14 dmap=+0/-0 shz=4.0 plan=0 cmd=(lx=+0.00,ly=+0.00,rx=+0.45)
  t=189.0 AGR-BRK-TR pos=(-4.88,+2.43) yaw=-104.0 d=6.15 goal_err=+86 carrot_err= +61 c0=0.44 clear=0.29 prog=0.00 rel=0.94 bal=-0.11 obs=304 hard=287 obsc=320 yr=  0G nz=0.02 flt=0.22 dmap=+0/-0 shz=4.0 plan=0 cmd=(lx=+0.00,ly=+0.00,rx=+0.45)
  t=189.4 AGR-BRK-TR pos=(-4.88,+2.43) yaw=-104.0 d=6.15 goal_err=+86 carrot_err= +61 c0=0.44 clear=0.29 prog=0.00 rel=0.74 bal=-0.11 obs=304 hard=287 obsc=320 yr=  0G nz=0.14 flt=0.16 dmap=+0/-0 shz=4.0 plan=0 cmd=(lx=+0.00,ly=+0.00,rx=+0.45)
  t=189.8 AGR-BRK-TR pos=(-4.88,+2.43) yaw=-104.0 d=6.15 goal_err=+86 carrot_err= +61 c0=0.44 clear=0.29 prog=0.00 rel=0.79 bal=-0.11 obs=304 hard=287 obsc=320 yr=  0G nz=0.15 flt=0.17 dmap=+0/-0 shz=4.0 plan=0 cmd=(lx=+0.00,ly=+0.00,rx=+0.45)
  t=190.3 AGR-BRK-TR pos=(-4.88,+2.43) yaw=-104.0 d=6.15 goal_err=+86 carrot_err= +61 c0=0.44 clear=0.29 prog=0.00 rel=0.79 bal=-0.11 obs=304 hard=287 obsc=320 yr=  0G nz=0.17 flt=0.06 dmap=+0/-0 shz=4.0 plan=0 cmd=(lx=+0.00,ly=+0.00,rx=+0.45)
  t=190.7 AGR-ENG-T pos=(-4.88,+2.43) yaw=-104.0 d=6.15 goal_err=+86 carrot_err= +61 c0=0.44 clear=0.29 prog=0.00 rel=0.78 bal=-0.11 obs=304 hard=287 obsc=320 yr=  0G nz=0.17 flt=0.04 dmap=+0/-0 shz=4.0 plan=30 cmd=(lx=+0.00,ly=+0.00,rx=-0.45)
  t=191.1 AGR-ENG-T pos=(-4.88,+2.43) yaw=-104.0 d=6.15 goal_err=+86 carrot_err= +61 c0=0.44 clear=0.29 prog=0.00 rel=0.81 bal=-0.11 obs=304 hard=287 obsc=320 yr=  0G nz=0.13 flt=0.11 dmap=+0/-0 shz=4.0 plan=30 cmd=(lx=+0.00,ly=+0.00,rx=-0.45)
  t=191.5 AGR-ENG-T pos=(-4.88,+2.43) yaw=-104.0 d=6.15 goal_err=+86 carrot_err= +61 c0=0.44 clear=0.29 prog=0.00 rel=0.93 bal=-0.11 obs=304 hard=287 obsc=320 yr=  0G nz=0.02 flt=0.05 dmap=+0/-0 shz=4.0 plan=30 cmd=(lx=+0.00,ly=+0.00,rx=-0.45)
  t=192.0 AGR-ENG-T pos=(-4.88,+2.43) yaw=-104.0 d=6.15 goal_err=+86 carrot_err= +61 c0=0.44 clear=0.29 prog=0.00 rel=0.94 bal=-0.11 obs=304 hard=287 obsc=320 yr=  0G nz=0.02 flt=0.04 dmap=+0/-0 shz=4.0 plan=30 cmd=(lx=+0.00,ly=+0.00,rx=-0.45)
  t=192.4 AGR-ENG-T pos=(-4.88,+2.43) yaw=-104.0 d=6.15 goal_err=+86 carrot_err= +61 c0=0.44 clear=0.29 prog=0.00 rel=0.96 bal=-0.11 obs=304 hard=287 obsc=320 yr=  0G nz=0.03 flt=0.04 dmap=+0/-0 shz=4.0 plan=30 cmd=(lx=+0.00,ly=+0.00,rx=-0.45)
  t=192.8 AGR-ENG-T pos=(-4.88,+2.43) yaw=-104.0 d=6.15 goal_err=+86 carrot_err= +61 c0=0.44 clear=0.29 prog=0.00 rel=0.95 bal=-0.11 obs=304 hard=287 obsc=320 yr=  0G nz=0.03 flt=0.04 dmap=+0/-0 shz=4.0 plan=30 cmd=(lx=+0.00,ly=+0.00,rx=-0.45)
  t=193.3 AGR-ENG-T pos=(-4.88,+2.43) yaw=-104.0 d=6.15 goal_err=+86 carrot_err= +61 c0=0.44 clear=0.29 prog=0.00 rel=0.97 bal=-0.11 obs=304 hard=287 obsc=320 yr=  0G nz=0.03 flt=0.03 dmap=+0/-0 shz=4.0 plan=30 cmd=(lx=+0.00,ly=+0.00,rx=-0.45)
  t=193.7 AGR-ENG-T pos=(-4.88,+2.43) yaw=-104.0 d=6.15 goal_err=+86 carrot_err= +61 c0=0.44 clear=0.29 prog=0.00 rel=0.97 bal=-0.11 obs=304 hard=287 obsc=320 yr=  0G nz=0.02 flt=0.06 dmap=+0/-0 shz=4.0 plan=30 cmd=(lx=+0.00,ly=+0.00,rx=-0.45)
  t=194.1 AGR-ENG-T pos=(-4.88,+2.43) yaw=-104.0 d=6.15 goal_err=+86 carrot_err= +61 c0=0.44 clear=0.29 prog=0.00 rel=0.98 bal=-0.11 obs=304 hard=287 obsc=320 yr=  0G nz=0.02 flt=0.10 dmap=+0/-0 shz=4.0 plan=30 cmd=(lx=+0.00,ly=+0.00,rx=-0.45)
  t=194.5 AGR-ENG-T pos=(-4.88,+2.43) yaw=-104.0 d=6.15 goal_err=+86 carrot_err= +61 c0=0.44 clear=0.29 prog=0.00 rel=0.97 bal=-0.11 obs=304 hard=287 obsc=320 yr=  0G nz=0.02 flt=0.06 dmap=+0/-0 shz=4.0 plan=30 cmd=(lx=+0.00,ly=+0.00,rx=-0.45)
  t=195.0 AGR-ENG-T pos=(-4.88,+2.43) yaw=-104.0 d=6.15 goal_err=+86 carrot_err= +61 c0=0.44 clear=0.29 prog=0.00 rel=0.97 bal=-0.11 obs=304 hard=287 obsc=320 yr=  0G nz=0.03 flt=0.08 dmap=+0/-0 shz=4.0 plan=30 cmd=(lx=+0.00,ly=+0.00,rx=-0.45)
  t=195.4 AGR-ENG-T pos=(-4.88,+2.43) yaw=-104.0 d=6.15 goal_err=+86 carrot_err= +61 c0=0.44 clear=0.29 prog=0.00 rel=0.93 bal=-0.11 obs=304 hard=287 obsc=320 yr=  0G nz=0.03 flt=0.05 dmap=+0/-0 shz=4.0 plan=30 cmd=(lx=+0.00,ly=+0.00,rx=-0.45)
  t=195.8 AGR-ENG-T pos=(-4.88,+2.43) yaw=-104.0 d=6.15 goal_err=+86 carrot_err= +61 c0=0.44 clear=0.29 prog=0.00 rel=0.93 bal=-0.11 obs=304 hard=287 obsc=320 yr=  0G nz=0.03 flt=0.13 dmap=+0/-0 shz=4.0 plan=30 cmd=(lx=+0.00,ly=+0.00,rx=-0.45)
  t=196.3 AGR-ENG-T pos=(-4.88,+2.43) yaw=-104.0 d=6.15 goal_err=+86 carrot_err= +61 c0=0.44 clear=0.29 prog=0.00 rel=0.90 bal=-0.11 obs=304 hard=287 obsc=320 yr=  0G nz=0.04 flt=0.06 dmap=+0/-0 shz=4.0 plan=30 cmd=(lx=+0.00,ly=+0.00,rx=-0.45)
  t=196.7 AGR-ENG-T pos=(-4.88,+2.43) yaw=-104.0 d=6.15 goal_err=+86 carrot_err= +61 c0=0.44 clear=0.29 prog=0.00 rel=0.88 bal=-0.11 obs=304 hard=287 obsc=320 yr=  0G nz=0.04 flt=0.08 dmap=+0/-0 shz=4.0 plan=30 cmd=(lx=+0.00,ly=+0.00,rx=-0.45)
  t=197.1 AGR-ENG-T pos=(-4.88,+2.43) yaw=-104.0 d=6.15 goal_err=+86 carrot_err= +61 c0=0.44 clear=0.29 prog=0.00 rel=0.89 bal=-0.11 obs=304 hard=287 obsc=320 yr=  0G nz=0.04 flt=0.03 dmap=+0/-0 shz=4.0 plan=30 cmd=(lx=+0.00,ly=+0.00,rx=-0.45)
  [META-SM] ASISTENCIA: parado esperando al humano ('m <cm>' en el marcador)
  [META-SM] ASISTENCIA: parado esperando al humano ('m <cm>' en el marcador)
  [META-SM] ASISTENCIA: parado esperando al humano ('m <cm>' en el marcador)
  [META-SM] ASISTENCIA: parado esperando al humano ('m <cm>' en el marcador)
  t=197.5 AGR-ENG-T pos=(-4.88,+2.43) yaw=-104.0 d=6.15 goal_err=+86 carrot_err= +61 c0=0.44 clear=0.29 prog=0.00 rel=0.94 bal=-0.11 obs=304 hard=287 obsc=320 yr=  0G nz=0.04 flt=0.03 dmap=+0/-0 shz=4.0 plan=30 cmd=(lx=+0.00,ly=+0.00,rx=-0.45)
  [META-SM] ASISTENCIA: parado esperando al humano ('m <cm>' en el marcador)
  [META-SM] ASISTENCIA: parado esperando al humano ('m <cm>' en el marcador)
  [META-SM] ASISTENCIA: parado esperando al humano ('m <cm>' en el marcador)
  [META-SM] ASISTENCIA: parado esperando al humano ('m <cm>' en el marcador)
  t=198.0 AGR-ENG-T pos=(-4.88,+2.43) yaw=-104.0 d=6.15 goal_err=+86 carrot_err= +61 c0=0.44 clear=0.29 prog=0.00 rel=0.97 bal=-0.11 obs=304 hard=287 obsc=320 yr=  0G nz=0.02 flt=0.01 dmap=+0/-0 shz=4.0 plan=30 cmd=(lx=+0.00,ly=+0.00,rx=-0.45)
  [META-SM] ASISTENCIA: parado esperando al humano ('m <cm>' en el marcador)
  t=198.4 AGR-ENG-T pos=(-4.88,+2.43) yaw=-104.0 d=6.15 goal_err=+86 carrot_err= +61 c0=0.44 clear=0.29 prog=0.00 rel=0.96 bal=-0.11 obs=304 hard=287 obsc=320 yr=  0G nz=0.04 flt=0.08 dmap=+0/-0 shz=4.0 plan=30 cmd=(lx=+0.00,ly=+0.00,rx=-0.45)
  t=198.8 AGR-ENG-T pos=(-4.88,+2.43) yaw=-104.0 d=6.15 goal_err=+86 carrot_err= +61 c0=0.44 clear=0.29 prog=0.00 rel=0.95 bal=-0.11 obs=304 hard=287 obsc=320 yr=  0G nz=0.04 flt=0.05 dmap=+0/-0 shz=4.0 plan=30 cmd=(lx=+0.00,ly=+0.00,rx=-0.45)
  t=199.2 AGR-ENG-T pos=(-4.88,+2.43) yaw=-104.0 d=6.15 goal_err=+86 carrot_err= +61 c0=0.44 clear=0.29 prog=0.00 rel=0.95 bal=-0.11 obs=304 hard=287 obsc=320 yr=  0G nz=0.04 flt=0.05 dmap=+0/-0 shz=4.0 plan=30 cmd=(lx=+0.00,ly=+0.00,rx=-0.45)
  t=199.7 AGR-ENG-T pos=(-4.88,+2.43) yaw=-104.0 d=6.15 goal_err=+86 carrot_err= +61 c0=0.44 clear=0.29 prog=0.00 rel=0.97 bal=-0.11 obs=304 hard=287 obsc=320 yr=  0G nz=0.03 flt=0.06 dmap=+0/-0 shz=4.0 plan=30 cmd=(lx=+0.00,ly=+0.00,rx=-0.45)
  t=200.1 AGR-ENG-T pos=(-4.88,+2.43) yaw=-104.0 d=6.15 goal_err=+86 carrot_err= +61 c0=0.44 clear=0.29 prog=0.00 rel=0.96 bal=-0.11 obs=304 hard=287 obsc=320 yr=  0G nz=0.03 flt=0.10 dmap=+0/-0 shz=4.0 plan=30 cmd=(lx=+0.00,ly=+0.00,rx=-0.45)
  t=200.5 AGR-ENG-T pos=(-4.88,+2.43) yaw=-104.0 d=6.15 goal_err=+86 carrot_err= +61 c0=0.44 clear=0.29 prog=0.00 rel=0.96 bal=-0.11 obs=304 hard=287 obsc=320 yr=  0G nz=0.03 flt=0.10 dmap=+0/-0 shz=4.0 plan=30 cmd=(lx=+0.00,ly=+0.00,rx=-0.45)
  t=201.0 AGR-ENG-T pos=(-4.88,+2.43) yaw=-104.0 d=6.15 goal_err=+86 carrot_err= +61 c0=0.44 clear=0.29 prog=0.00 rel=0.95 bal=-0.11 obs=304 hard=287 obsc=320 yr=  0G nz=0.03 flt=0.07 dmap=+0/-0 shz=4.0 plan=30 cmd=(lx=+0.00,ly=+0.00,rx=-0.45)

  DESATASCO #14 en (-4.88,+2.43).
  t=201.4 AGR-BRK-TR pos=(-4.88,+2.43) yaw=-104.0 d=6.15 goal_err=+86 carrot_err= +61 c0=0.44 clear=0.29 prog=0.00 rel=0.97 bal=-0.11 obs=304 hard=287 obsc=320 yr=  0G nz=0.03 flt=0.00 dmap=+0/-0 shz=4.0 plan=0 cmd=(lx=+0.00,ly=+0.00,rx=+0.45)
  t=201.8 AGR-BRK-TR pos=(-4.88,+2.43) yaw=-104.0 d=6.15 goal_err=+86 carrot_err= +61 c0=0.44 clear=0.29 prog=0.00 rel=0.75 bal=-0.11 obs=304 hard=287 obsc=320 yr=  0G nz=0.17 flt=0.21 dmap=+0/-0 shz=4.0 plan=0 cmd=(lx=+0.00,ly=+0.00,rx=+0.45)
  t=202.2 AGR-BRK-TR pos=(-4.88,+2.43) yaw=-104.0 d=6.15 goal_err=+86 carrot_err= +61 c0=0.44 clear=0.29 prog=0.00 rel=0.73 bal=-0.11 obs=304 hard=287 obsc=320 yr=  0G nz=0.18 flt=0.14 dmap=+0/-0 shz=4.0 plan=0 cmd=(lx=+0.00,ly=+0.00,rx=+0.45)
  t=202.7 AGR-BRK-TR pos=(-4.88,+2.43) yaw=-104.0 d=6.15 goal_err=+86 carrot_err= +61 c0=0.44 clear=0.29 prog=0.00 rel=0.81 bal=-0.11 obs=304 hard=287 obsc=320 yr=  0G nz=0.18 flt=0.03 dmap=+0/-0 shz=4.0 plan=0 cmd=(lx=+0.00,ly=+0.00,rx=+0.45)
  t=203.1 AGR-BRK-TR pos=(-4.88,+2.43) yaw=-104.0 d=6.15 goal_err=+86 carrot_err= +61 c0=0.44 clear=0.29 prog=0.00 rel=0.80 bal=-0.11 obs=304 hard=287 obsc=320 yr=  0G nz=0.19 flt=0.07 dmap=+0/-0 shz=4.0 plan=0 cmd=(lx=+0.00,ly=+0.00,rx=+0.45)
  t=203.5 AGR-BRK-TR pos=(-4.88,+2.43) yaw=-104.0 d=6.15 goal_err=+86 carrot_err= +61 c0=0.44 clear=0.29 prog=0.00 rel=0.83 bal=-0.11 obs=304 hard=287 obsc=320 yr=  0G nz=0.15 flt=0.09 dmap=+0/-0 shz=4.0 plan=0 cmd=(lx=+0.00,ly=+0.00,rx=+0.45)
  t=204.0 AGR-ENG-T pos=(-4.88,+2.43) yaw=-104.0 d=6.15 goal_err=+86 carrot_err= +61 c0=0.44 clear=0.29 prog=0.00 rel=0.98 bal=-0.11 obs=304 hard=287 obsc=320 yr=  0G nz=0.01 flt=0.05 dmap=+0/-0 shz=4.0 plan=30 cmd=(lx=+0.00,ly=+0.00,rx=-0.45)
  t=204.4 AGR-ENG-T pos=(-4.88,+2.43) yaw=-104.0 d=6.15 goal_err=+86 carrot_err= +61 c0=0.44 clear=0.29 prog=0.00 rel=0.96 bal=-0.11 obs=304 hard=287 obsc=320 yr=  0G nz=0.02 flt=0.05 dmap=+0/-0 shz=4.0 plan=30 cmd=(lx=+0.00,ly=+0.00,rx=-0.45)
  t=204.8 AGR-ENG-T pos=(-4.88,+2.43) yaw=-104.0 d=6.15 goal_err=+86 carrot_err= +61 c0=0.44 clear=0.29 prog=0.00 rel=0.76 bal=-0.11 obs=304 hard=287 obsc=320 yr=  0G nz=0.14 flt=0.21 dmap=+0/-0 shz=4.0 plan=30 cmd=(lx=+0.00,ly=+0.00,rx=-0.45)
  t=205.2 AGR-ENG-T pos=(-4.88,+2.43) yaw=-104.0 d=6.15 goal_err=+86 carrot_err= +61 c0=0.44 clear=0.29 prog=0.00 rel=0.75 bal=-0.11 obs=304 hard=287 obsc=320 yr=  0G nz=0.18 flt=0.10 dmap=+0/-0 shz=4.0 plan=30 cmd=(lx=+0.00,ly=+0.00,rx=-0.45)
  t=205.7 AGR-ENG-T pos=(-4.88,+2.43) yaw=-104.0 d=6.15 goal_err=+86 carrot_err= +61 c0=0.44 clear=0.29 prog=0.00 rel=0.82 bal=-0.11 obs=304 hard=287 obsc=320 yr=  0G nz=0.18 flt=0.04 dmap=+0/-0 shz=3.9 plan=30 cmd=(lx=+0.00,ly=+0.00,rx=-0.45)
  t=206.1 AGR-ENG-T pos=(-4.88,+2.43) yaw=-104.0 d=6.15 goal_err=+86 carrot_err= +61 c0=0.44 clear=0.29 prog=0.00 rel=0.83 bal=-0.11 obs=304 hard=287 obsc=320 yr=  0G nz=0.17 flt=0.08 dmap=+0/-0 shz=4.0 plan=30 cmd=(lx=+0.00,ly=+0.00,rx=-0.45)
  t=206.5 AGR-ENG-T pos=(-4.88,+2.43) yaw=-104.0 d=6.15 goal_err=+86 carrot_err= +61 c0=0.44 clear=0.29 prog=0.00 rel=0.86 bal=-0.11 obs=304 hard=287 obsc=320 yr=  0G nz=0.14 flt=0.03 dmap=+0/-0 shz=3.9 plan=30 cmd=(lx=+0.00,ly=+0.00,rx=-0.45)
  t=207.0 AGR-ENG-T pos=(-4.88,+2.43) yaw=-104.0 d=6.15 goal_err=+86 carrot_err= +61 c0=0.44 clear=0.29 prog=0.00 rel=0.98 bal=-0.11 obs=304 hard=287 obsc=320 yr=  0G nz=0.02 flt=0.04 dmap=+0/-0 shz=4.0 plan=30 cmd=(lx=+0.00,ly=+0.00,rx=-0.45)
  [META-SM] ASISTENCIA: parado esperando al humano ('m <cm>' en el marcador)
  [META-SM] ASISTENCIA: parado esperando al humano ('m <cm>' en el marcador)
  [META-SM] ASISTENCIA: parado esperando al humano ('m <cm>' en el marcador)
  t=207.4 AGR-ENG-T pos=(-4.88,+2.43) yaw=-104.0 d=6.15 goal_err=+86 carrot_err= +61 c0=0.44 clear=0.29 prog=0.00 rel=0.97 bal=-0.11 obs=304 hard=287 obsc=320 yr=  0G nz=0.03 flt=0.13 dmap=+0/-0 shz=4.0 plan=30 cmd=(lx=+0.00,ly=+0.00,rx=-0.45)
  [META-SM] ASISTENCIA: parado esperando al humano ('m <cm>' en el marcador)
  [META-SM] ASISTENCIA: parado esperando al humano ('m <cm>' en el marcador)
  [META-SM] ASISTENCIA: parado esperando al humano ('m <cm>' en el marcador)
  [META-SM] ASISTENCIA: parado esperando al humano ('m <cm>' en el marcador)
  t=207.8 AGR-ENG-T pos=(-4.88,+2.43) yaw=-104.0 d=6.15 goal_err=+86 carrot_err= +61 c0=0.44 clear=0.29 prog=0.00 rel=0.97 bal=-0.11 obs=304 hard=287 obsc=320 yr=  0G nz=0.03 flt=0.10 dmap=+0/-0 shz=4.0 plan=30 cmd=(lx=+0.00,ly=+0.00,rx=-0.45)
  [META-SM] ASISTENCIA: parado esperando al humano ('m <cm>' en el marcador)
  [META-SM] ASISTENCIA: parado esperando al humano ('m <cm>' en el marcador)
  [META-SM] ASISTENCIA: parado esperando al humano ('m <cm>' en el marcador)
  t=208.2 AGR-ENG-T pos=(-4.88,+2.43) yaw=-104.0 d=6.15 goal_err=+86 carrot_err= +61 c0=0.44 clear=0.29 prog=0.00 rel=0.97 bal=-0.11 obs=304 hard=287 obsc=320 yr=  0G nz=0.03 flt=0.04 dmap=+0/-0 shz=4.0 plan=30 cmd=(lx=+0.00,ly=+0.00,rx=-0.45)
  t=208.7 AGR-ENG-T pos=(-4.88,+2.43) yaw=-104.0 d=6.15 goal_err=+86 carrot_err= +61 c0=0.44 clear=0.29 prog=0.00 rel=0.96 bal=-0.11 obs=304 hard=287 obsc=320 yr=  0G nz=0.03 flt=0.02 dmap=+0/-0 shz=4.0 plan=30 cmd=(lx=+0.00,ly=+0.00,rx=-0.45)
  t=209.1 AGR-ENG-T pos=(-4.88,+2.43) yaw=-104.0 d=6.15 goal_err=+86 carrot_err= +61 c0=0.44 clear=0.29 prog=0.00 rel=0.77 bal=-0.11 obs=304 hard=287 obsc=320 yr=  0G nz=0.17 flt=0.18 dmap=+0/-0 shz=4.0 plan=30 cmd=(lx=+0.00,ly=+0.00,rx=-0.45)
  t=209.5 AGR-ENG-T pos=(-4.88,+2.43) yaw=-104.0 d=6.15 goal_err=+86 carrot_err= +61 c0=0.44 clear=0.29 prog=0.00 rel=0.74 bal=-0.11 obs=304 hard=287 obsc=320 yr=  0G nz=0.20 flt=0.16 dmap=+0/-0 shz=4.0 plan=30 cmd=(lx=+0.00,ly=+0.00,rx=-0.45)
  t=210.0 AGR-ENG-T pos=(-4.88,+2.43) yaw=-104.0 d=6.15 goal_err=+86 carrot_err= +61 c0=0.44 clear=0.29 prog=0.00 rel=0.81 bal=-0.11 obs=304 hard=287 obsc=320 yr=  0G nz=0.19 flt=0.04 dmap=+0/-0 shz=4.0 plan=30 cmd=(lx=+0.00,ly=+0.00,rx=-0.45)
  t=210.4 AGR-ENG-T pos=(-4.88,+2.43) yaw=-104.0 d=6.15 goal_err=+86 carrot_err= +61 c0=0.44 clear=0.29 prog=0.00 rel=0.81 bal=-0.11 obs=304 hard=287 obsc=320 yr=  0G nz=0.19 flt=0.06 dmap=+0/-0 shz=4.0 plan=30 cmd=(lx=+0.00,ly=+0.00,rx=-0.45)
  t=210.8 AGR-ENG-T pos=(-4.88,+2.43) yaw=-104.0 d=6.15 goal_err=+86 carrot_err= +61 c0=0.44 clear=0.29 prog=0.00 rel=0.83 bal=-0.11 obs=304 hard=287 obsc=320 yr=  0G nz=0.17 flt=0.05 dmap=+0/-0 shz=4.0 plan=30 cmd=(lx=+0.00,ly=+0.00,rx=-0.45)
  t=211.2 AGR-ENG-T pos=(-4.88,+2.43) yaw=-104.0 d=6.15 goal_err=+86 carrot_err= +61 c0=0.44 clear=0.29 prog=0.00 rel=0.97 bal=-0.11 obs=304 hard=287 obsc=320 yr=  0G nz=0.03 flt=0.05 dmap=+0/-0 shz=4.0 plan=30 cmd=(lx=+0.00,ly=+0.00,rx=-0.45)
  t=211.7 AGR-ENG-T pos=(-4.88,+2.43) yaw=-104.0 d=6.15 goal_err=+86 carrot_err= +61 c0=0.44 clear=0.29 prog=0.00 rel=0.98 bal=-0.11 obs=304 hard=287 obsc=320 yr=  0G nz=0.02 flt=0.07 dmap=+0/-0 shz=4.0 plan=30 cmd=(lx=+0.00,ly=+0.00,rx=-0.45)
  t=212.1 AGR-ENG-T pos=(-4.88,+2.43) yaw=-104.0 d=6.15 goal_err=+86 carrot_err= +61 c0=0.44 clear=0.29 prog=0.00 rel=0.98 bal=-0.11 obs=304 hard=287 obsc=320 yr=  0G nz=0.02 flt=0.05 dmap=+0/-0 shz=4.0 plan=30 cmd=(lx=+0.00,ly=+0.00,rx=-0.45)
  t=212.5 AGR-ENG-T pos=(-4.88,+2.43) yaw=-104.0 d=6.15 goal_err=+86 carrot_err= +61 c0=0.44 clear=0.29 prog=0.00 rel=0.97 bal=-0.11 obs=304 hard=287 obsc=320 yr=  0G nz=0.03 flt=0.05 dmap=+0/-0 shz=4.0 plan=30 cmd=(lx=+0.00,ly=+0.00,rx=-0.45)
  t=212.9 AGR-ENG-T pos=(-4.88,+2.43) yaw=-104.0 d=6.15 goal_err=+86 carrot_err= +61 c0=0.44 clear=0.29 prog=0.00 rel=0.97 bal=-0.11 obs=304 hard=287 obsc=320 yr=  0G nz=0.03 flt=0.09 dmap=+0/-0 shz=4.0 plan=30 cmd=(lx=+0.00,ly=+0.00,rx=-0.45)
  t=213.4 AGR-ENG-T pos=(-4.88,+2.43) yaw=-104.0 d=6.15 goal_err=+86 carrot_err= +61 c0=0.44 clear=0.29 prog=0.00 rel=0.97 bal=-0.11 obs=304 hard=287 obsc=320 yr=  0G nz=0.03 flt=0.05 dmap=+0/-0 shz=4.0 plan=30 cmd=(lx=+0.00,ly=+0.00,rx=-0.45)
  t=213.8 AGR-ENG-T pos=(-4.88,+2.43) yaw=-104.0 d=6.15 goal_err=+86 carrot_err= +61 c0=0.44 clear=0.29 prog=0.00 rel=0.96 bal=-0.11 obs=304 hard=287 obsc=320 yr=  0G nz=0.04 flt=0.03 dmap=+0/-0 shz=4.0 plan=30 cmd=(lx=+0.00,ly=+0.00,rx=-0.45)
  t=214.2 AGR-ENG-T pos=(-4.88,+2.43) yaw=-104.0 d=6.15 goal_err=+86 carrot_err= +61 c0=0.44 clear=0.29 prog=0.00 rel=0.96 bal=-0.11 obs=304 hard=287 obsc=320 yr=  0G nz=0.03 flt=0.06 dmap=+0/-0 shz=4.0 plan=30 cmd=(lx=+0.00,ly=+0.00,rx=-0.45)
  t=214.6 AGR-ENG-T pos=(-4.88,+2.43) yaw=-104.0 d=6.15 goal_err=+86 carrot_err= +61 c0=0.44 clear=0.29 prog=0.00 rel=0.98 bal=-0.11 obs=304 hard=287 obsc=320 yr=  0G nz=0.02 flt=0.06 dmap=+0/-0 shz=4.0 plan=30 cmd=(lx=+0.00,ly=+0.00,rx=-0.45)

  DESATASCO #15 en (-4.88,+2.43).
  t=215.1 AGR-BRK-TR pos=(-4.88,+2.43) yaw=-104.0 d=6.15 goal_err=+86 carrot_err= +61 c0=0.44 clear=0.29 prog=0.00 rel=0.98 bal=-0.11 obs=304 hard=287 obsc=320 yr=  0G nz=0.02 flt=0.03 dmap=+0/-0 shz=4.0 plan=0 cmd=(lx=+0.00,ly=+0.00,rx=+0.45)
  t=215.5 AGR-BRK-TR pos=(-4.88,+2.43) yaw=-104.0 d=6.15 goal_err=+86 carrot_err= +61 c0=0.44 clear=0.29 prog=0.00 rel=0.98 bal=-0.11 obs=304 hard=287 obsc=320 yr=  0G nz=0.02 flt=0.05 dmap=+0/-0 shz=4.0 plan=0 cmd=(lx=+0.00,ly=+0.00,rx=+0.45)
  t=215.9 AGR-BRK-TR pos=(-4.88,+2.43) yaw=-104.0 d=6.15 goal_err=+86 carrot_err= +61 c0=0.44 clear=0.29 prog=0.00 rel=0.98 bal=-0.11 obs=304 hard=287 obsc=320 yr=  0G nz=0.02 flt=0.05 dmap=+0/-0 shz=4.0 plan=0 cmd=(lx=+0.00,ly=+0.00,rx=+0.45)
  t=216.3 AGR-BRK-TR pos=(-4.88,+2.43) yaw=-104.0 d=6.15 goal_err=+86 carrot_err= +61 c0=0.44 clear=0.29 prog=0.00 rel=0.97 bal=-0.11 obs=304 hard=287 obsc=320 yr=  0G nz=0.03 flt=0.07 dmap=+0/-0 shz=4.0 plan=0 cmd=(lx=+0.00,ly=+0.00,rx=+0.45)
  t=216.8 AGR-BRK-TR pos=(-4.88,+2.43) yaw=-104.0 d=6.15 goal_err=+86 carrot_err= +61 c0=0.44 clear=0.29 prog=0.00 rel=0.96 bal=-0.11 obs=304 hard=287 obsc=320 yr=  0G nz=0.03 flt=0.07 dmap=+0/-0 shz=4.0 plan=0 cmd=(lx=+0.00,ly=+0.00,rx=+0.45)
  [META-SM] ASISTENCIA: parado esperando al humano ('m <cm>' en el marcador)
  t=217.2 AGR-ENG-T pos=(-4.88,+2.43) yaw=-104.0 d=6.15 goal_err=+86 carrot_err= +61 c0=0.44 clear=0.29 prog=0.00 rel=0.98 bal=-0.11 obs=304 hard=287 obsc=320 yr=  0G nz=0.02 flt=0.31 dmap=+0/-0 shz=4.0 plan=30 cmd=(lx=+0.00,ly=+0.00,rx=-0.45)
  [META-SM] ASISTENCIA: parado esperando al humano ('m <cm>' en el marcador)
  [META-SM] ASISTENCIA: parado esperando al humano ('m <cm>' en el marcador)
  [META-SM] ASISTENCIA: parado esperando al humano ('m <cm>' en el marcador)
  [META-SM] ASISTENCIA: parado esperando al humano ('m <cm>' en el marcador)
  t=217.6 AGR-ENG-T pos=(-4.88,+2.43) yaw=-104.0 d=6.15 goal_err=+86 carrot_err= +61 c0=0.44 clear=0.29 prog=0.00 rel=0.74 bal=-0.11 obs=304 hard=287 obsc=320 yr=  0G nz=0.16 flt=0.20 dmap=+0/-0 shz=4.0 plan=30 cmd=(lx=+0.00,ly=+0.00,rx=-0.45)
  [META-SM] ASISTENCIA: parado esperando al humano ('m <cm>' en el marcador)
  [META-SM] ASISTENCIA: parado esperando al humano ('m <cm>' en el marcador)
  [META-SM] ASISTENCIA: parado esperando al humano ('m <cm>' en el marcador)
  [META-SM] ASISTENCIA: parado esperando al humano ('m <cm>' en el marcador)
  t=218.1 AGR-ENG-T pos=(-4.88,+2.43) yaw=-104.0 d=6.15 goal_err=+86 carrot_err= +61 c0=0.44 clear=0.29 prog=0.00 rel=0.85 bal=-0.11 obs=304 hard=287 obsc=320 yr=  0G nz=0.15 flt=0.05 dmap=+0/-0 shz=4.0 plan=30 cmd=(lx=+0.00,ly=+0.00,rx=-0.45)
  [META-SM] ASISTENCIA: parado esperando al humano ('m <cm>' en el marcador)
  t=218.5 AGR-ENG-T pos=(-4.88,+2.43) yaw=-104.0 d=6.15 goal_err=+86 carrot_err= +61 c0=0.44 clear=0.29 prog=0.00 rel=0.86 bal=-0.11 obs=304 hard=287 obsc=320 yr=  0G nz=0.14 flt=0.04 dmap=+0/-0 shz=4.0 plan=30 cmd=(lx=+0.00,ly=+0.00,rx=-0.45)
  t=218.9 AGR-ENG-T pos=(-4.88,+2.43) yaw=-104.0 d=6.15 goal_err=+86 carrot_err= +61 c0=0.44 clear=0.29 prog=0.00 rel=0.85 bal=-0.11 obs=304 hard=287 obsc=320 yr=  0G nz=0.15 flt=0.14 dmap=+0/-0 shz=4.0 plan=30 cmd=(lx=+0.00,ly=+0.00,rx=-0.45)
  t=219.3 AGR-ENG-T pos=(-4.88,+2.43) yaw=-104.0 d=6.15 goal_err=+86 carrot_err= +61 c0=0.44 clear=0.29 prog=0.00 rel=0.88 bal=-0.11 obs=304 hard=287 obsc=320 yr=  0G nz=0.12 flt=0.07 dmap=+0/-0 shz=4.0 plan=30 cmd=(lx=+0.00,ly=+0.00,rx=-0.45)
  t=219.8 AGR-ENG-T pos=(-4.88,+2.43) yaw=-104.0 d=6.15 goal_err=+86 carrot_err= +61 c0=0.44 clear=0.29 prog=0.00 rel=0.76 bal=-0.11 obs=304 hard=287 obsc=320 yr=  0G nz=0.14 flt=0.21 dmap=+0/-0 shz=4.0 plan=30 cmd=(lx=+0.00,ly=+0.00,rx=-0.45)
  t=220.2 AGR-ENG-T pos=(-4.88,+2.43) yaw=-104.0 d=6.15 goal_err=+86 carrot_err= +61 c0=0.44 clear=0.29 prog=0.00 rel=0.76 bal=-0.11 obs=304 hard=287 obsc=320 yr=  0G nz=0.17 flt=0.08 dmap=+0/-0 shz=4.0 plan=30 cmd=(lx=+0.00,ly=+0.00,rx=-0.45)
  t=220.6 AGR-ENG-T pos=(-4.88,+2.43) yaw=-104.0 d=6.15 goal_err=+86 carrot_err= +61 c0=0.44 clear=0.29 prog=0.00 rel=0.76 bal=-0.11 obs=304 hard=287 obsc=320 yr=  0G nz=0.15 flt=0.16 dmap=+0/-0 shz=4.0 plan=30 cmd=(lx=+0.00,ly=+0.00,rx=-0.45)
  t=221.0 AGR-ENG-T pos=(-4.88,+2.43) yaw=-104.0 d=6.15 goal_err=+86 carrot_err= +61 c0=0.44 clear=0.29 prog=0.00 rel=0.78 bal=-0.11 obs=304 hard=287 obsc=320 yr=  0G nz=0.13 flt=0.15 dmap=+0/-0 shz=4.0 plan=30 cmd=(lx=+0.00,ly=+0.00,rx=-0.45)
  t=221.5 AGR-ENG-T pos=(-4.88,+2.43) yaw=-104.0 d=6.15 goal_err=+86 carrot_err= +61 c0=0.44 clear=0.29 prog=0.00 rel=0.85 bal=-0.11 obs=304 hard=287 obsc=320 yr=  0G nz=0.13 flt=0.05 dmap=+0/-0 shz=4.0 plan=30 cmd=(lx=+0.00,ly=+0.00,rx=-0.45)
  t=221.9 AGR-ENG-T pos=(-4.88,+2.43) yaw=-104.0 d=6.15 goal_err=+86 carrot_err= +61 c0=0.44 clear=0.29 prog=0.00 rel=0.82 bal=-0.11 obs=304 hard=287 obsc=320 yr=  0G nz=0.18 flt=0.02 dmap=+0/-0 shz=4.0 plan=30 cmd=(lx=+0.00,ly=+0.00,rx=-0.45)
  t=222.3 AGR-ENG-T pos=(-4.88,+2.43) yaw=-104.0 d=6.15 goal_err=+86 carrot_err= +61 c0=0.44 clear=0.29 prog=0.00 rel=0.81 bal=-0.11 obs=304 hard=287 obsc=320 yr=  0G nz=0.18 flt=0.07 dmap=+0/-0 shz=4.0 plan=30 cmd=(lx=+0.00,ly=+0.00,rx=-0.45)
  t=222.8 AGR-ENG-T pos=(-4.88,+2.43) yaw=-104.0 d=6.15 goal_err=+86 carrot_err= +61 c0=0.44 clear=0.29 prog=0.00 rel=0.83 bal=-0.11 obs=304 hard=287 obsc=320 yr=  0G nz=0.15 flt=0.10 dmap=+0/-0 shz=4.0 plan=30 cmd=(lx=+0.00,ly=+0.00,rx=-0.45)
  t=223.2 AGR-ENG-T pos=(-4.88,+2.43) yaw=-104.0 d=6.15 goal_err=+86 carrot_err= +61 c0=0.44 clear=0.29 prog=0.00 rel=0.94 bal=-0.11 obs=304 hard=287 obsc=320 yr=  0G nz=0.01 flt=0.09 dmap=+0/-0 shz=4.0 plan=30 cmd=(lx=+0.00,ly=+0.00,rx=-0.45)
  t=223.6 AGR-ENG-T pos=(-4.88,+2.43) yaw=-104.0 d=6.15 goal_err=+86 carrot_err= +61 c0=0.44 clear=0.29 prog=0.00 rel=0.91 bal=-0.11 obs=304 hard=287 obsc=320 yr=  0G nz=0.01 flt=0.09 dmap=+0/-0 shz=4.0 plan=30 cmd=(lx=+0.00,ly=+0.00,rx=-0.45)
  t=224.0 AGR-ENG-T pos=(-4.88,+2.43) yaw=-104.0 d=6.15 goal_err=+86 carrot_err= +61 c0=0.44 clear=0.29 prog=0.00 rel=0.93 bal=-0.11 obs=304 hard=287 obsc=320 yr=  0G nz=0.04 flt=0.05 dmap=+0/-0 shz=4.0 plan=30 cmd=(lx=+0.00,ly=+0.00,rx=-0.45)
  t=224.5 AGR-ENG-T pos=(-4.88,+2.43) yaw=-104.0 d=6.15 goal_err=+86 carrot_err= +61 c0=0.44 clear=0.29 prog=0.00 rel=0.96 bal=-0.11 obs=304 hard=287 obsc=320 yr=  0G nz=0.04 flt=0.03 dmap=+0/-0 shz=4.0 plan=30 cmd=(lx=+0.00,ly=+0.00,rx=-0.45)
  t=224.9 AGR-ENG-T pos=(-4.88,+2.43) yaw=-104.0 d=6.15 goal_err=+86 carrot_err= +61 c0=0.44 clear=0.29 prog=0.00 rel=0.94 bal=-0.11 obs=304 hard=287 obsc=320 yr=  0G nz=0.04 flt=0.01 dmap=+0/-0 shz=4.0 plan=30 cmd=(lx=+0.00,ly=+0.00,rx=-0.45)
  t=225.3 AGR-ENG-T pos=(-4.88,+2.43) yaw=-104.0 d=6.15 goal_err=+86 carrot_err= +61 c0=0.44 clear=0.29 prog=0.00 rel=0.97 bal=-0.11 obs=304 hard=287 obsc=320 yr=  0G nz=0.03 flt=0.03 dmap=+0/-0 shz=4.0 plan=30 cmd=(lx=+0.00,ly=+0.00,rx=-0.45)
  t=225.8 AGR-ENG-T pos=(-4.88,+2.43) yaw=-104.0 d=6.15 goal_err=+86 carrot_err= +61 c0=0.44 clear=0.29 prog=0.00 rel=0.97 bal=-0.11 obs=304 hard=287 obsc=320 yr=  0G nz=0.03 flt=0.08 dmap=+0/-0 shz=4.0 plan=30 cmd=(lx=+0.00,ly=+0.00,rx=-0.45)
  t=226.2 AGR-ENG-T pos=(-4.88,+2.43) yaw=-104.0 d=6.15 goal_err=+86 carrot_err= +61 c0=0.44 clear=0.29 prog=0.00 rel=0.78 bal=-0.11 obs=304 hard=287 obsc=320 yr=  0G nz=0.17 flt=0.32 dmap=+0/-0 shz=4.0 plan=30 cmd=(lx=+0.00,ly=+0.00,rx=-0.45)
  t=226.6 AGR-ENG-T pos=(-4.88,+2.43) yaw=-104.0 d=6.15 goal_err=+86 carrot_err= +61 c0=0.44 clear=0.29 prog=0.00 rel=0.71 bal=-0.11 obs=304 hard=287 obsc=320 yr=  0G nz=0.20 flt=0.14 dmap=+0/-0 shz=4.0 plan=30 cmd=(lx=+0.00,ly=+0.00,rx=-0.45)
  t=227.0 AGR-ENG-T pos=(-4.88,+2.43) yaw=-104.0 d=6.15 goal_err=+86 carrot_err= +61 c0=0.44 clear=0.29 prog=0.00 rel=0.80 bal=-0.11 obs=304 hard=287 obsc=320 yr=  0G nz=0.19 flt=0.08 dmap=+0/-0 shz=4.0 plan=30 cmd=(lx=+0.00,ly=+0.00,rx=-0.45)
  [META-SM] ASISTENCIA: parado esperando al humano ('m <cm>' en el marcador)
  [META-SM] ASISTENCIA: parado esperando al humano ('m <cm>' en el marcador)
  [META-SM] ASISTENCIA: parado esperando al humano ('m <cm>' en el marcador)
  t=227.5 AGR-ENG-T pos=(-4.88,+2.43) yaw=-104.0 d=6.15 goal_err=+86 carrot_err= +61 c0=0.44 clear=0.29 prog=0.00 rel=0.73 bal=-0.11 obs=304 hard=287 obsc=320 yr=  0G nz=0.18 flt=0.31 dmap=+0/-0 shz=4.0 plan=30 cmd=(lx=+0.00,ly=+0.00,rx=-0.45)
  [META-SM] ASISTENCIA: parado esperando al humano ('m <cm>' en el marcador)
  [META-SM] ASISTENCIA: parado esperando al humano ('m <cm>' en el marcador)
  [META-SM] ASISTENCIA: parado esperando al humano ('m <cm>' en el marcador)
  [META-SM] ASISTENCIA: parado esperando al humano ('m <cm>' en el marcador)
  t=227.9 AGR-ENG-T pos=(-4.88,+2.43) yaw=-104.0 d=6.15 goal_err=+86 carrot_err= +61 c0=0.44 clear=0.29 prog=0.00 rel=0.77 bal=-0.11 obs=304 hard=287 obsc=320 yr=  0G nz=0.14 flt=0.14 dmap=+0/-0 shz=4.0 plan=30 cmd=(lx=+0.00,ly=+0.00,rx=-0.45)
  [META-SM] ASISTENCIA: parado esperando al humano ('m <cm>' en el marcador)
  [META-SM] ASISTENCIA: parado esperando al humano ('m <cm>' en el marcador)

  DESATASCO #16 en (-4.88,+2.43).
  t=228.3 AGR-BRK-TR pos=(-4.88,+2.43) yaw=-104.0 d=6.15 goal_err=+86 carrot_err= +61 c0=0.44 clear=0.29 prog=0.00 rel=0.83 bal=-0.11 obs=304 hard=287 obsc=320 yr=  0G nz=0.17 flt=0.04 dmap=+0/-0 shz=4.0 plan=0 cmd=(lx=+0.00,ly=+0.00,rx=+0.45)
  t=228.7 AGR-BRK-TR pos=(-4.88,+2.43) yaw=-104.0 d=6.15 goal_err=+86 carrot_err= +61 c0=0.44 clear=0.29 prog=0.00 rel=0.82 bal=-0.11 obs=304 hard=287 obsc=320 yr=  0G nz=0.17 flt=0.06 dmap=+0/-0 shz=4.0 plan=0 cmd=(lx=+0.00,ly=+0.00,rx=+0.45)
  t=229.2 AGR-BRK-TR pos=(-4.88,+2.43) yaw=-104.0 d=6.15 goal_err=+86 carrot_err= +61 c0=0.44 clear=0.29 prog=0.00 rel=0.82 bal=-0.11 obs=304 hard=287 obsc=320 yr=  0G nz=0.18 flt=0.05 dmap=+0/-0 shz=4.0 plan=0 cmd=(lx=+0.00,ly=+0.00,rx=+0.45)
  t=229.6 AGR-BRK-TR pos=(-4.88,+2.43) yaw=-104.0 d=6.15 goal_err=+86 carrot_err= +61 c0=0.44 clear=0.29 prog=0.00 rel=0.74 bal=-0.11 obs=304 hard=287 obsc=320 yr=  0G nz=0.18 flt=0.17 dmap=+0/-0 shz=4.0 plan=0 cmd=(lx=+0.00,ly=+0.00,rx=+0.45)
  t=230.0 AGR-BRK-TR pos=(-4.88,+2.43) yaw=-104.0 d=6.15 goal_err=+86 carrot_err= +61 c0=0.44 clear=0.29 prog=0.00 rel=0.76 bal=-0.11 obs=304 hard=287 obsc=320 yr=  0G nz=0.17 flt=0.03 dmap=+0/-0 shz=4.0 plan=0 cmd=(lx=+0.00,ly=+0.00,rx=+0.45)
  t=230.4 AGR-BRK-TR pos=(-4.88,+2.43) yaw=-104.0 d=6.15 goal_err=+86 carrot_err= +61 c0=0.44 clear=0.29 prog=0.00 rel=0.82 bal=-0.11 obs=304 hard=287 obsc=320 yr=  0G nz=0.18 flt=0.04 dmap=+0/-0 shz=4.0 plan=0 cmd=(lx=+0.00,ly=+0.00,rx=+0.45)
  t=230.9 AGR-ENG-T pos=(-4.88,+2.43) yaw=-104.0 d=6.15 goal_err=+86 carrot_err= +61 c0=0.44 clear=0.29 prog=0.00 rel=0.83 bal=-0.11 obs=304 hard=287 obsc=320 yr=  0G nz=0.17 flt=0.03 dmap=+0/-0 shz=4.0 plan=30 cmd=(lx=+0.00,ly=+0.00,rx=-0.45)
  t=231.3 AGR-ENG-T pos=(-4.88,+2.43) yaw=-104.0 d=6.15 goal_err=+86 carrot_err= +61 c0=0.44 clear=0.29 prog=0.00 rel=0.87 bal=-0.11 obs=304 hard=287 obsc=320 yr=  0G nz=0.13 flt=0.05 dmap=+0/-0 shz=4.0 plan=30 cmd=(lx=+0.00,ly=+0.00,rx=-0.45)
  t=231.7 AGR-ENG-T pos=(-4.88,+2.43) yaw=-104.0 d=6.15 goal_err=+86 carrot_err= +61 c0=0.44 clear=0.29 prog=0.00 rel=0.98 bal=-0.11 obs=304 hard=287 obsc=320 yr=  0G nz=0.02 flt=0.07 dmap=+0/-0 shz=4.0 plan=30 cmd=(lx=+0.00,ly=+0.00,rx=-0.45)
  t=232.2 AGR-ENG-T pos=(-4.88,+2.43) yaw=-104.0 d=6.15 goal_err=+86 carrot_err= +61 c0=0.44 clear=0.29 prog=0.00 rel=0.98 bal=-0.11 obs=304 hard=287 obsc=320 yr=  0G nz=0.02 flt=0.05 dmap=+0/-0 shz=4.0 plan=30 cmd=(lx=+0.00,ly=+0.00,rx=-0.45)
  t=232.6 AGR-ENG-T pos=(-4.88,+2.43) yaw=-104.0 d=6.15 goal_err=+86 carrot_err= +61 c0=0.44 clear=0.29 prog=0.00 rel=0.98 bal=-0.11 obs=304 hard=287 obsc=320 yr=  0G nz=0.02 flt=0.08 dmap=+0/-0 shz=4.0 plan=30 cmd=(lx=+0.00,ly=+0.00,rx=-0.45)
  t=233.0 AGR-ENG-T pos=(-4.88,+2.43) yaw=-104.0 d=6.15 goal_err=+86 carrot_err= +61 c0=0.44 clear=0.29 prog=0.00 rel=0.97 bal=-0.11 obs=304 hard=287 obsc=320 yr=  0G nz=0.03 flt=0.06 dmap=+0/-0 shz=4.0 plan=30 cmd=(lx=+0.00,ly=+0.00,rx=-0.45)
  t=233.5 AGR-ENG-T pos=(-4.88,+2.43) yaw=-104.0 d=6.15 goal_err=+86 carrot_err= +61 c0=0.44 clear=0.29 prog=0.00 rel=0.98 bal=-0.11 obs=304 hard=287 obsc=320 yr=  0G nz=0.02 flt=0.02 dmap=+0/-0 shz=4.0 plan=30 cmd=(lx=+0.00,ly=+0.00,rx=-0.45)
  t=233.9 AGR-ENG-T pos=(-4.88,+2.43) yaw=-104.0 d=6.15 goal_err=+86 carrot_err= +61 c0=0.44 clear=0.29 prog=0.00 rel=0.98 bal=-0.11 obs=304 hard=287 obsc=320 yr=  0G nz=0.02 flt=0.09 dmap=+0/-0 shz=4.0 plan=30 cmd=(lx=+0.00,ly=+0.00,rx=-0.45)
  t=234.3 AGR-ENG-T pos=(-4.88,+2.43) yaw=-104.0 d=6.15 goal_err=+86 carrot_err= +61 c0=0.44 clear=0.29 prog=0.00 rel=0.98 bal=-0.11 obs=304 hard=287 obsc=320 yr=  0G nz=0.02 flt=0.06 dmap=+0/-0 shz=4.0 plan=30 cmd=(lx=+0.00,ly=+0.00,rx=-0.45)
  t=234.7 AGR-ENG-T pos=(-4.88,+2.43) yaw=-104.0 d=6.15 goal_err=+86 carrot_err= +61 c0=0.44 clear=0.29 prog=0.00 rel=0.98 bal=-0.11 obs=304 hard=287 obsc=320 yr=  0G nz=0.02 flt=0.10 dmap=+0/-0 shz=4.0 plan=30 cmd=(lx=+0.00,ly=+0.00,rx=-0.45)
  t=235.1 AGR-ENG-T pos=(-4.88,+2.43) yaw=-104.0 d=6.15 goal_err=+86 carrot_err= +61 c0=0.44 clear=0.29 prog=0.00 rel=0.98 bal=-0.11 obs=304 hard=287 obsc=320 yr=  0G nz=0.02 flt=0.05 dmap=+0/-0 shz=4.0 plan=30 cmd=(lx=+0.00,ly=+0.00,rx=-0.45)
  t=235.6 AGR-ENG-T pos=(-4.88,+2.43) yaw=-104.0 d=6.15 goal_err=+86 carrot_err= +61 c0=0.44 clear=0.29 prog=0.00 rel=0.98 bal=-0.11 obs=304 hard=287 obsc=320 yr=  0G nz=0.02 flt=0.37 dmap=+0/-0 shz=4.0 plan=30 cmd=(lx=+0.00,ly=+0.00,rx=-0.45)
  t=236.0 AGR-ENG-T pos=(-4.88,+2.43) yaw=-104.0 d=6.15 goal_err=+86 carrot_err= +61 c0=0.44 clear=0.29 prog=0.00 rel=0.74 bal=-0.11 obs=304 hard=287 obsc=320 yr=  0G nz=0.18 flt=0.17 dmap=+0/-0 shz=4.0 plan=30 cmd=(lx=+0.00,ly=+0.00,rx=-0.45)
  t=236.4 AGR-ENG-T pos=(-4.88,+2.43) yaw=-104.0 d=6.15 goal_err=+86 carrot_err= +61 c0=0.44 clear=0.29 prog=0.00 rel=0.82 bal=-0.11 obs=304 hard=287 obsc=320 yr=  0G nz=0.18 flt=0.04 dmap=+0/-0 shz=4.0 plan=30 cmd=(lx=+0.00,ly=+0.00,rx=-0.45)
  t=236.9 AGR-ENG-T pos=(-4.88,+2.43) yaw=-104.0 d=6.15 goal_err=+86 carrot_err= +61 c0=0.44 clear=0.29 prog=0.00 rel=0.82 bal=-0.11 obs=304 hard=287 obsc=320 yr=  0G nz=0.18 flt=0.06 dmap=+0/-0 shz=4.0 plan=30 cmd=(lx=+0.00,ly=+0.00,rx=-0.45)
  [META-SM] ASISTENCIA: parado esperando al humano ('m <cm>' en el marcador)
  [META-SM] ASISTENCIA: parado esperando al humano ('m <cm>' en el marcador)
  t=237.3 AGR-ENG-T pos=(-4.88,+2.43) yaw=-104.0 d=6.15 goal_err=+86 carrot_err= +61 c0=0.44 clear=0.29 prog=0.00 rel=0.83 bal=-0.11 obs=304 hard=287 obsc=320 yr=  0G nz=0.17 flt=0.05 dmap=+0/-0 shz=4.0 plan=30 cmd=(lx=+0.00,ly=+0.00,rx=-0.45)
  [META-SM] ASISTENCIA: parado esperando al humano ('m <cm>' en el marcador)
  [META-SM] ASISTENCIA: parado esperando al humano ('m <cm>' en el marcador)
  [META-SM] ASISTENCIA: parado esperando al humano ('m <cm>' en el marcador)
  [META-SM] ASISTENCIA: parado esperando al humano ('m <cm>' en el marcador)
  t=237.7 AGR-ENG-T pos=(-4.88,+2.43) yaw=-104.0 d=6.15 goal_err=+86 carrot_err= +61 c0=0.44 clear=0.29 prog=0.00 rel=0.96 bal=-0.11 obs=304 hard=287 obsc=320 yr=  0G nz=0.04 flt=0.11 dmap=+0/-0 shz=4.0 plan=30 cmd=(lx=+0.00,ly=+0.00,rx=-0.45)
  [META-SM] ASISTENCIA: parado esperando al humano ('m <cm>' en el marcador)
  [META-SM] ASISTENCIA: parado esperando al humano ('m <cm>' en el marcador)
  [META-SM] ASISTENCIA: parado esperando al humano ('m <cm>' en el marcador)
  [META-SM] ASISTENCIA: parado esperando al humano ('m <cm>' en el marcador)
  t=238.2 AGR-ENG-T pos=(-4.88,+2.43) yaw=-104.0 d=6.15 goal_err=+86 carrot_err= +61 c0=0.44 clear=0.29 prog=0.00 rel=0.96 bal=-0.11 obs=304 hard=287 obsc=320 yr=  0G nz=0.04 flt=0.07 dmap=+0/-0 shz=4.0 plan=30 cmd=(lx=+0.00,ly=+0.00,rx=-0.45)
  t=238.6 AGR-ENG-T pos=(-4.88,+2.43) yaw=-104.0 d=6.15 goal_err=+86 carrot_err= +61 c0=0.44 clear=0.29 prog=0.00 rel=0.95 bal=-0.11 obs=304 hard=287 obsc=320 yr=  0G nz=0.04 flt=0.27 dmap=+0/-0 shz=4.0 plan=30 cmd=(lx=+0.00,ly=+0.00,rx=-0.45)
  t=239.0 AGR-ENG-T pos=(-4.88,+2.43) yaw=-104.0 d=6.15 goal_err=+86 carrot_err= +61 c0=0.44 clear=0.29 prog=0.00 rel=0.74 bal=-0.11 obs=304 hard=287 obsc=320 yr=  0G nz=0.18 flt=0.21 dmap=+0/-0 shz=4.0 plan=30 cmd=(lx=+0.00,ly=+0.00,rx=-0.45)
  t=239.4 AGR-ENG-T pos=(-4.88,+2.43) yaw=-104.0 d=6.15 goal_err=+86 carrot_err= +61 c0=0.44 clear=0.29 prog=0.00 rel=0.82 bal=-0.11 obs=304 hard=287 obsc=320 yr=  0G nz=0.18 flt=0.06 dmap=+0/-0 shz=4.0 plan=30 cmd=(lx=+0.00,ly=+0.00,rx=-0.45)
  t=239.9 AGR-ENG-T pos=(-4.88,+2.43) yaw=-104.0 d=6.15 goal_err=+86 carrot_err= +61 c0=0.44 clear=0.29 prog=0.00 rel=0.81 bal=-0.11 obs=304 hard=287 obsc=320 yr=  0G nz=0.18 flt=0.10 dmap=+0/-0 shz=4.0 plan=30 cmd=(lx=+0.00,ly=+0.00,rx=-0.45)
  t=240.3 AGR-ENG-T pos=(-4.88,+2.43) yaw=-104.0 d=6.15 goal_err=+86 carrot_err= +61 c0=0.44 clear=0.29 prog=0.00 rel=0.79 bal=-0.11 obs=304 hard=287 obsc=320 yr=  0G nz=0.19 flt=0.05 dmap=+0/-0 shz=4.0 plan=30 cmd=(lx=+0.00,ly=+0.00,rx=-0.45)
  t=240.7 AGR-ENG-T pos=(-4.88,+2.43) yaw=-104.0 d=6.15 goal_err=+86 carrot_err= +61 c0=0.44 clear=0.29 prog=0.00 rel=0.82 bal=-0.11 obs=304 hard=287 obsc=320 yr=  0G nz=0.16 flt=0.05 dmap=+0/-0 shz=4.0 plan=30 cmd=(lx=+0.00,ly=+0.00,rx=-0.45)
  t=241.1 AGR-ENG-T pos=(-4.88,+2.43) yaw=-104.0 d=6.15 goal_err=+86 carrot_err= +61 c0=0.44 clear=0.29 prog=0.00 rel=0.93 bal=-0.11 obs=304 hard=287 obsc=320 yr=  0G nz=0.02 flt=0.06 dmap=+0/-0 shz=4.0 plan=30 cmd=(lx=+0.00,ly=+0.00,rx=-0.45)
  t=241.6 AGR-ENG-T pos=(-4.88,+2.43) yaw=-104.0 d=6.15 goal_err=+86 carrot_err= +61 c0=0.44 clear=0.29 prog=0.00 rel=0.98 bal=-0.11 obs=304 hard=287 obsc=320 yr=  0G nz=0.01 flt=0.02 dmap=+0/-0 shz=4.0 plan=30 cmd=(lx=+0.00,ly=+0.00,rx=-0.45)

  DESATASCO #17 en (-4.88,+2.43).
  t=242.0 AGR-BRK-TR pos=(-4.88,+2.43) yaw=-104.0 d=6.15 goal_err=+86 carrot_err= +61 c0=0.44 clear=0.29 prog=0.00 rel=0.75 bal=-0.11 obs=304 hard=287 obsc=320 yr=  0G nz=0.15 flt=0.21 dmap=+0/-0 shz=4.0 plan=0 cmd=(lx=+0.00,ly=+0.00,rx=+0.45)
  t=242.4 AGR-BRK-TR pos=(-4.88,+2.43) yaw=-104.0 d=6.15 goal_err=+86 carrot_err= +61 c0=0.44 clear=0.29 prog=0.00 rel=0.73 bal=-0.11 obs=304 hard=287 obsc=320 yr=  0G nz=0.16 flt=0.08 dmap=+0/-0 shz=4.0 plan=0 cmd=(lx=+0.00,ly=+0.00,rx=+0.45)
  t=242.8 AGR-BRK-TR pos=(-4.88,+2.43) yaw=-104.0 d=6.15 goal_err=+86 carrot_err= +61 c0=0.44 clear=0.29 prog=0.00 rel=0.84 bal=-0.11 obs=304 hard=287 obsc=320 yr=  0G nz=0.16 flt=0.04 dmap=+0/-0 shz=4.0 plan=0 cmd=(lx=+0.00,ly=+0.00,rx=+0.45)
  t=243.3 AGR-BRK-TR pos=(-4.88,+2.43) yaw=-104.0 d=6.15 goal_err=+86 carrot_err= +61 c0=0.44 clear=0.29 prog=0.00 rel=0.83 bal=-0.11 obs=304 hard=287 obsc=320 yr=  0G nz=0.17 flt=0.05 dmap=+0/-0 shz=4.0 plan=0 cmd=(lx=+0.00,ly=+0.00,rx=+0.45)
  t=243.7 AGR-BRK-TR pos=(-4.88,+2.43) yaw=-104.0 d=6.15 goal_err=+86 carrot_err= +61 c0=0.44 clear=0.29 prog=0.00 rel=0.84 bal=-0.11 obs=304 hard=287 obsc=320 yr=  0G nz=0.16 flt=0.11 dmap=+0/-0 shz=4.0 plan=0 cmd=(lx=+0.00,ly=+0.00,rx=+0.45)
  t=244.1 AGR-ENG-T pos=(-4.88,+2.43) yaw=-104.0 d=6.15 goal_err=+86 carrot_err= +61 c0=0.44 clear=0.29 prog=0.00 rel=0.97 bal=-0.11 obs=304 hard=287 obsc=320 yr=  0G nz=0.03 flt=0.14 dmap=+0/-0 shz=4.0 plan=30 cmd=(lx=+0.00,ly=+0.00,rx=-0.45)
  t=244.5 AGR-ENG-T pos=(-4.88,+2.43) yaw=-104.0 d=6.15 goal_err=+86 carrot_err= +61 c0=0.44 clear=0.29 prog=0.00 rel=0.96 bal=-0.11 obs=304 hard=287 obsc=320 yr=  0G nz=0.03 flt=0.05 dmap=+0/-0 shz=4.0 plan=30 cmd=(lx=+0.00,ly=+0.00,rx=-0.45)
  t=245.0 AGR-ENG-T pos=(-4.88,+2.43) yaw=-104.0 d=6.15 goal_err=+86 carrot_err= +61 c0=0.44 clear=0.29 prog=0.00 rel=0.95 bal=-0.11 obs=304 hard=287 obsc=320 yr=  0G nz=0.02 flt=0.10 dmap=+0/-0 shz=4.0 plan=30 cmd=(lx=+0.00,ly=+0.00,rx=-0.45)
  t=245.4 AGR-ENG-T pos=(-4.88,+2.43) yaw=-104.0 d=6.15 goal_err=+86 carrot_err= +61 c0=0.44 clear=0.29 prog=0.00 rel=0.96 bal=-0.11 obs=304 hard=287 obsc=320 yr=  0G nz=0.02 flt=0.04 dmap=+0/-0 shz=4.0 plan=30 cmd=(lx=+0.00,ly=+0.00,rx=-0.45)
  t=245.8 AGR-ENG-T pos=(-4.88,+2.43) yaw=-104.0 d=6.15 goal_err=+86 carrot_err= +61 c0=0.44 clear=0.29 prog=0.00 rel=0.97 bal=-0.11 obs=304 hard=287 obsc=320 yr=  0G nz=0.02 flt=0.12 dmap=+0/-0 shz=4.0 plan=30 cmd=(lx=+0.00,ly=+0.00,rx=-0.45)
  t=246.2 AGR-ENG-T pos=(-4.88,+2.43) yaw=-104.0 d=6.15 goal_err=+86 carrot_err= +61 c0=0.44 clear=0.29 prog=0.00 rel=0.97 bal=-0.11 obs=304 hard=287 obsc=320 yr=  0G nz=0.02 flt=0.07 dmap=+0/-0 shz=4.0 plan=30 cmd=(lx=+0.00,ly=+0.00,rx=-0.45)
  t=246.7 AGR-ENG-T pos=(-4.88,+2.43) yaw=-104.0 d=6.15 goal_err=+86 carrot_err= +61 c0=0.44 clear=0.29 prog=0.00 rel=0.99 bal=-0.11 obs=304 hard=287 obsc=320 yr=  0G nz=0.01 flt=0.03 dmap=+0/-0 shz=4.0 plan=30 cmd=(lx=+0.00,ly=+0.00,rx=-0.45)
  t=247.1 AGR-ENG-T pos=(-4.88,+2.43) yaw=-104.0 d=6.15 goal_err=+86 carrot_err= +61 c0=0.44 clear=0.29 prog=0.00 rel=0.96 bal=-0.11 obs=304 hard=287 obsc=320 yr=  0G nz=0.02 flt=0.07 dmap=+0/-0 shz=4.0 plan=30 cmd=(lx=+0.00,ly=+0.00,rx=-0.45)
  [META-SM] ASISTENCIA: parado esperando al humano ('m <cm>' en el marcador)
  [META-SM] ASISTENCIA: parado esperando al humano ('m <cm>' en el marcador)
  [META-SM] ASISTENCIA: parado esperando al humano ('m <cm>' en el marcador)
  [META-SM] ASISTENCIA: parado esperando al humano ('m <cm>' en el marcador)
  t=247.5 AGR-ENG-T pos=(-4.88,+2.43) yaw=-104.0 d=6.15 goal_err=+86 carrot_err= +61 c0=0.44 clear=0.29 prog=0.00 rel=0.98 bal=-0.11 obs=304 hard=287 obsc=320 yr=  0G nz=0.02 flt=0.06 dmap=+0/-0 shz=4.0 plan=30 cmd=(lx=+0.00,ly=+0.00,rx=-0.45)
  [META-SM] ASISTENCIA: parado esperando al humano ('m <cm>' en el marcador)
  [META-SM] ASISTENCIA: parado esperando al humano ('m <cm>' en el marcador)
  [META-SM] ASISTENCIA: parado esperando al humano ('m <cm>' en el marcador)
  [META-SM] ASISTENCIA: parado esperando al humano ('m <cm>' en el marcador)
  t=247.9 AGR-ENG-T pos=(-4.88,+2.43) yaw=-104.0 d=6.15 goal_err=+86 carrot_err= +61 c0=0.44 clear=0.29 prog=0.00 rel=0.98 bal=-0.11 obs=304 hard=287 obsc=320 yr=  0G nz=0.02 flt=0.05 dmap=+0/-0 shz=4.0 plan=30 cmd=(lx=+0.00,ly=+0.00,rx=-0.45)
  [META-SM] ASISTENCIA: parado esperando al humano ('m <cm>' en el marcador)
  [META-SM] ASISTENCIA: parado esperando al humano ('m <cm>' en el marcador)
  t=248.4 AGR-ENG-T pos=(-4.88,+2.43) yaw=-104.0 d=6.15 goal_err=+86 carrot_err= +61 c0=0.44 clear=0.29 prog=0.00 rel=0.98 bal=-0.11 obs=304 hard=287 obsc=320 yr=  0G nz=0.02 flt=0.04 dmap=+0/-0 shz=4.0 plan=30 cmd=(lx=+0.00,ly=+0.00,rx=-0.45)
  t=248.8 AGR-ENG-T pos=(-4.88,+2.43) yaw=-104.0 d=6.15 goal_err=+86 carrot_err= +61 c0=0.44 clear=0.29 prog=0.00 rel=0.79 bal=-0.11 obs=304 hard=287 obsc=320 yr=  0G nz=0.15 flt=0.32 dmap=+0/-0 shz=4.0 plan=30 cmd=(lx=+0.00,ly=+0.00,rx=-0.45)
  t=249.2 AGR-ENG-T pos=(-4.88,+2.43) yaw=-104.0 d=6.15 goal_err=+86 carrot_err= +61 c0=0.44 clear=0.29 prog=0.00 rel=0.76 bal=-0.11 obs=304 hard=287 obsc=320 yr=  0G nz=0.19 flt=0.17 dmap=+0/-0 shz=4.0 plan=30 cmd=(lx=+0.00,ly=+0.00,rx=-0.45)
  t=249.7 AGR-ENG-T pos=(-4.88,+2.43) yaw=-104.0 d=6.15 goal_err=+86 carrot_err= +61 c0=0.44 clear=0.29 prog=0.00 rel=0.83 bal=-0.11 obs=304 hard=287 obsc=320 yr=  0G nz=0.17 flt=0.04 dmap=+0/-0 shz=4.0 plan=30 cmd=(lx=+0.00,ly=+0.00,rx=-0.45)
  t=250.1 AGR-ENG-T pos=(-4.88,+2.43) yaw=-104.0 d=6.15 goal_err=+86 carrot_err= +61 c0=0.44 clear=0.29 prog=0.00 rel=0.82 bal=-0.11 obs=304 hard=287 obsc=320 yr=  0G nz=0.18 flt=0.08 dmap=+0/-0 shz=4.0 plan=30 cmd=(lx=+0.00,ly=+0.00,rx=-0.45)
  t=250.5 AGR-ENG-T pos=(-4.88,+2.43) yaw=-104.0 d=6.15 goal_err=+86 carrot_err= +61 c0=0.44 clear=0.29 prog=0.00 rel=0.82 bal=-0.11 obs=304 hard=287 obsc=320 yr=  0G nz=0.18 flt=0.04 dmap=+0/-0 shz=4.0 plan=30 cmd=(lx=+0.00,ly=+0.00,rx=-0.45)
  t=250.9 AGR-ENG-T pos=(-4.88,+2.43) yaw=-104.0 d=6.15 goal_err=+86 carrot_err= +61 c0=0.44 clear=0.29 prog=0.00 rel=0.84 bal=-0.11 obs=304 hard=287 obsc=320 yr=  0G nz=0.15 flt=0.04 dmap=+0/-0 shz=4.0 plan=30 cmd=(lx=+0.00,ly=+0.00,rx=-0.45)
  t=251.4 AGR-ENG-T pos=(-4.88,+2.43) yaw=-104.0 d=6.15 goal_err=+86 carrot_err= +61 c0=0.44 clear=0.29 prog=0.00 rel=0.99 bal=-0.11 obs=304 hard=287 obsc=320 yr=  0G nz=0.01 flt=0.05 dmap=+0/-0 shz=4.0 plan=30 cmd=(lx=+0.00,ly=+0.00,rx=-0.45)
  t=251.8 AGR-ENG-T pos=(-4.88,+2.43) yaw=-104.0 d=6.15 goal_err=+86 carrot_err= +61 c0=0.44 clear=0.29 prog=0.00 rel=0.72 bal=-0.11 obs=304 hard=287 obsc=320 yr=  0G nz=0.19 flt=0.18 dmap=+0/-0 shz=4.0 plan=30 cmd=(lx=+0.00,ly=+0.00,rx=-0.45)
  t=252.2 AGR-ENG-T pos=(-4.88,+2.43) yaw=-104.0 d=6.15 goal_err=+86 carrot_err= +61 c0=0.44 clear=0.29 prog=0.00 rel=0.75 bal=-0.11 obs=304 hard=287 obsc=320 yr=  0G nz=0.19 flt=0.04 dmap=+0/-0 shz=4.0 plan=30 cmd=(lx=+0.00,ly=+0.00,rx=-0.45)
  t=252.6 AGR-ENG-T pos=(-4.88,+2.43) yaw=-104.0 d=6.15 goal_err=+86 carrot_err= +61 c0=0.44 clear=0.29 prog=0.00 rel=0.81 bal=-0.11 obs=304 hard=287 obsc=320 yr=  0G nz=0.19 flt=0.05 dmap=+0/-0 shz=4.0 plan=30 cmd=(lx=+0.00,ly=+0.00,rx=-0.45)
  t=253.1 AGR-ENG-T pos=(-4.88,+2.43) yaw=-104.0 d=6.15 goal_err=+86 carrot_err= +61 c0=0.44 clear=0.29 prog=0.00 rel=0.81 bal=-0.11 obs=304 hard=287 obsc=320 yr=  0G nz=0.19 flt=0.13 dmap=+0/-0 shz=4.0 plan=30 cmd=(lx=+0.00,ly=+0.00,rx=-0.45)
  t=253.5 AGR-ENG-T pos=(-4.88,+2.43) yaw=-104.0 d=6.15 goal_err=+86 carrot_err= +61 c0=0.44 clear=0.29 prog=0.00 rel=0.81 bal=-0.11 obs=304 hard=287 obsc=320 yr=  0G nz=0.19 flt=0.04 dmap=+0/-0 shz=4.0 plan=30 cmd=(lx=+0.00,ly=+0.00,rx=-0.45)
  t=253.9 AGR-ENG-T pos=(-4.88,+2.43) yaw=-104.0 d=6.15 goal_err=+86 carrot_err= +61 c0=0.44 clear=0.29 prog=0.00 rel=0.98 bal=-0.11 obs=304 hard=287 obsc=320 yr=  0G nz=0.02 flt=0.05 dmap=+0/-0 shz=4.0 plan=30 cmd=(lx=+0.00,ly=+0.00,rx=-0.45)
  t=254.3 AGR-ENG-T pos=(-4.88,+2.43) yaw=-104.0 d=6.15 goal_err=+86 carrot_err= +61 c0=0.44 clear=0.29 prog=0.00 rel=0.98 bal=-0.11 obs=304 hard=287 obsc=320 yr=  0G nz=0.02 flt=0.04 dmap=+0/-0 shz=4.0 plan=30 cmd=(lx=+0.00,ly=+0.00,rx=-0.45)
  t=254.8 AGR-ENG-T pos=(-4.88,+2.43) yaw=-104.0 d=6.15 goal_err=+86 carrot_err= +61 c0=0.44 clear=0.29 prog=0.00 rel=0.97 bal=-0.11 obs=304 hard=287 obsc=320 yr=  0G nz=0.02 flt=0.06 dmap=+0/-0 shz=4.0 plan=30 cmd=(lx=+0.00,ly=+0.00,rx=-0.45)

  DESATASCO #18 en (-4.88,+2.43).
  t=255.2 AGR-BRK-TR pos=(-4.88,+2.43) yaw=-104.0 d=6.15 goal_err=+86 carrot_err= +61 c0=0.44 clear=0.29 prog=0.00 rel=0.98 bal=-0.11 obs=304 hard=287 obsc=320 yr=  0G nz=0.02 flt=0.07 dmap=+0/-0 shz=4.0 plan=0 cmd=(lx=+0.00,ly=+0.00,rx=+0.45)
  t=255.6 AGR-BRK-TR pos=(-4.88,+2.43) yaw=-104.0 d=6.15 goal_err=+86 carrot_err= +61 c0=0.44 clear=0.29 prog=0.00 rel=0.96 bal=-0.11 obs=304 hard=287 obsc=320 yr=  0G nz=0.04 flt=0.04 dmap=+0/-0 shz=4.0 plan=0 cmd=(lx=+0.00,ly=+0.00,rx=+0.45)
  t=256.1 AGR-BRK-TR pos=(-4.88,+2.43) yaw=-104.0 d=6.15 goal_err=+86 carrot_err= +61 c0=0.44 clear=0.29 prog=0.00 rel=0.97 bal=-0.11 obs=304 hard=287 obsc=320 yr=  0G nz=0.03 flt=0.01 dmap=+0/-0 shz=4.0 plan=0 cmd=(lx=+0.00,ly=+0.00,rx=+0.45)
  t=256.5 AGR-BRK-TR pos=(-4.88,+2.43) yaw=-104.0 d=6.15 goal_err=+86 carrot_err= +61 c0=0.44 clear=0.29 prog=0.00 rel=0.97 bal=-0.11 obs=304 hard=287 obsc=320 yr=  0G nz=0.03 flt=0.14 dmap=+0/-0 shz=4.0 plan=0 cmd=(lx=+0.00,ly=+0.00,rx=+0.45)
  t=256.9 AGR-BRK-TR pos=(-4.88,+2.43) yaw=-104.0 d=6.15 goal_err=+86 carrot_err= +61 c0=0.44 clear=0.29 prog=0.00 rel=0.96 bal=-0.11 obs=304 hard=287 obsc=320 yr=  0G nz=0.04 flt=0.12 dmap=+0/-0 shz=4.0 plan=0 cmd=(lx=+0.00,ly=+0.00,rx=+0.45)
  [META-SM] ASISTENCIA: parado esperando al humano ('m <cm>' en el marcador)
  [META-SM] ASISTENCIA: parado esperando al humano ('m <cm>' en el marcador)
  t=257.3 AGR-BRK-TR pos=(-4.88,+2.43) yaw=-104.0 d=6.15 goal_err=+86 carrot_err= +61 c0=0.44 clear=0.29 prog=0.00 rel=0.97 bal=-0.11 obs=304 hard=287 obsc=320 yr=  0G nz=0.03 flt=0.02 dmap=+0/-0 shz=4.0 plan=0 cmd=(lx=+0.00,ly=+0.00,rx=+0.45)
  [META-SM] ASISTENCIA: parado esperando al humano ('m <cm>' en el marcador)
  [META-SM] ASISTENCIA: parado esperando al humano ('m <cm>' en el marcador)
  [META-SM] ASISTENCIA: parado esperando al humano ('m <cm>' en el marcador)
  [META-SM] ASISTENCIA: parado esperando al humano ('m <cm>' en el marcador)
  t=257.8 AGR-ENG-T pos=(-4.88,+2.43) yaw=-104.0 d=6.15 goal_err=+86 carrot_err= +61 c0=0.44 clear=0.29 prog=0.00 rel=0.97 bal=-0.11 obs=304 hard=287 obsc=320 yr=  0G nz=0.03 flt=0.09 dmap=+0/-0 shz=4.0 plan=30 cmd=(lx=+0.00,ly=+0.00,rx=-0.45)
  [META-SM] ASISTENCIA: parado esperando al humano ('m <cm>' en el marcador)
  [META-SM] ASISTENCIA: parado esperando al humano ('m <cm>' en el marcador)
  [META-SM] ASISTENCIA: parado esperando al humano ('m <cm>' en el marcador)
  t=258.2 AGR-ENG-T pos=(-4.88,+2.43) yaw=-104.0 d=6.15 goal_err=+86 carrot_err= +61 c0=0.44 clear=0.29 prog=0.00 rel=0.94 bal=-0.11 obs=304 hard=287 obsc=320 yr=  0G nz=0.03 flt=0.14 dmap=+0/-0 shz=4.0 plan=30 cmd=(lx=+0.00,ly=+0.00,rx=-0.45)
  t=258.6 AGR-ENG-T pos=(-4.88,+2.43) yaw=-104.0 d=6.15 goal_err=+86 carrot_err= +61 c0=0.44 clear=0.29 prog=0.00 rel=0.95 bal=-0.11 obs=304 hard=287 obsc=320 yr=  0G nz=0.03 flt=0.03 dmap=+0/-0 shz=4.0 plan=30 cmd=(lx=+0.00,ly=+0.00,rx=-0.45)
  t=259.1 AGR-ENG-T pos=(-4.88,+2.43) yaw=-104.0 d=6.15 goal_err=+86 carrot_err= +61 c0=0.44 clear=0.29 prog=0.00 rel=0.96 bal=-0.11 obs=304 hard=287 obsc=320 yr=  0G nz=0.04 flt=0.07 dmap=+0/-0 shz=4.0 plan=30 cmd=(lx=+0.00,ly=+0.00,rx=-0.45)
  t=259.5 AGR-ENG-T pos=(-4.88,+2.43) yaw=-104.0 d=6.15 goal_err=+86 carrot_err= +61 c0=0.44 clear=0.29 prog=0.00 rel=0.95 bal=-0.11 obs=304 hard=287 obsc=320 yr=  0G nz=0.03 flt=0.06 dmap=+0/-0 shz=4.0 plan=30 cmd=(lx=+0.00,ly=+0.00,rx=-0.45)
  t=259.9 AGR-ENG-T pos=(-4.88,+2.43) yaw=-104.0 d=6.15 goal_err=+86 carrot_err= +61 c0=0.44 clear=0.29 prog=0.00 rel=0.95 bal=-0.11 obs=304 hard=287 obsc=320 yr=  0G nz=0.03 flt=0.03 dmap=+0/-0 shz=4.0 plan=30 cmd=(lx=+0.00,ly=+0.00,rx=-0.45)
  t=260.3 AGR-ENG-T pos=(-4.88,+2.43) yaw=-104.0 d=6.15 goal_err=+86 carrot_err= +61 c0=0.44 clear=0.29 prog=0.00 rel=0.95 bal=-0.11 obs=304 hard=287 obsc=320 yr=  0G nz=0.03 flt=0.07 dmap=+0/-0 shz=4.0 plan=30 cmd=(lx=+0.00,ly=+0.00,rx=-0.45)
  t=260.8 AGR-ENG-T pos=(-4.88,+2.43) yaw=-104.0 d=6.15 goal_err=+86 carrot_err= +61 c0=0.44 clear=0.29 prog=0.00 rel=0.94 bal=-0.11 obs=304 hard=287 obsc=320 yr=  0G nz=0.02 flt=0.10 dmap=+0/-0 shz=4.0 plan=30 cmd=(lx=+0.00,ly=+0.00,rx=-0.45)
  t=261.2 AGR-ENG-T pos=(-4.88,+2.43) yaw=-104.0 d=6.15 goal_err=+86 carrot_err= +61 c0=0.44 clear=0.29 prog=0.00 rel=0.99 bal=-0.11 obs=304 hard=287 obsc=320 yr=  0G nz=0.01 flt=0.04 dmap=+0/-0 shz=4.0 plan=30 cmd=(lx=+0.00,ly=+0.00,rx=-0.45)
  t=261.6 AGR-ENG-T pos=(-4.88,+2.43) yaw=-104.0 d=6.15 goal_err=+86 carrot_err= +61 c0=0.44 clear=0.29 prog=0.00 rel=0.98 bal=-0.11 obs=304 hard=287 obsc=320 yr=  0G nz=0.01 flt=0.03 dmap=+0/-0 shz=4.0 plan=30 cmd=(lx=+0.00,ly=+0.00,rx=-0.45)
  t=262.1 AGR-ENG-T pos=(-4.88,+2.43) yaw=-104.0 d=6.15 goal_err=+86 carrot_err= +61 c0=0.44 clear=0.29 prog=0.00 rel=0.98 bal=-0.11 obs=304 hard=287 obsc=320 yr=  0G nz=0.01 flt=0.06 dmap=+0/-0 shz=4.0 plan=30 cmd=(lx=+0.00,ly=+0.00,rx=-0.45)
  t=262.5 AGR-ENG-T pos=(-4.88,+2.43) yaw=-104.0 d=6.15 goal_err=+86 carrot_err= +61 c0=0.44 clear=0.29 prog=0.00 rel=0.98 bal=-0.11 obs=304 hard=287 obsc=320 yr=  0G nz=0.01 flt=0.05 dmap=+0/-0 shz=4.0 plan=30 cmd=(lx=+0.00,ly=+0.00,rx=-0.45)
  t=262.9 AGR-ENG-T pos=(-4.88,+2.43) yaw=-104.0 d=6.15 goal_err=+86 carrot_err= +61 c0=0.44 clear=0.29 prog=0.00 rel=0.97 bal=-0.11 obs=304 hard=287 obsc=320 yr=  0G nz=0.01 flt=0.04 dmap=+0/-0 shz=4.0 plan=30 cmd=(lx=+0.00,ly=+0.00,rx=-0.45)
  t=263.3 AGR-ENG-T pos=(-4.88,+2.43) yaw=-104.0 d=6.15 goal_err=+86 carrot_err= +61 c0=0.44 clear=0.29 prog=0.00 rel=0.99 bal=-0.11 obs=304 hard=287 obsc=320 yr=  0G nz=0.01 flt=0.04 dmap=+0/-0 shz=4.0 plan=30 cmd=(lx=+0.00,ly=+0.00,rx=-0.45)
  t=263.8 AGR-ENG-T pos=(-4.88,+2.43) yaw=-104.0 d=6.15 goal_err=+86 carrot_err= +61 c0=0.44 clear=0.29 prog=0.00 rel=0.97 bal=-0.11 obs=304 hard=287 obsc=320 yr=  0G nz=0.02 flt=0.07 dmap=+0/-0 shz=4.0 plan=30 cmd=(lx=+0.00,ly=+0.00,rx=-0.45)
  t=264.2 AGR-ENG-T pos=(-4.88,+2.43) yaw=-104.0 d=6.15 goal_err=+86 carrot_err= +61 c0=0.44 clear=0.29 prog=0.00 rel=0.97 bal=-0.11 obs=304 hard=287 obsc=320 yr=  0G nz=0.02 flt=0.10 dmap=+0/-0 shz=4.0 plan=30 cmd=(lx=+0.00,ly=+0.00,rx=-0.45)
  t=264.6 AGR-ENG-T pos=(-4.88,+2.43) yaw=-104.0 d=6.15 goal_err=+86 carrot_err= +61 c0=0.44 clear=0.29 prog=0.00 rel=0.98 bal=-0.11 obs=304 hard=287 obsc=320 yr=  0G nz=0.02 flt=0.04 dmap=+0/-0 shz=4.0 plan=30 cmd=(lx=+0.00,ly=+0.00,rx=-0.45)
  t=265.1 AGR-ENG-T pos=(-4.88,+2.43) yaw=-104.0 d=6.15 goal_err=+86 carrot_err= +61 c0=0.44 clear=0.29 prog=0.00 rel=0.95 bal=-0.11 obs=304 hard=287 obsc=320 yr=  0G nz=0.02 flt=0.06 dmap=+0/-0 shz=4.0 plan=30 cmd=(lx=+0.00,ly=+0.00,rx=-0.45)
  t=265.5 AGR-ENG-T pos=(-4.88,+2.43) yaw=-104.0 d=6.15 goal_err=+86 carrot_err= +61 c0=0.44 clear=0.29 prog=0.00 rel=0.96 bal=-0.11 obs=304 hard=287 obsc=320 yr=  0G nz=0.03 flt=0.05 dmap=+0/-0 shz=4.0 plan=30 cmd=(lx=+0.00,ly=+0.00,rx=-0.45)
  t=265.9 AGR-ENG-T pos=(-4.88,+2.43) yaw=-104.0 d=6.15 goal_err=+86 carrot_err= +61 c0=0.44 clear=0.29 prog=0.00 rel=0.95 bal=-0.11 obs=304 hard=287 obsc=320 yr=  0G nz=0.04 flt=0.08 dmap=+0/-0 shz=4.0 plan=30 cmd=(lx=+0.00,ly=+0.00,rx=-0.45)
  t=266.3 AGR-ENG-T pos=(-4.88,+2.43) yaw=-104.0 d=6.15 goal_err=+86 carrot_err= +61 c0=0.44 clear=0.29 prog=0.00 rel=0.96 bal=-0.11 obs=304 hard=287 obsc=320 yr=  0G nz=0.03 flt=0.07 dmap=+0/-0 shz=4.0 plan=30 cmd=(lx=+0.00,ly=+0.00,rx=-0.45)
  t=266.8 AGR-ENG-T pos=(-4.88,+2.43) yaw=-104.0 d=6.15 goal_err=+86 carrot_err= +61 c0=0.44 clear=0.29 prog=0.00 rel=0.96 bal=-0.11 obs=304 hard=287 obsc=320 yr=  0G nz=0.03 flt=0.05 dmap=+0/-0 shz=4.0 plan=30 cmd=(lx=+0.00,ly=+0.00,rx=-0.45)
  [META-SM] ASISTENCIA: parado esperando al humano ('m <cm>' en el marcador)
  t=267.2 AGR-ENG-T pos=(-4.88,+2.43) yaw=-104.0 d=6.15 goal_err=+86 carrot_err= +61 c0=0.44 clear=0.29 prog=0.00 rel=0.98 bal=-0.11 obs=304 hard=287 obsc=320 yr=  0G nz=0.02 flt=0.05 dmap=+0/-0 shz=4.0 plan=30 cmd=(lx=+0.00,ly=+0.00,rx=-0.45)
  [META-SM] ASISTENCIA: parado esperando al humano ('m <cm>' en el marcador)
  [META-SM] ASISTENCIA: parado esperando al humano ('m <cm>' en el marcador)
  [META-SM] ASISTENCIA: parado esperando al humano ('m <cm>' en el marcador)
  [META-SM] ASISTENCIA: parado esperando al humano ('m <cm>' en el marcador)
  t=267.6 AGR-ENG-T pos=(-4.88,+2.43) yaw=-104.0 d=6.15 goal_err=+86 carrot_err= +61 c0=0.44 clear=0.29 prog=0.00 rel=0.97 bal=-0.11 obs=304 hard=287 obsc=320 yr=  0G nz=0.03 flt=0.04 dmap=+0/-0 shz=3.9 plan=30 cmd=(lx=+0.00,ly=+0.00,rx=-0.45)
  [META-SM] ASISTENCIA: parado esperando al humano ('m <cm>' en el marcador)
  [META-SM] ASISTENCIA: parado esperando al humano ('m <cm>' en el marcador)
  [META-SM] ASISTENCIA: parado esperando al humano ('m <cm>' en el marcador)
  [META-SM] ASISTENCIA: parado esperando al humano ('m <cm>' en el marcador)
  t=268.1 AGR-ENG-T pos=(-4.88,+2.43) yaw=-104.0 d=6.15 goal_err=+86 carrot_err= +61 c0=0.44 clear=0.29 prog=0.00 rel=0.98 bal=-0.11 obs=304 hard=287 obsc=320 yr=  0G nz=0.02 flt=0.09 dmap=+0/-0 shz=4.0 plan=30 cmd=(lx=+0.00,ly=+0.00,rx=-0.45)
  [META-SM] ASISTENCIA: parado esperando al humano ('m <cm>' en el marcador)

  DESATASCO #19 en (-4.88,+2.43).
  t=268.5 AGR-BRK-TR pos=(-4.88,+2.43) yaw=-104.0 d=6.15 goal_err=+86 carrot_err= +61 c0=0.44 clear=0.29 prog=0.00 rel=0.97 bal=-0.11 obs=304 hard=287 obsc=320 yr=  0G nz=0.03 flt=0.03 dmap=+0/-0 shz=3.9 plan=0 cmd=(lx=+0.00,ly=+0.00,rx=+0.45)

  >>> META2 EXPERIENCE-ABORT: experiencia mala 100% en 143s con progreso +0.00m. Ninguna analogia es valida aqui: STOP y aborto (pide ayuda/reposiciona). G1_M2_ABORT=0 desactiva.
  [spill] derrames=0 E[N]=0.15 eta_max=1.23 riesgo=0.7%
  [dataset] travesia guardada -> /Users/adrianlendinezibanez/Claude/Projects/G1 ROBOT/dataset/20260814_171702_ours_A.json
  [stats] fila anadida -> /Users/adrianlendinezibanez/Claude/Projects/G1 ROBOT/dataset/runs_stats.csv

Fin goto.
  [META2-L2] estado guardado (/Users/adrianlendinezibanez/Claude/Projects/G1 ROBOT/state/meta2_state_vox_on.json): Pl={'Efficient_Nav': 1.0, 'Cautious_Nav': 1.0} derrames_run=0
