  backend grafico: TkAgg
>>> SIM ADAPTER: conectando a rosbridge ws://localhost:8765 ...
  esperando /odom (hasta 30s; el mundo del lab tarda en cargar)... ok
  /odom OK pose=(+0.99,+0.57) | /scan: OK
  escenario LAB: mapa/waypoints/puerta REALES (lab.world solo-paredes, frame G1)

>>> GOTO 'B' -> (-4.73,+3.04). Mando en mano (L2+B). Ctrl+C aborta.
    ENTORNO: SIM (id: lab_v1_prereal_4capas)  — esta run se registra como SIMULACION, no cuenta como run de robot
  Esperando pose localizada y primera nube... ok.
  FRAME-CHECK start=(+0.99,+0.57) wp_mas_cercano=A(+0.99,+0.57) offset=0.00m  -> frame OK (pose y waypoints alineados)
  [spill] payload de agua simulado (semilla=20260704_194912_ours_B.json)
  META2 ACTIVO (techo por analogia): Meta-Reasoner 2.0, analogia inicial Cautious_Nav

  !!!!!!!!!!!!!!!!!!!!!!!!!!!!!!!!!!!!!!!!!!!!!!!!!!!!!!!!!!!!!!!!!!!!!!!!!!
  !!  VISION OFF (G1_PERC sin definir) pero G1_NOVIS=1: navego SIN vision bajo tu responsabilidad.
  !!  La MESA invisible al LiDAR no se vera.
  !!!!!!!!!!!!!!!!!!!!!!!!!!!!!!!!!!!!!!!!!!!!!!!!!!!!!!!!!!!!!!!!!!!!!!!!!!

  mapa de referencia: 961 celdas | muebles estaticos (nav_map): 0 celdas | plan global: static
  t=  0.0 DWA-F pos=(+0.99,+0.57) yaw=-120.3 d=6.23 goal_err=-83 carrot_err= -62 c0=2.25 clear=1.00 prog=0.00 rel=1.00 bal=+0.19 obs=108 hard=108 obsc=108 yr=  0  nz=0.00 flt=0.19 dmap=+108/-0 shz=0.0 plan=34 cmd=(lx=+0.00,ly=+0.40,rx=+0.45)
  t=  0.4 DWA-F pos=(+0.97,+0.53) yaw=-126.3 d=6.22 goal_err=-77 carrot_err= -59 c0=2.21 clear=1.00 prog=0.05 rel=0.97 bal=+0.28 obs=111 hard=111 obsc=111 yr= 18G nz=0.03 flt=0.14 dmap=+0/-0 shz=3.1 plan=34 cmd=(lx=+0.00,ly=+0.40,rx=+0.45)
  t=  0.9 DWA-F pos=(+0.93,+0.49) yaw=-134.4 d=6.21 goal_err=-70 carrot_err= -55 c0=2.28 clear=1.00 prog=0.09 rel=0.96 bal=+0.41 obs=111 hard=111 obsc=111 yr= 18G nz=0.04 flt=0.15 dmap=+0/-0 shz=3.5 plan=34 cmd=(lx=+0.00,ly=+0.40,rx=+0.45)
  t=  1.3 DWA-F pos=(+0.87,+0.44) yaw=-142.4 d=6.18 goal_err=-63 carrot_err= -35 c0=2.50 clear=1.00 prog=0.14 rel=0.83 bal=+0.42 obs=118 hard=118 obsc=133 yr=  0  nz=0.17 flt=0.06 dmap=+7/-0 shz=3.9 plan=34 cmd=(lx=+0.00,ly=+0.40,rx=+0.00)
  t=  1.7 DWA-F pos=(+0.82,+0.40) yaw=-142.4 d=6.15 goal_err=-63 carrot_err= -38 c0=2.50 clear=1.00 prog=0.16 rel=0.79 bal=+0.42 obs=132 hard=118 obsc=138 yr=  0G nz=0.21 flt=0.02 dmap=+0/-0 shz=3.8 plan=33 cmd=(lx=+0.00,ly=+0.40,rx=+0.45)
  t=  2.1 DWA-F pos=(+0.78,+0.37) yaw=-148.4 d=6.12 goal_err=-58 carrot_err= -34 c0=2.50 clear=1.00 prog=0.19 rel=0.81 bal=+0.43 obs=139 hard=120 obsc=140 yr=  0  nz=0.19 flt=0.02 dmap=+0/-0 shz=3.9 plan=33 cmd=(lx=+0.00,ly=+0.40,rx=+0.00)
  t=  2.6 DWA-F pos=(+0.74,+0.34) yaw=-148.4 d=6.10 goal_err=-58 carrot_err= -36 c0=2.50 clear=1.00 prog=0.20 rel=0.99 bal=+0.43 obs=143 hard=124 obsc=146 yr=  0  nz=0.01 flt=0.00 dmap=+3/-1 shz=3.9 plan=33 cmd=(lx=+0.00,ly=+0.40,rx=+0.45)
  t=  3.0 DWA-F pos=(+0.70,+0.32) yaw=-152.4 d=6.08 goal_err=-54 carrot_err= -34 c0=2.50 clear=1.00 prog=0.20 rel=0.99 bal=+0.44 obs=143 hard=124 obsc=146 yr=  0  nz=0.01 flt=0.18 dmap=+0/-0 shz=3.9 plan=33 cmd=(lx=+0.00,ly=+0.40,rx=+0.00)
  t=  3.4 DWA-F pos=(+0.66,+0.30) yaw=-152.4 d=6.04 goal_err=-55 carrot_err= -34 c0=2.50 clear=1.00 prog=0.21 rel=0.99 bal=+0.44 obs=145 hard=141 obsc=146 yr=  0  nz=0.01 flt=0.02 dmap=+0/-0 shz=3.9 plan=32 cmd=(lx=+0.00,ly=+0.40,rx=+0.00)
  t=  3.9 DWA-F pos=(+0.62,+0.28) yaw=-152.4 d=6.02 goal_err=-55 carrot_err= -36 c0=2.50 clear=1.00 prog=0.20 rel=0.99 bal=+0.37 obs=146 hard=144 obsc=147 yr=  0  nz=0.01 flt=0.01 dmap=+0/-1 shz=3.9 plan=32 cmd=(lx=+0.00,ly=+0.40,rx=+0.00)
  t=  4.3 DWA-F pos=(+0.58,+0.26) yaw=-156.4 d=5.99 goal_err=-51 carrot_err= -34 c0=2.50 clear=1.00 prog=0.20 rel=0.99 bal=+0.37 obs=149 hard=147 obsc=150 yr= 18  nz=0.01 flt=0.01 dmap=+4/-1 shz=4.0 plan=32 cmd=(lx=+0.00,ly=+0.40,rx=+0.00)
  t=  4.7 DWA-F pos=(+0.54,+0.24) yaw=-156.4 d=5.96 goal_err=-52 carrot_err= -21 c0=2.50 clear=1.00 prog=0.21 rel=0.99 bal=+0.38 obs=151 hard=148 obsc=151 yr=  0  nz=0.01 flt=0.00 dmap=+0/-0 shz=3.9 plan=32 cmd=(lx=+0.00,ly=+0.40,rx=+0.00)
  t=  5.2 DWA-F pos=(+0.50,+0.22) yaw=-156.4 d=5.94 goal_err=-52 carrot_err= -22 c0=2.50 clear=1.00 prog=0.22 rel=0.98 bal=+0.40 obs=151 hard=149 obsc=151 yr=  0  nz=0.01 flt=0.00 dmap=+0/-0 shz=3.9 plan=32 cmd=(lx=+0.00,ly=+0.40,rx=+0.00)
  t=  5.6 DWA-F pos=(+0.44,+0.20) yaw=-156.4 d=5.90 goal_err=-52 carrot_err= -24 c0=2.50 clear=1.00 prog=0.22 rel=0.98 bal=+0.41 obs=152 hard=151 obsc=153 yr=  0  nz=0.01 flt=0.01 dmap=+0/-0 shz=3.9 plan=32 cmd=(lx=+0.00,ly=+0.40,rx=+0.00)
  t=  6.0 DWA-F pos=(+0.40,+0.18) yaw=-156.4 d=5.88 goal_err=-53 carrot_err= -25 c0=2.50 clear=1.00 prog=0.22 rel=0.99 bal=+0.42 obs=152 hard=151 obsc=154 yr=  0  nz=0.01 flt=0.00 dmap=+0/-0 shz=4.0 plan=32 cmd=(lx=+0.00,ly=+0.40,rx=+0.00)
  t=  6.5 DWA-F pos=(+0.36,+0.16) yaw=-156.4 d=5.85 goal_err=-53 carrot_err= -26 c0=2.50 clear=1.00 prog=0.22 rel=0.99 bal=+0.43 obs=153 hard=150 obsc=153 yr=  0  nz=0.01 flt=0.00 dmap=+0/-0 shz=3.9 plan=31 cmd=(lx=+0.00,ly=+0.40,rx=+0.00)
  t=  6.9 DWA-F pos=(+0.32,+0.15) yaw=-156.4 d=5.82 goal_err=-53 carrot_err= -28 c0=2.50 clear=1.00 prog=0.22 rel=0.99 bal=+0.44 obs=154 hard=152 obsc=154 yr=  0  nz=0.01 flt=0.00 dmap=+1/-0 shz=3.9 plan=31 cmd=(lx=+0.00,ly=+0.40,rx=+0.00)
  t=  7.3 DWA-F pos=(+0.28,+0.13) yaw=-156.4 d=5.80 goal_err=-54 carrot_err= -15 c0=2.50 clear=1.00 prog=0.21 rel=0.99 bal=+0.45 obs=154 hard=153 obsc=154 yr=  0  nz=0.01 flt=0.00 dmap=+0/-0 shz=4.0 plan=31 cmd=(lx=+0.00,ly=+0.40,rx=+0.00)
  t=  7.8 DWA-F pos=(+0.23,+0.11) yaw=-156.4 d=5.76 goal_err=-54 carrot_err= -16 c0=2.50 clear=1.00 prog=0.22 rel=0.99 bal=+0.46 obs=154 hard=154 obsc=155 yr=  0  nz=0.01 flt=0.00 dmap=+0/-0 shz=3.9 plan=30 cmd=(lx=+0.00,ly=+0.40,rx=+0.00)
  t=  8.2 DWA-F pos=(+0.19,+0.09) yaw=-156.4 d=5.74 goal_err=-55 carrot_err= -17 c0=2.50 clear=1.00 prog=0.21 rel=0.99 bal=+0.46 obs=156 hard=155 obsc=156 yr=  0  nz=0.01 flt=0.00 dmap=+0/-0 shz=4.0 plan=30 cmd=(lx=+0.00,ly=+0.40,rx=+0.00)
  t=  8.6 DWA-F pos=(+0.15,+0.07) yaw=-156.4 d=5.71 goal_err=-55 carrot_err= -18 c0=2.50 clear=1.00 prog=0.21 rel=0.99 bal=+0.39 obs=158 hard=158 obsc=159 yr=  0  nz=0.01 flt=0.00 dmap=+1/-1 shz=3.9 plan=30 cmd=(lx=+0.00,ly=+0.40,rx=+0.00)
  t=  9.1 DWA-F pos=(+0.11,+0.05) yaw=-156.4 d=5.69 goal_err=-55 carrot_err= -19 c0=2.45 clear=1.00 prog=0.21 rel=0.96 bal=+0.40 obs=159 hard=157 obsc=159 yr=  0  nz=0.04 flt=0.01 dmap=+0/-0 shz=4.0 plan=30 cmd=(lx=+0.00,ly=+0.40,rx=+0.00)
  t=  9.5 DWA-F pos=(+0.06,+0.03) yaw=-156.4 d=5.66 goal_err=-56 carrot_err= -22 c0=2.40 clear=1.00 prog=0.22 rel=0.93 bal=+0.40 obs=161 hard=159 obsc=162 yr=  0  nz=0.07 flt=0.00 dmap=+0/-0 shz=3.9 plan=29 cmd=(lx=+0.00,ly=+0.40,rx=+0.00)
  t=  9.9 DWA-F pos=(+0.02,+0.01) yaw=-156.4 d=5.63 goal_err=-56 carrot_err= -23 c0=2.35 clear=1.00 prog=0.20 rel=0.92 bal=+0.40 obs=161 hard=161 obsc=164 yr=  0  nz=0.08 flt=0.01 dmap=+1/-2 shz=3.9 plan=29 cmd=(lx=+0.00,ly=+0.40,rx=+0.00)
  t= 10.4 DWA-F pos=(-0.02,-0.01) yaw=-156.4 d=5.61 goal_err=-56 carrot_err= -24 c0=2.31 clear=1.00 prog=0.20 rel=0.92 bal=+0.42 obs=163 hard=161 obsc=163 yr=  0  nz=0.09 flt=0.01 dmap=+0/-0 shz=4.0 plan=29 cmd=(lx=+0.00,ly=+0.40,rx=+0.00)
  t= 10.8 DWA-F pos=(-0.06,-0.02) yaw=-156.4 d=5.58 goal_err=-57 carrot_err= -25 c0=2.27 clear=1.00 prog=0.20 rel=0.92 bal=+0.43 obs=163 hard=160 obsc=164 yr=  0  nz=0.08 flt=0.00 dmap=+0/-0 shz=3.9 plan=29 cmd=(lx=+0.00,ly=+0.40,rx=+0.00)
  t= 11.2 DWA-F pos=(-0.12,-0.05) yaw=-156.4 d=5.55 goal_err=-57 carrot_err= -27 c0=2.21 clear=1.00 prog=0.21 rel=0.92 bal=+0.46 obs=167 hard=164 obsc=167 yr=  0  nz=0.08 flt=0.01 dmap=+0/-0 shz=4.0 plan=29 cmd=(lx=+0.00,ly=+0.40,rx=+0.00)
  t= 11.7 DWA-F pos=(-0.16,-0.06) yaw=-156.4 d=5.53 goal_err=-58 carrot_err= -28 c0=2.17 clear=1.00 prog=0.20 rel=0.91 bal=+0.47 obs=167 hard=163 obsc=167 yr=  0  nz=0.09 flt=0.01 dmap=+0/-0 shz=3.9 plan=29 cmd=(lx=+0.00,ly=+0.40,rx=+0.00)
  t= 12.1 DWA-F pos=(-0.20,-0.08) yaw=-156.4 d=5.50 goal_err=-58 carrot_err= -29 c0=2.12 clear=1.00 prog=0.20 rel=0.92 bal=+0.49 obs=168 hard=165 obsc=169 yr=  0  nz=0.09 flt=0.03 dmap=+1/-1 shz=4.0 plan=29 cmd=(lx=+0.00,ly=+0.40,rx=+0.00)
  t= 12.5 DWA-F pos=(-0.24,-0.10) yaw=-156.4 d=5.48 goal_err=-59 carrot_err= -31 c0=2.08 clear=1.00 prog=0.19 rel=0.91 bal=+0.50 obs=169 hard=166 obsc=170 yr=  0  nz=0.09 flt=0.00 dmap=+0/-0 shz=3.9 plan=28 cmd=(lx=+0.00,ly=+0.40,rx=+0.00)
  t= 13.0 DWA-F pos=(-0.28,-0.12) yaw=-156.4 d=5.46 goal_err=-59 carrot_err= -33 c0=2.03 clear=1.00 prog=0.19 rel=0.92 bal=+0.51 obs=169 hard=168 obsc=171 yr=  0  nz=0.08 flt=0.00 dmap=+0/-0 shz=4.0 plan=28 cmd=(lx=+0.00,ly=+0.40,rx=+0.00)
  t= 13.4 DWA-F pos=(-0.33,-0.14) yaw=-156.4 d=5.43 goal_err=-59 carrot_err= -33 c0=1.98 clear=1.00 prog=0.19 rel=0.92 bal=+0.52 obs=170 hard=168 obsc=170 yr=  0  nz=0.09 flt=0.01 dmap=+1/-0 shz=4.0 plan=28 cmd=(lx=+0.00,ly=+0.40,rx=+0.00)
  t= 13.8 DWA-F pos=(-0.37,-0.16) yaw=-156.4 d=5.41 goal_err=-60 carrot_err= -34 c0=1.94 clear=1.00 prog=0.18 rel=0.92 bal=+0.52 obs=170 hard=168 obsc=170 yr=  0  nz=0.08 flt=0.00 dmap=+0/-0 shz=4.0 plan=27 cmd=(lx=+0.00,ly=+0.40,rx=+0.00)
  t= 14.3 DWA-F pos=(-0.41,-0.17) yaw=-156.4 d=5.38 goal_err=-60 carrot_err= -36 c0=1.89 clear=1.00 prog=0.18 rel=0.91 bal=+0.53 obs=170 hard=170 obsc=171 yr=  0  nz=0.09 flt=0.02 dmap=+0/-0 shz=4.0 plan=27 cmd=(lx=+0.00,ly=+0.40,rx=+0.00)
  t= 14.7 DWA-F pos=(-0.45,-0.19) yaw=-156.4 d=5.36 goal_err=-61 carrot_err= -38 c0=1.85 clear=1.00 prog=0.18 rel=0.91 bal=+0.53 obs=171 hard=170 obsc=172 yr=  0G nz=0.09 flt=0.00 dmap=+0/-0 shz=3.9 plan=27 cmd=(lx=+0.00,ly=+0.40,rx=+0.45)
  t= 15.1 DWA-F pos=(-0.50,-0.21) yaw=-162.4 d=5.33 goal_err=-55 carrot_err= -34 c0=1.79 clear=1.00 prog=0.18 rel=0.89 bal=+0.55 obs=183 hard=176 obsc=200 yr=  0  nz=0.09 flt=0.04 dmap=+12/-0 shz=4.0 plan=27 cmd=(lx=+0.00,ly=+0.40,rx=+0.00)
  t= 15.6 DWA-F pos=(-0.55,-0.22) yaw=-166.4 d=5.31 goal_err=-52 carrot_err= -40 c0=1.75 clear=1.00 prog=0.19 rel=0.90 bal=+0.55 obs=183 hard=176 obsc=200 yr= 19G nz=0.10 flt=0.09 dmap=+0/-0 shz=4.0 plan=26 cmd=(lx=+0.00,ly=+0.40,rx=+0.45)
  t= 16.0 DWA-F pos=(-0.59,-0.23) yaw=-170.5 d=5.28 goal_err=-48 carrot_err= -38 c0=1.71 clear=1.00 prog=0.20 rel=0.92 bal=+0.55 obs=184 hard=182 obsc=198 yr=  0  nz=0.08 flt=0.00 dmap=+0/-0 shz=4.0 plan=26 cmd=(lx=+0.00,ly=+0.40,rx=+0.00)
  t= 16.4 DWA-F pos=(-0.63,-0.24) yaw=-170.5 d=5.25 goal_err=-48 carrot_err= -39 c0=1.84 clear=1.00 prog=0.21 rel=0.91 bal=+0.56 obs=186 hard=182 obsc=198 yr=  0G nz=0.09 flt=0.00 dmap=+0/-0 shz=4.0 plan=26 cmd=(lx=+0.00,ly=+0.40,rx=+0.45)
  t= 16.9 DWA-F pos=(-0.69,-0.25) yaw=-174.5 d=5.21 goal_err=-45 carrot_err= -38 c0=1.87 clear=1.00 prog=0.23 rel=0.89 bal=+0.52 obs=194 hard=190 obsc=207 yr=  0  nz=0.11 flt=0.00 dmap=+3/-1 shz=4.0 plan=26 cmd=(lx=+0.00,ly=+0.40,rx=+0.00)
  t= 17.3 DWA-F pos=(-0.73,-0.25) yaw=-178.5 d=5.18 goal_err=-41 carrot_err= -36 c0=1.83 clear=1.00 prog=0.24 rel=0.90 bal=+0.53 obs=194 hard=190 obsc=207 yr= 19  nz=0.10 flt=0.04 dmap=+0/-0 shz=4.0 plan=26 cmd=(lx=+0.00,ly=+0.40,rx=+0.00)
  t= 17.7 DWA-F pos=(-0.78,-0.25) yaw=-178.5 d=5.15 goal_err=-41 carrot_err= -38 c0=1.79 clear=1.00 prog=0.25 rel=0.93 bal=+0.54 obs=205 hard=188 obsc=208 yr=  0  nz=0.07 flt=0.08 dmap=+0/-0 shz=4.0 plan=26 cmd=(lx=+0.00,ly=+0.40,rx=+0.45)
  t= 18.2 DWA-F pos=(-0.82,-0.25) yaw=+177.5 d=5.11 goal_err=-38 carrot_err= -36 c0=1.98 clear=1.00 prog=0.26 rel=0.91 bal=+0.55 obs=206 hard=189 obsc=210 yr=  0  nz=0.09 flt=0.01 dmap=+0/-0 shz=4.0 plan=26 cmd=(lx=+0.00,ly=+0.40,rx=+0.00)
  t= 18.6 DWA-F pos=(-0.88,-0.25) yaw=+177.5 d=5.07 goal_err=-38 carrot_err= -29 c0=1.92 clear=1.00 prog=0.27 rel=0.88 bal=+0.54 obs=204 hard=190 obsc=209 yr=  0  nz=0.12 flt=0.01 dmap=+0/-0 shz=4.0 plan=25 cmd=(lx=+0.00,ly=+0.40,rx=+0.00)
  t= 19.0 DWA-F pos=(-0.92,-0.25) yaw=+177.5 d=5.03 goal_err=-38 carrot_err= -31 c0=1.88 clear=1.00 prog=0.28 rel=0.90 bal=+0.52 obs=202 hard=190 obsc=207 yr=  0  nz=0.10 flt=0.01 dmap=+0/-0 shz=4.0 plan=25 cmd=(lx=+0.00,ly=+0.40,rx=+0.00)
  t= 19.5 DWA-F pos=(-0.96,-0.25) yaw=+177.5 d=5.00 goal_err=-39 carrot_err= -33 c0=1.84 clear=1.00 prog=0.28 rel=0.93 bal=+0.51 obs=202 hard=187 obsc=205 yr=  0  nz=0.07 flt=0.00 dmap=+0/-0 shz=4.0 plan=25 cmd=(lx=+0.00,ly=+0.40,rx=+0.00)
  t= 19.9 DWA-F pos=(-1.01,-0.25) yaw=+177.5 d=4.96 goal_err=-39 carrot_err= -37 c0=1.79 clear=1.00 prog=0.28 rel=0.91 bal=+0.34 obs=201 hard=188 obsc=204 yr=  0  nz=0.09 flt=0.02 dmap=+0/-0 shz=4.0 plan=24 cmd=(lx=+0.00,ly=+0.40,rx=+0.00)
  t= 20.3 DWA-F pos=(-1.06,-0.24) yaw=+177.5 d=4.92 goal_err=-39 carrot_err= -39 c0=1.74 clear=1.00 prog=0.28 rel=0.91 bal=+0.32 obs=201 hard=188 obsc=204 yr=  0G nz=0.09 flt=0.01 dmap=+0/-0 shz=4.0 plan=24 cmd=(lx=+0.00,ly=+0.40,rx=+0.45)
  t= 20.8 DWA-F pos=(-1.11,-0.24) yaw=+173.5 d=4.89 goal_err=-36 carrot_err= -36 c0=1.69 clear=1.00 prog=0.28 rel=0.91 bal=+0.31 obs=206 hard=187 obsc=216 yr=  0  nz=0.09 flt=0.00 dmap=+0/-0 shz=4.0 plan=24 cmd=(lx=+0.00,ly=+0.40,rx=+0.00)
  t= 21.2 DWA-F pos=(-1.15,-0.23) yaw=+171.5 d=4.85 goal_err=-34 carrot_err= -36 c0=1.65 clear=1.00 prog=0.28 rel=0.90 bal=+0.30 obs=205 hard=188 obsc=211 yr= 18G nz=0.10 flt=0.02 dmap=+0/-0 shz=4.0 plan=24 cmd=(lx=+0.00,ly=+0.40,rx=+0.00)
  t= 21.6 DWA-F pos=(-1.20,-0.23) yaw=+169.5 d=4.81 goal_err=-32 carrot_err= -27 c0=1.60 clear=1.00 prog=0.29 rel=0.92 bal=+0.29 obs=205 hard=191 obsc=211 yr=  0  nz=0.08 flt=0.01 dmap=+0/-1 shz=4.0 plan=23 cmd=(lx=+0.00,ly=+0.40,rx=+0.00)
  t= 22.1 DWA-F pos=(-1.25,-0.22) yaw=+169.5 d=4.76 goal_err=-33 carrot_err= -29 c0=1.55 clear=1.00 prog=0.31 rel=0.92 bal=+0.28 obs=204 hard=191 obsc=210 yr=  0  nz=0.08 flt=0.02 dmap=+0/-0 shz=4.0 plan=23 cmd=(lx=+0.00,ly=+0.40,rx=+0.00)
  t= 22.5 DWA-F pos=(-1.29,-0.21) yaw=+169.5 d=4.73 goal_err=-33 carrot_err= -30 c0=1.51 clear=1.00 prog=0.30 rel=0.92 bal=+0.27 obs=198 hard=188 obsc=206 yr=  0  nz=0.08 flt=0.00 dmap=+0/-0 shz=4.0 plan=23 cmd=(lx=+0.00,ly=+0.40,rx=+0.00)
  t= 22.9 DWA-F pos=(-1.34,-0.20) yaw=+169.5 d=4.69 goal_err=-33 carrot_err= -14 c0=1.46 clear=0.97 prog=0.30 rel=0.92 bal=+0.26 obs=198 hard=186 obsc=203 yr=  0  nz=0.08 flt=0.00 dmap=+0/-0 shz=4.0 plan=22 cmd=(lx=+0.00,ly=+0.40,rx=+0.00)
  t= 23.4 DWA-F pos=(-1.38,-0.19) yaw=+169.5 d=4.65 goal_err=-33 carrot_err= -15 c0=1.42 clear=0.94 prog=0.30 rel=0.92 bal=+0.26 obs=200 hard=188 obsc=205 yr=  0  nz=0.08 flt=0.00 dmap=+0/-0 shz=4.0 plan=22 cmd=(lx=+0.00,ly=+0.40,rx=+0.00)
  t= 23.8 DWA-F pos=(-1.43,-0.18) yaw=+169.5 d=4.62 goal_err=-34 carrot_err= -16 c0=1.37 clear=0.92 prog=0.30 rel=0.92 bal=+0.26 obs=202 hard=189 obsc=207 yr=  0  nz=0.08 flt=0.02 dmap=+0/-0 shz=4.0 plan=22 cmd=(lx=+0.00,ly=+0.40,rx=+0.00)
  t= 24.2 DWA-F pos=(-1.48,-0.17) yaw=+169.5 d=4.57 goal_err=-34 carrot_err= -17 c0=1.32 clear=0.88 prog=0.30 rel=0.92 bal=+0.12 obs=200 hard=188 obsc=206 yr=  0  nz=0.08 flt=0.00 dmap=+1/-1 shz=4.0 plan=22 cmd=(lx=+0.00,ly=+0.40,rx=+0.00)
  t= 24.7 DWA-F pos=(-1.52,-0.17) yaw=+169.5 d=4.53 goal_err=-34 carrot_err= -18 c0=1.28 clear=0.85 prog=0.30 rel=0.91 bal=+0.11 obs=199 hard=188 obsc=204 yr=  0  nz=0.09 flt=0.02 dmap=+0/-0 shz=4.0 plan=22 cmd=(lx=+0.00,ly=+0.40,rx=+0.00)
  t= 25.1 DWA-F pos=(-1.57,-0.16) yaw=+169.5 d=4.50 goal_err=-35 carrot_err= -23 c0=1.23 clear=0.82 prog=0.30 rel=0.90 bal=+0.11 obs=198 hard=188 obsc=204 yr=  0  nz=0.10 flt=0.00 dmap=+0/-0 shz=4.0 plan=22 cmd=(lx=+0.00,ly=+0.40,rx=+0.00)
  t= 25.5 DWA-F pos=(-1.61,-0.15) yaw=+169.5 d=4.46 goal_err=-35 carrot_err= -24 c0=1.19 clear=0.79 prog=0.30 rel=0.92 bal=+0.11 obs=199 hard=188 obsc=205 yr=  0  nz=0.08 flt=0.02 dmap=+0/-0 shz=4.0 plan=22 cmd=(lx=+0.00,ly=+0.40,rx=+0.00)
  t= 26.0 DWA-F pos=(-1.67,-0.14) yaw=+169.5 d=4.42 goal_err=-36 carrot_err= -26 c0=1.14 clear=0.76 prog=0.29 rel=0.91 bal=+0.11 obs=200 hard=189 obsc=206 yr=  0  nz=0.09 flt=0.02 dmap=+2/-1 shz=4.0 plan=21 cmd=(lx=+0.00,ly=+0.40,rx=+0.00)
  t= 26.4 DWA-F pos=(-1.71,-0.13) yaw=+169.5 d=4.38 goal_err=-36 carrot_err= -27 c0=1.09 clear=0.73 prog=0.29 rel=0.91 bal=+0.12 obs=199 hard=189 obsc=206 yr=  0  nz=0.09 flt=0.00 dmap=+0/-2 shz=4.0 plan=21 cmd=(lx=+0.00,ly=+0.40,rx=+0.00)
  t= 26.8 DWA-F pos=(-1.75,-0.12) yaw=+169.5 d=4.34 goal_err=-36 carrot_err= -30 c0=1.05 clear=0.70 prog=0.29 rel=0.92 bal=+0.11 obs=201 hard=189 obsc=206 yr=  0  nz=0.08 flt=0.00 dmap=+0/-0 shz=4.0 plan=21 cmd=(lx=+0.00,ly=+0.40,rx=+0.00)
  t= 27.3 DWA-F pos=(-1.81,-0.11) yaw=+169.5 d=4.30 goal_err=-37 carrot_err= -31 c0=1.00 clear=0.66 prog=0.31 rel=0.92 bal=+0.10 obs=201 hard=190 obsc=207 yr=  0  nz=0.08 flt=0.02 dmap=+0/-0 shz=4.0 plan=21 cmd=(lx=+0.00,ly=+0.40,rx=+0.00)
  t= 27.7 DWA-F pos=(-1.85,-0.10) yaw=+169.5 d=4.26 goal_err=-37 carrot_err= -23 c0=0.95 clear=0.64 prog=0.29 rel=0.92 bal=+0.10 obs=202 hard=190 obsc=206 yr=  0  nz=0.08 flt=0.00 dmap=+0/-0 shz=4.0 plan=20 cmd=(lx=+0.00,ly=+0.40,rx=+0.00)
  t= 28.1 DWA-F pos=(-1.90,-0.10) yaw=+169.5 d=4.23 goal_err=-37 carrot_err= -25 c0=0.91 clear=0.61 prog=0.29 rel=0.92 bal=+0.09 obs=202 hard=190 obsc=206 yr=  0  nz=0.08 flt=0.03 dmap=+0/-0 shz=4.0 plan=20 cmd=(lx=+0.00,ly=+0.40,rx=+0.00)
  t= 28.6 DWA-F pos=(-1.94,-0.09) yaw=+169.5 d=4.19 goal_err=-38 carrot_err= -28 c0=0.87 clear=0.58 prog=0.29 rel=0.93 bal=+0.09 obs=203 hard=191 obsc=207 yr=  0  nz=0.07 flt=0.00 dmap=+0/-0 shz=4.0 plan=20 cmd=(lx=+0.00,ly=+0.40,rx=+0.00)
  t= 29.0 DWA-F pos=(-1.98,-0.08) yaw=+169.5 d=4.16 goal_err=-38 carrot_err= -29 c0=0.83 clear=0.55 prog=0.29 rel=0.93 bal=+0.09 obs=204 hard=193 obsc=208 yr=  0  nz=0.07 flt=0.00 dmap=+0/-0 shz=4.0 plan=19 cmd=(lx=+0.00,ly=+0.40,rx=+0.00)
  t= 29.4 DWA-F pos=(-2.04,-0.07) yaw=+169.5 d=4.11 goal_err=-39 carrot_err= -31 c0=0.77 clear=0.52 prog=0.29 rel=0.92 bal=+0.08 obs=202 hard=195 obsc=209 yr=  0  nz=0.08 flt=0.00 dmap=+1/-3 shz=4.0 plan=19 cmd=(lx=+0.00,ly=+0.40,rx=+0.45)
  t= 29.9 DWA-F pos=(-2.08,-0.06) yaw=+165.5 d=4.08 goal_err=-35 carrot_err= -28 c0=0.93 clear=0.62 prog=0.29 rel=0.90 bal=-0.05 obs=210 hard=196 obsc=214 yr=  0  nz=0.10 flt=0.16 dmap=+0/-0 shz=4.0 plan=19 cmd=(lx=+0.00,ly=+0.40,rx=+0.00)
  t= 30.3 DWA-F pos=(-2.12,-0.05) yaw=+165.5 d=4.04 goal_err=-35 carrot_err= -29 c0=0.89 clear=0.59 prog=0.29 rel=0.89 bal=-0.06 obs=211 hard=198 obsc=215 yr=  0  nz=0.11 flt=0.00 dmap=+1/-0 shz=4.0 plan=19 cmd=(lx=+0.00,ly=+0.40,rx=+0.00)
  t= 30.7 DWA-F pos=(-2.17,-0.04) yaw=+165.5 d=4.01 goal_err=-36 carrot_err= -23 c0=1.03 clear=0.69 prog=0.29 rel=0.89 bal=-0.21 obs=212 hard=201 obsc=218 yr=  0  nz=0.11 flt=0.01 dmap=+1/-1 shz=4.0 plan=18 cmd=(lx=+0.00,ly=+0.40,rx=+0.00)
  t= 31.2 DWA-F pos=(-2.21,-0.03) yaw=+165.5 d=3.97 goal_err=-36 carrot_err= -24 c0=0.99 clear=0.66 prog=0.28 rel=0.90 bal=-0.51 obs=214 hard=201 obsc=218 yr=  0  nz=0.10 flt=0.01 dmap=+0/-0 shz=4.0 plan=18 cmd=(lx=+0.00,ly=+0.40,rx=+0.00)
  t= 31.6 DWA-F pos=(-2.26,-0.01) yaw=+165.5 d=3.93 goal_err=-37 carrot_err= -25 c0=0.94 clear=0.62 prog=0.29 rel=0.90 bal=-0.51 obs=213 hard=198 obsc=217 yr=  0  nz=0.10 flt=0.03 dmap=+0/-0 shz=4.0 plan=18 cmd=(lx=+0.00,ly=+0.40,rx=+0.00)
  t= 32.0 DWA-F pos=(-2.31,-0.00) yaw=+165.5 d=3.89 goal_err=-37 carrot_err= -26 c0=0.89 clear=0.60 prog=0.29 rel=0.90 bal=-0.57 obs=216 hard=203 obsc=221 yr=  0  nz=0.10 flt=0.02 dmap=+2/-0 shz=4.0 plan=18 cmd=(lx=+0.00,ly=+0.40,rx=+0.00)
  t= 32.5 DWA-F pos=(-2.35,+0.01) yaw=+165.5 d=3.85 goal_err=-37 carrot_err= -28 c0=0.85 clear=0.57 prog=0.29 rel=0.92 bal=-0.50 obs=216 hard=203 obsc=220 yr=  0  nz=0.09 flt=0.00 dmap=+1/-0 shz=4.0 plan=18 cmd=(lx=+0.00,ly=+0.40,rx=+0.00)
  t= 32.9 DWA-F pos=(-2.40,+0.02) yaw=+163.5 d=3.81 goal_err=-36 carrot_err= -28 c0=0.80 clear=0.53 prog=0.30 rel=0.92 bal=-0.49 obs=216 hard=203 obsc=220 yr= 19G nz=0.08 flt=0.02 dmap=+0/-0 shz=4.0 plan=18 cmd=(lx=+0.00,ly=+0.40,rx=+0.00)
  t= 33.3 DWA-F pos=(-2.44,+0.04) yaw=+161.5 d=3.77 goal_err=-34 carrot_err= -27 c0=0.76 clear=0.50 prog=0.29 rel=0.92 bal=-0.48 obs=216 hard=203 obsc=221 yr=  0  nz=0.08 flt=0.03 dmap=+0/-0 shz=4.0 plan=18 cmd=(lx=+0.00,ly=+0.40,rx=+0.00)
  t= 33.8 DWA-F pos=(-2.49,+0.05) yaw=+161.5 d=3.74 goal_err=-35 carrot_err= -28 c0=0.71 clear=0.48 prog=0.29 rel=0.91 bal=-0.47 obs=217 hard=205 obsc=222 yr=  0G nz=0.09 flt=0.02 dmap=+0/-0 shz=4.0 plan=17 cmd=(lx=+0.00,ly=+0.40,rx=+0.45)
  t= 34.2 DWA-F pos=(-2.53,+0.07) yaw=+157.5 d=3.70 goal_err=-31 carrot_err= -26 c0=1.08 clear=0.72 prog=0.30 rel=0.79 bal=-0.46 obs=220 hard=205 obsc=225 yr=  0  nz=0.21 flt=0.03 dmap=+0/-0 shz=4.0 plan=17 cmd=(lx=+0.00,ly=+0.40,rx=+0.00)
  t= 34.6 ENG-F pos=(-2.57,+0.08) yaw=+157.5 d=3.66 goal_err=-31 carrot_err= -26 c0=1.04 clear=0.69 prog=0.30 rel=0.73 bal=-0.45 obs=218 hard=205 obsc=225 yr=  0  nz=0.27 flt=0.01 dmap=+0/-0 shz=4.0 plan=17 cmd=(lx=+0.00,ly=+0.28,rx=+0.00)
  t= 35.0 ENG-F pos=(-2.61,+0.10) yaw=+157.5 d=3.63 goal_err=-32 carrot_err= -27 c0=1.00 clear=0.66 prog=0.29 rel=0.74 bal=-0.34 obs=218 hard=206 obsc=226 yr=  0  nz=0.26 flt=0.00 dmap=+3/-2 shz=4.0 plan=17 cmd=(lx=+0.00,ly=+0.28,rx=+0.00)
  t= 35.5 ENG-F pos=(-2.64,+0.11) yaw=+157.5 d=3.59 goal_err=-32 carrot_err= -28 c0=0.96 clear=0.64 prog=0.28 rel=0.92 bal=-0.34 obs=219 hard=206 obsc=225 yr=  0  nz=0.08 flt=0.03 dmap=+0/-0 shz=4.0 plan=17 cmd=(lx=+0.00,ly=+0.28,rx=+0.00)
  t= 35.9 ENG-F pos=(-2.68,+0.13) yaw=+157.5 d=3.56 goal_err=-32 carrot_err= -20 c0=0.93 clear=0.62 prog=0.27 rel=0.91 bal=-0.39 obs=221 hard=208 obsc=226 yr=  0  nz=0.09 flt=0.03 dmap=+0/-0 shz=4.0 plan=17 cmd=(lx=+0.00,ly=+0.28,rx=+0.00)
  t= 36.3 ENG-F pos=(-2.71,+0.14) yaw=+157.5 d=3.53 goal_err=-33 carrot_err= -21 c0=0.89 clear=0.59 prog=0.26 rel=0.92 bal=-0.33 obs=223 hard=210 obsc=227 yr=  0  nz=0.08 flt=0.00 dmap=+0/-0 shz=4.0 plan=17 cmd=(lx=+0.00,ly=+0.28,rx=+0.00)
  t= 36.7 ENG-F pos=(-2.74,+0.16) yaw=+157.5 d=3.50 goal_err=-33 carrot_err= -22 c0=0.86 clear=0.57 prog=0.24 rel=0.92 bal=-0.33 obs=224 hard=211 obsc=228 yr=  0  nz=0.08 flt=0.00 dmap=+0/-0 shz=4.0 plan=16 cmd=(lx=+0.00,ly=+0.28,rx=+0.00)
  t= 37.2 ENG-F pos=(-2.78,+0.17) yaw=+157.5 d=3.47 goal_err=-33 carrot_err= -23 c0=0.82 clear=0.55 prog=0.25 rel=0.92 bal=-0.33 obs=223 hard=211 obsc=228 yr=  0  nz=0.08 flt=0.04 dmap=+0/-0 shz=4.0 plan=16 cmd=(lx=+0.00,ly=+0.28,rx=+0.00)
  t= 37.6 ENG-F pos=(-2.82,+0.19) yaw=+157.5 d=3.44 goal_err=-34 carrot_err= -24 c0=0.78 clear=0.52 prog=0.25 rel=0.92 bal=-0.28 obs=222 hard=210 obsc=226 yr=  0  nz=0.08 flt=0.02 dmap=+0/-0 shz=4.0 plan=16 cmd=(lx=+0.00,ly=+0.28,rx=+0.00)
  t= 38.0 ENG-F pos=(-2.85,+0.20) yaw=+157.5 d=3.41 goal_err=-34 carrot_err= -25 c0=0.75 clear=0.50 prog=0.25 rel=0.91 bal=-0.28 obs=223 hard=213 obsc=228 yr=  0  nz=0.09 flt=0.00 dmap=+3/-1 shz=4.0 plan=16 cmd=(lx=+0.00,ly=+0.28,rx=+0.00)
  t= 38.5 ENG-F pos=(-2.88,+0.21) yaw=+157.5 d=3.38 goal_err=-34 carrot_err= -26 c0=0.72 clear=0.48 prog=0.25 rel=0.93 bal=-0.29 obs=224 hard=213 obsc=228 yr=  0  nz=0.07 flt=0.01 dmap=+0/-0 shz=3.9 plan=16 cmd=(lx=+0.00,ly=+0.28,rx=+0.00)
  t= 38.9 ENG-T pos=(-2.92,+0.23) yaw=+157.5 d=3.35 goal_err=-35 carrot_err= -27 c0=0.68 clear=0.46 prog=0.23 rel=0.93 bal=-0.17 obs=222 hard=214 obsc=228 yr=  0  nz=0.07 flt=0.02 dmap=+0/-0 shz=4.0 plan=16 cmd=(lx=+0.00,ly=+0.00,rx=+0.45)
  t= 39.3 ENG-F pos=(-2.93,+0.24) yaw=+151.4 d=3.33 goal_err=-29 carrot_err= -22 c0=0.69 clear=0.46 prog=0.21 rel=0.95 bal=-0.17 obs=222 hard=213 obsc=227 yr= 19  nz=0.05 flt=0.01 dmap=+0/-0 shz=4.0 plan=16 cmd=(lx=+0.00,ly=+0.28,rx=+0.00)
  t= 39.7 ENG-F pos=(-2.96,+0.25) yaw=+151.4 d=3.30 goal_err=-29 carrot_err= -23 c0=0.65 clear=0.43 prog=0.21 rel=0.95 bal=-0.18 obs=223 hard=213 obsc=227 yr=  0  nz=0.05 flt=0.00 dmap=+0/-0 shz=4.0 plan=16 cmd=(lx=+0.00,ly=+0.28,rx=+0.00)
  t= 40.2 ENG-F pos=(-3.00,+0.27) yaw=+151.4 d=3.27 goal_err=-29 carrot_err= -24 c0=0.62 clear=0.41 prog=0.21 rel=0.95 bal=-0.21 obs=222 hard=213 obsc=227 yr=  0  nz=0.05 flt=0.00 dmap=+0/-0 shz=4.0 plan=16 cmd=(lx=+0.00,ly=+0.28,rx=+0.00)
  t= 40.6 ENG-F pos=(-3.03,+0.29) yaw=+151.4 d=3.24 goal_err=-30 carrot_err= -25 c0=0.58 clear=0.39 prog=0.22 rel=0.94 bal=-0.22 obs=223 hard=213 obsc=227 yr=  0  nz=0.06 flt=0.03 dmap=+0/-0 shz=4.0 plan=16 cmd=(lx=+0.00,ly=+0.28,rx=+0.00)
  t= 41.0 ENG-F pos=(-3.04,+0.30) yaw=+147.4 d=3.22 goal_err=-26 carrot_err= -22 c0=0.57 clear=0.38 prog=0.20 rel=0.92 bal=-0.23 obs=223 hard=213 obsc=227 yr= 19  nz=0.08 flt=0.00 dmap=+0/-0 shz=4.0 plan=16 cmd=(lx=+0.00,ly=+0.28,rx=+0.00)
  t= 41.4 ENG-F pos=(-3.07,+0.31) yaw=+147.4 d=3.19 goal_err=-26 carrot_err= -20 c0=0.53 clear=0.35 prog=0.22 rel=0.93 bal=-0.23 obs=228 hard=218 obsc=233 yr=  0  nz=0.07 flt=0.02 dmap=+0/-0 shz=4.0 plan=15 cmd=(lx=+0.00,ly=+0.28,rx=+0.00)
  t= 41.9 ENG-T pos=(-3.10,+0.33) yaw=+147.4 d=3.16 goal_err=-26 carrot_err= -21 c0=0.56 clear=0.38 prog=0.22 rel=0.93 bal=-0.24 obs=228 hard=219 obsc=234 yr=  0G nz=0.07 flt=0.02 dmap=+0/-0 shz=4.0 plan=15 cmd=(lx=+0.00,ly=+0.00,rx=+0.45)
  t= 42.3 ENG-F pos=(-3.12,+0.34) yaw=+143.4 d=3.14 goal_err=-23 carrot_err= -17 c0=0.54 clear=0.36 prog=0.20 rel=0.95 bal=-0.18 obs=230 hard=218 obsc=235 yr=  0  nz=0.05 flt=0.00 dmap=+2/-1 shz=4.0 plan=15 cmd=(lx=+0.00,ly=+0.28,rx=+0.00)
  t= 42.7 ENG-T pos=(-3.15,+0.37) yaw=+143.4 d=3.10 goal_err=-23 carrot_err= -18 c0=0.50 clear=0.34 prog=0.21 rel=0.96 bal=-0.17 obs=231 hard=218 obsc=235 yr=  0G nz=0.04 flt=0.01 dmap=+0/-0 shz=4.0 plan=15 cmd=(lx=+0.00,ly=+0.00,rx=+0.45)
  t= 43.1 ENG-F pos=(-3.17,+0.38) yaw=+139.4 d=3.09 goal_err=-19 carrot_err= -14 c0=0.67 clear=0.45 prog=0.21 rel=0.90 bal=-0.16 obs=230 hard=221 obsc=237 yr=  0  nz=0.10 flt=0.00 dmap=+1/-0 shz=4.0 plan=15 cmd=(lx=+0.00,ly=+0.28,rx=+0.00)
  t= 43.6 ENG-T pos=(-3.19,+0.40) yaw=+139.4 d=3.06 goal_err=-19 carrot_err= -15 c0=0.64 clear=0.43 prog=0.20 rel=0.89 bal=+0.47 obs=227 hard=218 obsc=234 yr=  0  nz=0.11 flt=0.02 dmap=+2/-3 shz=4.0 plan=15 cmd=(lx=+0.00,ly=+0.00,rx=+0.45)
  t= 44.0 ENG-F pos=(-3.20,+0.41) yaw=+135.4 d=3.04 goal_err=-15 carrot_err= -11 c0=0.89 clear=0.59 prog=0.20 rel=0.80 bal=+0.47 obs=232 hard=220 obsc=236 yr=  0  nz=0.20 flt=0.15 dmap=+0/-0 shz=3.9 plan=15 cmd=(lx=+0.00,ly=+0.28,rx=+0.00)
  t= 44.4 ENG-T pos=(-3.22,+0.43) yaw=+135.4 d=3.01 goal_err=-15 carrot_err= -12 c0=0.86 clear=0.57 prog=0.18 rel=0.78 bal=+0.49 obs=230 hard=220 obsc=236 yr=  0  nz=0.22 flt=0.01 dmap=+0/-0 shz=4.0 plan=15 cmd=(lx=+0.00,ly=+0.00,rx=+0.45)
  t= 44.8 ENG-F pos=(-3.23,+0.44) yaw=+129.4 d=3.01 goal_err=-9 carrot_err=  -6 c0=1.40 clear=0.93 prog=0.17 rel=0.83 bal=+0.49 obs=230 hard=219 obsc=234 yr= 19  nz=0.17 flt=0.01 dmap=+0/-0 shz=4.0 plan=15 cmd=(lx=+0.00,ly=+0.28,rx=+0.00)
  t= 45.3 ENG-GO pos=(-3.25,+0.46) yaw=+129.4 d=2.98 goal_err=-9 carrot_err=  -6 c0=1.37 clear=0.91 prog=0.16 rel=0.59 bal=-0.11 obs=230 hard=219 obsc=234 yr=  0  nz=0.41 flt=0.01 dmap=+0/-0 shz=4.0 plan=15 cmd=(lx=+0.00,ly=+0.28,rx=+0.00)
  t= 45.7 ENG-GO pos=(-3.26,+0.48) yaw=+129.4 d=2.95 goal_err=-10 carrot_err=  -6 c0=1.34 clear=0.90 prog=0.17 rel=0.61 bal=-0.11 obs=226 hard=217 obsc=232 yr=  0  nz=0.39 flt=0.00 dmap=+0/-0 shz=4.0 plan=15 cmd=(lx=+0.00,ly=+0.28,rx=+0.00)
  t= 46.1 ENG-GO pos=(-3.28,+0.51) yaw=+129.4 d=2.92 goal_err=-10 carrot_err=  -3 c0=1.31 clear=0.88 prog=0.19 rel=0.70 bal=+0.53 obs=226 hard=216 obsc=231 yr=  0  nz=0.29 flt=0.00 dmap=+0/-0 shz=4.0 plan=14 cmd=(lx=+0.00,ly=+0.28,rx=+0.00)
  t= 46.5 ENG-GO pos=(-3.30,+0.53) yaw=+129.4 d=2.89 goal_err=-10 carrot_err=  -3 c0=1.28 clear=0.86 prog=0.21 rel=0.93 bal=+0.55 obs=228 hard=217 obsc=233 yr=  0  nz=0.07 flt=0.01 dmap=+0/-0 shz=4.0 plan=14 cmd=(lx=+0.00,ly=+0.28,rx=+0.00)
  t= 47.0 ENG-GO pos=(-3.32,+0.56) yaw=+129.4 d=2.85 goal_err=-10 carrot_err=  -3 c0=1.25 clear=0.83 prog=0.23 rel=0.93 bal=+0.17 obs=228 hard=217 obsc=233 yr=  0  nz=0.07 flt=0.01 dmap=+0/-0 shz=4.0 plan=14 cmd=(lx=+0.00,ly=+0.28,rx=+0.00)
  t= 47.4 ENG-GO pos=(-3.35,+0.59) yaw=+129.4 d=2.82 goal_err=-10 carrot_err=  -3 c0=1.22 clear=0.81 prog=0.25 rel=0.93 bal=+0.01 obs=228 hard=218 obsc=233 yr=  0  nz=0.07 flt=0.02 dmap=+2/-1 shz=4.0 plan=14 cmd=(lx=+0.00,ly=+0.28,rx=+0.00)
  t= 47.8 ENG-GO pos=(-3.37,+0.61) yaw=+129.4 d=2.78 goal_err=-10 carrot_err=  -1 c0=1.19 clear=0.79 prog=0.26 rel=0.93 bal=+0.03 obs=230 hard=220 obsc=235 yr=  0  nz=0.07 flt=0.00 dmap=+0/-0 shz=4.0 plan=13 cmd=(lx=+0.00,ly=+0.28,rx=+0.00)
  t= 48.2 ENG-GO pos=(-3.39,+0.64) yaw=+129.4 d=2.75 goal_err=-10 carrot_err=  -1 c0=1.15 clear=0.77 prog=0.27 rel=0.92 bal=+0.03 obs=231 hard=220 obsc=235 yr=  0  nz=0.08 flt=0.00 dmap=+0/-0 shz=4.0 plan=13 cmd=(lx=+0.00,ly=+0.28,rx=+0.00)
  t= 48.7 ENG-GO pos=(-3.42,+0.68) yaw=+129.4 d=2.70 goal_err=-10 carrot_err=  -1 c0=1.11 clear=0.74 prog=0.29 rel=0.92 bal=+0.04 obs=230 hard=220 obsc=235 yr=  0  nz=0.08 flt=0.00 dmap=+1/-1 shz=4.0 plan=13 cmd=(lx=+0.00,ly=+0.28,rx=+0.00)
  t= 49.1 ENG-GO pos=(-3.44,+0.70) yaw=+129.4 d=2.67 goal_err=-11 carrot_err=  -1 c0=1.08 clear=0.72 prog=0.29 rel=0.92 bal=-0.07 obs=226 hard=219 obsc=232 yr=  0  nz=0.09 flt=0.03 dmap=+0/-2 shz=4.0 plan=13 cmd=(lx=+0.00,ly=+0.28,rx=+0.00)
  t= 49.5 ENG-GO pos=(-3.47,+0.73) yaw=+129.4 d=2.63 goal_err=-11 carrot_err=  -1 c0=1.04 clear=0.70 prog=0.29 rel=0.92 bal=-0.08 obs=225 hard=217 obsc=230 yr=  0  nz=0.08 flt=0.01 dmap=+0/-0 shz=4.0 plan=12 cmd=(lx=+0.00,ly=+0.28,rx=+0.00)
  t= 49.9 ENG-GO pos=(-3.49,+0.76) yaw=+129.4 d=2.60 goal_err=-11 carrot_err=  -1 c0=1.01 clear=0.67 prog=0.29 rel=0.93 bal=+0.04 obs=224 hard=215 obsc=229 yr=  0  nz=0.07 flt=0.01 dmap=+0/-0 shz=4.0 plan=12 cmd=(lx=+0.00,ly=+0.28,rx=+0.00)
  t= 50.4 ENG-GO pos=(-3.51,+0.79) yaw=+129.4 d=2.56 goal_err=-11 carrot_err=  -1 c0=1.05 clear=0.70 prog=0.28 rel=0.94 bal=+0.04 obs=226 hard=216 obsc=231 yr=  0  nz=0.06 flt=0.01 dmap=+2/-1 shz=4.0 plan=12 cmd=(lx=+0.00,ly=+0.28,rx=+0.00)
  t= 50.8 ENG-GO pos=(-3.54,+0.82) yaw=+129.4 d=2.52 goal_err=-11 carrot_err=  -1 c0=1.01 clear=0.68 prog=0.29 rel=0.95 bal=+0.04 obs=226 hard=215 obsc=232 yr=  0  nz=0.04 flt=0.00 dmap=+0/-0 shz=4.0 plan=12 cmd=(lx=+0.00,ly=+0.28,rx=+0.00)
  t= 51.2 ENG-GO pos=(-3.56,+0.85) yaw=+129.4 d=2.48 goal_err=-11 carrot_err=  +1 c0=1.00 clear=0.67 prog=0.29 rel=0.94 bal=+0.04 obs=225 hard=214 obsc=230 yr=  0  nz=0.06 flt=0.02 dmap=+0/-0 shz=4.0 plan=12 cmd=(lx=+0.00,ly=+0.28,rx=+0.00)
  t= 51.6 ENG-GO pos=(-3.59,+0.88) yaw=+129.4 d=2.45 goal_err=-12 carrot_err=  +1 c0=0.97 clear=0.64 prog=0.29 rel=0.94 bal=+0.04 obs=224 hard=214 obsc=230 yr=  0  nz=0.06 flt=0.00 dmap=+0/-1 shz=4.0 plan=12 cmd=(lx=+0.00,ly=+0.28,rx=+0.00)
  t= 52.1 ENG-GO pos=(-3.61,+0.91) yaw=+129.4 d=2.41 goal_err=-12 carrot_err=  +1 c0=0.93 clear=0.62 prog=0.29 rel=0.94 bal=-0.08 obs=223 hard=214 obsc=230 yr=  0  nz=0.07 flt=0.00 dmap=+0/-0 shz=4.0 plan=12 cmd=(lx=+0.00,ly=+0.28,rx=+0.00)
  t= 52.5 ENG-GO pos=(-3.63,+0.93) yaw=+129.4 d=2.38 goal_err=-12 carrot_err=  +1 c0=0.90 clear=0.60 prog=0.28 rel=0.93 bal=-0.08 obs=222 hard=211 obsc=227 yr=  0  nz=0.07 flt=0.04 dmap=+0/-0 shz=4.0 plan=11 cmd=(lx=+0.00,ly=+0.28,rx=+0.00)
  t= 52.9 ENG-GO pos=(-3.66,+0.96) yaw=+129.4 d=2.34 goal_err=-12 carrot_err=  +1 c0=0.86 clear=0.58 prog=0.28 rel=0.92 bal=-0.08 obs=223 hard=212 obsc=227 yr=  0  nz=0.08 flt=0.00 dmap=+1/-0 shz=4.0 plan=11 cmd=(lx=+0.00,ly=+0.28,rx=+0.00)
  t= 53.3 ENG-GO pos=(-3.68,+1.00) yaw=+129.4 d=2.30 goal_err=-12 carrot_err=  +1 c0=0.82 clear=0.55 prog=0.29 rel=0.92 bal=+0.03 obs=224 hard=215 obsc=230 yr=  0  nz=0.08 flt=0.00 dmap=+1/-0 shz=4.0 plan=11 cmd=(lx=+0.00,ly=+0.28,rx=+0.00)
  t= 53.8 ENG-GO pos=(-3.71,+1.02) yaw=+129.4 d=2.26 goal_err=-12 carrot_err=  +1 c0=0.79 clear=0.53 prog=0.29 rel=0.92 bal=+0.03 obs=224 hard=214 obsc=228 yr=  0  nz=0.08 flt=0.00 dmap=+0/-0 shz=4.0 plan=11 cmd=(lx=+0.00,ly=+0.28,rx=+0.00)
  t= 54.2 ENG-GO pos=(-3.73,+1.05) yaw=+129.4 d=2.23 goal_err=-13 carrot_err=  +2 c0=0.76 clear=0.50 prog=0.29 rel=0.93 bal=+0.02 obs=224 hard=214 obsc=228 yr=  0  nz=0.07 flt=0.00 dmap=+0/-0 shz=4.0 plan=11 cmd=(lx=+0.00,ly=+0.28,rx=+0.00)
  t= 54.6 ENG-GO pos=(-3.75,+1.08) yaw=+129.4 d=2.19 goal_err=-13 carrot_err=  +3 c0=0.72 clear=0.48 prog=0.29 rel=0.92 bal=+0.01 obs=223 hard=214 obsc=229 yr=  0  nz=0.08 flt=0.01 dmap=+0/-0 shz=4.0 plan=11 cmd=(lx=+0.00,ly=+0.28,rx=+0.00)
  t= 55.0 ENG-GO pos=(-3.78,+1.11) yaw=+129.4 d=2.16 goal_err=-13 carrot_err=  +3 c0=0.96 clear=0.64 prog=0.28 rel=0.87 bal=+0.01 obs=222 hard=212 obsc=227 yr=  0  nz=0.13 flt=0.01 dmap=+0/-0 shz=4.0 plan=11 cmd=(lx=+0.00,ly=+0.28,rx=+0.00)
  t= 55.5 ENG-GO pos=(-3.80,+1.13) yaw=+129.4 d=2.12 goal_err=-13 carrot_err=  +3 c0=0.93 clear=0.62 prog=0.27 rel=0.84 bal=-0.01 obs=223 hard=214 obsc=228 yr=  0  nz=0.16 flt=0.00 dmap=+1/-1 shz=4.0 plan=11 cmd=(lx=+0.00,ly=+0.28,rx=+0.00)
  t= 55.9 ENG-GO pos=(-3.83,+1.17) yaw=+129.4 d=2.08 goal_err=-14 carrot_err=  +3 c0=0.88 clear=0.59 prog=0.29 rel=0.82 bal=-0.02 obs=225 hard=215 obsc=230 yr=  0  nz=0.18 flt=0.01 dmap=+1/-0 shz=4.0 plan=10 cmd=(lx=+0.00,ly=+0.28,rx=+0.00)
  t= 56.3 ENG-GO pos=(-3.85,+1.20) yaw=+129.4 d=2.04 goal_err=-14 carrot_err=  +3 c0=0.85 clear=0.57 prog=0.29 rel=0.86 bal=-0.04 obs=227 hard=216 obsc=231 yr=  0  nz=0.14 flt=0.01 dmap=+0/-0 shz=4.0 plan=10 cmd=(lx=+0.00,ly=+0.28,rx=+0.00)
  t= 56.7 ENG-GO pos=(-3.87,+1.23) yaw=+129.4 d=2.01 goal_err=-14 carrot_err=  +3 c0=0.82 clear=0.55 prog=0.29 rel=0.92 bal=-0.00 obs=225 hard=218 obsc=233 yr=  0  nz=0.08 flt=0.01 dmap=+0/-0 shz=4.0 plan=10 cmd=(lx=+0.00,ly=+0.28,rx=+0.00)
  t= 57.2 ENG-GO pos=(-3.90,+1.25) yaw=+129.4 d=1.97 goal_err=-14 carrot_err=  +3 c0=0.78 clear=0.52 prog=0.29 rel=0.92 bal=+0.11 obs=222 hard=216 obsc=229 yr=  0  nz=0.08 flt=0.00 dmap=+1/-3 shz=4.0 plan=10 cmd=(lx=+0.00,ly=+0.28,rx=+0.00)
  t= 57.6 ENG-GO pos=(-3.92,+1.28) yaw=+129.4 d=1.94 goal_err=-15 carrot_err=  -6 c0=1.58 clear=1.00 prog=0.27 rel=0.56 bal=+0.05 obs=221 hard=213 obsc=226 yr=  0  nz=0.43 flt=0.01 dmap=+0/-0 shz=4.0 plan=10 cmd=(lx=+0.00,ly=+0.28,rx=+0.00)
  t= 58.0 ENG-GO pos=(-3.95,+1.32) yaw=+129.4 d=1.89 goal_err=-15 carrot_err= -12 c0=1.53 clear=1.00 prog=0.29 rel=0.43 bal=+0.04 obs=221 hard=211 obsc=226 yr=  0  nz=0.57 flt=0.00 dmap=+0/-0 shz=4.0 plan=10 cmd=(lx=+0.00,ly=+0.28,rx=+0.00)
  t= 58.4 ENG-GO pos=(-3.97,+1.34) yaw=+129.4 d=1.86 goal_err=-15 carrot_err= -13 c0=1.50 clear=1.00 prog=0.29 rel=0.45 bal=+0.03 obs=221 hard=210 obsc=225 yr=  0  nz=0.55 flt=0.01 dmap=+0/-0 shz=4.0 plan=10 cmd=(lx=+0.00,ly=+0.28,rx=+0.00)
  t= 58.9 ENG-GO pos=(-3.99,+1.37) yaw=+129.4 d=1.82 goal_err=-16 carrot_err= -13 c0=1.46 clear=0.98 prog=0.29 rel=0.59 bal=+0.02 obs=223 hard=213 obsc=228 yr=  0  nz=0.41 flt=0.01 dmap=+0/-0 shz=4.0 plan=9 cmd=(lx=+0.00,ly=+0.28,rx=+0.00)
  t= 59.3 ENG-GO pos=(-4.02,+1.40) yaw=+129.4 d=1.79 goal_err=-16 carrot_err= -14 c0=1.43 clear=0.95 prog=0.29 rel=0.92 bal=-0.01 obs=223 hard=214 obsc=227 yr=  0  nz=0.08 flt=0.00 dmap=+0/-0 shz=4.0 plan=9 cmd=(lx=+0.00,ly=+0.28,rx=+0.00)
  t= 59.7 ENG-GO pos=(-4.04,+1.43) yaw=+129.4 d=1.76 goal_err=-16 carrot_err= -14 c0=1.40 clear=0.93 prog=0.29 rel=0.94 bal=-0.01 obs=223 hard=213 obsc=227 yr=  0  nz=0.06 flt=0.00 dmap=+0/-0 shz=4.0 plan=9 cmd=(lx=+0.00,ly=+0.28,rx=+0.00)
  t= 60.1 ENG-GO pos=(-4.06,+1.45) yaw=+129.4 d=1.72 goal_err=-17 carrot_err= -15 c0=1.36 clear=0.91 prog=0.27 rel=0.93 bal=-0.01 obs=224 hard=214 obsc=228 yr=  0  nz=0.07 flt=0.01 dmap=+0/-0 shz=4.0 plan=9 cmd=(lx=+0.00,ly=+0.28,rx=+0.00)
  t= 60.6 ENG-GO pos=(-4.09,+1.49) yaw=+129.4 d=1.68 goal_err=-17 carrot_err= -16 c0=1.32 clear=0.88 prog=0.28 rel=0.93 bal=-0.04 obs=225 hard=216 obsc=230 yr=  0  nz=0.07 flt=0.00 dmap=+0/-0 shz=4.0 plan=9 cmd=(lx=+0.00,ly=+0.28,rx=+0.00)
  t= 61.0 ENG-GO pos=(-4.11,+1.52) yaw=+129.4 d=1.64 goal_err=-17 carrot_err= -10 c0=1.28 clear=0.86 prog=0.28 rel=0.93 bal=+0.08 obs=225 hard=216 obsc=229 yr=  0  nz=0.07 flt=0.01 dmap=+0/-0 shz=4.0 plan=9 cmd=(lx=+0.00,ly=+0.28,rx=+0.00)
  t= 61.4 ENG-GO pos=(-4.14,+1.55) yaw=+129.4 d=1.61 goal_err=-18 carrot_err= -11 c0=1.25 clear=0.83 prog=0.28 rel=0.93 bal=-0.56 obs=226 hard=215 obsc=231 yr=  0  nz=0.07 flt=0.01 dmap=+1/-0 shz=4.0 plan=9 cmd=(lx=+0.00,ly=+0.28,rx=+0.00)
  t= 61.8 ENG-GO pos=(-4.16,+1.57) yaw=+129.4 d=1.57 goal_err=-18 carrot_err= -11 c0=1.22 clear=0.81 prog=0.28 rel=0.93 bal=-0.57 obs=228 hard=217 obsc=232 yr=  0  nz=0.07 flt=0.00 dmap=+0/-0 shz=4.0 plan=9 cmd=(lx=+0.00,ly=+0.28,rx=+0.00)
  t= 62.3 ENG-GO pos=(-4.18,+1.60) yaw=+129.4 d=1.54 goal_err=-19 carrot_err= -12 c0=1.18 clear=0.79 prog=0.27 rel=0.92 bal=-0.59 obs=226 hard=217 obsc=232 yr=  0  nz=0.08 flt=0.01 dmap=+0/-0 shz=4.0 plan=8 cmd=(lx=+0.00,ly=+0.28,rx=+0.00)
  t= 62.7 ENG-GO pos=(-4.21,+1.64) yaw=+129.4 d=1.50 goal_err=-19 carrot_err= -12 c0=1.14 clear=0.76 prog=0.28 rel=0.92 bal=-0.61 obs=229 hard=218 obsc=234 yr=  0  nz=0.08 flt=0.00 dmap=+0/-1 shz=4.0 plan=8 cmd=(lx=+0.00,ly=+0.28,rx=+0.00)
  t= 63.1 ENG-GO pos=(-4.23,+1.66) yaw=+129.4 d=1.46 goal_err=-20 carrot_err= -13 c0=1.11 clear=0.74 prog=0.28 rel=0.92 bal=-0.37 obs=231 hard=220 obsc=236 yr=  0  nz=0.08 flt=0.00 dmap=+0/-0 shz=3.9 plan=8 cmd=(lx=+0.00,ly=+0.28,rx=+0.00)
  t= 63.5 ENG-GO pos=(-4.26,+1.69) yaw=+129.4 d=1.43 goal_err=-20 carrot_err= -13 c0=1.07 clear=0.71 prog=0.28 rel=0.91 bal=-0.38 obs=235 hard=224 obsc=239 yr=  0  nz=0.09 flt=0.00 dmap=+0/-0 shz=4.0 plan=8 cmd=(lx=+0.00,ly=+0.28,rx=+0.00)
  t= 64.0 ENG-GO pos=(-4.28,+1.72) yaw=+129.4 d=1.40 goal_err=-21 carrot_err= -14 c0=1.04 clear=0.69 prog=0.28 rel=0.94 bal=-0.16 obs=232 hard=221 obsc=236 yr=  0  nz=0.06 flt=0.00 dmap=+1/-2 shz=4.0 plan=8 cmd=(lx=+0.00,ly=+0.28,rx=+0.00)
  t= 64.4 ENG-GO pos=(-4.30,+1.75) yaw=+129.4 d=1.36 goal_err=-21 carrot_err= -20 c0=1.01 clear=0.67 prog=0.27 rel=0.92 bal=-0.27 obs=234 hard=223 obsc=238 yr=  0  nz=0.08 flt=0.00 dmap=+0/-0 shz=4.0 plan=8 cmd=(lx=+0.00,ly=+0.28,rx=+0.00)
  t= 64.8 ENG-GO pos=(-4.32,+1.77) yaw=+129.4 d=1.33 goal_err=-22 carrot_err= -21 c0=0.97 clear=0.65 prog=0.27 rel=0.93 bal=-0.28 obs=236 hard=225 obsc=241 yr=  0  nz=0.07 flt=0.00 dmap=+0/-0 shz=4.0 plan=8 cmd=(lx=+0.00,ly=+0.28,rx=+0.00)
  t= 65.2 DWA-F pos=(-4.35,+1.81) yaw=+129.4 d=1.29 goal_err=-22 carrot_err= -22 c0=1.03 clear=0.69 prog=0.28 rel=0.94 bal=-0.30 obs=236 hard=224 obsc=240 yr=  0  nz=0.06 flt=0.01 dmap=+0/-2 shz=4.0 plan=7 cmd=(lx=+0.00,ly=+0.40,rx=+0.00)
  t= 65.7 DWA-F pos=(-4.38,+1.84) yaw=+129.4 d=1.25 goal_err=-23 carrot_err= -23 c0=0.99 clear=0.66 prog=0.29 rel=0.95 bal=-0.41 obs=238 hard=225 obsc=242 yr=  0  nz=0.05 flt=0.00 dmap=+1/-0 shz=4.0 plan=7 cmd=(lx=+0.00,ly=+0.40,rx=+0.00)
  t= 66.1 DWA-F pos=(-4.41,+1.88) yaw=+129.4 d=1.21 goal_err=-24 carrot_err= -25 c0=0.95 clear=0.63 prog=0.30 rel=0.94 bal=-0.42 obs=235 hard=225 obsc=240 yr=  0  nz=0.06 flt=0.00 dmap=+0/-0 shz=4.0 plan=7 cmd=(lx=+0.00,ly=+0.40,rx=+0.00)
  t= 66.5 DWA-F pos=(-4.44,+1.91) yaw=+129.4 d=1.16 goal_err=-25 carrot_err= -17 c0=0.91 clear=0.60 prog=0.31 rel=0.93 bal=-0.43 obs=236 hard=224 obsc=240 yr=  0  nz=0.07 flt=0.01 dmap=+0/-1 shz=4.0 plan=7 cmd=(lx=+0.00,ly=+0.40,rx=+0.00)
  t= 67.0 DWA-F pos=(-4.47,+1.95) yaw=+129.4 d=1.12 goal_err=-26 carrot_err= -18 c0=0.86 clear=0.57 prog=0.32 rel=0.93 bal=-0.44 obs=236 hard=224 obsc=241 yr=  0  nz=0.07 flt=0.00 dmap=+0/-0 shz=4.0 plan=6 cmd=(lx=+0.00,ly=+0.40,rx=+0.00)
  t= 67.4 DWA-F pos=(-4.50,+1.99) yaw=+129.4 d=1.08 goal_err=-27 carrot_err= -19 c0=0.81 clear=0.54 prog=0.33 rel=0.92 bal=-0.48 obs=233 hard=223 obsc=240 yr=  0  nz=0.08 flt=0.00 dmap=+0/-0 shz=4.0 plan=6 cmd=(lx=+0.00,ly=+0.40,rx=+0.00)
  t= 67.8 DWA-F pos=(-4.53,+2.02) yaw=+129.4 d=1.04 goal_err=-28 carrot_err= -20 c0=0.77 clear=0.51 prog=0.33 rel=0.92 bal=-0.48 obs=237 hard=225 obsc=241 yr=  0  nz=0.08 flt=0.00 dmap=+0/-0 shz=4.0 plan=6 cmd=(lx=+0.00,ly=+0.40,rx=+0.00)
  t= 68.3 DWA-F pos=(-4.56,+2.06) yaw=+129.4 d=1.00 goal_err=-29 carrot_err= -21 c0=0.73 clear=0.48 prog=0.32 rel=0.91 bal=-0.49 obs=237 hard=227 obsc=242 yr=  0  nz=0.09 flt=0.00 dmap=+1/-1 shz=4.0 plan=6 cmd=(lx=+0.00,ly=+0.40,rx=+0.00)
  t= 68.7 DWA-F pos=(-4.59,+2.09) yaw=+129.4 d=0.96 goal_err=-31 carrot_err= -23 c0=0.69 clear=0.46 prog=0.32 rel=0.93 bal=-0.49 obs=235 hard=224 obsc=240 yr=  0  nz=0.07 flt=0.01 dmap=+1/-2 shz=4.0 plan=6 cmd=(lx=+0.00,ly=+0.40,rx=+0.00)
  t= 69.1 DWA-F pos=(-4.62,+2.14) yaw=+129.4 d=0.91 goal_err=-32 carrot_err= -28 c0=0.91 clear=0.60 prog=0.32 rel=0.88 bal=-0.50 obs=236 hard=224 obsc=241 yr=  0  nz=0.12 flt=0.00 dmap=+0/-0 shz=4.0 plan=6 cmd=(lx=+0.00,ly=+0.40,rx=+0.00)
  t= 69.6 DWA-F pos=(-4.65,+2.17) yaw=+129.4 d=0.87 goal_err=-34 carrot_err= -29 c0=0.87 clear=0.58 prog=0.31 rel=0.84 bal=-0.50 obs=235 hard=225 obsc=241 yr=  0  nz=0.16 flt=0.01 dmap=+0/-0 shz=4.0 plan=6 cmd=(lx=+0.00,ly=+0.40,rx=+0.45)
  t= 70.0 DWA-F pos=(-4.68,+2.20) yaw=+125.4 d=0.84 goal_err=-32 carrot_err= -27 c0=1.22 clear=0.81 prog=0.31 rel=0.85 bal=-0.51 obs=239 hard=228 obsc=244 yr=  0  nz=0.15 flt=0.00 dmap=+3/-0 shz=4.0 plan=5 cmd=(lx=+0.00,ly=+0.40,rx=+0.00)
  t= 70.4 DWA-F pos=(-4.70,+2.24) yaw=+125.4 d=0.80 goal_err=-33 carrot_err= -28 c0=1.18 clear=0.78 prog=0.31 rel=0.76 bal=-0.49 obs=239 hard=227 obsc=244 yr=  0  nz=0.24 flt=0.00 dmap=+0/-0 shz=4.0 plan=5 cmd=(lx=+0.00,ly=+0.40,rx=+0.00)
  t= 70.9 DWA-F pos=(-4.73,+2.29) yaw=+125.4 d=0.75 goal_err=-36 carrot_err= -30 c0=1.12 clear=0.75 prog=0.32 rel=0.76 bal=-0.50 obs=240 hard=229 obsc=245 yr=  0  nz=0.24 flt=0.00 dmap=+0/-0 shz=4.0 plan=5 cmd=(lx=+0.00,ly=+0.40,rx=+0.45)
  t= 71.3 DWA-F pos=(-4.76,+2.32) yaw=+121.4 d=0.72 goal_err=-34 carrot_err= -28 c0=1.08 clear=0.72 prog=0.30 rel=0.80 bal=-0.38 obs=246 hard=234 obsc=251 yr=  0  nz=0.20 flt=0.07 dmap=+8/-2 shz=4.0 plan=4 cmd=(lx=+0.00,ly=+0.40,rx=+0.45)
  t= 71.7 DWA-F pos=(-4.78,+2.36) yaw=+117.4 d=0.68 goal_err=-32 carrot_err= -26 c0=1.04 clear=0.69 prog=0.30 rel=0.90 bal=-0.38 obs=246 hard=234 obsc=252 yr=  0  nz=0.10 flt=0.05 dmap=+1/-1 shz=4.0 plan=4 cmd=(lx=+0.00,ly=+0.40,rx=+0.00)
  t= 72.1 DWA-F pos=(-4.80,+2.40) yaw=+117.4 d=0.64 goal_err=-34 carrot_err= -27 c0=1.00 clear=0.67 prog=0.30 rel=0.91 bal=-0.38 obs=247 hard=235 obsc=252 yr=  0  nz=0.09 flt=0.01 dmap=+0/-0 shz=4.0 plan=4 cmd=(lx=+0.00,ly=+0.40,rx=+0.00)
  t= 72.6 DWA-F pos=(-4.82,+2.44) yaw=+113.3 d=0.61 goal_err=-32 carrot_err= -25 c0=0.95 clear=0.64 prog=0.30 rel=0.91 bal=-0.37 obs=247 hard=235 obsc=252 yr= 18  nz=0.09 flt=0.05 dmap=+0/-0 shz=4.0 plan=4 cmd=(lx=+0.00,ly=+0.40,rx=+0.00)
  t= 73.0 DWA-F pos=(-4.84,+2.49) yaw=+111.3 d=0.56 goal_err=-33 carrot_err= -26 c0=0.90 clear=0.60 prog=0.30 rel=0.92 bal=-0.37 obs=246 hard=235 obsc=251 yr= 19G nz=0.08 flt=0.05 dmap=+0/-0 shz=4.0 plan=4 cmd=(lx=+0.00,ly=+0.40,rx=+0.45)
  t= 73.4 DWA-F pos=(-4.86,+2.53) yaw=+107.3 d=0.52 goal_err=-31 carrot_err= -24 c0=0.86 clear=0.57 prog=0.31 rel=0.91 bal=-0.36 obs=251 hard=239 obsc=262 yr=  0  nz=0.09 flt=0.02 dmap=+0/-0 shz=4.0 plan=4 cmd=(lx=+0.00,ly=+0.40,rx=+0.00)
  t= 73.9 DWA-F pos=(-4.87,+2.57) yaw=+103.3 d=0.49 goal_err=-30 carrot_err= -22 c0=0.98 clear=0.66 prog=0.30 rel=0.90 bal=-0.36 obs=250 hard=240 obsc=260 yr= 19G nz=0.10 flt=0.00 dmap=+0/-0 shz=4.0 plan=4 cmd=(lx=+0.00,ly=+0.40,rx=+0.00)
  t= 74.3 DWA-T pos=(-4.88,+2.60) yaw=+101.3 d=0.46 goal_err=-30 carrot_err= -22 c0=0.95 clear=0.64 prog=0.28 rel=0.90 bal=-0.15 obs=242 hard=234 obsc=254 yr=  0  nz=0.10 flt=0.00 dmap=+0/-5 shz=4.0 plan=3 cmd=(lx=+0.00,ly=+0.00,rx=+0.00)
  t= 74.7 DWA-T pos=(-4.88,+2.60) yaw=+101.3 d=0.46 goal_err=-30 carrot_err= -22 c0=0.95 clear=0.64 prog=0.22 rel=0.89 bal=-0.15 obs=242 hard=234 obsc=254 yr=  0  nz=0.11 flt=0.00 dmap=+0/-0 shz=4.0 plan=3 cmd=(lx=+0.00,ly=+0.00,rx=+0.00)
  t= 75.2 DWA-T pos=(-4.88,+2.60) yaw=+101.3 d=0.46 goal_err=-30 carrot_err= -22 c0=0.95 clear=0.64 prog=0.14 rel=0.89 bal=-0.15 obs=242 hard=234 obsc=254 yr=  0  nz=0.11 flt=0.00 dmap=+0/-0 shz=4.0 plan=3 cmd=(lx=+0.00,ly=+0.00,rx=+0.00)
  t= 75.6 BRK-BK pos=(-4.88,+2.60) yaw=+101.3 d=0.46 goal_err=-30 carrot_err= -22 c0=0.95 clear=0.64 prog=0.07 rel=0.89 bal=-0.15 obs=242 hard=234 obsc=254 yr=  0  nz=0.11 flt=0.00 dmap=+0/-0 shz=4.0 plan=0 cmd=(lx=+0.00,ly=-0.35,rx=+0.00)
  t= 76.0 BRK-TR pos=(-4.87,+2.55) yaw=+101.3 d=0.50 goal_err=-27 carrot_err= -20 c0=1.00 clear=0.67 prog=0.00 rel=1.00 bal=-0.14 obs=243 hard=233 obsc=250 yr=  0G nz=0.00 flt=0.03 dmap=+0/-0 shz=3.7 plan=0 cmd=(lx=+0.00,ly=+0.00,rx=+0.45)
  t= 76.4 BRK-TR pos=(-4.87,+2.55) yaw= +93.3 d=0.50 goal_err=-19 carrot_err= -12 c0=1.17 clear=0.78 prog=0.00 rel=0.97 bal=-0.16 obs=243 hard=233 obsc=250 yr= 19G nz=0.03 flt=0.00 dmap=+0/-0 shz=3.7 plan=0 cmd=(lx=+0.00,ly=+0.00,rx=+0.45)
  t= 76.9 BRK-TR pos=(-4.87,+2.55) yaw= +83.3 d=0.50 goal_err=-9 carrot_err=  -2 c0=1.15 clear=0.76 prog=0.00 rel=0.82 bal=-0.25 obs=243 hard=233 obsc=250 yr= 37G nz=0.18 flt=0.00 dmap=+0/-0 shz=3.7 plan=0 cmd=(lx=+0.00,ly=+0.00,rx=+0.45)
  t= 77.3 BRK-TR pos=(-4.87,+2.55) yaw= +75.2 d=0.50 goal_err=-1 carrot_err=  +6 c0=1.08 clear=0.72 prog=0.00 rel=0.83 bal=-0.29 obs=243 hard=233 obsc=250 yr= 20G nz=0.17 flt=0.00 dmap=+0/-0 shz=3.7 plan=0 cmd=(lx=+0.00,ly=+0.00,rx=+0.45)
  t= 77.7 BRK-TR pos=(-4.87,+2.55) yaw= +67.2 d=0.50 goal_err=+7 carrot_err= +14 c0=1.08 clear=0.72 prog=0.00 rel=0.86 bal=-0.29 obs=243 hard=233 obsc=250 yr= 19G nz=0.14 flt=0.00 dmap=+0/-0 shz=3.7 plan=0 cmd=(lx=+0.00,ly=+0.00,rx=+0.45)
  t= 78.1 BRK-TR pos=(-4.87,+2.55) yaw= +59.2 d=0.50 goal_err=+15 carrot_err= +22 c0=1.08 clear=0.72 prog=0.00 rel=0.89 bal=-0.19 obs=245 hard=235 obsc=252 yr= 19G nz=0.11 flt=0.08 dmap=+0/-0 shz=3.7 plan=0 cmd=(lx=+0.00,ly=+0.00,rx=+0.45)
  t= 78.6 DWA-T pos=(-4.87,+2.55) yaw= +53.2 d=0.50 goal_err=+21 carrot_err= +28 c0=1.08 clear=0.72 prog=0.00 rel=0.95 bal=-0.19 obs=237 hard=230 obsc=245 yr=  0  nz=0.05 flt=0.01 dmap=+0/-8 shz=3.7 plan=3 cmd=(lx=+0.00,ly=+0.00,rx=+0.00)
  t= 79.0 DWA-T pos=(-4.87,+2.55) yaw= +53.2 d=0.50 goal_err=+21 carrot_err= +28 c0=1.08 clear=0.72 prog=0.00 rel=0.95 bal=-0.19 obs=237 hard=230 obsc=245 yr=  0  nz=0.05 flt=0.01 dmap=+0/-0 shz=3.7 plan=3 cmd=(lx=+0.00,ly=+0.00,rx=+0.00)
  t= 79.4 DWA-T pos=(-4.87,+2.55) yaw= +53.2 d=0.50 goal_err=+21 carrot_err= +28 c0=1.08 clear=0.72 prog=0.00 rel=0.95 bal=-0.19 obs=237 hard=230 obsc=245 yr=  0  nz=0.05 flt=0.01 dmap=+0/-0 shz=3.7 plan=3 cmd=(lx=+0.00,ly=+0.00,rx=+0.00)
  t= 79.8 BRK-BK pos=(-4.87,+2.55) yaw= +53.2 d=0.50 goal_err=+21 carrot_err= +28 c0=1.08 clear=0.72 prog=0.00 rel=0.95 bal=-0.19 obs=237 hard=230 obsc=245 yr=  0  nz=0.05 flt=0.01 dmap=+0/-0 shz=3.7 plan=0 cmd=(lx=+0.00,ly=-0.35,rx=+0.00)
  t= 80.3 BRK-TR pos=(-4.90,+2.51) yaw= +53.2 d=0.55 goal_err=+19 carrot_err= +26 c0=1.13 clear=0.75 prog=0.00 rel=0.98 bal=-0.12 obs=234 hard=226 obsc=241 yr=  0G nz=0.02 flt=0.01 dmap=+0/-0 shz=3.4 plan=0 cmd=(lx=+0.00,ly=+0.00,rx=+0.45)
  t= 80.7 BRK-TR pos=(-4.90,+2.51) yaw= +45.2 d=0.55 goal_err=+27 carrot_err= +34 c0=1.13 clear=0.75 prog=0.00 rel=0.96 bal=-0.12 obs=234 hard=226 obsc=241 yr= 20G nz=0.04 flt=0.07 dmap=+0/-0 shz=3.4 plan=0 cmd=(lx=+0.00,ly=+0.00,rx=+0.45)
  t= 81.1 BRK-TR pos=(-4.90,+2.51) yaw= +37.1 d=0.55 goal_err=+35 carrot_err= +42 c0=1.13 clear=0.75 prog=0.00 rel=0.96 bal=-0.01 obs=234 hard=226 obsc=241 yr= 19G nz=0.04 flt=0.15 dmap=+0/-0 shz=3.4 plan=0 cmd=(lx=+0.00,ly=+0.00,rx=+0.45)
  t= 81.5 BRK-TR pos=(-4.90,+2.51) yaw= +29.1 d=0.55 goal_err=+43 carrot_err= +50 c0=1.13 clear=0.75 prog=0.00 rel=0.97 bal=+0.11 obs=234 hard=226 obsc=241 yr= 19G nz=0.03 flt=0.00 dmap=+0/-0 shz=3.4 plan=0 cmd=(lx=+0.00,ly=+0.00,rx=+0.45)
  t= 82.0 BRK-TR pos=(-4.90,+2.51) yaw= +19.1 d=0.55 goal_err=+53 carrot_err= +60 c0=1.30 clear=0.87 prog=0.00 rel=0.92 bal=+0.11 obs=234 hard=226 obsc=241 yr= 19G nz=0.08 flt=0.23 dmap=+0/-0 shz=3.4 plan=0 cmd=(lx=+0.00,ly=+0.00,rx=+0.45)
  t= 82.4 BRK-TR pos=(-4.90,+2.51) yaw= +11.1 d=0.55 goal_err=+61 carrot_err= +68 c0=1.30 clear=0.87 prog=0.00 rel=0.89 bal=+0.11 obs=237 hard=229 obsc=244 yr= 19G nz=0.11 flt=0.04 dmap=+0/-0 shz=3.4 plan=0 cmd=(lx=+0.00,ly=+0.00,rx=+0.45)
  t= 82.8 DWA-F pos=(-4.89,+2.51) yaw=  +7.1 d=0.55 goal_err=+66 carrot_err= +73 c0=1.13 clear=0.76 prog=0.01 rel=0.87 bal=+0.11 obs=237 hard=229 obsc=244 yr= 18G nz=0.13 flt=0.19 dmap=+0/-0 shz=3.4 plan=3 cmd=(lx=+0.00,ly=+0.28,rx=-0.45)
  t= 83.2 DWA-F pos=(-4.86,+2.52) yaw= +15.1 d=0.54 goal_err=+61 carrot_err= +68 c0=1.26 clear=0.84 prog=0.03 rel=0.81 bal=+0.06 obs=237 hard=229 obsc=244 yr= 18G nz=0.13 flt=0.29 dmap=+0/-0 shz=3.4 plan=3 cmd=(lx=+0.00,ly=+0.28,rx=-0.45)
  t= 83.7 DWA-F pos=(-4.83,+2.53) yaw= +23.1 d=0.52 goal_err=+55 carrot_err= +63 c0=1.21 clear=0.81 prog=0.05 rel=0.88 bal=+0.11 obs=237 hard=229 obsc=244 yr= 19G nz=0.12 flt=0.00 dmap=+0/-0 shz=3.4 plan=3 cmd=(lx=+0.00,ly=+0.28,rx=-0.45)
  t= 84.1 DWA-F pos=(-4.80,+2.54) yaw= +33.1 d=0.50 goal_err=+48 carrot_err= +56 c0=1.05 clear=0.70 prog=0.09 rel=0.80 bal=+0.05 obs=242 hard=234 obsc=249 yr= 19G nz=0.12 flt=0.03 dmap=+4/-0 shz=3.4 plan=3 cmd=(lx=+0.00,ly=+0.28,rx=-0.45)
  t= 84.5 DWA-F pos=(-4.78,+2.56) yaw= +41.1 d=0.48 goal_err=+43 carrot_err= +51 c0=1.02 clear=0.68 prog=0.12 rel=0.76 bal=+0.05 obs=243 hard=235 obsc=250 yr= 18G nz=0.18 flt=0.05 dmap=+0/-0 shz=3.4 plan=3 cmd=(lx=+0.00,ly=+0.28,rx=-0.45)
  t= 85.0 DWA-F pos=(-4.76,+2.58) yaw= +49.2 d=0.46 goal_err=+37 carrot_err= +46 c0=0.99 clear=0.66 prog=0.14 rel=0.82 bal=+0.05 obs=243 hard=235 obsc=250 yr= 19G nz=0.18 flt=0.02 dmap=+0/-0 shz=3.4 plan=3 cmd=(lx=+0.00,ly=+0.28,rx=-0.45)
  t= 85.4 DWA-F pos=(-4.74,+2.61) yaw= +59.2 d=0.43 goal_err=+30 carrot_err= +40 c0=0.96 clear=0.64 prog=0.17 rel=0.87 bal=-0.05 obs=244 hard=236 obsc=251 yr= 37G nz=0.13 flt=0.04 dmap=+0/-0 shz=3.4 plan=3 cmd=(lx=+0.00,ly=+0.28,rx=-0.45)

  >>> MODO AGRESIVO ON (12s sin acercarse a B): reduzco inflado y holgura (min seguridad 0.24m) para cruzar la puerta.
  t= 85.8 AGR-DWA-F pos=(-4.73,+2.63) yaw= +67.2 d=0.41 goal_err=+23 carrot_err= +34 c0=0.93 clear=0.62 prog=0.18 rel=0.93 bal=-0.05 obs=244 hard=236 obsc=251 yr= 19G nz=0.07 flt=0.04 dmap=+0/-0 shz=3.4 plan=3 cmd=(lx=+0.00,ly=+0.28,rx=-0.45)
  t= 86.3 AGR-DWA-T pos=(-4.72,+2.65) yaw= +71.2 d=0.39 goal_err=+20 carrot_err= +31 c0=0.92 clear=0.61 prog=0.17 rel=0.94 bal=-0.16 obs=233 hard=220 obsc=241 yr=  0  nz=0.06 flt=0.04 dmap=+0/-0 shz=3.4 plan=3 cmd=(lx=+0.00,ly=+0.00,rx=+0.00)
  t= 86.7 AGR-DWA-T pos=(-4.72,+2.65) yaw= +71.2 d=0.39 goal_err=+20 carrot_err= +31 c0=0.92 clear=0.61 prog=0.14 rel=0.95 bal=-0.16 obs=234 hard=221 obsc=243 yr=  0  nz=0.05 flt=0.05 dmap=+0/-0 shz=3.4 plan=3 cmd=(lx=+0.00,ly=+0.00,rx=+0.00)
  t= 87.1 AGR-DWA-T pos=(-4.72,+2.65) yaw= +71.2 d=0.39 goal_err=+20 carrot_err= +31 c0=0.92 clear=0.61 prog=0.10 rel=0.95 bal=-0.16 obs=234 hard=221 obsc=243 yr=  0  nz=0.05 flt=0.05 dmap=+0/-0 shz=3.4 plan=3 cmd=(lx=+0.00,ly=+0.00,rx=+0.00)
  t= 87.6 AGR-BRK-BK pos=(-4.72,+2.64) yaw= +71.2 d=0.40 goal_err=+20 carrot_err= +30 c0=0.93 clear=0.62 prog=0.03 rel=0.95 bal=-0.16 obs=234 hard=221 obsc=243 yr=  0  nz=0.05 flt=0.05 dmap=+0/-0 shz=3.4 plan=0 cmd=(lx=+0.00,ly=-0.35,rx=+0.00)
  t= 88.0 AGR-BRK-TR pos=(-4.74,+2.60) yaw= +69.2 d=0.44 goal_err=+20 carrot_err= +30 c0=0.96 clear=0.64 prog=0.00 rel=0.98 bal=-0.04 obs=229 hard=216 obsc=238 yr= 19G nz=0.02 flt=0.01 dmap=+0/-0 shz=3.2 plan=0 cmd=(lx=+0.00,ly=+0.00,rx=+0.45)
  t= 88.4 AGR-BRK-TR pos=(-4.74,+2.60) yaw= +61.2 d=0.44 goal_err=+28 carrot_err= +38 c0=0.96 clear=0.64 prog=0.00 rel=0.97 bal=-0.04 obs=229 hard=216 obsc=238 yr= 19G nz=0.03 flt=0.13 dmap=+0/-0 shz=3.3 plan=0 cmd=(lx=+0.00,ly=+0.00,rx=+0.45)
  t= 88.8 AGR-BRK-TR pos=(-4.74,+2.60) yaw= +53.2 d=0.44 goal_err=+36 carrot_err= +46 c0=0.96 clear=0.64 prog=0.00 rel=0.98 bal=+0.04 obs=229 hard=216 obsc=238 yr= 19G nz=0.02 flt=0.05 dmap=+0/-0 shz=3.3 plan=0 cmd=(lx=+0.00,ly=+0.00,rx=+0.45)
  t= 89.3 AGR-BRK-TR pos=(-4.74,+2.60) yaw= +43.2 d=0.44 goal_err=+46 carrot_err= +56 c0=0.96 clear=0.64 prog=0.00 rel=0.98 bal=+0.06 obs=229 hard=216 obsc=238 yr= 38G nz=0.02 flt=0.00 dmap=+0/-0 shz=3.3 plan=0 cmd=(lx=+0.00,ly=+0.00,rx=+0.45)
  t= 89.7 AGR-BRK-TR pos=(-4.74,+2.60) yaw= +35.1 d=0.44 goal_err=+54 carrot_err= +64 c0=0.96 clear=0.64 prog=0.00 rel=0.99 bal=+0.06 obs=229 hard=216 obsc=238 yr= 20G nz=0.01 flt=0.00 dmap=+0/-0 shz=3.2 plan=0 cmd=(lx=+0.00,ly=+0.00,rx=+0.45)
  t= 90.1 AGR-BRK-TR pos=(-4.74,+2.60) yaw= +27.1 d=0.44 goal_err=+62 carrot_err= +72 c0=1.09 clear=0.72 prog=0.00 rel=0.93 bal=+0.11 obs=229 hard=216 obsc=238 yr= 19G nz=0.07 flt=0.00 dmap=+0/-0 shz=3.3 plan=0 cmd=(lx=+0.00,ly=+0.00,rx=+0.45)
  t= 90.5 AGR-DWA-F pos=(-4.72,+2.61) yaw= +27.1 d=0.43 goal_err=+64 carrot_err= +74 c0=1.07 clear=0.72 prog=0.01 rel=0.90 bal=+0.11 obs=229 hard=216 obsc=238 yr= 18G nz=0.10 flt=0.05 dmap=+0/-0 shz=3.2 plan=3 cmd=(lx=+0.00,ly=+0.28,rx=-0.45)
  t= 91.0 AGR-DWA-F pos=(-4.70,+2.62) yaw= +35.1 d=0.42 goal_err=+59 carrot_err= +70 c0=0.93 clear=0.62 prog=0.03 rel=0.90 bal=+0.11 obs=229 hard=216 obsc=238 yr= 18G nz=0.10 flt=0.12 dmap=+0/-0 shz=3.2 plan=3 cmd=(lx=+0.00,ly=+0.28,rx=-0.45)
  t= 91.4 AGR-DWA-F pos=(-4.68,+2.64) yaw= +43.2 d=0.41 goal_err=+54 carrot_err= +65 c0=0.90 clear=0.60 prog=0.06 rel=0.86 bal=+0.08 obs=229 hard=216 obsc=238 yr= 18G nz=0.14 flt=0.02 dmap=+0/-0 shz=3.3 plan=3 cmd=(lx=+0.00,ly=+0.28,rx=-0.45)
  t= 91.8 AGR-DWA-F pos=(-4.65,+2.66) yaw= +53.2 d=0.38 goal_err=+48 carrot_err= +60 c0=0.87 clear=0.58 prog=0.10 rel=0.85 bal=+0.02 obs=230 hard=217 obsc=239 yr= 18G nz=0.15 flt=0.04 dmap=+1/-0 shz=3.2 plan=3 cmd=(lx=+0.00,ly=+0.28,rx=-0.45)
  t= 92.3 AGR-DWA-F pos=(-4.64,+2.69) yaw= +61.2 d=0.37 goal_err=+43 carrot_err= +56 c0=0.84 clear=0.56 prog=0.13 rel=0.93 bal=+0.01 obs=231 hard=218 obsc=240 yr= 18G nz=0.07 flt=0.03 dmap=+0/-0 shz=3.3 plan=3 cmd=(lx=+0.00,ly=+0.28,rx=-0.45)

  LLEGADO a 'B' (-4.73,+3.04); error=0.34 m, colisiones=0.
  [spill] derrames=0 E[N]=0.00 eta_max=0.72 riesgo=0.5%
  [dataset] travesia guardada -> /Users/adrianlendinezibanez/Claude/Projects/G1 ROBOT/dataset/20260704_194912_ours_B.json
  [stats] fila anadida -> /Users/adrianlendinezibanez/Claude/Projects/G1 ROBOT/dataset/runs_stats.csv

Fin goto.
  [META2-L2] estado guardado (meta2_state_prereal.json): Pl={'Efficient_Nav': 1.0, 'Cautious_Nav': 1.0} derrames_run=0
  backend grafico: TkAgg
>>> SIM ADAPTER: conectando a rosbridge ws://localhost:8765 ...
  esperando /odom (hasta 30s; el mundo del lab tarda en cargar)... ok
  /odom OK pose=(+0.99,+0.57) | /scan: OK
  escenario LAB: mapa/waypoints/puerta REALES (lab.world solo-paredes, frame G1)

>>> GOTO 'B' -> (-4.73,+3.04). Mando en mano (L2+B). Ctrl+C aborta.
    ENTORNO: SIM (id: lab_v1_prereal_4capas)  — esta run se registra como SIMULACION, no cuenta como run de robot
  Esperando pose localizada y primera nube... ok.
  FRAME-CHECK start=(+0.99,+0.57) wp_mas_cercano=A(+0.99,+0.57) offset=0.00m  -> frame OK (pose y waypoints alineados)
  [spill] payload de agua simulado (semilla=20260704_195059_ours_B.json)
  META2 ACTIVO (techo por analogia): Meta-Reasoner 2.0, analogia inicial Cautious_Nav

  !!!!!!!!!!!!!!!!!!!!!!!!!!!!!!!!!!!!!!!!!!!!!!!!!!!!!!!!!!!!!!!!!!!!!!!!!!
  !!  VISION OFF (G1_PERC sin definir) pero G1_NOVIS=1: navego SIN vision bajo tu responsabilidad.
  !!  La MESA invisible al LiDAR no se vera.
  !!!!!!!!!!!!!!!!!!!!!!!!!!!!!!!!!!!!!!!!!!!!!!!!!!!!!!!!!!!!!!!!!!!!!!!!!!

  mapa de referencia: 961 celdas | muebles estaticos (nav_map): 0 celdas | plan global: static
  t=  0.0 DWA-F pos=(+0.99,+0.57) yaw=-120.3 d=6.23 goal_err=-83 carrot_err= -62 c0=2.25 clear=1.00 prog=0.00 rel=1.00 bal=+0.19 obs=108 hard=108 obsc=108 yr=  0  nz=0.00 flt=0.19 dmap=+108/-0 shz=0.0 plan=34 cmd=(lx=+0.00,ly=+0.40,rx=+0.45)
  t=  0.4 DWA-F pos=(+0.97,+0.53) yaw=-126.3 d=6.22 goal_err=-77 carrot_err= -59 c0=2.21 clear=1.00 prog=0.05 rel=0.97 bal=+0.28 obs=111 hard=111 obsc=111 yr= 19G nz=0.03 flt=0.14 dmap=+0/-0 shz=3.1 plan=34 cmd=(lx=+0.00,ly=+0.40,rx=+0.45)
  t=  0.8 DWA-F pos=(+0.92,+0.47) yaw=-136.4 d=6.20 goal_err=-68 carrot_err= -54 c0=2.27 clear=1.00 prog=0.11 rel=0.95 bal=+0.41 obs=112 hard=112 obsc=112 yr= 19G nz=0.04 flt=0.02 dmap=+0/-0 shz=4.1 plan=34 cmd=(lx=+0.00,ly=+0.40,rx=+0.45)
  t=  1.3 DWA-F pos=(+0.87,+0.44) yaw=-142.4 d=6.18 goal_err=-63 carrot_err= -35 c0=2.50 clear=1.00 prog=0.14 rel=0.84 bal=+0.42 obs=119 hard=118 obsc=134 yr=  0  nz=0.16 flt=0.06 dmap=+7/-0 shz=3.9 plan=34 cmd=(lx=+0.00,ly=+0.40,rx=+0.00)
  t=  1.7 DWA-F pos=(+0.82,+0.40) yaw=-142.4 d=6.15 goal_err=-63 carrot_err= -38 c0=2.50 clear=1.00 prog=0.16 rel=0.80 bal=+0.42 obs=133 hard=118 obsc=140 yr=  0G nz=0.20 flt=0.02 dmap=+0/-0 shz=4.0 plan=33 cmd=(lx=+0.00,ly=+0.40,rx=+0.45)
  t=  2.1 DWA-F pos=(+0.78,+0.37) yaw=-148.4 d=6.12 goal_err=-58 carrot_err= -34 c0=2.50 clear=1.00 prog=0.19 rel=0.82 bal=+0.43 obs=154 hard=139 obsc=179 yr=  0  nz=0.17 flt=0.13 dmap=+0/-0 shz=3.9 plan=33 cmd=(lx=+0.00,ly=+0.40,rx=+0.00)
  t=  2.6 DWA-F pos=(+0.74,+0.34) yaw=-148.4 d=6.10 goal_err=-58 carrot_err= -36 c0=2.50 clear=1.00 prog=0.20 rel=0.99 bal=+0.43 obs=160 hard=144 obsc=179 yr=  0  nz=0.01 flt=0.00 dmap=+5/-2 shz=3.9 plan=33 cmd=(lx=+0.00,ly=+0.40,rx=+0.45)
  t=  3.0 DWA-F pos=(+0.70,+0.32) yaw=-152.4 d=6.08 goal_err=-54 carrot_err= -34 c0=2.50 clear=1.00 prog=0.20 rel=0.99 bal=+0.44 obs=162 hard=154 obsc=178 yr=  0  nz=0.01 flt=0.01 dmap=+3/-1 shz=4.0 plan=33 cmd=(lx=+0.00,ly=+0.40,rx=+0.00)
  t=  3.4 DWA-F pos=(+0.66,+0.30) yaw=-152.4 d=6.04 goal_err=-55 carrot_err= -34 c0=2.50 clear=1.00 prog=0.21 rel=0.99 bal=+0.44 obs=164 hard=155 obsc=177 yr=  0  nz=0.01 flt=0.01 dmap=+0/-0 shz=3.9 plan=32 cmd=(lx=+0.00,ly=+0.40,rx=+0.00)
  t=  3.9 DWA-F pos=(+0.62,+0.28) yaw=-152.4 d=6.02 goal_err=-55 carrot_err= -36 c0=2.50 clear=1.00 prog=0.20 rel=0.98 bal=+0.37 obs=165 hard=160 obsc=177 yr=  0  nz=0.02 flt=0.01 dmap=+0/-0 shz=4.0 plan=32 cmd=(lx=+0.00,ly=+0.40,rx=+0.00)
  t=  4.3 DWA-F pos=(+0.58,+0.26) yaw=-156.4 d=5.99 goal_err=-51 carrot_err= -34 c0=2.50 clear=1.00 prog=0.20 rel=0.98 bal=+0.37 obs=166 hard=164 obsc=179 yr= 19  nz=0.02 flt=0.01 dmap=+2/-1 shz=4.0 plan=32 cmd=(lx=+0.00,ly=+0.40,rx=+0.00)
  t=  4.7 DWA-F pos=(+0.54,+0.24) yaw=-156.4 d=5.96 goal_err=-52 carrot_err= -21 c0=2.50 clear=1.00 prog=0.21 rel=0.98 bal=+0.38 obs=168 hard=166 obsc=179 yr=  0  nz=0.02 flt=0.00 dmap=+0/-0 shz=4.0 plan=32 cmd=(lx=+0.00,ly=+0.40,rx=+0.00)
  t=  5.2 DWA-F pos=(+0.50,+0.22) yaw=-156.4 d=5.94 goal_err=-52 carrot_err= -22 c0=2.50 clear=1.00 prog=0.20 rel=0.98 bal=+0.40 obs=168 hard=166 obsc=179 yr=  0  nz=0.02 flt=0.00 dmap=+0/-0 shz=4.0 plan=32 cmd=(lx=+0.00,ly=+0.40,rx=+0.00)
  t=  5.6 DWA-F pos=(+0.44,+0.20) yaw=-156.4 d=5.90 goal_err=-52 carrot_err= -24 c0=2.50 clear=1.00 prog=0.22 rel=0.99 bal=+0.41 obs=169 hard=168 obsc=179 yr=  0  nz=0.01 flt=0.02 dmap=+0/-0 shz=3.9 plan=32 cmd=(lx=+0.00,ly=+0.40,rx=+0.00)
  t=  6.0 DWA-F pos=(+0.40,+0.18) yaw=-156.4 d=5.88 goal_err=-53 carrot_err= -25 c0=2.50 clear=1.00 prog=0.22 rel=0.99 bal=+0.42 obs=170 hard=167 obsc=180 yr=  0  nz=0.01 flt=0.00 dmap=+2/-0 shz=4.0 plan=32 cmd=(lx=+0.00,ly=+0.40,rx=+0.00)
  t=  6.5 DWA-F pos=(+0.36,+0.16) yaw=-156.4 d=5.85 goal_err=-53 carrot_err= -26 c0=2.50 clear=1.00 prog=0.22 rel=0.99 bal=+0.43 obs=170 hard=167 obsc=180 yr=  0  nz=0.01 flt=0.00 dmap=+0/-0 shz=3.9 plan=31 cmd=(lx=+0.00,ly=+0.40,rx=+0.00)
  t=  6.9 DWA-F pos=(+0.32,+0.15) yaw=-156.4 d=5.82 goal_err=-53 carrot_err= -28 c0=2.50 clear=1.00 prog=0.22 rel=0.99 bal=+0.44 obs=171 hard=168 obsc=181 yr=  0  nz=0.01 flt=0.01 dmap=+0/-0 shz=4.0 plan=31 cmd=(lx=+0.00,ly=+0.40,rx=+0.00)
  t=  7.3 DWA-F pos=(+0.28,+0.13) yaw=-156.4 d=5.80 goal_err=-54 carrot_err= -15 c0=2.50 clear=1.00 prog=0.21 rel=0.99 bal=+0.45 obs=171 hard=169 obsc=181 yr=  0  nz=0.01 flt=0.00 dmap=+0/-0 shz=4.0 plan=31 cmd=(lx=+0.00,ly=+0.40,rx=+0.00)
  t=  7.7 DWA-F pos=(+0.24,+0.11) yaw=-156.4 d=5.77 goal_err=-54 carrot_err= -16 c0=2.50 clear=1.00 prog=0.21 rel=0.99 bal=+0.45 obs=171 hard=170 obsc=181 yr=  0  nz=0.01 flt=0.00 dmap=+0/-0 shz=4.0 plan=30 cmd=(lx=+0.00,ly=+0.40,rx=+0.00)
  t=  8.2 DWA-F pos=(+0.19,+0.09) yaw=-156.4 d=5.74 goal_err=-55 carrot_err= -17 c0=2.50 clear=1.00 prog=0.22 rel=0.99 bal=+0.46 obs=172 hard=172 obsc=183 yr=  0  nz=0.01 flt=0.00 dmap=+0/-0 shz=4.0 plan=30 cmd=(lx=+0.00,ly=+0.40,rx=+0.00)
  t=  8.6 DWA-F pos=(+0.15,+0.07) yaw=-156.4 d=5.71 goal_err=-55 carrot_err= -18 c0=2.50 clear=1.00 prog=0.21 rel=0.99 bal=+0.39 obs=175 hard=175 obsc=185 yr=  0  nz=0.01 flt=0.00 dmap=+1/-1 shz=4.0 plan=30 cmd=(lx=+0.00,ly=+0.40,rx=+0.00)
  t=  9.0 DWA-F pos=(+0.11,+0.05) yaw=-156.4 d=5.69 goal_err=-55 carrot_err= -19 c0=2.45 clear=1.00 prog=0.21 rel=0.96 bal=+0.40 obs=175 hard=173 obsc=184 yr=  0  nz=0.04 flt=0.03 dmap=+0/-0 shz=4.0 plan=30 cmd=(lx=+0.00,ly=+0.40,rx=+0.00)
  t=  9.5 DWA-F pos=(+0.07,+0.03) yaw=-156.4 d=5.66 goal_err=-56 carrot_err= -21 c0=2.41 clear=1.00 prog=0.21 rel=0.94 bal=+0.40 obs=176 hard=174 obsc=185 yr=  0  nz=0.07 flt=0.00 dmap=+0/-0 shz=4.0 plan=29 cmd=(lx=+0.00,ly=+0.40,rx=+0.00)
  t=  9.9 DWA-F pos=(+0.02,+0.01) yaw=-156.4 d=5.63 goal_err=-56 carrot_err= -23 c0=2.35 clear=1.00 prog=0.21 rel=0.91 bal=+0.40 obs=177 hard=176 obsc=187 yr=  0  nz=0.09 flt=0.00 dmap=+0/-0 shz=4.0 plan=29 cmd=(lx=+0.00,ly=+0.40,rx=+0.00)
  t= 10.3 DWA-F pos=(-0.02,-0.01) yaw=-156.4 d=5.61 goal_err=-56 carrot_err= -24 c0=2.31 clear=1.00 prog=0.20 rel=0.91 bal=+0.42 obs=178 hard=177 obsc=188 yr=  0  nz=0.09 flt=0.01 dmap=+1/-0 shz=4.0 plan=29 cmd=(lx=+0.00,ly=+0.40,rx=+0.00)
  t= 10.8 DWA-F pos=(-0.06,-0.02) yaw=-156.4 d=5.58 goal_err=-57 carrot_err= -25 c0=2.27 clear=1.00 prog=0.20 rel=0.92 bal=+0.43 obs=179 hard=178 obsc=190 yr=  0  nz=0.08 flt=0.00 dmap=+0/-0 shz=4.0 plan=29 cmd=(lx=+0.00,ly=+0.40,rx=+0.00)
  t= 11.2 DWA-F pos=(-0.11,-0.04) yaw=-156.4 d=5.56 goal_err=-57 carrot_err= -26 c0=2.22 clear=1.00 prog=0.20 rel=0.92 bal=+0.45 obs=181 hard=180 obsc=191 yr=  0  nz=0.08 flt=0.01 dmap=+0/-0 shz=4.0 plan=29 cmd=(lx=+0.00,ly=+0.40,rx=+0.00)
  t= 11.6 DWA-F pos=(-0.15,-0.06) yaw=-156.4 d=5.53 goal_err=-58 carrot_err= -28 c0=2.18 clear=1.00 prog=0.19 rel=0.93 bal=+0.47 obs=181 hard=178 obsc=188 yr=  0  nz=0.07 flt=0.01 dmap=+0/-0 shz=4.0 plan=29 cmd=(lx=+0.00,ly=+0.40,rx=+0.00)
  t= 12.0 DWA-F pos=(-0.20,-0.08) yaw=-156.4 d=5.50 goal_err=-58 carrot_err= -29 c0=2.12 clear=1.00 prog=0.20 rel=0.92 bal=+0.49 obs=182 hard=179 obsc=190 yr=  0  nz=0.08 flt=0.00 dmap=+1/-1 shz=4.0 plan=29 cmd=(lx=+0.00,ly=+0.40,rx=+0.00)
  t= 12.5 DWA-F pos=(-0.24,-0.10) yaw=-156.4 d=5.48 goal_err=-59 carrot_err= -31 c0=2.08 clear=1.00 prog=0.19 rel=0.92 bal=+0.50 obs=183 hard=179 obsc=190 yr=  0  nz=0.09 flt=0.02 dmap=+0/-0 shz=4.0 plan=28 cmd=(lx=+0.00,ly=+0.40,rx=+0.00)
  t= 12.9 DWA-F pos=(-0.28,-0.12) yaw=-156.4 d=5.46 goal_err=-59 carrot_err= -33 c0=2.03 clear=1.00 prog=0.19 rel=0.92 bal=+0.51 obs=185 hard=181 obsc=192 yr=  0  nz=0.08 flt=0.00 dmap=+0/-0 shz=4.0 plan=28 cmd=(lx=+0.00,ly=+0.40,rx=+0.00)
  t= 13.4 DWA-F pos=(-0.32,-0.13) yaw=-156.4 d=5.43 goal_err=-59 carrot_err= -32 c0=1.99 clear=1.00 prog=0.19 rel=0.92 bal=+0.52 obs=184 hard=182 obsc=192 yr=  0  nz=0.08 flt=0.02 dmap=+1/-1 shz=4.0 plan=28 cmd=(lx=+0.00,ly=+0.40,rx=+0.00)
  t= 13.8 DWA-F pos=(-0.37,-0.16) yaw=-156.4 d=5.41 goal_err=-60 carrot_err= -34 c0=1.94 clear=1.00 prog=0.20 rel=0.92 bal=+0.52 obs=184 hard=180 obsc=191 yr=  0  nz=0.08 flt=0.00 dmap=+0/-0 shz=4.0 plan=27 cmd=(lx=+0.00,ly=+0.40,rx=+0.00)
  t= 14.2 DWA-F pos=(-0.41,-0.17) yaw=-156.4 d=5.38 goal_err=-60 carrot_err= -36 c0=1.89 clear=1.00 prog=0.18 rel=0.91 bal=+0.53 obs=185 hard=183 obsc=192 yr=  0  nz=0.09 flt=0.02 dmap=+0/-0 shz=4.0 plan=27 cmd=(lx=+0.00,ly=+0.40,rx=+0.00)
  t= 14.7 DWA-F pos=(-0.45,-0.19) yaw=-156.4 d=5.36 goal_err=-61 carrot_err= -38 c0=1.85 clear=1.00 prog=0.18 rel=0.90 bal=+0.53 obs=186 hard=184 obsc=194 yr=  0G nz=0.10 flt=0.00 dmap=+0/-0 shz=4.0 plan=27 cmd=(lx=+0.00,ly=+0.40,rx=+0.45)
  t= 15.1 DWA-F pos=(-0.50,-0.21) yaw=-162.4 d=5.33 goal_err=-55 carrot_err= -34 c0=1.79 clear=1.00 prog=0.19 rel=0.90 bal=+0.55 obs=203 hard=199 obsc=210 yr=  0  nz=0.09 flt=0.00 dmap=+4/-0 shz=4.0 plan=27 cmd=(lx=+0.00,ly=+0.40,rx=+0.00)
  t= 15.5 DWA-F pos=(-0.55,-0.22) yaw=-164.4 d=5.31 goal_err=-54 carrot_err= -42 c0=1.75 clear=1.00 prog=0.19 rel=0.90 bal=+0.55 obs=203 hard=199 obsc=209 yr= 18G nz=0.10 flt=0.01 dmap=+0/-0 shz=4.0 plan=26 cmd=(lx=+0.00,ly=+0.40,rx=+0.45)
  t= 16.0 DWA-F pos=(-0.59,-0.23) yaw=-170.5 d=5.28 goal_err=-48 carrot_err= -38 c0=1.71 clear=1.00 prog=0.20 rel=0.92 bal=+0.55 obs=210 hard=200 obsc=226 yr=  0  nz=0.08 flt=0.02 dmap=+0/-0 shz=4.0 plan=26 cmd=(lx=+0.00,ly=+0.40,rx=+0.00)
  t= 16.4 DWA-F pos=(-0.63,-0.24) yaw=-170.5 d=5.25 goal_err=-48 carrot_err= -39 c0=1.84 clear=1.00 prog=0.21 rel=0.92 bal=+0.56 obs=208 hard=199 obsc=221 yr=  0G nz=0.09 flt=0.00 dmap=+0/-0 shz=4.0 plan=26 cmd=(lx=+0.00,ly=+0.40,rx=+0.45)
  t= 16.8 DWA-F pos=(-0.68,-0.25) yaw=-174.5 d=5.22 goal_err=-45 carrot_err= -37 c0=1.88 clear=1.00 prog=0.22 rel=0.89 bal=+0.56 obs=209 hard=202 obsc=221 yr=  0  nz=0.11 flt=0.00 dmap=+3/-0 shz=4.0 plan=26 cmd=(lx=+0.00,ly=+0.40,rx=+0.00)
  t= 17.3 DWA-F pos=(-0.73,-0.25) yaw=-178.5 d=5.18 goal_err=-41 carrot_err= -36 c0=1.83 clear=1.00 prog=0.24 rel=0.90 bal=+0.53 obs=209 hard=202 obsc=221 yr= 19  nz=0.10 flt=0.17 dmap=+0/-0 shz=4.0 plan=26 cmd=(lx=+0.00,ly=+0.40,rx=+0.00)
  t= 17.7 DWA-F pos=(-0.78,-0.25) yaw=-178.5 d=5.15 goal_err=-41 carrot_err= -38 c0=1.79 clear=1.00 prog=0.25 rel=0.93 bal=+0.54 obs=214 hard=198 obsc=222 yr=  0  nz=0.07 flt=0.08 dmap=+0/-0 shz=4.0 plan=26 cmd=(lx=+0.00,ly=+0.40,rx=+0.00)
  t= 18.1 DWA-F pos=(-0.82,-0.25) yaw=+177.5 d=5.11 goal_err=-38 carrot_err= -36 c0=1.98 clear=1.00 prog=0.26 rel=0.92 bal=+0.55 obs=216 hard=202 obsc=224 yr= 19  nz=0.08 flt=0.17 dmap=+2/-1 shz=4.0 plan=26 cmd=(lx=+0.00,ly=+0.40,rx=+0.00)
  t= 18.6 DWA-F pos=(-0.88,-0.25) yaw=+177.5 d=5.07 goal_err=-38 carrot_err= -29 c0=1.92 clear=1.00 prog=0.28 rel=0.86 bal=+0.54 obs=214 hard=201 obsc=222 yr=  0  nz=0.14 flt=0.01 dmap=+1/-1 shz=4.0 plan=25 cmd=(lx=+0.00,ly=+0.40,rx=+0.00)
  t= 19.0 DWA-F pos=(-0.92,-0.25) yaw=+177.5 d=5.03 goal_err=-38 carrot_err= -31 c0=1.88 clear=1.00 prog=0.28 rel=0.86 bal=+0.52 obs=215 hard=202 obsc=222 yr=  0  nz=0.14 flt=0.00 dmap=+0/-0 shz=4.0 plan=25 cmd=(lx=+0.00,ly=+0.40,rx=+0.00)
  t= 19.4 DWA-F pos=(-0.96,-0.25) yaw=+177.5 d=5.00 goal_err=-39 carrot_err= -33 c0=1.84 clear=1.00 prog=0.28 rel=0.88 bal=+0.51 obs=213 hard=201 obsc=222 yr=  0  nz=0.12 flt=0.00 dmap=+0/-2 shz=4.0 plan=25 cmd=(lx=+0.00,ly=+0.40,rx=+0.00)
  t= 19.9 DWA-F pos=(-1.01,-0.25) yaw=+177.5 d=4.96 goal_err=-39 carrot_err= -37 c0=1.79 clear=1.00 prog=0.28 rel=0.91 bal=+0.34 obs=212 hard=200 obsc=219 yr=  0  nz=0.09 flt=0.02 dmap=+0/-1 shz=4.0 plan=24 cmd=(lx=+0.00,ly=+0.40,rx=+0.00)
  t= 20.3 DWA-F pos=(-1.05,-0.24) yaw=+177.5 d=4.93 goal_err=-39 carrot_err= -38 c0=1.75 clear=1.00 prog=0.28 rel=0.92 bal=+0.33 obs=212 hard=201 obsc=218 yr=  0G nz=0.08 flt=0.01 dmap=+0/-0 shz=4.0 plan=24 cmd=(lx=+0.00,ly=+0.40,rx=+0.45)
  t= 20.7 DWA-F pos=(-1.11,-0.24) yaw=+173.5 d=4.88 goal_err=-36 carrot_err= -36 c0=1.69 clear=1.00 prog=0.29 rel=0.92 bal=+0.31 obs=212 hard=200 obsc=218 yr=  0  nz=0.08 flt=0.01 dmap=+0/-0 shz=4.0 plan=24 cmd=(lx=+0.00,ly=+0.40,rx=+0.00)
  t= 21.2 DWA-F pos=(-1.15,-0.23) yaw=+171.5 d=4.85 goal_err=-34 carrot_err= -36 c0=1.65 clear=1.00 prog=0.29 rel=0.91 bal=+0.30 obs=213 hard=201 obsc=219 yr= 18G nz=0.09 flt=0.15 dmap=+0/-0 shz=4.0 plan=24 cmd=(lx=+0.00,ly=+0.40,rx=+0.00)
  t= 21.6 DWA-F pos=(-1.20,-0.23) yaw=+169.5 d=4.81 goal_err=-32 carrot_err= -27 c0=1.60 clear=1.00 prog=0.29 rel=0.92 bal=+0.29 obs=211 hard=200 obsc=218 yr=  0  nz=0.08 flt=0.01 dmap=+0/-1 shz=4.0 plan=23 cmd=(lx=+0.00,ly=+0.40,rx=+0.00)
  t= 22.0 DWA-F pos=(-1.24,-0.22) yaw=+169.5 d=4.77 goal_err=-33 carrot_err= -29 c0=1.56 clear=1.00 prog=0.30 rel=0.93 bal=+0.28 obs=211 hard=199 obsc=217 yr=  0  nz=0.07 flt=0.00 dmap=+0/-0 shz=4.0 plan=23 cmd=(lx=+0.00,ly=+0.40,rx=+0.00)
  t= 22.4 DWA-F pos=(-1.28,-0.21) yaw=+169.5 d=4.74 goal_err=-33 carrot_err= -30 c0=1.52 clear=1.00 prog=0.30 rel=0.93 bal=+0.27 obs=208 hard=201 obsc=217 yr=  0  nz=0.07 flt=0.00 dmap=+0/-0 shz=4.0 plan=23 cmd=(lx=+0.00,ly=+0.40,rx=+0.00)
  t= 22.9 DWA-F pos=(-1.34,-0.20) yaw=+169.5 d=4.69 goal_err=-33 carrot_err= -14 c0=1.46 clear=0.97 prog=0.30 rel=0.93 bal=+0.27 obs=208 hard=197 obsc=214 yr=  0  nz=0.07 flt=0.00 dmap=+0/-0 shz=4.0 plan=22 cmd=(lx=+0.00,ly=+0.40,rx=+0.00)
  t= 23.3 DWA-F pos=(-1.38,-0.19) yaw=+169.5 d=4.65 goal_err=-33 carrot_err= -15 c0=1.42 clear=0.94 prog=0.30 rel=0.91 bal=+0.26 obs=208 hard=197 obsc=214 yr=  0  nz=0.09 flt=0.02 dmap=+0/-0 shz=4.0 plan=22 cmd=(lx=+0.00,ly=+0.40,rx=+0.00)
  t= 23.8 DWA-F pos=(-1.43,-0.18) yaw=+169.5 d=4.62 goal_err=-34 carrot_err= -16 c0=1.37 clear=0.92 prog=0.30 rel=0.91 bal=+0.26 obs=211 hard=200 obsc=218 yr=  0  nz=0.09 flt=0.02 dmap=+0/-0 shz=4.0 plan=22 cmd=(lx=+0.00,ly=+0.40,rx=+0.00)
  t= 24.2 DWA-F pos=(-1.47,-0.18) yaw=+169.5 d=4.58 goal_err=-34 carrot_err= -17 c0=1.33 clear=0.89 prog=0.30 rel=0.92 bal=+0.25 obs=210 hard=199 obsc=216 yr=  0  nz=0.08 flt=0.00 dmap=+0/-0 shz=4.0 plan=22 cmd=(lx=+0.00,ly=+0.40,rx=+0.00)
  t= 24.6 DWA-F pos=(-1.52,-0.16) yaw=+169.5 d=4.53 goal_err=-34 carrot_err= -18 c0=1.28 clear=0.85 prog=0.30 rel=0.92 bal=+0.11 obs=210 hard=201 obsc=216 yr=  0  nz=0.08 flt=0.01 dmap=+0/-0 shz=4.0 plan=22 cmd=(lx=+0.00,ly=+0.40,rx=+0.00)
  t= 25.0 DWA-F pos=(-1.57,-0.16) yaw=+169.5 d=4.50 goal_err=-35 carrot_err= -23 c0=1.23 clear=0.82 prog=0.30 rel=0.91 bal=+0.11 obs=210 hard=200 obsc=216 yr=  0  nz=0.10 flt=0.00 dmap=+0/-0 shz=4.0 plan=22 cmd=(lx=+0.00,ly=+0.40,rx=+0.00)
  t= 25.5 DWA-F pos=(-1.61,-0.15) yaw=+169.5 d=4.46 goal_err=-35 carrot_err= -24 c0=1.19 clear=0.79 prog=0.30 rel=0.92 bal=+0.11 obs=211 hard=201 obsc=219 yr=  0  nz=0.08 flt=0.01 dmap=+0/-0 shz=4.0 plan=22 cmd=(lx=+0.00,ly=+0.40,rx=+0.00)
  t= 25.9 DWA-F pos=(-1.66,-0.14) yaw=+169.5 d=4.42 goal_err=-35 carrot_err= -25 c0=1.15 clear=0.76 prog=0.30 rel=0.90 bal=+0.11 obs=210 hard=200 obsc=217 yr=  0  nz=0.10 flt=0.02 dmap=+0/-1 shz=4.0 plan=22 cmd=(lx=+0.00,ly=+0.40,rx=+0.00)
  t= 26.3 DWA-F pos=(-1.70,-0.13) yaw=+169.5 d=4.39 goal_err=-36 carrot_err= -27 c0=1.10 clear=0.74 prog=0.30 rel=0.91 bal=+0.11 obs=210 hard=200 obsc=216 yr=  0  nz=0.09 flt=0.01 dmap=+0/-0 shz=4.0 plan=21 cmd=(lx=+0.00,ly=+0.40,rx=+0.00)
  t= 26.8 DWA-F pos=(-1.74,-0.12) yaw=+169.5 d=4.35 goal_err=-36 carrot_err= -30 c0=1.06 clear=0.71 prog=0.28 rel=0.92 bal=+0.11 obs=211 hard=202 obsc=217 yr=  0  nz=0.08 flt=0.00 dmap=+0/-0 shz=4.0 plan=21 cmd=(lx=+0.00,ly=+0.40,rx=+0.00)
  t= 27.2 DWA-F pos=(-1.80,-0.11) yaw=+169.5 d=4.31 goal_err=-37 carrot_err= -31 c0=1.01 clear=0.67 prog=0.29 rel=0.93 bal=+0.10 obs=212 hard=200 obsc=219 yr=  0  nz=0.07 flt=0.02 dmap=+1/-0 shz=4.0 plan=21 cmd=(lx=+0.00,ly=+0.40,rx=+0.00)
  t= 27.6 DWA-F pos=(-1.84,-0.11) yaw=+169.5 d=4.27 goal_err=-37 carrot_err= -23 c0=0.96 clear=0.64 prog=0.29 rel=0.92 bal=+0.10 obs=214 hard=201 obsc=220 yr=  0  nz=0.08 flt=0.03 dmap=+0/-0 shz=4.0 plan=20 cmd=(lx=+0.00,ly=+0.40,rx=+0.00)
  t= 28.1 DWA-F pos=(-1.88,-0.10) yaw=+169.5 d=4.24 goal_err=-37 carrot_err= -24 c0=0.92 clear=0.61 prog=0.29 rel=0.92 bal=+0.09 obs=213 hard=203 obsc=220 yr=  0  nz=0.08 flt=0.02 dmap=+0/-0 shz=4.0 plan=20 cmd=(lx=+0.00,ly=+0.40,rx=+0.00)
  t= 28.5 DWA-F pos=(-1.93,-0.09) yaw=+169.5 d=4.20 goal_err=-38 carrot_err= -28 c0=0.88 clear=0.59 prog=0.29 rel=0.93 bal=+0.09 obs=213 hard=203 obsc=221 yr=  0  nz=0.07 flt=0.00 dmap=+0/-0 shz=4.0 plan=20 cmd=(lx=+0.00,ly=+0.40,rx=+0.00)
  t= 28.9 DWA-F pos=(-1.98,-0.08) yaw=+169.5 d=4.16 goal_err=-38 carrot_err= -29 c0=0.83 clear=0.55 prog=0.29 rel=0.93 bal=+0.09 obs=215 hard=205 obsc=222 yr=  0  nz=0.07 flt=0.01 dmap=+2/-0 shz=4.0 plan=20 cmd=(lx=+0.00,ly=+0.40,rx=+0.00)
  t= 29.4 DWA-F pos=(-2.03,-0.07) yaw=+169.5 d=4.12 goal_err=-39 carrot_err= -30 c0=0.78 clear=0.52 prog=0.28 rel=0.92 bal=+0.09 obs=215 hard=206 obsc=223 yr=  0  nz=0.08 flt=0.00 dmap=+0/-0 shz=4.0 plan=19 cmd=(lx=+0.00,ly=+0.40,rx=+0.00)
  t= 29.8 DWA-F pos=(-2.07,-0.06) yaw=+165.5 d=4.09 goal_err=-35 carrot_err= -28 c0=0.94 clear=0.63 prog=0.29 rel=0.91 bal=-0.04 obs=214 hard=205 obsc=222 yr= 19  nz=0.09 flt=0.16 dmap=+0/-0 shz=4.0 plan=19 cmd=(lx=+0.00,ly=+0.40,rx=+0.00)
  t= 30.2 DWA-F pos=(-2.11,-0.05) yaw=+165.5 d=4.05 goal_err=-35 carrot_err= -29 c0=0.90 clear=0.60 prog=0.29 rel=0.89 bal=-0.06 obs=217 hard=206 obsc=225 yr=  0  nz=0.11 flt=0.01 dmap=+1/-1 shz=4.0 plan=19 cmd=(lx=+0.00,ly=+0.40,rx=+0.00)
  t= 30.7 DWA-F pos=(-2.16,-0.04) yaw=+165.5 d=4.02 goal_err=-36 carrot_err= -23 c0=1.05 clear=0.70 prog=0.29 rel=0.88 bal=-0.21 obs=218 hard=206 obsc=226 yr=  0  nz=0.12 flt=0.01 dmap=+1/-0 shz=4.0 plan=18 cmd=(lx=+0.00,ly=+0.40,rx=+0.00)
  t= 31.1 DWA-F pos=(-2.21,-0.03) yaw=+165.5 d=3.97 goal_err=-36 carrot_err= -24 c0=0.99 clear=0.66 prog=0.29 rel=0.84 bal=-0.51 obs=219 hard=207 obsc=227 yr=  0  nz=0.15 flt=0.01 dmap=+0/-0 shz=4.0 plan=18 cmd=(lx=+0.00,ly=+0.40,rx=+0.00)
  t= 31.5 DWA-F pos=(-2.25,-0.02) yaw=+165.5 d=3.93 goal_err=-36 carrot_err= -25 c0=0.95 clear=0.63 prog=0.29 rel=0.90 bal=-0.51 obs=217 hard=206 obsc=225 yr=  0  nz=0.10 flt=0.03 dmap=+0/-0 shz=4.0 plan=18 cmd=(lx=+0.00,ly=+0.40,rx=+0.00)
  t= 31.9 DWA-F pos=(-2.30,-0.00) yaw=+165.5 d=3.90 goal_err=-37 carrot_err= -26 c0=0.90 clear=0.60 prog=0.29 rel=0.91 bal=-0.57 obs=220 hard=208 obsc=228 yr=  0  nz=0.10 flt=0.02 dmap=+1/-1 shz=4.0 plan=18 cmd=(lx=+0.00,ly=+0.40,rx=+0.00)
  t= 32.4 DWA-F pos=(-2.34,+0.01) yaw=+165.5 d=3.86 goal_err=-37 carrot_err= -27 c0=0.86 clear=0.57 prog=0.29 rel=0.92 bal=-0.57 obs=221 hard=209 obsc=230 yr=  0  nz=0.08 flt=0.01 dmap=+0/-0 shz=4.0 plan=17 cmd=(lx=+0.00,ly=+0.40,rx=+0.00)
  t= 32.8 DWA-F pos=(-2.38,+0.02) yaw=+165.5 d=3.83 goal_err=-38 carrot_err= -29 c0=0.82 clear=0.55 prog=0.28 rel=0.91 bal=-0.50 obs=222 hard=210 obsc=229 yr=  0G nz=0.09 flt=0.02 dmap=+0/-0 shz=4.0 plan=17 cmd=(lx=+0.00,ly=+0.40,rx=+0.45)
  t= 33.2 DWA-F pos=(-2.42,+0.03) yaw=+161.5 d=3.79 goal_err=-34 carrot_err= -26 c0=0.78 clear=0.52 prog=0.28 rel=0.91 bal=-0.49 obs=220 hard=211 obsc=231 yr=  0  nz=0.09 flt=0.02 dmap=+1/-3 shz=4.0 plan=17 cmd=(lx=+0.00,ly=+0.40,rx=+0.00)
  t= 33.7 DWA-F pos=(-2.48,+0.05) yaw=+161.5 d=3.75 goal_err=-34 carrot_err= -28 c0=0.72 clear=0.48 prog=0.29 rel=0.91 bal=-0.48 obs=220 hard=210 obsc=228 yr=  0  nz=0.10 flt=0.02 dmap=+1/-1 shz=4.0 plan=17 cmd=(lx=+0.00,ly=+0.40,rx=+0.45)
  t= 34.1 DWA-F pos=(-2.52,+0.06) yaw=+157.5 d=3.71 goal_err=-31 carrot_err= -26 c0=1.09 clear=0.73 prog=0.30 rel=0.78 bal=-0.46 obs=230 hard=217 obsc=238 yr=  0  nz=0.20 flt=0.36 dmap=+0/-0 shz=4.0 plan=17 cmd=(lx=+0.00,ly=+0.40,rx=+0.00)
  t= 34.5 ENG-F pos=(-2.56,+0.08) yaw=+157.5 d=3.67 goal_err=-31 carrot_err= -26 c0=1.05 clear=0.70 prog=0.30 rel=0.72 bal=-0.37 obs=230 hard=220 obsc=241 yr=  0  nz=0.28 flt=0.02 dmap=+0/-0 shz=4.0 plan=17 cmd=(lx=+0.00,ly=+0.28,rx=+0.00)
  t= 34.9 ENG-F pos=(-2.59,+0.09) yaw=+157.5 d=3.64 goal_err=-32 carrot_err= -27 c0=1.01 clear=0.68 prog=0.29 rel=0.74 bal=-0.36 obs=234 hard=221 obsc=242 yr=  0  nz=0.26 flt=0.00 dmap=+4/-0 shz=4.0 plan=17 cmd=(lx=+0.00,ly=+0.28,rx=+0.00)
  t= 35.4 ENG-F pos=(-2.63,+0.11) yaw=+157.5 d=3.61 goal_err=-32 carrot_err= -28 c0=0.98 clear=0.65 prog=0.27 rel=0.92 bal=-0.34 obs=231 hard=220 obsc=242 yr=  0  nz=0.08 flt=0.01 dmap=+0/-0 shz=4.0 plan=16 cmd=(lx=+0.00,ly=+0.28,rx=+0.00)
  t= 35.8 ENG-F pos=(-2.67,+0.12) yaw=+157.5 d=3.57 goal_err=-32 carrot_err= -29 c0=0.94 clear=0.62 prog=0.27 rel=0.91 bal=-0.39 obs=232 hard=218 obsc=240 yr=  0  nz=0.09 flt=0.03 dmap=+0/-0 shz=4.0 plan=16 cmd=(lx=+0.00,ly=+0.28,rx=+0.00)
  t= 36.2 ENG-F pos=(-2.70,+0.14) yaw=+157.5 d=3.54 goal_err=-32 carrot_err= -30 c0=0.90 clear=0.60 prog=0.26 rel=0.91 bal=-0.33 obs=233 hard=220 obsc=241 yr=  0  nz=0.09 flt=0.00 dmap=+1/-1 shz=4.0 plan=16 cmd=(lx=+0.00,ly=+0.28,rx=+0.00)
  t= 36.7 ENG-F pos=(-2.73,+0.15) yaw=+157.5 d=3.51 goal_err=-33 carrot_err= -32 c0=0.87 clear=0.58 prog=0.25 rel=0.92 bal=-0.33 obs=234 hard=222 obsc=242 yr=  0  nz=0.08 flt=0.02 dmap=+0/-0 shz=4.0 plan=16 cmd=(lx=+0.00,ly=+0.28,rx=+0.00)
  t= 37.1 ENG-F pos=(-2.77,+0.17) yaw=+157.5 d=3.48 goal_err=-33 carrot_err= -23 c0=0.83 clear=0.56 prog=0.25 rel=0.94 bal=-0.33 obs=234 hard=222 obsc=242 yr=  0  nz=0.06 flt=0.02 dmap=+0/-0 shz=4.0 plan=16 cmd=(lx=+0.00,ly=+0.28,rx=+0.00)
  t= 37.5 ENG-F pos=(-2.80,+0.18) yaw=+157.5 d=3.45 goal_err=-33 carrot_err= -23 c0=0.80 clear=0.53 prog=0.25 rel=0.94 bal=-0.28 obs=234 hard=221 obsc=241 yr=  0  nz=0.06 flt=0.02 dmap=+0/-1 shz=4.0 plan=16 cmd=(lx=+0.00,ly=+0.28,rx=+0.00)
  t= 37.9 ENG-F pos=(-2.83,+0.19) yaw=+157.5 d=3.42 goal_err=-34 carrot_err= -24 c0=0.77 clear=0.51 prog=0.23 rel=0.92 bal=-0.28 obs=235 hard=225 obsc=244 yr=  0  nz=0.08 flt=0.01 dmap=+3/-2 shz=4.0 plan=16 cmd=(lx=+0.00,ly=+0.28,rx=+0.00)
  t= 38.4 ENG-F pos=(-2.88,+0.21) yaw=+157.5 d=3.38 goal_err=-34 carrot_err= -26 c0=0.72 clear=0.48 prog=0.25 rel=0.92 bal=-0.29 obs=237 hard=224 obsc=243 yr=  0  nz=0.08 flt=0.00 dmap=+0/-0 shz=4.0 plan=16 cmd=(lx=+0.00,ly=+0.28,rx=+0.00)
  t= 38.8 ENG-F pos=(-2.91,+0.22) yaw=+157.5 d=3.35 goal_err=-35 carrot_err= -27 c0=0.69 clear=0.46 prog=0.25 rel=0.92 bal=-0.29 obs=235 hard=224 obsc=242 yr=  0  nz=0.08 flt=0.02 dmap=+0/-0 shz=4.0 plan=16 cmd=(lx=+0.00,ly=+0.28,rx=+0.00)
  t= 39.2 ENG-F pos=(-2.93,+0.23) yaw=+153.4 d=3.34 goal_err=-31 carrot_err= -24 c0=0.70 clear=0.46 prog=0.22 rel=0.93 bal=-0.17 obs=240 hard=227 obsc=247 yr= 19  nz=0.07 flt=0.16 dmap=+6/-1 shz=4.0 plan=16 cmd=(lx=+0.00,ly=+0.28,rx=+0.00)
  t= 39.6 ENG-F pos=(-2.96,+0.25) yaw=+153.4 d=3.31 goal_err=-31 carrot_err= -23 c0=0.66 clear=0.44 prog=0.22 rel=0.96 bal=-0.18 obs=241 hard=227 obsc=246 yr=  0  nz=0.04 flt=0.00 dmap=+0/-0 shz=4.0 plan=16 cmd=(lx=+0.00,ly=+0.28,rx=+0.00)
  t= 40.1 ENG-F pos=(-2.99,+0.26) yaw=+153.4 d=3.28 goal_err=-31 carrot_err= -26 c0=0.63 clear=0.42 prog=0.22 rel=0.95 bal=-0.18 obs=241 hard=229 obsc=246 yr=  0  nz=0.05 flt=0.02 dmap=+0/-0 shz=4.0 plan=16 cmd=(lx=+0.00,ly=+0.28,rx=+0.00)
  t= 40.5 ENG-F pos=(-3.01,+0.27) yaw=+149.4 d=3.26 goal_err=-28 carrot_err= -23 c0=0.61 clear=0.41 prog=0.19 rel=0.95 bal=-0.22 obs=241 hard=227 obsc=247 yr= 19  nz=0.05 flt=0.17 dmap=+1/-1 shz=4.0 plan=16 cmd=(lx=+0.00,ly=+0.28,rx=+0.00)
  t= 40.9 ENG-F pos=(-3.04,+0.29) yaw=+149.4 d=3.23 goal_err=-28 carrot_err= -24 c0=0.57 clear=0.38 prog=0.19 rel=0.94 bal=-0.23 obs=241 hard=229 obsc=246 yr=  0  nz=0.06 flt=0.02 dmap=+0/-0 shz=4.0 plan=16 cmd=(lx=+0.00,ly=+0.28,rx=+0.00)
  t= 41.3 ENG-T pos=(-3.07,+0.31) yaw=+149.4 d=3.20 goal_err=-28 carrot_err= -25 c0=0.54 clear=0.36 prog=0.22 rel=0.93 bal=-0.23 obs=241 hard=229 obsc=247 yr=  0  nz=0.07 flt=0.01 dmap=+0/-0 shz=4.0 plan=16 cmd=(lx=+0.00,ly=+0.00,rx=+0.45)
  t= 41.8 ENG-F pos=(-3.08,+0.32) yaw=+143.4 d=3.18 goal_err=-22 carrot_err= -16 c0=0.59 clear=0.39 prog=0.19 rel=0.94 bal=-0.19 obs=243 hard=230 obsc=252 yr= 19  nz=0.06 flt=0.34 dmap=+5/-3 shz=4.0 plan=15 cmd=(lx=+0.00,ly=+0.28,rx=+0.00)
  t= 42.2 ENG-F pos=(-3.11,+0.34) yaw=+143.4 d=3.15 goal_err=-22 carrot_err= -17 c0=0.55 clear=0.37 prog=0.20 rel=0.95 bal=-0.18 obs=243 hard=232 obsc=250 yr=  0  nz=0.05 flt=0.00 dmap=+0/-0 shz=4.0 plan=15 cmd=(lx=+0.00,ly=+0.28,rx=+0.00)
  t= 42.6 ENG-F pos=(-3.14,+0.36) yaw=+143.4 d=3.12 goal_err=-23 carrot_err= -18 c0=0.52 clear=0.35 prog=0.23 rel=0.96 bal=-0.17 obs=245 hard=232 obsc=251 yr=  0  nz=0.04 flt=0.00 dmap=+0/-0 shz=4.0 plan=15 cmd=(lx=+0.00,ly=+0.28,rx=+0.00)
  t= 43.0 ENG-F pos=(-3.15,+0.37) yaw=+139.4 d=3.10 goal_err=-19 carrot_err= -14 c0=0.69 clear=0.46 prog=0.20 rel=0.91 bal=-0.17 obs=245 hard=229 obsc=250 yr= 19  nz=0.09 flt=0.37 dmap=+1/-0 shz=4.0 plan=15 cmd=(lx=+0.00,ly=+0.28,rx=+0.00)
  t= 43.5 ENG-F pos=(-3.18,+0.39) yaw=+139.4 d=3.07 goal_err=-19 carrot_err= -15 c0=0.66 clear=0.44 prog=0.19 rel=0.90 bal=+0.46 obs=245 hard=232 obsc=250 yr=  0  nz=0.10 flt=0.00 dmap=+0/-0 shz=4.0 plan=15 cmd=(lx=+0.00,ly=+0.28,rx=+0.00)
  t= 43.9 ENG-F pos=(-3.20,+0.41) yaw=+137.4 d=3.05 goal_err=-17 carrot_err= -13 c0=0.64 clear=0.42 prog=0.20 rel=0.90 bal=+0.47 obs=247 hard=234 obsc=252 yr= 18G nz=0.10 flt=0.00 dmap=+0/-0 shz=4.0 plan=15 cmd=(lx=+0.00,ly=+0.28,rx=+0.00)
  t= 44.3 ENG-F pos=(-3.21,+0.42) yaw=+133.4 d=3.03 goal_err=-13 carrot_err=  -9 c0=0.88 clear=0.58 prog=0.18 rel=0.84 bal=+0.48 obs=248 hard=236 obsc=254 yr=  0  nz=0.16 flt=0.01 dmap=+1/-1 shz=4.0 plan=15 cmd=(lx=+0.00,ly=+0.28,rx=+0.00)
  t= 44.7 ENG-AL. pos=(-3.23,+0.44) yaw=+133.4 d=3.00 goal_err=-13 carrot_err= -10 c0=0.85 clear=0.56 prog=0.18 rel=0.82 bal=+0.50 obs=248 hard=235 obsc=253 yr=  0  nz=0.17 flt=0.00 dmap=+0/-0 shz=4.0 plan=15 cmd=(lx=+0.00,ly=+0.00,rx=+0.00)
  t= 45.2 ENG-GO pos=(-3.25,+0.46) yaw=+133.4 d=2.98 goal_err=-13 carrot_err= -10 c0=0.83 clear=0.55 prog=0.19 rel=0.86 bal=+0.51 obs=247 hard=235 obsc=253 yr=  0  nz=0.14 flt=0.01 dmap=+0/-0 shz=4.0 plan=15 cmd=(lx=+0.00,ly=+0.28,rx=+0.00)
  t= 45.6 ENG-GO pos=(-3.27,+0.48) yaw=+133.4 d=2.95 goal_err=-14 carrot_err= -11 c0=0.80 clear=0.53 prog=0.19 rel=0.94 bal=+0.52 obs=243 hard=232 obsc=249 yr=  0  nz=0.06 flt=0.02 dmap=+0/-0 shz=4.0 plan=15 cmd=(lx=+0.00,ly=+0.28,rx=+0.00)
  t= 46.0 ENG-GO pos=(-3.29,+0.50) yaw=+133.4 d=2.92 goal_err=-14 carrot_err=  -7 c0=0.77 clear=0.51 prog=0.23 rel=0.94 bal=+0.53 obs=244 hard=231 obsc=250 yr=  0  nz=0.06 flt=0.00 dmap=+2/-0 shz=4.0 plan=15 cmd=(lx=+0.00,ly=+0.28,rx=+0.00)
  t= 46.4 ENG-GO pos=(-3.31,+0.53) yaw=+133.4 d=2.89 goal_err=-14 carrot_err=  -5 c0=0.74 clear=0.49 prog=0.22 rel=0.94 bal=+0.55 obs=246 hard=232 obsc=251 yr=  0  nz=0.06 flt=0.00 dmap=+1/-0 shz=4.0 plan=13 cmd=(lx=+0.00,ly=+0.28,rx=+0.00)
  t= 46.9 ENG-GO pos=(-3.34,+0.55) yaw=+133.4 d=2.85 goal_err=-14 carrot_err=  -5 c0=1.15 clear=0.77 prog=0.24 rel=0.71 bal=+0.57 obs=245 hard=233 obsc=251 yr=  0  nz=0.28 flt=0.00 dmap=+0/-0 shz=4.0 plan=13 cmd=(lx=+0.00,ly=+0.28,rx=+0.00)
  t= 47.3 ENG-GO pos=(-3.36,+0.58) yaw=+133.4 d=2.82 goal_err=-14 carrot_err=  -5 c0=1.12 clear=0.75 prog=0.25 rel=0.68 bal=+0.58 obs=243 hard=233 obsc=250 yr=  0  nz=0.32 flt=0.01 dmap=+0/-2 shz=4.0 plan=13 cmd=(lx=+0.00,ly=+0.28,rx=+0.00)
  t= 47.7 ENG-GO pos=(-3.38,+0.60) yaw=+133.4 d=2.79 goal_err=-14 carrot_err=  -6 c0=1.18 clear=0.79 prog=0.25 rel=0.72 bal=+0.60 obs=245 hard=233 obsc=251 yr=  0  nz=0.28 flt=0.00 dmap=+1/-0 shz=4.0 plan=13 cmd=(lx=+0.00,ly=+0.28,rx=+0.00)
  t= 48.1 ENG-GO pos=(-3.40,+0.63) yaw=+133.4 d=2.76 goal_err=-15 carrot_err=  -6 c0=1.15 clear=0.77 prog=0.26 rel=0.95 bal=+0.02 obs=247 hard=232 obsc=252 yr=  0  nz=0.05 flt=0.01 dmap=+0/-0 shz=4.0 plan=13 cmd=(lx=+0.00,ly=+0.28,rx=+0.00)
  t= 48.6 ENG-GO pos=(-3.43,+0.65) yaw=+133.4 d=2.72 goal_err=-15 carrot_err=  -6 c0=1.12 clear=0.74 prog=0.26 rel=0.96 bal=+0.02 obs=245 hard=232 obsc=251 yr=  0  nz=0.04 flt=0.00 dmap=+0/-1 shz=4.0 plan=13 cmd=(lx=+0.00,ly=+0.28,rx=+0.00)
  t= 49.0 ENG-GO pos=(-3.45,+0.68) yaw=+133.4 d=2.69 goal_err=-15 carrot_err=  -6 c0=1.08 clear=0.72 prog=0.26 rel=0.95 bal=-0.02 obs=244 hard=233 obsc=251 yr=  0  nz=0.05 flt=0.03 dmap=+0/-0 shz=4.0 plan=13 cmd=(lx=+0.00,ly=+0.28,rx=+0.00)
  t= 49.4 ENG-GO pos=(-3.48,+0.70) yaw=+133.4 d=2.65 goal_err=-15 carrot_err=  -6 c0=1.05 clear=0.70 prog=0.26 rel=0.92 bal=-0.02 obs=244 hard=233 obsc=251 yr=  0  nz=0.08 flt=0.00 dmap=+0/-0 shz=4.0 plan=13 cmd=(lx=+0.00,ly=+0.28,rx=+0.00)
  t= 49.8 ENG-GO pos=(-3.51,+0.74) yaw=+133.4 d=2.61 goal_err=-15 carrot_err=  -7 c0=1.01 clear=0.67 prog=0.28 rel=0.92 bal=+0.02 obs=243 hard=231 obsc=248 yr=  0  nz=0.08 flt=0.01 dmap=+1/-0 shz=4.0 plan=12 cmd=(lx=+0.00,ly=+0.28,rx=+0.00)
  t= 50.3 ENG-GO pos=(-3.53,+0.76) yaw=+133.4 d=2.57 goal_err=-16 carrot_err=  -7 c0=0.97 clear=0.65 prog=0.29 rel=0.91 bal=+0.01 obs=242 hard=231 obsc=247 yr=  0  nz=0.09 flt=0.00 dmap=+0/-0 shz=4.0 plan=12 cmd=(lx=+0.00,ly=+0.28,rx=+0.00)
  t= 50.7 ENG-GO pos=(-3.56,+0.79) yaw=+133.4 d=2.54 goal_err=-16 carrot_err=  -7 c0=0.94 clear=0.63 prog=0.29 rel=0.90 bal=+0.01 obs=242 hard=230 obsc=247 yr=  0  nz=0.10 flt=0.00 dmap=+0/-0 shz=4.0 plan=12 cmd=(lx=+0.00,ly=+0.28,rx=+0.00)
  t= 51.1 ENG-GO pos=(-3.58,+0.81) yaw=+133.4 d=2.50 goal_err=-16 carrot_err=  -5 c0=0.91 clear=0.60 prog=0.29 rel=0.90 bal=+0.00 obs=242 hard=230 obsc=247 yr=  0  nz=0.10 flt=0.00 dmap=+0/-0 shz=4.0 plan=12 cmd=(lx=+0.00,ly=+0.28,rx=+0.00)
  t= 51.5 ENG-GO pos=(-3.61,+0.84) yaw=+133.4 d=2.47 goal_err=-16 carrot_err=  -5 c0=0.87 clear=0.58 prog=0.27 rel=0.92 bal=-0.00 obs=240 hard=230 obsc=248 yr=  0  nz=0.09 flt=0.00 dmap=+1/-3 shz=4.0 plan=12 cmd=(lx=+0.00,ly=+0.28,rx=+0.00)
  t= 52.0 ENG-GO pos=(-3.63,+0.87) yaw=+133.4 d=2.44 goal_err=-17 carrot_err=  -6 c0=0.84 clear=0.56 prog=0.27 rel=0.94 bal=-0.01 obs=239 hard=228 obsc=245 yr=  0  nz=0.07 flt=0.00 dmap=+0/-0 shz=3.9 plan=12 cmd=(lx=+0.00,ly=+0.28,rx=+0.00)
  t= 52.4 ENG-GO pos=(-3.66,+0.90) yaw=+133.4 d=2.39 goal_err=-17 carrot_err=  -6 c0=0.80 clear=0.53 prog=0.29 rel=0.92 bal=-0.01 obs=240 hard=229 obsc=247 yr=  0  nz=0.08 flt=0.00 dmap=+0/-0 shz=4.0 plan=12 cmd=(lx=+0.00,ly=+0.28,rx=+0.00)
  t= 52.8 ENG-GO pos=(-3.69,+0.93) yaw=+133.4 d=2.36 goal_err=-17 carrot_err=  -6 c0=0.86 clear=0.57 prog=0.29 rel=0.92 bal=-0.01 obs=238 hard=226 obsc=244 yr=  0  nz=0.08 flt=0.00 dmap=+0/-1 shz=4.0 plan=11 cmd=(lx=+0.00,ly=+0.28,rx=+0.00)
  t= 53.2 ENG-GO pos=(-3.71,+0.95) yaw=+133.4 d=2.32 goal_err=-17 carrot_err=  -6 c0=0.82 clear=0.55 prog=0.29 rel=0.94 bal=-0.02 obs=237 hard=226 obsc=243 yr=  0  nz=0.06 flt=0.00 dmap=+0/-0 shz=4.0 plan=11 cmd=(lx=+0.00,ly=+0.28,rx=+0.00)
  t= 53.7 ENG-GO pos=(-3.74,+0.98) yaw=+133.4 d=2.29 goal_err=-18 carrot_err=  -7 c0=0.79 clear=0.53 prog=0.28 rel=0.95 bal=-0.03 obs=237 hard=226 obsc=244 yr=  0  nz=0.05 flt=0.00 dmap=+0/-0 shz=4.0 plan=11 cmd=(lx=+0.00,ly=+0.28,rx=+0.00)
  t= 54.1 ENG-GO pos=(-3.76,+1.00) yaw=+133.4 d=2.26 goal_err=-18 carrot_err=  -7 c0=0.75 clear=0.50 prog=0.27 rel=0.94 bal=-0.04 obs=240 hard=228 obsc=245 yr=  0  nz=0.06 flt=0.02 dmap=+1/-0 shz=4.0 plan=11 cmd=(lx=+0.00,ly=+0.28,rx=+0.00)
  t= 54.5 ENG-GO pos=(-3.79,+1.03) yaw=+133.4 d=2.22 goal_err=-18 carrot_err=  -5 c0=0.72 clear=0.48 prog=0.27 rel=0.93 bal=-0.05 obs=241 hard=229 obsc=246 yr=  0  nz=0.07 flt=0.00 dmap=+0/-0 shz=4.0 plan=11 cmd=(lx=+0.00,ly=+0.28,rx=+0.00)
  t= 54.9 ENG-GO pos=(-3.82,+1.06) yaw=+133.4 d=2.18 goal_err=-19 carrot_err=  -5 c0=0.67 clear=0.45 prog=0.28 rel=0.92 bal=-0.06 obs=240 hard=228 obsc=246 yr=  0  nz=0.08 flt=0.00 dmap=+0/-0 shz=4.0 plan=11 cmd=(lx=+0.00,ly=+0.28,rx=+0.00)
  t= 55.4 ENG-GO pos=(-3.84,+1.09) yaw=+133.4 d=2.14 goal_err=-19 carrot_err=  -5 c0=0.64 clear=0.43 prog=0.28 rel=0.93 bal=-0.07 obs=241 hard=227 obsc=246 yr=  0  nz=0.07 flt=0.00 dmap=+0/-0 shz=4.0 plan=11 cmd=(lx=+0.00,ly=+0.28,rx=+0.00)
  t= 55.8 ENG-GO pos=(-3.87,+1.11) yaw=+133.4 d=2.11 goal_err=-19 carrot_err=  -5 c0=0.61 clear=0.40 prog=0.28 rel=0.92 bal=-0.10 obs=241 hard=227 obsc=246 yr=  0  nz=0.08 flt=0.00 dmap=+0/-0 shz=4.0 plan=11 cmd=(lx=+0.00,ly=+0.28,rx=+0.00)
  t= 56.2 ENG-GO pos=(-3.89,+1.14) yaw=+133.4 d=2.08 goal_err=-20 carrot_err=  -6 c0=0.57 clear=0.38 prog=0.28 rel=0.93 bal=-0.03 obs=238 hard=229 obsc=246 yr=  0  nz=0.07 flt=0.01 dmap=+0/-0 shz=4.0 plan=10 cmd=(lx=+0.00,ly=+0.28,rx=+0.00)
  t= 56.6 ENG-GO pos=(-3.92,+1.17) yaw=+133.4 d=2.04 goal_err=-20 carrot_err=  -6 c0=0.54 clear=0.36 prog=0.27 rel=0.93 bal=-0.02 obs=238 hard=228 obsc=245 yr=  0  nz=0.07 flt=0.00 dmap=+0/-1 shz=4.0 plan=10 cmd=(lx=+0.00,ly=+0.28,rx=+0.00)
  t= 57.1 ENG-GO pos=(-3.95,+1.20) yaw=+133.4 d=2.00 goal_err=-20 carrot_err=  -6 c0=0.77 clear=0.51 prog=0.28 rel=0.88 bal=+0.04 obs=240 hard=229 obsc=246 yr=  0  nz=0.12 flt=0.00 dmap=+2/-1 shz=4.0 plan=10 cmd=(lx=+0.00,ly=+0.28,rx=+0.00)
  t= 57.5 ENG-GO pos=(-3.97,+1.23) yaw=+133.4 d=1.97 goal_err=-21 carrot_err= -14 c0=0.73 clear=0.49 prog=0.28 rel=0.83 bal=+0.05 obs=239 hard=228 obsc=245 yr=  0  nz=0.17 flt=0.01 dmap=+0/-0 shz=4.0 plan=10 cmd=(lx=+0.00,ly=+0.28,rx=+0.00)
  t= 57.9 ENG-GO pos=(-3.99,+1.25) yaw=+133.4 d=1.94 goal_err=-21 carrot_err= -15 c0=0.70 clear=0.47 prog=0.28 rel=0.82 bal=+0.05 obs=239 hard=229 obsc=245 yr=  0  nz=0.17 flt=0.01 dmap=+0/-1 shz=4.0 plan=10 cmd=(lx=+0.00,ly=+0.28,rx=+0.00)
  t= 58.3 ENG-GO pos=(-4.02,+1.27) yaw=+133.4 d=1.90 goal_err=-21 carrot_err= -16 c0=0.67 clear=0.45 prog=0.27 rel=0.86 bal=+0.05 obs=242 hard=232 obsc=248 yr=  0  nz=0.14 flt=0.03 dmap=+1/-1 shz=4.0 plan=10 cmd=(lx=+0.00,ly=+0.28,rx=+0.00)
  t= 58.8 ENG-GO pos=(-4.04,+1.30) yaw=+133.4 d=1.87 goal_err=-22 carrot_err= -16 c0=0.64 clear=0.42 prog=0.27 rel=0.94 bal=-0.06 obs=240 hard=231 obsc=247 yr=  0  nz=0.06 flt=0.00 dmap=+0/-0 shz=3.9 plan=10 cmd=(lx=+0.00,ly=+0.28,rx=+0.00)
  t= 59.2 ENG-GO pos=(-4.06,+1.32) yaw=+133.4 d=1.84 goal_err=-22 carrot_err= -22 c0=0.61 clear=0.40 prog=0.24 rel=0.94 bal=-0.09 obs=239 hard=227 obsc=244 yr=  0  nz=0.07 flt=0.01 dmap=+0/-0 shz=4.0 plan=9 cmd=(lx=+0.00,ly=+0.28,rx=+0.00)
  t= 59.6 ENG-GO pos=(-4.09,+1.35) yaw=+133.4 d=1.81 goal_err=-23 carrot_err= -23 c0=0.57 clear=0.38 prog=0.25 rel=0.94 bal=+0.56 obs=239 hard=226 obsc=244 yr=  0  nz=0.06 flt=0.00 dmap=+1/-0 shz=4.0 plan=9 cmd=(lx=+0.00,ly=+0.28,rx=+0.00)
  t= 60.1 ENG-GO pos=(-4.11,+1.37) yaw=+133.4 d=1.78 goal_err=-23 carrot_err= -24 c0=0.54 clear=0.36 prog=0.25 rel=0.94 bal=+0.58 obs=238 hard=226 obsc=244 yr=  0  nz=0.06 flt=0.00 dmap=+0/-0 shz=3.9 plan=9 cmd=(lx=+0.00,ly=+0.28,rx=+0.00)
  t= 60.5 ENG-GO pos=(-4.13,+1.40) yaw=+133.4 d=1.75 goal_err=-23 carrot_err= -25 c0=1.34 clear=0.89 prog=0.24 rel=0.59 bal=+0.59 obs=238 hard=228 obsc=245 yr=  0  nz=0.41 flt=0.01 dmap=+1/-0 shz=4.0 plan=9 cmd=(lx=+0.00,ly=+0.28,rx=+0.00)
  t= 60.9 ENG-GO pos=(-4.16,+1.42) yaw=+133.4 d=1.72 goal_err=-24 carrot_err= -26 c0=1.30 clear=0.87 prog=0.24 rel=0.45 bal=+0.60 obs=241 hard=230 obsc=247 yr=  0  nz=0.55 flt=0.00 dmap=+3/-0 shz=4.0 plan=9 cmd=(lx=+0.00,ly=+0.28,rx=+0.00)
  t= 61.3 ENG-GO pos=(-4.18,+1.45) yaw=+133.4 d=1.69 goal_err=-24 carrot_err= -27 c0=1.27 clear=0.85 prog=0.25 rel=0.42 bal=+0.61 obs=243 hard=231 obsc=248 yr=  0  nz=0.58 flt=0.01 dmap=+0/-0 shz=4.0 plan=9 cmd=(lx=+0.00,ly=+0.28,rx=+0.00)
  t= 61.8 ENG-GO pos=(-4.20,+1.47) yaw=+133.4 d=1.66 goal_err=-25 carrot_err= -28 c0=1.24 clear=0.83 prog=0.23 rel=0.58 bal=+0.62 obs=244 hard=231 obsc=249 yr=  0  nz=0.41 flt=0.01 dmap=+0/-0 shz=4.0 plan=9 cmd=(lx=+0.00,ly=+0.28,rx=+0.00)
  t= 62.2 ENG-GO pos=(-4.23,+1.50) yaw=+133.4 d=1.62 goal_err=-25 carrot_err= -30 c0=1.20 clear=0.80 prog=0.24 rel=0.93 bal=-0.05 obs=243 hard=229 obsc=246 yr=  0  nz=0.07 flt=0.00 dmap=+1/-3 shz=4.0 plan=9 cmd=(lx=+0.00,ly=+0.28,rx=+0.00)
  t= 62.6 ENG-GO pos=(-4.25,+1.52) yaw=+133.4 d=1.59 goal_err=-26 carrot_err= -22 c0=1.17 clear=0.78 prog=0.25 rel=0.93 bal=-0.63 obs=244 hard=232 obsc=248 yr=  0  nz=0.07 flt=0.01 dmap=+3/-2 shz=4.0 plan=8 cmd=(lx=+0.00,ly=+0.28,rx=+0.00)
  t= 63.0 ENG-GO pos=(-4.28,+1.55) yaw=+133.4 d=1.56 goal_err=-26 carrot_err= -23 c0=1.13 clear=0.75 prog=0.25 rel=0.93 bal=-0.60 obs=245 hard=232 obsc=249 yr=  0  nz=0.07 flt=0.00 dmap=+0/-0 shz=4.0 plan=8 cmd=(lx=+0.00,ly=+0.28,rx=+0.00)
  t= 63.5 ENG-GO pos=(-4.30,+1.57) yaw=+133.4 d=1.53 goal_err=-27 carrot_err= -23 c0=1.10 clear=0.73 prog=0.25 rel=0.92 bal=+0.17 obs=243 hard=232 obsc=248 yr=  0  nz=0.08 flt=0.00 dmap=+0/-2 shz=3.9 plan=8 cmd=(lx=+0.00,ly=+0.28,rx=+0.00)
  t= 63.9 ENG-GO pos=(-4.33,+1.60) yaw=+133.4 d=1.50 goal_err=-28 carrot_err= -24 c0=1.06 clear=0.71 prog=0.26 rel=0.93 bal=-0.37 obs=244 hard=232 obsc=247 yr=  0  nz=0.07 flt=0.01 dmap=+3/-2 shz=4.0 plan=8 cmd=(lx=+0.00,ly=+0.28,rx=+0.00)
  t= 64.3 ENG-GO pos=(-4.35,+1.63) yaw=+133.4 d=1.46 goal_err=-28 carrot_err= -25 c0=1.03 clear=0.68 prog=0.25 rel=0.94 bal=-0.39 obs=245 hard=234 obsc=249 yr=  0  nz=0.06 flt=0.00 dmap=+0/-0 shz=3.9 plan=8 cmd=(lx=+0.00,ly=+0.28,rx=+0.00)
  t= 64.7 ENG-GO pos=(-4.37,+1.65) yaw=+133.4 d=1.43 goal_err=-29 carrot_err= -27 c0=0.99 clear=0.66 prog=0.25 rel=0.93 bal=-0.40 obs=245 hard=233 obsc=248 yr=  0  nz=0.07 flt=0.01 dmap=+0/-0 shz=4.0 plan=8 cmd=(lx=+0.00,ly=+0.28,rx=+0.00)
  t= 65.2 ENG-GO pos=(-4.41,+1.69) yaw=+133.4 d=1.39 goal_err=-30 carrot_err= -28 c0=0.95 clear=0.63 prog=0.26 rel=0.93 bal=-0.41 obs=245 hard=234 obsc=250 yr=  0  nz=0.07 flt=0.00 dmap=+0/-2 shz=4.0 plan=8 cmd=(lx=+0.00,ly=+0.28,rx=+0.00)
  t= 65.6 ENG-GO pos=(-4.43,+1.71) yaw=+133.4 d=1.36 goal_err=-31 carrot_err= -33 c0=0.91 clear=0.61 prog=0.26 rel=0.93 bal=-0.53 obs=245 hard=233 obsc=249 yr=  0  nz=0.07 flt=0.00 dmap=+0/-0 shz=4.0 plan=7 cmd=(lx=+0.00,ly=+0.28,rx=+0.00)
  t= 66.0 ENG-GO pos=(-4.46,+1.74) yaw=+133.4 d=1.33 goal_err=-31 carrot_err= -34 c0=0.88 clear=0.58 prog=0.26 rel=0.92 bal=-0.54 obs=248 hard=235 obsc=251 yr=  0  nz=0.08 flt=0.00 dmap=+0/-0 shz=4.0 plan=7 cmd=(lx=+0.00,ly=+0.28,rx=+0.00)
  t= 66.4 DWA-F pos=(-4.48,+1.77) yaw=+131.4 d=1.30 goal_err=-30 carrot_err= -33 c0=0.84 clear=0.56 prog=0.26 rel=0.93 bal=-0.56 obs=248 hard=235 obsc=251 yr= 19G nz=0.07 flt=0.15 dmap=+0/-0 shz=4.0 plan=7 cmd=(lx=+0.00,ly=+0.40,rx=+0.45)
  t= 66.9 DWA-F pos=(-4.51,+1.80) yaw=+125.4 d=1.26 goal_err=-25 carrot_err= -29 c0=0.80 clear=0.53 prog=0.26 rel=0.91 bal=-0.48 obs=249 hard=236 obsc=252 yr=  0  nz=0.09 flt=0.03 dmap=+0/-0 shz=4.0 plan=7 cmd=(lx=+0.00,ly=+0.40,rx=+0.00)
  t= 67.3 DWA-F pos=(-4.54,+1.85) yaw=+119.4 d=1.21 goal_err=-20 carrot_err= -25 c0=0.86 clear=0.57 prog=0.29 rel=0.92 bal=-0.36 obs=247 hard=235 obsc=252 yr= 36  nz=0.08 flt=0.04 dmap=+0/-0 shz=4.0 plan=7 cmd=(lx=+0.00,ly=+0.40,rx=+0.00)
  t= 67.7 DWA-F pos=(-4.56,+1.88) yaw=+119.4 d=1.17 goal_err=-21 carrot_err= -26 c0=0.82 clear=0.55 prog=0.31 rel=0.93 bal=-0.37 obs=246 hard=234 obsc=249 yr=  0  nz=0.07 flt=0.01 dmap=+0/-0 shz=4.0 plan=7 cmd=(lx=+0.00,ly=+0.40,rx=+0.00)
  t= 68.1 DWA-F pos=(-4.58,+1.92) yaw=+119.4 d=1.13 goal_err=-22 carrot_err= -15 c0=0.78 clear=0.52 prog=0.33 rel=0.94 bal=-0.38 obs=245 hard=235 obsc=250 yr=  0  nz=0.06 flt=0.01 dmap=+1/-2 shz=4.0 plan=7 cmd=(lx=+0.00,ly=+0.40,rx=+0.00)
  t= 68.6 DWA-F pos=(-4.60,+1.96) yaw=+119.4 d=1.09 goal_err=-23 carrot_err= -16 c0=0.74 clear=0.49 prog=0.33 rel=0.93 bal=-0.46 obs=246 hard=234 obsc=249 yr=  0  nz=0.07 flt=0.01 dmap=+0/-0 shz=4.0 plan=6 cmd=(lx=+0.00,ly=+0.40,rx=+0.00)
  t= 69.0 DWA-F pos=(-4.63,+2.00) yaw=+119.4 d=1.05 goal_err=-24 carrot_err= -17 c0=0.98 clear=0.65 prog=0.33 rel=0.87 bal=-0.46 obs=249 hard=237 obsc=252 yr=  0  nz=0.13 flt=0.00 dmap=+0/-0 shz=4.0 plan=6 cmd=(lx=+0.00,ly=+0.40,rx=+0.00)
  t= 69.4 DWA-F pos=(-4.65,+2.04) yaw=+119.4 d=1.00 goal_err=-25 carrot_err= -18 c0=0.93 clear=0.62 prog=0.33 rel=0.84 bal=-0.48 obs=249 hard=237 obsc=253 yr=  0  nz=0.16 flt=0.01 dmap=+1/-2 shz=4.0 plan=6 cmd=(lx=+0.00,ly=+0.40,rx=+0.00)
  t= 69.9 DWA-F pos=(-4.67,+2.08) yaw=+119.4 d=0.96 goal_err=-26 carrot_err= -19 c0=1.31 clear=0.87 prog=0.32 rel=0.84 bal=-0.57 obs=249 hard=236 obsc=252 yr=  0  nz=0.16 flt=0.04 dmap=+0/-0 shz=4.0 plan=6 cmd=(lx=+0.00,ly=+0.40,rx=+0.00)
  t= 70.3 DWA-F pos=(-4.69,+2.12) yaw=+119.4 d=0.93 goal_err=-27 carrot_err= -22 c0=1.27 clear=0.85 prog=0.31 rel=0.75 bal=-0.44 obs=248 hard=237 obsc=254 yr=  0  nz=0.25 flt=0.01 dmap=+1/-0 shz=4.0 plan=6 cmd=(lx=+0.00,ly=+0.40,rx=+0.00)
  t= 70.7 DWA-F pos=(-4.71,+2.15) yaw=+119.4 d=0.89 goal_err=-28 carrot_err= -23 c0=1.23 clear=0.82 prog=0.30 rel=0.73 bal=-0.44 obs=249 hard=237 obsc=253 yr=  0  nz=0.27 flt=0.00 dmap=+1/-0 shz=4.0 plan=6 cmd=(lx=+0.00,ly=+0.40,rx=+0.00)
  t= 71.2 DWA-F pos=(-4.73,+2.19) yaw=+119.4 d=0.85 goal_err=-29 carrot_err= -25 c0=1.19 clear=0.79 prog=0.28 rel=0.80 bal=-0.44 obs=248 hard=235 obsc=252 yr=  0  nz=0.20 flt=0.01 dmap=+1/-2 shz=4.0 plan=6 cmd=(lx=+0.00,ly=+0.40,rx=+0.00)
  t= 71.6 DWA-F pos=(-4.76,+2.23) yaw=+119.4 d=0.81 goal_err=-31 carrot_err= -26 c0=1.14 clear=0.76 prog=0.30 rel=0.93 bal=-0.43 obs=249 hard=236 obsc=253 yr=  0  nz=0.07 flt=0.00 dmap=+0/-0 shz=4.0 plan=5 cmd=(lx=+0.00,ly=+0.40,rx=+0.00)
  t= 72.0 DWA-F pos=(-4.78,+2.27) yaw=+119.4 d=0.77 goal_err=-33 carrot_err= -28 c0=1.10 clear=0.73 prog=0.30 rel=0.93 bal=-0.43 obs=249 hard=237 obsc=252 yr=  0  nz=0.07 flt=0.01 dmap=+0/-0 shz=4.0 plan=5 cmd=(lx=+0.00,ly=+0.40,rx=+0.00)
  t= 72.5 DWA-F pos=(-4.80,+2.31) yaw=+115.3 d=0.73 goal_err=-31 carrot_err= -25 c0=1.06 clear=0.70 prog=0.30 rel=0.93 bal=-0.42 obs=265 hard=252 obsc=269 yr= 19  nz=0.07 flt=0.21 dmap=+17/-1 shz=4.0 plan=5 cmd=(lx=+0.00,ly=+0.40,rx=+0.00)
  t= 72.9 DWA-F pos=(-4.82,+2.35) yaw=+115.3 d=0.70 goal_err=-33 carrot_err= -27 c0=1.02 clear=0.68 prog=0.30 rel=0.93 bal=-0.41 obs=265 hard=254 obsc=268 yr=  0  nz=0.07 flt=0.01 dmap=+0/-0 shz=4.0 plan=5 cmd=(lx=+0.00,ly=+0.40,rx=+0.00)
  t= 73.3 DWA-F pos=(-4.84,+2.39) yaw=+115.3 d=0.66 goal_err=-35 carrot_err= -29 c0=0.98 clear=0.66 prog=0.30 rel=0.94 bal=-0.40 obs=266 hard=256 obsc=271 yr=  0G nz=0.06 flt=0.01 dmap=+0/-0 shz=4.0 plan=4 cmd=(lx=+0.00,ly=+0.40,rx=+0.45)
  t= 73.8 DWA-F pos=(-4.86,+2.44) yaw=+109.3 d=0.61 goal_err=-32 carrot_err= -25 c0=0.93 clear=0.62 prog=0.30 rel=0.93 bal=-0.40 obs=264 hard=254 obsc=269 yr=  0  nz=0.07 flt=0.01 dmap=+0/-2 shz=4.0 plan=4 cmd=(lx=+0.00,ly=+0.40,rx=+0.00)
  t= 74.2 DWA-F pos=(-4.87,+2.48) yaw=+109.3 d=0.57 goal_err=-34 carrot_err= -28 c0=0.89 clear=0.59 prog=0.30 rel=0.91 bal=-0.40 obs=260 hard=253 obsc=268 yr=  0G nz=0.09 flt=0.03 dmap=+0/-0 shz=4.0 plan=4 cmd=(lx=+0.00,ly=+0.40,rx=+0.45)
  t= 74.6 DWA-F pos=(-4.89,+2.53) yaw=+105.3 d=0.54 goal_err=-32 carrot_err= -26 c0=0.85 clear=0.56 prog=0.30 rel=0.91 bal=-0.40 obs=260 hard=249 obsc=265 yr=  0  nz=0.09 flt=0.04 dmap=+0/-0 shz=4.0 plan=3 cmd=(lx=+0.00,ly=+0.40,rx=+0.00)
  t= 75.1 DWA-F pos=(-4.90,+2.57) yaw=+101.3 d=0.50 goal_err=-31 carrot_err= -24 c0=0.97 clear=0.65 prog=0.30 rel=0.93 bal=-0.39 obs=260 hard=248 obsc=262 yr= 19G nz=0.07 flt=0.01 dmap=+0/-0 shz=4.0 plan=3 cmd=(lx=+0.00,ly=+0.40,rx=+0.00)
  t= 75.5 DWA-T pos=(-4.90,+2.61) yaw= +97.3 d=0.47 goal_err=-29 carrot_err= -22 c0=0.94 clear=0.62 prog=0.28 rel=0.92 bal=-0.17 obs=257 hard=246 obsc=260 yr=  0  nz=0.08 flt=0.01 dmap=+1/-1 shz=4.0 plan=3 cmd=(lx=+0.00,ly=+0.00,rx=+0.00)
  t= 75.9 DWA-T pos=(-4.90,+2.61) yaw= +97.3 d=0.47 goal_err=-29 carrot_err= -22 c0=0.94 clear=0.62 prog=0.22 rel=0.91 bal=-0.17 obs=258 hard=245 obsc=260 yr=  0  nz=0.09 flt=0.00 dmap=+0/-0 shz=4.0 plan=3 cmd=(lx=+0.00,ly=+0.00,rx=+0.00)
  t= 76.3 DWA-T pos=(-4.90,+2.61) yaw= +97.3 d=0.47 goal_err=-29 carrot_err= -22 c0=0.94 clear=0.62 prog=0.15 rel=0.91 bal=-0.17 obs=258 hard=245 obsc=260 yr=  0  nz=0.09 flt=0.00 dmap=+0/-0 shz=4.0 plan=3 cmd=(lx=+0.00,ly=+0.00,rx=+0.00)
  t= 76.8 BRK-BK pos=(-4.90,+2.61) yaw= +97.3 d=0.47 goal_err=-29 carrot_err= -22 c0=0.94 clear=0.62 prog=0.09 rel=0.91 bal=-0.17 obs=258 hard=245 obsc=260 yr=  0  nz=0.09 flt=0.00 dmap=+0/-0 shz=4.0 plan=0 cmd=(lx=+0.00,ly=-0.35,rx=+0.00)
  t= 77.2 BRK-TR pos=(-4.90,+2.56) yaw= +97.3 d=0.51 goal_err=-27 carrot_err= -20 c0=0.98 clear=0.65 prog=0.00 rel=0.97 bal=-0.18 obs=257 hard=244 obsc=258 yr=  0G nz=0.03 flt=0.03 dmap=+0/-0 shz=3.7 plan=0 cmd=(lx=+0.00,ly=+0.00,rx=+0.45)
  t= 77.6 BRK-TR pos=(-4.90,+2.56) yaw= +89.3 d=0.51 goal_err=-18 carrot_err= -12 c0=1.16 clear=0.77 prog=0.00 rel=0.84 bal=-0.19 obs=257 hard=245 obsc=258 yr= 19G nz=0.15 flt=0.00 dmap=+0/-0 shz=3.7 plan=0 cmd=(lx=+0.00,ly=+0.00,rx=+0.45)
  t= 78.0 BRK-TR pos=(-4.90,+2.56) yaw= +79.3 d=0.51 goal_err=-8 carrot_err=  -2 c0=1.16 clear=0.77 prog=0.00 rel=0.86 bal=-0.28 obs=257 hard=245 obsc=258 yr= 38G nz=0.14 flt=0.00 dmap=+0/-0 shz=3.7 plan=0 cmd=(lx=+0.00,ly=+0.00,rx=+0.45)
  t= 78.5 BRK-TR pos=(-4.90,+2.56) yaw= +71.2 d=0.51 goal_err=-0 carrot_err=  +6 c0=1.09 clear=0.73 prog=0.00 rel=0.88 bal=-0.32 obs=257 hard=245 obsc=258 yr= 19G nz=0.12 flt=0.00 dmap=+0/-0 shz=3.7 plan=0 cmd=(lx=+0.00,ly=+0.00,rx=+0.45)
  t= 78.9 BRK-TR pos=(-4.90,+2.56) yaw= +63.2 d=0.51 goal_err=+8 carrot_err= +14 c0=1.09 clear=0.73 prog=0.00 rel=0.94 bal=-0.23 obs=261 hard=249 obsc=262 yr= 19G nz=0.06 flt=0.00 dmap=+0/-0 shz=3.7 plan=0 cmd=(lx=+0.00,ly=+0.00,rx=+0.45)
  t= 79.3 BRK-TR pos=(-4.90,+2.56) yaw= +55.2 d=0.51 goal_err=+16 carrot_err= +22 c0=1.09 clear=0.73 prog=0.00 rel=0.94 bal=-0.23 obs=261 hard=249 obsc=262 yr= 19G nz=0.06 flt=0.03 dmap=+0/-0 shz=3.7 plan=0 cmd=(lx=+0.00,ly=+0.00,rx=+0.45)
  t= 79.7 DWA-T pos=(-4.89,+2.56) yaw= +49.2 d=0.50 goal_err=+22 carrot_err= +29 c0=1.09 clear=0.72 prog=0.01 rel=0.96 bal=-0.16 obs=244 hard=239 obsc=246 yr=  0  nz=0.04 flt=0.09 dmap=+0/-17 shz=3.7 plan=3 cmd=(lx=+0.00,ly=+0.00,rx=+0.00)
  t= 80.2 DWA-T pos=(-4.89,+2.56) yaw= +49.2 d=0.50 goal_err=+22 carrot_err= +29 c0=1.09 clear=0.72 prog=0.01 rel=0.98 bal=-0.16 obs=244 hard=238 obsc=245 yr=  0  nz=0.02 flt=0.01 dmap=+0/-0 shz=3.7 plan=3 cmd=(lx=+0.00,ly=+0.00,rx=+0.00)
  t= 80.6 DWA-T pos=(-4.89,+2.56) yaw= +49.2 d=0.50 goal_err=+22 carrot_err= +29 c0=1.09 clear=0.72 prog=0.01 rel=0.98 bal=-0.16 obs=244 hard=238 obsc=245 yr=  0  nz=0.02 flt=0.01 dmap=+0/-0 shz=3.7 plan=3 cmd=(lx=+0.00,ly=+0.00,rx=+0.00)
  t= 81.0 BRK-BK pos=(-4.89,+2.56) yaw= +49.2 d=0.50 goal_err=+22 carrot_err= +29 c0=1.09 clear=0.72 prog=0.01 rel=0.98 bal=-0.16 obs=244 hard=238 obsc=245 yr=  0  nz=0.02 flt=0.01 dmap=+0/-0 shz=3.7 plan=0 cmd=(lx=+0.00,ly=-0.35,rx=+0.00)
  t= 81.5 BRK-TR pos=(-4.92,+2.53) yaw= +49.2 d=0.54 goal_err=+20 carrot_err= +27 c0=1.13 clear=0.75 prog=0.00 rel=0.96 bal=-0.16 obs=244 hard=237 obsc=244 yr=  0  nz=0.04 flt=0.00 dmap=+0/-0 shz=3.5 plan=0 cmd=(lx=+0.00,ly=+0.00,rx=+0.45)
  t= 81.9 BRK-TR pos=(-4.93,+2.52) yaw= +43.2 d=0.55 goal_err=+26 carrot_err= +32 c0=1.14 clear=0.76 prog=0.00 rel=0.97 bal=-0.16 obs=244 hard=237 obsc=244 yr= 19G nz=0.03 flt=0.08 dmap=+0/-0 shz=3.5 plan=0 cmd=(lx=+0.00,ly=+0.00,rx=+0.45)
  t= 82.3 BRK-TR pos=(-4.93,+2.52) yaw= +35.1 d=0.55 goal_err=+34 carrot_err= +40 c0=1.14 clear=0.76 prog=0.00 rel=0.97 bal=-0.10 obs=244 hard=238 obsc=244 yr= 19G nz=0.03 flt=0.09 dmap=+0/-0 shz=3.5 plan=0 cmd=(lx=+0.00,ly=+0.00,rx=+0.45)
  t= 82.7 BRK-TR pos=(-4.93,+2.52) yaw= +25.1 d=0.55 goal_err=+44 carrot_err= +50 c0=1.27 clear=0.85 prog=0.00 rel=0.97 bal=-0.10 obs=244 hard=238 obsc=244 yr= 38G nz=0.03 flt=0.00 dmap=+0/-0 shz=3.5 plan=0 cmd=(lx=+0.00,ly=+0.00,rx=+0.45)
  t= 83.1 BRK-TR pos=(-4.93,+2.52) yaw= +17.1 d=0.55 goal_err=+52 carrot_err= +58 c0=1.33 clear=0.89 prog=0.00 rel=0.88 bal=+0.09 obs=244 hard=240 obsc=244 yr= 18G nz=0.11 flt=0.00 dmap=+0/-0 shz=3.5 plan=0 cmd=(lx=+0.00,ly=+0.00,rx=+0.45)
  t= 83.6 BRK-TR pos=(-4.93,+2.52) yaw=  +9.1 d=0.55 goal_err=+60 carrot_err= +66 c0=1.33 clear=0.89 prog=0.00 rel=0.86 bal=+0.10 obs=244 hard=240 obsc=244 yr= 19G nz=0.13 flt=0.05 dmap=+0/-0 shz=3.5 plan=0 cmd=(lx=+0.00,ly=+0.00,rx=+0.45)
  t= 84.0 DWA-F pos=(-4.93,+2.52) yaw=  +1.0 d=0.55 goal_err=+68 carrot_err= +74 c0=1.17 clear=0.78 prog=0.00 rel=0.87 bal=+0.14 obs=244 hard=240 obsc=244 yr= 18G nz=0.13 flt=0.00 dmap=+0/-0 shz=3.5 plan=3 cmd=(lx=+0.00,ly=+0.28,rx=-0.45)
  t= 84.4 DWA-F pos=(-4.90,+2.53) yaw=  +9.1 d=0.54 goal_err=+63 carrot_err= +69 c0=1.30 clear=0.87 prog=0.02 rel=0.79 bal=+0.10 obs=244 hard=240 obsc=244 yr= 18G nz=0.13 flt=0.40 dmap=+0/-0 shz=3.5 plan=3 cmd=(lx=+0.00,ly=+0.28,rx=-0.45)
  t= 84.9 DWA-F pos=(-4.87,+2.53) yaw= +17.1 d=0.53 goal_err=+57 carrot_err= +64 c0=1.27 clear=0.85 prog=0.04 rel=0.86 bal=+0.05 obs=244 hard=240 obsc=244 yr= 18G nz=0.14 flt=0.00 dmap=+0/-0 shz=3.5 plan=3 cmd=(lx=+0.00,ly=+0.28,rx=-0.45)
  t= 85.3 DWA-F pos=(-4.84,+2.54) yaw= +27.1 d=0.51 goal_err=+51 carrot_err= +58 c0=1.20 clear=0.80 prog=0.08 rel=0.82 bal=+0.12 obs=248 hard=244 obsc=248 yr= 19G nz=0.11 flt=0.06 dmap=+4/-0 shz=3.5 plan=3 cmd=(lx=+0.00,ly=+0.28,rx=-0.45)
  t= 85.7 DWA-F pos=(-4.81,+2.56) yaw= +35.1 d=0.49 goal_err=+45 carrot_err= +53 c0=1.04 clear=0.69 prog=0.11 rel=0.85 bal=+0.02 obs=249 hard=245 obsc=249 yr= 19G nz=0.15 flt=0.12 dmap=+0/-0 shz=3.5 plan=3 cmd=(lx=+0.00,ly=+0.28,rx=-0.45)
  t= 86.1 DWA-F pos=(-4.79,+2.58) yaw= +43.2 d=0.47 goal_err=+39 carrot_err= +48 c0=1.01 clear=0.68 prog=0.13 rel=0.83 bal=+0.03 obs=250 hard=246 obsc=250 yr= 18G nz=0.17 flt=0.04 dmap=+0/-0 shz=3.5 plan=3 cmd=(lx=+0.00,ly=+0.28,rx=-0.45)
  t= 86.6 DWA-F pos=(-4.77,+2.60) yaw= +51.2 d=0.45 goal_err=+33 carrot_err= +43 c0=0.99 clear=0.66 prog=0.15 rel=0.84 bal=+0.00 obs=250 hard=246 obsc=250 yr= 19G nz=0.15 flt=0.25 dmap=+0/-0 shz=3.5 plan=3 cmd=(lx=+0.00,ly=+0.28,rx=-0.45)

  >>> MODO AGRESIVO ON (12s sin acercarse a B): reduzco inflado y holgura (min seguridad 0.24m) para cruzar la puerta.
  t= 87.0 AGR-DWA-F pos=(-4.75,+2.63) yaw= +61.2 d=0.42 goal_err=+26 carrot_err= +36 c0=0.95 clear=0.64 prog=0.17 rel=0.94 bal=-0.08 obs=251 hard=247 obsc=251 yr= 36G nz=0.06 flt=0.06 dmap=+0/-0 shz=3.5 plan=3 cmd=(lx=+0.00,ly=+0.28,rx=-0.45)
  t= 87.4 AGR-DWA-T pos=(-4.74,+2.64) yaw= +67.2 d=0.40 goal_err=+21 carrot_err= +32 c0=0.93 clear=0.62 prog=0.17 rel=0.88 bal=-0.08 obs=249 hard=231 obsc=258 yr=  0  nz=0.06 flt=0.27 dmap=+0/-0 shz=3.5 plan=3 cmd=(lx=+0.00,ly=+0.00,rx=+0.00)
  t= 87.9 AGR-DWA-T pos=(-4.74,+2.64) yaw= +67.2 d=0.40 goal_err=+21 carrot_err= +32 c0=0.93 clear=0.62 prog=0.14 rel=0.94 bal=-0.08 obs=247 hard=235 obsc=256 yr=  0  nz=0.06 flt=0.05 dmap=+0/-0 shz=3.5 plan=3 cmd=(lx=+0.00,ly=+0.00,rx=+0.00)
  t= 88.3 AGR-DWA-T pos=(-4.74,+2.64) yaw= +67.2 d=0.40 goal_err=+21 carrot_err= +32 c0=0.93 clear=0.62 prog=0.10 rel=0.94 bal=-0.08 obs=247 hard=235 obsc=256 yr=  0  nz=0.06 flt=0.05 dmap=+0/-0 shz=3.5 plan=3 cmd=(lx=+0.00,ly=+0.00,rx=+0.00)
  t= 88.7 AGR-BRK-BK pos=(-4.74,+2.64) yaw= +67.2 d=0.40 goal_err=+21 carrot_err= +32 c0=0.93 clear=0.62 prog=0.06 rel=0.94 bal=-0.08 obs=247 hard=235 obsc=256 yr=  0  nz=0.06 flt=0.05 dmap=+0/-0 shz=3.5 plan=0 cmd=(lx=+0.00,ly=-0.35,rx=+0.00)
  t= 89.2 AGR-BRK-TR pos=(-4.76,+2.60) yaw= +67.2 d=0.44 goal_err=+19 carrot_err= +28 c0=0.98 clear=0.65 prog=0.00 rel=0.97 bal=-0.07 obs=244 hard=237 obsc=252 yr=  0G nz=0.03 flt=0.01 dmap=+0/-0 shz=3.3 plan=0 cmd=(lx=+0.00,ly=+0.00,rx=+0.45)
  t= 89.6 AGR-BRK-TR pos=(-4.76,+2.60) yaw= +59.2 d=0.44 goal_err=+27 carrot_err= +36 c0=0.98 clear=0.65 prog=0.00 rel=0.96 bal=-0.07 obs=247 hard=242 obsc=255 yr= 19G nz=0.04 flt=0.00 dmap=+2/-0 shz=3.3 plan=0 cmd=(lx=+0.00,ly=+0.00,rx=+0.45)
  t= 90.0 AGR-BRK-TR pos=(-4.76,+2.60) yaw= +51.2 d=0.44 goal_err=+35 carrot_err= +44 c0=0.98 clear=0.65 prog=0.00 rel=0.96 bal=+0.04 obs=247 hard=242 obsc=255 yr= 19G nz=0.04 flt=0.13 dmap=+0/-0 shz=3.3 plan=0 cmd=(lx=+0.00,ly=+0.00,rx=+0.45)
  t= 90.4 AGR-BRK-TR pos=(-4.76,+2.60) yaw= +43.2 d=0.44 goal_err=+43 carrot_err= +52 c0=0.98 clear=0.65 prog=0.00 rel=0.96 bal=+0.04 obs=247 hard=242 obsc=255 yr= 19G nz=0.04 flt=0.00 dmap=+0/-0 shz=3.3 plan=0 cmd=(lx=+0.00,ly=+0.00,rx=+0.45)
  t= 90.9 AGR-BRK-TR pos=(-4.76,+2.60) yaw= +35.1 d=0.44 goal_err=+51 carrot_err= +60 c0=0.98 clear=0.65 prog=0.00 rel=0.97 bal=+0.04 obs=247 hard=242 obsc=255 yr= 19G nz=0.03 flt=0.07 dmap=+0/-0 shz=3.3 plan=0 cmd=(lx=+0.00,ly=+0.00,rx=+0.45)
  t= 91.3 AGR-BRK-TR pos=(-4.76,+2.60) yaw= +25.1 d=0.44 goal_err=+61 carrot_err= +70 c0=1.11 clear=0.74 prog=0.00 rel=0.91 bal=+0.10 obs=247 hard=242 obsc=255 yr= 20G nz=0.09 flt=0.00 dmap=+0/-0 shz=3.3 plan=0 cmd=(lx=+0.00,ly=+0.00,rx=+0.45)
  t= 91.7 AGR-DWA-F pos=(-4.76,+2.60) yaw= +21.1 d=0.44 goal_err=+65 carrot_err= +75 c0=1.13 clear=0.75 prog=0.01 rel=0.88 bal=+0.10 obs=247 hard=242 obsc=255 yr= 18G nz=0.12 flt=0.00 dmap=+0/-0 shz=3.3 plan=3 cmd=(lx=+0.00,ly=+0.28,rx=-0.45)
  t= 92.1 AGR-DWA-F pos=(-4.73,+2.61) yaw= +29.1 d=0.43 goal_err=+61 carrot_err= +71 c0=1.08 clear=0.72 prog=0.03 rel=0.88 bal=+0.11 obs=247 hard=242 obsc=255 yr= 19G nz=0.12 flt=0.13 dmap=+0/-0 shz=3.3 plan=3 cmd=(lx=+0.00,ly=+0.28,rx=-0.45)
  t= 92.6 AGR-DWA-F pos=(-4.71,+2.63) yaw= +37.1 d=0.41 goal_err=+56 carrot_err= +67 c0=0.92 clear=0.62 prog=0.05 rel=0.88 bal=+0.10 obs=247 hard=242 obsc=255 yr= 18G nz=0.12 flt=0.01 dmap=+0/-0 shz=3.4 plan=3 cmd=(lx=+0.00,ly=+0.28,rx=-0.45)
  t= 93.0 AGR-DWA-F pos=(-4.68,+2.65) yaw= +47.2 d=0.39 goal_err=+50 carrot_err= +62 c0=0.89 clear=0.59 prog=0.09 rel=0.85 bal=+0.06 obs=247 hard=242 obsc=255 yr= 37G nz=0.15 flt=0.05 dmap=+0/-0 shz=3.3 plan=3 cmd=(lx=+0.00,ly=+0.28,rx=-0.45)
  t= 93.4 AGR-DWA-F pos=(-4.66,+2.67) yaw= +55.2 d=0.38 goal_err=+45 carrot_err= +57 c0=0.86 clear=0.58 prog=0.12 rel=0.89 bal=+0.00 obs=248 hard=243 obsc=256 yr= 19G nz=0.11 flt=0.01 dmap=+1/-0 shz=3.4 plan=3 cmd=(lx=+0.00,ly=+0.28,rx=-0.45)
  t= 93.9 AGR-DWA-F pos=(-4.65,+2.69) yaw= +63.2 d=0.35 goal_err=+40 carrot_err= +53 c0=0.84 clear=0.56 prog=0.14 rel=0.89 bal=-0.00 obs=249 hard=247 obsc=257 yr= 18G nz=0.06 flt=0.05 dmap=+0/-0 shz=3.3 plan=3 cmd=(lx=+0.00,ly=+0.28,rx=-0.45)

  LLEGADO a 'B' (-4.73,+3.04); error=0.35 m, colisiones=0.
  [spill] derrames=0 E[N]=0.00 eta_max=0.85 riesgo=1.6%
  [dataset] travesia guardada -> /Users/adrianlendinezibanez/Claude/Projects/G1 ROBOT/dataset/20260704_195059_ours_B.json
  [stats] fila anadida -> /Users/adrianlendinezibanez/Claude/Projects/G1 ROBOT/dataset/runs_stats.csv

Fin goto.
  [META2-L2] estado guardado (meta2_state_prereal.json): Pl={'Efficient_Nav': 1.0, 'Cautious_Nav': 1.0} derrames_run=0
  backend grafico: TkAgg
>>> SIM ADAPTER: conectando a rosbridge ws://localhost:8765 ...
  esperando /odom (hasta 30s; el mundo del lab tarda en cargar)... ok
  /odom OK pose=(+0.99,+0.57) | /scan: OK
  escenario LAB: mapa/waypoints/puerta REALES (lab.world solo-paredes, frame G1)

>>> GOTO 'B' -> (-4.73,+3.04). Mando en mano (L2+B). Ctrl+C aborta.
    ENTORNO: SIM (id: lab_v1_prereal_4capas)  — esta run se registra como SIMULACION, no cuenta como run de robot
  Esperando pose localizada y primera nube... ok.
  FRAME-CHECK start=(+0.99,+0.57) wp_mas_cercano=A(+0.99,+0.57) offset=0.00m  -> frame OK (pose y waypoints alineados)
  [spill] payload de agua simulado (semilla=20260704_195246_ours_B.json)
  META2 ACTIVO (techo por analogia): Meta-Reasoner 2.0, analogia inicial Cautious_Nav

  !!!!!!!!!!!!!!!!!!!!!!!!!!!!!!!!!!!!!!!!!!!!!!!!!!!!!!!!!!!!!!!!!!!!!!!!!!
  !!  VISION OFF (G1_PERC sin definir) pero G1_NOVIS=1: navego SIN vision bajo tu responsabilidad.
  !!  La MESA invisible al LiDAR no se vera.
  !!!!!!!!!!!!!!!!!!!!!!!!!!!!!!!!!!!!!!!!!!!!!!!!!!!!!!!!!!!!!!!!!!!!!!!!!!

  mapa de referencia: 961 celdas | muebles estaticos (nav_map): 0 celdas | plan global: static
  t=  0.0 DWA-F pos=(+0.99,+0.57) yaw=-120.3 d=6.23 goal_err=-83 carrot_err= -62 c0=2.25 clear=1.00 prog=0.00 rel=1.00 bal=+0.19 obs=108 hard=108 obsc=108 yr=  0  nz=0.00 flt=0.19 dmap=+108/-0 shz=0.0 plan=34 cmd=(lx=+0.00,ly=+0.40,rx=+0.45)
  t=  0.4 DWA-F pos=(+0.97,+0.53) yaw=-126.3 d=6.22 goal_err=-77 carrot_err= -59 c0=2.21 clear=1.00 prog=0.05 rel=0.99 bal=+0.28 obs=111 hard=111 obsc=111 yr= 19G nz=0.01 flt=0.04 dmap=+0/-0 shz=4.7 plan=34 cmd=(lx=+0.00,ly=+0.40,rx=+0.45)
  t=  0.9 DWA-F pos=(+0.93,+0.49) yaw=-134.4 d=6.21 goal_err=-70 carrot_err= -55 c0=2.28 clear=1.00 prog=0.09 rel=0.96 bal=+0.41 obs=111 hard=111 obsc=111 yr= 18G nz=0.03 flt=0.14 dmap=+0/-0 shz=4.0 plan=34 cmd=(lx=+0.00,ly=+0.40,rx=+0.45)
  t=  1.3 DWA-F pos=(+0.88,+0.45) yaw=-142.4 d=6.18 goal_err=-62 carrot_err= -35 c0=2.50 clear=1.00 prog=0.12 rel=0.84 bal=+0.41 obs=111 hard=111 obsc=111 yr= 19  nz=0.16 flt=0.01 dmap=+0/-0 shz=4.2 plan=34 cmd=(lx=+0.00,ly=+0.40,rx=+0.00)
  t=  1.7 DWA-F pos=(+0.82,+0.40) yaw=-142.4 d=6.15 goal_err=-63 carrot_err= -38 c0=2.50 clear=1.00 prog=0.15 rel=0.80 bal=+0.42 obs=118 hard=118 obsc=140 yr=  0G nz=0.20 flt=0.01 dmap=+0/-0 shz=4.1 plan=33 cmd=(lx=+0.00,ly=+0.40,rx=+0.45)
  t=  2.2 DWA-F pos=(+0.78,+0.37) yaw=-148.4 d=6.12 goal_err=-58 carrot_err= -34 c0=2.50 clear=1.00 prog=0.19 rel=0.81 bal=+0.43 obs=118 hard=118 obsc=140 yr=  0  nz=0.19 flt=0.00 dmap=+0/-0 shz=4.1 plan=33 cmd=(lx=+0.00,ly=+0.40,rx=+0.00)
  t=  2.6 DWA-F pos=(+0.73,+0.34) yaw=-148.4 d=6.09 goal_err=-58 carrot_err= -36 c0=2.50 clear=1.00 prog=0.21 rel=0.99 bal=+0.43 obs=142 hard=122 obsc=145 yr=  0G nz=0.01 flt=0.00 dmap=+0/-0 shz=4.0 plan=33 cmd=(lx=+0.00,ly=+0.40,rx=+0.45)
  t=  3.0 DWA-F pos=(+0.70,+0.32) yaw=-152.4 d=6.07 goal_err=-54 carrot_err= -33 c0=2.50 clear=1.00 prog=0.22 rel=0.99 bal=+0.44 obs=163 hard=145 obsc=168 yr=  0  nz=0.01 flt=0.00 dmap=+3/-2 shz=4.0 plan=32 cmd=(lx=+0.00,ly=+0.40,rx=+0.00)
  t=  3.5 DWA-F pos=(+0.66,+0.30) yaw=-152.4 d=6.04 goal_err=-55 carrot_err= -34 c0=2.50 clear=1.00 prog=0.22 rel=0.99 bal=+0.44 obs=165 hard=159 obsc=166 yr=  0  nz=0.01 flt=0.01 dmap=+2/-0 shz=4.1 plan=32 cmd=(lx=+0.00,ly=+0.40,rx=+0.00)
  t=  3.9 DWA-F pos=(+0.61,+0.27) yaw=-152.4 d=6.01 goal_err=-55 carrot_err= -37 c0=2.50 clear=1.00 prog=0.21 rel=0.98 bal=+0.37 obs=167 hard=164 obsc=168 yr=  0  nz=0.02 flt=0.00 dmap=+0/-0 shz=4.0 plan=32 cmd=(lx=+0.00,ly=+0.40,rx=+0.00)
  t=  4.3 DWA-F pos=(+0.57,+0.25) yaw=-156.4 d=5.99 goal_err=-51 carrot_err= -35 c0=2.50 clear=1.00 prog=0.21 rel=0.98 bal=+0.37 obs=167 hard=164 obsc=167 yr= 19  nz=0.02 flt=0.01 dmap=+0/-0 shz=4.0 plan=32 cmd=(lx=+0.00,ly=+0.40,rx=+0.00)
  t=  4.7 DWA-F pos=(+0.53,+0.23) yaw=-156.4 d=5.96 goal_err=-52 carrot_err= -21 c0=2.50 clear=1.00 prog=0.21 rel=0.98 bal=+0.39 obs=168 hard=165 obsc=168 yr=  0  nz=0.02 flt=0.00 dmap=+0/-0 shz=4.0 plan=32 cmd=(lx=+0.00,ly=+0.40,rx=+0.00)
  t=  5.2 DWA-F pos=(+0.49,+0.22) yaw=-156.4 d=5.93 goal_err=-52 carrot_err= -23 c0=2.50 clear=1.00 prog=0.22 rel=0.98 bal=+0.40 obs=168 hard=167 obsc=168 yr=  0  nz=0.02 flt=0.00 dmap=+0/-0 shz=4.0 plan=32 cmd=(lx=+0.00,ly=+0.40,rx=+0.00)
  t=  5.6 DWA-F pos=(+0.45,+0.20) yaw=-156.4 d=5.90 goal_err=-52 carrot_err= -24 c0=2.50 clear=1.00 prog=0.22 rel=0.99 bal=+0.41 obs=169 hard=168 obsc=169 yr=  0  nz=0.01 flt=0.01 dmap=+0/-0 shz=4.0 plan=32 cmd=(lx=+0.00,ly=+0.40,rx=+0.00)
  t=  6.0 DWA-F pos=(+0.39,+0.18) yaw=-156.4 d=5.87 goal_err=-53 carrot_err= -25 c0=2.50 clear=1.00 prog=0.22 rel=0.99 bal=+0.43 obs=170 hard=169 obsc=172 yr=  0  nz=0.01 flt=0.00 dmap=+1/-1 shz=4.0 plan=31 cmd=(lx=+0.00,ly=+0.40,rx=+0.00)
  t=  6.5 DWA-F pos=(+0.35,+0.16) yaw=-156.4 d=5.84 goal_err=-53 carrot_err= -27 c0=2.50 clear=1.00 prog=0.22 rel=0.99 bal=+0.44 obs=171 hard=168 obsc=171 yr=  0  nz=0.01 flt=0.00 dmap=+0/-0 shz=4.0 plan=31 cmd=(lx=+0.00,ly=+0.40,rx=+0.00)
  t=  6.9 DWA-F pos=(+0.31,+0.14) yaw=-156.4 d=5.82 goal_err=-53 carrot_err= -28 c0=2.50 clear=1.00 prog=0.22 rel=0.99 bal=+0.44 obs=172 hard=169 obsc=172 yr=  0  nz=0.01 flt=0.00 dmap=+0/-0 shz=4.0 plan=31 cmd=(lx=+0.00,ly=+0.40,rx=+0.00)
  t=  7.3 DWA-F pos=(+0.27,+0.12) yaw=-156.4 d=5.79 goal_err=-54 carrot_err= -16 c0=2.50 clear=1.00 prog=0.22 rel=0.99 bal=+0.45 obs=172 hard=171 obsc=172 yr=  0  nz=0.01 flt=0.00 dmap=+0/-0 shz=4.0 plan=31 cmd=(lx=+0.00,ly=+0.40,rx=+0.00)
  t=  7.8 DWA-F pos=(+0.22,+0.10) yaw=-156.4 d=5.76 goal_err=-54 carrot_err= -17 c0=2.50 clear=1.00 prog=0.21 rel=0.99 bal=+0.46 obs=172 hard=171 obsc=173 yr=  0  nz=0.01 flt=0.01 dmap=+1/-1 shz=4.0 plan=30 cmd=(lx=+0.00,ly=+0.40,rx=+0.00)
  t=  8.2 DWA-F pos=(+0.18,+0.08) yaw=-156.4 d=5.73 goal_err=-55 carrot_err= -18 c0=2.50 clear=1.00 prog=0.21 rel=0.99 bal=+0.38 obs=173 hard=172 obsc=173 yr=  0  nz=0.01 flt=0.00 dmap=+0/-0 shz=4.0 plan=30 cmd=(lx=+0.00,ly=+0.40,rx=+0.00)
  t=  8.6 DWA-F pos=(+0.14,+0.07) yaw=-156.4 d=5.71 goal_err=-55 carrot_err= -19 c0=2.49 clear=1.00 prog=0.21 rel=0.97 bal=+0.39 obs=177 hard=176 obsc=177 yr=  0  nz=0.03 flt=0.00 dmap=+0/-0 shz=4.0 plan=30 cmd=(lx=+0.00,ly=+0.40,rx=+0.00)
  t=  9.1 DWA-F pos=(+0.10,+0.05) yaw=-156.4 d=5.68 goal_err=-55 carrot_err= -21 c0=2.44 clear=1.00 prog=0.21 rel=0.96 bal=+0.40 obs=177 hard=176 obsc=179 yr=  0  nz=0.04 flt=0.00 dmap=+1/-1 shz=4.0 plan=29 cmd=(lx=+0.00,ly=+0.40,rx=+0.00)
  t=  9.5 DWA-F pos=(+0.05,+0.03) yaw=-156.4 d=5.65 goal_err=-56 carrot_err= -22 c0=2.39 clear=1.00 prog=0.21 rel=0.93 bal=+0.40 obs=178 hard=175 obsc=179 yr=  0  nz=0.07 flt=0.00 dmap=+1/-0 shz=4.0 plan=29 cmd=(lx=+0.00,ly=+0.40,rx=+0.00)
  t=  9.9 DWA-F pos=(+0.01,+0.01) yaw=-156.4 d=5.62 goal_err=-56 carrot_err= -23 c0=2.34 clear=1.00 prog=0.21 rel=0.91 bal=+0.40 obs=178 hard=177 obsc=180 yr=  0  nz=0.09 flt=0.01 dmap=+0/-0 shz=4.0 plan=29 cmd=(lx=+0.00,ly=+0.40,rx=+0.00)
  t= 10.4 DWA-F pos=(-0.03,-0.01) yaw=-156.4 d=5.60 goal_err=-57 carrot_err= -24 c0=2.30 clear=1.00 prog=0.20 rel=0.92 bal=+0.42 obs=179 hard=177 obsc=179 yr=  0  nz=0.08 flt=0.01 dmap=+0/-0 shz=4.0 plan=29 cmd=(lx=+0.00,ly=+0.40,rx=+0.00)
  t= 10.8 DWA-F pos=(-0.07,-0.03) yaw=-156.4 d=5.58 goal_err=-57 carrot_err= -26 c0=2.25 clear=1.00 prog=0.20 rel=0.92 bal=+0.44 obs=181 hard=179 obsc=182 yr=  0  nz=0.08 flt=0.00 dmap=+2/-0 shz=4.0 plan=29 cmd=(lx=+0.00,ly=+0.40,rx=+0.00)
  t= 11.2 DWA-F pos=(-0.11,-0.05) yaw=-156.4 d=5.55 goal_err=-57 carrot_err= -27 c0=2.21 clear=1.00 prog=0.19 rel=0.92 bal=+0.45 obs=184 hard=181 obsc=184 yr=  0  nz=0.08 flt=0.02 dmap=+0/-0 shz=4.0 plan=29 cmd=(lx=+0.00,ly=+0.40,rx=+0.00)
  t= 11.7 DWA-F pos=(-0.17,-0.07) yaw=-156.4 d=5.52 goal_err=-58 carrot_err= -28 c0=2.16 clear=1.00 prog=0.20 rel=0.91 bal=+0.47 obs=182 hard=178 obsc=182 yr=  0  nz=0.09 flt=0.01 dmap=+0/-0 shz=4.0 plan=29 cmd=(lx=+0.00,ly=+0.40,rx=+0.00)
  t= 12.1 DWA-F pos=(-0.21,-0.09) yaw=-156.4 d=5.50 goal_err=-58 carrot_err= -30 c0=2.11 clear=1.00 prog=0.20 rel=0.91 bal=+0.49 obs=183 hard=179 obsc=184 yr=  0  nz=0.09 flt=0.03 dmap=+1/-1 shz=4.0 plan=28 cmd=(lx=+0.00,ly=+0.40,rx=+0.00)
  t= 12.5 DWA-F pos=(-0.25,-0.10) yaw=-156.4 d=5.48 goal_err=-59 carrot_err= -31 c0=2.07 clear=1.00 prog=0.19 rel=0.91 bal=+0.50 obs=186 hard=182 obsc=186 yr=  0  nz=0.09 flt=0.00 dmap=+2/-0 shz=4.0 plan=28 cmd=(lx=+0.00,ly=+0.40,rx=+0.00)
  t= 12.9 DWA-F pos=(-0.29,-0.12) yaw=-156.4 d=5.45 goal_err=-59 carrot_err= -33 c0=2.02 clear=1.00 prog=0.19 rel=0.92 bal=+0.51 obs=185 hard=183 obsc=187 yr=  0  nz=0.08 flt=0.00 dmap=+0/-0 shz=4.0 plan=28 cmd=(lx=+0.00,ly=+0.40,rx=+0.00)
  t= 13.4 DWA-F pos=(-0.34,-0.14) yaw=-156.4 d=5.42 goal_err=-60 carrot_err= -33 c0=1.97 clear=1.00 prog=0.19 rel=0.93 bal=+0.52 obs=186 hard=183 obsc=186 yr=  0  nz=0.07 flt=0.02 dmap=+0/-0 shz=4.0 plan=28 cmd=(lx=+0.00,ly=+0.40,rx=+0.00)
  t= 13.8 DWA-F pos=(-0.38,-0.16) yaw=-156.4 d=5.40 goal_err=-60 carrot_err= -35 c0=1.93 clear=1.00 prog=0.19 rel=0.91 bal=+0.52 obs=187 hard=184 obsc=187 yr=  0  nz=0.09 flt=0.00 dmap=+1/-0 shz=4.0 plan=27 cmd=(lx=+0.00,ly=+0.40,rx=+0.00)
  t= 14.2 DWA-F pos=(-0.42,-0.18) yaw=-156.4 d=5.38 goal_err=-60 carrot_err= -36 c0=1.88 clear=1.00 prog=0.18 rel=0.91 bal=+0.53 obs=186 hard=185 obsc=187 yr=  0  nz=0.09 flt=0.02 dmap=+0/-0 shz=4.0 plan=27 cmd=(lx=+0.00,ly=+0.40,rx=+0.00)
  t= 14.7 DWA-F pos=(-0.46,-0.20) yaw=-158.4 d=5.36 goal_err=-59 carrot_err= -36 c0=1.84 clear=1.00 prog=0.18 rel=0.90 bal=+0.54 obs=186 hard=185 obsc=189 yr= 19G nz=0.10 flt=0.01 dmap=+0/-0 shz=4.0 plan=27 cmd=(lx=+0.00,ly=+0.40,rx=+0.00)
  t= 15.1 DWA-F pos=(-0.50,-0.21) yaw=-160.4 d=5.33 goal_err=-57 carrot_err= -44 c0=1.79 clear=1.00 prog=0.18 rel=0.91 bal=+0.55 obs=198 hard=195 obsc=199 yr=  0  nz=0.09 flt=0.00 dmap=+3/-0 shz=4.0 plan=26 cmd=(lx=+0.00,ly=+0.40,rx=+0.45)
  t= 15.5 DWA-F pos=(-0.55,-0.23) yaw=-166.4 d=5.30 goal_err=-52 carrot_err= -40 c0=1.74 clear=1.00 prog=0.19 rel=0.92 bal=+0.55 obs=198 hard=195 obsc=199 yr= 19G nz=0.08 flt=0.02 dmap=+0/-0 shz=4.0 plan=26 cmd=(lx=+0.00,ly=+0.40,rx=+0.45)
  t= 16.0 DWA-F pos=(-0.60,-0.24) yaw=-172.5 d=5.27 goal_err=-46 carrot_err= -36 c0=1.87 clear=1.00 prog=0.20 rel=0.90 bal=+0.55 obs=209 hard=201 obsc=226 yr=  0  nz=0.08 flt=0.14 dmap=+0/-0 shz=4.0 plan=26 cmd=(lx=+0.00,ly=+0.40,rx=+0.00)
  t= 16.4 DWA-F pos=(-0.64,-0.24) yaw=-172.5 d=5.24 goal_err=-46 carrot_err= -38 c0=1.83 clear=1.00 prog=0.21 rel=0.92 bal=+0.56 obs=208 hard=203 obsc=222 yr=  0  nz=0.09 flt=0.00 dmap=+0/-0 shz=4.0 plan=26 cmd=(lx=+0.00,ly=+0.40,rx=+0.00)
  t= 16.8 DWA-F pos=(-0.69,-0.25) yaw=-174.5 d=5.21 goal_err=-45 carrot_err= -38 c0=1.87 clear=1.00 prog=0.23 rel=0.92 bal=+0.52 obs=209 hard=205 obsc=221 yr= 18G nz=0.08 flt=0.16 dmap=+0/-0 shz=4.0 plan=26 cmd=(lx=+0.00,ly=+0.40,rx=+0.00)
  t= 17.3 DWA-F pos=(-0.74,-0.25) yaw=-178.5 d=5.17 goal_err=-41 carrot_err= -36 c0=1.82 clear=1.00 prog=0.25 rel=0.95 bal=+0.53 obs=217 hard=203 obsc=226 yr=  0  nz=0.05 flt=0.09 dmap=+1/-3 shz=4.0 plan=26 cmd=(lx=+0.00,ly=+0.40,rx=+0.00)
  t= 17.7 DWA-F pos=(-0.79,-0.25) yaw=-178.5 d=5.14 goal_err=-41 carrot_err= -38 c0=1.78 clear=1.00 prog=0.26 rel=0.95 bal=+0.54 obs=217 hard=201 obsc=224 yr=  0  nz=0.05 flt=0.00 dmap=+0/-0 shz=4.0 plan=26 cmd=(lx=+0.00,ly=+0.40,rx=+0.45)
  t= 18.1 DWA-F pos=(-0.83,-0.25) yaw=+177.5 d=5.10 goal_err=-38 carrot_err= -28 c0=1.97 clear=1.00 prog=0.26 rel=0.88 bal=+0.55 obs=217 hard=201 obsc=223 yr=  0  nz=0.12 flt=0.16 dmap=+0/-0 shz=4.0 plan=25 cmd=(lx=+0.00,ly=+0.40,rx=+0.00)
  t= 18.6 DWA-F pos=(-0.87,-0.25) yaw=+177.5 d=5.07 goal_err=-38 carrot_err= -29 c0=1.93 clear=1.00 prog=0.27 rel=0.85 bal=+0.54 obs=214 hard=203 obsc=221 yr=  0  nz=0.15 flt=0.03 dmap=+0/-1 shz=4.0 plan=25 cmd=(lx=+0.00,ly=+0.40,rx=+0.00)
  t= 19.0 DWA-F pos=(-0.92,-0.25) yaw=+177.5 d=5.03 goal_err=-38 carrot_err= -31 c0=1.88 clear=1.00 prog=0.28 rel=0.85 bal=+0.52 obs=214 hard=203 obsc=222 yr=  0  nz=0.15 flt=0.00 dmap=+0/-0 shz=4.0 plan=25 cmd=(lx=+0.00,ly=+0.40,rx=+0.00)
  t= 19.4 DWA-F pos=(-0.97,-0.25) yaw=+177.5 d=4.99 goal_err=-39 carrot_err= -33 c0=1.83 clear=1.00 prog=0.28 rel=0.90 bal=+0.35 obs=212 hard=201 obsc=220 yr=  0  nz=0.10 flt=0.00 dmap=+0/-0 shz=4.0 plan=25 cmd=(lx=+0.00,ly=+0.40,rx=+0.00)
  t= 19.9 DWA-F pos=(-1.02,-0.24) yaw=+177.5 d=4.96 goal_err=-39 carrot_err= -37 c0=1.78 clear=1.00 prog=0.28 rel=0.91 bal=+0.34 obs=212 hard=200 obsc=217 yr=  0  nz=0.09 flt=0.01 dmap=+0/-0 shz=4.0 plan=24 cmd=(lx=+0.00,ly=+0.40,rx=+0.00)
  t= 20.3 DWA-F pos=(-1.06,-0.24) yaw=+175.5 d=4.92 goal_err=-37 carrot_err= -37 c0=1.74 clear=1.00 prog=0.28 rel=0.91 bal=+0.32 obs=212 hard=201 obsc=217 yr= 18G nz=0.09 flt=0.16 dmap=+0/-0 shz=4.0 plan=24 cmd=(lx=+0.00,ly=+0.40,rx=+0.00)
  t= 20.8 DWA-F pos=(-1.12,-0.24) yaw=+173.5 d=4.88 goal_err=-36 carrot_err= -37 c0=1.68 clear=1.00 prog=0.30 rel=0.92 bal=+0.31 obs=211 hard=200 obsc=217 yr=  0  nz=0.08 flt=0.01 dmap=+0/-0 shz=4.0 plan=24 cmd=(lx=+0.00,ly=+0.40,rx=+0.00)
  t= 21.2 DWA-F pos=(-1.16,-0.23) yaw=+169.5 d=4.84 goal_err=-32 carrot_err= -27 c0=1.64 clear=1.00 prog=0.29 rel=0.92 bal=+0.30 obs=212 hard=201 obsc=217 yr= 19  nz=0.09 flt=0.15 dmap=+0/-0 shz=4.0 plan=23 cmd=(lx=+0.00,ly=+0.40,rx=+0.00)
  t= 21.6 DWA-F pos=(-1.21,-0.22) yaw=+169.5 d=4.80 goal_err=-32 carrot_err= -28 c0=1.59 clear=1.00 prog=0.29 rel=0.91 bal=+0.29 obs=211 hard=199 obsc=216 yr=  0  nz=0.09 flt=0.01 dmap=+0/-0 shz=4.0 plan=23 cmd=(lx=+0.00,ly=+0.40,rx=+0.00)
  t= 22.0 DWA-F pos=(-1.25,-0.22) yaw=+169.5 d=4.77 goal_err=-33 carrot_err= -29 c0=1.55 clear=1.00 prog=0.30 rel=0.92 bal=+0.28 obs=210 hard=200 obsc=217 yr=  0  nz=0.08 flt=0.02 dmap=+0/-0 shz=4.0 plan=23 cmd=(lx=+0.00,ly=+0.40,rx=+0.00)
  t= 22.5 DWA-F pos=(-1.29,-0.21) yaw=+169.5 d=4.73 goal_err=-33 carrot_err= -30 c0=1.51 clear=1.00 prog=0.30 rel=0.92 bal=+0.27 obs=209 hard=201 obsc=217 yr=  0  nz=0.08 flt=0.00 dmap=+0/-0 shz=4.0 plan=23 cmd=(lx=+0.00,ly=+0.40,rx=+0.00)
  t= 22.9 DWA-F pos=(-1.35,-0.20) yaw=+169.5 d=4.68 goal_err=-33 carrot_err= -14 c0=1.45 clear=0.97 prog=0.30 rel=0.91 bal=+0.26 obs=209 hard=198 obsc=214 yr=  0  nz=0.09 flt=0.01 dmap=+0/-0 shz=4.0 plan=22 cmd=(lx=+0.00,ly=+0.40,rx=+0.00)
  t= 23.3 DWA-F pos=(-1.39,-0.19) yaw=+169.5 d=4.64 goal_err=-34 carrot_err= -15 c0=1.41 clear=0.94 prog=0.30 rel=0.92 bal=+0.26 obs=211 hard=200 obsc=217 yr=  0  nz=0.08 flt=0.00 dmap=+2/-1 shz=4.0 plan=22 cmd=(lx=+0.00,ly=+0.40,rx=+0.00)
  t= 23.8 DWA-F pos=(-1.44,-0.18) yaw=+169.5 d=4.61 goal_err=-34 carrot_err= -16 c0=1.36 clear=0.91 prog=0.30 rel=0.92 bal=+0.26 obs=210 hard=199 obsc=216 yr=  0  nz=0.08 flt=0.02 dmap=+0/-0 shz=4.0 plan=22 cmd=(lx=+0.00,ly=+0.40,rx=+0.00)
  t= 24.2 DWA-F pos=(-1.48,-0.17) yaw=+169.5 d=4.57 goal_err=-34 carrot_err= -17 c0=1.32 clear=0.88 prog=0.30 rel=0.92 bal=+0.12 obs=210 hard=201 obsc=215 yr=  0  nz=0.08 flt=0.00 dmap=+0/-0 shz=4.0 plan=22 cmd=(lx=+0.00,ly=+0.40,rx=+0.00)
  t= 24.7 DWA-F pos=(-1.53,-0.16) yaw=+169.5 d=4.52 goal_err=-35 carrot_err= -18 c0=1.27 clear=0.84 prog=0.30 rel=0.93 bal=+0.11 obs=209 hard=199 obsc=214 yr=  0  nz=0.07 flt=0.00 dmap=+0/-0 shz=4.0 plan=22 cmd=(lx=+0.00,ly=+0.40,rx=+0.00)
  t= 25.1 DWA-F pos=(-1.58,-0.15) yaw=+169.5 d=4.49 goal_err=-35 carrot_err= -23 c0=1.22 clear=0.82 prog=0.30 rel=0.91 bal=+0.12 obs=208 hard=200 obsc=215 yr=  0  nz=0.09 flt=0.03 dmap=+1/-2 shz=4.0 plan=22 cmd=(lx=+0.00,ly=+0.40,rx=+0.00)
  t= 25.5 DWA-F pos=(-1.62,-0.15) yaw=+169.5 d=4.45 goal_err=-35 carrot_err= -25 c0=1.18 clear=0.79 prog=0.29 rel=0.91 bal=+0.12 obs=209 hard=200 obsc=216 yr=  0  nz=0.09 flt=0.02 dmap=+0/-0 shz=4.0 plan=22 cmd=(lx=+0.00,ly=+0.40,rx=+0.00)
  t= 26.0 DWA-F pos=(-1.66,-0.14) yaw=+169.5 d=4.42 goal_err=-36 carrot_err= -26 c0=1.14 clear=0.76 prog=0.29 rel=0.92 bal=+0.11 obs=209 hard=200 obsc=216 yr=  0  nz=0.08 flt=0.02 dmap=+0/-0 shz=4.0 plan=21 cmd=(lx=+0.00,ly=+0.40,rx=+0.00)
  t= 26.4 DWA-F pos=(-1.72,-0.13) yaw=+169.5 d=4.37 goal_err=-36 carrot_err= -27 c0=1.08 clear=0.72 prog=0.31 rel=0.91 bal=+0.12 obs=209 hard=199 obsc=215 yr=  0  nz=0.09 flt=0.01 dmap=+0/-1 shz=4.0 plan=21 cmd=(lx=+0.00,ly=+0.40,rx=+0.00)
  t= 26.8 DWA-F pos=(-1.76,-0.12) yaw=+169.5 d=4.33 goal_err=-36 carrot_err= -30 c0=1.04 clear=0.69 prog=0.29 rel=0.91 bal=+0.11 obs=211 hard=199 obsc=216 yr=  0  nz=0.09 flt=0.02 dmap=+0/-0 shz=4.0 plan=21 cmd=(lx=+0.00,ly=+0.40,rx=+0.00)
  t= 27.3 DWA-F pos=(-1.81,-0.11) yaw=+169.5 d=4.30 goal_err=-37 carrot_err= -22 c0=1.00 clear=0.67 prog=0.29 rel=0.92 bal=+0.10 obs=211 hard=200 obsc=217 yr=  0  nz=0.08 flt=0.02 dmap=+0/-0 shz=4.0 plan=20 cmd=(lx=+0.00,ly=+0.40,rx=+0.00)
  t= 27.7 DWA-F pos=(-1.85,-0.10) yaw=+169.5 d=4.26 goal_err=-37 carrot_err= -23 c0=0.95 clear=0.64 prog=0.29 rel=0.92 bal=+0.10 obs=213 hard=202 obsc=218 yr=  0  nz=0.08 flt=0.00 dmap=+0/-0 shz=4.0 plan=20 cmd=(lx=+0.00,ly=+0.40,rx=+0.00)
  t= 28.1 DWA-F pos=(-1.90,-0.09) yaw=+169.5 d=4.22 goal_err=-37 carrot_err= -27 c0=0.90 clear=0.60 prog=0.29 rel=0.92 bal=+0.09 obs=213 hard=201 obsc=217 yr=  0  nz=0.08 flt=0.01 dmap=+1/-0 shz=4.0 plan=20 cmd=(lx=+0.00,ly=+0.40,rx=+0.00)
  t= 28.6 DWA-F pos=(-1.95,-0.09) yaw=+169.5 d=4.18 goal_err=-38 carrot_err= -28 c0=0.86 clear=0.57 prog=0.29 rel=0.92 bal=+0.09 obs=212 hard=203 obsc=218 yr=  0  nz=0.08 flt=0.01 dmap=+0/-0 shz=4.0 plan=20 cmd=(lx=+0.00,ly=+0.40,rx=+0.00)
  t= 29.0 DWA-F pos=(-1.99,-0.08) yaw=+169.5 d=4.15 goal_err=-38 carrot_err= -29 c0=0.82 clear=0.55 prog=0.29 rel=0.91 bal=+0.09 obs=214 hard=205 obsc=218 yr=  0  nz=0.09 flt=0.00 dmap=+0/-0 shz=4.0 plan=19 cmd=(lx=+0.00,ly=+0.40,rx=+0.00)
  t= 29.4 DWA-F pos=(-2.04,-0.07) yaw=+169.5 d=4.11 goal_err=-39 carrot_err= -31 c0=0.78 clear=0.52 prog=0.29 rel=0.93 bal=+0.09 obs=213 hard=205 obsc=218 yr=  0  nz=0.07 flt=0.00 dmap=+0/-1 shz=4.0 plan=19 cmd=(lx=+0.00,ly=+0.40,rx=+0.45)
  t= 29.9 DWA-F pos=(-2.08,-0.06) yaw=+165.5 d=4.08 goal_err=-35 carrot_err= -28 c0=0.93 clear=0.62 prog=0.29 rel=0.92 bal=-0.04 obs=215 hard=206 obsc=220 yr=  0  nz=0.08 flt=0.01 dmap=+3/-1 shz=4.0 plan=19 cmd=(lx=+0.00,ly=+0.40,rx=+0.00)
  t= 30.3 DWA-F pos=(-2.13,-0.05) yaw=+165.5 d=4.03 goal_err=-35 carrot_err= -30 c0=0.88 clear=0.59 prog=0.29 rel=0.89 bal=-0.07 obs=216 hard=205 obsc=220 yr=  0  nz=0.11 flt=0.01 dmap=+0/-0 shz=4.0 plan=19 cmd=(lx=+0.00,ly=+0.40,rx=+0.00)
  t= 30.7 DWA-F pos=(-2.18,-0.04) yaw=+165.5 d=4.00 goal_err=-36 carrot_err= -23 c0=1.02 clear=0.68 prog=0.29 rel=0.84 bal=-0.35 obs=217 hard=207 obsc=222 yr=  0  nz=0.16 flt=0.01 dmap=+0/-0 shz=4.0 plan=18 cmd=(lx=+0.00,ly=+0.40,rx=+0.00)
  t= 31.2 DWA-F pos=(-2.22,-0.02) yaw=+165.5 d=3.96 goal_err=-36 carrot_err= -24 c0=0.98 clear=0.65 prog=0.29 rel=0.85 bal=-0.51 obs=217 hard=208 obsc=222 yr=  0  nz=0.15 flt=0.00 dmap=+0/-1 shz=4.0 plan=18 cmd=(lx=+0.00,ly=+0.40,rx=+0.00)
  t= 31.6 DWA-F pos=(-2.26,-0.01) yaw=+165.5 d=3.93 goal_err=-37 carrot_err= -25 c0=0.94 clear=0.62 prog=0.29 rel=0.90 bal=-0.50 obs=217 hard=206 obsc=221 yr=  0  nz=0.10 flt=0.02 dmap=+0/-0 shz=4.0 plan=18 cmd=(lx=+0.00,ly=+0.40,rx=+0.00)
  t= 32.0 DWA-F pos=(-2.32,+0.00) yaw=+165.5 d=3.88 goal_err=-37 carrot_err= -27 c0=0.88 clear=0.59 prog=0.29 rel=0.92 bal=-0.57 obs=221 hard=210 obsc=226 yr=  0  nz=0.08 flt=0.01 dmap=+0/-0 shz=4.0 plan=18 cmd=(lx=+0.00,ly=+0.40,rx=+0.00)
  t= 32.5 DWA-F pos=(-2.36,+0.01) yaw=+165.5 d=3.85 goal_err=-37 carrot_err= -28 c0=0.84 clear=0.56 prog=0.29 rel=0.92 bal=-0.50 obs=220 hard=208 obsc=225 yr=  0  nz=0.08 flt=0.02 dmap=+0/-1 shz=4.0 plan=18 cmd=(lx=+0.00,ly=+0.40,rx=+0.00)
  t= 32.9 DWA-F pos=(-2.40,+0.02) yaw=+161.5 d=3.81 goal_err=-34 carrot_err= -26 c0=0.80 clear=0.53 prog=0.29 rel=0.92 bal=-0.49 obs=220 hard=210 obsc=225 yr= 19  nz=0.08 flt=0.02 dmap=+1/-1 shz=4.0 plan=18 cmd=(lx=+0.00,ly=+0.40,rx=+0.00)
  t= 33.3 DWA-F pos=(-2.44,+0.04) yaw=+161.5 d=3.77 goal_err=-34 carrot_err= -27 c0=0.76 clear=0.51 prog=0.29 rel=0.92 bal=-0.48 obs=218 hard=210 obsc=226 yr=  0  nz=0.08 flt=0.00 dmap=+0/-0 shz=4.0 plan=18 cmd=(lx=+0.00,ly=+0.40,rx=+0.00)
  t= 33.8 DWA-F pos=(-2.49,+0.05) yaw=+161.5 d=3.74 goal_err=-35 carrot_err= -28 c0=0.72 clear=0.48 prog=0.29 rel=0.93 bal=-0.47 obs=220 hard=211 obsc=224 yr=  0  nz=0.07 flt=0.01 dmap=+0/-0 shz=4.0 plan=17 cmd=(lx=+0.00,ly=+0.40,rx=+0.45)
  t= 34.2 DWA-F pos=(-2.54,+0.07) yaw=+157.5 d=3.69 goal_err=-31 carrot_err= -25 c0=1.07 clear=0.71 prog=0.30 rel=0.91 bal=-0.46 obs=219 hard=210 obsc=225 yr=  0  nz=0.09 flt=0.04 dmap=+1/-2 shz=4.0 plan=17 cmd=(lx=+0.00,ly=+0.40,rx=+0.00)
  t= 34.6 ENG-F pos=(-2.57,+0.09) yaw=+157.5 d=3.66 goal_err=-31 carrot_err= -26 c0=1.03 clear=0.69 prog=0.30 rel=0.77 bal=-0.45 obs=219 hard=209 obsc=226 yr=  0  nz=0.23 flt=0.01 dmap=+0/-0 shz=4.0 plan=17 cmd=(lx=+0.00,ly=+0.28,rx=+0.00)
  t= 35.0 ENG-F pos=(-2.61,+0.10) yaw=+157.5 d=3.63 goal_err=-32 carrot_err= -27 c0=1.00 clear=0.67 prog=0.29 rel=0.79 bal=-0.34 obs=221 hard=209 obsc=226 yr=  0  nz=0.21 flt=0.00 dmap=+0/-0 shz=4.0 plan=17 cmd=(lx=+0.00,ly=+0.28,rx=+0.00)
  t= 35.5 ENG-F pos=(-2.64,+0.11) yaw=+157.5 d=3.60 goal_err=-32 carrot_err= -28 c0=0.96 clear=0.64 prog=0.28 rel=0.82 bal=-0.34 obs=221 hard=211 obsc=227 yr=  0  nz=0.18 flt=0.00 dmap=+2/-0 shz=4.0 plan=17 cmd=(lx=+0.00,ly=+0.28,rx=+0.00)
  t= 35.9 ENG-F pos=(-2.67,+0.13) yaw=+157.5 d=3.56 goal_err=-32 carrot_err= -20 c0=0.93 clear=0.62 prog=0.25 rel=0.92 bal=-0.39 obs=222 hard=212 obsc=228 yr=  0  nz=0.08 flt=0.02 dmap=+0/-0 shz=4.0 plan=17 cmd=(lx=+0.00,ly=+0.28,rx=+0.00)
  t= 36.3 ENG-F pos=(-2.72,+0.14) yaw=+157.5 d=3.53 goal_err=-33 carrot_err= -21 c0=0.89 clear=0.59 prog=0.25 rel=0.92 bal=-0.33 obs=224 hard=213 obsc=230 yr=  0  nz=0.09 flt=0.00 dmap=+0/-0 shz=4.0 plan=17 cmd=(lx=+0.00,ly=+0.28,rx=+0.00)
  t= 36.7 ENG-F pos=(-2.75,+0.16) yaw=+157.5 d=3.50 goal_err=-33 carrot_err= -22 c0=0.85 clear=0.57 prog=0.25 rel=0.91 bal=-0.33 obs=225 hard=213 obsc=230 yr=  0  nz=0.09 flt=0.00 dmap=+0/-0 shz=4.0 plan=16 cmd=(lx=+0.00,ly=+0.28,rx=+0.00)
  t= 37.1 ENG-F pos=(-2.78,+0.17) yaw=+157.5 d=3.47 goal_err=-33 carrot_err= -23 c0=0.82 clear=0.55 prog=0.25 rel=0.92 bal=-0.33 obs=224 hard=214 obsc=230 yr=  0  nz=0.08 flt=0.02 dmap=+0/-0 shz=4.0 plan=16 cmd=(lx=+0.00,ly=+0.28,rx=+0.00)
  t= 37.6 ENG-F pos=(-2.82,+0.19) yaw=+157.5 d=3.44 goal_err=-34 carrot_err= -24 c0=0.78 clear=0.52 prog=0.25 rel=0.92 bal=-0.28 obs=224 hard=213 obsc=230 yr=  0  nz=0.08 flt=0.01 dmap=+0/-0 shz=4.0 plan=16 cmd=(lx=+0.00,ly=+0.28,rx=+0.00)
  t= 38.0 ENG-F pos=(-2.85,+0.20) yaw=+157.5 d=3.41 goal_err=-34 carrot_err= -25 c0=0.75 clear=0.50 prog=0.24 rel=0.92 bal=-0.28 obs=225 hard=215 obsc=231 yr=  0  nz=0.08 flt=0.01 dmap=+2/-1 shz=4.0 plan=16 cmd=(lx=+0.00,ly=+0.28,rx=+0.00)
  t= 38.4 ENG-F pos=(-2.88,+0.21) yaw=+157.5 d=3.38 goal_err=-34 carrot_err= -26 c0=0.72 clear=0.48 prog=0.24 rel=0.92 bal=-0.29 obs=227 hard=216 obsc=233 yr=  0  nz=0.08 flt=0.00 dmap=+2/-1 shz=4.0 plan=16 cmd=(lx=+0.00,ly=+0.28,rx=+0.00)
  t= 38.8 ENG-T pos=(-2.92,+0.23) yaw=+157.5 d=3.35 goal_err=-35 carrot_err= -27 c0=0.68 clear=0.46 prog=0.23 rel=0.93 bal=-0.29 obs=226 hard=218 obsc=232 yr=  0  nz=0.07 flt=0.02 dmap=+0/-0 shz=4.0 plan=16 cmd=(lx=+0.00,ly=+0.00,rx=+0.45)
  t= 39.3 ENG-F pos=(-2.92,+0.23) yaw=+151.4 d=3.34 goal_err=-29 carrot_err= -22 c0=0.70 clear=0.47 prog=0.20 rel=0.94 bal=-0.17 obs=239 hard=228 obsc=246 yr= 19  nz=0.06 flt=0.32 dmap=+14/-1 shz=4.0 plan=16 cmd=(lx=+0.00,ly=+0.28,rx=+0.00)
  t= 39.7 ENG-F pos=(-2.96,+0.25) yaw=+151.4 d=3.31 goal_err=-29 carrot_err= -21 c0=0.66 clear=0.44 prog=0.20 rel=0.95 bal=-0.18 obs=240 hard=231 obsc=245 yr=  0  nz=0.05 flt=0.01 dmap=+0/-0 shz=4.0 plan=16 cmd=(lx=+0.00,ly=+0.28,rx=+0.00)
  t= 40.1 ENG-F pos=(-3.00,+0.27) yaw=+151.4 d=3.27 goal_err=-29 carrot_err= -24 c0=0.62 clear=0.41 prog=0.21 rel=0.95 bal=-0.21 obs=239 hard=230 obsc=245 yr=  0  nz=0.05 flt=0.00 dmap=+0/-0 shz=4.0 plan=16 cmd=(lx=+0.00,ly=+0.28,rx=+0.00)
  t= 40.5 ENG-F pos=(-3.03,+0.29) yaw=+151.4 d=3.24 goal_err=-30 carrot_err= -25 c0=0.58 clear=0.39 prog=0.22 rel=0.94 bal=-0.22 obs=237 hard=230 obsc=245 yr=  0  nz=0.06 flt=0.03 dmap=+0/-3 shz=4.0 plan=16 cmd=(lx=+0.00,ly=+0.28,rx=+0.00)
  t= 40.9 ENG-F pos=(-3.04,+0.30) yaw=+147.4 d=3.22 goal_err=-26 carrot_err= -22 c0=0.57 clear=0.38 prog=0.21 rel=0.91 bal=-0.23 obs=241 hard=231 obsc=247 yr= 19  nz=0.09 flt=0.18 dmap=+5/-1 shz=4.0 plan=16 cmd=(lx=+0.00,ly=+0.28,rx=+0.00)
  t= 41.4 ENG-F pos=(-3.07,+0.31) yaw=+147.4 d=3.19 goal_err=-26 carrot_err= -20 c0=0.53 clear=0.36 prog=0.22 rel=0.94 bal=-0.23 obs=240 hard=232 obsc=247 yr=  0  nz=0.06 flt=0.02 dmap=+0/-0 shz=4.0 plan=15 cmd=(lx=+0.00,ly=+0.28,rx=+0.00)
  t= 41.8 ENG-T pos=(-3.10,+0.33) yaw=+147.4 d=3.16 goal_err=-26 carrot_err= -21 c0=0.56 clear=0.38 prog=0.22 rel=0.94 bal=-0.18 obs=240 hard=233 obsc=247 yr=  0G nz=0.06 flt=0.02 dmap=+0/-0 shz=4.0 plan=15 cmd=(lx=+0.00,ly=+0.00,rx=+0.45)
  t= 42.2 ENG-F pos=(-3.12,+0.35) yaw=+143.4 d=3.13 goal_err=-23 carrot_err= -17 c0=0.54 clear=0.36 prog=0.21 rel=0.94 bal=-0.18 obs=245 hard=235 obsc=251 yr=  0  nz=0.05 flt=0.00 dmap=+2/-0 shz=4.0 plan=15 cmd=(lx=+0.00,ly=+0.28,rx=+0.00)
  t= 42.7 ENG-T pos=(-3.15,+0.37) yaw=+143.4 d=3.10 goal_err=-23 carrot_err= -18 c0=0.69 clear=0.46 prog=0.21 rel=0.90 bal=-0.17 obs=244 hard=235 obsc=252 yr=  0G nz=0.10 flt=0.02 dmap=+0/-0 shz=4.0 plan=15 cmd=(lx=+0.00,ly=+0.00,rx=+0.45)
  t= 43.1 ENG-F pos=(-3.16,+0.38) yaw=+139.4 d=3.09 goal_err=-19 carrot_err= -14 c0=0.67 clear=0.45 prog=0.21 rel=0.88 bal=-0.16 obs=245 hard=235 obsc=251 yr=  0  nz=0.12 flt=0.00 dmap=+1/-0 shz=4.0 plan=15 cmd=(lx=+0.00,ly=+0.28,rx=+0.00)
  t= 43.5 ENG-T pos=(-3.19,+0.40) yaw=+139.4 d=3.06 goal_err=-19 carrot_err= -15 c0=0.64 clear=0.43 prog=0.20 rel=0.89 bal=+0.47 obs=240 hard=234 obsc=250 yr=  0  nz=0.11 flt=0.01 dmap=+1/-5 shz=4.0 plan=15 cmd=(lx=+0.00,ly=+0.00,rx=+0.45)
  t= 43.9 ENG-F pos=(-3.20,+0.41) yaw=+135.4 d=3.04 goal_err=-15 carrot_err= -11 c0=0.89 clear=0.59 prog=0.19 rel=0.95 bal=+0.47 obs=247 hard=235 obsc=259 yr=  0  nz=0.05 flt=0.03 dmap=+6/-0 shz=4.0 plan=15 cmd=(lx=+0.00,ly=+0.28,rx=+0.00)
  t= 44.4 ENG-F pos=(-3.22,+0.43) yaw=+135.4 d=3.02 goal_err=-15 carrot_err= -12 c0=0.87 clear=0.58 prog=0.17 rel=0.83 bal=+0.48 obs=248 hard=235 obsc=260 yr=  0  nz=0.17 flt=0.04 dmap=+0/-0 shz=4.0 plan=15 cmd=(lx=+0.00,ly=+0.28,rx=+0.00)
  t= 44.8 ENG-F pos=(-3.23,+0.44) yaw=+131.4 d=3.01 goal_err=-11 carrot_err=  -8 c0=0.85 clear=0.57 prog=0.17 rel=0.82 bal=+0.49 obs=247 hard=236 obsc=260 yr= 20  nz=0.17 flt=0.01 dmap=+0/-0 shz=4.0 plan=15 cmd=(lx=+0.00,ly=+0.28,rx=+0.00)
  t= 45.2 ENG-GO pos=(-3.24,+0.45) yaw=+131.4 d=2.98 goal_err=-11 carrot_err=  -8 c0=0.83 clear=0.56 prog=0.15 rel=0.86 bal=+0.50 obs=245 hard=234 obsc=257 yr=  0  nz=0.14 flt=0.00 dmap=+0/-0 shz=4.0 plan=15 cmd=(lx=+0.00,ly=+0.28,rx=+0.00)
  t= 45.7 ENG-GO pos=(-3.26,+0.48) yaw=+131.4 d=2.95 goal_err=-12 carrot_err=  -8 c0=0.81 clear=0.54 prog=0.16 rel=0.96 bal=-0.12 obs=242 hard=234 obsc=257 yr=  0  nz=0.04 flt=0.00 dmap=+0/-0 shz=4.0 plan=15 cmd=(lx=+0.00,ly=+0.28,rx=+0.00)
  t= 46.1 ENG-GO pos=(-3.28,+0.49) yaw=+131.4 d=2.93 goal_err=-12 carrot_err=  -9 c0=1.23 clear=0.82 prog=0.18 rel=0.78 bal=+0.53 obs=241 hard=233 obsc=255 yr=  0  nz=0.22 flt=0.02 dmap=+0/-0 shz=4.0 plan=15 cmd=(lx=+0.00,ly=+0.28,rx=+0.00)
  t= 46.5 ENG-GO pos=(-3.30,+0.52) yaw=+131.4 d=2.90 goal_err=-12 carrot_err=  -5 c0=1.20 clear=0.80 prog=0.18 rel=0.72 bal=+0.54 obs=243 hard=231 obsc=255 yr=  0  nz=0.28 flt=0.00 dmap=+2/-0 shz=4.0 plan=15 cmd=(lx=+0.00,ly=+0.28,rx=+0.00)
  t= 47.0 ENG-GO pos=(-3.32,+0.54) yaw=+131.4 d=2.87 goal_err=-12 carrot_err=  -5 c0=1.27 clear=0.84 prog=0.21 rel=0.68 bal=+0.55 obs=243 hard=231 obsc=255 yr=  0  nz=0.32 flt=0.00 dmap=+0/-0 shz=4.0 plan=15 cmd=(lx=+0.00,ly=+0.28,rx=+0.00)
  t= 47.4 ENG-GO pos=(-3.33,+0.56) yaw=+131.4 d=2.85 goal_err=-12 carrot_err=  -5 c0=1.24 clear=0.83 prog=0.21 rel=0.94 bal=+0.57 obs=241 hard=231 obsc=255 yr=  0  nz=0.06 flt=0.02 dmap=+0/-0 shz=4.0 plan=15 cmd=(lx=+0.00,ly=+0.28,rx=+0.00)
  t= 47.8 ENG-GO pos=(-3.36,+0.59) yaw=+131.4 d=2.81 goal_err=-12 carrot_err=  -3 c0=1.21 clear=0.81 prog=0.23 rel=0.95 bal=+0.02 obs=243 hard=234 obsc=256 yr=  0  nz=0.05 flt=0.03 dmap=+1/-0 shz=4.0 plan=13 cmd=(lx=+0.00,ly=+0.28,rx=+0.00)
  t= 48.3 ENG-GO pos=(-3.38,+0.61) yaw=+131.4 d=2.78 goal_err=-12 carrot_err=  -3 c0=1.18 clear=0.78 prog=0.23 rel=0.94 bal=+0.02 obs=245 hard=234 obsc=258 yr=  0  nz=0.06 flt=0.00 dmap=+0/-0 shz=4.0 plan=13 cmd=(lx=+0.00,ly=+0.28,rx=+0.00)
  t= 48.7 ENG-GO pos=(-3.40,+0.64) yaw=+131.4 d=2.74 goal_err=-12 carrot_err=  -3 c0=1.14 clear=0.76 prog=0.24 rel=0.94 bal=+0.02 obs=245 hard=234 obsc=258 yr=  0  nz=0.06 flt=0.00 dmap=+0/-0 shz=4.0 plan=13 cmd=(lx=+0.00,ly=+0.28,rx=+0.00)
  t= 49.1 ENG-GO pos=(-3.42,+0.66) yaw=+131.4 d=2.72 goal_err=-13 carrot_err=  -3 c0=1.12 clear=0.74 prog=0.25 rel=0.93 bal=+0.03 obs=243 hard=233 obsc=256 yr=  0  nz=0.07 flt=0.01 dmap=+0/-0 shz=4.0 plan=13 cmd=(lx=+0.00,ly=+0.28,rx=+0.00)
  t= 49.6 ENG-GO pos=(-3.45,+0.69) yaw=+131.4 d=2.68 goal_err=-13 carrot_err=  -4 c0=1.08 clear=0.72 prog=0.25 rel=0.94 bal=-0.01 obs=242 hard=233 obsc=255 yr=  0  nz=0.06 flt=0.00 dmap=+0/-1 shz=4.0 plan=13 cmd=(lx=+0.00,ly=+0.28,rx=+0.00)
  t= 50.0 ENG-GO pos=(-3.47,+0.71) yaw=+131.4 d=2.65 goal_err=-13 carrot_err=  -4 c0=1.05 clear=0.70 prog=0.25 rel=0.95 bal=-0.23 obs=239 hard=229 obsc=252 yr=  0  nz=0.05 flt=0.02 dmap=+0/-0 shz=4.0 plan=13 cmd=(lx=+0.00,ly=+0.28,rx=+0.00)
  t= 50.5 ENG-GO pos=(-3.49,+0.73) yaw=+131.4 d=2.62 goal_err=-13 carrot_err=  -4 c0=1.02 clear=0.68 prog=0.24 rel=0.94 bal=+0.03 obs=240 hard=230 obsc=253 yr=  0  nz=0.06 flt=0.00 dmap=+0/-0 shz=3.9 plan=13 cmd=(lx=+0.00,ly=+0.28,rx=+0.00)
  t= 50.9 ENG-GO pos=(-3.51,+0.76) yaw=+131.4 d=2.58 goal_err=-13 carrot_err=  -4 c0=0.99 clear=0.66 prog=0.25 rel=0.94 bal=+0.03 obs=238 hard=229 obsc=251 yr=  0  nz=0.06 flt=0.00 dmap=+0/-0 shz=4.0 plan=12 cmd=(lx=+0.00,ly=+0.28,rx=+0.00)
  t= 51.3 ENG-GO pos=(-3.54,+0.79) yaw=+131.4 d=2.55 goal_err=-13 carrot_err=  -4 c0=0.96 clear=0.64 prog=0.25 rel=0.93 bal=+0.03 obs=239 hard=229 obsc=252 yr=  0  nz=0.07 flt=0.00 dmap=+0/-0 shz=4.0 plan=12 cmd=(lx=+0.00,ly=+0.28,rx=+0.00)
  t= 51.8 ENG-GO pos=(-3.55,+0.81) yaw=+131.4 d=2.52 goal_err=-14 carrot_err=  -4 c0=0.93 clear=0.62 prog=0.24 rel=0.93 bal=+0.02 obs=240 hard=230 obsc=253 yr=  0  nz=0.07 flt=0.00 dmap=+1/-1 shz=4.0 plan=12 cmd=(lx=+0.00,ly=+0.28,rx=+0.00)
  t= 52.2 ENG-GO pos=(-3.58,+0.83) yaw=+131.4 d=2.49 goal_err=-14 carrot_err=  -2 c0=0.90 clear=0.60 prog=0.25 rel=0.93 bal=+0.02 obs=239 hard=228 obsc=252 yr=  0  nz=0.07 flt=0.01 dmap=+0/-0 shz=4.0 plan=12 cmd=(lx=+0.00,ly=+0.28,rx=+0.00)
  t= 52.7 ENG-GO pos=(-3.60,+0.86) yaw=+131.4 d=2.45 goal_err=-14 carrot_err=  -2 c0=0.96 clear=0.64 prog=0.25 rel=0.94 bal=+0.02 obs=240 hard=229 obsc=252 yr=  0  nz=0.06 flt=0.01 dmap=+0/-0 shz=4.0 plan=12 cmd=(lx=+0.00,ly=+0.28,rx=+0.00)
  t= 53.1 ENG-GO pos=(-3.62,+0.89) yaw=+131.4 d=2.42 goal_err=-14 carrot_err=  -2 c0=0.93 clear=0.62 prog=0.25 rel=0.94 bal=-0.11 obs=239 hard=229 obsc=252 yr=  0  nz=0.06 flt=0.00 dmap=+1/-1 shz=4.0 plan=12 cmd=(lx=+0.00,ly=+0.28,rx=+0.00)
  t= 53.5 ENG-GO pos=(-3.65,+0.92) yaw=+131.4 d=2.38 goal_err=-14 carrot_err=  -3 c0=0.89 clear=0.60 prog=0.27 rel=0.94 bal=-0.11 obs=239 hard=231 obsc=253 yr=  0  nz=0.06 flt=0.01 dmap=+2/-2 shz=4.0 plan=12 cmd=(lx=+0.00,ly=+0.28,rx=+0.00)
  t= 54.0 ENG-GO pos=(-3.67,+0.94) yaw=+131.4 d=2.36 goal_err=-15 carrot_err=  -3 c0=0.87 clear=0.58 prog=0.25 rel=0.94 bal=+0.01 obs=238 hard=228 obsc=251 yr=  0  nz=0.06 flt=0.00 dmap=+0/-0 shz=4.0 plan=11 cmd=(lx=+0.00,ly=+0.28,rx=+0.00)
  t= 54.4 ENG-GO pos=(-3.69,+0.96) yaw=+131.4 d=2.32 goal_err=-15 carrot_err=  -3 c0=0.83 clear=0.56 prog=0.25 rel=0.94 bal=+0.01 obs=238 hard=229 obsc=251 yr=  0  nz=0.06 flt=0.00 dmap=+0/-0 shz=4.0 plan=11 cmd=(lx=+0.00,ly=+0.28,rx=+0.00)
  t= 54.9 ENG-GO pos=(-3.71,+0.99) yaw=+131.4 d=2.29 goal_err=-15 carrot_err=  -3 c0=0.80 clear=0.53 prog=0.25 rel=0.93 bal=+0.00 obs=238 hard=229 obsc=251 yr=  0  nz=0.07 flt=0.00 dmap=+1/-1 shz=4.0 plan=11 cmd=(lx=+0.00,ly=+0.28,rx=+0.00)
  t= 55.3 ENG-GO pos=(-3.73,+1.01) yaw=+131.4 d=2.26 goal_err=-15 carrot_err=  -1 c0=0.77 clear=0.52 prog=0.23 rel=0.93 bal=-0.01 obs=238 hard=229 obsc=249 yr=  0  nz=0.07 flt=0.01 dmap=+0/-0 shz=4.0 plan=11 cmd=(lx=+0.00,ly=+0.28,rx=+0.00)
  t= 55.7 ENG-GO pos=(-3.76,+1.04) yaw=+131.4 d=2.23 goal_err=-15 carrot_err=  -1 c0=0.74 clear=0.49 prog=0.25 rel=0.93 bal=-0.01 obs=238 hard=229 obsc=249 yr=  0  nz=0.07 flt=0.00 dmap=+0/-0 shz=4.0 plan=11 cmd=(lx=+0.00,ly=+0.28,rx=+0.00)
  t= 56.2 ENG-GO pos=(-3.77,+1.06) yaw=+131.4 d=2.20 goal_err=-16 carrot_err=  -1 c0=0.71 clear=0.48 prog=0.24 rel=0.94 bal=-0.02 obs=237 hard=230 obsc=250 yr=  0  nz=0.06 flt=0.01 dmap=+0/-0 shz=4.0 plan=11 cmd=(lx=+0.00,ly=+0.28,rx=+0.00)
  t= 56.6 ENG-GO pos=(-3.80,+1.08) yaw=+131.4 d=2.17 goal_err=-16 carrot_err=  -1 c0=0.68 clear=0.45 prog=0.24 rel=0.93 bal=-0.03 obs=238 hard=228 obsc=249 yr=  0  nz=0.07 flt=0.02 dmap=+0/-0 shz=4.0 plan=11 cmd=(lx=+0.00,ly=+0.28,rx=+0.00)
  t= 57.0 ENG-GO pos=(-3.82,+1.11) yaw=+131.4 d=2.14 goal_err=-16 carrot_err=  -1 c0=0.66 clear=0.44 prog=0.24 rel=0.94 bal=-0.04 obs=238 hard=228 obsc=249 yr=  0  nz=0.06 flt=0.00 dmap=+0/-0 shz=4.0 plan=11 cmd=(lx=+0.00,ly=+0.28,rx=+0.00)
  t= 57.5 ENG-GO pos=(-3.84,+1.13) yaw=+131.4 d=2.11 goal_err=-16 carrot_err=  -1 c0=0.62 clear=0.41 prog=0.24 rel=0.94 bal=-0.05 obs=237 hard=227 obsc=250 yr=  0  nz=0.06 flt=0.00 dmap=+0/-0 shz=4.0 plan=11 cmd=(lx=+0.00,ly=+0.28,rx=+0.00)
  t= 57.9 ENG-GO pos=(-3.86,+1.15) yaw=+131.4 d=2.08 goal_err=-17 carrot_err=  -9 c0=0.60 clear=0.40 prog=0.24 rel=0.94 bal=-0.07 obs=240 hard=230 obsc=252 yr=  0  nz=0.06 flt=0.00 dmap=+0/-1 shz=4.0 plan=11 cmd=(lx=+0.00,ly=+0.28,rx=+0.00)
  t= 58.3 ENG-GO pos=(-3.88,+1.18) yaw=+131.4 d=2.05 goal_err=-17 carrot_err=  -1 c0=0.83 clear=0.56 prog=0.24 rel=0.93 bal=+0.01 obs=239 hard=230 obsc=252 yr=  0  nz=0.07 flt=0.00 dmap=+0/-0 shz=4.0 plan=10 cmd=(lx=+0.00,ly=+0.28,rx=+0.00)
  t= 58.8 ENG-GO pos=(-3.90,+1.21) yaw=+131.4 d=2.01 goal_err=-17 carrot_err=  -2 c0=0.80 clear=0.53 prog=0.25 rel=0.83 bal=+0.08 obs=240 hard=232 obsc=252 yr=  0  nz=0.17 flt=0.00 dmap=+0/-0 shz=4.0 plan=10 cmd=(lx=+0.00,ly=+0.28,rx=+0.00)
  t= 59.2 ENG-GO pos=(-3.92,+1.23) yaw=+131.4 d=1.99 goal_err=-17 carrot_err=  -2 c0=0.77 clear=0.52 prog=0.23 rel=0.83 bal=+0.09 obs=239 hard=230 obsc=251 yr=  0  nz=0.17 flt=0.00 dmap=+0/-0 shz=4.0 plan=10 cmd=(lx=+0.00,ly=+0.28,rx=+0.00)
  t= 59.6 ENG-GO pos=(-3.95,+1.25) yaw=+131.4 d=1.95 goal_err=-18 carrot_err=  -2 c0=0.74 clear=0.49 prog=0.23 rel=0.87 bal=+0.07 obs=240 hard=231 obsc=252 yr=  0  nz=0.13 flt=0.01 dmap=+1/-1 shz=4.0 plan=10 cmd=(lx=+0.00,ly=+0.28,rx=+0.00)
  t= 60.1 ENG-GO pos=(-3.96,+1.27) yaw=+131.4 d=1.93 goal_err=-18 carrot_err= -10 c0=0.72 clear=0.48 prog=0.23 rel=0.94 bal=+0.01 obs=238 hard=230 obsc=251 yr=  0  nz=0.06 flt=0.00 dmap=+0/-0 shz=4.0 plan=10 cmd=(lx=+0.00,ly=+0.28,rx=+0.00)
  t= 60.5 ENG-GO pos=(-3.99,+1.30) yaw=+131.4 d=1.89 goal_err=-18 carrot_err= -17 c0=0.68 clear=0.46 prog=0.23 rel=0.95 bal=-0.01 obs=237 hard=227 obsc=248 yr=  0  nz=0.05 flt=0.00 dmap=+0/-0 shz=4.0 plan=10 cmd=(lx=+0.00,ly=+0.28,rx=+0.00)
  t= 60.9 ENG-GO pos=(-4.01,+1.33) yaw=+131.4 d=1.86 goal_err=-19 carrot_err= -17 c0=0.65 clear=0.43 prog=0.25 rel=0.95 bal=-0.02 obs=238 hard=228 obsc=248 yr=  0  nz=0.05 flt=0.00 dmap=+1/-0 shz=4.0 plan=10 cmd=(lx=+0.00,ly=+0.28,rx=+0.00)
  t= 61.4 ENG-GO pos=(-4.03,+1.35) yaw=+131.4 d=1.83 goal_err=-19 carrot_err= -18 c0=0.63 clear=0.42 prog=0.23 rel=0.95 bal=-0.03 obs=237 hard=228 obsc=248 yr=  0  nz=0.05 flt=0.00 dmap=+0/-0 shz=4.0 plan=9 cmd=(lx=+0.00,ly=+0.28,rx=+0.00)
  t= 61.8 ENG-GO pos=(-4.05,+1.37) yaw=+131.4 d=1.80 goal_err=-19 carrot_err= -18 c0=1.42 clear=0.94 prog=0.23 rel=0.44 bal=-0.05 obs=237 hard=229 obsc=248 yr=  0  nz=0.56 flt=0.01 dmap=+0/-0 shz=4.0 plan=9 cmd=(lx=+0.00,ly=+0.28,rx=+0.00)
  t= 62.2 ENG-GO pos=(-4.07,+1.40) yaw=+131.4 d=1.77 goal_err=-20 carrot_err= -19 c0=1.38 clear=0.92 prog=0.24 rel=0.42 bal=+0.60 obs=238 hard=228 obsc=248 yr=  0  nz=0.58 flt=0.01 dmap=+1/-0 shz=4.0 plan=9 cmd=(lx=+0.00,ly=+0.28,rx=+0.00)
  t= 62.7 ENG-GO pos=(-4.09,+1.42) yaw=+131.4 d=1.75 goal_err=-20 carrot_err= -20 c0=1.36 clear=0.91 prog=0.22 rel=0.56 bal=+0.61 obs=240 hard=230 obsc=250 yr=  0  nz=0.44 flt=0.01 dmap=+1/-0 shz=4.0 plan=9 cmd=(lx=+0.00,ly=+0.28,rx=+0.00)
  t= 63.1 ENG-GO pos=(-4.11,+1.44) yaw=+131.4 d=1.71 goal_err=-20 carrot_err= -21 c0=1.33 clear=0.88 prog=0.23 rel=0.93 bal=+0.09 obs=234 hard=225 obsc=245 yr=  0  nz=0.07 flt=0.00 dmap=+0/-0 shz=4.0 plan=9 cmd=(lx=+0.00,ly=+0.28,rx=+0.00)
  t= 63.5 ENG-GO pos=(-4.13,+1.46) yaw=+131.4 d=1.69 goal_err=-21 carrot_err= -21 c0=1.30 clear=0.87 prog=0.22 rel=0.94 bal=+0.09 obs=233 hard=224 obsc=243 yr=  0  nz=0.06 flt=0.03 dmap=+0/-0 shz=4.0 plan=9 cmd=(lx=+0.00,ly=+0.28,rx=+0.00)
  t= 64.0 ENG-GO pos=(-4.15,+1.49) yaw=+131.4 d=1.65 goal_err=-21 carrot_err= -22 c0=1.26 clear=0.84 prog=0.23 rel=0.94 bal=+0.02 obs=231 hard=222 obsc=241 yr=  0  nz=0.06 flt=0.01 dmap=+0/-1 shz=4.0 plan=9 cmd=(lx=+0.00,ly=+0.28,rx=+0.00)
  t= 64.4 ENG-GO pos=(-4.17,+1.51) yaw=+131.4 d=1.63 goal_err=-21 carrot_err= -16 c0=1.24 clear=0.82 prog=0.23 rel=0.94 bal=+0.01 obs=234 hard=224 obsc=245 yr=  0  nz=0.06 flt=0.01 dmap=+3/-1 shz=4.0 plan=8 cmd=(lx=+0.00,ly=+0.28,rx=+0.00)
  t= 64.8 ENG-GO pos=(-4.20,+1.54) yaw=+131.4 d=1.60 goal_err=-22 carrot_err= -16 c0=1.20 clear=0.80 prog=0.23 rel=0.95 bal=-0.00 obs=235 hard=225 obsc=246 yr=  0  nz=0.05 flt=0.00 dmap=+0/-0 shz=4.0 plan=8 cmd=(lx=+0.00,ly=+0.28,rx=+0.00)
  t= 65.3 ENG-GO pos=(-4.22,+1.56) yaw=+131.4 d=1.56 goal_err=-22 carrot_err= -17 c0=1.17 clear=0.78 prog=0.24 rel=0.94 bal=-0.61 obs=238 hard=226 obsc=248 yr=  0  nz=0.06 flt=0.01 dmap=+0/-0 shz=4.0 plan=8 cmd=(lx=+0.00,ly=+0.28,rx=+0.00)
  t= 65.7 ENG-GO pos=(-4.24,+1.58) yaw=+131.4 d=1.54 goal_err=-23 carrot_err= -17 c0=1.14 clear=0.76 prog=0.23 rel=0.94 bal=-0.54 obs=242 hard=231 obsc=253 yr=  0  nz=0.06 flt=0.00 dmap=+2/-0 shz=4.0 plan=8 cmd=(lx=+0.00,ly=+0.28,rx=+0.00)
  t= 66.1 ENG-GO pos=(-4.26,+1.61) yaw=+131.4 d=1.50 goal_err=-23 carrot_err= -18 c0=1.11 clear=0.74 prog=0.23 rel=0.94 bal=-0.30 obs=240 hard=231 obsc=252 yr=  0  nz=0.06 flt=0.00 dmap=+1/-2 shz=4.0 plan=8 cmd=(lx=+0.00,ly=+0.28,rx=+0.00)
  t= 66.6 ENG-GO pos=(-4.29,+1.64) yaw=+131.4 d=1.47 goal_err=-24 carrot_err= -19 c0=1.07 clear=0.72 prog=0.24 rel=0.94 bal=-0.31 obs=239 hard=228 obsc=249 yr=  0  nz=0.06 flt=0.00 dmap=+0/-0 shz=4.0 plan=8 cmd=(lx=+0.00,ly=+0.28,rx=+0.00)
  t= 67.0 ENG-GO pos=(-4.30,+1.66) yaw=+131.4 d=1.45 goal_err=-24 carrot_err= -20 c0=1.05 clear=0.70 prog=0.23 rel=0.93 bal=-0.21 obs=241 hard=232 obsc=251 yr=  0  nz=0.07 flt=0.02 dmap=+0/-0 shz=4.0 plan=8 cmd=(lx=+0.00,ly=+0.28,rx=+0.00)
  t= 67.4 ENG-GO pos=(-4.33,+1.69) yaw=+131.4 d=1.41 goal_err=-25 carrot_err= -20 c0=1.01 clear=0.68 prog=0.24 rel=0.94 bal=-0.33 obs=241 hard=231 obsc=251 yr=  0  nz=0.06 flt=0.00 dmap=+0/-0 shz=4.0 plan=8 cmd=(lx=+0.00,ly=+0.28,rx=+0.00)
  t= 67.9 ENG-GO pos=(-4.35,+1.71) yaw=+131.4 d=1.38 goal_err=-25 carrot_err= -26 c0=0.98 clear=0.65 prog=0.24 rel=0.94 bal=-0.34 obs=243 hard=232 obsc=253 yr=  0  nz=0.06 flt=0.01 dmap=+0/-0 shz=4.0 plan=8 cmd=(lx=+0.00,ly=+0.28,rx=+0.00)
  t= 68.3 ENG-GO pos=(-4.37,+1.74) yaw=+131.4 d=1.35 goal_err=-26 carrot_err= -27 c0=0.95 clear=0.63 prog=0.24 rel=0.94 bal=-0.35 obs=242 hard=232 obsc=254 yr=  0  nz=0.06 flt=0.00 dmap=+0/-0 shz=4.0 plan=8 cmd=(lx=+0.00,ly=+0.28,rx=+0.00)
  t= 68.7 ENG-GO pos=(-4.40,+1.77) yaw=+131.4 d=1.32 goal_err=-27 carrot_err= -28 c0=0.91 clear=0.61 prog=0.25 rel=0.94 bal=-0.47 obs=242 hard=231 obsc=253 yr=  0  nz=0.06 flt=0.00 dmap=+2/-2 shz=3.9 plan=8 cmd=(lx=+0.00,ly=+0.28,rx=+0.00)
  t= 69.2 DWA-F pos=(-4.42,+1.79) yaw=+131.4 d=1.29 goal_err=-27 carrot_err= -29 c0=0.89 clear=0.59 prog=0.23 rel=0.94 bal=-0.48 obs=243 hard=232 obsc=253 yr=  0  nz=0.06 flt=0.01 dmap=+0/-0 shz=4.0 plan=7 cmd=(lx=+0.00,ly=+0.40,rx=+0.00)
  t= 69.6 DWA-F pos=(-4.45,+1.82) yaw=+131.4 d=1.25 goal_err=-28 carrot_err= -30 c0=0.84 clear=0.56 prog=0.25 rel=0.95 bal=-0.49 obs=243 hard=232 obsc=253 yr=  0G nz=0.05 flt=0.00 dmap=+0/-0 shz=3.9 plan=7 cmd=(lx=+0.00,ly=+0.40,rx=+0.45)
  t= 70.1 DWA-F pos=(-4.47,+1.85) yaw=+127.4 d=1.21 goal_err=-25 carrot_err= -28 c0=0.91 clear=0.61 prog=0.26 rel=0.95 bal=-0.50 obs=243 hard=233 obsc=254 yr=  0  nz=0.05 flt=0.00 dmap=+0/-0 shz=4.0 plan=7 cmd=(lx=+0.00,ly=+0.40,rx=+0.00)
  t= 70.5 DWA-F pos=(-4.50,+1.89) yaw=+125.4 d=1.17 goal_err=-24 carrot_err= -27 c0=0.87 clear=0.58 prog=0.27 rel=0.95 bal=-0.47 obs=244 hard=234 obsc=255 yr= 18G nz=0.05 flt=0.09 dmap=+2/-0 shz=3.9 plan=7 cmd=(lx=+0.00,ly=+0.40,rx=+0.00)
  t= 71.0 DWA-F pos=(-4.52,+1.92) yaw=+123.4 d=1.14 goal_err=-23 carrot_err= -16 c0=0.83 clear=0.56 prog=0.27 rel=0.94 bal=-0.39 obs=249 hard=239 obsc=263 yr=  0  nz=0.06 flt=0.05 dmap=+0/-2 shz=4.0 plan=7 cmd=(lx=+0.00,ly=+0.40,rx=+0.00)
  t= 71.4 DWA-F pos=(-4.54,+1.95) yaw=+123.4 d=1.10 goal_err=-24 carrot_err= -16 c0=0.79 clear=0.53 prog=0.28 rel=0.93 bal=-0.39 obs=248 hard=238 obsc=263 yr=  0  nz=0.07 flt=0.01 dmap=+0/-0 shz=4.0 plan=7 cmd=(lx=+0.00,ly=+0.40,rx=+0.00)
  t= 71.8 DWA-F pos=(-4.57,+1.99) yaw=+123.4 d=1.06 goal_err=-25 carrot_err= -17 c0=0.75 clear=0.50 prog=0.29 rel=0.93 bal=-0.40 obs=245 hard=236 obsc=260 yr=  0  nz=0.07 flt=0.01 dmap=+0/-0 shz=4.0 plan=7 cmd=(lx=+0.00,ly=+0.40,rx=+0.00)
  t= 72.3 DWA-F pos=(-4.59,+2.02) yaw=+123.4 d=1.03 goal_err=-25 carrot_err= -18 c0=0.72 clear=0.48 prog=0.28 rel=0.92 bal=-0.53 obs=245 hard=235 obsc=261 yr=  0  nz=0.08 flt=0.00 dmap=+3/-1 shz=4.0 plan=6 cmd=(lx=+0.00,ly=+0.40,rx=+0.00)
  t= 72.7 DWA-F pos=(-4.61,+2.06) yaw=+123.4 d=0.99 goal_err=-26 carrot_err= -19 c0=0.96 clear=0.64 prog=0.29 rel=0.86 bal=-0.53 obs=247 hard=237 obsc=263 yr=  0  nz=0.14 flt=0.01 dmap=+1/-1 shz=4.0 plan=6 cmd=(lx=+0.00,ly=+0.40,rx=+0.00)
  t= 73.2 DWA-F pos=(-4.63,+2.09) yaw=+123.4 d=0.95 goal_err=-28 carrot_err= -20 c0=0.92 clear=0.61 prog=0.29 rel=0.82 bal=-0.53 obs=247 hard=237 obsc=262 yr=  0  nz=0.18 flt=0.00 dmap=+0/-0 shz=4.0 plan=6 cmd=(lx=+0.00,ly=+0.40,rx=+0.00)
  t= 73.6 DWA-F pos=(-4.65,+2.12) yaw=+123.4 d=0.92 goal_err=-29 carrot_err= -24 c0=0.89 clear=0.59 prog=0.27 rel=0.86 bal=-0.54 obs=245 hard=236 obsc=260 yr=  0  nz=0.14 flt=0.01 dmap=+0/-0 shz=4.0 plan=5 cmd=(lx=+0.00,ly=+0.40,rx=+0.00)
  t= 74.1 DWA-F pos=(-4.68,+2.16) yaw=+123.4 d=0.88 goal_err=-30 carrot_err= -25 c0=1.25 clear=0.83 prog=0.28 rel=0.87 bal=-0.40 obs=244 hard=235 obsc=261 yr=  0  nz=0.13 flt=0.00 dmap=+1/-1 shz=3.9 plan=5 cmd=(lx=+0.00,ly=+0.40,rx=+0.00)
  t= 74.5 DWA-F pos=(-4.70,+2.20) yaw=+123.4 d=0.85 goal_err=-31 carrot_err= -26 c0=1.21 clear=0.80 prog=0.27 rel=0.74 bal=-0.40 obs=246 hard=235 obsc=261 yr=  0  nz=0.26 flt=0.00 dmap=+3/-1 shz=4.0 plan=5 cmd=(lx=+0.00,ly=+0.40,rx=+0.00)
  t= 74.9 DWA-F pos=(-4.72,+2.22) yaw=+123.4 d=0.82 goal_err=-33 carrot_err= -27 c0=1.17 clear=0.78 prog=0.25 rel=0.74 bal=-0.52 obs=247 hard=236 obsc=263 yr=  0  nz=0.26 flt=0.00 dmap=+0/-0 shz=4.0 plan=5 cmd=(lx=+0.00,ly=+0.40,rx=+0.00)
  t= 75.4 DWA-F pos=(-4.74,+2.26) yaw=+119.4 d=0.78 goal_err=-30 carrot_err= -25 c0=1.13 clear=0.75 prog=0.27 rel=0.92 bal=-0.40 obs=245 hard=235 obsc=261 yr= 19  nz=0.09 flt=0.06 dmap=+0/-0 shz=4.0 plan=5 cmd=(lx=+0.00,ly=+0.40,rx=+0.00)
  t= 75.8 DWA-F pos=(-4.76,+2.29) yaw=+119.4 d=0.75 goal_err=-32 carrot_err= -26 c0=1.10 clear=0.73 prog=0.25 rel=0.91 bal=-0.40 obs=247 hard=239 obsc=263 yr=  0  nz=0.09 flt=0.00 dmap=+1/-1 shz=3.9 plan=5 cmd=(lx=+0.00,ly=+0.40,rx=+0.00)
  t= 76.3 DWA-F pos=(-4.78,+2.33) yaw=+119.4 d=0.71 goal_err=-34 carrot_err= -28 c0=1.06 clear=0.71 prog=0.25 rel=0.92 bal=-0.40 obs=242 hard=235 obsc=258 yr=  0  nz=0.08 flt=0.01 dmap=+0/-2 shz=4.0 plan=5 cmd=(lx=+0.00,ly=+0.40,rx=+0.00)
  t= 76.7 DWA-F pos=(-4.80,+2.37) yaw=+115.3 d=0.68 goal_err=-32 carrot_err= -26 c0=1.02 clear=0.68 prog=0.27 rel=0.92 bal=-0.40 obs=242 hard=235 obsc=258 yr= 19  nz=0.08 flt=0.00 dmap=+0/-0 shz=4.0 plan=4 cmd=(lx=+0.00,ly=+0.40,rx=+0.00)
  t= 77.1 DWA-F pos=(-4.82,+2.40) yaw=+115.3 d=0.65 goal_err=-33 carrot_err= -27 c0=0.99 clear=0.66 prog=0.25 rel=0.92 bal=-0.40 obs=249 hard=238 obsc=262 yr=  0  nz=0.08 flt=0.01 dmap=+0/-0 shz=4.0 plan=4 cmd=(lx=+0.00,ly=+0.40,rx=+0.00)
  t= 77.6 DWA-F pos=(-4.84,+2.44) yaw=+113.3 d=0.61 goal_err=-33 carrot_err= -27 c0=0.95 clear=0.63 prog=0.27 rel=0.91 bal=-0.39 obs=241 hard=238 obsc=254 yr= 18G nz=0.09 flt=0.07 dmap=+0/-0 shz=4.0 plan=4 cmd=(lx=+0.00,ly=+0.40,rx=+0.00)
  t= 78.0 DWA-F pos=(-4.85,+2.47) yaw=+111.3 d=0.58 goal_err=-33 carrot_err= -27 c0=0.92 clear=0.61 prog=0.25 rel=0.92 bal=-0.38 obs=245 hard=240 obsc=259 yr=  0  nz=0.08 flt=0.06 dmap=+0/-3 shz=4.0 plan=4 cmd=(lx=+0.00,ly=+0.40,rx=+0.45)
  t= 78.5 DWA-F pos=(-4.86,+2.51) yaw=+107.3 d=0.55 goal_err=-32 carrot_err= -25 c0=0.87 clear=0.58 prog=0.25 rel=0.91 bal=-0.38 obs=245 hard=240 obsc=259 yr= 19G nz=0.09 flt=0.00 dmap=+0/-0 shz=4.0 plan=4 cmd=(lx=+0.00,ly=+0.40,rx=+0.00)
  t= 78.9 DWA-F pos=(-4.88,+2.55) yaw=+105.3 d=0.51 goal_err=-32 carrot_err= -25 c0=0.83 clear=0.56 prog=0.27 rel=0.93 bal=-0.37 obs=252 hard=246 obsc=263 yr=  0  nz=0.07 flt=0.01 dmap=+0/-0 shz=4.0 plan=4 cmd=(lx=+0.00,ly=+0.28,rx=+0.45)
  t= 79.4 DWA-T pos=(-4.89,+2.59) yaw= +99.3 d=0.48 goal_err=-28 carrot_err= -21 c0=0.96 clear=0.64 prog=0.26 rel=0.92 bal=-0.16 obs=249 hard=244 obsc=262 yr= 18  nz=0.09 flt=0.07 dmap=+1/-4 shz=4.0 plan=4 cmd=(lx=+0.00,ly=+0.00,rx=+0.00)
  t= 79.8 DWA-T pos=(-4.89,+2.60) yaw= +99.3 d=0.47 goal_err=-29 carrot_err= -22 c0=0.95 clear=0.63 prog=0.22 rel=0.91 bal=-0.16 obs=249 hard=243 obsc=259 yr=  0  nz=0.09 flt=0.01 dmap=+0/-0 shz=3.9 plan=3 cmd=(lx=+0.00,ly=+0.00,rx=+0.00)
  t= 80.2 DWA-T pos=(-4.89,+2.60) yaw= +99.3 d=0.47 goal_err=-29 carrot_err= -22 c0=0.95 clear=0.63 prog=0.17 rel=0.91 bal=-0.16 obs=249 hard=243 obsc=259 yr=  0  nz=0.09 flt=0.01 dmap=+0/-0 shz=3.9 plan=3 cmd=(lx=+0.00,ly=+0.00,rx=+0.00)
  t= 80.7 DWA-T pos=(-4.89,+2.60) yaw= +99.3 d=0.47 goal_err=-29 carrot_err= -22 c0=0.95 clear=0.63 prog=0.10 rel=0.91 bal=-0.16 obs=249 hard=243 obsc=259 yr=  0  nz=0.09 flt=0.01 dmap=+0/-0 shz=3.9 plan=0 cmd=(lx=+0.00,ly=+0.00,rx=+0.00)
  t= 81.1 BRK-BK pos=(-4.89,+2.59) yaw= +99.3 d=0.48 goal_err=-28 carrot_err= -21 c0=0.96 clear=0.64 prog=0.02 rel=0.91 bal=-0.16 obs=249 hard=243 obsc=260 yr=  0  nz=0.09 flt=0.00 dmap=+1/-1 shz=3.7 plan=0 cmd=(lx=+0.00,ly=-0.35,rx=+0.00)
  t= 81.5 BRK-TR pos=(-4.88,+2.56) yaw= +95.3 d=0.50 goal_err=-23 carrot_err= -16 c0=1.16 clear=0.77 prog=0.00 rel=0.98 bal=-0.16 obs=249 hard=244 obsc=260 yr= 19G nz=0.02 flt=0.07 dmap=+0/-0 shz=3.7 plan=0 cmd=(lx=+0.00,ly=+0.00,rx=+0.45)
  t= 82.0 BRK-TR pos=(-4.88,+2.56) yaw= +87.3 d=0.50 goal_err=-15 carrot_err=  -8 c0=1.14 clear=0.76 prog=0.00 rel=0.85 bal=-0.17 obs=249 hard=244 obsc=260 yr= 18G nz=0.15 flt=0.16 dmap=+0/-0 shz=3.7 plan=0 cmd=(lx=+0.00,ly=+0.00,rx=+0.45)
  t= 82.4 BRK-TR pos=(-4.88,+2.56) yaw= +81.3 d=0.50 goal_err=-9 carrot_err=  -2 c0=1.14 clear=0.76 prog=0.00 rel=0.86 bal=-0.26 obs=249 hard=244 obsc=260 yr= 19G nz=0.14 flt=0.00 dmap=+0/-0 shz=3.7 plan=0 cmd=(lx=+0.00,ly=+0.00,rx=+0.45)
  t= 82.8 BRK-TR pos=(-4.88,+2.56) yaw= +73.2 d=0.50 goal_err=-1 carrot_err=  +6 c0=1.08 clear=0.72 prog=0.00 rel=0.89 bal=-0.31 obs=252 hard=247 obsc=263 yr= 18G nz=0.11 flt=0.00 dmap=+3/-0 shz=3.7 plan=0 cmd=(lx=+0.00,ly=+0.00,rx=+0.45)
  t= 83.3 BRK-TR pos=(-4.88,+2.56) yaw= +65.2 d=0.50 goal_err=+7 carrot_err= +14 c0=1.08 clear=0.72 prog=0.00 rel=0.93 bal=-0.21 obs=252 hard=247 obsc=263 yr= 18G nz=0.07 flt=0.00 dmap=+0/-0 shz=3.7 plan=0 cmd=(lx=+0.00,ly=+0.00,rx=+0.45)
  t= 83.7 DWA-F pos=(-4.88,+2.56) yaw= +57.2 d=0.50 goal_err=+15 carrot_err= +22 c0=1.08 clear=0.72 prog=0.00 rel=0.94 bal=-0.21 obs=252 hard=247 obsc=263 yr= 19G nz=0.07 flt=0.07 dmap=+0/-0 shz=3.7 plan=3 cmd=(lx=+0.00,ly=+0.40,rx=+0.00)
  t= 84.1 DWA-T pos=(-4.88,+2.57) yaw= +55.2 d=0.49 goal_err=+17 carrot_err= +25 c0=1.07 clear=0.71 prog=0.01 rel=0.94 bal=-0.21 obs=243 hard=234 obsc=253 yr=  0  nz=0.06 flt=0.07 dmap=+0/-0 shz=3.7 plan=3 cmd=(lx=+0.00,ly=+0.00,rx=+0.00)
  t= 84.6 DWA-T pos=(-4.88,+2.57) yaw= +55.2 d=0.49 goal_err=+17 carrot_err= +25 c0=1.07 clear=0.71 prog=0.01 rel=0.94 bal=-0.21 obs=243 hard=234 obsc=253 yr=  0  nz=0.06 flt=0.07 dmap=+0/-0 shz=3.7 plan=3 cmd=(lx=+0.00,ly=+0.00,rx=+0.00)
  t= 85.0 DWA-T pos=(-4.88,+2.57) yaw= +55.2 d=0.49 goal_err=+17 carrot_err= +25 c0=1.07 clear=0.71 prog=0.01 rel=0.94 bal=-0.21 obs=243 hard=234 obsc=253 yr=  0  nz=0.06 flt=0.07 dmap=+0/-0 shz=3.7 plan=3 cmd=(lx=+0.00,ly=+0.00,rx=+0.00)
  t= 85.4 BRK-BK pos=(-4.88,+2.57) yaw= +55.2 d=0.49 goal_err=+17 carrot_err= +25 c0=1.07 clear=0.71 prog=0.01 rel=0.94 bal=-0.21 obs=243 hard=234 obsc=253 yr=  0  nz=0.06 flt=0.07 dmap=+0/-0 shz=3.7 plan=0 cmd=(lx=+0.00,ly=-0.35,rx=+0.00)
  t= 85.9 BRK-TR pos=(-4.90,+2.54) yaw= +53.2 d=0.53 goal_err=+18 carrot_err= +25 c0=1.11 clear=0.74 prog=0.00 rel=1.00 bal=-0.15 obs=238 hard=229 obsc=248 yr= 19G nz=0.00 flt=0.12 dmap=+0/-0 shz=3.4 plan=0 cmd=(lx=+0.00,ly=+0.00,rx=+0.45)
  t= 86.3 BRK-TR pos=(-4.90,+2.54) yaw= +47.2 d=0.53 goal_err=+24 carrot_err= +31 c0=1.11 clear=0.74 prog=0.00 rel=0.97 bal=-0.15 obs=238 hard=229 obsc=248 yr= 19G nz=0.03 flt=0.00 dmap=+0/-0 shz=3.4 plan=0 cmd=(lx=+0.00,ly=+0.00,rx=+0.45)
  t= 86.8 BRK-TR pos=(-4.90,+2.54) yaw= +39.1 d=0.53 goal_err=+32 carrot_err= +39 c0=1.11 clear=0.74 prog=0.00 rel=0.97 bal=-0.09 obs=238 hard=229 obsc=248 yr= 18G nz=0.03 flt=0.00 dmap=+0/-0 shz=3.4 plan=0 cmd=(lx=+0.00,ly=+0.00,rx=+0.45)
  t= 87.2 BRK-TR pos=(-4.90,+2.54) yaw= +33.1 d=0.53 goal_err=+38 carrot_err= +45 c0=1.11 clear=0.74 prog=0.00 rel=0.98 bal=-0.09 obs=238 hard=229 obsc=248 yr= 18G nz=0.02 flt=0.00 dmap=+0/-0 shz=3.4 plan=0 cmd=(lx=+0.00,ly=+0.00,rx=+0.45)
  t= 87.6 BRK-TR pos=(-4.90,+2.54) yaw= +25.1 d=0.53 goal_err=+46 carrot_err= +53 c0=1.25 clear=0.83 prog=0.00 rel=0.98 bal=-0.09 obs=238 hard=229 obsc=248 yr= 18G nz=0.02 flt=0.11 dmap=+0/-0 shz=3.4 plan=0 cmd=(lx=+0.00,ly=+0.00,rx=+0.45)
  t= 88.1 DWA-F pos=(-4.90,+2.54) yaw= +17.1 d=0.53 goal_err=+54 carrot_err= +61 c0=1.30 clear=0.87 prog=0.00 rel=0.89 bal=+0.08 obs=238 hard=229 obsc=248 yr= 19G nz=0.12 flt=0.00 dmap=+0/-0 shz=3.4 plan=3 cmd=(lx=+0.00,ly=+0.28,rx=-0.45)
  t= 88.5 DWA-F pos=(-4.88,+2.54) yaw= +21.1 d=0.52 goal_err=+52 carrot_err= +59 c0=1.23 clear=0.82 prog=0.02 rel=0.86 bal=+0.08 obs=238 hard=229 obsc=248 yr= 18G nz=0.14 flt=0.18 dmap=+0/-0 shz=3.4 plan=3 cmd=(lx=+0.00,ly=+0.28,rx=-0.45)
  t= 89.0 DWA-F pos=(-4.86,+2.55) yaw= +27.1 d=0.50 goal_err=+48 carrot_err= +55 c0=1.07 clear=0.72 prog=0.04 rel=0.93 bal=-0.07 obs=238 hard=229 obsc=248 yr= 18G nz=0.07 flt=0.05 dmap=+0/-0 shz=3.4 plan=3 cmd=(lx=+0.00,ly=+0.28,rx=-0.45)
  t= 89.4 DWA-F pos=(-4.84,+2.57) yaw= +35.1 d=0.49 goal_err=+42 carrot_err= +50 c0=1.05 clear=0.70 prog=0.07 rel=0.87 bal=-0.07 obs=238 hard=229 obsc=248 yr= 18G nz=0.13 flt=0.16 dmap=+0/-0 shz=3.4 plan=3 cmd=(lx=+0.00,ly=+0.28,rx=-0.45)
  t= 89.8 DWA-F pos=(-4.81,+2.58) yaw= +43.2 d=0.46 goal_err=+36 carrot_err= +45 c0=1.02 clear=0.68 prog=0.11 rel=0.83 bal=-0.07 obs=239 hard=230 obsc=249 yr= 18G nz=0.17 flt=0.01 dmap=+0/-0 shz=3.4 plan=3 cmd=(lx=+0.00,ly=+0.28,rx=-0.45)
  t= 90.3 DWA-F pos=(-4.79,+2.60) yaw= +51.2 d=0.44 goal_err=+30 carrot_err= +40 c0=0.99 clear=0.66 prog=0.14 rel=0.81 bal=-0.15 obs=240 hard=231 obsc=250 yr= 18G nz=0.13 flt=0.30 dmap=+0/-0 shz=3.4 plan=3 cmd=(lx=+0.00,ly=+0.28,rx=-0.45)
  t= 90.7 DWA-F pos=(-4.78,+2.63) yaw= +59.2 d=0.42 goal_err=+24 carrot_err= +34 c0=0.97 clear=0.64 prog=0.16 rel=0.95 bal=-0.11 obs=243 hard=234 obsc=253 yr= 18G nz=0.05 flt=0.15 dmap=+0/-0 shz=3.4 plan=3 cmd=(lx=+0.00,ly=+0.28,rx=-0.45)

  >>> MODO AGRESIVO ON (12s sin acercarse a B): reduzco inflado y holgura (min seguridad 0.24m) para cruzar la puerta.
  t= 91.2 AGR-DWA-T pos=(-4.77,+2.64) yaw= +65.2 d=0.40 goal_err=+19 carrot_err= +30 c0=0.94 clear=0.63 prog=0.16 rel=0.94 bal=-0.10 obs=234 hard=222 obsc=245 yr=  0  nz=0.06 flt=0.00 dmap=+1/-11 shz=3.4 plan=3 cmd=(lx=+0.00,ly=+0.00,rx=+0.00)
  t= 91.6 AGR-DWA-T pos=(-4.77,+2.64) yaw= +65.2 d=0.40 goal_err=+19 carrot_err= +30 c0=0.94 clear=0.63 prog=0.13 rel=0.95 bal=-0.10 obs=234 hard=222 obsc=245 yr=  0  nz=0.05 flt=0.00 dmap=+0/-0 shz=3.4 plan=3 cmd=(lx=+0.00,ly=+0.00,rx=+0.00)
  t= 92.1 AGR-DWA-T pos=(-4.77,+2.64) yaw= +65.2 d=0.40 goal_err=+19 carrot_err= +30 c0=0.94 clear=0.63 prog=0.09 rel=0.95 bal=-0.10 obs=234 hard=222 obsc=245 yr=  0  nz=0.05 flt=0.00 dmap=+0/-0 shz=3.4 plan=3 cmd=(lx=+0.00,ly=+0.00,rx=+0.00)
  t= 92.5 AGR-BRK-BK pos=(-4.77,+2.64) yaw= +65.2 d=0.40 goal_err=+19 carrot_err= +30 c0=0.94 clear=0.63 prog=0.04 rel=0.95 bal=-0.10 obs=234 hard=222 obsc=245 yr=  0  nz=0.05 flt=0.00 dmap=+0/-0 shz=3.4 plan=0 cmd=(lx=+0.00,ly=-0.35,rx=+0.00)
  t= 93.0 AGR-BRK-TR pos=(-4.78,+2.61) yaw= +63.2 d=0.43 goal_err=+20 carrot_err= +29 c0=0.98 clear=0.65 prog=0.00 rel=0.99 bal=-0.10 obs=230 hard=220 obsc=243 yr= 19G nz=0.01 flt=0.10 dmap=+0/-0 shz=3.2 plan=0 cmd=(lx=+0.00,ly=+0.00,rx=+0.45)
  t= 93.4 AGR-BRK-TR pos=(-4.78,+2.61) yaw= +55.2 d=0.43 goal_err=+28 carrot_err= +37 c0=0.98 clear=0.65 prog=0.00 rel=0.96 bal=-0.02 obs=230 hard=220 obsc=243 yr= 18G nz=0.04 flt=0.00 dmap=+0/-0 shz=3.2 plan=0 cmd=(lx=+0.00,ly=+0.00,rx=+0.45)
  t= 93.8 AGR-BRK-TR pos=(-4.78,+2.61) yaw= +49.2 d=0.43 goal_err=+34 carrot_err= +43 c0=0.98 clear=0.65 prog=0.00 rel=0.97 bal=+0.08 obs=230 hard=220 obsc=243 yr= 18G nz=0.03 flt=0.01 dmap=+0/-0 shz=3.2 plan=0 cmd=(lx=+0.00,ly=+0.00,rx=+0.45)
  t= 94.3 AGR-BRK-TR pos=(-4.78,+2.61) yaw= +41.1 d=0.43 goal_err=+42 carrot_err= +51 c0=0.98 clear=0.65 prog=0.00 rel=0.99 bal=+0.08 obs=230 hard=220 obsc=243 yr= 19G nz=0.01 flt=0.00 dmap=+0/-0 shz=3.2 plan=0 cmd=(lx=+0.00,ly=+0.00,rx=+0.45)
  t= 94.7 AGR-BRK-TR pos=(-4.78,+2.61) yaw= +35.1 d=0.43 goal_err=+48 carrot_err= +57 c0=0.98 clear=0.65 prog=0.00 rel=0.99 bal=+0.08 obs=230 hard=220 obsc=243 yr= 18G nz=0.01 flt=0.00 dmap=+0/-0 shz=3.2 plan=0 cmd=(lx=+0.00,ly=+0.00,rx=+0.45)
  t= 95.1 AGR-BRK-TR pos=(-4.78,+2.61) yaw= +27.1 d=0.43 goal_err=+56 carrot_err= +65 c0=1.11 clear=0.74 prog=0.00 rel=0.99 bal=+0.08 obs=230 hard=220 obsc=243 yr= 19G nz=0.01 flt=0.00 dmap=+0/-0 shz=3.2 plan=0 cmd=(lx=+0.00,ly=+0.00,rx=+0.45)
  t= 95.6 AGR-DWA-F pos=(-4.78,+2.61) yaw= +25.1 d=0.43 goal_err=+59 carrot_err= +68 c0=1.11 clear=0.74 prog=0.01 rel=0.90 bal=+0.08 obs=230 hard=220 obsc=243 yr=  0G nz=0.10 flt=0.07 dmap=+0/-0 shz=3.2 plan=3 cmd=(lx=+0.00,ly=+0.28,rx=-0.45)
  t= 96.0 AGR-DWA-F pos=(-4.75,+2.63) yaw= +33.1 d=0.41 goal_err=+54 carrot_err= +64 c0=0.95 clear=0.63 prog=0.03 rel=0.88 bal=+0.08 obs=230 hard=220 obsc=243 yr= 18G nz=0.12 flt=0.02 dmap=+0/-0 shz=3.2 plan=3 cmd=(lx=+0.00,ly=+0.28,rx=-0.45)
  t= 96.5 AGR-DWA-F pos=(-4.73,+2.64) yaw= +41.1 d=0.40 goal_err=+49 carrot_err= +60 c0=0.92 clear=0.62 prog=0.06 rel=0.81 bal=+0.07 obs=231 hard=223 obsc=244 yr= 18G nz=0.13 flt=0.01 dmap=+1/-0 shz=3.2 plan=3 cmd=(lx=+0.00,ly=+0.28,rx=-0.45)
  t= 96.9 AGR-DWA-F pos=(-4.71,+2.66) yaw= +47.2 d=0.38 goal_err=+45 carrot_err= +57 c0=0.90 clear=0.60 prog=0.08 rel=0.82 bal=+0.07 obs=232 hard=224 obsc=245 yr= 19G nz=0.14 flt=0.03 dmap=+0/-0 shz=3.2 plan=3 cmd=(lx=+0.00,ly=+0.28,rx=-0.45)
  t= 97.3 AGR-DWA-F pos=(-4.70,+2.68) yaw= +55.2 d=0.36 goal_err=+40 carrot_err= +53 c0=0.88 clear=0.58 prog=0.12 rel=0.88 bal=+0.05 obs=232 hard=224 obsc=245 yr= 18G nz=0.06 flt=0.01 dmap=+0/-0 shz=3.2 plan=3 cmd=(lx=+0.00,ly=+0.28,rx=-0.45)

  LLEGADO a 'B' (-4.73,+3.04); error=0.35 m, colisiones=0.
  [spill] derrames=0 E[N]=0.00 eta_max=0.99 riesgo=1.8%
  [dataset] travesia guardada -> /Users/adrianlendinezibanez/Claude/Projects/G1 ROBOT/dataset/20260704_195246_ours_B.json
  [stats] fila anadida -> /Users/adrianlendinezibanez/Claude/Projects/G1 ROBOT/dataset/runs_stats.csv

Fin goto.
  [META2-L2] estado guardado (meta2_state_prereal.json): Pl={'Efficient_Nav': 1.0, 'Cautious_Nav': 1.0} derrames_run=0
  backend grafico: TkAgg
>>> SIM ADAPTER: conectando a rosbridge ws://localhost:8765 ...
  esperando /odom (hasta 30s; el mundo del lab tarda en cargar)... ok
  /odom OK pose=(+0.99,+0.57) | /scan: OK
  escenario LAB: mapa/waypoints/puerta REALES (lab.world solo-paredes, frame G1)

>>> GOTO 'B' -> (-4.73,+3.04). Mando en mano (L2+B). Ctrl+C aborta.
    ENTORNO: SIM (id: lab_v1_prereal_4capas)  — esta run se registra como SIMULACION, no cuenta como run de robot
  Esperando pose localizada y primera nube... ok.
  FRAME-CHECK start=(+0.99,+0.57) wp_mas_cercano=A(+0.99,+0.57) offset=0.00m  -> frame OK (pose y waypoints alineados)
  [spill] payload de agua simulado (semilla=20260704_195437_ours_B.json)
  META2 ACTIVO (techo por analogia): Meta-Reasoner 2.0, analogia inicial Cautious_Nav

  !!!!!!!!!!!!!!!!!!!!!!!!!!!!!!!!!!!!!!!!!!!!!!!!!!!!!!!!!!!!!!!!!!!!!!!!!!
  !!  VISION OFF (G1_PERC sin definir) pero G1_NOVIS=1: navego SIN vision bajo tu responsabilidad.
  !!  La MESA invisible al LiDAR no se vera.
  !!!!!!!!!!!!!!!!!!!!!!!!!!!!!!!!!!!!!!!!!!!!!!!!!!!!!!!!!!!!!!!!!!!!!!!!!!

  mapa de referencia: 961 celdas | muebles estaticos (nav_map): 0 celdas | plan global: static
  t=  0.0 DWA-F pos=(+0.99,+0.57) yaw=-120.3 d=6.23 goal_err=-83 carrot_err= -62 c0=2.25 clear=1.00 prog=0.00 rel=1.00 bal=+0.19 obs=108 hard=108 obsc=108 yr=  0  nz=0.00 flt=0.19 dmap=+108/-0 shz=0.0 plan=34 cmd=(lx=+0.00,ly=+0.40,rx=+0.45)
  t=  0.4 DWA-F pos=(+0.97,+0.54) yaw=-124.3 d=6.23 goal_err=-79 carrot_err= -60 c0=2.22 clear=1.00 prog=0.03 rel=0.98 bal=+0.28 obs=111 hard=111 obsc=111 yr= 19G nz=0.02 flt=0.00 dmap=+0/-0 shz=3.1 plan=34 cmd=(lx=+0.00,ly=+0.40,rx=+0.45)
  t=  0.9 DWA-F pos=(+0.94,+0.50) yaw=-132.4 d=6.21 goal_err=-72 carrot_err= -56 c0=2.22 clear=1.00 prog=0.07 rel=0.96 bal=+0.40 obs=111 hard=111 obsc=111 yr= 18G nz=0.04 flt=0.15 dmap=+0/-0 shz=3.4 plan=34 cmd=(lx=+0.00,ly=+0.40,rx=+0.45)
  t=  1.3 DWA-F pos=(+0.90,+0.45) yaw=-140.4 d=6.19 goal_err=-64 carrot_err= -36 c0=2.50 clear=1.00 prog=0.10 rel=0.95 bal=+0.41 obs=111 hard=111 obsc=111 yr= 19G nz=0.05 flt=0.02 dmap=+0/-0 shz=3.8 plan=34 cmd=(lx=+0.00,ly=+0.40,rx=+0.00)
  t=  1.8 DWA-F pos=(+0.86,+0.43) yaw=-142.4 d=6.17 goal_err=-63 carrot_err= -36 c0=2.50 clear=1.00 prog=0.11 rel=0.80 bal=+0.42 obs=118 hard=118 obsc=133 yr=  0  nz=0.20 flt=0.06 dmap=+0/-0 shz=3.6 plan=33 cmd=(lx=+0.00,ly=+0.40,rx=+0.00)
  t=  2.2 DWA-F pos=(+0.81,+0.39) yaw=-144.4 d=6.14 goal_err=-61 carrot_err= -36 c0=2.50 clear=1.00 prog=0.15 rel=0.81 bal=+0.42 obs=132 hard=118 obsc=139 yr= 18G nz=0.19 flt=0.00 dmap=+0/-0 shz=3.8 plan=33 cmd=(lx=+0.00,ly=+0.40,rx=+0.45)
  t=  2.6 DWA-F pos=(+0.78,+0.37) yaw=-148.4 d=6.13 goal_err=-57 carrot_err= -34 c0=2.50 clear=1.00 prog=0.16 rel=0.82 bal=+0.43 obs=140 hard=120 obsc=141 yr=  0  nz=0.18 flt=0.02 dmap=+8/-0 shz=3.8 plan=33 cmd=(lx=+0.00,ly=+0.40,rx=+0.00)
  t=  3.1 DWA-F pos=(+0.76,+0.36) yaw=-148.4 d=6.11 goal_err=-58 carrot_err= -35 c0=2.50 clear=1.00 prog=0.15 rel=0.99 bal=+0.43 obs=141 hard=120 obsc=142 yr=  0  nz=0.01 flt=0.00 dmap=+1/-1 shz=3.9 plan=33 cmd=(lx=+0.00,ly=+0.40,rx=+0.00)
  t=  3.5 DWA-F pos=(+0.72,+0.33) yaw=-150.4 d=6.09 goal_err=-56 carrot_err= -35 c0=2.50 clear=1.00 prog=0.16 rel=0.99 bal=+0.44 obs=141 hard=120 obsc=142 yr= 18G nz=0.01 flt=0.00 dmap=+0/-0 shz=3.8 plan=33 cmd=(lx=+0.00,ly=+0.40,rx=+0.00)
  t=  4.0 DWA-F pos=(+0.68,+0.31) yaw=-152.4 d=6.06 goal_err=-54 carrot_err= -33 c0=2.50 clear=1.00 prog=0.16 rel=0.99 bal=+0.44 obs=164 hard=154 obsc=164 yr=  0  nz=0.01 flt=0.00 dmap=+0/-0 shz=3.9 plan=33 cmd=(lx=+0.00,ly=+0.40,rx=+0.00)
  t=  4.4 DWA-F pos=(+0.64,+0.29) yaw=-152.4 d=6.04 goal_err=-55 carrot_err= -35 c0=2.50 clear=1.00 prog=0.16 rel=0.99 bal=+0.36 obs=165 hard=161 obsc=165 yr=  0  nz=0.01 flt=0.01 dmap=+1/-0 shz=3.9 plan=33 cmd=(lx=+0.00,ly=+0.40,rx=+0.00)
  t=  4.9 DWA-F pos=(+0.62,+0.28) yaw=-152.4 d=6.02 goal_err=-55 carrot_err= -22 c0=2.50 clear=1.00 prog=0.17 rel=0.98 bal=+0.37 obs=165 hard=164 obsc=166 yr=  0  nz=0.01 flt=0.00 dmap=+1/-1 shz=3.9 plan=32 cmd=(lx=+0.00,ly=+0.40,rx=+0.00)
  t=  5.3 DWA-F pos=(+0.58,+0.26) yaw=-152.4 d=5.99 goal_err=-55 carrot_err= -23 c0=2.50 clear=1.00 prog=0.18 rel=0.99 bal=+0.37 obs=167 hard=166 obsc=168 yr=  0  nz=0.01 flt=0.00 dmap=+0/-0 shz=3.9 plan=32 cmd=(lx=+0.00,ly=+0.40,rx=+0.00)
  t=  5.8 DWA-F pos=(+0.54,+0.24) yaw=-152.4 d=5.97 goal_err=-56 carrot_err= -25 c0=2.50 clear=1.00 prog=0.18 rel=0.99 bal=+0.38 obs=168 hard=167 obsc=169 yr=  0  nz=0.01 flt=0.00 dmap=+0/-0 shz=3.9 plan=32 cmd=(lx=+0.00,ly=+0.40,rx=+0.00)
  t=  6.2 DWA-F pos=(+0.51,+0.22) yaw=-152.4 d=5.95 goal_err=-56 carrot_err= -26 c0=2.50 clear=1.00 prog=0.17 rel=0.99 bal=+0.39 obs=169 hard=168 obsc=170 yr=  0  nz=0.01 flt=0.01 dmap=+1/-0 shz=3.9 plan=32 cmd=(lx=+0.00,ly=+0.40,rx=+0.00)
  t=  6.6 DWA-F pos=(+0.47,+0.20) yaw=-152.4 d=5.92 goal_err=-56 carrot_err= -28 c0=2.50 clear=1.00 prog=0.17 rel=0.99 bal=+0.40 obs=169 hard=169 obsc=170 yr=  0  nz=0.01 flt=0.02 dmap=+0/-0 shz=3.9 plan=32 cmd=(lx=+0.00,ly=+0.40,rx=+0.00)
  t=  7.1 DWA-F pos=(+0.43,+0.18) yaw=-152.4 d=5.90 goal_err=-57 carrot_err= -29 c0=2.50 clear=1.00 prog=0.18 rel=0.99 bal=+0.41 obs=169 hard=169 obsc=171 yr=  0  nz=0.01 flt=0.00 dmap=+0/-0 shz=3.9 plan=32 cmd=(lx=+0.00,ly=+0.40,rx=+0.00)
  t=  7.5 DWA-F pos=(+0.40,+0.16) yaw=-152.4 d=5.88 goal_err=-57 carrot_err= -30 c0=2.50 clear=1.00 prog=0.17 rel=0.99 bal=+0.42 obs=169 hard=168 obsc=170 yr=  0  nz=0.01 flt=0.00 dmap=+0/-0 shz=3.9 plan=32 cmd=(lx=+0.00,ly=+0.40,rx=+0.00)
  t=  8.0 DWA-F pos=(+0.36,+0.14) yaw=-152.4 d=5.86 goal_err=-57 carrot_err= -32 c0=2.49 clear=1.00 prog=0.16 rel=0.99 bal=+0.42 obs=171 hard=169 obsc=172 yr=  0  nz=0.01 flt=0.00 dmap=+0/-0 shz=4.0 plan=31 cmd=(lx=+0.00,ly=+0.40,rx=+0.00)
  t=  8.4 DWA-F pos=(+0.32,+0.12) yaw=-152.4 d=5.83 goal_err=-58 carrot_err= -34 c0=2.45 clear=1.00 prog=0.17 rel=0.98 bal=+0.43 obs=171 hard=170 obsc=172 yr=  0  nz=0.02 flt=0.00 dmap=+0/-0 shz=3.9 plan=31 cmd=(lx=+0.00,ly=+0.40,rx=+0.00)
  t=  8.8 DWA-F pos=(+0.29,+0.11) yaw=-152.4 d=5.81 goal_err=-58 carrot_err= -21 c0=2.42 clear=1.00 prog=0.16 rel=0.96 bal=+0.43 obs=171 hard=170 obsc=172 yr=  0  nz=0.04 flt=0.01 dmap=+0/-0 shz=3.9 plan=31 cmd=(lx=+0.00,ly=+0.40,rx=+0.00)
  t=  9.3 DWA-F pos=(+0.25,+0.09) yaw=-152.4 d=5.79 goal_err=-58 carrot_err= -22 c0=2.38 clear=1.00 prog=0.17 rel=0.94 bal=+0.36 obs=172 hard=172 obsc=174 yr=  0  nz=0.06 flt=0.00 dmap=+0/-0 shz=3.9 plan=30 cmd=(lx=+0.00,ly=+0.40,rx=+0.00)
  t=  9.7 DWA-F pos=(+0.20,+0.06) yaw=-152.4 d=5.76 goal_err=-59 carrot_err= -23 c0=2.46 clear=1.00 prog=0.18 rel=0.93 bal=+0.36 obs=174 hard=175 obsc=176 yr=  0  nz=0.07 flt=0.00 dmap=+0/-0 shz=4.0 plan=30 cmd=(lx=+0.00,ly=+0.40,rx=+0.00)
  t= 10.2 DWA-F pos=(+0.16,+0.04) yaw=-152.4 d=5.74 goal_err=-59 carrot_err= -25 c0=2.41 clear=1.00 prog=0.18 rel=0.94 bal=+0.37 obs=176 hard=174 obsc=177 yr=  0  nz=0.06 flt=0.00 dmap=+0/-0 shz=3.9 plan=30 cmd=(lx=+0.00,ly=+0.40,rx=+0.00)
  t= 10.6 DWA-F pos=(+0.13,+0.02) yaw=-152.4 d=5.72 goal_err=-59 carrot_err= -26 c0=2.38 clear=1.00 prog=0.17 rel=0.95 bal=+0.37 obs=175 hard=175 obsc=177 yr=  0  nz=0.05 flt=0.02 dmap=+0/-0 shz=3.9 plan=30 cmd=(lx=+0.00,ly=+0.40,rx=+0.00)
  t= 11.0 DWA-F pos=(+0.09,+0.00) yaw=-152.4 d=5.70 goal_err=-60 carrot_err= -27 c0=2.34 clear=1.00 prog=0.17 rel=0.94 bal=+0.35 obs=179 hard=178 obsc=180 yr=  0  nz=0.07 flt=0.01 dmap=+0/-0 shz=3.9 plan=30 cmd=(lx=+0.00,ly=+0.40,rx=+0.00)
  t= 11.5 DWA-F pos=(+0.05,-0.02) yaw=-152.4 d=5.68 goal_err=-60 carrot_err= -29 c0=2.30 clear=1.00 prog=0.16 rel=0.94 bal=+0.37 obs=179 hard=179 obsc=181 yr=  0  nz=0.06 flt=0.00 dmap=+1/-0 shz=3.9 plan=30 cmd=(lx=+0.00,ly=+0.40,rx=+0.00)
  t= 11.9 DWA-F pos=(+0.03,-0.03) yaw=-152.4 d=5.66 goal_err=-60 carrot_err= -30 c0=2.27 clear=1.00 prog=0.15 rel=0.94 bal=+0.38 obs=179 hard=179 obsc=181 yr=  0  nz=0.07 flt=0.00 dmap=+0/-1 shz=3.9 plan=30 cmd=(lx=+0.00,ly=+0.40,rx=+0.00)
  t= 12.4 DWA-F pos=(-0.01,-0.05) yaw=-152.4 d=5.64 goal_err=-61 carrot_err= -31 c0=2.23 clear=1.00 prog=0.15 rel=0.93 bal=+0.40 obs=179 hard=178 obsc=180 yr=  0  nz=0.07 flt=0.01 dmap=+0/-0 shz=3.9 plan=29 cmd=(lx=+0.00,ly=+0.40,rx=+0.00)
  t= 12.8 DWA-F pos=(-0.05,-0.07) yaw=-152.4 d=5.62 goal_err=-61 carrot_err= -33 c0=2.19 clear=1.00 prog=0.16 rel=0.94 bal=+0.41 obs=180 hard=180 obsc=182 yr=  0  nz=0.06 flt=0.01 dmap=+0/-0 shz=3.9 plan=29 cmd=(lx=+0.00,ly=+0.40,rx=+0.00)
  t= 13.3 DWA-F pos=(-0.08,-0.09) yaw=-152.4 d=5.60 goal_err=-62 carrot_err= -35 c0=2.16 clear=1.00 prog=0.14 rel=0.93 bal=+0.42 obs=181 hard=180 obsc=183 yr=  0  nz=0.07 flt=0.01 dmap=+2/-1 shz=3.9 plan=29 cmd=(lx=+0.00,ly=+0.40,rx=+0.00)
  t= 13.7 DWA-F pos=(-0.12,-0.11) yaw=-152.4 d=5.58 goal_err=-62 carrot_err= -35 c0=2.17 clear=1.00 prog=0.14 rel=0.95 bal=+0.43 obs=184 hard=180 obsc=185 yr=  0  nz=0.05 flt=0.00 dmap=+2/-0 shz=3.9 plan=29 cmd=(lx=+0.00,ly=+0.40,rx=+0.00)
  t= 14.2 DWA-F pos=(-0.16,-0.13) yaw=-152.4 d=5.56 goal_err=-62 carrot_err= -36 c0=2.13 clear=1.00 prog=0.15 rel=0.96 bal=+0.43 obs=184 hard=179 obsc=185 yr=  0  nz=0.04 flt=0.02 dmap=+0/-0 shz=3.9 plan=28 cmd=(lx=+0.00,ly=+0.40,rx=+0.00)
  t= 14.6 DWA-F pos=(-0.19,-0.14) yaw=-152.4 d=5.54 goal_err=-63 carrot_err= -38 c0=2.09 clear=1.00 prog=0.14 rel=0.94 bal=+0.43 obs=184 hard=180 obsc=186 yr=  0  nz=0.06 flt=0.01 dmap=+0/-0 shz=3.9 plan=28 cmd=(lx=+0.00,ly=+0.40,rx=+0.00)
  t= 15.0 DWA-F pos=(-0.23,-0.17) yaw=-154.4 d=5.52 goal_err=-61 carrot_err= -38 c0=2.05 clear=1.00 prog=0.15 rel=0.92 bal=+0.43 obs=184 hard=182 obsc=185 yr= 18G nz=0.08 flt=0.00 dmap=+0/-0 shz=4.0 plan=28 cmd=(lx=+0.00,ly=+0.40,rx=+0.00)
  t= 15.5 DWA-F pos=(-0.27,-0.18) yaw=-156.4 d=5.50 goal_err=-59 carrot_err= -38 c0=2.01 clear=1.00 prog=0.15 rel=0.93 bal=+0.44 obs=191 hard=188 obsc=193 yr=  0  nz=0.07 flt=0.01 dmap=+0/-0 shz=3.9 plan=28 cmd=(lx=+0.00,ly=+0.40,rx=+0.45)
  t= 15.9 DWA-F pos=(-0.30,-0.20) yaw=-160.4 d=5.48 goal_err=-56 carrot_err= -35 c0=1.97 clear=1.00 prog=0.14 rel=0.91 bal=+0.44 obs=191 hard=188 obsc=193 yr= 18  nz=0.09 flt=0.03 dmap=+0/-0 shz=3.9 plan=28 cmd=(lx=+0.00,ly=+0.40,rx=+0.00)
  t= 16.4 DWA-F pos=(-0.34,-0.21) yaw=-160.4 d=5.46 goal_err=-56 carrot_err= -37 c0=1.93 clear=1.00 prog=0.15 rel=0.93 bal=+0.45 obs=191 hard=186 obsc=206 yr=  0  nz=0.07 flt=0.04 dmap=+0/-0 shz=4.0 plan=28 cmd=(lx=+0.00,ly=+0.40,rx=+0.45)
  t= 16.8 DWA-F pos=(-0.38,-0.22) yaw=-164.4 d=5.44 goal_err=-52 carrot_err= -35 c0=1.90 clear=1.00 prog=0.16 rel=0.93 bal=+0.50 obs=192 hard=188 obsc=208 yr= 18  nz=0.07 flt=0.01 dmap=+2/-1 shz=4.0 plan=28 cmd=(lx=+0.00,ly=+0.40,rx=+0.00)
  t= 17.2 DWA-F pos=(-0.42,-0.23) yaw=-164.4 d=5.41 goal_err=-53 carrot_err= -32 c0=1.85 clear=1.00 prog=0.17 rel=0.93 bal=+0.51 obs=196 hard=193 obsc=210 yr=  0  nz=0.07 flt=0.00 dmap=+3/-0 shz=4.0 plan=27 cmd=(lx=+0.00,ly=+0.40,rx=+0.00)
  t= 17.7 DWA-F pos=(-0.46,-0.25) yaw=-164.4 d=5.39 goal_err=-53 carrot_err= -34 c0=1.81 clear=1.00 prog=0.17 rel=0.93 bal=+0.51 obs=192 hard=193 obsc=210 yr=  0  nz=0.07 flt=0.00 dmap=+0/-0 shz=4.0 plan=27 cmd=(lx=+0.00,ly=+0.40,rx=+0.00)
  t= 18.1 DWA-F pos=(-0.50,-0.26) yaw=-164.4 d=5.36 goal_err=-54 carrot_err= -36 c0=1.77 clear=1.00 prog=0.19 rel=0.93 bal=+0.52 obs=190 hard=189 obsc=205 yr=  0  nz=0.07 flt=0.00 dmap=+0/-0 shz=4.0 plan=27 cmd=(lx=+0.00,ly=+0.40,rx=+0.00)
  t= 18.6 DWA-F pos=(-0.55,-0.27) yaw=-166.4 d=5.33 goal_err=-52 carrot_err= -42 c0=1.73 clear=1.00 prog=0.19 rel=0.92 bal=+0.52 obs=191 hard=191 obsc=205 yr= 18G nz=0.08 flt=0.16 dmap=+0/-0 shz=4.0 plan=26 cmd=(lx=+0.00,ly=+0.40,rx=+0.45)
  t= 19.0 DWA-F pos=(-0.59,-0.28) yaw=-174.5 d=5.31 goal_err=-44 carrot_err= -36 c0=1.86 clear=1.00 prog=0.20 rel=0.91 bal=+0.53 obs=220 hard=202 obsc=246 yr= 18  nz=0.08 flt=0.02 dmap=+29/-0 shz=4.0 plan=26 cmd=(lx=+0.00,ly=+0.40,rx=+0.00)
  t= 19.5 DWA-F pos=(-0.63,-0.28) yaw=-174.5 d=5.27 goal_err=-45 carrot_err= -38 c0=1.82 clear=1.00 prog=0.21 rel=0.91 bal=+0.53 obs=220 hard=202 obsc=238 yr=  0  nz=0.10 flt=0.12 dmap=+0/-0 shz=4.0 plan=26 cmd=(lx=+0.00,ly=+0.40,rx=+0.00)
  t= 19.9 DWA-F pos=(-0.68,-0.29) yaw=-174.5 d=5.24 goal_err=-45 carrot_err= -40 c0=1.86 clear=1.00 prog=0.22 rel=0.89 bal=+0.49 obs=221 hard=210 obsc=240 yr=  0G nz=0.11 flt=0.01 dmap=+0/-0 shz=4.0 plan=26 cmd=(lx=+0.00,ly=+0.40,rx=+0.45)
  t= 20.3 DWA-F pos=(-0.72,-0.29) yaw=-178.5 d=5.21 goal_err=-41 carrot_err= -31 c0=1.82 clear=1.00 prog=0.23 rel=0.91 bal=+0.50 obs=221 hard=211 obsc=241 yr=  0  nz=0.09 flt=0.00 dmap=+0/-0 shz=4.0 plan=25 cmd=(lx=+0.00,ly=+0.40,rx=+0.00)
  t= 20.8 DWA-F pos=(-0.77,-0.29) yaw=-178.5 d=5.18 goal_err=-42 carrot_err= -32 c0=1.78 clear=1.00 prog=0.24 rel=0.95 bal=+0.51 obs=215 hard=204 obsc=234 yr=  0  nz=0.05 flt=0.00 dmap=+0/-0 shz=4.0 plan=25 cmd=(lx=+0.00,ly=+0.40,rx=+0.00)
  t= 21.2 DWA-F pos=(-0.81,-0.29) yaw=-178.5 d=5.14 goal_err=-42 carrot_err= -33 c0=1.74 clear=1.00 prog=0.25 rel=0.94 bal=+0.52 obs=215 hard=205 obsc=235 yr=  0  nz=0.06 flt=0.00 dmap=+0/-0 shz=4.0 plan=25 cmd=(lx=+0.00,ly=+0.40,rx=+0.00)
  t= 21.7 DWA-F pos=(-0.86,-0.29) yaw=-178.5 d=5.11 goal_err=-42 carrot_err= -35 c0=1.70 clear=1.00 prog=0.25 rel=0.93 bal=+0.50 obs=215 hard=203 obsc=234 yr=  0  nz=0.07 flt=0.00 dmap=+0/-0 shz=4.0 plan=25 cmd=(lx=+0.00,ly=+0.40,rx=+0.00)
  t= 22.1 DWA-F pos=(-0.89,-0.29) yaw=-178.5 d=5.09 goal_err=-42 carrot_err= -36 c0=1.67 clear=1.00 prog=0.23 rel=0.92 bal=+0.49 obs=214 hard=205 obsc=234 yr=  0  nz=0.08 flt=0.00 dmap=+0/-0 shz=4.0 plan=25 cmd=(lx=+0.00,ly=+0.40,rx=+0.00)
  t= 22.6 DWA-F pos=(-0.93,-0.29) yaw=-178.5 d=5.05 goal_err=-43 carrot_err= -38 c0=1.63 clear=1.00 prog=0.23 rel=0.93 bal=+0.31 obs=214 hard=204 obsc=234 yr=  0G nz=0.07 flt=0.00 dmap=+0/-0 shz=4.0 plan=25 cmd=(lx=+0.00,ly=+0.40,rx=+0.45)
  t= 23.0 DWA-F pos=(-0.98,-0.29) yaw=+177.5 d=5.02 goal_err=-39 carrot_err= -36 c0=1.82 clear=1.00 prog=0.23 rel=0.88 bal=+0.30 obs=218 hard=203 obsc=238 yr=  0  nz=0.12 flt=0.12 dmap=+0/-0 shz=4.0 plan=25 cmd=(lx=+0.00,ly=+0.40,rx=+0.00)
  t= 23.4 DWA-F pos=(-1.01,-0.29) yaw=+177.5 d=4.99 goal_err=-39 carrot_err= -39 c0=1.79 clear=1.00 prog=0.22 rel=0.85 bal=+0.29 obs=218 hard=206 obsc=238 yr=  0  nz=0.15 flt=0.02 dmap=+0/-0 shz=4.0 plan=24 cmd=(lx=+0.00,ly=+0.40,rx=+0.45)
  t= 23.9 DWA-F pos=(-1.06,-0.29) yaw=+173.5 d=4.96 goal_err=-36 carrot_err= -36 c0=1.75 clear=1.00 prog=0.23 rel=0.86 bal=+0.27 obs=218 hard=203 obsc=237 yr=  0  nz=0.14 flt=0.15 dmap=+0/-0 shz=4.0 plan=24 cmd=(lx=+0.00,ly=+0.40,rx=+0.00)
  t= 24.3 DWA-F pos=(-1.09,-0.29) yaw=+173.5 d=4.93 goal_err=-36 carrot_err= -37 c0=1.71 clear=1.00 prog=0.23 rel=0.93 bal=+0.27 obs=216 hard=205 obsc=235 yr=  0  nz=0.07 flt=0.02 dmap=+0/-0 shz=3.9 plan=24 cmd=(lx=+0.00,ly=+0.40,rx=+0.00)
  t= 24.8 DWA-F pos=(-1.13,-0.28) yaw=+169.5 d=4.90 goal_err=-32 carrot_err= -28 c0=1.67 clear=1.00 prog=0.24 rel=0.93 bal=+0.25 obs=216 hard=203 obsc=236 yr= 17  nz=0.07 flt=0.14 dmap=+1/-1 shz=4.0 plan=23 cmd=(lx=+0.00,ly=+0.40,rx=+0.00)
  t= 25.2 DWA-F pos=(-1.18,-0.27) yaw=+169.5 d=4.86 goal_err=-32 carrot_err= -29 c0=1.63 clear=1.00 prog=0.25 rel=0.92 bal=+0.25 obs=215 hard=204 obsc=236 yr=  0  nz=0.08 flt=0.02 dmap=+0/-0 shz=3.9 plan=23 cmd=(lx=+0.00,ly=+0.40,rx=+0.00)
  t= 25.7 DWA-F pos=(-1.22,-0.26) yaw=+169.5 d=4.82 goal_err=-33 carrot_err= -30 c0=1.58 clear=1.00 prog=0.26 rel=0.91 bal=+0.24 obs=215 hard=204 obsc=237 yr=  0  nz=0.09 flt=0.00 dmap=+0/-0 shz=4.0 plan=23 cmd=(lx=+0.00,ly=+0.40,rx=+0.00)
  t= 26.1 DWA-F pos=(-1.25,-0.26) yaw=+169.5 d=4.79 goal_err=-33 carrot_err= -31 c0=1.55 clear=1.00 prog=0.26 rel=0.92 bal=+0.23 obs=213 hard=203 obsc=234 yr=  0  nz=0.08 flt=0.02 dmap=+0/-2 shz=3.9 plan=23 cmd=(lx=+0.00,ly=+0.40,rx=+0.00)
  t= 26.6 DWA-F pos=(-1.30,-0.25) yaw=+169.5 d=4.76 goal_err=-33 carrot_err= -32 c0=1.50 clear=1.00 prog=0.26 rel=0.93 bal=+0.22 obs=212 hard=201 obsc=232 yr=  0  nz=0.07 flt=0.02 dmap=+0/-2 shz=4.0 plan=23 cmd=(lx=+0.00,ly=+0.40,rx=+0.00)
  t= 27.0 DWA-F pos=(-1.34,-0.24) yaw=+169.5 d=4.72 goal_err=-34 carrot_err= -34 c0=1.46 clear=0.97 prog=0.26 rel=0.93 bal=+0.21 obs=211 hard=199 obsc=231 yr=  0  nz=0.07 flt=0.02 dmap=+0/-0 shz=3.9 plan=23 cmd=(lx=+0.00,ly=+0.40,rx=+0.00)
  t= 27.4 DWA-F pos=(-1.37,-0.24) yaw=+169.5 d=4.69 goal_err=-34 carrot_err= -35 c0=1.43 clear=0.95 prog=0.25 rel=0.92 bal=+0.21 obs=213 hard=199 obsc=231 yr=  0  nz=0.08 flt=0.00 dmap=+0/-0 shz=4.0 plan=23 cmd=(lx=+0.00,ly=+0.40,rx=+0.00)
  t= 27.9 DWA-F pos=(-1.42,-0.23) yaw=+169.5 d=4.65 goal_err=-34 carrot_err= -18 c0=1.38 clear=0.92 prog=0.26 rel=0.93 bal=+0.20 obs=214 hard=202 obsc=233 yr=  0  nz=0.07 flt=0.00 dmap=+0/-1 shz=3.9 plan=22 cmd=(lx=+0.00,ly=+0.40,rx=+0.00)
  t= 28.3 DWA-F pos=(-1.46,-0.22) yaw=+169.5 d=4.62 goal_err=-34 carrot_err= -19 c0=1.34 clear=0.89 prog=0.26 rel=0.92 bal=+0.20 obs=213 hard=201 obsc=231 yr=  0  nz=0.08 flt=0.02 dmap=+0/-0 shz=4.0 plan=22 cmd=(lx=+0.00,ly=+0.40,rx=+0.00)
  t= 28.8 DWA-F pos=(-1.49,-0.21) yaw=+169.5 d=4.59 goal_err=-35 carrot_err= -20 c0=1.31 clear=0.87 prog=0.25 rel=0.92 bal=+0.06 obs=212 hard=200 obsc=231 yr=  0  nz=0.08 flt=0.01 dmap=+0/-0 shz=3.9 plan=22 cmd=(lx=+0.00,ly=+0.40,rx=+0.00)
  t= 29.2 DWA-F pos=(-1.54,-0.20) yaw=+169.5 d=4.55 goal_err=-35 carrot_err= -21 c0=1.26 clear=0.84 prog=0.26 rel=0.92 bal=+0.06 obs=213 hard=202 obsc=232 yr=  0  nz=0.08 flt=0.02 dmap=+0/-0 shz=4.0 plan=22 cmd=(lx=+0.00,ly=+0.40,rx=+0.00)
  t= 29.7 DWA-F pos=(-1.58,-0.20) yaw=+169.5 d=4.52 goal_err=-35 carrot_err= -26 c0=1.22 clear=0.81 prog=0.26 rel=0.93 bal=+0.06 obs=214 hard=200 obsc=233 yr=  0  nz=0.07 flt=0.02 dmap=+2/-1 shz=3.9 plan=21 cmd=(lx=+0.00,ly=+0.40,rx=+0.00)
  t= 30.1 DWA-F pos=(-1.61,-0.19) yaw=+169.5 d=4.49 goal_err=-36 carrot_err= -26 c0=1.19 clear=0.79 prog=0.24 rel=0.93 bal=+0.06 obs=215 hard=201 obsc=233 yr=  0  nz=0.07 flt=0.00 dmap=+0/-0 shz=4.0 plan=21 cmd=(lx=+0.00,ly=+0.40,rx=+0.00)
  t= 30.5 DWA-F pos=(-1.66,-0.18) yaw=+169.5 d=4.45 goal_err=-36 carrot_err= -28 c0=1.14 clear=0.76 prog=0.26 rel=0.93 bal=+0.06 obs=215 hard=202 obsc=234 yr=  0  nz=0.07 flt=0.01 dmap=+0/-0 shz=4.0 plan=21 cmd=(lx=+0.00,ly=+0.40,rx=+0.00)
  t= 31.0 DWA-F pos=(-1.70,-0.17) yaw=+169.5 d=4.42 goal_err=-36 carrot_err= -22 c0=1.10 clear=0.73 prog=0.26 rel=0.92 bal=+0.06 obs=215 hard=203 obsc=232 yr=  0  nz=0.08 flt=0.02 dmap=+0/-0 shz=4.0 plan=20 cmd=(lx=+0.00,ly=+0.40,rx=+0.00)
  t= 31.4 DWA-F pos=(-1.73,-0.17) yaw=+169.5 d=4.39 goal_err=-36 carrot_err= -23 c0=1.07 clear=0.71 prog=0.24 rel=0.92 bal=+0.06 obs=215 hard=201 obsc=232 yr=  0  nz=0.08 flt=0.02 dmap=+0/-0 shz=4.0 plan=20 cmd=(lx=+0.00,ly=+0.40,rx=+0.00)
  t= 31.9 DWA-F pos=(-1.78,-0.16) yaw=+169.5 d=4.36 goal_err=-37 carrot_err= -24 c0=1.02 clear=0.68 prog=0.26 rel=0.93 bal=+0.06 obs=214 hard=203 obsc=232 yr=  0  nz=0.07 flt=0.00 dmap=+0/-0 shz=4.0 plan=20 cmd=(lx=+0.00,ly=+0.40,rx=+0.00)
  t= 32.3 DWA-F pos=(-1.82,-0.15) yaw=+169.5 d=4.32 goal_err=-37 carrot_err= -25 c0=0.98 clear=0.65 prog=0.26 rel=0.92 bal=+0.05 obs=215 hard=203 obsc=233 yr=  0  nz=0.08 flt=0.01 dmap=+0/-0 shz=4.0 plan=20 cmd=(lx=+0.00,ly=+0.40,rx=+0.00)
  t= 32.8 DWA-F pos=(-1.86,-0.14) yaw=+169.5 d=4.28 goal_err=-37 carrot_err= -26 c0=0.94 clear=0.62 prog=0.25 rel=0.92 bal=+0.04 obs=214 hard=202 obsc=232 yr=  0  nz=0.08 flt=0.01 dmap=+0/-0 shz=4.0 plan=20 cmd=(lx=+0.00,ly=+0.40,rx=+0.00)
  t= 33.2 DWA-F pos=(-1.91,-0.14) yaw=+169.5 d=4.25 goal_err=-38 carrot_err= -27 c0=0.89 clear=0.60 prog=0.25 rel=0.92 bal=+0.04 obs=216 hard=204 obsc=233 yr=  0  nz=0.08 flt=0.01 dmap=+0/-0 shz=4.0 plan=20 cmd=(lx=+0.00,ly=+0.40,rx=+0.00)
  t= 33.7 DWA-F pos=(-1.94,-0.13) yaw=+169.5 d=4.22 goal_err=-38 carrot_err= -30 c0=0.86 clear=0.57 prog=0.25 rel=0.93 bal=+0.03 obs=216 hard=205 obsc=234 yr=  0  nz=0.07 flt=0.01 dmap=+1/-1 shz=4.0 plan=20 cmd=(lx=+0.00,ly=+0.40,rx=+0.00)
  t= 34.1 DWA-F pos=(-1.98,-0.12) yaw=+169.5 d=4.19 goal_err=-39 carrot_err= -22 c0=0.82 clear=0.55 prog=0.25 rel=0.92 bal=+0.03 obs=217 hard=205 obsc=234 yr=  0G nz=0.09 flt=0.02 dmap=+0/-0 shz=4.0 plan=19 cmd=(lx=+0.00,ly=+0.40,rx=+0.00)
  t= 34.5 DWA-F pos=(-2.02,-0.12) yaw=+167.5 d=4.16 goal_err=-37 carrot_err= -21 c0=0.79 clear=0.53 prog=0.23 rel=0.92 bal=+0.03 obs=219 hard=209 obsc=238 yr=  0  nz=0.08 flt=0.00 dmap=+0/-0 shz=4.0 plan=19 cmd=(lx=+0.00,ly=+0.40,rx=+0.00)
  t= 35.0 DWA-F pos=(-2.06,-0.11) yaw=+167.5 d=4.13 goal_err=-37 carrot_err= -22 c0=0.75 clear=0.50 prog=0.25 rel=0.92 bal=+0.03 obs=220 hard=208 obsc=237 yr=  0  nz=0.08 flt=0.00 dmap=+0/-0 shz=4.0 plan=19 cmd=(lx=+0.00,ly=+0.40,rx=+0.00)
  t= 35.4 DWA-F pos=(-2.10,-0.10) yaw=+167.5 d=4.09 goal_err=-38 carrot_err= -25 c0=0.70 clear=0.47 prog=0.25 rel=0.93 bal=-0.09 obs=221 hard=210 obsc=241 yr=  0  nz=0.07 flt=0.00 dmap=+2/-2 shz=4.0 plan=19 cmd=(lx=+0.00,ly=+0.40,rx=+0.00)
  t= 35.9 DWA-F pos=(-2.14,-0.09) yaw=+167.5 d=4.06 goal_err=-38 carrot_err= -26 c0=0.67 clear=0.45 prog=0.23 rel=0.92 bal=-0.24 obs=223 hard=210 obsc=240 yr=  0  nz=0.08 flt=0.02 dmap=+0/-0 shz=4.0 plan=18 cmd=(lx=+0.00,ly=+0.40,rx=+0.00)
  t= 36.3 DWA-F pos=(-2.18,-0.08) yaw=+167.5 d=4.03 goal_err=-38 carrot_err= -27 c0=0.63 clear=0.42 prog=0.23 rel=0.94 bal=-0.53 obs=221 hard=209 obsc=240 yr=  0  nz=0.06 flt=0.01 dmap=+0/-0 shz=3.9 plan=18 cmd=(lx=+0.00,ly=+0.40,rx=+0.00)
  t= 36.8 DWA-F pos=(-2.22,-0.07) yaw=+167.5 d=3.99 goal_err=-39 carrot_err= -28 c0=0.79 clear=0.53 prog=0.24 rel=0.93 bal=-0.55 obs=222 hard=209 obsc=240 yr=  0  nz=0.07 flt=0.01 dmap=+0/-0 shz=4.0 plan=18 cmd=(lx=+0.00,ly=+0.40,rx=+0.00)
  t= 37.2 DWA-F pos=(-2.27,-0.06) yaw=+167.5 d=3.96 goal_err=-39 carrot_err= -29 c0=0.75 clear=0.50 prog=0.24 rel=0.91 bal=-0.55 obs=224 hard=210 obsc=242 yr=  0  nz=0.09 flt=0.00 dmap=+1/-0 shz=4.0 plan=18 cmd=(lx=+0.00,ly=+0.40,rx=+0.00)
  t= 37.7 DWA-F pos=(-2.30,-0.05) yaw=+167.5 d=3.93 goal_err=-39 carrot_err= -30 c0=0.72 clear=0.48 prog=0.23 rel=0.89 bal=-0.55 obs=225 hard=210 obsc=242 yr=  0G nz=0.11 flt=0.02 dmap=+0/-0 shz=4.0 plan=18 cmd=(lx=+0.00,ly=+0.40,rx=+0.45)
  t= 38.1 DWA-F pos=(-2.34,-0.04) yaw=+163.5 d=3.90 goal_err=-36 carrot_err= -28 c0=0.86 clear=0.57 prog=0.25 rel=0.85 bal=-0.61 obs=225 hard=211 obsc=243 yr=  0  nz=0.14 flt=0.00 dmap=+0/-0 shz=4.0 plan=18 cmd=(lx=+0.00,ly=+0.40,rx=+0.00)
  t= 38.5 DWA-F pos=(-2.38,-0.03) yaw=+163.5 d=3.86 goal_err=-36 carrot_err= -29 c0=0.82 clear=0.55 prog=0.25 rel=0.89 bal=-0.54 obs=224 hard=212 obsc=241 yr=  0G nz=0.11 flt=0.01 dmap=+0/-0 shz=4.0 plan=18 cmd=(lx=+0.00,ly=+0.40,rx=+0.45)
  t= 39.0 DWA-F pos=(-2.42,-0.02) yaw=+159.5 d=3.84 goal_err=-32 carrot_err= -26 c0=0.79 clear=0.52 prog=0.24 rel=0.90 bal=-0.54 obs=224 hard=210 obsc=240 yr=  0  nz=0.10 flt=0.03 dmap=+0/-0 shz=4.0 plan=17 cmd=(lx=+0.00,ly=+0.40,rx=+0.00)
  t= 39.4 DWA-F pos=(-2.46,-0.00) yaw=+159.5 d=3.80 goal_err=-33 carrot_err= -27 c0=0.74 clear=0.50 prog=0.24 rel=0.93 bal=-0.49 obs=222 hard=209 obsc=241 yr=  0  nz=0.07 flt=0.02 dmap=+0/-1 shz=4.0 plan=17 cmd=(lx=+0.00,ly=+0.40,rx=+0.00)
  t= 39.9 DWA-F pos=(-2.49,+0.01) yaw=+159.5 d=3.77 goal_err=-33 carrot_err= -29 c0=0.71 clear=0.47 prog=0.25 rel=0.92 bal=-0.50 obs=226 hard=210 obsc=242 yr=  0G nz=0.08 flt=0.01 dmap=+0/-0 shz=4.0 plan=17 cmd=(lx=+0.00,ly=+0.40,rx=+0.45)
  t= 40.3 DWA-F pos=(-2.53,+0.02) yaw=+155.5 d=3.73 goal_err=-29 carrot_err= -24 c0=1.09 clear=0.72 prog=0.24 rel=0.78 bal=-0.50 obs=225 hard=211 obsc=244 yr=  0  nz=0.22 flt=0.19 dmap=+0/-0 shz=4.0 plan=17 cmd=(lx=+0.00,ly=+0.40,rx=+0.00)
  t= 40.8 DWA-F pos=(-2.56,+0.04) yaw=+155.5 d=3.70 goal_err=-30 carrot_err= -25 c0=1.05 clear=0.70 prog=0.26 rel=0.73 bal=-0.37 obs=227 hard=211 obsc=243 yr=  0  nz=0.27 flt=0.02 dmap=+0/-0 shz=4.0 plan=17 cmd=(lx=+0.00,ly=+0.40,rx=+0.00)
  t= 41.2 ENG-F pos=(-2.60,+0.06) yaw=+155.5 d=3.66 goal_err=-30 carrot_err= -26 c0=1.01 clear=0.67 prog=0.26 rel=0.73 bal=-0.37 obs=230 hard=216 obsc=247 yr=  0  nz=0.27 flt=0.00 dmap=+2/-0 shz=4.0 plan=17 cmd=(lx=+0.00,ly=+0.28,rx=+0.00)
  t= 41.6 ENG-F pos=(-2.63,+0.07) yaw=+155.5 d=3.63 goal_err=-30 carrot_err= -27 c0=0.97 clear=0.65 prog=0.25 rel=0.80 bal=-0.37 obs=227 hard=215 obsc=246 yr=  0  nz=0.20 flt=0.02 dmap=+0/-0 shz=4.0 plan=17 cmd=(lx=+0.00,ly=+0.28,rx=+0.00)
  t= 42.1 ENG-F pos=(-2.66,+0.09) yaw=+155.5 d=3.61 goal_err=-30 carrot_err= -28 c0=0.95 clear=0.63 prog=0.24 rel=0.94 bal=-0.37 obs=228 hard=215 obsc=244 yr=  0  nz=0.06 flt=0.02 dmap=+0/-0 shz=4.0 plan=17 cmd=(lx=+0.00,ly=+0.28,rx=+0.00)
  t= 42.5 ENG-F pos=(-2.69,+0.10) yaw=+155.5 d=3.58 goal_err=-31 carrot_err= -29 c0=0.91 clear=0.61 prog=0.23 rel=0.95 bal=-0.37 obs=229 hard=215 obsc=245 yr=  0  nz=0.05 flt=0.01 dmap=+1/-1 shz=3.9 plan=17 cmd=(lx=+0.00,ly=+0.28,rx=+0.00)
  t= 43.0 ENG-F pos=(-2.72,+0.11) yaw=+155.5 d=3.55 goal_err=-31 carrot_err= -21 c0=0.88 clear=0.59 prog=0.23 rel=0.95 bal=-0.37 obs=229 hard=216 obsc=245 yr=  0  nz=0.05 flt=0.02 dmap=+1/-1 shz=4.0 plan=17 cmd=(lx=+0.00,ly=+0.28,rx=+0.00)
  t= 43.4 ENG-F pos=(-2.75,+0.13) yaw=+155.5 d=3.52 goal_err=-31 carrot_err= -21 c0=0.86 clear=0.57 prog=0.21 rel=0.95 bal=-0.36 obs=229 hard=216 obsc=245 yr=  0  nz=0.05 flt=0.01 dmap=+0/-0 shz=4.0 plan=16 cmd=(lx=+0.00,ly=+0.28,rx=+0.00)
  t= 43.8 ENG-F pos=(-2.78,+0.14) yaw=+155.5 d=3.49 goal_err=-32 carrot_err= -22 c0=0.82 clear=0.55 prog=0.21 rel=0.94 bal=-0.30 obs=230 hard=217 obsc=245 yr=  0  nz=0.06 flt=0.02 dmap=+0/-0 shz=4.0 plan=16 cmd=(lx=+0.00,ly=+0.28,rx=+0.00)
  t= 44.3 ENG-F pos=(-2.81,+0.16) yaw=+155.5 d=3.46 goal_err=-32 carrot_err= -23 c0=0.79 clear=0.53 prog=0.22 rel=0.94 bal=-0.30 obs=229 hard=217 obsc=243 yr=  0  nz=0.06 flt=0.01 dmap=+0/-0 shz=4.0 plan=16 cmd=(lx=+0.00,ly=+0.28,rx=+0.00)
  t= 44.7 ENG-F pos=(-2.85,+0.17) yaw=+155.5 d=3.43 goal_err=-32 carrot_err= -24 c0=0.75 clear=0.50 prog=0.22 rel=0.94 bal=-0.31 obs=230 hard=218 obsc=245 yr=  0  nz=0.06 flt=0.02 dmap=+2/-0 shz=4.0 plan=16 cmd=(lx=+0.00,ly=+0.28,rx=+0.00)
  t= 45.1 ENG-F pos=(-2.88,+0.19) yaw=+155.5 d=3.40 goal_err=-32 carrot_err= -25 c0=0.72 clear=0.48 prog=0.23 rel=0.94 bal=-0.31 obs=232 hard=220 obsc=247 yr=  0  nz=0.06 flt=0.01 dmap=+0/-0 shz=4.0 plan=16 cmd=(lx=+0.00,ly=+0.28,rx=+0.00)
  t= 45.6 ENG-F pos=(-2.90,+0.20) yaw=+155.5 d=3.38 goal_err=-33 carrot_err= -26 c0=0.70 clear=0.46 prog=0.22 rel=0.93 bal=-0.19 obs=232 hard=220 obsc=248 yr=  0  nz=0.07 flt=0.00 dmap=+0/-0 shz=4.0 plan=16 cmd=(lx=+0.00,ly=+0.28,rx=+0.00)
  t= 46.0 ENG-T pos=(-2.94,+0.21) yaw=+155.5 d=3.35 goal_err=-33 carrot_err= -27 c0=0.69 clear=0.46 prog=0.22 rel=0.94 bal=-0.20 obs=231 hard=219 obsc=246 yr=  0G nz=0.07 flt=0.01 dmap=+0/-0 shz=4.0 plan=16 cmd=(lx=+0.00,ly=+0.00,rx=+0.45)
  t= 46.5 ENG-F pos=(-2.95,+0.22) yaw=+151.4 d=3.33 goal_err=-29 carrot_err= -24 c0=0.67 clear=0.45 prog=0.19 rel=0.96 bal=-0.20 obs=235 hard=222 obsc=249 yr=  0  nz=0.04 flt=0.01 dmap=+0/-0 shz=4.0 plan=16 cmd=(lx=+0.00,ly=+0.28,rx=+0.00)
  t= 46.9 ENG-F pos=(-2.98,+0.24) yaw=+151.4 d=3.30 goal_err=-30 carrot_err= -25 c0=0.64 clear=0.42 prog=0.19 rel=0.96 bal=-0.20 obs=235 hard=224 obsc=249 yr=  0  nz=0.04 flt=0.01 dmap=+0/-0 shz=4.0 plan=16 cmd=(lx=+0.00,ly=+0.28,rx=+0.00)
  t= 47.3 ENG-T pos=(-3.01,+0.25) yaw=+151.4 d=3.28 goal_err=-30 carrot_err= -26 c0=0.61 clear=0.41 prog=0.20 rel=0.94 bal=-0.20 obs=235 hard=223 obsc=250 yr=  0  nz=0.06 flt=0.00 dmap=+0/-0 shz=4.0 plan=16 cmd=(lx=+0.00,ly=+0.00,rx=+0.45)
  t= 47.8 ENG-F pos=(-3.02,+0.26) yaw=+147.4 d=3.26 goal_err=-26 carrot_err= -23 c0=0.59 clear=0.40 prog=0.17 rel=0.94 bal=-0.24 obs=239 hard=222 obsc=266 yr=  0  nz=0.06 flt=0.01 dmap=+4/-0 shz=4.0 plan=16 cmd=(lx=+0.00,ly=+0.28,rx=+0.00)
  t= 48.2 ENG-F pos=(-3.05,+0.28) yaw=+147.4 d=3.23 goal_err=-26 carrot_err= -24 c0=0.56 clear=0.37 prog=0.20 rel=0.95 bal=-0.25 obs=238 hard=222 obsc=265 yr=  0  nz=0.05 flt=0.01 dmap=+0/-2 shz=4.0 plan=16 cmd=(lx=+0.00,ly=+0.28,rx=+0.00)
  t= 48.7 ENG-T pos=(-3.08,+0.29) yaw=+147.4 d=3.21 goal_err=-26 carrot_err= -25 c0=0.54 clear=0.36 prog=0.19 rel=0.95 bal=-0.25 obs=236 hard=223 obsc=263 yr=  0  nz=0.05 flt=0.00 dmap=+0/-0 shz=4.0 plan=16 cmd=(lx=+0.00,ly=+0.00,rx=+0.45)
  t= 49.1 ENG-F pos=(-3.09,+0.30) yaw=+143.4 d=3.19 goal_err=-22 carrot_err= -21 c0=0.59 clear=0.39 prog=0.17 rel=0.95 bal=-0.25 obs=236 hard=223 obsc=263 yr= 19  nz=0.05 flt=0.00 dmap=+0/-0 shz=4.0 plan=16 cmd=(lx=+0.00,ly=+0.28,rx=+0.00)
  t= 49.5 ENG-F pos=(-3.12,+0.32) yaw=+143.4 d=3.16 goal_err=-23 carrot_err= -18 c0=0.56 clear=0.37 prog=0.19 rel=0.96 bal=-0.20 obs=237 hard=224 obsc=263 yr=  0  nz=0.04 flt=0.00 dmap=+2/-2 shz=4.0 plan=15 cmd=(lx=+0.00,ly=+0.28,rx=+0.00)
  t= 50.0 ENG-T pos=(-3.14,+0.34) yaw=+143.4 d=3.14 goal_err=-23 carrot_err= -18 c0=0.53 clear=0.36 prog=0.18 rel=0.96 bal=-0.19 obs=235 hard=221 obsc=261 yr=  0G nz=0.04 flt=0.00 dmap=+0/-0 shz=4.0 plan=15 cmd=(lx=+0.00,ly=+0.00,rx=+0.45)
  t= 50.4 ENG-F pos=(-3.15,+0.35) yaw=+139.4 d=3.12 goal_err=-19 carrot_err= -15 c0=0.52 clear=0.35 prog=0.17 rel=0.96 bal=-0.19 obs=235 hard=221 obsc=261 yr=  0  nz=0.04 flt=0.01 dmap=+0/-0 shz=4.0 plan=15 cmd=(lx=+0.00,ly=+0.28,rx=+0.00)
  t= 50.8 ENG-F pos=(-3.17,+0.37) yaw=+139.4 d=3.10 goal_err=-19 carrot_err= -15 c0=0.67 clear=0.45 prog=0.16 rel=0.90 bal=+0.44 obs=233 hard=217 obsc=257 yr=  0  nz=0.10 flt=0.00 dmap=+0/-0 shz=3.9 plan=15 cmd=(lx=+0.00,ly=+0.28,rx=+0.00)
  t= 51.3 ENG-F pos=(-3.18,+0.37) yaw=+135.4 d=3.08 goal_err=-15 carrot_err= -12 c0=0.66 clear=0.44 prog=0.16 rel=0.88 bal=+0.45 obs=247 hard=230 obsc=271 yr= 19  nz=0.12 flt=0.38 dmap=+13/-0 shz=4.0 plan=15 cmd=(lx=+0.00,ly=+0.28,rx=+0.00)
  t= 51.7 ENG-F pos=(-3.20,+0.39) yaw=+135.4 d=3.06 goal_err=-15 carrot_err= -12 c0=1.34 clear=0.90 prog=0.16 rel=0.58 bal=+0.46 obs=247 hard=232 obsc=272 yr=  0  nz=0.41 flt=0.00 dmap=+0/-0 shz=4.0 plan=15 cmd=(lx=+0.00,ly=+0.28,rx=+0.00)
  t= 52.2 ENG-F pos=(-3.21,+0.41) yaw=+133.4 d=3.04 goal_err=-13 carrot_err= -10 c0=1.06 clear=0.71 prog=0.17 rel=0.59 bal=+0.47 obs=248 hard=236 obsc=274 yr= 19G nz=0.41 flt=0.00 dmap=+0/-0 shz=4.0 plan=15 cmd=(lx=+0.00,ly=+0.28,rx=+0.00)
  t= 52.6 ENG-F pos=(-3.23,+0.42) yaw=+131.4 d=3.02 goal_err=-12 carrot_err=  -9 c0=0.86 clear=0.57 prog=0.16 rel=0.56 bal=+0.48 obs=247 hard=234 obsc=272 yr=  0  nz=0.43 flt=0.00 dmap=+1/-1 shz=4.0 plan=15 cmd=(lx=+0.00,ly=+0.28,rx=+0.00)
  t= 53.0 ENG-AL. pos=(-3.24,+0.44) yaw=+131.4 d=3.00 goal_err=-12 carrot_err=  -9 c0=0.84 clear=0.56 prog=0.15 rel=0.69 bal=+0.49 obs=245 hard=233 obsc=271 yr=  0G nz=0.30 flt=0.01 dmap=+0/-0 shz=4.0 plan=15 cmd=(lx=+0.00,ly=+0.00,rx=+0.00)
  t= 53.5 ENG-GO pos=(-3.25,+0.45) yaw=+129.4 d=2.98 goal_err=-10 carrot_err=  -7 c0=1.37 clear=0.91 prog=0.15 rel=0.68 bal=-0.12 obs=247 hard=234 obsc=271 yr=  0  nz=0.32 flt=0.00 dmap=+0/-0 shz=4.0 plan=15 cmd=(lx=+0.00,ly=+0.28,rx=+0.00)
  t= 53.9 ENG-GO pos=(-3.27,+0.47) yaw=+129.4 d=2.95 goal_err=-10 carrot_err=  -7 c0=1.34 clear=0.90 prog=0.15 rel=0.62 bal=+0.51 obs=242 hard=233 obsc=269 yr=  0  nz=0.38 flt=0.00 dmap=+0/-0 shz=4.0 plan=15 cmd=(lx=+0.00,ly=+0.28,rx=+0.00)
  t= 54.4 ENG-GO pos=(-3.28,+0.49) yaw=+129.4 d=2.93 goal_err=-10 carrot_err=  -8 c0=1.32 clear=0.88 prog=0.17 rel=0.62 bal=+0.52 obs=243 hard=230 obsc=269 yr=  0  nz=0.38 flt=0.00 dmap=+0/-1 shz=4.0 plan=15 cmd=(lx=+0.00,ly=+0.28,rx=+0.00)
  t= 54.8 ENG-GO pos=(-3.31,+0.52) yaw=+129.4 d=2.90 goal_err=-10 carrot_err=  -3 c0=1.29 clear=0.86 prog=0.18 rel=0.94 bal=+0.54 obs=244 hard=229 obsc=268 yr=  0  nz=0.06 flt=0.01 dmap=+1/-0 shz=4.0 plan=15 cmd=(lx=+0.00,ly=+0.28,rx=+0.00)
  t= 55.2 ENG-GO pos=(-3.33,+0.55) yaw=+129.4 d=2.86 goal_err=-10 carrot_err=  -4 c0=1.26 clear=0.84 prog=0.23 rel=0.94 bal=+0.56 obs=245 hard=230 obsc=269 yr=  0  nz=0.06 flt=0.00 dmap=+0/-0 shz=4.0 plan=15 cmd=(lx=+0.00,ly=+0.28,rx=+0.00)
  t= 55.7 ENG-GO pos=(-3.35,+0.57) yaw=+129.4 d=2.83 goal_err=-10 carrot_err=  -1 c0=1.23 clear=0.82 prog=0.23 rel=0.94 bal=+0.16 obs=245 hard=231 obsc=269 yr=  0  nz=0.06 flt=0.02 dmap=+0/-0 shz=4.0 plan=13 cmd=(lx=+0.00,ly=+0.28,rx=+0.00)
  t= 56.1 ENG-GO pos=(-3.37,+0.59) yaw=+129.4 d=2.80 goal_err=-10 carrot_err=  -1 c0=1.20 clear=0.80 prog=0.25 rel=0.94 bal=+0.17 obs=244 hard=232 obsc=269 yr=  0  nz=0.06 flt=0.02 dmap=+0/-1 shz=4.0 plan=13 cmd=(lx=+0.00,ly=+0.28,rx=+0.00)
  t= 56.5 ENG-GO pos=(-3.39,+0.61) yaw=+129.4 d=2.77 goal_err=-10 carrot_err=  -1 c0=1.17 clear=0.78 prog=0.24 rel=0.95 bal=+0.02 obs=246 hard=234 obsc=272 yr=  0  nz=0.05 flt=0.00 dmap=+0/-0 shz=4.0 plan=13 cmd=(lx=+0.00,ly=+0.28,rx=+0.00)
  t= 57.0 ENG-GO pos=(-3.41,+0.64) yaw=+129.4 d=2.74 goal_err=-11 carrot_err=  -1 c0=1.14 clear=0.76 prog=0.24 rel=0.94 bal=+0.02 obs=246 hard=232 obsc=271 yr=  0  nz=0.06 flt=0.02 dmap=+0/-0 shz=4.0 plan=13 cmd=(lx=+0.00,ly=+0.28,rx=+0.00)
  t= 57.4 ENG-GO pos=(-3.43,+0.66) yaw=+129.4 d=2.71 goal_err=-11 carrot_err=  -1 c0=1.11 clear=0.74 prog=0.24 rel=0.94 bal=-0.00 obs=246 hard=233 obsc=271 yr=  0  nz=0.06 flt=0.00 dmap=+0/-0 shz=4.0 plan=13 cmd=(lx=+0.00,ly=+0.28,rx=+0.00)
  t= 57.9 ENG-GO pos=(-3.45,+0.69) yaw=+129.4 d=2.68 goal_err=-11 carrot_err=  -1 c0=1.08 clear=0.72 prog=0.24 rel=0.95 bal=-0.08 obs=242 hard=233 obsc=268 yr=  0  nz=0.05 flt=0.00 dmap=+0/-3 shz=4.0 plan=13 cmd=(lx=+0.00,ly=+0.28,rx=+0.00)
  t= 58.3 ENG-GO pos=(-3.47,+0.72) yaw=+129.4 d=2.64 goal_err=-11 carrot_err=  -2 c0=1.05 clear=0.70 prog=0.26 rel=0.94 bal=-0.09 obs=242 hard=229 obsc=265 yr=  0  nz=0.06 flt=0.02 dmap=+0/-0 shz=4.0 plan=13 cmd=(lx=+0.00,ly=+0.28,rx=+0.00)
  t= 58.7 ENG-GO pos=(-3.49,+0.74) yaw=+129.4 d=2.61 goal_err=-11 carrot_err=  -2 c0=1.02 clear=0.68 prog=0.24 rel=0.94 bal=+0.03 obs=242 hard=227 obsc=265 yr=  0  nz=0.06 flt=0.02 dmap=+0/-0 shz=4.0 plan=12 cmd=(lx=+0.00,ly=+0.28,rx=+0.00)
  t= 59.2 ENG-GO pos=(-3.51,+0.77) yaw=+129.4 d=2.58 goal_err=-11 carrot_err=  -2 c0=0.99 clear=0.66 prog=0.26 rel=0.94 bal=+0.03 obs=241 hard=227 obsc=264 yr=  0  nz=0.06 flt=0.00 dmap=+1/-0 shz=4.0 plan=12 cmd=(lx=+0.00,ly=+0.28,rx=+0.00)
  t= 59.6 ENG-GO pos=(-3.53,+0.79) yaw=+129.4 d=2.55 goal_err=-11 carrot_err=  -2 c0=1.05 clear=0.70 prog=0.24 rel=0.95 bal=+0.03 obs=240 hard=227 obsc=263 yr=  0  nz=0.05 flt=0.00 dmap=+0/-0 shz=4.0 plan=12 cmd=(lx=+0.00,ly=+0.28,rx=+0.00)
  t= 60.0 ENG-GO pos=(-3.55,+0.82) yaw=+129.4 d=2.52 goal_err=-11 carrot_err=  -2 c0=1.03 clear=0.69 prog=0.24 rel=0.95 bal=+0.03 obs=240 hard=228 obsc=264 yr=  0  nz=0.05 flt=0.01 dmap=+0/-0 shz=4.0 plan=12 cmd=(lx=+0.00,ly=+0.28,rx=+0.00)
  t= 60.5 ENG-GO pos=(-3.57,+0.84) yaw=+129.4 d=2.48 goal_err=-12 carrot_err=  +0 c0=1.00 clear=0.66 prog=0.25 rel=0.95 bal=+0.03 obs=240 hard=226 obsc=264 yr=  0  nz=0.05 flt=0.00 dmap=+0/-0 shz=4.0 plan=12 cmd=(lx=+0.00,ly=+0.28,rx=+0.00)
  t= 60.9 ENG-GO pos=(-3.59,+0.87) yaw=+129.4 d=2.45 goal_err=-12 carrot_err=  +0 c0=0.97 clear=0.65 prog=0.24 rel=0.95 bal=+0.03 obs=238 hard=226 obsc=262 yr=  0  nz=0.05 flt=0.03 dmap=+0/-1 shz=4.0 plan=12 cmd=(lx=+0.00,ly=+0.28,rx=+0.00)
  t= 61.4 ENG-GO pos=(-3.61,+0.89) yaw=+129.4 d=2.42 goal_err=-12 carrot_err=  +0 c0=0.94 clear=0.62 prog=0.25 rel=0.95 bal=-0.10 obs=238 hard=225 obsc=262 yr=  0  nz=0.05 flt=0.00 dmap=+2/-0 shz=4.0 plan=12 cmd=(lx=+0.00,ly=+0.28,rx=+0.00)
  t= 61.8 ENG-GO pos=(-3.64,+0.92) yaw=+129.4 d=2.38 goal_err=-12 carrot_err=  +0 c0=0.90 clear=0.60 prog=0.25 rel=0.94 bal=-0.10 obs=238 hard=224 obsc=262 yr=  0  nz=0.06 flt=0.00 dmap=+0/-0 shz=4.0 plan=11 cmd=(lx=+0.00,ly=+0.28,rx=+0.00)
  t= 62.2 ENG-GO pos=(-3.65,+0.94) yaw=+129.4 d=2.36 goal_err=-12 carrot_err=  +0 c0=0.88 clear=0.58 prog=0.24 rel=0.94 bal=-0.09 obs=237 hard=222 obsc=260 yr=  0  nz=0.07 flt=0.00 dmap=+0/-0 shz=4.0 plan=11 cmd=(lx=+0.00,ly=+0.28,rx=+0.00)
  t= 62.7 ENG-GO pos=(-3.68,+0.97) yaw=+129.4 d=2.32 goal_err=-12 carrot_err=  +0 c0=0.84 clear=0.56 prog=0.24 rel=0.93 bal=+0.02 obs=236 hard=224 obsc=260 yr=  0  nz=0.07 flt=0.00 dmap=+1/-1 shz=4.0 plan=11 cmd=(lx=+0.00,ly=+0.28,rx=+0.00)
  t= 63.1 ENG-GO pos=(-3.70,+1.00) yaw=+129.4 d=2.29 goal_err=-13 carrot_err=  +0 c0=0.81 clear=0.54 prog=0.25 rel=0.94 bal=+0.02 obs=236 hard=224 obsc=259 yr=  0  nz=0.06 flt=0.01 dmap=+1/-0 shz=4.0 plan=11 cmd=(lx=+0.00,ly=+0.28,rx=+0.00)
  t= 63.6 ENG-GO pos=(-3.72,+1.02) yaw=+129.4 d=2.26 goal_err=-13 carrot_err=  +2 c0=0.78 clear=0.52 prog=0.24 rel=0.94 bal=+0.01 obs=236 hard=224 obsc=259 yr=  0  nz=0.06 flt=0.00 dmap=+0/-0 shz=4.0 plan=11 cmd=(lx=+0.00,ly=+0.28,rx=+0.00)
  t= 64.0 ENG-GO pos=(-3.74,+1.05) yaw=+129.4 d=2.23 goal_err=-13 carrot_err=  +2 c0=0.75 clear=0.50 prog=0.26 rel=0.95 bal=+0.01 obs=232 hard=220 obsc=254 yr=  0  nz=0.05 flt=0.00 dmap=+0/-0 shz=4.0 plan=11 cmd=(lx=+0.00,ly=+0.28,rx=+0.00)
  t= 64.4 ENG-GO pos=(-3.76,+1.07) yaw=+129.4 d=2.20 goal_err=-13 carrot_err=  +2 c0=0.72 clear=0.48 prog=0.24 rel=0.94 bal=+0.00 obs=233 hard=221 obsc=255 yr=  0  nz=0.06 flt=0.00 dmap=+0/-1 shz=4.0 plan=11 cmd=(lx=+0.00,ly=+0.28,rx=+0.00)
  t= 64.9 ENG-GO pos=(-3.78,+1.09) yaw=+129.4 d=2.16 goal_err=-13 carrot_err=  +2 c0=0.69 clear=0.46 prog=0.24 rel=0.95 bal=-0.00 obs=234 hard=220 obsc=255 yr=  0  nz=0.05 flt=0.00 dmap=+1/-0 shz=4.0 plan=11 cmd=(lx=+0.00,ly=+0.28,rx=+0.00)
  t= 65.3 ENG-GO pos=(-3.80,+1.12) yaw=+129.4 d=2.14 goal_err=-14 carrot_err=  +2 c0=0.94 clear=0.62 prog=0.24 rel=0.86 bal=-0.01 obs=234 hard=220 obsc=255 yr=  0  nz=0.14 flt=0.01 dmap=+1/-0 shz=4.0 plan=11 cmd=(lx=+0.00,ly=+0.28,rx=+0.00)
  t= 65.7 ENG-GO pos=(-3.82,+1.14) yaw=+129.4 d=2.10 goal_err=-14 carrot_err=  +2 c0=0.90 clear=0.60 prog=0.24 rel=0.82 bal=-0.02 obs=230 hard=218 obsc=254 yr=  0  nz=0.18 flt=0.01 dmap=+0/-0 shz=4.0 plan=11 cmd=(lx=+0.00,ly=+0.28,rx=+0.00)
  t= 66.2 ENG-GO pos=(-3.84,+1.17) yaw=+129.4 d=2.07 goal_err=-14 carrot_err=  -5 c0=0.87 clear=0.58 prog=0.25 rel=0.83 bal=-0.05 obs=232 hard=218 obsc=253 yr=  0  nz=0.17 flt=0.01 dmap=+0/-1 shz=4.0 plan=11 cmd=(lx=+0.00,ly=+0.28,rx=+0.00)
  t= 66.6 ENG-GO pos=(-3.86,+1.19) yaw=+129.4 d=2.04 goal_err=-14 carrot_err=  +2 c0=0.85 clear=0.56 prog=0.24 rel=0.95 bal=-0.02 obs=231 hard=218 obsc=253 yr=  0  nz=0.05 flt=0.01 dmap=+0/-2 shz=4.0 plan=10 cmd=(lx=+0.00,ly=+0.28,rx=+0.00)
  t= 67.0 ENG-GO pos=(-3.88,+1.22) yaw=+129.4 d=2.01 goal_err=-14 carrot_err=  +2 c0=0.81 clear=0.54 prog=0.24 rel=0.95 bal=+0.10 obs=230 hard=218 obsc=252 yr=  0  nz=0.05 flt=0.01 dmap=+0/-0 shz=4.0 plan=10 cmd=(lx=+0.00,ly=+0.28,rx=+0.00)
  t= 67.5 ENG-GO pos=(-3.91,+1.25) yaw=+129.4 d=1.97 goal_err=-15 carrot_err=  +2 c0=0.78 clear=0.52 prog=0.25 rel=0.93 bal=+0.10 obs=231 hard=219 obsc=252 yr=  0  nz=0.07 flt=0.02 dmap=+0/-0 shz=4.0 plan=10 cmd=(lx=+0.00,ly=+0.28,rx=+0.00)
  t= 67.9 ENG-GO pos=(-3.93,+1.28) yaw=+129.4 d=1.94 goal_err=-15 carrot_err=  -6 c0=0.75 clear=0.50 prog=0.25 rel=0.93 bal=+0.04 obs=229 hard=217 obsc=251 yr=  0  nz=0.07 flt=0.00 dmap=+1/-2 shz=4.0 plan=10 cmd=(lx=+0.00,ly=+0.28,rx=+0.00)
  t= 68.3 ENG-GO pos=(-3.95,+1.30) yaw=+129.4 d=1.90 goal_err=-15 carrot_err= -13 c0=1.54 clear=1.00 prog=0.27 rel=0.56 bal=+0.03 obs=229 hard=214 obsc=249 yr=  0  nz=0.45 flt=0.01 dmap=+0/-0 shz=4.0 plan=10 cmd=(lx=+0.00,ly=+0.28,rx=+0.00)
  t= 68.8 ENG-GO pos=(-3.97,+1.32) yaw=+129.4 d=1.88 goal_err=-15 carrot_err= -13 c0=1.51 clear=1.00 prog=0.25 rel=0.40 bal=+0.02 obs=225 hard=210 obsc=245 yr=  0  nz=0.60 flt=0.00 dmap=+0/-0 shz=4.0 plan=10 cmd=(lx=+0.00,ly=+0.28,rx=+0.00)
  t= 69.2 ENG-GO pos=(-3.99,+1.35) yaw=+129.4 d=1.84 goal_err=-16 carrot_err= -14 c0=1.48 clear=0.98 prog=0.25 rel=0.46 bal=+0.01 obs=224 hard=211 obsc=245 yr=  0  nz=0.54 flt=0.01 dmap=+0/-0 shz=4.0 plan=10 cmd=(lx=+0.00,ly=+0.28,rx=+0.00)
  t= 69.7 ENG-GO pos=(-4.01,+1.38) yaw=+129.4 d=1.81 goal_err=-16 carrot_err= -14 c0=1.44 clear=0.96 prog=0.25 rel=0.94 bal=-0.00 obs=227 hard=214 obsc=246 yr=  0  nz=0.06 flt=0.00 dmap=+2/-0 shz=4.0 plan=9 cmd=(lx=+0.00,ly=+0.28,rx=+0.00)
  t= 70.1 ENG-GO pos=(-4.04,+1.41) yaw=+129.4 d=1.77 goal_err=-16 carrot_err= -15 c0=1.41 clear=0.94 prog=0.25 rel=0.94 bal=-0.02 obs=227 hard=216 obsc=248 yr=  0  nz=0.06 flt=0.00 dmap=+0/-0 shz=4.0 plan=9 cmd=(lx=+0.00,ly=+0.28,rx=+0.00)
  t= 70.5 ENG-GO pos=(-4.05,+1.43) yaw=+129.4 d=1.75 goal_err=-17 carrot_err= -15 c0=1.38 clear=0.92 prog=0.23 rel=0.94 bal=+0.13 obs=227 hard=214 obsc=247 yr=  0  nz=0.06 flt=0.00 dmap=+0/-0 shz=4.0 plan=9 cmd=(lx=+0.00,ly=+0.28,rx=+0.00)
  t= 71.0 ENG-GO pos=(-4.08,+1.46) yaw=+129.4 d=1.71 goal_err=-17 carrot_err= -16 c0=1.35 clear=0.90 prog=0.25 rel=0.94 bal=-0.00 obs=227 hard=213 obsc=246 yr=  0  nz=0.06 flt=0.01 dmap=+1/-2 shz=3.9 plan=9 cmd=(lx=+0.00,ly=+0.28,rx=+0.00)
  t= 71.4 ENG-GO pos=(-4.10,+1.48) yaw=+129.4 d=1.68 goal_err=-17 carrot_err= -17 c0=1.31 clear=0.88 prog=0.25 rel=0.94 bal=+0.08 obs=227 hard=214 obsc=246 yr=  0  nz=0.06 flt=0.01 dmap=+0/-0 shz=4.0 plan=9 cmd=(lx=+0.00,ly=+0.28,rx=+0.00)
  t= 71.9 ENG-GO pos=(-4.12,+1.51) yaw=+129.4 d=1.65 goal_err=-18 carrot_err= -11 c0=1.29 clear=0.86 prog=0.23 rel=0.94 bal=+0.07 obs=227 hard=214 obsc=246 yr=  0  nz=0.06 flt=0.00 dmap=+0/-0 shz=3.9 plan=9 cmd=(lx=+0.00,ly=+0.28,rx=+0.00)
  t= 72.3 ENG-GO pos=(-4.14,+1.53) yaw=+129.4 d=1.62 goal_err=-18 carrot_err= -11 c0=1.25 clear=0.83 prog=0.25 rel=0.94 bal=+0.06 obs=230 hard=217 obsc=250 yr=  0  nz=0.06 flt=0.01 dmap=+1/-0 shz=4.0 plan=9 cmd=(lx=+0.00,ly=+0.28,rx=+0.00)
  t= 72.7 ENG-GO pos=(-4.16,+1.56) yaw=+129.4 d=1.58 goal_err=-18 carrot_err= -12 c0=1.22 clear=0.81 prog=0.25 rel=0.93 bal=-0.57 obs=232 hard=218 obsc=252 yr=  0  nz=0.07 flt=0.00 dmap=+1/-1 shz=4.0 plan=8 cmd=(lx=+0.00,ly=+0.28,rx=+0.00)
  t= 73.2 ENG-GO pos=(-4.18,+1.58) yaw=+129.4 d=1.56 goal_err=-19 carrot_err= -12 c0=1.19 clear=0.80 prog=0.23 rel=0.94 bal=-0.59 obs=232 hard=216 obsc=251 yr=  0  nz=0.06 flt=0.01 dmap=+0/-0 shz=4.0 plan=8 cmd=(lx=+0.00,ly=+0.28,rx=+0.00)
  t= 73.6 ENG-GO pos=(-4.20,+1.61) yaw=+129.4 d=1.52 goal_err=-19 carrot_err= -13 c0=1.16 clear=0.77 prog=0.25 rel=0.94 bal=-0.60 obs=235 hard=219 obsc=254 yr=  0  nz=0.06 flt=0.01 dmap=+0/-0 shz=4.0 plan=8 cmd=(lx=+0.00,ly=+0.28,rx=+0.00)
  t= 74.0 ENG-GO pos=(-4.22,+1.63) yaw=+129.4 d=1.50 goal_err=-19 carrot_err= -13 c0=1.13 clear=0.76 prog=0.23 rel=0.94 bal=-0.49 obs=237 hard=223 obsc=257 yr=  0  nz=0.06 flt=0.00 dmap=+0/-0 shz=4.0 plan=8 cmd=(lx=+0.00,ly=+0.28,rx=+0.00)
  t= 74.5 ENG-GO pos=(-4.24,+1.66) yaw=+129.4 d=1.47 goal_err=-20 carrot_err= -14 c0=1.10 clear=0.73 prog=0.23 rel=0.94 bal=-0.39 obs=237 hard=223 obsc=256 yr=  0  nz=0.06 flt=0.00 dmap=+2/-0 shz=4.0 plan=8 cmd=(lx=+0.00,ly=+0.28,rx=+0.00)
  t= 74.9 ENG-GO pos=(-4.27,+1.69) yaw=+129.4 d=1.43 goal_err=-20 carrot_err= -14 c0=1.07 clear=0.71 prog=0.23 rel=0.94 bal=-0.16 obs=238 hard=224 obsc=258 yr=  0  nz=0.06 flt=0.01 dmap=+2/-0 shz=4.0 plan=8 cmd=(lx=+0.00,ly=+0.28,rx=+0.00)
  t= 75.3 ENG-GO pos=(-4.28,+1.71) yaw=+129.4 d=1.41 goal_err=-21 carrot_err= -15 c0=1.04 clear=0.69 prog=0.23 rel=0.93 bal=-0.17 obs=240 hard=226 obsc=259 yr=  0  nz=0.07 flt=0.01 dmap=+0/-0 shz=4.0 plan=8 cmd=(lx=+0.00,ly=+0.28,rx=+0.00)
  t= 75.8 ENG-GO pos=(-4.31,+1.73) yaw=+129.4 d=1.37 goal_err=-21 carrot_err= -21 c0=1.01 clear=0.67 prog=0.23 rel=0.94 bal=-0.28 obs=241 hard=226 obsc=260 yr=  0  nz=0.06 flt=0.00 dmap=+0/-0 shz=4.0 plan=7 cmd=(lx=+0.00,ly=+0.28,rx=+0.00)
  t= 76.2 ENG-GO pos=(-4.33,+1.76) yaw=+129.4 d=1.34 goal_err=-22 carrot_err= -21 c0=0.98 clear=0.65 prog=0.24 rel=0.94 bal=-0.29 obs=240 hard=223 obsc=258 yr=  0  nz=0.06 flt=0.00 dmap=+0/-0 shz=4.0 plan=7 cmd=(lx=+0.00,ly=+0.28,rx=+0.00)
  t= 76.7 ENG-GO pos=(-4.35,+1.78) yaw=+129.4 d=1.31 goal_err=-22 carrot_err= -22 c0=0.95 clear=0.63 prog=0.23 rel=0.94 bal=-0.30 obs=239 hard=223 obsc=258 yr=  0  nz=0.06 flt=0.00 dmap=+0/-0 shz=4.0 plan=7 cmd=(lx=+0.00,ly=+0.28,rx=+0.00)
  t= 77.1 DWA-F pos=(-4.37,+1.81) yaw=+129.4 d=1.28 goal_err=-23 carrot_err= -23 c0=1.02 clear=0.68 prog=0.23 rel=0.95 bal=-0.31 obs=239 hard=225 obsc=259 yr=  0  nz=0.05 flt=0.00 dmap=+0/-0 shz=4.0 plan=7 cmd=(lx=+0.00,ly=+0.40,rx=+0.00)
  t= 77.6 DWA-F pos=(-4.40,+1.85) yaw=+129.4 d=1.24 goal_err=-24 carrot_err= -24 c0=0.97 clear=0.65 prog=0.25 rel=0.96 bal=-0.43 obs=240 hard=227 obsc=258 yr=  0  nz=0.04 flt=0.01 dmap=+0/-0 shz=4.0 plan=7 cmd=(lx=+0.00,ly=+0.40,rx=+0.00)
  t= 78.0 DWA-F pos=(-4.42,+1.87) yaw=+129.4 d=1.21 goal_err=-24 carrot_err= -25 c0=0.94 clear=0.63 prog=0.25 rel=0.95 bal=-0.43 obs=239 hard=225 obsc=258 yr=  0  nz=0.05 flt=0.01 dmap=+1/-2 shz=4.0 plan=7 cmd=(lx=+0.00,ly=+0.40,rx=+0.00)
  t= 78.4 DWA-F pos=(-4.45,+1.91) yaw=+129.4 d=1.17 goal_err=-25 carrot_err= -18 c0=0.90 clear=0.60 prog=0.28 rel=0.93 bal=-0.44 obs=239 hard=225 obsc=258 yr=  0  nz=0.07 flt=0.00 dmap=+0/-2 shz=4.0 plan=7 cmd=(lx=+0.00,ly=+0.40,rx=+0.00)
  t= 78.9 DWA-F pos=(-4.47,+1.94) yaw=+129.4 d=1.13 goal_err=-26 carrot_err= -19 c0=0.86 clear=0.57 prog=0.28 rel=0.93 bal=-0.40 obs=239 hard=225 obsc=257 yr=  0  nz=0.07 flt=0.00 dmap=+0/-0 shz=4.0 plan=6 cmd=(lx=+0.00,ly=+0.40,rx=+0.00)
  t= 79.3 DWA-F pos=(-4.50,+1.97) yaw=+129.4 d=1.10 goal_err=-27 carrot_err= -19 c0=0.83 clear=0.55 prog=0.27 rel=0.92 bal=-0.49 obs=228 hard=221 obsc=235 yr=  0  nz=0.08 flt=0.01 dmap=+0/-0 shz=4.0 plan=6 cmd=(lx=+0.00,ly=+0.40,rx=+0.00)
  t= 79.7 DWA-F pos=(-4.52,+2.00) yaw=+129.4 d=1.06 goal_err=-28 carrot_err= -20 c0=0.78 clear=0.52 prog=0.29 rel=0.93 bal=-0.49 obs=230 hard=224 obsc=237 yr=  0  nz=0.07 flt=0.00 dmap=+1/-1 shz=4.0 plan=6 cmd=(lx=+0.00,ly=+0.40,rx=+0.00)
  t= 80.2 DWA-F pos=(-4.55,+2.03) yaw=+129.4 d=1.03 goal_err=-29 carrot_err= -21 c0=0.75 clear=0.50 prog=0.27 rel=0.94 bal=-0.49 obs=229 hard=222 obsc=236 yr=  0  nz=0.07 flt=0.02 dmap=+0/-1 shz=4.0 plan=6 cmd=(lx=+0.00,ly=+0.40,rx=+0.00)
  t= 80.6 DWA-F pos=(-4.57,+2.06) yaw=+129.4 d=0.99 goal_err=-30 carrot_err= -22 c0=0.71 clear=0.47 prog=0.26 rel=0.93 bal=-0.50 obs=229 hard=220 obsc=235 yr=  0  nz=0.07 flt=0.00 dmap=+0/-0 shz=4.0 plan=6 cmd=(lx=+0.00,ly=+0.40,rx=+0.00)
  t= 81.1 DWA-F pos=(-4.60,+2.10) yaw=+129.4 d=0.95 goal_err=-32 carrot_err= -24 c0=0.67 clear=0.45 prog=0.28 rel=0.92 bal=-0.50 obs=232 hard=224 obsc=239 yr=  0  nz=0.08 flt=0.00 dmap=+0/-0 shz=4.0 plan=6 cmd=(lx=+0.00,ly=+0.40,rx=+0.00)
  t= 81.5 DWA-F pos=(-4.63,+2.13) yaw=+129.4 d=0.92 goal_err=-33 carrot_err= -28 c0=0.90 clear=0.60 prog=0.27 rel=0.92 bal=-0.51 obs=233 hard=225 obsc=240 yr=  0  nz=0.08 flt=0.01 dmap=+2/-1 shz=4.0 plan=6 cmd=(lx=+0.00,ly=+0.40,rx=+0.00)
  t= 82.0 DWA-F pos=(-4.66,+2.16) yaw=+129.4 d=0.88 goal_err=-35 carrot_err= -30 c0=0.86 clear=0.57 prog=0.28 rel=0.83 bal=-0.52 obs=233 hard=224 obsc=240 yr=  0G nz=0.17 flt=0.00 dmap=+0/-0 shz=4.0 plan=5 cmd=(lx=+0.00,ly=+0.40,rx=+0.45)
  t= 82.4 DWA-F pos=(-4.68,+2.20) yaw=+125.4 d=0.84 goal_err=-32 carrot_err= -27 c0=1.22 clear=0.81 prog=0.28 rel=0.70 bal=-0.52 obs=240 hard=233 obsc=248 yr=  0  nz=0.30 flt=0.10 dmap=+1/-0 shz=4.0 plan=5 cmd=(lx=+0.00,ly=+0.40,rx=+0.00)
  t= 82.8 DWA-F pos=(-4.71,+2.24) yaw=+125.4 d=0.80 goal_err=-34 carrot_err= -29 c0=1.17 clear=0.78 prog=0.28 rel=0.68 bal=-0.50 obs=240 hard=232 obsc=247 yr=  0  nz=0.32 flt=0.01 dmap=+0/-0 shz=4.0 plan=5 cmd=(lx=+0.00,ly=+0.40,rx=+0.00)
  t= 83.3 DWA-F pos=(-4.73,+2.26) yaw=+125.4 d=0.78 goal_err=-35 carrot_err= -30 c0=1.14 clear=0.76 prog=0.27 rel=0.74 bal=-0.39 obs=241 hard=234 obsc=249 yr=  0  nz=0.26 flt=0.00 dmap=+1/-2 shz=4.0 plan=5 cmd=(lx=+0.00,ly=+0.40,rx=+0.45)
  t= 83.7 DWA-F pos=(-4.75,+2.30) yaw=+119.4 d=0.74 goal_err=-31 carrot_err= -26 c0=1.10 clear=0.73 prog=0.26 rel=0.92 bal=-0.39 obs=240 hard=232 obsc=247 yr= 18  nz=0.08 flt=0.01 dmap=+0/-2 shz=4.0 plan=5 cmd=(lx=+0.00,ly=+0.40,rx=+0.00)
  t= 84.2 DWA-F pos=(-4.78,+2.34) yaw=+119.4 d=0.70 goal_err=-33 carrot_err= -27 c0=1.06 clear=0.70 prog=0.27 rel=0.92 bal=-0.39 obs=238 hard=230 obsc=245 yr=  0  nz=0.08 flt=0.00 dmap=+0/-0 shz=4.0 plan=5 cmd=(lx=+0.00,ly=+0.40,rx=+0.00)
  t= 84.6 DWA-F pos=(-4.80,+2.38) yaw=+117.4 d=0.67 goal_err=-33 carrot_err= -27 c0=1.02 clear=0.68 prog=0.26 rel=0.91 bal=-0.39 obs=236 hard=231 obsc=244 yr= 18G nz=0.09 flt=0.01 dmap=+0/-0 shz=4.0 plan=5 cmd=(lx=+0.00,ly=+0.40,rx=+0.00)
  t= 85.0 DWA-F pos=(-4.82,+2.42) yaw=+115.3 d=0.63 goal_err=-33 carrot_err= -27 c0=0.98 clear=0.65 prog=0.28 rel=0.92 bal=-0.38 obs=239 hard=231 obsc=246 yr=  0  nz=0.09 flt=0.05 dmap=+1/-1 shz=4.0 plan=4 cmd=(lx=+0.00,ly=+0.40,rx=+0.00)
  t= 85.5 DWA-F pos=(-4.84,+2.46) yaw=+111.3 d=0.59 goal_err=-32 carrot_err= -25 c0=0.93 clear=0.62 prog=0.28 rel=0.92 bal=-0.38 obs=239 hard=230 obsc=245 yr= 18  nz=0.09 flt=0.00 dmap=+0/-0 shz=4.0 plan=4 cmd=(lx=+0.00,ly=+0.40,rx=+0.00)
  t= 85.9 DWA-F pos=(-4.85,+2.51) yaw=+109.3 d=0.54 goal_err=-32 carrot_err= -26 c0=0.88 clear=0.59 prog=0.29 rel=0.91 bal=-0.37 obs=239 hard=230 obsc=245 yr=  0  nz=0.09 flt=0.02 dmap=+0/-0 shz=4.0 plan=4 cmd=(lx=+0.00,ly=+0.40,rx=+0.00)
  t= 86.4 DWA-F pos=(-4.87,+2.55) yaw=+105.3 d=0.51 goal_err=-31 carrot_err= -24 c0=0.84 clear=0.56 prog=0.29 rel=0.91 bal=-0.36 obs=236 hard=230 obsc=245 yr= 18G nz=0.09 flt=0.09 dmap=+0/-0 shz=4.0 plan=3 cmd=(lx=+0.00,ly=+0.40,rx=+0.00)
  t= 86.8 DWA-F pos=(-4.88,+2.59) yaw=+103.3 d=0.47 goal_err=-32 carrot_err= -24 c0=0.96 clear=0.64 prog=0.29 rel=0.91 bal=-0.36 obs=229 hard=226 obsc=241 yr=  0G nz=0.09 flt=0.00 dmap=+0/-0 shz=4.0 plan=3 cmd=(lx=+0.00,ly=+0.28,rx=+0.45)
  t= 87.3 DWA-T pos=(-4.88,+2.61) yaw= +99.3 d=0.46 goal_err=-29 carrot_err= -21 c0=0.94 clear=0.63 prog=0.26 rel=0.90 bal=-0.15 obs=232 hard=226 obsc=238 yr=  0  nz=0.10 flt=0.01 dmap=+1/-0 shz=4.0 plan=3 cmd=(lx=+0.00,ly=+0.00,rx=+0.00)
  t= 87.7 DWA-T pos=(-4.88,+2.61) yaw= +99.3 d=0.46 goal_err=-29 carrot_err= -21 c0=0.94 clear=0.63 prog=0.17 rel=0.91 bal=-0.15 obs=232 hard=226 obsc=238 yr=  0  nz=0.09 flt=0.01 dmap=+0/-0 shz=4.0 plan=3 cmd=(lx=+0.00,ly=+0.00,rx=+0.00)
  t= 88.2 DWA-T pos=(-4.88,+2.61) yaw= +99.3 d=0.46 goal_err=-29 carrot_err= -21 c0=0.94 clear=0.63 prog=0.11 rel=0.91 bal=-0.15 obs=232 hard=226 obsc=238 yr=  0  nz=0.09 flt=0.01 dmap=+0/-0 shz=4.0 plan=3 cmd=(lx=+0.00,ly=+0.00,rx=+0.00)
  t= 88.6 BRK-BK pos=(-4.88,+2.60) yaw= +99.3 d=0.47 goal_err=-28 carrot_err= -21 c0=0.96 clear=0.64 prog=0.04 rel=0.91 bal=-0.15 obs=232 hard=226 obsc=238 yr=  0  nz=0.09 flt=0.01 dmap=+0/-0 shz=4.0 plan=0 cmd=(lx=+0.00,ly=-0.35,rx=+0.00)
  t= 89.0 BRK-TR pos=(-4.87,+2.56) yaw= +99.3 d=0.50 goal_err=-26 carrot_err= -19 c0=0.99 clear=0.66 prog=0.00 rel=1.00 bal=-0.15 obs=231 hard=226 obsc=237 yr=  0G nz=0.00 flt=0.01 dmap=+0/-0 shz=3.7 plan=0 cmd=(lx=+0.00,ly=+0.00,rx=+0.45)
  t= 89.5 BRK-TR pos=(-4.87,+2.56) yaw= +91.3 d=0.50 goal_err=-18 carrot_err= -11 c0=1.27 clear=0.85 prog=0.00 rel=0.87 bal=-0.17 obs=231 hard=226 obsc=237 yr= 19G nz=0.13 flt=0.06 dmap=+0/-0 shz=3.7 plan=0 cmd=(lx=+0.00,ly=+0.00,rx=+0.45)
  t= 89.9 BRK-TR pos=(-4.87,+2.56) yaw= +83.3 d=0.50 goal_err=-10 carrot_err=  -3 c0=1.14 clear=0.76 prog=0.00 rel=0.88 bal=-0.26 obs=231 hard=226 obsc=237 yr= 18G nz=0.12 flt=0.00 dmap=+0/-0 shz=3.7 plan=0 cmd=(lx=+0.00,ly=+0.00,rx=+0.45)
  t= 90.3 BRK-TR pos=(-4.87,+2.56) yaw= +77.2 d=0.50 goal_err=-4 carrot_err=  +3 c0=1.14 clear=0.76 prog=0.00 rel=0.88 bal=-0.30 obs=231 hard=226 obsc=237 yr= 18G nz=0.12 flt=0.00 dmap=+0/-0 shz=3.7 plan=0 cmd=(lx=+0.00,ly=+0.00,rx=+0.45)
  t= 90.8 BRK-TR pos=(-4.87,+2.56) yaw= +69.2 d=0.50 goal_err=+4 carrot_err= +11 c0=1.08 clear=0.72 prog=0.00 rel=0.96 bal=-0.30 obs=231 hard=226 obsc=237 yr= 19G nz=0.04 flt=0.00 dmap=+0/-0 shz=3.7 plan=0 cmd=(lx=+0.00,ly=+0.00,rx=+0.45)
  t= 91.2 DWA-F pos=(-4.87,+2.56) yaw= +61.2 d=0.50 goal_err=+12 carrot_err= +19 c0=1.08 clear=0.72 prog=0.00 rel=0.94 bal=-0.20 obs=232 hard=227 obsc=238 yr= 18G nz=0.06 flt=0.16 dmap=+0/-0 shz=3.7 plan=3 cmd=(lx=+0.00,ly=+0.40,rx=+0.00)
  t= 91.7 DWA-T pos=(-4.87,+2.57) yaw= +59.2 d=0.49 goal_err=+14 carrot_err= +22 c0=1.06 clear=0.71 prog=0.02 rel=0.95 bal=-0.20 obs=244 hard=230 obsc=255 yr=  0  nz=0.05 flt=0.14 dmap=+0/-0 shz=3.7 plan=3 cmd=(lx=+0.00,ly=+0.00,rx=+0.00)
  t= 92.1 DWA-T pos=(-4.87,+2.57) yaw= +59.2 d=0.49 goal_err=+14 carrot_err= +22 c0=1.06 clear=0.71 prog=0.02 rel=0.98 bal=-0.20 obs=243 hard=231 obsc=255 yr=  0  nz=0.02 flt=0.00 dmap=+0/-0 shz=3.7 plan=3 cmd=(lx=+0.00,ly=+0.00,rx=+0.00)
  t= 92.5 DWA-T pos=(-4.87,+2.57) yaw= +59.2 d=0.49 goal_err=+14 carrot_err= +22 c0=1.06 clear=0.71 prog=0.02 rel=0.98 bal=-0.20 obs=243 hard=231 obsc=255 yr=  0  nz=0.02 flt=0.00 dmap=+0/-0 shz=3.7 plan=3 cmd=(lx=+0.00,ly=+0.00,rx=+0.00)
  t= 93.0 BRK-BK pos=(-4.87,+2.57) yaw= +59.2 d=0.49 goal_err=+14 carrot_err= +22 c0=1.06 clear=0.71 prog=0.02 rel=0.98 bal=-0.20 obs=243 hard=231 obsc=255 yr=  0  nz=0.02 flt=0.00 dmap=+0/-0 shz=3.7 plan=0 cmd=(lx=+0.00,ly=-0.35,rx=+0.00)
  t= 93.4 BRK-TR pos=(-4.89,+2.54) yaw= +59.2 d=0.52 goal_err=+13 carrot_err= +20 c0=1.10 clear=0.73 prog=0.00 rel=0.98 bal=-0.20 obs=239 hard=231 obsc=252 yr=  0G nz=0.02 flt=0.04 dmap=+0/-0 shz=3.5 plan=0 cmd=(lx=+0.00,ly=+0.00,rx=+0.45)
  t= 93.9 BRK-TR pos=(-4.89,+2.54) yaw= +51.2 d=0.52 goal_err=+21 carrot_err= +28 c0=1.10 clear=0.73 prog=0.00 rel=0.97 bal=-0.13 obs=239 hard=231 obsc=252 yr= 18G nz=0.03 flt=0.00 dmap=+0/-0 shz=3.5 plan=0 cmd=(lx=+0.00,ly=+0.00,rx=+0.45)
  t= 94.3 BRK-TR pos=(-4.89,+2.54) yaw= +45.2 d=0.52 goal_err=+27 carrot_err= +34 c0=1.10 clear=0.73 prog=0.00 rel=0.97 bal=-0.13 obs=239 hard=231 obsc=252 yr= 18G nz=0.03 flt=0.00 dmap=+0/-0 shz=3.5 plan=0 cmd=(lx=+0.00,ly=+0.00,rx=+0.45)
  t= 94.7 BRK-TR pos=(-4.89,+2.54) yaw= +37.1 d=0.52 goal_err=+35 carrot_err= +42 c0=1.10 clear=0.73 prog=0.00 rel=0.99 bal=-0.08 obs=239 hard=231 obsc=252 yr= 19G nz=0.01 flt=0.10 dmap=+0/-0 shz=3.5 plan=0 cmd=(lx=+0.00,ly=+0.00,rx=+0.45)
  t= 95.2 BRK-TR pos=(-4.89,+2.54) yaw= +31.1 d=0.52 goal_err=+41 carrot_err= +48 c0=1.10 clear=0.73 prog=0.00 rel=0.99 bal=-0.08 obs=239 hard=231 obsc=252 yr= 18G nz=0.01 flt=0.08 dmap=+0/-0 shz=3.5 plan=0 cmd=(lx=+0.00,ly=+0.00,rx=+0.45)
  t= 95.6 BRK-TR pos=(-4.89,+2.54) yaw= +23.1 d=0.52 goal_err=+50 carrot_err= +56 c0=1.23 clear=0.82 prog=0.00 rel=0.99 bal=+0.04 obs=239 hard=231 obsc=252 yr= 20G nz=0.01 flt=0.00 dmap=+0/-0 shz=3.5 plan=0 cmd=(lx=+0.00,ly=+0.00,rx=+0.45)
  t= 96.0 DWA-F pos=(-4.88,+2.54) yaw= +19.1 d=0.52 goal_err=+54 carrot_err= +61 c0=1.28 clear=0.85 prog=0.01 rel=0.88 bal=+0.08 obs=239 hard=231 obsc=252 yr= 19G nz=0.12 flt=0.00 dmap=+0/-0 shz=3.5 plan=3 cmd=(lx=+0.00,ly=+0.28,rx=-0.45)
  t= 96.5 DWA-F pos=(-4.86,+2.55) yaw= +25.1 d=0.51 goal_err=+50 carrot_err= +57 c0=1.21 clear=0.81 prog=0.03 rel=0.88 bal=+0.05 obs=240 hard=231 obsc=252 yr= 18G nz=0.12 flt=0.11 dmap=+0/-0 shz=3.5 plan=3 cmd=(lx=+0.00,ly=+0.28,rx=-0.45)
  t= 96.9 DWA-F pos=(-4.84,+2.56) yaw= +33.1 d=0.49 goal_err=+44 carrot_err= +52 c0=1.05 clear=0.70 prog=0.06 rel=0.87 bal=-0.06 obs=240 hard=231 obsc=252 yr= 19G nz=0.13 flt=0.05 dmap=+0/-0 shz=3.5 plan=3 cmd=(lx=+0.00,ly=+0.28,rx=-0.45)
  t= 97.4 DWA-F pos=(-4.81,+2.58) yaw= +41.1 d=0.47 goal_err=+39 carrot_err= +47 c0=1.02 clear=0.68 prog=0.09 rel=0.78 bal=+0.01 obs=244 hard=235 obsc=256 yr= 18G nz=0.15 flt=0.04 dmap=+3/-0 shz=3.5 plan=3 cmd=(lx=+0.00,ly=+0.28,rx=-0.45)
  t= 97.8 DWA-F pos=(-4.79,+2.60) yaw= +49.2 d=0.44 goal_err=+33 carrot_err= +42 c0=1.00 clear=0.66 prog=0.13 rel=0.84 bal=+0.01 obs=245 hard=236 obsc=257 yr= 18G nz=0.16 flt=0.16 dmap=+0/-0 shz=3.5 plan=3 cmd=(lx=+0.00,ly=+0.28,rx=-0.45)
  t= 98.2 DWA-F pos=(-4.78,+2.62) yaw= +55.2 d=0.43 goal_err=+28 carrot_err= +38 c0=0.98 clear=0.65 prog=0.14 rel=0.94 bal=-0.02 obs=245 hard=236 obsc=257 yr= 18G nz=0.06 flt=0.01 dmap=+0/-0 shz=3.5 plan=3 cmd=(lx=+0.00,ly=+0.28,rx=-0.45)

  >>> MODO AGRESIVO ON (12s sin acercarse a B): reduzco inflado y holgura (min seguridad 0.24m) para cruzar la puerta.
  t= 98.7 AGR-DWA-T pos=(-4.76,+2.64) yaw= +63.2 d=0.40 goal_err=+22 carrot_err= +32 c0=0.95 clear=0.63 prog=0.16 rel=0.94 bal=-0.10 obs=246 hard=237 obsc=258 yr= 18G nz=0.06 flt=0.00 dmap=+0/-0 shz=3.5 plan=3 cmd=(lx=+0.00,ly=+0.00,rx=+0.00)
  t= 99.1 AGR-DWA-T pos=(-4.76,+2.65) yaw= +65.2 d=0.40 goal_err=+20 carrot_err= +31 c0=0.94 clear=0.63 prog=0.14 rel=0.94 bal=-0.10 obs=226 hard=223 obsc=247 yr=  0  nz=0.06 flt=0.00 dmap=+0/-0 shz=3.5 plan=3 cmd=(lx=+0.00,ly=+0.00,rx=+0.00)
  t= 99.6 AGR-DWA-T pos=(-4.76,+2.65) yaw= +65.2 d=0.40 goal_err=+20 carrot_err= +31 c0=0.94 clear=0.63 prog=0.10 rel=0.94 bal=-0.10 obs=226 hard=223 obsc=247 yr=  0  nz=0.06 flt=0.00 dmap=+0/-0 shz=3.5 plan=3 cmd=(lx=+0.00,ly=+0.00,rx=+0.00)
  t=100.0 AGR-DWA-T pos=(-4.76,+2.65) yaw= +65.2 d=0.40 goal_err=+20 carrot_err= +31 c0=0.94 clear=0.63 prog=0.07 rel=0.94 bal=-0.10 obs=226 hard=223 obsc=247 yr=  0  nz=0.06 flt=0.00 dmap=+0/-0 shz=3.5 plan=0 cmd=(lx=+0.00,ly=+0.00,rx=+0.00)
  t=100.5 AGR-BRK-BK pos=(-4.77,+2.63) yaw= +65.2 d=0.41 goal_err=+20 carrot_err= +30 c0=0.95 clear=0.64 prog=0.01 rel=0.99 bal=-0.10 obs=223 hard=212 obsc=233 yr=  0  nz=0.01 flt=0.00 dmap=+0/-0 shz=3.3 plan=0 cmd=(lx=+0.00,ly=-0.35,rx=+0.00)
  t=100.9 AGR-BRK-TR pos=(-4.78,+2.61) yaw= +61.2 d=0.43 goal_err=+22 carrot_err= +32 c0=0.98 clear=0.65 prog=0.00 rel=0.97 bal=-0.10 obs=223 hard=212 obsc=233 yr= 19G nz=0.03 flt=0.07 dmap=+0/-0 shz=3.3 plan=0 cmd=(lx=+0.00,ly=+0.00,rx=+0.45)
  t=101.3 AGR-BRK-TR pos=(-4.78,+2.61) yaw= +53.2 d=0.43 goal_err=+31 carrot_err= +40 c0=0.98 clear=0.65 prog=0.00 rel=0.98 bal=-0.02 obs=223 hard=212 obsc=233 yr= 18G nz=0.02 flt=0.00 dmap=+0/-0 shz=3.2 plan=0 cmd=(lx=+0.00,ly=+0.00,rx=+0.45)
  t=101.8 AGR-BRK-TR pos=(-4.78,+2.61) yaw= +45.2 d=0.43 goal_err=+39 carrot_err= +48 c0=0.98 clear=0.65 prog=0.00 rel=0.96 bal=+0.08 obs=224 hard=213 obsc=234 yr= 18G nz=0.04 flt=0.12 dmap=+0/-0 shz=3.3 plan=0 cmd=(lx=+0.00,ly=+0.00,rx=+0.45)
  t=102.2 AGR-BRK-TR pos=(-4.78,+2.61) yaw= +39.1 d=0.43 goal_err=+45 carrot_err= +54 c0=0.98 clear=0.65 prog=0.00 rel=0.97 bal=+0.08 obs=227 hard=216 obsc=237 yr= 19G nz=0.03 flt=0.06 dmap=+0/-0 shz=3.2 plan=0 cmd=(lx=+0.00,ly=+0.00,rx=+0.45)
  t=102.7 AGR-BRK-TR pos=(-4.78,+2.61) yaw= +31.1 d=0.43 goal_err=+53 carrot_err= +62 c0=0.98 clear=0.65 prog=0.00 rel=0.97 bal=+0.08 obs=228 hard=217 obsc=238 yr= 19G nz=0.03 flt=0.00 dmap=+1/-0 shz=3.2 plan=0 cmd=(lx=+0.00,ly=+0.00,rx=+0.45)
  t=103.1 AGR-DWA-F pos=(-4.78,+2.61) yaw= +23.1 d=0.43 goal_err=+61 carrot_err= +70 c0=1.11 clear=0.74 prog=0.00 rel=0.91 bal=+0.08 obs=228 hard=217 obsc=238 yr= 17G nz=0.09 flt=0.11 dmap=+0/-0 shz=3.2 plan=3 cmd=(lx=+0.00,ly=+0.28,rx=-0.45)
  t=103.5 AGR-DWA-F pos=(-4.76,+2.62) yaw= +29.1 d=0.42 goal_err=+57 carrot_err= +67 c0=1.09 clear=0.72 prog=0.02 rel=0.87 bal=+0.08 obs=228 hard=217 obsc=238 yr= 17G nz=0.13 flt=0.01 dmap=+0/-0 shz=3.3 plan=3 cmd=(lx=+0.00,ly=+0.28,rx=-0.45)
  t=104.0 AGR-DWA-F pos=(-4.73,+2.64) yaw= +37.1 d=0.40 goal_err=+52 carrot_err= +63 c0=0.93 clear=0.62 prog=0.04 rel=0.86 bal=+0.03 obs=228 hard=217 obsc=238 yr= 18G nz=0.14 flt=0.00 dmap=+0/-0 shz=3.3 plan=3 cmd=(lx=+0.00,ly=+0.28,rx=-0.45)
  t=104.4 AGR-DWA-F pos=(-4.71,+2.65) yaw= +45.2 d=0.39 goal_err=+47 carrot_err= +59 c0=0.91 clear=0.60 prog=0.07 rel=0.85 bal=+0.03 obs=228 hard=217 obsc=238 yr= 18G nz=0.15 flt=0.01 dmap=+0/-0 shz=3.3 plan=3 cmd=(lx=+0.00,ly=+0.28,rx=-0.45)
  t=104.9 AGR-DWA-F pos=(-4.70,+2.67) yaw= +51.2 d=0.37 goal_err=+44 carrot_err= +56 c0=0.88 clear=0.59 prog=0.10 rel=0.88 bal=-0.03 obs=228 hard=217 obsc=238 yr= 19G nz=0.12 flt=0.04 dmap=+0/-0 shz=3.3 plan=3 cmd=(lx=+0.00,ly=+0.28,rx=-0.45)
  t=105.3 AGR-DWA-F pos=(-4.68,+2.69) yaw= +59.2 d=0.35 goal_err=+39 carrot_err= +52 c0=0.86 clear=0.57 prog=0.13 rel=0.94 bal=-0.03 obs=229 hard=218 obsc=239 yr= 19G nz=0.06 flt=0.04 dmap=+0/-0 shz=3.2 plan=3 cmd=(lx=+0.00,ly=+0.28,rx=-0.45)

  LLEGADO a 'B' (-4.73,+3.04); error=0.35 m, colisiones=0.
  [spill] derrames=0 E[N]=0.00 eta_max=0.95 riesgo=2.2%
  [dataset] travesia guardada -> /Users/adrianlendinezibanez/Claude/Projects/G1 ROBOT/dataset/20260704_195437_ours_B.json
  [stats] fila anadida -> /Users/adrianlendinezibanez/Claude/Projects/G1 ROBOT/dataset/runs_stats.csv

Fin goto.
  [META2-L2] estado guardado (meta2_state_prereal.json): Pl={'Efficient_Nav': 1.0, 'Cautious_Nav': 1.0} derrames_run=0
