  backend grafico: TkAgg
>>> SIM ADAPTER: conectando a rosbridge ws://localhost:8765 ...
  esperando /odom (hasta 30s; el mundo del lab tarda en cargar)... ok
  /odom OK pose=(+0.99,+0.57) | /scan: OK
  escenario LAB: mapa/waypoints/puerta REALES (lab.world solo-paredes, frame G1)

>>> GOTO 'B' -> (-4.73,+3.04). Mando en mano (L2+B). Ctrl+C aborta.
    ENTORNO: SIM (id: lab_v1_extsmoke)  — esta run se registra como SIMULACION, no cuenta como run de robot
  Esperando pose localizada y primera nube... ok.
  FRAME-CHECK start=(+0.99,+0.57) wp_mas_cercano=A(+0.99,+0.57) offset=0.00m  -> frame OK (pose y waypoints alineados)
  [spill] payload de agua simulado (semilla=20260708_123445_ours_B.json)
  [META2-DOOR] variante de engagement: Door_Direct (Pl={Door_Direct:1.00, Door_Far:1.00, Door_BiasPlus:1.00})
  META2 ACTIVO (techo por analogia): Meta-Reasoner 2.0, analogia inicial Cautious_Nav

  !!!!!!!!!!!!!!!!!!!!!!!!!!!!!!!!!!!!!!!!!!!!!!!!!!!!!!!!!!!!!!!!!!!!!!!!!!
  !!  VISION OFF (G1_PERC sin definir) pero G1_NOVIS=1: navego SIN vision bajo tu responsabilidad.
  !!  La MESA invisible al LiDAR no se vera.
  !!!!!!!!!!!!!!!!!!!!!!!!!!!!!!!!!!!!!!!!!!!!!!!!!!!!!!!!!!!!!!!!!!!!!!!!!!

  mapa de referencia: 961 celdas | muebles estaticos (nav_map): 0 celdas | plan global: static
  t=  0.0 DWA-F pos=(+0.99,+0.57) yaw=-120.3 d=6.23 goal_err=-83 carrot_err= -62 c0=2.25 clear=1.00 prog=0.00 rel=1.00 bal=+0.19 obs=108 hard=108 obsc=108 yr=  0  nz=0.00 flt=0.19 dmap=+108/-0 shz=0.0 plan=34 cmd=(lx=+0.00,ly=+0.40,rx=+0.45)
  t=  0.4 DWA-F pos=(+0.97,+0.53) yaw=-125.1 d=6.22 goal_err=-79 carrot_err= -60 c0=2.21 clear=1.00 prog=0.05 rel=0.98 bal=+0.28 obs=111 hard=111 obsc=111 yr= 15G nz=0.02 flt=0.03 dmap=+0/-0 shz=4.7 plan=34 cmd=(lx=+0.00,ly=+0.40,rx=+0.45)
  t=  0.9 DWA-F pos=(+0.92,+0.47) yaw=-133.2 d=6.21 goal_err=-71 carrot_err= -57 c0=2.19 clear=1.00 prog=0.10 rel=0.97 bal=+0.41 obs=111 hard=111 obsc=111 yr= 30G nz=0.03 flt=0.05 dmap=+0/-0 shz=4.0 plan=34 cmd=(lx=+0.00,ly=+0.40,rx=+0.45)
  t=  1.3 DWA-F pos=(+0.88,+0.43) yaw=-139.6 d=6.18 goal_err=-65 carrot_err= -38 c0=2.50 clear=1.00 prog=0.12 rel=0.96 bal=+0.41 obs=111 hard=111 obsc=111 yr= 15G nz=0.04 flt=0.02 dmap=+0/-0 shz=4.2 plan=34 cmd=(lx=+0.00,ly=+0.40,rx=+0.45)
  t=  1.7 DWA-F pos=(+0.83,+0.39) yaw=-144.4 d=6.16 goal_err=-61 carrot_err= -36 c0=2.50 clear=1.00 prog=0.14 rel=0.82 bal=+0.42 obs=125 hard=125 obsc=154 yr=  0  nz=0.18 flt=0.02 dmap=+14/-0 shz=4.1 plan=33 cmd=(lx=+0.00,ly=+0.40,rx=+0.00)
  t=  2.2 DWA-F pos=(+0.78,+0.36) yaw=-147.6 d=6.13 goal_err=-58 carrot_err= -35 c0=2.50 clear=1.00 prog=0.17 rel=0.77 bal=+0.42 obs=125 hard=125 obsc=154 yr= 15G nz=0.23 flt=0.05 dmap=+0/-0 shz=4.1 plan=33 cmd=(lx=+0.00,ly=+0.40,rx=+0.00)
  t=  2.6 DWA-F pos=(+0.74,+0.33) yaw=-149.2 d=6.10 goal_err=-57 carrot_err= -36 c0=2.50 clear=1.00 prog=0.20 rel=0.80 bal=+0.43 obs=158 hard=134 obsc=168 yr=  0  nz=0.20 flt=0.01 dmap=+0/-0 shz=4.1 plan=33 cmd=(lx=+0.00,ly=+0.40,rx=+0.45)
  t=  3.0 DWA-F pos=(+0.70,+0.31) yaw=-152.4 d=6.08 goal_err=-54 carrot_err= -35 c0=2.50 clear=1.00 prog=0.20 rel=0.97 bal=+0.43 obs=159 hard=135 obsc=165 yr=  0  nz=0.03 flt=0.14 dmap=+1/-0 shz=4.0 plan=33 cmd=(lx=+0.00,ly=+0.40,rx=+0.00)
  t=  3.4 DWA-F pos=(+0.66,+0.29) yaw=-152.4 d=6.05 goal_err=-55 carrot_err= -35 c0=2.50 clear=1.00 prog=0.21 rel=0.99 bal=+0.44 obs=163 hard=146 obsc=168 yr=  0  nz=0.01 flt=0.00 dmap=+2/-1 shz=4.1 plan=33 cmd=(lx=+0.00,ly=+0.40,rx=+0.00)
  t=  3.9 DWA-F pos=(+0.61,+0.27) yaw=-152.4 d=6.02 goal_err=-55 carrot_err= -37 c0=2.50 clear=1.00 prog=0.21 rel=0.99 bal=+0.36 obs=164 hard=151 obsc=168 yr=  0  nz=0.01 flt=0.00 dmap=+0/-0 shz=4.0 plan=33 cmd=(lx=+0.00,ly=+0.40,rx=+0.45)
  t=  4.3 DWA-F pos=(+0.57,+0.25) yaw=-155.6 d=5.99 goal_err=-52 carrot_err= -36 c0=2.50 clear=1.00 prog=0.21 rel=0.99 bal=+0.37 obs=167 hard=154 obsc=170 yr=  0  nz=0.01 flt=0.00 dmap=+0/-0 shz=4.1 plan=33 cmd=(lx=+0.00,ly=+0.40,rx=+0.00)
  t=  4.7 DWA-F pos=(+0.53,+0.23) yaw=-155.6 d=5.97 goal_err=-53 carrot_err= -22 c0=2.50 clear=1.00 prog=0.21 rel=0.99 bal=+0.38 obs=168 hard=159 obsc=171 yr=  0  nz=0.01 flt=0.00 dmap=+0/-0 shz=4.0 plan=32 cmd=(lx=+0.00,ly=+0.40,rx=+0.00)
  t=  5.2 DWA-F pos=(+0.49,+0.21) yaw=-155.6 d=5.94 goal_err=-53 carrot_err= -24 c0=2.50 clear=1.00 prog=0.21 rel=0.99 bal=+0.39 obs=168 hard=159 obsc=171 yr=  0  nz=0.01 flt=0.00 dmap=+0/-0 shz=4.0 plan=32 cmd=(lx=+0.00,ly=+0.40,rx=+0.00)
  t=  5.6 DWA-F pos=(+0.45,+0.19) yaw=-155.6 d=5.91 goal_err=-53 carrot_err= -25 c0=2.50 clear=1.00 prog=0.21 rel=0.99 bal=+0.41 obs=170 hard=163 obsc=173 yr=  0  nz=0.01 flt=0.02 dmap=+0/-0 shz=4.0 plan=32 cmd=(lx=+0.00,ly=+0.40,rx=+0.00)
  t=  6.0 DWA-F pos=(+0.40,+0.17) yaw=-155.6 d=5.88 goal_err=-54 carrot_err= -27 c0=2.50 clear=1.00 prog=0.22 rel=0.99 bal=+0.42 obs=171 hard=163 obsc=175 yr=  0  nz=0.01 flt=0.00 dmap=+1/-0 shz=4.0 plan=31 cmd=(lx=+0.00,ly=+0.40,rx=+0.00)
  t=  6.5 DWA-F pos=(+0.36,+0.15) yaw=-155.6 d=5.85 goal_err=-54 carrot_err= -28 c0=2.50 clear=1.00 prog=0.22 rel=0.98 bal=+0.43 obs=172 hard=164 obsc=176 yr=  0  nz=0.02 flt=0.00 dmap=+1/-1 shz=4.0 plan=31 cmd=(lx=+0.00,ly=+0.40,rx=+0.00)
  t=  6.9 DWA-F pos=(+0.32,+0.13) yaw=-155.6 d=5.83 goal_err=-54 carrot_err= -30 c0=2.50 clear=1.00 prog=0.21 rel=0.98 bal=+0.44 obs=172 hard=163 obsc=175 yr=  0  nz=0.02 flt=0.00 dmap=+0/-0 shz=4.0 plan=31 cmd=(lx=+0.00,ly=+0.40,rx=+0.00)
  t=  7.3 DWA-F pos=(+0.28,+0.11) yaw=-155.6 d=5.80 goal_err=-55 carrot_err= -17 c0=2.50 clear=1.00 prog=0.21 rel=0.98 bal=+0.44 obs=171 hard=164 obsc=174 yr=  0  nz=0.02 flt=0.00 dmap=+0/-0 shz=4.0 plan=31 cmd=(lx=+0.00,ly=+0.40,rx=+0.00)
  t=  7.8 DWA-F pos=(+0.24,+0.10) yaw=-155.6 d=5.78 goal_err=-55 carrot_err= -18 c0=2.50 clear=1.00 prog=0.20 rel=0.98 bal=+0.45 obs=171 hard=165 obsc=175 yr=  0  nz=0.02 flt=0.01 dmap=+1/-1 shz=4.0 plan=30 cmd=(lx=+0.00,ly=+0.40,rx=+0.00)
  t=  8.2 DWA-F pos=(+0.20,+0.08) yaw=-155.6 d=5.75 goal_err=-55 carrot_err= -19 c0=2.50 clear=1.00 prog=0.20 rel=0.97 bal=+0.37 obs=172 hard=166 obsc=176 yr=  0  nz=0.03 flt=0.00 dmap=+0/-0 shz=4.0 plan=30 cmd=(lx=+0.00,ly=+0.40,rx=+0.00)
  t=  8.6 DWA-F pos=(+0.15,+0.05) yaw=-155.6 d=5.72 goal_err=-56 carrot_err= -20 c0=2.49 clear=1.00 prog=0.21 rel=0.98 bal=+0.38 obs=174 hard=168 obsc=178 yr=  0  nz=0.02 flt=0.00 dmap=+0/-0 shz=4.0 plan=30 cmd=(lx=+0.00,ly=+0.40,rx=+0.00)
  t=  9.0 DWA-F pos=(+0.11,+0.04) yaw=-155.6 d=5.69 goal_err=-56 carrot_err= -21 c0=2.44 clear=1.00 prog=0.21 rel=0.98 bal=+0.39 obs=173 hard=166 obsc=176 yr=  0  nz=0.02 flt=0.02 dmap=+0/-0 shz=4.0 plan=30 cmd=(lx=+0.00,ly=+0.40,rx=+0.00)
  t=  9.5 DWA-F pos=(+0.07,+0.02) yaw=-155.6 d=5.67 goal_err=-57 carrot_err= -23 c0=2.40 clear=1.00 prog=0.20 rel=0.95 bal=+0.39 obs=175 hard=168 obsc=179 yr=  0  nz=0.05 flt=0.01 dmap=+0/-0 shz=4.0 plan=30 cmd=(lx=+0.00,ly=+0.40,rx=+0.00)
  t=  9.9 DWA-F pos=(+0.03,-0.00) yaw=-155.6 d=5.65 goal_err=-57 carrot_err= -24 c0=2.35 clear=1.00 prog=0.20 rel=0.92 bal=+0.39 obs=175 hard=170 obsc=181 yr=  0  nz=0.08 flt=0.00 dmap=+0/-0 shz=4.0 plan=30 cmd=(lx=+0.00,ly=+0.40,rx=+0.00)
  t= 10.3 DWA-F pos=(-0.02,-0.02) yaw=-155.6 d=5.62 goal_err=-57 carrot_err= -26 c0=2.30 clear=1.00 prog=0.21 rel=0.93 bal=+0.41 obs=178 hard=171 obsc=182 yr=  0  nz=0.07 flt=0.00 dmap=+0/-0 shz=4.0 plan=30 cmd=(lx=+0.00,ly=+0.40,rx=+0.00)
  t= 10.8 DWA-F pos=(-0.06,-0.04) yaw=-155.6 d=5.59 goal_err=-58 carrot_err= -28 c0=2.26 clear=1.00 prog=0.20 rel=0.92 bal=+0.43 obs=179 hard=172 obsc=182 yr=  0  nz=0.08 flt=0.00 dmap=+1/-0 shz=4.0 plan=29 cmd=(lx=+0.00,ly=+0.40,rx=+0.00)
  t= 11.2 DWA-F pos=(-0.10,-0.06) yaw=-155.6 d=5.57 goal_err=-58 carrot_err= -28 c0=2.21 clear=1.00 prog=0.20 rel=0.92 bal=+0.44 obs=177 hard=173 obsc=183 yr=  0  nz=0.09 flt=0.02 dmap=+0/-0 shz=4.0 plan=29 cmd=(lx=+0.00,ly=+0.40,rx=+0.00)
  t= 11.6 DWA-F pos=(-0.15,-0.08) yaw=-155.6 d=5.54 goal_err=-59 carrot_err= -30 c0=2.17 clear=1.00 prog=0.20 rel=0.90 bal=+0.46 obs=179 hard=172 obsc=183 yr=  0  nz=0.10 flt=0.00 dmap=+0/-0 shz=4.0 plan=29 cmd=(lx=+0.00,ly=+0.40,rx=+0.00)
  t= 12.0 DWA-F pos=(-0.19,-0.10) yaw=-155.6 d=5.52 goal_err=-59 carrot_err= -31 c0=2.12 clear=1.00 prog=0.20 rel=0.92 bal=+0.47 obs=179 hard=172 obsc=183 yr=  0  nz=0.08 flt=0.01 dmap=+0/-1 shz=4.0 plan=29 cmd=(lx=+0.00,ly=+0.40,rx=+0.00)
  t= 12.5 DWA-F pos=(-0.23,-0.12) yaw=-155.6 d=5.50 goal_err=-59 carrot_err= -33 c0=2.08 clear=1.00 prog=0.18 rel=0.92 bal=+0.49 obs=178 hard=172 obsc=183 yr=  0  nz=0.08 flt=0.02 dmap=+0/-0 shz=4.0 plan=28 cmd=(lx=+0.00,ly=+0.40,rx=+0.00)
  t= 12.9 DWA-F pos=(-0.27,-0.13) yaw=-155.6 d=5.48 goal_err=-60 carrot_err= -35 c0=2.03 clear=1.00 prog=0.18 rel=0.91 bal=+0.49 obs=181 hard=174 obsc=185 yr=  0  nz=0.09 flt=0.01 dmap=+0/-0 shz=4.0 plan=28 cmd=(lx=+0.00,ly=+0.40,rx=+0.00)
  t= 13.3 DWA-F pos=(-0.31,-0.15) yaw=-155.6 d=5.45 goal_err=-60 carrot_err= -37 c0=1.99 clear=1.00 prog=0.18 rel=0.92 bal=+0.49 obs=183 hard=176 obsc=187 yr=  0  nz=0.08 flt=0.01 dmap=+2/-1 shz=4.0 plan=28 cmd=(lx=+0.00,ly=+0.40,rx=+0.00)
  t= 13.8 DWA-F pos=(-0.36,-0.17) yaw=-158.8 d=5.43 goal_err=-58 carrot_err= -33 c0=1.94 clear=1.00 prog=0.18 rel=0.90 bal=+0.50 obs=183 hard=176 obsc=187 yr= 28  nz=0.10 flt=0.01 dmap=+0/-0 shz=4.0 plan=27 cmd=(lx=+0.00,ly=+0.40,rx=+0.00)
  t= 14.2 DWA-F pos=(-0.40,-0.19) yaw=-158.8 d=5.40 goal_err=-58 carrot_err= -35 c0=1.89 clear=1.00 prog=0.18 rel=0.90 bal=+0.50 obs=190 hard=184 obsc=195 yr=  0  nz=0.10 flt=0.00 dmap=+0/-0 shz=4.0 plan=27 cmd=(lx=+0.00,ly=+0.40,rx=+0.00)
  t= 14.6 DWA-F pos=(-0.44,-0.21) yaw=-158.8 d=5.38 goal_err=-58 carrot_err= -36 c0=1.85 clear=1.00 prog=0.19 rel=0.91 bal=+0.53 obs=188 hard=186 obsc=196 yr=  0  nz=0.09 flt=0.02 dmap=+0/-2 shz=4.0 plan=27 cmd=(lx=+0.00,ly=+0.40,rx=+0.00)
  t= 15.1 DWA-F pos=(-0.48,-0.22) yaw=-160.4 d=5.36 goal_err=-57 carrot_err= -37 c0=1.81 clear=1.00 prog=0.19 rel=0.92 bal=+0.53 obs=191 hard=185 obsc=195 yr= 15G nz=0.08 flt=0.13 dmap=+0/-0 shz=4.0 plan=27 cmd=(lx=+0.00,ly=+0.40,rx=+0.45)
  t= 15.5 DWA-F pos=(-0.52,-0.24) yaw=-163.6 d=5.33 goal_err=-54 carrot_err= -36 c0=1.76 clear=1.00 prog=0.19 rel=0.92 bal=+0.54 obs=193 hard=187 obsc=210 yr=  0  nz=0.08 flt=0.02 dmap=+0/-0 shz=4.0 plan=27 cmd=(lx=+0.00,ly=+0.40,rx=+0.00)
  t= 15.9 DWA-F pos=(-0.57,-0.25) yaw=-165.2 d=5.31 goal_err=-53 carrot_err= -36 c0=1.72 clear=1.00 prog=0.19 rel=0.92 bal=+0.54 obs=193 hard=189 obsc=205 yr= 15G nz=0.08 flt=0.01 dmap=+0/-0 shz=4.0 plan=27 cmd=(lx=+0.00,ly=+0.40,rx=+0.45)
  t= 16.4 DWA-F pos=(-0.62,-0.26) yaw=-170.1 d=5.27 goal_err=-49 carrot_err= -34 c0=1.67 clear=1.00 prog=0.21 rel=0.92 bal=+0.54 obs=197 hard=190 obsc=209 yr=  0  nz=0.08 flt=0.00 dmap=+1/-0 shz=4.0 plan=27 cmd=(lx=+0.00,ly=+0.40,rx=+0.00)
  t= 16.8 DWA-F pos=(-0.65,-0.27) yaw=-170.1 d=5.25 goal_err=-49 carrot_err= -42 c0=1.64 clear=1.00 prog=0.20 rel=0.92 bal=+0.50 obs=198 hard=191 obsc=208 yr=  0G nz=0.09 flt=0.01 dmap=+0/-0 shz=4.0 plan=26 cmd=(lx=+0.00,ly=+0.40,rx=+0.45)
  t= 17.2 DWA-F pos=(-0.70,-0.27) yaw=-176.5 d=5.22 goal_err=-43 carrot_err= -37 c0=1.85 clear=1.00 prog=0.22 rel=0.87 bal=+0.55 obs=198 hard=191 obsc=208 yr= 15G nz=0.13 flt=0.01 dmap=+0/-0 shz=4.0 plan=26 cmd=(lx=+0.00,ly=+0.40,rx=+0.00)
  t= 17.6 DWA-F pos=(-0.75,-0.27) yaw=-179.7 d=5.18 goal_err=-40 carrot_err= -37 c0=1.80 clear=1.00 prog=0.25 rel=0.86 bal=+0.52 obs=196 hard=190 obsc=206 yr=  0  nz=0.14 flt=0.00 dmap=+0/-0 shz=4.0 plan=26 cmd=(lx=+0.00,ly=+0.40,rx=+0.00)
  t= 18.1 DWA-F pos=(-0.80,-0.27) yaw=-179.7 d=5.14 goal_err=-40 carrot_err= -38 c0=1.76 clear=1.00 prog=0.26 rel=0.88 bal=+0.53 obs=195 hard=192 obsc=207 yr=  0G nz=0.12 flt=0.00 dmap=+0/-0 shz=4.0 plan=26 cmd=(lx=+0.00,ly=+0.40,rx=+0.45)
  t= 18.5 DWA-F pos=(-0.84,-0.27) yaw=+177.1 d=5.11 goal_err=-38 carrot_err= -29 c0=1.96 clear=1.00 prog=0.27 rel=0.88 bal=+0.53 obs=196 hard=192 obsc=207 yr=  0  nz=0.12 flt=0.00 dmap=+0/-0 shz=4.0 plan=25 cmd=(lx=+0.00,ly=+0.40,rx=+0.00)
  t= 18.9 DWA-F pos=(-0.89,-0.27) yaw=+177.1 d=5.07 goal_err=-38 carrot_err= -30 c0=1.91 clear=1.00 prog=0.28 rel=0.88 bal=+0.51 obs=196 hard=191 obsc=206 yr=  0  nz=0.12 flt=0.01 dmap=+0/-0 shz=4.0 plan=25 cmd=(lx=+0.00,ly=+0.40,rx=+0.00)
  t= 19.3 DWA-F pos=(-0.93,-0.27) yaw=+177.1 d=5.04 goal_err=-38 carrot_err= -32 c0=1.87 clear=1.00 prog=0.28 rel=0.89 bal=+0.50 obs=195 hard=192 obsc=206 yr=  0  nz=0.11 flt=0.02 dmap=+1/-1 shz=4.0 plan=25 cmd=(lx=+0.00,ly=+0.40,rx=+0.00)
  t= 19.8 DWA-F pos=(-0.98,-0.27) yaw=+177.1 d=5.00 goal_err=-38 carrot_err= -36 c0=1.83 clear=1.00 prog=0.27 rel=0.92 bal=+0.48 obs=194 hard=190 obsc=205 yr=  0  nz=0.09 flt=0.00 dmap=+0/-0 shz=4.0 plan=24 cmd=(lx=+0.00,ly=+0.40,rx=+0.00)
  t= 20.2 DWA-F pos=(-1.02,-0.26) yaw=+177.1 d=4.97 goal_err=-39 carrot_err= -37 c0=1.78 clear=1.00 prog=0.27 rel=0.92 bal=+0.32 obs=195 hard=190 obsc=205 yr=  0  nz=0.08 flt=0.00 dmap=+0/-0 shz=4.0 plan=24 cmd=(lx=+0.00,ly=+0.40,rx=+0.00)
  t= 20.6 DWA-F pos=(-1.07,-0.26) yaw=+175.5 d=4.92 goal_err=-38 carrot_err= -38 c0=1.73 clear=1.00 prog=0.29 rel=0.91 bal=+0.30 obs=195 hard=192 obsc=205 yr= 15G nz=0.09 flt=0.11 dmap=+0/-0 shz=4.0 plan=24 cmd=(lx=+0.00,ly=+0.40,rx=+0.45)
  t= 21.1 DWA-F pos=(-1.12,-0.26) yaw=+172.3 d=4.89 goal_err=-35 carrot_err= -36 c0=1.68 clear=1.00 prog=0.29 rel=0.91 bal=+0.29 obs=205 hard=192 obsc=214 yr=  0  nz=0.09 flt=0.01 dmap=+0/-0 shz=4.0 plan=24 cmd=(lx=+0.00,ly=+0.40,rx=+0.00)
  t= 21.5 DWA-F pos=(-1.16,-0.25) yaw=+172.3 d=4.85 goal_err=-35 carrot_err= -30 c0=1.64 clear=1.00 prog=0.29 rel=0.90 bal=+0.28 obs=204 hard=191 obsc=212 yr=  0  nz=0.10 flt=0.03 dmap=+0/-0 shz=4.0 plan=23 cmd=(lx=+0.00,ly=+0.40,rx=+0.00)
  t= 21.9 DWA-F pos=(-1.21,-0.24) yaw=+172.3 d=4.82 goal_err=-35 carrot_err= -31 c0=1.59 clear=1.00 prog=0.29 rel=0.91 bal=+0.27 obs=204 hard=191 obsc=211 yr=  0  nz=0.09 flt=0.01 dmap=+0/-0 shz=4.0 plan=23 cmd=(lx=+0.00,ly=+0.40,rx=+0.00)
  t= 22.4 DWA-F pos=(-1.25,-0.24) yaw=+172.3 d=4.78 goal_err=-36 carrot_err= -33 c0=1.55 clear=1.00 prog=0.29 rel=0.92 bal=+0.25 obs=203 hard=193 obsc=211 yr=  0  nz=0.08 flt=0.00 dmap=+1/-1 shz=4.0 plan=23 cmd=(lx=+0.00,ly=+0.40,rx=+0.00)
  t= 22.8 DWA-F pos=(-1.30,-0.23) yaw=+172.3 d=4.74 goal_err=-36 carrot_err= -34 c0=1.51 clear=1.00 prog=0.28 rel=0.93 bal=+0.24 obs=201 hard=193 obsc=210 yr=  0  nz=0.07 flt=0.00 dmap=+0/-0 shz=4.0 plan=23 cmd=(lx=+0.00,ly=+0.40,rx=+0.00)
  t= 23.2 DWA-F pos=(-1.35,-0.22) yaw=+172.3 d=4.70 goal_err=-36 carrot_err= -19 c0=1.45 clear=0.97 prog=0.29 rel=0.92 bal=+0.23 obs=200 hard=189 obsc=207 yr=  0  nz=0.08 flt=0.01 dmap=+0/-0 shz=4.0 plan=22 cmd=(lx=+0.00,ly=+0.40,rx=+0.00)
  t= 23.7 DWA-F pos=(-1.39,-0.22) yaw=+172.3 d=4.66 goal_err=-37 carrot_err= -20 c0=1.41 clear=0.94 prog=0.29 rel=0.92 bal=+0.22 obs=201 hard=191 obsc=209 yr=  0  nz=0.08 flt=0.02 dmap=+2/-1 shz=4.0 plan=22 cmd=(lx=+0.00,ly=+0.40,rx=+0.00)
  t= 24.1 DWA-F pos=(-1.44,-0.21) yaw=+172.3 d=4.63 goal_err=-37 carrot_err= -21 c0=1.36 clear=0.91 prog=0.29 rel=0.92 bal=+0.22 obs=201 hard=192 obsc=209 yr=  0  nz=0.08 flt=0.00 dmap=+0/-0 shz=4.0 plan=22 cmd=(lx=+0.00,ly=+0.40,rx=+0.00)
  t= 24.5 DWA-F pos=(-1.48,-0.21) yaw=+172.3 d=4.59 goal_err=-37 carrot_err= -22 c0=1.32 clear=0.88 prog=0.29 rel=0.92 bal=+0.07 obs=202 hard=193 obsc=209 yr=  0  nz=0.08 flt=0.01 dmap=+0/-0 shz=4.0 plan=22 cmd=(lx=+0.00,ly=+0.40,rx=+0.00)
  t= 24.9 DWA-F pos=(-1.54,-0.20) yaw=+172.3 d=4.55 goal_err=-38 carrot_err= -23 c0=1.26 clear=0.84 prog=0.29 rel=0.91 bal=+0.07 obs=200 hard=194 obsc=210 yr=  0  nz=0.09 flt=0.02 dmap=+1/-3 shz=4.0 plan=22 cmd=(lx=+0.00,ly=+0.40,rx=+0.00)
  t= 25.4 DWA-F pos=(-1.58,-0.19) yaw=+172.3 d=4.51 goal_err=-38 carrot_err= -25 c0=1.22 clear=0.81 prog=0.29 rel=0.91 bal=+0.07 obs=202 hard=193 obsc=210 yr=  0  nz=0.09 flt=0.02 dmap=+0/-0 shz=4.0 plan=22 cmd=(lx=+0.00,ly=+0.40,rx=+0.00)
  t= 25.8 DWA-F pos=(-1.63,-0.19) yaw=+172.3 d=4.48 goal_err=-38 carrot_err= -29 c0=1.17 clear=0.78 prog=0.29 rel=0.91 bal=+0.06 obs=202 hard=191 obsc=209 yr=  0  nz=0.09 flt=0.00 dmap=+0/-0 shz=4.0 plan=22 cmd=(lx=+0.00,ly=+0.40,rx=+0.00)
  t= 26.2 DWA-F pos=(-1.68,-0.18) yaw=+172.3 d=4.43 goal_err=-39 carrot_err= -31 c0=1.12 clear=0.75 prog=0.30 rel=0.92 bal=+0.06 obs=201 hard=192 obsc=208 yr=  0  nz=0.08 flt=0.00 dmap=+0/-0 shz=4.0 plan=21 cmd=(lx=+0.00,ly=+0.40,rx=+0.00)
  t= 26.7 DWA-F pos=(-1.72,-0.17) yaw=+172.3 d=4.40 goal_err=-39 carrot_err= -33 c0=1.08 clear=0.72 prog=0.28 rel=0.92 bal=+0.06 obs=201 hard=192 obsc=209 yr=  0  nz=0.08 flt=0.02 dmap=+0/-1 shz=4.0 plan=21 cmd=(lx=+0.00,ly=+0.40,rx=+0.45)
  t= 27.1 DWA-F pos=(-1.77,-0.17) yaw=+169.1 d=4.37 goal_err=-36 carrot_err= -32 c0=1.03 clear=0.69 prog=0.28 rel=0.91 bal=+0.05 obs=201 hard=193 obsc=209 yr=  0  nz=0.09 flt=0.02 dmap=+0/-0 shz=4.0 plan=21 cmd=(lx=+0.00,ly=+0.40,rx=+0.00)
  t= 27.5 DWA-F pos=(-1.81,-0.16) yaw=+169.1 d=4.33 goal_err=-37 carrot_err= -24 c0=0.99 clear=0.66 prog=0.28 rel=0.92 bal=+0.05 obs=203 hard=193 obsc=210 yr=  0  nz=0.08 flt=0.02 dmap=+0/-0 shz=4.0 plan=20 cmd=(lx=+0.00,ly=+0.40,rx=+0.00)
  t= 28.0 DWA-F pos=(-1.86,-0.15) yaw=+169.1 d=4.29 goal_err=-37 carrot_err= -26 c0=0.95 clear=0.63 prog=0.29 rel=0.92 bal=+0.04 obs=203 hard=194 obsc=210 yr=  0  nz=0.08 flt=0.02 dmap=+0/-0 shz=4.0 plan=20 cmd=(lx=+0.00,ly=+0.40,rx=+0.00)
  t= 28.4 DWA-F pos=(-1.91,-0.14) yaw=+169.1 d=4.25 goal_err=-38 carrot_err= -27 c0=0.89 clear=0.59 prog=0.29 rel=0.92 bal=+0.03 obs=203 hard=195 obsc=210 yr=  0  nz=0.08 flt=0.02 dmap=+0/-1 shz=4.0 plan=20 cmd=(lx=+0.00,ly=+0.40,rx=+0.00)
  t= 28.8 DWA-F pos=(-1.95,-0.13) yaw=+169.1 d=4.21 goal_err=-38 carrot_err= -30 c0=0.85 clear=0.57 prog=0.29 rel=0.92 bal=+0.03 obs=202 hard=192 obsc=209 yr=  0  nz=0.08 flt=0.00 dmap=+0/-0 shz=4.0 plan=20 cmd=(lx=+0.00,ly=+0.40,rx=+0.00)
  t= 29.3 DWA-F pos=(-2.00,-0.12) yaw=+169.1 d=4.18 goal_err=-38 carrot_err= -22 c0=0.81 clear=0.54 prog=0.29 rel=0.92 bal=+0.03 obs=205 hard=197 obsc=213 yr=  0  nz=0.08 flt=0.00 dmap=+0/-0 shz=4.0 plan=19 cmd=(lx=+0.00,ly=+0.40,rx=+0.00)
  t= 29.7 DWA-F pos=(-2.05,-0.11) yaw=+169.1 d=4.14 goal_err=-39 carrot_err= -23 c0=0.75 clear=0.50 prog=0.30 rel=0.92 bal=+0.03 obs=205 hard=197 obsc=213 yr=  0  nz=0.08 flt=0.02 dmap=+1/-1 shz=4.0 plan=19 cmd=(lx=+0.00,ly=+0.40,rx=+0.00)
  t= 30.1 DWA-F pos=(-2.09,-0.10) yaw=+169.1 d=4.10 goal_err=-39 carrot_err= -25 c0=0.71 clear=0.47 prog=0.28 rel=0.92 bal=-0.11 obs=205 hard=198 obsc=215 yr=  0  nz=0.08 flt=0.02 dmap=+0/-0 shz=4.0 plan=19 cmd=(lx=+0.00,ly=+0.40,rx=+0.45)
  t= 30.6 DWA-F pos=(-2.14,-0.09) yaw=+165.9 d=4.07 goal_err=-36 carrot_err= -25 c0=0.67 clear=0.45 prog=0.28 rel=0.91 bal=-0.12 obs=209 hard=198 obsc=216 yr=  0  nz=0.09 flt=0.10 dmap=+0/-0 shz=4.0 plan=18 cmd=(lx=+0.00,ly=+0.40,rx=+0.00)
  t= 31.0 DWA-F pos=(-2.18,-0.08) yaw=+165.9 d=4.03 goal_err=-37 carrot_err= -26 c0=0.63 clear=0.42 prog=0.28 rel=0.92 bal=-0.40 obs=210 hard=197 obsc=218 yr=  0  nz=0.09 flt=0.00 dmap=+0/-0 shz=4.0 plan=18 cmd=(lx=+0.00,ly=+0.40,rx=+0.00)
  t= 31.4 DWA-F pos=(-2.24,-0.07) yaw=+165.9 d=3.99 goal_err=-37 carrot_err= -27 c0=0.78 clear=0.52 prog=0.30 rel=0.90 bal=-0.55 obs=210 hard=199 obsc=218 yr=  0  nz=0.10 flt=0.04 dmap=+1/-1 shz=4.0 plan=18 cmd=(lx=+0.00,ly=+0.40,rx=+0.00)
  t= 31.9 DWA-F pos=(-2.28,-0.06) yaw=+165.9 d=3.95 goal_err=-38 carrot_err= -28 c0=0.92 clear=0.62 prog=0.28 rel=0.89 bal=-0.55 obs=211 hard=201 obsc=220 yr=  0  nz=0.11 flt=0.00 dmap=+0/-0 shz=4.0 plan=18 cmd=(lx=+0.00,ly=+0.40,rx=+0.00)
  t= 32.3 DWA-F pos=(-2.32,-0.05) yaw=+165.9 d=3.92 goal_err=-38 carrot_err= -30 c0=0.88 clear=0.59 prog=0.29 rel=0.85 bal=-0.55 obs=212 hard=204 obsc=222 yr=  0G nz=0.15 flt=0.01 dmap=+0/-0 shz=4.0 plan=18 cmd=(lx=+0.00,ly=+0.40,rx=+0.45)
  t= 32.7 DWA-F pos=(-2.37,-0.03) yaw=+161.1 d=3.87 goal_err=-34 carrot_err= -26 c0=0.83 clear=0.55 prog=0.31 rel=0.90 bal=-0.55 obs=212 hard=202 obsc=219 yr=  0  nz=0.10 flt=0.03 dmap=+0/-0 shz=4.0 plan=18 cmd=(lx=+0.00,ly=+0.40,rx=+0.00)
  t= 33.1 DWA-F pos=(-2.42,-0.02) yaw=+161.1 d=3.83 goal_err=-34 carrot_err= -28 c0=0.78 clear=0.52 prog=0.29 rel=0.90 bal=-0.54 obs=213 hard=203 obsc=220 yr=  0  nz=0.10 flt=0.01 dmap=+0/-0 shz=4.0 plan=18 cmd=(lx=+0.00,ly=+0.40,rx=+0.00)
  t= 33.6 DWA-F pos=(-2.46,-0.00) yaw=+161.1 d=3.80 goal_err=-34 carrot_err= -29 c0=0.74 clear=0.49 prog=0.30 rel=0.91 bal=-0.50 obs=211 hard=202 obsc=220 yr=  0  nz=0.10 flt=0.01 dmap=+0/-0 shz=4.0 plan=17 cmd=(lx=+0.00,ly=+0.40,rx=+0.45)
  t= 34.0 DWA-F pos=(-2.50,+0.01) yaw=+156.3 d=3.76 goal_err=-30 carrot_err= -26 c0=0.70 clear=0.47 prog=0.30 rel=0.91 bal=-0.50 obs=213 hard=202 obsc=221 yr= 15  nz=0.09 flt=0.03 dmap=+2/-0 shz=4.0 plan=17 cmd=(lx=+0.00,ly=+0.40,rx=+0.00)
  t= 34.5 DWA-F pos=(-2.54,+0.03) yaw=+154.7 d=3.72 goal_err=-29 carrot_err= -26 c0=1.07 clear=0.71 prog=0.31 rel=0.79 bal=-0.49 obs=214 hard=203 obsc=223 yr=  0  nz=0.21 flt=0.01 dmap=+1/-1 shz=4.0 plan=17 cmd=(lx=+0.00,ly=+0.40,rx=+0.00)
  t= 34.9 ENG-F pos=(-2.59,+0.05) yaw=+154.7 d=3.67 goal_err=-29 carrot_err= -25 c0=1.02 clear=0.68 prog=0.30 rel=0.74 bal=-0.37 obs=215 hard=204 obsc=224 yr=  0  nz=0.26 flt=0.03 dmap=+0/-0 shz=4.0 plan=17 cmd=(lx=+0.00,ly=+0.28,rx=+0.00)
  t= 35.3 ENG-F pos=(-2.62,+0.07) yaw=+154.7 d=3.64 goal_err=-29 carrot_err= -26 c0=0.99 clear=0.66 prog=0.29 rel=0.80 bal=-0.37 obs=216 hard=204 obsc=226 yr=  0  nz=0.20 flt=0.02 dmap=+0/-0 shz=4.0 plan=17 cmd=(lx=+0.00,ly=+0.28,rx=+0.00)
  t= 35.7 ENG-F pos=(-2.65,+0.08) yaw=+154.7 d=3.61 goal_err=-30 carrot_err= -27 c0=0.95 clear=0.64 prog=0.29 rel=0.93 bal=-0.37 obs=219 hard=206 obsc=227 yr=  0  nz=0.07 flt=0.02 dmap=+3/-0 shz=4.0 plan=17 cmd=(lx=+0.00,ly=+0.28,rx=+0.00)
  t= 36.2 ENG-F pos=(-2.69,+0.10) yaw=+154.7 d=3.58 goal_err=-30 carrot_err= -28 c0=0.92 clear=0.61 prog=0.28 rel=0.93 bal=-0.41 obs=218 hard=206 obsc=227 yr=  0  nz=0.07 flt=0.00 dmap=+0/-0 shz=4.0 plan=17 cmd=(lx=+0.00,ly=+0.28,rx=+0.00)
  t= 36.6 ENG-F pos=(-2.72,+0.12) yaw=+154.7 d=3.55 goal_err=-30 carrot_err= -20 c0=0.89 clear=0.59 prog=0.25 rel=0.93 bal=-0.36 obs=218 hard=208 obsc=226 yr=  0  nz=0.07 flt=0.03 dmap=+0/-0 shz=4.0 plan=17 cmd=(lx=+0.00,ly=+0.28,rx=+0.00)
  t= 37.0 ENG-F pos=(-2.76,+0.13) yaw=+154.7 d=3.51 goal_err=-31 carrot_err= -21 c0=0.84 clear=0.56 prog=0.26 rel=0.93 bal=-0.36 obs=219 hard=208 obsc=227 yr=  0  nz=0.07 flt=0.01 dmap=+1/-0 shz=4.0 plan=16 cmd=(lx=+0.00,ly=+0.28,rx=+0.00)
  t= 37.4 ENG-F pos=(-2.79,+0.15) yaw=+154.7 d=3.48 goal_err=-31 carrot_err= -22 c0=0.81 clear=0.54 prog=0.26 rel=0.92 bal=-0.30 obs=216 hard=208 obsc=227 yr=  0  nz=0.08 flt=0.02 dmap=+0/-0 shz=4.0 plan=16 cmd=(lx=+0.00,ly=+0.28,rx=+0.00)
  t= 37.9 ENG-F pos=(-2.82,+0.17) yaw=+154.7 d=3.45 goal_err=-31 carrot_err= -22 c0=0.78 clear=0.52 prog=0.26 rel=0.92 bal=-0.30 obs=217 hard=207 obsc=226 yr=  0  nz=0.08 flt=0.00 dmap=+0/-0 shz=4.0 plan=16 cmd=(lx=+0.00,ly=+0.28,rx=+0.00)
  t= 38.3 ENG-F pos=(-2.86,+0.18) yaw=+154.7 d=3.42 goal_err=-31 carrot_err= -23 c0=0.74 clear=0.50 prog=0.26 rel=0.92 bal=-0.30 obs=220 hard=208 obsc=227 yr=  0  nz=0.08 flt=0.03 dmap=+1/-0 shz=4.0 plan=16 cmd=(lx=+0.00,ly=+0.28,rx=+0.00)
  t= 38.7 ENG-F pos=(-2.89,+0.20) yaw=+154.7 d=3.39 goal_err=-32 carrot_err= -24 c0=0.74 clear=0.49 prog=0.24 rel=0.92 bal=-0.31 obs=220 hard=211 obsc=229 yr=  0  nz=0.08 flt=0.00 dmap=+2/-2 shz=4.0 plan=16 cmd=(lx=+0.00,ly=+0.28,rx=+0.00)
  t= 39.2 ENG-F pos=(-2.92,+0.21) yaw=+154.7 d=3.36 goal_err=-32 carrot_err= -26 c0=0.70 clear=0.47 prog=0.24 rel=0.93 bal=-0.19 obs=220 hard=212 obsc=228 yr=  0  nz=0.07 flt=0.00 dmap=+0/-0 shz=4.0 plan=16 cmd=(lx=+0.00,ly=+0.28,rx=+0.00)
  t= 39.6 ENG-F pos=(-2.95,+0.23) yaw=+153.0 d=3.33 goal_err=-31 carrot_err= -25 c0=0.67 clear=0.45 prog=0.24 rel=0.95 bal=-0.19 obs=220 hard=211 obsc=227 yr= 15G nz=0.05 flt=0.01 dmap=+0/-0 shz=4.0 plan=16 cmd=(lx=+0.00,ly=+0.28,rx=+0.00)
  t= 40.0 ENG-F pos=(-2.98,+0.24) yaw=+151.4 d=3.30 goal_err=-29 carrot_err= -24 c0=0.64 clear=0.43 prog=0.23 rel=0.95 bal=-0.20 obs=220 hard=212 obsc=227 yr=  0  nz=0.05 flt=0.01 dmap=+0/-0 shz=4.0 plan=16 cmd=(lx=+0.00,ly=+0.28,rx=+0.00)
  t= 40.4 ENG-T pos=(-3.01,+0.26) yaw=+151.4 d=3.27 goal_err=-30 carrot_err= -26 c0=0.61 clear=0.41 prog=0.23 rel=0.95 bal=-0.20 obs=220 hard=211 obsc=227 yr=  0  nz=0.05 flt=0.00 dmap=+0/-0 shz=4.0 plan=16 cmd=(lx=+0.00,ly=+0.00,rx=+0.45)
  t= 40.9 ENG-F pos=(-3.03,+0.27) yaw=+148.2 d=3.26 goal_err=-27 carrot_err= -23 c0=0.59 clear=0.39 prog=0.20 rel=0.94 bal=-0.24 obs=220 hard=211 obsc=227 yr=  0  nz=0.06 flt=0.00 dmap=+0/-0 shz=4.0 plan=16 cmd=(lx=+0.00,ly=+0.28,rx=+0.00)
  t= 41.3 ENG-F pos=(-3.06,+0.29) yaw=+148.2 d=3.22 goal_err=-27 carrot_err= -24 c0=0.56 clear=0.37 prog=0.19 rel=0.94 bal=-0.24 obs=220 hard=211 obsc=228 yr=  0  nz=0.06 flt=0.01 dmap=+1/-1 shz=4.0 plan=16 cmd=(lx=+0.00,ly=+0.28,rx=+0.00)
  t= 41.7 ENG-F pos=(-3.07,+0.29) yaw=+145.0 d=3.21 goal_err=-24 carrot_err= -22 c0=0.54 clear=0.36 prog=0.19 rel=0.93 bal=-0.25 obs=220 hard=211 obsc=228 yr= 15  nz=0.07 flt=0.01 dmap=+0/-0 shz=4.0 plan=16 cmd=(lx=+0.00,ly=+0.28,rx=+0.00)
  t= 42.1 ENG-F pos=(-3.10,+0.31) yaw=+145.0 d=3.18 goal_err=-24 carrot_err= -19 c0=0.58 clear=0.38 prog=0.20 rel=0.95 bal=-0.20 obs=225 hard=218 obsc=236 yr=  0  nz=0.05 flt=0.02 dmap=+0/-0 shz=4.0 plan=16 cmd=(lx=+0.00,ly=+0.28,rx=+0.00)
  t= 42.6 ENG-F pos=(-3.13,+0.33) yaw=+143.4 d=3.14 goal_err=-23 carrot_err= -18 c0=0.54 clear=0.36 prog=0.21 rel=0.95 bal=-0.19 obs=225 hard=215 obsc=234 yr= 16G nz=0.04 flt=0.12 dmap=+0/-0 shz=4.0 plan=16 cmd=(lx=+0.00,ly=+0.28,rx=+0.00)
  t= 43.0 ENG-F pos=(-3.15,+0.35) yaw=+141.8 d=3.12 goal_err=-21 carrot_err= -17 c0=0.52 clear=0.34 prog=0.21 rel=0.96 bal=-0.19 obs=226 hard=214 obsc=240 yr=  0  nz=0.04 flt=0.04 dmap=+0/-0 shz=4.0 plan=15 cmd=(lx=+0.00,ly=+0.28,rx=+0.00)
  t= 43.4 ENG-F pos=(-3.16,+0.36) yaw=+138.6 d=3.11 goal_err=-18 carrot_err= -14 c0=0.50 clear=0.33 prog=0.17 rel=0.94 bal=-0.18 obs=227 hard=215 obsc=241 yr= 15  nz=0.06 flt=0.05 dmap=+0/-0 shz=4.0 plan=15 cmd=(lx=+0.00,ly=+0.28,rx=+0.00)
  t= 43.8 ENG-T pos=(-3.18,+0.38) yaw=+138.6 d=3.08 goal_err=-18 carrot_err= -15 c0=0.66 clear=0.44 prog=0.20 rel=0.90 bal=+0.45 obs=225 hard=215 obsc=240 yr=  0  nz=0.10 flt=0.00 dmap=+1/-2 shz=4.0 plan=15 cmd=(lx=+0.00,ly=+0.00,rx=+0.45)
  t= 44.3 ENG-F pos=(-3.19,+0.39) yaw=+135.4 d=3.06 goal_err=-15 carrot_err= -12 c0=1.09 clear=0.72 prog=0.17 rel=0.87 bal=+0.46 obs=227 hard=217 obsc=240 yr=  0  nz=0.13 flt=0.00 dmap=+1/-0 shz=4.0 plan=15 cmd=(lx=+0.00,ly=+0.28,rx=+0.00)
  t= 44.7 ENG-F pos=(-3.21,+0.41) yaw=+133.8 d=3.04 goal_err=-14 carrot_err= -11 c0=1.06 clear=0.71 prog=0.17 rel=0.65 bal=+0.47 obs=228 hard=218 obsc=241 yr= 15G nz=0.35 flt=0.01 dmap=+0/-0 shz=4.0 plan=15 cmd=(lx=+0.00,ly=+0.28,rx=+0.00)
  t= 45.1 ENG-F pos=(-3.23,+0.42) yaw=+132.2 d=3.02 goal_err=-12 carrot_err=  -9 c0=1.31 clear=0.87 prog=0.16 rel=0.56 bal=+0.48 obs=238 hard=228 obsc=251 yr=  0  nz=0.44 flt=0.02 dmap=+0/-0 shz=4.0 plan=15 cmd=(lx=+0.00,ly=+0.28,rx=+0.00)
  t= 45.5 ENG-F pos=(-3.24,+0.43) yaw=+129.0 d=3.00 goal_err=-9 carrot_err=  -6 c0=1.39 clear=0.93 prog=0.15 rel=0.59 bal=+0.49 obs=239 hard=229 obsc=253 yr= 15  nz=0.41 flt=0.13 dmap=+1/-1 shz=4.0 plan=15 cmd=(lx=+0.00,ly=+0.28,rx=+0.00)
  t= 46.0 ENG-GO pos=(-3.25,+0.45) yaw=+129.0 d=2.98 goal_err=-9 carrot_err=  -6 c0=1.37 clear=0.92 prog=0.15 rel=0.68 bal=-0.12 obs=238 hard=229 obsc=252 yr=  0  nz=0.32 flt=0.00 dmap=+0/-0 shz=4.0 plan=15 cmd=(lx=+0.00,ly=+0.28,rx=+0.00)
  t= 46.4 ENG-GO pos=(-3.27,+0.48) yaw=+129.0 d=2.95 goal_err=-9 carrot_err=  -7 c0=1.34 clear=0.90 prog=0.16 rel=0.72 bal=-0.12 obs=235 hard=228 obsc=250 yr=  0  nz=0.28 flt=0.03 dmap=+0/-0 shz=4.0 plan=15 cmd=(lx=+0.00,ly=+0.28,rx=+0.00)
  t= 46.8 ENG-GO pos=(-3.29,+0.50) yaw=+129.0 d=2.92 goal_err=-9 carrot_err=  -3 c0=1.31 clear=0.87 prog=0.20 rel=0.70 bal=+0.53 obs=235 hard=225 obsc=249 yr=  0  nz=0.30 flt=0.01 dmap=+1/-1 shz=4.0 plan=15 cmd=(lx=+0.00,ly=+0.28,rx=+0.00)
  t= 47.2 ENG-GO pos=(-3.31,+0.53) yaw=+129.0 d=2.88 goal_err=-10 carrot_err=  -3 c0=1.28 clear=0.85 prog=0.21 rel=0.94 bal=+0.55 obs=236 hard=224 obsc=249 yr=  0  nz=0.06 flt=0.00 dmap=+1/-0 shz=4.0 plan=15 cmd=(lx=+0.00,ly=+0.28,rx=+0.00)
  t= 47.7 ENG-GO pos=(-3.34,+0.56) yaw=+129.0 d=2.84 goal_err=-10 carrot_err=  -1 c0=1.23 clear=0.82 prog=0.26 rel=0.93 bal=+0.16 obs=235 hard=223 obsc=248 yr=  0  nz=0.07 flt=0.01 dmap=+0/-0 shz=4.0 plan=13 cmd=(lx=+0.00,ly=+0.28,rx=+0.00)
  t= 48.1 ENG-GO pos=(-3.36,+0.59) yaw=+129.0 d=2.80 goal_err=-10 carrot_err=  -1 c0=1.20 clear=0.80 prog=0.29 rel=0.93 bal=+0.17 obs=233 hard=225 obsc=247 yr=  0  nz=0.07 flt=0.00 dmap=+0/-1 shz=4.0 plan=13 cmd=(lx=+0.00,ly=+0.28,rx=+0.00)
  t= 48.5 ENG-GO pos=(-3.39,+0.62) yaw=+129.0 d=2.77 goal_err=-10 carrot_err=  -1 c0=1.17 clear=0.78 prog=0.29 rel=0.92 bal=+0.02 obs=236 hard=227 obsc=249 yr=  0  nz=0.08 flt=0.03 dmap=+0/-0 shz=4.0 plan=13 cmd=(lx=+0.00,ly=+0.28,rx=+0.00)
  t= 49.0 ENG-GO pos=(-3.41,+0.65) yaw=+129.0 d=2.73 goal_err=-10 carrot_err=  -1 c0=1.13 clear=0.76 prog=0.29 rel=0.93 bal=+0.03 obs=236 hard=227 obsc=250 yr=  0  nz=0.07 flt=0.00 dmap=+0/-0 shz=4.0 plan=13 cmd=(lx=+0.00,ly=+0.28,rx=+0.00)
  t= 49.4 ENG-GO pos=(-3.43,+0.68) yaw=+129.0 d=2.70 goal_err=-10 carrot_err=  -1 c0=1.10 clear=0.73 prog=0.28 rel=0.93 bal=+0.00 obs=234 hard=227 obsc=249 yr=  0  nz=0.07 flt=0.02 dmap=+0/-2 shz=4.0 plan=13 cmd=(lx=+0.00,ly=+0.28,rx=+0.00)
  t= 49.8 ENG-GO pos=(-3.46,+0.71) yaw=+129.0 d=2.65 goal_err=-10 carrot_err=  -1 c0=1.06 clear=0.71 prog=0.29 rel=0.92 bal=-0.08 obs=233 hard=226 obsc=248 yr=  0  nz=0.08 flt=0.00 dmap=+2/-2 shz=4.0 plan=13 cmd=(lx=+0.00,ly=+0.28,rx=+0.00)
  t= 50.2 ENG-GO pos=(-3.48,+0.74) yaw=+129.0 d=2.62 goal_err=-11 carrot_err=  -1 c0=1.03 clear=0.68 prog=0.29 rel=0.91 bal=-0.10 obs=233 hard=224 obsc=246 yr=  0  nz=0.09 flt=0.00 dmap=+0/-0 shz=4.0 plan=13 cmd=(lx=+0.00,ly=+0.28,rx=+0.00)
  t= 50.7 ENG-GO pos=(-3.51,+0.77) yaw=+129.0 d=2.58 goal_err=-11 carrot_err=  -1 c0=1.07 clear=0.72 prog=0.29 rel=0.91 bal=+0.04 obs=231 hard=222 obsc=244 yr=  0  nz=0.09 flt=0.04 dmap=+0/-0 shz=4.0 plan=13 cmd=(lx=+0.00,ly=+0.28,rx=+0.00)
  t= 51.1 ENG-GO pos=(-3.53,+0.80) yaw=+129.0 d=2.55 goal_err=-11 carrot_err=  +1 c0=1.04 clear=0.69 prog=0.29 rel=0.95 bal=+0.04 obs=232 hard=223 obsc=246 yr=  0  nz=0.05 flt=0.00 dmap=+3/-1 shz=4.0 plan=12 cmd=(lx=+0.00,ly=+0.28,rx=+0.00)
  t= 51.5 ENG-GO pos=(-3.55,+0.82) yaw=+129.0 d=2.51 goal_err=-11 carrot_err=  +1 c0=1.01 clear=0.67 prog=0.28 rel=0.96 bal=+0.04 obs=231 hard=223 obsc=246 yr=  0  nz=0.04 flt=0.00 dmap=+0/-0 shz=4.0 plan=12 cmd=(lx=+0.00,ly=+0.28,rx=+0.00)
  t= 51.9 ENG-GO pos=(-3.58,+0.86) yaw=+129.0 d=2.47 goal_err=-11 carrot_err=  +1 c0=0.98 clear=0.66 prog=0.29 rel=0.95 bal=+0.04 obs=233 hard=222 obsc=246 yr=  0  nz=0.05 flt=0.00 dmap=+0/-0 shz=4.0 plan=12 cmd=(lx=+0.00,ly=+0.28,rx=+0.00)
  t= 52.4 ENG-GO pos=(-3.60,+0.89) yaw=+129.0 d=2.43 goal_err=-11 carrot_err=  +1 c0=0.95 clear=0.63 prog=0.29 rel=0.93 bal=+0.03 obs=230 hard=221 obsc=244 yr=  0  nz=0.07 flt=0.00 dmap=+0/-1 shz=4.0 plan=12 cmd=(lx=+0.00,ly=+0.28,rx=+0.00)
  t= 52.8 ENG-GO pos=(-3.62,+0.91) yaw=+129.0 d=2.40 goal_err=-12 carrot_err=  +1 c0=0.91 clear=0.61 prog=0.29 rel=0.93 bal=-0.09 obs=231 hard=224 obsc=246 yr=  0  nz=0.07 flt=0.01 dmap=+0/-0 shz=4.0 plan=12 cmd=(lx=+0.00,ly=+0.28,rx=+0.00)
  t= 53.2 ENG-GO pos=(-3.65,+0.94) yaw=+129.0 d=2.36 goal_err=-12 carrot_err=  +1 c0=0.88 clear=0.59 prog=0.29 rel=0.92 bal=-0.09 obs=230 hard=222 obsc=244 yr=  0  nz=0.08 flt=0.01 dmap=+0/-0 shz=4.0 plan=12 cmd=(lx=+0.00,ly=+0.28,rx=+0.00)
  t= 53.7 ENG-GO pos=(-3.67,+0.97) yaw=+129.0 d=2.33 goal_err=-12 carrot_err=  +1 c0=0.85 clear=0.56 prog=0.29 rel=0.92 bal=+0.03 obs=229 hard=222 obsc=244 yr=  0  nz=0.08 flt=0.00 dmap=+1/-2 shz=4.0 plan=12 cmd=(lx=+0.00,ly=+0.28,rx=+0.00)
  t= 54.1 ENG-GO pos=(-3.69,+1.00) yaw=+129.0 d=2.29 goal_err=-12 carrot_err=  +1 c0=0.81 clear=0.54 prog=0.28 rel=0.93 bal=+0.03 obs=229 hard=221 obsc=243 yr=  0  nz=0.07 flt=0.00 dmap=+1/-0 shz=4.0 plan=11 cmd=(lx=+0.00,ly=+0.28,rx=+0.00)
  t= 54.5 ENG-GO pos=(-3.72,+1.03) yaw=+129.0 d=2.25 goal_err=-12 carrot_err=  +1 c0=0.78 clear=0.52 prog=0.28 rel=0.92 bal=+0.02 obs=229 hard=222 obsc=243 yr=  0  nz=0.08 flt=0.01 dmap=+0/-0 shz=4.0 plan=11 cmd=(lx=+0.00,ly=+0.28,rx=+0.00)
  t= 54.9 ENG-GO pos=(-3.74,+1.05) yaw=+129.0 d=2.22 goal_err=-12 carrot_err=  +1 c0=0.75 clear=0.50 prog=0.28 rel=0.92 bal=+0.01 obs=229 hard=221 obsc=241 yr=  0  nz=0.08 flt=0.01 dmap=+0/-0 shz=4.0 plan=11 cmd=(lx=+0.00,ly=+0.28,rx=+0.00)
  t= 55.4 ENG-GO pos=(-3.76,+1.08) yaw=+129.0 d=2.18 goal_err=-13 carrot_err=  +3 c0=0.71 clear=0.48 prog=0.28 rel=0.92 bal=+0.01 obs=227 hard=218 obsc=239 yr=  0  nz=0.08 flt=0.00 dmap=+0/-0 shz=4.0 plan=11 cmd=(lx=+0.00,ly=+0.28,rx=+0.00)
  t= 55.8 ENG-GO pos=(-3.79,+1.12) yaw=+129.0 d=2.14 goal_err=-13 carrot_err=  +3 c0=0.94 clear=0.63 prog=0.29 rel=0.88 bal=-0.00 obs=228 hard=219 obsc=240 yr=  0  nz=0.12 flt=0.01 dmap=+0/-0 shz=4.0 plan=10 cmd=(lx=+0.00,ly=+0.28,rx=+0.00)
  t= 56.2 ENG-GO pos=(-3.81,+1.15) yaw=+129.0 d=2.11 goal_err=-13 carrot_err=  +3 c0=0.91 clear=0.61 prog=0.29 rel=0.85 bal=-0.02 obs=230 hard=222 obsc=243 yr=  0  nz=0.15 flt=0.01 dmap=+0/-1 shz=3.9 plan=10 cmd=(lx=+0.00,ly=+0.28,rx=+0.00)
  t= 56.6 ENG-GO pos=(-3.83,+1.17) yaw=+129.0 d=2.07 goal_err=-13 carrot_err=  +3 c0=0.88 clear=0.58 prog=0.29 rel=0.84 bal=-0.03 obs=232 hard=222 obsc=244 yr=  0  nz=0.16 flt=0.00 dmap=+1/-0 shz=4.0 plan=10 cmd=(lx=+0.00,ly=+0.28,rx=+0.00)
  t= 57.1 ENG-GO pos=(-3.86,+1.20) yaw=+129.0 d=2.04 goal_err=-14 carrot_err=  +3 c0=0.84 clear=0.56 prog=0.29 rel=0.94 bal=-0.04 obs=234 hard=225 obsc=247 yr=  0  nz=0.06 flt=0.00 dmap=+1/-0 shz=4.0 plan=10 cmd=(lx=+0.00,ly=+0.28,rx=+0.00)
  t= 57.5 ENG-GO pos=(-3.88,+1.23) yaw=+129.0 d=2.00 goal_err=-14 carrot_err=  +3 c0=0.81 clear=0.54 prog=0.29 rel=0.92 bal=+0.11 obs=230 hard=222 obsc=244 yr=  0  nz=0.08 flt=0.01 dmap=+0/-0 shz=4.0 plan=10 cmd=(lx=+0.00,ly=+0.28,rx=+0.00)
  t= 57.9 ENG-GO pos=(-3.90,+1.26) yaw=+129.0 d=1.97 goal_err=-14 carrot_err=  +4 c0=0.78 clear=0.52 prog=0.27 rel=0.92 bal=+0.11 obs=226 hard=221 obsc=241 yr=  0  nz=0.08 flt=0.01 dmap=+0/-3 shz=4.0 plan=10 cmd=(lx=+0.00,ly=+0.28,rx=+0.00)
  t= 58.3 ENG-GO pos=(-3.92,+1.29) yaw=+129.0 d=1.93 goal_err=-14 carrot_err= -12 c0=1.57 clear=1.00 prog=0.27 rel=0.58 bal=+0.05 obs=228 hard=220 obsc=242 yr=  0  nz=0.42 flt=0.00 dmap=+0/-0 shz=4.0 plan=10 cmd=(lx=+0.00,ly=+0.28,rx=+0.00)
  t= 58.8 ENG-GO pos=(-3.95,+1.32) yaw=+129.0 d=1.89 goal_err=-15 carrot_err= -12 c0=1.53 clear=1.00 prog=0.29 rel=0.42 bal=+0.04 obs=229 hard=219 obsc=241 yr=  0  nz=0.58 flt=0.00 dmap=+0/-0 shz=4.0 plan=10 cmd=(lx=+0.00,ly=+0.28,rx=+0.00)
  t= 59.2 ENG-GO pos=(-3.98,+1.35) yaw=+129.0 d=1.85 goal_err=-15 carrot_err= -13 c0=1.49 clear=0.99 prog=0.29 rel=0.44 bal=+0.03 obs=226 hard=217 obsc=238 yr=  0  nz=0.56 flt=0.00 dmap=+0/-1 shz=4.0 plan=9 cmd=(lx=+0.00,ly=+0.28,rx=+0.00)
  t= 59.6 ENG-GO pos=(-4.00,+1.38) yaw=+129.0 d=1.82 goal_err=-15 carrot_err= -13 c0=1.46 clear=0.97 prog=0.29 rel=0.59 bal=+0.01 obs=226 hard=221 obsc=240 yr=  0  nz=0.41 flt=0.00 dmap=+0/-0 shz=4.0 plan=9 cmd=(lx=+0.00,ly=+0.28,rx=+0.00)
  t= 60.0 ENG-GO pos=(-4.02,+1.40) yaw=+129.0 d=1.78 goal_err=-16 carrot_err= -14 c0=1.42 clear=0.95 prog=0.29 rel=0.93 bal=-0.01 obs=228 hard=221 obsc=240 yr=  0  nz=0.07 flt=0.00 dmap=+1/-0 shz=4.0 plan=9 cmd=(lx=+0.00,ly=+0.28,rx=+0.00)
  t= 60.5 ENG-GO pos=(-4.04,+1.43) yaw=+129.0 d=1.76 goal_err=-16 carrot_err= -14 c0=1.40 clear=0.93 prog=0.27 rel=0.95 bal=-0.01 obs=227 hard=218 obsc=238 yr=  0  nz=0.05 flt=0.00 dmap=+0/-0 shz=4.0 plan=9 cmd=(lx=+0.00,ly=+0.28,rx=+0.00)
  t= 60.9 ENG-GO pos=(-4.06,+1.45) yaw=+129.0 d=1.72 goal_err=-16 carrot_err= -15 c0=1.36 clear=0.91 prog=0.26 rel=0.93 bal=+0.01 obs=227 hard=219 obsc=239 yr=  0  nz=0.07 flt=0.04 dmap=+0/-0 shz=4.0 plan=9 cmd=(lx=+0.00,ly=+0.28,rx=+0.00)
  t= 61.3 ENG-GO pos=(-4.09,+1.49) yaw=+129.0 d=1.68 goal_err=-17 carrot_err= -15 c0=1.32 clear=0.88 prog=0.27 rel=0.92 bal=-0.04 obs=229 hard=221 obsc=241 yr=  0  nz=0.08 flt=0.01 dmap=+0/-0 shz=4.0 plan=9 cmd=(lx=+0.00,ly=+0.28,rx=+0.00)
  t= 61.7 ENG-GO pos=(-4.11,+1.52) yaw=+129.0 d=1.64 goal_err=-17 carrot_err= -10 c0=1.29 clear=0.86 prog=0.27 rel=0.92 bal=+0.08 obs=229 hard=221 obsc=239 yr=  0  nz=0.08 flt=0.01 dmap=+0/-0 shz=4.0 plan=9 cmd=(lx=+0.00,ly=+0.28,rx=+0.00)
  t= 62.2 ENG-GO pos=(-4.13,+1.54) yaw=+129.0 d=1.61 goal_err=-17 carrot_err= -10 c0=1.25 clear=0.83 prog=0.28 rel=0.92 bal=-0.55 obs=233 hard=223 obsc=243 yr=  0  nz=0.09 flt=0.01 dmap=+4/-0 shz=4.0 plan=8 cmd=(lx=+0.00,ly=+0.28,rx=+0.00)
  t= 62.6 ENG-GO pos=(-4.16,+1.57) yaw=+129.0 d=1.58 goal_err=-18 carrot_err= -11 c0=1.22 clear=0.81 prog=0.28 rel=0.92 bal=-0.57 obs=232 hard=222 obsc=242 yr=  0  nz=0.08 flt=0.00 dmap=+1/-0 shz=4.0 plan=8 cmd=(lx=+0.00,ly=+0.28,rx=+0.00)
  t= 63.0 ENG-GO pos=(-4.18,+1.60) yaw=+129.0 d=1.54 goal_err=-18 carrot_err= -11 c0=1.18 clear=0.79 prog=0.27 rel=0.92 bal=-0.59 obs=234 hard=223 obsc=243 yr=  0  nz=0.08 flt=0.01 dmap=+0/-0 shz=4.0 plan=8 cmd=(lx=+0.00,ly=+0.28,rx=+0.00)
  t= 63.4 ENG-GO pos=(-4.20,+1.63) yaw=+129.0 d=1.51 goal_err=-18 carrot_err= -12 c0=1.15 clear=0.77 prog=0.27 rel=0.92 bal=-0.60 obs=234 hard=226 obsc=245 yr=  0  nz=0.08 flt=0.00 dmap=+2/-1 shz=4.0 plan=8 cmd=(lx=+0.00,ly=+0.28,rx=+0.00)
  t= 63.9 ENG-GO pos=(-4.23,+1.66) yaw=+129.0 d=1.46 goal_err=-19 carrot_err= -12 c0=1.11 clear=0.74 prog=0.28 rel=0.93 bal=-0.48 obs=232 hard=225 obsc=243 yr=  0  nz=0.07 flt=0.01 dmap=+0/-0 shz=4.0 plan=8 cmd=(lx=+0.00,ly=+0.28,rx=+0.00)
  t= 64.3 ENG-GO pos=(-4.25,+1.69) yaw=+129.0 d=1.43 goal_err=-20 carrot_err= -13 c0=1.07 clear=0.72 prog=0.28 rel=0.92 bal=-0.38 obs=235 hard=224 obsc=244 yr=  0  nz=0.08 flt=0.00 dmap=+0/-0 shz=4.0 plan=8 cmd=(lx=+0.00,ly=+0.28,rx=+0.00)
  t= 64.7 ENG-GO pos=(-4.28,+1.72) yaw=+129.0 d=1.40 goal_err=-20 carrot_err= -14 c0=1.04 clear=0.69 prog=0.28 rel=0.92 bal=-0.15 obs=237 hard=226 obsc=246 yr=  0  nz=0.08 flt=0.01 dmap=+0/-0 shz=4.0 plan=8 cmd=(lx=+0.00,ly=+0.28,rx=+0.00)
  t= 65.2 ENG-GO pos=(-4.30,+1.75) yaw=+129.0 d=1.36 goal_err=-21 carrot_err= -20 c0=1.01 clear=0.67 prog=0.28 rel=0.93 bal=-0.27 obs=234 hard=225 obsc=246 yr=  0  nz=0.07 flt=0.00 dmap=+0/-0 shz=4.0 plan=8 cmd=(lx=+0.00,ly=+0.28,rx=+0.00)
  t= 65.6 ENG-GO pos=(-4.32,+1.78) yaw=+129.0 d=1.33 goal_err=-21 carrot_err= -20 c0=1.08 clear=0.72 prog=0.28 rel=0.93 bal=-0.28 obs=234 hard=223 obsc=243 yr=  0  nz=0.07 flt=0.00 dmap=+0/-0 shz=4.0 plan=7 cmd=(lx=+0.00,ly=+0.28,rx=+0.00)
  t= 66.0 DWA-F pos=(-4.34,+1.80) yaw=+129.0 d=1.30 goal_err=-22 carrot_err= -21 c0=1.04 clear=0.70 prog=0.27 rel=0.94 bal=-0.29 obs=236 hard=226 obsc=246 yr=  0  nz=0.06 flt=0.00 dmap=+2/-0 shz=4.0 plan=7 cmd=(lx=+0.00,ly=+0.40,rx=+0.00)
  t= 66.4 DWA-F pos=(-4.37,+1.84) yaw=+129.0 d=1.26 goal_err=-22 carrot_err= -22 c0=1.00 clear=0.67 prog=0.28 rel=0.95 bal=-0.30 obs=239 hard=228 obsc=248 yr=  0  nz=0.05 flt=0.00 dmap=+0/-0 shz=4.0 plan=7 cmd=(lx=+0.00,ly=+0.40,rx=+0.00)
  t= 66.9 DWA-F pos=(-4.40,+1.87) yaw=+129.0 d=1.22 goal_err=-23 carrot_err= -24 c0=0.96 clear=0.64 prog=0.29 rel=0.94 bal=-0.41 obs=239 hard=230 obsc=248 yr=  0  nz=0.07 flt=0.01 dmap=+1/-0 shz=4.0 plan=7 cmd=(lx=+0.00,ly=+0.40,rx=+0.00)
  t= 67.3 DWA-F pos=(-4.43,+1.90) yaw=+129.0 d=1.17 goal_err=-24 carrot_err= -16 c0=0.92 clear=0.61 prog=0.30 rel=0.93 bal=-0.42 obs=239 hard=229 obsc=248 yr=  0  nz=0.07 flt=0.00 dmap=+1/-1 shz=4.0 plan=7 cmd=(lx=+0.00,ly=+0.40,rx=+0.00)
  t= 67.7 DWA-F pos=(-4.45,+1.94) yaw=+129.0 d=1.13 goal_err=-25 carrot_err= -17 c0=0.88 clear=0.58 prog=0.31 rel=0.92 bal=-0.43 obs=239 hard=229 obsc=248 yr=  0  nz=0.08 flt=0.00 dmap=+0/-0 shz=4.0 plan=7 cmd=(lx=+0.00,ly=+0.40,rx=+0.00)
  t= 68.1 DWA-F pos=(-4.48,+1.97) yaw=+129.0 d=1.09 goal_err=-26 carrot_err= -18 c0=0.83 clear=0.56 prog=0.32 rel=0.91 bal=-0.48 obs=236 hard=230 obsc=248 yr=  0  nz=0.09 flt=0.00 dmap=+0/-0 shz=4.0 plan=7 cmd=(lx=+0.00,ly=+0.40,rx=+0.00)
  t= 68.6 DWA-F pos=(-4.51,+2.01) yaw=+129.0 d=1.05 goal_err=-27 carrot_err= -19 c0=0.79 clear=0.53 prog=0.31 rel=0.92 bal=-0.47 obs=238 hard=230 obsc=248 yr=  0  nz=0.09 flt=0.01 dmap=+0/-0 shz=4.0 plan=6 cmd=(lx=+0.00,ly=+0.40,rx=+0.00)
  t= 69.0 DWA-F pos=(-4.55,+2.05) yaw=+129.0 d=1.01 goal_err=-28 carrot_err= -20 c0=0.74 clear=0.49 prog=0.33 rel=0.93 bal=-0.48 obs=236 hard=228 obsc=247 yr=  0  nz=0.07 flt=0.01 dmap=+1/-2 shz=4.0 plan=6 cmd=(lx=+0.00,ly=+0.40,rx=+0.00)
  t= 69.4 DWA-F pos=(-4.57,+2.09) yaw=+129.0 d=0.97 goal_err=-30 carrot_err= -21 c0=0.70 clear=0.47 prog=0.32 rel=0.93 bal=-0.49 obs=237 hard=228 obsc=246 yr=  0  nz=0.07 flt=0.00 dmap=+0/-0 shz=4.0 plan=6 cmd=(lx=+0.00,ly=+0.40,rx=+0.00)
  t= 69.9 DWA-F pos=(-4.60,+2.12) yaw=+129.0 d=0.93 goal_err=-31 carrot_err= -26 c0=0.93 clear=0.62 prog=0.32 rel=0.87 bal=-0.49 obs=238 hard=228 obsc=247 yr=  0  nz=0.13 flt=0.01 dmap=+0/-0 shz=4.0 plan=5 cmd=(lx=+0.00,ly=+0.40,rx=+0.00)
  t= 70.3 DWA-F pos=(-4.63,+2.16) yaw=+129.0 d=0.89 goal_err=-32 carrot_err= -28 c0=0.89 clear=0.59 prog=0.32 rel=0.84 bal=-0.50 obs=240 hard=229 obsc=249 yr=  0  nz=0.16 flt=0.01 dmap=+1/-0 shz=4.0 plan=5 cmd=(lx=+0.00,ly=+0.40,rx=+0.00)
  t= 70.7 DWA-F pos=(-4.66,+2.19) yaw=+129.0 d=0.85 goal_err=-34 carrot_err= -29 c0=0.85 clear=0.57 prog=0.31 rel=0.85 bal=-0.50 obs=242 hard=233 obsc=252 yr=  0  nz=0.15 flt=0.00 dmap=+3/-1 shz=4.0 plan=5 cmd=(lx=+0.00,ly=+0.40,rx=+0.00)
  t= 71.2 DWA-F pos=(-4.69,+2.23) yaw=+125.8 d=0.81 goal_err=-33 carrot_err= -28 c0=1.19 clear=0.79 prog=0.30 rel=0.92 bal=-0.50 obs=243 hard=234 obsc=253 yr= 15  nz=0.08 flt=0.06 dmap=+0/-0 shz=4.0 plan=5 cmd=(lx=+0.00,ly=+0.40,rx=+0.00)
  t= 71.6 DWA-F pos=(-4.72,+2.27) yaw=+125.8 d=0.77 goal_err=-35 carrot_err= -29 c0=1.15 clear=0.76 prog=0.30 rel=0.75 bal=-0.50 obs=248 hard=236 obsc=257 yr=  0  nz=0.25 flt=0.04 dmap=+0/-0 shz=4.0 plan=5 cmd=(lx=+0.00,ly=+0.40,rx=+0.00)
  t= 72.0 DWA-F pos=(-4.74,+2.31) yaw=+122.6 d=0.73 goal_err=-34 carrot_err= -28 c0=1.10 clear=0.73 prog=0.30 rel=0.74 bal=-0.50 obs=247 hard=237 obsc=257 yr= 15  nz=0.26 flt=0.07 dmap=+1/-3 shz=4.0 plan=5 cmd=(lx=+0.00,ly=+0.40,rx=+0.00)
  t= 72.5 DWA-F pos=(-4.77,+2.34) yaw=+122.6 d=0.70 goal_err=-36 carrot_err= -30 c0=1.06 clear=0.71 prog=0.30 rel=0.80 bal=-0.38 obs=246 hard=237 obsc=257 yr=  0G nz=0.20 flt=0.01 dmap=+0/-0 shz=4.0 plan=5 cmd=(lx=+0.00,ly=+0.40,rx=+0.45)
  t= 72.9 DWA-F pos=(-4.79,+2.39) yaw=+117.8 d=0.65 goal_err=-33 carrot_err= -27 c0=1.01 clear=0.67 prog=0.30 rel=0.92 bal=-0.38 obs=245 hard=237 obsc=256 yr=  0  nz=0.08 flt=0.04 dmap=+0/-0 shz=4.0 plan=4 cmd=(lx=+0.00,ly=+0.40,rx=+0.00)
  t= 73.3 DWA-F pos=(-4.81,+2.43) yaw=+114.5 d=0.62 goal_err=-32 carrot_err= -26 c0=0.97 clear=0.65 prog=0.30 rel=0.90 bal=-0.37 obs=246 hard=236 obsc=255 yr= 15  nz=0.10 flt=0.04 dmap=+0/-0 shz=4.0 plan=4 cmd=(lx=+0.00,ly=+0.40,rx=+0.00)
  t= 73.8 DWA-F pos=(-4.83,+2.47) yaw=+112.9 d=0.58 goal_err=-33 carrot_err= -27 c0=0.92 clear=0.62 prog=0.30 rel=0.91 bal=-0.37 obs=246 hard=237 obsc=256 yr= 15G nz=0.09 flt=0.01 dmap=+0/-0 shz=4.0 plan=4 cmd=(lx=+0.00,ly=+0.40,rx=+0.45)
  t= 74.2 DWA-F pos=(-4.85,+2.51) yaw=+108.1 d=0.54 goal_err=-31 carrot_err= -24 c0=0.88 clear=0.59 prog=0.30 rel=0.91 bal=-0.36 obs=244 hard=235 obsc=254 yr=  0  nz=0.10 flt=0.00 dmap=+0/-0 shz=4.0 plan=4 cmd=(lx=+0.00,ly=+0.40,rx=+0.00)
  t= 74.6 DWA-F pos=(-4.87,+2.56) yaw=+106.5 d=0.50 goal_err=-32 carrot_err= -25 c0=0.83 clear=0.55 prog=0.30 rel=0.91 bal=-0.36 obs=243 hard=233 obsc=252 yr= 15G nz=0.09 flt=0.03 dmap=+0/-0 shz=4.0 plan=3 cmd=(lx=+0.00,ly=+0.28,rx=+0.45)
  t= 75.1 DWA-T pos=(-4.87,+2.60) yaw=+101.7 d=0.46 goal_err=-30 carrot_err= -22 c0=0.96 clear=0.64 prog=0.29 rel=0.91 bal=-0.35 obs=241 hard=231 obsc=251 yr=  0  nz=0.09 flt=0.00 dmap=+0/-2 shz=4.0 plan=3 cmd=(lx=+0.00,ly=+0.00,rx=+0.00)
  t= 75.5 DWA-T pos=(-4.88,+2.61) yaw=+101.7 d=0.45 goal_err=-31 carrot_err= -23 c0=0.95 clear=0.63 prog=0.25 rel=0.92 bal=-0.15 obs=239 hard=230 obsc=251 yr=  0  nz=0.08 flt=0.00 dmap=+0/-0 shz=4.0 plan=3 cmd=(lx=+0.00,ly=+0.00,rx=+0.00)
  t= 75.9 DWA-T pos=(-4.88,+2.61) yaw=+101.7 d=0.45 goal_err=-31 carrot_err= -23 c0=0.95 clear=0.63 prog=0.18 rel=0.92 bal=-0.15 obs=239 hard=230 obsc=251 yr=  0  nz=0.08 flt=0.00 dmap=+0/-0 shz=4.0 plan=3 cmd=(lx=+0.00,ly=+0.00,rx=+0.00)
  t= 76.4 DWA-T pos=(-4.88,+2.61) yaw=+101.7 d=0.45 goal_err=-31 carrot_err= -23 c0=0.95 clear=0.63 prog=0.10 rel=0.92 bal=-0.15 obs=239 hard=230 obsc=251 yr=  0  nz=0.08 flt=0.00 dmap=+0/-0 shz=4.0 plan=0 cmd=(lx=+0.00,ly=+0.00,rx=+0.00)
  t= 76.8 BRK-BK pos=(-4.87,+2.59) yaw=+101.7 d=0.48 goal_err=-29 carrot_err= -22 c0=0.97 clear=0.65 prog=0.01 rel=0.92 bal=-0.15 obs=236 hard=225 obsc=244 yr=  0  nz=0.08 flt=0.00 dmap=+1/-4 shz=3.7 plan=0 cmd=(lx=+0.00,ly=-0.35,rx=+0.00)
  t= 77.2 BRK-TR pos=(-4.87,+2.56) yaw= +98.5 d=0.50 goal_err=-24 carrot_err= -17 c0=0.99 clear=0.66 prog=0.00 rel=0.97 bal=-0.14 obs=236 hard=225 obsc=244 yr= 15G nz=0.03 flt=0.01 dmap=+0/-0 shz=3.7 plan=0 cmd=(lx=+0.00,ly=+0.00,rx=+0.45)
  t= 77.6 BRK-TR pos=(-4.87,+2.56) yaw= +92.1 d=0.50 goal_err=-18 carrot_err= -11 c0=1.27 clear=0.84 prog=0.00 rel=0.85 bal=-0.16 obs=236 hard=226 obsc=244 yr= 15G nz=0.15 flt=0.03 dmap=+0/-0 shz=3.7 plan=0 cmd=(lx=+0.00,ly=+0.00,rx=+0.45)
  t= 78.1 BRK-TR pos=(-4.87,+2.56) yaw= +85.7 d=0.50 goal_err=-12 carrot_err=  -4 c0=1.14 clear=0.76 prog=0.00 rel=0.85 bal=-0.25 obs=236 hard=226 obsc=244 yr= 15G nz=0.15 flt=0.05 dmap=+0/-0 shz=3.7 plan=0 cmd=(lx=+0.00,ly=+0.00,rx=+0.45)
  t= 78.5 BRK-TR pos=(-4.87,+2.56) yaw= +77.8 d=0.50 goal_err=-4 carrot_err=  +4 c0=1.14 clear=0.76 prog=0.00 rel=0.87 bal=-0.29 obs=236 hard=226 obsc=244 yr= 14G nz=0.13 flt=0.01 dmap=+0/-0 shz=3.7 plan=0 cmd=(lx=+0.00,ly=+0.00,rx=+0.45)
  t= 78.9 BRK-TR pos=(-4.87,+2.56) yaw= +71.8 d=0.50 goal_err=+2 carrot_err= +10 c0=1.07 clear=0.71 prog=0.00 rel=0.95 bal=-0.29 obs=236 hard=226 obsc=244 yr= 14G nz=0.05 flt=0.10 dmap=+0/-0 shz=3.7 plan=0 cmd=(lx=+0.00,ly=+0.00,rx=+0.45)
  t= 79.3 DWA-F pos=(-4.87,+2.56) yaw= +65.8 d=0.50 goal_err=+8 carrot_err= +15 c0=1.07 clear=0.71 prog=0.00 rel=0.94 bal=-0.20 obs=237 hard=227 obsc=245 yr= 14G nz=0.06 flt=0.05 dmap=+0/-0 shz=3.7 plan=3 cmd=(lx=+0.00,ly=+0.40,rx=+0.00)
  t= 79.8 DWA-T pos=(-4.86,+2.57) yaw= +64.4 d=0.48 goal_err=+10 carrot_err= +18 c0=1.06 clear=0.70 prog=0.02 rel=0.94 bal=-0.20 obs=236 hard=225 obsc=243 yr=  0  nz=0.06 flt=0.00 dmap=+1/-0 shz=3.7 plan=3 cmd=(lx=+0.00,ly=+0.00,rx=+0.00)
  t= 80.2 DWA-T pos=(-4.86,+2.57) yaw= +64.4 d=0.48 goal_err=+10 carrot_err= +18 c0=1.06 clear=0.70 prog=0.02 rel=0.94 bal=-0.20 obs=236 hard=225 obsc=243 yr=  0  nz=0.06 flt=0.00 dmap=+0/-0 shz=3.7 plan=3 cmd=(lx=+0.00,ly=+0.00,rx=+0.00)
  t= 80.6 DWA-T pos=(-4.86,+2.57) yaw= +64.4 d=0.48 goal_err=+10 carrot_err= +18 c0=1.06 clear=0.70 prog=0.02 rel=0.94 bal=-0.20 obs=236 hard=225 obsc=243 yr=  0  nz=0.06 flt=0.00 dmap=+0/-0 shz=3.7 plan=3 cmd=(lx=+0.00,ly=+0.00,rx=+0.00)
  t= 81.1 BRK-BK pos=(-4.86,+2.57) yaw= +64.4 d=0.48 goal_err=+10 carrot_err= +18 c0=1.06 clear=0.70 prog=0.02 rel=0.94 bal=-0.20 obs=236 hard=225 obsc=243 yr=  0  nz=0.06 flt=0.00 dmap=+0/-0 shz=3.7 plan=0 cmd=(lx=+0.00,ly=-0.35,rx=+0.00)
  t= 81.5 BRK-TR pos=(-4.88,+2.53) yaw= +64.4 d=0.53 goal_err=+9 carrot_err= +16 c0=1.11 clear=0.74 prog=0.00 rel=1.00 bal=-0.19 obs=225 hard=222 obsc=230 yr=  0G nz=0.00 flt=0.00 dmap=+0/-0 shz=3.4 plan=0 cmd=(lx=+0.00,ly=+0.00,rx=+0.45)
  t= 81.9 BRK-TR pos=(-4.88,+2.53) yaw= +58.4 d=0.53 goal_err=+15 carrot_err= +22 c0=1.11 clear=0.74 prog=0.00 rel=0.98 bal=-0.19 obs=225 hard=222 obsc=230 yr= 14G nz=0.02 flt=0.00 dmap=+0/-0 shz=3.4 plan=0 cmd=(lx=+0.00,ly=+0.00,rx=+0.45)
  t= 82.3 BRK-TR pos=(-4.88,+2.53) yaw= +52.4 d=0.53 goal_err=+21 carrot_err= +28 c0=1.11 clear=0.74 prog=0.00 rel=0.98 bal=-0.12 obs=225 hard=222 obsc=230 yr= 14G nz=0.02 flt=0.05 dmap=+0/-0 shz=3.4 plan=0 cmd=(lx=+0.00,ly=+0.00,rx=+0.45)
  t= 82.8 BRK-TR pos=(-4.88,+2.53) yaw= +45.0 d=0.53 goal_err=+28 carrot_err= +35 c0=1.11 clear=0.74 prog=0.00 rel=0.98 bal=-0.12 obs=225 hard=222 obsc=230 yr= 14G nz=0.02 flt=0.03 dmap=+0/-0 shz=3.4 plan=0 cmd=(lx=+0.00,ly=+0.00,rx=+0.45)
  t= 83.2 BRK-TR pos=(-4.88,+2.53) yaw= +39.0 d=0.53 goal_err=+34 carrot_err= +41 c0=1.11 clear=0.74 prog=0.00 rel=0.98 bal=-0.01 obs=225 hard=223 obsc=230 yr= 14G nz=0.02 flt=0.02 dmap=+0/-0 shz=3.4 plan=0 cmd=(lx=+0.00,ly=+0.00,rx=+0.45)
  t= 83.6 BRK-TR pos=(-4.88,+2.53) yaw= +33.1 d=0.53 goal_err=+40 carrot_err= +47 c0=1.11 clear=0.74 prog=0.00 rel=0.98 bal=+0.06 obs=225 hard=223 obsc=230 yr= 14G nz=0.02 flt=0.00 dmap=+0/-0 shz=3.4 plan=0 cmd=(lx=+0.00,ly=+0.00,rx=+0.45)
  t= 84.1 DWA-F pos=(-4.88,+2.53) yaw= +30.1 d=0.53 goal_err=+44 carrot_err= +51 c0=1.10 clear=0.73 prog=0.01 rel=0.98 bal=+0.06 obs=225 hard=223 obsc=230 yr= 14G nz=0.02 flt=0.16 dmap=+0/-0 shz=3.4 plan=3 cmd=(lx=+0.00,ly=+0.28,rx=-0.45)
  t= 84.5 DWA-F pos=(-4.85,+2.55) yaw= +37.5 d=0.50 goal_err=+39 carrot_err= +46 c0=1.07 clear=0.71 prog=0.05 rel=0.93 bal=+0.06 obs=225 hard=223 obsc=230 yr= 27G nz=0.04 flt=0.16 dmap=+0/-0 shz=3.4 plan=3 cmd=(lx=+0.00,ly=+0.28,rx=-0.45)
  t= 84.9 DWA-F pos=(-4.83,+2.57) yaw= +43.5 d=0.48 goal_err=+35 carrot_err= +43 c0=1.04 clear=0.69 prog=0.09 rel=0.94 bal=+0.00 obs=225 hard=223 obsc=230 yr= 14G nz=0.06 flt=0.04 dmap=+0/-0 shz=3.4 plan=3 cmd=(lx=+0.00,ly=+0.28,rx=-0.45)
  t= 85.4 DWA-F pos=(-4.81,+2.59) yaw= +49.5 d=0.46 goal_err=+31 carrot_err= +40 c0=1.01 clear=0.68 prog=0.13 rel=0.90 bal=-0.11 obs=227 hard=225 obsc=232 yr= 14G nz=0.07 flt=0.02 dmap=+1/-0 shz=3.4 plan=3 cmd=(lx=+0.00,ly=+0.28,rx=-0.45)
  t= 85.8 DWA-F pos=(-4.79,+2.61) yaw= +55.4 d=0.43 goal_err=+27 carrot_err= +36 c0=0.98 clear=0.66 prog=0.17 rel=0.93 bal=-0.11 obs=228 hard=226 obsc=233 yr= 14G nz=0.07 flt=0.07 dmap=+0/-0 shz=3.4 plan=3 cmd=(lx=+0.00,ly=+0.28,rx=-0.45)
  t= 86.2 DWA-T pos=(-4.77,+2.64) yaw= +61.4 d=0.41 goal_err=+22 carrot_err= +33 c0=0.96 clear=0.64 prog=0.19 rel=0.93 bal=-0.11 obs=229 hard=227 obsc=234 yr= 14G nz=0.07 flt=0.01 dmap=+0/-0 shz=3.4 plan=3 cmd=(lx=+0.00,ly=+0.00,rx=+0.00)

  >>> MODO AGRESIVO ON (12s sin acercarse a B): reduzco inflado y holgura (min seguridad 0.24m) para cruzar la puerta.
  t= 86.7 AGR-DWA-T pos=(-4.77,+2.65) yaw= +64.4 d=0.39 goal_err=+20 carrot_err= +31 c0=0.94 clear=0.63 prog=0.17 rel=0.94 bal=-0.11 obs=225 hard=219 obsc=237 yr=  0  nz=0.07 flt=0.02 dmap=+1/-1 shz=3.4 plan=3 cmd=(lx=+0.00,ly=+0.00,rx=+0.00)
  t= 87.1 AGR-DWA-T pos=(-4.77,+2.65) yaw= +64.4 d=0.39 goal_err=+20 carrot_err= +31 c0=0.94 clear=0.63 prog=0.13 rel=0.94 bal=-0.11 obs=225 hard=219 obsc=237 yr=  0  nz=0.06 flt=0.02 dmap=+0/-0 shz=3.4 plan=3 cmd=(lx=+0.00,ly=+0.00,rx=+0.00)
  t= 87.5 AGR-DWA-T pos=(-4.77,+2.65) yaw= +64.4 d=0.39 goal_err=+20 carrot_err= +31 c0=0.94 clear=0.63 prog=0.09 rel=0.94 bal=-0.11 obs=225 hard=219 obsc=237 yr=  0  nz=0.06 flt=0.02 dmap=+0/-0 shz=3.4 plan=0 cmd=(lx=+0.00,ly=+0.00,rx=+0.00)
  t= 88.0 AGR-BRK-BK pos=(-4.77,+2.64) yaw= +64.4 d=0.41 goal_err=+20 carrot_err= +30 c0=0.95 clear=0.64 prog=0.02 rel=0.99 bal=-0.10 obs=222 hard=214 obsc=232 yr=  0  nz=0.01 flt=0.00 dmap=+0/-0 shz=3.3 plan=0 cmd=(lx=+0.00,ly=-0.35,rx=+0.00)
  t= 88.4 AGR-BRK-TR pos=(-4.79,+2.60) yaw= +62.7 d=0.44 goal_err=+20 carrot_err= +29 c0=0.99 clear=0.66 prog=0.00 rel=0.98 bal=-0.10 obs=223 hard=216 obsc=233 yr= 15G nz=0.02 flt=0.06 dmap=+0/-0 shz=3.3 plan=0 cmd=(lx=+0.00,ly=+0.00,rx=+0.45)
  t= 88.8 AGR-BRK-TR pos=(-4.79,+2.60) yaw= +56.3 d=0.44 goal_err=+26 carrot_err= +35 c0=0.99 clear=0.66 prog=0.00 rel=0.96 bal=-0.10 obs=223 hard=216 obsc=233 yr= 15G nz=0.04 flt=0.09 dmap=+0/-0 shz=3.3 plan=0 cmd=(lx=+0.00,ly=+0.00,rx=+0.45)
  t= 89.2 AGR-BRK-TR pos=(-4.79,+2.60) yaw= +48.3 d=0.44 goal_err=+34 carrot_err= +43 c0=0.99 clear=0.66 prog=0.00 rel=0.96 bal=-0.00 obs=223 hard=216 obsc=233 yr= 15G nz=0.04 flt=0.00 dmap=+0/-0 shz=3.3 plan=0 cmd=(lx=+0.00,ly=+0.00,rx=+0.45)
  t= 89.6 AGR-BRK-TR pos=(-4.79,+2.60) yaw= +41.9 d=0.44 goal_err=+40 carrot_err= +50 c0=0.99 clear=0.66 prog=0.00 rel=0.96 bal=+0.06 obs=223 hard=216 obsc=233 yr= 15G nz=0.04 flt=0.09 dmap=+0/-0 shz=3.3 plan=0 cmd=(lx=+0.00,ly=+0.00,rx=+0.45)
  t= 90.1 AGR-BRK-TR pos=(-4.79,+2.60) yaw= +35.9 d=0.44 goal_err=+46 carrot_err= +56 c0=0.99 clear=0.66 prog=0.00 rel=0.99 bal=+0.06 obs=223 hard=216 obsc=233 yr= 14G nz=0.01 flt=0.06 dmap=+0/-0 shz=3.3 plan=0 cmd=(lx=+0.00,ly=+0.00,rx=+0.45)
  t= 90.5 AGR-DWA-F pos=(-4.79,+2.60) yaw= +30.0 d=0.44 goal_err=+52 carrot_err= +62 c0=0.99 clear=0.66 prog=0.00 rel=0.99 bal=+0.05 obs=223 hard=216 obsc=233 yr= 14G nz=0.01 flt=0.00 dmap=+0/-0 shz=3.3 plan=3 cmd=(lx=+0.00,ly=+0.28,rx=-0.45)
  t= 90.9 AGR-DWA-F pos=(-4.78,+2.61) yaw= +30.0 d=0.43 goal_err=+54 carrot_err= +63 c0=0.98 clear=0.65 prog=0.01 rel=0.92 bal=+0.05 obs=223 hard=216 obsc=233 yr= 14G nz=0.08 flt=0.04 dmap=+0/-0 shz=3.2 plan=3 cmd=(lx=+0.00,ly=+0.28,rx=-0.45)
  t= 91.4 AGR-DWA-F pos=(-4.75,+2.63) yaw= +37.4 d=0.41 goal_err=+50 carrot_err= +61 c0=0.95 clear=0.63 prog=0.05 rel=0.91 bal=+0.07 obs=223 hard=216 obsc=233 yr= 14G nz=0.09 flt=0.09 dmap=+0/-0 shz=3.3 plan=3 cmd=(lx=+0.00,ly=+0.28,rx=-0.45)
  t= 91.8 AGR-DWA-F pos=(-4.73,+2.65) yaw= +43.4 d=0.39 goal_err=+47 carrot_err= +59 c0=0.92 clear=0.61 prog=0.08 rel=0.88 bal=+0.07 obs=224 hard=217 obsc=234 yr= 13G nz=0.10 flt=0.15 dmap=+1/-0 shz=3.2 plan=3 cmd=(lx=+0.00,ly=+0.28,rx=-0.45)
  t= 92.2 AGR-DWA-F pos=(-4.71,+2.67) yaw= +49.3 d=0.37 goal_err=+44 carrot_err= +56 c0=0.89 clear=0.59 prog=0.11 rel=0.94 bal=+0.04 obs=224 hard=217 obsc=234 yr= 14G nz=0.06 flt=0.01 dmap=+0/-0 shz=3.3 plan=3 cmd=(lx=+0.00,ly=+0.28,rx=-0.45)
  t= 92.7 AGR-DWA-F pos=(-4.69,+2.69) yaw= +55.3 d=0.35 goal_err=+41 carrot_err= +54 c0=0.86 clear=0.58 prog=0.15 rel=0.94 bal=+0.05 obs=225 hard=218 obsc=235 yr= 14G nz=0.06 flt=0.01 dmap=+1/-0 shz=3.2 plan=3 cmd=(lx=+0.00,ly=+0.28,rx=-0.45)

  LLEGADO a 'B' (-4.73,+3.04); error=0.35 m, colisiones=0.
  [spill] derrames=0 E[N]=0.00 eta_max=0.81 riesgo=1.0%
  [dataset] travesia guardada -> /Users/adrianlendinezibanez/Claude/Projects/G1 ROBOT/dataset/20260708_123445_ours_B.json
  [stats] fila anadida -> /Users/adrianlendinezibanez/Claude/Projects/G1 ROBOT/dataset/runs_stats.csv

Fin goto.
  [META2-L2] estado guardado (meta2_state_extsmoke.json): Pl={'Efficient_Nav': 1.0, 'Cautious_Nav': 1.0} derrames_run=0
  backend grafico: TkAgg
>>> SIM ADAPTER: conectando a rosbridge ws://localhost:8765 ...
  esperando /odom (hasta 30s; el mundo del lab tarda en cargar)... ok
  /odom OK pose=(+0.99,+0.57) | /scan: OK
  escenario LAB: mapa/waypoints/puerta REALES (lab.world solo-paredes, frame G1)

>>> GOTO 'B' -> (-4.73,+3.04). Mando en mano (L2+B). Ctrl+C aborta.
    ENTORNO: SIM (id: lab_v1_extsmoke)  — esta run se registra como SIMULACION, no cuenta como run de robot
  Esperando pose localizada y primera nube... ok.
  FRAME-CHECK start=(+0.99,+0.57) wp_mas_cercano=A(+0.99,+0.57) offset=0.00m  -> frame OK (pose y waypoints alineados)
  [spill] payload de agua simulado (semilla=20260708_123632_ours_B.json)
  [META2-DOOR] variante de engagement: Door_Direct (Pl={Door_Direct:1.00, Door_Far:1.00, Door_BiasPlus:1.00})
  META2 ACTIVO (techo por analogia): Meta-Reasoner 2.0, analogia inicial Cautious_Nav

  !!!!!!!!!!!!!!!!!!!!!!!!!!!!!!!!!!!!!!!!!!!!!!!!!!!!!!!!!!!!!!!!!!!!!!!!!!
  !!  VISION OFF (G1_PERC sin definir) pero G1_NOVIS=1: navego SIN vision bajo tu responsabilidad.
  !!  La MESA invisible al LiDAR no se vera.
  !!!!!!!!!!!!!!!!!!!!!!!!!!!!!!!!!!!!!!!!!!!!!!!!!!!!!!!!!!!!!!!!!!!!!!!!!!

  mapa de referencia: 961 celdas | muebles estaticos (nav_map): 0 celdas | plan global: static
  t=  0.0 DWA-F pos=(+0.99,+0.57) yaw=-120.3 d=6.23 goal_err=-83 carrot_err= -62 c0=2.25 clear=1.00 prog=0.00 rel=1.00 bal=+0.19 obs=108 hard=108 obsc=108 yr=  0  nz=0.00 flt=0.19 dmap=+108/-0 shz=0.0 plan=34 cmd=(lx=+0.00,ly=+0.40,rx=+0.45)
  t=  0.4 DWA-F pos=(+0.97,+0.53) yaw=-125.1 d=6.22 goal_err=-79 carrot_err= -60 c0=2.21 clear=1.00 prog=0.05 rel=1.00 bal=+0.28 obs=111 hard=111 obsc=111 yr= 15G nz=0.00 flt=0.00 dmap=+0/-0 shz=4.6 plan=34 cmd=(lx=+0.00,ly=+0.40,rx=+0.45)
  t=  0.9 DWA-F pos=(+0.93,+0.48) yaw=-131.6 d=6.21 goal_err=-73 carrot_err= -57 c0=2.21 clear=1.00 prog=0.08 rel=0.95 bal=+0.40 obs=111 hard=111 obsc=111 yr= 14G nz=0.05 flt=0.02 dmap=+0/-0 shz=4.0 plan=34 cmd=(lx=+0.00,ly=+0.40,rx=+0.45)
  t=  1.3 DWA-F pos=(+0.89,+0.44) yaw=-138.0 d=6.19 goal_err=-67 carrot_err= -39 c0=2.23 clear=1.00 prog=0.10 rel=0.95 bal=+0.41 obs=111 hard=111 obsc=111 yr= 16G nz=0.05 flt=0.02 dmap=+0/-0 shz=3.9 plan=34 cmd=(lx=+0.00,ly=+0.40,rx=+0.45)
  t=  1.7 DWA-F pos=(+0.84,+0.40) yaw=-144.4 d=6.16 goal_err=-61 carrot_err= -35 c0=2.50 clear=1.00 prog=0.13 rel=0.82 bal=+0.42 obs=125 hard=125 obsc=155 yr= 15  nz=0.18 flt=0.02 dmap=+14/-0 shz=4.0 plan=33 cmd=(lx=+0.00,ly=+0.40,rx=+0.00)
  t=  2.2 DWA-F pos=(+0.78,+0.36) yaw=-146.0 d=6.13 goal_err=-60 carrot_err= -37 c0=2.50 clear=1.00 prog=0.18 rel=0.77 bal=+0.42 obs=143 hard=129 obsc=156 yr=  0G nz=0.23 flt=0.03 dmap=+0/-0 shz=3.9 plan=33 cmd=(lx=+0.00,ly=+0.40,rx=+0.45)
  t=  2.6 DWA-F pos=(+0.75,+0.34) yaw=-150.6 d=6.11 goal_err=-56 carrot_err= -34 c0=2.50 clear=1.00 prog=0.19 rel=0.83 bal=+0.43 obs=155 hard=131 obsc=163 yr=  0  nz=0.17 flt=0.02 dmap=+0/-0 shz=4.0 plan=33 cmd=(lx=+0.00,ly=+0.40,rx=+0.00)
  t=  3.0 DWA-F pos=(+0.72,+0.32) yaw=-150.6 d=6.09 goal_err=-56 carrot_err= -36 c0=2.50 clear=1.00 prog=0.19 rel=0.99 bal=+0.43 obs=156 hard=133 obsc=165 yr=  0  nz=0.01 flt=0.01 dmap=+1/-2 shz=4.0 plan=33 cmd=(lx=+0.00,ly=+0.40,rx=+0.45)
  t=  3.5 DWA-F pos=(+0.67,+0.30) yaw=-155.4 d=6.06 goal_err=-52 carrot_err= -31 c0=2.50 clear=1.00 prog=0.21 rel=0.99 bal=+0.44 obs=156 hard=133 obsc=165 yr=  0  nz=0.01 flt=0.01 dmap=+0/-0 shz=4.0 plan=33 cmd=(lx=+0.00,ly=+0.40,rx=+0.00)
  t=  3.9 DWA-F pos=(+0.63,+0.28) yaw=-155.4 d=6.03 goal_err=-52 carrot_err= -33 c0=2.50 clear=1.00 prog=0.20 rel=0.99 bal=+0.44 obs=161 hard=149 obsc=166 yr=  0  nz=0.01 flt=0.00 dmap=+0/-0 shz=4.0 plan=33 cmd=(lx=+0.00,ly=+0.40,rx=+0.00)
  t=  4.3 DWA-F pos=(+0.59,+0.26) yaw=-155.4 d=6.00 goal_err=-52 carrot_err= -35 c0=2.50 clear=1.00 prog=0.20 rel=1.00 bal=+0.37 obs=163 hard=153 obsc=168 yr=  0  nz=0.00 flt=0.01 dmap=+2/-1 shz=3.9 plan=33 cmd=(lx=+0.00,ly=+0.40,rx=+0.00)
  t=  4.8 DWA-F pos=(+0.55,+0.24) yaw=-155.4 d=5.97 goal_err=-53 carrot_err= -21 c0=2.50 clear=1.00 prog=0.22 rel=0.99 bal=+0.38 obs=164 hard=155 obsc=168 yr=  0  nz=0.01 flt=0.02 dmap=+1/-0 shz=4.0 plan=32 cmd=(lx=+0.00,ly=+0.40,rx=+0.00)
  t=  5.2 DWA-F pos=(+0.51,+0.22) yaw=-155.4 d=5.95 goal_err=-53 carrot_err= -23 c0=2.50 clear=1.00 prog=0.22 rel=0.99 bal=+0.39 obs=164 hard=155 obsc=169 yr=  0  nz=0.01 flt=0.01 dmap=+0/-0 shz=3.9 plan=32 cmd=(lx=+0.00,ly=+0.40,rx=+0.00)
  t=  5.6 DWA-F pos=(+0.46,+0.20) yaw=-155.4 d=5.91 goal_err=-53 carrot_err= -25 c0=2.50 clear=1.00 prog=0.22 rel=0.99 bal=+0.41 obs=167 hard=159 obsc=171 yr=  0  nz=0.01 flt=0.01 dmap=+0/-0 shz=4.0 plan=32 cmd=(lx=+0.00,ly=+0.40,rx=+0.00)
  t=  6.1 DWA-F pos=(+0.42,+0.18) yaw=-155.4 d=5.89 goal_err=-54 carrot_err= -26 c0=2.50 clear=1.00 prog=0.22 rel=0.99 bal=+0.42 obs=167 hard=158 obsc=173 yr=  0  nz=0.01 flt=0.00 dmap=+0/-0 shz=4.0 plan=31 cmd=(lx=+0.00,ly=+0.40,rx=+0.00)
  t=  6.5 DWA-F pos=(+0.38,+0.16) yaw=-155.4 d=5.86 goal_err=-54 carrot_err= -27 c0=2.50 clear=1.00 prog=0.21 rel=0.99 bal=+0.43 obs=168 hard=160 obsc=173 yr=  0  nz=0.01 flt=0.01 dmap=+1/-0 shz=4.0 plan=31 cmd=(lx=+0.00,ly=+0.40,rx=+0.00)
  t=  6.9 DWA-F pos=(+0.34,+0.15) yaw=-155.4 d=5.83 goal_err=-54 carrot_err= -29 c0=2.50 clear=1.00 prog=0.21 rel=0.99 bal=+0.44 obs=169 hard=160 obsc=173 yr=  0  nz=0.01 flt=0.00 dmap=+0/-0 shz=4.0 plan=31 cmd=(lx=+0.00,ly=+0.40,rx=+0.00)
  t=  7.4 DWA-F pos=(+0.29,+0.12) yaw=-155.4 d=5.80 goal_err=-55 carrot_err= -17 c0=2.50 clear=1.00 prog=0.21 rel=0.99 bal=+0.44 obs=169 hard=161 obsc=173 yr=  0  nz=0.01 flt=0.00 dmap=+0/-0 shz=4.0 plan=31 cmd=(lx=+0.00,ly=+0.40,rx=+0.00)
  t=  7.8 DWA-F pos=(+0.24,+0.10) yaw=-155.4 d=5.78 goal_err=-55 carrot_err= -18 c0=2.50 clear=1.00 prog=0.21 rel=0.99 bal=+0.45 obs=169 hard=161 obsc=173 yr=  0  nz=0.01 flt=0.00 dmap=+0/-0 shz=4.0 plan=30 cmd=(lx=+0.00,ly=+0.40,rx=+0.00)
  t=  8.2 DWA-F pos=(+0.20,+0.09) yaw=-155.4 d=5.75 goal_err=-56 carrot_err= -19 c0=2.48 clear=1.00 prog=0.21 rel=0.99 bal=+0.38 obs=169 hard=163 obsc=175 yr=  0  nz=0.01 flt=0.00 dmap=+0/-0 shz=4.0 plan=30 cmd=(lx=+0.00,ly=+0.40,rx=+0.00)
  t=  8.7 DWA-F pos=(+0.15,+0.06) yaw=-155.4 d=5.72 goal_err=-56 carrot_err= -20 c0=2.50 clear=1.00 prog=0.22 rel=0.98 bal=+0.38 obs=173 hard=166 obsc=177 yr=  0  nz=0.01 flt=0.01 dmap=+0/-0 shz=4.0 plan=30 cmd=(lx=+0.00,ly=+0.40,rx=+0.00)
  t=  9.1 DWA-F pos=(+0.11,+0.04) yaw=-155.4 d=5.70 goal_err=-56 carrot_err= -21 c0=2.45 clear=1.00 prog=0.20 rel=0.97 bal=+0.39 obs=172 hard=165 obsc=176 yr=  0  nz=0.03 flt=0.01 dmap=+0/-0 shz=4.0 plan=30 cmd=(lx=+0.00,ly=+0.40,rx=+0.00)
  t=  9.6 DWA-F pos=(+0.07,+0.03) yaw=-155.4 d=5.67 goal_err=-57 carrot_err= -23 c0=2.41 clear=1.00 prog=0.20 rel=0.94 bal=+0.39 obs=172 hard=166 obsc=177 yr=  0  nz=0.06 flt=0.00 dmap=+1/-1 shz=4.0 plan=30 cmd=(lx=+0.00,ly=+0.40,rx=+0.00)
  t= 10.0 DWA-F pos=(+0.03,+0.01) yaw=-155.4 d=5.65 goal_err=-57 carrot_err= -24 c0=2.36 clear=1.00 prog=0.20 rel=0.92 bal=+0.39 obs=173 hard=167 obsc=178 yr=  0  nz=0.08 flt=0.01 dmap=+0/-0 shz=4.0 plan=30 cmd=(lx=+0.00,ly=+0.40,rx=+0.00)
  t= 10.4 DWA-F pos=(-0.01,-0.01) yaw=-155.4 d=5.62 goal_err=-57 carrot_err= -25 c0=2.32 clear=1.00 prog=0.20 rel=0.92 bal=+0.40 obs=177 hard=170 obsc=181 yr=  0  nz=0.08 flt=0.00 dmap=+0/-0 shz=4.0 plan=30 cmd=(lx=+0.00,ly=+0.40,rx=+0.00)
  t= 10.9 DWA-F pos=(-0.06,-0.03) yaw=-155.4 d=5.59 goal_err=-58 carrot_err= -27 c0=2.26 clear=1.00 prog=0.20 rel=0.92 bal=+0.43 obs=178 hard=171 obsc=184 yr=  0  nz=0.08 flt=0.00 dmap=+1/-1 shz=4.0 plan=29 cmd=(lx=+0.00,ly=+0.40,rx=+0.00)
  t= 11.3 DWA-F pos=(-0.10,-0.05) yaw=-155.4 d=5.57 goal_err=-58 carrot_err= -29 c0=2.22 clear=1.00 prog=0.20 rel=0.91 bal=+0.44 obs=179 hard=172 obsc=183 yr=  0  nz=0.09 flt=0.00 dmap=+1/-1 shz=4.0 plan=29 cmd=(lx=+0.00,ly=+0.40,rx=+0.00)
  t= 11.7 DWA-F pos=(-0.14,-0.07) yaw=-155.4 d=5.55 goal_err=-59 carrot_err= -29 c0=2.18 clear=1.00 prog=0.19 rel=0.91 bal=+0.46 obs=177 hard=170 obsc=182 yr=  0  nz=0.09 flt=0.02 dmap=+0/-0 shz=4.0 plan=29 cmd=(lx=+0.00,ly=+0.40,rx=+0.00)
  t= 12.1 DWA-F pos=(-0.18,-0.09) yaw=-155.4 d=5.52 goal_err=-59 carrot_err= -31 c0=2.13 clear=1.00 prog=0.19 rel=0.90 bal=+0.47 obs=180 hard=173 obsc=183 yr=  0  nz=0.10 flt=0.02 dmap=+0/-0 shz=4.0 plan=28 cmd=(lx=+0.00,ly=+0.40,rx=+0.00)
  t= 12.6 DWA-F pos=(-0.23,-0.11) yaw=-155.4 d=5.50 goal_err=-60 carrot_err= -33 c0=2.08 clear=1.00 prog=0.20 rel=0.92 bal=+0.49 obs=180 hard=170 obsc=185 yr=  0  nz=0.09 flt=0.00 dmap=+0/-0 shz=4.0 plan=28 cmd=(lx=+0.00,ly=+0.40,rx=+0.00)
  t= 13.0 DWA-F pos=(-0.27,-0.13) yaw=-155.4 d=5.47 goal_err=-60 carrot_err= -35 c0=2.03 clear=1.00 prog=0.18 rel=0.91 bal=+0.49 obs=180 hard=172 obsc=185 yr=  0  nz=0.09 flt=0.00 dmap=+0/-0 shz=4.0 plan=28 cmd=(lx=+0.00,ly=+0.40,rx=+0.00)
  t= 13.4 DWA-F pos=(-0.31,-0.15) yaw=-155.4 d=5.45 goal_err=-60 carrot_err= -34 c0=1.99 clear=1.00 prog=0.18 rel=0.90 bal=+0.50 obs=181 hard=174 obsc=185 yr=  0  nz=0.10 flt=0.01 dmap=+0/-0 shz=4.0 plan=28 cmd=(lx=+0.00,ly=+0.40,rx=+0.00)
  t= 13.9 DWA-F pos=(-0.35,-0.17) yaw=-155.4 d=5.43 goal_err=-61 carrot_err= -36 c0=1.95 clear=1.00 prog=0.18 rel=0.91 bal=+0.50 obs=181 hard=174 obsc=185 yr=  0  nz=0.09 flt=0.01 dmap=+0/-1 shz=4.0 plan=27 cmd=(lx=+0.00,ly=+0.40,rx=+0.00)
  t= 14.3 DWA-F pos=(-0.39,-0.19) yaw=-155.4 d=5.41 goal_err=-61 carrot_err= -38 c0=1.90 clear=1.00 prog=0.18 rel=0.91 bal=+0.50 obs=183 hard=177 obsc=186 yr=  0  nz=0.09 flt=0.02 dmap=+1/-0 shz=4.0 plan=27 cmd=(lx=+0.00,ly=+0.40,rx=+0.00)
  t= 14.7 DWA-F pos=(-0.44,-0.21) yaw=-158.6 d=5.38 goal_err=-59 carrot_err= -37 c0=1.85 clear=1.00 prog=0.18 rel=0.92 bal=+0.53 obs=183 hard=177 obsc=186 yr= 15G nz=0.08 flt=0.14 dmap=+0/-0 shz=4.0 plan=27 cmd=(lx=+0.00,ly=+0.40,rx=+0.00)
  t= 15.2 DWA-F pos=(-0.48,-0.23) yaw=-160.2 d=5.36 goal_err=-57 carrot_err= -37 c0=1.80 clear=1.00 prog=0.18 rel=0.91 bal=+0.53 obs=198 hard=187 obsc=207 yr=  0G nz=0.10 flt=0.07 dmap=+0/-0 shz=4.0 plan=27 cmd=(lx=+0.00,ly=+0.40,rx=+0.45)
  t= 15.6 DWA-F pos=(-0.53,-0.24) yaw=-163.4 d=5.33 goal_err=-55 carrot_err= -36 c0=1.76 clear=1.00 prog=0.18 rel=0.90 bal=+0.54 obs=199 hard=188 obsc=209 yr=  0  nz=0.10 flt=0.00 dmap=+1/-0 shz=4.0 plan=27 cmd=(lx=+0.00,ly=+0.40,rx=+0.00)
  t= 16.1 DWA-F pos=(-0.58,-0.25) yaw=-166.6 d=5.30 goal_err=-52 carrot_err= -36 c0=1.71 clear=1.00 prog=0.20 rel=0.91 bal=+0.54 obs=199 hard=188 obsc=209 yr= 15G nz=0.09 flt=0.24 dmap=+0/-0 shz=4.0 plan=27 cmd=(lx=+0.00,ly=+0.40,rx=+0.00)
  t= 16.5 DWA-F pos=(-0.62,-0.26) yaw=-168.2 d=5.27 goal_err=-51 carrot_err= -36 c0=1.67 clear=1.00 prog=0.20 rel=0.91 bal=+0.49 obs=202 hard=194 obsc=210 yr=  0  nz=0.09 flt=0.01 dmap=+0/-0 shz=4.0 plan=27 cmd=(lx=+0.00,ly=+0.40,rx=+0.45)
  t= 16.9 DWA-F pos=(-0.67,-0.27) yaw=-173.0 d=5.24 goal_err=-46 carrot_err= -40 c0=1.79 clear=1.00 prog=0.21 rel=0.90 bal=+0.50 obs=202 hard=194 obsc=210 yr= 15G nz=0.10 flt=0.13 dmap=+0/-0 shz=4.0 plan=26 cmd=(lx=+0.00,ly=+0.40,rx=+0.45)
  t= 17.4 DWA-F pos=(-0.71,-0.28) yaw=-179.5 d=5.21 goal_err=-40 carrot_err= -35 c0=1.84 clear=1.00 prog=0.23 rel=0.87 bal=+0.55 obs=205 hard=196 obsc=214 yr= 15  nz=0.13 flt=0.07 dmap=+3/-1 shz=4.0 plan=26 cmd=(lx=+0.00,ly=+0.40,rx=+0.00)
  t= 17.8 DWA-F pos=(-0.77,-0.28) yaw=-179.5 d=5.17 goal_err=-40 carrot_err= -37 c0=1.79 clear=1.00 prog=0.24 rel=0.86 bal=+0.52 obs=202 hard=199 obsc=215 yr=  0  nz=0.14 flt=0.00 dmap=+0/-0 shz=4.0 plan=26 cmd=(lx=+0.00,ly=+0.40,rx=+0.00)
  t= 18.2 DWA-F pos=(-0.81,-0.28) yaw=+177.3 d=5.13 goal_err=-38 carrot_err= -28 c0=1.93 clear=1.00 prog=0.26 rel=0.90 bal=+0.53 obs=203 hard=196 obsc=212 yr= 15  nz=0.10 flt=0.14 dmap=+0/-0 shz=4.0 plan=25 cmd=(lx=+0.00,ly=+0.40,rx=+0.00)
  t= 18.7 DWA-F pos=(-0.85,-0.27) yaw=+177.3 d=5.10 goal_err=-38 carrot_err= -30 c0=1.95 clear=1.00 prog=0.27 rel=0.89 bal=+0.52 obs=202 hard=195 obsc=211 yr=  0  nz=0.11 flt=0.00 dmap=+0/-0 shz=4.0 plan=25 cmd=(lx=+0.00,ly=+0.40,rx=+0.00)
  t= 19.1 DWA-F pos=(-0.90,-0.27) yaw=+177.3 d=5.06 goal_err=-38 carrot_err= -31 c0=1.90 clear=1.00 prog=0.28 rel=0.88 bal=+0.51 obs=201 hard=195 obsc=209 yr=  0  nz=0.12 flt=0.01 dmap=+0/-0 shz=4.0 plan=25 cmd=(lx=+0.00,ly=+0.40,rx=+0.00)
  t= 19.5 DWA-F pos=(-0.95,-0.27) yaw=+177.3 d=5.02 goal_err=-39 carrot_err= -33 c0=1.85 clear=1.00 prog=0.28 rel=0.90 bal=+0.49 obs=199 hard=194 obsc=209 yr=  0  nz=0.10 flt=0.00 dmap=+0/-0 shz=4.0 plan=25 cmd=(lx=+0.00,ly=+0.40,rx=+0.00)
  t= 20.0 DWA-F pos=(-1.00,-0.27) yaw=+177.3 d=4.99 goal_err=-39 carrot_err= -37 c0=1.80 clear=1.00 prog=0.28 rel=0.91 bal=+0.32 obs=200 hard=194 obsc=208 yr=  0  nz=0.09 flt=0.01 dmap=+0/-0 shz=4.0 plan=24 cmd=(lx=+0.00,ly=+0.40,rx=+0.00)
  t= 20.4 DWA-F pos=(-1.04,-0.27) yaw=+177.3 d=4.95 goal_err=-39 carrot_err= -39 c0=1.76 clear=1.00 prog=0.28 rel=0.92 bal=+0.31 obs=200 hard=196 obsc=209 yr=  0G nz=0.08 flt=0.00 dmap=+0/-0 shz=4.0 plan=24 cmd=(lx=+0.00,ly=+0.40,rx=+0.45)
  t= 20.9 DWA-F pos=(-1.09,-0.26) yaw=+174.1 d=4.92 goal_err=-36 carrot_err= -37 c0=1.71 clear=1.00 prog=0.28 rel=0.92 bal=+0.29 obs=206 hard=198 obsc=214 yr=  0  nz=0.08 flt=0.02 dmap=+0/-0 shz=4.0 plan=24 cmd=(lx=+0.00,ly=+0.40,rx=+0.00)
  t= 21.3 DWA-F pos=(-1.14,-0.26) yaw=+170.9 d=4.87 goal_err=-33 carrot_err= -28 c0=1.66 clear=1.00 prog=0.28 rel=0.91 bal=+0.28 obs=206 hard=198 obsc=214 yr= 15  nz=0.09 flt=0.00 dmap=+0/-0 shz=4.0 plan=23 cmd=(lx=+0.00,ly=+0.40,rx=+0.00)
  t= 21.7 DWA-F pos=(-1.19,-0.25) yaw=+170.9 d=4.84 goal_err=-34 carrot_err= -29 c0=1.61 clear=1.00 prog=0.29 rel=0.92 bal=+0.27 obs=209 hard=201 obsc=217 yr=  0  nz=0.08 flt=0.01 dmap=+0/-0 shz=4.0 plan=23 cmd=(lx=+0.00,ly=+0.40,rx=+0.00)
  t= 22.2 DWA-F pos=(-1.23,-0.24) yaw=+170.9 d=4.80 goal_err=-34 carrot_err= -31 c0=1.57 clear=1.00 prog=0.29 rel=0.91 bal=+0.26 obs=204 hard=199 obsc=214 yr=  0  nz=0.10 flt=0.00 dmap=+1/-2 shz=4.0 plan=23 cmd=(lx=+0.00,ly=+0.40,rx=+0.00)
  t= 22.6 DWA-F pos=(-1.27,-0.24) yaw=+170.9 d=4.76 goal_err=-34 carrot_err= -32 c0=1.53 clear=1.00 prog=0.29 rel=0.92 bal=+0.24 obs=202 hard=197 obsc=213 yr=  0  nz=0.08 flt=0.01 dmap=+0/-2 shz=4.0 plan=23 cmd=(lx=+0.00,ly=+0.40,rx=+0.00)
  t= 23.0 DWA-F pos=(-1.33,-0.23) yaw=+170.9 d=4.72 goal_err=-35 carrot_err= -17 c0=1.47 clear=0.98 prog=0.30 rel=0.91 bal=+0.24 obs=202 hard=195 obsc=212 yr=  0  nz=0.09 flt=0.00 dmap=+0/-0 shz=4.0 plan=22 cmd=(lx=+0.00,ly=+0.40,rx=+0.00)
  t= 23.5 DWA-F pos=(-1.37,-0.22) yaw=+170.9 d=4.68 goal_err=-35 carrot_err= -18 c0=1.43 clear=0.95 prog=0.30 rel=0.92 bal=+0.23 obs=202 hard=195 obsc=210 yr=  0  nz=0.08 flt=0.01 dmap=+0/-0 shz=4.0 plan=22 cmd=(lx=+0.00,ly=+0.40,rx=+0.00)
  t= 23.9 DWA-F pos=(-1.42,-0.21) yaw=+170.9 d=4.64 goal_err=-35 carrot_err= -19 c0=1.38 clear=0.92 prog=0.30 rel=0.92 bal=+0.22 obs=204 hard=197 obsc=211 yr=  0  nz=0.09 flt=0.01 dmap=+0/-0 shz=4.0 plan=22 cmd=(lx=+0.00,ly=+0.40,rx=+0.00)
  t= 24.3 DWA-F pos=(-1.46,-0.21) yaw=+170.9 d=4.61 goal_err=-36 carrot_err= -20 c0=1.34 clear=0.89 prog=0.30 rel=0.93 bal=+0.08 obs=204 hard=196 obsc=211 yr=  0  nz=0.07 flt=0.02 dmap=+0/-0 shz=4.0 plan=22 cmd=(lx=+0.00,ly=+0.40,rx=+0.00)
  t= 24.8 DWA-F pos=(-1.51,-0.20) yaw=+170.9 d=4.56 goal_err=-36 carrot_err= -21 c0=1.29 clear=0.86 prog=0.29 rel=0.92 bal=+0.08 obs=203 hard=196 obsc=211 yr=  0  nz=0.08 flt=0.00 dmap=+0/-0 shz=4.0 plan=22 cmd=(lx=+0.00,ly=+0.40,rx=+0.00)
  t= 25.2 DWA-F pos=(-1.56,-0.19) yaw=+170.9 d=4.53 goal_err=-36 carrot_err= -22 c0=1.24 clear=0.83 prog=0.29 rel=0.91 bal=+0.07 obs=201 hard=195 obsc=210 yr=  0  nz=0.09 flt=0.01 dmap=+0/-2 shz=4.0 plan=22 cmd=(lx=+0.00,ly=+0.40,rx=+0.00)
  t= 25.6 DWA-F pos=(-1.60,-0.18) yaw=+170.9 d=4.49 goal_err=-37 carrot_err= -27 c0=1.20 clear=0.80 prog=0.29 rel=0.90 bal=+0.07 obs=204 hard=197 obsc=213 yr=  0  nz=0.10 flt=0.02 dmap=+1/-1 shz=4.0 plan=22 cmd=(lx=+0.00,ly=+0.40,rx=+0.00)
  t= 26.1 DWA-F pos=(-1.65,-0.18) yaw=+170.9 d=4.46 goal_err=-37 carrot_err= -28 c0=1.15 clear=0.77 prog=0.29 rel=0.91 bal=+0.07 obs=202 hard=196 obsc=212 yr=  0  nz=0.09 flt=0.02 dmap=+0/-0 shz=4.0 plan=21 cmd=(lx=+0.00,ly=+0.40,rx=+0.00)
  t= 26.5 DWA-F pos=(-1.69,-0.17) yaw=+170.9 d=4.42 goal_err=-37 carrot_err= -30 c0=1.11 clear=0.74 prog=0.29 rel=0.92 bal=+0.07 obs=204 hard=197 obsc=212 yr=  0  nz=0.08 flt=0.01 dmap=+0/-0 shz=4.0 plan=21 cmd=(lx=+0.00,ly=+0.40,rx=+0.00)
  t= 26.9 DWA-F pos=(-1.73,-0.16) yaw=+170.9 d=4.38 goal_err=-38 carrot_err= -31 c0=1.07 clear=0.71 prog=0.27 rel=0.91 bal=+0.07 obs=205 hard=198 obsc=213 yr=  0  nz=0.09 flt=0.00 dmap=+1/-0 shz=4.0 plan=21 cmd=(lx=+0.00,ly=+0.40,rx=+0.00)
  t= 27.4 DWA-F pos=(-1.78,-0.15) yaw=+170.9 d=4.35 goal_err=-38 carrot_err= -25 c0=1.02 clear=0.68 prog=0.27 rel=0.93 bal=+0.06 obs=203 hard=199 obsc=213 yr=  0  nz=0.07 flt=0.00 dmap=+0/-0 shz=4.0 plan=20 cmd=(lx=+0.00,ly=+0.40,rx=+0.00)
  t= 27.8 DWA-F pos=(-1.83,-0.15) yaw=+170.9 d=4.31 goal_err=-39 carrot_err= -26 c0=0.97 clear=0.65 prog=0.28 rel=0.92 bal=+0.05 obs=205 hard=199 obsc=213 yr=  0  nz=0.08 flt=0.02 dmap=+0/-0 shz=4.0 plan=20 cmd=(lx=+0.00,ly=+0.40,rx=+0.00)
  t= 28.2 DWA-F pos=(-1.88,-0.14) yaw=+170.9 d=4.27 goal_err=-39 carrot_err= -28 c0=0.93 clear=0.62 prog=0.28 rel=0.92 bal=+0.04 obs=206 hard=199 obsc=213 yr=  0  nz=0.08 flt=0.02 dmap=+0/-0 shz=4.0 plan=20 cmd=(lx=+0.00,ly=+0.40,rx=+0.00)
  t= 28.7 DWA-F pos=(-1.92,-0.13) yaw=+170.9 d=4.24 goal_err=-39 carrot_err= -29 c0=0.88 clear=0.59 prog=0.27 rel=0.92 bal=+0.04 obs=207 hard=202 obsc=216 yr=  0  nz=0.08 flt=0.00 dmap=+4/-2 shz=4.0 plan=20 cmd=(lx=+0.00,ly=+0.40,rx=+0.00)
  t= 29.1 DWA-F pos=(-1.98,-0.12) yaw=+169.3 d=4.19 goal_err=-38 carrot_err= -22 c0=0.83 clear=0.55 prog=0.29 rel=0.91 bal=+0.03 obs=207 hard=202 obsc=216 yr=  0  nz=0.09 flt=0.01 dmap=+0/-0 shz=4.0 plan=19 cmd=(lx=+0.00,ly=+0.40,rx=+0.00)
  t= 29.6 DWA-F pos=(-2.02,-0.11) yaw=+169.3 d=4.16 goal_err=-39 carrot_err= -23 c0=0.79 clear=0.52 prog=0.28 rel=0.91 bal=+0.03 obs=207 hard=202 obsc=216 yr=  0  nz=0.09 flt=0.01 dmap=+0/-0 shz=4.0 plan=19 cmd=(lx=+0.00,ly=+0.40,rx=+0.00)
  t= 30.0 DWA-F pos=(-2.06,-0.11) yaw=+169.3 d=4.12 goal_err=-39 carrot_err= -24 c0=0.74 clear=0.50 prog=0.28 rel=0.92 bal=+0.03 obs=207 hard=203 obsc=216 yr=  0  nz=0.08 flt=0.00 dmap=+1/-1 shz=4.0 plan=19 cmd=(lx=+0.00,ly=+0.40,rx=+0.00)
  t= 30.4 DWA-F pos=(-2.11,-0.10) yaw=+169.3 d=4.09 goal_err=-39 carrot_err= -27 c0=0.70 clear=0.47 prog=0.28 rel=0.92 bal=-0.10 obs=208 hard=203 obsc=218 yr=  0G nz=0.08 flt=0.00 dmap=+0/-0 shz=4.0 plan=18 cmd=(lx=+0.00,ly=+0.40,rx=+0.45)
  t= 30.9 DWA-F pos=(-2.16,-0.08) yaw=+164.5 d=4.05 goal_err=-35 carrot_err= -24 c0=0.85 clear=0.56 prog=0.28 rel=0.93 bal=-0.12 obs=210 hard=204 obsc=218 yr=  0  nz=0.07 flt=0.01 dmap=+0/-0 shz=4.0 plan=18 cmd=(lx=+0.00,ly=+0.40,rx=+0.00)
  t= 31.3 DWA-F pos=(-2.20,-0.07) yaw=+164.5 d=4.01 goal_err=-35 carrot_err= -25 c0=0.81 clear=0.54 prog=0.29 rel=0.90 bal=-0.55 obs=209 hard=203 obsc=217 yr=  0  nz=0.10 flt=0.02 dmap=+0/-0 shz=4.0 plan=18 cmd=(lx=+0.00,ly=+0.40,rx=+0.00)
  t= 31.7 DWA-F pos=(-2.25,-0.06) yaw=+164.5 d=3.97 goal_err=-36 carrot_err= -26 c0=0.96 clear=0.64 prog=0.29 rel=0.83 bal=-0.55 obs=211 hard=204 obsc=220 yr=  0  nz=0.17 flt=0.01 dmap=+1/-1 shz=4.0 plan=18 cmd=(lx=+0.00,ly=+0.40,rx=+0.00)
  t= 32.2 DWA-F pos=(-2.29,-0.05) yaw=+164.5 d=3.94 goal_err=-36 carrot_err= -27 c0=0.91 clear=0.61 prog=0.29 rel=0.83 bal=-0.55 obs=212 hard=205 obsc=220 yr=  0  nz=0.17 flt=0.00 dmap=+0/-0 shz=4.0 plan=18 cmd=(lx=+0.00,ly=+0.40,rx=+0.00)
  t= 32.6 DWA-F pos=(-2.33,-0.04) yaw=+164.5 d=3.90 goal_err=-37 carrot_err= -28 c0=0.87 clear=0.58 prog=0.29 rel=0.90 bal=-0.54 obs=211 hard=206 obsc=220 yr=  0  nz=0.10 flt=0.03 dmap=+0/-0 shz=4.0 plan=18 cmd=(lx=+0.00,ly=+0.40,rx=+0.00)
  t= 33.0 DWA-F pos=(-2.38,-0.02) yaw=+162.9 d=3.86 goal_err=-35 carrot_err= -28 c0=0.82 clear=0.54 prog=0.29 rel=0.92 bal=-0.54 obs=209 hard=206 obsc=220 yr= 14G nz=0.08 flt=0.13 dmap=+0/-0 shz=4.0 plan=18 cmd=(lx=+0.00,ly=+0.40,rx=+0.00)
  t= 33.5 DWA-F pos=(-2.43,-0.01) yaw=+161.3 d=3.82 goal_err=-34 carrot_err= -28 c0=0.77 clear=0.52 prog=0.29 rel=0.92 bal=-0.53 obs=211 hard=204 obsc=219 yr=  0  nz=0.08 flt=0.02 dmap=+1/-0 shz=4.0 plan=17 cmd=(lx=+0.00,ly=+0.40,rx=+0.00)
  t= 33.9 DWA-F pos=(-2.47,+0.01) yaw=+158.1 d=3.78 goal_err=-31 carrot_err= -26 c0=0.73 clear=0.49 prog=0.29 rel=0.91 bal=-0.52 obs=211 hard=204 obsc=219 yr= 15  nz=0.09 flt=0.02 dmap=+0/-0 shz=4.0 plan=17 cmd=(lx=+0.00,ly=+0.40,rx=+0.00)
  t= 34.3 DWA-F pos=(-2.51,+0.02) yaw=+158.1 d=3.75 goal_err=-32 carrot_err= -28 c0=0.69 clear=0.46 prog=0.29 rel=0.93 bal=-0.49 obs=215 hard=207 obsc=224 yr=  0  nz=0.07 flt=0.01 dmap=+0/-0 shz=4.0 plan=17 cmd=(lx=+0.00,ly=+0.40,rx=+0.00)
  t= 34.8 DWA-F pos=(-2.56,+0.04) yaw=+156.5 d=3.70 goal_err=-31 carrot_err= -26 c0=1.05 clear=0.70 prog=0.31 rel=0.93 bal=-0.49 obs=216 hard=208 obsc=226 yr= 15G nz=0.07 flt=0.15 dmap=+0/-0 shz=4.0 plan=17 cmd=(lx=+0.00,ly=+0.40,rx=+0.00)
  t= 35.2 ENG-F pos=(-2.60,+0.06) yaw=+154.9 d=3.66 goal_err=-29 carrot_err= -26 c0=1.01 clear=0.68 prog=0.30 rel=0.75 bal=-0.37 obs=219 hard=211 obsc=230 yr=  0  nz=0.25 flt=0.05 dmap=+1/-1 shz=4.0 plan=17 cmd=(lx=+0.00,ly=+0.28,rx=+0.00)
  t= 35.6 ENG-F pos=(-2.63,+0.08) yaw=+154.9 d=3.63 goal_err=-30 carrot_err= -27 c0=0.98 clear=0.65 prog=0.29 rel=0.75 bal=-0.37 obs=220 hard=211 obsc=231 yr=  0  nz=0.25 flt=0.01 dmap=+0/-0 shz=4.0 plan=17 cmd=(lx=+0.00,ly=+0.28,rx=+0.00)
  t= 36.1 ENG-F pos=(-2.66,+0.09) yaw=+154.9 d=3.60 goal_err=-30 carrot_err= -28 c0=0.94 clear=0.63 prog=0.28 rel=0.80 bal=-0.37 obs=220 hard=211 obsc=231 yr=  0  nz=0.20 flt=0.02 dmap=+0/-1 shz=3.9 plan=17 cmd=(lx=+0.00,ly=+0.28,rx=+0.00)
  t= 36.5 ENG-F pos=(-2.70,+0.11) yaw=+154.9 d=3.57 goal_err=-30 carrot_err= -19 c0=0.91 clear=0.61 prog=0.27 rel=0.92 bal=-0.36 obs=220 hard=210 obsc=230 yr=  0  nz=0.08 flt=0.01 dmap=+0/-1 shz=4.0 plan=17 cmd=(lx=+0.00,ly=+0.28,rx=+0.00)
  t= 36.9 ENG-F pos=(-2.73,+0.12) yaw=+154.9 d=3.54 goal_err=-30 carrot_err= -20 c0=0.88 clear=0.58 prog=0.24 rel=0.93 bal=-0.36 obs=221 hard=211 obsc=230 yr=  0  nz=0.07 flt=0.00 dmap=+0/-0 shz=3.9 plan=16 cmd=(lx=+0.00,ly=+0.28,rx=+0.00)
  t= 37.4 ENG-F pos=(-2.77,+0.14) yaw=+154.9 d=3.50 goal_err=-31 carrot_err= -21 c0=0.83 clear=0.56 prog=0.26 rel=0.93 bal=-0.29 obs=219 hard=211 obsc=230 yr=  0  nz=0.07 flt=0.02 dmap=+0/-0 shz=4.0 plan=16 cmd=(lx=+0.00,ly=+0.28,rx=+0.00)
  t= 37.8 ENG-F pos=(-2.80,+0.16) yaw=+154.9 d=3.47 goal_err=-31 carrot_err= -22 c0=0.80 clear=0.53 prog=0.26 rel=0.92 bal=-0.30 obs=221 hard=211 obsc=230 yr=  0  nz=0.08 flt=0.01 dmap=+1/-0 shz=4.0 plan=16 cmd=(lx=+0.00,ly=+0.28,rx=+0.00)
  t= 38.2 ENG-F pos=(-2.83,+0.17) yaw=+154.9 d=3.44 goal_err=-31 carrot_err= -23 c0=0.77 clear=0.51 prog=0.25 rel=0.93 bal=-0.30 obs=221 hard=212 obsc=231 yr=  0  nz=0.07 flt=0.01 dmap=+0/-0 shz=4.0 plan=16 cmd=(lx=+0.00,ly=+0.28,rx=+0.00)
  t= 38.6 ENG-F pos=(-2.87,+0.19) yaw=+154.9 d=3.41 goal_err=-32 carrot_err= -24 c0=0.73 clear=0.49 prog=0.25 rel=0.92 bal=-0.31 obs=222 hard=213 obsc=231 yr=  0  nz=0.08 flt=0.00 dmap=+0/-0 shz=4.0 plan=16 cmd=(lx=+0.00,ly=+0.28,rx=+0.00)
  t= 39.1 ENG-F pos=(-2.90,+0.20) yaw=+154.9 d=3.38 goal_err=-32 carrot_err= -25 c0=0.73 clear=0.49 prog=0.25 rel=0.93 bal=-0.18 obs=222 hard=216 obsc=233 yr=  0  nz=0.07 flt=0.01 dmap=+1/-2 shz=4.0 plan=16 cmd=(lx=+0.00,ly=+0.28,rx=+0.00)
  t= 39.5 ENG-F pos=(-2.93,+0.22) yaw=+154.9 d=3.35 goal_err=-32 carrot_err= -26 c0=0.69 clear=0.46 prog=0.24 rel=0.95 bal=-0.19 obs=221 hard=214 obsc=231 yr=  0  nz=0.05 flt=0.01 dmap=+0/-0 shz=4.0 plan=16 cmd=(lx=+0.00,ly=+0.28,rx=+0.00)
  t= 39.9 ENG-F pos=(-2.96,+0.23) yaw=+153.3 d=3.32 goal_err=-31 carrot_err= -25 c0=0.67 clear=0.44 prog=0.22 rel=0.94 bal=-0.19 obs=221 hard=215 obsc=230 yr= 14G nz=0.06 flt=0.00 dmap=+0/-0 shz=4.0 plan=16 cmd=(lx=+0.00,ly=+0.28,rx=+0.00)
  t= 40.3 ENG-F pos=(-2.98,+0.24) yaw=+150.1 d=3.30 goal_err=-28 carrot_err= -23 c0=0.64 clear=0.43 prog=0.21 rel=0.94 bal=-0.20 obs=221 hard=215 obsc=230 yr=  0  nz=0.06 flt=0.02 dmap=+0/-0 shz=4.0 plan=16 cmd=(lx=+0.00,ly=+0.28,rx=+0.00)
  t= 40.8 ENG-F pos=(-3.01,+0.26) yaw=+150.1 d=3.27 goal_err=-28 carrot_err= -24 c0=0.61 clear=0.40 prog=0.21 rel=0.93 bal=-0.23 obs=221 hard=215 obsc=230 yr=  0  nz=0.07 flt=0.00 dmap=+0/-0 shz=4.0 plan=16 cmd=(lx=+0.00,ly=+0.28,rx=+0.00)
  t= 41.2 ENG-T pos=(-3.04,+0.28) yaw=+150.1 d=3.24 goal_err=-29 carrot_err= -26 c0=0.57 clear=0.38 prog=0.22 rel=0.93 bal=-0.24 obs=221 hard=215 obsc=230 yr=  0  nz=0.07 flt=0.00 dmap=+0/-0 shz=4.0 plan=16 cmd=(lx=+0.00,ly=+0.00,rx=+0.45)
  t= 41.6 ENG-F pos=(-3.06,+0.29) yaw=+146.9 d=3.22 goal_err=-26 carrot_err= -23 c0=0.55 clear=0.37 prog=0.19 rel=0.93 bal=-0.24 obs=224 hard=216 obsc=233 yr=  0  nz=0.07 flt=0.16 dmap=+4/-1 shz=3.9 plan=16 cmd=(lx=+0.00,ly=+0.28,rx=+0.00)
  t= 42.1 ENG-T pos=(-3.09,+0.31) yaw=+146.9 d=3.19 goal_err=-26 carrot_err= -25 c0=0.59 clear=0.39 prog=0.22 rel=0.93 bal=-0.20 obs=224 hard=218 obsc=235 yr=  0  nz=0.07 flt=0.00 dmap=+2/-3 shz=4.0 plan=16 cmd=(lx=+0.00,ly=+0.00,rx=+0.45)
  t= 42.5 ENG-F pos=(-3.10,+0.32) yaw=+142.0 d=3.17 goal_err=-21 carrot_err= -16 c0=0.57 clear=0.38 prog=0.19 rel=0.95 bal=-0.20 obs=224 hard=218 obsc=235 yr= 15  nz=0.04 flt=0.32 dmap=+0/-0 shz=3.9 plan=16 cmd=(lx=+0.00,ly=+0.28,rx=+0.00)
  t= 42.9 ENG-F pos=(-3.13,+0.34) yaw=+142.0 d=3.14 goal_err=-21 carrot_err= -17 c0=0.54 clear=0.36 prog=0.20 rel=0.96 bal=-0.19 obs=228 hard=216 obsc=238 yr=  0  nz=0.04 flt=0.08 dmap=+0/-0 shz=4.0 plan=16 cmd=(lx=+0.00,ly=+0.28,rx=+0.00)
  t= 43.3 ENG-T pos=(-3.16,+0.36) yaw=+142.0 d=3.11 goal_err=-22 carrot_err= -17 c0=0.51 clear=0.34 prog=0.21 rel=0.96 bal=-0.18 obs=229 hard=215 obsc=238 yr=  0G nz=0.04 flt=0.01 dmap=+1/-0 shz=4.0 plan=15 cmd=(lx=+0.00,ly=+0.00,rx=+0.45)
  t= 43.8 ENG-F pos=(-3.17,+0.37) yaw=+138.8 d=3.10 goal_err=-19 carrot_err= -14 c0=0.67 clear=0.45 prog=0.19 rel=0.91 bal=+0.44 obs=230 hard=219 obsc=241 yr=  0  nz=0.09 flt=0.12 dmap=+0/-0 shz=3.9 plan=15 cmd=(lx=+0.00,ly=+0.28,rx=+0.00)
  t= 44.2 ENG-T pos=(-3.19,+0.39) yaw=+138.8 d=3.07 goal_err=-19 carrot_err= -15 c0=0.65 clear=0.43 prog=0.18 rel=0.88 bal=+0.46 obs=230 hard=220 obsc=238 yr=  0G nz=0.12 flt=0.01 dmap=+0/-0 shz=3.9 plan=15 cmd=(lx=+0.00,ly=+0.00,rx=+0.45)
  t= 44.6 ENG-F pos=(-3.20,+0.40) yaw=+134.0 d=3.05 goal_err=-14 carrot_err= -10 c0=1.08 clear=0.72 prog=0.18 rel=0.89 bal=+0.46 obs=233 hard=220 obsc=243 yr=  0  nz=0.11 flt=0.03 dmap=+4/-1 shz=3.9 plan=15 cmd=(lx=+0.00,ly=+0.28,rx=+0.00)
  t= 45.1 ENG-T pos=(-3.22,+0.42) yaw=+134.0 d=3.03 goal_err=-14 carrot_err= -11 c0=1.05 clear=0.70 prog=0.17 rel=0.69 bal=+0.48 obs=233 hard=220 obsc=243 yr=  0  nz=0.30 flt=0.08 dmap=+0/-0 shz=4.0 plan=15 cmd=(lx=+0.00,ly=+0.00,rx=+0.45)
  t= 45.5 ENG-F pos=(-3.23,+0.43) yaw=+130.8 d=3.01 goal_err=-11 carrot_err=  -8 c0=1.30 clear=0.87 prog=0.17 rel=0.62 bal=+0.49 obs=233 hard=219 obsc=243 yr=  0  nz=0.38 flt=0.19 dmap=+0/-0 shz=4.0 plan=15 cmd=(lx=+0.00,ly=+0.28,rx=+0.00)
  t= 45.9 ENG-GO pos=(-3.24,+0.45) yaw=+130.8 d=2.99 goal_err=-11 carrot_err=  -8 c0=0.83 clear=0.56 prog=0.16 rel=0.67 bal=+0.50 obs=234 hard=220 obsc=244 yr=  0  nz=0.33 flt=0.00 dmap=+0/-0 shz=4.0 plan=15 cmd=(lx=+0.00,ly=+0.28,rx=+0.00)
  t= 46.3 ENG-GO pos=(-3.26,+0.47) yaw=+130.8 d=2.96 goal_err=-11 carrot_err=  -9 c0=0.81 clear=0.54 prog=0.17 rel=0.72 bal=-0.12 obs=234 hard=220 obsc=244 yr=  0  nz=0.28 flt=0.00 dmap=+0/-0 shz=4.0 plan=15 cmd=(lx=+0.00,ly=+0.28,rx=+0.00)
  t= 46.8 ENG-GO pos=(-3.29,+0.49) yaw=+130.8 d=2.93 goal_err=-11 carrot_err=  -9 c0=1.22 clear=0.81 prog=0.20 rel=0.69 bal=+0.53 obs=232 hard=221 obsc=245 yr=  0  nz=0.31 flt=0.00 dmap=+0/-0 shz=4.0 plan=15 cmd=(lx=+0.00,ly=+0.28,rx=+0.00)
  t= 47.2 ENG-GO pos=(-3.31,+0.52) yaw=+130.8 d=2.89 goal_err=-11 carrot_err=  -5 c0=1.28 clear=0.86 prog=0.22 rel=0.67 bal=+0.54 obs=233 hard=218 obsc=242 yr=  0  nz=0.33 flt=0.02 dmap=+0/-0 shz=4.0 plan=15 cmd=(lx=+0.00,ly=+0.28,rx=+0.00)
  t= 47.6 ENG-GO pos=(-3.33,+0.55) yaw=+130.8 d=2.86 goal_err=-12 carrot_err=  -3 c0=1.25 clear=0.83 prog=0.24 rel=0.66 bal=+0.56 obs=233 hard=218 obsc=242 yr=  0  nz=0.34 flt=0.01 dmap=+0/-0 shz=4.0 plan=13 cmd=(lx=+0.00,ly=+0.28,rx=+0.00)
  t= 48.1 ENG-GO pos=(-3.36,+0.58) yaw=+130.8 d=2.82 goal_err=-12 carrot_err=  -3 c0=1.22 clear=0.81 prog=0.27 rel=0.95 bal=+0.58 obs=231 hard=219 obsc=242 yr=  0  nz=0.05 flt=0.01 dmap=+0/-0 shz=3.9 plan=13 cmd=(lx=+0.00,ly=+0.28,rx=+0.00)
  t= 48.5 ENG-GO pos=(-3.39,+0.61) yaw=+130.8 d=2.78 goal_err=-12 carrot_err=  -3 c0=1.17 clear=0.78 prog=0.29 rel=0.94 bal=+0.02 obs=236 hard=221 obsc=244 yr=  0  nz=0.06 flt=0.00 dmap=+0/-0 shz=4.0 plan=13 cmd=(lx=+0.00,ly=+0.28,rx=+0.00)
  t= 48.9 ENG-GO pos=(-3.41,+0.64) yaw=+130.8 d=2.74 goal_err=-12 carrot_err=  -3 c0=1.14 clear=0.76 prog=0.29 rel=0.93 bal=+0.02 obs=235 hard=221 obsc=244 yr=  0  nz=0.07 flt=0.01 dmap=+0/-1 shz=4.0 plan=13 cmd=(lx=+0.00,ly=+0.28,rx=+0.00)
  t= 49.3 ENG-GO pos=(-3.43,+0.66) yaw=+130.8 d=2.71 goal_err=-12 carrot_err=  -3 c0=1.11 clear=0.74 prog=0.29 rel=0.94 bal=+0.02 obs=235 hard=222 obsc=244 yr=  0  nz=0.06 flt=0.02 dmap=+0/-0 shz=4.0 plan=13 cmd=(lx=+0.00,ly=+0.28,rx=+0.00)
  t= 49.8 ENG-GO pos=(-3.46,+0.69) yaw=+130.8 d=2.67 goal_err=-12 carrot_err=  -3 c0=1.07 clear=0.71 prog=0.29 rel=0.94 bal=-0.01 obs=233 hard=221 obsc=242 yr=  0  nz=0.06 flt=0.00 dmap=+0/-0 shz=3.9 plan=13 cmd=(lx=+0.00,ly=+0.28,rx=+0.00)
  t= 50.2 ENG-GO pos=(-3.48,+0.72) yaw=+130.8 d=2.64 goal_err=-13 carrot_err=  -3 c0=1.04 clear=0.69 prog=0.27 rel=0.94 bal=+0.03 obs=230 hard=219 obsc=240 yr=  0  nz=0.06 flt=0.01 dmap=+1/-2 shz=3.9 plan=13 cmd=(lx=+0.00,ly=+0.28,rx=+0.00)
  t= 50.6 ENG-GO pos=(-3.51,+0.75) yaw=+130.8 d=2.59 goal_err=-13 carrot_err=  -2 c0=1.00 clear=0.66 prog=0.29 rel=0.93 bal=+0.02 obs=229 hard=218 obsc=238 yr=  0  nz=0.07 flt=0.02 dmap=+0/-1 shz=4.0 plan=12 cmd=(lx=+0.00,ly=+0.28,rx=+0.00)
  t= 51.1 ENG-GO pos=(-3.53,+0.78) yaw=+130.8 d=2.56 goal_err=-13 carrot_err=  -2 c0=0.96 clear=0.64 prog=0.29 rel=0.92 bal=+0.02 obs=230 hard=217 obsc=238 yr=  0  nz=0.08 flt=0.00 dmap=+0/-0 shz=3.9 plan=12 cmd=(lx=+0.00,ly=+0.28,rx=+0.00)
  t= 51.5 ENG-GO pos=(-3.56,+0.81) yaw=+130.8 d=2.52 goal_err=-13 carrot_err=  -2 c0=0.93 clear=0.62 prog=0.29 rel=0.92 bal=+0.02 obs=230 hard=217 obsc=239 yr=  0  nz=0.08 flt=0.00 dmap=+0/-0 shz=4.0 plan=12 cmd=(lx=+0.00,ly=+0.28,rx=+0.00)
  t= 51.9 ENG-GO pos=(-3.58,+0.83) yaw=+130.8 d=2.49 goal_err=-13 carrot_err=  -2 c0=1.00 clear=0.66 prog=0.29 rel=0.94 bal=+0.02 obs=229 hard=215 obsc=238 yr=  0  nz=0.06 flt=0.00 dmap=+0/-1 shz=4.0 plan=12 cmd=(lx=+0.00,ly=+0.28,rx=+0.00)
  t= 52.3 ENG-GO pos=(-3.60,+0.86) yaw=+130.8 d=2.45 goal_err=-13 carrot_err=  -2 c0=0.96 clear=0.64 prog=0.29 rel=0.94 bal=+0.02 obs=228 hard=215 obsc=238 yr=  0  nz=0.06 flt=0.00 dmap=+0/-0 shz=3.9 plan=12 cmd=(lx=+0.00,ly=+0.28,rx=+0.00)
  t= 52.8 ENG-GO pos=(-3.63,+0.90) yaw=+130.8 d=2.41 goal_err=-14 carrot_err=  -2 c0=0.92 clear=0.61 prog=0.29 rel=0.95 bal=+0.01 obs=230 hard=216 obsc=239 yr=  0  nz=0.05 flt=0.00 dmap=+0/-0 shz=4.0 plan=12 cmd=(lx=+0.00,ly=+0.28,rx=+0.00)
  t= 53.2 ENG-GO pos=(-3.66,+0.92) yaw=+130.8 d=2.37 goal_err=-14 carrot_err=  -2 c0=0.88 clear=0.59 prog=0.29 rel=0.93 bal=-0.11 obs=228 hard=214 obsc=237 yr=  0  nz=0.07 flt=0.00 dmap=+0/-1 shz=3.9 plan=12 cmd=(lx=+0.00,ly=+0.28,rx=+0.00)
  t= 53.6 ENG-GO pos=(-3.68,+0.95) yaw=+130.8 d=2.34 goal_err=-14 carrot_err=  -2 c0=0.85 clear=0.57 prog=0.29 rel=0.91 bal=+0.01 obs=228 hard=215 obsc=238 yr=  0  nz=0.09 flt=0.00 dmap=+0/-0 shz=4.0 plan=12 cmd=(lx=+0.00,ly=+0.28,rx=+0.00)
  t= 54.1 ENG-GO pos=(-3.70,+0.98) yaw=+130.8 d=2.30 goal_err=-14 carrot_err=  -2 c0=0.81 clear=0.54 prog=0.29 rel=0.92 bal=+0.00 obs=228 hard=213 obsc=236 yr=  0  nz=0.09 flt=0.04 dmap=+0/-0 shz=4.0 plan=11 cmd=(lx=+0.00,ly=+0.28,rx=+0.00)
  t= 54.5 ENG-GO pos=(-3.73,+1.00) yaw=+130.8 d=2.27 goal_err=-15 carrot_err=  -2 c0=0.78 clear=0.52 prog=0.27 rel=0.92 bal=-0.00 obs=226 hard=216 obsc=236 yr=  0  nz=0.08 flt=0.01 dmap=+0/-2 shz=3.9 plan=11 cmd=(lx=+0.00,ly=+0.28,rx=+0.00)
  t= 54.9 ENG-GO pos=(-3.75,+1.03) yaw=+130.8 d=2.23 goal_err=-15 carrot_err=  -2 c0=0.75 clear=0.50 prog=0.27 rel=0.92 bal=-0.01 obs=226 hard=214 obsc=233 yr=  0  nz=0.08 flt=0.00 dmap=+0/-0 shz=4.0 plan=11 cmd=(lx=+0.00,ly=+0.28,rx=+0.00)
  t= 55.3 ENG-GO pos=(-3.78,+1.07) yaw=+130.8 d=2.19 goal_err=-15 carrot_err=  -1 c0=0.70 clear=0.47 prog=0.29 rel=0.94 bal=-0.02 obs=226 hard=214 obsc=233 yr=  0  nz=0.06 flt=0.00 dmap=+0/-0 shz=3.9 plan=11 cmd=(lx=+0.00,ly=+0.28,rx=+0.00)
  t= 55.8 ENG-GO pos=(-3.80,+1.09) yaw=+130.8 d=2.16 goal_err=-15 carrot_err=  -1 c0=0.67 clear=0.45 prog=0.28 rel=0.92 bal=-0.03 obs=227 hard=215 obsc=235 yr=  0  nz=0.08 flt=0.01 dmap=+0/-0 shz=4.0 plan=11 cmd=(lx=+0.00,ly=+0.28,rx=+0.00)
  t= 56.2 ENG-GO pos=(-3.83,+1.12) yaw=+130.8 d=2.12 goal_err=-16 carrot_err=  -1 c0=0.64 clear=0.42 prog=0.29 rel=0.92 bal=-0.04 obs=227 hard=213 obsc=235 yr=  0  nz=0.08 flt=0.00 dmap=+1/-1 shz=4.0 plan=11 cmd=(lx=+0.00,ly=+0.28,rx=+0.00)
  t= 56.6 ENG-GO pos=(-3.85,+1.15) yaw=+130.8 d=2.09 goal_err=-16 carrot_err=  -1 c0=0.60 clear=0.40 prog=0.28 rel=0.94 bal=-0.07 obs=227 hard=213 obsc=235 yr=  0  nz=0.06 flt=0.01 dmap=+1/-0 shz=3.9 plan=11 cmd=(lx=+0.00,ly=+0.28,rx=+0.00)
  t= 57.1 ENG-GO pos=(-3.87,+1.17) yaw=+130.8 d=2.05 goal_err=-16 carrot_err=  -1 c0=0.84 clear=0.56 prog=0.27 rel=0.86 bal=+0.01 obs=225 hard=213 obsc=234 yr=  0  nz=0.14 flt=0.00 dmap=+0/-0 shz=4.0 plan=10 cmd=(lx=+0.00,ly=+0.28,rx=+0.00)
  t= 57.5 ENG-GO pos=(-3.90,+1.21) yaw=+130.8 d=2.01 goal_err=-17 carrot_err=  -1 c0=0.80 clear=0.53 prog=0.28 rel=0.83 bal=+0.08 obs=226 hard=214 obsc=234 yr=  0  nz=0.17 flt=0.00 dmap=+0/-1 shz=4.0 plan=10 cmd=(lx=+0.00,ly=+0.28,rx=+0.00)
  t= 57.9 ENG-GO pos=(-3.93,+1.24) yaw=+130.8 d=1.97 goal_err=-17 carrot_err=  -1 c0=0.76 clear=0.51 prog=0.28 rel=0.84 bal=+0.08 obs=228 hard=217 obsc=236 yr=  0  nz=0.16 flt=0.04 dmap=+0/-0 shz=4.0 plan=10 cmd=(lx=+0.00,ly=+0.28,rx=+0.00)
  t= 58.3 ENG-GO pos=(-3.95,+1.26) yaw=+130.8 d=1.94 goal_err=-17 carrot_err= -15 c0=0.73 clear=0.49 prog=0.28 rel=0.94 bal=+0.07 obs=228 hard=216 obsc=236 yr=  0  nz=0.06 flt=0.00 dmap=+0/-0 shz=4.0 plan=10 cmd=(lx=+0.00,ly=+0.28,rx=+0.00)
  t= 58.8 ENG-GO pos=(-3.97,+1.29) yaw=+130.8 d=1.91 goal_err=-17 carrot_err= -10 c0=0.70 clear=0.47 prog=0.28 rel=0.94 bal=+0.00 obs=226 hard=215 obsc=236 yr=  0  nz=0.07 flt=0.01 dmap=+0/-3 shz=3.9 plan=10 cmd=(lx=+0.00,ly=+0.28,rx=+0.00)
  t= 59.2 ENG-GO pos=(-4.00,+1.32) yaw=+130.8 d=1.87 goal_err=-18 carrot_err= -16 c0=0.67 clear=0.44 prog=0.27 rel=0.92 bal=-0.01 obs=227 hard=216 obsc=236 yr=  0  nz=0.08 flt=0.01 dmap=+2/-2 shz=4.0 plan=10 cmd=(lx=+0.00,ly=+0.28,rx=+0.00)
  t= 59.6 ENG-GO pos=(-4.02,+1.34) yaw=+130.8 d=1.84 goal_err=-18 carrot_err= -17 c0=1.46 clear=0.97 prog=0.27 rel=0.58 bal=-0.03 obs=227 hard=216 obsc=235 yr=  0  nz=0.42 flt=0.00 dmap=+0/-0 shz=4.0 plan=10 cmd=(lx=+0.00,ly=+0.28,rx=+0.00)
  t= 60.0 ENG-GO pos=(-4.04,+1.37) yaw=+130.8 d=1.80 goal_err=-18 carrot_err= -18 c0=1.42 clear=0.95 prog=0.27 rel=0.42 bal=-0.05 obs=225 hard=215 obsc=233 yr=  0  nz=0.58 flt=0.00 dmap=+0/-0 shz=4.0 plan=10 cmd=(lx=+0.00,ly=+0.28,rx=+0.00)
  t= 60.5 ENG-GO pos=(-4.07,+1.41) yaw=+130.8 d=1.76 goal_err=-19 carrot_err= -18 c0=1.38 clear=0.92 prog=0.28 rel=0.43 bal=+0.60 obs=228 hard=217 obsc=236 yr=  0  nz=0.57 flt=0.00 dmap=+2/-1 shz=4.0 plan=9 cmd=(lx=+0.00,ly=+0.28,rx=+0.00)
  t= 60.9 ENG-GO pos=(-4.10,+1.43) yaw=+130.8 d=1.73 goal_err=-19 carrot_err= -19 c0=1.34 clear=0.90 prog=0.28 rel=0.93 bal=+0.10 obs=228 hard=217 obsc=236 yr=  0  nz=0.07 flt=0.00 dmap=+0/-0 shz=4.0 plan=9 cmd=(lx=+0.00,ly=+0.28,rx=+0.00)
  t= 61.3 ENG-GO pos=(-4.12,+1.46) yaw=+130.8 d=1.70 goal_err=-20 carrot_err= -20 c0=1.31 clear=0.87 prog=0.28 rel=0.92 bal=+0.09 obs=228 hard=217 obsc=236 yr=  0  nz=0.08 flt=0.02 dmap=+0/-0 shz=4.0 plan=9 cmd=(lx=+0.00,ly=+0.28,rx=+0.00)
  t= 61.7 ENG-GO pos=(-4.14,+1.49) yaw=+130.8 d=1.66 goal_err=-20 carrot_err= -21 c0=1.28 clear=0.85 prog=0.28 rel=0.93 bal=+0.03 obs=229 hard=217 obsc=235 yr=  0  nz=0.07 flt=0.01 dmap=+1/-0 shz=4.0 plan=9 cmd=(lx=+0.00,ly=+0.28,rx=+0.00)
  t= 62.2 ENG-GO pos=(-4.17,+1.51) yaw=+130.8 d=1.63 goal_err=-21 carrot_err= -15 c0=1.24 clear=0.83 prog=0.28 rel=0.93 bal=+0.02 obs=230 hard=218 obsc=237 yr=  0  nz=0.07 flt=0.01 dmap=+0/-0 shz=4.0 plan=9 cmd=(lx=+0.00,ly=+0.28,rx=+0.00)
  t= 62.6 ENG-GO pos=(-4.20,+1.55) yaw=+130.8 d=1.59 goal_err=-21 carrot_err= -15 c0=1.20 clear=0.80 prog=0.28 rel=0.92 bal=+0.00 obs=230 hard=215 obsc=236 yr=  0  nz=0.08 flt=0.00 dmap=+0/-0 shz=4.0 plan=9 cmd=(lx=+0.00,ly=+0.28,rx=+0.00)
  t= 63.0 ENG-GO pos=(-4.22,+1.57) yaw=+130.8 d=1.55 goal_err=-22 carrot_err= -16 c0=1.16 clear=0.78 prog=0.28 rel=0.93 bal=-0.61 obs=234 hard=222 obsc=242 yr=  0  nz=0.07 flt=0.00 dmap=+5/-1 shz=4.0 plan=9 cmd=(lx=+0.00,ly=+0.28,rx=+0.00)
  t= 63.4 ENG-GO pos=(-4.25,+1.61) yaw=+130.8 d=1.51 goal_err=-22 carrot_err= -17 c0=1.12 clear=0.75 prog=0.29 rel=0.91 bal=-0.54 obs=235 hard=223 obsc=242 yr=  0  nz=0.09 flt=0.00 dmap=+0/-0 shz=4.0 plan=8 cmd=(lx=+0.00,ly=+0.28,rx=+0.00)
  t= 63.9 ENG-GO pos=(-4.27,+1.64) yaw=+130.8 d=1.48 goal_err=-23 carrot_err= -18 c0=1.09 clear=0.72 prog=0.29 rel=0.91 bal=-0.30 obs=234 hard=224 obsc=243 yr=  0  nz=0.09 flt=0.01 dmap=+0/-0 shz=4.0 plan=8 cmd=(lx=+0.00,ly=+0.28,rx=+0.00)
  t= 64.3 ENG-GO pos=(-4.30,+1.66) yaw=+130.8 d=1.44 goal_err=-23 carrot_err= -18 c0=1.05 clear=0.70 prog=0.28 rel=0.92 bal=-0.20 obs=234 hard=222 obsc=240 yr=  0  nz=0.08 flt=0.00 dmap=+1/-1 shz=4.0 plan=8 cmd=(lx=+0.00,ly=+0.28,rx=+0.00)
  t= 64.7 ENG-GO pos=(-4.32,+1.69) yaw=+130.8 d=1.41 goal_err=-24 carrot_err= -24 c0=1.02 clear=0.68 prog=0.27 rel=0.92 bal=-0.32 obs=232 hard=222 obsc=239 yr=  0  nz=0.08 flt=0.01 dmap=+0/-2 shz=4.0 plan=8 cmd=(lx=+0.00,ly=+0.28,rx=+0.00)
  t= 65.2 ENG-GO pos=(-4.34,+1.72) yaw=+130.8 d=1.38 goal_err=-25 carrot_err= -25 c0=0.98 clear=0.66 prog=0.27 rel=0.93 bal=-0.33 obs=233 hard=221 obsc=239 yr=  0  nz=0.07 flt=0.00 dmap=+0/-0 shz=4.0 plan=7 cmd=(lx=+0.00,ly=+0.28,rx=+0.00)
  t= 65.6 ENG-GO pos=(-4.37,+1.74) yaw=+130.8 d=1.35 goal_err=-25 carrot_err= -26 c0=0.95 clear=0.63 prog=0.26 rel=0.94 bal=-0.34 obs=233 hard=221 obsc=240 yr=  0  nz=0.07 flt=0.00 dmap=+0/-0 shz=4.0 plan=7 cmd=(lx=+0.00,ly=+0.28,rx=+0.00)
  t= 66.0 ENG-GO pos=(-4.40,+1.78) yaw=+130.8 d=1.30 goal_err=-26 carrot_err= -27 c0=0.91 clear=0.60 prog=0.27 rel=0.94 bal=-0.36 obs=235 hard=223 obsc=242 yr=  0  nz=0.06 flt=0.01 dmap=+1/-1 shz=4.0 plan=7 cmd=(lx=+0.00,ly=+0.28,rx=+0.00)
  t= 66.4 DWA-F pos=(-4.42,+1.81) yaw=+130.8 d=1.27 goal_err=-27 carrot_err= -28 c0=0.87 clear=0.58 prog=0.27 rel=0.93 bal=-0.47 obs=237 hard=224 obsc=243 yr=  0  nz=0.07 flt=0.00 dmap=+0/-0 shz=4.0 plan=7 cmd=(lx=+0.00,ly=+0.40,rx=+0.00)
  t= 66.9 DWA-F pos=(-4.45,+1.84) yaw=+130.8 d=1.23 goal_err=-28 carrot_err= -30 c0=0.83 clear=0.55 prog=0.28 rel=0.93 bal=-0.49 obs=235 hard=224 obsc=242 yr=  0  nz=0.07 flt=0.01 dmap=+0/-0 shz=4.0 plan=7 cmd=(lx=+0.00,ly=+0.40,rx=+0.45)
  t= 67.3 DWA-F pos=(-4.48,+1.88) yaw=+127.6 d=1.19 goal_err=-25 carrot_err= -28 c0=0.89 clear=0.59 prog=0.30 rel=0.94 bal=-0.50 obs=235 hard=223 obsc=241 yr=  0  nz=0.06 flt=0.01 dmap=+2/-2 shz=4.0 plan=7 cmd=(lx=+0.00,ly=+0.40,rx=+0.00)
  t= 67.7 DWA-F pos=(-4.51,+1.92) yaw=+126.0 d=1.14 goal_err=-25 carrot_err= -18 c0=0.84 clear=0.56 prog=0.31 rel=0.96 bal=-0.38 obs=234 hard=222 obsc=241 yr= 15  nz=0.04 flt=0.01 dmap=+0/-0 shz=4.0 plan=7 cmd=(lx=+0.00,ly=+0.40,rx=+0.00)
  t= 68.2 DWA-F pos=(-4.54,+1.96) yaw=+126.0 d=1.10 goal_err=-26 carrot_err= -19 c0=0.80 clear=0.53 prog=0.32 rel=0.93 bal=-0.39 obs=237 hard=226 obsc=243 yr=  0  nz=0.07 flt=0.04 dmap=+0/-0 shz=4.0 plan=6 cmd=(lx=+0.00,ly=+0.40,rx=+0.00)
  t= 68.6 DWA-F pos=(-4.57,+1.99) yaw=+126.0 d=1.06 goal_err=-27 carrot_err= -20 c0=0.75 clear=0.50 prog=0.33 rel=0.92 bal=-0.53 obs=239 hard=227 obsc=245 yr=  0  nz=0.08 flt=0.00 dmap=+1/-0 shz=4.0 plan=6 cmd=(lx=+0.00,ly=+0.40,rx=+0.00)
  t= 69.0 DWA-F pos=(-4.59,+2.03) yaw=+126.0 d=1.02 goal_err=-28 carrot_err= -21 c0=0.71 clear=0.47 prog=0.33 rel=0.92 bal=-0.53 obs=236 hard=225 obsc=244 yr=  0  nz=0.08 flt=0.00 dmap=+0/-3 shz=4.0 plan=6 cmd=(lx=+0.00,ly=+0.40,rx=+0.00)
  t= 69.5 DWA-F pos=(-4.62,+2.06) yaw=+126.0 d=0.98 goal_err=-29 carrot_err= -22 c0=0.67 clear=0.45 prog=0.32 rel=0.92 bal=-0.53 obs=238 hard=226 obsc=245 yr=  0  nz=0.08 flt=0.00 dmap=+1/-0 shz=3.9 plan=6 cmd=(lx=+0.00,ly=+0.40,rx=+0.00)
  t= 69.9 DWA-F pos=(-4.65,+2.11) yaw=+126.0 d=0.93 goal_err=-31 carrot_err= -26 c0=0.90 clear=0.60 prog=0.32 rel=0.86 bal=-0.54 obs=238 hard=226 obsc=245 yr=  0  nz=0.14 flt=0.01 dmap=+0/-0 shz=4.0 plan=6 cmd=(lx=+0.00,ly=+0.40,rx=+0.00)
  t= 70.3 DWA-F pos=(-4.68,+2.14) yaw=+126.0 d=0.90 goal_err=-33 carrot_err= -28 c0=0.86 clear=0.57 prog=0.31 rel=0.84 bal=-0.54 obs=238 hard=226 obsc=246 yr=  0  nz=0.16 flt=0.01 dmap=+0/-1 shz=4.0 plan=6 cmd=(lx=+0.00,ly=+0.40,rx=+0.00)
  t= 70.8 DWA-F pos=(-4.70,+2.18) yaw=+126.0 d=0.86 goal_err=-34 carrot_err= -29 c0=0.82 clear=0.54 prog=0.31 rel=0.83 bal=-0.41 obs=239 hard=227 obsc=246 yr=  0  nz=0.17 flt=0.00 dmap=+0/-0 shz=4.0 plan=6 cmd=(lx=+0.00,ly=+0.40,rx=+0.00)
  t= 71.2 DWA-F pos=(-4.73,+2.21) yaw=+124.4 d=0.83 goal_err=-34 carrot_err= -29 c0=1.18 clear=0.78 prog=0.30 rel=0.92 bal=-0.42 obs=241 hard=228 obsc=247 yr= 15G nz=0.08 flt=0.00 dmap=+0/-0 shz=4.0 plan=5 cmd=(lx=+0.00,ly=+0.40,rx=+0.00)
  t= 71.6 DWA-F pos=(-4.75,+2.26) yaw=+121.2 d=0.78 goal_err=-33 carrot_err= -28 c0=1.13 clear=0.75 prog=0.29 rel=0.79 bal=-0.41 obs=241 hard=229 obsc=248 yr=  0  nz=0.21 flt=0.04 dmap=+0/-2 shz=3.9 plan=5 cmd=(lx=+0.00,ly=+0.40,rx=+0.00)
  t= 72.1 DWA-F pos=(-4.77,+2.29) yaw=+118.0 d=0.75 goal_err=-31 carrot_err= -26 c0=1.09 clear=0.72 prog=0.28 rel=0.74 bal=-0.41 obs=243 hard=231 obsc=249 yr= 15  nz=0.26 flt=0.06 dmap=+2/-0 shz=4.0 plan=5 cmd=(lx=+0.00,ly=+0.40,rx=+0.00)
  t= 72.5 DWA-F pos=(-4.79,+2.33) yaw=+118.0 d=0.71 goal_err=-33 carrot_err= -27 c0=1.05 clear=0.70 prog=0.28 rel=0.79 bal=-0.40 obs=243 hard=231 obsc=249 yr=  0  nz=0.21 flt=0.02 dmap=+0/-0 shz=4.0 plan=4 cmd=(lx=+0.00,ly=+0.40,rx=+0.00)
  t= 72.9 DWA-F pos=(-4.81,+2.37) yaw=+118.0 d=0.68 goal_err=-35 carrot_err= -29 c0=1.01 clear=0.67 prog=0.28 rel=0.93 bal=-0.41 obs=244 hard=232 obsc=250 yr=  0G nz=0.07 flt=0.01 dmap=+0/-0 shz=4.0 plan=4 cmd=(lx=+0.00,ly=+0.40,rx=+0.45)
  t= 73.4 DWA-F pos=(-4.83,+2.41) yaw=+111.6 d=0.64 goal_err=-31 carrot_err= -25 c0=0.98 clear=0.65 prog=0.28 rel=0.92 bal=-0.41 obs=243 hard=232 obsc=252 yr= 15  nz=0.08 flt=0.00 dmap=+0/-2 shz=4.0 plan=4 cmd=(lx=+0.00,ly=+0.40,rx=+0.00)
  t= 73.8 DWA-F pos=(-4.85,+2.46) yaw=+111.6 d=0.60 goal_err=-33 carrot_err= -27 c0=0.92 clear=0.62 prog=0.29 rel=0.92 bal=-0.40 obs=242 hard=230 obsc=251 yr=  0  nz=0.08 flt=0.05 dmap=+0/-0 shz=4.0 plan=4 cmd=(lx=+0.00,ly=+0.40,rx=+0.45)
  t= 74.2 DWA-F pos=(-4.87,+2.50) yaw=+106.8 d=0.56 goal_err=-31 carrot_err= -24 c0=0.88 clear=0.59 prog=0.29 rel=0.90 bal=-0.39 obs=242 hard=230 obsc=251 yr= 15  nz=0.10 flt=0.04 dmap=+0/-0 shz=4.0 plan=4 cmd=(lx=+0.00,ly=+0.40,rx=+0.00)
  t= 74.7 DWA-F pos=(-4.88,+2.54) yaw=+106.8 d=0.52 goal_err=-34 carrot_err= -27 c0=0.84 clear=0.56 prog=0.30 rel=0.91 bal=-0.38 obs=242 hard=228 obsc=249 yr=  0G nz=0.09 flt=0.01 dmap=+0/-0 shz=4.0 plan=4 cmd=(lx=+0.00,ly=+0.28,rx=+0.45)
  t= 75.1 DWA-F pos=(-4.89,+2.58) yaw=+101.9 d=0.49 goal_err=-31 carrot_err= -24 c0=0.97 clear=0.64 prog=0.29 rel=0.91 bal=-0.38 obs=242 hard=228 obsc=249 yr= 15G nz=0.09 flt=0.01 dmap=+0/-0 shz=4.0 plan=4 cmd=(lx=+0.00,ly=+0.28,rx=+0.45)
  t= 75.5 DWA-T pos=(-4.90,+2.62) yaw= +97.1 d=0.46 goal_err=-29 carrot_err= -21 c0=1.10 clear=0.74 prog=0.27 rel=0.82 bal=-0.36 obs=240 hard=229 obsc=246 yr=  0  nz=0.18 flt=0.05 dmap=+0/-0 shz=4.0 plan=3 cmd=(lx=+0.00,ly=+0.00,rx=+0.00)
  t= 76.0 DWA-T pos=(-4.90,+2.63) yaw= +97.1 d=0.45 goal_err=-29 carrot_err= -22 c0=1.09 clear=0.73 prog=0.23 rel=0.80 bal=-0.17 obs=236 hard=228 obsc=244 yr=  0  nz=0.20 flt=0.00 dmap=+0/-0 shz=4.0 plan=3 cmd=(lx=+0.00,ly=+0.00,rx=+0.00)
  t= 76.4 DWA-T pos=(-4.90,+2.63) yaw= +97.1 d=0.45 goal_err=-29 carrot_err= -22 c0=1.09 clear=0.73 prog=0.16 rel=0.80 bal=-0.17 obs=236 hard=228 obsc=244 yr=  0  nz=0.20 flt=0.00 dmap=+0/-0 shz=4.0 plan=3 cmd=(lx=+0.00,ly=+0.00,rx=+0.00)
  t= 76.8 BRK-BK pos=(-4.90,+2.63) yaw= +97.1 d=0.45 goal_err=-29 carrot_err= -22 c0=1.09 clear=0.73 prog=0.10 rel=0.80 bal=-0.17 obs=236 hard=228 obsc=244 yr=  0  nz=0.20 flt=0.00 dmap=+0/-0 shz=4.0 plan=0 cmd=(lx=+0.00,ly=-0.35,rx=+0.00)
  t= 77.3 BRK-TR pos=(-4.90,+2.60) yaw= +97.1 d=0.47 goal_err=-28 carrot_err= -21 c0=1.12 clear=0.74 prog=0.01 rel=0.99 bal=-0.17 obs=235 hard=227 obsc=241 yr=  0  nz=0.01 flt=0.00 dmap=+0/-0 shz=3.7 plan=0 cmd=(lx=+0.00,ly=+0.00,rx=+0.45)
  t= 77.7 BRK-TR pos=(-4.89,+2.58) yaw= +93.9 d=0.49 goal_err=-23 carrot_err= -16 c0=1.14 clear=0.76 prog=0.00 rel=0.87 bal=-0.18 obs=235 hard=228 obsc=241 yr= 15G nz=0.13 flt=0.06 dmap=+0/-0 shz=3.7 plan=0 cmd=(lx=+0.00,ly=+0.00,rx=+0.45)
  t= 78.1 BRK-TR pos=(-4.89,+2.58) yaw= +85.9 d=0.49 goal_err=-15 carrot_err=  -8 c0=1.13 clear=0.76 prog=0.00 rel=0.82 bal=-0.18 obs=235 hard=228 obsc=241 yr= 15G nz=0.18 flt=0.10 dmap=+0/-0 shz=3.7 plan=0 cmd=(lx=+0.00,ly=+0.00,rx=+0.45)
  t= 78.5 BRK-TR pos=(-4.89,+2.58) yaw= +79.5 d=0.49 goal_err=-9 carrot_err=  -2 c0=1.13 clear=0.76 prog=0.00 rel=0.85 bal=-0.27 obs=235 hard=228 obsc=241 yr= 15G nz=0.15 flt=0.01 dmap=+0/-0 shz=3.7 plan=0 cmd=(lx=+0.00,ly=+0.00,rx=+0.45)
  t= 79.0 BRK-TR pos=(-4.89,+2.58) yaw= +73.1 d=0.49 goal_err=-2 carrot_err=  +5 c0=1.08 clear=0.72 prog=0.00 rel=0.86 bal=-0.33 obs=235 hard=228 obsc=241 yr= 15G nz=0.14 flt=0.06 dmap=+0/-0 shz=3.7 plan=0 cmd=(lx=+0.00,ly=+0.00,rx=+0.45)
  t= 79.4 BRK-TR pos=(-4.89,+2.58) yaw= +67.1 d=0.49 goal_err=+3 carrot_err= +11 c0=1.08 clear=0.72 prog=0.00 rel=0.90 bal=-0.33 obs=235 hard=228 obsc=241 yr= 14G nz=0.10 flt=0.01 dmap=+0/-0 shz=3.7 plan=0 cmd=(lx=+0.00,ly=+0.00,rx=+0.45)
  t= 79.8 DWA-T pos=(-4.89,+2.58) yaw= +61.1 d=0.49 goal_err=+9 carrot_err= +16 c0=1.08 clear=0.72 prog=0.00 rel=0.93 bal=-0.24 obs=235 hard=228 obsc=241 yr= 14  nz=0.07 flt=0.04 dmap=+0/-0 shz=3.7 plan=3 cmd=(lx=+0.00,ly=+0.00,rx=+0.00)
  t= 80.3 DWA-T pos=(-4.89,+2.58) yaw= +59.7 d=0.48 goal_err=+11 carrot_err= +18 c0=1.07 clear=0.71 prog=0.01 rel=0.97 bal=-0.24 obs=231 hard=222 obsc=236 yr=  0  nz=0.03 flt=0.05 dmap=+0/-0 shz=3.7 plan=3 cmd=(lx=+0.00,ly=+0.00,rx=+0.00)
  t= 80.7 DWA-T pos=(-4.89,+2.58) yaw= +59.7 d=0.48 goal_err=+11 carrot_err= +18 c0=1.07 clear=0.71 prog=0.01 rel=0.97 bal=-0.24 obs=231 hard=222 obsc=236 yr=  0  nz=0.03 flt=0.05 dmap=+0/-0 shz=3.7 plan=3 cmd=(lx=+0.00,ly=+0.00,rx=+0.00)
  t= 81.1 DWA-T pos=(-4.89,+2.58) yaw= +59.7 d=0.48 goal_err=+11 carrot_err= +18 c0=1.07 clear=0.71 prog=0.01 rel=0.97 bal=-0.24 obs=231 hard=222 obsc=236 yr=  0  nz=0.03 flt=0.05 dmap=+0/-0 shz=3.7 plan=0 cmd=(lx=+0.00,ly=+0.00,rx=+0.00)
  t= 81.5 BRK-BK pos=(-4.90,+2.57) yaw= +59.7 d=0.50 goal_err=+11 carrot_err= +18 c0=1.08 clear=0.72 prog=0.00 rel=1.00 bal=-0.24 obs=225 hard=216 obsc=230 yr=  0  nz=0.00 flt=0.00 dmap=+0/-0 shz=3.5 plan=0 cmd=(lx=+0.00,ly=-0.35,rx=+0.00)
  t= 82.0 BRK-TR pos=(-4.91,+2.54) yaw= +58.2 d=0.53 goal_err=+12 carrot_err= +18 c0=1.12 clear=0.74 prog=0.00 rel=0.96 bal=-0.23 obs=225 hard=216 obsc=230 yr= 14G nz=0.04 flt=0.05 dmap=+0/-0 shz=3.5 plan=0 cmd=(lx=+0.00,ly=+0.00,rx=+0.45)
  t= 82.4 BRK-TR pos=(-4.91,+2.54) yaw= +52.2 d=0.53 goal_err=+18 carrot_err= +24 c0=1.12 clear=0.74 prog=0.00 rel=0.94 bal=-0.16 obs=225 hard=216 obsc=230 yr= 14G nz=0.06 flt=0.14 dmap=+0/-0 shz=3.5 plan=0 cmd=(lx=+0.00,ly=+0.00,rx=+0.45)
  t= 82.8 BRK-TR pos=(-4.91,+2.54) yaw= +46.2 d=0.53 goal_err=+23 carrot_err= +30 c0=1.12 clear=0.74 prog=0.00 rel=0.95 bal=-0.16 obs=225 hard=216 obsc=230 yr= 14G nz=0.05 flt=0.00 dmap=+0/-0 shz=3.5 plan=0 cmd=(lx=+0.00,ly=+0.00,rx=+0.45)
  t= 83.2 BRK-TR pos=(-4.91,+2.54) yaw= +38.8 d=0.53 goal_err=+31 carrot_err= +37 c0=1.12 clear=0.74 prog=0.00 rel=0.95 bal=-0.05 obs=225 hard=216 obsc=230 yr= 28G nz=0.05 flt=0.00 dmap=+0/-0 shz=3.5 plan=0 cmd=(lx=+0.00,ly=+0.00,rx=+0.45)
  t= 83.7 BRK-TR pos=(-4.91,+2.54) yaw= +32.8 d=0.53 goal_err=+37 carrot_err= +43 c0=1.12 clear=0.74 prog=0.00 rel=0.99 bal=+0.07 obs=225 hard=216 obsc=230 yr= 14G nz=0.01 flt=0.00 dmap=+0/-0 shz=3.5 plan=0 cmd=(lx=+0.00,ly=+0.00,rx=+0.45)
  t= 84.1 DWA-F pos=(-4.91,+2.54) yaw= +26.9 d=0.53 goal_err=+43 carrot_err= +49 c0=1.12 clear=0.74 prog=0.00 rel=0.99 bal=+0.08 obs=225 hard=216 obsc=230 yr= 14G nz=0.01 flt=0.01 dmap=+0/-0 shz=3.5 plan=3 cmd=(lx=+0.00,ly=+0.28,rx=-0.45)
  t= 84.5 DWA-F pos=(-4.90,+2.55) yaw= +26.9 d=0.52 goal_err=+44 carrot_err= +50 c0=1.11 clear=0.74 prog=0.02 rel=0.99 bal=+0.08 obs=225 hard=216 obsc=230 yr= 14G nz=0.01 flt=0.07 dmap=+0/-0 shz=3.5 plan=3 cmd=(lx=+0.00,ly=+0.28,rx=-0.45)
  t= 84.9 DWA-F pos=(-4.88,+2.56) yaw= +32.8 d=0.50 goal_err=+40 carrot_err= +47 c0=1.08 clear=0.72 prog=0.05 rel=0.97 bal=+0.08 obs=225 hard=216 obsc=230 yr= 14G nz=0.03 flt=0.01 dmap=+0/-0 shz=3.5 plan=3 cmd=(lx=+0.00,ly=+0.28,rx=-0.45)
  t= 85.4 DWA-F pos=(-4.85,+2.58) yaw= +38.8 d=0.48 goal_err=+36 carrot_err= +44 c0=1.05 clear=0.70 prog=0.09 rel=0.96 bal=-0.03 obs=225 hard=216 obsc=230 yr= 14G nz=0.04 flt=0.12 dmap=+0/-0 shz=3.5 plan=3 cmd=(lx=+0.00,ly=+0.28,rx=-0.45)
  t= 85.8 DWA-F pos=(-4.83,+2.60) yaw= +46.2 d=0.45 goal_err=+31 carrot_err= +40 c0=1.02 clear=0.68 prog=0.14 rel=0.94 bal=-0.03 obs=226 hard=217 obsc=231 yr= 14G nz=0.06 flt=0.01 dmap=+1/-0 shz=3.5 plan=3 cmd=(lx=+0.00,ly=+0.28,rx=-0.45)
  t= 86.2 DWA-F pos=(-4.81,+2.62) yaw= +52.2 d=0.43 goal_err=+27 carrot_err= +36 c0=0.99 clear=0.66 prog=0.18 rel=0.93 bal=-0.18 obs=226 hard=217 obsc=231 yr= 14G nz=0.07 flt=0.01 dmap=+0/-0 shz=3.5 plan=3 cmd=(lx=+0.00,ly=+0.28,rx=-0.45)
  t= 86.7 DWA-T pos=(-4.79,+2.65) yaw= +58.4 d=0.40 goal_err=+23 carrot_err= +33 c0=0.96 clear=0.64 prog=0.20 rel=0.93 bal=-0.18 obs=228 hard=219 obsc=233 yr= 15G nz=0.07 flt=0.09 dmap=+1/-0 shz=3.5 plan=3 cmd=(lx=+0.00,ly=+0.00,rx=+0.00)

  >>> MODO AGRESIVO ON (12s sin acercarse a B): reduzco inflado y holgura (min seguridad 0.24m) para cruzar la puerta.
  t= 87.1 AGR-DWA-T pos=(-4.78,+2.66) yaw= +61.6 d=0.38 goal_err=+21 carrot_err= +31 c0=0.94 clear=0.63 prog=0.19 rel=0.93 bal=-0.24 obs=221 hard=211 obsc=225 yr=  0  nz=0.07 flt=0.01 dmap=+0/-0 shz=3.5 plan=3 cmd=(lx=+0.00,ly=+0.00,rx=+0.00)
  t= 87.6 AGR-DWA-T pos=(-4.78,+2.66) yaw= +61.6 d=0.38 goal_err=+21 carrot_err= +31 c0=0.94 clear=0.63 prog=0.14 rel=0.93 bal=-0.24 obs=221 hard=211 obsc=225 yr=  0  nz=0.07 flt=0.01 dmap=+0/-0 shz=3.5 plan=3 cmd=(lx=+0.00,ly=+0.00,rx=+0.00)
  t= 88.0 AGR-DWA-T pos=(-4.78,+2.66) yaw= +61.6 d=0.38 goal_err=+21 carrot_err= +31 c0=0.94 clear=0.63 prog=0.10 rel=0.93 bal=-0.24 obs=221 hard=211 obsc=225 yr=  0  nz=0.07 flt=0.01 dmap=+0/-0 shz=3.5 plan=0 cmd=(lx=+0.00,ly=+0.00,rx=+0.00)
  t= 88.4 AGR-BRK-BK pos=(-4.79,+2.65) yaw= +61.6 d=0.39 goal_err=+20 carrot_err= +30 c0=0.95 clear=0.64 prog=0.04 rel=0.93 bal=-0.24 obs=221 hard=211 obsc=225 yr=  0  nz=0.07 flt=0.01 dmap=+0/-0 shz=3.5 plan=0 cmd=(lx=+0.00,ly=-0.35,rx=+0.00)
  t= 88.8 AGR-BRK-TR pos=(-4.81,+2.62) yaw= +58.4 d=0.43 goal_err=+21 carrot_err= +31 c0=0.99 clear=0.66 prog=0.00 rel=0.98 bal=-0.17 obs=218 hard=209 obsc=223 yr= 16G nz=0.02 flt=0.05 dmap=+0/-0 shz=3.3 plan=0 cmd=(lx=+0.00,ly=+0.00,rx=+0.45)
  t= 89.3 AGR-BRK-TR pos=(-4.81,+2.62) yaw= +52.0 d=0.43 goal_err=+28 carrot_err= +37 c0=0.99 clear=0.66 prog=0.00 rel=0.96 bal=-0.17 obs=218 hard=209 obsc=223 yr= 15G nz=0.04 flt=0.01 dmap=+0/-0 shz=3.3 plan=0 cmd=(lx=+0.00,ly=+0.00,rx=+0.45)
  t= 89.7 AGR-BRK-TR pos=(-4.81,+2.62) yaw= +45.6 d=0.43 goal_err=+34 carrot_err= +44 c0=0.99 clear=0.66 prog=0.00 rel=0.97 bal=-0.02 obs=218 hard=209 obsc=223 yr= 15G nz=0.03 flt=0.10 dmap=+0/-0 shz=3.3 plan=0 cmd=(lx=+0.00,ly=+0.00,rx=+0.45)
  t= 90.1 AGR-BRK-TR pos=(-4.81,+2.62) yaw= +37.5 d=0.43 goal_err=+42 carrot_err= +52 c0=0.99 clear=0.66 prog=0.00 rel=0.97 bal=+0.09 obs=218 hard=209 obsc=223 yr= 30G nz=0.03 flt=0.00 dmap=+0/-0 shz=3.3 plan=0 cmd=(lx=+0.00,ly=+0.00,rx=+0.45)
  t= 90.5 AGR-BRK-TR pos=(-4.81,+2.62) yaw= +31.6 d=0.43 goal_err=+48 carrot_err= +58 c0=0.99 clear=0.66 prog=0.00 rel=0.99 bal=+0.03 obs=220 hard=211 obsc=225 yr= 14G nz=0.01 flt=0.00 dmap=+2/-0 shz=3.3 plan=0 cmd=(lx=+0.00,ly=+0.00,rx=+0.45)
  t= 91.0 AGR-DWA-F pos=(-4.81,+2.62) yaw= +25.6 d=0.43 goal_err=+54 carrot_err= +63 c0=1.12 clear=0.75 prog=0.00 rel=0.92 bal=+0.03 obs=220 hard=211 obsc=225 yr= 14G nz=0.08 flt=0.06 dmap=+0/-0 shz=3.3 plan=3 cmd=(lx=+0.00,ly=+0.28,rx=-0.45)
  t= 91.4 AGR-DWA-F pos=(-4.79,+2.63) yaw= +28.6 d=0.42 goal_err=+54 carrot_err= +63 c0=0.97 clear=0.65 prog=0.02 rel=0.89 bal=+0.03 obs=220 hard=211 obsc=225 yr= 13G nz=0.11 flt=0.12 dmap=+0/-0 shz=3.3 plan=3 cmd=(lx=+0.00,ly=+0.28,rx=-0.45)
  t= 91.8 AGR-DWA-F pos=(-4.76,+2.65) yaw= +36.0 d=0.40 goal_err=+50 carrot_err= +61 c0=0.94 clear=0.62 prog=0.06 rel=0.84 bal=+0.04 obs=220 hard=211 obsc=225 yr= 28G nz=0.13 flt=0.01 dmap=+0/-0 shz=3.3 plan=3 cmd=(lx=+0.00,ly=+0.28,rx=-0.45)
  t= 92.3 AGR-DWA-F pos=(-4.74,+2.66) yaw= +42.0 d=0.38 goal_err=+47 carrot_err= +59 c0=0.91 clear=0.61 prog=0.09 rel=0.84 bal=+0.04 obs=220 hard=211 obsc=225 yr= 14G nz=0.16 flt=0.01 dmap=+0/-0 shz=3.3 plan=3 cmd=(lx=+0.00,ly=+0.28,rx=-0.45)
  t= 92.7 AGR-DWA-F pos=(-4.72,+2.68) yaw= +48.0 d=0.36 goal_err=+44 carrot_err= +57 c0=0.88 clear=0.59 prog=0.12 rel=0.85 bal=+0.12 obs=223 hard=214 obsc=228 yr= 14G nz=0.14 flt=0.01 dmap=+0/-0 shz=3.3 plan=3 cmd=(lx=+0.00,ly=+0.28,rx=-0.45)

  LLEGADO a 'B' (-4.73,+3.04); error=0.35 m, colisiones=0.
  [spill] derrames=0 E[N]=0.00 eta_max=0.95 riesgo=1.3%
  [dataset] travesia guardada -> /Users/adrianlendinezibanez/Claude/Projects/G1 ROBOT/dataset/20260708_123632_ours_B.json
  [stats] fila anadida -> /Users/adrianlendinezibanez/Claude/Projects/G1 ROBOT/dataset/runs_stats.csv

Fin goto.
  [META2-L2] estado guardado (meta2_state_extsmoke.json): Pl={'Efficient_Nav': 1.0, 'Cautious_Nav': 1.0} derrames_run=0
  backend grafico: TkAgg
>>> SIM ADAPTER: conectando a rosbridge ws://localhost:8765 ...
  esperando /odom (hasta 30s; el mundo del lab tarda en cargar)... ok
  /odom OK pose=(+0.99,+0.57) | /scan: OK
  escenario LAB: mapa/waypoints/puerta REALES (lab.world solo-paredes, frame G1)

>>> GOTO 'B' -> (-4.73,+3.04). Mando en mano (L2+B). Ctrl+C aborta.
    ENTORNO: SIM (id: lab_v1_extsmoke)  — esta run se registra como SIMULACION, no cuenta como run de robot
  Esperando pose localizada y primera nube... ok.
  FRAME-CHECK start=(+0.99,+0.57) wp_mas_cercano=A(+0.99,+0.57) offset=0.00m  -> frame OK (pose y waypoints alineados)
  [spill] payload de agua simulado (semilla=20260708_123819_ours_B.json)
  [META2-DOOR] variante de engagement: Door_Direct (Pl={Door_Direct:1.00, Door_Far:1.00, Door_BiasPlus:1.00})
  META2 ACTIVO (techo por analogia): Meta-Reasoner 2.0, analogia inicial Cautious_Nav

  !!!!!!!!!!!!!!!!!!!!!!!!!!!!!!!!!!!!!!!!!!!!!!!!!!!!!!!!!!!!!!!!!!!!!!!!!!
  !!  VISION OFF (G1_PERC sin definir) pero G1_NOVIS=1: navego SIN vision bajo tu responsabilidad.
  !!  La MESA invisible al LiDAR no se vera.
  !!!!!!!!!!!!!!!!!!!!!!!!!!!!!!!!!!!!!!!!!!!!!!!!!!!!!!!!!!!!!!!!!!!!!!!!!!

  mapa de referencia: 961 celdas | muebles estaticos (nav_map): 0 celdas | plan global: static
  t=  0.0 DWA-F pos=(+0.99,+0.57) yaw=-120.3 d=6.23 goal_err=-83 carrot_err= -62 c0=2.25 clear=1.00 prog=0.00 rel=1.00 bal=+0.19 obs=108 hard=108 obsc=108 yr=  0  nz=0.00 flt=0.19 dmap=+108/-0 shz=0.0 plan=34 cmd=(lx=+0.00,ly=+0.40,rx=+0.45)
  t=  0.4 DWA-F pos=(+0.96,+0.52) yaw=-126.7 d=6.22 goal_err=-77 carrot_err= -59 c0=2.19 clear=1.00 prog=0.07 rel=0.96 bal=+0.29 obs=111 hard=111 obsc=111 yr= 30G nz=0.04 flt=0.10 dmap=+0/-0 shz=3.1 plan=34 cmd=(lx=+0.00,ly=+0.40,rx=+0.45)
  t=  0.9 DWA-F pos=(+0.92,+0.47) yaw=-133.2 d=6.21 goal_err=-71 carrot_err= -57 c0=2.19 clear=1.00 prog=0.10 rel=0.95 bal=+0.41 obs=111 hard=111 obsc=111 yr= 15G nz=0.05 flt=0.01 dmap=+0/-0 shz=4.0 plan=34 cmd=(lx=+0.00,ly=+0.40,rx=+0.45)
  t=  1.3 DWA-F pos=(+0.88,+0.43) yaw=-139.6 d=6.18 goal_err=-65 carrot_err= -38 c0=2.50 clear=1.00 prog=0.12 rel=0.95 bal=+0.41 obs=111 hard=111 obsc=111 yr= 15G nz=0.05 flt=0.02 dmap=+0/-0 shz=3.9 plan=34 cmd=(lx=+0.00,ly=+0.40,rx=+0.45)
  t=  1.7 DWA-F pos=(+0.83,+0.39) yaw=-144.4 d=6.16 goal_err=-61 carrot_err= -36 c0=2.50 clear=1.00 prog=0.14 rel=0.79 bal=+0.42 obs=119 hard=119 obsc=134 yr=  0  nz=0.21 flt=0.04 dmap=+8/-0 shz=4.0 plan=33 cmd=(lx=+0.00,ly=+0.40,rx=+0.00)
  t=  2.2 DWA-F pos=(+0.78,+0.36) yaw=-147.6 d=6.13 goal_err=-58 carrot_err= -35 c0=2.50 clear=1.00 prog=0.17 rel=0.79 bal=+0.42 obs=119 hard=119 obsc=134 yr= 15G nz=0.21 flt=0.01 dmap=+0/-0 shz=3.9 plan=33 cmd=(lx=+0.00,ly=+0.40,rx=+0.00)
  t=  2.6 DWA-F pos=(+0.73,+0.33) yaw=-150.8 d=6.09 goal_err=-56 carrot_err= -35 c0=2.50 clear=1.00 prog=0.21 rel=0.85 bal=+0.43 obs=144 hard=124 obsc=145 yr=  0  nz=0.15 flt=0.01 dmap=+0/-0 shz=4.0 plan=33 cmd=(lx=+0.00,ly=+0.40,rx=+0.00)
  t=  3.0 DWA-F pos=(+0.69,+0.31) yaw=-152.4 d=6.07 goal_err=-54 carrot_err= -34 c0=2.50 clear=1.00 prog=0.22 rel=0.99 bal=+0.43 obs=155 hard=136 obsc=157 yr= 15  nz=0.01 flt=0.13 dmap=+12/-2 shz=4.0 plan=32 cmd=(lx=+0.00,ly=+0.40,rx=+0.00)
  t=  3.5 DWA-F pos=(+0.65,+0.29) yaw=-152.4 d=6.04 goal_err=-55 carrot_err= -35 c0=2.50 clear=1.00 prog=0.22 rel=0.99 bal=+0.36 obs=155 hard=149 obsc=157 yr=  0  nz=0.01 flt=0.01 dmap=+0/-0 shz=4.0 plan=32 cmd=(lx=+0.00,ly=+0.40,rx=+0.00)
  t=  3.9 DWA-F pos=(+0.61,+0.26) yaw=-152.4 d=6.02 goal_err=-55 carrot_err= -37 c0=2.50 clear=1.00 prog=0.21 rel=0.98 bal=+0.36 obs=158 hard=154 obsc=158 yr=  0  nz=0.01 flt=0.01 dmap=+0/-0 shz=4.0 plan=32 cmd=(lx=+0.00,ly=+0.40,rx=+0.45)
  t=  4.3 DWA-F pos=(+0.56,+0.24) yaw=-157.2 d=5.98 goal_err=-51 carrot_err= -35 c0=2.50 clear=1.00 prog=0.21 rel=0.98 bal=+0.37 obs=159 hard=154 obsc=159 yr= 15  nz=0.01 flt=0.13 dmap=+1/-0 shz=3.9 plan=32 cmd=(lx=+0.00,ly=+0.40,rx=+0.00)
  t=  4.8 DWA-F pos=(+0.52,+0.22) yaw=-157.2 d=5.96 goal_err=-51 carrot_err= -21 c0=2.50 clear=1.00 prog=0.21 rel=0.99 bal=+0.39 obs=163 hard=160 obsc=163 yr=  0  nz=0.01 flt=0.02 dmap=+2/-0 shz=4.0 plan=32 cmd=(lx=+0.00,ly=+0.40,rx=+0.00)
  t=  5.2 DWA-F pos=(+0.48,+0.21) yaw=-157.2 d=5.93 goal_err=-51 carrot_err= -22 c0=2.50 clear=1.00 prog=0.22 rel=0.99 bal=+0.40 obs=163 hard=159 obsc=163 yr=  0  nz=0.01 flt=0.00 dmap=+0/-0 shz=3.9 plan=32 cmd=(lx=+0.00,ly=+0.40,rx=+0.00)
  t=  5.6 DWA-F pos=(+0.44,+0.19) yaw=-157.2 d=5.90 goal_err=-52 carrot_err= -24 c0=2.50 clear=1.00 prog=0.22 rel=0.99 bal=+0.41 obs=163 hard=162 obsc=165 yr=  0  nz=0.01 flt=0.00 dmap=+0/-0 shz=4.0 plan=32 cmd=(lx=+0.00,ly=+0.40,rx=+0.00)
  t=  6.1 DWA-F pos=(+0.38,+0.17) yaw=-157.2 d=5.87 goal_err=-52 carrot_err= -25 c0=2.50 clear=1.00 prog=0.23 rel=0.99 bal=+0.43 obs=165 hard=161 obsc=165 yr=  0  nz=0.01 flt=0.00 dmap=+0/-0 shz=4.0 plan=31 cmd=(lx=+0.00,ly=+0.40,rx=+0.00)
  t=  6.5 DWA-F pos=(+0.34,+0.15) yaw=-157.2 d=5.84 goal_err=-52 carrot_err= -27 c0=2.50 clear=1.00 prog=0.22 rel=0.99 bal=+0.43 obs=165 hard=162 obsc=165 yr=  0  nz=0.01 flt=0.00 dmap=+0/-0 shz=4.0 plan=31 cmd=(lx=+0.00,ly=+0.40,rx=+0.00)
  t=  6.9 DWA-F pos=(+0.30,+0.13) yaw=-157.2 d=5.81 goal_err=-53 carrot_err= -28 c0=2.50 clear=1.00 prog=0.22 rel=0.99 bal=+0.44 obs=165 hard=165 obsc=166 yr=  0  nz=0.01 flt=0.00 dmap=+0/-0 shz=4.0 plan=31 cmd=(lx=+0.00,ly=+0.40,rx=+0.00)
  t=  7.4 DWA-F pos=(+0.26,+0.12) yaw=-157.2 d=5.79 goal_err=-53 carrot_err= -15 c0=2.50 clear=1.00 prog=0.22 rel=0.99 bal=+0.45 obs=165 hard=164 obsc=165 yr=  0  nz=0.01 flt=0.00 dmap=+0/-0 shz=3.9 plan=31 cmd=(lx=+0.00,ly=+0.40,rx=+0.00)
  t=  7.8 DWA-F pos=(+0.22,+0.10) yaw=-157.2 d=5.76 goal_err=-53 carrot_err= -16 c0=2.50 clear=1.00 prog=0.22 rel=0.99 bal=+0.45 obs=166 hard=165 obsc=167 yr=  0  nz=0.01 flt=0.00 dmap=+2/-1 shz=4.0 plan=30 cmd=(lx=+0.00,ly=+0.40,rx=+0.00)
  t=  8.2 DWA-F pos=(+0.17,+0.08) yaw=-157.2 d=5.73 goal_err=-54 carrot_err= -17 c0=2.50 clear=1.00 prog=0.22 rel=0.99 bal=+0.39 obs=166 hard=166 obsc=167 yr=  0  nz=0.01 flt=0.00 dmap=+0/-0 shz=3.9 plan=30 cmd=(lx=+0.00,ly=+0.40,rx=+0.00)
  t=  8.7 DWA-F pos=(+0.13,+0.06) yaw=-157.2 d=5.70 goal_err=-54 carrot_err= -18 c0=2.47 clear=1.00 prog=0.21 rel=0.98 bal=+0.39 obs=168 hard=166 obsc=168 yr=  0  nz=0.02 flt=0.00 dmap=+0/-0 shz=4.0 plan=30 cmd=(lx=+0.00,ly=+0.40,rx=+0.00)
  t=  9.1 DWA-F pos=(+0.09,+0.04) yaw=-157.2 d=5.67 goal_err=-55 carrot_err= -20 c0=2.43 clear=1.00 prog=0.21 rel=0.96 bal=+0.40 obs=169 hard=167 obsc=169 yr=  0  nz=0.04 flt=0.00 dmap=+1/-0 shz=4.0 plan=29 cmd=(lx=+0.00,ly=+0.40,rx=+0.00)
  t=  9.5 DWA-F pos=(+0.05,+0.02) yaw=-157.2 d=5.65 goal_err=-55 carrot_err= -21 c0=2.39 clear=1.00 prog=0.21 rel=0.94 bal=+0.40 obs=170 hard=169 obsc=171 yr=  0  nz=0.06 flt=0.00 dmap=+0/-0 shz=4.0 plan=29 cmd=(lx=+0.00,ly=+0.40,rx=+0.00)
  t= 10.0 DWA-F pos=(-0.00,+0.00) yaw=-157.2 d=5.62 goal_err=-56 carrot_err= -23 c0=2.33 clear=1.00 prog=0.21 rel=0.91 bal=+0.41 obs=170 hard=169 obsc=171 yr=  0  nz=0.10 flt=0.00 dmap=+0/-0 shz=4.0 plan=29 cmd=(lx=+0.00,ly=+0.40,rx=+0.00)
  t= 10.4 DWA-F pos=(-0.04,-0.01) yaw=-157.2 d=5.59 goal_err=-56 carrot_err= -24 c0=2.29 clear=1.00 prog=0.21 rel=0.90 bal=+0.43 obs=171 hard=170 obsc=172 yr=  0  nz=0.10 flt=0.01 dmap=+0/-0 shz=4.0 plan=29 cmd=(lx=+0.00,ly=+0.40,rx=+0.00)
  t= 10.9 DWA-F pos=(-0.09,-0.03) yaw=-157.2 d=5.57 goal_err=-56 carrot_err= -25 c0=2.24 clear=1.00 prog=0.20 rel=0.91 bal=+0.44 obs=174 hard=172 obsc=175 yr=  0  nz=0.09 flt=0.01 dmap=+3/-0 shz=4.0 plan=29 cmd=(lx=+0.00,ly=+0.40,rx=+0.00)
  t= 11.3 DWA-F pos=(-0.14,-0.05) yaw=-157.2 d=5.54 goal_err=-57 carrot_err= -26 c0=2.19 clear=1.00 prog=0.21 rel=0.90 bal=+0.46 obs=175 hard=175 obsc=178 yr=  0  nz=0.10 flt=0.00 dmap=+0/-0 shz=4.0 plan=29 cmd=(lx=+0.00,ly=+0.40,rx=+0.00)
  t= 11.7 DWA-F pos=(-0.18,-0.07) yaw=-157.2 d=5.51 goal_err=-57 carrot_err= -28 c0=2.14 clear=1.00 prog=0.20 rel=0.92 bal=+0.48 obs=176 hard=173 obsc=177 yr=  0  nz=0.08 flt=0.00 dmap=+0/-0 shz=4.0 plan=29 cmd=(lx=+0.00,ly=+0.40,rx=+0.00)
  t= 12.2 DWA-F pos=(-0.22,-0.09) yaw=-157.2 d=5.49 goal_err=-58 carrot_err= -29 c0=2.10 clear=1.00 prog=0.20 rel=0.92 bal=+0.49 obs=176 hard=172 obsc=177 yr=  0  nz=0.08 flt=0.00 dmap=+0/-0 shz=3.9 plan=28 cmd=(lx=+0.00,ly=+0.40,rx=+0.00)
  t= 12.6 DWA-F pos=(-0.26,-0.10) yaw=-157.2 d=5.47 goal_err=-58 carrot_err= -31 c0=2.06 clear=1.00 prog=0.20 rel=0.92 bal=+0.51 obs=176 hard=174 obsc=178 yr=  0  nz=0.08 flt=0.00 dmap=+1/-2 shz=4.0 plan=28 cmd=(lx=+0.00,ly=+0.40,rx=+0.00)
  t= 13.0 DWA-F pos=(-0.31,-0.13) yaw=-157.2 d=5.44 goal_err=-58 carrot_err= -31 c0=2.00 clear=1.00 prog=0.20 rel=0.92 bal=+0.52 obs=176 hard=173 obsc=176 yr=  0  nz=0.08 flt=0.00 dmap=+0/-0 shz=3.9 plan=28 cmd=(lx=+0.00,ly=+0.40,rx=+0.00)
  t= 13.5 DWA-F pos=(-0.35,-0.14) yaw=-157.2 d=5.41 goal_err=-59 carrot_err= -32 c0=1.96 clear=1.00 prog=0.19 rel=0.91 bal=+0.53 obs=177 hard=175 obsc=177 yr=  0  nz=0.09 flt=0.00 dmap=+0/-0 shz=4.0 plan=28 cmd=(lx=+0.00,ly=+0.40,rx=+0.00)
  t= 13.9 DWA-F pos=(-0.39,-0.16) yaw=-157.2 d=5.39 goal_err=-59 carrot_err= -34 c0=1.91 clear=1.00 prog=0.19 rel=0.91 bal=+0.53 obs=179 hard=177 obsc=180 yr=  0  nz=0.09 flt=0.00 dmap=+2/-0 shz=4.0 plan=27 cmd=(lx=+0.00,ly=+0.40,rx=+0.00)
  t= 14.3 DWA-F pos=(-0.43,-0.18) yaw=-157.2 d=5.37 goal_err=-60 carrot_err= -36 c0=1.87 clear=1.00 prog=0.19 rel=0.91 bal=+0.54 obs=179 hard=177 obsc=181 yr=  0  nz=0.09 flt=0.00 dmap=+0/-0 shz=4.0 plan=27 cmd=(lx=+0.00,ly=+0.40,rx=+0.00)
  t= 14.8 DWA-F pos=(-0.48,-0.20) yaw=-158.8 d=5.34 goal_err=-59 carrot_err= -37 c0=1.82 clear=1.00 prog=0.19 rel=0.90 bal=+0.55 obs=179 hard=177 obsc=181 yr= 15G nz=0.10 flt=0.01 dmap=+0/-0 shz=4.0 plan=27 cmd=(lx=+0.00,ly=+0.40,rx=+0.45)
  t= 15.2 DWA-F pos=(-0.53,-0.21) yaw=-162.0 d=5.31 goal_err=-56 carrot_err= -43 c0=1.77 clear=1.00 prog=0.19 rel=0.90 bal=+0.55 obs=183 hard=179 obsc=184 yr=  0  nz=0.10 flt=0.01 dmap=+4/-0 shz=4.0 plan=26 cmd=(lx=+0.00,ly=+0.40,rx=+0.45)
  t= 15.6 DWA-F pos=(-0.57,-0.23) yaw=-166.8 d=5.29 goal_err=-51 carrot_err= -40 c0=1.73 clear=1.00 prog=0.19 rel=0.90 bal=+0.56 obs=183 hard=179 obsc=184 yr= 15G nz=0.10 flt=0.02 dmap=+0/-0 shz=4.0 plan=26 cmd=(lx=+0.00,ly=+0.40,rx=+0.45)
  t= 16.1 DWA-F pos=(-0.61,-0.23) yaw=-171.7 d=5.26 goal_err=-47 carrot_err= -37 c0=1.86 clear=1.00 prog=0.20 rel=0.91 bal=+0.56 obs=196 hard=188 obsc=211 yr=  0  nz=0.09 flt=0.16 dmap=+0/-0 shz=4.0 plan=26 cmd=(lx=+0.00,ly=+0.40,rx=+0.00)
  t= 16.5 DWA-F pos=(-0.66,-0.24) yaw=-171.7 d=5.23 goal_err=-47 carrot_err= -39 c0=1.82 clear=1.00 prog=0.21 rel=0.90 bal=+0.52 obs=197 hard=191 obsc=208 yr=  0G nz=0.10 flt=0.01 dmap=+0/-0 shz=4.0 plan=26 cmd=(lx=+0.00,ly=+0.40,rx=+0.45)
  t= 16.9 DWA-F pos=(-0.71,-0.25) yaw=-176.5 d=5.19 goal_err=-43 carrot_err= -37 c0=1.85 clear=1.00 prog=0.23 rel=0.90 bal=+0.53 obs=211 hard=197 obsc=218 yr=  0  nz=0.10 flt=0.03 dmap=+14/-1 shz=4.0 plan=26 cmd=(lx=+0.00,ly=+0.40,rx=+0.00)
  t= 17.4 DWA-F pos=(-0.76,-0.25) yaw=-176.5 d=5.16 goal_err=-43 carrot_err= -38 c0=1.81 clear=1.00 prog=0.24 rel=0.95 bal=+0.54 obs=211 hard=196 obsc=215 yr=  0G nz=0.04 flt=0.01 dmap=+0/-0 shz=4.0 plan=26 cmd=(lx=+0.00,ly=+0.40,rx=+0.45)
  t= 17.8 DWA-F pos=(-0.80,-0.25) yaw=-179.7 d=5.13 goal_err=-40 carrot_err= -37 c0=1.77 clear=1.00 prog=0.26 rel=0.94 bal=+0.55 obs=208 hard=196 obsc=215 yr=  0  nz=0.06 flt=0.00 dmap=+0/-0 shz=3.9 plan=26 cmd=(lx=+0.00,ly=+0.40,rx=+0.00)
  t= 18.2 DWA-F pos=(-0.86,-0.25) yaw=+177.1 d=5.08 goal_err=-37 carrot_err= -28 c0=1.94 clear=1.00 prog=0.28 rel=0.91 bal=+0.55 obs=209 hard=194 obsc=212 yr= 29G nz=0.09 flt=0.01 dmap=+0/-0 shz=4.0 plan=25 cmd=(lx=+0.00,ly=+0.40,rx=+0.00)
  t= 18.7 DWA-F pos=(-0.90,-0.25) yaw=+175.5 d=5.05 goal_err=-36 carrot_err= -28 c0=1.90 clear=1.00 prog=0.27 rel=0.89 bal=+0.53 obs=207 hard=198 obsc=213 yr=  0  nz=0.11 flt=0.01 dmap=+1/-3 shz=4.0 plan=25 cmd=(lx=+0.00,ly=+0.40,rx=+0.00)
  t= 19.1 DWA-F pos=(-0.94,-0.24) yaw=+175.5 d=5.01 goal_err=-36 carrot_err= -30 c0=1.86 clear=1.00 prog=0.28 rel=0.89 bal=+0.52 obs=206 hard=195 obsc=210 yr=  0  nz=0.11 flt=0.00 dmap=+0/-0 shz=4.0 plan=25 cmd=(lx=+0.00,ly=+0.40,rx=+0.00)
  t= 19.5 DWA-F pos=(-0.99,-0.24) yaw=+175.5 d=4.98 goal_err=-37 carrot_err= -31 c0=1.81 clear=1.00 prog=0.28 rel=0.93 bal=+0.50 obs=205 hard=195 obsc=210 yr=  0  nz=0.07 flt=0.00 dmap=+0/-0 shz=4.0 plan=25 cmd=(lx=+0.00,ly=+0.40,rx=+0.00)
  t= 20.0 DWA-F pos=(-1.04,-0.24) yaw=+175.5 d=4.93 goal_err=-37 carrot_err= -36 c0=1.76 clear=1.00 prog=0.30 rel=0.92 bal=+0.34 obs=205 hard=193 obsc=208 yr=  0  nz=0.08 flt=0.02 dmap=+0/-0 shz=3.9 plan=24 cmd=(lx=+0.00,ly=+0.40,rx=+0.00)
  t= 20.4 DWA-F pos=(-1.09,-0.23) yaw=+175.5 d=4.90 goal_err=-37 carrot_err= -37 c0=1.71 clear=1.00 prog=0.29 rel=0.91 bal=+0.33 obs=205 hard=194 obsc=209 yr=  0  nz=0.09 flt=0.01 dmap=+1/-1 shz=4.0 plan=24 cmd=(lx=+0.00,ly=+0.40,rx=+0.45)
  t= 20.9 DWA-F pos=(-1.13,-0.23) yaw=+172.3 d=4.86 goal_err=-35 carrot_err= -36 c0=1.67 clear=1.00 prog=0.29 rel=0.91 bal=+0.31 obs=208 hard=194 obsc=211 yr=  0  nz=0.09 flt=0.09 dmap=+0/-0 shz=3.9 plan=24 cmd=(lx=+0.00,ly=+0.40,rx=+0.00)
  t= 21.3 DWA-F pos=(-1.18,-0.22) yaw=+172.3 d=4.82 goal_err=-35 carrot_err= -29 c0=1.62 clear=1.00 prog=0.29 rel=0.92 bal=+0.30 obs=208 hard=196 obsc=211 yr=  0  nz=0.08 flt=0.02 dmap=+0/-0 shz=4.0 plan=23 cmd=(lx=+0.00,ly=+0.40,rx=+0.00)
  t= 21.7 DWA-F pos=(-1.23,-0.21) yaw=+172.3 d=4.78 goal_err=-35 carrot_err= -31 c0=1.57 clear=1.00 prog=0.30 rel=0.91 bal=+0.29 obs=207 hard=195 obsc=211 yr=  0  nz=0.09 flt=0.00 dmap=+1/-1 shz=4.0 plan=23 cmd=(lx=+0.00,ly=+0.40,rx=+0.00)
  t= 22.2 DWA-F pos=(-1.28,-0.21) yaw=+172.3 d=4.74 goal_err=-36 carrot_err= -32 c0=1.52 clear=1.00 prog=0.29 rel=0.91 bal=+0.27 obs=207 hard=194 obsc=210 yr=  0  nz=0.09 flt=0.01 dmap=+0/-0 shz=4.0 plan=23 cmd=(lx=+0.00,ly=+0.40,rx=+0.00)
  t= 22.6 DWA-F pos=(-1.32,-0.20) yaw=+172.3 d=4.71 goal_err=-36 carrot_err= -34 c0=1.48 clear=0.99 prog=0.29 rel=0.92 bal=+0.27 obs=204 hard=193 obsc=210 yr=  0  nz=0.08 flt=0.00 dmap=+0/-0 shz=4.0 plan=23 cmd=(lx=+0.00,ly=+0.40,rx=+0.00)
  t= 23.0 DWA-F pos=(-1.36,-0.20) yaw=+172.3 d=4.67 goal_err=-36 carrot_err= -18 c0=1.44 clear=0.96 prog=0.29 rel=0.93 bal=+0.26 obs=206 hard=194 obsc=209 yr=  0  nz=0.07 flt=0.00 dmap=+0/-0 shz=4.0 plan=22 cmd=(lx=+0.00,ly=+0.40,rx=+0.00)
  t= 23.5 DWA-F pos=(-1.42,-0.19) yaw=+172.3 d=4.63 goal_err=-37 carrot_err= -19 c0=1.38 clear=0.92 prog=0.31 rel=0.92 bal=+0.25 obs=207 hard=193 obsc=209 yr=  0  nz=0.08 flt=0.02 dmap=+0/-0 shz=4.0 plan=22 cmd=(lx=+0.00,ly=+0.40,rx=+0.00)
  t= 23.9 DWA-F pos=(-1.46,-0.18) yaw=+172.3 d=4.59 goal_err=-37 carrot_err= -20 c0=1.34 clear=0.89 prog=0.29 rel=0.91 bal=+0.10 obs=207 hard=195 obsc=209 yr=  0  nz=0.09 flt=0.02 dmap=+0/-0 shz=4.0 plan=22 cmd=(lx=+0.00,ly=+0.40,rx=+0.00)
  t= 24.3 DWA-F pos=(-1.51,-0.18) yaw=+172.3 d=4.55 goal_err=-37 carrot_err= -25 c0=1.29 clear=0.86 prog=0.29 rel=0.92 bal=+0.10 obs=206 hard=196 obsc=209 yr=  0  nz=0.08 flt=0.01 dmap=+0/-0 shz=4.0 plan=21 cmd=(lx=+0.00,ly=+0.40,rx=+0.00)
  t= 24.8 DWA-F pos=(-1.55,-0.17) yaw=+172.3 d=4.52 goal_err=-38 carrot_err= -26 c0=1.25 clear=0.83 prog=0.29 rel=0.93 bal=+0.10 obs=206 hard=195 obsc=208 yr=  0  nz=0.07 flt=0.02 dmap=+0/-0 shz=4.0 plan=21 cmd=(lx=+0.00,ly=+0.40,rx=+0.00)
  t= 25.2 DWA-F pos=(-1.61,-0.16) yaw=+172.3 d=4.48 goal_err=-38 carrot_err= -28 c0=1.19 clear=0.80 prog=0.30 rel=0.92 bal=+0.10 obs=207 hard=198 obsc=211 yr=  0  nz=0.08 flt=0.00 dmap=+1/-1 shz=4.0 plan=21 cmd=(lx=+0.00,ly=+0.40,rx=+0.00)
  t= 25.6 DWA-F pos=(-1.65,-0.16) yaw=+172.3 d=4.44 goal_err=-38 carrot_err= -29 c0=1.15 clear=0.77 prog=0.28 rel=0.91 bal=+0.09 obs=209 hard=197 obsc=211 yr=  0  nz=0.09 flt=0.00 dmap=+0/-0 shz=4.0 plan=21 cmd=(lx=+0.00,ly=+0.40,rx=+0.00)
  t= 26.1 DWA-F pos=(-1.69,-0.15) yaw=+172.3 d=4.41 goal_err=-39 carrot_err= -30 c0=1.11 clear=0.74 prog=0.28 rel=0.93 bal=+0.09 obs=207 hard=196 obsc=210 yr=  0  nz=0.07 flt=0.01 dmap=+0/-0 shz=4.0 plan=21 cmd=(lx=+0.00,ly=+0.40,rx=+0.00)
  t= 26.5 DWA-F pos=(-1.74,-0.15) yaw=+172.3 d=4.37 goal_err=-39 carrot_err= -32 c0=1.06 clear=0.71 prog=0.28 rel=0.91 bal=+0.09 obs=207 hard=197 obsc=210 yr=  0  nz=0.09 flt=0.02 dmap=+0/-1 shz=4.0 plan=21 cmd=(lx=+0.00,ly=+0.40,rx=+0.00)
  t= 27.0 DWA-F pos=(-1.78,-0.14) yaw=+170.7 d=4.34 goal_err=-38 carrot_err= -33 c0=1.02 clear=0.68 prog=0.27 rel=0.93 bal=+0.08 obs=207 hard=196 obsc=209 yr= 15G nz=0.07 flt=0.11 dmap=+0/-0 shz=4.0 plan=21 cmd=(lx=+0.00,ly=+0.40,rx=+0.00)
  t= 27.4 DWA-F pos=(-1.84,-0.13) yaw=+167.5 d=4.29 goal_err=-35 carrot_err= -22 c0=0.97 clear=0.64 prog=0.28 rel=0.92 bal=+0.07 obs=208 hard=196 obsc=211 yr=  0  nz=0.09 flt=0.01 dmap=+0/-0 shz=4.0 plan=20 cmd=(lx=+0.00,ly=+0.40,rx=+0.00)
  t= 27.8 DWA-F pos=(-1.88,-0.12) yaw=+167.5 d=4.26 goal_err=-35 carrot_err= -23 c0=0.92 clear=0.62 prog=0.28 rel=0.92 bal=+0.07 obs=209 hard=196 obsc=210 yr=  0  nz=0.08 flt=0.02 dmap=+0/-0 shz=4.0 plan=20 cmd=(lx=+0.00,ly=+0.40,rx=+0.00)
  t= 28.3 DWA-F pos=(-1.92,-0.11) yaw=+167.5 d=4.22 goal_err=-36 carrot_err= -26 c0=0.88 clear=0.59 prog=0.29 rel=0.91 bal=+0.06 obs=209 hard=196 obsc=211 yr=  0  nz=0.09 flt=0.03 dmap=+1/-1 shz=4.0 plan=20 cmd=(lx=+0.00,ly=+0.40,rx=+0.00)
  t= 28.7 DWA-F pos=(-1.97,-0.10) yaw=+167.5 d=4.18 goal_err=-36 carrot_err= -28 c0=0.84 clear=0.56 prog=0.29 rel=0.93 bal=+0.06 obs=208 hard=198 obsc=211 yr=  0  nz=0.07 flt=0.02 dmap=+0/-0 shz=4.0 plan=20 cmd=(lx=+0.00,ly=+0.40,rx=+0.00)
  t= 29.1 DWA-F pos=(-2.02,-0.09) yaw=+167.5 d=4.14 goal_err=-37 carrot_err= -29 c0=0.79 clear=0.53 prog=0.31 rel=0.92 bal=+0.07 obs=210 hard=198 obsc=212 yr=  0  nz=0.08 flt=0.00 dmap=+0/-0 shz=4.0 plan=19 cmd=(lx=+0.00,ly=+0.40,rx=+0.00)
  t= 29.6 DWA-F pos=(-2.06,-0.08) yaw=+167.5 d=4.10 goal_err=-37 carrot_err= -30 c0=0.75 clear=0.50 prog=0.29 rel=0.91 bal=-0.05 obs=211 hard=201 obsc=214 yr=  0  nz=0.09 flt=0.01 dmap=+0/-0 shz=4.0 plan=19 cmd=(lx=+0.00,ly=+0.40,rx=+0.00)
  t= 30.0 DWA-F pos=(-2.11,-0.07) yaw=+164.3 d=4.07 goal_err=-34 carrot_err= -28 c0=0.90 clear=0.60 prog=0.29 rel=0.92 bal=-0.07 obs=214 hard=201 obsc=216 yr= 15  nz=0.08 flt=0.11 dmap=+3/-0 shz=4.0 plan=19 cmd=(lx=+0.00,ly=+0.40,rx=+0.00)
  t= 30.4 DWA-F pos=(-2.15,-0.06) yaw=+164.3 d=4.03 goal_err=-34 carrot_err= -22 c0=1.05 clear=0.70 prog=0.29 rel=0.89 bal=-0.09 obs=214 hard=204 obsc=218 yr=  0  nz=0.11 flt=0.01 dmap=+0/-0 shz=4.0 plan=18 cmd=(lx=+0.00,ly=+0.40,rx=+0.00)
  t= 30.9 DWA-F pos=(-2.20,-0.04) yaw=+164.3 d=3.99 goal_err=-35 carrot_err= -23 c0=1.00 clear=0.67 prog=0.29 rel=0.81 bal=-0.37 obs=215 hard=203 obsc=217 yr=  0  nz=0.19 flt=0.00 dmap=+0/-0 shz=4.0 plan=18 cmd=(lx=+0.00,ly=+0.40,rx=+0.00)
  t= 31.3 DWA-F pos=(-2.25,-0.03) yaw=+164.3 d=3.95 goal_err=-35 carrot_err= -24 c0=0.95 clear=0.64 prog=0.29 rel=0.82 bal=-0.52 obs=216 hard=202 obsc=218 yr=  0  nz=0.18 flt=0.01 dmap=+0/-0 shz=4.0 plan=18 cmd=(lx=+0.00,ly=+0.40,rx=+0.00)
  t= 31.7 DWA-F pos=(-2.29,-0.02) yaw=+164.3 d=3.91 goal_err=-36 carrot_err= -25 c0=0.91 clear=0.61 prog=0.29 rel=0.92 bal=-0.58 obs=219 hard=207 obsc=221 yr=  0  nz=0.09 flt=0.01 dmap=+3/-0 shz=4.0 plan=18 cmd=(lx=+0.00,ly=+0.40,rx=+0.00)
  t= 32.2 DWA-F pos=(-2.34,-0.00) yaw=+164.3 d=3.87 goal_err=-36 carrot_err= -27 c0=0.86 clear=0.57 prog=0.31 rel=0.91 bal=-0.58 obs=219 hard=206 obsc=221 yr=  0  nz=0.09 flt=0.03 dmap=+0/-0 shz=4.0 plan=17 cmd=(lx=+0.00,ly=+0.40,rx=+0.00)
  t= 32.6 DWA-F pos=(-2.38,+0.01) yaw=+164.3 d=3.83 goal_err=-37 carrot_err= -28 c0=0.82 clear=0.54 prog=0.29 rel=0.92 bal=-0.50 obs=217 hard=205 obsc=220 yr=  0  nz=0.08 flt=0.00 dmap=+0/-0 shz=4.0 plan=17 cmd=(lx=+0.00,ly=+0.40,rx=+0.00)
  t= 33.0 DWA-F pos=(-2.43,+0.02) yaw=+161.1 d=3.80 goal_err=-34 carrot_err= -26 c0=0.77 clear=0.52 prog=0.29 rel=0.91 bal=-0.50 obs=218 hard=205 obsc=220 yr= 15  nz=0.09 flt=0.18 dmap=+2/-0 shz=4.0 plan=17 cmd=(lx=+0.00,ly=+0.40,rx=+0.00)
  t= 33.5 DWA-F pos=(-2.47,+0.04) yaw=+161.1 d=3.76 goal_err=-34 carrot_err= -28 c0=0.73 clear=0.49 prog=0.29 rel=0.92 bal=-0.47 obs=219 hard=205 obsc=222 yr=  0  nz=0.08 flt=0.02 dmap=+2/-1 shz=4.0 plan=17 cmd=(lx=+0.00,ly=+0.40,rx=+0.00)
  t= 33.9 DWA-F pos=(-2.51,+0.05) yaw=+157.9 d=3.72 goal_err=-31 carrot_err= -26 c0=1.09 clear=0.73 prog=0.29 rel=0.92 bal=-0.47 obs=219 hard=205 obsc=222 yr= 15  nz=0.08 flt=0.17 dmap=+0/-0 shz=4.0 plan=17 cmd=(lx=+0.00,ly=+0.40,rx=+0.00)
  t= 34.4 ENG-F pos=(-2.56,+0.07) yaw=+156.3 d=3.67 goal_err=-30 carrot_err= -25 c0=1.05 clear=0.70 prog=0.30 rel=0.75 bal=-0.46 obs=221 hard=207 obsc=226 yr=  0  nz=0.25 flt=0.01 dmap=+0/-0 shz=4.0 plan=17 cmd=(lx=+0.00,ly=+0.28,rx=+0.00)
  t= 34.8 ENG-F pos=(-2.60,+0.09) yaw=+156.3 d=3.64 goal_err=-30 carrot_err= -26 c0=1.01 clear=0.67 prog=0.29 rel=0.74 bal=-0.34 obs=219 hard=209 obsc=225 yr=  0  nz=0.26 flt=0.03 dmap=+1/-2 shz=4.0 plan=17 cmd=(lx=+0.00,ly=+0.28,rx=+0.00)
  t= 35.2 ENG-F pos=(-2.63,+0.10) yaw=+156.3 d=3.61 goal_err=-31 carrot_err= -27 c0=0.98 clear=0.65 prog=0.28 rel=0.79 bal=-0.34 obs=220 hard=208 obsc=225 yr=  0  nz=0.21 flt=0.01 dmap=+0/-0 shz=4.0 plan=17 cmd=(lx=+0.00,ly=+0.28,rx=+0.00)
  t= 35.6 ENG-F pos=(-2.66,+0.12) yaw=+156.3 d=3.58 goal_err=-31 carrot_err= -28 c0=0.94 clear=0.63 prog=0.28 rel=0.92 bal=-0.39 obs=222 hard=209 obsc=226 yr=  0  nz=0.08 flt=0.01 dmap=+0/-0 shz=4.0 plan=17 cmd=(lx=+0.00,ly=+0.28,rx=+0.00)
  t= 36.1 ENG-F pos=(-2.69,+0.13) yaw=+156.3 d=3.55 goal_err=-31 carrot_err= -20 c0=0.91 clear=0.61 prog=0.25 rel=0.93 bal=-0.34 obs=224 hard=211 obsc=228 yr=  0  nz=0.07 flt=0.00 dmap=+2/-1 shz=4.0 plan=17 cmd=(lx=+0.00,ly=+0.28,rx=+0.00)
  t= 36.5 ENG-F pos=(-2.73,+0.15) yaw=+156.3 d=3.52 goal_err=-32 carrot_err= -20 c0=0.87 clear=0.58 prog=0.24 rel=0.93 bal=-0.34 obs=224 hard=211 obsc=227 yr=  0  nz=0.07 flt=0.00 dmap=+0/-0 shz=4.0 plan=17 cmd=(lx=+0.00,ly=+0.28,rx=+0.00)
  t= 36.9 ENG-F pos=(-2.77,+0.16) yaw=+156.3 d=3.48 goal_err=-32 carrot_err= -21 c0=0.83 clear=0.56 prog=0.25 rel=0.92 bal=-0.33 obs=224 hard=212 obsc=227 yr=  0  nz=0.08 flt=0.01 dmap=+0/-0 shz=4.0 plan=16 cmd=(lx=+0.00,ly=+0.28,rx=+0.00)
  t= 37.3 ENG-F pos=(-2.80,+0.18) yaw=+156.3 d=3.45 goal_err=-32 carrot_err= -22 c0=0.80 clear=0.53 prog=0.25 rel=0.92 bal=-0.28 obs=223 hard=212 obsc=227 yr=  0  nz=0.08 flt=0.01 dmap=+1/-1 shz=4.0 plan=16 cmd=(lx=+0.00,ly=+0.28,rx=+0.00)
  t= 37.8 ENG-F pos=(-2.83,+0.19) yaw=+156.3 d=3.42 goal_err=-33 carrot_err= -23 c0=0.77 clear=0.51 prog=0.25 rel=0.92 bal=-0.28 obs=224 hard=212 obsc=228 yr=  0  nz=0.08 flt=0.00 dmap=+2/-1 shz=4.0 plan=16 cmd=(lx=+0.00,ly=+0.28,rx=+0.00)
  t= 38.2 ENG-F pos=(-2.87,+0.21) yaw=+156.3 d=3.39 goal_err=-33 carrot_err= -24 c0=0.73 clear=0.49 prog=0.25 rel=0.93 bal=-0.29 obs=224 hard=214 obsc=229 yr=  0  nz=0.07 flt=0.03 dmap=+0/-0 shz=4.0 plan=16 cmd=(lx=+0.00,ly=+0.28,rx=+0.00)
  t= 38.6 ENG-F pos=(-2.90,+0.22) yaw=+156.3 d=3.36 goal_err=-33 carrot_err= -25 c0=0.72 clear=0.48 prog=0.24 rel=0.93 bal=-0.29 obs=225 hard=213 obsc=229 yr=  0  nz=0.07 flt=0.00 dmap=+0/-0 shz=4.0 plan=16 cmd=(lx=+0.00,ly=+0.28,rx=+0.00)
  t= 39.0 ENG-T pos=(-2.94,+0.24) yaw=+156.3 d=3.32 goal_err=-34 carrot_err= -27 c0=0.68 clear=0.45 prog=0.25 rel=0.94 bal=-0.17 obs=224 hard=214 obsc=228 yr=  0  nz=0.06 flt=0.01 dmap=+1/-1 shz=4.0 plan=16 cmd=(lx=+0.00,ly=+0.00,rx=+0.45)
  t= 39.5 ENG-F pos=(-2.96,+0.25) yaw=+153.0 d=3.31 goal_err=-31 carrot_err= -23 c0=0.66 clear=0.44 prog=0.22 rel=0.95 bal=-0.18 obs=229 hard=219 obsc=233 yr=  0  nz=0.05 flt=0.13 dmap=+0/-0 shz=4.0 plan=16 cmd=(lx=+0.00,ly=+0.28,rx=+0.00)
  t= 39.9 ENG-F pos=(-2.99,+0.26) yaw=+153.0 d=3.28 goal_err=-31 carrot_err= -26 c0=0.63 clear=0.42 prog=0.22 rel=0.93 bal=-0.18 obs=230 hard=218 obsc=233 yr=  0  nz=0.07 flt=0.00 dmap=+0/-0 shz=4.0 plan=16 cmd=(lx=+0.00,ly=+0.28,rx=+0.00)
  t= 40.3 ENG-F pos=(-3.01,+0.28) yaw=+151.4 d=3.25 goal_err=-30 carrot_err= -25 c0=0.60 clear=0.40 prog=0.21 rel=0.93 bal=-0.22 obs=230 hard=218 obsc=233 yr= 15G nz=0.07 flt=0.15 dmap=+0/-0 shz=4.0 plan=16 cmd=(lx=+0.00,ly=+0.28,rx=+0.00)
  t= 40.8 ENG-F pos=(-3.04,+0.29) yaw=+149.8 d=3.23 goal_err=-28 carrot_err= -24 c0=0.57 clear=0.38 prog=0.20 rel=0.93 bal=-0.23 obs=230 hard=218 obsc=234 yr=  0  nz=0.07 flt=0.00 dmap=+0/-0 shz=4.0 plan=16 cmd=(lx=+0.00,ly=+0.28,rx=+0.00)
  t= 41.2 ENG-T pos=(-3.07,+0.31) yaw=+149.8 d=3.20 goal_err=-29 carrot_err= -26 c0=0.54 clear=0.36 prog=0.20 rel=0.94 bal=-0.24 obs=228 hard=217 obsc=232 yr=  0G nz=0.06 flt=0.00 dmap=+0/-0 shz=4.0 plan=16 cmd=(lx=+0.00,ly=+0.00,rx=+0.45)
  t= 41.6 ENG-F pos=(-3.09,+0.32) yaw=+146.6 d=3.17 goal_err=-26 carrot_err= -20 c0=0.52 clear=0.34 prog=0.20 rel=0.94 bal=-0.19 obs=226 hard=216 obsc=232 yr=  0  nz=0.06 flt=0.02 dmap=+0/-2 shz=4.0 plan=15 cmd=(lx=+0.00,ly=+0.28,rx=+0.00)
  t= 42.0 ENG-F pos=(-3.11,+0.34) yaw=+145.0 d=3.15 goal_err=-24 carrot_err= -19 c0=0.55 clear=0.37 prog=0.19 rel=0.95 bal=-0.18 obs=226 hard=215 obsc=231 yr= 15G nz=0.05 flt=0.12 dmap=+0/-0 shz=4.0 plan=15 cmd=(lx=+0.00,ly=+0.28,rx=+0.00)
  t= 42.5 ENG-F pos=(-3.13,+0.35) yaw=+143.4 d=3.13 goal_err=-23 carrot_err= -18 c0=0.53 clear=0.35 prog=0.21 rel=0.97 bal=-0.18 obs=226 hard=214 obsc=229 yr=  0  nz=0.03 flt=0.00 dmap=+0/-0 shz=4.0 plan=15 cmd=(lx=+0.00,ly=+0.28,rx=+0.00)
  t= 42.9 ENG-F pos=(-3.15,+0.37) yaw=+141.8 d=3.10 goal_err=-21 carrot_err= -17 c0=0.50 clear=0.34 prog=0.19 rel=0.96 bal=-0.17 obs=227 hard=215 obsc=231 yr= 15G nz=0.04 flt=0.13 dmap=+0/-0 shz=4.0 plan=15 cmd=(lx=+0.00,ly=+0.28,rx=+0.00)
  t= 43.3 ENG-T pos=(-3.18,+0.39) yaw=+140.2 d=3.07 goal_err=-20 carrot_err= -16 c0=0.66 clear=0.44 prog=0.20 rel=0.91 bal=+0.46 obs=228 hard=215 obsc=232 yr=  0  nz=0.10 flt=0.00 dmap=+3/-1 shz=4.0 plan=15 cmd=(lx=+0.00,ly=+0.00,rx=+0.45)
  t= 43.8 ENG-F pos=(-3.19,+0.40) yaw=+137.0 d=3.06 goal_err=-17 carrot_err= -13 c0=0.64 clear=0.43 prog=0.17 rel=0.88 bal=+0.46 obs=233 hard=219 obsc=236 yr=  0  nz=0.12 flt=0.13 dmap=+0/-0 shz=4.0 plan=15 cmd=(lx=+0.00,ly=+0.28,rx=+0.00)
  t= 44.2 ENG-T pos=(-3.21,+0.42) yaw=+137.0 d=3.03 goal_err=-17 carrot_err= -13 c0=0.88 clear=0.58 prog=0.19 rel=0.81 bal=+0.48 obs=235 hard=221 obsc=238 yr=  0G nz=0.19 flt=0.01 dmap=+0/-0 shz=4.0 plan=15 cmd=(lx=+0.00,ly=+0.00,rx=+0.45)
  t= 44.6 ENG-F pos=(-3.22,+0.43) yaw=+133.8 d=3.02 goal_err=-14 carrot_err= -10 c0=0.86 clear=0.58 prog=0.16 rel=0.79 bal=+0.48 obs=240 hard=227 obsc=244 yr=  0  nz=0.20 flt=0.04 dmap=+1/-1 shz=4.0 plan=15 cmd=(lx=+0.00,ly=+0.28,rx=+0.00)
  t= 45.0 ENG-F pos=(-3.23,+0.44) yaw=+130.6 d=3.00 goal_err=-11 carrot_err=  -7 c0=0.85 clear=0.57 prog=0.16 rel=0.82 bal=+0.49 obs=240 hard=227 obsc=244 yr= 15  nz=0.18 flt=0.00 dmap=+0/-0 shz=4.0 plan=15 cmd=(lx=+0.00,ly=+0.28,rx=+0.00)
  t= 45.5 ENG-GO pos=(-3.24,+0.45) yaw=+130.6 d=2.98 goal_err=-11 carrot_err=  -8 c0=0.83 clear=0.55 prog=0.15 rel=0.87 bal=+0.50 obs=238 hard=227 obsc=241 yr=  0  nz=0.13 flt=0.00 dmap=+0/-0 shz=4.0 plan=15 cmd=(lx=+0.00,ly=+0.28,rx=+0.00)
  t= 45.9 ENG-GO pos=(-3.26,+0.47) yaw=+130.6 d=2.96 goal_err=-11 carrot_err=  -8 c0=1.25 clear=0.83 prog=0.16 rel=0.76 bal=-0.12 obs=235 hard=228 obsc=242 yr=  0  nz=0.24 flt=0.01 dmap=+2/-4 shz=4.0 plan=15 cmd=(lx=+0.00,ly=+0.28,rx=+0.00)
  t= 46.3 ENG-GO pos=(-3.29,+0.50) yaw=+130.6 d=2.92 goal_err=-11 carrot_err=  -4 c0=1.31 clear=0.88 prog=0.19 rel=0.68 bal=+0.53 obs=236 hard=226 obsc=241 yr=  0  nz=0.32 flt=0.00 dmap=+0/-0 shz=4.0 plan=15 cmd=(lx=+0.00,ly=+0.28,rx=+0.00)
  t= 46.7 ENG-GO pos=(-3.31,+0.53) yaw=+130.6 d=2.89 goal_err=-11 carrot_err=  -4 c0=1.29 clear=0.86 prog=0.20 rel=0.69 bal=+0.54 obs=237 hard=225 obsc=241 yr=  0  nz=0.31 flt=0.01 dmap=+1/-0 shz=4.0 plan=15 cmd=(lx=+0.00,ly=+0.28,rx=+0.00)
  t= 47.2 ENG-GO pos=(-3.33,+0.55) yaw=+130.6 d=2.86 goal_err=-11 carrot_err=  -5 c0=1.26 clear=0.84 prog=0.23 rel=0.75 bal=+0.56 obs=237 hard=224 obsc=240 yr=  0  nz=0.25 flt=0.00 dmap=+0/-0 shz=4.0 plan=15 cmd=(lx=+0.00,ly=+0.28,rx=+0.00)
  t= 47.6 ENG-GO pos=(-3.35,+0.57) yaw=+130.6 d=2.83 goal_err=-11 carrot_err=  -2 c0=1.22 clear=0.82 prog=0.25 rel=0.95 bal=+0.58 obs=234 hard=224 obsc=238 yr=  0  nz=0.05 flt=0.01 dmap=+0/-1 shz=4.0 plan=13 cmd=(lx=+0.00,ly=+0.28,rx=+0.00)
  t= 48.0 ENG-GO pos=(-3.37,+0.60) yaw=+130.6 d=2.79 goal_err=-11 carrot_err=  -2 c0=1.19 clear=0.79 prog=0.26 rel=0.95 bal=+0.17 obs=235 hard=225 obsc=239 yr=  0  nz=0.05 flt=0.00 dmap=+1/-0 shz=3.9 plan=13 cmd=(lx=+0.00,ly=+0.28,rx=+0.00)
  t= 48.5 ENG-GO pos=(-3.40,+0.64) yaw=+130.6 d=2.75 goal_err=-12 carrot_err=  -2 c0=1.15 clear=0.77 prog=0.27 rel=0.94 bal=+0.02 obs=239 hard=227 obsc=242 yr=  0  nz=0.06 flt=0.00 dmap=+0/-0 shz=4.0 plan=13 cmd=(lx=+0.00,ly=+0.28,rx=+0.00)
  t= 48.9 ENG-GO pos=(-3.42,+0.66) yaw=+130.6 d=2.71 goal_err=-12 carrot_err=  -3 c0=1.11 clear=0.74 prog=0.28 rel=0.94 bal=+0.03 obs=237 hard=226 obsc=241 yr=  0  nz=0.06 flt=0.00 dmap=+0/-1 shz=4.0 plan=13 cmd=(lx=+0.00,ly=+0.28,rx=+0.00)
  t= 49.3 ENG-GO pos=(-3.45,+0.69) yaw=+130.6 d=2.68 goal_err=-12 carrot_err=  -3 c0=1.08 clear=0.72 prog=0.29 rel=0.93 bal=-0.00 obs=236 hard=226 obsc=241 yr=  0  nz=0.07 flt=0.01 dmap=+0/-0 shz=4.0 plan=13 cmd=(lx=+0.00,ly=+0.28,rx=+0.00)
  t= 49.7 ENG-GO pos=(-3.47,+0.72) yaw=+130.6 d=2.64 goal_err=-12 carrot_err=  -3 c0=1.05 clear=0.70 prog=0.29 rel=0.92 bal=-0.09 obs=233 hard=227 obsc=241 yr=  0  nz=0.08 flt=0.00 dmap=+0/-0 shz=4.0 plan=13 cmd=(lx=+0.00,ly=+0.28,rx=+0.00)
  t= 50.2 ENG-GO pos=(-3.49,+0.74) yaw=+130.6 d=2.61 goal_err=-12 carrot_err=  -3 c0=1.01 clear=0.68 prog=0.29 rel=0.94 bal=+0.03 obs=233 hard=222 obsc=236 yr=  0  nz=0.06 flt=0.03 dmap=+1/-0 shz=4.0 plan=13 cmd=(lx=+0.00,ly=+0.28,rx=+0.00)
  t= 50.6 ENG-GO pos=(-3.52,+0.77) yaw=+130.6 d=2.57 goal_err=-12 carrot_err=  -3 c0=0.98 clear=0.65 prog=0.27 rel=0.93 bal=+0.03 obs=232 hard=222 obsc=237 yr=  0  nz=0.07 flt=0.00 dmap=+0/-0 shz=4.0 plan=13 cmd=(lx=+0.00,ly=+0.28,rx=+0.00)
  t= 51.0 ENG-GO pos=(-3.55,+0.81) yaw=+130.6 d=2.53 goal_err=-13 carrot_err=  -1 c0=0.94 clear=0.63 prog=0.29 rel=0.91 bal=+0.03 obs=233 hard=221 obsc=236 yr=  0  nz=0.09 flt=0.00 dmap=+0/-0 shz=4.0 plan=12 cmd=(lx=+0.00,ly=+0.28,rx=+0.00)
  t= 51.4 ENG-GO pos=(-3.57,+0.83) yaw=+130.6 d=2.49 goal_err=-13 carrot_err=  -1 c0=1.00 clear=0.67 prog=0.29 rel=0.93 bal=+0.03 obs=233 hard=221 obsc=237 yr=  0  nz=0.07 flt=0.02 dmap=+0/-1 shz=4.0 plan=12 cmd=(lx=+0.00,ly=+0.28,rx=+0.00)
  t= 51.9 ENG-GO pos=(-3.59,+0.86) yaw=+130.6 d=2.46 goal_err=-13 carrot_err=  -1 c0=0.97 clear=0.65 prog=0.29 rel=0.94 bal=+0.02 obs=232 hard=220 obsc=237 yr=  0  nz=0.06 flt=0.01 dmap=+0/-0 shz=4.0 plan=12 cmd=(lx=+0.00,ly=+0.28,rx=+0.00)
  t= 52.3 ENG-GO pos=(-3.62,+0.89) yaw=+130.6 d=2.42 goal_err=-13 carrot_err=  -1 c0=0.94 clear=0.62 prog=0.29 rel=0.94 bal=+0.02 obs=233 hard=222 obsc=238 yr=  0  nz=0.06 flt=0.00 dmap=+0/-0 shz=4.0 plan=12 cmd=(lx=+0.00,ly=+0.28,rx=+0.00)
  t= 52.7 ENG-GO pos=(-3.64,+0.92) yaw=+130.6 d=2.39 goal_err=-13 carrot_err=  -1 c0=0.90 clear=0.60 prog=0.27 rel=0.93 bal=-0.10 obs=233 hard=222 obsc=237 yr=  0  nz=0.07 flt=0.00 dmap=+1/-1 shz=4.0 plan=12 cmd=(lx=+0.00,ly=+0.28,rx=+0.00)
  t= 53.2 ENG-GO pos=(-3.67,+0.95) yaw=+130.6 d=2.34 goal_err=-14 carrot_err=  -1 c0=0.86 clear=0.57 prog=0.29 rel=0.93 bal=-0.10 obs=232 hard=221 obsc=236 yr=  0  nz=0.07 flt=0.01 dmap=+0/-0 shz=4.0 plan=12 cmd=(lx=+0.00,ly=+0.28,rx=+0.00)
  t= 53.6 ENG-GO pos=(-3.69,+0.98) yaw=+130.6 d=2.31 goal_err=-14 carrot_err=  -1 c0=0.82 clear=0.55 prog=0.29 rel=0.92 bal=+0.01 obs=229 hard=217 obsc=232 yr=  0  nz=0.08 flt=0.00 dmap=+0/-0 shz=4.0 plan=12 cmd=(lx=+0.00,ly=+0.28,rx=+0.00)
  t= 54.0 ENG-GO pos=(-3.72,+1.00) yaw=+130.6 d=2.27 goal_err=-14 carrot_err=  +0 c0=0.79 clear=0.53 prog=0.29 rel=0.92 bal=+0.01 obs=230 hard=220 obsc=234 yr=  0  nz=0.08 flt=0.01 dmap=+0/-1 shz=4.0 plan=11 cmd=(lx=+0.00,ly=+0.28,rx=+0.00)
  t= 54.4 ENG-GO pos=(-3.74,+1.03) yaw=+130.6 d=2.24 goal_err=-14 carrot_err=  +0 c0=0.76 clear=0.50 prog=0.29 rel=0.92 bal=-0.00 obs=230 hard=221 obsc=234 yr=  0  nz=0.08 flt=0.01 dmap=+0/-1 shz=4.0 plan=11 cmd=(lx=+0.00,ly=+0.28,rx=+0.00)
  t= 54.9 ENG-GO pos=(-3.76,+1.06) yaw=+130.6 d=2.20 goal_err=-15 carrot_err=  +0 c0=0.72 clear=0.48 prog=0.27 rel=0.94 bal=-0.01 obs=230 hard=220 obsc=233 yr=  0  nz=0.06 flt=0.00 dmap=+0/-0 shz=4.0 plan=11 cmd=(lx=+0.00,ly=+0.28,rx=+0.00)
  t= 55.3 ENG-GO pos=(-3.79,+1.09) yaw=+130.6 d=2.16 goal_err=-15 carrot_err=  +0 c0=0.68 clear=0.45 prog=0.28 rel=0.94 bal=-0.02 obs=230 hard=220 obsc=234 yr=  0  nz=0.06 flt=0.01 dmap=+1/-0 shz=4.0 plan=11 cmd=(lx=+0.00,ly=+0.28,rx=+0.00)
  t= 55.7 ENG-GO pos=(-3.82,+1.12) yaw=+130.6 d=2.13 goal_err=-15 carrot_err=  +0 c0=0.65 clear=0.43 prog=0.29 rel=0.94 bal=-0.03 obs=231 hard=219 obsc=234 yr=  0  nz=0.06 flt=0.01 dmap=+2/-0 shz=4.0 plan=10 cmd=(lx=+0.00,ly=+0.28,rx=+0.00)
  t= 56.2 ENG-GO pos=(-3.84,+1.15) yaw=+130.6 d=2.09 goal_err=-15 carrot_err=  +0 c0=0.88 clear=0.59 prog=0.29 rel=0.93 bal=-0.04 obs=231 hard=220 obsc=236 yr=  0  nz=0.07 flt=0.00 dmap=+0/-0 shz=4.0 plan=10 cmd=(lx=+0.00,ly=+0.28,rx=+0.00)
  t= 56.6 ENG-GO pos=(-3.86,+1.18) yaw=+130.6 d=2.06 goal_err=-16 carrot_err=  +0 c0=0.85 clear=0.57 prog=0.29 rel=0.85 bal=-0.06 obs=233 hard=221 obsc=236 yr=  0  nz=0.15 flt=0.00 dmap=+0/-0 shz=4.0 plan=10 cmd=(lx=+0.00,ly=+0.28,rx=+0.00)
  t= 57.0 ENG-GO pos=(-3.89,+1.20) yaw=+130.6 d=2.02 goal_err=-16 carrot_err=  +0 c0=0.82 clear=0.54 prog=0.29 rel=0.83 bal=+0.09 obs=232 hard=222 obsc=236 yr=  0  nz=0.17 flt=0.00 dmap=+1/-1 shz=4.0 plan=10 cmd=(lx=+0.00,ly=+0.28,rx=+0.00)
  t= 57.4 ENG-GO pos=(-3.91,+1.23) yaw=+130.6 d=1.99 goal_err=-16 carrot_err=  +0 c0=0.78 clear=0.52 prog=0.27 rel=0.84 bal=+0.09 obs=230 hard=222 obsc=235 yr=  0  nz=0.16 flt=0.01 dmap=+0/-0 shz=4.0 plan=10 cmd=(lx=+0.00,ly=+0.28,rx=+0.00)
  t= 57.9 ENG-GO pos=(-3.94,+1.26) yaw=+130.6 d=1.94 goal_err=-17 carrot_err= -14 c0=0.74 clear=0.49 prog=0.28 rel=0.92 bal=+0.08 obs=228 hard=218 obsc=232 yr=  0  nz=0.08 flt=0.00 dmap=+0/-0 shz=4.0 plan=10 cmd=(lx=+0.00,ly=+0.28,rx=+0.00)
  t= 58.3 ENG-GO pos=(-3.96,+1.29) yaw=+130.6 d=1.91 goal_err=-17 carrot_err= -15 c0=0.71 clear=0.47 prog=0.29 rel=0.92 bal=+0.01 obs=228 hard=217 obsc=232 yr=  0  nz=0.08 flt=0.00 dmap=+0/-1 shz=4.0 plan=10 cmd=(lx=+0.00,ly=+0.28,rx=+0.00)
  t= 58.7 ENG-GO pos=(-3.99,+1.32) yaw=+130.6 d=1.87 goal_err=-17 carrot_err= -15 c0=0.68 clear=0.45 prog=0.28 rel=0.92 bal=+0.00 obs=227 hard=216 obsc=231 yr=  0  nz=0.08 flt=0.00 dmap=+0/-0 shz=4.0 plan=9 cmd=(lx=+0.00,ly=+0.28,rx=+0.00)
  t= 59.1 ENG-GO pos=(-4.01,+1.35) yaw=+130.6 d=1.84 goal_err=-18 carrot_err= -16 c0=1.47 clear=0.98 prog=0.28 rel=0.47 bal=-0.01 obs=230 hard=219 obsc=233 yr=  0  nz=0.53 flt=0.01 dmap=+0/-0 shz=4.0 plan=9 cmd=(lx=+0.00,ly=+0.28,rx=+0.00)
  t= 59.6 ENG-GO pos=(-4.03,+1.37) yaw=+130.6 d=1.81 goal_err=-18 carrot_err= -17 c0=1.43 clear=0.95 prog=0.27 rel=0.41 bal=-0.04 obs=229 hard=219 obsc=232 yr=  0  nz=0.58 flt=0.00 dmap=+0/-0 shz=4.0 plan=9 cmd=(lx=+0.00,ly=+0.28,rx=+0.00)
  t= 60.0 ENG-GO pos=(-4.06,+1.41) yaw=+130.6 d=1.76 goal_err=-18 carrot_err= -17 c0=1.39 clear=0.92 prog=0.28 rel=0.56 bal=+0.60 obs=230 hard=220 obsc=234 yr=  0  nz=0.44 flt=0.01 dmap=+0/-1 shz=4.0 plan=9 cmd=(lx=+0.00,ly=+0.28,rx=+0.00)
  t= 60.4 ENG-GO pos=(-4.09,+1.44) yaw=+130.6 d=1.73 goal_err=-19 carrot_err= -18 c0=1.35 clear=0.90 prog=0.28 rel=0.92 bal=+0.11 obs=229 hard=218 obsc=232 yr=  0  nz=0.08 flt=0.00 dmap=+0/-0 shz=4.0 plan=9 cmd=(lx=+0.00,ly=+0.28,rx=+0.00)
  t= 60.9 ENG-GO pos=(-4.11,+1.46) yaw=+130.6 d=1.70 goal_err=-19 carrot_err= -19 c0=1.32 clear=0.88 prog=0.28 rel=0.92 bal=+0.10 obs=230 hard=220 obsc=234 yr=  0  nz=0.08 flt=0.03 dmap=+0/-0 shz=4.0 plan=9 cmd=(lx=+0.00,ly=+0.28,rx=+0.00)
  t= 61.3 ENG-GO pos=(-4.13,+1.49) yaw=+130.6 d=1.66 goal_err=-20 carrot_err= -13 c0=1.28 clear=0.85 prog=0.28 rel=0.93 bal=+0.05 obs=231 hard=222 obsc=236 yr=  0  nz=0.07 flt=0.00 dmap=+3/-1 shz=4.0 plan=9 cmd=(lx=+0.00,ly=+0.28,rx=+0.00)
  t= 61.7 ENG-GO pos=(-4.16,+1.52) yaw=+130.6 d=1.63 goal_err=-20 carrot_err= -14 c0=1.25 clear=0.83 prog=0.27 rel=0.93 bal=+0.03 obs=233 hard=221 obsc=236 yr=  0  nz=0.07 flt=0.01 dmap=+0/-0 shz=4.0 plan=9 cmd=(lx=+0.00,ly=+0.28,rx=+0.00)
  t= 62.1 ENG-GO pos=(-4.18,+1.55) yaw=+130.6 d=1.59 goal_err=-20 carrot_err= -15 c0=1.20 clear=0.80 prog=0.28 rel=0.92 bal=+0.02 obs=236 hard=223 obsc=239 yr=  0  nz=0.08 flt=0.01 dmap=+0/-0 shz=4.0 plan=8 cmd=(lx=+0.00,ly=+0.28,rx=+0.00)
  t= 62.6 ENG-GO pos=(-4.21,+1.58) yaw=+130.6 d=1.55 goal_err=-21 carrot_err= -15 c0=1.17 clear=0.78 prog=0.28 rel=0.93 bal=+0.00 obs=238 hard=225 obsc=241 yr=  0  nz=0.07 flt=0.01 dmap=+1/-0 shz=4.0 plan=8 cmd=(lx=+0.00,ly=+0.28,rx=+0.00)
  t= 63.0 ENG-GO pos=(-4.23,+1.61) yaw=+130.6 d=1.52 goal_err=-21 carrot_err= -16 c0=1.14 clear=0.76 prog=0.28 rel=0.92 bal=-0.62 obs=238 hard=227 obsc=243 yr=  0  nz=0.08 flt=0.01 dmap=+0/-0 shz=4.0 plan=8 cmd=(lx=+0.00,ly=+0.28,rx=+0.00)
  t= 63.4 ENG-GO pos=(-4.26,+1.63) yaw=+130.6 d=1.48 goal_err=-22 carrot_err= -16 c0=1.10 clear=0.73 prog=0.28 rel=0.93 bal=-0.41 obs=239 hard=228 obsc=244 yr=  0  nz=0.07 flt=0.00 dmap=+0/-0 shz=4.0 plan=8 cmd=(lx=+0.00,ly=+0.28,rx=+0.00)
  t= 63.8 ENG-GO pos=(-4.28,+1.66) yaw=+130.6 d=1.45 goal_err=-22 carrot_err= -17 c0=1.07 clear=0.71 prog=0.28 rel=0.93 bal=-0.29 obs=237 hard=228 obsc=243 yr=  0  nz=0.07 flt=0.00 dmap=+0/-4 shz=4.0 plan=8 cmd=(lx=+0.00,ly=+0.28,rx=+0.00)
  t= 64.3 ENG-GO pos=(-4.30,+1.69) yaw=+130.6 d=1.42 goal_err=-23 carrot_err= -18 c0=1.03 clear=0.69 prog=0.26 rel=0.92 bal=-0.30 obs=239 hard=228 obsc=243 yr=  0  nz=0.08 flt=0.00 dmap=+0/-0 shz=4.0 plan=8 cmd=(lx=+0.00,ly=+0.28,rx=+0.00)
  t= 64.7 ENG-GO pos=(-4.33,+1.72) yaw=+130.6 d=1.38 goal_err=-24 carrot_err= -23 c0=1.00 clear=0.67 prog=0.26 rel=0.93 bal=-0.31 obs=236 hard=226 obsc=239 yr=  0  nz=0.07 flt=0.02 dmap=+0/-0 shz=4.0 plan=8 cmd=(lx=+0.00,ly=+0.28,rx=+0.00)
  t= 65.1 ENG-GO pos=(-4.35,+1.75) yaw=+130.6 d=1.34 goal_err=-24 carrot_err= -25 c0=0.96 clear=0.64 prog=0.27 rel=0.92 bal=-0.33 obs=239 hard=228 obsc=243 yr=  0  nz=0.08 flt=0.00 dmap=+2/-1 shz=4.0 plan=7 cmd=(lx=+0.00,ly=+0.28,rx=+0.00)
  t= 65.6 ENG-GO pos=(-4.38,+1.78) yaw=+130.6 d=1.31 goal_err=-25 carrot_err= -26 c0=0.92 clear=0.62 prog=0.27 rel=0.93 bal=-0.34 obs=240 hard=228 obsc=243 yr=  0  nz=0.07 flt=0.00 dmap=+1/-0 shz=4.0 plan=7 cmd=(lx=+0.00,ly=+0.28,rx=+0.00)
  t= 66.0 DWA-F pos=(-4.40,+1.81) yaw=+130.6 d=1.28 goal_err=-26 carrot_err= -27 c0=0.89 clear=0.59 prog=0.27 rel=0.93 bal=-0.45 obs=242 hard=230 obsc=245 yr=  0  nz=0.07 flt=0.00 dmap=+2/-0 shz=4.0 plan=7 cmd=(lx=+0.00,ly=+0.40,rx=+0.00)
  t= 66.4 DWA-F pos=(-4.43,+1.84) yaw=+130.6 d=1.24 goal_err=-27 carrot_err= -28 c0=0.85 clear=0.57 prog=0.28 rel=0.94 bal=-0.47 obs=240 hard=229 obsc=244 yr=  0  nz=0.06 flt=0.00 dmap=+0/-0 shz=4.0 plan=7 cmd=(lx=+0.00,ly=+0.40,rx=+0.00)
  t= 66.9 DWA-F pos=(-4.47,+1.88) yaw=+130.6 d=1.19 goal_err=-28 carrot_err= -30 c0=0.90 clear=0.60 prog=0.31 rel=0.93 bal=-0.48 obs=241 hard=230 obsc=244 yr=  0G nz=0.07 flt=0.01 dmap=+0/-0 shz=4.0 plan=7 cmd=(lx=+0.00,ly=+0.40,rx=+0.45)
  t= 67.3 DWA-F pos=(-4.50,+1.92) yaw=+125.8 d=1.15 goal_err=-24 carrot_err= -17 c0=0.85 clear=0.57 prog=0.31 rel=0.95 bal=-0.49 obs=241 hard=230 obsc=244 yr=  0  nz=0.05 flt=0.01 dmap=+0/-0 shz=4.0 plan=7 cmd=(lx=+0.00,ly=+0.40,rx=+0.00)
  t= 67.7 DWA-F pos=(-4.52,+1.95) yaw=+125.8 d=1.11 goal_err=-25 carrot_err= -18 c0=0.81 clear=0.54 prog=0.32 rel=0.94 bal=-0.37 obs=238 hard=227 obsc=243 yr=  0  nz=0.06 flt=0.00 dmap=+0/-0 shz=3.9 plan=7 cmd=(lx=+0.00,ly=+0.40,rx=+0.00)
  t= 68.2 DWA-F pos=(-4.55,+1.99) yaw=+125.8 d=1.07 goal_err=-26 carrot_err= -18 c0=0.77 clear=0.51 prog=0.32 rel=0.94 bal=-0.52 obs=238 hard=227 obsc=242 yr=  0  nz=0.07 flt=0.01 dmap=+1/-1 shz=3.9 plan=6 cmd=(lx=+0.00,ly=+0.40,rx=+0.00)
  t= 68.6 DWA-F pos=(-4.58,+2.03) yaw=+125.8 d=1.02 goal_err=-27 carrot_err= -20 c0=0.72 clear=0.48 prog=0.34 rel=0.92 bal=-0.52 obs=238 hard=227 obsc=242 yr=  0  nz=0.08 flt=0.01 dmap=+1/-1 shz=4.0 plan=6 cmd=(lx=+0.00,ly=+0.40,rx=+0.00)
  t= 69.0 DWA-F pos=(-4.61,+2.07) yaw=+125.8 d=0.98 goal_err=-28 carrot_err= -21 c0=0.96 clear=0.64 prog=0.33 rel=0.92 bal=-0.52 obs=240 hard=227 obsc=243 yr=  0  nz=0.08 flt=0.00 dmap=+0/-0 shz=3.9 plan=6 cmd=(lx=+0.00,ly=+0.40,rx=+0.00)
  t= 69.5 DWA-F pos=(-4.63,+2.11) yaw=+125.8 d=0.94 goal_err=-30 carrot_err= -25 c0=0.91 clear=0.61 prog=0.32 rel=0.84 bal=-0.53 obs=239 hard=227 obsc=242 yr=  0  nz=0.16 flt=0.00 dmap=+0/-0 shz=4.0 plan=6 cmd=(lx=+0.00,ly=+0.40,rx=+0.00)
  t= 69.9 DWA-F pos=(-4.66,+2.14) yaw=+125.8 d=0.90 goal_err=-31 carrot_err= -26 c0=0.87 clear=0.58 prog=0.32 rel=0.83 bal=-0.53 obs=238 hard=227 obsc=242 yr=  0  nz=0.17 flt=0.01 dmap=+0/-1 shz=4.0 plan=5 cmd=(lx=+0.00,ly=+0.40,rx=+0.00)
  t= 70.3 DWA-F pos=(-4.68,+2.18) yaw=+125.8 d=0.86 goal_err=-33 carrot_err= -28 c0=0.83 clear=0.55 prog=0.30 rel=0.87 bal=-0.53 obs=239 hard=228 obsc=244 yr=  0  nz=0.13 flt=0.00 dmap=+0/-0 shz=4.0 plan=5 cmd=(lx=+0.00,ly=+0.40,rx=+0.00)
  t= 70.7 DWA-F pos=(-4.72,+2.22) yaw=+125.8 d=0.82 goal_err=-35 carrot_err= -30 c0=1.18 clear=0.79 prog=0.31 rel=0.80 bal=-0.40 obs=241 hard=229 obsc=245 yr=  0  nz=0.20 flt=0.01 dmap=+0/-0 shz=4.0 plan=5 cmd=(lx=+0.00,ly=+0.40,rx=+0.45)
  t= 71.2 DWA-F pos=(-4.74,+2.26) yaw=+122.6 d=0.78 goal_err=-33 carrot_err= -28 c0=1.13 clear=0.76 prog=0.31 rel=0.76 bal=-0.52 obs=246 hard=234 obsc=250 yr=  0  nz=0.24 flt=0.05 dmap=+6/-1 shz=3.9 plan=5 cmd=(lx=+0.00,ly=+0.40,rx=+0.00)
  t= 71.6 DWA-F pos=(-4.77,+2.30) yaw=+121.0 d=0.74 goal_err=-34 carrot_err= -28 c0=1.09 clear=0.73 prog=0.30 rel=0.76 bal=-0.40 obs=245 hard=234 obsc=250 yr= 15G nz=0.24 flt=0.04 dmap=+1/-0 shz=4.0 plan=5 cmd=(lx=+0.00,ly=+0.40,rx=+0.45)
  t= 72.0 DWA-F pos=(-4.79,+2.34) yaw=+117.8 d=0.71 goal_err=-32 carrot_err= -27 c0=1.05 clear=0.70 prog=0.30 rel=0.93 bal=-0.40 obs=246 hard=235 obsc=249 yr=  0  nz=0.07 flt=0.01 dmap=+0/-0 shz=3.9 plan=5 cmd=(lx=+0.00,ly=+0.40,rx=+0.00)
  t= 72.5 DWA-F pos=(-4.81,+2.38) yaw=+117.8 d=0.66 goal_err=-35 carrot_err= -29 c0=1.00 clear=0.67 prog=0.30 rel=0.93 bal=-0.40 obs=246 hard=235 obsc=250 yr=  0G nz=0.07 flt=0.00 dmap=+0/-0 shz=4.0 plan=5 cmd=(lx=+0.00,ly=+0.40,rx=+0.45)
  t= 72.9 DWA-F pos=(-4.83,+2.42) yaw=+112.9 d=0.62 goal_err=-32 carrot_err= -26 c0=0.96 clear=0.64 prog=0.30 rel=0.91 bal=-0.40 obs=246 hard=236 obsc=251 yr=  0  nz=0.09 flt=0.01 dmap=+1/-1 shz=4.0 plan=4 cmd=(lx=+0.00,ly=+0.40,rx=+0.00)
  t= 73.3 DWA-F pos=(-4.85,+2.47) yaw=+111.3 d=0.59 goal_err=-33 carrot_err= -27 c0=0.92 clear=0.61 prog=0.30 rel=0.91 bal=-0.39 obs=246 hard=235 obsc=250 yr= 15G nz=0.09 flt=0.03 dmap=+0/-0 shz=4.0 plan=4 cmd=(lx=+0.00,ly=+0.40,rx=+0.00)
  t= 73.8 DWA-F pos=(-4.86,+2.51) yaw=+109.7 d=0.55 goal_err=-34 carrot_err= -27 c0=0.88 clear=0.58 prog=0.30 rel=0.92 bal=-0.38 obs=254 hard=245 obsc=259 yr=  0G nz=0.08 flt=0.00 dmap=+0/-0 shz=4.0 plan=4 cmd=(lx=+0.00,ly=+0.40,rx=+0.45)
  t= 74.2 DWA-F pos=(-4.88,+2.56) yaw=+103.3 d=0.50 goal_err=-31 carrot_err= -24 c0=0.99 clear=0.66 prog=0.31 rel=0.92 bal=-0.16 obs=253 hard=241 obsc=259 yr= 15  nz=0.08 flt=0.10 dmap=+1/-2 shz=4.0 plan=3 cmd=(lx=+0.00,ly=+0.28,rx=+0.45)
  t= 74.6 DWA-T pos=(-4.89,+2.60) yaw= +98.5 d=0.47 goal_err=-28 carrot_err= -21 c0=0.95 clear=0.64 prog=0.29 rel=0.92 bal=-0.16 obs=251 hard=242 obsc=256 yr= 15  nz=0.08 flt=0.03 dmap=+0/-2 shz=4.0 plan=3 cmd=(lx=+0.00,ly=+0.00,rx=+0.00)
  t= 75.1 DWA-T pos=(-4.89,+2.60) yaw= +98.5 d=0.47 goal_err=-28 carrot_err= -21 c0=0.95 clear=0.64 prog=0.23 rel=0.92 bal=-0.16 obs=251 hard=242 obsc=256 yr=  0  nz=0.08 flt=0.03 dmap=+0/-0 shz=4.0 plan=3 cmd=(lx=+0.00,ly=+0.00,rx=+0.00)
  t= 75.5 DWA-T pos=(-4.89,+2.60) yaw= +98.5 d=0.47 goal_err=-28 carrot_err= -21 c0=0.95 clear=0.64 prog=0.16 rel=0.92 bal=-0.16 obs=251 hard=242 obsc=256 yr=  0  nz=0.08 flt=0.03 dmap=+0/-0 shz=4.0 plan=3 cmd=(lx=+0.00,ly=+0.00,rx=+0.00)
  t= 75.9 BRK-BK pos=(-4.89,+2.60) yaw= +98.5 d=0.47 goal_err=-28 carrot_err= -21 c0=0.95 clear=0.64 prog=0.09 rel=0.92 bal=-0.16 obs=251 hard=242 obsc=256 yr=  0  nz=0.08 flt=0.03 dmap=+0/-0 shz=4.0 plan=0 cmd=(lx=+0.00,ly=-0.35,rx=+0.00)
  t= 76.4 BRK-TR pos=(-4.88,+2.56) yaw= +98.5 d=0.51 goal_err=-26 carrot_err= -19 c0=0.99 clear=0.66 prog=0.00 rel=1.00 bal=-0.16 obs=248 hard=238 obsc=253 yr=  0  nz=0.00 flt=0.00 dmap=+0/-0 shz=3.7 plan=0 cmd=(lx=+0.00,ly=+0.00,rx=+0.45)
  t= 76.8 BRK-TR pos=(-4.88,+2.55) yaw= +93.7 d=0.52 goal_err=-21 carrot_err= -14 c0=1.17 clear=0.78 prog=0.00 rel=0.86 bal=-0.16 obs=248 hard=238 obsc=253 yr= 15G nz=0.14 flt=0.05 dmap=+0/-0 shz=3.7 plan=0 cmd=(lx=+0.00,ly=+0.00,rx=+0.45)
  t= 77.2 BRK-TR pos=(-4.88,+2.55) yaw= +85.7 d=0.52 goal_err=-13 carrot_err=  -6 c0=1.16 clear=0.77 prog=0.00 rel=0.80 bal=-0.26 obs=248 hard=239 obsc=253 yr= 30G nz=0.20 flt=0.12 dmap=+0/-0 shz=3.7 plan=0 cmd=(lx=+0.00,ly=+0.00,rx=+0.45)
  t= 77.7 BRK-TR pos=(-4.88,+2.55) yaw= +79.3 d=0.52 goal_err=-6 carrot_err=  +1 c0=1.16 clear=0.77 prog=0.00 rel=0.82 bal=-0.26 obs=249 hard=240 obsc=254 yr= 15G nz=0.18 flt=0.05 dmap=+0/-0 shz=3.7 plan=0 cmd=(lx=+0.00,ly=+0.00,rx=+0.45)
  t= 78.1 BRK-TR pos=(-4.88,+2.55) yaw= +73.2 d=0.52 goal_err=-0 carrot_err=  +7 c0=1.09 clear=0.73 prog=0.00 rel=0.86 bal=-0.30 obs=249 hard=240 obsc=254 yr= 14G nz=0.14 flt=0.00 dmap=+0/-0 shz=3.7 plan=0 cmd=(lx=+0.00,ly=+0.00,rx=+0.45)
  t= 78.5 BRK-TR pos=(-4.88,+2.55) yaw= +67.2 d=0.52 goal_err=+6 carrot_err= +13 c0=1.09 clear=0.73 prog=0.00 rel=0.89 bal=-0.20 obs=249 hard=240 obsc=254 yr= 14G nz=0.11 flt=0.12 dmap=+0/-0 shz=3.7 plan=0 cmd=(lx=+0.00,ly=+0.00,rx=+0.45)
  t= 78.9 DWA-F pos=(-4.88,+2.55) yaw= +61.3 d=0.52 goal_err=+12 carrot_err= +19 c0=1.09 clear=0.73 prog=0.00 rel=0.94 bal=-0.20 obs=237 hard=235 obsc=242 yr= 13  nz=0.06 flt=0.11 dmap=+0/-13 shz=3.7 plan=3 cmd=(lx=+0.00,ly=+0.40,rx=+0.00)
  t= 79.4 DWA-T pos=(-4.87,+2.57) yaw= +61.3 d=0.49 goal_err=+12 carrot_err= +20 c0=1.06 clear=0.71 prog=0.05 rel=0.97 bal=-0.20 obs=236 hard=234 obsc=239 yr=  0  nz=0.03 flt=0.01 dmap=+0/-0 shz=3.7 plan=3 cmd=(lx=+0.00,ly=+0.00,rx=+0.00)
  t= 79.8 DWA-T pos=(-4.86,+2.58) yaw= +61.3 d=0.48 goal_err=+13 carrot_err= +20 c0=1.05 clear=0.70 prog=0.07 rel=0.97 bal=-0.21 obs=234 hard=231 obsc=237 yr=  0  nz=0.03 flt=0.00 dmap=+2/-0 shz=3.7 plan=3 cmd=(lx=+0.00,ly=+0.00,rx=+0.00)
  t= 80.2 DWA-T pos=(-4.86,+2.58) yaw= +61.3 d=0.48 goal_err=+13 carrot_err= +20 c0=1.05 clear=0.70 prog=0.07 rel=0.97 bal=-0.21 obs=234 hard=231 obsc=237 yr=  0  nz=0.03 flt=0.00 dmap=+0/-0 shz=3.7 plan=3 cmd=(lx=+0.00,ly=+0.00,rx=+0.00)
  t= 80.7 DWA-T pos=(-4.86,+2.58) yaw= +61.3 d=0.48 goal_err=+13 carrot_err= +20 c0=1.05 clear=0.70 prog=0.07 rel=0.97 bal=-0.21 obs=234 hard=231 obsc=237 yr=  0  nz=0.03 flt=0.00 dmap=+0/-0 shz=3.7 plan=0 cmd=(lx=+0.00,ly=+0.00,rx=+0.00)
  t= 81.1 BRK-BK pos=(-4.87,+2.56) yaw= +61.3 d=0.50 goal_err=+12 carrot_err= +19 c0=1.08 clear=0.72 prog=0.01 rel=0.99 bal=-0.20 obs=227 hard=228 obsc=234 yr=  0  nz=0.01 flt=0.00 dmap=+0/-0 shz=3.5 plan=0 cmd=(lx=+0.00,ly=-0.35,rx=+0.00)
  t= 81.5 BRK-TR pos=(-4.88,+2.54) yaw= +58.3 d=0.52 goal_err=+15 carrot_err= +21 c0=1.10 clear=0.73 prog=0.00 rel=0.97 bal=-0.20 obs=227 hard=228 obsc=234 yr= 14G nz=0.03 flt=0.05 dmap=+0/-0 shz=3.5 plan=0 cmd=(lx=+0.00,ly=+0.00,rx=+0.45)
  t= 81.9 BRK-TR pos=(-4.88,+2.54) yaw= +50.8 d=0.52 goal_err=+22 carrot_err= +29 c0=1.10 clear=0.73 prog=0.00 rel=0.97 bal=-0.13 obs=227 hard=228 obsc=234 yr= 14G nz=0.03 flt=0.06 dmap=+0/-0 shz=3.5 plan=0 cmd=(lx=+0.00,ly=+0.00,rx=+0.45)
  t= 82.4 BRK-TR pos=(-4.88,+2.54) yaw= +44.9 d=0.52 goal_err=+28 carrot_err= +35 c0=1.10 clear=0.73 prog=0.00 rel=0.97 bal=-0.13 obs=227 hard=228 obsc=234 yr= 14G nz=0.03 flt=0.00 dmap=+0/-0 shz=3.5 plan=0 cmd=(lx=+0.00,ly=+0.00,rx=+0.45)
  t= 82.8 BRK-TR pos=(-4.88,+2.54) yaw= +38.9 d=0.52 goal_err=+34 carrot_err= +41 c0=1.10 clear=0.73 prog=0.00 rel=0.97 bal=-0.02 obs=227 hard=228 obsc=234 yr= 14G nz=0.03 flt=0.08 dmap=+0/-0 shz=3.5 plan=0 cmd=(lx=+0.00,ly=+0.00,rx=+0.45)
  t= 83.2 BRK-TR pos=(-4.88,+2.54) yaw= +33.0 d=0.52 goal_err=+40 carrot_err= +47 c0=1.10 clear=0.73 prog=0.00 rel=0.99 bal=+0.10 obs=227 hard=228 obsc=234 yr= 14G nz=0.01 flt=0.00 dmap=+0/-0 shz=3.5 plan=0 cmd=(lx=+0.00,ly=+0.00,rx=+0.45)
  t= 83.6 DWA-F pos=(-4.88,+2.54) yaw= +27.0 d=0.52 goal_err=+46 carrot_err= +53 c0=1.10 clear=0.73 prog=0.00 rel=0.99 bal=+0.09 obs=227 hard=228 obsc=234 yr= 14G nz=0.01 flt=0.06 dmap=+0/-0 shz=3.5 plan=3 cmd=(lx=+0.00,ly=+0.28,rx=-0.45)
  t= 84.1 DWA-F pos=(-4.87,+2.55) yaw= +28.5 d=0.51 goal_err=+46 carrot_err= +53 c0=1.08 clear=0.72 prog=0.02 rel=0.92 bal=+0.08 obs=227 hard=228 obsc=234 yr= 13G nz=0.09 flt=0.14 dmap=+0/-0 shz=3.5 plan=3 cmd=(lx=+0.00,ly=+0.28,rx=-0.45)
  t= 84.5 DWA-F pos=(-4.84,+2.56) yaw= +34.4 d=0.49 goal_err=+42 carrot_err= +50 c0=1.06 clear=0.70 prog=0.06 rel=0.90 bal=+0.11 obs=228 hard=228 obsc=234 yr= 14G nz=0.10 flt=0.02 dmap=+1/-0 shz=3.5 plan=3 cmd=(lx=+0.00,ly=+0.28,rx=-0.45)
  t= 84.9 DWA-F pos=(-4.82,+2.58) yaw= +40.4 d=0.47 goal_err=+39 carrot_err= +47 c0=1.03 clear=0.69 prog=0.09 rel=0.89 bal=+0.00 obs=229 hard=229 obsc=235 yr= 14G nz=0.11 flt=0.00 dmap=+0/-0 shz=3.5 plan=3 cmd=(lx=+0.00,ly=+0.28,rx=-0.45)
  t= 85.4 DWA-F pos=(-4.80,+2.60) yaw= +46.4 d=0.45 goal_err=+35 carrot_err= +44 c0=1.00 clear=0.67 prog=0.13 rel=0.93 bal=+0.00 obs=230 hard=230 obsc=236 yr= 14G nz=0.07 flt=0.04 dmap=+1/-0 shz=3.5 plan=3 cmd=(lx=+0.00,ly=+0.28,rx=-0.45)
  t= 85.8 DWA-F pos=(-4.78,+2.62) yaw= +53.8 d=0.42 goal_err=+30 carrot_err= +40 c0=0.97 clear=0.64 prog=0.17 rel=0.93 bal=-0.14 obs=230 hard=230 obsc=236 yr= 14G nz=0.07 flt=0.28 dmap=+0/-0 shz=3.5 plan=3 cmd=(lx=+0.00,ly=+0.28,rx=-0.45)

  >>> MODO AGRESIVO ON (12s sin acercarse a B): reduzco inflado y holgura (min seguridad 0.24m) para cruzar la puerta.
  t= 86.3 AGR-DWA-F pos=(-4.76,+2.65) yaw= +59.8 d=0.39 goal_err=+26 carrot_err= +37 c0=0.94 clear=0.62 prog=0.18 rel=0.89 bal=-0.10 obs=233 hard=233 obsc=239 yr= 14G nz=0.09 flt=0.08 dmap=+0/-0 shz=3.5 plan=3 cmd=(lx=+0.00,ly=+0.28,rx=-0.45)
  t= 86.7 AGR-DWA-T pos=(-4.75,+2.66) yaw= +62.9 d=0.38 goal_err=+24 carrot_err= +35 c0=0.92 clear=0.61 prog=0.17 rel=0.92 bal=-0.10 obs=226 hard=222 obsc=230 yr=  0  nz=0.08 flt=0.01 dmap=+0/-0 shz=3.5 plan=3 cmd=(lx=+0.00,ly=+0.00,rx=+0.00)
  t= 87.1 AGR-DWA-T pos=(-4.75,+2.66) yaw= +62.9 d=0.38 goal_err=+24 carrot_err= +35 c0=0.92 clear=0.61 prog=0.14 rel=0.92 bal=-0.10 obs=226 hard=222 obsc=230 yr=  0  nz=0.08 flt=0.01 dmap=+0/-0 shz=3.5 plan=3 cmd=(lx=+0.00,ly=+0.00,rx=+0.00)
  t= 87.6 AGR-DWA-T pos=(-4.75,+2.66) yaw= +62.9 d=0.38 goal_err=+24 carrot_err= +35 c0=0.92 clear=0.61 prog=0.09 rel=0.92 bal=-0.10 obs=226 hard=222 obsc=230 yr=  0  nz=0.08 flt=0.01 dmap=+0/-0 shz=3.5 plan=3 cmd=(lx=+0.00,ly=+0.00,rx=+0.00)
  t= 88.0 AGR-BRK-BK pos=(-4.76,+2.65) yaw= +62.9 d=0.39 goal_err=+23 carrot_err= +34 c0=0.93 clear=0.62 prog=0.03 rel=0.92 bal=-0.10 obs=226 hard=222 obsc=230 yr=  0  nz=0.08 flt=0.01 dmap=+0/-0 shz=3.5 plan=0 cmd=(lx=+0.00,ly=-0.35,rx=+0.00)
  t= 88.4 AGR-BRK-TR pos=(-4.78,+2.62) yaw= +61.3 d=0.43 goal_err=+23 carrot_err= +32 c0=0.97 clear=0.65 prog=0.00 rel=0.98 bal=-0.10 obs=223 hard=219 obsc=226 yr= 15G nz=0.02 flt=0.04 dmap=+0/-0 shz=3.2 plan=0 cmd=(lx=+0.00,ly=+0.00,rx=+0.45)
  t= 88.8 AGR-BRK-TR pos=(-4.78,+2.62) yaw= +54.8 d=0.43 goal_err=+29 carrot_err= +39 c0=0.97 clear=0.65 prog=0.00 rel=0.96 bal=-0.02 obs=223 hard=219 obsc=226 yr= 15G nz=0.04 flt=0.01 dmap=+0/-0 shz=3.2 plan=0 cmd=(lx=+0.00,ly=+0.00,rx=+0.45)
  t= 89.3 AGR-BRK-TR pos=(-4.78,+2.62) yaw= +46.8 d=0.43 goal_err=+37 carrot_err= +47 c0=0.97 clear=0.65 prog=0.00 rel=0.96 bal=+0.08 obs=223 hard=219 obsc=226 yr= 15G nz=0.04 flt=0.01 dmap=+0/-0 shz=3.3 plan=0 cmd=(lx=+0.00,ly=+0.00,rx=+0.45)
  t= 89.7 AGR-BRK-TR pos=(-4.78,+2.62) yaw= +40.5 d=0.43 goal_err=+43 carrot_err= +53 c0=0.97 clear=0.65 prog=0.00 rel=0.97 bal=+0.19 obs=223 hard=219 obsc=226 yr= 14G nz=0.03 flt=0.03 dmap=+0/-0 shz=3.2 plan=0 cmd=(lx=+0.00,ly=+0.00,rx=+0.45)
  t= 90.1 AGR-BRK-TR pos=(-4.78,+2.62) yaw= +34.6 d=0.43 goal_err=+49 carrot_err= +59 c0=0.97 clear=0.65 prog=0.00 rel=0.99 bal=+0.21 obs=223 hard=219 obsc=226 yr= 14G nz=0.01 flt=0.06 dmap=+0/-0 shz=3.2 plan=0 cmd=(lx=+0.00,ly=+0.00,rx=+0.45)
  t= 90.5 AGR-BRK-TR pos=(-4.78,+2.62) yaw= +28.6 d=0.43 goal_err=+55 carrot_err= +65 c0=1.10 clear=0.73 prog=0.00 rel=0.98 bal=+0.11 obs=223 hard=219 obsc=226 yr= 14G nz=0.02 flt=0.06 dmap=+0/-0 shz=3.2 plan=0 cmd=(lx=+0.00,ly=+0.00,rx=+0.45)
  t= 91.0 AGR-DWA-F pos=(-4.76,+2.62) yaw= +28.6 d=0.42 goal_err=+57 carrot_err= +67 c0=1.09 clear=0.73 prog=0.01 rel=0.90 bal=+0.11 obs=223 hard=219 obsc=226 yr= 14G nz=0.10 flt=0.07 dmap=+0/-0 shz=3.2 plan=3 cmd=(lx=+0.00,ly=+0.28,rx=-0.45)
  t= 91.4 AGR-DWA-F pos=(-4.73,+2.64) yaw= +36.0 d=0.40 goal_err=+54 carrot_err= +65 c0=0.93 clear=0.62 prog=0.05 rel=0.90 bal=+0.21 obs=223 hard=219 obsc=226 yr= 14G nz=0.10 flt=0.03 dmap=+0/-0 shz=3.2 plan=3 cmd=(lx=+0.00,ly=+0.28,rx=-0.45)
  t= 91.8 AGR-DWA-F pos=(-4.71,+2.66) yaw= +42.0 d=0.38 goal_err=+51 carrot_err= +63 c0=0.90 clear=0.60 prog=0.08 rel=0.86 bal=+0.20 obs=223 hard=219 obsc=226 yr= 14G nz=0.14 flt=0.01 dmap=+0/-0 shz=3.2 plan=3 cmd=(lx=+0.00,ly=+0.28,rx=-0.45)
  t= 92.3 AGR-DWA-F pos=(-4.69,+2.68) yaw= +48.0 d=0.36 goal_err=+48 carrot_err= +61 c0=0.87 clear=0.58 prog=0.11 rel=0.86 bal=+0.19 obs=224 hard=220 obsc=227 yr= 14G nz=0.12 flt=0.13 dmap=+0/-0 shz=3.2 plan=3 cmd=(lx=+0.00,ly=+0.28,rx=-0.45)

  LLEGADO a 'B' (-4.73,+3.04); error=0.35 m, colisiones=0.
  [spill] derrames=0 E[N]=0.00 eta_max=0.86 riesgo=1.1%
  [dataset] travesia guardada -> /Users/adrianlendinezibanez/Claude/Projects/G1 ROBOT/dataset/20260708_123819_ours_B.json
  [stats] fila anadida -> /Users/adrianlendinezibanez/Claude/Projects/G1 ROBOT/dataset/runs_stats.csv

Fin goto.
  [META2-L2] estado guardado (meta2_state_extsmoke.json): Pl={'Efficient_Nav': 1.0, 'Cautious_Nav': 1.0} derrames_run=0
  backend grafico: TkAgg
>>> SIM ADAPTER: conectando a rosbridge ws://localhost:8765 ...
  esperando /odom (hasta 30s; el mundo del lab tarda en cargar)... ok
  /odom OK pose=(+0.99,+0.57) | /scan: OK
  escenario LAB: mapa/waypoints/puerta REALES (lab.world solo-paredes, frame G1)

>>> GOTO 'B' -> (-4.73,+3.04). Mando en mano (L2+B). Ctrl+C aborta.
    ENTORNO: SIM (id: lab_v1_extsmoke)  — esta run se registra como SIMULACION, no cuenta como run de robot
  Esperando pose localizada y primera nube... ok.
  FRAME-CHECK start=(+0.99,+0.57) wp_mas_cercano=A(+0.99,+0.57) offset=0.00m  -> frame OK (pose y waypoints alineados)
  [spill] payload de agua simulado (semilla=20260708_124004_ours_B.json)
  [META2-DOOR] variante de engagement: Door_Direct (Pl={Door_Direct:1.00, Door_Far:1.00, Door_BiasPlus:1.00})
  META2 ACTIVO (techo por analogia): Meta-Reasoner 2.0, analogia inicial Cautious_Nav

  !!!!!!!!!!!!!!!!!!!!!!!!!!!!!!!!!!!!!!!!!!!!!!!!!!!!!!!!!!!!!!!!!!!!!!!!!!
  !!  VISION OFF (G1_PERC sin definir) pero G1_NOVIS=1: navego SIN vision bajo tu responsabilidad.
  !!  La MESA invisible al LiDAR no se vera.
  !!!!!!!!!!!!!!!!!!!!!!!!!!!!!!!!!!!!!!!!!!!!!!!!!!!!!!!!!!!!!!!!!!!!!!!!!!

  mapa de referencia: 961 celdas | muebles estaticos (nav_map): 0 celdas | plan global: static
  t=  0.0 DWA-F pos=(+0.99,+0.57) yaw=-120.3 d=6.23 goal_err=-83 carrot_err= -62 c0=2.25 clear=1.00 prog=0.00 rel=1.00 bal=+0.19 obs=108 hard=108 obsc=108 yr=  0  nz=0.00 flt=0.19 dmap=+108/-0 shz=0.0 plan=34 cmd=(lx=+0.00,ly=+0.40,rx=+0.45)
  t=  0.4 DWA-F pos=(+0.97,+0.53) yaw=-125.1 d=6.22 goal_err=-79 carrot_err= -60 c0=2.21 clear=1.00 prog=0.05 rel=0.96 bal=+0.28 obs=111 hard=111 obsc=111 yr= 15G nz=0.04 flt=0.10 dmap=+0/-0 shz=3.1 plan=34 cmd=(lx=+0.00,ly=+0.40,rx=+0.45)
  t=  0.9 DWA-F pos=(+0.93,+0.48) yaw=-131.6 d=6.21 goal_err=-73 carrot_err= -57 c0=2.21 clear=1.00 prog=0.08 rel=0.95 bal=+0.40 obs=111 hard=111 obsc=111 yr= 15G nz=0.05 flt=0.12 dmap=+0/-0 shz=3.5 plan=34 cmd=(lx=+0.00,ly=+0.40,rx=+0.45)
  t=  1.3 DWA-F pos=(+0.88,+0.43) yaw=-139.6 d=6.18 goal_err=-65 carrot_err= -38 c0=2.50 clear=1.00 prog=0.12 rel=0.95 bal=+0.41 obs=111 hard=111 obsc=111 yr= 15G nz=0.05 flt=0.02 dmap=+0/-0 shz=3.9 plan=34 cmd=(lx=+0.00,ly=+0.40,rx=+0.45)
  t=  1.7 DWA-F pos=(+0.83,+0.39) yaw=-144.4 d=6.16 goal_err=-61 carrot_err= -36 c0=2.50 clear=1.00 prog=0.14 rel=0.79 bal=+0.42 obs=129 hard=129 obsc=151 yr=  0  nz=0.21 flt=0.14 dmap=+0/-0 shz=3.7 plan=33 cmd=(lx=+0.00,ly=+0.40,rx=+0.00)
  t=  2.2 DWA-F pos=(+0.78,+0.36) yaw=-147.6 d=6.13 goal_err=-58 carrot_err= -35 c0=2.50 clear=1.00 prog=0.17 rel=0.80 bal=+0.42 obs=143 hard=134 obsc=157 yr= 15G nz=0.20 flt=0.01 dmap=+0/-0 shz=3.9 plan=33 cmd=(lx=+0.00,ly=+0.40,rx=+0.00)
  t=  2.6 DWA-F pos=(+0.74,+0.34) yaw=-149.2 d=6.11 goal_err=-57 carrot_err= -36 c0=2.50 clear=1.00 prog=0.19 rel=0.85 bal=+0.43 obs=161 hard=140 obsc=168 yr=  0  nz=0.15 flt=0.00 dmap=+9/-0 shz=3.9 plan=33 cmd=(lx=+0.00,ly=+0.40,rx=+0.00)
  t=  3.0 DWA-F pos=(+0.71,+0.32) yaw=-152.4 d=6.08 goal_err=-54 carrot_err= -34 c0=2.50 clear=1.00 prog=0.20 rel=0.99 bal=+0.43 obs=161 hard=140 obsc=168 yr= 15  nz=0.01 flt=0.01 dmap=+0/-0 shz=3.9 plan=33 cmd=(lx=+0.00,ly=+0.40,rx=+0.00)
  t=  3.5 DWA-F pos=(+0.66,+0.29) yaw=-152.4 d=6.05 goal_err=-55 carrot_err= -35 c0=2.50 clear=1.00 prog=0.20 rel=0.99 bal=+0.44 obs=163 hard=149 obsc=171 yr=  0  nz=0.01 flt=0.01 dmap=+0/-0 shz=3.9 plan=33 cmd=(lx=+0.00,ly=+0.40,rx=+0.00)
  t=  3.9 DWA-F pos=(+0.62,+0.27) yaw=-152.4 d=6.03 goal_err=-55 carrot_err= -37 c0=2.50 clear=1.00 prog=0.20 rel=0.99 bal=+0.36 obs=164 hard=158 obsc=171 yr=  0  nz=0.01 flt=0.00 dmap=+0/-0 shz=4.0 plan=33 cmd=(lx=+0.00,ly=+0.40,rx=+0.00)
  t=  4.3 DWA-F pos=(+0.58,+0.25) yaw=-155.6 d=6.00 goal_err=-52 carrot_err= -35 c0=2.50 clear=1.00 prog=0.20 rel=0.99 bal=+0.37 obs=165 hard=163 obsc=172 yr= 15  nz=0.01 flt=0.00 dmap=+2/-1 shz=3.9 plan=33 cmd=(lx=+0.00,ly=+0.40,rx=+0.00)
  t=  4.8 DWA-F pos=(+0.53,+0.23) yaw=-155.6 d=5.97 goal_err=-53 carrot_err= -22 c0=2.50 clear=1.00 prog=0.22 rel=0.99 bal=+0.38 obs=168 hard=166 obsc=175 yr=  0  nz=0.01 flt=0.00 dmap=+0/-0 shz=3.9 plan=32 cmd=(lx=+0.00,ly=+0.40,rx=+0.00)
  t=  5.2 DWA-F pos=(+0.49,+0.21) yaw=-155.6 d=5.94 goal_err=-53 carrot_err= -24 c0=2.50 clear=1.00 prog=0.21 rel=0.99 bal=+0.39 obs=168 hard=168 obsc=175 yr=  0  nz=0.01 flt=0.00 dmap=+0/-0 shz=3.9 plan=32 cmd=(lx=+0.00,ly=+0.40,rx=+0.00)
  t=  5.6 DWA-F pos=(+0.45,+0.19) yaw=-155.6 d=5.91 goal_err=-53 carrot_err= -25 c0=2.50 clear=1.00 prog=0.21 rel=0.99 bal=+0.41 obs=169 hard=169 obsc=175 yr=  0  nz=0.01 flt=0.01 dmap=+0/-0 shz=3.9 plan=32 cmd=(lx=+0.00,ly=+0.40,rx=+0.00)
  t=  6.1 DWA-F pos=(+0.41,+0.17) yaw=-155.6 d=5.89 goal_err=-54 carrot_err= -26 c0=2.50 clear=1.00 prog=0.22 rel=0.99 bal=+0.42 obs=171 hard=169 obsc=177 yr=  0  nz=0.01 flt=0.00 dmap=+2/-0 shz=4.0 plan=31 cmd=(lx=+0.00,ly=+0.40,rx=+0.00)
  t=  6.5 DWA-F pos=(+0.37,+0.15) yaw=-155.6 d=5.86 goal_err=-54 carrot_err= -28 c0=2.50 clear=1.00 prog=0.21 rel=0.99 bal=+0.43 obs=173 hard=171 obsc=179 yr=  0  nz=0.01 flt=0.00 dmap=+0/-0 shz=3.9 plan=31 cmd=(lx=+0.00,ly=+0.40,rx=+0.00)
  t=  6.9 DWA-F pos=(+0.32,+0.13) yaw=-155.6 d=5.83 goal_err=-54 carrot_err= -30 c0=2.50 clear=1.00 prog=0.21 rel=0.99 bal=+0.44 obs=172 hard=170 obsc=178 yr=  0  nz=0.01 flt=0.00 dmap=+0/-0 shz=4.0 plan=31 cmd=(lx=+0.00,ly=+0.40,rx=+0.00)
  t=  7.4 DWA-F pos=(+0.28,+0.11) yaw=-155.6 d=5.80 goal_err=-55 carrot_err= -17 c0=2.50 clear=1.00 prog=0.21 rel=0.98 bal=+0.44 obs=171 hard=171 obsc=177 yr=  0  nz=0.01 flt=0.00 dmap=+0/-0 shz=3.9 plan=31 cmd=(lx=+0.00,ly=+0.40,rx=+0.00)
  t=  7.8 DWA-F pos=(+0.24,+0.09) yaw=-155.6 d=5.78 goal_err=-55 carrot_err= -18 c0=2.50 clear=1.00 prog=0.21 rel=0.99 bal=+0.45 obs=171 hard=171 obsc=177 yr=  0  nz=0.01 flt=0.00 dmap=+0/-0 shz=4.0 plan=30 cmd=(lx=+0.00,ly=+0.40,rx=+0.00)
  t=  8.3 DWA-F pos=(+0.20,+0.08) yaw=-155.6 d=5.75 goal_err=-55 carrot_err= -19 c0=2.50 clear=1.00 prog=0.21 rel=0.98 bal=+0.37 obs=172 hard=172 obsc=178 yr=  0  nz=0.02 flt=0.00 dmap=+0/-0 shz=3.9 plan=30 cmd=(lx=+0.00,ly=+0.40,rx=+0.00)
  t=  8.7 DWA-F pos=(+0.15,+0.05) yaw=-155.6 d=5.72 goal_err=-56 carrot_err= -20 c0=2.49 clear=1.00 prog=0.21 rel=0.99 bal=+0.38 obs=173 hard=172 obsc=178 yr=  0  nz=0.01 flt=0.00 dmap=+0/-0 shz=3.9 plan=30 cmd=(lx=+0.00,ly=+0.40,rx=+0.00)
  t=  9.1 DWA-F pos=(+0.11,+0.04) yaw=-155.6 d=5.69 goal_err=-56 carrot_err= -22 c0=2.44 clear=1.00 prog=0.20 rel=0.97 bal=+0.39 obs=174 hard=174 obsc=181 yr=  0  nz=0.03 flt=0.00 dmap=+1/-1 shz=4.0 plan=30 cmd=(lx=+0.00,ly=+0.40,rx=+0.00)
  t=  9.5 DWA-F pos=(+0.07,+0.02) yaw=-155.6 d=5.67 goal_err=-57 carrot_err= -23 c0=2.40 clear=1.00 prog=0.20 rel=0.95 bal=+0.39 obs=175 hard=174 obsc=182 yr=  0  nz=0.05 flt=0.00 dmap=+0/-0 shz=3.9 plan=30 cmd=(lx=+0.00,ly=+0.40,rx=+0.00)
  t= 10.0 DWA-F pos=(+0.03,-0.00) yaw=-155.6 d=5.65 goal_err=-57 carrot_err= -24 c0=2.35 clear=1.00 prog=0.20 rel=0.93 bal=+0.39 obs=177 hard=177 obsc=183 yr=  0  nz=0.07 flt=0.00 dmap=+0/-0 shz=3.9 plan=30 cmd=(lx=+0.00,ly=+0.40,rx=+0.00)
  t= 10.4 DWA-F pos=(-0.01,-0.02) yaw=-155.6 d=5.62 goal_err=-57 carrot_err= -26 c0=2.31 clear=1.00 prog=0.19 rel=0.91 bal=+0.41 obs=179 hard=178 obsc=184 yr=  0  nz=0.09 flt=0.02 dmap=+2/-0 shz=3.9 plan=30 cmd=(lx=+0.00,ly=+0.40,rx=+0.00)
  t= 10.8 DWA-F pos=(-0.06,-0.04) yaw=-155.6 d=5.59 goal_err=-58 carrot_err= -28 c0=2.25 clear=1.00 prog=0.20 rel=0.91 bal=+0.43 obs=179 hard=178 obsc=184 yr=  0  nz=0.09 flt=0.01 dmap=+0/-0 shz=3.9 plan=29 cmd=(lx=+0.00,ly=+0.40,rx=+0.00)
  t= 11.3 DWA-F pos=(-0.11,-0.06) yaw=-155.6 d=5.57 goal_err=-58 carrot_err= -28 c0=2.21 clear=1.00 prog=0.20 rel=0.91 bal=+0.44 obs=181 hard=179 obsc=186 yr=  0  nz=0.09 flt=0.01 dmap=+0/-0 shz=3.9 plan=29 cmd=(lx=+0.00,ly=+0.40,rx=+0.00)
  t= 11.7 DWA-F pos=(-0.15,-0.08) yaw=-155.6 d=5.54 goal_err=-59 carrot_err= -30 c0=2.17 clear=1.00 prog=0.20 rel=0.91 bal=+0.46 obs=181 hard=180 obsc=187 yr=  0  nz=0.09 flt=0.00 dmap=+1/-1 shz=3.9 plan=29 cmd=(lx=+0.00,ly=+0.40,rx=+0.00)
  t= 12.1 DWA-F pos=(-0.19,-0.10) yaw=-155.6 d=5.52 goal_err=-59 carrot_err= -31 c0=2.12 clear=1.00 prog=0.19 rel=0.90 bal=+0.47 obs=182 hard=180 obsc=187 yr=  0  nz=0.10 flt=0.01 dmap=+0/-0 shz=4.0 plan=29 cmd=(lx=+0.00,ly=+0.40,rx=+0.00)
  t= 12.5 DWA-F pos=(-0.23,-0.12) yaw=-155.6 d=5.50 goal_err=-59 carrot_err= -33 c0=2.08 clear=1.00 prog=0.19 rel=0.91 bal=+0.49 obs=183 hard=180 obsc=188 yr=  0  nz=0.09 flt=0.02 dmap=+0/-0 shz=3.9 plan=28 cmd=(lx=+0.00,ly=+0.40,rx=+0.00)
  t= 13.0 DWA-F pos=(-0.27,-0.13) yaw=-155.6 d=5.48 goal_err=-60 carrot_err= -35 c0=2.03 clear=1.00 prog=0.18 rel=0.92 bal=+0.49 obs=182 hard=181 obsc=188 yr=  0  nz=0.08 flt=0.00 dmap=+0/-1 shz=3.9 plan=28 cmd=(lx=+0.00,ly=+0.40,rx=+0.00)
  t= 13.4 DWA-F pos=(-0.32,-0.16) yaw=-155.6 d=5.45 goal_err=-60 carrot_err= -37 c0=1.98 clear=1.00 prog=0.18 rel=0.92 bal=+0.49 obs=183 hard=182 obsc=188 yr=  0  nz=0.08 flt=0.01 dmap=+1/-0 shz=4.0 plan=28 cmd=(lx=+0.00,ly=+0.40,rx=+0.45)
  t= 13.8 DWA-F pos=(-0.36,-0.17) yaw=-160.4 d=5.43 goal_err=-56 carrot_err= -31 c0=1.94 clear=1.00 prog=0.18 rel=0.91 bal=+0.50 obs=184 hard=183 obsc=189 yr= 15  nz=0.09 flt=0.24 dmap=+0/-0 shz=3.9 plan=27 cmd=(lx=+0.00,ly=+0.40,rx=+0.00)
  t= 14.3 DWA-F pos=(-0.40,-0.19) yaw=-160.4 d=5.40 goal_err=-56 carrot_err= -33 c0=1.89 clear=1.00 prog=0.18 rel=0.91 bal=+0.53 obs=190 hard=183 obsc=206 yr=  0  nz=0.09 flt=0.06 dmap=+0/-0 shz=4.0 plan=27 cmd=(lx=+0.00,ly=+0.40,rx=+0.00)
  t= 14.7 DWA-F pos=(-0.45,-0.21) yaw=-160.4 d=5.37 goal_err=-57 carrot_err= -35 c0=1.84 clear=1.00 prog=0.20 rel=0.92 bal=+0.53 obs=194 hard=189 obsc=207 yr=  0  nz=0.09 flt=0.00 dmap=+1/-0 shz=3.9 plan=27 cmd=(lx=+0.00,ly=+0.40,rx=+0.00)
  t= 15.1 DWA-F pos=(-0.49,-0.22) yaw=-160.4 d=5.35 goal_err=-57 carrot_err= -37 c0=1.79 clear=1.00 prog=0.19 rel=0.91 bal=+0.54 obs=194 hard=191 obsc=209 yr=  0G nz=0.09 flt=0.00 dmap=+0/-0 shz=4.0 plan=27 cmd=(lx=+0.00,ly=+0.40,rx=+0.45)
  t= 15.6 DWA-F pos=(-0.54,-0.24) yaw=-165.2 d=5.32 goal_err=-53 carrot_err= -42 c0=1.75 clear=1.00 prog=0.20 rel=0.92 bal=+0.54 obs=194 hard=191 obsc=209 yr= 14G nz=0.08 flt=0.01 dmap=+0/-0 shz=3.9 plan=26 cmd=(lx=+0.00,ly=+0.40,rx=+0.45)
  t= 16.0 DWA-F pos=(-0.58,-0.25) yaw=-171.7 d=5.29 goal_err=-47 carrot_err= -37 c0=1.88 clear=1.00 prog=0.20 rel=0.92 bal=+0.55 obs=194 hard=191 obsc=209 yr= 15  nz=0.09 flt=0.02 dmap=+0/-0 shz=4.0 plan=26 cmd=(lx=+0.00,ly=+0.40,rx=+0.00)
  t= 16.5 DWA-F pos=(-0.62,-0.25) yaw=-171.7 d=5.26 goal_err=-47 carrot_err= -39 c0=1.84 clear=1.00 prog=0.21 rel=0.92 bal=+0.55 obs=195 hard=193 obsc=209 yr=  0  nz=0.08 flt=0.00 dmap=+1/-0 shz=4.0 plan=26 cmd=(lx=+0.00,ly=+0.40,rx=+0.00)
  t= 16.9 DWA-F pos=(-0.68,-0.26) yaw=-174.9 d=5.22 goal_err=-44 carrot_err= -38 c0=1.87 clear=1.00 prog=0.23 rel=0.92 bal=+0.55 obs=195 hard=193 obsc=209 yr= 15G nz=0.08 flt=0.00 dmap=+0/-0 shz=4.0 plan=26 cmd=(lx=+0.00,ly=+0.40,rx=+0.00)
  t= 17.3 DWA-F pos=(-0.72,-0.26) yaw=-176.5 d=5.19 goal_err=-43 carrot_err= -38 c0=1.83 clear=1.00 prog=0.24 rel=0.90 bal=+0.52 obs=209 hard=207 obsc=222 yr=  0  nz=0.10 flt=0.01 dmap=+0/-0 shz=4.0 plan=26 cmd=(lx=+0.00,ly=+0.40,rx=+0.00)
  t= 17.8 DWA-F pos=(-0.77,-0.27) yaw=-179.7 d=5.16 goal_err=-40 carrot_err= -37 c0=1.79 clear=1.00 prog=0.25 rel=0.94 bal=+0.53 obs=210 hard=208 obsc=223 yr= 15  nz=0.06 flt=0.12 dmap=+1/-0 shz=4.0 plan=26 cmd=(lx=+0.00,ly=+0.40,rx=+0.00)
  t= 18.2 DWA-F pos=(-0.81,-0.27) yaw=+178.7 d=5.13 goal_err=-39 carrot_err= -37 c0=1.93 clear=1.00 prog=0.26 rel=0.93 bal=+0.54 obs=209 hard=208 obsc=223 yr= 15G nz=0.07 flt=0.02 dmap=+0/-0 shz=4.0 plan=26 cmd=(lx=+0.00,ly=+0.40,rx=+0.00)
  t= 18.6 DWA-F pos=(-0.87,-0.26) yaw=+177.1 d=5.08 goal_err=-38 carrot_err= -29 c0=1.93 clear=1.00 prog=0.27 rel=0.87 bal=+0.53 obs=204 hard=208 obsc=221 yr=  0  nz=0.13 flt=0.02 dmap=+0/-0 shz=4.0 plan=25 cmd=(lx=+0.00,ly=+0.40,rx=+0.00)
  t= 19.1 DWA-F pos=(-0.91,-0.26) yaw=+177.1 d=5.05 goal_err=-38 carrot_err= -31 c0=1.89 clear=1.00 prog=0.28 rel=0.88 bal=+0.51 obs=203 hard=203 obsc=217 yr=  0  nz=0.12 flt=0.01 dmap=+0/-0 shz=4.0 plan=25 cmd=(lx=+0.00,ly=+0.40,rx=+0.00)
  t= 19.5 DWA-F pos=(-0.96,-0.26) yaw=+177.1 d=5.01 goal_err=-38 carrot_err= -33 c0=1.84 clear=1.00 prog=0.28 rel=0.89 bal=+0.50 obs=201 hard=200 obsc=215 yr=  0  nz=0.11 flt=0.00 dmap=+0/-1 shz=4.0 plan=25 cmd=(lx=+0.00,ly=+0.40,rx=+0.00)
  t= 19.9 DWA-F pos=(-1.00,-0.26) yaw=+177.1 d=4.98 goal_err=-39 carrot_err= -37 c0=1.80 clear=1.00 prog=0.28 rel=0.92 bal=+0.33 obs=203 hard=202 obsc=215 yr=  0  nz=0.08 flt=0.01 dmap=+0/-0 shz=4.0 plan=24 cmd=(lx=+0.00,ly=+0.40,rx=+0.00)
  t= 20.4 DWA-F pos=(-1.04,-0.25) yaw=+177.1 d=4.94 goal_err=-39 carrot_err= -38 c0=1.76 clear=1.00 prog=0.28 rel=0.93 bal=+0.32 obs=202 hard=200 obsc=214 yr=  0  nz=0.07 flt=0.00 dmap=+0/-0 shz=4.0 plan=24 cmd=(lx=+0.00,ly=+0.40,rx=+0.45)
  t= 20.8 DWA-F pos=(-1.10,-0.25) yaw=+172.3 d=4.90 goal_err=-34 carrot_err= -35 c0=1.70 clear=1.00 prog=0.28 rel=0.93 bal=+0.30 obs=204 hard=201 obsc=217 yr= 15  nz=0.07 flt=0.10 dmap=+3/-1 shz=4.0 plan=24 cmd=(lx=+0.00,ly=+0.40,rx=+0.00)
  t= 21.2 DWA-F pos=(-1.14,-0.24) yaw=+172.3 d=4.86 goal_err=-35 carrot_err= -37 c0=1.66 clear=1.00 prog=0.28 rel=0.90 bal=+0.29 obs=204 hard=203 obsc=216 yr=  0  nz=0.10 flt=0.00 dmap=+0/-0 shz=4.0 plan=24 cmd=(lx=+0.00,ly=+0.40,rx=+0.00)
  t= 21.7 DWA-F pos=(-1.19,-0.24) yaw=+170.7 d=4.83 goal_err=-33 carrot_err= -29 c0=1.61 clear=1.00 prog=0.29 rel=0.90 bal=+0.28 obs=205 hard=200 obsc=218 yr=  0  nz=0.10 flt=0.12 dmap=+0/-0 shz=4.0 plan=23 cmd=(lx=+0.00,ly=+0.40,rx=+0.00)
  t= 22.1 DWA-F pos=(-1.23,-0.23) yaw=+170.7 d=4.79 goal_err=-34 carrot_err= -30 c0=1.57 clear=1.00 prog=0.29 rel=0.91 bal=+0.27 obs=204 hard=202 obsc=217 yr=  0  nz=0.09 flt=0.03 dmap=+0/-0 shz=4.0 plan=23 cmd=(lx=+0.00,ly=+0.40,rx=+0.00)
  t= 22.5 DWA-F pos=(-1.29,-0.22) yaw=+170.7 d=4.74 goal_err=-34 carrot_err= -32 c0=1.51 clear=1.00 prog=0.30 rel=0.91 bal=+0.25 obs=203 hard=201 obsc=217 yr=  0  nz=0.09 flt=0.01 dmap=+1/-2 shz=4.0 plan=23 cmd=(lx=+0.00,ly=+0.40,rx=+0.00)
  t= 23.0 DWA-F pos=(-1.33,-0.21) yaw=+170.7 d=4.71 goal_err=-34 carrot_err= -16 c0=1.47 clear=0.98 prog=0.30 rel=0.91 bal=+0.25 obs=202 hard=200 obsc=215 yr=  0  nz=0.09 flt=0.00 dmap=+0/-0 shz=4.0 plan=22 cmd=(lx=+0.00,ly=+0.40,rx=+0.00)
  t= 23.4 DWA-F pos=(-1.37,-0.21) yaw=+170.7 d=4.67 goal_err=-35 carrot_err= -17 c0=1.43 clear=0.95 prog=0.30 rel=0.91 bal=+0.24 obs=202 hard=200 obsc=215 yr=  0  nz=0.09 flt=0.01 dmap=+0/-0 shz=4.0 plan=22 cmd=(lx=+0.00,ly=+0.40,rx=+0.00)
  t= 23.9 DWA-F pos=(-1.42,-0.20) yaw=+170.7 d=4.63 goal_err=-35 carrot_err= -18 c0=1.38 clear=0.92 prog=0.30 rel=0.92 bal=+0.24 obs=203 hard=201 obsc=215 yr=  0  nz=0.08 flt=0.02 dmap=+1/-0 shz=4.0 plan=22 cmd=(lx=+0.00,ly=+0.40,rx=+0.00)
  t= 24.3 DWA-F pos=(-1.47,-0.19) yaw=+170.7 d=4.59 goal_err=-35 carrot_err= -19 c0=1.33 clear=0.89 prog=0.31 rel=0.92 bal=+0.10 obs=204 hard=201 obsc=216 yr=  0  nz=0.08 flt=0.00 dmap=+0/-0 shz=4.0 plan=22 cmd=(lx=+0.00,ly=+0.40,rx=+0.00)
  t= 24.7 DWA-F pos=(-1.52,-0.18) yaw=+170.7 d=4.55 goal_err=-36 carrot_err= -20 c0=1.28 clear=0.86 prog=0.29 rel=0.91 bal=+0.09 obs=204 hard=201 obsc=215 yr=  0  nz=0.10 flt=0.01 dmap=+0/-0 shz=4.0 plan=22 cmd=(lx=+0.00,ly=+0.40,rx=+0.00)
  t= 25.2 DWA-F pos=(-1.56,-0.18) yaw=+170.7 d=4.52 goal_err=-36 carrot_err= -21 c0=1.24 clear=0.83 prog=0.29 rel=0.91 bal=+0.09 obs=200 hard=201 obsc=215 yr=  0  nz=0.09 flt=0.01 dmap=+0/-0 shz=4.0 plan=22 cmd=(lx=+0.00,ly=+0.40,rx=+0.00)
  t= 25.6 DWA-F pos=(-1.60,-0.17) yaw=+170.7 d=4.48 goal_err=-36 carrot_err= -26 c0=1.20 clear=0.80 prog=0.29 rel=0.90 bal=+0.09 obs=203 hard=201 obsc=214 yr=  0  nz=0.10 flt=0.01 dmap=+4/-0 shz=3.9 plan=22 cmd=(lx=+0.00,ly=+0.40,rx=+0.00)
  t= 26.0 DWA-F pos=(-1.66,-0.16) yaw=+170.7 d=4.44 goal_err=-37 carrot_err= -28 c0=1.14 clear=0.76 prog=0.29 rel=0.91 bal=+0.09 obs=201 hard=200 obsc=214 yr=  0  nz=0.09 flt=0.02 dmap=+0/-1 shz=4.0 plan=21 cmd=(lx=+0.00,ly=+0.40,rx=+0.00)
  t= 26.5 DWA-F pos=(-1.70,-0.15) yaw=+170.7 d=4.40 goal_err=-37 carrot_err= -29 c0=1.10 clear=0.73 prog=0.29 rel=0.91 bal=+0.09 obs=203 hard=200 obsc=214 yr=  0  nz=0.09 flt=0.02 dmap=+0/-0 shz=3.9 plan=21 cmd=(lx=+0.00,ly=+0.40,rx=+0.00)
  t= 26.9 DWA-F pos=(-1.75,-0.15) yaw=+170.7 d=4.37 goal_err=-38 carrot_err= -32 c0=1.05 clear=0.70 prog=0.29 rel=0.92 bal=+0.08 obs=201 hard=200 obsc=213 yr=  0  nz=0.08 flt=0.00 dmap=+0/-0 shz=4.0 plan=21 cmd=(lx=+0.00,ly=+0.40,rx=+0.00)
  t= 27.3 DWA-F pos=(-1.79,-0.14) yaw=+170.7 d=4.33 goal_err=-38 carrot_err= -33 c0=1.01 clear=0.67 prog=0.29 rel=0.91 bal=+0.08 obs=202 hard=200 obsc=213 yr=  0  nz=0.09 flt=0.01 dmap=+1/-0 shz=4.0 plan=21 cmd=(lx=+0.00,ly=+0.40,rx=+0.00)
  t= 27.8 DWA-F pos=(-1.85,-0.13) yaw=+169.1 d=4.29 goal_err=-37 carrot_err= -24 c0=0.96 clear=0.64 prog=0.28 rel=0.93 bal=+0.07 obs=203 hard=200 obsc=215 yr=  0  nz=0.07 flt=0.02 dmap=+1/-0 shz=4.0 plan=20 cmd=(lx=+0.00,ly=+0.40,rx=+0.00)
  t= 28.2 DWA-F pos=(-1.89,-0.12) yaw=+169.1 d=4.25 goal_err=-37 carrot_err= -25 c0=0.91 clear=0.61 prog=0.29 rel=0.91 bal=+0.06 obs=204 hard=200 obsc=215 yr=  0  nz=0.09 flt=0.00 dmap=+0/-0 shz=4.0 plan=20 cmd=(lx=+0.00,ly=+0.40,rx=+0.00)
  t= 28.6 DWA-F pos=(-1.93,-0.11) yaw=+169.1 d=4.22 goal_err=-38 carrot_err= -29 c0=0.87 clear=0.58 prog=0.29 rel=0.92 bal=+0.06 obs=204 hard=201 obsc=215 yr=  0  nz=0.08 flt=0.00 dmap=+0/-0 shz=4.0 plan=20 cmd=(lx=+0.00,ly=+0.40,rx=+0.00)
  t= 29.1 DWA-F pos=(-1.98,-0.11) yaw=+169.1 d=4.18 goal_err=-38 carrot_err= -21 c0=0.83 clear=0.55 prog=0.29 rel=0.92 bal=+0.06 obs=206 hard=205 obsc=216 yr=  0  nz=0.08 flt=0.02 dmap=+1/-0 shz=4.0 plan=19 cmd=(lx=+0.00,ly=+0.40,rx=+0.00)
  t= 29.5 DWA-F pos=(-2.03,-0.09) yaw=+169.1 d=4.14 goal_err=-38 carrot_err= -22 c0=0.78 clear=0.52 prog=0.28 rel=0.92 bal=+0.06 obs=207 hard=205 obsc=217 yr=  0  nz=0.08 flt=0.01 dmap=+0/-0 shz=4.0 plan=19 cmd=(lx=+0.00,ly=+0.40,rx=+0.00)
  t= 29.9 DWA-F pos=(-2.07,-0.09) yaw=+169.1 d=4.10 goal_err=-39 carrot_err= -23 c0=0.73 clear=0.49 prog=0.28 rel=0.92 bal=+0.05 obs=207 hard=204 obsc=217 yr=  0  nz=0.08 flt=0.03 dmap=+0/-0 shz=4.0 plan=19 cmd=(lx=+0.00,ly=+0.40,rx=+0.00)
  t= 30.4 DWA-F pos=(-2.12,-0.08) yaw=+169.1 d=4.07 goal_err=-39 carrot_err= -27 c0=0.69 clear=0.46 prog=0.28 rel=0.92 bal=-0.50 obs=208 hard=205 obsc=219 yr=  0  nz=0.08 flt=0.01 dmap=+1/-0 shz=4.0 plan=19 cmd=(lx=+0.00,ly=+0.40,rx=+0.00)
  t= 30.8 DWA-F pos=(-2.16,-0.07) yaw=+169.1 d=4.03 goal_err=-40 carrot_err= -28 c0=0.65 clear=0.43 prog=0.28 rel=0.93 bal=-0.52 obs=208 hard=207 obsc=219 yr=  0  nz=0.07 flt=0.00 dmap=+0/-1 shz=4.0 plan=18 cmd=(lx=+0.00,ly=+0.40,rx=+0.00)
  t= 31.3 DWA-F pos=(-2.22,-0.06) yaw=+169.1 d=3.99 goal_err=-40 carrot_err= -29 c0=0.60 clear=0.40 prog=0.28 rel=0.92 bal=-0.54 obs=208 hard=204 obsc=218 yr=  0  nz=0.08 flt=0.01 dmap=+0/-0 shz=4.0 plan=18 cmd=(lx=+0.00,ly=+0.40,rx=+0.00)
  t= 31.7 DWA-F pos=(-2.26,-0.05) yaw=+167.5 d=3.96 goal_err=-39 carrot_err= -29 c0=0.76 clear=0.50 prog=0.28 rel=0.91 bal=-0.54 obs=210 hard=205 obsc=220 yr= 15G nz=0.09 flt=0.02 dmap=+0/-0 shz=4.0 plan=18 cmd=(lx=+0.00,ly=+0.40,rx=+0.00)
  t= 32.1 DWA-F pos=(-2.30,-0.04) yaw=+165.9 d=3.92 goal_err=-38 carrot_err= -28 c0=0.90 clear=0.60 prog=0.28 rel=0.82 bal=-0.54 obs=213 hard=208 obsc=224 yr=  0  nz=0.18 flt=0.02 dmap=+2/-0 shz=4.0 plan=17 cmd=(lx=+0.00,ly=+0.40,rx=+0.00)
  t= 32.6 DWA-F pos=(-2.35,-0.03) yaw=+165.9 d=3.89 goal_err=-38 carrot_err= -30 c0=0.85 clear=0.57 prog=0.28 rel=0.79 bal=-0.54 obs=213 hard=209 obsc=224 yr=  0  nz=0.21 flt=0.00 dmap=+0/-0 shz=4.0 plan=17 cmd=(lx=+0.00,ly=+0.40,rx=+0.00)
  t= 33.0 DWA-F pos=(-2.40,-0.02) yaw=+162.7 d=3.84 goal_err=-35 carrot_err= -28 c0=0.80 clear=0.53 prog=0.28 rel=0.91 bal=-0.53 obs=212 hard=210 obsc=224 yr= 30G nz=0.09 flt=0.01 dmap=+0/-0 shz=4.0 plan=17 cmd=(lx=+0.00,ly=+0.40,rx=+0.00)
  t= 33.4 DWA-F pos=(-2.44,-0.00) yaw=+161.1 d=3.81 goal_err=-34 carrot_err= -28 c0=0.76 clear=0.51 prog=0.29 rel=0.92 bal=-0.53 obs=213 hard=211 obsc=224 yr=  0  nz=0.09 flt=0.05 dmap=+0/-1 shz=3.9 plan=17 cmd=(lx=+0.00,ly=+0.40,rx=+0.00)
  t= 33.9 DWA-F pos=(-2.48,+0.01) yaw=+157.9 d=3.77 goal_err=-31 carrot_err= -26 c0=0.72 clear=0.48 prog=0.29 rel=0.91 bal=-0.49 obs=220 hard=216 obsc=231 yr= 15  nz=0.09 flt=0.30 dmap=+8/-1 shz=4.0 plan=17 cmd=(lx=+0.00,ly=+0.40,rx=+0.00)
  t= 34.3 DWA-F pos=(-2.52,+0.03) yaw=+157.9 d=3.73 goal_err=-32 carrot_err= -28 c0=0.68 clear=0.45 prog=0.29 rel=0.90 bal=-0.49 obs=221 hard=219 obsc=234 yr=  0  nz=0.10 flt=0.03 dmap=+0/-0 shz=4.0 plan=17 cmd=(lx=+0.00,ly=+0.40,rx=+0.00)
  t= 34.7 ENG-F pos=(-2.57,+0.05) yaw=+154.7 d=3.69 goal_err=-29 carrot_err= -25 c0=1.05 clear=0.70 prog=0.30 rel=0.79 bal=-0.49 obs=223 hard=218 obsc=233 yr= 15  nz=0.21 flt=0.12 dmap=+0/-0 shz=4.0 plan=17 cmd=(lx=+0.00,ly=+0.28,rx=+0.00)
  t= 35.2 ENG-F pos=(-2.61,+0.07) yaw=+153.0 d=3.65 goal_err=-28 carrot_err= -24 c0=1.00 clear=0.67 prog=0.30 rel=0.77 bal=-0.36 obs=230 hard=220 obsc=246 yr=  0  nz=0.23 flt=0.07 dmap=+4/-1 shz=4.0 plan=17 cmd=(lx=+0.00,ly=+0.28,rx=+0.00)
  t= 35.6 ENG-F pos=(-2.64,+0.09) yaw=+153.0 d=3.62 goal_err=-28 carrot_err= -25 c0=0.97 clear=0.64 prog=0.29 rel=0.79 bal=-0.40 obs=230 hard=220 obsc=245 yr=  0  nz=0.21 flt=0.00 dmap=+1/-0 shz=4.0 plan=17 cmd=(lx=+0.00,ly=+0.28,rx=+0.00)
  t= 36.0 ENG-F pos=(-2.67,+0.10) yaw=+153.0 d=3.59 goal_err=-28 carrot_err= -26 c0=0.93 clear=0.62 prog=0.28 rel=0.92 bal=-0.41 obs=228 hard=220 obsc=245 yr=  0  nz=0.09 flt=0.01 dmap=+0/-0 shz=4.0 plan=17 cmd=(lx=+0.00,ly=+0.28,rx=+0.00)
  t= 36.4 ENG-F pos=(-2.71,+0.12) yaw=+153.0 d=3.55 goal_err=-28 carrot_err= -18 c0=0.90 clear=0.60 prog=0.27 rel=0.91 bal=-0.36 obs=228 hard=221 obsc=242 yr=  0  nz=0.09 flt=0.02 dmap=+0/-0 shz=3.9 plan=17 cmd=(lx=+0.00,ly=+0.28,rx=+0.00)
  t= 36.9 ENG-F pos=(-2.74,+0.13) yaw=+153.0 d=3.52 goal_err=-29 carrot_err= -18 c0=0.86 clear=0.58 prog=0.26 rel=0.93 bal=-0.35 obs=229 hard=222 obsc=243 yr=  0  nz=0.07 flt=0.00 dmap=+1/-0 shz=4.0 plan=16 cmd=(lx=+0.00,ly=+0.28,rx=+0.00)
  t= 37.3 ENG-F pos=(-2.78,+0.15) yaw=+153.0 d=3.48 goal_err=-29 carrot_err= -19 c0=0.82 clear=0.55 prog=0.26 rel=0.94 bal=-0.34 obs=229 hard=221 obsc=243 yr=  0  nz=0.06 flt=0.02 dmap=+0/-0 shz=3.9 plan=16 cmd=(lx=+0.00,ly=+0.28,rx=+0.00)
  t= 37.7 ENG-F pos=(-2.81,+0.17) yaw=+153.0 d=3.45 goal_err=-29 carrot_err= -20 c0=0.79 clear=0.53 prog=0.26 rel=0.93 bal=-0.29 obs=230 hard=222 obsc=245 yr=  0  nz=0.07 flt=0.01 dmap=+0/-0 shz=4.0 plan=16 cmd=(lx=+0.00,ly=+0.28,rx=+0.00)
  t= 38.1 ENG-F pos=(-2.84,+0.19) yaw=+153.0 d=3.42 goal_err=-30 carrot_err= -21 c0=0.79 clear=0.53 prog=0.26 rel=0.93 bal=-0.29 obs=229 hard=223 obsc=245 yr=  0  nz=0.07 flt=0.00 dmap=+0/-2 shz=4.0 plan=16 cmd=(lx=+0.00,ly=+0.28,rx=+0.00)
  t= 38.6 ENG-F pos=(-2.87,+0.20) yaw=+153.0 d=3.39 goal_err=-30 carrot_err= -22 c0=0.75 clear=0.50 prog=0.26 rel=0.94 bal=-0.29 obs=232 hard=224 obsc=246 yr=  0  nz=0.06 flt=0.01 dmap=+0/-0 shz=4.0 plan=16 cmd=(lx=+0.00,ly=+0.28,rx=+0.00)
  t= 39.0 ENG-F pos=(-2.91,+0.22) yaw=+153.0 d=3.36 goal_err=-30 carrot_err= -23 c0=0.72 clear=0.48 prog=0.25 rel=0.94 bal=-0.30 obs=231 hard=226 obsc=247 yr=  0  nz=0.06 flt=0.01 dmap=+0/-0 shz=4.0 plan=16 cmd=(lx=+0.00,ly=+0.28,rx=+0.00)
  t= 39.4 ENG-F pos=(-2.94,+0.24) yaw=+153.0 d=3.33 goal_err=-30 carrot_err= -24 c0=0.68 clear=0.45 prog=0.24 rel=0.94 bal=-0.18 obs=230 hard=224 obsc=244 yr=  0  nz=0.07 flt=0.01 dmap=+0/-0 shz=4.0 plan=16 cmd=(lx=+0.00,ly=+0.28,rx=+0.00)
  t= 39.9 ENG-F pos=(-2.97,+0.25) yaw=+153.0 d=3.30 goal_err=-31 carrot_err= -25 c0=0.65 clear=0.43 prog=0.24 rel=0.92 bal=-0.18 obs=230 hard=223 obsc=244 yr=  0  nz=0.08 flt=0.02 dmap=+0/-0 shz=4.0 plan=16 cmd=(lx=+0.00,ly=+0.28,rx=+0.00)
  t= 40.3 ENG-T pos=(-3.01,+0.27) yaw=+153.0 d=3.26 goal_err=-31 carrot_err= -27 c0=0.60 clear=0.40 prog=0.26 rel=0.92 bal=-0.18 obs=231 hard=224 obsc=245 yr=  0G nz=0.08 flt=0.01 dmap=+0/-0 shz=4.0 plan=16 cmd=(lx=+0.00,ly=+0.00,rx=+0.45)
  t= 40.7 ENG-F pos=(-3.03,+0.28) yaw=+149.8 d=3.24 goal_err=-28 carrot_err= -24 c0=0.59 clear=0.39 prog=0.23 rel=0.93 bal=-0.23 obs=231 hard=224 obsc=245 yr=  0  nz=0.07 flt=0.01 dmap=+0/-0 shz=4.0 plan=16 cmd=(lx=+0.00,ly=+0.28,rx=+0.00)
  t= 41.1 ENG-T pos=(-3.06,+0.30) yaw=+149.8 d=3.21 goal_err=-28 carrot_err= -25 c0=0.55 clear=0.37 prog=0.23 rel=0.94 bal=-0.23 obs=230 hard=224 obsc=246 yr=  0  nz=0.06 flt=0.00 dmap=+0/-0 shz=4.0 plan=16 cmd=(lx=+0.00,ly=+0.00,rx=+0.45)
  t= 41.6 ENG-F pos=(-3.07,+0.31) yaw=+146.6 d=3.19 goal_err=-25 carrot_err= -19 c0=0.53 clear=0.36 prog=0.20 rel=0.94 bal=-0.24 obs=241 hard=231 obsc=256 yr=  0  nz=0.06 flt=0.29 dmap=+0/-0 shz=4.0 plan=15 cmd=(lx=+0.00,ly=+0.28,rx=+0.00)
  t= 42.0 ENG-T pos=(-3.11,+0.33) yaw=+146.6 d=3.15 goal_err=-26 carrot_err= -20 c0=0.56 clear=0.37 prog=0.20 rel=0.94 bal=-0.18 obs=238 hard=235 obsc=257 yr=  0  nz=0.06 flt=0.00 dmap=+1/-4 shz=3.9 plan=15 cmd=(lx=+0.00,ly=+0.00,rx=+0.45)
  t= 42.4 ENG-F pos=(-3.12,+0.34) yaw=+143.4 d=3.14 goal_err=-23 carrot_err= -17 c0=0.54 clear=0.36 prog=0.20 rel=0.96 bal=-0.18 obs=246 hard=233 obsc=262 yr=  0  nz=0.04 flt=0.05 dmap=+8/-0 shz=4.0 plan=15 cmd=(lx=+0.00,ly=+0.28,rx=+0.00)
  t= 42.9 ENG-T pos=(-3.15,+0.36) yaw=+143.4 d=3.11 goal_err=-23 carrot_err= -18 c0=0.51 clear=0.34 prog=0.20 rel=0.97 bal=-0.17 obs=247 hard=237 obsc=264 yr=  0G nz=0.03 flt=0.07 dmap=+0/-0 shz=4.0 plan=15 cmd=(lx=+0.00,ly=+0.00,rx=+0.45)
  t= 43.3 ENG-F pos=(-3.16,+0.37) yaw=+140.2 d=3.09 goal_err=-20 carrot_err= -15 c0=0.68 clear=0.45 prog=0.19 rel=0.90 bal=-0.17 obs=243 hard=236 obsc=263 yr=  0  nz=0.10 flt=0.01 dmap=+0/-0 shz=4.0 plan=15 cmd=(lx=+0.00,ly=+0.28,rx=+0.00)
  t= 43.7 ENG-T pos=(-3.19,+0.39) yaw=+140.2 d=3.06 goal_err=-20 carrot_err= -16 c0=0.65 clear=0.43 prog=0.20 rel=0.89 bal=+0.46 obs=243 hard=232 obsc=260 yr=  0G nz=0.11 flt=0.00 dmap=+0/-0 shz=4.0 plan=15 cmd=(lx=+0.00,ly=+0.00,rx=+0.45)
  t= 44.1 ENG-F pos=(-3.20,+0.40) yaw=+137.0 d=3.05 goal_err=-17 carrot_err= -13 c0=0.64 clear=0.42 prog=0.17 rel=0.88 bal=+0.47 obs=244 hard=232 obsc=260 yr=  0  nz=0.12 flt=0.03 dmap=+1/-0 shz=4.0 plan=15 cmd=(lx=+0.00,ly=+0.28,rx=+0.00)
  t= 44.6 ENG-T pos=(-3.22,+0.42) yaw=+137.0 d=3.02 goal_err=-17 carrot_err= -13 c0=1.05 clear=0.70 prog=0.17 rel=0.68 bal=+0.48 obs=242 hard=234 obsc=261 yr=  0G nz=0.32 flt=0.00 dmap=+0/-0 shz=4.0 plan=15 cmd=(lx=+0.00,ly=+0.00,rx=+0.45)
  t= 45.0 ENG-F pos=(-3.22,+0.43) yaw=+130.6 d=3.02 goal_err=-11 carrot_err=  -7 c0=0.86 clear=0.58 prog=0.16 rel=0.67 bal=+0.48 obs=243 hard=234 obsc=259 yr=  0  nz=0.29 flt=0.04 dmap=+0/-0 shz=4.0 plan=15 cmd=(lx=+0.00,ly=+0.28,rx=+0.00)
  t= 45.4 ENG-GO pos=(-3.24,+0.45) yaw=+130.6 d=2.99 goal_err=-11 carrot_err=  -7 c0=0.84 clear=0.56 prog=0.16 rel=0.75 bal=+0.50 obs=243 hard=234 obsc=259 yr=  0  nz=0.25 flt=0.01 dmap=+0/-0 shz=4.0 plan=15 cmd=(lx=+0.00,ly=+0.28,rx=+0.00)
  t= 45.8 ENG-GO pos=(-3.25,+0.47) yaw=+130.6 d=2.97 goal_err=-11 carrot_err=  -8 c0=1.27 clear=0.84 prog=0.17 rel=0.76 bal=-0.12 obs=240 hard=234 obsc=258 yr=  0  nz=0.24 flt=0.00 dmap=+0/-0 shz=4.0 plan=15 cmd=(lx=+0.00,ly=+0.28,rx=+0.00)
  t= 46.3 ENG-GO pos=(-3.27,+0.49) yaw=+130.6 d=2.94 goal_err=-11 carrot_err=  -8 c0=1.24 clear=0.83 prog=0.17 rel=0.72 bal=+0.52 obs=238 hard=232 obsc=257 yr=  0  nz=0.28 flt=0.00 dmap=+0/-2 shz=4.0 plan=15 cmd=(lx=+0.00,ly=+0.28,rx=+0.00)
  t= 46.7 ENG-GO pos=(-3.29,+0.51) yaw=+130.6 d=2.91 goal_err=-11 carrot_err=  -4 c0=1.31 clear=0.87 prog=0.20 rel=0.67 bal=+0.54 obs=240 hard=230 obsc=256 yr=  0  nz=0.33 flt=0.01 dmap=+1/-0 shz=4.0 plan=15 cmd=(lx=+0.00,ly=+0.28,rx=+0.00)
  t= 47.1 ENG-GO pos=(-3.32,+0.54) yaw=+130.6 d=2.87 goal_err=-11 carrot_err=  -4 c0=1.27 clear=0.84 prog=0.23 rel=0.75 bal=+0.55 obs=241 hard=231 obsc=257 yr=  0  nz=0.25 flt=0.01 dmap=+0/-0 shz=4.0 plan=15 cmd=(lx=+0.00,ly=+0.28,rx=+0.00)
  t= 47.5 ENG-GO pos=(-3.34,+0.57) yaw=+130.6 d=2.84 goal_err=-11 carrot_err=  -5 c0=1.23 clear=0.82 prog=0.25 rel=0.94 bal=+0.58 obs=239 hard=231 obsc=257 yr=  0  nz=0.06 flt=0.00 dmap=+0/-0 shz=4.0 plan=15 cmd=(lx=+0.00,ly=+0.28,rx=+0.00)
  t= 48.0 ENG-GO pos=(-3.36,+0.59) yaw=+130.6 d=2.80 goal_err=-11 carrot_err=  -2 c0=1.20 clear=0.80 prog=0.27 rel=0.94 bal=+0.02 obs=240 hard=232 obsc=257 yr=  0  nz=0.06 flt=0.01 dmap=+1/-0 shz=4.0 plan=13 cmd=(lx=+0.00,ly=+0.28,rx=+0.00)
  t= 48.4 ENG-GO pos=(-3.39,+0.62) yaw=+130.6 d=2.77 goal_err=-12 carrot_err=  -2 c0=1.17 clear=0.78 prog=0.28 rel=0.94 bal=+0.02 obs=243 hard=234 obsc=259 yr=  0  nz=0.06 flt=0.00 dmap=+0/-0 shz=3.9 plan=13 cmd=(lx=+0.00,ly=+0.28,rx=+0.00)
  t= 48.8 ENG-GO pos=(-3.41,+0.65) yaw=+130.6 d=2.73 goal_err=-12 carrot_err=  -2 c0=1.13 clear=0.75 prog=0.27 rel=0.93 bal=+0.03 obs=243 hard=235 obsc=260 yr=  0  nz=0.07 flt=0.00 dmap=+0/-0 shz=4.0 plan=13 cmd=(lx=+0.00,ly=+0.28,rx=+0.00)
  t= 49.3 ENG-GO pos=(-3.44,+0.68) yaw=+130.6 d=2.69 goal_err=-12 carrot_err=  -3 c0=1.09 clear=0.73 prog=0.29 rel=0.94 bal=-0.00 obs=241 hard=235 obsc=259 yr=  0  nz=0.07 flt=0.00 dmap=+0/-2 shz=4.0 plan=13 cmd=(lx=+0.00,ly=+0.28,rx=+0.00)
  t= 49.7 ENG-GO pos=(-3.46,+0.71) yaw=+130.6 d=2.65 goal_err=-12 carrot_err=  -3 c0=1.06 clear=0.70 prog=0.29 rel=0.93 bal=-0.01 obs=240 hard=234 obsc=256 yr=  0  nz=0.07 flt=0.02 dmap=+0/-0 shz=4.0 plan=13 cmd=(lx=+0.00,ly=+0.28,rx=+0.00)
  t= 50.1 ENG-GO pos=(-3.49,+0.74) yaw=+130.6 d=2.62 goal_err=-12 carrot_err=  -3 c0=1.02 clear=0.68 prog=0.29 rel=0.92 bal=+0.03 obs=238 hard=230 obsc=254 yr=  0  nz=0.08 flt=0.01 dmap=+0/-0 shz=4.0 plan=13 cmd=(lx=+0.00,ly=+0.28,rx=+0.00)
  t= 50.5 ENG-GO pos=(-3.51,+0.77) yaw=+130.6 d=2.58 goal_err=-12 carrot_err=  -3 c0=0.99 clear=0.66 prog=0.29 rel=0.93 bal=+0.03 obs=237 hard=230 obsc=253 yr=  0  nz=0.07 flt=0.01 dmap=+0/-1 shz=4.0 plan=13 cmd=(lx=+0.00,ly=+0.28,rx=+0.00)
  t= 51.0 ENG-GO pos=(-3.53,+0.79) yaw=+130.6 d=2.55 goal_err=-13 carrot_err=  -1 c0=0.96 clear=0.64 prog=0.28 rel=0.92 bal=+0.03 obs=237 hard=228 obsc=252 yr=  0  nz=0.08 flt=0.00 dmap=+0/-0 shz=4.0 plan=12 cmd=(lx=+0.00,ly=+0.28,rx=+0.00)
  t= 51.4 ENG-GO pos=(-3.56,+0.83) yaw=+130.6 d=2.50 goal_err=-13 carrot_err=  -1 c0=1.01 clear=0.68 prog=0.29 rel=0.92 bal=+0.03 obs=238 hard=230 obsc=254 yr=  0  nz=0.08 flt=0.01 dmap=+0/-0 shz=4.0 plan=12 cmd=(lx=+0.00,ly=+0.28,rx=+0.00)
  t= 51.8 ENG-GO pos=(-3.59,+0.85) yaw=+130.6 d=2.47 goal_err=-13 carrot_err=  -1 c0=0.98 clear=0.65 prog=0.29 rel=0.93 bal=+0.03 obs=237 hard=228 obsc=254 yr=  0  nz=0.07 flt=0.00 dmap=+0/-1 shz=4.0 plan=12 cmd=(lx=+0.00,ly=+0.28,rx=+0.00)
  t= 52.2 ENG-GO pos=(-3.61,+0.88) yaw=+130.6 d=2.43 goal_err=-13 carrot_err=  -1 c0=0.94 clear=0.63 prog=0.29 rel=0.94 bal=+0.02 obs=238 hard=230 obsc=255 yr=  0  nz=0.06 flt=0.00 dmap=+2/-2 shz=4.0 plan=12 cmd=(lx=+0.00,ly=+0.28,rx=+0.00)
  t= 52.7 ENG-GO pos=(-3.63,+0.91) yaw=+130.6 d=2.40 goal_err=-13 carrot_err=  -1 c0=0.91 clear=0.61 prog=0.29 rel=0.93 bal=-0.10 obs=237 hard=228 obsc=253 yr=  0  nz=0.07 flt=0.00 dmap=+0/-0 shz=4.0 plan=11 cmd=(lx=+0.00,ly=+0.28,rx=+0.00)
  t= 53.1 ENG-GO pos=(-3.66,+0.94) yaw=+130.6 d=2.35 goal_err=-14 carrot_err=  -1 c0=0.87 clear=0.58 prog=0.29 rel=0.93 bal=-0.10 obs=237 hard=229 obsc=253 yr=  0  nz=0.07 flt=0.01 dmap=+0/-0 shz=4.0 plan=11 cmd=(lx=+0.00,ly=+0.28,rx=+0.00)
  t= 53.5 ENG-GO pos=(-3.69,+0.97) yaw=+130.6 d=2.32 goal_err=-14 carrot_err=  -1 c0=0.83 clear=0.56 prog=0.29 rel=0.92 bal=+0.02 obs=235 hard=226 obsc=250 yr=  0  nz=0.08 flt=0.00 dmap=+0/-0 shz=4.0 plan=11 cmd=(lx=+0.00,ly=+0.28,rx=+0.00)
  t= 54.0 ENG-GO pos=(-3.71,+1.00) yaw=+130.6 d=2.28 goal_err=-14 carrot_err=  -1 c0=0.80 clear=0.53 prog=0.29 rel=0.93 bal=+0.01 obs=236 hard=227 obsc=251 yr=  0  nz=0.07 flt=0.00 dmap=+0/-0 shz=4.0 plan=11 cmd=(lx=+0.00,ly=+0.28,rx=+0.00)
  t= 54.4 ENG-GO pos=(-3.73,+1.03) yaw=+130.6 d=2.25 goal_err=-14 carrot_err=  +0 c0=0.76 clear=0.51 prog=0.29 rel=0.92 bal=+0.00 obs=234 hard=228 obsc=249 yr=  0  nz=0.08 flt=0.00 dmap=+0/-0 shz=4.0 plan=11 cmd=(lx=+0.00,ly=+0.28,rx=+0.00)
  t= 54.8 ENG-GO pos=(-3.76,+1.05) yaw=+130.6 d=2.21 goal_err=-14 carrot_err=  +0 c0=0.73 clear=0.49 prog=0.27 rel=0.93 bal=-0.01 obs=234 hard=227 obsc=248 yr=  0  nz=0.07 flt=0.01 dmap=+0/-0 shz=4.0 plan=11 cmd=(lx=+0.00,ly=+0.28,rx=+0.00)
  t= 55.2 ENG-GO pos=(-3.79,+1.09) yaw=+130.6 d=2.17 goal_err=-15 carrot_err=  +0 c0=0.69 clear=0.46 prog=0.29 rel=0.93 bal=-0.01 obs=234 hard=227 obsc=248 yr=  0  nz=0.07 flt=0.00 dmap=+0/-0 shz=4.0 plan=11 cmd=(lx=+0.00,ly=+0.28,rx=+0.00)
  t= 55.7 ENG-GO pos=(-3.81,+1.11) yaw=+130.6 d=2.13 goal_err=-15 carrot_err=  +0 c0=0.66 clear=0.44 prog=0.29 rel=0.92 bal=-0.03 obs=236 hard=228 obsc=250 yr=  0  nz=0.08 flt=0.00 dmap=+0/-0 shz=4.0 plan=11 cmd=(lx=+0.00,ly=+0.28,rx=+0.00)
  t= 56.1 ENG-GO pos=(-3.83,+1.14) yaw=+130.6 d=2.10 goal_err=-15 carrot_err=  +0 c0=0.62 clear=0.41 prog=0.29 rel=0.93 bal=-0.04 obs=238 hard=228 obsc=252 yr=  0  nz=0.07 flt=0.01 dmap=+2/-0 shz=4.0 plan=10 cmd=(lx=+0.00,ly=+0.28,rx=+0.00)
  t= 56.5 ENG-GO pos=(-3.86,+1.17) yaw=+130.6 d=2.06 goal_err=-16 carrot_err=  +0 c0=0.86 clear=0.57 prog=0.29 rel=0.86 bal=-0.06 obs=238 hard=229 obsc=253 yr=  0  nz=0.14 flt=0.00 dmap=+0/-0 shz=4.0 plan=10 cmd=(lx=+0.00,ly=+0.28,rx=+0.00)
  t= 57.0 ENG-GO pos=(-3.88,+1.20) yaw=+130.6 d=2.03 goal_err=-16 carrot_err=  +0 c0=0.83 clear=0.55 prog=0.27 rel=0.83 bal=+0.09 obs=238 hard=232 obsc=255 yr=  0  nz=0.17 flt=0.00 dmap=+1/-0 shz=4.0 plan=10 cmd=(lx=+0.00,ly=+0.28,rx=+0.00)
  t= 57.4 ENG-GO pos=(-3.91,+1.23) yaw=+130.6 d=1.99 goal_err=-16 carrot_err=  -8 c0=0.78 clear=0.52 prog=0.28 rel=0.83 bal=+0.09 obs=236 hard=230 obsc=251 yr=  0  nz=0.17 flt=0.02 dmap=+0/-1 shz=4.0 plan=10 cmd=(lx=+0.00,ly=+0.28,rx=+0.00)
  t= 57.8 ENG-GO pos=(-3.93,+1.26) yaw=+130.6 d=1.95 goal_err=-16 carrot_err=  -8 c0=0.75 clear=0.50 prog=0.28 rel=0.92 bal=+0.08 obs=234 hard=228 obsc=250 yr=  0  nz=0.08 flt=0.01 dmap=+1/-2 shz=4.0 plan=10 cmd=(lx=+0.00,ly=+0.28,rx=+0.00)
  t= 58.2 ENG-GO pos=(-3.96,+1.29) yaw=+130.6 d=1.92 goal_err=-17 carrot_err=  -9 c0=0.72 clear=0.48 prog=0.28 rel=0.92 bal=+0.08 obs=235 hard=227 obsc=249 yr=  0  nz=0.09 flt=0.00 dmap=+0/-0 shz=4.0 plan=10 cmd=(lx=+0.00,ly=+0.28,rx=+0.00)
  t= 58.7 ENG-GO pos=(-3.98,+1.31) yaw=+130.6 d=1.88 goal_err=-17 carrot_err= -15 c0=0.68 clear=0.46 prog=0.28 rel=0.92 bal=+0.01 obs=233 hard=226 obsc=249 yr=  0  nz=0.09 flt=0.00 dmap=+1/-2 shz=4.0 plan=10 cmd=(lx=+0.00,ly=+0.28,rx=+0.00)
  t= 59.1 ENG-GO pos=(-4.00,+1.34) yaw=+130.6 d=1.85 goal_err=-17 carrot_err= -16 c0=1.47 clear=0.98 prog=0.28 rel=0.58 bal=-0.01 obs=234 hard=228 obsc=249 yr=  0  nz=0.42 flt=0.01 dmap=+1/-1 shz=4.0 plan=9 cmd=(lx=+0.00,ly=+0.28,rx=+0.00)
  t= 59.5 ENG-GO pos=(-4.03,+1.37) yaw=+130.6 d=1.81 goal_err=-18 carrot_err= -16 c0=1.44 clear=0.96 prog=0.27 rel=0.41 bal=-0.04 obs=232 hard=227 obsc=248 yr=  0  nz=0.59 flt=0.01 dmap=+0/-0 shz=4.0 plan=9 cmd=(lx=+0.00,ly=+0.28,rx=+0.00)
  t= 60.0 ENG-GO pos=(-4.06,+1.40) yaw=+130.6 d=1.77 goal_err=-18 carrot_err= -17 c0=1.40 clear=0.93 prog=0.28 rel=0.48 bal=-0.04 obs=236 hard=229 obsc=250 yr=  0  nz=0.52 flt=0.00 dmap=+1/-0 shz=4.0 plan=9 cmd=(lx=+0.00,ly=+0.28,rx=+0.00)
  t= 60.4 ENG-GO pos=(-4.08,+1.43) yaw=+130.6 d=1.74 goal_err=-19 carrot_err= -18 c0=1.36 clear=0.91 prog=0.28 rel=0.59 bal=+0.11 obs=234 hard=228 obsc=249 yr=  0  nz=0.41 flt=0.00 dmap=+1/-1 shz=4.0 plan=9 cmd=(lx=+0.00,ly=+0.28,rx=+0.00)
  t= 60.8 ENG-GO pos=(-4.10,+1.46) yaw=+130.6 d=1.70 goal_err=-19 carrot_err= -19 c0=1.33 clear=0.88 prog=0.28 rel=0.93 bal=+0.11 obs=235 hard=228 obsc=249 yr=  0  nz=0.07 flt=0.01 dmap=+0/-0 shz=4.0 plan=9 cmd=(lx=+0.00,ly=+0.28,rx=+0.00)
  t= 61.2 ENG-GO pos=(-4.13,+1.48) yaw=+130.6 d=1.67 goal_err=-19 carrot_err= -13 c0=1.29 clear=0.86 prog=0.28 rel=0.93 bal=+0.05 obs=234 hard=228 obsc=249 yr=  0  nz=0.07 flt=0.01 dmap=+0/-0 shz=4.0 plan=9 cmd=(lx=+0.00,ly=+0.28,rx=+0.00)
  t= 61.7 ENG-GO pos=(-4.15,+1.51) yaw=+130.6 d=1.64 goal_err=-20 carrot_err= -14 c0=1.26 clear=0.84 prog=0.26 rel=0.93 bal=+0.04 obs=232 hard=226 obsc=246 yr=  0  nz=0.07 flt=0.01 dmap=+1/-4 shz=4.0 plan=9 cmd=(lx=+0.00,ly=+0.28,rx=+0.00)
  t= 62.1 ENG-GO pos=(-4.18,+1.54) yaw=+130.6 d=1.59 goal_err=-20 carrot_err= -14 c0=1.21 clear=0.81 prog=0.28 rel=0.93 bal=+0.02 obs=234 hard=226 obsc=248 yr=  0  nz=0.07 flt=0.00 dmap=+0/-0 shz=4.0 plan=8 cmd=(lx=+0.00,ly=+0.28,rx=+0.00)
  t= 62.5 ENG-GO pos=(-4.20,+1.57) yaw=+130.6 d=1.56 goal_err=-21 carrot_err= -15 c0=1.18 clear=0.79 prog=0.28 rel=0.94 bal=+0.01 obs=236 hard=226 obsc=249 yr=  0  nz=0.07 flt=0.00 dmap=+0/-0 shz=4.0 plan=8 cmd=(lx=+0.00,ly=+0.28,rx=+0.00)
  t= 63.0 ENG-GO pos=(-4.23,+1.60) yaw=+130.6 d=1.53 goal_err=-21 carrot_err= -16 c0=1.14 clear=0.76 prog=0.28 rel=0.94 bal=-0.52 obs=240 hard=231 obsc=254 yr=  0  nz=0.07 flt=0.00 dmap=+1/-1 shz=3.9 plan=8 cmd=(lx=+0.00,ly=+0.28,rx=+0.00)
  t= 63.4 ENG-GO pos=(-4.25,+1.63) yaw=+130.6 d=1.49 goal_err=-22 carrot_err= -16 c0=1.11 clear=0.74 prog=0.28 rel=0.92 bal=-0.53 obs=239 hard=229 obsc=251 yr=  0  nz=0.08 flt=0.00 dmap=+0/-0 shz=4.0 plan=8 cmd=(lx=+0.00,ly=+0.28,rx=+0.00)
  t= 63.9 ENG-GO pos=(-4.28,+1.66) yaw=+130.6 d=1.45 goal_err=-22 carrot_err= -17 c0=1.07 clear=0.71 prog=0.29 rel=0.93 bal=-0.29 obs=237 hard=231 obsc=252 yr=  0  nz=0.07 flt=0.00 dmap=+0/-0 shz=3.9 plan=8 cmd=(lx=+0.00,ly=+0.28,rx=+0.00)
  t= 64.3 ENG-GO pos=(-4.30,+1.69) yaw=+130.6 d=1.42 goal_err=-23 carrot_err= -18 c0=1.03 clear=0.69 prog=0.27 rel=0.94 bal=-0.30 obs=237 hard=228 obsc=249 yr=  0  nz=0.07 flt=0.00 dmap=+0/-0 shz=4.0 plan=8 cmd=(lx=+0.00,ly=+0.28,rx=+0.00)
  t= 64.7 ENG-GO pos=(-4.32,+1.72) yaw=+130.6 d=1.38 goal_err=-24 carrot_err= -23 c0=1.00 clear=0.67 prog=0.27 rel=0.93 bal=-0.31 obs=238 hard=230 obsc=250 yr=  0  nz=0.07 flt=0.01 dmap=+1/-0 shz=3.9 plan=8 cmd=(lx=+0.00,ly=+0.28,rx=+0.00)
  t= 65.1 ENG-GO pos=(-4.35,+1.74) yaw=+130.6 d=1.35 goal_err=-24 carrot_err= -24 c0=0.97 clear=0.64 prog=0.27 rel=0.94 bal=-0.32 obs=238 hard=229 obsc=251 yr=  0  nz=0.07 flt=0.00 dmap=+0/-0 shz=3.9 plan=7 cmd=(lx=+0.00,ly=+0.28,rx=+0.00)
  t= 65.6 ENG-GO pos=(-4.37,+1.77) yaw=+130.6 d=1.32 goal_err=-25 carrot_err= -25 c0=0.93 clear=0.62 prog=0.27 rel=0.93 bal=-0.34 obs=240 hard=231 obsc=252 yr=  0  nz=0.07 flt=0.00 dmap=+0/-0 shz=3.9 plan=7 cmd=(lx=+0.00,ly=+0.28,rx=+0.00)
  t= 66.0 DWA-F pos=(-4.40,+1.80) yaw=+130.6 d=1.29 goal_err=-26 carrot_err= -26 c0=0.90 clear=0.60 prog=0.27 rel=0.94 bal=-0.45 obs=239 hard=231 obsc=252 yr=  0  nz=0.06 flt=0.00 dmap=+0/-1 shz=3.9 plan=7 cmd=(lx=+0.00,ly=+0.40,rx=+0.00)
  t= 66.4 DWA-F pos=(-4.43,+1.84) yaw=+130.6 d=1.24 goal_err=-27 carrot_err= -28 c0=0.85 clear=0.57 prog=0.29 rel=0.93 bal=-0.47 obs=242 hard=234 obsc=254 yr=  0  nz=0.07 flt=0.00 dmap=+0/-0 shz=3.9 plan=7 cmd=(lx=+0.00,ly=+0.40,rx=+0.00)
  t= 66.8 DWA-F pos=(-4.46,+1.87) yaw=+130.6 d=1.20 goal_err=-28 carrot_err= -30 c0=0.91 clear=0.60 prog=0.30 rel=0.94 bal=-0.48 obs=242 hard=234 obsc=254 yr=  0G nz=0.06 flt=0.01 dmap=+0/-0 shz=3.9 plan=7 cmd=(lx=+0.00,ly=+0.40,rx=+0.45)
  t= 67.3 DWA-F pos=(-4.49,+1.91) yaw=+127.4 d=1.16 goal_err=-25 carrot_err= -18 c0=0.87 clear=0.58 prog=0.31 rel=0.95 bal=-0.49 obs=241 hard=234 obsc=254 yr=  0  nz=0.05 flt=0.01 dmap=+1/-2 shz=3.9 plan=7 cmd=(lx=+0.00,ly=+0.40,rx=+0.00)
  t= 67.7 DWA-F pos=(-4.51,+1.94) yaw=+127.4 d=1.12 goal_err=-26 carrot_err= -19 c0=0.82 clear=0.55 prog=0.32 rel=0.94 bal=-0.37 obs=239 hard=233 obsc=252 yr=  0  nz=0.06 flt=0.00 dmap=+1/-1 shz=4.0 plan=7 cmd=(lx=+0.00,ly=+0.40,rx=+0.00)
  t= 68.1 DWA-F pos=(-4.55,+1.99) yaw=+127.4 d=1.07 goal_err=-28 carrot_err= -20 c0=0.77 clear=0.51 prog=0.34 rel=0.92 bal=-0.52 obs=240 hard=233 obsc=253 yr=  0  nz=0.09 flt=0.01 dmap=+1/-0 shz=3.9 plan=6 cmd=(lx=+0.00,ly=+0.40,rx=+0.00)
  t= 68.6 DWA-F pos=(-4.58,+2.02) yaw=+127.4 d=1.03 goal_err=-29 carrot_err= -21 c0=0.73 clear=0.49 prog=0.32 rel=0.92 bal=-0.52 obs=239 hard=231 obsc=251 yr=  0  nz=0.08 flt=0.00 dmap=+0/-0 shz=4.0 plan=6 cmd=(lx=+0.00,ly=+0.40,rx=+0.00)
  t= 69.0 DWA-F pos=(-4.60,+2.06) yaw=+127.4 d=0.99 goal_err=-30 carrot_err= -22 c0=0.69 clear=0.46 prog=0.32 rel=0.92 bal=-0.52 obs=241 hard=231 obsc=253 yr=  0  nz=0.08 flt=0.01 dmap=+1/-0 shz=3.9 plan=6 cmd=(lx=+0.00,ly=+0.40,rx=+0.00)
  t= 69.4 DWA-F pos=(-4.64,+2.10) yaw=+127.4 d=0.94 goal_err=-32 carrot_err= -27 c0=0.64 clear=0.42 prog=0.33 rel=0.93 bal=-0.53 obs=243 hard=233 obsc=255 yr=  0  nz=0.07 flt=0.01 dmap=+0/-0 shz=4.0 plan=6 cmd=(lx=+0.00,ly=+0.40,rx=+0.00)
  t= 69.9 DWA-F pos=(-4.66,+2.14) yaw=+127.4 d=0.90 goal_err=-33 carrot_err= -28 c0=0.87 clear=0.58 prog=0.31 rel=0.85 bal=-0.54 obs=242 hard=233 obsc=255 yr=  0  nz=0.15 flt=0.00 dmap=+0/-0 shz=4.0 plan=5 cmd=(lx=+0.00,ly=+0.40,rx=+0.00)
  t= 70.3 DWA-F pos=(-4.69,+2.17) yaw=+127.4 d=0.87 goal_err=-35 carrot_err= -30 c0=0.83 clear=0.55 prog=0.31 rel=0.85 bal=-0.54 obs=242 hard=233 obsc=255 yr=  0G nz=0.15 flt=0.02 dmap=+0/-0 shz=3.9 plan=5 cmd=(lx=+0.00,ly=+0.40,rx=+0.45)
  t= 70.8 DWA-F pos=(-4.72,+2.21) yaw=+124.2 d=0.83 goal_err=-33 carrot_err= -28 c0=1.19 clear=0.79 prog=0.30 rel=0.74 bal=-0.41 obs=247 hard=238 obsc=259 yr=  0  nz=0.26 flt=0.03 dmap=+1/-0 shz=4.0 plan=5 cmd=(lx=+0.00,ly=+0.40,rx=+0.00)
  t= 71.2 DWA-F pos=(-4.75,+2.25) yaw=+124.2 d=0.79 goal_err=-35 carrot_err= -30 c0=1.13 clear=0.76 prog=0.31 rel=0.75 bal=-0.53 obs=247 hard=238 obsc=260 yr=  0  nz=0.25 flt=0.00 dmap=+0/-0 shz=4.0 plan=5 cmd=(lx=+0.00,ly=+0.40,rx=+0.45)
  t= 71.6 DWA-F pos=(-4.77,+2.29) yaw=+121.0 d=0.75 goal_err=-34 carrot_err= -28 c0=1.09 clear=0.73 prog=0.29 rel=0.79 bal=-0.41 obs=245 hard=238 obsc=259 yr=  0G nz=0.21 flt=0.06 dmap=+0/-0 shz=4.0 plan=5 cmd=(lx=+0.00,ly=+0.40,rx=+0.45)
  t= 72.0 DWA-F pos=(-4.79,+2.33) yaw=+117.8 d=0.72 goal_err=-33 carrot_err= -27 c0=1.05 clear=0.70 prog=0.29 rel=0.91 bal=-0.40 obs=257 hard=248 obsc=269 yr=  0  nz=0.09 flt=0.04 dmap=+2/-0 shz=4.0 plan=5 cmd=(lx=+0.00,ly=+0.40,rx=+0.00)
  t= 72.5 DWA-F pos=(-4.81,+2.37) yaw=+117.8 d=0.68 goal_err=-35 carrot_err= -29 c0=1.01 clear=0.68 prog=0.29 rel=0.92 bal=-0.41 obs=257 hard=249 obsc=270 yr=  0G nz=0.08 flt=0.00 dmap=+0/-0 shz=4.0 plan=5 cmd=(lx=+0.00,ly=+0.40,rx=+0.45)
  t= 72.9 DWA-F pos=(-4.83,+2.42) yaw=+112.9 d=0.63 goal_err=-32 carrot_err= -26 c0=0.97 clear=0.64 prog=0.29 rel=0.92 bal=-0.40 obs=257 hard=249 obsc=272 yr=  0  nz=0.09 flt=0.04 dmap=+0/-0 shz=3.9 plan=4 cmd=(lx=+0.00,ly=+0.40,rx=+0.00)
  t= 73.4 DWA-F pos=(-4.85,+2.46) yaw=+111.3 d=0.59 goal_err=-33 carrot_err= -27 c0=0.92 clear=0.61 prog=0.30 rel=0.90 bal=-0.40 obs=259 hard=248 obsc=271 yr= 15G nz=0.10 flt=0.01 dmap=+0/-0 shz=4.0 plan=4 cmd=(lx=+0.00,ly=+0.40,rx=+0.00)
  t= 73.8 DWA-F pos=(-4.87,+2.50) yaw=+109.7 d=0.56 goal_err=-34 carrot_err= -27 c0=0.88 clear=0.59 prog=0.30 rel=0.91 bal=-0.39 obs=255 hard=246 obsc=269 yr=  0G nz=0.09 flt=0.00 dmap=+0/-0 shz=3.9 plan=4 cmd=(lx=+0.00,ly=+0.40,rx=+0.45)
  t= 74.2 DWA-F pos=(-4.88,+2.54) yaw=+104.9 d=0.52 goal_err=-32 carrot_err= -25 c0=0.84 clear=0.56 prog=0.30 rel=0.92 bal=-0.38 obs=256 hard=245 obsc=264 yr=  0  nz=0.08 flt=0.09 dmap=+0/-0 shz=3.9 plan=3 cmd=(lx=+0.00,ly=+0.40,rx=+0.00)
  t= 74.7 DWA-F pos=(-4.89,+2.59) yaw=+101.7 d=0.48 goal_err=-32 carrot_err= -24 c0=0.95 clear=0.64 prog=0.30 rel=0.91 bal=-0.37 obs=253 hard=246 obsc=263 yr= 15G nz=0.09 flt=0.01 dmap=+0/-0 shz=4.0 plan=3 cmd=(lx=+0.00,ly=+0.28,rx=+0.45)
  t= 75.1 DWA-T pos=(-4.90,+2.61) yaw= +98.5 d=0.46 goal_err=-30 carrot_err= -22 c0=0.94 clear=0.62 prog=0.26 rel=0.91 bal=-0.17 obs=250 hard=243 obsc=259 yr=  0  nz=0.09 flt=0.01 dmap=+1/-4 shz=3.9 plan=3 cmd=(lx=+0.00,ly=+0.00,rx=+0.00)
  t= 75.5 DWA-T pos=(-4.90,+2.61) yaw= +98.5 d=0.46 goal_err=-30 carrot_err= -22 c0=0.94 clear=0.62 prog=0.20 rel=0.91 bal=-0.17 obs=250 hard=243 obsc=259 yr=  0  nz=0.10 flt=0.01 dmap=+0/-0 shz=3.9 plan=3 cmd=(lx=+0.00,ly=+0.00,rx=+0.00)
  t= 76.0 DWA-T pos=(-4.90,+2.61) yaw= +98.5 d=0.46 goal_err=-30 carrot_err= -22 c0=0.94 clear=0.62 prog=0.13 rel=0.91 bal=-0.17 obs=250 hard=243 obsc=259 yr=  0  nz=0.10 flt=0.01 dmap=+0/-0 shz=3.9 plan=3 cmd=(lx=+0.00,ly=+0.00,rx=+0.00)
  t= 76.4 BRK-BK pos=(-4.89,+2.60) yaw= +98.5 d=0.47 goal_err=-29 carrot_err= -22 c0=0.95 clear=0.63 prog=0.03 rel=0.91 bal=-0.17 obs=250 hard=243 obsc=259 yr=  0  nz=0.10 flt=0.01 dmap=+0/-0 shz=3.9 plan=0 cmd=(lx=+0.00,ly=-0.35,rx=+0.00)
  t= 76.8 BRK-TR pos=(-4.89,+2.56) yaw= +96.9 d=0.51 goal_err=-25 carrot_err= -18 c0=0.98 clear=0.66 prog=0.00 rel=1.00 bal=-0.17 obs=248 hard=241 obsc=257 yr= 15G nz=0.00 flt=0.05 dmap=+0/-0 shz=3.7 plan=0 cmd=(lx=+0.00,ly=+0.00,rx=+0.45)
  t= 77.2 BRK-TR pos=(-4.89,+2.56) yaw= +90.5 d=0.51 goal_err=-19 carrot_err= -12 c0=1.27 clear=0.85 prog=0.00 rel=0.87 bal=-0.18 obs=248 hard=242 obsc=257 yr= 15G nz=0.13 flt=0.11 dmap=+0/-0 shz=3.6 plan=0 cmd=(lx=+0.00,ly=+0.00,rx=+0.45)
  t= 77.7 BRK-TR pos=(-4.89,+2.56) yaw= +84.1 d=0.51 goal_err=-12 carrot_err=  -5 c0=1.09 clear=0.72 prog=0.00 rel=0.88 bal=-0.27 obs=249 hard=243 obsc=258 yr= 15G nz=0.12 flt=0.08 dmap=+0/-0 shz=3.7 plan=0 cmd=(lx=+0.00,ly=+0.00,rx=+0.45)
  t= 78.1 BRK-TR pos=(-4.89,+2.56) yaw= +77.6 d=0.51 goal_err=-6 carrot_err=  +1 c0=1.15 clear=0.77 prog=0.00 rel=0.88 bal=-0.31 obs=249 hard=243 obsc=258 yr= 15G nz=0.12 flt=0.00 dmap=+0/-0 shz=3.7 plan=0 cmd=(lx=+0.00,ly=+0.00,rx=+0.45)
  t= 78.5 BRK-TR pos=(-4.89,+2.56) yaw= +69.9 d=0.51 goal_err=+2 carrot_err=  +9 c0=1.09 clear=0.72 prog=0.00 rel=0.90 bal=-0.31 obs=249 hard=243 obsc=258 yr= 14G nz=0.10 flt=0.12 dmap=+0/-0 shz=3.7 plan=0 cmd=(lx=+0.00,ly=+0.00,rx=+0.45)
  t= 78.9 BRK-TR pos=(-4.89,+2.56) yaw= +63.9 d=0.51 goal_err=+8 carrot_err= +15 c0=1.09 clear=0.72 prog=0.00 rel=0.94 bal=-0.22 obs=249 hard=243 obsc=258 yr= 14G nz=0.06 flt=0.00 dmap=+0/-0 shz=3.7 plan=0 cmd=(lx=+0.00,ly=+0.00,rx=+0.45)
  t= 79.4 DWA-T pos=(-4.88,+2.57) yaw= +60.9 d=0.49 goal_err=+11 carrot_err= +18 c0=1.07 clear=0.71 prog=0.02 rel=0.94 bal=-0.22 obs=247 hard=240 obsc=257 yr=  0  nz=0.06 flt=0.06 dmap=+0/-2 shz=3.7 plan=3 cmd=(lx=+0.00,ly=+0.00,rx=+0.00)
  t= 79.8 DWA-T pos=(-4.88,+2.58) yaw= +60.9 d=0.49 goal_err=+11 carrot_err= +19 c0=1.07 clear=0.71 prog=0.04 rel=0.98 bal=-0.22 obs=247 hard=238 obsc=255 yr=  0  nz=0.02 flt=0.03 dmap=+0/-0 shz=3.7 plan=3 cmd=(lx=+0.00,ly=+0.00,rx=+0.00)
  t= 80.2 DWA-T pos=(-4.88,+2.58) yaw= +60.9 d=0.49 goal_err=+11 carrot_err= +19 c0=1.07 clear=0.71 prog=0.04 rel=0.98 bal=-0.22 obs=247 hard=238 obsc=255 yr=  0  nz=0.02 flt=0.03 dmap=+0/-0 shz=3.7 plan=3 cmd=(lx=+0.00,ly=+0.00,rx=+0.00)
  t= 80.7 DWA-T pos=(-4.88,+2.58) yaw= +60.9 d=0.49 goal_err=+11 carrot_err= +19 c0=1.07 clear=0.71 prog=0.04 rel=0.98 bal=-0.22 obs=247 hard=238 obsc=255 yr=  0  nz=0.02 flt=0.03 dmap=+0/-0 shz=3.7 plan=0 cmd=(lx=+0.00,ly=+0.00,rx=+0.00)
  t= 81.1 BRK-BK pos=(-4.89,+2.56) yaw= +60.9 d=0.51 goal_err=+11 carrot_err= +18 c0=1.09 clear=0.73 prog=0.00 rel=0.98 bal=-0.22 obs=244 hard=237 obsc=253 yr=  0  nz=0.02 flt=0.00 dmap=+0/-3 shz=3.4 plan=0 cmd=(lx=+0.00,ly=-0.35,rx=+0.00)
  t= 81.5 BRK-TR pos=(-4.90,+2.53) yaw= +57.9 d=0.53 goal_err=+13 carrot_err= +20 c0=1.12 clear=0.74 prog=0.00 rel=0.97 bal=-0.21 obs=244 hard=237 obsc=253 yr= 14G nz=0.03 flt=0.00 dmap=+0/-0 shz=3.4 plan=0 cmd=(lx=+0.00,ly=+0.00,rx=+0.45)
  t= 82.0 BRK-TR pos=(-4.90,+2.53) yaw= +50.5 d=0.53 goal_err=+21 carrot_err= +27 c0=1.12 clear=0.74 prog=0.00 rel=0.97 bal=-0.15 obs=244 hard=237 obsc=253 yr= 14G nz=0.03 flt=0.01 dmap=+0/-0 shz=3.4 plan=0 cmd=(lx=+0.00,ly=+0.00,rx=+0.45)
  t= 82.4 BRK-TR pos=(-4.90,+2.53) yaw= +44.5 d=0.53 goal_err=+27 carrot_err= +33 c0=1.12 clear=0.74 prog=0.00 rel=0.97 bal=-0.15 obs=244 hard=237 obsc=253 yr= 14G nz=0.03 flt=0.10 dmap=+0/-0 shz=3.4 plan=0 cmd=(lx=+0.00,ly=+0.00,rx=+0.45)
  t= 82.8 BRK-TR pos=(-4.90,+2.53) yaw= +38.6 d=0.53 goal_err=+33 carrot_err= +39 c0=1.12 clear=0.74 prog=0.00 rel=0.97 bal=-0.03 obs=244 hard=238 obsc=253 yr= 13G nz=0.03 flt=0.10 dmap=+0/-0 shz=3.4 plan=0 cmd=(lx=+0.00,ly=+0.00,rx=+0.45)
  t= 83.3 BRK-TR pos=(-4.90,+2.53) yaw= +32.6 d=0.53 goal_err=+39 carrot_err= +45 c0=1.12 clear=0.74 prog=0.00 rel=0.99 bal=+0.04 obs=244 hard=238 obsc=253 yr= 14G nz=0.01 flt=0.00 dmap=+0/-0 shz=3.4 plan=0 cmd=(lx=+0.00,ly=+0.00,rx=+0.45)
  t= 83.7 DWA-F pos=(-4.90,+2.53) yaw= +26.7 d=0.53 goal_err=+44 carrot_err= +51 c0=1.12 clear=0.74 prog=0.00 rel=0.98 bal=+0.04 obs=244 hard=238 obsc=253 yr= 14G nz=0.01 flt=0.13 dmap=+0/-0 shz=3.4 plan=3 cmd=(lx=+0.00,ly=+0.28,rx=-0.45)
  t= 84.1 DWA-F pos=(-4.88,+2.54) yaw= +28.1 d=0.52 goal_err=+45 carrot_err= +51 c0=1.10 clear=0.73 prog=0.03 rel=0.91 bal=+0.04 obs=244 hard=238 obsc=253 yr= 14G nz=0.09 flt=0.01 dmap=+0/-0 shz=3.4 plan=3 cmd=(lx=+0.00,ly=+0.28,rx=-0.45)
  t= 84.6 DWA-F pos=(-4.86,+2.56) yaw= +34.1 d=0.50 goal_err=+41 carrot_err= +48 c0=1.07 clear=0.71 prog=0.06 rel=0.84 bal=+0.05 obs=244 hard=238 obsc=253 yr= 14G nz=0.11 flt=0.21 dmap=+0/-0 shz=3.4 plan=3 cmd=(lx=+0.00,ly=+0.28,rx=-0.45)
  t= 85.0 DWA-F pos=(-4.84,+2.57) yaw= +40.1 d=0.48 goal_err=+37 carrot_err= +45 c0=1.04 clear=0.69 prog=0.10 rel=0.87 bal=-0.01 obs=246 hard=239 obsc=254 yr= 13G nz=0.13 flt=0.08 dmap=+0/-0 shz=3.4 plan=3 cmd=(lx=+0.00,ly=+0.28,rx=-0.45)
  t= 85.4 DWA-F pos=(-4.81,+2.60) yaw= +47.5 d=0.45 goal_err=+32 carrot_err= +41 c0=1.01 clear=0.67 prog=0.14 rel=0.86 bal=-0.01 obs=247 hard=240 obsc=255 yr= 14G nz=0.14 flt=0.21 dmap=+0/-0 shz=3.4 plan=3 cmd=(lx=+0.00,ly=+0.28,rx=-0.45)
  t= 85.9 DWA-F pos=(-4.79,+2.62) yaw= +53.5 d=0.43 goal_err=+28 carrot_err= +38 c0=0.98 clear=0.65 prog=0.18 rel=0.91 bal=-0.12 obs=248 hard=241 obsc=256 yr= 14G nz=0.08 flt=0.03 dmap=+0/-0 shz=3.4 plan=3 cmd=(lx=+0.00,ly=+0.28,rx=-0.45)
  t= 86.3 DWA-T pos=(-4.78,+2.64) yaw= +59.4 d=0.40 goal_err=+24 carrot_err= +34 c0=0.95 clear=0.64 prog=0.19 rel=0.92 bal=-0.11 obs=249 hard=242 obsc=257 yr= 14G nz=0.08 flt=0.02 dmap=+0/-0 shz=3.4 plan=3 cmd=(lx=+0.00,ly=+0.00,rx=+0.00)

  >>> MODO AGRESIVO ON (12s sin acercarse a B): reduzco inflado y holgura (min seguridad 0.24m) para cruzar la puerta.
  t= 86.7 AGR-DWA-T pos=(-4.77,+2.65) yaw= +60.9 d=0.39 goal_err=+23 carrot_err= +33 c0=0.95 clear=0.63 prog=0.16 rel=0.92 bal=-0.11 obs=240 hard=232 obsc=255 yr=  0  nz=0.08 flt=0.01 dmap=+3/-3 shz=3.4 plan=3 cmd=(lx=+0.00,ly=+0.00,rx=+0.00)
  t= 87.2 AGR-DWA-T pos=(-4.77,+2.65) yaw= +60.9 d=0.39 goal_err=+23 carrot_err= +33 c0=0.95 clear=0.63 prog=0.12 rel=0.93 bal=-0.11 obs=240 hard=232 obsc=255 yr=  0  nz=0.07 flt=0.01 dmap=+0/-0 shz=3.4 plan=3 cmd=(lx=+0.00,ly=+0.00,rx=+0.00)
  t= 87.6 AGR-DWA-T pos=(-4.77,+2.65) yaw= +60.9 d=0.39 goal_err=+23 carrot_err= +33 c0=0.95 clear=0.63 prog=0.07 rel=0.93 bal=-0.11 obs=240 hard=232 obsc=255 yr=  0  nz=0.07 flt=0.01 dmap=+0/-0 shz=3.4 plan=0 cmd=(lx=+0.00,ly=+0.00,rx=+0.00)
  t= 88.0 AGR-BRK-TR pos=(-4.79,+2.63) yaw= +60.9 d=0.42 goal_err=+21 carrot_err= +31 c0=0.97 clear=0.65 prog=0.00 rel=0.99 bal=-0.11 obs=237 hard=226 obsc=249 yr=  0  nz=0.01 flt=0.00 dmap=+0/-0 shz=3.2 plan=0 cmd=(lx=+0.00,ly=+0.00,rx=+0.45)
  t= 88.4 AGR-BRK-TR pos=(-4.79,+2.62) yaw= +56.1 d=0.43 goal_err=+26 carrot_err= +35 c0=0.98 clear=0.66 prog=0.00 rel=0.97 bal=-0.11 obs=237 hard=226 obsc=249 yr= 15G nz=0.03 flt=0.00 dmap=+0/-0 shz=3.2 plan=0 cmd=(lx=+0.00,ly=+0.00,rx=+0.45)
  t= 88.9 AGR-BRK-TR pos=(-4.79,+2.62) yaw= +49.7 d=0.43 goal_err=+32 carrot_err= +41 c0=0.98 clear=0.66 prog=0.00 rel=0.97 bal=-0.02 obs=237 hard=226 obsc=249 yr= 15G nz=0.03 flt=0.01 dmap=+0/-0 shz=3.2 plan=0 cmd=(lx=+0.00,ly=+0.00,rx=+0.45)
  t= 89.3 AGR-BRK-TR pos=(-4.79,+2.62) yaw= +41.7 d=0.43 goal_err=+40 carrot_err= +49 c0=0.98 clear=0.66 prog=0.00 rel=0.98 bal=+0.04 obs=237 hard=226 obsc=249 yr= 15G nz=0.02 flt=0.00 dmap=+0/-0 shz=3.2 plan=0 cmd=(lx=+0.00,ly=+0.00,rx=+0.45)
  t= 89.7 AGR-BRK-TR pos=(-4.79,+2.62) yaw= +35.4 d=0.43 goal_err=+46 carrot_err= +56 c0=0.98 clear=0.66 prog=0.00 rel=0.98 bal=+0.04 obs=237 hard=226 obsc=249 yr= 14G nz=0.02 flt=0.09 dmap=+0/-0 shz=3.2 plan=0 cmd=(lx=+0.00,ly=+0.00,rx=+0.45)
  t= 90.1 AGR-BRK-TR pos=(-4.79,+2.62) yaw= +29.4 d=0.43 goal_err=+52 carrot_err= +62 c0=0.98 clear=0.66 prog=0.00 rel=0.99 bal=+0.04 obs=237 hard=226 obsc=249 yr= 14G nz=0.01 flt=0.04 dmap=+0/-0 shz=3.2 plan=0 cmd=(lx=+0.00,ly=+0.00,rx=+0.45)
  t= 90.6 AGR-DWA-F pos=(-4.79,+2.62) yaw= +23.4 d=0.43 goal_err=+58 carrot_err= +68 c0=1.11 clear=0.74 prog=0.00 rel=0.90 bal=+0.04 obs=237 hard=226 obsc=249 yr= 14G nz=0.10 flt=0.00 dmap=+0/-0 shz=3.2 plan=3 cmd=(lx=+0.00,ly=+0.28,rx=-0.45)
  t= 91.0 AGR-DWA-F pos=(-4.76,+2.63) yaw= +30.9 d=0.41 goal_err=+55 carrot_err= +65 c0=0.95 clear=0.64 prog=0.03 rel=0.89 bal=+0.03 obs=237 hard=226 obsc=249 yr= 14G nz=0.11 flt=0.32 dmap=+0/-0 shz=3.2 plan=3 cmd=(lx=+0.00,ly=+0.28,rx=-0.45)
  t= 91.4 AGR-DWA-F pos=(-4.74,+2.65) yaw= +36.9 d=0.39 goal_err=+52 carrot_err= +63 c0=0.93 clear=0.62 prog=0.06 rel=0.88 bal=+0.06 obs=237 hard=226 obsc=249 yr= 13G nz=0.12 flt=0.05 dmap=+0/-0 shz=3.2 plan=3 cmd=(lx=+0.00,ly=+0.28,rx=-0.45)
  t= 91.9 AGR-DWA-F pos=(-4.72,+2.66) yaw= +42.8 d=0.38 goal_err=+49 carrot_err= +61 c0=0.90 clear=0.60 prog=0.09 rel=0.84 bal=+0.07 obs=238 hard=227 obsc=250 yr= 14G nz=0.14 flt=0.18 dmap=+0/-0 shz=3.2 plan=3 cmd=(lx=+0.00,ly=+0.28,rx=-0.45)
  t= 92.3 AGR-DWA-F pos=(-4.70,+2.68) yaw= +48.8 d=0.36 goal_err=+47 carrot_err= +59 c0=0.87 clear=0.58 prog=0.12 rel=0.94 bal=+0.07 obs=238 hard=227 obsc=250 yr= 14G nz=0.06 flt=0.05 dmap=+0/-0 shz=3.3 plan=3 cmd=(lx=+0.00,ly=+0.28,rx=-0.45)

  LLEGADO a 'B' (-4.73,+3.04); error=0.35 m, colisiones=0.
  [spill] derrames=0 E[N]=0.00 eta_max=0.87 riesgo=0.9%
  [dataset] travesia guardada -> /Users/adrianlendinezibanez/Claude/Projects/G1 ROBOT/dataset/20260708_124004_ours_B.json
  [stats] fila anadida -> /Users/adrianlendinezibanez/Claude/Projects/G1 ROBOT/dataset/runs_stats.csv

Fin goto.
  [META2-L2] estado guardado (meta2_state_extsmoke.json): Pl={'Efficient_Nav': 1.0, 'Cautious_Nav': 1.0} derrames_run=0
  backend grafico: TkAgg
>>> SIM ADAPTER: conectando a rosbridge ws://localhost:8765 ...
  esperando /odom (hasta 30s; el mundo del lab tarda en cargar)... ok
  /odom OK pose=(+0.99,+0.57) | /scan: OK
  escenario LAB: mapa/waypoints/puerta REALES (lab.world solo-paredes, frame G1)

>>> GOTO 'B' -> (-4.73,+3.04). Mando en mano (L2+B). Ctrl+C aborta.
    ENTORNO: SIM (id: lab_v1_extsmoke)  — esta run se registra como SIMULACION, no cuenta como run de robot
  Esperando pose localizada y primera nube... ok.
  FRAME-CHECK start=(+0.99,+0.57) wp_mas_cercano=A(+0.99,+0.57) offset=0.00m  -> frame OK (pose y waypoints alineados)
  [spill] payload de agua simulado (semilla=20260708_124415_ours_B.json)
  [META2-DOOR] variante de engagement: Door_Direct (Pl={Door_Direct:1.00, Door_Far:1.00, Door_BiasPlus:1.00})
  META2 ACTIVO (techo por analogia): Meta-Reasoner 2.0, analogia inicial Cautious_Nav

  !!!!!!!!!!!!!!!!!!!!!!!!!!!!!!!!!!!!!!!!!!!!!!!!!!!!!!!!!!!!!!!!!!!!!!!!!!
  !!  VISION OFF (G1_PERC sin definir) pero G1_NOVIS=1: navego SIN vision bajo tu responsabilidad.
  !!  La MESA invisible al LiDAR no se vera.
  !!!!!!!!!!!!!!!!!!!!!!!!!!!!!!!!!!!!!!!!!!!!!!!!!!!!!!!!!!!!!!!!!!!!!!!!!!

  mapa de referencia: 961 celdas | muebles estaticos (nav_map): 0 celdas | plan global: static
  t=  0.0 DWA-F pos=(+0.99,+0.57) yaw=-120.3 d=6.23 goal_err=-83 carrot_err= -62 c0=2.25 clear=1.00 prog=0.00 rel=1.00 bal=+0.19 obs=108 hard=108 obsc=108 yr=  0  nz=0.00 flt=0.19 dmap=+108/-0 shz=0.0 plan=34 cmd=(lx=+0.00,ly=+0.40,rx=+0.45)
  t=  0.4 DWA-F pos=(+0.97,+0.53) yaw=-125.1 d=6.22 goal_err=-79 carrot_err= -60 c0=2.21 clear=1.00 prog=0.05 rel=0.98 bal=+0.28 obs=111 hard=111 obsc=111 yr= 15G nz=0.02 flt=0.03 dmap=+0/-0 shz=4.6 plan=34 cmd=(lx=+0.00,ly=+0.40,rx=+0.45)
  t=  0.9 DWA-F pos=(+0.92,+0.47) yaw=-133.2 d=6.21 goal_err=-71 carrot_err= -57 c0=2.19 clear=1.00 prog=0.10 rel=0.95 bal=+0.41 obs=111 hard=111 obsc=111 yr= 30G nz=0.05 flt=0.01 dmap=+0/-0 shz=4.6 plan=34 cmd=(lx=+0.00,ly=+0.40,rx=+0.45)
  t=  1.3 DWA-F pos=(+0.88,+0.43) yaw=-139.6 d=6.18 goal_err=-65 carrot_err= -38 c0=2.50 clear=1.00 prog=0.12 rel=0.95 bal=+0.41 obs=112 hard=112 obsc=112 yr= 15G nz=0.05 flt=0.03 dmap=+0/-0 shz=4.2 plan=34 cmd=(lx=+0.00,ly=+0.40,rx=+0.45)
  t=  1.7 DWA-F pos=(+0.83,+0.39) yaw=-144.4 d=6.16 goal_err=-61 carrot_err= -36 c0=2.50 clear=1.00 prog=0.14 rel=0.80 bal=+0.42 obs=126 hard=126 obsc=156 yr=  0  nz=0.20 flt=0.02 dmap=+0/-0 shz=4.3 plan=33 cmd=(lx=+0.00,ly=+0.40,rx=+0.00)
  t=  2.2 DWA-F pos=(+0.78,+0.36) yaw=-147.6 d=6.13 goal_err=-58 carrot_err= -35 c0=2.50 clear=1.00 prog=0.17 rel=0.78 bal=+0.42 obs=126 hard=126 obsc=156 yr= 15G nz=0.23 flt=0.02 dmap=+0/-0 shz=4.2 plan=33 cmd=(lx=+0.00,ly=+0.40,rx=+0.00)
  t=  2.6 DWA-F pos=(+0.73,+0.33) yaw=-149.2 d=6.10 goal_err=-57 carrot_err= -36 c0=2.50 clear=1.00 prog=0.21 rel=0.84 bal=+0.43 obs=146 hard=132 obsc=165 yr=  0  nz=0.16 flt=0.00 dmap=+0/-0 shz=4.0 plan=33 cmd=(lx=+0.00,ly=+0.40,rx=+0.45)
  t=  3.0 DWA-F pos=(+0.69,+0.31) yaw=-154.0 d=6.07 goal_err=-53 carrot_err= -32 c0=2.50 clear=1.00 prog=0.21 rel=0.98 bal=+0.43 obs=146 hard=132 obsc=165 yr= 14  nz=0.01 flt=0.26 dmap=+0/-0 shz=4.1 plan=32 cmd=(lx=+0.00,ly=+0.40,rx=+0.00)
  t=  3.5 DWA-F pos=(+0.65,+0.29) yaw=-154.0 d=6.04 goal_err=-53 carrot_err= -34 c0=2.50 clear=1.00 prog=0.22 rel=0.99 bal=+0.44 obs=158 hard=138 obsc=170 yr=  0  nz=0.01 flt=0.01 dmap=+2/-0 shz=4.0 plan=32 cmd=(lx=+0.00,ly=+0.40,rx=+0.00)
  t=  3.9 DWA-F pos=(+0.61,+0.27) yaw=-154.0 d=6.02 goal_err=-53 carrot_err= -35 c0=2.50 clear=1.00 prog=0.21 rel=0.99 bal=+0.36 obs=159 hard=151 obsc=170 yr=  0  nz=0.01 flt=0.00 dmap=+2/-0 shz=4.1 plan=32 cmd=(lx=+0.00,ly=+0.40,rx=+0.00)
  t=  4.3 DWA-F pos=(+0.57,+0.25) yaw=-154.0 d=5.99 goal_err=-54 carrot_err= -37 c0=2.50 clear=1.00 prog=0.21 rel=0.99 bal=+0.37 obs=160 hard=156 obsc=172 yr=  0  nz=0.01 flt=0.01 dmap=+0/-0 shz=4.0 plan=32 cmd=(lx=+0.00,ly=+0.40,rx=+0.45)
  t=  4.8 DWA-F pos=(+0.52,+0.22) yaw=-157.2 d=5.96 goal_err=-51 carrot_err= -21 c0=2.50 clear=1.00 prog=0.21 rel=0.99 bal=+0.39 obs=161 hard=156 obsc=173 yr=  0  nz=0.01 flt=0.13 dmap=+0/-0 shz=4.1 plan=32 cmd=(lx=+0.00,ly=+0.40,rx=+0.00)
  t=  5.2 DWA-F pos=(+0.48,+0.21) yaw=-157.2 d=5.93 goal_err=-51 carrot_err= -22 c0=2.50 clear=1.00 prog=0.22 rel=0.98 bal=+0.40 obs=161 hard=162 obsc=174 yr=  0  nz=0.01 flt=0.00 dmap=+0/-1 shz=4.0 plan=32 cmd=(lx=+0.00,ly=+0.40,rx=+0.00)
  t=  5.6 DWA-F pos=(+0.44,+0.19) yaw=-157.2 d=5.90 goal_err=-52 carrot_err= -23 c0=2.50 clear=1.00 prog=0.22 rel=0.99 bal=+0.41 obs=162 hard=162 obsc=174 yr=  0  nz=0.01 flt=0.02 dmap=+0/-0 shz=4.1 plan=32 cmd=(lx=+0.00,ly=+0.40,rx=+0.00)
  t=  6.1 DWA-F pos=(+0.40,+0.17) yaw=-157.2 d=5.88 goal_err=-52 carrot_err= -25 c0=2.50 clear=1.00 prog=0.22 rel=0.99 bal=+0.42 obs=163 hard=163 obsc=176 yr=  0  nz=0.01 flt=0.00 dmap=+0/-0 shz=4.0 plan=31 cmd=(lx=+0.00,ly=+0.40,rx=+0.00)
  t=  6.5 DWA-F pos=(+0.36,+0.16) yaw=-157.2 d=5.85 goal_err=-52 carrot_err= -26 c0=2.50 clear=1.00 prog=0.21 rel=0.99 bal=+0.43 obs=164 hard=163 obsc=176 yr=  0  nz=0.01 flt=0.00 dmap=+1/-0 shz=4.0 plan=31 cmd=(lx=+0.00,ly=+0.40,rx=+0.00)
  t=  6.9 DWA-F pos=(+0.31,+0.13) yaw=-157.2 d=5.81 goal_err=-53 carrot_err= -28 c0=2.50 clear=1.00 prog=0.22 rel=0.99 bal=+0.44 obs=165 hard=165 obsc=177 yr=  0  nz=0.01 flt=0.00 dmap=+0/-0 shz=4.0 plan=31 cmd=(lx=+0.00,ly=+0.40,rx=+0.00)
  t=  7.4 DWA-F pos=(+0.27,+0.12) yaw=-157.2 d=5.79 goal_err=-53 carrot_err= -15 c0=2.50 clear=1.00 prog=0.22 rel=0.98 bal=+0.45 obs=165 hard=164 obsc=177 yr=  0  nz=0.02 flt=0.00 dmap=+0/-0 shz=4.0 plan=31 cmd=(lx=+0.00,ly=+0.40,rx=+0.00)
  t=  7.8 DWA-F pos=(+0.22,+0.10) yaw=-157.2 d=5.76 goal_err=-53 carrot_err= -16 c0=2.50 clear=1.00 prog=0.22 rel=0.98 bal=+0.45 obs=164 hard=166 obsc=177 yr=  0  nz=0.01 flt=0.00 dmap=+0/-0 shz=4.0 plan=30 cmd=(lx=+0.00,ly=+0.40,rx=+0.00)
  t=  8.2 DWA-F pos=(+0.18,+0.08) yaw=-157.2 d=5.73 goal_err=-54 carrot_err= -17 c0=2.50 clear=1.00 prog=0.22 rel=0.98 bal=+0.46 obs=167 hard=168 obsc=179 yr=  0  nz=0.01 flt=0.00 dmap=+0/-0 shz=4.0 plan=30 cmd=(lx=+0.00,ly=+0.40,rx=+0.00)
  t=  8.7 DWA-F pos=(+0.13,+0.06) yaw=-157.2 d=5.70 goal_err=-54 carrot_err= -18 c0=2.48 clear=1.00 prog=0.21 rel=0.99 bal=+0.39 obs=168 hard=169 obsc=180 yr=  0  nz=0.01 flt=0.00 dmap=+0/-0 shz=4.0 plan=30 cmd=(lx=+0.00,ly=+0.40,rx=+0.00)
  t=  9.1 DWA-F pos=(+0.09,+0.04) yaw=-157.2 d=5.68 goal_err=-55 carrot_err= -20 c0=2.43 clear=1.00 prog=0.21 rel=0.96 bal=+0.40 obs=168 hard=168 obsc=179 yr=  0  nz=0.04 flt=0.00 dmap=+0/-0 shz=4.0 plan=29 cmd=(lx=+0.00,ly=+0.40,rx=+0.00)
  t=  9.5 DWA-F pos=(+0.05,+0.03) yaw=-157.2 d=5.65 goal_err=-55 carrot_err= -21 c0=2.39 clear=1.00 prog=0.21 rel=0.94 bal=+0.40 obs=168 hard=169 obsc=181 yr=  0  nz=0.06 flt=0.00 dmap=+2/-2 shz=4.0 plan=29 cmd=(lx=+0.00,ly=+0.40,rx=+0.00)
  t= 10.0 DWA-F pos=(+0.01,+0.01) yaw=-157.2 d=5.63 goal_err=-55 carrot_err= -22 c0=2.35 clear=1.00 prog=0.21 rel=0.92 bal=+0.40 obs=170 hard=171 obsc=182 yr=  0  nz=0.08 flt=0.01 dmap=+0/-0 shz=4.0 plan=29 cmd=(lx=+0.00,ly=+0.40,rx=+0.00)
  t= 10.4 DWA-F pos=(-0.03,-0.01) yaw=-157.2 d=5.60 goal_err=-56 carrot_err= -23 c0=2.30 clear=1.00 prog=0.21 rel=0.92 bal=+0.42 obs=170 hard=171 obsc=182 yr=  0  nz=0.08 flt=0.00 dmap=+0/-0 shz=4.0 plan=29 cmd=(lx=+0.00,ly=+0.40,rx=+0.00)
  t= 10.8 DWA-F pos=(-0.07,-0.02) yaw=-157.2 d=5.58 goal_err=-56 carrot_err= -25 c0=2.26 clear=1.00 prog=0.20 rel=0.91 bal=+0.44 obs=173 hard=174 obsc=185 yr=  0  nz=0.09 flt=0.01 dmap=+0/-0 shz=4.0 plan=29 cmd=(lx=+0.00,ly=+0.40,rx=+0.00)
  t= 11.3 DWA-F pos=(-0.12,-0.05) yaw=-157.2 d=5.54 goal_err=-57 carrot_err= -26 c0=2.20 clear=1.00 prog=0.20 rel=0.91 bal=+0.46 obs=174 hard=175 obsc=185 yr=  0  nz=0.09 flt=0.00 dmap=+3/-2 shz=4.0 plan=29 cmd=(lx=+0.00,ly=+0.40,rx=+0.00)
  t= 11.7 DWA-F pos=(-0.16,-0.06) yaw=-157.2 d=5.52 goal_err=-57 carrot_err= -27 c0=2.16 clear=1.00 prog=0.20 rel=0.92 bal=+0.48 obs=175 hard=173 obsc=184 yr=  0  nz=0.09 flt=0.01 dmap=+0/-0 shz=4.0 plan=29 cmd=(lx=+0.00,ly=+0.40,rx=+0.00)
  t= 12.1 DWA-F pos=(-0.21,-0.08) yaw=-157.2 d=5.50 goal_err=-57 carrot_err= -29 c0=2.12 clear=1.00 prog=0.20 rel=0.92 bal=+0.49 obs=175 hard=173 obsc=185 yr=  0  nz=0.08 flt=0.04 dmap=+0/-0 shz=4.0 plan=28 cmd=(lx=+0.00,ly=+0.40,rx=+0.00)
  t= 12.6 DWA-F pos=(-0.26,-0.10) yaw=-157.2 d=5.47 goal_err=-58 carrot_err= -31 c0=2.06 clear=1.00 prog=0.21 rel=0.92 bal=+0.51 obs=176 hard=173 obsc=184 yr=  0  nz=0.08 flt=0.00 dmap=+1/-0 shz=4.0 plan=28 cmd=(lx=+0.00,ly=+0.40,rx=+0.00)
  t= 13.0 DWA-F pos=(-0.30,-0.12) yaw=-157.2 d=5.44 goal_err=-58 carrot_err= -32 c0=2.02 clear=1.00 prog=0.19 rel=0.92 bal=+0.52 obs=176 hard=175 obsc=185 yr=  0  nz=0.08 flt=0.01 dmap=+0/-1 shz=4.0 plan=28 cmd=(lx=+0.00,ly=+0.40,rx=+0.00)
  t= 13.4 DWA-F pos=(-0.34,-0.14) yaw=-157.2 d=5.42 goal_err=-59 carrot_err= -32 c0=1.97 clear=1.00 prog=0.19 rel=0.92 bal=+0.53 obs=177 hard=175 obsc=185 yr=  0  nz=0.09 flt=0.02 dmap=+0/-0 shz=4.0 plan=28 cmd=(lx=+0.00,ly=+0.40,rx=+0.00)
  t= 13.9 DWA-F pos=(-0.38,-0.15) yaw=-157.2 d=5.40 goal_err=-59 carrot_err= -33 c0=1.93 clear=1.00 prog=0.19 rel=0.93 bal=+0.53 obs=177 hard=177 obsc=186 yr=  0  nz=0.07 flt=0.00 dmap=+0/-0 shz=4.0 plan=27 cmd=(lx=+0.00,ly=+0.40,rx=+0.00)
  t= 14.3 DWA-F pos=(-0.42,-0.17) yaw=-157.2 d=5.37 goal_err=-59 carrot_err= -35 c0=1.89 clear=1.00 prog=0.19 rel=0.92 bal=+0.54 obs=176 hard=176 obsc=185 yr=  0  nz=0.08 flt=0.02 dmap=+0/-1 shz=4.0 plan=27 cmd=(lx=+0.00,ly=+0.40,rx=+0.00)
  t= 14.7 DWA-F pos=(-0.47,-0.19) yaw=-157.2 d=5.35 goal_err=-60 carrot_err= -38 c0=1.83 clear=1.00 prog=0.18 rel=0.91 bal=+0.55 obs=178 hard=176 obsc=187 yr=  0G nz=0.09 flt=0.00 dmap=+0/-0 shz=4.0 plan=27 cmd=(lx=+0.00,ly=+0.40,rx=+0.45)
  t= 15.2 DWA-F pos=(-0.51,-0.21) yaw=-162.0 d=5.32 goal_err=-56 carrot_err= -43 c0=1.79 clear=1.00 prog=0.19 rel=0.91 bal=+0.55 obs=195 hard=187 obsc=212 yr=  0  nz=0.09 flt=0.12 dmap=+0/-0 shz=4.0 plan=26 cmd=(lx=+0.00,ly=+0.40,rx=+0.45)
  t= 15.6 DWA-F pos=(-0.56,-0.22) yaw=-166.8 d=5.30 goal_err=-51 carrot_err= -40 c0=1.75 clear=1.00 prog=0.19 rel=0.91 bal=+0.56 obs=195 hard=187 obsc=212 yr= 15G nz=0.09 flt=0.04 dmap=+0/-0 shz=4.0 plan=26 cmd=(lx=+0.00,ly=+0.40,rx=+0.45)
  t= 16.0 DWA-F pos=(-0.60,-0.23) yaw=-170.1 d=5.27 goal_err=-48 carrot_err= -38 c0=1.70 clear=1.00 prog=0.20 rel=0.91 bal=+0.56 obs=211 hard=197 obsc=219 yr=  0  nz=0.09 flt=0.06 dmap=+3/-2 shz=4.0 plan=26 cmd=(lx=+0.00,ly=+0.40,rx=+0.00)
  t= 16.5 DWA-F pos=(-0.64,-0.24) yaw=-171.7 d=5.24 goal_err=-47 carrot_err= -38 c0=1.83 clear=1.00 prog=0.21 rel=0.91 bal=+0.56 obs=211 hard=197 obsc=219 yr= 15G nz=0.09 flt=0.01 dmap=+0/-0 shz=4.0 plan=26 cmd=(lx=+0.00,ly=+0.40,rx=+0.00)
  t= 16.9 DWA-F pos=(-0.70,-0.24) yaw=-174.9 d=5.20 goal_err=-44 carrot_err= -37 c0=1.86 clear=1.00 prog=0.23 rel=0.87 bal=+0.53 obs=214 hard=198 obsc=219 yr=  0  nz=0.13 flt=0.01 dmap=+0/-0 shz=4.0 plan=26 cmd=(lx=+0.00,ly=+0.40,rx=+0.00)
  t= 17.4 DWA-F pos=(-0.74,-0.25) yaw=-176.5 d=5.17 goal_err=-43 carrot_err= -38 c0=1.82 clear=1.00 prog=0.24 rel=0.87 bal=+0.54 obs=207 hard=201 obsc=219 yr= 15G nz=0.13 flt=0.13 dmap=+0/-0 shz=3.9 plan=26 cmd=(lx=+0.00,ly=+0.40,rx=+0.00)
  t= 17.8 DWA-F pos=(-0.79,-0.25) yaw=-178.1 d=5.13 goal_err=-42 carrot_err= -38 c0=1.78 clear=1.00 prog=0.25 rel=0.92 bal=+0.55 obs=212 hard=195 obsc=220 yr=  0G nz=0.08 flt=0.08 dmap=+1/-0 shz=4.0 plan=26 cmd=(lx=+0.00,ly=+0.40,rx=+0.45)
  t= 18.2 DWA-F pos=(-0.83,-0.25) yaw=+178.7 d=5.10 goal_err=-39 carrot_err= -29 c0=1.92 clear=1.00 prog=0.26 rel=0.89 bal=+0.55 obs=210 hard=199 obsc=217 yr=  0  nz=0.11 flt=0.01 dmap=+0/-0 shz=4.0 plan=25 cmd=(lx=+0.00,ly=+0.40,rx=+0.00)
  t= 18.7 DWA-F pos=(-0.89,-0.25) yaw=+178.7 d=5.06 goal_err=-39 carrot_err= -31 c0=1.91 clear=1.00 prog=0.28 rel=0.89 bal=+0.54 obs=210 hard=199 obsc=215 yr=  0  nz=0.11 flt=0.01 dmap=+0/-0 shz=4.0 plan=25 cmd=(lx=+0.00,ly=+0.40,rx=+0.00)
  t= 19.1 DWA-F pos=(-0.93,-0.25) yaw=+178.7 d=5.02 goal_err=-40 carrot_err= -32 c0=1.87 clear=1.00 prog=0.27 rel=0.90 bal=+0.52 obs=205 hard=197 obsc=212 yr=  0  nz=0.10 flt=0.01 dmap=+0/-3 shz=4.0 plan=25 cmd=(lx=+0.00,ly=+0.40,rx=+0.00)
  t= 19.5 DWA-F pos=(-0.98,-0.24) yaw=+178.7 d=4.99 goal_err=-40 carrot_err= -34 c0=1.83 clear=1.00 prog=0.28 rel=0.95 bal=+0.35 obs=205 hard=194 obsc=209 yr=  0  nz=0.05 flt=0.01 dmap=+0/-0 shz=4.0 plan=25 cmd=(lx=+0.00,ly=+0.40,rx=+0.00)
  t= 20.0 DWA-F pos=(-1.02,-0.24) yaw=+178.7 d=4.95 goal_err=-40 carrot_err= -38 c0=1.78 clear=1.00 prog=0.28 rel=0.94 bal=+0.34 obs=206 hard=194 obsc=210 yr=  0  nz=0.06 flt=0.01 dmap=+0/-0 shz=3.9 plan=24 cmd=(lx=+0.00,ly=+0.40,rx=+0.45)
  t= 20.4 DWA-F pos=(-1.06,-0.24) yaw=+175.5 d=4.92 goal_err=-37 carrot_err= -37 c0=1.74 clear=1.00 prog=0.28 rel=0.93 bal=+0.32 obs=207 hard=195 obsc=212 yr=  0  nz=0.07 flt=0.01 dmap=+1/-0 shz=3.9 plan=24 cmd=(lx=+0.00,ly=+0.40,rx=+0.00)
  t= 20.8 DWA-F pos=(-1.12,-0.24) yaw=+173.9 d=4.88 goal_err=-36 carrot_err= -37 c0=1.68 clear=1.00 prog=0.28 rel=0.92 bal=+0.31 obs=207 hard=194 obsc=211 yr= 15G nz=0.08 flt=0.13 dmap=+0/-0 shz=4.0 plan=24 cmd=(lx=+0.00,ly=+0.40,rx=+0.45)
  t= 21.3 DWA-F pos=(-1.16,-0.23) yaw=+170.7 d=4.84 goal_err=-33 carrot_err= -28 c0=1.64 clear=1.00 prog=0.28 rel=0.91 bal=+0.30 obs=209 hard=197 obsc=213 yr=  0  nz=0.09 flt=0.02 dmap=+0/-0 shz=3.9 plan=23 cmd=(lx=+0.00,ly=+0.40,rx=+0.00)
  t= 21.7 DWA-F pos=(-1.21,-0.22) yaw=+170.7 d=4.80 goal_err=-34 carrot_err= -29 c0=1.59 clear=1.00 prog=0.29 rel=0.91 bal=+0.29 obs=210 hard=197 obsc=215 yr=  0  nz=0.09 flt=0.01 dmap=+0/-0 shz=4.0 plan=23 cmd=(lx=+0.00,ly=+0.40,rx=+0.00)
  t= 22.2 DWA-F pos=(-1.25,-0.22) yaw=+170.7 d=4.77 goal_err=-34 carrot_err= -30 c0=1.55 clear=1.00 prog=0.29 rel=0.90 bal=+0.28 obs=209 hard=196 obsc=214 yr=  0  nz=0.10 flt=0.00 dmap=+1/-1 shz=3.9 plan=23 cmd=(lx=+0.00,ly=+0.40,rx=+0.00)
  t= 22.6 DWA-F pos=(-1.31,-0.21) yaw=+170.7 d=4.72 goal_err=-34 carrot_err= -32 c0=1.49 clear=1.00 prog=0.30 rel=0.91 bal=+0.26 obs=208 hard=194 obsc=213 yr=  0  nz=0.09 flt=0.01 dmap=+0/-1 shz=4.0 plan=23 cmd=(lx=+0.00,ly=+0.40,rx=+0.00)
  t= 23.0 DWA-F pos=(-1.35,-0.20) yaw=+170.7 d=4.68 goal_err=-34 carrot_err= -16 c0=1.45 clear=0.97 prog=0.30 rel=0.90 bal=+0.26 obs=206 hard=194 obsc=212 yr=  0  nz=0.10 flt=0.00 dmap=+0/-0 shz=3.9 plan=22 cmd=(lx=+0.00,ly=+0.40,rx=+0.00)
  t= 23.5 DWA-F pos=(-1.39,-0.19) yaw=+170.7 d=4.65 goal_err=-35 carrot_err= -17 c0=1.41 clear=0.94 prog=0.30 rel=0.92 bal=+0.25 obs=208 hard=193 obsc=212 yr=  0  nz=0.08 flt=0.03 dmap=+0/-0 shz=4.0 plan=22 cmd=(lx=+0.00,ly=+0.40,rx=+0.00)
  t= 23.9 DWA-F pos=(-1.44,-0.19) yaw=+170.7 d=4.61 goal_err=-35 carrot_err= -18 c0=1.36 clear=0.91 prog=0.30 rel=0.91 bal=+0.25 obs=207 hard=194 obsc=211 yr=  0  nz=0.09 flt=0.01 dmap=+0/-0 shz=4.0 plan=22 cmd=(lx=+0.00,ly=+0.40,rx=+0.00)
  t= 24.3 DWA-F pos=(-1.48,-0.18) yaw=+170.7 d=4.57 goal_err=-35 carrot_err= -19 c0=1.32 clear=0.88 prog=0.30 rel=0.93 bal=+0.11 obs=208 hard=196 obsc=212 yr=  0  nz=0.07 flt=0.00 dmap=+0/-0 shz=4.0 plan=22 cmd=(lx=+0.00,ly=+0.40,rx=+0.00)
  t= 24.8 DWA-F pos=(-1.54,-0.17) yaw=+170.7 d=4.53 goal_err=-36 carrot_err= -20 c0=1.26 clear=0.84 prog=0.29 rel=0.91 bal=+0.10 obs=205 hard=194 obsc=209 yr=  0  nz=0.09 flt=0.01 dmap=+0/-0 shz=4.0 plan=22 cmd=(lx=+0.00,ly=+0.40,rx=+0.00)
  t= 25.2 DWA-F pos=(-1.58,-0.16) yaw=+170.7 d=4.49 goal_err=-36 carrot_err= -25 c0=1.22 clear=0.81 prog=0.29 rel=0.92 bal=+0.10 obs=207 hard=196 obsc=212 yr=  0  nz=0.08 flt=0.01 dmap=+0/-0 shz=4.0 plan=22 cmd=(lx=+0.00,ly=+0.40,rx=+0.00)
  t= 25.6 DWA-F pos=(-1.62,-0.16) yaw=+170.7 d=4.46 goal_err=-37 carrot_err= -26 c0=1.18 clear=0.79 prog=0.29 rel=0.92 bal=+0.10 obs=207 hard=196 obsc=213 yr=  0  nz=0.08 flt=0.01 dmap=+2/-2 shz=4.0 plan=22 cmd=(lx=+0.00,ly=+0.40,rx=+0.00)
  t= 26.1 DWA-F pos=(-1.67,-0.15) yaw=+170.7 d=4.42 goal_err=-37 carrot_err= -28 c0=1.13 clear=0.76 prog=0.29 rel=0.92 bal=+0.10 obs=209 hard=196 obsc=213 yr=  0  nz=0.09 flt=0.02 dmap=+0/-0 shz=4.0 plan=21 cmd=(lx=+0.00,ly=+0.40,rx=+0.00)
  t= 26.5 DWA-F pos=(-1.72,-0.14) yaw=+170.7 d=4.38 goal_err=-37 carrot_err= -29 c0=1.08 clear=0.72 prog=0.29 rel=0.92 bal=+0.10 obs=209 hard=199 obsc=213 yr=  0  nz=0.08 flt=0.00 dmap=+0/-0 shz=4.0 plan=21 cmd=(lx=+0.00,ly=+0.40,rx=+0.00)
  t= 26.9 DWA-F pos=(-1.77,-0.13) yaw=+170.7 d=4.34 goal_err=-38 carrot_err= -32 c0=1.04 clear=0.69 prog=0.29 rel=0.92 bal=+0.09 obs=207 hard=198 obsc=213 yr=  0  nz=0.08 flt=0.01 dmap=+0/-2 shz=4.0 plan=21 cmd=(lx=+0.00,ly=+0.40,rx=+0.00)
  t= 27.4 DWA-F pos=(-1.81,-0.13) yaw=+170.7 d=4.31 goal_err=-38 carrot_err= -24 c0=0.99 clear=0.66 prog=0.29 rel=0.92 bal=+0.09 obs=207 hard=196 obsc=213 yr=  0  nz=0.08 flt=0.01 dmap=+0/-0 shz=4.0 plan=20 cmd=(lx=+0.00,ly=+0.40,rx=+0.00)
  t= 27.8 DWA-F pos=(-1.85,-0.12) yaw=+170.7 d=4.27 goal_err=-38 carrot_err= -25 c0=0.95 clear=0.63 prog=0.28 rel=0.92 bal=+0.08 obs=210 hard=197 obsc=214 yr=  0  nz=0.08 flt=0.00 dmap=+0/-0 shz=4.0 plan=20 cmd=(lx=+0.00,ly=+0.40,rx=+0.00)
  t= 28.2 DWA-F pos=(-1.91,-0.11) yaw=+170.7 d=4.23 goal_err=-39 carrot_err= -27 c0=0.90 clear=0.60 prog=0.30 rel=0.93 bal=+0.07 obs=211 hard=198 obsc=214 yr=  0  nz=0.07 flt=0.01 dmap=+0/-0 shz=4.0 plan=20 cmd=(lx=+0.00,ly=+0.40,rx=+0.00)
  t= 28.7 DWA-F pos=(-1.95,-0.10) yaw=+170.7 d=4.19 goal_err=-39 carrot_err= -30 c0=0.85 clear=0.57 prog=0.28 rel=0.92 bal=+0.07 obs=209 hard=199 obsc=212 yr=  0  nz=0.08 flt=0.00 dmap=+0/-0 shz=4.0 plan=20 cmd=(lx=+0.00,ly=+0.40,rx=+0.00)
  t= 29.1 DWA-F pos=(-2.00,-0.09) yaw=+169.1 d=4.16 goal_err=-38 carrot_err= -30 c0=0.81 clear=0.54 prog=0.28 rel=0.92 bal=+0.06 obs=209 hard=199 obsc=213 yr= 15G nz=0.08 flt=0.02 dmap=+0/-0 shz=4.0 plan=19 cmd=(lx=+0.00,ly=+0.40,rx=+0.00)
  t= 29.6 DWA-F pos=(-2.04,-0.09) yaw=+167.5 d=4.12 goal_err=-37 carrot_err= -30 c0=0.77 clear=0.51 prog=0.28 rel=0.93 bal=+0.06 obs=211 hard=200 obsc=214 yr=  0  nz=0.07 flt=0.00 dmap=+0/-0 shz=4.0 plan=19 cmd=(lx=+0.00,ly=+0.40,rx=+0.00)
  t= 30.0 DWA-F pos=(-2.09,-0.07) yaw=+167.5 d=4.08 goal_err=-37 carrot_err= -31 c0=0.72 clear=0.48 prog=0.28 rel=0.93 bal=-0.07 obs=211 hard=199 obsc=215 yr=  0G nz=0.07 flt=0.02 dmap=+0/-0 shz=4.0 plan=19 cmd=(lx=+0.00,ly=+0.40,rx=+0.45)
  t= 30.4 DWA-F pos=(-2.14,-0.06) yaw=+164.3 d=4.04 goal_err=-34 carrot_err= -22 c0=0.87 clear=0.58 prog=0.28 rel=0.91 bal=-0.09 obs=214 hard=203 obsc=218 yr=  0  nz=0.09 flt=0.01 dmap=+3/-0 shz=4.0 plan=18 cmd=(lx=+0.00,ly=+0.40,rx=+0.00)
  t= 30.9 DWA-F pos=(-2.18,-0.05) yaw=+164.3 d=4.01 goal_err=-35 carrot_err= -23 c0=1.02 clear=0.68 prog=0.29 rel=0.81 bal=-0.24 obs=214 hard=203 obsc=217 yr=  0  nz=0.19 flt=0.01 dmap=+0/-0 shz=4.0 plan=18 cmd=(lx=+0.00,ly=+0.40,rx=+0.00)
  t= 31.3 DWA-F pos=(-2.22,-0.04) yaw=+164.3 d=3.97 goal_err=-35 carrot_err= -24 c0=0.98 clear=0.65 prog=0.29 rel=0.78 bal=-0.38 obs=214 hard=202 obsc=217 yr=  0  nz=0.22 flt=0.02 dmap=+0/-0 shz=4.0 plan=18 cmd=(lx=+0.00,ly=+0.40,rx=+0.00)
  t= 31.7 DWA-F pos=(-2.26,-0.03) yaw=+164.3 d=3.93 goal_err=-35 carrot_err= -25 c0=0.94 clear=0.62 prog=0.29 rel=0.91 bal=-0.52 obs=216 hard=204 obsc=222 yr=  0  nz=0.09 flt=0.02 dmap=+0/-0 shz=4.0 plan=18 cmd=(lx=+0.00,ly=+0.40,rx=+0.00)
  t= 32.2 DWA-F pos=(-2.32,-0.01) yaw=+164.3 d=3.89 goal_err=-36 carrot_err= -26 c0=0.88 clear=0.59 prog=0.29 rel=0.91 bal=-0.58 obs=218 hard=204 obsc=222 yr=  0  nz=0.09 flt=0.01 dmap=+1/-1 shz=4.0 plan=18 cmd=(lx=+0.00,ly=+0.40,rx=+0.00)
  t= 32.6 DWA-F pos=(-2.36,+0.00) yaw=+164.3 d=3.85 goal_err=-36 carrot_err= -27 c0=0.84 clear=0.56 prog=0.29 rel=0.91 bal=-0.51 obs=215 hard=205 obsc=221 yr=  0  nz=0.09 flt=0.03 dmap=+0/-0 shz=4.0 plan=18 cmd=(lx=+0.00,ly=+0.40,rx=+0.00)
  t= 33.0 DWA-F pos=(-2.40,+0.01) yaw=+164.3 d=3.82 goal_err=-37 carrot_err= -29 c0=0.80 clear=0.53 prog=0.29 rel=0.91 bal=-0.50 obs=215 hard=204 obsc=219 yr=  0  nz=0.09 flt=0.00 dmap=+0/-0 shz=4.0 plan=18 cmd=(lx=+0.00,ly=+0.40,rx=+0.00)
  t= 33.5 DWA-F pos=(-2.45,+0.03) yaw=+161.1 d=3.78 goal_err=-34 carrot_err= -27 c0=0.75 clear=0.50 prog=0.29 rel=0.92 bal=-0.50 obs=217 hard=206 obsc=221 yr= 15  nz=0.08 flt=0.03 dmap=+2/-0 shz=4.0 plan=17 cmd=(lx=+0.00,ly=+0.40,rx=+0.00)
  t= 33.9 DWA-F pos=(-2.50,+0.04) yaw=+159.5 d=3.74 goal_err=-33 carrot_err= -27 c0=0.70 clear=0.47 prog=0.29 rel=0.92 bal=-0.47 obs=217 hard=206 obsc=222 yr=  0  nz=0.08 flt=0.01 dmap=+1/-1 shz=4.0 plan=17 cmd=(lx=+0.00,ly=+0.40,rx=+0.00)
  t= 34.3 DWA-F pos=(-2.54,+0.06) yaw=+157.9 d=3.70 goal_err=-32 carrot_err= -27 c0=1.07 clear=0.71 prog=0.30 rel=0.91 bal=-0.47 obs=217 hard=206 obsc=222 yr= 15G nz=0.09 flt=0.03 dmap=+0/-0 shz=4.0 plan=17 cmd=(lx=+0.00,ly=+0.40,rx=+0.00)
  t= 34.7 ENG-F pos=(-2.58,+0.08) yaw=+156.3 d=3.66 goal_err=-30 carrot_err= -26 c0=1.03 clear=0.69 prog=0.30 rel=0.77 bal=-0.35 obs=226 hard=215 obsc=233 yr=  0  nz=0.23 flt=0.03 dmap=+0/-0 shz=4.0 plan=17 cmd=(lx=+0.00,ly=+0.28,rx=+0.00)
  t= 35.2 ENG-F pos=(-2.61,+0.09) yaw=+156.3 d=3.63 goal_err=-31 carrot_err= -27 c0=1.00 clear=0.66 prog=0.29 rel=0.77 bal=-0.35 obs=229 hard=216 obsc=235 yr=  0  nz=0.23 flt=0.02 dmap=+0/-0 shz=4.0 plan=17 cmd=(lx=+0.00,ly=+0.28,rx=+0.00)
  t= 35.6 ENG-F pos=(-2.64,+0.10) yaw=+156.3 d=3.60 goal_err=-31 carrot_err= -28 c0=0.96 clear=0.64 prog=0.26 rel=0.90 bal=-0.34 obs=230 hard=217 obsc=235 yr=  0  nz=0.10 flt=0.01 dmap=+0/-0 shz=4.0 plan=17 cmd=(lx=+0.00,ly=+0.28,rx=+0.00)
  t= 36.0 ENG-F pos=(-2.68,+0.12) yaw=+156.3 d=3.57 goal_err=-31 carrot_err= -29 c0=0.93 clear=0.62 prog=0.25 rel=0.94 bal=-0.39 obs=229 hard=217 obsc=233 yr=  0  nz=0.06 flt=0.01 dmap=+0/-0 shz=4.0 plan=17 cmd=(lx=+0.00,ly=+0.28,rx=+0.00)
  t= 36.5 ENG-F pos=(-2.71,+0.13) yaw=+156.3 d=3.54 goal_err=-31 carrot_err= -20 c0=0.89 clear=0.60 prog=0.24 rel=0.94 bal=-0.34 obs=229 hard=217 obsc=233 yr=  0  nz=0.06 flt=0.00 dmap=+1/-0 shz=4.0 plan=16 cmd=(lx=+0.00,ly=+0.28,rx=+0.00)
  t= 36.9 ENG-F pos=(-2.75,+0.15) yaw=+156.3 d=3.50 goal_err=-32 carrot_err= -21 c0=0.85 clear=0.57 prog=0.25 rel=0.94 bal=-0.34 obs=229 hard=217 obsc=234 yr=  0  nz=0.06 flt=0.00 dmap=+0/-0 shz=4.0 plan=16 cmd=(lx=+0.00,ly=+0.28,rx=+0.00)
  t= 37.3 ENG-F pos=(-2.78,+0.17) yaw=+156.3 d=3.47 goal_err=-32 carrot_err= -22 c0=0.82 clear=0.55 prog=0.25 rel=0.93 bal=-0.33 obs=229 hard=217 obsc=234 yr=  0  nz=0.07 flt=0.01 dmap=+0/-0 shz=4.0 plan=16 cmd=(lx=+0.00,ly=+0.28,rx=+0.00)
  t= 37.8 ENG-F pos=(-2.82,+0.18) yaw=+156.3 d=3.44 goal_err=-32 carrot_err= -23 c0=0.78 clear=0.52 prog=0.25 rel=0.93 bal=-0.28 obs=227 hard=215 obsc=233 yr=  0  nz=0.07 flt=0.01 dmap=+0/-0 shz=4.0 plan=16 cmd=(lx=+0.00,ly=+0.28,rx=+0.00)
  t= 38.2 ENG-F pos=(-2.85,+0.20) yaw=+156.3 d=3.41 goal_err=-33 carrot_err= -24 c0=0.75 clear=0.50 prog=0.25 rel=0.94 bal=-0.29 obs=230 hard=216 obsc=234 yr=  0  nz=0.06 flt=0.02 dmap=+2/-0 shz=4.0 plan=16 cmd=(lx=+0.00,ly=+0.28,rx=+0.00)
  t= 38.6 ENG-F pos=(-2.88,+0.21) yaw=+156.3 d=3.38 goal_err=-33 carrot_err= -25 c0=0.72 clear=0.48 prog=0.24 rel=0.94 bal=-0.29 obs=231 hard=217 obsc=235 yr=  0  nz=0.06 flt=0.01 dmap=+0/-0 shz=4.0 plan=16 cmd=(lx=+0.00,ly=+0.28,rx=+0.00)
  t= 39.0 ENG-F pos=(-2.92,+0.23) yaw=+156.3 d=3.34 goal_err=-34 carrot_err= -26 c0=0.70 clear=0.47 prog=0.25 rel=0.95 bal=-0.17 obs=230 hard=219 obsc=236 yr=  0  nz=0.05 flt=0.00 dmap=+0/-0 shz=4.0 plan=16 cmd=(lx=+0.00,ly=+0.28,rx=+0.00)
  t= 39.5 ENG-F pos=(-2.95,+0.24) yaw=+154.7 d=3.32 goal_err=-32 carrot_err= -26 c0=0.67 clear=0.45 prog=0.23 rel=0.94 bal=-0.18 obs=229 hard=218 obsc=234 yr= 15G nz=0.07 flt=0.14 dmap=+0/-0 shz=4.0 plan=16 cmd=(lx=+0.00,ly=+0.28,rx=+0.00)
  t= 39.9 ENG-F pos=(-2.97,+0.25) yaw=+153.0 d=3.30 goal_err=-31 carrot_err= -25 c0=0.65 clear=0.43 prog=0.22 rel=0.93 bal=-0.18 obs=230 hard=218 obsc=234 yr=  0  nz=0.07 flt=0.02 dmap=+0/-0 shz=4.0 plan=16 cmd=(lx=+0.00,ly=+0.28,rx=+0.00)
  t= 40.3 ENG-T pos=(-3.00,+0.27) yaw=+153.0 d=3.27 goal_err=-31 carrot_err= -26 c0=0.61 clear=0.41 prog=0.22 rel=0.93 bal=-0.19 obs=230 hard=218 obsc=234 yr=  0  nz=0.07 flt=0.01 dmap=+0/-0 shz=4.0 plan=16 cmd=(lx=+0.00,ly=+0.00,rx=+0.45)
  t= 40.8 ENG-F pos=(-3.02,+0.28) yaw=+149.8 d=3.25 goal_err=-28 carrot_err= -24 c0=0.59 clear=0.40 prog=0.18 rel=0.94 bal=-0.23 obs=229 hard=218 obsc=234 yr=  0  nz=0.06 flt=0.01 dmap=+0/-1 shz=4.0 plan=16 cmd=(lx=+0.00,ly=+0.28,rx=+0.00)
  t= 41.2 ENG-T pos=(-3.06,+0.30) yaw=+149.8 d=3.21 goal_err=-28 carrot_err= -26 c0=0.55 clear=0.37 prog=0.20 rel=0.94 bal=-0.24 obs=228 hard=218 obsc=234 yr=  0  nz=0.07 flt=0.00 dmap=+0/-1 shz=4.0 plan=16 cmd=(lx=+0.00,ly=+0.00,rx=+0.45)
  t= 41.6 ENG-F pos=(-3.07,+0.31) yaw=+146.6 d=3.19 goal_err=-25 carrot_err= -23 c0=0.53 clear=0.36 prog=0.20 rel=0.95 bal=-0.24 obs=233 hard=220 obsc=239 yr=  0  nz=0.05 flt=0.16 dmap=+0/-0 shz=4.0 plan=16 cmd=(lx=+0.00,ly=+0.28,rx=+0.00)
  t= 42.1 ENG-T pos=(-3.10,+0.33) yaw=+146.6 d=3.16 goal_err=-26 carrot_err= -20 c0=0.57 clear=0.38 prog=0.20 rel=0.96 bal=-0.19 obs=232 hard=221 obsc=237 yr=  0  nz=0.04 flt=0.00 dmap=+0/-0 shz=4.0 plan=16 cmd=(lx=+0.00,ly=+0.00,rx=+0.45)
  t= 42.5 ENG-F pos=(-3.12,+0.34) yaw=+143.4 d=3.15 goal_err=-23 carrot_err= -17 c0=0.55 clear=0.37 prog=0.19 rel=0.97 bal=-0.18 obs=236 hard=222 obsc=246 yr=  0  nz=0.03 flt=0.05 dmap=+4/-0 shz=4.0 plan=16 cmd=(lx=+0.00,ly=+0.28,rx=+0.00)
  t= 42.9 ENG-T pos=(-3.14,+0.36) yaw=+143.4 d=3.12 goal_err=-23 carrot_err= -18 c0=0.52 clear=0.34 prog=0.20 rel=0.96 bal=-0.18 obs=236 hard=221 obsc=246 yr=  0  nz=0.04 flt=0.07 dmap=+0/-0 shz=4.0 plan=15 cmd=(lx=+0.00,ly=+0.00,rx=+0.45)
  t= 43.3 ENG-F pos=(-3.16,+0.37) yaw=+140.2 d=3.10 goal_err=-20 carrot_err= -15 c0=0.68 clear=0.46 prog=0.18 rel=0.91 bal=-0.17 obs=235 hard=220 obsc=247 yr=  0  nz=0.10 flt=0.16 dmap=+0/-0 shz=4.0 plan=15 cmd=(lx=+0.00,ly=+0.28,rx=+0.00)
  t= 43.8 ENG-F pos=(-3.18,+0.39) yaw=+138.6 d=3.07 goal_err=-18 carrot_err= -14 c0=0.65 clear=0.44 prog=0.19 rel=0.89 bal=+0.46 obs=235 hard=222 obsc=247 yr= 15G nz=0.11 flt=0.04 dmap=+0/-0 shz=4.0 plan=15 cmd=(lx=+0.00,ly=+0.28,rx=+0.00)
  t= 44.2 ENG-F pos=(-3.20,+0.40) yaw=+137.0 d=3.05 goal_err=-17 carrot_err= -13 c0=0.63 clear=0.42 prog=0.18 rel=0.87 bal=+0.47 obs=237 hard=224 obsc=248 yr=  0  nz=0.13 flt=0.01 dmap=+1/-0 shz=4.0 plan=15 cmd=(lx=+0.00,ly=+0.28,rx=+0.00)
  t= 44.6 ENG-F pos=(-3.21,+0.41) yaw=+133.8 d=3.04 goal_err=-14 carrot_err= -10 c0=0.88 clear=0.59 prog=0.17 rel=0.79 bal=+0.48 obs=237 hard=224 obsc=248 yr= 15  nz=0.21 flt=0.13 dmap=+0/-0 shz=4.0 plan=15 cmd=(lx=+0.00,ly=+0.28,rx=+0.00)
  t= 45.0 ENG-T pos=(-3.23,+0.43) yaw=+133.8 d=3.01 goal_err=-14 carrot_err= -11 c0=0.85 clear=0.57 prog=0.18 rel=0.82 bal=+0.49 obs=243 hard=224 obsc=247 yr=  0  nz=0.18 flt=0.08 dmap=+0/-0 shz=4.0 plan=15 cmd=(lx=+0.00,ly=+0.00,rx=+0.45)
  t= 45.5 ENG-GO pos=(-3.23,+0.44) yaw=+132.2 d=3.00 goal_err=-12 carrot_err=  -9 c0=0.85 clear=0.56 prog=0.14 rel=0.83 bal=+0.49 obs=242 hard=225 obsc=248 yr=  0  nz=0.17 flt=0.01 dmap=+0/-0 shz=4.0 plan=15 cmd=(lx=+0.00,ly=+0.28,rx=+0.00)
  t= 45.9 ENG-GO pos=(-3.26,+0.47) yaw=+132.2 d=2.96 goal_err=-12 carrot_err= -10 c0=0.81 clear=0.54 prog=0.17 rel=0.96 bal=+0.51 obs=241 hard=225 obsc=246 yr=  0  nz=0.04 flt=0.01 dmap=+0/-0 shz=4.0 plan=15 cmd=(lx=+0.00,ly=+0.28,rx=+0.00)
  t= 46.3 ENG-GO pos=(-3.28,+0.49) yaw=+132.2 d=2.93 goal_err=-13 carrot_err= -10 c0=0.79 clear=0.52 prog=0.18 rel=0.95 bal=+0.52 obs=239 hard=225 obsc=245 yr=  0  nz=0.05 flt=0.02 dmap=+0/-0 shz=4.0 plan=15 cmd=(lx=+0.00,ly=+0.28,rx=+0.00)
  t= 46.7 ENG-GO pos=(-3.30,+0.51) yaw=+132.2 d=2.90 goal_err=-13 carrot_err=  -6 c0=1.20 clear=0.80 prog=0.20 rel=0.95 bal=+0.54 obs=240 hard=223 obsc=245 yr=  0  nz=0.05 flt=0.00 dmap=+1/-0 shz=4.0 plan=15 cmd=(lx=+0.00,ly=+0.28,rx=+0.00)
  t= 47.2 ENG-GO pos=(-3.32,+0.54) yaw=+132.2 d=2.87 goal_err=-13 carrot_err=  -6 c0=1.18 clear=0.78 prog=0.22 rel=0.72 bal=+0.55 obs=241 hard=224 obsc=246 yr=  0  nz=0.28 flt=0.00 dmap=+0/-0 shz=4.0 plan=15 cmd=(lx=+0.00,ly=+0.28,rx=+0.00)
  t= 47.6 ENG-GO pos=(-3.34,+0.56) yaw=+132.2 d=2.84 goal_err=-13 carrot_err=  -4 c0=1.24 clear=0.82 prog=0.23 rel=0.70 bal=+0.57 obs=239 hard=224 obsc=246 yr=  0  nz=0.30 flt=0.01 dmap=+0/-0 shz=4.0 plan=13 cmd=(lx=+0.00,ly=+0.28,rx=+0.00)
  t= 48.0 ENG-GO pos=(-3.37,+0.59) yaw=+132.2 d=2.80 goal_err=-13 carrot_err=  -4 c0=1.20 clear=0.80 prog=0.25 rel=0.75 bal=+0.59 obs=239 hard=224 obsc=245 yr=  0  nz=0.25 flt=0.02 dmap=+1/-1 shz=4.0 plan=13 cmd=(lx=+0.00,ly=+0.28,rx=+0.00)
  t= 48.4 ENG-GO pos=(-3.39,+0.61) yaw=+132.2 d=2.77 goal_err=-13 carrot_err=  -4 c0=1.17 clear=0.78 prog=0.26 rel=0.95 bal=+0.61 obs=241 hard=224 obsc=245 yr=  0  nz=0.05 flt=0.02 dmap=+0/-0 shz=4.0 plan=13 cmd=(lx=+0.00,ly=+0.28,rx=+0.00)
  t= 48.9 ENG-GO pos=(-3.42,+0.64) yaw=+132.2 d=2.74 goal_err=-13 carrot_err=  -5 c0=1.13 clear=0.76 prog=0.27 rel=0.94 bal=+0.02 obs=241 hard=224 obsc=246 yr=  0  nz=0.06 flt=0.01 dmap=+0/-0 shz=4.0 plan=13 cmd=(lx=+0.00,ly=+0.28,rx=+0.00)
  t= 49.3 ENG-GO pos=(-3.44,+0.67) yaw=+132.2 d=2.70 goal_err=-14 carrot_err=  -5 c0=1.10 clear=0.73 prog=0.27 rel=0.94 bal=-0.01 obs=239 hard=225 obsc=245 yr=  0  nz=0.06 flt=0.00 dmap=+0/-2 shz=4.0 plan=13 cmd=(lx=+0.00,ly=+0.28,rx=+0.00)
  t= 49.7 ENG-GO pos=(-3.46,+0.69) yaw=+132.2 d=2.67 goal_err=-14 carrot_err=  -5 c0=1.06 clear=0.71 prog=0.28 rel=0.93 bal=-0.02 obs=237 hard=224 obsc=243 yr=  0  nz=0.07 flt=0.01 dmap=+1/-1 shz=4.0 plan=13 cmd=(lx=+0.00,ly=+0.28,rx=+0.00)
  t= 50.1 ENG-GO pos=(-3.49,+0.72) yaw=+132.2 d=2.63 goal_err=-14 carrot_err=  -5 c0=1.03 clear=0.69 prog=0.27 rel=0.93 bal=+0.02 obs=237 hard=224 obsc=243 yr=  0  nz=0.07 flt=0.00 dmap=+0/-0 shz=4.0 plan=13 cmd=(lx=+0.00,ly=+0.28,rx=+0.00)
  t= 50.6 ENG-GO pos=(-3.51,+0.75) yaw=+132.2 d=2.60 goal_err=-14 carrot_err=  -3 c0=1.00 clear=0.67 prog=0.28 rel=0.93 bal=+0.02 obs=237 hard=223 obsc=242 yr=  0  nz=0.07 flt=0.01 dmap=+1/-1 shz=4.0 plan=12 cmd=(lx=+0.00,ly=+0.28,rx=+0.00)
  t= 51.0 ENG-GO pos=(-3.54,+0.78) yaw=+132.2 d=2.55 goal_err=-14 carrot_err=  -3 c0=0.96 clear=0.64 prog=0.29 rel=0.93 bal=+0.01 obs=235 hard=221 obsc=240 yr=  0  nz=0.07 flt=0.00 dmap=+0/-1 shz=4.0 plan=12 cmd=(lx=+0.00,ly=+0.28,rx=+0.00)
  t= 51.4 ENG-GO pos=(-3.57,+0.81) yaw=+132.2 d=2.52 goal_err=-15 carrot_err=  -4 c0=0.92 clear=0.61 prog=0.29 rel=0.92 bal=+0.01 obs=235 hard=220 obsc=239 yr=  0  nz=0.08 flt=0.00 dmap=+0/-0 shz=4.0 plan=12 cmd=(lx=+0.00,ly=+0.28,rx=+0.00)
  t= 51.8 ENG-GO pos=(-3.59,+0.83) yaw=+132.2 d=2.48 goal_err=-15 carrot_err=  -4 c0=0.89 clear=0.59 prog=0.29 rel=0.91 bal=+0.01 obs=236 hard=221 obsc=240 yr=  0  nz=0.09 flt=0.02 dmap=+0/-0 shz=4.0 plan=12 cmd=(lx=+0.00,ly=+0.28,rx=+0.00)
  t= 52.3 ENG-GO pos=(-3.61,+0.86) yaw=+132.2 d=2.45 goal_err=-15 carrot_err=  -4 c0=0.86 clear=0.57 prog=0.29 rel=0.91 bal=+0.00 obs=236 hard=220 obsc=240 yr=  0  nz=0.09 flt=0.00 dmap=+2/-0 shz=4.0 plan=12 cmd=(lx=+0.00,ly=+0.28,rx=+0.00)
  t= 52.7 ENG-GO pos=(-3.64,+0.89) yaw=+132.2 d=2.41 goal_err=-15 carrot_err=  -4 c0=0.92 clear=0.61 prog=0.29 rel=0.93 bal=+0.00 obs=235 hard=220 obsc=240 yr=  0  nz=0.07 flt=0.01 dmap=+0/-0 shz=4.0 plan=12 cmd=(lx=+0.00,ly=+0.28,rx=+0.00)
  t= 53.1 ENG-GO pos=(-3.66,+0.91) yaw=+132.2 d=2.38 goal_err=-16 carrot_err=  -4 c0=0.88 clear=0.59 prog=0.27 rel=0.95 bal=+0.00 obs=234 hard=220 obsc=241 yr=  0  nz=0.05 flt=0.00 dmap=+0/-0 shz=4.0 plan=12 cmd=(lx=+0.00,ly=+0.28,rx=+0.00)
  t= 53.6 ENG-GO pos=(-3.69,+0.94) yaw=+132.2 d=2.34 goal_err=-16 carrot_err=  -4 c0=0.85 clear=0.57 prog=0.27 rel=0.95 bal=-0.00 obs=233 hard=218 obsc=238 yr=  0  nz=0.05 flt=0.00 dmap=+0/-1 shz=4.0 plan=12 cmd=(lx=+0.00,ly=+0.28,rx=+0.00)
  t= 54.0 ENG-GO pos=(-3.72,+0.97) yaw=+132.2 d=2.30 goal_err=-16 carrot_err=  -3 c0=0.81 clear=0.54 prog=0.29 rel=0.94 bal=-0.01 obs=232 hard=218 obsc=237 yr=  0  nz=0.06 flt=0.00 dmap=+0/-0 shz=4.0 plan=11 cmd=(lx=+0.00,ly=+0.28,rx=+0.00)
  t= 54.4 ENG-GO pos=(-3.74,+1.00) yaw=+132.2 d=2.27 goal_err=-16 carrot_err=  -3 c0=0.77 clear=0.51 prog=0.29 rel=0.92 bal=-0.02 obs=233 hard=219 obsc=237 yr=  0  nz=0.08 flt=0.00 dmap=+0/-0 shz=4.0 plan=11 cmd=(lx=+0.00,ly=+0.28,rx=+0.00)
  t= 54.8 ENG-GO pos=(-3.77,+1.03) yaw=+132.2 d=2.23 goal_err=-17 carrot_err=  -3 c0=0.74 clear=0.49 prog=0.29 rel=0.92 bal=-0.03 obs=231 hard=218 obsc=236 yr=  0  nz=0.08 flt=0.00 dmap=+0/-1 shz=4.0 plan=11 cmd=(lx=+0.00,ly=+0.28,rx=+0.00)
  t= 55.3 ENG-GO pos=(-3.79,+1.05) yaw=+132.2 d=2.20 goal_err=-17 carrot_err=  -3 c0=0.70 clear=0.47 prog=0.28 rel=0.92 bal=-0.04 obs=232 hard=220 obsc=237 yr=  0  nz=0.08 flt=0.07 dmap=+0/-1 shz=4.0 plan=11 cmd=(lx=+0.00,ly=+0.28,rx=+0.00)
  t= 55.7 ENG-GO pos=(-3.81,+1.08) yaw=+132.2 d=2.16 goal_err=-17 carrot_err=  -3 c0=0.67 clear=0.45 prog=0.27 rel=0.94 bal=-0.05 obs=232 hard=217 obsc=237 yr=  0  nz=0.06 flt=0.00 dmap=+0/-0 shz=4.0 plan=11 cmd=(lx=+0.00,ly=+0.28,rx=+0.00)
  t= 56.1 ENG-GO pos=(-3.84,+1.11) yaw=+132.2 d=2.13 goal_err=-17 carrot_err=  -3 c0=0.63 clear=0.42 prog=0.27 rel=0.94 bal=-0.06 obs=232 hard=217 obsc=237 yr=  0  nz=0.06 flt=0.00 dmap=+0/-0 shz=4.0 plan=11 cmd=(lx=+0.00,ly=+0.28,rx=+0.00)
  t= 56.5 ENG-GO pos=(-3.87,+1.14) yaw=+132.2 d=2.09 goal_err=-18 carrot_err= -10 c0=0.59 clear=0.39 prog=0.28 rel=0.93 bal=-0.09 obs=231 hard=217 obsc=237 yr=  0  nz=0.07 flt=0.00 dmap=+1/-2 shz=4.0 plan=11 cmd=(lx=+0.00,ly=+0.28,rx=+0.00)
  t= 57.0 ENG-GO pos=(-3.89,+1.17) yaw=+132.2 d=2.05 goal_err=-18 carrot_err=  -4 c0=0.56 clear=0.37 prog=0.28 rel=0.93 bal=-0.01 obs=232 hard=220 obsc=237 yr=  0  nz=0.07 flt=0.00 dmap=+0/-0 shz=4.0 plan=10 cmd=(lx=+0.00,ly=+0.28,rx=+0.00)
  t= 57.4 ENG-GO pos=(-3.92,+1.19) yaw=+132.2 d=2.02 goal_err=-18 carrot_err=  -4 c0=0.53 clear=0.35 prog=0.28 rel=0.92 bal=+0.06 obs=232 hard=220 obsc=237 yr=  0  nz=0.08 flt=0.01 dmap=+1/-0 shz=4.0 plan=10 cmd=(lx=+0.00,ly=+0.28,rx=+0.00)
  t= 57.8 ENG-GO pos=(-3.94,+1.22) yaw=+132.2 d=1.98 goal_err=-19 carrot_err=  -4 c0=0.76 clear=0.51 prog=0.28 rel=0.87 bal=+0.06 obs=233 hard=219 obsc=237 yr=  0  nz=0.13 flt=0.00 dmap=+3/-0 shz=4.0 plan=10 cmd=(lx=+0.00,ly=+0.28,rx=+0.00)
  t= 58.3 ENG-GO pos=(-3.96,+1.25) yaw=+132.2 d=1.95 goal_err=-19 carrot_err= -18 c0=0.73 clear=0.48 prog=0.28 rel=0.83 bal=+0.07 obs=233 hard=220 obsc=238 yr=  0  nz=0.17 flt=0.01 dmap=+0/-0 shz=4.0 plan=10 cmd=(lx=+0.00,ly=+0.28,rx=+0.00)
  t= 58.7 ENG-GO pos=(-3.99,+1.27) yaw=+132.2 d=1.92 goal_err=-19 carrot_err= -13 c0=0.69 clear=0.46 prog=0.28 rel=0.85 bal=+0.04 obs=234 hard=222 obsc=240 yr=  0  nz=0.15 flt=0.03 dmap=+1/-0 shz=4.0 plan=10 cmd=(lx=+0.00,ly=+0.28,rx=+0.00)
  t= 59.1 ENG-GO pos=(-4.01,+1.30) yaw=+132.2 d=1.89 goal_err=-20 carrot_err= -13 c0=0.66 clear=0.44 prog=0.26 rel=0.87 bal=-0.03 obs=234 hard=222 obsc=240 yr=  0  nz=0.13 flt=0.00 dmap=+1/-1 shz=4.0 plan=10 cmd=(lx=+0.00,ly=+0.28,rx=+0.00)
  t= 59.5 ENG-GO pos=(-4.04,+1.33) yaw=+132.2 d=1.85 goal_err=-20 carrot_err= -20 c0=0.62 clear=0.42 prog=0.27 rel=0.92 bal=-0.07 obs=232 hard=221 obsc=238 yr=  0  nz=0.08 flt=0.00 dmap=+0/-1 shz=4.0 plan=10 cmd=(lx=+0.00,ly=+0.28,rx=+0.00)
  t= 60.0 ENG-GO pos=(-4.06,+1.35) yaw=+132.2 d=1.82 goal_err=-21 carrot_err= -20 c0=0.59 clear=0.40 prog=0.26 rel=0.93 bal=-0.07 obs=232 hard=220 obsc=237 yr=  0  nz=0.07 flt=0.01 dmap=+0/-0 shz=4.0 plan=10 cmd=(lx=+0.00,ly=+0.28,rx=+0.00)
  t= 60.4 ENG-GO pos=(-4.08,+1.38) yaw=+132.2 d=1.79 goal_err=-21 carrot_err= -21 c0=0.56 clear=0.38 prog=0.26 rel=0.93 bal=+0.58 obs=229 hard=217 obsc=234 yr=  0  nz=0.07 flt=0.00 dmap=+0/-0 shz=4.0 plan=9 cmd=(lx=+0.00,ly=+0.28,rx=+0.00)
  t= 60.8 ENG-GO pos=(-4.10,+1.39) yaw=+132.2 d=1.76 goal_err=-21 carrot_err= -22 c0=1.37 clear=0.91 prog=0.24 rel=0.56 bal=+0.59 obs=231 hard=221 obsc=238 yr=  0  nz=0.45 flt=0.00 dmap=+3/-2 shz=4.0 plan=9 cmd=(lx=+0.00,ly=+0.28,rx=+0.00)
  t= 61.3 ENG-GO pos=(-4.12,+1.42) yaw=+132.2 d=1.74 goal_err=-22 carrot_err= -22 c0=1.34 clear=0.89 prog=0.22 rel=0.41 bal=+0.60 obs=231 hard=220 obsc=236 yr=  0  nz=0.59 flt=0.01 dmap=+0/-0 shz=4.0 plan=9 cmd=(lx=+0.00,ly=+0.28,rx=+0.00)
  t= 61.7 ENG-GO pos=(-4.13,+1.43) yaw=+132.2 d=1.71 goal_err=-22 carrot_err= -23 c0=1.31 clear=0.88 prog=0.20 rel=0.56 bal=+0.61 obs=232 hard=221 obsc=237 yr=  0  nz=0.44 flt=0.00 dmap=+0/-0 shz=4.0 plan=9 cmd=(lx=+0.00,ly=+0.28,rx=+0.00)
  t= 62.2 ENG-GO pos=(-4.15,+1.46) yaw=+132.2 d=1.69 goal_err=-22 carrot_err= -24 c0=1.28 clear=0.86 prog=0.19 rel=0.94 bal=+0.06 obs=230 hard=219 obsc=235 yr=  0  nz=0.06 flt=0.01 dmap=+0/-0 shz=4.0 plan=9 cmd=(lx=+0.00,ly=+0.28,rx=+0.00)
  t= 62.6 ENG-GO pos=(-4.17,+1.47) yaw=+132.2 d=1.66 goal_err=-23 carrot_err= -25 c0=1.26 clear=0.84 prog=0.18 rel=0.93 bal=-0.00 obs=232 hard=218 obsc=235 yr=  0  nz=0.07 flt=0.00 dmap=+1/-1 shz=4.0 plan=9 cmd=(lx=+0.00,ly=+0.28,rx=+0.00)
  t= 63.1 ENG-GO pos=(-4.19,+1.49) yaw=+132.2 d=1.64 goal_err=-23 carrot_err= -26 c0=1.23 clear=0.82 prog=0.19 rel=0.94 bal=-0.01 obs=234 hard=220 obsc=237 yr=  0  nz=0.06 flt=0.01 dmap=+0/-0 shz=4.0 plan=9 cmd=(lx=+0.00,ly=+0.28,rx=+0.00)
  t= 63.5 ENG-GO pos=(-4.21,+1.52) yaw=+132.2 d=1.61 goal_err=-23 carrot_err= -18 c0=1.20 clear=0.80 prog=0.19 rel=0.94 bal=-0.03 obs=234 hard=220 obsc=237 yr=  0  nz=0.06 flt=0.00 dmap=+0/-0 shz=4.0 plan=9 cmd=(lx=+0.00,ly=+0.28,rx=+0.00)
  t= 63.9 ENG-GO pos=(-4.23,+1.54) yaw=+132.2 d=1.58 goal_err=-24 carrot_err= -19 c0=1.17 clear=0.78 prog=0.20 rel=0.94 bal=-0.62 obs=236 hard=223 obsc=241 yr=  0  nz=0.06 flt=0.00 dmap=+0/-0 shz=4.0 plan=9 cmd=(lx=+0.00,ly=+0.28,rx=+0.00)
  t= 64.4 ENG-GO pos=(-4.25,+1.56) yaw=+132.2 d=1.56 goal_err=-24 carrot_err= -20 c0=1.15 clear=0.76 prog=0.20 rel=0.94 bal=+0.07 obs=234 hard=222 obsc=239 yr=  0  nz=0.06 flt=0.00 dmap=+1/-2 shz=4.0 plan=9 cmd=(lx=+0.00,ly=+0.28,rx=+0.00)
  t= 64.8 ENG-GO pos=(-4.27,+1.59) yaw=+132.2 d=1.52 goal_err=-25 carrot_err= -20 c0=1.11 clear=0.74 prog=0.21 rel=0.95 bal=+0.19 obs=236 hard=223 obsc=239 yr=  0  nz=0.05 flt=0.01 dmap=+1/-0 shz=4.0 plan=8 cmd=(lx=+0.00,ly=+0.28,rx=+0.00)
  t= 65.2 ENG-GO pos=(-4.29,+1.61) yaw=+132.2 d=1.50 goal_err=-25 carrot_err= -21 c0=1.08 clear=0.72 prog=0.21 rel=0.95 bal=-0.19 obs=233 hard=220 obsc=236 yr=  0  nz=0.05 flt=0.01 dmap=+0/-0 shz=4.0 plan=8 cmd=(lx=+0.00,ly=+0.28,rx=+0.00)
  t= 65.7 ENG-GO pos=(-4.32,+1.63) yaw=+132.2 d=1.47 goal_err=-26 carrot_err= -22 c0=1.05 clear=0.70 prog=0.21 rel=0.95 bal=-0.35 obs=236 hard=224 obsc=240 yr=  0  nz=0.05 flt=0.00 dmap=+3/-0 shz=4.0 plan=8 cmd=(lx=+0.00,ly=+0.28,rx=+0.00)
  t= 66.1 ENG-GO pos=(-4.33,+1.65) yaw=+132.2 d=1.44 goal_err=-26 carrot_err= -23 c0=1.02 clear=0.68 prog=0.21 rel=0.94 bal=-0.35 obs=238 hard=225 obsc=241 yr=  0  nz=0.06 flt=0.00 dmap=+0/-0 shz=4.0 plan=8 cmd=(lx=+0.00,ly=+0.28,rx=+0.00)
  t= 66.5 ENG-GO pos=(-4.36,+1.68) yaw=+132.2 d=1.41 goal_err=-27 carrot_err= -24 c0=0.99 clear=0.66 prog=0.22 rel=0.93 bal=-0.36 obs=239 hard=225 obsc=242 yr=  0  nz=0.07 flt=0.01 dmap=+0/-0 shz=4.0 plan=8 cmd=(lx=+0.00,ly=+0.28,rx=+0.00)
  t= 67.0 ENG-GO pos=(-4.38,+1.70) yaw=+132.2 d=1.39 goal_err=-27 carrot_err= -24 c0=0.96 clear=0.64 prog=0.21 rel=0.95 bal=-0.37 obs=240 hard=226 obsc=243 yr=  0  nz=0.05 flt=0.00 dmap=+0/-0 shz=4.0 plan=8 cmd=(lx=+0.00,ly=+0.28,rx=+0.00)
  t= 67.4 ENG-GO pos=(-4.40,+1.73) yaw=+132.2 d=1.35 goal_err=-28 carrot_err= -29 c0=0.93 clear=0.62 prog=0.22 rel=0.94 bal=-0.39 obs=239 hard=226 obsc=243 yr=  0  nz=0.06 flt=0.00 dmap=+1/-2 shz=4.0 plan=8 cmd=(lx=+0.00,ly=+0.28,rx=+0.00)
  t= 67.9 ENG-GO pos=(-4.42,+1.75) yaw=+132.2 d=1.33 goal_err=-29 carrot_err= -30 c0=0.90 clear=0.60 prog=0.20 rel=0.94 bal=-0.50 obs=239 hard=225 obsc=242 yr=  0  nz=0.06 flt=0.00 dmap=+0/-0 shz=4.0 plan=7 cmd=(lx=+0.00,ly=+0.28,rx=+0.00)
  [META2-DOOR] Door_Direct: CRUZADA (cols=0) -> Pl=1.00
  t= 68.3 DWA-F pos=(-4.44,+1.77) yaw=+132.2 d=1.30 goal_err=-29 carrot_err= -31 c0=0.87 clear=0.58 prog=0.21 rel=0.94 bal=-0.51 obs=238 hard=225 obsc=242 yr=  0  nz=0.06 flt=0.01 dmap=+0/-0 shz=4.0 plan=7 cmd=(lx=+0.00,ly=+0.40,rx=+0.45)
  t= 68.7 DWA-F pos=(-4.46,+1.80) yaw=+129.0 d=1.27 goal_err=-27 carrot_err= -29 c0=0.84 clear=0.56 prog=0.21 rel=0.94 bal=-0.53 obs=239 hard=226 obsc=243 yr=  0  nz=0.06 flt=0.10 dmap=+0/-0 shz=4.0 plan=7 cmd=(lx=+0.00,ly=+0.40,rx=+0.00)
  t= 69.2 DWA-F pos=(-4.49,+1.83) yaw=+127.4 d=1.23 goal_err=-26 carrot_err= -29 c0=0.91 clear=0.61 prog=0.23 rel=0.93 bal=-0.50 obs=237 hard=225 obsc=242 yr=  0  nz=0.07 flt=0.01 dmap=+1/-1 shz=4.0 plan=7 cmd=(lx=+0.00,ly=+0.40,rx=+0.45)
  t= 69.6 DWA-F pos=(-4.51,+1.86) yaw=+124.2 d=1.20 goal_err=-24 carrot_err= -27 c0=0.88 clear=0.58 prog=0.23 rel=0.95 bal=-0.41 obs=234 hard=225 obsc=241 yr=  0  nz=0.05 flt=0.03 dmap=+0/-3 shz=4.0 plan=7 cmd=(lx=+0.00,ly=+0.40,rx=+0.00)
  t= 70.0 DWA-F pos=(-4.54,+1.90) yaw=+122.6 d=1.16 goal_err=-23 carrot_err= -27 c0=0.83 clear=0.56 prog=0.26 rel=0.95 bal=-0.42 obs=235 hard=221 obsc=238 yr= 14G nz=0.05 flt=0.01 dmap=+0/-0 shz=4.0 plan=7 cmd=(lx=+0.00,ly=+0.40,rx=+0.00)
  t= 70.5 DWA-F pos=(-4.56,+1.93) yaw=+121.0 d=1.12 goal_err=-22 carrot_err= -15 c0=0.79 clear=0.53 prog=0.27 rel=0.93 bal=-0.43 obs=241 hard=228 obsc=245 yr=  0  nz=0.07 flt=0.00 dmap=+0/-0 shz=4.0 plan=7 cmd=(lx=+0.00,ly=+0.40,rx=+0.00)
  t= 70.9 DWA-F pos=(-4.58,+1.96) yaw=+121.0 d=1.09 goal_err=-23 carrot_err= -16 c0=0.76 clear=0.51 prog=0.27 rel=0.93 bal=-0.43 obs=237 hard=224 obsc=241 yr=  0  nz=0.07 flt=0.00 dmap=+0/-2 shz=4.0 plan=6 cmd=(lx=+0.00,ly=+0.40,rx=+0.00)
  t= 71.4 DWA-F pos=(-4.60,+2.00) yaw=+121.0 d=1.05 goal_err=-24 carrot_err= -17 c0=1.00 clear=0.67 prog=0.27 rel=0.93 bal=-0.43 obs=237 hard=227 obsc=243 yr=  0  nz=0.07 flt=0.01 dmap=+1/-3 shz=4.0 plan=6 cmd=(lx=+0.00,ly=+0.40,rx=+0.00)
  t= 71.8 DWA-F pos=(-4.62,+2.03) yaw=+121.0 d=1.02 goal_err=-25 carrot_err= -18 c0=0.97 clear=0.65 prog=0.27 rel=0.84 bal=-0.44 obs=241 hard=226 obsc=244 yr=  0  nz=0.16 flt=0.01 dmap=+0/-0 shz=4.0 plan=6 cmd=(lx=+0.00,ly=+0.40,rx=+0.00)
  t= 72.3 DWA-F pos=(-4.64,+2.07) yaw=+121.0 d=0.98 goal_err=-26 carrot_err= -19 c0=0.93 clear=0.62 prog=0.27 rel=0.83 bal=-0.55 obs=241 hard=226 obsc=244 yr=  0  nz=0.17 flt=0.00 dmap=+0/-0 shz=4.0 plan=6 cmd=(lx=+0.00,ly=+0.40,rx=+0.00)
  t= 72.7 DWA-F pos=(-4.66,+2.09) yaw=+121.0 d=0.95 goal_err=-26 carrot_err= -19 c0=0.90 clear=0.60 prog=0.27 rel=0.87 bal=-0.55 obs=241 hard=228 obsc=245 yr=  0  nz=0.13 flt=0.04 dmap=+1/-0 shz=4.0 plan=6 cmd=(lx=+0.00,ly=+0.40,rx=+0.00)
  t= 73.1 DWA-F pos=(-4.68,+2.13) yaw=+121.0 d=0.91 goal_err=-28 carrot_err= -23 c0=1.27 clear=0.84 prog=0.27 rel=0.79 bal=-0.42 obs=239 hard=228 obsc=245 yr=  0  nz=0.21 flt=0.00 dmap=+0/-2 shz=4.0 plan=6 cmd=(lx=+0.00,ly=+0.40,rx=+0.00)
  t= 73.6 DWA-F pos=(-4.69,+2.16) yaw=+121.0 d=0.88 goal_err=-29 carrot_err= -24 c0=1.24 clear=0.82 prog=0.26 rel=0.73 bal=-0.42 obs=239 hard=226 obsc=243 yr=  0  nz=0.27 flt=0.00 dmap=+0/-0 shz=4.0 plan=6 cmd=(lx=+0.00,ly=+0.40,rx=+0.00)
  t= 74.0 DWA-F pos=(-4.71,+2.19) yaw=+121.0 d=0.85 goal_err=-30 carrot_err= -25 c0=1.20 clear=0.80 prog=0.24 rel=0.79 bal=-0.52 obs=241 hard=227 obsc=244 yr=  0  nz=0.21 flt=0.00 dmap=+0/-0 shz=4.0 plan=5 cmd=(lx=+0.00,ly=+0.40,rx=+0.00)
  t= 74.5 DWA-F pos=(-4.73,+2.23) yaw=+121.0 d=0.81 goal_err=-31 carrot_err= -26 c0=1.16 clear=0.77 prog=0.26 rel=0.93 bal=-0.42 obs=242 hard=230 obsc=246 yr=  0  nz=0.07 flt=0.00 dmap=+0/-0 shz=4.0 plan=5 cmd=(lx=+0.00,ly=+0.40,rx=+0.00)
  t= 74.9 DWA-F pos=(-4.76,+2.26) yaw=+121.0 d=0.78 goal_err=-33 carrot_err= -28 c0=1.12 clear=0.75 prog=0.25 rel=0.93 bal=-0.41 obs=242 hard=231 obsc=246 yr=  0  nz=0.07 flt=0.01 dmap=+0/-1 shz=4.0 plan=5 cmd=(lx=+0.00,ly=+0.40,rx=+0.00)
  t= 75.4 DWA-F pos=(-4.77,+2.29) yaw=+119.4 d=0.75 goal_err=-33 carrot_err= -27 c0=1.09 clear=0.72 prog=0.25 rel=0.93 bal=-0.41 obs=242 hard=231 obsc=246 yr= 14G nz=0.07 flt=0.01 dmap=+0/-0 shz=4.0 plan=5 cmd=(lx=+0.00,ly=+0.40,rx=+0.00)
  t= 75.8 DWA-F pos=(-4.80,+2.33) yaw=+117.8 d=0.71 goal_err=-33 carrot_err= -27 c0=1.05 clear=0.70 prog=0.26 rel=0.93 bal=-0.41 obs=240 hard=228 obsc=243 yr=  0  nz=0.07 flt=0.00 dmap=+0/-0 shz=4.0 plan=4 cmd=(lx=+0.00,ly=+0.40,rx=+0.00)
  t= 76.3 DWA-F pos=(-4.82,+2.37) yaw=+116.1 d=0.67 goal_err=-33 carrot_err= -28 c0=1.01 clear=0.68 prog=0.26 rel=0.93 bal=-0.41 obs=234 hard=225 obsc=237 yr= 15G nz=0.07 flt=0.01 dmap=+0/-0 shz=4.0 plan=4 cmd=(lx=+0.00,ly=+0.40,rx=+0.00)
  t= 76.7 DWA-F pos=(-4.83,+2.40) yaw=+114.5 d=0.65 goal_err=-33 carrot_err= -27 c0=0.98 clear=0.65 prog=0.24 rel=0.92 bal=-0.41 obs=236 hard=226 obsc=238 yr=  0  nz=0.08 flt=0.02 dmap=+1/-0 shz=4.0 plan=4 cmd=(lx=+0.00,ly=+0.40,rx=+0.00)
  t= 77.2 DWA-F pos=(-4.85,+2.44) yaw=+111.3 d=0.61 goal_err=-33 carrot_err= -26 c0=0.94 clear=0.62 prog=0.26 rel=0.92 bal=-0.40 obs=236 hard=226 obsc=238 yr= 14G nz=0.08 flt=0.03 dmap=+0/-0 shz=4.0 plan=4 cmd=(lx=+0.00,ly=+0.40,rx=+0.00)
  t= 77.6 DWA-F pos=(-4.86,+2.48) yaw=+109.7 d=0.57 goal_err=-33 carrot_err= -27 c0=0.90 clear=0.60 prog=0.26 rel=0.92 bal=-0.39 obs=236 hard=226 obsc=240 yr=  0  nz=0.08 flt=0.04 dmap=+0/-0 shz=4.0 plan=4 cmd=(lx=+0.00,ly=+0.40,rx=+0.45)
  t= 78.1 DWA-F pos=(-4.88,+2.53) yaw=+104.9 d=0.54 goal_err=-31 carrot_err= -24 c0=0.85 clear=0.57 prog=0.26 rel=0.91 bal=-0.39 obs=237 hard=227 obsc=241 yr= 15  nz=0.09 flt=0.12 dmap=+0/-0 shz=4.0 plan=4 cmd=(lx=+0.00,ly=+0.40,rx=+0.00)
  t= 78.5 DWA-F pos=(-4.89,+2.56) yaw=+104.9 d=0.51 goal_err=-33 carrot_err= -26 c0=0.82 clear=0.55 prog=0.27 rel=0.90 bal=-0.38 obs=232 hard=227 obsc=236 yr=  0  nz=0.10 flt=0.01 dmap=+1/-2 shz=4.0 plan=4 cmd=(lx=+0.00,ly=+0.28,rx=+0.45)
  t= 79.0 DWA-T pos=(-4.90,+2.59) yaw=+100.1 d=0.48 goal_err=-30 carrot_err= -23 c0=0.95 clear=0.63 prog=0.25 rel=0.91 bal=-0.37 obs=233 hard=228 obsc=237 yr= 14G nz=0.10 flt=0.04 dmap=+1/-0 shz=4.0 plan=3 cmd=(lx=+0.00,ly=+0.00,rx=+0.00)
  t= 79.4 DWA-T pos=(-4.90,+2.60) yaw= +98.5 d=0.47 goal_err=-29 carrot_err= -22 c0=0.94 clear=0.63 prog=0.20 rel=0.89 bal=-0.37 obs=232 hard=225 obsc=235 yr=  0  nz=0.11 flt=0.00 dmap=+0/-0 shz=4.0 plan=3 cmd=(lx=+0.00,ly=+0.00,rx=+0.00)
  t= 79.8 DWA-T pos=(-4.90,+2.60) yaw= +98.5 d=0.47 goal_err=-29 carrot_err= -22 c0=0.94 clear=0.63 prog=0.14 rel=0.89 bal=-0.37 obs=232 hard=225 obsc=235 yr=  0  nz=0.11 flt=0.00 dmap=+0/-0 shz=4.0 plan=3 cmd=(lx=+0.00,ly=+0.00,rx=+0.00)
  t= 80.3 DWA-T pos=(-4.90,+2.60) yaw= +98.5 d=0.47 goal_err=-29 carrot_err= -22 c0=0.94 clear=0.63 prog=0.09 rel=0.89 bal=-0.37 obs=232 hard=225 obsc=235 yr=  0  nz=0.11 flt=0.00 dmap=+0/-0 shz=4.0 plan=0 cmd=(lx=+0.00,ly=+0.00,rx=+0.00)
  t= 80.7 BRK-BK pos=(-4.89,+2.58) yaw= +98.5 d=0.49 goal_err=-28 carrot_err= -21 c0=0.97 clear=0.64 prog=0.00 rel=1.00 bal=-0.17 obs=223 hard=220 obsc=227 yr=  0  nz=0.00 flt=0.03 dmap=+0/-2 shz=3.7 plan=0 cmd=(lx=+0.00,ly=-0.35,rx=+0.00)
  t= 81.2 BRK-TR pos=(-4.89,+2.55) yaw= +96.9 d=0.51 goal_err=-25 carrot_err= -18 c0=0.99 clear=0.66 prog=0.00 rel=0.95 bal=-0.17 obs=223 hard=221 obsc=227 yr= 14G nz=0.05 flt=0.01 dmap=+0/-0 shz=3.7 plan=0 cmd=(lx=+0.00,ly=+0.00,rx=+0.45)
  t= 81.6 BRK-TR pos=(-4.89,+2.55) yaw= +90.5 d=0.51 goal_err=-19 carrot_err= -12 c0=1.28 clear=0.85 prog=0.00 rel=0.83 bal=-0.18 obs=223 hard=221 obsc=227 yr= 15G nz=0.17 flt=0.01 dmap=+0/-0 shz=3.7 plan=0 cmd=(lx=+0.00,ly=+0.00,rx=+0.45)
  t= 82.0 BRK-TR pos=(-4.89,+2.55) yaw= +85.7 d=0.51 goal_err=-14 carrot_err=  -7 c0=1.16 clear=0.77 prog=0.00 rel=0.83 bal=-0.27 obs=223 hard=221 obsc=227 yr= 15G nz=0.17 flt=0.01 dmap=+0/-0 shz=3.7 plan=0 cmd=(lx=+0.00,ly=+0.00,rx=+0.45)
  t= 82.5 BRK-TR pos=(-4.89,+2.55) yaw= +79.3 d=0.51 goal_err=-7 carrot_err=  -1 c0=1.16 clear=0.77 prog=0.00 rel=0.88 bal=-0.27 obs=223 hard=221 obsc=227 yr= 15G nz=0.12 flt=0.01 dmap=+0/-0 shz=3.7 plan=0 cmd=(lx=+0.00,ly=+0.00,rx=+0.45)
  t= 82.9 BRK-TR pos=(-4.89,+2.55) yaw= +74.7 d=0.51 goal_err=-3 carrot_err=  +4 c0=1.09 clear=0.73 prog=0.00 rel=0.94 bal=-0.31 obs=223 hard=221 obsc=227 yr=  0G nz=0.06 flt=0.00 dmap=+0/-0 shz=3.7 plan=0 cmd=(lx=+0.00,ly=+0.00,rx=+0.45)
  t= 83.4 DWA-F pos=(-4.89,+2.55) yaw= +68.7 d=0.51 goal_err=+3 carrot_err= +10 c0=1.09 clear=0.73 prog=0.00 rel=0.93 bal=-0.31 obs=223 hard=221 obsc=227 yr= 13  nz=0.07 flt=0.00 dmap=+0/-0 shz=3.7 plan=3 cmd=(lx=+0.00,ly=+0.40,rx=+0.00)
  t= 83.8 DWA-F pos=(-4.88,+2.57) yaw= +68.7 d=0.49 goal_err=+3 carrot_err= +10 c0=1.07 clear=0.71 prog=0.04 rel=0.93 bal=-0.31 obs=217 hard=214 obsc=221 yr=  0  nz=0.07 flt=0.00 dmap=+1/-1 shz=3.7 plan=3 cmd=(lx=+0.00,ly=+0.40,rx=+0.00)
  t= 84.3 DWA-T pos=(-4.88,+2.59) yaw= +68.7 d=0.48 goal_err=+3 carrot_err= +11 c0=1.06 clear=0.71 prog=0.06 rel=0.94 bal=-0.31 obs=218 hard=213 obsc=220 yr=  0  nz=0.06 flt=0.00 dmap=+0/-0 shz=3.7 plan=3 cmd=(lx=+0.00,ly=+0.00,rx=+0.00)
  t= 84.7 DWA-T pos=(-4.88,+2.59) yaw= +68.7 d=0.48 goal_err=+3 carrot_err= +11 c0=1.06 clear=0.71 prog=0.06 rel=0.94 bal=-0.31 obs=218 hard=213 obsc=220 yr=  0  nz=0.06 flt=0.00 dmap=+0/-0 shz=3.7 plan=3 cmd=(lx=+0.00,ly=+0.00,rx=+0.00)
  t= 85.1 DWA-T pos=(-4.88,+2.59) yaw= +68.7 d=0.48 goal_err=+3 carrot_err= +11 c0=1.06 clear=0.71 prog=0.06 rel=0.94 bal=-0.31 obs=218 hard=213 obsc=220 yr=  0  nz=0.06 flt=0.00 dmap=+0/-0 shz=3.7 plan=3 cmd=(lx=+0.00,ly=+0.00,rx=+0.00)
  t= 85.6 BRK-BK pos=(-4.88,+2.57) yaw= +68.7 d=0.49 goal_err=+3 carrot_err= +10 c0=1.07 clear=0.71 prog=0.01 rel=0.94 bal=-0.31 obs=216 hard=211 obsc=218 yr=  0  nz=0.06 flt=0.00 dmap=+0/-2 shz=3.5 plan=0 cmd=(lx=+0.00,ly=-0.35,rx=+0.00)
  t= 86.0 BRK-TR pos=(-4.89,+2.55) yaw= +67.2 d=0.51 goal_err=+5 carrot_err= +11 c0=1.09 clear=0.73 prog=0.00 rel=0.97 bal=-0.31 obs=216 hard=211 obsc=218 yr= 13G nz=0.03 flt=0.01 dmap=+0/-0 shz=3.4 plan=0 cmd=(lx=+0.00,ly=+0.00,rx=+0.45)
  t= 86.5 BRK-TR pos=(-4.89,+2.55) yaw= +61.3 d=0.51 goal_err=+11 carrot_err= +17 c0=1.09 clear=0.73 prog=0.00 rel=0.97 bal=-0.21 obs=216 hard=211 obsc=218 yr= 14G nz=0.03 flt=0.00 dmap=+0/-0 shz=3.4 plan=0 cmd=(lx=+0.00,ly=+0.00,rx=+0.45)
  t= 86.9 BRK-TR pos=(-4.89,+2.55) yaw= +56.8 d=0.51 goal_err=+15 carrot_err= +22 c0=1.09 clear=0.73 prog=0.00 rel=0.97 bal=-0.21 obs=216 hard=211 obsc=218 yr= 14G nz=0.03 flt=0.00 dmap=+0/-0 shz=3.4 plan=0 cmd=(lx=+0.00,ly=+0.00,rx=+0.45)
  t= 87.3 BRK-TR pos=(-4.89,+2.55) yaw= +50.8 d=0.51 goal_err=+21 carrot_err= +28 c0=1.09 clear=0.73 prog=0.00 rel=0.99 bal=-0.15 obs=216 hard=211 obsc=218 yr= 14G nz=0.01 flt=0.01 dmap=+0/-0 shz=3.4 plan=0 cmd=(lx=+0.00,ly=+0.00,rx=+0.45)
  t= 87.8 BRK-TR pos=(-4.89,+2.55) yaw= +46.4 d=0.51 goal_err=+25 carrot_err= +32 c0=1.09 clear=0.73 prog=0.00 rel=0.99 bal=-0.15 obs=217 hard=212 obsc=219 yr=  0G nz=0.01 flt=0.00 dmap=+0/-0 shz=3.4 plan=0 cmd=(lx=+0.00,ly=+0.00,rx=+0.45)
  t= 88.2 DWA-F pos=(-4.89,+2.55) yaw= +40.4 d=0.51 goal_err=+31 carrot_err= +38 c0=1.09 clear=0.73 prog=0.00 rel=0.99 bal=-0.04 obs=217 hard=212 obsc=219 yr= 13G nz=0.01 flt=0.00 dmap=+0/-0 shz=3.4 plan=3 cmd=(lx=+0.00,ly=+0.28,rx=-0.45)
  t= 88.7 DWA-F pos=(-4.88,+2.56) yaw= +41.9 d=0.50 goal_err=+31 carrot_err= +38 c0=1.08 clear=0.72 prog=0.02 rel=0.98 bal=-0.04 obs=217 hard=212 obsc=219 yr= 13G nz=0.02 flt=0.15 dmap=+0/-0 shz=3.4 plan=3 cmd=(lx=+0.00,ly=+0.28,rx=-0.45)
  t= 89.1 DWA-F pos=(-4.86,+2.58) yaw= +47.9 d=0.48 goal_err=+26 carrot_err= +34 c0=1.05 clear=0.70 prog=0.06 rel=0.97 bal=-0.14 obs=218 hard=213 obsc=220 yr= 13G nz=0.03 flt=0.00 dmap=+0/-0 shz=3.4 plan=3 cmd=(lx=+0.00,ly=+0.28,rx=-0.45)
  t= 89.6 DWA-T pos=(-4.85,+2.60) yaw= +52.3 d=0.46 goal_err=+23 carrot_err= +31 c0=1.03 clear=0.69 prog=0.10 rel=0.90 bal=-0.08 obs=220 hard=210 obsc=239 yr=  0  nz=0.06 flt=0.04 dmap=+0/-0 shz=3.4 plan=3 cmd=(lx=+0.00,ly=+0.00,rx=+0.00)
  t= 90.0 DWA-T pos=(-4.85,+2.60) yaw= +52.3 d=0.46 goal_err=+23 carrot_err= +31 c0=1.03 clear=0.69 prog=0.10 rel=0.94 bal=-0.08 obs=221 hard=209 obsc=233 yr=  0  nz=0.06 flt=0.12 dmap=+0/-0 shz=3.4 plan=3 cmd=(lx=+0.00,ly=+0.00,rx=+0.00)

  >>> MODO AGRESIVO ON (12s sin acercarse a B): reduzco inflado y holgura (min seguridad 0.24m) para cruzar la puerta.
  t= 90.5 AGR-DWA-T pos=(-4.85,+2.60) yaw= +52.3 d=0.46 goal_err=+23 carrot_err= +31 c0=1.03 clear=0.69 prog=0.09 rel=0.94 bal=-0.08 obs=221 hard=209 obsc=233 yr=  0  nz=0.06 flt=0.12 dmap=+0/-0 shz=3.4 plan=3 cmd=(lx=+0.00,ly=+0.00,rx=+0.00)
  t= 90.9 AGR-BRK-BK pos=(-4.85,+2.60) yaw= +52.3 d=0.46 goal_err=+23 carrot_err= +31 c0=1.03 clear=0.69 prog=0.05 rel=0.94 bal=-0.08 obs=221 hard=209 obsc=233 yr=  0  nz=0.06 flt=0.12 dmap=+0/-0 shz=3.4 plan=0 cmd=(lx=+0.00,ly=-0.35,rx=+0.00)
  t= 91.3 AGR-BRK-TR pos=(-4.87,+2.57) yaw= +52.3 d=0.49 goal_err=+21 carrot_err= +29 c0=1.07 clear=0.71 prog=0.00 rel=1.00 bal=-0.08 obs=219 hard=209 obsc=231 yr=  0G nz=0.00 flt=0.00 dmap=+0/-0 shz=3.2 plan=0 cmd=(lx=+0.00,ly=+0.00,rx=-0.45)
  t= 91.7 AGR-BRK-TR pos=(-4.87,+2.57) yaw= +56.8 d=0.49 goal_err=+17 carrot_err= +24 c0=1.07 clear=0.71 prog=0.00 rel=0.98 bal=-0.08 obs=219 hard=209 obsc=231 yr=  0G nz=0.02 flt=0.00 dmap=+0/-0 shz=3.2 plan=0 cmd=(lx=+0.00,ly=+0.00,rx=-0.45)
  t= 92.2 AGR-BRK-TR pos=(-4.87,+2.57) yaw= +61.3 d=0.49 goal_err=+12 carrot_err= +20 c0=1.07 clear=0.71 prog=0.00 rel=0.98 bal=-0.08 obs=219 hard=209 obsc=231 yr= 14G nz=0.02 flt=0.00 dmap=+0/-0 shz=3.2 plan=0 cmd=(lx=+0.00,ly=+0.00,rx=-0.45)
  t= 92.6 AGR-BRK-TR pos=(-4.87,+2.57) yaw= +65.7 d=0.49 goal_err=+8 carrot_err= +15 c0=1.07 clear=0.71 prog=0.00 rel=0.98 bal=-0.17 obs=219 hard=209 obsc=231 yr= 14G nz=0.02 flt=0.00 dmap=+0/-0 shz=3.2 plan=0 cmd=(lx=+0.00,ly=+0.00,rx=-0.45)
  t= 93.1 AGR-BRK-TR pos=(-4.87,+2.57) yaw= +71.7 d=0.49 goal_err=+2 carrot_err=  +9 c0=1.07 clear=0.71 prog=0.00 rel=0.99 bal=-0.17 obs=219 hard=209 obsc=231 yr= 14G nz=0.01 flt=0.00 dmap=+0/-0 shz=3.2 plan=0 cmd=(lx=+0.00,ly=+0.00,rx=-0.45)
  t= 93.5 AGR-BRK-TR pos=(-4.87,+2.57) yaw= +77.6 d=0.49 goal_err=-4 carrot_err=  +3 c0=1.14 clear=0.76 prog=0.00 rel=0.97 bal=-0.29 obs=219 hard=209 obsc=231 yr= 14G nz=0.03 flt=0.06 dmap=+0/-0 shz=3.2 plan=0 cmd=(lx=+0.00,ly=+0.00,rx=-0.45)
  t= 94.0 AGR-DWA-T pos=(-4.87,+2.58) yaw= +80.6 d=0.48 goal_err=-7 carrot_err=  +0 c0=1.12 clear=0.75 prog=0.02 rel=0.94 bal=-0.25 obs=213 hard=204 obsc=226 yr=  0  nz=0.07 flt=0.05 dmap=+0/-0 shz=3.2 plan=3 cmd=(lx=+0.00,ly=+0.00,rx=+0.00)
  t= 94.4 AGR-DWA-T pos=(-4.87,+2.58) yaw= +80.6 d=0.48 goal_err=-7 carrot_err=  +0 c0=1.12 clear=0.75 prog=0.02 rel=0.93 bal=-0.25 obs=210 hard=202 obsc=223 yr=  0  nz=0.07 flt=0.00 dmap=+0/-0 shz=3.2 plan=3 cmd=(lx=+0.00,ly=+0.00,rx=+0.00)
  t= 94.9 AGR-DWA-T pos=(-4.87,+2.58) yaw= +80.6 d=0.48 goal_err=-7 carrot_err=  +0 c0=1.12 clear=0.75 prog=0.02 rel=0.93 bal=-0.25 obs=210 hard=202 obsc=223 yr=  0  nz=0.07 flt=0.00 dmap=+0/-0 shz=3.2 plan=3 cmd=(lx=+0.00,ly=+0.00,rx=+0.00)
  t= 95.3 AGR-BRK-BK pos=(-4.87,+2.58) yaw= +80.6 d=0.48 goal_err=-7 carrot_err=  +0 c0=1.12 clear=0.75 prog=0.02 rel=0.93 bal=-0.25 obs=210 hard=202 obsc=223 yr=  0  nz=0.07 flt=0.00 dmap=+0/-0 shz=3.2 plan=0 cmd=(lx=+0.00,ly=-0.35,rx=+0.00)
  t= 95.7 AGR-BRK-TR pos=(-4.87,+2.56) yaw= +80.6 d=0.50 goal_err=-7 carrot_err=  +0 c0=1.15 clear=0.76 prog=0.00 rel=0.96 bal=-0.25 obs=193 hard=189 obsc=204 yr=  0  nz=0.04 flt=0.01 dmap=+0/-0 shz=3.0 plan=0 cmd=(lx=+0.00,ly=+0.00,rx=+0.45)
  t= 96.2 AGR-BRK-TR pos=(-4.87,+2.53) yaw= +77.6 d=0.53 goal_err=-4 carrot_err=  +3 c0=1.17 clear=0.78 prog=0.00 rel=0.95 bal=-0.28 obs=193 hard=189 obsc=204 yr= 14G nz=0.05 flt=0.00 dmap=+0/-0 shz=3.0 plan=0 cmd=(lx=+0.00,ly=+0.00,rx=+0.45)
  t= 96.6 AGR-BRK-TR pos=(-4.87,+2.53) yaw= +71.7 d=0.53 goal_err=+2 carrot_err=  +9 c0=1.10 clear=0.73 prog=0.00 rel=0.94 bal=-0.28 obs=193 hard=189 obsc=204 yr= 13G nz=0.06 flt=0.07 dmap=+0/-0 shz=3.0 plan=0 cmd=(lx=+0.00,ly=+0.00,rx=+0.45)
  t= 97.0 AGR-BRK-TR pos=(-4.87,+2.53) yaw= +65.7 d=0.53 goal_err=+8 carrot_err= +15 c0=1.10 clear=0.73 prog=0.00 rel=0.94 bal=-0.18 obs=193 hard=189 obsc=204 yr= 13G nz=0.07 flt=0.00 dmap=+0/-0 shz=3.0 plan=0 cmd=(lx=+0.00,ly=+0.00,rx=+0.45)
  t= 97.5 AGR-BRK-TR pos=(-4.87,+2.53) yaw= +61.3 d=0.53 goal_err=+13 carrot_err= +20 c0=1.10 clear=0.73 prog=0.00 rel=0.93 bal=-0.18 obs=193 hard=189 obsc=204 yr= 14G nz=0.07 flt=0.00 dmap=+0/-0 shz=3.0 plan=0 cmd=(lx=+0.00,ly=+0.00,rx=+0.45)
  t= 97.9 AGR-BRK-TR pos=(-4.87,+2.53) yaw= +55.3 d=0.53 goal_err=+19 carrot_err= +26 c0=1.10 clear=0.73 prog=0.00 rel=0.99 bal=-0.18 obs=193 hard=189 obsc=204 yr= 14G nz=0.01 flt=0.00 dmap=+0/-0 shz=3.0 plan=0 cmd=(lx=+0.00,ly=+0.00,rx=+0.45)
  t= 98.4 AGR-DWA-F pos=(-4.87,+2.54) yaw= +50.8 d=0.52 goal_err=+24 carrot_err= +31 c0=1.09 clear=0.73 prog=0.01 rel=0.98 bal=-0.12 obs=195 hard=190 obsc=210 yr=  0G nz=0.02 flt=0.07 dmap=+0/-0 shz=3.0 plan=3 cmd=(lx=+0.00,ly=+0.28,rx=-0.45)
  t= 98.8 AGR-DWA-T pos=(-4.86,+2.55) yaw= +55.3 d=0.50 goal_err=+20 carrot_err= +27 c0=1.07 clear=0.71 prog=0.04 rel=0.97 bal=-0.18 obs=195 hard=191 obsc=210 yr= 14G nz=0.03 flt=0.14 dmap=+0/-0 shz=3.0 plan=3 cmd=(lx=+0.00,ly=+0.00,rx=+0.00)
  t= 99.3 AGR-DWA-T pos=(-4.85,+2.56) yaw= +56.8 d=0.50 goal_err=+19 carrot_err= +26 c0=1.07 clear=0.71 prog=0.05 rel=0.96 bal=-0.18 obs=197 hard=188 obsc=210 yr=  0  nz=0.04 flt=0.05 dmap=+0/-0 shz=3.0 plan=3 cmd=(lx=+0.00,ly=+0.00,rx=+0.00)
  t= 99.7 AGR-DWA-T pos=(-4.85,+2.56) yaw= +56.8 d=0.50 goal_err=+19 carrot_err= +26 c0=1.07 clear=0.71 prog=0.05 rel=0.96 bal=-0.18 obs=197 hard=188 obsc=210 yr=  0  nz=0.04 flt=0.05 dmap=+0/-0 shz=3.0 plan=3 cmd=(lx=+0.00,ly=+0.00,rx=+0.00)
  t=100.1 AGR-DWA-T pos=(-4.85,+2.56) yaw= +56.8 d=0.50 goal_err=+19 carrot_err= +26 c0=1.07 clear=0.71 prog=0.05 rel=0.96 bal=-0.18 obs=197 hard=188 obsc=210 yr=  0  nz=0.04 flt=0.05 dmap=+0/-0 shz=3.0 plan=0 cmd=(lx=+0.00,ly=+0.00,rx=+0.00)
  t=100.6 AGR-BRK-BK pos=(-4.87,+2.54) yaw= +56.8 d=0.52 goal_err=+18 carrot_err= +25 c0=1.09 clear=0.73 prog=0.00 rel=0.97 bal=-0.18 obs=197 hard=187 obsc=209 yr=  0  nz=0.03 flt=0.00 dmap=+0/-0 shz=2.9 plan=0 cmd=(lx=+0.00,ly=-0.35,rx=+0.00)
  t=101.0 AGR-BRK-TR pos=(-4.88,+2.52) yaw= +55.3 d=0.54 goal_err=+19 carrot_err= +25 c0=1.12 clear=0.74 prog=0.00 rel=0.95 bal=-0.18 obs=197 hard=187 obsc=209 yr= 14G nz=0.05 flt=0.05 dmap=+0/-0 shz=2.9 plan=0 cmd=(lx=+0.00,ly=+0.00,rx=+0.45)
  t=101.5 AGR-BRK-TR pos=(-4.88,+2.52) yaw= +49.3 d=0.54 goal_err=+25 carrot_err= +31 c0=1.12 clear=0.74 prog=0.00 rel=0.96 bal=-0.11 obs=197 hard=187 obsc=209 yr= 14G nz=0.04 flt=0.00 dmap=+0/-0 shz=3.0 plan=0 cmd=(lx=+0.00,ly=+0.00,rx=+0.45)
  t=101.9 AGR-BRK-TR pos=(-4.88,+2.52) yaw= +44.9 d=0.54 goal_err=+29 carrot_err= +36 c0=1.12 clear=0.74 prog=0.00 rel=0.96 bal=-0.11 obs=199 hard=189 obsc=211 yr=  0G nz=0.04 flt=0.01 dmap=+0/-0 shz=3.0 plan=0 cmd=(lx=+0.00,ly=+0.00,rx=+0.45)
  t=102.3 AGR-BRK-TR pos=(-4.88,+2.52) yaw= +38.9 d=0.54 goal_err=+35 carrot_err= +42 c0=1.12 clear=0.74 prog=0.00 rel=0.98 bal=-0.05 obs=199 hard=189 obsc=211 yr= 14G nz=0.01 flt=0.01 dmap=+0/-0 shz=3.0 plan=0 cmd=(lx=+0.00,ly=+0.00,rx=+0.45)
  t=102.8 AGR-BRK-TR pos=(-4.88,+2.52) yaw= +33.0 d=0.54 goal_err=+41 carrot_err= +48 c0=1.12 clear=0.74 prog=0.00 rel=0.98 bal=-0.05 obs=199 hard=189 obsc=211 yr= 14G nz=0.02 flt=0.00 dmap=+0/-0 shz=3.0 plan=0 cmd=(lx=+0.00,ly=+0.00,rx=+0.45)
  t=103.2 AGR-DWA-F pos=(-4.88,+2.52) yaw= +28.5 d=0.54 goal_err=+45 carrot_err= +52 c0=1.12 clear=0.74 prog=0.00 rel=0.98 bal=-0.05 obs=199 hard=189 obsc=211 yr=  0G nz=0.02 flt=0.06 dmap=+0/-0 shz=3.0 plan=3 cmd=(lx=+0.00,ly=+0.28,rx=-0.45)
  t=103.7 AGR-DWA-F pos=(-4.86,+2.53) yaw= +31.5 d=0.53 goal_err=+44 carrot_err= +51 c0=1.10 clear=0.73 prog=0.02 rel=0.91 bal=-0.05 obs=199 hard=189 obsc=211 yr= 13G nz=0.10 flt=0.01 dmap=+0/-0 shz=3.0 plan=3 cmd=(lx=+0.00,ly=+0.28,rx=-0.45)
  t=104.1 AGR-DWA-F pos=(-4.84,+2.54) yaw= +35.9 d=0.51 goal_err=+41 carrot_err= +49 c0=1.08 clear=0.72 prog=0.05 rel=0.91 bal=-0.05 obs=199 hard=189 obsc=211 yr= 13G nz=0.09 flt=0.00 dmap=+0/-0 shz=3.0 plan=3 cmd=(lx=+0.00,ly=+0.28,rx=-0.45)

  COLISION #1 [odom] en (-4.84,+2.54) -> marco y recupero.
  t=104.6 AGR-R-BACK pos=(-4.85,+2.53) yaw= +38.9 d=0.52 goal_err=+38 carrot_err= +45 c0=0.26 clear=0.17 prog=0.04 rel=0.55 bal=-0.05 obs=190 hard=183 obsc=202 yr=  0  nz=0.45 flt=0.01 dmap=+0/-3 shz=3.0 plan=0 cmd=(lx=+0.00,ly=-0.35,rx=+0.00)
  t=105.0 AGR-R-TURN pos=(-4.88,+2.51) yaw= +38.9 d=0.55 goal_err=+35 carrot_err= +42 c0=0.30 clear=0.20 prog=0.00 rel=0.36 bal=-0.05 obs=188 hard=180 obsc=199 yr=  0G nz=0.64 flt=0.01 dmap=+0/-0 shz=3.0 plan=0 cmd=(lx=+0.00,ly=+0.00,rx=+0.45)
  t=105.5 AGR-R-TURN pos=(-4.88,+2.51) yaw= +33.0 d=0.55 goal_err=+41 carrot_err= +48 c0=0.30 clear=0.20 prog=0.00 rel=0.55 bal=-0.05 obs=188 hard=180 obsc=199 yr= 13G nz=0.45 flt=0.00 dmap=+0/-0 shz=3.2 plan=0 cmd=(lx=+0.00,ly=+0.00,rx=+0.45)
  t=105.9 AGR-R-TURN pos=(-4.88,+2.51) yaw= +27.0 d=0.55 goal_err=+47 carrot_err= +54 c0=0.30 clear=0.20 prog=0.00 rel=0.58 bal=-0.05 obs=188 hard=180 obsc=199 yr= 13G nz=0.42 flt=0.03 dmap=+0/-0 shz=3.2 plan=0 cmd=(lx=+0.00,ly=+0.00,rx=+0.45)
  t=106.3 AGR-DWA-T pos=(-4.88,+2.51) yaw= +24.0 d=0.55 goal_err=+50 carrot_err= +57 c0=0.30 clear=0.20 prog=0.00 rel=0.98 bal=+0.08 obs=188 hard=180 obsc=199 yr= 13G nz=0.02 flt=0.17 dmap=+0/-0 shz=3.2 plan=3 cmd=(lx=+0.00,ly=+0.00,rx=-0.45)
  t=106.8 AGR-DWA-T pos=(-4.88,+2.51) yaw= +30.0 d=0.55 goal_err=+44 carrot_err= +51 c0=0.30 clear=0.20 prog=0.00 rel=0.99 bal=-0.05 obs=188 hard=180 obsc=199 yr= 13G nz=0.01 flt=0.03 dmap=+0/-0 shz=3.2 plan=3 cmd=(lx=+0.00,ly=+0.00,rx=+0.00)
  t=107.2 AGR-DWA-T pos=(-4.88,+2.51) yaw= +31.5 d=0.55 goal_err=+43 carrot_err= +49 c0=0.30 clear=0.20 prog=0.00 rel=0.98 bal=+0.13 obs=174 hard=166 obsc=184 yr=  0  nz=0.02 flt=0.06 dmap=+0/-0 shz=3.2 plan=3 cmd=(lx=+0.00,ly=+0.00,rx=+0.00)
  t=107.7 AGR-DWA-T pos=(-4.88,+2.51) yaw= +31.5 d=0.55 goal_err=+43 carrot_err= +49 c0=0.30 clear=0.20 prog=0.00 rel=0.98 bal=+0.13 obs=174 hard=166 obsc=184 yr=  0  nz=0.02 flt=0.06 dmap=+0/-0 shz=3.2 plan=3 cmd=(lx=+0.00,ly=+0.00,rx=+0.00)
  t=108.1 AGR-DWA-T pos=(-4.88,+2.51) yaw= +31.5 d=0.55 goal_err=+43 carrot_err= +49 c0=0.30 clear=0.20 prog=0.00 rel=0.98 bal=+0.13 obs=174 hard=166 obsc=184 yr=  0  nz=0.02 flt=0.06 dmap=+0/-0 shz=3.2 plan=0 cmd=(lx=+0.00,ly=+0.00,rx=+0.00)
  t=108.5 AGR-BRK-BK pos=(-4.90,+2.49) yaw= +31.5 d=0.57 goal_err=+41 carrot_err= +47 c0=0.32 clear=0.21 prog=0.00 rel=0.99 bal=+0.12 obs=172 hard=163 obsc=179 yr=  0  nz=0.01 flt=0.00 dmap=+0/-0 shz=3.1 plan=0 cmd=(lx=+0.00,ly=-0.35,rx=+0.00)
  t=109.0 AGR-BRK-TR pos=(-4.92,+2.48) yaw= +33.0 d=0.59 goal_err=+38 carrot_err= +44 c0=0.35 clear=0.23 prog=0.00 rel=0.96 bal=-0.01 obs=172 hard=165 obsc=179 yr= 14G nz=0.04 flt=0.01 dmap=+0/-0 shz=3.1 plan=0 cmd=(lx=+0.00,ly=+0.00,rx=-0.45)
  t=109.4 AGR-BRK-TR pos=(-4.92,+2.48) yaw= +38.9 d=0.59 goal_err=+32 carrot_err= +38 c0=0.35 clear=0.23 prog=0.00 rel=0.96 bal=-0.12 obs=172 hard=165 obsc=179 yr= 14G nz=0.04 flt=0.00 dmap=+0/-0 shz=3.1 plan=0 cmd=(lx=+0.00,ly=+0.00,rx=-0.45)
  t=109.9 AGR-BRK-TR pos=(-4.92,+2.48) yaw= +43.4 d=0.59 goal_err=+27 carrot_err= +33 c0=0.35 clear=0.23 prog=0.00 rel=0.97 bal=-0.12 obs=172 hard=165 obsc=179 yr= 14G nz=0.03 flt=0.01 dmap=+0/-0 shz=3.1 plan=0 cmd=(lx=+0.00,ly=+0.00,rx=-0.45)
  t=110.3 AGR-BRK-TR pos=(-4.92,+2.48) yaw= +49.3 d=0.59 goal_err=+21 carrot_err= +27 c0=0.46 clear=0.30 prog=0.00 rel=0.93 bal=-0.12 obs=172 hard=165 obsc=179 yr= 13G nz=0.07 flt=0.01 dmap=+0/-0 shz=3.1 plan=0 cmd=(lx=+0.00,ly=+0.00,rx=-0.45)
  t=110.7 AGR-BRK-TR pos=(-4.92,+2.48) yaw= +53.8 d=0.59 goal_err=+17 carrot_err= +23 c0=0.46 clear=0.30 prog=0.00 rel=0.92 bal=-0.12 obs=172 hard=165 obsc=179 yr= 13G nz=0.08 flt=0.01 dmap=+0/-0 shz=3.3 plan=0 cmd=(lx=+0.00,ly=+0.00,rx=-0.45)
  t=111.2 AGR-DWA-F pos=(-4.92,+2.48) yaw= +59.8 d=0.59 goal_err=+11 carrot_err= +17 c0=0.46 clear=0.30 prog=0.00 rel=0.92 bal=+0.34 obs=172 hard=165 obsc=179 yr= 14G nz=0.08 flt=0.00 dmap=+0/-0 shz=3.3 plan=4 cmd=(lx=+0.00,ly=+0.40,rx=-0.45)
  t=111.6 AGR-DWA-T pos=(-4.92,+2.50) yaw= +64.2 d=0.57 goal_err=+7 carrot_err= +13 c0=0.44 clear=0.29 prog=0.03 rel=0.94 bal=+0.35 obs=172 hard=165 obsc=179 yr=  0  nz=0.06 flt=0.01 dmap=+0/-0 shz=3.3 plan=4 cmd=(lx=+0.00,ly=+0.00,rx=+0.00)
  t=112.1 AGR-DWA-T pos=(-4.92,+2.50) yaw= +64.2 d=0.57 goal_err=+7 carrot_err= +13 c0=0.44 clear=0.29 prog=0.04 rel=0.98 bal=+0.35 obs=162 hard=153 obsc=169 yr=  0  nz=0.02 flt=0.05 dmap=+0/-0 shz=3.3 plan=4 cmd=(lx=+0.00,ly=+0.00,rx=+0.00)
  t=112.5 AGR-DWA-T pos=(-4.92,+2.50) yaw= +64.2 d=0.57 goal_err=+7 carrot_err= +13 c0=0.44 clear=0.29 prog=0.04 rel=0.98 bal=+0.35 obs=162 hard=153 obsc=169 yr=  0  nz=0.02 flt=0.05 dmap=+0/-0 shz=3.3 plan=4 cmd=(lx=+0.00,ly=+0.00,rx=+0.00)
  t=113.0 AGR-BRK-BK pos=(-4.92,+2.50) yaw= +64.2 d=0.57 goal_err=+7 carrot_err= +13 c0=0.44 clear=0.29 prog=0.04 rel=0.98 bal=+0.35 obs=162 hard=153 obsc=169 yr=  0  nz=0.02 flt=0.05 dmap=+0/-0 shz=3.3 plan=0 cmd=(lx=+0.00,ly=-0.35,rx=+0.00)
  t=113.4 AGR-BRK-TR pos=(-4.93,+2.46) yaw= +64.2 d=0.61 goal_err=+6 carrot_err= +12 c0=0.47 clear=0.31 prog=0.00 rel=0.99 bal=+0.33 obs=154 hard=153 obsc=168 yr=  0G nz=0.01 flt=0.00 dmap=+0/-0 shz=3.1 plan=0 cmd=(lx=+0.00,ly=+0.00,rx=-0.45)
  t=113.9 AGR-BRK-TR pos=(-4.93,+2.46) yaw= +68.7 d=0.61 goal_err=+2 carrot_err=  +7 c0=0.47 clear=0.31 prog=0.00 rel=0.93 bal=+0.33 obs=154 hard=153 obsc=168 yr=  0G nz=0.03 flt=0.20 dmap=+0/-0 shz=3.1 plan=0 cmd=(lx=+0.00,ly=+0.00,rx=-0.45)
  t=114.3 AGR-BRK-TR pos=(-4.93,+2.46) yaw= +74.7 d=0.61 goal_err=-4 carrot_err=  +2 c0=1.18 clear=0.79 prog=0.00 rel=0.97 bal=+0.33 obs=156 hard=155 obsc=170 yr= 13G nz=0.03 flt=0.04 dmap=+2/-0 shz=3.1 plan=0 cmd=(lx=+0.00,ly=+0.00,rx=-0.45)
  t=114.7 AGR-BRK-TR pos=(-4.93,+2.46) yaw= +79.1 d=0.61 goal_err=-8 carrot_err=  -3 c0=1.18 clear=0.79 prog=0.00 rel=0.46 bal=+0.33 obs=156 hard=155 obsc=170 yr= 13G nz=0.52 flt=0.07 dmap=+0/-0 shz=3.3 plan=0 cmd=(lx=+0.00,ly=+0.00,rx=-0.45)
  t=115.2 AGR-BRK-TR pos=(-4.93,+2.46) yaw= +85.1 d=0.61 goal_err=-14 carrot_err=  -9 c0=1.18 clear=0.79 prog=0.00 rel=0.47 bal=+0.33 obs=156 hard=155 obsc=170 yr= 14G nz=0.53 flt=0.00 dmap=+0/-0 shz=3.3 plan=0 cmd=(lx=+0.00,ly=+0.00,rx=-0.45)
  t=115.6 AGR-BRK-TR pos=(-4.93,+2.46) yaw= +91.1 d=0.61 goal_err=-20 carrot_err= -15 c0=1.18 clear=0.79 prog=0.00 rel=0.96 bal=+0.33 obs=157 hard=156 obsc=171 yr= 13G nz=0.01 flt=0.00 dmap=+0/-0 shz=3.3 plan=0 cmd=(lx=+0.00,ly=+0.00,rx=-0.45)
  t=116.1 AGR-DWA-F pos=(-4.93,+2.47) yaw= +94.0 d=0.60 goal_err=-24 carrot_err= -18 c0=1.04 clear=0.69 prog=0.01 rel=0.89 bal=+0.33 obs=159 hard=145 obsc=167 yr=  0  nz=0.08 flt=0.08 dmap=+5/-3 shz=3.3 plan=4 cmd=(lx=+0.00,ly=+0.40,rx=+0.00)
  t=116.5 AGR-DWA-F pos=(-4.93,+2.50) yaw= +94.0 d=0.58 goal_err=-25 carrot_err= -19 c0=1.01 clear=0.68 prog=0.06 rel=0.87 bal=+0.32 obs=158 hard=146 obsc=165 yr=  0  nz=0.13 flt=0.00 dmap=+0/-0 shz=3.3 plan=4 cmd=(lx=+0.00,ly=+0.40,rx=+0.00)
  t=117.0 AGR-DWA-F pos=(-4.94,+2.52) yaw= +94.0 d=0.56 goal_err=-26 carrot_err= -20 c0=0.99 clear=0.66 prog=0.09 rel=0.88 bal=+0.32 obs=157 hard=148 obsc=165 yr=  0  nz=0.12 flt=0.01 dmap=+0/-0 shz=3.3 plan=4 cmd=(lx=+0.00,ly=+0.40,rx=+0.00)
  t=117.4 AGR-DWA-F pos=(-4.94,+2.55) yaw= +94.0 d=0.53 goal_err=-27 carrot_err= -21 c0=0.97 clear=0.65 prog=0.13 rel=0.94 bal=+0.25 obs=153 hard=147 obsc=163 yr=  0  nz=0.07 flt=0.00 dmap=+0/-0 shz=3.3 plan=3 cmd=(lx=+0.00,ly=+0.40,rx=+0.00)
  t=117.9 AGR-DWA-F pos=(-4.94,+2.58) yaw= +94.0 d=0.51 goal_err=-28 carrot_err= -22 c0=1.12 clear=0.75 prog=0.18 rel=0.93 bal=+0.25 obs=151 hard=141 obsc=157 yr=  0  nz=0.07 flt=0.01 dmap=+0/-1 shz=3.3 plan=3 cmd=(lx=+0.00,ly=+0.40,rx=+0.00)
  t=118.3 AGR-DWA-F pos=(-4.94,+2.60) yaw= +94.0 d=0.49 goal_err=-30 carrot_err= -23 c0=1.10 clear=0.73 prog=0.16 rel=0.88 bal=+0.25 obs=150 hard=141 obsc=156 yr=  0  nz=0.12 flt=0.00 dmap=+1/-0 shz=3.3 plan=3 cmd=(lx=+0.00,ly=+0.40,rx=+0.00)
  t=118.8 AGR-DWA-F pos=(-4.94,+2.63) yaw= +94.0 d=0.46 goal_err=-31 carrot_err= -25 c0=1.08 clear=0.72 prog=0.16 rel=0.89 bal=+0.25 obs=151 hard=143 obsc=157 yr=  0  nz=0.11 flt=0.01 dmap=+0/-0 shz=3.4 plan=3 cmd=(lx=+0.00,ly=+0.40,rx=+0.00)
  t=119.2 AGR-DWA-T pos=(-4.94,+2.64) yaw= +94.0 d=0.45 goal_err=-32 carrot_err= -26 c0=1.06 clear=0.71 prog=0.15 rel=0.95 bal=+0.23 obs=150 hard=141 obsc=156 yr=  0  nz=0.04 flt=0.00 dmap=+0/-0 shz=3.4 plan=3 cmd=(lx=+0.00,ly=+0.00,rx=+0.00)
  t=119.7 AGR-DWA-T pos=(-4.94,+2.64) yaw= +94.0 d=0.45 goal_err=-32 carrot_err= -26 c0=1.06 clear=0.71 prog=0.11 rel=0.95 bal=+0.23 obs=150 hard=141 obsc=156 yr=  0  nz=0.04 flt=0.00 dmap=+0/-0 shz=3.4 plan=3 cmd=(lx=+0.00,ly=+0.00,rx=+0.00)
  t=120.1 AGR-DWA-T pos=(-4.94,+2.64) yaw= +94.0 d=0.45 goal_err=-32 carrot_err= -26 c0=1.06 clear=0.71 prog=0.07 rel=0.95 bal=+0.23 obs=150 hard=141 obsc=156 yr=  0  nz=0.04 flt=0.00 dmap=+0/-0 shz=3.4 plan=3 cmd=(lx=+0.00,ly=+0.00,rx=+0.00)
  t=120.6 AGR-BRK-BK pos=(-4.94,+2.64) yaw= +94.0 d=0.45 goal_err=-32 carrot_err= -26 c0=1.06 clear=0.71 prog=0.04 rel=0.95 bal=+0.23 obs=150 hard=141 obsc=156 yr=  0  nz=0.04 flt=0.00 dmap=+0/-0 shz=3.4 plan=0 cmd=(lx=+0.00,ly=-0.35,rx=+0.00)
  t=121.0 AGR-BRK-TR pos=(-4.94,+2.61) yaw= +95.6 d=0.48 goal_err=-32 carrot_err= -25 c0=0.92 clear=0.61 prog=0.00 rel=0.97 bal=+0.25 obs=148 hard=139 obsc=154 yr= 15G nz=0.03 flt=0.04 dmap=+0/-0 shz=3.2 plan=0 cmd=(lx=+0.00,ly=+0.00,rx=-0.45)
  t=121.4 AGR-BRK-TR pos=(-4.94,+2.61) yaw=+100.5 d=0.48 goal_err=-36 carrot_err= -30 c0=0.92 clear=0.61 prog=0.00 rel=0.85 bal=+0.25 obs=148 hard=139 obsc=154 yr= 14G nz=0.15 flt=0.03 dmap=+0/-0 shz=3.2 plan=0 cmd=(lx=+0.00,ly=+0.00,rx=-0.45)
  t=121.9 AGR-BRK-TR pos=(-4.94,+2.61) yaw=+106.9 d=0.48 goal_err=-43 carrot_err= -37 c0=0.75 clear=0.50 prog=0.00 rel=0.79 bal=+0.25 obs=148 hard=139 obsc=154 yr= 14G nz=0.21 flt=0.06 dmap=+0/-0 shz=3.2 plan=0 cmd=(lx=+0.00,ly=+0.00,rx=-0.45)
  t=122.3 AGR-BRK-TR pos=(-4.94,+2.61) yaw=+111.7 d=0.48 goal_err=-48 carrot_err= -41 c0=0.75 clear=0.50 prog=0.00 rel=0.79 bal=+0.25 obs=148 hard=139 obsc=154 yr= 14G nz=0.21 flt=0.01 dmap=+0/-0 shz=3.2 plan=0 cmd=(lx=+0.00,ly=+0.00,rx=-0.45)
  t=122.7 AGR-BRK-TR pos=(-4.94,+2.61) yaw=+117.8 d=0.48 goal_err=-54 carrot_err= -47 c0=0.75 clear=0.50 prog=0.00 rel=0.89 bal=-0.15 obs=148 hard=139 obsc=154 yr= 14G nz=0.11 flt=0.02 dmap=+0/-0 shz=3.2 plan=0 cmd=(lx=+0.00,ly=+0.00,rx=-0.45)
  t=123.2 AGR-DWA-F pos=(-4.94,+2.61) yaw=+123.7 d=0.48 goal_err=-60 carrot_err= -53 c0=0.75 clear=0.50 prog=0.00 rel=0.90 bal=-0.15 obs=148 hard=139 obsc=154 yr= 14G nz=0.10 flt=0.16 dmap=+0/-0 shz=3.2 plan=3 cmd=(lx=+0.00,ly=+0.28,rx=+0.45)
  t=123.6 AGR-DWA-F pos=(-4.95,+2.62) yaw=+122.2 d=0.48 goal_err=-60 carrot_err= -54 c0=0.74 clear=0.49 prog=0.01 rel=0.97 bal=-0.16 obs=148 hard=139 obsc=154 yr= 13G nz=0.03 flt=0.04 dmap=+0/-0 shz=3.2 plan=3 cmd=(lx=+0.00,ly=+0.28,rx=+0.45)
  t=124.1 AGR-DWA-F pos=(-4.96,+2.64) yaw=+116.3 d=0.46 goal_err=-57 carrot_err= -51 c0=0.71 clear=0.47 prog=0.04 rel=0.95 bal=-0.16 obs=149 hard=140 obsc=155 yr= 13G nz=0.05 flt=0.08 dmap=+0/-0 shz=3.2 plan=3 cmd=(lx=+0.00,ly=+0.28,rx=+0.45)
  t=124.5 AGR-DWA-F pos=(-4.97,+2.67) yaw=+110.3 d=0.45 goal_err=-54 carrot_err= -48 c0=0.68 clear=0.45 prog=0.07 rel=0.94 bal=-0.24 obs=149 hard=140 obsc=155 yr= 13G nz=0.06 flt=0.01 dmap=+0/-0 shz=3.2 plan=3 cmd=(lx=+0.00,ly=+0.40,rx=+0.45)
  t=125.0 AGR-DWA-F pos=(-4.98,+2.69) yaw=+105.8 d=0.43 goal_err=-51 carrot_err= -46 c0=0.66 clear=0.44 prog=0.09 rel=0.93 bal=-0.24 obs=149 hard=140 obsc=155 yr= 13G nz=0.07 flt=0.00 dmap=+0/-0 shz=3.2 plan=3 cmd=(lx=+0.00,ly=+0.40,rx=+0.45)
  t=125.4 AGR-DWA-T pos=(-4.99,+2.71) yaw= +99.9 d=0.42 goal_err=-48 carrot_err= -43 c0=0.80 clear=0.53 prog=0.11 rel=0.91 bal=-0.25 obs=150 hard=141 obsc=156 yr= 14G nz=0.09 flt=0.01 dmap=+0/-0 shz=3.2 plan=3 cmd=(lx=+0.00,ly=+0.00,rx=+0.00)
  t=125.9 AGR-DWA-T pos=(-4.99,+2.72) yaw= +98.4 d=0.41 goal_err=-48 carrot_err= -43 c0=0.79 clear=0.53 prog=0.10 rel=0.89 bal=-0.25 obs=143 hard=131 obsc=148 yr=  0  nz=0.11 flt=0.07 dmap=+0/-0 shz=3.2 plan=3 cmd=(lx=+0.00,ly=+0.00,rx=+0.00)
  t=126.3 AGR-DWA-T pos=(-4.99,+2.72) yaw= +98.4 d=0.41 goal_err=-48 carrot_err= -43 c0=0.79 clear=0.53 prog=0.07 rel=0.89 bal=-0.25 obs=142 hard=132 obsc=147 yr=  0  nz=0.11 flt=0.03 dmap=+0/-0 shz=3.2 plan=2 cmd=(lx=+0.00,ly=+0.00,rx=+0.00)
  t=126.8 AGR-DWA-T pos=(-4.99,+2.72) yaw= +98.4 d=0.41 goal_err=-48 carrot_err= -43 c0=0.79 clear=0.53 prog=0.05 rel=0.89 bal=-0.25 obs=142 hard=132 obsc=147 yr=  0  nz=0.11 flt=0.03 dmap=+0/-0 shz=3.2 plan=0 cmd=(lx=+0.00,ly=+0.00,rx=+0.00)
  t=127.2 AGR-BRK-BK pos=(-4.99,+2.70) yaw= +98.4 d=0.43 goal_err=-45 carrot_err= -40 c0=0.82 clear=0.54 prog=0.00 rel=1.00 bal=+0.19 obs=140 hard=132 obsc=145 yr=  0  nz=0.00 flt=0.00 dmap=+0/-0 shz=3.1 plan=0 cmd=(lx=+0.00,ly=-0.35,rx=+0.00)
  t=127.6 AGR-BRK-TR pos=(-4.98,+2.67) yaw= +95.4 d=0.45 goal_err=-40 carrot_err= -34 c0=0.84 clear=0.56 prog=0.00 rel=0.96 bal=+0.20 obs=140 hard=132 obsc=145 yr= 14G nz=0.04 flt=0.01 dmap=+0/-0 shz=3.1 plan=0 cmd=(lx=+0.00,ly=+0.00,rx=+0.45)
  t=128.1 AGR-BRK-TR pos=(-4.98,+2.67) yaw= +90.9 d=0.45 goal_err=-35 carrot_err= -30 c0=1.02 clear=0.68 prog=0.00 rel=0.84 bal=+0.18 obs=140 hard=132 obsc=145 yr= 13G nz=0.16 flt=0.01 dmap=+0/-0 shz=3.3 plan=0 cmd=(lx=+0.00,ly=+0.00,rx=+0.45)
  t=128.5 AGR-BRK-TR pos=(-4.98,+2.67) yaw= +86.5 d=0.45 goal_err=-31 carrot_err= -25 c0=1.19 clear=0.79 prog=0.00 rel=0.79 bal=+0.18 obs=140 hard=132 obsc=145 yr=  0G nz=0.21 flt=0.00 dmap=+0/-0 shz=3.3 plan=0 cmd=(lx=+0.00,ly=+0.00,rx=+0.45)
  t=129.0 AGR-BRK-TR pos=(-4.98,+2.67) yaw= +80.5 d=0.45 goal_err=-25 carrot_err= -20 c0=1.10 clear=0.73 prog=0.00 rel=0.81 bal=+0.18 obs=140 hard=132 obsc=145 yr= 13G nz=0.19 flt=0.00 dmap=+0/-0 shz=3.3 plan=0 cmd=(lx=+0.00,ly=+0.00,rx=+0.45)
  t=129.4 AGR-BRK-TR pos=(-4.98,+2.67) yaw= +76.0 d=0.45 goal_err=-20 carrot_err= -15 c0=1.10 clear=0.73 prog=0.00 rel=0.89 bal=+0.18 obs=140 hard=132 obsc=145 yr=  0G nz=0.12 flt=0.00 dmap=+0/-0 shz=3.3 plan=0 cmd=(lx=+0.00,ly=+0.00,rx=+0.45)
  t=129.9 AGR-DWA-T pos=(-4.98,+2.67) yaw= +70.1 d=0.45 goal_err=-14 carrot_err=  -9 c0=1.10 clear=0.73 prog=0.00 rel=0.93 bal=+0.19 obs=140 hard=132 obsc=145 yr= 13  nz=0.07 flt=0.00 dmap=+0/-0 shz=3.3 plan=3 cmd=(lx=+0.00,ly=+0.00,rx=+0.00)
  t=130.3 AGR-DWA-T pos=(-4.98,+2.67) yaw= +70.1 d=0.45 goal_err=-14 carrot_err=  -9 c0=1.10 clear=0.73 prog=0.00 rel=0.94 bal=+0.19 obs=136 hard=129 obsc=142 yr=  0  nz=0.06 flt=0.04 dmap=+0/-0 shz=3.3 plan=3 cmd=(lx=+0.00,ly=+0.00,rx=+0.00)
  t=130.7 AGR-DWA-T pos=(-4.98,+2.67) yaw= +70.1 d=0.45 goal_err=-14 carrot_err=  -9 c0=1.10 clear=0.73 prog=0.00 rel=0.94 bal=+0.19 obs=136 hard=129 obsc=142 yr=  0  nz=0.06 flt=0.04 dmap=+0/-0 shz=3.3 plan=3 cmd=(lx=+0.00,ly=+0.00,rx=+0.00)
  t=131.2 AGR-BRK-BK pos=(-4.98,+2.67) yaw= +70.1 d=0.45 goal_err=-14 carrot_err=  -9 c0=1.10 clear=0.73 prog=0.00 rel=0.94 bal=+0.19 obs=136 hard=129 obsc=142 yr=  0  nz=0.06 flt=0.04 dmap=+0/-0 shz=3.3 plan=0 cmd=(lx=+0.00,ly=-0.35,rx=+0.00)
  t=131.6 AGR-BRK-TR pos=(-4.99,+2.65) yaw= +70.1 d=0.47 goal_err=-14 carrot_err=  -9 c0=1.12 clear=0.75 prog=0.00 rel=1.00 bal=+0.20 obs=132 hard=125 obsc=138 yr=  0  nz=0.00 flt=0.00 dmap=+0/-0 shz=3.1 plan=0 cmd=(lx=+0.00,ly=+0.00,rx=-0.45)
  t=132.1 AGR-BRK-TR pos=(-4.99,+2.64) yaw= +74.6 d=0.48 goal_err=-18 carrot_err= -13 c0=1.13 clear=0.76 prog=0.00 rel=0.98 bal=+0.20 obs=132 hard=125 obsc=138 yr= 13G nz=0.02 flt=0.09 dmap=+0/-0 shz=3.1 plan=0 cmd=(lx=+0.00,ly=+0.00,rx=-0.45)
  t=132.5 AGR-BRK-TR pos=(-4.99,+2.64) yaw= +80.5 d=0.48 goal_err=-24 carrot_err= -19 c0=1.13 clear=0.76 prog=0.00 rel=0.97 bal=+0.18 obs=132 hard=125 obsc=138 yr= 13G nz=0.03 flt=0.00 dmap=+0/-0 shz=3.3 plan=0 cmd=(lx=+0.00,ly=+0.00,rx=-0.45)
  t=132.9 AGR-BRK-TR pos=(-4.99,+2.64) yaw= +85.0 d=0.48 goal_err=-28 carrot_err= -23 c0=1.23 clear=0.82 prog=0.00 rel=0.97 bal=+0.18 obs=132 hard=125 obsc=138 yr= 14G nz=0.03 flt=0.04 dmap=+0/-0 shz=3.3 plan=0 cmd=(lx=+0.00,ly=+0.00,rx=-0.45)
  t=133.4 AGR-BRK-TR pos=(-4.99,+2.64) yaw= +90.9 d=0.48 goal_err=-34 carrot_err= -29 c0=1.05 clear=0.70 prog=0.00 rel=0.91 bal=+0.19 obs=132 hard=125 obsc=138 yr= 13G nz=0.09 flt=0.01 dmap=+0/-0 shz=3.3 plan=0 cmd=(lx=+0.00,ly=+0.00,rx=-0.45)
  t=133.8 AGR-BRK-TR pos=(-4.99,+2.64) yaw= +95.4 d=0.48 goal_err=-39 carrot_err= -34 c0=0.86 clear=0.58 prog=0.00 rel=0.90 bal=+0.19 obs=132 hard=125 obsc=138 yr= 13G nz=0.10 flt=0.00 dmap=+0/-0 shz=3.3 plan=0 cmd=(lx=+0.00,ly=+0.00,rx=-0.45)
  t=134.3 AGR-DWA-T pos=(-4.99,+2.64) yaw= +99.9 d=0.48 goal_err=-43 carrot_err= -38 c0=0.86 clear=0.58 prog=0.00 rel=0.79 bal=+0.12 obs=128 hard=117 obsc=133 yr=  0  nz=0.21 flt=0.04 dmap=+0/-4 shz=3.3 plan=3 cmd=(lx=+0.00,ly=+0.00,rx=+0.00)
  t=134.7 AGR-DWA-T pos=(-4.99,+2.64) yaw= +99.9 d=0.48 goal_err=-43 carrot_err= -38 c0=0.86 clear=0.58 prog=0.00 rel=0.79 bal=+0.12 obs=128 hard=117 obsc=133 yr=  0  nz=0.21 flt=0.04 dmap=+0/-0 shz=3.3 plan=3 cmd=(lx=+0.00,ly=+0.00,rx=+0.00)
  t=135.2 AGR-DWA-T pos=(-4.99,+2.64) yaw= +99.9 d=0.48 goal_err=-43 carrot_err= -38 c0=0.86 clear=0.58 prog=0.00 rel=0.79 bal=+0.12 obs=128 hard=117 obsc=133 yr=  0  nz=0.21 flt=0.04 dmap=+0/-0 shz=3.3 plan=3 cmd=(lx=+0.00,ly=+0.00,rx=+0.00)
  t=135.6 AGR-BRK-BK pos=(-4.99,+2.64) yaw= +99.9 d=0.48 goal_err=-43 carrot_err= -38 c0=0.86 clear=0.58 prog=0.00 rel=0.79 bal=+0.12 obs=128 hard=117 obsc=133 yr=  0  nz=0.21 flt=0.04 dmap=+0/-0 shz=3.3 plan=0 cmd=(lx=+0.00,ly=-0.35,rx=+0.00)
  t=136.0 AGR-BRK-TR pos=(-4.99,+2.60) yaw= +99.9 d=0.51 goal_err=-40 carrot_err= -35 c0=0.73 clear=0.48 prog=0.00 rel=1.00 bal=+0.12 obs=128 hard=120 obsc=133 yr=  0G nz=0.00 flt=0.01 dmap=+0/-0 shz=3.1 plan=0 cmd=(lx=+0.00,ly=+0.00,rx=-0.45)
  t=136.5 AGR-BRK-TR pos=(-4.99,+2.60) yaw=+105.8 d=0.51 goal_err=-46 carrot_err= -41 c0=0.73 clear=0.48 prog=0.00 rel=0.81 bal=+0.12 obs=128 hard=120 obsc=133 yr= 13G nz=0.15 flt=0.29 dmap=+0/-0 shz=3.1 plan=0 cmd=(lx=+0.00,ly=+0.00,rx=-0.45)
  t=136.9 AGR-BRK-TR pos=(-4.99,+2.60) yaw=+110.3 d=0.51 goal_err=-51 carrot_err= -45 c0=0.73 clear=0.48 prog=0.00 rel=0.88 bal=+0.12 obs=128 hard=120 obsc=133 yr= 13G nz=0.12 flt=0.00 dmap=+0/-0 shz=3.1 plan=0 cmd=(lx=+0.00,ly=+0.00,rx=-0.45)
  t=137.4 AGR-BRK-TR pos=(-4.99,+2.60) yaw=+116.3 d=0.51 goal_err=-57 carrot_err= -51 c0=0.73 clear=0.48 prog=0.00 rel=0.88 bal=-0.34 obs=128 hard=120 obsc=133 yr= 13G nz=0.12 flt=0.21 dmap=+0/-0 shz=3.1 plan=0 cmd=(lx=+0.00,ly=+0.00,rx=-0.45)
  t=137.8 AGR-BRK-TR pos=(-4.99,+2.60) yaw=+120.7 d=0.51 goal_err=-61 carrot_err= -56 c0=0.73 clear=0.48 prog=0.00 rel=0.93 bal=-0.31 obs=130 hard=122 obsc=135 yr=  0G nz=0.03 flt=0.09 dmap=+0/-0 shz=3.1 plan=0 cmd=(lx=+0.00,ly=+0.00,rx=-0.45)
  t=138.2 AGR-BRK-TR pos=(-4.99,+2.60) yaw=+126.7 d=0.51 goal_err=-67 carrot_err= -62 c0=0.73 clear=0.48 prog=0.00 rel=0.94 bal=-0.31 obs=130 hard=122 obsc=135 yr= 13G nz=0.03 flt=0.00 dmap=+0/-0 shz=3.1 plan=0 cmd=(lx=+0.00,ly=+0.00,rx=-0.45)
  t=138.7 AGR-DWA-F pos=(-4.99,+2.60) yaw=+128.2 d=0.51 goal_err=-69 carrot_err= -64 c0=0.72 clear=0.48 prog=0.00 rel=0.98 bal=-0.31 obs=130 hard=122 obsc=135 yr= 13G nz=0.02 flt=0.09 dmap=+0/-0 shz=3.1 plan=3 cmd=(lx=+0.00,ly=+0.28,rx=+0.45)
  t=139.1 AGR-DWA-F pos=(-5.01,+2.63) yaw=+122.2 d=0.50 goal_err=-66 carrot_err= -62 c0=0.69 clear=0.46 prog=0.02 rel=0.96 bal=-0.31 obs=131 hard=123 obsc=136 yr= 13G nz=0.04 flt=0.03 dmap=+1/-0 shz=3.1 plan=3 cmd=(lx=+0.00,ly=+0.28,rx=+0.45)
  t=139.6 AGR-DWA-F pos=(-5.02,+2.65) yaw=+116.3 d=0.49 goal_err=-63 carrot_err= -59 c0=0.67 clear=0.44 prog=0.04 rel=0.95 bal=-0.31 obs=131 hard=123 obsc=136 yr= 13G nz=0.05 flt=0.03 dmap=+0/-0 shz=3.1 plan=3 cmd=(lx=+0.00,ly=+0.28,rx=+0.45)
  t=140.0 AGR-DWA-F pos=(-5.03,+2.67) yaw=+111.8 d=0.48 goal_err=-61 carrot_err= -57 c0=0.64 clear=0.43 prog=0.06 rel=0.94 bal=-0.30 obs=131 hard=123 obsc=136 yr= 13G nz=0.06 flt=0.00 dmap=+0/-0 shz=3.3 plan=3 cmd=(lx=+0.00,ly=+0.28,rx=+0.45)
  t=140.5 AGR-DWA-F pos=(-5.04,+2.69) yaw=+107.3 d=0.47 goal_err=-59 carrot_err= -55 c0=0.62 clear=0.42 prog=0.08 rel=0.94 bal=-0.29 obs=131 hard=123 obsc=136 yr=  0G nz=0.06 flt=0.01 dmap=+0/-0 shz=3.3 plan=3 cmd=(lx=+0.00,ly=+0.28,rx=+0.45)
  t=140.9 AGR-DWA-F pos=(-5.05,+2.72) yaw=+101.4 d=0.45 goal_err=-56 carrot_err= -52 c0=0.60 clear=0.40 prog=0.09 rel=0.95 bal=-0.25 obs=131 hard=123 obsc=136 yr= 14G nz=0.05 flt=0.01 dmap=+0/-0 shz=3.3 plan=3 cmd=(lx=+0.00,ly=+0.28,rx=+0.45)
  t=141.4 AGR-DWA-F pos=(-5.05,+2.75) yaw= +95.3 d=0.43 goal_err=-53 carrot_err= -50 c0=0.74 clear=0.49 prog=0.10 rel=0.90 bal=-0.31 obs=131 hard=123 obsc=136 yr= 15G nz=0.10 flt=0.03 dmap=+0/-0 shz=3.3 plan=3 cmd=(lx=+0.00,ly=+0.28,rx=+0.45)
  t=141.8 AGR-DWA-F pos=(-5.05,+2.77) yaw= +90.5 d=0.42 goal_err=-51 carrot_err= -49 c0=0.90 clear=0.60 prog=0.11 rel=0.81 bal=-0.34 obs=131 hard=123 obsc=136 yr= 14G nz=0.19 flt=0.00 dmap=+0/-0 shz=3.3 plan=2 cmd=(lx=+0.00,ly=+0.40,rx=+0.45)
  t=142.3 AGR-DWA-T pos=(-5.05,+2.79) yaw= +87.3 d=0.41 goal_err=-50 carrot_err= -48 c0=1.11 clear=0.74 prog=0.10 rel=0.73 bal=-0.34 obs=128 hard=114 obsc=134 yr=  0  nz=0.27 flt=0.07 dmap=+0/-0 shz=3.3 plan=2 cmd=(lx=+0.00,ly=+0.00,rx=+0.00)
  t=142.7 AGR-DWA-T pos=(-5.05,+2.79) yaw= +87.3 d=0.41 goal_err=-50 carrot_err= -48 c0=1.11 clear=0.74 prog=0.09 rel=0.72 bal=-0.34 obs=127 hard=118 obsc=133 yr=  0  nz=0.28 flt=0.01 dmap=+0/-0 shz=3.3 plan=2 cmd=(lx=+0.00,ly=+0.00,rx=+0.00)
  t=143.2 AGR-DWA-T pos=(-5.05,+2.79) yaw= +87.3 d=0.41 goal_err=-50 carrot_err= -48 c0=1.11 clear=0.74 prog=0.06 rel=0.72 bal=-0.34 obs=127 hard=118 obsc=133 yr=  0  nz=0.28 flt=0.01 dmap=+0/-0 shz=3.3 plan=2 cmd=(lx=+0.00,ly=+0.00,rx=+0.00)
  t=143.6 AGR-BRK-BK pos=(-5.05,+2.79) yaw= +87.3 d=0.41 goal_err=-50 carrot_err= -48 c0=1.11 clear=0.74 prog=0.03 rel=0.72 bal=-0.34 obs=127 hard=118 obsc=133 yr=  0  nz=0.28 flt=0.01 dmap=+0/-0 shz=3.3 plan=0 cmd=(lx=+0.00,ly=-0.35,rx=+0.00)
  t=144.0 AGR-BRK-TR pos=(-5.05,+2.77) yaw= +84.3 d=0.42 goal_err=-44 carrot_err= -42 c0=0.95 clear=0.63 prog=0.00 rel=0.85 bal=+0.07 obs=127 hard=116 obsc=132 yr= 13G nz=0.15 flt=0.06 dmap=+0/-0 shz=3.1 plan=0 cmd=(lx=+0.00,ly=+0.00,rx=+0.45)
  t=144.5 AGR-BRK-TR pos=(-5.05,+2.77) yaw= +79.8 d=0.42 goal_err=-40 carrot_err= -37 c0=0.95 clear=0.63 prog=0.00 rel=0.86 bal=+0.07 obs=127 hard=116 obsc=132 yr= 14G nz=0.14 flt=0.00 dmap=+0/-0 shz=3.1 plan=0 cmd=(lx=+0.00,ly=+0.00,rx=+0.45)
  t=144.9 AGR-BRK-TR pos=(-5.05,+2.77) yaw= +73.9 d=0.42 goal_err=-34 carrot_err= -31 c0=0.95 clear=0.63 prog=0.00 rel=0.88 bal=+0.07 obs=127 hard=116 obsc=132 yr= 14G nz=0.12 flt=0.00 dmap=+0/-0 shz=3.1 plan=0 cmd=(lx=+0.00,ly=+0.00,rx=+0.45)
  t=145.4 AGR-BRK-TR pos=(-5.05,+2.77) yaw= +69.4 d=0.42 goal_err=-29 carrot_err= -27 c0=0.95 clear=0.63 prog=0.00 rel=0.98 bal=+0.07 obs=127 hard=116 obsc=132 yr= 14G nz=0.02 flt=0.01 dmap=+0/-0 shz=3.1 plan=0 cmd=(lx=+0.00,ly=+0.00,rx=+0.45)
  t=145.8 AGR-BRK-TR pos=(-5.05,+2.77) yaw= +63.4 d=0.42 goal_err=-23 carrot_err= -21 c0=0.95 clear=0.63 prog=0.00 rel=0.99 bal=+0.07 obs=127 hard=116 obsc=132 yr= 13G nz=0.01 flt=0.01 dmap=+0/-0 shz=3.1 plan=0 cmd=(lx=+0.00,ly=+0.00,rx=+0.45)
  t=146.2 AGR-DWA-T pos=(-5.05,+2.77) yaw= +59.0 d=0.42 goal_err=-19 carrot_err= -16 c0=0.95 clear=0.63 prog=0.00 rel=0.99 bal=+0.07 obs=127 hard=113 obsc=132 yr= 13  nz=0.01 flt=0.12 dmap=+0/-0 shz=3.1 plan=2 cmd=(lx=+0.00,ly=+0.00,rx=+0.00)
  t=146.7 AGR-DWA-T pos=(-5.05,+2.77) yaw= +57.5 d=0.42 goal_err=-17 carrot_err= -15 c0=1.06 clear=0.71 prog=0.00 rel=0.93 bal=+0.16 obs=122 hard=116 obsc=132 yr=  0  nz=0.07 flt=0.01 dmap=+0/-0 shz=3.2 plan=2 cmd=(lx=+0.00,ly=+0.00,rx=+0.00)
  t=147.1 AGR-DWA-T pos=(-5.05,+2.77) yaw= +57.5 d=0.42 goal_err=-17 carrot_err= -15 c0=1.06 clear=0.71 prog=0.00 rel=0.93 bal=+0.16 obs=122 hard=116 obsc=132 yr=  0  nz=0.07 flt=0.01 dmap=+0/-0 shz=3.2 plan=2 cmd=(lx=+0.00,ly=+0.00,rx=+0.00)
  t=147.6 AGR-BRK-TR pos=(-5.05,+2.77) yaw= +57.5 d=0.42 goal_err=-17 carrot_err= -15 c0=1.06 clear=0.71 prog=0.00 rel=0.93 bal=+0.16 obs=122 hard=116 obsc=132 yr=  0  nz=0.07 flt=0.01 dmap=+0/-0 shz=3.2 plan=0 cmd=(lx=+0.00,ly=+0.00,rx=-0.45)
  t=148.0 AGR-BRK-TR pos=(-5.05,+2.77) yaw= +61.9 d=0.42 goal_err=-22 carrot_err= -19 c0=1.06 clear=0.71 prog=0.00 rel=0.91 bal=+0.16 obs=122 hard=116 obsc=132 yr= 13G nz=0.09 flt=0.11 dmap=+0/-0 shz=3.1 plan=0 cmd=(lx=+0.00,ly=+0.00,rx=-0.45)
  t=148.4 AGR-BRK-TR pos=(-5.05,+2.77) yaw= +67.9 d=0.42 goal_err=-28 carrot_err= -25 c0=1.06 clear=0.71 prog=0.00 rel=0.99 bal=+0.16 obs=122 hard=116 obsc=132 yr= 14G nz=0.01 flt=0.01 dmap=+0/-0 shz=3.1 plan=0 cmd=(lx=+0.00,ly=+0.00,rx=-0.45)
  t=148.9 AGR-BRK-TR pos=(-5.05,+2.77) yaw= +72.4 d=0.42 goal_err=-32 carrot_err= -30 c0=1.06 clear=0.71 prog=0.00 rel=0.99 bal=+0.16 obs=122 hard=116 obsc=132 yr= 13G nz=0.01 flt=0.03 dmap=+0/-0 shz=3.1 plan=0 cmd=(lx=+0.00,ly=+0.00,rx=-0.45)
  t=149.3 AGR-BRK-TR pos=(-5.05,+2.77) yaw= +78.3 d=0.42 goal_err=-38 carrot_err= -36 c0=1.13 clear=0.75 prog=0.00 rel=0.99 bal=+0.16 obs=122 hard=116 obsc=132 yr= 13G nz=0.01 flt=0.00 dmap=+0/-0 shz=3.1 plan=0 cmd=(lx=+0.00,ly=+0.00,rx=-0.45)
  t=149.8 AGR-BRK-TR pos=(-5.05,+2.77) yaw= +82.8 d=0.42 goal_err=-43 carrot_err= -40 c0=1.13 clear=0.75 prog=0.00 rel=0.95 bal=+0.16 obs=122 hard=116 obsc=132 yr= 13G nz=0.05 flt=0.00 dmap=+0/-0 shz=3.1 plan=0 cmd=(lx=+0.00,ly=+0.00,rx=-0.45)
  t=150.2 AGR-DWA-T pos=(-5.05,+2.77) yaw= +87.3 d=0.42 goal_err=-47 carrot_err= -45 c0=1.13 clear=0.75 prog=0.00 rel=0.94 bal=+0.16 obs=122 hard=116 obsc=132 yr=  0  nz=0.06 flt=0.01 dmap=+0/-0 shz=3.1 plan=2 cmd=(lx=+0.00,ly=+0.00,rx=+0.00)
  t=150.7 AGR-DWA-T pos=(-5.05,+2.77) yaw= +87.3 d=0.42 goal_err=-47 carrot_err= -45 c0=1.13 clear=0.75 prog=0.00 rel=0.94 bal=+0.16 obs=122 hard=113 obsc=123 yr=  0  nz=0.06 flt=0.04 dmap=+0/-0 shz=3.1 plan=2 cmd=(lx=+0.00,ly=+0.00,rx=+0.00)
  t=151.1 AGR-DWA-T pos=(-5.05,+2.77) yaw= +87.3 d=0.42 goal_err=-47 carrot_err= -45 c0=1.13 clear=0.75 prog=0.00 rel=0.94 bal=+0.16 obs=122 hard=113 obsc=123 yr=  0  nz=0.06 flt=0.04 dmap=+0/-0 shz=3.1 plan=2 cmd=(lx=+0.00,ly=+0.00,rx=+0.00)
  t=151.5 AGR-BRK-TR pos=(-5.05,+2.77) yaw= +87.3 d=0.42 goal_err=-47 carrot_err= -45 c0=1.13 clear=0.75 prog=0.00 rel=0.94 bal=+0.16 obs=122 hard=113 obsc=123 yr=  0G nz=0.06 flt=0.04 dmap=+0/-0 shz=3.1 plan=0 cmd=(lx=+0.00,ly=+0.00,rx=+0.45)
  t=152.0 AGR-BRK-TR pos=(-5.05,+2.77) yaw= +82.8 d=0.42 goal_err=-43 carrot_err= -40 c0=1.13 clear=0.75 prog=0.00 rel=0.99 bal=+0.16 obs=122 hard=113 obsc=123 yr=  0G nz=0.01 flt=0.04 dmap=+0/-0 shz=2.9 plan=0 cmd=(lx=+0.00,ly=+0.00,rx=+0.45)
  t=152.4 AGR-BRK-TR pos=(-5.05,+2.77) yaw= +76.8 d=0.42 goal_err=-37 carrot_err= -34 c0=1.06 clear=0.71 prog=0.00 rel=0.99 bal=+0.16 obs=122 hard=113 obsc=123 yr= 14G nz=0.01 flt=0.00 dmap=+0/-0 shz=3.1 plan=0 cmd=(lx=+0.00,ly=+0.00,rx=+0.45)
  t=152.8 AGR-BRK-TR pos=(-5.05,+2.77) yaw= +70.9 d=0.42 goal_err=-31 carrot_err= -28 c0=1.06 clear=0.71 prog=0.00 rel=0.95 bal=+0.16 obs=122 hard=113 obsc=123 yr= 13G nz=0.05 flt=0.07 dmap=+0/-0 shz=3.1 plan=0 cmd=(lx=+0.00,ly=+0.00,rx=+0.45)
  t=153.3 AGR-BRK-TR pos=(-5.05,+2.77) yaw= +66.4 d=0.42 goal_err=-26 carrot_err= -24 c0=1.06 clear=0.71 prog=0.00 rel=0.94 bal=+0.16 obs=122 hard=113 obsc=123 yr= 13G nz=0.06 flt=0.00 dmap=+0/-0 shz=3.1 plan=0 cmd=(lx=+0.00,ly=+0.00,rx=+0.45)
  t=153.7 AGR-BRK-TR pos=(-5.05,+2.77) yaw= +60.5 d=0.42 goal_err=-20 carrot_err= -18 c0=1.06 clear=0.71 prog=0.00 rel=0.96 bal=+0.16 obs=122 hard=113 obsc=123 yr= 14G nz=0.04 flt=0.08 dmap=+0/-0 shz=3.1 plan=0 cmd=(lx=+0.00,ly=+0.00,rx=+0.45)
  t=154.2 AGR-DWA-T pos=(-5.05,+2.77) yaw= +56.0 d=0.42 goal_err=-16 carrot_err= -13 c0=1.06 clear=0.71 prog=0.00 rel=0.99 bal=+0.18 obs=121 hard=115 obsc=123 yr=  0  nz=0.01 flt=0.00 dmap=+0/-0 shz=3.1 plan=2 cmd=(lx=+0.00,ly=+0.00,rx=+0.00)
  t=154.6 AGR-DWA-T pos=(-5.05,+2.77) yaw= +56.0 d=0.42 goal_err=-16 carrot_err= -13 c0=1.06 clear=0.71 prog=0.00 rel=0.99 bal=+0.18 obs=121 hard=115 obsc=123 yr=  0  nz=0.01 flt=0.00 dmap=+0/-0 shz=3.1 plan=2 cmd=(lx=+0.00,ly=+0.00,rx=+0.00)
  t=155.0 AGR-DWA-T pos=(-5.05,+2.77) yaw= +56.0 d=0.42 goal_err=-16 carrot_err= -13 c0=1.06 clear=0.71 prog=0.00 rel=0.99 bal=+0.18 obs=121 hard=115 obsc=123 yr=  0  nz=0.01 flt=0.00 dmap=+0/-0 shz=3.1 plan=2 cmd=(lx=+0.00,ly=+0.00,rx=+0.00)
  t=155.5 AGR-BRK-BK pos=(-5.06,+2.76) yaw= +56.0 d=0.44 goal_err=-15 carrot_err= -13 c0=1.07 clear=0.71 prog=0.00 rel=0.99 bal=+0.16 obs=121 hard=115 obsc=123 yr=  0  nz=0.01 flt=0.00 dmap=+0/-0 shz=3.1 plan=0 cmd=(lx=+0.00,ly=-0.35,rx=+0.00)
  t=155.9 AGR-BRK-TR pos=(-5.08,+2.72) yaw= +57.5 d=0.47 goal_err=-16 carrot_err= -13 c0=1.11 clear=0.74 prog=0.00 rel=1.00 bal=+0.14 obs=121 hard=114 obsc=122 yr= 13G nz=0.00 flt=0.12 dmap=+0/-0 shz=2.9 plan=0 cmd=(lx=+0.00,ly=+0.00,rx=-0.45)
  t=156.4 AGR-BRK-TR pos=(-5.08,+2.72) yaw= +61.9 d=0.47 goal_err=-20 carrot_err= -18 c0=1.11 clear=0.74 prog=0.00 rel=0.98 bal=+0.14 obs=121 hard=114 obsc=122 yr= 14G nz=0.02 flt=0.04 dmap=+0/-0 shz=3.1 plan=0 cmd=(lx=+0.00,ly=+0.00,rx=-0.45)
  t=156.8 AGR-BRK-TR pos=(-5.08,+2.72) yaw= +67.9 d=0.47 goal_err=-26 carrot_err= -24 c0=1.11 clear=0.74 prog=0.00 rel=0.97 bal=+0.14 obs=121 hard=114 obsc=122 yr= 13G nz=0.03 flt=0.00 dmap=+0/-0 shz=3.1 plan=0 cmd=(lx=+0.00,ly=+0.00,rx=-0.45)
  t=157.2 AGR-BRK-TR pos=(-5.08,+2.72) yaw= +73.9 d=0.47 goal_err=-32 carrot_err= -30 c0=1.11 clear=0.74 prog=0.00 rel=0.99 bal=+0.14 obs=121 hard=114 obsc=122 yr= 13G nz=0.01 flt=0.04 dmap=+0/-0 shz=3.1 plan=0 cmd=(lx=+0.00,ly=+0.00,rx=-0.45)
  t=157.7 AGR-BRK-TR pos=(-5.08,+2.72) yaw= +79.8 d=0.47 goal_err=-38 carrot_err= -35 c0=1.18 clear=0.79 prog=0.00 rel=0.99 bal=+0.14 obs=121 hard=114 obsc=122 yr= 13G nz=0.01 flt=0.20 dmap=+0/-0 shz=3.1 plan=0 cmd=(lx=+0.00,ly=+0.00,rx=-0.45)
  t=158.1 AGR-DWA-T pos=(-5.08,+2.72) yaw= +85.8 d=0.47 goal_err=-44 carrot_err= -41 c0=0.93 clear=0.62 prog=0.00 rel=0.87 bal=+0.14 obs=121 hard=114 obsc=122 yr= 14G nz=0.09 flt=0.01 dmap=+0/-0 shz=3.1 plan=2 cmd=(lx=+0.00,ly=+0.00,rx=+0.00)
  t=158.6 AGR-DWA-T pos=(-5.08,+2.72) yaw= +87.3 d=0.47 goal_err=-45 carrot_err= -43 c0=0.93 clear=0.62 prog=0.00 rel=0.82 bal=+0.14 obs=116 hard=105 obsc=118 yr=  0  nz=0.18 flt=0.10 dmap=+0/-0 shz=3.1 plan=2 cmd=(lx=+0.00,ly=+0.00,rx=+0.00)
  t=159.0 AGR-DWA-T pos=(-5.08,+2.72) yaw= +87.3 d=0.47 goal_err=-45 carrot_err= -43 c0=0.93 clear=0.62 prog=0.00 rel=0.79 bal=+0.14 obs=115 hard=106 obsc=117 yr=  0  nz=0.21 flt=0.05 dmap=+0/-0 shz=3.1 plan=2 cmd=(lx=+0.00,ly=+0.00,rx=+0.00)
  t=159.5 AGR-DWA-T pos=(-5.08,+2.72) yaw= +87.3 d=0.47 goal_err=-45 carrot_err= -43 c0=0.93 clear=0.62 prog=0.00 rel=0.79 bal=+0.14 obs=115 hard=106 obsc=117 yr=  0  nz=0.21 flt=0.05 dmap=+0/-0 shz=3.1 plan=0 cmd=(lx=+0.00,ly=+0.00,rx=+0.00)
  t=159.9 AGR-BRK-BK pos=(-5.08,+2.70) yaw= +87.3 d=0.49 goal_err=-43 carrot_err= -41 c0=0.95 clear=0.64 prog=0.00 rel=0.79 bal=+0.15 obs=115 hard=104 obsc=112 yr=  0  nz=0.21 flt=0.01 dmap=+0/-0 shz=2.9 plan=0 cmd=(lx=+0.00,ly=-0.35,rx=+0.00)
  t=160.3 AGR-BRK-TR pos=(-5.08,+2.69) yaw= +90.3 d=0.50 goal_err=-45 carrot_err= -42 c0=0.78 clear=0.52 prog=0.00 rel=0.98 bal=+0.07 obs=117 hard=106 obsc=114 yr= 14G nz=0.02 flt=0.01 dmap=+0/-0 shz=2.9 plan=0 cmd=(lx=+0.00,ly=+0.00,rx=-0.45)
  t=160.8 AGR-BRK-TR pos=(-5.08,+2.69) yaw= +96.2 d=0.50 goal_err=-51 carrot_err= -48 c0=0.78 clear=0.52 prog=0.00 rel=0.80 bal=+0.07 obs=118 hard=107 obsc=115 yr= 14G nz=0.18 flt=0.00 dmap=+0/-0 shz=2.9 plan=0 cmd=(lx=+0.00,ly=+0.00,rx=-0.45)
  t=161.2 AGR-BRK-TR pos=(-5.08,+2.69) yaw=+100.7 d=0.50 goal_err=-56 carrot_err= -53 c0=0.60 clear=0.40 prog=0.00 rel=0.83 bal=-0.35 obs=118 hard=107 obsc=115 yr= 13G nz=0.17 flt=0.02 dmap=+0/-0 shz=2.9 plan=0 cmd=(lx=+0.00,ly=+0.00,rx=-0.45)
  t=161.7 AGR-BRK-TR pos=(-5.08,+2.69) yaw=+106.6 d=0.50 goal_err=-62 carrot_err= -59 c0=0.60 clear=0.40 prog=0.00 rel=0.75 bal=-0.29 obs=119 hard=108 obsc=116 yr= 13G nz=0.22 flt=0.00 dmap=+0/-0 shz=2.9 plan=0 cmd=(lx=+0.00,ly=+0.00,rx=-0.45)
  t=162.1 AGR-BRK-TR pos=(-5.08,+2.69) yaw=+111.1 d=0.50 goal_err=-66 carrot_err= -63 c0=0.60 clear=0.40 prog=0.00 rel=0.83 bal=-0.29 obs=119 hard=108 obsc=116 yr= 14G nz=0.17 flt=0.09 dmap=+0/-0 shz=2.9 plan=0 cmd=(lx=+0.00,ly=+0.00,rx=-0.45)
  t=162.5 AGR-DWA-F pos=(-5.08,+2.69) yaw=+115.6 d=0.50 goal_err=-71 carrot_err= -68 c0=0.60 clear=0.40 prog=0.00 rel=0.94 bal=-0.21 obs=119 hard=108 obsc=116 yr=  0G nz=0.03 flt=0.00 dmap=+0/-0 shz=2.9 plan=3 cmd=(lx=+0.00,ly=+0.28,rx=+0.45)
  t=163.0 AGR-DWA-F pos=(-5.09,+2.71) yaw=+112.6 d=0.49 goal_err=-70 carrot_err= -67 c0=0.58 clear=0.39 prog=0.01 rel=0.97 bal=-0.29 obs=120 hard=109 obsc=117 yr= 13G nz=0.03 flt=0.17 dmap=+1/-0 shz=2.9 plan=3 cmd=(lx=+0.00,ly=+0.28,rx=+0.45)
  t=163.4 AGR-DWA-F pos=(-5.10,+2.73) yaw=+108.1 d=0.49 goal_err=-68 carrot_err= -66 c0=0.56 clear=0.37 prog=0.02 rel=0.96 bal=-0.29 obs=120 hard=109 obsc=117 yr=  0G nz=0.04 flt=0.07 dmap=+0/-0 shz=2.9 plan=3 cmd=(lx=+0.00,ly=+0.28,rx=+0.45)

  COLISION #2 [odom] en (-5.10,+2.73) -> marco y recupero.
  t=163.9 AGR-R-BACK pos=(-5.10,+2.71) yaw=+105.1 d=0.49 goal_err=-64 carrot_err= -61 c0=0.30 clear=0.20 prog=0.01 rel=0.81 bal=-0.29 obs=125 hard=115 obsc=121 yr=  0  nz=0.20 flt=0.01 dmap=+0/-0 shz=2.9 plan=0 cmd=(lx=+0.00,ly=-0.35,rx=+0.00)
  t=164.3 AGR-R-TURN pos=(-5.09,+2.68) yaw=+105.1 d=0.51 goal_err=-60 carrot_err= -57 c0=0.34 clear=0.23 prog=0.00 rel=0.78 bal=-0.29 obs=125 hard=116 obsc=119 yr=  0G nz=0.22 flt=0.01 dmap=+0/-0 shz=3.1 plan=0 cmd=(lx=+0.00,ly=+0.00,rx=+0.45)
  t=164.7 AGR-R-TURN pos=(-5.09,+2.68) yaw= +99.2 d=0.51 goal_err=-54 carrot_err= -51 c0=0.33 clear=0.22 prog=0.00 rel=0.79 bal=-0.29 obs=125 hard=116 obsc=119 yr= 13G nz=0.21 flt=0.08 dmap=+0/-0 shz=3.1 plan=0 cmd=(lx=+0.00,ly=+0.00,rx=+0.45)
  t=165.2 AGR-R-TURN pos=(-5.09,+2.68) yaw= +94.7 d=0.51 goal_err=-49 carrot_err= -47 c0=0.33 clear=0.22 prog=0.00 rel=0.96 bal=+0.07 obs=125 hard=116 obsc=119 yr=  0G nz=0.04 flt=0.04 dmap=+0/-0 shz=3.1 plan=0 cmd=(lx=+0.00,ly=+0.00,rx=+0.45)
  t=165.6 AGR-DWA-T pos=(-5.09,+2.68) yaw= +90.3 d=0.51 goal_err=-45 carrot_err= -42 c0=0.33 clear=0.22 prog=0.00 rel=0.98 bal=+0.07 obs=125 hard=116 obsc=119 yr=  0  nz=0.02 flt=0.00 dmap=+0/-0 shz=3.1 plan=3 cmd=(lx=+0.00,ly=+0.00,rx=+0.00)
  t=166.1 AGR-DWA-T pos=(-5.09,+2.68) yaw= +90.3 d=0.51 goal_err=-45 carrot_err= -42 c0=0.33 clear=0.22 prog=0.00 rel=0.99 bal=+0.07 obs=122 hard=113 obsc=118 yr=  0  nz=0.01 flt=0.08 dmap=+0/-0 shz=3.1 plan=3 cmd=(lx=+0.00,ly=+0.00,rx=+0.00)
  t=166.5 AGR-DWA-T pos=(-5.09,+2.68) yaw= +90.3 d=0.51 goal_err=-45 carrot_err= -42 c0=0.33 clear=0.22 prog=0.00 rel=0.99 bal=+0.07 obs=122 hard=113 obsc=118 yr=  0  nz=0.01 flt=0.08 dmap=+0/-0 shz=3.1 plan=3 cmd=(lx=+0.00,ly=+0.00,rx=+0.00)
  t=167.0 AGR-BRK-BK pos=(-5.09,+2.68) yaw= +90.3 d=0.51 goal_err=-45 carrot_err= -42 c0=0.33 clear=0.22 prog=0.00 rel=0.99 bal=+0.07 obs=122 hard=113 obsc=118 yr=  0  nz=0.01 flt=0.08 dmap=+0/-0 shz=3.1 plan=0 cmd=(lx=+0.00,ly=-0.35,rx=+0.00)
  t=167.4 AGR-BRK-TR pos=(-5.09,+2.64) yaw= +90.3 d=0.54 goal_err=-42 carrot_err= -39 c0=0.37 clear=0.25 prog=0.00 rel=0.98 bal=+0.07 obs=121 hard=112 obsc=115 yr=  0G nz=0.02 flt=0.00 dmap=+0/-0 shz=2.9 plan=0 cmd=(lx=+0.00,ly=+0.00,rx=-0.45)
  t=167.8 AGR-BRK-TR pos=(-5.09,+2.63) yaw= +94.7 d=0.55 goal_err=-46 carrot_err= -43 c0=0.38 clear=0.25 prog=0.00 rel=0.92 bal=+0.08 obs=121 hard=112 obsc=115 yr= 14G nz=0.04 flt=0.27 dmap=+0/-0 shz=2.9 plan=0 cmd=(lx=+0.00,ly=+0.00,rx=-0.45)
  t=168.3 AGR-BRK-TR pos=(-5.09,+2.63) yaw= +99.1 d=0.54 goal_err=-51 carrot_err= -47 c0=0.38 clear=0.25 prog=0.00 rel=0.93 bal=+0.08 obs=121 hard=114 obsc=115 yr=  0G nz=0.03 flt=0.01 dmap=+0/-0 shz=2.9 plan=0 cmd=(lx=+0.00,ly=+0.00,rx=-0.45)
  t=168.7 AGR-BRK-TR pos=(-5.09,+2.65) yaw=+104.8 d=0.53 goal_err=-58 carrot_err= -54 c0=0.37 clear=0.24 prog=0.00 rel=0.96 bal=-0.30 obs=121 hard=114 obsc=115 yr= 14G nz=0.04 flt=0.00 dmap=+0/-0 shz=3.0 plan=0 cmd=(lx=+0.00,ly=+0.00,rx=-0.45)
  t=169.2 AGR-BRK-TR pos=(-5.09,+2.66) yaw=+110.7 d=0.52 goal_err=-64 carrot_err= -61 c0=0.35 clear=0.24 prog=0.01 rel=0.96 bal=+0.18 obs=121 hard=114 obsc=115 yr= 14G nz=0.04 flt=0.00 dmap=+0/-0 shz=3.0 plan=0 cmd=(lx=+0.00,ly=+0.00,rx=-0.45)
  t=169.6 AGR-BRK-TR pos=(-5.09,+2.66) yaw=+115.1 d=0.52 goal_err=-69 carrot_err= -66 c0=0.35 clear=0.24 prog=0.04 rel=0.97 bal=+0.25 obs=121 hard=114 obsc=115 yr= 13G nz=0.03 flt=0.00 dmap=+0/-0 shz=3.0 plan=0 cmd=(lx=+0.00,ly=+0.00,rx=-0.45)
  t=170.0 AGR-DWA-T pos=(-5.09,+2.66) yaw=+115.1 d=0.52 goal_err=-69 carrot_err= -66 c0=0.35 clear=0.24 prog=0.04 rel=0.97 bal=+0.25 obs=121 hard=114 obsc=115 yr= 13G nz=0.03 flt=0.05 dmap=+0/-0 shz=3.0 plan=3 cmd=(lx=+0.00,ly=+0.00,rx=+0.45)
  t=170.5 AGR-DWA-T pos=(-5.09,+2.66) yaw=+110.7 d=0.52 goal_err=-64 carrot_err= -61 c0=0.35 clear=0.24 prog=0.03 rel=0.98 bal=+0.18 obs=121 hard=114 obsc=115 yr=  0G nz=0.02 flt=0.05 dmap=+0/-0 shz=3.0 plan=3 cmd=(lx=+0.00,ly=+0.00,rx=+0.45)
  t=170.9 AGR-DWA-T pos=(-5.09,+2.66) yaw=+104.7 d=0.52 goal_err=-58 carrot_err= -55 c0=0.35 clear=0.24 prog=0.01 rel=0.99 bal=-0.30 obs=121 hard=114 obsc=115 yr= 13G nz=0.01 flt=0.00 dmap=+0/-0 shz=3.0 plan=3 cmd=(lx=+0.00,ly=+0.00,rx=+0.45)
  t=171.4 AGR-DWA-T pos=(-5.09,+2.66) yaw=+100.2 d=0.52 goal_err=-54 carrot_err= -51 c0=0.35 clear=0.23 prog=0.00 rel=0.98 bal=+0.07 obs=121 hard=114 obsc=115 yr= 13G nz=0.01 flt=0.00 dmap=+0/-0 shz=3.2 plan=3 cmd=(lx=+0.00,ly=+0.00,rx=+0.00)
  t=171.8 AGR-DWA-T pos=(-5.09,+2.66) yaw= +98.7 d=0.52 goal_err=-52 carrot_err= -49 c0=0.35 clear=0.23 prog=0.00 rel=0.98 bal=+0.07 obs=120 hard=112 obsc=115 yr=  0  nz=0.02 flt=0.00 dmap=+0/-0 shz=3.2 plan=3 cmd=(lx=+0.00,ly=+0.00,rx=+0.00)
  t=172.3 AGR-DWA-T pos=(-5.09,+2.66) yaw= +98.7 d=0.52 goal_err=-52 carrot_err= -49 c0=0.35 clear=0.23 prog=0.00 rel=0.98 bal=+0.07 obs=120 hard=112 obsc=115 yr=  0  nz=0.02 flt=0.00 dmap=+0/-0 shz=3.2 plan=3 cmd=(lx=+0.00,ly=+0.00,rx=+0.00)
  t=172.7 AGR-DWA-T pos=(-5.09,+2.66) yaw= +98.7 d=0.52 goal_err=-52 carrot_err= -49 c0=0.35 clear=0.23 prog=0.00 rel=0.98 bal=+0.07 obs=120 hard=112 obsc=115 yr=  0  nz=0.02 flt=0.00 dmap=+0/-0 shz=3.2 plan=0 cmd=(lx=+0.00,ly=+0.00,rx=+0.00)
  t=173.1 AGR-BRK-BK pos=(-5.09,+2.65) yaw= +98.7 d=0.53 goal_err=-51 carrot_err= -48 c0=0.36 clear=0.24 prog=0.00 rel=1.00 bal=+0.07 obs=120 hard=111 obsc=114 yr=  0  nz=0.00 flt=0.00 dmap=+0/-0 shz=3.0 plan=0 cmd=(lx=+0.00,ly=-0.35,rx=+0.00)
  t=173.6 AGR-BRK-TR pos=(-5.08,+2.63) yaw= +95.7 d=0.54 goal_err=-47 carrot_err= -43 c0=0.38 clear=0.25 prog=0.00 rel=0.97 bal=+0.08 obs=120 hard=111 obsc=114 yr= 13G nz=0.03 flt=0.06 dmap=+0/-0 shz=3.0 plan=0 cmd=(lx=+0.00,ly=+0.00,rx=+0.45)
  t=174.0 AGR-BRK-TR pos=(-5.08,+2.63) yaw= +91.2 d=0.54 goal_err=-42 carrot_err= -39 c0=0.38 clear=0.25 prog=0.00 rel=0.97 bal=+0.08 obs=120 hard=111 obsc=114 yr= 14G nz=0.03 flt=0.00 dmap=+0/-0 shz=3.0 plan=0 cmd=(lx=+0.00,ly=+0.00,rx=+0.45)
  t=174.4 AGR-BRK-TR pos=(-5.08,+2.63) yaw= +85.3 d=0.54 goal_err=-36 carrot_err= -33 c0=0.38 clear=0.25 prog=0.00 rel=0.97 bal=+0.08 obs=120 hard=111 obsc=114 yr= 13G nz=0.03 flt=0.06 dmap=+0/-0 shz=3.0 plan=0 cmd=(lx=+0.00,ly=+0.00,rx=+0.45)
  t=174.9 AGR-BRK-TR pos=(-5.08,+2.63) yaw= +80.8 d=0.54 goal_err=-32 carrot_err= -28 c0=0.38 clear=0.25 prog=0.00 rel=1.00 bal=+0.10 obs=120 hard=111 obsc=114 yr= 14G nz=0.00 flt=0.05 dmap=+0/-0 shz=3.0 plan=0 cmd=(lx=+0.00,ly=+0.00,rx=+0.45)
  t=175.3 AGR-BRK-TR pos=(-5.08,+2.63) yaw= +76.3 d=0.54 goal_err=-27 carrot_err= -24 c0=0.38 clear=0.25 prog=0.00 rel=0.99 bal=+0.10 obs=120 hard=111 obsc=114 yr=  0G nz=0.01 flt=0.00 dmap=+0/-0 shz=3.3 plan=0 cmd=(lx=+0.00,ly=+0.00,rx=+0.45)
  t=175.7 AGR-DWA-T pos=(-5.08,+2.63) yaw= +70.4 d=0.54 goal_err=-21 carrot_err= -18 c0=0.38 clear=0.25 prog=0.00 rel=0.99 bal=-0.06 obs=120 hard=111 obsc=114 yr= 14G nz=0.01 flt=0.00 dmap=+0/-0 shz=3.3 plan=3 cmd=(lx=+0.00,ly=+0.00,rx=+0.00)
  t=176.2 AGR-DWA-T pos=(-5.08,+2.63) yaw= +68.9 d=0.54 goal_err=-20 carrot_err= -16 c0=0.38 clear=0.25 prog=0.00 rel=0.98 bal=-0.06 obs=120 hard=111 obsc=114 yr=  0  nz=0.01 flt=0.03 dmap=+0/-0 shz=3.2 plan=3 cmd=(lx=+0.00,ly=+0.00,rx=+0.00)
  t=176.6 AGR-DWA-T pos=(-5.08,+2.63) yaw= +68.9 d=0.54 goal_err=-20 carrot_err= -16 c0=0.38 clear=0.25 prog=0.00 rel=0.98 bal=-0.06 obs=120 hard=111 obsc=114 yr=  0  nz=0.01 flt=0.03 dmap=+0/-0 shz=3.2 plan=3 cmd=(lx=+0.00,ly=+0.00,rx=+0.00)
  t=177.1 AGR-DWA-T pos=(-5.08,+2.63) yaw= +68.9 d=0.54 goal_err=-20 carrot_err= -16 c0=0.38 clear=0.25 prog=0.00 rel=0.98 bal=-0.06 obs=120 hard=111 obsc=114 yr=  0  nz=0.01 flt=0.03 dmap=+0/-0 shz=3.2 plan=0 cmd=(lx=+0.00,ly=+0.00,rx=+0.00)
  t=177.5 AGR-BRK-BK pos=(-5.09,+2.61) yaw= +68.9 d=0.56 goal_err=-19 carrot_err= -15 c0=0.40 clear=0.27 prog=0.00 rel=0.98 bal=-0.06 obs=117 hard=110 obsc=113 yr=  0  nz=0.01 flt=0.00 dmap=+0/-3 shz=3.1 plan=0 cmd=(lx=+0.00,ly=-0.35,rx=+0.00)
  t=177.9 AGR-BRK-TR pos=(-5.09,+2.60) yaw= +65.9 d=0.57 goal_err=-15 carrot_err= -11 c0=0.41 clear=0.28 prog=0.00 rel=0.99 bal=-0.05 obs=117 hard=110 obsc=113 yr= 14G nz=0.01 flt=0.04 dmap=+0/-0 shz=3.0 plan=0 cmd=(lx=+0.00,ly=+0.00,rx=+0.45)
  t=178.4 AGR-BRK-TR pos=(-5.09,+2.60) yaw= +61.5 d=0.57 goal_err=-10 carrot_err=  -7 c0=0.41 clear=0.28 prog=0.00 rel=0.99 bal=-0.05 obs=117 hard=110 obsc=113 yr= 13G nz=0.01 flt=0.05 dmap=+0/-0 shz=3.1 plan=0 cmd=(lx=+0.00,ly=+0.00,rx=+0.45)
  t=178.8 AGR-BRK-TR pos=(-5.09,+2.60) yaw= +55.5 d=0.57 goal_err=-4 carrot_err=  -1 c0=0.41 clear=0.28 prog=0.00 rel=0.99 bal=-0.05 obs=117 hard=110 obsc=113 yr= 13G nz=0.01 flt=0.00 dmap=+0/-0 shz=3.0 plan=0 cmd=(lx=+0.00,ly=+0.00,rx=+0.45)
  t=179.3 AGR-BRK-TR pos=(-5.09,+2.60) yaw= +51.0 d=0.57 goal_err=+0 carrot_err=  +3 c0=1.20 clear=0.80 prog=0.00 rel=0.99 bal=-0.05 obs=117 hard=110 obsc=113 yr= 14G nz=0.01 flt=0.04 dmap=+0/-0 shz=3.0 plan=0 cmd=(lx=+0.00,ly=+0.00,rx=+0.45)
  t=179.7 AGR-BRK-TR pos=(-5.09,+2.60) yaw= +45.1 d=0.57 goal_err=+6 carrot_err=  +9 c0=0.53 clear=0.35 prog=0.00 rel=0.56 bal=-0.05 obs=117 hard=110 obsc=113 yr= 13G nz=0.44 flt=0.00 dmap=+0/-0 shz=3.2 plan=0 cmd=(lx=+0.00,ly=+0.00,rx=+0.45)
  t=180.1 AGR-DWA-T pos=(-5.09,+2.60) yaw= +40.6 d=0.57 goal_err=+10 carrot_err= +14 c0=0.53 clear=0.35 prog=0.00 rel=0.60 bal=-0.05 obs=117 hard=110 obsc=113 yr= 13  nz=0.40 flt=0.04 dmap=+0/-0 shz=3.2 plan=3 cmd=(lx=+0.00,ly=+0.00,rx=+0.00)
  t=180.6 AGR-DWA-T pos=(-5.09,+2.60) yaw= +40.6 d=0.57 goal_err=+10 carrot_err= +14 c0=0.53 clear=0.35 prog=0.00 rel=0.60 bal=-0.05 obs=117 hard=110 obsc=111 yr=  0  nz=0.40 flt=0.04 dmap=+0/-0 shz=3.2 plan=3 cmd=(lx=+0.00,ly=+0.00,rx=+0.00)
  t=181.0 AGR-DWA-T pos=(-5.09,+2.60) yaw= +40.6 d=0.57 goal_err=+10 carrot_err= +14 c0=0.53 clear=0.35 prog=0.00 rel=0.60 bal=-0.05 obs=117 hard=110 obsc=111 yr=  0  nz=0.40 flt=0.04 dmap=+0/-0 shz=3.2 plan=3 cmd=(lx=+0.00,ly=+0.00,rx=+0.00)
  t=181.5 AGR-BRK-BK pos=(-5.09,+2.60) yaw= +40.6 d=0.57 goal_err=+10 carrot_err= +14 c0=0.53 clear=0.35 prog=0.00 rel=0.60 bal=-0.05 obs=117 hard=110 obsc=111 yr=  0  nz=0.40 flt=0.04 dmap=+0/-0 shz=3.2 plan=0 cmd=(lx=+0.00,ly=-0.35,rx=+0.00)
  t=181.9 AGR-BRK-TR pos=(-5.11,+2.58) yaw= +40.6 d=0.59 goal_err=+10 carrot_err= +13 c0=0.55 clear=0.37 prog=0.00 rel=0.98 bal=-0.05 obs=119 hard=111 obsc=113 yr=  0  nz=0.02 flt=0.00 dmap=+0/-0 shz=3.0 plan=0 cmd=(lx=+0.00,ly=+0.00,rx=+0.45)
  t=182.4 AGR-BRK-TR pos=(-5.13,+2.56) yaw= +37.6 d=0.62 goal_err=+13 carrot_err= +16 c0=0.58 clear=0.38 prog=0.00 rel=0.98 bal=-0.54 obs=119 hard=111 obsc=113 yr= 14G nz=0.02 flt=0.01 dmap=+0/-0 shz=3.0 plan=0 cmd=(lx=+0.00,ly=+0.00,rx=+0.45)
  t=182.8 AGR-BRK-TR pos=(-5.13,+2.56) yaw= +33.2 d=0.62 goal_err=+17 carrot_err= +20 c0=0.58 clear=0.38 prog=0.00 rel=0.97 bal=-0.54 obs=119 hard=111 obsc=113 yr= 14G nz=0.03 flt=0.07 dmap=+0/-0 shz=3.0 plan=0 cmd=(lx=+0.00,ly=+0.00,rx=+0.45)
  t=183.2 AGR-BRK-TR pos=(-5.13,+2.56) yaw= +27.2 d=0.62 goal_err=+23 carrot_err= +26 c0=0.53 clear=0.35 prog=0.00 rel=0.96 bal=-0.54 obs=119 hard=111 obsc=113 yr= 13G nz=0.04 flt=0.00 dmap=+0/-0 shz=3.0 plan=0 cmd=(lx=+0.00,ly=+0.00,rx=+0.45)
  t=183.7 AGR-BRK-TR pos=(-5.13,+2.56) yaw= +22.7 d=0.62 goal_err=+28 carrot_err= +31 c0=0.53 clear=0.35 prog=0.00 rel=0.95 bal=-0.44 obs=119 hard=111 obsc=113 yr=  0G nz=0.05 flt=0.00 dmap=+0/-0 shz=3.0 plan=0 cmd=(lx=+0.00,ly=+0.00,rx=+0.45)
  t=184.1 AGR-BRK-TR pos=(-5.13,+2.56) yaw= +16.8 d=0.62 goal_err=+33 carrot_err= +36 c0=0.53 clear=0.35 prog=0.00 rel=0.96 bal=-0.44 obs=119 hard=111 obsc=113 yr= 13G nz=0.04 flt=0.00 dmap=+0/-0 shz=3.0 plan=0 cmd=(lx=+0.00,ly=+0.00,rx=+0.45)
  t=184.6 AGR-DWA-T pos=(-5.12,+2.57) yaw= +12.3 d=0.62 goal_err=+38 carrot_err= +41 c0=0.52 clear=0.35 prog=0.01 rel=0.98 bal=-0.38 obs=119 hard=111 obsc=113 yr=  0  nz=0.01 flt=0.00 dmap=+0/-0 shz=3.0 plan=3 cmd=(lx=+0.00,ly=+0.00,rx=+0.00)
  t=185.0 AGR-DWA-T pos=(-5.12,+2.57) yaw= +12.3 d=0.62 goal_err=+38 carrot_err= +41 c0=0.52 clear=0.35 prog=0.01 rel=0.98 bal=-0.38 obs=120 hard=112 obsc=114 yr=  0  nz=0.01 flt=0.04 dmap=+0/-0 shz=3.0 plan=3 cmd=(lx=+0.00,ly=+0.00,rx=+0.00)
  t=185.5 AGR-DWA-T pos=(-5.12,+2.57) yaw= +12.3 d=0.62 goal_err=+38 carrot_err= +41 c0=0.52 clear=0.35 prog=0.01 rel=0.98 bal=-0.38 obs=120 hard=112 obsc=114 yr=  0  nz=0.01 flt=0.04 dmap=+0/-0 shz=3.0 plan=3 cmd=(lx=+0.00,ly=+0.00,rx=+0.00)
  t=185.9 AGR-BRK-BK pos=(-5.12,+2.57) yaw= +12.3 d=0.62 goal_err=+38 carrot_err= +41 c0=0.52 clear=0.35 prog=0.01 rel=0.98 bal=-0.38 obs=120 hard=112 obsc=114 yr=  0  nz=0.01 flt=0.04 dmap=+0/-0 shz=3.0 plan=0 cmd=(lx=+0.00,ly=-0.35,rx=+0.00)
  t=186.3 AGR-BRK-TR pos=(-5.12,+2.57) yaw= +12.6 d=0.62 goal_err=+38 carrot_err= +41 c0=0.52 clear=0.35 prog=0.00 rel=0.99 bal=-0.38 obs=120 hard=113 obsc=114 yr=  1G nz=0.01 flt=0.01 dmap=+0/-0 shz=2.8 plan=0 cmd=(lx=+0.00,ly=+0.00,rx=+0.45)
  t=186.8 AGR-BRK-TR pos=(-5.11,+2.57) yaw=  +8.2 d=0.61 goal_err=+43 carrot_err= +46 c0=0.52 clear=0.34 prog=0.01 rel=0.99 bal=-0.38 obs=120 hard=113 obsc=114 yr= 14G nz=0.01 flt=0.03 dmap=+0/-0 shz=2.8 plan=0 cmd=(lx=+0.00,ly=+0.00,rx=+0.45)
  t=187.2 AGR-BRK-TR pos=(-5.10,+2.57) yaw=  +2.3 d=0.60 goal_err=+49 carrot_err= +53 c0=0.51 clear=0.34 prog=0.02 rel=0.99 bal=-0.22 obs=120 hard=113 obsc=114 yr= 13G nz=0.01 flt=0.13 dmap=+0/-0 shz=2.8 plan=0 cmd=(lx=+0.00,ly=+0.00,rx=+0.45)
  t=187.7 AGR-BRK-TR pos=(-5.09,+2.57) yaw=  -2.0 d=0.60 goal_err=+55 carrot_err= +58 c0=0.49 clear=0.33 prog=0.03 rel=0.98 bal=-0.22 obs=120 hard=113 obsc=114 yr= 13G nz=0.02 flt=0.01 dmap=+0/-0 shz=2.8 plan=0 cmd=(lx=+0.00,ly=+0.00,rx=+0.45)
  t=188.1 AGR-BRK-TR pos=(-5.07,+2.57) yaw=  -7.7 d=0.58 goal_err=+62 carrot_err= +66 c0=0.47 clear=0.32 prog=0.06 rel=0.97 bal=+0.29 obs=120 hard=113 obsc=114 yr= 13G nz=0.03 flt=0.09 dmap=+0/-0 shz=2.8 plan=0 cmd=(lx=+0.00,ly=+0.00,rx=+0.45)
  t=188.5 AGR-BRK-TR pos=(-5.06,+2.57) yaw= -12.0 d=0.57 goal_err=+67 carrot_err= +71 c0=0.46 clear=0.31 prog=0.07 rel=0.96 bal=-0.17 obs=122 hard=115 obsc=116 yr=  0G nz=0.04 flt=0.04 dmap=+0/-0 shz=3.0 plan=0 cmd=(lx=+0.00,ly=+0.00,rx=+0.45)
  t=189.0 AGR-DWA-T pos=(-5.05,+2.57) yaw= -11.8 d=0.57 goal_err=+68 carrot_err= +72 c0=0.45 clear=0.30 prog=0.06 rel=0.96 bal=-0.18 obs=122 hard=115 obsc=116 yr= 13G nz=0.04 flt=0.31 dmap=+0/-0 shz=3.0 plan=3 cmd=(lx=+0.00,ly=+0.00,rx=-0.45)
  t=189.4 AGR-DWA-T pos=(-5.05,+2.57) yaw=  -7.4 d=0.57 goal_err=+63 carrot_err= +68 c0=0.45 clear=0.30 prog=0.05 rel=0.90 bal=+0.24 obs=124 hard=117 obsc=118 yr= 13G nz=0.05 flt=0.01 dmap=+0/-0 shz=3.0 plan=3 cmd=(lx=+0.00,ly=+0.00,rx=-0.45)
  t=189.9 AGR-DWA-T pos=(-5.05,+2.57) yaw=  -1.4 d=0.57 goal_err=+57 carrot_err= +62 c0=0.45 clear=0.30 prog=0.03 rel=0.92 bal=+0.24 obs=124 hard=117 obsc=118 yr= 14G nz=0.04 flt=0.00 dmap=+0/-0 shz=3.0 plan=3 cmd=(lx=+0.00,ly=+0.00,rx=-0.45)
  t=190.3 AGR-DWA-T pos=(-5.05,+2.57) yaw=  +3.1 d=0.57 goal_err=+53 carrot_err= +57 c0=0.45 clear=0.30 prog=0.01 rel=0.96 bal=-0.38 obs=124 hard=117 obsc=118 yr= 13G nz=0.04 flt=0.08 dmap=+0/-0 shz=3.0 plan=3 cmd=(lx=+0.00,ly=+0.00,rx=-0.45)
  t=190.7 AGR-DWA-T pos=(-5.05,+2.57) yaw=  +9.0 d=0.57 goal_err=+47 carrot_err= +51 c0=0.45 clear=0.30 prog=0.00 rel=0.94 bal=-0.38 obs=124 hard=117 obsc=118 yr= 13G nz=0.03 flt=0.00 dmap=+0/-0 shz=3.0 plan=3 cmd=(lx=+0.00,ly=+0.00,rx=-0.45)
  t=191.2 AGR-DWA-T pos=(-5.05,+2.57) yaw= +12.0 d=0.57 goal_err=+44 carrot_err= +48 c0=0.45 clear=0.30 prog=0.00 rel=0.94 bal=-0.42 obs=133 hard=121 obsc=133 yr=  0  nz=0.02 flt=0.11 dmap=+0/-0 shz=3.0 plan=3 cmd=(lx=+0.00,ly=+0.00,rx=+0.00)
  t=191.6 AGR-DWA-T pos=(-5.05,+2.57) yaw= +12.0 d=0.57 goal_err=+44 carrot_err= +48 c0=0.45 clear=0.30 prog=0.00 rel=0.97 bal=-0.42 obs=133 hard=121 obsc=133 yr=  0  nz=0.03 flt=0.11 dmap=+0/-0 shz=3.0 plan=3 cmd=(lx=+0.00,ly=+0.00,rx=+0.00)
  t=192.1 AGR-DWA-T pos=(-5.05,+2.57) yaw= +12.0 d=0.57 goal_err=+44 carrot_err= +48 c0=0.45 clear=0.30 prog=0.00 rel=0.97 bal=-0.42 obs=133 hard=121 obsc=133 yr=  0  nz=0.03 flt=0.11 dmap=+0/-0 shz=3.0 plan=3 cmd=(lx=+0.00,ly=+0.00,rx=+0.00)
  t=192.5 AGR-BRK-BK pos=(-5.06,+2.57) yaw= +12.0 d=0.58 goal_err=+43 carrot_err= +47 c0=0.46 clear=0.31 prog=0.00 rel=0.97 bal=-0.42 obs=131 hard=121 obsc=133 yr=  0  nz=0.03 flt=0.00 dmap=+0/-2 shz=2.9 plan=0 cmd=(lx=+0.00,ly=-0.35,rx=+0.00)
  t=193.0 AGR-BRK-TR pos=(-5.10,+2.56) yaw= +10.5 d=0.61 goal_err=+42 carrot_err= +46 c0=0.50 clear=0.33 prog=0.00 rel=0.98 bal=-0.37 obs=132 hard=123 obsc=132 yr= 14G nz=0.02 flt=0.03 dmap=+0/-0 shz=2.9 plan=0 cmd=(lx=+0.00,ly=+0.00,rx=+0.45)
  t=193.4 AGR-BRK-TR pos=(-5.10,+2.56) yaw=  +6.0 d=0.61 goal_err=+47 carrot_err= +50 c0=0.50 clear=0.33 prog=0.00 rel=0.97 bal=-0.37 obs=132 hard=123 obsc=132 yr= 13G nz=0.03 flt=0.16 dmap=+0/-0 shz=2.9 plan=0 cmd=(lx=+0.00,ly=+0.00,rx=+0.45)
  t=193.8 AGR-BRK-TR pos=(-5.10,+2.56) yaw=  +1.6 d=0.61 goal_err=+51 carrot_err= +55 c0=0.50 clear=0.33 prog=0.00 rel=0.96 bal=-0.21 obs=132 hard=125 obsc=132 yr=  0G nz=0.04 flt=0.00 dmap=+0/-0 shz=3.0 plan=0 cmd=(lx=+0.00,ly=+0.00,rx=+0.45)
  t=194.3 AGR-BRK-TR pos=(-5.08,+2.56) yaw=  -4.2 d=0.60 goal_err=+58 carrot_err= +62 c0=0.49 clear=0.32 prog=0.00 rel=0.97 bal=-0.21 obs=132 hard=125 obsc=132 yr= 13G nz=0.03 flt=0.03 dmap=+0/-0 shz=3.0 plan=0 cmd=(lx=+0.00,ly=+0.00,rx=+0.45)
  t=194.7 AGR-BRK-TR pos=(-5.07,+2.56) yaw=  -8.5 d=0.59 goal_err=+63 carrot_err= +67 c0=0.47 clear=0.31 prog=0.01 rel=0.98 bal=-0.15 obs=132 hard=125 obsc=132 yr= 13G nz=0.02 flt=0.04 dmap=+0/-0 shz=3.0 plan=0 cmd=(lx=+0.00,ly=+0.00,rx=+0.45)
  t=195.2 AGR-DWA-T pos=(-5.05,+2.56) yaw= -14.2 d=0.58 goal_err=+71 carrot_err= +75 c0=0.45 clear=0.30 prog=0.05 rel=0.97 bal=-0.16 obs=132 hard=125 obsc=132 yr= 13G nz=0.03 flt=0.04 dmap=+0/-0 shz=3.0 plan=3 cmd=(lx=+0.00,ly=+0.00,rx=-0.45)
  t=195.6 AGR-DWA-T pos=(-5.05,+2.56) yaw= -12.6 d=0.58 goal_err=+69 carrot_err= +74 c0=0.45 clear=0.30 prog=0.05 rel=0.91 bal=-0.17 obs=132 hard=125 obsc=132 yr=  0G nz=0.04 flt=0.32 dmap=+0/-0 shz=3.0 plan=3 cmd=(lx=+0.00,ly=+0.00,rx=-0.45)
  t=196.1 AGR-DWA-T pos=(-5.05,+2.56) yaw=  -6.7 d=0.58 goal_err=+63 carrot_err= +68 c0=0.45 clear=0.30 prog=0.05 rel=0.96 bal=-0.17 obs=132 hard=126 obsc=132 yr= 13G nz=0.04 flt=0.01 dmap=+0/-0 shz=3.0 plan=3 cmd=(lx=+0.00,ly=+0.00,rx=-0.45)
  t=196.5 AGR-DWA-T pos=(-5.05,+2.56) yaw=  -2.2 d=0.58 goal_err=+59 carrot_err= +63 c0=0.45 clear=0.30 prog=0.03 rel=0.93 bal=+0.25 obs=132 hard=126 obsc=132 yr= 14G nz=0.02 flt=0.12 dmap=+0/-0 shz=3.1 plan=3 cmd=(lx=+0.00,ly=+0.00,rx=-0.45)
  t=196.9 AGR-DWA-T pos=(-5.05,+2.56) yaw=  +3.8 d=0.58 goal_err=+53 carrot_err= +57 c0=0.45 clear=0.30 prog=0.01 rel=0.99 bal=-0.36 obs=132 hard=126 obsc=132 yr= 14G nz=0.01 flt=0.00 dmap=+0/-0 shz=3.1 plan=3 cmd=(lx=+0.00,ly=+0.00,rx=-0.45)
  t=197.4 AGR-DWA-T pos=(-5.05,+2.56) yaw=  +8.2 d=0.58 goal_err=+49 carrot_err= +53 c0=0.45 clear=0.30 prog=0.00 rel=0.98 bal=-0.36 obs=132 hard=126 obsc=132 yr= 13G nz=0.02 flt=0.01 dmap=+0/-0 shz=3.2 plan=3 cmd=(lx=+0.00,ly=+0.00,rx=-0.45)
  t=197.8 AGR-DWA-T pos=(-5.05,+2.56) yaw= +12.7 d=0.58 goal_err=+44 carrot_err= +48 c0=0.45 clear=0.30 prog=0.00 rel=0.93 bal=-0.41 obs=132 hard=123 obsc=136 yr=  0  nz=0.02 flt=0.00 dmap=+1/-1 shz=3.2 plan=3 cmd=(lx=+0.00,ly=+0.00,rx=+0.00)
  t=198.3 AGR-DWA-T pos=(-5.05,+2.56) yaw= +12.7 d=0.58 goal_err=+44 carrot_err= +48 c0=0.45 clear=0.30 prog=0.00 rel=0.97 bal=-0.41 obs=128 hard=123 obsc=135 yr=  0  nz=0.03 flt=0.05 dmap=+0/-0 shz=3.2 plan=3 cmd=(lx=+0.00,ly=+0.00,rx=+0.00)
  t=198.7 AGR-DWA-T pos=(-5.05,+2.56) yaw= +12.7 d=0.58 goal_err=+44 carrot_err= +48 c0=0.45 clear=0.30 prog=0.00 rel=0.97 bal=-0.41 obs=128 hard=123 obsc=135 yr=  0  nz=0.03 flt=0.05 dmap=+0/-0 shz=3.2 plan=3 cmd=(lx=+0.00,ly=+0.00,rx=+0.00)
  t=199.1 AGR-BRK-BK pos=(-5.05,+2.56) yaw= +12.7 d=0.58 goal_err=+44 carrot_err= +48 c0=0.45 clear=0.30 prog=0.00 rel=0.97 bal=-0.41 obs=128 hard=123 obsc=135 yr=  0  nz=0.03 flt=0.05 dmap=+0/-0 shz=3.2 plan=0 cmd=(lx=+0.00,ly=-0.35,rx=+0.00)
  t=199.6 AGR-BRK-TR pos=(-5.08,+2.55) yaw= +12.7 d=0.60 goal_err=+42 carrot_err= +45 c0=0.49 clear=0.32 prog=0.00 rel=0.98 bal=-0.40 obs=128 hard=119 obsc=130 yr=  0G nz=0.02 flt=0.00 dmap=+0/-0 shz=3.1 plan=0 cmd=(lx=+0.00,ly=+0.00,rx=+0.45)
  t=200.0 AGR-BRK-TR pos=(-5.08,+2.55) yaw=  +6.7 d=0.60 goal_err=+48 carrot_err= +51 c0=0.49 clear=0.32 prog=0.00 rel=0.97 bal=-0.35 obs=128 hard=119 obsc=130 yr= 14G nz=0.03 flt=0.00 dmap=+0/-0 shz=3.1 plan=0 cmd=(lx=+0.00,ly=+0.00,rx=+0.45)
  t=200.5 AGR-BRK-TR pos=(-5.08,+2.55) yaw=  +2.3 d=0.60 goal_err=+52 carrot_err= +56 c0=0.49 clear=0.32 prog=0.00 rel=0.98 bal=-0.35 obs=128 hard=119 obsc=130 yr= 14G nz=0.02 flt=0.01 dmap=+0/-0 shz=3.1 plan=0 cmd=(lx=+0.00,ly=+0.00,rx=+0.45)
  t=200.9 AGR-BRK-TR pos=(-5.08,+2.55) yaw=  -3.7 d=0.60 goal_err=+58 carrot_err= +62 c0=0.49 clear=0.32 prog=0.00 rel=0.99 bal=-0.20 obs=128 hard=119 obsc=130 yr= 13G nz=0.01 flt=0.01 dmap=+0/-0 shz=3.1 plan=0 cmd=(lx=+0.00,ly=+0.00,rx=+0.45)
  t=201.3 AGR-BRK-TR pos=(-5.07,+2.55) yaw=  -8.0 d=0.60 goal_err=+63 carrot_err= +67 c0=0.47 clear=0.32 prog=0.00 rel=0.99 bal=-0.15 obs=128 hard=119 obsc=130 yr= 13G nz=0.01 flt=0.01 dmap=+0/-0 shz=3.3 plan=0 cmd=(lx=+0.00,ly=+0.00,rx=+0.45)
  t=201.8 AGR-BRK-TR pos=(-5.05,+2.55) yaw= -13.7 d=0.59 goal_err=+70 carrot_err= +75 c0=0.45 clear=0.30 prog=0.03 rel=0.97 bal=-0.16 obs=128 hard=119 obsc=130 yr= 13G nz=0.03 flt=0.01 dmap=+0/-0 shz=3.3 plan=0 cmd=(lx=+0.00,ly=+0.00,rx=+0.45)
  t=202.2 AGR-DWA-T pos=(-5.04,+2.55) yaw= -15.1 d=0.58 goal_err=+73 carrot_err= +77 c0=0.45 clear=0.30 prog=0.04 rel=0.96 bal=-0.16 obs=128 hard=119 obsc=130 yr= 14G nz=0.04 flt=0.04 dmap=+0/-0 shz=3.3 plan=3 cmd=(lx=+0.00,ly=+0.00,rx=-0.45)
  t=202.7 AGR-DWA-T pos=(-5.04,+2.55) yaw=  -9.1 d=0.58 goal_err=+67 carrot_err= +71 c0=0.45 clear=0.30 prog=0.04 rel=0.97 bal=-0.16 obs=128 hard=119 obsc=130 yr= 13G nz=0.03 flt=0.12 dmap=+0/-0 shz=3.3 plan=3 cmd=(lx=+0.00,ly=+0.00,rx=-0.45)
  t=203.1 AGR-DWA-T pos=(-5.04,+2.55) yaw=  -4.7 d=0.58 goal_err=+62 carrot_err= +66 c0=0.45 clear=0.30 prog=0.04 rel=0.98 bal=+0.26 obs=128 hard=119 obsc=130 yr=  0G nz=0.01 flt=0.05 dmap=+0/-0 shz=3.3 plan=3 cmd=(lx=+0.00,ly=+0.00,rx=-0.45)
  t=203.6 AGR-DWA-T pos=(-5.04,+2.55) yaw=  +1.3 d=0.58 goal_err=+56 carrot_err= +60 c0=0.45 clear=0.30 prog=0.02 rel=0.99 bal=-0.35 obs=128 hard=119 obsc=130 yr= 13G nz=0.01 flt=0.00 dmap=+0/-0 shz=3.3 plan=3 cmd=(lx=+0.00,ly=+0.00,rx=-0.45)
  t=204.0 AGR-DWA-T pos=(-5.04,+2.55) yaw=  +7.3 d=0.58 goal_err=+50 carrot_err= +54 c0=0.45 clear=0.30 prog=0.00 rel=0.99 bal=-0.35 obs=128 hard=119 obsc=130 yr= 14G nz=0.01 flt=0.01 dmap=+0/-0 shz=3.3 plan=3 cmd=(lx=+0.00,ly=+0.00,rx=-0.45)
  t=204.4 AGR-DWA-T pos=(-5.04,+2.55) yaw= +11.7 d=0.58 goal_err=+46 carrot_err= +50 c0=0.45 clear=0.30 prog=0.00 rel=0.99 bal=-0.40 obs=128 hard=119 obsc=130 yr= 13G nz=0.01 flt=0.00 dmap=+0/-0 shz=3.5 plan=3 cmd=(lx=+0.00,ly=+0.00,rx=+0.00)
  t=204.9 AGR-DWA-T pos=(-5.04,+2.55) yaw= +13.2 d=0.58 goal_err=+44 carrot_err= +48 c0=0.45 clear=0.30 prog=0.00 rel=1.00 bal=-0.40 obs=127 hard=118 obsc=129 yr=  0  nz=0.00 flt=0.07 dmap=+0/-0 shz=3.5 plan=3 cmd=(lx=+0.00,ly=+0.00,rx=+0.00)
  t=205.3 AGR-DWA-T pos=(-5.04,+2.55) yaw= +13.2 d=0.58 goal_err=+44 carrot_err= +48 c0=0.45 clear=0.30 prog=0.00 rel=1.00 bal=-0.40 obs=127 hard=118 obsc=129 yr=  0  nz=0.00 flt=0.07 dmap=+0/-0 shz=3.5 plan=3 cmd=(lx=+0.00,ly=+0.00,rx=+0.00)
  t=205.8 AGR-DWA-T pos=(-5.04,+2.55) yaw= +13.2 d=0.58 goal_err=+44 carrot_err= +48 c0=0.45 clear=0.30 prog=0.00 rel=1.00 bal=-0.40 obs=127 hard=118 obsc=129 yr=  0  nz=0.00 flt=0.07 dmap=+0/-0 shz=3.5 plan=0 cmd=(lx=+0.00,ly=+0.00,rx=+0.00)
  t=206.2 AGR-BRK-BK pos=(-5.06,+2.55) yaw= +13.2 d=0.59 goal_err=+43 carrot_err= +47 c0=0.46 clear=0.31 prog=0.00 rel=0.99 bal=-0.40 obs=124 hard=118 obsc=129 yr=  0  nz=0.01 flt=0.00 dmap=+0/-0 shz=3.3 plan=0 cmd=(lx=+0.00,ly=-0.35,rx=+0.00)
  t=206.7 AGR-BRK-TR pos=(-5.08,+2.54) yaw= +10.2 d=0.61 goal_err=+45 carrot_err= +48 c0=0.48 clear=0.32 prog=0.00 rel=0.95 bal=-0.34 obs=124 hard=118 obsc=129 yr= 13G nz=0.05 flt=0.06 dmap=+0/-0 shz=3.3 plan=0 cmd=(lx=+0.00,ly=+0.00,rx=+0.45)
  t=207.1 AGR-BRK-TR pos=(-5.08,+2.54) yaw=  +5.8 d=0.61 goal_err=+49 carrot_err= +53 c0=0.48 clear=0.32 prog=0.00 rel=0.95 bal=-0.34 obs=124 hard=118 obsc=129 yr= 15G nz=0.05 flt=0.00 dmap=+0/-0 shz=3.3 plan=0 cmd=(lx=+0.00,ly=+0.00,rx=+0.45)
  t=207.5 AGR-BRK-TR pos=(-5.08,+2.54) yaw=  -0.2 d=0.61 goal_err=+55 carrot_err= +59 c0=0.48 clear=0.32 prog=0.00 rel=0.96 bal=-0.19 obs=124 hard=118 obsc=129 yr= 13G nz=0.04 flt=0.00 dmap=+0/-0 shz=3.3 plan=0 cmd=(lx=+0.00,ly=+0.00,rx=+0.45)
  t=208.0 AGR-BRK-TR pos=(-5.08,+2.54) yaw=  -4.7 d=0.61 goal_err=+60 carrot_err= +63 c0=0.48 clear=0.32 prog=0.00 rel=0.98 bal=-0.19 obs=124 hard=118 obsc=129 yr= 14G nz=0.02 flt=0.00 dmap=+0/-0 shz=3.3 plan=0 cmd=(lx=+0.00,ly=+0.00,rx=+0.45)
  t=208.4 AGR-BRK-TR pos=(-5.06,+2.54) yaw= -10.4 d=0.60 goal_err=+67 carrot_err= +71 c0=0.47 clear=0.31 prog=0.02 rel=0.99 bal=-0.14 obs=124 hard=118 obsc=129 yr= 13G nz=0.01 flt=0.04 dmap=+0/-0 shz=3.3 plan=0 cmd=(lx=+0.00,ly=+0.00,rx=+0.45)
  t=208.8 AGR-DWA-T pos=(-5.05,+2.54) yaw= -14.7 d=0.59 goal_err=+72 carrot_err= +76 c0=0.45 clear=0.30 prog=0.03 rel=0.98 bal=-0.15 obs=124 hard=118 obsc=129 yr= 13G nz=0.02 flt=0.01 dmap=+0/-0 shz=3.3 plan=3 cmd=(lx=+0.00,ly=+0.00,rx=-0.45)
  t=209.3 AGR-DWA-T pos=(-5.04,+2.54) yaw= -11.6 d=0.59 goal_err=+69 carrot_err= +74 c0=0.45 clear=0.30 prog=0.03 rel=0.97 bal=-0.15 obs=124 hard=118 obsc=129 yr= 13G nz=0.03 flt=0.16 dmap=+0/-0 shz=3.3 plan=3 cmd=(lx=+0.00,ly=+0.00,rx=-0.45)
  t=209.7 AGR-DWA-T pos=(-5.04,+2.54) yaw=  -7.2 d=0.59 goal_err=+65 carrot_err= +69 c0=0.45 clear=0.30 prog=0.03 rel=0.97 bal=-0.15 obs=124 hard=118 obsc=129 yr= 14G nz=0.03 flt=0.00 dmap=+0/-0 shz=3.3 plan=3 cmd=(lx=+0.00,ly=+0.00,rx=-0.45)
  t=210.2 AGR-DWA-T pos=(-5.04,+2.54) yaw=  -1.2 d=0.59 goal_err=+59 carrot_err= +63 c0=0.45 clear=0.30 prog=0.03 rel=0.98 bal=+0.16 obs=124 hard=118 obsc=129 yr= 13G nz=0.02 flt=0.01 dmap=+0/-0 shz=3.3 plan=3 cmd=(lx=+0.00,ly=+0.00,rx=-0.45)
  t=210.6 AGR-DWA-T pos=(-5.04,+2.54) yaw=  +3.2 d=0.59 goal_err=+55 carrot_err= +59 c0=0.45 clear=0.30 prog=0.01 rel=0.99 bal=-0.34 obs=124 hard=118 obsc=129 yr= 13G nz=0.01 flt=0.00 dmap=+0/-0 shz=3.3 plan=3 cmd=(lx=+0.00,ly=+0.00,rx=-0.45)
  t=211.0 AGR-DWA-T pos=(-5.04,+2.54) yaw=  +9.2 d=0.59 goal_err=+49 carrot_err= +53 c0=0.45 clear=0.30 prog=0.00 rel=0.99 bal=-0.34 obs=124 hard=118 obsc=129 yr= 14G nz=0.01 flt=0.03 dmap=+0/-0 shz=3.5 plan=3 cmd=(lx=+0.00,ly=+0.00,rx=-0.45)
  t=211.5 AGR-DWA-T pos=(-5.04,+2.54) yaw= +13.7 d=0.59 goal_err=+44 carrot_err= +48 c0=0.45 clear=0.30 prog=0.00 rel=0.99 bal=-0.39 obs=124 hard=117 obsc=128 yr=  0  nz=0.01 flt=0.03 dmap=+1/-1 shz=3.5 plan=3 cmd=(lx=+0.00,ly=+0.00,rx=+0.00)
  t=211.9 AGR-DWA-T pos=(-5.04,+2.54) yaw= +13.7 d=0.59 goal_err=+44 carrot_err= +48 c0=0.45 clear=0.30 prog=0.00 rel=0.99 bal=-0.39 obs=122 hard=117 obsc=127 yr=  0  nz=0.01 flt=0.05 dmap=+0/-0 shz=3.5 plan=3 cmd=(lx=+0.00,ly=+0.00,rx=+0.00)
  t=212.4 AGR-DWA-T pos=(-5.04,+2.54) yaw= +13.7 d=0.59 goal_err=+44 carrot_err= +48 c0=0.45 clear=0.30 prog=0.00 rel=0.99 bal=-0.39 obs=122 hard=117 obsc=127 yr=  0  nz=0.01 flt=0.05 dmap=+0/-0 shz=3.5 plan=3 cmd=(lx=+0.00,ly=+0.00,rx=+0.00)
  t=212.8 AGR-BRK-BK pos=(-5.04,+2.54) yaw= +13.7 d=0.59 goal_err=+44 carrot_err= +48 c0=0.45 clear=0.30 prog=0.00 rel=0.99 bal=-0.39 obs=122 hard=117 obsc=127 yr=  0  nz=0.01 flt=0.05 dmap=+0/-0 shz=3.5 plan=0 cmd=(lx=+0.00,ly=-0.35,rx=+0.00)
  t=213.2 AGR-BRK-TR pos=(-5.09,+2.53) yaw= +13.7 d=0.63 goal_err=+41 carrot_err= +44 c0=0.50 clear=0.33 prog=0.00 rel=0.97 bal=-0.38 obs=122 hard=115 obsc=125 yr=  0G nz=0.03 flt=0.00 dmap=+0/-0 shz=3.3 plan=0 cmd=(lx=+0.00,ly=+0.00,rx=+0.45)
  t=213.7 AGR-BRK-TR pos=(-5.09,+2.53) yaw=  +7.7 d=0.63 goal_err=+47 carrot_err= +50 c0=0.50 clear=0.33 prog=0.00 rel=0.95 bal=-0.33 obs=124 hard=117 obsc=127 yr= 14G nz=0.05 flt=0.00 dmap=+2/-0 shz=3.3 plan=0 cmd=(lx=+0.00,ly=+0.00,rx=+0.45)
  t=214.1 AGR-BRK-TR pos=(-5.09,+2.53) yaw=  +1.8 d=0.63 goal_err=+53 carrot_err= +56 c0=0.50 clear=0.33 prog=0.00 rel=0.96 bal=-0.17 obs=124 hard=117 obsc=127 yr= 13G nz=0.04 flt=0.06 dmap=+0/-0 shz=3.3 plan=0 cmd=(lx=+0.00,ly=+0.00,rx=+0.45)
  t=214.6 AGR-BRK-TR pos=(-5.08,+2.53) yaw=  -4.1 d=0.62 goal_err=+59 carrot_err= +63 c0=0.49 clear=0.33 prog=0.00 rel=0.98 bal=-0.17 obs=124 hard=117 obsc=127 yr= 13G nz=0.02 flt=0.00 dmap=+0/-0 shz=3.3 plan=0 cmd=(lx=+0.00,ly=+0.00,rx=+0.45)
  t=215.0 AGR-BRK-TR pos=(-5.07,+2.53) yaw=  -8.3 d=0.61 goal_err=+65 carrot_err= +69 c0=0.47 clear=0.32 prog=0.00 rel=0.97 bal=-0.13 obs=124 hard=117 obsc=127 yr= 13G nz=0.03 flt=0.06 dmap=+0/-0 shz=3.3 plan=0 cmd=(lx=+0.00,ly=+0.00,rx=+0.45)
  t=215.4 AGR-BRK-TR pos=(-5.05,+2.53) yaw= -14.0 d=0.60 goal_err=+72 carrot_err= +76 c0=0.46 clear=0.30 prog=0.04 rel=0.96 bal=-0.14 obs=124 hard=117 obsc=127 yr= 13G nz=0.04 flt=0.01 dmap=+0/-0 shz=3.3 plan=0 cmd=(lx=+0.00,ly=+0.00,rx=+0.45)
  t=215.9 AGR-DWA-T pos=(-5.04,+2.53) yaw= -18.4 d=0.60 goal_err=+77 carrot_err= +82 c0=1.16 clear=0.78 prog=0.05 rel=0.59 bal=-0.14 obs=124 hard=117 obsc=127 yr= 13G nz=0.41 flt=0.00 dmap=+0/-0 shz=3.3 plan=3 cmd=(lx=+0.00,ly=+0.00,rx=-0.45)
  t=216.3 AGR-DWA-T pos=(-5.04,+2.53) yaw= -12.4 d=0.60 goal_err=+71 carrot_err= +76 c0=0.44 clear=0.30 prog=0.05 rel=0.49 bal=-0.14 obs=124 hard=117 obsc=127 yr= 13G nz=0.51 flt=0.01 dmap=+0/-0 shz=3.3 plan=3 cmd=(lx=+0.00,ly=+0.00,rx=-0.45)
  t=216.8 AGR-DWA-T pos=(-5.04,+2.53) yaw=  -7.9 d=0.60 goal_err=+67 carrot_err= +71 c0=0.44 clear=0.30 prog=0.03 rel=0.51 bal=-0.14 obs=124 hard=117 obsc=127 yr=  0G nz=0.49 flt=0.00 dmap=+0/-0 shz=3.3 plan=3 cmd=(lx=+0.00,ly=+0.00,rx=-0.45)
  t=217.2 AGR-DWA-T pos=(-5.04,+2.53) yaw=  -2.0 d=0.60 goal_err=+61 carrot_err= +65 c0=0.44 clear=0.30 prog=0.02 rel=0.48 bal=+0.17 obs=124 hard=117 obsc=127 yr= 13G nz=0.52 flt=0.00 dmap=+0/-0 shz=3.3 plan=3 cmd=(lx=+0.00,ly=+0.00,rx=-0.45)
  t=217.7 AGR-DWA-T pos=(-5.04,+2.53) yaw=  +4.0 d=0.60 goal_err=+55 carrot_err= +59 c0=0.44 clear=0.30 prog=0.00 rel=0.94 bal=-0.32 obs=124 hard=117 obsc=127 yr= 13G nz=0.01 flt=0.19 dmap=+0/-0 shz=3.4 plan=3 cmd=(lx=+0.00,ly=+0.00,rx=-0.45)
  t=218.1 AGR-DWA-T pos=(-5.04,+2.53) yaw=  +8.4 d=0.60 goal_err=+50 carrot_err= +55 c0=0.44 clear=0.30 prog=0.00 rel=0.99 bal=-0.32 obs=125 hard=118 obsc=128 yr= 13G nz=0.01 flt=0.10 dmap=+0/-0 shz=3.5 plan=3 cmd=(lx=+0.00,ly=+0.00,rx=-0.45)
  t=218.5 AGR-DWA-T pos=(-5.04,+2.53) yaw= +14.4 d=0.60 goal_err=+45 carrot_err= +49 c0=0.44 clear=0.30 prog=0.00 rel=0.99 bal=-0.37 obs=129 hard=118 obsc=132 yr= 13  nz=0.01 flt=0.20 dmap=+5/-1 shz=3.5 plan=3 cmd=(lx=+0.00,ly=+0.00,rx=+0.00)
  t=219.0 AGR-DWA-T pos=(-5.04,+2.53) yaw= +14.4 d=0.60 goal_err=+45 carrot_err= +49 c0=0.44 clear=0.30 prog=0.00 rel=0.98 bal=-0.37 obs=130 hard=119 obsc=132 yr=  0  nz=0.01 flt=0.05 dmap=+0/-0 shz=3.5 plan=3 cmd=(lx=+0.00,ly=+0.00,rx=+0.00)
  t=219.4 AGR-DWA-T pos=(-5.04,+2.53) yaw= +14.4 d=0.60 goal_err=+45 carrot_err= +49 c0=0.44 clear=0.30 prog=0.00 rel=0.98 bal=-0.37 obs=130 hard=119 obsc=132 yr=  0  nz=0.01 flt=0.05 dmap=+0/-0 shz=3.5 plan=3 cmd=(lx=+0.00,ly=+0.00,rx=+0.00)
  t=219.9 AGR-BRK-BK pos=(-5.04,+2.53) yaw= +14.4 d=0.60 goal_err=+45 carrot_err= +49 c0=0.44 clear=0.30 prog=0.00 rel=0.98 bal=-0.37 obs=130 hard=119 obsc=132 yr=  0  nz=0.01 flt=0.05 dmap=+0/-0 shz=3.5 plan=0 cmd=(lx=+0.00,ly=-0.35,rx=+0.00)
  t=220.3 AGR-BRK-TR pos=(-5.06,+2.52) yaw= +14.4 d=0.61 goal_err=+43 carrot_err= +47 c0=0.47 clear=0.31 prog=0.00 rel=0.99 bal=-0.37 obs=131 hard=120 obsc=133 yr=  0  nz=0.01 flt=0.00 dmap=+0/-0 shz=3.2 plan=0 cmd=(lx=+0.00,ly=+0.00,rx=+0.45)
  t=220.7 AGR-BRK-TR pos=(-5.07,+2.52) yaw=  +9.9 d=0.62 goal_err=+47 carrot_err= +50 c0=0.48 clear=0.32 prog=0.00 rel=0.96 bal=-0.32 obs=131 hard=120 obsc=133 yr= 14G nz=0.04 flt=0.12 dmap=+0/-0 shz=3.2 plan=0 cmd=(lx=+0.00,ly=+0.00,rx=+0.45)
  t=221.2 AGR-BRK-TR pos=(-5.07,+2.52) yaw=  +5.5 d=0.62 goal_err=+51 carrot_err= +55 c0=0.48 clear=0.32 prog=0.00 rel=0.96 bal=-0.32 obs=131 hard=120 obsc=133 yr= 14G nz=0.04 flt=0.03 dmap=+0/-0 shz=3.3 plan=0 cmd=(lx=+0.00,ly=+0.00,rx=+0.45)
  t=221.6 AGR-BRK-TR pos=(-5.07,+2.52) yaw=  -0.5 d=0.62 goal_err=+57 carrot_err= +61 c0=0.48 clear=0.32 prog=0.00 rel=0.97 bal=-0.16 obs=131 hard=121 obsc=133 yr= 14G nz=0.03 flt=0.01 dmap=+0/-0 shz=3.3 plan=0 cmd=(lx=+0.00,ly=+0.00,rx=+0.45)
  t=222.0 AGR-BRK-TR pos=(-5.07,+2.52) yaw=  -5.0 d=0.62 goal_err=+61 carrot_err= +65 c0=0.48 clear=0.32 prog=0.00 rel=0.98 bal=-0.11 obs=131 hard=121 obsc=133 yr= 13G nz=0.02 flt=0.00 dmap=+0/-0 shz=3.3 plan=0 cmd=(lx=+0.00,ly=+0.00,rx=+0.45)
  t=222.5 AGR-BRK-TR pos=(-5.07,+2.52) yaw=  -9.3 d=0.62 goal_err=+66 carrot_err= +70 c0=0.47 clear=0.32 prog=0.01 rel=0.98 bal=-0.12 obs=131 hard=121 obsc=133 yr=  0G nz=0.01 flt=0.05 dmap=+0/-0 shz=3.3 plan=0 cmd=(lx=+0.00,ly=+0.00,rx=+0.45)
  t=222.9 AGR-DWA-T pos=(-5.05,+2.52) yaw= -15.0 d=0.61 goal_err=+74 carrot_err= +78 c0=1.17 clear=0.78 prog=0.02 rel=0.97 bal=-0.13 obs=131 hard=122 obsc=133 yr= 13G nz=0.03 flt=0.06 dmap=+0/-0 shz=3.3 plan=3 cmd=(lx=+0.00,ly=+0.00,rx=-0.45)
  t=223.4 AGR-DWA-T pos=(-5.05,+2.52) yaw=  -9.1 d=0.61 goal_err=+68 carrot_err= +72 c0=0.45 clear=0.30 prog=0.02 rel=0.92 bal=-0.13 obs=131 hard=122 obsc=133 yr= 13G nz=0.03 flt=0.28 dmap=+0/-0 shz=3.3 plan=3 cmd=(lx=+0.00,ly=+0.00,rx=-0.45)

  >>> META2 EXPERIENCE-ABORT: experiencia mala 90% en 150s con progreso +0.23m. Ninguna analogia es valida aqui: STOP y aborto (pide ayuda/reposiciona). G1_M2_ABORT=0 desactiva.
  [spill] derrames=0 E[N]=0.06 eta_max=1.14 riesgo=1.3%
  [dataset] travesia guardada -> /Users/adrianlendinezibanez/Claude/Projects/G1 ROBOT/dataset/20260708_124415_ours_B.json
  [stats] fila anadida -> /Users/adrianlendinezibanez/Claude/Projects/G1 ROBOT/dataset/runs_stats.csv

Fin goto.
  [META2-L2] estado guardado (meta2_state_extsmoke.json): Pl={'Efficient_Nav': 1.0, 'Cautious_Nav': 1.0} derrames_run=0
  backend grafico: TkAgg
>>> SIM ADAPTER: conectando a rosbridge ws://localhost:8765 ...
  esperando /odom (hasta 30s; el mundo del lab tarda en cargar)... ok
  /odom OK pose=(+0.99,+0.57) | /scan: OK
  escenario LAB: mapa/waypoints/puerta REALES (lab.world solo-paredes, frame G1)

>>> GOTO 'B' -> (-4.73,+3.04). Mando en mano (L2+B). Ctrl+C aborta.
    ENTORNO: SIM (id: lab_v1_extsmoke)  — esta run se registra como SIMULACION, no cuenta como run de robot
  Esperando pose localizada y primera nube... ok.
  FRAME-CHECK start=(+0.99,+0.57) wp_mas_cercano=A(+0.99,+0.57) offset=0.00m  -> frame OK (pose y waypoints alineados)
  [spill] payload de agua simulado (semilla=20260708_124813_ours_B.json)
  [META2-DOOR] variante de engagement: Door_Direct (Pl={Door_Direct:1.00, Door_Far:1.00, Door_BiasPlus:1.00})
  META2 ACTIVO (techo por analogia): Meta-Reasoner 2.0, analogia inicial Cautious_Nav

  !!!!!!!!!!!!!!!!!!!!!!!!!!!!!!!!!!!!!!!!!!!!!!!!!!!!!!!!!!!!!!!!!!!!!!!!!!
  !!  VISION OFF (G1_PERC sin definir) pero G1_NOVIS=1: navego SIN vision bajo tu responsabilidad.
  !!  La MESA invisible al LiDAR no se vera.
  !!!!!!!!!!!!!!!!!!!!!!!!!!!!!!!!!!!!!!!!!!!!!!!!!!!!!!!!!!!!!!!!!!!!!!!!!!

  mapa de referencia: 961 celdas | muebles estaticos (nav_map): 0 celdas | plan global: static
  t=  0.0 DWA-F pos=(+0.99,+0.57) yaw=-120.3 d=6.23 goal_err=-83 carrot_err= -62 c0=2.25 clear=1.00 prog=0.00 rel=1.00 bal=+0.19 obs=108 hard=108 obsc=108 yr=  0  nz=0.00 flt=0.19 dmap=+108/-0 shz=0.0 plan=34 cmd=(lx=+0.00,ly=+0.40,rx=+0.45)
  t=  0.4 DWA-F pos=(+0.97,+0.54) yaw=-123.5 d=6.23 goal_err=-80 carrot_err= -61 c0=2.22 clear=1.00 prog=0.03 rel=0.99 bal=+0.28 obs=111 hard=111 obsc=111 yr= 14G nz=0.01 flt=0.01 dmap=+0/-0 shz=3.1 plan=34 cmd=(lx=+0.00,ly=+0.40,rx=+0.45)
  t=  0.9 DWA-F pos=(+0.94,+0.50) yaw=-129.9 d=6.21 goal_err=-74 carrot_err= -58 c0=2.22 clear=1.00 prog=0.06 rel=0.95 bal=+0.40 obs=111 hard=111 obsc=111 yr= 14G nz=0.05 flt=0.00 dmap=+0/-0 shz=3.9 plan=34 cmd=(lx=+0.00,ly=+0.40,rx=+0.45)
  t=  1.3 DWA-F pos=(+0.90,+0.45) yaw=-136.4 d=6.20 goal_err=-68 carrot_err= -40 c0=2.24 clear=1.00 prog=0.09 rel=0.95 bal=+0.41 obs=111 hard=111 obsc=111 yr= 15G nz=0.05 flt=0.03 dmap=+0/-0 shz=3.8 plan=34 cmd=(lx=+0.00,ly=+0.40,rx=+0.45)
  t=  1.8 DWA-F pos=(+0.87,+0.42) yaw=-141.2 d=6.18 goal_err=-64 carrot_err= -37 c0=2.50 clear=1.00 prog=0.10 rel=0.95 bal=+0.41 obs=111 hard=111 obsc=111 yr= 15G nz=0.05 flt=0.05 dmap=+0/-0 shz=3.9 plan=33 cmd=(lx=+0.00,ly=+0.40,rx=+0.45)
  t=  2.2 DWA-F pos=(+0.82,+0.39) yaw=-144.4 d=6.15 goal_err=-61 carrot_err= -37 c0=2.50 clear=1.00 prog=0.13 rel=0.78 bal=+0.42 obs=119 hard=119 obsc=139 yr=  0  nz=0.22 flt=0.00 dmap=+0/-0 shz=3.8 plan=33 cmd=(lx=+0.00,ly=+0.40,rx=+0.45)
  t=  2.6 DWA-F pos=(+0.79,+0.36) yaw=-147.6 d=6.13 goal_err=-58 carrot_err= -35 c0=2.50 clear=1.00 prog=0.15 rel=0.77 bal=+0.42 obs=119 hard=119 obsc=139 yr= 14G nz=0.23 flt=0.13 dmap=+0/-0 shz=3.8 plan=33 cmd=(lx=+0.00,ly=+0.40,rx=+0.00)
  t=  3.1 DWA-F pos=(+0.75,+0.34) yaw=-149.2 d=6.11 goal_err=-57 carrot_err= -35 c0=2.50 clear=1.00 prog=0.17 rel=0.83 bal=+0.43 obs=141 hard=121 obsc=142 yr=  0  nz=0.17 flt=0.00 dmap=+2/-0 shz=3.9 plan=33 cmd=(lx=+0.00,ly=+0.40,rx=+0.00)
  t=  3.5 DWA-F pos=(+0.72,+0.32) yaw=-150.8 d=6.09 goal_err=-56 carrot_err= -35 c0=2.50 clear=1.00 prog=0.17 rel=1.00 bal=+0.43 obs=141 hard=121 obsc=142 yr= 14G nz=0.00 flt=0.01 dmap=+0/-0 shz=3.8 plan=33 cmd=(lx=+0.00,ly=+0.40,rx=+0.00)
  t=  4.0 DWA-F pos=(+0.68,+0.30) yaw=-152.4 d=6.06 goal_err=-54 carrot_err= -34 c0=2.50 clear=1.00 prog=0.17 rel=0.99 bal=+0.44 obs=153 hard=134 obsc=156 yr=  0  nz=0.01 flt=0.00 dmap=+0/-0 shz=3.9 plan=33 cmd=(lx=+0.00,ly=+0.40,rx=+0.00)
  t=  4.4 DWA-F pos=(+0.63,+0.28) yaw=-152.4 d=6.03 goal_err=-55 carrot_err= -36 c0=2.50 clear=1.00 prog=0.18 rel=0.99 bal=+0.36 obs=157 hard=151 obsc=157 yr=  0  nz=0.01 flt=0.00 dmap=+3/-0 shz=3.8 plan=33 cmd=(lx=+0.00,ly=+0.40,rx=+0.00)
  t=  4.9 DWA-F pos=(+0.59,+0.26) yaw=-152.4 d=6.01 goal_err=-55 carrot_err= -23 c0=2.50 clear=1.00 prog=0.19 rel=0.99 bal=+0.37 obs=158 hard=155 obsc=158 yr=  0  nz=0.01 flt=0.00 dmap=+1/-0 shz=3.9 plan=32 cmd=(lx=+0.00,ly=+0.40,rx=+0.00)
  t=  5.3 DWA-F pos=(+0.55,+0.24) yaw=-152.4 d=5.98 goal_err=-56 carrot_err= -25 c0=2.50 clear=1.00 prog=0.20 rel=0.99 bal=+0.37 obs=158 hard=156 obsc=158 yr=  0  nz=0.01 flt=0.01 dmap=+0/-0 shz=3.8 plan=32 cmd=(lx=+0.00,ly=+0.40,rx=+0.00)
  t=  5.8 DWA-F pos=(+0.52,+0.22) yaw=-152.4 d=5.96 goal_err=-56 carrot_err= -26 c0=2.50 clear=1.00 prog=0.19 rel=0.99 bal=+0.38 obs=159 hard=158 obsc=159 yr=  0  nz=0.01 flt=0.01 dmap=+0/-0 shz=3.9 plan=32 cmd=(lx=+0.00,ly=+0.40,rx=+0.00)
  t=  6.2 DWA-F pos=(+0.48,+0.20) yaw=-152.4 d=5.94 goal_err=-56 carrot_err= -28 c0=2.50 clear=1.00 prog=0.18 rel=0.99 bal=+0.39 obs=159 hard=158 obsc=159 yr=  0  nz=0.01 flt=0.00 dmap=+0/-0 shz=3.9 plan=31 cmd=(lx=+0.00,ly=+0.40,rx=+0.00)
  t=  6.7 DWA-F pos=(+0.45,+0.18) yaw=-152.4 d=5.91 goal_err=-57 carrot_err= -29 c0=2.50 clear=1.00 prog=0.18 rel=0.99 bal=+0.40 obs=160 hard=160 obsc=163 yr=  0  nz=0.01 flt=0.01 dmap=+0/-1 shz=3.9 plan=31 cmd=(lx=+0.00,ly=+0.40,rx=+0.00)
  t=  7.1 DWA-F pos=(+0.41,+0.16) yaw=-152.4 d=5.89 goal_err=-57 carrot_err= -30 c0=2.50 clear=1.00 prog=0.17 rel=0.99 bal=+0.41 obs=162 hard=159 obsc=162 yr=  0  nz=0.01 flt=0.01 dmap=+0/-0 shz=3.9 plan=31 cmd=(lx=+0.00,ly=+0.40,rx=+0.00)
  t=  7.5 DWA-F pos=(+0.36,+0.13) yaw=-152.4 d=5.86 goal_err=-57 carrot_err= -33 c0=2.48 clear=1.00 prog=0.20 rel=0.98 bal=+0.42 obs=162 hard=159 obsc=162 yr=  0  nz=0.01 flt=0.00 dmap=+0/-0 shz=3.9 plan=31 cmd=(lx=+0.00,ly=+0.40,rx=+0.00)
  t=  8.0 DWA-F pos=(+0.32,+0.11) yaw=-152.4 d=5.83 goal_err=-58 carrot_err= -35 c0=2.44 clear=1.00 prog=0.19 rel=0.97 bal=+0.43 obs=161 hard=161 obsc=162 yr=  0  nz=0.03 flt=0.00 dmap=+0/-1 shz=3.9 plan=31 cmd=(lx=+0.00,ly=+0.40,rx=+0.00)
  t=  8.4 DWA-F pos=(+0.28,+0.09) yaw=-152.4 d=5.81 goal_err=-58 carrot_err= -22 c0=2.40 clear=1.00 prog=0.19 rel=0.94 bal=+0.43 obs=163 hard=162 obsc=163 yr=  0  nz=0.06 flt=0.00 dmap=+0/-0 shz=3.9 plan=31 cmd=(lx=+0.00,ly=+0.40,rx=+0.00)
  t=  8.9 DWA-F pos=(+0.25,+0.08) yaw=-152.4 d=5.79 goal_err=-58 carrot_err= -22 c0=2.37 clear=1.00 prog=0.18 rel=0.94 bal=+0.35 obs=164 hard=164 obsc=165 yr=  0  nz=0.06 flt=0.00 dmap=+0/-0 shz=3.9 plan=31 cmd=(lx=+0.00,ly=+0.40,rx=+0.00)
  t=  9.3 DWA-F pos=(+0.21,+0.06) yaw=-152.4 d=5.77 goal_err=-59 carrot_err= -24 c0=2.46 clear=1.00 prog=0.17 rel=0.94 bal=+0.36 obs=166 hard=164 obsc=166 yr=  0  nz=0.06 flt=0.00 dmap=+0/-0 shz=3.9 plan=30 cmd=(lx=+0.00,ly=+0.40,rx=+0.00)
  t=  9.8 DWA-F pos=(+0.18,+0.04) yaw=-152.4 d=5.75 goal_err=-59 carrot_err= -25 c0=2.43 clear=1.00 prog=0.15 rel=0.94 bal=+0.36 obs=168 hard=166 obsc=168 yr=  0  nz=0.06 flt=0.00 dmap=+1/-0 shz=3.9 plan=30 cmd=(lx=+0.00,ly=+0.40,rx=+0.00)
  t= 10.2 DWA-F pos=(+0.14,+0.02) yaw=-152.4 d=5.73 goal_err=-59 carrot_err= -26 c0=2.38 clear=1.00 prog=0.15 rel=0.93 bal=+0.37 obs=169 hard=167 obsc=169 yr=  0  nz=0.07 flt=0.00 dmap=+2/-0 shz=3.9 plan=30 cmd=(lx=+0.00,ly=+0.40,rx=+0.00)
  t= 10.6 DWA-F pos=(+0.11,+0.00) yaw=-152.4 d=5.71 goal_err=-60 carrot_err= -27 c0=2.35 clear=1.00 prog=0.15 rel=0.93 bal=+0.37 obs=168 hard=167 obsc=169 yr=  0  nz=0.07 flt=0.00 dmap=+0/-0 shz=3.9 plan=30 cmd=(lx=+0.00,ly=+0.40,rx=+0.00)
  t= 11.1 DWA-F pos=(+0.08,-0.01) yaw=-152.4 d=5.70 goal_err=-60 carrot_err= -28 c0=2.32 clear=1.00 prog=0.14 rel=0.93 bal=+0.35 obs=171 hard=169 obsc=171 yr=  0  nz=0.07 flt=0.01 dmap=+0/-0 shz=3.9 plan=29 cmd=(lx=+0.00,ly=+0.40,rx=+0.00)
  t= 11.5 DWA-F pos=(+0.04,-0.03) yaw=-152.4 d=5.67 goal_err=-60 carrot_err= -30 c0=2.28 clear=1.00 prog=0.15 rel=0.94 bal=+0.37 obs=171 hard=169 obsc=171 yr=  0  nz=0.06 flt=0.01 dmap=+1/-0 shz=3.9 plan=29 cmd=(lx=+0.00,ly=+0.40,rx=+0.00)
  t= 12.0 DWA-F pos=(+0.00,-0.05) yaw=-152.4 d=5.65 goal_err=-61 carrot_err= -31 c0=2.24 clear=1.00 prog=0.15 rel=0.94 bal=+0.39 obs=173 hard=171 obsc=173 yr=  0  nz=0.06 flt=0.00 dmap=+0/-0 shz=3.9 plan=29 cmd=(lx=+0.00,ly=+0.40,rx=+0.00)
  t= 12.4 DWA-F pos=(-0.03,-0.07) yaw=-152.4 d=5.64 goal_err=-61 carrot_err= -33 c0=2.21 clear=1.00 prog=0.14 rel=0.94 bal=+0.40 obs=173 hard=171 obsc=173 yr=  0  nz=0.06 flt=0.01 dmap=+0/-0 shz=3.9 plan=29 cmd=(lx=+0.00,ly=+0.40,rx=+0.00)
  t= 12.9 DWA-F pos=(-0.07,-0.09) yaw=-152.4 d=5.62 goal_err=-61 carrot_err= -34 c0=2.17 clear=1.00 prog=0.14 rel=0.93 bal=+0.41 obs=173 hard=171 obsc=173 yr=  0  nz=0.07 flt=0.01 dmap=+0/-0 shz=3.9 plan=29 cmd=(lx=+0.00,ly=+0.40,rx=+0.00)
  t= 13.3 DWA-F pos=(-0.12,-0.11) yaw=-152.4 d=5.59 goal_err=-62 carrot_err= -35 c0=2.18 clear=1.00 prog=0.16 rel=0.92 bal=+0.42 obs=175 hard=171 obsc=176 yr=  0  nz=0.08 flt=0.00 dmap=+3/-0 shz=3.9 plan=29 cmd=(lx=+0.00,ly=+0.40,rx=+0.00)
  t= 13.8 DWA-F pos=(-0.15,-0.13) yaw=-152.4 d=5.57 goal_err=-62 carrot_err= -37 c0=2.13 clear=1.00 prog=0.16 rel=0.95 bal=+0.42 obs=176 hard=171 obsc=178 yr=  0  nz=0.05 flt=0.00 dmap=+0/-1 shz=3.9 plan=29 cmd=(lx=+0.00,ly=+0.40,rx=+0.00)
  t= 14.2 DWA-F pos=(-0.19,-0.15) yaw=-152.4 d=5.55 goal_err=-63 carrot_err= -38 c0=2.09 clear=1.00 prog=0.16 rel=0.95 bal=+0.42 obs=176 hard=171 obsc=177 yr=  0  nz=0.05 flt=0.00 dmap=+0/-0 shz=3.9 plan=28 cmd=(lx=+0.00,ly=+0.40,rx=+0.45)
  t= 14.7 DWA-F pos=(-0.24,-0.18) yaw=-157.2 d=5.52 goal_err=-58 carrot_err= -36 c0=2.03 clear=1.00 prog=0.17 rel=0.92 bal=+0.43 obs=177 hard=172 obsc=178 yr= 14  nz=0.08 flt=0.14 dmap=+0/-0 shz=3.9 plan=28 cmd=(lx=+0.00,ly=+0.40,rx=+0.00)
  t= 15.1 DWA-F pos=(-0.28,-0.20) yaw=-157.2 d=5.50 goal_err=-59 carrot_err= -38 c0=1.99 clear=1.00 prog=0.17 rel=0.91 bal=+0.43 obs=179 hard=173 obsc=179 yr=  0G nz=0.09 flt=0.00 dmap=+0/-0 shz=3.9 plan=28 cmd=(lx=+0.00,ly=+0.40,rx=+0.45)
  t= 15.6 DWA-F pos=(-0.33,-0.21) yaw=-160.4 d=5.47 goal_err=-56 carrot_err= -33 c0=1.94 clear=1.00 prog=0.17 rel=0.91 bal=+0.43 obs=190 hard=185 obsc=190 yr=  0  nz=0.09 flt=0.02 dmap=+1/-0 shz=3.9 plan=27 cmd=(lx=+0.00,ly=+0.40,rx=+0.00)
  t= 16.0 DWA-F pos=(-0.37,-0.23) yaw=-160.4 d=5.45 goal_err=-56 carrot_err= -35 c0=1.90 clear=1.00 prog=0.18 rel=0.92 bal=+0.49 obs=189 hard=187 obsc=191 yr=  0  nz=0.09 flt=0.01 dmap=+0/-0 shz=3.9 plan=27 cmd=(lx=+0.00,ly=+0.40,rx=+0.00)
  t= 16.5 DWA-F pos=(-0.42,-0.25) yaw=-160.4 d=5.42 goal_err=-57 carrot_err= -37 c0=1.85 clear=1.00 prog=0.19 rel=0.91 bal=+0.50 obs=191 hard=188 obsc=193 yr=  0  nz=0.09 flt=0.00 dmap=+0/-0 shz=3.9 plan=27 cmd=(lx=+0.00,ly=+0.40,rx=+0.00)
  t= 16.9 DWA-F pos=(-0.46,-0.26) yaw=-162.0 d=5.40 goal_err=-56 carrot_err= -37 c0=1.80 clear=1.00 prog=0.19 rel=0.91 bal=+0.51 obs=188 hard=186 obsc=191 yr= 15G nz=0.10 flt=0.15 dmap=+0/-0 shz=3.9 plan=27 cmd=(lx=+0.00,ly=+0.40,rx=+0.45)
  t= 17.4 DWA-F pos=(-0.50,-0.27) yaw=-165.2 d=5.37 goal_err=-53 carrot_err= -36 c0=1.76 clear=1.00 prog=0.20 rel=0.92 bal=+0.51 obs=193 hard=186 obsc=202 yr=  0  nz=0.08 flt=0.05 dmap=+1/-0 shz=3.9 plan=27 cmd=(lx=+0.00,ly=+0.40,rx=+0.00)
  t= 17.8 DWA-F pos=(-0.55,-0.28) yaw=-168.4 d=5.34 goal_err=-50 carrot_err= -35 c0=1.72 clear=1.00 prog=0.20 rel=0.92 bal=+0.51 obs=193 hard=186 obsc=202 yr= 15  nz=0.09 flt=0.01 dmap=+0/-0 shz=3.9 plan=27 cmd=(lx=+0.00,ly=+0.40,rx=+0.00)
  t= 18.2 DWA-F pos=(-0.59,-0.29) yaw=-168.4 d=5.31 goal_err=-50 carrot_err= -37 c0=1.68 clear=1.00 prog=0.21 rel=0.93 bal=+0.52 obs=196 hard=191 obsc=207 yr=  0G nz=0.07 flt=0.01 dmap=+0/-0 shz=3.9 plan=27 cmd=(lx=+0.00,ly=+0.40,rx=+0.45)
  t= 18.7 DWA-F pos=(-0.65,-0.30) yaw=-173.3 d=5.28 goal_err=-46 carrot_err= -40 c0=1.79 clear=1.00 prog=0.22 rel=0.92 bal=+0.52 obs=198 hard=192 obsc=207 yr=  0  nz=0.08 flt=0.01 dmap=+0/-0 shz=4.0 plan=26 cmd=(lx=+0.00,ly=+0.40,rx=+0.45)
  t= 19.2 DWA-F pos=(-0.68,-0.30) yaw=-176.5 d=5.25 goal_err=-43 carrot_err= -39 c0=1.86 clear=1.00 prog=0.21 rel=0.88 bal=+0.52 obs=199 hard=193 obsc=208 yr= 15G nz=0.12 flt=0.03 dmap=+1/-0 shz=3.9 plan=26 cmd=(lx=+0.00,ly=+0.40,rx=+0.00)
  t= 19.6 DWA-F pos=(-0.72,-0.31) yaw=-178.1 d=5.22 goal_err=-42 carrot_err= -32 c0=1.81 clear=1.00 prog=0.23 rel=0.86 bal=+0.49 obs=199 hard=194 obsc=208 yr=  0  nz=0.14 flt=0.00 dmap=+1/-0 shz=3.9 plan=26 cmd=(lx=+0.00,ly=+0.40,rx=+0.00)
  t= 20.0 DWA-F pos=(-0.77,-0.31) yaw=-178.1 d=5.19 goal_err=-42 carrot_err= -33 c0=1.77 clear=1.00 prog=0.23 rel=0.94 bal=+0.50 obs=195 hard=195 obsc=208 yr=  0  nz=0.06 flt=0.00 dmap=+0/-0 shz=3.9 plan=26 cmd=(lx=+0.00,ly=+0.40,rx=+0.00)
  t= 20.5 DWA-F pos=(-0.82,-0.31) yaw=-178.1 d=5.15 goal_err=-43 carrot_err= -35 c0=1.72 clear=1.00 prog=0.24 rel=0.91 bal=+0.50 obs=195 hard=192 obsc=204 yr=  0  nz=0.09 flt=0.01 dmap=+0/-0 shz=3.9 plan=25 cmd=(lx=+0.00,ly=+0.40,rx=+0.00)
  t= 20.9 DWA-F pos=(-0.87,-0.31) yaw=-178.1 d=5.11 goal_err=-43 carrot_err= -37 c0=1.68 clear=1.00 prog=0.25 rel=0.91 bal=+0.48 obs=196 hard=193 obsc=204 yr=  0  nz=0.09 flt=0.01 dmap=+0/-0 shz=3.9 plan=25 cmd=(lx=+0.00,ly=+0.40,rx=+0.00)
  t= 21.4 DWA-F pos=(-0.90,-0.31) yaw=-178.1 d=5.09 goal_err=-43 carrot_err= -38 c0=1.65 clear=1.00 prog=0.24 rel=0.92 bal=+0.46 obs=195 hard=192 obsc=204 yr=  0  nz=0.08 flt=0.00 dmap=+0/-0 shz=3.9 plan=25 cmd=(lx=+0.00,ly=+0.40,rx=+0.45)
  t= 21.8 DWA-F pos=(-0.95,-0.31) yaw=+178.7 d=5.06 goal_err=-40 carrot_err= -30 c0=1.79 clear=1.00 prog=0.24 rel=0.91 bal=+0.44 obs=195 hard=192 obsc=204 yr=  0  nz=0.09 flt=0.10 dmap=+0/-0 shz=3.9 plan=24 cmd=(lx=+0.00,ly=+0.40,rx=+0.00)
  t= 22.3 DWA-F pos=(-0.98,-0.31) yaw=+178.7 d=5.03 goal_err=-41 carrot_err= -31 c0=1.76 clear=1.00 prog=0.21 rel=0.89 bal=+0.28 obs=195 hard=191 obsc=205 yr=  0  nz=0.11 flt=0.02 dmap=+0/-0 shz=3.9 plan=24 cmd=(lx=+0.00,ly=+0.40,rx=+0.00)
  t= 22.7 DWA-F pos=(-1.02,-0.31) yaw=+178.7 d=5.00 goal_err=-41 carrot_err= -32 c0=1.72 clear=1.00 prog=0.22 rel=0.90 bal=+0.26 obs=196 hard=191 obsc=206 yr=  0  nz=0.10 flt=0.00 dmap=+1/-2 shz=3.9 plan=24 cmd=(lx=+0.00,ly=+0.40,rx=+0.00)
  t= 23.2 DWA-F pos=(-1.06,-0.31) yaw=+178.7 d=4.97 goal_err=-41 carrot_err= -33 c0=1.75 clear=1.00 prog=0.22 rel=0.90 bal=+0.25 obs=197 hard=194 obsc=205 yr=  0  nz=0.10 flt=0.00 dmap=+1/-0 shz=3.9 plan=24 cmd=(lx=+0.00,ly=+0.40,rx=+0.00)
  t= 23.6 DWA-F pos=(-1.10,-0.31) yaw=+178.7 d=4.94 goal_err=-41 carrot_err= -35 c0=1.70 clear=1.00 prog=0.22 rel=0.96 bal=+0.23 obs=198 hard=194 obsc=206 yr=  0  nz=0.04 flt=0.00 dmap=+0/-0 shz=3.9 plan=24 cmd=(lx=+0.00,ly=+0.40,rx=+0.00)
  t= 24.1 DWA-F pos=(-1.15,-0.31) yaw=+178.7 d=4.91 goal_err=-42 carrot_err= -38 c0=1.66 clear=1.00 prog=0.22 rel=0.94 bal=+0.19 obs=197 hard=193 obsc=206 yr=  0  nz=0.06 flt=0.00 dmap=+0/-0 shz=3.9 plan=24 cmd=(lx=+0.00,ly=+0.40,rx=+0.45)
  t= 24.5 DWA-F pos=(-1.18,-0.31) yaw=+175.5 d=4.88 goal_err=-39 carrot_err= -36 c0=1.62 clear=1.00 prog=0.22 rel=0.91 bal=+0.20 obs=199 hard=193 obsc=208 yr= 14  nz=0.09 flt=0.11 dmap=+0/-0 shz=3.9 plan=24 cmd=(lx=+0.00,ly=+0.40,rx=+0.00)
  t= 25.0 DWA-F pos=(-1.22,-0.30) yaw=+175.5 d=4.85 goal_err=-39 carrot_err= -17 c0=1.58 clear=1.00 prog=0.22 rel=0.92 bal=+0.18 obs=199 hard=195 obsc=207 yr=  0  nz=0.08 flt=0.02 dmap=+0/-0 shz=3.9 plan=23 cmd=(lx=+0.00,ly=+0.40,rx=+0.00)
  t= 25.4 DWA-F pos=(-1.27,-0.30) yaw=+175.5 d=4.81 goal_err=-39 carrot_err= -18 c0=1.54 clear=1.00 prog=0.23 rel=0.91 bal=+0.17 obs=199 hard=194 obsc=207 yr=  0  nz=0.09 flt=0.00 dmap=+0/-0 shz=3.9 plan=23 cmd=(lx=+0.00,ly=+0.40,rx=+0.00)
  t= 25.9 DWA-F pos=(-1.30,-0.30) yaw=+175.5 d=4.79 goal_err=-40 carrot_err= -24 c0=1.50 clear=1.00 prog=0.22 rel=0.93 bal=+0.16 obs=198 hard=194 obsc=207 yr=  0  nz=0.07 flt=0.01 dmap=+0/-0 shz=3.9 plan=23 cmd=(lx=+0.00,ly=+0.40,rx=+0.00)
  t= 26.4 DWA-F pos=(-1.34,-0.29) yaw=+175.5 d=4.75 goal_err=-40 carrot_err= -26 c0=1.46 clear=0.97 prog=0.24 rel=0.92 bal=+0.15 obs=198 hard=195 obsc=207 yr=  0  nz=0.08 flt=0.02 dmap=+0/-0 shz=3.9 plan=23 cmd=(lx=+0.00,ly=+0.40,rx=+0.00)
  t= 26.8 DWA-F pos=(-1.39,-0.29) yaw=+175.5 d=4.72 goal_err=-40 carrot_err= -27 c0=1.41 clear=0.94 prog=0.23 rel=0.93 bal=+0.14 obs=199 hard=197 obsc=210 yr=  0  nz=0.07 flt=0.02 dmap=+0/-0 shz=4.0 plan=22 cmd=(lx=+0.00,ly=+0.40,rx=+0.00)
  t= 27.3 DWA-F pos=(-1.43,-0.29) yaw=+175.5 d=4.68 goal_err=-41 carrot_err= -28 c0=1.37 clear=0.91 prog=0.23 rel=0.93 bal=-0.02 obs=200 hard=194 obsc=208 yr=  0  nz=0.07 flt=0.02 dmap=+0/-0 shz=4.0 plan=22 cmd=(lx=+0.00,ly=+0.40,rx=+0.00)
  t= 27.7 DWA-F pos=(-1.49,-0.28) yaw=+175.5 d=4.64 goal_err=-41 carrot_err= -30 c0=1.31 clear=0.88 prog=0.26 rel=0.92 bal=-0.03 obs=201 hard=196 obsc=208 yr=  0  nz=0.08 flt=0.02 dmap=+1/-0 shz=4.0 plan=22 cmd=(lx=+0.00,ly=+0.40,rx=+0.00)
  t= 28.2 DWA-F pos=(-1.53,-0.28) yaw=+175.5 d=4.61 goal_err=-42 carrot_err= -34 c0=1.27 clear=0.85 prog=0.26 rel=0.92 bal=-0.03 obs=201 hard=197 obsc=209 yr=  0  nz=0.08 flt=0.02 dmap=+0/-0 shz=3.9 plan=21 cmd=(lx=+0.00,ly=+0.40,rx=+0.00)
  t= 28.6 DWA-F pos=(-1.57,-0.28) yaw=+175.5 d=4.58 goal_err=-42 carrot_err= -35 c0=1.24 clear=0.82 prog=0.25 rel=0.91 bal=-0.04 obs=202 hard=199 obsc=210 yr=  0  nz=0.09 flt=0.01 dmap=+0/-0 shz=3.9 plan=21 cmd=(lx=+0.00,ly=+0.40,rx=+0.45)
  t= 29.1 DWA-F pos=(-1.61,-0.27) yaw=+172.3 d=4.55 goal_err=-39 carrot_err= -33 c0=1.19 clear=0.80 prog=0.25 rel=0.91 bal=-0.04 obs=202 hard=198 obsc=209 yr=  0  nz=0.09 flt=0.00 dmap=+0/-0 shz=4.0 plan=21 cmd=(lx=+0.00,ly=+0.40,rx=+0.00)
  t= 29.5 DWA-F pos=(-1.65,-0.27) yaw=+169.1 d=4.52 goal_err=-36 carrot_err= -31 c0=1.15 clear=0.77 prog=0.25 rel=0.92 bal=-0.05 obs=201 hard=198 obsc=209 yr= 14  nz=0.08 flt=0.12 dmap=+0/-1 shz=4.0 plan=21 cmd=(lx=+0.00,ly=+0.40,rx=+0.00)
  t= 29.9 DWA-F pos=(-1.69,-0.26) yaw=+169.1 d=4.49 goal_err=-36 carrot_err= -32 c0=1.11 clear=0.74 prog=0.23 rel=0.92 bal=-0.05 obs=200 hard=198 obsc=208 yr=  0  nz=0.08 flt=0.00 dmap=+0/-0 shz=3.9 plan=21 cmd=(lx=+0.00,ly=+0.40,rx=+0.00)
  t= 30.4 DWA-F pos=(-1.73,-0.25) yaw=+165.9 d=4.45 goal_err=-34 carrot_err= -30 c0=1.07 clear=0.71 prog=0.24 rel=0.92 bal=-0.03 obs=198 hard=198 obsc=207 yr= 14  nz=0.08 flt=0.12 dmap=+0/-0 shz=4.0 plan=21 cmd=(lx=+0.00,ly=+0.40,rx=+0.00)
  t= 30.8 DWA-F pos=(-1.76,-0.24) yaw=+165.9 d=4.43 goal_err=-34 carrot_err= -31 c0=1.04 clear=0.69 prog=0.23 rel=0.92 bal=-0.04 obs=200 hard=199 obsc=208 yr=  0  nz=0.08 flt=0.00 dmap=+2/-1 shz=3.9 plan=21 cmd=(lx=+0.00,ly=+0.40,rx=+0.00)
  t= 31.3 DWA-F pos=(-1.81,-0.23) yaw=+162.7 d=4.39 goal_err=-31 carrot_err= -21 c0=0.99 clear=0.66 prog=0.24 rel=0.93 bal=-0.04 obs=200 hard=197 obsc=207 yr= 14  nz=0.07 flt=0.14 dmap=+0/-0 shz=4.0 plan=20 cmd=(lx=+0.00,ly=+0.40,rx=+0.00)
  t= 31.7 DWA-F pos=(-1.84,-0.22) yaw=+162.7 d=4.36 goal_err=-31 carrot_err= -22 c0=0.96 clear=0.64 prog=0.24 rel=0.92 bal=-0.04 obs=201 hard=199 obsc=208 yr=  0  nz=0.08 flt=0.02 dmap=+0/-0 shz=4.0 plan=20 cmd=(lx=+0.00,ly=+0.40,rx=+0.00)
  t= 32.2 DWA-F pos=(-1.88,-0.21) yaw=+162.7 d=4.32 goal_err=-31 carrot_err= -23 c0=0.92 clear=0.61 prog=0.25 rel=0.93 bal=-0.04 obs=201 hard=199 obsc=208 yr=  0  nz=0.07 flt=0.00 dmap=+0/-0 shz=4.0 plan=20 cmd=(lx=+0.00,ly=+0.40,rx=+0.00)
  t= 32.6 DWA-F pos=(-1.91,-0.20) yaw=+162.7 d=4.29 goal_err=-32 carrot_err= -24 c0=0.89 clear=0.59 prog=0.24 rel=0.92 bal=-0.04 obs=201 hard=199 obsc=207 yr=  0  nz=0.08 flt=0.00 dmap=+0/-0 shz=3.9 plan=20 cmd=(lx=+0.00,ly=+0.40,rx=+0.00)
  t= 33.1 DWA-F pos=(-1.95,-0.19) yaw=+162.7 d=4.26 goal_err=-32 carrot_err= -17 c0=0.85 clear=0.56 prog=0.25 rel=0.94 bal=-0.04 obs=202 hard=199 obsc=208 yr=  0  nz=0.06 flt=0.01 dmap=+1/-0 shz=4.0 plan=19 cmd=(lx=+0.00,ly=+0.40,rx=+0.00)
  t= 33.5 DWA-F pos=(-1.99,-0.18) yaw=+162.7 d=4.23 goal_err=-32 carrot_err= -18 c0=0.81 clear=0.54 prog=0.24 rel=0.94 bal=-0.04 obs=203 hard=199 obsc=209 yr=  0  nz=0.06 flt=0.02 dmap=+0/-0 shz=3.9 plan=19 cmd=(lx=+0.00,ly=+0.40,rx=+0.00)
  t= 33.9 DWA-F pos=(-2.02,-0.17) yaw=+162.7 d=4.20 goal_err=-32 carrot_err= -19 c0=0.78 clear=0.52 prog=0.24 rel=0.94 bal=-0.03 obs=202 hard=199 obsc=210 yr=  0  nz=0.07 flt=0.01 dmap=+0/-0 shz=4.0 plan=19 cmd=(lx=+0.00,ly=+0.40,rx=+0.00)
  t= 34.4 DWA-F pos=(-2.06,-0.15) yaw=+162.7 d=4.16 goal_err=-33 carrot_err= -19 c0=0.74 clear=0.49 prog=0.25 rel=0.94 bal=-0.12 obs=201 hard=198 obsc=208 yr=  0  nz=0.06 flt=0.02 dmap=+0/-1 shz=3.9 plan=19 cmd=(lx=+0.00,ly=+0.40,rx=+0.00)
  t= 34.8 DWA-F pos=(-2.09,-0.14) yaw=+162.7 d=4.13 goal_err=-33 carrot_err= -20 c0=0.71 clear=0.47 prog=0.23 rel=0.94 bal=-0.13 obs=202 hard=201 obsc=209 yr=  0  nz=0.06 flt=0.00 dmap=+1/-1 shz=4.0 plan=19 cmd=(lx=+0.00,ly=+0.40,rx=+0.00)
  t= 35.3 DWA-F pos=(-2.13,-0.13) yaw=+162.7 d=4.10 goal_err=-33 carrot_err= -23 c0=0.67 clear=0.45 prog=0.25 rel=0.94 bal=-0.15 obs=202 hard=201 obsc=209 yr=  0  nz=0.06 flt=0.01 dmap=+0/-0 shz=3.9 plan=19 cmd=(lx=+0.00,ly=+0.40,rx=+0.00)
  t= 35.7 DWA-F pos=(-2.17,-0.12) yaw=+162.7 d=4.07 goal_err=-34 carrot_err= -23 c0=0.64 clear=0.43 prog=0.23 rel=0.93 bal=-0.16 obs=203 hard=201 obsc=209 yr=  0  nz=0.07 flt=0.02 dmap=+0/-0 shz=3.9 plan=19 cmd=(lx=+0.00,ly=+0.40,rx=+0.00)
  t= 36.2 DWA-F pos=(-2.22,-0.10) yaw=+162.7 d=4.02 goal_err=-34 carrot_err= -24 c0=0.79 clear=0.53 prog=0.26 rel=0.91 bal=-0.31 obs=206 hard=204 obsc=213 yr=  0  nz=0.09 flt=0.02 dmap=+2/-0 shz=3.9 plan=18 cmd=(lx=+0.00,ly=+0.40,rx=+0.00)
  t= 36.6 DWA-F pos=(-2.26,-0.09) yaw=+162.7 d=3.99 goal_err=-34 carrot_err= -25 c0=0.94 clear=0.63 prog=0.26 rel=0.82 bal=-0.46 obs=208 hard=204 obsc=214 yr=  0  nz=0.18 flt=0.02 dmap=+1/-0 shz=3.9 plan=18 cmd=(lx=+0.00,ly=+0.40,rx=+0.00)
  t= 37.1 DWA-F pos=(-2.30,-0.08) yaw=+162.7 d=3.95 goal_err=-35 carrot_err= -27 c0=0.90 clear=0.60 prog=0.27 rel=0.82 bal=-0.57 obs=207 hard=205 obsc=215 yr=  0  nz=0.18 flt=0.01 dmap=+0/-0 shz=3.9 plan=18 cmd=(lx=+0.00,ly=+0.40,rx=+0.00)
  t= 37.5 DWA-F pos=(-2.35,-0.06) yaw=+162.7 d=3.91 goal_err=-35 carrot_err= -28 c0=0.86 clear=0.57 prog=0.27 rel=0.90 bal=-0.57 obs=207 hard=205 obsc=214 yr=  0  nz=0.10 flt=0.01 dmap=+0/-0 shz=3.9 plan=17 cmd=(lx=+0.00,ly=+0.40,rx=+0.00)
  t= 38.0 DWA-F pos=(-2.39,-0.05) yaw=+162.7 d=3.88 goal_err=-36 carrot_err= -29 c0=0.81 clear=0.54 prog=0.27 rel=0.91 bal=-0.57 obs=207 hard=206 obsc=215 yr=  0G nz=0.09 flt=0.02 dmap=+0/-0 shz=3.9 plan=17 cmd=(lx=+0.00,ly=+0.40,rx=+0.45)
  t= 38.4 DWA-F pos=(-2.43,-0.04) yaw=+159.5 d=3.84 goal_err=-33 carrot_err= -28 c0=0.77 clear=0.51 prog=0.27 rel=0.92 bal=-0.51 obs=211 hard=206 obsc=218 yr=  0  nz=0.08 flt=0.02 dmap=+0/-0 shz=3.9 plan=17 cmd=(lx=+0.00,ly=+0.40,rx=+0.00)
  t= 38.8 DWA-F pos=(-2.47,-0.02) yaw=+159.5 d=3.80 goal_err=-33 carrot_err= -29 c0=0.73 clear=0.49 prog=0.27 rel=0.92 bal=-0.51 obs=212 hard=209 obsc=218 yr=  0G nz=0.08 flt=0.03 dmap=+0/-0 shz=4.0 plan=17 cmd=(lx=+0.00,ly=+0.40,rx=+0.45)
  t= 39.3 DWA-F pos=(-2.50,-0.01) yaw=+156.3 d=3.77 goal_err=-30 carrot_err= -27 c0=0.70 clear=0.47 prog=0.26 rel=0.94 bal=-0.52 obs=214 hard=211 obsc=221 yr=  0  nz=0.07 flt=0.01 dmap=+0/-0 shz=3.9 plan=17 cmd=(lx=+0.00,ly=+0.40,rx=+0.00)
  t= 39.7 DWA-F pos=(-2.54,+0.01) yaw=+156.3 d=3.74 goal_err=-30 carrot_err= -28 c0=0.66 clear=0.44 prog=0.26 rel=0.93 bal=-0.39 obs=212 hard=213 obsc=222 yr=  0  nz=0.07 flt=0.03 dmap=+1/-4 shz=3.9 plan=17 cmd=(lx=+0.00,ly=+0.40,rx=+0.45)
  t= 40.2 ENG-F pos=(-2.58,+0.03) yaw=+153.0 d=3.70 goal_err=-28 carrot_err= -24 c0=1.03 clear=0.69 prog=0.26 rel=0.79 bal=-0.39 obs=212 hard=211 obsc=221 yr=  0  nz=0.21 flt=0.02 dmap=+2/-2 shz=3.9 plan=17 cmd=(lx=+0.00,ly=+0.28,rx=+0.00)
  t= 40.6 ENG-F pos=(-2.61,+0.04) yaw=+153.0 d=3.67 goal_err=-28 carrot_err= -25 c0=1.00 clear=0.67 prog=0.26 rel=0.74 bal=-0.39 obs=215 hard=211 obsc=221 yr=  0  nz=0.26 flt=0.03 dmap=+0/-0 shz=3.9 plan=17 cmd=(lx=+0.00,ly=+0.28,rx=+0.00)
  t= 41.1 ENG-F pos=(-2.65,+0.06) yaw=+153.0 d=3.64 goal_err=-28 carrot_err= -26 c0=0.96 clear=0.64 prog=0.26 rel=0.79 bal=-0.39 obs=215 hard=211 obsc=223 yr=  0  nz=0.21 flt=0.03 dmap=+0/-0 shz=3.9 plan=17 cmd=(lx=+0.00,ly=+0.28,rx=+0.00)
  t= 41.5 ENG-F pos=(-2.67,+0.07) yaw=+153.0 d=3.61 goal_err=-28 carrot_err= -27 c0=0.94 clear=0.62 prog=0.24 rel=0.81 bal=-0.39 obs=216 hard=211 obsc=223 yr=  0  nz=0.20 flt=0.02 dmap=+2/-0 shz=3.9 plan=17 cmd=(lx=+0.00,ly=+0.28,rx=+0.00)
  t= 41.9 ENG-F pos=(-2.70,+0.09) yaw=+153.0 d=3.58 goal_err=-29 carrot_err= -28 c0=0.90 clear=0.60 prog=0.23 rel=0.94 bal=-0.38 obs=216 hard=211 obsc=223 yr=  0  nz=0.06 flt=0.01 dmap=+1/-1 shz=4.0 plan=17 cmd=(lx=+0.00,ly=+0.28,rx=+0.00)
  t= 42.4 ENG-F pos=(-2.73,+0.10) yaw=+153.0 d=3.56 goal_err=-29 carrot_err= -29 c0=0.88 clear=0.59 prog=0.21 rel=0.95 bal=-0.38 obs=217 hard=212 obsc=223 yr=  0  nz=0.05 flt=0.01 dmap=+0/-0 shz=3.9 plan=17 cmd=(lx=+0.00,ly=+0.28,rx=+0.00)
  t= 42.8 ENG-F pos=(-2.76,+0.12) yaw=+153.0 d=3.52 goal_err=-29 carrot_err= -30 c0=0.85 clear=0.56 prog=0.21 rel=0.94 bal=-0.30 obs=215 hard=211 obsc=221 yr=  0  nz=0.06 flt=0.01 dmap=+0/-0 shz=3.9 plan=17 cmd=(lx=+0.00,ly=+0.28,rx=+0.00)
  t= 43.3 ENG-F pos=(-2.78,+0.13) yaw=+153.0 d=3.50 goal_err=-29 carrot_err= -31 c0=0.82 clear=0.55 prog=0.21 rel=0.94 bal=-0.31 obs=216 hard=211 obsc=222 yr=  0  nz=0.06 flt=0.00 dmap=+1/-0 shz=3.9 plan=17 cmd=(lx=+0.00,ly=+0.28,rx=+0.00)
  t= 43.7 ENG-F pos=(-2.81,+0.14) yaw=+153.0 d=3.48 goal_err=-29 carrot_err= -21 c0=0.80 clear=0.53 prog=0.20 rel=0.95 bal=-0.31 obs=217 hard=213 obsc=224 yr=  0  nz=0.05 flt=0.01 dmap=+1/-0 shz=3.9 plan=16 cmd=(lx=+0.00,ly=+0.28,rx=+0.00)
  t= 44.1 ENG-F pos=(-2.84,+0.16) yaw=+153.0 d=3.45 goal_err=-30 carrot_err= -22 c0=0.76 clear=0.51 prog=0.21 rel=0.95 bal=-0.31 obs=215 hard=213 obsc=224 yr=  0  nz=0.05 flt=0.01 dmap=+0/-0 shz=3.9 plan=16 cmd=(lx=+0.00,ly=+0.28,rx=+0.00)
  t= 44.6 ENG-F pos=(-2.86,+0.17) yaw=+153.0 d=3.42 goal_err=-30 carrot_err= -23 c0=0.74 clear=0.49 prog=0.20 rel=0.95 bal=-0.32 obs=217 hard=215 obsc=223 yr=  0  nz=0.05 flt=0.01 dmap=+0/-0 shz=3.9 plan=16 cmd=(lx=+0.00,ly=+0.28,rx=+0.00)
  t= 45.0 ENG-F pos=(-2.90,+0.19) yaw=+153.0 d=3.39 goal_err=-30 carrot_err= -24 c0=0.74 clear=0.49 prog=0.21 rel=0.96 bal=-0.19 obs=218 hard=214 obsc=225 yr=  0  nz=0.04 flt=0.00 dmap=+2/-1 shz=3.9 plan=16 cmd=(lx=+0.00,ly=+0.28,rx=+0.00)
  t= 45.5 ENG-F pos=(-2.92,+0.20) yaw=+153.0 d=3.37 goal_err=-31 carrot_err= -24 c0=0.71 clear=0.47 prog=0.20 rel=0.97 bal=-0.20 obs=219 hard=217 obsc=225 yr=  0  nz=0.03 flt=0.01 dmap=+0/-0 shz=3.9 plan=16 cmd=(lx=+0.00,ly=+0.28,rx=+0.00)
  t= 45.9 ENG-F pos=(-2.95,+0.22) yaw=+153.0 d=3.34 goal_err=-31 carrot_err= -26 c0=0.67 clear=0.45 prog=0.21 rel=0.95 bal=-0.20 obs=217 hard=215 obsc=224 yr=  0  nz=0.05 flt=0.01 dmap=+0/-0 shz=3.9 plan=16 cmd=(lx=+0.00,ly=+0.28,rx=+0.00)
  t= 46.3 ENG-T pos=(-2.98,+0.23) yaw=+153.0 d=3.31 goal_err=-31 carrot_err= -26 c0=0.65 clear=0.43 prog=0.20 rel=0.95 bal=-0.20 obs=218 hard=216 obsc=224 yr=  0G nz=0.05 flt=0.01 dmap=+0/-0 shz=3.9 plan=16 cmd=(lx=+0.00,ly=+0.00,rx=+0.45)
  t= 46.8 ENG-F pos=(-2.98,+0.23) yaw=+149.8 d=3.31 goal_err=-28 carrot_err= -24 c0=0.64 clear=0.43 prog=0.17 rel=0.93 bal=-0.21 obs=228 hard=225 obsc=234 yr=  0  nz=0.06 flt=0.00 dmap=+0/-0 shz=4.0 plan=16 cmd=(lx=+0.00,ly=+0.28,rx=+0.00)
  t= 47.2 ENG-F pos=(-3.01,+0.25) yaw=+149.8 d=3.27 goal_err=-28 carrot_err= -25 c0=0.60 clear=0.40 prog=0.18 rel=0.94 bal=-0.24 obs=228 hard=225 obsc=235 yr=  0  nz=0.06 flt=0.01 dmap=+0/-0 shz=3.9 plan=16 cmd=(lx=+0.00,ly=+0.28,rx=+0.00)
  t= 47.6 ENG-T pos=(-3.04,+0.26) yaw=+149.8 d=3.25 goal_err=-28 carrot_err= -26 c0=0.58 clear=0.39 prog=0.17 rel=0.94 bal=-0.25 obs=228 hard=226 obsc=235 yr=  0G nz=0.06 flt=0.01 dmap=+0/-0 shz=3.9 plan=16 cmd=(lx=+0.00,ly=+0.00,rx=+0.45)
  t= 48.1 ENG-F pos=(-3.05,+0.27) yaw=+146.6 d=3.24 goal_err=-25 carrot_err= -23 c0=0.56 clear=0.38 prog=0.16 rel=0.94 bal=-0.21 obs=228 hard=224 obsc=235 yr=  0  nz=0.05 flt=0.01 dmap=+0/-1 shz=3.9 plan=16 cmd=(lx=+0.00,ly=+0.28,rx=+0.00)
  t= 48.5 ENG-F pos=(-3.07,+0.29) yaw=+146.6 d=3.21 goal_err=-26 carrot_err= -24 c0=0.61 clear=0.41 prog=0.17 rel=0.95 bal=-0.21 obs=227 hard=225 obsc=234 yr=  0  nz=0.05 flt=0.00 dmap=+0/-0 shz=3.9 plan=16 cmd=(lx=+0.00,ly=+0.28,rx=+0.00)
  t= 48.9 ENG-F pos=(-3.09,+0.30) yaw=+143.4 d=3.20 goal_err=-23 carrot_err= -22 c0=0.60 clear=0.40 prog=0.16 rel=0.95 bal=-0.21 obs=226 hard=224 obsc=233 yr= 15  nz=0.05 flt=0.13 dmap=+0/-0 shz=3.9 plan=16 cmd=(lx=+0.00,ly=+0.28,rx=+0.00)
  t= 49.4 ENG-F pos=(-3.11,+0.32) yaw=+143.4 d=3.17 goal_err=-23 carrot_err= -18 c0=0.56 clear=0.38 prog=0.17 rel=0.95 bal=-0.20 obs=226 hard=226 obsc=235 yr=  0  nz=0.05 flt=0.00 dmap=+3/-3 shz=3.9 plan=16 cmd=(lx=+0.00,ly=+0.28,rx=+0.00)
  t= 49.8 ENG-F pos=(-3.13,+0.33) yaw=+141.8 d=3.15 goal_err=-21 carrot_err= -17 c0=0.54 clear=0.36 prog=0.18 rel=0.95 bal=-0.20 obs=226 hard=223 obsc=233 yr= 15G nz=0.05 flt=0.01 dmap=+0/-0 shz=3.9 plan=16 cmd=(lx=+0.00,ly=+0.28,rx=+0.00)
  t= 50.2 ENG-F pos=(-3.15,+0.34) yaw=+140.2 d=3.12 goal_err=-20 carrot_err= -16 c0=0.70 clear=0.47 prog=0.18 rel=0.91 bal=+0.43 obs=226 hard=223 obsc=234 yr=  0  nz=0.09 flt=0.03 dmap=+0/-0 shz=3.9 plan=15 cmd=(lx=+0.00,ly=+0.28,rx=+0.00)
  t= 50.6 ENG-F pos=(-3.17,+0.36) yaw=+138.6 d=3.10 goal_err=-18 carrot_err= -15 c0=0.68 clear=0.45 prog=0.17 rel=0.89 bal=+0.44 obs=228 hard=224 obsc=235 yr= 15G nz=0.11 flt=0.13 dmap=+0/-0 shz=3.9 plan=15 cmd=(lx=+0.00,ly=+0.28,rx=+0.00)
  t= 51.0 ENG-F pos=(-3.18,+0.37) yaw=+137.0 d=3.08 goal_err=-17 carrot_err= -13 c0=0.66 clear=0.44 prog=0.18 rel=0.88 bal=+0.45 obs=230 hard=227 obsc=236 yr=  0  nz=0.12 flt=0.01 dmap=+1/-0 shz=3.9 plan=15 cmd=(lx=+0.00,ly=+0.28,rx=+0.00)
  t= 51.5 ENG-F pos=(-3.20,+0.39) yaw=+135.4 d=3.06 goal_err=-15 carrot_err= -12 c0=1.08 clear=0.72 prog=0.16 rel=0.90 bal=+0.46 obs=228 hard=227 obsc=237 yr= 16G nz=0.10 flt=0.00 dmap=+0/-0 shz=3.9 plan=15 cmd=(lx=+0.00,ly=+0.28,rx=+0.00)
  t= 51.9 ENG-F pos=(-3.21,+0.40) yaw=+133.8 d=3.04 goal_err=-14 carrot_err= -11 c0=1.06 clear=0.71 prog=0.17 rel=0.74 bal=+0.47 obs=226 hard=224 obsc=233 yr=  0  nz=0.26 flt=0.00 dmap=+1/-1 shz=3.9 plan=15 cmd=(lx=+0.00,ly=+0.28,rx=+0.00)
  t= 52.3 ENG-T pos=(-3.23,+0.42) yaw=+132.2 d=3.02 goal_err=-12 carrot_err= -10 c0=1.30 clear=0.87 prog=0.17 rel=0.67 bal=+0.48 obs=226 hard=224 obsc=232 yr= 15G nz=0.33 flt=0.01 dmap=+0/-0 shz=4.0 plan=15 cmd=(lx=+0.00,ly=+0.00,rx=+0.45)
  t= 52.7 ENG-F pos=(-3.24,+0.43) yaw=+129.0 d=3.00 goal_err=-9 carrot_err=  -7 c0=1.39 clear=0.93 prog=0.17 rel=0.60 bal=+0.49 obs=225 hard=224 obsc=232 yr=  0  nz=0.40 flt=0.01 dmap=+0/-0 shz=3.9 plan=15 cmd=(lx=+0.00,ly=+0.28,rx=+0.00)
  t= 53.2 ENG-GO pos=(-3.25,+0.45) yaw=+129.0 d=2.98 goal_err=-9 carrot_err=  -7 c0=1.37 clear=0.91 prog=0.15 rel=0.63 bal=-0.12 obs=227 hard=226 obsc=233 yr=  0  nz=0.37 flt=0.01 dmap=+1/-0 shz=3.9 plan=15 cmd=(lx=+0.00,ly=+0.28,rx=+0.00)
  t= 53.6 ENG-GO pos=(-3.27,+0.48) yaw=+129.0 d=2.95 goal_err=-9 carrot_err=  -7 c0=1.34 clear=0.89 prog=0.18 rel=0.79 bal=-0.12 obs=226 hard=226 obsc=233 yr=  0  nz=0.21 flt=0.01 dmap=+0/-0 shz=3.9 plan=15 cmd=(lx=+0.00,ly=+0.28,rx=+0.00)
  t= 54.0 ENG-GO pos=(-3.29,+0.50) yaw=+129.0 d=2.92 goal_err=-9 carrot_err=  -3 c0=1.31 clear=0.87 prog=0.18 rel=0.94 bal=+0.53 obs=226 hard=223 obsc=232 yr=  0  nz=0.06 flt=0.01 dmap=+0/-0 shz=3.9 plan=15 cmd=(lx=+0.00,ly=+0.28,rx=+0.00)
  t= 54.4 ENG-GO pos=(-3.32,+0.53) yaw=+129.0 d=2.88 goal_err=-10 carrot_err=  -3 c0=1.27 clear=0.85 prog=0.23 rel=0.94 bal=+0.55 obs=229 hard=225 obsc=235 yr=  0  nz=0.06 flt=0.00 dmap=+2/-0 shz=3.9 plan=15 cmd=(lx=+0.00,ly=+0.28,rx=+0.00)
  t= 54.9 ENG-GO pos=(-3.34,+0.56) yaw=+129.0 d=2.85 goal_err=-10 carrot_err=  -1 c0=1.24 clear=0.83 prog=0.25 rel=0.93 bal=+0.16 obs=225 hard=224 obsc=234 yr=  0  nz=0.07 flt=0.00 dmap=+0/-3 shz=4.0 plan=13 cmd=(lx=+0.00,ly=+0.28,rx=+0.00)
  t= 55.3 ENG-GO pos=(-3.36,+0.59) yaw=+129.0 d=2.81 goal_err=-10 carrot_err=  -1 c0=1.21 clear=0.80 prog=0.27 rel=0.93 bal=+0.17 obs=226 hard=223 obsc=232 yr=  0  nz=0.07 flt=0.01 dmap=+1/-0 shz=3.9 plan=13 cmd=(lx=+0.00,ly=+0.28,rx=+0.00)
  t= 55.7 ENG-GO pos=(-3.39,+0.62) yaw=+129.0 d=2.77 goal_err=-10 carrot_err=  -1 c0=1.16 clear=0.78 prog=0.29 rel=0.92 bal=+0.17 obs=228 hard=226 obsc=234 yr=  0  nz=0.08 flt=0.00 dmap=+0/-0 shz=3.9 plan=13 cmd=(lx=+0.00,ly=+0.28,rx=+0.00)
  t= 56.1 ENG-GO pos=(-3.41,+0.65) yaw=+129.0 d=2.73 goal_err=-10 carrot_err=  -1 c0=1.13 clear=0.75 prog=0.29 rel=0.92 bal=+0.04 obs=228 hard=226 obsc=235 yr=  0  nz=0.08 flt=0.00 dmap=+1/-1 shz=3.9 plan=13 cmd=(lx=+0.00,ly=+0.28,rx=+0.00)
  t= 56.6 ENG-GO pos=(-3.44,+0.68) yaw=+129.0 d=2.69 goal_err=-10 carrot_err=  -1 c0=1.10 clear=0.73 prog=0.29 rel=0.94 bal=+0.04 obs=228 hard=226 obsc=235 yr=  0  nz=0.06 flt=0.01 dmap=+0/-0 shz=3.9 plan=13 cmd=(lx=+0.00,ly=+0.28,rx=+0.00)
  t= 57.0 ENG-GO pos=(-3.46,+0.70) yaw=+129.0 d=2.66 goal_err=-10 carrot_err=  -1 c0=1.06 clear=0.71 prog=0.29 rel=0.94 bal=-0.01 obs=225 hard=224 obsc=233 yr=  0  nz=0.06 flt=0.01 dmap=+0/-0 shz=4.0 plan=13 cmd=(lx=+0.00,ly=+0.28,rx=+0.00)
  t= 57.4 ENG-GO pos=(-3.48,+0.73) yaw=+129.0 d=2.62 goal_err=-11 carrot_err=  -1 c0=1.03 clear=0.69 prog=0.29 rel=0.93 bal=+0.03 obs=224 hard=223 obsc=231 yr=  0  nz=0.07 flt=0.00 dmap=+0/-1 shz=4.0 plan=13 cmd=(lx=+0.00,ly=+0.28,rx=+0.00)
  t= 57.9 ENG-GO pos=(-3.50,+0.76) yaw=+129.0 d=2.59 goal_err=-11 carrot_err=  +1 c0=1.00 clear=0.67 prog=0.28 rel=0.93 bal=+0.03 obs=223 hard=222 obsc=230 yr=  0  nz=0.07 flt=0.00 dmap=+0/-0 shz=3.9 plan=12 cmd=(lx=+0.00,ly=+0.28,rx=+0.00)
  t= 58.3 ENG-GO pos=(-3.53,+0.79) yaw=+129.0 d=2.55 goal_err=-11 carrot_err=  +1 c0=1.05 clear=0.70 prog=0.28 rel=0.95 bal=+0.03 obs=223 hard=222 obsc=229 yr=  0  nz=0.05 flt=0.02 dmap=+0/-0 shz=4.0 plan=12 cmd=(lx=+0.00,ly=+0.28,rx=+0.00)
  t= 58.7 ENG-GO pos=(-3.55,+0.82) yaw=+129.0 d=2.51 goal_err=-11 carrot_err=  +1 c0=1.01 clear=0.67 prog=0.29 rel=0.96 bal=+0.03 obs=223 hard=221 obsc=230 yr=  0  nz=0.04 flt=0.00 dmap=+0/-1 shz=3.9 plan=12 cmd=(lx=+0.00,ly=+0.28,rx=+0.00)
  t= 59.1 ENG-GO pos=(-3.58,+0.85) yaw=+129.0 d=2.47 goal_err=-11 carrot_err=  +1 c0=0.99 clear=0.66 prog=0.29 rel=0.95 bal=+0.03 obs=224 hard=221 obsc=230 yr=  0  nz=0.05 flt=0.00 dmap=+0/-0 shz=3.9 plan=12 cmd=(lx=+0.00,ly=+0.28,rx=+0.00)
  t= 59.6 ENG-GO pos=(-3.60,+0.88) yaw=+129.0 d=2.44 goal_err=-11 carrot_err=  +1 c0=0.95 clear=0.64 prog=0.29 rel=0.93 bal=+0.03 obs=222 hard=221 obsc=231 yr=  0  nz=0.07 flt=0.00 dmap=+0/-0 shz=3.9 plan=12 cmd=(lx=+0.00,ly=+0.28,rx=+0.00)
  t= 60.0 ENG-GO pos=(-3.62,+0.91) yaw=+129.0 d=2.40 goal_err=-12 carrot_err=  +1 c0=0.92 clear=0.61 prog=0.29 rel=0.94 bal=-0.09 obs=220 hard=220 obsc=228 yr=  0  nz=0.06 flt=0.00 dmap=+0/-2 shz=4.0 plan=12 cmd=(lx=+0.00,ly=+0.28,rx=+0.00)
  t= 60.4 ENG-GO pos=(-3.65,+0.94) yaw=+129.0 d=2.37 goal_err=-12 carrot_err=  +1 c0=0.89 clear=0.59 prog=0.28 rel=0.93 bal=-0.09 obs=221 hard=219 obsc=228 yr=  0  nz=0.07 flt=0.01 dmap=+0/-0 shz=4.0 plan=12 cmd=(lx=+0.00,ly=+0.28,rx=+0.00)
  t= 60.8 ENG-GO pos=(-3.67,+0.96) yaw=+129.0 d=2.33 goal_err=-12 carrot_err=  +1 c0=0.85 clear=0.57 prog=0.28 rel=0.92 bal=+0.03 obs=220 hard=218 obsc=227 yr=  0  nz=0.08 flt=0.01 dmap=+0/-0 shz=4.0 plan=12 cmd=(lx=+0.00,ly=+0.28,rx=+0.00)
  t= 61.3 ENG-GO pos=(-3.69,+0.99) yaw=+129.0 d=2.30 goal_err=-12 carrot_err=  +1 c0=0.82 clear=0.55 prog=0.28 rel=0.92 bal=+0.02 obs=218 hard=218 obsc=226 yr=  0  nz=0.08 flt=0.00 dmap=+0/-2 shz=3.9 plan=11 cmd=(lx=+0.00,ly=+0.28,rx=+0.00)
  t= 61.7 ENG-GO pos=(-3.71,+1.02) yaw=+129.0 d=2.26 goal_err=-12 carrot_err=  +1 c0=0.79 clear=0.52 prog=0.28 rel=0.92 bal=+0.02 obs=219 hard=218 obsc=225 yr=  0  nz=0.08 flt=0.02 dmap=+0/-0 shz=4.0 plan=11 cmd=(lx=+0.00,ly=+0.28,rx=+0.00)
  t= 62.1 ENG-GO pos=(-3.74,+1.05) yaw=+129.0 d=2.22 goal_err=-13 carrot_err=  +1 c0=0.74 clear=0.50 prog=0.29 rel=0.92 bal=+0.01 obs=218 hard=218 obsc=225 yr=  0  nz=0.08 flt=0.00 dmap=+0/-0 shz=3.9 plan=11 cmd=(lx=+0.00,ly=+0.28,rx=+0.00)
  t= 62.5 ENG-GO pos=(-3.76,+1.08) yaw=+129.0 d=2.18 goal_err=-13 carrot_err=  +3 c0=0.71 clear=0.47 prog=0.29 rel=0.92 bal=+0.01 obs=217 hard=216 obsc=224 yr=  0  nz=0.08 flt=0.01 dmap=+0/-1 shz=3.9 plan=11 cmd=(lx=+0.00,ly=+0.28,rx=+0.00)
  t= 62.9 ENG-GO pos=(-3.79,+1.11) yaw=+129.0 d=2.15 goal_err=-13 carrot_err=  +3 c0=0.95 clear=0.63 prog=0.29 rel=0.87 bal=-0.00 obs=219 hard=217 obsc=225 yr=  0  nz=0.13 flt=0.00 dmap=+1/-0 shz=4.0 plan=11 cmd=(lx=+0.00,ly=+0.28,rx=+0.00)
  t= 63.4 ENG-GO pos=(-3.81,+1.14) yaw=+129.0 d=2.11 goal_err=-13 carrot_err=  +3 c0=0.92 clear=0.61 prog=0.29 rel=0.83 bal=-0.02 obs=221 hard=219 obsc=227 yr=  0  nz=0.17 flt=0.00 dmap=+0/-0 shz=3.9 plan=11 cmd=(lx=+0.00,ly=+0.28,rx=+0.00)
  t= 63.8 ENG-GO pos=(-3.83,+1.17) yaw=+129.0 d=2.08 goal_err=-13 carrot_err=  +3 c0=0.88 clear=0.59 prog=0.28 rel=0.83 bal=-0.03 obs=220 hard=218 obsc=227 yr=  0  nz=0.17 flt=0.00 dmap=+0/-1 shz=4.0 plan=11 cmd=(lx=+0.00,ly=+0.28,rx=+0.00)
  t= 64.2 ENG-GO pos=(-3.85,+1.19) yaw=+129.0 d=2.04 goal_err=-14 carrot_err=  +3 c0=0.85 clear=0.57 prog=0.28 rel=0.87 bal=-0.02 obs=219 hard=219 obsc=228 yr=  0  nz=0.13 flt=0.00 dmap=+1/-3 shz=4.0 plan=10 cmd=(lx=+0.00,ly=+0.28,rx=+0.00)
  t= 64.6 ENG-GO pos=(-3.88,+1.23) yaw=+129.0 d=2.00 goal_err=-14 carrot_err=  +3 c0=0.81 clear=0.54 prog=0.29 rel=0.93 bal=-0.01 obs=218 hard=217 obsc=226 yr=  0  nz=0.07 flt=0.00 dmap=+0/-0 shz=4.0 plan=10 cmd=(lx=+0.00,ly=+0.28,rx=+0.00)
  t= 65.1 ENG-GO pos=(-3.91,+1.26) yaw=+129.0 d=1.96 goal_err=-14 carrot_err=  +3 c0=0.77 clear=0.52 prog=0.29 rel=0.91 bal=+0.10 obs=215 hard=215 obsc=223 yr=  0  nz=0.09 flt=0.00 dmap=+1/-3 shz=3.9 plan=10 cmd=(lx=+0.00,ly=+0.28,rx=+0.00)
  t= 65.5 ENG-GO pos=(-3.93,+1.29) yaw=+129.0 d=1.93 goal_err=-14 carrot_err= -12 c0=1.57 clear=1.00 prog=0.29 rel=0.57 bal=+0.05 obs=212 hard=213 obsc=221 yr=  0  nz=0.42 flt=0.00 dmap=+1/-2 shz=4.0 plan=10 cmd=(lx=+0.00,ly=+0.28,rx=+0.00)
  t= 65.9 ENG-GO pos=(-3.95,+1.31) yaw=+129.0 d=1.89 goal_err=-15 carrot_err= -12 c0=1.53 clear=1.00 prog=0.29 rel=0.41 bal=+0.04 obs=215 hard=212 obsc=221 yr=  0  nz=0.59 flt=0.00 dmap=+0/-0 shz=4.0 plan=9 cmd=(lx=+0.00,ly=+0.28,rx=+0.00)
  t= 66.3 ENG-GO pos=(-3.97,+1.34) yaw=+129.0 d=1.86 goal_err=-15 carrot_err= -13 c0=1.50 clear=1.00 prog=0.27 rel=0.47 bal=+0.02 obs=211 hard=211 obsc=220 yr=  0  nz=0.53 flt=0.00 dmap=+0/-0 shz=4.0 plan=9 cmd=(lx=+0.00,ly=+0.28,rx=+0.00)
  t= 66.8 ENG-GO pos=(-4.00,+1.37) yaw=+129.0 d=1.82 goal_err=-15 carrot_err= -13 c0=1.46 clear=0.97 prog=0.27 rel=0.58 bal=+0.01 obs=211 hard=211 obsc=219 yr=  0  nz=0.42 flt=0.03 dmap=+2/-2 shz=4.0 plan=9 cmd=(lx=+0.00,ly=+0.28,rx=+0.00)
  t= 67.2 ENG-GO pos=(-4.02,+1.40) yaw=+129.0 d=1.79 goal_err=-16 carrot_err= -14 c0=1.43 clear=0.95 prog=0.27 rel=0.93 bal=-0.01 obs=212 hard=212 obsc=219 yr=  0  nz=0.07 flt=0.00 dmap=+0/-0 shz=4.0 plan=9 cmd=(lx=+0.00,ly=+0.28,rx=+0.00)
  t= 67.6 ENG-GO pos=(-4.04,+1.42) yaw=+129.0 d=1.76 goal_err=-16 carrot_err= -14 c0=1.39 clear=0.93 prog=0.27 rel=0.93 bal=-0.01 obs=214 hard=212 obsc=220 yr=  0  nz=0.07 flt=0.00 dmap=+0/-0 shz=4.0 plan=9 cmd=(lx=+0.00,ly=+0.28,rx=+0.00)
  t= 68.0 ENG-GO pos=(-4.07,+1.46) yaw=+129.0 d=1.71 goal_err=-16 carrot_err= -15 c0=1.35 clear=0.90 prog=0.29 rel=0.94 bal=+0.00 obs=214 hard=213 obsc=221 yr=  0  nz=0.06 flt=0.01 dmap=+1/-1 shz=4.0 plan=9 cmd=(lx=+0.00,ly=+0.28,rx=+0.00)
  t= 68.5 ENG-GO pos=(-4.09,+1.49) yaw=+129.0 d=1.68 goal_err=-17 carrot_err= -16 c0=1.32 clear=0.88 prog=0.29 rel=0.92 bal=-0.05 obs=215 hard=215 obsc=223 yr=  0  nz=0.08 flt=0.01 dmap=+0/-0 shz=4.0 plan=9 cmd=(lx=+0.00,ly=+0.28,rx=+0.00)
  t= 68.9 ENG-GO pos=(-4.12,+1.52) yaw=+129.0 d=1.64 goal_err=-17 carrot_err= -10 c0=1.28 clear=0.85 prog=0.29 rel=0.93 bal=+0.07 obs=213 hard=212 obsc=219 yr=  0  nz=0.07 flt=0.01 dmap=+0/-0 shz=4.0 plan=9 cmd=(lx=+0.00,ly=+0.28,rx=+0.00)
  t= 69.3 ENG-GO pos=(-4.14,+1.54) yaw=+129.0 d=1.61 goal_err=-17 carrot_err= -11 c0=1.25 clear=0.83 prog=0.29 rel=0.94 bal=-0.56 obs=217 hard=215 obsc=225 yr=  0  nz=0.06 flt=0.00 dmap=+4/-1 shz=4.0 plan=8 cmd=(lx=+0.00,ly=+0.28,rx=+0.00)
  t= 69.7 ENG-GO pos=(-4.16,+1.57) yaw=+129.0 d=1.57 goal_err=-18 carrot_err= -11 c0=1.21 clear=0.81 prog=0.29 rel=0.93 bal=-0.57 obs=219 hard=215 obsc=225 yr=  0  nz=0.07 flt=0.00 dmap=+0/-0 shz=4.0 plan=8 cmd=(lx=+0.00,ly=+0.28,rx=+0.00)
  t= 70.2 ENG-GO pos=(-4.18,+1.60) yaw=+129.0 d=1.54 goal_err=-18 carrot_err= -11 c0=1.18 clear=0.79 prog=0.27 rel=0.92 bal=-0.59 obs=222 hard=218 obsc=228 yr=  0  nz=0.08 flt=0.01 dmap=+0/-0 shz=4.0 plan=8 cmd=(lx=+0.00,ly=+0.28,rx=+0.00)
  t= 70.6 ENG-GO pos=(-4.21,+1.63) yaw=+129.0 d=1.51 goal_err=-19 carrot_err= -12 c0=1.15 clear=0.77 prog=0.27 rel=0.93 bal=-0.60 obs=221 hard=220 obsc=228 yr=  0  nz=0.07 flt=0.01 dmap=+2/-2 shz=4.0 plan=8 cmd=(lx=+0.00,ly=+0.28,rx=+0.00)
  t= 71.0 ENG-GO pos=(-4.23,+1.66) yaw=+129.0 d=1.46 goal_err=-19 carrot_err= -13 c0=1.11 clear=0.74 prog=0.28 rel=0.91 bal=-0.49 obs=222 hard=219 obsc=229 yr=  0  nz=0.09 flt=0.00 dmap=+0/-0 shz=4.0 plan=8 cmd=(lx=+0.00,ly=+0.28,rx=+0.00)
  t= 71.4 ENG-GO pos=(-4.26,+1.69) yaw=+129.0 d=1.43 goal_err=-20 carrot_err= -13 c0=1.07 clear=0.71 prog=0.28 rel=0.94 bal=-0.28 obs=224 hard=221 obsc=231 yr=  0  nz=0.07 flt=0.01 dmap=+0/-0 shz=4.0 plan=8 cmd=(lx=+0.00,ly=+0.28,rx=+0.00)
  t= 71.9 ENG-GO pos=(-4.28,+1.72) yaw=+129.0 d=1.40 goal_err=-20 carrot_err= -14 c0=1.04 clear=0.69 prog=0.28 rel=0.93 bal=-0.16 obs=223 hard=220 obsc=231 yr=  0  nz=0.07 flt=0.00 dmap=+0/-1 shz=4.0 plan=8 cmd=(lx=+0.00,ly=+0.28,rx=+0.00)
  t= 72.3 ENG-GO pos=(-4.30,+1.75) yaw=+129.0 d=1.36 goal_err=-21 carrot_err= -20 c0=1.01 clear=0.67 prog=0.28 rel=0.92 bal=-0.27 obs=226 hard=225 obsc=235 yr=  0  nz=0.08 flt=0.00 dmap=+1/-1 shz=4.0 plan=7 cmd=(lx=+0.00,ly=+0.28,rx=+0.00)
  t= 72.7 ENG-GO pos=(-4.32,+1.77) yaw=+129.0 d=1.33 goal_err=-21 carrot_err= -21 c0=1.08 clear=0.72 prog=0.26 rel=0.92 bal=-0.28 obs=227 hard=224 obsc=234 yr=  0  nz=0.08 flt=0.01 dmap=+0/-0 shz=4.0 plan=7 cmd=(lx=+0.00,ly=+0.28,rx=+0.00)
  t= 73.2 ENG-GO pos=(-4.35,+1.81) yaw=+129.0 d=1.29 goal_err=-22 carrot_err= -22 c0=1.03 clear=0.69 prog=0.28 rel=0.93 bal=-0.30 obs=229 hard=225 obsc=236 yr=  0  nz=0.07 flt=0.00 dmap=+3/-1 shz=4.0 plan=7 cmd=(lx=+0.00,ly=+0.28,rx=+0.00)
  [META2-DOOR] Door_Direct: CRUZADA (cols=0) -> Pl=1.00
  t= 73.6 DWA-F pos=(-4.38,+1.84) yaw=+129.0 d=1.25 goal_err=-23 carrot_err= -15 c0=1.00 clear=0.67 prog=0.28 rel=0.95 bal=-0.31 obs=228 hard=226 obsc=236 yr=  0  nz=0.05 flt=0.00 dmap=+0/-1 shz=4.0 plan=7 cmd=(lx=+0.00,ly=+0.40,rx=+0.00)
  t= 74.0 DWA-F pos=(-4.40,+1.87) yaw=+129.0 d=1.21 goal_err=-23 carrot_err= -24 c0=0.96 clear=0.64 prog=0.28 rel=0.94 bal=-0.42 obs=229 hard=227 obsc=236 yr=  0  nz=0.06 flt=0.00 dmap=+1/-0 shz=4.0 plan=7 cmd=(lx=+0.00,ly=+0.40,rx=+0.00)
  t= 74.4 DWA-F pos=(-4.43,+1.91) yaw=+129.0 d=1.17 goal_err=-24 carrot_err= -17 c0=0.91 clear=0.61 prog=0.30 rel=0.94 bal=-0.43 obs=229 hard=224 obsc=235 yr=  0  nz=0.07 flt=0.00 dmap=+0/-0 shz=4.0 plan=7 cmd=(lx=+0.00,ly=+0.40,rx=+0.00)
  t= 74.9 DWA-F pos=(-4.46,+1.94) yaw=+129.0 d=1.13 goal_err=-25 carrot_err= -17 c0=0.87 clear=0.58 prog=0.31 rel=0.93 bal=-0.44 obs=228 hard=225 obsc=234 yr=  0  nz=0.07 flt=0.00 dmap=+0/-0 shz=3.9 plan=7 cmd=(lx=+0.00,ly=+0.40,rx=+0.00)
  t= 75.3 DWA-F pos=(-4.49,+1.98) yaw=+129.0 d=1.08 goal_err=-26 carrot_err= -18 c0=0.82 clear=0.55 prog=0.32 rel=0.92 bal=-0.48 obs=227 hard=226 obsc=234 yr=  0  nz=0.09 flt=0.00 dmap=+0/-0 shz=4.0 plan=6 cmd=(lx=+0.00,ly=+0.40,rx=+0.00)
  t= 75.7 DWA-F pos=(-4.52,+2.02) yaw=+129.0 d=1.04 goal_err=-27 carrot_err= -19 c0=0.78 clear=0.52 prog=0.33 rel=0.91 bal=-0.48 obs=227 hard=224 obsc=234 yr=  0  nz=0.09 flt=0.00 dmap=+0/-0 shz=4.0 plan=6 cmd=(lx=+0.00,ly=+0.40,rx=+0.00)
  t= 76.2 DWA-F pos=(-4.55,+2.05) yaw=+129.0 d=1.00 goal_err=-29 carrot_err= -20 c0=0.74 clear=0.49 prog=0.32 rel=0.92 bal=-0.48 obs=225 hard=223 obsc=232 yr=  0  nz=0.08 flt=0.01 dmap=+0/-2 shz=3.9 plan=6 cmd=(lx=+0.00,ly=+0.40,rx=+0.00)
  t= 76.6 DWA-F pos=(-4.58,+2.09) yaw=+129.0 d=0.96 goal_err=-30 carrot_err= -22 c0=0.69 clear=0.46 prog=0.34 rel=0.93 bal=-0.49 obs=226 hard=224 obsc=233 yr=  0  nz=0.07 flt=0.02 dmap=+1/-2 shz=4.0 plan=6 cmd=(lx=+0.00,ly=+0.40,rx=+0.00)
  t= 77.1 DWA-F pos=(-4.61,+2.13) yaw=+129.0 d=0.92 goal_err=-32 carrot_err= -27 c0=0.92 clear=0.61 prog=0.31 rel=0.88 bal=-0.50 obs=227 hard=225 obsc=233 yr=  0  nz=0.12 flt=0.01 dmap=+0/-0 shz=3.9 plan=5 cmd=(lx=+0.00,ly=+0.40,rx=+0.00)
  t= 77.5 DWA-F pos=(-4.64,+2.16) yaw=+129.0 d=0.88 goal_err=-33 carrot_err= -28 c0=0.88 clear=0.58 prog=0.31 rel=0.84 bal=-0.50 obs=228 hard=225 obsc=229 yr=  0  nz=0.16 flt=0.01 dmap=+0/-0 shz=4.0 plan=5 cmd=(lx=+0.00,ly=+0.40,rx=+0.00)
  t= 77.9 DWA-F pos=(-4.67,+2.20) yaw=+129.0 d=0.84 goal_err=-35 carrot_err= -30 c0=0.84 clear=0.56 prog=0.31 rel=0.85 bal=-0.50 obs=230 hard=229 obsc=232 yr=  0G nz=0.15 flt=0.00 dmap=+1/-0 shz=4.0 plan=5 cmd=(lx=+0.00,ly=+0.40,rx=+0.45)
  t= 78.4 DWA-F pos=(-4.70,+2.23) yaw=+124.2 d=0.81 goal_err=-32 carrot_err= -26 c0=1.19 clear=0.79 prog=0.30 rel=0.92 bal=-0.51 obs=231 hard=228 obsc=231 yr= 15  nz=0.08 flt=0.01 dmap=+2/-1 shz=4.0 plan=5 cmd=(lx=+0.00,ly=+0.40,rx=+0.00)
  t= 78.8 DWA-F pos=(-4.73,+2.28) yaw=+124.2 d=0.76 goal_err=-34 carrot_err= -28 c0=1.13 clear=0.76 prog=0.30 rel=0.75 bal=-0.50 obs=231 hard=229 obsc=232 yr=  0  nz=0.25 flt=0.00 dmap=+0/-0 shz=3.9 plan=5 cmd=(lx=+0.00,ly=+0.40,rx=+0.00)
  t= 79.2 DWA-F pos=(-4.75,+2.32) yaw=+124.2 d=0.72 goal_err=-36 carrot_err= -30 c0=1.09 clear=0.73 prog=0.30 rel=0.75 bal=-0.37 obs=230 hard=230 obsc=232 yr=  0G nz=0.25 flt=0.00 dmap=+0/-0 shz=4.0 plan=5 cmd=(lx=+0.00,ly=+0.40,rx=+0.45)
  t= 79.7 DWA-F pos=(-4.77,+2.35) yaw=+117.8 d=0.69 goal_err=-31 carrot_err= -25 c0=1.05 clear=0.70 prog=0.30 rel=0.81 bal=-0.38 obs=228 hard=229 obsc=230 yr= 15  nz=0.19 flt=0.05 dmap=+0/-2 shz=4.0 plan=5 cmd=(lx=+0.00,ly=+0.40,rx=+0.00)
  t= 80.1 DWA-F pos=(-4.79,+2.39) yaw=+116.1 d=0.65 goal_err=-32 carrot_err= -26 c0=1.01 clear=0.67 prog=0.30 rel=0.93 bal=-0.38 obs=229 hard=228 obsc=230 yr=  0  nz=0.07 flt=0.01 dmap=+0/-0 shz=4.0 plan=4 cmd=(lx=+0.00,ly=+0.40,rx=+0.00)
  t= 80.5 DWA-F pos=(-4.82,+2.44) yaw=+116.1 d=0.60 goal_err=-35 carrot_err= -28 c0=0.95 clear=0.64 prog=0.30 rel=0.92 bal=-0.37 obs=229 hard=228 obsc=230 yr=  0G nz=0.08 flt=0.00 dmap=+0/-0 shz=4.0 plan=4 cmd=(lx=+0.00,ly=+0.40,rx=+0.45)
  t= 81.0 DWA-F pos=(-4.84,+2.48) yaw=+111.3 d=0.57 goal_err=-32 carrot_err= -25 c0=0.91 clear=0.61 prog=0.30 rel=0.92 bal=-0.36 obs=228 hard=226 obsc=228 yr=  0  nz=0.08 flt=0.00 dmap=+0/-1 shz=4.0 plan=4 cmd=(lx=+0.00,ly=+0.40,rx=+0.00)
  t= 81.4 DWA-F pos=(-4.85,+2.53) yaw=+108.1 d=0.53 goal_err=-32 carrot_err= -24 c0=0.87 clear=0.58 prog=0.30 rel=0.91 bal=-0.36 obs=234 hard=232 obsc=235 yr= 15  nz=0.10 flt=0.04 dmap=+6/-0 shz=4.0 plan=3 cmd=(lx=+0.00,ly=+0.40,rx=+0.00)
  t= 81.8 DWA-F pos=(-4.87,+2.57) yaw=+106.5 d=0.49 goal_err=-33 carrot_err= -25 c0=0.83 clear=0.55 prog=0.30 rel=0.92 bal=-0.35 obs=234 hard=233 obsc=235 yr=  0G nz=0.08 flt=0.00 dmap=+0/-0 shz=4.0 plan=3 cmd=(lx=+0.00,ly=+0.28,rx=+0.45)
  t= 82.3 DWA-T pos=(-4.88,+2.60) yaw=+101.7 d=0.46 goal_err=-30 carrot_err= -23 c0=0.95 clear=0.64 prog=0.28 rel=0.92 bal=-0.35 obs=235 hard=234 obsc=236 yr= 15  nz=0.08 flt=0.00 dmap=+0/-0 shz=4.0 plan=3 cmd=(lx=+0.00,ly=+0.00,rx=+0.00)
  t= 82.7 DWA-T pos=(-4.88,+2.60) yaw=+101.7 d=0.46 goal_err=-30 carrot_err= -23 c0=0.95 clear=0.64 prog=0.22 rel=0.91 bal=-0.35 obs=232 hard=233 obsc=235 yr=  0  nz=0.09 flt=0.05 dmap=+0/-0 shz=4.0 plan=3 cmd=(lx=+0.00,ly=+0.00,rx=+0.00)
  t= 83.1 DWA-T pos=(-4.88,+2.60) yaw=+101.7 d=0.46 goal_err=-30 carrot_err= -23 c0=0.95 clear=0.64 prog=0.15 rel=0.91 bal=-0.35 obs=232 hard=233 obsc=235 yr=  0  nz=0.09 flt=0.05 dmap=+0/-0 shz=4.0 plan=3 cmd=(lx=+0.00,ly=+0.00,rx=+0.00)
  t= 83.6 BRK-BK pos=(-4.88,+2.60) yaw=+101.7 d=0.46 goal_err=-30 carrot_err= -23 c0=0.95 clear=0.64 prog=0.09 rel=0.91 bal=-0.35 obs=232 hard=233 obsc=235 yr=  0  nz=0.09 flt=0.05 dmap=+0/-0 shz=4.0 plan=0 cmd=(lx=+0.00,ly=-0.35,rx=+0.00)
  t= 84.0 BRK-TR pos=(-4.87,+2.59) yaw=+101.7 d=0.47 goal_err=-29 carrot_err= -22 c0=0.96 clear=0.64 prog=0.01 rel=0.91 bal=-0.15 obs=227 hard=228 obsc=230 yr=  0  nz=0.09 flt=0.00 dmap=+0/-5 shz=3.7 plan=0 cmd=(lx=+0.00,ly=+0.00,rx=+0.45)
  t= 84.6 BRK-TR pos=(-4.86,+2.53) yaw=+101.7 d=0.53 goal_err=-26 carrot_err= -19 c0=1.02 clear=0.68 prog=0.00 rel=1.00 bal=-0.14 obs=227 hard=228 obsc=230 yr=  0G nz=0.00 flt=0.00 dmap=+0/-0 shz=3.6 plan=0 cmd=(lx=+0.00,ly=+0.00,rx=+0.45)
  t= 85.1 BRK-TR pos=(-4.86,+2.52) yaw= +96.9 d=0.54 goal_err=-21 carrot_err= -14 c0=1.03 clear=0.69 prog=0.00 rel=0.95 bal=-0.14 obs=227 hard=228 obsc=230 yr= 15G nz=0.05 flt=0.04 dmap=+0/-0 shz=3.6 plan=0 cmd=(lx=+0.00,ly=+0.00,rx=+0.45)
  t= 85.5 BRK-TR pos=(-4.86,+2.52) yaw= +90.5 d=0.54 goal_err=-14 carrot_err=  -7 c0=1.17 clear=0.78 prog=0.00 rel=0.86 bal=-0.15 obs=227 hard=228 obsc=230 yr= 15G nz=0.14 flt=0.03 dmap=+0/-0 shz=3.6 plan=0 cmd=(lx=+0.00,ly=+0.00,rx=+0.45)
  t= 85.9 BRK-TR pos=(-4.86,+2.52) yaw= +84.1 d=0.54 goal_err=-8 carrot_err=  -1 c0=1.17 clear=0.78 prog=0.00 rel=0.87 bal=-0.24 obs=227 hard=228 obsc=230 yr= 15G nz=0.13 flt=0.09 dmap=+0/-0 shz=3.6 plan=0 cmd=(lx=+0.00,ly=+0.00,rx=+0.45)
  t= 86.3 BRK-TR pos=(-4.86,+2.52) yaw= +76.6 d=0.54 goal_err=-0 carrot_err=  +7 c0=1.10 clear=0.73 prog=0.00 rel=0.87 bal=-0.26 obs=228 hard=229 obsc=231 yr= 14G nz=0.13 flt=0.00 dmap=+1/-0 shz=3.6 plan=0 cmd=(lx=+0.00,ly=+0.00,rx=+0.45)
  t= 86.8 DWA-F pos=(-4.85,+2.53) yaw= +73.6 d=0.52 goal_err=+3 carrot_err= +10 c0=1.09 clear=0.72 prog=0.02 rel=0.90 bal=-0.26 obs=232 hard=229 obsc=237 yr=  0  nz=0.10 flt=0.06 dmap=+0/-0 shz=3.6 plan=3 cmd=(lx=+0.00,ly=+0.40,rx=+0.00)
  t= 87.2 DWA-F pos=(-4.85,+2.56) yaw= +73.6 d=0.49 goal_err=+3 carrot_err= +10 c0=1.06 clear=0.71 prog=0.07 rel=0.93 bal=-0.27 obs=230 hard=229 obsc=236 yr=  0  nz=0.07 flt=0.04 dmap=+0/-0 shz=3.6 plan=3 cmd=(lx=+0.00,ly=+0.40,rx=+0.00)
  t= 87.6 DWA-T pos=(-4.84,+2.58) yaw= +73.6 d=0.47 goal_err=+3 carrot_err= +11 c0=1.04 clear=0.69 prog=0.11 rel=0.96 bal=-0.27 obs=228 hard=228 obsc=234 yr=  0  nz=0.04 flt=0.03 dmap=+0/-0 shz=3.6 plan=3 cmd=(lx=+0.00,ly=+0.00,rx=+0.00)
  t= 88.1 DWA-T pos=(-4.84,+2.58) yaw= +73.6 d=0.47 goal_err=+3 carrot_err= +11 c0=1.04 clear=0.69 prog=0.11 rel=0.95 bal=-0.27 obs=226 hard=228 obsc=234 yr=  0  nz=0.05 flt=0.00 dmap=+0/-0 shz=3.6 plan=3 cmd=(lx=+0.00,ly=+0.00,rx=+0.00)
  t= 88.5 DWA-T pos=(-4.84,+2.58) yaw= +73.6 d=0.47 goal_err=+3 carrot_err= +11 c0=1.04 clear=0.69 prog=0.11 rel=0.95 bal=-0.27 obs=226 hard=228 obsc=234 yr=  0  nz=0.05 flt=0.00 dmap=+0/-0 shz=3.6 plan=3 cmd=(lx=+0.00,ly=+0.00,rx=+0.00)
  t= 88.9 BRK-BK pos=(-4.84,+2.58) yaw= +73.6 d=0.47 goal_err=+3 carrot_err= +11 c0=1.04 clear=0.69 prog=0.06 rel=0.95 bal=-0.27 obs=226 hard=228 obsc=234 yr=  0  nz=0.05 flt=0.00 dmap=+0/-0 shz=3.6 plan=0 cmd=(lx=+0.00,ly=-0.35,rx=+0.00)
  t= 89.3 BRK-TR pos=(-4.85,+2.53) yaw= +73.6 d=0.52 goal_err=+3 carrot_err= +10 c0=1.09 clear=0.72 prog=0.00 rel=0.99 bal=-0.26 obs=225 hard=225 obsc=230 yr=  0G nz=0.01 flt=0.01 dmap=+0/-0 shz=3.4 plan=0 cmd=(lx=+0.00,ly=+0.00,rx=+0.45)
  t= 89.8 BRK-TR pos=(-4.85,+2.53) yaw= +67.7 d=0.52 goal_err=+9 carrot_err= +16 c0=1.09 clear=0.72 prog=0.00 rel=0.95 bal=-0.26 obs=225 hard=225 obsc=230 yr= 14G nz=0.04 flt=0.00 dmap=+0/-0 shz=3.4 plan=0 cmd=(lx=+0.00,ly=+0.00,rx=+0.45)
  t= 90.2 BRK-TR pos=(-4.85,+2.53) yaw= +61.7 d=0.52 goal_err=+15 carrot_err= +22 c0=1.09 clear=0.72 prog=0.00 rel=0.96 bal=-0.16 obs=225 hard=225 obsc=230 yr= 14G nz=0.04 flt=0.00 dmap=+0/-0 shz=3.4 plan=0 cmd=(lx=+0.00,ly=+0.00,rx=+0.45)
  t= 90.6 BRK-TR pos=(-4.85,+2.53) yaw= +54.3 d=0.52 goal_err=+22 carrot_err= +29 c0=1.09 clear=0.72 prog=0.00 rel=0.96 bal=-0.16 obs=225 hard=225 obsc=230 yr= 14G nz=0.04 flt=0.00 dmap=+0/-0 shz=3.4 plan=0 cmd=(lx=+0.00,ly=+0.00,rx=+0.45)
  t= 91.0 BRK-TR pos=(-4.85,+2.53) yaw= +48.3 d=0.52 goal_err=+28 carrot_err= +35 c0=1.09 clear=0.72 prog=0.00 rel=0.98 bal=-0.10 obs=225 hard=225 obsc=230 yr= 14G nz=0.02 flt=0.00 dmap=+0/-0 shz=3.4 plan=0 cmd=(lx=+0.00,ly=+0.00,rx=+0.45)
  t= 91.5 BRK-TR pos=(-4.85,+2.53) yaw= +42.4 d=0.52 goal_err=+34 carrot_err= +41 c0=1.09 clear=0.72 prog=0.00 rel=0.98 bal=+0.01 obs=226 hard=226 obsc=231 yr= 14G nz=0.02 flt=0.01 dmap=+0/-0 shz=3.4 plan=0 cmd=(lx=+0.00,ly=+0.00,rx=+0.45)
  t= 91.9 DWA-F pos=(-4.85,+2.54) yaw= +39.4 d=0.52 goal_err=+37 carrot_err= +45 c0=1.08 clear=0.72 prog=0.01 rel=0.98 bal=+0.01 obs=226 hard=226 obsc=231 yr= 14G nz=0.02 flt=0.13 dmap=+0/-0 shz=3.4 plan=3 cmd=(lx=+0.00,ly=+0.28,rx=-0.45)
  t= 92.3 DWA-F pos=(-4.83,+2.55) yaw= +45.3 d=0.50 goal_err=+33 carrot_err= +41 c0=1.05 clear=0.70 prog=0.05 rel=0.98 bal=+0.02 obs=226 hard=226 obsc=231 yr= 14G nz=0.02 flt=0.03 dmap=+0/-0 shz=3.4 plan=3 cmd=(lx=+0.00,ly=+0.28,rx=-0.45)
  t= 92.8 DWA-F pos=(-4.81,+2.58) yaw= +51.3 d=0.47 goal_err=+29 carrot_err= +38 c0=1.03 clear=0.68 prog=0.09 rel=0.90 bal=-0.14 obs=228 hard=228 obsc=233 yr= 13G nz=0.07 flt=0.21 dmap=+0/-0 shz=3.4 plan=3 cmd=(lx=+0.00,ly=+0.28,rx=-0.45)
  t= 93.2 DWA-F pos=(-4.79,+2.60) yaw= +57.2 d=0.45 goal_err=+25 carrot_err= +34 c0=1.00 clear=0.67 prog=0.13 rel=0.91 bal=-0.14 obs=229 hard=229 obsc=234 yr= 14G nz=0.09 flt=0.01 dmap=+0/-0 shz=3.4 plan=3 cmd=(lx=+0.00,ly=+0.28,rx=-0.45)
  t= 93.6 DWA-T pos=(-4.78,+2.62) yaw= +63.2 d=0.42 goal_err=+20 carrot_err= +30 c0=0.97 clear=0.65 prog=0.18 rel=0.91 bal=-0.22 obs=229 hard=229 obsc=234 yr= 14G nz=0.09 flt=0.00 dmap=+0/-0 shz=3.4 plan=3 cmd=(lx=+0.00,ly=+0.00,rx=+0.00)

  >>> MODO AGRESIVO ON (12s sin acercarse a B): reduzco inflado y holgura (min seguridad 0.24m) para cruzar la puerta.
  t= 94.1 AGR-DWA-T pos=(-4.77,+2.63) yaw= +66.2 d=0.41 goal_err=+18 carrot_err= +28 c0=0.96 clear=0.64 prog=0.17 rel=0.92 bal=-0.22 obs=218 hard=216 obsc=227 yr=  0  nz=0.08 flt=0.02 dmap=+0/-0 shz=3.4 plan=3 cmd=(lx=+0.00,ly=+0.00,rx=+0.00)
  t= 94.5 AGR-DWA-T pos=(-4.77,+2.63) yaw= +66.2 d=0.41 goal_err=+18 carrot_err= +28 c0=0.96 clear=0.64 prog=0.13 rel=0.94 bal=-0.22 obs=219 hard=216 obsc=227 yr=  0  nz=0.06 flt=0.02 dmap=+0/-0 shz=3.4 plan=3 cmd=(lx=+0.00,ly=+0.00,rx=+0.00)
  t= 94.9 AGR-DWA-T pos=(-4.77,+2.63) yaw= +66.2 d=0.41 goal_err=+18 carrot_err= +28 c0=0.96 clear=0.64 prog=0.09 rel=0.94 bal=-0.22 obs=219 hard=216 obsc=227 yr=  0  nz=0.06 flt=0.02 dmap=+0/-0 shz=3.4 plan=0 cmd=(lx=+0.00,ly=+0.00,rx=+0.00)
  t= 95.3 AGR-BRK-TR pos=(-4.78,+2.61) yaw= +66.2 d=0.43 goal_err=+17 carrot_err= +26 c0=0.98 clear=0.65 prog=0.00 rel=0.94 bal=-0.22 obs=219 hard=216 obsc=227 yr=  0G nz=0.06 flt=0.02 dmap=+0/-0 shz=3.4 plan=0 cmd=(lx=+0.00,ly=+0.00,rx=+0.45)
  t= 95.8 AGR-BRK-TR pos=(-4.78,+2.61) yaw= +60.2 d=0.43 goal_err=+23 carrot_err= +32 c0=0.98 clear=0.65 prog=0.00 rel=0.97 bal=-0.14 obs=219 hard=216 obsc=227 yr= 14G nz=0.03 flt=0.00 dmap=+0/-0 shz=3.2 plan=0 cmd=(lx=+0.00,ly=+0.00,rx=+0.45)
  t= 96.2 AGR-BRK-TR pos=(-4.78,+2.61) yaw= +54.3 d=0.43 goal_err=+29 carrot_err= +38 c0=0.98 clear=0.65 prog=0.00 rel=0.99 bal=-0.14 obs=219 hard=216 obsc=227 yr= 14G nz=0.01 flt=0.05 dmap=+0/-0 shz=3.2 plan=0 cmd=(lx=+0.00,ly=+0.00,rx=+0.45)
  t= 96.6 AGR-BRK-TR pos=(-4.78,+2.61) yaw= +48.3 d=0.43 goal_err=+35 carrot_err= +44 c0=0.98 clear=0.65 prog=0.00 rel=0.97 bal=-0.04 obs=219 hard=216 obsc=227 yr= 14G nz=0.03 flt=0.05 dmap=+0/-0 shz=3.2 plan=0 cmd=(lx=+0.00,ly=+0.00,rx=+0.45)
  t= 97.0 AGR-BRK-TR pos=(-4.78,+2.61) yaw= +42.4 d=0.43 goal_err=+41 carrot_err= +50 c0=0.98 clear=0.65 prog=0.00 rel=0.98 bal=+0.05 obs=219 hard=216 obsc=227 yr= 14G nz=0.02 flt=0.00 dmap=+0/-0 shz=3.2 plan=0 cmd=(lx=+0.00,ly=+0.00,rx=+0.45)
  t= 97.5 AGR-BRK-TR pos=(-4.78,+2.61) yaw= +36.4 d=0.43 goal_err=+47 carrot_err= +56 c0=0.98 clear=0.65 prog=0.00 rel=0.98 bal=+0.05 obs=219 hard=216 obsc=227 yr= 14G nz=0.02 flt=0.06 dmap=+0/-0 shz=3.2 plan=0 cmd=(lx=+0.00,ly=+0.00,rx=+0.45)
  t= 97.9 AGR-DWA-F pos=(-4.78,+2.61) yaw= +31.9 d=0.43 goal_err=+52 carrot_err= +62 c0=0.97 clear=0.65 prog=0.01 rel=0.98 bal=+0.04 obs=219 hard=216 obsc=227 yr= 14G nz=0.02 flt=0.10 dmap=+0/-0 shz=3.2 plan=3 cmd=(lx=+0.00,ly=+0.28,rx=-0.45)
  t= 98.3 AGR-DWA-F pos=(-4.75,+2.63) yaw= +37.9 d=0.41 goal_err=+49 carrot_err= +59 c0=0.95 clear=0.63 prog=0.04 rel=0.92 bal=+0.06 obs=219 hard=216 obsc=227 yr= 14G nz=0.05 flt=0.18 dmap=+0/-0 shz=3.2 plan=3 cmd=(lx=+0.00,ly=+0.28,rx=-0.45)
  t= 98.8 AGR-DWA-F pos=(-4.73,+2.65) yaw= +43.8 d=0.39 goal_err=+46 carrot_err= +57 c0=0.92 clear=0.61 prog=0.07 rel=0.93 bal=+0.06 obs=220 hard=217 obsc=228 yr= 14G nz=0.07 flt=0.06 dmap=+0/-0 shz=3.2 plan=3 cmd=(lx=+0.00,ly=+0.28,rx=-0.45)
  t= 99.2 AGR-DWA-F pos=(-4.71,+2.67) yaw= +49.8 d=0.37 goal_err=+43 carrot_err= +55 c0=0.89 clear=0.59 prog=0.10 rel=0.92 bal=+0.04 obs=220 hard=217 obsc=228 yr= 14G nz=0.09 flt=0.01 dmap=+0/-0 shz=3.2 plan=3 cmd=(lx=+0.00,ly=+0.28,rx=-0.45)

  LLEGADO a 'B' (-4.73,+3.04); error=0.35 m, colisiones=0.
  [spill] derrames=0 E[N]=0.10 eta_max=1.22 riesgo=1.5%
  [dataset] travesia guardada -> /Users/adrianlendinezibanez/Claude/Projects/G1 ROBOT/dataset/20260708_124813_ours_B.json
  [stats] fila anadida -> /Users/adrianlendinezibanez/Claude/Projects/G1 ROBOT/dataset/runs_stats.csv

Fin goto.
  [META2-L2] estado guardado (meta2_state_extsmoke.json): Pl={'Efficient_Nav': 1.0, 'Cautious_Nav': 1.0} derrames_run=0
