array('d', [5.4615234375, 58.8630859375, 23.7599609375, -18.951953125])
array('d', [7.2353515625, 59.656640625, 20.1189453125, -18.951953125])
array('d', [7.2353515625, 59.656640625, 20.1189453125, -18.951953125])
array('d', [10.176171875, 61.8505859375, 18.1583984375, -22.40625])
array('d', [9.2892578125, 61.103710937500004, 15.030859375, -25.3470703125])
array('d', [12.0900390625, 61.710546875000006, 12.13671875, -27.354296875000003])
array('d', [11.0630859375, 61.3837890625, 8.9625, -31.0419921875])
array('d', [11.716601562500001, 62.7841796875, 5.881640625, -32.7224609375])
array('d', [11.5298828125, 62.877539062500006, 2.7541015625000003, -34.963085937500004])
array('d', [11.5298828125, 62.877539062500006, 1.6804687500000002, -37.763867187500004])
array('d', [14.3306640625, 61.897265625, 1.6804687500000002, -37.763867187500004])
array('d', [15.12421875, 63.811132812500006, 0.37343750000000003, -37.8572265625])
array('d', [15.12421875, 63.811132812500006, 0.37343750000000003, -37.8572265625])
array('d', [15.591015625, 64.8380859375, -4.6212890625, -42.2451171875])
array('d', [18.391796875, 64.04453125, -6.8619140625, -43.972265625000006])
array('d', [18.998632812500002, 64.04453125, -8.77578125, -46.212890625])
array('d', [18.998632812500002, 64.9314453125, -12.043359375000001, -47.473242187500006])
array('d', [21.2392578125, 64.9314453125, -12.043359375000001, -47.473242187500006])
array('d', [20.9591796875, 68.0123046875, -14.097265625, -49.48046875])
array('d', [22.452929687500003, 68.05898437500001, -16.8513671875, -49.48046875])
array('d', [22.452929687500003, 68.05898437500001, -16.8513671875, -49.48046875])
array('d', [22.452929687500003, 68.05898437500001, -16.8513671875, -49.48046875])
array('d', [22.452929687500003, 68.05898437500001, -18.48515625, -52.0478515625])
array('d', [25.300390625000002, 69.0859375, -18.48515625, -52.0478515625])
array('d', [25.6271484375, 71.9333984375, -20.5390625, -52.0478515625])
array('d', [25.6271484375, 71.9333984375, -20.5390625, -52.0478515625])
array('d', [27.4943359375, 72.540234375, -21.285937500000003, -53.96171875])
array('d', [31.462109375, 74.967578125, -23.199804687500002, -51.907812500000006])
array('d', [31.835546875000002, 77.3015625, -25.487109375000003, -53.168164062500004])
array('d', [31.835546875000002, 77.3015625, -25.487109375000003, -53.168164062500004])
array('d', [34.2162109375, 78.56191406250001, -27.821093750000003, -54.615234375])
array('d', [34.636328125, 83.183203125, -29.501562500000002, -57.229296875])
array('d', [39.0708984375, 84.8169921875, -30.9953125, -55.82890625])
array('d', [40.798046875000004, 83.8833984375, -32.5357421875, -54.988671875])
array('d', [40.798046875000004, 83.8833984375, -32.5357421875, -56.7158203125])
array('d', [42.7119140625, 89.57832031250001, -33.142578125, -56.7158203125])
array('d', [42.338476562500006, 92.61250000000001, -33.702734375, -56.809179687500006])
array('d', [44.065625000000004, 94.0595703125, -34.16953125, -54.055078125])
array('d', [48.3134765625, 94.24628906250001, -37.623828125, -54.1484375])
array('d', [48.826953125, 95.7400390625, -40.564648437500004, -54.708593750000006])
array('d', [47.98671875, 96.06679687500001, -40.1912109375, -54.7552734375])
array('d', [47.98671875, 98.9609375, -41.871679687500006, -54.428515625])
array('d', [45.279296875, 101.3416015625, -42.478515625, -53.541601562500006])
array('d', [46.539648437500006, 101.3416015625, -42.478515625, -53.541601562500006])
array('d', [50.880859375, 104.04902343750001, -44.905859375000006, -52.234570312500004])
array('d', [49.900585937500004, 105.16933593750001, -47.3798828125, -51.3943359375])
array('d', [50.974218750000006, 105.8228515625, -48.5935546875, -51.627734375])
array('d', [50.974218750000006, 105.8228515625, -48.5935546875, -51.627734375])
array('d', [50.974218750000006, 105.8228515625, -48.5935546875, -51.627734375])
array('d', [50.22734375, 110.53750000000001, -49.667187500000004, -52.28125])
array('d', [53.7283203125, 113.525, -54.3818359375, -52.28125])
array('d', [51.9544921875, 112.63808593750001, -57.042578125000006, -51.767773437500004])
array('d', [51.9544921875, 112.63808593750001, -57.042578125000006, -51.767773437500004])
array('d', [48.5935546875, 111.84453125, -59.3298828125, -52.748046875])
array('d', [50.507421875000006, 112.91816406250001, -60.170117187500004, -49.807226562500006])
array('d', [50.507421875000006, 112.91816406250001, -62.6908203125, -48.173437500000006])
array('d', [50.507421875000006, 112.91816406250001, -62.6908203125, -48.173437500000006])
array('d', [49.947265625, 114.55195312500001, -62.6908203125, -48.173437500000006])
array('d', [49.387109375, 118.05292968750001, -65.49160156250001, -47.566601562500004])
array('d', [49.387109375, 118.05292968750001, -65.49160156250001, -47.566601562500004])
array('d', [49.387109375, 118.05292968750001, -65.49160156250001, -47.566601562500004])
array('d', [49.387109375, 118.05292968750001, -65.49160156250001, -47.566601562500004])
array('d', [53.8216796875, 118.93984375000001, -69.27265625, -47.473242187500006])
array('d', [54.1951171875, 120.43359375, -72.166796875, -47.146484375])
array('d', [52.8880859375, 118.75312500000001, -71.55996093750001, -47.239843750000006])
array('d', [52.8880859375, 118.75312500000001, -71.55996093750001, -47.239843750000006])
array('d', [52.8880859375, 118.75312500000001, -71.55996093750001, -47.239843750000006])
array('d', [53.401562500000004, 122.02070312500001, -72.353515625, -47.3798828125])
array('d', [53.401562500000004, 122.02070312500001, -73.9873046875, -47.706640625000006])
array('d', [52.467968750000004, 122.48750000000001, -73.9873046875, -47.706640625000006])
array('d', [52.467968750000004, 122.48750000000001, -73.9873046875, -47.706640625000006])
array('d', [52.467968750000004, 122.48750000000001, -73.9873046875, -47.706640625000006])
array('d', [54.8486328125, 125.75507812500001, -77.5349609375, -46.8197265625])
array('d', [54.8486328125, 125.75507812500001, -77.5349609375, -47.4265625])
array('d', [53.775000000000006, 128.6958984375, -81.876171875, -47.4265625])
array('d', [49.573828125000006, 127.248828125, -83.369921875, -46.586328125])
array('d', [49.573828125000006, 127.248828125, -85.7505859375, -48.080078125])
array('d', [52.28125, 126.8287109375, -85.7505859375, -48.080078125])
array('d', [47.566601562500004, 128.41582031250002, -85.6572265625, -19.932226562500002])
array('d', [44.3923828125, 131.3099609375, -87.47773437500001, -18.765234375000002])
array('d', [44.3923828125, 134.904296875, -92.09902343750001, -20.819140625000003])
array('d', [44.905859375000006, 134.904296875, -92.09902343750001, -22.966406250000002])
array('d', [43.505468750000006, 134.4375, -95.506640625, -22.966406250000002])
array('d', [38.697460937500004, 132.476953125, -99.33437500000001, -25.020312500000003])
array('d', [37.15703125, 134.71757812500002, -98.86757812500001, -27.7744140625])
array('d', [38.370703125, 134.1107421875, -101.294921875, -24.786914062500003])
array('d', [36.0833984375, 134.71757812500002, -105.12265625, -24.600195312500002])
array('d', [35.756640625, 127.2955078125, -104.74921875000001, -12.0900390625])
array('d', [38.557421875, 135.3244140625, -102.975390625, -14.2373046875])
array('d', [38.557421875, 135.3244140625, -102.975390625, -16.9447265625])
array('d', [35.663281250000004, 134.71757812500002, -102.83535156250001, -16.9447265625])
array('d', [35.663281250000004, 134.71757812500002, -102.83535156250001, -16.9447265625])
array('d', [35.663281250000004, 134.71757812500002, -102.83535156250001, -16.9447265625])
array('d', [35.663281250000004, 134.71757812500002, -102.83535156250001, -16.9447265625])
array('d', [33.9361328125, 132.94375, -108.95039062500001, -17.925])
array('d', [38.464062500000004, 134.4375, -108.95039062500001, -17.925])
array('d', [39.304296875, 132.75703125, -111.6111328125, -13.163671875])
array('d', [37.7171875, 132.4302734375, -113.1982421875, -14.097265625])
array('d', [37.7171875, 132.4302734375, -113.1982421875, -14.3306640625])
array('d', [40.564648437500004, 134.95097656250002, -114.97207031250001, -14.3306640625])
array('d', [36.41015625, 135.091015625, -113.8984375, -8.8224609375])
array('d', [36.41015625, 134.3908203125, -111.8912109375, -11.5298828125])
array('d', [36.41015625, 134.3908203125, -110.4908203125, -12.3701171875])
array('d', [34.6830078125, 134.3908203125, -110.4908203125, -12.3701171875])
array('d', [39.7244140625, 134.3908203125, -111.75117187500001, -11.809960937500001])
array('d', [42.01171875, 133.223828125, -116.69921875, -12.043359375000001])
array('d', [42.01171875, 133.223828125, -116.69921875, -12.3234375])
array('d', [42.431835937500004, 136.2580078125, -119.64003906250001, -12.3234375])
array('d', [42.431835937500004, 136.2580078125, -119.64003906250001, -12.3234375])
array('d', [42.431835937500004, 136.2580078125, -119.64003906250001, -12.3234375])
array('d', [42.431835937500004, 136.2580078125, -119.64003906250001, -12.3234375])
array('d', [42.431835937500004, 136.2580078125, -119.64003906250001, -12.3234375])
array('d', [42.431835937500004, 136.2580078125, -119.64003906250001, -12.3234375])
array('d', [42.431835937500004, 136.2580078125, -119.64003906250001, -12.3234375])
array('d', [40.7513671875, 136.2580078125, -119.780078125, -14.844140625000001])
array('d', [34.91640625, 134.530859375, -115.298828125, -15.077539062500001])
array('d', [34.91640625, 134.530859375, -114.55195312500001, -15.591015625])
array('d', [29.5482421875, 135.3244140625, -114.55195312500001, -15.591015625])
array('d', [32.4890625, 134.157421875, -112.91816406250001, -14.9375])
array('d', [40.331250000000004, 133.2705078125, -114.83203125, -13.0236328125])
array('d', [43.31875, 133.690625, -120.06015625, -14.190625])
array('d', [41.4515625, 132.75703125, -118.93984375000001, -19.325390625])
array('d', [41.4515625, 132.75703125, -118.93984375000001, -19.512109375])
array('d', [38.1373046875, 133.87734375, -116.2791015625, -19.512109375])
array('d', [36.0833984375, 133.6439453125, -115.765625, -16.7580078125])
array('d', [38.27734375, 133.55058593750002, -114.78535156250001, -17.0380859375])
array('d', [38.27734375, 133.55058593750002, -114.78535156250001, -17.0380859375])
array('d', [43.9255859375, 133.13046875, -117.4927734375, -16.524609375])
array('d', [42.9919921875, 134.1107421875, -117.0259765625, -14.8908203125])
array('d', [42.9919921875, 134.1107421875, -114.27187500000001, -15.684375000000001])
array('d', [40.2845703125, 133.037109375, -114.27187500000001, -15.684375000000001])
array('d', [34.729687500000004, 134.157421875, -113.33828125000001, -17.458203125])
array('d', [34.729687500000004, 132.94375, -111.70449218750001, -18.6251953125])
array('d', [31.788867187500003, 132.94375, -111.70449218750001, -18.6251953125])
array('d', [36.5501953125, 133.970703125, -112.63808593750001, -19.0453125])
array('d', [45.606054687500006, 133.50390625, -115.3921875, -17.9716796875])
array('d', [45.606054687500006, 133.50390625, -117.0259765625, -16.5712890625])
array('d', [47.239843750000006, 133.6439453125, -117.0259765625, -16.5712890625])
array('d', [44.158984375, 133.2705078125, -115.765625, -17.831640625000002])
array('d', [44.158984375, 134.0640625, -114.31855468750001, -19.5587890625])
array('d', [38.5107421875, 134.0640625, -114.31855468750001, -18.48515625])
array('d', [36.830273437500004, 133.8306640625, -113.6650390625, -18.48515625])
array('d', [36.876953125, 133.2705078125, -113.80507812500001, -18.6251953125])
array('d', [36.876953125, 132.94375, -114.365234375, -18.205078125])
array('d', [44.62578125, 132.94375, -114.365234375, -18.205078125])
array('d', [41.7783203125, 133.87734375, -113.85175781250001, -16.24453125])
array('d', [40.798046875000004, 134.48417968750002, -112.311328125, -17.8783203125])
array('d', [35.0564453125, 133.690625, -111.377734375, -17.6916015625])
array('d', [35.0564453125, 133.690625, -111.377734375, -17.4115234375])
array('d', [40.4712890625, 134.01738281250002, -111.377734375, -17.4115234375])
array('d', [39.0708984375, 133.50390625, -111.1443359375, -15.964453125])
array('d', [39.0708984375, 133.50390625, -111.564453125, -17.4115234375])
array('d', [40.6580078125, 133.78398437500002, -111.564453125, -17.4115234375])
array('d', [46.866406250000004, 133.78398437500002, -111.7978515625, -17.9716796875])
array('d', [45.699414062500004, 133.037109375, -110.4908203125, -17.271484375])
array('d', [45.699414062500004, 133.037109375, -108.6236328125, -16.0578125])
array('d', [41.965039062500004, 133.970703125, -108.6236328125, -16.0578125])
array('d', [36.830273437500004, 133.597265625, -108.20351562500001, -18.065039062500002])
array('d', [40.51796875, 133.690625, -107.78339843750001, -14.657421875])
array('d', [40.3779296875, 134.1107421875, -106.7564453125, -13.7705078125])
array('d', [40.3779296875, 133.55058593750002, -105.5427734375, -15.2642578125])
array('d', [41.965039062500004, 133.55058593750002, -105.5427734375, -15.2642578125])
array('d', [42.1517578125, 133.3638671875, -104.8892578125, -14.3306640625])
array('d', [42.851953125, 133.2705078125, -104.8892578125, -14.3306640625])
array('d', [42.851953125, 133.2705078125, -104.8892578125, -14.3306640625])
array('d', [42.851953125, 133.2705078125, -102.975390625, -14.844140625000001])
array('d', [40.89140625, 133.3638671875, -104.4224609375, -16.4779296875])
array('d', [42.7119140625, 133.13046875, -104.93593750000001, -15.544335937500001])
array('d', [42.7119140625, 133.13046875, -104.93593750000001, -15.544335937500001])
array('d', [43.9255859375, 134.1107421875, -104.7958984375, -14.7974609375])
array('d', [42.7119140625, 134.157421875, -105.309375, -13.3037109375])
array('d', [41.6849609375, 132.5236328125, -103.30214843750001, -14.097265625])
array('d', [41.6849609375, 132.5236328125, -103.30214843750001, -14.097265625])
array('d', [40.14453125, 132.94375, -102.041796875, -12.603515625])
array('d', [40.14453125, 133.78398437500002, -101.20156250000001, -12.0900390625])
array('d', [39.5376953125, 133.78398437500002, -101.20156250000001, -12.0900390625])
array('d', [39.5376953125, 133.78398437500002, -101.20156250000001, -12.0900390625])
array('d', [39.5376953125, 133.78398437500002, -101.20156250000001, -12.0900390625])
array('d', [39.5376953125, 133.78398437500002, -101.20156250000001, -12.0900390625])
array('d', [39.9111328125, 133.87734375, -101.24824218750001, -11.016406250000001])
array('d', [42.38515625, 134.01738281250002, -101.9951171875, -10.26953125])
array('d', [42.571875000000006, 133.13046875, -100.96816406250001, -10.1294921875])
array('d', [42.571875000000006, 133.13046875, -100.96816406250001, -10.1294921875])
array('d', [40.798046875000004, 132.7103515625, -99.52109375, -10.409570312500001])
array('d', [39.9111328125, 134.344140625, -99.52109375, -11.1564453125])
array('d', [41.918359375, 135.0443359375, -100.174609375, -12.043359375000001])
array('d', [41.918359375, 135.0443359375, -100.174609375, -12.043359375000001])
array('d', [39.9578125, 133.9240234375, -100.54804687500001, -11.249804687500001])
array('d', [41.4515625, 134.4375, -99.6611328125, -9.989453125])
array('d', [41.4515625, 134.4375, -99.6611328125, -9.989453125])
array('d', [42.01171875, 134.4375, -98.86757812500001, -9.9427734375])
array('d', [42.478515625, 133.410546875, -99.52109375, -9.5693359375])
array('d', [42.478515625, 133.037109375, -98.8208984375, -9.709375])
array('d', [42.478515625, 133.037109375, -98.8208984375, -9.709375])
array('d', [42.478515625, 133.037109375, -98.8208984375, -9.709375])
array('d', [39.8177734375, 134.62421875, -99.38105468750001, -9.0091796875])
array('d', [37.810546875, 134.62421875, -99.38105468750001, -9.0091796875])
array('d', [40.331250000000004, 134.344140625, -97.6072265625, -10.316210937500001])
array('d', [39.631054687500004, 134.344140625, -99.1943359375, -10.316210937500001])
array('d', [39.631054687500004, 133.31718750000002, -99.1943359375, -9.616015625000001])
array('d', [40.424609375, 133.597265625, -99.7078125, -9.616015625000001])
array('d', [38.8375, 132.663671875, -97.70058593750001, -10.8296875])
array('d', [38.8375, 132.663671875, -97.70058593750001, -10.8296875])
array('d', [38.8375, 132.663671875, -97.70058593750001, -10.8296875])
array('d', [38.5107421875, 134.62421875, -98.5875, -11.6232421875])
array('d', [37.15703125, 133.50390625, -99.054296875, -10.176171875])
array('d', [37.15703125, 133.78398437500002, -98.63417968750001, -11.016406250000001])
array('d', [37.15703125, 133.78398437500002, -98.63417968750001, -11.016406250000001])
array('d', [37.15703125, 133.78398437500002, -98.63417968750001, -11.016406250000001])
array('d', [39.677734375, 133.4572265625, -97.7939453125, -13.8638671875])
array('d', [37.3904296875, 133.4572265625, -97.7939453125, -13.8638671875])
array('d', [39.164257812500004, 133.6439453125, -97.840625, -9.2892578125])
array('d', [36.596875000000004, 134.157421875, -99.0076171875, -12.13671875])
array('d', [36.596875000000004, 134.157421875, -98.5875, -11.1564453125])
array('d', [38.9775390625, 133.7373046875, -98.5875, -11.1564453125])
array('d', [38.0439453125, 133.50390625, -99.241015625, -11.203125])
array('d', [38.0439453125, 134.530859375, -99.38105468750001, -12.883593750000001])
array('d', [36.4568359375, 134.530859375, -99.38105468750001, -12.883593750000001])
array('d', [39.4443359375, 133.3638671875, -99.987890625, -14.657421875])
array('d', [38.65078125, 133.1771484375, -97.8873046875, -12.0900390625])
array('d', [39.3509765625, 134.2974609375, -98.91425781250001, -11.950000000000001])
array('d', [40.331250000000004, 133.970703125, -98.7275390625, -15.077539062500001])
array('d', [41.498242187500004, 133.6439453125, -98.68085937500001, -14.143945312500001])
array('d', [41.498242187500004, 133.6439453125, -100.4080078125, -15.8244140625])
array('d', [40.4712890625, 134.1107421875, -100.4080078125, -15.8244140625])
array('d', [39.631054687500004, 133.597265625, -101.3416015625, -15.8244140625])
array('d', [38.0439453125, 131.356640625, -99.33437500000001, -15.030859375])
array('d', [38.0439453125, 131.356640625, -99.7544921875, -17.084765625])
array('d', [43.038671875000006, 133.7373046875, -99.7544921875, -17.084765625])
array('d', [42.75859375, 132.290234375, -100.54804687500001, -17.131445312500002])
array('d', [40.564648437500004, 134.3908203125, -99.4744140625, -16.4779296875])
array('d', [40.564648437500004, 134.3908203125, -99.4744140625, -17.598242187500002])
array('d', [41.264843750000004, 134.3908203125, -98.5875, -17.598242187500002])
array('d', [41.264843750000004, 134.3908203125, -98.5875, -17.598242187500002])
array('d', [40.7513671875, 133.6439453125, -99.33437500000001, -16.0111328125])
array('d', [40.7513671875, 133.6439453125, -99.987890625, -15.8244140625])
array('d', [40.331250000000004, 133.7373046875, -99.987890625, -15.8244140625])
array('d', [40.6580078125, 133.13046875, -100.64140625, -15.8244140625])
array('d', [42.805273437500006, 132.5236328125, -101.5283203125, -17.6916015625])
array('d', [42.805273437500006, 132.5236328125, -101.5283203125, -17.2248046875])
array('d', [43.132031250000004, 132.4302734375, -103.908984375, -17.2248046875])
array('d', [43.132031250000004, 134.2041015625, -102.60195312500001, -19.2787109375])
array('d', [42.805273437500006, 132.38359375000002, -103.4888671875, -21.7060546875])
array('d', [38.8841796875, 132.38359375000002, -103.4888671875, -21.7060546875])
array('d', [38.65078125, 134.4375, -104.46914062500001, -18.8119140625])
array('d', [40.3779296875, 132.5703125, -103.4421875, -19.512109375])
array('d', [35.103125, 135.41777343750002, -104.095703125, -19.465429687500002])
array('d', [35.103125, 135.41777343750002, -104.095703125, -18.671875])
array('d', [38.370703125, 135.41777343750002, -104.095703125, -18.671875])
array('d', [38.370703125, 135.41777343750002, -104.095703125, -18.671875])
array('d', [38.370703125, 133.223828125, -104.93593750000001, -18.018359375])
array('d', [39.304296875, 133.223828125, -104.93593750000001, -18.018359375])
array('d', [37.997265625000004, 134.1107421875, -103.06875000000001, -19.0453125])
array('d', [37.997265625000004, 134.1107421875, -103.06875000000001, -19.0453125])
array('d', [37.997265625000004, 134.1107421875, -103.06875000000001, -19.0453125])
array('d', [40.424609375, 134.530859375, -103.908984375, -19.885546875])
array('d', [42.01171875, 132.38359375000002, -103.11542968750001, -19.885546875])
array('d', [43.038671875000006, 135.18437500000002, -102.41523437500001, -19.698828125000002])
array('d', [44.672460937500006, 133.7373046875, -104.095703125, -19.3720703125])
array('d', [44.672460937500006, 133.7373046875, -103.58222656250001, -19.932226562500002])
array('d', [45.4193359375, 132.85039062500002, -103.58222656250001, -19.932226562500002])
array('d', [44.8125, 134.6708984375, -103.58222656250001, -20.3056640625])
array('d', [41.498242187500004, 134.8109375, -104.74921875000001, -19.0453125])
array('d', [39.7244140625, 134.25078125000002, -102.83535156250001, -20.819140625000003])
array('d', [42.198437500000004, 132.75703125, -102.50859375, -19.41875])
array('d', [41.6849609375, 134.7642578125, -100.1279296875, -17.73828125])
array('d', [41.6849609375, 134.7642578125, -100.96816406250001, -17.831640625000002])
array('d', [40.51796875, 134.7642578125, -100.96816406250001, -17.831640625000002])
array('d', [40.51796875, 134.7642578125, -100.96816406250001, -17.831640625000002])
array('d', [41.638281250000006, 133.690625, -100.5947265625, -17.4115234375])
array('d', [44.8591796875, 134.530859375, -100.54804687500001, -17.73828125])
array('d', [45.466015625000004, 132.663671875, -99.1943359375, -16.7580078125])
array('d', [45.466015625000004, 132.663671875, -100.4546875, -18.85859375])
array('d', [43.87890625, 133.4572265625, -100.4546875, -18.85859375])
array('d', [42.9453125, 134.8109375, -100.08125000000001, -18.018359375])
array('d', [42.9453125, 134.8109375, -100.08125000000001, -18.018359375])
array('d', [42.9453125, 134.8109375, -100.08125000000001, -18.018359375])
array('d', [41.404882812500006, 133.08378906250002, -99.0076171875, -15.6376953125])
array('d', [41.6849609375, 133.1771484375, -98.44746093750001, -16.524609375])
array('d', [40.331250000000004, 133.8306640625, -97.373828125, -14.470703125])
array('d', [39.864453125000004, 134.48417968750002, -99.33437500000001, -14.3306640625])
array('d', [39.864453125000004, 134.48417968750002, -99.33437500000001, -14.7974609375])
array('d', [40.8447265625, 134.62421875, -93.96621093750001, -15.404296875])
array('d', [39.5376953125, 134.2974609375, -95.83339843750001, -13.4904296875])
array('d', [40.611328125, 132.9904296875, -94.8064453125, -12.3701171875])
array('d', [40.611328125, 134.48417968750002, -92.1923828125, -14.097265625])
array('d', [41.171484375000006, 134.48417968750002, -92.14570312500001, -13.537109375])
array('d', [38.65078125, 133.08378906250002, -92.14570312500001, -14.7974609375])
array('d', [39.0708984375, 134.2041015625, -94.89980468750001, -14.7974609375])
array('d', [41.498242187500004, 132.15019531250002, -92.14570312500001, -14.050585937500001])
array('d', [42.7119140625, 132.38359375000002, -93.2193359375, -14.097265625])
array('d', [39.7244140625, 133.78398437500002, -94.8064453125, -12.696875])
array('d', [39.7244140625, 133.78398437500002, -94.8064453125, -12.696875])
array('d', [37.530468750000004, 132.94375, -94.853125, -14.844140625000001])
array('d', [39.02421875, 132.61699218750002, -94.573046875, -14.7974609375])
array('d', [38.1373046875, 133.8306640625, -93.8728515625, -14.143945312500001])
array('d', [38.1373046875, 133.8306640625, -93.8728515625, -14.190625])
array('d', [35.569921875, 133.55058593750002, -95.319921875, -14.190625])
array('d', [32.4890625, 133.6439453125, -93.73281250000001, -12.9302734375])
array('d', [35.8033203125, 133.08378906250002, -92.05234375, -13.63046875])
array('d', [36.78359375, 132.61699218750002, -92.9859375, -13.3037109375])
array('d', [35.429882812500004, 134.3908203125, -93.49941406250001, -14.283984375000001])
array('d', [35.429882812500004, 134.3908203125, -93.49941406250001, -14.283984375000001])
array('d', [35.3365234375, 133.50390625, -92.9392578125, -13.3970703125])
array('d', [35.28984375, 134.2974609375, -92.0056640625, -14.377343750000001])
array('d', [34.029492187500004, 134.5775390625, -92.0056640625, -14.00390625])
array('d', [33.9828125, 132.9904296875, -93.8728515625, -14.377343750000001])
array('d', [34.16953125, 130.88984375, -93.826171875, -16.1044921875])
array('d', [34.16953125, 130.88984375, -93.826171875, -16.1044921875])
array('d', [33.9361328125, 131.8234375, -92.56582031250001, -15.2642578125])
array('d', [32.4423828125, 132.8970703125, -92.14570312500001, -15.12421875])
array('d', [30.80859375, 131.4033203125, -91.39882812500001, -16.711328125])
array('d', [30.621875000000003, 131.0298828125, -92.09902343750001, -15.544335937500001])
array('d', [31.088671875000003, 130.9365234375, -90.55859375, -14.984179687500001])
array('d', [31.088671875000003, 130.9365234375, -92.61250000000001, -14.517382812500001])
array('d', [30.715234375, 131.1232421875, -92.61250000000001, -14.517382812500001])
array('d', [30.9486328125, 130.0029296875, -93.26601562500001, -15.450976562500001])
array('d', [30.7619140625, 128.2291015625, -92.84589843750001, -14.610742187500001])
array('d', [30.7619140625, 128.2291015625, -92.84589843750001, -14.610742187500001])
array('d', [30.7619140625, 128.2291015625, -92.84589843750001, -14.610742187500001])
array('d', [30.715234375, 126.78203125, -92.05234375, -13.443750000000001])
array('d', [29.034765625000002, 128.41582031250002, -92.33242187500001, -15.030859375])
array('d', [27.354296875000003, 126.8287109375, -91.3521484375, -14.7041015625])
array('d', [27.354296875000003, 126.8287109375, -91.3521484375, -14.7041015625])
array('d', [29.501562500000002, 127.6689453125, -90.18515625, -14.190625])
array('d', [30.528515625, 127.80898437500001, -89.53164062500001, -15.7310546875])
array('d', [28.1478515625, 126.7353515625, -89.29824218750001, -13.0703125])
array('d', [28.1478515625, 126.7353515625, -91.11875, -13.3037109375])
array('d', [28.521289062500003, 127.2021484375, -90.4185546875, -13.583789062500001])
array('d', [26.2806640625, 124.6814453125, -90.4185546875, -13.583789062500001])
array('d', [27.0275390625, 122.25410156250001, -88.4580078125, -12.0900390625])
array('d', [27.727734375, 123.37441406250001, -87.384375, -10.26953125])
array('d', [25.4404296875, 120.6669921875, -87.384375, -10.26953125])
array('d', [25.113671875, 120.15351562500001, -84.8169921875, -8.5423828125])
array('d', [23.0130859375, 119.033203125, -83.556640625, -9.0091796875])
array('d', [23.199804687500002, 119.2666015625, -82.623046875, -9.0091796875])
array('d', [23.199804687500002, 118.19296875, -84.44355468750001, -8.5890625])
array('d', [23.153125000000003, 118.19296875, -84.44355468750001, -7.888867187500001])
array('d', [22.6396484375, 115.6255859375, -83.74335937500001, -7.888867187500001])
array('d', [22.733007812500002, 118.23964843750001, -83.04316406250001, -7.6087890625000005])
array('d', [23.246484375, 116.232421875, -80.8025390625, -6.3484375])
array('d', [23.246484375, 116.232421875, -79.49550781250001, -7.562109375])
array('d', [24.086718750000003, 115.67226562500001, -79.49550781250001, -6.068359375])
array('d', [21.7060546875, 112.3580078125, -82.249609375, -6.068359375])
array('d', [21.519335937500003, 112.59140625, -80.008984375, -5.41484375])
array('d', [20.7724609375, 112.45136718750001, -79.1220703125, -5.788281250000001])
array('d', [19.2787109375, 110.257421875, -77.11484375, -4.4345703125])
array('d', [19.2787109375, 110.257421875, -77.11484375, -3.54765625])
array('d', [18.11171875, 108.95039062500001, -75.99453125000001, -3.54765625])
array('d', [19.0453125, 109.23046875, -74.7341796875, -2.9408203125])
array('d', [16.9447265625, 103.81562500000001, -74.1740234375, -1.7271484375000001])
array('d', [16.9447265625, 105.8228515625, -74.12734375000001, -2.333984375])
array('d', [16.9447265625, 105.8228515625, -74.12734375000001, -2.333984375])
array('d', [16.8513671875, 102.975390625, -71.79335937500001, -0.8402343750000001])
array('d', [14.3306640625, 100.4546875, -71.3732421875, -0.5134765625000001])
array('d', [13.116992187500001, 101.294921875, -73.00703125, -2.0539062500000003])
array('d', [13.116992187500001, 101.294921875, -68.6658203125, -1.0736328125])
array('d', [12.696875, 99.054296875, -68.6658203125, -1.0736328125])
array('d', [12.8369140625, 98.68085937500001, -67.9189453125, 0.6068359375])
array('d', [12.3234375, 98.120703125, -66.5185546875, 0.2333984375])
array('d', [10.362890625, 95.88007812500001, -66.5185546875, 0.2333984375])
array('d', [9.242578125, 96.0201171875, -68.29238281250001, 1.400390625])
array('d', [8.8224609375, 93.6861328125, -67.685546875, 1.6337890625])
array('d', [8.8224609375, 93.6861328125, -67.4521484375, 3.1275390625000004])
array('d', [8.215625000000001, 91.5388671875, -67.4521484375, 3.1275390625000004])
array('d', [7.3753906250000005, 89.905078125, -67.4521484375, 3.1275390625000004])
array('d', [7.3753906250000005, 89.905078125, -67.4521484375, 3.1275390625000004])
array('d', [8.5423828125, 89.29824218750001, -63.671093750000004, 2.0072265625])
array('d', [7.422070312500001, 89.9517578125, -61.943945312500006, 1.773828125])
array('d', [7.422070312500001, 89.9517578125, -61.243750000000006, 3.734375])
array('d', [7.422070312500001, 89.9517578125, -61.243750000000006, 3.734375])
array('d', [7.422070312500001, 89.9517578125, -61.243750000000006, 3.734375])
array('d', [4.6212890625, 87.384375, -60.030078125, 4.5746093750000005])
array('d', [4.201171875, 84.7703125, -60.030078125, 4.5746093750000005])
array('d', [3.2208984375000003, 85.1904296875, -59.656640625, 4.5746093750000005])
array('d', [3.2208984375000003, 85.1904296875, -59.656640625, 4.5746093750000005])
array('d', [3.2208984375000003, 85.1904296875, -59.656640625, 4.5746093750000005])
array('d', [2.6140625, 82.57636718750001, -58.9564453125, 5.6015625])
array('d', [2.9875000000000003, 84.39687500000001, -57.5560546875, 5.41484375])
array('d', [2.9875000000000003, 83.7900390625, -57.229296875, 7.0486328125])
array('d', [1.3537109375, 83.7900390625, -56.295703125, 6.2083984375000005])
array('d', [1.3537109375, 80.008984375, -56.3890625, 7.422070312500001])
array('d', [1.3537109375, 80.008984375, -56.3890625, 8.449023437500001])
array('d', [0.7935546875, 78.79531250000001, -54.615234375, 8.449023437500001])
array('d', [0.37343750000000003, 78.141796875, -53.7283203125, 9.802734375])
array('d', [-0.8402343750000001, 76.36796875, -52.28125, 9.5693359375])
array('d', [-0.8402343750000001, 76.36796875, -50.834179687500004, 10.642968750000001])
array('d', [-0.8402343750000001, 76.36796875, -50.834179687500004, 10.642968750000001])
array('d', [0.280078125, 76.46132812500001, -50.834179687500004, 11.4365234375])
array('d', [-1.5404296875, 75.3876953125, -49.6205078125, 11.4365234375])
array('d', [-2.3806640625, 73.940625, -47.8466796875, 11.9033203125])
array('d', [-4.1078125000000005, 73.940625, -47.8466796875, 11.9033203125])
array('d', [-4.1078125000000005, 73.940625, -47.8466796875, 11.9033203125])
array('d', [-4.1078125000000005, 72.3068359375, -47.2865234375, 13.677148437500001])
array('d', [-4.6212890625, 71.32656250000001, -46.026171875, 13.3037109375])
array('d', [-3.267578125, 71.09316406250001, -45.932812500000004, 14.4240234375])
array('d', [-4.3412109375000005, 70.4396484375, -44.765820312500004, 13.7705078125])
array('d', [-4.3412109375000005, 70.4396484375, -44.765820312500004, 13.910546875000001])
array('d', [-4.8546875, 68.3857421875, -44.205664062500006, 13.910546875000001])
array('d', [-5.7416015625000005, 66.2384765625, -44.205664062500006, 13.910546875000001])
array('d', [-5.7416015625000005, 65.53828125, -41.918359375, 16.197851562500002])
array('d', [-7.001953125, 65.53828125, -41.918359375, 16.197851562500002])
array('d', [-7.748828125, 65.071484375, -40.8447265625, 17.6916015625])
array('d', [-7.748828125, 65.071484375, -40.8447265625, 17.6916015625])
array('d', [-7.3287109375, 65.444921875, -41.031445312500004, 18.065039062500002])
array('d', [-9.709375, 62.877539062500006, -39.864453125000004, 18.9052734375])
array('d', [-9.709375, 62.877539062500006, -39.864453125000004, 18.531835937500002])
array('d', [-10.5962890625, 62.877539062500006, -37.6705078125, 18.531835937500002])
array('d', [-10.642968750000001, 59.936718750000004, -37.063671875000004, 19.3720703125])
array('d', [-12.9302734375, 59.469921875000004, -35.7099609375, 20.3056640625])
array('d', [-11.483203125000001, 58.81640625, -35.103125, 21.192578125])
array('d', [-11.483203125000001, 58.81640625, -35.103125, 21.192578125])
array('d', [-11.483203125000001, 58.6296875, -36.03671875, 19.3720703125])
array('d', [-11.950000000000001, 58.6296875, -36.03671875, 19.3720703125])
array('d', [-10.9697265625, 57.976171875000006, -36.596875000000004, 19.3720703125])
array('d', [-10.9697265625, 57.976171875000006, -36.596875000000004, 19.3720703125])
array('d', [-10.9697265625, 57.976171875000006, -36.596875000000004, 19.3720703125])
array('d', [-11.4365234375, 55.268750000000004, -35.943359375, 18.6251953125])
array('d', [-12.043359375000001, 55.362109375, -34.8697265625, 18.765234375000002])
array('d', [-12.043359375000001, 55.362109375, -37.063671875000004, 17.5048828125])
array('d', [-12.276757812500001, 56.435742187500004, -37.063671875000004, 17.5048828125])
array('d', [-10.6896484375, 56.342382812500006, -38.183984375, 16.431250000000002])
array('d', [-10.409570312500001, 56.6224609375, -36.6435546875, 15.964453125])
array('d', [-10.409570312500001, 56.6224609375, -38.8841796875, 14.7041015625])
array('d', [-8.869140625, 57.369335937500004, -39.3509765625, 12.8369140625])
array('d', [-9.4759765625, 57.369335937500004, -39.3509765625, 13.443750000000001])
array('d', [-9.0091796875, 57.0892578125, -37.997265625000004, 13.443750000000001])
array('d', [-6.021679687500001, 58.3962890625, -37.90390625, 12.790234375])
array('d', [-8.2623046875, 57.742773437500006, -38.464062500000004, 11.76328125])
array('d', [-6.3951171875, 58.5830078125, -39.3509765625, 11.483203125000001])
array('d', [-6.3951171875, 58.5830078125, -39.3509765625, 11.483203125000001])
array('d', [-6.3951171875, 58.5830078125, -39.3509765625, 11.483203125000001])
array('d', [-6.7685546875, 59.003125000000004, -39.02421875, 11.576562500000001])
array('d', [-5.881640625, 57.32265625, -40.51796875, 11.9966796875])
array('d', [-5.881640625, 57.32265625, -40.51796875, 11.9966796875])
array('d', [-5.881640625, 57.32265625, -40.51796875, 11.9966796875])
array('d', [-5.881640625, 57.32265625, -40.51796875, 11.9966796875])
array('d', [-4.948046875, 57.836132812500004, -39.631054687500004, 10.8296875])
array('d', [-4.66796875, 58.069531250000004, -40.7513671875, 10.2228515625])
array('d', [-4.66796875, 57.4626953125, -38.0439453125, 12.416796875000001])
array('d', [-2.4740234375, 57.4626953125, -38.0439453125, 12.416796875000001])
array('d', [-2.9875000000000003, 58.162890625, -41.358203125, 9.802734375])
array('d', [-1.6337890625, 59.0498046875, -40.0044921875, 8.915820312500001])
array('d', [-1.6337890625, 59.0498046875, -40.0044921875, 8.915820312500001])
array('d', [-1.6337890625, 59.0498046875, -40.0044921875, 8.915820312500001])
array('d', [-1.6337890625, 59.0498046875, -40.0044921875, 8.915820312500001])
array('d', [-1.6337890625, 59.0498046875, -40.0044921875, 8.915820312500001])
array('d', [-1.30703125, 59.56328125, -40.097851562500004, 8.495703125])
array('d', [1.1203125, 61.43046875, -40.1912109375, 7.8421875000000005])
array('d', [1.1203125, 61.43046875, -39.5376953125, 7.7021484375])
array('d', [1.1203125, 61.43046875, -39.5376953125, 7.7021484375])
array('d', [1.2603515625000001, 61.1970703125, -39.3509765625, 7.888867187500001])
array('d', [1.1669921875, 61.803906250000004, -39.3509765625, 7.888867187500001])
array('d', [2.1005859375, 62.830859375, -38.3240234375, 8.449023437500001])
array('d', [2.1005859375, 62.830859375, -38.3240234375, 8.449023437500001])
array('d', [2.0539062500000003, 62.830859375, -38.557421875, 7.422070312500001])
array('d', [4.29453125, 64.6046875, -39.77109375, 6.955273437500001])
array('d', [5.2748046875000005, 65.25820312500001, -40.097851562500004, 6.628515625])
array('d', [5.2748046875000005, 65.25820312500001, -40.097851562500004, 5.5082031250000005])
array('d', [5.3681640625, 63.577734375000006, -40.4712890625, 5.5082031250000005])
array('d', [8.5423828125, 65.631640625, -40.097851562500004, 6.3017578125])
array('d', [9.382617187500001, 66.0984375, -39.397656250000004, 5.6015625])
array('d', [9.382617187500001, 66.0984375, -39.397656250000004, 5.6015625])
array('d', [9.2892578125, 68.4791015625, -41.264843750000004, 3.1275390625000004])
array('d', [9.4759765625, 67.82558593750001, -41.7783203125, 3.9210937500000003])
array('d', [9.4759765625, 67.82558593750001, -41.7783203125, 1.4937500000000001])
array('d', [11.716601562500001, 67.312109375, -41.5916015625, 1.4937500000000001])
array('d', [11.9966796875, 67.872265625, -42.9453125, 2.5207031250000003])
array('d', [12.4634765625, 67.685546875, -42.478515625, 2.8474609375])
array('d', [12.4634765625, 67.685546875, -42.478515625, 2.8474609375])
array('d', [11.716601562500001, 68.75917968750001, -42.75859375, 1.6337890625])
array('d', [12.743554687500001, 69.22597656250001, -42.665234375000004, 2.240625])
array('d', [12.743554687500001, 69.22597656250001, -42.665234375000004, -0.653515625])
array('d', [12.743554687500001, 69.22597656250001, -42.665234375000004, -0.653515625])
array('d', [12.743554687500001, 69.22597656250001, -42.665234375000004, -0.653515625])
array('d', [12.416796875000001, 69.366015625, -42.6185546875, 0.280078125])
array('d', [14.143945312500001, 69.27265625, -43.5521484375, 0.280078125])
array('d', [13.817187500000001, 68.3857421875, -42.9919921875, -0.93359375])
array('d', [13.817187500000001, 68.3857421875, -42.9919921875, -0.93359375])
array('d', [13.817187500000001, 68.3857421875, -42.9919921875, -0.93359375])
array('d', [13.817187500000001, 68.3857421875, -42.9919921875, -0.93359375])
array('d', [15.217578125000001, 69.552734375, -44.999218750000004, -1.773828125])
array('d', [14.844140625000001, 70.9064453125, -45.466015625000004, -2.42734375])
array('d', [14.844140625000001, 70.9064453125, -45.466015625000004, -5.2748046875000005])
array('d', [15.591015625, 70.0662109375, -45.466015625000004, -5.2748046875000005])
array('d', [15.591015625, 69.5060546875, -46.8197265625, -3.17421875])
array('d', [16.197851562500002, 68.3390625, -46.212890625, -6.3951171875])
array('d', [16.197851562500002, 70.7197265625, -48.546875, -6.021679687500001])
array('d', [16.61796875, 70.7197265625, -48.873632812500006, -5.9750000000000005])
array('d', [17.0380859375, 70.9064453125, -48.873632812500006, -5.9750000000000005])
array('d', [16.3845703125, 69.0392578125, -49.107031250000006, -7.3753906250000005])
array('d', [18.065039062500002, 70.953125, -49.7138671875, -7.7021484375])
array('d', [18.065039062500002, 70.953125, -49.7138671875, -8.495703125])
array('d', [17.084765625, 69.3193359375, -49.0603515625, -8.495703125])
array('d', [17.831640625000002, 73.0537109375, -49.48046875, -8.308984375])
array('d', [17.831640625000002, 73.0537109375, -49.48046875, -8.308984375])
array('d', [17.831640625000002, 73.0537109375, -49.48046875, -8.308984375])
array('d', [17.831640625000002, 73.6138671875, -48.873632812500006, -9.429296875])
array('d', [18.765234375000002, 73.6138671875, -48.873632812500006, -9.429296875])
array('d', [21.052539062500003, 74.4541015625, -48.546875, -8.9625])
array('d', [21.332617187500002, 73.5671875, -49.6205078125, -8.9625])
array('d', [21.332617187500002, 73.5671875, -49.6205078125, -8.308984375])
array('d', [22.5462890625, 73.6138671875, -51.3943359375, -11.343164062500001])
array('d', [21.752734375000003, 74.0806640625, -50.367382812500004, -12.416796875000001])
array('d', [21.752734375000003, 74.0806640625, -51.1142578125, -11.76328125])
array('d', [21.47265625, 74.9208984375, -51.1142578125, -11.76328125])
array('d', [21.566015625000002, 74.50078125, -50.320703125, -10.5029296875])
array('d', [22.7796875, 72.8203125, -50.274023437500006, -9.9427734375])
array('d', [22.7796875, 72.8203125, -49.900585937500004, -12.4634765625])
array('d', [22.8263671875, 72.49355468750001, -49.900585937500004, -12.4634765625])
array('d', [24.9736328125, 74.59414062500001, -50.4607421875, -12.276757812500001])
array('d', [24.9736328125, 75.901171875, -51.5810546875, -12.13671875])
array('d', [24.9736328125, 75.901171875, -51.5810546875, -12.13671875])
array('d', [24.9736328125, 75.901171875, -51.5810546875, -12.13671875])
array('d', [24.9736328125, 75.901171875, -51.5810546875, -12.13671875])
array('d', [24.553515625000003, 75.901171875, -51.5810546875, -12.043359375000001])
array('d', [26.0939453125, 74.5474609375, -51.8611328125, -12.043359375000001])
array('d', [25.253710937500003, 74.87421875, -50.274023437500006, -11.343164062500001])
array('d', [25.253710937500003, 74.50078125, -50.600781250000004, -13.0236328125])
array('d', [26.32734375, 74.50078125, -50.600781250000004, -13.0236328125])
array('d', [26.980859375, 75.29433593750001, -49.9939453125, -12.3701171875])
array('d', [27.6810546875, 75.714453125, -49.900585937500004, -11.950000000000001])
array('d', [25.6271484375, 76.5080078125, -48.6869140625, -13.63046875])
array('d', [25.6271484375, 76.5080078125, -48.6869140625, -12.416796875000001])
array('d', [27.07421875, 75.1076171875, -50.507421875000006, -12.416796875000001])
array('d', [26.047265625, 75.1076171875, -50.507421875000006, -12.416796875000001])
array('d', [26.047265625, 75.1076171875, -50.507421875000006, -12.416796875000001])
array('d', [26.047265625, 75.1076171875, -50.507421875000006, -12.416796875000001])
array('d', [26.047265625, 73.75390625, -50.22734375, -13.0236328125])
array('d', [27.634375000000002, 75.8078125, -50.22734375, -13.0236328125])
array('d', [27.821093750000003, 76.92812500000001, -49.900585937500004, -13.3037109375])
array('d', [27.821093750000003, 76.92812500000001, -49.900585937500004, -13.3037109375])
array('d', [27.821093750000003, 76.92812500000001, -49.900585937500004, -13.3037109375])
array('d', [28.2412109375, 76.9748046875, -50.6474609375, -14.4240234375])
array('d', [27.587695312500003, 76.36796875, -49.433789062500004, -12.790234375])
array('d', [27.587695312500003, 76.36796875, -49.433789062500004, -13.3037109375])
array('d', [28.6146484375, 74.6875, -50.040625000000006, -13.3037109375])
array('d', [27.634375000000002, 73.940625, -49.667187500000004, -12.3701171875])
array('d', [28.848046875, 72.96035156250001, -49.1537109375, -12.743554687500001])
array('d', [28.848046875, 72.96035156250001, -49.1537109375, -14.7974609375])
array('d', [28.2412109375, 74.36074218750001, -49.900585937500004, -14.7974609375])
array('d', [26.934179687500002, 73.5205078125, -48.406835937500006, -14.3306640625])
array('d', [27.3076171875, 73.0537109375, -47.98671875, -12.13671875])
array('d', [27.3076171875, 73.0537109375, -47.98671875, -12.13671875])
array('d', [26.980859375, 73.3337890625, -48.453515625, -11.809960937500001])
array('d', [24.740234375, 71.55996093750001, -45.372656250000006, -11.950000000000001])
array('d', [25.8138671875, 71.88671875, -47.146484375, -14.190625])
array('d', [25.8138671875, 71.88671875, -47.146484375, -14.190625])
array('d', [24.740234375, 71.233203125, -46.773046875000006, -12.0900390625])
array('d', [24.740234375, 71.233203125, -46.773046875000006, -12.0900390625])
array('d', [26.607421875, 71.3732421875, -46.866406250000004, -10.6896484375])
array('d', [27.9611328125, 70.673046875, -47.940039062500006, -13.8638671875])
array('d', [27.727734375, 71.51328125, -47.800000000000004, -13.25703125])
array('d', [27.727734375, 71.51328125, -47.800000000000004, -13.9572265625])
array('d', [26.047265625, 72.166796875, -47.4265625, -13.9572265625])
array('d', [27.354296875000003, 72.3068359375, -48.500195312500004, -12.8369140625])
array('d', [27.634375000000002, 71.419921875, -47.146484375, -14.097265625])
array('d', [27.634375000000002, 71.419921875, -47.8466796875, -13.8638671875])
array('d', [27.634375000000002, 71.419921875, -47.8466796875, -13.8638671875])
array('d', [27.634375000000002, 71.419921875, -47.8466796875, -13.8638671875])
array('d', [28.101171875000002, 71.13984375, -48.733593750000004, -14.470703125])
array('d', [27.354296875000003, 71.13984375, -48.733593750000004, -14.7974609375])
array('d', [28.4279296875, 71.13984375, -48.033398437500004, -14.7974609375])
array('d', [28.4279296875, 71.980078125, -48.3134765625, -14.4240234375])
array('d', [28.4279296875, 72.446875, -48.826953125, -14.7974609375])
array('d', [29.5482421875, 72.446875, -48.826953125, -14.7974609375])
array('d', [28.801367187500002, 72.26015625000001, -46.11953125, -14.5640625])
array('d', [28.801367187500002, 72.26015625000001, -46.11953125, -14.5640625])
array('d', [29.221484375000003, 70.5330078125, -47.61328125, -14.143945312500001])
array('d', [29.221484375000003, 71.046484375, -48.1267578125, -16.24453125])
array('d', [28.521289062500003, 71.046484375, -48.1267578125, -17.6916015625])
array('d', [28.521289062500003, 71.046484375, -48.1267578125, -17.6916015625])
array('d', [28.0078125, 71.606640625, -49.340429687500006, -18.1583984375])
array('d', [29.5482421875, 71.419921875, -49.5271484375, -17.831640625000002])
array('d', [30.80859375, 71.419921875, -49.5271484375, -17.5515625])
array('d', [30.80859375, 73.100390625, -51.34765625, -17.5515625])
array('d', [32.2556640625, 74.033984375, -52.4212890625, -20.0255859375])
array('d', [31.788867187500003, 73.6138671875, -53.308203125000006, -19.465429687500002])
array('d', [31.462109375, 74.12734375000001, -53.634960937500004, -21.2392578125])
array('d', [31.462109375, 76.6013671875, -53.8216796875, -21.192578125])
array('d', [31.8822265625, 76.6013671875, -53.8216796875, -20.35234375])
array('d', [33.516015625, 74.9208984375, -55.08203125, -20.35234375])
array('d', [35.103125, 75.6677734375, -55.502148437500004, -21.8927734375])
array('d', [35.103125, 77.021484375, -54.8953125, -21.7060546875])
array('d', [37.6705078125, 77.021484375, -54.2884765625, -21.4259765625])
array('d', [36.690234375, 78.60859375, -52.8880859375, -22.733007812500002])
array('d', [35.85, 76.9748046875, -52.8880859375, -22.733007812500002])
array('d', [36.316796875, 77.768359375, -53.775000000000006, -21.566015625000002])
array('d', [36.690234375, 77.021484375, -53.541601562500006, -22.032812500000002])
array('d', [37.437109375, 76.9748046875, -54.1951171875, -23.2931640625])
array('d', [37.437109375, 79.448828125, -54.475195312500006, -21.6126953125])
array('d', [37.437109375, 79.448828125, -54.475195312500006, -21.6126953125])
array('d', [37.437109375, 79.448828125, -54.475195312500006, -21.6126953125])
array('d', [37.437109375, 79.448828125, -54.475195312500006, -21.6126953125])
array('d', [39.0708984375, 80.2423828125, -54.708593750000006, -21.752734375000003])
array('d', [39.0708984375, 80.2423828125, -54.428515625, -22.032812500000002])
array('d', [39.584375, 80.10234375, -54.428515625, -22.032812500000002])
array('d', [39.584375, 79.635546875, -54.8486328125, -22.3595703125])
array('d', [41.171484375000006, 79.635546875, -54.8486328125, -22.0794921875])
array('d', [40.331250000000004, 81.0826171875, -55.6888671875, -23.199804687500002])
array('d', [40.2845703125, 80.9892578125, -54.3818359375, -23.199804687500002])
array('d', [39.2109375, 81.689453125, -56.435742187500004, -21.052539062500003])
array('d', [39.9111328125, 80.42910156250001, -54.941992187500006, -21.84609375])
array('d', [39.9111328125, 80.42910156250001, -54.941992187500006, -20.9591796875])
array('d', [38.697460937500004, 79.7755859375, -54.241796875000006, -20.9591796875])
array('d', [40.51796875, 81.4560546875, -54.708593750000006, -21.192578125])
array('d', [39.77109375, 81.59609375000001, -54.241796875000006, -22.126171875])
array('d', [39.4443359375, 81.59609375000001, -54.241796875000006, -22.126171875])
array('d', [39.4443359375, 80.8025390625, -52.9814453125, -20.2123046875])
array('d', [37.34375, 78.9353515625, -51.534375000000004, -20.9125])
array('d', [38.370703125, 78.9353515625, -53.074804687500006, -21.752734375000003])
array('d', [38.370703125, 78.9353515625, -53.074804687500006, -21.752734375000003])
array('d', [38.370703125, 78.9353515625, -53.074804687500006, -21.752734375000003])
array('d', [38.65078125, 80.008984375, -52.9814453125, -20.9125])
array('d', [38.4173828125, 80.66250000000001, -53.028125, -22.452929687500003])
array('d', [38.4173828125, 80.66250000000001, -52.9814453125, -21.566015625000002])
array('d', [39.2576171875, 79.3087890625, -52.9814453125, -20.258984375])
array('d', [37.763867187500004, 78.79531250000001, -52.561328125, -20.258984375])
array('d', [36.4568359375, 77.5349609375, -52.5146484375, -20.4923828125])
array('d', [37.6705078125, 78.6552734375, -52.9814453125, -19.6521484375])
array('d', [38.744140625, 77.4416015625, -53.028125, -19.512109375])
array('d', [37.810546875, 78.701953125, -52.8880859375, -20.5390625])
array('d', [36.596875000000004, 79.1220703125, -52.4212890625, -19.5587890625])
array('d', [36.316796875, 78.23515625, -51.907812500000006, -20.4923828125])
array('d', [36.316796875, 76.22792968750001, -50.694140625, -19.8388671875])
array('d', [36.316796875, 76.22792968750001, -50.694140625, -19.8388671875])
array('d', [37.437109375, 77.3482421875, -50.974218750000006, -18.8119140625])
array('d', [37.437109375, 77.3482421875, -51.3943359375, -21.099218750000002])
array('d', [39.304296875, 77.86171875000001, -51.3943359375, -21.099218750000002])
array('d', [39.304296875, 77.86171875000001, -51.3943359375, -21.099218750000002])
array('d', [36.2701171875, 76.9748046875, -51.72109375, -21.192578125])
array('d', [34.963085937500004, 76.36796875, -50.974218750000006, -21.192578125])
array('d', [36.130078125000004, 75.901171875, -51.72109375, -20.0255859375])
array('d', [36.130078125000004, 75.901171875, -51.72109375, -20.0255859375])
array('d', [36.130078125000004, 75.901171875, -51.72109375, -20.0255859375])
array('d', [36.130078125000004, 75.901171875, -51.72109375, -20.0255859375])
array('d', [37.0169921875, 76.5546875, -51.34765625, -19.885546875])
array('d', [37.2037109375, 77.581640625, -52.561328125, -21.6126953125])
array('d', [37.2037109375, 77.768359375, -52.561328125, -18.2517578125])
array('d', [35.85, 76.274609375, -52.141210937500006, -21.005859375])
array('d', [35.8033203125, 75.434375, -51.907812500000006, -20.0255859375])
array('d', [35.8033203125, 75.434375, -50.4140625, -18.391796875])
array('d', [35.429882812500004, 75.0142578125, -50.4140625, -18.531835937500002])
array('d', [34.2162109375, 73.19375000000001, -48.733593750000004, -18.531835937500002])
array('d', [34.35625, 73.287109375, -46.8197265625, -17.9716796875])
array('d', [34.35625, 73.287109375, -46.8197265625, -17.9716796875])
array('d', [34.35625, 73.287109375, -46.8197265625, -17.9716796875])
array('d', [34.3095703125, 73.940625, -47.706640625000006, -17.271484375])
array('d', [32.395703125000004, 72.6802734375, -46.2595703125, -14.844140625000001])
array('d', [33.702734375, 71.51328125, -45.279296875, -14.7041015625])
array('d', [33.702734375, 71.51328125, -45.279296875, -14.7041015625])
array('d', [33.6560546875, 71.419921875, -46.072851562500006, -17.178125])
array('d', [34.2162109375, 71.9333984375, -46.3529296875, -17.3181640625])
array('d', [33.7494140625, 70.953125, -47.2865234375, -17.6916015625])
array('d', [33.7494140625, 70.5330078125, -45.4193359375, -16.197851562500002])
array('d', [33.2359375, 70.5330078125, -45.4193359375, -15.310937500000001])
array('d', [32.862500000000004, 71.6533203125, -46.399609375000004, -15.310937500000001])
array('d', [34.7763671875, 71.4666015625, -47.053125, -16.2912109375])
array('d', [34.16953125, 71.51328125, -45.139257812500006, -15.684375000000001])
array('d', [34.16953125, 71.046484375, -48.6869140625, -16.2912109375])
array('d', [33.889453125, 71.046484375, -48.6869140625, -16.2912109375])
array('d', [33.9828125, 70.673046875, -45.279296875, -16.4779296875])
array('d', [32.8158203125, 69.0392578125, -46.3529296875, -15.964453125])
array('d', [31.602148437500002, 71.1865234375, -45.932812500000004, -15.777734375000001])
array('d', [31.602148437500002, 71.1865234375, -44.999218750000004, -14.610742187500001])
array('d', [34.262890625000004, 71.51328125, -44.999218750000004, -15.450976562500001])
array('d', [33.516015625, 70.62636718750001, -44.9525390625, -15.450976562500001])
array('d', [32.2556640625, 69.5060546875, -43.0853515625, -15.544335937500001])
array('d', [32.4890625, 66.5185546875, -43.598828125000004, -15.3576171875])
array('d', [31.6955078125, 68.8525390625, -44.4857421875, -15.3576171875])
array('d', [33.2826171875, 66.7986328125, -43.4587890625, -16.99140625])
array('d', [32.862500000000004, 68.8525390625, -45.0458984375, -16.2912109375])
array('d', [32.862500000000004, 68.8525390625, -45.0458984375, -15.7310546875])
array('d', [32.862500000000004, 69.3193359375, -45.0458984375, -15.7310546875])
array('d', [30.668554687500002, 66.6119140625, -44.25234375, -16.197851562500002])
array('d', [30.341796875, 66.5185546875, -43.6921875, -16.664648437500002])
array('d', [30.341796875, 66.5185546875, -43.6921875, -15.87109375])
array('d', [31.135351562500002, 66.6119140625, -44.532421875000004, -15.87109375])
array('d', [33.0025390625, 67.59218750000001, -45.932812500000004, -16.0578125])
array('d', [30.155078125000003, 66.42519531250001, -45.372656250000006, -16.9447265625])
array('d', [30.155078125000003, 66.42519531250001, -43.505468750000006, -16.9447265625])
array('d', [30.155078125000003, 66.42519531250001, -43.505468750000006, -16.9447265625])
array('d', [30.0150390625, 66.1451171875, -43.505468750000006, -16.0111328125])
array('d', [31.088671875000003, 66.6119140625, -44.345703125, -16.0111328125])
array('d', [30.528515625, 66.6119140625, -42.851953125, -14.050585937500001])
array('d', [30.528515625, 66.6119140625, -42.851953125, -14.050585937500001])
array('d', [30.528515625, 66.6119140625, -42.851953125, -14.050585937500001])
array('d', [30.528515625, 66.6119140625, -42.851953125, -14.050585937500001])
array('d', [31.0419921875, 65.72500000000001, -43.785546875, -18.2517578125])
array('d', [30.2951171875, 66.42519531250001, -43.1787109375, -16.4779296875])
array('d', [30.2951171875, 66.42519531250001, -43.0853515625, -16.9447265625])
array('d', [30.1083984375, 64.6046875, -43.0853515625, -16.9447265625])
array('d', [29.875, 65.7716796875, -42.291796875, -15.917773437500001])
array('d', [31.0419921875, 64.7447265625, -42.0583984375, -15.077539062500001])
array('d', [31.0419921875, 64.7447265625, -43.6921875, -16.524609375])
array('d', [31.0419921875, 64.7447265625, -43.6921875, -16.524609375])
array('d', [31.0419921875, 64.7447265625, -43.6921875, -16.524609375])
array('d', [31.088671875000003, 65.071484375, -43.6921875, -16.524609375])
array('d', [31.7421875, 65.49160156250001, -42.75859375, -14.984179687500001])
array('d', [32.162304687500004, 64.9314453125, -42.38515625, -16.24453125])
array('d', [32.162304687500004, 64.9314453125, -42.38515625, -16.24453125])
array('d', [30.528515625, 64.7447265625, -44.1123046875, -15.6376953125])
array('d', [30.528515625, 65.631640625, -43.272070312500006, -15.3576171875])
array('d', [30.528515625, 65.631640625, -43.272070312500006, -15.3576171875])
array('d', [30.528515625, 65.631640625, -43.272070312500006, -15.3576171875])
array('d', [30.528515625, 65.631640625, -43.272070312500006, -15.3576171875])
array('d', [30.528515625, 65.631640625, -43.272070312500006, -15.3576171875])
array('d', [30.528515625, 65.631640625, -43.272070312500006, -15.3576171875])
array('d', [30.9953125, 66.8453125, -43.365429687500004, -16.2912109375])
array('d', [31.135351562500002, 66.9853515625, -43.365429687500004, -16.2912109375])
array('d', [30.0150390625, 66.7986328125, -42.291796875, -15.87109375])
array('d', [28.8947265625, 66.0984375, -40.331250000000004, -15.917773437500001])
array('d', [28.8947265625, 66.0984375, -40.331250000000004, -15.684375000000001])
array('d', [30.388476562500003, 64.1845703125, -40.4712890625, -15.684375000000001])
array('d', [29.594921875, 64.41796875, -41.5916015625, -17.598242187500002])
array('d', [29.594921875, 64.41796875, -41.5916015625, -17.598242187500002])
array('d', [29.594921875, 64.41796875, -41.5916015625, -17.598242187500002])
array('d', [29.6416015625, 63.29765625, -41.544921875, -15.3576171875])
array('d', [29.6416015625, 65.071484375, -40.984765625, -17.7849609375])
array('d', [32.2556640625, 65.071484375, -40.984765625, -17.7849609375])
array('d', [31.088671875000003, 65.071484375, -40.984765625, -17.7849609375])
array('d', [31.088671875000003, 65.071484375, -40.984765625, -17.7849609375])
array('d', [31.088671875000003, 65.071484375, -40.984765625, -17.7849609375])
array('d', [31.088671875000003, 64.978125, -43.365429687500004, -17.6916015625])
array('d', [30.80859375, 66.565234375, -43.365429687500004, -17.6916015625])
array('d', [32.3490234375, 66.9853515625, -43.6921875, -19.0453125])
array('d', [33.4693359375, 67.59218750000001, -45.232617187500004, -18.8119140625])
array('d', [33.4693359375, 67.59218750000001, -44.999218750000004, -19.465429687500002])
array('d', [33.702734375, 67.685546875, -44.999218750000004, -19.465429687500002])
array('d', [33.6560546875, 68.7125, -47.893359375, -21.192578125])
array('d', [33.516015625, 67.40546875, -46.306250000000006, -21.659375])
array('d', [33.516015625, 72.02675781250001, -48.36015625, -23.666601562500002])
array('d', [35.569921875, 72.02675781250001, -48.36015625, -23.666601562500002])
array('d', [35.569921875, 72.02675781250001, -48.36015625, -23.666601562500002])
array('d', [35.569921875, 72.02675781250001, -48.36015625, -23.666601562500002])
array('d', [35.569921875, 72.02675781250001, -48.36015625, -23.666601562500002])
array('d', [37.34375, 71.8400390625, -49.013671875, -22.219531250000003])
array('d', [37.8572265625, 71.13984375, -49.5271484375, -23.1064453125])
array('d', [37.15703125, 73.6138671875, -49.29375, -24.9736328125])
array('d', [37.15703125, 73.6138671875, -49.29375, -24.9736328125])
array('d', [37.15703125, 73.6138671875, -49.29375, -24.9736328125])
array('d', [37.15703125, 73.6138671875, -49.29375, -24.9736328125])
array('d', [38.7908203125, 71.32656250000001, -49.5271484375, -24.320117187500003])
array('d', [38.3240234375, 74.87421875, -49.85390625, -24.833593750000002])
array('d', [38.3240234375, 74.87421875, -54.055078125, -26.3740234375])
array('d', [39.8177734375, 75.901171875, -54.055078125, -26.3740234375])
array('d', [41.965039062500004, 76.69472656250001, -53.3548828125, -26.2806640625])
array('d', [41.871679687500006, 76.22792968750001, -52.8880859375, -26.7474609375])
array('d', [41.871679687500006, 78.141796875, -54.1484375, -26.7474609375])
array('d', [41.4515625, 78.141796875, -54.1484375, -26.7474609375])
array('d', [41.404882812500006, 78.421875, -52.9814453125, -26.887500000000003])
array('d', [44.439062500000006, 79.96230468750001, -53.868359375000004, -27.3076171875])
array('d', [44.439062500000006, 79.96230468750001, -56.0623046875, -28.848046875])
array('d', [44.672460937500006, 81.12929687500001, -56.0623046875, -28.848046875])
array('d', [45.0458984375, 81.6427734375, -56.435742187500004, -29.734960937500002])
array('d', [44.0189453125, 81.876171875, -56.482421875, -30.06171875])
array('d', [44.0189453125, 81.876171875, -56.482421875, -30.06171875])
array('d', [44.532421875000004, 83.97675781250001, -56.669140625000004, -30.80859375])
array('d', [47.706640625000006, 83.7900390625, -57.0892578125, -29.1748046875])
array('d', [47.706640625000006, 83.7900390625, -57.0892578125, -30.388476562500003])
array('d', [48.826953125, 84.39687500000001, -55.82890625, -30.388476562500003])
array('d', [47.239843750000006, 85.14375000000001, -57.32265625, -33.2359375])
array('d', [46.399609375000004, 84.5369140625, -56.9958984375, -33.04921875])
array('d', [46.399609375000004, 84.5369140625, -56.9958984375, -33.04921875])
array('d', [46.2595703125, 86.170703125, -59.236523437500004, -31.9755859375])
array('d', [48.080078125, 87.66445312500001, -59.656640625, -32.8158203125])
array('d', [48.080078125, 88.0845703125, -59.5166015625, -32.7224609375])
array('d', [49.2470703125, 88.0845703125, -59.5166015625, -32.7224609375])
array('d', [49.107031250000006, 89.158203125, -61.243750000000006, -33.329296875000004])
array('d', [48.640234375000006, 90.93203125000001, -61.6171875, -34.3095703125])
array('d', [48.640234375000006, 90.93203125000001, -61.6171875, -33.1892578125])
array('d', [48.640234375000006, 90.93203125000001, -61.6171875, -33.1892578125])
array('d', [51.1142578125, 90.97871093750001, -61.6171875, -33.1892578125])
array('d', [51.207617187500006, 92.33242187500001, -62.037304687500004, -33.9361328125])
array('d', [51.207617187500006, 92.4724609375, -62.504101562500004, -33.702734375])
array('d', [51.207617187500006, 92.05234375, -63.671093750000004, -35.009765625])
array('d', [49.807226562500006, 92.05234375, -63.671093750000004, -35.009765625])
array('d', [49.573828125000006, 95.2732421875, -64.09121093750001, -35.0564453125])
array('d', [52.934765625000004, 96.76699218750001, -64.4646484375, -35.0564453125])
array('d', [52.934765625000004, 96.76699218750001, -64.4646484375, -35.0564453125])
array('d', [52.701367187500004, 97.4205078125, -65.444921875, -35.2431640625])
array('d', [52.701367187500004, 97.4205078125, -65.444921875, -35.85])
array('d', [53.7283203125, 97.74726562500001, -66.378515625, -35.85])
array('d', [51.441015625000006, 95.693359375, -64.09121093750001, -36.03671875])
array('d', [51.767773437500004, 95.88007812500001, -64.9314453125, -35.5232421875])
array('d', [51.767773437500004, 95.88007812500001, -64.9314453125, -35.5232421875])
array('d', [53.9150390625, 97.65390625, -64.1845703125, -36.6435546875])
array('d', [52.001171875000004, 95.83339843750001, -64.884765625, -35.896679687500004])
array('d', [52.001171875000004, 98.307421875, -65.49160156250001, -35.8033203125])
array('d', [50.320703125, 98.307421875, -65.49160156250001, -35.8033203125])
array('d', [49.7138671875, 98.21406250000001, -65.5849609375, -35.8033203125])
array('d', [51.534375000000004, 99.9412109375, -66.378515625, -34.4029296875])
array('d', [51.534375000000004, 99.9412109375, -66.378515625, -34.4029296875])
array('d', [52.28125, 99.9412109375, -66.6119140625, -35.196484375000004])
array('d', [52.28125, 99.9412109375, -66.6119140625, -35.196484375000004])
array('d', [52.28125, 99.9412109375, -66.6119140625, -35.196484375000004])
array('d', [49.433789062500004, 100.1279296875, -67.2654296875, -34.6830078125])
array('d', [48.733593750000004, 101.90175781250001, -66.7052734375, -34.6830078125])
array('d', [51.767773437500004, 101.1548828125, -68.89921875, -35.8033203125])
array('d', [51.767773437500004, 99.4744140625, -68.89921875, -36.130078125000004])
array('d', [51.907812500000006, 99.4744140625, -68.89921875, -36.130078125000004])
array('d', [48.733593750000004, 101.3416015625, -68.75917968750001, -38.183984375])
array('d', [48.733593750000004, 101.90175781250001, -68.1990234375, -37.250390625])
array('d', [47.519921875, 101.90175781250001, -68.1990234375, -37.250390625])
array('d', [49.7138671875, 104.46914062500001, -68.1990234375, -34.1228515625])
array('d', [53.401562500000004, 103.81562500000001, -69.69277343750001, -35.85])
array('d', [53.401562500000004, 103.81562500000001, -69.69277343750001, -37.3904296875])
array('d', [51.4876953125, 105.40273437500001, -70.39296875000001, -37.3904296875])
array('d', [51.300976562500004, 107.36328125, -71.046484375, -37.1103515625])
array('d', [51.300976562500004, 109.13710937500001, -70.953125, -37.34375])
array('d', [51.300976562500004, 109.13710937500001, -70.953125, -37.34375])
array('d', [51.300976562500004, 109.13710937500001, -70.953125, -37.34375])
array('d', [53.21484375, 108.1568359375, -73.19375000000001, -39.2576171875])
array('d', [53.21484375, 106.0095703125, -73.287109375, -38.6041015625])
array('d', [52.561328125, 106.0095703125, -73.287109375, -38.6041015625])
array('d', [48.966992187500004, 108.296875, -75.154296875, -39.9111328125])
array('d', [48.266796875000004, 109.97734375, -71.9333984375, -38.9775390625])
array('d', [48.266796875000004, 109.97734375, -72.8203125, -38.8375])
array('d', [49.667187500000004, 109.37050781250001, -72.8203125, -38.8375])
array('d', [49.667187500000004, 109.37050781250001, -72.8203125, -38.8375])
array('d', [50.6474609375, 110.53750000000001, -73.8005859375, -37.3904296875])
array('d', [51.300976562500004, 111.8912109375, -75.0142578125, -36.4568359375])
array('d', [51.300976562500004, 111.8912109375, -75.0142578125, -36.4568359375])
array('d', [48.640234375000006, 112.45136718750001, -77.16152343750001, -36.4568359375])
array('d', [48.640234375000006, 112.45136718750001, -77.16152343750001, -36.4568359375])
array('d', [48.453515625, 114.55195312500001, -75.99453125000001, -37.5771484375])
array('d', [50.507421875000006, 114.8787109375, -77.5349609375, -39.164257812500004])
array('d', [50.507421875000006, 114.8787109375, -77.5349609375, -37.763867187500004])
array('d', [50.507421875000006, 114.8787109375, -77.5349609375, -37.763867187500004])
array('d', [50.507421875000006, 114.8787109375, -77.5349609375, -37.763867187500004])
array('d', [49.947265625, 115.67226562500001, -79.6822265625, -37.997265625000004])
array('d', [48.5935546875, 116.5591796875, -79.6822265625, -37.997265625000004])
array('d', [49.760546875, 116.792578125, -78.98203125, -37.6705078125])
array('d', [49.107031250000006, 115.90566406250001, -77.16152343750001, -37.34375])
array('d', [49.107031250000006, 115.90566406250001, -78.8419921875, -35.896679687500004])
array('d', [48.453515625, 114.73867187500001, -78.8419921875, -35.896679687500004])
array('d', [48.546875, 116.69921875, -77.48828125, -35.896679687500004])
array('d', [48.546875, 116.69921875, -77.48828125, -35.896679687500004])
array('d', [48.546875, 116.69921875, -77.48828125, -35.896679687500004])
array('d', [49.900585937500004, 115.3455078125, -77.4416015625, -35.8033203125])
array('d', [47.940039062500006, 117.44609375, -77.2548828125, -35.569921875])
array('d', [47.940039062500006, 115.8123046875, -77.9083984375, -35.383203125])
array('d', [47.006445312500006, 115.8123046875, -77.9083984375, -35.383203125])
array('d', [47.6599609375, 116.2791015625, -77.16152343750001, -34.496289062500004])
array('d', [47.893359375, 115.43886718750001, -75.99453125000001, -34.35625])
array('d', [47.893359375, 115.43886718750001, -75.99453125000001, -34.35625])
array('d', [47.893359375, 115.43886718750001, -75.99453125000001, -34.35625])
array('d', [47.893359375, 115.43886718750001, -75.99453125000001, -34.35625])
array('d', [47.3798828125, 115.43886718750001, -73.287109375, -34.54296875])
array('d', [44.999218750000004, 113.57167968750001, -73.2404296875, -32.395703125000004])
array('d', [43.972265625000006, 115.67226562500001, -72.7736328125, -31.555468750000003])
array('d', [43.972265625000006, 115.67226562500001, -72.7736328125, -31.555468750000003])
array('d', [46.49296875, 115.858984375, -73.42714843750001, -31.8822265625])
array('d', [46.072851562500006, 114.97207031250001, -73.00703125, -32.582421875])
array('d', [46.959765625, 116.5591796875, -74.220703125, -33.9361328125])
array('d', [46.959765625, 116.5591796875, -74.36074218750001, -31.835546875000002])
array('d', [44.5791015625, 115.3455078125, -74.36074218750001, -31.835546875000002])
array('d', [43.87890625, 114.78535156250001, -72.540234375, -32.5357421875])
array('d', [43.87890625, 114.78535156250001, -72.540234375, -32.5357421875])
array('d', [44.345703125, 113.80507812500001, -73.3337890625, -30.9953125])
array('d', [44.999218750000004, 112.03125, -72.1201171875, -30.155078125000003])
array('d', [43.225390625, 111.8912109375, -71.980078125, -29.921679687500003])
array('d', [43.225390625, 111.8912109375, -71.980078125, -29.921679687500003])
array('d', [43.225390625, 111.8912109375, -71.980078125, -29.921679687500003])
array('d', [39.584375, 111.4244140625, -71.1865234375, -29.408203125])
array('d', [39.864453125000004, 113.10488281250001, -68.9458984375, -27.867773437500002])
array('d', [39.864453125000004, 113.10488281250001, -68.9458984375, -27.2142578125])
array('d', [39.864453125000004, 113.10488281250001, -68.9458984375, -27.2142578125])
array('d', [39.864453125000004, 113.10488281250001, -68.9458984375, -27.2142578125])
array('d', [40.331250000000004, 109.18378906250001, -67.7322265625, -26.2806640625])
array('d', [39.4443359375, 108.48359375000001, -66.8453125, -25.767187500000002])
array('d', [39.4443359375, 108.48359375000001, -66.8453125, -25.767187500000002])
array('d', [36.2701171875, 109.65058593750001, -64.6513671875, -26.3740234375])
array('d', [36.690234375, 105.21601562500001, -65.91171875, -24.8802734375])
array('d', [37.4837890625, 105.776171875, -64.9314453125, -25.4404296875])
array('d', [34.963085937500004, 102.5552734375, -64.23125, -24.553515625000003])
array('d', [34.963085937500004, 102.5552734375, -65.071484375, -22.966406250000002])
array('d', [32.4423828125, 102.041796875, -65.071484375, -22.966406250000002])
array('d', [32.4423828125, 102.041796875, -65.071484375, -22.966406250000002])
array('d', [32.4423828125, 102.041796875, -65.071484375, -22.966406250000002])
array('d', [31.6955078125, 99.7544921875, -62.644140625000006, -21.659375])
array('d', [32.0689453125, 99.56777343750001, -62.037304687500004, -21.659375])
array('d', [33.095898437500004, 99.054296875, -63.0642578125, -22.966406250000002])
array('d', [31.5087890625, 98.5408203125, -61.150390625, -22.1728515625])
array('d', [31.5087890625, 100.08125000000001, -63.437695312500004, -21.4259765625])
array('d', [30.621875000000003, 100.08125000000001, -63.437695312500004, -21.4259765625])
array('d', [28.334570312500002, 97.840625, -63.951171875, -22.1728515625])
array('d', [28.334570312500002, 97.840625, -63.951171875, -22.1728515625])
array('d', [28.848046875, 95.88007812500001, -61.943945312500006, -22.40625])
array('d', [31.322070312500003, 95.7400390625, -63.204296875000004, -22.873046875])
array('d', [31.322070312500003, 95.7400390625, -61.1970703125, -21.2392578125])
array('d', [29.781640625, 96.06679687500001, -61.1970703125, -21.2392578125])
array('d', [31.555468750000003, 97.3271484375, -63.344335937500006, -23.33984375])
array('d', [30.7619140625, 98.63417968750001, -63.951171875, -22.59296875])
array('d', [30.7619140625, 98.63417968750001, -63.951171875, -22.59296875])
array('d', [32.162304687500004, 98.3541015625, -63.6244140625, -22.733007812500002])
array('d', [32.582421875, 98.494140625, -65.1181640625, -23.4798828125])
array('d', [32.022265625, 96.9537109375, -65.6783203125, -24.926953125])
array('d', [32.022265625, 96.9537109375, -65.6783203125, -24.926953125])
array('d', [32.022265625, 96.9537109375, -65.6783203125, -24.926953125])
array('d', [32.022265625, 96.9537109375, -65.6783203125, -24.926953125])
array('d', [31.9755859375, 98.9609375, -64.09121093750001, -25.4404296875])
array('d', [32.3490234375, 98.40078125000001, -66.0984375, -24.8802734375])
array('d', [33.1892578125, 99.987890625, -66.0984375, -24.4134765625])
array('d', [33.1892578125, 101.575, -65.95839843750001, -24.2734375])
array('d', [33.796093750000004, 101.575, -65.95839843750001, -25.39375])
array('d', [35.2431640625, 99.7544921875, -66.0517578125, -25.39375])
array('d', [35.2431640625, 99.7544921875, -66.0517578125, -25.39375])
array('d', [35.2431640625, 99.7544921875, -66.0517578125, -25.39375])
array('d', [34.729687500000004, 101.20156250000001, -66.0517578125, -24.833593750000002])
array('d', [35.103125, 100.54804687500001, -66.42519531250001, -25.533789062500002])
array('d', [34.6830078125, 102.788671875, -66.2384765625, -25.4404296875])
array('d', [36.4568359375, 103.53554687500001, -66.2384765625, -25.113671875])
array('d', [36.2701171875, 104.00234375000001, -65.7716796875, -24.366796875000002])
array('d', [36.2701171875, 104.00234375000001, -66.2384765625, -25.487109375000003])
array('d', [35.85, 104.00234375000001, -66.2384765625, -25.487109375000003])
array('d', [36.03671875, 102.18183593750001, -64.7447265625, -25.533789062500002])
array('d', [36.9703125, 104.04902343750001, -64.698046875, -25.4404296875])
array('d', [36.9703125, 103.6755859375, -64.8380859375, -25.4404296875])
array('d', [36.41015625, 103.6755859375, -64.8380859375, -24.366796875000002])
array('d', [35.569921875, 101.76171875, -64.7447265625, -24.833593750000002])
array('d', [36.596875000000004, 103.8623046875, -65.7716796875, -23.7599609375])
array('d', [35.383203125, 104.4224609375, -66.565234375, -24.646875])
array('d', [35.383203125, 105.21601562500001, -65.49160156250001, -25.673828125])
array('d', [37.2037109375, 105.21601562500001, -65.49160156250001, -24.5068359375])
array('d', [37.4837890625, 105.49609375, -67.03203125, -24.646875])
array('d', [37.297070312500004, 105.962890625, -67.03203125, -27.3076171875])
array('d', [35.383203125, 106.10292968750001, -67.2654296875, -25.39375])
array('d', [34.449609375, 106.38300781250001, -67.21875, -25.39375])
array('d', [35.9900390625, 104.70253906250001, -67.965625, -26.140625])
array('d', [36.5501953125, 103.81562500000001, -69.1326171875, -26.3740234375])
array('d', [36.5501953125, 103.81562500000001, -69.1326171875, -26.3740234375])
array('d', [34.3095703125, 105.63613281250001, -67.6388671875, -26.32734375])
array('d', [34.7763671875, 106.24296875, -67.312109375, -26.233984375000002])
array('d', [35.009765625, 104.74921875000001, -65.91171875, -24.8802734375])
array('d', [35.009765625, 104.74921875000001, -65.91171875, -24.8802734375])
array('d', [35.009765625, 104.74921875000001, -65.91171875, -24.8802734375])
array('d', [35.009765625, 104.74921875000001, -65.91171875, -24.8802734375])
array('d', [36.1767578125, 104.74921875000001, -68.5724609375, -26.0939453125])
array('d', [36.1767578125, 104.74921875000001, -68.245703125, -25.113671875])
array('d', [36.596875000000004, 102.88203125000001, -68.245703125, -25.113671875])
array('d', [36.596875000000004, 102.88203125000001, -68.245703125, -25.113671875])
array('d', [36.596875000000004, 102.88203125000001, -68.245703125, -25.113671875])
array('d', [36.596875000000004, 102.88203125000001, -68.245703125, -25.113671875])
array('d', [34.7763671875, 105.86953125000001, -66.89199218750001, -27.120898437500003])
array('d', [32.4890625, 103.30214843750001, -69.45937500000001, -27.120898437500003])
array('d', [34.3095703125, 103.30214843750001, -68.1056640625, -26.5140625])
array('d', [34.3095703125, 102.2751953125, -67.03203125, -26.5607421875])
array('d', [34.2162109375, 102.2751953125, -67.03203125, -26.5607421875])
array('d', [35.3365234375, 102.88203125000001, -70.15957031250001, -26.934179687500002])
array('d', [33.2359375, 102.83535156250001, -68.432421875, -26.467382812500002])
array('d', [33.2359375, 102.83535156250001, -68.432421875, -26.467382812500002])
array('d', [34.35625, 103.06875000000001, -67.2654296875, -26.794140625])
array('d', [36.316796875, 104.04902343750001, -70.3462890625, -26.934179687500002])
array('d', [36.316796875, 104.04902343750001, -70.3462890625, -26.140625])
array('d', [35.9900390625, 105.86953125000001, -69.5060546875, -26.140625])
array('d', [35.4765625, 106.80312500000001, -70.0662109375, -26.794140625])
array('d', [34.54296875, 106.2896484375, -71.79335937500001, -26.794140625])
array('d', [34.076171875, 105.7294921875, -68.1056640625, -26.233984375000002])
array('d', [36.03671875, 103.8623046875, -67.9189453125, -25.4404296875])
array('d', [37.3904296875, 103.4888671875, -69.7861328125, -24.8802734375])
array('d', [37.3904296875, 103.4888671875, -69.7861328125, -24.8802734375])
array('d', [36.2701171875, 105.0759765625, -67.498828125, -24.740234375])
array('d', [34.16953125, 104.8892578125, -66.005078125, -26.233984375000002])
array('d', [35.2431640625, 105.589453125, -66.005078125, -26.233984375000002])
array('d', [35.2431640625, 105.589453125, -67.312109375, -24.8802734375])
array('d', [38.27734375, 105.589453125, -66.65859375000001, -24.366796875000002])
array('d', [36.6435546875, 102.975390625, -66.6119140625, -25.113671875])
array('d', [33.9361328125, 104.5625, -67.59218750000001, -24.646875])
array('d', [33.9361328125, 104.5625, -66.42519531250001, -23.993359375])
array('d', [33.329296875000004, 102.41523437500001, -62.877539062500006, -24.0400390625])
array('d', [32.862500000000004, 101.43496093750001, -64.23125, -22.8263671875])
array('d', [33.4693359375, 101.43496093750001, -64.23125, -22.8263671875])
array('d', [33.9828125, 99.14765625000001, -64.23125, -21.005859375])
array('d', [32.7224609375, 101.108203125, -62.2240234375, -20.2123046875])
array('d', [29.688281250000003, 98.8208984375, -63.0642578125, -19.698828125000002])
array('d', [29.688281250000003, 98.8208984375, -62.410742187500006, -21.519335937500003])
array('d', [28.38125, 97.840625, -62.410742187500006, -21.519335937500003])
array('d', [28.38125, 97.840625, -62.410742187500006, -21.519335937500003])
array('d', [28.38125, 97.840625, -62.410742187500006, -21.519335937500003])
array('d', [29.268164062500002, 97.840625, -59.56328125, -18.48515625])
array('d', [28.054492187500003, 95.9267578125, -59.0498046875, -17.73828125])
array('d', [27.587695312500003, 93.452734375, -58.0228515625, -17.364843750000002])
array('d', [27.587695312500003, 93.452734375, -58.0228515625, -17.364843750000002])
array('d', [25.3470703125, 95.2265625, -58.0228515625, -16.9447265625])
array('d', [25.3470703125, 92.9859375, -56.2490234375, -16.4779296875])
array('d', [25.1603515625, 92.9859375, -56.2490234375, -16.4779296875])
array('d', [23.4798828125, 90.1384765625, -56.295703125, -15.777734375000001])
array('d', [23.246484375, 88.31796875, -55.968945312500004, -14.9375])
array('d', [23.246484375, 87.384375, -54.335156250000004, -14.750781250000001])
array('d', [20.865820312500002, 87.384375, -54.335156250000004, -13.4904296875])
array('d', [19.512109375, 88.037890625, -54.1951171875, -13.4904296875])
array('d', [19.1853515625, 85.9373046875, -50.974218750000006, -13.63046875])
array('d', [18.3451171875, 83.556640625, -53.2615234375, -11.6232421875])
array('d', [18.3451171875, 83.556640625, -53.2615234375, -11.6232421875])
array('d', [18.3451171875, 83.556640625, -53.2615234375, -11.6232421875])
array('d', [18.018359375, 83.6033203125, -52.608007812500006, -11.76328125])
array('d', [17.5515625, 83.97675781250001, -53.028125, -12.183398437500001])
array('d', [17.5515625, 83.97675781250001, -53.028125, -11.5298828125])
array('d', [17.7849609375, 82.99648437500001, -52.467968750000004, -11.5298828125])
array('d', [17.644921875, 81.1759765625, -48.080078125, -11.483203125000001])
array('d', [15.3576171875, 79.822265625, -50.1806640625, -9.9427734375])
array('d', [15.3576171875, 79.822265625, -48.1267578125, -9.9427734375])
array('d', [15.3576171875, 79.822265625, -48.1267578125, -9.9427734375])
array('d', [13.350390625000001, 78.0484375, -48.1267578125, -8.2623046875])
array('d', [11.856640625, 75.434375, -46.3529296875, -7.5154296875])
array('d', [11.576562500000001, 75.0142578125, -46.166210937500004, -8.5423828125])
array('d', [11.576562500000001, 75.0142578125, -46.166210937500004, -8.5423828125])
array('d', [11.576562500000001, 75.0142578125, -46.166210937500004, -8.5423828125])
array('d', [11.576562500000001, 75.0142578125, -46.166210937500004, -8.5423828125])
array('d', [11.576562500000001, 75.0142578125, -46.166210937500004, -8.5423828125])
array('d', [11.576562500000001, 75.0142578125, -46.166210937500004, -8.5423828125])
array('d', [10.082812500000001, 74.0806640625, -43.1787109375, -6.8619140625])
array('d', [10.082812500000001, 74.0806640625, -43.132031250000004, -6.488476562500001])
array('d', [9.989453125, 71.419921875, -43.132031250000004, -6.488476562500001])
array('d', [9.989453125, 71.419921875, -43.132031250000004, -6.488476562500001])
array('d', [9.989453125, 71.419921875, -43.132031250000004, -6.488476562500001])
array('d', [9.989453125, 71.419921875, -43.132031250000004, -6.488476562500001])
array('d', [8.449023437500001, 70.7197265625, -42.0583984375, -4.948046875])
array('d', [8.6357421875, 70.01953125, -42.5251953125, -5.0414062500000005])
array('d', [8.6357421875, 70.01953125, -42.5251953125, -5.0414062500000005])
array('d', [7.748828125, 70.15957031250001, -42.571875000000006, -4.2478515625])
array('d', [7.562109375, 68.5724609375, -40.798046875000004, -4.8080078125000005])
array('d', [7.562109375, 68.5724609375, -38.930859375000004, -3.080859375])
array('d', [7.0486328125, 67.2654296875, -38.930859375000004, -3.080859375])
array('d', [4.1078125000000005, 65.91171875, -37.623828125, -2.5207031250000003])
array('d', [3.0341796875, 65.3982421875, -37.297070312500004, 0.7468750000000001])
array('d', [2.5207031250000003, 63.2509765625, -36.2234375, 0.7468750000000001])
array('d', [2.5207031250000003, 63.2509765625, -36.2234375, -0.653515625])
array('d', [2.333984375, 63.204296875000004, -35.6166015625, 2.0539062500000003])
array('d', [2.6140625, 61.010351562500006, -34.6830078125, 0.6068359375])
array('d', [2.6140625, 61.010351562500006, -32.67578125, 1.3537109375])
array('d', [1.1669921875, 59.236523437500004, -32.67578125, 1.3537109375])
array('d', [-0.046679687500000004, 58.302929687500004, -31.8822265625, 0.8402343750000001])
array('d', [-1.4470703125000002, 59.7966796875, -31.6955078125, 1.6337890625])
array('d', [-0.09335937500000001, 56.342382812500006, -30.621875000000003, 3.080859375])
array('d', [-0.09335937500000001, 56.342382812500006, -30.621875000000003, 3.080859375])
array('d', [-1.1669921875, 56.7625, -31.275390625, 3.641015625])
array('d', [-0.7935546875, 56.7625, -31.275390625, 3.641015625])
array('d', [-0.7935546875, 56.7625, -31.275390625, 3.641015625])
array('d', [-0.7935546875, 55.82890625, -32.208984375, 3.6876953125000003])
array('d', [-2.1939453125, 54.428515625, -29.5482421875, 4.201171875])
array('d', [-2.1939453125, 52.7947265625, -29.128125, 5.7416015625000005])
array('d', [-3.8277343750000004, 52.7947265625, -29.128125, 5.7416015625000005])
array('d', [-3.6876953125000003, 52.001171875000004, -27.07421875, 6.068359375])
array('d', [-6.955273437500001, 51.254296875, -25.9072265625, 8.122265625])
array('d', [-6.955273437500001, 48.7802734375, -23.433203125000002, 8.77578125])
array('d', [-6.955273437500001, 48.7802734375, -23.433203125000002, 8.77578125])
array('d', [-7.748828125, 47.146484375, -23.900000000000002, 9.5693359375])
array('d', [-7.7021484375, 46.633007812500004, -22.032812500000002, 9.3359375])
array('d', [-7.7021484375, 46.633007812500004, -21.332617187500002, 9.6626953125])
array('d', [-9.1025390625, 46.212890625, -21.332617187500002, 9.6626953125])
array('d', [-9.055859375, 46.072851562500006, -19.7455078125, 10.549609375000001])
array('d', [-10.082812500000001, 44.25234375, -20.4923828125, 12.416796875000001])
array('d', [-10.082812500000001, 44.25234375, -20.4923828125, 12.416796875000001])
array('d', [-11.809960937500001, 41.7783203125, -21.099218750000002, 12.416796875000001])
array('d', [-11.249804687500001, 43.6455078125, -19.2787109375, 14.610742187500001])
array('d', [-11.950000000000001, 42.105078125000006, -18.578515625, 13.116992187500001])
array('d', [-11.950000000000001, 42.105078125000006, -18.578515625, 13.116992187500001])
array('d', [-11.6232421875, 40.1912109375, -16.8046875, 14.750781250000001])
array('d', [-14.097265625, 40.611328125, -16.61796875, 15.49765625])
array('d', [-14.097265625, 39.304296875, -15.404296875, 16.0578125])
array('d', [-14.097265625, 39.304296875, -15.404296875, 16.0578125])
array('d', [-14.097265625, 39.304296875, -15.404296875, 16.0578125])
array('d', [-13.4904296875, 39.304296875, -15.404296875, 16.99140625])
array('d', [-15.2642578125, 37.297070312500004, -14.610742187500001, 16.99140625])
array('d', [-16.664648437500002, 36.5501953125, -13.9572265625, 17.458203125])
array('d', [-16.9447265625, 34.823046875, -14.4240234375, 18.48515625])
array('d', [-16.9447265625, 34.823046875, -14.4240234375, 18.3451171875])
array('d', [-16.9447265625, 34.6830078125, -15.777734375000001, 18.3451171875])
array('d', [-16.431250000000002, 33.329296875000004, -11.9033203125, 19.3720703125])
array('d', [-16.431250000000002, 32.862500000000004, -10.642968750000001, 19.512109375])
array('d', [-17.178125, 32.862500000000004, -10.642968750000001, 19.512109375])
array('d', [-19.138671875, 30.435156250000002, -10.176171875, 20.6791015625])
array('d', [-21.519335937500003, 29.5482421875, -9.2892578125, 19.6521484375])
array('d', [-21.519335937500003, 29.5482421875, -8.449023437500001, 22.1728515625])
array('d', [-20.1189453125, 31.088671875000003, -8.449023437500001, 22.1728515625])
array('d', [-22.266210937500002, 27.867773437500002, -8.0755859375, 22.6396484375])
array('d', [-20.72578125, 28.054492187500003, -6.16171875, 22.7796875])
array('d', [-20.72578125, 28.054492187500003, -5.881640625, 23.1064453125])
array('d', [-20.165625000000002, 27.7744140625, -5.881640625, 23.1064453125])
array('d', [-22.219531250000003, 26.607421875, -5.228125, 23.5265625])
array('d', [-22.966406250000002, 26.2806640625, -5.554882812500001, 23.806640625])
array('d', [-23.153125000000003, 25.533789062500002, -4.29453125, 24.46015625])
array('d', [-23.153125000000003, 25.533789062500002, -4.29453125, 25.4404296875])
array('d', [-22.686328125000003, 25.253710937500003, -3.8744140625, 25.4404296875])
array('d', [-22.452929687500003, 25.113671875, -2.5207031250000003, 25.533789062500002])
array('d', [-22.8263671875, 24.6935546875, -3.4076171875, 26.233984375000002])
array('d', [-22.8263671875, 24.6935546875, -3.4076171875, 26.233984375000002])
array('d', [-21.659375, 23.619921875000003, -2.6607421875000004, 25.953906250000003])
array('d', [-24.600195312500002, 23.4798828125, -1.8671875, 26.607421875])
array('d', [-24.600195312500002, 23.4798828125, -1.587109375, 28.101171875000002])
array('d', [-24.600195312500002, 23.4798828125, -1.587109375, 28.101171875000002])
array('d', [-23.0130859375, 22.6396484375, -0.6068359375, 27.4943359375])
array('d', [-23.0130859375, 22.6396484375, -0.6068359375, 28.0078125])
array('d', [-25.066992187500002, 22.032812500000002, -0.18671875000000002, 28.0078125])
array('d', [-24.553515625000003, 22.032812500000002, -0.18671875000000002, 28.0078125])
array('d', [-24.553515625000003, 22.032812500000002, -0.18671875000000002, 28.0078125])
array('d', [-24.553515625000003, 20.399023437500002, 1.4937500000000001, 28.801367187500002])
array('d', [-25.487109375000003, 19.7455078125, 0.466796875, 28.0078125])
array('d', [-25.673828125, 18.48515625, 2.0072265625, 30.2484375])
array('d', [-25.673828125, 17.364843750000002, 1.4937500000000001, 31.2287109375])
array('d', [-29.408203125, 17.364843750000002, 1.4937500000000001, 31.2287109375])
array('d', [-28.8947265625, 17.0380859375, 3.9210937500000003, 32.8158203125])
array('d', [-27.821093750000003, 16.524609375, 3.17421875, 31.5087890625])
array('d', [-27.821093750000003, 16.524609375, 3.17421875, 31.5087890625])
array('d', [-29.0814453125, 14.283984375000001, 5.4615234375, 30.80859375])
array('d', [-28.94140625, 11.9966796875, 4.66796875, 31.5087890625])
array('d', [-28.94140625, 11.9966796875, 4.66796875, 32.3490234375])
array('d', [-31.555468750000003, 11.6232421875, 4.66796875, 32.3490234375])
array('d', [-31.6955078125, 12.416796875000001, 7.3287109375, 30.4818359375])
array('d', [-32.3490234375, 11.249804687500001, 6.7685546875, 34.5896484375])
array('d', [-32.3490234375, 11.249804687500001, 6.7685546875, 34.5896484375])
array('d', [-32.3490234375, 11.249804687500001, 6.7685546875, 34.5896484375])
array('d', [-35.0564453125, 10.409570312500001, 8.5423828125, 35.009765625])
array('d', [-35.0564453125, 10.409570312500001, 8.1689453125, 34.35625])
array('d', [-32.395703125000004, 9.9427734375, 8.1689453125, 34.35625])
array('d', [-31.4154296875, 10.642968750000001, 6.721875000000001, 34.35625])
array('d', [-31.4154296875, 10.642968750000001, 6.721875000000001, 34.35625])
array('d', [-31.4154296875, 10.642968750000001, 6.721875000000001, 34.35625])
array('d', [-31.4154296875, 10.362890625, 7.0486328125, 34.2162109375])
array('d', [-29.734960937500002, 10.362890625, 7.0486328125, 34.2162109375])
array('d', [-32.3490234375, 12.13671875, 7.3287109375, 32.395703125000004])
array('d', [-29.781640625, 13.25703125, 7.3287109375, 32.395703125000004])
array('d', [-29.781640625, 13.25703125, 7.3287109375, 32.395703125000004])
array('d', [-29.781640625, 13.25703125, 5.8349609375, 32.30234375])
array('d', [-27.727734375, 14.377343750000001, 5.4615234375, 29.8283203125])
array('d', [-28.054492187500003, 14.610742187500001, 4.5279296875, 29.1748046875])
array('d', [-28.054492187500003, 15.1708984375, 2.80078125, 29.3615234375])
array('d', [-24.926953125, 15.1708984375, 2.80078125, 28.4279296875])
array('d', [-24.086718750000003, 16.0111328125, 3.9210937500000003, 28.4279296875])
array('d', [-23.0130859375, 17.9716796875, 2.0539062500000003, 28.101171875000002])
array('d', [-23.0130859375, 19.138671875, 2.9408203125, 28.521289062500003])
array('d', [-22.919726562500003, 19.138671875, 2.9408203125, 27.6810546875])
array('d', [-22.266210937500002, 18.951953125, 2.6607421875000004, 27.6810546875])
array('d', [-22.266210937500002, 20.072265625, 0.466796875, 25.020312500000003])
array('d', [-22.1728515625, 20.072265625, 1.4937500000000001, 24.926953125])
array('d', [-19.3720703125, 21.192578125, 1.4937500000000001, 24.926953125])
array('d', [-18.1583984375, 21.519335937500003, 0.18671875000000002, 24.2267578125])
array('d', [-18.1583984375, 21.519335937500003, 0.18671875000000002, 24.2267578125])
array('d', [-18.11171875, 22.8263671875, -1.6804687500000002, 24.553515625000003])
array('d', [-15.404296875, 23.7599609375, -0.8402343750000001, 23.386523437500003])
array('d', [-17.6916015625, 24.46015625, -1.30703125, 20.585742187500003])
array('d', [-17.6916015625, 24.46015625, -1.30703125, 19.138671875])
array('d', [-16.1044921875, 24.0400390625, -2.7541015625000003, 19.138671875])
array('d', [-13.583789062500001, 24.4134765625, -4.2478515625, 18.85859375])
array('d', [-13.583789062500001, 24.926953125, -5.8349609375, 17.364843750000002])
array('d', [-13.3970703125, 24.926953125, -5.8349609375, 17.364843750000002])
array('d', [-12.416796875000001, 26.980859375, -6.1150390625, 17.3181640625])
array('d', [-11.6232421875, 27.2609375, -7.6087890625000005, 16.24453125])
array('d', [-11.6232421875, 27.2609375, -5.881640625, 14.2373046875])
array('d', [-10.5029296875, 28.054492187500003, -8.869140625, 13.910546875000001])
array('d', [-8.5423828125, 28.521289062500003, -9.242578125, 12.3234375])
array('d', [-8.5423828125, 29.1748046875, -10.5029296875, 12.696875])
array('d', [-8.495703125, 29.1748046875, -10.5029296875, 12.3701171875])
array('d', [-6.9085937500000005, 29.594921875, -10.5962890625, 12.3701171875])
array('d', [-6.9085937500000005, 29.594921875, -10.5962890625, 12.3701171875])
array('d', [-6.9085937500000005, 29.594921875, -10.5962890625, 12.3701171875])
array('d', [-6.9085937500000005, 29.594921875, -10.5962890625, 12.3701171875])
array('d', [-6.9085937500000005, 29.594921875, -10.5962890625, 12.3701171875])
array('d', [-6.9085937500000005, 29.594921875, -10.5962890625, 12.3701171875])
array('d', [-7.001953125, 31.462109375, -10.876367187500001, 10.1294921875])
array('d', [-4.948046875, 31.322070312500003, -12.043359375000001, 10.6896484375])
array('d', [-5.2748046875000005, 31.4154296875, -11.9033203125, 7.655468750000001])
array('d', [-5.2748046875000005, 31.4154296875, -11.9033203125, 7.655468750000001])
array('d', [-5.2748046875000005, 31.4154296875, -11.9033203125, 7.655468750000001])
array('d', [-5.2748046875000005, 31.4154296875, -11.9033203125, 7.655468750000001])
array('d', [-3.641015625, 31.788867187500003, -11.856640625, 8.3556640625])
array('d', [-3.641015625, 31.788867187500003, -13.910546875000001, 7.1419921875000005])
array('d', [-4.1078125000000005, 33.2359375, -13.910546875000001, 7.1419921875000005])
array('d', [-2.6140625, 35.85, -14.657421875, 7.7955078125])
array('d', [-1.587109375, 36.130078125000004, -15.964453125, 7.001953125])
array('d', [-1.587109375, 36.130078125000004, -15.964453125, 5.5082031250000005])
array('d', [0.046679687500000004, 37.297070312500004, -16.2912109375, 5.5082031250000005])
array('d', [2.1005859375, 37.623828125, -17.4115234375, 4.8080078125000005])
array('d', [1.3537109375, 38.0439453125, -17.178125, 2.5207031250000003])
array('d', [4.7146484375, 40.1912109375, -18.11171875, 2.240625])
array('d', [4.7146484375, 40.1912109375, -19.1853515625, 1.400390625])
array('d', [4.5746093750000005, 42.9919921875, -19.1853515625, 1.400390625])
array('d', [7.28203125, 42.851953125, -19.97890625, 1.30703125])
array('d', [6.8619140625, 42.5251953125, -19.97890625, 1.30703125])
array('d', [6.8619140625, 42.5251953125, -20.445703125, 1.213671875])
array('d', [10.316210937500001, 43.4587890625, -21.379296875, -1.6337890625])
array('d', [9.802734375, 45.139257812500006, -21.799414062500002, -1.0269531250000001])
array('d', [9.802734375, 48.546875, -22.919726562500003, -3.17421875])
array('d', [12.3234375, 47.2865234375, -23.433203125000002, -3.0341796875])
array('d', [11.343164062500001, 47.2865234375, -23.433203125000002, -3.0341796875])
array('d', [14.470703125, 48.080078125, -23.433203125000002, -3.0341796875])
array('d', [15.2642578125, 49.1537109375, -26.467382812500002, -5.8349609375])
array('d', [15.2642578125, 51.0208984375, -26.980859375, -6.488476562500001])
array('d', [16.3845703125, 51.0208984375, -29.31484375, -8.0755859375])
array('d', [16.3845703125, 51.0208984375, -29.31484375, -8.0755859375])
array('d', [16.337890625, 50.5541015625, -27.167578125000002, -7.46875])
array('d', [16.3845703125, 52.141210937500006, -27.167578125000002, -7.46875])
array('d', [18.998632812500002, 51.907812500000006, -28.988085937500003, -9.3359375])
array('d', [18.998632812500002, 51.907812500000006, -28.988085937500003, -9.3359375])
array('d', [20.2123046875, 54.428515625, -29.688281250000003, -10.1294921875])
array('d', [20.2123046875, 53.074804687500006, -31.322070312500003, -11.296484375])
array('d', [20.0255859375, 51.9544921875, -32.5357421875, -11.9033203125])
array('d', [20.7724609375, 51.9544921875, -32.5357421875, -11.9033203125])
array('d', [21.1458984375, 53.58828125, -32.67578125, -12.976953125000001])
array('d', [22.6396484375, 57.0892578125, -33.1892578125, -14.283984375000001])
array('d', [24.646875, 55.922265625, -34.636328125, -16.431250000000002])
array('d', [24.646875, 55.922265625, -34.636328125, -16.4779296875])
array('d', [26.5140625, 57.5560546875, -35.85, -16.4779296875])
array('d', [26.32734375, 58.9564453125, -35.9900390625, -18.48515625])
array('d', [27.07421875, 59.703320312500004, -37.530468750000004, -17.644921875])
array('d', [27.07421875, 59.703320312500004, -37.530468750000004, -19.5587890625])
array('d', [26.5140625, 60.9169921875, -38.183984375, -19.5587890625])
array('d', [29.781640625, 60.076757812500006, -38.6041015625, -20.399023437500002])
array('d', [30.4818359375, 61.803906250000004, -37.4837890625, -21.6126953125])
array('d', [30.4818359375, 61.943945312500006, -38.5107421875, -21.192578125])
array('d', [32.4890625, 61.943945312500006, -38.5107421875, -21.192578125])
array('d', [31.835546875000002, 64.6513671875, -40.237890625, -22.8263671875])
array('d', [32.4890625, 66.378515625, -40.3779296875, -23.246484375])
array('d', [32.4890625, 66.0517578125, -41.4515625, -24.366796875000002])
array('d', [33.796093750000004, 66.0517578125, -41.4515625, -24.366796875000002])
array('d', [35.383203125, 66.565234375, -42.805273437500006, -23.386523437500003])
array('d', [36.0833984375, 66.28515625, -43.272070312500006, -24.8802734375])
array('d', [37.6705078125, 69.8328125, -44.25234375, -26.980859375])
array('d', [37.6705078125, 69.8328125, -44.25234375, -27.541015625])
array('d', [41.078125, 73.0537109375, -45.9794921875, -26.980859375])
array('d', [41.078125, 73.0537109375, -47.6599609375, -28.801367187500002])
array('d', [40.3779296875, 73.0537109375, -47.6599609375, -27.634375000000002])
array('d', [42.105078125000006, 72.2134765625, -45.092578125, -28.6146484375])
array('d', [42.105078125000006, 72.2134765625, -49.9939453125, -30.2951171875])
array('d', [41.871679687500006, 75.8544921875, -49.9939453125, -28.7080078125])
array('d', [45.092578125, 74.1740234375, -48.500195312500004, -28.7080078125])
array('d', [46.2595703125, 75.3876953125, -49.85390625, -28.7080078125])
array('d', [44.439062500000006, 77.86171875000001, -51.207617187500006, -33.609375])
array('d', [44.5791015625, 76.834765625, -49.6205078125, -32.629101562500004])
array('d', [45.232617187500004, 79.96230468750001, -50.1806640625, -32.0689453125])
array('d', [47.7533203125, 81.2693359375, -51.814453125, -33.42265625])
array('d', [49.0603515625, 80.9892578125, -51.3943359375, -33.8427734375])
array('d', [49.0603515625, 81.7828125, -51.3943359375, -33.8427734375])
array('d', [49.0603515625, 81.7828125, -51.3943359375, -33.8427734375])
array('d', [47.006445312500006, 81.7828125, -51.9544921875, -33.702734375])
array('d', [48.453515625, 82.903125, -54.3818359375, -36.0833984375])
array('d', [48.266796875000004, 85.050390625, -53.9150390625, -34.2162109375])
array('d', [48.266796875000004, 85.050390625, -53.9150390625, -34.2162109375])
array('d', [50.367382812500004, 85.56386718750001, -55.035351562500004, -35.9900390625])
array('d', [51.767773437500004, 86.49746093750001, -56.342382812500006, -37.3904296875])
array('d', [51.767773437500004, 86.49746093750001, -56.342382812500006, -37.297070312500004])
array('d', [51.767773437500004, 86.49746093750001, -56.342382812500006, -37.297070312500004])
array('d', [51.767773437500004, 86.49746093750001, -56.342382812500006, -37.297070312500004])
array('d', [51.767773437500004, 86.49746093750001, -56.342382812500006, -37.297070312500004])
array('d', [51.767773437500004, 86.49746093750001, -56.342382812500006, -37.297070312500004])
array('d', [52.561328125, 88.83144531250001, -56.855859375, -36.690234375])
array('d', [50.740820312500006, 89.29824218750001, -56.855859375, -36.690234375])
array('d', [53.7283203125, 91.585546875, -58.81640625, -37.530468750000004])
array('d', [54.055078125, 92.6591796875, -59.3298828125, -41.264843750000004])
array('d', [56.108984375000006, 93.639453125, -59.56328125, -39.2109375])
array('d', [56.108984375000006, 93.639453125, -61.8505859375, -40.7046875])
array('d', [54.988671875, 93.49941406250001, -61.8505859375, -40.7046875])
array('d', [53.96171875, 93.4060546875, -59.8900390625, -41.171484375000006])
array('d', [54.475195312500006, 96.76699218750001, -60.963671875, -39.0708984375])
array('d', [56.5291015625, 95.78671875, -61.803906250000004, -39.0708984375])
array('d', [56.5291015625, 95.78671875, -61.803906250000004, -39.3509765625])
array('d', [55.1287109375, 95.506640625, -61.897265625, -39.491015625])
array('d', [53.775000000000006, 96.30019531250001, -60.963671875, -41.871679687500006])
array('d', [53.775000000000006, 96.30019531250001, -60.963671875, -41.871679687500006])
array('d', [53.541601562500006, 98.5408203125, -61.05703125, -40.564648437500004])
array('d', [56.7625, 98.02734375, -63.29765625, -41.031445312500004])
array('d', [55.3154296875, 98.40078125000001, -61.990625, -41.7783203125])
array('d', [55.3154296875, 98.40078125000001, -61.990625, -41.7783203125])
array('d', [55.3154296875, 98.40078125000001, -61.990625, -41.7783203125])
array('d', [55.3154296875, 98.40078125000001, -61.990625, -41.7783203125])
array('d', [52.608007812500006, 98.02734375, -62.877539062500006, -40.984765625])
array('d', [52.608007812500006, 99.61445312500001, -63.811132812500006, -40.1912109375])
array('d', [51.9544921875, 99.61445312500001, -63.811132812500006, -39.2576171875])
array('d', [51.9544921875, 99.61445312500001, -63.811132812500006, -39.2576171875])
array('d', [53.2615234375, 98.77421875, -64.4646484375, -41.358203125])
array('d', [52.0478515625, 99.89453125, -63.344335937500006, -39.9111328125])
array('d', [50.7875, 99.89453125, -64.79140625000001, -39.117578125])
array('d', [51.207617187500006, 103.11542968750001, -64.79140625000001, -39.117578125])
array('d', [54.1484375, 102.321875, -64.55800781250001, -38.744140625])
array('d', [53.775000000000006, 100.361328125, -65.25820312500001, -40.984765625])
array('d', [53.775000000000006, 100.361328125, -65.25820312500001, -40.984765625])
array('d', [53.775000000000006, 100.361328125, -65.25820312500001, -40.984765625])
array('d', [50.880859375, 102.13515625000001, -67.2654296875, -41.1248046875])
array('d', [50.880859375, 104.5625, -66.42519531250001, -40.4712890625])
array('d', [51.8611328125, 104.5625, -66.42519531250001, -41.825])
array('d', [52.701367187500004, 102.228515625, -65.72500000000001, -40.0044921875])
array('d', [52.141210937500006, 100.2212890625, -68.3390625, -40.0044921875])
array('d', [49.667187500000004, 102.83535156250001, -66.28515625, -40.7046875])
array('d', [49.667187500000004, 102.83535156250001, -66.28515625, -40.7046875])
array('d', [49.667187500000004, 102.83535156250001, -66.28515625, -40.7046875])
array('d', [49.200390625000004, 103.9556640625, -66.19179687500001, -40.7046875])
array('d', [51.067578125000004, 105.5427734375, -65.53828125, -40.331250000000004])
array('d', [51.441015625000006, 102.0884765625, -64.09121093750001, -37.8572265625])
array('d', [51.441015625000006, 102.0884765625, -64.09121093750001, -37.8572265625])
array('d', [49.807226562500006, 101.90175781250001, -64.8380859375, -38.8375])
array('d', [47.800000000000004, 101.9951171875, -63.9978515625, -39.3509765625])
array('d', [47.006445312500006, 102.60195312500001, -62.1306640625, -39.3509765625])
array('d', [47.006445312500006, 102.60195312500001, -62.1306640625, -39.3509765625])
array('d', [47.006445312500006, 102.60195312500001, -62.1306640625, -39.3509765625])
array('d', [47.006445312500006, 102.60195312500001, -62.1306640625, -36.2234375])
array('d', [49.340429687500006, 101.6216796875, -63.017578125, -36.2234375])
array('d', [48.7802734375, 100.78144531250001, -64.1845703125, -36.5501953125])
array('d', [48.7802734375, 100.78144531250001, -64.1845703125, -36.5501953125])
array('d', [48.7802734375, 100.78144531250001, -64.1845703125, -36.5501953125])
array('d', [48.7802734375, 100.78144531250001, -64.1845703125, -36.5501953125])
array('d', [48.7802734375, 100.78144531250001, -64.1845703125, -36.5501953125])
array('d', [47.706640625000006, 101.0615234375, -63.7177734375, -35.7099609375])
array('d', [43.738867187500006, 101.575, -62.177343750000006, -34.35625])
array('d', [43.738867187500006, 99.80117187500001, -61.010351562500006, -35.4765625])
array('d', [43.738867187500006, 99.80117187500001, -61.010351562500006, -35.4765625])
array('d', [43.738867187500006, 99.80117187500001, -61.010351562500006, -35.4765625])
array('d', [43.738867187500006, 99.80117187500001, -61.010351562500006, -35.4765625])
array('d', [46.49296875, 97.840625, -60.1234375, -32.4423828125])
array('d', [46.49296875, 97.840625, -60.1234375, -32.4423828125])
array('d', [43.272070312500006, 97.74726562500001, -60.403515625000004, -30.9953125])
array('d', [43.272070312500006, 97.74726562500001, -60.403515625000004, -30.9953125])
array('d', [43.272070312500006, 97.74726562500001, -60.403515625000004, -30.9953125])
array('d', [43.272070312500006, 97.74726562500001, -60.403515625000004, -30.9953125])
array('d', [43.272070312500006, 97.74726562500001, -60.403515625000004, -30.9953125])
array('d', [43.225390625, 97.560546875, -60.2634765625, -31.835546875000002])
array('d', [41.358203125, 97.51386718750001, -56.902539062500004, -30.388476562500003])
array('d', [41.358203125, 97.51386718750001, -54.3818359375, -29.1748046875])
array('d', [43.785546875, 96.4869140625, -54.3818359375, -29.1748046875])
array('d', [43.87890625, 94.573046875, -56.108984375000006, -30.621875000000003])
array('d', [42.898632812500004, 94.9931640625, -55.3154296875, -28.848046875])
array('d', [42.898632812500004, 94.9931640625, -55.3154296875, -28.754687500000003])
array('d', [40.611328125, 92.9392578125, -55.2220703125, -28.754687500000003])
array('d', [38.1373046875, 91.025390625, -54.708593750000006, -28.054492187500003])
array('d', [36.5501953125, 90.1384765625, -53.681640625, -27.0275390625])
array('d', [36.5501953125, 90.1384765625, -53.681640625, -26.2806640625])
array('d', [36.5501953125, 90.1384765625, -53.681640625, -26.2806640625])
array('d', [36.5501953125, 90.1384765625, -53.681640625, -26.2806640625])
array('d', [36.5501953125, 90.1384765625, -53.681640625, -26.2806640625])
array('d', [36.5501953125, 90.1384765625, -53.681640625, -26.2806640625])
array('d', [35.756640625, 89.0181640625, -52.701367187500004, -26.2806640625])
array('d', [36.5501953125, 89.2048828125, -51.9544921875, -26.187304687500003])
array('d', [36.5501953125, 85.61054687500001, -50.974218750000006, -24.2734375])
array('d', [35.196484375000004, 85.61054687500001, -50.974218750000006, -24.2734375])
array('d', [35.196484375000004, 85.61054687500001, -50.974218750000006, -24.2734375])
array('d', [33.889453125, 87.57109375, -51.814453125, -25.953906250000003])
array('d', [34.3095703125, 87.0576171875, -52.187890625, -24.600195312500002])
array('d', [34.3095703125, 87.0576171875, -52.187890625, -24.600195312500002])
array('d', [34.823046875, 87.0576171875, -52.187890625, -24.600195312500002])
array('d', [34.823046875, 87.57109375, -52.4212890625, -23.806640625])
array('d', [32.862500000000004, 83.83671875, -52.4212890625, -23.806640625])
array('d', [32.3490234375, 81.1759765625, -50.22734375, -24.086718750000003])
array('d', [32.3490234375, 81.1759765625, -50.22734375, -24.086718750000003])
array('d', [32.3490234375, 81.1759765625, -50.22734375, -24.086718750000003])
array('d', [29.8283203125, 82.10957031250001, -48.500195312500004, -20.9591796875])
array('d', [28.661328125, 80.008984375, -45.4193359375, -19.5587890625])
array('d', [27.2609375, 78.3751953125, -45.232617187500004, -19.8388671875])
array('d', [27.2609375, 75.154296875, -45.932812500000004, -21.47265625])
array('d', [26.794140625, 75.154296875, -45.932812500000004, -21.47265625])
array('d', [25.1603515625, 75.434375, -46.026171875, -19.138671875])
array('d', [25.300390625000002, 75.154296875, -44.1123046875, -19.2787109375])
array('d', [25.300390625000002, 75.154296875, -44.1123046875, -19.2787109375])
array('d', [23.666601562500002, 74.5474609375, -43.832226562500004, -18.391796875])
array('d', [24.0400390625, 73.3337890625, -43.5521484375, -17.5048828125])
array('d', [24.0400390625, 73.3337890625, -43.132031250000004, -16.2912109375])
array('d', [23.2931640625, 71.8400390625, -43.132031250000004, -16.2912109375])
array('d', [22.126171875, 70.4396484375, -42.851953125, -17.6916015625])
array('d', [20.9591796875, 70.299609375, -41.871679687500006, -15.030859375])
array('d', [20.9591796875, 70.299609375, -41.871679687500006, -15.030859375])
array('d', [20.9591796875, 70.299609375, -41.871679687500006, -15.030859375])
array('d', [20.72578125, 69.4126953125, -41.1248046875, -15.684375000000001])
array('d', [20.72578125, 69.4126953125, -40.051171875, -12.883593750000001])
array('d', [18.765234375000002, 67.312109375, -40.051171875, -12.883593750000001])
array('d', [17.5515625, 65.91171875, -38.7908203125, -12.4634765625])
array('d', [17.178125, 65.6783203125, -37.2037109375, -12.976953125000001])
array('d', [17.178125, 64.698046875, -35.756640625, -11.6232421875])
array('d', [15.964453125, 64.698046875, -35.756640625, -11.6232421875])
array('d', [15.450976562500001, 64.511328125, -36.5501953125, -11.203125])
array('d', [15.450976562500001, 62.083984375, -34.076171875, -9.0091796875])
array('d', [14.4240234375, 62.083984375, -34.076171875, -9.89609375])
array('d', [12.603515625, 61.103710937500004, -33.3759765625, -9.89609375])
array('d', [13.25703125, 61.243750000000006, -32.2556640625, -7.2353515625])
array('d', [13.25703125, 60.403515625000004, -31.6955078125, -7.8421875000000005])
array('d', [12.743554687500001, 60.403515625000004, -31.6955078125, -7.8421875000000005])
array('d', [11.203125, 58.9564453125, -30.901953125000002, -6.8619140625])
array('d', [11.0630859375, 58.723046875, -29.968359375000002, -6.9085937500000005])
array('d', [11.0630859375, 58.723046875, -29.968359375000002, -4.014453125])
array('d', [9.709375, 56.482421875, -30.80859375, -4.014453125])
array('d', [9.5693359375, 54.615234375, -30.341796875, -4.3412109375000005])
array('d', [9.5693359375, 53.2615234375, -27.587695312500003, -3.4076171875])
array('d', [6.7685546875, 53.2615234375, -27.587695312500003, -3.4076171875])
array('d', [6.721875000000001, 54.568554687500004, -25.533789062500002, -2.240625])
array('d', [5.554882812500001, 52.4212890625, -24.833593750000002, -1.6337890625])
array('d', [5.554882812500001, 52.4212890625, -23.900000000000002, 0.653515625])
array('d', [5.0880859375, 52.141210937500006, -23.900000000000002, 0.653515625])
array('d', [3.734375, 51.534375000000004, -23.993359375, 0.2333984375])
array('d', [3.6876953125000003, 49.387109375, -22.0794921875, 0.93359375])
array('d', [3.6876953125000003, 46.866406250000004, -21.6126953125, 1.213671875])
array('d', [3.9677734375, 46.866406250000004, -21.6126953125, 1.213671875])
array('d', [3.9677734375, 46.866406250000004, -21.6126953125, 1.213671875])
array('d', [3.9677734375, 46.866406250000004, -21.6126953125, 1.213671875])
array('d', [1.5404296875, 48.826953125, -20.399023437500002, 2.42734375])
array('d', [2.5207031250000003, 47.800000000000004, -20.165625000000002, 3.267578125])
array('d', [1.213671875, 46.072851562500006, -19.7455078125, 3.641015625])
array('d', [0.7935546875, 45.232617187500004, -18.065039062500002, 3.7810546875])
array('d', [0.7935546875, 42.898632812500004, -17.5515625, 5.228125])
array('d', [-0.8402343750000001, 42.898632812500004, -17.5515625, 5.228125])
array('d', [-0.8402343750000001, 42.898632812500004, -17.5515625, 5.228125])
array('d', [-1.8205078125, 42.898632812500004, -15.964453125, 6.6751953125000005])
array('d', [-2.1939453125, 42.01171875, -14.3306640625, 6.6751953125000005])
array('d', [-3.4076171875, 41.918359375, -13.7705078125, 8.6357421875])
array('d', [-3.4076171875, 41.918359375, -12.696875, 9.1958984375])
array('d', [-4.5279296875, 38.744140625, -12.696875, 9.1958984375])
array('d', [-5.6482421875, 37.3904296875, -12.416796875000001, 10.6896484375])
array('d', [-5.321484375000001, 35.429882812500004, -11.576562500000001, 9.382617187500001])
array('d', [-5.321484375000001, 35.429882812500004, -11.576562500000001, 9.382617187500001])
array('d', [-5.321484375000001, 35.429882812500004, -11.576562500000001, 9.382617187500001])
array('d', [-5.321484375000001, 35.429882812500004, -11.576562500000001, 9.382617187500001])
array('d', [-8.77578125, 32.629101562500004, -11.1564453125, 11.483203125000001])
array('d', [-8.77578125, 32.629101562500004, -11.1564453125, 11.5298828125])
array('d', [-7.46875, 33.2359375, -10.9697265625, 11.5298828125])
array('d', [-11.249804687500001, 33.142578125, -9.4759765625, 13.4904296875])
array('d', [-11.249804687500001, 30.7619140625, -8.0755859375, 14.750781250000001])
array('d', [-11.5298828125, 30.7619140625, -8.0755859375, 14.750781250000001])
array('d', [-11.9033203125, 28.754687500000003, -7.562109375, 15.49765625])
array('d', [-11.9033203125, 28.754687500000003, -7.562109375, 15.49765625])
array('d', [-12.5568359375, 27.727734375, -7.0486328125, 13.910546875000001])
array('d', [-12.5568359375, 26.3740234375, -6.16171875, 15.917773437500001])
array('d', [-13.210351562500001, 26.3740234375, -6.16171875, 14.8908203125])
array('d', [-16.0578125, 25.300390625000002, -3.267578125, 14.8908203125])
array('d', [-16.4779296875, 24.366796875000002, -3.080859375, 17.131445312500002])
array('d', [-17.364843750000002, 22.312890625, -3.5009765625, 18.2517578125])
array('d', [-17.364843750000002, 22.312890625, -3.5009765625, 19.97890625])
array('d', [-18.7185546875, 20.5390625, -1.2603515625000001, 19.97890625])
array('d', [-21.1458984375, 18.9052734375, -0.93359375, 19.0919921875])
array('d', [-20.9591796875, 19.60546875, 1.213671875, 21.519335937500003])
array('d', [-20.9591796875, 19.60546875, 1.213671875, 20.399023437500002])
array('d', [-21.005859375, 17.644921875, 0.3267578125, 20.399023437500002])
array('d', [-23.1064453125, 16.9447265625, 3.0341796875, 24.2734375])
array('d', [-23.246484375, 15.1708984375, 1.8671875, 24.8802734375])
array('d', [-23.246484375, 15.1708984375, 1.8671875, 25.1603515625])
array('d', [-25.113671875, 15.777734375000001, 3.3142578125, 25.1603515625])
array('d', [-25.720507812500003, 12.790234375, 4.5746093750000005, 28.474609375])
array('d', [-25.720507812500003, 12.790234375, 5.7416015625000005, 26.0939453125])
array('d', [-26.420703125000003, 11.576562500000001, 5.7416015625000005, 26.0939453125])
array('d', [-26.5607421875, 11.809960937500001, 7.1419921875000005, 27.3076171875])
array('d', [-27.120898437500003, 10.082812500000001, 7.935546875, 27.867773437500002])
array('d', [-27.120898437500003, 10.0361328125, 10.176171875, 30.388476562500003])
array('d', [-29.594921875, 8.02890625, 11.716601562500001, 31.5087890625])
array('d', [-28.6146484375, 8.02890625, 11.716601562500001, 31.5087890625])
array('d', [-28.6146484375, 8.02890625, 11.716601562500001, 31.5087890625])
array('d', [-29.501562500000002, 6.3951171875, 12.5568359375, 30.855273437500003])
array('d', [-32.3490234375, 5.321484375000001, 13.63046875, 32.30234375])
array('d', [-31.6955078125, 4.6212890625, 12.9302734375, 32.7224609375])
array('d', [-31.6955078125, 4.9013671875, 14.7041015625, 34.823046875])
array('d', [-32.9091796875, 4.9013671875, 14.7041015625, 34.823046875])
array('d', [-33.7494140625, 4.1544921875, 16.8046875, 36.0833984375])
array('d', [-34.496289062500004, 1.587109375, 17.644921875, 36.0833984375])
array('d', [-34.496289062500004, 1.587109375, 17.644921875, 36.0833984375])
array('d', [-34.496289062500004, 1.587109375, 17.644921875, 36.0833984375])
array('d', [-34.496289062500004, 1.2603515625000001, 16.99140625, 36.503515625])
array('d', [-36.130078125000004, 1.2603515625000001, 16.99140625, 36.503515625])
array('d', [-34.7763671875, 0.93359375, 17.364843750000002, 36.690234375])
array('d', [-34.7763671875, 0.93359375, 17.364843750000002, 36.690234375])
array('d', [-34.7763671875, 0.93359375, 17.364843750000002, 36.690234375])
array('d', [-34.636328125, -0.93359375, 17.8783203125, 39.77109375])
array('d', [-35.8033203125, -2.5673828125, 21.47265625, 42.2451171875])
array('d', [-37.5771484375, -1.8671875, 22.126171875, 42.6185546875])
array('d', [-37.5771484375, -4.9947265625, 23.33984375, 42.75859375])
array('d', [-39.02421875, -4.9947265625, 23.33984375, 43.505468750000006])
array('d', [-39.8177734375, -5.7416015625000005, 24.320117187500003, 43.505468750000006])
array('d', [-42.198437500000004, -6.488476562500001, 25.720507812500003, 45.092578125])
array('d', [-41.871679687500006, -9.0091796875, 27.4943359375, 47.4265625])
array('d', [-43.1787109375, -9.7560546875, 28.754687500000003, 49.573828125000006])
array('d', [-43.1787109375, -9.7560546875, 29.128125, 49.573828125000006])
array('d', [-44.4857421875, -9.7560546875, 29.128125, 49.573828125000006])
array('d', [-44.158984375, -10.876367187500001, 30.9486328125, 50.367382812500004])
array('d', [-47.519921875, -12.3234375, 29.688281250000003, 49.7138671875])
array('d', [-47.519921875, -12.3234375, 29.688281250000003, 49.7138671875])
array('d', [-47.519921875, -12.3234375, 29.688281250000003, 49.7138671875])
array('d', [-47.8466796875, -13.3970703125, 30.435156250000002, 51.5810546875])
array('d', [-47.1931640625, -15.077539062500001, 31.555468750000003, 51.767773437500004])
array('d', [-47.1931640625, -15.217578125000001, 33.04921875, 52.187890625])
array('d', [-49.013671875, -15.217578125000001, 33.04921875, 52.187890625])
array('d', [-50.274023437500006, -16.99140625, 33.2359375, 52.934765625000004])
array('d', [-50.5541015625, -18.065039062500002, 34.8697265625, 55.6888671875])
array('d', [-51.767773437500004, -19.7455078125, 34.8697265625, 55.6888671875])
array('d', [-51.767773437500004, -19.7455078125, 35.85, 56.3890625])
array('d', [-52.374609375000006, -20.2123046875, 35.663281250000004, 58.536328125000004])
array('d', [-53.8216796875, -20.258984375, 37.0169921875, 57.69609375])
array('d', [-53.8216796875, -20.258984375, 37.0169921875, 57.69609375])
array('d', [-54.055078125, -20.72578125, 37.2037109375, 59.283203125])
array('d', [-54.428515625, -22.452929687500003, 38.930859375000004, 58.3962890625])
array('d', [-56.1556640625, -23.1064453125, 37.623828125, 59.9833984375])
array('d', [-56.1556640625, -23.1064453125, 37.623828125, 59.9833984375])
array('d', [-56.1556640625, -23.1064453125, 37.623828125, 59.9833984375])
array('d', [-56.1556640625, -23.1064453125, 37.623828125, 63.344335937500006])
array('d', [-56.3890625, -23.71328125, 40.14453125, 63.344335937500006])
array('d', [-55.175390625000006, -23.900000000000002, 41.5916015625, 65.071484375])
array('d', [-55.175390625000006, -23.900000000000002, 41.5916015625, 65.071484375])
array('d', [-55.175390625000006, -23.900000000000002, 41.5916015625, 65.071484375])
array('d', [-55.175390625000006, -23.900000000000002, 41.5916015625, 65.071484375])
array('d', [-58.723046875, -23.7599609375, 42.898632812500004, 65.2115234375])
array('d', [-58.442968750000006, -24.6935546875, 44.345703125, 65.72500000000001])
array('d', [-59.143164062500006, -26.607421875, 45.279296875, 67.40546875])
array('d', [-59.143164062500006, -26.607421875, 45.279296875, 67.40546875])
array('d', [-60.636914062500004, -28.474609375, 45.0458984375, 69.552734375])
array('d', [-59.7966796875, -28.101171875000002, 45.3259765625, 71.980078125])
array('d', [-59.7966796875, -28.38125, 45.699414062500004, 71.980078125])
array('d', [-59.936718750000004, -28.38125, 46.9130859375, 72.166796875])
array('d', [-62.970898437500004, -28.4279296875, 46.9130859375, 72.166796875])
array('d', [-61.43046875, -28.988085937500003, 48.453515625, 69.7861328125])
array('d', [-61.43046875, -28.988085937500003, 48.453515625, 69.7861328125])
array('d', [-61.3837890625, -29.5482421875, 47.333203125000004, 73.3337890625])
array('d', [-64.79140625000001, -30.80859375, 48.36015625, 75.3876953125])
array('d', [-63.904492187500004, -30.0150390625, 50.274023437500006, 76.1345703125])
array('d', [-63.904492187500004, -30.0150390625, 50.274023437500006, 76.1345703125])
array('d', [-63.904492187500004, -30.0150390625, 50.274023437500006, 76.1345703125])
array('d', [-64.6046875, -31.9755859375, 53.494921875, 76.5546875])
array('d', [-67.9189453125, -32.2556640625, 53.074804687500006, 78.9353515625])
array('d', [-67.9189453125, -32.2556640625, 53.074804687500006, 82.249609375])
array('d', [-68.0123046875, -33.796093750000004, 48.873632812500006, 82.249609375])
array('d', [-67.0787109375, -33.562695312500004, 48.9203125, 84.86367187500001])
array('d', [-70.8130859375, -34.2162109375, 52.374609375000006, 85.70390625])
array('d', [-72.540234375, -35.756640625, 55.968945312500004, 85.37714843750001])
array('d', [-72.540234375, -37.437109375, 54.101757812500004, 87.3376953125])
array('d', [-74.36074218750001, -37.437109375, 54.101757812500004, 87.3376953125])
array('d', [-74.36074218750001, -37.997265625000004, 52.841406250000006, 89.99843750000001])
array('d', [-75.99453125000001, -38.557421875, 55.268750000000004, 90.18515625])
array('d', [-75.99453125000001, -40.331250000000004, 57.8828125, 90.838671875])
array('d', [-76.7880859375, -40.331250000000004, 57.8828125, 91.025390625])
array('d', [-80.47578125, -41.638281250000006, 57.0892578125, 92.84589843750001])
array('d', [-78.98203125, -41.7783203125, 52.467968750000004, 92.84589843750001])
array('d', [-78.98203125, -42.75859375, 56.2490234375, 95.03984375])
array('d', [-79.822265625, -42.431835937500004, 57.602734375000004, 93.826171875])
array('d', [-81.5494140625, -41.7783203125, 57.1826171875, 96.7203125])
array('d', [-80.0556640625, -42.338476562500006, 52.9814453125, 97.04707031250001])
array('d', [-81.96953125, -43.6921875, 55.6888671875, 97.1404296875])
array('d', [-81.876171875, -42.1517578125, 56.575781250000006, 98.5875])
array('d', [-81.876171875, -42.1517578125, 54.3818359375, 98.44746093750001])
array('d', [-81.876171875, -42.1517578125, 54.3818359375, 98.44746093750001])
array('d', [-81.876171875, -42.1517578125, 54.3818359375, 98.44746093750001])
array('d', [-81.876171875, -42.1517578125, 54.3818359375, 98.44746093750001])
array('d', [-83.369921875, -41.544921875, 51.627734375, 98.2607421875])
array('d', [-82.6697265625, -41.078125, 52.9814453125, 101.294921875])
array('d', [-82.6697265625, -41.078125, 52.561328125, 101.575])
array('d', [-82.6697265625, -41.078125, 52.561328125, 101.575])
array('d', [-85.6572265625, -40.89140625, 52.561328125, 101.90175781250001])
array('d', [-83.7900390625, -39.677734375, 52.841406250000006, 101.90175781250001])
array('d', [-84.0234375, -41.404882812500006, 51.254296875, 103.11542968750001])
array('d', [-86.1240234375, -41.404882812500006, 51.254296875, 103.11542968750001])
array('d', [-86.1240234375, -41.404882812500006, 51.254296875, 103.11542968750001])
array('d', [-86.1240234375, -41.404882812500006, 55.08203125, 104.655859375])
array('d', [-86.1240234375, -40.2845703125, 55.08203125, 105.40273437500001])
array('d', [-84.86367187500001, -40.9380859375, 56.7158203125, 105.40273437500001])
array('d', [-86.96425781250001, -40.9380859375, 56.7158203125, 105.40273437500001])
array('d', [-86.96425781250001, -40.9380859375, 56.7158203125, 105.40273437500001])
array('d', [-84.3501953125, -42.7119140625, 50.6474609375, 106.7564453125])
array('d', [-84.3501953125, -42.7119140625, 50.6474609375, 106.14960937500001])
array('d', [-85.237109375, -39.2576171875, 51.441015625000006, 106.14960937500001])
array('d', [-84.3501953125, -39.304296875, 51.207617187500006, 101.94843750000001])
array('d', [-84.91035156250001, -38.8841796875, 47.1931640625, 101.5283203125])
array('d', [-84.91035156250001, -38.8841796875, 44.905859375000006, 101.71503906250001])
array('d', [-84.91035156250001, -38.8841796875, 44.905859375000006, 101.71503906250001])
array('d', [-83.369921875, -38.3240234375, 45.3259765625, 101.9951171875])
array('d', [-85.0037109375, -39.117578125, 44.3923828125, 99.7544921875])
array('d', [-84.5369140625, -38.183984375, 42.6185546875, 97.4205078125])
array('d', [-84.5369140625, -38.183984375, 42.6185546875, 97.4205078125])
array('d', [-84.5369140625, -38.183984375, 42.6185546875, 97.4205078125])
array('d', [-85.14375000000001, -40.051171875, 40.7046875, 95.17988281250001])
array('d', [-85.14375000000001, -37.810546875, 37.6705078125, 94.3396484375])
array('d', [-84.0234375, -37.810546875, 37.6705078125, 94.3396484375])
array('d', [-84.0234375, -37.810546875, 37.6705078125, 94.3396484375])
array('d', [-85.4705078125, -37.4837890625, 36.830273437500004, 92.79921875000001])
array('d', [-83.74335937500001, -36.876953125, 36.2234375, 90.51191406250001])
array('d', [-86.26406250000001, -37.15703125, 35.1498046875, 89.2048828125])
array('d', [-86.26406250000001, -37.15703125, 35.5232421875, 86.31074218750001])
array('d', [-84.86367187500001, -36.6435546875, 35.5232421875, 86.31074218750001])
array('d', [-85.2837890625, -36.5501953125, 33.4693359375, 89.06484375000001])
array('d', [-86.77753906250001, -36.5501953125, 34.1228515625, 87.6177734375])
array('d', [-86.77753906250001, -36.5501953125, 33.609375, 87.43105468750001])
array('d', [-85.6572265625, -38.1373046875, 33.609375, 87.43105468750001])
array('d', [-86.03066406250001, -36.363476562500004, 33.0025390625, 85.890625])
array('d', [-84.8169921875, -37.0169921875, 33.0025390625, 85.890625])
array('d', [-84.8169921875, -37.0169921875, 33.0025390625, 85.890625])
array('d', [-84.8169921875, -37.0169921875, 33.0025390625, 85.890625])
array('d', [-84.8169921875, -37.0169921875, 33.609375, 86.03066406250001])
array('d', [-86.2173828125, -36.0833984375, 31.275390625, 86.03066406250001])
array('d', [-85.7505859375, -36.316796875, 31.462109375, 86.1240234375])
array('d', [-86.26406250000001, -8.682421875000001, 33.516015625, 18.85859375])
array('d', [-86.73085937500001, 1.5404296875, 38.557421875, 4.1544921875])
array('d', [-86.73085937500001, 1.5404296875, 42.291796875, 7.935546875])
array('d', [-85.890625, 0.466796875, 42.291796875, 7.935546875])
array('d', [-85.14375000000001, -0.1400390625, 41.171484375000006, 5.7416015625000005])
array('d', [-85.14375000000001, 3.5943359375000004, 40.7513671875, 4.6212890625])
array('d', [-79.5421875, 3.5943359375000004, 40.7513671875, 4.1078125000000005])
array('d', [-77.021484375, 5.0414062500000005, 41.871679687500006, 4.1078125000000005])
array('d', [-77.0681640625, 7.6087890625000005, 45.232617187500004, 3.2208984375000003])
array('d', [-72.5869140625, 5.554882812500001, 45.1859375, 5.1814453125])
array('d', [-72.5869140625, 5.554882812500001, 45.1859375, 5.1814453125])
array('d', [-73.3337890625, 6.021679687500001, 47.706640625000006, 6.068359375])
array('d', [-71.8400390625, 2.9875000000000003, 49.013671875, 6.4417968750000005])
array('d', [-69.8794921875, 3.2208984375000003, 50.1806640625, 5.881640625])
array('d', [-69.8794921875, 3.2208984375000003, 50.1806640625, 5.881640625])
array('d', [-69.8794921875, 3.2208984375000003, 50.1806640625, 5.881640625])
array('d', [-69.8794921875, 3.2208984375000003, 50.1806640625, 5.881640625])
array('d', [-69.552734375, 5.0414062500000005, 49.7138671875, 5.9283203125])
array('d', [-69.552734375, 4.66796875, 50.834179687500004, 3.3609375000000004])
array('d', [-68.15234375, 4.66796875, 50.834179687500004, 3.3609375000000004])
array('d', [-68.15234375, 4.66796875, 50.834179687500004, 3.3609375000000004])
array('d', [-66.7986328125, 2.7541015625000003, 51.3943359375, 3.9210937500000003])
array('d', [-65.72500000000001, 3.54765625, 51.8611328125, 3.3142578125])
array('d', [-66.19179687500001, 3.54765625, 51.814453125, 4.3412109375000005])
array('d', [-66.19179687500001, 3.54765625, 51.814453125, 4.3412109375000005])
array('d', [-66.19179687500001, 3.54765625, 51.814453125, 4.3412109375000005])
array('d', [-66.19179687500001, 3.54765625, 51.814453125, 4.3412109375000005])
array('d', [-66.5185546875, 1.773828125, 52.748046875, 3.9677734375])
array('d', [-65.071484375, 2.0072265625, 53.541601562500006, 1.9138671875000002])
array('d', [-65.071484375, 0.8869140625, 52.841406250000006, 1.7271484375000001])
array('d', [-65.071484375, 0.8869140625, 52.841406250000006, 1.7271484375000001])
array('d', [-65.3515625, 0.8869140625, 52.5146484375, 0.8869140625])
array('d', [-65.2115234375, 0.8402343750000001, 52.5146484375, 0.8869140625])
array('d', [-64.79140625000001, 0.93359375, 52.374609375000006, 0.8869140625])
array('d', [-64.79140625000001, -0.7001953125, 52.374609375000006, -0.18671875000000002])
array('d', [-65.8650390625, -0.2333984375, 51.9544921875, 0.466796875])
array('d', [-67.40546875, 0.280078125, 52.001171875000004, -0.18671875000000002])
array('d', [-67.40546875, 0.7468750000000001, 52.001171875000004, -0.18671875000000002])
array('d', [-64.6046875, 0.7468750000000001, 52.001171875000004, 0.466796875])
array('d', [-65.1181640625, -0.18671875000000002, 52.001171875000004, -0.18671875000000002])
array('d', [-65.8650390625, 0.280078125, 52.748046875, 0.1400390625])
array('d', [-65.8650390625, 0.280078125, 52.748046875, 0.1400390625])
array('d', [-65.8650390625, 0.280078125, 52.748046875, 0.1400390625])
array('d', [-65.8650390625, 0.280078125, 52.748046875, 0.1400390625])
array('d', [-66.1451171875, 1.0269531250000001, 52.374609375000006, 0.09335937500000001])
array('d', [-66.2384765625, 0.7001953125, 52.001171875000004, 0.09335937500000001])
array('d', [-66.2384765625, 0.7001953125, 51.627734375, 0.09335937500000001])
array('d', [-65.53828125, -0.280078125, 51.627734375, 0.09335937500000001])
array('d', [-64.6046875, 0.1400390625, 52.3279296875, 0.3267578125])
array('d', [-65.7716796875, -0.2333984375, 52.748046875, 0.5134765625000001])
array('d', [-65.7716796875, -0.2333984375, 52.748046875, 0.5134765625000001])
array('d', [-65.7716796875, -0.2333984375, 52.748046875, 0.5134765625000001])
array('d', [-66.5185546875, 0.7468750000000001, 51.254296875, -0.1400390625])
array('d', [-66.5185546875, -0.18671875000000002, 52.001171875000004, 0.1400390625])
array('d', [-65.071484375, -0.18671875000000002, 52.001171875000004, 0.1400390625])
array('d', [-65.1181640625, 0.6068359375, 51.627734375, 0.1400390625])
array('d', [-65.1181640625, 0.6068359375, 51.627734375, 0.1400390625])
array('d', [-65.1181640625, 0.6068359375, 51.627734375, 0.1400390625])
array('d', [-65.53828125, 0.93359375, 52.748046875, -0.1400390625])
array('d', [-65.53828125, 0.93359375, 51.627734375, -0.18671875000000002])
array('d', [-66.005078125, -0.466796875, 51.627734375, -0.18671875000000002])
array('d', [-65.631640625, 0.2333984375, 52.001171875000004, 0.8402343750000001])
array('d', [-66.005078125, -0.18671875000000002, 52.748046875, -0.0])
array('d', [-65.95839843750001, -0.18671875000000002, 52.001171875000004, -0.3267578125])
array('d', [-65.95839843750001, -0.18671875000000002, 52.001171875000004, -0.09335937500000001])
array('d', [-65.631640625, -0.6068359375, 51.5810546875, -0.09335937500000001])
array('d', [-64.3712890625, -0.046679687500000004, 52.374609375000006, -0.5134765625000001])
array('d', [-66.2384765625, 0.7001953125, 52.001171875000004, -0.2333984375])
array('d', [-66.2384765625, 0.7001953125, 52.748046875, 0.37343750000000003])
array('d', [-65.72500000000001, 0.3267578125, 52.748046875, 0.37343750000000003])
array('d', [-66.28515625, 0.1400390625, 52.748046875, -0.2333984375])
array('d', [-65.7716796875, 0.1400390625, 52.3279296875, -0.3267578125])
array('d', [-65.7716796875, 0.1400390625, 52.3279296875, 0.42011718750000004])
array('d', [-65.49160156250001, -0.1400390625, 52.374609375000006, 0.42011718750000004])
array('d', [-65.3982421875, 0.2333984375, 52.001171875000004, -0.09335937500000001])
array('d', [-65.72500000000001, -0.5134765625000001, 52.001171875000004, 0.42011718750000004])
array('d', [-65.72500000000001, -0.5134765625000001, 52.001171875000004, -0.56015625])
array('d', [-65.16484375, -0.1400390625, 52.001171875000004, -0.56015625])
array('d', [-65.7716796875, 0.2333984375, 51.627734375, 0.18671875000000002])
array('d', [-65.49160156250001, -0.5134765625000001, 51.254296875, 0.6068359375])
array('d', [-65.53828125, 0.280078125, 52.374609375000006, 0.046679687500000004])
array('d', [-65.53828125, 0.280078125, 51.627734375, 0.046679687500000004])
array('d', [-65.49160156250001, -0.1400390625, 51.627734375, 0.046679687500000004])
array('d', [-66.471875, -0.18671875000000002, 52.3279296875, -0.2333984375])
array('d', [-66.005078125, -0.653515625, 52.748046875, 0.046679687500000004])
array('d', [-66.005078125, -0.653515625, 52.748046875, 0.42011718750000004])
array('d', [-65.53828125, -0.653515625, 52.748046875, 0.42011718750000004])
array('d', [-66.0517578125, 0.280078125, 52.748046875, -0.6068359375])
array('d', [-65.49160156250001, 0.280078125, 52.001171875000004, 0.280078125])
array('d', [-65.49160156250001, -0.1400390625, 51.254296875, -0.3267578125])
array('d', [-65.16484375, -0.1400390625, 51.254296875, -0.3267578125])
array('d', [-65.7716796875, -0.18671875000000002, 52.001171875000004, 0.5134765625000001])
array('d', [-66.19179687500001, 0.2333984375, 52.4212890625, -0.046679687500000004])
array('d', [-66.19179687500001, 0.2333984375, 52.4212890625, -0.1400390625])
array('d', [-66.005078125, 0.2333984375, 52.3279296875, -0.1400390625])
array('d', [-65.7716796875, -0.42011718750000004, 52.001171875000004, 0.09335937500000001])
array('d', [-64.9314453125, -0.7001953125, 50.834179687500004, -0.1400390625])
array('d', [-64.9314453125, -0.7001953125, 50.834179687500004, -0.1400390625])
array('d', [-65.25820312500001, 0.2333984375, 52.7947265625, -0.3267578125])
array('d', [-66.5185546875, -0.18671875000000002, 52.3279296875, 0.3267578125])
array('d', [-66.5185546875, 0.280078125, 52.001171875000004, -0.653515625])
array('d', [-64.6046875, 0.280078125, 52.001171875000004, -0.653515625])
array('d', [-65.6783203125, -0.3267578125, 51.9544921875, -0.2333984375])
array('d', [-65.6783203125, -0.3267578125, 51.9544921875, -0.2333984375])
array('d', [-65.6783203125, -0.3267578125, 51.9544921875, -0.2333984375])
array('d', [-65.6783203125, -0.3267578125, 51.9544921875, -0.2333984375])
array('d', [-65.6783203125, -0.3267578125, 51.9544921875, -0.2333984375])
array('d', [-65.6783203125, -0.3267578125, 51.9544921875, -0.2333984375])
array('d', [-66.005078125, 1.0736328125, 52.374609375000006, 0.09335937500000001])
array('d', [-64.6046875, -0.1400390625, 51.627734375, 0.09335937500000001])
array('d', [-64.6046875, -0.1400390625, 53.121484375, 0.09335937500000001])
array('d', [-64.6046875, -0.1400390625, 53.121484375, 0.09335937500000001])
array('d', [-65.6783203125, -0.5134765625000001, 52.374609375000006, -0.0])
array('d', [-65.6783203125, -0.1400390625, 52.001171875000004, -0.09335937500000001])
array('d', [-65.2115234375, -0.1400390625, 52.001171875000004, -0.0])
array('d', [-65.2115234375, -0.1400390625, 52.001171875000004, -0.0])
array('d', [-65.2115234375, -0.1400390625, 52.001171875000004, -0.0])
array('d', [-64.8380859375, 0.653515625, 52.001171875000004, -0.0])
array('d', [-66.1451171875, 0.56015625, 51.627734375, -0.653515625])
array('d', [-65.444921875, 0.6068359375, 52.001171875000004, 0.5134765625000001])
array('d', [-65.444921875, 0.6068359375, 52.001171875000004, 0.5134765625000001])
array('d', [-66.5185546875, -0.6068359375, 52.374609375000006, 0.09335937500000001])
array('d', [-65.02480468750001, -0.7001953125, 51.5810546875, -0.42011718750000004])
array('d', [-65.02480468750001, -0.7001953125, 52.001171875000004, -0.09335937500000001])
array('d', [-66.2384765625, -0.7001953125, 52.001171875000004, -0.09335937500000001])
array('d', [-66.2384765625, -0.7001953125, 52.001171875000004, -0.09335937500000001])
array('d', [-66.2384765625, 0.280078125, 52.3279296875, -0.1400390625])
array('d', [-66.2384765625, 0.280078125, 52.3279296875, 0.37343750000000003])
array('d', [-66.19179687500001, 0.1400390625, 52.001171875000004, 0.37343750000000003])
array('d', [-66.19179687500001, 0.1400390625, 52.001171875000004, 0.37343750000000003])
array('d', [-66.19179687500001, 0.1400390625, 52.001171875000004, 0.37343750000000003])
array('d', [-66.19179687500001, 0.1400390625, 52.001171875000004, 0.37343750000000003])
array('d', [-66.0517578125, 0.56015625, 51.627734375, 0.09335937500000001])
array('d', [-67.1720703125, -0.2333984375, 52.001171875000004, -1.0736328125])
array('d', [-65.3982421875, 0.2333984375, 51.9544921875, -0.09335937500000001])
array('d', [-65.3982421875, 0.2333984375, 51.9544921875, -0.09335937500000001])
array('d', [-65.3982421875, 0.2333984375, 51.9544921875, -0.09335937500000001])
array('d', [-65.3982421875, 0.2333984375, 51.9544921875, -0.09335937500000001])
array('d', [-65.95839843750001, -0.280078125, 52.748046875, -0.37343750000000003])
array('d', [-65.95839843750001, -0.1400390625, 51.5810546875, 0.09335937500000001])
array('d', [-65.7716796875, -0.1400390625, 51.5810546875, 0.09335937500000001])
array('d', [-65.7716796875, -0.1400390625, 51.627734375, -0.5134765625000001])
array('d', [-65.3515625, -0.280078125, 51.627734375, -0.3267578125])
array('d', [-65.3515625, -0.280078125, 51.627734375, 0.09335937500000001])
array('d', [-64.6046875, 0.280078125, 52.7947265625, 0.09335937500000001])
array('d', [-65.3515625, 0.2333984375, 52.0478515625, 0.09335937500000001])
array('d', [-65.3515625, 0.2333984375, 52.0478515625, -0.18671875000000002])
array('d', [-65.02480468750001, -0.18671875000000002, 52.001171875000004, -0.18671875000000002])
array('d', [-65.3515625, 0.280078125, 51.627734375, 0.18671875000000002])
array('d', [-65.3515625, 0.280078125, 51.627734375, -0.37343750000000003])
array('d', [-65.6783203125, -0.6068359375, 52.001171875000004, -0.37343750000000003])
array('d', [-65.3982421875, -0.18671875000000002, 51.9544921875, 0.18671875000000002])
array('d', [-65.3982421875, 0.2333984375, 52.4212890625, 0.09335937500000001])
array('d', [-65.3982421875, 0.2333984375, 52.4212890625, 0.09335937500000001])
array('d', [-65.3982421875, 0.2333984375, 52.4212890625, 0.09335937500000001])
array('d', [-65.3982421875, 0.2333984375, 52.4212890625, 0.09335937500000001])
array('d', [-66.0984375, 0.2333984375, 52.4212890625, 0.09335937500000001])
array('d', [-65.6783203125, -0.5134765625000001, 52.748046875, 0.37343750000000003])
array('d', [-64.884765625, 0.280078125, 50.834179687500004, 0.5134765625000001])
array('d', [-64.884765625, 0.280078125, 50.834179687500004, 0.5134765625000001])
array('d', [-64.884765625, 0.280078125, 50.834179687500004, 0.5134765625000001])
array('d', [-64.884765625, 0.280078125, 50.834179687500004, 0.5134765625000001])
array('d', [-64.884765625, 0.280078125, 50.834179687500004, 0.5134765625000001])
array('d', [-64.884765625, 0.280078125, 50.834179687500004, 0.5134765625000001])
array('d', [-65.8650390625, 0.2333984375, 52.7947265625, -0.09335937500000001])
array('d', [-65.8650390625, -0.18671875000000002, 52.001171875000004, -0.18671875000000002])
array('d', [-64.884765625, -0.18671875000000002, 52.001171875000004, -0.18671875000000002])
array('d', [-65.95839843750001, 0.2333984375, 52.4212890625, -0.046679687500000004])
array('d', [-64.41796875, 0.280078125, 52.7947265625, -0.5134765625000001])
array('d', [-64.41796875, 0.280078125, 52.7947265625, -0.5134765625000001])
array('d', [-66.28515625, 0.280078125, 52.7947265625, -0.5134765625000001])
array('d', [-66.28515625, 0.280078125, 52.7947265625, -0.5134765625000001])
array('d', [-66.28515625, 0.280078125, 52.7947265625, -0.5134765625000001])
array('d', [-64.7447265625, 0.280078125, 52.001171875000004, -0.09335937500000001])
array('d', [-66.0984375, -0.18671875000000002, 51.627734375, -0.046679687500000004])
array('d', [-64.978125, 0.653515625, 51.627734375, -0.37343750000000003])
array('d', [-64.978125, 0.653515625, 52.001171875000004, -0.09335937500000001])
array('d', [-65.1181640625, 0.2333984375, 52.001171875000004, -0.09335937500000001])
array('d', [-65.818359375, -0.56015625, 52.0478515625, -0.046679687500000004])
array('d', [-64.978125, 0.653515625, 52.7947265625, -0.37343750000000003])
array('d', [-65.818359375, -0.2333984375, 51.627734375, 0.18671875000000002])
array('d', [-66.28515625, 0.1400390625, 50.880859375, -0.046679687500000004])
array('d', [-66.28515625, 0.1400390625, 50.880859375, -0.046679687500000004])
array('d', [-66.28515625, 0.1400390625, 50.880859375, -0.046679687500000004])
array('d', [-66.28515625, 0.1400390625, 50.880859375, -0.046679687500000004])
array('d', [-64.978125, -0.6068359375, 51.627734375, -0.37343750000000003])
array('d', [-65.6783203125, 1.0269531250000001, 51.627734375, 0.09335937500000001])
array('d', [-66.005078125, 0.2333984375, 52.0478515625, -0.046679687500000004])
array('d', [-66.005078125, 0.2333984375, 52.0478515625, -0.046679687500000004])
array('d', [-64.55800781250001, 0.56015625, 52.4212890625, -0.18671875000000002])
array('d', [-65.25820312500001, 0.2333984375, 52.748046875, -0.5134765625000001])
array('d', [-65.25820312500001, 0.2333984375, 51.627734375, -0.18671875000000002])
array('d', [-66.1451171875, -0.5134765625000001, 51.627734375, -0.18671875000000002])
array('d', [-66.005078125, -0.18671875000000002, 52.001171875000004, -0.5134765625000001])
array('d', [-65.5849609375, 0.18671875000000002, 52.4212890625, 0.18671875000000002])
array('d', [-65.91171875, -0.6068359375, 52.0478515625, -0.5134765625000001])
array('d', [-65.91171875, -0.6068359375, 52.0478515625, -0.5134765625000001])
array('d', [-64.8380859375, -0.2333984375, 51.674414062500006, 0.18671875000000002])
array('d', [-64.978125, -0.2333984375, 52.4212890625, -0.09335937500000001])
array('d', [-64.978125, -0.2333984375, 52.4212890625, -0.09335937500000001])
array('d', [-64.978125, -0.2333984375, 52.4212890625, -0.09335937500000001])
array('d', [-65.72500000000001, -1.0269531250000001, 53.168164062500004, 0.3267578125])
array('d', [-66.005078125, -0.18671875000000002, 51.627734375, -0.046679687500000004])
array('d', [-66.005078125, 0.2333984375, 52.0478515625, -0.6068359375])
array('d', [-65.5849609375, 0.2333984375, 52.0478515625, -0.37343750000000003])
array('d', [-64.7447265625, -0.5134765625000001, 52.0478515625, -0.37343750000000003])
array('d', [-65.16484375, -0.5134765625000001, 51.627734375, 0.18671875000000002])
array('d', [-64.55800781250001, 0.18671875000000002, 52.001171875000004, -0.046679687500000004])
array('d', [-64.7447265625, 0.2333984375, 52.0478515625, -0.3267578125])
array('d', [-64.7447265625, 0.2333984375, 52.0478515625, -0.3267578125])
array('d', [-65.444921875, 0.2333984375, 51.5810546875, 0.7935546875])
array('d', [-66.6119140625, 0.2333984375, 51.207617187500006, 0.37343750000000003])
array('d', [-65.02480468750001, -0.56015625, 51.207617187500006, 0.37343750000000003])
array('d', [-65.02480468750001, -0.56015625, 51.207617187500006, -0.18671875000000002])
array('d', [-65.3515625, -0.6068359375, 52.374609375000006, -0.18671875000000002])
array('d', [-66.0517578125, -0.09335937500000001, 52.4212890625, -0.37343750000000003])
array('d', [-64.32460937500001, -0.18671875000000002, 52.4212890625, 0.09335937500000001])
array('d', [-64.32460937500001, -0.18671875000000002, 52.4212890625, 0.09335937500000001])
array('d', [-64.32460937500001, 0.6068359375, 52.7947265625, -0.18671875000000002])
array('d', [-65.631640625, 0.6068359375, 52.4212890625, -0.046679687500000004])
array('d', [-64.8380859375, 0.18671875000000002, 52.4212890625, -0.046679687500000004])
array('d', [-64.8380859375, 0.18671875000000002, 52.4212890625, -0.046679687500000004])
array('d', [-65.444921875, 0.2333984375, 52.4212890625, -0.046679687500000004])
array('d', [-65.444921875, 0.2333984375, 51.207617187500006, 0.37343750000000003])
array('d', [-65.818359375, -0.5134765625000001, 52.001171875000004, 0.3267578125])
array('d', [-65.818359375, -0.5134765625000001, 52.001171875000004, 0.3267578125])
array('d', [-64.7447265625, 0.2333984375, 52.7947265625, 0.37343750000000003])
array('d', [-65.3515625, 0.2333984375, 52.4212890625, 0.09335937500000001])
array('d', [-65.3515625, 0.2333984375, 51.627734375, 0.18671875000000002])
array('d', [-65.95839843750001, 0.2333984375, 51.627734375, 0.18671875000000002])
array('d', [-66.378515625, -0.2333984375, 52.0478515625, -0.37343750000000003])
array('d', [-66.378515625, -0.2333984375, 52.0478515625, -0.09335937500000001])
array('d', [-65.818359375, -0.18671875000000002, 51.9544921875, -0.09335937500000001])
array('d', [-64.55800781250001, -0.2333984375, 51.5810546875, -0.18671875000000002])
array('d', [-65.53828125, 0.2333984375, 52.7947265625, -0.7935546875])
array('d', [-65.3515625, -0.56015625, 52.7947265625, -0.18671875000000002])
array('d', [-65.3515625, -0.56015625, 52.7947265625, -0.18671875000000002])
array('d', [-65.53828125, 0.6068359375, 51.300976562500004, -0.3267578125])
array('d', [-65.2115234375, -0.18671875000000002, 52.0478515625, 0.2333984375])
array('d', [-65.8650390625, -0.9802734375000001, 52.4212890625, 0.2333984375])
array('d', [-65.8650390625, -0.9802734375000001, 52.4212890625, 0.2333984375])
array('d', [-65.8650390625, -0.9802734375000001, 51.627734375, -0.046679687500000004])
array('d', [-65.8650390625, 0.2333984375, 51.627734375, -0.046679687500000004])
array('d', [-64.884765625, 0.653515625, 52.141210937500006, 0.3267578125])
array('d', [-65.631640625, 1.0269531250000001, 51.627734375, 0.2333984375])
array('d', [-65.631640625, -0.18671875000000002, 52.7947265625, 0.42011718750000004])
array('d', [-64.7447265625, -0.18671875000000002, 52.7947265625, 0.42011718750000004])
array('d', [-64.79140625000001, 0.56015625, 52.7947265625, 0.42011718750000004])
array('d', [-64.79140625000001, 0.56015625, 52.7947265625, 0.42011718750000004])
array('d', [-66.19179687500001, -0.18671875000000002, 51.674414062500006, -0.09335937500000001])
array('d', [-64.7447265625, 0.653515625, 51.300976562500004, -0.37343750000000003])
array('d', [-64.7447265625, 0.653515625, 52.141210937500006, 0.046679687500000004])
array('d', [-64.7447265625, 0.653515625, 52.141210937500006, 0.046679687500000004])
array('d', [-64.7447265625, 0.653515625, 52.141210937500006, 0.046679687500000004])
array('d', [-64.7447265625, 0.653515625, 52.141210937500006, 0.046679687500000004])
array('d', [-64.137890625, -0.56015625, 52.141210937500006, 0.046679687500000004])
array('d', [-65.444921875, -0.18671875000000002, 52.467968750000004, -0.09335937500000001])
array('d', [-64.7447265625, 1.0269531250000001, 52.7947265625, 0.046679687500000004])
array('d', [-64.1845703125, 0.9802734375000001, 51.674414062500006, 0.5134765625000001])
array('d', [-64.978125, 0.9802734375000001, 52.4212890625, -0.18671875000000002])
array('d', [-64.978125, 0.653515625, 51.627734375, 0.5134765625000001])
array('d', [-65.2115234375, -0.18671875000000002, 52.0478515625, 0.5134765625000001])
array('d', [-64.978125, 0.6068359375, 52.7947265625, -0.18671875000000002])
array('d', [-64.978125, 0.2333984375, 52.0478515625, 0.3267578125])
array('d', [-64.978125, 0.2333984375, 52.0478515625, 0.3267578125])
array('d', [-64.79140625000001, -0.09335937500000001, 52.4212890625, -0.18671875000000002])
array('d', [-64.79140625000001, 0.18671875000000002, 52.4212890625, 0.046679687500000004])
array('d', [-65.3982421875, 0.18671875000000002, 52.4212890625, 0.046679687500000004])
array('d', [-64.978125, 0.2333984375, 52.467968750000004, 0.046679687500000004])
array('d', [-65.8650390625, -0.18671875000000002, 52.4212890625, -0.09335937500000001])
array('d', [-65.8650390625, -0.18671875000000002, 53.2615234375, -0.280078125])
array('d', [-64.04453125, 0.2333984375, 53.2615234375, -0.280078125])
array('d', [-64.04453125, 0.2333984375, 53.2615234375, -0.280078125])
array('d', [-65.95839843750001, 0.2333984375, 51.627734375, 0.18671875000000002])
array('d', [-65.3048828125, 0.2333984375, 51.674414062500006, 0.2333984375])
array('d', [-65.72500000000001, -0.18671875000000002, 52.001171875000004, -0.0])
array('d', [-65.72500000000001, -0.18671875000000002, 52.001171875000004, -0.0])
array('d', [-64.4646484375, 0.18671875000000002, 52.0478515625, -0.280078125])
array('d', [-64.4646484375, 0.18671875000000002, 52.0478515625, -0.046679687500000004])
array('d', [-65.071484375, -0.18671875000000002, 52.4212890625, -0.046679687500000004])
array('d', [-65.49160156250001, -0.5134765625000001, 51.674414062500006, -0.09335937500000001])
array('d', [-65.49160156250001, 0.653515625, 52.09453125, 0.046679687500000004])
array('d', [-65.071484375, 0.653515625, 52.09453125, 0.046679687500000004])
array('d', [-65.91171875, -0.1400390625, 52.7947265625, -0.046679687500000004])
array('d', [-65.91171875, -0.1400390625, 52.7947265625, -0.046679687500000004])
array('d', [-65.91171875, -0.1400390625, 52.7947265625, -0.046679687500000004])
array('d', [-65.91171875, -0.1400390625, 52.7947265625, -0.046679687500000004])
array('d', [-65.91171875, -0.1400390625, 52.7947265625, -0.046679687500000004])
array('d', [-65.49160156250001, 0.2333984375, 51.254296875, -0.280078125])
array('d', [-64.698046875, -0.1400390625, 52.0478515625, -0.09335937500000001])
array('d', [-64.698046875, 0.18671875000000002, 51.627734375, 0.37343750000000003])
array('d', [-64.698046875, 0.18671875000000002, 51.627734375, 0.37343750000000003])
array('d', [-65.49160156250001, -0.18671875000000002, 51.674414062500006, 0.046679687500000004])
array('d', [-64.884765625, 0.6068359375, 52.0478515625, -0.1400390625])
array('d', [-64.2779296875, 1.0269531250000001, 52.4212890625, 0.2333984375])
array('d', [-64.2779296875, 1.0269531250000001, 52.4212890625, 0.2333984375])
array('d', [-65.91171875, 0.2333984375, 52.0478515625, 0.1400390625])
array('d', [-64.884765625, -0.18671875000000002, 51.674414062500006, -0.046679687500000004])
array('d', [-64.884765625, 0.653515625, 52.0478515625, -0.18671875000000002])
array('d', [-65.444921875, 0.653515625, 51.627734375, 0.1400390625])
array('d', [-65.49160156250001, -0.56015625, 51.627734375, 0.1400390625])
array('d', [-65.02480468750001, -0.5134765625000001, 52.4212890625, -0.046679687500000004])
array('d', [-65.444921875, -0.1400390625, 51.627734375, 0.1400390625])
array('d', [-65.444921875, -0.1400390625, 51.627734375, 0.42011718750000004])
array('d', [-64.8380859375, 0.2333984375, 51.674414062500006, 0.42011718750000004])
array('d', [-64.8380859375, 0.2333984375, 51.674414062500006, 0.42011718750000004])
array('d', [-65.02480468750001, 0.18671875000000002, 51.627734375, -0.466796875])
array('d', [-65.8650390625, -0.1400390625, 52.0478515625, 0.1400390625])
array('d', [-64.137890625, -0.1400390625, 52.0478515625, 0.1400390625])
array('d', [-65.49160156250001, 0.2333984375, 52.467968750000004, -0.18671875000000002])
array('d', [-65.6783203125, 1.0269531250000001, 52.0478515625, -0.280078125])
array('d', [-65.16484375, -0.18671875000000002, 52.0478515625, 0.046679687500000004])
array('d', [-65.16484375, -0.18671875000000002, 52.0478515625, 0.046679687500000004])
array('d', [-66.42519531250001, 0.2333984375, 51.627734375, -0.37343750000000003])
array('d', [-66.005078125, -0.5134765625000001, 52.001171875000004, -0.37343750000000003])
array('d', [-66.005078125, 0.2333984375, 51.627734375, -0.18671875000000002])
array('d', [-64.978125, 0.2333984375, 51.627734375, -0.18671875000000002])
array('d', [-64.3712890625, -0.93359375, 52.0478515625, -0.37343750000000003])
array('d', [-66.6119140625, -0.6068359375, 52.0478515625, -0.09335937500000001])
array('d', [-66.6119140625, -0.6068359375, 52.0478515625, -0.09335937500000001])
array('d', [-65.3982421875, 0.18671875000000002, 52.0478515625, 0.3267578125])
array('d', [-65.3982421875, 1.0269531250000001, 52.0478515625, 0.42011718750000004])
array('d', [-65.444921875, -0.6068359375, 51.674414062500006, -0.280078125])
array('d', [-65.444921875, -0.6068359375, 51.674414062500006, -0.280078125])
array('d', [-65.444921875, -0.6068359375, 51.674414062500006, -0.280078125])
array('d', [-65.3982421875, 0.2333984375, 53.21484375, -0.09335937500000001])
array('d', [-65.3982421875, 0.2333984375, 53.21484375, 0.5134765625000001])
array('d', [-64.41796875, 0.653515625, 53.21484375, 0.5134765625000001])
array('d', [-64.41796875, 0.653515625, 53.21484375, 0.5134765625000001])
array('d', [-64.41796875, 0.653515625, 53.21484375, 0.5134765625000001])
array('d', [-64.41796875, 0.653515625, 53.21484375, 0.5134765625000001])
array('d', [-65.818359375, -0.18671875000000002, 51.207617187500006, -0.0])
array('d', [-64.55800781250001, -0.18671875000000002, 50.880859375, -0.0])
array('d', [-65.444921875, 0.18671875000000002, 52.0478515625, -0.280078125])
array('d', [-64.7447265625, -0.56015625, 51.300976562500004, -0.37343750000000003])
array('d', [-66.005078125, 0.2333984375, 52.4212890625, 0.046679687500000004])
array('d', [-64.978125, -0.2333984375, 52.0478515625, 0.046679687500000004])
array('d', [-64.978125, -0.2333984375, 52.0478515625, -0.18671875000000002])
array('d', [-65.16484375, 0.2333984375, 51.674414062500006, -0.18671875000000002])
array('d', [-65.818359375, -0.18671875000000002, 51.254296875, 0.7468750000000001])
array('d', [-66.42519531250001, -0.18671875000000002, 51.254296875, 0.7468750000000001])
array('d', [-66.42519531250001, -0.18671875000000002, 51.254296875, 0.7468750000000001])
array('d', [-66.42519531250001, -0.18671875000000002, 51.254296875, 0.7468750000000001])
array('d', [-66.42519531250001, -0.56015625, 52.0478515625, 0.046679687500000004])
array('d', [-64.698046875, 0.2333984375, 52.28125, 0.653515625])
array('d', [-64.698046875, 1.0269531250000001, 51.627734375, -0.046679687500000004])
array('d', [-65.1181640625, 1.0269531250000001, 51.627734375, -0.046679687500000004])
array('d', [-65.7716796875, 0.2333984375, 52.4212890625, -0.18671875000000002])
array('d', [-65.1181640625, -0.93359375, 52.0478515625, 0.2333984375])
array('d', [-65.1181640625, 0.9802734375000001, 51.627734375, 0.7935546875])
array('d', [-65.1181640625, 0.9802734375000001, 51.627734375, 0.7935546875])
array('d', [-64.884765625, 0.18671875000000002, 51.300976562500004, -0.09335937500000001])
array('d', [-65.3982421875, 0.18671875000000002, 51.300976562500004, -0.09335937500000001])
array('d', [-65.1181640625, 0.6068359375, 52.0478515625, -0.18671875000000002])
array('d', [-65.53828125, 0.2333984375, 52.4212890625, -0.0])
array('d', [-65.53828125, 0.18671875000000002, 52.4212890625, 0.1400390625])
array('d', [-64.884765625, 0.18671875000000002, 52.4212890625, 0.1400390625])
array('d', [-66.565234375, 0.18671875000000002, 52.0478515625, 0.046679687500000004])
array('d', [-65.53828125, -0.9802734375000001, 51.674414062500006, 0.280078125])
array('d', [-65.49160156250001, -0.18671875000000002, 52.7947265625, 0.046679687500000004])
array('d', [-65.49160156250001, -0.18671875000000002, 52.7947265625, -0.0])
array('d', [-65.1181640625, 0.18671875000000002, 52.841406250000006, -0.0])
array('d', [-66.19179687500001, -0.18671875000000002, 51.627734375, -0.1400390625])
array('d', [-66.19179687500001, -0.56015625, 51.674414062500006, 0.280078125])
array('d', [-64.884765625, -0.56015625, 51.674414062500006, 0.280078125])
array('d', [-64.884765625, -0.56015625, 51.674414062500006, 0.280078125])
array('d', [-64.884765625, -0.56015625, 51.674414062500006, 0.280078125])
array('d', [-64.884765625, -0.56015625, 51.674414062500006, 0.280078125])
array('d', [-65.071484375, -0.1400390625, 51.627734375, -0.18671875000000002])
array('d', [-65.071484375, 1.400390625, 51.254296875, -0.37343750000000003])
array('d', [-64.9314453125, -0.18671875000000002, 51.254296875, -0.37343750000000003])
array('d', [-64.9314453125, -0.18671875000000002, 51.254296875, 0.046679687500000004])
array('d', [-65.071484375, -0.56015625, 52.141210937500006, 0.046679687500000004])
array('d', [-64.698046875, 0.2333984375, 51.674414062500006, -0.0])
array('d', [-64.698046875, -0.18671875000000002, 52.09453125, 0.1400390625])
array('d', [-64.698046875, -0.18671875000000002, 52.09453125, 0.1400390625])
array('d', [-64.698046875, -0.18671875000000002, 52.09453125, 0.1400390625])
array('d', [-64.698046875, -0.18671875000000002, 52.09453125, 0.1400390625])
array('d', [-65.3515625, -0.18671875000000002, 51.72109375, -0.37343750000000003])
array('d', [-65.3515625, -0.18671875000000002, 51.72109375, 0.1400390625])
array('d', [-65.1181640625, 0.6068359375, 51.674414062500006, 0.1400390625])
array('d', [-65.1181640625, 0.6068359375, 51.674414062500006, 0.1400390625])
array('d', [-66.6119140625, 0.6068359375, 52.5146484375, 0.5134765625000001])
array('d', [-65.53828125, -0.18671875000000002, 52.467968750000004, 0.42011718750000004])
array('d', [-64.511328125, -0.18671875000000002, 52.0478515625, 0.046679687500000004])
array('d', [-64.511328125, -0.18671875000000002, 52.0478515625, 0.046679687500000004])
array('d', [-64.511328125, -0.18671875000000002, 52.0478515625, 0.046679687500000004])
array('d', [-64.511328125, -0.18671875000000002, 52.0478515625, 0.046679687500000004])
array('d', [-65.49160156250001, -0.56015625, 52.0478515625, -0.18671875000000002])
array('d', [-65.3515625, -0.93359375, 52.141210937500006, -0.1400390625])
array('d', [-65.7716796875, 0.18671875000000002, 51.72109375, -0.1400390625])
array('d', [-65.7716796875, 0.18671875000000002, 51.72109375, -0.1400390625])
array('d', [-65.7716796875, 0.18671875000000002, 51.72109375, -0.2333984375])
array('d', [-65.1181640625, 0.18671875000000002, 51.627734375, -0.2333984375])
array('d', [-64.698046875, -0.18671875000000002, 52.0478515625, 0.5134765625000001])
array('d', [-64.698046875, -0.18671875000000002, 52.0478515625, 0.5134765625000001])
array('d', [-64.698046875, -0.18671875000000002, 52.0478515625, 0.5134765625000001])
array('d', [-64.698046875, -0.18671875000000002, 52.0478515625, 0.5134765625000001])
array('d', [-65.3515625, -0.18671875000000002, 51.674414062500006, 0.1400390625])
array('d', [-64.698046875, -0.5134765625000001, 52.467968750000004, -0.18671875000000002])
array('d', [-64.698046875, -0.5134765625000001, 52.467968750000004, -0.37343750000000003])
array('d', [-64.698046875, -0.56015625, 52.467968750000004, -0.37343750000000003])
array('d', [-64.511328125, -0.18671875000000002, 51.72109375, -0.2333984375])
array('d', [-63.017578125, -0.6068359375, 52.09453125, -0.37343750000000003])
array('d', [-63.017578125, -0.6068359375, 50.880859375, -0.18671875000000002])
array('d', [-66.005078125, 0.18671875000000002, 52.09453125, 0.280078125])
array('d', [-66.005078125, 0.18671875000000002, 52.09453125, 0.2333984375])
array('d', [-64.2779296875, -0.18671875000000002, 51.674414062500006, 0.2333984375])
array('d', [-64.8380859375, 0.6068359375, 52.0478515625, 0.046679687500000004])
array('d', [-64.6513671875, 0.9802734375000001, 51.627734375, -0.046679687500000004])
array('d', [-64.6513671875, 0.9802734375000001, 51.627734375, -0.09335937500000001])
array('d', [-65.071484375, -0.18671875000000002, 51.627734375, -0.09335937500000001])
array('d', [-65.071484375, -0.18671875000000002, 51.627734375, -0.09335937500000001])
array('d', [-65.071484375, -0.18671875000000002, 51.627734375, -0.09335937500000001])
array('d', [-65.95839843750001, -0.1400390625, 52.8880859375, 0.2333984375])
array('d', [-65.95839843750001, -0.1400390625, 52.001171875000004, 0.2333984375])
array('d', [-64.41796875, -0.56015625, 52.001171875000004, 0.2333984375])
array('d', [-64.41796875, -0.56015625, 52.001171875000004, 0.2333984375])
array('d', [-64.41796875, -0.56015625, 52.001171875000004, 0.2333984375])
array('d', [-64.41796875, -0.56015625, 52.001171875000004, 0.2333984375])
array('d', [-65.49160156250001, 0.6068359375, 52.8880859375, -0.37343750000000003])
array('d', [-65.3048828125, -0.18671875000000002, 50.4607421875, -0.37343750000000003])
array('d', [-65.3048828125, -0.1400390625, 51.72109375, 0.2333984375])
array('d', [-65.3048828125, -0.1400390625, 51.72109375, 0.2333984375])
array('d', [-64.8380859375, -0.56015625, 52.0478515625, -0.37343750000000003])
array('d', [-65.071484375, 0.2333984375, 51.627734375, -0.37343750000000003])
array('d', [-65.071484375, 0.2333984375, 51.674414062500006, -0.93359375])
array('d', [-65.071484375, 0.2333984375, 51.674414062500006, -0.93359375])
array('d', [-65.071484375, 0.2333984375, 51.674414062500006, -0.93359375])
array('d', [-65.95839843750001, 0.6068359375, 52.09453125, 0.7468750000000001])
array('d', [-65.49160156250001, 0.6068359375, 52.09453125, 0.7468750000000001])
array('d', [-65.3048828125, -0.1400390625, 52.5146484375, 0.280078125])
array('d', [-65.071484375, -0.18671875000000002, 51.627734375, 0.2333984375])
array('d', [-65.071484375, -0.56015625, 52.0478515625, 0.09335937500000001])
array('d', [-65.071484375, -0.56015625, 52.0478515625, 0.09335937500000001])
array('d', [-65.071484375, -0.1400390625, 51.674414062500006, -0.37343750000000003])
array('d', [-65.071484375, -0.1400390625, 51.674414062500006, -0.37343750000000003])
array('d', [-65.071484375, -0.1400390625, 51.674414062500006, -0.37343750000000003])
array('d', [-65.071484375, -0.1400390625, 51.674414062500006, -0.37343750000000003])
array('d', [-64.4646484375, -0.56015625, 52.467968750000004, 0.2333984375])
array('d', [-64.2779296875, -0.18671875000000002, 51.300976562500004, 0.466796875])
array('d', [-64.2779296875, -0.18671875000000002, 52.09453125, 0.280078125])
array('d', [-64.2779296875, -0.18671875000000002, 52.09453125, 0.280078125])
array('d', [-64.2779296875, -0.18671875000000002, 52.09453125, 0.280078125])
array('d', [-64.884765625, 0.6068359375, 52.467968750000004, -0.046679687500000004])
array('d', [-65.071484375, 0.6068359375, 52.467968750000004, -0.046679687500000004])
array('d', [-65.95839843750001, 0.6068359375, 52.141210937500006, 0.046679687500000004])
array('d', [-64.8380859375, 0.2333984375, 51.627734375, -0.1400390625])
array('d', [-64.8380859375, 0.2333984375, 51.627734375, -0.18671875000000002])
array('d', [-66.1451171875, -0.1400390625, 51.674414062500006, -0.18671875000000002])
array('d', [-65.444921875, 0.9802734375000001, 52.141210937500006, -0.0])
array('d', [-65.444921875, 0.9802734375000001, 52.0478515625, -0.1400390625])
array('d', [-65.49160156250001, 0.9802734375000001, 52.0478515625, -0.1400390625])
array('d', [-66.0984375, 0.6068359375, 51.674414062500006, 0.466796875])
array('d', [-64.6513671875, -0.56015625, 52.001171875000004, -0.18671875000000002])
array('d', [-64.6513671875, -0.18671875000000002, 52.0478515625, 0.2333984375])
array('d', [-65.071484375, -0.18671875000000002, 52.0478515625, 0.046679687500000004])
array('d', [-65.444921875, -0.56015625, 52.467968750000004, 0.046679687500000004])
array('d', [-65.444921875, -0.56015625, 52.467968750000004, 0.046679687500000004])
array('d', [-65.444921875, -0.56015625, 52.467968750000004, 0.046679687500000004])
array('d', [-65.444921875, -0.56015625, 52.467968750000004, 0.046679687500000004])
array('d', [-64.6513671875, -0.18671875000000002, 51.300976562500004, -0.42011718750000004])
array('d', [-64.6513671875, 0.6068359375, 51.674414062500006, -0.0])
array('d', [-66.0984375, 0.6068359375, 51.674414062500006, -0.0])
array('d', [-66.5185546875, -0.18671875000000002, 51.254296875, -0.0])
array('d', [-64.79140625000001, 0.6068359375, 52.467968750000004, -0.0])
array('d', [-64.79140625000001, 0.6068359375, 51.300976562500004, -0.046679687500000004])
array('d', [-65.49160156250001, 0.6068359375, 51.300976562500004, -0.046679687500000004])
array('d', [-65.49160156250001, 0.6068359375, 51.300976562500004, -0.046679687500000004])
array('d', [-65.49160156250001, 0.6068359375, 51.300976562500004, -0.046679687500000004])
array('d', [-65.49160156250001, 0.6068359375, 51.300976562500004, -0.046679687500000004])
array('d', [-65.49160156250001, 0.6068359375, 51.300976562500004, -0.046679687500000004])
array('d', [-64.79140625000001, -0.56015625, 52.0478515625, -0.1400390625])
array('d', [-65.6783203125, -0.56015625, 52.141210937500006, -0.046679687500000004])
array('d', [-65.25820312500001, -0.56015625, 51.627734375, 0.42011718750000004])
array('d', [-65.49160156250001, 0.18671875000000002, 52.467968750000004, -0.18671875000000002])
array('d', [-65.49160156250001, 0.18671875000000002, 52.0478515625, -0.0])
array('d', [-64.6513671875, -0.1400390625, 52.0478515625, -0.0])
array('d', [-64.41796875, -0.1400390625, 52.0478515625, -0.0])
array('d', [-64.41796875, -0.1400390625, 52.0478515625, -0.0])
array('d', [-64.41796875, -0.1400390625, 52.0478515625, -0.0])
array('d', [-65.071484375, 0.2333984375, 52.0478515625, 0.280078125])
array('d', [-65.071484375, 0.2333984375, 52.0478515625, -0.2333984375])
array('d', [-64.41796875, -0.18671875000000002, 52.0478515625, -0.2333984375])
array('d', [-64.41796875, -0.18671875000000002, 52.0478515625, -0.2333984375])
array('d', [-64.41796875, -0.18671875000000002, 52.0478515625, -0.2333984375])
array('d', [-64.41796875, -0.18671875000000002, 52.0478515625, -0.2333984375])
array('d', [-64.41796875, -0.18671875000000002, 52.0478515625, -0.2333984375])
array('d', [-65.25820312500001, -0.1400390625, 52.09453125, 0.3267578125])
array('d', [-64.41796875, 0.2333984375, 52.841406250000006, 0.1400390625])
array('d', [-64.23125, 0.6068359375, 52.467968750000004, 0.09335937500000001])
array('d', [-64.23125, 0.6068359375, 52.467968750000004, 0.09335937500000001])
array('d', [-64.23125, 0.6068359375, 52.467968750000004, 0.09335937500000001])
array('d', [-66.3318359375, -0.18671875000000002, 52.841406250000006, 0.466796875])
array('d', [-64.6513671875, 0.2333984375, 52.467968750000004, -0.18671875000000002])
array('d', [-65.444921875, 0.2333984375, 52.467968750000004, 0.046679687500000004])
array('d', [-64.41796875, -0.1400390625, 51.627734375, -0.0])
array('d', [-64.41796875, -0.1400390625, 52.09453125, -0.0])
array('d', [-64.79140625000001, 0.18671875000000002, 52.09453125, -0.0])
array('d', [-65.91171875, -0.56015625, 51.627734375, 0.18671875000000002])
array('d', [-65.25820312500001, 0.18671875000000002, 52.5146484375, 0.046679687500000004])
array('d', [-65.02480468750001, -0.5134765625000001, 51.674414062500006, 0.466796875])
array('d', [-65.02480468750001, -0.1400390625, 52.4212890625, -0.2333984375])
array('d', [-65.02480468750001, -0.1400390625, 52.4212890625, -0.2333984375])
array('d', [-65.02480468750001, -0.5134765625000001, 51.72109375, -0.1400390625])
array('d', [-64.6046875, -0.56015625, 51.300976562500004, 0.09335937500000001])
array('d', [-65.91171875, 0.9802734375000001, 51.300976562500004, -0.1400390625])
array('d', [-65.91171875, 0.2333984375, 51.674414062500006, -1.3537109375])
array('d', [-64.6046875, 0.2333984375, 51.674414062500006, -0.18671875000000002])
array('d', [-64.6046875, 0.6068359375, 51.72109375, -0.18671875000000002])
array('d', [-64.6046875, 0.18671875000000002, 52.09453125, 0.2333984375])
array('d', [-65.6783203125, 0.56015625, 52.467968750000004, -0.18671875000000002])
array('d', [-65.444921875, 0.6068359375, 52.09453125, 0.046679687500000004])
array('d', [-64.79140625000001, -0.1400390625, 51.674414062500006, -0.42011718750000004])
array('d', [-64.79140625000001, -0.1400390625, 52.09453125, -0.18671875000000002])
array('d', [-64.79140625000001, -0.1400390625, 52.09453125, -0.18671875000000002])
array('d', [-65.444921875, -0.1400390625, 51.627734375, 0.046679687500000004])
array('d', [-65.444921875, -0.1400390625, 51.674414062500006, 0.046679687500000004])
array('d', [-64.79140625000001, -0.8869140625, 51.674414062500006, 0.046679687500000004])
array('d', [-66.3318359375, -0.8869140625, 51.674414062500006, 0.046679687500000004])
array('d', [-66.3318359375, -0.8869140625, 51.674414062500006, 0.046679687500000004])
array('d', [-66.3318359375, -0.18671875000000002, 51.674414062500006, -0.2333984375])
array('d', [-65.25820312500001, 0.56015625, 51.674414062500006, -0.2333984375])
array('d', [-65.02480468750001, 0.18671875000000002, 52.467968750000004, -0.653515625])
array('d', [-65.91171875, 0.93359375, 52.0478515625, -0.1400390625])
array('d', [-64.6046875, 0.56015625, 52.5146484375, -1.0269531250000001])
array('d', [-65.25820312500001, 0.18671875000000002, 51.627734375, -0.18671875000000002])
array('d', [-66.42519531250001, -0.1400390625, 52.0478515625, -0.18671875000000002])
array('d', [-65.3982421875, -0.18671875000000002, 51.674414062500006, -0.0])
array('d', [-65.3982421875, -0.18671875000000002, 51.674414062500006, -0.0])
array('d', [-65.3982421875, -0.18671875000000002, 51.674414062500006, -0.0])
array('d', [-65.02480468750001, 0.6068359375, 52.0478515625, -0.18671875000000002])
array('d', [-64.79140625000001, 0.6068359375, 52.0478515625, 0.7468750000000001])
array('d', [-65.3982421875, 0.18671875000000002, 52.0478515625, 0.7468750000000001])
array('d', [-65.3982421875, 0.18671875000000002, 52.0478515625, 0.7468750000000001])
array('d', [-65.3982421875, 0.18671875000000002, 52.0478515625, 0.7468750000000001])
array('d', [-65.3982421875, 0.18671875000000002, 52.0478515625, 0.7468750000000001])
array('d', [-65.3982421875, 0.18671875000000002, 52.0478515625, 0.7468750000000001])
array('d', [-65.3982421875, 0.18671875000000002, 52.0478515625, 0.7468750000000001])
array('d', [-65.02480468750001, -0.5134765625000001, 51.674414062500006, 0.09335937500000001])
array('d', [-65.02480468750001, -0.5134765625000001, 51.674414062500006, -0.18671875000000002])
array('d', [-65.25820312500001, -0.8869140625, 52.4212890625, -0.18671875000000002])
array('d', [-65.3982421875, -0.5134765625000001, 52.841406250000006, 0.046679687500000004])
array('d', [-65.3982421875, -0.5134765625000001, 52.841406250000006, 0.046679687500000004])
array('d', [-65.3982421875, -0.5134765625000001, 52.841406250000006, 0.046679687500000004])
array('d', [-65.3982421875, -0.5134765625000001, 52.841406250000006, 0.046679687500000004])
array('d', [-64.6046875, -1.213671875, 52.09453125, 2.0539062500000003])
array('d', [-64.6046875, -1.213671875, 52.09453125, -0.18671875000000002])
array('d', [-66.28515625, 0.18671875000000002, 52.467968750000004, -0.18671875000000002])
array('d', [-66.28515625, -0.1400390625, 52.09453125, -0.0])
array('d', [-65.16484375, -0.1400390625, 51.674414062500006, 0.046679687500000004])
array('d', [-64.511328125, 0.18671875000000002, 51.627734375, 0.09335937500000001])
array('d', [-65.7716796875, 0.18671875000000002, 51.254296875, 0.280078125])
array('d', [-64.9314453125, -0.1400390625, 51.72109375, -0.18671875000000002])
array('d', [-64.9314453125, -0.1400390625, 51.72109375, -0.18671875000000002])
array('d', [-65.5849609375, -0.1400390625, 51.72109375, -0.18671875000000002])
array('d', [-63.437695312500004, 0.2333984375, 51.627734375, 0.7001953125])
array('d', [-63.437695312500004, 0.18671875000000002, 52.4212890625, -0.42011718750000004])
array('d', [-65.3982421875, 0.18671875000000002, 52.4212890625, -0.42011718750000004])
array('d', [-64.698046875, -0.1400390625, 52.09453125, 0.046679687500000004])
array('d', [-65.818359375, -0.1400390625, 52.4212890625, 0.466796875])
array('d', [-65.818359375, -0.1400390625, 52.4212890625, -0.18671875000000002])
array('d', [-65.631640625, 0.56015625, 51.674414062500006, -0.18671875000000002])
array('d', [-64.978125, -0.5134765625000001, 51.674414062500006, -0.42011718750000004])
array('d', [-64.55800781250001, -0.5134765625000001, 51.72109375, -0.0])
array('d', [-64.55800781250001, -0.5134765625000001, 52.09453125, 0.466796875])
array('d', [-64.698046875, -0.5134765625000001, 52.09453125, 0.466796875])
array('d', [-66.471875, -0.5134765625000001, 52.09453125, -0.42011718750000004])
array('d', [-66.471875, -0.18671875000000002, 51.627734375, -0.18671875000000002])
array('d', [-65.631640625, -0.18671875000000002, 51.627734375, -0.18671875000000002])
array('d', [-66.0517578125, -0.5134765625000001, 52.5146484375, 0.280078125])
array('d', [-65.818359375, 0.2333984375, 52.5146484375, 0.280078125])
array('d', [-65.818359375, -0.1400390625, 52.8880859375, 0.466796875])
array('d', [-65.818359375, -0.1400390625, 52.8880859375, 0.466796875])
array('d', [-64.978125, 0.18671875000000002, 51.674414062500006, -0.18671875000000002])
array('d', [-64.978125, 0.18671875000000002, 51.674414062500006, 0.2333984375])
array('d', [-64.978125, 0.56015625, 52.8880859375, 0.2333984375])
array('d', [-65.2115234375, -0.5134765625000001, 52.0478515625, 0.046679687500000004])
array('d', [-64.2779296875, 0.2333984375, 51.674414062500006, -0.0])
array('d', [-64.2779296875, 0.2333984375, 51.674414062500006, 0.2333984375])
array('d', [-63.671093750000004, 0.56015625, 52.0478515625, -0.42011718750000004])
array('d', [-63.671093750000004, 0.56015625, 52.0478515625, -0.42011718750000004])
array('d', [-65.631640625, 0.18671875000000002, 52.0478515625, -0.42011718750000004])
array('d', [-65.631640625, -0.5134765625000001, 51.674414062500006, -0.42011718750000004])
array('d', [-65.3982421875, -0.5134765625000001, 51.674414062500006, -0.42011718750000004])
array('d', [-65.2115234375, 0.56015625, 52.141210937500006, 0.2333984375])
array('d', [-65.2115234375, 0.18671875000000002, 52.0478515625, 0.046679687500000004])
array('d', [-65.2115234375, -0.18671875000000002, 52.09453125, 0.2333984375])
array('d', [-64.32460937500001, -0.18671875000000002, 52.09453125, 0.2333984375])
array('d', [-64.7447265625, 0.18671875000000002, 51.72109375, -0.42011718750000004])
array('d', [-64.978125, -0.1400390625, 53.308203125000006, -0.1400390625])
array('d', [-64.978125, -0.5134765625000001, 51.72109375, -0.1400390625])
array('d', [-65.2115234375, -0.5134765625000001, 51.72109375, -0.1400390625])
array('d', [-64.978125, 0.56015625, 51.72109375, 0.2333984375])
array('d', [-64.32460937500001, 0.56015625, 52.467968750000004, 0.2333984375])
array('d', [-64.32460937500001, -0.5134765625000001, 52.141210937500006, -0.42011718750000004])
array('d', [-65.631640625, -0.5134765625000001, 52.141210937500006, -0.42011718750000004])
array('d', [-64.978125, -0.1400390625, 51.767773437500004, 0.046679687500000004])
array('d', [-64.978125, 0.18671875000000002, 51.300976562500004, -0.18671875000000002])
array('d', [-64.978125, -0.1400390625, 51.674414062500006, 0.046679687500000004])
array('d', [-65.818359375, -0.1400390625, 51.674414062500006, 0.046679687500000004])
array('d', [-64.7447265625, 0.18671875000000002, 52.4212890625, -0.42011718750000004])
array('d', [-64.978125, 0.18671875000000002, 51.767773437500004, 0.046679687500000004])
array('d', [-64.978125, -0.8869140625, 52.141210937500006, 0.466796875])
array('d', [-66.0517578125, -0.5134765625000001, 52.09453125, -0.18671875000000002])
array('d', [-66.0517578125, 0.2333984375, 52.09453125, 0.2333984375])
array('d', [-64.55800781250001, 0.18671875000000002, 51.72109375, 0.7001953125])
array('d', [-64.09121093750001, 0.18671875000000002, 51.627734375, 0.7001953125])
array('d', [-64.09121093750001, 0.18671875000000002, 51.627734375, 0.7001953125])
array('d', [-64.09121093750001, 0.18671875000000002, 51.627734375, 0.7001953125])
array('d', [-64.09121093750001, 0.18671875000000002, 51.627734375, 0.046679687500000004])
array('d', [-65.631640625, -0.5134765625000001, 51.300976562500004, 0.046679687500000004])
array('d', [-65.2115234375, -0.1400390625, 52.141210937500006, 0.2333984375])
array('d', [-65.2115234375, -0.1400390625, 52.141210937500006, 0.2333984375])
array('d', [-65.818359375, -0.1400390625, 51.300976562500004, 0.046679687500000004])
array('d', [-64.09121093750001, -0.18671875000000002, 51.72109375, 0.2333984375])
array('d', [-64.09121093750001, 0.18671875000000002, 52.934765625000004, -0.42011718750000004])
array('d', [-64.09121093750001, 0.18671875000000002, 52.934765625000004, -0.42011718750000004])
array('d', [-64.09121093750001, 0.18671875000000002, 52.934765625000004, -0.42011718750000004])
array('d', [-65.3982421875, 0.56015625, 52.8880859375, 0.2333984375])
array('d', [-65.3982421875, 0.56015625, 51.3943359375, 0.2333984375])
array('d', [-63.904492187500004, 0.2333984375, 51.3943359375, 0.466796875])
array('d', [-63.904492187500004, 0.2333984375, 51.3943359375, 0.466796875])
array('d', [-63.904492187500004, 0.2333984375, 51.3943359375, 0.466796875])
array('d', [-65.631640625, -0.1400390625, 51.767773437500004, 0.466796875])
array('d', [-64.32460937500001, 0.18671875000000002, 51.72109375, 0.466796875])
array('d', [-64.7447265625, -0.18671875000000002, 52.608007812500006, -0.18671875000000002])
array('d', [-64.7447265625, 0.56015625, 52.141210937500006, -0.18671875000000002])
array('d', [-65.25820312500001, -0.18671875000000002, 51.72109375, -0.42011718750000004])
array('d', [-64.55800781250001, -0.18671875000000002, 51.72109375, -0.42011718750000004])
array('d', [-64.79140625000001, 0.18671875000000002, 51.72109375, -0.42011718750000004])
array('d', [-64.79140625000001, 0.18671875000000002, 51.72109375, -0.42011718750000004])
array('d', [-64.79140625000001, 0.18671875000000002, 51.72109375, -0.42011718750000004])
array('d', [-65.25820312500001, -0.18671875000000002, 52.5146484375, 0.046679687500000004])
array('d', [-64.55800781250001, 0.2333984375, 52.09453125, -0.42011718750000004])
array('d', [-64.55800781250001, 0.2333984375, 52.09453125, -0.42011718750000004])
array('d', [-64.55800781250001, 0.2333984375, 52.09453125, -0.42011718750000004])
array('d', [-63.904492187500004, -0.8869140625, 53.308203125000006, -0.18671875000000002])
array('d', [-64.978125, 0.18671875000000002, 51.72109375, -0.18671875000000002])
array('d', [-64.978125, 0.18671875000000002, 51.72109375, 0.2333984375])
array('d', [-64.09121093750001, -0.8869140625, 52.9814453125, 0.046679687500000004])
array('d', [-63.671093750000004, -0.8869140625, 52.9814453125, 0.046679687500000004])
array('d', [-64.55800781250001, -0.18671875000000002, 52.561328125, -0.18671875000000002])
array('d', [-64.55800781250001, -0.18671875000000002, 52.561328125, -0.18671875000000002])
array('d', [-64.55800781250001, -0.18671875000000002, 52.561328125, -0.18671875000000002])
array('d', [-64.55800781250001, -0.18671875000000002, 52.561328125, -0.18671875000000002])
array('d', [-64.55800781250001, -0.18671875000000002, 52.561328125, -0.18671875000000002])
array('d', [-64.79140625000001, -0.56015625, 52.141210937500006, -0.18671875000000002])
array('d', [-65.25820312500001, 0.18671875000000002, 52.141210937500006, -0.18671875000000002])
array('d', [-65.25820312500001, 0.18671875000000002, 52.141210937500006, 0.2333984375])
array('d', [-65.25820312500001, 0.18671875000000002, 52.141210937500006, 0.2333984375])
array('d', [-65.25820312500001, 0.18671875000000002, 52.141210937500006, 0.2333984375])
array('d', [-65.25820312500001, 0.18671875000000002, 52.141210937500006, 0.2333984375])
array('d', [-66.378515625, -0.1400390625, 51.254296875, -0.42011718750000004])
array('d', [-65.72500000000001, -0.1400390625, 51.254296875, -0.42011718750000004])
array('d', [-67.0787109375, 0.18671875000000002, 52.141210937500006, 0.046679687500000004])
array('d', [-67.0787109375, 0.18671875000000002, 52.141210937500006, 0.046679687500000004])
array('d', [-65.3048828125, -0.1400390625, 51.674414062500006, -0.42011718750000004])
array('d', [-65.49160156250001, -0.1400390625, 52.141210937500006, -0.6068359375])
array('d', [-66.1451171875, 0.18671875000000002, 52.0478515625, -0.18671875000000002])
array('d', [-66.1451171875, 0.18671875000000002, 52.0478515625, -0.18671875000000002])
array('d', [-65.49160156250001, 0.18671875000000002, 51.72109375, 0.046679687500000004])
array('d', [-65.02480468750001, 0.56015625, 52.141210937500006, 0.466796875])
array('d', [-65.02480468750001, 0.56015625, 52.141210937500006, -0.6068359375])
array('d', [-65.444921875, 0.2333984375, 50.880859375, 0.046679687500000004])
array('d', [-65.444921875, 0.18671875000000002, 51.72109375, -0.18671875000000002])
array('d', [-64.6046875, 0.18671875000000002, 51.72109375, -0.18671875000000002])
array('d', [-65.02480468750001, 0.8869140625, 51.72109375, 0.046679687500000004])
array('d', [-65.72500000000001, 0.18671875000000002, 51.767773437500004, -0.18671875000000002])
array('d', [-65.72500000000001, 0.18671875000000002, 51.72109375, 0.046679687500000004])
array('d', [-65.72500000000001, -0.5134765625000001, 51.72109375, 0.046679687500000004])
array('d', [-65.02480468750001, -0.1400390625, 52.934765625000004, 0.046679687500000004])
array('d', [-64.3712890625, -0.5134765625000001, 52.5146484375, -0.6068359375])
array('d', [-64.3712890625, -0.5134765625000001, 52.5146484375, -0.6068359375])
array('d', [-64.137890625, 0.18671875000000002, 52.5146484375, -0.0])
array('d', [-65.02480468750001, 0.18671875000000002, 52.09453125, -0.18671875000000002])
array('d', [-65.02480468750001, -0.5134765625000001, 52.5146484375, 0.046679687500000004])
array('d', [-65.49160156250001, -0.5134765625000001, 52.934765625000004, -0.6068359375])
array('d', [-63.951171875, -0.1400390625, 52.141210937500006, -0.2333984375])
array('d', [-65.3048828125, 0.56015625, 52.141210937500006, 0.42011718750000004])
array('d', [-65.3048828125, -0.1400390625, 52.934765625000004, 0.046679687500000004])
array('d', [-65.3048828125, 0.18671875000000002, 51.767773437500004, 0.046679687500000004])
array('d', [-64.8380859375, 0.56015625, 51.72109375, 0.046679687500000004])
array('d', [-64.79140625000001, -0.1400390625, 51.72109375, 0.046679687500000004])
array('d', [-65.49160156250001, 0.2333984375, 51.627734375, 0.046679687500000004])
array('d', [-65.72500000000001, 0.2333984375, 52.141210937500006, -0.1400390625])
array('d', [-65.72500000000001, 0.2333984375, 52.141210937500006, -0.1400390625])
array('d', [-65.72500000000001, 0.2333984375, 52.141210937500006, -0.1400390625])
array('d', [-65.49160156250001, 0.56015625, 51.72109375, 0.466796875])
array('d', [-65.49160156250001, 0.56015625, 51.72109375, 0.046679687500000004])
array('d', [-64.698046875, 0.93359375, 52.467968750000004, 0.046679687500000004])
array('d', [-64.884765625, 0.18671875000000002, 52.141210937500006, 0.2333984375])
array('d', [-64.884765625, -0.8869140625, 51.72109375, -0.42011718750000004])
array('d', [-64.04453125, -0.8869140625, 51.72109375, -0.42011718750000004])
array('d', [-64.884765625, -0.1400390625, 52.09453125, -0.0])
array('d', [-64.884765625, -0.1400390625, 52.09453125, -0.0])
array('d', [-64.884765625, -0.1400390625, 52.09453125, -0.0])
array('d', [-64.884765625, -0.1400390625, 52.09453125, -0.0])
array('d', [-64.04453125, 0.56015625, 52.187890625, 0.2333984375])
array('d', [-64.6513671875, 0.93359375, 51.34765625, -0.1400390625])
array('d', [-64.6513671875, 0.93359375, 51.34765625, -0.42011718750000004])
array('d', [-64.6513671875, 0.93359375, 51.34765625, -0.42011718750000004])
array('d', [-64.884765625, -0.18671875000000002, 52.467968750000004, -0.0])
array('d', [-65.53828125, 0.56015625, 52.5146484375, -0.0])
array('d', [-65.071484375, 0.18671875000000002, 51.72109375, -0.18671875000000002])
array('d', [-65.49160156250001, 0.18671875000000002, 51.72109375, -0.18671875000000002])
array('d', [-65.49160156250001, -0.5134765625000001, 52.141210937500006, 0.046679687500000004])
array('d', [-65.91171875, -0.5134765625000001, 52.141210937500006, 0.2333984375])
array('d', [-65.91171875, -0.5134765625000001, 52.141210937500006, 0.2333984375])
array('d', [-64.4646484375, 0.18671875000000002, 52.141210937500006, 0.2333984375])
array('d', [-64.884765625, 0.18671875000000002, 52.141210937500006, 0.2333984375])
array('d', [-64.3712890625, -0.8869140625, 52.141210937500006, 0.2333984375])
array('d', [-64.3712890625, -0.8869140625, 51.72109375, -0.18671875000000002])
array('d', [-65.3515625, -0.18671875000000002, 51.72109375, -0.18671875000000002])
array('d', [-65.53828125, 0.18671875000000002, 52.141210937500006, -0.0])
array('d', [-65.53828125, -0.5134765625000001, 51.72109375, 0.046679687500000004])
array('d', [-64.6513671875, -0.5134765625000001, 51.72109375, 0.046679687500000004])
array('d', [-64.698046875, 0.5134765625000001, 51.300976562500004, 0.046679687500000004])
array('d', [-64.1845703125, -0.1400390625, 51.3943359375, 0.09335937500000001])
array('d', [-64.1845703125, -0.1400390625, 52.141210937500006, 0.2333984375])
array('d', [-64.6513671875, 0.56015625, 52.141210937500006, 0.2333984375])
array('d', [-64.4646484375, 0.2333984375, 52.141210937500006, 0.046679687500000004])
array('d', [-65.3515625, 0.2333984375, 52.561328125, 0.046679687500000004])
array('d', [-65.3515625, 0.2333984375, 52.141210937500006, -0.42011718750000004])
array('d', [-64.1845703125, 0.2333984375, 52.141210937500006, -0.42011718750000004])
array('d', [-64.884765625, 0.18671875000000002, 52.187890625, -0.18671875000000002])
array('d', [-64.6513671875, 0.2333984375, 52.5146484375, 0.2333984375])
array('d', [-64.6513671875, 0.2333984375, 52.5146484375, 0.2333984375])
array('d', [-63.764453125, 0.56015625, 52.09453125, 0.3267578125])
array('d', [-65.3515625, 0.18671875000000002, 52.09453125, 0.2333984375])
array('d', [-65.3515625, 0.18671875000000002, 51.34765625, 0.046679687500000004])
array('d', [-65.818359375, -0.18671875000000002, 51.34765625, 0.046679687500000004])
array('d', [-65.071484375, -0.18671875000000002, 52.5146484375, 0.046679687500000004])
array('d', [-65.7716796875, 0.6068359375, 52.467968750000004, 0.2333984375])
array('d', [-65.7716796875, 0.18671875000000002, 52.141210937500006, -0.37343750000000003])
array('d', [-65.53828125, 0.18671875000000002, 52.141210937500006, -0.37343750000000003])
array('d', [-64.698046875, -0.1400390625, 52.141210937500006, 0.09335937500000001])
array('d', [-64.9314453125, 0.5134765625000001, 51.767773437500004, 0.466796875])
array('d', [-64.9314453125, 0.5134765625000001, 51.767773437500004, 0.466796875])
array('d', [-64.9314453125, 0.5134765625000001, 51.767773437500004, 0.466796875])
array('d', [-64.9314453125, 0.5134765625000001, 51.767773437500004, 0.466796875])
array('d', [-64.9314453125, 0.5134765625000001, 51.767773437500004, 0.466796875])
array('d', [-65.818359375, 0.5134765625000001, 52.0478515625, 0.2333984375])
array('d', [-64.9314453125, -0.1400390625, 52.141210937500006, 0.466796875])
array('d', [-64.9314453125, 0.18671875000000002, 52.934765625000004, 0.046679687500000004])
array('d', [-65.444921875, 0.18671875000000002, 52.934765625000004, 0.046679687500000004])
array('d', [-65.16484375, 0.18671875000000002, 52.467968750000004, -0.37343750000000003])
array('d', [-64.9314453125, 0.18671875000000002, 52.5146484375, 0.046679687500000004])
array('d', [-64.9314453125, 0.18671875000000002, 52.5146484375, -0.42011718750000004])
array('d', [-65.5849609375, -0.1400390625, 52.09453125, -0.42011718750000004])
array('d', [-65.3982421875, -0.5134765625000001, 51.300976562500004, 0.09335937500000001])
array('d', [-65.16484375, 0.56015625, 51.72109375, 0.09335937500000001])
array('d', [-65.16484375, 0.56015625, 51.72109375, 0.09335937500000001])
array('d', [-65.16484375, 0.56015625, 51.72109375, 0.09335937500000001])
array('d', [-65.16484375, 0.56015625, 51.72109375, 0.09335937500000001])
array('d', [-65.3982421875, -0.466796875, 52.561328125, -0.37343750000000003])
array('d', [-65.5849609375, -0.1400390625, 52.141210937500006, 0.2333984375])
array('d', [-65.5849609375, -0.1400390625, 52.141210937500006, -0.8402343750000001])
array('d', [-64.511328125, -1.1669921875, 51.72109375, -0.8402343750000001])
array('d', [-64.137890625, -0.18671875000000002, 52.0478515625, -0.42011718750000004])
array('d', [-64.137890625, -0.18671875000000002, 51.72109375, 0.09335937500000001])
array('d', [-64.23125, -0.18671875000000002, 51.72109375, 0.09335937500000001])
array('d', [-64.23125, 0.18671875000000002, 52.141210937500006, -0.18671875000000002])
array('d', [-65.53828125, 0.93359375, 52.934765625000004, -0.18671875000000002])
array('d', [-65.53828125, 0.93359375, 52.934765625000004, -0.42011718750000004])
array('d', [-64.9314453125, -0.1400390625, 51.72109375, -0.42011718750000004])
array('d', [-64.9314453125, -0.1400390625, 51.72109375, -0.42011718750000004])
array('d', [-64.9314453125, -0.1400390625, 51.72109375, -0.42011718750000004])
array('d', [-64.9314453125, -0.1400390625, 51.72109375, -0.42011718750000004])
array('d', [-64.9314453125, -0.1400390625, 51.72109375, -0.42011718750000004])
array('d', [-64.9314453125, -0.1400390625, 51.72109375, -0.42011718750000004])
array('d', [-64.9314453125, -0.1400390625, 51.72109375, -0.42011718750000004])
array('d', [-64.511328125, -0.18671875000000002, 52.141210937500006, 0.046679687500000004])
array('d', [-64.511328125, 0.56015625, 51.300976562500004, -0.3267578125])
array('d', [-64.511328125, -0.5134765625000001, 51.300976562500004, 0.046679687500000004])
array('d', [-64.511328125, -0.5134765625000001, 51.300976562500004, 0.046679687500000004])
array('d', [-65.3982421875, -0.1400390625, 52.141210937500006, 0.046679687500000004])
array('d', [-64.511328125, -0.466796875, 52.934765625000004, 0.2333984375])
array('d', [-64.511328125, -0.1400390625, 51.72109375, 0.09335937500000001])
array('d', [-64.511328125, -0.1400390625, 51.72109375, 0.09335937500000001])
array('d', [-64.511328125, -0.1400390625, 51.72109375, 0.09335937500000001])
array('d', [-63.671093750000004, -0.1400390625, 52.5146484375, 0.046679687500000004])
array('d', [-65.3982421875, 0.6068359375, 52.5146484375, 0.046679687500000004])
array('d', [-64.9314453125, 0.1400390625, 52.09453125, -0.18671875000000002])
array('d', [-65.3982421875, -0.5134765625000001, 51.300976562500004, -0.0])
array('d', [-65.3982421875, -0.5134765625000001, 51.300976562500004, 0.046679687500000004])
array('d', [-64.978125, -0.5134765625000001, 51.674414062500006, 0.046679687500000004])
array('d', [-65.6783203125, 0.18671875000000002, 51.814453125, -0.18671875000000002])
array('d', [-65.6783203125, 0.18671875000000002, 51.814453125, -0.18671875000000002])
array('d', [-65.6783203125, 0.18671875000000002, 51.814453125, -0.18671875000000002])
array('d', [-65.6783203125, 0.18671875000000002, 51.814453125, -0.18671875000000002])
array('d', [-65.6783203125, -0.18671875000000002, 52.141210937500006, 0.5134765625000001])
array('d', [-65.444921875, -0.18671875000000002, 52.141210937500006, 0.5134765625000001])
array('d', [-64.1845703125, 0.6068359375, 52.5146484375, -0.18671875000000002])
array('d', [-65.25820312500001, -0.8402343750000001, 52.5146484375, 0.18671875000000002])
array('d', [-65.25820312500001, -0.8402343750000001, 51.72109375, 0.18671875000000002])
array('d', [-65.25820312500001, -0.18671875000000002, 52.5146484375, -0.18671875000000002])
array('d', [-65.25820312500001, 0.18671875000000002, 52.09453125, 0.046679687500000004])
array('d', [-65.25820312500001, 0.18671875000000002, 52.09453125, 0.046679687500000004])
array('d', [-64.7447265625, 0.56015625, 52.141210937500006, 0.280078125])
array('d', [-64.884765625, -0.56015625, 51.627734375, 0.280078125])
array('d', [-64.884765625, -0.56015625, 51.627734375, 0.09335937500000001])
array('d', [-64.884765625, -0.56015625, 51.627734375, 0.09335937500000001])
array('d', [-64.884765625, -0.56015625, 51.627734375, 0.09335937500000001])
array('d', [-64.884765625, -0.56015625, 51.627734375, 0.09335937500000001])
array('d', [-64.884765625, -0.56015625, 51.627734375, 0.09335937500000001])
array('d', [-65.25820312500001, 0.93359375, 51.72109375, -0.1400390625])
array('d', [-64.6046875, -0.1400390625, 51.674414062500006, 0.5134765625000001])
array('d', [-65.444921875, -0.09335937500000001, 51.72109375, 0.09335937500000001])
array('d', [-65.444921875, -0.09335937500000001, 51.72109375, 0.046679687500000004])
array('d', [-64.3712890625, -0.18671875000000002, 51.72109375, 0.046679687500000004])
array('d', [-64.6046875, 0.18671875000000002, 51.767773437500004, -0.18671875000000002])
array('d', [-64.6046875, -0.466796875, 52.141210937500006, 0.466796875])
array('d', [-65.6783203125, -0.466796875, 52.141210937500006, 0.466796875])
array('d', [-64.4646484375, -0.466796875, 51.72109375, 0.046679687500000004])
array('d', [-66.7052734375, 0.1400390625, 52.5146484375, -0.18671875000000002])
array('d', [-66.7052734375, 0.1400390625, 52.5146484375, -0.18671875000000002])
array('d', [-64.4646484375, 0.18671875000000002, 51.72109375, -0.18671875000000002])
array('d', [-65.3515625, -0.1400390625, 52.934765625000004, -0.1400390625])
array('d', [-65.3515625, -0.1400390625, 52.141210937500006, 0.280078125])
array('d', [-65.3515625, -0.1400390625, 52.141210937500006, 0.280078125])
array('d', [-65.3515625, -0.1400390625, 52.141210937500006, 0.280078125])
array('d', [-64.2779296875, -0.1400390625, 52.141210937500006, 0.2333984375])
array('d', [-64.04453125, 0.18671875000000002, 52.934765625000004, 0.2333984375])
array('d', [-64.4646484375, 0.18671875000000002, 52.5146484375, -0.18671875000000002])
array('d', [-64.4646484375, 0.8869140625, 52.187890625, -0.18671875000000002])
array('d', [-64.9314453125, 0.8869140625, 52.187890625, 0.046679687500000004])
array('d', [-66.1451171875, -0.1400390625, 51.300976562500004, 0.046679687500000004])
array('d', [-64.9314453125, -0.18671875000000002, 51.72109375, 0.046679687500000004])
array('d', [-64.698046875, -0.1400390625, 52.187890625, 0.2333984375])
array('d', [-64.698046875, -0.2333984375, 51.254296875, 0.5134765625000001])
array('d', [-64.698046875, -0.2333984375, 51.254296875, -0.18671875000000002])
array('d', [-64.698046875, -0.2333984375, 51.254296875, -0.18671875000000002])
array('d', [-64.698046875, -0.2333984375, 51.254296875, -0.18671875000000002])
array('d', [-64.698046875, -0.2333984375, 51.254296875, -0.18671875000000002])
array('d', [-64.698046875, -0.1400390625, 51.34765625, -0.18671875000000002])
array('d', [-64.9314453125, -0.1400390625, 51.72109375, 0.2333984375])
array('d', [-64.511328125, 0.5134765625000001, 52.187890625, 0.466796875])
array('d', [-64.511328125, 0.5134765625000001, 52.187890625, 0.466796875])
array('d', [-65.16484375, 0.56015625, 51.72109375, 0.046679687500000004])
array('d', [-64.698046875, -0.1400390625, 51.767773437500004, 0.046679687500000004])
array('d', [-64.698046875, -0.18671875000000002, 51.72109375, 0.046679687500000004])
array('d', [-65.02480468750001, -0.18671875000000002, 51.72109375, 0.046679687500000004])
array('d', [-65.16484375, -0.8869140625, 51.72109375, 0.046679687500000004])
array('d', [-65.444921875, 0.1400390625, 52.5146484375, -0.18671875000000002])
array('d', [-65.02480468750001, -0.1400390625, 51.300976562500004, -0.18671875000000002])
array('d', [-65.02480468750001, -0.1400390625, 51.300976562500004, -0.18671875000000002])
array('d', [-65.02480468750001, -0.1400390625, 51.300976562500004, -0.18671875000000002])
array('d', [-65.02480468750001, -0.1400390625, 51.300976562500004, -0.0])
array('d', [-66.7986328125, -0.56015625, 52.141210937500006, -0.0])
array('d', [-65.02480468750001, 0.8869140625, 52.5146484375, -0.1400390625])
array('d', [-65.02480468750001, -0.5134765625000001, 52.141210937500006, -0.1400390625])
array('d', [-64.32460937500001, -0.5134765625000001, 52.141210937500006, 0.18671875000000002])
array('d', [-65.02480468750001, 0.5134765625000001, 52.5146484375, -0.0])
array('d', [-65.02480468750001, 0.5134765625000001, 52.5146484375, -0.0])
array('d', [-65.444921875, -0.1400390625, 50.9275390625, -0.09335937500000001])
array('d', [-65.444921875, -0.466796875, 52.141210937500006, -0.1400390625])
array('d', [-63.904492187500004, -0.466796875, 51.767773437500004, -0.09335937500000001])
array('d', [-63.904492187500004, -0.466796875, 51.767773437500004, -0.09335937500000001])
array('d', [-65.8650390625, -0.1400390625, 51.767773437500004, 0.3267578125])
array('d', [-65.444921875, 0.18671875000000002, 52.5146484375, 0.3267578125])
array('d', [-65.02480468750001, -0.18671875000000002, 51.3943359375, -0.0])
array('d', [-65.16484375, -0.56015625, 52.141210937500006, -0.1400390625])
array('d', [-65.16484375, 0.18671875000000002, 51.72109375, -0.1400390625])
array('d', [-64.6046875, 0.18671875000000002, 51.72109375, -0.1400390625])
array('d', [-65.16484375, -0.2333984375, 52.467968750000004, 0.18671875000000002])
array('d', [-64.7447265625, -0.09335937500000001, 51.72109375, 0.18671875000000002])
array('d', [-65.16484375, 0.18671875000000002, 52.141210937500006, -0.37343750000000003])
array('d', [-64.8380859375, 0.18671875000000002, 52.187890625, -0.0])
array('d', [-64.8380859375, -0.466796875, 51.72109375, -0.09335937500000001])
array('d', [-64.8380859375, -0.466796875, 51.72109375, -0.466796875])
array('d', [-65.02480468750001, 0.5134765625000001, 52.561328125, -0.466796875])
array('d', [-65.02480468750001, 0.5134765625000001, 52.561328125, -0.466796875])
array('d', [-64.04453125, 0.1400390625, 51.300976562500004, -0.1400390625])
array('d', [-65.02480468750001, -0.09335937500000001, 51.72109375, 0.2333984375])
array('d', [-64.8380859375, -0.1400390625, 51.72109375, 0.2333984375])
array('d', [-64.8380859375, -0.1400390625, 51.72109375, 0.2333984375])
array('d', [-64.8380859375, -0.1400390625, 51.72109375, 0.2333984375])
array('d', [-64.8380859375, -0.1400390625, 51.72109375, 0.2333984375])
array('d', [-64.32460937500001, -0.18671875000000002, 52.5146484375, -0.1400390625])
array('d', [-64.32460937500001, -0.8869140625, 51.72109375, -0.1400390625])
array('d', [-63.9978515625, -0.8869140625, 51.72109375, 0.09335937500000001])
array('d', [-65.25820312500001, -0.18671875000000002, 52.141210937500006, 0.09335937500000001])
array('d', [-64.698046875, 0.18671875000000002, 51.72109375, -0.0])
array('d', [-64.698046875, 0.18671875000000002, 52.5146484375, 0.09335937500000001])
array('d', [-65.1181640625, -0.1400390625, 52.5146484375, 0.09335937500000001])
array('d', [-65.1181640625, -0.1400390625, 52.5146484375, 0.09335937500000001])
array('d', [-65.1181640625, -0.1400390625, 52.5146484375, 0.09335937500000001])
array('d', [-64.8380859375, 0.18671875000000002, 52.5146484375, 0.09335937500000001])
array('d', [-66.0517578125, 0.18671875000000002, 52.141210937500006, -0.09335937500000001])
array('d', [-66.0517578125, 0.18671875000000002, 52.0478515625, 0.3267578125])
array('d', [-64.23125, 0.18671875000000002, 52.0478515625, 0.3267578125])
array('d', [-65.1181640625, 0.18671875000000002, 51.767773437500004, -0.0])
array('d', [-64.23125, 0.18671875000000002, 51.72109375, 0.5134765625000001])
array('d', [-64.23125, 0.18671875000000002, 51.72109375, 0.7001953125])
array('d', [-63.9978515625, -0.466796875, 51.674414062500006, 0.7001953125])
array('d', [-65.95839843750001, 0.18671875000000002, 52.467968750000004, -0.42011718750000004])
array('d', [-65.1181640625, -0.1400390625, 51.72109375, -0.42011718750000004])
array('d', [-65.1181640625, -0.1400390625, 51.72109375, -0.42011718750000004])
array('d', [-65.1181640625, -0.1400390625, 51.72109375, -0.42011718750000004])
array('d', [-64.6046875, 0.18671875000000002, 52.561328125, 0.18671875000000002])
array('d', [-64.698046875, 0.2333984375, 51.674414062500006, -0.42011718750000004])
array('d', [-65.818359375, 0.6068359375, 51.72109375, 0.3267578125])
array('d', [-65.818359375, 0.6068359375, 51.72109375, 0.1400390625])
array('d', [-64.137890625, -0.09335937500000001, 51.767773437500004, 0.1400390625])
array('d', [-63.9978515625, -0.18671875000000002, 52.5146484375, 0.37343750000000003])
array('d', [-65.1181640625, 0.18671875000000002, 52.5146484375, 0.37343750000000003])
array('d', [-65.1181640625, 0.18671875000000002, 51.72109375, -0.0])
array('d', [-65.818359375, 0.1400390625, 51.767773437500004, -0.0])
array('d', [-65.3515625, 0.18671875000000002, 52.141210937500006, -0.1400390625])
array('d', [-64.23125, 0.1400390625, 51.72109375, -0.1400390625])
array('d', [-64.23125, 0.1400390625, 52.187890625, -0.3267578125])
array('d', [-65.1181640625, 0.18671875000000002, 52.187890625, -0.466796875])
array('d', [-65.1181640625, 0.18671875000000002, 52.187890625, -0.466796875])
array('d', [-65.1181640625, 0.18671875000000002, 52.187890625, -0.466796875])
array('d', [-65.818359375, -0.466796875, 51.72109375, 0.18671875000000002])
array('d', [-65.818359375, 0.2333984375, 52.09453125, -0.42011718750000004])
array('d', [-65.3515625, 0.2333984375, 52.09453125, -0.42011718750000004])
array('d', [-65.3515625, 0.2333984375, 52.09453125, -0.42011718750000004])
array('d', [-65.3515625, 0.2333984375, 52.09453125, -0.42011718750000004])
array('d', [-64.698046875, -0.18671875000000002, 51.767773437500004, -0.42011718750000004])
array('d', [-66.2384765625, -0.09335937500000001, 51.72109375, 0.280078125])
array('d', [-64.137890625, -0.1400390625, 52.141210937500006, 0.18671875000000002])
array('d', [-64.137890625, -0.1400390625, 52.141210937500006, 0.18671875000000002])
array('d', [-64.137890625, -0.1400390625, 52.141210937500006, 0.18671875000000002])
array('d', [-64.8380859375, -0.09335937500000001, 52.141210937500006, 0.5134765625000001])
array('d', [-64.8380859375, -0.09335937500000001, 52.141210937500006, -0.3267578125])
array('d', [-64.23125, -0.5134765625000001, 52.141210937500006, -0.3267578125])
array('d', [-64.9314453125, -0.18671875000000002, 52.141210937500006, -0.0])
array('d', [-65.95839843750001, 0.56015625, 51.767773437500004, 0.18671875000000002])
array('d', [-65.95839843750001, 0.8869140625, 52.141210937500006, 0.5134765625000001])
array('d', [-64.511328125, 0.8869140625, 52.141210937500006, 0.18671875000000002])
array('d', [-63.391015625, 0.18671875000000002, 52.561328125, 0.18671875000000002])
array('d', [-63.671093750000004, 0.18671875000000002, 52.934765625000004, -0.1400390625])
array('d', [-65.631640625, 0.2333984375, 51.72109375, 0.466796875])
array('d', [-65.631640625, 0.2333984375, 51.72109375, 0.466796875])
array('d', [-65.02480468750001, -0.1400390625, 52.5146484375, 0.09335937500000001])
array('d', [-64.79140625000001, 0.18671875000000002, 52.141210937500006, -0.3267578125])
array('d', [-64.79140625000001, 0.18671875000000002, 52.141210937500006, 0.09335937500000001])
array('d', [-64.79140625000001, 0.18671875000000002, 52.141210937500006, 0.09335937500000001])
array('d', [-64.511328125, 0.2333984375, 52.141210937500006, 0.8869140625])
array('d', [-64.6513671875, 0.2333984375, 52.0478515625, 0.8869140625])
array('d', [-65.02480468750001, -0.56015625, 52.5146484375, -0.046679687500000004])
array('d', [-64.09121093750001, 0.18671875000000002, 52.5146484375, -0.3267578125])
array('d', [-64.09121093750001, 0.18671875000000002, 52.5146484375, -0.5134765625000001])
array('d', [-66.3318359375, -0.1400390625, 51.34765625, -0.5134765625000001])
array('d', [-65.444921875, -0.466796875, 52.141210937500006, -0.5134765625000001])
array('d', [-65.444921875, -0.046679687500000004, 52.5146484375, -1.0269531250000001])
array('d', [-64.79140625000001, -0.046679687500000004, 52.5146484375, -0.42011718750000004])
array('d', [-64.6513671875, 0.466796875, 51.3943359375, -0.3267578125])
array('d', [-64.511328125, -0.1400390625, 51.34765625, 0.18671875000000002])
array('d', [-64.511328125, -0.1400390625, 51.34765625, 0.18671875000000002])
array('d', [-64.511328125, -0.466796875, 51.767773437500004, 0.18671875000000002])
array('d', [-64.511328125, -0.466796875, 51.767773437500004, 0.18671875000000002])
array('d', [-64.511328125, -0.466796875, 51.767773437500004, 0.18671875000000002])
array('d', [-64.511328125, -0.466796875, 51.767773437500004, 0.18671875000000002])
array('d', [-64.511328125, -0.466796875, 51.767773437500004, 0.18671875000000002])
array('d', [-63.811132812500006, -0.1400390625, 51.300976562500004, 0.3267578125])
array('d', [-65.16484375, -0.5134765625000001, 52.561328125, 0.280078125])
array('d', [-65.3515625, -0.5134765625000001, 51.72109375, -0.42011718750000004])
array('d', [-65.3515625, -0.5134765625000001, 51.72109375, -0.42011718750000004])
array('d', [-65.3515625, -0.5134765625000001, 51.72109375, -0.42011718750000004])
array('d', [-65.3515625, -0.5134765625000001, 51.72109375, -0.42011718750000004])
array('d', [-65.16484375, 0.18671875000000002, 52.09453125, 0.280078125])
array('d', [-65.16484375, 0.18671875000000002, 50.9275390625, -0.0])
array('d', [-64.4646484375, 0.18671875000000002, 50.9275390625, -0.0])
array('d', [-64.4646484375, 0.18671875000000002, 50.9275390625, -0.0])
array('d', [-64.4646484375, 0.18671875000000002, 50.9275390625, -0.0])
array('d', [-63.904492187500004, 0.5134765625000001, 51.300976562500004, -0.1400390625])
array('d', [-63.5310546875, -0.1400390625, 51.72109375, 0.5134765625000001])
array('d', [-63.811132812500006, -0.046679687500000004, 52.5146484375, 0.3267578125])
array('d', [-63.811132812500006, -0.046679687500000004, 52.5146484375, 0.3267578125])
array('d', [-66.0517578125, 0.18671875000000002, 51.72109375, 0.7935546875])
array('d', [-64.6513671875, -0.18671875000000002, 52.09453125, -0.0])
array('d', [-64.6513671875, -0.18671875000000002, 52.561328125, 0.09335937500000001])
array('d', [-64.9314453125, 0.56015625, 52.561328125, 0.09335937500000001])
array('d', [-65.5849609375, 0.18671875000000002, 52.141210937500006, -0.5134765625000001])
array('d', [-64.6513671875, 0.2333984375, 52.5146484375, 0.18671875000000002])
array('d', [-64.6513671875, -0.09335937500000001, 51.300976562500004, 0.3267578125])
array('d', [-64.6513671875, -0.09335937500000001, 51.300976562500004, 0.3267578125])
array('d', [-65.16484375, -0.09335937500000001, 51.300976562500004, 0.3267578125])
array('d', [-65.5849609375, 0.5134765625000001, 51.767773437500004, -0.046679687500000004])
array('d', [-66.0517578125, 0.7935546875, 51.767773437500004, -0.0])
array('d', [-66.0517578125, 0.7935546875, 51.767773437500004, -0.0])
array('d', [-64.7447265625, -0.09335937500000001, 51.72109375, -0.046679687500000004])
array('d', [-65.8650390625, -0.09335937500000001, 52.934765625000004, -0.653515625])
array('d', [-65.8650390625, -0.09335937500000001, 52.141210937500006, -0.2333984375])
array('d', [-66.751953125, -0.1400390625, 52.141210937500006, -0.2333984375])
array('d', [-65.8650390625, 0.18671875000000002, 52.09453125, -0.0])
array('d', [-65.8650390625, -0.1400390625, 52.09453125, -0.09335937500000001])
array('d', [-64.9314453125, -0.1400390625, 52.09453125, -0.046679687500000004])
array('d', [-65.5849609375, -0.09335937500000001, 52.141210937500006, -0.046679687500000004])
array('d', [-64.79140625000001, 0.18671875000000002, 53.3548828125, 0.42011718750000004])
array('d', [-65.72500000000001, 0.18671875000000002, 52.5146484375, -0.046679687500000004])
array('d', [-65.72500000000001, 0.18671875000000002, 52.5146484375, -0.046679687500000004])
array('d', [-64.79140625000001, 0.18671875000000002, 52.141210937500006, -0.3267578125])
array('d', [-65.16484375, -0.56015625, 51.72109375, 0.18671875000000002])
array('d', [-63.6244140625, -0.5134765625000001, 52.5146484375, 0.09335937500000001])
array('d', [-63.6244140625, -0.5134765625000001, 52.5146484375, 0.18671875000000002])
array('d', [-65.72500000000001, -0.046679687500000004, 51.72109375, 0.18671875000000002])
array('d', [-64.32460937500001, -0.466796875, 52.0478515625, 0.56015625])
array('d', [-64.137890625, -0.466796875, 52.0478515625, 0.56015625])
array('d', [-64.137890625, -0.466796875, 52.0478515625, 0.56015625])
array('d', [-64.137890625, 0.5134765625000001, 52.5146484375, -0.0])
array('d', [-65.6783203125, 0.1400390625, 52.09453125, 0.466796875])
array('d', [-63.904492187500004, 0.1400390625, 51.767773437500004, -0.0])
array('d', [-64.55800781250001, -0.18671875000000002, 51.767773437500004, -0.0])
array('d', [-65.02480468750001, 0.5134765625000001, 51.34765625, 0.42011718750000004])
array('d', [-64.55800781250001, -0.56015625, 52.934765625000004, -0.1400390625])
array('d', [-64.55800781250001, -0.56015625, 52.934765625000004, -0.1400390625])
array('d', [-64.137890625, -0.18671875000000002, 51.72109375, -0.09335937500000001])
array('d', [-65.818359375, 0.653515625, 52.141210937500006, 0.09335937500000001])
array('d', [-65.818359375, 0.653515625, 52.141210937500006, -0.0])
array('d', [-66.005078125, 0.5134765625000001, 51.674414062500006, 0.09335937500000001])
array('d', [-66.005078125, 0.5134765625000001, 51.674414062500006, -0.7001953125])
array('d', [-65.25820312500001, -0.09335937500000001, 52.561328125, -0.7001953125])
array('d', [-65.25820312500001, -0.09335937500000001, 52.561328125, -0.7001953125])
array('d', [-64.7447265625, -0.5134765625000001, 52.5146484375, 0.42011718750000004])
array('d', [-65.02480468750001, -0.5134765625000001, 51.674414062500006, 0.37343750000000003])
array('d', [-65.25820312500001, 0.1400390625, 51.674414062500006, -0.2333984375])
array('d', [-66.005078125, 0.18671875000000002, 51.72109375, -0.2333984375])
array('d', [-65.444921875, 0.18671875000000002, 50.880859375, 0.09335937500000001])
array('d', [-64.55800781250001, -0.18671875000000002, 51.72109375, 0.56015625])
array('d', [-64.55800781250001, -0.18671875000000002, 51.72109375, 0.56015625])
array('d', [-64.9314453125, 0.466796875, 51.72109375, -0.2333984375])
array('d', [-63.904492187500004, -0.1400390625, 52.561328125, -0.09335937500000001])
array('d', [-63.904492187500004, -0.1400390625, 52.561328125, -0.09335937500000001])
array('d', [-63.904492187500004, -0.1400390625, 52.561328125, -0.09335937500000001])
array('d', [-63.904492187500004, -0.1400390625, 52.561328125, -0.09335937500000001])
array('d', [-63.904492187500004, -0.1400390625, 52.561328125, -0.09335937500000001])
array('d', [-65.02480468750001, 0.2333984375, 51.72109375, -0.046679687500000004])
array('d', [-64.55800781250001, 0.5134765625000001, 52.467968750000004, -0.046679687500000004])
array('d', [-65.6783203125, 0.653515625, 52.187890625, -0.046679687500000004])
array('d', [-65.6783203125, 0.653515625, 51.72109375, -0.0])
array('d', [-65.444921875, 0.2333984375, 51.72109375, -0.0])
array('d', [-65.02480468750001, 0.18671875000000002, 52.187890625, -0.2333984375])
array('d', [-64.7447265625, 0.56015625, 52.5146484375, 0.37343750000000003])
array('d', [-64.7447265625, 0.56015625, 52.5146484375, 0.37343750000000003])
array('d', [-63.6244140625, -0.56015625, 51.3943359375, -0.0])
array('d', [-64.884765625, 0.5134765625000001, 52.5146484375, -0.09335937500000001])
array('d', [-65.25820312500001, -0.2333984375, 51.72109375, 0.1400390625])
array('d', [-64.7447265625, 0.18671875000000002, 51.767773437500004, -0.42011718750000004])
array('d', [-65.02480468750001, 0.56015625, 52.6546875, -0.42011718750000004])
array('d', [-64.698046875, 0.56015625, 52.187890625, -0.1400390625])
array('d', [-65.818359375, -0.18671875000000002, 51.767773437500004, -0.0])
array('d', [-65.818359375, -0.18671875000000002, 51.767773437500004, -0.0])
array('d', [-66.1451171875, 0.18671875000000002, 52.141210937500006, -0.5134765625000001])
array('d', [-64.137890625, -0.18671875000000002, 51.34765625, 0.09335937500000001])
array('d', [-64.698046875, -0.18671875000000002, 52.6546875, -0.0])
array('d', [-64.698046875, -0.18671875000000002, 52.6546875, -0.0])
array('d', [-64.884765625, -0.56015625, 51.767773437500004, -0.56015625])
array('d', [-64.2779296875, -0.18671875000000002, 50.974218750000006, -0.0])
array('d', [-64.2779296875, -0.18671875000000002, 50.974218750000006, -0.56015625])
array('d', [-64.698046875, -0.5134765625000001, 52.141210937500006, -0.56015625])
array('d', [-64.698046875, -0.8402343750000001, 52.141210937500006, -0.09335937500000001])
array('d', [-64.978125, -0.1400390625, 52.141210937500006, -0.1400390625])
array('d', [-64.137890625, 0.18671875000000002, 51.814453125, -0.2333984375])
array('d', [-64.137890625, 0.466796875, 51.3943359375, 0.1400390625])
array('d', [-63.8578125, 0.466796875, 51.3943359375, 0.1400390625])
array('d', [-64.2779296875, 0.56015625, 52.141210937500006, -0.0])
array('d', [-64.2779296875, 0.93359375, 53.308203125000006, -0.42011718750000004])
array('d', [-64.2779296875, -0.18671875000000002, 52.467968750000004, -0.280078125])
array('d', [-65.3982421875, -0.18671875000000002, 52.467968750000004, -0.280078125])
array('d', [-65.3982421875, -0.18671875000000002, 52.467968750000004, -0.280078125])
array('d', [-64.6046875, 0.466796875, 52.141210937500006, 0.37343750000000003])
array('d', [-64.6046875, -0.2333984375, 52.187890625, 0.09335937500000001])
array('d', [-64.884765625, -0.2333984375, 52.187890625, 0.09335937500000001])
array('d', [-64.884765625, -0.2333984375, 52.187890625, 0.09335937500000001])
array('d', [-64.884765625, -0.2333984375, 52.187890625, 0.09335937500000001])
array('d', [-65.3982421875, -0.18671875000000002, 51.3943359375, -0.3267578125])
array('d', [-64.978125, -0.2333984375, 51.627734375, 0.2333984375])
array('d', [-64.978125, -0.2333984375, 51.627734375, -0.046679687500000004])
array('d', [-63.344335937500006, -0.466796875, 52.09453125, -0.046679687500000004])
array('d', [-65.3982421875, -0.56015625, 52.141210937500006, -0.0])
array('d', [-63.577734375000006, 0.18671875000000002, 52.934765625000004, -0.046679687500000004])
array('d', [-63.577734375000006, 0.18671875000000002, 52.934765625000004, -0.046679687500000004])
array('d', [-63.577734375000006, 0.18671875000000002, 52.934765625000004, -0.046679687500000004])
array('d', [-64.4646484375, 0.09335937500000001, 51.767773437500004, 0.1400390625])
array('d', [-65.3982421875, -0.56015625, 52.561328125, 0.56015625])
array('d', [-64.6046875, 0.280078125, 52.09453125, -0.3267578125])
array('d', [-64.6046875, 0.280078125, 51.767773437500004, -0.0])
array('d', [-65.16484375, 0.1400390625, 51.767773437500004, -0.0])
array('d', [-64.884765625, -0.37343750000000003, 51.3943359375, -0.2333984375])
array('d', [-65.3982421875, 0.1400390625, 51.72109375, -0.3267578125])
array('d', [-65.5849609375, -0.18671875000000002, 51.72109375, -0.0])
array('d', [-64.978125, -0.1400390625, 51.3943359375, -0.0])
array('d', [-64.978125, -0.1400390625, 52.6546875, -0.1400390625])
array('d', [-64.978125, -0.1400390625, 52.5146484375, -0.0])
array('d', [-64.4646484375, -0.09335937500000001, 52.5146484375, -0.0])
array('d', [-64.1845703125, -0.1400390625, 52.934765625000004, -0.0])
array('d', [-65.3048828125, -0.09335937500000001, 51.3943359375, -0.280078125])
array('d', [-65.3048828125, -0.09335937500000001, 51.3943359375, -0.280078125])
array('d', [-64.8380859375, -0.466796875, 51.300976562500004, 0.5134765625000001])
array('d', [-65.8650390625, -0.466796875, 51.300976562500004, 0.5134765625000001])
array('d', [-65.8650390625, -0.466796875, 50.974218750000006, -0.1400390625])
array('d', [-64.6046875, 0.1400390625, 52.141210937500006, -0.1400390625])
array('d', [-64.7447265625, -0.1400390625, 52.187890625, -0.0])
array('d', [-64.7447265625, -0.1400390625, 52.187890625, -0.0])
array('d', [-64.7447265625, -0.1400390625, 52.187890625, -0.0])
array('d', [-64.7447265625, -0.1400390625, 52.187890625, -0.0])
array('d', [-64.8380859375, 0.09335937500000001, 52.141210937500006, -0.1400390625])
array('d', [-64.978125, 0.18671875000000002, 51.72109375, 0.1400390625])
array('d', [-64.978125, 0.18671875000000002, 51.72109375, -0.1400390625])
array('d', [-64.978125, 0.7935546875, 52.467968750000004, -0.1400390625])
array('d', [-64.1845703125, 0.466796875, 51.72109375, 0.2333984375])
array('d', [-64.8380859375, 0.18671875000000002, 51.72109375, -0.0])
array('d', [-64.8380859375, 0.18671875000000002, 52.5146484375, -0.8402343750000001])
array('d', [-65.1181640625, 0.7935546875, 52.5146484375, -0.8402343750000001])
array('d', [-64.8380859375, -0.18671875000000002, 51.72109375, 0.1400390625])
array('d', [-65.1181640625, -0.2333984375, 52.9814453125, 0.280078125])
array('d', [-65.1181640625, -0.2333984375, 52.9814453125, 0.42011718750000004])
array('d', [-65.1181640625, -0.1400390625, 52.28125, 0.42011718750000004])
array('d', [-64.7447265625, 0.5134765625000001, 52.187890625, -0.42011718750000004])
array('d', [-64.978125, -0.1400390625, 52.5146484375, -0.0])
array('d', [-64.978125, -0.1400390625, 51.72109375, 0.2333984375])
array('d', [-64.41796875, -0.09335937500000001, 51.72109375, 0.2333984375])
array('d', [-63.7177734375, -0.1400390625, 52.187890625, 0.1400390625])
array('d', [-64.6046875, 0.18671875000000002, 52.141210937500006, -0.0])
array('d', [-63.8578125, -0.42011718750000004, 51.767773437500004, 0.280078125])
array('d', [-63.8578125, -0.42011718750000004, 51.767773437500004, -0.42011718750000004])
array('d', [-64.978125, -0.1400390625, 52.141210937500006, -0.42011718750000004])
array('d', [-64.978125, -0.1400390625, 52.141210937500006, -0.42011718750000004])
array('d', [-64.978125, -0.09335937500000001, 52.6546875, 0.42011718750000004])
array('d', [-65.49160156250001, 0.7935546875, 51.767773437500004, 0.37343750000000003])
array('d', [-64.884765625, -0.09335937500000001, 51.814453125, -0.1400390625])
array('d', [-63.8578125, 0.56015625, 51.767773437500004, -0.1400390625])
array('d', [-65.49160156250001, -0.09335937500000001, 52.6546875, 0.42011718750000004])
array('d', [-65.49160156250001, -0.09335937500000001, 52.6546875, -0.280078125])
array('d', [-64.137890625, -0.09335937500000001, 51.3943359375, -0.280078125])
array('d', [-65.6783203125, 0.1400390625, 51.767773437500004, 0.280078125])
array('d', [-63.764453125, 0.18671875000000002, 52.0478515625, -0.1400390625])
array('d', [-63.764453125, 0.18671875000000002, 52.0478515625, -0.1400390625])
array('d', [-63.764453125, 0.18671875000000002, 52.0478515625, -0.1400390625])
array('d', [-63.8578125, -0.046679687500000004, 52.561328125, -0.1400390625])
array('d', [-65.1181640625, -0.09335937500000001, 51.767773437500004, -0.280078125])
array('d', [-65.1181640625, -0.09335937500000001, 51.814453125, 0.1400390625])
array('d', [-64.32460937500001, 0.18671875000000002, 51.814453125, 0.1400390625])
array('d', [-65.6783203125, -0.7935546875, 52.6546875, -0.1400390625])
array('d', [-64.32460937500001, -0.7935546875, 51.3943359375, -0.1400390625])
array('d', [-64.32460937500001, 0.42011718750000004, 52.5146484375, 0.1400390625])
array('d', [-65.3048828125, -0.1400390625, 52.5146484375, 0.1400390625])
array('d', [-64.978125, -0.18671875000000002, 52.5146484375, -0.1400390625])
array('d', [-64.978125, -0.18671875000000002, 52.5146484375, -0.1400390625])
array('d', [-64.7447265625, -0.2333984375, 51.3943359375, 0.56015625])
array('d', [-65.3048828125, -0.2333984375, 52.6546875, -0.1400390625])
array('d', [-65.3048828125, -0.2333984375, 51.767773437500004, -0.280078125])
array('d', [-64.884765625, -0.18671875000000002, 51.767773437500004, -0.280078125])
array('d', [-65.631640625, 0.8402343750000001, 51.3943359375, -0.7001953125])
array('d', [-64.978125, 0.18671875000000002, 51.72109375, 0.280078125])
array('d', [-63.577734375000006, 0.18671875000000002, 51.3943359375, 0.280078125])
array('d', [-63.577734375000006, 1.213671875, 52.6546875, 0.1400390625])
array('d', [-64.978125, 1.213671875, 52.6546875, -0.280078125])
array('d', [-64.8380859375, -0.18671875000000002, 52.187890625, -0.280078125])
array('d', [-64.8380859375, -0.18671875000000002, 52.187890625, -0.280078125])
array('d', [-64.8380859375, -0.18671875000000002, 52.187890625, -0.280078125])
array('d', [-64.8380859375, -0.18671875000000002, 52.187890625, -0.280078125])
array('d', [-65.071484375, 0.8869140625, 51.767773437500004, -0.280078125])
array('d', [-63.9978515625, 0.56015625, 52.187890625, -0.280078125])
array('d', [-64.137890625, -0.1400390625, 51.767773437500004, 0.280078125])
array('d', [-64.137890625, -0.1400390625, 51.767773437500004, 0.280078125])
array('d', [-65.3982421875, -0.653515625, 51.3943359375, -0.280078125])
array('d', [-65.3982421875, -0.653515625, 51.3943359375, 0.42011718750000004])
array('d', [-65.3982421875, 0.280078125, 51.3943359375, 0.42011718750000004])
array('d', [-64.978125, 0.56015625, 52.561328125, -0.0])
array('d', [-65.25820312500001, 0.466796875, 51.72109375, 0.42011718750000004])
array('d', [-65.25820312500001, -0.466796875, 52.187890625, -0.0])
array('d', [-64.09121093750001, -0.466796875, 52.187890625, -0.0])
array('d', [-64.8380859375, -0.42011718750000004, 51.72109375, -0.0])
array('d', [-65.3982421875, 0.1400390625, 51.441015625000006, -0.0])
array('d', [-65.3982421875, 0.1400390625, 52.141210937500006, 0.42011718750000004])
array('d', [-64.09121093750001, 0.56015625, 52.141210937500006, -0.1400390625])
array('d', [-63.391015625, 0.280078125, 52.187890625, -0.1400390625])
array('d', [-64.978125, 0.09335937500000001, 52.141210937500006, -0.1400390625])
array('d', [-65.3982421875, -0.18671875000000002, 50.6474609375, -0.56015625])
array('d', [-65.071484375, 0.56015625, 52.187890625, -0.280078125])
array('d', [-63.9978515625, 0.18671875000000002, 51.767773437500004, -0.56015625])
array('d', [-63.9978515625, 0.18671875000000002, 51.767773437500004, -0.56015625])
array('d', [-63.9978515625, 0.18671875000000002, 51.767773437500004, -0.56015625])
array('d', [-64.2779296875, 0.18671875000000002, 52.561328125, -0.56015625])
array('d', [-63.7177734375, -0.1400390625, 51.34765625, -0.0])
array('d', [-65.25820312500001, 0.18671875000000002, 52.28125, 0.1400390625])
array('d', [-65.25820312500001, -0.18671875000000002, 51.3943359375, -0.0])
array('d', [-63.9978515625, -0.18671875000000002, 51.3943359375, -0.0])
array('d', [-65.1181640625, 0.466796875, 52.141210937500006, -0.56015625])
array('d', [-65.1181640625, 0.280078125, 52.561328125, -0.56015625])
array('d', [-65.1181640625, 0.280078125, 52.561328125, 0.56015625])
array('d', [-65.3982421875, -0.046679687500000004, 51.72109375, 0.56015625])
array('d', [-64.698046875, -0.09335937500000001, 51.767773437500004, -0.280078125])
array('d', [-65.1181640625, 0.18671875000000002, 52.141210937500006, -0.280078125])
array('d', [-65.1181640625, 0.09335937500000001, 52.187890625, -0.0])
array('d', [-64.41796875, 0.09335937500000001, 52.187890625, -0.280078125])
array('d', [-64.41796875, 0.09335937500000001, 52.187890625, -0.280078125])
array('d', [-65.3048828125, -0.1400390625, 52.9814453125, -0.1400390625])
array('d', [-65.3048828125, -0.1400390625, 52.5146484375, 0.42011718750000004])
array('d', [-64.2779296875, -0.18671875000000002, 52.5146484375, 0.42011718750000004])
array('d', [-64.698046875, 0.18671875000000002, 51.767773437500004, 0.280078125])
array('d', [-64.698046875, 0.466796875, 52.187890625, -0.0])
array('d', [-64.698046875, 0.466796875, 51.767773437500004, -0.0])
array('d', [-64.09121093750001, -0.1400390625, 51.767773437500004, -0.0])
array('d', [-64.09121093750001, 0.18671875000000002, 51.767773437500004, -0.0])
array('d', [-64.978125, -0.18671875000000002, 51.300976562500004, 0.280078125])
array('d', [-64.978125, -0.18671875000000002, 51.3943359375, -0.1400390625])
array('d', [-63.9978515625, 0.18671875000000002, 51.3943359375, -0.1400390625])
array('d', [-65.3982421875, 0.6068359375, 52.9814453125, -0.7001953125])
array('d', [-64.698046875, 0.18671875000000002, 51.767773437500004, -0.1400390625])
array('d', [-64.698046875, 0.280078125, 51.767773437500004, -0.56015625])
array('d', [-64.698046875, 0.280078125, 51.767773437500004, -0.56015625])
array('d', [-64.698046875, 0.280078125, 51.767773437500004, -0.56015625])
array('d', [-64.698046875, 0.280078125, 51.767773437500004, -0.56015625])
array('d', [-65.1181640625, 0.280078125, 51.767773437500004, -0.56015625])
array('d', [-64.8380859375, 0.18671875000000002, 51.3943359375, 0.1400390625])
array('d', [-63.7177734375, 0.1400390625, 52.187890625, -0.0])
array('d', [-64.2779296875, 0.42011718750000004, 51.300976562500004, -0.1400390625])
array('d', [-64.2779296875, 0.42011718750000004, 51.300976562500004, -0.3267578125])
array('d', [-63.9978515625, -0.18671875000000002, 52.187890625, -0.3267578125])
array('d', [-64.41796875, 0.280078125, 51.3943359375, -0.8869140625])
array('d', [-64.41796875, 0.280078125, 51.3943359375, -0.8869140625])
array('d', [-65.25820312500001, 0.280078125, 51.72109375, 0.1400390625])
array('d', [-65.818359375, 0.09335937500000001, 52.187890625, 0.42011718750000004])
array('d', [-65.818359375, 0.09335937500000001, 52.187890625, 0.1400390625])
array('d', [-65.818359375, 0.09335937500000001, 52.187890625, 0.1400390625])
array('d', [-65.1181640625, -0.466796875, 53.028125, 0.1400390625])
array('d', [-66.005078125, -0.466796875, 53.028125, 0.1400390625])
array('d', [-63.484375, 0.18671875000000002, 51.3943359375, 0.1400390625])
array('d', [-63.484375, 0.18671875000000002, 51.3943359375, 0.1400390625])
array('d', [-64.698046875, 0.42011718750000004, 51.814453125, -0.1400390625])
array('d', [-64.8380859375, -0.42011718750000004, 51.767773437500004, -0.1400390625])
array('d', [-64.6046875, 0.09335937500000001, 52.187890625, -0.6068359375])
array('d', [-64.6046875, 0.09335937500000001, 52.187890625, -0.6068359375])
array('d', [-64.8380859375, -0.466796875, 52.141210937500006, -0.046679687500000004])
array('d', [-64.2779296875, 0.18671875000000002, 50.974218750000006, 0.42011718750000004])
array('d', [-64.2779296875, -0.7468750000000001, 51.767773437500004, -0.1400390625])
array('d', [-64.2779296875, -0.7468750000000001, 51.767773437500004, -0.1400390625])
array('d', [-64.2779296875, -0.7468750000000001, 51.767773437500004, -0.1400390625])
array('d', [-64.698046875, -0.37343750000000003, 51.767773437500004, -0.0])
array('d', [-64.698046875, -0.37343750000000003, 52.187890625, 0.42011718750000004])
array('d', [-64.4646484375, -0.466796875, 52.187890625, 0.42011718750000004])
array('d', [-65.91171875, -0.18671875000000002, 52.5146484375, -0.280078125])
array('d', [-64.7447265625, 0.18671875000000002, 51.3943359375, 0.42011718750000004])
array('d', [-64.7447265625, 0.18671875000000002, 51.3943359375, 0.42011718750000004])
array('d', [-64.698046875, 0.18671875000000002, 51.767773437500004, 0.42011718750000004])
array('d', [-65.3048828125, -0.1400390625, 51.34765625, -0.0])
array('d', [-65.3048828125, -0.18671875000000002, 52.141210937500006, -0.280078125])
array('d', [-67.965625, -0.18671875000000002, 52.141210937500006, -0.280078125])
array('d', [-64.41796875, -0.42011718750000004, 52.141210937500006, -0.280078125])
array('d', [-64.41796875, -0.42011718750000004, 52.141210937500006, -0.280078125])
array('d', [-64.41796875, -0.42011718750000004, 52.141210937500006, -0.280078125])
array('d', [-64.4646484375, -0.1400390625, 52.187890625, 0.1400390625])
array('d', [-64.4646484375, -0.1400390625, 52.187890625, 0.280078125])
array('d', [-65.16484375, 0.09335937500000001, 51.34765625, 0.280078125])
array('d', [-64.4646484375, 0.3267578125, 51.441015625000006, 0.1400390625])
array('d', [-63.484375, 0.466796875, 51.34765625, -0.56015625])
array('d', [-63.484375, -0.18671875000000002, 52.141210937500006, 0.1400390625])
array('d', [-65.3048828125, 0.1400390625, 51.3943359375, 0.56015625])
array('d', [-65.16484375, 0.280078125, 52.141210937500006, -0.280078125])
array('d', [-65.5849609375, 0.18671875000000002, 51.3943359375, -0.1400390625])
array('d', [-66.1451171875, 0.42011718750000004, 51.767773437500004, -0.280078125])
array('d', [-66.1451171875, 0.42011718750000004, 52.141210937500006, 0.280078125])
array('d', [-65.3048828125, -0.56015625, 52.141210937500006, 0.280078125])
array('d', [-63.8578125, 0.466796875, 51.34765625, -0.466796875])
array('d', [-64.698046875, -0.1400390625, 51.814453125, 0.56015625])
array('d', [-65.3515625, -0.466796875, 52.141210937500006, -0.18671875000000002])
array('d', [-65.3515625, -0.466796875, 52.141210937500006, -0.18671875000000002])
array('d', [-64.41796875, -0.18671875000000002, 51.767773437500004, 0.046679687500000004])
array('d', [-65.3515625, 0.1400390625, 51.767773437500004, 0.046679687500000004])
array('d', [-65.3515625, 0.1400390625, 52.141210937500006, -0.8869140625])
array('d', [-65.3515625, 0.1400390625, 52.141210937500006, -0.8869140625])
array('d', [-64.698046875, -0.7935546875, 52.187890625, -0.280078125])
array('d', [-64.698046875, -0.7935546875, 52.187890625, -0.0])
array('d', [-64.978125, 0.09335937500000001, 52.141210937500006, -0.0])
array('d', [-64.978125, 0.09335937500000001, 52.141210937500006, -0.0])
array('d', [-64.698046875, 0.18671875000000002, 51.72109375, 0.2333984375])
array('d', [-66.19179687500001, 0.1400390625, 52.187890625, 0.2333984375])
array('d', [-64.41796875, -0.1400390625, 52.187890625, -0.0])
array('d', [-64.41796875, -0.1400390625, 52.187890625, -0.0])
array('d', [-64.41796875, -0.1400390625, 52.187890625, -0.0])
array('d', [-64.09121093750001, 0.6068359375, 52.187890625, -0.56015625])
array('d', [-65.16484375, 0.1400390625, 51.34765625, -0.1400390625])
array('d', [-65.16484375, 0.1400390625, 51.674414062500006, 0.466796875])
array('d', [-65.02480468750001, 0.1400390625, 51.674414062500006, 0.466796875])
array('d', [-65.02480468750001, 0.1400390625, 51.674414062500006, 0.466796875])
array('d', [-64.4646484375, -0.7468750000000001, 51.767773437500004, -0.1400390625])
array('d', [-64.4646484375, -0.7468750000000001, 51.767773437500004, -0.280078125])
array('d', [-65.02480468750001, 0.18671875000000002, 51.8611328125, 0.5134765625000001])
array('d', [-65.02480468750001, 0.18671875000000002, 51.8611328125, 0.5134765625000001])
array('d', [-64.6046875, 0.56015625, 51.767773437500004, 0.1400390625])
array('d', [-67.21875, 0.09335937500000001, 51.767773437500004, 0.1400390625])
array('d', [-63.951171875, -0.18671875000000002, 51.767773437500004, 0.18671875000000002])
array('d', [-64.41796875, 0.280078125, 52.141210937500006, -0.280078125])
array('d', [-65.02480468750001, -0.1400390625, 51.767773437500004, 0.1400390625])
array('d', [-64.41796875, 0.56015625, 50.974218750000006, 0.1400390625])
array('d', [-64.79140625000001, 0.18671875000000002, 51.3943359375, -0.280078125])
array('d', [-65.49160156250001, -0.046679687500000004, 51.72109375, -0.1400390625])
array('d', [-65.02480468750001, -0.42011718750000004, 51.72109375, -0.1400390625])
array('d', [-65.02480468750001, -0.42011718750000004, 51.814453125, -0.0])
array('d', [-64.698046875, 0.1400390625, 51.814453125, -0.3267578125])
array('d', [-65.02480468750001, -0.466796875, 51.767773437500004, -0.3267578125])
array('d', [-65.02480468750001, -0.466796875, 51.767773437500004, -0.3267578125])
array('d', [-65.3515625, 0.1400390625, 51.767773437500004, -0.3267578125])
array('d', [-64.09121093750001, -0.42011718750000004, 52.187890625, -0.0])
array('d', [-65.49160156250001, -0.046679687500000004, 52.187890625, -0.0])
array('d', [-65.49160156250001, -0.046679687500000004, 51.3943359375, -0.0])
array('d', [-64.698046875, 0.280078125, 51.3943359375, -0.0])
array('d', [-65.6783203125, -0.42011718750000004, 51.767773437500004, 0.046679687500000004])
array('d', [-65.7716796875, -0.280078125, 52.187890625, -0.3267578125])
array('d', [-65.7716796875, -0.280078125, 52.187890625, -0.3267578125])
array('d', [-64.41796875, -0.18671875000000002, 52.141210937500006, 0.1400390625])
array('d', [-65.7716796875, -0.7468750000000001, 52.187890625, -0.0])
array('d', [-64.09121093750001, 0.09335937500000001, 51.814453125, 0.6068359375])
array('d', [-64.09121093750001, 0.09335937500000001, 51.814453125, 0.6068359375])
array('d', [-65.91171875, 0.09335937500000001, 52.187890625, 0.6068359375])
array('d', [-64.698046875, 0.1400390625, 52.187890625, 0.42011718750000004])
array('d', [-64.698046875, -0.046679687500000004, 51.767773437500004, -0.0])
array('d', [-64.09121093750001, -0.046679687500000004, 51.767773437500004, -0.0])
array('d', [-64.41796875, 0.1400390625, 52.141210937500006, -0.7468750000000001])
array('d', [-65.7716796875, 0.18671875000000002, 52.141210937500006, 0.7001953125])
array('d', [-65.7716796875, 0.18671875000000002, 52.141210937500006, 0.7001953125])
array('d', [-64.79140625000001, 0.7935546875, 51.814453125, 0.466796875])
array('d', [-64.698046875, 0.1400390625, 52.6546875, -0.42011718750000004])
array('d', [-64.978125, 0.6068359375, 51.3943359375, -0.18671875000000002])
array('d', [-64.978125, 0.6068359375, 51.3943359375, 0.046679687500000004])
array('d', [-65.02480468750001, 0.09335937500000001, 52.141210937500006, 0.046679687500000004])
array('d', [-64.09121093750001, -0.42011718750000004, 52.187890625, 0.09335937500000001])
array('d', [-64.09121093750001, -0.42011718750000004, 52.187890625, 0.09335937500000001])
array('d', [-64.09121093750001, -0.42011718750000004, 52.187890625, 0.09335937500000001])
array('d', [-64.09121093750001, -0.42011718750000004, 52.187890625, 0.09335937500000001])
array('d', [-65.02480468750001, 0.09335937500000001, 51.767773437500004, 0.466796875])
array('d', [-63.951171875, -0.046679687500000004, 52.187890625, 0.09335937500000001])
array('d', [-63.951171875, -0.046679687500000004, 53.028125, -0.1400390625])
array('d', [-63.951171875, -0.1400390625, 53.028125, -0.1400390625])
array('d', [-65.6783203125, -0.1400390625, 52.141210937500006, -0.1400390625])
array('d', [-65.02480468750001, 0.09335937500000001, 52.141210937500006, -0.1400390625])
array('d', [-64.2779296875, -0.653515625, 51.3943359375, 0.466796875])
array('d', [-64.2779296875, -0.653515625, 51.3943359375, 0.466796875])
array('d', [-62.830859375, -0.1400390625, 50.974218750000006, -0.1400390625])
array('d', [-65.818359375, -0.280078125, 51.767773437500004, 0.1400390625])
array('d', [-64.79140625000001, -0.1400390625, 51.767773437500004, -0.0])
array('d', [-64.79140625000001, -0.1400390625, 51.767773437500004, -0.0])
array('d', [-64.79140625000001, -0.42011718750000004, 52.141210937500006, -0.1400390625])
array('d', [-64.6046875, -0.42011718750000004, 52.141210937500006, -0.7935546875])
array('d', [-65.2115234375, 0.280078125, 52.187890625, -0.7935546875])
array('d', [-64.137890625, 0.1400390625, 51.767773437500004, -0.1400390625])
array('d', [-65.2115234375, 0.280078125, 52.6546875, 0.37343750000000003])
array('d', [-65.071484375, -0.1400390625, 52.187890625, 0.37343750000000003])
array('d', [-65.071484375, -0.18671875000000002, 52.187890625, 0.466796875])
array('d', [-65.071484375, -0.18671875000000002, 51.767773437500004, -0.09335937500000001])
array('d', [-64.79140625000001, 0.280078125, 51.767773437500004, -0.09335937500000001])
array('d', [-65.53828125, 0.18671875000000002, 52.5146484375, -0.0])
array('d', [-65.53828125, 0.18671875000000002, 52.5146484375, -0.0])
array('d', [-65.53828125, 0.18671875000000002, 52.5146484375, -0.0])
array('d', [-65.53828125, 0.37343750000000003, 51.767773437500004, -0.0])
array('d', [-65.3982421875, 0.37343750000000003, 51.767773437500004, -0.0])
array('d', [-63.7177734375, 0.0, 52.9814453125, 0.18671875000000002])
array('d', [-64.79140625000001, 0.0, 51.767773437500004, 0.37343750000000003])
array('d', [-64.79140625000001, 0.466796875, 52.187890625, -0.2333984375])
array('d', [-64.4646484375, 0.5134765625000001, 52.187890625, -0.2333984375])
array('d', [-63.7177734375, 0.09335937500000001, 51.767773437500004, -0.3267578125])
array('d', [-63.7177734375, 0.09335937500000001, 51.767773437500004, -0.3267578125])
array('d', [-65.3982421875, -0.18671875000000002, 51.3943359375, 0.09335937500000001])
array('d', [-64.04453125, -0.37343750000000003, 52.561328125, -0.1400390625])
array('d', [-64.04453125, -0.37343750000000003, 52.561328125, -0.0])
array('d', [-65.2115234375, -0.37343750000000003, 52.561328125, -0.0])
array('d', [-65.2115234375, -0.37343750000000003, 52.561328125, -0.0])
array('d', [-65.2115234375, 0.653515625, 52.187890625, 0.466796875])
array('d', [-64.4646484375, 0.1400390625, 51.767773437500004, 0.466796875])
array('d', [-65.2115234375, -0.046679687500000004, 52.141210937500006, -0.42011718750000004])
array('d', [-65.071484375, 0.18671875000000002, 52.141210937500006, -0.42011718750000004])
array('d', [-65.071484375, 0.18671875000000002, 51.72109375, -0.0])
array('d', [-64.04453125, -0.18671875000000002, 52.187890625, 0.280078125])
array('d', [-63.7177734375, 0.280078125, 52.5146484375, 0.1400390625])
array('d', [-63.7177734375, 0.280078125, 52.5146484375, 0.1400390625])
array('d', [-66.19179687500001, -0.1400390625, 51.814453125, 0.046679687500000004])
array('d', [-65.53828125, -0.18671875000000002, 52.6546875, 0.18671875000000002])
array('d', [-65.53828125, -0.56015625, 51.814453125, -0.1400390625])
array('d', [-65.53828125, -0.56015625, 51.814453125, -0.1400390625])
array('d', [-65.53828125, -0.56015625, 51.814453125, -0.1400390625])
array('d', [-65.53828125, -0.56015625, 52.187890625, -0.5134765625000001])
array('d', [-64.6046875, 0.1400390625, 52.187890625, -0.5134765625000001])
array('d', [-64.04453125, 0.653515625, 52.187890625, -0.7468750000000001])
array('d', [-64.4646484375, -0.56015625, 52.141210937500006, 0.18671875000000002])
array('d', [-64.4646484375, -0.56015625, 52.141210937500006, 0.280078125])
array('d', [-64.79140625000001, 0.466796875, 51.767773437500004, -0.42011718750000004])
array('d', [-64.79140625000001, 0.466796875, 51.767773437500004, 0.6068359375])
array('d', [-65.2115234375, 0.1400390625, 52.187890625, 0.6068359375])
array('d', [-65.2115234375, -0.18671875000000002, 50.974218750000006, -0.2333984375])
array('d', [-65.2115234375, -0.466796875, 52.187890625, -0.1400390625])
array('d', [-65.071484375, -0.56015625, 52.141210937500006, -0.3267578125])
array('d', [-65.071484375, -0.56015625, 52.141210937500006, -0.3267578125])
array('d', [-64.2779296875, -0.37343750000000003, 51.34765625, -0.3267578125])
array('d', [-64.2779296875, -0.37343750000000003, 51.34765625, -0.3267578125])
array('d', [-64.2779296875, -0.37343750000000003, 51.34765625, -0.3267578125])
array('d', [-64.2779296875, -0.37343750000000003, 51.34765625, -0.3267578125])
array('d', [-64.2779296875, -0.37343750000000003, 51.34765625, -0.3267578125])
array('d', [-64.978125, 0.280078125, 51.814453125, 0.6068359375])
array('d', [-64.32460937500001, 0.18671875000000002, 51.767773437500004, -0.2333984375])
array('d', [-64.32460937500001, 0.280078125, 51.3943359375, 0.7001953125])
array('d', [-64.32460937500001, 0.280078125, 51.3943359375, 0.7001953125])
array('d', [-64.32460937500001, 0.280078125, 51.3943359375, 0.7001953125])
array('d', [-64.32460937500001, 0.280078125, 51.3943359375, 0.7001953125])
array('d', [-63.8578125, -0.18671875000000002, 51.300976562500004, 0.280078125])
array('d', [-63.8578125, -0.18671875000000002, 51.300976562500004, 0.280078125])
array('d', [-65.25820312500001, 0.1400390625, 52.141210937500006, 0.280078125])
array('d', [-64.32460937500001, -0.18671875000000002, 50.974218750000006, 0.09335937500000001])
array('d', [-64.32460937500001, -0.18671875000000002, 52.141210937500006, 0.18671875000000002])
array('d', [-66.42519531250001, 0.7935546875, 52.141210937500006, 0.18671875000000002])
array('d', [-64.978125, -0.7935546875, 51.767773437500004, 0.280078125])
array('d', [-64.978125, -0.7935546875, 52.187890625, 0.09335937500000001])
array('d', [-64.6513671875, -0.046679687500000004, 52.187890625, 0.09335937500000001])
array('d', [-64.55800781250001, -0.18671875000000002, 51.767773437500004, 0.18671875000000002])
array('d', [-63.110937500000006, 0.1400390625, 51.300976562500004, -0.42011718750000004])
array('d', [-63.110937500000006, 0.1400390625, 51.300976562500004, -0.42011718750000004])
array('d', [-63.8578125, -0.1400390625, 51.34765625, -0.2333984375])
array('d', [-64.2779296875, 0.37343750000000003, 51.3943359375, 0.42011718750000004])
array('d', [-64.2779296875, 0.37343750000000003, 50.974218750000006, -0.3267578125])
array('d', [-64.2779296875, 0.37343750000000003, 50.974218750000006, -0.3267578125])
array('d', [-64.137890625, 0.1400390625, 50.974218750000006, -0.3267578125])
array('d', [-65.3982421875, 0.7935546875, 51.767773437500004, -0.09335937500000001])
array('d', [-63.8578125, -0.6068359375, 52.187890625, 0.280078125])
array('d', [-63.8578125, -0.6068359375, 52.187890625, 0.7001953125])
array('d', [-64.2779296875, -0.56015625, 51.34765625, 0.7001953125])
array('d', [-63.8578125, -0.37343750000000003, 51.0208984375, 0.09335937500000001])
array('d', [-65.3982421875, 0.466796875, 52.141210937500006, 0.09335937500000001])
array('d', [-65.3982421875, 0.466796875, 52.141210937500006, 0.09335937500000001])
array('d', [-65.2115234375, 0.18671875000000002, 51.441015625000006, -0.0])
array('d', [-65.2115234375, -0.280078125, 51.34765625, 0.18671875000000002])
array('d', [-63.5310546875, -0.280078125, 51.34765625, 0.18671875000000002])
array('d', [-63.5310546875, -0.280078125, 51.34765625, 0.18671875000000002])
array('d', [-65.2115234375, 0.280078125, 52.141210937500006, 0.280078125])
array('d', [-64.55800781250001, 0.37343750000000003, 51.3943359375, -0.0])
array('d', [-63.5310546875, -0.56015625, 52.141210937500006, 0.18671875000000002])
array('d', [-63.5310546875, -0.56015625, 52.141210937500006, 0.18671875000000002])
array('d', [-64.137890625, 0.18671875000000002, 52.187890625, -0.0])
array('d', [-65.72500000000001, 0.18671875000000002, 51.767773437500004, 0.280078125])
array('d', [-65.72500000000001, 0.18671875000000002, 51.767773437500004, 0.18671875000000002])
array('d', [-65.72500000000001, 0.18671875000000002, 51.767773437500004, 0.18671875000000002])
array('d', [-65.72500000000001, 0.18671875000000002, 51.767773437500004, 0.18671875000000002])
array('d', [-64.32460937500001, -0.1400390625, 52.5146484375, 0.5134765625000001])
array('d', [-63.8578125, -0.1400390625, 52.5146484375, 0.5134765625000001])
array('d', [-64.978125, 0.18671875000000002, 50.974218750000006, 0.09335937500000001])
array('d', [-64.978125, 0.18671875000000002, 50.974218750000006, 0.09335937500000001])
array('d', [-64.55800781250001, 0.5134765625000001, 51.767773437500004, -0.1400390625])
array('d', [-64.2779296875, 0.37343750000000003, 52.561328125, -0.2333984375])
array('d', [-64.2779296875, 0.466796875, 52.561328125, -0.2333984375])
array('d', [-64.2779296875, 0.466796875, 52.561328125, -0.2333984375])
array('d', [-64.2779296875, 0.466796875, 52.561328125, -0.2333984375])
array('d', [-64.884765625, -0.7935546875, 51.3943359375, 0.37343750000000003])
array('d', [-64.884765625, -0.7935546875, 52.6546875, -0.1400390625])
array('d', [-65.071484375, 0.18671875000000002, 52.6546875, -0.1400390625])
array('d', [-63.5310546875, -0.18671875000000002, 51.300976562500004, 0.18671875000000002])
array('d', [-64.978125, 0.1400390625, 52.187890625, 0.280078125])
array('d', [-64.978125, 0.1400390625, 52.6546875, 0.09335937500000001])
array('d', [-65.25820312500001, -0.466796875, 52.6546875, 0.09335937500000001])
array('d', [-63.8578125, 0.1400390625, 52.187890625, 0.37343750000000003])
array('d', [-63.8578125, -0.3267578125, 51.767773437500004, -0.0])
array('d', [-63.8578125, 0.37343750000000003, 51.814453125, -0.1400390625])
array('d', [-63.8578125, 0.37343750000000003, 51.814453125, -0.1400390625])
array('d', [-63.8578125, 0.37343750000000003, 51.814453125, -0.1400390625])
array('d', [-65.071484375, -0.466796875, 52.187890625, -0.1400390625])
array('d', [-65.071484375, 0.18671875000000002, 51.300976562500004, -0.7468750000000001])
array('d', [-64.4646484375, 0.18671875000000002, 51.300976562500004, 0.09335937500000001])
array('d', [-63.8578125, -0.18671875000000002, 51.767773437500004, 0.09335937500000001])
array('d', [-63.951171875, -0.37343750000000003, 52.141210937500006, 0.280078125])
array('d', [-65.25820312500001, 0.6068359375, 53.028125, -0.1400390625])
array('d', [-65.25820312500001, 0.6068359375, 53.028125, -0.1400390625])
array('d', [-64.09121093750001, 0.1400390625, 52.187890625, 0.046679687500000004])
array('d', [-65.5849609375, -0.1400390625, 52.187890625, 0.280078125])
array('d', [-65.5849609375, -0.466796875, 51.767773437500004, 0.6068359375])
array('d', [-64.4646484375, -0.466796875, 51.767773437500004, 0.18671875000000002])
array('d', [-63.391015625, 0.466796875, 51.767773437500004, 0.280078125])
array('d', [-64.7447265625, 0.466796875, 51.767773437500004, 0.280078125])
array('d', [-64.7447265625, 0.466796875, 51.767773437500004, 0.280078125])
array('d', [-64.3712890625, 0.1400390625, 51.767773437500004, 0.18671875000000002])
array('d', [-64.3712890625, 0.1400390625, 51.767773437500004, -0.1400390625])
array('d', [-66.3318359375, 0.37343750000000003, 51.767773437500004, -0.1400390625])
array('d', [-66.3318359375, 0.37343750000000003, 51.767773437500004, -0.1400390625])
array('d', [-63.6244140625, 0.046679687500000004, 52.561328125, 0.2333984375])
array('d', [-63.7177734375, -0.1400390625, 52.187890625, -0.1400390625])
array('d', [-65.5849609375, 0.18671875000000002, 52.6546875, -0.046679687500000004])
array('d', [-65.5849609375, 0.18671875000000002, 52.6546875, -0.046679687500000004])
array('d', [-65.5849609375, -0.046679687500000004, 52.187890625, -0.046679687500000004])
array('d', [-64.4646484375, -0.046679687500000004, 52.187890625, -0.046679687500000004])
array('d', [-64.4646484375, 0.18671875000000002, 51.72109375, -0.1400390625])
array('d', [-64.4646484375, 0.18671875000000002, 51.72109375, -0.1400390625])
array('d', [-63.7177734375, 0.046679687500000004, 51.72109375, -0.56015625])
array('d', [-65.071484375, 0.466796875, 52.6546875, -0.56015625])
array('d', [-63.951171875, -0.1400390625, 52.141210937500006, 0.42011718750000004])
array('d', [-65.25820312500001, -0.466796875, 51.767773437500004, -0.1400390625])
array('d', [-64.884765625, 0.280078125, 52.187890625, -0.046679687500000004])
array('d', [-64.884765625, -0.18671875000000002, 51.72109375, 0.5134765625000001])
array('d', [-64.884765625, -0.18671875000000002, 51.72109375, -0.046679687500000004])
array('d', [-64.09121093750001, 0.1400390625, 51.767773437500004, -0.046679687500000004])
array('d', [-63.7177734375, 0.7001953125, 51.3943359375, -0.42011718750000004])
array('d', [-65.5849609375, 0.046679687500000004, 52.187890625, 0.09335937500000001])
array('d', [-65.5849609375, 0.046679687500000004, 52.561328125, -0.046679687500000004])
array('d', [-63.110937500000006, 0.18671875000000002, 52.561328125, -0.046679687500000004])
array('d', [-64.09121093750001, 0.466796875, 52.141210937500006, 0.046679687500000004])
array('d', [-64.3712890625, 0.5134765625000001, 51.72109375, -0.046679687500000004])
array('d', [-64.09121093750001, 0.0, 52.561328125, 0.18671875000000002])
array('d', [-64.09121093750001, 0.0, 52.561328125, -0.56015625])
array('d', [-64.884765625, 0.37343750000000003, 50.974218750000006, 0.18671875000000002])
array('d', [-62.877539062500006, -0.56015625, 52.187890625, 0.18671875000000002])
array('d', [-64.3712890625, -0.280078125, 51.767773437500004, -0.2333984375])
array('d', [-64.7447265625, -0.37343750000000003, 51.767773437500004, -0.1400390625])
array('d', [-64.7447265625, 0.18671875000000002, 51.72109375, 0.7001953125])
array('d', [-65.2115234375, 0.18671875000000002, 51.72109375, 0.18671875000000002])
array('d', [-65.2115234375, 0.5134765625000001, 52.141210937500006, 0.18671875000000002])
array('d', [-65.2115234375, 0.5134765625000001, 52.141210937500006, 0.18671875000000002])
array('d', [-65.2115234375, 0.5134765625000001, 52.141210937500006, 0.18671875000000002])
array('d', [-63.344335937500006, -0.18671875000000002, 52.187890625, 0.18671875000000002])
array('d', [-64.137890625, -0.18671875000000002, 51.767773437500004, 0.046679687500000004])
array('d', [-64.137890625, 0.046679687500000004, 51.767773437500004, 0.5134765625000001])
array('d', [-64.137890625, -0.18671875000000002, 51.767773437500004, 0.046679687500000004])
array('d', [-64.4646484375, -0.18671875000000002, 51.767773437500004, 0.046679687500000004])
array('d', [-65.2115234375, -0.280078125, 52.6546875, -0.1400390625])
array('d', [-65.444921875, -0.18671875000000002, 51.3943359375, -0.1400390625])
array('d', [-65.444921875, -0.1400390625, 52.187890625, -0.046679687500000004])
array('d', [-64.3712890625, -0.56015625, 52.28125, 0.42011718750000004])
array('d', [-65.49160156250001, -0.56015625, 52.28125, 0.42011718750000004])
array('d', [-65.49160156250001, 0.37343750000000003, 52.141210937500006, 0.5134765625000001])
array('d', [-64.4646484375, 0.1400390625, 52.141210937500006, 0.6068359375])
array('d', [-65.95839843750001, 1.1203125, 51.767773437500004, 0.37343750000000003])
array('d', [-65.95839843750001, 1.1203125, 51.767773437500004, 0.37343750000000003])
array('d', [-65.071484375, 0.18671875000000002, 52.187890625, 0.37343750000000003])
array('d', [-64.2779296875, 0.18671875000000002, 51.72109375, 0.280078125])
array('d', [-64.2779296875, -0.1400390625, 51.767773437500004, -0.046679687500000004])
array('d', [-64.2779296875, -0.1400390625, 51.767773437500004, -0.046679687500000004])
array('d', [-64.2779296875, -0.1400390625, 52.141210937500006, 0.18671875000000002])
array('d', [-64.698046875, -0.1400390625, 52.141210937500006, 0.18671875000000002])
array('d', [-64.698046875, -0.466796875, 51.300976562500004, 0.280078125])
array('d', [-64.698046875, -0.466796875, 51.300976562500004, 0.280078125])
array('d', [-64.698046875, -0.466796875, 51.300976562500004, 0.280078125])
array('d', [-64.9314453125, 0.280078125, 51.767773437500004, -0.1400390625])
array('d', [-65.444921875, 0.1400390625, 52.141210937500006, -0.5134765625000001])
array('d', [-64.1845703125, -0.18671875000000002, 52.187890625, 0.280078125])
array('d', [-64.1845703125, -0.18671875000000002, 52.187890625, 0.280078125])
array('d', [-64.55800781250001, -0.1400390625, 51.72109375, -0.56015625])
array('d', [-64.511328125, 0.18671875000000002, 51.72109375, 0.18671875000000002])
array('d', [-64.511328125, 0.18671875000000002, 51.72109375, 0.280078125])
array('d', [-63.8578125, 0.18671875000000002, 52.6546875, 0.280078125])
array('d', [-64.978125, -0.18671875000000002, 51.767773437500004, -0.7468750000000001])
array('d', [-65.631640625, -0.280078125, 51.767773437500004, -0.42011718750000004])
array('d', [-65.631640625, -0.280078125, 51.767773437500004, -0.2333984375])
array('d', [-64.55800781250001, 0.6068359375, 52.141210937500006, -0.2333984375])
array('d', [-64.2779296875, 0.18671875000000002, 52.187890625, 0.37343750000000003])
array('d', [-64.1845703125, -0.046679687500000004, 51.34765625, 0.5134765625000001])
array('d', [-64.1845703125, -0.046679687500000004, 51.34765625, 0.5134765625000001])
array('d', [-64.2779296875, -0.280078125, 51.767773437500004, -0.42011718750000004])
array('d', [-65.3048828125, -0.1400390625, 51.3943359375, 0.046679687500000004])
array('d', [-65.3048828125, -0.1400390625, 51.3943359375, -0.046679687500000004])
array('d', [-64.978125, -0.046679687500000004, 52.9814453125, -0.046679687500000004])
array('d', [-65.3048828125, -0.046679687500000004, 51.72109375, -0.046679687500000004])
array('d', [-64.698046875, -0.046679687500000004, 51.72109375, -0.046679687500000004])
array('d', [-64.698046875, -0.046679687500000004, 51.72109375, -0.046679687500000004])
array('d', [-64.698046875, -0.046679687500000004, 51.72109375, -0.046679687500000004])
array('d', [-64.698046875, -0.1400390625, 52.187890625, -0.1400390625])
array('d', [-65.72500000000001, -0.7935546875, 51.767773437500004, -0.046679687500000004])
array('d', [-64.2779296875, 0.37343750000000003, 52.5146484375, -0.8402343750000001])
array('d', [-64.2779296875, 0.37343750000000003, 52.5146484375, -0.42011718750000004])
array('d', [-63.951171875, 0.1400390625, 51.767773437500004, -0.42011718750000004])
array('d', [-64.2779296875, 0.42011718750000004, 52.5146484375, 0.1400390625])
array('d', [-64.9314453125, 0.280078125, 51.767773437500004, 0.046679687500000004])
array('d', [-64.9314453125, 0.280078125, 51.767773437500004, 0.18671875000000002])
array('d', [-64.55800781250001, -0.046679687500000004, 51.767773437500004, 0.18671875000000002])
array('d', [-65.3048828125, -0.37343750000000003, 52.187890625, 0.280078125])
array('d', [-65.3048828125, -0.37343750000000003, 52.187890625, 0.280078125])
array('d', [-65.3048828125, -0.37343750000000003, 52.187890625, 0.280078125])
array('d', [-65.3048828125, -0.280078125, 51.767773437500004, 0.42011718750000004])
array('d', [-65.49160156250001, 0.5134765625000001, 52.187890625, 0.046679687500000004])
array('d', [-65.49160156250001, 0.5134765625000001, 52.187890625, 0.046679687500000004])
array('d', [-64.55800781250001, 0.6068359375, 51.767773437500004, 0.046679687500000004])
array('d', [-64.2779296875, 0.1400390625, 52.561328125, -0.3267578125])
array('d', [-64.2779296875, 0.1400390625, 51.767773437500004, -0.09335937500000001])
array('d', [-64.9314453125, -0.046679687500000004, 51.767773437500004, -0.09335937500000001])
array('d', [-64.9314453125, -0.046679687500000004, 51.767773437500004, -0.09335937500000001])
array('d', [-65.444921875, 0.18671875000000002, 51.767773437500004, -0.280078125])
array('d', [-64.2779296875, 0.1400390625, 52.187890625, -0.09335937500000001])
array('d', [-64.55800781250001, -0.1400390625, 51.3943359375, -0.046679687500000004])
array('d', [-64.55800781250001, -0.1400390625, 52.6546875, -0.18671875000000002])
array('d', [-64.55800781250001, -0.2333984375, 52.6546875, -0.18671875000000002])
array('d', [-64.978125, -0.046679687500000004, 51.34765625, 0.6068359375])
array('d', [-64.55800781250001, 0.1400390625, 51.767773437500004, -0.18671875000000002])
array('d', [-64.55800781250001, 0.1400390625, 52.141210937500006, -0.3267578125])
array('d', [-64.2779296875, 0.280078125, 52.141210937500006, -0.3267578125])
array('d', [-65.3048828125, -0.280078125, 52.28125, 0.1400390625])
array('d', [-64.978125, 0.18671875000000002, 52.28125, 0.1400390625])
array('d', [-64.978125, 0.18671875000000002, 52.5146484375, -0.09335937500000001])
array('d', [-65.8650390625, -0.8402343750000001, 52.187890625, 0.046679687500000004])
array('d', [-65.444921875, -0.1400390625, 51.3943359375, -0.09335937500000001])
array('d', [-64.09121093750001, 0.280078125, 51.72109375, -0.09335937500000001])
array('d', [-64.09121093750001, 0.280078125, 51.72109375, -0.046679687500000004])
array('d', [-63.9978515625, 0.18671875000000002, 52.5146484375, -0.046679687500000004])
array('d', [-63.9978515625, 0.280078125, 52.141210937500006, -0.42011718750000004])
array('d', [-64.41796875, 0.280078125, 50.974218750000006, 0.280078125])
array('d', [-64.41796875, 0.280078125, 52.187890625, 1.1669921875])
array('d', [-63.344335937500006, 0.18671875000000002, 52.187890625, 1.1669921875])
array('d', [-63.344335937500006, 0.18671875000000002, 52.187890625, 1.1669921875])
array('d', [-65.8650390625, 0.18671875000000002, 51.3943359375, 0.5134765625000001])
array('d', [-64.1845703125, 0.37343750000000003, 51.767773437500004, -0.37343750000000003])
array('d', [-64.1845703125, -0.7935546875, 51.767773437500004, -0.18671875000000002])
array('d', [-64.41796875, -0.7935546875, 51.767773437500004, -0.18671875000000002])
array('d', [-63.017578125, 0.280078125, 52.141210937500006, -0.09335937500000001])
array('d', [-65.53828125, 0.18671875000000002, 52.187890625, -0.37343750000000003])
array('d', [-65.53828125, 0.18671875000000002, 52.5146484375, 0.2333984375])
array('d', [-65.53828125, 0.18671875000000002, 52.5146484375, 0.2333984375])
array('d', [-65.53828125, 0.18671875000000002, 52.5146484375, 0.2333984375])
array('d', [-65.53828125, 0.18671875000000002, 52.5146484375, 0.2333984375])
array('d', [-65.53828125, 0.18671875000000002, 52.5146484375, 0.2333984375])
array('d', [-65.53828125, 0.18671875000000002, 52.5146484375, 0.2333984375])
array('d', [-63.671093750000004, 0.6068359375, 51.814453125, 0.2333984375])
array('d', [-66.0517578125, 0.1400390625, 51.814453125, 0.2333984375])
array('d', [-65.1181640625, 0.1400390625, 51.34765625, -0.046679687500000004])
array('d', [-64.9314453125, -0.280078125, 51.767773437500004, 0.466796875])
array('d', [-64.9314453125, -0.280078125, 51.767773437500004, -0.18671875000000002])
array('d', [-64.7447265625, -0.18671875000000002, 52.141210937500006, -0.18671875000000002])
array('d', [-65.1181640625, -0.18671875000000002, 52.187890625, -0.37343750000000003])
array('d', [-64.7447265625, -0.18671875000000002, 51.72109375, -0.046679687500000004])
array('d', [-64.7447265625, -0.18671875000000002, 51.72109375, -0.046679687500000004])
array('d', [-64.09121093750001, -0.1400390625, 52.5146484375, -0.046679687500000004])
array('d', [-65.1181640625, -0.5134765625000001, 52.5146484375, -0.046679687500000004])
array('d', [-65.1181640625, -0.5134765625000001, 52.5146484375, -0.046679687500000004])
array('d', [-65.1181640625, -0.5134765625000001, 52.5146484375, -0.046679687500000004])
array('d', [-65.1181640625, -0.5134765625000001, 52.5146484375, -0.046679687500000004])
array('d', [-65.1181640625, -0.5134765625000001, 52.6546875, 0.2333984375])
array('d', [-65.2115234375, 0.37343750000000003, 52.6546875, 0.2333984375])
array('d', [-65.2115234375, -0.18671875000000002, 52.187890625, -0.046679687500000004])
array('d', [-65.2115234375, -0.18671875000000002, 51.72109375, -0.046679687500000004])
array('d', [-65.53828125, -0.18671875000000002, 51.72109375, -0.046679687500000004])
array('d', [-64.6513671875, 0.42011718750000004, 52.561328125, 0.2333984375])
array('d', [-65.1181640625, 0.37343750000000003, 52.187890625, 0.2333984375])
array('d', [-65.1181640625, 0.37343750000000003, 52.187890625, 0.5134765625000001])
array('d', [-63.9978515625, 0.18671875000000002, 52.561328125, 0.5134765625000001])
array('d', [-65.53828125, -0.5134765625000001, 51.72109375, 1.587109375])
array('d', [-65.53828125, 0.1400390625, 51.767773437500004, 0.37343750000000003])
array('d', [-65.53828125, 0.1400390625, 51.767773437500004, 0.37343750000000003])
array('d', [-64.41796875, 0.1400390625, 51.767773437500004, 0.37343750000000003])
array('d', [-63.9978515625, 0.42011718750000004, 51.767773437500004, 0.5134765625000001])
array('d', [-64.41796875, -0.046679687500000004, 51.767773437500004, -0.5134765625000001])
array('d', [-64.41796875, 0.18671875000000002, 52.561328125, -0.280078125])
array('d', [-63.8578125, 0.18671875000000002, 52.561328125, -0.280078125])
array('d', [-65.2115234375, 0.5134765625000001, 52.187890625, -0.18671875000000002])
array('d', [-64.511328125, 0.18671875000000002, 50.600781250000004, 0.466796875])
array('d', [-64.511328125, 0.18671875000000002, 50.600781250000004, 0.466796875])
array('d', [-64.511328125, 0.18671875000000002, 50.600781250000004, 0.466796875])
array('d', [-64.79140625000001, 0.37343750000000003, 52.6546875, 0.046679687500000004])
array('d', [-64.79140625000001, 0.37343750000000003, 52.6546875, 0.046679687500000004])
array('d', [-64.9314453125, 0.5134765625000001, 52.28125, -0.046679687500000004])
array('d', [-64.2779296875, 0.5134765625000001, 52.28125, -0.046679687500000004])
array('d', [-64.2779296875, 0.5134765625000001, 52.28125, -0.046679687500000004])
array('d', [-64.2779296875, 0.5134765625000001, 52.28125, -0.046679687500000004])
array('d', [-64.2779296875, 0.5134765625000001, 52.28125, -0.046679687500000004])
array('d', [-64.2779296875, -0.280078125, 52.141210937500006, 0.046679687500000004])
array('d', [-63.904492187500004, 0.09335937500000001, 51.767773437500004, 0.56015625])
array('d', [-63.484375, 0.42011718750000004, 52.5146484375, 0.046679687500000004])
array('d', [-63.484375, 0.42011718750000004, 52.5146484375, 0.1400390625])
array('d', [-64.978125, -0.7001953125, 51.767773437500004, 0.1400390625])
array('d', [-64.6513671875, -0.1400390625, 51.72109375, -0.046679687500000004])
array('d', [-64.6513671875, 0.42011718750000004, 51.767773437500004, -0.280078125])
array('d', [-65.3515625, 0.42011718750000004, 51.767773437500004, -0.280078125])
array('d', [-65.02480468750001, -0.1400390625, 52.28125, -0.466796875])
array('d', [-65.02480468750001, -0.18671875000000002, 52.141210937500006, -0.466796875])
array('d', [-65.02480468750001, -0.18671875000000002, 52.141210937500006, -0.046679687500000004])
array('d', [-65.02480468750001, -0.18671875000000002, 52.141210937500006, -0.046679687500000004])
array('d', [-65.02480468750001, -0.18671875000000002, 52.141210937500006, -0.046679687500000004])
array('d', [-65.02480468750001, -0.18671875000000002, 52.141210937500006, -0.046679687500000004])
array('d', [-65.02480468750001, -0.18671875000000002, 52.141210937500006, -0.046679687500000004])
array('d', [-64.2779296875, -0.046679687500000004, 51.767773437500004, -0.046679687500000004])
array('d', [-64.7447265625, 0.280078125, 51.72109375, -0.09335937500000001])
array('d', [-64.7447265625, 0.5134765625000001, 52.141210937500006, -0.2333984375])
array('d', [-64.7447265625, 0.5134765625000001, 52.141210937500006, -0.2333984375])
array('d', [-64.7447265625, 0.5134765625000001, 52.141210937500006, -0.2333984375])
array('d', [-66.5185546875, -0.1400390625, 51.34765625, -0.280078125])
array('d', [-66.5185546875, 0.09335937500000001, 51.3943359375, -0.280078125])
array('d', [-65.02480468750001, 0.09335937500000001, 51.3943359375, -0.280078125])
array('d', [-65.02480468750001, 0.09335937500000001, 51.3943359375, -0.280078125])
array('d', [-65.02480468750001, 0.09335937500000001, 51.3943359375, -0.280078125])
array('d', [-65.02480468750001, 0.09335937500000001, 51.72109375, -0.09335937500000001])
array('d', [-64.41796875, -0.046679687500000004, 51.72109375, -0.09335937500000001])
array('d', [-64.2779296875, 0.18671875000000002, 52.6546875, 0.280078125])
array('d', [-64.137890625, 0.42011718750000004, 52.187890625, -0.37343750000000003])
array('d', [-64.137890625, 0.42011718750000004, 52.141210937500006, 0.37343750000000003])
array('d', [-65.8650390625, -0.3267578125, 52.141210937500006, 0.37343750000000003])
array('d', [-63.904492187500004, -0.1400390625, 51.3943359375, 0.09335937500000001])
array('d', [-65.6783203125, -0.5134765625000001, 52.187890625, 0.046679687500000004])
array('d', [-65.6783203125, -0.5134765625000001, 52.141210937500006, 0.046679687500000004])
array('d', [-63.484375, -0.5134765625000001, 52.141210937500006, 0.046679687500000004])
array('d', [-63.484375, -0.5134765625000001, 52.141210937500006, 0.046679687500000004])
array('d', [-63.484375, -0.5134765625000001, 52.141210937500006, 0.046679687500000004])
array('d', [-63.484375, -0.5134765625000001, 52.141210937500006, 0.046679687500000004])
array('d', [-65.3515625, -0.42011718750000004, 51.767773437500004, 0.09335937500000001])
array('d', [-62.7841796875, 0.42011718750000004, 51.767773437500004, 0.09335937500000001])
array('d', [-65.6783203125, 0.42011718750000004, 52.187890625, 0.280078125])
array('d', [-63.904492187500004, -0.7001953125, 50.9275390625, 0.1400390625])
array('d', [-63.904492187500004, 0.42011718750000004, 50.974218750000006, -0.37343750000000003])
array('d', [-65.6783203125, 0.42011718750000004, 50.974218750000006, -0.37343750000000003])
array('d', [-63.671093750000004, 0.280078125, 52.6546875, 0.37343750000000003])
array('d', [-63.671093750000004, 0.280078125, 52.187890625, -0.09335937500000001])
array('d', [-63.904492187500004, -0.7468750000000001, 52.187890625, -0.09335937500000001])
array('d', [-64.7447265625, -0.8869140625, 52.187890625, -0.37343750000000003])
array('d', [-64.2779296875, 0.280078125, 53.401562500000004, -0.5134765625000001])
array('d', [-64.2779296875, 0.280078125, 53.401562500000004, -0.046679687500000004])
array('d', [-65.7716796875, -0.42011718750000004, 51.72109375, -0.046679687500000004])
array('d', [-65.25820312500001, 0.18671875000000002, 51.72109375, 0.2333984375])
array('d', [-64.978125, -0.3267578125, 51.0208984375, 0.046679687500000004])
array('d', [-64.978125, -0.3267578125, 51.767773437500004, -0.046679687500000004])
array('d', [-64.23125, 0.046679687500000004, 51.767773437500004, -0.466796875])
array('d', [-64.2779296875, 0.280078125, 51.767773437500004, -0.466796875])
array('d', [-64.6513671875, 0.09335937500000001, 51.300976562500004, -0.7001953125])
array('d', [-66.0984375, -0.37343750000000003, 52.187890625, -0.09335937500000001])
array('d', [-65.02480468750001, -0.37343750000000003, 51.767773437500004, 0.046679687500000004])
array('d', [-65.02480468750001, -0.37343750000000003, 51.767773437500004, -0.18671875000000002])
array('d', [-63.9978515625, 0.18671875000000002, 51.767773437500004, -0.18671875000000002])
array('d', [-64.978125, 0.09335937500000001, 51.3943359375, 0.5134765625000001])
array('d', [-65.3515625, -0.1400390625, 51.767773437500004, 0.5134765625000001])
array('d', [-65.3515625, -0.1400390625, 51.767773437500004, 0.5134765625000001])
array('d', [-65.3515625, -0.1400390625, 51.767773437500004, 0.5134765625000001])
array('d', [-65.53828125, -0.18671875000000002, 51.0208984375, 0.2333984375])
array('d', [-64.79140625000001, 0.09335937500000001, 52.5146484375, -0.5134765625000001])
array('d', [-64.79140625000001, 0.09335937500000001, 52.5146484375, -0.5134765625000001])
array('d', [-65.2115234375, 0.09335937500000001, 51.814453125, 0.18671875000000002])
array('d', [-64.04453125, -0.37343750000000003, 52.561328125, 0.2333984375])
array('d', [-63.811132812500006, 0.18671875000000002, 51.72109375, -0.046679687500000004])
array('d', [-63.811132812500006, 0.18671875000000002, 51.72109375, -0.046679687500000004])
array('d', [-64.79140625000001, 0.653515625, 53.028125, 0.653515625])
array('d', [-64.884765625, 0.280078125, 51.34765625, 0.93359375])
array('d', [-64.884765625, 0.280078125, 51.34765625, 0.2333984375])
array('d', [-65.53828125, -0.42011718750000004, 50.974218750000006, 0.2333984375])
array('d', [-64.79140625000001, -0.18671875000000002, 51.814453125, 0.653515625])
array('d', [-65.25820312500001, 0.18671875000000002, 52.141210937500006, 0.56015625])
array('d', [-65.25820312500001, 0.18671875000000002, 52.141210937500006, 0.56015625])
array('d', [-65.25820312500001, 0.18671875000000002, 52.141210937500006, 0.56015625])
array('d', [-65.25820312500001, 0.18671875000000002, 52.141210937500006, 0.56015625])
array('d', [-65.2115234375, 0.42011718750000004, 52.187890625, -2.7541015625000003])
array('d', [-64.884765625, -0.046679687500000004, 51.767773437500004, -0.09335937500000001])
array('d', [-65.2115234375, 0.18671875000000002, 51.3943359375, -0.09335937500000001])
array('d', [-65.2115234375, 0.18671875000000002, 51.3943359375, -0.09335937500000001])
array('d', [-64.884765625, 0.280078125, 52.187890625, -0.09335937500000001])
array('d', [-64.04453125, -0.18671875000000002, 52.561328125, -0.046679687500000004])
array('d', [-64.978125, -0.18671875000000002, 51.34765625, 0.18671875000000002])
array('d', [-63.764453125, 0.09335937500000001, 51.300976562500004, 0.18671875000000002])
array('d', [-63.811132812500006, 0.18671875000000002, 52.6546875, 0.56015625])
array('d', [-64.4646484375, 0.18671875000000002, 52.6546875, 0.56015625])
array('d', [-64.4646484375, -0.3267578125, 51.72109375, -0.37343750000000003])
array('d', [-63.2509765625, -0.653515625, 51.72109375, -0.37343750000000003])
array('d', [-65.25820312500001, -0.046679687500000004, 52.6546875, -0.046679687500000004])
array('d', [-64.79140625000001, -0.046679687500000004, 51.34765625, -0.046679687500000004])
array('d', [-64.6513671875, 0.280078125, 52.187890625, 0.280078125])
array('d', [-64.4646484375, 0.09335937500000001, 51.767773437500004, -0.09335937500000001])
array('d', [-64.4646484375, 0.09335937500000001, 51.767773437500004, -0.09335937500000001])
array('d', [-64.4646484375, 0.09335937500000001, 51.767773437500004, -0.09335937500000001])
array('d', [-65.25820312500001, -0.5134765625000001, 51.767773437500004, -0.046679687500000004])
array('d', [-64.04453125, 0.09335937500000001, 51.814453125, 0.2333984375])
array('d', [-64.04453125, 0.09335937500000001, 51.3943359375, 0.2333984375])
array('d', [-64.137890625, -0.18671875000000002, 52.6546875, -0.046679687500000004])
array('d', [-64.137890625, -0.18671875000000002, 51.767773437500004, -0.09335937500000001])
array('d', [-64.04453125, -0.1400390625, 51.767773437500004, -0.09335937500000001])
array('d', [-64.55800781250001, -0.1400390625, 51.767773437500004, -0.09335937500000001])
array('d', [-64.55800781250001, -0.42011718750000004, 52.187890625, -0.37343750000000003])
array('d', [-64.04453125, -0.42011718750000004, 52.187890625, -0.37343750000000003])
array('d', [-64.79140625000001, -0.42011718750000004, 52.187890625, -0.466796875])
array('d', [-64.79140625000001, 0.3267578125, 52.5146484375, -0.37343750000000003])
array('d', [-64.55800781250001, 0.3267578125, 52.5146484375, 0.6068359375])
array('d', [-63.391015625, -0.1400390625, 51.34765625, 0.6068359375])
array('d', [-64.884765625, 0.37343750000000003, 51.814453125, -0.09335937500000001])
array('d', [-64.884765625, 0.37343750000000003, 51.814453125, 0.6068359375])
array('d', [-63.764453125, 0.0, 51.767773437500004, 0.6068359375])
array('d', [-65.631640625, 0.7468750000000001, 51.3943359375, -0.0])
array('d', [-64.4646484375, 0.42011718750000004, 51.767773437500004, 0.3267578125])
array('d', [-64.4646484375, 0.42011718750000004, 51.767773437500004, 0.3267578125])
array('d', [-64.4646484375, 0.42011718750000004, 51.767773437500004, 0.3267578125])
array('d', [-65.1181640625, -0.1400390625, 52.5146484375, -0.09335937500000001])
array('d', [-63.764453125, 0.0, 52.187890625, 0.280078125])
array('d', [-63.764453125, 0.0, 52.187890625, 0.280078125])
array('d', [-65.2115234375, -0.046679687500000004, 51.441015625000006, 0.3267578125])
array('d', [-64.04453125, -0.42011718750000004, 52.141210937500006, -0.466796875])
array('d', [-64.04453125, -0.1400390625, 52.934765625000004, 0.5134765625000001])
array('d', [-64.6513671875, -0.1400390625, 52.934765625000004, 0.280078125])
array('d', [-63.9978515625, 0.18671875000000002, 52.6546875, 0.280078125])
array('d', [-65.1181640625, -0.2333984375, 51.3943359375, 0.9802734375000001])
array('d', [-64.6513671875, 0.7468750000000001, 51.72109375, 0.653515625])
array('d', [-64.6513671875, 0.7468750000000001, 51.72109375, 0.653515625])
array('d', [-65.49160156250001, 0.18671875000000002, 52.561328125, -0.37343750000000003])
array('d', [-64.7447265625, 0.09335937500000001, 52.141210937500006, 0.653515625])
array('d', [-64.7447265625, 0.09335937500000001, 52.141210937500006, 0.653515625])
array('d', [-64.7447265625, 0.09335937500000001, 52.141210937500006, 0.653515625])
array('d', [-63.671093750000004, 0.0, 52.561328125, -0.0])
array('d', [-63.9978515625, -0.3267578125, 52.187890625, 0.7001953125])
array('d', [-64.79140625000001, -0.2333984375, 52.187890625, -0.046679687500000004])
array('d', [-64.7447265625, 0.0, 51.34765625, -0.046679687500000004])
array('d', [-63.904492187500004, -0.2333984375, 51.767773437500004, -0.046679687500000004])
array('d', [-65.02480468750001, 0.0, 51.72109375, -0.466796875])
array('d', [-65.02480468750001, -0.09335937500000001, 51.72109375, -0.09335937500000001])
array('d', [-64.32460937500001, -0.09335937500000001, 52.187890625, -0.046679687500000004])
array('d', [-65.7716796875, -0.2333984375, 52.187890625, -0.046679687500000004])
array('d', [-65.7716796875, -0.2333984375, 52.187890625, -0.046679687500000004])
array('d', [-62.92421875, -0.09335937500000001, 51.767773437500004, 0.3267578125])
array('d', [-64.32460937500001, 0.42011718750000004, 51.34765625, 0.3267578125])
array('d', [-63.671093750000004, -0.2333984375, 52.187890625, -0.046679687500000004])
array('d', [-63.671093750000004, -0.2333984375, 52.187890625, -0.046679687500000004])
array('d', [-63.671093750000004, -0.2333984375, 52.187890625, -0.046679687500000004])
array('d', [-63.671093750000004, -0.2333984375, 52.187890625, -0.046679687500000004])
array('d', [-63.671093750000004, -0.2333984375, 52.187890625, -0.046679687500000004])
array('d', [-63.671093750000004, -0.2333984375, 52.187890625, -0.046679687500000004])
array('d', [-63.9978515625, 0.09335937500000001, 51.814453125, -0.466796875])
array('d', [-65.02480468750001, -0.09335937500000001, 52.187890625, -0.046679687500000004])
array('d', [-65.02480468750001, 0.18671875000000002, 52.187890625, -0.09335937500000001])
array('d', [-66.19179687500001, 0.18671875000000002, 52.187890625, -0.09335937500000001])
array('d', [-65.1181640625, -0.09335937500000001, 51.767773437500004, 0.3267578125])
array('d', [-65.8650390625, 0.09335937500000001, 51.72109375, 0.3267578125])
array('d', [-65.8650390625, 0.18671875000000002, 52.141210937500006, 0.3267578125])
array('d', [-65.8650390625, 0.18671875000000002, 52.141210937500006, 0.3267578125])
array('d', [-65.8650390625, 0.18671875000000002, 52.141210937500006, -0.42011718750000004])
array('d', [-64.3712890625, 0.18671875000000002, 51.34765625, 0.3267578125])
array('d', [-65.02480468750001, 0.18671875000000002, 51.34765625, 0.3267578125])
array('d', [-64.9314453125, 0.5134765625000001, 52.5146484375, -0.046679687500000004])
array('d', [-65.02480468750001, -0.09335937500000001, 52.5146484375, 0.7001953125])
array('d', [-65.3048828125, 0.09335937500000001, 51.72109375, 0.3267578125])
array('d', [-65.3048828125, 0.09335937500000001, 51.300976562500004, -0.42011718750000004])
array('d', [-64.137890625, 0.09335937500000001, 51.300976562500004, -0.42011718750000004])
array('d', [-64.55800781250001, 0.18671875000000002, 51.627734375, 1.1669921875])
array('d', [-64.55800781250001, 0.3267578125, 51.34765625, -0.09335937500000001])
array('d', [-64.55800781250001, 0.09335937500000001, 51.674414062500006, -0.09335937500000001])
array('d', [-64.55800781250001, 0.09335937500000001, 51.674414062500006, -0.09335937500000001])
array('d', [-64.55800781250001, 0.09335937500000001, 51.674414062500006, -0.09335937500000001])
array('d', [-63.5310546875, 0.09335937500000001, 51.767773437500004, -0.466796875])
array('d', [-64.1845703125, 0.3267578125, 51.767773437500004, -0.466796875])
array('d', [-64.9314453125, 0.5134765625000001, 52.141210937500006, -0.09335937500000001])
array('d', [-64.9314453125, 0.5134765625000001, 52.141210937500006, -0.09335937500000001])
array('d', [-64.9314453125, 0.5134765625000001, 52.141210937500006, -0.09335937500000001])
array('d', [-65.3048828125, 0.0, 52.187890625, -0.466796875])
array('d', [-65.6783203125, 0.280078125, 51.72109375, -0.046679687500000004])
array('d', [-65.6783203125, 0.280078125, 51.72109375, -0.046679687500000004])
array('d', [-64.55800781250001, 0.5134765625000001, 51.767773437500004, 1.1669921875])
array('d', [-64.6513671875, -0.3267578125, 52.5146484375, -0.5134765625000001])
array('d', [-64.6513671875, -0.3267578125, 52.5146484375, -0.09335937500000001])
array('d', [-65.3048828125, -0.2333984375, 51.300976562500004, -0.09335937500000001])
array('d', [-65.7716796875, -0.046679687500000004, 52.09453125, -0.09335937500000001])
array('d', [-65.3982421875, 0.37343750000000003, 52.0478515625, 0.7935546875])
array('d', [-65.3982421875, 0.37343750000000003, 52.0478515625, 0.7935546875])
array('d', [-65.3982421875, 0.37343750000000003, 52.0478515625, 0.7935546875])
array('d', [-64.511328125, 0.37343750000000003, 51.72109375, -0.046679687500000004])
array('d', [-65.2115234375, 0.18671875000000002, 52.141210937500006, -0.5134765625000001])
array('d', [-65.2115234375, -0.2333984375, 51.300976562500004, 0.3267578125])
array('d', [-64.8380859375, -0.2333984375, 51.300976562500004, 0.3267578125])
array('d', [-64.41796875, -0.2333984375, 51.72109375, -0.5134765625000001])
array('d', [-64.41796875, -0.2333984375, 52.187890625, 1.1203125])
array('d', [-64.9314453125, -0.2333984375, 52.187890625, 1.1203125])
array('d', [-64.9314453125, -0.2333984375, 52.187890625, 1.1203125])
array('d', [-64.9314453125, -0.2333984375, 52.187890625, 1.1203125])
array('d', [-64.9314453125, -0.2333984375, 52.187890625, 1.1203125])
array('d', [-64.9314453125, -0.2333984375, 52.187890625, 1.1203125])
array('d', [-64.79140625000001, -0.5134765625000001, 52.09453125, -0.09335937500000001])
array('d', [-64.4646484375, -0.42011718750000004, 52.09453125, 0.3267578125])
array('d', [-64.4646484375, 0.09335937500000001, 52.5146484375, 0.3267578125])
array('d', [-64.137890625, 0.0, 51.34765625, 0.7468750000000001])
array('d', [-63.344335937500006, 0.0, 52.141210937500006, 0.3267578125])
array('d', [-64.4646484375, -0.280078125, 52.09453125, -0.09335937500000001])
array('d', [-64.4646484375, -0.280078125, 52.09453125, -0.09335937500000001])
array('d', [-64.4646484375, -0.280078125, 52.09453125, -0.09335937500000001])
array('d', [-64.4646484375, -0.280078125, 52.09453125, -0.09335937500000001])
array('d', [-64.4646484375, -0.280078125, 52.09453125, -0.09335937500000001])
array('d', [-64.4646484375, 0.09335937500000001, 51.72109375, -0.09335937500000001])
array('d', [-64.137890625, 0.37343750000000003, 51.300976562500004, -0.0])
array('d', [-64.137890625, 0.09335937500000001, 52.934765625000004, 0.7468750000000001])
array('d', [-64.137890625, 0.09335937500000001, 52.934765625000004, -0.42011718750000004])
array('d', [-64.7447265625, 0.42011718750000004, 51.34765625, -0.42011718750000004])
array('d', [-64.7447265625, 0.0, 52.467968750000004, 0.3267578125])
array('d', [-64.7447265625, 0.0, 51.674414062500006, -0.046679687500000004])
array('d', [-65.1181640625, -0.280078125, 51.674414062500006, -0.046679687500000004])
array('d', [-64.09121093750001, -0.280078125, 51.72109375, -0.09335937500000001])
array('d', [-64.7447265625, -0.6068359375, 51.72109375, -0.09335937500000001])
array('d', [-64.7447265625, -0.2333984375, 51.72109375, -0.466796875])
array('d', [-63.9978515625, -0.2333984375, 51.72109375, -0.466796875])
array('d', [-65.3982421875, 0.09335937500000001, 51.72109375, -0.1400390625])
array('d', [-65.3982421875, -0.93359375, 52.141210937500006, 1.1669921875])
array('d', [-64.41796875, -0.93359375, 52.141210937500006, 1.1669921875])
array('d', [-64.09121093750001, 0.653515625, 52.141210937500006, -0.93359375])
array('d', [-65.1181640625, 0.18671875000000002, 51.767773437500004, -0.5134765625000001])
array('d', [-65.1181640625, 0.18671875000000002, 51.767773437500004, -0.5134765625000001])
array('d', [-65.1181640625, 0.18671875000000002, 51.767773437500004, -0.5134765625000001])
array('d', [-65.1181640625, 0.18671875000000002, 51.767773437500004, -0.5134765625000001])
array('d', [-64.7447265625, 0.0, 52.141210937500006, -0.5134765625000001])
array('d', [-64.7447265625, 0.0, 51.767773437500004, 0.7468750000000001])
array('d', [-64.3712890625, -0.7001953125, 51.767773437500004, 0.7468750000000001])
array('d', [-64.3712890625, -0.7001953125, 51.767773437500004, 0.7468750000000001])
array('d', [-65.071484375, 0.6068359375, 51.34765625, -0.5134765625000001])
array('d', [-64.7447265625, -0.2333984375, 51.72109375, -0.8402343750000001])
array('d', [-64.7447265625, -0.2333984375, 51.72109375, -0.8402343750000001])
array('d', [-63.6244140625, 0.56015625, 51.34765625, 0.37343750000000003])
array('d', [-64.41796875, 0.18671875000000002, 51.300976562500004, -0.466796875])
array('d', [-65.49160156250001, 0.09335937500000001, 50.9275390625, -0.046679687500000004])
array('d', [-64.7447265625, -0.09335937500000001, 52.09453125, 0.3267578125])
array('d', [-64.41796875, -0.280078125, 52.608007812500006, -0.046679687500000004])
array('d', [-64.7447265625, 0.046679687500000004, 52.141210937500006, -0.046679687500000004])
array('d', [-64.7447265625, 0.046679687500000004, 52.141210937500006, -0.046679687500000004])
array('d', [-64.7447265625, 0.046679687500000004, 52.141210937500006, -0.046679687500000004])
array('d', [-65.49160156250001, 0.18671875000000002, 51.72109375, -0.466796875])
array('d', [-63.951171875, -0.2333984375, 51.300976562500004, -0.466796875])
array('d', [-63.951171875, -0.2333984375, 51.300976562500004, 0.37343750000000003])
array('d', [-66.1451171875, -0.42011718750000004, 52.141210937500006, 0.37343750000000003])
array('d', [-63.951171875, 0.6068359375, 52.187890625, -0.09335937500000001])
array('d', [-65.444921875, 0.3267578125, 52.6546875, -0.7935546875])
array('d', [-65.444921875, 0.3267578125, 51.72109375, 0.37343750000000003])
array('d', [-65.071484375, 0.1400390625, 51.72109375, 0.37343750000000003])
array('d', [-65.071484375, 0.37343750000000003, 51.72109375, 0.3267578125])
array('d', [-64.3712890625, 0.466796875, 52.187890625, 0.3267578125])
array('d', [-64.2779296875, 0.1400390625, 51.72109375, -0.0])
array('d', [-64.2779296875, 0.1400390625, 51.72109375, 0.37343750000000003])
array('d', [-63.951171875, 0.8869140625, 51.72109375, 0.37343750000000003])
array('d', [-65.444921875, -0.37343750000000003, 51.34765625, -0.046679687500000004])
array('d', [-63.204296875000004, 0.466796875, 52.141210937500006, -0.046679687500000004])
array('d', [-63.204296875000004, 0.466796875, 52.141210937500006, -0.046679687500000004])
array('d', [-63.2509765625, 0.046679687500000004, 52.09453125, -0.466796875])
array('d', [-65.3515625, -0.09335937500000001, 51.3943359375, -0.09335937500000001])
array('d', [-63.951171875, -0.1400390625, 52.5146484375, -0.09335937500000001])
array('d', [-63.951171875, -0.1400390625, 52.5146484375, 0.7001953125])
array('d', [-64.3712890625, 0.046679687500000004, 52.5146484375, 0.7001953125])
array('d', [-64.3712890625, 0.046679687500000004, 52.5146484375, 0.7001953125])
array('d', [-64.3712890625, 0.046679687500000004, 52.5146484375, 0.7001953125])
array('d', [-64.3712890625, 0.18671875000000002, 52.141210937500006, 0.7001953125])
array('d', [-64.3712890625, 0.0, 52.141210937500006, 1.30703125])
array('d', [-63.204296875000004, 0.0, 52.934765625000004, 0.42011718750000004])
array('d', [-63.204296875000004, 0.0, 52.934765625000004, 0.42011718750000004])
array('d', [-65.071484375, 0.0, 52.934765625000004, 0.42011718750000004])
array('d', [-63.951171875, 0.37343750000000003, 51.72109375, -0.18671875000000002])
array('d', [-63.204296875000004, 0.046679687500000004, 51.767773437500004, -0.1400390625])
array('d', [-63.204296875000004, 0.046679687500000004, 51.767773437500004, -0.1400390625])
array('d', [-63.204296875000004, 0.046679687500000004, 51.767773437500004, -0.1400390625])
array('d', [-63.204296875000004, 0.046679687500000004, 51.767773437500004, -0.1400390625])
array('d', [-63.204296875000004, 0.046679687500000004, 51.767773437500004, -0.1400390625])
array('d', [-64.978125, 0.2333984375, 52.467968750000004, 0.42011718750000004])
array('d', [-65.3515625, 0.466796875, 51.767773437500004, -0.42011718750000004])
array('d', [-65.3515625, 0.466796875, 51.767773437500004, 0.7001953125])
array('d', [-64.511328125, 0.0, 52.934765625000004, 0.7001953125])
array('d', [-63.0642578125, -0.653515625, 52.5146484375, -0.09335937500000001])
array('d', [-63.110937500000006, 0.046679687500000004, 51.72109375, -0.5134765625000001])
array('d', [-64.978125, 0.466796875, 51.300976562500004, 0.653515625])
array('d', [-64.978125, 0.466796875, 51.300976562500004, -0.5134765625000001])
array('d', [-64.23125, 0.18671875000000002, 52.934765625000004, -0.5134765625000001])
array('d', [-64.511328125, -0.56015625, 51.300976562500004, -0.5134765625000001])
array('d', [-64.511328125, -0.56015625, 51.300976562500004, -0.5134765625000001])
array('d', [-64.511328125, -0.56015625, 51.300976562500004, -0.5134765625000001])
array('d', [-64.978125, 0.3267578125, 51.34765625, 0.2333984375])
array('d', [-64.6046875, -0.2333984375, 52.141210937500006, -0.56015625])
array('d', [-64.6046875, -0.2333984375, 52.141210937500006, -0.046679687500000004])
array('d', [-64.2779296875, 0.046679687500000004, 52.09453125, -0.046679687500000004])
array('d', [-65.95839843750001, -0.046679687500000004, 53.308203125000006, -0.5134765625000001])
array('d', [-64.23125, 1.0736328125, 52.141210937500006, -0.42011718750000004])
array('d', [-64.23125, 1.0736328125, 52.187890625, 0.3267578125])
array('d', [-64.23125, 1.0736328125, 52.187890625, 0.3267578125])
array('d', [-64.978125, -0.5134765625000001, 52.187890625, 0.3267578125])
array('d', [-63.8578125, -0.1400390625, 52.5146484375, 0.3267578125])
array('d', [-64.978125, 0.046679687500000004, 51.34765625, -0.09335937500000001])
array('d', [-66.0984375, 0.046679687500000004, 51.767773437500004, 0.7468750000000001])
array('d', [-66.0984375, 0.046679687500000004, 51.767773437500004, 0.37343750000000003])
array('d', [-64.6046875, 0.1400390625, 51.767773437500004, 0.37343750000000003])
array('d', [-65.95839843750001, 0.046679687500000004, 51.767773437500004, 0.37343750000000003])
array('d', [-65.95839843750001, 0.046679687500000004, 51.767773437500004, 0.37343750000000003])
array('d', [-65.95839843750001, 0.046679687500000004, 51.767773437500004, -0.42011718750000004])
array('d', [-64.978125, -0.280078125, 52.09453125, -0.42011718750000004])
array('d', [-64.978125, -0.7001953125, 52.561328125, -0.93359375])
array('d', [-65.16484375, -0.7001953125, 52.561328125, -0.93359375])
array('d', [-65.16484375, -0.7001953125, 52.561328125, -0.93359375])
array('d', [-65.16484375, 0.046679687500000004, 52.0478515625, 0.37343750000000003])
array('d', [-64.884765625, 0.18671875000000002, 51.300976562500004, -0.56015625])
array('d', [-64.137890625, 0.046679687500000004, 51.34765625, -0.6068359375])
array('d', [-64.137890625, 0.046679687500000004, 51.34765625, -0.6068359375])
array('d', [-64.137890625, 0.046679687500000004, 51.34765625, -0.6068359375])
array('d', [-63.764453125, 0.3267578125, 52.141210937500006, -0.046679687500000004])
array('d', [-63.764453125, 0.3267578125, 51.674414062500006, -0.1400390625])
array('d', [-63.391015625, 0.3267578125, 51.674414062500006, -0.1400390625])
array('d', [-63.391015625, 0.046679687500000004, 52.141210937500006, 0.3267578125])
array('d', [-64.511328125, 0.046679687500000004, 52.467968750000004, -0.046679687500000004])
array('d', [-64.511328125, 0.046679687500000004, 52.467968750000004, 0.2333984375])
array('d', [-64.23125, -0.09335937500000001, 52.141210937500006, 0.2333984375])
array('d', [-64.23125, -0.09335937500000001, 52.141210937500006, 0.2333984375])
array('d', [-64.23125, -0.09335937500000001, 52.141210937500006, 0.2333984375])
array('d', [-64.23125, -0.09335937500000001, 52.141210937500006, 0.2333984375])
array('d', [-64.23125, -0.09335937500000001, 52.141210937500006, 0.2333984375])
array('d', [-65.16484375, -0.2333984375, 52.5146484375, -0.09335937500000001])
array('d', [-63.7177734375, 0.3267578125, 52.141210937500006, 0.37343750000000003])
array('d', [-63.7177734375, 0.3267578125, 51.34765625, -0.046679687500000004])
array('d', [-64.511328125, 0.046679687500000004, 51.34765625, -0.046679687500000004])
array('d', [-64.137890625, 0.046679687500000004, 52.187890625, 0.7001953125])
array('d', [-65.53828125, 0.046679687500000004, 52.141210937500006, -0.42011718750000004])
array('d', [-65.53828125, 0.046679687500000004, 52.141210937500006, 1.1669921875])
array('d', [-64.884765625, 0.1400390625, 51.72109375, 1.1669921875])
array('d', [-64.511328125, -0.5134765625000001, 52.141210937500006, -0.09335937500000001])
array('d', [-63.764453125, 0.18671875000000002, 52.5146484375, -0.5134765625000001])
array('d', [-63.764453125, 0.18671875000000002, 52.5146484375, -0.5134765625000001])
array('d', [-63.764453125, 0.18671875000000002, 52.5146484375, -0.5134765625000001])
array('d', [-65.16484375, 0.5134765625000001, 51.3943359375, -0.5134765625000001])
array('d', [-64.41796875, 0.046679687500000004, 51.627734375, -0.046679687500000004])
array('d', [-64.41796875, 0.046679687500000004, 51.627734375, -0.046679687500000004])
array('d', [-65.95839843750001, -0.56015625, 51.72109375, 0.3267578125])
array('d', [-64.884765625, 0.18671875000000002, 51.72109375, 1.213671875])
array('d', [-66.65859375000001, 0.18671875000000002, 51.72109375, 0.42011718750000004])
array('d', [-63.437695312500004, 0.3267578125, 51.72109375, 0.3267578125])
array('d', [-63.437695312500004, 0.3267578125, 51.72109375, 0.3267578125])
array('d', [-64.09121093750001, -0.2333984375, 51.300976562500004, -0.56015625])
array('d', [-65.91171875, -0.5134765625000001, 51.674414062500006, 0.8402343750000001])
array('d', [-65.91171875, -0.5134765625000001, 51.674414062500006, 0.8402343750000001])
array('d', [-65.91171875, -0.5134765625000001, 51.674414062500006, 0.8402343750000001])
array('d', [-65.91171875, -0.5134765625000001, 51.674414062500006, 0.8402343750000001])
array('d', [-63.344335937500006, -0.09335937500000001, 52.141210937500006, -0.09335937500000001])
array('d', [-64.04453125, 0.18671875000000002, 52.5146484375, 0.3267578125])
array('d', [-64.04453125, 0.18671875000000002, 52.5146484375, -0.56015625])
array('d', [-63.344335937500006, 0.046679687500000004, 51.674414062500006, -0.56015625])
array('d', [-65.49160156250001, 0.3267578125, 52.5146484375, 0.37343750000000003])
array('d', [-65.1181640625, 0.3267578125, 51.767773437500004, -0.046679687500000004])
array('d', [-65.1181640625, 0.3267578125, 51.767773437500004, -0.09335937500000001])
array('d', [-63.764453125, -0.653515625, 50.9275390625, -0.09335937500000001])
array('d', [-64.79140625000001, 0.18671875000000002, 52.5146484375, -0.09335937500000001])
array('d', [-63.7177734375, -0.37343750000000003, 52.09453125, -0.09335937500000001])
array('d', [-63.7177734375, -0.37343750000000003, 52.09453125, 1.6337890625])
array('d', [-63.7177734375, -0.37343750000000003, 52.09453125, 1.6337890625])
array('d', [-63.7177734375, -0.37343750000000003, 52.09453125, 1.6337890625])
array('d', [-64.79140625000001, 0.6068359375, 51.300976562500004, 1.6337890625])
array('d', [-63.344335937500006, 0.18671875000000002, 51.72109375, -0.046679687500000004])
array('d', [-63.577734375000006, -0.09335937500000001, 52.5146484375, -0.5134765625000001])
array('d', [-63.577734375000006, 0.18671875000000002, 51.72109375, -0.046679687500000004])
array('d', [-65.1181640625, 0.18671875000000002, 51.72109375, -0.046679687500000004])
array('d', [-64.41796875, 0.046679687500000004, 51.72109375, -0.09335937500000001])
array('d', [-65.8650390625, -0.37343750000000003, 51.72109375, -0.3267578125])
array('d', [-63.7177734375, -0.37343750000000003, 52.141210937500006, 0.3267578125])
array('d', [-63.7177734375, -0.37343750000000003, 52.141210937500006, 0.8402343750000001])
array('d', [-64.3712890625, 0.18671875000000002, 52.09453125, 0.8402343750000001])
array('d', [-64.41796875, 0.18671875000000002, 52.141210937500006, -0.18671875000000002])
array('d', [-64.41796875, -0.09335937500000001, 52.09453125, -0.37343750000000003])
array('d', [-64.79140625000001, -0.09335937500000001, 52.09453125, -0.37343750000000003])
array('d', [-64.79140625000001, 0.18671875000000002, 52.141210937500006, -0.09335937500000001])
array('d', [-65.8650390625, 0.046679687500000004, 51.34765625, 0.046679687500000004])
array('d', [-63.344335937500006, -0.2333984375, 51.767773437500004, 0.5134765625000001])
array('d', [-63.344335937500006, -0.2333984375, 51.767773437500004, 0.42011718750000004])
array('d', [-65.49160156250001, -0.2333984375, 51.72109375, 0.42011718750000004])
array('d', [-65.16484375, -0.09335937500000001, 50.974218750000006, -0.5134765625000001])
array('d', [-64.41796875, -0.5134765625000001, 51.72109375, -0.5134765625000001])
array('d', [-64.41796875, -0.5134765625000001, 51.72109375, -0.5134765625000001])
array('d', [-64.41796875, 0.3267578125, 52.187890625, 0.3267578125])
array('d', [-64.41796875, -0.653515625, 51.72109375, -0.09335937500000001])
array('d', [-65.071484375, 0.3267578125, 52.141210937500006, 0.7935546875])
array('d', [-65.071484375, 0.3267578125, 52.141210937500006, 0.7935546875])
array('d', [-65.071484375, 0.3267578125, 52.141210937500006, 0.7935546875])
array('d', [-65.1181640625, 0.046679687500000004, 52.141210937500006, 0.37343750000000003])
array('d', [-65.1181640625, 0.046679687500000004, 52.934765625000004, -0.56015625])
array('d', [-64.32460937500001, -0.09335937500000001, 52.934765625000004, -0.56015625])
array('d', [-64.32460937500001, -0.09335937500000001, 52.561328125, -0.046679687500000004])
array('d', [-64.2779296875, 0.046679687500000004, 52.09453125, -0.42011718750000004])
array('d', [-64.2779296875, 0.046679687500000004, 52.09453125, 0.3267578125])
array('d', [-64.7447265625, 0.18671875000000002, 52.141210937500006, 0.3267578125])
array('d', [-64.7447265625, 0.18671875000000002, 52.141210937500006, 0.3267578125])
array('d', [-63.904492187500004, -0.7935546875, 52.5146484375, -0.046679687500000004])
array('d', [-63.5310546875, 0.046679687500000004, 52.141210937500006, -0.9802734375000001])
array('d', [-63.5310546875, 0.046679687500000004, 52.141210937500006, -0.9802734375000001])
array('d', [-63.904492187500004, 0.046679687500000004, 51.72109375, -0.046679687500000004])
array('d', [-63.904492187500004, -0.5134765625000001, 51.34765625, 0.7935546875])
array('d', [-63.904492187500004, -0.5134765625000001, 51.34765625, 0.7935546875])
array('d', [-63.904492187500004, -0.5134765625000001, 51.34765625, 0.7935546875])
array('d', [-63.904492187500004, -0.5134765625000001, 51.34765625, 0.7935546875])
array('d', [-63.904492187500004, -0.5134765625000001, 51.34765625, 0.7935546875])
array('d', [-63.904492187500004, -0.5134765625000001, 51.34765625, 0.7935546875])
array('d', [-64.698046875, 0.046679687500000004, 52.141210937500006, 0.37343750000000003])
array('d', [-65.1181640625, -0.2333984375, 52.467968750000004, 0.37343750000000003])
array('d', [-63.904492187500004, 0.3267578125, 52.5146484375, 0.37343750000000003])
array('d', [-63.904492187500004, -0.5134765625000001, 52.141210937500006, -0.09335937500000001])
array('d', [-64.32460937500001, -0.5134765625000001, 52.141210937500006, -0.09335937500000001])
array('d', [-65.1181640625, 0.18671875000000002, 51.767773437500004, -0.42011718750000004])
array('d', [-64.32460937500001, -0.653515625, 52.5146484375, -0.046679687500000004])
array('d', [-64.32460937500001, -0.653515625, 52.5146484375, -0.046679687500000004])
array('d', [-64.32460937500001, -0.09335937500000001, 52.09453125, -0.42011718750000004])
array('d', [-63.904492187500004, -0.09335937500000001, 52.09453125, -0.42011718750000004])
array('d', [-63.204296875000004, -0.5134765625000001, 51.72109375, -0.56015625])
array('d', [-63.204296875000004, -0.5134765625000001, 51.72109375, -0.56015625])
array('d', [-63.204296875000004, -0.5134765625000001, 51.72109375, -0.56015625])
array('d', [-64.32460937500001, 0.046679687500000004, 52.09453125, -0.5134765625000001])
array('d', [-64.698046875, 0.18671875000000002, 51.72109375, -0.8869140625])
array('d', [-65.1181640625, -0.09335937500000001, 52.561328125, -0.09335937500000001])
array('d', [-65.1181640625, -0.09335937500000001, 52.5146484375, -0.42011718750000004])
array('d', [-65.818359375, -0.2333984375, 52.5146484375, -0.42011718750000004])
array('d', [-64.32460937500001, -0.653515625, 52.09453125, -0.56015625])
array('d', [-64.32460937500001, -0.2333984375, 52.09453125, -0.56015625])
array('d', [-64.32460937500001, -0.2333984375, 52.09453125, -0.56015625])
array('d', [-64.32460937500001, -0.2333984375, 52.09453125, -0.56015625])
array('d', [-64.32460937500001, -0.2333984375, 52.09453125, -0.56015625])
array('d', [-64.32460937500001, -0.2333984375, 52.141210937500006, 0.7935546875])
array('d', [-63.577734375000006, -0.09335937500000001, 52.141210937500006, 0.7935546875])
array('d', [-65.49160156250001, -0.09335937500000001, 52.5146484375, -0.046679687500000004])
array('d', [-65.49160156250001, -0.09335937500000001, 52.5146484375, -0.046679687500000004])
array('d', [-65.49160156250001, -0.09335937500000001, 52.5146484375, -0.046679687500000004])
array('d', [-65.49160156250001, -0.09335937500000001, 52.5146484375, -0.046679687500000004])
array('d', [-65.49160156250001, -0.09335937500000001, 52.5146484375, -0.046679687500000004])
array('d', [-63.204296875000004, 0.18671875000000002, 51.72109375, 0.466796875])
array('d', [-63.904492187500004, -0.09335937500000001, 53.308203125000006, 0.37343750000000003])
array('d', [-63.951171875, 0.18671875000000002, 52.141210937500006, -0.42011718750000004])
array('d', [-63.951171875, 0.18671875000000002, 52.141210937500006, -0.42011718750000004])
array('d', [-63.951171875, 0.18671875000000002, 52.141210937500006, -0.42011718750000004])
array('d', [-63.951171875, 0.18671875000000002, 52.141210937500006, -0.42011718750000004])
array('d', [-63.951171875, 0.18671875000000002, 52.141210937500006, -0.42011718750000004])
array('d', [-63.951171875, 0.18671875000000002, 52.141210937500006, -0.42011718750000004])
array('d', [-64.32460937500001, 0.18671875000000002, 51.767773437500004, 0.046679687500000004])
array('d', [-64.698046875, 0.046679687500000004, 51.72109375, -0.09335937500000001])
array('d', [-64.7447265625, 0.466796875, 51.72109375, -0.09335937500000001])
array('d', [-64.7447265625, 0.466796875, 51.72109375, -0.09335937500000001])
array('d', [-64.7447265625, 0.466796875, 51.72109375, -0.09335937500000001])
array('d', [-64.7447265625, 0.466796875, 51.72109375, -0.09335937500000001])
array('d', [-64.7447265625, 0.466796875, 51.72109375, -0.09335937500000001])
array('d', [-63.577734375000006, -0.09335937500000001, 51.72109375, -0.09335937500000001])
array('d', [-64.698046875, 0.046679687500000004, 51.300976562500004, 1.2603515625000001])
array('d', [-64.698046875, 0.046679687500000004, 51.300976562500004, 1.2603515625000001])
array('d', [-64.698046875, 0.046679687500000004, 51.300976562500004, 1.2603515625000001])
array('d', [-64.698046875, 0.18671875000000002, 52.5146484375, -0.09335937500000001])
array('d', [-64.698046875, 0.18671875000000002, 52.141210937500006, 0.2333984375])
array('d', [-64.32460937500001, 0.18671875000000002, 52.141210937500006, 0.2333984375])
array('d', [-65.818359375, 0.18671875000000002, 51.674414062500006, 0.2333984375])
array('d', [-64.698046875, -0.2333984375, 51.674414062500006, 0.3267578125])
array('d', [-64.698046875, -0.2333984375, 51.674414062500006, -0.37343750000000003])
array('d', [-63.904492187500004, 0.046679687500000004, 51.72109375, -0.37343750000000003])
array('d', [-63.5310546875, -0.37343750000000003, 51.72109375, 0.3267578125])
array('d', [-65.1181640625, 0.18671875000000002, 52.467968750000004, -0.09335937500000001])
array('d', [-65.1181640625, 0.18671875000000002, 52.467968750000004, -0.09335937500000001])
array('d', [-62.177343750000006, 0.046679687500000004, 52.0478515625, 0.37343750000000003])
array('d', [-63.904492187500004, -0.653515625, 51.72109375, -0.18671875000000002])
array('d', [-65.071484375, 0.046679687500000004, 52.09453125, 0.37343750000000003])
array('d', [-65.071484375, 0.046679687500000004, 52.5146484375, 0.8402343750000001])
array('d', [-65.071484375, 0.046679687500000004, 52.5146484375, 0.8402343750000001])
array('d', [-64.698046875, 0.18671875000000002, 51.300976562500004, -0.653515625])
array('d', [-64.698046875, -0.2333984375, 51.300976562500004, 0.2333984375])
array('d', [-63.904492187500004, -0.7935546875, 51.674414062500006, -0.8869140625])
array('d', [-64.698046875, -0.7935546875, 51.674414062500006, -0.8869140625])
array('d', [-65.1181640625, 0.046679687500000004, 52.561328125, 0.466796875])
array('d', [-65.444921875, -0.09335937500000001, 50.9275390625, -0.09335937500000001])
array('d', [-65.444921875, -0.09335937500000001, 50.9275390625, -0.09335937500000001])
array('d', [-65.444921875, -0.09335937500000001, 50.9275390625, -0.09335937500000001])
array('d', [-63.577734375000006, 0.046679687500000004, 51.767773437500004, 0.37343750000000003])
array('d', [-65.818359375, -0.37343750000000003, 52.141210937500006, 0.466796875])
array('d', [-63.904492187500004, -0.37343750000000003, 52.141210937500006, 0.466796875])
array('d', [-64.32460937500001, 0.046679687500000004, 51.72109375, 0.8402343750000001])
array('d', [-63.904492187500004, 0.046679687500000004, 51.674414062500006, -0.18671875000000002])
array('d', [-63.904492187500004, 0.046679687500000004, 51.674414062500006, -0.18671875000000002])
array('d', [-63.5310546875, 0.18671875000000002, 52.0478515625, -0.56015625])
array('d', [-63.904492187500004, -0.2333984375, 51.34765625, -0.5134765625000001])
array('d', [-63.577734375000006, -0.09335937500000001, 51.34765625, -0.5134765625000001])
array('d', [-63.577734375000006, -0.09335937500000001, 52.141210937500006, 0.2333984375])
array('d', [-63.5310546875, 0.6068359375, 51.72109375, -0.09335937500000001])
array('d', [-64.6513671875, 0.046679687500000004, 52.467968750000004, -0.046679687500000004])
array('d', [-64.6513671875, 0.046679687500000004, 52.467968750000004, -0.046679687500000004])
array('d', [-64.6513671875, 0.046679687500000004, 52.467968750000004, -0.046679687500000004])
array('d', [-64.6513671875, 0.046679687500000004, 52.467968750000004, -0.046679687500000004])
array('d', [-63.1576171875, -0.09335937500000001, 51.814453125, -0.046679687500000004])
array('d', [-62.7841796875, 0.18671875000000002, 51.300976562500004, -0.7468750000000001])
array('d', [-62.7841796875, 0.18671875000000002, 51.300976562500004, 0.2333984375])
array('d', [-62.7841796875, 0.18671875000000002, 51.300976562500004, 0.2333984375])
array('d', [-63.5310546875, 0.046679687500000004, 52.934765625000004, 0.37343750000000003])
array('d', [-64.6513671875, 0.046679687500000004, 52.934765625000004, 0.37343750000000003])
array('d', [-64.2779296875, 0.18671875000000002, 51.3943359375, -0.09335937500000001])
array('d', [-64.2779296875, 0.3267578125, 51.72109375, 0.3267578125])
array('d', [-64.2779296875, 0.3267578125, 51.72109375, 1.2603515625000001])
array('d', [-65.02480468750001, 0.18671875000000002, 51.72109375, 1.2603515625000001])
array('d', [-65.02480468750001, 0.3267578125, 52.467968750000004, 0.7001953125])
array('d', [-65.02480468750001, 0.3267578125, 52.467968750000004, 0.7001953125])
array('d', [-65.02480468750001, 0.3267578125, 52.467968750000004, 0.7001953125])
array('d', [-64.2779296875, 0.6068359375, 51.72109375, -0.046679687500000004])
array('d', [-64.2779296875, 0.6068359375, 52.09453125, -0.5134765625000001])
array('d', [-65.444921875, -0.37343750000000003, 52.09453125, -0.5134765625000001])
array('d', [-65.444921875, -0.37343750000000003, 52.09453125, -0.5134765625000001])
array('d', [-65.444921875, -0.37343750000000003, 52.09453125, -0.5134765625000001])
array('d', [-64.2779296875, 0.046679687500000004, 52.141210937500006, -0.653515625])
array('d', [-64.6513671875, -0.09335937500000001, 51.300976562500004, 0.37343750000000003])
array('d', [-65.7716796875, 0.466796875, 52.141210937500006, 0.1400390625])
array('d', [-65.7716796875, 0.466796875, 52.141210937500006, 0.1400390625])
array('d', [-65.7716796875, 0.466796875, 52.141210937500006, 0.1400390625])
array('d', [-64.23125, -0.2333984375, 52.141210937500006, 0.3267578125])
array('d', [-63.484375, -0.5134765625000001, 52.09453125, 0.7001953125])
array('d', [-64.978125, 0.7468750000000001, 52.187890625, -0.93359375])
array('d', [-64.978125, 0.280078125, 52.09453125, -0.09335937500000001])
array('d', [-63.904492187500004, 0.280078125, 52.09453125, -0.09335937500000001])
array('d', [-63.8578125, -0.2333984375, 51.72109375, -0.09335937500000001])
array('d', [-64.9314453125, -0.2333984375, 51.72109375, -0.09335937500000001])
array('d', [-64.9314453125, -0.2333984375, 51.72109375, -0.09335937500000001])
array('d', [-64.9314453125, -0.2333984375, 51.72109375, -0.09335937500000001])
array('d', [-64.9314453125, -0.2333984375, 51.767773437500004, -0.046679687500000004])
array('d', [-63.811132812500006, 0.18671875000000002, 50.507421875000006, -0.046679687500000004])
array('d', [-64.6046875, 0.466796875, 51.674414062500006, 0.046679687500000004])
array('d', [-65.3515625, 0.42011718750000004, 50.880859375, 0.466796875])
array('d', [-63.484375, 0.1400390625, 51.72109375, 1.2603515625000001])
array('d', [-63.484375, 0.3267578125, 52.141210937500006, -0.9802734375000001])
array('d', [-64.6046875, 0.3267578125, 52.141210937500006, -0.9802734375000001])
array('d', [-63.110937500000006, -0.2333984375, 51.72109375, 1.1203125])
array('d', [-64.2779296875, 0.7468750000000001, 51.72109375, -0.046679687500000004])
array('d', [-64.2779296875, 0.7468750000000001, 51.72109375, -0.046679687500000004])
array('d', [-64.23125, 0.1400390625, 52.0478515625, -0.09335937500000001])
array('d', [-64.23125, 0.046679687500000004, 52.0478515625, -0.09335937500000001])
array('d', [-64.23125, -0.09335937500000001, 51.72109375, 0.046679687500000004])
array('d', [-62.737500000000004, -0.09335937500000001, 51.72109375, 0.466796875])
array('d', [-62.737500000000004, -0.09335937500000001, 51.72109375, 0.466796875])
array('d', [-63.8578125, 0.18671875000000002, 52.5146484375, -0.046679687500000004])
array('d', [-64.23125, -0.5134765625000001, 52.141210937500006, -0.5134765625000001])
array('d', [-64.23125, -0.5134765625000001, 52.141210937500006, -0.5134765625000001])
array('d', [-64.23125, -0.5134765625000001, 52.141210937500006, -0.5134765625000001])
array('d', [-64.6046875, 0.18671875000000002, 51.72109375, -0.5134765625000001])
array('d', [-64.6046875, 0.046679687500000004, 51.627734375, -0.09335937500000001])
array('d', [-63.484375, 0.046679687500000004, 51.627734375, -0.09335937500000001])
array('d', [-64.55800781250001, -0.09335937500000001, 51.627734375, -0.09335937500000001])
array('d', [-64.55800781250001, -0.09335937500000001, 51.627734375, -0.09335937500000001])
array('d', [-64.55800781250001, -0.09335937500000001, 51.627734375, -0.09335937500000001])
array('d', [-63.811132812500006, -0.37343750000000003, 51.72109375, -0.5134765625000001])
array('d', [-63.811132812500006, -0.37343750000000003, 51.72109375, -0.6068359375])
array('d', [-64.6046875, 0.046679687500000004, 52.467968750000004, -0.6068359375])
array('d', [-66.42519531250001, 0.046679687500000004, 51.300976562500004, 0.3267578125])
array('d', [-64.1845703125, 0.18671875000000002, 52.141210937500006, 0.3267578125])
array('d', [-64.9314453125, 0.046679687500000004, 51.767773437500004, 0.3267578125])
array('d', [-64.9314453125, -0.09335937500000001, 51.72109375, 0.466796875])
array('d', [-64.1845703125, -0.09335937500000001, 51.72109375, 0.37343750000000003])
array('d', [-64.1845703125, 0.18671875000000002, 51.72109375, 0.37343750000000003])
array('d', [-64.23125, 0.466796875, 52.934765625000004, -0.0])
array('d', [-64.9314453125, 0.18671875000000002, 52.8880859375, 0.3267578125])
array('d', [-64.23125, -0.046679687500000004, 52.934765625000004, 0.37343750000000003])
array('d', [-63.811132812500006, -0.09335937500000001, 52.141210937500006, -0.93359375])
array('d', [-64.9314453125, 0.18671875000000002, 51.674414062500006, 1.30703125])
array('d', [-64.9314453125, 0.6068359375, 50.9275390625, 0.37343750000000003])
array('d', [-64.6046875, 0.6068359375, 50.9275390625, 0.37343750000000003])
array('d', [-64.9314453125, -0.09335937500000001, 52.141210937500006, 0.3267578125])
array('d', [-64.9314453125, -0.09335937500000001, 52.141210937500006, 0.3267578125])
array('d', [-63.811132812500006, 0.3267578125, 52.467968750000004, -0.6068359375])
array('d', [-64.1845703125, -0.09335937500000001, 52.09453125, -0.42011718750000004])
array('d', [-64.9314453125, 0.2333984375, 52.141210937500006, 0.8869140625])
array('d', [-64.9314453125, 0.2333984375, 52.141210937500006, 0.8869140625])
array('d', [-64.1845703125, 0.280078125, 51.72109375, -0.5134765625000001])
array('d', [-64.1845703125, 0.280078125, 52.5146484375, -0.0])
array('d', [-64.55800781250001, 0.046679687500000004, 52.5146484375, -0.0])
array('d', [-63.811132812500006, 0.046679687500000004, 52.5146484375, -0.0])
array('d', [-63.811132812500006, 0.046679687500000004, 52.5146484375, -0.0])
array('d', [-63.811132812500006, 0.2333984375, 51.34765625, -0.0])
array('d', [-64.55800781250001, 0.3267578125, 52.5146484375, -1.1203125])
array('d', [-64.9314453125, 0.3267578125, 51.3943359375, -1.1203125])
array('d', [-64.1845703125, 0.466796875, 52.934765625000004, -0.09335937500000001])
array('d', [-64.1845703125, -0.18671875000000002, 51.254296875, -0.7001953125])
array('d', [-63.0642578125, -0.18671875000000002, 51.254296875, -0.7001953125])
array('d', [-63.0642578125, -0.09335937500000001, 52.467968750000004, 0.3267578125])
array('d', [-65.72500000000001, 0.466796875, 52.141210937500006, -0.42011718750000004])
array('d', [-65.72500000000001, 0.466796875, 52.141210937500006, -0.42011718750000004])
array('d', [-65.72500000000001, 0.466796875, 52.141210937500006, -0.42011718750000004])
array('d', [-65.72500000000001, 0.466796875, 52.141210937500006, -0.42011718750000004])
array('d', [-65.72500000000001, 0.466796875, 52.141210937500006, -0.42011718750000004])
array('d', [-65.72500000000001, 0.466796875, 52.141210937500006, -0.42011718750000004])
array('d', [-65.6783203125, 0.046679687500000004, 51.34765625, -1.1203125])
array('d', [-63.437695312500004, -0.42011718750000004, 51.254296875, -0.0])
array('d', [-63.437695312500004, -0.5134765625000001, 52.141210937500006, -0.09335937500000001])
array('d', [-63.437695312500004, -0.5134765625000001, 52.141210937500006, -0.09335937500000001])
array('d', [-63.437695312500004, -0.5134765625000001, 52.141210937500006, -0.09335937500000001])
array('d', [-63.437695312500004, -0.5134765625000001, 52.141210937500006, -0.09335937500000001])
array('d', [-63.484375, 0.18671875000000002, 52.467968750000004, -0.5134765625000001])
array('d', [-63.484375, 0.18671875000000002, 52.467968750000004, -0.5134765625000001])
array('d', [-63.764453125, 0.5134765625000001, 52.467968750000004, -0.09335937500000001])
array('d', [-64.1845703125, 0.5134765625000001, 52.141210937500006, 0.466796875])
array('d', [-64.1845703125, -0.09335937500000001, 52.141210937500006, 0.7001953125])
array('d', [-64.55800781250001, -0.37343750000000003, 52.141210937500006, 0.3267578125])
array('d', [-64.55800781250001, -0.37343750000000003, 52.141210937500006, 0.3267578125])
array('d', [-64.1845703125, 0.56015625, 52.5146484375, -1.0269531250000001])
array('d', [-64.9314453125, -0.3267578125, 51.300976562500004, -0.5134765625000001])
array('d', [-64.9314453125, 0.18671875000000002, 52.5146484375, 0.42011718750000004])
array('d', [-64.9314453125, 0.18671875000000002, 52.5146484375, 0.42011718750000004])
array('d', [-64.1845703125, 0.280078125, 51.72109375, -0.6068359375])
array('d', [-64.1845703125, -0.09335937500000001, 52.141210937500006, -0.5134765625000001])
array('d', [-63.811132812500006, -0.09335937500000001, 52.141210937500006, -0.5134765625000001])
array('d', [-64.9314453125, 0.3267578125, 51.72109375, -0.93359375])
array('d', [-65.3048828125, -0.1400390625, 51.72109375, -0.42011718750000004])
array('d', [-65.3048828125, -0.466796875, 52.841406250000006, -1.1203125])
array('d', [-65.3048828125, -0.466796875, 52.841406250000006, -1.1203125])
array('d', [-65.3048828125, -0.3267578125, 52.5146484375, -0.5134765625000001])
array('d', [-64.55800781250001, -0.3267578125, 51.72109375, -0.7001953125])
array('d', [-64.55800781250001, -0.1400390625, 51.300976562500004, 0.3267578125])
array('d', [-63.811132812500006, -0.1400390625, 51.300976562500004, 0.3267578125])
array('d', [-63.811132812500006, -0.2333984375, 51.72109375, 0.7935546875])
array('d', [-64.1845703125, -0.18671875000000002, 52.934765625000004, -0.93359375])
array('d', [-64.1845703125, -0.18671875000000002, 51.72109375, 0.5134765625000001])
array('d', [-64.1845703125, -0.18671875000000002, 51.72109375, 0.5134765625000001])
array('d', [-64.1845703125, -0.18671875000000002, 51.72109375, 0.5134765625000001])
array('d', [-64.1845703125, -0.18671875000000002, 51.72109375, 0.5134765625000001])
array('d', [-64.1845703125, -0.18671875000000002, 51.72109375, 0.5134765625000001])
array('d', [-64.55800781250001, 0.3267578125, 51.72109375, -0.3267578125])
array('d', [-64.55800781250001, 0.280078125, 52.141210937500006, -0.5134765625000001])
array('d', [-64.55800781250001, 0.280078125, 52.141210937500006, -0.5134765625000001])
array('d', [-62.6908203125, 0.09335937500000001, 51.300976562500004, -0.280078125])
array('d', [-62.6908203125, 0.0, 52.141210937500006, -0.09335937500000001])
array('d', [-64.55800781250001, 0.0, 52.141210937500006, -0.09335937500000001])
array('d', [-64.9314453125, 0.18671875000000002, 52.5146484375, -0.09335937500000001])
array('d', [-64.9314453125, 0.18671875000000002, 52.5146484375, -0.09335937500000001])
array('d', [-64.9314453125, 0.18671875000000002, 52.5146484375, -0.09335937500000001])
array('d', [-64.1845703125, 0.3267578125, 52.187890625, -0.7001953125])
array('d', [-64.1845703125, 0.3267578125, 52.187890625, -0.09335937500000001])
array('d', [-64.1845703125, 0.18671875000000002, 52.5146484375, -0.09335937500000001])
array('d', [-64.1845703125, -0.09335937500000001, 52.934765625000004, 0.42011718750000004])
array('d', [-64.55800781250001, -0.5134765625000001, 52.5146484375, 0.3267578125])
array('d', [-63.764453125, -0.5134765625000001, 52.5146484375, 0.3267578125])
array('d', [-64.1845703125, -0.2333984375, 51.72109375, -0.42011718750000004])
array('d', [-64.1845703125, -0.2333984375, 51.72109375, -0.42011718750000004])
array('d', [-64.9314453125, 0.18671875000000002, 52.0478515625, -0.0])
array('d', [-64.9314453125, 0.18671875000000002, 52.0478515625, 0.5134765625000001])
array('d', [-63.811132812500006, -0.09335937500000001, 51.767773437500004, 0.5134765625000001])
array('d', [-64.137890625, -0.1400390625, 51.767773437500004, 0.5134765625000001])
array('d', [-64.137890625, 0.18671875000000002, 51.34765625, -0.18671875000000002])
array('d', [-63.811132812500006, 0.18671875000000002, 51.34765625, -0.18671875000000002])
array('d', [-63.437695312500004, 0.466796875, 52.141210937500006, -0.5134765625000001])
array('d', [-63.437695312500004, 0.466796875, 52.141210937500006, -0.5134765625000001])
array('d', [-63.437695312500004, 0.466796875, 52.141210937500006, -0.5134765625000001])
array('d', [-63.437695312500004, 0.466796875, 52.141210937500006, -0.5134765625000001])
array('d', [-65.3048828125, -0.09335937500000001, 51.72109375, 0.8869140625])
array('d', [-64.1845703125, 0.2333984375, 52.09453125, -0.42011718750000004])
array('d', [-63.811132812500006, 0.2333984375, 51.72109375, 0.42011718750000004])
array('d', [-63.811132812500006, 0.2333984375, 51.72109375, 0.42011718750000004])
array('d', [-63.811132812500006, 0.2333984375, 51.72109375, 0.42011718750000004])
array('d', [-63.811132812500006, 0.2333984375, 51.72109375, 0.42011718750000004])
array('d', [-64.9314453125, 0.0, 52.141210937500006, -0.7935546875])
array('d', [-64.9314453125, 0.0, 52.141210937500006, -0.09335937500000001])
array('d', [-64.9314453125, -0.1400390625, 51.300976562500004, -0.09335937500000001])
array('d', [-64.9314453125, -0.1400390625, 51.300976562500004, -0.09335937500000001])
array('d', [-64.9314453125, -0.1400390625, 51.300976562500004, -0.09335937500000001])
array('d', [-64.9314453125, -0.1400390625, 51.300976562500004, -0.09335937500000001])
array('d', [-64.55800781250001, 0.466796875, 52.561328125, -0.0])
array('d', [-64.9314453125, -0.7935546875, 52.561328125, -0.6068359375])
array('d', [-64.1845703125, 0.0, 51.72109375, 0.5134765625000001])
array('d', [-64.55800781250001, -0.2333984375, 52.09453125, 0.5134765625000001])
array('d', [-64.55800781250001, 0.466796875, 51.72109375, -0.0])
array('d', [-64.1845703125, -0.09335937500000001, 52.141210937500006, -0.6068359375])
array('d', [-64.1845703125, -0.09335937500000001, 52.141210937500006, -0.6068359375])
array('d', [-63.437695312500004, -0.09335937500000001, 52.5146484375, 0.5134765625000001])
array('d', [-63.437695312500004, -0.1400390625, 52.561328125, -0.5134765625000001])
array('d', [-64.55800781250001, -0.1400390625, 52.187890625, -0.09335937500000001])
array('d', [-64.55800781250001, -0.1400390625, 52.187890625, 0.18671875000000002])
array('d', [-64.9314453125, -0.09335937500000001, 51.34765625, 0.18671875000000002])
array('d', [-63.0642578125, 0.5134765625000001, 52.09453125, 0.5134765625000001])
array('d', [-63.0642578125, 0.09335937500000001, 52.141210937500006, -0.09335937500000001])
array('d', [-65.6783203125, 0.09335937500000001, 52.141210937500006, -0.5134765625000001])
array('d', [-62.6908203125, 0.18671875000000002, 52.141210937500006, -0.5134765625000001])
array('d', [-64.55800781250001, 0.0, 52.141210937500006, 0.42011718750000004])
array('d', [-64.55800781250001, 0.0, 52.141210937500006, 0.42011718750000004])
array('d', [-64.55800781250001, 0.0, 52.141210937500006, 0.42011718750000004])
array('d', [-64.9314453125, 0.0, 51.674414062500006, -0.42011718750000004])
array('d', [-64.9314453125, 0.0, 51.674414062500006, -0.18671875000000002])
array('d', [-64.55800781250001, -0.1400390625, 52.141210937500006, -0.18671875000000002])
array('d', [-63.811132812500006, -0.09335937500000001, 52.5146484375, -0.5134765625000001])
array('d', [-64.1845703125, 0.466796875, 52.141210937500006, 0.7935546875])
array('d', [-64.1845703125, -0.3267578125, 51.72109375, 0.56015625])
array('d', [-63.0642578125, -0.3267578125, 51.72109375, 0.56015625])
array('d', [-63.811132812500006, 0.18671875000000002, 52.4212890625, 0.5134765625000001])
array('d', [-63.764453125, 0.09335937500000001, 51.72109375, -0.6068359375])
array('d', [-63.764453125, 0.09335937500000001, 50.9275390625, -0.18671875000000002])
array('d', [-64.9314453125, -0.466796875, 52.5146484375, 0.7935546875])
array('d', [-64.55800781250001, 0.0, 52.141210937500006, -0.5134765625000001])
array('d', [-64.55800781250001, 0.0, 51.72109375, 0.3267578125])
array('d', [-64.55800781250001, 0.0, 51.72109375, 0.3267578125])
array('d', [-64.9314453125, -0.09335937500000001, 51.72109375, -0.18671875000000002])
array('d', [-64.1845703125, -0.1400390625, 51.72109375, -0.18671875000000002])
array('d', [-64.1845703125, -0.2333984375, 51.72109375, -0.09335937500000001])
array('d', [-64.1845703125, -0.2333984375, 51.72109375, -0.09335937500000001])
array('d', [-64.1845703125, -0.2333984375, 51.72109375, -0.09335937500000001])
array('d', [-64.1845703125, 0.1400390625, 51.300976562500004, 0.5134765625000001])
array('d', [-64.1845703125, -0.3267578125, 51.34765625, -0.18671875000000002])
array('d', [-63.0642578125, 0.3267578125, 52.141210937500006, -0.6068359375])
array('d', [-63.0642578125, 0.3267578125, 52.141210937500006, -0.6068359375])
array('d', [-63.0642578125, 0.3267578125, 52.141210937500006, -0.6068359375])
array('d', [-64.1845703125, 0.18671875000000002, 50.9275390625, 0.8869140625])
array('d', [-64.1845703125, -0.2333984375, 52.141210937500006, 0.42011718750000004])
array('d', [-64.9314453125, -0.2333984375, 51.300976562500004, -0.18671875000000002])
array('d', [-64.1845703125, -0.5134765625000001, 51.300976562500004, -0.18671875000000002])
array('d', [-64.9314453125, -0.2333984375, 51.72109375, -0.0])
array('d', [-65.3048828125, 0.0, 52.141210937500006, -0.09335937500000001])
array('d', [-65.3048828125, 0.0, 52.141210937500006, -0.09335937500000001])
array('d', [-65.631640625, 0.0, 51.34765625, 0.5134765625000001])
array('d', [-64.1845703125, 0.18671875000000002, 52.5146484375, -0.18671875000000002])
array('d', [-64.511328125, 0.8869140625, 52.561328125, -0.5134765625000001])
array('d', [-64.511328125, 0.0, 51.72109375, 0.42011718750000004])
array('d', [-64.511328125, 0.0, 51.72109375, -0.5134765625000001])
array('d', [-64.55800781250001, 0.8869140625, 52.187890625, -0.42011718750000004])
array('d', [-64.9314453125, 0.2333984375, 51.674414062500006, -0.6068359375])
array('d', [-64.1845703125, 0.0, 51.72109375, -0.6068359375])
array('d', [-64.884765625, 0.18671875000000002, 51.72109375, -0.5134765625000001])
array('d', [-64.884765625, 0.18671875000000002, 51.72109375, -0.6068359375])
array('d', [-65.6783203125, 0.2333984375, 52.141210937500006, -0.6068359375])
array('d', [-65.3048828125, 0.2333984375, 52.141210937500006, -0.5134765625000001])
array('d', [-64.9314453125, 0.18671875000000002, 51.34765625, 0.5134765625000001])
array('d', [-64.9314453125, 0.18671875000000002, 51.34765625, -0.42011718750000004])
array('d', [-64.1845703125, -0.09335937500000001, 50.880859375, -0.42011718750000004])
array('d', [-64.137890625, -0.09335937500000001, 51.674414062500006, 0.7001953125])
array('d', [-62.737500000000004, 0.0, 51.674414062500006, -0.09335937500000001])
array('d', [-62.737500000000004, 0.0, 51.674414062500006, -0.09335937500000001])
array('d', [-62.737500000000004, 0.0, 51.674414062500006, -0.09335937500000001])
array('d', [-62.737500000000004, 0.0, 51.674414062500006, -0.09335937500000001])
array('d', [-64.1845703125, 0.466796875, 52.09453125, -0.42011718750000004])
array('d', [-64.511328125, -0.09335937500000001, 52.141210937500006, 0.42011718750000004])
array('d', [-64.137890625, -0.09335937500000001, 52.141210937500006, 0.42011718750000004])
array('d', [-64.137890625, -0.09335937500000001, 52.141210937500006, 0.42011718750000004])
array('d', [-64.137890625, 0.0, 52.141210937500006, 0.3267578125])
array('d', [-64.511328125, -0.2333984375, 52.141210937500006, -0.0])
array('d', [-64.55800781250001, -0.42011718750000004, 52.09453125, -0.42011718750000004])
array('d', [-64.55800781250001, 0.56015625, 52.141210937500006, -0.0])
array('d', [-64.6046875, 0.56015625, 52.141210937500006, -0.5134765625000001])
array('d', [-64.55800781250001, -0.42011718750000004, 52.141210937500006, -0.5134765625000001])
array('d', [-63.484375, 0.280078125, 52.141210937500006, -0.5134765625000001])
array('d', [-63.484375, 0.280078125, 52.561328125, -0.18671875000000002])
array('d', [-63.391015625, -0.3267578125, 52.561328125, -0.93359375])
array('d', [-64.55800781250001, -0.3267578125, 51.72109375, -0.93359375])
array('d', [-64.55800781250001, -0.3267578125, 51.72109375, -0.93359375])
array('d', [-64.9314453125, 0.0, 52.09453125, 0.09335937500000001])
array('d', [-64.1845703125, -0.18671875000000002, 51.72109375, 0.09335937500000001])
array('d', [-63.811132812500006, -0.3267578125, 52.5146484375, 0.5134765625000001])
array('d', [-63.811132812500006, -0.3267578125, 52.5146484375, -0.5134765625000001])
array('d', [-64.1845703125, -0.09335937500000001, 52.5146484375, -0.5134765625000001])
array('d', [-63.391015625, -0.3267578125, 52.141210937500006, -0.0])
array('d', [-64.137890625, -0.93359375, 51.72109375, -1.1203125])
array('d', [-64.137890625, -0.93359375, 51.72109375, -1.1203125])
array('d', [-64.511328125, 0.0, 51.254296875, 0.7001953125])
array('d', [-64.511328125, 0.0, 51.254296875, 0.42011718750000004])
array('d', [-63.811132812500006, -0.3267578125, 51.72109375, 0.42011718750000004])
array('d', [-63.811132812500006, -0.18671875000000002, 51.300976562500004, -0.6068359375])
array('d', [-64.55800781250001, 0.280078125, 51.3943359375, 0.5134765625000001])
array('d', [-64.55800781250001, 0.280078125, 51.3943359375, 0.5134765625000001])
array('d', [-63.484375, 0.09335937500000001, 52.141210937500006, 0.93359375])
array('d', [-64.1845703125, -0.09335937500000001, 51.72109375, -0.18671875000000002])
array('d', [-64.137890625, -0.2333984375, 52.141210937500006, -0.6068359375])
array('d', [-64.137890625, -0.2333984375, 52.141210937500006, -0.3267578125])
array('d', [-63.811132812500006, -0.1400390625, 52.934765625000004, -0.3267578125])
array('d', [-64.55800781250001, 0.0, 52.141210937500006, -0.5134765625000001])
array('d', [-65.3048828125, -0.1400390625, 52.09453125, 0.6068359375])
array('d', [-65.3048828125, -0.1400390625, 52.09453125, 0.6068359375])
array('d', [-65.3048828125, -0.1400390625, 52.09453125, 0.6068359375])
array('d', [-63.811132812500006, -0.09335937500000001, 51.674414062500006, -0.0])
array('d', [-64.1845703125, -0.18671875000000002, 52.141210937500006, 0.3267578125])
array('d', [-64.1845703125, -0.18671875000000002, 51.300976562500004, 0.5134765625000001])
array('d', [-64.1845703125, -0.18671875000000002, 51.300976562500004, 0.5134765625000001])
array('d', [-63.391015625, -0.42011718750000004, 52.0478515625, 0.8402343750000001])
array('d', [-63.391015625, -0.42011718750000004, 51.300976562500004, -0.09335937500000001])
array('d', [-63.811132812500006, 0.0, 51.300976562500004, -0.09335937500000001])
array('d', [-63.811132812500006, 0.0, 51.300976562500004, -0.09335937500000001])
array('d', [-64.137890625, -0.3267578125, 51.34765625, -0.0])
array('d', [-63.764453125, 0.18671875000000002, 52.141210937500006, 0.42011718750000004])
array('d', [-64.9314453125, -0.18671875000000002, 51.3943359375, -0.6068359375])
array('d', [-64.9314453125, -0.18671875000000002, 51.3943359375, -0.6068359375])
array('d', [-64.884765625, 0.42011718750000004, 51.72109375, -0.09335937500000001])
array('d', [-64.884765625, 0.42011718750000004, 52.0478515625, -0.93359375])
array('d', [-63.0642578125, 0.37343750000000003, 52.0478515625, -0.93359375])
array('d', [-64.55800781250001, 0.18671875000000002, 51.300976562500004, -0.09335937500000001])
array('d', [-63.110937500000006, -0.18671875000000002, 52.141210937500006, 0.8402343750000001])
array('d', [-63.110937500000006, 0.280078125, 52.467968750000004, 0.42011718750000004])
array('d', [-63.110937500000006, 0.280078125, 52.467968750000004, 0.42011718750000004])
array('d', [-63.110937500000006, 0.280078125, 52.467968750000004, 0.42011718750000004])
array('d', [-64.1845703125, -0.5134765625000001, 52.141210937500006, -0.42011718750000004])
array('d', [-63.437695312500004, 0.42011718750000004, 51.674414062500006, -0.09335937500000001])
array('d', [-65.6783203125, 0.18671875000000002, 51.674414062500006, 0.42011718750000004])
array('d', [-65.6783203125, 0.18671875000000002, 51.674414062500006, 0.42011718750000004])
array('d', [-65.6783203125, 0.18671875000000002, 51.674414062500006, 0.42011718750000004])
array('d', [-64.6046875, -0.18671875000000002, 51.72109375, -1.1203125])
array('d', [-64.6046875, -0.3267578125, 52.09453125, 0.5134765625000001])
array('d', [-64.6046875, 0.37343750000000003, 53.308203125000006, -0.7001953125])
array('d', [-64.6046875, 0.37343750000000003, 53.308203125000006, -0.7001953125])
array('d', [-64.6046875, 0.37343750000000003, 53.308203125000006, -0.7001953125])
array('d', [-64.6046875, 0.37343750000000003, 53.308203125000006, -0.7001953125])
array('d', [-65.25820312500001, -0.09335937500000001, 52.141210937500006, 0.3267578125])
array('d', [-65.25820312500001, -0.09335937500000001, 52.141210937500006, -0.09335937500000001])
array('d', [-64.1845703125, -0.09335937500000001, 51.72109375, -0.09335937500000001])
array('d', [-64.1845703125, -0.09335937500000001, 52.5146484375, -0.42011718750000004])
array('d', [-64.1845703125, -0.3267578125, 52.09453125, -0.2333984375])
array('d', [-63.811132812500006, -0.3267578125, 51.72109375, 0.42011718750000004])
array('d', [-64.6046875, -0.42011718750000004, 51.72109375, 0.42011718750000004])
array('d', [-64.978125, 0.0, 51.72109375, -0.2333984375])
array('d', [-64.6046875, 0.280078125, 51.72109375, -0.0])
array('d', [-64.6046875, 0.280078125, 52.561328125, -0.3267578125])
array('d', [-63.8578125, 0.42011718750000004, 52.561328125, 0.42011718750000004])
array('d', [-63.8578125, 0.42011718750000004, 51.34765625, -0.0])
array('d', [-64.1845703125, -0.09335937500000001, 51.34765625, -0.0])
array('d', [-64.1845703125, -0.1400390625, 52.09453125, -0.0])
array('d', [-64.6046875, -0.6068359375, 51.767773437500004, 0.42011718750000004])
array('d', [-63.484375, -0.18671875000000002, 51.767773437500004, 0.5134765625000001])
array('d', [-63.484375, -0.18671875000000002, 51.767773437500004, 0.5134765625000001])
array('d', [-63.484375, -0.18671875000000002, 51.767773437500004, 0.5134765625000001])
array('d', [-64.978125, 0.09335937500000001, 52.09453125, 0.5134765625000001])
array('d', [-64.6046875, -0.6068359375, 52.5146484375, 0.3267578125])
array('d', [-64.23125, 0.0, 52.5146484375, 0.3267578125])
array('d', [-63.8578125, 0.18671875000000002, 51.72109375, -0.653515625])
array('d', [-64.23125, -0.3267578125, 52.934765625000004, 0.42011718750000004])
array('d', [-64.23125, -0.3267578125, 51.72109375, 0.5134765625000001])
array('d', [-64.978125, -0.2333984375, 51.72109375, 0.5134765625000001])
array('d', [-64.23125, 0.2333984375, 51.674414062500006, 0.42011718750000004])
array('d', [-64.978125, 0.09335937500000001, 52.141210937500006, 0.18671875000000002])
array('d', [-64.978125, 0.09335937500000001, 51.3943359375, 0.8402343750000001])
array('d', [-64.978125, 0.09335937500000001, 51.3943359375, 0.8402343750000001])
array('d', [-64.978125, 0.09335937500000001, 51.3943359375, 0.8402343750000001])
array('d', [-64.978125, -0.5134765625000001, 51.72109375, 0.42011718750000004])
array('d', [-63.8578125, -0.18671875000000002, 51.767773437500004, 0.5134765625000001])
array('d', [-63.8578125, -0.18671875000000002, 51.767773437500004, 0.5134765625000001])
array('d', [-63.110937500000006, -0.2333984375, 51.674414062500006, 0.5134765625000001])
array('d', [-63.8578125, -0.2333984375, 51.300976562500004, -0.56015625])
array('d', [-63.8578125, -0.5134765625000001, 52.5146484375, -0.93359375])
array('d', [-63.8578125, -0.5134765625000001, 52.5146484375, -0.93359375])
array('d', [-64.23125, -0.7468750000000001, 51.300976562500004, -0.3267578125])
array('d', [-64.6046875, 0.37343750000000003, 52.467968750000004, 0.93359375])
array('d', [-63.8578125, 0.18671875000000002, 51.767773437500004, 0.09335937500000001])
array('d', [-63.8578125, 0.18671875000000002, 52.141210937500006, 0.42011718750000004])
array('d', [-64.23125, 0.37343750000000003, 52.141210937500006, 0.42011718750000004])
array('d', [-64.23125, -0.2333984375, 51.767773437500004, -0.56015625])
array('d', [-64.55800781250001, 0.18671875000000002, 51.34765625, 1.3537109375])
array('d', [-64.55800781250001, 0.18671875000000002, 52.141210937500006, 0.3267578125])
array('d', [-64.55800781250001, -0.09335937500000001, 52.141210937500006, 0.3267578125])
array('d', [-64.55800781250001, -0.42011718750000004, 52.141210937500006, -0.7468750000000001])
array('d', [-65.3515625, 0.42011718750000004, 51.72109375, 0.5134765625000001])
array('d', [-65.3515625, -0.18671875000000002, 52.467968750000004, -0.0])
array('d', [-64.23125, -0.18671875000000002, 52.467968750000004, -0.0])
array('d', [-63.484375, 0.0, 52.5146484375, -0.56015625])
array('d', [-65.72500000000001, 0.280078125, 52.5146484375, -0.42011718750000004])
array('d', [-65.72500000000001, -0.09335937500000001, 52.467968750000004, -0.0])
array('d', [-64.23125, -0.09335937500000001, 52.467968750000004, 0.42011718750000004])
array('d', [-64.23125, 0.18671875000000002, 52.141210937500006, 0.42011718750000004])
array('d', [-64.978125, -0.2333984375, 52.09453125, 0.3267578125])
array('d', [-64.55800781250001, -0.2333984375, 52.141210937500006, -0.09335937500000001])
array('d', [-64.55800781250001, -0.2333984375, 52.141210937500006, -0.3267578125])
array('d', [-64.55800781250001, -0.18671875000000002, 52.141210937500006, 0.3267578125])
array('d', [-64.23125, -0.5134765625000001, 52.09453125, 0.3267578125])
array('d', [-65.3515625, -0.3267578125, 51.674414062500006, 0.42011718750000004])
array('d', [-64.978125, 0.09335937500000001, 51.72109375, -0.0])
array('d', [-64.978125, 0.280078125, 51.3943359375, -0.0])
array('d', [-64.978125, 0.280078125, 51.3943359375, -0.0])
array('d', [-64.978125, 0.280078125, 51.3943359375, -0.0])
array('d', [-64.978125, 0.280078125, 51.3943359375, -0.0])
array('d', [-64.978125, 0.280078125, 51.3943359375, -0.0])
array('d', [-63.8578125, 0.0, 51.72109375, -0.0])
array('d', [-65.3515625, -0.18671875000000002, 51.72109375, -0.93359375])
array('d', [-64.978125, -0.2333984375, 51.72109375, -0.42011718750000004])
array('d', [-64.978125, -0.2333984375, 51.72109375, 0.93359375])
array('d', [-64.23125, 0.18671875000000002, 51.767773437500004, 0.93359375])
array('d', [-63.8578125, -0.2333984375, 51.3943359375, -0.56015625])
array('d', [-63.8578125, -0.2333984375, 51.72109375, 0.5134765625000001])
array('d', [-63.8578125, -0.2333984375, 51.72109375, 0.5134765625000001])
array('d', [-63.8578125, -0.2333984375, 51.72109375, 0.5134765625000001])
array('d', [-63.8578125, -0.2333984375, 51.72109375, 0.5134765625000001])
array('d', [-65.72500000000001, -0.2333984375, 51.72109375, 0.42011718750000004])
array('d', [-63.8578125, 0.09335937500000001, 51.72109375, 0.42011718750000004])
array('d', [-63.484375, -0.1400390625, 51.300976562500004, -0.09335937500000001])
array('d', [-63.484375, 0.09335937500000001, 51.72109375, 0.42011718750000004])
array('d', [-64.6046875, 0.09335937500000001, 51.72109375, 0.42011718750000004])
array('d', [-64.6046875, -0.09335937500000001, 52.5146484375, 0.5134765625000001])
array('d', [-64.55800781250001, 0.37343750000000003, 51.72109375, -0.56015625])
array('d', [-64.55800781250001, 0.37343750000000003, 51.72109375, -0.56015625])
array('d', [-64.6046875, -0.6068359375, 51.34765625, 0.09335937500000001])
array('d', [-64.55800781250001, 0.09335937500000001, 52.934765625000004, -0.2333984375])
array('d', [-64.6046875, 0.0, 52.561328125, 0.3267578125])
array('d', [-64.6046875, 0.0, 52.09453125, -0.09335937500000001])
array('d', [-64.978125, -0.2333984375, 52.09453125, -0.09335937500000001])
array('d', [-65.3515625, 0.0, 51.72109375, 0.7001953125])
array('d', [-65.3515625, 0.0, 51.72109375, 0.7001953125])
array('d', [-65.3515625, 0.0, 51.72109375, 0.7001953125])
array('d', [-65.3515625, 0.0, 51.72109375, 0.7001953125])
array('d', [-65.3515625, 0.0, 51.72109375, 0.7001953125])
array('d', [-63.8578125, 0.18671875000000002, 51.300976562500004, 0.5134765625000001])
array('d', [-63.8578125, 0.18671875000000002, 52.141210937500006, 0.3267578125])
array('d', [-63.484375, -0.1400390625, 52.141210937500006, 0.3267578125])
array('d', [-63.110937500000006, 0.0, 51.72109375, 0.8402343750000001])
array('d', [-64.23125, -0.2333984375, 50.9275390625, -0.42011718750000004])
array('d', [-64.23125, -0.2333984375, 50.9275390625, -0.42011718750000004])
array('d', [-63.110937500000006, -0.2333984375, 52.467968750000004, -0.09335937500000001])
array('d', [-63.110937500000006, -0.2333984375, 52.467968750000004, -0.09335937500000001])
array('d', [-63.110937500000006, -0.2333984375, 52.467968750000004, -0.09335937500000001])
array('d', [-63.110937500000006, -0.2333984375, 52.467968750000004, -0.09335937500000001])
array('d', [-64.23125, 0.2333984375, 51.34765625, -0.3267578125])
array('d', [-64.6046875, 0.0, 52.5146484375, 0.42011718750000004])
array('d', [-64.23125, 0.18671875000000002, 52.141210937500006, -0.0])
array('d', [-64.23125, 0.18671875000000002, 52.141210937500006, 0.09335937500000001])
array('d', [-64.6046875, 0.37343750000000003, 52.141210937500006, 0.09335937500000001])
array('d', [-64.6046875, -0.280078125, 51.3943359375, -0.653515625])
array('d', [-64.6046875, -0.1400390625, 51.300976562500004, -0.0])
array('d', [-64.6046875, -0.1400390625, 51.300976562500004, -0.0])
array('d', [-64.6046875, 0.5134765625000001, 52.934765625000004, -0.1400390625])
array('d', [-64.23125, -0.09335937500000001, 51.72109375, 0.42011718750000004])
array('d', [-64.23125, -0.09335937500000001, 51.72109375, 0.42011718750000004])
array('d', [-64.23125, -0.09335937500000001, 51.72109375, 0.42011718750000004])
array('d', [-64.23125, -0.2333984375, 51.34765625, 0.42011718750000004])
array('d', [-63.1576171875, 0.09335937500000001, 52.141210937500006, 0.18671875000000002])
array('d', [-66.0984375, 0.18671875000000002, 52.5146484375, -0.1400390625])
array('d', [-66.0984375, 0.18671875000000002, 52.5146484375, -0.1400390625])
array('d', [-64.23125, -0.3267578125, 51.72109375, 0.9802734375000001])
array('d', [-63.8578125, 0.42011718750000004, 51.72109375, -0.1400390625])
array('d', [-63.8578125, -0.09335937500000001, 51.767773437500004, -0.0])
array('d', [-63.8578125, -0.09335937500000001, 51.767773437500004, -0.0])
array('d', [-63.8578125, -0.09335937500000001, 51.767773437500004, -0.0])
array('d', [-63.8578125, -0.09335937500000001, 51.767773437500004, -0.0])
array('d', [-63.904492187500004, -0.09335937500000001, 51.767773437500004, -0.42011718750000004])
array('d', [-64.978125, 0.2333984375, 52.5146484375, -0.42011718750000004])
array('d', [-64.978125, 0.0, 51.34765625, -0.653515625])
array('d', [-64.978125, 0.0, 51.34765625, -0.653515625])
array('d', [-64.978125, 0.0, 51.34765625, -0.653515625])
array('d', [-63.110937500000006, 0.0, 52.0478515625, -0.0])
array('d', [-65.3515625, 0.2333984375, 52.467968750000004, -0.1400390625])
array('d', [-65.3515625, 0.2333984375, 52.561328125, 0.42011718750000004])
array('d', [-64.978125, -0.3267578125, 52.561328125, 0.42011718750000004])
array('d', [-63.904492187500004, 0.37343750000000003, 52.5146484375, -0.42011718750000004])
array('d', [-63.484375, -0.2333984375, 52.934765625000004, 0.18671875000000002])
array('d', [-63.484375, -0.2333984375, 52.934765625000004, 1.1203125])
array('d', [-63.484375, -0.2333984375, 52.934765625000004, 1.1203125])
array('d', [-63.484375, -0.2333984375, 52.934765625000004, 1.1203125])
array('d', [-63.484375, -0.2333984375, 52.934765625000004, 1.1203125])
array('d', [-63.484375, -0.2333984375, 52.934765625000004, 1.1203125])
array('d', [-63.484375, -0.09335937500000001, 52.187890625, 1.1203125])
array('d', [-63.484375, 0.0, 51.72109375, 0.1400390625])
array('d', [-64.978125, 0.18671875000000002, 52.561328125, -0.1400390625])
array('d', [-64.978125, 0.18671875000000002, 52.561328125, 0.5134765625000001])
array('d', [-64.6046875, -0.3267578125, 52.141210937500006, 0.5134765625000001])
array('d', [-64.23125, -0.09335937500000001, 52.0478515625, 0.1400390625])
array('d', [-63.904492187500004, -0.09335937500000001, 52.141210937500006, -0.1400390625])
array('d', [-63.904492187500004, -0.09335937500000001, 52.141210937500006, -0.0])
array('d', [-63.110937500000006, 0.0, 51.300976562500004, -0.0])
array('d', [-62.737500000000004, -0.2333984375, 52.141210937500006, 0.8402343750000001])
array('d', [-64.23125, -0.2333984375, 52.187890625, 0.5134765625000001])
array('d', [-64.23125, -0.2333984375, 52.5146484375, 0.42011718750000004])
array('d', [-64.23125, 0.18671875000000002, 52.5146484375, 0.3267578125])
array('d', [-64.6046875, -0.2333984375, 52.5146484375, 0.3267578125])
array('d', [-63.484375, 0.0, 52.141210937500006, -0.93359375])
array('d', [-64.6046875, -0.3267578125, 51.300976562500004, -0.0])
array('d', [-64.6046875, -0.09335937500000001, 52.5146484375, -0.1400390625])
array('d', [-63.484375, -0.09335937500000001, 52.5146484375, 0.42011718750000004])
array('d', [-65.3515625, -0.56015625, 52.141210937500006, 0.42011718750000004])
array('d', [-63.8578125, 0.37343750000000003, 51.674414062500006, -0.56015625])
array('d', [-63.904492187500004, 0.18671875000000002, 51.300976562500004, -0.653515625])
array('d', [-63.904492187500004, 0.18671875000000002, 51.300976562500004, -0.0])
array('d', [-63.8578125, 0.5134765625000001, 51.72109375, -0.0])
array('d', [-63.1576171875, 0.18671875000000002, 51.300976562500004, 0.5134765625000001])
array('d', [-63.1576171875, 0.18671875000000002, 50.974218750000006, -0.1400390625])
array('d', [-64.23125, -0.09335937500000001, 50.974218750000006, -0.1400390625])
array('d', [-65.3048828125, -0.09335937500000001, 51.72109375, 0.9802734375000001])
array('d', [-64.978125, -0.42011718750000004, 51.767773437500004, -0.0])
array('d', [-63.904492187500004, -0.18671875000000002, 51.72109375, 0.42011718750000004])
array('d', [-65.72500000000001, 0.653515625, 51.300976562500004, 0.42011718750000004])
array('d', [-65.72500000000001, -0.2333984375, 51.72109375, 0.3267578125])
array('d', [-64.2779296875, -0.2333984375, 51.72109375, 0.42011718750000004])
array('d', [-63.8578125, 0.0, 52.467968750000004, 0.42011718750000004])
array('d', [-63.1576171875, 0.280078125, 52.141210937500006, -0.1400390625])
array('d', [-63.1576171875, 0.280078125, 52.141210937500006, -0.1400390625])
array('d', [-64.2779296875, 0.2333984375, 51.674414062500006, -0.0])
array('d', [-64.978125, -0.09335937500000001, 51.72109375, -0.653515625])
array('d', [-63.8578125, -0.09335937500000001, 50.9275390625, 0.42011718750000004])
array('d', [-63.8578125, -0.09335937500000001, 50.9275390625, 0.42011718750000004])
array('d', [-63.8578125, -0.09335937500000001, 50.9275390625, 0.42011718750000004])
array('d', [-63.1576171875, -0.3267578125, 52.141210937500006, -0.653515625])
array('d', [-63.1576171875, -0.3267578125, 51.767773437500004, -0.1400390625])
array('d', [-63.1576171875, 0.8402343750000001, 51.767773437500004, -0.1400390625])
array('d', [-63.1576171875, 0.8402343750000001, 51.767773437500004, -0.1400390625])
array('d', [-63.1576171875, 0.8402343750000001, 51.767773437500004, -0.1400390625])
array('d', [-63.1576171875, 0.8402343750000001, 51.767773437500004, -0.1400390625])
array('d', [-65.02480468750001, 0.18671875000000002, 50.9275390625, -0.0])
array('d', [-64.23125, -0.5134765625000001, 52.141210937500006, 0.5134765625000001])
array('d', [-64.2779296875, -0.09335937500000001, 51.72109375, -0.0])
array('d', [-64.2779296875, -0.2333984375, 52.141210937500006, -0.1400390625])
array('d', [-65.3982421875, -0.2333984375, 52.141210937500006, -0.1400390625])
array('d', [-64.2779296875, 0.046679687500000004, 52.934765625000004, -0.7468750000000001])
array('d', [-65.02480468750001, -0.09335937500000001, 52.141210937500006, -0.1400390625])
array('d', [-64.6046875, 0.42011718750000004, 51.72109375, -0.0])
array('d', [-63.8578125, 0.42011718750000004, 51.300976562500004, -0.2333984375])
array('d', [-63.8578125, 0.42011718750000004, 51.72109375, 0.3267578125])
array('d', [-63.484375, -0.1400390625, 51.72109375, 0.3267578125])
array('d', [-64.6513671875, 0.09335937500000001, 52.467968750000004, -0.0])
array('d', [-63.484375, 0.0, 52.5146484375, 0.42011718750000004])
array('d', [-63.484375, 0.0, 52.5146484375, 0.42011718750000004])
array('d', [-63.484375, 0.0, 52.5146484375, 0.42011718750000004])
array('d', [-65.02480468750001, 0.42011718750000004, 51.300976562500004, -0.1400390625])
array('d', [-63.8578125, -0.18671875000000002, 51.674414062500006, -0.653515625])
array('d', [-63.8578125, -0.18671875000000002, 51.674414062500006, -0.1400390625])
array('d', [-63.8578125, 0.37343750000000003, 52.141210937500006, -0.1400390625])
array('d', [-65.02480468750001, 0.37343750000000003, 51.674414062500006, -2.80078125])
array('d', [-64.2779296875, -0.09335937500000001, 51.72109375, 0.42011718750000004])
array('d', [-64.2779296875, -0.09335937500000001, 51.72109375, 0.3267578125])
array('d', [-64.2779296875, -0.09335937500000001, 51.72109375, 0.3267578125])
array('d', [-64.2779296875, -0.09335937500000001, 51.72109375, 0.3267578125])
array('d', [-65.3982421875, 0.37343750000000003, 51.72109375, 0.3267578125])
array('d', [-65.3982421875, -0.2333984375, 52.141210937500006, 0.5134765625000001])
array('d', [-64.6046875, 0.37343750000000003, 52.141210937500006, -0.1400390625])
array('d', [-64.6046875, 0.37343750000000003, 52.141210937500006, -0.1400390625])
array('d', [-63.8578125, 0.0, 52.934765625000004, -0.1400390625])
array('d', [-63.8578125, 0.0, 52.934765625000004, -0.1400390625])
array('d', [-65.02480468750001, -0.09335937500000001, 52.5146484375, 0.42011718750000004])
array('d', [-64.6046875, -0.5134765625000001, 51.3943359375, 0.3267578125])
array('d', [-64.6046875, 0.466796875, 52.141210937500006, -0.93359375])
array('d', [-63.484375, 0.466796875, 52.141210937500006, -0.93359375])
array('d', [-63.484375, 0.3267578125, 52.141210937500006, 0.8402343750000001])
array('d', [-63.484375, 0.3267578125, 52.141210937500006, 0.8402343750000001])
array('d', [-63.484375, 0.3267578125, 52.141210937500006, 0.8402343750000001])
array('d', [-63.484375, 0.3267578125, 52.141210937500006, 0.8402343750000001])
array('d', [-64.2779296875, -0.2333984375, 50.974218750000006, 0.1400390625])
array('d', [-63.5310546875, 0.18671875000000002, 52.5146484375, -0.1400390625])
array('d', [-63.8578125, -0.18671875000000002, 51.72109375, -0.1400390625])
array('d', [-63.8578125, -0.18671875000000002, 51.72109375, -0.1400390625])
array('d', [-63.8578125, -0.09335937500000001, 51.72109375, 0.56015625])
array('d', [-63.8578125, -0.09335937500000001, 51.72109375, -0.2333984375])
array('d', [-63.8578125, 0.37343750000000003, 50.9275390625, -0.2333984375])
array('d', [-63.484375, 0.37343750000000003, 50.9275390625, -0.0])
array('d', [-63.484375, -0.37343750000000003, 51.72109375, -0.0])
array('d', [-64.6046875, -0.37343750000000003, 51.72109375, -0.56015625])
array('d', [-65.72500000000001, -0.56015625, 51.627734375, -0.56015625])
array('d', [-64.2779296875, 0.37343750000000003, 52.141210937500006, 0.3267578125])
array('d', [-64.2779296875, 0.37343750000000003, 51.72109375, 0.3267578125])
array('d', [-64.2779296875, 0.09335937500000001, 51.72109375, 0.3267578125])
array('d', [-63.8578125, 0.18671875000000002, 52.09453125, -0.0])
array('d', [-63.8578125, 0.18671875000000002, 52.09453125, -0.0])
array('d', [-64.6046875, -0.2333984375, 52.141210937500006, -0.0])
array('d', [-64.6046875, -0.09335937500000001, 52.5146484375, -0.0])
array('d', [-65.3982421875, -0.09335937500000001, 52.5146484375, 0.3267578125])
array('d', [-64.978125, -0.09335937500000001, 50.9275390625, 0.3267578125])
array('d', [-63.8578125, 0.0, 51.72109375, -0.2333984375])
array('d', [-65.02480468750001, 0.046679687500000004, 51.300976562500004, -0.653515625])
array('d', [-65.02480468750001, 0.046679687500000004, 51.300976562500004, -0.653515625])
array('d', [-65.02480468750001, 0.046679687500000004, 51.300976562500004, -0.653515625])
array('d', [-64.2779296875, -0.2333984375, 51.72109375, -0.1400390625])
array('d', [-63.5310546875, -0.3267578125, 51.300976562500004, -0.93359375])
array('d', [-63.5310546875, 0.0, 51.72109375, -0.2333984375])
array('d', [-63.8578125, 0.0, 51.72109375, -0.2333984375])
array('d', [-64.6513671875, -0.3267578125, 52.09453125, 0.56015625])
array('d', [-63.8578125, 0.42011718750000004, 52.141210937500006, -0.2333984375])
array('d', [-63.8578125, 0.42011718750000004, 51.72109375, -0.1400390625])
array('d', [-63.1576171875, 0.280078125, 51.72109375, -0.1400390625])
array('d', [-63.5310546875, -0.09335937500000001, 52.141210937500006, -0.0])
array('d', [-63.484375, -0.3267578125, 51.72109375, 1.400390625])
array('d', [-63.484375, -0.3267578125, 51.72109375, 1.400390625])
array('d', [-63.484375, -0.3267578125, 51.72109375, 1.400390625])
array('d', [-63.484375, -0.3267578125, 51.72109375, 1.400390625])
array('d', [-62.7841796875, -0.3267578125, 52.141210937500006, 0.8402343750000001])
array('d', [-64.2779296875, -0.09335937500000001, 51.767773437500004, -0.42011718750000004])
array('d', [-64.2779296875, -0.2333984375, 52.841406250000006, 0.42011718750000004])
array('d', [-64.6046875, -0.2333984375, 52.841406250000006, 0.42011718750000004])
array('d', [-64.6046875, 0.37343750000000003, 52.09453125, 0.42011718750000004])
array('d', [-63.5310546875, 0.2333984375, 52.141210937500006, -0.42011718750000004])
array('d', [-63.5310546875, 0.2333984375, 51.72109375, -1.0736328125])
array('d', [-63.5310546875, 0.2333984375, 51.72109375, -1.0736328125])
array('d', [-63.5310546875, 0.2333984375, 51.72109375, -1.0736328125])
array('d', [-64.2779296875, 0.18671875000000002, 51.72109375, -1.0736328125])
array('d', [-65.02480468750001, -0.37343750000000003, 52.141210937500006, 0.56015625])
array('d', [-65.02480468750001, -0.1400390625, 52.467968750000004, 0.56015625])
array('d', [-65.02480468750001, -0.1400390625, 52.467968750000004, 0.56015625])
array('d', [-65.444921875, 0.6068359375, 51.300976562500004, -0.0])
array('d', [-65.02480468750001, 0.466796875, 52.187890625, 0.3267578125])
array('d', [-65.02480468750001, 0.466796875, 52.187890625, 0.9802734375000001])
array('d', [-64.2779296875, -0.18671875000000002, 52.141210937500006, 0.9802734375000001])
array('d', [-64.698046875, -0.09335937500000001, 52.934765625000004, -0.1400390625])
array('d', [-63.1576171875, 0.37343750000000003, 51.72109375, -0.0])
array('d', [-65.02480468750001, -0.2333984375, 52.5146484375, 0.3267578125])
array('d', [-65.02480468750001, -0.2333984375, 51.767773437500004, -0.2333984375])
array('d', [-63.951171875, -0.09335937500000001, 51.767773437500004, -0.2333984375])
array('d', [-63.1576171875, 0.18671875000000002, 52.141210937500006, 0.7001953125])
array('d', [-63.1576171875, 0.18671875000000002, 52.141210937500006, 0.3267578125])
array('d', [-62.830859375, -0.09335937500000001, 52.141210937500006, 0.3267578125])
array('d', [-63.1576171875, 0.09335937500000001, 52.561328125, -0.8402343750000001])
array('d', [-64.2779296875, -0.2333984375, 52.561328125, -0.8402343750000001])
array('d', [-64.2779296875, -0.2333984375, 51.72109375, 0.42011718750000004])
array('d', [-63.5310546875, 0.0, 51.72109375, 0.42011718750000004])
array('d', [-64.2779296875, 0.37343750000000003, 52.141210937500006, -1.0736328125])
array('d', [-63.904492187500004, 0.2333984375, 51.72109375, -0.56015625])
array('d', [-65.02480468750001, 0.18671875000000002, 51.72109375, -0.1400390625])
array('d', [-65.02480468750001, 0.18671875000000002, 51.72109375, 0.046679687500000004])
array('d', [-64.698046875, 0.0, 51.72109375, 0.046679687500000004])
array('d', [-64.698046875, 0.0, 51.72109375, 0.046679687500000004])
array('d', [-64.32460937500001, 0.046679687500000004, 52.5146484375, -0.2333984375])
array('d', [-64.32460937500001, 0.046679687500000004, 52.9814453125, -0.2333984375])
array('d', [-62.830859375, 0.18671875000000002, 52.9814453125, -0.2333984375])
array('d', [-62.830859375, 0.280078125, 52.141210937500006, -0.7935546875])
array('d', [-63.8578125, 0.09335937500000001, 52.5146484375, -0.37343750000000003])
array('d', [-63.577734375000006, 0.42011718750000004, 52.141210937500006, 0.8402343750000001])
array('d', [-64.2779296875, 0.0, 51.72109375, -0.653515625])
array('d', [-64.2779296875, 0.0, 51.72109375, -0.1400390625])
array('d', [-63.904492187500004, 0.280078125, 51.72109375, -0.1400390625])
array('d', [-63.1576171875, -0.2333984375, 51.72109375, -0.0])
array('d', [-63.1576171875, -0.2333984375, 51.72109375, -0.0])
array('d', [-63.1576171875, -0.2333984375, 51.72109375, -0.0])
array('d', [-63.1576171875, -0.3267578125, 51.627734375, -0.653515625])
array('d', [-63.1576171875, -0.56015625, 51.72109375, -1.0736328125])
array('d', [-63.8578125, -0.56015625, 51.72109375, -1.0736328125])
array('d', [-64.2779296875, -0.2333984375, 51.72109375, 0.8402343750000001])
array('d', [-65.02480468750001, -0.2333984375, 51.72109375, -0.1400390625])
array('d', [-65.02480468750001, -0.2333984375, 51.72109375, 0.56015625])
array('d', [-63.577734375000006, 0.0, 51.72109375, 0.56015625])
array('d', [-65.02480468750001, 0.0, 51.72109375, -0.37343750000000003])
array('d', [-63.8578125, 0.046679687500000004, 51.3943359375, -1.0736328125])
array('d', [-63.8578125, 0.046679687500000004, 51.3943359375, 1.2603515625000001])
array('d', [-64.2779296875, -0.37343750000000003, 51.3943359375, 1.2603515625000001])
array('d', [-64.2779296875, -0.37343750000000003, 51.3943359375, 1.2603515625000001])
array('d', [-63.5310546875, 0.1400390625, 52.5146484375, 0.18671875000000002])
array('d', [-63.5310546875, 0.1400390625, 52.5146484375, -1.0736328125])
array('d', [-63.951171875, 0.280078125, 51.72109375, -1.0736328125])
array('d', [-63.577734375000006, 0.046679687500000004, 52.141210937500006, 0.42011718750000004])
array('d', [-63.904492187500004, 0.0, 51.674414062500006, 1.1203125])
array('d', [-63.904492187500004, 0.0, 51.72109375, -0.1400390625])
array('d', [-63.904492187500004, -0.5134765625000001, 51.72109375, -0.1400390625])
array('d', [-63.904492187500004, -0.5134765625000001, 51.72109375, -0.1400390625])
array('d', [-63.5310546875, -0.5134765625000001, 51.34765625, -0.42011718750000004])
array('d', [-63.904492187500004, -0.2333984375, 52.09453125, 0.42011718750000004])
array('d', [-64.2779296875, -0.046679687500000004, 52.141210937500006, -0.56015625])
array('d', [-64.2779296875, -0.046679687500000004, 51.72109375, -0.9802734375000001])
array('d', [-63.577734375000006, 0.18671875000000002, 51.72109375, -0.9802734375000001])
array('d', [-64.698046875, 0.0, 51.72109375, -0.1400390625])
array('d', [-64.2779296875, 0.18671875000000002, 52.5146484375, 0.1400390625])
array('d', [-64.2779296875, 0.18671875000000002, 52.5146484375, 0.56015625])
array('d', [-63.204296875000004, 0.18671875000000002, 51.34765625, 0.56015625])
array('d', [-64.2779296875, 0.1400390625, 51.767773437500004, -0.1400390625])
array('d', [-64.2779296875, 0.280078125, 52.934765625000004, 0.42011718750000004])
array('d', [-63.904492187500004, 0.280078125, 52.934765625000004, 0.42011718750000004])
array('d', [-61.7572265625, -0.18671875000000002, 52.5146484375, -0.1400390625])
array('d', [-65.02480468750001, -0.5134765625000001, 52.141210937500006, -0.2333984375])
array('d', [-64.6513671875, 0.6068359375, 52.09453125, -0.42011718750000004])
array('d', [-64.6513671875, 0.6068359375, 51.72109375, 1.2603515625000001])
array('d', [-65.02480468750001, -0.466796875, 51.72109375, 1.2603515625000001])
array('d', [-65.02480468750001, -0.466796875, 51.72109375, 1.2603515625000001])
array('d', [-62.410742187500006, 0.18671875000000002, 52.0478515625, 1.400390625])
array('d', [-63.204296875000004, 0.046679687500000004, 51.300976562500004, -0.56015625])
array('d', [-64.2779296875, 0.42011718750000004, 52.0478515625, -0.1400390625])
array('d', [-64.2779296875, 0.42011718750000004, 52.0478515625, -0.1400390625])
array('d', [-64.2779296875, 0.42011718750000004, 52.0478515625, -0.1400390625])
array('d', [-64.698046875, -0.280078125, 51.34765625, 0.56015625])
array('d', [-64.698046875, 0.1400390625, 52.141210937500006, 0.42011718750000004])
array('d', [-64.2779296875, 0.1400390625, 52.141210937500006, 0.42011718750000004])
array('d', [-65.444921875, -0.5134765625000001, 51.300976562500004, -0.653515625])
array('d', [-65.8650390625, -0.046679687500000004, 51.72109375, -0.653515625])
array('d', [-65.8650390625, -0.046679687500000004, 51.72109375, 1.6337890625])
array('d', [-63.577734375000006, 0.1400390625, 52.09453125, 1.6337890625])
array('d', [-63.577734375000006, 0.1400390625, 51.72109375, 0.1400390625])
array('d', [-63.9978515625, -0.5134765625000001, 51.72109375, 0.1400390625])
array('d', [-62.1306640625, 0.0, 51.72109375, 0.1400390625])
array('d', [-63.9978515625, -0.046679687500000004, 52.09453125, 0.18671875000000002])
array('d', [-63.9978515625, -0.046679687500000004, 52.09453125, 0.18671875000000002])
array('d', [-63.9978515625, -0.046679687500000004, 52.09453125, 0.18671875000000002])
array('d', [-64.7447265625, -0.046679687500000004, 52.5146484375, -0.42011718750000004])
array('d', [-63.6244140625, 0.0, 51.72109375, -0.0])
array('d', [-63.6244140625, 0.0, 52.5146484375, 0.3267578125])
array('d', [-63.6244140625, 0.0, 52.5146484375, 0.3267578125])
array('d', [-63.6244140625, 0.0, 52.5146484375, 0.3267578125])
array('d', [-64.3712890625, -0.046679687500000004, 51.767773437500004, 0.9802734375000001])
array('d', [-64.3712890625, -0.046679687500000004, 51.767773437500004, 0.42011718750000004])
array('d', [-63.6244140625, 0.42011718750000004, 52.187890625, 0.42011718750000004])
array('d', [-63.9978515625, -0.2333984375, 52.467968750000004, -1.0736328125])
array('d', [-64.32460937500001, -0.046679687500000004, 52.141210937500006, -0.1400390625])
array('d', [-64.32460937500001, -0.046679687500000004, 52.141210937500006, -0.1400390625])
array('d', [-63.6244140625, 0.2333984375, 51.72109375, 0.280078125])
array('d', [-64.7447265625, 0.37343750000000003, 52.5146484375, 0.42011718750000004])
array('d', [-64.7447265625, 0.37343750000000003, 51.767773437500004, 0.42011718750000004])
array('d', [-63.671093750000004, -0.37343750000000003, 51.767773437500004, 0.42011718750000004])
array('d', [-63.577734375000006, 0.1400390625, 51.767773437500004, 0.42011718750000004])
array('d', [-63.9978515625, 0.09335937500000001, 52.5146484375, 0.8402343750000001])
array('d', [-63.9978515625, 0.09335937500000001, 51.72109375, 0.42011718750000004])
array('d', [-63.9978515625, 0.1400390625, 51.72109375, 0.42011718750000004])
array('d', [-63.9978515625, 0.1400390625, 51.72109375, 0.42011718750000004])
array('d', [-63.9978515625, 0.1400390625, 51.72109375, 0.42011718750000004])
array('d', [-63.9978515625, 0.1400390625, 51.72109375, 0.42011718750000004])
array('d', [-65.444921875, 0.09335937500000001, 51.627734375, 0.42011718750000004])
array('d', [-64.698046875, 0.653515625, 52.934765625000004, -0.56015625])
array('d', [-63.577734375000006, 0.37343750000000003, 52.09453125, 1.2603515625000001])
array('d', [-63.577734375000006, 0.37343750000000003, 52.09453125, 1.2603515625000001])
array('d', [-63.577734375000006, 0.37343750000000003, 52.09453125, 1.2603515625000001])
array('d', [-64.3712890625, -0.09335937500000001, 51.300976562500004, -1.0736328125])
array('d', [-62.877539062500006, 0.18671875000000002, 52.09453125, 0.42011718750000004])
array('d', [-62.877539062500006, 0.18671875000000002, 52.09453125, 0.42011718750000004])
array('d', [-62.877539062500006, 0.18671875000000002, 52.09453125, 0.42011718750000004])
array('d', [-62.877539062500006, 0.18671875000000002, 52.09453125, 0.42011718750000004])
array('d', [-64.698046875, -0.2333984375, 51.767773437500004, 0.8402343750000001])
array('d', [-63.9978515625, -0.2333984375, 51.767773437500004, 0.8402343750000001])
array('d', [-65.49160156250001, -0.046679687500000004, 51.34765625, 0.7001953125])
array('d', [-65.49160156250001, -0.046679687500000004, 51.34765625, 0.7001953125])
array('d', [-65.49160156250001, -0.046679687500000004, 51.34765625, 0.7001953125])
array('d', [-65.49160156250001, -0.046679687500000004, 51.34765625, 0.7001953125])
array('d', [-65.1181640625, -0.2333984375, 51.767773437500004, -0.56015625])
array('d', [-63.9978515625, 0.0, 52.141210937500006, -0.56015625])
array('d', [-63.9978515625, 0.0, 51.674414062500006, 0.42011718750000004])
array('d', [-63.9978515625, 0.0, 51.674414062500006, 0.42011718750000004])
array('d', [-63.577734375000006, -0.280078125, 52.5146484375, -0.42011718750000004])
array('d', [-63.951171875, 0.0, 52.934765625000004, -0.1400390625])
array('d', [-65.071484375, 0.1400390625, 51.674414062500006, -0.1400390625])
array('d', [-65.071484375, 0.1400390625, 51.674414062500006, -0.0])
array('d', [-65.1181640625, 0.280078125, 52.5146484375, -0.0])
array('d', [-63.9978515625, -0.046679687500000004, 52.141210937500006, -0.42011718750000004])
array('d', [-64.6513671875, 0.18671875000000002, 51.72109375, 0.42011718750000004])
array('d', [-64.6513671875, 0.18671875000000002, 51.72109375, 0.42011718750000004])
array('d', [-64.3712890625, -0.280078125, 52.141210937500006, 0.42011718750000004])
array('d', [-62.504101562500004, -0.280078125, 52.141210937500006, -0.1400390625])
array('d', [-62.504101562500004, -0.280078125, 52.141210937500006, -0.1400390625])
array('d', [-65.444921875, -0.18671875000000002, 51.72109375, -0.0])
array('d', [-65.444921875, -0.18671875000000002, 52.141210937500006, -0.1400390625])
array('d', [-64.698046875, 0.1400390625, 52.141210937500006, -0.1400390625])
array('d', [-64.32460937500001, -0.046679687500000004, 52.561328125, 0.3267578125])
array('d', [-63.9978515625, 0.18671875000000002, 52.5146484375, 0.56015625])
array('d', [-63.9978515625, 0.18671875000000002, 51.674414062500006, -1.1203125])
array('d', [-63.6244140625, 0.18671875000000002, 51.674414062500006, -1.1203125])
array('d', [-63.6244140625, 0.18671875000000002, 51.674414062500006, -1.1203125])
array('d', [-63.6244140625, 0.18671875000000002, 51.674414062500006, -1.1203125])
array('d', [-63.6244140625, 0.18671875000000002, 51.674414062500006, -1.1203125])
array('d', [-63.2509765625, -0.466796875, 50.974218750000006, -0.56015625])
array('d', [-64.3712890625, 0.046679687500000004, 51.72109375, 0.42011718750000004])
array('d', [-64.3712890625, 0.046679687500000004, 51.72109375, 1.2603515625000001])
array('d', [-65.1181640625, 0.18671875000000002, 52.467968750000004, 1.2603515625000001])
array('d', [-64.3712890625, -0.2333984375, 52.09453125, 0.8869140625])
array('d', [-64.3712890625, -0.280078125, 51.34765625, -0.9802734375000001])
array('d', [-64.698046875, -0.280078125, 51.34765625, -0.9802734375000001])
array('d', [-64.698046875, -0.280078125, 51.34765625, -0.9802734375000001])
array('d', [-64.3712890625, -0.2333984375, 52.5146484375, -0.1400390625])
array('d', [-64.698046875, -0.046679687500000004, 51.72109375, -0.7001953125])
array('d', [-64.698046875, 0.18671875000000002, 52.141210937500006, -0.37343750000000003])
array('d', [-63.9978515625, 0.18671875000000002, 52.141210937500006, -0.37343750000000003])
array('d', [-65.071484375, 0.0, 52.0478515625, -0.0])
array('d', [-63.9978515625, -0.2333984375, 52.141210937500006, -0.1400390625])
array('d', [-63.577734375000006, -0.2333984375, 51.300976562500004, -0.1400390625])
array('d', [-63.577734375000006, -0.2333984375, 51.300976562500004, -0.1400390625])
array('d', [-63.577734375000006, -0.2333984375, 51.300976562500004, -0.1400390625])
array('d', [-63.2509765625, -0.5134765625000001, 52.09453125, -1.2603515625000001])
array('d', [-64.3712890625, -0.42011718750000004, 51.72109375, 0.56015625])
array('d', [-64.3712890625, -0.42011718750000004, 51.300976562500004, 0.56015625])
array('d', [-64.698046875, -0.2333984375, 51.300976562500004, -0.56015625])
array('d', [-63.2509765625, 0.18671875000000002, 51.72109375, -0.42011718750000004])
array('d', [-63.6244140625, -0.046679687500000004, 52.8880859375, -0.7001953125])
array('d', [-63.6244140625, -0.046679687500000004, 52.8880859375, -0.7001953125])
array('d', [-63.6244140625, -0.046679687500000004, 52.8880859375, -0.7001953125])
array('d', [-63.2509765625, 0.1400390625, 52.467968750000004, -1.2603515625000001])
array('d', [-63.2509765625, -0.046679687500000004, 52.09453125, 0.9802734375000001])
array('d', [-63.9978515625, -0.046679687500000004, 52.09453125, 0.9802734375000001])
array('d', [-64.698046875, 0.18671875000000002, 50.9275390625, -0.0])
array('d', [-65.071484375, -0.42011718750000004, 52.141210937500006, -0.0])
array('d', [-65.1181640625, -0.09335937500000001, 52.5146484375, -0.280078125])
array('d', [-63.204296875000004, 0.1400390625, 52.5146484375, 0.56015625])
array('d', [-63.204296875000004, 0.1400390625, 52.5146484375, -0.1400390625])
array('d', [-64.32460937500001, -0.046679687500000004, 52.141210937500006, -0.1400390625])
array('d', [-64.7447265625, 0.18671875000000002, 52.5146484375, 0.1400390625])
array('d', [-64.7447265625, 0.18671875000000002, 52.5146484375, 0.1400390625])
array('d', [-64.7447265625, 0.18671875000000002, 52.5146484375, 0.1400390625])
array('d', [-64.04453125, -0.2333984375, 51.72109375, -0.8402343750000001])
array('d', [-64.04453125, 0.37343750000000003, 52.5146484375, -0.8402343750000001])
array('d', [-64.04453125, 0.37343750000000003, 52.5146484375, -0.37343750000000003])
array('d', [-63.29765625, -0.046679687500000004, 51.767773437500004, -0.37343750000000003])
array('d', [-64.79140625000001, 0.0, 51.72109375, -0.42011718750000004])
array('d', [-64.79140625000001, -0.280078125, 52.934765625000004, 0.8869140625])
array('d', [-63.9978515625, -0.280078125, 52.934765625000004, 0.8869140625])
array('d', [-63.9978515625, -0.280078125, 52.934765625000004, 0.8869140625])
array('d', [-64.04453125, -0.09335937500000001, 51.300976562500004, 0.1400390625])
array('d', [-64.7447265625, -0.046679687500000004, 51.300976562500004, -0.1400390625])
array('d', [-64.3712890625, 0.653515625, 51.72109375, -0.0])
array('d', [-64.3712890625, 0.653515625, 51.72109375, -0.0])
array('d', [-64.3712890625, 0.653515625, 51.72109375, -0.0])
array('d', [-64.41796875, -0.046679687500000004, 50.880859375, 1.2603515625000001])
array('d', [-64.41796875, -0.046679687500000004, 50.880859375, 0.3267578125])
array('d', [-63.9978515625, -0.09335937500000001, 52.467968750000004, 0.3267578125])
array('d', [-63.9978515625, -0.09335937500000001, 52.467968750000004, 0.3267578125])
array('d', [-63.9978515625, -0.09335937500000001, 52.467968750000004, 0.3267578125])
array('d', [-63.9978515625, -0.09335937500000001, 52.467968750000004, 0.3267578125])
array('d', [-63.2509765625, -0.046679687500000004, 52.141210937500006, 3.6876953125000003])
array('d', [-65.1181640625, 0.37343750000000003, 51.767773437500004, 3.6876953125000003])
array('d', [-64.41796875, -0.280078125, 51.34765625, 0.1400390625])
array('d', [-64.09121093750001, 0.18671875000000002, 51.72109375, -0.0])
array('d', [-64.09121093750001, 0.18671875000000002, 51.34765625, -0.42011718750000004])
array('d', [-64.41796875, 0.3267578125, 51.34765625, -0.42011718750000004])
array('d', [-64.41796875, 0.3267578125, 51.34765625, -0.42011718750000004])
array('d', [-64.41796875, -0.2333984375, 51.674414062500006, 0.56015625])
array('d', [-64.41796875, -0.2333984375, 52.141210937500006, -3.0341796875])
array('d', [-64.7447265625, 0.42011718750000004, 52.141210937500006, -3.0341796875])
array('d', [-62.92421875, -0.046679687500000004, 52.141210937500006, 0.1400390625])
array('d', [-63.344335937500006, 0.42011718750000004, 52.141210937500006, -0.9802734375000001])
array('d', [-65.1181640625, -0.18671875000000002, 51.300976562500004, 0.8869140625])
array('d', [-65.1181640625, -0.18671875000000002, 51.300976562500004, 0.8869140625])
array('d', [-65.1181640625, -0.18671875000000002, 51.300976562500004, 0.8869140625])
array('d', [-65.1181640625, -0.18671875000000002, 51.300976562500004, 0.8869140625])
array('d', [-64.79140625000001, -0.046679687500000004, 52.141210937500006, 2.1005859375])
array('d', [-63.671093750000004, -0.09335937500000001, 51.72109375, -0.56015625])
array('d', [-64.79140625000001, 0.18671875000000002, 52.467968750000004, -0.8402343750000001])
array('d', [-64.79140625000001, 0.18671875000000002, 52.467968750000004, -0.8402343750000001])
array('d', [-62.92421875, -0.280078125, 52.141210937500006, -0.9802734375000001])
array('d', [-64.04453125, -0.09335937500000001, 51.72109375, -0.1400390625])
array('d', [-64.41796875, 0.37343750000000003, 53.308203125000006, -0.0])
array('d', [-66.6119140625, -0.466796875, 52.141210937500006, -0.1400390625])
array('d', [-65.1181640625, 0.37343750000000003, 50.9275390625, 0.1400390625])
array('d', [-65.1181640625, 0.37343750000000003, 50.9275390625, 0.1400390625])
array('d', [-65.1181640625, 0.37343750000000003, 50.9275390625, 0.1400390625])
array('d', [-64.7447265625, 0.37343750000000003, 52.141210937500006, -0.0])
array('d', [-64.04453125, -0.046679687500000004, 51.300976562500004, 0.7001953125])
array('d', [-65.53828125, -0.046679687500000004, 52.141210937500006, -0.8402343750000001])
array('d', [-65.53828125, -0.046679687500000004, 52.141210937500006, -0.8402343750000001])
array('d', [-65.53828125, -0.046679687500000004, 52.141210937500006, -0.8402343750000001])
array('d', [-65.53828125, -0.046679687500000004, 52.141210937500006, -0.8402343750000001])
array('d', [-63.2509765625, -0.046679687500000004, 51.34765625, -0.0])
array('d', [-63.2509765625, -0.046679687500000004, 51.34765625, -0.42011718750000004])
array('d', [-65.49160156250001, -0.2333984375, 51.34765625, -0.42011718750000004])
array('d', [-63.344335937500006, -0.09335937500000001, 51.767773437500004, -0.42011718750000004])
array('d', [-63.671093750000004, 0.653515625, 52.09453125, -0.7001953125])
array('d', [-63.671093750000004, 0.653515625, 52.09453125, -0.7001953125])
array('d', [-64.41796875, -0.2333984375, 51.767773437500004, -0.1400390625])
array('d', [-64.41796875, -0.2333984375, 51.767773437500004, -0.1400390625])
array('d', [-64.41796875, -0.2333984375, 51.767773437500004, -0.1400390625])
array('d', [-64.41796875, -0.09335937500000001, 51.34765625, -0.1400390625])
array('d', [-63.9978515625, -0.046679687500000004, 52.467968750000004, 0.7001953125])
array('d', [-63.9978515625, -0.046679687500000004, 52.467968750000004, 0.1400390625])
array('d', [-64.41796875, 0.09335937500000001, 52.141210937500006, 0.1400390625])
array('d', [-63.2509765625, 0.1400390625, 52.141210937500006, -0.42011718750000004])
array('d', [-64.41796875, -0.046679687500000004, 52.09453125, 0.7001953125])
array('d', [-64.41796875, -0.046679687500000004, 52.561328125, 0.56015625])
array('d', [-64.41796875, -0.046679687500000004, 52.561328125, 0.56015625])
array('d', [-64.41796875, -0.046679687500000004, 52.561328125, 0.56015625])
array('d', [-64.04453125, -0.046679687500000004, 52.561328125, 0.56015625])
array('d', [-64.7447265625, 0.42011718750000004, 52.5146484375, 1.2603515625000001])
array('d', [-64.41796875, 0.37343750000000003, 52.141210937500006, 0.3267578125])
array('d', [-64.41796875, 0.37343750000000003, 52.141210937500006, 0.3267578125])
array('d', [-65.16484375, 0.3267578125, 51.72109375, 1.400390625])
array('d', [-62.92421875, 0.18671875000000002, 51.254296875, 0.1400390625])
array('d', [-64.7447265625, -0.046679687500000004, 51.300976562500004, -0.7001953125])
array('d', [-64.7447265625, -0.046679687500000004, 52.09453125, 0.9802734375000001])
array('d', [-64.7447265625, 0.37343750000000003, 52.09453125, 0.9802734375000001])
array('d', [-63.671093750000004, 0.1400390625, 52.5146484375, -3.734375])
array('d', [-64.79140625000001, -0.2333984375, 52.09453125, 1.2603515625000001])
array('d', [-62.92421875, -0.046679687500000004, 51.674414062500006, -0.0])
array('d', [-63.9978515625, 0.56015625, 52.561328125, -0.0])
array('d', [-63.9978515625, 0.56015625, 52.561328125, -0.0])
array('d', [-64.04453125, 0.18671875000000002, 51.300976562500004, 4.2478515625])
array('d', [-63.2509765625, 0.37343750000000003, 52.5146484375, 0.7001953125])
array('d', [-63.671093750000004, 0.18671875000000002, 52.5146484375, 0.7001953125])
array('d', [-63.671093750000004, 0.18671875000000002, 51.72109375, -0.42011718750000004])
array('d', [-64.79140625000001, 0.8402343750000001, 52.141210937500006, -0.7001953125])
array('d', [-65.1181640625, -0.5134765625000001, 51.300976562500004, -0.0])
array('d', [-65.1181640625, -0.5134765625000001, 51.300976562500004, -0.0])
array('d', [-65.1181640625, -0.5134765625000001, 51.300976562500004, -0.0])
array('d', [-62.55078125, -0.280078125, 51.300976562500004, -0.1400390625])
array('d', [-64.3712890625, -0.5134765625000001, 52.09453125, -1.2603515625000001])
array('d', [-64.79140625000001, 0.0, 52.141210937500006, -0.56015625])
array('d', [-64.79140625000001, 0.0, 51.767773437500004, -0.1400390625])
array('d', [-62.92421875, 0.37343750000000003, 51.767773437500004, -0.1400390625])
array('d', [-63.9978515625, 0.1400390625, 51.72109375, 0.1400390625])
array('d', [-63.9978515625, 0.1400390625, 51.72109375, 0.1400390625])
array('d', [-63.9978515625, 0.1400390625, 51.72109375, 0.1400390625])
array('d', [-63.9978515625, 0.1400390625, 51.72109375, 0.1400390625])
array('d', [-64.79140625000001, -0.7468750000000001, 52.141210937500006, 0.1400390625])
array('d', [-64.79140625000001, -0.280078125, 51.72109375, 0.1400390625])
array('d', [-64.41796875, -0.280078125, 51.72109375, -0.93359375])
array('d', [-65.16484375, -0.2333984375, 51.254296875, -0.93359375])
array('d', [-64.79140625000001, 0.09335937500000001, 52.934765625000004, 0.42011718750000004])
array('d', [-64.79140625000001, -0.046679687500000004, 52.09453125, -0.0])
array('d', [-63.671093750000004, -0.046679687500000004, 52.09453125, 0.7001953125])
array('d', [-64.41796875, 0.18671875000000002, 52.141210937500006, 0.7001953125])
array('d', [-65.1181640625, -0.5134765625000001, 51.72109375, -0.0])
array('d', [-64.79140625000001, -0.2333984375, 52.141210937500006, 0.42011718750000004])
array('d', [-64.79140625000001, -0.2333984375, 52.141210937500006, -0.7001953125])
array('d', [-65.1181640625, -0.2333984375, 51.72109375, -0.7001953125])
array('d', [-64.79140625000001, 0.653515625, 52.5146484375, 0.42011718750000004])
array('d', [-62.92421875, -0.2333984375, 50.880859375, 0.42011718750000004])
array('d', [-62.92421875, -0.2333984375, 50.880859375, 0.42011718750000004])
array('d', [-62.92421875, -0.2333984375, 50.880859375, 0.42011718750000004])
array('d', [-62.92421875, -0.2333984375, 50.880859375, -0.8402343750000001])
array('d', [-63.29765625, -0.7468750000000001, 52.09453125, 0.7001953125])
array('d', [-64.04453125, -0.2333984375, 52.141210937500006, -0.0])
array('d', [-64.04453125, -0.2333984375, 52.934765625000004, -0.42011718750000004])
array('d', [-64.79140625000001, -0.2333984375, 52.934765625000004, -0.42011718750000004])
array('d', [-62.92421875, -0.2333984375, 51.767773437500004, -0.0])
array('d', [-63.9978515625, -0.09335937500000001, 51.72109375, 0.56015625])
array('d', [-63.9978515625, -0.09335937500000001, 51.72109375, 0.56015625])
array('d', [-64.41796875, 0.3267578125, 52.0478515625, -0.42011718750000004])
array('d', [-64.41796875, 0.3267578125, 52.0478515625, -0.280078125])
array('d', [-64.79140625000001, -0.5134765625000001, 51.674414062500006, -0.280078125])
array('d', [-63.017578125, 0.18671875000000002, 51.72109375, 0.56015625])
array('d', [-63.671093750000004, 0.42011718750000004, 52.09453125, -0.7001953125])
array('d', [-64.09121093750001, -0.046679687500000004, 51.72109375, -0.7001953125])
array('d', [-65.2115234375, 0.1400390625, 51.34765625, 0.280078125])
array('d', [-64.511328125, 0.37343750000000003, 51.72109375, 0.42011718750000004])
array('d', [-64.09121093750001, -0.280078125, 52.141210937500006, -0.0])
array('d', [-64.09121093750001, -0.280078125, 51.767773437500004, 0.7001953125])
array('d', [-63.391015625, 0.653515625, 51.767773437500004, 0.7001953125])
array('d', [-64.8380859375, 0.37343750000000003, 51.72109375, -0.42011718750000004])
array('d', [-64.511328125, 0.1400390625, 52.934765625000004, -0.42011718750000004])
array('d', [-64.511328125, -0.046679687500000004, 51.72109375, 0.280078125])
array('d', [-63.29765625, -0.2333984375, 51.72109375, -0.7001953125])
array('d', [-63.29765625, -0.046679687500000004, 51.767773437500004, -0.280078125])
array('d', [-63.344335937500006, -0.046679687500000004, 51.767773437500004, -0.0])
array('d', [-63.017578125, -0.466796875, 52.5146484375, -0.0])
array('d', [-64.137890625, 0.18671875000000002, 52.141210937500006, 0.280078125])
array('d', [-63.7177734375, -0.5134765625000001, 50.9275390625, -0.0])
array('d', [-63.7177734375, -0.5134765625000001, 50.9275390625, -0.0])
array('d', [-63.7177734375, -0.5134765625000001, 50.9275390625, -0.0])
array('d', [-63.7177734375, -0.5134765625000001, 50.9275390625, -0.0])
array('d', [-63.7177734375, -0.5134765625000001, 50.9275390625, -0.0])
array('d', [-64.884765625, -0.5134765625000001, 51.3943359375, 0.42011718750000004])
array('d', [-64.137890625, 0.56015625, 51.767773437500004, 0.7001953125])
array('d', [-64.09121093750001, -0.5134765625000001, 51.300976562500004, -0.7001953125])
array('d', [-64.09121093750001, -0.5134765625000001, 51.300976562500004, -0.0])
array('d', [-63.7177734375, -0.2333984375, 52.141210937500006, -0.0])
array('d', [-64.4646484375, -0.046679687500000004, 52.5146484375, -0.280078125])
array('d', [-64.4646484375, -0.280078125, 51.254296875, 0.1400390625])
array('d', [-63.391015625, -0.280078125, 51.254296875, 0.1400390625])
array('d', [-64.884765625, 0.18671875000000002, 51.72109375, 0.1400390625])
array('d', [-64.4646484375, -0.2333984375, 51.72109375, 0.7001953125])
array('d', [-63.391015625, 0.1400390625, 51.72109375, -0.280078125])
array('d', [-63.391015625, -0.046679687500000004, 52.5146484375, -0.56015625])
array('d', [-63.671093750000004, -0.046679687500000004, 52.5146484375, -0.56015625])
array('d', [-63.671093750000004, -0.046679687500000004, 52.5146484375, -0.56015625])
array('d', [-63.671093750000004, -0.046679687500000004, 52.5146484375, -0.56015625])
array('d', [-64.09121093750001, 0.42011718750000004, 51.72109375, 0.8869140625])
array('d', [-64.79140625000001, 0.09335937500000001, 52.5146484375, -0.7001953125])
array('d', [-64.79140625000001, 0.09335937500000001, 52.5146484375, 0.8869140625])
array('d', [-63.7177734375, -0.466796875, 51.34765625, 0.8869140625])
array('d', [-64.09121093750001, 0.1400390625, 51.72109375, -0.0])
array('d', [-63.344335937500006, -0.046679687500000004, 51.3943359375, -0.1400390625])
array('d', [-63.344335937500006, -0.046679687500000004, 51.3943359375, 0.42011718750000004])
array('d', [-63.344335937500006, -0.046679687500000004, 51.3943359375, 0.42011718750000004])
array('d', [-63.344335937500006, -0.046679687500000004, 51.3943359375, 0.42011718750000004])
array('d', [-63.7177734375, -0.2333984375, 51.767773437500004, -0.7001953125])
array('d', [-64.09121093750001, 0.1400390625, 50.974218750000006, 0.18671875000000002])
array('d', [-64.884765625, -0.3267578125, 50.974218750000006, 0.18671875000000002])
array('d', [-65.2115234375, -0.046679687500000004, 52.5146484375, 0.280078125])
array('d', [-64.4646484375, -0.046679687500000004, 51.627734375, 0.56015625])
array('d', [-64.4646484375, -0.2333984375, 51.72109375, 0.56015625])
array('d', [-64.4646484375, -0.2333984375, 51.72109375, 0.56015625])
array('d', [-63.671093750000004, 0.18671875000000002, 52.141210937500006, -0.0])
array('d', [-63.344335937500006, 0.3267578125, 52.141210937500006, -0.0])
array('d', [-63.344335937500006, -0.046679687500000004, 52.187890625, 0.280078125])
array('d', [-65.25820312500001, -0.046679687500000004, 52.187890625, 0.8869140625])
array('d', [-64.09121093750001, -0.046679687500000004, 51.674414062500006, 0.8869140625])
array('d', [-64.8380859375, -0.046679687500000004, 52.467968750000004, -1.400390625])
array('d', [-64.137890625, -0.046679687500000004, 52.467968750000004, 0.42011718750000004])
array('d', [-64.09121093750001, 0.18671875000000002, 52.187890625, -0.8402343750000001])
array('d', [-64.09121093750001, 0.18671875000000002, 52.187890625, 0.42011718750000004])
array('d', [-63.344335937500006, 0.1400390625, 51.767773437500004, 0.42011718750000004])
array('d', [-64.4646484375, -0.466796875, 51.300976562500004, 0.280078125])
array('d', [-64.4646484375, -0.466796875, 52.141210937500006, 0.42011718750000004])
array('d', [-64.09121093750001, -0.09335937500000001, 52.141210937500006, 0.42011718750000004])
array('d', [-64.137890625, 0.1400390625, 51.34765625, 1.0269531250000001])
array('d', [-64.41796875, 0.0, 51.72109375, -0.0])
array('d', [-64.41796875, 0.0, 51.72109375, -0.0])
array('d', [-64.884765625, -0.046679687500000004, 52.141210937500006, -0.0])
array('d', [-64.884765625, -0.046679687500000004, 52.141210937500006, -0.0])
array('d', [-64.884765625, -0.046679687500000004, 52.141210937500006, -0.0])
array('d', [-64.884765625, -0.046679687500000004, 52.141210937500006, -0.0])
array('d', [-64.884765625, -0.046679687500000004, 52.141210937500006, -0.0])
array('d', [-64.884765625, -0.046679687500000004, 52.141210937500006, -0.0])
array('d', [-64.884765625, -0.280078125, 52.141210937500006, 0.280078125])
array('d', [-63.7177734375, 0.37343750000000003, 52.5146484375, 0.42011718750000004])
array('d', [-63.7177734375, -0.046679687500000004, 51.767773437500004, 0.42011718750000004])
array('d', [-64.41796875, -0.046679687500000004, 51.767773437500004, 0.42011718750000004])
array('d', [-64.137890625, 0.3267578125, 51.674414062500006, 0.8869140625])
array('d', [-63.391015625, -0.466796875, 51.72109375, -0.0])
array('d', [-63.391015625, -0.466796875, 52.5146484375, 0.1400390625])
array('d', [-63.391015625, -0.466796875, 52.5146484375, 0.1400390625])
array('d', [-63.391015625, -0.466796875, 52.5146484375, 0.1400390625])
array('d', [-63.391015625, -0.466796875, 52.5146484375, 0.1400390625])
array('d', [-63.344335937500006, 0.42011718750000004, 52.5146484375, 0.1400390625])
array('d', [-64.511328125, 0.37343750000000003, 52.5146484375, -0.0])
array('d', [-64.511328125, -0.09335937500000001, 51.72109375, -0.1400390625])
array('d', [-64.511328125, -0.09335937500000001, 51.72109375, -0.1400390625])
array('d', [-64.511328125, -0.09335937500000001, 51.72109375, -0.1400390625])
array('d', [-64.511328125, -0.09335937500000001, 51.72109375, -0.1400390625])
array('d', [-64.41796875, 0.1400390625, 51.72109375, -2.1005859375])
array('d', [-64.09121093750001, 0.1400390625, 50.834179687500004, -0.280078125])
array('d', [-64.09121093750001, 0.1400390625, 50.834179687500004, 0.42011718750000004])
array('d', [-64.09121093750001, 0.1400390625, 50.834179687500004, 0.42011718750000004])
array('d', [-64.09121093750001, 0.1400390625, 50.834179687500004, 0.42011718750000004])
array('d', [-64.09121093750001, 0.1400390625, 51.767773437500004, -0.280078125])
array('d', [-63.391015625, 0.1400390625, 51.767773437500004, -0.280078125])
array('d', [-64.137890625, -0.09335937500000001, 51.34765625, -0.1400390625])
array('d', [-64.137890625, -0.09335937500000001, 51.34765625, -0.1400390625])
array('d', [-64.137890625, -0.09335937500000001, 51.34765625, -0.1400390625])
array('d', [-64.137890625, -0.09335937500000001, 51.34765625, -0.1400390625])
array('d', [-64.09121093750001, 0.1400390625, 52.141210937500006, -0.0])
array('d', [-64.41796875, -0.046679687500000004, 51.300976562500004, 1.30703125])
array('d', [-65.2115234375, -0.046679687500000004, 50.9275390625, -0.280078125])
array('d', [-65.2115234375, -0.046679687500000004, 50.9275390625, -0.280078125])
array('d', [-63.671093750000004, 0.1400390625, 51.627734375, 0.42011718750000004])
array('d', [-65.2115234375, -0.466796875, 52.5146484375, 1.0269531250000001])
array('d', [-65.2115234375, -0.466796875, 52.0478515625, -0.56015625])
array('d', [-64.09121093750001, 0.42011718750000004, 52.0478515625, -0.56015625])
array('d', [-63.671093750000004, 0.1400390625, 53.308203125000006, -0.1400390625])
array('d', [-65.2115234375, 0.18671875000000002, 52.5146484375, 0.3267578125])
array('d', [-65.2115234375, 0.18671875000000002, 52.5146484375, 0.3267578125])
array('d', [-64.09121093750001, -0.046679687500000004, 51.767773437500004, -0.280078125])
array('d', [-64.09121093750001, -0.046679687500000004, 52.141210937500006, -0.280078125])
array('d', [-64.09121093750001, -0.046679687500000004, 51.767773437500004, -0.280078125])
array('d', [-64.09121093750001, -0.046679687500000004, 51.767773437500004, -0.280078125])
array('d', [-64.511328125, 0.42011718750000004, 51.72109375, 0.280078125])
array('d', [-64.511328125, 0.42011718750000004, 51.72109375, -0.56015625])
array('d', [-63.017578125, -0.280078125, 51.72109375, -0.56015625])
array('d', [-64.8380859375, 0.18671875000000002, 52.09453125, -0.280078125])
array('d', [-63.764453125, 0.6068359375, 51.674414062500006, -0.1400390625])
array('d', [-63.7177734375, -0.046679687500000004, 51.34765625, -0.0])
array('d', [-63.7177734375, -0.046679687500000004, 51.34765625, -0.0])
array('d', [-63.7177734375, -0.046679687500000004, 51.34765625, -0.0])
array('d', [-64.4646484375, 0.18671875000000002, 52.934765625000004, -0.280078125])
array('d', [-63.437695312500004, 0.1400390625, 50.9275390625, -0.0])
array('d', [-63.437695312500004, 0.1400390625, 52.09453125, -0.0])
array('d', [-63.811132812500006, 0.1400390625, 52.09453125, -0.0])
array('d', [-63.811132812500006, 0.1400390625, 52.09453125, -0.0])
array('d', [-63.811132812500006, 0.1400390625, 52.09453125, -0.0])
array('d', [-63.811132812500006, 0.1400390625, 51.300976562500004, -0.56015625])
array('d', [-63.811132812500006, 0.1400390625, 52.09453125, -0.1400390625])
array('d', [-63.811132812500006, -0.280078125, 52.09453125, -0.1400390625])
array('d', [-63.811132812500006, -0.280078125, 52.09453125, -0.1400390625])
array('d', [-63.0642578125, -0.046679687500000004, 52.5146484375, -0.0])
array('d', [-63.811132812500006, -0.046679687500000004, 51.72109375, 0.42011718750000004])
array('d', [-63.437695312500004, -0.280078125, 52.141210937500006, -0.56015625])
array('d', [-63.437695312500004, -0.280078125, 52.141210937500006, -0.56015625])
array('d', [-65.25820312500001, 0.18671875000000002, 52.141210937500006, -0.56015625])
array('d', [-63.811132812500006, -0.046679687500000004, 51.300976562500004, 0.1400390625])
array('d', [-63.484375, -0.09335937500000001, 52.141210937500006, 0.8869140625])
array('d', [-63.484375, -0.09335937500000001, 52.141210937500006, 0.8869140625])
array('d', [-64.55800781250001, 0.37343750000000003, 52.5146484375, 0.1400390625])
array('d', [-64.55800781250001, -0.046679687500000004, 51.3943359375, 0.42011718750000004])
array('d', [-67.312109375, -0.046679687500000004, 51.3943359375, 0.42011718750000004])
array('d', [-63.0642578125, -0.466796875, 52.934765625000004, 0.1400390625])
array('d', [-64.137890625, -0.280078125, 52.141210937500006, -0.8402343750000001])
array('d', [-64.137890625, -0.280078125, 52.141210937500006, -0.8402343750000001])
array('d', [-64.137890625, -0.046679687500000004, 51.72109375, -0.280078125])
array('d', [-64.137890625, -0.046679687500000004, 51.72109375, -0.280078125])
array('d', [-64.137890625, -0.046679687500000004, 51.72109375, -0.280078125])
array('d', [-64.137890625, -0.046679687500000004, 51.72109375, -0.280078125])
array('d', [-63.811132812500006, 0.2333984375, 52.09453125, -0.0])
array('d', [-63.8578125, 0.1400390625, 51.72109375, -0.280078125])
array('d', [-63.8578125, 0.1400390625, 51.34765625, 0.7001953125])
array('d', [-64.884765625, -0.046679687500000004, 51.34765625, 0.7001953125])
array('d', [-64.137890625, -0.2333984375, 52.141210937500006, -0.7001953125])
array('d', [-64.137890625, 0.1400390625, 51.767773437500004, 0.18671875000000002])
array('d', [-64.137890625, -0.046679687500000004, 51.72109375, -0.280078125])
array('d', [-64.137890625, -0.046679687500000004, 51.72109375, -0.280078125])
array('d', [-63.484375, -0.09335937500000001, 52.5146484375, -0.7001953125])
array('d', [-64.55800781250001, 0.18671875000000002, 51.300976562500004, 0.280078125])
array('d', [-64.55800781250001, 0.18671875000000002, 51.300976562500004, 0.280078125])
array('d', [-64.55800781250001, 0.18671875000000002, 51.300976562500004, 0.280078125])
array('d', [-64.55800781250001, 0.18671875000000002, 51.300976562500004, 0.280078125])
array('d', [-63.811132812500006, 0.1400390625, 52.141210937500006, 0.42011718750000004])
array('d', [-64.23125, -0.5134765625000001, 52.09453125, 0.280078125])
array('d', [-64.23125, -0.5134765625000001, 52.09453125, -0.0])
array('d', [-63.0642578125, 0.1400390625, 52.141210937500006, -0.0])
array('d', [-64.55800781250001, -0.046679687500000004, 52.09453125, -0.56015625])
array('d', [-63.8578125, 0.42011718750000004, 52.141210937500006, 0.42011718750000004])
array('d', [-63.8578125, 0.42011718750000004, 52.5146484375, 1.0269531250000001])
array('d', [-64.09121093750001, -0.046679687500000004, 52.5146484375, 1.0269531250000001])
array('d', [-63.811132812500006, -0.046679687500000004, 51.767773437500004, -0.280078125])
array('d', [-64.55800781250001, -0.280078125, 52.141210937500006, -0.0])
array('d', [-64.55800781250001, -0.280078125, 52.141210937500006, 0.18671875000000002])
array('d', [-64.55800781250001, -0.653515625, 51.34765625, 0.18671875000000002])
array('d', [-63.017578125, 0.0, 51.72109375, 0.466796875])
array('d', [-63.017578125, -0.046679687500000004, 52.5146484375, -0.1400390625])
array('d', [-64.23125, -0.046679687500000004, 52.5146484375, -0.1400390625])
array('d', [-64.884765625, -0.280078125, 51.300976562500004, 0.8869140625])
array('d', [-64.884765625, -0.280078125, 52.0478515625, 0.8869140625])
array('d', [-64.884765625, -0.046679687500000004, 52.0478515625, 0.8869140625])
array('d', [-62.737500000000004, 0.1400390625, 52.5146484375, 0.280078125])
array('d', [-64.23125, -0.046679687500000004, 52.141210937500006, 1.0269531250000001])
array('d', [-64.23125, -0.046679687500000004, 51.674414062500006, -0.7001953125])
array('d', [-63.484375, -0.046679687500000004, 51.674414062500006, 0.280078125])
array('d', [-63.437695312500004, -0.046679687500000004, 52.141210937500006, 0.280078125])
array('d', [-64.137890625, 0.18671875000000002, 52.09453125, -0.56015625])
array('d', [-63.0642578125, 0.18671875000000002, 52.09453125, -0.56015625])
array('d', [-63.0642578125, 0.18671875000000002, 52.09453125, -0.56015625])
array('d', [-63.0642578125, -0.280078125, 52.187890625, 0.280078125])
array('d', [-64.23125, -0.280078125, 52.187890625, 0.280078125])
array('d', [-64.55800781250001, 0.1400390625, 52.5146484375, 0.42011718750000004])
array('d', [-64.55800781250001, -0.280078125, 52.0478515625, -0.0])
array('d', [-63.811132812500006, -0.5134765625000001, 52.0478515625, 1.30703125])
array('d', [-63.811132812500006, -0.5134765625000001, 52.0478515625, 1.30703125])
array('d', [-63.437695312500004, 0.3267578125, 51.72109375, 0.466796875])
array('d', [-63.0642578125, 0.37343750000000003, 52.5146484375, 0.18671875000000002])
array('d', [-63.437695312500004, -0.5134765625000001, 52.141210937500006, 0.280078125])
array('d', [-62.737500000000004, -0.5134765625000001, 52.141210937500006, 0.280078125])
array('d', [-62.737500000000004, 0.18671875000000002, 52.187890625, -0.1400390625])
array('d', [-64.978125, 0.18671875000000002, 52.187890625, -0.1400390625])
array('d', [-64.137890625, 0.1400390625, 51.72109375, 0.1400390625])
array('d', [-63.811132812500006, 0.18671875000000002, 52.608007812500006, 0.6068359375])
array('d', [-63.811132812500006, 0.1400390625, 51.300976562500004, -0.280078125])
array('d', [-65.3048828125, 0.1400390625, 51.300976562500004, -0.280078125])
array('d', [-64.884765625, 0.1400390625, 52.141210937500006, -0.280078125])
array('d', [-63.0642578125, 0.1400390625, 52.934765625000004, -0.0])
array('d', [-64.23125, -0.280078125, 51.300976562500004, -0.0])
array('d', [-64.23125, -0.280078125, 51.300976562500004, -0.56015625])
array('d', [-65.3048828125, 0.42011718750000004, 51.72109375, -0.56015625])
array('d', [-63.811132812500006, 0.42011718750000004, 51.72109375, 2.5673828125])
array('d', [-63.811132812500006, -0.280078125, 51.767773437500004, 0.1400390625])
array('d', [-64.23125, -0.280078125, 51.767773437500004, 0.1400390625])
array('d', [-64.23125, -0.280078125, 51.767773437500004, 0.1400390625])
array('d', [-64.23125, -0.280078125, 51.767773437500004, 0.1400390625])
array('d', [-64.23125, 0.1400390625, 52.09453125, 1.0269531250000001])
array('d', [-63.8578125, -0.046679687500000004, 51.767773437500004, 0.466796875])
array('d', [-63.811132812500006, 0.1400390625, 51.34765625, -1.2603515625000001])
array('d', [-63.811132812500006, 0.1400390625, 51.34765625, -1.2603515625000001])
array('d', [-64.23125, -0.7001953125, 51.767773437500004, 0.18671875000000002])
array('d', [-64.23125, 0.1400390625, 52.141210937500006, 0.56015625])
array('d', [-64.23125, -0.280078125, 52.467968750000004, 0.56015625])
array('d', [-64.23125, -0.280078125, 52.467968750000004, 0.56015625])
array('d', [-64.23125, -0.280078125, 52.467968750000004, 0.56015625])
array('d', [-64.6046875, -0.280078125, 52.467968750000004, 0.7001953125])
array('d', [-64.55800781250001, 0.1400390625, 51.674414062500006, 0.466796875])
array('d', [-64.55800781250001, -0.046679687500000004, 52.141210937500006, -0.0])
array('d', [-63.8578125, -0.046679687500000004, 52.141210937500006, 0.56015625])
array('d', [-64.137890625, 0.1400390625, 51.300976562500004, 0.56015625])
array('d', [-64.23125, 0.1400390625, 51.34765625, -0.1400390625])
array('d', [-63.0642578125, 0.3267578125, 52.141210937500006, -0.0])
array('d', [-63.0642578125, 0.3267578125, 52.141210937500006, -0.0])
array('d', [-64.55800781250001, 1.7271484375000001, 51.72109375, 1.30703125])
array('d', [-64.55800781250001, 0.6068359375, 52.141210937500006, 0.466796875])
array('d', [-64.55800781250001, -0.046679687500000004, 52.5146484375, 0.466796875])
array('d', [-64.55800781250001, -0.046679687500000004, 52.5146484375, 0.466796875])
array('d', [-64.55800781250001, -0.046679687500000004, 52.5146484375, 0.466796875])
array('d', [-64.55800781250001, -0.046679687500000004, 52.5146484375, 0.466796875])
array('d', [-64.884765625, -0.7001953125, 51.72109375, -0.56015625])
array('d', [-64.884765625, -0.7001953125, 52.5146484375, -0.280078125])
array('d', [-64.137890625, -0.2333984375, 52.5146484375, 0.8869140625])
array('d', [-64.137890625, -0.046679687500000004, 52.934765625000004, 0.8869140625])
array('d', [-62.737500000000004, -0.046679687500000004, 51.72109375, 1.30703125])
array('d', [-63.0642578125, 0.1400390625, 51.72109375, 0.7001953125])
array('d', [-63.0642578125, 0.1400390625, 51.72109375, 0.7001953125])
array('d', [-63.0642578125, 0.1400390625, 51.72109375, 0.7001953125])
array('d', [-63.0642578125, 0.1400390625, 51.72109375, 0.7001953125])
array('d', [-63.811132812500006, 0.6068359375, 51.72109375, -0.9802734375000001])
array('d', [-63.811132812500006, 0.1400390625, 52.5146484375, -0.1400390625])
array('d', [-64.23125, 0.1400390625, 52.5146484375, -0.1400390625])
array('d', [-64.23125, 0.1400390625, 52.5146484375, -0.1400390625])
array('d', [-63.437695312500004, -0.046679687500000004, 51.674414062500006, -1.1203125])
array('d', [-64.511328125, -0.046679687500000004, 52.0478515625, -0.0])
array('d', [-63.437695312500004, -0.046679687500000004, 51.300976562500004, -0.42011718750000004])
array('d', [-63.437695312500004, 0.1400390625, 52.141210937500006, -0.0])
array('d', [-64.55800781250001, 0.1400390625, 52.5146484375, -0.42011718750000004])
array('d', [-64.55800781250001, 0.18671875000000002, 52.5146484375, -0.42011718750000004])
array('d', [-64.137890625, 0.18671875000000002, 51.72109375, -0.0])
array('d', [-63.0642578125, 0.18671875000000002, 51.300976562500004, 0.280078125])
array('d', [-63.437695312500004, -0.046679687500000004, 51.300976562500004, 0.18671875000000002])
array('d', [-64.55800781250001, -0.046679687500000004, 51.72109375, -0.1400390625])
array('d', [-64.55800781250001, 0.1400390625, 52.0478515625, -0.56015625])
array('d', [-63.764453125, 0.18671875000000002, 52.0478515625, -0.56015625])
array('d', [-64.23125, -0.2333984375, 51.72109375, 0.280078125])
array('d', [-64.511328125, -0.046679687500000004, 52.0478515625, 0.1400390625])
array('d', [-64.511328125, 0.6068359375, 51.72109375, 0.7001953125])
array('d', [-63.811132812500006, -0.046679687500000004, 51.72109375, -0.42011718750000004])
array('d', [-63.811132812500006, -0.046679687500000004, 51.72109375, -0.42011718750000004])
array('d', [-66.0517578125, -0.280078125, 51.767773437500004, -0.42011718750000004])
array('d', [-64.23125, -0.046679687500000004, 51.72109375, -0.8402343750000001])
array('d', [-64.23125, 0.37343750000000003, 50.9275390625, 0.1400390625])
array('d', [-64.137890625, 0.37343750000000003, 50.9275390625, -0.0])
array('d', [-63.484375, 0.42011718750000004, 51.34765625, -0.0])
array('d', [-64.6046875, -0.466796875, 52.141210937500006, 0.6068359375])
array('d', [-64.6046875, -0.466796875, 52.141210937500006, 0.6068359375])
array('d', [-64.6046875, -0.466796875, 52.141210937500006, 0.6068359375])
array('d', [-64.6046875, -0.466796875, 52.141210937500006, 0.6068359375])
array('d', [-63.764453125, -0.046679687500000004, 51.72109375, -0.0])
array('d', [-63.577734375000006, 0.18671875000000002, 51.674414062500006, -0.0])
array('d', [-63.577734375000006, 0.18671875000000002, 51.72109375, -0.7001953125])
array('d', [-64.137890625, 0.3267578125, 51.72109375, -0.0])
array('d', [-63.437695312500004, -0.2333984375, 52.141210937500006, -0.0])
array('d', [-63.764453125, 0.37343750000000003, 52.09453125, 0.280078125])
array('d', [-65.3048828125, 0.1400390625, 52.141210937500006, -0.7001953125])
array('d', [-65.3048828125, 0.1400390625, 52.141210937500006, -0.7001953125])
array('d', [-63.811132812500006, -0.046679687500000004, 52.141210937500006, -0.1400390625])
array('d', [-64.137890625, -0.046679687500000004, 52.6546875, -0.0])
array('d', [-64.137890625, -0.046679687500000004, 52.6546875, -0.0])
array('d', [-65.3048828125, 0.37343750000000003, 51.3943359375, 0.466796875])
array('d', [-61.990625, 0.1400390625, 51.767773437500004, -0.8402343750000001])
array('d', [-61.990625, 0.1400390625, 50.974218750000006, -0.280078125])
array('d', [-63.811132812500006, 0.1400390625, 50.974218750000006, -0.280078125])
array('d', [-63.811132812500006, -0.046679687500000004, 52.934765625000004, 0.466796875])
array('d', [-64.137890625, -0.280078125, 52.934765625000004, -0.2333984375])
array('d', [-64.137890625, -0.280078125, 52.934765625000004, -0.2333984375])
array('d', [-64.137890625, -0.280078125, 52.934765625000004, -0.2333984375])
array('d', [-64.137890625, -0.280078125, 52.934765625000004, -0.2333984375])
array('d', [-64.137890625, 0.1400390625, 52.141210937500006, 0.18671875000000002])
array('d', [-64.137890625, 0.1400390625, 52.141210937500006, 0.280078125])
array('d', [-63.764453125, 0.37343750000000003, 51.34765625, -0.280078125])
array('d', [-65.3048828125, 0.37343750000000003, 51.767773437500004, -0.0])
array('d', [-65.3048828125, 0.1400390625, 51.3943359375, -0.0])
array('d', [-63.017578125, 0.1400390625, 51.3943359375, -0.0])
array('d', [-63.811132812500006, -0.280078125, 51.441015625000006, -0.42011718750000004])
array('d', [-64.137890625, -0.046679687500000004, 51.767773437500004, -0.42011718750000004])
array('d', [-63.764453125, -0.046679687500000004, 52.141210937500006, -0.280078125])
array('d', [-63.764453125, -0.046679687500000004, 52.141210937500006, -0.280078125])
array('d', [-63.764453125, 0.37343750000000003, 52.09453125, -0.1400390625])
array('d', [-63.764453125, 0.37343750000000003, 52.5146484375, 0.280078125])
array('d', [-64.55800781250001, -0.280078125, 52.5146484375, 0.280078125])
array('d', [-64.7447265625, 0.3267578125, 52.5146484375, 0.280078125])
array('d', [-64.7447265625, 0.3267578125, 52.5146484375, 0.280078125])
array('d', [-64.7447265625, 0.18671875000000002, 52.934765625000004, -0.1400390625])
array('d', [-64.6046875, 0.18671875000000002, 52.934765625000004, -0.1400390625])
array('d', [-64.23125, 0.18671875000000002, 51.34765625, 0.6068359375])
array('d', [-63.484375, 0.1400390625, 52.0478515625, 0.280078125])
array('d', [-63.484375, 0.1400390625, 52.09453125, -0.1400390625])
array('d', [-63.577734375000006, 0.18671875000000002, 52.09453125, -0.1400390625])
array('d', [-64.23125, -0.280078125, 51.72109375, -0.9802734375000001])
array('d', [-64.23125, -0.280078125, 52.5146484375, -0.7001953125])
array('d', [-64.23125, -0.046679687500000004, 52.5146484375, -0.7001953125])
array('d', [-63.951171875, -0.5134765625000001, 51.767773437500004, -0.280078125])
array('d', [-62.737500000000004, 0.37343750000000003, 52.141210937500006, 0.6068359375])
array('d', [-62.737500000000004, 0.37343750000000003, 52.561328125, -0.0])
array('d', [-63.951171875, 0.18671875000000002, 52.561328125, -0.0])
array('d', [-63.951171875, 0.37343750000000003, 51.300976562500004, -0.0])
array('d', [-64.23125, 0.37343750000000003, 52.141210937500006, 0.466796875])
array('d', [-64.23125, -0.046679687500000004, 52.141210937500006, 0.466796875])
array('d', [-64.23125, -0.280078125, 52.187890625, -0.56015625])
array('d', [-64.3712890625, -0.280078125, 52.09453125, -0.56015625])
array('d', [-64.3712890625, -0.280078125, 52.934765625000004, -0.1400390625])
array('d', [-63.577734375000006, 0.3267578125, 52.934765625000004, -0.1400390625])
array('d', [-64.3712890625, 0.1400390625, 51.72109375, 0.466796875])
array('d', [-64.6513671875, 0.37343750000000003, 52.09453125, 0.8869140625])
array('d', [-64.6513671875, 0.37343750000000003, 52.09453125, 0.8869140625])
array('d', [-64.6513671875, 0.37343750000000003, 51.767773437500004, -0.0])
array('d', [-64.3712890625, -0.046679687500000004, 51.767773437500004, -0.0])
array('d', [-63.204296875000004, 0.1400390625, 51.767773437500004, -0.0])
array('d', [-63.951171875, 0.37343750000000003, 51.72109375, -0.1400390625])
array('d', [-63.577734375000006, -0.3267578125, 50.880859375, -0.0])
array('d', [-63.577734375000006, -0.046679687500000004, 51.767773437500004, 0.6068359375])
array('d', [-63.6244140625, -0.046679687500000004, 51.767773437500004, 0.6068359375])
array('d', [-65.02480468750001, -0.5134765625000001, 52.141210937500006, -0.280078125])
array('d', [-64.6046875, -0.046679687500000004, 52.187890625, -0.1400390625])
array('d', [-64.23125, 0.37343750000000003, 51.3943359375, -0.280078125])
array('d', [-64.23125, 0.37343750000000003, 51.3943359375, 0.280078125])
array('d', [-64.3712890625, 0.18671875000000002, 51.300976562500004, 0.280078125])
array('d', [-63.8578125, -0.046679687500000004, 52.5146484375, -0.1400390625])
array('d', [-63.8578125, -0.046679687500000004, 51.674414062500006, -0.1400390625])
array('d', [-64.23125, -0.046679687500000004, 51.674414062500006, -0.1400390625])
array('d', [-63.204296875000004, -0.046679687500000004, 52.187890625, 0.466796875])
array('d', [-63.951171875, 0.1400390625, 51.72109375, 0.18671875000000002])
array('d', [-63.951171875, 0.1400390625, 51.72109375, 0.18671875000000002])
array('d', [-64.23125, 0.42011718750000004, 52.934765625000004, 0.1400390625])
array('d', [-64.23125, 0.42011718750000004, 52.561328125, -0.0])
array('d', [-64.978125, -0.280078125, 52.561328125, -0.0])
array('d', [-64.978125, -0.280078125, 52.561328125, -0.0])
array('d', [-64.978125, -0.280078125, 52.561328125, -0.0])
array('d', [-64.6513671875, 0.1400390625, 51.767773437500004, -0.7001953125])
array('d', [-64.6513671875, -0.280078125, 51.767773437500004, 0.6068359375])
array('d', [-64.6513671875, -0.466796875, 52.187890625, -0.37343750000000003])
array('d', [-64.6513671875, -0.046679687500000004, 52.187890625, 0.280078125])
array('d', [-63.951171875, -0.046679687500000004, 52.187890625, -0.7001953125])
array('d', [-64.6046875, 0.37343750000000003, 51.3943359375, -0.7001953125])
array('d', [-64.23125, -0.280078125, 52.187890625, 0.18671875000000002])
array('d', [-64.23125, -0.280078125, 52.561328125, -0.0])
array('d', [-64.6513671875, 0.3267578125, 52.561328125, -0.0])
array('d', [-63.951171875, -0.280078125, 52.187890625, -0.0])
array('d', [-64.6046875, 0.3267578125, 52.187890625, -0.0])
array('d', [-64.6046875, 0.3267578125, 52.187890625, -0.0])
array('d', [-64.6046875, 0.3267578125, 52.6546875, -1.30703125])
array('d', [-62.830859375, -0.046679687500000004, 51.72109375, 0.6068359375])
array('d', [-64.6513671875, 0.18671875000000002, 51.767773437500004, -0.7001953125])
array('d', [-64.6513671875, 0.18671875000000002, 51.767773437500004, -0.7001953125])
array('d', [-63.577734375000006, 0.37343750000000003, 52.141210937500006, -0.7001953125])
array('d', [-64.3712890625, 0.1400390625, 51.674414062500006, -0.1400390625])
array('d', [-64.3712890625, 0.1400390625, 51.674414062500006, -0.37343750000000003])
array('d', [-64.3712890625, 0.1400390625, 51.674414062500006, -0.37343750000000003])
array('d', [-64.3712890625, 0.1400390625, 51.674414062500006, -0.37343750000000003])
array('d', [-63.577734375000006, -0.280078125, 52.608007812500006, -0.0])
array('d', [-64.23125, -0.280078125, 52.608007812500006, -0.0])
array('d', [-62.830859375, 0.37343750000000003, 51.767773437500004, -0.37343750000000003])
array('d', [-63.951171875, -0.046679687500000004, 52.561328125, 0.466796875])
array('d', [-63.951171875, -0.046679687500000004, 52.141210937500006, -0.0])
array('d', [-64.3712890625, 0.1400390625, 52.141210937500006, -0.0])
array('d', [-63.951171875, -0.046679687500000004, 52.467968750000004, -0.0])
array('d', [-63.951171875, -0.046679687500000004, 51.34765625, -0.56015625])
array('d', [-64.6513671875, 0.1400390625, 51.34765625, -0.56015625])
array('d', [-63.484375, -0.046679687500000004, 51.72109375, 0.1400390625])
array('d', [-64.23125, 0.1400390625, 51.767773437500004, -0.0])
array('d', [-64.23125, 0.1400390625, 51.767773437500004, -0.0])
array('d', [-64.6513671875, -0.7001953125, 52.141210937500006, 0.466796875])
array('d', [-63.204296875000004, -0.280078125, 51.767773437500004, 0.280078125])
array('d', [-63.204296875000004, -0.280078125, 52.187890625, 0.280078125])
array('d', [-63.204296875000004, -0.280078125, 52.187890625, 0.280078125])
array('d', [-63.577734375000006, 0.6068359375, 52.187890625, -0.7001953125])
array('d', [-64.23125, -0.046679687500000004, 52.934765625000004, -0.7001953125])
array('d', [-64.23125, 0.37343750000000003, 51.767773437500004, -0.0])
array('d', [-64.3712890625, 0.37343750000000003, 51.767773437500004, -0.0])
array('d', [-64.23125, -0.046679687500000004, 52.934765625000004, 0.466796875])
array('d', [-65.02480468750001, -0.046679687500000004, 51.674414062500006, -0.280078125])
array('d', [-65.02480468750001, 0.18671875000000002, 52.608007812500006, 0.466796875])
array('d', [-64.6513671875, 0.18671875000000002, 52.608007812500006, 0.466796875])
array('d', [-65.02480468750001, 0.1400390625, 51.72109375, 0.280078125])
array('d', [-65.3515625, -0.046679687500000004, 51.72109375, -0.8402343750000001])
array('d', [-65.3515625, -0.046679687500000004, 51.72109375, -0.8402343750000001])
array('d', [-65.3515625, -0.046679687500000004, 51.72109375, -0.8402343750000001])
array('d', [-65.3515625, -0.046679687500000004, 51.72109375, -0.8402343750000001])
array('d', [-63.1576171875, -0.046679687500000004, 51.8611328125, -0.1400390625])
array('d', [-64.23125, 0.18671875000000002, 51.72109375, -0.56015625])
array('d', [-63.6244140625, -0.046679687500000004, 51.72109375, 0.466796875])
array('d', [-63.6244140625, -0.046679687500000004, 51.72109375, 0.466796875])
array('d', [-63.951171875, -0.046679687500000004, 52.0478515625, -0.0])
array('d', [-64.6513671875, -0.466796875, 51.767773437500004, 0.8869140625])
array('d', [-64.6513671875, 0.1400390625, 51.72109375, 0.466796875])
array('d', [-64.6513671875, 0.1400390625, 51.72109375, 0.466796875])
array('d', [-64.6513671875, 0.1400390625, 51.72109375, 0.466796875])
array('d', [-64.978125, 0.1400390625, 51.72109375, 0.466796875])
array('d', [-64.978125, -0.280078125, 52.141210937500006, -0.7001953125])
array('d', [-64.23125, -0.046679687500000004, 51.767773437500004, 0.280078125])
array('d', [-64.23125, -0.046679687500000004, 51.767773437500004, 0.280078125])
array('d', [-64.23125, -0.046679687500000004, 51.767773437500004, 0.280078125])
array('d', [-64.23125, -0.046679687500000004, 51.767773437500004, 0.280078125])
array('d', [-64.978125, 0.37343750000000003, 52.9814453125, -0.0])
array('d', [-64.6046875, 0.6068359375, 52.187890625, -0.0])
array('d', [-64.6046875, 0.6068359375, 52.187890625, 0.466796875])
array('d', [-64.6046875, 0.6068359375, 52.187890625, 0.466796875])
array('d', [-64.6046875, 0.6068359375, 52.187890625, 0.466796875])
array('d', [-63.951171875, 0.6068359375, 52.187890625, 0.466796875])
array('d', [-64.23125, 0.1400390625, 52.141210937500006, 0.8869140625])
array('d', [-63.951171875, -0.046679687500000004, 52.5146484375, -0.0])
array('d', [-63.951171875, 0.1400390625, 52.5146484375, -0.0])
array('d', [-65.3982421875, 0.1400390625, 52.09453125, -0.56015625])
array('d', [-63.951171875, -0.046679687500000004, 51.767773437500004, -2.5673828125])
array('d', [-63.951171875, 0.1400390625, 52.5146484375, 0.466796875])
array('d', [-63.951171875, 0.1400390625, 52.5146484375, -0.42011718750000004])
array('d', [-63.1576171875, -0.046679687500000004, 52.467968750000004, -0.42011718750000004])
array('d', [-63.204296875000004, 0.37343750000000003, 51.72109375, -0.0])
array('d', [-63.204296875000004, 0.1400390625, 52.187890625, -0.0])
array('d', [-63.204296875000004, 0.1400390625, 52.187890625, -0.0])
array('d', [-64.23125, 0.1400390625, 52.141210937500006, -0.0])
array('d', [-64.3712890625, 0.6068359375, 52.141210937500006, -0.0])
array('d', [-64.23125, 0.1400390625, 51.300976562500004, 0.7468750000000001])
array('d', [-63.8578125, -0.046679687500000004, 52.141210937500006, 0.280078125])
array('d', [-63.8578125, 0.37343750000000003, 52.934765625000004, -0.0])
array('d', [-63.1576171875, 0.37343750000000003, 52.934765625000004, -0.0])
array('d', [-63.204296875000004, 0.1400390625, 51.767773437500004, -1.1203125])
array('d', [-63.577734375000006, -0.046679687500000004, 51.72109375, 0.18671875000000002])
array('d', [-64.23125, 0.1400390625, 52.5146484375, 0.6068359375])
array('d', [-64.23125, 0.1400390625, 52.0478515625, -0.9802734375000001])
array('d', [-63.951171875, -0.046679687500000004, 52.0478515625, -0.9802734375000001])
array('d', [-64.23125, 0.37343750000000003, 52.934765625000004, 0.7001953125])
array('d', [-63.951171875, -0.280078125, 51.72109375, -0.0])
array('d', [-63.951171875, -0.280078125, 51.72109375, -0.0])
array('d', [-64.23125, -0.046679687500000004, 52.467968750000004, -0.280078125])
array('d', [-63.951171875, 0.1400390625, 51.72109375, -0.1400390625])
array('d', [-63.951171875, 0.3267578125, 51.72109375, -0.1400390625])
array('d', [-64.23125, -0.280078125, 52.5146484375, -0.56015625])
array('d', [-64.23125, 0.1400390625, 51.72109375, -0.0])
array('d', [-63.577734375000006, 0.1400390625, 51.72109375, -0.0])
array('d', [-63.577734375000006, -0.280078125, 52.187890625, -0.7001953125])
array('d', [-64.6513671875, -0.280078125, 51.72109375, -0.1400390625])
array('d', [-64.6513671875, -0.280078125, 52.141210937500006, -0.280078125])
array('d', [-65.3982421875, -0.046679687500000004, 52.141210937500006, -0.280078125])
array('d', [-63.951171875, 0.1400390625, 51.72109375, 0.280078125])
array('d', [-64.6513671875, -0.046679687500000004, 52.187890625, 0.8869140625])
array('d', [-64.6513671875, 0.1400390625, 52.6546875, 0.1400390625])
array('d', [-64.23125, 0.1400390625, 52.6546875, 1.1669921875])
array('d', [-63.6244140625, 0.1400390625, 52.141210937500006, 1.1669921875])
array('d', [-64.7447265625, -0.046679687500000004, 52.141210937500006, -0.56015625])
array('d', [-64.41796875, -0.046679687500000004, 52.141210937500006, 1.1669921875])
array('d', [-64.41796875, -0.046679687500000004, 51.300976562500004, -0.1400390625])
array('d', [-64.41796875, -0.046679687500000004, 51.300976562500004, -0.1400390625])
array('d', [-64.8380859375, 0.1400390625, 51.72109375, -0.1400390625])
array('d', [-64.04453125, 0.1400390625, 51.72109375, -0.1400390625])
array('d', [-64.04453125, 0.9802734375000001, 51.72109375, 0.280078125])
array('d', [-64.7447265625, -0.5134765625000001, 52.141210937500006, 0.1400390625])
array('d', [-64.7447265625, -0.280078125, 51.72109375, 0.280078125])
array('d', [-64.7447265625, -0.280078125, 51.72109375, 0.280078125])
array('d', [-64.7447265625, -0.280078125, 51.72109375, 0.280078125])
array('d', [-64.7447265625, -0.280078125, 51.72109375, 0.280078125])
array('d', [-64.7447265625, -0.046679687500000004, 52.5146484375, -0.0])
array('d', [-64.7447265625, -0.280078125, 51.767773437500004, -0.1400390625])
array('d', [-63.671093750000004, -0.280078125, 52.467968750000004, -0.0])
array('d', [-63.671093750000004, 0.6068359375, 52.467968750000004, 0.280078125])
array('d', [-63.671093750000004, 0.1400390625, 51.72109375, 0.280078125])
array('d', [-63.671093750000004, -0.280078125, 52.187890625, -0.0])
array('d', [-64.8380859375, -0.280078125, 52.141210937500006, 1.0269531250000001])
array('d', [-64.8380859375, -0.280078125, 52.09453125, -0.56015625])
array('d', [-64.4646484375, 0.1400390625, 52.09453125, -0.56015625])
array('d', [-64.41796875, -0.046679687500000004, 51.814453125, -0.0])
array('d', [-65.16484375, -0.046679687500000004, 51.3943359375, -0.37343750000000003])
array('d', [-65.16484375, -0.046679687500000004, 51.3943359375, -1.2603515625000001])
array('d', [-63.7177734375, 0.1400390625, 52.561328125, -1.2603515625000001])
array('d', [-64.41796875, 0.1400390625, 52.141210937500006, -0.1400390625])
array('d', [-64.41796875, -0.046679687500000004, 52.141210937500006, -0.56015625])
array('d', [-65.16484375, -0.046679687500000004, 52.141210937500006, -0.56015625])
array('d', [-64.4646484375, 0.1400390625, 51.3943359375, 1.30703125])
array('d', [-64.4646484375, 0.1400390625, 51.3943359375, 1.30703125])
array('d', [-64.4646484375, 0.1400390625, 51.3943359375, 1.30703125])
array('d', [-64.4646484375, 0.1400390625, 51.3943359375, 1.30703125])
array('d', [-64.4646484375, 0.1400390625, 51.3943359375, 1.30703125])
array('d', [-63.671093750000004, -0.046679687500000004, 51.300976562500004, -0.37343750000000003])
array('d', [-64.8380859375, 0.1400390625, 52.141210937500006, -0.37343750000000003])
array('d', [-64.8380859375, 0.1400390625, 51.3943359375, -0.37343750000000003])
array('d', [-64.41796875, 0.1400390625, 51.3943359375, -0.37343750000000003])
array('d', [-62.92421875, -0.046679687500000004, 52.187890625, -0.1400390625])
array('d', [-62.92421875, -0.046679687500000004, 52.187890625, -0.37343750000000003])
array('d', [-64.8380859375, -0.5134765625000001, 51.72109375, -0.37343750000000003])
array('d', [-64.7447265625, 0.18671875000000002, 52.187890625, -0.7001953125])
array('d', [-64.09121093750001, 0.37343750000000003, 51.72109375, -0.1400390625])
array('d', [-64.09121093750001, -0.046679687500000004, 52.141210937500006, -0.0])
array('d', [-64.4646484375, -0.046679687500000004, 52.141210937500006, -0.0])
array('d', [-64.41796875, 0.1400390625, 51.767773437500004, -0.0])
array('d', [-63.6244140625, 0.1400390625, 51.767773437500004, 1.1669921875])
array('d', [-63.6244140625, 0.1400390625, 51.767773437500004, -0.7001953125])
array('d', [-64.04453125, 0.1400390625, 51.767773437500004, -0.7001953125])
array('d', [-64.04453125, 0.1400390625, 51.767773437500004, -0.7001953125])
array('d', [-64.04453125, -0.5134765625000001, 52.141210937500006, -0.8402343750000001])
array('d', [-62.5974609375, -0.280078125, 51.72109375, -0.8402343750000001])
array('d', [-62.92421875, 0.37343750000000003, 52.141210937500006, 0.7001953125])
array('d', [-64.41796875, -0.280078125, 51.3943359375, 0.466796875])
array('d', [-64.41796875, -0.280078125, 51.72109375, 0.466796875])
array('d', [-64.7447265625, -0.046679687500000004, 52.561328125, 0.466796875])
array('d', [-64.3712890625, -0.280078125, 52.561328125, 0.466796875])
array('d', [-64.3712890625, -0.280078125, 51.814453125, 0.466796875])
array('d', [-64.41796875, -0.280078125, 51.767773437500004, -0.1400390625])
array('d', [-64.41796875, -0.280078125, 52.187890625, -0.8402343750000001])
array('d', [-64.3712890625, -0.280078125, 52.187890625, 0.7468750000000001])
array('d', [-64.3712890625, -0.5134765625000001, 51.3943359375, 0.7468750000000001])
array('d', [-62.5974609375, -0.046679687500000004, 51.814453125, -0.1400390625])
array('d', [-64.41796875, -0.046679687500000004, 51.72109375, 0.6068359375])
array('d', [-64.41796875, -0.046679687500000004, 52.561328125, -0.280078125])
array('d', [-63.204296875000004, 0.1400390625, 52.561328125, -0.280078125])
array('d', [-64.41796875, -0.046679687500000004, 51.767773437500004, 0.280078125])
array('d', [-64.41796875, -0.046679687500000004, 51.767773437500004, 0.280078125])
array('d', [-64.09121093750001, 0.37343750000000003, 52.187890625, -0.1400390625])
array('d', [-64.8380859375, -0.5134765625000001, 53.028125, -0.37343750000000003])
array('d', [-64.8380859375, 0.1400390625, 52.187890625, -0.56015625])
array('d', [-64.8380859375, 0.1400390625, 52.187890625, -0.56015625])
array('d', [-65.95839843750001, -0.046679687500000004, 51.814453125, -0.1400390625])
array('d', [-63.671093750000004, -0.046679687500000004, 51.814453125, -0.1400390625])
array('d', [-64.04453125, 0.1400390625, 51.3943359375, -0.1400390625])
array('d', [-63.671093750000004, -0.280078125, 51.767773437500004, -0.0])
array('d', [-64.41796875, 0.1400390625, 52.187890625, -0.1400390625])
array('d', [-63.29765625, -0.046679687500000004, 50.974218750000006, -0.0])
array('d', [-63.29765625, -0.046679687500000004, 50.974218750000006, -0.0])
array('d', [-63.29765625, -0.046679687500000004, 50.974218750000006, -0.0])
array('d', [-63.29765625, -0.046679687500000004, 50.974218750000006, -0.0])
array('d', [-63.344335937500006, 0.1400390625, 52.561328125, -0.0])
array('d', [-64.04453125, 0.1400390625, 52.561328125, -0.7001953125])
array('d', [-64.3712890625, -0.5134765625000001, 51.3943359375, -0.7001953125])
array('d', [-64.8380859375, -0.280078125, 50.974218750000006, 0.18671875000000002])
array('d', [-64.04453125, 0.1400390625, 52.09453125, 0.18671875000000002])
array('d', [-64.04453125, 0.37343750000000003, 52.561328125, -0.56015625])
array('d', [-64.04453125, 0.37343750000000003, 52.561328125, -0.56015625])
array('d', [-63.29765625, 0.1400390625, 52.141210937500006, -0.0])
array('d', [-63.671093750000004, 0.1400390625, 51.72109375, -0.0])
array('d', [-63.671093750000004, 0.1400390625, 51.72109375, -0.0])
array('d', [-63.671093750000004, 0.1400390625, 51.72109375, -0.0])
array('d', [-63.671093750000004, 0.1400390625, 51.72109375, -0.0])
array('d', [-63.671093750000004, 0.1400390625, 51.72109375, -0.0])
array('d', [-64.3712890625, 0.18671875000000002, 51.767773437500004, -0.0])
array('d', [-64.8380859375, -0.046679687500000004, 51.3943359375, -0.56015625])
array('d', [-64.8380859375, -0.046679687500000004, 51.300976562500004, 0.280078125])
array('d', [-64.137890625, -0.280078125, 51.300976562500004, 0.280078125])
array('d', [-63.671093750000004, 0.1400390625, 52.561328125, 0.466796875])
array('d', [-64.884765625, 0.1400390625, 51.814453125, -0.0])
array('d', [-64.884765625, 0.1400390625, 51.814453125, -0.7001953125])
array('d', [-64.41796875, 0.1400390625, 52.701367187500004, -0.7001953125])
array('d', [-64.09121093750001, 0.1400390625, 52.187890625, 0.466796875])
array('d', [-64.09121093750001, 0.1400390625, 52.187890625, -0.0])
array('d', [-64.41796875, -0.046679687500000004, 52.141210937500006, -0.0])
array('d', [-65.2115234375, -0.046679687500000004, 52.141210937500006, 0.466796875])
array('d', [-64.137890625, -0.2333984375, 52.187890625, -1.400390625])
array('d', [-64.137890625, -0.2333984375, 52.187890625, 0.280078125])
array('d', [-64.09121093750001, -0.046679687500000004, 52.187890625, 0.280078125])
array('d', [-64.09121093750001, -0.046679687500000004, 52.187890625, 0.280078125])
array('d', [-64.09121093750001, -0.046679687500000004, 52.187890625, 0.280078125])
array('d', [-64.7447265625, -0.466796875, 51.767773437500004, 0.8869140625])
array('d', [-64.7447265625, -0.466796875, 51.767773437500004, -0.37343750000000003])
array('d', [-62.877539062500006, 0.1400390625, 51.767773437500004, -0.37343750000000003])
array('d', [-63.671093750000004, -0.09335937500000001, 52.5146484375, -0.42011718750000004])
array('d', [-64.09121093750001, 0.18671875000000002, 52.141210937500006, 1.30703125])
array('d', [-63.671093750000004, 0.1400390625, 52.187890625, 0.466796875])
array('d', [-63.671093750000004, 0.1400390625, 52.187890625, -0.1400390625])
array('d', [-64.41796875, -0.046679687500000004, 52.561328125, -0.1400390625])
array('d', [-64.04453125, 0.18671875000000002, 52.6546875, 1.0269531250000001])
array('d', [-63.671093750000004, 0.37343750000000003, 52.141210937500006, -0.1400390625])
array('d', [-63.671093750000004, 0.37343750000000003, 52.141210937500006, -0.1400390625])
array('d', [-63.671093750000004, 0.37343750000000003, 52.141210937500006, -0.1400390625])
array('d', [-64.137890625, -0.2333984375, 52.141210937500006, 0.466796875])
array('d', [-64.137890625, -0.2333984375, 52.187890625, 1.0269531250000001])
array('d', [-64.884765625, -0.046679687500000004, 52.187890625, 1.0269531250000001])
array('d', [-63.344335937500006, 0.56015625, 51.767773437500004, -0.7001953125])
array('d', [-64.09121093750001, -0.09335937500000001, 52.5146484375, 0.18671875000000002])
array('d', [-64.3712890625, 0.37343750000000003, 52.141210937500006, -1.2603515625000001])
array('d', [-64.3712890625, 0.37343750000000003, 52.141210937500006, -1.2603515625000001])
array('d', [-64.3712890625, 0.37343750000000003, 52.141210937500006, -1.2603515625000001])
array('d', [-64.41796875, -1.4937500000000001, 52.561328125, 0.1400390625])
array('d', [-63.344335937500006, -0.046679687500000004, 53.028125, -0.37343750000000003])
array('d', [-63.344335937500006, 0.37343750000000003, 51.72109375, 0.18671875000000002])
array('d', [-63.29765625, 0.37343750000000003, 51.72109375, 0.18671875000000002])
array('d', [-63.29765625, 0.37343750000000003, 51.72109375, 0.18671875000000002])
array('d', [-63.344335937500006, -0.09335937500000001, 52.187890625, 1.0269531250000001])
array('d', [-63.344335937500006, -0.09335937500000001, 52.28125, -0.1400390625])
array('d', [-63.671093750000004, 0.18671875000000002, 52.28125, -0.1400390625])
array('d', [-63.671093750000004, 0.18671875000000002, 52.28125, -0.1400390625])
array('d', [-63.671093750000004, 0.18671875000000002, 52.28125, -0.1400390625])
array('d', [-63.671093750000004, 0.18671875000000002, 52.28125, -0.1400390625])
array('d', [-63.671093750000004, 0.18671875000000002, 52.28125, -0.1400390625])
array('d', [-64.4646484375, -0.046679687500000004, 51.3943359375, 0.7001953125])
array('d', [-64.7447265625, 0.37343750000000003, 52.5146484375, 0.466796875])
array('d', [-64.09121093750001, 0.18671875000000002, 51.767773437500004, 0.280078125])
array('d', [-64.09121093750001, 0.18671875000000002, 51.767773437500004, 0.280078125])
array('d', [-64.41796875, -0.280078125, 52.141210937500006, -1.1203125])
array('d', [-64.4646484375, -0.046679687500000004, 52.934765625000004, -0.0])
array('d', [-62.1306640625, -0.046679687500000004, 52.5146484375, -0.280078125])
array('d', [-62.1306640625, -0.046679687500000004, 52.141210937500006, -0.280078125])
array('d', [-62.2240234375, 0.6068359375, 52.141210937500006, -0.280078125])
array('d', [-64.1845703125, 0.1400390625, 51.72109375, -0.56015625])
array('d', [-64.79140625000001, -0.046679687500000004, 51.72109375, -0.56015625])
array('d', [-64.79140625000001, -0.046679687500000004, 51.72109375, -0.56015625])
array('d', [-64.79140625000001, -0.046679687500000004, 52.141210937500006, 0.466796875])
array('d', [-64.511328125, 0.1400390625, 52.141210937500006, 0.466796875])
array('d', [-64.137890625, 0.6068359375, 51.300976562500004, 1.0269531250000001])
array('d', [-64.137890625, 0.6068359375, 51.300976562500004, 1.0269531250000001])
array('d', [-64.137890625, 0.6068359375, 51.300976562500004, 1.0269531250000001])
array('d', [-64.137890625, 0.6068359375, 51.300976562500004, 1.0269531250000001])
array('d', [-63.811132812500006, -0.09335937500000001, 52.141210937500006, 0.280078125])
array('d', [-63.811132812500006, 0.37343750000000003, 52.6546875, -0.56015625])
array('d', [-63.811132812500006, 0.37343750000000003, 51.534375000000004, 0.18671875000000002])
array('d', [-63.811132812500006, -0.046679687500000004, 51.534375000000004, -0.0])
array('d', [-63.391015625, 0.18671875000000002, 52.141210937500006, -0.0])
array('d', [-65.2115234375, 0.18671875000000002, 52.141210937500006, -0.0])
array('d', [-62.644140625000006, 0.18671875000000002, 51.34765625, 0.466796875])
array('d', [-62.644140625000006, 0.18671875000000002, 51.34765625, 0.466796875])
array('d', [-64.884765625, -0.046679687500000004, 52.9814453125, -0.56015625])
array('d', [-64.511328125, -0.280078125, 51.72109375, -0.0])
array('d', [-64.511328125, -0.280078125, 51.72109375, -0.0])
array('d', [-64.511328125, -0.280078125, 51.72109375, -0.0])
array('d', [-64.511328125, -0.280078125, 51.72109375, -0.0])
array('d', [-64.1845703125, 0.37343750000000003, 51.34765625, 0.1400390625])
array('d', [-63.0642578125, 0.18671875000000002, 52.5146484375, -0.0])
array('d', [-63.0642578125, 0.18671875000000002, 52.5146484375, -0.0])
array('d', [-63.0642578125, -0.466796875, 51.72109375, -0.280078125])
array('d', [-63.811132812500006, 0.37343750000000003, 52.141210937500006, 0.18671875000000002])
array('d', [-63.437695312500004, 0.37343750000000003, 51.72109375, -0.37343750000000003])
array('d', [-63.0642578125, -0.2333984375, 51.72109375, -0.280078125])
array('d', [-63.0642578125, -0.046679687500000004, 51.34765625, 1.0269531250000001])
array('d', [-64.511328125, -0.046679687500000004, 51.34765625, 1.0269531250000001])
array('d', [-63.811132812500006, 0.1400390625, 52.467968750000004, -0.1400390625])
array('d', [-64.1845703125, -0.046679687500000004, 51.300976562500004, -0.0])
array('d', [-64.137890625, 0.1400390625, 51.674414062500006, 0.280078125])
array('d', [-64.137890625, 0.1400390625, 51.674414062500006, -0.37343750000000003])
array('d', [-64.1845703125, -0.280078125, 52.561328125, -0.37343750000000003])
array('d', [-64.137890625, 0.37343750000000003, 52.5146484375, -0.37343750000000003])
array('d', [-63.811132812500006, -0.046679687500000004, 52.5146484375, -0.56015625])
array('d', [-63.811132812500006, -0.046679687500000004, 51.72109375, -0.56015625])
array('d', [-63.811132812500006, -0.046679687500000004, 51.72109375, -0.56015625])
array('d', [-63.811132812500006, -0.046679687500000004, 51.72109375, -0.56015625])
array('d', [-63.811132812500006, -0.046679687500000004, 51.72109375, -0.56015625])
array('d', [-63.811132812500006, -0.09335937500000001, 51.72109375, -0.0])
array('d', [-64.1845703125, -0.046679687500000004, 51.3943359375, -0.0])
array('d', [-63.811132812500006, 0.37343750000000003, 52.141210937500006, 0.466796875])
array('d', [-63.811132812500006, 0.37343750000000003, 52.141210937500006, 0.466796875])
array('d', [-63.811132812500006, 0.37343750000000003, 52.141210937500006, 0.466796875])
array('d', [-63.8578125, 0.1400390625, 52.187890625, -0.37343750000000003])
array('d', [-63.0642578125, -0.046679687500000004, 52.187890625, 1.0269531250000001])
array('d', [-63.0642578125, -0.046679687500000004, 52.187890625, 1.0269531250000001])
array('d', [-64.6046875, -0.046679687500000004, 52.187890625, 1.0269531250000001])
array('d', [-64.6046875, -0.046679687500000004, 52.187890625, 1.0269531250000001])
array('d', [-64.6046875, -0.046679687500000004, 52.187890625, 1.0269531250000001])
array('d', [-64.23125, 0.18671875000000002, 52.187890625, -1.1203125])
array('d', [-64.23125, 0.18671875000000002, 52.187890625, -1.1203125])
array('d', [-63.391015625, -0.280078125, 51.767773437500004, 0.6068359375])
array('d', [-63.017578125, -0.046679687500000004, 52.28125, 0.1400390625])
array('d', [-63.017578125, -0.046679687500000004, 52.187890625, -0.1400390625])
array('d', [-64.4646484375, 0.37343750000000003, 52.187890625, -0.1400390625])
array('d', [-64.884765625, 0.1400390625, 51.767773437500004, -0.0])
array('d', [-64.4646484375, 0.37343750000000003, 52.5146484375, 0.6068359375])
array('d', [-64.1845703125, -0.2333984375, 52.187890625, 0.8869140625])
array('d', [-64.1845703125, -0.2333984375, 52.187890625, 0.8869140625])
array('d', [-64.1845703125, -0.2333984375, 52.187890625, 0.8869140625])
array('d', [-64.1845703125, 0.1400390625, 51.34765625, -0.56015625])
array('d', [-64.511328125, 0.18671875000000002, 51.34765625, -0.56015625])
array('d', [-64.511328125, -0.280078125, 53.3548828125, 0.280078125])
array('d', [-64.1845703125, -0.09335937500000001, 52.141210937500006, -0.1400390625])
array('d', [-64.1845703125, -0.09335937500000001, 52.141210937500006, -0.1400390625])
array('d', [-64.9314453125, 0.18671875000000002, 51.72109375, -0.1400390625])
array('d', [-63.391015625, -0.280078125, 50.974218750000006, -0.42011718750000004])
array('d', [-64.6046875, 0.37343750000000003, 52.6546875, -0.56015625])
array('d', [-64.6046875, 0.37343750000000003, 52.6546875, -0.56015625])
array('d', [-64.511328125, -0.046679687500000004, 51.72109375, -1.1203125])
array('d', [-63.811132812500006, 0.18671875000000002, 51.767773437500004, 0.466796875])
array('d', [-63.811132812500006, -0.2333984375, 51.767773437500004, -0.7001953125])
array('d', [-65.2115234375, -0.2333984375, 51.767773437500004, 0.466796875])
array('d', [-64.511328125, 0.1400390625, 51.8611328125, 0.466796875])
array('d', [-63.811132812500006, -0.046679687500000004, 51.767773437500004, 0.6068359375])
array('d', [-63.437695312500004, -0.046679687500000004, 52.28125, 0.466796875])
array('d', [-63.437695312500004, -0.046679687500000004, 52.28125, -0.37343750000000003])
array('d', [-63.811132812500006, -0.09335937500000001, 51.767773437500004, -0.37343750000000003])
array('d', [-63.437695312500004, -0.2333984375, 51.72109375, -0.7001953125])
array('d', [-64.4646484375, 0.18671875000000002, 52.187890625, 0.18671875000000002])
array('d', [-64.4646484375, -0.2333984375, 52.28125, 0.280078125])
array('d', [-64.4646484375, -0.2333984375, 52.28125, 0.280078125])
array('d', [-64.4646484375, -0.2333984375, 52.28125, 0.280078125])
array('d', [-64.4646484375, -0.2333984375, 52.28125, 0.280078125])
array('d', [-64.4646484375, -0.2333984375, 52.28125, 0.280078125])
array('d', [-64.1845703125, -0.046679687500000004, 51.3943359375, -0.2333984375])
array('d', [-64.511328125, -0.046679687500000004, 51.3943359375, -0.2333984375])
array('d', [-64.511328125, -0.09335937500000001, 51.767773437500004, -0.1400390625])
array('d', [-64.9314453125, 0.6068359375, 52.5146484375, 0.1400390625])
array('d', [-64.9314453125, 0.18671875000000002, 51.34765625, -0.56015625])
array('d', [-63.7177734375, 0.18671875000000002, 51.34765625, -0.7001953125])
array('d', [-64.137890625, 0.37343750000000003, 51.3943359375, 0.466796875])
array('d', [-64.137890625, -0.2333984375, 52.187890625, 0.466796875])
array('d', [-63.8578125, 0.18671875000000002, 52.141210937500006, 0.7001953125])
array('d', [-62.037304687500004, 0.18671875000000002, 51.814453125, 0.6068359375])
array('d', [-62.037304687500004, 0.18671875000000002, 50.974218750000006, 0.6068359375])
array('d', [-64.137890625, -0.280078125, 50.974218750000006, 0.6068359375])
array('d', [-64.137890625, 0.18671875000000002, 52.141210937500006, 0.8869140625])
array('d', [-63.437695312500004, 0.1400390625, 52.187890625, -0.7001953125])
array('d', [-63.391015625, -0.09335937500000001, 51.767773437500004, -0.7001953125])
array('d', [-64.9314453125, -0.6068359375, 53.028125, 0.466796875])
array('d', [-64.9314453125, -0.6068359375, 53.028125, -0.56015625])
array('d', [-64.511328125, 0.18671875000000002, 51.3943359375, -0.56015625])
array('d', [-64.6046875, 0.18671875000000002, 51.34765625, -1.4470703125000002])
array('d', [-63.0642578125, 0.1400390625, 51.767773437500004, -0.0])
array('d', [-63.0642578125, 0.1400390625, 53.028125, -0.1400390625])
array('d', [-63.110937500000006, -0.7001953125, 53.028125, -0.1400390625])
array('d', [-64.6046875, -0.466796875, 51.767773437500004, -0.1400390625])
array('d', [-64.1845703125, 0.37343750000000003, 51.767773437500004, -0.1400390625])
array('d', [-64.1845703125, 0.37343750000000003, 51.767773437500004, -0.1400390625])
array('d', [-64.1845703125, 0.37343750000000003, 51.767773437500004, -0.1400390625])
array('d', [-64.1845703125, 0.37343750000000003, 53.028125, 0.466796875])
array('d', [-64.1845703125, -0.2333984375, 52.141210937500006, -1.1203125])
array('d', [-64.137890625, -0.280078125, 52.6546875, -0.7001953125])
array('d', [-64.137890625, -0.280078125, 52.6546875, -0.0])
array('d', [-63.811132812500006, -0.466796875, 52.141210937500006, -0.0])
array('d', [-64.4646484375, -0.046679687500000004, 51.767773437500004, -0.2333984375])
array('d', [-64.4646484375, -0.280078125, 52.141210937500006, 0.280078125])
array('d', [-64.4646484375, -0.280078125, 52.141210937500006, 0.280078125])
array('d', [-64.4646484375, -0.280078125, 52.141210937500006, 0.280078125])
array('d', [-64.4646484375, -0.280078125, 52.141210937500006, 0.280078125])
array('d', [-64.4646484375, -0.280078125, 52.141210937500006, 0.280078125])
array('d', [-64.137890625, 0.18671875000000002, 51.72109375, 0.7001953125])
array('d', [-64.137890625, 0.18671875000000002, 51.72109375, 0.280078125])
array('d', [-63.5310546875, 0.37343750000000003, 52.141210937500006, 0.280078125])
array('d', [-63.8578125, -0.09335937500000001, 52.187890625, 0.466796875])
array('d', [-63.8578125, 0.18671875000000002, 51.767773437500004, -0.280078125])
array('d', [-64.511328125, 0.18671875000000002, 51.767773437500004, -0.280078125])
array('d', [-63.017578125, 0.18671875000000002, 52.6546875, -0.0])
array('d', [-64.6046875, -0.280078125, 52.187890625, 0.280078125])
array('d', [-64.6046875, -0.280078125, 52.187890625, 0.280078125])
array('d', [-63.811132812500006, 0.18671875000000002, 52.187890625, 0.7001953125])
array('d', [-63.437695312500004, -0.046679687500000004, 52.561328125, 0.466796875])
array('d', [-64.9314453125, -0.280078125, 52.141210937500006, -0.0])
array('d', [-64.9314453125, -0.280078125, 52.141210937500006, -0.0])
array('d', [-63.110937500000006, -0.046679687500000004, 51.72109375, -0.0])
array('d', [-63.437695312500004, -0.466796875, 52.5146484375, 0.6068359375])
array('d', [-63.437695312500004, -0.466796875, 52.5146484375, -1.30703125])
array('d', [-64.511328125, -0.7001953125, 52.5146484375, -1.30703125])
array('d', [-64.1845703125, -0.2333984375, 51.767773437500004, 0.280078125])
array('d', [-64.1845703125, -0.2333984375, 51.767773437500004, 0.280078125])
array('d', [-63.8578125, 0.1400390625, 51.72109375, -0.9802734375000001])
array('d', [-63.8578125, 0.1400390625, 52.561328125, -0.8869140625])
array('d', [-65.3048828125, -0.2333984375, 52.561328125, -0.8869140625])
array('d', [-65.3048828125, -0.2333984375, 52.561328125, -0.8869140625])
array('d', [-64.4646484375, -0.046679687500000004, 51.767773437500004, -0.8402343750000001])
array('d', [-64.1845703125, 0.1400390625, 51.767773437500004, -0.0])
array('d', [-64.137890625, 0.37343750000000003, 51.300976562500004, -0.1400390625])
array('d', [-64.1845703125, -0.046679687500000004, 51.767773437500004, -0.1400390625])
array('d', [-64.1845703125, -0.046679687500000004, 51.767773437500004, -0.280078125])
array('d', [-64.511328125, 0.18671875000000002, 52.141210937500006, -0.280078125])
array('d', [-64.137890625, -0.280078125, 52.6546875, -0.56015625])
array('d', [-64.137890625, -0.280078125, 52.6546875, 0.466796875])
array('d', [-64.884765625, 0.18671875000000002, 51.767773437500004, 0.466796875])
array('d', [-64.137890625, 0.1400390625, 51.767773437500004, 0.8869140625])
array('d', [-64.884765625, -0.7001953125, 52.561328125, 0.8869140625])
array('d', [-64.511328125, 0.18671875000000002, 51.767773437500004, -0.1400390625])
array('d', [-64.1845703125, 0.56015625, 51.3943359375, -0.280078125])
array('d', [-64.1845703125, 0.56015625, 52.141210937500006, -0.280078125])
array('d', [-64.1845703125, 0.56015625, 52.141210937500006, -0.280078125])
array('d', [-64.1845703125, 0.56015625, 52.141210937500006, -0.280078125])
array('d', [-64.511328125, 0.1400390625, 52.141210937500006, 0.466796875])
array('d', [-64.1845703125, 0.6068359375, 51.72109375, -0.280078125])
array('d', [-64.1845703125, -0.2333984375, 52.28125, -0.0])
array('d', [-65.2115234375, -0.2333984375, 52.28125, -0.0])
array('d', [-65.2115234375, -0.2333984375, 52.28125, -0.0])
array('d', [-64.1845703125, -0.046679687500000004, 51.767773437500004, 0.466796875])
array('d', [-64.1845703125, -0.280078125, 52.187890625, 0.280078125])
array('d', [-63.391015625, -0.280078125, 52.187890625, 0.280078125])
array('d', [-63.391015625, -0.280078125, 52.187890625, 0.280078125])
array('d', [-63.391015625, -0.280078125, 52.187890625, 0.280078125])
array('d', [-63.391015625, -0.280078125, 52.187890625, 0.280078125])
array('d', [-63.017578125, 0.18671875000000002, 52.141210937500006, -0.56015625])
array('d', [-64.09121093750001, 0.18671875000000002, 51.767773437500004, -0.0])
array('d', [-64.79140625000001, -0.09335937500000001, 51.814453125, 0.280078125])
array('d', [-64.79140625000001, -0.09335937500000001, 51.814453125, 0.280078125])
array('d', [-64.137890625, 0.1400390625, 51.34765625, -2.8941406250000004])
array('d', [-64.884765625, 0.18671875000000002, 51.767773437500004, -0.280078125])
array('d', [-64.884765625, 0.18671875000000002, 51.767773437500004, -0.1400390625])
array('d', [-64.137890625, -0.046679687500000004, 51.72109375, 0.6068359375])
array('d', [-63.437695312500004, -0.046679687500000004, 51.767773437500004, 0.6068359375])
array('d', [-63.5310546875, -0.2333984375, 51.767773437500004, -0.7001953125])
array('d', [-63.5310546875, -0.2333984375, 50.600781250000004, 0.6068359375])
array('d', [-63.5310546875, -0.2333984375, 50.600781250000004, 0.6068359375])
array('d', [-63.5310546875, -0.2333984375, 50.600781250000004, 0.280078125])
array('d', [-64.23125, -0.466796875, 51.767773437500004, 0.280078125])
array('d', [-63.110937500000006, -0.466796875, 52.28125, 0.6068359375])
array('d', [-63.110937500000006, -0.466796875, 52.28125, 0.6068359375])
array('d', [-63.5310546875, -0.046679687500000004, 52.141210937500006, -0.7001953125])
array('d', [-64.23125, -0.046679687500000004, 52.561328125, 0.56015625])
array('d', [-64.23125, 0.18671875000000002, 51.767773437500004, -0.0])
array('d', [-64.23125, 0.18671875000000002, 51.767773437500004, -0.0])
array('d', [-64.23125, 0.18671875000000002, 51.767773437500004, -0.0])
array('d', [-64.23125, 0.18671875000000002, 51.767773437500004, -0.0])
array('d', [-64.55800781250001, -0.09335937500000001, 52.187890625, -0.1400390625])
array('d', [-64.55800781250001, -0.09335937500000001, 52.187890625, -0.7001953125])
array('d', [-64.32460937500001, -0.280078125, 52.561328125, -0.7001953125])
array('d', [-64.6513671875, -0.046679687500000004, 52.6546875, -2.147265625])
array('d', [-64.6513671875, 0.1400390625, 51.767773437500004, -0.1400390625])
array('d', [-63.5310546875, 0.1400390625, 51.767773437500004, -0.1400390625])
array('d', [-64.55800781250001, 0.37343750000000003, 52.561328125, -0.1400390625])
array('d', [-63.5310546875, 0.1400390625, 53.028125, 0.6068359375])
array('d', [-63.5310546875, 0.1400390625, 51.3943359375, -1.587109375])
array('d', [-63.5310546875, 0.37343750000000003, 51.3943359375, -1.587109375])
array('d', [-63.5310546875, 0.37343750000000003, 51.3943359375, -1.587109375])
array('d', [-63.5310546875, 0.37343750000000003, 51.3943359375, -1.587109375])
array('d', [-63.5310546875, 0.37343750000000003, 51.3943359375, -1.587109375])
array('d', [-63.204296875000004, -0.2333984375, 51.767773437500004, 0.280078125])
array('d', [-64.6513671875, -0.2333984375, 51.767773437500004, 0.280078125])
array('d', [-64.55800781250001, -0.046679687500000004, 52.561328125, 0.466796875])
array('d', [-64.55800781250001, -0.046679687500000004, 52.561328125, 0.466796875])
array('d', [-64.55800781250001, -0.046679687500000004, 52.561328125, 0.466796875])
array('d', [-64.55800781250001, -0.046679687500000004, 52.561328125, 0.466796875])
array('d', [-63.8578125, 0.37343750000000003, 52.561328125, -0.0])
array('d', [-64.23125, -0.280078125, 51.767773437500004, 0.280078125])
array('d', [-64.32460937500001, -0.046679687500000004, 51.72109375, -0.7001953125])
array('d', [-64.32460937500001, -0.046679687500000004, 51.72109375, -0.7001953125])
array('d', [-64.32460937500001, -0.046679687500000004, 51.72109375, -0.7001953125])
array('d', [-64.32460937500001, -0.046679687500000004, 51.72109375, -0.7001953125])
array('d', [-64.32460937500001, -0.046679687500000004, 51.72109375, -0.7001953125])
array('d', [-64.23125, -0.046679687500000004, 52.187890625, 0.6068359375])
array('d', [-64.23125, -0.046679687500000004, 51.814453125, -0.56015625])
array('d', [-63.951171875, -0.046679687500000004, 51.814453125, -0.56015625])
array('d', [-63.9978515625, 0.37343750000000003, 51.441015625000006, -0.0])
array('d', [-64.32460937500001, -0.466796875, 52.141210937500006, 0.280078125])
array('d', [-64.32460937500001, -0.2333984375, 51.767773437500004, -0.42011718750000004])
array('d', [-63.204296875000004, -0.2333984375, 51.767773437500004, 0.466796875])
array('d', [-63.5310546875, 0.37343750000000003, 52.5146484375, 0.466796875])
array('d', [-63.6244140625, -0.5134765625000001, 50.9275390625, -2.0072265625])
array('d', [-63.204296875000004, 0.18671875000000002, 51.767773437500004, -0.7001953125])
array('d', [-63.204296875000004, 0.18671875000000002, 51.767773437500004, -0.1400390625])
array('d', [-65.071484375, 0.37343750000000003, 51.767773437500004, -0.1400390625])
array('d', [-64.978125, -0.046679687500000004, 51.767773437500004, -0.37343750000000003])
array('d', [-64.6513671875, 0.37343750000000003, 52.28125, -0.0])
array('d', [-64.6513671875, -0.046679687500000004, 52.5146484375, -0.7001953125])
array('d', [-64.6513671875, -0.046679687500000004, 52.09453125, -0.56015625])
array('d', [-63.5310546875, -0.280078125, 52.6546875, -0.56015625])
array('d', [-63.5310546875, -0.280078125, 52.6546875, -0.56015625])
array('d', [-63.951171875, -0.046679687500000004, 52.6546875, 0.18671875000000002])
array('d', [-63.8578125, -0.046679687500000004, 51.3943359375, 0.046679687500000004])
array('d', [-63.5310546875, 0.6068359375, 52.561328125, -0.7468750000000001])
array('d', [-63.5310546875, -0.046679687500000004, 51.3943359375, 0.466796875])
array('d', [-63.5310546875, -0.046679687500000004, 51.3943359375, -0.280078125])
array('d', [-63.204296875000004, -0.046679687500000004, 51.767773437500004, -0.280078125])
array('d', [-64.23125, -0.046679687500000004, 51.767773437500004, -0.280078125])
array('d', [-64.23125, -0.046679687500000004, 51.767773437500004, -0.280078125])
array('d', [-64.23125, -0.046679687500000004, 51.767773437500004, -0.280078125])
array('d', [-63.6244140625, 0.1400390625, 51.814453125, 0.18671875000000002])
array('d', [-63.6244140625, 0.1400390625, 51.767773437500004, -0.0])
array('d', [-64.978125, -0.046679687500000004, 51.767773437500004, -0.0])
array('d', [-64.978125, -0.046679687500000004, 51.767773437500004, -0.0])
array('d', [-64.978125, -0.046679687500000004, 51.767773437500004, -0.0])
array('d', [-65.071484375, 0.6068359375, 50.974218750000006, 0.1400390625])
array('d', [-63.8578125, -0.280078125, 52.6546875, 0.280078125])
array('d', [-63.951171875, -0.046679687500000004, 51.767773437500004, 0.466796875])
array('d', [-63.951171875, -0.046679687500000004, 51.767773437500004, 0.466796875])
array('d', [-63.951171875, -0.046679687500000004, 51.767773437500004, 0.466796875])
array('d', [-63.951171875, -0.046679687500000004, 52.141210937500006, 0.466796875])
array('d', [-63.951171875, -0.5134765625000001, 52.3279296875, 0.8869140625])
array('d', [-63.951171875, -0.5134765625000001, 52.3279296875, 0.8869140625])
array('d', [-63.951171875, -0.046679687500000004, 51.767773437500004, -0.56015625])
array('d', [-64.32460937500001, -0.046679687500000004, 51.767773437500004, -0.1400390625])
array('d', [-64.1845703125, 0.18671875000000002, 52.187890625, 0.7001953125])
array('d', [-63.6244140625, 0.37343750000000003, 51.767773437500004, -0.1400390625])
array('d', [-65.3982421875, -0.280078125, 50.9275390625, -0.7001953125])
array('d', [-63.8578125, -0.09335937500000001, 51.72109375, -0.7001953125])
array('d', [-63.8578125, -0.09335937500000001, 51.72109375, -0.7001953125])
array('d', [-63.8578125, -0.09335937500000001, 51.72109375, -0.7001953125])
array('d', [-64.6513671875, 0.37343750000000003, 51.767773437500004, 0.6068359375])
array('d', [-64.6513671875, 0.37343750000000003, 51.767773437500004, -0.56015625])
array('d', [-64.6513671875, -0.280078125, 51.34765625, -0.7468750000000001])
array('d', [-63.951171875, 0.18671875000000002, 51.441015625000006, -0.7468750000000001])
array('d', [-64.6513671875, -0.7468750000000001, 50.9275390625, -0.1400390625])
array('d', [-64.23125, 0.1400390625, 52.187890625, -0.37343750000000003])
array('d', [-64.23125, 0.1400390625, 52.187890625, -0.37343750000000003])
array('d', [-64.23125, 0.1400390625, 52.187890625, -0.37343750000000003])
array('d', [-64.1845703125, -0.280078125, 51.3943359375, 1.0736328125])
array('d', [-64.1845703125, -0.046679687500000004, 53.028125, -0.56015625])
array('d', [-63.6244140625, -0.046679687500000004, 53.028125, -0.280078125])
array('d', [-63.5310546875, -0.280078125, 52.187890625, -0.280078125])
array('d', [-64.23125, -0.2333984375, 52.141210937500006, -0.1400390625])
array('d', [-63.110937500000006, -0.046679687500000004, 51.767773437500004, 0.046679687500000004])
array('d', [-64.55800781250001, -0.046679687500000004, 51.767773437500004, 0.046679687500000004])
array('d', [-64.55800781250001, 0.18671875000000002, 52.141210937500006, -0.1400390625])
array('d', [-65.3982421875, 0.18671875000000002, 52.141210937500006, -1.1203125])
array('d', [-63.6244140625, 0.42011718750000004, 51.767773437500004, -1.1203125])
array('d', [-64.32460937500001, 0.37343750000000003, 51.767773437500004, 0.466796875])
array('d', [-64.32460937500001, 0.37343750000000003, 51.767773437500004, -0.56015625])
array('d', [-63.204296875000004, -0.046679687500000004, 51.767773437500004, -0.280078125])
array('d', [-63.5310546875, -0.7935546875, 51.3943359375, -0.280078125])
array('d', [-64.23125, 0.42011718750000004, 51.3943359375, 0.466796875])
array('d', [-64.23125, -0.3267578125, 51.3943359375, -0.280078125])
array('d', [-64.23125, -0.3267578125, 51.3943359375, -0.280078125])
array('d', [-64.23125, -0.3267578125, 51.3943359375, -0.280078125])
array('d', [-64.23125, -0.3267578125, 51.3943359375, -0.280078125])
array('d', [-64.23125, -0.09335937500000001, 52.141210937500006, -0.1400390625])
array('d', [-64.978125, -0.280078125, 51.300976562500004, -0.1400390625])
array('d', [-62.877539062500006, -0.09335937500000001, 52.934765625000004, -0.1400390625])
array('d', [-62.877539062500006, -0.046679687500000004, 51.3943359375, 0.466796875])
array('d', [-64.23125, -0.046679687500000004, 51.3943359375, -0.2333984375])
array('d', [-63.5310546875, -0.046679687500000004, 51.34765625, -0.2333984375])
array('d', [-64.6513671875, -0.09335937500000001, 52.561328125, 0.046679687500000004])
array('d', [-63.8578125, -0.046679687500000004, 51.72109375, 0.6068359375])
array('d', [-63.8578125, -0.046679687500000004, 51.3943359375, -0.1400390625])
array('d', [-63.5310546875, 0.42011718750000004, 51.3943359375, -0.1400390625])
array('d', [-63.2509765625, 0.6068359375, 52.187890625, -0.280078125])
array('d', [-64.23125, -0.046679687500000004, 51.767773437500004, 0.8869140625])
array('d', [-64.23125, -0.046679687500000004, 51.767773437500004, 0.8869140625])
array('d', [-64.6513671875, -0.466796875, 52.187890625, 0.466796875])
array('d', [-63.8578125, -0.280078125, 51.3943359375, -0.1400390625])
array('d', [-64.6513671875, 0.18671875000000002, 51.767773437500004, -0.37343750000000003])
array('d', [-64.6513671875, 0.18671875000000002, 51.767773437500004, 0.7001953125])
array('d', [-63.951171875, 0.1400390625, 52.28125, -0.56015625])
array('d', [-63.5310546875, 0.42011718750000004, 51.814453125, 0.046679687500000004])
array('d', [-63.951171875, 0.42011718750000004, 51.814453125, 0.046679687500000004])
array('d', [-63.951171875, 0.42011718750000004, 51.814453125, 0.046679687500000004])
array('d', [-63.951171875, 0.42011718750000004, 51.814453125, 0.046679687500000004])
array('d', [-64.7447265625, 0.1400390625, 52.187890625, -0.1400390625])
array('d', [-63.344335937500006, -0.2333984375, 52.561328125, 0.466796875])
array('d', [-63.344335937500006, 0.18671875000000002, 51.34765625, -1.1203125])
array('d', [-64.41796875, 0.18671875000000002, 51.34765625, -1.1203125])
array('d', [-64.09121093750001, -0.09335937500000001, 52.5146484375, 0.56015625])
array('d', [-64.698046875, -0.466796875, 51.767773437500004, 0.7935546875])
array('d', [-64.698046875, 0.1400390625, 51.34765625, -0.56015625])
array('d', [-64.41796875, 0.1400390625, 51.34765625, -0.56015625])
array('d', [-63.671093750000004, -0.09335937500000001, 51.34765625, 0.046679687500000004])
array('d', [-63.671093750000004, 0.18671875000000002, 52.5146484375, 0.466796875])
array('d', [-63.671093750000004, 0.18671875000000002, 52.5146484375, 0.466796875])
array('d', [-65.071484375, -0.280078125, 51.767773437500004, 0.18671875000000002])
array('d', [-64.09121093750001, 0.0, 52.6546875, 0.466796875])
array('d', [-64.09121093750001, 0.0, 52.141210937500006, 0.046679687500000004])
array('d', [-63.6244140625, 0.0, 52.141210937500006, 0.046679687500000004])
array('d', [-63.6244140625, 0.0, 52.141210937500006, 0.046679687500000004])
array('d', [-63.6244140625, -0.09335937500000001, 51.72109375, -0.37343750000000003])
array('d', [-64.79140625000001, 0.18671875000000002, 51.72109375, -0.37343750000000003])
array('d', [-64.7447265625, 0.42011718750000004, 51.34765625, -1.9138671875000002])
array('d', [-64.41796875, 0.18671875000000002, 51.34765625, -1.9138671875000002])
array('d', [-64.41796875, 0.18671875000000002, 51.767773437500004, -0.1400390625])
array('d', [-64.7447265625, -0.280078125, 51.72109375, -0.1400390625])
array('d', [-64.41796875, -0.280078125, 52.141210937500006, 0.046679687500000004])
array('d', [-64.41796875, -0.280078125, 52.141210937500006, 0.046679687500000004])
array('d', [-64.41796875, -0.280078125, 52.141210937500006, 0.046679687500000004])
array('d', [-65.1181640625, -0.466796875, 51.3943359375, -0.56015625])
array('d', [-65.1181640625, -0.2333984375, 52.187890625, -0.37343750000000003])
array('d', [-64.32460937500001, -0.2333984375, 52.187890625, 0.8869140625])
array('d', [-64.32460937500001, -0.2333984375, 52.187890625, 0.8869140625])
array('d', [-64.32460937500001, -0.2333984375, 52.187890625, 0.8869140625])
array('d', [-64.32460937500001, -0.2333984375, 52.187890625, 0.8869140625])
array('d', [-64.41796875, -0.280078125, 51.767773437500004, 0.280078125])
array('d', [-64.41796875, 0.1400390625, 51.767773437500004, 0.280078125])
array('d', [-63.671093750000004, -0.046679687500000004, 52.141210937500006, 0.466796875])
array('d', [-64.41796875, -0.280078125, 51.767773437500004, 0.280078125])
array('d', [-64.41796875, -0.280078125, 51.767773437500004, -0.1400390625])
array('d', [-65.1181640625, -0.09335937500000001, 51.767773437500004, -0.1400390625])
array('d', [-64.7447265625, -0.046679687500000004, 51.814453125, 0.046679687500000004])
array('d', [-64.7447265625, -0.046679687500000004, 51.814453125, 0.046679687500000004])
array('d', [-64.23125, 0.1400390625, 52.141210937500006, -0.8869140625])
array('d', [-64.23125, 0.1400390625, 52.141210937500006, -0.8402343750000001])
array('d', [-64.09121093750001, 0.37343750000000003, 52.141210937500006, -0.8402343750000001])
array('d', [-65.631640625, 0.18671875000000002, 52.141210937500006, -0.8402343750000001])
array('d', [-65.631640625, 0.18671875000000002, 52.141210937500006, -0.8402343750000001])
array('d', [-65.631640625, 0.18671875000000002, 52.141210937500006, -0.8402343750000001])
array('d', [-65.631640625, 0.18671875000000002, 51.767773437500004, -1.3537109375])
array('d', [-64.7447265625, 0.6068359375, 52.187890625, -1.3537109375])
array('d', [-63.9978515625, 0.1400390625, 52.141210937500006, 0.046679687500000004])
array('d', [-63.9978515625, 0.1400390625, 52.141210937500006, 0.046679687500000004])
array('d', [-65.071484375, 0.42011718750000004, 51.34765625, 0.18671875000000002])
array('d', [-64.41796875, 0.0, 52.187890625, 0.280078125])
array('d', [-64.41796875, 0.0, 52.187890625, -0.1400390625])
array('d', [-63.2509765625, -0.2333984375, 52.187890625, -0.1400390625])
array('d', [-63.9978515625, 0.37343750000000003, 52.141210937500006, -0.2333984375])
array('d', [-63.9978515625, -0.280078125, 52.187890625, -0.1400390625])
array('d', [-64.09121093750001, -0.280078125, 52.187890625, 0.046679687500000004])
array('d', [-64.09121093750001, -0.280078125, 52.187890625, 0.046679687500000004])
array('d', [-63.344335937500006, -0.046679687500000004, 52.561328125, 0.046679687500000004])
array('d', [-64.09121093750001, -0.046679687500000004, 52.561328125, -1.7271484375000001])
array('d', [-63.9978515625, 0.42011718750000004, 51.72109375, 0.1400390625])
array('d', [-63.9978515625, 0.42011718750000004, 51.72109375, 0.1400390625])
array('d', [-64.41796875, -0.09335937500000001, 52.28125, -0.1400390625])
array('d', [-64.41796875, -0.09335937500000001, 52.141210937500006, 0.466796875])
array('d', [-63.9978515625, -0.046679687500000004, 52.141210937500006, 0.466796875])
array('d', [-63.7177734375, -0.046679687500000004, 51.3943359375, 0.1400390625])
array('d', [-63.7177734375, -0.09335937500000001, 52.28125, 0.280078125])
array('d', [-64.09121093750001, -0.09335937500000001, 52.28125, 0.280078125])
array('d', [-63.2509765625, -0.046679687500000004, 51.767773437500004, -0.37343750000000003])
array('d', [-63.2509765625, -0.046679687500000004, 51.767773437500004, -0.37343750000000003])
array('d', [-63.2509765625, -0.046679687500000004, 51.767773437500004, -0.37343750000000003])
array('d', [-63.2509765625, -0.046679687500000004, 51.767773437500004, -0.37343750000000003])
array('d', [-63.6244140625, 0.1400390625, 52.28125, -0.1400390625])
array('d', [-63.6244140625, -0.2333984375, 51.767773437500004, -1.1203125])
array('d', [-64.41796875, -0.2333984375, 51.767773437500004, -1.1203125])
array('d', [-62.92421875, 0.18671875000000002, 51.767773437500004, 0.046679687500000004])
array('d', [-65.071484375, 0.6068359375, 52.141210937500006, -0.280078125])
array('d', [-65.071484375, 0.6068359375, 52.141210937500006, -0.7468750000000001])
array('d', [-64.698046875, 0.42011718750000004, 51.34765625, -0.7468750000000001])
array('d', [-63.9978515625, -0.466796875, 51.34765625, -0.7468750000000001])
array('d', [-63.9978515625, -0.466796875, 51.34765625, -0.7468750000000001])
array('d', [-63.9978515625, -0.466796875, 51.34765625, -0.7468750000000001])
array('d', [-63.9978515625, -0.466796875, 51.814453125, -2.0072265625])
array('d', [-64.09121093750001, 0.42011718750000004, 51.767773437500004, -2.0072265625])
array('d', [-64.09121093750001, 0.1400390625, 52.141210937500006, -0.7468750000000001])
array('d', [-63.9978515625, 0.1400390625, 51.34765625, -0.7468750000000001])
array('d', [-64.7447265625, 0.09335937500000001, 52.561328125, 0.18671875000000002])
array('d', [-64.7447265625, 0.1400390625, 52.561328125, -0.1400390625])
array('d', [-63.671093750000004, 0.1400390625, 52.561328125, -0.1400390625])
array('d', [-63.9978515625, -0.09335937500000001, 51.3943359375, -0.56015625])
array('d', [-64.41796875, 0.0, 52.6546875, 0.046679687500000004])
array('d', [-62.644140625000006, -0.09335937500000001, 51.3943359375, 0.046679687500000004])
array('d', [-62.644140625000006, -0.09335937500000001, 51.3943359375, 0.046679687500000004])
array('d', [-62.644140625000006, -0.09335937500000001, 51.3943359375, 0.046679687500000004])
array('d', [-62.644140625000006, -0.09335937500000001, 51.3943359375, 0.046679687500000004])
array('d', [-62.644140625000006, -0.09335937500000001, 51.767773437500004, 0.466796875])
array('d', [-63.9978515625, -0.2333984375, 51.767773437500004, 0.466796875])
array('d', [-65.071484375, -0.046679687500000004, 51.72109375, -0.1400390625])
array('d', [-63.671093750000004, 0.0, 51.814453125, -0.280078125])
array('d', [-63.671093750000004, 0.0, 51.72109375, 1.30703125])
array('d', [-63.9978515625, -0.2333984375, 51.72109375, 1.30703125])
array('d', [-62.92421875, -0.2333984375, 50.974218750000006, 1.30703125])
array('d', [-62.92421875, -0.2333984375, 50.974218750000006, 1.30703125])
array('d', [-62.92421875, -0.2333984375, 50.974218750000006, 1.30703125])
array('d', [-63.671093750000004, 0.1400390625, 51.767773437500004, 0.466796875])
array('d', [-63.671093750000004, 0.1400390625, 52.934765625000004, 4.1544921875])
array('d', [-65.071484375, 0.1400390625, 52.934765625000004, 4.1544921875])
array('d', [-65.071484375, -0.2333984375, 52.5146484375, -0.7468750000000001])
array('d', [-63.671093750000004, -0.280078125, 52.141210937500006, -0.280078125])
array('d', [-63.671093750000004, 0.18671875000000002, 51.814453125, -0.7468750000000001])
array('d', [-64.6513671875, 0.18671875000000002, 51.814453125, -0.7468750000000001])
array('d', [-64.6513671875, 0.18671875000000002, 51.814453125, -0.7468750000000001])
array('d', [-64.6513671875, 0.18671875000000002, 51.814453125, -0.7468750000000001])
array('d', [-63.2509765625, 0.6068359375, 52.141210937500006, -0.7468750000000001])
array('d', [-61.710546875000006, -0.280078125, 52.141210937500006, -1.1669921875])
array('d', [-61.710546875000006, -0.2333984375, 51.72109375, 0.466796875])
array('d', [-61.710546875000006, -0.2333984375, 51.72109375, 0.466796875])
array('d', [-65.071484375, 0.18671875000000002, 51.72109375, 0.046679687500000004])
array('d', [-63.671093750000004, -0.046679687500000004, 51.3943359375, -0.1400390625])
array('d', [-63.671093750000004, -0.046679687500000004, 52.187890625, 1.0736328125])
array('d', [-64.41796875, 0.37343750000000003, 52.187890625, 1.0736328125])
array('d', [-65.444921875, 0.1400390625, 52.141210937500006, 0.280078125])
array('d', [-65.7716796875, -0.2333984375, 52.187890625, 0.18671875000000002])
array('d', [-65.7716796875, -0.2333984375, 52.187890625, 0.18671875000000002])
array('d', [-64.698046875, 0.0, 51.767773437500004, 0.1400390625])
array('d', [-64.698046875, 0.42011718750000004, 52.561328125, -0.1400390625])
array('d', [-63.6244140625, 0.42011718750000004, 52.561328125, -0.1400390625])
array('d', [-63.017578125, 0.42011718750000004, 51.3943359375, -0.1400390625])
array('d', [-63.017578125, 0.42011718750000004, 51.300976562500004, 0.37343750000000003])
array('d', [-62.55078125, 0.42011718750000004, 51.300976562500004, 0.37343750000000003])
array('d', [-63.671093750000004, -0.280078125, 51.814453125, 0.046679687500000004])
array('d', [-63.671093750000004, -0.280078125, 51.814453125, 0.046679687500000004])
array('d', [-63.9978515625, 0.18671875000000002, 51.767773437500004, -0.1400390625])
array('d', [-64.32460937500001, 0.18671875000000002, 51.767773437500004, -0.7468750000000001])
array('d', [-64.09121093750001, -0.42011718750000004, 51.767773437500004, -0.7468750000000001])
array('d', [-65.071484375, 0.1400390625, 52.5146484375, 0.046679687500000004])
array('d', [-64.698046875, 0.1400390625, 51.767773437500004, 0.046679687500000004])
array('d', [-64.698046875, 0.1400390625, 51.767773437500004, -0.280078125])
array('d', [-64.41796875, 0.6068359375, 51.767773437500004, -0.280078125])
array('d', [-63.9978515625, -0.3267578125, 51.72109375, 1.0736328125])
array('d', [-64.09121093750001, 0.1400390625, 51.3943359375, 0.6068359375])
array('d', [-63.671093750000004, 0.42011718750000004, 52.187890625, -0.1400390625])
array('d', [-64.7447265625, 0.1400390625, 51.767773437500004, 0.7001953125])
array('d', [-64.41796875, -0.046679687500000004, 52.141210937500006, 0.046679687500000004])
array('d', [-64.41796875, -0.046679687500000004, 52.141210937500006, 0.046679687500000004])
array('d', [-63.017578125, -0.046679687500000004, 51.3943359375, 0.18671875000000002])
array('d', [-63.017578125, -0.046679687500000004, 51.3943359375, -0.1400390625])
array('d', [-65.071484375, -0.1400390625, 51.3943359375, -0.1400390625])
array('d', [-64.09121093750001, -0.1400390625, 53.401562500000004, 0.046679687500000004])
array('d', [-64.7447265625, 0.6068359375, 52.5146484375, 0.280078125])
array('d', [-64.7447265625, 0.6068359375, 52.5146484375, 0.280078125])
array('d', [-64.32460937500001, -0.280078125, 51.814453125, 0.466796875])
array('d', [-64.32460937500001, -0.280078125, 51.814453125, 0.466796875])
array('d', [-64.09121093750001, 0.37343750000000003, 50.600781250000004, 0.466796875])
array('d', [-64.09121093750001, 0.09335937500000001, 52.6546875, 0.046679687500000004])
array('d', [-65.1181640625, -0.046679687500000004, 52.187890625, 0.466796875])
array('d', [-65.1181640625, -0.046679687500000004, 52.561328125, -0.56015625])
array('d', [-63.2509765625, 0.09335937500000001, 52.561328125, -0.56015625])
array('d', [-65.3982421875, -0.046679687500000004, 51.767773437500004, -0.56015625])
array('d', [-63.904492187500004, 0.1400390625, 51.767773437500004, -0.56015625])
array('d', [-64.698046875, -0.046679687500000004, 52.9814453125, 0.466796875])
array('d', [-65.7716796875, -0.09335937500000001, 51.814453125, -0.56015625])
array('d', [-65.7716796875, 0.1400390625, 51.72109375, 0.37343750000000003])
array('d', [-63.2509765625, 0.1400390625, 51.34765625, -0.7468750000000001])
array('d', [-64.7447265625, 0.1400390625, 51.34765625, -0.7468750000000001])
array('d', [-64.09121093750001, -0.09335937500000001, 51.814453125, -0.7468750000000001])
array('d', [-64.41796875, -0.466796875, 52.561328125, -0.7468750000000001])
array('d', [-64.09121093750001, 0.046679687500000004, 52.187890625, 0.280078125])
array('d', [-64.09121093750001, 0.09335937500000001, 51.72109375, -0.56015625])
array('d', [-64.09121093750001, 0.09335937500000001, 51.72109375, -0.56015625])
array('d', [-64.32460937500001, 0.1400390625, 52.9814453125, -0.56015625])
array('d', [-64.09121093750001, 0.37343750000000003, 52.28125, 1.213671875])
array('d', [-64.09121093750001, -0.046679687500000004, 51.72109375, 0.6068359375])
array('d', [-65.444921875, -0.3267578125, 52.187890625, -0.1400390625])
array('d', [-64.32460937500001, -0.3267578125, 52.187890625, 0.466796875])
array('d', [-64.41796875, -0.3267578125, 52.187890625, 0.466796875])
array('d', [-64.41796875, -0.3267578125, 52.187890625, 0.466796875])
array('d', [-62.92421875, -0.1400390625, 51.767773437500004, 0.8869140625])
array('d', [-63.9978515625, -0.5134765625000001, 52.187890625, -0.280078125])
array('d', [-64.41796875, -0.09335937500000001, 51.441015625000006, -0.8869140625])
array('d', [-65.3982421875, -0.09335937500000001, 51.441015625000006, -0.8869140625])
array('d', [-64.09121093750001, -0.1400390625, 51.767773437500004, -1.1669921875])
array('d', [-64.09121093750001, -0.280078125, 51.72109375, 0.280078125])
array('d', [-64.7447265625, -0.046679687500000004, 52.187890625, -0.56015625])
array('d', [-64.7447265625, 0.37343750000000003, 52.141210937500006, 0.046679687500000004])
array('d', [-64.7447265625, 0.37343750000000003, 52.141210937500006, 0.046679687500000004])
array('d', [-64.7447265625, 0.37343750000000003, 52.141210937500006, 0.046679687500000004])
array('d', [-64.7447265625, 0.37343750000000003, 52.141210937500006, 0.046679687500000004])
array('d', [-63.017578125, 0.0, 52.141210937500006, 0.8869140625])
array('d', [-64.41796875, 0.0, 51.767773437500004, 3.1275390625000004])
array('d', [-64.41796875, 0.0, 51.767773437500004, -0.9802734375000001])
array('d', [-64.41796875, 0.0, 51.767773437500004, -0.9802734375000001])
array('d', [-63.9978515625, 0.0, 51.767773437500004, -0.9802734375000001])
array('d', [-64.7447265625, -0.046679687500000004, 51.3943359375, 0.18671875000000002])
array('d', [-64.09121093750001, -0.046679687500000004, 52.141210937500006, 1.0736328125])
array('d', [-64.09121093750001, -0.046679687500000004, 52.141210937500006, 1.0736328125])
array('d', [-64.09121093750001, -0.046679687500000004, 52.141210937500006, 1.0736328125])
array('d', [-63.2509765625, 0.42011718750000004, 52.6546875, -0.56015625])
array('d', [-63.671093750000004, 0.0, 52.5146484375, 0.046679687500000004])
array('d', [-65.071484375, 0.09335937500000001, 51.72109375, -0.56015625])
array('d', [-65.071484375, 0.42011718750000004, 52.141210937500006, -0.1400390625])
array('d', [-65.071484375, 0.42011718750000004, 52.141210937500006, -0.1400390625])
array('d', [-63.904492187500004, 0.09335937500000001, 52.141210937500006, -0.1400390625])
array('d', [-64.41796875, 0.09335937500000001, 52.141210937500006, -0.1400390625])
array('d', [-64.41796875, -0.09335937500000001, 52.5146484375, 0.466796875])
array('d', [-64.7447265625, -0.09335937500000001, 52.5146484375, 0.046679687500000004])
array('d', [-64.698046875, -0.1400390625, 51.300976562500004, 0.046679687500000004])
array('d', [-64.698046875, -0.1400390625, 51.300976562500004, 0.046679687500000004])
array('d', [-63.9978515625, 0.09335937500000001, 52.187890625, 0.9802734375000001])
array('d', [-64.698046875, -0.09335937500000001, 52.5146484375, -0.56015625])
array('d', [-64.8380859375, 0.1400390625, 51.767773437500004, -0.56015625])
array('d', [-64.8380859375, 0.1400390625, 51.767773437500004, -0.56015625])
array('d', [-64.8380859375, 0.1400390625, 51.767773437500004, -0.56015625])
array('d', [-64.8380859375, 0.1400390625, 51.767773437500004, -0.56015625])
array('d', [-64.8380859375, 0.1400390625, 51.767773437500004, -0.56015625])
array('d', [-63.7177734375, -0.1400390625, 52.6546875, -0.7468750000000001])
array('d', [-64.4646484375, 0.1400390625, 51.767773437500004, -0.280078125])
array('d', [-64.4646484375, 0.1400390625, 51.767773437500004, 0.280078125])
array('d', [-64.9314453125, -0.3267578125, 51.767773437500004, 0.280078125])
array('d', [-63.391015625, 0.2333984375, 51.767773437500004, -0.280078125])
array('d', [-63.0642578125, 0.42011718750000004, 52.5146484375, 0.046679687500000004])
array('d', [-63.0642578125, 0.1400390625, 52.6546875, -0.37343750000000003])
array('d', [-63.391015625, 0.1400390625, 52.6546875, -0.280078125])
array('d', [-65.2115234375, -0.09335937500000001, 52.6546875, -0.280078125])
array('d', [-63.811132812500006, -0.466796875, 52.6546875, 0.046679687500000004])
array('d', [-63.0642578125, -0.466796875, 51.767773437500004, -0.56015625])
array('d', [-63.764453125, -0.2333984375, 52.5146484375, 0.280078125])
array('d', [-63.0642578125, 0.42011718750000004, 50.974218750000006, -0.7468750000000001])
array('d', [-64.8380859375, 0.18671875000000002, 52.141210937500006, -0.1400390625])
array('d', [-64.8380859375, 0.18671875000000002, 52.141210937500006, 0.8869140625])
array('d', [-64.41796875, -0.046679687500000004, 51.814453125, 0.8869140625])
array('d', [-64.137890625, 0.1400390625, 51.72109375, 0.6068359375])
array('d', [-63.764453125, -0.046679687500000004, 51.767773437500004, 0.1400390625])
array('d', [-63.764453125, 0.18671875000000002, 52.28125, -0.1400390625])
array('d', [-64.137890625, 0.6068359375, 51.767773437500004, 0.280078125])
array('d', [-64.137890625, -0.1400390625, 52.187890625, -0.9802734375000001])
array('d', [-63.764453125, -0.1400390625, 52.187890625, -0.9802734375000001])
array('d', [-63.0642578125, -0.09335937500000001, 52.141210937500006, -0.653515625])
array('d', [-63.0642578125, -0.09335937500000001, 52.141210937500006, -0.653515625])
array('d', [-63.391015625, -0.2333984375, 52.561328125, 0.466796875])
array('d', [-64.09121093750001, 0.2333984375, 51.767773437500004, -0.8869140625])
array('d', [-63.391015625, 0.3267578125, 51.3943359375, -0.56015625])
array('d', [-63.391015625, 0.3267578125, 51.3943359375, -0.56015625])
array('d', [-63.391015625, 0.3267578125, 51.3943359375, -0.56015625])
array('d', [-63.391015625, 0.3267578125, 51.3943359375, -0.56015625])
array('d', [-63.764453125, -0.1400390625, 52.141210937500006, 0.1400390625])
array('d', [-63.764453125, -0.1400390625, 52.141210937500006, -0.1400390625])
array('d', [-65.2115234375, 0.1400390625, 52.141210937500006, -0.1400390625])
array('d', [-63.7177734375, -0.280078125, 52.141210937500006, -0.9802734375000001])
array('d', [-63.391015625, -0.3267578125, 52.141210937500006, 0.046679687500000004])
array('d', [-63.391015625, -0.3267578125, 52.141210937500006, 0.046679687500000004])
array('d', [-64.09121093750001, 0.09335937500000001, 51.814453125, -0.653515625])
array('d', [-64.09121093750001, 0.09335937500000001, 51.814453125, -0.653515625])
array('d', [-64.09121093750001, 0.09335937500000001, 51.814453125, -0.653515625])
array('d', [-64.4646484375, 0.3267578125, 51.72109375, 0.6068359375])
array('d', [-63.764453125, 0.18671875000000002, 52.6546875, 0.1400390625])
array('d', [-63.764453125, 0.09335937500000001, 51.72109375, -0.7468750000000001])
array('d', [-65.2115234375, 0.09335937500000001, 51.72109375, -0.7468750000000001])
array('d', [-64.137890625, -0.5134765625000001, 51.72109375, -3.3142578125])
array('d', [-64.09121093750001, -0.046679687500000004, 52.187890625, -1.1669921875])
array('d', [-64.09121093750001, -0.046679687500000004, 51.814453125, -0.1400390625])
array('d', [-64.4646484375, 0.37343750000000003, 51.814453125, -0.1400390625])
array('d', [-63.764453125, -0.3267578125, 51.814453125, -0.1400390625])
array('d', [-63.764453125, 0.18671875000000002, 52.141210937500006, 0.466796875])
array('d', [-63.391015625, 0.18671875000000002, 52.141210937500006, 0.466796875])
array('d', [-63.764453125, -0.09335937500000001, 51.0208984375, 0.56015625])
array('d', [-65.2115234375, -0.2333984375, 51.3943359375, -0.3267578125])
array('d', [-65.2115234375, -0.1400390625, 52.141210937500006, -0.56015625])
array('d', [-65.2115234375, -0.1400390625, 52.141210937500006, -0.56015625])
array('d', [-63.391015625, 0.1400390625, 52.187890625, 0.09335937500000001])
array('d', [-64.8380859375, -0.280078125, 52.934765625000004, -0.56015625])
array('d', [-64.09121093750001, -0.09335937500000001, 51.441015625000006, 0.280078125])
array('d', [-64.884765625, 0.1400390625, 51.72109375, 0.653515625])
array('d', [-62.644140625000006, 0.18671875000000002, 53.028125, -0.56015625])
array('d', [-64.09121093750001, 0.42011718750000004, 52.141210937500006, -0.56015625])
array('d', [-64.09121093750001, 0.42011718750000004, 51.3943359375, 0.466796875])
array('d', [-64.09121093750001, 0.42011718750000004, 51.3943359375, 0.466796875])
array('d', [-65.2115234375, 0.1400390625, 51.767773437500004, 0.8869140625])
array('d', [-64.137890625, -0.1400390625, 52.561328125, 0.280078125])
array('d', [-63.391015625, 0.18671875000000002, 51.72109375, -1.1669921875])
array('d', [-64.137890625, 0.3267578125, 52.187890625, 0.8869140625])
array('d', [-64.137890625, 0.3267578125, 51.3943359375, -0.37343750000000003])
array('d', [-64.41796875, 0.42011718750000004, 51.3943359375, -0.37343750000000003])
array('d', [-62.644140625000006, -0.046679687500000004, 52.187890625, -0.56015625])
array('d', [-64.8380859375, 0.1400390625, 52.141210937500006, 0.09335937500000001])
array('d', [-64.8380859375, 0.1400390625, 52.141210937500006, -0.37343750000000003])
array('d', [-63.391015625, -0.046679687500000004, 51.72109375, -0.37343750000000003])
array('d', [-65.2115234375, -0.3267578125, 51.767773437500004, 1.6804687500000002])
array('d', [-65.2115234375, -0.5134765625000001, 52.5146484375, 0.280078125])
array('d', [-64.09121093750001, -0.5134765625000001, 52.5146484375, 0.280078125])
array('d', [-64.41796875, 0.1400390625, 52.561328125, 0.466796875])
array('d', [-64.41796875, 0.1400390625, 52.561328125, 0.466796875])
array('d', [-64.41796875, 0.1400390625, 51.3943359375, -0.1400390625])
array('d', [-64.698046875, 0.1400390625, 51.3943359375, -0.1400390625])
array('d', [-63.0642578125, -0.046679687500000004, 51.3943359375, 0.046679687500000004])
array('d', [-64.884765625, 0.046679687500000004, 52.141210937500006, 0.046679687500000004])
array('d', [-64.884765625, 0.046679687500000004, 52.141210937500006, 0.046679687500000004])
array('d', [-64.884765625, 0.046679687500000004, 52.141210937500006, 0.046679687500000004])
array('d', [-64.8380859375, -0.09335937500000001, 51.767773437500004, 0.046679687500000004])
array('d', [-64.41796875, -0.3267578125, 51.674414062500006, 1.1669921875])
array('d', [-64.41796875, -0.3267578125, 51.674414062500006, 1.1669921875])
array('d', [-64.41796875, -0.3267578125, 51.674414062500006, 1.1669921875])
array('d', [-64.41796875, -0.3267578125, 51.674414062500006, 1.1669921875])
array('d', [-64.23125, 0.0, 51.767773437500004, 1.0736328125])
array('d', [-64.4646484375, 0.42011718750000004, 51.72109375, -0.37343750000000003])
array('d', [-64.4646484375, 0.42011718750000004, 51.72109375, 0.8869140625])
array('d', [-62.644140625000006, 0.18671875000000002, 51.72109375, 0.8869140625])
array('d', [-64.8380859375, 0.6068359375, 51.767773437500004, -0.7468750000000001])
array('d', [-64.8380859375, 0.6068359375, 51.767773437500004, 1.0736328125])
array('d', [-64.41796875, -0.280078125, 52.5146484375, 1.0736328125])
array('d', [-63.391015625, -0.2333984375, 52.561328125, -0.1400390625])
array('d', [-63.764453125, -0.046679687500000004, 51.72109375, 0.046679687500000004])
array('d', [-63.764453125, -0.466796875, 52.187890625, -0.280078125])
array('d', [-64.41796875, -0.466796875, 52.187890625, 0.8869140625])
array('d', [-64.4646484375, 0.1400390625, 52.141210937500006, 0.8869140625])
array('d', [-63.391015625, -0.280078125, 52.187890625, -0.1400390625])
array('d', [-64.884765625, -0.5134765625000001, 51.767773437500004, 0.280078125])
array('d', [-64.884765625, -0.5134765625000001, 51.767773437500004, 0.18671875000000002])
array('d', [-64.4646484375, 0.09335937500000001, 52.09453125, 0.18671875000000002])
array('d', [-64.4646484375, 0.18671875000000002, 52.141210937500006, -0.8869140625])
array('d', [-64.09121093750001, 0.09335937500000001, 51.767773437500004, -0.8869140625])
array('d', [-64.09121093750001, 0.09335937500000001, 51.767773437500004, -0.8869140625])
array('d', [-64.09121093750001, 0.09335937500000001, 51.767773437500004, -0.8869140625])
array('d', [-64.09121093750001, 0.09335937500000001, 51.767773437500004, 0.56015625])
array('d', [-64.4646484375, -0.09335937500000001, 52.6546875, 0.56015625])
array('d', [-63.391015625, 0.1400390625, 52.6546875, 0.466796875])
array('d', [-63.391015625, -0.046679687500000004, 52.141210937500006, 0.046679687500000004])
array('d', [-63.764453125, 0.0, 51.34765625, 0.280078125])
array('d', [-63.764453125, 0.0, 52.5146484375, 0.6068359375])
array('d', [-63.764453125, 0.0, 52.5146484375, 0.6068359375])
array('d', [-63.391015625, 0.09335937500000001, 51.72109375, -0.2333984375])
array('d', [-63.391015625, 0.09335937500000001, 51.767773437500004, -0.1400390625])
array('d', [-64.8380859375, -0.3267578125, 51.767773437500004, -0.1400390625])
array('d', [-64.8380859375, -0.3267578125, 51.767773437500004, -0.1400390625])
array('d', [-64.8380859375, 0.18671875000000002, 52.141210937500006, 0.7001953125])
array('d', [-63.764453125, 0.2333984375, 52.141210937500006, 0.7001953125])
array('d', [-63.0642578125, -0.3267578125, 51.767773437500004, -0.56015625])
array('d', [-63.0642578125, -0.3267578125, 51.767773437500004, -0.56015625])
array('d', [-62.3640625, -0.09335937500000001, 51.767773437500004, 0.046679687500000004])
array('d', [-63.391015625, 0.1400390625, 52.934765625000004, 0.280078125])
array('d', [-63.391015625, 0.1400390625, 51.814453125, -0.56015625])
array('d', [-63.391015625, 0.1400390625, 51.814453125, -0.56015625])
array('d', [-63.391015625, 0.1400390625, 51.814453125, -0.56015625])
array('d', [-63.017578125, 0.6068359375, 51.767773437500004, -0.1400390625])
array('d', [-63.017578125, 0.6068359375, 51.767773437500004, 0.7935546875])
array('d', [-64.8380859375, 0.42011718750000004, 51.767773437500004, 0.7935546875])
array('d', [-64.8380859375, 0.42011718750000004, 51.767773437500004, 0.7935546875])
array('d', [-64.8380859375, 0.42011718750000004, 51.767773437500004, 0.7935546875])
array('d', [-63.0642578125, 0.6068359375, 52.9814453125, -0.56015625])
array('d', [-65.2115234375, -0.09335937500000001, 52.9814453125, -0.56015625])
array('d', [-64.884765625, -0.2333984375, 51.34765625, 0.6068359375])
array('d', [-64.884765625, -0.046679687500000004, 52.5146484375, 0.046679687500000004])
array('d', [-63.391015625, -0.046679687500000004, 52.5146484375, 0.046679687500000004])
array('d', [-64.8380859375, 0.0, 52.141210937500006, -0.8869140625])
array('d', [-63.811132812500006, 0.3267578125, 51.767773437500004, 0.046679687500000004])
array('d', [-63.811132812500006, 0.3267578125, 51.767773437500004, 0.046679687500000004])
array('d', [-63.811132812500006, 0.3267578125, 51.767773437500004, 0.56015625])
array('d', [-64.8380859375, -0.18671875000000002, 51.767773437500004, 0.56015625])
array('d', [-64.137890625, 0.37343750000000003, 52.6546875, -0.280078125])
array('d', [-64.137890625, -0.046679687500000004, 51.767773437500004, -0.9802734375000001])
array('d', [-65.2115234375, 0.42011718750000004, 51.767773437500004, -1.1669921875])
array('d', [-65.2115234375, 0.42011718750000004, 51.767773437500004, 0.280078125])
array('d', [-63.764453125, 0.0, 51.767773437500004, 0.280078125])
array('d', [-63.764453125, 0.0, 51.767773437500004, 0.280078125])
array('d', [-63.391015625, 0.1400390625, 52.187890625, -0.1400390625])
array('d', [-65.2115234375, -0.09335937500000001, 52.187890625, -0.1400390625])
array('d', [-65.2115234375, -0.09335937500000001, 52.187890625, -0.9802734375000001])
array('d', [-63.0642578125, -0.466796875, 51.767773437500004, -0.9802734375000001])
array('d', [-63.391015625, -0.046679687500000004, 51.34765625, -0.1400390625])
array('d', [-63.764453125, -0.09335937500000001, 52.187890625, 0.1400390625])
array('d', [-63.764453125, -0.046679687500000004, 52.28125, 0.046679687500000004])
array('d', [-64.137890625, -0.046679687500000004, 52.28125, 0.046679687500000004])
array('d', [-64.8380859375, -0.1400390625, 53.028125, -0.1400390625])
array('d', [-63.811132812500006, 0.37343750000000003, 52.141210937500006, -0.56015625])
array('d', [-63.811132812500006, 0.37343750000000003, 52.141210937500006, -0.56015625])
array('d', [-65.631640625, 0.42011718750000004, 52.141210937500006, -0.1400390625])
array('d', [-64.137890625, -0.3267578125, 51.814453125, -0.9802734375000001])
array('d', [-64.137890625, 0.18671875000000002, 52.6546875, 0.046679687500000004])
array('d', [-64.137890625, 0.18671875000000002, 52.6546875, 0.046679687500000004])
array('d', [-64.137890625, 0.18671875000000002, 52.6546875, 0.046679687500000004])
array('d', [-64.698046875, 0.18671875000000002, 52.187890625, -0.56015625])
array('d', [-64.55800781250001, -0.280078125, 52.187890625, -0.56015625])
array('d', [-63.764453125, 0.18671875000000002, 52.187890625, -0.56015625])
array('d', [-63.391015625, 0.37343750000000003, 51.3943359375, -0.1400390625])
array('d', [-63.391015625, 0.37343750000000003, 51.3943359375, 1.30703125])
array('d', [-64.4646484375, -0.046679687500000004, 52.9814453125, 1.30703125])
array('d', [-63.764453125, 0.1400390625, 51.814453125, -0.2333984375])
array('d', [-63.764453125, 0.1400390625, 51.814453125, 1.0736328125])
array('d', [-65.2115234375, 0.1400390625, 51.814453125, 1.0736328125])
array('d', [-63.764453125, -0.09335937500000001, 51.3943359375, -0.1400390625])
array('d', [-62.7841796875, -0.466796875, 52.187890625, -0.1400390625])
array('d', [-64.09121093750001, -0.046679687500000004, 52.187890625, -0.7468750000000001])
array('d', [-64.137890625, 0.1400390625, 50.9275390625, -0.56015625])
array('d', [-64.4646484375, -0.5134765625000001, 52.141210937500006, 0.09335937500000001])
array('d', [-64.4646484375, -0.09335937500000001, 52.187890625, -0.3267578125])
array('d', [-64.4646484375, -0.09335937500000001, 52.28125, 0.466796875])
array('d', [-64.41796875, -0.046679687500000004, 52.28125, 0.046679687500000004])
array('d', [-64.41796875, -0.046679687500000004, 52.28125, 0.046679687500000004])
array('d', [-64.41796875, -0.046679687500000004, 52.28125, 0.046679687500000004])
array('d', [-63.764453125, -0.09335937500000001, 52.561328125, 0.046679687500000004])
array('d', [-64.09121093750001, -0.5134765625000001, 52.187890625, 0.046679687500000004])
array('d', [-64.09121093750001, -0.3267578125, 52.187890625, 0.8869140625])
array('d', [-64.09121093750001, -0.3267578125, 52.187890625, 0.8869140625])
array('d', [-64.09121093750001, -0.3267578125, 52.187890625, 0.8869140625])
array('d', [-63.764453125, -0.466796875, 52.934765625000004, 0.046679687500000004])
array('d', [-63.391015625, -0.42011718750000004, 52.141210937500006, 0.466796875])
array('d', [-63.391015625, -0.42011718750000004, 52.141210937500006, 0.466796875])
array('d', [-64.4646484375, -0.280078125, 51.767773437500004, 0.466796875])
array('d', [-63.764453125, -0.046679687500000004, 51.767773437500004, -0.1400390625])
array('d', [-63.764453125, -0.5134765625000001, 51.767773437500004, 0.466796875])
array('d', [-63.764453125, -0.5134765625000001, 52.187890625, 0.466796875])
array('d', [-63.764453125, -0.5134765625000001, 52.187890625, 0.466796875])
array('d', [-63.811132812500006, 0.3267578125, 52.187890625, -0.37343750000000003])
array('d', [-63.017578125, 0.653515625, 51.767773437500004, 0.8869140625])
array('d', [-63.764453125, 0.42011718750000004, 51.3943359375, -0.2333984375])
array('d', [-63.764453125, 0.42011718750000004, 51.3943359375, -0.2333984375])
array('d', [-63.764453125, 0.42011718750000004, 51.3943359375, -0.2333984375])
array('d', [-63.764453125, 0.42011718750000004, 51.3943359375, -0.2333984375])
array('d', [-64.8380859375, -0.09335937500000001, 51.767773437500004, 0.046679687500000004])
array('d', [-64.8380859375, -0.09335937500000001, 51.34765625, 0.466796875])
array('d', [-64.55800781250001, -0.09335937500000001, 51.34765625, -0.56015625])
array('d', [-62.644140625000006, -0.280078125, 52.6546875, -0.56015625])
array('d', [-64.884765625, 0.18671875000000002, 51.34765625, 0.1400390625])
array('d', [-64.41796875, 0.0, 52.561328125, 0.280078125])
array('d', [-64.41796875, -0.046679687500000004, 51.3943359375, -0.56015625])
array('d', [-63.7177734375, -0.046679687500000004, 51.3943359375, -0.56015625])
array('d', [-63.811132812500006, 0.37343750000000003, 52.187890625, 0.1400390625])
array('d', [-64.8380859375, 0.18671875000000002, 52.141210937500006, -1.1669921875])
array('d', [-64.8380859375, 0.18671875000000002, 52.141210937500006, -1.1669921875])
array('d', [-65.8650390625, 0.42011718750000004, 51.767773437500004, 0.280078125])
array('d', [-65.8650390625, 0.42011718750000004, 51.767773437500004, -0.1400390625])
array('d', [-64.55800781250001, 0.2333984375, 51.72109375, -0.1400390625])
array('d', [-64.55800781250001, 0.2333984375, 51.72109375, -0.1400390625])
array('d', [-64.55800781250001, 0.2333984375, 51.72109375, -0.1400390625])
array('d', [-64.55800781250001, 0.2333984375, 51.72109375, -0.1400390625])
array('d', [-64.09121093750001, -0.046679687500000004, 53.401562500000004, -1.0736328125])
array('d', [-64.4646484375, 0.1400390625, 52.561328125, 0.09335937500000001])
array('d', [-63.484375, -0.09335937500000001, 51.3943359375, 0.653515625])
array('d', [-63.484375, -0.09335937500000001, 51.3943359375, 0.466796875])
array('d', [-63.764453125, 0.046679687500000004, 52.187890625, 0.466796875])
array('d', [-63.577734375000006, -0.046679687500000004, 52.5146484375, -0.2333984375])
array('d', [-63.577734375000006, -0.3267578125, 51.814453125, -0.1400390625])
array('d', [-63.577734375000006, -0.3267578125, 51.814453125, -0.1400390625])
array('d', [-63.391015625, -0.3267578125, 51.814453125, -0.1400390625])
array('d', [-63.0642578125, 0.653515625, 52.561328125, 0.466796875])
array('d', [-64.32460937500001, 0.42011718750000004, 52.6546875, 0.8869140625])
array('d', [-64.9314453125, 0.42011718750000004, 52.6546875, 0.8869140625])
array('d', [-64.9314453125, 0.42011718750000004, 52.6546875, 0.8869140625])
array('d', [-64.9314453125, 0.42011718750000004, 52.6546875, 0.8869140625])
array('d', [-64.9314453125, -0.046679687500000004, 52.187890625, -0.37343750000000003])
array('d', [-63.811132812500006, -0.046679687500000004, 51.767773437500004, 0.046679687500000004])
array('d', [-63.811132812500006, -0.046679687500000004, 52.187890625, 0.7001953125])
array('d', [-63.811132812500006, -0.046679687500000004, 52.187890625, -0.7468750000000001])
array('d', [-64.137890625, -0.046679687500000004, 52.187890625, 0.046679687500000004])
array('d', [-64.32460937500001, -0.046679687500000004, 51.767773437500004, 0.046679687500000004])
array('d', [-64.32460937500001, -0.046679687500000004, 51.767773437500004, 0.046679687500000004])
array('d', [-64.32460937500001, -0.046679687500000004, 51.767773437500004, 0.046679687500000004])
array('d', [-64.6513671875, 0.1400390625, 51.3943359375, -0.56015625])
array('d', [-64.55800781250001, -0.280078125, 52.6546875, -0.466796875])
array('d', [-64.55800781250001, -0.466796875, 51.767773437500004, -0.1400390625])
array('d', [-64.55800781250001, -0.466796875, 51.767773437500004, -0.1400390625])
array('d', [-64.55800781250001, -0.466796875, 51.767773437500004, -0.1400390625])
array('d', [-63.391015625, 0.09335937500000001, 51.34765625, 1.4937500000000001])
array('d', [-63.391015625, 0.09335937500000001, 51.34765625, 1.4937500000000001])
array('d', [-64.23125, 0.18671875000000002, 52.141210937500006, -0.3267578125])
array('d', [-64.23125, -0.5134765625000001, 51.300976562500004, -4.3412109375000005])
array('d', [-64.23125, -0.3267578125, 52.561328125, -0.7468750000000001])
array('d', [-64.23125, -0.3267578125, 52.561328125, -0.7468750000000001])
array('d', [-64.55800781250001, -0.3267578125, 52.561328125, -0.7468750000000001])
array('d', [-63.484375, -0.09335937500000001, 52.9814453125, 1.0736328125])
array('d', [-65.071484375, -0.046679687500000004, 51.72109375, -0.1400390625])
array('d', [-65.071484375, -0.046679687500000004, 51.72109375, 1.30703125])
array('d', [-64.23125, -0.18671875000000002, 52.187890625, 1.30703125])
array('d', [-63.484375, -0.466796875, 51.72109375, 0.280078125])
array('d', [-63.484375, -0.466796875, 51.767773437500004, 0.046679687500000004])
array('d', [-63.577734375000006, 0.42011718750000004, 51.767773437500004, 0.046679687500000004])
array('d', [-64.23125, -0.09335937500000001, 52.187890625, 0.280078125])
array('d', [-63.904492187500004, -0.280078125, 51.767773437500004, 0.280078125])
array('d', [-63.904492187500004, -0.280078125, 51.767773437500004, 0.7001953125])
array('d', [-64.884765625, 0.18671875000000002, 51.767773437500004, 0.7001953125])
array('d', [-64.32460937500001, 0.1400390625, 51.3943359375, 0.09335937500000001])
array('d', [-64.32460937500001, 0.1400390625, 51.34765625, -0.1400390625])
array('d', [-63.484375, -0.046679687500000004, 51.34765625, -0.1400390625])
array('d', [-63.904492187500004, -0.2333984375, 52.141210937500006, 0.046679687500000004])
array('d', [-63.484375, 0.18671875000000002, 51.3943359375, -0.56015625])
array('d', [-63.484375, 0.18671875000000002, 52.141210937500006, 0.046679687500000004])
array('d', [-64.23125, -0.2333984375, 52.141210937500006, 0.046679687500000004])
array('d', [-65.3048828125, -0.2333984375, 51.767773437500004, 0.046679687500000004])
array('d', [-65.3048828125, 0.6068359375, 51.767773437500004, 0.8869140625])
array('d', [-63.904492187500004, 0.2333984375, 51.767773437500004, 0.8869140625])
array('d', [-63.904492187500004, -0.046679687500000004, 52.141210937500006, 0.280078125])
array('d', [-62.410742187500006, 0.1400390625, 51.72109375, 0.046679687500000004])
array('d', [-64.23125, 0.09335937500000001, 52.187890625, -0.37343750000000003])
array('d', [-64.55800781250001, 0.3267578125, 51.767773437500004, -0.3267578125])
array('d', [-64.55800781250001, 0.3267578125, 52.141210937500006, -0.3267578125])
array('d', [-64.55800781250001, 0.1400390625, 52.141210937500006, -0.3267578125])
array('d', [-63.484375, -0.046679687500000004, 51.767773437500004, -0.3267578125])
array('d', [-62.7841796875, 0.09335937500000001, 52.9814453125, -0.37343750000000003])
array('d', [-63.484375, 0.09335937500000001, 52.187890625, 0.466796875])
array('d', [-63.484375, 0.09335937500000001, 52.187890625, -0.1400390625])
array('d', [-62.7841796875, -0.046679687500000004, 51.300976562500004, -0.1400390625])
array('d', [-62.7841796875, -0.046679687500000004, 51.300976562500004, -0.1400390625])
array('d', [-62.7841796875, -0.046679687500000004, 51.300976562500004, -0.1400390625])
array('d', [-65.3515625, -0.2333984375, 51.3943359375, -0.56015625])
array('d', [-65.3515625, -0.09335937500000001, 50.974218750000006, 0.653515625])
array('d', [-64.55800781250001, -0.09335937500000001, 50.974218750000006, 1.2603515625000001])
array('d', [-63.904492187500004, -0.09335937500000001, 50.974218750000006, 1.2603515625000001])
array('d', [-63.904492187500004, -0.09335937500000001, 50.974218750000006, 1.2603515625000001])
array('d', [-64.6513671875, -0.09335937500000001, 51.767773437500004, -0.1400390625])
array('d', [-64.6513671875, -0.09335937500000001, 51.767773437500004, 0.7001953125])
array('d', [-64.32460937500001, -0.046679687500000004, 51.441015625000006, 0.7001953125])
array('d', [-64.32460937500001, -0.046679687500000004, 51.441015625000006, 0.7001953125])
array('d', [-64.32460937500001, -0.046679687500000004, 51.441015625000006, 0.7001953125])
array('d', [-64.3712890625, 0.6068359375, 52.141210937500006, 0.8869140625])
array('d', [-64.9314453125, -0.280078125, 51.34765625, 0.280078125])
array('d', [-64.9314453125, -0.2333984375, 52.561328125, -0.1400390625])
array('d', [-63.811132812500006, -0.2333984375, 52.561328125, -0.1400390625])
array('d', [-63.811132812500006, -0.2333984375, 52.561328125, -0.1400390625])
array('d', [-62.830859375, 0.1400390625, 51.767773437500004, 1.0736328125])
array('d', [-64.6513671875, 0.6068359375, 52.141210937500006, -0.93359375])
array('d', [-64.6513671875, 0.6068359375, 52.141210937500006, 0.09335937500000001])
array('d', [-63.904492187500004, -0.046679687500000004, 52.141210937500006, 0.09335937500000001])
array('d', [-63.204296875000004, -0.046679687500000004, 52.6546875, 0.8869140625])
array('d', [-63.811132812500006, -0.046679687500000004, 52.141210937500006, 0.466796875])
array('d', [-63.811132812500006, -0.046679687500000004, 52.141210937500006, -0.9802734375000001])
array('d', [-65.3048828125, -0.42011718750000004, 51.3943359375, -0.9802734375000001])
array('d', [-63.0642578125, 0.0, 50.974218750000006, -0.37343750000000003])
array('d', [-63.0642578125, 0.0, 53.028125, -0.56015625])
array('d', [-64.9314453125, 0.5134765625000001, 53.028125, -0.56015625])
array('d', [-64.9314453125, 0.5134765625000001, 53.028125, -0.56015625])
array('d', [-64.23125, -0.466796875, 51.3943359375, 0.7001953125])
array('d', [-63.577734375000006, 0.18671875000000002, 51.767773437500004, -0.37343750000000003])
array('d', [-63.577734375000006, 0.42011718750000004, 51.767773437500004, 0.280078125])
array('d', [-63.577734375000006, 0.42011718750000004, 51.767773437500004, 0.280078125])
array('d', [-63.577734375000006, 0.42011718750000004, 51.767773437500004, 0.280078125])
array('d', [-63.904492187500004, 0.046679687500000004, 52.561328125, -0.1400390625])
array('d', [-64.55800781250001, -0.046679687500000004, 52.141210937500006, -0.7468750000000001])
array('d', [-64.55800781250001, 0.42011718750000004, 52.09453125, 0.2333984375])
array('d', [-64.7447265625, 0.42011718750000004, 52.09453125, 0.466796875])
array('d', [-63.764453125, 0.3267578125, 51.3943359375, 0.466796875])
array('d', [-64.3712890625, 0.42011718750000004, 51.767773437500004, 0.466796875])
array('d', [-63.671093750000004, 0.1400390625, 52.187890625, -0.37343750000000003])
array('d', [-63.764453125, 0.42011718750000004, 52.187890625, 0.046679687500000004])
array('d', [-63.764453125, 0.42011718750000004, 51.674414062500006, -0.1400390625])
array('d', [-63.671093750000004, 0.42011718750000004, 51.674414062500006, -0.1400390625])
array('d', [-63.671093750000004, 0.0, 52.5146484375, 0.280078125])
array('d', [-63.9978515625, 0.1400390625, 52.141210937500006, -0.3267578125])
array('d', [-63.9978515625, 0.1400390625, 52.141210937500006, 1.1669921875])
array('d', [-63.9978515625, 0.1400390625, 52.141210937500006, 1.1669921875])
array('d', [-65.1181640625, 0.42011718750000004, 52.561328125, 1.1669921875])
array('d', [-64.3712890625, 0.3267578125, 52.934765625000004, -0.56015625])
array('d', [-64.3712890625, 0.1400390625, 52.187890625, -0.1400390625])
array('d', [-64.3712890625, 0.280078125, 51.767773437500004, -0.3267578125])
array('d', [-64.32460937500001, 0.280078125, 51.767773437500004, -0.37343750000000003])
array('d', [-63.2509765625, -0.466796875, 52.141210937500006, -0.37343750000000003])
array('d', [-64.32460937500001, -0.466796875, 52.141210937500006, -0.37343750000000003])
array('d', [-64.32460937500001, -0.280078125, 52.141210937500006, 0.466796875])
array('d', [-64.3712890625, -0.09335937500000001, 52.141210937500006, 0.466796875])
array('d', [-62.55078125, -0.42011718750000004, 52.141210937500006, 0.09335937500000001])
array('d', [-63.764453125, -0.280078125, 52.561328125, -0.56015625])
array('d', [-63.671093750000004, 0.09335937500000001, 52.6546875, 0.466796875])
array('d', [-63.671093750000004, 0.09335937500000001, 51.767773437500004, 0.466796875])
array('d', [-63.9978515625, -0.09335937500000001, 51.767773437500004, 0.466796875])
array('d', [-64.511328125, -0.046679687500000004, 52.561328125, -0.7468750000000001])
array('d', [-64.09121093750001, 0.18671875000000002, 50.5541015625, -0.3267578125])
array('d', [-64.09121093750001, 0.1400390625, 52.9814453125, -0.7468750000000001])
array('d', [-64.09121093750001, 0.1400390625, 52.9814453125, -0.7468750000000001])
array('d', [-64.09121093750001, 0.1400390625, 52.9814453125, -0.7468750000000001])
array('d', [-63.437695312500004, -0.09335937500000001, 52.141210937500006, 0.653515625])
array('d', [-63.2509765625, -0.09335937500000001, 52.141210937500006, 0.653515625])
array('d', [-62.55078125, -0.280078125, 52.187890625, 0.653515625])
array('d', [-62.55078125, -0.280078125, 52.187890625, 0.653515625])
array('d', [-62.55078125, -0.280078125, 52.187890625, 0.653515625])
array('d', [-62.830859375, 0.09335937500000001, 51.767773437500004, 0.2333984375])
array('d', [-64.3712890625, 0.42011718750000004, 51.767773437500004, 0.7001953125])
array('d', [-63.9978515625, 0.3267578125, 51.767773437500004, -0.1400390625])
array('d', [-63.344335937500006, -0.2333984375, 50.974218750000006, -0.37343750000000003])
array('d', [-63.344335937500006, 0.3267578125, 50.974218750000006, -0.7468750000000001])
array('d', [-64.3712890625, 0.3267578125, 50.974218750000006, -0.3267578125])
array('d', [-64.3712890625, 0.3267578125, 50.974218750000006, -0.3267578125])
array('d', [-64.3712890625, 0.3267578125, 50.974218750000006, -0.3267578125])
array('d', [-64.6046875, 0.42011718750000004, 51.3943359375, -0.3267578125])
array('d', [-64.7447265625, -0.466796875, 52.187890625, -0.3267578125])
array('d', [-64.32460937500001, 0.3267578125, 52.934765625000004, 0.466796875])
array('d', [-64.32460937500001, 0.3267578125, 52.934765625000004, 0.466796875])
array('d', [-64.3712890625, -0.2333984375, 52.187890625, -0.93359375])
array('d', [-63.2509765625, -0.09335937500000001, 52.187890625, -0.9802734375000001])
array('d', [-64.3712890625, -0.2333984375, 51.3943359375, 0.653515625])
array('d', [-64.3712890625, -0.3267578125, 52.561328125, -0.1400390625])
array('d', [-62.970898437500004, -0.3267578125, 52.561328125, -0.3267578125])
array('d', [-63.9978515625, 0.42011718750000004, 51.767773437500004, -0.3267578125])
array('d', [-63.9978515625, 0.653515625, 52.561328125, -0.7468750000000001])
array('d', [-62.970898437500004, 0.3267578125, 51.3943359375, 0.2333984375])
array('d', [-63.904492187500004, -0.3267578125, 50.974218750000006, 0.046679687500000004])
array('d', [-63.904492187500004, -0.3267578125, 50.974218750000006, 0.046679687500000004])
array('d', [-63.904492187500004, -0.3267578125, 50.974218750000006, 0.046679687500000004])
array('d', [-63.904492187500004, -0.3267578125, 50.974218750000006, 0.046679687500000004])
array('d', [-65.071484375, -0.09335937500000001, 51.72109375, 0.046679687500000004])
array('d', [-64.09121093750001, 0.09335937500000001, 51.767773437500004, -0.9802734375000001])
array('d', [-64.09121093750001, 0.09335937500000001, 52.141210937500006, -0.1400390625])
array('d', [-64.3712890625, 0.1400390625, 50.974218750000006, -0.56015625])
array('d', [-63.2509765625, -0.280078125, 52.187890625, -0.046679687500000004])
array('d', [-64.09121093750001, -0.2333984375, 51.814453125, -0.3267578125])
array('d', [-64.09121093750001, -0.2333984375, 51.3943359375, 0.7001953125])
array('d', [-63.577734375000006, 0.09335937500000001, 51.3943359375, 0.7001953125])
array('d', [-62.037304687500004, 1.8205078125, 51.72109375, 0.046679687500000004])
array('d', [-62.037304687500004, 1.8205078125, 54.055078125, 1.6804687500000002])
array('d', [-60.1234375, 2.2873046875000003, 54.055078125, 4.387890625])
array('d', [-60.076757812500006, 4.2478515625, 55.6888671875, 4.387890625])
array('d', [-57.789453125, 5.3681640625, 56.7158203125, 4.387890625])
array('d', [-58.9564453125, 6.628515625, 58.1162109375, 6.3951171875])
array('d', [-58.9564453125, 7.188671875000001, 59.75, 5.881640625])
array('d', [-57.0892578125, 7.188671875000001, 59.75, 5.881640625])
array('d', [-55.268750000000004, 7.0953125, 60.403515625000004, 6.8619140625])
array('d', [-54.521875, 8.77578125, 59.75, 7.001953125])
array('d', [-54.521875, 8.77578125, 60.1234375, 7.7955078125])
array('d', [-53.634960937500004, 8.869140625, 60.1234375, 7.7955078125])
array('d', [-53.634960937500004, 8.869140625, 60.1234375, 7.7955078125])
array('d', [-53.541601562500006, 10.45625, 60.7302734375, 8.308984375])
array('d', [-53.21484375, 9.52265625, 62.270703125000004, 9.52265625])
array('d', [-53.21484375, 9.52265625, 62.270703125000004, 9.4759765625])
array('d', [-52.8880859375, 9.802734375, 61.897265625, 9.4759765625])
array('d', [-53.028125, 10.549609375000001, 61.477148437500006, 9.4759765625])
array('d', [-53.028125, 10.9697265625, 61.990625, 9.89609375])
array('d', [-52.841406250000006, 10.9697265625, 61.990625, 9.89609375])
array('d', [-52.841406250000006, 10.9697265625, 61.990625, 9.89609375])
array('d', [-52.841406250000006, 10.9697265625, 61.990625, 9.89609375])
array('d', [-52.841406250000006, 10.9697265625, 61.990625, 9.89609375])
array('d', [-52.9814453125, 11.343164062500001, 62.410742187500006, 10.45625])
array('d', [-52.374609375000006, 11.109765625000001, 62.504101562500004, 10.876367187500001])
array('d', [-51.8611328125, 10.876367187500001, 64.09121093750001, 10.549609375000001])
array('d', [-51.8611328125, 10.876367187500001, 64.09121093750001, 10.549609375000001])
array('d', [-51.8611328125, 10.876367187500001, 64.09121093750001, 10.549609375000001])
array('d', [-51.0208984375, 11.343164062500001, 62.55078125, 10.6896484375])
array('d', [-50.740820312500006, 12.13671875, 63.7177734375, 11.249804687500001])
array('d', [-50.740820312500006, 12.13671875, 63.7177734375, 11.716601562500001])
array('d', [-50.974218750000006, 12.13671875, 63.7177734375, 11.716601562500001])
array('d', [-50.9275390625, 12.4634765625, 62.7841796875, 11.716601562500001])
array('d', [-50.9275390625, 12.4634765625, 64.23125, 10.6896484375])
array('d', [-50.4140625, 13.0236328125, 64.23125, 10.6896484375])
array('d', [-50.4140625, 13.0236328125, 64.41796875, 11.809960937500001])
array('d', [-50.9275390625, 12.696875, 64.9314453125, 11.249804687500001])
array('d', [-49.433789062500004, 12.230078125, 64.9314453125, 11.249804687500001])
array('d', [-49.0603515625, 13.0703125, 63.29765625, 11.950000000000001])
array('d', [-49.0603515625, 13.0703125, 63.29765625, 11.950000000000001])
array('d', [-49.0603515625, 13.0703125, 63.29765625, 11.950000000000001])
array('d', [-49.0603515625, 13.0703125, 63.29765625, 11.950000000000001])
array('d', [-50.040625000000006, 13.537109375, 63.484375, 12.183398437500001])
array('d', [-49.900585937500004, 14.050585937500001, 63.017578125, 11.249804687500001])
array('d', [-49.900585937500004, 14.050585937500001, 63.0642578125, 11.9966796875])
array('d', [-49.900585937500004, 13.210351562500001, 63.0642578125, 11.9966796875])
array('d', [-49.107031250000006, 13.116992187500001, 63.344335937500006, 11.016406250000001])
array('d', [-49.107031250000006, 13.583789062500001, 61.523828125, 11.9033203125])
array('d', [-49.85390625, 13.583789062500001, 61.523828125, 11.9033203125])
array('d', [-49.387109375, 13.0236328125, 61.150390625, 11.6232421875])
array('d', [-49.2470703125, 13.210351562500001, 59.4232421875, 11.109765625000001])
array('d', [-49.2470703125, 12.883593750000001, 61.150390625, 10.45625])
array('d', [-48.966992187500004, 12.883593750000001, 61.150390625, 10.45625])
array('d', [-48.966992187500004, 12.883593750000001, 61.150390625, 10.45625])
array('d', [-48.966992187500004, 12.883593750000001, 61.150390625, 10.45625])
array('d', [-48.966992187500004, 12.883593750000001, 61.150390625, 10.45625])
array('d', [-48.966992187500004, 12.883593750000001, 61.150390625, 10.45625])
array('d', [-47.566601562500004, 13.4904296875, 60.870312500000004, 12.13671875])
array('d', [-47.566601562500004, 12.8369140625, 61.477148437500006, 10.876367187500001])
array('d', [-48.2201171875, 12.8369140625, 61.477148437500006, 10.876367187500001])
array('d', [-49.760546875, 12.976953125000001, 60.170117187500004, 11.716601562500001])
array('d', [-49.9939453125, 12.276757812500001, 59.703320312500004, 11.016406250000001])
array('d', [-49.9939453125, 12.276757812500001, 60.030078125, 11.0630859375])
array('d', [-50.974218750000006, 11.109765625000001, 60.030078125, 11.0630859375])
array('d', [-48.453515625, 11.109765625000001, 60.590234375, 10.9697265625])
array('d', [-50.1806640625, 11.76328125, 59.143164062500006, 12.3234375])
array('d', [-50.1806640625, 11.76328125, 59.18984375, 10.362890625])
array('d', [-50.367382812500004, 11.483203125000001, 59.18984375, 9.382617187500001])
array('d', [-49.947265625, 12.696875, 58.162890625, 9.382617187500001])
array('d', [-50.4607421875, 11.1564453125, 57.042578125000006, 10.2228515625])
array('d', [-50.133984375000004, 10.6896484375, 58.25625, 9.6626953125])
array('d', [-50.133984375000004, 11.203125, 57.9294921875, 9.89609375])
array('d', [-50.4607421875, 11.203125, 57.9294921875, 9.89609375])
array('d', [-50.7875, 11.109765625000001, 57.836132812500004, 9.242578125])
array('d', [-50.7875, 11.109765625000001, 57.836132812500004, 9.242578125])
array('d', [-50.7875, 11.109765625000001, 57.836132812500004, 9.242578125])
array('d', [-50.7875, 11.109765625000001, 57.836132812500004, 9.242578125])
array('d', [-50.600781250000004, 10.362890625, 57.836132812500004, 10.549609375000001])
array('d', [-50.040625000000006, 10.176171875, 56.482421875, 10.876367187500001])
array('d', [-50.040625000000006, 10.9697265625, 57.836132812500004, 9.242578125])
array('d', [-50.040625000000006, 10.9697265625, 57.836132812500004, 9.242578125])
array('d', [-50.880859375, 10.736328125, 56.6224609375, 9.055859375])
array('d', [-51.72109375, 11.6232421875, 55.268750000000004, 9.4759765625])
array('d', [-51.72109375, 11.6232421875, 55.268750000000004, 9.6626953125])
array('d', [-51.72109375, 11.6232421875, 55.268750000000004, 9.6626953125])
array('d', [-50.1806640625, 10.26953125, 56.0623046875, 7.935546875])
array('d', [-50.5541015625, 10.6896484375, 55.7822265625, 7.935546875])
array('d', [-51.1142578125, 11.203125, 55.08203125, 8.8224609375])
array('d', [-51.1142578125, 11.203125, 55.08203125, 8.8224609375])
array('d', [-51.1142578125, 11.203125, 55.08203125, 8.8224609375])
array('d', [-50.834179687500004, 10.2228515625, 54.3818359375, 8.3556640625])
array('d', [-50.4140625, 9.616015625000001, 55.3154296875, 9.52265625])
array('d', [-50.4140625, 10.362890625, 56.902539062500004, 8.40234375])
array('d', [-49.9939453125, 10.362890625, 56.902539062500004, 8.40234375])
array('d', [-49.807226562500006, 10.5962890625, 54.3818359375, 8.77578125])
array('d', [-50.367382812500004, 8.915820312500001, 54.6619140625, 9.055859375])
array('d', [-50.367382812500004, 8.915820312500001, 54.6619140625, 8.77578125])
array('d', [-49.387109375, 11.109765625000001, 53.494921875, 8.77578125])
array('d', [-49.387109375, 10.362890625, 53.074804687500006, 9.1025390625])
array('d', [-48.546875, 10.549609375000001, 54.708593750000006, 9.0091796875])
array('d', [-48.546875, 10.549609375000001, 54.708593750000006, 8.495703125])
array('d', [-48.733593750000004, 10.5029296875, 54.475195312500006, 8.495703125])
array('d', [-48.7802734375, 11.6232421875, 56.108984375000006, 8.682421875000001])
array('d', [-48.6869140625, 11.76328125, 54.3818359375, 9.3359375])
array('d', [-48.6869140625, 11.76328125, 54.3818359375, 9.5693359375])
array('d', [-48.6869140625, 11.576562500000001, 55.502148437500004, 9.5693359375])
array('d', [-48.453515625, 10.316210937500001, 54.8486328125, 9.429296875])
array('d', [-47.473242187500006, 10.876367187500001, 54.335156250000004, 9.429296875])
array('d', [-47.473242187500006, 10.876367187500001, 54.335156250000004, 9.055859375])
array('d', [-48.966992187500004, 11.343164062500001, 53.7283203125, 8.3556640625])
array('d', [-48.033398437500004, 11.1564453125, 54.7552734375, 9.2892578125])
array('d', [-48.033398437500004, 11.1564453125, 53.494921875, 8.215625000000001])
array('d', [-48.500195312500004, 10.6896484375, 53.494921875, 8.215625000000001])
array('d', [-48.266796875000004, 10.082812500000001, 53.775000000000006, 8.915820312500001])
array('d', [-48.7802734375, 9.7560546875, 53.074804687500006, 8.449023437500001])
array('d', [-48.7802734375, 9.7560546875, 53.074804687500006, 9.7560546875])
array('d', [-48.826953125, 10.642968750000001, 52.5146484375, 9.7560546875])
array('d', [-48.966992187500004, 10.45625, 51.767773437500004, 8.308984375])
array('d', [-48.873632812500006, 9.4759765625, 52.4212890625, 8.308984375])
array('d', [-48.873632812500006, 9.4759765625, 52.4212890625, 7.9822265625])
array('d', [-48.3134765625, 11.109765625000001, 51.627734375, 7.28203125])
array('d', [-49.1537109375, 10.923046875, 51.767773437500004, 8.0755859375])
array('d', [-49.1537109375, 10.923046875, 50.880859375, 7.748828125])
array('d', [-48.733593750000004, 9.382617187500001, 50.880859375, 7.748828125])
array('d', [-47.800000000000004, 10.0361328125, 50.507421875000006, 6.955273437500001])
array('d', [-48.640234375000006, 9.989453125, 51.814453125, 6.955273437500001])
array('d', [-48.1267578125, 11.4365234375, 49.807226562500006, 9.242578125])
array('d', [-47.893359375, 9.989453125, 50.320703125, 8.5423828125])
array('d', [-47.893359375, 9.989453125, 52.6546875, 6.955273437500001])
array('d', [-47.893359375, 9.989453125, 52.6546875, 6.955273437500001])
array('d', [-47.893359375, 9.989453125, 52.6546875, 6.955273437500001])
array('d', [-47.893359375, 9.989453125, 52.6546875, 6.955273437500001])
array('d', [-47.893359375, 9.989453125, 52.6546875, 6.955273437500001])
array('d', [-48.2201171875, 10.409570312500001, 52.6546875, 7.6087890625000005])
array('d', [-48.1267578125, 9.849414062500001, 50.274023437500006, 7.6087890625000005])
array('d', [-47.053125, 9.616015625000001, 49.900585937500004, 7.6087890625000005])
array('d', [-47.146484375, 9.616015625000001, 50.320703125, 9.382617187500001])
array('d', [-47.146484375, 9.6626953125, 50.320703125, 9.382617187500001])
array('d', [-48.406835937500006, 10.8296875, 50.694140625, 7.0486328125])
array('d', [-48.173437500000006, 10.082812500000001, 50.320703125, 8.495703125])
array('d', [-48.173437500000006, 10.082812500000001, 50.320703125, 6.4417968750000005])
array('d', [-47.893359375, 9.4759765625, 49.947265625, 6.4417968750000005])
array('d', [-47.6599609375, 10.2228515625, 49.9939453125, 8.682421875000001])
array('d', [-47.6599609375, 9.7560546875, 51.207617187500006, 7.562109375])
array('d', [-47.6599609375, 9.7560546875, 51.207617187500006, 7.562109375])
array('d', [-47.7533203125, 9.7560546875, 51.207617187500006, 7.6087890625000005])
array('d', [-47.706640625000006, 10.642968750000001, 50.274023437500006, 7.6087890625000005])
array('d', [-48.033398437500004, 9.1958984375, 49.760546875, 7.5154296875])
array('d', [-48.033398437500004, 9.1958984375, 49.760546875, 7.9822265625])
array('d', [-47.6599609375, 10.5029296875, 48.453515625, 7.9822265625])
array('d', [-47.473242187500006, 8.5423828125, 50.0873046875, 7.888867187500001])
array('d', [-47.98671875, 9.89609375, 49.387109375, 7.46875])
array('d', [-47.98671875, 9.89609375, 49.387109375, 7.8421875000000005])
array('d', [-48.3134765625, 9.709375, 49.900585937500004, 7.8421875000000005])
array('d', [-48.406835937500006, 8.8224609375, 47.239843750000006, 7.8421875000000005])
array('d', [-46.212890625, 10.2228515625, 46.8197265625, 7.1419921875000005])
array('d', [-47.566601562500004, 10.736328125, 48.966992187500004, 6.7685546875])
array('d', [-47.519921875, 10.409570312500001, 47.4265625, 6.815234375])
array('d', [-47.519921875, 10.409570312500001, 47.4265625, 6.815234375])
array('d', [-47.519921875, 10.409570312500001, 47.4265625, 6.815234375])
array('d', [-46.9130859375, 9.989453125, 47.473242187500006, 6.8619140625])
array('d', [-46.9130859375, 9.989453125, 47.8466796875, 6.9085937500000005])
array('d', [-47.98671875, 10.6896484375, 47.8466796875, 6.9085937500000005])
array('d', [-47.61328125, 10.2228515625, 46.8197265625, 8.1689453125])
array('d', [-47.61328125, 10.2228515625, 46.8197265625, 8.1689453125])
array('d', [-46.633007812500004, 10.45625, 48.3134765625, 7.5154296875])
array('d', [-46.633007812500004, 10.45625, 47.800000000000004, 8.495703125])
array('d', [-46.866406250000004, 10.26953125, 47.800000000000004, 8.495703125])
array('d', [-46.633007812500004, 10.1294921875, 47.706640625000006, 6.068359375])
array('d', [-46.866406250000004, 10.642968750000001, 48.7802734375, 7.562109375])
array('d', [-46.866406250000004, 9.989453125, 48.080078125, 8.122265625])
array('d', [-45.8861328125, 9.989453125, 48.080078125, 8.215625000000001])
array('d', [-44.5791015625, 11.0630859375, 48.080078125, 8.215625000000001])
array('d', [-44.905859375000006, 11.4365234375, 47.98671875, 8.308984375])
array('d', [-45.0458984375, 11.6232421875, 49.0603515625, 6.955273437500001])
array('d', [-45.0458984375, 11.6232421875, 48.546875, 8.5423828125])
array('d', [-45.839453125000006, 12.276757812500001, 48.546875, 8.5423828125])
array('d', [-45.559375, 10.2228515625, 50.1806640625, 9.709375])
array('d', [-44.4857421875, 10.2228515625, 50.1806640625, 9.709375])
array('d', [-44.4857421875, 10.2228515625, 50.1806640625, 9.709375])
array('d', [-44.4857421875, 11.343164062500001, 49.200390625000004, 9.7560546875])
array('d', [-44.532421875000004, 12.230078125, 48.826953125, 9.1025390625])
array('d', [-44.765820312500004, 12.13671875, 48.640234375000006, 9.242578125])
array('d', [-44.765820312500004, 12.13671875, 47.6599609375, 9.429296875])
array('d', [-43.598828125000004, 12.276757812500001, 47.6599609375, 9.429296875])
array('d', [-43.87890625, 12.696875, 47.6599609375, 9.429296875])
array('d', [-43.505468750000006, 12.0900390625, 48.500195312500004, 9.6626953125])
array('d', [-42.9453125, 12.696875, 49.573828125000006, 9.055859375])
array('d', [-42.9453125, 12.183398437500001, 48.173437500000006, 9.4759765625])
array('d', [-44.158984375, 12.183398437500001, 48.173437500000006, 8.9625])
array('d', [-43.412109375, 13.210351562500001, 47.7533203125, 8.9625])
array('d', [-43.6455078125, 13.350390625000001, 48.266796875000004, 9.3359375])
array('d', [-44.25234375, 12.976953125000001, 47.3798828125, 9.055859375])
array('d', [-44.25234375, 13.677148437500001, 48.873632812500006, 9.616015625000001])
array('d', [-42.338476562500006, 12.416796875000001, 47.333203125000004, 8.3556640625])
array('d', [-42.338476562500006, 12.416796875000001, 47.333203125000004, 8.3556640625])
array('d', [-42.9453125, 13.817187500000001, 48.873632812500006, 10.409570312500001])
array('d', [-42.9453125, 13.443750000000001, 47.1931640625, 8.495703125])
array('d', [-42.0583984375, 11.716601562500001, 48.5935546875, 9.055859375])
array('d', [-42.0583984375, 11.716601562500001, 48.5935546875, 8.5890625])
array('d', [-41.2181640625, 13.0703125, 47.6599609375, 8.5890625])
array('d', [-42.898632812500004, 12.696875, 46.959765625, 9.149218750000001])
array('d', [-42.7119140625, 13.350390625000001, 47.6599609375, 9.429296875])
array('d', [-42.7119140625, 13.350390625000001, 47.6599609375, 8.5890625])
array('d', [-42.5251953125, 14.190625, 45.0458984375, 8.495703125])
array('d', [-42.6185546875, 12.276757812500001, 46.49296875, 9.382617187500001])
array('d', [-42.6185546875, 12.276757812500001, 46.959765625, 9.149218750000001])
array('d', [-41.264843750000004, 11.296484375, 46.959765625, 9.149218750000001])
array('d', [-42.9919921875, 14.470703125, 47.1931640625, 9.616015625000001])
array('d', [-42.898632812500004, 12.416796875000001, 47.8466796875, 8.3556640625])
array('d', [-42.898632812500004, 12.416796875000001, 47.473242187500006, 9.616015625000001])
array('d', [-42.338476562500006, 12.416796875000001, 47.473242187500006, 9.616015625000001])
array('d', [-41.171484375000006, 11.6232421875, 45.8861328125, 8.869140625])
array('d', [-42.2451171875, 12.230078125, 44.765820312500004, 9.9427734375])
array('d', [-42.2451171875, 13.210351562500001, 45.699414062500004, 8.215625000000001])
array('d', [-41.638281250000006, 13.210351562500001, 45.699414062500004, 8.215625000000001])
array('d', [-42.105078125000006, 12.510156250000001, 45.4193359375, 9.149218750000001])
array('d', [-41.2181640625, 12.743554687500001, 45.4193359375, 5.554882812500001])
array('d', [-41.358203125, 11.296484375, 45.699414062500004, 7.9822265625])
array('d', [-41.358203125, 11.6232421875, 46.49296875, 7.748828125])
array('d', [-42.851953125, 11.6232421875, 46.49296875, 7.748828125])
array('d', [-41.6849609375, 11.203125, 46.2595703125, 8.7291015625])
array('d', [-41.6849609375, 12.696875, 45.466015625000004, 7.7021484375])
array('d', [-40.798046875000004, 11.9966796875, 44.439062500000006, 9.149218750000001])
array('d', [-40.564648437500004, 13.0236328125, 44.719140625, 8.2623046875])
array('d', [-40.1912109375, 13.537109375, 44.8591796875, 8.2623046875])
array('d', [-40.1912109375, 13.537109375, 44.8591796875, 8.2623046875])
array('d', [-40.1912109375, 13.537109375, 44.8591796875, 8.2623046875])
array('d', [-40.7513671875, 13.3037109375, 44.9525390625, 7.6087890625000005])
array('d', [-41.6849609375, 12.976953125000001, 44.719140625, 8.8224609375])
array('d', [-41.965039062500004, 12.5568359375, 44.439062500000006, 8.40234375])
array('d', [-41.965039062500004, 12.5568359375, 44.439062500000006, 8.40234375])
array('d', [-41.965039062500004, 12.5568359375, 46.773046875000006, 8.495703125])
array('d', [-40.89140625, 11.950000000000001, 46.773046875000006, 8.449023437500001])
array('d', [-41.965039062500004, 12.416796875000001, 45.5126953125, 8.449023437500001])
array('d', [-41.4515625, 12.696875, 44.9525390625, 8.308984375])
array('d', [-41.4515625, 12.696875, 43.272070312500006, 8.215625000000001])
array('d', [-40.89140625, 12.650195312500001, 43.272070312500006, 8.215625000000001])
array('d', [-39.77109375, 12.043359375000001, 44.4857421875, 7.9822265625])
array('d', [-41.4515625, 11.296484375, 44.5791015625, 7.562109375])
array('d', [-41.4515625, 13.350390625000001, 43.038671875000006, 5.881640625])
array('d', [-41.731640625000004, 13.350390625000001, 43.038671875000006, 5.881640625])
array('d', [-42.478515625, 11.6232421875, 44.672460937500006, 8.122265625])
array('d', [-41.2181640625, 11.249804687500001, 44.158984375, 8.02890625])
array('d', [-41.2181640625, 11.249804687500001, 43.365429687500004, 7.0953125])
array('d', [-40.89140625, 11.016406250000001, 43.365429687500004, 7.0953125])
array('d', [-40.89140625, 11.016406250000001, 43.365429687500004, 7.0953125])
array('d', [-41.3115234375, 11.716601562500001, 42.6185546875, 6.815234375])
array('d', [-41.498242187500004, 11.76328125, 43.412109375, 7.2353515625])
array('d', [-40.4712890625, 11.716601562500001, 42.198437500000004, 7.3287109375])
array('d', [-40.4712890625, 11.716601562500001, 42.198437500000004, 7.3287109375])
array('d', [-40.611328125, 12.0900390625, 42.478515625, 6.9085937500000005])
array('d', [-41.2181640625, 12.5568359375, 42.01171875, 6.2083984375000005])
array('d', [-41.2181640625, 12.5568359375, 42.01171875, 7.2353515625])
array('d', [-40.984765625, 11.856640625, 42.805273437500006, 7.2353515625])
array('d', [-40.9380859375, 11.9966796875, 42.75859375, 7.001953125])
array('d', [-40.984765625, 11.856640625, 42.5251953125, 7.748828125])
array('d', [-40.984765625, 11.856640625, 42.5251953125, 7.2353515625])
array('d', [-40.7046875, 11.4365234375, 42.6185546875, 7.2353515625])
array('d', [-39.77109375, 11.016406250000001, 42.851953125, 7.7955078125])
array('d', [-39.864453125000004, 13.443750000000001, 41.6849609375, 7.2353515625])
array('d', [-39.8177734375, 11.856640625, 42.5251953125, 6.721875000000001])
array('d', [-39.8177734375, 12.976953125000001, 41.498242187500004, 6.2083984375000005])
array('d', [-38.8841796875, 12.976953125000001, 41.498242187500004, 7.001953125])
array('d', [-40.798046875000004, 12.0900390625, 41.171484375000006, 7.001953125])
array('d', [-39.77109375, 11.856640625, 43.225390625, 6.5818359375])
array('d', [-39.631054687500004, 11.483203125000001, 41.871679687500006, 8.5423828125])
array('d', [-39.631054687500004, 11.483203125000001, 40.798046875000004, 6.628515625])
array('d', [-40.2845703125, 11.950000000000001, 40.798046875000004, 6.628515625])
array('d', [-40.8447265625, 11.9033203125, 41.731640625000004, 6.6751953125000005])
array('d', [-40.8447265625, 11.9033203125, 41.731640625000004, 6.6751953125000005])
array('d', [-40.051171875, 12.230078125, 40.3779296875, 6.6751953125000005])
array('d', [-39.864453125000004, 11.343164062500001, 40.3779296875, 6.6751953125000005])
array('d', [-40.0044921875, 11.0630859375, 40.7046875, 5.2748046875000005])
array('d', [-40.237890625, 11.0630859375, 41.3115234375, 6.068359375])
array('d', [-40.237890625, 10.923046875, 41.3115234375, 6.068359375])
array('d', [-41.171484375000006, 10.642968750000001, 40.6580078125, 5.1814453125])
array('d', [-38.8841796875, 10.26953125, 40.1912109375, 6.9085937500000005])
array('d', [-38.8841796875, 10.26953125, 40.1912109375, 6.9085937500000005])
array('d', [-38.8841796875, 10.26953125, 40.1912109375, 6.9085937500000005])
array('d', [-38.8841796875, 10.26953125, 40.1912109375, 6.9085937500000005])
array('d', [-39.77109375, 11.109765625000001, 40.798046875000004, 6.5818359375])
array('d', [-39.77109375, 11.109765625000001, 40.798046875000004, 6.5818359375])
array('d', [-39.5376953125, 11.483203125000001, 39.77109375, 6.3484375])
array('d', [-39.9578125, 12.0900390625, 40.89140625, 6.3484375])
array('d', [-39.9578125, 12.0900390625, 40.237890625, 5.6482421875])
array('d', [-40.097851562500004, 10.736328125, 40.237890625, 5.6482421875])
array('d', [-39.631054687500004, 11.856640625, 40.6580078125, 6.628515625])
array('d', [-39.631054687500004, 11.856640625, 40.6580078125, 6.628515625])
array('d', [-39.631054687500004, 11.856640625, 40.6580078125, 6.628515625])
array('d', [-39.631054687500004, 11.856640625, 40.6580078125, 6.628515625])
array('d', [-39.631054687500004, 11.856640625, 40.6580078125, 6.628515625])
array('d', [-40.097851562500004, 11.76328125, 39.864453125000004, 6.955273437500001])
array('d', [-39.491015625, 10.736328125, 40.331250000000004, 5.694921875])
array('d', [-39.117578125, 11.669921875, 40.331250000000004, 7.1419921875000005])
array('d', [-39.117578125, 11.669921875, 40.331250000000004, 7.1419921875000005])
array('d', [-39.117578125, 11.669921875, 40.331250000000004, 7.1419921875000005])
array('d', [-39.117578125, 11.669921875, 40.331250000000004, 7.1419921875000005])
array('d', [-39.677734375, 11.76328125, 40.8447265625, 6.2083984375000005])
array('d', [-39.677734375, 11.76328125, 39.77109375, 6.9085937500000005])
array('d', [-37.15703125, 11.809960937500001, 39.77109375, 6.9085937500000005])
array('d', [-37.15703125, 11.809960937500001, 39.77109375, 6.9085937500000005])
array('d', [-37.15703125, 11.809960937500001, 39.77109375, 6.9085937500000005])
array('d', [-37.997265625000004, 12.3701171875, 40.51796875, 5.881640625])
array('d', [-38.697460937500004, 11.950000000000001, 39.8177734375, 6.8619140625])
array('d', [-38.9775390625, 13.25703125, 39.8177734375, 5.554882812500001])
array('d', [-38.9775390625, 13.25703125, 39.8177734375, 5.554882812500001])
array('d', [-38.9775390625, 13.25703125, 39.8177734375, 5.554882812500001])
array('d', [-38.9775390625, 13.25703125, 39.8177734375, 5.554882812500001])
array('d', [-38.0439453125, 11.716601562500001, 39.584375, 5.788281250000001])
array('d', [-37.90390625, 12.043359375000001, 39.677734375, 6.628515625])
array('d', [-37.90390625, 11.76328125, 39.677734375, 6.955273437500001])
array('d', [-37.90390625, 11.76328125, 39.677734375, 6.955273437500001])
array('d', [-37.90390625, 11.76328125, 39.677734375, 6.955273437500001])
array('d', [-37.90390625, 11.76328125, 39.677734375, 6.955273437500001])
array('d', [-37.90390625, 11.76328125, 39.677734375, 6.955273437500001])
array('d', [-38.557421875, 11.76328125, 39.9111328125, 6.2083984375000005])
array('d', [-38.183984375, 12.790234375, 39.9111328125, 6.3951171875])
array('d', [-38.3240234375, 10.409570312500001, 41.031445312500004, 6.3951171875])
array('d', [-37.810546875, 12.13671875, 39.117578125, 6.16171875])
array('d', [-37.8572265625, 11.109765625000001, 38.6041015625, 6.255078125000001])
array('d', [-38.1373046875, 11.76328125, 39.584375, 5.5082031250000005])
array('d', [-38.1373046875, 11.76328125, 39.584375, 5.5082031250000005])
array('d', [-38.1373046875, 11.76328125, 39.584375, 5.5082031250000005])
array('d', [-38.1373046875, 11.76328125, 39.584375, 5.5082031250000005])
array('d', [-39.2576171875, 12.0900390625, 40.51796875, 6.16171875])
array('d', [-40.0044921875, 12.276757812500001, 38.183984375, 6.488476562500001])
array('d', [-40.0044921875, 12.0900390625, 38.464062500000004, 6.628515625])
array('d', [-40.0044921875, 12.0900390625, 38.464062500000004, 6.628515625])
array('d', [-40.0044921875, 12.0900390625, 38.464062500000004, 6.628515625])
array('d', [-37.34375, 11.1564453125, 39.304296875, 5.788281250000001])
array('d', [-37.34375, 11.1564453125, 39.304296875, 5.788281250000001])
array('d', [-38.370703125, 12.0900390625, 39.677734375, 5.881640625])
array('d', [-38.370703125, 12.0900390625, 39.677734375, 5.881640625])
array('d', [-38.370703125, 12.0900390625, 39.677734375, 5.881640625])
array('d', [-38.370703125, 12.0900390625, 39.677734375, 5.881640625])
array('d', [-38.3240234375, 13.25703125, 38.6041015625, 7.8421875000000005])
array('d', [-38.930859375000004, 12.13671875, 38.6041015625, 7.8421875000000005])
array('d', [-37.3904296875, 11.950000000000001, 38.744140625, 6.2083984375000005])
array('d', [-37.3904296875, 11.950000000000001, 38.744140625, 6.2083984375000005])
array('d', [-37.3904296875, 11.950000000000001, 38.744140625, 6.2083984375000005])
array('d', [-37.3904296875, 12.3701171875, 39.77109375, 6.53515625])
array('d', [-36.7369140625, 12.696875, 38.8375, 5.788281250000001])
array('d', [-36.7369140625, 12.696875, 38.8375, 6.9085937500000005])
array('d', [-36.7369140625, 12.696875, 38.8375, 6.9085937500000005])
array('d', [-36.690234375, 12.510156250000001, 40.51796875, 6.815234375])
array('d', [-38.183984375, 13.116992187500001, 40.51796875, 6.815234375])
array('d', [-37.90390625, 12.3701171875, 40.097851562500004, 7.46875])
array('d', [-37.90390625, 12.3701171875, 40.097851562500004, 7.46875])
array('d', [-37.90390625, 12.3701171875, 40.097851562500004, 7.46875])
array('d', [-37.90390625, 12.3701171875, 40.097851562500004, 7.46875])
array('d', [-35.756640625, 13.210351562500001, 40.097851562500004, 7.001953125])
array('d', [-36.2701171875, 14.517382812500001, 40.051171875, 7.46875])
array('d', [-36.2701171875, 14.657421875, 38.557421875, 6.8619140625])
array('d', [-35.569921875, 14.657421875, 38.557421875, 6.8619140625])
array('d', [-35.5232421875, 13.583789062500001, 38.65078125, 7.1419921875000005])
array('d', [-35.6166015625, 13.8638671875, 39.02421875, 6.2083984375000005])
array('d', [-35.6166015625, 13.443750000000001, 39.631054687500004, 6.815234375])
array('d', [-35.6166015625, 13.443750000000001, 39.631054687500004, 6.815234375])
array('d', [-35.4765625, 13.443750000000001, 39.631054687500004, 6.815234375])
array('d', [-34.7763671875, 13.0703125, 38.744140625, 7.1419921875000005])
array('d', [-35.429882812500004, 14.283984375000001, 39.491015625, 7.6087890625000005])
array('d', [-35.429882812500004, 13.4904296875, 38.9775390625, 6.8619140625])
array('d', [-36.2234375, 13.4904296875, 38.9775390625, 6.8619140625])
array('d', [-36.830273437500004, 13.443750000000001, 39.304296875, 6.3017578125])
array('d', [-34.54296875, 13.210351562500001, 38.7908203125, 7.8421875000000005])
array('d', [-35.0564453125, 13.163671875, 38.930859375000004, 6.53515625])
array('d', [-35.896679687500004, 13.8638671875, 36.2234375, 6.7685546875])
array('d', [-35.009765625, 13.8638671875, 36.2234375, 6.7685546875])
array('d', [-35.009765625, 13.8638671875, 36.2234375, 6.7685546875])
array('d', [-35.009765625, 12.743554687500001, 38.3240234375, 6.721875000000001])
array('d', [-35.6166015625, 12.790234375, 37.530468750000004, 6.721875000000001])
array('d', [-34.91640625, 11.343164062500001, 37.530468750000004, 6.488476562500001])
array('d', [-34.91640625, 11.343164062500001, 37.530468750000004, 6.488476562500001])
array('d', [-36.503515625, 13.63046875, 37.4837890625, 6.2083984375000005])
array('d', [-35.943359375, 13.3037109375, 37.15703125, 5.9283203125])
array('d', [-35.943359375, 13.3037109375, 37.1103515625, 5.8349609375])
array('d', [-36.5501953125, 12.790234375, 37.1103515625, 5.8349609375])
array('d', [-34.35625, 12.8369140625, 36.6435546875, 4.9947265625])
array('d', [-36.363476562500004, 11.38984375, 36.7369140625, 9.9427734375])
array('d', [-36.363476562500004, 11.38984375, 36.7369140625, 6.255078125000001])
array('d', [-34.8697265625, 13.116992187500001, 36.03671875, 6.255078125000001])
array('d', [-34.8697265625, 13.9572265625, 38.0439453125, 5.5082031250000005])
array('d', [-34.54296875, 13.9572265625, 38.0439453125, 5.5082031250000005])
array('d', [-34.029492187500004, 13.116992187500001, 36.78359375, 5.3681640625])
array('d', [-34.54296875, 14.050585937500001, 36.9236328125, 5.7416015625000005])
array('d', [-34.54296875, 14.050585937500001, 36.9236328125, 5.7416015625000005])
array('d', [-35.383203125, 13.163671875, 36.7369140625, 6.3017578125])
array('d', [-33.889453125, 13.116992187500001, 37.997265625000004, 5.321484375000001])
array('d', [-33.889453125, 13.116992187500001, 37.997265625000004, 5.321484375000001])
array('d', [-33.889453125, 13.116992187500001, 37.997265625000004, 5.321484375000001])
array('d', [-34.16953125, 13.7705078125, 36.9236328125, 6.5818359375])
array('d', [-34.16953125, 13.7705078125, 36.9236328125, 6.5818359375])
array('d', [-33.9828125, 13.583789062500001, 37.15703125, 5.6482421875])
array('d', [-33.9828125, 13.583789062500001, 37.15703125, 5.6482421875])
array('d', [-33.9828125, 13.583789062500001, 37.15703125, 5.6482421875])
array('d', [-33.9828125, 13.583789062500001, 37.15703125, 5.6482421875])
array('d', [-35.103125, 13.817187500000001, 36.6435546875, 6.6751953125000005])
array('d', [-33.3759765625, 13.4904296875, 37.063671875000004, 6.488476562500001])
array('d', [-32.955859375, 14.097265625, 37.623828125, 5.9750000000000005])
array('d', [-32.955859375, 14.097265625, 37.623828125, 5.9750000000000005])
array('d', [-33.609375, 13.4904296875, 37.063671875000004, 4.8546875])
array('d', [-33.609375, 13.25703125, 37.250390625, 5.3681640625])
array('d', [-33.9361328125, 14.470703125, 37.3904296875, 6.3951171875])
array('d', [-33.9361328125, 14.470703125, 37.250390625, 6.2083984375000005])
array('d', [-32.862500000000004, 14.3306640625, 37.250390625, 6.2083984375000005])
array('d', [-33.609375, 13.4904296875, 37.0169921875, 6.2083984375000005])
array('d', [-33.702734375, 13.9572265625, 38.27734375, 6.721875000000001])
array('d', [-34.2162109375, 13.537109375, 35.85, 6.16171875])
array('d', [-31.8822265625, 12.510156250000001, 35.7099609375, 6.8619140625])
array('d', [-31.8822265625, 12.510156250000001, 35.7099609375, 6.8619140625])
array('d', [-33.329296875000004, 12.976953125000001, 36.6435546875, 5.41484375])
array('d', [-33.702734375, 13.723828125, 37.34375, 6.815234375])
array('d', [-33.702734375, 13.723828125, 37.34375, 5.134765625])
array('d', [-34.076171875, 13.817187500000001, 36.503515625, 5.134765625])
array('d', [-33.609375, 13.350390625000001, 35.756640625, 6.815234375])
array('d', [-32.67578125, 12.790234375, 35.5232421875, 5.0414062500000005])
array('d', [-32.67578125, 13.817187500000001, 36.130078125000004, 6.3017578125])
array('d', [-33.2359375, 13.817187500000001, 36.130078125000004, 4.948046875])
array('d', [-33.42265625, 13.443750000000001, 35.383203125, 4.948046875])
array('d', [-32.8158203125, 12.743554687500001, 35.383203125, 6.6751953125000005])
array('d', [-32.8158203125, 12.743554687500001, 35.1498046875, 5.7416015625000005])
array('d', [-33.1892578125, 13.537109375, 35.1498046875, 5.7416015625000005])
array('d', [-32.208984375, 12.276757812500001, 36.503515625, 5.6015625])
array('d', [-32.862500000000004, 13.443750000000001, 36.503515625, 4.9947265625])
array('d', [-32.862500000000004, 13.443750000000001, 36.503515625, 6.16171875])
array('d', [-33.329296875000004, 13.8638671875, 37.5771484375, 6.16171875])
array('d', [-32.7224609375, 13.4904296875, 35.1498046875, 3.8277343750000004])
array('d', [-33.04921875, 13.210351562500001, 35.383203125, 6.068359375])
array('d', [-33.04921875, 13.210351562500001, 35.383203125, 6.068359375])
array('d', [-33.04921875, 13.210351562500001, 35.383203125, 4.761328125])
array('d', [-32.0689453125, 12.696875, 35.756640625, 4.761328125])
array('d', [-33.095898437500004, 13.3037109375, 34.1228515625, 6.6751953125000005])
array('d', [-33.095898437500004, 13.3037109375, 34.1228515625, 6.6751953125000005])
array('d', [-33.095898437500004, 13.3037109375, 34.1228515625, 6.6751953125000005])
array('d', [-33.095898437500004, 13.3037109375, 34.1228515625, 6.6751953125000005])
array('d', [-33.095898437500004, 13.3037109375, 34.1228515625, 6.6751953125000005])
array('d', [-33.095898437500004, 13.3037109375, 34.1228515625, 6.6751953125000005])
array('d', [-33.095898437500004, 13.3037109375, 34.1228515625, 6.6751953125000005])
array('d', [-33.562695312500004, 14.657421875, 35.569921875, 5.3681640625])
array('d', [-32.862500000000004, 12.4634765625, 35.28984375, 5.0880859375])
array('d', [-32.862500000000004, 12.4634765625, 35.0564453125, 4.8080078125000005])
array('d', [-32.0689453125, 13.7705078125, 35.0564453125, 4.8080078125000005])
array('d', [-31.8822265625, 13.817187500000001, 35.756640625, 5.1814453125])
array('d', [-32.582421875, 12.743554687500001, 35.8033203125, 3.54765625])
array('d', [-32.582421875, 14.470703125, 35.7099609375, 6.2083984375000005])
array('d', [-32.582421875, 14.470703125, 35.7099609375, 6.2083984375000005])
array('d', [-32.582421875, 14.470703125, 35.7099609375, 6.2083984375000005])
array('d', [-32.208984375, 14.190625, 34.16953125, 4.66796875])
array('d', [-33.329296875000004, 14.4240234375, 34.449609375, 5.134765625])
array('d', [-32.30234375, 14.4240234375, 34.449609375, 5.134765625])
array('d', [-31.275390625, 13.116992187500001, 35.196484375000004, 5.5082031250000005])
array('d', [-31.275390625, 13.537109375, 35.0564453125, 6.8619140625])
array('d', [-32.0689453125, 13.537109375, 35.0564453125, 6.8619140625])
array('d', [-32.022265625, 14.4240234375, 34.35625, 6.8619140625])
array('d', [-31.788867187500003, 13.537109375, 34.54296875, 5.134765625])
array('d', [-31.788867187500003, 13.537109375, 34.54296875, 3.9210937500000003])
array('d', [-32.0689453125, 12.743554687500001, 34.54296875, 3.9210937500000003])
array('d', [-30.855273437500003, 12.743554687500001, 34.54296875, 3.9210937500000003])
array('d', [-30.855273437500003, 12.743554687500001, 34.54296875, 3.9210937500000003])
array('d', [-30.855273437500003, 12.743554687500001, 34.54296875, 3.9210937500000003])
array('d', [-30.855273437500003, 12.790234375, 34.1228515625, 5.788281250000001])
array('d', [-31.9755859375, 13.677148437500001, 33.9361328125, 5.321484375000001])
array('d', [-32.2556640625, 13.9572265625, 34.5896484375, 4.8546875])
array('d', [-32.2556640625, 13.9572265625, 34.5896484375, 4.8546875])
array('d', [-31.555468750000003, 13.350390625000001, 34.2162109375, 3.641015625])
array('d', [-31.4154296875, 13.0236328125, 34.029492187500004, 5.5082031250000005])
array('d', [-31.4154296875, 12.790234375, 33.562695312500004, 5.5082031250000005])
array('d', [-31.088671875000003, 12.790234375, 33.562695312500004, 5.5082031250000005])
array('d', [-31.8822265625, 14.517382812500001, 34.3095703125, 4.8080078125000005])
array('d', [-31.835546875000002, 13.116992187500001, 34.4029296875, 4.1544921875])
array('d', [-31.835546875000002, 13.0703125, 33.889453125, 5.41484375])
array('d', [-32.022265625, 13.0703125, 33.889453125, 5.41484375])
array('d', [-31.0419921875, 12.603515625, 33.3759765625, 4.9013671875])
array('d', [-31.788867187500003, 13.0236328125, 33.3759765625, 4.9947265625])
array('d', [-31.788867187500003, 12.9302734375, 33.1892578125, 4.1078125000000005])
array('d', [-31.835546875000002, 12.9302734375, 33.1892578125, 5.228125])
array('d', [-30.2951171875, 14.2373046875, 32.862500000000004, 5.228125])
array('d', [-30.7619140625, 13.25703125, 33.4693359375, 4.29453125])
array('d', [-30.7619140625, 13.3970703125, 32.862500000000004, 4.66796875])
array('d', [-31.088671875000003, 13.3970703125, 32.862500000000004, 4.3412109375000005])
array('d', [-30.5751953125, 15.544335937500001, 34.729687500000004, 4.3412109375000005])
array('d', [-31.2287109375, 14.4240234375, 33.702734375, 4.2478515625])
array('d', [-31.088671875000003, 14.190625, 32.862500000000004, 4.5279296875])
array('d', [-31.088671875000003, 14.190625, 33.3759765625, 6.9085937500000005])
array('d', [-30.4818359375, 14.143945312500001, 33.3759765625, 6.9085937500000005])
array('d', [-30.9953125, 13.4904296875, 33.329296875000004, 5.7416015625000005])
array('d', [-29.968359375000002, 14.5640625, 32.4423828125, 5.5082031250000005])
array('d', [-31.322070312500003, 14.377343750000001, 33.609375, 4.761328125])
array('d', [-31.322070312500003, 14.377343750000001, 33.609375, 6.1150390625])
array('d', [-29.734960937500002, 13.817187500000001, 33.4693359375, 6.1150390625])
array('d', [-30.201757812500002, 13.9572265625, 32.30234375, 5.228125])
array('d', [-28.7080078125, 13.0236328125, 33.9828125, 5.0880859375])
array('d', [-28.7080078125, 13.0236328125, 33.9828125, 4.5279296875])
array('d', [-30.621875000000003, 14.5640625, 32.955859375, 4.5279296875])
array('d', [-30.155078125000003, 14.2373046875, 33.796093750000004, 4.5746093750000005])
array('d', [-30.155078125000003, 14.2373046875, 33.796093750000004, 4.5746093750000005])
array('d', [-31.088671875000003, 14.657421875, 32.862500000000004, 2.8474609375])
array('d', [-30.5751953125, 13.4904296875, 32.67578125, 5.321484375000001])
array('d', [-30.5751953125, 13.4904296875, 32.67578125, 3.8744140625])
array('d', [-30.5751953125, 13.4904296875, 32.67578125, 3.8744140625])
array('d', [-30.5751953125, 13.4904296875, 32.67578125, 3.8744140625])
array('d', [-30.5751953125, 13.4904296875, 32.67578125, 3.8744140625])
array('d', [-31.135351562500002, 14.190625, 33.2359375, 4.1078125000000005])
array('d', [-31.135351562500002, 14.190625, 33.2359375, 3.7810546875])
array('d', [-30.715234375, 13.25703125, 31.555468750000003, 3.7810546875])
array('d', [-31.088671875000003, 13.25703125, 31.555468750000003, 5.321484375000001])
array('d', [-30.2484375, 13.0703125, 32.5357421875, 4.014453125])
array('d', [-30.06171875, 13.583789062500001, 33.562695312500004, 3.8744140625])
array('d', [-30.341796875, 14.517382812500001, 31.368750000000002, 3.7810546875])
array('d', [-30.341796875, 14.517382812500001, 31.368750000000002, 4.948046875])
array('d', [-30.2484375, 13.9572265625, 30.435156250000002, 4.948046875])
array('d', [-30.1083984375, 13.4904296875, 31.648828125, 3.0341796875])
array('d', [-30.80859375, 13.63046875, 32.208984375, 3.3609375000000004])
array('d', [-30.80859375, 13.63046875, 32.208984375, 4.48125])
array('d', [-30.0150390625, 13.163671875, 32.67578125, 4.48125])
array('d', [-30.0150390625, 13.163671875, 32.67578125, 4.48125])
array('d', [-30.0150390625, 13.163671875, 32.67578125, 4.48125])
array('d', [-30.0150390625, 13.163671875, 32.67578125, 4.48125])
array('d', [-29.921679687500003, 14.190625, 30.7619140625, 4.66796875])
array('d', [-30.388476562500003, 13.817187500000001, 31.18203125, 3.3609375000000004])
array('d', [-30.388476562500003, 15.217578125000001, 31.648828125, 3.7810546875])
array('d', [-30.388476562500003, 15.217578125000001, 31.648828125, 3.7810546875])
array('d', [-28.0078125, 13.8638671875, 31.7421875, 4.1544921875])
array('d', [-28.0078125, 14.470703125, 31.5087890625, 4.2478515625])
array('d', [-28.801367187500002, 14.470703125, 31.5087890625, 4.2478515625])
array('d', [-28.801367187500002, 14.470703125, 31.5087890625, 4.2478515625])
array('d', [-28.801367187500002, 14.470703125, 31.5087890625, 4.2478515625])
array('d', [-28.801367187500002, 14.470703125, 31.5087890625, 4.2478515625])
array('d', [-28.6146484375, 14.3306640625, 30.80859375, 5.1814453125])
array('d', [-29.034765625000002, 14.377343750000001, 33.609375, 4.201171875])
array('d', [-28.38125, 15.310937500000001, 33.609375, 4.201171875])
array('d', [-29.221484375000003, 14.5640625, 33.562695312500004, 4.9013671875])
array('d', [-27.7744140625, 13.677148437500001, 31.6955078125, 5.0414062500000005])
array('d', [-28.8947265625, 14.984179687500001, 32.30234375, 5.0414062500000005])
array('d', [-28.8947265625, 14.984179687500001, 32.30234375, 5.0414062500000005])
array('d', [-28.8947265625, 14.984179687500001, 32.30234375, 5.0414062500000005])
array('d', [-28.8947265625, 14.984179687500001, 32.30234375, 5.0414062500000005])
array('d', [-28.1478515625, 13.8638671875, 32.022265625, 5.41484375])
array('d', [-28.19453125, 15.217578125000001, 31.7421875, 4.201171875])
array('d', [-28.19453125, 15.217578125000001, 31.7421875, 3.7810546875])
array('d', [-28.19453125, 15.217578125000001, 31.7421875, 3.7810546875])
array('d', [-28.19453125, 15.217578125000001, 31.7421875, 3.7810546875])
array('d', [-28.38125, 13.9572265625, 31.4154296875, 6.7685546875])
array('d', [-27.7744140625, 13.9572265625, 31.4154296875, 6.7685546875])
array('d', [-29.5482421875, 14.00390625, 29.968359375000002, 3.3609375000000004])
array('d', [-29.034765625000002, 13.210351562500001, 31.135351562500002, 4.6212890625])
array('d', [-29.501562500000002, 13.210351562500001, 30.668554687500002, 3.6876953125000003])
array('d', [-29.501562500000002, 13.210351562500001, 30.7619140625, 3.3609375000000004])
array('d', [-27.7744140625, 13.723828125, 30.7619140625, 3.3609375000000004])
array('d', [-29.734960937500002, 13.25703125, 30.341796875, 2.9408203125])
array('d', [-29.688281250000003, 13.4904296875, 31.462109375, 3.6876953125000003])
array('d', [-29.968359375000002, 14.00390625, 30.901953125000002, 3.080859375])
array('d', [-28.287890625000003, 13.7705078125, 30.5751953125, 2.9875000000000003])
array('d', [-28.2412109375, 14.143945312500001, 30.9953125, 2.9408203125])
array('d', [-28.2412109375, 14.143945312500001, 30.9953125, 2.9408203125])
array('d', [-28.2412109375, 14.143945312500001, 30.9953125, 2.9408203125])
array('d', [-28.2412109375, 14.143945312500001, 30.9953125, 2.9408203125])
array('d', [-28.661328125, 13.7705078125, 30.715234375, 4.66796875])
array('d', [-28.054492187500003, 13.7705078125, 31.135351562500002, 3.9677734375])
array('d', [-28.1478515625, 13.583789062500001, 31.2287109375, 5.41484375])
array('d', [-28.1478515625, 13.583789062500001, 31.2287109375, 5.41484375])
array('d', [-28.054492187500003, 12.743554687500001, 30.80859375, 3.4542968750000003])
array('d', [-27.167578125000002, 14.00390625, 31.088671875000003, 4.7146484375])
array('d', [-26.934179687500002, 13.9572265625, 32.115625, 5.41484375])
array('d', [-26.934179687500002, 13.9572265625, 31.275390625, 4.4345703125])
array('d', [-27.400976562500002, 15.544335937500001, 31.275390625, 4.4345703125])
array('d', [-28.2412109375, 14.7041015625, 30.715234375, 5.2748046875000005])
array('d', [-26.467382812500002, 15.2642578125, 30.5751953125, 4.2478515625])
array('d', [-26.467382812500002, 15.2642578125, 30.5751953125, 4.6212890625])
array('d', [-26.887500000000003, 15.12421875, 31.835546875000002, 4.6212890625])
array('d', [-25.673828125, 15.077539062500001, 31.648828125, 4.948046875])
array('d', [-25.673828125, 15.077539062500001, 31.4154296875, 5.6482421875])
array('d', [-26.8408203125, 14.3306640625, 31.4154296875, 5.6482421875])
array('d', [-27.354296875000003, 14.00390625, 31.0419921875, 4.014453125])
array('d', [-27.7744140625, 14.097265625, 31.368750000000002, 5.41484375])
array('d', [-27.7744140625, 14.097265625, 31.368750000000002, 5.41484375])
array('d', [-26.794140625, 14.050585937500001, 28.8947265625, 5.134765625])
array('d', [-26.794140625, 14.050585937500001, 28.8947265625, 5.0880859375])
array('d', [-26.654101562500003, 15.077539062500001, 30.4818359375, 3.6876953125000003])
array('d', [-26.654101562500003, 15.077539062500001, 30.4818359375, 4.7146484375])
array('d', [-27.400976562500002, 14.283984375000001, 30.2484375, 4.7146484375])
array('d', [-26.000585937500002, 13.9572265625, 29.3615234375, 3.8744140625])
array('d', [-26.000585937500002, 13.9572265625, 29.3615234375, 3.8744140625])
array('d', [-26.000585937500002, 13.9572265625, 29.3615234375, 3.8744140625])
array('d', [-26.000585937500002, 13.9572265625, 29.3615234375, 3.8744140625])
array('d', [-26.5607421875, 14.097265625, 29.921679687500003, 3.3609375000000004])
array('d', [-27.120898437500003, 14.470703125, 29.968359375000002, 3.9677734375])
array('d', [-27.4943359375, 14.00390625, 30.06171875, 3.8277343750000004])
array('d', [-27.4943359375, 14.00390625, 30.06171875, 3.8277343750000004])
array('d', [-27.541015625, 13.3970703125, 30.7619140625, 6.53515625])
array('d', [-25.767187500000002, 14.050585937500001, 29.221484375000003, 4.387890625])
array('d', [-25.767187500000002, 14.050585937500001, 29.221484375000003, 4.1078125000000005])
array('d', [-25.767187500000002, 14.750781250000001, 30.06171875, 4.1078125000000005])
array('d', [-26.794140625, 14.4240234375, 29.734960937500002, 4.201171875])
array('d', [-26.000585937500002, 14.4240234375, 29.734960937500002, 2.333984375])
array('d', [-26.000585937500002, 14.190625, 29.734960937500002, 2.333984375])
array('d', [-26.000585937500002, 14.190625, 29.734960937500002, 2.333984375])
array('d', [-25.3470703125, 14.844140625000001, 29.781640625, 4.5279296875])
array('d', [-25.3470703125, 14.377343750000001, 30.2484375, 3.4076171875])
array('d', [-26.32734375, 14.7974609375, 30.4818359375, 4.761328125])
array('d', [-26.32734375, 14.7974609375, 30.4818359375, 4.761328125])
array('d', [-26.32734375, 14.7974609375, 30.4818359375, 4.761328125])
array('d', [-26.700781250000002, 15.077539062500001, 30.06171875, 4.7146484375])
array('d', [-26.187304687500003, 15.49765625, 30.715234375, 7.655468750000001])
array('d', [-26.187304687500003, 14.9375, 30.621875000000003, 4.201171875])
array('d', [-25.8138671875, 14.9375, 30.621875000000003, 4.201171875])
array('d', [-25.487109375000003, 14.050585937500001, 30.2951171875, 5.554882812500001])
array('d', [-24.786914062500003, 15.12421875, 29.688281250000003, 4.5746093750000005])
array('d', [-24.786914062500003, 15.12421875, 29.688281250000003, 4.5746093750000005])
array('d', [-24.786914062500003, 15.12421875, 29.688281250000003, 4.5746093750000005])
array('d', [-24.786914062500003, 15.12421875, 29.688281250000003, 4.5746093750000005])
array('d', [-25.8138671875, 15.7310546875, 29.8283203125, 3.8744140625])
array('d', [-25.8138671875, 15.030859375, 29.268164062500002, 3.9210937500000003])
array('d', [-26.607421875, 15.030859375, 29.268164062500002, 3.9210937500000003])
array('d', [-26.607421875, 15.030859375, 29.268164062500002, 3.9210937500000003])
array('d', [-26.607421875, 15.030859375, 29.268164062500002, 3.9210937500000003])
array('d', [-26.140625, 14.9375, 29.268164062500002, 4.29453125])
array('d', [-24.646875, 13.4904296875, 29.268164062500002, 4.29453125])
array('d', [-25.6271484375, 14.8908203125, 29.921679687500003, 4.3412109375000005])
array('d', [-26.5140625, 14.3306640625, 29.5482421875, 2.7541015625000003])
array('d', [-26.5140625, 13.4904296875, 28.8947265625, 4.6212890625])
array('d', [-26.7474609375, 13.4904296875, 28.8947265625, 4.6212890625])
array('d', [-25.953906250000003, 12.5568359375, 28.0078125, 3.267578125])
array('d', [-26.607421875, 14.097265625, 28.4279296875, 1.6804687500000002])
array('d', [-27.0275390625, 13.7705078125, 28.8947265625, 3.17421875])
array('d', [-27.0275390625, 13.7705078125, 28.8947265625, 3.17421875])
array('d', [-26.32734375, 13.0703125, 27.7744140625, 4.201171875])
array('d', [-26.5607421875, 12.743554687500001, 26.7474609375, 3.080859375])
array('d', [-26.5607421875, 12.743554687500001, 28.287890625000003, 1.7271484375000001])
array('d', [-26.794140625, 13.443750000000001, 28.287890625000003, 1.7271484375000001])
array('d', [-26.654101562500003, 12.3701171875, 28.6146484375, 3.9677734375])
array('d', [-26.654101562500003, 13.443750000000001, 27.634375000000002, 3.5943359375000004])
array('d', [-26.8408203125, 13.443750000000001, 27.634375000000002, 3.5943359375000004])
array('d', [-27.587695312500003, 13.723828125, 27.354296875000003, 4.0611328125])
array('d', [-27.587695312500003, 13.723828125, 27.354296875000003, 4.0611328125])
array('d', [-26.5607421875, 13.7705078125, 28.6146484375, 2.8474609375])
array('d', [-26.5607421875, 13.7705078125, 27.6810546875, 1.7271484375000001])
array('d', [-25.673828125, 14.5640625, 27.6810546875, 1.7271484375000001])
array('d', [-25.673828125, 14.5640625, 27.6810546875, 1.7271484375000001])
array('d', [-25.673828125, 14.5640625, 27.6810546875, 1.7271484375000001])
array('d', [-26.0939453125, 14.143945312500001, 28.988085937500003, 3.9677734375])
array('d', [-25.767187500000002, 14.050585937500001, 27.4943359375, 4.014453125])
array('d', [-25.253710937500003, 13.4904296875, 29.128125, 4.1078125000000005])
array('d', [-25.253710937500003, 13.4904296875, 29.454882812500003, 4.3412109375000005])
array('d', [-24.180078125, 13.350390625000001, 29.454882812500003, 4.3412109375000005])
array('d', [-24.4134765625, 14.3306640625, 28.334570312500002, 4.5746093750000005])
array('d', [-24.740234375, 14.3306640625, 28.848046875, 3.3142578125])
array('d', [-24.740234375, 14.3306640625, 28.848046875, 3.3142578125])
array('d', [-24.6935546875, 15.217578125000001, 28.801367187500002, 4.9013671875])
array('d', [-24.600195312500002, 14.377343750000001, 28.6146484375, 3.267578125])
array('d', [-24.600195312500002, 14.377343750000001, 29.268164062500002, 4.3412109375000005])
array('d', [-24.086718750000003, 15.077539062500001, 29.268164062500002, 4.3412109375000005])
array('d', [-25.1603515625, 13.910546875000001, 29.1748046875, 3.080859375])
array('d', [-24.6935546875, 14.2373046875, 29.8283203125, 3.17421875])
array('d', [-24.6935546875, 14.2373046875, 29.8283203125, 3.17421875])
array('d', [-26.140625, 14.3306640625, 27.914453125, 4.387890625])
array('d', [-24.926953125, 13.583789062500001, 28.0078125, 4.5746093750000005])
array('d', [-24.926953125, 13.583789062500001, 28.0078125, 4.5746093750000005])
array('d', [-24.5068359375, 13.350390625000001, 28.0078125, 4.5746093750000005])
array('d', [-24.5068359375, 13.350390625000001, 26.2806640625, 3.3609375000000004])
array('d', [-25.20703125, 14.190625, 27.6810546875, 3.3609375000000004])
array('d', [-25.253710937500003, 14.190625, 27.867773437500002, 3.5009765625])
array('d', [-25.487109375000003, 13.817187500000001, 27.867773437500002, 3.5009765625])
array('d', [-25.487109375000003, 13.817187500000001, 27.867773437500002, 3.5009765625])
array('d', [-25.487109375000003, 13.817187500000001, 27.867773437500002, 3.5009765625])
array('d', [-25.487109375000003, 13.817187500000001, 27.867773437500002, 3.5009765625])
array('d', [-25.487109375000003, 13.817187500000001, 27.867773437500002, 3.5009765625])
array('d', [-25.487109375000003, 13.817187500000001, 27.4943359375, 4.0611328125])
array('d', [-24.8802734375, 13.8638671875, 28.2412109375, 1.9138671875000002])
array('d', [-24.8802734375, 13.8638671875, 27.7744140625, 2.4740234375])
array('d', [-24.2267578125, 13.8638671875, 27.7744140625, 2.4740234375])
array('d', [-25.8138671875, 14.143945312500001, 26.3740234375, 4.0611328125])
array('d', [-24.9736328125, 14.844140625000001, 26.7474609375, 3.5009765625])
array('d', [-24.6935546875, 14.190625, 28.054492187500003, 3.0341796875])
array('d', [-24.6935546875, 14.190625, 28.054492187500003, 3.0341796875])
array('d', [-24.6935546875, 15.2642578125, 26.5607421875, 2.333984375])
array('d', [-26.000585937500002, 15.2642578125, 26.5607421875, 2.333984375])
array('d', [-23.2931640625, 14.7974609375, 27.634375000000002, 3.17421875])
array('d', [-24.133398437500002, 14.7974609375, 27.634375000000002, 3.17421875])
array('d', [-24.133398437500002, 14.7974609375, 27.634375000000002, 3.17421875])
array('d', [-24.133398437500002, 14.7974609375, 27.634375000000002, 3.17421875])
array('d', [-24.133398437500002, 15.684375000000001, 24.646875, 6.021679687500001])
array('d', [-24.086718750000003, 15.217578125000001, 28.4279296875, 4.014453125])
array('d', [-22.966406250000002, 14.3306640625, 28.521289062500003, 4.387890625])
array('d', [-22.966406250000002, 14.3306640625, 28.521289062500003, 4.387890625])
array('d', [-22.966406250000002, 14.3306640625, 28.521289062500003, 4.387890625])
array('d', [-22.966406250000002, 14.3306640625, 28.521289062500003, 4.387890625])
array('d', [-22.966406250000002, 14.3306640625, 28.521289062500003, 4.387890625])
array('d', [-22.312890625, 15.030859375, 28.474609375, 4.387890625])
array('d', [-22.312890625, 14.00390625, 28.7080078125, 4.387890625])
array('d', [-23.153125000000003, 14.00390625, 28.7080078125, 4.387890625])
array('d', [-23.153125000000003, 14.00390625, 28.7080078125, 4.387890625])
array('d', [-22.733007812500002, 15.12421875, 29.221484375000003, 4.6212890625])
array('d', [-22.452929687500003, 15.3576171875, 29.221484375000003, 4.6212890625])
array('d', [-23.4798828125, 14.9375, 27.914453125, 4.29453125])
array('d', [-23.4798828125, 14.750781250000001, 29.034765625000002, 3.7810546875])
array('d', [-22.3595703125, 14.750781250000001, 29.034765625000002, 5.0880859375])
array('d', [-23.153125000000003, 14.470703125, 27.3076171875, 5.0880859375])
array('d', [-23.153125000000003, 14.610742187500001, 27.7744140625, 4.201171875])
array('d', [-23.153125000000003, 14.610742187500001, 27.7744140625, 4.201171875])
array('d', [-23.153125000000003, 14.610742187500001, 27.7744140625, 4.201171875])
array('d', [-23.153125000000003, 14.610742187500001, 27.7744140625, 4.201171875])
array('d', [-23.71328125, 14.9375, 27.634375000000002, 4.0611328125])
array('d', [-23.71328125, 15.030859375, 28.054492187500003, 3.3142578125])
array('d', [-23.5265625, 15.030859375, 28.054492187500003, 2.9408203125])
array('d', [-23.71328125, 13.9572265625, 26.654101562500003, 2.9408203125])
array('d', [-24.366796875000002, 13.210351562500001, 27.167578125000002, 4.2478515625])
array('d', [-24.2267578125, 13.210351562500001, 26.934179687500002, 2.6607421875000004])
array('d', [-24.2267578125, 13.210351562500001, 26.934179687500002, 2.6607421875000004])
array('d', [-24.2267578125, 13.210351562500001, 26.934179687500002, 2.6607421875000004])
array('d', [-24.2267578125, 13.210351562500001, 26.934179687500002, 2.6607421875000004])
array('d', [-24.2267578125, 13.677148437500001, 26.420703125000003, 2.9408203125])
array('d', [-23.853320312500003, 13.0703125, 26.187304687500003, 2.4740234375])
array('d', [-23.853320312500003, 13.116992187500001, 25.066992187500002, 3.3609375000000004])
array('d', [-23.853320312500003, 13.116992187500001, 25.066992187500002, 3.3609375000000004])
array('d', [-23.853320312500003, 13.116992187500001, 25.066992187500002, 3.3609375000000004])
array('d', [-24.9736328125, 13.443750000000001, 25.58046875, 2.1939453125])
array('d', [-25.1603515625, 13.443750000000001, 25.58046875, 2.1939453125])
array('d', [-25.487109375000003, 12.230078125, 26.5607421875, 1.587109375])
array('d', [-25.39375, 12.230078125, 26.5607421875, 1.587109375])
array('d', [-25.39375, 12.230078125, 26.5607421875, 1.587109375])
array('d', [-25.39375, 12.650195312500001, 25.533789062500002, 2.1939453125])
array('d', [-24.2734375, 13.210351562500001, 25.20703125, 2.9875000000000003])
array('d', [-24.926953125, 13.0703125, 25.953906250000003, 2.7541015625000003])
array('d', [-24.926953125, 13.0703125, 25.953906250000003, 1.9605468750000001])
array('d', [-24.133398437500002, 13.210351562500001, 26.3740234375, 1.9605468750000001])
array('d', [-24.46015625, 13.63046875, 25.533789062500002, 2.240625])
array('d', [-23.619921875000003, 14.097265625, 25.20703125, 3.17421875])
array('d', [-22.919726562500003, 13.677148437500001, 25.39375, 4.1544921875])
array('d', [-22.919726562500003, 13.677148437500001, 25.39375, 4.1544921875])
array('d', [-23.7599609375, 13.7705078125, 26.5607421875, 3.734375])
array('d', [-23.853320312500003, 13.583789062500001, 26.794140625, 2.42734375])
array('d', [-25.20703125, 14.2373046875, 26.607421875, 3.8277343750000004])
array('d', [-25.20703125, 14.2373046875, 26.607421875, 4.66796875])
array('d', [-22.312890625, 13.910546875000001, 27.07421875, 4.66796875])
array('d', [-23.386523437500003, 14.00390625, 26.5140625, 3.9210937500000003])
array('d', [-23.33984375, 14.00390625, 26.5140625, 3.9210937500000003])
array('d', [-23.2931640625, 13.677148437500001, 27.2142578125, 3.6876953125000003])
array('d', [-23.2931640625, 13.677148437500001, 27.2142578125, 3.6876953125000003])
array('d', [-23.2931640625, 13.677148437500001, 27.2142578125, 3.6876953125000003])
array('d', [-23.993359375, 12.883593750000001, 25.113671875, 2.240625])
array('d', [-22.499609375000002, 14.2373046875, 25.253710937500003, 3.641015625])
array('d', [-22.499609375000002, 14.2373046875, 25.253710937500003, 3.641015625])
array('d', [-22.733007812500002, 13.350390625000001, 25.58046875, 3.641015625])
array('d', [-22.733007812500002, 13.350390625000001, 25.58046875, 3.641015625])
array('d', [-22.733007812500002, 13.350390625000001, 26.794140625, 2.9875000000000003])
array('d', [-22.733007812500002, 15.217578125000001, 26.794140625, 3.0341796875])
array('d', [-23.5732421875, 14.377343750000001, 26.2806640625, 3.0341796875])
array('d', [-23.5732421875, 14.377343750000001, 26.2806640625, 3.0341796875])
array('d', [-23.5732421875, 14.377343750000001, 26.2806640625, 3.0341796875])
array('d', [-23.5732421875, 12.8369140625, 25.58046875, 3.17421875])
array('d', [-21.659375, 13.25703125, 25.487109375000003, 2.2873046875000003])
array('d', [-23.246484375, 13.350390625000001, 25.953906250000003, 2.8474609375])
array('d', [-23.246484375, 13.350390625000001, 25.953906250000003, 2.8474609375])
array('d', [-23.246484375, 13.350390625000001, 25.953906250000003, 2.8474609375])
array('d', [-23.246484375, 13.350390625000001, 25.953906250000003, 2.8474609375])
array('d', [-23.059765625, 13.4904296875, 26.187304687500003, 2.3806640625])
array('d', [-23.059765625, 13.4904296875, 25.020312500000003, 4.014453125])
array('d', [-23.2931640625, 13.583789062500001, 25.020312500000003, 4.014453125])
array('d', [-22.3595703125, 14.143945312500001, 25.3470703125, 4.3412109375000005])
array('d', [-21.47265625, 14.3306640625, 26.607421875, 4.2478515625])
array('d', [-21.47265625, 14.3306640625, 26.607421875, 4.2478515625])
array('d', [-22.452929687500003, 14.7041015625, 25.533789062500002, 2.9408203125])
array('d', [-22.686328125000003, 14.5640625, 26.607421875, 3.4542968750000003])
array('d', [-22.686328125000003, 14.5640625, 25.066992187500002, 2.9408203125])
array('d', [-23.246484375, 16.0578125, 25.066992187500002, 2.9408203125])
array('d', [-23.806640625, 14.4240234375, 25.860546875, 4.387890625])
array('d', [-23.806640625, 14.4240234375, 27.120898437500003, 5.9283203125])
array('d', [-21.799414062500002, 14.2373046875, 27.120898437500003, 5.9283203125])
array('d', [-21.4259765625, 14.7041015625, 25.673828125, 4.29453125])
array('d', [-21.566015625000002, 14.750781250000001, 26.654101562500003, 5.321484375000001])
array('d', [-21.566015625000002, 14.750781250000001, 26.654101562500003, 5.321484375000001])
array('d', [-20.3056640625, 15.077539062500001, 25.720507812500003, 3.7810546875])
array('d', [-20.399023437500002, 15.217578125000001, 26.32734375, 5.0414062500000005])
array('d', [-21.332617187500002, 15.12421875, 26.32734375, 5.0414062500000005])
array('d', [-21.332617187500002, 15.12421875, 26.233984375000002, 5.228125])
array('d', [-19.885546875, 15.077539062500001, 26.3740234375, 4.7146484375])
array('d', [-20.9125, 15.6376953125, 27.2609375, 5.228125])
array('d', [-20.9125, 15.6376953125, 27.2609375, 5.228125])
array('d', [-20.5390625, 15.684375000000001, 26.32734375, 3.080859375])
array('d', [-20.5390625, 15.964453125, 26.700781250000002, 4.66796875])
array('d', [-21.566015625000002, 15.964453125, 26.700781250000002, 4.66796875])
array('d', [-20.445703125, 14.984179687500001, 28.101171875000002, 4.761328125])
array('d', [-21.4259765625, 14.190625, 25.8138671875, 5.134765625])
array('d', [-21.4259765625, 14.190625, 26.2806640625, 3.6876953125000003])
array('d', [-21.752734375000003, 13.210351562500001, 26.2806640625, 3.6876953125000003])
array('d', [-20.865820312500002, 14.9375, 26.467382812500002, 4.9013671875])
array('d', [-20.865820312500002, 14.143945312500001, 25.300390625000002, 3.9677734375])
array('d', [-20.865820312500002, 14.143945312500001, 25.673828125, 4.29453125])
array('d', [-20.819140625000003, 14.050585937500001, 25.673828125, 4.29453125])
array('d', [-21.659375, 15.077539062500001, 25.9072265625, 3.4076171875])
array('d', [-21.6126953125, 14.4240234375, 25.39375, 4.1544921875])
array('d', [-21.6126953125, 14.4240234375, 25.39375, 4.4345703125])
array('d', [-22.032812500000002, 14.377343750000001, 24.8802734375, 4.4345703125])
array('d', [-21.4259765625, 14.097265625, 24.320117187500003, 4.5746093750000005])
array('d', [-21.4259765625, 13.7705078125, 25.020312500000003, 3.8277343750000004])
array('d', [-20.35234375, 13.7705078125, 25.020312500000003, 3.8277343750000004])
array('d', [-21.7060546875, 15.077539062500001, 25.300390625000002, 4.7146484375])
array('d', [-21.7060546875, 14.9375, 24.926953125, 4.66796875])
array('d', [-20.4923828125, 14.9375, 24.926953125, 5.41484375])
array('d', [-20.1189453125, 15.12421875, 25.8138671875, 5.41484375])
array('d', [-20.5390625, 13.7705078125, 25.767187500000002, 3.6876953125000003])
array('d', [-19.885546875, 15.404296875, 25.673828125, 4.387890625])
array('d', [-21.4259765625, 15.7310546875, 25.673828125, 4.387890625])
array('d', [-21.4259765625, 15.7310546875, 26.047265625, 4.5279296875])
array('d', [-20.585742187500003, 15.7310546875, 24.46015625, 5.0880859375])
array('d', [-20.7724609375, 15.077539062500001, 25.533789062500002, 4.3412109375000005])
array('d', [-20.7724609375, 14.470703125, 25.533789062500002, 5.134765625])
array('d', [-20.3056640625, 14.470703125, 26.233984375000002, 5.134765625])
array('d', [-19.232031250000002, 15.404296875, 26.047265625, 4.66796875])
array('d', [-19.60546875, 14.4240234375, 25.253710937500003, 4.9947265625])
array('d', [-19.60546875, 14.4240234375, 25.253710937500003, 4.9947265625])
array('d', [-19.60546875, 14.4240234375, 25.253710937500003, 4.9947265625])
array('d', [-19.60546875, 14.4240234375, 25.253710937500003, 4.9947265625])
array('d', [-19.60546875, 14.4240234375, 25.4404296875, 4.3412109375000005])
array('d', [-18.8119140625, 14.5640625, 26.000585937500002, 4.8546875])
array('d', [-20.585742187500003, 14.5640625, 26.000585937500002, 4.8546875])
array('d', [-19.7921875, 15.1708984375, 25.9072265625, 3.9210937500000003])
array('d', [-19.6521484375, 14.9375, 26.654101562500003, 4.48125])
array('d', [-20.3056640625, 13.7705078125, 24.46015625, 4.6212890625])
array('d', [-20.3056640625, 13.7705078125, 24.46015625, 5.0880859375])
array('d', [-20.5390625, 14.7974609375, 26.140625, 4.1544921875])
array('d', [-21.939453125, 14.7974609375, 25.066992187500002, 4.7146484375])
array('d', [-19.1853515625, 14.5640625, 25.066992187500002, 4.7146484375])
array('d', [-20.445703125, 14.190625, 25.58046875, 3.0341796875])
array('d', [-20.3056640625, 14.984179687500001, 24.833593750000002, 4.6212890625])
array('d', [-20.3056640625, 14.984179687500001, 24.833593750000002, 4.6212890625])
array('d', [-20.3056640625, 14.984179687500001, 24.833593750000002, 4.6212890625])
array('d', [-20.3056640625, 14.984179687500001, 24.833593750000002, 4.6212890625])
array('d', [-21.1458984375, 14.9375, 24.833593750000002, 2.9408203125])
array('d', [-18.998632812500002, 14.7041015625, 24.0400390625, 2.9408203125])
array('d', [-19.3720703125, 15.1708984375, 24.180078125, 3.54765625])
array('d', [-19.3720703125, 15.1708984375, 24.180078125, 3.54765625])
array('d', [-19.3720703125, 15.1708984375, 24.180078125, 3.54765625])
array('d', [-20.5390625, 15.684375000000001, 24.9736328125, 3.3609375000000004])
array('d', [-20.2123046875, 15.49765625, 24.5068359375, 3.7810546875])
array('d', [-20.2123046875, 14.470703125, 24.4134765625, 4.29453125])
array('d', [-20.2123046875, 14.470703125, 24.4134765625, 4.29453125])
array('d', [-19.465429687500002, 13.910546875000001, 25.113671875, 3.5943359375000004])
array('d', [-19.465429687500002, 13.910546875000001, 25.113671875, 4.0611328125])
array('d', [-19.2787109375, 13.9572265625, 24.833593750000002, 4.1078125000000005])
array('d', [-18.951953125, 14.844140625000001, 24.6935546875, 4.1078125000000005])
array('d', [-19.465429687500002, 14.470703125, 24.0400390625, 3.641015625])
array('d', [-19.512109375, 15.077539062500001, 24.833593750000002, 5.788281250000001])
array('d', [-19.512109375, 15.077539062500001, 24.833593750000002, 4.8080078125000005])
array('d', [-18.018359375, 14.097265625, 23.900000000000002, 4.8080078125000005])
array('d', [-19.232031250000002, 15.3576171875, 25.113671875, 1.7271484375000001])
array('d', [-18.8119140625, 14.7041015625, 24.180078125, 5.321484375000001])
array('d', [-18.8119140625, 14.7041015625, 24.180078125, 5.321484375000001])
array('d', [-18.8119140625, 14.7974609375, 24.740234375, 4.5279296875])
array('d', [-19.0919921875, 14.7974609375, 24.740234375, 4.5279296875])
array('d', [-18.8119140625, 13.210351562500001, 24.553515625000003, 4.387890625])
array('d', [-18.8119140625, 13.210351562500001, 24.553515625000003, 4.387890625])
array('d', [-18.8119140625, 13.210351562500001, 24.553515625000003, 4.387890625])
array('d', [-18.205078125, 15.404296875, 24.786914062500003, 3.5009765625])
array('d', [-18.671875, 14.517382812500001, 25.066992187500002, 4.7146484375])
array('d', [-19.2787109375, 13.9572265625, 24.320117187500003, 4.66796875])
array('d', [-19.6521484375, 13.25703125, 24.646875, 3.0341796875])
array('d', [-19.5587890625, 14.097265625, 24.9736328125, 1.587109375])
array('d', [-18.6251953125, 13.0236328125, 23.246484375, 3.54765625])
array('d', [-18.6251953125, 13.0236328125, 23.246484375, 3.54765625])
array('d', [-18.6251953125, 13.8638671875, 24.6935546875, 3.5009765625])
array('d', [-20.585742187500003, 13.910546875000001, 24.2267578125, 3.2208984375000003])
array('d', [-20.585742187500003, 13.350390625000001, 24.9736328125, 2.5207031250000003])
array('d', [-20.585742187500003, 13.350390625000001, 24.9736328125, 2.5207031250000003])
array('d', [-20.72578125, 12.650195312500001, 23.666601562500002, 6.9085937500000005])
array('d', [-20.819140625000003, 13.163671875, 23.199804687500002, 3.1275390625000004])
array('d', [-20.819140625000003, 13.163671875, 22.5462890625, 2.0539062500000003])
array('d', [-19.885546875, 12.416796875000001, 22.5462890625, 2.0539062500000003])
array('d', [-20.4923828125, 12.13671875, 21.986132812500003, 2.0539062500000003])
array('d', [-20.1189453125, 13.116992187500001, 22.5462890625, 2.147265625])
array('d', [-20.1189453125, 13.116992187500001, 22.5462890625, 2.147265625])
array('d', [-20.1189453125, 13.116992187500001, 22.5462890625, 2.147265625])
array('d', [-20.1189453125, 13.116992187500001, 22.1728515625, 2.80078125])
array('d', [-20.35234375, 13.0236328125, 22.1728515625, 2.80078125])
array('d', [-20.2123046875, 12.510156250000001, 22.1728515625, 1.8671875])
array('d', [-20.4923828125, 13.0236328125, 21.799414062500002, 1.8671875])
array('d', [-20.4923828125, 13.0236328125, 21.799414062500002, 1.8671875])
array('d', [-20.4923828125, 13.0236328125, 21.799414062500002, 3.267578125])
array('d', [-20.7724609375, 12.650195312500001, 24.180078125, 1.3537109375])
array('d', [-19.932226562500002, 12.790234375, 22.7796875, 3.641015625])
array('d', [-19.932226562500002, 12.790234375, 22.7796875, 2.5673828125])
array('d', [-20.2123046875, 12.696875, 21.752734375000003, 2.5673828125])
array('d', [-20.72578125, 13.0236328125, 22.40625, 1.9138671875000002])
array('d', [-19.3720703125, 11.6232421875, 19.7455078125, 1.7271484375000001])
array('d', [-19.3720703125, 11.6232421875, 19.7455078125, 1.7271484375000001])
array('d', [-19.3720703125, 11.6232421875, 19.7455078125, 1.7271484375000001])
array('d', [-19.5587890625, 12.743554687500001, 21.799414062500002, 2.6607421875000004])
array('d', [-19.5587890625, 12.743554687500001, 21.799414062500002, 3.267578125])
array('d', [-20.1189453125, 13.3970703125, 22.1728515625, 3.267578125])
array('d', [-19.8388671875, 13.0703125, 22.6396484375, 2.7541015625000003])
array('d', [-19.8388671875, 12.230078125, 22.219531250000003, 2.1939453125])
array('d', [-21.285937500000003, 12.790234375, 22.59296875, 2.42734375])
array('d', [-18.951953125, 12.790234375, 22.59296875, 2.42734375])
array('d', [-18.998632812500002, 12.3234375, 22.873046875, 2.42734375])
array('d', [-20.1189453125, 13.817187500000001, 22.219531250000003, 3.3142578125])
array('d', [-20.1189453125, 13.817187500000001, 22.499609375000002, 1.4937500000000001])
array('d', [-18.671875, 13.817187500000001, 22.499609375000002, 1.4937500000000001])
array('d', [-19.6521484375, 14.097265625, 23.153125000000003, 1.0736328125])
array('d', [-19.41875, 13.537109375, 22.6396484375, 1.4470703125000002])
array('d', [-19.41875, 13.537109375, 22.6396484375, 3.3142578125])
array('d', [-19.41875, 13.537109375, 22.6396484375, 3.3142578125])
array('d', [-19.41875, 13.537109375, 22.6396484375, 3.3142578125])
array('d', [-17.9716796875, 13.63046875, 22.40625, 3.3142578125])
array('d', [-18.7185546875, 13.723828125, 22.40625, 2.42734375])
array('d', [-19.0919921875, 13.910546875000001, 22.40625, 2.5673828125])
array('d', [-19.0919921875, 13.910546875000001, 22.40625, 2.5673828125])
array('d', [-19.0919921875, 13.910546875000001, 22.40625, 2.5673828125])
array('d', [-19.1853515625, 14.610742187500001, 22.126171875, 2.42734375])
array('d', [-19.1853515625, 14.470703125, 23.33984375, 4.3412109375000005])
array('d', [-19.1853515625, 14.470703125, 22.733007812500002, 5.0414062500000005])
array('d', [-17.925, 14.7041015625, 22.733007812500002, 5.0414062500000005])
array('d', [-18.671875, 13.8638671875, 23.0130859375, 2.9408203125])
array('d', [-17.7849609375, 13.9572265625, 23.900000000000002, 2.9875000000000003])
array('d', [-18.1583984375, 13.817187500000001, 24.366796875000002, 2.9875000000000003])
array('d', [-18.1583984375, 13.817187500000001, 24.366796875000002, 2.9875000000000003])
array('d', [-18.1583984375, 13.817187500000001, 24.366796875000002, 2.80078125])
array('d', [-18.6251953125, 14.190625, 23.2931640625, 3.267578125])
array('d', [-18.531835937500002, 14.377343750000001, 22.40625, 3.7810546875])
array('d', [-18.531835937500002, 14.377343750000001, 22.40625, 3.7810546875])
array('d', [-18.671875, 13.9572265625, 23.386523437500003, 3.734375])
array('d', [-18.205078125, 14.470703125, 23.5265625, 2.9408203125])
array('d', [-18.205078125, 14.470703125, 24.553515625000003, 3.267578125])
array('d', [-18.765234375000002, 14.470703125, 24.553515625000003, 3.267578125])
array('d', [-18.6251953125, 13.443750000000001, 22.59296875, 3.2208984375000003])
array('d', [-16.9447265625, 13.817187500000001, 23.4798828125, 4.1078125000000005])
array('d', [-16.9447265625, 13.817187500000001, 24.086718750000003, 3.267578125])
array('d', [-17.925, 14.143945312500001, 24.086718750000003, 3.267578125])
array('d', [-17.598242187500002, 14.377343750000001, 23.4798828125, 3.5943359375000004])
array('d', [-17.73828125, 13.677148437500001, 22.5462890625, 2.1939453125])
array('d', [-17.73828125, 13.677148437500001, 22.5462890625, 2.1939453125])
array('d', [-16.0111328125, 14.283984375000001, 22.6396484375, 4.4345703125])
array('d', [-18.018359375, 13.7705078125, 23.059765625, 2.707421875])
array('d', [-18.018359375, 13.3037109375, 23.666601562500002, 3.4542968750000003])
array('d', [-17.8783203125, 14.470703125, 21.84609375, 3.734375])
array('d', [-17.8783203125, 14.470703125, 23.71328125, 3.641015625])
array('d', [-18.4384765625, 13.677148437500001, 23.71328125, 3.641015625])
array('d', [-16.664648437500002, 13.583789062500001, 22.873046875, 4.8080078125000005])
array('d', [-17.084765625, 13.583789062500001, 24.180078125, 3.080859375])
array('d', [-17.084765625, 13.583789062500001, 24.180078125, 3.9210937500000003])
array('d', [-17.925, 14.7974609375, 24.46015625, 3.9210937500000003])
array('d', [-16.898046875000002, 14.3306640625, 22.3595703125, 2.5207031250000003])
array('d', [-17.644921875, 14.3306640625, 21.939453125, 4.66796875])
array('d', [-17.644921875, 14.3306640625, 21.939453125, 4.66796875])
array('d', [-15.917773437500001, 13.537109375, 21.6126953125, 3.4076171875])
array('d', [-15.917773437500001, 13.537109375, 21.6126953125, 3.4076171875])
array('d', [-15.917773437500001, 13.537109375, 21.6126953125, 3.4076171875])
array('d', [-15.917773437500001, 13.537109375, 21.6126953125, 3.4076171875])
array('d', [-16.898046875000002, 14.00390625, 23.4798828125, 3.2208984375000003])
array('d', [-17.364843750000002, 14.190625, 24.320117187500003, 2.9875000000000003])
array('d', [-17.364843750000002, 14.190625, 24.320117187500003, 2.9875000000000003])
array('d', [-17.8783203125, 14.190625, 24.320117187500003, 2.9875000000000003])
array('d', [-17.8783203125, 14.470703125, 22.126171875, 5.41484375])
array('d', [-18.2517578125, 13.817187500000001, 22.452929687500003, 4.3412109375000005])
array('d', [-16.337890625, 14.00390625, 23.5265625, 3.6876953125000003])
array('d', [-17.131445312500002, 14.00390625, 23.5265625, 3.6876953125000003])
array('d', [-17.131445312500002, 14.00390625, 23.5265625, 3.6876953125000003])
array('d', [-17.131445312500002, 14.097265625, 23.059765625, 2.8474609375])
array('d', [-17.084765625, 13.910546875000001, 23.433203125000002, 3.734375])
array('d', [-17.084765625, 13.910546875000001, 22.499609375000002, 3.9677734375])
array('d', [-18.3451171875, 13.817187500000001, 22.499609375000002, 3.9677734375])
array('d', [-16.7580078125, 14.190625, 21.659375, 3.8277343750000004])
array('d', [-15.87109375, 12.696875, 23.5732421875, 2.80078125])
array('d', [-15.87109375, 12.696875, 23.2931640625, 3.734375])
array('d', [-15.87109375, 12.696875, 23.2931640625, 3.734375])
array('d', [-15.87109375, 12.696875, 23.2931640625, 3.734375])
array('d', [-15.87109375, 12.696875, 23.2931640625, 3.734375])
array('d', [-17.2248046875, 13.910546875000001, 23.2931640625, 3.734375])
array('d', [-17.598242187500002, 13.63046875, 22.7796875, 2.8474609375])
array('d', [-17.73828125, 14.190625, 22.219531250000003, 3.9677734375])
array('d', [-17.73828125, 14.190625, 22.219531250000003, 3.9677734375])
array('d', [-17.73828125, 14.190625, 22.219531250000003, 3.9677734375])
array('d', [-17.73828125, 14.190625, 22.219531250000003, 3.9677734375])
array('d', [-16.337890625, 13.25703125, 23.386523437500003, 3.267578125])
array('d', [-16.711328125, 14.610742187500001, 23.199804687500002, 3.4542968750000003])
array('d', [-17.0380859375, 15.3576171875, 22.966406250000002, 2.6140625])
array('d', [-17.0380859375, 15.3576171875, 22.966406250000002, 2.6140625])
array('d', [-16.337890625, 13.3970703125, 21.4259765625, 3.267578125])
array('d', [-16.8513671875, 14.2373046875, 22.40625, 3.1275390625000004])
array('d', [-16.8513671875, 14.2373046875, 23.5732421875, 3.2208984375000003])
array('d', [-16.4779296875, 14.2373046875, 23.5732421875, 3.2208984375000003])
array('d', [-16.2912109375, 14.097265625, 22.873046875, 3.17421875])
array('d', [-16.0111328125, 15.49765625, 21.8927734375, 3.3609375000000004])
array('d', [-14.984179687500001, 15.2642578125, 22.966406250000002, 4.48125])
array('d', [-16.24453125, 14.9375, 22.3595703125, 4.0611328125])
array('d', [-16.24453125, 14.377343750000001, 23.059765625, 3.267578125])
array('d', [-16.24453125, 14.377343750000001, 23.059765625, 3.267578125])
array('d', [-15.917773437500001, 15.217578125000001, 22.8263671875, 4.6212890625])
array('d', [-16.0111328125, 14.984179687500001, 22.59296875, 3.267578125])
array('d', [-16.0111328125, 14.984179687500001, 22.59296875, 3.8277343750000004])
array('d', [-16.0111328125, 14.517382812500001, 22.733007812500002, 3.8277343750000004])
array('d', [-16.0578125, 14.657421875, 22.40625, 3.7810546875])
array('d', [-16.0578125, 14.2373046875, 21.332617187500002, 3.4076171875])
array('d', [-14.657421875, 14.2373046875, 21.332617187500002, 3.4076171875])
array('d', [-14.5640625, 14.470703125, 23.619921875000003, 3.54765625])
array('d', [-15.49765625, 14.8908203125, 22.126171875, 3.9210937500000003])
array('d', [-16.4779296875, 14.8908203125, 22.266210937500002, 4.5746093750000005])
array('d', [-16.4779296875, 14.610742187500001, 21.052539062500003, 2.9408203125])
array('d', [-16.431250000000002, 14.610742187500001, 21.052539062500003, 2.9408203125])
array('d', [-15.404296875, 13.3970703125, 22.40625, 3.4076171875])
array('d', [-15.404296875, 13.3970703125, 22.40625, 3.4076171875])
array('d', [-15.404296875, 13.3970703125, 22.40625, 3.4076171875])
array('d', [-16.61796875, 13.723828125, 22.919726562500003, 3.0341796875])
array('d', [-15.450976562500001, 14.5640625, 21.379296875, 4.5279296875])
array('d', [-14.8908203125, 13.537109375, 21.332617187500002, 3.1275390625000004])
array('d', [-14.8908203125, 13.537109375, 21.939453125, 3.2208984375000003])
array('d', [-16.711328125, 12.4634765625, 21.939453125, 3.2208984375000003])
array('d', [-16.2912109375, 13.210351562500001, 20.9125, 3.54765625])
array('d', [-16.337890625, 14.00390625, 21.285937500000003, 3.2208984375000003])
array('d', [-16.337890625, 14.00390625, 21.285937500000003, 3.734375])
array('d', [-16.4779296875, 13.537109375, 22.966406250000002, 3.734375])
array('d', [-15.450976562500001, 13.350390625000001, 22.0794921875, 2.42734375])
array('d', [-15.450976562500001, 13.350390625000001, 22.0794921875, 2.42734375])
array('d', [-15.450976562500001, 13.350390625000001, 22.0794921875, 2.42734375])
array('d', [-15.450976562500001, 13.350390625000001, 22.0794921875, 2.42734375])
array('d', [-16.8046875, 13.583789062500001, 22.1728515625, 2.2873046875000003])
array('d', [-15.917773437500001, 12.696875, 20.585742187500003, 2.5207031250000003])
array('d', [-17.178125, 14.190625, 20.165625000000002, 3.641015625])
array('d', [-17.178125, 14.190625, 20.165625000000002, 2.5673828125])
array('d', [-16.7580078125, 13.210351562500001, 20.585742187500003, 2.5673828125])
array('d', [-15.217578125000001, 13.9572265625, 21.8927734375, 3.267578125])
array('d', [-15.217578125000001, 13.9572265625, 21.8927734375, 3.267578125])
array('d', [-15.217578125000001, 13.9572265625, 21.8927734375, 3.267578125])
array('d', [-16.1044921875, 12.9302734375, 20.819140625000003, 3.5009765625])
array('d', [-16.8513671875, 13.8638671875, 20.819140625000003, 3.5009765625])
array('d', [-15.777734375000001, 12.8369140625, 21.6126953125, 2.9408203125])
array('d', [-15.777734375000001, 12.8369140625, 21.6126953125, 2.9408203125])
array('d', [-16.24453125, 12.603515625, 21.005859375, 3.0341796875])
array('d', [-16.664648437500002, 12.4634765625, 20.3056640625, 2.1939453125])
array('d', [-16.664648437500002, 14.00390625, 20.399023437500002, 3.267578125])
array('d', [-16.3845703125, 14.00390625, 20.399023437500002, 3.267578125])
array('d', [-15.49765625, 13.537109375, 20.3056640625, 3.3609375000000004])
array('d', [-17.178125, 12.743554687500001, 20.35234375, 2.5207031250000003])
array('d', [-17.178125, 12.743554687500001, 19.97890625, 2.240625])
array('d', [-17.3181640625, 13.583789062500001, 19.97890625, 2.240625])
array('d', [-16.8513671875, 13.0236328125, 20.3056640625, 2.42734375])
array('d', [-16.61796875, 13.116992187500001, 20.0255859375, 2.6140625])
array('d', [-16.61796875, 13.116992187500001, 20.0255859375, 3.2208984375000003])
array('d', [-17.8783203125, 13.0703125, 19.885546875, 3.2208984375000003])
array('d', [-16.5712890625, 12.603515625, 21.332617187500002, 1.6337890625])
array('d', [-16.9447265625, 12.603515625, 20.819140625000003, 1.9605468750000001])
array('d', [-16.9447265625, 12.603515625, 20.819140625000003, 1.9605468750000001])
array('d', [-16.5712890625, 13.0703125, 19.7921875, 1.0269531250000001])
array('d', [-17.084765625, 12.883593750000001, 19.5587890625, 4.2478515625])
array('d', [-17.084765625, 12.4634765625, 20.5390625, 1.30703125])
array('d', [-15.450976562500001, 12.4634765625, 20.5390625, 1.30703125])
array('d', [-15.7310546875, 12.696875, 21.099218750000002, 3.0341796875])
array('d', [-15.3576171875, 11.4365234375, 20.35234375, 2.8474609375])
array('d', [-15.3576171875, 11.4365234375, 20.35234375, 2.8474609375])
array('d', [-16.197851562500002, 13.537109375, 22.3595703125, 4.201171875])
array('d', [-16.151171875, 13.723828125, 22.126171875, 2.1939453125])
array('d', [-16.0578125, 14.2373046875, 21.1458984375, 2.7541015625000003])
array('d', [-16.0578125, 14.2373046875, 21.1458984375, 2.7541015625000003])
array('d', [-14.657421875, 13.25703125, 21.6126953125, 3.1275390625000004])
array('d', [-14.657421875, 13.25703125, 21.6126953125, 3.1275390625000004])
array('d', [-14.657421875, 13.350390625000001, 20.819140625000003, 3.5943359375000004])
array('d', [-14.8908203125, 14.00390625, 22.032812500000002, 3.3609375000000004])
array('d', [-14.190625, 13.7705078125, 21.752734375000003, 3.4076171875])
array('d', [-14.190625, 13.7705078125, 21.752734375000003, 3.4076171875])
array('d', [-14.4240234375, 13.443750000000001, 22.312890625, 3.641015625])
array('d', [-14.4240234375, 13.443750000000001, 22.312890625, 3.641015625])
array('d', [-14.4240234375, 13.443750000000001, 22.312890625, 3.641015625])
array('d', [-14.517382812500001, 13.910546875000001, 21.379296875, 0.653515625])
array('d', [-13.8638671875, 13.63046875, 21.379296875, 2.8474609375])
array('d', [-13.8638671875, 13.63046875, 21.379296875, 3.080859375])
array('d', [-13.8638671875, 14.5640625, 21.379296875, 3.080859375])
array('d', [-14.657421875, 14.5640625, 22.126171875, 3.3609375000000004])
array('d', [-14.657421875, 14.5640625, 22.126171875, 2.707421875])
array('d', [-15.3576171875, 14.4240234375, 20.2123046875, 2.707421875])
array('d', [-15.3576171875, 14.4240234375, 20.2123046875, 2.707421875])
array('d', [-13.723828125, 15.7310546875, 21.2392578125, 3.4076171875])
array('d', [-15.12421875, 13.4904296875, 20.5390625, 2.9408203125])
array('d', [-15.12421875, 14.097265625, 21.285937500000003, 4.3412109375000005])
array('d', [-15.12421875, 14.097265625, 21.285937500000003, 4.3412109375000005])
array('d', [-15.450976562500001, 12.976953125000001, 22.5462890625, 2.8941406250000004])
array('d', [-15.684375000000001, 13.210351562500001, 20.445703125, 2.3806640625])
array('d', [-15.684375000000001, 13.210351562500001, 20.072265625, 2.42734375])
array('d', [-14.8908203125, 13.443750000000001, 20.072265625, 2.42734375])
array('d', [-16.898046875000002, 11.716601562500001, 20.3056640625, 2.240625])
array('d', [-17.131445312500002, 11.016406250000001, 19.0919921875, 0.7001953125])
array('d', [-17.131445312500002, 11.016406250000001, 19.0919921875, 0.7001953125])
array('d', [-18.205078125, 10.0361328125, 18.205078125, 0.2333984375])
array('d', [-19.6521484375, 0.046679687500000004, 15.12421875, -2.42734375])
array('d', [-18.205078125, -0.42011718750000004, 16.24453125, -1.4937500000000001])
array('d', [-18.205078125, -0.42011718750000004, 16.24453125, -0.1400390625])
array('d', [-18.2517578125, 1.213671875, 15.7310546875, -0.1400390625])
array('d', [-18.4384765625, 0.18671875000000002, 16.151171875, 0.2333984375])
array('d', [-18.4384765625, 0.466796875, 17.458203125, 0.2333984375])
array('d', [-18.4384765625, 0.466796875, 16.898046875000002, 0.9802734375000001])
array('d', [-18.018359375, 0.8869140625, 16.898046875000002, 0.9802734375000001])
array('d', [-18.11171875, -0.56015625, 18.2517578125, 1.3537109375])
array('d', [-16.898046875000002, -0.2333984375, 19.512109375, 0.9802734375000001])
array('d', [-16.9447265625, 1.30703125, 18.065039062500002, -0.5134765625000001])
array('d', [-16.9447265625, 1.30703125, 18.578515625, -0.09335937500000001])
array('d', [-16.7580078125, 1.30703125, 18.578515625, -0.09335937500000001])
array('d', [-16.7580078125, 1.30703125, 18.578515625, -0.09335937500000001])
array('d', [-16.7580078125, 1.30703125, 18.578515625, -0.09335937500000001])
array('d', [-17.131445312500002, 0.046679687500000004, 17.364843750000002, 0.93359375])
array('d', [-17.131445312500002, 0.2333984375, 17.5048828125, 0.653515625])
array('d', [-17.084765625, 0.2333984375, 17.5048828125, 0.653515625])
array('d', [-17.084765625, 0.2333984375, 17.5048828125, 0.653515625])
array('d', [-17.084765625, 0.2333984375, 17.5048828125, 0.653515625])
array('d', [-18.951953125, 0.046679687500000004, 18.065039062500002, -0.3267578125])
array('d', [-18.998632812500002, -0.7468750000000001, 18.065039062500002, -0.3267578125])
array('d', [-16.7580078125, 1.213671875, 17.7849609375, -0.466796875])
array('d', [-16.7580078125, 1.213671875, 17.925, 0.09335937500000001])
array('d', [-16.3845703125, -0.2333984375, 17.925, 0.5134765625000001])
array('d', [-18.205078125, 0.6068359375, 17.925, 0.5134765625000001])
array('d', [-17.831640625000002, -0.2333984375, 17.7849609375, 0.2333984375])
array('d', [-17.831640625000002, -0.2333984375, 17.7849609375, 0.2333984375])
array('d', [-17.831640625000002, -0.2333984375, 17.7849609375, 0.2333984375])
array('d', [-17.831640625000002, -0.046679687500000004, 17.364843750000002, -0.18671875000000002])
array('d', [-17.5048828125, -0.046679687500000004, 17.364843750000002, -0.18671875000000002])
array('d', [-17.131445312500002, 0.9802734375000001, 17.7849609375, 0.5134765625000001])
array('d', [-16.3845703125, 0.37343750000000003, 17.5048828125, -0.18671875000000002])
array('d', [-16.3845703125, 0.37343750000000003, 17.644921875, -0.18671875000000002])
array('d', [-18.205078125, 1.0736328125, 18.065039062500002, -0.09335937500000001])
array('d', [-17.831640625000002, 0.18671875000000002, 18.2517578125, 0.2333984375])
array('d', [-17.8783203125, 0.18671875000000002, 18.2517578125, 0.09335937500000001])
array('d', [-17.5048828125, -0.42011718750000004, 17.644921875, 0.09335937500000001])
array('d', [-17.831640625000002, -0.2333984375, 18.531835937500002, -0.09335937500000001])
array('d', [-17.8783203125, 0.8402343750000001, 18.065039062500002, 0.2333984375])
array('d', [-17.8783203125, 0.18671875000000002, 18.065039062500002, -1.4470703125000002])
array('d', [-17.084765625, 0.18671875000000002, 17.644921875, -1.4470703125000002])
array('d', [-16.3845703125, -0.653515625, 17.644921875, 0.93359375])
array('d', [-16.3845703125, 0.37343750000000003, 18.205078125, -0.5134765625000001])
array('d', [-16.7580078125, -0.2333984375, 18.48515625, 0.37343750000000003])
array('d', [-16.7580078125, -0.2333984375, 18.48515625, 0.37343750000000003])
array('d', [-17.084765625, -0.466796875, 17.7849609375, -0.7935546875])
array('d', [-18.2517578125, -0.1400390625, 17.925, 0.653515625])
array('d', [-18.2517578125, -0.1400390625, 17.925, 0.37343750000000003])
array('d', [-18.2517578125, -0.1400390625, 17.925, 0.37343750000000003])
array('d', [-18.205078125, 0.56015625, 17.925, 0.5134765625000001])
array('d', [-17.831640625000002, -0.046679687500000004, 17.925, 0.5134765625000001])
array('d', [-18.205078125, 0.0, 17.644921875, -0.3267578125])
array('d', [-18.205078125, 0.0, 17.644921875, -0.3267578125])
array('d', [-17.831640625000002, 0.8402343750000001, 17.7849609375, -0.18671875000000002])
array('d', [-16.7580078125, 0.8402343750000001, 17.7849609375, 1.3537109375])
array('d', [-17.131445312500002, 0.0, 17.644921875, 1.3537109375])
array('d', [-17.131445312500002, 0.0, 17.644921875, 1.3537109375])
array('d', [-17.131445312500002, 0.0, 17.644921875, 1.3537109375])
array('d', [-16.711328125, 0.466796875, 17.7849609375, 0.93359375])
array('d', [-17.084765625, -0.56015625, 17.7849609375, -0.653515625])
array('d', [-17.131445312500002, 0.37343750000000003, 17.364843750000002, 0.09335937500000001])
array('d', [-17.131445312500002, 0.37343750000000003, 17.364843750000002, 0.09335937500000001])
array('d', [-17.131445312500002, 0.37343750000000003, 17.364843750000002, 0.09335937500000001])
array('d', [-17.131445312500002, 0.37343750000000003, 17.364843750000002, 0.09335937500000001])
array('d', [-16.3845703125, -0.8402343750000001, 17.2248046875, -0.09335937500000001])
array('d', [-16.3845703125, -0.8402343750000001, 17.5048828125, 1.3537109375])
array('d', [-17.8783203125, 0.0, 17.5048828125, 1.3537109375])
array('d', [-17.084765625, 0.8402343750000001, 17.644921875, 0.2333984375])
array('d', [-17.084765625, -0.2333984375, 18.531835937500002, -0.09335937500000001])
array('d', [-17.084765625, -0.2333984375, 18.531835937500002, -0.18671875000000002])
array('d', [-17.831640625000002, -0.42011718750000004, 18.2517578125, -0.18671875000000002])
array('d', [-17.5048828125, 0.466796875, 18.205078125, -1.213671875])
array('d', [-18.578515625, 0.37343750000000003, 18.065039062500002, -0.09335937500000001])
array('d', [-18.578515625, 0.37343750000000003, 17.9716796875, 0.2333984375])
array('d', [-17.458203125, 0.37343750000000003, 17.9716796875, 0.653515625])
array('d', [-16.7580078125, -0.2333984375, 17.644921875, 0.653515625])
array('d', [-17.831640625000002, 0.18671875000000002, 17.925, -0.5134765625000001])
array('d', [-17.831640625000002, 0.18671875000000002, 17.925, -0.5134765625000001])
array('d', [-17.831640625000002, 0.18671875000000002, 17.925, -0.5134765625000001])
array('d', [-17.458203125, 1.8671875, 17.644921875, -0.5134765625000001])
array('d', [-18.578515625, 0.37343750000000003, 17.7849609375, 0.09335937500000001])
array('d', [-17.831640625000002, 0.18671875000000002, 17.7849609375, 0.7935546875])
array('d', [-17.831640625000002, 0.8402343750000001, 18.2517578125, -0.18671875000000002])
array('d', [-17.8783203125, 0.8402343750000001, 18.2517578125, -0.18671875000000002])
array('d', [-17.831640625000002, 0.8402343750000001, 17.5048828125, -0.653515625])
array('d', [-16.3845703125, -0.8402343750000001, 17.5048828125, -0.653515625])
array('d', [-17.831640625000002, -0.2333984375, 17.2248046875, 0.653515625])
array('d', [-17.831640625000002, 0.37343750000000003, 17.7849609375, 0.5134765625000001])
array('d', [-17.5048828125, 0.37343750000000003, 17.7849609375, 0.5134765625000001])
array('d', [-17.5048828125, 0.8402343750000001, 17.644921875, 0.2333984375])
array('d', [-17.831640625000002, 0.18671875000000002, 17.831640625000002, -0.653515625])
array('d', [-17.831640625000002, 0.18671875000000002, 17.7849609375, -0.8869140625])
array('d', [-17.084765625, 0.37343750000000003, 17.7849609375, -0.8869140625])
array('d', [-16.7580078125, -0.653515625, 17.644921875, -0.653515625])
array('d', [-17.5048828125, 0.37343750000000003, 17.644921875, 0.37343750000000003])
array('d', [-17.8783203125, -0.046679687500000004, 18.205078125, 0.2333984375])
array('d', [-17.8783203125, 0.466796875, 17.7849609375, 0.2333984375])
array('d', [-17.8783203125, 0.466796875, 17.7849609375, 0.2333984375])
array('d', [-18.578515625, 0.37343750000000003, 18.85859375, -0.5134765625000001])
array('d', [-18.578515625, -0.466796875, 17.644921875, -1.0736328125])
array('d', [-18.578515625, -0.42011718750000004, 17.7849609375, 0.653515625])
array('d', [-17.831640625000002, -0.42011718750000004, 17.7849609375, -0.18671875000000002])
array('d', [-17.8783203125, -1.2603515625000001, 18.2517578125, -0.18671875000000002])
array('d', [-17.8783203125, -0.2333984375, 16.8046875, -0.5134765625000001])
array('d', [-17.8783203125, -0.046679687500000004, 17.5515625, -0.5134765625000001])
array('d', [-17.5048828125, -0.2333984375, 17.6916015625, -1.4937500000000001])
array('d', [-17.5048828125, -0.2333984375, 17.6916015625, -1.4937500000000001])
array('d', [-17.5048828125, -0.2333984375, 17.6916015625, -1.4937500000000001])
array('d', [-16.7580078125, -0.2333984375, 17.925, 0.2333984375])
array('d', [-17.5048828125, -0.653515625, 17.831640625000002, -0.8869140625])
array('d', [-17.8783203125, -0.653515625, 17.5515625, 0.2333984375])
array('d', [-17.8783203125, -0.653515625, 17.5515625, 0.2333984375])
array('d', [-17.8783203125, -0.653515625, 17.5515625, 0.2333984375])
array('d', [-18.205078125, 0.0, 17.5515625, 0.37343750000000003])
array('d', [-17.131445312500002, 0.18671875000000002, 18.11171875, 0.37343750000000003])
array('d', [-18.578515625, -0.046679687500000004, 17.831640625000002, 0.09335937500000001])
array('d', [-17.5048828125, -0.653515625, 17.644921875, -1.213671875])
array('d', [-17.5048828125, 0.8402343750000001, 17.7849609375, -1.213671875])
array('d', [-17.084765625, 0.8402343750000001, 17.7849609375, -0.18671875000000002])
array('d', [-17.084765625, -0.653515625, 17.925, -0.7935546875])
array('d', [-17.5048828125, -0.046679687500000004, 17.925, -0.7935546875])
array('d', [-17.831640625000002, -0.42011718750000004, 17.644921875, 0.2333984375])
array('d', [-18.578515625, -0.046679687500000004, 18.2517578125, 0.2333984375])
array('d', [-18.578515625, -0.046679687500000004, 18.2517578125, 0.2333984375])
array('d', [-18.578515625, -0.8402343750000001, 17.364843750000002, -1.4937500000000001])
array('d', [-18.205078125, -0.8402343750000001, 17.644921875, -0.8869140625])
array('d', [-16.7580078125, 0.0, 17.644921875, -0.8869140625])
array('d', [-16.7580078125, 0.0, 17.644921875, -0.8869140625])
array('d', [-17.5048828125, 1.0736328125, 18.2517578125, 0.2333984375])
array('d', [-17.131445312500002, 0.8402343750000001, 17.644921875, 0.2333984375])
array('d', [-16.7580078125, -0.2333984375, 17.364843750000002, 0.09335937500000001])
array('d', [-16.7580078125, -0.2333984375, 17.364843750000002, 0.09335937500000001])
array('d', [-17.5048828125, 0.6068359375, 17.644921875, -1.0736328125])
array('d', [-17.831640625000002, -0.8402343750000001, 18.1583984375, -0.5134765625000001])
array('d', [-17.831640625000002, 0.56015625, 18.391796875, 0.09335937500000001])
array('d', [-17.831640625000002, 0.56015625, 18.391796875, 0.09335937500000001])
array('d', [-18.205078125, -1.1669921875, 18.531835937500002, -1.9138671875000002])
array('d', [-17.831640625000002, -0.046679687500000004, 17.9716796875, -0.5134765625000001])
array('d', [-17.831640625000002, -0.046679687500000004, 17.5515625, -0.3267578125])
array('d', [-17.5048828125, 0.37343750000000003, 17.5515625, -0.8869140625])
array('d', [-18.578515625, 0.18671875000000002, 17.831640625000002, -0.8869140625])
array('d', [-17.458203125, -0.046679687500000004, 18.11171875, 0.2333984375])
array('d', [-17.458203125, -0.046679687500000004, 18.11171875, 0.2333984375])
array('d', [-17.458203125, -0.046679687500000004, 18.11171875, 0.2333984375])
array('d', [-17.5048828125, 0.37343750000000003, 18.065039062500002, 0.653515625])
array('d', [-17.5048828125, 0.37343750000000003, 18.065039062500002, 0.653515625])
array('d', [-17.5048828125, -0.42011718750000004, 17.644921875, -0.8869140625])
array('d', [-17.831640625000002, -0.2333984375, 17.644921875, -0.8869140625])
array('d', [-17.831640625000002, -0.2333984375, 17.644921875, -0.8869140625])
array('d', [-17.831640625000002, -0.2333984375, 17.084765625, 0.046679687500000004])
array('d', [-17.831640625000002, -0.466796875, 17.5515625, 0.046679687500000004])
array('d', [-17.831640625000002, -0.2333984375, 17.831640625000002, 0.5134765625000001])
array('d', [-17.5048828125, -0.42011718750000004, 17.6916015625, -2.1939453125])
array('d', [-17.5048828125, -0.42011718750000004, 18.11171875, -0.5134765625000001])
array('d', [-17.084765625, -0.1400390625, 18.11171875, -0.5134765625000001])
array('d', [-17.5048828125, 0.37343750000000003, 18.11171875, -0.5134765625000001])
array('d', [-17.5048828125, 0.37343750000000003, 18.11171875, -0.5134765625000001])
array('d', [-17.5048828125, 0.37343750000000003, 18.11171875, -0.5134765625000001])
array('d', [-18.205078125, 0.18671875000000002, 17.7849609375, -0.09335937500000001])
array('d', [-16.7580078125, -0.046679687500000004, 17.644921875, 0.046679687500000004])
array('d', [-17.084765625, -0.046679687500000004, 17.7849609375, -0.8869140625])
array('d', [-17.084765625, -0.046679687500000004, 17.7849609375, -0.8869140625])
array('d', [-17.084765625, -0.046679687500000004, 17.7849609375, -0.8869140625])
array('d', [-17.131445312500002, -0.466796875, 17.925, 0.5134765625000001])
array('d', [-18.2517578125, -0.1400390625, 17.5515625, -1.0736328125])
array('d', [-18.2517578125, -0.42011718750000004, 17.925, 0.653515625])
array('d', [-17.831640625000002, -0.42011718750000004, 17.925, -0.18671875000000002])
array('d', [-16.431250000000002, -0.653515625, 17.364843750000002, -0.18671875000000002])
array('d', [-18.2517578125, 0.37343750000000003, 18.2517578125, -0.7935546875])
array('d', [-18.2517578125, 0.0, 17.644921875, 0.5134765625000001])
array('d', [-17.084765625, 0.0, 17.644921875, 0.5134765625000001])
array('d', [-18.578515625, -0.8402343750000001, 17.831640625000002, -0.653515625])
array('d', [-18.2517578125, -0.466796875, 17.831640625000002, -0.653515625])
array('d', [-18.2517578125, -0.466796875, 17.831640625000002, -0.653515625])
array('d', [-18.2517578125, -0.466796875, 17.644921875, 0.37343750000000003])
array('d', [-17.131445312500002, -0.653515625, 17.925, -0.5134765625000001])
array('d', [-18.9052734375, -0.653515625, 17.925, -0.5134765625000001])
array('d', [-18.9052734375, -0.653515625, 17.925, -0.5134765625000001])
array('d', [-17.5048828125, 0.37343750000000003, 17.458203125, 0.2333984375])
array('d', [-17.5048828125, -0.653515625, 17.6916015625, -1.213671875])
array('d', [-17.084765625, -0.42011718750000004, 17.5515625, -0.09335937500000001])
array('d', [-17.084765625, -1.0736328125, 17.364843750000002, 0.046679687500000004])
array('d', [-16.7580078125, -0.2333984375, 17.644921875, 0.653515625])
array('d', [-17.831640625000002, 0.37343750000000003, 17.5515625, 2.6607421875000004])
array('d', [-17.084765625, -0.2333984375, 17.364843750000002, -0.5134765625000001])
array('d', [-17.084765625, -0.2333984375, 17.364843750000002, 0.5134765625000001])
array('d', [-17.831640625000002, -0.466796875, 16.9447265625, -0.653515625])
array('d', [-18.205078125, -0.046679687500000004, 17.364843750000002, -0.5134765625000001])
array('d', [-18.9052734375, -0.466796875, 17.925, 0.09335937500000001])
array('d', [-17.458203125, 0.37343750000000003, 17.5515625, 0.09335937500000001])
array('d', [-17.458203125, 0.37343750000000003, 17.5515625, 0.09335937500000001])
array('d', [-17.458203125, 0.37343750000000003, 17.5515625, 0.2333984375])
array('d', [-18.205078125, -0.046679687500000004, 17.831640625000002, 0.2333984375])
array('d', [-18.578515625, -1.0269531250000001, 17.7849609375, 1.213671875])
array('d', [-18.578515625, -1.0269531250000001, 17.7849609375, 1.213671875])
array('d', [-18.578515625, -1.0269531250000001, 17.7849609375, 1.213671875])
array('d', [-17.131445312500002, 0.18671875000000002, 17.831640625000002, 1.213671875])
array('d', [-18.9052734375, -0.2333984375, 17.458203125, -0.5134765625000001])
array('d', [-18.9052734375, -0.2333984375, 17.925, 0.2333984375])
array('d', [-17.831640625000002, 0.18671875000000002, 17.925, 0.2333984375])
array('d', [-17.084765625, 0.0, 17.458203125, 0.2333984375])
array('d', [-18.578515625, -0.56015625, 17.831640625000002, 4.761328125])
array('d', [-18.578515625, -0.56015625, 17.925, -0.8869140625])
array('d', [-17.8783203125, 0.0, 17.925, -0.8869140625])
array('d', [-18.205078125, -0.046679687500000004, 18.065039062500002, -0.18671875000000002])
array('d', [-17.5048828125, -0.046679687500000004, 17.644921875, -0.5134765625000001])
array('d', [-17.5048828125, -0.046679687500000004, 17.644921875, -0.5134765625000001])
array('d', [-17.5048828125, -0.046679687500000004, 17.644921875, -0.5134765625000001])
array('d', [-17.5048828125, -0.046679687500000004, 17.644921875, -0.5134765625000001])
array('d', [-17.5048828125, -0.2333984375, 18.065039062500002, -0.8869140625])
array('d', [-17.831640625000002, -0.2333984375, 18.065039062500002, -1.30703125])
array('d', [-17.831640625000002, -0.2333984375, 17.6916015625, -0.653515625])
array('d', [-17.831640625000002, -0.2333984375, 17.6916015625, -0.653515625])
array('d', [-17.831640625000002, -0.2333984375, 17.6916015625, -0.653515625])
array('d', [-17.084765625, 0.9802734375000001, 18.2517578125, 0.5134765625000001])
array('d', [-17.084765625, 0.9802734375000001, 17.9716796875, -0.37343750000000003])
array('d', [-17.458203125, -0.046679687500000004, 17.9716796875, -0.37343750000000003])
array('d', [-17.458203125, -0.046679687500000004, 17.9716796875, -0.37343750000000003])
array('d', [-17.458203125, -0.046679687500000004, 17.9716796875, -0.37343750000000003])
array('d', [-18.578515625, 0.37343750000000003, 17.7849609375, -0.7935546875])
array('d', [-18.578515625, -0.046679687500000004, 17.925, -0.7935546875])
array('d', [-17.084765625, 0.18671875000000002, 17.6916015625, -0.8869140625])
array('d', [-17.831640625000002, -0.2333984375, 17.925, -0.09335937500000001])
array('d', [-17.831640625000002, -0.2333984375, 17.925, -1.213671875])
array('d', [-16.7580078125, -0.2333984375, 17.644921875, -1.213671875])
array('d', [-18.205078125, -0.42011718750000004, 17.7849609375, -1.213671875])
array('d', [-18.205078125, -0.42011718750000004, 17.5515625, -1.0269531250000001])
array('d', [-17.831640625000002, -0.2333984375, 17.5515625, -1.0269531250000001])
array('d', [-17.458203125, 0.0, 17.2248046875, -0.653515625])
array('d', [-17.458203125, 0.0, 17.2248046875, -0.653515625])
array('d', [-17.458203125, 0.0, 17.2248046875, -0.653515625])
array('d', [-17.131445312500002, -0.046679687500000004, 18.2517578125, -0.5134765625000001])
array('d', [-17.084765625, 1.1669921875, 17.364843750000002, 0.2333984375])
array('d', [-17.831640625000002, 0.8402343750000001, 17.7849609375, -1.0736328125])
array('d', [-17.831640625000002, 0.8402343750000001, 17.7849609375, -1.0736328125])
array('d', [-17.5048828125, -0.56015625, 18.11171875, 0.93359375])
array('d', [-17.084765625, 0.0, 17.7849609375, 0.2333984375])
array('d', [-17.831640625000002, -1.587109375, 18.2517578125, -0.18671875000000002])
array('d', [-17.831640625000002, -1.587109375, 18.2517578125, -0.18671875000000002])
array('d', [-18.578515625, -0.8402343750000001, 17.178125, -0.09335937500000001])
array('d', [-18.578515625, -0.8402343750000001, 17.178125, -0.8869140625])
array('d', [-17.458203125, 0.56015625, 17.178125, -0.8869140625])
array('d', [-17.458203125, 0.56015625, 17.178125, -0.8869140625])
array('d', [-17.458203125, 0.56015625, 17.178125, -0.8869140625])
array('d', [-17.458203125, 0.56015625, 17.178125, -0.8869140625])
array('d', [-17.5048828125, -0.56015625, 18.065039062500002, 0.56015625])
array('d', [-17.8783203125, 0.37343750000000003, 18.7185546875, -0.5134765625000001])
array('d', [-16.7580078125, -1.4470703125000002, 17.644921875, 0.653515625])
array('d', [-16.7580078125, -1.4470703125000002, 17.644921875, 0.653515625])
array('d', [-18.205078125, -0.42011718750000004, 17.644921875, -1.30703125])
array('d', [-17.131445312500002, -0.2333984375, 17.925, -0.5134765625000001])
array('d', [-17.131445312500002, 0.56015625, 17.831640625000002, 0.2333984375])
array('d', [-17.131445312500002, 0.56015625, 17.831640625000002, 0.2333984375])
array('d', [-17.131445312500002, 0.56015625, 17.831640625000002, 0.2333984375])
array('d', [-17.131445312500002, 0.56015625, 17.831640625000002, 0.2333984375])
array('d', [-17.084765625, 0.56015625, 18.2517578125, 0.09335937500000001])
array('d', [-16.3845703125, -0.2333984375, 18.2517578125, 0.09335937500000001])
array('d', [-17.084765625, 0.37343750000000003, 17.364843750000002, -1.213671875])
array('d', [-17.084765625, 0.37343750000000003, 17.364843750000002, -1.213671875])
array('d', [-17.084765625, 0.37343750000000003, 17.364843750000002, -1.213671875])
array('d', [-18.578515625, 0.18671875000000002, 17.925, -0.09335937500000001])
array('d', [-18.9052734375, 0.6068359375, 18.11171875, 1.3537109375])
array('d', [-18.9052734375, 0.6068359375, 17.084765625, -0.7935546875])
array('d', [-16.337890625, 0.466796875, 17.084765625, -0.7935546875])
array('d', [-16.7580078125, 0.37343750000000003, 17.831640625000002, -0.5134765625000001])
array('d', [-16.7580078125, 0.18671875000000002, 17.644921875, 0.046679687500000004])
array('d', [-16.7580078125, -0.046679687500000004, 17.644921875, 0.046679687500000004])
array('d', [-18.578515625, -0.046679687500000004, 17.644921875, 0.93359375])
array('d', [-18.205078125, 0.0, 18.065039062500002, 0.93359375])
array('d', [-17.458203125, 0.1400390625, 18.391796875, -0.09335937500000001])
array('d', [-17.5048828125, -0.2333984375, 18.11171875, -0.5134765625000001])
array('d', [-17.5048828125, -0.42011718750000004, 17.8783203125, -0.09335937500000001])
array('d', [-17.5048828125, -0.42011718750000004, 17.8783203125, -0.09335937500000001])
array('d', [-17.458203125, 0.37343750000000003, 18.11171875, 0.653515625])
array('d', [-17.831640625000002, 0.0, 17.2248046875, -0.5134765625000001])
array('d', [-18.2517578125, 0.18671875000000002, 17.73828125, 0.93359375])
array('d', [-18.2517578125, -0.42011718750000004, 17.5515625, 0.93359375])
array('d', [-16.711328125, -0.42011718750000004, 17.5515625, 1.0269531250000001])
array('d', [-17.8783203125, 0.37343750000000003, 17.831640625000002, -0.8869140625])
array('d', [-16.711328125, 0.37343750000000003, 17.2248046875, -0.7935546875])
array('d', [-16.711328125, -0.653515625, 17.9716796875, -0.18671875000000002])
array('d', [-17.5048828125, -0.653515625, 17.9716796875, -1.213671875])
array('d', [-19.2787109375, -1.2603515625000001, 17.8783203125, -1.213671875])
array('d', [-17.5048828125, 0.1400390625, 17.925, 1.213671875])
array('d', [-17.5048828125, 0.0, 17.5515625, 0.37343750000000003])
array('d', [-16.7580078125, 0.0, 17.5515625, 0.37343750000000003])
array('d', [-16.7580078125, 0.6068359375, 18.11171875, -0.5134765625000001])
array('d', [-17.831640625000002, 0.18671875000000002, 18.11171875, 0.56015625])
array('d', [-17.458203125, 0.18671875000000002, 17.2248046875, -0.18671875000000002])
array('d', [-17.458203125, 0.18671875000000002, 17.2248046875, -0.18671875000000002])
array('d', [-17.831640625000002, 0.37343750000000003, 17.644921875, -0.18671875000000002])
array('d', [-17.831640625000002, 0.37343750000000003, 17.644921875, -0.18671875000000002])
array('d', [-17.831640625000002, 0.37343750000000003, 17.644921875, -0.18671875000000002])
array('d', [-17.831640625000002, 0.37343750000000003, 17.644921875, -0.18671875000000002])
array('d', [-17.458203125, 0.8402343750000001, 18.298437500000002, 0.93359375])
array('d', [-17.458203125, 0.6068359375, 17.364843750000002, 0.653515625])
array('d', [-17.458203125, 0.6068359375, 17.364843750000002, 0.653515625])
array('d', [-17.084765625, -0.046679687500000004, 17.925, 0.653515625])
array('d', [-18.2517578125, 0.37343750000000003, 17.5515625, 0.653515625])
array('d', [-18.2517578125, 0.37343750000000003, 17.5515625, -0.653515625])
array('d', [-17.8783203125, 0.56015625, 17.644921875, -0.653515625])
array('d', [-17.084765625, 0.56015625, 17.644921875, -0.653515625])
array('d', [-17.084765625, 0.56015625, 17.644921875, -0.653515625])
array('d', [-17.084765625, -0.42011718750000004, 17.6916015625, 0.046679687500000004])
array('d', [-17.5048828125, 0.8402343750000001, 17.831640625000002, -0.18671875000000002])
array('d', [-18.205078125, -0.2333984375, 18.2517578125, -0.09335937500000001])
array('d', [-18.205078125, -0.2333984375, 18.2517578125, -0.09335937500000001])
array('d', [-17.458203125, 0.18671875000000002, 17.831640625000002, -0.18671875000000002])
array('d', [-17.131445312500002, -0.2333984375, 17.6916015625, -0.5134765625000001])
array('d', [-17.458203125, 0.466796875, 18.065039062500002, -0.7935546875])
array('d', [-17.458203125, 0.466796875, 18.065039062500002, -0.7935546875])
array('d', [-17.458203125, 0.466796875, 18.065039062500002, -0.7935546875])
array('d', [-17.458203125, 0.37343750000000003, 17.831640625000002, 0.56015625])
array('d', [-17.5048828125, 0.37343750000000003, 17.831640625000002, 0.56015625])
array('d', [-17.5048828125, 0.6068359375, 17.831640625000002, -0.5134765625000001])
array('d', [-18.578515625, 0.18671875000000002, 18.11171875, -1.0269531250000001])
array('d', [-18.578515625, 0.0, 17.644921875, -0.37343750000000003])
array('d', [-17.8783203125, 0.0, 17.644921875, -0.37343750000000003])
array('d', [-17.084765625, 0.0, 18.11171875, -0.653515625])
array('d', [-17.131445312500002, 0.37343750000000003, 18.2517578125, 0.56015625])
array('d', [-17.131445312500002, 0.37343750000000003, 18.2517578125, 0.2333984375])
array('d', [-17.831640625000002, 0.18671875000000002, 18.11171875, 0.2333984375])
array('d', [-18.2517578125, 0.18671875000000002, 18.11171875, 0.2333984375])
array('d', [-18.2517578125, -0.8402343750000001, 17.9716796875, -0.18671875000000002])
array('d', [-17.458203125, -0.56015625, 17.644921875, 0.2333984375])
array('d', [-18.2517578125, 0.18671875000000002, 17.831640625000002, -1.0736328125])
array('d', [-18.205078125, -0.42011718750000004, 17.9716796875, 0.2333984375])
array('d', [-18.205078125, 0.18671875000000002, 17.644921875, 0.653515625])
array('d', [-17.458203125, 1.213671875, 17.831640625000002, -0.7935546875])
array('d', [-17.8783203125, 1.213671875, 17.925, 0.37343750000000003])
array('d', [-17.8783203125, 0.56015625, 18.11171875, 0.37343750000000003])
array('d', [-18.205078125, 0.18671875000000002, 17.831640625000002, 0.93359375])
array('d', [-17.458203125, -0.280078125, 17.364843750000002, -0.653515625])
array('d', [-17.084765625, -0.42011718750000004, 17.925, -0.8869140625])
array('d', [-16.7580078125, 0.6068359375, 17.364843750000002, -1.213671875])
array('d', [-16.7580078125, 0.6068359375, 17.364843750000002, -1.213671875])
array('d', [-16.7580078125, 0.6068359375, 17.364843750000002, -1.213671875])
array('d', [-17.5048828125, 0.37343750000000003, 18.11171875, -0.18671875000000002])
array('d', [-17.5048828125, 0.37343750000000003, 17.831640625000002, -0.5134765625000001])
array('d', [-18.205078125, -0.2333984375, 17.831640625000002, -0.5134765625000001])
array('d', [-18.205078125, -0.8402343750000001, 18.3451171875, 0.93359375])
array('d', [-16.7580078125, -0.37343750000000003, 17.271484375, 1.0269531250000001])
array('d', [-16.7580078125, -1.0269531250000001, 17.644921875, 0.653515625])
array('d', [-18.578515625, -1.0269531250000001, 17.644921875, 0.653515625])
array('d', [-18.578515625, -1.0269531250000001, 17.644921875, 0.653515625])
array('d', [-17.084765625, 0.37343750000000003, 17.644921875, 1.0269531250000001])
array('d', [-17.5048828125, 0.1400390625, 17.364843750000002, -0.8869140625])
array('d', [-17.5048828125, 0.1400390625, 17.644921875, 0.56015625])
array('d', [-17.5048828125, 0.1400390625, 17.644921875, 0.56015625])
array('d', [-18.998632812500002, 0.18671875000000002, 18.065039062500002, -0.7935546875])
array('d', [-18.998632812500002, 0.18671875000000002, 17.925, -1.213671875])
array('d', [-17.5048828125, -0.42011718750000004, 17.925, -1.213671875])
array('d', [-17.5048828125, -0.42011718750000004, 17.831640625000002, -0.18671875000000002])
array('d', [-17.8783203125, 0.18671875000000002, 17.925, 0.37343750000000003])
array('d', [-18.205078125, 0.6068359375, 17.925, 0.37343750000000003])
array('d', [-17.5048828125, 0.18671875000000002, 17.5515625, -0.09335937500000001])
array('d', [-17.5048828125, 0.18671875000000002, 17.5515625, -0.09335937500000001])
array('d', [-17.5048828125, 0.18671875000000002, 17.5515625, -0.09335937500000001])
array('d', [-17.5048828125, 0.18671875000000002, 17.5515625, -0.09335937500000001])
array('d', [-17.831640625000002, 0.7935546875, 17.364843750000002, -0.18671875000000002])
array('d', [-18.2517578125, -0.046679687500000004, 17.925, 0.09335937500000001])
array('d', [-18.2517578125, 0.8402343750000001, 17.458203125, 0.2333984375])
array('d', [-18.2517578125, 0.8402343750000001, 17.458203125, 0.2333984375])
array('d', [-18.2517578125, 0.8402343750000001, 17.458203125, 0.2333984375])
array('d', [-17.831640625000002, 0.37343750000000003, 17.6916015625, 0.2333984375])
array('d', [-17.831640625000002, 0.37343750000000003, 17.925, 0.7935546875])
array('d', [-17.8783203125, -0.8402343750000001, 17.925, 0.7935546875])
array('d', [-17.831640625000002, 0.0, 18.11171875, -0.18671875000000002])
array('d', [-17.831640625000002, -0.9802734375000001, 18.2517578125, 0.37343750000000003])
array('d', [-17.084765625, 0.466796875, 17.831640625000002, 0.93359375])
array('d', [-17.084765625, 0.1400390625, 18.11171875, 1.0269531250000001])
array('d', [-18.2517578125, 0.1400390625, 17.925, -0.18671875000000002])
array('d', [-18.2517578125, 0.37343750000000003, 17.364843750000002, -0.37343750000000003])
array('d', [-16.711328125, -0.2333984375, 17.364843750000002, -0.37343750000000003])
array('d', [-17.084765625, 0.56015625, 17.831640625000002, -0.18671875000000002])
array('d', [-17.458203125, -0.046679687500000004, 18.11171875, 0.37343750000000003])
array('d', [-16.3845703125, 0.8402343750000001, 17.925, 0.37343750000000003])
array('d', [-18.2517578125, 0.8402343750000001, 18.391796875, 0.56015625])
array('d', [-18.2517578125, 0.8402343750000001, 18.391796875, 0.56015625])
array('d', [-17.831640625000002, -0.42011718750000004, 17.458203125, 0.09335937500000001])
array('d', [-17.831640625000002, -0.42011718750000004, 17.5515625, -0.653515625])
array('d', [-17.5048828125, -0.2333984375, 17.5515625, -0.653515625])
array('d', [-17.5048828125, -0.653515625, 17.925, 1.213671875])
array('d', [-17.5048828125, -0.653515625, 17.925, 1.213671875])
array('d', [-17.5048828125, -0.653515625, 17.925, 1.213671875])
array('d', [-17.084765625, -0.046679687500000004, 17.644921875, -1.213671875])
array('d', [-17.458203125, 0.18671875000000002, 17.5515625, -0.37343750000000003])
array('d', [-17.458203125, -0.653515625, 17.644921875, 0.653515625])
array('d', [-17.458203125, -0.653515625, 17.644921875, 0.653515625])
array('d', [-17.458203125, -0.653515625, 17.644921875, 0.653515625])
array('d', [-17.084765625, -0.280078125, 18.065039062500002, 0.2333984375])
array('d', [-18.2517578125, 0.37343750000000003, 17.9716796875, -1.213671875])
array('d', [-18.2517578125, 0.37343750000000003, 18.065039062500002, -0.653515625])
array('d', [-16.7580078125, -0.2333984375, 18.065039062500002, -0.653515625])
array('d', [-16.711328125, -0.42011718750000004, 17.5515625, 0.93359375])
array('d', [-17.084765625, -0.56015625, 17.364843750000002, -0.5134765625000001])
array('d', [-17.084765625, -0.56015625, 17.364843750000002, -0.5134765625000001])
array('d', [-17.8783203125, 0.18671875000000002, 17.2248046875, 0.653515625])
array('d', [-17.458203125, -0.42011718750000004, 17.831640625000002, 0.09335937500000001])
array('d', [-17.458203125, -0.42011718750000004, 18.298437500000002, -0.5134765625000001])
array('d', [-15.964453125, 0.8402343750000001, 17.9716796875, -0.5134765625000001])
array('d', [-17.8783203125, -0.046679687500000004, 17.9716796875, -0.7935546875])
array('d', [-17.8783203125, -0.046679687500000004, 17.9716796875, -0.7935546875])
array('d', [-17.8783203125, -0.046679687500000004, 17.9716796875, -0.7935546875])
array('d', [-17.131445312500002, -0.2333984375, 17.084765625, -0.09335937500000001])
array('d', [-16.711328125, -0.42011718750000004, 18.065039062500002, -0.5134765625000001])
array('d', [-17.458203125, -0.42011718750000004, 18.391796875, -0.18671875000000002])
array('d', [-17.458203125, -0.42011718750000004, 18.391796875, 0.37343750000000003])
array('d', [-17.5048828125, -0.56015625, 17.925, 0.37343750000000003])
array('d', [-16.7580078125, 0.6068359375, 17.644921875, 1.213671875])
array('d', [-17.831640625000002, 0.18671875000000002, 17.644921875, 1.213671875])
array('d', [-17.831640625000002, 0.18671875000000002, 17.6916015625, 0.93359375])
array('d', [-17.084765625, -1.2603515625000001, 17.458203125, 0.93359375])
array('d', [-18.578515625, -0.2333984375, 18.531835937500002, 0.653515625])
array('d', [-15.964453125, -0.8402343750000001, 17.73828125, -0.09335937500000001])
array('d', [-18.578515625, -0.7468750000000001, 17.925, -0.37343750000000003])
array('d', [-17.5048828125, 0.8402343750000001, 17.6916015625, 0.2333984375])
array('d', [-17.5048828125, 0.8402343750000001, 17.6916015625, -0.37343750000000003])
array('d', [-18.9052734375, -1.0269531250000001, 18.2517578125, -0.37343750000000003])
array('d', [-18.205078125, -1.0269531250000001, 17.5515625, 0.93359375])
array('d', [-16.3845703125, 0.0, 17.831640625000002, -0.18671875000000002])
array('d', [-17.131445312500002, -1.2603515625000001, 18.065039062500002, 0.37343750000000003])
array('d', [-17.131445312500002, -0.1400390625, 17.831640625000002, -0.09335937500000001])
array('d', [-17.458203125, -0.1400390625, 17.831640625000002, -0.09335937500000001])
array('d', [-17.5048828125, -0.046679687500000004, 17.9716796875, 0.2333984375])
array('d', [-16.711328125, -0.8402343750000001, 17.5515625, 1.213671875])
array('d', [-16.711328125, -0.2333984375, 17.925, 0.653515625])
array('d', [-16.0111328125, -0.2333984375, 17.925, -0.09335937500000001])
array('d', [-18.2517578125, -0.2333984375, 17.6916015625, -0.09335937500000001])
array('d', [-17.084765625, -0.1400390625, 17.644921875, 0.56015625])
array('d', [-17.084765625, 0.37343750000000003, 17.831640625000002, 0.653515625])
array('d', [-17.458203125, 0.37343750000000003, 17.831640625000002, 0.2333984375])
array('d', [-18.2517578125, -0.653515625, 17.364843750000002, 0.2333984375])
array('d', [-16.7580078125, 0.0, 18.2517578125, 1.0269531250000001])
array('d', [-16.7580078125, 0.0, 18.2517578125, 1.0269531250000001])
array('d', [-17.458203125, -0.37343750000000003, 17.831640625000002, 0.56015625])
array('d', [-18.205078125, 0.8402343750000001, 18.2517578125, 0.653515625])
array('d', [-18.205078125, 0.37343750000000003, 17.73828125, -1.30703125])
array('d', [-17.084765625, 0.37343750000000003, 17.73828125, -1.30703125])
array('d', [-18.9052734375, 0.0, 17.6916015625, -1.6337890625])
array('d', [-17.5048828125, 0.7935546875, 17.831640625000002, 0.09335937500000001])
array('d', [-17.5048828125, -0.2333984375, 18.2517578125, -0.5134765625000001])
array('d', [-17.5048828125, -0.2333984375, 18.2517578125, -0.5134765625000001])
array('d', [-17.5048828125, -0.2333984375, 18.2517578125, -0.5134765625000001])
array('d', [-17.458203125, -0.2333984375, 18.2517578125, -0.5134765625000001])
array('d', [-17.5048828125, -0.42011718750000004, 17.644921875, -0.653515625])
array('d', [-17.084765625, 0.0, 17.458203125, -1.213671875])
array('d', [-17.084765625, 0.0, 17.8783203125, -0.5134765625000001])
array('d', [-17.8783203125, 0.37343750000000003, 17.8783203125, 0.2333984375])
array('d', [-16.7580078125, 0.18671875000000002, 18.065039062500002, 0.2333984375])
array('d', [-17.084765625, 0.37343750000000003, 18.065039062500002, 0.2333984375])
array('d', [-17.084765625, 0.37343750000000003, 18.065039062500002, 0.2333984375])
array('d', [-17.5048828125, 0.7935546875, 17.5515625, 0.56015625])
array('d', [-17.5048828125, 0.7935546875, 17.5515625, 0.2333984375])
array('d', [-18.2517578125, -0.046679687500000004, 18.298437500000002, 0.2333984375])
array('d', [-18.2517578125, -0.046679687500000004, 18.298437500000002, 0.2333984375])
array('d', [-18.2517578125, -0.046679687500000004, 18.298437500000002, 0.2333984375])
array('d', [-17.831640625000002, -0.046679687500000004, 17.6916015625, -0.5134765625000001])
array('d', [-17.084765625, 0.56015625, 18.2517578125, 0.2333984375])
array('d', [-17.458203125, -0.2333984375, 18.298437500000002, 0.37343750000000003])
array('d', [-17.458203125, -0.2333984375, 18.298437500000002, 0.37343750000000003])
array('d', [-17.131445312500002, 0.1400390625, 17.2248046875, 0.2333984375])
array('d', [-17.5048828125, -0.9802734375000001, 17.831640625000002, 1.3537109375])
array('d', [-17.5048828125, -0.42011718750000004, 17.458203125, 0.653515625])
array('d', [-16.3845703125, -0.42011718750000004, 17.458203125, 0.653515625])
array('d', [-16.7580078125, -0.8402343750000001, 17.178125, -0.09335937500000001])
array('d', [-18.205078125, -0.2333984375, 17.5515625, -0.09335937500000001])
array('d', [-18.205078125, -0.2333984375, 17.5515625, -0.5134765625000001])
array('d', [-17.084765625, -0.42011718750000004, 18.11171875, -0.5134765625000001])
array('d', [-18.578515625, -0.8402343750000001, 18.11171875, -0.37343750000000003])
array('d', [-18.578515625, -0.2333984375, 17.644921875, -0.8869140625])
array('d', [-19.325390625, -0.2333984375, 17.644921875, -0.8869140625])
array('d', [-19.698828125000002, -0.046679687500000004, 17.644921875, 0.09335937500000001])
array('d', [-18.205078125, -0.8402343750000001, 17.831640625000002, -0.09335937500000001])
array('d', [-17.5048828125, 0.56015625, 17.644921875, -0.653515625])
array('d', [-17.5048828125, 0.56015625, 17.644921875, -0.653515625])
array('d', [-17.5048828125, -0.56015625, 17.6916015625, 0.653515625])
array('d', [-17.084765625, -0.56015625, 17.6916015625, 0.653515625])
array('d', [-16.7580078125, -0.2333984375, 17.458203125, -0.5134765625000001])
array('d', [-18.205078125, -0.653515625, 17.9716796875, -0.7935546875])
array('d', [-18.205078125, -0.653515625, 17.831640625000002, 0.93359375])
array('d', [-18.2517578125, -0.2333984375, 17.831640625000002, 0.93359375])
array('d', [-18.578515625, 0.18671875000000002, 17.9716796875, -0.09335937500000001])
array('d', [-17.084765625, 0.18671875000000002, 17.458203125, 0.93359375])
array('d', [-17.084765625, 0.18671875000000002, 17.458203125, 0.93359375])
array('d', [-18.205078125, 0.37343750000000003, 18.298437500000002, 2.1005859375])
array('d', [-18.205078125, -0.2333984375, 17.5515625, 0.56015625])
array('d', [-18.205078125, -0.2333984375, 17.5515625, -0.09335937500000001])
array('d', [-17.458203125, -0.2333984375, 18.11171875, -0.09335937500000001])
array('d', [-18.2517578125, -0.466796875, 17.5515625, -0.8869140625])
array('d', [-17.5048828125, 0.0, 17.5515625, -0.8869140625])
array('d', [-17.5048828125, 0.0, 17.925, -0.18671875000000002])
array('d', [-17.5048828125, -0.9802734375000001, 17.6916015625, -0.18671875000000002])
array('d', [-17.5048828125, -0.9802734375000001, 17.644921875, -0.37343750000000003])
array('d', [-16.0111328125, -0.42011718750000004, 17.644921875, -0.37343750000000003])
array('d', [-19.325390625, 1.213671875, 17.9716796875, -0.8869140625])
array('d', [-17.458203125, 0.6068359375, 17.831640625000002, 0.7935546875])
array('d', [-17.458203125, 0.6068359375, 17.644921875, -0.37343750000000003])
array('d', [-17.458203125, 0.6068359375, 17.644921875, -0.37343750000000003])
array('d', [-17.458203125, 0.6068359375, 17.644921875, -0.37343750000000003])
array('d', [-18.2517578125, -1.0269531250000001, 17.644921875, -0.37343750000000003])
array('d', [-17.084765625, 0.37343750000000003, 17.5515625, 0.56015625])
array('d', [-16.7580078125, -0.2333984375, 18.11171875, 0.2333984375])
array('d', [-16.7580078125, -0.2333984375, 18.11171875, 0.2333984375])
array('d', [-17.831640625000002, -0.8402343750000001, 17.644921875, -0.09335937500000001])
array('d', [-17.831640625000002, 0.0, 17.831640625000002, -1.4937500000000001])
array('d', [-17.831640625000002, -0.653515625, 17.2248046875, -1.4937500000000001])
array('d', [-17.831640625000002, -0.653515625, 17.2248046875, -1.4937500000000001])
array('d', [-16.7580078125, 0.0, 17.178125, -0.18671875000000002])
array('d', [-17.458203125, -0.653515625, 17.9716796875, 0.7935546875])
array('d', [-17.458203125, 0.6068359375, 17.364843750000002, -0.09335937500000001])
array('d', [-15.964453125, 0.6068359375, 17.364843750000002, -0.09335937500000001])
array('d', [-17.5048828125, 0.18671875000000002, 17.178125, -0.8869140625])
array('d', [-18.578515625, 0.18671875000000002, 17.644921875, -0.09335937500000001])
array('d', [-18.578515625, 0.18671875000000002, 17.644921875, 0.09335937500000001])
array('d', [-17.831640625000002, -0.8402343750000001, 17.364843750000002, 0.09335937500000001])
array('d', [-18.2517578125, -0.466796875, 18.391796875, -0.3267578125])
array('d', [-17.831640625000002, 0.18671875000000002, 18.391796875, -1.0736328125])
array('d', [-17.831640625000002, 0.18671875000000002, 18.391796875, -1.0736328125])
array('d', [-17.831640625000002, 0.18671875000000002, 18.391796875, -1.0736328125])
array('d', [-17.831640625000002, 0.18671875000000002, 18.391796875, -1.0736328125])
array('d', [-17.831640625000002, 0.18671875000000002, 18.391796875, -1.0736328125])
array('d', [-18.998632812500002, -0.8402343750000001, 17.458203125, -0.09335937500000001])
array('d', [-17.5048828125, 0.6068359375, 16.898046875000002, -0.8869140625])
array('d', [-18.205078125, 0.0, 17.9716796875, -0.8869140625])
array('d', [-18.205078125, 0.0, 17.831640625000002, -0.37343750000000003])
array('d', [-17.831640625000002, -0.653515625, 17.831640625000002, -0.37343750000000003])
array('d', [-16.7580078125, -0.37343750000000003, 18.065039062500002, -0.653515625])
array('d', [-16.7580078125, -0.37343750000000003, 18.065039062500002, -0.09335937500000001])
array('d', [-16.7580078125, 0.37343750000000003, 17.925, -0.18671875000000002])
array('d', [-18.578515625, -0.046679687500000004, 17.925, -0.18671875000000002])
array('d', [-17.831640625000002, -0.2333984375, 18.2517578125, -1.213671875])
array('d', [-17.831640625000002, -0.2333984375, 18.2517578125, -1.213671875])
array('d', [-17.5048828125, -0.2333984375, 17.5515625, -0.7935546875])
array('d', [-17.084765625, -0.653515625, 17.831640625000002, 0.653515625])
array('d', [-17.084765625, -0.653515625, 17.831640625000002, -0.18671875000000002])
array('d', [-17.5048828125, 0.0, 18.11171875, -0.09335937500000001])
array('d', [-17.458203125, 0.1400390625, 18.11171875, -0.09335937500000001])
array('d', [-17.8783203125, 0.18671875000000002, 18.2517578125, -0.18671875000000002])
array('d', [-18.578515625, -0.046679687500000004, 18.11171875, -0.09335937500000001])
array('d', [-18.578515625, -0.046679687500000004, 17.925, 1.213671875])
array('d', [-16.3845703125, 0.8402343750000001, 17.925, 1.213671875])
array('d', [-17.831640625000002, 0.466796875, 17.831640625000002, 1.0269531250000001])
array('d', [-17.831640625000002, 0.466796875, 17.831640625000002, 1.0269531250000001])
array('d', [-17.831640625000002, 0.466796875, 17.831640625000002, 1.0269531250000001])
array('d', [-18.2517578125, 0.18671875000000002, 17.9716796875, 0.37343750000000003])
array('d', [-17.131445312500002, 0.18671875000000002, 17.73828125, 0.93359375])
array('d', [-17.131445312500002, -0.8402343750000001, 17.5515625, -1.30703125])
array('d', [-17.131445312500002, -0.8402343750000001, 17.5515625, -1.30703125])
array('d', [-17.458203125, -0.8402343750000001, 17.644921875, -0.7935546875])
array('d', [-17.084765625, -0.2333984375, 17.73828125, 0.93359375])
array('d', [-17.5048828125, 0.9802734375000001, 17.831640625000002, -0.18671875000000002])
array('d', [-17.8783203125, 0.18671875000000002, 18.298437500000002, -0.7935546875])
array('d', [-17.831640625000002, 0.37343750000000003, 17.831640625000002, 2.0539062500000003])
array('d', [-18.205078125, 0.37343750000000003, 17.831640625000002, -0.18671875000000002])
array('d', [-18.205078125, 0.18671875000000002, 17.5515625, -0.18671875000000002])
array('d', [-17.131445312500002, -0.046679687500000004, 17.5515625, 2.1005859375])
array('d', [-16.711328125, -1.2603515625000001, 17.5515625, -0.8869140625])
array('d', [-16.711328125, -1.2603515625000001, 17.5515625, -0.8869140625])
array('d', [-17.8783203125, 0.466796875, 18.11171875, -0.09335937500000001])
array('d', [-17.8783203125, -0.56015625, 17.5515625, 0.93359375])
array('d', [-17.8783203125, -0.3267578125, 17.9716796875, 0.653515625])
array('d', [-17.8783203125, -0.3267578125, 17.9716796875, 0.653515625])
array('d', [-17.8783203125, -0.3267578125, 17.9716796875, 0.653515625])
array('d', [-17.131445312500002, -0.3267578125, 17.9716796875, 0.653515625])
array('d', [-17.5048828125, -0.2333984375, 17.925, 0.7935546875])
array('d', [-19.2787109375, -0.42011718750000004, 17.73828125, -0.18671875000000002])
array('d', [-19.2787109375, -0.42011718750000004, 17.73828125, -0.18671875000000002])
array('d', [-19.2787109375, -0.42011718750000004, 17.73828125, -0.18671875000000002])
array('d', [-19.2787109375, -0.42011718750000004, 17.73828125, -0.18671875000000002])
array('d', [-17.5048828125, 0.9802734375000001, 17.364843750000002, -0.18671875000000002])
array('d', [-18.205078125, 0.37343750000000003, 17.5515625, -0.5134765625000001])
array('d', [-18.205078125, 0.37343750000000003, 17.5515625, -0.5134765625000001])
array('d', [-17.5048828125, -0.653515625, 18.7185546875, 0.2333984375])
array('d', [-18.205078125, -0.42011718750000004, 17.644921875, -0.09335937500000001])
array('d', [-18.205078125, -0.42011718750000004, 17.644921875, -0.09335937500000001])
array('d', [-17.5048828125, -0.42011718750000004, 17.364843750000002, -0.09335937500000001])
array('d', [-17.831640625000002, 0.18671875000000002, 17.831640625000002, -0.8869140625])
array('d', [-17.831640625000002, 0.18671875000000002, 17.6916015625, 0.09335937500000001])
array('d', [-17.084765625, 0.8402343750000001, 17.6916015625, 0.09335937500000001])
array('d', [-16.3845703125, 0.18671875000000002, 18.391796875, 0.56015625])
array('d', [-16.3845703125, 0.18671875000000002, 18.391796875, 0.56015625])
array('d', [-16.3845703125, 0.18671875000000002, 18.391796875, 0.56015625])
array('d', [-16.3845703125, 0.18671875000000002, 18.391796875, 0.56015625])
array('d', [-17.8783203125, -0.2333984375, 18.11171875, -0.09335937500000001])
array('d', [-17.5048828125, -1.0736328125, 17.9716796875, -0.5134765625000001])
array('d', [-17.5048828125, -1.0736328125, 17.9716796875, 0.42011718750000004])
array('d', [-17.5048828125, -1.0736328125, 17.9716796875, 0.42011718750000004])
array('d', [-17.5048828125, -1.0736328125, 17.9716796875, 0.42011718750000004])
array('d', [-17.5048828125, 0.6068359375, 17.831640625000002, 0.37343750000000003])
array('d', [-16.7580078125, 0.6068359375, 17.831640625000002, 0.37343750000000003])
array('d', [-16.3845703125, -0.046679687500000004, 18.065039062500002, -0.09335937500000001])
array('d', [-18.205078125, -0.046679687500000004, 18.065039062500002, -0.09335937500000001])
array('d', [-18.205078125, -0.42011718750000004, 18.065039062500002, -4.2478515625])
array('d', [-18.205078125, -0.2333984375, 17.458203125, -0.8869140625])
array('d', [-18.205078125, -0.2333984375, 17.644921875, -0.653515625])
array('d', [-17.8783203125, 0.6068359375, 17.644921875, -0.653515625])
array('d', [-17.8783203125, 0.6068359375, 17.644921875, -0.653515625])
array('d', [-17.8783203125, 0.6068359375, 17.925, -0.18671875000000002])
array('d', [-17.458203125, 0.9802734375000001, 17.925, -0.18671875000000002])
array('d', [-16.0111328125, -0.653515625, 17.831640625000002, -0.18671875000000002])
array('d', [-17.831640625000002, 0.0, 17.5515625, 0.653515625])
array('d', [-17.831640625000002, 0.0, 17.458203125, -0.09335937500000001])
array('d', [-17.5048828125, -0.2333984375, 17.458203125, -0.09335937500000001])
array('d', [-18.205078125, -0.8869140625, 18.531835937500002, 0.2333984375])
array('d', [-18.205078125, -0.1400390625, 17.458203125, 0.93359375])
array('d', [-18.2517578125, -0.1400390625, 17.458203125, 0.93359375])
array('d', [-17.5048828125, -1.8205078125, 17.271484375, -0.37343750000000003])
array('d', [-16.7580078125, -0.046679687500000004, 17.831640625000002, 1.3537109375])
array('d', [-16.7580078125, -0.046679687500000004, 17.831640625000002, 1.3537109375])
array('d', [-18.205078125, -0.2333984375, 18.11171875, -0.09335937500000001])
array('d', [-17.5048828125, -0.046679687500000004, 17.9716796875, -0.18671875000000002])
array('d', [-17.5048828125, 0.9802734375000001, 18.2517578125, -0.09335937500000001])
array('d', [-17.5048828125, 0.9802734375000001, 18.2517578125, -0.09335937500000001])
array('d', [-17.5048828125, 0.9802734375000001, 18.2517578125, -0.09335937500000001])
array('d', [-17.458203125, 0.9802734375000001, 18.2517578125, -0.09335937500000001])
array('d', [-17.831640625000002, -0.8402343750000001, 17.271484375, -0.5134765625000001])
array('d', [-17.831640625000002, 0.466796875, 17.925, -0.5134765625000001])
array('d', [-18.9052734375, -0.653515625, 18.11171875, -0.7935546875])
array('d', [-16.0111328125, -0.046679687500000004, 17.364843750000002, -0.18671875000000002])
array('d', [-16.0111328125, -0.2333984375, 17.8783203125, -0.09335937500000001])
array('d', [-16.0111328125, -0.2333984375, 17.8783203125, -0.09335937500000001])
array('d', [-16.0111328125, -0.2333984375, 17.8783203125, -0.09335937500000001])
array('d', [-16.0111328125, -0.2333984375, 17.8783203125, -0.09335937500000001])
array('d', [-17.084765625, 0.8402343750000001, 17.925, 0.09335937500000001])
array('d', [-17.084765625, 0.8402343750000001, 17.084765625, -0.5134765625000001])
array('d', [-17.458203125, 0.37343750000000003, 17.084765625, -0.5134765625000001])
array('d', [-17.084765625, -0.42011718750000004, 17.644921875, 0.93359375])
array('d', [-18.578515625, 0.56015625, 17.6916015625, 0.37343750000000003])
array('d', [-18.578515625, 0.56015625, 17.6916015625, -0.8869140625])
array('d', [-17.5048828125, -0.046679687500000004, 17.9716796875, -0.8869140625])
array('d', [-17.5048828125, -0.046679687500000004, 17.9716796875, -0.8869140625])
array('d', [-17.5048828125, -0.046679687500000004, 17.9716796875, -0.8869140625])
array('d', [-17.5048828125, -0.046679687500000004, 17.9716796875, -0.8869140625])
array('d', [-17.5048828125, -0.046679687500000004, 17.9716796875, -0.8869140625])
array('d', [-17.084765625, 0.8402343750000001, 17.5515625, -0.18671875000000002])
array('d', [-17.8783203125, 0.0, 17.5515625, 0.56015625])
array('d', [-17.8783203125, 0.0, 17.5515625, 0.2333984375])
array('d', [-17.084765625, -0.2333984375, 17.084765625, 0.2333984375])
array('d', [-17.5048828125, 0.18671875000000002, 17.458203125, 0.37343750000000003])
array('d', [-17.5048828125, -0.2333984375, 17.458203125, -0.09335937500000001])
array('d', [-17.084765625, -0.2333984375, 17.364843750000002, -0.09335937500000001])
array('d', [-17.458203125, 0.18671875000000002, 17.831640625000002, 1.0269531250000001])
array('d', [-17.131445312500002, 1.400390625, 18.065039062500002, 1.213671875])
array('d', [-17.131445312500002, 1.400390625, 18.065039062500002, -0.18671875000000002])
array('d', [-18.205078125, 0.37343750000000003, 18.298437500000002, -0.18671875000000002])
array('d', [-17.8783203125, -0.56015625, 17.5515625, 0.2333984375])
array('d', [-17.8783203125, -0.42011718750000004, 17.644921875, 0.653515625])
array('d', [-17.831640625000002, -0.42011718750000004, 17.644921875, 0.653515625])
array('d', [-17.831640625000002, 0.37343750000000003, 18.2517578125, 0.2333984375])
array('d', [-17.831640625000002, 0.37343750000000003, 17.364843750000002, -0.5134765625000001])
array('d', [-17.084765625, -0.8402343750000001, 17.644921875, 0.653515625])
array('d', [-17.084765625, -0.8402343750000001, 17.644921875, -0.7935546875])
array('d', [-17.084765625, 0.18671875000000002, 17.644921875, -0.7935546875])
array('d', [-17.831640625000002, 0.18671875000000002, 17.6916015625, 0.2333984375])
array('d', [-18.205078125, -0.18671875000000002, 17.271484375, 1.213671875])
array('d', [-18.9052734375, -0.18671875000000002, 17.271484375, 1.213671875])
array('d', [-17.084765625, 0.8402343750000001, 17.8783203125, -0.18671875000000002])
array('d', [-16.7580078125, -0.2333984375, 17.5048828125, -0.18671875000000002])
array('d', [-17.084765625, -1.0269531250000001, 18.391796875, -0.18671875000000002])
array('d', [-17.084765625, 0.6068359375, 17.831640625000002, 2.5673828125])
array('d', [-17.5048828125, 0.6068359375, 17.831640625000002, 2.5673828125])
array('d', [-17.831640625000002, 0.37343750000000003, 18.11171875, -0.18671875000000002])
array('d', [-17.458203125, 0.37343750000000003, 18.11171875, -0.18671875000000002])
array('d', [-17.458203125, 0.37343750000000003, 18.11171875, -0.18671875000000002])
array('d', [-17.458203125, -0.046679687500000004, 17.5515625, 0.56015625])
array('d', [-17.5048828125, 0.37343750000000003, 17.73828125, 0.653515625])
array('d', [-17.5048828125, 0.37343750000000003, 17.73828125, 0.653515625])
array('d', [-17.5048828125, -0.2333984375, 17.5048828125, 1.5404296875])
array('d', [-18.205078125, -0.2333984375, 17.5048828125, 0.56015625])
array('d', [-16.711328125, 0.9802734375000001, 17.8783203125, 0.56015625])
array('d', [-18.205078125, 0.37343750000000003, 17.6916015625, -0.18671875000000002])
array('d', [-18.205078125, 0.37343750000000003, 17.6916015625, -0.18671875000000002])
array('d', [-18.205078125, 0.37343750000000003, 17.6916015625, 0.653515625])
array('d', [-17.131445312500002, -1.2603515625000001, 17.084765625, 0.653515625])
array('d', [-17.084765625, -0.42011718750000004, 18.11171875, 0.56015625])
array('d', [-17.131445312500002, -0.42011718750000004, 18.11171875, 0.56015625])
array('d', [-17.131445312500002, -0.42011718750000004, 18.11171875, 0.56015625])
array('d', [-17.131445312500002, 0.37343750000000003, 17.364843750000002, -1.0269531250000001])
array('d', [-18.578515625, 0.37343750000000003, 17.6916015625, -0.18671875000000002])
array('d', [-18.578515625, -0.8402343750000001, 17.925, 0.2333984375])
array('d', [-18.578515625, -0.8402343750000001, 17.925, 0.2333984375])
array('d', [-18.578515625, -0.8402343750000001, 17.925, 0.2333984375])
array('d', [-18.578515625, -0.8402343750000001, 17.925, 0.2333984375])
array('d', [-18.578515625, -0.8402343750000001, 17.925, 0.2333984375])
array('d', [-18.2517578125, -0.653515625, 18.391796875, 0.653515625])
array('d', [-17.5048828125, 1.0736328125, 17.0380859375, 0.653515625])
array('d', [-17.5048828125, -0.046679687500000004, 17.458203125, -0.37343750000000003])
array('d', [-17.5048828125, -0.046679687500000004, 17.458203125, -0.37343750000000003])
array('d', [-17.5048828125, -0.046679687500000004, 17.458203125, -0.37343750000000003])
array('d', [-17.131445312500002, -0.2333984375, 17.831640625000002, -1.213671875])
array('d', [-17.131445312500002, -0.2333984375, 17.831640625000002, 0.56015625])
array('d', [-17.831640625000002, 0.37343750000000003, 18.018359375, 0.56015625])
array('d', [-17.5048828125, 0.9802734375000001, 17.3181640625, 0.09335937500000001])
array('d', [-18.578515625, 0.18671875000000002, 17.73828125, -0.8869140625])
array('d', [-18.578515625, 0.18671875000000002, 18.2517578125, 0.2333984375])
array('d', [-17.5048828125, 0.18671875000000002, 17.5048828125, -0.8869140625])
array('d', [-17.131445312500002, 0.0, 17.5048828125, -0.8869140625])
array('d', [-17.5048828125, 0.8402343750000001, 16.8046875, -0.8402343750000001])
array('d', [-17.5048828125, 0.9802734375000001, 17.831640625000002, 0.09335937500000001])
array('d', [-17.5048828125, 0.9802734375000001, 17.831640625000002, 0.09335937500000001])
array('d', [-17.5048828125, 0.9802734375000001, 17.831640625000002, 0.09335937500000001])
array('d', [-17.831640625000002, -0.56015625, 17.6916015625, 0.2333984375])
array('d', [-17.831640625000002, 0.37343750000000003, 17.6916015625, 0.09335937500000001])
array('d', [-19.325390625, 0.37343750000000003, 17.6916015625, 0.09335937500000001])
array('d', [-19.325390625, 0.37343750000000003, 17.6916015625, 0.09335937500000001])
array('d', [-19.325390625, 0.37343750000000003, 17.6916015625, 0.09335937500000001])
array('d', [-18.2517578125, 1.587109375, 18.018359375, 0.09335937500000001])
array('d', [-17.831640625000002, -0.046679687500000004, 17.3181640625, -0.37343750000000003])
array('d', [-17.8783203125, 0.0, 17.6916015625, -0.5134765625000001])
array('d', [-17.8783203125, 0.0, 17.6916015625, -0.5134765625000001])
array('d', [-18.205078125, 0.7468750000000001, 17.6916015625, 0.56015625])
array('d', [-18.205078125, -0.046679687500000004, 18.2517578125, 0.2333984375])
array('d', [-17.5048828125, -0.046679687500000004, 18.2517578125, 0.2333984375])
array('d', [-17.5048828125, -0.046679687500000004, 18.2517578125, 0.2333984375])
array('d', [-18.578515625, 0.56015625, 17.8783203125, -0.18671875000000002])
array('d', [-15.6376953125, -1.0269531250000001, 17.271484375, -1.4937500000000001])
array('d', [-15.6376953125, -1.0269531250000001, 17.271484375, -0.18671875000000002])
array('d', [-15.6376953125, -1.0269531250000001, 17.271484375, -0.18671875000000002])
array('d', [-17.5048828125, -0.8402343750000001, 18.298437500000002, 0.93359375])
array('d', [-17.5048828125, 0.18671875000000002, 17.644921875, -0.37343750000000003])
array('d', [-17.5048828125, 0.18671875000000002, 17.644921875, -0.37343750000000003])
array('d', [-17.131445312500002, -0.42011718750000004, 18.11171875, 0.2333984375])
array('d', [-17.131445312500002, -1.0736328125, 17.5515625, -0.09335937500000001])
array('d', [-17.131445312500002, -1.0736328125, 17.084765625, -0.5134765625000001])
array('d', [-18.998632812500002, -0.2333984375, 17.084765625, -0.5134765625000001])
array('d', [-17.831640625000002, -0.2333984375, 18.018359375, -0.18671875000000002])
array('d', [-18.578515625, -0.046679687500000004, 17.5048828125, -0.5134765625000001])
array('d', [-18.578515625, -0.046679687500000004, 17.5048828125, 0.56015625])
array('d', [-18.578515625, -0.653515625, 17.5048828125, 0.56015625])
array('d', [-17.131445312500002, -0.466796875, 17.598242187500002, -0.8869140625])
array('d', [-17.131445312500002, -0.42011718750000004, 18.018359375, -0.653515625])
array('d', [-17.831640625000002, -0.42011718750000004, 18.018359375, -0.653515625])
array('d', [-18.2517578125, -0.42011718750000004, 17.644921875, 0.09335937500000001])
array('d', [-17.831640625000002, 0.8402343750000001, 17.925, 0.56015625])
array('d', [-17.831640625000002, 0.8402343750000001, 17.925, 0.56015625])
array('d', [-17.084765625, 0.8402343750000001, 17.925, 0.56015625])
array('d', [-17.084765625, 0.18671875000000002, 17.6916015625, 0.56015625])
array('d', [-17.831640625000002, 0.18671875000000002, 17.6916015625, 0.56015625])
array('d', [-16.711328125, 0.18671875000000002, 18.9052734375, -0.09335937500000001])
array('d', [-18.578515625, -1.0269531250000001, 17.925, 0.93359375])
array('d', [-17.084765625, -0.466796875, 17.831640625000002, -0.37343750000000003])
array('d', [-17.131445312500002, -0.046679687500000004, 17.925, -0.18671875000000002])
array('d', [-17.131445312500002, -0.046679687500000004, 17.925, -0.18671875000000002])
array('d', [-17.831640625000002, -0.8402343750000001, 17.6916015625, -0.7935546875])
array('d', [-17.831640625000002, -1.773828125, 18.11171875, 0.653515625])
array('d', [-17.8783203125, -1.773828125, 17.458203125, -0.18671875000000002])
array('d', [-17.831640625000002, 0.9802734375000001, 17.458203125, -0.18671875000000002])
array('d', [-17.458203125, 0.18671875000000002, 18.531835937500002, 0.653515625])
array('d', [-18.2517578125, 0.1400390625, 17.6916015625, 1.0269531250000001])
array('d', [-18.2517578125, 0.1400390625, 18.11171875, 1.0269531250000001])
array('d', [-17.8783203125, 0.466796875, 18.11171875, 1.0269531250000001])
array('d', [-17.8783203125, 0.37343750000000003, 17.5515625, 0.56015625])
array('d', [-17.458203125, 0.8402343750000001, 17.5515625, -1.0736328125])
array('d', [-17.458203125, 0.8402343750000001, 17.5515625, -1.0736328125])
array('d', [-17.458203125, 0.8402343750000001, 17.5515625, -1.0736328125])
array('d', [-17.458203125, 0.8402343750000001, 17.5515625, -1.0736328125])
array('d', [-17.8783203125, -0.046679687500000004, 17.925, -0.5134765625000001])
array('d', [-17.8783203125, -0.046679687500000004, 18.018359375, -0.09335937500000001])
array('d', [-17.831640625000002, -0.653515625, 18.018359375, -0.09335937500000001])
array('d', [-17.831640625000002, -0.2333984375, 17.5048828125, 0.2333984375])
array('d', [-17.831640625000002, -0.1400390625, 17.5048828125, -0.09335937500000001])
array('d', [-17.831640625000002, -0.1400390625, 17.5048828125, -0.5134765625000001])
array('d', [-18.578515625, -0.18671875000000002, 17.5048828125, -0.5134765625000001])
array('d', [-16.3845703125, 0.8402343750000001, 17.6916015625, -0.09335937500000001])
array('d', [-16.3845703125, 0.8402343750000001, 17.364843750000002, -0.7935546875])
array('d', [-18.205078125, -0.2333984375, 17.364843750000002, -0.7935546875])
array('d', [-17.831640625000002, 0.18671875000000002, 17.5515625, -0.09335937500000001])
array('d', [-17.8783203125, -0.2333984375, 18.018359375, -0.09335937500000001])
array('d', [-17.8783203125, 0.9802734375000001, 18.11171875, 0.37343750000000003])
array('d', [-17.8783203125, 0.9802734375000001, 18.11171875, 0.37343750000000003])
array('d', [-17.8783203125, 0.9802734375000001, 18.11171875, 0.37343750000000003])
array('d', [-17.8783203125, 0.9802734375000001, 18.11171875, 0.37343750000000003])
array('d', [-17.8783203125, 0.9802734375000001, 18.11171875, 0.37343750000000003])
array('d', [-18.578515625, 0.7468750000000001, 18.065039062500002, -0.09335937500000001])
array('d', [-17.084765625, -0.2333984375, 18.11171875, -0.09335937500000001])
array('d', [-18.205078125, 1.1669921875, 18.48515625, 0.09335937500000001])
array('d', [-18.2517578125, 0.37343750000000003, 18.298437500000002, -1.213671875])
array('d', [-18.2517578125, 0.18671875000000002, 17.925, -0.09335937500000001])
array('d', [-16.711328125, 0.18671875000000002, 18.11171875, -1.6337890625])
array('d', [-17.131445312500002, 0.18671875000000002, 18.11171875, -1.6337890625])
array('d', [-17.131445312500002, 0.18671875000000002, 18.11171875, -1.6337890625])
array('d', [-17.131445312500002, 0.18671875000000002, 18.11171875, -1.6337890625])
array('d', [-16.0111328125, -0.8402343750000001, 17.178125, 0.93359375])
array('d', [-16.0111328125, 0.18671875000000002, 17.831640625000002, -2.1005859375])
array('d', [-16.711328125, 0.18671875000000002, 17.831640625000002, -2.1005859375])
array('d', [-16.711328125, 0.18671875000000002, 17.831640625000002, -2.1005859375])
array('d', [-16.711328125, 0.18671875000000002, 17.831640625000002, -2.1005859375])
array('d', [-17.458203125, 0.9802734375000001, 17.5048828125, -0.09335937500000001])
array('d', [-16.3845703125, 0.56015625, 18.3451171875, -0.09335937500000001])
array('d', [-17.831640625000002, -0.046679687500000004, 18.391796875, -0.18671875000000002])
array('d', [-17.831640625000002, -0.046679687500000004, 18.391796875, -0.18671875000000002])
array('d', [-17.831640625000002, -0.046679687500000004, 18.391796875, -0.18671875000000002])
array('d', [-17.831640625000002, -0.046679687500000004, 18.391796875, -0.18671875000000002])
array('d', [-17.831640625000002, -0.046679687500000004, 18.391796875, -0.18671875000000002])
array('d', [-17.831640625000002, 0.18671875000000002, 17.6916015625, 1.0269531250000001])
array('d', [-17.831640625000002, -0.653515625, 17.6916015625, -0.09335937500000001])
array('d', [-17.5048828125, -0.56015625, 17.644921875, -0.18671875000000002])
array('d', [-17.5048828125, -0.56015625, 17.644921875, -0.18671875000000002])
array('d', [-17.5048828125, -0.56015625, 17.644921875, -0.18671875000000002])
array('d', [-17.5048828125, 0.6068359375, 17.925, 0.09335937500000001])
array('d', [-17.5048828125, 0.6068359375, 17.925, 1.6804687500000002])
array('d', [-18.205078125, 0.8402343750000001, 17.3181640625, 1.6804687500000002])
array('d', [-17.5048828125, 0.37343750000000003, 18.11171875, -0.5134765625000001])
array('d', [-17.5048828125, 0.9802734375000001, 17.831640625000002, -0.5134765625000001])
array('d', [-17.831640625000002, 0.9802734375000001, 17.831640625000002, -0.5134765625000001])
array('d', [-17.5048828125, 0.7468750000000001, 17.178125, 0.93359375])
array('d', [-17.5048828125, 0.7468750000000001, 17.178125, 0.93359375])
array('d', [-17.084765625, 0.9802734375000001, 18.11171875, 0.2333984375])
array('d', [-17.5048828125, 0.6068359375, 18.298437500000002, -0.7935546875])
array('d', [-17.5048828125, 0.6068359375, 18.298437500000002, -0.5134765625000001])
array('d', [-16.7580078125, 0.6068359375, 18.298437500000002, -0.5134765625000001])
array('d', [-16.7580078125, 0.6068359375, 18.298437500000002, -0.5134765625000001])
array('d', [-18.2517578125, -0.2333984375, 17.831640625000002, -0.18671875000000002])
array('d', [-18.2517578125, -0.2333984375, 17.6916015625, 0.56015625])
array('d', [-17.831640625000002, 0.0, 17.6916015625, 0.56015625])
array('d', [-17.084765625, 0.37343750000000003, 17.458203125, -0.5134765625000001])
array('d', [-17.831640625000002, 0.6068359375, 18.2517578125, -0.18671875000000002])
array('d', [-17.831640625000002, -0.046679687500000004, 17.925, 0.09335937500000001])
array('d', [-17.5048828125, -0.046679687500000004, 17.925, 0.09335937500000001])
array('d', [-16.7580078125, -0.8402343750000001, 17.8783203125, 1.3537109375])
array('d', [-18.9052734375, 0.18671875000000002, 18.205078125, 0.046679687500000004])
array('d', [-18.9052734375, 0.18671875000000002, 18.205078125, -0.18671875000000002])
array('d', [-17.458203125, 0.18671875000000002, 18.2517578125, -0.18671875000000002])
array('d', [-17.8783203125, -0.2333984375, 17.925, -1.213671875])
array('d', [-17.8783203125, -0.2333984375, 17.5048828125, -1.0736328125])
array('d', [-17.084765625, -0.2333984375, 17.5048828125, 0.2333984375])
array('d', [-17.5048828125, -0.046679687500000004, 17.3181640625, 0.2333984375])
array('d', [-18.205078125, 0.6068359375, 18.11171875, -0.653515625])
array('d', [-18.205078125, 0.18671875000000002, 17.644921875, -0.37343750000000003])
array('d', [-18.205078125, 0.18671875000000002, 17.644921875, -0.37343750000000003])
array('d', [-17.131445312500002, -1.2603515625000001, 17.6916015625, 0.56015625])
array('d', [-18.578515625, -0.653515625, 17.8783203125, -0.09335937500000001])
array('d', [-17.831640625000002, -0.2333984375, 17.8783203125, -0.09335937500000001])
array('d', [-17.084765625, 0.8402343750000001, 17.364843750000002, -0.653515625])
array('d', [-17.5048828125, 0.37343750000000003, 17.925, 0.93359375])
array('d', [-17.5048828125, 0.37343750000000003, 17.925, 0.93359375])
array('d', [-17.5048828125, 0.37343750000000003, 17.925, 0.93359375])
array('d', [-17.5048828125, 0.37343750000000003, 17.925, 0.93359375])
array('d', [-18.2517578125, 0.18671875000000002, 17.644921875, 0.653515625])
array('d', [-17.831640625000002, 0.8402343750000001, 18.531835937500002, 0.2333984375])
array('d', [-17.831640625000002, -0.2333984375, 18.391796875, -0.5134765625000001])
array('d', [-17.084765625, -0.2333984375, 18.391796875, 0.56015625])
array('d', [-17.084765625, 0.0, 17.5515625, 0.56015625])
array('d', [-17.458203125, 0.37343750000000003, 17.925, -0.5134765625000001])
array('d', [-17.458203125, -0.653515625, 17.5048828125, -0.7935546875])
array('d', [-17.458203125, -0.653515625, 17.5048828125, -0.7935546875])
array('d', [-17.084765625, -0.046679687500000004, 18.018359375, 0.56015625])
array('d', [-17.831640625000002, 0.8402343750000001, 16.898046875000002, 0.653515625])
array('d', [-17.831640625000002, 0.8402343750000001, 16.898046875000002, 0.653515625])
array('d', [-17.831640625000002, 0.8402343750000001, 16.898046875000002, 0.653515625])
array('d', [-17.831640625000002, 0.8402343750000001, 16.898046875000002, 0.653515625])
array('d', [-17.831640625000002, 0.8402343750000001, 16.898046875000002, 0.653515625])
array('d', [-17.8783203125, -0.2333984375, 18.11171875, 0.56015625])
array('d', [-16.7580078125, -0.046679687500000004, 18.205078125, 0.2333984375])
array('d', [-16.7580078125, -0.046679687500000004, 17.364843750000002, -0.7935546875])
array('d', [-16.7580078125, -0.046679687500000004, 17.364843750000002, -0.7935546875])
array('d', [-17.5048828125, 0.37343750000000003, 17.6916015625, -1.213671875])
array('d', [-17.5048828125, 0.37343750000000003, 17.831640625000002, 0.37343750000000003])
array('d', [-18.998632812500002, -0.2333984375, 17.831640625000002, 0.37343750000000003])
array('d', [-18.998632812500002, -0.2333984375, 17.831640625000002, 0.37343750000000003])
array('d', [-18.998632812500002, -0.2333984375, 17.831640625000002, 0.37343750000000003])
array('d', [-17.831640625000002, -0.046679687500000004, 17.644921875, 0.37343750000000003])
array('d', [-17.458203125, 1.0736328125, 18.11171875, -0.3267578125])
array('d', [-17.458203125, -0.046679687500000004, 17.5048828125, 0.09335937500000001])
array('d', [-17.831640625000002, -0.046679687500000004, 17.5048828125, 0.09335937500000001])
array('d', [-17.131445312500002, 0.37343750000000003, 17.831640625000002, -0.5134765625000001])
array('d', [-17.8783203125, -0.42011718750000004, 17.925, 0.653515625])
array('d', [-17.8783203125, -0.42011718750000004, 17.3181640625, -0.7935546875])
array('d', [-17.8783203125, -0.42011718750000004, 17.3181640625, -0.7935546875])
array('d', [-17.8783203125, -0.42011718750000004, 17.3181640625, -0.7935546875])
array('d', [-16.0111328125, 0.37343750000000003, 17.5048828125, -1.213671875])
array('d', [-17.131445312500002, 0.466796875, 17.5048828125, -1.213671875])
array('d', [-18.205078125, 0.9802734375000001, 17.925, -0.5134765625000001])
array('d', [-18.205078125, 0.9802734375000001, 17.5515625, 0.653515625])
array('d', [-18.578515625, -0.653515625, 17.5515625, 0.653515625])
array('d', [-17.5048828125, -0.046679687500000004, 17.5048828125, 0.653515625])
array('d', [-17.831640625000002, -0.42011718750000004, 17.925, 0.2333984375])
array('d', [-17.831640625000002, -0.42011718750000004, 17.925, 0.2333984375])
array('d', [-18.2517578125, 0.6068359375, 17.364843750000002, -0.18671875000000002])
array('d', [-17.458203125, -0.42011718750000004, 17.831640625000002, 0.56015625])
array('d', [-18.205078125, -0.2333984375, 17.831640625000002, 0.56015625])
array('d', [-18.205078125, -0.2333984375, 17.831640625000002, 0.56015625])
array('d', [-18.205078125, -0.2333984375, 17.831640625000002, 0.56015625])
array('d', [-18.205078125, -0.2333984375, 17.5048828125, -0.653515625])
array('d', [-17.458203125, -0.2333984375, 17.6916015625, -0.653515625])
array('d', [-17.5048828125, -0.046679687500000004, 17.831640625000002, -0.18671875000000002])
array('d', [-17.5048828125, -0.046679687500000004, 17.831640625000002, -0.18671875000000002])
array('d', [-17.8783203125, 0.18671875000000002, 17.644921875, 0.42011718750000004])
array('d', [-17.831640625000002, 0.56015625, 17.364843750000002, 0.2333984375])
array('d', [-17.084765625, -0.56015625, 17.5048828125, -1.213671875])
array('d', [-17.084765625, -0.56015625, 18.018359375, -0.09335937500000001])
array('d', [-17.831640625000002, -0.8402343750000001, 18.018359375, -0.09335937500000001])
array('d', [-17.131445312500002, -0.42011718750000004, 17.2248046875, -0.09335937500000001])
array('d', [-18.2517578125, 0.0, 17.084765625, 0.37343750000000003])
array('d', [-18.2517578125, 0.0, 17.084765625, 0.37343750000000003])
array('d', [-18.2517578125, 0.0, 17.084765625, 0.37343750000000003])
array('d', [-18.2517578125, 0.0, 17.084765625, 0.37343750000000003])
array('d', [-18.2517578125, 0.0, 17.084765625, 0.37343750000000003])
array('d', [-18.2517578125, 0.0, 17.644921875, 0.56015625])
array('d', [-18.2517578125, 0.18671875000000002, 17.644921875, 0.56015625])
array('d', [-18.578515625, 0.56015625, 18.298437500000002, -0.09335937500000001])
array('d', [-18.578515625, 0.56015625, 17.5515625, -0.653515625])
array('d', [-18.578515625, 0.56015625, 17.5515625, 0.09335937500000001])
array('d', [-18.951953125, 1.1669921875, 18.2517578125, 0.09335937500000001])
array('d', [-16.7580078125, 1.213671875, 17.5048828125, 0.09335937500000001])
array('d', [-16.711328125, 0.466796875, 17.644921875, -0.5134765625000001])
array('d', [-17.831640625000002, 0.18671875000000002, 17.364843750000002, -0.5134765625000001])
array('d', [-17.831640625000002, 0.18671875000000002, 17.364843750000002, 0.93359375])
array('d', [-17.831640625000002, 0.18671875000000002, 17.364843750000002, 0.93359375])
array('d', [-18.9052734375, 0.37343750000000003, 17.644921875, 0.2333984375])
array('d', [-17.084765625, -0.2333984375, 17.831640625000002, 0.2333984375])
array('d', [-17.084765625, -0.56015625, 17.925, 0.2333984375])
array('d', [-17.084765625, 0.0, 17.364843750000002, -0.37343750000000003])
array('d', [-18.9052734375, 0.0, 17.364843750000002, -0.37343750000000003])
array('d', [-19.2787109375, 0.37343750000000003, 17.6916015625, 0.2333984375])
array('d', [-16.711328125, -0.653515625, 17.831640625000002, -0.5134765625000001])
array('d', [-16.711328125, -0.653515625, 17.831640625000002, -0.5134765625000001])
array('d', [-16.711328125, -0.653515625, 17.831640625000002, -0.5134765625000001])
array('d', [-17.5048828125, 0.6068359375, 18.531835937500002, -0.8402343750000001])
array('d', [-17.5048828125, 0.6068359375, 18.205078125, -0.18671875000000002])
array('d', [-19.325390625, -0.2333984375, 18.205078125, -0.18671875000000002])
array('d', [-16.3845703125, -1.0269531250000001, 17.6916015625, -0.8869140625])
array('d', [-16.3845703125, 0.7935546875, 18.11171875, 0.37343750000000003])
array('d', [-18.205078125, 0.7935546875, 18.11171875, -0.8402343750000001])
array('d', [-17.8783203125, 0.56015625, 17.2248046875, -0.8402343750000001])
array('d', [-17.8783203125, 0.56015625, 17.2248046875, -0.8402343750000001])
array('d', [-17.8783203125, 0.56015625, 17.2248046875, -0.8402343750000001])
array('d', [-18.205078125, 1.213671875, 17.364843750000002, 0.9802734375000001])
array('d', [-18.578515625, -0.653515625, 18.11171875, 0.2333984375])
array('d', [-17.084765625, 0.37343750000000003, 18.11171875, 0.2333984375])
array('d', [-17.084765625, 0.37343750000000003, 18.11171875, 0.2333984375])
array('d', [-17.831640625000002, 0.1400390625, 17.3181640625, -0.8869140625])
array('d', [-17.831640625000002, -0.42011718750000004, 17.73828125, -0.5134765625000001])
array('d', [-17.5048828125, -0.42011718750000004, 17.73828125, -0.5134765625000001])
array('d', [-17.5048828125, -0.42011718750000004, 17.73828125, -0.5134765625000001])
array('d', [-17.5048828125, -0.42011718750000004, 17.73828125, -0.5134765625000001])
array('d', [-17.5048828125, -0.42011718750000004, 17.73828125, -0.5134765625000001])
array('d', [-17.084765625, 0.18671875000000002, 18.3451171875, 0.93359375])
array('d', [-17.831640625000002, -0.280078125, 18.391796875, 0.9802734375000001])
array('d', [-18.205078125, -0.42011718750000004, 17.831640625000002, -0.18671875000000002])
array('d', [-18.205078125, -0.42011718750000004, 17.831640625000002, 0.37343750000000003])
array('d', [-17.831640625000002, -0.42011718750000004, 17.925, 0.37343750000000003])
array('d', [-17.084765625, -0.2333984375, 17.458203125, 0.2333984375])
array('d', [-17.084765625, 0.18671875000000002, 18.11171875, -0.5134765625000001])
array('d', [-17.131445312500002, 0.18671875000000002, 18.11171875, -0.5134765625000001])
array('d', [-18.578515625, 0.18671875000000002, 18.205078125, 0.2333984375])
array('d', [-17.131445312500002, -0.42011718750000004, 17.644921875, -1.213671875])
array('d', [-17.831640625000002, 0.1400390625, 17.5048828125, 0.37343750000000003])
array('d', [-17.831640625000002, 0.1400390625, 17.5048828125, -0.18671875000000002])
array('d', [-17.8783203125, 0.3267578125, 18.3451171875, -0.18671875000000002])
array('d', [-18.205078125, -0.37343750000000003, 18.11171875, 0.9802734375000001])
array('d', [-17.831640625000002, 0.7935546875, 18.065039062500002, 0.93359375])
array('d', [-17.831640625000002, 0.7935546875, 18.065039062500002, 0.93359375])
array('d', [-17.084765625, -0.37343750000000003, 17.925, 0.2333984375])
array('d', [-17.831640625000002, 0.18671875000000002, 17.925, 0.2333984375])
array('d', [-17.831640625000002, 0.18671875000000002, 17.925, 0.2333984375])
array('d', [-17.831640625000002, 0.6068359375, 17.925, 0.2333984375])
array('d', [-17.084765625, 0.6068359375, 17.925, 0.2333984375])
array('d', [-17.084765625, 0.6068359375, 17.6916015625, 0.2333984375])
array('d', [-17.084765625, 0.6068359375, 17.6916015625, 0.2333984375])
array('d', [-18.2517578125, -0.466796875, 17.458203125, -0.5134765625000001])
array('d', [-17.458203125, -0.046679687500000004, 17.5048828125, -0.8869140625])
array('d', [-18.2517578125, -0.2333984375, 18.391796875, 0.09335937500000001])
array('d', [-18.2517578125, -0.2333984375, 18.298437500000002, -1.6337890625])
array('d', [-17.5048828125, -0.2333984375, 18.298437500000002, -0.09335937500000001])
array('d', [-16.337890625, -0.8402343750000001, 17.084765625, -0.09335937500000001])
array('d', [-17.458203125, -0.8402343750000001, 17.084765625, -0.09335937500000001])
array('d', [-17.458203125, -0.046679687500000004, 18.018359375, -0.8402343750000001])
array('d', [-18.205078125, 0.1400390625, 18.018359375, -0.09335937500000001])
array('d', [-17.084765625, 0.6068359375, 17.6916015625, -0.09335937500000001])
array('d', [-17.084765625, -0.653515625, 18.018359375, -0.18671875000000002])
array('d', [-17.131445312500002, 0.18671875000000002, 16.99140625, -0.18671875000000002])
array('d', [-17.131445312500002, -0.8402343750000001, 18.205078125, -0.8869140625])
array('d', [-18.2517578125, -0.56015625, 17.831640625000002, -0.5134765625000001])
array('d', [-18.2517578125, -0.56015625, 17.831640625000002, -0.18671875000000002])
array('d', [-16.711328125, -0.1400390625, 17.5048828125, -0.18671875000000002])
array('d', [-17.5048828125, -0.8402343750000001, 17.5048828125, -0.18671875000000002])
array('d', [-17.084765625, -0.2333984375, 18.205078125, -0.09335937500000001])
array('d', [-17.084765625, -0.2333984375, 18.205078125, -0.09335937500000001])
array('d', [-16.7580078125, 0.0, 17.831640625000002, -0.8869140625])
array('d', [-16.7580078125, -0.653515625, 17.6916015625, 0.37343750000000003])
array('d', [-18.2517578125, -0.653515625, 17.6916015625, 0.56015625])
array('d', [-17.831640625000002, 0.56015625, 17.084765625, 0.56015625])
array('d', [-18.578515625, -0.046679687500000004, 17.831640625000002, -1.0269531250000001])
array('d', [-17.831640625000002, -0.2333984375, 17.3181640625, -0.37343750000000003])
array('d', [-17.458203125, -0.2333984375, 17.644921875, -0.37343750000000003])
array('d', [-17.8783203125, -0.2333984375, 17.644921875, -0.37343750000000003])
array('d', [-17.8783203125, -0.2333984375, 17.644921875, -0.37343750000000003])
array('d', [-17.8783203125, -0.2333984375, 17.644921875, -0.37343750000000003])
array('d', [-17.8783203125, -0.2333984375, 17.644921875, -0.37343750000000003])
array('d', [-18.578515625, -0.046679687500000004, 17.271484375, 0.2333984375])
array('d', [-18.578515625, -0.046679687500000004, 17.271484375, -0.5134765625000001])
array('d', [-17.5048828125, 0.56015625, 18.018359375, -0.5134765625000001])
array('d', [-16.711328125, -0.653515625, 18.018359375, -0.5134765625000001])
array('d', [-17.831640625000002, 0.37343750000000003, 18.018359375, 0.2333984375])
array('d', [-17.8783203125, -0.046679687500000004, 18.11171875, 0.56015625])
array('d', [-17.8783203125, -0.046679687500000004, 18.11171875, 0.56015625])
array('d', [-17.8783203125, -0.046679687500000004, 18.11171875, 0.56015625])
array('d', [-17.8783203125, -0.046679687500000004, 18.11171875, 0.56015625])
array('d', [-16.7580078125, 0.37343750000000003, 17.925, -0.18671875000000002])
array('d', [-18.9052734375, 0.37343750000000003, 17.6916015625, 0.56015625])
array('d', [-18.205078125, 0.37343750000000003, 17.3181640625, 0.653515625])
array('d', [-18.205078125, 0.37343750000000003, 17.3181640625, 0.653515625])
array('d', [-18.205078125, 0.37343750000000003, 17.3181640625, 0.653515625])
array('d', [-17.5048828125, -0.653515625, 17.831640625000002, -0.5134765625000001])
array('d', [-17.5048828125, -0.653515625, 17.831640625000002, -0.09335937500000001])
array('d', [-18.578515625, 0.6068359375, 17.5048828125, -0.09335937500000001])
array('d', [-17.831640625000002, 0.0, 17.458203125, -0.18671875000000002])
array('d', [-17.831640625000002, 0.37343750000000003, 17.271484375, -0.09335937500000001])
array('d', [-16.3845703125, 0.37343750000000003, 17.364843750000002, 0.37343750000000003])
array('d', [-17.5048828125, -0.42011718750000004, 17.364843750000002, 0.37343750000000003])
array('d', [-17.5048828125, -0.42011718750000004, 17.364843750000002, 0.37343750000000003])
array('d', [-17.084765625, -0.9802734375000001, 17.364843750000002, -0.09335937500000001])
array('d', [-17.131445312500002, -0.8402343750000001, 17.831640625000002, -0.09335937500000001])
array('d', [-17.8783203125, -1.0736328125, 17.831640625000002, -0.09335937500000001])
array('d', [-17.5048828125, 0.8402343750000001, 18.018359375, 0.56015625])
array('d', [-18.205078125, -0.046679687500000004, 18.48515625, 1.3537109375])
array('d', [-17.131445312500002, -0.046679687500000004, 18.48515625, -0.09335937500000001])
array('d', [-17.131445312500002, 0.18671875000000002, 17.0380859375, 0.2333984375])
array('d', [-17.8783203125, 0.18671875000000002, 17.0380859375, 0.2333984375])
array('d', [-17.831640625000002, 0.37343750000000003, 17.644921875, 0.93359375])
array('d', [-17.831640625000002, 0.37343750000000003, 17.644921875, 0.93359375])
array('d', [-17.831640625000002, 0.37343750000000003, 17.644921875, 0.93359375])
array('d', [-17.831640625000002, 0.37343750000000003, 17.644921875, 0.93359375])
array('d', [-17.084765625, 0.6068359375, 17.271484375, -0.18671875000000002])
array('d', [-17.8783203125, 1.1669921875, 17.925, 0.2333984375])
array('d', [-17.831640625000002, -0.046679687500000004, 17.2248046875, 1.0269531250000001])
array('d', [-17.831640625000002, -0.046679687500000004, 17.925, -0.18671875000000002])
array('d', [-16.7580078125, -0.37343750000000003, 17.925, -0.18671875000000002])
array('d', [-17.5048828125, -1.1669921875, 17.8783203125, 0.2333984375])
array('d', [-15.964453125, 0.18671875000000002, 17.6916015625, 0.2333984375])
array('d', [-15.964453125, 0.18671875000000002, 17.831640625000002, 0.2333984375])
array('d', [-18.205078125, -0.046679687500000004, 17.831640625000002, 0.2333984375])
array('d', [-17.5048828125, -0.653515625, 17.6916015625, -0.5134765625000001])
array('d', [-17.084765625, 0.18671875000000002, 17.2248046875, 0.653515625])
array('d', [-17.084765625, 0.18671875000000002, 17.2248046875, 0.653515625])
array('d', [-17.5048828125, 0.18671875000000002, 17.8783203125, -0.18671875000000002])
array('d', [-17.831640625000002, 0.6068359375, 17.831640625000002, 0.37343750000000003])
array('d', [-17.831640625000002, 0.6068359375, 17.831640625000002, -0.5134765625000001])
array('d', [-18.578515625, -0.2333984375, 17.831640625000002, -0.5134765625000001])
array('d', [-17.5048828125, 0.37343750000000003, 18.2517578125, 0.93359375])
array('d', [-17.5048828125, 0.0, 17.178125, 0.56015625])
array('d', [-17.5048828125, 0.0, 17.178125, 0.56015625])
array('d', [-16.7580078125, 0.8402343750000001, 18.018359375, 0.09335937500000001])
array('d', [-17.5048828125, 0.7935546875, 18.11171875, 0.56015625])
array('d', [-17.5048828125, 0.7935546875, 18.11171875, -0.8869140625])
array('d', [-17.5048828125, 0.37343750000000003, 18.11171875, -0.8869140625])
array('d', [-17.131445312500002, 1.1669921875, 17.831640625000002, 0.09335937500000001])
array('d', [-16.7580078125, 0.9802734375000001, 18.205078125, 0.93359375])
array('d', [-16.7580078125, 0.9802734375000001, 18.205078125, 0.93359375])
array('d', [-16.7580078125, 0.9802734375000001, 18.205078125, 0.93359375])
array('d', [-17.8783203125, 0.466796875, 17.6916015625, -0.09335937500000001])
array('d', [-17.8783203125, 0.466796875, 17.6916015625, -0.09335937500000001])
array('d', [-18.2517578125, -0.8402343750000001, 17.925, -0.09335937500000001])
array('d', [-18.2517578125, -0.8402343750000001, 17.925, 0.37343750000000003])
array('d', [-17.8783203125, -0.046679687500000004, 18.018359375, 0.37343750000000003])
array('d', [-17.5048828125, 0.466796875, 17.73828125, -0.09335937500000001])
array('d', [-17.084765625, 0.9802734375000001, 17.5048828125, -0.8402343750000001])
array('d', [-17.084765625, 0.9802734375000001, 17.5048828125, -0.8402343750000001])
array('d', [-17.084765625, 0.9802734375000001, 17.5048828125, -0.8402343750000001])
array('d', [-17.831640625000002, 0.9802734375000001, 17.2248046875, -0.5134765625000001])
array('d', [-17.084765625, 0.6068359375, 17.925, -0.09335937500000001])
array('d', [-17.084765625, 0.6068359375, 17.8783203125, -0.09335937500000001])
array('d', [-17.831640625000002, 0.56015625, 17.8783203125, -0.09335937500000001])
array('d', [-17.831640625000002, 0.0, 17.925, -0.18671875000000002])
array('d', [-18.951953125, -0.653515625, 17.831640625000002, 0.37343750000000003])
array('d', [-18.951953125, 0.18671875000000002, 17.73828125, -0.8402343750000001])
array('d', [-18.2517578125, 0.18671875000000002, 17.73828125, -0.5134765625000001])
array('d', [-17.131445312500002, -0.653515625, 17.364843750000002, -0.5134765625000001])
array('d', [-17.131445312500002, -0.2333984375, 17.5048828125, 0.2333984375])
array('d', [-17.131445312500002, -0.2333984375, 17.5048828125, 0.2333984375])
array('d', [-17.131445312500002, -0.2333984375, 17.5048828125, 0.2333984375])
array('d', [-16.3845703125, -0.2333984375, 18.018359375, -0.09335937500000001])
array('d', [-17.8783203125, 0.6068359375, 18.018359375, 0.653515625])
array('d', [-16.7580078125, 0.18671875000000002, 17.458203125, 0.37343750000000003])
array('d', [-18.9052734375, 0.37343750000000003, 17.831640625000002, 1.4937500000000001])
array('d', [-17.831640625000002, 0.1400390625, 18.2517578125, -0.8402343750000001])
array('d', [-17.831640625000002, -0.1400390625, 17.2248046875, -0.37343750000000003])
array('d', [-17.5048828125, -0.1400390625, 17.2248046875, -1.0736328125])
array('d', [-16.3845703125, 0.18671875000000002, 17.5048828125, -1.0736328125])
array('d', [-17.131445312500002, -0.37343750000000003, 17.831640625000002, -0.18671875000000002])
array('d', [-17.131445312500002, 0.7935546875, 17.644921875, -0.18671875000000002])
array('d', [-18.2517578125, 0.7935546875, 17.3181640625, 0.93359375])
array('d', [-17.458203125, 0.18671875000000002, 17.3181640625, 0.93359375])
array('d', [-17.8783203125, 0.18671875000000002, 17.3181640625, -0.09335937500000001])
array('d', [-17.8783203125, -0.2333984375, 17.5515625, -0.18671875000000002])
array('d', [-17.084765625, -0.2333984375, 17.5515625, -0.18671875000000002])
array('d', [-17.8783203125, -0.42011718750000004, 17.644921875, -0.8402343750000001])
array('d', [-17.084765625, -0.42011718750000004, 17.831640625000002, -0.18671875000000002])
array('d', [-17.084765625, 0.6068359375, 17.6916015625, -0.5134765625000001])
array('d', [-17.131445312500002, 0.6068359375, 17.6916015625, -0.5134765625000001])
array('d', [-16.7580078125, -0.466796875, 17.925, -0.18671875000000002])
array('d', [-17.831640625000002, -0.466796875, 17.084765625, -0.18671875000000002])
array('d', [-17.831640625000002, -0.653515625, 18.065039062500002, 0.653515625])
array('d', [-17.5048828125, -0.653515625, 18.065039062500002, 0.653515625])
array('d', [-18.2517578125, 0.9802734375000001, 18.065039062500002, 0.653515625])
array('d', [-17.8783203125, 0.56015625, 17.8783203125, -1.213671875])
array('d', [-17.8783203125, 0.56015625, 17.8783203125, -1.213671875])
array('d', [-17.458203125, 0.18671875000000002, 17.5048828125, 0.2333984375])
array('d', [-17.131445312500002, 0.18671875000000002, 17.5048828125, 0.2333984375])
array('d', [-17.131445312500002, 0.18671875000000002, 17.5048828125, 0.2333984375])
array('d', [-17.131445312500002, -0.046679687500000004, 17.6916015625, 0.56015625])
array('d', [-16.7580078125, -0.653515625, 17.5048828125, -0.09335937500000001])
array('d', [-17.458203125, 0.18671875000000002, 18.11171875, 0.56015625])
array('d', [-17.458203125, 0.18671875000000002, 18.11171875, 0.56015625])
array('d', [-15.964453125, -0.56015625, 17.6916015625, 0.2333984375])
array('d', [-15.964453125, 0.7935546875, 17.364843750000002, -0.8869140625])
array('d', [-17.084765625, 0.7935546875, 17.364843750000002, -0.8869140625])
array('d', [-17.831640625000002, 0.9802734375000001, 17.644921875, -0.18671875000000002])
array('d', [-17.458203125, -0.2333984375, 18.2517578125, 0.09335937500000001])
array('d', [-17.458203125, -0.2333984375, 18.11171875, 0.93359375])
array('d', [-18.205078125, -0.2333984375, 18.11171875, 0.93359375])
array('d', [-17.458203125, -0.653515625, 17.831640625000002, 0.09335937500000001])
array('d', [-17.8783203125, 0.18671875000000002, 17.831640625000002, -0.8402343750000001])
array('d', [-18.9052734375, -0.046679687500000004, 17.831640625000002, 1.3537109375])
array('d', [-18.9052734375, -0.046679687500000004, 17.831640625000002, 1.3537109375])
array('d', [-18.205078125, 0.18671875000000002, 17.084765625, 0.09335937500000001])
array('d', [-18.205078125, 0.8869140625, 17.6916015625, 0.42011718750000004])
array('d', [-18.205078125, 0.8869140625, 17.6916015625, -0.37343750000000003])
array('d', [-17.458203125, 0.466796875, 17.831640625000002, -0.37343750000000003])
array('d', [-17.084765625, -0.2333984375, 18.11171875, -0.5134765625000001])
array('d', [-17.458203125, -1.0736328125, 17.831640625000002, 0.653515625])
array('d', [-17.831640625000002, 0.56015625, 17.084765625, -0.5134765625000001])
array('d', [-17.831640625000002, 0.56015625, 17.831640625000002, -1.213671875])
array('d', [-17.5048828125, -0.2333984375, 17.831640625000002, -1.213671875])
array('d', [-18.951953125, 0.6068359375, 17.5515625, -1.213671875])
array('d', [-17.084765625, -1.0269531250000001, 17.831640625000002, 0.2333984375])
array('d', [-16.7580078125, -1.0269531250000001, 17.925, -0.18671875000000002])
array('d', [-16.7580078125, -1.0269531250000001, 17.925, -0.09335937500000001])
array('d', [-18.578515625, -0.56015625, 18.018359375, -0.09335937500000001])
array('d', [-18.578515625, -0.2333984375, 18.2517578125, -0.18671875000000002])
array('d', [-18.578515625, -0.8402343750000001, 18.2517578125, -0.18671875000000002])
array('d', [-18.9052734375, 0.37343750000000003, 17.831640625000002, -0.5134765625000001])
array('d', [-15.964453125, -0.2333984375, 17.644921875, -0.09335937500000001])
array('d', [-17.458203125, 0.466796875, 17.6916015625, 0.37343750000000003])
array('d', [-17.458203125, 0.466796875, 17.6916015625, 0.37343750000000003])
array('d', [-17.084765625, -0.2333984375, 17.831640625000002, -0.5134765625000001])
array('d', [-17.458203125, -0.2333984375, 17.3181640625, -0.18671875000000002])
array('d', [-17.458203125, -0.3267578125, 18.205078125, 0.56015625])
array('d', [-16.711328125, -0.3267578125, 18.205078125, -1.213671875])
array('d', [-18.205078125, 1.213671875, 17.364843750000002, -1.213671875])
array('d', [-17.084765625, 0.56015625, 18.531835937500002, -1.213671875])
array('d', [-17.084765625, 0.56015625, 18.531835937500002, -1.213671875])
array('d', [-17.084765625, 0.56015625, 18.531835937500002, -1.213671875])
array('d', [-18.578515625, -0.653515625, 17.5048828125, -0.37343750000000003])
array('d', [-18.9052734375, 0.37343750000000003, 17.364843750000002, 0.2333984375])
array('d', [-17.831640625000002, -0.046679687500000004, 17.364843750000002, 0.2333984375])
array('d', [-17.831640625000002, -0.466796875, 17.458203125, 0.7468750000000001])
array('d', [-17.5048828125, -0.466796875, 17.458203125, 0.7468750000000001])
array('d', [-17.131445312500002, -0.3267578125, 18.11171875, 0.93359375])
array('d', [-17.131445312500002, -0.3267578125, 18.11171875, 0.93359375])
array('d', [-16.7580078125, -0.046679687500000004, 17.831640625000002, -0.5134765625000001])
array('d', [-16.7580078125, -0.046679687500000004, 17.644921875, 0.2333984375])
array('d', [-18.205078125, -0.8402343750000001, 17.644921875, 0.653515625])
array('d', [-18.998632812500002, 0.8402343750000001, 17.3181640625, 0.56015625])
array('d', [-17.8783203125, 0.8402343750000001, 17.3181640625, 0.56015625])
array('d', [-17.8783203125, -0.56015625, 17.831640625000002, -0.8402343750000001])
array('d', [-17.8783203125, -0.046679687500000004, 17.925, 0.09335937500000001])
array('d', [-17.458203125, -0.046679687500000004, 17.925, 0.09335937500000001])
array('d', [-17.831640625000002, 0.37343750000000003, 17.5048828125, 0.56015625])
array('d', [-17.5048828125, 0.37343750000000003, 18.018359375, -0.18671875000000002])
array('d', [-16.0111328125, 0.56015625, 17.2248046875, 0.9802734375000001])
array('d', [-18.2517578125, 0.18671875000000002, 18.11171875, -0.37343750000000003])
array('d', [-18.2517578125, -0.42011718750000004, 18.11171875, -0.37343750000000003])
array('d', [-18.2517578125, -0.42011718750000004, 18.11171875, -0.37343750000000003])
array('d', [-18.2517578125, -0.42011718750000004, 18.11171875, -0.37343750000000003])
array('d', [-17.131445312500002, -0.42011718750000004, 18.11171875, 0.653515625])
array('d', [-18.578515625, -0.37343750000000003, 17.8783203125, -0.18671875000000002])
array('d', [-17.5048828125, -0.046679687500000004, 18.205078125, -0.18671875000000002])
array('d', [-17.5048828125, -0.046679687500000004, 18.205078125, -0.18671875000000002])
array('d', [-17.5048828125, -0.046679687500000004, 18.205078125, -0.18671875000000002])
array('d', [-17.131445312500002, 0.1400390625, 17.5515625, 0.653515625])
array('d', [-17.131445312500002, -0.2333984375, 18.205078125, -0.37343750000000003])
array('d', [-18.2517578125, -0.2333984375, 18.205078125, -0.37343750000000003])
array('d', [-17.831640625000002, 0.8402343750000001, 17.6916015625, 0.42011718750000004])
array('d', [-16.7580078125, 0.8402343750000001, 17.2248046875, 0.2333984375])
array('d', [-16.7580078125, 0.8402343750000001, 17.2248046875, 0.2333984375])
array('d', [-17.5048828125, 0.37343750000000003, 18.018359375, 0.653515625])
array('d', [-17.5048828125, 0.37343750000000003, 18.018359375, 0.653515625])
array('d', [-17.5048828125, 0.37343750000000003, 18.018359375, 0.653515625])
array('d', [-16.7580078125, 0.56015625, 17.364843750000002, 0.2333984375])
array('d', [-17.8783203125, -0.8402343750000001, 18.11171875, 0.2333984375])
array('d', [-17.831640625000002, 0.1400390625, 17.8783203125, -0.37343750000000003])
array('d', [-17.831640625000002, 0.1400390625, 17.8783203125, -0.37343750000000003])
array('d', [-17.084765625, -0.37343750000000003, 17.3181640625, 0.09335937500000001])
array('d', [-17.5048828125, 0.7935546875, 17.5048828125, 0.2333984375])
array('d', [-17.5048828125, 0.7935546875, 18.018359375, -0.8869140625])
array('d', [-17.8783203125, 0.56015625, 18.018359375, -0.8869140625])
array('d', [-17.5048828125, -1.4470703125000002, 17.6916015625, -0.18671875000000002])
array('d', [-17.5048828125, -1.4470703125000002, 17.3181640625, -1.0736328125])
array('d', [-17.831640625000002, 0.37343750000000003, 17.3181640625, -1.0736328125])
array('d', [-17.8783203125, -1.587109375, 18.11171875, 0.42011718750000004])
array('d', [-17.8783203125, 0.37343750000000003, 17.3181640625, 0.93359375])
array('d', [-17.458203125, 0.37343750000000003, 17.3181640625, 0.93359375])
array('d', [-17.131445312500002, 1.0736328125, 18.018359375, 0.56015625])
array('d', [-17.5048828125, -0.046679687500000004, 17.925, -0.5134765625000001])
array('d', [-17.458203125, -0.653515625, 18.391796875, 0.56015625])
array('d', [-17.458203125, -0.653515625, 18.391796875, 0.56015625])
array('d', [-17.458203125, 0.37343750000000003, 17.831640625000002, 0.2333984375])
array('d', [-17.8783203125, 0.0, 18.065039062500002, -0.09335937500000001])
array('d', [-17.8783203125, 0.37343750000000003, 17.8783203125, -0.5134765625000001])
array('d', [-15.6376953125, 0.37343750000000003, 17.644921875, 0.046679687500000004])
array('d', [-17.084765625, 0.37343750000000003, 17.8783203125, 0.56015625])
array('d', [-17.8783203125, -0.046679687500000004, 17.8783203125, 0.56015625])
array('d', [-18.205078125, 0.9802734375000001, 17.644921875, -0.5134765625000001])
array('d', [-17.458203125, -0.046679687500000004, 17.364843750000002, 0.09335937500000001])
array('d', [-17.458203125, 0.18671875000000002, 17.5515625, 0.2333984375])
array('d', [-18.578515625, -0.046679687500000004, 17.6916015625, -0.653515625])
array('d', [-18.205078125, -0.046679687500000004, 17.925, 0.2333984375])
array('d', [-18.205078125, -0.2333984375, 17.5048828125, 0.2333984375])
array('d', [-17.831640625000002, 0.37343750000000003, 17.6916015625, -0.09335937500000001])
array('d', [-17.831640625000002, 0.37343750000000003, 17.6916015625, -0.09335937500000001])
array('d', [-17.831640625000002, 0.37343750000000003, 17.6916015625, -0.09335937500000001])
array('d', [-17.831640625000002, 0.37343750000000003, 17.6916015625, -0.09335937500000001])
array('d', [-17.131445312500002, 0.37343750000000003, 17.6916015625, -0.09335937500000001])
array('d', [-17.831640625000002, -0.653515625, 17.831640625000002, 0.93359375])
array('d', [-17.5048828125, -0.466796875, 18.018359375, 0.2333984375])
array('d', [-18.2517578125, -0.653515625, 18.205078125, 0.56015625])
array('d', [-18.2517578125, -0.653515625, 18.018359375, 0.2333984375])
array('d', [-17.5048828125, 0.56015625, 18.018359375, 0.2333984375])
array('d', [-13.3970703125, -0.37343750000000003, 17.5048828125, -0.18671875000000002])
array('d', [-13.3970703125, -0.37343750000000003, 17.5048828125, -0.18671875000000002])
array('d', [-13.3970703125, -0.37343750000000003, 17.5048828125, -0.18671875000000002])
array('d', [-13.3970703125, -0.37343750000000003, 17.5048828125, -0.18671875000000002])
array('d', [-17.458203125, 0.37343750000000003, 17.8783203125, 0.09335937500000001])
array('d', [-17.458203125, 0.37343750000000003, 17.925, -0.8869140625])
array('d', [-18.205078125, 0.0, 17.925, -0.8869140625])
array('d', [-17.131445312500002, 1.400390625, 17.131445312500002, -0.18671875000000002])
array('d', [-17.831640625000002, 0.18671875000000002, 17.8783203125, -0.5134765625000001])
array('d', [-17.831640625000002, -0.046679687500000004, 17.644921875, -0.09335937500000001])
array('d', [-17.831640625000002, -0.046679687500000004, 17.644921875, -0.09335937500000001])
array('d', [-17.831640625000002, -0.56015625, 17.364843750000002, 0.653515625])
array('d', [-18.2517578125, 0.466796875, 17.6916015625, 3.54765625])
array('d', [-18.9052734375, -0.8402343750000001, 17.831640625000002, -0.18671875000000002])
array('d', [-18.9052734375, -0.8402343750000001, 17.831640625000002, -0.18671875000000002])
array('d', [-17.5048828125, -1.4470703125000002, 17.8783203125, 0.2333984375])
array('d', [-17.5048828125, 0.37343750000000003, 17.3181640625, 0.2333984375])
array('d', [-18.578515625, 0.37343750000000003, 17.3181640625, -0.09335937500000001])
array('d', [-18.578515625, 0.37343750000000003, 17.3181640625, -0.09335937500000001])
array('d', [-18.578515625, 0.37343750000000003, 17.3181640625, -0.09335937500000001])
array('d', [-18.578515625, 0.37343750000000003, 17.3181640625, -0.09335937500000001])
array('d', [-18.578515625, 0.37343750000000003, 17.3181640625, -0.09335937500000001])
array('d', [-16.7580078125, -1.1669921875, 17.644921875, -0.09335937500000001])
array('d', [-17.831640625000002, 0.18671875000000002, 18.391796875, -0.8402343750000001])
array('d', [-17.831640625000002, -0.046679687500000004, 17.598242187500002, -0.5134765625000001])
array('d', [-17.831640625000002, -0.046679687500000004, 17.598242187500002, -0.5134765625000001])
array('d', [-17.831640625000002, -0.046679687500000004, 17.598242187500002, -0.5134765625000001])
array('d', [-17.831640625000002, -0.046679687500000004, 17.598242187500002, -0.5134765625000001])
array('d', [-17.831640625000002, 0.56015625, 17.831640625000002, -0.18671875000000002])
array('d', [-17.831640625000002, 0.8869140625, 17.6916015625, -0.37343750000000003])
array('d', [-17.831640625000002, 0.8869140625, 17.6916015625, -0.37343750000000003])
array('d', [-18.9052734375, 0.6068359375, 18.018359375, 0.37343750000000003])
array('d', [-18.9052734375, 0.6068359375, 18.018359375, 0.37343750000000003])
array('d', [-17.5048828125, 0.18671875000000002, 18.11171875, 0.93359375])
array('d', [-18.578515625, -0.653515625, 18.11171875, 0.93359375])
array('d', [-18.578515625, -0.653515625, 18.11171875, 0.93359375])
array('d', [-18.578515625, -0.653515625, 18.11171875, 0.93359375])
array('d', [-18.578515625, -0.653515625, 18.018359375, -0.5134765625000001])
array('d', [-16.7580078125, -0.2333984375, 17.598242187500002, -0.5134765625000001])
array('d', [-18.578515625, -0.046679687500000004, 17.5048828125, 0.653515625])
array('d', [-18.578515625, -0.046679687500000004, 17.5048828125, 0.653515625])
array('d', [-18.578515625, -0.046679687500000004, 17.5048828125, 0.653515625])
array('d', [-18.578515625, -0.046679687500000004, 17.5048828125, 0.653515625])
array('d', [-18.578515625, -0.046679687500000004, 17.5048828125, 0.653515625])
array('d', [-17.458203125, -1.2603515625000001, 17.8783203125, 0.2333984375])
array('d', [-18.205078125, 0.37343750000000003, 17.6916015625, -1.0736328125])
array('d', [-18.205078125, 0.37343750000000003, 17.6916015625, -1.0736328125])
array('d', [-18.205078125, 0.37343750000000003, 17.6916015625, -1.0736328125])
array('d', [-17.831640625000002, -0.2333984375, 17.8783203125, 0.046679687500000004])
array('d', [-17.831640625000002, -0.2333984375, 17.8783203125, 0.653515625])
array('d', [-18.205078125, 0.7935546875, 17.6916015625, 0.653515625])
array('d', [-18.205078125, 0.7935546875, 17.3181640625, 0.2333984375])
array('d', [-18.205078125, -0.653515625, 18.018359375, 0.8402343750000001])
array('d', [-17.458203125, -0.653515625, 18.018359375, 0.8402343750000001])
array('d', [-18.205078125, 0.18671875000000002, 17.831640625000002, -0.5134765625000001])
array('d', [-17.458203125, 0.37343750000000003, 17.831640625000002, 1.3537109375])
array('d', [-17.084765625, 0.56015625, 17.5048828125, 0.2333984375])
array('d', [-17.084765625, 0.56015625, 17.5048828125, 0.2333984375])
array('d', [-18.578515625, 0.18671875000000002, 18.11171875, 0.93359375])
array('d', [-17.8783203125, 0.9802734375000001, 17.4115234375, 0.2333984375])
array('d', [-16.7580078125, 0.0, 18.7185546875, -0.18671875000000002])
array('d', [-16.7580078125, 0.0, 18.2517578125, -0.09335937500000001])
array('d', [-18.9052734375, 0.18671875000000002, 18.2517578125, -0.09335937500000001])
array('d', [-18.578515625, -0.56015625, 17.364843750000002, -0.5134765625000001])
array('d', [-18.578515625, -0.56015625, 17.364843750000002, -0.5134765625000001])
array('d', [-18.578515625, -0.56015625, 17.364843750000002, -0.5134765625000001])
array('d', [-17.8783203125, -0.42011718750000004, 18.205078125, 0.09335937500000001])
array('d', [-17.5048828125, -0.466796875, 17.8783203125, 0.37343750000000003])
array('d', [-18.2517578125, 0.56015625, 18.018359375, -0.3267578125])
array('d', [-18.2517578125, 0.56015625, 18.018359375, -0.3267578125])
array('d', [-17.831640625000002, 0.6068359375, 18.391796875, -0.5134765625000001])
array('d', [-18.205078125, 0.0, 17.8783203125, -0.5134765625000001])
array('d', [-17.458203125, 1.400390625, 18.298437500000002, -0.7001953125])
array('d', [-17.458203125, 1.400390625, 17.178125, 0.93359375])
array('d', [-17.5048828125, 0.37343750000000003, 17.178125, 0.93359375])
array('d', [-17.5048828125, -0.42011718750000004, 18.2517578125, 0.37343750000000003])
array('d', [-17.5048828125, -0.42011718750000004, 18.2517578125, 0.37343750000000003])
array('d', [-17.5048828125, -0.42011718750000004, 18.2517578125, 0.37343750000000003])
array('d', [-17.5048828125, 0.37343750000000003, 18.11171875, 0.93359375])
array('d', [-17.8783203125, -0.466796875, 17.364843750000002, 0.93359375])
array('d', [-17.458203125, 0.0, 16.898046875000002, -0.37343750000000003])
array('d', [-17.5048828125, 0.37343750000000003, 18.2517578125, -0.09335937500000001])
array('d', [-17.5048828125, 0.37343750000000003, 17.364843750000002, 1.213671875])
array('d', [-17.458203125, 0.6068359375, 18.205078125, -0.37343750000000003])
array('d', [-17.458203125, 0.6068359375, 18.205078125, -0.37343750000000003])
array('d', [-17.458203125, 0.6068359375, 18.205078125, -0.37343750000000003])
array('d', [-16.7580078125, 0.0, 17.598242187500002, 0.37343750000000003])
array('d', [-16.7580078125, 0.0, 17.925, 1.3537109375])
array('d', [-17.831640625000002, 0.466796875, 17.925, 1.3537109375])
array('d', [-17.084765625, 0.18671875000000002, 18.018359375, -0.09335937500000001])
array('d', [-17.458203125, -3.4076171875, 17.644921875, 0.37343750000000003])
array('d', [-17.5048828125, -0.466796875, 17.6916015625, -0.8869140625])
array('d', [-17.5048828125, -0.466796875, 17.6916015625, -0.8869140625])
array('d', [-16.7580078125, -0.9802734375000001, 18.11171875, -0.653515625])
array('d', [-17.458203125, -1.0269531250000001, 17.6916015625, -0.18671875000000002])
array('d', [-18.2517578125, 0.18671875000000002, 17.598242187500002, -0.653515625])
array('d', [-18.2517578125, 0.18671875000000002, 17.8783203125, -0.8869140625])
array('d', [-17.831640625000002, -0.2333984375, 17.8783203125, -0.8869140625])
array('d', [-17.458203125, -0.046679687500000004, 17.8783203125, -0.5134765625000001])
array('d', [-19.698828125000002, 0.0, 17.925, -0.8869140625])
array('d', [-17.131445312500002, -0.8402343750000001, 17.084765625, -0.18671875000000002])
array('d', [-17.131445312500002, 1.0736328125, 17.6916015625, 0.2333984375])
array('d', [-17.8783203125, 1.0736328125, 17.6916015625, 0.2333984375])
array('d', [-17.8783203125, 1.0736328125, 17.6916015625, 0.2333984375])
array('d', [-17.084765625, -0.2333984375, 18.11171875, 0.2333984375])
array('d', [-17.8783203125, -0.046679687500000004, 17.831640625000002, -1.0736328125])
array('d', [-16.7580078125, -0.2333984375, 17.7849609375, -1.0736328125])
array('d', [-17.831640625000002, 0.8402343750000001, 17.084765625, 0.2333984375])
array('d', [-17.831640625000002, -0.046679687500000004, 17.6916015625, -0.09335937500000001])
array('d', [-17.831640625000002, -0.046679687500000004, 18.298437500000002, -0.09335937500000001])
array('d', [-17.8783203125, 0.18671875000000002, 18.298437500000002, -0.09335937500000001])
array('d', [-17.131445312500002, 0.9802734375000001, 17.084765625, 0.09335937500000001])
array('d', [-16.7580078125, -0.2333984375, 18.065039062500002, -0.8402343750000001])
array('d', [-16.7580078125, -0.2333984375, 17.5048828125, -0.8402343750000001])
array('d', [-16.7580078125, -0.2333984375, 17.5048828125, -0.8402343750000001])
array('d', [-16.7580078125, -0.2333984375, 17.5048828125, -0.8402343750000001])
array('d', [-17.831640625000002, -0.56015625, 17.5048828125, 0.653515625])
array('d', [-17.084765625, -0.9802734375000001, 18.018359375, -0.09335937500000001])
array('d', [-18.205078125, -0.653515625, 17.6916015625, -0.37343750000000003])
array('d', [-18.205078125, -0.653515625, 17.6916015625, -0.18671875000000002])
array('d', [-16.7580078125, 0.6068359375, 17.178125, -0.18671875000000002])
array('d', [-18.2517578125, 0.37343750000000003, 17.178125, -0.37343750000000003])
array('d', [-21.1458984375, -0.2333984375, 17.271484375, -0.37343750000000003])
array('d', [-21.1458984375, -0.2333984375, 17.271484375, -0.09335937500000001])
array('d', [-18.205078125, -0.653515625, 18.018359375, -0.09335937500000001])
array('d', [-17.831640625000002, 0.37343750000000003, 17.598242187500002, -0.5134765625000001])
array('d', [-17.831640625000002, 0.37343750000000003, 17.598242187500002, -0.5134765625000001])
array('d', [-17.831640625000002, 0.37343750000000003, 17.598242187500002, -0.5134765625000001])
array('d', [-17.831640625000002, 0.37343750000000003, 17.598242187500002, -0.5134765625000001])
array('d', [-16.3845703125, -0.653515625, 17.644921875, 0.2333984375])
array('d', [-18.205078125, 0.0, 17.831640625000002, -0.18671875000000002])
array('d', [-18.205078125, 0.0, 17.458203125, 0.2333984375])
array('d', [-17.084765625, 0.0, 17.458203125, 0.2333984375])
array('d', [-17.831640625000002, 1.1669921875, 17.364843750000002, -0.8869140625])
array('d', [-17.131445312500002, 0.7935546875, 17.364843750000002, 0.653515625])
array('d', [-17.131445312500002, 0.7935546875, 17.364843750000002, 0.2333984375])
array('d', [-17.131445312500002, 0.7935546875, 17.364843750000002, 0.2333984375])
array('d', [-17.131445312500002, 0.7935546875, 17.364843750000002, 0.2333984375])
array('d', [-17.831640625000002, 0.37343750000000003, 17.7849609375, 0.2333984375])
array('d', [-16.337890625, 0.37343750000000003, 17.831640625000002, -1.9605468750000001])
array('d', [-17.178125, 0.18671875000000002, 17.6916015625, -1.9605468750000001])
array('d', [-16.711328125, 0.9802734375000001, 17.458203125, 0.2333984375])
array('d', [-17.831640625000002, 0.1400390625, 18.2517578125, 0.2333984375])
array('d', [-18.578515625, -0.046679687500000004, 17.7849609375, -0.8402343750000001])
array('d', [-17.131445312500002, 0.37343750000000003, 17.6916015625, 1.9605468750000001])
array('d', [-18.205078125, -1.2603515625000001, 17.4115234375, -0.09335937500000001])
array('d', [-18.2517578125, -0.046679687500000004, 18.018359375, 0.2333984375])
array('d', [-16.3845703125, -0.046679687500000004, 17.5048828125, -0.18671875000000002])
array('d', [-17.831640625000002, -0.2333984375, 17.8783203125, -0.09335937500000001])
array('d', [-17.831640625000002, -0.2333984375, 17.8783203125, -0.09335937500000001])
array('d', [-17.831640625000002, -0.2333984375, 17.8783203125, -0.09335937500000001])
array('d', [-18.2517578125, 0.8402343750000001, 17.5048828125, -0.653515625])
array('d', [-16.7580078125, 0.56015625, 18.11171875, 0.56015625])
array('d', [-17.084765625, 0.18671875000000002, 17.6916015625, -0.09335937500000001])
array('d', [-17.084765625, 0.18671875000000002, 17.6916015625, -0.09335937500000001])
array('d', [-17.084765625, -0.42011718750000004, 17.084765625, 0.56015625])
array('d', [-17.831640625000002, -0.8402343750000001, 18.11171875, -0.5134765625000001])
array('d', [-17.831640625000002, -0.8402343750000001, 18.11171875, -0.09335937500000001])
array('d', [-18.2517578125, -0.046679687500000004, 18.391796875, -0.09335937500000001])
array('d', [-18.578515625, -0.046679687500000004, 17.925, 0.7468750000000001])
array('d', [-17.8783203125, -0.42011718750000004, 17.598242187500002, -0.8402343750000001])
array('d', [-17.8783203125, -0.42011718750000004, 17.644921875, 0.2333984375])
array('d', [-17.831640625000002, 0.0, 17.644921875, 0.2333984375])
array('d', [-17.5048828125, -1.0269531250000001, 17.084765625, 0.56015625])
array('d', [-17.5048828125, -1.0269531250000001, 17.644921875, 0.56015625])
array('d', [-17.131445312500002, -0.046679687500000004, 17.644921875, 0.56015625])
array('d', [-18.9052734375, 0.18671875000000002, 18.391796875, -0.37343750000000003])
array('d', [-17.084765625, 0.37343750000000003, 17.831640625000002, 0.2333984375])
array('d', [-17.084765625, -0.046679687500000004, 17.5048828125, -0.8869140625])
array('d', [-17.831640625000002, -0.046679687500000004, 17.5048828125, -0.8869140625])
array('d', [-17.8783203125, 0.18671875000000002, 18.018359375, -0.280078125])
array('d', [-17.131445312500002, -0.653515625, 17.831640625000002, -1.6337890625])
array('d', [-17.131445312500002, -0.653515625, 17.831640625000002, -0.18671875000000002])
array('d', [-17.131445312500002, -0.653515625, 17.831640625000002, -0.18671875000000002])
array('d', [-17.131445312500002, -0.653515625, 17.831640625000002, -0.18671875000000002])
array('d', [-18.205078125, 1.0736328125, 17.6916015625, -0.18671875000000002])
array('d', [-18.205078125, -0.2333984375, 17.6916015625, -0.5134765625000001])
array('d', [-17.5048828125, 1.213671875, 17.8783203125, -0.37343750000000003])
array('d', [-17.5048828125, 1.213671875, 17.8783203125, 0.37343750000000003])
array('d', [-16.7580078125, 0.18671875000000002, 18.018359375, -0.5134765625000001])
array('d', [-17.831640625000002, 0.6068359375, 17.925, -0.5134765625000001])
array('d', [-17.8783203125, -0.2333984375, 17.5048828125, -0.5134765625000001])
array('d', [-17.131445312500002, 0.8402343750000001, 17.3181640625, 0.2333984375])
array('d', [-17.131445312500002, -0.2333984375, 17.458203125, 0.046679687500000004])
array('d', [-17.8783203125, -0.2333984375, 17.458203125, 0.046679687500000004])
array('d', [-17.8783203125, -0.2333984375, 17.458203125, 0.046679687500000004])
array('d', [-17.8783203125, -0.2333984375, 17.458203125, 0.046679687500000004])
array('d', [-17.084765625, -0.046679687500000004, 17.831640625000002, -0.8402343750000001])
array('d', [-17.458203125, 0.56015625, 17.73828125, -0.8402343750000001])
array('d', [-17.5048828125, -0.2333984375, 17.644921875, 0.09335937500000001])
array('d', [-17.5048828125, -0.2333984375, 17.598242187500002, -0.653515625])
array('d', [-17.458203125, 0.7935546875, 17.598242187500002, -0.653515625])
array('d', [-18.2517578125, 0.6068359375, 18.065039062500002, 0.2333984375])
array('d', [-18.2517578125, -0.9802734375000001, 18.7185546875, 0.09335937500000001])
array('d', [-18.2517578125, -0.9802734375000001, 17.831640625000002, -0.5134765625000001])
array('d', [-17.5048828125, -1.587109375, 17.831640625000002, -0.5134765625000001])
array('d', [-17.831640625000002, -0.046679687500000004, 18.391796875, -0.5134765625000001])
array('d', [-17.458203125, -0.466796875, 18.391796875, -0.5134765625000001])
array('d', [-17.458203125, -0.466796875, 18.391796875, -0.5134765625000001])
array('d', [-17.458203125, -0.466796875, 18.1583984375, -0.18671875000000002])
array('d', [-18.205078125, -0.2333984375, 18.018359375, -0.09335937500000001])
array('d', [-17.8783203125, -0.2333984375, 17.6916015625, 0.42011718750000004])
array('d', [-17.8783203125, -0.2333984375, 17.6916015625, 0.2333984375])
array('d', [-16.7580078125, -0.653515625, 17.6916015625, 0.2333984375])
array('d', [-18.9052734375, 0.18671875000000002, 18.018359375, -0.18671875000000002])
array('d', [-18.9052734375, 0.56015625, 17.364843750000002, 0.2333984375])
array('d', [-18.9052734375, 0.56015625, 17.364843750000002, 0.2333984375])
array('d', [-17.8783203125, 0.56015625, 17.364843750000002, 0.2333984375])
array('d', [-17.131445312500002, -0.42011718750000004, 17.271484375, -0.09335937500000001])
array('d', [-17.8783203125, -0.37343750000000003, 17.831640625000002, -0.8402343750000001])
array('d', [-16.7580078125, -0.37343750000000003, 17.6916015625, -0.5134765625000001])
array('d', [-18.2517578125, 0.0, 18.205078125, -0.5134765625000001])
array('d', [-18.2517578125, 0.0, 18.205078125, -0.5134765625000001])
array('d', [-17.5048828125, -0.2333984375, 17.925, -0.8869140625])
array('d', [-17.131445312500002, -0.8402343750000001, 17.5048828125, 0.37343750000000003])
array('d', [-18.998632812500002, 0.37343750000000003, 18.018359375, 0.56015625])
array('d', [-18.998632812500002, 0.37343750000000003, 18.018359375, -0.5134765625000001])
array('d', [-18.998632812500002, 0.37343750000000003, 18.018359375, -0.5134765625000001])
array('d', [-18.998632812500002, 0.37343750000000003, 18.018359375, -0.5134765625000001])
array('d', [-18.998632812500002, 0.37343750000000003, 18.018359375, -0.5134765625000001])
array('d', [-17.131445312500002, -0.2333984375, 17.925, -0.8402343750000001])
array('d', [-17.8783203125, -1.2603515625000001, 17.925, -0.8402343750000001])
array('d', [-17.084765625, -0.42011718750000004, 17.8783203125, 0.37343750000000003])
array('d', [-17.5048828125, -0.8402343750000001, 18.11171875, -0.5134765625000001])
array('d', [-18.205078125, -0.046679687500000004, 18.11171875, -0.5134765625000001])
array('d', [-17.5048828125, -0.046679687500000004, 18.578515625, -0.5134765625000001])
array('d', [-16.7580078125, -0.2333984375, 16.898046875000002, 0.09335937500000001])
array('d', [-16.7580078125, -0.2333984375, 17.271484375, -0.8869140625])
array('d', [-17.5048828125, -0.280078125, 17.271484375, -0.8869140625])
array('d', [-18.205078125, -0.8402343750000001, 17.7849609375, -1.4937500000000001])
array('d', [-17.458203125, 0.18671875000000002, 18.018359375, 0.653515625])
array('d', [-17.458203125, 0.18671875000000002, 17.458203125, 0.653515625])
array('d', [-18.578515625, 0.1400390625, 17.458203125, 0.653515625])
array('d', [-17.131445312500002, 0.466796875, 17.925, 0.93359375])
array('d', [-17.831640625000002, -0.2333984375, 17.364843750000002, 0.93359375])
array('d', [-17.831640625000002, -0.2333984375, 18.018359375, 0.2333984375])
array('d', [-17.084765625, -0.2333984375, 18.018359375, 0.2333984375])
array('d', [-17.458203125, -0.046679687500000004, 17.6916015625, 0.42011718750000004])
array('d', [-17.831640625000002, 0.8402343750000001, 18.018359375, -0.8869140625])
array('d', [-17.831640625000002, 0.8402343750000001, 18.018359375, -0.8869140625])
array('d', [-17.831640625000002, 0.8402343750000001, 18.018359375, -0.8869140625])
array('d', [-16.3845703125, 0.1400390625, 17.5048828125, -0.09335937500000001])
array('d', [-18.578515625, -0.046679687500000004, 17.5048828125, -0.09335937500000001])
array('d', [-17.5048828125, 0.18671875000000002, 17.6916015625, 0.2333984375])
array('d', [-17.831640625000002, 0.37343750000000003, 17.5048828125, 0.2333984375])
array('d', [-17.8783203125, -0.37343750000000003, 17.831640625000002, 0.37343750000000003])
array('d', [-17.8783203125, -0.37343750000000003, 17.831640625000002, 0.37343750000000003])
array('d', [-17.131445312500002, 0.56015625, 17.5048828125, -0.8869140625])
array('d', [-17.084765625, -0.2333984375, 17.6916015625, -0.09335937500000001])
array('d', [-17.084765625, -0.2333984375, 17.6916015625, 0.2333984375])
array('d', [-17.084765625, -0.2333984375, 17.6916015625, 0.2333984375])
array('d', [-17.084765625, -0.2333984375, 17.6916015625, 0.2333984375])
array('d', [-17.084765625, -0.2333984375, 17.6916015625, 0.2333984375])
array('d', [-17.084765625, -0.2333984375, 17.6916015625, 0.2333984375])
array('d', [-17.084765625, -0.2333984375, 18.11171875, -0.18671875000000002])
array('d', [-17.458203125, -0.2333984375, 18.11171875, -0.18671875000000002])
array('d', [-16.3845703125, 0.8402343750000001, 17.831640625000002, 0.653515625])
array('d', [-17.458203125, 0.56015625, 17.8783203125, -0.09335937500000001])
array('d', [-17.458203125, 0.56015625, 17.644921875, -0.5134765625000001])
array('d', [-17.131445312500002, -0.046679687500000004, 17.644921875, -0.5134765625000001])
array('d', [-17.5048828125, -1.0269531250000001, 17.6916015625, -0.09335937500000001])
array('d', [-17.5048828125, -1.0269531250000001, 17.6916015625, -0.09335937500000001])
array('d', [-17.5048828125, 0.9802734375000001, 17.6916015625, 0.56015625])
array('d', [-17.5048828125, 0.9802734375000001, 17.6916015625, 0.2333984375])
array('d', [-17.831640625000002, 0.0, 17.831640625000002, 0.2333984375])
array('d', [-18.205078125, -0.466796875, 18.065039062500002, -0.09335937500000001])
array('d', [-17.458203125, -0.2333984375, 18.391796875, 0.653515625])
array('d', [-17.458203125, -0.2333984375, 18.391796875, 0.653515625])
array('d', [-17.084765625, -0.653515625, 17.8783203125, 0.09335937500000001])
array('d', [-16.0111328125, -0.2333984375, 17.5048828125, -0.18671875000000002])
array('d', [-16.0111328125, -0.2333984375, 18.391796875, 1.9605468750000001])
array('d', [-18.578515625, -0.466796875, 18.391796875, 1.9605468750000001])
array('d', [-17.831640625000002, -0.046679687500000004, 17.6916015625, 0.2333984375])
array('d', [-17.831640625000002, -0.2333984375, 17.8783203125, -0.8869140625])
array('d', [-17.831640625000002, -0.2333984375, 17.831640625000002, -0.5134765625000001])
array('d', [-17.5048828125, -0.466796875, 17.831640625000002, -0.5134765625000001])
array('d', [-18.2517578125, -0.37343750000000003, 17.925, -0.5134765625000001])
array('d', [-18.2517578125, -0.37343750000000003, 17.925, -0.5134765625000001])
array('d', [-18.2517578125, -0.37343750000000003, 17.925, -0.5134765625000001])
array('d', [-18.2517578125, -0.046679687500000004, 18.205078125, 1.3537109375])
array('d', [-16.7580078125, -0.046679687500000004, 18.205078125, 1.3537109375])
array('d', [-15.964453125, 0.18671875000000002, 17.598242187500002, 0.653515625])
array('d', [-15.964453125, 0.18671875000000002, 17.598242187500002, 0.653515625])
array('d', [-15.964453125, 0.18671875000000002, 17.598242187500002, 0.653515625])
array('d', [-16.0111328125, -0.2333984375, 17.925, -0.5134765625000001])
array('d', [-16.7580078125, -0.2333984375, 17.831640625000002, 0.046679687500000004])
array('d', [-16.7580078125, 0.8402343750000001, 17.5048828125, 2.8474609375])
array('d', [-16.7580078125, 0.8402343750000001, 17.5048828125, 2.8474609375])
array('d', [-16.7580078125, 0.8402343750000001, 17.5048828125, 2.8474609375])
array('d', [-16.7580078125, 0.8402343750000001, 17.5048828125, 2.8474609375])
array('d', [-17.831640625000002, 0.6068359375, 17.831640625000002, 0.2333984375])
array('d', [-16.3845703125, -0.2333984375, 17.6916015625, 0.37343750000000003])
array('d', [-16.3845703125, -0.466796875, 17.364843750000002, 0.37343750000000003])
array('d', [-18.205078125, -0.466796875, 17.364843750000002, 0.37343750000000003])
array('d', [-17.8783203125, 0.6068359375, 17.7849609375, 0.653515625])
array('d', [-18.205078125, 0.37343750000000003, 17.6916015625, -0.09335937500000001])
array('d', [-18.205078125, 0.37343750000000003, 17.6916015625, -0.09335937500000001])
array('d', [-18.205078125, 0.37343750000000003, 17.6916015625, -0.09335937500000001])
array('d', [-18.205078125, 0.37343750000000003, 17.6916015625, -0.09335937500000001])
array('d', [-18.205078125, 0.37343750000000003, 17.364843750000002, -1.6337890625])
array('d', [-17.084765625, 0.56015625, 17.364843750000002, 0.37343750000000003])
array('d', [-17.084765625, 0.56015625, 17.364843750000002, -1.6337890625])
array('d', [-15.964453125, 0.6068359375, 17.364843750000002, -1.6337890625])
array('d', [-18.9052734375, 0.7935546875, 18.205078125, -0.8402343750000001])
array('d', [-18.205078125, 0.37343750000000003, 17.5048828125, -1.4937500000000001])
array('d', [-18.205078125, 0.37343750000000003, 17.925, 0.37343750000000003])
array('d', [-18.578515625, -0.42011718750000004, 17.925, 0.37343750000000003])
array('d', [-17.831640625000002, -0.2333984375, 18.205078125, 0.653515625])
array('d', [-18.578515625, -0.8402343750000001, 17.271484375, -1.213671875])
array('d', [-18.578515625, -0.8402343750000001, 17.271484375, -1.213671875])
array('d', [-18.578515625, -0.8402343750000001, 17.271484375, -1.213671875])
array('d', [-18.578515625, -0.8402343750000001, 17.271484375, -1.213671875])
array('d', [-18.205078125, 0.466796875, 17.831640625000002, -0.8402343750000001])
array('d', [-17.084765625, -0.653515625, 17.5048828125, 0.8402343750000001])
array('d', [-17.084765625, -0.653515625, 17.5048828125, 0.653515625])
array('d', [-17.084765625, 0.56015625, 17.5048828125, 0.653515625])
array('d', [-17.831640625000002, 0.1400390625, 18.11171875, 0.2333984375])
array('d', [-17.831640625000002, 0.1400390625, 17.364843750000002, -0.18671875000000002])
array('d', [-17.458203125, 0.37343750000000003, 17.364843750000002, -0.18671875000000002])
array('d', [-16.711328125, -0.37343750000000003, 17.5048828125, -0.5134765625000001])
array('d', [-16.711328125, 0.37343750000000003, 17.925, -0.09335937500000001])
array('d', [-18.2517578125, -0.37343750000000003, 17.644921875, -0.8402343750000001])
array('d', [-18.2517578125, -0.37343750000000003, 17.644921875, -0.8402343750000001])
array('d', [-18.2517578125, -0.37343750000000003, 17.644921875, -0.8402343750000001])
array('d', [-16.711328125, -0.046679687500000004, 17.5048828125, -0.18671875000000002])
array('d', [-17.131445312500002, -0.56015625, 18.018359375, -0.5134765625000001])
array('d', [-17.8783203125, 0.6068359375, 17.644921875, 0.37343750000000003])
array('d', [-17.8783203125, 0.6068359375, 17.644921875, 0.37343750000000003])
array('d', [-17.8783203125, 0.6068359375, 17.271484375, -1.213671875])
array('d', [-17.831640625000002, -0.046679687500000004, 17.271484375, -1.213671875])
array('d', [-17.131445312500002, 0.9802734375000001, 17.644921875, -1.0736328125])
array('d', [-16.3845703125, 0.9802734375000001, 17.644921875, -1.0736328125])
array('d', [-16.3845703125, 0.9802734375000001, 17.644921875, -1.0736328125])
array('d', [-16.3845703125, 0.9802734375000001, 17.644921875, -1.0736328125])
array('d', [-16.3845703125, -0.8402343750000001, 18.065039062500002, 0.37343750000000003])
array('d', [-18.205078125, -0.653515625, 17.178125, -1.0269531250000001])
array('d', [-18.205078125, -0.2333984375, 17.644921875, 0.2333984375])
array('d', [-17.5048828125, -0.2333984375, 17.644921875, 0.280078125])
array('d', [-17.5048828125, 0.6068359375, 17.598242187500002, 0.280078125])
array('d', [-18.9052734375, -0.466796875, 17.598242187500002, 0.93359375])
array('d', [-17.5048828125, -0.2333984375, 18.298437500000002, -0.5134765625000001])
array('d', [-17.5048828125, -0.2333984375, 18.298437500000002, -0.5134765625000001])
array('d', [-17.8783203125, -0.37343750000000003, 17.925, 0.2333984375])
array('d', [-16.7580078125, -0.56015625, 17.8783203125, -0.5134765625000001])
array('d', [-17.5048828125, 0.37343750000000003, 17.364843750000002, -0.18671875000000002])
array('d', [-17.5048828125, 0.37343750000000003, 17.364843750000002, -0.18671875000000002])
array('d', [-18.578515625, -0.2333984375, 17.178125, 0.37343750000000003])
array('d', [-17.831640625000002, -0.2333984375, 17.831640625000002, -0.5134765625000001])
array('d', [-17.084765625, -0.2333984375, 17.644921875, -0.18671875000000002])
array('d', [-17.831640625000002, -0.8402343750000001, 18.2517578125, -0.18671875000000002])
array('d', [-17.831640625000002, -0.8402343750000001, 18.2517578125, -0.18671875000000002])
array('d', [-16.3845703125, 0.7001953125, 17.6916015625, 0.653515625])
array('d', [-17.458203125, -0.2333984375, 17.598242187500002, -0.8869140625])
array('d', [-17.458203125, -0.2333984375, 17.5048828125, 0.37343750000000003])
array('d', [-18.998632812500002, -0.2333984375, 17.5048828125, 0.37343750000000003])
array('d', [-16.0111328125, -0.8402343750000001, 17.364843750000002, -0.5134765625000001])
array('d', [-17.458203125, 0.37343750000000003, 17.364843750000002, 0.56015625])
array('d', [-17.458203125, 0.1400390625, 17.271484375, 0.2333984375])
array('d', [-17.831640625000002, 0.1400390625, 17.271484375, 0.2333984375])
array('d', [-16.3845703125, 1.213671875, 17.458203125, 0.2333984375])
array('d', [-18.2517578125, 0.18671875000000002, 17.598242187500002, 0.653515625])
array('d', [-18.2517578125, -0.046679687500000004, 17.831640625000002, -0.5134765625000001])
array('d', [-17.5048828125, -0.046679687500000004, 18.391796875, 0.56015625])
array('d', [-18.578515625, 0.37343750000000003, 18.391796875, 0.56015625])
array('d', [-18.578515625, 0.37343750000000003, 18.391796875, 0.56015625])
array('d', [-18.578515625, 0.37343750000000003, 18.391796875, 0.56015625])
array('d', [-18.578515625, 0.37343750000000003, 18.391796875, 0.56015625])
array('d', [-18.578515625, 0.37343750000000003, 17.364843750000002, 0.8402343750000001])
array('d', [-16.3845703125, -0.046679687500000004, 18.018359375, 0.37343750000000003])
array('d', [-18.205078125, 0.56015625, 17.8783203125, -0.09335937500000001])
array('d', [-18.205078125, 0.56015625, 17.178125, 0.93359375])
array('d', [-17.5048828125, -0.466796875, 17.178125, 0.93359375])
array('d', [-17.5048828125, 1.400390625, 17.644921875, 1.213671875])
array('d', [-18.578515625, 0.0, 17.831640625000002, 1.0269531250000001])
array('d', [-18.578515625, 0.0, 17.831640625000002, 1.0269531250000001])
array('d', [-17.8783203125, -0.9802734375000001, 17.6916015625, 1.9605468750000001])
array('d', [-17.5048828125, -0.046679687500000004, 18.018359375, 0.653515625])
array('d', [-17.5048828125, -0.046679687500000004, 17.831640625000002, 0.2333984375])
array('d', [-17.5048828125, -0.046679687500000004, 17.831640625000002, 0.2333984375])
array('d', [-17.5048828125, -0.046679687500000004, 17.831640625000002, 0.2333984375])
array('d', [-17.5048828125, -0.046679687500000004, 17.831640625000002, 0.2333984375])
array('d', [-17.084765625, -1.2603515625000001, 17.6916015625, -0.5134765625000001])
array('d', [-17.831640625000002, 1.213671875, 17.6916015625, -0.5134765625000001])
array('d', [-17.831640625000002, -0.466796875, 17.364843750000002, 1.5404296875])
array('d', [-17.831640625000002, -0.466796875, 17.364843750000002, 1.5404296875])
array('d', [-17.831640625000002, -0.466796875, 17.364843750000002, 1.5404296875])
array('d', [-17.831640625000002, -0.466796875, 17.364843750000002, 1.5404296875])
array('d', [-17.831640625000002, -0.466796875, 17.364843750000002, 1.5404296875])
array('d', [-17.831640625000002, -0.466796875, 17.364843750000002, 1.5404296875])
array('d', [-18.2517578125, -0.046679687500000004, 18.018359375, -0.5134765625000001])
array('d', [-17.831640625000002, -0.9802734375000001, 17.831640625000002, -0.5134765625000001])
array('d', [-18.205078125, -0.046679687500000004, 17.6916015625, -0.8402343750000001])
array('d', [-18.205078125, -0.046679687500000004, 17.6916015625, 0.56015625])
array('d', [-17.5048828125, -0.046679687500000004, 17.6916015625, 0.56015625])
array('d', [-16.7580078125, 0.6068359375, 17.271484375, -0.18671875000000002])
array('d', [-16.7580078125, 0.37343750000000003, 17.644921875, -0.8869140625])
array('d', [-18.998632812500002, 0.37343750000000003, 17.644921875, -0.8869140625])
array('d', [-16.3845703125, -0.8402343750000001, 17.644921875, 0.046679687500000004])
array('d', [-17.831640625000002, 0.0, 17.3181640625, -2.5207031250000003])
array('d', [-17.831640625000002, 0.0, 17.3181640625, -2.5207031250000003])
array('d', [-17.131445312500002, -0.37343750000000003, 17.73828125, -0.18671875000000002])
array('d', [-17.8783203125, -0.046679687500000004, 17.8783203125, 1.3537109375])
array('d', [-17.8783203125, -0.046679687500000004, 17.8783203125, 0.2333984375])
array('d', [-18.2517578125, -0.046679687500000004, 17.8783203125, 0.2333984375])
array('d', [-18.2517578125, -0.046679687500000004, 17.8783203125, 0.2333984375])
array('d', [-16.711328125, -0.653515625, 17.271484375, -0.37343750000000003])
array('d', [-16.711328125, -0.653515625, 17.5048828125, -0.09335937500000001])
array('d', [-17.8783203125, -0.653515625, 17.5048828125, -0.09335937500000001])
array('d', [-17.5048828125, 0.18671875000000002, 18.018359375, -0.09335937500000001])
array('d', [-18.205078125, -1.2603515625000001, 17.831640625000002, 0.56015625])
array('d', [-18.205078125, -1.2603515625000001, 17.831640625000002, -0.5134765625000001])
array('d', [-17.084765625, 0.280078125, 17.8783203125, -0.5134765625000001])
array('d', [-17.084765625, -0.2333984375, 18.11171875, -0.18671875000000002])
array('d', [-17.5048828125, -0.653515625, 17.6916015625, 0.2333984375])
array('d', [-17.5048828125, -0.653515625, 17.364843750000002, 0.37343750000000003])
array('d', [-17.5048828125, -0.653515625, 17.364843750000002, 0.37343750000000003])
array('d', [-17.5048828125, -0.653515625, 17.364843750000002, 0.37343750000000003])
array('d', [-18.2517578125, 0.046679687500000004, 18.018359375, -0.09335937500000001])
array('d', [-18.2517578125, 0.046679687500000004, 18.018359375, -0.09335937500000001])
array('d', [-17.831640625000002, 0.18671875000000002, 17.598242187500002, 1.0269531250000001])
array('d', [-17.131445312500002, 0.37343750000000003, 18.11171875, 0.09335937500000001])
array('d', [-17.131445312500002, -0.37343750000000003, 17.831640625000002, -0.18671875000000002])
array('d', [-16.7580078125, -0.37343750000000003, 17.831640625000002, -0.18671875000000002])
array('d', [-17.458203125, 0.046679687500000004, 17.831640625000002, -0.18671875000000002])
array('d', [-16.711328125, 0.18671875000000002, 17.6916015625, -0.653515625])
array('d', [-16.711328125, 0.18671875000000002, 17.6916015625, 0.2333984375])
array('d', [-18.2517578125, -0.8402343750000001, 17.5048828125, 0.2333984375])
array('d', [-17.131445312500002, -0.8402343750000001, 17.5048828125, 0.2333984375])
array('d', [-17.131445312500002, -0.8402343750000001, 17.5048828125, 0.2333984375])
array('d', [-17.131445312500002, -0.8402343750000001, 17.5048828125, 0.2333984375])
array('d', [-17.131445312500002, 0.37343750000000003, 17.5048828125, 0.2333984375])
array('d', [-17.084765625, 0.37343750000000003, 17.5048828125, 0.2333984375])
array('d', [-17.5048828125, 0.37343750000000003, 18.018359375, -0.09335937500000001])
array('d', [-17.5048828125, 0.37343750000000003, 18.018359375, -0.09335937500000001])
array('d', [-17.5048828125, 0.37343750000000003, 18.018359375, -0.09335937500000001])
array('d', [-17.831640625000002, 0.7935546875, 17.271484375, -0.09335937500000001])
array('d', [-17.131445312500002, 0.37343750000000003, 18.018359375, 0.56015625])
array('d', [-17.131445312500002, 0.37343750000000003, 17.6916015625, -0.18671875000000002])
array('d', [-17.131445312500002, 0.37343750000000003, 17.6916015625, -0.18671875000000002])
array('d', [-17.5048828125, 1.1203125, 17.458203125, -0.18671875000000002])
array('d', [-17.5048828125, 1.1203125, 17.458203125, -0.18671875000000002])
array('d', [-16.7580078125, -0.653515625, 17.831640625000002, 0.653515625])
array('d', [-16.7580078125, -0.653515625, 17.831640625000002, 0.653515625])
array('d', [-16.7580078125, -0.653515625, 17.831640625000002, 0.653515625])
array('d', [-16.7580078125, -0.653515625, 17.831640625000002, 0.653515625])
array('d', [-16.7580078125, -0.653515625, 17.831640625000002, 0.653515625])
array('d', [-16.7580078125, -0.653515625, 17.831640625000002, 0.653515625])
array('d', [-17.5048828125, 0.18671875000000002, 17.925, -0.8869140625])
array('d', [-17.5048828125, -2.3806640625, 18.018359375, -0.8869140625])
array('d', [-18.205078125, -0.8402343750000001, 17.831640625000002, 0.09335937500000001])
array('d', [-17.131445312500002, -0.56015625, 16.898046875000002, 0.56015625])
array('d', [-17.131445312500002, -0.56015625, 16.898046875000002, 0.37343750000000003])
array('d', [-17.831640625000002, 0.37343750000000003, 17.831640625000002, 0.37343750000000003])
array('d', [-18.205078125, 0.7935546875, 17.364843750000002, -0.653515625])
array('d', [-18.205078125, -1.6337890625, 18.018359375, 1.1203125])
array('d', [-17.458203125, -1.6337890625, 18.018359375, 1.1203125])
array('d', [-17.831640625000002, 0.6068359375, 18.018359375, 1.6804687500000002])
array('d', [-17.084765625, 0.6068359375, 18.018359375, 1.6804687500000002])
array('d', [-17.084765625, 0.6068359375, 18.018359375, 1.6804687500000002])
array('d', [-17.084765625, 0.6068359375, 18.018359375, 1.6804687500000002])
array('d', [-17.084765625, 0.6068359375, 18.018359375, 1.6804687500000002])
array('d', [-17.084765625, 0.6068359375, 18.018359375, 1.6804687500000002])
array('d', [-17.084765625, 0.6068359375, 18.018359375, 1.6804687500000002])
array('d', [-17.084765625, -0.046679687500000004, 18.2517578125, -0.09335937500000001])
array('d', [-18.2517578125, -0.046679687500000004, 18.2517578125, -0.09335937500000001])
array('d', [-17.5048828125, -0.2333984375, 17.5048828125, 0.42011718750000004])
array('d', [-17.8783203125, -0.046679687500000004, 17.644921875, -0.8869140625])
array('d', [-17.5048828125, -0.37343750000000003, 17.0380859375, 0.2333984375])
array('d', [-17.5048828125, -0.37343750000000003, 17.831640625000002, 0.653515625])
array('d', [-18.9052734375, -0.37343750000000003, 17.831640625000002, -0.5134765625000001])
array('d', [-17.5048828125, 0.37343750000000003, 17.6916015625, -0.5134765625000001])
array('d', [-17.5048828125, 0.7935546875, 17.598242187500002, -0.5134765625000001])
array('d', [-17.084765625, 0.466796875, 17.598242187500002, -0.5134765625000001])
array('d', [-17.5048828125, 0.56015625, 17.598242187500002, -1.0269531250000001])
array('d', [-17.831640625000002, 0.7935546875, 17.8783203125, -0.653515625])
array('d', [-17.831640625000002, 0.7935546875, 17.8783203125, -0.653515625])
array('d', [-17.831640625000002, 0.7935546875, 17.8783203125, -0.653515625])
array('d', [-17.5048828125, 0.9802734375000001, 17.831640625000002, 0.09335937500000001])
array('d', [-17.5048828125, -0.1400390625, 18.3451171875, -1.213671875])
array('d', [-18.2517578125, -1.4937500000000001, 18.298437500000002, 0.653515625])
array('d', [-17.831640625000002, 0.37343750000000003, 17.598242187500002, -0.8402343750000001])
array('d', [-18.205078125, -0.2333984375, 17.925, -0.09335937500000001])
array('d', [-18.205078125, -0.2333984375, 17.925, 0.56015625])
array('d', [-18.205078125, -0.2333984375, 17.6916015625, 0.56015625])
array('d', [-17.831640625000002, -0.653515625, 17.925, -0.8402343750000001])
array('d', [-17.458203125, 0.18671875000000002, 17.084765625, -0.8402343750000001])
array('d', [-17.458203125, 0.18671875000000002, 17.084765625, -0.8402343750000001])
array('d', [-18.205078125, 0.56015625, 17.925, -0.653515625])
array('d', [-17.458203125, -0.046679687500000004, 17.925, -0.653515625])
array('d', [-18.205078125, -0.2333984375, 17.5048828125, -0.09335937500000001])
array('d', [-18.205078125, -0.2333984375, 17.5048828125, -0.09335937500000001])
array('d', [-18.205078125, -0.2333984375, 17.5048828125, -0.09335937500000001])
array('d', [-19.2787109375, -0.2333984375, 17.364843750000002, 0.09335937500000001])
array('d', [-16.7580078125, -0.37343750000000003, 18.2517578125, 0.653515625])
array('d', [-16.7580078125, -0.37343750000000003, 17.925, -0.09335937500000001])
array('d', [-16.7580078125, -0.37343750000000003, 17.925, -0.09335937500000001])
array('d', [-16.7580078125, -0.37343750000000003, 17.925, -0.09335937500000001])
array('d', [-18.205078125, 0.18671875000000002, 17.5048828125, 2.6140625])
array('d', [-18.205078125, 0.18671875000000002, 17.5048828125, 0.37343750000000003])
array('d', [-17.831640625000002, 0.0, 17.5048828125, 0.37343750000000003])
array('d', [-17.5048828125, 0.18671875000000002, 17.831640625000002, 0.2333984375])
array('d', [-17.5048828125, 0.9802734375000001, 17.5048828125, 0.37343750000000003])
array('d', [-18.2517578125, 0.9802734375000001, 17.5048828125, 0.37343750000000003])
array('d', [-17.5048828125, -0.37343750000000003, 17.831640625000002, -0.09335937500000001])
array('d', [-17.5048828125, -0.37343750000000003, 17.831640625000002, -0.09335937500000001])
array('d', [-16.337890625, -0.046679687500000004, 18.018359375, 0.93359375])
array('d', [-17.5048828125, 0.7935546875, 17.925, 0.09335937500000001])
array('d', [-17.5048828125, 0.7935546875, 17.925, 0.2333984375])
array('d', [-17.458203125, 0.7935546875, 17.925, 0.2333984375])
array('d', [-17.458203125, 0.1400390625, 17.644921875, -0.653515625])
array('d', [-18.205078125, -0.8402343750000001, 17.925, 0.046679687500000004])
array('d', [-18.205078125, -0.8402343750000001, 17.831640625000002, -0.5134765625000001])
array('d', [-17.831640625000002, -0.653515625, 17.831640625000002, -0.5134765625000001])
array('d', [-17.831640625000002, 0.6068359375, 17.6916015625, 0.56015625])
array('d', [-17.458203125, 1.400390625, 18.11171875, -0.18671875000000002])
array('d', [-17.458203125, 0.7935546875, 18.018359375, 2.80078125])
array('d', [-16.7580078125, 0.7935546875, 18.018359375, 2.80078125])
array('d', [-17.831640625000002, 0.0, 18.018359375, 0.653515625])
array('d', [-16.7580078125, 0.37343750000000003, 18.11171875, -0.8402343750000001])
array('d', [-16.7580078125, 0.9802734375000001, 17.3181640625, -0.653515625])
array('d', [-18.578515625, 0.9802734375000001, 18.298437500000002, -0.18671875000000002])
array('d', [-16.0111328125, 0.18671875000000002, 17.6916015625, -0.18671875000000002])
array('d', [-17.5048828125, 0.18671875000000002, 17.6916015625, -0.5134765625000001])
array('d', [-17.8783203125, 1.0736328125, 18.018359375, 0.653515625])
array('d', [-17.131445312500002, 0.1400390625, 18.018359375, 0.37343750000000003])
array('d', [-18.205078125, 0.6068359375, 17.925, 0.37343750000000003])
array('d', [-18.205078125, 0.37343750000000003, 17.925, 0.56015625])
array('d', [-17.458203125, 0.18671875000000002, 18.11171875, -0.18671875000000002])
array('d', [-17.458203125, 0.18671875000000002, 18.11171875, -0.18671875000000002])
array('d', [-17.458203125, 0.18671875000000002, 18.11171875, -0.18671875000000002])
array('d', [-17.458203125, 0.18671875000000002, 18.11171875, -0.18671875000000002])
array('d', [-17.084765625, -0.37343750000000003, 17.831640625000002, 0.09335937500000001])
array('d', [-17.084765625, -0.37343750000000003, 17.644921875, 0.2333984375])
array('d', [-16.7580078125, -0.046679687500000004, 17.644921875, 0.2333984375])
array('d', [-16.7580078125, -0.046679687500000004, 17.644921875, 0.2333984375])
array('d', [-16.7580078125, -0.046679687500000004, 17.644921875, 0.2333984375])
array('d', [-16.7580078125, -0.046679687500000004, 17.644921875, 0.2333984375])
array('d', [-16.711328125, 0.37343750000000003, 18.065039062500002, 0.9802734375000001])
array('d', [-17.8783203125, 0.7935546875, 17.364843750000002, 0.9802734375000001])
array('d', [-17.458203125, 0.18671875000000002, 18.11171875, -0.5134765625000001])
array('d', [-17.458203125, 0.18671875000000002, 17.364843750000002, 0.37343750000000003])
array('d', [-17.458203125, 0.37343750000000003, 17.364843750000002, 0.37343750000000003])
array('d', [-17.458203125, -1.213671875, 17.831640625000002, -0.8869140625])
array('d', [-18.205078125, -0.2333984375, 17.925, -0.8869140625])
array('d', [-18.205078125, -0.2333984375, 17.925, -0.8869140625])
array('d', [-17.5048828125, 0.18671875000000002, 18.018359375, -0.8869140625])
array('d', [-18.205078125, -0.2333984375, 17.644921875, 0.2333984375])
array('d', [-18.205078125, -1.4470703125000002, 17.644921875, -0.18671875000000002])
array('d', [-17.831640625000002, -1.4470703125000002, 18.11171875, -0.18671875000000002])
array('d', [-17.831640625000002, 0.0, 18.018359375, -0.18671875000000002])
array('d', [-17.131445312500002, -0.2333984375, 18.2517578125, -0.5134765625000001])
array('d', [-18.578515625, -0.466796875, 17.644921875, 0.56015625])
array('d', [-18.578515625, -0.466796875, 17.644921875, 0.2333984375])
array('d', [-17.8783203125, 0.18671875000000002, 18.205078125, 0.2333984375])
array('d', [-18.578515625, 0.7935546875, 18.018359375, -0.37343750000000003])
array('d', [-17.458203125, -0.2333984375, 18.205078125, -0.5134765625000001])
array('d', [-17.458203125, -0.2333984375, 18.205078125, -0.18671875000000002])
array('d', [-17.5048828125, -1.2603515625000001, 17.8783203125, -0.18671875000000002])
array('d', [-18.578515625, -0.653515625, 17.084765625, 0.2333984375])
array('d', [-18.998632812500002, -0.046679687500000004, 17.458203125, -0.09335937500000001])
array('d', [-17.5048828125, -0.046679687500000004, 17.458203125, -0.09335937500000001])
array('d', [-18.998632812500002, -0.466796875, 17.5048828125, 0.653515625])
array('d', [-17.084765625, -0.9802734375000001, 17.6916015625, 0.56015625])
array('d', [-17.5048828125, -0.56015625, 17.6916015625, -0.18671875000000002])
array('d', [-17.5048828125, -0.56015625, 17.8783203125, 0.9802734375000001])
array('d', [-17.831640625000002, -0.56015625, 18.2517578125, -0.18671875000000002])
array('d', [-17.5048828125, -0.046679687500000004, 18.2517578125, -0.18671875000000002])
array('d', [-18.205078125, -0.046679687500000004, 17.364843750000002, 0.8402343750000001])
array('d', [-18.205078125, 0.6068359375, 18.11171875, -0.37343750000000003])
array('d', [-17.131445312500002, 0.6068359375, 18.11171875, -0.37343750000000003])
array('d', [-18.578515625, 0.6068359375, 17.7849609375, 0.56015625])
array('d', [-18.2517578125, -0.37343750000000003, 18.205078125, -0.5134765625000001])
array('d', [-15.6376953125, 0.18671875000000002, 18.065039062500002, -0.6068359375])
array('d', [-15.6376953125, 0.18671875000000002, 18.065039062500002, -0.6068359375])
array('d', [-16.337890625, 0.37343750000000003, 18.065039062500002, -0.6068359375])
array('d', [-16.337890625, 0.37343750000000003, 18.065039062500002, -0.6068359375])
array('d', [-16.337890625, -0.466796875, 17.5048828125, 0.56015625])
array('d', [-18.205078125, -0.466796875, 17.5048828125, 0.56015625])
array('d', [-17.5048828125, 0.37343750000000003, 17.8783203125, 0.56015625])
array('d', [-17.5048828125, 0.37343750000000003, 17.8783203125, 0.56015625])
array('d', [-17.131445312500002, -0.37343750000000003, 17.364843750000002, -0.6068359375])
array('d', [-18.2517578125, -0.046679687500000004, 17.084765625, 0.09335937500000001])
array('d', [-17.8783203125, 0.466796875, 18.11171875, -0.8402343750000001])
array('d', [-17.5048828125, -0.1400390625, 17.8783203125, -1.1203125])
array('d', [-17.5048828125, 0.37343750000000003, 17.8783203125, 0.09335937500000001])
array('d', [-17.5048828125, 0.37343750000000003, 17.8783203125, 0.09335937500000001])
array('d', [-17.5048828125, 0.37343750000000003, 17.8783203125, 0.09335937500000001])
array('d', [-17.831640625000002, 0.6068359375, 18.2517578125, -0.5134765625000001])
array('d', [-17.831640625000002, 0.6068359375, 17.831640625000002, -0.5134765625000001])
array('d', [-17.458203125, 0.9802734375000001, 17.6916015625, -0.8402343750000001])
array('d', [-17.458203125, -0.1400390625, 17.925, -0.280078125])
array('d', [-16.7580078125, -0.1400390625, 17.925, 0.653515625])
array('d', [-17.5048828125, 0.6068359375, 17.925, 0.653515625])
array('d', [-17.8783203125, -0.8402343750000001, 17.178125, 0.56015625])
array('d', [-17.5048828125, -0.2333984375, 17.8783203125, 1.2603515625000001])
array('d', [-17.5048828125, -0.2333984375, 18.018359375, -0.5134765625000001])
array('d', [-17.5048828125, -0.37343750000000003, 18.018359375, -0.5134765625000001])
array('d', [-17.831640625000002, 0.37343750000000003, 17.364843750000002, -0.18671875000000002])
array('d', [-16.7580078125, -0.653515625, 17.644921875, -1.4937500000000001])
array('d', [-16.3845703125, -1.0736328125, 17.644921875, -0.09335937500000001])
array('d', [-16.3845703125, -1.0736328125, 17.598242187500002, 0.37343750000000003])
array('d', [-16.7580078125, -0.37343750000000003, 17.5048828125, 0.37343750000000003])
array('d', [-17.084765625, -0.046679687500000004, 17.6916015625, 0.56015625])
array('d', [-17.831640625000002, -0.8402343750000001, 17.4115234375, -0.5134765625000001])
array('d', [-17.831640625000002, -0.8402343750000001, 17.4115234375, 0.653515625])
array('d', [-18.578515625, -0.046679687500000004, 17.364843750000002, 0.653515625])
array('d', [-17.5048828125, 0.56015625, 17.7849609375, -0.5134765625000001])
array('d', [-17.5048828125, 0.56015625, 17.7849609375, -0.5134765625000001])
array('d', [-17.084765625, 0.7935546875, 17.5048828125, -0.09335937500000001])
array('d', [-17.084765625, 0.7935546875, 17.6916015625, -0.09335937500000001])
array('d', [-17.458203125, 0.37343750000000003, 17.6916015625, -0.09335937500000001])
array('d', [-17.8783203125, -0.046679687500000004, 17.6916015625, 0.2333984375])
array('d', [-17.5048828125, -0.046679687500000004, 17.8783203125, 0.9802734375000001])
array('d', [-17.5048828125, -0.046679687500000004, 17.8783203125, 0.2333984375])
array('d', [-17.831640625000002, 0.37343750000000003, 18.205078125, 0.2333984375])
array('d', [-16.7580078125, 0.7001953125, 17.5048828125, 0.09335937500000001])
array('d', [-16.7580078125, 0.0, 17.5048828125, -1.4470703125000002])
array('d', [-17.458203125, 0.0, 17.5048828125, 0.9802734375000001])
array('d', [-16.7580078125, 0.37343750000000003, 18.065039062500002, 0.9802734375000001])
array('d', [-17.831640625000002, 0.37343750000000003, 17.6916015625, -0.8869140625])
array('d', [-17.831640625000002, -0.2333984375, 17.598242187500002, 0.653515625])
array('d', [-17.831640625000002, -0.2333984375, 17.598242187500002, 0.653515625])
array('d', [-18.2517578125, -0.2333984375, 17.598242187500002, 0.653515625])
array('d', [-18.2517578125, -0.2333984375, 17.598242187500002, 0.653515625])
array('d', [-18.2517578125, -0.2333984375, 17.598242187500002, 0.653515625])
array('d', [-18.2517578125, -0.046679687500000004, 17.831640625000002, -0.18671875000000002])
array('d', [-17.131445312500002, -0.37343750000000003, 18.11171875, -0.18671875000000002])
array('d', [-17.8783203125, -0.2333984375, 18.11171875, 0.9802734375000001])
array('d', [-17.8783203125, 0.18671875000000002, 17.831640625000002, -0.8402343750000001])
array('d', [-16.7580078125, 0.18671875000000002, 17.831640625000002, -0.8402343750000001])
array('d', [-17.831640625000002, 0.56015625, 17.831640625000002, 0.2333984375])
array('d', [-17.5048828125, -0.42011718750000004, 18.391796875, 0.653515625])
array('d', [-16.7580078125, -0.046679687500000004, 18.298437500000002, 0.9802734375000001])
array('d', [-17.084765625, -0.653515625, 17.6916015625, -0.18671875000000002])
array('d', [-16.7580078125, 0.7935546875, 17.6916015625, 0.653515625])
array('d', [-16.7580078125, 0.7935546875, 17.6916015625, 0.653515625])
array('d', [-16.7580078125, 0.7935546875, 17.6916015625, 0.653515625])
array('d', [-16.7580078125, 0.7935546875, 17.6916015625, 0.653515625])
array('d', [-17.084765625, 0.56015625, 18.11171875, -0.18671875000000002])
array('d', [-17.084765625, 0.7935546875, 17.598242187500002, 1.2603515625000001])
array('d', [-17.131445312500002, 0.7935546875, 17.598242187500002, 1.2603515625000001])
array('d', [-17.131445312500002, 0.7935546875, 17.598242187500002, 1.2603515625000001])
array('d', [-17.831640625000002, -0.653515625, 17.0380859375, -1.30703125])
array('d', [-18.578515625, -0.2333984375, 17.8783203125, -1.30703125])
array('d', [-17.084765625, -0.466796875, 18.11171875, 0.9802734375000001])
array('d', [-17.084765625, -0.466796875, 18.11171875, 0.9802734375000001])
array('d', [-17.5048828125, -0.046679687500000004, 18.11171875, 0.2333984375])
array('d', [-17.5048828125, 0.0, 18.018359375, 0.2333984375])
array('d', [-17.5048828125, 0.0, 18.018359375, 1.0269531250000001])
array('d', [-17.084765625, -0.1400390625, 17.178125, 1.0269531250000001])
array('d', [-17.831640625000002, -0.653515625, 17.831640625000002, -0.5134765625000001])
array('d', [-17.5048828125, 0.7935546875, 17.831640625000002, 0.2333984375])
array('d', [-17.8783203125, 0.56015625, 17.3181640625, 0.9802734375000001])
array('d', [-17.8783203125, 0.56015625, 17.831640625000002, 0.653515625])
array('d', [-18.205078125, 0.56015625, 17.831640625000002, 0.653515625])
array('d', [-17.5048828125, -0.42011718750000004, 17.3181640625, 0.2333984375])
array('d', [-18.2517578125, -0.42011718750000004, 17.5048828125, -0.37343750000000003])
array('d', [-18.2517578125, -1.0269531250000001, 17.6916015625, -0.37343750000000003])
array('d', [-17.831640625000002, -1.0269531250000001, 17.6916015625, -0.37343750000000003])
array('d', [-17.458203125, -0.2333984375, 17.178125, -0.37343750000000003])
array('d', [-17.5048828125, 0.0, 17.6916015625, 0.2333984375])
array('d', [-17.5048828125, -0.8402343750000001, 17.8783203125, -0.5134765625000001])
array('d', [-18.205078125, -0.8402343750000001, 17.925, 0.046679687500000004])
array('d', [-18.205078125, -0.8402343750000001, 17.925, 0.046679687500000004])
array('d', [-18.205078125, 0.8402343750000001, 18.018359375, 0.2333984375])
array('d', [-16.7580078125, 0.8402343750000001, 18.018359375, -0.37343750000000003])
array('d', [-17.5048828125, 1.213671875, 18.11171875, -0.37343750000000003])
array('d', [-17.131445312500002, -0.046679687500000004, 18.018359375, -1.1203125])
array('d', [-17.831640625000002, 0.0, 18.065039062500002, -0.18671875000000002])
array('d', [-16.431250000000002, -0.37343750000000003, 18.11171875, 0.2333984375])
array('d', [-16.431250000000002, -0.37343750000000003, 18.11171875, 0.2333984375])
array('d', [-17.8783203125, -0.046679687500000004, 17.6916015625, -1.1203125])
array('d', [-17.5048828125, -0.653515625, 17.364843750000002, 1.3537109375])
array('d', [-17.5048828125, 0.37343750000000003, 17.8783203125, -0.18671875000000002])
array('d', [-17.131445312500002, -0.653515625, 18.065039062500002, 0.653515625])
array('d', [-17.8783203125, -0.2333984375, 17.831640625000002, -0.09335937500000001])
array('d', [-18.205078125, -0.046679687500000004, 17.6916015625, -0.18671875000000002])
array('d', [-18.205078125, -0.2333984375, 18.11171875, 0.2333984375])
array('d', [-18.205078125, -0.2333984375, 18.11171875, -0.5134765625000001])
array('d', [-17.458203125, -0.2333984375, 17.8783203125, -0.5134765625000001])
array('d', [-17.458203125, -0.2333984375, 17.8783203125, -0.5134765625000001])
array('d', [-17.458203125, -0.2333984375, 17.8783203125, -0.5134765625000001])
array('d', [-18.2517578125, 0.0, 17.5048828125, 0.2333984375])
array('d', [-17.131445312500002, 0.37343750000000003, 18.298437500000002, -0.18671875000000002])
array('d', [-17.831640625000002, -0.466796875, 18.298437500000002, -0.18671875000000002])
array('d', [-17.831640625000002, -0.466796875, 18.298437500000002, -0.18671875000000002])
array('d', [-18.2517578125, 0.18671875000000002, 17.364843750000002, -0.8869140625])
array('d', [-18.2517578125, 0.18671875000000002, 17.364843750000002, -0.8869140625])
array('d', [-17.8783203125, -0.2333984375, 17.5048828125, -0.8402343750000001])
array('d', [-17.831640625000002, -0.37343750000000003, 17.5048828125, -0.8402343750000001])
array('d', [-17.831640625000002, -0.37343750000000003, 17.6916015625, 0.653515625])
array('d', [-17.131445312500002, -0.9802734375000001, 18.205078125, 0.37343750000000003])
array('d', [-17.458203125, -0.653515625, 17.6916015625, 0.56015625])
array('d', [-17.5048828125, 1.213671875, 18.11171875, -0.18671875000000002])
array('d', [-17.084765625, -0.2333984375, 18.11171875, -0.09335937500000001])
array('d', [-17.084765625, 0.56015625, 17.644921875, 0.2333984375])
array('d', [-17.084765625, 0.56015625, 17.644921875, 0.2333984375])
array('d', [-17.084765625, 0.56015625, 17.644921875, 0.2333984375])
array('d', [-17.084765625, -0.2333984375, 17.8783203125, 1.3537109375])
array('d', [-17.084765625, -0.2333984375, 17.8783203125, -0.5134765625000001])
array('d', [-17.131445312500002, 0.18671875000000002, 18.205078125, -0.5134765625000001])
array('d', [-17.131445312500002, 0.18671875000000002, 17.5048828125, 0.56015625])
array('d', [-16.337890625, -0.046679687500000004, 17.831640625000002, -0.5134765625000001])
array('d', [-18.578515625, -0.046679687500000004, 17.831640625000002, -0.5134765625000001])
array('d', [-18.578515625, 0.18671875000000002, 17.925, -0.5134765625000001])
array('d', [-18.578515625, 0.18671875000000002, 17.925, -0.5134765625000001])
array('d', [-18.2517578125, -0.56015625, 17.831640625000002, -0.5134765625000001])
array('d', [-16.7580078125, -0.37343750000000003, 18.018359375, 0.56015625])
array('d', [-18.205078125, -0.37343750000000003, 17.8783203125, -0.09335937500000001])
array('d', [-18.205078125, -0.37343750000000003, 17.8783203125, -0.09335937500000001])
array('d', [-18.205078125, 0.9802734375000001, 17.6916015625, 0.653515625])
array('d', [-18.205078125, -0.046679687500000004, 17.364843750000002, -0.09335937500000001])
array('d', [-17.084765625, -0.046679687500000004, 17.364843750000002, -0.09335937500000001])
array('d', [-17.084765625, -0.046679687500000004, 17.364843750000002, -0.09335937500000001])
array('d', [-17.084765625, -0.046679687500000004, 17.364843750000002, -0.09335937500000001])
array('d', [-18.205078125, 0.0, 17.364843750000002, -0.09335937500000001])
array('d', [-17.131445312500002, 0.18671875000000002, 17.364843750000002, -0.09335937500000001])
array('d', [-18.578515625, -0.2333984375, 17.831640625000002, 0.37343750000000003])
array('d', [-16.711328125, 1.213671875, 17.364843750000002, -0.09335937500000001])
array('d', [-16.3845703125, -0.046679687500000004, 18.11171875, -0.18671875000000002])
array('d', [-16.3845703125, -0.2333984375, 17.6916015625, -0.5134765625000001])
array('d', [-17.831640625000002, -0.2333984375, 17.6916015625, -0.5134765625000001])
array('d', [-17.458203125, 0.37343750000000003, 17.598242187500002, 0.2333984375])
array('d', [-17.8783203125, -0.466796875, 17.6916015625, -0.37343750000000003])
array('d', [-17.8783203125, -0.466796875, 17.6916015625, -0.18671875000000002])
array('d', [-17.5048828125, 0.56015625, 18.018359375, -0.18671875000000002])
array('d', [-16.711328125, 0.7935546875, 17.5048828125, 0.653515625])
array('d', [-16.711328125, -0.653515625, 18.018359375, -0.5134765625000001])
array('d', [-16.7580078125, -0.653515625, 18.018359375, -0.5134765625000001])
array('d', [-17.831640625000002, -0.466796875, 17.831640625000002, 0.653515625])
array('d', [-17.5048828125, 0.56015625, 17.644921875, 0.2333984375])
array('d', [-18.205078125, -0.046679687500000004, 17.6916015625, 0.046679687500000004])
array('d', [-18.2517578125, 0.18671875000000002, 17.831640625000002, 0.09335937500000001])
array('d', [-18.205078125, -0.2333984375, 17.6916015625, -0.6068359375])
array('d', [-17.831640625000002, -0.37343750000000003, 17.598242187500002, 1.3537109375])
array('d', [-17.831640625000002, -0.37343750000000003, 18.298437500000002, -0.09335937500000001])
array('d', [-18.205078125, -0.2333984375, 17.084765625, -0.8869140625])
array('d', [-18.205078125, -0.37343750000000003, 18.018359375, 0.653515625])
array('d', [-17.831640625000002, -0.466796875, 17.6916015625, -0.8402343750000001])
array('d', [-17.131445312500002, -0.2333984375, 17.8783203125, 0.9802734375000001])
array('d', [-17.131445312500002, -0.2333984375, 17.644921875, -1.213671875])
array('d', [-16.3845703125, -1.4470703125000002, 17.271484375, 0.9802734375000001])
array('d', [-17.5048828125, -0.046679687500000004, 17.271484375, 0.9802734375000001])
array('d', [-18.998632812500002, -0.8402343750000001, 17.364843750000002, 0.2333984375])
array('d', [-18.998632812500002, 0.0, 17.831640625000002, 0.09335937500000001])
array('d', [-17.5048828125, 0.0, 17.831640625000002, 0.09335937500000001])
array('d', [-16.7580078125, -0.046679687500000004, 18.11171875, -0.18671875000000002])
array('d', [-16.7580078125, -0.046679687500000004, 17.925, 0.2333984375])
array('d', [-17.5048828125, -0.046679687500000004, 17.925, 0.2333984375])
array('d', [-17.8783203125, 0.6068359375, 18.205078125, 0.56015625])
array('d', [-17.084765625, 0.18671875000000002, 18.11171875, 0.7468750000000001])
array('d', [-16.711328125, 0.466796875, 18.018359375, -1.213671875])
array('d', [-16.711328125, 0.466796875, 18.018359375, 1.0269531250000001])
array('d', [-17.8783203125, 0.0, 18.018359375, 1.0269531250000001])
array('d', [-18.578515625, 0.6068359375, 16.898046875000002, -0.5134765625000001])
array('d', [-18.578515625, 0.6068359375, 17.831640625000002, 0.09335937500000001])
array('d', [-16.337890625, -0.046679687500000004, 18.018359375, 0.42011718750000004])
array('d', [-17.8783203125, -0.2333984375, 18.018359375, 0.42011718750000004])
array('d', [-17.8783203125, -0.37343750000000003, 17.831640625000002, -0.5134765625000001])
array('d', [-17.831640625000002, -0.37343750000000003, 17.364843750000002, 0.56015625])
array('d', [-17.831640625000002, -0.37343750000000003, 17.364843750000002, 0.56015625])
array('d', [-18.2517578125, -0.2333984375, 17.8783203125, -1.0269531250000001])
array('d', [-18.2517578125, -0.046679687500000004, 18.11171875, 0.2333984375])
array('d', [-17.5048828125, -0.046679687500000004, 18.11171875, 0.2333984375])
array('d', [-17.084765625, 0.18671875000000002, 18.018359375, 0.2333984375])
array('d', [-18.2517578125, -1.0269531250000001, 17.831640625000002, -0.18671875000000002])
array('d', [-18.2517578125, -1.0269531250000001, 17.5048828125, -0.18671875000000002])
array('d', [-17.084765625, 0.8402343750000001, 17.5048828125, 0.653515625])
array('d', [-17.084765625, 0.8402343750000001, 17.5048828125, 0.653515625])
array('d', [-17.084765625, 0.8402343750000001, 17.5048828125, 0.653515625])
array('d', [-17.084765625, 0.8402343750000001, 17.5048828125, 0.653515625])
array('d', [-17.084765625, 0.8402343750000001, 18.018359375, 0.653515625])
array('d', [-17.131445312500002, -0.8402343750000001, 17.831640625000002, 0.93359375])
array('d', [-17.5048828125, -0.2333984375, 17.831640625000002, -0.5134765625000001])
array('d', [-17.5048828125, -0.2333984375, 17.831640625000002, -0.5134765625000001])
array('d', [-17.5048828125, -0.2333984375, 17.831640625000002, -0.5134765625000001])
array('d', [-17.5048828125, -0.2333984375, 17.831640625000002, -0.5134765625000001])
array('d', [-18.205078125, 0.0, 18.2517578125, -0.09335937500000001])
array('d', [-16.3845703125, 0.18671875000000002, 17.925, -1.213671875])
array('d', [-16.3845703125, 0.18671875000000002, 17.925, 0.653515625])
array('d', [-16.3845703125, 0.18671875000000002, 17.925, 0.653515625])
array('d', [-16.3845703125, 0.18671875000000002, 17.925, 0.653515625])
array('d', [-16.3845703125, 0.18671875000000002, 17.925, 0.653515625])
array('d', [-17.5048828125, 0.18671875000000002, 17.831640625000002, 0.2333984375])
array('d', [-19.2787109375, 0.6068359375, 18.018359375, 0.93359375])
array('d', [-17.458203125, 0.18671875000000002, 18.018359375, 0.93359375])
array('d', [-17.458203125, 0.18671875000000002, 18.018359375, 0.93359375])
array('d', [-17.831640625000002, -0.37343750000000003, 18.065039062500002, 0.09335937500000001])
array('d', [-17.131445312500002, 0.18671875000000002, 17.8783203125, 0.2333984375])
array('d', [-17.831640625000002, -0.653515625, 17.831640625000002, 0.09335937500000001])
array('d', [-17.831640625000002, -0.653515625, 17.831640625000002, 0.09335937500000001])
array('d', [-17.5048828125, 0.1400390625, 17.831640625000002, -0.653515625])
array('d', [-17.5048828125, 0.18671875000000002, 17.5048828125, -0.3267578125])
array('d', [-17.5048828125, 0.6068359375, 17.5048828125, -1.30703125])
array('d', [-16.3845703125, 0.6068359375, 17.5048828125, -1.30703125])
array('d', [-20.445703125, 0.7935546875, 17.458203125, 0.56015625])
array('d', [-17.178125, 0.37343750000000003, 18.018359375, -1.213671875])
array('d', [-17.178125, 0.37343750000000003, 17.178125, 0.8402343750000001])
array('d', [-16.0111328125, 0.37343750000000003, 18.205078125, 0.046679687500000004])
array('d', [-18.205078125, 0.37343750000000003, 18.205078125, 0.046679687500000004])
array('d', [-17.458203125, 0.37343750000000003, 17.6916015625, -0.8402343750000001])
array('d', [-18.2517578125, -0.2333984375, 18.018359375, 0.56015625])
array('d', [-18.2517578125, -0.2333984375, 17.5048828125, 0.653515625])
array('d', [-18.578515625, -0.8402343750000001, 17.5048828125, 0.653515625])
array('d', [-18.9052734375, -0.8402343750000001, 17.925, -0.8402343750000001])
array('d', [-16.711328125, 0.6068359375, 18.018359375, 0.37343750000000003])
array('d', [-16.711328125, 0.6068359375, 17.5048828125, 0.2333984375])
array('d', [-17.831640625000002, -0.653515625, 17.5048828125, 0.2333984375])
array('d', [-17.831640625000002, -0.653515625, 17.5048828125, 0.2333984375])
array('d', [-17.831640625000002, -0.653515625, 17.5048828125, 0.2333984375])
array('d', [-17.831640625000002, -0.653515625, 17.5048828125, 0.2333984375])
array('d', [-17.131445312500002, -0.046679687500000004, 18.11171875, 0.09335937500000001])
array('d', [-18.205078125, -0.37343750000000003, 17.3181640625, -0.37343750000000003])
array('d', [-17.5048828125, 0.7935546875, 18.018359375, -1.8205078125])
array('d', [-17.5048828125, 0.7935546875, 18.018359375, -0.09335937500000001])
array('d', [-18.205078125, -0.37343750000000003, 18.11171875, -0.09335937500000001])
array('d', [-17.831640625000002, 0.7001953125, 18.2517578125, -0.09335937500000001])
array('d', [-18.9052734375, -0.2333984375, 17.831640625000002, 0.37343750000000003])
array('d', [-18.9052734375, -0.2333984375, 17.831640625000002, 0.37343750000000003])
array('d', [-17.458203125, 0.18671875000000002, 17.5048828125, -1.4937500000000001])
array('d', [-16.7580078125, 0.56015625, 17.644921875, 0.2333984375])
array('d', [-16.7580078125, 0.37343750000000003, 17.644921875, 0.2333984375])
array('d', [-17.831640625000002, 0.37343750000000003, 17.6916015625, 0.56015625])
array('d', [-17.131445312500002, -0.8402343750000001, 17.831640625000002, -0.18671875000000002])
array('d', [-18.2517578125, 0.37343750000000003, 17.598242187500002, -0.18671875000000002])
array('d', [-18.2517578125, 0.37343750000000003, 17.598242187500002, -0.18671875000000002])
array('d', [-17.5048828125, 0.37343750000000003, 17.831640625000002, -0.18671875000000002])
array('d', [-18.2517578125, -0.653515625, 17.6916015625, -0.09335937500000001])
array('d', [-17.831640625000002, 0.7935546875, 17.6916015625, -0.09335937500000001])
array('d', [-17.831640625000002, 0.7935546875, 17.6916015625, -0.09335937500000001])
array('d', [-17.831640625000002, 0.7935546875, 17.6916015625, -0.09335937500000001])
array('d', [-17.831640625000002, 0.7935546875, 17.831640625000002, 0.2333984375])
array('d', [-16.711328125, -0.2333984375, 17.831640625000002, 0.2333984375])
array('d', [-17.831640625000002, -0.466796875, 17.8783203125, -0.18671875000000002])
array('d', [-17.831640625000002, -0.466796875, 17.8783203125, -0.18671875000000002])
array('d', [-16.3845703125, 0.0, 17.5048828125, 0.2333984375])
array('d', [-17.831640625000002, -0.2333984375, 18.11171875, 0.466796875])
array('d', [-17.5048828125, -0.046679687500000004, 17.364843750000002, -0.09335937500000001])
array('d', [-17.5048828125, -0.046679687500000004, 17.364843750000002, -0.18671875000000002])
array('d', [-17.5048828125, 0.18671875000000002, 17.8783203125, -0.18671875000000002])
array('d', [-17.831640625000002, -0.466796875, 17.6916015625, -0.18671875000000002])
array('d', [-17.5048828125, -0.9802734375000001, 17.831640625000002, 0.93359375])
array('d', [-16.7580078125, -0.9802734375000001, 17.4115234375, -0.8869140625])
array('d', [-16.7580078125, -0.9802734375000001, 17.4115234375, 0.2333984375])
array('d', [-17.831640625000002, -0.56015625, 18.578515625, 0.2333984375])
array('d', [-17.131445312500002, -0.046679687500000004, 17.6916015625, -0.18671875000000002])
array('d', [-17.131445312500002, -0.046679687500000004, 17.6916015625, -0.18671875000000002])
array('d', [-17.5048828125, 0.18671875000000002, 17.598242187500002, -0.18671875000000002])
array('d', [-17.5048828125, 0.37343750000000003, 18.018359375, 1.0269531250000001])
array('d', [-17.5048828125, 0.37343750000000003, 18.018359375, 1.0269531250000001])
array('d', [-17.5048828125, 0.37343750000000003, 18.018359375, 1.0269531250000001])
array('d', [-17.5048828125, 0.37343750000000003, 18.018359375, 1.0269531250000001])
array('d', [-17.831640625000002, 0.6068359375, 17.084765625, -0.18671875000000002])
array('d', [-17.831640625000002, 0.6068359375, 17.084765625, -0.18671875000000002])
array('d', [-17.131445312500002, 0.18671875000000002, 18.018359375, -0.09335937500000001])
array('d', [-16.7580078125, -0.8402343750000001, 18.018359375, -0.09335937500000001])
array('d', [-16.7580078125, -0.8402343750000001, 18.018359375, -0.09335937500000001])
array('d', [-16.7580078125, -0.8402343750000001, 18.018359375, 0.09335937500000001])
array('d', [-17.084765625, 0.18671875000000002, 17.6916015625, 0.56015625])
array('d', [-16.7580078125, -0.2333984375, 17.8783203125, 0.56015625])
array('d', [-17.831640625000002, 0.7935546875, 17.598242187500002, 0.2333984375])
array('d', [-17.831640625000002, 0.18671875000000002, 18.391796875, -1.213671875])
array('d', [-17.831640625000002, 0.18671875000000002, 18.391796875, -1.213671875])
array('d', [-16.7580078125, -0.046679687500000004, 18.391796875, -1.213671875])
array('d', [-16.7580078125, -0.046679687500000004, 18.391796875, -1.213671875])
array('d', [-17.8783203125, -0.653515625, 17.925, 0.93359375])
array('d', [-17.8783203125, 0.0, 17.831640625000002, -0.5134765625000001])
array('d', [-17.5048828125, 0.0, 17.831640625000002, -0.5134765625000001])
array('d', [-17.5048828125, 0.0, 17.831640625000002, -0.5134765625000001])
array('d', [-17.5048828125, 0.0, 17.831640625000002, -0.5134765625000001])
array('d', [-17.5048828125, -1.9605468750000001, 18.48515625, -0.8869140625])
array('d', [-16.7580078125, 0.37343750000000003, 17.084765625, -0.8869140625])
array('d', [-17.084765625, -0.046679687500000004, 18.018359375, 0.2333984375])
array('d', [-17.084765625, -0.046679687500000004, 17.6916015625, 0.2333984375])
array('d', [-17.131445312500002, -0.8402343750000001, 17.6916015625, 0.2333984375])
array('d', [-18.998632812500002, 1.213671875, 18.11171875, 0.56015625])
array('d', [-18.2517578125, -0.42011718750000004, 17.831640625000002, 0.56015625])
array('d', [-18.578515625, -0.046679687500000004, 18.298437500000002, 1.6804687500000002])
array('d', [-17.131445312500002, -0.2333984375, 17.6916015625, 0.93359375])
array('d', [-17.131445312500002, -0.8402343750000001, 18.11171875, -0.5134765625000001])
array('d', [-16.711328125, -0.8402343750000001, 18.11171875, -0.5134765625000001])
array('d', [-16.711328125, 0.1400390625, 17.5048828125, 0.2333984375])
array('d', [-17.5048828125, 0.6068359375, 17.8783203125, 0.653515625])
array('d', [-17.5048828125, 0.6068359375, 17.644921875, -0.09335937500000001])
array('d', [-17.831640625000002, 0.18671875000000002, 17.644921875, -0.09335937500000001])
array('d', [-14.5640625, 0.7935546875, 18.205078125, -0.8869140625])
array('d', [-18.2517578125, -0.42011718750000004, 18.018359375, -0.18671875000000002])
array('d', [-18.2517578125, -0.42011718750000004, 18.018359375, -0.18671875000000002])
array('d', [-17.131445312500002, -0.2333984375, 17.598242187500002, -0.5134765625000001])
array('d', [-17.458203125, 0.0, 17.5048828125, -0.8869140625])
array('d', [-17.458203125, 0.0, 17.5048828125, -0.8869140625])
array('d', [-18.205078125, -1.2603515625000001, 17.6916015625, 1.4937500000000001])
array('d', [-17.5048828125, 0.18671875000000002, 17.271484375, -0.8402343750000001])
array('d', [-17.5048828125, 0.18671875000000002, 17.271484375, 0.653515625])
array('d', [-17.084765625, -0.466796875, 18.018359375, 0.653515625])
array('d', [-16.3845703125, 1.213671875, 17.5048828125, -0.18671875000000002])
array('d', [-16.3845703125, -0.8402343750000001, 17.8783203125, 0.2333984375])
array('d', [-16.7580078125, -0.8402343750000001, 17.644921875, 0.7468750000000001])
array('d', [-16.7580078125, -0.8402343750000001, 17.644921875, 0.7468750000000001])
array('d', [-16.7580078125, -0.8402343750000001, 17.644921875, 0.7468750000000001])
array('d', [-16.7580078125, -0.8402343750000001, 17.644921875, 0.7468750000000001])
array('d', [-16.3845703125, -1.1669921875, 17.598242187500002, 0.2333984375])
array('d', [-17.8783203125, 0.8402343750000001, 18.2517578125, -0.5134765625000001])
array('d', [-18.2517578125, 0.8402343750000001, 18.2517578125, -0.5134765625000001])
array('d', [-17.5048828125, -0.2333984375, 18.2517578125, -1.213671875])
array('d', [-17.831640625000002, 0.8402343750000001, 17.598242187500002, -0.18671875000000002])
array('d', [-17.831640625000002, 0.8402343750000001, 17.831640625000002, 2.42734375])
array('d', [-18.578515625, -0.466796875, 17.831640625000002, 2.42734375])
array('d', [-17.458203125, -0.653515625, 17.925, 0.2333984375])
array('d', [-17.084765625, -0.42011718750000004, 17.644921875, -0.09335937500000001])
array('d', [-16.0111328125, -0.42011718750000004, 17.644921875, -0.09335937500000001])
array('d', [-16.0111328125, -0.42011718750000004, 17.644921875, -0.09335937500000001])
array('d', [-16.0111328125, -0.42011718750000004, 17.644921875, -0.09335937500000001])
array('d', [-16.0111328125, 0.18671875000000002, 17.6916015625, 0.2333984375])
array('d', [-17.084765625, 0.8402343750000001, 17.5048828125, 0.2333984375])
array('d', [-17.5048828125, -0.2333984375, 18.298437500000002, -1.0736328125])
array('d', [-17.5048828125, -0.2333984375, 18.298437500000002, -1.0736328125])
array('d', [-17.831640625000002, -0.466796875, 17.6916015625, -0.653515625])
array('d', [-16.7580078125, 0.6068359375, 18.065039062500002, 0.42011718750000004])
array('d', [-16.7580078125, -0.8402343750000001, 17.598242187500002, 0.93359375])
array('d', [-16.7580078125, -0.8402343750000001, 17.598242187500002, 0.93359375])
array('d', [-16.7580078125, -0.8402343750000001, 17.598242187500002, 0.93359375])
array('d', [-17.8783203125, 0.18671875000000002, 17.8783203125, 0.56015625])
array('d', [-17.8783203125, 0.37343750000000003, 18.11171875, -0.09335937500000001])
array('d', [-18.578515625, 0.37343750000000003, 18.11171875, -0.09335937500000001])
array('d', [-16.7580078125, 0.8402343750000001, 17.8783203125, -0.09335937500000001])
array('d', [-17.8783203125, -0.2333984375, 17.6916015625, 0.653515625])
array('d', [-17.831640625000002, -0.046679687500000004, 17.178125, -0.8402343750000001])
array('d', [-17.831640625000002, -0.046679687500000004, 17.178125, -0.18671875000000002])
array('d', [-17.8783203125, -0.2333984375, 18.065039062500002, -0.18671875000000002])
array('d', [-18.205078125, 0.8402343750000001, 17.5048828125, -0.09335937500000001])
array('d', [-18.205078125, -0.42011718750000004, 17.831640625000002, -0.8869140625])
array('d', [-17.8783203125, -0.42011718750000004, 17.925, -0.5134765625000001])
array('d', [-17.831640625000002, 0.6068359375, 17.925, -0.5134765625000001])
array('d', [-16.3845703125, 0.6068359375, 18.11171875, -1.4937500000000001])
array('d', [-17.131445312500002, 0.7935546875, 17.8783203125, 0.56015625])
array('d', [-17.131445312500002, 0.7935546875, 17.8783203125, 0.56015625])
array('d', [-17.131445312500002, 0.7935546875, 17.8783203125, 0.56015625])
array('d', [-16.0111328125, -0.8402343750000001, 18.11171875, 0.2333984375])
array('d', [-18.578515625, 0.37343750000000003, 17.8783203125, -0.18671875000000002])
array('d', [-18.578515625, -0.37343750000000003, 17.644921875, 0.56015625])
array('d', [-18.2517578125, -0.37343750000000003, 17.644921875, 0.56015625])
array('d', [-18.205078125, 0.56015625, 17.364843750000002, 0.2333984375])
array('d', [-17.831640625000002, 0.18671875000000002, 17.6916015625, 0.56015625])
array('d', [-17.831640625000002, 0.18671875000000002, 17.6916015625, 0.56015625])
array('d', [-17.458203125, 0.37343750000000003, 17.644921875, -0.5134765625000001])
array('d', [-17.458203125, 0.37343750000000003, 18.11171875, -0.5134765625000001])
array('d', [-17.831640625000002, -0.653515625, 18.11171875, -0.5134765625000001])
array('d', [-17.831640625000002, -0.653515625, 18.11171875, -0.5134765625000001])
array('d', [-17.831640625000002, -0.653515625, 18.11171875, -0.5134765625000001])
array('d', [-17.831640625000002, -0.653515625, 18.11171875, -0.5134765625000001])
array('d', [-17.5048828125, -0.046679687500000004, 17.7849609375, -0.37343750000000003])
array('d', [-17.458203125, 0.56015625, 17.178125, -0.653515625])
array('d', [-17.8783203125, -0.280078125, 17.178125, -0.09335937500000001])
array('d', [-17.8783203125, -0.280078125, 17.178125, -0.09335937500000001])
array('d', [-17.8783203125, -0.280078125, 17.178125, -0.09335937500000001])
array('d', [-17.131445312500002, -1.1669921875, 18.018359375, -0.18671875000000002])
array('d', [-18.205078125, -0.653515625, 17.8783203125, 0.2333984375])
array('d', [-18.205078125, -0.653515625, 17.8783203125, 0.2333984375])
array('d', [-16.7580078125, -0.8402343750000001, 17.598242187500002, 0.046679687500000004])
array('d', [-16.7580078125, -0.8402343750000001, 17.6916015625, -0.5134765625000001])
array('d', [-17.084765625, 0.56015625, 17.6916015625, -0.5134765625000001])
array('d', [-17.084765625, 0.18671875000000002, 18.018359375, -0.8402343750000001])
array('d', [-17.084765625, 0.8402343750000001, 17.271484375, -0.18671875000000002])
array('d', [-16.7580078125, 0.8402343750000001, 17.831640625000002, 0.653515625])
array('d', [-16.7580078125, 0.8402343750000001, 17.831640625000002, 0.653515625])
array('d', [-16.7580078125, 0.8402343750000001, 17.831640625000002, 0.653515625])
array('d', [-16.7580078125, 0.8402343750000001, 17.831640625000002, 0.653515625])
array('d', [-17.5048828125, -0.046679687500000004, 18.018359375, 0.2333984375])
array('d', [-17.5048828125, -0.046679687500000004, 17.084765625, -0.8869140625])
array('d', [-17.5048828125, -0.046679687500000004, 17.084765625, -0.09335937500000001])
array('d', [-17.5048828125, -0.046679687500000004, 17.084765625, -0.09335937500000001])
array('d', [-17.5048828125, -0.046679687500000004, 17.084765625, -0.09335937500000001])
array('d', [-17.5048828125, -0.046679687500000004, 17.084765625, -0.09335937500000001])
array('d', [-17.084765625, 0.18671875000000002, 17.5048828125, -0.09335937500000001])
array('d', [-17.831640625000002, 0.18671875000000002, 17.5048828125, -0.09335937500000001])
array('d', [-18.578515625, -1.0736328125, 17.6916015625, 1.6804687500000002])
array('d', [-18.578515625, -0.2333984375, 17.831640625000002, 0.653515625])
array('d', [-18.2517578125, -0.2333984375, 17.831640625000002, 0.8402343750000001])
array('d', [-18.578515625, 0.6068359375, 17.6916015625, 0.8402343750000001])
array('d', [-17.5048828125, 0.37343750000000003, 17.8783203125, -1.213671875])
array('d', [-17.5048828125, 0.37343750000000003, 17.8783203125, -1.213671875])
array('d', [-17.5048828125, 0.37343750000000003, 17.8783203125, -1.213671875])
array('d', [-17.084765625, -0.8402343750000001, 17.831640625000002, 0.09335937500000001])
array('d', [-17.084765625, -0.8402343750000001, 18.11171875, 0.09335937500000001])
array('d', [-18.2517578125, 0.7935546875, 17.5048828125, 0.42011718750000004])
array('d', [-18.2517578125, -0.653515625, 17.5048828125, 0.42011718750000004])
array('d', [-17.084765625, 0.18671875000000002, 17.8783203125, -0.09335937500000001])
