array('d', [76.8814453125, 52.0478515625, -41.404882812500006, -3.2208984375000003])
array('d', [71.1865234375, 50.4140625, -41.6849609375, -4.6212890625])
array('d', [71.1865234375, 53.401562500000004, -42.75859375, -7.3753906250000005])
array('d', [76.834765625, 54.428515625, -46.9130859375, -8.6357421875])
array('d', [76.834765625, 54.428515625, -46.9130859375, -12.13671875])
array('d', [73.75390625, 52.28125, -46.2595703125, -12.13671875])
array('d', [48.36015625, 120.57363281250001, -76.087890625, -33.702734375])
array('d', [48.36015625, 120.57363281250001, -76.087890625, -33.702734375])
array('d', [45.8861328125, 120.900390625, -82.9498046875, -36.03671875])
array('d', [45.8861328125, 120.900390625, -82.9498046875, -36.03671875])
array('d', [47.8466796875, 123.60781250000001, -83.1365234375, -36.41015625])
array('d', [48.640234375000006, 122.394140625, -84.116796875, -36.41015625])
array('d', [48.640234375000006, 122.394140625, -84.116796875, -36.41015625])
array('d', [48.640234375000006, 122.394140625, -88.2712890625, -39.864453125000004])
array('d', [36.5501953125, 112.8248046875, -88.2712890625, -39.864453125000004])
array('d', [34.7763671875, 109.790625, -89.905078125, -39.3509765625])
array('d', [34.7763671875, 109.790625, -89.905078125, -39.3509765625])
array('d', [34.7763671875, 109.790625, -89.905078125, -39.3509765625])
array('d', [34.7763671875, 109.790625, -89.905078125, -39.3509765625])
array('d', [34.7763671875, 109.790625, -89.905078125, -39.3509765625])
array('d', [33.889453125, 106.2896484375, -92.56582031250001, -38.697460937500004])
array('d', [33.142578125, 102.7419921875, -93.73281250000001, -38.3240234375])
array('d', [33.142578125, 102.7419921875, -95.64667968750001, -39.304296875])
array('d', [33.142578125, 99.427734375, -95.64667968750001, -39.304296875])
array('d', [24.553515625000003, 97.74726562500001, -93.452734375, -39.117578125])
array('d', [23.71328125, 14.3306640625, -91.91230468750001, -16.8046875])
array('d', [23.71328125, 14.3306640625, -91.91230468750001, -16.8046875])
array('d', [23.71328125, 14.3306640625, -91.91230468750001, -16.8046875])
array('d', [23.71328125, 14.3306640625, -91.91230468750001, -16.8046875])
array('d', [23.71328125, 14.3306640625, -91.91230468750001, -16.8046875])
array('d', [32.0689453125, -1.6804687500000002, -92.56582031250001, -6.3017578125])
array('d', [34.496289062500004, 4.761328125, -93.826171875, -3.3609375000000004])
array('d', [34.496289062500004, 6.068359375, -91.958984375, -2.240625])
array('d', [35.383203125, 6.068359375, -91.958984375, -2.240625])
array('d', [35.383203125, 6.068359375, -91.958984375, -2.240625])
array('d', [35.383203125, 6.068359375, -91.958984375, -2.240625])
array('d', [35.383203125, 6.068359375, -91.958984375, -2.240625])
array('d', [36.5501953125, 5.41484375, -88.9248046875, 1.30703125])
array('d', [37.8572265625, 4.29453125, -85.79726562500001, 4.66796875])
array('d', [37.8572265625, 4.29453125, -85.79726562500001, 4.66796875])
array('d', [39.491015625, 5.321484375000001, -84.58359375, 9.149218750000001])
array('d', [43.038671875000006, 8.308984375, -84.67695312500001, 9.149218750000001])
array('d', [43.038671875000006, 8.308984375, -84.67695312500001, 8.915820312500001])
array('d', [47.473242187500006, 6.1150390625, -80.008984375, 8.915820312500001])
array('d', [45.7927734375, 8.5423828125, -76.7880859375, 7.748828125])
array('d', [47.099804687500004, 6.8619140625, -77.2548828125, 5.5082031250000005])
array('d', [47.099804687500004, 6.8619140625, -77.2548828125, 5.321484375000001])
array('d', [55.875585937500006, 6.8619140625, -68.1990234375, -0.046679687500000004])
array('d', [57.32265625, 13.723828125, -66.378515625, -0.0])
array('d', [57.602734375000004, 14.143945312500001, -67.03203125, 0.8402343750000001])
array('d', [57.602734375000004, 14.143945312500001, -67.03203125, 0.6068359375])
array('d', [58.6296875, 15.8244140625, -67.03203125, 0.6068359375])
array('d', [56.7158203125, 2.147265625, -66.7986328125, 2.147265625])
array('d', [56.7158203125, 2.147265625, -68.1056640625, -0.046679687500000004])
array('d', [57.042578125000006, 1.0269531250000001, -68.1056640625, -0.046679687500000004])
array('d', [57.042578125000006, 1.0269531250000001, -68.1056640625, -0.046679687500000004])
array('d', [56.94921875, 1.773828125, -66.7986328125, -0.18671875000000002])
array('d', [57.229296875, 0.466796875, -67.872265625, -0.18671875000000002])
array('d', [57.602734375000004, -0.280078125, -67.40546875, -0.8402343750000001])
array('d', [57.602734375000004, -0.280078125, -67.40546875, -0.8402343750000001])
array('d', [57.602734375000004, -0.280078125, -67.40546875, -0.8402343750000001])
array('d', [57.602734375000004, -0.280078125, -67.40546875, -0.8402343750000001])
array('d', [56.855859375, -0.3267578125, -67.03203125, 1.5404296875])
array('d', [56.1556640625, 0.1400390625, -66.8453125, 0.7001953125])
array('d', [56.1556640625, 0.1400390625, -66.42519531250001, 1.4937500000000001])
array('d', [56.809179687500006, 0.5134765625000001, -66.42519531250001, 1.4937500000000001])
array('d', [56.482421875, 0.09335937500000001, -66.378515625, 0.3267578125])
array('d', [57.229296875, -0.280078125, -67.0787109375, -0.2333984375])
array('d', [57.229296875, -0.280078125, -67.0787109375, -2.3806640625])
array('d', [57.229296875, -0.280078125, -67.0787109375, -2.3806640625])
array('d', [57.229296875, -0.280078125, -67.0787109375, -2.3806640625])
array('d', [56.855859375, 0.09335937500000001, -67.7322265625, -1.9138671875000002])
array('d', [57.1826171875, 0.1400390625, -67.498828125, -1.9138671875000002])
array('d', [56.855859375, 0.09335937500000001, -66.6119140625, -0.2333984375])
array('d', [56.855859375, 0.09335937500000001, -67.7322265625, 0.3267578125])
array('d', [56.482421875, 0.09335937500000001, -67.7322265625, 0.3267578125])
array('d', [57.229296875, 0.8402343750000001, -67.2654296875, 0.3267578125])
array('d', [57.9294921875, 0.466796875, -67.2654296875, -0.37343750000000003])
array('d', [57.9294921875, 0.466796875, -67.2654296875, 2.707421875])
array('d', [56.855859375, -0.6068359375, -66.8453125, 2.707421875])
array('d', [57.229296875, 0.09335937500000001, -66.8453125, 0.18671875000000002])
array('d', [56.855859375, 0.5134765625000001, -66.8453125, 0.18671875000000002])
array('d', [56.855859375, 0.5134765625000001, -66.8453125, 0.3267578125])
array('d', [56.855859375, -1.3537109375, -67.0787109375, -0.5134765625000001])
array('d', [56.855859375, -0.6068359375, -67.498828125, -0.5134765625000001])
array('d', [56.855859375, -0.6068359375, -66.65859375000001, 0.18671875000000002])
array('d', [56.855859375, -0.2333984375, -66.65859375000001, 0.18671875000000002])
array('d', [57.229296875, 0.466796875, -67.0787109375, -0.1400390625])
array('d', [57.1826171875, 0.466796875, -65.95839843750001, 0.046679687500000004])
array('d', [57.1826171875, 0.466796875, -65.95839843750001, 0.046679687500000004])
array('d', [56.482421875, 0.466796875, -66.42519531250001, 0.3267578125])
array('d', [56.482421875, 0.1400390625, -67.965625, -0.37343750000000003])
array('d', [56.482421875, 0.1400390625, -67.965625, 0.18671875000000002])
array('d', [56.482421875, 0.1400390625, -67.965625, 0.18671875000000002])
array('d', [56.482421875, 0.1400390625, -67.965625, 0.18671875000000002])
array('d', [56.482421875, 0.1400390625, -67.965625, 0.18671875000000002])
array('d', [57.229296875, 0.09335937500000001, -66.65859375000001, 0.18671875000000002])
array('d', [56.482421875, -0.2333984375, -66.6119140625, -0.7001953125])
array('d', [57.1826171875, 0.7935546875, -66.8453125, -0.37343750000000003])
array('d', [57.1826171875, 0.7935546875, -67.9189453125, 0.18671875000000002])
array('d', [56.855859375, -0.93359375, -67.9189453125, 0.18671875000000002])
array('d', [57.602734375000004, -0.2333984375, -66.6119140625, 0.3267578125])
array('d', [56.482421875, -0.2333984375, -66.8453125, 0.18671875000000002])
array('d', [56.482421875, -0.2333984375, -66.8453125, 0.18671875000000002])
array('d', [57.5560546875, -0.5134765625000001, -66.89199218750001, 0.18671875000000002])
array('d', [56.1556640625, 0.1400390625, -67.7322265625, -1.0269531250000001])
array('d', [55.7822265625, -0.653515625, -66.28515625, 0.3267578125])
array('d', [55.7822265625, -0.653515625, -66.28515625, -0.93359375])
array('d', [56.1556640625, 0.046679687500000004, -67.82558593750001, -0.93359375])
array('d', [61.710546875000006, 3.8277343750000004, -66.65859375000001, 0.18671875000000002])
array('d', [61.710546875000006, 5.228125, -66.28515625, -0.046679687500000004])
array('d', [63.204296875000004, 5.228125, -66.28515625, -0.046679687500000004])
array('d', [63.204296875000004, 5.228125, -66.28515625, -0.046679687500000004])
array('d', [63.204296875000004, 5.228125, -66.28515625, -0.046679687500000004])
array('d', [63.204296875000004, 5.228125, -66.28515625, -0.046679687500000004])
array('d', [66.19179687500001, 7.562109375, -66.2384765625, 0.18671875000000002])
array('d', [67.9189453125, 10.642968750000001, -67.5455078125, -0.37343750000000003])
array('d', [68.9458984375, 12.3701171875, -66.471875, 0.18671875000000002])
array('d', [68.9458984375, 12.3701171875, -66.471875, 0.18671875000000002])
array('d', [68.9458984375, 12.3701171875, -66.471875, 0.18671875000000002])
array('d', [68.9458984375, 12.3701171875, -66.7052734375, -0.7935546875])
array('d', [71.8400390625, 17.9716796875, -67.498828125, -0.2333984375])
array('d', [79.35546875, 23.5732421875, -65.91171875, -0.18671875000000002])
array('d', [79.35546875, 23.5732421875, -65.91171875, -0.3267578125])
array('d', [79.7755859375, 26.5140625, -66.8453125, -0.3267578125])
array('d', [77.768359375, 29.968359375000002, -68.7125, -0.56015625])
array('d', [79.8689453125, 34.16953125, -67.82558593750001, 0.56015625])
array('d', [79.8689453125, 34.16953125, -67.82558593750001, -1.9138671875000002])
array('d', [80.7091796875, 37.4837890625, -70.2529296875, -1.9138671875000002])
array('d', [78.23515625, 42.75859375, -70.76640625, -1.9605468750000001])
array('d', [78.23515625, 42.75859375, -70.76640625, -1.9605468750000001])
array('d', [78.23515625, 42.75859375, -70.76640625, -1.9605468750000001])
array('d', [73.38046875, 43.505468750000006, -71.980078125, -1.8205078125])
array('d', [73.38046875, 43.505468750000006, -71.980078125, -2.5673828125])
array('d', [67.21875, 46.166210937500004, -72.1201171875, -2.5673828125])
array('d', [67.21875, 46.166210937500004, -72.1201171875, -2.5673828125])
array('d', [70.673046875, 45.932812500000004, -74.59414062500001, -3.8277343750000004])
array('d', [73.3337890625, 45.5126953125, -75.1076171875, -3.2208984375000003])
array('d', [73.3337890625, 45.5126953125, -75.76113281250001, -3.3142578125])
array('d', [74.59414062500001, 45.839453125000006, -75.76113281250001, -3.3142578125])
array('d', [71.88671875, 46.4462890625, -75.6677734375, -3.0341796875])
array('d', [70.9064453125, 46.3529296875, -77.3482421875, -4.48125])
array('d', [70.5796875, 44.5791015625, -77.2548828125, -3.4542968750000003])
array('d', [70.5796875, 44.5791015625, -77.2548828125, -3.4542968750000003])
array('d', [70.5796875, 44.5791015625, -77.2548828125, -3.4542968750000003])
array('d', [70.5796875, 44.5791015625, -77.2548828125, -3.4542968750000003])
array('d', [70.5796875, 45.372656250000006, -79.2154296875, -3.3142578125])
array('d', [71.1865234375, 45.372656250000006, -79.2154296875, -3.3142578125])
array('d', [70.9064453125, 43.038671875000006, -79.1220703125, -2.1005859375])
array('d', [67.872265625, 5.3681640625, -78.888671875, -3.0341796875])
array('d', [67.872265625, 5.3681640625, -78.888671875, -1.5404296875])
array('d', [70.39296875000001, 0.56015625, -79.075390625, -1.5404296875])
array('d', [68.1990234375, 0.466796875, -77.5349609375, 0.7001953125])
array('d', [68.05898437500001, -0.18671875000000002, -75.29433593750001, 2.6607421875000004])
array('d', [68.05898437500001, -0.18671875000000002, -75.29433593750001, 2.6607421875000004])
array('d', [66.19179687500001, -1.1203125, -73.847265625, 4.9947265625])
array('d', [66.471875, -0.3267578125, -73.847265625, 4.9947265625])
array('d', [66.471875, -0.3267578125, -73.847265625, 4.9947265625])
array('d', [66.471875, -0.3267578125, -73.847265625, 4.9947265625])
array('d', [66.471875, -0.3267578125, -71.55996093750001, 8.682421875000001])
array('d', [66.7986328125, -2.80078125, -70.15957031250001, 8.682421875000001])
array('d', [64.884765625, -2.333984375, -68.245703125, 9.89609375])
array('d', [61.990625, -3.9210937500000003, -66.28515625, 12.183398437500001])
array('d', [61.990625, -3.9210937500000003, -63.344335937500006, 14.143945312500001])
array('d', [61.7572265625, -6.3017578125, -63.344335937500006, 14.143945312500001])
array('d', [57.9294921875, -6.628515625, -60.68359375, 16.99140625])
array('d', [57.9294921875, -6.628515625, -60.68359375, 16.99140625])
array('d', [57.9294921875, -6.628515625, -57.229296875, 20.6791015625])
array('d', [55.1287109375, -12.976953125000001, -57.229296875, 20.6791015625])
array('d', [52.4212890625, -14.00390625, -54.241796875000006, 22.8263671875])
array('d', [49.7138671875, -15.7310546875, -52.141210937500006, 24.646875])
array('d', [-134.530859375, -47.7533203125, 39.2576171875, 133.50390625])
array('d', [-134.1107421875, -45.699414062500004, 40.051171875, 132.8970703125])
array('d', [-134.7642578125, -46.026171875, 36.7369140625, 133.970703125])
array('d', [-134.4375, -53.9150390625, 36.7369140625, 133.1771484375])
array('d', [-134.4375, -53.4482421875, 41.6849609375, 133.410546875])
array('d', [-133.6439453125, -53.4482421875, 42.105078125000006, 133.1771484375])
array('d', [-133.6439453125, -53.4482421875, 42.105078125000006, 133.1771484375])
array('d', [-132.8970703125, -52.561328125, 45.1859375, 133.410546875])
array('d', [-134.1107421875, -50.133984375000004, 46.026171875, 133.7373046875])
array('d', [-134.1107421875, -49.807226562500006, 45.232617187500004, 133.78398437500002])
array('d', [-134.1107421875, -49.807226562500006, 45.232617187500004, 133.78398437500002])
array('d', [-132.15019531250002, -49.2470703125, 40.424609375, 134.62421875])
array('d', [-133.7373046875, -46.7263671875, 38.090625, 134.01738281250002])
array('d', [-132.4302734375, -42.338476562500006, 41.078125, 133.410546875])
array('d', [-133.970703125, -42.478515625, 41.171484375000006, 133.55058593750002])
array('d', [-133.970703125, -42.478515625, 41.171484375000006, 133.8306640625])
array('d', [-134.0640625, -43.5521484375, 36.7369140625, 133.8306640625])
array('d', [-134.0640625, -43.5521484375, 36.7369140625, 133.8306640625])
array('d', [-132.94375, -45.3259765625, 37.8572265625, 133.8306640625])
array('d', [-132.663671875, -42.38515625, 41.825, 133.970703125])
array('d', [-133.690625, -43.505468750000006, 43.5521484375, 133.50390625])
array('d', [-133.2705078125, -47.98671875, 39.304296875, 134.157421875])
array('d', [-132.663671875, -52.001171875000004, 39.0708984375, 133.6439453125])
array('d', [-133.08378906250002, -51.8611328125, 42.105078125000006, 133.6439453125])
array('d', [-133.08378906250002, -51.8611328125, 42.105078125000006, 133.6439453125])
array('d', [-133.08378906250002, -51.8611328125, 42.105078125000006, 133.6439453125])
array('d', [-133.08378906250002, -52.9814453125, 43.365429687500004, 134.344140625])
array('d', [-134.2041015625, -52.9814453125, 43.365429687500004, 134.2974609375])
array('d', [-135.0443359375, -51.534375000000004, 43.6455078125, 134.2974609375])
array('d', [-135.0443359375, -51.534375000000004, 43.6455078125, 134.2974609375])
array('d', [-133.55058593750002, -50.320703125, 41.498242187500004, 133.78398437500002])
array('d', [-134.3908203125, -50.367382812500004, 40.984765625, 134.71757812500002])
array('d', [-134.157421875, -47.8466796875, 40.7513671875, 133.6439453125])
array('d', [-134.157421875, -47.8466796875, 40.7513671875, 133.6439453125])
array('d', [-134.157421875, -47.8466796875, 40.7513671875, 133.6439453125])
array('d', [-133.55058593750002, -46.773046875000006, 39.9578125, 133.8306640625])
array('d', [-133.970703125, -47.706640625000006, 38.9775390625, 133.31718750000002])
array('d', [-132.94375, -48.6869140625, 42.338476562500006, 134.2041015625])
array('d', [-132.94375, -48.6869140625, 44.205664062500006, 134.0640625])
array('d', [-135.091015625, -48.640234375000006, 44.205664062500006, 134.0640625])
array('d', [-133.690625, -52.001171875000004, 45.606054687500006, 132.75703125])
array('d', [-133.9240234375, -54.941992187500006, 46.586328125, 134.157421875])
array('d', [-133.8306640625, -57.32265625, 46.773046875000006, 133.970703125])
array('d', [-133.8306640625, -57.32265625, 46.773046875000006, 133.970703125])
array('d', [-133.6439453125, -45.839453125000006, 39.677734375, 133.31718750000002])
array('d', [-133.2705078125, -49.7138671875, 39.0708984375, 133.9240234375])
array('d', [-133.2705078125, -49.7138671875, 39.0708984375, 133.9240234375])
array('d', [-133.2705078125, -49.7138671875, 39.0708984375, 133.9240234375])
array('d', [-133.2705078125, -49.760546875, 41.5916015625, 133.597265625])
array('d', [-133.970703125, -47.239843750000006, 43.6921875, 133.55058593750002])
array('d', [-133.87734375, -50.133984375000004, 42.38515625, 133.6439453125])
array('d', [-133.87734375, -50.133984375000004, 42.38515625, 133.6439453125])
array('d', [-133.87734375, -50.133984375000004, 42.38515625, 133.6439453125])
array('d', [-134.95097656250002, -52.4212890625, 39.304296875, 132.8037109375])
array('d', [-134.3908203125, -55.3154296875, 37.5771484375, 134.0640625])
array('d', [-134.3908203125, -55.3154296875, 42.6185546875, 133.6439453125])
array('d', [-133.78398437500002, -53.9150390625, 42.6185546875, 133.6439453125])
array('d', [-133.410546875, -53.308203125000006, 44.25234375, 134.0640625])
array('d', [-134.25078125000002, -57.229296875, 41.871679687500006, 134.904296875])
array('d', [-134.25078125000002, -57.229296875, 41.2181640625, 133.970703125])
array('d', [-132.663671875, -59.469921875000004, 41.2181640625, 134.157421875])
array('d', [-132.663671875, -59.469921875000004, 41.2181640625, 134.157421875])
array('d', [-132.663671875, -59.469921875000004, 41.2181640625, 134.157421875])
array('d', [-133.78398437500002, -51.0208984375, 40.3779296875, 133.8306640625])
array('d', [-134.48417968750002, -51.254296875, 43.31875, 133.6439453125])
array('d', [-134.48417968750002, -51.254296875, 44.205664062500006, 133.6439453125])
array('d', [-134.48417968750002, -51.254296875, 44.205664062500006, 133.6439453125])
array('d', [-134.48417968750002, -51.254296875, 44.205664062500006, 133.6439453125])
array('d', [-134.48417968750002, -51.254296875, 44.205664062500006, 133.6439453125])
array('d', [-132.8970703125, -48.453515625, 44.205664062500006, 133.410546875])
array('d', [-133.13046875, -46.072851562500006, 45.4193359375, 133.410546875])
array('d', [-133.50390625, -47.940039062500006, 45.4193359375, 133.410546875])
array('d', [-133.4572265625, -51.534375000000004, 37.437109375, 134.0640625])
array('d', [-133.9240234375, -49.387109375, 40.0044921875, 135.0443359375])
array('d', [-133.9240234375, -49.387109375, 40.0044921875, 133.87734375])
array('d', [-133.87734375, -47.099804687500004, 41.078125, 133.87734375])
array('d', [-133.50390625, -49.387109375, 43.225390625, 133.223828125])
array('d', [-133.50390625, -49.387109375, 39.491015625, 134.62421875])
array('d', [-133.31718750000002, -52.7947265625, 39.491015625, 134.62421875])
array('d', [-133.31718750000002, -51.0208984375, 40.51796875, 135.6044921875])
array('d', [-134.2041015625, -48.7802734375, 44.065625000000004, 133.8306640625])
array('d', [-134.2041015625, -48.266796875000004, 43.832226562500004, 134.1107421875])
array('d', [-133.970703125, -48.266796875000004, 43.832226562500004, 134.1107421875])
array('d', [-133.970703125, -48.266796875000004, 43.832226562500004, 134.1107421875])
array('d', [-133.970703125, -48.266796875000004, 43.832226562500004, 134.1107421875])
array('d', [-133.970703125, -48.266796875000004, 43.832226562500004, 134.1107421875])
array('d', [-133.223828125, -49.573828125000006, 42.1517578125, 134.2041015625])
array('d', [-134.2974609375, -51.534375000000004, 41.171484375000006, 134.1107421875])
array('d', [-134.2974609375, -51.534375000000004, 44.5791015625, 134.1107421875])
array('d', [-134.530859375, -51.534375000000004, 44.5791015625, 134.1107421875])
array('d', [-134.530859375, -51.534375000000004, 44.5791015625, 134.1107421875])
array('d', [-134.95097656250002, -47.940039062500006, 44.158984375, 133.223828125])
array('d', [-134.95097656250002, -47.940039062500006, 43.6921875, 133.410546875])
array('d', [-134.62421875, -49.573828125000006, 42.9919921875, 133.50390625])
array('d', [-133.410546875, -50.740820312500006, 42.291796875, 133.78398437500002])
array('d', [-133.410546875, -50.740820312500006, 46.8197265625, 134.344140625])
array('d', [-133.6439453125, -49.573828125000006, 46.8197265625, 134.344140625])
array('d', [-133.597265625, -49.0603515625, 45.9794921875, 133.08378906250002])
array('d', [-132.9904296875, -52.561328125, 43.412109375, 134.8109375])
array('d', [-133.410546875, -53.401562500000004, 41.031445312500004, 134.8109375])
array('d', [-133.410546875, -53.401562500000004, 41.2181640625, 133.4572265625])
array('d', [-135.0443359375, -51.207617187500006, 41.2181640625, 133.4572265625])
array('d', [-135.0443359375, -51.207617187500006, 41.2181640625, 133.4572265625])
array('d', [-135.0443359375, -51.207617187500006, 41.2181640625, 133.4572265625])
array('d', [-134.48417968750002, -48.826953125, 45.3259765625, 134.1107421875])
array('d', [-133.037109375, -51.300976562500004, 43.0853515625, 134.25078125000002])
array('d', [-134.1107421875, -55.2220703125, 41.031445312500004, 134.7642578125])
array('d', [-134.25078125000002, -54.1951171875, 44.9525390625, 132.75703125])
array('d', [-134.904296875, -50.133984375000004, 47.893359375, 133.690625])
array('d', [-134.904296875, -50.133984375000004, 46.586328125, 134.25078125000002])
array('d', [-134.48417968750002, -51.8611328125, 46.586328125, 134.25078125000002])
array('d', [-133.55058593750002, -54.1484375, 45.092578125, 134.4375])
array('d', [-134.2041015625, -55.268750000000004, 40.3779296875, 134.01738281250002])
array('d', [-134.530859375, -52.09453125, 40.3779296875, 134.01738281250002])
array('d', [-134.530859375, -52.09453125, 40.984765625, 133.50390625])
array('d', [-133.690625, -47.8466796875, 41.1248046875, 133.50390625])
array('d', [-133.6439453125, -49.013671875, 39.584375, 134.3908203125])
array('d', [-133.9240234375, -49.200390625000004, 40.097851562500004, 133.9240234375])
array('d', [-133.9240234375, -49.200390625000004, 43.0853515625, 133.597265625])
array('d', [-134.2041015625, -45.1859375, 43.0853515625, 133.597265625])
array('d', [-134.2041015625, -45.1859375, 43.0853515625, 133.597265625])
array('d', [-134.2041015625, -45.1859375, 43.0853515625, 133.597265625])
array('d', [-134.2041015625, -45.1859375, 43.0853515625, 133.597265625])
array('d', [-134.6708984375, -46.7263671875, 42.01171875, 134.48417968750002])
array('d', [-133.7373046875, -51.207617187500006, 42.01171875, 134.48417968750002])
array('d', [-133.87734375, -49.200390625000004, 40.14453125, 133.410546875])
array('d', [-133.87734375, -46.6796875, 40.7513671875, 134.0640625])
array('d', [-133.9240234375, -46.6796875, 40.7513671875, 134.0640625])
array('d', [-133.55058593750002, -42.6185546875, 42.9453125, 133.970703125])
array('d', [-133.4572265625, -45.139257812500006, 39.7244140625, 134.62421875])
array('d', [-133.4572265625, -45.139257812500006, 39.7244140625, 134.62421875])
array('d', [-133.597265625, -47.566601562500004, 34.729687500000004, 134.25078125000002])
array('d', [-133.597265625, -47.566601562500004, 34.729687500000004, 134.3908203125])
array('d', [-133.7373046875, -45.0458984375, 38.930859375000004, 134.3908203125])
array('d', [-133.55058593750002, -45.0458984375, 38.930859375000004, 134.3908203125])
array('d', [-133.55058593750002, -45.0458984375, 38.930859375000004, 134.3908203125])
array('d', [-133.55058593750002, -45.0458984375, 38.930859375000004, 134.3908203125])
array('d', [-133.55058593750002, -44.8125, 41.825, 133.87734375])
array('d', [-134.157421875, -48.7802734375, 40.1912109375, 134.0640625])
array('d', [-133.9240234375, -51.1142578125, 41.6849609375, 134.6708984375])
array('d', [-133.9240234375, -51.1142578125, 41.6849609375, 134.5775390625])
array('d', [-134.2041015625, -48.453515625, 40.7046875, 134.5775390625])
array('d', [-133.8306640625, -47.6599609375, 42.571875000000006, 133.690625])
array('d', [-133.597265625, -46.2595703125, 41.171484375000006, 134.25078125000002])
array('d', [-133.597265625, -46.2595703125, 41.171484375000006, 134.25078125000002])
array('d', [-133.597265625, -45.9794921875, 40.097851562500004, 134.01738281250002])
array('d', [-133.970703125, -45.9794921875, 40.097851562500004, 134.01738281250002])
array('d', [-133.87734375, -49.900585937500004, 38.4173828125, 133.9240234375])
array('d', [-133.8306640625, -48.080078125, 38.4173828125, 133.6439453125])
array('d', [-133.7373046875, -46.6796875, 43.6921875, 133.50390625])
array('d', [-133.7373046875, -46.6796875, 43.6921875, 133.50390625])
array('d', [-133.7373046875, -46.6796875, 43.6921875, 133.50390625])
array('d', [-133.7373046875, -46.6796875, 43.6921875, 133.50390625])
array('d', [-133.78398437500002, -46.8197265625, 42.9453125, 133.970703125])
array('d', [-133.78398437500002, -45.606054687500006, 41.171484375000006, 133.78398437500002])
array('d', [-133.78398437500002, -45.606054687500006, 39.3509765625, 134.2974609375])
array('d', [-133.78398437500002, -45.606054687500006, 39.3509765625, 134.2974609375])
array('d', [-133.690625, -40.564648437500004, 39.9111328125, 133.87734375])
array('d', [-132.61699218750002, -40.564648437500004, 39.9111328125, 133.87734375])
array('d', [-133.7373046875, -38.9775390625, 37.2037109375, 132.8037109375])
array('d', [-132.94375, -38.9775390625, 37.2037109375, 132.8037109375])
array('d', [-132.94375, -38.9775390625, 37.2037109375, 132.8037109375])
array('d', [-132.94375, -38.930859375000004, 34.076171875, 133.2705078125])
array('d', [-132.4302734375, -38.8841796875, 32.7224609375, 133.1771484375])
array('d', [-132.4302734375, -36.876953125, 32.30234375, 134.25078125000002])
array('d', [-132.5703125, -36.876953125, 32.30234375, 134.25078125000002])
array('d', [-132.5703125, -36.876953125, 32.30234375, 134.25078125000002])
array('d', [-132.5703125, -36.876953125, 32.30234375, 134.25078125000002])
array('d', [-131.169921875, -9.52265625, 32.9091796875, 32.0689453125])
array('d', [-132.7103515625, -3.5009765625, 35.896679687500004, 24.2734375])
array('d', [-132.7103515625, 0.466796875, 42.338476562500006, 3.17421875])
array('d', [-132.38359375000002, 0.466796875, 42.338476562500006, 12.13671875])
array('d', [-127.52890625, 2.2873046875000003, 41.2181640625, 12.13671875])
array('d', [-117.53945312500001, 3.8277343750000004, 45.699414062500004, 7.8421875000000005])
array('d', [-117.53945312500001, 3.8277343750000004, 46.633007812500004, 3.4542968750000003])
array('d', [-114.03847656250001, 6.2083984375000005, 46.633007812500004, 3.4542968750000003])
array('d', [-110.8642578125, 8.7291015625, 46.8197265625, 5.2748046875000005])
array('d', [-110.2107421875, 9.52265625, 47.146484375, 7.7021484375])
array('d', [-110.2107421875, 9.52265625, 47.146484375, 7.7021484375])
array('d', [-111.00429687500001, 11.0630859375, 50.133984375000004, 7.655468750000001])
array('d', [-110.9109375, 10.923046875, 52.187890625, 8.02890625])
array('d', [-110.9109375, 10.923046875, 52.187890625, 9.1958984375])
array('d', [-108.01679687500001, 9.055859375, 53.96171875, 9.1958984375])
array('d', [-105.68281250000001, 8.9625, 56.9958984375, 9.616015625000001])
array('d', [-101.108203125, 7.2353515625, 57.789453125, 7.001953125])
array('d', [-101.108203125, 7.2353515625, 57.789453125, 7.001953125])
array('d', [-99.80117187500001, 6.2083984375000005, 58.769726562500004, 5.2748046875000005])
array('d', [-97.560546875, 5.554882812500001, 58.069531250000004, 3.3142578125])
array('d', [-97.560546875, 5.554882812500001, 58.6296875, 5.4615234375])
array('d', [-97.98066406250001, 5.554882812500001, 58.6296875, 5.4615234375])
array('d', [-96.30019531250001, 6.1150390625, 60.030078125, 6.5818359375])
array('d', [-93.77949218750001, 4.761328125, 60.170117187500004, 3.641015625])
array('d', [-93.77949218750001, 4.761328125, 60.170117187500004, 4.0611328125])
array('d', [-93.77949218750001, 4.761328125, 60.170117187500004, 4.0611328125])
array('d', [-93.77949218750001, 4.761328125, 60.170117187500004, 4.0611328125])
array('d', [-93.77949218750001, 4.761328125, 60.170117187500004, 4.0611328125])
array('d', [-94.47968750000001, 3.8744140625, 63.437695312500004, 4.0611328125])
array('d', [-94.47968750000001, 4.3412109375000005, 62.830859375, 3.8277343750000004])
array('d', [-92.61250000000001, 2.5207031250000003, 62.644140625000006, 2.8941406250000004])
array('d', [-92.61250000000001, 2.5207031250000003, 62.644140625000006, 2.8941406250000004])
array('d', [-92.61250000000001, 2.5207031250000003, 62.644140625000006, 2.8941406250000004])
array('d', [-91.7255859375, 2.1005859375, 63.0642578125, 2.8474609375])
array('d', [-92.05234375, 2.6607421875000004, 62.177343750000006, 2.3806640625])
array('d', [-92.05234375, 2.6607421875000004, 62.177343750000006, 0.7468750000000001])
array('d', [-93.49941406250001, 2.707421875, 62.177343750000006, 0.7468750000000001])
array('d', [-93.49941406250001, 2.707421875, 62.177343750000006, 0.7468750000000001])
array('d', [-93.17265625, 1.4470703125000002, 62.457421875, 2.0072265625])
array('d', [-93.17265625, 1.4470703125000002, 62.457421875, 1.3537109375])
array('d', [-92.2390625, 0.653515625, 62.7841796875, 1.3537109375])
array('d', [-92.2390625, 0.653515625, 62.7841796875, 1.3537109375])
array('d', [-92.2390625, 0.653515625, 62.7841796875, 1.3537109375])
array('d', [-93.639453125, 0.0, 61.523828125, 0.653515625])
array('d', [-92.7525390625, -0.2333984375, 61.710546875000006, -0.09335937500000001])
array('d', [-93.4060546875, 0.046679687500000004, 61.710546875000006, -0.7468750000000001])
array('d', [-93.8728515625, -0.1400390625, 61.337109375000004, -0.1400390625])
array('d', [-93.8728515625, -0.1400390625, 61.897265625, -0.3267578125])
array('d', [-93.4060546875, -0.37343750000000003, 61.897265625, -0.3267578125])
array('d', [-93.639453125, -0.18671875000000002, 62.177343750000006, -0.42011718750000004])
array('d', [-93.639453125, 0.046679687500000004, 62.270703125000004, -0.1400390625])
array('d', [-92.9859375, 0.046679687500000004, 62.270703125000004, -0.1400390625])
array('d', [-92.33242187500001, 0.2333984375, 62.457421875, -0.0])
array('d', [-92.9859375, 0.2333984375, 62.457421875, -0.0])
array('d', [-92.9859375, 0.2333984375, 62.457421875, -0.0])
array('d', [-92.9859375, 0.2333984375, 62.457421875, -0.0])
array('d', [-92.9859375, -0.18671875000000002, 62.270703125000004, 0.09335937500000001])
array('d', [-93.1259765625, -0.1400390625, 62.270703125000004, -0.42011718750000004])
array('d', [-92.09902343750001, 0.046679687500000004, 61.6171875, 0.280078125])
array('d', [-92.09902343750001, 0.046679687500000004, 61.6171875, 0.280078125])
array('d', [-92.09902343750001, 0.046679687500000004, 61.6171875, 0.280078125])
array('d', [-94.01289062500001, 0.2333984375, 61.990625, 0.280078125])
array('d', [-94.01289062500001, 0.5134765625000001, 61.7572265625, 0.42011718750000004])
array('d', [-93.359375, 0.5134765625000001, 61.7572265625, 0.42011718750000004])
array('d', [-93.359375, 0.5134765625000001, 61.7572265625, 0.42011718750000004])
array('d', [-92.9392578125, -0.3267578125, 61.6171875, 0.3267578125])
array('d', [-92.9392578125, -0.3267578125, 61.990625, 0.09335937500000001])
array('d', [-92.705859375, -0.37343750000000003, 61.990625, 0.09335937500000001])
array('d', [-92.2857421875, 0.0, 61.6638671875, -0.1400390625])
array('d', [-94.66640625000001, 0.046679687500000004, 61.897265625, 0.1400390625])
array('d', [-94.66640625000001, 0.046679687500000004, 61.897265625, 0.280078125])
array('d', [-93.1259765625, 0.046679687500000004, 61.897265625, 0.280078125])
array('d', [-93.1259765625, 0.046679687500000004, 61.897265625, 0.280078125])
array('d', [-93.359375, -0.2333984375, 61.337109375000004, -0.1400390625])
array('d', [-92.705859375, 0.0, 61.897265625, 0.56015625])
array('d', [-92.705859375, 0.0, 61.990625, -0.42011718750000004])
array('d', [-93.826171875, 0.0, 61.990625, -0.42011718750000004])
array('d', [-93.826171875, 0.0, 61.990625, -0.42011718750000004])
array('d', [-93.826171875, 0.0, 61.990625, -0.1400390625])
array('d', [-93.5927734375, -0.466796875, 61.8505859375, -0.1400390625])
array('d', [-92.705859375, -0.5134765625000001, 61.2904296875, -0.0])
array('d', [-92.705859375, -0.1400390625, 61.8505859375, -0.1400390625])
array('d', [-92.9392578125, -0.1400390625, 61.8505859375, -0.0])
array('d', [-93.4060546875, 0.2333984375, 61.103710937500004, -0.0])
array('d', [-93.359375, 0.5134765625000001, 61.990625, -0.0])
array('d', [-93.359375, 0.5134765625000001, 61.990625, -0.0])
array('d', [-93.77949218750001, 0.1400390625, 61.990625, -0.1400390625])
array('d', [-93.77949218750001, 0.0, 61.523828125, 0.42011718750000004])
array('d', [-93.77949218750001, 0.0, 61.990625, -0.0])
array('d', [-93.77949218750001, 0.42011718750000004, 61.803906250000004, -0.18671875000000002])
array('d', [-93.77949218750001, 0.42011718750000004, 61.943945312500006, 0.37343750000000003])
array('d', [-92.9392578125, 0.046679687500000004, 61.943945312500006, 0.37343750000000003])
array('d', [-92.705859375, 0.0, 62.270703125000004, 0.37343750000000003])
array('d', [-92.705859375, 0.0, 62.270703125000004, 0.37343750000000003])
array('d', [-92.4724609375, 0.1400390625, 62.7841796875, 0.280078125])
array('d', [-92.4724609375, 0.09335937500000001, 61.990625, -0.42011718750000004])
array('d', [-93.1259765625, 0.09335937500000001, 61.990625, 0.280078125])
array('d', [-92.705859375, 0.0, 61.8505859375, 0.280078125])
array('d', [-93.1259765625, 0.0, 61.3837890625, -0.3267578125])
array('d', [-92.892578125, 0.1400390625, 61.337109375000004, -0.0])
array('d', [-92.892578125, 0.1400390625, 61.337109375000004, -0.0])
array('d', [-92.892578125, 0.1400390625, 61.337109375000004, -0.0])
array('d', [-93.359375, 0.2333984375, 61.3837890625, 0.280078125])
array('d', [-92.2857421875, -0.09335937500000001, 61.943945312500006, 0.5134765625000001])
array('d', [-95.2732421875, -0.280078125, 61.943945312500006, 0.5134765625000001])
array('d', [-92.9392578125, -0.09335937500000001, 62.2240234375, -0.7001953125])
array('d', [-94.01289062500001, -0.5134765625000001, 61.803906250000004, -0.653515625])
array('d', [-93.2193359375, 0.09335937500000001, 61.803906250000004, 0.09335937500000001])
array('d', [-92.37910156250001, -0.18671875000000002, 61.803906250000004, 0.6068359375])
array('d', [-92.56582031250001, -0.56015625, 62.3640625, 0.6068359375])
array('d', [-92.84589843750001, 0.1400390625, 61.6638671875, 0.046679687500000004])
array('d', [-92.6591796875, 0.3267578125, 62.3640625, -0.466796875])
array('d', [-92.705859375, 0.42011718750000004, 61.990625, -0.046679687500000004])
array('d', [-92.705859375, 0.42011718750000004, 61.990625, 0.046679687500000004])
array('d', [-93.31269531250001, 0.0, 61.6171875, 0.046679687500000004])
array('d', [-93.17265625, -0.280078125, 62.083984375, 0.280078125])
array('d', [-93.31269531250001, -0.37343750000000003, 62.3640625, -0.046679687500000004])
array('d', [-93.31269531250001, -0.37343750000000003, 62.3640625, -0.046679687500000004])
array('d', [-92.37910156250001, -0.18671875000000002, 62.3640625, -0.37343750000000003])
array('d', [-93.4060546875, -0.280078125, 61.3837890625, -0.466796875])
array('d', [-93.4060546875, -0.280078125, 61.3837890625, -0.466796875])
array('d', [-93.4060546875, -0.280078125, 61.3837890625, -0.466796875])
array('d', [-92.519140625, 0.2333984375, 61.523828125, -0.09335937500000001])
array('d', [-93.77949218750001, 0.09335937500000001, 62.083984375, 0.046679687500000004])
array('d', [-93.77949218750001, -0.1400390625, 61.803906250000004, 0.653515625])
array('d', [-93.452734375, -0.1400390625, 61.803906250000004, 0.653515625])
array('d', [-93.452734375, -0.1400390625, 61.803906250000004, 0.653515625])
array('d', [-92.7525390625, 0.09335937500000001, 61.803906250000004, 0.37343750000000003])
array('d', [-92.7525390625, -0.3267578125, 61.523828125, 0.56015625])
array('d', [-93.73281250000001, -0.3267578125, 61.523828125, 0.56015625])
array('d', [-92.705859375, 0.37343750000000003, 61.803906250000004, -0.37343750000000003])
array('d', [-93.5927734375, 0.09335937500000001, 61.103710937500004, 0.37343750000000003])
array('d', [-93.5927734375, 0.09335937500000001, 62.504101562500004, -0.466796875])
array('d', [-93.2193359375, 0.2333984375, 62.504101562500004, -0.466796875])
array('d', [-92.7525390625, -0.046679687500000004, 61.6638671875, -0.046679687500000004])
array('d', [-93.31269531250001, -0.046679687500000004, 61.6171875, -0.1400390625])
array('d', [-92.05234375, 0.37343750000000003, 61.243750000000006, 0.6068359375])
array('d', [-92.05234375, 0.37343750000000003, 61.243750000000006, 0.6068359375])
array('d', [-92.05234375, 0.37343750000000003, 61.243750000000006, 0.6068359375])
array('d', [-92.7525390625, 0.653515625, 61.803906250000004, -0.7468750000000001])
array('d', [-92.7525390625, 0.653515625, 61.803906250000004, -0.09335937500000001])
array('d', [-92.9392578125, -0.2333984375, 61.523828125, -0.09335937500000001])
array('d', [-92.2857421875, 0.1400390625, 61.243750000000006, -0.09335937500000001])
array('d', [-92.2857421875, 0.046679687500000004, 61.7572265625, -0.37343750000000003])
array('d', [-92.56582031250001, 0.046679687500000004, 61.7572265625, 0.3267578125])
array('d', [-93.1259765625, -0.3267578125, 61.6638671875, 0.3267578125])
array('d', [-92.42578125, 0.2333984375, 61.7572265625, -0.42011718750000004])
array('d', [-92.9859375, 0.1400390625, 61.523828125, 0.280078125])
array('d', [-92.9859375, 0.2333984375, 61.3837890625, 0.280078125])
array('d', [-92.9859375, 0.2333984375, 61.3837890625, 0.280078125])
array('d', [-92.705859375, -0.09335937500000001, 62.2240234375, 0.7001953125])
array('d', [-92.84589843750001, 0.5134765625000001, 62.504101562500004, 0.7001953125])
array('d', [-92.84589843750001, -0.046679687500000004, 61.3837890625, 0.7001953125])
array('d', [-92.2857421875, -0.046679687500000004, 62.1306640625, 0.7468750000000001])
array('d', [-91.91230468750001, 0.466796875, 61.243750000000006, 0.280078125])
array('d', [-91.772265625, 0.466796875, 61.243750000000006, -0.3267578125])
array('d', [-92.1923828125, -0.7468750000000001, 62.504101562500004, -0.3267578125])
array('d', [-92.09902343750001, 0.0, 61.523828125, 0.280078125])
array('d', [-92.09902343750001, 0.0, 61.523828125, 0.280078125])
array('d', [-92.09902343750001, 0.0, 61.523828125, 0.280078125])
array('d', [-92.14570312500001, -0.1400390625, 61.243750000000006, 0.5134765625000001])
array('d', [-92.05234375, -0.280078125, 61.803906250000004, 1.213671875])
array('d', [-91.44550781250001, 0.7001953125, 62.2240234375, 1.213671875])
array('d', [-91.86562500000001, -0.046679687500000004, 61.943945312500006, 1.4937500000000001])
array('d', [-91.86562500000001, -0.046679687500000004, 61.943945312500006, 1.2603515625000001])
array('d', [-92.05234375, -0.7001953125, 61.803906250000004, 1.2603515625000001])
array('d', [-91.585546875, 0.2333984375, 61.803906250000004, 0.9802734375000001])
array('d', [-91.39882812500001, -0.046679687500000004, 61.803906250000004, 0.9802734375000001])
array('d', [-91.39882812500001, -0.046679687500000004, 62.2240234375, 0.280078125])
array('d', [-91.67890625000001, -0.046679687500000004, 62.2240234375, 0.280078125])
array('d', [-91.67890625000001, -0.046679687500000004, 62.2240234375, 0.280078125])
array('d', [-91.67890625000001, -0.046679687500000004, 62.2240234375, 0.280078125])
array('d', [-91.67890625000001, -0.046679687500000004, 62.2240234375, 0.280078125])
array('d', [-91.8189453125, -0.046679687500000004, 61.3837890625, 0.09335937500000001])
array('d', [-92.0056640625, 1.1669921875, 61.803906250000004, 0.280078125])
array('d', [-92.0056640625, 0.5134765625000001, 60.310156250000006, 1.2603515625000001])
array('d', [-91.8189453125, 0.0, 61.3837890625, -0.18671875000000002])
array('d', [-90.93203125000001, 0.42011718750000004, 61.3837890625, 0.8869140625])
array('d', [-91.025390625, 0.9802734375000001, 61.943945312500006, 0.56015625])
array('d', [-91.8189453125, 0.0, 62.083984375, 0.56015625])
array('d', [-92.05234375, 0.2333984375, 61.3837890625, -0.9802734375000001])
array('d', [-90.97871093750001, 0.0, 61.3837890625, -0.653515625])
array('d', [-90.97871093750001, 0.0, 61.3837890625, -0.653515625])
array('d', [-91.11875, -0.18671875000000002, 61.943945312500006, 0.9802734375000001])
array('d', [-91.44550781250001, -0.18671875000000002, 61.803906250000004, -2.0539062500000003])
array('d', [-91.4921875, -0.6068359375, 62.1306640625, 0.2333984375])
array('d', [-91.44550781250001, 0.42011718750000004, 61.990625, 0.1400390625])
array('d', [-91.16542968750001, 0.7001953125, 61.803906250000004, 0.56015625])
array('d', [-91.16542968750001, -0.18671875000000002, 61.803906250000004, 0.56015625])
array('d', [-91.5388671875, 0.0, 61.943945312500006, 0.2333984375])
array('d', [-91.025390625, 0.42011718750000004, 62.2240234375, -0.5134765625000001])
array('d', [-91.025390625, 0.42011718750000004, 62.2240234375, -0.5134765625000001])
array('d', [-90.93203125000001, -0.466796875, 61.6638671875, -0.5134765625000001])
array('d', [-91.958984375, -0.9802734375000001, 61.8505859375, -0.18671875000000002])
array('d', [-91.67890625000001, -0.7935546875, 62.2240234375, -0.18671875000000002])
array('d', [-91.30546875, 0.7468750000000001, 61.803906250000004, 0.1400390625])
array('d', [-91.39882812500001, -0.18671875000000002, 61.803906250000004, 0.2333984375])
array('d', [-91.16542968750001, -0.18671875000000002, 61.943945312500006, 0.1400390625])
array('d', [-91.16542968750001, -0.18671875000000002, 61.943945312500006, 0.1400390625])
array('d', [-91.5388671875, -0.18671875000000002, 61.103710937500004, 0.56015625])
array('d', [-91.2587890625, 0.653515625, 61.943945312500006, -0.2333984375])
array('d', [-91.2587890625, 0.653515625, 61.943945312500006, -0.2333984375])
array('d', [-90.97871093750001, 1.9138671875000002, 62.504101562500004, -0.1400390625])
array('d', [-90.97871093750001, 0.0, 62.2240234375, -0.1400390625])
array('d', [-91.11875, 0.0, 61.6638671875, 1.7271484375000001])
array('d', [-91.11875, -0.2333984375, 61.6638671875, -0.93359375])
array('d', [-90.8853515625, 0.42011718750000004, 61.3837890625, 0.2333984375])
array('d', [-90.8853515625, -0.18671875000000002, 62.083984375, 1.2603515625000001])
array('d', [-90.27851562500001, -0.18671875000000002, 62.083984375, 1.2603515625000001])
array('d', [-90.7919921875, 0.42011718750000004, 61.943945312500006, 0.56015625])
array('d', [-91.67890625000001, 0.7001953125, 61.943945312500006, 0.56015625])
array('d', [-90.18515625, 0.7001953125, 61.943945312500006, 0.56015625])
array('d', [-91.585546875, 0.8869140625, 61.803906250000004, -0.18671875000000002])
array('d', [-90.8853515625, 0.466796875, 61.943945312500006, -0.93359375])
array('d', [-91.21210937500001, -0.2333984375, 61.803906250000004, 0.56015625])
array('d', [-90.46523437500001, 0.8869140625, 62.2240234375, 0.2333984375])
array('d', [-90.4185546875, -0.466796875, 62.177343750000006, -0.93359375])
array('d', [-90.4185546875, -0.466796875, 62.177343750000006, -0.93359375])
array('d', [-91.21210937500001, -0.2333984375, 62.504101562500004, -0.18671875000000002])
array('d', [-90.93203125000001, -0.2333984375, 61.6638671875, -0.18671875000000002])
array('d', [-71.8400390625, 1.9605468750000001, 42.338476562500006, -15.8244140625])
array('d', [-71.51328125, 1.587109375, 41.3115234375, -17.131445312500002])
array('d', [-71.51328125, 1.587109375, 41.3115234375, -17.131445312500002])
array('d', [-69.69277343750001, 2.240625, 41.171484375000006, -17.2248046875])
array('d', [-65.2115234375, 6.3951171875, 35.1498046875, -24.366796875000002])
array('d', [-65.2115234375, 6.3951171875, 35.1498046875, -24.366796875000002])
array('d', [-65.2115234375, 6.3951171875, 35.1498046875, -24.366796875000002])
array('d', [-65.2115234375, 6.3951171875, 35.1498046875, -24.366796875000002])
array('d', [-2.2873046875000003, 63.577734375000006, -17.5515625, -68.89921875])
array('d', [-2.2873046875000003, 63.577734375000006, -17.5515625, -71.88671875])
array('d', [-0.18671875000000002, 68.0123046875, -19.885546875, -71.88671875])
array('d', [0.8402343750000001, 68.75917968750001, -22.452929687500003, -72.0734375])
array('d', [13.3037109375, 72.446875, -24.786914062500003, -82.0162109375])
array('d', [20.399023437500002, 84.21015625000001, -35.1498046875, -83.46328125000001])
array('d', [20.399023437500002, 90.97871093750001, -38.090625, -81.876171875])
array('d', [25.58046875, 90.97871093750001, -38.090625, -81.876171875])
array('d', [25.58046875, 90.97871093750001, -38.090625, -81.876171875])
array('d', [28.988085937500003, 96.58027343750001, -43.598828125000004, -81.22265625])
array('d', [32.7224609375, 99.6611328125, -56.7158203125, -75.5744140625])
array('d', [37.250390625, 99.6611328125, -56.7158203125, -75.5744140625])
array('d', [37.250390625, 99.6611328125, -56.7158203125, -75.5744140625])
array('d', [37.250390625, 99.6611328125, -56.7158203125, -75.5744140625])
array('d', [39.677734375, 107.03652343750001, -60.216796875, -74.12734375000001])
array('d', [44.8591796875, 112.96484375, -64.978125, -67.2654296875])
array('d', [47.98671875, 115.8123046875, -69.8328125, -67.2654296875])
array('d', [49.107031250000006, 118.23964843750001, -73.5205078125, -67.59218750000001])
array('d', [50.22734375, 123.65449218750001, -76.087890625, -68.3857421875])
array('d', [52.701367187500004, 126.64199218750001, -79.2154296875, -66.378515625])
array('d', [53.96171875, 126.03515625, -83.4166015625, -66.3318359375])
array('d', [52.561328125, 126.8287109375, -83.4166015625, -67.872265625])
array('d', [55.2220703125, 130.51640625000002, -86.54414062500001, -67.872265625])
array('d', [56.669140625000004, 131.0765625, -91.2587890625, -69.0392578125])
array('d', [53.074804687500006, 133.2705078125, -98.16738281250001, -67.685546875])
array('d', [50.22734375, 133.4572265625, -100.6880859375, -61.523828125])
array('d', [50.22734375, 134.8576171875, -103.3955078125, -59.7966796875])
array('d', [48.406835937500006, 134.8576171875, -106.4763671875, -58.8630859375])
array('d', [46.166210937500004, 134.8576171875, -106.4763671875, -58.8630859375])
array('d', [46.166210937500004, 134.8576171875, -106.4763671875, -58.8630859375])
array('d', [46.166210937500004, 134.344140625, -110.1640625, -58.0228515625])
array('d', [44.905859375000006, 132.663671875, -115.3455078125, -54.055078125])
array('d', [42.1517578125, 133.78398437500002, -118.70644531250001, -49.387109375])
array('d', [47.940039062500006, 133.87734375, -133.4572265625, -42.898632812500004])
array('d', [46.8197265625, 132.5703125, -134.01738281250002, -42.898632812500004])
array('d', [46.6796875, 134.344140625, -134.1107421875, -42.571875000000006])
array('d', [46.3529296875, 133.6439453125, -133.7373046875, -41.031445312500004])
array('d', [46.3529296875, 133.6439453125, -130.28300781250002, -41.031445312500004])
array('d', [43.87890625, 133.037109375, -130.28300781250002, -32.7224609375])
array('d', [43.738867187500006, 134.344140625, -131.543359375, -33.142578125])
array('d', [43.738867187500006, 134.344140625, -130.3763671875, -33.9828125])
array('d', [42.75859375, 134.344140625, -130.3763671875, -33.9828125])
array('d', [42.75859375, 134.344140625, -130.3763671875, -33.9828125])
array('d', [42.75859375, 134.344140625, -130.3763671875, -33.9828125])
array('d', [41.264843750000004, 134.0640625, -129.81621093750002, -37.0169921875])
array('d', [40.984765625, 133.6439453125, -128.9759765625, -33.6560546875])
array('d', [40.984765625, 134.344140625, -128.369140625, -33.609375])
array('d', [40.14453125, 134.344140625, -128.369140625, -33.609375])
array('d', [42.478515625, 134.344140625, -127.715625, -34.35625])
array('d', [43.5521484375, 133.87734375, -129.9095703125, -34.4029296875])
array('d', [43.5521484375, 133.87734375, -129.9095703125, -34.4029296875])
array('d', [46.8197265625, 133.8306640625, -133.31718750000002, -36.9236328125])
array('d', [45.5126953125, 133.7373046875, -133.50390625, -38.744140625])
array('d', [45.5126953125, 133.7373046875, -133.50390625, -39.02421875])
array('d', [44.5791015625, 133.8306640625, -134.2041015625, -39.02421875])
array('d', [36.1767578125, 133.970703125, -134.1107421875, -40.097851562500004])
array('d', [37.0169921875, 26.187304687500003, -130.796484375, -8.3556640625])
array('d', [37.0169921875, 26.187304687500003, -130.796484375, -4.5746093750000005])
array('d', [38.4173828125, 26.187304687500003, -130.796484375, -4.5746093750000005])
array('d', [38.4173828125, 26.187304687500003, -130.796484375, -4.5746093750000005])
array('d', [47.940039062500006, 4.761328125, -130.0029296875, -0.1400390625])
array('d', [47.940039062500006, 4.761328125, -130.0029296875, -0.1400390625])
array('d', [50.4607421875, 10.2228515625, -127.715625, 1.2603515625000001])
array('d', [50.4607421875, 10.2228515625, -127.715625, 1.2603515625000001])
array('d', [53.121484375, 7.3287109375, -123.0009765625, 3.1275390625000004])
array('d', [52.467968750000004, 5.694921875, -115.01875000000001, 4.4345703125])
array('d', [52.7947265625, 11.1564453125, -111.3310546875, 6.021679687500001])
array('d', [52.7947265625, 11.1564453125, -111.3310546875, 6.021679687500001])
array('d', [52.7947265625, 11.1564453125, -111.3310546875, 6.021679687500001])
array('d', [52.7947265625, 11.1564453125, -111.3310546875, 6.021679687500001])
array('d', [57.602734375000004, 14.9375, -108.95039062500001, 9.9427734375])
array('d', [57.602734375000004, 16.9447265625, -105.21601562500001, 10.362890625])
array('d', [59.5166015625, 16.9447265625, -105.21601562500001, 10.362890625])
array('d', [60.776953125000006, 18.531835937500002, -103.4888671875, 9.709375])
array('d', [62.2240234375, 19.512109375, -102.64863281250001, 9.1958984375])
array('d', [62.2240234375, 19.512109375, -100.828125, 8.215625000000001])
array('d', [64.6513671875, 23.806640625, -100.828125, 8.215625000000001])
array('d', [64.6513671875, 23.806640625, -100.828125, 8.215625000000001])
array('d', [64.6513671875, 23.806640625, -100.828125, 8.215625000000001])
array('d', [64.6513671875, 23.806640625, -100.828125, 8.215625000000001])
array('d', [67.7322265625, 26.5140625, -99.987890625, 8.122265625])
array('d', [66.471875, 29.688281250000003, -97.93398437500001, 6.488476562500001])
array('d', [66.471875, 29.688281250000003, -96.11347656250001, 8.682421875000001])
array('d', [68.619140625, 29.688281250000003, -96.11347656250001, 8.682421875000001])
array('d', [68.619140625, 29.688281250000003, -96.11347656250001, 8.682421875000001])
array('d', [71.2798828125, 34.963085937500004, -97.65390625, 6.5818359375])
array('d', [71.2798828125, 34.963085937500004, -97.65390625, 6.5818359375])
array('d', [71.1865234375, 38.744140625, -97.23378906250001, 6.16171875])
array('d', [71.419921875, 43.225390625, -97.23378906250001, 6.16171875])
array('d', [71.419921875, 43.225390625, -97.23378906250001, 6.16171875])
array('d', [71.419921875, 43.225390625, -97.23378906250001, 6.16171875])
array('d', [71.419921875, 43.225390625, -96.626953125, 2.1005859375])
array('d', [71.2798828125, 45.699414062500004, -95.88007812500001, 2.333984375])
array('d', [70.3462890625, 46.306250000000006, -96.2068359375, 0.7935546875])
array('d', [70.3462890625, 46.306250000000006, -96.2068359375, 0.7935546875])
array('d', [70.3462890625, 46.306250000000006, -96.2068359375, 0.7935546875])
array('d', [70.5796875, 45.372656250000006, -97.373828125, -2.42734375])
array('d', [70.5796875, 45.9794921875, -96.30019531250001, -1.773828125])
array('d', [71.2798828125, 45.9794921875, -96.30019531250001, -1.773828125])
array('d', [70.953125, 45.466015625000004, -97.560546875, -3.54765625])
array('d', [70.112890625, 44.439062500000006, -97.6072265625, -3.0341796875])
array('d', [70.112890625, 44.439062500000006, -97.28046875000001, -1.7271484375000001])
array('d', [67.685546875, 44.158984375, -97.28046875000001, -1.7271484375000001])
array('d', [69.92617187500001, 42.6185546875, -97.28046875000001, -1.400390625])
array('d', [69.552734375, 50.4140625, -98.494140625, 0.046679687500000004])
array('d', [69.552734375, 50.4140625, -97.560546875, 0.653515625])
array('d', [69.5994140625, 51.767773437500004, -97.560546875, 0.653515625])
array('d', [68.4791015625, 52.934765625000004, -97.187109375, 0.5134765625000001])
array('d', [70.15957031250001, 56.575781250000006, -97.840625, 0.6068359375])
array('d', [70.15957031250001, 56.575781250000006, -97.840625, -0.046679687500000004])
array('d', [67.9189453125, 58.9564453125, -97.840625, -0.046679687500000004])
array('d', [68.75917968750001, 63.391015625, -97.65390625, -0.466796875])
array('d', [68.75917968750001, 65.3982421875, -96.8603515625, -0.37343750000000003])
array('d', [69.366015625, 65.3982421875, -96.8603515625, -0.37343750000000003])
array('d', [69.366015625, 65.3982421875, -96.8603515625, -0.37343750000000003])
array('d', [69.366015625, 65.3982421875, -96.8603515625, -0.37343750000000003])
array('d', [69.366015625, 65.3982421875, -96.8603515625, -0.37343750000000003])
array('d', [69.366015625, 65.3982421875, -96.8603515625, -0.37343750000000003])
array('d', [68.245703125, 73.89394531250001, -98.40078125000001, -0.42011718750000004])
array('d', [69.366015625, 73.89394531250001, -98.40078125000001, -1.6804687500000002])
array('d', [64.511328125, 77.0681640625, -96.3935546875, -1.6804687500000002])
array('d', [64.511328125, 77.0681640625, -96.3935546875, -1.6804687500000002])
array('d', [60.870312500000004, 82.15625, -97.46718750000001, -4.4345703125])
array('d', [54.801953125000004, 88.64472656250001, -97.3271484375, -2.1939453125])
array('d', [54.801953125000004, 88.64472656250001, -97.3271484375, -2.1939453125])
array('d', [54.521875, 92.2857421875, -98.0740234375, -1.7271484375000001])
array('d', [58.25625, 98.0740234375, -98.2607421875, 0.653515625])
array('d', [58.25625, 98.0740234375, -99.7544921875, -0.7935546875])
array('d', [51.441015625000006, 103.6755859375, -99.7544921875, -0.7935546875])
array('d', [48.733593750000004, 108.20351562500001, -99.4744140625, -2.0072265625])
array('d', [51.1609375, 107.26992187500001, -100.50136718750001, -2.1939453125])
array('d', [51.1609375, 107.26992187500001, -100.50136718750001, -3.4542968750000003])
array('d', [51.8611328125, 111.00429687500001, -101.71503906250001, -3.4542968750000003])
array('d', [50.974218750000006, 117.259375, -101.71503906250001, -4.8546875])
array('d', [50.974218750000006, 117.259375, -102.88203125000001, -3.4542968750000003])
array('d', [51.067578125000004, 120.2935546875, -102.88203125000001, -3.4542968750000003])
array('d', [48.966992187500004, 121.97402343750001, -103.62890625, -3.4542968750000003])
array('d', [45.0458984375, 122.02070312500001, -105.49609375, -3.734375])
array('d', [45.0458984375, 122.02070312500001, -105.49609375, -3.8277343750000004])
array('d', [43.505468750000006, 124.91484375, -106.6630859375, -3.8277343750000004])
array('d', [43.6455078125, 123.7478515625, -107.6900390625, -4.4345703125])
array('d', [45.9794921875, 124.54140625000001, -109.65058593750001, -4.3412109375000005])
array('d', [45.9794921875, 124.54140625000001, -109.65058593750001, -4.3412109375000005])
array('d', [45.74609375, 123.37441406250001, -110.444140625, -6.16171875])
array('d', [45.74609375, 123.37441406250001, -110.444140625, -6.16171875])
array('d', [45.74609375, 123.37441406250001, -110.444140625, -6.16171875])
array('d', [42.571875000000006, 122.20742187500001, -110.53750000000001, -6.021679687500001])
array('d', [43.412109375, 120.80703125000001, -110.630859375, -5.5082031250000005])
array('d', [43.412109375, 120.80703125000001, -110.630859375, -3.4076171875])
array('d', [43.412109375, 118.05292968750001, -111.84453125, -3.4076171875])
array('d', [42.0583984375, 116.2791015625, -112.91816406250001, -4.387890625])
array('d', [42.0583984375, 116.2791015625, -116.0923828125, -6.2083984375000005])
array('d', [39.2109375, 116.045703125, -116.0923828125, -6.2083984375000005])
array('d', [39.77109375, 114.8787109375, -117.07265625000001, -9.429296875])
array('d', [39.584375, 115.67226562500001, -117.77285156250001, -11.296484375])
array('d', [39.584375, 115.67226562500001, -117.77285156250001, -11.296484375])
array('d', [36.596875000000004, 113.2916015625, -119.21992187500001, -11.343164062500001])
array('d', [36.596875000000004, 113.2916015625, -119.21992187500001, -11.343164062500001])
array('d', [36.596875000000004, 113.2916015625, -119.21992187500001, -11.343164062500001])
array('d', [38.930859375000004, 114.4119140625, -120.246875, -12.416796875000001])
array('d', [38.930859375000004, 114.4119140625, -120.80703125000001, -12.8369140625])
array('d', [39.77109375, 116.2791015625, -120.80703125000001, -12.8369140625])
array('d', [41.731640625000004, 116.2791015625, -120.80703125000001, -12.8369140625])
array('d', [41.731640625000004, 116.2791015625, -120.80703125000001, -12.8369140625])
array('d', [41.731640625000004, 116.2791015625, -120.80703125000001, -12.8369140625])
array('d', [41.731640625000004, 118.3796875, -122.25410156250001, -14.657421875])
array('d', [42.898632812500004, 119.033203125, -122.95429687500001, -14.657421875])
array('d', [43.365429687500004, 121.18046875, -124.2146484375, -14.610742187500001])
array('d', [43.365429687500004, 120.06015625, -124.91484375, -16.197851562500002])
array('d', [42.6185546875, 120.06015625, -124.91484375, -16.197851562500002])
array('d', [43.1787109375, 120.713671875, -125.8484375, -16.0111328125])
array('d', [41.6849609375, 120.2001953125, -124.91484375, -16.7580078125])
array('d', [41.6849609375, 120.2001953125, -124.91484375, -16.7580078125])
array('d', [42.338476562500006, 120.900390625, -126.128515625, -18.4384765625])
array('d', [41.7783203125, 121.27382812500001, -128.929296875, -17.8783203125])
array('d', [41.7783203125, 121.27382812500001, -130.6564453125, -19.7921875])
array('d', [41.7783203125, 121.27382812500001, -130.6564453125, -19.7921875])
array('d', [41.7783203125, 121.27382812500001, -130.6564453125, -19.7921875])
array('d', [41.7783203125, 121.27382812500001, -130.6564453125, -19.7921875])
array('d', [41.7783203125, 121.27382812500001, -130.6564453125, -19.7921875])
array('d', [42.38515625, 121.6005859375, -130.6564453125, -19.885546875])
array('d', [42.75859375, 122.20742187500001, -131.730078125, -19.885546875])
array('d', [41.6849609375, 122.5341796875, -129.4427734375, -18.391796875])
array('d', [41.6849609375, 122.5341796875, -129.4427734375, -18.391796875])
array('d', [40.51796875, 120.99375, -127.38886718750001, -17.4115234375])
array('d', [40.7513671875, 22.873046875, -127.248828125, -4.3412109375000005])
array('d', [40.7513671875, 22.873046875, -127.6689453125, -1.3537109375])
array('d', [47.6599609375, 13.817187500000001, -127.6689453125, -1.3537109375])
array('d', [54.475195312500006, 23.9466796875, -122.90761718750001, 0.8869140625])
array('d', [55.3154296875, 23.2931640625, -120.7603515625, 3.4076171875])
array('d', [55.3154296875, 23.2931640625, -120.7603515625, 5.2748046875000005])
array('d', [55.3154296875, 23.2931640625, -120.7603515625, 5.2748046875000005])
array('d', [55.922265625, 22.686328125000003, -114.50527343750001, 5.2748046875000005])
array('d', [54.1484375, 24.180078125, -109.7439453125, 7.748828125])
array('d', [53.681640625, 8.3556640625, -106.709765625, 8.8224609375])
array('d', [53.681640625, 8.3556640625, -106.709765625, 8.8224609375])
array('d', [60.496875, 6.3484375, -108.3435546875, 8.495703125])
array('d', [65.1181640625, 13.0703125, -108.296875, 8.5423828125])
array('d', [65.1181640625, 13.0703125, -108.296875, 7.9822265625])
array('d', [63.437695312500004, 14.377343750000001, -106.98984375, 7.9822265625])
array('d', [58.5830078125, 15.12421875, -105.0759765625, 6.53515625])
array('d', [59.236523437500004, 9.5693359375, -102.13515625000001, 6.3951171875])
array('d', [59.236523437500004, 9.5693359375, -102.13515625000001, 6.3951171875])
array('d', [63.391015625, 6.1150390625, -101.294921875, 7.748828125])
array('d', [67.5455078125, 6.8619140625, -99.427734375, 8.915820312500001])
array('d', [67.5455078125, 4.1078125000000005, -97.65390625, 8.682421875000001])
array('d', [67.872265625, 4.1078125000000005, -97.65390625, 8.682421875000001])
array('d', [67.872265625, 4.1078125000000005, -97.65390625, 8.682421875000001])
array('d', [65.5849609375, 5.7416015625000005, -96.3935546875, 6.955273437500001])
array('d', [65.5849609375, 6.068359375, -93.639453125, 6.255078125000001])
array('d', [67.59218750000001, 6.068359375, -93.639453125, 6.255078125000001])
array('d', [68.245703125, 4.66796875, -93.639453125, 6.255078125000001])
array('d', [68.245703125, 4.66796875, -93.639453125, 6.255078125000001])
array('d', [68.245703125, 5.4615234375, -91.0720703125, 5.5082031250000005])
array('d', [69.552734375, 5.4615234375, -91.0720703125, 5.5082031250000005])
array('d', [71.13984375, 7.1419921875000005, -89.76503906250001, 5.6482421875])
array('d', [72.1201171875, 9.709375, -87.8044921875, 4.2478515625])
array('d', [72.1201171875, 9.709375, -88.31796875, 3.8277343750000004])
array('d', [74.0806640625, 11.0630859375, -88.31796875, 3.8277343750000004])
array('d', [77.2548828125, 14.657421875, -87.3376953125, 3.734375])
array('d', [79.26210937500001, 17.178125, -88.224609375, 2.8474609375])
array('d', [81.689453125, 19.698828125000002, -86.6841796875, 2.9875000000000003])
array('d', [81.689453125, 23.7599609375, -88.59804687500001, 0.280078125])
array('d', [81.689453125, 23.7599609375, -88.59804687500001, 0.280078125])
array('d', [83.08984375, 25.8138671875, -89.6716796875, -0.2333984375])
array('d', [83.556640625, 26.980859375, -87.89785156250001, -0.93359375])
array('d', [83.556640625, 26.980859375, -87.1509765625, 0.1400390625])
array('d', [82.99648437500001, 26.5607421875, -87.1509765625, 0.1400390625])
array('d', [82.9498046875, 26.0939453125, -90.1384765625, -0.18671875000000002])
array('d', [81.59609375000001, 26.0939453125, -89.905078125, -1.4470703125000002])
array('d', [81.59609375000001, 26.0939453125, -89.905078125, -1.4470703125000002])
array('d', [81.59609375000001, 26.0939453125, -89.905078125, -1.4470703125000002])
array('d', [81.59609375000001, 26.0939453125, -89.905078125, -1.4470703125000002])
array('d', [80.008984375, 26.7474609375, -88.037890625, -0.466796875])
array('d', [79.16875, 28.754687500000003, -87.43105468750001, -0.0])
array('d', [79.16875, 28.754687500000003, -87.43105468750001, -0.7935546875])
array('d', [79.16875, 30.901953125000002, -88.5513671875, -0.7935546875])
array('d', [81.0826171875, 32.4890625, -89.53164062500001, -0.93359375])
array('d', [81.0826171875, 32.4890625, -89.53164062500001, -1.2603515625000001])
array('d', [78.8419921875, 32.4890625, -89.53164062500001, -1.2603515625000001])
array('d', [77.768359375, 32.955859375, -88.784765625, -0.93359375])
array('d', [75.0142578125, 36.0833984375, -88.36464843750001, -0.3267578125])
array('d', [75.76113281250001, 38.744140625, -89.625, -0.56015625])
array('d', [75.76113281250001, 40.7513671875, -89.3916015625, -0.280078125])
array('d', [74.59414062500001, 40.7513671875, -89.3916015625, 0.1400390625])
array('d', [75.6677734375, 43.0853515625, -88.83144531250001, 0.1400390625])
array('d', [74.82753906250001, 45.139257812500006, -88.83144531250001, 0.1400390625])
array('d', [74.82753906250001, 45.139257812500006, -88.83144531250001, 0.1400390625])
array('d', [74.82753906250001, 46.2595703125, -87.9912109375, -0.18671875000000002])
array('d', [73.00703125, 46.2595703125, -87.9912109375, -0.18671875000000002])
array('d', [70.299609375, 46.7263671875, -88.224609375, -0.653515625])
array('d', [70.299609375, 46.7263671875, -88.224609375, -0.653515625])
array('d', [70.7197265625, 51.067578125000004, -88.83144531250001, -0.7935546875])
array('d', [73.75390625, 52.374609375000006, -90.04511718750001, -1.0736328125])
array('d', [73.5671875, 55.82890625, -88.59804687500001, -2.0072265625])
array('d', [73.5671875, 59.75, -88.69140625, -0.8869140625])
array('d', [71.4666015625, 59.75, -88.69140625, -0.8869140625])
array('d', [69.3193359375, 65.25820312500001, -87.5244140625, 0.5134765625000001])
array('d', [63.484375, 68.75917968750001, -87.5244140625, 0.5134765625000001])
array('d', [63.484375, 68.75917968750001, -87.5244140625, 0.5134765625000001])
array('d', [59.236523437500004, 74.59414062500001, -90.091796875, -2.8941406250000004])
array('d', [59.236523437500004, 74.59414062500001, -90.6052734375, -1.773828125])
array('d', [58.723046875, 78.4685546875, -90.6052734375, -1.773828125])
array('d', [61.943945312500006, 84.116796875, -90.97871093750001, -1.1669921875])
array('d', [61.943945312500006, 88.69140625, -91.8189453125, -2.0072265625])
array('d', [57.416015625, 88.69140625, -91.8189453125, -2.0072265625])
array('d', [55.2220703125, 94.10625, -92.09902343750001, -3.7810546875])
array('d', [55.922265625, 101.71503906250001, -93.31269531250001, -3.5009765625])
array('d', [55.922265625, 101.71503906250001, -94.8064453125, -2.0072265625])
array('d', [49.7138671875, 104.04902343750001, -94.8064453125, -2.0072265625])
array('d', [43.785546875, 111.93789062500001, -96.3935546875, -2.0072265625])
array('d', [43.785546875, 111.93789062500001, -96.3935546875, -2.0072265625])
array('d', [43.785546875, 111.93789062500001, -96.8603515625, -5.881640625])
array('d', [43.738867187500006, 118.56640625, -96.8603515625, -5.881640625])
array('d', [41.4515625, 124.448046875, -98.494140625, -7.655468750000001])
array('d', [44.5791015625, 128.9759765625, -100.31464843750001, -6.955273437500001])
array('d', [37.763867187500004, 132.290234375, -101.71503906250001, -8.3556640625])
array('d', [37.763867187500004, 132.290234375, -101.71503906250001, -8.3556640625])
array('d', [35.85, 132.61699218750002, -101.1548828125, -6.3484375])
array('d', [35.85, 134.7642578125, -101.855078125, -8.682421875000001])
array('d', [36.2234375, 134.7642578125, -101.855078125, -8.682421875000001])
array('d', [31.0419921875, 133.31718750000002, -102.64863281250001, -8.77578125])
array('d', [32.955859375, 134.01738281250002, -103.53554687500001, -11.856640625])
array('d', [32.955859375, 134.01738281250002, -103.53554687500001, -11.856640625])
array('d', [32.955859375, 133.31718750000002, -106.05625, -12.043359375000001])
array('d', [33.7494140625, 133.31718750000002, -106.05625, -12.043359375000001])
array('d', [35.7099609375, 132.476953125, -108.25019531250001, -7.3753906250000005])
array('d', [43.5521484375, 133.970703125, -132.196875, -32.30234375])
array('d', [40.3779296875, 134.5775390625, -132.103515625, -33.04921875])
array('d', [39.2576171875, 133.037109375, -133.7373046875, -33.8427734375])
array('d', [39.2576171875, 133.7373046875, -131.0298828125, -33.42265625])
array('d', [39.2576171875, 133.7373046875, -131.0298828125, -33.42265625])
array('d', [42.1517578125, 133.597265625, -129.5361328125, -7.188671875000001])
array('d', [42.338476562500006, 134.1107421875, -129.209375, -1.9138671875000002])
array('d', [43.272070312500006, 132.85039062500002, -132.5703125, -2.6140625])
array('d', [43.038671875000006, 133.8306640625, -133.690625, -2.3806640625])
array('d', [43.038671875000006, 133.8306640625, -134.01738281250002, -5.6015625])
array('d', [43.4587890625, 133.50390625, -134.01738281250002, -7.0953125])
array('d', [48.3134765625, 133.78398437500002, -134.344140625, -7.0953125])
array('d', [48.733593750000004, 133.410546875, -133.6439453125, -8.5423828125])
array('d', [44.5791015625, 134.0640625, -133.6439453125, -9.4759765625])
array('d', [42.198437500000004, 133.223828125, -132.94375, -4.5279296875])
array('d', [42.198437500000004, 133.223828125, -131.8701171875, -4.014453125])
array('d', [45.7927734375, 133.7373046875, -131.63671875, -5.1814453125])
array('d', [44.8591796875, 133.597265625, -131.63671875, -5.1814453125])
array('d', [41.031445312500004, 134.157421875, -132.103515625, -5.6482421875])
array('d', [40.6580078125, 133.4572265625, -132.3369140625, -6.815234375])
array('d', [40.6580078125, 133.4572265625, -132.3369140625, -6.815234375])
array('d', [40.6580078125, 133.4572265625, -132.3369140625, -6.815234375])
array('d', [40.6580078125, 133.4572265625, -132.3369140625, -6.815234375])
array('d', [41.1248046875, 133.50390625, -131.68339843750002, -6.1150390625])
array('d', [39.677734375, 132.9904296875, -132.196875, -6.488476562500001])
array('d', [37.6705078125, 134.25078125000002, -132.196875, -4.8080078125000005])
array('d', [37.6705078125, 134.25078125000002, -132.663671875, -5.228125])
array('d', [36.9236328125, 133.13046875, -132.663671875, -5.228125])
array('d', [39.9111328125, 134.2041015625, -120.900390625, -3.5009765625])
array('d', [40.424609375, 134.2041015625, -119.593359375, -1.9605468750000001])
array('d', [39.864453125000004, 133.7373046875, -119.593359375, -1.9605468750000001])
array('d', [39.864453125000004, 133.7373046875, -119.593359375, -1.9605468750000001])
array('d', [39.8177734375, 134.6708984375, -118.98652343750001, -3.0341796875])
array('d', [43.972265625000006, 133.223828125, -120.10683593750001, -4.29453125])
array('d', [42.0583984375, 133.2705078125, -117.53945312500001, -2.5673828125])
array('d', [39.397656250000004, 133.597265625, -116.69921875, -3.9210937500000003])
array('d', [39.397656250000004, 133.597265625, -116.69921875, -2.8941406250000004])
array('d', [42.9453125, 133.4572265625, -116.2791015625, -2.8941406250000004])
array('d', [43.598828125000004, 133.78398437500002, -115.858984375, -2.240625])
array('d', [43.412109375, 132.9904296875, -116.2791015625, -2.7541015625000003])
array('d', [41.965039062500004, 134.2974609375, -115.9990234375, -2.3806640625])
array('d', [41.965039062500004, 134.2974609375, -115.9990234375, -2.3806640625])
array('d', [41.965039062500004, 134.2974609375, -115.9990234375, -2.3806640625])
array('d', [41.965039062500004, 134.2974609375, -115.9990234375, -2.3806640625])
array('d', [41.965039062500004, 134.2974609375, -115.9990234375, -2.3806640625])
array('d', [41.965039062500004, 134.2974609375, -115.9990234375, -2.3806640625])
array('d', [40.984765625, 133.6439453125, -115.48554687500001, -3.9210937500000003])
array('d', [40.424609375, 132.5703125, -116.4658203125, -1.3537109375])
array('d', [40.424609375, 132.9904296875, -115.1587890625, -2.6140625])
array('d', [41.731640625000004, 133.1771484375, -116.232421875, -2.8941406250000004])
array('d', [40.331250000000004, 134.1107421875, -111.7978515625, -6.628515625])
array('d', [37.5771484375, 133.9240234375, -110.3974609375, -7.422070312500001])
array('d', [36.2234375, 134.2974609375, -110.3974609375, -6.1150390625])
array('d', [36.2234375, 134.157421875, -111.28437500000001, -6.16171875])
array('d', [36.2234375, 134.157421875, -111.28437500000001, -6.16171875])
array('d', [30.4818359375, 132.5236328125, -111.70449218750001, -7.8421875000000005])
array('d', [30.4818359375, 129.209375, -110.630859375, -8.40234375])
array('d', [29.875, 129.209375, -110.630859375, -8.40234375])
array('d', [29.875, 129.209375, -110.630859375, -8.40234375])
array('d', [29.875, 129.209375, -110.630859375, -8.40234375])
array('d', [29.875, 129.209375, -110.630859375, -8.40234375])
array('d', [29.875, 129.209375, -110.630859375, -8.40234375])
array('d', [27.2609375, 130.423046875, -110.58417968750001, -9.0091796875])
array('d', [30.0150390625, 131.9634765625, -111.05097656250001, -10.2228515625])
array('d', [33.796093750000004, 131.26328125, -110.8642578125, -9.5693359375])
array('d', [33.796093750000004, 134.25078125000002, -112.311328125, -9.0091796875])
array('d', [35.569921875, 133.87734375, -112.45136718750001, -10.736328125])
array('d', [34.496289062500004, 133.970703125, -111.84453125, -10.6896484375])
array('d', [36.830273437500004, 133.970703125, -111.84453125, -11.343164062500001])
array('d', [35.0564453125, 133.50390625, -111.23769531250001, -11.343164062500001])
array('d', [35.0564453125, 133.87734375, -110.9109375, -10.923046875])
array('d', [36.316796875, 133.87734375, -110.9109375, -10.923046875])
array('d', [36.316796875, 134.157421875, -111.00429687500001, -10.082812500000001])
array('d', [35.569921875, 134.1107421875, -112.91816406250001, -9.2892578125])
array('d', [34.4029296875, 133.3638671875, -111.93789062500001, -10.0361328125])
array('d', [34.4029296875, 133.3638671875, -111.93789062500001, -11.38984375])
array('d', [34.449609375, 134.530859375, -112.40468750000001, -12.183398437500001])
array('d', [35.3365234375, 133.13046875, -111.377734375, -12.183398437500001])
array('d', [36.316796875, 134.2974609375, -110.4908203125, -12.183398437500001])
array('d', [36.316796875, 133.9240234375, -108.8103515625, -8.869140625])
array('d', [39.677734375, 134.157421875, -108.8103515625, -7.3753906250000005])
array('d', [39.677734375, 134.157421875, -108.8103515625, -7.3753906250000005])
array('d', [40.331250000000004, 134.4375, -106.523046875, -7.935546875])
array('d', [39.677734375, 133.55058593750002, -105.962890625, -6.7685546875])
array('d', [37.5771484375, 134.2041015625, -103.53554687500001, -6.488476562500001])
array('d', [37.5771484375, 134.2041015625, -103.53554687500001, -6.488476562500001])
array('d', [37.5771484375, 134.2041015625, -103.53554687500001, -6.488476562500001])
array('d', [37.5771484375, 134.2041015625, -103.53554687500001, -6.488476562500001])
array('d', [37.5771484375, 134.8576171875, -103.30214843750001, -5.9283203125])
array('d', [40.7513671875, 134.8576171875, -103.30214843750001, -3.4076171875])
array('d', [43.31875, 133.7373046875, -103.30214843750001, -4.5279296875])
array('d', [45.839453125000006, 133.7373046875, -103.30214843750001, -6.9085937500000005])
array('d', [44.4857421875, 133.597265625, -102.228515625, -6.9085937500000005])
array('d', [43.225390625, 134.7642578125, -102.0884765625, -4.4345703125])
array('d', [43.225390625, 134.7642578125, -102.0884765625, -4.4345703125])
array('d', [43.225390625, 134.5775390625, -107.50332031250001, -10.8296875])
array('d', [36.9703125, 133.78398437500002, -107.31660156250001, -11.950000000000001])
array('d', [35.4765625, 133.78398437500002, -106.05625, -12.043359375000001])
array('d', [34.54296875, 134.0640625, -106.05625, -12.043359375000001])
array('d', [35.383203125, 132.476953125, -102.18183593750001, -8.449023437500001])
array('d', [36.4568359375, 132.5236328125, -100.08125000000001, -8.122265625])
array('d', [36.4568359375, 132.5236328125, -100.08125000000001, -8.122265625])
array('d', [36.4568359375, 132.5236328125, -100.08125000000001, -8.122265625])
array('d', [35.429882812500004, 133.6439453125, -102.5552734375, -8.0755859375])
array('d', [36.0833984375, 134.01738281250002, -102.60195312500001, -9.055859375])
array('d', [36.130078125000004, 133.970703125, -100.50136718750001, -8.77578125])
array('d', [36.130078125000004, 133.970703125, -100.50136718750001, -9.1958984375])
array('d', [35.196484375000004, 134.3908203125, -101.855078125, -9.1958984375])
array('d', [37.0169921875, 132.2435546875, -102.50859375, -8.2623046875])
array('d', [39.164257812500004, 133.690625, -99.80117187500001, -7.46875])
array('d', [37.763867187500004, 133.8306640625, -97.74726562500001, -8.215625000000001])
array('d', [37.763867187500004, 133.597265625, -96.3935546875, -6.6751953125000005])
array('d', [36.7369140625, 133.597265625, -96.53359375000001, -8.02890625])
array('d', [34.636328125, 134.7642578125, -96.53359375000001, -6.815234375])
array('d', [33.42265625, 132.3369140625, -97.840625, -6.815234375])
array('d', [33.7494140625, 132.75703125, -95.78671875, -8.122265625])
array('d', [31.9755859375, 132.663671875, -96.8603515625, -5.9283203125])
array('d', [31.9755859375, 132.663671875, -96.8603515625, -6.8619140625])
array('d', [32.3490234375, 130.6564453125, -97.1404296875, -6.8619140625])
array('d', [28.567968750000002, 129.76953125, -97.28046875000001, -7.3287109375])
array('d', [27.727734375, 127.57558593750001, -96.76699218750001, -8.122265625])
array('d', [27.727734375, 125.8017578125, -98.120703125, -8.122265625])
array('d', [24.6935546875, 125.8017578125, -98.120703125, -8.122265625])
array('d', [25.113671875, 121.833984375, -97.70058593750001, -8.122265625])
array('d', [26.420703125000003, 126.5953125, -97.4205078125, -9.89609375])
array('d', [26.420703125000003, 125.24160156250001, -97.98066406250001, -8.02890625])
array('d', [26.607421875, 125.24160156250001, -97.98066406250001, -8.02890625])
array('d', [28.0078125, 124.91484375, -98.02734375, -8.5890625])
array('d', [29.128125, 126.3619140625, -97.51386718750001, -8.1689453125])
array('d', [29.128125, 126.3619140625, -97.1404296875, -7.188671875000001])
array('d', [27.3076171875, 126.3619140625, -97.1404296875, -7.188671875000001])
array('d', [27.3076171875, 126.3619140625, -97.1404296875, -7.188671875000001])
array('d', [27.3076171875, 126.3619140625, -97.1404296875, -7.188671875000001])
array('d', [27.3076171875, 126.3619140625, -97.1404296875, -7.188671875000001])
array('d', [26.233984375000002, 125.568359375, -98.120703125, -6.9085937500000005])
array('d', [26.233984375000002, 122.8142578125, -95.88007812500001, -6.1150390625])
array('d', [24.6935546875, 122.8142578125, -94.9931640625, -8.915820312500001])
array('d', [19.60546875, 122.8142578125, -94.9931640625, -8.915820312500001])
array('d', [19.60546875, 122.8142578125, -94.9931640625, -8.915820312500001])
array('d', [19.60546875, 115.112109375, -84.0234375, 2.0539062500000003])
array('d', [19.325390625, 114.03847656250001, -83.83671875, 2.0539062500000003])
array('d', [20.819140625000003, 114.55195312500001, -83.69667968750001, 0.5134765625000001])
array('d', [20.819140625000003, 114.55195312500001, -83.69667968750001, 0.5134765625000001])
array('d', [20.819140625000003, 114.55195312500001, -83.69667968750001, 0.5134765625000001])
array('d', [13.8638671875, 18.4384765625, -81.82949218750001, -3.9677734375])
array('d', [11.6232421875, 7.2353515625, -88.4580078125, -5.228125])
array('d', [11.6232421875, 7.2353515625, -88.2712890625, -3.4076171875])
array('d', [11.6232421875, 7.2353515625, -88.2712890625, -3.4076171875])
array('d', [11.6232421875, 7.2353515625, -88.2712890625, -3.4076171875])
array('d', [19.8388671875, 6.2083984375000005, -88.224609375, -0.6068359375])
array('d', [22.5462890625, 6.2083984375000005, -88.224609375, -0.6068359375])
array('d', [23.9466796875, 4.8546875, -87.0576171875, 0.56015625])
array('d', [23.433203125000002, 4.48125, -82.3896484375, 5.1814453125])
array('d', [27.2142578125, 5.6482421875, -77.3015625, 8.02890625])
array('d', [27.2142578125, 6.16171875, -76.74140625, 8.308984375])
array('d', [27.2142578125, 6.16171875, -76.74140625, 8.308984375])
array('d', [27.2142578125, 6.16171875, -76.74140625, 8.308984375])
array('d', [31.8822265625, 8.215625000000001, -75.8078125, 12.603515625])
array('d', [35.896679687500004, 7.888867187500001, -71.980078125, 9.89609375])
array('d', [35.896679687500004, 7.888867187500001, -67.9189453125, 4.387890625])
array('d', [35.896679687500004, 7.888867187500001, -67.9189453125, 4.387890625])
array('d', [38.697460937500004, 9.849414062500001, -67.6388671875, 6.815234375])
array('d', [38.697460937500004, 7.0486328125, -64.32460937500001, 6.955273437500001])
array('d', [39.8177734375, 7.0486328125, -64.32460937500001, 6.955273437500001])
array('d', [41.638281250000006, 8.02890625, -62.457421875, 6.6751953125000005])
array('d', [44.205664062500006, 6.6751953125000005, -60.4501953125, 5.9283203125])
array('d', [43.832226562500004, 4.7146484375, -59.936718750000004, 5.6482421875])
array('d', [43.832226562500004, 4.7146484375, -59.936718750000004, 5.6482421875])
array('d', [44.3923828125, 5.9750000000000005, -58.302929687500004, 6.068359375])
array('d', [45.559375, 4.5279296875, -57.229296875, 5.1814453125])
array('d', [45.559375, 4.5279296875, -55.362109375, 5.0880859375])
array('d', [46.866406250000004, 4.5279296875, -55.362109375, 5.0880859375])
array('d', [46.866406250000004, 4.5279296875, -55.362109375, 5.0880859375])
array('d', [46.306250000000006, 4.1078125000000005, -56.108984375000006, 3.4542968750000003])
array('d', [46.306250000000006, 4.1078125000000005, -56.108984375000006, 2.1939453125])
array('d', [47.2865234375, 2.333984375, -56.6224609375, 2.1939453125])
array('d', [47.099804687500004, 1.30703125, -54.988671875, 2.6140625])
array('d', [47.4265625, 1.8205078125, -54.941992187500006, 0.7001953125])
array('d', [47.4265625, 1.8205078125, -55.642187500000006, 0.8402343750000001])
array('d', [48.546875, 1.7271484375000001, -55.642187500000006, 0.8402343750000001])
array('d', [47.519921875, 2.0072265625, -55.922265625, 0.37343750000000003])
array('d', [47.519921875, 2.0072265625, -55.922265625, -0.42011718750000004])
array('d', [47.519921875, -0.3267578125, -55.45546875, 0.18671875000000002])
array('d', [47.519921875, -0.2333984375, -55.45546875, 0.18671875000000002])
array('d', [47.7533203125, -0.2333984375, -56.202343750000004, -0.1400390625])
array('d', [47.7533203125, -0.2333984375, -56.202343750000004, -0.1400390625])
array('d', [47.7533203125, -0.56015625, -55.45546875, -0.466796875])
array('d', [47.239843750000006, 0.37343750000000003, -54.6619140625, -0.2333984375])
array('d', [46.773046875000006, -0.2333984375, -55.362109375, -0.1400390625])
array('d', [46.633007812500004, 0.5134765625000001, -54.1484375, -0.046679687500000004])
array('d', [47.333203125000004, 0.5134765625000001, -55.875585937500006, 0.18671875000000002])
array('d', [46.9130859375, 0.09335937500000001, -55.408789062500006, 0.18671875000000002])
array('d', [47.333203125000004, -0.653515625, -55.82890625, 0.3267578125])
array('d', [47.333203125000004, -0.653515625, -55.7822265625, 0.18671875000000002])
array('d', [47.519921875, 0.8402343750000001, -55.7822265625, 0.18671875000000002])
array('d', [46.633007812500004, -0.653515625, -56.2490234375, -0.3267578125])
array('d', [46.773046875000006, 0.09335937500000001, -55.7822265625, -0.1400390625])
array('d', [47.7533203125, -0.9802734375000001, -55.362109375, -0.2333984375])
array('d', [47.7533203125, -0.9802734375000001, -55.362109375, -0.2333984375])
array('d', [47.7533203125, -0.9802734375000001, -55.362109375, -0.2333984375])
array('d', [46.9130859375, 0.9802734375000001, -55.362109375, -0.2333984375])
array('d', [46.9130859375, 0.9802734375000001, -55.7822265625, 0.09335937500000001])
array('d', [47.053125, -0.2333984375, -55.7822265625, 0.09335937500000001])
array('d', [47.053125, -0.2333984375, -55.7822265625, 0.09335937500000001])
array('d', [47.053125, -0.2333984375, -55.7822265625, 0.09335937500000001])
array('d', [46.9130859375, -0.2333984375, -55.7822265625, 0.18671875000000002])
array('d', [46.773046875000006, -0.2333984375, -56.1556640625, 0.09335937500000001])
array('d', [46.3529296875, 0.5134765625000001, -55.362109375, 0.09335937500000001])
array('d', [46.3529296875, 0.09335937500000001, -55.6888671875, 0.8402343750000001])
array('d', [46.633007812500004, 0.09335937500000001, -55.6888671875, 0.8402343750000001])
array('d', [47.6599609375, -0.2333984375, -55.7822265625, -0.046679687500000004])
array('d', [47.333203125000004, 0.1400390625, -55.3154296875, -0.1400390625])
array('d', [47.333203125000004, 0.1400390625, -55.3154296875, -0.1400390625])
array('d', [47.053125, 1.5404296875, -56.1556640625, -0.0])
array('d', [47.053125, 1.5404296875, -56.1556640625, -0.3267578125])
array('d', [47.333203125000004, -0.2333984375, -54.568554687500004, -0.1400390625])
array('d', [46.49296875, -0.6068359375, -56.1556640625, -0.1400390625])
array('d', [48.266796875000004, 0.8402343750000001, -54.941992187500006, -0.2333984375])
array('d', [48.266796875000004, 0.8869140625, -55.7822265625, -0.2333984375])
array('d', [46.3529296875, 0.8869140625, -55.7822265625, 0.3267578125])
array('d', [46.633007812500004, -0.9802734375000001, -55.7822265625, 0.3267578125])
array('d', [48.9203125, 1.6337890625, -56.5291015625, -0.2333984375])
array('d', [49.947265625, 2.0072265625, -55.362109375, 0.42011718750000004])
array('d', [49.947265625, 2.0072265625, -55.362109375, 0.42011718750000004])
array('d', [49.947265625, 2.0072265625, -55.362109375, 0.42011718750000004])
array('d', [51.767773437500004, 4.6212890625, -56.1556640625, 0.09335937500000001])
array('d', [51.767773437500004, 4.6212890625, -56.1556640625, -0.42011718750000004])
array('d', [53.308203125000006, 5.554882812500001, -55.362109375, -0.42011718750000004])
array('d', [53.308203125000006, 5.554882812500001, -55.362109375, -0.42011718750000004])
array('d', [54.008398437500006, 5.9750000000000005, -51.5810546875, 1.1669921875])
array('d', [53.4482421875, 8.02890625, -50.1806640625, 3.8744140625])
array('d', [55.875585937500006, 7.935546875, -47.239843750000006, 6.1150390625])
array('d', [55.875585937500006, 7.935546875, -47.239843750000006, 6.1150390625])
array('d', [55.875585937500006, 7.935546875, -47.239843750000006, 6.1150390625])
array('d', [55.875585937500006, 7.935546875, -47.239843750000006, 6.1150390625])
array('d', [55.875585937500006, 7.935546875, -47.239843750000006, 6.1150390625])
array('d', [56.295703125, 9.0091796875, -45.1859375, 8.495703125])
array('d', [56.295703125, 9.0091796875, -42.665234375000004, 10.736328125])
array('d', [57.0892578125, 9.6626953125, -42.665234375000004, 10.736328125])
array('d', [57.042578125000006, 9.6626953125, -42.665234375000004, 10.736328125])
array('d', [57.042578125000006, 9.6626953125, -42.665234375000004, 10.736328125])
array('d', [57.042578125000006, 9.89609375, -39.02421875, 15.917773437500001])
array('d', [56.108984375000006, 10.45625, -39.02421875, 15.917773437500001])
array('d', [56.669140625000004, 10.5962890625, -35.4765625, 18.8119140625])
array('d', [56.669140625000004, 10.5962890625, -35.4765625, 18.8119140625])
array('d', [56.669140625000004, 10.5962890625, -35.4765625, 18.8119140625])
array('d', [57.369335937500004, 11.109765625000001, -34.076171875, 19.932226562500002])
array('d', [57.369335937500004, 10.876367187500001, -32.8158203125, 21.192578125])
array('d', [58.5830078125, 11.249804687500001, -30.0150390625, 24.086718750000003])
array('d', [58.5830078125, 11.249804687500001, -30.0150390625, 24.086718750000003])
array('d', [57.32265625, 11.109765625000001, -28.848046875, 22.873046875])
array('d', [57.32265625, 11.343164062500001, -27.4943359375, 26.187304687500003])
array('d', [56.7158203125, 11.343164062500001, -27.4943359375, 26.187304687500003])
array('d', [56.015625, 10.5962890625, -26.980859375, 28.38125])
array('d', [56.342382812500006, 9.616015625000001, -25.673828125, 24.9736328125])
array('d', [56.342382812500006, 9.616015625000001, -25.253710937500003, 28.1478515625])
array('d', [54.1951171875, 9.616015625000001, -25.253710937500003, 28.1478515625])
array('d', [55.875585937500006, 9.3359375, -26.2806640625, 28.19453125])
array('d', [55.922265625, 9.849414062500001, -26.2806640625, 26.0939453125])
array('d', [55.922265625, 9.849414062500001, -28.521289062500003, 25.533789062500002])
array('d', [54.1951171875, 11.109765625000001, -28.2412109375, 24.180078125])
array('d', [53.168164062500004, 11.5298828125, -28.521289062500003, 23.9466796875])
array('d', [52.748046875, 11.343164062500001, -31.2287109375, 21.332617187500002])
array('d', [52.748046875, 11.343164062500001, -31.2287109375, 21.332617187500002])
array('d', [51.300976562500004, 9.5693359375, -31.18203125, 18.765234375000002])
array('d', [51.300976562500004, 9.5693359375, -31.8822265625, 17.925])
array('d', [48.9203125, 8.7291015625, -31.8822265625, 17.925])
array('d', [48.7802734375, 8.5890625, -32.629101562500004, 17.925])
array('d', [48.080078125, 8.8224609375, -34.262890625000004, 15.591015625])
array('d', [48.080078125, 7.3287109375, -34.449609375, 15.030859375])
array('d', [48.3134765625, 7.3287109375, -34.449609375, 15.030859375])
array('d', [48.3134765625, 7.3287109375, -34.449609375, 15.030859375])
array('d', [48.3134765625, 7.3287109375, -34.449609375, 15.030859375])
array('d', [46.306250000000006, 6.8619140625, -36.9703125, 11.950000000000001])
array('d', [45.5126953125, 6.9085937500000005, -36.690234375, 12.230078125])
array('d', [45.5126953125, 6.9085937500000005, -36.690234375, 11.016406250000001])
array('d', [45.7927734375, 6.9085937500000005, -36.690234375, 11.016406250000001])
array('d', [44.4857421875, 6.7685546875, -37.5771484375, 10.8296875])
array('d', [44.4857421875, 6.7685546875, -37.9505859375, 10.0361328125])
array('d', [45.092578125, 6.3484375, -37.9505859375, 10.0361328125])
array('d', [45.74609375, 6.3484375, -37.9505859375, 10.0361328125])
array('d', [45.74609375, 7.6087890625000005, -37.7171875, 9.149218750000001])
array('d', [45.699414062500004, 7.188671875000001, -40.1912109375, 7.5154296875])
array('d', [44.158984375, 7.0953125, -38.6041015625, 8.1689453125])
array('d', [44.439062500000006, 5.6482421875, -37.3904296875, 7.5154296875])
array('d', [44.439062500000006, 5.6482421875, -37.810546875, 7.28203125])
array('d', [44.439062500000006, 8.495703125, -37.810546875, 7.28203125])
array('d', [44.4857421875, 10.5962890625, -38.4173828125, 6.628515625])
array('d', [47.099804687500004, 10.6896484375, -39.2576171875, 5.881640625])
array('d', [47.099804687500004, 9.9427734375, -39.5376953125, 5.41484375])
array('d', [45.232617187500004, 9.9427734375, -39.5376953125, 6.3017578125])
array('d', [44.672460937500006, 11.109765625000001, -41.031445312500004, 6.3017578125])
array('d', [46.586328125, 12.8369140625, -40.4712890625, 5.228125])
array('d', [47.940039062500006, 14.8908203125, -37.8572265625, 5.321484375000001])
array('d', [47.940039062500006, 14.8908203125, -37.8572265625, 5.321484375000001])
array('d', [48.080078125, 15.6376953125, -38.557421875, 5.881640625])
array('d', [49.900585937500004, 15.1708984375, -37.15703125, 5.4615234375])
array('d', [49.900585937500004, 17.178125, -39.3509765625, 5.4615234375])
array('d', [49.900585937500004, 17.178125, -39.3509765625, 5.4615234375])
array('d', [49.760546875, 17.598242187500002, -40.14453125, 4.5279296875])
array('d', [55.1287109375, 19.5587890625, -40.14453125, 1.8671875])
array('d', [55.1287109375, 19.5587890625, -41.638281250000006, 1.6804687500000002])
array('d', [53.121484375, 20.865820312500002, -41.3115234375, 0.466796875])
array('d', [54.941992187500006, 23.853320312500003, -41.3115234375, 0.466796875])
array('d', [54.988671875, 24.646875, -41.7783203125, -0.09335937500000001])
array('d', [54.988671875, 24.646875, -41.7783203125, -0.09335937500000001])
array('d', [54.988671875, 24.646875, -41.7783203125, -0.09335937500000001])
array('d', [56.809179687500006, 26.000585937500002, -42.898632812500004, 0.280078125])
array('d', [58.5830078125, 28.19453125, -44.672460937500006, -3.3142578125])
array('d', [59.843359375000006, 29.734960937500002, -45.372656250000006, -3.7810546875])
array('d', [59.843359375000006, 29.734960937500002, -47.6599609375, -5.321484375000001])
array('d', [60.7302734375, 33.0025390625, -47.6599609375, -6.4417968750000005])
array('d', [61.6171875, 33.3759765625, -47.893359375, -6.4417968750000005])
array('d', [61.8505859375, 33.3759765625, -47.893359375, -6.4417968750000005])
array('d', [61.8505859375, 33.3759765625, -47.893359375, -6.4417968750000005])
array('d', [62.457421875, 34.2162109375, -50.274023437500006, -9.616015625000001])
array('d', [62.457421875, 34.2162109375, -50.274023437500006, -10.2228515625])
array('d', [63.904492187500004, 37.810546875, -50.880859375, -10.409570312500001])
array('d', [62.55078125, 37.623828125, -50.740820312500006, -10.409570312500001])
array('d', [64.09121093750001, 37.997265625000004, -51.674414062500006, -11.203125])
array('d', [63.904492187500004, 38.090625, -51.534375000000004, -11.483203125000001])
array('d', [63.904492187500004, 38.090625, -51.534375000000004, -11.483203125000001])
array('d', [65.16484375, 41.031445312500004, -52.7947265625, -14.984179687500001])
array('d', [64.4646484375, 42.665234375000004, -55.875585937500006, -17.178125])
array('d', [64.7447265625, 45.4193359375, -57.042578125000006, -17.084765625])
array('d', [64.7447265625, 45.4193359375, -57.042578125000006, -17.084765625])
array('d', [64.7447265625, 45.4193359375, -57.042578125000006, -19.2787109375])
array('d', [65.6783203125, 47.3798828125, -58.442968750000006, -19.2787109375])
array('d', [67.35878906250001, 48.640234375000006, -59.56328125, -21.005859375])
array('d', [66.6119140625, 47.099804687500004, -58.6296875, -19.232031250000002])
array('d', [64.9314453125, 48.733593750000004, -58.6296875, -20.35234375])
array('d', [64.9314453125, 50.320703125, -59.376562500000006, -22.499609375000002])
array('d', [67.9189453125, 50.1806640625, -59.096484375, -21.192578125])
array('d', [67.312109375, 50.974218750000006, -60.1234375, -21.659375])
array('d', [65.071484375, 51.814453125, -61.010351562500006, -21.799414062500002])
array('d', [65.071484375, 52.187890625, -60.170117187500004, -20.6791015625])
array('d', [64.137890625, 51.300976562500004, -56.669140625000004, -21.052539062500003])
array('d', [64.137890625, 51.300976562500004, -56.669140625000004, -21.052539062500003])
array('d', [64.137890625, 51.300976562500004, -56.669140625000004, -21.052539062500003])
array('d', [64.137890625, 51.300976562500004, -56.669140625000004, -21.052539062500003])
array('d', [64.137890625, 51.300976562500004, -56.669140625000004, -21.052539062500003])
array('d', [65.49160156250001, 51.0208984375, -56.669140625000004, -18.671875])
array('d', [64.9314453125, 51.9544921875, -56.435742187500004, -18.391796875])
array('d', [61.7572265625, 50.7875, -52.608007812500006, -19.41875])
array('d', [61.7572265625, 49.433789062500004, -54.008398437500006, -17.178125])
array('d', [60.543554687500006, 49.433789062500004, -51.5810546875, -15.310937500000001])
array('d', [60.776953125000006, 48.733593750000004, -51.5810546875, -15.310937500000001])
array('d', [57.229296875, 47.7533203125, -50.274023437500006, -13.910546875000001])
array('d', [56.202343750000004, 46.773046875000006, -50.274023437500006, -13.910546875000001])
array('d', [55.642187500000006, 46.166210937500004, -47.006445312500006, -12.276757812500001])
array('d', [55.642187500000006, 46.166210937500004, -47.006445312500006, -12.276757812500001])
array('d', [55.642187500000006, 46.166210937500004, -47.006445312500006, -12.276757812500001])
array('d', [53.681640625, 44.532421875000004, -45.5126953125, -7.3287109375])
array('d', [50.367382812500004, 39.9578125, -43.272070312500006, -7.3287109375])
array('d', [48.406835937500006, 38.370703125, -41.404882812500006, -7.3287109375])
array('d', [47.239843750000006, 38.27734375, -40.9380859375, -3.641015625])
array('d', [45.5126953125, 35.103125, -37.250390625, -3.641015625])
array('d', [41.358203125, 32.955859375, -35.4765625, -0.1400390625])
array('d', [38.8375, 27.914453125, -30.2951171875, 1.9138671875000002])
array('d', [38.8375, 27.914453125, -30.2951171875, 5.134765625])
array('d', [34.6830078125, 25.39375, -29.6416015625, 5.134765625])
array('d', [34.6830078125, 25.39375, -29.6416015625, 5.134765625])
array('d', [31.7421875, 17.271484375, -23.153125000000003, 11.109765625000001])
array('d', [27.727734375, 17.271484375, -23.153125000000003, 13.210351562500001])
array('d', [25.58046875, 15.3576171875, -19.7921875, 13.210351562500001])
array('d', [25.58046875, 15.3576171875, -19.7921875, 13.210351562500001])
array('d', [25.58046875, 15.3576171875, -19.7921875, 13.210351562500001])
array('d', [22.0794921875, 11.483203125000001, -15.8244140625, 15.450976562500001])
array('d', [17.8783203125, 8.5423828125, -14.2373046875, 17.9716796875])
array('d', [14.844140625000001, 5.321484375000001, -14.377343750000001, 21.752734375000003])
array('d', [14.844140625000001, 5.321484375000001, -14.377343750000001, 21.752734375000003])
array('d', [9.802734375, 1.6804687500000002, -8.122265625, 25.39375])
array('d', [7.8421875000000005, -1.9138671875000002, -5.881640625, 27.914453125])
array('d', [7.8421875000000005, -1.9138671875000002, -5.881640625, 28.521289062500003])
array('d', [3.9210937500000003, -4.761328125, -1.6337890625, 28.521289062500003])
array('d', [0.8869140625, -7.28203125, 0.2333984375, 32.582421875])
array('d', [0.8869140625, -7.28203125, 3.1275390625000004, 36.1767578125])
array('d', [-1.587109375, -12.510156250000001, 3.1275390625000004, 36.1767578125])
array('d', [-1.587109375, -12.510156250000001, 3.1275390625000004, 36.1767578125])
array('d', [-1.587109375, -12.510156250000001, 3.1275390625000004, 36.1767578125])
array('d', [-116.2791015625, -33.7494140625, 33.9361328125, 134.25078125000002])
array('d', [-117.166015625, -33.516015625, 35.28984375, 134.25078125000002])
array('d', [-117.53945312500001, -33.609375, 31.8822265625, 133.8306640625])
array('d', [-118.4263671875, -30.528515625, 22.219531250000003, 127.248828125])
array('d', [-118.4263671875, -30.528515625, 18.1583984375, 116.5125])
array('d', [-121.74062500000001, -33.329296875000004, 18.1583984375, 116.5125])
array('d', [-123.60781250000001, -31.555468750000003, 18.1583984375, 116.5125])
array('d', [-121.4138671875, -31.088671875000003, 17.178125, 114.6453125])
array('d', [-120.99375, -30.4818359375, 17.2248046875, 118.6130859375])
array('d', [-120.99375, -29.221484375000003, 18.671875, 119.780078125])
array('d', [-120.99375, -29.221484375000003, 18.671875, 119.780078125])
array('d', [-120.43359375, -27.167578125000002, 20.632421875000002, 120.80703125000001])
array('d', [-111.191015625, -26.187304687500003, 24.180078125, 122.67421875000001])
array('d', [-110.4908203125, -26.187304687500003, 24.180078125, 122.67421875000001])
array('d', [-110.4908203125, -21.659375, 26.7474609375, 126.315234375])
array('d', [-108.296875, -18.8119140625, 28.4279296875, 127.435546875])
array('d', [-102.9287109375, -15.6376953125, 31.18203125, 127.9490234375])
array('d', [-102.9287109375, -13.537109375, 31.6955078125, 129.676171875])
array('d', [-74.82753906250001, 5.134765625, -4.948046875, 84.5369140625])
array('d', [-73.847265625, 6.2083984375000005, -7.001953125, 80.942578125])
array('d', [-72.63359375, 8.7291015625, -7.0486328125, 83.6033203125])
array('d', [-69.45937500000001, 8.7291015625, -7.0486328125, 83.6033203125])
array('d', [-69.45937500000001, 18.671875, -19.60546875, 67.872265625])
array('d', [-61.337109375000004, 18.671875, -19.60546875, 62.504101562500004])
array('d', [-55.408789062500006, 21.84609375, -24.133398437500002, 58.349609375])
array('d', [-52.4212890625, 26.187304687500003, -30.201757812500002, 55.82890625])
array('d', [-47.800000000000004, 30.1083984375, -35.0564453125, 52.608007812500006])
array('d', [-47.800000000000004, 30.1083984375, -35.0564453125, 52.608007812500006])
array('d', [-40.051171875, 36.4568359375, -35.943359375, 45.606054687500006])
array('d', [-35.6166015625, 45.1859375, -40.424609375, 42.478515625])
array('d', [-35.6166015625, 45.1859375, -40.424609375, 42.478515625])
array('d', [-25.39375, 49.7138671875, -43.832226562500004, 38.6041015625])
array('d', [-19.7455078125, 53.8216796875, -48.5935546875, 34.1228515625])
array('d', [-17.131445312500002, 58.4896484375, -48.5935546875, 34.1228515625])
array('d', [-11.296484375, 63.764453125, -55.175390625000006, 28.801367187500002])
array('d', [-11.296484375, 66.938671875, -56.9958984375, 26.607421875])
array('d', [-6.815234375, 66.938671875, -56.9958984375, 22.032812500000002])
array('d', [43.5521484375, 128.6958984375, -100.4546875, -22.686328125000003])
array('d', [42.338476562500006, 132.290234375, -101.6216796875, -24.133398437500002])
array('d', [45.3259765625, 132.61699218750002, -101.5283203125, -24.5068359375])
array('d', [41.171484375000006, 134.8576171875, -101.8083984375, -27.44765625])
array('d', [41.171484375000006, 134.8576171875, -105.5427734375, -27.0275390625])
array('d', [40.564648437500004, 135.5111328125, -105.5427734375, -27.0275390625])
array('d', [41.171484375000006, 132.61699218750002, -105.589453125, -25.39375])
array('d', [41.871679687500006, 134.344140625, -106.38300781250001, -28.38125])
array('d', [39.77109375, 133.31718750000002, -109.510546875, -30.1083984375])
array('d', [39.77109375, 134.0640625, -112.3580078125, -30.9486328125])
array('d', [40.237890625, 134.0640625, -112.3580078125, -32.629101562500004])
array('d', [41.171484375000006, 134.48417968750002, -112.40468750000001, -32.629101562500004])
array('d', [40.7046875, 137.8451171875, -113.525, -33.8427734375])
array('d', [40.7046875, 137.8451171875, -113.525, -33.8427734375])
array('d', [40.7046875, 137.8451171875, -113.525, -33.8427734375])
array('d', [40.7046875, 137.8451171875, -113.525, -33.8427734375])
array('d', [40.7046875, 133.410546875, -115.67226562500001, -34.076171875])
array('d', [44.299023437500004, 133.410546875, -115.67226562500001, -34.076171875])
array('d', [47.006445312500006, 134.344140625, -117.6794921875, -34.4029296875])
array('d', [44.719140625, 134.344140625, -119.033203125, -34.3095703125])
array('d', [43.505468750000006, 132.61699218750002, -120.34023437500001, -33.562695312500004])
array('d', [43.505468750000006, 132.61699218750002, -121.2271484375, -34.7763671875])
array('d', [45.0458984375, 133.87734375, -123.04765625, -34.5896484375])
array('d', [45.0458984375, 133.87734375, -125.6150390625, -34.496289062500004])
array('d', [49.200390625000004, 132.196875, -125.6150390625, -34.496289062500004])
array('d', [45.4193359375, 133.4572265625, -127.38886718750001, -36.7369140625])
array('d', [49.7138671875, 133.50390625, -128.41582031250002, -39.397656250000004])
array('d', [48.1267578125, 134.2974609375, -127.52890625, -41.731640625000004])
array('d', [48.1267578125, 134.2974609375, -127.52890625, -40.984765625])
array('d', [47.2865234375, 134.4375, -128.5091796875, -40.984765625])
array('d', [47.800000000000004, 133.223828125, -130.3763671875, -40.564648437500004])
array('d', [50.694140625, 133.9240234375, -130.8431640625, -38.744140625])
array('d', [50.694140625, 133.9240234375, -130.8431640625, -38.744140625])
array('d', [50.694140625, 133.9240234375, -130.8431640625, -38.744140625])
array('d', [50.694140625, 133.9240234375, -130.8431640625, -38.744140625])
array('d', [53.96171875, 133.410546875, -130.3763671875, -37.15703125])
array('d', [48.080078125, 133.55058593750002, -129.862890625, -37.763867187500004])
array('d', [41.825, 134.344140625, -129.302734375, -38.557421875])
array('d', [41.825, 134.344140625, -129.302734375, -38.557421875])
array('d', [41.825, 134.344140625, -129.302734375, -38.557421875])
array('d', [47.800000000000004, 133.8306640625, -130.423046875, -38.0439453125])
array('d', [47.2865234375, 133.4572265625, -130.8431640625, -37.763867187500004])
array('d', [47.2865234375, 133.4572265625, -130.8431640625, -39.3509765625])
array('d', [47.2865234375, 133.4572265625, -130.8431640625, -39.3509765625])
array('d', [48.453515625, 134.8576171875, -132.01015625, -38.7908203125])
array('d', [51.067578125000004, 134.2041015625, -132.01015625, -38.7908203125])
array('d', [48.080078125, 132.5703125, -128.88261718750002, -38.744140625])
array('d', [48.080078125, 132.5703125, -128.88261718750002, -38.744140625])
array('d', [48.080078125, 132.5703125, -128.88261718750002, -38.744140625])
array('d', [48.080078125, 132.5703125, -128.88261718750002, -38.744140625])
array('d', [40.9380859375, 134.2041015625, -129.489453125, -37.15703125])
array('d', [37.2037109375, 133.08378906250002, -129.489453125, -37.15703125])
array('d', [40.798046875000004, 133.9240234375, -132.61699218750002, -38.557421875])
array('d', [40.798046875000004, 134.1107421875, -130.609765625, -38.8375])
array('d', [39.0708984375, 134.1107421875, -130.609765625, -38.8375])
array('d', [36.363476562500004, 133.9240234375, -130.703125, -38.464062500000004])
array('d', [41.918359375, 134.344140625, -131.45000000000002, -37.623828125])
array('d', [38.7908203125, 133.9240234375, -131.91679687500002, -36.830273437500004])
array('d', [38.7908203125, 133.9240234375, -131.91679687500002, -36.830273437500004])
array('d', [39.397656250000004, 133.6439453125, -130.796484375, -36.03671875])
array('d', [41.965039062500004, 133.223828125, -130.9365234375, -35.943359375])
array('d', [41.965039062500004, 133.223828125, -131.63671875, -34.35625])
array('d', [39.117578125, 134.8109375, -131.63671875, -34.35625])
array('d', [40.798046875000004, 133.6439453125, -132.38359375000002, -34.16953125])
array('d', [41.3115234375, 134.2041015625, -132.2435546875, -35.896679687500004])
array('d', [39.77109375, 133.7373046875, -131.543359375, -36.130078125000004])
array('d', [39.77109375, 133.7373046875, -131.543359375, -36.130078125000004])
array('d', [43.5521484375, 134.2041015625, -134.25078125000002, -37.9505859375])
array('d', [43.5521484375, 134.2041015625, -134.25078125000002, -35.943359375])
array('d', [42.338476562500006, 134.48417968750002, -133.597265625, -35.943359375])
array('d', [41.965039062500004, 134.6708984375, -133.1771484375, -36.03671875])
array('d', [40.984765625, 134.1107421875, -133.690625, -34.4029296875])
array('d', [40.6580078125, 134.6708984375, -133.31718750000002, -37.0169921875])
array('d', [40.6580078125, 133.6439453125, -133.87734375, -37.4837890625])
array('d', [45.279296875, 133.6439453125, -133.87734375, -37.4837890625])
array('d', [44.8125, 133.6439453125, -134.0640625, -37.063671875000004])
array('d', [42.431835937500004, 134.48417968750002, -133.13046875, -38.744140625])
array('d', [43.598828125000004, 133.08378906250002, -133.78398437500002, -39.2109375])
array('d', [43.365429687500004, 133.78398437500002, -134.71757812500002, -39.677734375])
array('d', [43.365429687500004, 134.2041015625, -132.8037109375, -37.810546875])
array('d', [43.365429687500004, 134.2041015625, -132.8037109375, -37.810546875])
array('d', [40.3779296875, 134.2041015625, -132.8037109375, -37.9505859375])
array('d', [41.4515625, 133.9240234375, -132.9904296875, -37.9505859375])
array('d', [38.930859375000004, 134.2041015625, -133.7373046875, -38.183984375])
array('d', [38.930859375000004, 134.2041015625, -133.6439453125, -38.3240234375])
array('d', [40.984765625, 133.50390625, -134.0640625, -38.930859375000004])
array('d', [40.984765625, 133.50390625, -133.9240234375, -38.5107421875])
array('d', [43.31875, 134.2041015625, -133.9240234375, -38.5107421875])
array('d', [43.505468750000006, 133.6439453125, -133.223828125, -39.117578125])
array('d', [38.7908203125, 134.6708984375, -132.9904296875, -39.584375])
array('d', [38.464062500000004, 134.6708984375, -133.50390625, -40.4712890625])
array('d', [41.731640625000004, 134.6708984375, -134.01738281250002, -37.90390625])
array('d', [41.731640625000004, 134.6708984375, -134.01738281250002, -38.5107421875])
array('d', [40.3779296875, 135.1376953125, -133.4572265625, -38.5107421875])
array('d', [42.431835937500004, 132.8037109375, -134.3908203125, -35.9900390625])
array('d', [45.232617187500004, 133.6439453125, -133.2705078125, -38.744140625])
array('d', [42.805273437500006, 133.78398437500002, -133.6439453125, -38.744140625])
array('d', [42.805273437500006, 133.3638671875, -132.8037109375, -40.3779296875])
array('d', [44.0189453125, 133.3638671875, -132.8037109375, -38.9775390625])
array('d', [44.439062500000006, 134.2041015625, -132.38359375000002, -38.9775390625])
array('d', [42.291796875, 133.9240234375, -133.597265625, -39.117578125])
array('d', [42.291796875, 133.9240234375, -133.597265625, -39.117578125])
array('d', [42.291796875, 133.9240234375, -133.597265625, -39.117578125])
array('d', [42.291796875, 134.1107421875, -133.7373046875, -39.491015625])
array('d', [44.1123046875, 134.1107421875, -133.7373046875, -39.491015625])
array('d', [43.832226562500004, 134.2041015625, -134.0640625, -38.370703125])
array('d', [41.2181640625, 133.9240234375, -133.3638671875, -37.810546875])
array('d', [41.2181640625, 133.9240234375, -133.55058593750002, -36.5501953125])
array('d', [40.8447265625, 134.2041015625, -133.55058593750002, -36.5501953125])
array('d', [40.9380859375, 133.970703125, -133.6439453125, -37.7171875])
array('d', [39.304296875, 133.223828125, -133.8306640625, -39.77109375])
array('d', [43.785546875, 134.1107421875, -132.476953125, -37.0169921875])
array('d', [43.785546875, 134.1107421875, -134.3908203125, -36.6435546875])
array('d', [43.785546875, 134.1107421875, -134.3908203125, -36.6435546875])
array('d', [43.785546875, 134.1107421875, -134.3908203125, -36.6435546875])
array('d', [43.785546875, 134.1107421875, -134.3908203125, -36.6435546875])
array('d', [46.8197265625, 134.3908203125, -133.55058593750002, -39.677734375])
array('d', [46.7263671875, 133.9240234375, -133.970703125, -39.677734375])
array('d', [46.7263671875, 133.9240234375, -133.970703125, -38.1373046875])
array('d', [44.205664062500006, 133.9240234375, -133.1771484375, -38.1373046875])
array('d', [47.053125, 134.1107421875, -132.38359375000002, -40.7046875])
array('d', [49.387109375, 134.8109375, -132.9904296875, -40.2845703125])
array('d', [47.473242187500006, 134.2041015625, -133.50390625, -39.2576171875])
array('d', [47.473242187500006, 134.2041015625, -133.50390625, -36.6435546875])
array('d', [48.7802734375, 134.2041015625, -133.9240234375, -36.6435546875])
array('d', [45.932812500000004, 134.2041015625, -133.2705078125, -36.6435546875])
array('d', [45.3259765625, 134.48417968750002, -135.1376953125, -38.27734375])
array('d', [50.22734375, 134.3908203125, -134.01738281250002, -37.623828125])
array('d', [50.22734375, 132.8037109375, -133.690625, -39.864453125000004])
array('d', [48.033398437500004, 132.8037109375, -133.690625, -39.864453125000004])
array('d', [47.006445312500006, 134.6708984375, -134.25078125000002, -39.4443359375])
array('d', [48.500195312500004, 133.223828125, -132.94375, -38.27734375])
array('d', [48.500195312500004, 133.223828125, -132.94375, -36.503515625])
array('d', [44.4857421875, 134.1107421875, -134.0640625, -36.503515625])
array('d', [46.773046875000006, 133.223828125, -133.87734375, -37.1103515625])
array('d', [49.200390625000004, 133.223828125, -133.3638671875, -38.183984375])
array('d', [49.200390625000004, 134.3908203125, -133.3638671875, -37.3904296875])
array('d', [43.785546875, 133.6439453125, -133.7373046875, -37.3904296875])
array('d', [43.31875, 133.6439453125, -133.970703125, -39.2576171875])
array('d', [42.851953125, 134.344140625, -133.597265625, -39.584375])
array('d', [42.851953125, 134.344140625, -133.597265625, -39.584375])
array('d', [43.87890625, 134.6708984375, -133.7373046875, -39.864453125000004])
array('d', [45.092578125, 133.50390625, -133.597265625, -39.2109375])
array('d', [45.092578125, 133.50390625, -133.597265625, -39.2109375])
array('d', [41.825, 133.08378906250002, -133.50390625, -37.063671875000004])
array('d', [42.478515625, 134.1107421875, -134.01738281250002, -37.34375])
array('d', [42.478515625, 134.48417968750002, -133.50390625, -37.3904296875])
array('d', [42.478515625, 134.48417968750002, -133.50390625, -37.3904296875])
array('d', [42.478515625, 134.48417968750002, -133.50390625, -37.3904296875])
array('d', [42.478515625, 134.48417968750002, -133.50390625, -37.3904296875])
array('d', [41.965039062500004, 134.48417968750002, -134.48417968750002, -39.02421875])
array('d', [41.965039062500004, 134.48417968750002, -133.08378906250002, -40.331250000000004])
array('d', [40.564648437500004, 133.3638671875, -133.08378906250002, -40.331250000000004])
array('d', [41.171484375000006, 133.50390625, -132.94375, -38.8375])
array('d', [39.117578125, 133.3638671875, -133.597265625, -37.34375])
array('d', [39.117578125, 133.3638671875, -133.597265625, -39.584375])
array('d', [43.6455078125, 133.6439453125, -133.9240234375, -39.584375])
array('d', [43.6455078125, 133.6439453125, -133.9240234375, -39.584375])
array('d', [42.665234375000004, 134.1107421875, -133.55058593750002, -38.370703125])
array('d', [45.139257812500006, 133.9240234375, -134.0640625, -37.810546875])
array('d', [45.139257812500006, 133.9240234375, -134.0640625, -37.810546875])
array('d', [41.078125, 134.2041015625, -133.13046875, -37.810546875])
array('d', [40.984765625, 133.223828125, -133.55058593750002, -38.7908203125])
array('d', [40.984765625, 133.223828125, -133.55058593750002, -37.763867187500004])
array('d', [42.898632812500004, 134.2041015625, -133.223828125, -37.763867187500004])
array('d', [42.898632812500004, 134.2041015625, -133.223828125, -37.763867187500004])
array('d', [42.898632812500004, 134.2041015625, -133.223828125, -37.763867187500004])
array('d', [42.898632812500004, 134.2041015625, -133.223828125, -37.763867187500004])
array('d', [42.898632812500004, 134.2041015625, -133.223828125, -37.763867187500004])
array('d', [43.972265625000006, 133.223828125, -133.410546875, -37.297070312500004])
array('d', [38.7908203125, 134.95097656250002, -133.2705078125, -36.9703125])
array('d', [43.132031250000004, 133.78398437500002, -133.08378906250002, -36.503515625])
array('d', [43.132031250000004, 133.78398437500002, -133.08378906250002, -36.503515625])
array('d', [41.638281250000006, 133.9240234375, -132.2435546875, -35.943359375])
array('d', [42.898632812500004, 134.1107421875, -132.8970703125, -35.9900390625])
array('d', [42.898632812500004, 134.1107421875, -131.730078125, -36.4568359375])
array('d', [45.466015625000004, 133.6439453125, -131.730078125, -36.4568359375])
array('d', [43.738867187500006, 133.50390625, -131.4966796875, -36.1767578125])
array('d', [43.738867187500006, 133.78398437500002, -130.703125, -35.85])
array('d', [42.851953125, 133.78398437500002, -130.703125, -35.85])
array('d', [42.851953125, 133.78398437500002, -130.703125, -35.85])
array('d', [41.544921875, 133.08378906250002, -130.9365234375, -36.690234375])
array('d', [43.832226562500004, 133.6439453125, -131.3099609375, -36.503515625])
array('d', [43.832226562500004, 133.50390625, -131.730078125, -35.0564453125])
array('d', [39.9111328125, 133.50390625, -131.730078125, -35.0564453125])
array('d', [40.89140625, 134.1107421875, -131.4966796875, -36.876953125])
array('d', [43.132031250000004, 133.78398437500002, -131.543359375, -35.896679687500004])
array('d', [43.132031250000004, 133.78398437500002, -130.4697265625, -35.8033203125])
array('d', [43.132031250000004, 133.78398437500002, -130.4697265625, -35.8033203125])
array('d', [43.132031250000004, 133.78398437500002, -130.4697265625, -35.8033203125])
array('d', [43.132031250000004, 133.78398437500002, -130.4697265625, -35.8033203125])
array('d', [43.132031250000004, 133.50390625, -130.4697265625, -35.8033203125])
array('d', [48.173437500000006, 133.3638671875, -132.15019531250002, -34.8697265625])
array('d', [48.173437500000006, 133.3638671875, -132.15019531250002, -34.729687500000004])
array('d', [45.092578125, 132.61699218750002, -131.5900390625, -34.729687500000004])
array('d', [40.9380859375, 134.2974609375, -131.1232421875, -35.3365234375])
array('d', [40.9380859375, 133.78398437500002, -132.15019531250002, -37.15703125])
array('d', [48.080078125, 133.78398437500002, -132.15019531250002, -37.15703125])
array('d', [46.959765625, 133.223828125, -131.8234375, -37.15703125])
array('d', [46.959765625, 133.223828125, -131.8234375, -37.15703125])
array('d', [46.959765625, 133.223828125, -131.8234375, -37.15703125])
array('d', [46.959765625, 133.223828125, -131.8234375, -37.15703125])
array('d', [40.8447265625, 133.223828125, -131.4966796875, -37.15703125])
array('d', [40.8447265625, 133.223828125, -131.4966796875, -35.8033203125])
array('d', [48.3134765625, 133.78398437500002, -131.7767578125, -35.8033203125])
array('d', [48.3134765625, 133.78398437500002, -131.7767578125, -35.8033203125])
array('d', [48.3134765625, 133.78398437500002, -131.7767578125, -35.8033203125])
array('d', [48.3134765625, 133.78398437500002, -131.7767578125, -35.8033203125])
array('d', [46.959765625, 134.4375, -130.609765625, -35.5232421875])
array('d', [43.0853515625, 134.2041015625, -131.356640625, -35.103125])
array('d', [48.033398437500004, 134.71757812500002, -130.0029296875, -35.429882812500004])
array('d', [48.033398437500004, 134.71757812500002, -130.0029296875, -35.429882812500004])
array('d', [46.7263671875, 133.87734375, -131.1232421875, -34.823046875])
array('d', [44.719140625, 134.2974609375, -131.45000000000002, -37.997265625000004])
array('d', [44.719140625, 134.2974609375, -132.196875, -35.9900390625])
array('d', [51.1609375, 134.2974609375, -132.196875, -35.9900390625])
array('d', [51.1609375, 134.2974609375, -132.196875, -35.9900390625])
array('d', [51.1609375, 134.2974609375, -132.196875, -35.9900390625])
array('d', [51.1609375, 134.2974609375, -132.196875, -35.9900390625])
array('d', [49.200390625000004, 134.4375, -131.3099609375, -37.2037109375])
array('d', [49.200390625000004, 134.4375, -131.3099609375, -36.876953125])
array('d', [46.11953125, 132.8970703125, -131.5900390625, -36.876953125])
array('d', [46.11953125, 133.87734375, -131.730078125, -36.6435546875])
array('d', [48.5935546875, 133.87734375, -131.5900390625, -36.4568359375])
array('d', [48.9203125, 133.3638671875, -131.5900390625, -36.4568359375])
array('d', [47.4265625, 133.3638671875, -132.3369140625, -35.103125])
array('d', [47.4265625, 133.3638671875, -132.3369140625, -35.103125])
array('d', [48.9203125, 133.78398437500002, -130.74980468750002, -35.8033203125])
array('d', [48.9203125, 133.87734375, -131.1232421875, -36.6435546875])
array('d', [50.040625000000006, 133.87734375, -131.1232421875, -36.6435546875])
array('d', [47.333203125000004, 135.277734375, -131.4033203125, -36.130078125000004])
array('d', [49.9939453125, 134.4375, -130.3763671875, -36.316796875])
array('d', [49.9939453125, 134.4375, -130.04960937500002, -36.316796875])
array('d', [49.5271484375, 134.99765625, -130.04960937500002, -36.316796875])
array('d', [49.5271484375, 134.99765625, -130.04960937500002, -36.316796875])
array('d', [49.5271484375, 134.99765625, -130.04960937500002, -36.316796875])
array('d', [49.5271484375, 134.99765625, -130.04960937500002, -36.316796875])
array('d', [48.873632812500006, 133.4572265625, -129.209375, -36.4568359375])
array('d', [49.0603515625, 134.5775390625, -130.6564453125, -35.756640625])
array('d', [51.9544921875, 134.71757812500002, -130.5630859375, -35.896679687500004])
array('d', [51.9544921875, 134.71757812500002, -130.5630859375, -35.896679687500004])
array('d', [44.999218750000004, 134.5775390625, -129.58281250000002, -35.7099609375])
array('d', [44.999218750000004, 134.157421875, -129.11601562500002, -36.503515625])
array('d', [48.406835937500006, 134.157421875, -129.11601562500002, -36.503515625])
array('d', [49.573828125000006, 133.78398437500002, -129.5361328125, -35.943359375])
array('d', [47.940039062500006, 133.87734375, -128.64921875000002, -38.8841796875])
array('d', [47.940039062500006, 133.87734375, -128.64921875000002, -36.2701171875])
array('d', [48.873632812500006, 133.78398437500002, -130.236328125, -36.2701171875])
array('d', [48.873632812500006, 134.8109375, -130.1896484375, -37.1103515625])
array('d', [47.706640625000006, 134.8109375, -130.04960937500002, -36.876953125])
array('d', [50.1806640625, 133.1771484375, -130.04960937500002, -36.876953125])
array('d', [48.873632812500006, 134.2974609375, -129.81621093750002, -37.0169921875])
array('d', [51.627734375, 134.2974609375, -129.58281250000002, -37.0169921875])
array('d', [51.627734375, 134.2974609375, -129.58281250000002, -38.1373046875])
array('d', [48.3134765625, 134.01738281250002, -130.74980468750002, -38.1373046875])
array('d', [54.941992187500006, 133.8306640625, -130.3763671875, -38.1373046875])
array('d', [54.941992187500006, 133.8306640625, -130.3763671875, -38.27734375])
array('d', [54.941992187500006, 133.8306640625, -130.5630859375, -38.27734375])
array('d', [51.207617187500006, 134.4375, -129.862890625, -38.5107421875])
array('d', [51.207617187500006, 134.4375, -129.862890625, -38.5107421875])
array('d', [51.207617187500006, 134.4375, -129.862890625, -38.5107421875])
array('d', [53.2615234375, 134.5775390625, -130.236328125, -38.1373046875])
array('d', [54.988671875, 133.597265625, -130.28300781250002, -37.810546875])
array('d', [50.974218750000006, 133.223828125, -130.796484375, -37.437109375])
array('d', [50.974218750000006, 133.223828125, -130.796484375, -37.437109375])
array('d', [50.974218750000006, 133.223828125, -130.796484375, -37.437109375])
array('d', [50.974218750000006, 133.223828125, -130.796484375, -37.437109375])
array('d', [50.040625000000006, 134.01738281250002, -131.543359375, -37.437109375])
array('d', [50.040625000000006, 134.01738281250002, -131.0765625, -37.7171875])
array('d', [52.748046875, 133.970703125, -131.0765625, -37.7171875])
array('d', [45.7927734375, 133.78398437500002, -129.9095703125, -38.6041015625])
array('d', [46.072851562500006, 134.25078125000002, -131.3099609375, -37.6705078125])
array('d', [46.072851562500006, 134.25078125000002, -131.3099609375, -37.6705078125])
array('d', [49.7138671875, 134.1107421875, -132.0568359375, -38.5107421875])
array('d', [47.3798828125, 133.78398437500002, -131.7767578125, -39.3509765625])
array('d', [47.3798828125, 133.78398437500002, -131.21660156250002, -39.3509765625])
array('d', [44.8591796875, 134.4375, -131.21660156250002, -39.3509765625])
array('d', [44.905859375000006, 134.3908203125, -131.356640625, -39.3509765625])
array('d', [44.905859375000006, 134.3908203125, -131.356640625, -39.3509765625])
array('d', [44.62578125, 133.50390625, -131.1232421875, -37.763867187500004])
array('d', [44.62578125, 133.50390625, -131.1232421875, -37.1103515625])
array('d', [45.559375, 133.7373046875, -132.5236328125, -37.1103515625])
array('d', [47.519921875, 133.87734375, -131.8234375, -38.4173828125])
array('d', [46.166210937500004, 133.4572265625, -131.730078125, -38.370703125])
array('d', [46.166210937500004, 133.4572265625, -131.730078125, -38.7908203125])
array('d', [47.239843750000006, 134.71757812500002, -132.94375, -38.7908203125])
array('d', [47.239843750000006, 134.71757812500002, -132.94375, -38.7908203125])
array('d', [47.239843750000006, 134.71757812500002, -132.94375, -38.7908203125])
array('d', [47.099804687500004, 134.01738281250002, -132.75703125, -38.744140625])
array('d', [42.9453125, 133.13046875, -134.157421875, -41.2181640625])
array('d', [42.9453125, 133.13046875, -133.4572265625, -39.4443359375])
array('d', [46.959765625, 133.78398437500002, -133.4572265625, -39.4443359375])
array('d', [46.026171875, 133.55058593750002, -133.87734375, -40.0044921875])
array('d', [44.9525390625, 133.4572265625, -133.3638671875, -39.77109375])
array('d', [44.9525390625, 133.4572265625, -133.55058593750002, -38.9775390625])
array('d', [44.9525390625, 133.4572265625, -133.55058593750002, -38.9775390625])
array('d', [44.9525390625, 133.4572265625, -133.55058593750002, -38.9775390625])
array('d', [47.1931640625, 133.78398437500002, -133.55058593750002, -38.9775390625])
array('d', [45.232617187500004, 133.55058593750002, -133.4572265625, -37.8572265625])
array('d', [44.999218750000004, 133.87734375, -133.7373046875, -38.370703125])
array('d', [44.999218750000004, 133.87734375, -133.7373046875, -38.370703125])
array('d', [47.473242187500006, 133.87734375, -134.1107421875, -39.4443359375])
array('d', [41.3115234375, 133.78398437500002, -133.87734375, -38.27734375])
array('d', [44.205664062500006, 134.2974609375, -134.2041015625, -39.117578125])
array('d', [44.205664062500006, 134.2974609375, -134.2041015625, -39.117578125])
array('d', [46.866406250000004, 133.4572265625, -133.50390625, -38.090625])
array('d', [40.7513671875, 133.410546875, -133.9240234375, -38.27734375])
array('d', [40.7513671875, 133.410546875, -133.9240234375, -38.27734375])
array('d', [41.498242187500004, 133.87734375, -134.1107421875, -38.27734375])
array('d', [46.399609375000004, 134.6708984375, -132.290234375, -38.0439453125])
array('d', [38.7908203125, 133.55058593750002, -133.970703125, -40.0044921875])
array('d', [38.7908203125, 133.55058593750002, -133.970703125, -40.0044921875])
array('d', [41.3115234375, 133.87734375, -132.85039062500002, -39.3509765625])
array('d', [45.232617187500004, 133.7373046875, -133.8306640625, -38.183984375])
array('d', [45.232617187500004, 133.7373046875, -134.01738281250002, -38.5107421875])
array('d', [45.232617187500004, 133.7373046875, -134.01738281250002, -38.5107421875])
array('d', [45.232617187500004, 133.7373046875, -134.01738281250002, -38.5107421875])
array('d', [39.4443359375, 132.9904296875, -133.6439453125, -38.4173828125])
array('d', [41.544921875, 134.01738281250002, -133.6439453125, -38.4173828125])
array('d', [40.8447265625, 133.87734375, -133.2705078125, -36.830273437500004])
array('d', [39.677734375, 134.344140625, -133.2705078125, -37.810546875])
array('d', [39.677734375, 133.4572265625, -133.78398437500002, -39.491015625])
array('d', [44.345703125, 133.4572265625, -133.78398437500002, -39.491015625])
array('d', [40.3779296875, 133.037109375, -134.157421875, -37.0169921875])
array('d', [40.3779296875, 133.037109375, -134.157421875, -37.0169921875])
array('d', [37.1103515625, 134.344140625, -133.31718750000002, -38.27734375])
array('d', [42.478515625, 134.4375, -134.8109375, -37.3904296875])
array('d', [42.478515625, 134.4375, -134.8109375, -38.0439453125])
array('d', [41.031445312500004, 134.4375, -134.8109375, -38.0439453125])
array('d', [41.031445312500004, 134.4375, -134.8109375, -38.0439453125])
array('d', [41.031445312500004, 134.4375, -134.8109375, -38.0439453125])
array('d', [42.431835937500004, 133.4572265625, -132.9904296875, -39.304296875])
array('d', [42.431835937500004, 133.4572265625, -133.08378906250002, -40.7513671875])
array('d', [44.4857421875, 134.01738281250002, -133.08378906250002, -40.7513671875])
array('d', [43.4587890625, 133.78398437500002, -133.50390625, -39.9578125])
array('d', [41.544921875, 133.4572265625, -133.7373046875, -41.498242187500004])
array('d', [47.940039062500006, 133.55058593750002, -132.9904296875, -40.984765625])
array('d', [47.940039062500006, 133.55058593750002, -132.9904296875, -40.424609375])
array('d', [45.74609375, 133.2705078125, -133.4572265625, -40.424609375])
array('d', [45.372656250000006, 132.85039062500002, -132.8037109375, -40.237890625])
array('d', [46.2595703125, 132.8037109375, -134.71757812500002, -37.297070312500004])
array('d', [46.2595703125, 132.8037109375, -134.71757812500002, -37.297070312500004])
array('d', [44.8591796875, 132.85039062500002, -133.410546875, -37.530468750000004])
array('d', [42.478515625, 131.9634765625, -133.87734375, -38.5107421875])
array('d', [42.478515625, 131.730078125, -133.87734375, -38.5107421875])
array('d', [46.306250000000006, 131.730078125, -131.91679687500002, -38.930859375000004])
array('d', [42.478515625, 131.5900390625, -131.8234375, -39.397656250000004])
array('d', [42.478515625, 131.3099609375, -133.970703125, -37.297070312500004])
array('d', [43.785546875, 131.3099609375, -133.970703125, -37.297070312500004])
array('d', [48.966992187500004, 130.88984375, -135.18437500000002, -41.638281250000006])
array('d', [44.905859375000006, 130.74980468750002, -133.55058593750002, -41.078125])
array('d', [44.905859375000006, 130.88984375, -134.01738281250002, -39.3509765625])
array('d', [44.4857421875, 130.88984375, -134.01738281250002, -39.3509765625])
array('d', [44.8125, 130.98320312500002, -134.4375, -38.464062500000004])
array('d', [44.8125, 130.98320312500002, -133.597265625, -39.491015625])
array('d', [41.7783203125, 130.51640625000002, -133.597265625, -39.491015625])
array('d', [41.7783203125, 130.51640625000002, -133.597265625, -39.491015625])
array('d', [46.306250000000006, 129.76953125, -134.2041015625, -38.6041015625])
array('d', [47.239843750000006, 129.302734375, -134.2041015625, -38.6041015625])
array('d', [42.6185546875, 129.302734375, -133.08378906250002, -41.4515625])
array('d', [44.25234375, 129.02265625, -134.157421875, -41.358203125])
array('d', [45.606054687500006, 129.34941406250002, -134.2041015625, -40.051171875])
array('d', [45.652734375, 127.80898437500001, -133.31718750000002, -40.237890625])
array('d', [45.652734375, 127.80898437500001, -133.31718750000002, -40.237890625])
array('d', [45.652734375, 127.80898437500001, -133.31718750000002, -40.237890625])
array('d', [45.652734375, 128.6958984375, -132.94375, -40.237890625])
array('d', [49.7138671875, 128.6958984375, -132.94375, -40.237890625])
array('d', [45.0458984375, 128.6958984375, -134.2041015625, -40.8447265625])
array('d', [44.5791015625, 127.80898437500001, -132.75703125, -39.864453125000004])
array('d', [44.5791015625, 127.80898437500001, -132.75703125, -39.117578125])
array('d', [47.61328125, 127.57558593750001, -134.01738281250002, -39.117578125])
array('d', [44.25234375, 127.4822265625, -134.344140625, -40.984765625])
array('d', [47.006445312500006, 126.2685546875, -134.5775390625, -40.984765625])
array('d', [47.006445312500006, 126.2685546875, -134.5775390625, -38.183984375])
array('d', [46.586328125, 125.8484375, -133.597265625, -38.183984375])
array('d', [43.1787109375, 126.68867187500001, -133.597265625, -38.27734375])
array('d', [41.5916015625, 125.98847656250001, -133.8306640625, -40.237890625])
array('d', [41.5916015625, 125.98847656250001, -133.8306640625, -40.237890625])
array('d', [41.3115234375, 125.98847656250001, -135.18437500000002, -40.3779296875])
array('d', [41.3115234375, 125.98847656250001, -135.18437500000002, -40.3779296875])
array('d', [41.3115234375, 125.98847656250001, -135.18437500000002, -40.3779296875])
array('d', [45.3259765625, 125.6150390625, -132.61699218750002, -38.930859375000004])
array('d', [45.4193359375, 125.8484375, -133.1771484375, -38.7908203125])
array('d', [45.4193359375, 125.8484375, -133.9240234375, -40.1912109375])
array('d', [45.4193359375, 125.8484375, -133.9240234375, -40.1912109375])
array('d', [45.4193359375, 125.8484375, -133.9240234375, -40.1912109375])
array('d', [39.631054687500004, 124.4947265625, -134.7642578125, -39.491015625])
array('d', [39.631054687500004, 124.4947265625, -134.7642578125, -38.27734375])
array('d', [40.611328125, 124.9615234375, -134.2974609375, -38.27734375])
array('d', [40.611328125, 124.9615234375, -134.2974609375, -38.27734375])
array('d', [40.611328125, 124.9615234375, -134.2974609375, -38.27734375])
array('d', [42.1517578125, 106.80312500000001, -134.8109375, -38.230664062500004])
array('d', [42.1517578125, 106.80312500000001, -134.8109375, -38.230664062500004])
array('d', [45.839453125000006, 105.21601562500001, -134.4375, -38.5107421875])
array('d', [45.839453125000006, 105.16933593750001, -134.25078125000002, -41.5916015625])
array('d', [42.338476562500006, 105.16933593750001, -134.25078125000002, -41.5916015625])
array('d', [39.3509765625, 105.589453125, -133.9240234375, -41.5916015625])
array('d', [39.3509765625, 105.8228515625, -134.3908203125, -41.498242187500004])
array('d', [42.105078125000006, 105.8228515625, -134.3908203125, -39.8177734375])
array('d', [42.105078125000006, 105.8228515625, -134.3908203125, -39.8177734375])
array('d', [42.105078125000006, 105.8228515625, -134.3908203125, -39.8177734375])
array('d', [44.5791015625, 104.7958984375, -133.4572265625, -37.1103515625])
array('d', [41.078125, 103.6755859375, -134.1107421875, -37.763867187500004])
array('d', [41.078125, 104.4224609375, -133.037109375, -40.7513671875])
array('d', [41.078125, 104.4224609375, -133.037109375, -40.7513671875])
array('d', [41.078125, 104.4224609375, -133.037109375, -40.7513671875])
array('d', [41.078125, 104.4224609375, -133.037109375, -40.7513671875])
array('d', [40.9380859375, 104.1423828125, -133.597265625, -42.2451171875])
array('d', [40.9380859375, 104.1423828125, -133.87734375, -40.7513671875])
array('d', [43.132031250000004, 103.4421875, -132.85039062500002, -40.9380859375])
array('d', [46.306250000000006, 103.6755859375, -132.85039062500002, -40.9380859375])
array('d', [48.080078125, 103.2087890625, -133.223828125, -39.9578125])
array('d', [45.606054687500006, 102.975390625, -132.663671875, -41.3115234375])
array('d', [46.866406250000004, 102.2751953125, -133.7373046875, -43.6455078125])
array('d', [48.500195312500004, 97.65390625, -134.4375, -38.7908203125])
array('d', [43.365429687500004, 100.361328125, -134.1107421875, -40.89140625])
array('d', [43.365429687500004, 100.361328125, -134.1107421875, -40.89140625])
array('d', [44.1123046875, 105.21601562500001, -132.4302734375, -37.9505859375])
array('d', [42.6185546875, 100.64140625, -133.08378906250002, -37.4837890625])
array('d', [48.733593750000004, 105.589453125, -132.75703125, -35.28984375])
array('d', [47.053125, 105.12265625, -133.597265625, -36.9703125])
array('d', [42.7119140625, 97.3271484375, -133.1771484375, -34.076171875])
array('d', [43.738867187500006, 98.21406250000001, -133.4572265625, -35.5232421875])
array('d', [43.0853515625, 95.693359375, -133.78398437500002, -35.569921875])
array('d', [45.606054687500006, 95.319921875, -133.410546875, -38.697460937500004])
array('d', [47.4265625, 105.7294921875, -133.7373046875, -37.437109375])
array('d', [41.031445312500004, 98.2607421875, -133.597265625, -39.5376953125])
array('d', [41.031445312500004, 98.2607421875, -133.597265625, -39.5376953125])
array('d', [44.719140625, 96.81367187500001, -134.344140625, -40.89140625])
array('d', [44.719140625, 98.5875, -133.55058593750002, -40.2845703125])
array('d', [43.31875, 105.8228515625, -133.87734375, -38.65078125])
array('d', [43.31875, 105.8228515625, -133.87734375, -38.65078125])
array('d', [46.9130859375, 98.2607421875, -133.2705078125, -38.6041015625])
array('d', [45.0458984375, 95.2265625, -134.01738281250002, -36.78359375])
array('d', [45.0458984375, 95.2265625, -133.970703125, -37.437109375])
array('d', [45.932812500000004, 95.2732421875, -132.75703125, -35.2431640625])
array('d', [45.606054687500006, 98.21406250000001, -133.970703125, -34.496289062500004])
array('d', [44.4857421875, 95.5533203125, -134.99765625, -36.503515625])
array('d', [44.4857421875, 95.83339843750001, -131.68339843750002, -37.437109375])
array('d', [47.473242187500006, 97.6072265625, -133.7373046875, -37.063671875000004])
array('d', [51.207617187500006, 94.66640625000001, -132.61699218750002, -36.5501953125])
array('d', [48.453515625, 97.70058593750001, -132.5703125, -37.063671875000004])
array('d', [51.907812500000006, 95.0865234375, -134.71757812500002, -35.2431640625])
array('d', [51.907812500000006, 96.58027343750001, -134.01738281250002, -34.963085937500004])
array('d', [51.8611328125, 94.6197265625, -134.1107421875, -35.383203125])
array('d', [51.254296875, 94.6197265625, -134.1107421875, -35.383203125])
array('d', [51.254296875, 95.78671875, -133.690625, -35.7099609375])
array('d', [51.0208984375, 96.2068359375, -133.1771484375, -36.9703125])
array('d', [49.107031250000006, 96.9537109375, -133.13046875, -34.823046875])
array('d', [49.107031250000006, 96.9537109375, -133.31718750000002, -36.4568359375])
array('d', [49.200390625000004, 93.49941406250001, -133.31718750000002, -36.4568359375])
array('d', [48.36015625, 100.1279296875, -133.9240234375, -39.864453125000004])
array('d', [48.873632812500006, 97.4205078125, -134.0640625, -38.744140625])
array('d', [48.873632812500006, 97.4205078125, -134.0640625, -38.744140625])
array('d', [48.873632812500006, 97.4205078125, -134.0640625, -38.744140625])
array('d', [50.1806640625, 95.2265625, -134.2041015625, -38.090625])
array('d', [50.1806640625, 95.2265625, -132.94375, -38.1373046875])
array('d', [50.1806640625, 94.3396484375, -132.4302734375, -36.5501953125])
array('d', [45.7927734375, 94.3396484375, -134.0640625, -37.063671875000004])
array('d', [50.880859375, 103.722265625, -134.0640625, -35.896679687500004])
array('d', [54.1484375, 101.76171875, -134.01738281250002, -35.896679687500004])
array('d', [53.21484375, 94.9931640625, -132.9904296875, -35.663281250000004])
array('d', [53.308203125000006, 100.64140625, -134.0640625, -36.596875000000004])
array('d', [53.308203125000006, 96.253515625, -132.94375, -39.3509765625])
array('d', [53.308203125000006, 96.253515625, -132.94375, -39.3509765625])
array('d', [53.308203125000006, 96.253515625, -132.94375, -39.3509765625])
array('d', [47.333203125000004, 96.253515625, -132.94375, -40.0044921875])
array('d', [47.053125, 97.1404296875, -133.2705078125, -40.0044921875])
array('d', [48.3134765625, 101.9951171875, -133.8306640625, -36.503515625])
array('d', [48.873632812500006, 94.6197265625, -132.196875, -38.65078125])
array('d', [48.873632812500006, 94.6197265625, -133.78398437500002, -39.864453125000004])
array('d', [51.627734375, 97.1404296875, -133.78398437500002, -39.864453125000004])
array('d', [48.080078125, 95.9734375, -133.78398437500002, -41.731640625000004])
array('d', [48.080078125, 95.9734375, -133.78398437500002, -41.731640625000004])
array('d', [48.080078125, 95.9734375, -133.78398437500002, -41.731640625000004])
array('d', [45.092578125, 104.1423828125, -132.8037109375, -40.331250000000004])
array('d', [45.092578125, 107.36328125, -134.62421875, -39.117578125])
array('d', [48.406835937500006, 107.36328125, -134.62421875, -39.117578125])
array('d', [45.839453125000006, 96.253515625, -133.410546875, -39.9111328125])
array('d', [48.966992187500004, 96.7203125, -133.9240234375, -39.8177734375])
array('d', [47.146484375, 103.6755859375, -134.157421875, -40.2845703125])
array('d', [47.146484375, 103.6755859375, -134.157421875, -40.2845703125])
array('d', [46.866406250000004, 93.73281250000001, -134.2974609375, -42.291796875])
array('d', [47.333203125000004, 106.7564453125, -133.13046875, -43.6921875])
array('d', [52.0478515625, 96.58027343750001, -133.8306640625, -41.3115234375])
array('d', [52.0478515625, 96.58027343750001, -133.8306640625, -41.3115234375])
array('d', [52.0478515625, 96.58027343750001, -133.8306640625, -41.3115234375])
array('d', [50.6474609375, 95.78671875, -133.78398437500002, -40.8447265625])
array('d', [49.387109375, 95.7400390625, -133.6439453125, -40.051171875])
array('d', [49.387109375, 95.7400390625, -133.6439453125, -40.051171875])
array('d', [49.387109375, 95.7400390625, -133.6439453125, -40.051171875])
array('d', [49.387109375, 95.7400390625, -133.6439453125, -40.051171875])
array('d', [54.241796875000006, 94.9931640625, -133.970703125, -39.0708984375])
array('d', [47.519921875, 95.0865234375, -134.2974609375, -39.0708984375])
array('d', [51.8611328125, 97.09375, -132.94375, -38.0439453125])
array('d', [49.573828125000006, 97.6072265625, -133.78398437500002, -38.4173828125])
array('d', [49.573828125000006, 97.6072265625, -133.78398437500002, -38.4173828125])
array('d', [50.834179687500004, 95.13320312500001, -133.690625, -37.763867187500004])
array('d', [48.6869140625, 95.5533203125, -133.78398437500002, -38.464062500000004])
array('d', [48.6869140625, 95.5533203125, -133.78398437500002, -40.331250000000004])
array('d', [45.0458984375, 97.1404296875, -133.50390625, -40.331250000000004])
array('d', [48.2201171875, 95.7400390625, -134.344140625, -37.623828125])
array('d', [46.4462890625, 95.88007812500001, -133.410546875, -41.918359375])
array('d', [46.4462890625, 95.88007812500001, -133.7373046875, -44.3923828125])
array('d', [45.1859375, 95.83339843750001, -132.85039062500002, -44.205664062500006])
array('d', [47.1931640625, 103.6755859375, -132.85039062500002, -44.4857421875])
array('d', [47.800000000000004, 100.1279296875, -133.78398437500002, -44.4857421875])
array('d', [46.306250000000006, 95.2265625, -133.8306640625, -43.038671875000006])
array('d', [50.133984375000004, 101.108203125, -133.9240234375, -42.851953125])
array('d', [51.34765625, 95.9267578125, -132.9904296875, -42.9919921875])
array('d', [51.34765625, 95.9267578125, -132.9904296875, -42.9919921875])
array('d', [49.340429687500006, 97.28046875000001, -133.9240234375, -43.972265625000006])
array('d', [49.340429687500006, 97.28046875000001, -133.78398437500002, -42.9453125])
array('d', [48.453515625, 94.759765625, -133.78398437500002, -42.9453125])
array('d', [52.7947265625, 96.2068359375, -133.7373046875, -40.51796875])
array('d', [55.735546875000004, 95.17988281250001, -133.55058593750002, -38.27734375])
array('d', [53.9150390625, 95.693359375, -134.0640625, -39.631054687500004])
array('d', [53.9150390625, 95.693359375, -133.6439453125, -40.4712890625])
array('d', [54.521875, 95.319921875, -133.6439453125, -39.0708984375])
array('d', [50.1806640625, 95.17988281250001, -133.08378906250002, -39.0708984375])
array('d', [49.0603515625, 98.5408203125, -133.55058593750002, -39.0708984375])
array('d', [49.0603515625, 98.5408203125, -133.55058593750002, -39.0708984375])
array('d', [49.0603515625, 98.5408203125, -133.55058593750002, -39.0708984375])
array('d', [51.5810546875, 102.60195312500001, -133.8306640625, -41.731640625000004])
array('d', [51.5810546875, 102.60195312500001, -133.1771484375, -40.6580078125])
array('d', [49.2470703125, 104.3291015625, -133.1771484375, -40.6580078125])
array('d', [49.2470703125, 104.3291015625, -133.1771484375, -40.6580078125])
array('d', [49.947265625, 95.0865234375, -134.4375, -39.3509765625])
array('d', [52.141210937500006, 93.49941406250001, -133.1771484375, -39.3509765625])
array('d', [52.141210937500006, 93.49941406250001, -133.1771484375, -39.3509765625])
array('d', [51.254296875, 103.11542968750001, -134.62421875, -40.6580078125])
array('d', [49.433789062500004, 97.65390625, -133.55058593750002, -40.331250000000004])
array('d', [49.433789062500004, 97.65390625, -133.87734375, -38.65078125])
array('d', [54.241796875000006, 94.94648437500001, -133.87734375, -38.65078125])
array('d', [52.5146484375, 94.89980468750001, -135.18437500000002, -38.9775390625])
array('d', [44.672460937500006, 105.68281250000001, -134.2041015625, -40.331250000000004])
array('d', [50.6474609375, 106.2896484375, -132.9904296875, -40.331250000000004])
array('d', [50.6474609375, 106.2896484375, -132.9904296875, -40.331250000000004])
array('d', [50.6474609375, 106.2896484375, -132.9904296875, -38.183984375])
array('d', [49.6205078125, 104.1890625, -132.663671875, -38.183984375])
array('d', [50.0873046875, 103.2087890625, -134.344140625, -38.5107421875])
array('d', [50.0873046875, 103.2087890625, -129.58281250000002, -35.8033203125])
array('d', [50.0873046875, 98.91425781250001, -129.58281250000002, -35.8033203125])
array('d', [50.0873046875, 107.456640625, -131.26328125, -36.0833984375])
array('d', [46.633007812500004, 111.1443359375, -129.6294921875, -36.596875000000004])
array('d', [46.633007812500004, 107.6900390625, -127.715625, -35.4765625])
array('d', [46.072851562500006, 107.6900390625, -127.715625, -35.4765625])
array('d', [43.598828125000004, 101.8083984375, -127.38886718750001, -35.0564453125])
array('d', [43.598828125000004, 101.8083984375, -127.38886718750001, -35.0564453125])
array('d', [42.6185546875, 100.26796875000001, -124.16796875, -33.889453125])
array('d', [46.026171875, 99.89453125, -124.0279296875, -33.889453125])
array('d', [46.166210937500004, 104.5625, -124.12128906250001, -35.196484375000004])
array('d', [46.166210937500004, 104.5625, -124.12128906250001, -33.42265625])
array('d', [48.033398437500004, 104.4224609375, -124.58808593750001, -33.42265625])
array('d', [45.606054687500006, 98.68085937500001, -121.833984375, -32.022265625])
array('d', [45.606054687500006, 98.68085937500001, -123.234375, -33.702734375])
array('d', [43.412109375, 94.386328125, -123.234375, -33.702734375])
array('d', [48.173437500000006, 98.3541015625, -122.6275390625, -33.2359375])
array('d', [53.308203125000006, 95.693359375, -123.514453125, -34.076171875])
array('d', [55.6888671875, 95.693359375, -123.514453125, -34.076171875])
array('d', [55.6888671875, 95.693359375, -123.514453125, -34.076171875])
array('d', [55.6888671875, 95.693359375, -123.514453125, -34.076171875])
array('d', [55.6888671875, 95.506640625, -122.30078125, -35.5232421875])
array('d', [57.509375000000006, 95.9267578125, -122.44082031250001, -35.2431640625])
array('d', [59.469921875000004, 96.2068359375, -122.8609375, -36.2701171875])
array('d', [59.469921875000004, 96.2068359375, -122.8609375, -36.2701171875])
array('d', [59.469921875000004, 96.2068359375, -122.8609375, -36.2701171875])
array('d', [53.775000000000006, 95.36660156250001, -124.91484375, -36.830273437500004])
array('d', [53.775000000000006, 95.03984375, -124.8681640625, -37.530468750000004])
array('d', [58.8630859375, 95.03984375, -124.8681640625, -37.530468750000004])
array('d', [58.769726562500004, 95.13320312500001, -124.8681640625, -37.530468750000004])
array('d', [58.769726562500004, 93.07929687500001, -127.0154296875, -38.8841796875])
array('d', [56.2490234375, 93.07929687500001, -127.0154296875, -38.8841796875])
array('d', [57.9294921875, 95.2732421875, -126.5486328125, -38.9775390625])
array('d', [57.135937500000004, 95.2732421875, -127.0154296875, -37.6705078125])
array('d', [57.135937500000004, 96.626953125, -127.0154296875, -37.6705078125])
array('d', [56.575781250000006, 95.506640625, -128.2291015625, -38.27734375])
array('d', [55.82890625, 96.30019531250001, -129.76953125, -37.810546875])
array('d', [55.82890625, 96.30019531250001, -129.76953125, -37.15703125])
array('d', [59.56328125, 94.573046875, -128.18242187500002, -37.15703125])
array('d', [58.0228515625, 95.88007812500001, -128.9759765625, -39.4443359375])
array('d', [57.836132812500004, 95.64667968750001, -128.4625, -39.864453125000004])
array('d', [57.836132812500004, 95.64667968750001, -128.4625, -39.864453125000004])
array('d', [59.236523437500004, 94.94648437500001, -131.45000000000002, -39.9578125])
array('d', [53.3548828125, 95.13320312500001, -130.51640625000002, -39.9111328125])
array('d', [53.3548828125, 95.13320312500001, -130.51640625000002, -38.744140625])
array('d', [53.3548828125, 95.13320312500001, -130.51640625000002, -38.744140625])
array('d', [57.602734375000004, 95.83339843750001, -130.5630859375, -38.744140625])
array('d', [56.342382812500006, 95.4599609375, -132.9904296875, -41.871679687500006])
array('d', [54.708593750000006, 95.64667968750001, -132.75703125, -42.2451171875])
array('d', [54.708593750000006, 95.64667968750001, -132.75703125, -42.2451171875])
array('d', [54.708593750000006, 95.64667968750001, -132.75703125, -42.2451171875])
array('d', [54.708593750000006, 95.64667968750001, -132.75703125, -42.2451171875])
array('d', [54.3818359375, 95.60000000000001, -133.50390625, -41.7783203125])
array('d', [54.3818359375, 96.0201171875, -133.8306640625, -41.965039062500004])
array('d', [49.6205078125, 96.0201171875, -133.8306640625, -41.965039062500004])
array('d', [49.6205078125, 96.0201171875, -133.8306640625, -41.965039062500004])
array('d', [49.6205078125, 96.0201171875, -133.8306640625, -41.965039062500004])
array('d', [49.6205078125, 96.0201171875, -133.8306640625, -41.965039062500004])
array('d', [49.6205078125, 96.0201171875, -133.8306640625, -41.965039062500004])
array('d', [55.035351562500004, 102.9287109375, -133.9240234375, -39.7244140625])
array('d', [53.121484375, 95.2732421875, -133.9240234375, -39.7244140625])
array('d', [51.907812500000006, 95.36660156250001, -133.55058593750002, -40.6580078125])
array('d', [52.374609375000006, 96.4869140625, -133.970703125, -43.0853515625])
array('d', [52.374609375000006, 96.4869140625, -133.970703125, -41.3115234375])
array('d', [54.615234375, 94.66640625000001, -133.037109375, -41.3115234375])
array('d', [55.08203125, 96.7203125, -134.344140625, -40.3779296875])
array('d', [55.08203125, 96.2068359375, -133.55058593750002, -39.304296875])
array('d', [54.101757812500004, 96.2068359375, -133.55058593750002, -39.304296875])
array('d', [52.561328125, 96.58027343750001, -133.4572265625, -41.871679687500006])
array('d', [47.006445312500006, 97.6072265625, -133.7373046875, -42.665234375000004])
array('d', [47.006445312500006, 97.6072265625, -133.2705078125, -45.1859375])
array('d', [48.873632812500006, 96.53359375000001, -133.2705078125, -45.1859375])
array('d', [49.7138671875, 95.5533203125, -134.2041015625, -40.984765625])
array('d', [51.067578125000004, 96.626953125, -133.410546875, -39.304296875])
array('d', [51.067578125000004, 96.626953125, -133.410546875, -41.078125])
array('d', [51.300976562500004, 95.13320312500001, -133.8306640625, -41.078125])
array('d', [50.1806640625, 95.5533203125, -133.597265625, -41.918359375])
array('d', [50.1806640625, 95.5533203125, -133.597265625, -41.918359375])
array('d', [50.1806640625, 95.5533203125, -133.597265625, -41.918359375])
array('d', [50.1806640625, 95.5533203125, -133.597265625, -41.918359375])
array('d', [52.5146484375, 95.78671875, -133.6439453125, -41.264843750000004])
array('d', [52.5146484375, 95.78671875, -133.6439453125, -41.264843750000004])
array('d', [50.274023437500006, 94.29296875, -133.1771484375, -38.697460937500004])
array('d', [52.187890625, 102.321875, -133.50390625, -38.7908203125])
array('d', [52.187890625, 99.054296875, -133.50390625, -38.9775390625])
array('d', [53.2615234375, 99.054296875, -133.50390625, -38.9775390625])
array('d', [53.308203125000006, 95.13320312500001, -133.2705078125, -36.690234375])
array('d', [48.406835937500006, 94.9931640625, -132.196875, -39.4443359375])
array('d', [48.406835937500006, 94.9931640625, -132.8037109375, -40.0044921875])
array('d', [49.947265625, 95.319921875, -132.8037109375, -40.0044921875])
array('d', [49.947265625, 94.6197265625, -131.543359375, -38.3240234375])
array('d', [43.225390625, 91.86562500000001, -130.609765625, -38.744140625])
array('d', [43.225390625, 91.86562500000001, -130.609765625, -38.744140625])
array('d', [48.6869140625, 101.24824218750001, -130.236328125, -38.090625])
array('d', [48.6869140625, 101.24824218750001, -130.236328125, -38.090625])
array('d', [48.6869140625, 101.24824218750001, -130.236328125, -38.090625])
array('d', [48.6869140625, 101.24824218750001, -130.236328125, -38.090625])
array('d', [47.1931640625, 95.2265625, -131.169921875, -36.78359375])
array('d', [48.546875, 95.2732421875, -130.609765625, -38.65078125])
array('d', [48.546875, 95.2732421875, -130.609765625, -39.77109375])
array('d', [48.5935546875, 98.2607421875, -129.5361328125, -39.77109375])
array('d', [45.652734375, 97.1404296875, -130.1896484375, -38.183984375])
array('d', [45.652734375, 97.1404296875, -130.1896484375, -35.663281250000004])
array('d', [49.0603515625, 91.39882812500001, -130.88984375, -35.663281250000004])
array('d', [52.7947265625, 96.34687500000001, -130.88984375, -35.663281250000004])
array('d', [52.7947265625, 96.34687500000001, -131.7767578125, -38.930859375000004])
array('d', [47.146484375, 95.506640625, -131.91679687500002, -38.930859375000004])
array('d', [51.674414062500006, 105.86953125000001, -132.103515625, -38.090625])
array('d', [51.674414062500006, 105.86953125000001, -132.103515625, -38.090625])
array('d', [51.5810546875, 95.5533203125, -132.2435546875, -37.1103515625])
array('d', [51.5810546875, 95.64667968750001, -133.597265625, -38.3240234375])
array('d', [52.5146484375, 95.64667968750001, -133.597265625, -38.3240234375])
array('d', [52.234570312500004, 95.9734375, -133.7373046875, -38.3240234375])
array('d', [54.801953125000004, 94.94648437500001, -133.55058593750002, -38.27734375])
array('d', [54.801953125000004, 94.94648437500001, -133.55058593750002, -38.8375])
array('d', [54.1484375, 96.253515625, -134.71757812500002, -38.8375])
array('d', [52.467968750000004, 95.4599609375, -134.2974609375, -40.14453125])
array('d', [52.467968750000004, 95.83339843750001, -131.169921875, -37.7171875])
array('d', [55.82890625, 95.83339843750001, -131.169921875, -37.7171875])
array('d', [47.7533203125, 95.17988281250001, -130.28300781250002, -37.763867187500004])
array('d', [47.7533203125, 95.17988281250001, -130.28300781250002, -37.763867187500004])
array('d', [47.7533203125, 95.17988281250001, -130.28300781250002, -37.763867187500004])
array('d', [51.300976562500004, 96.34687500000001, -128.88261718750002, -35.85])
array('d', [51.300976562500004, 96.34687500000001, -128.88261718750002, -33.2359375])
array('d', [54.008398437500006, 95.83339843750001, -125.66171875, -33.2359375])
array('d', [52.841406250000006, 95.13320312500001, -122.30078125, -35.85])
array('d', [52.841406250000006, 95.13320312500001, -122.30078125, -35.85])
array('d', [52.841406250000006, 95.13320312500001, -122.30078125, -35.85])
array('d', [54.988671875, 95.506640625, -125.381640625, -33.42265625])
array('d', [54.988671875, 95.506640625, -125.381640625, -33.42265625])
array('d', [60.3568359375, 95.5533203125, -124.448046875, -32.9091796875])
array('d', [54.615234375, 95.9734375, -126.128515625, -34.029492187500004])
array('d', [54.615234375, 95.9734375, -126.22187500000001, -34.16953125])
array('d', [54.7552734375, 95.88007812500001, -126.22187500000001, -34.16953125])
array('d', [58.349609375, 95.13320312500001, -125.75507812500001, -33.8427734375])
array('d', [58.349609375, 95.13320312500001, -125.75507812500001, -33.8427734375])
array('d', [53.58828125, 95.0865234375, -126.87539062500001, -36.7369140625])
array('d', [53.494921875, 96.2068359375, -127.7623046875, -38.090625])
array('d', [53.494921875, 96.2068359375, -127.7623046875, -36.130078125000004])
array('d', [59.376562500000006, 96.2068359375, -127.7623046875, -36.130078125000004])
array('d', [59.376562500000006, 96.2068359375, -127.7623046875, -36.130078125000004])
array('d', [59.376562500000006, 96.2068359375, -127.7623046875, -36.130078125000004])
array('d', [59.376562500000006, 95.4599609375, -125.28828125000001, -37.4837890625])
array('d', [52.701367187500004, 96.440234375, -128.8359375, -37.4837890625])
array('d', [54.8486328125, 94.94648437500001, -129.39609375, -38.1373046875])
array('d', [59.936718750000004, 95.7400390625, -129.39609375, -38.1373046875])
array('d', [59.936718750000004, 95.7400390625, -129.39609375, -38.1373046875])
array('d', [59.936718750000004, 95.7400390625, -129.39609375, -38.1373046875])
array('d', [59.936718750000004, 95.7400390625, -129.39609375, -38.1373046875])
array('d', [59.936718750000004, 95.7400390625, -132.476953125, -37.8572265625])
array('d', [57.6494140625, 94.01289062500001, -132.476953125, -40.051171875])
array('d', [57.6494140625, 94.01289062500001, -132.476953125, -41.404882812500006])
array('d', [57.042578125000006, 95.2732421875, -132.8970703125, -41.404882812500006])
array('d', [55.7822265625, 95.83339843750001, -134.2974609375, -41.965039062500004])
array('d', [55.7822265625, 96.6736328125, -134.25078125000002, -43.738867187500006])
array('d', [53.168164062500004, 96.6736328125, -134.25078125000002, -43.738867187500006])
array('d', [53.3548828125, 96.4869140625, -134.0640625, -43.738867187500006])
array('d', [53.074804687500006, 95.2732421875, -133.7373046875, -42.431835937500004])
array('d', [53.074804687500006, 95.2732421875, -133.7373046875, -42.1517578125])
array('d', [51.907812500000006, 96.11347656250001, -133.6439453125, -42.1517578125])
array('d', [49.5271484375, 95.2732421875, -133.2705078125, -44.62578125])
array('d', [54.101757812500004, 95.9267578125, -133.223828125, -43.225390625])
array('d', [54.101757812500004, 95.9267578125, -133.223828125, -43.225390625])
array('d', [53.681640625, 95.4599609375, -134.4375, -41.7783203125])
array('d', [53.681640625, 95.4599609375, -134.4375, -41.7783203125])
array('d', [52.001171875000004, 95.88007812500001, -133.597265625, -43.972265625000006])
array('d', [52.001171875000004, 95.5533203125, -132.8970703125, -40.798046875000004])
array('d', [53.9150390625, 95.5533203125, -132.8970703125, -40.798046875000004])
array('d', [57.042578125000006, 95.41328125000001, -134.3908203125, -38.5107421875])
array('d', [52.608007812500006, 95.9267578125, -132.38359375000002, -39.9111328125])
array('d', [52.608007812500006, 95.4599609375, -131.356640625, -40.89140625])
array('d', [52.6546875, 95.4599609375, -131.356640625, -40.89140625])
array('d', [52.6546875, 103.6755859375, -130.8431640625, -39.2576171875])
array('d', [52.5146484375, 103.6755859375, -128.9759765625, -39.5376953125])
array('d', [51.441015625000006, 95.78671875, -128.9759765625, -39.5376953125])
array('d', [50.4140625, 95.693359375, -127.6689453125, -39.584375])
array('d', [50.4140625, 95.693359375, -127.6689453125, -39.584375])
array('d', [50.4140625, 95.693359375, -127.6689453125, -39.584375])
array('d', [50.4140625, 95.693359375, -127.6689453125, -39.584375])
array('d', [50.4140625, 95.693359375, -127.6689453125, -39.584375])
array('d', [53.96171875, 95.693359375, -127.34218750000001, -37.5771484375])
array('d', [50.7875, 95.60000000000001, -126.5953125, -38.5107421875])
array('d', [46.7263671875, 95.4599609375, -126.78203125, -37.5771484375])
array('d', [46.7263671875, 94.89980468750001, -126.78203125, -35.4765625])
array('d', [51.8611328125, 94.89980468750001, -126.78203125, -35.4765625])
array('d', [50.133984375000004, 95.88007812500001, -125.70839843750001, -37.297070312500004])
array('d', [50.834179687500004, 94.8064453125, -125.70839843750001, -37.297070312500004])
array('d', [50.834179687500004, 94.8064453125, -125.70839843750001, -37.297070312500004])
array('d', [50.834179687500004, 94.8064453125, -123.9345703125, -36.2701171875])
array('d', [54.615234375, 95.693359375, -125.8017578125, -36.2701171875])
array('d', [54.475195312500006, 95.693359375, -125.6150390625, -36.5501953125])
array('d', [54.475195312500006, 95.693359375, -125.6150390625, -36.5501953125])
array('d', [54.475195312500006, 95.693359375, -125.6150390625, -36.5501953125])
array('d', [54.475195312500006, 95.693359375, -125.6150390625, -36.5501953125])
array('d', [51.1609375, 94.759765625, -123.514453125, -9.849414062500001])
array('d', [56.342382812500006, 95.88007812500001, -124.30800781250001, -4.1544921875])
array('d', [53.4482421875, 96.8603515625, -123.4677734375, -4.9013671875])
array('d', [53.4482421875, 96.8603515625, -123.4677734375, -4.9013671875])
array('d', [50.4607421875, 95.64667968750001, -122.6275390625, -3.5943359375000004])
array('d', [58.6296875, 96.11347656250001, -121.78730468750001, -5.41484375])
array('d', [65.7716796875, 113.61835937500001, -122.30078125, -5.41484375])
array('d', [65.7716796875, 113.61835937500001, -122.30078125, -5.41484375])
array('d', [65.7716796875, 113.61835937500001, -122.30078125, -5.41484375])
array('d', [65.7716796875, 113.61835937500001, -122.5341796875, -4.66796875])
array('d', [62.970898437500004, 122.44082031250001, -122.5341796875, -4.66796875])
array('d', [56.0623046875, 123.514453125, -121.2271484375, -4.761328125])
array('d', [56.0623046875, 123.514453125, -121.2271484375, -4.761328125])
array('d', [56.0623046875, 123.514453125, -121.2271484375, -4.761328125])
array('d', [56.0623046875, 123.514453125, -121.2271484375, -4.761328125])
array('d', [56.0623046875, 123.514453125, -121.2271484375, -4.761328125])
array('d', [53.3548828125, 130.703125, -117.53945312500001, -4.014453125])
array('d', [53.634960937500004, 133.78398437500002, -116.32578125, -3.3609375000000004])
array('d', [51.34765625, 134.5775390625, -117.0259765625, -3.641015625])
array('d', [52.28125, 134.2974609375, -118.19296875, -3.9210937500000003])
array('d', [52.28125, 134.2974609375, -118.19296875, -3.080859375])
array('d', [46.026171875, 134.0640625, -115.67226562500001, -3.080859375])
array('d', [39.77109375, 135.1376953125, -115.1587890625, -5.0880859375])
array('d', [38.557421875, 134.01738281250002, -114.4119140625, -6.628515625])
array('d', [38.557421875, 134.01738281250002, -114.4119140625, -5.0880859375])
array('d', [40.0044921875, 133.8306640625, -114.45859375, -5.0880859375])
array('d', [37.3904296875, 132.2435546875, -115.95234375000001, -5.228125])
array('d', [35.756640625, 132.9904296875, -116.2791015625, -5.0880859375])
array('d', [35.756640625, 135.1376953125, -116.2791015625, -7.8421875000000005])
array('d', [33.516015625, 135.1376953125, -116.2791015625, -7.8421875000000005])
array('d', [34.16953125, 134.01738281250002, -115.3921875, -7.3287109375])
array('d', [33.889453125, 134.01738281250002, -114.97207031250001, -8.5423828125])
array('d', [35.28984375, 132.15019531250002, -114.97207031250001, -8.5423828125])
array('d', [35.28984375, 132.15019531250002, -114.97207031250001, -8.5423828125])
array('d', [35.28984375, 132.15019531250002, -117.9595703125, -6.721875000000001])
array('d', [33.2826171875, 131.68339843750002, -117.9595703125, -6.721875000000001])
array('d', [30.621875000000003, 129.1626953125, -116.83925781250001, -6.8619140625])
array('d', [30.621875000000003, 129.1626953125, -116.83925781250001, -6.8619140625])
array('d', [30.2484375, 128.27578125, -116.41914062500001, -8.308984375])
array('d', [28.988085937500003, 126.22187500000001, -116.5125, -8.7291015625])
array('d', [29.454882812500003, 124.4947265625, -118.099609375, -9.1958984375])
array('d', [29.454882812500003, 124.4947265625, -118.099609375, -9.1958984375])
array('d', [27.44765625, 126.0818359375, -117.6794921875, -9.9427734375])
array('d', [27.44765625, 126.0818359375, -117.77285156250001, -11.6232421875])
array('d', [25.767187500000002, 24.786914062500003, -117.77285156250001, -11.6232421875])
array('d', [32.769140625, 5.134765625, -118.1462890625, -3.734375])
array('d', [40.097851562500004, 7.46875, -116.979296875, 1.1669921875])
array('d', [40.097851562500004, 9.4759765625, -115.1587890625, 2.9875000000000003])
array('d', [39.864453125000004, 9.4759765625, -115.1587890625, 2.9875000000000003])
array('d', [40.3779296875, 7.655468750000001, -108.90371093750001, 4.387890625])
array('d', [44.25234375, 7.0486328125, -104.5625, 7.188671875000001])
array('d', [46.633007812500004, 8.5423828125, -101.94843750000001, 11.343164062500001])
array('d', [46.633007812500004, 7.7955078125, -98.02734375, 15.077539062500001])
array('d', [50.040625000000006, 7.7955078125, -98.02734375, 15.077539062500001])
array('d', [51.674414062500006, 9.5693359375, -97.4205078125, 12.0900390625])
array('d', [51.674414062500006, 10.082812500000001, -93.54609375000001, 11.5298828125])
array('d', [53.634960937500004, 9.055859375, -91.21210937500001, 11.296484375])
array('d', [53.634960937500004, 10.176171875, -90.51191406250001, 10.362890625])
array('d', [56.2490234375, 10.176171875, -90.51191406250001, 10.362890625])
array('d', [59.609960937500006, 8.869140625, -90.27851562500001, 9.3359375])
array('d', [62.504101562500004, 13.443750000000001, -85.70390625, 7.748828125])
array('d', [63.8578125, 16.2912109375, -83.1365234375, 9.149218750000001])
array('d', [63.8578125, 16.2912109375, -83.1365234375, 9.149218750000001])
array('d', [63.8578125, 16.2912109375, -83.1365234375, 9.149218750000001])
array('d', [63.8578125, 16.2912109375, -83.1365234375, 9.149218750000001])
array('d', [64.32460937500001, 15.6376953125, -80.5224609375, 7.001953125])
array('d', [64.32460937500001, 6.7685546875, -79.2154296875, 6.7685546875])
array('d', [62.3173828125, 6.7685546875, -79.2154296875, 6.7685546875])
array('d', [62.3173828125, 6.7685546875, -79.2154296875, 6.7685546875])
array('d', [62.3173828125, 6.7685546875, -79.2154296875, 6.7685546875])
array('d', [63.017578125, 4.9013671875, -77.3482421875, 4.29453125])
array('d', [66.89199218750001, 4.9013671875, -77.3482421875, 4.29453125])
array('d', [66.89199218750001, 4.5746093750000005, -77.5349609375, 5.41484375])
array('d', [67.498828125, 4.761328125, -75.1076171875, 6.6751953125000005])
array('d', [67.498828125, 4.761328125, -73.847265625, 7.562109375])
array('d', [69.9728515625, 7.7021484375, -73.847265625, 7.562109375])
array('d', [67.21875, 2.0072265625, -74.0806640625, 6.8619140625])
array('d', [67.21875, 2.0072265625, -74.0806640625, 6.8619140625])
array('d', [67.21875, 2.0072265625, -74.0806640625, 6.8619140625])
array('d', [67.21875, 2.0072265625, -75.1076171875, 2.6607421875000004])
array('d', [66.65859375000001, 1.3537109375, -75.1076171875, 2.6607421875000004])
array('d', [66.471875, 0.046679687500000004, -75.434375, 1.30703125])
array('d', [66.751953125, 1.0736328125, -74.7341796875, 0.2333984375])
array('d', [66.751953125, 3.6876953125000003, -75.52773437500001, 0.1400390625])
array('d', [70.112890625, 3.6876953125000003, -75.52773437500001, 0.1400390625])
array('d', [68.05898437500001, 0.1400390625, -75.341015625, -0.3267578125])
array('d', [68.05898437500001, 0.1400390625, -75.341015625, -0.3267578125])
array('d', [67.872265625, -0.280078125, -74.87421875, 0.7468750000000001])
array('d', [68.6658203125, 1.1203125, -75.714453125, -0.18671875000000002])
array('d', [74.50078125, 5.788281250000001, -75.4810546875, 0.1400390625])
array('d', [74.50078125, 5.788281250000001, -75.4810546875, 13.350390625000001])
array('d', [74.36074218750001, 6.815234375, -58.676367187500006, 13.350390625000001])
array('d', [74.6875, 6.3951171875, -48.826953125, 22.40625])
array('d', [74.6875, 6.488476562500001, -44.5791015625, 30.0150390625])
array('d', [74.59414062500001, 6.488476562500001, -44.5791015625, 30.0150390625])
array('d', [74.220703125, 6.488476562500001, -39.9111328125, 34.6830078125])
array('d', [70.5330078125, 4.1544921875, -34.3095703125, 35.0564453125])
array('d', [70.5330078125, 4.1544921875, -30.715234375, 43.412109375])
array('d', [67.498828125, 3.4542968750000003, -30.715234375, 43.412109375])
array('d', [61.6638671875, -1.6804687500000002, -28.054492187500003, 47.800000000000004])
array('d', [59.236523437500004, -6.955273437500001, -22.3595703125, 49.200390625000004])
array('d', [59.236523437500004, -6.955273437500001, -22.3595703125, 56.2490234375])
array('d', [55.968945312500004, -11.38984375, -18.6251953125, 56.2490234375])
array('d', [-30.9486328125, -63.484375, 23.993359375, 94.19960937500001])
array('d', [-31.6955078125, -64.7447265625, 26.887500000000003, 96.90703125])
array('d', [-35.2431640625, -64.978125, 30.668554687500002, 99.6611328125])
array('d', [-35.2431640625, -64.978125, 33.6560546875, 99.6611328125])
array('d', [-35.2431640625, -64.978125, 33.6560546875, 99.6611328125])
array('d', [-35.2431640625, -64.978125, 33.6560546875, 99.6611328125])
array('d', [-43.132031250000004, -68.15234375, 35.943359375, 107.6900390625])
array('d', [-48.453515625, -71.4666015625, 35.943359375, 107.6900390625])
array('d', [-53.7283203125, -70.9064453125, 38.4173828125, 107.8767578125])
array('d', [-53.7283203125, -70.9064453125, 38.4173828125, 107.8767578125])
array('d', [-58.442968750000006, -69.3193359375, 42.5251953125, 112.03125])
array('d', [-64.7447265625, -67.872265625, 42.5251953125, 112.03125])
array('d', [-69.0392578125, -66.8453125, 39.9111328125, 112.03125])
array('d', [-69.0392578125, -66.8453125, 39.9111328125, 112.03125])
array('d', [-72.446875, -63.2509765625, 45.559375, 114.08515625000001])
array('d', [-78.888671875, -60.3568359375, 45.839453125000006, 114.83203125])
array('d', [-83.7900390625, -56.0623046875, 42.105078125000006, 114.55195312500001])
array('d', [-88.2712890625, -56.202343750000004, 40.798046875000004, 120.9470703125])
array('d', [-90.651953125, -56.855859375, 41.7783203125, 122.72089843750001])
array('d', [-90.651953125, -56.855859375, 43.225390625, 122.72089843750001])
array('d', [-134.1107421875, -34.2162109375, 35.196484375000004, 132.663671875])
array('d', [-134.4375, -33.9828125, 38.6041015625, 133.50390625])
array('d', [-134.4375, -33.9828125, 38.6041015625, 133.50390625])
array('d', [-134.4375, -33.9828125, 38.6041015625, 133.50390625])
array('d', [-134.4375, -34.076171875, 44.345703125, 134.4375])
array('d', [-133.13046875, -34.823046875, 41.965039062500004, 132.7103515625])
array('d', [-133.13046875, -34.823046875, 41.965039062500004, 133.8306640625])
array('d', [-133.55058593750002, -37.063671875000004, 35.383203125, 133.13046875])
array('d', [-133.78398437500002, -39.02421875, 33.0025390625, 133.597265625])
array('d', [-133.970703125, -39.02421875, 33.0025390625, 133.597265625])
array('d', [-133.970703125, -39.02421875, 33.0025390625, 133.597265625])
array('d', [-133.78398437500002, -34.91640625, 31.368750000000002, 133.037109375])
array('d', [-133.2705078125, -34.823046875, 32.582421875, 133.6439453125])
array('d', [-133.4572265625, -37.15703125, 32.582421875, 133.55058593750002])
array('d', [-134.0640625, -38.090625, 27.2142578125, 134.71757812500002])
array('d', [-134.25078125000002, -38.183984375, 31.2287109375, 133.87734375])
array('d', [-133.87734375, -38.6041015625, 40.89140625, 133.8306640625])
array('d', [-134.25078125000002, -39.2109375, 44.9525390625, 133.13046875])
array('d', [-133.78398437500002, -42.75859375, 43.225390625, 134.344140625])
array('d', [-134.1107421875, -44.672460937500006, 46.11953125, 133.50390625])
array('d', [-134.157421875, -44.62578125, 48.406835937500006, 133.50390625])
array('d', [-133.410546875, -44.532421875000004, 42.431835937500004, 133.970703125])
array('d', [-133.410546875, -44.532421875000004, 42.431835937500004, 133.970703125])
array('d', [-133.410546875, -44.532421875000004, 42.431835937500004, 133.970703125])
array('d', [-133.55058593750002, -43.505468750000006, 38.6041015625, 133.78398437500002])
array('d', [-133.690625, -43.272070312500006, 42.1517578125, 133.6439453125])
array('d', [-134.1107421875, -41.7783203125, 42.1517578125, 133.6439453125])
array('d', [-134.1107421875, -41.7783203125, 42.1517578125, 133.6439453125])
array('d', [-133.7373046875, -44.345703125, 33.6560546875, 134.904296875])
array('d', [-133.7373046875, -44.8591796875, 36.78359375, 134.2041015625])
array('d', [-134.5775390625, -44.8591796875, 36.78359375, 134.2041015625])
array('d', [-133.8306640625, -44.8591796875, 34.823046875, 134.5775390625])
array('d', [-133.55058593750002, -45.232617187500004, 39.3509765625, 133.7373046875])
array('d', [-133.87734375, -47.333203125000004, 41.404882812500006, 134.7642578125])
array('d', [-134.1107421875, -49.85390625, 41.404882812500006, 134.7642578125])
array('d', [-134.1107421875, -49.85390625, 41.404882812500006, 134.7642578125])
array('d', [-134.1107421875, -48.826953125, 43.272070312500006, 134.6708984375])
array('d', [-133.55058593750002, -48.826953125, 43.272070312500006, 134.6708984375])
array('d', [-135.18437500000002, -49.107031250000006, 46.306250000000006, 133.78398437500002])
array('d', [-135.18437500000002, -49.107031250000006, 46.306250000000006, 133.78398437500002])
array('d', [-133.970703125, -48.080078125, 44.205664062500006, 134.62421875])
array('d', [-132.9904296875, -48.500195312500004, 49.760546875, 133.3638671875])
array('d', [-132.9904296875, -48.9203125, 44.672460937500006, 130.609765625])
array('d', [-132.9904296875, -48.080078125, 47.8466796875, 134.344140625])
array('d', [-133.50390625, -48.080078125, 47.3798828125, 132.15019531250002])
array('d', [-133.8306640625, -48.966992187500004, 47.3798828125, 132.15019531250002])
array('d', [-134.157421875, -49.5271484375, 48.640234375000006, 133.55058593750002])
array('d', [-133.3638671875, -50.133984375000004, 51.254296875, 133.6439453125])
array('d', [-133.3638671875, -50.133984375000004, 51.254296875, 134.5775390625])
array('d', [-133.50390625, -52.0478515625, 47.239843750000006, 134.5775390625])
array('d', [-133.50390625, -52.0478515625, 47.239843750000006, 134.5775390625])
array('d', [-133.50390625, -52.0478515625, 47.239843750000006, 134.5775390625])
array('d', [-133.8306640625, -51.254296875, 43.132031250000004, 133.55058593750002])
array('d', [-133.410546875, -50.7875, 42.478515625, 134.0640625])
array('d', [-134.01738281250002, -49.85390625, 38.3240234375, 134.01738281250002])
array('d', [-134.01738281250002, -49.85390625, 45.092578125, 133.31718750000002])
array('d', [-132.9904296875, -52.748046875, 45.092578125, 133.31718750000002])
array('d', [-133.8306640625, -53.681640625, 40.237890625, 133.7373046875])
array('d', [-134.2041015625, -53.8216796875, 43.9255859375, 133.9240234375])
array('d', [-134.2041015625, -51.9544921875, 42.665234375000004, 134.157421875])
array('d', [-133.410546875, -51.9544921875, 42.665234375000004, 133.037109375])
array('d', [-133.31718750000002, -46.3529296875, 40.9380859375, 133.037109375])
array('d', [-133.31718750000002, -46.3529296875, 40.9380859375, 133.037109375])
array('d', [-133.31718750000002, -46.3529296875, 40.9380859375, 133.037109375])
array('d', [-134.01738281250002, -46.49296875, 44.999218750000004, 133.970703125])
array('d', [-134.25078125000002, -45.466015625000004, 45.559375, 133.970703125])
array('d', [-134.25078125000002, -47.566601562500004, 41.358203125, 132.7103515625])
array('d', [-134.25078125000002, -47.566601562500004, 41.358203125, 132.7103515625])
array('d', [-134.25078125000002, -47.566601562500004, 41.358203125, 132.7103515625])
array('d', [-133.690625, -53.681640625, 45.8861328125, 134.5775390625])
array('d', [-133.4572265625, -52.09453125, 43.87890625, 133.3638671875])
array('d', [-133.690625, -50.0873046875, 48.7802734375, 133.410546875])
array('d', [-133.690625, -50.0873046875, 48.7802734375, 133.037109375])
array('d', [-134.3908203125, -50.274023437500006, 44.5791015625, 133.037109375])
array('d', [-133.7373046875, -51.254296875, 47.333203125000004, 136.0712890625])
array('d', [-133.55058593750002, -50.600781250000004, 41.918359375, 134.5775390625])
array('d', [-133.55058593750002, -50.600781250000004, 41.918359375, 134.5775390625])
array('d', [-134.5775390625, -48.546875, 39.304296875, 133.08378906250002])
array('d', [-133.9240234375, -47.053125, 49.85390625, 133.8306640625])
array('d', [-133.9240234375, -47.8466796875, 46.212890625, 134.157421875])
array('d', [-134.25078125000002, -45.232617187500004, 43.225390625, 134.157421875])
array('d', [-134.2041015625, -47.053125, 43.785546875, 134.904296875])
array('d', [-133.78398437500002, -48.966992187500004, 39.9578125, 135.0443359375])
array('d', [-133.4572265625, -46.3529296875, 40.9380859375, 133.1771484375])
array('d', [-133.4572265625, -46.3529296875, 40.9380859375, 133.50390625])
array('d', [-134.25078125000002, -45.3259765625, 42.665234375000004, 133.50390625])
array('d', [-134.0640625, -44.5791015625, 48.453515625, 133.410546875])
array('d', [-134.0640625, -44.5791015625, 42.9453125, 134.01738281250002])
array('d', [-133.2705078125, -48.500195312500004, 42.9453125, 134.01738281250002])
array('d', [-134.4375, -51.300976562500004, 45.7927734375, 133.690625])
array('d', [-134.2041015625, -47.940039062500006, 44.719140625, 133.4572265625])
array('d', [-134.2041015625, -47.940039062500006, 44.299023437500004, 133.31718750000002])
array('d', [-134.1107421875, -46.166210937500004, 44.299023437500004, 133.31718750000002])
array('d', [-134.1107421875, -47.333203125000004, 48.546875, 133.4572265625])
array('d', [-133.4572265625, -48.7802734375, 45.232617187500004, 134.6708984375])
array('d', [-133.6439453125, -51.441015625000006, 41.965039062500004, 133.8306640625])
array('d', [-133.6439453125, -51.441015625000006, 41.965039062500004, 133.8306640625])
array('d', [-134.8576171875, -52.934765625000004, 41.031445312500004, 132.290234375])
array('d', [-133.690625, -50.740820312500006, 44.299023437500004, 133.690625])
array('d', [-133.690625, -50.740820312500006, 43.225390625, 133.597265625])
array('d', [-133.78398437500002, -51.4876953125, 43.225390625, 133.597265625])
array('d', [-132.8970703125, -51.72109375, 48.826953125, 132.9904296875])
array('d', [-134.0640625, -53.3548828125, 43.785546875, 133.6439453125])
array('d', [-134.0640625, -53.3548828125, 43.785546875, 133.6439453125])
array('d', [-133.9240234375, -52.841406250000006, 43.785546875, 133.6439453125])
array('d', [-133.9240234375, -52.841406250000006, 46.212890625, 134.2041015625])
array('d', [-135.1376953125, -49.667187500000004, 46.212890625, 134.2041015625])
array('d', [-134.904296875, -48.266796875000004, 41.871679687500006, 133.410546875])
array('d', [-134.48417968750002, -50.22734375, 41.871679687500006, 133.31718750000002])
array('d', [-134.48417968750002, -50.22734375, 42.75859375, 133.970703125])
array('d', [-133.8306640625, -50.834179687500004, 49.9939453125, 133.970703125])
array('d', [-133.597265625, -51.3943359375, 49.340429687500006, 133.8306640625])
array('d', [-133.597265625, -53.494921875, 50.6474609375, 135.2310546875])
array('d', [-135.3244140625, -53.494921875, 50.6474609375, 135.2310546875])
array('d', [-134.1107421875, -51.34765625, 47.8466796875, 134.62421875])
array('d', [-133.410546875, -47.566601562500004, 40.984765625, 133.78398437500002])
array('d', [-133.410546875, -47.566601562500004, 40.984765625, 133.78398437500002])
array('d', [-133.410546875, -47.566601562500004, 40.984765625, 133.78398437500002])
array('d', [-133.410546875, -47.566601562500004, 40.984765625, 133.78398437500002])
array('d', [-133.410546875, -47.473242187500006, 45.139257812500006, 132.290234375])
array('d', [-133.970703125, -47.473242187500006, 45.139257812500006, 132.290234375])
array('d', [-134.1107421875, -47.7533203125, 47.006445312500006, 135.091015625])
array('d', [-134.1107421875, -47.7533203125, 47.006445312500006, 135.091015625])
array('d', [-134.1107421875, -47.7533203125, 47.006445312500006, 135.091015625])
array('d', [-134.1107421875, -47.7533203125, 47.006445312500006, 135.091015625])
array('d', [-133.597265625, -50.133984375000004, 41.1248046875, 133.9240234375])
array('d', [-132.8970703125, -51.300976562500004, 43.6455078125, 133.9240234375])
array('d', [-134.2041015625, -49.2470703125, 44.8125, 133.55058593750002])
array('d', [-133.50390625, -47.239843750000006, 47.800000000000004, 133.2705078125])
array('d', [-133.50390625, -47.239843750000006, 47.566601562500004, 134.2974609375])
array('d', [-133.50390625, -49.200390625000004, 47.566601562500004, 134.2974609375])
array('d', [-133.50390625, -49.200390625000004, 48.5935546875, 134.2974609375])
array('d', [-133.78398437500002, -51.674414062500006, 48.5935546875, 134.530859375])
array('d', [-134.4375, -52.9814453125, 40.8447265625, 134.530859375])
array('d', [-133.1771484375, -51.1609375, 44.9525390625, 133.50390625])
array('d', [-134.95097656250002, -54.008398437500006, 40.564648437500004, 133.3638671875])
array('d', [-134.2974609375, -54.008398437500006, 40.564648437500004, 133.7373046875])
array('d', [-134.2974609375, -50.974218750000006, 51.1609375, 133.970703125])
array('d', [-132.476953125, -51.5810546875, 54.521875, 133.2705078125])
array('d', [-134.1107421875, -59.236523437500004, 53.9150390625, 133.597265625])
array('d', [-133.87734375, -58.162890625, 50.694140625, 134.25078125000002])
array('d', [-133.970703125, -58.162890625, 50.694140625, 134.25078125000002])
array('d', [-133.78398437500002, -53.21484375, 46.3529296875, 133.223828125])
array('d', [-134.2041015625, -52.374609375000006, 49.200390625000004, 133.08378906250002])
array('d', [-134.8576171875, -54.101757812500004, 49.387109375, 132.8037109375])
array('d', [-134.62421875, -56.108984375000006, 42.7119140625, 133.4572265625])
array('d', [-134.62421875, -56.202343750000004, 42.38515625, 133.9240234375])
array('d', [-134.62421875, -56.202343750000004, 45.372656250000006, 136.3046875])
array('d', [-134.62421875, -56.202343750000004, 45.372656250000006, 136.3046875])
array('d', [-134.62421875, -56.202343750000004, 45.372656250000006, 136.3046875])
array('d', [-134.62421875, -56.202343750000004, 45.372656250000006, 136.3046875])
array('d', [-134.62421875, -56.202343750000004, 45.372656250000006, 136.3046875])
array('d', [-133.7373046875, -51.907812500000006, 45.372656250000006, 133.87734375])
array('d', [-134.157421875, -49.5271484375, 54.428515625, 133.87734375])
array('d', [-133.31718750000002, -53.4482421875, 55.408789062500006, 134.530859375])
array('d', [-133.31718750000002, -54.615234375, 50.880859375, 133.223828125])
array('d', [-133.970703125, -54.615234375, 50.880859375, 133.223828125])
array('d', [-133.970703125, -52.5146484375, 42.198437500000004, 133.55058593750002])
array('d', [-133.50390625, -47.1931640625, 40.0044921875, 133.31718750000002])
array('d', [-133.50390625, -47.1931640625, 43.365429687500004, 133.78398437500002])
array('d', [-132.5236328125, -45.839453125000006, 43.365429687500004, 134.0640625])
array('d', [-133.50390625, -46.9130859375, 47.099804687500004, 134.0640625])
array('d', [-134.2041015625, -47.006445312500006, 47.099804687500004, 134.0640625])
array('d', [-134.2041015625, -47.006445312500006, 47.099804687500004, 134.0640625])
array('d', [-134.2041015625, -47.006445312500006, 45.372656250000006, 133.87734375])
array('d', [-133.690625, -47.2865234375, 41.544921875, 133.8306640625])
array('d', [-133.9240234375, -44.8125, 44.205664062500006, 134.3908203125])
array('d', [-133.9240234375, -44.8125, 44.205664062500006, 134.344140625])
array('d', [-134.157421875, -43.038671875000006, 43.738867187500006, 134.344140625])
array('d', [-133.9240234375, -43.272070312500006, 44.765820312500004, 135.3244140625])
array('d', [-133.9240234375, -44.205664062500006, 43.225390625, 134.4375])
array('d', [-133.9240234375, -44.205664062500006, 43.225390625, 134.4375])
array('d', [-133.9240234375, -44.205664062500006, 43.225390625, 134.4375])
array('d', [-134.2041015625, -46.11953125, 38.744140625, 133.8306640625])
array('d', [-134.2041015625, -46.11953125, 45.1859375, 133.50390625])
array('d', [-132.85039062500002, -47.893359375, 45.1859375, 133.50390625])
array('d', [-132.85039062500002, -45.606054687500006, 40.237890625, 134.4375])
array('d', [-133.31718750000002, -44.299023437500004, 44.672460937500006, 134.48417968750002])
array('d', [-133.31718750000002, -44.299023437500004, 44.672460937500006, 133.13046875])
array('d', [-133.13046875, -46.11953125, 44.158984375, 133.13046875])
array('d', [-133.13046875, -46.11953125, 44.158984375, 133.13046875])
array('d', [-133.13046875, -46.11953125, 44.158984375, 133.13046875])
array('d', [-134.3908203125, -47.800000000000004, 42.338476562500006, 133.3638671875])
array('d', [-133.1771484375, -49.5271484375, 45.092578125, 135.0443359375])
array('d', [-134.95097656250002, -47.006445312500006, 40.0044921875, 132.663671875])
array('d', [-134.95097656250002, -47.006445312500006, 40.0044921875, 133.410546875])
array('d', [-132.61699218750002, -43.6921875, 44.8125, 133.410546875])
array('d', [-135.091015625, -43.785546875, 47.8466796875, 134.4375])
array('d', [-134.1107421875, -46.539648437500006, 46.11953125, 134.4375])
array('d', [-134.1107421875, -46.539648437500006, 46.11953125, 134.4375])
array('d', [-134.1107421875, -46.539648437500006, 46.11953125, 133.690625])
array('d', [-134.6708984375, -51.1142578125, 44.532421875000004, 133.690625])
array('d', [-133.78398437500002, -50.6474609375, 47.3798828125, 133.55058593750002])
array('d', [-133.78398437500002, -50.6474609375, 47.3798828125, 133.55058593750002])
array('d', [-133.78398437500002, -50.6474609375, 47.3798828125, 133.55058593750002])
array('d', [-133.78398437500002, -50.274023437500006, 48.080078125, 134.48417968750002])
array('d', [-133.87734375, -48.2201171875, 50.740820312500006, 134.25078125000002])
array('d', [-133.87734375, -48.2201171875, 48.36015625, 133.2705078125])
array('d', [-133.87734375, -49.013671875, 48.36015625, 133.2705078125])
array('d', [-133.08378906250002, -50.1806640625, 51.4876953125, 133.410546875])
array('d', [-132.85039062500002, -54.055078125, 43.365429687500004, 133.55058593750002])
array('d', [-133.6439453125, -52.141210937500006, 44.345703125, 133.55058593750002])
array('d', [-133.6439453125, -52.141210937500006, 44.345703125, 133.55058593750002])
array('d', [-133.6439453125, -52.141210937500006, 44.345703125, 134.8109375])
array('d', [-133.6439453125, -49.387109375, 42.5251953125, 133.8306640625])
array('d', [-133.1771484375, -48.36015625, 45.606054687500006, 133.9240234375])
array('d', [-133.1771484375, -48.36015625, 45.606054687500006, 134.2974609375])
array('d', [-134.0640625, -49.900585937500004, 45.0458984375, 132.8037109375])
array('d', [-132.9904296875, -50.133984375000004, 38.9775390625, 133.78398437500002])
array('d', [-133.6439453125, -47.800000000000004, 40.7513671875, 133.78398437500002])
array('d', [-133.410546875, -44.9525390625, 42.291796875, 133.690625])
array('d', [-133.410546875, -46.3529296875, 50.367382812500004, 134.4375])
array('d', [-133.597265625, -46.3529296875, 50.367382812500004, 134.4375])
array('d', [-133.597265625, -46.3529296875, 50.367382812500004, 134.4375])
array('d', [-133.597265625, -46.3529296875, 50.367382812500004, 134.4375])
array('d', [-133.597265625, -46.3529296875, 50.367382812500004, 134.4375])
array('d', [-133.597265625, -46.3529296875, 50.367382812500004, 134.4375])
array('d', [-133.1771484375, -48.36015625, 49.900585937500004, 133.970703125])
array('d', [-133.8306640625, -51.907812500000006, 49.667187500000004, 133.410546875])
array('d', [-134.0640625, -50.600781250000004, 49.7138671875, 133.4572265625])
array('d', [-134.0640625, -50.600781250000004, 49.7138671875, 133.4572265625])
array('d', [-133.9240234375, -49.7138671875, 45.092578125, 133.9240234375])
array('d', [-133.6439453125, -49.200390625000004, 52.4212890625, 134.01738281250002])
array('d', [-133.6439453125, -49.200390625000004, 52.4212890625, 134.5775390625])
array('d', [-133.970703125, -49.200390625000004, 52.4212890625, 134.5775390625])
array('d', [-133.3638671875, -47.006445312500006, 44.9525390625, 134.0640625])
array('d', [-133.3638671875, -47.2865234375, 44.439062500000006, 133.87734375])
array('d', [-134.8109375, -47.2865234375, 44.439062500000006, 133.87734375])
array('d', [-133.50390625, -45.1859375, 41.918359375, 133.4572265625])
array('d', [-134.8576171875, -42.291796875, 41.544921875, 134.344140625])
array('d', [-134.8576171875, -42.898632812500004, 43.0853515625, 133.690625])
array('d', [-133.690625, -42.898632812500004, 43.0853515625, 133.970703125])
array('d', [-133.597265625, -44.299023437500004, 37.8572265625, 133.970703125])
array('d', [-133.597265625, -42.75859375, 39.864453125000004, 133.2705078125])
array('d', [-133.970703125, -41.6849609375, 35.85, 133.970703125])
array('d', [-133.970703125, -41.6849609375, 43.412109375, 134.01738281250002])
array('d', [-133.13046875, -41.358203125, 43.412109375, 134.01738281250002])
array('d', [-132.8970703125, -42.291796875, 41.498242187500004, 133.50390625])
array('d', [-133.4572265625, -43.9255859375, 44.299023437500004, 133.50390625])
array('d', [-133.4572265625, -43.9255859375, 44.299023437500004, 133.2705078125])
array('d', [-132.61699218750002, -47.61328125, 47.7533203125, 133.2705078125])
array('d', [-135.0443359375, -45.606054687500006, 44.3923828125, 134.1107421875])
array('d', [-135.0443359375, -45.606054687500006, 44.3923828125, 134.1107421875])
array('d', [-135.0443359375, -45.606054687500006, 44.3923828125, 134.1107421875])
array('d', [-135.0443359375, -45.606054687500006, 44.3923828125, 133.8306640625])
array('d', [-133.9240234375, -47.61328125, 42.7119140625, 133.8306640625])
array('d', [-132.85039062500002, -48.9203125, 51.4876953125, 134.344140625])
array('d', [-133.08378906250002, -49.5271484375, 52.4212890625, 133.50390625])
array('d', [-133.08378906250002, -49.5271484375, 52.4212890625, 133.50390625])
array('d', [-133.08378906250002, -49.5271484375, 52.4212890625, 133.50390625])
array('d', [-132.0568359375, -51.5810546875, 49.387109375, 134.4375])
array('d', [-132.0568359375, -51.5810546875, 49.387109375, 134.4375])
array('d', [-132.663671875, -52.561328125, 43.9255859375, 133.08378906250002])
array('d', [-132.290234375, -50.0873046875, 47.61328125, 132.94375])
array('d', [-133.08378906250002, -48.5935546875, 41.031445312500004, 133.970703125])
array('d', [-133.08378906250002, -48.5935546875, 49.433789062500004, 132.290234375])
array('d', [-131.7767578125, -48.266796875000004, 49.433789062500004, 132.290234375])
array('d', [-131.8234375, -47.1931640625, 47.1931640625, 135.0443359375])
array('d', [-131.8234375, -47.1931640625, 43.0853515625, 133.410546875])
array('d', [-132.290234375, -50.4140625, 43.0853515625, 133.410546875])
array('d', [-132.38359375000002, -50.4140625, 43.0853515625, 133.410546875])
array('d', [-132.38359375000002, -50.4140625, 43.0853515625, 133.410546875])
array('d', [-131.8234375, -52.6546875, 43.832226562500004, 134.157421875])
array('d', [-131.8234375, -50.4140625, 43.832226562500004, 134.157421875])
array('d', [-130.74980468750002, -48.500195312500004, 45.372656250000006, 134.4375])
array('d', [-130.74980468750002, -49.807226562500006, 47.333203125000004, 134.7642578125])
array('d', [-132.290234375, -52.001171875000004, 45.372656250000006, 133.78398437500002])
array('d', [-132.290234375, -52.001171875000004, 45.372656250000006, 134.0640625])
array('d', [-131.8234375, -52.608007812500006, 41.871679687500006, 134.0640625])
array('d', [-130.51640625000002, -53.681640625, 43.738867187500006, 133.410546875])
array('d', [-130.98320312500002, -50.9275390625, 43.9255859375, 134.0640625])
array('d', [-131.4033203125, -49.85390625, 43.412109375, 133.87734375])
array('d', [-131.4033203125, -49.85390625, 43.412109375, 133.87734375])
array('d', [-130.51640625000002, -51.207617187500006, 48.7802734375, 133.690625])
array('d', [-130.04960937500002, -52.001171875000004, 51.4876953125, 133.4572265625])
array('d', [-130.04960937500002, -52.001171875000004, 50.274023437500006, 134.25078125000002])
array('d', [-130.04960937500002, -52.001171875000004, 50.274023437500006, 134.25078125000002])
array('d', [-130.5630859375, -55.2220703125, 48.36015625, 133.597265625])
array('d', [-130.3763671875, -55.2220703125, 48.36015625, 133.597265625])
array('d', [-131.0298828125, -52.561328125, 46.6796875, 133.9240234375])
array('d', [-129.4427734375, -52.561328125, 46.6796875, 132.8037109375])
array('d', [-129.4427734375, -53.96171875, 47.940039062500006, 132.8037109375])
array('d', [-130.236328125, -53.21484375, 44.5791015625, 133.690625])
array('d', [-129.209375, -53.634960937500004, 50.694140625, 133.690625])
array('d', [-129.862890625, -56.669140625000004, 48.033398437500004, 133.690625])
array('d', [-127.715625, -55.82890625, 43.31875, 134.71757812500002])
array('d', [-130.3296875, -53.541601562500006, 47.6599609375, 133.690625])
array('d', [-130.3296875, -53.541601562500006, 47.6599609375, 133.8306640625])
array('d', [-128.6025390625, -52.841406250000006, 47.053125, 133.8306640625])
array('d', [-128.929296875, -52.3279296875, 44.719140625, 133.8306640625])
array('d', [-128.929296875, -52.3279296875, 48.9203125, 133.78398437500002])
array('d', [-128.4625, -52.3279296875, 48.9203125, 133.78398437500002])
array('d', [-127.995703125, -52.608007812500006, 49.760546875, 135.277734375])
array('d', [-128.7892578125, -51.907812500000006, 47.053125, 133.55058593750002])
array('d', [-128.369140625, -51.534375000000004, 45.1859375, 134.157421875])
array('d', [-129.2560546875, -47.706640625000006, 42.898632812500004, 133.78398437500002])
array('d', [-129.2560546875, -47.706640625000006, 43.365429687500004, 135.837890625])
array('d', [-127.435546875, -49.0603515625, 45.5126953125, 134.530859375])
array('d', [-127.4822265625, -49.013671875, 44.9525390625, 133.9240234375])
array('d', [-128.88261718750002, -49.013671875, 44.9525390625, 133.9240234375])
array('d', [-128.88261718750002, -49.013671875, 44.9525390625, 133.9240234375])
array('d', [-128.88261718750002, -49.013671875, 44.9525390625, 133.9240234375])
array('d', [-128.88261718750002, -49.200390625000004, 40.3779296875, 133.78398437500002])
array('d', [-126.92207031250001, -47.333203125000004, 40.4712890625, 134.0640625])
array('d', [-128.2291015625, -45.1859375, 42.9453125, 134.344140625])
array('d', [-128.2291015625, -45.1859375, 42.9453125, 134.344140625])
array('d', [-128.2291015625, -45.1859375, 42.9453125, 134.344140625])
array('d', [-128.2291015625, -45.1859375, 42.9453125, 134.344140625])
array('d', [-128.2291015625, -45.1859375, 42.9453125, 134.344140625])
array('d', [-128.2291015625, -46.49296875, 46.586328125, 133.8306640625])
array('d', [-127.995703125, -46.49296875, 46.586328125, 133.8306640625])
array('d', [-127.995703125, -50.600781250000004, 42.01171875, 133.31718750000002])
array('d', [-127.995703125, -50.600781250000004, 42.01171875, 133.31718750000002])
array('d', [-126.78203125, -48.733593750000004, 46.2595703125, 133.3638671875])
array('d', [-126.78203125, -48.733593750000004, 46.2595703125, 133.8306640625])
array('d', [-126.87539062500001, -48.36015625, 47.566601562500004, 133.8306640625])
array('d', [-128.0423828125, -50.6474609375, 44.5791015625, 133.87734375])
array('d', [-126.92207031250001, -49.947265625, 49.6205078125, 134.2974609375])
array('d', [-126.92207031250001, -49.947265625, 49.6205078125, 134.2974609375])
array('d', [-126.501953125, -49.387109375, 47.98671875, 134.2974609375])
array('d', [-126.501953125, -49.387109375, 47.98671875, 134.2974609375])
array('d', [-126.501953125, -49.387109375, 47.98671875, 134.2974609375])
array('d', [-125.568359375, -48.966992187500004, 41.031445312500004, 134.0640625])
array('d', [-125.568359375, -48.966992187500004, 42.291796875, 134.01738281250002])
array('d', [-125.47500000000001, -49.200390625000004, 42.291796875, 134.01738281250002])
array('d', [-126.64199218750001, -46.026171875, 46.212890625, 133.2705078125])
array('d', [-126.64199218750001, -43.5521484375, 47.6599609375, 134.4375])
array('d', [-125.66171875, -43.5521484375, 47.6599609375, 134.4375])
array('d', [-125.4283203125, -43.6455078125, 46.7263671875, 134.3908203125])
array('d', [-125.4283203125, -43.6455078125, 46.7263671875, 134.3908203125])
array('d', [-125.4283203125, -43.6455078125, 46.7263671875, 134.3908203125])
array('d', [-127.2955078125, -44.62578125, 44.4857421875, 133.690625])
array('d', [-125.8017578125, -45.559375, 39.584375, 134.5775390625])
array('d', [-125.8017578125, -45.559375, 39.584375, 134.3908203125])
array('d', [-126.5953125, -43.132031250000004, 39.4443359375, 134.3908203125])
array('d', [-125.8017578125, -41.264843750000004, 45.74609375, 134.0640625])
array('d', [-125.8017578125, -41.264843750000004, 44.25234375, 134.01738281250002])
array('d', [-125.6150390625, -38.8375, 44.25234375, 134.01738281250002])
array('d', [-116.37246093750001, -50.320703125, 39.9111328125, 126.3619140625])
array('d', [-116.5591796875, -50.274023437500006, 39.9111328125, 125.52167968750001])
array('d', [-115.9990234375, -47.6599609375, 42.805273437500006, 125.52167968750001])
array('d', [-115.3455078125, -48.36015625, 50.320703125, 126.68867187500001])
array('d', [-115.67226562500001, -53.868359375000004, 52.7947265625, 129.58281250000002])
array('d', [-115.67226562500001, -56.2490234375, 51.067578125000004, 125.05488281250001])
array('d', [-115.858984375, -56.2490234375, 51.067578125000004, 125.05488281250001])
array('d', [-115.298828125, -56.7625, 47.7533203125, 124.6814453125])
array('d', [-114.925390625, -55.968945312500004, 54.1951171875, 124.6814453125])
array('d', [-114.925390625, -55.968945312500004, 55.408789062500006, 122.8142578125])
array('d', [-114.6453125, -54.941992187500006, 55.408789062500006, 122.8142578125])
array('d', [-115.3455078125, -55.968945312500004, 55.268750000000004, 124.16796875])
array('d', [-115.3921875, -57.5560546875, 55.922265625, 124.12128906250001])
array('d', [-115.3921875, -57.976171875000006, 57.32265625, 123.7478515625])
array('d', [-114.55195312500001, -57.976171875000006, 57.32265625, 123.7478515625])
array('d', [-114.50527343750001, -60.216796875, 57.6494140625, 133.4572265625])
array('d', [-114.97207031250001, -61.710546875000006, 54.055078125, 133.9240234375])
array('d', [-114.97207031250001, -61.710546875000006, 50.507421875000006, 134.530859375])
array('d', [-114.97207031250001, -61.710546875000006, 50.507421875000006, 134.530859375])
array('d', [-115.67226562500001, -54.3818359375, 46.7263671875, 134.904296875])
array('d', [-114.50527343750001, -50.9275390625, 43.87890625, 133.970703125])
array('d', [-114.6453125, -50.694140625, 38.557421875, 133.9240234375])
array('d', [-114.6453125, -50.694140625, 42.805273437500006, 133.690625])
array('d', [-114.2251953125, -51.34765625, 42.805273437500006, 130.74980468750002])
array('d', [-114.83203125, -52.8880859375, 44.999218750000004, 130.74980468750002])
array('d', [-114.83203125, -52.8880859375, 44.999218750000004, 130.74980468750002])
array('d', [-114.83203125, -52.8880859375, 44.999218750000004, 130.74980468750002])
array('d', [-114.83203125, -52.8880859375, 44.999218750000004, 130.74980468750002])
array('d', [-114.4119140625, -53.21484375, 43.132031250000004, 123.04765625])
array('d', [-114.6919921875, -54.055078125, 45.4193359375, 122.30078125])
array('d', [-115.3921875, -53.401562500000004, 51.34765625, 122.0673828125])
array('d', [-115.3921875, -53.401562500000004, 51.34765625, 122.0673828125])
array('d', [-115.3921875, -53.401562500000004, 51.34765625, 122.0673828125])
array('d', [-115.112109375, -54.1951171875, 57.8828125, 121.4138671875])
array('d', [-114.78535156250001, -58.162890625, 59.936718750000004, 122.20742187500001])
array('d', [-114.78535156250001, -60.776953125000006, 60.8236328125, 123.60781250000001])
array('d', [-114.78535156250001, -60.776953125000006, 60.8236328125, 123.60781250000001])
array('d', [-114.55195312500001, -60.776953125000006, 61.7572265625, 133.690625])
array('d', [-114.5986328125, -61.243750000000006, 61.7572265625, 133.690625])
array('d', [-114.2251953125, -61.523828125, 58.536328125000004, 133.55058593750002])
array('d', [-114.97207031250001, -61.523828125, 58.536328125000004, 133.55058593750002])
array('d', [-114.97207031250001, -61.710546875000006, 60.8236328125, 134.48417968750002])
array('d', [-114.8787109375, -52.09453125, 39.0708984375, 134.01738281250002])
array('d', [-114.8787109375, -48.966992187500004, 42.2451171875, 121.1337890625])
array('d', [-114.8787109375, -48.966992187500004, 42.2451171875, 121.1337890625])
array('d', [-114.5986328125, -44.9525390625, 45.8861328125, 122.767578125])
array('d', [-114.5986328125, -46.539648437500006, 49.433789062500004, 133.4572265625])
array('d', [-120.4802734375, -46.539648437500006, 49.433789062500004, 133.4572265625])
array('d', [-120.4802734375, -46.539648437500006, 49.433789062500004, 133.4572265625])
array('d', [-120.4802734375, -46.539648437500006, 49.433789062500004, 133.4572265625])
array('d', [-113.0115234375, -52.934765625000004, 52.0478515625, 134.99765625])
array('d', [-114.27187500000001, -58.3962890625, 54.1951171875, 121.2271484375])
array('d', [-114.8787109375, -57.369335937500004, 55.548828125, 132.476953125])
array('d', [-114.8787109375, -57.369335937500004, 55.548828125, 133.13046875])
array('d', [-114.8787109375, -58.442968750000006, 57.369335937500004, 133.13046875])
array('d', [-114.50527343750001, -59.7966796875, 52.9814453125, 133.4572265625])
array('d', [-114.6453125, -60.496875, 51.067578125000004, 133.4572265625])
array('d', [-114.6453125, -60.496875, 51.067578125000004, 134.344140625])
array('d', [-114.6453125, -56.855859375, 49.2470703125, 134.344140625])
array('d', [-115.20546875000001, -55.408789062500006, 47.800000000000004, 134.2041015625])
array('d', [-115.20546875000001, -55.408789062500006, 47.800000000000004, 134.2041015625])
array('d', [-114.365234375, -55.735546875000004, 44.8125, 121.50722656250001])
array('d', [-114.55195312500001, -56.94921875, 46.166210937500004, 119.64003906250001])
array('d', [-114.27187500000001, -59.096484375, 53.308203125000006, 130.5630859375])
array('d', [-115.1587890625, -62.457421875, 57.275976562500006, 131.1232421875])
array('d', [-115.1587890625, -62.457421875, 57.0892578125, 133.970703125])
array('d', [-114.178515625, -65.3982421875, 57.0892578125, 133.970703125])
array('d', [-114.178515625, -65.3982421875, 57.0892578125, 133.970703125])
array('d', [-114.178515625, -65.3982421875, 57.0892578125, 133.970703125])
array('d', [-115.71894531250001, -58.069531250000004, 52.8880859375, 133.8306640625])
array('d', [-113.6650390625, -58.069531250000004, 50.22734375, 134.62421875])
array('d', [-114.8787109375, -54.428515625, 44.345703125, 133.31718750000002])
array('d', [-115.298828125, -52.09453125, 43.0853515625, 134.8109375])
array('d', [-114.2251953125, -53.58828125, 43.0853515625, 133.9240234375])
array('d', [-114.2251953125, -53.58828125, 43.0853515625, 133.9240234375])
array('d', [-114.925390625, -48.453515625, 45.372656250000006, 130.3296875])
array('d', [-115.01875000000001, -47.800000000000004, 47.893359375, 133.1771484375])
array('d', [-114.97207031250001, -52.467968750000004, 46.11953125, 133.410546875])
array('d', [-114.178515625, -52.934765625000004, 46.9130859375, 133.13046875])
array('d', [-114.83203125, -49.107031250000006, 44.158984375, 134.7642578125])
array('d', [-114.6919921875, -49.48046875, 43.598828125000004, 131.9634765625])
array('d', [-114.178515625, -47.473242187500006, 44.4857421875, 129.9095703125])
array('d', [-114.178515625, -47.940039062500006, 45.606054687500006, 130.8431640625])
array('d', [-115.0654296875, -47.2865234375, 42.7119140625, 124.261328125])
array('d', [-114.97207031250001, -47.2865234375, 42.7119140625, 124.261328125])
array('d', [-114.925390625, -49.573828125000006, 42.6185546875, 119.0798828125])
array('d', [-114.31855468750001, -48.36015625, 43.365429687500004, 119.5466796875])
array('d', [-114.97207031250001, -49.013671875, 44.3923828125, 117.53945312500001])
array('d', [-115.01875000000001, -51.1142578125, 43.972265625000006, 117.30605468750001])
array('d', [-114.73867187500001, -50.694140625, 44.672460937500006, 117.8662109375])
array('d', [-115.3455078125, -49.6205078125, 45.4193359375, 117.0259765625])
array('d', [-115.3455078125, -13.163671875, 42.851953125, 30.9953125])
array('d', [-115.3455078125, -13.163671875, 42.851953125, 30.9953125])
array('d', [-113.61835937500001, -5.321484375000001, 46.866406250000004, 21.659375])
array('d', [-114.45859375, -5.321484375000001, 50.694140625, 4.761328125])
array('d', [-114.6919921875, -2.1005859375, 50.694140625, 4.761328125])
array('d', [-114.6919921875, -2.1005859375, 50.694140625, 4.761328125])
array('d', [-111.98457031250001, 0.8402343750000001, 50.974218750000006, 7.935546875])
array('d', [-103.8623046875, 4.014453125, 50.1806640625, 7.422070312500001])
array('d', [-99.14765625000001, 5.5082031250000005, 52.374609375000006, 0.7001953125])
array('d', [-100.1279296875, 7.0486328125, 55.502148437500004, 5.0880859375])
array('d', [-101.575, 7.46875, 54.941992187500006, 4.9013671875])
array('d', [-101.575, 7.46875, 56.7158203125, 5.3681640625])
array('d', [-100.361328125, 4.7146484375, 58.536328125000004, 6.3951171875])
array('d', [-100.361328125, 4.7146484375, 58.536328125000004, 7.562109375])
array('d', [-99.241015625, 5.0880859375, 60.2634765625, 5.321484375000001])
array('d', [-99.241015625, 5.0880859375, 60.2634765625, 5.321484375000001])
array('d', [-99.241015625, 5.0880859375, 60.2634765625, 5.321484375000001])
array('d', [-97.70058593750001, 4.387890625, 60.963671875, 5.321484375000001])
array('d', [-93.826171875, 4.2478515625, 60.8236328125, 2.8941406250000004])
array('d', [-91.16542968750001, 1.9138671875000002, 61.523828125, 2.8941406250000004])
array('d', [-91.16542968750001, 1.9138671875000002, 61.523828125, 2.8941406250000004])
array('d', [-93.2193359375, 4.014453125, 62.55078125, 3.5943359375000004])
array('d', [-91.585546875, 3.9210937500000003, 62.2240234375, 2.42734375])
array('d', [-91.585546875, 3.080859375, 62.457421875, 3.6876953125000003])
array('d', [-89.81171875000001, 3.080859375, 62.457421875, 3.6876953125000003])
array('d', [-91.63222656250001, 2.7541015625000003, 64.1845703125, 2.9408203125])
array('d', [-92.2857421875, 1.773828125, 65.02480468750001, 2.3806640625])
array('d', [-92.2857421875, 1.773828125, 64.32460937500001, 1.3537109375])
array('d', [-92.14570312500001, 1.8671875, 64.32460937500001, 1.3537109375])
array('d', [-92.05234375, 1.8671875, 63.5310546875, 1.8205078125])
array('d', [-91.3521484375, 2.240625, 63.204296875000004, 1.7271484375000001])
array('d', [-91.3521484375, 2.240625, 63.204296875000004, 1.7271484375000001])
array('d', [-91.3521484375, 2.240625, 63.204296875000004, 1.7271484375000001])
array('d', [-91.3521484375, 2.240625, 63.204296875000004, 1.7271484375000001])
array('d', [-91.025390625, 1.30703125, 63.2509765625, 1.0736328125])
array('d', [-89.34492187500001, 0.0, 62.7841796875, 0.466796875])
array('d', [-88.36464843750001, 0.18671875000000002, 63.344335937500006, 0.466796875])
array('d', [-88.36464843750001, 0.18671875000000002, 63.344335937500006, 0.466796875])
array('d', [-88.36464843750001, 0.18671875000000002, 63.344335937500006, 0.466796875])
array('d', [-87.384375, 0.0, 63.204296875000004, 0.37343750000000003])
array('d', [-87.384375, 0.0, 63.0642578125, -0.56015625])
array('d', [-87.66445312500001, 0.0, 63.0642578125, -0.56015625])
array('d', [-87.66445312500001, 0.0, 63.0642578125, -0.56015625])
array('d', [-87.66445312500001, 0.0, 63.0642578125, -0.56015625])
array('d', [-87.66445312500001, 0.0, 63.0642578125, -0.56015625])
array('d', [-87.66445312500001, 0.0, 63.0642578125, -0.56015625])
array('d', [-89.0181640625, 0.466796875, 63.5310546875, 0.42011718750000004])
array('d', [-88.5513671875, -0.1400390625, 62.2240234375, 0.42011718750000004])
array('d', [-87.6177734375, 0.280078125, 63.391015625, -0.0])
array('d', [-87.6177734375, 0.280078125, 63.391015625, -0.0])
array('d', [-87.6177734375, 0.280078125, 63.391015625, -0.0])
array('d', [-87.6177734375, 0.280078125, 63.391015625, -0.0])
array('d', [-87.6177734375, 0.280078125, 63.391015625, -0.0])
array('d', [-87.6177734375, 0.280078125, 63.391015625, -0.0])
array('d', [-87.384375, 0.046679687500000004, 63.204296875000004, -0.18671875000000002])
array('d', [-89.11152343750001, -0.7935546875, 63.391015625, -0.56015625])
array('d', [-89.11152343750001, -0.7935546875, 63.391015625, -0.56015625])
array('d', [-87.291015625, -0.7935546875, 62.6908203125, -0.56015625])
array('d', [-88.2712890625, -0.09335937500000001, 63.0642578125, 0.42011718750000004])
array('d', [-88.2712890625, 0.466796875, 63.0642578125, -0.2333984375])
array('d', [-87.7578125, 0.466796875, 63.0642578125, -0.2333984375])
array('d', [-87.6177734375, 0.280078125, 63.6244140625, 0.5134765625000001])
array('d', [-88.13125000000001, 0.046679687500000004, 63.0642578125, -0.280078125])
array('d', [-88.13125000000001, 0.046679687500000004, 63.0642578125, 0.09335937500000001])
array('d', [-88.2712890625, 0.1400390625, 63.0642578125, 0.09335937500000001])
array('d', [-88.2712890625, 0.1400390625, 63.0642578125, 0.09335937500000001])
array('d', [-87.19765625000001, 0.466796875, 62.92421875, -0.280078125])
array('d', [-88.4580078125, 0.046679687500000004, 63.391015625, 0.42011718750000004])
array('d', [-88.64472656250001, 0.1400390625, 62.7841796875, 0.280078125])
array('d', [-88.64472656250001, 0.1400390625, 62.7841796875, 0.280078125])
array('d', [-88.64472656250001, 0.09335937500000001, 63.204296875000004, 0.280078125])
array('d', [-86.77753906250001, 0.8869140625, 63.204296875000004, 0.3267578125])
array('d', [-86.77753906250001, 0.8869140625, 62.970898437500004, -0.653515625])
array('d', [-87.19765625000001, -0.280078125, 62.970898437500004, -0.653515625])
array('d', [-87.19765625000001, -0.280078125, 62.970898437500004, -0.653515625])
array('d', [-87.89785156250001, -0.3267578125, 63.6244140625, 0.3267578125])
array('d', [-87.1509765625, -0.280078125, 62.970898437500004, 0.046679687500000004])
array('d', [-87.1509765625, -0.280078125, 63.0642578125, -1.6804687500000002])
array('d', [-87.89785156250001, -0.280078125, 63.0642578125, -1.6804687500000002])
array('d', [-88.31796875, 0.1400390625, 63.391015625, 0.3267578125])
array('d', [-87.24433593750001, -0.280078125, 62.92421875, 0.3267578125])
array('d', [-88.7380859375, 0.466796875, 63.391015625, 0.18671875000000002])
array('d', [-88.7380859375, 0.466796875, 63.391015625, 0.18671875000000002])
array('d', [-87.291015625, -0.280078125, 63.764453125, -0.3267578125])
array('d', [-88.83144531250001, 0.466796875, 63.484375, -0.0])
array('d', [-88.83144531250001, 0.466796875, 63.484375, -0.0])
array('d', [-88.83144531250001, 0.466796875, 63.484375, -0.0])
array('d', [-87.71113281250001, 0.1400390625, 63.344335937500006, -1.0269531250000001])
array('d', [-88.41132812500001, 0.466796875, 63.0642578125, 0.37343750000000003])
array('d', [-88.41132812500001, 0.09335937500000001, 63.204296875000004, -0.0])
array('d', [-88.41132812500001, 0.09335937500000001, 63.204296875000004, -0.0])
array('d', [-88.41132812500001, 0.09335937500000001, 63.204296875000004, -0.0])
array('d', [-88.41132812500001, 0.09335937500000001, 63.204296875000004, -0.0])
array('d', [-87.47773437500001, 0.09335937500000001, 62.6908203125, -0.653515625])
array('d', [-86.6841796875, -0.2333984375, 62.6908203125, -0.653515625])
array('d', [-88.5513671875, -0.2333984375, 63.5310546875, -0.42011718750000004])
array('d', [-88.2712890625, 0.466796875, 63.204296875000004, -0.42011718750000004])
array('d', [-88.2712890625, 0.466796875, 63.204296875000004, 0.56015625])
array('d', [-87.19765625000001, 0.5134765625000001, 63.391015625, 0.7935546875])
array('d', [-87.5244140625, -0.6068359375, 63.0642578125, -0.0])
array('d', [-87.5244140625, -0.6068359375, 63.204296875000004, -0.8869140625])
array('d', [-88.037890625, -0.2333984375, 63.204296875000004, -0.8869140625])
array('d', [-87.89785156250001, 0.466796875, 62.830859375, -1.0736328125])
array('d', [-90.23183593750001, 0.466796875, 64.09121093750001, -0.6068359375])
array('d', [-90.23183593750001, 0.466796875, 64.09121093750001, -0.6068359375])
array('d', [-90.23183593750001, 0.466796875, 64.09121093750001, -0.6068359375])
array('d', [-90.23183593750001, 0.466796875, 64.09121093750001, -0.6068359375])
array('d', [-87.3376953125, -0.6068359375, 63.0642578125, 0.18671875000000002])
array('d', [-87.3376953125, -0.6068359375, 63.0642578125, 0.18671875000000002])
array('d', [-88.4580078125, -0.2333984375, 63.391015625, -0.046679687500000004])
array('d', [-87.104296875, -0.2333984375, 63.391015625, -0.046679687500000004])
array('d', [-87.104296875, -0.2333984375, 63.391015625, -0.046679687500000004])
array('d', [-87.104296875, 0.09335937500000001, 63.391015625, 1.213671875])
array('d', [-86.73085937500001, 0.42011718750000004, 62.6908203125, 0.653515625])
array('d', [-87.7578125, 0.09335937500000001, 63.391015625, -0.2333984375])
array('d', [-87.7578125, 0.09335937500000001, 63.391015625, -0.2333984375])
array('d', [-87.7578125, 0.09335937500000001, 63.391015625, -0.2333984375])
array('d', [-87.47773437500001, 0.09335937500000001, 62.92421875, -0.0])
array('d', [-88.31796875, -0.2333984375, 63.2509765625, 0.18671875000000002])
array('d', [-88.31796875, -0.2333984375, 63.2509765625, 0.18671875000000002])
array('d', [-88.64472656250001, 0.1400390625, 63.110937500000006, -0.0])
array('d', [-89.11152343750001, 0.18671875000000002, 62.6908203125, 0.18671875000000002])
array('d', [-87.851171875, 0.046679687500000004, 63.391015625, 0.18671875000000002])
array('d', [-87.851171875, 0.046679687500000004, 63.0642578125, -0.466796875])
array('d', [-87.851171875, 0.046679687500000004, 63.0642578125, -0.466796875])
array('d', [-87.851171875, 0.046679687500000004, 63.0642578125, -0.466796875])
array('d', [-87.291015625, 0.1400390625, 63.0642578125, -0.466796875])
array('d', [-86.54414062500001, -0.93359375, 63.391015625, 0.42011718750000004])
array('d', [-87.291015625, 0.7935546875, 63.110937500000006, -0.0])
array('d', [-87.291015625, 0.7935546875, 63.110937500000006, -0.0])
array('d', [-87.291015625, 0.7935546875, 63.110937500000006, -0.0])
array('d', [-87.291015625, 0.7935546875, 63.110937500000006, -0.0])
array('d', [-87.291015625, 0.7935546875, 63.110937500000006, -0.0])
array('d', [-86.8708984375, 0.18671875000000002, 63.2509765625, -0.466796875])
array('d', [-86.8708984375, -0.2333984375, 62.830859375, -0.2333984375])
array('d', [-87.94453125000001, -0.2333984375, 62.830859375, -0.2333984375])
array('d', [-86.45078125, 0.466796875, 63.0642578125, -0.2333984375])
array('d', [-87.3376953125, -0.7001953125, 62.92421875, -0.8869140625])
array('d', [-87.3376953125, -0.7001953125, 62.92421875, -0.466796875])
array('d', [-88.0845703125, 0.046679687500000004, 63.671093750000004, -0.466796875])
array('d', [-87.3376953125, -0.18671875000000002, 62.92421875, -0.0])
array('d', [-87.89785156250001, 0.42011718750000004, 62.6908203125, -0.466796875])
array('d', [-87.89785156250001, 0.42011718750000004, 62.6908203125, -0.466796875])
array('d', [-87.89785156250001, -0.93359375, 63.5310546875, 0.8869140625])
array('d', [-87.89785156250001, -0.93359375, 63.5310546875, 0.8869140625])
array('d', [-87.89785156250001, -0.93359375, 63.5310546875, 0.8869140625])
array('d', [-87.89785156250001, -0.93359375, 63.5310546875, 0.8869140625])
array('d', [-87.1509765625, 0.09335937500000001, 63.0642578125, -1.1203125])
array('d', [-87.1509765625, 0.09335937500000001, 62.970898437500004, 0.466796875])
array('d', [-87.66445312500001, 0.37343750000000003, 62.970898437500004, 0.466796875])
array('d', [-87.8044921875, 0.7468750000000001, 63.344335937500006, 0.18671875000000002])
array('d', [-87.66445312500001, -2.9408203125, 63.2509765625, 0.18671875000000002])
array('d', [-87.66445312500001, 0.7468750000000001, 62.7841796875, -0.8869140625])
array('d', [-87.291015625, 0.7468750000000001, 62.7841796875, -0.8869140625])
array('d', [-87.291015625, 0.7468750000000001, 62.7841796875, -0.8869140625])
array('d', [-86.6841796875, -0.3267578125, 63.671093750000004, 0.18671875000000002])
array('d', [-86.4041015625, -0.8869140625, 63.0642578125, 0.653515625])
array('d', [-86.4041015625, 0.42011718750000004, 62.830859375, -0.8869140625])
array('d', [-86.4041015625, 0.42011718750000004, 62.830859375, -0.8869140625])
array('d', [-86.4041015625, 0.42011718750000004, 62.830859375, -0.8869140625])
array('d', [-86.73085937500001, 0.42011718750000004, 62.830859375, -0.8869140625])
array('d', [-86.73085937500001, 0.42011718750000004, 62.830859375, 0.18671875000000002])
array('d', [-88.224609375, 0.1400390625, 62.830859375, 0.18671875000000002])
array('d', [-88.224609375, 0.1400390625, 62.830859375, 0.18671875000000002])
array('d', [-88.224609375, 0.1400390625, 62.830859375, 0.18671875000000002])
array('d', [-88.224609375, 0.1400390625, 62.830859375, 0.18671875000000002])
array('d', [-88.224609375, 0.1400390625, 62.830859375, 0.18671875000000002])
array('d', [-87.47773437500001, -0.6068359375, 63.2509765625, 0.653515625])
array('d', [-86.49746093750001, 0.5134765625000001, 63.2509765625, -0.046679687500000004])
array('d', [-87.104296875, -0.2333984375, 63.204296875000004, -0.7001953125])
array('d', [-87.104296875, -0.2333984375, 63.204296875000004, 0.18671875000000002])
array('d', [-86.6841796875, 0.1400390625, 63.344335937500006, 0.18671875000000002])
array('d', [-87.7578125, -0.6068359375, 63.5310546875, 0.18671875000000002])
array('d', [-88.4580078125, 0.09335937500000001, 63.0642578125, 0.046679687500000004])
array('d', [-88.4580078125, 0.09335937500000001, 63.0642578125, -1.1669921875])
array('d', [-87.94453125000001, 0.0, 63.0642578125, -1.1669921875])
array('d', [-87.19765625000001, 0.42011718750000004, 63.0642578125, -0.046679687500000004])
array('d', [-87.3376953125, -0.2333984375, 62.970898437500004, -0.2333984375])
array('d', [-87.3376953125, -0.2333984375, 62.970898437500004, 0.046679687500000004])
array('d', [-86.2173828125, -0.1400390625, 63.671093750000004, 0.046679687500000004])
array('d', [-87.3376953125, -0.7935546875, 62.830859375, -0.42011718750000004])
array('d', [-87.3376953125, 0.09335937500000001, 62.970898437500004, -0.466796875])
array('d', [-86.82421875, 0.09335937500000001, 63.484375, -1.1669921875])
array('d', [-86.4041015625, 0.42011718750000004, 63.484375, -1.1669921875])
array('d', [-88.17792968750001, 0.42011718750000004, 62.504101562500004, 0.18671875000000002])
array('d', [-88.17792968750001, 0.42011718750000004, 62.504101562500004, 0.18671875000000002])
array('d', [-88.17792968750001, 0.42011718750000004, 62.504101562500004, 0.18671875000000002])
array('d', [-88.17792968750001, 0.42011718750000004, 62.504101562500004, 0.18671875000000002])
array('d', [-88.17792968750001, 0.42011718750000004, 62.504101562500004, 0.18671875000000002])
array('d', [-87.1509765625, 0.0, 63.110937500000006, 0.466796875])
array('d', [-87.1509765625, 0.1400390625, 63.671093750000004, 0.653515625])
array('d', [-87.851171875, 0.1400390625, 63.671093750000004, 0.653515625])
array('d', [-87.851171875, 0.1400390625, 63.671093750000004, 0.653515625])
array('d', [-87.851171875, 0.1400390625, 63.671093750000004, 0.653515625])
array('d', [-87.851171875, 0.1400390625, 63.671093750000004, 0.653515625])
array('d', [-87.851171875, 0.1400390625, 63.671093750000004, 0.653515625])
array('d', [-87.851171875, 0.8402343750000001, 62.270703125000004, -0.466796875])
array('d', [-85.983984375, 0.42011718750000004, 63.29765625, -0.466796875])
array('d', [-87.384375, 0.5134765625000001, 63.391015625, 0.7001953125])
array('d', [-87.384375, 0.5134765625000001, 63.391015625, 0.7001953125])
array('d', [-88.17792968750001, 0.1400390625, 62.970898437500004, -0.9802734375000001])
array('d', [-87.384375, 0.2333984375, 63.391015625, 0.466796875])
array('d', [-87.384375, 0.2333984375, 63.391015625, 0.466796875])
array('d', [-86.73085937500001, -0.2333984375, 63.391015625, 0.466796875])
array('d', [-86.73085937500001, -0.2333984375, 63.391015625, 0.466796875])
array('d', [-86.73085937500001, -0.2333984375, 63.391015625, 0.466796875])
array('d', [-88.59804687500001, -0.8402343750000001, 63.391015625, 0.7001953125])
array('d', [-88.59804687500001, -0.8402343750000001, 63.391015625, 0.1400390625])
array('d', [-87.47773437500001, 0.1400390625, 63.110937500000006, 0.1400390625])
array('d', [-87.89785156250001, 0.1400390625, 63.2509765625, -0.2333984375])
array('d', [-87.89785156250001, -0.5134765625000001, 62.92421875, -0.653515625])
array('d', [-87.7578125, -0.56015625, 62.92421875, -0.653515625])
array('d', [-88.36464843750001, 0.466796875, 63.110937500000006, 0.18671875000000002])
array('d', [-88.36464843750001, 0.466796875, 63.110937500000006, 0.18671875000000002])
array('d', [-88.36464843750001, 0.466796875, 63.110937500000006, 0.18671875000000002])
array('d', [-86.6841796875, 0.653515625, 63.391015625, 0.653515625])
array('d', [-88.83144531250001, 0.37343750000000003, 62.970898437500004, -0.046679687500000004])
array('d', [-88.83144531250001, 0.37343750000000003, 63.5310546875, -0.046679687500000004])
array('d', [-88.0845703125, -0.56015625, 63.5310546875, -0.046679687500000004])
array('d', [-87.5244140625, -0.09335937500000001, 63.5310546875, 0.466796875])
array('d', [-88.0845703125, -0.3267578125, 62.830859375, 0.466796875])
array('d', [-88.0845703125, -0.3267578125, 62.830859375, -3.641015625])
array('d', [-88.0845703125, -0.3267578125, 62.830859375, -3.641015625])
array('d', [-86.54414062500001, -0.09335937500000001, 62.92421875, -3.641015625])
array('d', [-86.917578125, 0.1400390625, 63.2509765625, 0.466796875])
array('d', [-88.0845703125, 0.3267578125, 63.5310546875, 0.653515625])
array('d', [-88.0845703125, 0.3267578125, 63.5310546875, 0.653515625])
array('d', [-87.6177734375, 0.37343750000000003, 63.2509765625, -0.466796875])
array('d', [-86.6375, 0.280078125, 63.110937500000006, 0.466796875])
array('d', [-86.6375, 0.280078125, 63.0642578125, 0.8869140625])
array('d', [-86.6375, 0.280078125, 63.0642578125, 0.8869140625])
array('d', [-86.6375, 0.280078125, 63.0642578125, 0.8869140625])
array('d', [-86.6375, 0.280078125, 63.0642578125, 0.8869140625])
array('d', [-86.6375, 0.280078125, 63.0642578125, 0.8869140625])
array('d', [-87.6177734375, 0.1400390625, 63.0642578125, -0.046679687500000004])
array('d', [-87.3376953125, -0.466796875, 63.391015625, -0.046679687500000004])
array('d', [-88.037890625, -0.3267578125, 63.017578125, -0.046679687500000004])
array('d', [-88.037890625, -0.56015625, 63.391015625, -0.046679687500000004])
array('d', [-87.3376953125, -0.56015625, 63.391015625, -0.046679687500000004])
array('d', [-86.2173828125, 0.0, 63.2509765625, 1.773828125])
array('d', [-88.037890625, -0.2333984375, 62.970898437500004, -0.7468750000000001])
array('d', [-88.037890625, -0.2333984375, 63.5310546875, -0.6068359375])
array('d', [-88.7380859375, 0.280078125, 63.5310546875, -0.6068359375])
array('d', [-87.94453125000001, -0.046679687500000004, 63.391015625, 1.30703125])
array('d', [-88.037890625, 0.37343750000000003, 63.2509765625, 0.2333984375])
array('d', [-88.037890625, 0.37343750000000003, 63.2509765625, 0.2333984375])
array('d', [-88.037890625, 0.09335937500000001, 63.29765625, -0.2333984375])
array('d', [-88.037890625, 0.09335937500000001, 63.29765625, -1.1669921875])
array('d', [-87.3376953125, -0.42011718750000004, 62.92421875, -1.1669921875])
array('d', [-87.3376953125, -0.42011718750000004, 62.92421875, -1.1669921875])
array('d', [-87.3376953125, -0.42011718750000004, 62.92421875, -1.1669921875])
array('d', [-88.037890625, -0.3267578125, 62.970898437500004, 0.653515625])
array('d', [-86.917578125, -0.1400390625, 62.830859375, 0.2333984375])
array('d', [-87.6177734375, 0.280078125, 62.830859375, -0.2333984375])
array('d', [-87.6177734375, 0.280078125, 62.830859375, -0.2333984375])
array('d', [-87.89785156250001, 0.18671875000000002, 63.017578125, 0.2333984375])
array('d', [-86.07734375000001, 0.37343750000000003, 62.830859375, 0.2333984375])
array('d', [-86.917578125, -0.1400390625, 63.344335937500006, 0.37343750000000003])
array('d', [-86.917578125, -0.1400390625, 63.344335937500006, 0.37343750000000003])
array('d', [-86.917578125, -0.1400390625, 63.204296875000004, -0.2333984375])
array('d', [-86.49746093750001, -0.7935546875, 63.204296875000004, -0.2333984375])
array('d', [-86.77753906250001, -0.2333984375, 62.3173828125, -0.2333984375])
array('d', [-86.77753906250001, -0.2333984375, 63.8578125, -0.2333984375])
array('d', [-88.17792968750001, -0.7001953125, 62.970898437500004, -0.5134765625000001])
array('d', [-87.384375, -0.2333984375, 62.970898437500004, -0.5134765625000001])
array('d', [-87.19765625000001, -0.09335937500000001, 62.970898437500004, -0.5134765625000001])
array('d', [-87.19765625000001, -0.09335937500000001, 62.970898437500004, -0.5134765625000001])
array('d', [-87.19765625000001, -0.09335937500000001, 62.970898437500004, -0.5134765625000001])
array('d', [-86.96425781250001, -0.37343750000000003, 63.110937500000006, 0.466796875])
array('d', [-86.96425781250001, -0.37343750000000003, 63.7177734375, -0.2333984375])
array('d', [-86.26406250000001, -0.18671875000000002, 63.7177734375, -0.2333984375])
array('d', [-87.89785156250001, -0.09335937500000001, 63.391015625, -0.5134765625000001])
array('d', [-87.66445312500001, 0.046679687500000004, 63.391015625, 0.5134765625000001])
array('d', [-87.66445312500001, 0.046679687500000004, 63.391015625, 0.5134765625000001])
array('d', [-88.69140625, -0.046679687500000004, 63.017578125, 0.09335937500000001])
array('d', [-87.5244140625, -0.09335937500000001, 63.7177734375, 0.2333984375])
array('d', [-87.291015625, 0.3267578125, 63.391015625, 0.09335937500000001])
array('d', [-87.291015625, 0.3267578125, 63.391015625, -0.37343750000000003])
array('d', [-88.0845703125, -0.09335937500000001, 63.5310546875, -0.37343750000000003])
array('d', [-87.104296875, -0.09335937500000001, 63.29765625, -0.5134765625000001])
array('d', [-87.291015625, 0.046679687500000004, 63.2509765625, -0.046679687500000004])
array('d', [-87.291015625, 0.046679687500000004, 63.2509765625, -0.046679687500000004])
array('d', [-87.291015625, 0.046679687500000004, 63.2509765625, -0.046679687500000004])
array('d', [-87.291015625, 0.046679687500000004, 63.2509765625, -0.046679687500000004])
array('d', [-87.57109375, -0.09335937500000001, 62.970898437500004, -1.3537109375])
array('d', [-88.13125000000001, 0.18671875000000002, 62.970898437500004, -1.3537109375])
array('d', [-87.43105468750001, -0.2333984375, 63.671093750000004, -0.93359375])
array('d', [-87.43105468750001, -0.2333984375, 63.671093750000004, -0.93359375])
array('d', [-87.1509765625, -0.09335937500000001, 63.0642578125, -0.93359375])
array('d', [-87.1509765625, 0.046679687500000004, 63.5310546875, -0.2333984375])
array('d', [-87.1509765625, 0.046679687500000004, 63.110937500000006, 0.3267578125])
array('d', [-86.54414062500001, 0.046679687500000004, 63.110937500000006, 0.3267578125])
array('d', [-86.82421875, 0.6068359375, 63.344335937500006, 0.09335937500000001])
array('d', [-88.2712890625, 0.18671875000000002, 63.29765625, -0.93359375])
array('d', [-86.54414062500001, 0.18671875000000002, 63.29765625, -0.93359375])
array('d', [-86.54414062500001, 0.18671875000000002, 63.29765625, -0.93359375])
array('d', [-86.54414062500001, 0.18671875000000002, 63.29765625, -0.93359375])
array('d', [-86.54414062500001, -0.09335937500000001, 64.137890625, -0.7935546875])
array('d', [-87.851171875, 0.18671875000000002, 62.644140625000006, 0.653515625])
array('d', [-86.03066406250001, -0.2333984375, 63.110937500000006, 1.213671875])
array('d', [-86.03066406250001, -0.2333984375, 63.110937500000006, 1.213671875])
array('d', [-86.03066406250001, -0.2333984375, 63.110937500000006, 1.213671875])
array('d', [-86.03066406250001, -0.2333984375, 63.110937500000006, 1.213671875])
array('d', [-86.03066406250001, -0.2333984375, 63.110937500000006, 1.213671875])
array('d', [-87.5244140625, 0.18671875000000002, 62.92421875, -0.5134765625000001])
array('d', [-87.01093750000001, 0.046679687500000004, 63.437695312500004, 0.5134765625000001])
array('d', [-87.01093750000001, -0.2333984375, 63.29765625, -0.2333984375])
array('d', [-87.01093750000001, -0.2333984375, 63.29765625, 0.37343750000000003])
array('d', [-89.3916015625, -0.09335937500000001, 63.29765625, 0.37343750000000003])
array('d', [-87.3376953125, -0.3267578125, 63.204296875000004, 0.2333984375])
array('d', [-87.3376953125, 0.1400390625, 63.437695312500004, 0.37343750000000003])
array('d', [-87.7578125, 0.1400390625, 63.437695312500004, 0.37343750000000003])
array('d', [-87.3376953125, -0.1400390625, 62.55078125, 0.09335937500000001])
array('d', [-87.3376953125, -0.2333984375, 62.92421875, 1.773828125])
array('d', [-86.357421875, -0.2333984375, 62.3173828125, 0.93359375])
array('d', [-86.357421875, -0.1400390625, 62.3173828125, 0.93359375])
array('d', [-87.291015625, -0.3267578125, 63.344335937500006, 0.653515625])
array('d', [-87.89785156250001, 0.56015625, 63.110937500000006, -0.2333984375])
array('d', [-87.89785156250001, 0.56015625, 63.110937500000006, -0.2333984375])
array('d', [-87.89785156250001, 0.56015625, 63.110937500000006, -0.2333984375])
array('d', [-87.89785156250001, 0.56015625, 63.110937500000006, -0.2333984375])
array('d', [-87.291015625, 0.046679687500000004, 63.437695312500004, 0.09335937500000001])
array('d', [-87.291015625, 0.653515625, 63.2509765625, -0.046679687500000004])
array('d', [-86.77753906250001, 0.653515625, 63.2509765625, -0.046679687500000004])
array('d', [-86.77753906250001, 0.653515625, 63.2509765625, -0.046679687500000004])
array('d', [-86.77753906250001, 0.653515625, 63.2509765625, -0.046679687500000004])
array('d', [-86.4041015625, 0.42011718750000004, 63.344335937500006, -0.93359375])
array('d', [-87.291015625, 0.42011718750000004, 63.110937500000006, -0.93359375])
array('d', [-87.291015625, 0.42011718750000004, 63.110937500000006, -0.93359375])
array('d', [-86.6375, -0.42011718750000004, 63.437695312500004, -0.5134765625000001])
array('d', [-87.104296875, -0.18671875000000002, 63.29765625, 0.2333984375])
array('d', [-94.5263671875, -6.815234375, 77.208203125, 13.9572265625])
array('d', [-94.5263671875, -6.815234375, 77.208203125, 13.9572265625])
array('d', [-95.9734375, -9.0091796875, 93.03261718750001, 31.6955078125])
array('d', [-98.63417968750001, -12.5568359375, 98.02734375, 41.871679687500006])
array('d', [-98.63417968750001, -12.5568359375, 93.5927734375, 49.387109375])
array('d', [-99.987890625, -12.976953125000001, 93.5927734375, 49.387109375])
array('d', [-101.43496093750001, -16.9447265625, 86.96425781250001, 56.6224609375])
array('d', [-106.38300781250001, -19.8388671875, 78.701953125, 64.55800781250001])
array('d', [-106.38300781250001, -19.8388671875, 78.701953125, 64.55800781250001])
array('d', [-108.5302734375, -23.71328125, 76.22792968750001, 73.1470703125])
array('d', [-111.70449218750001, -27.0275390625, 66.65859375000001, 79.635546875])
array('d', [-114.2251953125, -28.7080078125, 67.77890625, 89.2048828125])
array('d', [-114.2251953125, -28.7080078125, 67.77890625, 89.2048828125])
array('d', [-114.2251953125, -28.7080078125, 67.77890625, 89.2048828125])
array('d', [-115.3455078125, -31.275390625, 62.644140625000006, 94.10625])
array('d', [-115.3455078125, -31.275390625, 66.5185546875, 102.0884765625])
array('d', [-117.30605468750001, -33.8427734375, 66.5185546875, 102.0884765625])
array('d', [-120.900390625, -36.7369140625, 61.990625, 108.9970703125])
array('d', [-133.08378906250002, -40.8447265625, 44.3923828125, 133.1771484375])
array('d', [-133.08378906250002, -40.8447265625, 44.3923828125, 133.4572265625])
array('d', [-133.3638671875, -38.27734375, 44.532421875000004, 133.4572265625])
array('d', [-134.4375, -35.3365234375, 39.164257812500004, 133.690625])
array('d', [-133.3638671875, -33.562695312500004, 27.7744140625, 133.13046875])
array('d', [-133.3638671875, -33.562695312500004, 27.7744140625, 134.0640625])
array('d', [-133.3638671875, -33.562695312500004, 27.7744140625, 134.0640625])
array('d', [-133.3638671875, -33.562695312500004, 27.7744140625, 134.0640625])
array('d', [-134.71757812500002, -32.022265625, 25.4404296875, 132.85039062500002])
array('d', [-133.13046875, -33.702734375, 29.6416015625, 132.85039062500002])
array('d', [-133.970703125, -33.9828125, 27.821093750000003, 130.4697265625])
array('d', [-133.970703125, -36.0833984375, 27.6810546875, 133.690625])
array('d', [-132.7103515625, -36.0833984375, 27.6810546875, 133.690625])
array('d', [-133.037109375, -35.85, 29.5482421875, 133.970703125])
array('d', [-133.223828125, -35.28984375, 28.988085937500003, 133.4572265625])
array('d', [-133.223828125, -35.28984375, 28.988085937500003, 32.955859375])
array('d', [-132.75703125, -35.756640625, 27.0275390625, 32.955859375])
array('d', [-134.1107421875, -39.864453125000004, 28.661328125, 22.59296875])
array('d', [-106.33632812500001, -8.77578125, 43.4587890625, 36.7369140625])
array('d', [-106.33632812500001, -8.77578125, 43.4587890625, 36.7369140625])
array('d', [-106.33632812500001, -8.77578125, 43.4587890625, 36.7369140625])
array('d', [-106.33632812500001, -8.77578125, 43.4587890625, 36.7369140625])
array('d', [-103.6755859375, -4.3412109375000005, 44.439062500000006, 37.997265625000004])
array('d', [-97.7939453125, -6.2083984375000005, 44.3923828125, 37.9505859375])
array('d', [-94.759765625, -5.5082031250000005, 44.9525390625, 38.8841796875])
array('d', [-94.759765625, -5.5082031250000005, 44.9525390625, 44.62578125])
array('d', [-83.97675781250001, -0.6068359375, 48.406835937500006, 44.62578125])
array('d', [-83.8833984375, 3.17421875, 47.473242187500006, 46.3529296875])
array('d', [-80.2423828125, 6.3951171875, 48.266796875000004, 46.3529296875])
array('d', [-80.2423828125, 6.3951171875, 48.266796875000004, 46.3529296875])
array('d', [-80.2423828125, 6.3951171875, 48.266796875000004, 46.3529296875])
array('d', [-80.2423828125, 6.3951171875, 48.266796875000004, 16.337890625])
array('d', [-82.249609375, 9.382617187500001, 50.040625000000006, 16.337890625])
array('d', [-80.755859375, 8.1689453125, 56.202343750000004, 10.2228515625])
array('d', [-80.755859375, 8.1689453125, 56.202343750000004, 10.2228515625])
array('d', [-80.755859375, 8.1689453125, 56.202343750000004, 10.2228515625])
array('d', [-82.76308593750001, 6.255078125000001, 57.976171875000006, 8.122265625])
array('d', [-79.5888671875, 4.0611328125, 57.135937500000004, 7.28203125])
array('d', [-79.5888671875, 2.9408203125, 57.135937500000004, 3.8277343750000004])
array('d', [-77.955078125, 2.9408203125, 57.135937500000004, 3.8277343750000004])
array('d', [-77.768359375, 3.3142578125, 56.108984375000006, 4.29453125])
array('d', [-76.087890625, 4.948046875, 56.5291015625, 3.5943359375000004])
array('d', [-75.29433593750001, 3.7810546875, 57.416015625, 3.5943359375000004])
array('d', [-75.29433593750001, 3.7810546875, 57.416015625, 3.5943359375000004])
array('d', [-75.29433593750001, 3.7810546875, 57.416015625, 3.5943359375000004])
array('d', [-75.29433593750001, 3.7810546875, 57.416015625, 2.6607421875000004])
array('d', [-77.2548828125, 2.0072265625, 56.809179687500006, 2.6607421875000004])
array('d', [-76.648046875, 1.2603515625000001, 57.369335937500004, 0.93359375])
array('d', [-76.648046875, 1.2603515625000001, 57.369335937500004, 0.93359375])
array('d', [-77.7216796875, 1.2603515625000001, 56.575781250000006, -0.046679687500000004])
array('d', [-76.69472656250001, -0.6068359375, 56.1556640625, -0.42011718750000004])
array('d', [-76.69472656250001, -0.6068359375, 56.1556640625, 0.42011718750000004])
array('d', [-75.901171875, -1.2603515625000001, 56.1556640625, 0.42011718750000004])
array('d', [-76.69472656250001, 0.18671875000000002, 56.202343750000004, -0.09335937500000001])
array('d', [-77.768359375, 0.1400390625, 56.1556640625, 0.7001953125])
array('d', [-77.768359375, 1.2603515625000001, 55.875585937500006, 0.7468750000000001])
array('d', [-78.515234375, 1.2603515625000001, 55.875585937500006, 0.7468750000000001])
array('d', [-77.7216796875, -0.2333984375, 56.108984375000006, 0.3267578125])
array('d', [-77.675, -0.2333984375, 55.735546875000004, -0.1400390625])
array('d', [-77.675, 0.466796875, 56.435742187500004, 0.280078125])
array('d', [-77.675, 0.466796875, 56.435742187500004, 0.280078125])
array('d', [-78.421875, -0.280078125, 56.295703125, 0.3267578125])
array('d', [-76.6013671875, 0.8869140625, 55.5955078125, -0.09335937500000001])
array('d', [-76.6013671875, 0.466796875, 56.015625, -0.046679687500000004])
array('d', [-76.22792968750001, 0.466796875, 56.015625, 1.1203125])
array('d', [-77.3015625, 0.1400390625, 56.1556640625, 1.1203125])
array('d', [-76.5546875, 0.466796875, 56.669140625000004, -0.466796875])
array('d', [-76.5546875, 0.466796875, 56.669140625000004, -0.466796875])
array('d', [-76.9748046875, -0.9802734375000001, 56.1556640625, 0.7001953125])
array('d', [-78.09511718750001, -0.653515625, 56.575781250000006, -0.09335937500000001])
array('d', [-78.09511718750001, 0.8869140625, 56.575781250000006, -0.09335937500000001])
array('d', [-77.3015625, 0.8869140625, 55.735546875000004, 0.280078125])
array('d', [-77.675, 0.466796875, 55.735546875000004, 0.280078125])
array('d', [-76.6013671875, 0.09335937500000001, 56.295703125, -0.046679687500000004])
array('d', [-75.8544921875, -1.0269531250000001, 53.4482421875, -1.9605468750000001])
array('d', [-75.8544921875, -1.0269531250000001, 53.4482421875, -2.6607421875000004])
array('d', [-75.8544921875, 2.0539062500000003, 53.168164062500004, -2.6607421875000004])
array('d', [-74.3140625, 3.080859375, 52.374609375000006, -3.2208984375000003])
array('d', [-72.166796875, 4.6212890625, 49.9939453125, -5.228125])
array('d', [-72.166796875, 4.948046875, 48.453515625, -6.2083984375000005])
array('d', [-71.419921875, 4.948046875, 48.453515625, -6.2083984375000005])
array('d', [-69.22597656250001, 4.948046875, 48.453515625, -6.2083984375000005])
array('d', [-69.22597656250001, 5.788281250000001, 47.940039062500006, -7.2353515625])
array('d', [-66.471875, 10.176171875, 43.6455078125, -10.783007812500001])
array('d', [-66.3318359375, 10.176171875, 43.6455078125, -14.750781250000001])
array('d', [-63.6244140625, 12.696875, 40.798046875000004, -14.750781250000001])
array('d', [-60.1234375, 14.750781250000001, 40.3779296875, -17.458203125])
array('d', [-57.4626953125, 17.364843750000002, 34.3095703125, -19.512109375])
array('d', [-57.4626953125, 17.364843750000002, 34.3095703125, -19.512109375])
array('d', [-57.4626953125, 17.364843750000002, 32.9091796875, -22.919726562500003])
array('d', [-54.521875, 20.632421875000002, 32.9091796875, -24.180078125])
array('d', [-51.8611328125, 24.6935546875, 30.1083984375, -24.180078125])
array('d', [-47.800000000000004, 27.2142578125, 26.654101562500003, -26.980859375])
array('d', [-47.800000000000004, 31.648828125, 25.066992187500002, -28.988085937500003])
array('d', [-44.0189453125, 31.648828125, 21.986132812500003, -32.862500000000004])
array('d', [-44.0189453125, 31.648828125, 21.986132812500003, -32.862500000000004])
array('d', [-41.825, 37.8572265625, 18.48515625, -36.1767578125])
array('d', [-36.6435546875, 37.8572265625, 18.48515625, -37.997265625000004])
array('d', [-33.0025390625, 41.498242187500004, 16.0578125, -37.997265625000004])
array('d', [-33.0025390625, 41.498242187500004, 16.0578125, -37.997265625000004])
array('d', [-33.0025390625, 41.498242187500004, 16.0578125, -37.997265625000004])
array('d', [-30.528515625, 44.1123046875, 15.49765625, -40.1912109375])
array('d', [-28.661328125, 47.4265625, 14.283984375000001, -41.404882812500006])
array('d', [16.2912109375, 94.573046875, -32.4423828125, -73.2404296875])
array('d', [20.258984375, 96.440234375, -35.103125, -73.0537109375])
array('d', [21.7060546875, 97.74726562500001, -36.78359375, -75.901171875])
array('d', [21.7060546875, 107.97011718750001, -39.631054687500004, -74.3140625])
array('d', [31.555468750000003, 107.97011718750001, -39.631054687500004, -78.515234375])
array('d', [34.91640625, 113.33828125000001, -53.7283203125, -78.515234375])
array('d', [38.464062500000004, 115.8123046875, -59.376562500000006, -77.11484375])
array('d', [40.097851562500004, 116.88593750000001, -62.877539062500006, -76.087890625])
array('d', [40.097851562500004, 116.88593750000001, -62.877539062500006, -76.087890625])
array('d', [44.299023437500004, 120.99375, -68.619140625, -71.9333984375])
array('d', [46.4462890625, 126.0818359375, -74.59414062500001, -70.3462890625])
array('d', [46.4462890625, 125.8951171875, -81.409375, -70.3462890625])
array('d', [46.4462890625, 125.8951171875, -81.409375, -70.3462890625])
array('d', [48.1267578125, 127.90234375, -84.21015625000001, -68.0123046875])
array('d', [48.1267578125, 127.90234375, -88.037890625, -67.35878906250001])
array('d', [50.974218750000006, 129.81621093750002, -88.037890625, -67.03203125])
array('d', [52.09453125, 129.4427734375, -94.29296875, -67.03203125])
array('d', [52.4212890625, 129.5361328125, -98.44746093750001, -62.037304687500004])
array('d', [52.5146484375, 133.223828125, -103.25546875, -52.701367187500004])
array('d', [52.5146484375, 133.223828125, -103.25546875, -52.701367187500004])
array('d', [50.367382812500004, 134.6708984375, -107.50332031250001, -47.800000000000004])
array('d', [46.586328125, 134.8109375, -112.17128906250001, -42.01171875])
array('d', [46.586328125, 134.8109375, -114.925390625, -33.562695312500004])
array('d', [48.266796875000004, 133.6439453125, -114.925390625, -33.562695312500004])
array('d', [49.1537109375, 133.13046875, -120.43359375, -29.921679687500003])
array('d', [44.765820312500004, 134.4375, -126.501953125, -35.103125])
array('d', [44.765820312500004, 134.4375, -126.501953125, -35.383203125])
array('d', [44.765820312500004, 134.4375, -126.501953125, -35.383203125])
array('d', [44.765820312500004, 134.4375, -126.501953125, -35.383203125])
array('d', [44.765820312500004, 134.4375, -126.501953125, -35.383203125])
array('d', [44.765820312500004, 134.4375, -126.501953125, -35.383203125])
array('d', [40.8447265625, 134.344140625, -127.248828125, -35.383203125])
array('d', [39.3509765625, 134.157421875, -131.91679687500002, -31.7421875])
array('d', [44.158984375, 132.5236328125, -133.50390625, -30.621875000000003])
array('d', [44.158984375, 134.2974609375, -133.690625, -27.634375000000002])
array('d', [45.0458984375, 134.2974609375, -134.530859375, -25.673828125])
array('d', [46.7263671875, 135.0443359375, -134.3908203125, -29.408203125])
array('d', [46.7263671875, 135.0443359375, -134.3908203125, -29.408203125])
array('d', [41.871679687500006, 133.1771484375, -134.5775390625, -35.85])
array('d', [41.871679687500006, 133.1771484375, -134.5775390625, -43.31875])
array('d', [42.851953125, 135.1376953125, -133.50390625, -43.31875])
array('d', [42.38515625, 134.48417968750002, -134.48417968750002, -45.092578125])
array('d', [45.699414062500004, 133.4572265625, -133.78398437500002, -44.4857421875])
array('d', [52.187890625, 134.1107421875, -134.25078125000002, -43.1787109375])
array('d', [52.187890625, 134.1107421875, -134.25078125000002, -44.62578125])
array('d', [53.21484375, 134.530859375, -133.970703125, -44.62578125])
array('d', [40.7046875, 134.2974609375, -132.9904296875, -39.7244140625])
array('d', [42.105078125000006, 133.4572265625, -134.95097656250002, -37.3904296875])
array('d', [40.984765625, 134.0640625, -133.970703125, -35.896679687500004])
array('d', [41.3115234375, 134.0640625, -133.970703125, -35.896679687500004])
array('d', [41.3115234375, 134.0640625, -133.970703125, -35.896679687500004])
array('d', [41.3115234375, 134.0640625, -133.970703125, -35.896679687500004])
array('d', [41.3115234375, 134.157421875, -134.99765625, -37.8572265625])
array('d', [42.7119140625, 133.970703125, -135.464453125, -37.5771484375])
array('d', [42.7119140625, 133.970703125, -133.7373046875, -37.763867187500004])
array('d', [42.7119140625, 133.970703125, -133.7373046875, -37.763867187500004])
array('d', [42.7119140625, 133.970703125, -133.7373046875, -37.763867187500004])
array('d', [42.7119140625, 133.970703125, -133.7373046875, -37.763867187500004])
array('d', [38.7908203125, 133.87734375, -134.8109375, -38.744140625])
array('d', [38.7908203125, 133.87734375, -133.87734375, -42.431835937500004])
array('d', [41.264843750000004, 134.1107421875, -133.87734375, -42.431835937500004])
array('d', [43.1787109375, 134.0640625, -132.8037109375, -42.338476562500006])
array('d', [42.6185546875, 133.037109375, -132.94375, -39.304296875])
array('d', [42.6185546875, 133.037109375, -133.1771484375, -38.230664062500004])
array('d', [42.38515625, 133.13046875, -133.1771484375, -38.230664062500004])
array('d', [38.9775390625, 133.13046875, -134.344140625, -38.230664062500004])
array('d', [39.7244140625, 133.970703125, -133.50390625, -39.2576171875])
array('d', [39.7244140625, 133.2705078125, -133.1771484375, -37.2037109375])
array('d', [35.9900390625, 133.2705078125, -133.1771484375, -37.2037109375])
array('d', [37.6705078125, 133.6439453125, -134.8109375, -37.5771484375])
array('d', [40.097851562500004, 133.690625, -134.0640625, -33.1892578125])
array('d', [40.097851562500004, 133.3638671875, -133.87734375, -32.5357421875])
array('d', [39.8177734375, 133.3638671875, -133.87734375, -32.5357421875])
array('d', [37.34375, 134.904296875, -133.223828125, -37.3904296875])
array('d', [34.8697265625, 133.4572265625, -134.904296875, -38.744140625])
array('d', [34.8697265625, 133.4572265625, -134.904296875, -38.744140625])
array('d', [34.8697265625, 133.4572265625, -134.904296875, -38.744140625])
array('d', [34.54296875, 134.2041015625, -133.31718750000002, -37.7171875])
array('d', [32.7224609375, 133.87734375, -134.62421875, -36.9236328125])
array('d', [37.763867187500004, 133.87734375, -132.15019531250002, -35.0564453125])
array('d', [37.763867187500004, 133.87734375, -132.94375, -35.85])
array('d', [35.6166015625, 133.87734375, -132.94375, -35.85])
array('d', [35.5232421875, 133.6439453125, -134.1107421875, -37.3904296875])
array('d', [41.3115234375, 133.970703125, -134.1107421875, -37.3904296875])
array('d', [41.3115234375, 133.970703125, -134.344140625, -37.9505859375])
array('d', [37.530468750000004, 133.970703125, -134.2041015625, -38.1373046875])
array('d', [38.744140625, 133.3638671875, -134.2041015625, -38.4173828125])
array('d', [38.744140625, 133.3638671875, -135.0443359375, -38.230664062500004])
array('d', [42.0583984375, 133.4572265625, -135.0443359375, -38.230664062500004])
array('d', [39.2109375, 134.0640625, -134.25078125000002, -38.0439453125])
array('d', [39.0708984375, 133.87734375, -134.530859375, -38.7908203125])
array('d', [39.0708984375, 133.87734375, -134.530859375, -38.7908203125])
array('d', [39.0708984375, 133.87734375, -134.530859375, -38.7908203125])
array('d', [39.0708984375, 133.87734375, -134.530859375, -38.7908203125])
array('d', [39.0708984375, 133.87734375, -134.530859375, -38.7908203125])
array('d', [39.304296875, 133.55058593750002, -133.597265625, -38.0439453125])
array('d', [39.304296875, 133.55058593750002, -133.597265625, -35.9900390625])
array('d', [36.876953125, 133.6439453125, -133.597265625, -35.9900390625])
array('d', [37.4837890625, 133.6439453125, -132.8037109375, -36.363476562500004])
array('d', [37.4837890625, 133.87734375, -134.48417968750002, -34.729687500000004])
array('d', [38.8841796875, 133.87734375, -134.48417968750002, -34.729687500000004])
array('d', [38.9775390625, 133.3638671875, -133.410546875, -34.16953125])
array('d', [37.3904296875, 133.87734375, -133.78398437500002, -35.663281250000004])
array('d', [37.3904296875, 133.87734375, -133.6439453125, -38.3240234375])
array('d', [38.8841796875, 133.87734375, -133.6439453125, -38.3240234375])
array('d', [41.731640625000004, 133.6439453125, -134.71757812500002, -38.3240234375])
array('d', [41.731640625000004, 133.6439453125, -134.71757812500002, -38.3240234375])
array('d', [41.731640625000004, 133.6439453125, -134.71757812500002, -40.89140625])
array('d', [39.77109375, 133.87734375, -133.9240234375, -40.2845703125])
array('d', [40.331250000000004, 133.6439453125, -132.663671875, -39.631054687500004])
array('d', [40.331250000000004, 133.6439453125, -132.663671875, -37.810546875])
array('d', [42.7119140625, 133.4572265625, -133.6439453125, -37.810546875])
array('d', [39.164257812500004, 134.2974609375, -133.6439453125, -36.130078125000004])
array('d', [39.164257812500004, 133.6439453125, -134.157421875, -38.5107421875])
array('d', [39.02421875, 133.6439453125, -134.157421875, -38.5107421875])
array('d', [38.697460937500004, 133.55058593750002, -133.690625, -38.1373046875])
array('d', [34.4029296875, 134.157421875, -133.6439453125, -38.5107421875])
array('d', [35.1498046875, 133.970703125, -133.55058593750002, -38.8375])
array('d', [39.631054687500004, 133.970703125, -134.344140625, -38.9775390625])
array('d', [37.7171875, 133.6439453125, -133.50390625, -35.7099609375])
array('d', [37.7171875, 133.6439453125, -133.970703125, -34.91640625])
array('d', [37.7171875, 133.6439453125, -133.970703125, -34.91640625])
array('d', [37.7171875, 133.6439453125, -133.970703125, -34.91640625])
array('d', [37.7171875, 133.6439453125, -133.970703125, -34.91640625])
array('d', [39.864453125000004, 134.0640625, -133.970703125, -34.91640625])
array('d', [38.3240234375, 133.78398437500002, -133.4572265625, -34.6830078125])
array('d', [37.1103515625, 134.0640625, -134.2974609375, -35.103125])
array('d', [37.1103515625, 134.0640625, -134.2974609375, -35.103125])
array('d', [37.1103515625, 134.0640625, -134.2974609375, -35.103125])
array('d', [39.677734375, 134.1107421875, -133.7373046875, -37.2037109375])
array('d', [42.0583984375, 133.87734375, -134.95097656250002, -36.6435546875])
array('d', [42.0583984375, 133.55058593750002, -132.94375, -37.0169921875])
array('d', [42.0583984375, 133.55058593750002, -132.94375, -37.0169921875])
array('d', [42.0583984375, 133.55058593750002, -132.94375, -37.0169921875])
array('d', [39.9111328125, 133.4572265625, -134.48417968750002, -35.2431640625])
array('d', [39.9111328125, 133.4572265625, -134.48417968750002, -36.2234375])
array('d', [37.250390625, 134.3908203125, -134.4375, -36.2234375])
array('d', [37.250390625, 133.3638671875, -134.4375, -36.9236328125])
array('d', [36.690234375, 133.3638671875, -134.5775390625, -36.876953125])
array('d', [33.8427734375, 133.55058593750002, -134.5775390625, -36.876953125])
array('d', [37.2037109375, 134.62421875, -133.55058593750002, -38.930859375000004])
array('d', [37.2037109375, 133.3638671875, -133.1771484375, -41.358203125])
array('d', [36.316796875, 133.3638671875, -133.1771484375, -41.358203125])
array('d', [33.329296875000004, 133.6439453125, -133.87734375, -39.8177734375])
array('d', [34.5896484375, 134.157421875, -133.690625, -37.15703125])
array('d', [34.5896484375, 134.157421875, -133.690625, -37.15703125])
array('d', [36.7369140625, 133.970703125, -133.8306640625, -37.15703125])
array('d', [32.955859375, 133.78398437500002, -133.08378906250002, -37.15703125])
array('d', [32.955859375, 133.78398437500002, -133.31718750000002, -34.449609375])
array('d', [32.955859375, 133.78398437500002, -133.31718750000002, -34.449609375])
array('d', [30.715234375, 133.55058593750002, -133.31718750000002, -34.449609375])
array('d', [33.2359375, 133.78398437500002, -134.01738281250002, -33.6560546875])
array('d', [34.7763671875, 134.0640625, -133.410546875, -33.8427734375])
array('d', [34.7763671875, 134.0640625, -133.223828125, -36.5501953125])
array('d', [34.35625, 134.157421875, -133.223828125, -36.5501953125])
array('d', [33.04921875, 133.78398437500002, -133.970703125, -35.3365234375])
array('d', [35.196484375000004, 133.6439453125, -134.530859375, -36.6435546875])
array('d', [35.196484375000004, 133.6439453125, -134.530859375, -36.6435546875])
array('d', [35.196484375000004, 133.6439453125, -134.530859375, -36.6435546875])
array('d', [34.4029296875, 133.78398437500002, -133.4572265625, -34.2162109375])
array('d', [34.4029296875, 133.87734375, -133.6439453125, -34.2162109375])
array('d', [33.562695312500004, 133.87734375, -133.6439453125, -34.2162109375])
array('d', [33.562695312500004, 133.87734375, -133.6439453125, -34.2162109375])
array('d', [33.562695312500004, 133.87734375, -133.6439453125, -34.2162109375])
array('d', [33.562695312500004, 133.87734375, -133.6439453125, -34.2162109375])
array('d', [34.6830078125, 133.970703125, -133.50390625, -36.1767578125])
array('d', [36.6435546875, 133.970703125, -132.94375, -37.8572265625])
array('d', [36.6435546875, 134.2974609375, -135.0443359375, -38.65078125])
array('d', [37.4837890625, 134.2974609375, -135.0443359375, -38.65078125])
array('d', [35.4765625, 133.6439453125, -133.50390625, -37.2037109375])
array('d', [34.076171875, 134.157421875, -134.01738281250002, -36.6435546875])
array('d', [34.076171875, 134.157421875, -133.3638671875, -34.636328125])
array('d', [29.688281250000003, 33.4693359375, -133.3638671875, -34.636328125])
array('d', [32.2556640625, 27.120898437500003, -133.55058593750002, -33.516015625])
array('d', [32.2556640625, 13.9572265625, -134.62421875, -34.823046875])
array('d', [40.798046875000004, 13.9572265625, -134.62421875, -34.823046875])
array('d', [41.1248046875, 25.4404296875, -133.31718750000002, -30.155078125000003])
array('d', [43.738867187500006, 26.5140625, -125.194921875, -27.167578125000002])
array('d', [45.839453125000006, 25.9072265625, -118.05292968750001, -22.873046875])
array('d', [45.839453125000006, 25.9072265625, -118.05292968750001, -22.873046875])
array('d', [45.839453125000006, 25.9072265625, -118.05292968750001, -22.873046875])
array('d', [46.306250000000006, 29.034765625000002, -114.1318359375, -18.2517578125])
array('d', [46.306250000000006, 29.034765625000002, -110.9576171875, -17.644921875])
array('d', [44.672460937500006, 32.4890625, -110.9576171875, -17.644921875])
array('d', [38.697460937500004, 34.8697265625, -107.26992187500001, -14.750781250000001])
array('d', [43.0853515625, 38.4173828125, -101.76171875, -7.1419921875000005])
array('d', [46.306250000000006, 39.0708984375, -98.5875, -3.0341796875])
array('d', [46.306250000000006, 39.0708984375, -98.5875, -3.0341796875])
array('d', [46.306250000000006, 39.0708984375, -98.5875, -3.0341796875])
array('d', [46.306250000000006, 40.6580078125, -96.6736328125, 0.2333984375])
array('d', [49.013671875, 40.6580078125, -96.6736328125, 0.2333984375])
array('d', [47.006445312500006, 40.8447265625, -92.1923828125, 4.66796875])
array('d', [47.7533203125, 40.8447265625, -92.1923828125, 5.134765625])
array('d', [47.7533203125, 41.078125, -85.0037109375, 4.5746093750000005])
array('d', [47.3798828125, 41.358203125, -85.0037109375, 4.5746093750000005])
array('d', [44.25234375, 40.89140625, -83.8833984375, 4.9013671875])
array('d', [44.25234375, 40.89140625, -83.8833984375, 4.9013671875])
array('d', [41.731640625000004, 40.4712890625, -81.6427734375, 10.642968750000001])
array('d', [43.9255859375, 39.3509765625, -81.59609375000001, 10.642968750000001])
array('d', [42.571875000000006, 38.7908203125, -80.755859375, 10.876367187500001])
array('d', [44.0189453125, 40.0044921875, -81.2693359375, 12.883593750000001])
array('d', [43.598828125000004, 39.9578125, -81.0359375, 10.362890625])
array('d', [42.9919921875, 39.8177734375, -80.5224609375, 9.6626953125])
array('d', [42.9919921875, 39.8177734375, -80.5224609375, 9.6626953125])
array('d', [42.9919921875, 39.8177734375, -80.5224609375, 9.6626953125])
array('d', [41.4515625, 40.1912109375, -80.89589843750001, 6.53515625])
array('d', [41.4515625, 40.1912109375, -80.6158203125, 8.8224609375])
array('d', [42.5251953125, 41.171484375000006, -80.6158203125, 8.8224609375])
array('d', [41.544921875, 39.8177734375, -81.409375, 8.495703125])
array('d', [41.2181640625, 37.34375, -81.59609375000001, 8.915820312500001])
array('d', [41.2181640625, 37.34375, -81.59609375000001, 7.9822265625])
array('d', [41.031445312500004, 37.810546875, -83.83671875, 7.9822265625])
array('d', [41.031445312500004, 38.27734375, -82.9498046875, 6.721875000000001])
array('d', [41.871679687500006, 39.0708984375, -81.876171875, 6.3017578125])
array('d', [41.731640625000004, 6.068359375, -82.29628906250001, 0.09335937500000001])
array('d', [41.731640625000004, 6.068359375, -82.29628906250001, -0.046679687500000004])
array('d', [43.87890625, 2.42734375, -82.436328125, -0.046679687500000004])
array('d', [44.4857421875, 2.147265625, -81.7361328125, 0.280078125])
array('d', [44.4857421875, 2.147265625, -81.7361328125, 0.280078125])
array('d', [43.87890625, 1.9605468750000001, -81.59609375000001, 3.17421875])
array('d', [44.205664062500006, 1.9605468750000001, -80.9892578125, 3.17421875])
array('d', [46.866406250000004, 2.3806640625, -77.955078125, 3.3609375000000004])
array('d', [46.866406250000004, 2.3806640625, -77.955078125, 3.3609375000000004])
array('d', [47.099804687500004, 2.8941406250000004, -78.0017578125, 2.5207031250000003])
array('d', [44.999218750000004, 3.2208984375000003, -77.208203125, 3.0341796875])
array('d', [44.999218750000004, 3.2208984375000003, -76.36796875, 2.240625])
array('d', [48.36015625, 3.9677734375, -76.69472656250001, 1.7271484375000001])
array('d', [49.340429687500006, 1.6804687500000002, -76.22792968750001, 1.4937500000000001])
array('d', [49.340429687500006, 1.6804687500000002, -74.220703125, 1.30703125])
array('d', [49.340429687500006, 1.6804687500000002, -74.220703125, 1.30703125])
array('d', [50.320703125, 2.147265625, -74.220703125, 1.30703125])
array('d', [49.900585937500004, 2.6607421875000004, -73.9873046875, 1.0736328125])
array('d', [50.834179687500004, 1.773828125, -73.75390625, 2.1939453125])
array('d', [49.1537109375, 1.1203125, -72.49355468750001, 1.6804687500000002])
array('d', [49.1537109375, 2.0539062500000003, -72.96035156250001, 1.8205078125])
array('d', [49.947265625, 2.0539062500000003, -72.96035156250001, 1.8205078125])
array('d', [51.0208984375, 1.4470703125000002, -71.7, 1.773828125])
array('d', [50.5541015625, 1.4470703125000002, -71.3732421875, 2.42734375])
array('d', [50.5541015625, 1.4470703125000002, -71.88671875, 1.6804687500000002])
array('d', [51.72109375, 1.0269531250000001, -71.88671875, 1.6804687500000002])
array('d', [51.72109375, 1.0269531250000001, -71.88671875, 1.6804687500000002])
array('d', [51.72109375, 1.0269531250000001, -71.88671875, 1.6804687500000002])
array('d', [51.72109375, 1.0269531250000001, -71.88671875, 1.6804687500000002])
array('d', [50.974218750000006, 0.56015625, -72.0734375, 1.6804687500000002])
array('d', [50.5541015625, 0.42011718750000004, -71.88671875, 0.18671875000000002])
array('d', [50.5541015625, 0.1400390625, -70.953125, 1.30703125])
array('d', [51.207617187500006, 0.1400390625, -70.953125, 1.30703125])
array('d', [50.6474609375, 0.2333984375, -72.02675781250001, -0.56015625])
array('d', [51.0208984375, 0.0, -71.233203125, -0.18671875000000002])
array('d', [51.0208984375, 0.0, -71.233203125, -0.5134765625000001])
array('d', [50.600781250000004, -0.466796875, -72.353515625, -0.5134765625000001])
array('d', [50.600781250000004, -0.37343750000000003, -69.1326171875, -0.56015625])
array('d', [50.600781250000004, -0.466796875, -68.9458984375, -0.56015625])
array('d', [50.600781250000004, -0.466796875, -68.9458984375, -0.56015625])
array('d', [50.600781250000004, -0.466796875, -68.9458984375, -0.56015625])
array('d', [50.600781250000004, -0.466796875, -68.9458984375, -0.56015625])
array('d', [50.600781250000004, -0.466796875, -68.9458984375, -0.56015625])
array('d', [51.0208984375, 0.09335937500000001, -73.1470703125, -0.56015625])
array('d', [50.320703125, 0.280078125, -72.1201171875, -1.587109375])
array('d', [50.320703125, 0.09335937500000001, -71.6533203125, 0.6068359375])
array('d', [51.441015625000006, 0.09335937500000001, -71.6533203125, 0.6068359375])
array('d', [50.274023437500006, -0.1400390625, -71.980078125, -0.56015625])
array('d', [50.974218750000006, -0.3267578125, -70.7197265625, 0.56015625])
array('d', [50.6474609375, 0.6068359375, -71.980078125, 0.18671875000000002])
array('d', [50.6474609375, 0.6068359375, -71.233203125, 0.56015625])
array('d', [51.441015625000006, 0.37343750000000003, -71.233203125, 0.56015625])
array('d', [49.5271484375, -1.0736328125, -70.15957031250001, -0.18671875000000002])
array('d', [48.406835937500006, -1.8205078125, -69.69277343750001, 1.6804687500000002])
array('d', [48.406835937500006, -1.8205078125, -69.69277343750001, 2.8474609375])
array('d', [47.333203125000004, -1.6804687500000002, -69.366015625, 2.8474609375])
array('d', [46.072851562500006, -3.2208984375000003, -67.12539062500001, 3.9677734375])
array('d', [45.1859375, -4.948046875, -64.884765625, 5.788281250000001])
array('d', [45.1859375, -4.948046875, -63.437695312500004, 7.7021484375])
array('d', [43.738867187500006, -6.815234375, -63.437695312500004, 7.7021484375])
array('d', [41.731640625000004, -8.3556640625, -60.403515625000004, 9.849414062500001])
array('d', [41.544921875, -9.3359375, -59.56328125, 12.230078125])
array('d', [38.557421875, -9.3359375, -57.976171875000006, 14.750781250000001])
array('d', [38.557421875, -13.0703125, -53.308203125000006, 16.9447265625])
array('d', [37.34375, -13.0703125, -53.308203125000006, 16.9447265625])
array('d', [34.16953125, -15.030859375, -50.507421875000006, 20.865820312500002])
array('d', [32.7224609375, -16.7580078125, -48.033398437500004, 22.966406250000002])
array('d', [32.7224609375, -16.7580078125, -45.74609375, 24.553515625000003])
array('d', [30.528515625, -19.2787109375, -45.74609375, 24.553515625000003])
array('d', [27.541015625, -22.59296875, -41.544921875, 29.3615234375])
array('d', [27.541015625, -22.59296875, -41.544921875, 29.3615234375])
array('d', [27.541015625, -22.59296875, -41.544921875, 29.3615234375])
array('d', [25.8138671875, -24.740234375, -37.2037109375, 37.297070312500004])
array('d', [22.499609375000002, -26.934179687500002, -33.2826171875, 37.297070312500004])
array('d', [17.458203125, -29.8283203125, -31.602148437500002, 41.264843750000004])
array('d', [17.458203125, -33.1892578125, -27.727734375, 43.972265625000006])
array('d', [16.7580078125, -33.1892578125, -27.727734375, 47.473242187500006])
array('d', [-134.157421875, -46.166210937500004, 36.363476562500004, 134.5775390625])
array('d', [-133.78398437500002, -44.765820312500004, 41.078125, 133.037109375])
array('d', [-134.344140625, -45.9794921875, 42.851953125, 133.78398437500002])
array('d', [-134.344140625, -45.9794921875, 42.851953125, 134.7642578125])
array('d', [-133.13046875, -49.013671875, 42.431835937500004, 134.7642578125])
array('d', [-134.01738281250002, -55.08203125, 45.699414062500004, 133.50390625])
array('d', [-134.01738281250002, -53.4482421875, 43.365429687500004, 134.1107421875])
array('d', [-134.2041015625, -53.4482421875, 43.365429687500004, 134.0640625])
array('d', [-135.277734375, -50.5541015625, 42.01171875, 134.0640625])
array('d', [-133.87734375, -50.0873046875, 44.0189453125, 133.3638671875])
array('d', [-133.87734375, -50.0873046875, 44.0189453125, 133.3638671875])
array('d', [-133.87734375, -50.0873046875, 44.0189453125, 133.3638671875])
array('d', [-133.87734375, -50.0873046875, 44.0189453125, 133.3638671875])
array('d', [-133.87734375, -51.3943359375, 44.25234375, 133.50390625])
array('d', [-133.87734375, -52.748046875, 43.505468750000006, 133.9240234375])
array('d', [-133.1771484375, -52.748046875, 43.505468750000006, 134.01738281250002])
array('d', [-133.1771484375, -52.748046875, 43.505468750000006, 134.01738281250002])
array('d', [-133.6439453125, -49.29375, 45.139257812500006, 134.01738281250002])
array('d', [-133.970703125, -46.959765625, 47.6599609375, 133.4572265625])
array('d', [-133.87734375, -48.826953125, 49.9939453125, 133.55058593750002])
array('d', [-133.87734375, -48.826953125, 49.9939453125, 133.55058593750002])
array('d', [-133.7373046875, -50.320703125, 45.1859375, 134.2974609375])
array('d', [-133.690625, -49.760546875, 44.765820312500004, 133.690625])
array('d', [-133.597265625, -54.568554687500004, 49.387109375, 133.6439453125])
array('d', [-134.1107421875, -52.748046875, 50.1806640625, 133.78398437500002])
array('d', [-134.1107421875, -52.748046875, 48.500195312500004, 133.3638671875])
array('d', [-134.530859375, -54.101757812500004, 48.500195312500004, 133.3638671875])
array('d', [-133.1771484375, -55.968945312500004, 45.4193359375, 133.31718750000002])
array('d', [-133.1771484375, -55.968945312500004, 45.4193359375, 133.31718750000002])
array('d', [-133.1771484375, -55.968945312500004, 45.4193359375, 133.31718750000002])
array('d', [-134.3908203125, -57.5560546875, 50.133984375000004, 133.13046875])
array('d', [-134.3908203125, -57.5560546875, 51.067578125000004, 133.50390625])
array('d', [-134.2974609375, -57.742773437500006, 51.067578125000004, 133.50390625])
array('d', [-134.2974609375, -57.742773437500006, 49.760546875, 132.5236328125])
array('d', [-133.08378906250002, -53.7283203125, 49.760546875, 133.1771484375])
array('d', [-133.970703125, -54.6619140625, 48.873632812500006, 133.1771484375])
array('d', [-133.410546875, -57.229296875, 46.399609375000004, 134.0640625])
array('d', [-133.9240234375, -57.4626953125, 44.532421875000004, 134.2041015625])
array('d', [-133.9240234375, -57.4626953125, 44.532421875000004, 133.50390625])
array('d', [-132.5236328125, -51.767773437500004, 46.026171875, 133.50390625])
array('d', [-134.71757812500002, -47.566601562500004, 47.8466796875, 133.410546875])
array('d', [-134.71757812500002, -47.566601562500004, 47.8466796875, 133.410546875])
array('d', [-134.71757812500002, -49.0603515625, 48.033398437500004, 134.4375])
array('d', [-133.87734375, -49.0603515625, 48.033398437500004, 134.4375])
array('d', [-133.6439453125, -50.274023437500006, 48.173437500000006, 133.78398437500002])
array('d', [-133.3638671875, -49.2470703125, 45.932812500000004, 133.223828125])
array('d', [-133.3638671875, -49.2470703125, 45.932812500000004, 133.4572265625])
array('d', [-132.9904296875, -51.441015625000006, 42.338476562500006, 133.4572265625])
array('d', [-134.1107421875, -48.453515625, 41.264843750000004, 133.690625])
array('d', [-133.7373046875, -46.4462890625, 43.738867187500006, 133.31718750000002])
array('d', [-132.8970703125, -43.1787109375, 43.4587890625, 133.31718750000002])
array('d', [-132.8970703125, -43.972265625000006, 40.3779296875, 132.5703125])
array('d', [-132.8970703125, -43.972265625000006, 40.3779296875, 132.5703125])
array('d', [-133.87734375, -43.972265625000006, 40.6580078125, 133.7373046875])
array('d', [-135.37109375, -46.4462890625, 40.6580078125, 133.597265625])
array('d', [-135.5578125, -48.406835937500006, 44.205664062500006, 133.597265625])
array('d', [-135.5578125, -48.406835937500006, 44.205664062500006, 133.597265625])
array('d', [-135.5578125, -48.406835937500006, 44.205664062500006, 133.597265625])
array('d', [-133.4572265625, -47.2865234375, 43.4587890625, 133.78398437500002])
array('d', [-134.157421875, -49.5271484375, 42.5251953125, 134.25078125000002])
array('d', [-134.157421875, -49.5271484375, 42.5251953125, 134.344140625])
array('d', [-133.3638671875, -51.300976562500004, 42.198437500000004, 134.344140625])
array('d', [-134.157421875, -51.814453125, 45.466015625000004, 133.037109375])
array('d', [-134.8576171875, -54.335156250000004, 45.839453125000006, 134.344140625])
array('d', [-134.8576171875, -54.335156250000004, 45.839453125000006, 134.01738281250002])
array('d', [-134.8576171875, -54.335156250000004, 45.839453125000006, 134.01738281250002])
array('d', [-134.8576171875, -54.335156250000004, 45.839453125000006, 134.01738281250002])
array('d', [-134.2041015625, -54.568554687500004, 45.839453125000006, 134.01738281250002])
array('d', [-133.9240234375, -55.3154296875, 46.212890625, 133.690625])
array('d', [-133.9240234375, -54.615234375, 49.573828125000006, 133.55058593750002])
array('d', [-134.344140625, -54.615234375, 49.573828125000006, 134.25078125000002])
array('d', [-134.4375, -55.1287109375, 50.507421875000006, 134.25078125000002])
array('d', [-133.9240234375, -54.1484375, 48.033398437500004, 134.01738281250002])
array('d', [-133.597265625, -55.642187500000006, 45.139257812500006, 133.3638671875])
array('d', [-133.597265625, -55.642187500000006, 40.7513671875, 132.663671875])
array('d', [-133.2705078125, -54.7552734375, 40.7513671875, 132.663671875])
array('d', [-133.7373046875, -53.494921875, 44.0189453125, 133.2705078125])
array('d', [-133.410546875, -51.534375000000004, 46.586328125, 133.970703125])
array('d', [-133.410546875, -49.7138671875, 50.694140625, 133.2705078125])
array('d', [-133.87734375, -49.7138671875, 50.694140625, 132.4302734375])
array('d', [-133.87734375, -49.7138671875, 50.694140625, 132.4302734375])
array('d', [-134.62421875, -49.573828125000006, 48.173437500000006, 133.410546875])
array('d', [-134.344140625, -49.48046875, 44.765820312500004, 134.8109375])
array('d', [-134.2974609375, -47.4265625, 41.4515625, 134.8109375])
array('d', [-133.690625, -47.099804687500004, 38.090625, 134.157421875])
array('d', [-133.78398437500002, -45.4193359375, 39.164257812500004, 132.9904296875])
array('d', [-133.597265625, -42.1517578125, 38.8375, 133.970703125])
array('d', [-133.6439453125, -40.097851562500004, 38.090625, 133.13046875])
array('d', [-134.7642578125, -40.51796875, 38.090625, 134.1107421875])
array('d', [-133.2705078125, -40.7513671875, 39.491015625, 134.1107421875])
array('d', [-134.4375, -39.9111328125, 38.6041015625, 133.55058593750002])
array('d', [-135.464453125, -41.171484375000006, 37.9505859375, 133.970703125])
array('d', [-133.2705078125, -47.473242187500006, 44.999218750000004, 134.2974609375])
array('d', [-134.1107421875, -45.652734375, 44.999218750000004, 134.2974609375])
array('d', [-133.690625, -50.367382812500004, 44.065625000000004, 133.690625])
array('d', [-133.690625, -50.367382812500004, 44.065625000000004, 133.690625])
array('d', [-133.690625, -50.367382812500004, 44.065625000000004, 133.690625])
array('d', [-133.6439453125, -52.748046875, 40.89140625, 133.223828125])
array('d', [-133.6439453125, -52.748046875, 40.1912109375, 135.1376953125])
array('d', [-134.71757812500002, -48.3134765625, 40.1912109375, 135.1376953125])
array('d', [-133.410546875, -49.1537109375, 42.01171875, 134.8109375])
array('d', [-135.9779296875, -49.85390625, 43.87890625, 133.690625])
array('d', [-135.9779296875, -49.85390625, 41.5916015625, 133.037109375])
array('d', [-133.410546875, -52.934765625000004, 41.5916015625, 133.037109375])
array('d', [-133.78398437500002, -52.9814453125, 39.491015625, 133.6439453125])
array('d', [-133.8306640625, -52.934765625000004, 41.404882812500006, 133.50390625])
array('d', [-133.223828125, -52.374609375000006, 45.139257812500006, 133.78398437500002])
array('d', [-133.223828125, -52.5146484375, 48.873632812500006, 133.597265625])
array('d', [-135.0443359375, -52.6546875, 48.36015625, 133.87734375])
array('d', [-135.0443359375, -52.6546875, 47.2865234375, 132.2435546875])
array('d', [-134.2974609375, -54.008398437500006, 47.2865234375, 132.2435546875])
array('d', [-134.2041015625, -52.5146484375, 45.606054687500006, 133.50390625])
array('d', [-134.2974609375, -50.4607421875, 43.9255859375, 133.50390625])
array('d', [-134.2974609375, -50.4607421875, 43.9255859375, 133.50390625])
array('d', [-133.970703125, -50.507421875000006, 43.0853515625, 133.7373046875])
array('d', [-134.5775390625, -48.406835937500006, 42.338476562500006, 133.7373046875])
array('d', [-134.2974609375, -48.873632812500006, 39.9578125, 133.31718750000002])
array('d', [-134.2974609375, -48.873632812500006, 39.9578125, 133.31718750000002])
array('d', [-134.2974609375, -48.873632812500006, 39.9578125, 133.31718750000002])
array('d', [-133.55058593750002, -48.3134765625, 40.237890625, 133.87734375])
array('d', [-133.55058593750002, -47.8466796875, 39.3509765625, 133.690625])
array('d', [-133.55058593750002, -48.033398437500004, 39.304296875, 134.25078125000002])
array('d', [-132.476953125, -46.49296875, 40.2845703125, 134.25078125000002])
array('d', [-134.2041015625, -46.49296875, 40.2845703125, 133.690625])
array('d', [-134.6708984375, -47.006445312500006, 42.2451171875, 133.690625])
array('d', [-134.01738281250002, -47.519921875, 41.031445312500004, 133.8306640625])
array('d', [-134.01738281250002, -47.566601562500004, 40.424609375, 133.08378906250002])
array('d', [-132.94375, -47.893359375, 39.02421875, 132.94375])
array('d', [-134.01738281250002, -10.549609375000001, 37.8572265625, 133.037109375])
array('d', [-134.2041015625, -4.5746093750000005, 33.2359375, 36.03671875])
array('d', [-134.2041015625, -4.5746093750000005, 38.65078125, 23.9466796875])
array('d', [-134.62421875, -6.16171875, 38.65078125, 23.9466796875])
array('d', [-133.223828125, -3.641015625, 42.105078125000006, 1.8205078125])
array('d', [-130.28300781250002, 1.400390625, 41.871679687500006, 10.409570312500001])
array('d', [-120.4802734375, 4.29453125, 45.279296875, 6.2083984375000005])
array('d', [-120.4802734375, 4.29453125, 45.279296875, 6.2083984375000005])
array('d', [-117.259375, 7.0953125, 48.2201171875, 3.17421875])
array('d', [-114.08515625000001, 7.422070312500001, 47.940039062500006, 4.2478515625])
array('d', [-111.28437500000001, 8.6357421875, 49.013671875, 4.9013671875])
array('d', [-111.28437500000001, 8.6357421875, 49.013671875, 8.122265625])
array('d', [-113.85175781250001, 9.4759765625, 49.433789062500004, 8.122265625])
array('d', [-115.5322265625, 8.0755859375, 52.09453125, 9.242578125])
array('d', [-115.5322265625, 7.888867187500001, 55.922265625, 9.709375])
array('d', [-112.68476562500001, 7.888867187500001, 55.922265625, 9.709375])
array('d', [-108.390234375, 7.46875, 59.283203125, 8.6357421875])
array('d', [-105.3560546875, 7.28203125, 58.676367187500006, 8.6357421875])
array('d', [-105.3560546875, 7.28203125, 58.1162109375, 5.9750000000000005])
array('d', [-100.4080078125, 6.3484375, 58.1162109375, 5.9750000000000005])
array('d', [-100.361328125, 5.321484375000001, 57.369335937500004, 5.3681640625])
array('d', [-100.361328125, 5.321484375000001, 57.369335937500004, 5.3681640625])
array('d', [-100.361328125, 5.321484375000001, 57.369335937500004, 5.3681640625])
array('d', [-100.361328125, 5.321484375000001, 57.369335937500004, 5.3681640625])
array('d', [-100.361328125, 5.321484375000001, 57.369335937500004, 5.3681640625])
array('d', [-98.44746093750001, 5.788281250000001, 57.69609375, 4.29453125])
array('d', [-98.40078125000001, 5.881640625, 61.6171875, 4.5279296875])
array('d', [-98.40078125000001, 5.881640625, 61.6171875, 5.9283203125])
array('d', [-95.9267578125, 5.228125, 61.150390625, 5.9283203125])
array('d', [-96.253515625, 4.1544921875, 62.037304687500004, 5.5082031250000005])
array('d', [-96.58027343750001, 4.387890625, 62.2240234375, 3.54765625])
array('d', [-91.7255859375, -0.280078125, 63.764453125, 0.466796875])
array('d', [-92.09902343750001, 0.56015625, 62.3640625, 0.466796875])
array('d', [-90.51191406250001, 0.1400390625, 64.04453125, 0.466796875])
array('d', [-90.51191406250001, 0.56015625, 63.437695312500004, 0.280078125])
array('d', [-90.51191406250001, 0.1400390625, 63.2509765625, -0.56015625])
array('d', [-90.51191406250001, -1.773828125, 63.0642578125, 1.1669921875])
array('d', [-90.51191406250001, -1.773828125, 63.0642578125, 1.1669921875])
array('d', [-90.51191406250001, -1.773828125, 63.0642578125, 1.1669921875])
array('d', [-91.2587890625, 0.1400390625, 64.2779296875, 0.5134765625000001])
array('d', [-91.2587890625, 0.5134765625000001, 63.204296875000004, -0.37343750000000003])
array('d', [-91.63222656250001, 0.5134765625000001, 63.204296875000004, -0.37343750000000003])
array('d', [-91.63222656250001, 0.5134765625000001, 63.204296875000004, -0.37343750000000003])
array('d', [-91.63222656250001, 0.5134765625000001, 63.204296875000004, -0.37343750000000003])
array('d', [-91.63222656250001, 0.5134765625000001, 63.204296875000004, -0.37343750000000003])
array('d', [-91.63222656250001, 0.5134765625000001, 63.204296875000004, -0.37343750000000003])
array('d', [-90.1384765625, 0.466796875, 62.830859375, -0.1400390625])
array('d', [-91.30546875, 0.09335937500000001, 62.5974609375, 1.1669921875])
array('d', [-91.30546875, 0.09335937500000001, 62.5974609375, -0.1400390625])
array('d', [-91.3521484375, -0.2333984375, 63.8578125, -0.1400390625])
array('d', [-91.3521484375, -0.2333984375, 63.8578125, -0.1400390625])
array('d', [-91.3521484375, -0.2333984375, 63.8578125, -0.1400390625])
array('d', [-91.3521484375, -0.2333984375, 63.8578125, -0.1400390625])
array('d', [-90.18515625, 0.5134765625000001, 63.671093750000004, -0.1400390625])
array('d', [-91.39882812500001, 0.09335937500000001, 62.3640625, -0.6068359375])
array('d', [-91.39882812500001, 0.09335937500000001, 62.3640625, -0.6068359375])
array('d', [-91.39882812500001, 0.42011718750000004, 63.6244140625, 0.93359375])
array('d', [-91.39882812500001, 0.42011718750000004, 62.830859375, 0.09335937500000001])
array('d', [-90.3251953125, -0.2333984375, 64.32460937500001, 0.37343750000000003])
array('d', [-90.69863281250001, -0.653515625, 64.32460937500001, 0.42011718750000004])
array('d', [-91.44550781250001, 0.09335937500000001, 63.2509765625, 0.5134765625000001])
array('d', [-91.44550781250001, 0.09335937500000001, 65.02480468750001, -0.6068359375])
array('d', [-90.51191406250001, 0.1400390625, 65.02480468750001, -0.6068359375])
array('d', [-90.51191406250001, 0.1400390625, 65.02480468750001, -0.6068359375])
array('d', [-90.51191406250001, 0.1400390625, 65.02480468750001, -0.6068359375])
array('d', [-90.46523437500001, 0.42011718750000004, 64.04453125, 0.5134765625000001])
array('d', [-89.3916015625, 0.1400390625, 63.484375, 0.653515625])
array('d', [-90.27851562500001, 0.42011718750000004, 63.904492187500004, 1.400390625])
array('d', [-90.27851562500001, 0.42011718750000004, 63.904492187500004, 1.400390625])
array('d', [-90.27851562500001, 0.42011718750000004, 63.904492187500004, 1.400390625])
array('d', [-90.27851562500001, 0.42011718750000004, 63.904492187500004, 1.400390625])
array('d', [-90.27851562500001, 0.42011718750000004, 63.904492187500004, 1.400390625])
array('d', [-90.27851562500001, 0.42011718750000004, 63.904492187500004, 1.400390625])
array('d', [-90.27851562500001, 0.42011718750000004, 63.904492187500004, 1.400390625])
array('d', [-90.93203125000001, 0.653515625, 64.2779296875, -0.18671875000000002])
array('d', [-90.93203125000001, 0.466796875, 63.904492187500004, 0.09335937500000001])
array('d', [-89.8583984375, 0.466796875, 63.904492187500004, 0.09335937500000001])
array('d', [-89.8583984375, 0.466796875, 63.904492187500004, 0.9802734375000001])
array('d', [-91.772265625, 0.280078125, 63.0642578125, -0.280078125])
array('d', [-90.3251953125, -0.1400390625, 63.0642578125, -0.280078125])
array('d', [-90.69863281250001, -0.3267578125, 64.137890625, -0.6068359375])
array('d', [-90.091796875, 0.6068359375, 64.6046875, -0.18671875000000002])
array('d', [-90.091796875, 0.6068359375, 64.6046875, 0.56015625])
array('d', [-90.46523437500001, 0.6068359375, 62.830859375, 0.56015625])
array('d', [-90.18515625, -0.1400390625, 64.7447265625, 0.56015625])
array('d', [-90.18515625, -0.1400390625, 64.7447265625, 0.56015625])
array('d', [-90.18515625, -0.1400390625, 64.7447265625, 0.56015625])
array('d', [-90.18515625, -0.1400390625, 64.7447265625, 0.56015625])
array('d', [-91.21210937500001, 0.18671875000000002, 63.6244140625, 0.653515625])
array('d', [-91.21210937500001, 0.18671875000000002, 63.904492187500004, -4.1078125000000005])
array('d', [-90.74531250000001, -0.37343750000000003, 63.904492187500004, -4.1078125000000005])
array('d', [-89.905078125, 0.466796875, 63.904492187500004, 0.653515625])
array('d', [-90.04511718750001, -0.09335937500000001, 64.137890625, -0.466796875])
array('d', [-90.04511718750001, -0.09335937500000001, 64.137890625, -0.466796875])
array('d', [-90.74531250000001, 0.18671875000000002, 63.29765625, 0.9802734375000001])
array('d', [-90.74531250000001, 0.18671875000000002, 63.29765625, 0.9802734375000001])
array('d', [-90.74531250000001, 0.18671875000000002, 63.29765625, 0.9802734375000001])
array('d', [-90.74531250000001, 0.18671875000000002, 63.29765625, 0.9802734375000001])
array('d', [-91.958984375, -0.2333984375, 62.55078125, 0.9802734375000001])
array('d', [-91.958984375, 0.6068359375, 63.484375, -0.6068359375])
array('d', [-91.2587890625, 0.6068359375, 63.484375, -0.6068359375])
array('d', [-90.8853515625, -0.09335937500000001, 63.904492187500004, -1.30703125])
array('d', [-90.4185546875, 0.3267578125, 63.904492187500004, 0.2333984375])
array('d', [-90.4185546875, 0.3267578125, 63.904492187500004, 0.2333984375])
array('d', [-91.11875, 0.3267578125, 63.904492187500004, 0.56015625])
array('d', [-89.57832031250001, 0.2333984375, 63.6244140625, 0.653515625])
array('d', [-89.57832031250001, 0.2333984375, 63.29765625, 0.653515625])
array('d', [-90.97871093750001, -1.0269531250000001, 63.29765625, 0.653515625])
array('d', [-90.51191406250001, -0.280078125, 63.904492187500004, -0.18671875000000002])
array('d', [-90.51191406250001, 0.5134765625000001, 64.2779296875, 0.466796875])
array('d', [-90.69863281250001, 0.5134765625000001, 64.2779296875, 0.466796875])
array('d', [-91.30546875, 0.3267578125, 64.7447265625, -1.213671875])
array('d', [-90.1384765625, 0.466796875, 62.7841796875, 0.8402343750000001])
array('d', [-90.1384765625, 0.466796875, 62.7841796875, -0.9802734375000001])
array('d', [-91.958984375, 0.046679687500000004, 63.0642578125, -0.9802734375000001])
array('d', [-90.74531250000001, -0.2333984375, 64.137890625, 0.1400390625])
array('d', [-90.74531250000001, 0.280078125, 64.2779296875, -0.466796875])
array('d', [-90.74531250000001, 0.280078125, 64.2779296875, -0.466796875])
array('d', [-90.74531250000001, 0.280078125, 64.2779296875, -0.466796875])
array('d', [-89.29824218750001, 0.280078125, 64.2779296875, -0.466796875])
array('d', [-91.2587890625, -0.6068359375, 63.764453125, -0.6068359375])
array('d', [-88.224609375, -0.3267578125, 63.6244140625, 0.1400390625])
array('d', [-88.224609375, -0.3267578125, 63.204296875000004, 0.9802734375000001])
array('d', [-90.091796875, -0.466796875, 63.204296875000004, 0.9802734375000001])
array('d', [-88.87812500000001, 0.09335937500000001, 63.7177734375, 0.8869140625])
array('d', [-89.2048828125, -0.2333984375, 63.29765625, -1.213671875])
array('d', [-89.2048828125, -0.2333984375, 63.29765625, -1.213671875])
array('d', [-91.025390625, -0.280078125, 63.7177734375, 0.56015625])
array('d', [-90.3251953125, 0.09335937500000001, 63.484375, 0.8869140625])
array('d', [-90.3251953125, 0.09335937500000001, 63.484375, 0.56015625])
array('d', [-90.3251953125, 0.09335937500000001, 63.484375, 0.56015625])
array('d', [-90.3251953125, 0.09335937500000001, 63.484375, 0.56015625])
array('d', [-91.11875, 0.18671875000000002, 62.877539062500006, 0.56015625])
array('d', [-90.8853515625, -0.1400390625, 63.29765625, -0.6068359375])
array('d', [-91.21210937500001, 0.466796875, 64.79140625000001, 0.56015625])
array('d', [-91.21210937500001, 0.466796875, 64.79140625000001, 0.56015625])
array('d', [-90.46523437500001, 0.2333984375, 63.29765625, 0.9802734375000001])
array('d', [-90.651953125, 0.18671875000000002, 64.55800781250001, -0.93359375])
array('d', [-90.651953125, 0.18671875000000002, 64.1845703125, -0.046679687500000004])
array('d', [-90.838671875, 0.046679687500000004, 64.1845703125, -0.046679687500000004])
array('d', [-92.705859375, -0.18671875000000002, 62.7841796875, -0.18671875000000002])
array('d', [-92.705859375, 0.0, 62.877539062500006, 0.2333984375])
array('d', [-90.51191406250001, 0.0, 62.877539062500006, 0.2333984375])
array('d', [-90.838671875, 0.2333984375, 62.3173828125, -0.5134765625000001])
array('d', [-90.4185546875, -0.18671875000000002, 62.877539062500006, 0.5134765625000001])
array('d', [-90.4185546875, 0.0, 63.204296875000004, -0.2333984375])
array('d', [-92.42578125, 0.0, 63.204296875000004, -0.2333984375])
array('d', [-89.29824218750001, 0.0, 62.970898437500004, 0.5134765625000001])
array('d', [-89.0181640625, -0.2333984375, 63.764453125, 0.56015625])
array('d', [-89.0181640625, -0.2333984375, 63.764453125, 0.1400390625])
array('d', [-89.0181640625, -0.2333984375, 63.764453125, 0.1400390625])
array('d', [-89.0181640625, -0.2333984375, 63.764453125, 0.1400390625])
array('d', [-89.0181640625, -0.2333984375, 63.764453125, 0.1400390625])
array('d', [-91.30546875, -0.42011718750000004, 62.877539062500006, 0.1400390625])
array('d', [-90.091796875, -0.42011718750000004, 63.7177734375, 0.2333984375])
array('d', [-90.51191406250001, 0.466796875, 63.2509765625, 1.213671875])
array('d', [-90.51191406250001, 0.466796875, 63.6244140625, -0.8402343750000001])
array('d', [-89.6716796875, 0.0, 63.6244140625, -0.8402343750000001])
array('d', [-91.39882812500001, 0.18671875000000002, 62.7841796875, 0.1400390625])
array('d', [-90.74531250000001, 0.046679687500000004, 63.484375, 0.56015625])
array('d', [-90.74531250000001, 0.046679687500000004, 63.484375, 0.56015625])
array('d', [-90.74531250000001, 0.046679687500000004, 63.484375, 0.56015625])
array('d', [-90.04511718750001, 0.0, 63.904492187500004, 0.56015625])
array('d', [-90.04511718750001, -0.2333984375, 64.511328125, -0.18671875000000002])
array('d', [-90.46523437500001, -0.2333984375, 64.511328125, -0.18671875000000002])
array('d', [-90.46523437500001, -0.2333984375, 64.511328125, -0.18671875000000002])
array('d', [-90.46523437500001, -0.2333984375, 64.511328125, -0.18671875000000002])
array('d', [-90.46523437500001, -0.2333984375, 64.511328125, -0.18671875000000002])
array('d', [-89.625, 0.18671875000000002, 63.204296875000004, 0.1400390625])
array('d', [-90.27851562500001, 0.18671875000000002, 63.904492187500004, 0.1400390625])
array('d', [-90.18515625, -0.466796875, 64.55800781250001, 0.56015625])
array('d', [-90.18515625, -0.466796875, 64.55800781250001, 0.56015625])
array('d', [-90.18515625, -0.466796875, 64.55800781250001, 0.56015625])
array('d', [-90.18515625, -0.466796875, 64.55800781250001, 0.56015625])
array('d', [-90.1384765625, -0.2333984375, 63.204296875000004, 0.2333984375])
array('d', [-90.1384765625, 0.09335937500000001, 62.457421875, 0.1400390625])
array('d', [-90.1384765625, 0.09335937500000001, 62.457421875, -0.18671875000000002])
array('d', [-89.8583984375, -0.046679687500000004, 63.7177734375, -0.18671875000000002])
array('d', [-89.29824218750001, 0.09335937500000001, 62.7841796875, -1.30703125])
array('d', [-89.29824218750001, 0.09335937500000001, 62.877539062500006, -0.5134765625000001])
array('d', [-90.69863281250001, 0.0, 62.877539062500006, -0.5134765625000001])
array('d', [-90.69863281250001, 0.0, 62.877539062500006, -0.5134765625000001])
array('d', [-90.69863281250001, 0.0, 62.877539062500006, -0.5134765625000001])
array('d', [-90.69863281250001, 0.0, 62.877539062500006, -0.5134765625000001])
array('d', [-90.04511718750001, 0.0, 64.55800781250001, -0.18671875000000002])
array('d', [-90.6052734375, -0.37343750000000003, 63.764453125, 0.1400390625])
array('d', [-90.18515625, 0.0, 64.137890625, 1.2603515625000001])
array('d', [-90.18515625, 0.0, 64.137890625, 1.2603515625000001])
array('d', [-89.718359375, 0.0, 63.484375, 0.56015625])
array('d', [-89.0181640625, 0.1400390625, 62.7841796875, -0.18671875000000002])
array('d', [-89.0181640625, 0.1400390625, 64.32460937500001, 0.2333984375])
array('d', [-90.46523437500001, -0.18671875000000002, 64.32460937500001, 0.2333984375])
array('d', [-90.8853515625, 0.6068359375, 63.29765625, 0.56015625])
array('d', [-90.371875, -0.3267578125, 63.904492187500004, 0.56015625])
array('d', [-90.371875, -0.3267578125, 63.904492187500004, 0.56015625])
array('d', [-90.93203125000001, 0.2333984375, 63.204296875000004, 0.9802734375000001])
array('d', [-89.76503906250001, 0.3267578125, 63.29765625, -0.18671875000000002])
array('d', [-89.8583984375, -0.280078125, 64.32460937500001, 1.30703125])
array('d', [-89.8583984375, -0.280078125, 64.32460937500001, 1.30703125])
array('d', [-89.8583984375, -0.280078125, 64.32460937500001, 1.30703125])
array('d', [-89.8583984375, -0.280078125, 64.32460937500001, 1.30703125])
array('d', [-90.69863281250001, 0.1400390625, 63.484375, -0.18671875000000002])
array('d', [-90.69863281250001, 0.1400390625, 63.484375, 0.18671875000000002])
array('d', [-90.838671875, -0.1400390625, 63.484375, 0.18671875000000002])
array('d', [-90.69863281250001, -0.09335937500000001, 62.7841796875, -0.56015625])
array('d', [-90.69863281250001, -0.046679687500000004, 62.877539062500006, 0.56015625])
array('d', [-88.9248046875, -0.046679687500000004, 62.877539062500006, 0.56015625])
array('d', [-90.838671875, 0.2333984375, 63.7177734375, 0.2333984375])
array('d', [-90.838671875, 0.2333984375, 63.7177734375, 0.2333984375])
array('d', [-90.838671875, 0.2333984375, 63.7177734375, 0.2333984375])
array('d', [-90.838671875, 0.2333984375, 63.7177734375, 0.2333984375])
array('d', [-90.838671875, 0.2333984375, 63.7177734375, 0.2333984375])
array('d', [-90.04511718750001, -0.280078125, 63.904492187500004, 0.9802734375000001])
array('d', [-90.55859375, -0.046679687500000004, 63.29765625, 0.18671875000000002])
array('d', [-90.74531250000001, 0.42011718750000004, 63.904492187500004, 0.18671875000000002])
array('d', [-90.74531250000001, 0.42011718750000004, 63.904492187500004, 0.18671875000000002])
array('d', [-90.04511718750001, -0.280078125, 62.7841796875, 0.18671875000000002])
array('d', [-90.091796875, -0.046679687500000004, 63.764453125, 1.30703125])
array('d', [-90.6052734375, 0.280078125, 63.764453125, 1.30703125])
array('d', [-90.6052734375, 0.280078125, 63.764453125, 1.30703125])
array('d', [-90.6052734375, 0.280078125, 63.764453125, 1.30703125])
array('d', [-90.6052734375, 0.280078125, 63.484375, 0.18671875000000002])
array('d', [-90.51191406250001, 0.37343750000000003, 63.764453125, 0.18671875000000002])
array('d', [-89.81171875000001, 0.37343750000000003, 63.7177734375, -0.56015625])
array('d', [-89.81171875000001, 0.37343750000000003, 63.7177734375, -0.56015625])
array('d', [-89.81171875000001, 0.37343750000000003, 63.7177734375, -0.56015625])
array('d', [-89.81171875000001, 0.37343750000000003, 63.7177734375, -0.56015625])
array('d', [-89.81171875000001, 0.37343750000000003, 63.7177734375, -0.56015625])
array('d', [-89.81171875000001, 0.37343750000000003, 63.7177734375, -0.56015625])
array('d', [-91.63222656250001, -0.18671875000000002, 63.904492187500004, -0.93359375])
array('d', [-90.18515625, 0.653515625, 62.037304687500004, -0.56015625])
array('d', [-90.18515625, 0.653515625, 62.037304687500004, 0.56015625])
array('d', [-90.18515625, -0.18671875000000002, 62.877539062500006, 0.56015625])
array('d', [-91.2587890625, 0.09335937500000001, 64.2779296875, 0.18671875000000002])
array('d', [-91.2587890625, 0.37343750000000003, 64.32460937500001, 0.9802734375000001])
array('d', [-89.718359375, 0.37343750000000003, 64.32460937500001, 0.9802734375000001])
array('d', [-89.718359375, 0.37343750000000003, 64.32460937500001, 0.9802734375000001])
array('d', [-89.718359375, 0.37343750000000003, 64.32460937500001, 0.9802734375000001])
array('d', [-89.905078125, -0.3267578125, 62.457421875, -0.18671875000000002])
array('d', [-88.971484375, -0.466796875, 63.29765625, 0.9802734375000001])
array('d', [-88.971484375, -0.046679687500000004, 64.1845703125, 0.93359375])
array('d', [-89.81171875000001, -0.046679687500000004, 64.1845703125, 0.93359375])
array('d', [-89.3916015625, -0.046679687500000004, 62.877539062500006, 0.6068359375])
array('d', [-90.23183593750001, -0.046679687500000004, 62.7841796875, 0.18671875000000002])
array('d', [-90.23183593750001, 0.2333984375, 64.137890625, 0.56015625])
array('d', [-90.23183593750001, 0.2333984375, 64.137890625, 0.18671875000000002])
array('d', [-91.3521484375, 0.2333984375, 63.0642578125, 0.18671875000000002])
array('d', [-89.905078125, -0.046679687500000004, 63.484375, -4.5746093750000005])
array('d', [-90.18515625, -0.046679687500000004, 63.484375, -4.5746093750000005])
array('d', [-90.18515625, -0.046679687500000004, 63.484375, -4.5746093750000005])
array('d', [-90.18515625, 0.5134765625000001, 63.764453125, -0.18671875000000002])
array('d', [-89.905078125, 0.2333984375, 63.437695312500004, 0.56015625])
array('d', [-90.18515625, -0.046679687500000004, 63.2509765625, -0.56015625])
array('d', [-90.18515625, -0.046679687500000004, 63.2509765625, -0.56015625])
array('d', [-90.091796875, 0.37343750000000003, 64.04453125, 0.93359375])
array('d', [-90.371875, 0.0, 63.8578125, 0.18671875000000002])
array('d', [-90.371875, 0.0, 63.8578125, 0.56015625])
array('d', [-90.371875, 0.0, 63.8578125, 0.56015625])
array('d', [-90.371875, 0.0, 63.8578125, 0.56015625])
array('d', [-90.371875, 0.0, 63.8578125, 0.56015625])
array('d', [-90.51191406250001, 0.7001953125, 64.4646484375, 0.93359375])
array('d', [-90.69863281250001, 0.1400390625, 64.4646484375, 0.93359375])
array('d', [-89.57832031250001, -0.046679687500000004, 63.2509765625, -0.56015625])
array('d', [-89.57832031250001, -0.046679687500000004, 63.2509765625, -0.56015625])
array('d', [-89.34492187500001, 0.09335937500000001, 63.811132812500006, 0.93359375])
array('d', [-91.11875, 0.09335937500000001, 63.017578125, 0.56015625])
array('d', [-89.57832031250001, 0.2333984375, 63.6244140625, 0.5134765625000001])
array('d', [-89.57832031250001, 0.2333984375, 63.6244140625, 0.93359375])
array('d', [-90.69863281250001, 0.09335937500000001, 63.391015625, 0.93359375])
array('d', [-90.46523437500001, -0.046679687500000004, 63.2509765625, 0.93359375])
array('d', [-90.8853515625, 0.0, 63.1576171875, -0.18671875000000002])
array('d', [-90.8853515625, 0.0, 63.1576171875, -0.18671875000000002])
array('d', [-90.838671875, 0.09335937500000001, 62.830859375, -1.30703125])
array('d', [-90.6052734375, 0.1400390625, 64.2779296875, -0.56015625])
array('d', [-90.6052734375, 0.1400390625, 64.2779296875, -0.56015625])
array('d', [-90.4185546875, 0.0, 64.04453125, -0.56015625])
array('d', [-91.30546875, 0.1400390625, 64.2779296875, 0.18671875000000002])
array('d', [-91.30546875, 0.1400390625, 63.7177734375, -0.18671875000000002])
array('d', [-91.30546875, 0.1400390625, 63.7177734375, -0.18671875000000002])
array('d', [-90.51191406250001, 0.280078125, 63.437695312500004, -0.18671875000000002])
array('d', [-89.3916015625, -0.3267578125, 62.877539062500006, -0.18671875000000002])
array('d', [-89.3916015625, -0.3267578125, 62.877539062500006, -2.2873046875000003])
array('d', [-89.6716796875, -0.42011718750000004, 64.55800781250001, -2.2873046875000003])
array('d', [-88.784765625, 0.1400390625, 63.437695312500004, -0.18671875000000002])
array('d', [-89.8583984375, 0.42011718750000004, 64.04453125, 0.5134765625000001])
array('d', [-90.46523437500001, -0.046679687500000004, 62.830859375, 0.18671875000000002])
array('d', [-90.46523437500001, -0.046679687500000004, 62.830859375, -0.56015625])
array('d', [-90.93203125000001, -0.1400390625, 63.7177734375, -0.56015625])
array('d', [-88.5046875, 0.2333984375, 63.2509765625, 0.18671875000000002])
array('d', [-91.5388671875, -0.37343750000000003, 63.8578125, 1.6804687500000002])
array('d', [-90.04511718750001, 0.046679687500000004, 63.7177734375, -0.2333984375])
array('d', [-90.74531250000001, 0.2333984375, 63.2509765625, -0.8869140625])
array('d', [-90.74531250000001, 0.2333984375, 63.2509765625, -0.8869140625])
array('d', [-89.99843750000001, 0.1400390625, 63.2509765625, 0.56015625])
array('d', [-89.99843750000001, 0.1400390625, 63.2509765625, -0.56015625])
array('d', [-90.18515625, -0.1400390625, 64.23125, -0.56015625])
array('d', [-90.18515625, -0.1400390625, 64.23125, -0.56015625])
array('d', [-89.3916015625, 0.046679687500000004, 63.5310546875, 0.18671875000000002])
array('d', [-89.99843750000001, 0.046679687500000004, 63.437695312500004, 0.18671875000000002])
array('d', [-89.11152343750001, 0.7468750000000001, 62.644140625000006, 0.56015625])
array('d', [-90.371875, 0.466796875, 62.037304687500004, 0.18671875000000002])
array('d', [-90.371875, 0.466796875, 63.437695312500004, 0.18671875000000002])
array('d', [-89.6716796875, 0.2333984375, 63.437695312500004, 0.18671875000000002])
array('d', [-90.7919921875, -0.1400390625, 63.6244140625, -0.56015625])
array('d', [-90.1384765625, 0.1400390625, 63.6244140625, 0.56015625])
array('d', [-90.1384765625, 0.1400390625, 63.017578125, -0.1400390625])
array('d', [-90.091796875, 0.2333984375, 63.017578125, -0.9802734375000001])
array('d', [-88.037890625, 1.6804687500000002, 63.2509765625, -0.9802734375000001])
array('d', [-84.7703125, 3.9210937500000003, 63.7177734375, 0.18671875000000002])
array('d', [-84.7703125, 3.9210937500000003, 63.8578125, -0.1400390625])
array('d', [-85.423828125, 4.3412109375000005, 63.8578125, 0.56015625])
array('d', [-86.49746093750001, 3.4542968750000003, 63.2509765625, 0.56015625])
array('d', [-86.26406250000001, 3.4542968750000003, 64.4646484375, 0.6068359375])
array('d', [-84.58359375, 4.8546875, 63.8578125, -0.93359375])
array('d', [-84.58359375, 4.8546875, 63.8578125, -0.93359375])
array('d', [-84.58359375, 4.8546875, 63.8578125, -0.93359375])
array('d', [-84.58359375, 6.955273437500001, 64.23125, -0.18671875000000002])
array('d', [-83.7900390625, 6.955273437500001, 64.23125, -0.18671875000000002])
array('d', [-82.2029296875, 8.215625000000001, 63.6244140625, -0.56015625])
array('d', [-84.3501953125, 5.5082031250000005, 63.6244140625, -0.56015625])
array('d', [-85.2837890625, 0.1400390625, 62.7841796875, -0.56015625])
array('d', [-85.2837890625, 0.1400390625, 62.970898437500004, -1.30703125])
array('d', [-85.050390625, -0.1400390625, 62.970898437500004, -1.30703125])
array('d', [-84.16347656250001, -0.37343750000000003, 58.9564453125, -2.0539062500000003])
array('d', [-84.86367187500001, 0.2333984375, 59.8900390625, -2.9875000000000003])
array('d', [-84.86367187500001, 0.2333984375, 59.8900390625, -1.7271484375000001])
array('d', [-84.58359375, -0.42011718750000004, 60.870312500000004, -1.7271484375000001])
array('d', [-84.58359375, -0.5134765625000001, 60.963671875, -0.466796875])
array('d', [-85.9373046875, -0.1400390625, 59.0498046875, -2.80078125])
array('d', [-85.9373046875, -0.1400390625, 59.0498046875, -2.80078125])
array('d', [-85.9373046875, -0.1400390625, 59.0498046875, -2.80078125])
array('d', [-83.69667968750001, 0.6068359375, 57.4626953125, -5.788281250000001])
array('d', [-83.69667968750001, -0.466796875, 55.642187500000006, -5.2748046875000005])
array('d', [-83.69667968750001, 0.653515625, 58.1162109375, -4.387890625])
array('d', [-83.69667968750001, 0.653515625, 58.1162109375, -4.387890625])
array('d', [-83.97675781250001, 0.6068359375, 58.81640625, -0.42011718750000004])
array('d', [-85.0037109375, 0.280078125, 56.6224609375, -1.4937500000000001])
array('d', [-84.58359375, -0.1400390625, 56.0623046875, -1.4937500000000001])
array('d', [-84.58359375, -0.1400390625, 56.0623046875, -1.4937500000000001])
array('d', [-84.58359375, -0.1400390625, 56.0623046875, -1.4937500000000001])
array('d', [-84.58359375, -0.1400390625, 56.0623046875, -1.4937500000000001])
array('d', [-84.58359375, -0.1400390625, 56.0623046875, -4.66796875])
array('d', [-84.8169921875, -0.56015625, 53.58828125, -4.66796875])
array('d', [-85.237109375, 0.280078125, 56.435742187500004, -4.66796875])
array('d', [-85.237109375, 0.280078125, 56.435742187500004, -4.66796875])
array('d', [-61.150390625, 2.0539062500000003, 27.07421875, -7.7021484375])
array('d', [-61.150390625, 2.0539062500000003, 27.07421875, -7.7021484375])
array('d', [-60.3568359375, 0.93359375, 27.3076171875, -6.16171875])
array('d', [-60.636914062500004, 1.30703125, 25.720507812500003, -6.3951171875])
array('d', [-60.636914062500004, 1.30703125, 28.94140625, -0.046679687500000004])
array('d', [-60.636914062500004, 1.30703125, 28.94140625, -0.046679687500000004])
array('d', [-60.636914062500004, 1.30703125, 28.94140625, -0.046679687500000004])
array('d', [-57.6494140625, 4.9013671875, 28.94140625, 0.280078125])
array('d', [-58.909765625000006, 4.1078125000000005, 28.94140625, 0.280078125])
array('d', [-59.143164062500006, 3.080859375, 28.4279296875, 0.8869140625])
array('d', [-60.8236328125, 1.0736328125, 28.7080078125, -0.18671875000000002])
array('d', [-60.170117187500004, 0.8402343750000001, 28.2412109375, -0.18671875000000002])
array('d', [-60.170117187500004, 0.09335937500000001, 28.567968750000002, -0.37343750000000003])
array('d', [-60.170117187500004, 0.09335937500000001, 28.567968750000002, -0.37343750000000003])
array('d', [-60.170117187500004, 0.8402343750000001, 27.727734375, -0.37343750000000003])
array('d', [-59.7966796875, -0.3267578125, 29.0814453125, -0.37343750000000003])
array('d', [-59.4232421875, 0.8402343750000001, 27.727734375, -0.09335937500000001])
array('d', [-59.4232421875, 0.09335937500000001, 28.101171875000002, 0.280078125])
array('d', [-61.2904296875, 0.09335937500000001, 28.101171875000002, -0.1400390625])
array('d', [-60.9169921875, 0.466796875, 28.1478515625, -0.1400390625])
array('d', [-60.870312500000004, 1.1669921875, 27.6810546875, 0.046679687500000004])
array('d', [-56.809179687500006, 3.0341796875, 28.19453125, 0.09335937500000001])
array('d', [-54.941992187500006, 5.6015625, 28.567968750000002, 0.046679687500000004])
array('d', [-54.941992187500006, 5.6015625, 28.567968750000002, 0.046679687500000004])
array('d', [-56.3890625, 4.5746093750000005, 28.754687500000003, -0.18671875000000002])
array('d', [-56.3890625, 4.5746093750000005, 28.334570312500002, -0.1400390625])
array('d', [-56.7625, 2.9408203125, 28.334570312500002, -0.1400390625])
array('d', [-56.7625, 2.9408203125, 28.334570312500002, -0.1400390625])
array('d', [-56.7625, 2.9408203125, 28.334570312500002, -0.1400390625])
array('d', [-54.941992187500006, 5.6482421875, 29.0814453125, 0.280078125])
array('d', [-52.701367187500004, 6.4417968750000005, 29.0814453125, 0.280078125])
array('d', [-51.627734375, 7.3287109375, 28.4279296875, 0.280078125])
array('d', [-53.9150390625, 6.53515625, 28.4279296875, 0.466796875])
array('d', [-54.6619140625, 5.554882812500001, 28.334570312500002, 0.046679687500000004])
array('d', [-53.58828125, 0.37343750000000003, 28.101171875000002, -0.3267578125])
array('d', [-51.627734375, 2.42734375, 28.0078125, 0.09335937500000001])
array('d', [-50.367382812500004, 5.228125, 28.4279296875, -0.046679687500000004])
array('d', [-51.1142578125, 6.255078125000001, 28.7080078125, -0.42011718750000004])
array('d', [-51.534375000000004, 3.0341796875, 28.6146484375, -0.0])
array('d', [-51.534375000000004, 3.0341796875, 29.268164062500002, 0.280078125])
array('d', [-52.234570312500004, -0.3267578125, 28.988085937500003, 0.466796875])
array('d', [-51.207617187500006, -0.280078125, 28.19453125, 0.046679687500000004])
array('d', [-53.028125, 0.42011718750000004, 28.101171875000002, -0.37343750000000003])
array('d', [-52.6546875, 0.1400390625, 28.1478515625, 0.466796875])
array('d', [-52.6546875, 0.1400390625, 28.1478515625, 0.466796875])
array('d', [-53.401562500000004, -0.8869140625, 28.0078125, 0.046679687500000004])
array('d', [-53.028125, -0.8869140625, 29.034765625000002, 0.2333984375])
array('d', [-51.534375000000004, 0.93359375, 28.334570312500002, -0.1400390625])
array('d', [-50.834179687500004, 3.4076171875, 28.334570312500002, -0.6068359375])
array('d', [-49.48046875, 3.4076171875, 28.334570312500002, -0.6068359375])
array('d', [-46.9130859375, 4.948046875, 27.914453125, -0.6068359375])
array('d', [-48.873632812500006, 4.48125, 28.4279296875, 0.280078125])
array('d', [-48.873632812500006, 4.48125, 27.354296875000003, -0.37343750000000003])
array('d', [-49.667187500000004, 0.466796875, 27.354296875000003, -0.37343750000000003])
array('d', [-49.667187500000004, 0.466796875, 27.354296875000003, 0.18671875000000002])
array('d', [-46.026171875, 1.213671875, 28.0078125, -0.6068359375])
array('d', [-44.5791015625, 3.6876953125000003, 27.6810546875, -0.6068359375])
array('d', [-44.8591796875, 4.6212890625, 28.0078125, -0.2333984375])
array('d', [-46.539648437500006, 3.1275390625000004, 28.334570312500002, -0.18671875000000002])
array('d', [-46.539648437500006, 3.1275390625000004, 28.334570312500002, -0.046679687500000004])
array('d', [-45.4193359375, 3.080859375, 28.7080078125, -0.046679687500000004])
array('d', [-46.2595703125, 3.1275390625000004, 28.0078125, -0.18671875000000002])
array('d', [-46.2595703125, 3.1275390625000004, 28.0078125, -0.18671875000000002])
array('d', [-46.2595703125, 3.1275390625000004, 28.0078125, -0.18671875000000002])
array('d', [-46.2595703125, 3.1275390625000004, 28.0078125, -0.18671875000000002])
array('d', [-46.11953125, 3.3609375000000004, 24.926953125, -1.6337890625])
array('d', [-47.3798828125, 3.641015625, 24.133398437500002, -3.5009765625])
array('d', [-47.3798828125, 3.641015625, 24.366796875000002, -2.4740234375])
array('d', [-47.3798828125, 3.641015625, 24.366796875000002, -2.4740234375])
array('d', [-47.3798828125, 3.641015625, 24.366796875000002, -2.4740234375])
array('d', [-46.4462890625, 0.37343750000000003, 26.233984375000002, -0.0])
array('d', [-45.699414062500004, 0.046679687500000004, 24.366796875000002, -1.1669921875])
array('d', [-45.699414062500004, 0.046679687500000004, 23.71328125, -1.1669921875])
array('d', [-43.31875, 2.1939453125, 23.71328125, -2.8941406250000004])
array('d', [-44.719140625, 2.1939453125, 23.199804687500002, -2.6607421875000004])
array('d', [-44.439062500000006, 1.4470703125000002, 23.806640625, -3.4076171875])
array('d', [-44.439062500000006, 1.4470703125000002, 23.806640625, -3.4076171875])
array('d', [-44.439062500000006, 1.4470703125000002, 23.806640625, -3.4076171875])
array('d', [-44.205664062500006, 0.7935546875, 24.5068359375, -0.09335937500000001])
array('d', [-45.139257812500006, -0.280078125, 24.926953125, 0.2333984375])
array('d', [-45.139257812500006, -0.280078125, 24.926953125, 0.2333984375])
array('d', [-44.719140625, -0.3267578125, 25.300390625000002, -0.42011718750000004])
array('d', [-44.1123046875, 0.1400390625, 25.300390625000002, 0.280078125])
array('d', [-44.1123046875, 0.1400390625, 24.320117187500003, -0.046679687500000004])
array('d', [-45.139257812500006, -0.280078125, 24.320117187500003, 0.6068359375])
array('d', [-44.719140625, -0.280078125, 24.320117187500003, 0.6068359375])
array('d', [-44.719140625, -0.280078125, 24.320117187500003, 0.6068359375])
array('d', [-44.719140625, -0.280078125, 24.320117187500003, 0.6068359375])
array('d', [-45.699414062500004, 0.046679687500000004, 24.5068359375, -0.09335937500000001])
array('d', [-45.559375, -0.3267578125, 22.966406250000002, 2.1005859375])
array('d', [-45.559375, 0.046679687500000004, 21.519335937500003, -3.4076171875])
array('d', [-45.559375, 0.046679687500000004, 21.519335937500003, -3.4076171875])
array('d', [-44.1123046875, 0.5134765625000001, 23.33984375, -2.42734375])
array('d', [-43.5521484375, -0.37343750000000003, 24.2734375, -1.1669921875])
array('d', [-43.5521484375, -0.37343750000000003, 22.733007812500002, -0.8869140625])
array('d', [-46.11953125, -0.280078125, 22.733007812500002, -0.8869140625])
array('d', [-44.1123046875, 0.466796875, 22.40625, -1.6337890625])
array('d', [-44.1123046875, 0.466796875, 19.5587890625, -2.7541015625000003])
array('d', [-44.5791015625, 0.8869140625, 19.5587890625, -2.7541015625000003])
array('d', [-44.5791015625, 0.8869140625, 19.5587890625, -2.7541015625000003])
array('d', [-44.5791015625, 0.8869140625, 19.5587890625, -2.7541015625000003])
array('d', [-45.7927734375, -0.046679687500000004, 22.126171875, 0.3267578125])
array('d', [-42.805273437500006, 0.8402343750000001, 23.246484375, 0.3267578125])
array('d', [-44.299023437500004, -0.466796875, 21.752734375000003, 0.9802734375000001])
array('d', [-44.299023437500004, 1.4937500000000001, 21.379296875, 0.09335937500000001])
array('d', [-42.9453125, 1.4937500000000001, 21.379296875, 0.09335937500000001])
array('d', [-44.439062500000006, 0.56015625, 21.379296875, 0.09335937500000001])
array('d', [-43.9255859375, 0.1400390625, 21.379296875, -0.8402343750000001])
array('d', [-43.9255859375, 0.1400390625, 21.379296875, -0.1400390625])
array('d', [-43.785546875, 0.3267578125, 21.799414062500002, -0.1400390625])
array('d', [-42.571875000000006, 2.0539062500000003, 21.4259765625, 0.280078125])
array('d', [-42.571875000000006, 3.3142578125, 21.379296875, 0.280078125])
array('d', [-40.1912109375, 3.3142578125, 21.379296875, 0.280078125])
array('d', [-38.8375, 2.6607421875000004, 22.126171875, -0.0])
array('d', [-38.8375, 2.6607421875000004, 22.126171875, -0.0])
array('d', [-38.8375, 2.6607421875000004, 22.126171875, -0.0])
array('d', [-38.8375, 2.6607421875000004, 22.126171875, -0.0])
array('d', [-38.8375, 2.6607421875000004, 22.126171875, -0.0])
array('d', [-41.731640625000004, -0.046679687500000004, 22.1728515625, 0.5134765625000001])
array('d', [-41.731640625000004, -0.046679687500000004, 22.1728515625, 0.5134765625000001])
array('d', [-42.478515625, -0.280078125, 21.379296875, 0.280078125])
array('d', [-41.731640625000004, -0.56015625, 21.799414062500002, -0.3267578125])
array('d', [-41.731640625000004, -0.56015625, 22.1728515625, 1.1203125])
array('d', [-41.965039062500004, 0.42011718750000004, 22.1728515625, 1.1203125])
array('d', [-42.7119140625, -0.6068359375, 20.6791015625, -1.5404296875])
array('d', [-42.478515625, -0.6068359375, 22.873046875, 0.5134765625000001])
array('d', [-42.478515625, -0.280078125, 22.873046875, 0.5134765625000001])
array('d', [-42.338476562500006, -0.466796875, 21.799414062500002, 1.4937500000000001])
array('d', [-42.0583984375, -0.280078125, 21.799414062500002, -1.2603515625000001])
array('d', [-42.0583984375, -0.280078125, 21.799414062500002, -1.2603515625000001])
array('d', [-42.0583984375, -0.280078125, 21.799414062500002, -1.2603515625000001])
array('d', [-41.3115234375, -0.1400390625, 20.6791015625, 0.9802734375000001])
array('d', [-41.3115234375, -0.37343750000000003, 21.799414062500002, -0.42011718750000004])
array('d', [-41.2181640625, -0.37343750000000003, 21.799414062500002, -0.42011718750000004])
array('d', [-41.3115234375, -0.6068359375, 19.932226562500002, 0.280078125])
array('d', [-41.638281250000006, -1.0269531250000001, 21.799414062500002, 0.09335937500000001])
array('d', [-41.638281250000006, -1.0269531250000001, 21.4259765625, -0.42011718750000004])
array('d', [-41.544921875, -0.466796875, 21.4259765625, -0.42011718750000004])
array('d', [-41.544921875, -0.466796875, 21.4259765625, -0.42011718750000004])
array('d', [-41.544921875, -0.466796875, 21.4259765625, -0.42011718750000004])
array('d', [-41.544921875, -0.466796875, 21.4259765625, -0.42011718750000004])
array('d', [-41.638281250000006, 0.1400390625, 19.932226562500002, 0.09335937500000001])
array('d', [-40.984765625, 0.1400390625, 22.126171875, 0.09335937500000001])
array('d', [-40.984765625, 0.1400390625, 21.47265625, 0.37343750000000003])
array('d', [-41.2181640625, 0.1400390625, 21.47265625, -0.8402343750000001])
array('d', [-41.638281250000006, 0.466796875, 22.59296875, -0.8402343750000001])
array('d', [-42.0583984375, 0.1400390625, 22.219531250000003, -0.42011718750000004])
array('d', [-41.078125, -0.466796875, 20.4923828125, 0.7935546875])
array('d', [-42.0583984375, -0.466796875, 22.219531250000003, 0.42011718750000004])
array('d', [-42.0583984375, -0.466796875, 22.219531250000003, 0.42011718750000004])
array('d', [-42.105078125000006, -0.653515625, 22.219531250000003, 0.09335937500000001])
array('d', [-42.7119140625, -0.046679687500000004, 22.266210937500002, -0.8869140625])
array('d', [-42.7119140625, -0.046679687500000004, 22.266210937500002, -0.18671875000000002])
array('d', [-42.7119140625, -0.046679687500000004, 22.266210937500002, -0.18671875000000002])
array('d', [-42.7119140625, -0.046679687500000004, 22.266210937500002, -0.18671875000000002])
array('d', [-42.7119140625, -0.046679687500000004, 22.266210937500002, -0.18671875000000002])
array('d', [-41.544921875, 0.56015625, 20.4923828125, -0.18671875000000002])
array('d', [-40.984765625, 0.56015625, 22.59296875, -0.18671875000000002])
array('d', [-40.564648437500004, -0.8869140625, 21.6126953125, -0.466796875])
array('d', [-40.564648437500004, -0.8869140625, 21.6126953125, 0.09335937500000001])
array('d', [-41.3115234375, 0.8869140625, 21.986132812500003, 0.09335937500000001])
array('d', [-41.825, 0.7468750000000001, 20.865820312500002, -0.280078125])
array('d', [-42.478515625, -0.046679687500000004, 22.266210937500002, 0.8402343750000001])
array('d', [-42.478515625, -0.046679687500000004, 22.266210937500002, 0.8402343750000001])
array('d', [-42.2451171875, 0.56015625, 21.7060546875, 0.56015625])
array('d', [-41.638281250000006, 0.1400390625, 20.9125, 0.8402343750000001])
array('d', [-42.338476562500006, -0.466796875, 22.3595703125, -0.046679687500000004])
array('d', [-42.338476562500006, -0.466796875, 22.3595703125, -0.18671875000000002])
array('d', [-41.638281250000006, -0.8869140625, 22.0794921875, -0.18671875000000002])
array('d', [-41.2181640625, -0.653515625, 21.332617187500002, -0.466796875])
array('d', [-41.731640625000004, -1.0736328125, 21.659375, -0.8869140625])
array('d', [-41.731640625000004, -1.0736328125, 23.33984375, 0.09335937500000001])
array('d', [-41.965039062500004, 0.56015625, 23.33984375, 0.09335937500000001])
array('d', [-41.3115234375, -0.653515625, 22.686328125000003, 0.09335937500000001])
array('d', [-41.171484375000006, -1.0736328125, 20.4923828125, -0.8869140625])
array('d', [-41.171484375000006, -1.0736328125, 20.4923828125, 0.09335937500000001])
array('d', [-42.338476562500006, 1.400390625, 21.659375, 0.09335937500000001])
array('d', [-42.0583984375, -0.466796875, 21.659375, 0.42011718750000004])
array('d', [-42.0583984375, 0.3267578125, 21.986132812500003, 0.653515625])
array('d', [-42.0583984375, 0.3267578125, 21.986132812500003, -0.280078125])
array('d', [-41.358203125, -0.466796875, 21.7060546875, -0.280078125])
array('d', [-41.544921875, -0.046679687500000004, 20.9591796875, 0.56015625])
array('d', [-41.544921875, 0.56015625, 21.2392578125, -0.8869140625])
array('d', [-42.478515625, 0.56015625, 21.2392578125, -0.8869140625])
array('d', [-40.564648437500004, 0.1400390625, 21.659375, 0.280078125])
array('d', [-41.638281250000006, 0.56015625, 21.986132812500003, -0.18671875000000002])
array('d', [-41.638281250000006, 0.56015625, 21.986132812500003, -0.280078125])
array('d', [-40.984765625, 0.42011718750000004, 22.126171875, -0.280078125])
array('d', [-42.9453125, 0.2333984375, 21.332617187500002, -0.9802734375000001])
array('d', [-41.2181640625, -0.280078125, 22.8263671875, -0.37343750000000003])
array('d', [-42.805273437500006, 0.3267578125, 22.219531250000003, -0.18671875000000002])
array('d', [-42.805273437500006, 0.3267578125, 22.219531250000003, -0.6068359375])
array('d', [-42.0583984375, 0.7468750000000001, 22.219531250000003, -0.6068359375])
array('d', [-41.965039062500004, 0.1400390625, 22.5462890625, -1.213671875])
array('d', [-42.0583984375, -0.466796875, 20.35234375, 0.8402343750000001])
array('d', [-42.0583984375, -0.466796875, 20.35234375, -1.30703125])
array('d', [-42.0583984375, 0.56015625, 21.8927734375, -1.30703125])
array('d', [-42.0583984375, 0.56015625, 21.8927734375, -1.30703125])
array('d', [-41.3115234375, -0.466796875, 22.966406250000002, 0.9802734375000001])
array('d', [-42.7119140625, -0.18671875000000002, 21.47265625, 0.653515625])
array('d', [-42.7119140625, -0.18671875000000002, 21.47265625, -0.280078125])
array('d', [-42.478515625, 0.7468750000000001, 20.1189453125, -0.280078125])
array('d', [-42.0583984375, 0.42011718750000004, 21.47265625, 0.56015625])
array('d', [-41.638281250000006, -0.56015625, 21.47265625, -0.18671875000000002])
array('d', [-41.3115234375, -0.56015625, 21.47265625, -0.18671875000000002])
array('d', [-41.3115234375, -0.56015625, 21.47265625, -0.18671875000000002])
array('d', [-41.3115234375, 0.42011718750000004, 21.6126953125, 0.466796875])
array('d', [-41.3115234375, 0.3267578125, 22.312890625, -1.30703125])
array('d', [-42.5251953125, 0.7468750000000001, 20.7724609375, -0.18671875000000002])
array('d', [-42.5251953125, 0.7468750000000001, 20.7724609375, -0.18671875000000002])
array('d', [-42.5251953125, 0.7468750000000001, 20.7724609375, -0.18671875000000002])
array('d', [-42.338476562500006, 0.046679687500000004, 21.8927734375, 0.2333984375])
array('d', [-42.338476562500006, 0.1400390625, 20.865820312500002, 0.8402343750000001])
array('d', [-41.638281250000006, 0.1400390625, 20.865820312500002, 0.8402343750000001])
array('d', [-41.638281250000006, 0.1400390625, 20.865820312500002, 0.8402343750000001])
array('d', [-41.638281250000006, 0.1400390625, 20.865820312500002, 0.8402343750000001])
array('d', [-42.7119140625, -0.7468750000000001, 22.6396484375, 0.3267578125])
array('d', [-43.0853515625, 0.7468750000000001, 22.6396484375, 0.3267578125])
array('d', [-38.697460937500004, 0.7468750000000001, 21.192578125, 0.56015625])
array('d', [-38.697460937500004, -0.280078125, 22.219531250000003, -0.18671875000000002])
array('d', [-41.2181640625, -0.280078125, 22.219531250000003, -0.18671875000000002])
array('d', [-42.0583984375, -1.0736328125, 21.8927734375, -0.9802734375000001])
array('d', [-41.3115234375, -0.280078125, 22.312890625, 0.56015625])
array('d', [-41.3115234375, -0.280078125, 22.312890625, 0.56015625])
array('d', [-41.3115234375, -0.280078125, 22.312890625, 0.56015625])
array('d', [-42.0583984375, 0.1400390625, 21.986132812500003, 0.8402343750000001])
array('d', [-42.0583984375, 0.1400390625, 21.986132812500003, 0.8402343750000001])
array('d', [-41.638281250000006, -0.046679687500000004, 22.312890625, -0.6068359375])
array('d', [-40.8447265625, 0.1400390625, 20.9591796875, 0.1400390625])
array('d', [-40.8447265625, 0.42011718750000004, 21.192578125, 0.9802734375000001])
array('d', [-42.0583984375, 0.42011718750000004, 21.192578125, 0.9802734375000001])
array('d', [-42.338476562500006, -0.18671875000000002, 22.312890625, 0.1400390625])
array('d', [-42.338476562500006, -0.18671875000000002, 22.312890625, 0.1400390625])
array('d', [-42.338476562500006, -0.18671875000000002, 22.312890625, 0.1400390625])
array('d', [-41.2181640625, -0.8869140625, 21.192578125, -0.466796875])
array('d', [-42.0583984375, 1.3537109375, 23.153125000000003, 0.1400390625])
array('d', [-42.0583984375, 1.3537109375, 21.986132812500003, -0.9802734375000001])
array('d', [-42.0583984375, 0.7468750000000001, 21.986132812500003, -0.9802734375000001])
array('d', [-42.0583984375, -0.8869140625, 20.865820312500002, 0.7468750000000001])
array('d', [-41.731640625000004, -0.653515625, 22.6396484375, -0.18671875000000002])
array('d', [-41.731640625000004, -0.653515625, 22.6396484375, -0.18671875000000002])
array('d', [-42.0583984375, 0.1400390625, 21.005859375, -0.18671875000000002])
array('d', [-41.544921875, -0.046679687500000004, 21.659375, 0.9802734375000001])
array('d', [-41.2181640625, -0.8869140625, 21.379296875, -0.6068359375])
array('d', [-41.2181640625, -0.8869140625, 22.219531250000003, 0.1400390625])
array('d', [-41.3115234375, 0.1400390625, 22.219531250000003, 0.1400390625])
array('d', [-40.984765625, 0.56015625, 21.659375, 0.7935546875])
array('d', [-42.0583984375, 0.8869140625, 21.986132812500003, -0.6068359375])
array('d', [-42.0583984375, -0.653515625, 21.986132812500003, -0.18671875000000002])
array('d', [-41.2181640625, -0.653515625, 21.379296875, -0.18671875000000002])
array('d', [-41.638281250000006, -0.280078125, 21.285937500000003, -0.18671875000000002])
array('d', [-42.105078125000006, -0.18671875000000002, 21.379296875, 0.56015625])
array('d', [-42.105078125000006, -0.18671875000000002, 21.379296875, 0.56015625])
array('d', [-42.105078125000006, -0.18671875000000002, 21.379296875, 0.56015625])
array('d', [-40.984765625, 0.1400390625, 22.8263671875, 0.466796875])
array('d', [-40.984765625, 0.1400390625, 22.126171875, -0.18671875000000002])
array('d', [-41.2181640625, -0.466796875, 23.666601562500002, -0.6068359375])
array('d', [-41.2181640625, -0.466796875, 23.666601562500002, -0.6068359375])
array('d', [-41.2181640625, -0.466796875, 23.666601562500002, -0.6068359375])
array('d', [-41.2181640625, -0.466796875, 23.666601562500002, -0.6068359375])
array('d', [-41.2181640625, -0.466796875, 23.666601562500002, -0.6068359375])
array('d', [-40.8447265625, 0.56015625, 21.47265625, 0.9802734375000001])
array('d', [-40.8447265625, 0.56015625, 21.47265625, 0.9802734375000001])
array('d', [-43.0853515625, 0.3267578125, 22.919726562500003, -0.18671875000000002])
array('d', [-40.9380859375, 0.3267578125, 22.919726562500003, -0.18671875000000002])
array('d', [-40.9380859375, -0.280078125, 21.47265625, -0.93359375])
array('d', [-41.638281250000006, -0.8869140625, 21.939453125, -0.93359375])
array('d', [-41.2181640625, -0.653515625, 22.919726562500003, 0.8869140625])
array('d', [-41.2181640625, -0.653515625, 21.332617187500002, -0.09335937500000001])
array('d', [-41.638281250000006, -0.466796875, 21.332617187500002, -0.09335937500000001])
array('d', [-40.9380859375, -1.213671875, 21.939453125, 0.37343750000000003])
array('d', [-42.7119140625, 0.42011718750000004, 23.4798828125, -0.93359375])
array('d', [-42.7119140625, 0.42011718750000004, 23.4798828125, 0.466796875])
array('d', [-40.8447265625, 0.1400390625, 22.032812500000002, 0.466796875])
array('d', [-40.9380859375, 0.8402343750000001, 21.47265625, 0.1400390625])
array('d', [-40.9380859375, 0.8869140625, 21.332617187500002, 0.1400390625])
array('d', [-42.338476562500006, 0.8869140625, 21.332617187500002, -0.93359375])
array('d', [-42.478515625, -0.18671875000000002, 21.939453125, -0.18671875000000002])
array('d', [-42.7119140625, 0.56015625, 21.6126953125, -0.2333984375])
array('d', [-42.7119140625, 0.56015625, 21.6126953125, -0.93359375])
array('d', [-41.638281250000006, -0.1400390625, 22.032812500000002, -0.93359375])
array('d', [-43.785546875, -0.046679687500000004, 21.2392578125, 0.7935546875])
array('d', [-40.9380859375, -0.046679687500000004, 21.2392578125, -0.18671875000000002])
array('d', [-40.9380859375, -0.046679687500000004, 21.2392578125, -0.18671875000000002])
array('d', [-42.291796875, -0.046679687500000004, 22.3595703125, -0.9802734375000001])
array('d', [-41.965039062500004, 0.7468750000000001, 22.6396484375, 0.1400390625])
array('d', [-41.965039062500004, 0.7468750000000001, 22.032812500000002, -0.5134765625000001])
array('d', [-41.965039062500004, -0.046679687500000004, 22.032812500000002, -0.5134765625000001])
array('d', [-42.805273437500006, 0.3267578125, 21.6126953125, -0.93359375])
array('d', [-42.805273437500006, -0.280078125, 21.939453125, 0.1400390625])
array('d', [-42.805273437500006, -0.280078125, 21.939453125, 0.1400390625])
array('d', [-42.805273437500006, -0.280078125, 21.939453125, 0.1400390625])
array('d', [-42.805273437500006, -0.280078125, 21.939453125, 0.1400390625])
array('d', [-41.731640625000004, 0.42011718750000004, 21.2392578125, -0.6068359375])
array('d', [-41.731640625000004, 0.42011718750000004, 21.939453125, -0.5134765625000001])
array('d', [-41.731640625000004, 0.1400390625, 21.939453125, -0.5134765625000001])
array('d', [-41.731640625000004, 0.1400390625, 21.939453125, -0.5134765625000001])
array('d', [-42.291796875, -0.18671875000000002, 23.059765625, -0.5134765625000001])
array('d', [-42.338476562500006, 0.3267578125, 21.47265625, 0.1400390625])
array('d', [-42.338476562500006, 0.3267578125, 21.47265625, 0.1400390625])
array('d', [-40.564648437500004, -0.7468750000000001, 22.032812500000002, -0.18671875000000002])
array('d', [-41.638281250000006, 0.9802734375000001, 21.332617187500002, 0.9802734375000001])
array('d', [-41.638281250000006, 0.1400390625, 22.1728515625, -1.2603515625000001])
array('d', [-42.338476562500006, 0.1400390625, 22.1728515625, -1.2603515625000001])
array('d', [-41.638281250000006, 0.1400390625, 21.939453125, 0.2333984375])
array('d', [-41.638281250000006, -0.466796875, 22.59296875, -0.42011718750000004])
array('d', [-41.965039062500004, 0.56015625, 22.032812500000002, 0.6068359375])
array('d', [-41.965039062500004, 0.56015625, 22.032812500000002, -0.5134765625000001])
array('d', [-42.0583984375, -0.466796875, 21.2392578125, -0.5134765625000001])
array('d', [-41.3115234375, -0.1400390625, 21.47265625, -0.8402343750000001])
array('d', [-41.3115234375, -0.466796875, 21.47265625, -0.8402343750000001])
array('d', [-41.2181640625, -0.466796875, 22.032812500000002, -0.2333984375])
array('d', [-40.9380859375, 0.9802734375000001, 21.192578125, 0.5134765625000001])
array('d', [-40.9380859375, -0.8869140625, 21.659375, -1.6804687500000002])
array('d', [-40.9380859375, -0.8869140625, 21.659375, -1.6804687500000002])
array('d', [-40.9380859375, -0.8869140625, 21.659375, -1.6804687500000002])
array('d', [-41.638281250000006, -0.8869140625, 22.0794921875, -0.1400390625])
array('d', [-42.338476562500006, -0.1400390625, 22.0794921875, -0.1400390625])
array('d', [-41.3115234375, -0.653515625, 21.379296875, -0.18671875000000002])
array('d', [-42.338476562500006, -0.046679687500000004, 22.0794921875, -0.6068359375])
array('d', [-42.338476562500006, -0.046679687500000004, 22.0794921875, -0.6068359375])
array('d', [-40.1912109375, -0.280078125, 20.819140625000003, -0.6068359375])
array('d', [-40.1912109375, 0.1400390625, 21.052539062500003, 2.707421875])
array('d', [-42.478515625, -0.046679687500000004, 21.379296875, 0.1400390625])
array('d', [-42.7119140625, -0.653515625, 21.659375, 0.5134765625000001])
array('d', [-42.7119140625, -0.653515625, 22.7796875, -0.93359375])
array('d', [-42.338476562500006, -1.213671875, 22.7796875, -0.93359375])
array('d', [-40.984765625, -1.0736328125, 22.7796875, 0.1400390625])
array('d', [-41.731640625000004, 0.3267578125, 22.7796875, -0.8402343750000001])
array('d', [-41.731640625000004, 0.3267578125, 22.7796875, -0.8402343750000001])
array('d', [-41.731640625000004, 0.3267578125, 22.7796875, -0.8402343750000001])
array('d', [-42.478515625, 0.1400390625, 21.379296875, -0.5134765625000001])
array('d', [-42.805273437500006, 0.1400390625, 22.499609375000002, 0.2333984375])
array('d', [-42.805273437500006, 0.1400390625, 22.312890625, -1.30703125])
array('d', [-41.638281250000006, 0.1400390625, 22.312890625, -1.30703125])
array('d', [-42.338476562500006, 0.1400390625, 22.7796875, 0.1400390625])
array('d', [-41.3115234375, -0.466796875, 23.4798828125, -0.5134765625000001])
array('d', [-41.3115234375, -0.280078125, 22.59296875, -0.18671875000000002])
array('d', [-42.0583984375, -0.280078125, 22.59296875, -0.18671875000000002])
array('d', [-42.338476562500006, 0.3267578125, 21.052539062500003, 0.2333984375])
array('d', [-42.0583984375, 0.56015625, 22.499609375000002, -1.30703125])
array('d', [-42.0583984375, 0.56015625, 22.499609375000002, -1.30703125])
array('d', [-42.0583984375, 0.56015625, 22.499609375000002, -1.30703125])
array('d', [-41.731640625000004, -0.466796875, 21.052539062500003, -0.2333984375])
array('d', [-42.7119140625, -0.466796875, 21.052539062500003, 0.1400390625])
array('d', [-41.965039062500004, -0.466796875, 21.052539062500003, 0.1400390625])
array('d', [-41.965039062500004, 0.1400390625, 22.6396484375, -0.6068359375])
array('d', [-41.731640625000004, 0.56015625, 22.6396484375, -0.93359375])
array('d', [-40.9380859375, -1.0736328125, 22.1728515625, 0.2333984375])
array('d', [-40.9380859375, -1.0736328125, 22.1728515625, 0.2333984375])
array('d', [-41.2181640625, -0.046679687500000004, 21.519335937500003, -0.6068359375])
array('d', [-41.3115234375, -0.046679687500000004, 20.9591796875, -0.466796875])
array('d', [-42.338476562500006, -0.09335937500000001, 23.33984375, -0.6068359375])
array('d', [-42.338476562500006, -0.09335937500000001, 23.33984375, -0.6068359375])
array('d', [-41.965039062500004, -0.280078125, 22.1728515625, -4.9013671875])
array('d', [-41.965039062500004, 0.8402343750000001, 23.33984375, 1.30703125])
array('d', [-41.965039062500004, 0.8402343750000001, 23.33984375, -0.18671875000000002])
array('d', [-42.7119140625, 0.1400390625, 22.6396484375, -0.18671875000000002])
array('d', [-40.9380859375, -0.09335937500000001, 21.752734375000003, -0.2333984375])
array('d', [-41.2181640625, 0.93359375, 21.752734375000003, -0.2333984375])
array('d', [-42.0583984375, 0.93359375, 22.312890625, 0.8869140625])
array('d', [-42.338476562500006, 1.1669921875, 21.052539062500003, 0.1400390625])
array('d', [-42.805273437500006, 0.1400390625, 21.519335937500003, 0.2333984375])
array('d', [-42.805273437500006, 0.1400390625, 21.519335937500003, 0.2333984375])
array('d', [-42.805273437500006, 0.1400390625, 21.519335937500003, 0.2333984375])
array('d', [-42.0583984375, -0.046679687500000004, 21.052539062500003, -0.5134765625000001])
array('d', [-41.3115234375, -0.18671875000000002, 21.939453125, 0.9802734375000001])
array('d', [-41.3115234375, -0.18671875000000002, 21.752734375000003, 1.30703125])
array('d', [-41.3115234375, -0.18671875000000002, 21.752734375000003, 1.30703125])
array('d', [-41.3115234375, -0.18671875000000002, 21.752734375000003, 1.30703125])
array('d', [-41.3115234375, -0.18671875000000002, 21.752734375000003, 1.30703125])
array('d', [-41.3115234375, -0.18671875000000002, 21.752734375000003, 1.30703125])
array('d', [-41.544921875, 1.1669921875, 22.1728515625, 0.6068359375])
array('d', [-42.7119140625, -0.18671875000000002, 22.1728515625, 0.6068359375])
array('d', [-41.3115234375, -0.466796875, 21.519335937500003, 0.56015625])
array('d', [-40.984765625, 0.1400390625, 21.939453125, 0.56015625])
array('d', [-42.0583984375, -0.09335937500000001, 21.939453125, -0.18671875000000002])
array('d', [-42.0583984375, -0.09335937500000001, 21.939453125, -0.18671875000000002])
array('d', [-41.638281250000006, -0.046679687500000004, 23.153125000000003, -0.18671875000000002])
array('d', [-41.358203125, -0.653515625, 22.6396484375, 0.1400390625])
array('d', [-42.105078125000006, 1.1669921875, 22.1728515625, 0.2333984375])
array('d', [-41.2181640625, 0.56015625, 22.3595703125, 0.2333984375])
array('d', [-41.2181640625, 0.56015625, 22.3595703125, 0.9802734375000001])
array('d', [-42.0583984375, -0.653515625, 22.452929687500003, 0.56015625])
array('d', [-43.0853515625, -0.8869140625, 22.452929687500003, 0.56015625])
array('d', [-43.0853515625, 0.1400390625, 21.052539062500003, -0.2333984375])
array('d', [-42.0583984375, 0.1400390625, 21.519335937500003, -0.6068359375])
array('d', [-41.965039062500004, -0.046679687500000004, 21.519335937500003, -0.6068359375])
array('d', [-42.7119140625, -0.280078125, 22.1728515625, -0.93359375])
array('d', [-42.7119140625, -0.046679687500000004, 21.752734375000003, -0.2333984375])
array('d', [-41.3115234375, 0.1400390625, 22.3595703125, -1.30703125])
array('d', [-41.965039062500004, 0.56015625, 21.939453125, -0.93359375])
array('d', [-41.965039062500004, 0.5134765625000001, 21.939453125, 0.2333984375])
array('d', [-41.638281250000006, 0.5134765625000001, 21.939453125, 0.2333984375])
array('d', [-40.564648437500004, -0.653515625, 22.0794921875, 0.2333984375])
array('d', [-40.564648437500004, -0.653515625, 22.0794921875, 0.2333984375])
array('d', [-41.965039062500004, 0.37343750000000003, 21.939453125, 0.9802734375000001])
array('d', [-42.805273437500006, -0.046679687500000004, 21.659375, -0.5134765625000001])
array('d', [-42.0583984375, -0.046679687500000004, 21.659375, -0.5134765625000001])
array('d', [-41.965039062500004, 0.1400390625, 22.3595703125, 0.56015625])
array('d', [-42.478515625, 0.37343750000000003, 20.72578125, -1.400390625])
array('d', [-41.638281250000006, -0.7468750000000001, 21.4259765625, -1.400390625])
array('d', [-41.638281250000006, -0.466796875, 22.6396484375, -0.93359375])
array('d', [-41.2181640625, -0.466796875, 22.6396484375, -0.6068359375])
array('d', [-42.7119140625, 0.37343750000000003, 21.659375, -0.2333984375])
array('d', [-41.638281250000006, 0.37343750000000003, 21.659375, -0.2333984375])
array('d', [-43.0853515625, 0.1400390625, 23.153125000000003, 0.2333984375])
array('d', [-40.9380859375, -0.8869140625, 22.1728515625, 0.1400390625])
array('d', [-40.9380859375, -0.8869140625, 22.1728515625, 0.1400390625])
array('d', [-40.984765625, 0.56015625, 21.84609375, -0.2333984375])
array('d', [-41.638281250000006, -0.466796875, 22.873046875, -0.18671875000000002])
array('d', [-41.638281250000006, -0.466796875, 22.7796875, 0.1400390625])
array('d', [-41.638281250000006, -0.466796875, 22.7796875, 0.1400390625])
array('d', [-42.338476562500006, -1.0736328125, 22.7796875, 0.1400390625])
array('d', [-42.478515625, -0.466796875, 21.4259765625, 0.56015625])
array('d', [-41.965039062500004, -0.280078125, 22.6396484375, -0.2333984375])
array('d', [-42.291796875, -1.0736328125, 21.939453125, -1.2603515625000001])
array('d', [-42.291796875, -0.466796875, 23.33984375, 0.1400390625])
array('d', [-41.731640625000004, -0.466796875, 23.33984375, 0.1400390625])
array('d', [-41.2181640625, 0.37343750000000003, 21.939453125, -0.6068359375])
array('d', [-43.1787109375, 0.9802734375000001, 23.059765625, -2.42734375])
array('d', [-41.731640625000004, 0.1400390625, 21.519335937500003, -0.6068359375])
array('d', [-41.544921875, -0.280078125, 23.059765625, 1.30703125])
array('d', [-41.544921875, -0.280078125, 23.059765625, 1.30703125])
array('d', [-42.851953125, 1.1669921875, 21.659375, 0.9802734375000001])
array('d', [-41.965039062500004, 0.5134765625000001, 21.939453125, 0.280078125])
array('d', [-41.965039062500004, 0.5134765625000001, 23.059765625, 0.1400390625])
array('d', [-41.965039062500004, 0.5134765625000001, 23.059765625, 0.1400390625])
array('d', [-41.965039062500004, 0.5134765625000001, 23.059765625, 0.1400390625])
array('d', [-42.7119140625, -0.046679687500000004, 23.059765625, -0.6068359375])
array('d', [-42.478515625, 0.37343750000000003, 21.1458984375, -0.6068359375])
array('d', [-43.0853515625, 0.7468750000000001, 21.752734375000003, 0.5134765625000001])
array('d', [-42.338476562500006, -0.466796875, 21.752734375000003, -0.18671875000000002])
array('d', [-42.338476562500006, -0.466796875, 21.752734375000003, 1.30703125])
array('d', [-41.3115234375, 0.1400390625, 22.3595703125, 1.30703125])
array('d', [-42.338476562500006, -0.18671875000000002, 22.3595703125, 1.30703125])
array('d', [-42.338476562500006, -0.18671875000000002, 22.3595703125, 1.30703125])
array('d', [-42.338476562500006, -0.046679687500000004, 22.452929687500003, 0.5134765625000001])
array('d', [-41.3115234375, -0.046679687500000004, 22.452929687500003, 0.5134765625000001])
array('d', [-41.638281250000006, -0.466796875, 22.6396484375, 0.1400390625])
array('d', [-43.0853515625, 0.7468750000000001, 21.519335937500003, 0.8869140625])
array('d', [-43.0853515625, 0.7468750000000001, 22.6396484375, 0.1400390625])
array('d', [-42.7119140625, 0.56015625, 22.6396484375, 0.1400390625])
array('d', [-42.338476562500006, -0.09335937500000001, 22.7796875, 0.1400390625])
array('d', [-42.338476562500006, -0.09335937500000001, 22.7796875, 0.1400390625])
array('d', [-42.338476562500006, 0.5134765625000001, 22.3595703125, 0.56015625])
array('d', [-42.338476562500006, -0.046679687500000004, 22.6396484375, 0.56015625])
array('d', [-41.3115234375, -0.046679687500000004, 22.6396484375, 0.56015625])
array('d', [-42.7119140625, 1.1669921875, 21.659375, 0.9802734375000001])
array('d', [-42.805273437500006, 0.56015625, 23.33984375, 0.1400390625])
array('d', [-42.805273437500006, 0.56015625, 21.752734375000003, 0.9802734375000001])
array('d', [-42.0583984375, -0.466796875, 21.752734375000003, 0.9802734375000001])
array('d', [-41.638281250000006, -0.046679687500000004, 22.1728515625, -0.8402343750000001])
array('d', [-43.365429687500004, 0.9802734375000001, 21.659375, -0.8402343750000001])
array('d', [-41.731640625000004, -0.7001953125, 22.0794921875, -0.5134765625000001])
array('d', [-41.731640625000004, -0.280078125, 21.939453125, -0.5134765625000001])
array('d', [-41.2181640625, -0.280078125, 21.939453125, -0.5134765625000001])
array('d', [-42.805273437500006, 0.56015625, 21.939453125, -0.5134765625000001])
array('d', [-42.0583984375, -0.2333984375, 21.986132812500003, -0.5134765625000001])
array('d', [-42.0583984375, -0.2333984375, 21.986132812500003, -0.5134765625000001])
array('d', [-40.9380859375, -0.280078125, 21.659375, -0.93359375])
array('d', [-42.291796875, -0.466796875, 22.7796875, 0.2333984375])
array('d', [-42.291796875, -0.466796875, 22.7796875, 0.1400390625])
array('d', [-42.291796875, -0.466796875, 22.7796875, 0.1400390625])
array('d', [-42.291796875, -0.466796875, 22.7796875, 0.1400390625])
array('d', [-42.291796875, -0.466796875, 22.7796875, 0.1400390625])
array('d', [-41.2181640625, -0.280078125, 22.873046875, 0.1400390625])
array('d', [-42.7119140625, 0.1400390625, 22.6396484375, 0.56015625])
array('d', [-42.7119140625, 0.1400390625, 21.005859375, -0.5134765625000001])
array('d', [-42.0583984375, 0.1400390625, 21.005859375, -0.5134765625000001])
array('d', [-41.965039062500004, 0.1400390625, 21.939453125, -0.6068359375])
array('d', [-42.338476562500006, 0.1400390625, 22.3595703125, -0.5134765625000001])
array('d', [-42.338476562500006, 0.1400390625, 22.3595703125, -0.5134765625000001])
array('d', [-42.338476562500006, 0.1400390625, 22.3595703125, -0.5134765625000001])
array('d', [-42.338476562500006, 0.1400390625, 22.3595703125, -0.5134765625000001])
array('d', [-40.564648437500004, -0.7468750000000001, 21.84609375, 0.1400390625])
array('d', [-40.564648437500004, -0.7468750000000001, 22.5462890625, 0.2333984375])
array('d', [-41.3115234375, -0.046679687500000004, 22.5462890625, 0.2333984375])
array('d', [-41.3115234375, -0.046679687500000004, 22.5462890625, 0.2333984375])
array('d', [-41.3115234375, -0.046679687500000004, 22.5462890625, 0.2333984375])
array('d', [-41.3115234375, -0.046679687500000004, 22.5462890625, 0.2333984375])
array('d', [-41.638281250000006, 0.1400390625, 21.659375, 0.56015625])
array('d', [-42.7119140625, -0.09335937500000001, 22.0794921875, 0.56015625])
array('d', [-41.731640625000004, 0.1400390625, 21.659375, 0.1400390625])
array('d', [-41.731640625000004, 0.1400390625, 22.5462890625, 0.2333984375])
array('d', [-41.544921875, -0.046679687500000004, 22.5462890625, 0.2333984375])
array('d', [-42.0583984375, 1.213671875, 22.7796875, -0.18671875000000002])
array('d', [-41.638281250000006, -1.2603515625000001, 21.659375, -1.0269531250000001])
array('d', [-41.638281250000006, -1.2603515625000001, 21.939453125, 0.2333984375])
array('d', [-41.638281250000006, -1.2603515625000001, 21.939453125, 0.8869140625])
array('d', [-41.544921875, -0.280078125, 22.7796875, 0.8869140625])
array('d', [-42.0583984375, 1.213671875, 21.659375, -0.93359375])
array('d', [-42.0583984375, 0.7935546875, 22.3595703125, -0.9802734375000001])
array('d', [-41.3115234375, 0.7935546875, 20.7724609375, 1.2603515625000001])
array('d', [-40.9380859375, -0.466796875, 20.7724609375, 1.2603515625000001])
array('d', [-42.0583984375, 0.7935546875, 22.966406250000002, -0.93359375])
array('d', [-41.3115234375, 0.56015625, 23.4798828125, 0.56015625])
array('d', [-41.3115234375, 0.56015625, 23.4798828125, -0.93359375])
array('d', [-41.3115234375, 0.56015625, 23.4798828125, -0.93359375])
array('d', [-41.3115234375, 0.56015625, 23.4798828125, -0.93359375])
array('d', [-41.3115234375, 0.56015625, 23.4798828125, -0.93359375])
array('d', [-41.3115234375, 0.56015625, 23.4798828125, -0.93359375])
array('d', [-42.805273437500006, 0.1400390625, 21.005859375, 0.56015625])
array('d', [-42.805273437500006, 0.1400390625, 21.005859375, 0.56015625])
array('d', [-42.9453125, -0.7001953125, 22.5462890625, -1.2603515625000001])
array('d', [-42.9453125, -0.7001953125, 22.5462890625, -1.2603515625000001])
array('d', [-41.544921875, 0.56015625, 21.84609375, 0.56015625])
array('d', [-41.2181640625, -0.09335937500000001, 22.3595703125, -0.93359375])
array('d', [-42.338476562500006, 0.37343750000000003, 22.7796875, -0.18671875000000002])
array('d', [-42.338476562500006, 0.42011718750000004, 21.659375, -0.18671875000000002])
array('d', [-42.478515625, 0.42011718750000004, 21.659375, -0.18671875000000002])
array('d', [-42.105078125000006, -0.8869140625, 21.192578125, 0.56015625])
array('d', [-40.8447265625, -0.7001953125, 22.0794921875, 0.1400390625])
array('d', [-40.8447265625, -0.7001953125, 22.0794921875, 0.1400390625])
array('d', [-40.8447265625, -0.7001953125, 22.0794921875, 0.1400390625])
array('d', [-40.8447265625, -0.7001953125, 22.0794921875, 0.1400390625])
array('d', [-40.8447265625, -0.7001953125, 22.0794921875, 0.1400390625])
array('d', [-41.3115234375, 0.1400390625, 22.7796875, 0.8869140625])
array('d', [-41.638281250000006, -0.046679687500000004, 22.0794921875, 0.8869140625])
array('d', [-41.638281250000006, -1.1203125, 22.5462890625, -0.1400390625])
array('d', [-41.638281250000006, -1.1203125, 22.5462890625, -0.1400390625])
array('d', [-41.3115234375, 0.1400390625, 23.4798828125, 0.56015625])
array('d', [-41.3115234375, -0.046679687500000004, 22.5462890625, 0.6068359375])
array('d', [-42.805273437500006, -0.046679687500000004, 22.5462890625, 0.6068359375])
array('d', [-42.0583984375, 0.1400390625, 20.35234375, -0.18671875000000002])
array('d', [-42.0583984375, -0.046679687500000004, 21.659375, 0.56015625])
array('d', [-42.0583984375, -0.046679687500000004, 21.659375, 0.56015625])
array('d', [-41.731640625000004, 0.5134765625000001, 22.3595703125, 0.56015625])
array('d', [-42.805273437500006, 0.7935546875, 21.47265625, -0.18671875000000002])
array('d', [-42.805273437500006, -0.046679687500000004, 21.47265625, -0.8869140625])
array('d', [-43.0853515625, -0.046679687500000004, 21.47265625, -0.8869140625])
array('d', [-42.0583984375, 0.42011718750000004, 21.659375, -0.18671875000000002])
array('d', [-42.0583984375, 0.42011718750000004, 21.659375, -0.18671875000000002])
array('d', [-42.0583984375, 0.42011718750000004, 21.659375, -0.18671875000000002])
array('d', [-41.3115234375, -0.466796875, 22.266210937500002, -0.93359375])
array('d', [-42.7119140625, 1.213671875, 21.2392578125, -0.1400390625])
array('d', [-42.7119140625, 1.213671875, 22.5462890625, 0.56015625])
array('d', [-42.7119140625, 1.213671875, 22.5462890625, 0.56015625])
array('d', [-42.7119140625, 1.213671875, 22.5462890625, 0.56015625])
array('d', [-42.7119140625, 1.213671875, 22.5462890625, 0.56015625])
array('d', [-42.805273437500006, 0.56015625, 22.5462890625, -1.30703125])
array('d', [-41.731640625000004, 0.56015625, 22.5462890625, -1.30703125])
array('d', [-41.965039062500004, 0.1400390625, 22.3595703125, 0.56015625])
array('d', [-41.544921875, -0.8869140625, 22.0794921875, 0.56015625])
array('d', [-41.544921875, -0.8869140625, 22.0794921875, -0.6068359375])
array('d', [-42.338476562500006, 0.7935546875, 21.659375, -0.93359375])
array('d', [-42.291796875, -0.466796875, 23.059765625, -0.93359375])
array('d', [-42.291796875, -0.466796875, 23.059765625, -0.93359375])
array('d', [-41.965039062500004, -0.466796875, 21.2392578125, 0.56015625])
array('d', [-42.7119140625, -0.280078125, 21.986132812500003, 0.1400390625])
array('d', [-42.7119140625, -0.280078125, 22.1728515625, 0.1400390625])
array('d', [-42.7119140625, -0.280078125, 22.1728515625, 0.1400390625])
array('d', [-42.7119140625, -0.280078125, 22.1728515625, 0.1400390625])
array('d', [-42.7119140625, -0.280078125, 22.1728515625, 0.1400390625])
array('d', [-41.731640625000004, 0.7935546875, 22.0794921875, 0.56015625])
array('d', [-42.338476562500006, -0.046679687500000004, 22.0794921875, 0.56015625])
array('d', [-40.1912109375, -0.8869140625, 22.3595703125, -0.18671875000000002])
array('d', [-40.1912109375, -0.8869140625, 22.3595703125, -0.18671875000000002])
array('d', [-40.1912109375, -0.8869140625, 22.3595703125, -0.18671875000000002])
array('d', [-42.7119140625, 0.37343750000000003, 21.84609375, -0.18671875000000002])
array('d', [-43.0853515625, 0.7935546875, 21.986132812500003, 0.2333984375])
array('d', [-43.0853515625, -0.046679687500000004, 21.659375, -0.93359375])
array('d', [-43.0853515625, -0.046679687500000004, 21.659375, -0.93359375])
array('d', [-43.0853515625, -0.046679687500000004, 21.659375, -0.93359375])
array('d', [-42.338476562500006, -0.280078125, 23.246484375, 0.93359375])
array('d', [-42.338476562500006, -0.280078125, 21.939453125, -1.6804687500000002])
array('d', [-41.965039062500004, -0.466796875, 21.939453125, -1.6804687500000002])
array('d', [-42.338476562500006, -1.2603515625000001, 20.7724609375, -0.18671875000000002])
array('d', [-43.1787109375, 0.56015625, 22.7796875, -0.1400390625])
array('d', [-43.1787109375, 0.56015625, 22.7796875, 0.6068359375])
array('d', [-42.0583984375, -1.1203125, 22.7796875, 0.6068359375])
array('d', [-40.9380859375, -1.5404296875, 23.246484375, -0.18671875000000002])
array('d', [-40.9380859375, -1.5404296875, 23.246484375, 0.56015625])
array('d', [-42.478515625, -0.3267578125, 22.7796875, 0.56015625])
array('d', [-41.731640625000004, -0.466796875, 21.47265625, 0.18671875000000002])
array('d', [-41.731640625000004, -0.466796875, 21.939453125, -0.18671875000000002])
array('d', [-41.731640625000004, -1.1203125, 22.0794921875, 0.18671875000000002])
array('d', [-40.984765625, 0.56015625, 22.0794921875, 0.18671875000000002])
array('d', [-41.2181640625, 0.56015625, 22.7796875, -0.5134765625000001])
array('d', [-41.731640625000004, 0.1400390625, 22.3595703125, 0.18671875000000002])
array('d', [-40.984765625, 0.1400390625, 21.379296875, 0.9802734375000001])
array('d', [-40.984765625, 0.1400390625, 21.379296875, 0.8869140625])
array('d', [-42.0583984375, 0.42011718750000004, 22.966406250000002, 0.8869140625])
array('d', [-42.0583984375, 0.5134765625000001, 21.939453125, -0.6068359375])
array('d', [-42.0583984375, 0.1400390625, 22.966406250000002, -0.6068359375])
array('d', [-42.0583984375, 0.1400390625, 22.966406250000002, -0.6068359375])
array('d', [-41.2181640625, 0.56015625, 22.7796875, -0.18671875000000002])
array('d', [-42.0583984375, -1.2603515625000001, 21.659375, -0.18671875000000002])
array('d', [-42.0583984375, -1.2603515625000001, 21.659375, -0.18671875000000002])
array('d', [-40.8447265625, 0.1400390625, 21.6126953125, 0.2333984375])
array('d', [-42.478515625, 0.56015625, 21.659375, -0.93359375])
array('d', [-42.478515625, -1.5404296875, 21.8927734375, 1.30703125])
array('d', [-42.478515625, -1.5404296875, 21.8927734375, 1.30703125])
array('d', [-42.478515625, -1.5404296875, 21.8927734375, 1.30703125])
array('d', [-42.478515625, -1.5404296875, 21.8927734375, 1.30703125])
array('d', [-41.2181640625, -0.280078125, 22.3595703125, 0.2333984375])
array('d', [-41.2181640625, -0.280078125, 22.3595703125, -0.5134765625000001])
array('d', [-41.731640625000004, -0.7001953125, 22.5462890625, -0.5134765625000001])
array('d', [-41.731640625000004, -0.7001953125, 22.5462890625, -0.5134765625000001])
array('d', [-41.731640625000004, -0.7001953125, 22.5462890625, -0.5134765625000001])
array('d', [-42.805273437500006, -0.2333984375, 22.5462890625, 0.18671875000000002])
array('d', [-41.544921875, -0.280078125, 22.266210937500002, 0.1400390625])
array('d', [-42.851953125, -0.8869140625, 22.0794921875, 0.56015625])
array('d', [-42.851953125, -0.8869140625, 22.0794921875, 0.56015625])
array('d', [-41.2181640625, -0.280078125, 21.6126953125, 1.30703125])
array('d', [-41.2181640625, -0.7001953125, 21.8927734375, 0.93359375])
array('d', [-41.2181640625, -0.7001953125, 21.8927734375, 0.9802734375000001])
array('d', [-40.9380859375, 0.1400390625, 21.659375, 0.9802734375000001])
array('d', [-43.1787109375, 0.37343750000000003, 21.192578125, -0.93359375])
array('d', [-40.237890625, 0.1400390625, 22.5462890625, 0.1400390625])
array('d', [-40.237890625, 0.1400390625, 21.192578125, 0.56015625])
array('d', [-40.237890625, 0.1400390625, 21.192578125, 0.56015625])
array('d', [-40.237890625, 0.1400390625, 21.192578125, 0.56015625])
array('d', [-41.871679687500006, 0.56015625, 21.192578125, 0.56015625])
array('d', [-41.871679687500006, -0.046679687500000004, 22.5462890625, -0.18671875000000002])
array('d', [-42.805273437500006, 0.42011718750000004, 20.7724609375, -0.18671875000000002])
array('d', [-42.805273437500006, 0.42011718750000004, 20.7724609375, -0.18671875000000002])
array('d', [-41.965039062500004, -0.280078125, 23.246484375, 0.9802734375000001])
array('d', [-41.965039062500004, -0.280078125, 21.005859375, 1.3537109375])
array('d', [-42.478515625, -1.1203125, 21.005859375, 1.3537109375])
array('d', [-42.7119140625, -0.7001953125, 22.5462890625, 0.93359375])
array('d', [-42.0583984375, -0.7001953125, 22.5462890625, 0.18671875000000002])
array('d', [-42.0583984375, -0.7001953125, 22.5462890625, -0.18671875000000002])
array('d', [-42.338476562500006, 1.400390625, 23.246484375, -0.18671875000000002])
array('d', [-41.2181640625, 0.1400390625, 22.266210937500002, -1.30703125])
array('d', [-41.2181640625, 0.37343750000000003, 23.246484375, 0.2333984375])
array('d', [-41.2181640625, 0.37343750000000003, 22.686328125000003, 0.93359375])
array('d', [-41.731640625000004, 0.7468750000000001, 22.686328125000003, 0.93359375])
array('d', [-41.731640625000004, 0.7468750000000001, 22.686328125000003, 0.93359375])
array('d', [-41.731640625000004, 0.7468750000000001, 22.686328125000003, 0.93359375])
array('d', [-41.731640625000004, 0.7468750000000001, 22.686328125000003, 0.93359375])
array('d', [-40.9380859375, -0.8869140625, 21.6126953125, 0.56015625])
array('d', [-40.9380859375, -0.8869140625, 22.966406250000002, 0.56015625])
array('d', [-40.9380859375, -0.8869140625, 22.966406250000002, 0.56015625])
array('d', [-40.9380859375, -0.8869140625, 22.966406250000002, 0.56015625])
array('d', [-42.805273437500006, -0.09335937500000001, 21.379296875, 0.56015625])
array('d', [-41.2181640625, -0.280078125, 22.3595703125, 1.2603515625000001])
array('d', [-42.7119140625, -0.466796875, 22.032812500000002, 0.18671875000000002])
array('d', [-42.7119140625, -0.466796875, 22.032812500000002, 0.18671875000000002])
array('d', [-42.7119140625, -0.8869140625, 22.5462890625, -0.6068359375])
array('d', [-42.0583984375, -0.8869140625, 22.5462890625, -0.6068359375])
array('d', [-42.7119140625, -1.2603515625000001, 22.7796875, -0.93359375])
array('d', [-42.571875000000006, -1.2603515625000001, 22.7796875, -0.93359375])
array('d', [-42.571875000000006, -1.2603515625000001, 22.7796875, -0.93359375])
array('d', [-42.571875000000006, -1.2603515625000001, 22.7796875, -0.93359375])
array('d', [-42.571875000000006, 0.42011718750000004, 21.8927734375, 1.2603515625000001])
array('d', [-41.965039062500004, 0.1400390625, 22.5462890625, -0.6068359375])
array('d', [-41.965039062500004, -0.466796875, 22.6396484375, -1.2603515625000001])
array('d', [-42.0583984375, -0.466796875, 22.6396484375, -1.2603515625000001])
array('d', [-42.0583984375, -0.466796875, 22.6396484375, -1.2603515625000001])
array('d', [-42.0583984375, -0.466796875, 22.6396484375, -1.2603515625000001])
array('d', [-40.9380859375, -0.466796875, 21.8927734375, 0.2333984375])
array('d', [-42.805273437500006, 0.1400390625, 22.966406250000002, -0.18671875000000002])
array('d', [-42.805273437500006, 0.1400390625, 22.966406250000002, -0.93359375])
array('d', [-42.805273437500006, 0.1400390625, 22.966406250000002, -0.93359375])
array('d', [-42.805273437500006, 0.1400390625, 22.966406250000002, -0.93359375])
array('d', [-42.805273437500006, 0.1400390625, 22.966406250000002, -0.93359375])
array('d', [-41.544921875, 0.42011718750000004, 22.5462890625, 0.1400390625])
array('d', [-42.338476562500006, 0.37343750000000003, 22.5462890625, 0.1400390625])
array('d', [-41.965039062500004, 0.56015625, 23.4798828125, 0.56015625])
array('d', [-41.2181640625, 0.1400390625, 23.4798828125, 0.56015625])
array('d', [-42.478515625, -0.280078125, 22.7796875, -0.1400390625])
array('d', [-42.478515625, -0.280078125, 22.7796875, -0.1400390625])
array('d', [-41.638281250000006, -0.466796875, 22.966406250000002, -0.93359375])
array('d', [-42.338476562500006, -0.466796875, 21.47265625, -0.18671875000000002])
array('d', [-42.338476562500006, -0.466796875, 21.47265625, -0.6068359375])
array('d', [-42.478515625, -0.466796875, 21.47265625, -0.6068359375])
array('d', [-41.544921875, -0.280078125, 21.192578125, -0.6068359375])
array('d', [-41.544921875, -0.280078125, 24.086718750000003, 0.1400390625])
array('d', [-41.638281250000006, -0.280078125, 24.086718750000003, 0.1400390625])
array('d', [-41.638281250000006, -0.280078125, 24.086718750000003, 0.1400390625])
array('d', [-41.638281250000006, -0.280078125, 24.086718750000003, 0.1400390625])
array('d', [-41.638281250000006, -0.280078125, 24.086718750000003, 0.1400390625])
array('d', [-41.965039062500004, -0.42011718750000004, 21.659375, 0.2333984375])
array('d', [-41.638281250000006, 0.1400390625, 21.939453125, -0.8869140625])
array('d', [-42.7119140625, -0.466796875, 22.6396484375, 0.56015625])
array('d', [-42.7119140625, -0.466796875, 22.6396484375, 0.56015625])
array('d', [-42.7119140625, -0.466796875, 22.6396484375, 0.56015625])
array('d', [-42.7119140625, -0.466796875, 22.6396484375, 0.56015625])
array('d', [-43.505468750000006, 1.213671875, 21.192578125, 0.2333984375])
array('d', [-41.638281250000006, 0.1400390625, 20.7724609375, 0.56015625])
array('d', [-41.638281250000006, 0.1400390625, 20.7724609375, 0.56015625])
array('d', [-41.638281250000006, 0.1400390625, 20.7724609375, 0.56015625])
array('d', [-41.638281250000006, 0.1400390625, 20.7724609375, 0.56015625])
array('d', [-41.638281250000006, 0.1400390625, 20.7724609375, 0.56015625])
array('d', [-41.638281250000006, 0.37343750000000003, 22.7796875, 0.56015625])
array('d', [-42.0583984375, 0.1400390625, 22.7796875, 0.56015625])
array('d', [-41.638281250000006, 0.9802734375000001, 21.379296875, 0.2333984375])
array('d', [-41.638281250000006, 0.56015625, 21.8927734375, -0.93359375])
array('d', [-41.638281250000006, 0.56015625, 21.005859375, -0.93359375])
array('d', [-41.3115234375, 0.7935546875, 21.47265625, 0.2333984375])
array('d', [-41.2181640625, -0.046679687500000004, 22.966406250000002, -0.6068359375])
array('d', [-41.2181640625, -0.046679687500000004, 22.966406250000002, -0.6068359375])
array('d', [-42.805273437500006, 0.56015625, 20.4923828125, 0.93359375])
array('d', [-42.338476562500006, 0.56015625, 20.4923828125, 0.93359375])
array('d', [-42.338476562500006, -0.8869140625, 22.5462890625, 0.1400390625])
array('d', [-41.638281250000006, -0.466796875, 22.7796875, -0.1400390625])
array('d', [-41.638281250000006, -1.1203125, 21.2392578125, 1.6337890625])
array('d', [-41.638281250000006, -1.1203125, 21.2392578125, 1.6337890625])
array('d', [-42.0583984375, -0.046679687500000004, 22.3595703125, -0.5134765625000001])
array('d', [-41.638281250000006, -0.280078125, 22.266210937500002, 0.1400390625])
array('d', [-41.638281250000006, -0.280078125, 22.266210937500002, 0.56015625])
array('d', [-41.638281250000006, 0.1400390625, 22.266210937500002, 0.56015625])
array('d', [-41.544921875, -0.09335937500000001, 22.0794921875, 0.56015625])
array('d', [-41.544921875, 0.56015625, 22.7796875, -0.18671875000000002])
array('d', [-41.544921875, 0.56015625, 22.7796875, -0.18671875000000002])
array('d', [-41.544921875, 0.56015625, 22.7796875, -0.18671875000000002])
array('d', [-41.638281250000006, -0.8869140625, 22.032812500000002, 0.1400390625])
array('d', [-40.1912109375, 0.1400390625, 21.659375, 0.9802734375000001])
array('d', [-40.1912109375, 0.1400390625, 21.659375, -0.93359375])
array('d', [-41.544921875, -0.046679687500000004, 22.266210937500002, -0.93359375])
array('d', [-42.7119140625, -0.466796875, 22.0794921875, -0.5134765625000001])
array('d', [-41.3115234375, 0.42011718750000004, 22.3595703125, -0.18671875000000002])
array('d', [-41.3115234375, 0.42011718750000004, 22.3595703125, 0.1400390625])
array('d', [-41.3115234375, 0.42011718750000004, 22.3595703125, 0.1400390625])
array('d', [-41.3115234375, 0.42011718750000004, 22.3595703125, 0.1400390625])
array('d', [-40.7046875, -0.466796875, 21.8927734375, 0.1400390625])
array('d', [-40.9380859375, 0.37343750000000003, 22.0794921875, 0.6068359375])
array('d', [-41.2181640625, -0.466796875, 22.5462890625, -0.5134765625000001])
array('d', [-41.965039062500004, 0.5134765625000001, 22.0794921875, -0.6068359375])
array('d', [-41.965039062500004, 0.5134765625000001, 22.0794921875, -0.93359375])
array('d', [-42.291796875, 0.1400390625, 22.5462890625, -0.93359375])
array('d', [-40.9380859375, -0.046679687500000004, 20.9125, 0.2333984375])
array('d', [-40.9380859375, -0.046679687500000004, 20.9125, 0.1400390625])
array('d', [-41.731640625000004, 0.37343750000000003, 21.192578125, 0.1400390625])
array('d', [-42.291796875, -0.046679687500000004, 23.386523437500003, 0.93359375])
array('d', [-42.291796875, -0.046679687500000004, 23.386523437500003, 0.93359375])
array('d', [-42.291796875, -0.046679687500000004, 23.386523437500003, 0.93359375])
array('d', [-42.291796875, -0.046679687500000004, 22.3595703125, 0.56015625])
array('d', [-41.2181640625, -0.046679687500000004, 22.3595703125, 0.1400390625])
array('d', [-41.965039062500004, -0.7001953125, 22.7796875, 0.1400390625])
array('d', [-41.965039062500004, -0.7001953125, 22.7796875, 0.1400390625])
array('d', [-42.0583984375, -0.466796875, 21.192578125, -0.5134765625000001])
array('d', [-43.1787109375, -0.280078125, 21.8927734375, 0.18671875000000002])
array('d', [-43.1787109375, -0.280078125, 21.8927734375, 0.18671875000000002])
array('d', [-41.638281250000006, -0.280078125, 22.0794921875, 0.56015625])
array('d', [-41.638281250000006, -0.7001953125, 22.0794921875, -0.18671875000000002])
array('d', [-41.2181640625, -0.8869140625, 21.659375, 3.17421875])
array('d', [-41.2181640625, -0.8869140625, 21.659375, 3.17421875])
array('d', [-41.2181640625, -0.8869140625, 21.659375, 3.17421875])
array('d', [-41.2181640625, -0.8869140625, 21.659375, 3.17421875])
array('d', [-41.2181640625, -0.8869140625, 21.659375, 3.17421875])
array('d', [-41.2181640625, -0.8869140625, 21.659375, 3.17421875])
array('d', [-41.2181640625, -0.8869140625, 21.659375, 3.17421875])
array('d', [-41.2181640625, -0.8869140625, 21.659375, 3.17421875])
array('d', [-41.2181640625, 0.1400390625, 22.3595703125, -0.18671875000000002])
array('d', [-41.638281250000006, -0.046679687500000004, 21.519335937500003, 0.2333984375])
array('d', [-42.338476562500006, 0.42011718750000004, 23.246484375, -0.6068359375])
array('d', [-42.338476562500006, 0.42011718750000004, 22.5462890625, 0.2333984375])
array('d', [-41.871679687500006, -0.466796875, 22.5462890625, 0.2333984375])
array('d', [-41.2181640625, -1.5404296875, 22.499609375000002, 0.2333984375])
array('d', [-41.544921875, 0.37343750000000003, 21.8927734375, -0.18671875000000002])
array('d', [-41.544921875, -0.280078125, 22.5462890625, 0.56015625])
array('d', [-41.544921875, -0.280078125, 21.6126953125, 0.18671875000000002])
array('d', [-40.9380859375, 0.56015625, 21.6126953125, 0.18671875000000002])
array('d', [-41.3115234375, -0.09335937500000001, 21.8927734375, 1.2603515625000001])
array('d', [-40.4712890625, 0.1400390625, 21.659375, -0.6068359375])
array('d', [-41.638281250000006, 0.56015625, 21.519335937500003, -0.93359375])
array('d', [-41.638281250000006, 0.56015625, 21.47265625, 0.18671875000000002])
array('d', [-41.638281250000006, 0.56015625, 21.47265625, 0.18671875000000002])
array('d', [-41.965039062500004, 1.213671875, 22.966406250000002, 0.56015625])
array('d', [-42.478515625, 1.213671875, 22.5462890625, -0.18671875000000002])
array('d', [-42.0583984375, -0.046679687500000004, 22.5462890625, -0.18671875000000002])
array('d', [-42.291796875, 1.213671875, 22.5462890625, 2.0539062500000003])
array('d', [-42.478515625, -0.8869140625, 22.3595703125, -0.93359375])
array('d', [-42.478515625, -0.8869140625, 21.8927734375, 0.56015625])
array('d', [-41.2181640625, 0.1400390625, 21.8927734375, 0.56015625])
array('d', [-40.984765625, 0.37343750000000003, 22.5462890625, 0.56015625])
array('d', [-42.478515625, 0.9802734375000001, 21.659375, 0.56015625])
array('d', [-42.478515625, 0.42011718750000004, 21.799414062500002, 0.2333984375])
array('d', [-42.0583984375, 0.42011718750000004, 21.799414062500002, 0.2333984375])
array('d', [-42.7119140625, -0.2333984375, 22.7796875, 0.93359375])
array('d', [-41.638281250000006, 0.9802734375000001, 22.266210937500002, -0.18671875000000002])
array('d', [-41.638281250000006, 0.9802734375000001, 22.266210937500002, -0.18671875000000002])
array('d', [-42.478515625, 0.1400390625, 22.5462890625, -0.93359375])
array('d', [-41.638281250000006, -0.280078125, 22.686328125000003, -0.93359375])
array('d', [-41.171484375000006, -0.280078125, 21.47265625, 0.56015625])
array('d', [-40.564648437500004, 0.56015625, 21.47265625, 0.56015625])
array('d', [-40.564648437500004, -0.046679687500000004, 21.6126953125, 0.18671875000000002])
array('d', [-41.965039062500004, -0.046679687500000004, 21.6126953125, 0.18671875000000002])
array('d', [-41.171484375000006, -0.2333984375, 21.192578125, 0.18671875000000002])
array('d', [-41.358203125, 0.37343750000000003, 22.7796875, 1.3537109375])
array('d', [-42.7119140625, 0.7468750000000001, 21.6126953125, 0.56015625])
array('d', [-42.7119140625, 0.7468750000000001, 24.086718750000003, 0.56015625])
array('d', [-41.3115234375, 0.37343750000000003, 24.086718750000003, -2.8474609375])
array('d', [-41.965039062500004, -0.046679687500000004, 22.966406250000002, -2.8474609375])
array('d', [-43.0853515625, -0.280078125, 22.7796875, -0.18671875000000002])
array('d', [-41.544921875, 0.1400390625, 22.5462890625, 0.56015625])
array('d', [-41.544921875, -0.046679687500000004, 22.7796875, 0.9802734375000001])
array('d', [-43.1787109375, -0.046679687500000004, 22.7796875, 0.9802734375000001])
array('d', [-41.731640625000004, 0.7935546875, 21.47265625, 1.6804687500000002])
array('d', [-41.731640625000004, -0.046679687500000004, 21.939453125, 0.93359375])
array('d', [-41.731640625000004, -0.046679687500000004, 21.8927734375, 0.18671875000000002])
array('d', [-41.731640625000004, -0.046679687500000004, 21.8927734375, 0.18671875000000002])
array('d', [-42.9453125, 0.37343750000000003, 21.8927734375, 0.18671875000000002])
array('d', [-40.9380859375, 0.1400390625, 22.686328125000003, -0.18671875000000002])
array('d', [-40.9380859375, 1.213671875, 22.0794921875, -0.18671875000000002])
array('d', [-40.9380859375, 1.213671875, 21.659375, -0.18671875000000002])
array('d', [-40.9380859375, 1.213671875, 21.659375, -0.18671875000000002])
array('d', [-40.9380859375, 1.213671875, 21.659375, -0.18671875000000002])
array('d', [-42.338476562500006, -0.2333984375, 21.659375, -0.18671875000000002])
array('d', [-42.0583984375, 0.9802734375000001, 21.8927734375, -0.93359375])
array('d', [-42.338476562500006, 0.56015625, 22.3595703125, -0.18671875000000002])
array('d', [-42.338476562500006, 0.1400390625, 22.3595703125, -0.93359375])
array('d', [-41.3115234375, 0.1400390625, 22.5462890625, -0.93359375])
array('d', [-42.7119140625, -0.046679687500000004, 23.4798828125, -0.6068359375])
array('d', [-42.0583984375, 0.37343750000000003, 21.47265625, -0.6068359375])
array('d', [-41.2181640625, 0.9802734375000001, 21.939453125, -0.93359375])
array('d', [-41.2181640625, -0.046679687500000004, 21.47265625, 0.18671875000000002])
array('d', [-41.965039062500004, -0.046679687500000004, 21.47265625, 0.18671875000000002])
array('d', [-41.965039062500004, -0.046679687500000004, 21.47265625, 0.18671875000000002])
array('d', [-42.105078125000006, 0.56015625, 21.8927734375, -0.18671875000000002])
array('d', [-42.338476562500006, 0.1400390625, 22.266210937500002, -0.18671875000000002])
array('d', [-42.338476562500006, 0.56015625, 22.5462890625, 0.56015625])
array('d', [-41.638281250000006, 0.56015625, 22.5462890625, 0.56015625])
array('d', [-42.805273437500006, 0.37343750000000003, 21.6126953125, 0.56015625])
array('d', [-42.805273437500006, 0.37343750000000003, 21.6126953125, -0.93359375])
array('d', [-40.9380859375, 0.42011718750000004, 22.032812500000002, 0.18671875000000002])
array('d', [-41.3115234375, -0.2333984375, 22.032812500000002, 0.2333984375])
array('d', [-41.3115234375, -0.2333984375, 22.032812500000002, 0.2333984375])
array('d', [-40.4712890625, 0.42011718750000004, 23.900000000000002, -0.18671875000000002])
array('d', [-40.4712890625, 0.42011718750000004, 23.900000000000002, -0.93359375])
array('d', [-42.338476562500006, -0.046679687500000004, 22.7796875, -0.93359375])
array('d', [-41.638281250000006, 0.9802734375000001, 22.312890625, 0.9802734375000001])
array('d', [-41.638281250000006, 0.42011718750000004, 21.799414062500002, -0.18671875000000002])
array('d', [-40.9380859375, 0.42011718750000004, 21.799414062500002, -0.18671875000000002])
array('d', [-41.3115234375, -0.8869140625, 21.6126953125, 0.18671875000000002])
array('d', [-41.3115234375, -0.8869140625, 21.6126953125, 0.18671875000000002])
array('d', [-41.3115234375, -0.8869140625, 21.6126953125, 0.18671875000000002])
array('d', [-41.3115234375, -0.8869140625, 21.6126953125, 0.18671875000000002])
array('d', [-41.3115234375, -0.8869140625, 21.6126953125, 0.18671875000000002])
array('d', [-41.638281250000006, 0.56015625, 22.312890625, 0.56015625])
array('d', [-40.9380859375, 0.37343750000000003, 23.246484375, 0.56015625])
array('d', [-40.9380859375, 0.37343750000000003, 23.246484375, -0.18671875000000002])
array('d', [-42.338476562500006, -0.7468750000000001, 21.6126953125, -0.18671875000000002])
array('d', [-42.338476562500006, -0.7001953125, 22.312890625, 2.0539062500000003])
array('d', [-42.338476562500006, -0.7001953125, 21.6126953125, 0.2333984375])
array('d', [-41.965039062500004, 0.56015625, 21.6126953125, 0.2333984375])
array('d', [-41.965039062500004, 0.9802734375000001, 22.032812500000002, -0.5134765625000001])
array('d', [-41.731640625000004, -1.1203125, 21.8927734375, 0.56015625])
array('d', [-41.731640625000004, -1.1203125, 21.8927734375, 0.56015625])
array('d', [-41.2181640625, -0.8869140625, 22.312890625, -0.5134765625000001])
array('d', [-41.2181640625, -0.8869140625, 22.312890625, -0.5134765625000001])
array('d', [-41.2181640625, -0.8869140625, 22.312890625, -0.5134765625000001])
array('d', [-41.2181640625, -0.8869140625, 22.312890625, -0.5134765625000001])
array('d', [-41.965039062500004, 0.18671875000000002, 21.799414062500002, -0.6068359375])
array('d', [-41.2181640625, 0.56015625, 22.312890625, -1.6804687500000002])
array('d', [-41.2181640625, 0.56015625, 22.312890625, -1.6804687500000002])
array('d', [-41.965039062500004, 0.56015625, 21.47265625, 1.2603515625000001])
array('d', [-41.965039062500004, 0.56015625, 21.47265625, 1.2603515625000001])
array('d', [-41.965039062500004, -0.046679687500000004, 22.032812500000002, -0.18671875000000002])
array('d', [-41.965039062500004, -0.046679687500000004, 21.192578125, -0.5134765625000001])
array('d', [-41.638281250000006, -0.046679687500000004, 21.192578125, -0.18671875000000002])
array('d', [-42.478515625, -0.466796875, 22.686328125000003, -0.18671875000000002])
array('d', [-42.338476562500006, 0.56015625, 22.966406250000002, -0.18671875000000002])
array('d', [-42.338476562500006, -0.466796875, 22.5462890625, -0.93359375])
array('d', [-42.7119140625, -0.466796875, 22.5462890625, -0.93359375])
array('d', [-42.7119140625, -0.466796875, 22.5462890625, -0.93359375])
array('d', [-41.638281250000006, -0.09335937500000001, 23.4798828125, -0.93359375])
array('d', [-40.564648437500004, 0.7935546875, 21.6126953125, 0.93359375])
array('d', [-40.564648437500004, 0.7935546875, 21.6126953125, -0.18671875000000002])
array('d', [-41.2181640625, 0.56015625, 22.5462890625, -0.18671875000000002])
array('d', [-41.2181640625, -0.8869140625, 22.3595703125, -0.6068359375])
array('d', [-41.2181640625, 0.8402343750000001, 21.47265625, -0.18671875000000002])
array('d', [-41.638281250000006, 0.8402343750000001, 21.47265625, -0.18671875000000002])
array('d', [-41.638281250000006, -0.7001953125, 21.192578125, 0.56015625])
array('d', [-41.638281250000006, 0.7935546875, 21.379296875, 0.9802734375000001])
array('d', [-41.638281250000006, 0.7935546875, 21.379296875, 0.9802734375000001])
array('d', [-41.3115234375, -0.280078125, 21.379296875, -0.18671875000000002])
array('d', [-40.9380859375, -0.280078125, 22.5462890625, -1.6337890625])
array('d', [-40.9380859375, -0.280078125, 22.5462890625, -0.18671875000000002])
array('d', [-41.731640625000004, 0.1400390625, 22.5462890625, -0.18671875000000002])
array('d', [-42.478515625, 0.56015625, 22.7796875, 0.2333984375])
array('d', [-42.478515625, -0.8869140625, 22.032812500000002, -0.18671875000000002])
array('d', [-41.638281250000006, -0.8869140625, 22.5462890625, 0.56015625])
array('d', [-43.0853515625, -1.1203125, 22.5462890625, 0.56015625])
array('d', [-42.9453125, 0.37343750000000003, 22.0794921875, 0.56015625])
array('d', [-41.638281250000006, -0.2333984375, 22.5462890625, -0.18671875000000002])
array('d', [-41.638281250000006, -0.2333984375, 22.5462890625, -0.18671875000000002])
array('d', [-41.638281250000006, -0.2333984375, 22.5462890625, -0.18671875000000002])
array('d', [-41.638281250000006, -0.2333984375, 22.5462890625, -0.18671875000000002])
array('d', [-42.0583984375, -0.8869140625, 23.246484375, 0.56015625])
array('d', [-42.571875000000006, -0.7468750000000001, 22.966406250000002, -0.18671875000000002])
array('d', [-42.571875000000006, 0.18671875000000002, 22.312890625, -1.30703125])
array('d', [-42.571875000000006, 0.18671875000000002, 22.312890625, -1.30703125])
array('d', [-42.0583984375, 0.56015625, 21.939453125, 0.56015625])
array('d', [-40.4712890625, -0.7001953125, 21.6126953125, -0.18671875000000002])
array('d', [-40.4712890625, -0.7001953125, 21.6126953125, -0.18671875000000002])
array('d', [-42.478515625, -0.046679687500000004, 23.246484375, -0.18671875000000002])
array('d', [-41.358203125, 0.1400390625, 22.312890625, 0.18671875000000002])
array('d', [-41.358203125, 0.1400390625, 22.312890625, -0.93359375])
array('d', [-42.851953125, -0.2333984375, 20.9125, -0.93359375])
array('d', [-42.851953125, -0.2333984375, 20.9125, -0.93359375])
array('d', [-42.851953125, -0.2333984375, 20.9125, -0.93359375])
array('d', [-40.4712890625, 0.1400390625, 21.659375, -0.18671875000000002])
array('d', [-43.1787109375, 0.1400390625, 22.919726562500003, 1.30703125])
array('d', [-43.1787109375, 0.1400390625, 22.919726562500003, -1.6804687500000002])
array('d', [-43.1787109375, 0.1400390625, 22.919726562500003, -1.6804687500000002])
array('d', [-43.1787109375, 0.1400390625, 22.919726562500003, -1.6804687500000002])
array('d', [-42.338476562500006, 0.1400390625, 22.032812500000002, -1.6804687500000002])
array('d', [-40.564648437500004, 0.37343750000000003, 22.919726562500003, -0.93359375])
array('d', [-41.638281250000006, -0.7468750000000001, 22.499609375000002, 0.9802734375000001])
array('d', [-41.638281250000006, -0.7468750000000001, 22.499609375000002, -0.18671875000000002])
array('d', [-40.9380859375, 0.7935546875, 22.032812500000002, -0.18671875000000002])
array('d', [-43.1787109375, -0.280078125, 22.312890625, 0.9802734375000001])
array('d', [-43.1787109375, 0.56015625, 21.8927734375, 1.30703125])
array('d', [-41.965039062500004, 0.56015625, 21.8927734375, 1.30703125])
array('d', [-42.338476562500006, -0.466796875, 22.032812500000002, 0.18671875000000002])
array('d', [-42.338476562500006, -0.466796875, 22.032812500000002, 0.18671875000000002])
array('d', [-42.7119140625, -0.466796875, 20.072265625, 0.18671875000000002])
array('d', [-42.1517578125, 0.42011718750000004, 21.8927734375, 0.56015625])
array('d', [-41.871679687500006, 0.1400390625, 21.379296875, 0.56015625])
array('d', [-41.871679687500006, 0.1400390625, 21.379296875, 0.18671875000000002])
array('d', [-41.965039062500004, -0.046679687500000004, 22.312890625, 0.18671875000000002])
array('d', [-41.965039062500004, 0.1400390625, 21.8927734375, 0.2333984375])
array('d', [-41.965039062500004, 0.37343750000000003, 22.686328125000003, -0.56015625])
array('d', [-42.478515625, 0.37343750000000003, 22.686328125000003, -0.56015625])
array('d', [-41.2181640625, 0.9802734375000001, 22.0794921875, -0.56015625])
array('d', [-41.2181640625, 0.9802734375000001, 22.0794921875, -0.56015625])
array('d', [-41.2181640625, 0.9802734375000001, 22.0794921875, -0.56015625])
array('d', [-41.2181640625, 0.9802734375000001, 22.6396484375, 0.56015625])
array('d', [-41.358203125, -1.1203125, 22.6396484375, 0.56015625])
array('d', [-42.338476562500006, 0.37343750000000003, 22.0794921875, -0.18671875000000002])
array('d', [-41.638281250000006, -0.8869140625, 22.0794921875, -0.18671875000000002])
array('d', [-41.638281250000006, -0.8869140625, 22.0794921875, -0.18671875000000002])
array('d', [-41.638281250000006, -0.8869140625, 22.0794921875, -0.18671875000000002])
array('d', [-41.638281250000006, -0.8869140625, 21.6126953125, -0.18671875000000002])
array('d', [-42.338476562500006, -0.466796875, 21.8927734375, 0.93359375])
array('d', [-42.0583984375, -0.046679687500000004, 22.312890625, -0.6068359375])
array('d', [-42.0583984375, -0.046679687500000004, 22.312890625, -0.6068359375])
array('d', [-42.291796875, -0.280078125, 22.219531250000003, 0.56015625])
array('d', [-42.478515625, -0.466796875, 21.6126953125, 0.9802734375000001])
array('d', [-42.478515625, -0.466796875, 21.6126953125, -0.18671875000000002])
array('d', [-42.478515625, -0.466796875, 21.6126953125, -0.18671875000000002])
array('d', [-42.478515625, -0.466796875, 21.6126953125, -0.18671875000000002])
array('d', [-41.544921875, 0.1400390625, 23.5732421875, -0.18671875000000002])
array('d', [-42.338476562500006, 0.1400390625, 23.5732421875, -0.18671875000000002])
array('d', [-41.638281250000006, 0.56015625, 21.379296875, -0.56015625])
array('d', [-42.338476562500006, -0.046679687500000004, 21.379296875, -0.56015625])
array('d', [-42.338476562500006, -0.046679687500000004, 22.312890625, 0.56015625])
array('d', [-42.338476562500006, -0.046679687500000004, 22.312890625, 0.56015625])
array('d', [-41.3115234375, -1.30703125, 21.47265625, 0.18671875000000002])
array('d', [-41.3115234375, -0.2333984375, 20.9125, 0.18671875000000002])
array('d', [-41.638281250000006, -0.2333984375, 20.9125, 0.18671875000000002])
array('d', [-42.478515625, 0.7935546875, 22.686328125000003, 0.56015625])
array('d', [-42.478515625, -0.466796875, 21.8927734375, 0.56015625])
array('d', [-42.478515625, -0.466796875, 22.032812500000002, 0.56015625])
array('d', [-41.3115234375, -0.466796875, 22.032812500000002, 0.56015625])
array('d', [-41.358203125, 0.37343750000000003, 22.966406250000002, 0.2333984375])
array('d', [-41.358203125, 0.37343750000000003, 21.6126953125, -0.56015625])
array('d', [-42.9453125, -1.2603515625000001, 22.686328125000003, -0.18671875000000002])
array('d', [-42.9453125, -0.8869140625, 22.0794921875, 0.2333984375])
array('d', [-42.338476562500006, -0.8869140625, 22.0794921875, 0.2333984375])
array('d', [-41.638281250000006, -0.046679687500000004, 21.6126953125, 0.2333984375])
array('d', [-41.731640625000004, 0.8402343750000001, 21.6126953125, 0.18671875000000002])
array('d', [-42.338476562500006, -0.8869140625, 22.686328125000003, 0.2333984375])
array('d', [-42.338476562500006, -0.8869140625, 22.686328125000003, 0.2333984375])
array('d', [-42.338476562500006, -0.8869140625, 22.686328125000003, 0.2333984375])
array('d', [-42.338476562500006, -0.8869140625, 22.5462890625, -0.93359375])
array('d', [-41.965039062500004, -0.046679687500000004, 22.5462890625, -0.93359375])
array('d', [-42.0583984375, -0.046679687500000004, 21.8927734375, -1.30703125])
array('d', [-41.965039062500004, -0.046679687500000004, 21.8927734375, -1.30703125])
array('d', [-41.965039062500004, -0.046679687500000004, 21.8927734375, -1.30703125])
array('d', [-41.965039062500004, -0.046679687500000004, 21.8927734375, -1.30703125])
array('d', [-41.965039062500004, 0.42011718750000004, 22.5462890625, -0.5134765625000001])
array('d', [-41.3115234375, 0.1400390625, 22.7796875, -0.93359375])
array('d', [-41.638281250000006, -0.7468750000000001, 22.0794921875, -0.56015625])
array('d', [-41.638281250000006, -0.7468750000000001, 22.0794921875, -0.56015625])
array('d', [-41.638281250000006, -0.7468750000000001, 22.0794921875, -0.56015625])
array('d', [-42.291796875, -0.7468750000000001, 22.966406250000002, 0.18671875000000002])
array('d', [-42.291796875, -0.7468750000000001, 22.966406250000002, -0.18671875000000002])
array('d', [-42.291796875, 0.42011718750000004, 21.799414062500002, -0.18671875000000002])
array('d', [-42.805273437500006, 0.42011718750000004, 21.799414062500002, -0.18671875000000002])
array('d', [-42.805273437500006, 0.42011718750000004, 21.799414062500002, -0.18671875000000002])
array('d', [-42.805273437500006, 0.42011718750000004, 21.799414062500002, -0.18671875000000002])
array('d', [-42.805273437500006, -0.8869140625, 19.8388671875, -0.5134765625000001])
array('d', [-41.2181640625, 0.37343750000000003, 21.6126953125, -0.5134765625000001])
array('d', [-40.1912109375, -0.8869140625, 21.192578125, 0.56015625])
array('d', [-42.0583984375, 0.56015625, 23.386523437500003, 0.2333984375])
array('d', [-42.0583984375, 0.56015625, 23.386523437500003, 1.2603515625000001])
array('d', [-40.8447265625, -0.466796875, 21.799414062500002, 1.2603515625000001])
array('d', [-42.0583984375, 0.7935546875, 22.312890625, 0.2333984375])
array('d', [-42.0583984375, 0.7935546875, 21.8927734375, 0.56015625])
array('d', [-42.291796875, -0.280078125, 21.8927734375, 0.56015625])
array('d', [-42.851953125, -0.466796875, 21.6126953125, 0.56015625])
array('d', [-41.544921875, 0.56015625, 21.47265625, 0.56015625])
array('d', [-41.544921875, -0.046679687500000004, 22.032812500000002, 0.93359375])
array('d', [-40.9380859375, -0.046679687500000004, 22.032812500000002, 0.93359375])
array('d', [-41.871679687500006, -0.8869140625, 23.153125000000003, -0.56015625])
array('d', [-41.871679687500006, -0.8869140625, 23.153125000000003, -0.56015625])
array('d', [-41.871679687500006, -0.8869140625, 23.153125000000003, -0.56015625])
array('d', [-41.871679687500006, -0.8869140625, 23.153125000000003, -0.56015625])
array('d', [-41.4515625, 0.8402343750000001, 21.099218750000002, -0.56015625])
array('d', [-40.8447265625, -0.09335937500000001, 22.0794921875, 0.9802734375000001])
array('d', [-41.871679687500006, -0.466796875, 22.686328125000003, -0.93359375])
array('d', [-41.871679687500006, -0.466796875, 22.686328125000003, -0.93359375])
array('d', [-41.871679687500006, -0.466796875, 22.686328125000003, -0.93359375])
array('d', [-41.871679687500006, -0.466796875, 22.686328125000003, -0.93359375])
array('d', [-41.871679687500006, -0.466796875, 22.686328125000003, -0.93359375])
array('d', [-42.898632812500004, -0.2333984375, 22.5462890625, -0.18671875000000002])
array('d', [-42.898632812500004, -0.2333984375, 21.099218750000002, -0.6068359375])
array('d', [-41.544921875, -0.8869140625, 21.099218750000002, -0.6068359375])
array('d', [-41.965039062500004, -0.8869140625, 21.8927734375, -0.18671875000000002])
array('d', [-42.291796875, 0.7935546875, 21.192578125, 0.2333984375])
array('d', [-42.291796875, 0.7935546875, 21.192578125, 0.2333984375])
array('d', [-42.478515625, 0.7935546875, 21.192578125, 0.2333984375])
array('d', [-42.7119140625, -0.7468750000000001, 22.7796875, -0.18671875000000002])
array('d', [-41.871679687500006, 0.7935546875, 22.5462890625, -0.8869140625])
array('d', [-41.871679687500006, 0.7935546875, 22.5462890625, -0.8869140625])
array('d', [-42.0583984375, 0.7935546875, 22.5462890625, 0.93359375])
array('d', [-42.571875000000006, -1.2603515625000001, 22.219531250000003, 0.9802734375000001])
array('d', [-42.571875000000006, -1.2603515625000001, 22.219531250000003, 0.9802734375000001])
array('d', [-41.638281250000006, 0.1400390625, 21.8927734375, -0.18671875000000002])
array('d', [-41.2181640625, -0.466796875, 21.8927734375, 0.2333984375])
array('d', [-41.2181640625, -0.466796875, 21.8927734375, 0.56015625])
array('d', [-41.638281250000006, -0.466796875, 22.219531250000003, 0.56015625])
array('d', [-41.871679687500006, 0.37343750000000003, 22.0794921875, -0.56015625])
array('d', [-41.871679687500006, -0.280078125, 20.4923828125, 0.18671875000000002])
array('d', [-41.965039062500004, -0.280078125, 20.4923828125, 0.18671875000000002])
array('d', [-41.2181640625, -1.1203125, 22.312890625, -0.56015625])
array('d', [-41.638281250000006, -0.046679687500000004, 22.686328125000003, -0.18671875000000002])
array('d', [-41.638281250000006, -0.046679687500000004, 22.686328125000003, -0.18671875000000002])
array('d', [-41.638281250000006, -0.046679687500000004, 22.686328125000003, -0.18671875000000002])
array('d', [-41.638281250000006, -0.046679687500000004, 22.686328125000003, -0.18671875000000002])
array('d', [-41.171484375000006, -0.466796875, 22.312890625, -0.18671875000000002])
array('d', [-41.171484375000006, -0.466796875, 22.312890625, -0.18671875000000002])
array('d', [-41.544921875, 0.7935546875, 21.6126953125, -0.93359375])
array('d', [-41.4515625, -0.280078125, 21.192578125, 0.2333984375])
array('d', [-41.4515625, 0.8402343750000001, 22.312890625, -0.56015625])
array('d', [-41.638281250000006, 0.8402343750000001, 22.312890625, -0.56015625])
array('d', [-42.291796875, -0.8869140625, 22.312890625, 0.93359375])
array('d', [-42.291796875, -0.8869140625, 22.312890625, 0.93359375])
array('d', [-42.291796875, -0.8869140625, 22.312890625, 0.93359375])
array('d', [-42.291796875, -0.8869140625, 22.312890625, 0.93359375])
array('d', [-40.7513671875, 0.56015625, 22.032812500000002, -0.93359375])
array('d', [-40.7513671875, 0.56015625, 22.032812500000002, 1.30703125])
array('d', [-41.544921875, 0.56015625, 21.799414062500002, 1.30703125])
array('d', [-41.965039062500004, -0.280078125, 22.312890625, -0.56015625])
array('d', [-42.571875000000006, 0.1400390625, 23.666601562500002, -0.56015625])
array('d', [-42.571875000000006, 0.1400390625, 23.666601562500002, -0.56015625])
array('d', [-40.8447265625, 0.18671875000000002, 22.032812500000002, -0.56015625])
array('d', [-42.338476562500006, 0.1400390625, 22.032812500000002, 0.2333984375])
array('d', [-42.338476562500006, 0.1400390625, 22.032812500000002, 0.56015625])
array('d', [-41.871679687500006, 0.37343750000000003, 21.192578125, 0.56015625])
array('d', [-41.544921875, 0.56015625, 22.5462890625, 0.18671875000000002])
array('d', [-41.544921875, 0.56015625, 22.5462890625, -0.93359375])
array('d', [-42.338476562500006, 0.42011718750000004, 21.8927734375, -0.93359375])
array('d', [-42.9453125, -0.466796875, 22.499609375000002, 0.18671875000000002])
array('d', [-42.9453125, -0.7468750000000001, 23.666601562500002, -0.56015625])
array('d', [-42.9453125, -0.7468750000000001, 23.666601562500002, -0.56015625])
array('d', [-42.9453125, -0.7468750000000001, 23.666601562500002, -0.56015625])
array('d', [-42.9453125, -0.7468750000000001, 23.666601562500002, -0.56015625])
array('d', [-42.1517578125, -0.7468750000000001, 23.666601562500002, -0.56015625])
array('d', [-41.965039062500004, 0.1400390625, 22.5462890625, 0.6068359375])
array('d', [-41.871679687500006, 0.1400390625, 22.032812500000002, 0.56015625])
array('d', [-41.871679687500006, 0.1400390625, 22.032812500000002, 0.56015625])
array('d', [-41.871679687500006, 0.1400390625, 22.032812500000002, 0.56015625])
array('d', [-41.871679687500006, 0.1400390625, 22.032812500000002, 0.56015625])
array('d', [-42.1517578125, -0.046679687500000004, 21.6126953125, 0.93359375])
array('d', [-41.544921875, 0.7935546875, 21.192578125, 0.2333984375])
array('d', [-41.544921875, 0.7935546875, 21.192578125, 0.2333984375])
array('d', [-41.544921875, 0.7935546875, 21.192578125, 0.2333984375])
array('d', [-42.338476562500006, 0.7935546875, 21.799414062500002, -0.93359375])
array('d', [-42.338476562500006, 0.7935546875, 21.799414062500002, -0.93359375])
array('d', [-43.272070312500006, 0.37343750000000003, 21.8927734375, -0.93359375])
array('d', [-41.965039062500004, 0.37343750000000003, 21.8927734375, -0.93359375])
array('d', [-41.965039062500004, 0.37343750000000003, 21.8927734375, -0.93359375])
array('d', [-41.965039062500004, -0.2333984375, 21.192578125, -0.18671875000000002])
array('d', [-41.871679687500006, -0.7001953125, 22.219531250000003, 0.18671875000000002])
array('d', [-40.8447265625, -0.046679687500000004, 21.192578125, 1.6804687500000002])
array('d', [-40.8447265625, -0.046679687500000004, 21.192578125, 1.6804687500000002])
array('d', [-42.571875000000006, -0.466796875, 21.379296875, 0.56015625])
array('d', [-40.8447265625, -0.8869140625, 21.8927734375, -0.18671875000000002])
array('d', [-40.8447265625, -0.09335937500000001, 23.4798828125, -0.18671875000000002])
array('d', [-42.291796875, -0.09335937500000001, 23.4798828125, -0.18671875000000002])
array('d', [-42.478515625, -0.09335937500000001, 22.686328125000003, -0.56015625])
array('d', [-41.4515625, -0.280078125, 21.6126953125, -0.56015625])
array('d', [-41.4515625, -0.7001953125, 22.0794921875, -1.6804687500000002])
array('d', [-41.4515625, -0.7001953125, 22.0794921875, -1.6804687500000002])
array('d', [-41.4515625, -0.7001953125, 22.0794921875, -1.6804687500000002])
array('d', [-41.4515625, -0.7001953125, 22.0794921875, -1.6804687500000002])
array('d', [-42.9453125, -0.7001953125, 22.032812500000002, 0.56015625])
array('d', [-41.871679687500006, -0.8869140625, 22.032812500000002, 0.56015625])
array('d', [-41.871679687500006, -0.046679687500000004, 22.919726562500003, -0.8869140625])
array('d', [-41.871679687500006, -0.7468750000000001, 22.6396484375, 0.18671875000000002])
array('d', [-41.871679687500006, -0.7468750000000001, 22.6396484375, 0.18671875000000002])
array('d', [-43.9255859375, -0.8869140625, 22.499609375000002, 0.56015625])
array('d', [-41.4515625, 0.37343750000000003, 22.032812500000002, 0.9802734375000001])
array('d', [-41.4515625, 0.37343750000000003, 22.032812500000002, 0.56015625])
array('d', [-40.7513671875, 0.56015625, 22.032812500000002, 0.56015625])
array('d', [-41.3115234375, 0.56015625, 21.799414062500002, 0.18671875000000002])
array('d', [-40.4712890625, 0.42011718750000004, 22.919726562500003, 0.18671875000000002])
array('d', [-40.4712890625, 0.42011718750000004, 22.919726562500003, -0.56015625])
array('d', [-41.544921875, -0.466796875, 21.8927734375, -0.18671875000000002])
array('d', [-41.544921875, -0.466796875, 21.799414062500002, 0.56015625])
array('d', [-40.4712890625, -0.046679687500000004, 22.966406250000002, 1.6804687500000002])
array('d', [-40.4712890625, -0.046679687500000004, 21.6126953125, 1.30703125])
array('d', [-41.871679687500006, 1.4470703125000002, 21.6126953125, 1.30703125])
array('d', [-40.0044921875, -0.2333984375, 21.192578125, -0.18671875000000002])
array('d', [-40.0044921875, -0.466796875, 21.799414062500002, 0.56015625])
array('d', [-42.9453125, -0.466796875, 21.799414062500002, 0.56015625])
array('d', [-41.965039062500004, -0.466796875, 20.9125, -0.56015625])
array('d', [-41.3115234375, -0.2333984375, 21.379296875, -0.56015625])
array('d', [-41.3115234375, -0.2333984375, 21.379296875, 0.56015625])
array('d', [-41.544921875, -1.5404296875, 22.0794921875, 0.56015625])
array('d', [-42.338476562500006, 0.37343750000000003, 23.1064453125, 0.9802734375000001])
array('d', [-42.338476562500006, -0.466796875, 22.032812500000002, -0.56015625])
array('d', [-42.338476562500006, -0.466796875, 22.032812500000002, -0.56015625])
array('d', [-42.0583984375, -0.09335937500000001, 21.799414062500002, 0.18671875000000002])
array('d', [-42.0583984375, -0.09335937500000001, 21.799414062500002, 0.18671875000000002])
array('d', [-42.0583984375, -0.09335937500000001, 21.799414062500002, 0.18671875000000002])
array('d', [-42.0583984375, -0.09335937500000001, 21.799414062500002, 0.18671875000000002])
array('d', [-42.338476562500006, -0.8869140625, 22.499609375000002, 0.9802734375000001])
array('d', [-42.338476562500006, 0.9802734375000001, 21.799414062500002, -0.56015625])
array('d', [-42.0583984375, 0.37343750000000003, 21.8927734375, -0.56015625])
array('d', [-42.0583984375, 0.37343750000000003, 21.8927734375, -0.56015625])
array('d', [-42.0583984375, -0.280078125, 23.246484375, -0.56015625])
array('d', [-42.0583984375, -0.046679687500000004, 21.799414062500002, 0.56015625])
array('d', [-42.0583984375, -0.046679687500000004, 21.799414062500002, -0.56015625])
array('d', [-42.0583984375, 0.7935546875, 22.499609375000002, -0.56015625])
array('d', [-42.291796875, 0.37343750000000003, 21.6126953125, -0.93359375])
array('d', [-42.291796875, 0.37343750000000003, 21.6126953125, -0.18671875000000002])
array('d', [-42.0583984375, -0.280078125, 21.986132812500003, -0.18671875000000002])
array('d', [-42.0583984375, -0.7001953125, 22.5462890625, -0.93359375])
array('d', [-42.0583984375, -0.7001953125, 22.5462890625, -1.30703125])
array('d', [-41.965039062500004, -0.8402343750000001, 22.032812500000002, -1.30703125])
array('d', [-41.358203125, -0.466796875, 22.032812500000002, 0.56015625])
array('d', [-42.338476562500006, -0.7468750000000001, 20.7724609375, -1.30703125])
array('d', [-42.0583984375, 0.42011718750000004, 20.72578125, -0.56015625])
array('d', [-41.965039062500004, 0.37343750000000003, 22.499609375000002, 0.93359375])
array('d', [-42.338476562500006, -0.466796875, 21.6126953125, -0.93359375])
array('d', [-41.2181640625, -0.7001953125, 22.686328125000003, -0.56015625])
array('d', [-39.7244140625, 0.1400390625, 22.686328125000003, -0.56015625])
array('d', [-39.7244140625, 0.1400390625, 22.686328125000003, -0.56015625])
array('d', [-39.7244140625, 0.1400390625, 22.686328125000003, -0.56015625])
array('d', [-40.7513671875, -1.7271484375000001, 22.499609375000002, 0.56015625])
array('d', [-41.638281250000006, -0.7001953125, 21.379296875, -2.0539062500000003])
array('d', [-41.638281250000006, -0.7001953125, 21.6126953125, -0.56015625])
array('d', [-42.291796875, -1.30703125, 21.6126953125, 0.18671875000000002])
array('d', [-42.1517578125, 0.1400390625, 23.153125000000003, -0.56015625])
array('d', [-42.571875000000006, -1.30703125, 23.153125000000003, -0.56015625])
array('d', [-42.571875000000006, -1.30703125, 23.153125000000003, -0.56015625])
array('d', [-42.571875000000006, -1.30703125, 23.153125000000003, -0.56015625])
array('d', [-41.7783203125, -1.1203125, 22.5462890625, 0.56015625])
array('d', [-40.1912109375, -0.466796875, 22.0794921875, 0.56015625])
array('d', [-41.965039062500004, 1.400390625, 21.379296875, 0.18671875000000002])
array('d', [-41.965039062500004, 1.400390625, 21.379296875, 0.56015625])
array('d', [-41.2181640625, 0.1400390625, 21.379296875, 0.56015625])
array('d', [-41.871679687500006, -0.280078125, 22.499609375000002, -0.18671875000000002])
array('d', [-42.898632812500004, 0.42011718750000004, 22.919726562500003, -0.8869140625])
array('d', [-42.0583984375, -0.046679687500000004, 23.386523437500003, 1.30703125])
array('d', [-42.0583984375, 0.1400390625, 22.686328125000003, -0.56015625])
array('d', [-38.930859375000004, 0.1400390625, 22.686328125000003, -0.56015625])
array('d', [-38.930859375000004, 0.1400390625, 22.686328125000003, -0.56015625])
array('d', [-41.965039062500004, -0.280078125, 22.686328125000003, 0.56015625])
array('d', [-41.638281250000006, -0.280078125, 23.666601562500002, -0.56015625])
array('d', [-42.478515625, 0.37343750000000003, 22.499609375000002, 0.18671875000000002])
array('d', [-42.478515625, 0.37343750000000003, 21.1458984375, -0.56015625])
array('d', [-42.0583984375, 0.1400390625, 21.1458984375, -0.56015625])
array('d', [-41.544921875, 0.42011718750000004, 21.379296875, 0.2333984375])
array('d', [-41.544921875, 0.1400390625, 22.966406250000002, -0.18671875000000002])
array('d', [-41.544921875, 0.1400390625, 22.266210937500002, -0.18671875000000002])
array('d', [-41.638281250000006, -0.7468750000000001, 22.266210937500002, -0.18671875000000002])
array('d', [-41.638281250000006, -0.7468750000000001, 22.266210937500002, -0.18671875000000002])
array('d', [-42.338476562500006, -0.466796875, 22.499609375000002, -0.56015625])
array('d', [-42.338476562500006, 0.9802734375000001, 23.153125000000003, 1.30703125])
array('d', [-41.544921875, 0.9802734375000001, 23.153125000000003, 1.30703125])
array('d', [-41.544921875, 0.9802734375000001, 23.153125000000003, 1.30703125])
array('d', [-41.871679687500006, 0.56015625, 21.192578125, 0.56015625])
array('d', [-41.2181640625, 0.42011718750000004, 22.966406250000002, -1.30703125])
array('d', [-40.424609375, 0.1400390625, 22.499609375000002, -1.30703125])
array('d', [-40.424609375, 0.1400390625, 22.499609375000002, -1.30703125])
array('d', [-40.424609375, 0.1400390625, 22.499609375000002, -1.30703125])
array('d', [-40.424609375, 0.1400390625, 22.499609375000002, -1.30703125])
array('d', [-40.424609375, 0.1400390625, 22.499609375000002, -1.30703125])
array('d', [-40.8447265625, 0.56015625, 22.032812500000002, -0.93359375])
array('d', [-41.7783203125, -0.7001953125, 22.266210937500002, 0.56015625])
array('d', [-42.571875000000006, 0.37343750000000003, 22.032812500000002, -0.18671875000000002])
array('d', [-41.544921875, 0.37343750000000003, 22.032812500000002, -0.18671875000000002])
array('d', [-40.8447265625, 0.1400390625, 23.5732421875, -0.18671875000000002])
array('d', [-41.2181640625, 0.9802734375000001, 21.47265625, -0.18671875000000002])
array('d', [-41.2181640625, 0.9802734375000001, 21.47265625, -0.18671875000000002])
array('d', [-41.2181640625, 0.9802734375000001, 21.47265625, -0.18671875000000002])
array('d', [-41.2181640625, 0.9802734375000001, 21.47265625, -0.18671875000000002])
array('d', [-43.272070312500006, 1.213671875, 23.5732421875, 0.2333984375])
array('d', [-41.871679687500006, -0.046679687500000004, 22.966406250000002, 0.56015625])
array('d', [-41.871679687500006, -0.280078125, 22.266210937500002, 0.56015625])
array('d', [-41.4515625, -0.280078125, 22.266210937500002, 0.56015625])
array('d', [-42.7119140625, 0.37343750000000003, 22.499609375000002, 0.18671875000000002])
array('d', [-42.291796875, -0.2333984375, 22.266210937500002, -0.56015625])
array('d', [-42.291796875, -0.2333984375, 22.219531250000003, -0.18671875000000002])
array('d', [-42.571875000000006, -0.7468750000000001, 21.1458984375, 0.18671875000000002])
array('d', [-41.544921875, 0.18671875000000002, 22.032812500000002, 0.18671875000000002])
array('d', [-41.965039062500004, -0.280078125, 22.032812500000002, 0.18671875000000002])
array('d', [-41.965039062500004, -0.280078125, 22.032812500000002, 0.18671875000000002])
array('d', [-41.4515625, 0.1400390625, 21.8927734375, 0.56015625])
array('d', [-41.4515625, -0.466796875, 21.6126953125, -0.56015625])
array('d', [-41.4515625, -0.466796875, 22.686328125000003, -0.56015625])
array('d', [-41.4515625, -0.466796875, 22.686328125000003, -0.56015625])
array('d', [-41.4515625, -0.466796875, 22.686328125000003, -0.56015625])
array('d', [-43.365429687500004, -0.046679687500000004, 23.386523437500003, 0.18671875000000002])
array('d', [-41.544921875, -0.046679687500000004, 23.386523437500003, 0.18671875000000002])
array('d', [-41.2181640625, 0.1400390625, 22.686328125000003, 0.56015625])
array('d', [-42.291796875, 0.56015625, 21.799414062500002, 0.56015625])
array('d', [-41.544921875, 0.37343750000000003, 22.032812500000002, 0.56015625])
array('d', [-41.544921875, 0.37343750000000003, 22.686328125000003, 0.18671875000000002])
array('d', [-41.544921875, 0.37343750000000003, 22.686328125000003, 0.18671875000000002])
array('d', [-41.544921875, 0.37343750000000003, 22.686328125000003, 0.18671875000000002])
array('d', [-40.097851562500004, 0.1400390625, 22.6396484375, 0.18671875000000002])
array('d', [-41.638281250000006, -0.8869140625, 22.966406250000002, 0.56015625])
array('d', [-43.365429687500004, -0.280078125, 22.499609375000002, 0.18671875000000002])
array('d', [-43.365429687500004, 0.37343750000000003, 21.6126953125, -0.93359375])
array('d', [-41.965039062500004, 0.37343750000000003, 21.6126953125, -0.93359375])
array('d', [-41.544921875, -0.7001953125, 22.266210937500002, -0.18671875000000002])
array('d', [-41.4515625, -0.046679687500000004, 21.799414062500002, 0.2333984375])
array('d', [-41.4515625, -0.046679687500000004, 21.799414062500002, -0.8869140625])
array('d', [-41.871679687500006, 0.1400390625, 22.219531250000003, -0.8869140625])
array('d', [-43.272070312500006, -0.8869140625, 22.266210937500002, 0.56015625])
array('d', [-41.965039062500004, -0.280078125, 20.9125, 0.2333984375])
array('d', [-40.7513671875, -0.8869140625, 22.266210937500002, 0.56015625])
array('d', [-42.291796875, 0.9802734375000001, 21.6126953125, -0.18671875000000002])
array('d', [-42.1517578125, 0.1400390625, 22.219531250000003, -0.56015625])
array('d', [-42.1517578125, -0.046679687500000004, 21.986132812500003, 0.18671875000000002])
array('d', [-41.7783203125, -0.046679687500000004, 21.986132812500003, 0.18671875000000002])
array('d', [-41.871679687500006, 0.7935546875, 21.6126953125, -0.18671875000000002])
array('d', [-41.2181640625, -0.280078125, 22.499609375000002, -0.18671875000000002])
array('d', [-41.2181640625, -0.280078125, 22.499609375000002, -0.18671875000000002])
array('d', [-41.544921875, -0.280078125, 22.499609375000002, 1.30703125])
array('d', [-42.291796875, 0.1400390625, 22.219531250000003, -0.18671875000000002])
array('d', [-41.965039062500004, -0.046679687500000004, 21.566015625000002, -0.18671875000000002])
array('d', [-41.965039062500004, -0.046679687500000004, 21.6126953125, -0.18671875000000002])
array('d', [-42.571875000000006, 0.1400390625, 21.6126953125, -0.18671875000000002])
array('d', [-42.1517578125, -0.046679687500000004, 22.032812500000002, -0.93359375])
array('d', [-40.7513671875, -0.046679687500000004, 22.032812500000002, 0.56015625])
array('d', [-40.7513671875, -0.466796875, 22.499609375000002, 0.56015625])
array('d', [-41.078125, 0.37343750000000003, 22.499609375000002, 0.56015625])
array('d', [-41.544921875, 0.18671875000000002, 23.33984375, 0.9802734375000001])
array('d', [-42.291796875, -0.046679687500000004, 23.7599609375, 0.93359375])
array('d', [-42.291796875, -0.046679687500000004, 23.7599609375, -0.18671875000000002])
array('d', [-41.965039062500004, -0.7468750000000001, 22.6396484375, -0.18671875000000002])
array('d', [-41.544921875, 0.1400390625, 21.566015625000002, 0.18671875000000002])
array('d', [-41.544921875, 0.1400390625, 21.799414062500002, 0.18671875000000002])
array('d', [-41.544921875, 0.1400390625, 21.799414062500002, 0.18671875000000002])
array('d', [-42.291796875, -0.280078125, 21.332617187500002, 0.2333984375])
array('d', [-41.965039062500004, -0.8869140625, 21.379296875, 0.2333984375])
array('d', [-41.965039062500004, -0.8869140625, 21.379296875, 0.2333984375])
array('d', [-41.871679687500006, 0.56015625, 21.566015625000002, -1.30703125])
array('d', [-41.2181640625, -0.466796875, 23.5265625, -0.18671875000000002])
array('d', [-41.2181640625, -0.2333984375, 22.966406250000002, 0.56015625])
array('d', [-41.2181640625, -0.2333984375, 22.966406250000002, 0.56015625])
array('d', [-41.2181640625, -0.2333984375, 22.966406250000002, 0.56015625])
array('d', [-41.544921875, -0.2333984375, 22.966406250000002, 0.2333984375])
array('d', [-42.338476562500006, 1.213671875, 23.33984375, 0.2333984375])
array('d', [-41.544921875, -0.466796875, 23.1064453125, 0.18671875000000002])
array('d', [-41.544921875, -0.466796875, 23.1064453125, 0.18671875000000002])
array('d', [-41.544921875, -0.466796875, 23.1064453125, 0.18671875000000002])
array('d', [-41.544921875, -0.466796875, 23.1064453125, 0.18671875000000002])
array('d', [-41.544921875, -0.466796875, 23.1064453125, 0.18671875000000002])
array('d', [-41.544921875, -0.466796875, 23.1064453125, 0.18671875000000002])
array('d', [-41.544921875, -0.466796875, 21.332617187500002, 1.6804687500000002])
array('d', [-41.965039062500004, -0.046679687500000004, 22.686328125000003, -0.18671875000000002])
array('d', [-41.965039062500004, -0.046679687500000004, 22.686328125000003, -0.56015625])
array('d', [-41.871679687500006, 0.1400390625, 22.686328125000003, -0.56015625])
array('d', [-41.871679687500006, 0.1400390625, 22.686328125000003, -0.56015625])
array('d', [-41.871679687500006, 0.9802734375000001, 22.219531250000003, 0.2333984375])
array('d', [-41.2181640625, 0.9802734375000001, 22.219531250000003, 0.2333984375])
array('d', [-40.9380859375, 0.18671875000000002, 22.6396484375, -0.18671875000000002])
array('d', [-40.9380859375, 0.18671875000000002, 22.6396484375, -0.18671875000000002])
array('d', [-40.9380859375, 0.18671875000000002, 22.6396484375, -0.18671875000000002])
array('d', [-42.1517578125, -0.7001953125, 21.379296875, -1.30703125])
array('d', [-42.1517578125, -0.7001953125, 22.499609375000002, -0.93359375])
array('d', [-41.4515625, 0.37343750000000003, 22.499609375000002, -0.93359375])
array('d', [-42.571875000000006, -0.09335937500000001, 22.499609375000002, 0.18671875000000002])
array('d', [-42.571875000000006, -0.09335937500000001, 22.499609375000002, 0.18671875000000002])
array('d', [-42.571875000000006, -0.09335937500000001, 22.499609375000002, 0.18671875000000002])
array('d', [-42.571875000000006, -0.09335937500000001, 22.499609375000002, 0.18671875000000002])
array('d', [-42.571875000000006, -0.09335937500000001, 22.499609375000002, 0.18671875000000002])
array('d', [-42.291796875, 0.9802734375000001, 23.153125000000003, 0.56015625])
array('d', [-40.8447265625, -0.280078125, 21.566015625000002, 1.6804687500000002])
array('d', [-40.8447265625, -0.280078125, 21.566015625000002, 1.6804687500000002])
array('d', [-40.8447265625, -0.280078125, 21.566015625000002, 1.6804687500000002])
array('d', [-42.9453125, 0.1400390625, 23.1064453125, -0.56015625])
array('d', [-42.571875000000006, -0.7001953125, 21.799414062500002, 0.56015625])
array('d', [-42.571875000000006, -0.09335937500000001, 22.219531250000003, 0.93359375])
array('d', [-42.478515625, -0.09335937500000001, 22.219531250000003, 0.93359375])
array('d', [-42.7119140625, 0.37343750000000003, 21.566015625000002, -0.93359375])
array('d', [-42.7119140625, 0.56015625, 21.799414062500002, -0.18671875000000002])
array('d', [-42.7119140625, 0.56015625, 21.799414062500002, -0.18671875000000002])
array('d', [-41.4515625, -0.7468750000000001, 22.266210937500002, 0.56015625])
array('d', [-41.4515625, 0.56015625, 23.153125000000003, 1.30703125])
array('d', [-41.4515625, 0.37343750000000003, 21.566015625000002, 0.56015625])
array('d', [-41.965039062500004, 0.37343750000000003, 21.566015625000002, 0.56015625])
array('d', [-42.291796875, -0.466796875, 22.499609375000002, -0.18671875000000002])
array('d', [-41.871679687500006, 0.1400390625, 22.032812500000002, 0.9802734375000001])
array('d', [-41.871679687500006, 0.1400390625, 22.032812500000002, -0.18671875000000002])
array('d', [-40.7513671875, -0.8869140625, 22.452929687500003, -0.18671875000000002])
array('d', [-41.2181640625, -0.7001953125, 22.032812500000002, -0.18671875000000002])
array('d', [-41.965039062500004, 0.37343750000000003, 21.1458984375, 0.18671875000000002])
array('d', [-41.965039062500004, 0.37343750000000003, 21.1458984375, 0.18671875000000002])
array('d', [-42.291796875, -0.7001953125, 20.445703125, 0.9802734375000001])
array('d', [-41.171484375000006, 0.37343750000000003, 22.686328125000003, 0.56015625])
array('d', [-41.171484375000006, 0.37343750000000003, 21.566015625000002, -0.93359375])
array('d', [-41.171484375000006, 0.37343750000000003, 21.566015625000002, -0.93359375])
array('d', [-41.171484375000006, 0.37343750000000003, 21.566015625000002, -0.93359375])
array('d', [-41.171484375000006, 0.37343750000000003, 21.566015625000002, -0.93359375])
array('d', [-42.1517578125, -0.466796875, 23.5732421875, -0.56015625])
array('d', [-41.544921875, 0.7935546875, 23.5732421875, -0.56015625])
array('d', [-41.871679687500006, 0.42011718750000004, 22.6396484375, 0.18671875000000002])
array('d', [-41.4515625, 0.56015625, 22.919726562500003, 0.56015625])
array('d', [-41.4515625, 0.56015625, 22.919726562500003, -0.56015625])
array('d', [-42.291796875, -0.2333984375, 23.5732421875, -0.56015625])
array('d', [-43.272070312500006, -0.8869140625, 22.499609375000002, -0.93359375])
array('d', [-41.2181640625, -0.7468750000000001, 21.1458984375, -0.56015625])
array('d', [-41.2181640625, 0.56015625, 21.379296875, 0.18671875000000002])
array('d', [-42.1517578125, 0.56015625, 21.379296875, 0.18671875000000002])
array('d', [-42.291796875, 0.9802734375000001, 22.499609375000002, 0.18671875000000002])
array('d', [-42.291796875, -0.2333984375, 23.1064453125, 0.56015625])
array('d', [-41.965039062500004, -0.2333984375, 23.1064453125, -0.56015625])
array('d', [-42.478515625, 0.9802734375000001, 21.566015625000002, -0.56015625])
array('d', [-42.478515625, 0.9802734375000001, 21.566015625000002, -0.56015625])
array('d', [-42.478515625, 0.9802734375000001, 21.566015625000002, -0.56015625])
array('d', [-42.478515625, 0.9802734375000001, 21.566015625000002, -0.56015625])
array('d', [-42.478515625, 0.9802734375000001, 21.566015625000002, -0.56015625])
array('d', [-42.478515625, 0.9802734375000001, 21.566015625000002, -0.56015625])
array('d', [-41.871679687500006, -0.2333984375, 21.799414062500002, 0.56015625])
array('d', [-41.078125, -0.7468750000000001, 23.33984375, -0.18671875000000002])
array('d', [-41.078125, -0.046679687500000004, 21.1458984375, -0.18671875000000002])
array('d', [-42.1517578125, -0.046679687500000004, 21.1458984375, -0.18671875000000002])
array('d', [-41.965039062500004, 0.1400390625, 21.799414062500002, 0.56015625])
array('d', [-41.544921875, -0.5134765625000001, 21.566015625000002, -1.3537109375])
array('d', [-41.544921875, -0.5134765625000001, 21.332617187500002, -0.18671875000000002])
array('d', [-41.544921875, 0.1400390625, 21.332617187500002, -0.18671875000000002])
array('d', [-41.544921875, -0.466796875, 22.5462890625, -0.18671875000000002])
array('d', [-42.1517578125, -0.09335937500000001, 22.219531250000003, -1.30703125])
array('d', [-42.571875000000006, -0.466796875, 22.919726562500003, -1.30703125])
array('d', [-42.571875000000006, -0.466796875, 22.919726562500003, -1.30703125])
array('d', [-41.2181640625, -0.8869140625, 21.799414062500002, 0.56015625])
array('d', [-41.871679687500006, 0.42011718750000004, 22.6396484375, -0.56015625])
array('d', [-41.871679687500006, 0.42011718750000004, 22.6396484375, -0.56015625])
array('d', [-41.871679687500006, 0.42011718750000004, 22.6396484375, -0.56015625])
array('d', [-41.871679687500006, 0.42011718750000004, 22.6396484375, -0.56015625])
array('d', [-41.871679687500006, 0.42011718750000004, 22.6396484375, -0.56015625])
array('d', [-40.8447265625, 0.37343750000000003, 22.919726562500003, 0.56015625])
array('d', [-40.8447265625, -0.466796875, 22.499609375000002, -0.56015625])
array('d', [-41.638281250000006, -0.466796875, 22.499609375000002, -0.56015625])
array('d', [-41.638281250000006, -0.7468750000000001, 22.219531250000003, -0.18671875000000002])
array('d', [-42.291796875, -0.466796875, 21.986132812500003, -0.18671875000000002])
array('d', [-42.291796875, -0.466796875, 21.986132812500003, -0.18671875000000002])
array('d', [-42.7119140625, -0.2333984375, 22.499609375000002, -0.18671875000000002])
array('d', [-41.871679687500006, 0.37343750000000003, 21.799414062500002, 0.9802734375000001])
array('d', [-41.544921875, 0.9802734375000001, 23.153125000000003, -1.30703125])
array('d', [-41.544921875, 0.9802734375000001, 22.499609375000002, 0.56015625])
array('d', [-41.2181640625, 0.37343750000000003, 21.799414062500002, -0.18671875000000002])
array('d', [-41.171484375000006, 0.56015625, 21.799414062500002, -0.18671875000000002])
array('d', [-42.1517578125, -0.7001953125, 22.032812500000002, -0.18671875000000002])
array('d', [-42.1517578125, -0.7001953125, 22.032812500000002, -0.18671875000000002])
array('d', [-42.1517578125, -0.7001953125, 22.032812500000002, -0.18671875000000002])
array('d', [-42.1517578125, -0.7001953125, 22.032812500000002, -0.18671875000000002])
array('d', [-42.1517578125, -0.7001953125, 22.032812500000002, -0.18671875000000002])
array('d', [-41.871679687500006, -0.466796875, 22.032812500000002, -0.18671875000000002])
array('d', [-42.291796875, 0.7935546875, 22.686328125000003, -0.18671875000000002])
array('d', [-40.4712890625, -0.280078125, 21.799414062500002, -0.56015625])
array('d', [-40.4712890625, -0.7468750000000001, 22.499609375000002, 1.30703125])
array('d', [-42.571875000000006, -0.7468750000000001, 22.499609375000002, 1.30703125])
array('d', [-41.2181640625, 0.8402343750000001, 22.219531250000003, 1.30703125])
array('d', [-41.965039062500004, -1.1203125, 22.6396484375, -0.8869140625])
array('d', [-41.965039062500004, 0.18671875000000002, 21.379296875, -0.18671875000000002])
array('d', [-42.338476562500006, 0.18671875000000002, 21.379296875, -1.30703125])
array('d', [-43.272070312500006, 0.56015625, 21.379296875, 0.56015625])
array('d', [-41.965039062500004, 0.56015625, 21.379296875, 0.56015625])
array('d', [-41.965039062500004, -0.046679687500000004, 21.986132812500003, -0.56015625])
array('d', [-41.965039062500004, 0.9802734375000001, 21.566015625000002, -1.30703125])
array('d', [-41.965039062500004, 0.9802734375000001, 21.566015625000002, -1.30703125])
array('d', [-41.965039062500004, 0.9802734375000001, 21.566015625000002, -1.30703125])
array('d', [-41.965039062500004, 0.9802734375000001, 21.566015625000002, -1.30703125])
array('d', [-41.965039062500004, 0.9802734375000001, 21.566015625000002, -1.30703125])
array('d', [-41.4515625, -0.7001953125, 23.5265625, 0.18671875000000002])
array('d', [-41.544921875, -0.280078125, 21.799414062500002, 1.30703125])
array('d', [-41.544921875, -0.7468750000000001, 21.379296875, 0.56015625])
array('d', [-41.544921875, -0.7468750000000001, 21.379296875, 0.56015625])
array('d', [-41.544921875, -0.7468750000000001, 21.379296875, 0.56015625])
array('d', [-41.544921875, -0.7468750000000001, 21.379296875, 0.56015625])
array('d', [-42.1517578125, -0.8869140625, 22.499609375000002, 0.56015625])
array('d', [-42.7119140625, -0.8869140625, 22.499609375000002, 0.56015625])
array('d', [-41.171484375000006, 0.37343750000000003, 22.686328125000003, -0.56015625])
array('d', [-42.338476562500006, 0.37343750000000003, 22.686328125000003, -0.56015625])
array('d', [-42.338476562500006, 0.37343750000000003, 22.686328125000003, -0.56015625])
array('d', [-42.338476562500006, 0.7935546875, 21.799414062500002, 0.2333984375])
array('d', [-41.638281250000006, -0.5134765625000001, 22.032812500000002, -0.56015625])
array('d', [-42.291796875, -0.09335937500000001, 22.499609375000002, -0.56015625])
array('d', [-42.291796875, -0.09335937500000001, 22.499609375000002, -0.56015625])
array('d', [-41.171484375000006, -0.09335937500000001, 22.499609375000002, -0.18671875000000002])
array('d', [-41.171484375000006, 0.37343750000000003, 21.566015625000002, 0.56015625])
array('d', [-41.171484375000006, 0.37343750000000003, 21.566015625000002, -0.18671875000000002])
array('d', [-41.544921875, -0.046679687500000004, 22.499609375000002, -0.18671875000000002])
array('d', [-41.4515625, -0.046679687500000004, 21.6126953125, -0.56015625])
array('d', [-41.871679687500006, -0.280078125, 22.499609375000002, -0.56015625])
array('d', [-41.871679687500006, -0.280078125, 22.499609375000002, 0.56015625])
array('d', [-41.871679687500006, -0.280078125, 22.499609375000002, 0.56015625])
array('d', [-41.4515625, -0.466796875, 22.499609375000002, 0.56015625])
array('d', [-41.965039062500004, -0.8869140625, 23.153125000000003, -0.18671875000000002])
array('d', [-42.291796875, 0.56015625, 22.499609375000002, 0.18671875000000002])
array('d', [-42.291796875, -0.280078125, 22.499609375000002, -0.93359375])
array('d', [-41.965039062500004, -0.280078125, 22.499609375000002, -0.93359375])
array('d', [-41.544921875, -0.466796875, 21.799414062500002, -0.93359375])
array('d', [-42.1517578125, -0.466796875, 21.799414062500002, -0.93359375])
array('d', [-42.7119140625, -0.280078125, 21.986132812500003, 0.18671875000000002])
array('d', [-42.9453125, 1.213671875, 22.452929687500003, -0.56015625])
array('d', [-42.9453125, 1.213671875, 22.452929687500003, -0.56015625])
array('d', [-42.7119140625, -0.7001953125, 21.986132812500003, 0.56015625])
array('d', [-42.7119140625, -0.7001953125, 21.986132812500003, -2.80078125])
array('d', [-41.871679687500006, 0.42011718750000004, 21.332617187500002, -0.8869140625])
array('d', [-41.544921875, -0.280078125, 22.219531250000003, -0.8869140625])
array('d', [-41.965039062500004, -0.8869140625, 21.799414062500002, 0.56015625])
array('d', [-41.544921875, -0.280078125, 21.566015625000002, -0.18671875000000002])
array('d', [-41.544921875, -0.280078125, 21.566015625000002, -0.18671875000000002])
array('d', [-41.544921875, -0.280078125, 21.566015625000002, -0.18671875000000002])
array('d', [-41.965039062500004, -0.09335937500000001, 22.919726562500003, -0.18671875000000002])
array('d', [-42.9453125, 0.7935546875, 22.6396484375, 1.6804687500000002])
array('d', [-41.965039062500004, 0.56015625, 21.566015625000002, 0.56015625])
array('d', [-41.965039062500004, -0.280078125, 22.219531250000003, 0.18671875000000002])
array('d', [-41.544921875, -0.280078125, 22.219531250000003, 0.18671875000000002])
array('d', [-41.871679687500006, -0.8869140625, 22.452929687500003, -0.93359375])
array('d', [-41.544921875, 0.56015625, 23.153125000000003, 0.56015625])
array('d', [-41.544921875, 0.56015625, 23.153125000000003, 0.18671875000000002])
array('d', [-40.097851562500004, -0.8869140625, 21.752734375000003, 0.18671875000000002])
array('d', [-42.0583984375, 0.1400390625, 22.452929687500003, 1.30703125])
array('d', [-42.0583984375, 0.1400390625, 22.452929687500003, 1.30703125])
array('d', [-41.2181640625, -0.09335937500000001, 22.452929687500003, -0.56015625])
array('d', [-41.871679687500006, 0.56015625, 22.499609375000002, 0.18671875000000002])
array('d', [-41.171484375000006, 0.1400390625, 22.6396484375, -1.30703125])
array('d', [-41.171484375000006, 0.1400390625, 22.6396484375, -1.30703125])
array('d', [-41.171484375000006, 0.1400390625, 22.6396484375, -1.30703125])
array('d', [-40.097851562500004, -0.466796875, 22.219531250000003, 0.93359375])
array('d', [-41.965039062500004, -0.466796875, 22.452929687500003, -0.18671875000000002])
array('d', [-41.965039062500004, 0.1400390625, 21.986132812500003, -0.18671875000000002])
array('d', [-41.2181640625, -0.046679687500000004, 21.519335937500003, 0.18671875000000002])
array('d', [-41.2181640625, 0.7935546875, 21.566015625000002, -0.93359375])
array('d', [-41.171484375000006, 0.7935546875, 21.566015625000002, -0.93359375])
array('d', [-41.871679687500006, 0.9802734375000001, 22.6396484375, -0.18671875000000002])
array('d', [-42.291796875, 0.18671875000000002, 23.33984375, 0.18671875000000002])
array('d', [-41.871679687500006, -0.046679687500000004, 21.566015625000002, 0.18671875000000002])
array('d', [-41.4515625, 0.9802734375000001, 22.452929687500003, 0.18671875000000002])
array('d', [-42.1517578125, 0.56015625, 20.258984375, -0.18671875000000002])
array('d', [-42.1517578125, 0.56015625, 20.258984375, -0.93359375])
array('d', [-41.544921875, 0.1400390625, 21.519335937500003, -0.93359375])
array('d', [-41.544921875, 0.18671875000000002, 22.219531250000003, -0.56015625])
array('d', [-42.571875000000006, -0.466796875, 21.1458984375, 0.9802734375000001])
array('d', [-41.544921875, -0.466796875, 21.1458984375, 0.9802734375000001])
array('d', [-41.544921875, 0.1400390625, 23.153125000000003, 0.56015625])
array('d', [-41.544921875, 0.1400390625, 22.219531250000003, 0.18671875000000002])
array('d', [-42.571875000000006, -0.09335937500000001, 22.452929687500003, 0.18671875000000002])
array('d', [-42.571875000000006, -0.09335937500000001, 22.452929687500003, 0.18671875000000002])
array('d', [-42.571875000000006, -0.09335937500000001, 22.452929687500003, 0.18671875000000002])
array('d', [-42.571875000000006, -0.09335937500000001, 22.452929687500003, 0.18671875000000002])
array('d', [-41.2181640625, -0.09335937500000001, 22.6396484375, -0.93359375])
array('d', [-42.291796875, 0.8402343750000001, 22.219531250000003, -0.93359375])
array('d', [-42.291796875, 0.56015625, 21.986132812500003, -0.56015625])
array('d', [-42.291796875, 0.56015625, 21.986132812500003, -0.56015625])
array('d', [-41.638281250000006, -0.280078125, 22.219531250000003, -0.93359375])
array('d', [-41.965039062500004, -0.280078125, 22.219531250000003, -0.93359375])
array('d', [-42.571875000000006, 0.7935546875, 22.219531250000003, -0.93359375])
array('d', [-41.871679687500006, -0.046679687500000004, 22.919726562500003, -1.30703125])
array('d', [-42.1517578125, 0.7935546875, 21.566015625000002, 0.18671875000000002])
array('d', [-42.1517578125, 0.7935546875, 21.566015625000002, 0.56015625])
array('d', [-41.965039062500004, 0.1400390625, 21.566015625000002, 0.56015625])
array('d', [-41.965039062500004, 0.1400390625, 21.566015625000002, 0.56015625])
array('d', [-41.544921875, 0.1400390625, 22.219531250000003, 0.93359375])
array('d', [-41.2181640625, -0.046679687500000004, 22.219531250000003, -0.93359375])
array('d', [-41.2181640625, -0.046679687500000004, 21.379296875, 0.56015625])
array('d', [-41.2181640625, -0.046679687500000004, 21.379296875, 0.56015625])
array('d', [-41.2181640625, -0.046679687500000004, 21.379296875, 0.56015625])
array('d', [-41.871679687500006, 0.1400390625, 23.1064453125, 0.18671875000000002])
array('d', [-42.1517578125, -1.1203125, 22.219531250000003, 0.18671875000000002])
array('d', [-41.871679687500006, -0.09335937500000001, 22.219531250000003, -0.18671875000000002])
array('d', [-41.171484375000006, -0.046679687500000004, 22.452929687500003, -0.18671875000000002])
array('d', [-41.544921875, -0.046679687500000004, 22.452929687500003, -1.30703125])
array('d', [-41.638281250000006, 1.8205078125, 22.219531250000003, 0.18671875000000002])
array('d', [-41.638281250000006, 1.8205078125, 22.219531250000003, 0.18671875000000002])
array('d', [-42.291796875, 0.1400390625, 22.219531250000003, -0.18671875000000002])
array('d', [-41.544921875, 0.42011718750000004, 22.032812500000002, -0.93359375])
array('d', [-41.544921875, 0.42011718750000004, 22.032812500000002, 0.18671875000000002])
array('d', [-41.7783203125, 0.7935546875, 22.219531250000003, 0.18671875000000002])
array('d', [-41.544921875, -0.2333984375, 22.452929687500003, -0.18671875000000002])
array('d', [-41.544921875, -0.7001953125, 21.566015625000002, -0.56015625])
array('d', [-41.544921875, -0.7001953125, 21.566015625000002, -0.56015625])
array('d', [-41.544921875, -0.7001953125, 21.566015625000002, -0.56015625])
array('d', [-41.544921875, -0.7001953125, 21.566015625000002, -0.56015625])
array('d', [-42.478515625, -0.09335937500000001, 22.6396484375, 0.56015625])
array('d', [-42.291796875, 0.56015625, 22.873046875, 0.18671875000000002])
array('d', [-40.331250000000004, 0.1400390625, 23.5732421875, -0.56015625])
array('d', [-40.331250000000004, 0.1400390625, 20.72578125, 0.93359375])
array('d', [-42.805273437500006, -0.466796875, 20.72578125, 0.93359375])
array('d', [-41.544921875, 0.56015625, 22.6396484375, -0.18671875000000002])
array('d', [-41.171484375000006, -0.7468750000000001, 22.6396484375, -0.18671875000000002])
array('d', [-41.2181640625, -1.5404296875, 21.986132812500003, 0.9802734375000001])
array('d', [-41.171484375000006, 0.42011718750000004, 22.452929687500003, -0.56015625])
array('d', [-41.171484375000006, 0.42011718750000004, 22.452929687500003, 0.93359375])
array('d', [-41.638281250000006, -0.046679687500000004, 22.919726562500003, 0.93359375])
array('d', [-40.8447265625, -1.30703125, 23.1064453125, -1.30703125])
array('d', [-42.291796875, -0.466796875, 21.799414062500002, -0.18671875000000002])
array('d', [-41.871679687500006, -0.046679687500000004, 22.6396484375, 0.56015625])
array('d', [-42.9453125, -0.466796875, 21.986132812500003, -0.18671875000000002])
array('d', [-42.9453125, -0.280078125, 22.919726562500003, -0.18671875000000002])
array('d', [-42.571875000000006, -0.280078125, 22.919726562500003, -0.18671875000000002])
array('d', [-41.2181640625, 0.56015625, 20.9125, -0.56015625])
array('d', [-42.571875000000006, 0.9802734375000001, 23.1064453125, 0.18671875000000002])
array('d', [-41.4515625, 0.9802734375000001, 20.6791015625, -0.93359375])
array('d', [-41.965039062500004, -0.280078125, 21.986132812500003, 0.18671875000000002])
array('d', [-41.965039062500004, -0.280078125, 21.986132812500003, 0.18671875000000002])
array('d', [-42.291796875, 0.56015625, 21.379296875, 0.18671875000000002])
array('d', [-41.171484375000006, 0.1400390625, 22.499609375000002, 0.18671875000000002])
array('d', [-41.171484375000006, 0.56015625, 20.4923828125, 0.18671875000000002])
array('d', [-42.338476562500006, 0.56015625, 20.4923828125, 0.56015625])
array('d', [-42.1517578125, -0.466796875, 22.452929687500003, 0.56015625])
array('d', [-41.638281250000006, -0.09335937500000001, 21.379296875, 0.56015625])
array('d', [-40.7513671875, -0.09335937500000001, 21.799414062500002, 0.56015625])
array('d', [-40.7513671875, -0.09335937500000001, 21.799414062500002, -0.93359375])
array('d', [-41.871679687500006, -0.466796875, 21.379296875, -0.93359375])
array('d', [-41.871679687500006, 0.1400390625, 21.799414062500002, -0.93359375])
array('d', [-41.871679687500006, -0.280078125, 23.1064453125, -0.18671875000000002])
array('d', [-41.871679687500006, -0.280078125, 23.1064453125, -0.18671875000000002])
array('d', [-42.1517578125, -0.466796875, 22.6396484375, 0.18671875000000002])
array('d', [-41.4515625, 0.1400390625, 22.499609375000002, 0.93359375])
array('d', [-42.7119140625, -1.1203125, 22.6396484375, -0.18671875000000002])
array('d', [-42.7119140625, -1.1203125, 22.6396484375, -0.18671875000000002])
array('d', [-42.7119140625, -1.1203125, 22.6396484375, -0.18671875000000002])
array('d', [-41.2181640625, -0.466796875, 22.219531250000003, 0.56015625])
array('d', [-41.871679687500006, 0.56015625, 21.379296875, 0.56015625])
array('d', [-41.871679687500006, 0.56015625, 21.379296875, 0.56015625])
array('d', [-41.871679687500006, 0.56015625, 21.379296875, 0.56015625])
array('d', [-41.544921875, 0.7935546875, 20.9125, -0.93359375])
array('d', [-41.171484375000006, -0.7001953125, 21.752734375000003, -0.18671875000000002])
array('d', [-40.8447265625, 0.7935546875, 22.919726562500003, -0.18671875000000002])
array('d', [-40.8447265625, 0.7935546875, 22.919726562500003, -0.18671875000000002])
array('d', [-40.8447265625, 0.7935546875, 22.919726562500003, -0.18671875000000002])
array('d', [-41.544921875, -0.8869140625, 22.219531250000003, 0.18671875000000002])
array('d', [-41.638281250000006, 0.56015625, 22.919726562500003, 1.30703125])
array('d', [-41.965039062500004, -0.280078125, 21.566015625000002, -0.93359375])
array('d', [-41.544921875, 0.1400390625, 23.1064453125, 0.18671875000000002])
array('d', [-41.544921875, 0.56015625, 23.33984375, 0.9802734375000001])
array('d', [-42.9453125, 0.56015625, 21.379296875, -0.18671875000000002])
array('d', [-42.291796875, -0.466796875, 22.6396484375, 0.56015625])
array('d', [-42.291796875, 0.7935546875, 21.986132812500003, -0.93359375])
array('d', [-41.965039062500004, 0.7935546875, 22.6396484375, -1.30703125])
array('d', [-42.291796875, -0.280078125, 22.873046875, -0.93359375])
array('d', [-41.638281250000006, 0.42011718750000004, 21.986132812500003, 0.56015625])
array('d', [-42.291796875, -1.1203125, 22.219531250000003, 0.93359375])
array('d', [-41.871679687500006, 0.1400390625, 22.219531250000003, 0.93359375])
array('d', [-41.871679687500006, 0.1400390625, 22.6396484375, 0.93359375])
array('d', [-41.544921875, 0.56015625, 21.379296875, 0.18671875000000002])
array('d', [-42.7119140625, -0.09335937500000001, 21.799414062500002, -0.56015625])
array('d', [-42.7119140625, -0.09335937500000001, 21.099218750000002, -0.56015625])
array('d', [-42.9453125, -0.466796875, 21.099218750000002, 0.18671875000000002])
array('d', [-42.7119140625, 0.1400390625, 21.379296875, 0.18671875000000002])
array('d', [-42.7119140625, -0.7001953125, 23.5265625, 0.56015625])
array('d', [-41.638281250000006, -0.7001953125, 23.5265625, 0.56015625])
array('d', [-41.2181640625, -0.7001953125, 21.939453125, 0.93359375])
array('d', [-41.2181640625, -0.466796875, 21.939453125, -0.18671875000000002])
array('d', [-41.871679687500006, 0.1400390625, 22.219531250000003, -0.18671875000000002])
array('d', [-41.871679687500006, -0.2333984375, 21.799414062500002, 0.93359375])
array('d', [-42.9453125, -0.466796875, 21.566015625000002, 0.18671875000000002])
array('d', [-43.272070312500006, 0.1400390625, 22.6396484375, 0.18671875000000002])
array('d', [-41.544921875, -0.280078125, 21.799414062500002, 1.30703125])
array('d', [-41.965039062500004, 0.56015625, 20.6791015625, 1.30703125])
array('d', [-41.965039062500004, 0.56015625, 20.6791015625, 1.30703125])
array('d', [-41.965039062500004, 0.56015625, 20.6791015625, 1.30703125])
array('d', [-42.0583984375, 0.1400390625, 21.799414062500002, -0.18671875000000002])
array('d', [-41.171484375000006, 0.7935546875, 21.566015625000002, -0.93359375])
array('d', [-41.871679687500006, 0.42011718750000004, 21.986132812500003, 0.18671875000000002])
array('d', [-41.871679687500006, 0.42011718750000004, 21.986132812500003, -0.56015625])
array('d', [-42.478515625, -0.466796875, 21.799414062500002, -0.56015625])
array('d', [-41.2181640625, -0.046679687500000004, 22.219531250000003, 0.18671875000000002])
array('d', [-40.8447265625, 0.7935546875, 22.6396484375, 0.93359375])
array('d', [-38.6041015625, 0.42011718750000004, 22.6396484375, 0.93359375])
array('d', [-43.365429687500004, -0.466796875, 22.452929687500003, 0.93359375])
array('d', [-41.544921875, -0.046679687500000004, 22.219531250000003, -0.56015625])
array('d', [-42.9453125, 0.1400390625, 22.919726562500003, 0.93359375])
array('d', [-41.4515625, 0.37343750000000003, 22.452929687500003, 0.18671875000000002])
array('d', [-41.4515625, 0.37343750000000003, 22.452929687500003, 0.18671875000000002])
array('d', [-41.965039062500004, -0.280078125, 22.219531250000003, -0.93359375])
array('d', [-42.7119140625, 0.7935546875, 22.919726562500003, 0.93359375])
array('d', [-42.7119140625, 0.56015625, 21.986132812500003, 0.93359375])
array('d', [-42.7119140625, 0.56015625, 21.986132812500003, 0.93359375])
array('d', [-41.2181640625, 0.1400390625, 22.6396484375, -0.56015625])
array('d', [-42.571875000000006, 0.7935546875, 22.40625, 0.93359375])
array('d', [-41.544921875, 0.1400390625, 22.873046875, 0.93359375])
array('d', [-41.871679687500006, -1.1203125, 21.986132812500003, -0.56015625])
array('d', [-42.1517578125, 0.1400390625, 23.7599609375, 0.18671875000000002])
array('d', [-42.1517578125, -0.280078125, 21.799414062500002, -0.93359375])
array('d', [-42.1517578125, -0.280078125, 21.799414062500002, -0.93359375])
array('d', [-40.8447265625, -0.7001953125, 22.452929687500003, 0.56015625])
array('d', [-42.9453125, 0.1400390625, 23.1064453125, 0.56015625])
array('d', [-42.9453125, 0.1400390625, 22.452929687500003, 0.56015625])
array('d', [-42.9453125, 1.213671875, 22.452929687500003, 0.56015625])
array('d', [-42.571875000000006, 0.1400390625, 22.6396484375, -0.56015625])
array('d', [-42.1517578125, -0.280078125, 22.452929687500003, -0.18671875000000002])
array('d', [-42.1517578125, -0.280078125, 22.452929687500003, -0.56015625])
array('d', [-42.291796875, -0.046679687500000004, 21.799414062500002, -0.56015625])
array('d', [-41.4515625, 0.8402343750000001, 21.519335937500003, 0.18671875000000002])
array('d', [-41.4515625, 0.1400390625, 22.452929687500003, -0.18671875000000002])
array('d', [-41.4515625, 0.1400390625, 22.219531250000003, 0.18671875000000002])
array('d', [-42.9453125, 0.42011718750000004, 22.219531250000003, 0.18671875000000002])
array('d', [-41.544921875, -0.7001953125, 22.6396484375, -0.93359375])
array('d', [-41.544921875, -0.7001953125, 22.6396484375, -0.93359375])
array('d', [-41.2181640625, 1.213671875, 23.5265625, -0.18671875000000002])
array('d', [-42.9453125, -0.09335937500000001, 21.332617187500002, -0.18671875000000002])
array('d', [-41.638281250000006, -0.046679687500000004, 21.939453125, 0.18671875000000002])
array('d', [-41.638281250000006, -0.046679687500000004, 21.939453125, 0.18671875000000002])
array('d', [-41.638281250000006, -0.046679687500000004, 21.939453125, 0.18671875000000002])
array('d', [-41.544921875, -1.773828125, 21.799414062500002, 0.18671875000000002])
array('d', [-41.544921875, -1.773828125, 21.799414062500002, -0.18671875000000002])
array('d', [-42.571875000000006, 0.1400390625, 21.332617187500002, -0.18671875000000002])
array('d', [-41.871679687500006, 0.1400390625, 22.219531250000003, 0.93359375])
array('d', [-41.871679687500006, 0.56015625, 21.986132812500003, 0.18671875000000002])
array('d', [-41.871679687500006, 0.56015625, 21.986132812500003, 0.18671875000000002])
array('d', [-42.1517578125, -0.7001953125, 22.919726562500003, 0.18671875000000002])
array('d', [-42.291796875, -0.2333984375, 21.799414062500002, 0.18671875000000002])
array('d', [-41.871679687500006, 0.1400390625, 22.219531250000003, 0.6068359375])
array('d', [-41.871679687500006, 0.1400390625, 21.799414062500002, -0.93359375])
array('d', [-40.424609375, 0.1400390625, 21.799414062500002, -0.93359375])
array('d', [-41.2181640625, -0.466796875, 21.986132812500003, 0.56015625])
array('d', [-41.544921875, 0.56015625, 22.219531250000003, -0.18671875000000002])
array('d', [-42.7119140625, 0.42011718750000004, 21.986132812500003, -0.18671875000000002])
array('d', [-42.7119140625, 0.42011718750000004, 21.986132812500003, 0.93359375])
array('d', [-41.544921875, 1.4470703125000002, 22.452929687500003, 0.18671875000000002])
array('d', [-41.544921875, 0.37343750000000003, 21.519335937500003, 0.56015625])
array('d', [-41.544921875, 0.37343750000000003, 21.519335937500003, 0.56015625])
array('d', [-41.544921875, -0.8869140625, 22.499609375000002, 0.18671875000000002])
array('d', [-41.2181640625, -0.8869140625, 22.6396484375, 0.93359375])
array('d', [-41.2181640625, -0.8869140625, 22.6396484375, 0.93359375])
array('d', [-41.171484375000006, -0.466796875, 21.799414062500002, 0.18671875000000002])
array('d', [-42.571875000000006, -0.466796875, 22.6396484375, 0.56015625])
array('d', [-42.571875000000006, -0.466796875, 23.2931640625, 0.56015625])
array('d', [-42.1517578125, 0.56015625, 23.2931640625, 0.56015625])
array('d', [-42.1517578125, 0.56015625, 23.2931640625, 0.56015625])
array('d', [-42.1517578125, 0.56015625, 23.2931640625, 0.56015625])
array('d', [-42.9453125, 0.9802734375000001, 21.799414062500002, -1.30703125])
array('d', [-41.871679687500006, 0.1400390625, 20.865820312500002, -0.56015625])
array('d', [-41.2181640625, 0.37343750000000003, 21.519335937500003, -0.18671875000000002])
array('d', [-41.2181640625, 0.37343750000000003, 21.519335937500003, -0.18671875000000002])
array('d', [-41.544921875, 0.7935546875, 20.6791015625, 1.30703125])
array('d', [-41.871679687500006, 0.42011718750000004, 23.1064453125, -0.93359375])
array('d', [-41.871679687500006, 0.42011718750000004, 23.1064453125, -0.18671875000000002])
array('d', [-42.9453125, -0.280078125, 22.6396484375, -0.18671875000000002])
array('d', [-42.291796875, -0.280078125, 21.379296875, -0.56015625])
array('d', [-40.424609375, -0.8869140625, 22.219531250000003, 0.93359375])
array('d', [-40.424609375, -0.8869140625, 22.219531250000003, 0.93359375])
array('d', [-41.544921875, 1.4470703125000002, 22.219531250000003, 0.93359375])
array('d', [-42.291796875, 0.37343750000000003, 22.6396484375, 2.42734375])
array('d', [-42.291796875, -0.8869140625, 21.332617187500002, -0.1400390625])
array('d', [-42.898632812500004, -0.8869140625, 21.332617187500002, -0.1400390625])
array('d', [-42.898632812500004, -0.8869140625, 21.332617187500002, -0.1400390625])
array('d', [-40.8447265625, 0.7935546875, 23.33984375, 0.93359375])
array('d', [-40.8447265625, 0.7935546875, 23.33984375, 0.56015625])
array('d', [-42.571875000000006, 0.37343750000000003, 20.445703125, 0.56015625])
array('d', [-41.171484375000006, 0.7935546875, 22.6396484375, 0.56015625])
array('d', [-41.171484375000006, 0.7935546875, 22.6396484375, 0.18671875000000002])
array('d', [-41.544921875, -0.2333984375, 22.219531250000003, 0.18671875000000002])
array('d', [-41.871679687500006, -0.466796875, 20.865820312500002, -0.93359375])
array('d', [-41.871679687500006, -0.466796875, 20.865820312500002, -0.93359375])
array('d', [-42.338476562500006, -0.466796875, 21.986132812500003, -0.56015625])
array('d', [-41.544921875, -0.2333984375, 20.72578125, -0.56015625])
array('d', [-41.871679687500006, 0.1400390625, 23.7599609375, -0.18671875000000002])
array('d', [-41.871679687500006, 0.1400390625, 23.7599609375, -0.18671875000000002])
array('d', [-41.544921875, 0.7935546875, 21.379296875, 0.56015625])
array('d', [-42.571875000000006, -0.7468750000000001, 22.873046875, 0.93359375])
array('d', [-42.571875000000006, -0.7468750000000001, 22.873046875, 0.18671875000000002])
array('d', [-42.571875000000006, -0.7468750000000001, 22.873046875, 0.18671875000000002])
array('d', [-42.571875000000006, -0.7468750000000001, 22.873046875, 0.18671875000000002])
array('d', [-42.571875000000006, 1.400390625, 22.6396484375, 0.56015625])
array('d', [-43.0853515625, 1.400390625, 22.6396484375, 0.56015625])
array('d', [-42.291796875, -0.466796875, 21.566015625000002, -0.56015625])
array('d', [-42.291796875, -0.466796875, 21.566015625000002, -0.56015625])
array('d', [-42.291796875, -0.466796875, 21.566015625000002, -0.56015625])
array('d', [-42.291796875, -0.466796875, 21.566015625000002, -0.56015625])
array('d', [-42.291796875, 0.42011718750000004, 21.799414062500002, 0.18671875000000002])
array('d', [-41.871679687500006, -0.09335937500000001, 21.986132812500003, -0.56015625])
array('d', [-42.571875000000006, 0.37343750000000003, 21.799414062500002, -0.18671875000000002])
array('d', [-42.571875000000006, 0.37343750000000003, 21.799414062500002, -0.93359375])
array('d', [-41.544921875, -0.8869140625, 22.219531250000003, -0.93359375])
array('d', [-41.544921875, 1.213671875, 21.986132812500003, -0.56015625])
array('d', [-41.544921875, -0.2333984375, 22.219531250000003, -0.56015625])
array('d', [-41.544921875, -0.2333984375, 22.219531250000003, -0.56015625])
array('d', [-41.544921875, -0.2333984375, 22.219531250000003, -0.56015625])
array('d', [-42.571875000000006, -0.2333984375, 22.219531250000003, 0.6068359375])
array('d', [-40.7513671875, -0.280078125, 22.452929687500003, 0.6068359375])
array('d', [-41.638281250000006, 0.37343750000000003, 22.452929687500003, 0.18671875000000002])
array('d', [-41.638281250000006, 0.37343750000000003, 22.452929687500003, 0.18671875000000002])
array('d', [-41.638281250000006, 0.37343750000000003, 22.452929687500003, 0.18671875000000002])
array('d', [-42.9453125, 0.1400390625, 21.986132812500003, -0.18671875000000002])
array('d', [-41.965039062500004, 0.8402343750000001, 21.379296875, -0.56015625])
array('d', [-41.965039062500004, 0.8402343750000001, 21.799414062500002, 0.18671875000000002])
array('d', [-41.544921875, -0.8869140625, 21.799414062500002, 0.18671875000000002])
array('d', [-41.544921875, -0.046679687500000004, 23.1064453125, 0.18671875000000002])
array('d', [-41.2181640625, 0.9802734375000001, 21.519335937500003, -0.18671875000000002])
array('d', [-41.2181640625, 0.9802734375000001, 21.519335937500003, -0.56015625])
array('d', [-42.291796875, 0.56015625, 23.1064453125, -0.56015625])
array('d', [-40.9380859375, -0.7468750000000001, 21.939453125, -0.18671875000000002])
array('d', [-42.9453125, -0.046679687500000004, 22.919726562500003, 0.18671875000000002])
array('d', [-42.9453125, -0.046679687500000004, 22.919726562500003, 0.18671875000000002])
array('d', [-42.7119140625, 0.1400390625, 23.1064453125, 0.56015625])
array('d', [-40.7513671875, -0.046679687500000004, 21.099218750000002, 0.18671875000000002])
array('d', [-41.965039062500004, -0.466796875, 21.566015625000002, -0.56015625])
array('d', [-41.965039062500004, -0.466796875, 21.566015625000002, -0.56015625])
array('d', [-40.7046875, -0.5134765625000001, 23.1064453125, 0.56015625])
array('d', [-42.338476562500006, 0.1400390625, 22.219531250000003, 0.18671875000000002])
array('d', [-42.338476562500006, 0.1400390625, 22.219531250000003, 0.56015625])
array('d', [-42.338476562500006, 0.1400390625, 22.219531250000003, 0.56015625])
array('d', [-42.338476562500006, 0.1400390625, 22.219531250000003, 0.56015625])
array('d', [-41.871679687500006, -0.2333984375, 21.099218750000002, 0.56015625])
array('d', [-42.898632812500004, 3.267578125, 23.1064453125, 0.6068359375])
array('d', [-41.2181640625, 0.9802734375000001, 21.379296875, 1.6804687500000002])
array('d', [-41.2181640625, 0.9802734375000001, 21.379296875, 1.6804687500000002])
array('d', [-41.2181640625, 0.9802734375000001, 21.379296875, 1.6804687500000002])
array('d', [-41.2181640625, 0.9802734375000001, 21.379296875, 1.6804687500000002])
array('d', [-42.805273437500006, -0.280078125, 22.452929687500003, 0.18671875000000002])
array('d', [-43.1787109375, 0.1400390625, 23.33984375, -1.30703125])
array('d', [-43.1787109375, 0.1400390625, 23.33984375, -1.2603515625000001])
array('d', [-41.965039062500004, 0.1400390625, 22.6396484375, -1.2603515625000001])
array('d', [-40.7513671875, -0.09335937500000001, 22.452929687500003, 0.18671875000000002])
array('d', [-41.871679687500006, 0.1400390625, 22.40625, 0.18671875000000002])
array('d', [-43.365429687500004, 0.18671875000000002, 22.219531250000003, 0.18671875000000002])
array('d', [-43.365429687500004, 0.18671875000000002, 22.219531250000003, 0.18671875000000002])
array('d', [-41.171484375000006, 0.9802734375000001, 21.986132812500003, -0.56015625])
array('d', [-40.424609375, -0.466796875, 23.2931640625, 0.18671875000000002])
array('d', [-40.424609375, -0.466796875, 21.799414062500002, -0.56015625])
array('d', [-41.544921875, 0.42011718750000004, 21.799414062500002, -0.56015625])
array('d', [-41.544921875, -0.466796875, 21.799414062500002, -0.93359375])
array('d', [-42.0583984375, 0.1400390625, 21.799414062500002, -0.93359375])
array('d', [-42.0583984375, 0.1400390625, 21.799414062500002, -0.93359375])
array('d', [-42.0583984375, 0.1400390625, 21.799414062500002, -0.93359375])
array('d', [-42.0583984375, 0.1400390625, 21.986132812500003, 0.18671875000000002])
array('d', [-41.871679687500006, -0.8869140625, 21.566015625000002, 0.18671875000000002])
array('d', [-41.544921875, 0.37343750000000003, 22.219531250000003, -0.1400390625])
array('d', [-41.544921875, 0.37343750000000003, 22.219531250000003, -0.1400390625])
array('d', [-41.544921875, 0.37343750000000003, 22.219531250000003, -0.1400390625])
array('d', [-41.544921875, 0.37343750000000003, 22.219531250000003, -0.1400390625])
array('d', [-42.291796875, 0.1400390625, 22.219531250000003, 0.56015625])
array('d', [-41.871679687500006, -0.046679687500000004, 23.1064453125, -0.56015625])
array('d', [-41.871679687500006, -0.046679687500000004, 23.1064453125, -0.1400390625])
array('d', [-41.544921875, -0.280078125, 21.799414062500002, -0.1400390625])
array('d', [-41.965039062500004, -0.7001953125, 21.566015625000002, 0.18671875000000002])
array('d', [-42.291796875, 0.56015625, 22.452929687500003, -0.56015625])
array('d', [-42.291796875, 0.56015625, 22.452929687500003, -0.1400390625])
array('d', [-42.291796875, 0.56015625, 22.452929687500003, -0.1400390625])
array('d', [-42.7119140625, 0.56015625, 21.519335937500003, -0.1400390625])
array('d', [-41.965039062500004, -0.280078125, 21.986132812500003, 0.18671875000000002])
array('d', [-41.7783203125, -0.046679687500000004, 22.219531250000003, -0.6068359375])
array('d', [-41.7783203125, -0.046679687500000004, 22.219531250000003, -0.6068359375])
array('d', [-41.7783203125, -0.046679687500000004, 22.219531250000003, -0.6068359375])
array('d', [-41.7783203125, -0.046679687500000004, 22.219531250000003, -0.6068359375])
array('d', [-41.7783203125, -0.046679687500000004, 22.219531250000003, -0.6068359375])
array('d', [-41.544921875, -0.5134765625000001, 21.986132812500003, 0.18671875000000002])
array('d', [-41.544921875, -0.466796875, 21.379296875, 0.18671875000000002])
array('d', [-42.1517578125, -0.466796875, 21.379296875, 0.18671875000000002])
array('d', [-42.1517578125, -0.466796875, 21.379296875, 0.18671875000000002])
array('d', [-42.1517578125, -0.466796875, 21.379296875, 0.18671875000000002])
array('d', [-41.544921875, -0.280078125, 23.33984375, 0.56015625])
array('d', [-41.871679687500006, -0.466796875, 22.219531250000003, 0.56015625])
array('d', [-42.0583984375, -0.466796875, 22.452929687500003, 1.30703125])
array('d', [-42.0583984375, -0.466796875, 21.799414062500002, -0.18671875000000002])
array('d', [-40.7513671875, 0.1400390625, 21.799414062500002, -0.18671875000000002])
array('d', [-41.544921875, -0.7001953125, 22.219531250000003, -0.18671875000000002])
array('d', [-41.171484375000006, -0.046679687500000004, 22.499609375000002, 0.18671875000000002])
array('d', [-41.171484375000006, -0.046679687500000004, 22.499609375000002, -0.93359375])
array('d', [-42.9453125, 0.1400390625, 22.499609375000002, -0.93359375])
array('d', [-40.7513671875, -0.466796875, 22.219531250000003, 0.1400390625])
array('d', [-40.7513671875, 0.1400390625, 23.5265625, -0.93359375])
array('d', [-41.2181640625, 0.1400390625, 23.5265625, -2.0539062500000003])
array('d', [-41.965039062500004, 0.7935546875, 21.799414062500002, -2.0539062500000003])
array('d', [-42.1517578125, -0.280078125, 22.6396484375, -0.93359375])
array('d', [-42.1517578125, -0.280078125, 22.6396484375, -0.93359375])
array('d', [-41.171484375000006, -0.280078125, 21.799414062500002, -0.56015625])
array('d', [-41.871679687500006, 0.37343750000000003, 21.799414062500002, 0.56015625])
array('d', [-41.871679687500006, 0.37343750000000003, 22.452929687500003, 0.18671875000000002])
array('d', [-41.871679687500006, 0.37343750000000003, 22.452929687500003, 0.18671875000000002])
array('d', [-42.9453125, -0.046679687500000004, 21.379296875, -0.18671875000000002])
array('d', [-42.9453125, -0.046679687500000004, 21.379296875, -0.18671875000000002])
array('d', [-41.965039062500004, 0.1400390625, 23.1064453125, -0.18671875000000002])
array('d', [-41.965039062500004, 0.1400390625, 22.219531250000003, 0.56015625])
array('d', [-41.171484375000006, -0.280078125, 22.219531250000003, 0.56015625])
array('d', [-41.171484375000006, -0.280078125, 22.219531250000003, 0.56015625])
array('d', [-41.171484375000006, -0.280078125, 22.219531250000003, 0.56015625])
array('d', [-41.171484375000006, -0.280078125, 22.219531250000003, 0.56015625])
array('d', [-41.171484375000006, -0.280078125, 22.219531250000003, 0.56015625])
array('d', [-41.965039062500004, 0.42011718750000004, 22.6396484375, 0.18671875000000002])
array('d', [-40.424609375, 0.42011718750000004, 23.1064453125, 0.18671875000000002])
array('d', [-41.544921875, -0.466796875, 21.799414062500002, -0.93359375])
array('d', [-41.544921875, -0.466796875, 21.799414062500002, -0.93359375])
array('d', [-41.544921875, -0.466796875, 21.799414062500002, -0.93359375])
array('d', [-41.871679687500006, 0.1400390625, 23.2931640625, 1.30703125])
array('d', [-42.7119140625, -0.7468750000000001, 22.873046875, -0.56015625])
array('d', [-42.7119140625, -0.7468750000000001, 22.873046875, 0.93359375])
array('d', [-41.2181640625, -0.280078125, 21.379296875, 0.93359375])
array('d', [-44.0189453125, 1.213671875, 21.986132812500003, 0.93359375])
array('d', [-44.0189453125, 0.9802734375000001, 22.452929687500003, -0.93359375])
array('d', [-42.571875000000006, 0.9802734375000001, 22.452929687500003, -0.93359375])
array('d', [-41.871679687500006, -0.7468750000000001, 23.7599609375, -0.18671875000000002])
array('d', [-42.571875000000006, -0.7468750000000001, 22.452929687500003, 0.18671875000000002])
array('d', [-40.8447265625, -0.7468750000000001, 22.452929687500003, 0.18671875000000002])
array('d', [-43.6921875, 0.56015625, 22.873046875, 0.18671875000000002])
array('d', [-41.638281250000006, -0.8869140625, 23.2931640625, -0.56015625])
array('d', [-41.638281250000006, -0.8869140625, 23.2931640625, -0.56015625])
array('d', [-41.638281250000006, -0.8869140625, 23.2931640625, -0.56015625])
array('d', [-41.638281250000006, -0.2333984375, 21.986132812500003, 0.56015625])
array('d', [-41.544921875, -0.2333984375, 21.986132812500003, 0.56015625])
array('d', [-41.871679687500006, 0.56015625, 22.873046875, -0.1400390625])
array('d', [-41.871679687500006, 0.56015625, 22.873046875, -0.1400390625])
array('d', [-41.871679687500006, 0.56015625, 22.873046875, -0.1400390625])
array('d', [-41.871679687500006, 0.56015625, 22.873046875, -0.1400390625])
array('d', [-41.871679687500006, -0.280078125, 21.519335937500003, -0.56015625])
array('d', [-41.871679687500006, 0.1400390625, 20.258984375, -0.93359375])
array('d', [-41.871679687500006, 0.1400390625, 20.258984375, -0.93359375])
array('d', [-42.291796875, 0.37343750000000003, 21.799414062500002, 0.18671875000000002])
array('d', [-41.871679687500006, 0.7935546875, 21.986132812500003, 0.18671875000000002])
array('d', [-41.871679687500006, 0.7935546875, 21.986132812500003, -0.56015625])
array('d', [-40.8447265625, 0.56015625, 22.219531250000003, -0.56015625])
array('d', [-41.965039062500004, -0.280078125, 23.1064453125, -0.56015625])
array('d', [-41.965039062500004, -0.280078125, 21.519335937500003, -0.56015625])
array('d', [-41.871679687500006, 0.37343750000000003, 23.1064453125, 0.56015625])
array('d', [-42.291796875, -0.7468750000000001, 22.219531250000003, -0.56015625])
array('d', [-41.871679687500006, 0.42011718750000004, 22.919726562500003, 0.18671875000000002])
array('d', [-41.544921875, -0.046679687500000004, 21.799414062500002, -0.18671875000000002])
array('d', [-41.544921875, -0.046679687500000004, 21.799414062500002, 0.56015625])
array('d', [-41.871679687500006, 0.1400390625, 22.219531250000003, 0.56015625])
array('d', [-41.871679687500006, -0.09335937500000001, 22.6396484375, -0.56015625])
array('d', [-41.4515625, -0.7468750000000001, 21.986132812500003, -0.18671875000000002])
array('d', [-40.7513671875, 0.37343750000000003, 23.1064453125, -0.2333984375])
array('d', [-40.7513671875, -0.466796875, 23.1064453125, -0.2333984375])
array('d', [-42.291796875, -0.466796875, 23.1064453125, -0.2333984375])
array('d', [-43.0853515625, 0.56015625, 20.6791015625, 0.18671875000000002])
array('d', [-42.291796875, -0.280078125, 21.099218750000002, -0.93359375])
array('d', [-42.7119140625, 0.7935546875, 22.219531250000003, 1.30703125])
array('d', [-42.7119140625, -0.2333984375, 20.865820312500002, -0.18671875000000002])
array('d', [-41.871679687500006, -0.2333984375, 20.865820312500002, -0.18671875000000002])
array('d', [-41.544921875, 0.7935546875, 21.379296875, -0.18671875000000002])
array('d', [-41.544921875, 0.7935546875, 21.379296875, -0.18671875000000002])
array('d', [-41.544921875, 0.7935546875, 21.379296875, -0.18671875000000002])
array('d', [-40.8447265625, -1.1203125, 21.566015625000002, 0.18671875000000002])
array('d', [-40.8447265625, -0.466796875, 21.566015625000002, -0.56015625])
array('d', [-42.9453125, -0.466796875, 21.566015625000002, -0.56015625])
array('d', [-42.9453125, -0.466796875, 21.566015625000002, -0.56015625])
array('d', [-42.9453125, -0.466796875, 21.566015625000002, -0.56015625])
array('d', [-41.171484375000006, -0.466796875, 21.099218750000002, 0.6068359375])
array('d', [-41.2181640625, 0.1400390625, 21.099218750000002, 0.6068359375])
array('d', [-40.424609375, -3.080859375, 23.1064453125, -0.1400390625])
array('d', [-40.9380859375, -0.280078125, 22.873046875, -0.6068359375])
array('d', [-41.965039062500004, -0.046679687500000004, 22.6396484375, -0.56015625])
array('d', [-41.965039062500004, -0.046679687500000004, 22.6396484375, 0.18671875000000002])
array('d', [-41.544921875, -0.09335937500000001, 21.986132812500003, 0.18671875000000002])
array('d', [-42.291796875, 0.9802734375000001, 21.986132812500003, -0.56015625])
array('d', [-42.291796875, 0.9802734375000001, 21.799414062500002, 0.18671875000000002])
array('d', [-41.3115234375, 0.7935546875, 21.799414062500002, 0.18671875000000002])
array('d', [-41.3115234375, 0.7935546875, 21.799414062500002, 0.18671875000000002])
array('d', [-41.3115234375, 0.7935546875, 21.799414062500002, 0.18671875000000002])
array('d', [-41.3115234375, 0.7935546875, 21.799414062500002, 0.18671875000000002])
array('d', [-41.3115234375, -0.280078125, 23.1064453125, -0.18671875000000002])
array('d', [-41.965039062500004, 0.37343750000000003, 23.1064453125, -0.18671875000000002])
array('d', [-40.8447265625, -0.8869140625, 22.873046875, 0.18671875000000002])
array('d', [-40.8447265625, -0.280078125, 20.6791015625, 0.93359375])
array('d', [-42.1517578125, -0.280078125, 20.6791015625, 1.30703125])
array('d', [-39.3509765625, -0.7468750000000001, 23.2931640625, 1.30703125])
array('d', [-40.424609375, 0.37343750000000003, 21.379296875, -0.18671875000000002])
array('d', [-41.965039062500004, 0.1400390625, 21.799414062500002, -0.18671875000000002])
array('d', [-41.965039062500004, 0.1400390625, 21.799414062500002, -0.18671875000000002])
array('d', [-41.965039062500004, 0.1400390625, 21.799414062500002, -0.18671875000000002])
array('d', [-41.965039062500004, 0.1400390625, 21.799414062500002, -0.18671875000000002])
array('d', [-42.291796875, 0.7935546875, 22.6396484375, 1.30703125])
array('d', [-42.291796875, -1.30703125, 23.1064453125, -0.18671875000000002])
array('d', [-41.2181640625, -1.30703125, 23.1064453125, -0.18671875000000002])
array('d', [-41.871679687500006, 0.1400390625, 21.099218750000002, 0.18671875000000002])
array('d', [-42.291796875, 0.37343750000000003, 21.379296875, -0.93359375])
array('d', [-42.291796875, 0.37343750000000003, 22.873046875, -0.18671875000000002])
array('d', [-41.2181640625, 0.56015625, 22.873046875, -0.18671875000000002])
array('d', [-41.871679687500006, -0.8869140625, 21.986132812500003, -0.1400390625])
array('d', [-41.871679687500006, -0.280078125, 22.452929687500003, 0.93359375])
array('d', [-41.871679687500006, -0.280078125, 22.873046875, 0.56015625])
array('d', [-41.871679687500006, -0.280078125, 22.873046875, 0.56015625])
array('d', [-41.871679687500006, -0.280078125, 22.873046875, 0.56015625])
array('d', [-41.871679687500006, -0.280078125, 22.873046875, 0.56015625])
array('d', [-41.171484375000006, -0.466796875, 21.799414062500002, -0.1400390625])
array('d', [-41.544921875, -0.466796875, 21.799414062500002, -0.1400390625])
array('d', [-42.571875000000006, -1.1203125, 21.379296875, -0.18671875000000002])
array('d', [-41.4515625, -0.7468750000000001, 21.379296875, -0.18671875000000002])
array('d', [-41.4515625, -0.7468750000000001, 22.452929687500003, -0.56015625])
array('d', [-42.1517578125, -0.466796875, 21.986132812500003, 0.18671875000000002])
array('d', [-41.871679687500006, -0.046679687500000004, 21.986132812500003, -0.56015625])
array('d', [-40.9380859375, 0.7935546875, 21.799414062500002, -0.18671875000000002])
array('d', [-42.9453125, 0.1400390625, 21.799414062500002, 0.18671875000000002])
array('d', [-41.171484375000006, -0.466796875, 21.799414062500002, 0.56015625])
array('d', [-41.171484375000006, 1.213671875, 23.1064453125, 0.18671875000000002])
array('d', [-42.7119140625, 1.213671875, 23.1064453125, 0.18671875000000002])
array('d', [-40.0044921875, 0.7935546875, 22.6396484375, 0.18671875000000002])
array('d', [-40.8447265625, -0.466796875, 21.799414062500002, 0.56015625])
array('d', [-41.871679687500006, -0.09335937500000001, 22.6396484375, -0.93359375])
array('d', [-41.871679687500006, -0.09335937500000001, 21.799414062500002, 0.6068359375])
array('d', [-42.291796875, -0.046679687500000004, 21.799414062500002, 0.6068359375])
array('d', [-42.291796875, 0.9802734375000001, 21.379296875, 0.93359375])
array('d', [-41.2181640625, 0.7935546875, 23.1064453125, -0.56015625])
array('d', [-41.2181640625, 0.7935546875, 21.566015625000002, -0.18671875000000002])
array('d', [-42.571875000000006, 0.1400390625, 21.566015625000002, -0.18671875000000002])
array('d', [-41.965039062500004, 1.213671875, 22.219531250000003, -0.56015625])
array('d', [-41.2181640625, 0.1400390625, 22.6396484375, -0.56015625])
array('d', [-41.2181640625, 0.1400390625, 22.6396484375, -0.56015625])
array('d', [-41.2181640625, 0.1400390625, 22.6396484375, -0.56015625])
array('d', [-41.078125, 0.9802734375000001, 22.452929687500003, 0.18671875000000002])
array('d', [-41.871679687500006, -0.046679687500000004, 22.452929687500003, 0.18671875000000002])
array('d', [-41.871679687500006, -0.280078125, 22.452929687500003, 0.18671875000000002])
array('d', [-41.871679687500006, -0.280078125, 22.452929687500003, 0.18671875000000002])
array('d', [-41.871679687500006, -0.280078125, 22.452929687500003, 0.18671875000000002])
array('d', [-42.338476562500006, 1.213671875, 22.873046875, 0.18671875000000002])
array('d', [-40.8447265625, 0.42011718750000004, 23.993359375, -0.56015625])
array('d', [-40.8447265625, 0.42011718750000004, 21.566015625000002, -0.56015625])
array('d', [-42.571875000000006, -0.8869140625, 21.566015625000002, -0.56015625])
array('d', [-42.1517578125, -0.466796875, 23.5265625, -0.1400390625])
array('d', [-42.1517578125, -0.466796875, 23.2931640625, -0.93359375])
array('d', [-42.1517578125, -0.466796875, 23.2931640625, -0.93359375])
array('d', [-40.8447265625, -1.1203125, 21.986132812500003, 0.18671875000000002])
array('d', [-42.291796875, 0.56015625, 21.986132812500003, 0.18671875000000002])
array('d', [-40.8447265625, 0.7935546875, 22.6396484375, 0.18671875000000002])
array('d', [-40.8447265625, 0.9802734375000001, 21.986132812500003, -0.18671875000000002])
array('d', [-42.338476562500006, 0.9802734375000001, 21.986132812500003, -0.18671875000000002])
array('d', [-42.291796875, 0.56015625, 21.519335937500003, -0.1400390625])
array('d', [-41.2181640625, 0.9802734375000001, 22.219531250000003, -0.2333984375])
array('d', [-41.2181640625, 0.9802734375000001, 22.452929687500003, -0.56015625])
array('d', [-41.544921875, -0.09335937500000001, 22.452929687500003, -0.56015625])
array('d', [-42.571875000000006, -0.280078125, 23.153125000000003, -0.56015625])
array('d', [-42.571875000000006, -0.280078125, 23.153125000000003, -0.1400390625])
array('d', [-41.965039062500004, -0.046679687500000004, 22.452929687500003, -0.1400390625])
array('d', [-42.571875000000006, -0.280078125, 22.032812500000002, 0.56015625])
array('d', [-41.871679687500006, 0.1400390625, 22.219531250000003, -0.56015625])
array('d', [-41.871679687500006, 0.1400390625, 22.219531250000003, -0.56015625])
array('d', [-42.571875000000006, -0.466796875, 23.33984375, 0.18671875000000002])
array('d', [-42.571875000000006, -0.7001953125, 22.219531250000003, 0.18671875000000002])
array('d', [-42.9453125, -0.7001953125, 23.1064453125, 1.30703125])
array('d', [-41.171484375000006, -0.5134765625000001, 23.1064453125, 1.30703125])
array('d', [-43.0853515625, 1.213671875, 22.219531250000003, 0.18671875000000002])
array('d', [-42.805273437500006, 1.4470703125000002, 20.865820312500002, 0.18671875000000002])
array('d', [-42.805273437500006, 1.4470703125000002, 21.799414062500002, -0.93359375])
array('d', [-40.8447265625, 0.1400390625, 21.799414062500002, -0.93359375])
array('d', [-41.544921875, 0.56015625, 22.6396484375, -1.6804687500000002])
array('d', [-42.291796875, 0.56015625, 21.986132812500003, 0.2333984375])
array('d', [-42.291796875, 0.56015625, 21.986132812500003, 0.18671875000000002])
array('d', [-41.871679687500006, -0.7001953125, 21.566015625000002, 0.18671875000000002])
array('d', [-41.965039062500004, 0.56015625, 22.219531250000003, -0.18671875000000002])
array('d', [-41.965039062500004, -0.466796875, 22.873046875, -0.56015625])
array('d', [-40.4712890625, 0.1400390625, 22.6396484375, 0.18671875000000002])
array('d', [-40.4712890625, 0.1400390625, 21.986132812500003, -0.18671875000000002])
array('d', [-42.291796875, 0.1400390625, 21.986132812500003, -0.18671875000000002])
array('d', [-41.544921875, -0.7001953125, 22.219531250000003, -0.56015625])
array('d', [-42.805273437500006, 0.9802734375000001, 23.7599609375, 0.56015625])
array('d', [-42.805273437500006, 0.9802734375000001, 21.986132812500003, -0.1400390625])
array('d', [-42.1517578125, 0.56015625, 21.986132812500003, -0.1400390625])
array('d', [-42.338476562500006, -0.8869140625, 21.986132812500003, -0.2333984375])
array('d', [-42.338476562500006, -0.8869140625, 21.986132812500003, 0.18671875000000002])
array('d', [-41.2181640625, -0.8869140625, 21.986132812500003, 0.18671875000000002])
array('d', [-41.544921875, 0.9802734375000001, 21.379296875, -0.18671875000000002])
array('d', [-40.564648437500004, -1.5404296875, 22.219531250000003, 0.18671875000000002])
array('d', [-40.564648437500004, -1.5404296875, 22.219531250000003, 0.93359375])
array('d', [-41.871679687500006, -0.09335937500000001, 23.33984375, 0.93359375])
array('d', [-41.871679687500006, -0.09335937500000001, 23.33984375, 0.93359375])
array('d', [-42.338476562500006, 0.1400390625, 21.379296875, -0.2333984375])
array('d', [-42.898632812500004, -0.046679687500000004, 21.099218750000002, 1.30703125])
array('d', [-43.6921875, -0.466796875, 23.5265625, -0.93359375])
array('d', [-43.6921875, -0.466796875, 23.5265625, -0.93359375])
array('d', [-41.965039062500004, 0.7935546875, 22.452929687500003, -0.56015625])
array('d', [-41.871679687500006, 0.56015625, 22.6396484375, 0.93359375])
array('d', [-41.871679687500006, 0.56015625, 22.219531250000003, 0.56015625])
array('d', [-41.7783203125, -0.046679687500000004, 22.219531250000003, 0.56015625])
array('d', [-42.9453125, 0.56015625, 22.219531250000003, 0.18671875000000002])
array('d', [-41.171484375000006, -0.466796875, 22.219531250000003, 0.18671875000000002])
array('d', [-41.171484375000006, -0.466796875, 22.219531250000003, 0.18671875000000002])
array('d', [-41.171484375000006, -0.466796875, 22.219531250000003, 0.18671875000000002])
array('d', [-41.171484375000006, 0.56015625, 21.519335937500003, -0.56015625])
array('d', [-40.424609375, -1.30703125, 22.219531250000003, 0.56015625])
array('d', [-40.424609375, -1.30703125, 22.219531250000003, -1.30703125])
array('d', [-40.8447265625, -0.2333984375, 21.986132812500003, -1.30703125])
array('d', [-41.3115234375, 0.37343750000000003, 21.799414062500002, -0.93359375])
array('d', [-41.3115234375, 0.37343750000000003, 21.799414062500002, -0.56015625])
array('d', [-41.2181640625, 0.56015625, 21.986132812500003, -0.56015625])
array('d', [-41.2181640625, 0.56015625, 21.986132812500003, -0.56015625])
array('d', [-41.2181640625, 0.56015625, 21.986132812500003, -0.56015625])
array('d', [-41.2181640625, 0.56015625, 21.986132812500003, -0.56015625])
array('d', [-40.8447265625, -0.046679687500000004, 22.873046875, 0.56015625])
array('d', [-41.544921875, -0.09335937500000001, 22.219531250000003, 0.18671875000000002])
array('d', [-41.871679687500006, 0.7935546875, 22.873046875, 0.18671875000000002])
array('d', [-41.871679687500006, 0.7935546875, 22.873046875, 0.18671875000000002])
array('d', [-40.7513671875, -0.280078125, 24.366796875000002, 0.56015625])
array('d', [-40.7513671875, -0.280078125, 22.6396484375, -0.56015625])
array('d', [-41.965039062500004, 0.56015625, 21.379296875, -0.18671875000000002])
array('d', [-41.7783203125, 0.56015625, 21.566015625000002, 0.93359375])
array('d', [-42.291796875, 0.1400390625, 22.219531250000003, 0.18671875000000002])
array('d', [-42.291796875, 1.4470703125000002, 22.6396484375, -0.56015625])
array('d', [-42.9453125, 1.4470703125000002, 22.6396484375, -0.56015625])
array('d', [-42.805273437500006, -0.7468750000000001, 21.099218750000002, -0.56015625])
array('d', [-40.7513671875, 0.1400390625, 23.1064453125, 0.18671875000000002])
array('d', [-40.7513671875, 0.1400390625, 22.6396484375, -0.18671875000000002])
array('d', [-41.871679687500006, -0.8869140625, 22.6396484375, -0.18671875000000002])
array('d', [-41.871679687500006, 0.7935546875, 21.519335937500003, 0.18671875000000002])
array('d', [-41.4515625, -1.30703125, 21.519335937500003, -0.93359375])
array('d', [-42.338476562500006, -1.30703125, 21.519335937500003, -0.93359375])
array('d', [-42.7119140625, 0.37343750000000003, 21.519335937500003, -0.18671875000000002])
array('d', [-41.7783203125, 1.400390625, 21.566015625000002, 0.2333984375])
array('d', [-41.7783203125, 1.400390625, 21.566015625000002, -0.93359375])
array('d', [-40.424609375, -0.046679687500000004, 21.566015625000002, -0.93359375])
array('d', [-41.731640625000004, 0.7935546875, 22.873046875, -0.93359375])
array('d', [-41.731640625000004, 0.7935546875, 22.873046875, -0.93359375])
array('d', [-41.731640625000004, 0.7935546875, 22.873046875, -0.93359375])
array('d', [-41.731640625000004, 0.1400390625, 21.099218750000002, -0.18671875000000002])
array('d', [-40.331250000000004, 0.1400390625, 21.099218750000002, -0.18671875000000002])
array('d', [-41.544921875, -0.466796875, 23.1064453125, 0.18671875000000002])
array('d', [-41.171484375000006, -0.466796875, 23.1064453125, 0.18671875000000002])
array('d', [-41.171484375000006, -0.466796875, 23.1064453125, 0.18671875000000002])
array('d', [-41.171484375000006, -0.466796875, 23.1064453125, 0.18671875000000002])
array('d', [-41.171484375000006, -0.046679687500000004, 22.219531250000003, 0.18671875000000002])
array('d', [-42.291796875, 0.56015625, 22.219531250000003, 1.6804687500000002])
array('d', [-42.291796875, -0.466796875, 21.986132812500003, 0.56015625])
array('d', [-42.291796875, -0.466796875, 21.986132812500003, 0.56015625])
array('d', [-42.291796875, -0.466796875, 21.986132812500003, 0.56015625])
array('d', [-41.965039062500004, -0.280078125, 21.799414062500002, -0.93359375])
array('d', [-42.338476562500006, -0.7001953125, 21.379296875, 0.56015625])
array('d', [-42.338476562500006, -0.7001953125, 21.379296875, 0.56015625])
array('d', [-41.871679687500006, -0.280078125, 22.452929687500003, -0.18671875000000002])
array('d', [-41.544921875, 0.1400390625, 22.873046875, 0.56015625])
array('d', [-41.544921875, 0.1400390625, 23.5265625, -4.9947265625])
array('d', [-41.871679687500006, 0.56015625, 23.5265625, -4.9947265625])
array('d', [-42.571875000000006, -0.7468750000000001, 22.452929687500003, -0.56015625])
array('d', [-42.898632812500004, -0.466796875, 22.6396484375, -0.1400390625])
array('d', [-42.898632812500004, -0.466796875, 22.6396484375, -0.18671875000000002])
array('d', [-41.2181640625, -0.280078125, 22.6396484375, -0.18671875000000002])
array('d', [-41.2181640625, -0.280078125, 22.6396484375, -0.18671875000000002])
array('d', [-40.8447265625, -0.466796875, 22.919726562500003, -0.18671875000000002])
array('d', [-40.8447265625, -0.466796875, 22.219531250000003, 1.30703125])
array('d', [-40.8447265625, 0.56015625, 22.219531250000003, 1.30703125])
array('d', [-40.8447265625, 0.56015625, 22.219531250000003, 1.30703125])
array('d', [-40.8447265625, 0.56015625, 22.219531250000003, 1.30703125])
array('d', [-40.8447265625, 0.56015625, 22.219531250000003, 1.30703125])
array('d', [-40.4712890625, 0.1400390625, 21.986132812500003, -0.56015625])
array('d', [-41.544921875, 0.9802734375000001, 21.986132812500003, 0.18671875000000002])
array('d', [-41.638281250000006, 0.1400390625, 22.6396484375, 0.18671875000000002])
array('d', [-41.638281250000006, 0.1400390625, 22.6396484375, 0.18671875000000002])
array('d', [-41.638281250000006, 0.1400390625, 22.6396484375, 0.18671875000000002])
array('d', [-41.638281250000006, 0.1400390625, 22.6396484375, 0.18671875000000002])
array('d', [-41.171484375000006, 0.37343750000000003, 21.566015625000002, -0.18671875000000002])
array('d', [-42.571875000000006, -0.046679687500000004, 22.919726562500003, 1.30703125])
array('d', [-42.571875000000006, -0.046679687500000004, 22.919726562500003, 0.56015625])
array('d', [-39.7244140625, 0.1400390625, 22.452929687500003, 0.56015625])
array('d', [-42.9453125, -0.8869140625, 20.6791015625, -0.18671875000000002])
array('d', [-42.9453125, 0.37343750000000003, 21.799414062500002, -0.18671875000000002])
array('d', [-41.544921875, 0.37343750000000003, 21.799414062500002, -0.18671875000000002])
array('d', [-41.871679687500006, 0.56015625, 22.499609375000002, -0.93359375])
array('d', [-41.965039062500004, -0.09335937500000001, 22.219531250000003, 0.18671875000000002])
array('d', [-41.2181640625, 0.1400390625, 22.452929687500003, -1.30703125])
array('d', [-40.8447265625, -0.280078125, 22.219531250000003, -0.1400390625])
array('d', [-40.8447265625, -0.280078125, 21.986132812500003, -0.1400390625])
array('d', [-41.544921875, -0.466796875, 21.986132812500003, 0.18671875000000002])
array('d', [-41.171484375000006, 0.1400390625, 21.986132812500003, -0.8869140625])
array('d', [-41.171484375000006, -0.046679687500000004, 21.519335937500003, -0.56015625])
array('d', [-42.291796875, -0.046679687500000004, 21.519335937500003, -0.56015625])
array('d', [-42.291796875, -0.046679687500000004, 21.519335937500003, -0.56015625])
array('d', [-41.544921875, 0.7935546875, 22.6396484375, -0.56015625])
array('d', [-41.544921875, 0.37343750000000003, 23.1064453125, 0.6068359375])
array('d', [-40.8447265625, 0.37343750000000003, 23.1064453125, 0.6068359375])
array('d', [-42.1517578125, -0.7001953125, 21.799414062500002, 0.18671875000000002])
array('d', [-42.571875000000006, 0.56015625, 22.219531250000003, -0.1400390625])
array('d', [-42.571875000000006, 0.56015625, 22.219531250000003, 0.93359375])
array('d', [-41.4515625, -0.8869140625, 22.219531250000003, 0.93359375])
array('d', [-42.9453125, 0.37343750000000003, 22.6396484375, 0.18671875000000002])
array('d', [-42.9453125, -0.09335937500000001, 23.5265625, -0.18671875000000002])
array('d', [-42.805273437500006, -0.09335937500000001, 23.5265625, -0.18671875000000002])
array('d', [-42.571875000000006, 0.1400390625, 23.1064453125, -0.56015625])
array('d', [-42.571875000000006, 0.1400390625, 23.1064453125, -0.56015625])
array('d', [-42.571875000000006, 0.1400390625, 23.1064453125, -0.56015625])
array('d', [-41.544921875, -0.046679687500000004, 21.799414062500002, 0.56015625])
array('d', [-41.544921875, -0.046679687500000004, 21.799414062500002, -0.1400390625])
array('d', [-41.544921875, -0.046679687500000004, 22.452929687500003, -0.1400390625])
array('d', [-42.7119140625, 0.9802734375000001, 22.6396484375, 0.56015625])
array('d', [-42.7119140625, -0.466796875, 22.219531250000003, -0.93359375])
array('d', [-42.7119140625, -0.280078125, 22.452929687500003, 1.30703125])
array('d', [-41.4515625, -0.280078125, 22.452929687500003, 1.30703125])
array('d', [-41.4515625, -0.280078125, 22.452929687500003, 1.30703125])
array('d', [-41.4515625, -0.280078125, 22.452929687500003, 1.30703125])
array('d', [-41.638281250000006, 0.9802734375000001, 21.799414062500002, 1.30703125])
array('d', [-42.1517578125, -0.466796875, 21.099218750000002, -0.56015625])
array('d', [-41.544921875, -0.466796875, 22.452929687500003, 0.18671875000000002])
array('d', [-41.544921875, -0.466796875, 22.452929687500003, 0.18671875000000002])
array('d', [-41.544921875, -0.466796875, 22.452929687500003, 0.18671875000000002])
array('d', [-41.544921875, -0.466796875, 22.452929687500003, 0.18671875000000002])
array('d', [-42.571875000000006, -0.09335937500000001, 22.032812500000002, -0.18671875000000002])
array('d', [-42.571875000000006, -0.09335937500000001, 22.032812500000002, -0.1400390625])
array('d', [-41.871679687500006, -0.280078125, 22.452929687500003, -0.1400390625])
array('d', [-42.291796875, 0.8402343750000001, 21.566015625000002, -0.1400390625])
array('d', [-42.291796875, 0.8402343750000001, 21.566015625000002, 2.42734375])
array('d', [-41.965039062500004, -0.466796875, 22.219531250000003, 2.42734375])
array('d', [-41.544921875, -0.466796875, 21.986132812500003, 0.56015625])
array('d', [-41.544921875, -0.466796875, 21.986132812500003, 0.56015625])
array('d', [-41.544921875, -0.466796875, 21.986132812500003, 0.56015625])
array('d', [-41.544921875, -0.466796875, 21.986132812500003, 0.56015625])
array('d', [-40.424609375, 0.7935546875, 21.986132812500003, 0.93359375])
array('d', [-40.424609375, 0.56015625, 22.873046875, 0.93359375])
array('d', [-42.571875000000006, 0.56015625, 22.873046875, 0.93359375])
array('d', [-41.544921875, -0.5134765625000001, 22.873046875, 0.93359375])
array('d', [-41.544921875, -0.5134765625000001, 22.873046875, 0.93359375])
array('d', [-41.544921875, -0.5134765625000001, 22.873046875, 0.93359375])
array('d', [-42.291796875, -0.466796875, 21.986132812500003, 0.18671875000000002])
array('d', [-42.291796875, -0.466796875, 21.986132812500003, 0.18671875000000002])
array('d', [-42.571875000000006, -0.7001953125, 21.519335937500003, 0.18671875000000002])
array('d', [-42.571875000000006, -0.7001953125, 21.519335937500003, 0.18671875000000002])
array('d', [-42.7119140625, 0.56015625, 22.452929687500003, -0.93359375])
array('d', [-41.2181640625, -0.466796875, 23.1064453125, -0.18671875000000002])
array('d', [-41.2181640625, -0.046679687500000004, 22.219531250000003, -0.56015625])
array('d', [-40.0044921875, -0.046679687500000004, 22.219531250000003, -0.56015625])
array('d', [-40.0044921875, -0.046679687500000004, 22.219531250000003, -0.56015625])
array('d', [-40.0044921875, -0.046679687500000004, 22.219531250000003, -0.56015625])
array('d', [-41.544921875, -0.466796875, 21.519335937500003, 0.56015625])
array('d', [-41.171484375000006, -0.046679687500000004, 21.099218750000002, 0.56015625])
array('d', [-41.171484375000006, -0.046679687500000004, 23.5265625, 0.18671875000000002])
array('d', [-41.171484375000006, -0.046679687500000004, 23.5265625, 0.18671875000000002])
array('d', [-41.171484375000006, -0.046679687500000004, 23.5265625, 0.18671875000000002])
array('d', [-41.171484375000006, -0.046679687500000004, 23.5265625, 0.18671875000000002])
array('d', [-41.2181640625, 0.56015625, 23.5265625, -0.56015625])
array('d', [-43.1787109375, 0.56015625, 22.452929687500003, -0.56015625])
array('d', [-40.4712890625, -0.7001953125, 21.799414062500002, -0.1400390625])
array('d', [-40.4712890625, 0.7935546875, 21.799414062500002, -0.1400390625])
array('d', [-41.871679687500006, 0.7935546875, 21.379296875, 0.56015625])
array('d', [-41.171484375000006, 0.1400390625, 22.452929687500003, -0.18671875000000002])
array('d', [-41.171484375000006, 0.1400390625, 21.379296875, 0.56015625])
array('d', [-41.171484375000006, 0.1400390625, 21.379296875, 0.56015625])
array('d', [-41.2181640625, 0.56015625, 21.799414062500002, 0.56015625])
array('d', [-41.2181640625, 0.56015625, 21.799414062500002, 0.56015625])
array('d', [-42.1517578125, 0.37343750000000003, 21.939453125, -0.56015625])
array('d', [-42.291796875, 0.37343750000000003, 21.379296875, -0.56015625])
array('d', [-42.291796875, 0.37343750000000003, 21.379296875, -0.56015625])
array('d', [-42.291796875, 0.37343750000000003, 21.379296875, -0.56015625])
array('d', [-42.291796875, 0.37343750000000003, 21.379296875, -0.56015625])
array('d', [-42.291796875, 0.37343750000000003, 22.219531250000003, 0.18671875000000002])
array('d', [-41.871679687500006, -0.2333984375, 22.219531250000003, 0.18671875000000002])
array('d', [-42.1517578125, 0.9802734375000001, 23.1064453125, 0.18671875000000002])
array('d', [-42.1517578125, 0.9802734375000001, 23.1064453125, 0.18671875000000002])
array('d', [-42.1517578125, 0.9802734375000001, 23.1064453125, 0.18671875000000002])
array('d', [-41.4515625, 0.37343750000000003, 22.452929687500003, 0.93359375])
array('d', [-41.965039062500004, 0.1400390625, 22.6396484375, 0.56015625])
array('d', [-41.965039062500004, 0.1400390625, 22.6396484375, 0.93359375])
array('d', [-40.424609375, -0.280078125, 20.445703125, 0.93359375])
array('d', [-42.291796875, -0.466796875, 22.219531250000003, -0.56015625])
array('d', [-41.871679687500006, 0.1400390625, 22.219531250000003, -0.1400390625])
array('d', [-41.871679687500006, 0.1400390625, 22.452929687500003, 0.18671875000000002])
array('d', [-41.871679687500006, 0.1400390625, 22.452929687500003, 0.18671875000000002])
array('d', [-42.7119140625, -0.466796875, 22.219531250000003, -0.18671875000000002])
array('d', [-40.8447265625, 0.1400390625, 22.219531250000003, 0.56015625])
array('d', [-42.571875000000006, -0.09335937500000001, 22.219531250000003, 0.56015625])
array('d', [-42.571875000000006, -0.09335937500000001, 22.219531250000003, 0.56015625])
array('d', [-42.571875000000006, -0.09335937500000001, 22.219531250000003, 0.56015625])
array('d', [-42.571875000000006, -0.09335937500000001, 22.219531250000003, 0.56015625])
array('d', [-41.871679687500006, 0.56015625, 22.6396484375, -0.6068359375])
array('d', [-42.1517578125, 0.42011718750000004, 22.219531250000003, 0.93359375])
array('d', [-42.1517578125, 0.56015625, 22.873046875, -0.18671875000000002])
array('d', [-42.1517578125, 0.56015625, 22.873046875, -0.18671875000000002])
array('d', [-42.1517578125, 0.56015625, 22.873046875, -0.18671875000000002])
array('d', [-42.1517578125, 0.56015625, 22.873046875, -0.18671875000000002])
array('d', [-42.571875000000006, 0.56015625, 22.873046875, -0.56015625])
array('d', [-42.338476562500006, -0.280078125, 22.6396484375, -0.56015625])
array('d', [-41.871679687500006, 0.37343750000000003, 22.6396484375, -0.1400390625])
array('d', [-41.871679687500006, -0.09335937500000001, 21.519335937500003, -0.1400390625])
array('d', [-41.871679687500006, -0.09335937500000001, 21.519335937500003, -0.1400390625])
array('d', [-42.478515625, -0.09335937500000001, 21.519335937500003, 0.56015625])
array('d', [-42.7119140625, -0.280078125, 21.939453125, -0.56015625])
array('d', [-41.871679687500006, -0.2333984375, 21.939453125, -0.2333984375])
array('d', [-41.871679687500006, -0.2333984375, 21.939453125, -0.2333984375])
array('d', [-42.1517578125, -0.7468750000000001, 20.865820312500002, -0.2333984375])
array('d', [-41.171484375000006, 0.1400390625, 22.6396484375, -0.93359375])
array('d', [-40.7513671875, -0.09335937500000001, 23.5265625, 0.18671875000000002])
array('d', [-40.7513671875, -0.09335937500000001, 23.5265625, 0.56015625])
array('d', [-41.171484375000006, -0.280078125, 22.452929687500003, 0.56015625])
array('d', [-41.544921875, 0.1400390625, 23.5265625, -0.56015625])
array('d', [-41.544921875, 0.1400390625, 23.5265625, 0.56015625])
array('d', [-43.272070312500006, 0.6068359375, 23.1064453125, 0.56015625])
array('d', [-41.544921875, -0.466796875, 21.939453125, -0.56015625])
array('d', [-41.2181640625, -0.2333984375, 21.939453125, 0.18671875000000002])
array('d', [-41.2181640625, -0.2333984375, 21.939453125, 0.18671875000000002])
array('d', [-42.338476562500006, -0.466796875, 22.452929687500003, 0.18671875000000002])
array('d', [-42.291796875, -0.466796875, 22.6396484375, 0.93359375])
array('d', [-40.4712890625, -0.8869140625, 22.6396484375, 0.18671875000000002])
array('d', [-40.4712890625, -0.8869140625, 22.6396484375, -0.93359375])
array('d', [-42.338476562500006, -0.7468750000000001, 22.6396484375, -0.93359375])
array('d', [-41.2181640625, 0.1400390625, 21.519335937500003, -0.56015625])
array('d', [-40.424609375, 0.56015625, 21.986132812500003, 0.56015625])
array('d', [-40.424609375, -0.2333984375, 21.986132812500003, 0.6068359375])
array('d', [-41.3115234375, -0.2333984375, 21.986132812500003, 0.6068359375])
array('d', [-41.871679687500006, -2.1939453125, 21.566015625000002, -0.56015625])
array('d', [-42.291796875, -0.280078125, 21.799414062500002, -0.93359375])
array('d', [-42.291796875, -0.280078125, 22.219531250000003, -0.18671875000000002])
array('d', [-41.871679687500006, 0.37343750000000003, 22.219531250000003, -0.18671875000000002])
array('d', [-41.871679687500006, 0.37343750000000003, 22.219531250000003, -0.18671875000000002])
array('d', [-41.871679687500006, 0.37343750000000003, 22.219531250000003, -0.18671875000000002])
array('d', [-41.871679687500006, 0.37343750000000003, 22.219531250000003, -0.18671875000000002])
array('d', [-41.544921875, -1.9605468750000001, 22.452929687500003, 0.18671875000000002])
array('d', [-41.2181640625, -0.466796875, 21.986132812500003, -1.6804687500000002])
array('d', [-41.171484375000006, 0.37343750000000003, 22.219531250000003, 0.18671875000000002])
array('d', [-41.171484375000006, 0.7935546875, 21.799414062500002, -0.18671875000000002])
array('d', [-41.871679687500006, 0.7935546875, 21.799414062500002, -0.18671875000000002])
array('d', [-42.291796875, -0.466796875, 22.452929687500003, -0.1400390625])
array('d', [-41.4515625, 0.56015625, 20.865820312500002, -0.93359375])
array('d', [-41.544921875, -0.046679687500000004, 22.6396484375, 0.18671875000000002])
array('d', [-42.291796875, 0.9802734375000001, 23.1064453125, -0.93359375])
array('d', [-42.291796875, 0.9802734375000001, 23.1064453125, 0.56015625])
array('d', [-42.291796875, 0.9802734375000001, 23.1064453125, 0.56015625])
array('d', [-42.291796875, 0.9802734375000001, 23.1064453125, 0.56015625])
array('d', [-40.8447265625, 0.1400390625, 20.0255859375, 0.56015625])
array('d', [-41.544921875, -0.046679687500000004, 22.873046875, -0.18671875000000002])
array('d', [-42.9453125, -0.466796875, 23.2931640625, 0.18671875000000002])
array('d', [-42.9453125, 0.42011718750000004, 22.219531250000003, 0.93359375])
array('d', [-41.638281250000006, 0.42011718750000004, 22.219531250000003, 0.93359375])
array('d', [-40.9380859375, -0.280078125, 22.452929687500003, -0.1400390625])
array('d', [-43.0853515625, -0.8869140625, 21.986132812500003, -0.18671875000000002])
array('d', [-43.0853515625, -0.8869140625, 21.986132812500003, -0.2333984375])
array('d', [-41.2181640625, -1.1203125, 21.752734375000003, 0.93359375])
array('d', [-41.2181640625, -1.1203125, 21.939453125, -0.1400390625])
array('d', [-41.2181640625, -1.1203125, 21.939453125, -0.1400390625])
array('d', [-40.7513671875, 0.42011718750000004, 21.939453125, -0.1400390625])
array('d', [-41.965039062500004, -0.09335937500000001, 23.900000000000002, 0.18671875000000002])
array('d', [-42.1517578125, -0.046679687500000004, 22.219531250000003, -0.1400390625])
array('d', [-42.1517578125, -0.046679687500000004, 22.219531250000003, -0.1400390625])
array('d', [-42.1517578125, -0.046679687500000004, 22.219531250000003, -0.1400390625])
array('d', [-42.1517578125, -0.046679687500000004, 22.219531250000003, -0.1400390625])
array('d', [-42.1517578125, -0.046679687500000004, 22.219531250000003, -0.1400390625])
array('d', [-41.871679687500006, -0.466796875, 23.1064453125, 0.18671875000000002])
array('d', [-41.638281250000006, 0.1400390625, 21.752734375000003, -0.18671875000000002])
array('d', [-42.1517578125, 0.42011718750000004, 21.752734375000003, -0.18671875000000002])
array('d', [-42.1517578125, 0.42011718750000004, 21.752734375000003, -0.18671875000000002])
array('d', [-42.1517578125, 0.42011718750000004, 21.939453125, 0.18671875000000002])
array('d', [-41.7783203125, 0.7935546875, 21.939453125, 0.18671875000000002])
array('d', [-43.0853515625, -0.046679687500000004, 21.799414062500002, -0.56015625])
array('d', [-43.0853515625, -0.046679687500000004, 21.799414062500002, -0.56015625])
array('d', [-43.0853515625, -0.046679687500000004, 21.799414062500002, -0.56015625])
array('d', [-42.478515625, -0.046679687500000004, 21.986132812500003, 0.18671875000000002])
array('d', [-42.1517578125, -1.30703125, 23.2931640625, -2.0539062500000003])
array('d', [-42.1517578125, -1.30703125, 23.2931640625, -0.18671875000000002])
array('d', [-42.291796875, 0.1400390625, 21.986132812500003, -0.18671875000000002])
array('d', [-41.2181640625, 0.1400390625, 22.40625, -0.56015625])
array('d', [-42.291796875, 0.9802734375000001, 22.6396484375, -0.93359375])
array('d', [-42.291796875, 0.9802734375000001, 22.6396484375, 0.56015625])
array('d', [-42.1517578125, 0.8402343750000001, 22.219531250000003, 0.56015625])
array('d', [-41.871679687500006, 0.56015625, 22.6396484375, 0.18671875000000002])
array('d', [-42.571875000000006, -0.09335937500000001, 22.6396484375, 0.93359375])
array('d', [-42.571875000000006, -0.09335937500000001, 22.452929687500003, 0.93359375])
array('d', [-41.871679687500006, 0.1400390625, 22.219531250000003, -0.18671875000000002])
array('d', [-42.291796875, 0.1400390625, 22.219531250000003, -0.18671875000000002])
array('d', [-42.291796875, 0.1400390625, 22.219531250000003, -0.18671875000000002])
array('d', [-42.291796875, 0.1400390625, 22.219531250000003, -0.18671875000000002])
array('d', [-41.4515625, 1.213671875, 22.452929687500003, 1.30703125])
array('d', [-41.544921875, -0.7001953125, 22.6396484375, 1.30703125])
array('d', [-41.965039062500004, -0.466796875, 22.452929687500003, -0.8869140625])
array('d', [-41.965039062500004, -0.466796875, 22.452929687500003, -0.8869140625])
array('d', [-41.965039062500004, -0.466796875, 22.452929687500003, -0.8869140625])
array('d', [-41.965039062500004, -0.466796875, 22.452929687500003, -0.8869140625])
array('d', [-41.871679687500006, -0.046679687500000004, 22.6396484375, -0.93359375])
array('d', [-41.871679687500006, 0.42011718750000004, 21.939453125, -0.1400390625])
array('d', [-40.8447265625, 0.42011718750000004, 21.939453125, -0.1400390625])
array('d', [-41.871679687500006, 0.1400390625, 21.939453125, -0.1400390625])
array('d', [-41.871679687500006, 0.1400390625, 21.939453125, -0.1400390625])
array('d', [-41.7783203125, 0.9802734375000001, 22.452929687500003, -0.56015625])
array('d', [-41.7783203125, 0.9802734375000001, 22.452929687500003, -0.2333984375])
array('d', [-41.544921875, 0.9802734375000001, 21.986132812500003, -0.2333984375])
array('d', [-42.9453125, -0.09335937500000001, 21.986132812500003, 0.18671875000000002])
array('d', [-42.9453125, 0.1400390625, 21.939453125, -0.18671875000000002])
array('d', [-40.1912109375, 0.1400390625, 21.939453125, -0.18671875000000002])
array('d', [-41.965039062500004, 0.37343750000000003, 21.519335937500003, 0.18671875000000002])
array('d', [-42.805273437500006, -0.046679687500000004, 21.752734375000003, 0.18671875000000002])
array('d', [-42.805273437500006, -0.046679687500000004, 21.986132812500003, -0.93359375])
array('d', [-41.4515625, 1.213671875, 21.986132812500003, -0.93359375])
array('d', [-41.4515625, 1.213671875, 21.986132812500003, -0.93359375])
array('d', [-41.2181640625, -0.09335937500000001, 21.519335937500003, -0.8869140625])
array('d', [-40.8447265625, 0.56015625, 22.40625, -0.93359375])
array('d', [-41.965039062500004, 0.1400390625, 21.799414062500002, 0.93359375])
array('d', [-41.965039062500004, 0.1400390625, 22.219531250000003, 0.6068359375])
array('d', [-41.4515625, 0.8402343750000001, 22.219531250000003, 0.6068359375])
array('d', [-41.871679687500006, -0.09335937500000001, 22.219531250000003, 0.93359375])
array('d', [-41.871679687500006, -0.09335937500000001, 22.219531250000003, 0.93359375])
array('d', [-42.291796875, -0.280078125, 22.40625, 0.6068359375])
array('d', [-41.871679687500006, -0.046679687500000004, 22.452929687500003, -0.93359375])
array('d', [-41.871679687500006, -0.280078125, 21.379296875, 1.30703125])
array('d', [-41.871679687500006, -0.280078125, 21.379296875, 1.30703125])
array('d', [-43.365429687500004, 0.37343750000000003, 21.099218750000002, 0.56015625])
array('d', [-41.171484375000006, -0.046679687500000004, 22.219531250000003, -0.1400390625])
array('d', [-41.171484375000006, -0.046679687500000004, 22.219531250000003, -0.56015625])
array('d', [-42.1517578125, -0.7001953125, 22.219531250000003, -0.56015625])
array('d', [-41.171484375000006, -0.466796875, 21.939453125, -0.93359375])
array('d', [-41.171484375000006, -0.7001953125, 22.873046875, -0.56015625])
array('d', [-42.291796875, -0.7001953125, 22.873046875, -0.56015625])
array('d', [-41.4515625, -0.046679687500000004, 23.1064453125, -0.56015625])
array('d', [-41.871679687500006, -0.280078125, 22.873046875, -0.56015625])
array('d', [-41.871679687500006, 0.56015625, 21.986132812500003, -0.56015625])
array('d', [-41.871679687500006, 0.56015625, 21.986132812500003, -0.56015625])
array('d', [-41.2181640625, 0.1400390625, 22.873046875, 0.6068359375])
array('d', [-41.3115234375, 0.42011718750000004, 22.452929687500003, 0.18671875000000002])
array('d', [-41.171484375000006, 1.587109375, 22.219531250000003, -1.30703125])
array('d', [-41.171484375000006, 1.587109375, 22.219531250000003, -0.93359375])
array('d', [-40.9380859375, -0.8869140625, 21.519335937500003, -0.93359375])
array('d', [-41.544921875, -0.8869140625, 23.666601562500002, -1.30703125])
